connection,kind,members,length_mm,diameter_mm,x_mm,y_mm,z_mm,dx,dy,dz,status
clip_single_top_left_1_beam_1,screw,clip_single_top_left_1 + base_rail_top,38.1,6.35,-1138.8572600000002,1412.164178666573,2154.983252820196,0.0,0.6427876096865427,0.7660444431189752,"Simpson SDS25112, separately purchased; manufacturer nominal underhead/head geometry; simplified unthreaded shaft; no pilot instruction or capacity assignment"
clip_single_top_left_1_beam_2,screw,clip_single_top_left_1 + base_rail_top,38.1,6.35,-1145.2072600000001,1441.350471949406,2130.4930448911387,0.0,0.6427876096865427,0.7660444431189752,"Simpson SDS25112, separately purchased; manufacturer nominal underhead/head geometry; simplified unthreaded shaft; no pilot instruction or capacity assignment"
clip_single_top_left_1_beam_3,screw,clip_single_top_left_1 + base_rail_top,38.1,6.35,-1138.8572600000002,1470.536765232239,2106.0028369620813,0.0,0.6427876096865427,0.7660444431189752,"Simpson SDS25112, separately purchased; manufacturer nominal underhead/head geometry; simplified unthreaded shaft; no pilot instruction or capacity assignment"
clip_single_top_left_1_upright_1,screw,clip_single_top_left_1 + base_side_left,38.1,6.35,-1178.5447600000002,1390.7352467286478,2129.445246197717,-1.0,-0.0,-0.0,"Simpson SDS25112, separately purchased; manufacturer nominal underhead/head geometry; simplified unthreaded shaft; no pilot instruction or capacity assignment"
clip_single_top_left_1_upright_2,screw,clip_single_top_left_1 + base_side_left,38.1,6.35,-1178.5447600000002,1415.8398386899714,2100.0906560548547,-1.0,-0.0,-0.0,"Simpson SDS25112, separately purchased; manufacturer nominal underhead/head geometry; simplified unthreaded shaft; no pilot instruction or capacity assignment"
clip_single_top_left_1_upright_3,screw,clip_single_top_left_1 + base_side_left,38.1,6.35,-1178.5447600000002,1449.1078332943139,2080.4648303396025,-1.0,-0.0,-0.0,"Simpson SDS25112, separately purchased; manufacturer nominal underhead/head geometry; simplified unthreaded shaft; no pilot instruction or capacity assignment"
clip_single_top_right_2_beam_1,screw,clip_single_top_right_2 + base_rail_top,38.1,6.35,1138.8572600000002,1470.536765232239,2106.0028369620813,0.0,0.6427876096865427,0.7660444431189752,"Simpson SDS25112, separately purchased; manufacturer nominal underhead/head geometry; simplified unthreaded shaft; no pilot instruction or capacity assignment"
clip_single_top_right_2_beam_2,screw,clip_single_top_right_2 + base_rail_top,38.1,6.35,1145.2072600000001,1441.350471949406,2130.4930448911387,0.0,0.6427876096865427,0.7660444431189752,"Simpson SDS25112, separately purchased; manufacturer nominal underhead/head geometry; simplified unthreaded shaft; no pilot instruction or capacity assignment"
clip_single_top_right_2_beam_3,screw,clip_single_top_right_2 + base_rail_top,38.1,6.35,1138.8572600000002,1412.164178666573,2154.983252820196,0.0,0.6427876096865427,0.7660444431189752,"Simpson SDS25112, separately purchased; manufacturer nominal underhead/head geometry; simplified unthreaded shaft; no pilot instruction or capacity assignment"
clip_single_top_right_2_upright_1,screw,clip_single_top_right_2 + base_side_right,38.1,6.35,1178.5447600000002,1449.1078332943139,2080.4648303396025,1.0,-0.0,-0.0,"Simpson SDS25112, separately purchased; manufacturer nominal underhead/head geometry; simplified unthreaded shaft; no pilot instruction or capacity assignment"
clip_single_top_right_2_upright_2,screw,clip_single_top_right_2 + base_side_right,38.1,6.35,1178.5447600000002,1415.8398386899714,2100.0906560548547,1.0,-0.0,-0.0,"Simpson SDS25112, separately purchased; manufacturer nominal underhead/head geometry; simplified unthreaded shaft; no pilot instruction or capacity assignment"
clip_single_top_right_2_upright_3,screw,clip_single_top_right_2 + base_side_right,38.1,6.35,1178.5447600000002,1390.7352467286478,2129.445246197717,1.0,-0.0,-0.0,"Simpson SDS25112, separately purchased; manufacturer nominal underhead/head geometry; simplified unthreaded shaft; no pilot instruction or capacity assignment"
clip_timber_header_outer_left_beam_1,screw,clip_timber_header_outer_left + base_header,38.1,6.35,-1138.8572600000002,-143.95,184.34476,-0.0,-0.0,1.0,"Simpson SDS25112, separately purchased; manufacturer nominal underhead/head geometry; simplified unthreaded shaft; no pilot instruction or capacity assignment"
clip_timber_header_outer_left_beam_2,screw,clip_timber_header_outer_left + base_header,38.1,6.35,-1145.2072600000001,-105.85,184.34476,-0.0,-0.0,1.0,"Simpson SDS25112, separately purchased; manufacturer nominal underhead/head geometry; simplified unthreaded shaft; no pilot instruction or capacity assignment"
clip_timber_header_outer_left_beam_3,screw,clip_timber_header_outer_left + base_header,38.1,6.35,-1138.8572600000002,-67.75,184.34476,-0.0,-0.0,1.0,"Simpson SDS25112, separately purchased; manufacturer nominal underhead/head geometry; simplified unthreaded shaft; no pilot instruction or capacity assignment"
clip_timber_header_outer_left_upright_1,screw,clip_timber_header_outer_left + base_post_outer_left,38.1,6.35,-1178.5447600000002,-143.95,151.00726,-1.0,-0.0,-0.0,"Simpson SDS25112, separately purchased; manufacturer nominal underhead/head geometry; simplified unthreaded shaft; no pilot instruction or capacity assignment"
clip_timber_header_outer_left_upright_2,screw,clip_timber_header_outer_left + base_post_outer_left,38.1,6.35,-1178.5447600000002,-105.85,144.65726,-1.0,-0.0,-0.0,"Simpson SDS25112, separately purchased; manufacturer nominal underhead/head geometry; simplified unthreaded shaft; no pilot instruction or capacity assignment"
clip_timber_header_outer_left_upright_3,screw,clip_timber_header_outer_left + base_post_outer_left,38.1,6.35,-1178.5447600000002,-67.75,151.00726,-1.0,-0.0,-0.0,"Simpson SDS25112, separately purchased; manufacturer nominal underhead/head geometry; simplified unthreaded shaft; no pilot instruction or capacity assignment"
clip_timber_header_outer_right_beam_1,screw,clip_timber_header_outer_right + base_header,38.1,6.35,1138.8572600000002,-67.75,184.34476,-0.0,-0.0,1.0,"Simpson SDS25112, separately purchased; manufacturer nominal underhead/head geometry; simplified unthreaded shaft; no pilot instruction or capacity assignment"
clip_timber_header_outer_right_beam_2,screw,clip_timber_header_outer_right + base_header,38.1,6.35,1145.2072600000001,-105.85,184.34476,-0.0,-0.0,1.0,"Simpson SDS25112, separately purchased; manufacturer nominal underhead/head geometry; simplified unthreaded shaft; no pilot instruction or capacity assignment"
clip_timber_header_outer_right_beam_3,screw,clip_timber_header_outer_right + base_header,38.1,6.35,1138.8572600000002,-143.95,184.34476,-0.0,-0.0,1.0,"Simpson SDS25112, separately purchased; manufacturer nominal underhead/head geometry; simplified unthreaded shaft; no pilot instruction or capacity assignment"
clip_timber_header_outer_right_upright_1,screw,clip_timber_header_outer_right + base_post_outer_right,38.1,6.35,1178.5447600000002,-67.75,151.00726,1.0,-0.0,-0.0,"Simpson SDS25112, separately purchased; manufacturer nominal underhead/head geometry; simplified unthreaded shaft; no pilot instruction or capacity assignment"
clip_timber_header_outer_right_upright_2,screw,clip_timber_header_outer_right + base_post_outer_right,38.1,6.35,1178.5447600000002,-105.85,144.65726,1.0,-0.0,-0.0,"Simpson SDS25112, separately purchased; manufacturer nominal underhead/head geometry; simplified unthreaded shaft; no pilot instruction or capacity assignment"
clip_timber_header_outer_right_upright_3,screw,clip_timber_header_outer_right + base_post_outer_right,38.1,6.35,1178.5447600000002,-143.95,151.00726,1.0,-0.0,-0.0,"Simpson SDS25112, separately purchased; manufacturer nominal underhead/head geometry; simplified unthreaded shaft; no pilot instruction or capacity assignment"
clip_vertical_bottom_left_1_1_beam_1,screw,clip_vertical_bottom_left_1_1 + base_rail_bottom_left_1,38.1,6.35,-1138.8572600000002,-18.859668758291647,331.00928595686133,-0.0,-0.6427876096865427,-0.7660444431189752,"Simpson SDS25112, separately purchased; manufacturer nominal underhead/head geometry; simplified unthreaded shaft; no pilot instruction or capacity assignment"
clip_vertical_bottom_left_1_1_beam_2,screw,clip_vertical_bottom_left_1_1 + base_rail_bottom_left_1,38.1,6.35,-1145.2072600000001,-48.045962041124604,355.4994938859186,-0.0,-0.6427876096865427,-0.7660444431189752,"Simpson SDS25112, separately purchased; manufacturer nominal underhead/head geometry; simplified unthreaded shaft; no pilot instruction or capacity assignment"
clip_vertical_bottom_left_1_1_beam_3,screw,clip_vertical_bottom_left_1_1 + base_rail_bottom_left_1,38.1,6.35,-1138.8572600000002,-77.23225532395756,379.98970181497583,-0.0,-0.6427876096865427,-0.7660444431189752,"Simpson SDS25112, separately purchased; manufacturer nominal underhead/head geometry; simplified unthreaded shaft; no pilot instruction or capacity assignment"
clip_vertical_bottom_left_1_1_upright_1,screw,clip_vertical_bottom_left_1_1 + base_side_left,38.1,6.35,-1178.5447600000002,2.56926317963347,356.5472925793402,-1.0,-0.0,-0.0,"Simpson SDS25112, separately purchased; manufacturer nominal underhead/head geometry; simplified unthreaded shaft; no pilot instruction or capacity assignment"
clip_vertical_bottom_left_1_1_upright_2,screw,clip_vertical_bottom_left_1_1 + base_side_left,38.1,6.35,-1178.5447600000002,-22.535328781689945,385.9018827222029,-1.0,-0.0,-0.0,"Simpson SDS25112, separately purchased; manufacturer nominal underhead/head geometry; simplified unthreaded shaft; no pilot instruction or capacity assignment"
clip_vertical_bottom_left_1_1_upright_3,screw,clip_vertical_bottom_left_1_1 + base_side_left,38.1,6.35,-1178.5447600000002,-55.80332338603243,405.5277084374547,-1.0,-0.0,-0.0,"Simpson SDS25112, separately purchased; manufacturer nominal underhead/head geometry; simplified unthreaded shaft; no pilot instruction or capacity assignment"
clip_vertical_bottom_left_1_2_beam_1,screw,clip_vertical_bottom_left_1_2 + base_rail_bottom_left_1,38.1,6.35,-831.29274,-77.23225532395756,379.98970181497583,-0.0,-0.6427876096865427,-0.7660444431189752,"Simpson SDS25112, separately purchased; manufacturer nominal underhead/head geometry; simplified unthreaded shaft; no pilot instruction or capacity assignment"
clip_vertical_bottom_left_1_2_beam_2,screw,clip_vertical_bottom_left_1_2 + base_rail_bottom_left_1,38.1,6.35,-824.94274,-48.045962041124604,355.4994938859186,-0.0,-0.6427876096865427,-0.7660444431189752,"Simpson SDS25112, separately purchased; manufacturer nominal underhead/head geometry; simplified unthreaded shaft; no pilot instruction or capacity assignment"
clip_vertical_bottom_left_1_2_beam_3,screw,clip_vertical_bottom_left_1_2 + base_rail_bottom_left_1,38.1,6.35,-831.29274,-18.859668758291647,331.00928595686133,-0.0,-0.6427876096865427,-0.7660444431189752,"Simpson SDS25112, separately purchased; manufacturer nominal underhead/head geometry; simplified unthreaded shaft; no pilot instruction or capacity assignment"
clip_vertical_bottom_left_1_2_upright_1,screw,clip_vertical_bottom_left_1_2 + base_principal_left_1,38.1,6.35,-791.60524,-55.80332338603243,405.5277084374547,1.0,-0.0,-0.0,"Simpson SDS25112, separately purchased; manufacturer nominal underhead/head geometry; simplified unthreaded shaft; no pilot instruction or capacity assignment"
clip_vertical_bottom_left_1_2_upright_2,screw,clip_vertical_bottom_left_1_2 + base_principal_left_1,38.1,6.35,-791.60524,-22.535328781689945,385.9018827222029,1.0,-0.0,-0.0,"Simpson SDS25112, separately purchased; manufacturer nominal underhead/head geometry; simplified unthreaded shaft; no pilot instruction or capacity assignment"
clip_vertical_bottom_left_1_2_upright_3,screw,clip_vertical_bottom_left_1_2 + base_principal_left_1,38.1,6.35,-791.60524,2.56926317963347,356.5472925793402,1.0,-0.0,-0.0,"Simpson SDS25112, separately purchased; manufacturer nominal underhead/head geometry; simplified unthreaded shaft; no pilot instruction or capacity assignment"
clip_vertical_bottom_left_2_1_beam_1,screw,clip_vertical_bottom_left_2_1 + base_rail_bottom_left_2,38.1,6.35,-708.70726,-105.00741647656557,346.88855372647214,0.0,0.6427876096865427,0.7660444431189752,"Simpson SDS25112, separately purchased; manufacturer nominal underhead/head geometry; simplified unthreaded shaft; no pilot instruction or capacity assignment"
clip_vertical_bottom_left_2_1_beam_2,screw,clip_vertical_bottom_left_2_1 + base_rail_bottom_left_2,38.1,6.35,-715.05726,-75.82112319373262,322.39834579741483,0.0,0.6427876096865427,0.7660444431189752,"Simpson SDS25112, separately purchased; manufacturer nominal underhead/head geometry; simplified unthreaded shaft; no pilot instruction or capacity assignment"
clip_vertical_bottom_left_2_1_beam_3,screw,clip_vertical_bottom_left_2_1 + base_rail_bottom_left_2,38.1,6.35,-708.70726,-46.63482991089967,297.9081378683575,0.0,0.6427876096865427,0.7660444431189752,"Simpson SDS25112, separately purchased; manufacturer nominal underhead/head geometry; simplified unthreaded shaft; no pilot instruction or capacity assignment"
clip_vertical_bottom_left_2_1_upright_1,screw,clip_vertical_bottom_left_2_1 + base_principal_left_1,38.1,6.35,-748.39476,-126.4363484144907,321.3505471039933,-1.0,-0.0,-0.0,"Simpson SDS25112, separately purchased; manufacturer nominal underhead/head geometry; simplified unthreaded shaft; no pilot instruction or capacity assignment"
clip_vertical_bottom_left_2_1_upright_2,screw,clip_vertical_bottom_left_2_1 + base_principal_left_1,38.1,6.35,-748.39476,-101.33175645316729,291.9959569611305,-1.0,-0.0,-0.0,"Simpson SDS25112, separately purchased; manufacturer nominal underhead/head geometry; simplified unthreaded shaft; no pilot instruction or capacity assignment"
clip_vertical_bottom_left_2_1_upright_3,screw,clip_vertical_bottom_left_2_1 + base_principal_left_1,38.1,6.35,-748.39476,-68.06376184882478,272.37013124587867,-1.0,-0.0,-0.0,"Simpson SDS25112, separately purchased; manufacturer nominal underhead/head geometry; simplified unthreaded shaft; no pilot instruction or capacity assignment"
clip_vertical_bottom_left_2_2_beam_1,screw,clip_vertical_bottom_left_2_2 + base_rail_bottom_left_2,38.1,6.35,-431.29274,-77.23225532395756,379.98970181497583,-0.0,-0.6427876096865427,-0.7660444431189752,"Simpson SDS25112, separately purchased; manufacturer nominal underhead/head geometry; simplified unthreaded shaft; no pilot instruction or capacity assignment"
clip_vertical_bottom_left_2_2_beam_2,screw,clip_vertical_bottom_left_2_2 + base_rail_bottom_left_2,38.1,6.35,-424.94274,-48.045962041124604,355.4994938859186,-0.0,-0.6427876096865427,-0.7660444431189752,"Simpson SDS25112, separately purchased; manufacturer nominal underhead/head geometry; simplified unthreaded shaft; no pilot instruction or capacity assignment"
clip_vertical_bottom_left_2_2_beam_3,screw,clip_vertical_bottom_left_2_2 + base_rail_bottom_left_2,38.1,6.35,-431.29274,-18.859668758291647,331.00928595686133,-0.0,-0.6427876096865427,-0.7660444431189752,"Simpson SDS25112, separately purchased; manufacturer nominal underhead/head geometry; simplified unthreaded shaft; no pilot instruction or capacity assignment"
clip_vertical_bottom_left_2_2_upright_1,screw,clip_vertical_bottom_left_2_2 + base_principal_left_2,38.1,6.35,-391.60524000000004,-55.80332338603243,405.5277084374547,1.0,-0.0,-0.0,"Simpson SDS25112, separately purchased; manufacturer nominal underhead/head geometry; simplified unthreaded shaft; no pilot instruction or capacity assignment"
clip_vertical_bottom_left_2_2_upright_2,screw,clip_vertical_bottom_left_2_2 + base_principal_left_2,38.1,6.35,-391.60524000000004,-22.535328781689945,385.9018827222029,1.0,-0.0,-0.0,"Simpson SDS25112, separately purchased; manufacturer nominal underhead/head geometry; simplified unthreaded shaft; no pilot instruction or capacity assignment"
clip_vertical_bottom_left_2_2_upright_3,screw,clip_vertical_bottom_left_2_2 + base_principal_left_2,38.1,6.35,-391.60524000000004,2.56926317963347,356.5472925793402,1.0,-0.0,-0.0,"Simpson SDS25112, separately purchased; manufacturer nominal underhead/head geometry; simplified unthreaded shaft; no pilot instruction or capacity assignment"
clip_vertical_bottom_left_3_1_beam_1,screw,clip_vertical_bottom_left_3_1 + base_rail_bottom_left_3,38.1,6.35,-308.70726,-105.00741647656557,346.88855372647214,0.0,0.6427876096865427,0.7660444431189752,"Simpson SDS25112, separately purchased; manufacturer nominal underhead/head geometry; simplified unthreaded shaft; no pilot instruction or capacity assignment"
clip_vertical_bottom_left_3_1_beam_2,screw,clip_vertical_bottom_left_3_1 + base_rail_bottom_left_3,38.1,6.35,-315.05726,-75.82112319373262,322.39834579741483,0.0,0.6427876096865427,0.7660444431189752,"Simpson SDS25112, separately purchased; manufacturer nominal underhead/head geometry; simplified unthreaded shaft; no pilot instruction or capacity assignment"
clip_vertical_bottom_left_3_1_beam_3,screw,clip_vertical_bottom_left_3_1 + base_rail_bottom_left_3,38.1,6.35,-308.70726,-46.63482991089967,297.9081378683575,0.0,0.6427876096865427,0.7660444431189752,"Simpson SDS25112, separately purchased; manufacturer nominal underhead/head geometry; simplified unthreaded shaft; no pilot instruction or capacity assignment"
clip_vertical_bottom_left_3_1_upright_1,screw,clip_vertical_bottom_left_3_1 + base_principal_left_2,38.1,6.35,-348.39475999999996,-126.4363484144907,321.3505471039933,-1.0,-0.0,-0.0,"Simpson SDS25112, separately purchased; manufacturer nominal underhead/head geometry; simplified unthreaded shaft; no pilot instruction or capacity assignment"
clip_vertical_bottom_left_3_1_upright_2,screw,clip_vertical_bottom_left_3_1 + base_principal_left_2,38.1,6.35,-348.39475999999996,-101.33175645316729,291.9959569611305,-1.0,-0.0,-0.0,"Simpson SDS25112, separately purchased; manufacturer nominal underhead/head geometry; simplified unthreaded shaft; no pilot instruction or capacity assignment"
clip_vertical_bottom_left_3_1_upright_3,screw,clip_vertical_bottom_left_3_1 + base_principal_left_2,38.1,6.35,-348.39475999999996,-68.06376184882478,272.37013124587867,-1.0,-0.0,-0.0,"Simpson SDS25112, separately purchased; manufacturer nominal underhead/head geometry; simplified unthreaded shaft; no pilot instruction or capacity assignment"
clip_vertical_bottom_right_1_2_beam_1,screw,clip_vertical_bottom_right_1_2 + base_rail_bottom_right_1,38.1,6.35,368.70726,-77.23225532395756,379.98970181497583,-0.0,-0.6427876096865427,-0.7660444431189752,"Simpson SDS25112, separately purchased; manufacturer nominal underhead/head geometry; simplified unthreaded shaft; no pilot instruction or capacity assignment"
clip_vertical_bottom_right_1_2_beam_2,screw,clip_vertical_bottom_right_1_2 + base_rail_bottom_right_1,38.1,6.35,375.05726,-48.045962041124604,355.4994938859186,-0.0,-0.6427876096865427,-0.7660444431189752,"Simpson SDS25112, separately purchased; manufacturer nominal underhead/head geometry; simplified unthreaded shaft; no pilot instruction or capacity assignment"
clip_vertical_bottom_right_1_2_beam_3,screw,clip_vertical_bottom_right_1_2 + base_rail_bottom_right_1,38.1,6.35,368.70726,-18.859668758291647,331.00928595686133,-0.0,-0.6427876096865427,-0.7660444431189752,"Simpson SDS25112, separately purchased; manufacturer nominal underhead/head geometry; simplified unthreaded shaft; no pilot instruction or capacity assignment"
clip_vertical_bottom_right_1_2_upright_1,screw,clip_vertical_bottom_right_1_2 + base_principal_right_1,38.1,6.35,408.39475999999996,-55.80332338603243,405.5277084374547,1.0,-0.0,-0.0,"Simpson SDS25112, separately purchased; manufacturer nominal underhead/head geometry; simplified unthreaded shaft; no pilot instruction or capacity assignment"
clip_vertical_bottom_right_1_2_upright_2,screw,clip_vertical_bottom_right_1_2 + base_principal_right_1,38.1,6.35,408.39475999999996,-22.535328781689945,385.9018827222029,1.0,-0.0,-0.0,"Simpson SDS25112, separately purchased; manufacturer nominal underhead/head geometry; simplified unthreaded shaft; no pilot instruction or capacity assignment"
clip_vertical_bottom_right_1_2_upright_3,screw,clip_vertical_bottom_right_1_2 + base_principal_right_1,38.1,6.35,408.39475999999996,2.56926317963347,356.5472925793402,1.0,-0.0,-0.0,"Simpson SDS25112, separately purchased; manufacturer nominal underhead/head geometry; simplified unthreaded shaft; no pilot instruction or capacity assignment"
clip_vertical_bottom_right_2_1_beam_1,screw,clip_vertical_bottom_right_2_1 + base_rail_bottom_right_2,38.1,6.35,491.29274,-105.00741647656557,346.88855372647214,0.0,0.6427876096865427,0.7660444431189752,"Simpson SDS25112, separately purchased; manufacturer nominal underhead/head geometry; simplified unthreaded shaft; no pilot instruction or capacity assignment"
clip_vertical_bottom_right_2_1_beam_2,screw,clip_vertical_bottom_right_2_1 + base_rail_bottom_right_2,38.1,6.35,484.94274,-75.82112319373262,322.39834579741483,0.0,0.6427876096865427,0.7660444431189752,"Simpson SDS25112, separately purchased; manufacturer nominal underhead/head geometry; simplified unthreaded shaft; no pilot instruction or capacity assignment"
clip_vertical_bottom_right_2_1_beam_3,screw,clip_vertical_bottom_right_2_1 + base_rail_bottom_right_2,38.1,6.35,491.29274,-46.63482991089967,297.9081378683575,0.0,0.6427876096865427,0.7660444431189752,"Simpson SDS25112, separately purchased; manufacturer nominal underhead/head geometry; simplified unthreaded shaft; no pilot instruction or capacity assignment"
clip_vertical_bottom_right_2_1_upright_1,screw,clip_vertical_bottom_right_2_1 + base_principal_right_1,38.1,6.35,451.60524000000004,-126.4363484144907,321.3505471039933,-1.0,-0.0,-0.0,"Simpson SDS25112, separately purchased; manufacturer nominal underhead/head geometry; simplified unthreaded shaft; no pilot instruction or capacity assignment"
clip_vertical_bottom_right_2_1_upright_2,screw,clip_vertical_bottom_right_2_1 + base_principal_right_1,38.1,6.35,451.60524000000004,-101.33175645316729,291.9959569611305,-1.0,-0.0,-0.0,"Simpson SDS25112, separately purchased; manufacturer nominal underhead/head geometry; simplified unthreaded shaft; no pilot instruction or capacity assignment"
clip_vertical_bottom_right_2_1_upright_3,screw,clip_vertical_bottom_right_2_1 + base_principal_right_1,38.1,6.35,451.60524000000004,-68.06376184882478,272.37013124587867,-1.0,-0.0,-0.0,"Simpson SDS25112, separately purchased; manufacturer nominal underhead/head geometry; simplified unthreaded shaft; no pilot instruction or capacity assignment"
clip_vertical_bottom_right_2_2_beam_1,screw,clip_vertical_bottom_right_2_2 + base_rail_bottom_right_2,38.1,6.35,768.70726,-77.23225532395756,379.98970181497583,-0.0,-0.6427876096865427,-0.7660444431189752,"Simpson SDS25112, separately purchased; manufacturer nominal underhead/head geometry; simplified unthreaded shaft; no pilot instruction or capacity assignment"
clip_vertical_bottom_right_2_2_beam_2,screw,clip_vertical_bottom_right_2_2 + base_rail_bottom_right_2,38.1,6.35,775.05726,-48.045962041124604,355.4994938859186,-0.0,-0.6427876096865427,-0.7660444431189752,"Simpson SDS25112, separately purchased; manufacturer nominal underhead/head geometry; simplified unthreaded shaft; no pilot instruction or capacity assignment"
clip_vertical_bottom_right_2_2_beam_3,screw,clip_vertical_bottom_right_2_2 + base_rail_bottom_right_2,38.1,6.35,768.70726,-18.859668758291647,331.00928595686133,-0.0,-0.6427876096865427,-0.7660444431189752,"Simpson SDS25112, separately purchased; manufacturer nominal underhead/head geometry; simplified unthreaded shaft; no pilot instruction or capacity assignment"
clip_vertical_bottom_right_2_2_upright_1,screw,clip_vertical_bottom_right_2_2 + base_principal_right_2,38.1,6.35,808.39476,-55.80332338603243,405.5277084374547,1.0,-0.0,-0.0,"Simpson SDS25112, separately purchased; manufacturer nominal underhead/head geometry; simplified unthreaded shaft; no pilot instruction or capacity assignment"
clip_vertical_bottom_right_2_2_upright_2,screw,clip_vertical_bottom_right_2_2 + base_principal_right_2,38.1,6.35,808.39476,-22.535328781689945,385.9018827222029,1.0,-0.0,-0.0,"Simpson SDS25112, separately purchased; manufacturer nominal underhead/head geometry; simplified unthreaded shaft; no pilot instruction or capacity assignment"
clip_vertical_bottom_right_2_2_upright_3,screw,clip_vertical_bottom_right_2_2 + base_principal_right_2,38.1,6.35,808.39476,2.56926317963347,356.5472925793402,1.0,-0.0,-0.0,"Simpson SDS25112, separately purchased; manufacturer nominal underhead/head geometry; simplified unthreaded shaft; no pilot instruction or capacity assignment"
clip_vertical_bottom_right_3_1_beam_1,screw,clip_vertical_bottom_right_3_1 + base_rail_bottom_right_3,38.1,6.35,891.29274,-105.00741647656557,346.88855372647214,0.0,0.6427876096865427,0.7660444431189752,"Simpson SDS25112, separately purchased; manufacturer nominal underhead/head geometry; simplified unthreaded shaft; no pilot instruction or capacity assignment"
clip_vertical_bottom_right_3_1_beam_2,screw,clip_vertical_bottom_right_3_1 + base_rail_bottom_right_3,38.1,6.35,884.94274,-75.82112319373262,322.39834579741483,0.0,0.6427876096865427,0.7660444431189752,"Simpson SDS25112, separately purchased; manufacturer nominal underhead/head geometry; simplified unthreaded shaft; no pilot instruction or capacity assignment"
clip_vertical_bottom_right_3_1_beam_3,screw,clip_vertical_bottom_right_3_1 + base_rail_bottom_right_3,38.1,6.35,891.29274,-46.63482991089967,297.9081378683575,0.0,0.6427876096865427,0.7660444431189752,"Simpson SDS25112, separately purchased; manufacturer nominal underhead/head geometry; simplified unthreaded shaft; no pilot instruction or capacity assignment"
clip_vertical_bottom_right_3_1_upright_1,screw,clip_vertical_bottom_right_3_1 + base_principal_right_2,38.1,6.35,851.60524,-126.4363484144907,321.3505471039933,-1.0,-0.0,-0.0,"Simpson SDS25112, separately purchased; manufacturer nominal underhead/head geometry; simplified unthreaded shaft; no pilot instruction or capacity assignment"
clip_vertical_bottom_right_3_1_upright_2,screw,clip_vertical_bottom_right_3_1 + base_principal_right_2,38.1,6.35,851.60524,-101.33175645316729,291.9959569611305,-1.0,-0.0,-0.0,"Simpson SDS25112, separately purchased; manufacturer nominal underhead/head geometry; simplified unthreaded shaft; no pilot instruction or capacity assignment"
clip_vertical_bottom_right_3_1_upright_3,screw,clip_vertical_bottom_right_3_1 + base_principal_right_2,38.1,6.35,851.60524,-68.06376184882478,272.37013124587867,-1.0,-0.0,-0.0,"Simpson SDS25112, separately purchased; manufacturer nominal underhead/head geometry; simplified unthreaded shaft; no pilot instruction or capacity assignment"
clip_vertical_bottom_right_3_2_beam_1,screw,clip_vertical_bottom_right_3_2 + base_rail_bottom_right_3,38.1,6.35,1138.8572600000002,-77.23225532395756,379.98970181497583,-0.0,-0.6427876096865427,-0.7660444431189752,"Simpson SDS25112, separately purchased; manufacturer nominal underhead/head geometry; simplified unthreaded shaft; no pilot instruction or capacity assignment"
clip_vertical_bottom_right_3_2_beam_2,screw,clip_vertical_bottom_right_3_2 + base_rail_bottom_right_3,38.1,6.35,1145.2072600000001,-48.045962041124604,355.4994938859186,-0.0,-0.6427876096865427,-0.7660444431189752,"Simpson SDS25112, separately purchased; manufacturer nominal underhead/head geometry; simplified unthreaded shaft; no pilot instruction or capacity assignment"
clip_vertical_bottom_right_3_2_beam_3,screw,clip_vertical_bottom_right_3_2 + base_rail_bottom_right_3,38.1,6.35,1138.8572600000002,-18.859668758291647,331.00928595686133,-0.0,-0.6427876096865427,-0.7660444431189752,"Simpson SDS25112, separately purchased; manufacturer nominal underhead/head geometry; simplified unthreaded shaft; no pilot instruction or capacity assignment"
clip_vertical_bottom_right_3_2_upright_1,screw,clip_vertical_bottom_right_3_2 + base_side_right,38.1,6.35,1178.5447600000002,-55.80332338603243,405.5277084374547,1.0,-0.0,-0.0,"Simpson SDS25112, separately purchased; manufacturer nominal underhead/head geometry; simplified unthreaded shaft; no pilot instruction or capacity assignment"
clip_vertical_bottom_right_3_2_upright_2,screw,clip_vertical_bottom_right_3_2 + base_side_right,38.1,6.35,1178.5447600000002,-22.535328781689945,385.9018827222029,1.0,-0.0,-0.0,"Simpson SDS25112, separately purchased; manufacturer nominal underhead/head geometry; simplified unthreaded shaft; no pilot instruction or capacity assignment"
clip_vertical_bottom_right_3_2_upright_3,screw,clip_vertical_bottom_right_3_2 + base_side_right,38.1,6.35,1178.5447600000002,2.56926317963347,356.5472925793402,1.0,-0.0,-0.0,"Simpson SDS25112, separately purchased; manufacturer nominal underhead/head geometry; simplified unthreaded shaft; no pilot instruction or capacity assignment"
clip_vertical_top_left_1_beam_1,screw,clip_vertical_top_left_1 + base_rail_top,38.1,6.35,-708.70726,1412.164178666573,2154.983252820196,0.0,0.6427876096865427,0.7660444431189752,"Simpson SDS25112, separately purchased; manufacturer nominal underhead/head geometry; simplified unthreaded shaft; no pilot instruction or capacity assignment"
clip_vertical_top_left_1_beam_2,screw,clip_vertical_top_left_1 + base_rail_top,38.1,6.35,-715.05726,1441.350471949406,2130.4930448911387,0.0,0.6427876096865427,0.7660444431189752,"Simpson SDS25112, separately purchased; manufacturer nominal underhead/head geometry; simplified unthreaded shaft; no pilot instruction or capacity assignment"
clip_vertical_top_left_1_beam_3,screw,clip_vertical_top_left_1 + base_rail_top,38.1,6.35,-708.70726,1470.536765232239,2106.0028369620813,0.0,0.6427876096865427,0.7660444431189752,"Simpson SDS25112, separately purchased; manufacturer nominal underhead/head geometry; simplified unthreaded shaft; no pilot instruction or capacity assignment"
clip_vertical_top_left_1_upright_1,screw,clip_vertical_top_left_1 + base_principal_left_1,38.1,6.35,-748.39476,1390.7352467286478,2129.445246197717,-1.0,-0.0,-0.0,"Simpson SDS25112, separately purchased; manufacturer nominal underhead/head geometry; simplified unthreaded shaft; no pilot instruction or capacity assignment"
clip_vertical_top_left_1_upright_2,screw,clip_vertical_top_left_1 + base_principal_left_1,38.1,6.35,-748.39476,1415.8398386899714,2100.0906560548547,-1.0,-0.0,-0.0,"Simpson SDS25112, separately purchased; manufacturer nominal underhead/head geometry; simplified unthreaded shaft; no pilot instruction or capacity assignment"
clip_vertical_top_left_1_upright_3,screw,clip_vertical_top_left_1 + base_principal_left_1,38.1,6.35,-748.39476,1449.1078332943139,2080.4648303396025,-1.0,-0.0,-0.0,"Simpson SDS25112, separately purchased; manufacturer nominal underhead/head geometry; simplified unthreaded shaft; no pilot instruction or capacity assignment"
clip_vertical_base_left_1_beam_1,screw,clip_vertical_base_left_1 + base_header,38.1,6.35,-831.29274,-173.1,227.55524,-0.0,-0.0,-1.0,"Simpson SDS25112, separately purchased; manufacturer nominal underhead/head geometry; simplified unthreaded shaft; no pilot instruction or capacity assignment"
clip_vertical_base_left_1_beam_2,screw,clip_vertical_base_left_1 + base_header,38.1,6.35,-824.94274,-135.0,227.55524,-0.0,-0.0,-1.0,"Simpson SDS25112, separately purchased; manufacturer nominal underhead/head geometry; simplified unthreaded shaft; no pilot instruction or capacity assignment"
clip_vertical_base_left_1_beam_3,screw,clip_vertical_base_left_1 + base_header,38.1,6.35,-831.29274,-96.9,227.55524,-0.0,-0.0,-1.0,"Simpson SDS25112, separately purchased; manufacturer nominal underhead/head geometry; simplified unthreaded shaft; no pilot instruction or capacity assignment"
clip_vertical_base_left_1_upright_1,screw,clip_vertical_base_left_1 + base_principal_left_1,38.1,6.35,-791.60524,-173.1,260.89274,1.0,-0.0,-0.0,"Simpson SDS25112, separately purchased; manufacturer nominal underhead/head geometry; simplified unthreaded shaft; no pilot instruction or capacity assignment"
clip_vertical_base_left_1_upright_2,screw,clip_vertical_base_left_1 + base_principal_left_1,38.1,6.35,-791.60524,-135.0,267.24274,1.0,-0.0,-0.0,"Simpson SDS25112, separately purchased; manufacturer nominal underhead/head geometry; simplified unthreaded shaft; no pilot instruction or capacity assignment"
clip_vertical_base_left_1_upright_3,screw,clip_vertical_base_left_1 + base_principal_left_1,38.1,6.35,-791.60524,-96.9,260.89274,1.0,-0.0,-0.0,"Simpson SDS25112, separately purchased; manufacturer nominal underhead/head geometry; simplified unthreaded shaft; no pilot instruction or capacity assignment"
clip_vertical_header_left_1_beam_1,screw,clip_vertical_header_left_1 + base_header,38.1,6.35,-708.70726,-191.575,184.34476,-0.0,-0.0,1.0,"Simpson SDS25112, separately purchased; manufacturer nominal underhead/head geometry; simplified unthreaded shaft; no pilot instruction or capacity assignment"
clip_vertical_header_left_1_beam_2,screw,clip_vertical_header_left_1 + base_header,38.1,6.35,-715.05726,-153.475,184.34476,-0.0,-0.0,1.0,"Simpson SDS25112, separately purchased; manufacturer nominal underhead/head geometry; simplified unthreaded shaft; no pilot instruction or capacity assignment"
clip_vertical_header_left_1_beam_3,screw,clip_vertical_header_left_1 + base_header,38.1,6.35,-708.70726,-115.375,184.34476,-0.0,-0.0,1.0,"Simpson SDS25112, separately purchased; manufacturer nominal underhead/head geometry; simplified unthreaded shaft; no pilot instruction or capacity assignment"
clip_vertical_header_left_1_upright_1,screw,clip_vertical_header_left_1 + base_post_left_1,38.1,6.35,-748.39476,-191.575,151.00726,-1.0,-0.0,-0.0,"Simpson SDS25112, separately purchased; manufacturer nominal underhead/head geometry; simplified unthreaded shaft; no pilot instruction or capacity assignment"
clip_vertical_header_left_1_upright_2,screw,clip_vertical_header_left_1 + base_post_left_1,38.1,6.35,-748.39476,-153.475,144.65726,-1.0,-0.0,-0.0,"Simpson SDS25112, separately purchased; manufacturer nominal underhead/head geometry; simplified unthreaded shaft; no pilot instruction or capacity assignment"
clip_vertical_header_left_1_upright_3,screw,clip_vertical_header_left_1 + base_post_left_1,38.1,6.35,-748.39476,-115.375,151.00726,-1.0,-0.0,-0.0,"Simpson SDS25112, separately purchased; manufacturer nominal underhead/head geometry; simplified unthreaded shaft; no pilot instruction or capacity assignment"
clip_vertical_top_left_2_beam_1,screw,clip_vertical_top_left_2 + base_rail_top,38.1,6.35,-308.70726,1412.164178666573,2154.983252820196,0.0,0.6427876096865427,0.7660444431189752,"Simpson SDS25112, separately purchased; manufacturer nominal underhead/head geometry; simplified unthreaded shaft; no pilot instruction or capacity assignment"
clip_vertical_top_left_2_beam_2,screw,clip_vertical_top_left_2 + base_rail_top,38.1,6.35,-315.05726,1441.350471949406,2130.4930448911387,0.0,0.6427876096865427,0.7660444431189752,"Simpson SDS25112, separately purchased; manufacturer nominal underhead/head geometry; simplified unthreaded shaft; no pilot instruction or capacity assignment"
clip_vertical_top_left_2_beam_3,screw,clip_vertical_top_left_2 + base_rail_top,38.1,6.35,-308.70726,1470.536765232239,2106.0028369620813,0.0,0.6427876096865427,0.7660444431189752,"Simpson SDS25112, separately purchased; manufacturer nominal underhead/head geometry; simplified unthreaded shaft; no pilot instruction or capacity assignment"
clip_vertical_top_left_2_upright_1,screw,clip_vertical_top_left_2 + base_principal_left_2,38.1,6.35,-348.39475999999996,1390.7352467286478,2129.445246197717,-1.0,-0.0,-0.0,"Simpson SDS25112, separately purchased; manufacturer nominal underhead/head geometry; simplified unthreaded shaft; no pilot instruction or capacity assignment"
clip_vertical_top_left_2_upright_2,screw,clip_vertical_top_left_2 + base_principal_left_2,38.1,6.35,-348.39475999999996,1415.8398386899714,2100.0906560548547,-1.0,-0.0,-0.0,"Simpson SDS25112, separately purchased; manufacturer nominal underhead/head geometry; simplified unthreaded shaft; no pilot instruction or capacity assignment"
clip_vertical_top_left_2_upright_3,screw,clip_vertical_top_left_2 + base_principal_left_2,38.1,6.35,-348.39475999999996,1449.1078332943139,2080.4648303396025,-1.0,-0.0,-0.0,"Simpson SDS25112, separately purchased; manufacturer nominal underhead/head geometry; simplified unthreaded shaft; no pilot instruction or capacity assignment"
clip_vertical_base_left_2_beam_1,screw,clip_vertical_base_left_2 + base_header,38.1,6.35,-431.29274,-173.1,227.55524,-0.0,-0.0,-1.0,"Simpson SDS25112, separately purchased; manufacturer nominal underhead/head geometry; simplified unthreaded shaft; no pilot instruction or capacity assignment"
clip_vertical_base_left_2_beam_2,screw,clip_vertical_base_left_2 + base_header,38.1,6.35,-424.94274,-135.0,227.55524,-0.0,-0.0,-1.0,"Simpson SDS25112, separately purchased; manufacturer nominal underhead/head geometry; simplified unthreaded shaft; no pilot instruction or capacity assignment"
clip_vertical_base_left_2_beam_3,screw,clip_vertical_base_left_2 + base_header,38.1,6.35,-431.29274,-96.9,227.55524,-0.0,-0.0,-1.0,"Simpson SDS25112, separately purchased; manufacturer nominal underhead/head geometry; simplified unthreaded shaft; no pilot instruction or capacity assignment"
clip_vertical_base_left_2_upright_1,screw,clip_vertical_base_left_2 + base_principal_left_2,38.1,6.35,-391.60524000000004,-173.1,260.89274,1.0,-0.0,-0.0,"Simpson SDS25112, separately purchased; manufacturer nominal underhead/head geometry; simplified unthreaded shaft; no pilot instruction or capacity assignment"
clip_vertical_base_left_2_upright_2,screw,clip_vertical_base_left_2 + base_principal_left_2,38.1,6.35,-391.60524000000004,-135.0,267.24274,1.0,-0.0,-0.0,"Simpson SDS25112, separately purchased; manufacturer nominal underhead/head geometry; simplified unthreaded shaft; no pilot instruction or capacity assignment"
clip_vertical_base_left_2_upright_3,screw,clip_vertical_base_left_2 + base_principal_left_2,38.1,6.35,-391.60524000000004,-96.9,260.89274,1.0,-0.0,-0.0,"Simpson SDS25112, separately purchased; manufacturer nominal underhead/head geometry; simplified unthreaded shaft; no pilot instruction or capacity assignment"
clip_vertical_header_left_2_beam_1,screw,clip_vertical_header_left_2 + base_header,38.1,6.35,-308.70726,-191.575,184.34476,-0.0,-0.0,1.0,"Simpson SDS25112, separately purchased; manufacturer nominal underhead/head geometry; simplified unthreaded shaft; no pilot instruction or capacity assignment"
clip_vertical_header_left_2_beam_2,screw,clip_vertical_header_left_2 + base_header,38.1,6.35,-315.05726,-153.475,184.34476,-0.0,-0.0,1.0,"Simpson SDS25112, separately purchased; manufacturer nominal underhead/head geometry; simplified unthreaded shaft; no pilot instruction or capacity assignment"
clip_vertical_header_left_2_beam_3,screw,clip_vertical_header_left_2 + base_header,38.1,6.35,-308.70726,-115.375,184.34476,-0.0,-0.0,1.0,"Simpson SDS25112, separately purchased; manufacturer nominal underhead/head geometry; simplified unthreaded shaft; no pilot instruction or capacity assignment"
clip_vertical_header_left_2_upright_1,screw,clip_vertical_header_left_2 + base_post_left_2,38.1,6.35,-348.39475999999996,-191.575,151.00726,-1.0,-0.0,-0.0,"Simpson SDS25112, separately purchased; manufacturer nominal underhead/head geometry; simplified unthreaded shaft; no pilot instruction or capacity assignment"
clip_vertical_header_left_2_upright_2,screw,clip_vertical_header_left_2 + base_post_left_2,38.1,6.35,-348.39475999999996,-153.475,144.65726,-1.0,-0.0,-0.0,"Simpson SDS25112, separately purchased; manufacturer nominal underhead/head geometry; simplified unthreaded shaft; no pilot instruction or capacity assignment"
clip_vertical_header_left_2_upright_3,screw,clip_vertical_header_left_2 + base_post_left_2,38.1,6.35,-348.39475999999996,-115.375,151.00726,-1.0,-0.0,-0.0,"Simpson SDS25112, separately purchased; manufacturer nominal underhead/head geometry; simplified unthreaded shaft; no pilot instruction or capacity assignment"
clip_vertical_top_right_1_beam_1,screw,clip_vertical_top_right_1 + base_rail_top,38.1,6.35,491.29274,1412.164178666573,2154.983252820196,0.0,0.6427876096865427,0.7660444431189752,"Simpson SDS25112, separately purchased; manufacturer nominal underhead/head geometry; simplified unthreaded shaft; no pilot instruction or capacity assignment"
clip_vertical_top_right_1_beam_2,screw,clip_vertical_top_right_1 + base_rail_top,38.1,6.35,484.94274,1441.350471949406,2130.4930448911387,0.0,0.6427876096865427,0.7660444431189752,"Simpson SDS25112, separately purchased; manufacturer nominal underhead/head geometry; simplified unthreaded shaft; no pilot instruction or capacity assignment"
clip_vertical_top_right_1_beam_3,screw,clip_vertical_top_right_1 + base_rail_top,38.1,6.35,491.29274,1470.536765232239,2106.0028369620813,0.0,0.6427876096865427,0.7660444431189752,"Simpson SDS25112, separately purchased; manufacturer nominal underhead/head geometry; simplified unthreaded shaft; no pilot instruction or capacity assignment"
clip_vertical_top_right_1_upright_1,screw,clip_vertical_top_right_1 + base_principal_right_1,38.1,6.35,451.60524000000004,1390.7352467286478,2129.445246197717,-1.0,-0.0,-0.0,"Simpson SDS25112, separately purchased; manufacturer nominal underhead/head geometry; simplified unthreaded shaft; no pilot instruction or capacity assignment"
clip_vertical_top_right_1_upright_2,screw,clip_vertical_top_right_1 + base_principal_right_1,38.1,6.35,451.60524000000004,1415.8398386899714,2100.0906560548547,-1.0,-0.0,-0.0,"Simpson SDS25112, separately purchased; manufacturer nominal underhead/head geometry; simplified unthreaded shaft; no pilot instruction or capacity assignment"
clip_vertical_top_right_1_upright_3,screw,clip_vertical_top_right_1 + base_principal_right_1,38.1,6.35,451.60524000000004,1449.1078332943139,2080.4648303396025,-1.0,-0.0,-0.0,"Simpson SDS25112, separately purchased; manufacturer nominal underhead/head geometry; simplified unthreaded shaft; no pilot instruction or capacity assignment"
clip_vertical_base_right_1_beam_1,screw,clip_vertical_base_right_1 + base_header,38.1,6.35,368.70726,-173.1,227.55524,-0.0,-0.0,-1.0,"Simpson SDS25112, separately purchased; manufacturer nominal underhead/head geometry; simplified unthreaded shaft; no pilot instruction or capacity assignment"
clip_vertical_base_right_1_beam_2,screw,clip_vertical_base_right_1 + base_header,38.1,6.35,375.05726,-135.0,227.55524,-0.0,-0.0,-1.0,"Simpson SDS25112, separately purchased; manufacturer nominal underhead/head geometry; simplified unthreaded shaft; no pilot instruction or capacity assignment"
clip_vertical_base_right_1_beam_3,screw,clip_vertical_base_right_1 + base_header,38.1,6.35,368.70726,-96.9,227.55524,-0.0,-0.0,-1.0,"Simpson SDS25112, separately purchased; manufacturer nominal underhead/head geometry; simplified unthreaded shaft; no pilot instruction or capacity assignment"
clip_vertical_base_right_1_upright_1,screw,clip_vertical_base_right_1 + base_principal_right_1,38.1,6.35,408.39475999999996,-173.1,260.89274,1.0,-0.0,-0.0,"Simpson SDS25112, separately purchased; manufacturer nominal underhead/head geometry; simplified unthreaded shaft; no pilot instruction or capacity assignment"
clip_vertical_base_right_1_upright_2,screw,clip_vertical_base_right_1 + base_principal_right_1,38.1,6.35,408.39475999999996,-135.0,267.24274,1.0,-0.0,-0.0,"Simpson SDS25112, separately purchased; manufacturer nominal underhead/head geometry; simplified unthreaded shaft; no pilot instruction or capacity assignment"
clip_vertical_base_right_1_upright_3,screw,clip_vertical_base_right_1 + base_principal_right_1,38.1,6.35,408.39475999999996,-96.9,260.89274,1.0,-0.0,-0.0,"Simpson SDS25112, separately purchased; manufacturer nominal underhead/head geometry; simplified unthreaded shaft; no pilot instruction or capacity assignment"
clip_vertical_header_right_1_beam_1,screw,clip_vertical_header_right_1 + base_header,38.1,6.35,491.29274,-191.575,184.34476,-0.0,-0.0,1.0,"Simpson SDS25112, separately purchased; manufacturer nominal underhead/head geometry; simplified unthreaded shaft; no pilot instruction or capacity assignment"
clip_vertical_header_right_1_beam_2,screw,clip_vertical_header_right_1 + base_header,38.1,6.35,484.94274,-153.475,184.34476,-0.0,-0.0,1.0,"Simpson SDS25112, separately purchased; manufacturer nominal underhead/head geometry; simplified unthreaded shaft; no pilot instruction or capacity assignment"
clip_vertical_header_right_1_beam_3,screw,clip_vertical_header_right_1 + base_header,38.1,6.35,491.29274,-115.375,184.34476,-0.0,-0.0,1.0,"Simpson SDS25112, separately purchased; manufacturer nominal underhead/head geometry; simplified unthreaded shaft; no pilot instruction or capacity assignment"
clip_vertical_header_right_1_upright_1,screw,clip_vertical_header_right_1 + base_post_right_1,38.1,6.35,451.60524000000004,-191.575,151.00726,-1.0,-0.0,-0.0,"Simpson SDS25112, separately purchased; manufacturer nominal underhead/head geometry; simplified unthreaded shaft; no pilot instruction or capacity assignment"
clip_vertical_header_right_1_upright_2,screw,clip_vertical_header_right_1 + base_post_right_1,38.1,6.35,451.60524000000004,-153.475,144.65726,-1.0,-0.0,-0.0,"Simpson SDS25112, separately purchased; manufacturer nominal underhead/head geometry; simplified unthreaded shaft; no pilot instruction or capacity assignment"
clip_vertical_header_right_1_upright_3,screw,clip_vertical_header_right_1 + base_post_right_1,38.1,6.35,451.60524000000004,-115.375,151.00726,-1.0,-0.0,-0.0,"Simpson SDS25112, separately purchased; manufacturer nominal underhead/head geometry; simplified unthreaded shaft; no pilot instruction or capacity assignment"
clip_vertical_top_right_2_beam_1,screw,clip_vertical_top_right_2 + base_rail_top,38.1,6.35,891.29274,1412.164178666573,2154.983252820196,0.0,0.6427876096865427,0.7660444431189752,"Simpson SDS25112, separately purchased; manufacturer nominal underhead/head geometry; simplified unthreaded shaft; no pilot instruction or capacity assignment"
clip_vertical_top_right_2_beam_2,screw,clip_vertical_top_right_2 + base_rail_top,38.1,6.35,884.94274,1441.350471949406,2130.4930448911387,0.0,0.6427876096865427,0.7660444431189752,"Simpson SDS25112, separately purchased; manufacturer nominal underhead/head geometry; simplified unthreaded shaft; no pilot instruction or capacity assignment"
clip_vertical_top_right_2_beam_3,screw,clip_vertical_top_right_2 + base_rail_top,38.1,6.35,891.29274,1470.536765232239,2106.0028369620813,0.0,0.6427876096865427,0.7660444431189752,"Simpson SDS25112, separately purchased; manufacturer nominal underhead/head geometry; simplified unthreaded shaft; no pilot instruction or capacity assignment"
clip_vertical_top_right_2_upright_1,screw,clip_vertical_top_right_2 + base_principal_right_2,38.1,6.35,851.60524,1390.7352467286478,2129.445246197717,-1.0,-0.0,-0.0,"Simpson SDS25112, separately purchased; manufacturer nominal underhead/head geometry; simplified unthreaded shaft; no pilot instruction or capacity assignment"
clip_vertical_top_right_2_upright_2,screw,clip_vertical_top_right_2 + base_principal_right_2,38.1,6.35,851.60524,1415.8398386899714,2100.0906560548547,-1.0,-0.0,-0.0,"Simpson SDS25112, separately purchased; manufacturer nominal underhead/head geometry; simplified unthreaded shaft; no pilot instruction or capacity assignment"
clip_vertical_top_right_2_upright_3,screw,clip_vertical_top_right_2 + base_principal_right_2,38.1,6.35,851.60524,1449.1078332943139,2080.4648303396025,-1.0,-0.0,-0.0,"Simpson SDS25112, separately purchased; manufacturer nominal underhead/head geometry; simplified unthreaded shaft; no pilot instruction or capacity assignment"
clip_vertical_base_right_2_beam_1,screw,clip_vertical_base_right_2 + base_header,38.1,6.35,768.70726,-173.1,227.55524,-0.0,-0.0,-1.0,"Simpson SDS25112, separately purchased; manufacturer nominal underhead/head geometry; simplified unthreaded shaft; no pilot instruction or capacity assignment"
clip_vertical_base_right_2_beam_2,screw,clip_vertical_base_right_2 + base_header,38.1,6.35,775.05726,-135.0,227.55524,-0.0,-0.0,-1.0,"Simpson SDS25112, separately purchased; manufacturer nominal underhead/head geometry; simplified unthreaded shaft; no pilot instruction or capacity assignment"
clip_vertical_base_right_2_beam_3,screw,clip_vertical_base_right_2 + base_header,38.1,6.35,768.70726,-96.9,227.55524,-0.0,-0.0,-1.0,"Simpson SDS25112, separately purchased; manufacturer nominal underhead/head geometry; simplified unthreaded shaft; no pilot instruction or capacity assignment"
clip_vertical_base_right_2_upright_1,screw,clip_vertical_base_right_2 + base_principal_right_2,38.1,6.35,808.39476,-173.1,260.89274,1.0,-0.0,-0.0,"Simpson SDS25112, separately purchased; manufacturer nominal underhead/head geometry; simplified unthreaded shaft; no pilot instruction or capacity assignment"
clip_vertical_base_right_2_upright_2,screw,clip_vertical_base_right_2 + base_principal_right_2,38.1,6.35,808.39476,-135.0,267.24274,1.0,-0.0,-0.0,"Simpson SDS25112, separately purchased; manufacturer nominal underhead/head geometry; simplified unthreaded shaft; no pilot instruction or capacity assignment"
clip_vertical_base_right_2_upright_3,screw,clip_vertical_base_right_2 + base_principal_right_2,38.1,6.35,808.39476,-96.9,260.89274,1.0,-0.0,-0.0,"Simpson SDS25112, separately purchased; manufacturer nominal underhead/head geometry; simplified unthreaded shaft; no pilot instruction or capacity assignment"
clip_vertical_header_right_2_beam_1,screw,clip_vertical_header_right_2 + base_header,38.1,6.35,891.29274,-191.575,184.34476,-0.0,-0.0,1.0,"Simpson SDS25112, separately purchased; manufacturer nominal underhead/head geometry; simplified unthreaded shaft; no pilot instruction or capacity assignment"
clip_vertical_header_right_2_beam_2,screw,clip_vertical_header_right_2 + base_header,38.1,6.35,884.94274,-153.475,184.34476,-0.0,-0.0,1.0,"Simpson SDS25112, separately purchased; manufacturer nominal underhead/head geometry; simplified unthreaded shaft; no pilot instruction or capacity assignment"
clip_vertical_header_right_2_beam_3,screw,clip_vertical_header_right_2 + base_header,38.1,6.35,891.29274,-115.375,184.34476,-0.0,-0.0,1.0,"Simpson SDS25112, separately purchased; manufacturer nominal underhead/head geometry; simplified unthreaded shaft; no pilot instruction or capacity assignment"
clip_vertical_header_right_2_upright_1,screw,clip_vertical_header_right_2 + base_post_right_2,38.1,6.35,851.60524,-191.575,151.00726,-1.0,-0.0,-0.0,"Simpson SDS25112, separately purchased; manufacturer nominal underhead/head geometry; simplified unthreaded shaft; no pilot instruction or capacity assignment"
clip_vertical_header_right_2_upright_2,screw,clip_vertical_header_right_2 + base_post_right_2,38.1,6.35,851.60524,-153.475,144.65726,-1.0,-0.0,-0.0,"Simpson SDS25112, separately purchased; manufacturer nominal underhead/head geometry; simplified unthreaded shaft; no pilot instruction or capacity assignment"
clip_vertical_header_right_2_upright_3,screw,clip_vertical_header_right_2 + base_post_right_2,38.1,6.35,851.60524,-115.375,151.00726,-1.0,-0.0,-0.0,"Simpson SDS25112, separately purchased; manufacturer nominal underhead/head geometry; simplified unthreaded shaft; no pilot instruction or capacity assignment"
clip_split_top_center_left_beam_1,screw,clip_split_top_center_left + base_rail_top,38.1,6.35,-131.29273999999998,1470.536765232239,2106.0028369620813,0.0,0.6427876096865427,0.7660444431189752,"Simpson SDS25112, separately purchased; manufacturer nominal underhead/head geometry; simplified unthreaded shaft; no pilot instruction or capacity assignment"
clip_split_top_center_left_beam_2,screw,clip_split_top_center_left + base_rail_top,38.1,6.35,-124.94274,1441.350471949406,2130.4930448911387,0.0,0.6427876096865427,0.7660444431189752,"Simpson SDS25112, separately purchased; manufacturer nominal underhead/head geometry; simplified unthreaded shaft; no pilot instruction or capacity assignment"
clip_split_top_center_left_beam_3,screw,clip_split_top_center_left + base_rail_top,38.1,6.35,-131.29273999999998,1412.164178666573,2154.983252820196,0.0,0.6427876096865427,0.7660444431189752,"Simpson SDS25112, separately purchased; manufacturer nominal underhead/head geometry; simplified unthreaded shaft; no pilot instruction or capacity assignment"
clip_split_top_center_left_upright_1,screw,clip_split_top_center_left + base_principal_center_left,38.1,6.35,-91.60524,1449.1078332943139,2080.4648303396025,1.0,-0.0,-0.0,"Simpson SDS25112, separately purchased; manufacturer nominal underhead/head geometry; simplified unthreaded shaft; no pilot instruction or capacity assignment"
clip_split_top_center_left_upright_2,screw,clip_split_top_center_left + base_principal_center_left,38.1,6.35,-91.60524,1415.8398386899714,2100.0906560548547,1.0,-0.0,-0.0,"Simpson SDS25112, separately purchased; manufacturer nominal underhead/head geometry; simplified unthreaded shaft; no pilot instruction or capacity assignment"
clip_split_top_center_left_upright_3,screw,clip_split_top_center_left + base_principal_center_left,38.1,6.35,-91.60524,1390.7352467286478,2129.445246197717,1.0,-0.0,-0.0,"Simpson SDS25112, separately purchased; manufacturer nominal underhead/head geometry; simplified unthreaded shaft; no pilot instruction or capacity assignment"
clip_split_base_center_left_beam_1,screw,clip_split_base_center_left + base_header,38.1,6.35,-131.29273999999998,-173.1,227.55524,-0.0,-0.0,-1.0,"Simpson SDS25112, separately purchased; manufacturer nominal underhead/head geometry; simplified unthreaded shaft; no pilot instruction or capacity assignment"
clip_split_base_center_left_beam_2,screw,clip_split_base_center_left + base_header,38.1,6.35,-124.94274,-135.0,227.55524,-0.0,-0.0,-1.0,"Simpson SDS25112, separately purchased; manufacturer nominal underhead/head geometry; simplified unthreaded shaft; no pilot instruction or capacity assignment"
clip_split_base_center_left_beam_3,screw,clip_split_base_center_left + base_header,38.1,6.35,-131.29273999999998,-96.9,227.55524,-0.0,-0.0,-1.0,"Simpson SDS25112, separately purchased; manufacturer nominal underhead/head geometry; simplified unthreaded shaft; no pilot instruction or capacity assignment"
clip_split_base_center_left_upright_1,screw,clip_split_base_center_left + base_principal_center_left,38.1,6.35,-91.60524,-173.1,260.89274,1.0,-0.0,-0.0,"Simpson SDS25112, separately purchased; manufacturer nominal underhead/head geometry; simplified unthreaded shaft; no pilot instruction or capacity assignment"
clip_split_base_center_left_upright_2,screw,clip_split_base_center_left + base_principal_center_left,38.1,6.35,-91.60524,-135.0,267.24274,1.0,-0.0,-0.0,"Simpson SDS25112, separately purchased; manufacturer nominal underhead/head geometry; simplified unthreaded shaft; no pilot instruction or capacity assignment"
clip_split_base_center_left_upright_3,screw,clip_split_base_center_left + base_principal_center_left,38.1,6.35,-91.60524,-96.9,260.89274,1.0,-0.0,-0.0,"Simpson SDS25112, separately purchased; manufacturer nominal underhead/head geometry; simplified unthreaded shaft; no pilot instruction or capacity assignment"
clip_split_header_center_left_beam_1,screw,clip_split_header_center_left + base_header,38.1,6.35,-131.29273999999998,-115.375,184.34476,-0.0,-0.0,1.0,"Simpson SDS25112, separately purchased; manufacturer nominal underhead/head geometry; simplified unthreaded shaft; no pilot instruction or capacity assignment"
clip_split_header_center_left_beam_2,screw,clip_split_header_center_left + base_header,38.1,6.35,-124.94274,-153.475,184.34476,-0.0,-0.0,1.0,"Simpson SDS25112, separately purchased; manufacturer nominal underhead/head geometry; simplified unthreaded shaft; no pilot instruction or capacity assignment"
clip_split_header_center_left_beam_3,screw,clip_split_header_center_left + base_header,38.1,6.35,-131.29273999999998,-191.575,184.34476,-0.0,-0.0,1.0,"Simpson SDS25112, separately purchased; manufacturer nominal underhead/head geometry; simplified unthreaded shaft; no pilot instruction or capacity assignment"
clip_split_header_center_left_upright_1,screw,clip_split_header_center_left + base_post_center_left,38.1,6.35,-91.60524,-115.375,151.00726,1.0,-0.0,-0.0,"Simpson SDS25112, separately purchased; manufacturer nominal underhead/head geometry; simplified unthreaded shaft; no pilot instruction or capacity assignment"
clip_split_header_center_left_upright_2,screw,clip_split_header_center_left + base_post_center_left,38.1,6.35,-91.60524,-153.475,144.65726,1.0,-0.0,-0.0,"Simpson SDS25112, separately purchased; manufacturer nominal underhead/head geometry; simplified unthreaded shaft; no pilot instruction or capacity assignment"
clip_split_header_center_left_upright_3,screw,clip_split_header_center_left + base_post_center_left,38.1,6.35,-91.60524,-191.575,151.00726,1.0,-0.0,-0.0,"Simpson SDS25112, separately purchased; manufacturer nominal underhead/head geometry; simplified unthreaded shaft; no pilot instruction or capacity assignment"
clip_split_bottom_center_left_beam_1,screw,clip_split_bottom_center_left + base_rail_bottom_left_3,38.1,6.35,-131.29273999999998,-77.23225532395756,379.98970181497583,-0.0,-0.6427876096865427,-0.7660444431189752,"Simpson SDS25112, separately purchased; manufacturer nominal underhead/head geometry; simplified unthreaded shaft; no pilot instruction or capacity assignment"
clip_split_bottom_center_left_beam_2,screw,clip_split_bottom_center_left + base_rail_bottom_left_3,38.1,6.35,-124.94274,-48.045962041124604,355.4994938859186,-0.0,-0.6427876096865427,-0.7660444431189752,"Simpson SDS25112, separately purchased; manufacturer nominal underhead/head geometry; simplified unthreaded shaft; no pilot instruction or capacity assignment"
clip_split_bottom_center_left_beam_3,screw,clip_split_bottom_center_left + base_rail_bottom_left_3,38.1,6.35,-131.29273999999998,-18.859668758291647,331.00928595686133,-0.0,-0.6427876096865427,-0.7660444431189752,"Simpson SDS25112, separately purchased; manufacturer nominal underhead/head geometry; simplified unthreaded shaft; no pilot instruction or capacity assignment"
clip_split_bottom_center_left_upright_1,screw,clip_split_bottom_center_left + base_principal_center_left,38.1,6.35,-91.60524,-55.80332338603243,405.5277084374547,1.0,-0.0,-0.0,"Simpson SDS25112, separately purchased; manufacturer nominal underhead/head geometry; simplified unthreaded shaft; no pilot instruction or capacity assignment"
clip_split_bottom_center_left_upright_2,screw,clip_split_bottom_center_left + base_principal_center_left,38.1,6.35,-91.60524,-22.535328781689945,385.9018827222029,1.0,-0.0,-0.0,"Simpson SDS25112, separately purchased; manufacturer nominal underhead/head geometry; simplified unthreaded shaft; no pilot instruction or capacity assignment"
clip_split_bottom_center_left_upright_3,screw,clip_split_bottom_center_left + base_principal_center_left,38.1,6.35,-91.60524,2.56926317963347,356.5472925793402,1.0,-0.0,-0.0,"Simpson SDS25112, separately purchased; manufacturer nominal underhead/head geometry; simplified unthreaded shaft; no pilot instruction or capacity assignment"
clip_split_top_center_right_beam_1,screw,clip_split_top_center_right + base_rail_top,38.1,6.35,131.29273999999998,1412.164178666573,2154.983252820196,0.0,0.6427876096865427,0.7660444431189752,"Simpson SDS25112, separately purchased; manufacturer nominal underhead/head geometry; simplified unthreaded shaft; no pilot instruction or capacity assignment"
clip_split_top_center_right_beam_2,screw,clip_split_top_center_right + base_rail_top,38.1,6.35,124.94274,1441.350471949406,2130.4930448911387,0.0,0.6427876096865427,0.7660444431189752,"Simpson SDS25112, separately purchased; manufacturer nominal underhead/head geometry; simplified unthreaded shaft; no pilot instruction or capacity assignment"
clip_split_top_center_right_beam_3,screw,clip_split_top_center_right + base_rail_top,38.1,6.35,131.29273999999998,1470.536765232239,2106.0028369620813,0.0,0.6427876096865427,0.7660444431189752,"Simpson SDS25112, separately purchased; manufacturer nominal underhead/head geometry; simplified unthreaded shaft; no pilot instruction or capacity assignment"
clip_split_top_center_right_upright_1,screw,clip_split_top_center_right + base_principal_center_right,38.1,6.35,91.60524,1390.7352467286478,2129.445246197717,-1.0,-0.0,-0.0,"Simpson SDS25112, separately purchased; manufacturer nominal underhead/head geometry; simplified unthreaded shaft; no pilot instruction or capacity assignment"
clip_split_top_center_right_upright_2,screw,clip_split_top_center_right + base_principal_center_right,38.1,6.35,91.60524,1415.8398386899714,2100.0906560548547,-1.0,-0.0,-0.0,"Simpson SDS25112, separately purchased; manufacturer nominal underhead/head geometry; simplified unthreaded shaft; no pilot instruction or capacity assignment"
clip_split_top_center_right_upright_3,screw,clip_split_top_center_right + base_principal_center_right,38.1,6.35,91.60524,1449.1078332943139,2080.4648303396025,-1.0,-0.0,-0.0,"Simpson SDS25112, separately purchased; manufacturer nominal underhead/head geometry; simplified unthreaded shaft; no pilot instruction or capacity assignment"
clip_split_base_center_right_beam_1,screw,clip_split_base_center_right + base_header,38.1,6.35,131.29273999999998,-96.9,227.55524,-0.0,-0.0,-1.0,"Simpson SDS25112, separately purchased; manufacturer nominal underhead/head geometry; simplified unthreaded shaft; no pilot instruction or capacity assignment"
clip_split_base_center_right_beam_2,screw,clip_split_base_center_right + base_header,38.1,6.35,124.94274,-135.0,227.55524,-0.0,-0.0,-1.0,"Simpson SDS25112, separately purchased; manufacturer nominal underhead/head geometry; simplified unthreaded shaft; no pilot instruction or capacity assignment"
clip_split_base_center_right_beam_3,screw,clip_split_base_center_right + base_header,38.1,6.35,131.29273999999998,-173.1,227.55524,-0.0,-0.0,-1.0,"Simpson SDS25112, separately purchased; manufacturer nominal underhead/head geometry; simplified unthreaded shaft; no pilot instruction or capacity assignment"
clip_split_base_center_right_upright_1,screw,clip_split_base_center_right + base_principal_center_right,38.1,6.35,91.60524,-96.9,260.89274,-1.0,-0.0,-0.0,"Simpson SDS25112, separately purchased; manufacturer nominal underhead/head geometry; simplified unthreaded shaft; no pilot instruction or capacity assignment"
clip_split_base_center_right_upright_2,screw,clip_split_base_center_right + base_principal_center_right,38.1,6.35,91.60524,-135.0,267.24274,-1.0,-0.0,-0.0,"Simpson SDS25112, separately purchased; manufacturer nominal underhead/head geometry; simplified unthreaded shaft; no pilot instruction or capacity assignment"
clip_split_base_center_right_upright_3,screw,clip_split_base_center_right + base_principal_center_right,38.1,6.35,91.60524,-173.1,260.89274,-1.0,-0.0,-0.0,"Simpson SDS25112, separately purchased; manufacturer nominal underhead/head geometry; simplified unthreaded shaft; no pilot instruction or capacity assignment"
clip_split_header_center_right_beam_1,screw,clip_split_header_center_right + base_header,38.1,6.35,131.29273999999998,-191.575,184.34476,-0.0,-0.0,1.0,"Simpson SDS25112, separately purchased; manufacturer nominal underhead/head geometry; simplified unthreaded shaft; no pilot instruction or capacity assignment"
clip_split_header_center_right_beam_2,screw,clip_split_header_center_right + base_header,38.1,6.35,124.94274,-153.475,184.34476,-0.0,-0.0,1.0,"Simpson SDS25112, separately purchased; manufacturer nominal underhead/head geometry; simplified unthreaded shaft; no pilot instruction or capacity assignment"
clip_split_header_center_right_beam_3,screw,clip_split_header_center_right + base_header,38.1,6.35,131.29273999999998,-115.375,184.34476,-0.0,-0.0,1.0,"Simpson SDS25112, separately purchased; manufacturer nominal underhead/head geometry; simplified unthreaded shaft; no pilot instruction or capacity assignment"
clip_split_header_center_right_upright_1,screw,clip_split_header_center_right + base_post_center_right,38.1,6.35,91.60524,-191.575,151.00726,-1.0,-0.0,-0.0,"Simpson SDS25112, separately purchased; manufacturer nominal underhead/head geometry; simplified unthreaded shaft; no pilot instruction or capacity assignment"
clip_split_header_center_right_upright_2,screw,clip_split_header_center_right + base_post_center_right,38.1,6.35,91.60524,-153.475,144.65726,-1.0,-0.0,-0.0,"Simpson SDS25112, separately purchased; manufacturer nominal underhead/head geometry; simplified unthreaded shaft; no pilot instruction or capacity assignment"
clip_split_header_center_right_upright_3,screw,clip_split_header_center_right + base_post_center_right,38.1,6.35,91.60524,-115.375,151.00726,-1.0,-0.0,-0.0,"Simpson SDS25112, separately purchased; manufacturer nominal underhead/head geometry; simplified unthreaded shaft; no pilot instruction or capacity assignment"
clip_split_bottom_center_right_beam_1,screw,clip_split_bottom_center_right + base_rail_bottom_right_1,38.1,6.35,131.29273999999998,-18.859668758291647,331.00928595686133,-0.0,-0.6427876096865427,-0.7660444431189752,"Simpson SDS25112, separately purchased; manufacturer nominal underhead/head geometry; simplified unthreaded shaft; no pilot instruction or capacity assignment"
clip_split_bottom_center_right_beam_2,screw,clip_split_bottom_center_right + base_rail_bottom_right_1,38.1,6.35,124.94274,-48.045962041124604,355.4994938859186,-0.0,-0.6427876096865427,-0.7660444431189752,"Simpson SDS25112, separately purchased; manufacturer nominal underhead/head geometry; simplified unthreaded shaft; no pilot instruction or capacity assignment"
clip_split_bottom_center_right_beam_3,screw,clip_split_bottom_center_right + base_rail_bottom_right_1,38.1,6.35,131.29273999999998,-77.23225532395756,379.98970181497583,-0.0,-0.6427876096865427,-0.7660444431189752,"Simpson SDS25112, separately purchased; manufacturer nominal underhead/head geometry; simplified unthreaded shaft; no pilot instruction or capacity assignment"
clip_split_bottom_center_right_upright_1,screw,clip_split_bottom_center_right + base_principal_center_right,38.1,6.35,91.60524,2.56926317963347,356.5472925793402,-1.0,-0.0,-0.0,"Simpson SDS25112, separately purchased; manufacturer nominal underhead/head geometry; simplified unthreaded shaft; no pilot instruction or capacity assignment"
clip_split_bottom_center_right_upright_2,screw,clip_split_bottom_center_right + base_principal_center_right,38.1,6.35,91.60524,-22.535328781689945,385.9018827222029,-1.0,-0.0,-0.0,"Simpson SDS25112, separately purchased; manufacturer nominal underhead/head geometry; simplified unthreaded shaft; no pilot instruction or capacity assignment"
clip_split_bottom_center_right_upright_3,screw,clip_split_bottom_center_right + base_principal_center_right,38.1,6.35,91.60524,-55.80332338603243,405.5277084374547,-1.0,-0.0,-0.0,"Simpson SDS25112, separately purchased; manufacturer nominal underhead/head geometry; simplified unthreaded shaft; no pilot instruction or capacity assignment"
timber_panel_lower_left_1,screw,main_lower_left + base_side_left,50.8,4.1402,-1200.15,20.763555469741696,270.7979522621566,0.0,-0.766044443118978,0.6427876096865393,"SPAX XFT08P-2000 #8 x2 in; nominal geometry; head profile and capacity unqualified; fresh drilling; Six independent single 2x6 interior principals; separated center pair with open service corridor and single 2x10 support posts; retained outer gussets; panel joint overhang, connections, header and stability unqualified; NOT build-ready"
timber_panel_lower_left_2,screw,main_lower_left + base_side_left,50.8,4.1402,-1200.15,727.3156960371856,1112.8340041385372,0.0,-0.766044443118978,0.6427876096865393,"SPAX XFT08P-2000 #8 x2 in; nominal geometry; head profile and capacity unqualified; fresh drilling; Six independent single 2x6 interior principals; separated center pair with open service corridor and single 2x10 support posts; retained outer gussets; panel joint overhang, connections, header and stability unqualified; NOT build-ready"
timber_panel_lower_left_3,screw,main_lower_left + base_principal_center_left,50.8,4.1402,-70.0,13.050104153503213,261.60541894472885,0.0,-0.766044443118978,0.6427876096865393,"SPAX XFT08P-2000 #8 x2 in; nominal geometry; head profile and capacity unqualified; fresh drilling; Six independent single 2x6 interior principals; separated center pair with open service corridor and single 2x10 support posts; retained outer gussets; panel joint overhang, connections, header and stability unqualified; NOT build-ready"
timber_panel_lower_left_4,screw,main_lower_left + base_principal_center_left,50.8,4.1402,-70.0,714.4599438434548,1097.5131152761578,0.0,-0.766044443118978,0.6427876096865393,"SPAX XFT08P-2000 #8 x2 in; nominal geometry; head profile and capacity unqualified; fresh drilling; Six independent single 2x6 interior principals; separated center pair with open service corridor and single 2x10 support posts; retained outer gussets; panel joint overhang, connections, header and stability unqualified; NOT build-ready"
timber_panel_lower_left_5,screw,main_lower_left + base_side_left,50.8,4.1402,-1200.15,243.42518346515874,536.1557473585705,0.0,-0.766044443118978,0.6427876096865393,"SPAX XFT08P-2000 #8 x2 in; nominal geometry; head profile and capacity unqualified; fresh drilling; Six independent single 2x6 interior principals; separated center pair with open service corridor and single 2x10 support posts; retained outer gussets; panel joint overhang, connections, header and stability unqualified; NOT build-ready"
timber_panel_lower_left_6,screw,main_lower_left + base_side_left,50.8,4.1402,-1200.15,504.65406804176826,847.4762090421231,0.0,-0.766044443118978,0.6427876096865393,"SPAX XFT08P-2000 #8 x2 in; nominal geometry; head profile and capacity unqualified; fresh drilling; Six independent single 2x6 interior principals; separated center pair with open service corridor and single 2x10 support posts; retained outer gussets; panel joint overhang, connections, header and stability unqualified; NOT build-ready"
timber_panel_lower_left_7,screw,main_lower_left + base_principal_center_left,50.8,4.1402,-70.0,220.28482951644338,508.57814740628726,0.0,-0.766044443118978,0.6427876096865393,"SPAX XFT08P-2000 #8 x2 in; nominal geometry; head profile and capacity unqualified; fresh drilling; Six independent single 2x6 interior principals; separated center pair with open service corridor and single 2x10 support posts; retained outer gussets; panel joint overhang, connections, header and stability unqualified; NOT build-ready"
timber_panel_lower_left_8,screw,main_lower_left + base_principal_center_left,50.8,4.1402,-70.0,477.6569884349336,815.302342431126,0.0,-0.766044443118978,0.6427876096865393,"SPAX XFT08P-2000 #8 x2 in; nominal geometry; head profile and capacity unqualified; fresh drilling; Six independent single 2x6 interior principals; separated center pair with open service corridor and single 2x10 support posts; retained outer gussets; panel joint overhang, connections, header and stability unqualified; NOT build-ready"
timber_panel_lower_left_9,screw,main_lower_left + base_rail_bottom_left_1,50.8,4.1402,-834.1500000000001,20.152907240539378,270.0702100411935,0.0,-0.766044443118978,0.6427876096865393,"SPAX XFT08P-2000 #8 x2 in; nominal geometry; head profile and capacity unqualified; fresh drilling; Six independent single 2x6 interior principals; separated center pair with open service corridor and single 2x10 support posts; retained outer gussets; panel joint overhang, connections, header and stability unqualified; NOT build-ready"
timber_panel_lower_left_10,screw,main_lower_left + base_rail_bottom_left_2,50.8,4.1402,-448.1500000000001,20.152907240539378,270.0702100411935,0.0,-0.766044443118978,0.6427876096865393,"SPAX XFT08P-2000 #8 x2 in; nominal geometry; head profile and capacity unqualified; fresh drilling; Six independent single 2x6 interior principals; separated center pair with open service corridor and single 2x10 support posts; retained outer gussets; panel joint overhang, connections, header and stability unqualified; NOT build-ready"
timber_panel_lower_right_1,screw,main_lower_right + base_principal_center_right,50.8,4.1402,70.0,33.61930766347247,286.1188411245362,0.0,-0.766044443118978,0.6427876096865393,"SPAX XFT08P-2000 #8 x2 in; nominal geometry; head profile and capacity unqualified; fresh drilling; Six independent single 2x6 interior principals; separated center pair with open service corridor and single 2x10 support posts; retained outer gussets; panel joint overhang, connections, header and stability unqualified; NOT build-ready"
timber_panel_lower_right_2,screw,main_lower_right + base_principal_center_right,50.8,4.1402,70.0,740.1714482309164,1128.154893000917,0.0,-0.766044443118978,0.6427876096865393,"SPAX XFT08P-2000 #8 x2 in; nominal geometry; head profile and capacity unqualified; fresh drilling; Six independent single 2x6 interior principals; separated center pair with open service corridor and single 2x10 support posts; retained outer gussets; panel joint overhang, connections, header and stability unqualified; NOT build-ready"
timber_panel_lower_right_3,screw,main_lower_right + base_side_right,50.8,4.1402,1200.15,20.763555469741696,270.7979522621566,0.0,-0.766044443118978,0.6427876096865393,"SPAX XFT08P-2000 #8 x2 in; nominal geometry; head profile and capacity unqualified; fresh drilling; Six independent single 2x6 interior principals; separated center pair with open service corridor and single 2x10 support posts; retained outer gussets; panel joint overhang, connections, header and stability unqualified; NOT build-ready"
timber_panel_lower_right_4,screw,main_lower_right + base_side_right,50.8,4.1402,1200.15,727.3156960371856,1112.8340041385372,0.0,-0.766044443118978,0.6427876096865393,"SPAX XFT08P-2000 #8 x2 in; nominal geometry; head profile and capacity unqualified; fresh drilling; Six independent single 2x6 interior principals; separated center pair with open service corridor and single 2x10 support posts; retained outer gussets; panel joint overhang, connections, header and stability unqualified; NOT build-ready"
timber_panel_lower_right_5,screw,main_lower_right + base_principal_center_right,50.8,4.1402,70.0,256.2809356588895,551.47663622095,0.0,-0.766044443118978,0.6427876096865393,"SPAX XFT08P-2000 #8 x2 in; nominal geometry; head profile and capacity unqualified; fresh drilling; Six independent single 2x6 interior principals; separated center pair with open service corridor and single 2x10 support posts; retained outer gussets; panel joint overhang, connections, header and stability unqualified; NOT build-ready"
timber_panel_lower_right_6,screw,main_lower_right + base_principal_center_right,50.8,4.1402,70.0,517.5098202354992,862.7970979045027,0.0,-0.766044443118978,0.6427876096865393,"SPAX XFT08P-2000 #8 x2 in; nominal geometry; head profile and capacity unqualified; fresh drilling; Six independent single 2x6 interior principals; separated center pair with open service corridor and single 2x10 support posts; retained outer gussets; panel joint overhang, connections, header and stability unqualified; NOT build-ready"
timber_panel_lower_right_7,screw,main_lower_right + base_side_right,50.8,4.1402,1200.15,243.42518346515874,536.1557473585705,0.0,-0.766044443118978,0.6427876096865393,"SPAX XFT08P-2000 #8 x2 in; nominal geometry; head profile and capacity unqualified; fresh drilling; Six independent single 2x6 interior principals; separated center pair with open service corridor and single 2x10 support posts; retained outer gussets; panel joint overhang, connections, header and stability unqualified; NOT build-ready"
timber_panel_lower_right_8,screw,main_lower_right + base_side_right,50.8,4.1402,1200.15,504.65406804176826,847.4762090421231,0.0,-0.766044443118978,0.6427876096865393,"SPAX XFT08P-2000 #8 x2 in; nominal geometry; head profile and capacity unqualified; fresh drilling; Six independent single 2x6 interior principals; separated center pair with open service corridor and single 2x10 support posts; retained outer gussets; panel joint overhang, connections, header and stability unqualified; NOT build-ready"
timber_panel_lower_right_9,screw,main_lower_right + base_rail_bottom_right_1,50.8,4.1402,365.75000000000006,20.152907240539378,270.0702100411935,0.0,-0.766044443118978,0.6427876096865393,"SPAX XFT08P-2000 #8 x2 in; nominal geometry; head profile and capacity unqualified; fresh drilling; Six independent single 2x6 interior principals; separated center pair with open service corridor and single 2x10 support posts; retained outer gussets; panel joint overhang, connections, header and stability unqualified; NOT build-ready"
timber_panel_lower_right_10,screw,main_lower_right + base_rail_bottom_right_2,50.8,4.1402,766.45,20.152907240539378,270.0702100411935,0.0,-0.766044443118978,0.6427876096865393,"SPAX XFT08P-2000 #8 x2 in; nominal geometry; head profile and capacity unqualified; fresh drilling; Six independent single 2x6 interior principals; separated center pair with open service corridor and single 2x10 support posts; retained outer gussets; panel joint overhang, connections, header and stability unqualified; NOT build-ready"
timber_panel_upper_left_1,screw,main_upper_left + base_side_left,50.8,4.1402,-1200.15,804.4502091995704,1204.7593373128148,0.0,-0.766044443118978,0.6427876096865393,"SPAX XFT08P-2000 #8 x2 in; nominal geometry; head profile and capacity unqualified; fresh drilling; Six independent single 2x6 interior principals; separated center pair with open service corridor and single 2x10 support posts; retained outer gussets; panel joint overhang, connections, header and stability unqualified; NOT build-ready"
timber_panel_upper_left_2,screw,main_upper_left + base_side_left,50.8,4.1402,-1200.15,1485.2908453795526,2016.1536114644362,0.0,-0.766044443118978,0.6427876096865393,"SPAX XFT08P-2000 #8 x2 in; nominal geometry; head profile and capacity unqualified; fresh drilling; Six independent single 2x6 interior principals; separated center pair with open service corridor and single 2x10 support posts; retained outer gussets; panel joint overhang, connections, header and stability unqualified; NOT build-ready"
timber_panel_upper_left_3,screw,main_upper_left + base_principal_center_left,50.8,4.1402,-70.0,791.5944570058397,1189.4384484504353,0.0,-0.766044443118978,0.6427876096865393,"SPAX XFT08P-2000 #8 x2 in; nominal geometry; head profile and capacity unqualified; fresh drilling; Six independent single 2x6 interior principals; separated center pair with open service corridor and single 2x10 support posts; retained outer gussets; panel joint overhang, connections, header and stability unqualified; NOT build-ready"
timber_panel_upper_left_4,screw,main_upper_left + base_principal_center_left,50.8,4.1402,-70.0,1454.4370401145989,1979.3834781947253,0.0,-0.766044443118978,0.6427876096865393,"SPAX XFT08P-2000 #8 x2 in; nominal geometry; head profile and capacity unqualified; fresh drilling; Six independent single 2x6 interior principals; separated center pair with open service corridor and single 2x10 support posts; retained outer gussets; panel joint overhang, connections, header and stability unqualified; NOT build-ready"
timber_panel_upper_left_5,screw,main_upper_left + base_side_left,50.8,4.1402,-1200.15,1027.1118371949874,1470.1171324092286,0.0,-0.766044443118978,0.6427876096865393,"SPAX XFT08P-2000 #8 x2 in; nominal geometry; head profile and capacity unqualified; fresh drilling; Six independent single 2x6 interior principals; separated center pair with open service corridor and single 2x10 support posts; retained outer gussets; panel joint overhang, connections, header and stability unqualified; NOT build-ready"
timber_panel_upper_left_6,screw,main_upper_left + base_side_left,50.8,4.1402,-1200.15,1288.3407217715971,1781.4375940927814,0.0,-0.766044443118978,0.6427876096865393,"SPAX XFT08P-2000 #8 x2 in; nominal geometry; head profile and capacity unqualified; fresh drilling; Six independent single 2x6 interior principals; separated center pair with open service corridor and single 2x10 support posts; retained outer gussets; panel joint overhang, connections, header and stability unqualified; NOT build-ready"
timber_panel_upper_left_7,screw,main_upper_left + base_principal_center_left,50.8,4.1402,-70.0,1004.6142708559585,1443.3055769000644,0.0,-0.766044443118978,0.6427876096865393,"SPAX XFT08P-2000 #8 x2 in; nominal geometry; head profile and capacity unqualified; fresh drilling; Six independent single 2x6 interior principals; separated center pair with open service corridor and single 2x10 support posts; retained outer gussets; panel joint overhang, connections, header and stability unqualified; NOT build-ready"
timber_panel_upper_left_8,screw,main_upper_left + base_principal_center_left,50.8,4.1402,-70.0,1261.9864297744489,1750.0297719249031,0.0,-0.766044443118978,0.6427876096865393,"SPAX XFT08P-2000 #8 x2 in; nominal geometry; head profile and capacity unqualified; fresh drilling; Six independent single 2x6 interior principals; separated center pair with open service corridor and single 2x10 support posts; retained outer gussets; panel joint overhang, connections, header and stability unqualified; NOT build-ready"
timber_panel_upper_left_11,screw,main_upper_left + base_rail_top,50.8,4.1402,-819.1500000000001,1537.324502383678,2078.1649091349173,0.0,-0.766044443118978,0.6427876096865393,"SPAX XFT08P-2000 #8 x2 in; nominal geometry; head profile and capacity unqualified; fresh drilling; Six independent single 2x6 interior principals; separated center pair with open service corridor and single 2x10 support posts; retained outer gussets; panel joint overhang, connections, header and stability unqualified; NOT build-ready"
timber_panel_upper_left_12,screw,main_upper_left + base_rail_top,50.8,4.1402,-438.1500000000001,1537.324502383678,2078.1649091349173,0.0,-0.766044443118978,0.6427876096865393,"SPAX XFT08P-2000 #8 x2 in; nominal geometry; head profile and capacity unqualified; fresh drilling; Six independent single 2x6 interior principals; separated center pair with open service corridor and single 2x10 support posts; retained outer gussets; panel joint overhang, connections, header and stability unqualified; NOT build-ready"
timber_panel_upper_right_1,screw,main_upper_right + base_principal_center_right,50.8,4.1402,70.0,817.3059613933012,1220.0802261751944,0.0,-0.766044443118978,0.6427876096865393,"SPAX XFT08P-2000 #8 x2 in; nominal geometry; head profile and capacity unqualified; fresh drilling; Six independent single 2x6 interior principals; separated center pair with open service corridor and single 2x10 support posts; retained outer gussets; panel joint overhang, connections, header and stability unqualified; NOT build-ready"
timber_panel_upper_right_2,screw,main_upper_right + base_principal_center_right,50.8,4.1402,70.0,1494.9326595248508,2027.644278111221,0.0,-0.766044443118978,0.6427876096865393,"SPAX XFT08P-2000 #8 x2 in; nominal geometry; head profile and capacity unqualified; fresh drilling; Six independent single 2x6 interior principals; separated center pair with open service corridor and single 2x10 support posts; retained outer gussets; panel joint overhang, connections, header and stability unqualified; NOT build-ready"
timber_panel_upper_right_3,screw,main_upper_right + base_side_right,50.8,4.1402,1200.15,804.4502091995704,1204.7593373128148,0.0,-0.766044443118978,0.6427876096865393,"SPAX XFT08P-2000 #8 x2 in; nominal geometry; head profile and capacity unqualified; fresh drilling; Six independent single 2x6 interior principals; separated center pair with open service corridor and single 2x10 support posts; retained outer gussets; panel joint overhang, connections, header and stability unqualified; NOT build-ready"
timber_panel_upper_right_4,screw,main_upper_right + base_side_right,50.8,4.1402,1200.15,1485.2908453795526,2016.1536114644362,0.0,-0.766044443118978,0.6427876096865393,"SPAX XFT08P-2000 #8 x2 in; nominal geometry; head profile and capacity unqualified; fresh drilling; Six independent single 2x6 interior principals; separated center pair with open service corridor and single 2x10 support posts; retained outer gussets; panel joint overhang, connections, header and stability unqualified; NOT build-ready"
timber_panel_upper_right_5,screw,main_upper_right + base_principal_center_right,50.8,4.1402,70.0,1039.9675893887184,1485.438021271608,0.0,-0.766044443118978,0.6427876096865393,"SPAX XFT08P-2000 #8 x2 in; nominal geometry; head profile and capacity unqualified; fresh drilling; Six independent single 2x6 interior principals; separated center pair with open service corridor and single 2x10 support posts; retained outer gussets; panel joint overhang, connections, header and stability unqualified; NOT build-ready"
timber_panel_upper_right_6,screw,main_upper_right + base_principal_center_right,50.8,4.1402,70.0,1301.1964739653276,1796.7584829551608,0.0,-0.766044443118978,0.6427876096865393,"SPAX XFT08P-2000 #8 x2 in; nominal geometry; head profile and capacity unqualified; fresh drilling; Six independent single 2x6 interior principals; separated center pair with open service corridor and single 2x10 support posts; retained outer gussets; panel joint overhang, connections, header and stability unqualified; NOT build-ready"
timber_panel_upper_right_7,screw,main_upper_right + base_side_right,50.8,4.1402,1200.15,1027.1118371949874,1470.1171324092286,0.0,-0.766044443118978,0.6427876096865393,"SPAX XFT08P-2000 #8 x2 in; nominal geometry; head profile and capacity unqualified; fresh drilling; Six independent single 2x6 interior principals; separated center pair with open service corridor and single 2x10 support posts; retained outer gussets; panel joint overhang, connections, header and stability unqualified; NOT build-ready"
timber_panel_upper_right_8,screw,main_upper_right + base_side_right,50.8,4.1402,1200.15,1288.3407217715971,1781.4375940927814,0.0,-0.766044443118978,0.6427876096865393,"SPAX XFT08P-2000 #8 x2 in; nominal geometry; head profile and capacity unqualified; fresh drilling; Six independent single 2x6 interior principals; separated center pair with open service corridor and single 2x10 support posts; retained outer gussets; panel joint overhang, connections, header and stability unqualified; NOT build-ready"
timber_panel_upper_right_11,screw,main_upper_right + base_rail_top,50.8,4.1402,412.75000000000006,1537.324502383678,2078.1649091349173,0.0,-0.766044443118978,0.6427876096865393,"SPAX XFT08P-2000 #8 x2 in; nominal geometry; head profile and capacity unqualified; fresh drilling; Six independent single 2x6 interior principals; separated center pair with open service corridor and single 2x10 support posts; retained outer gussets; panel joint overhang, connections, header and stability unqualified; NOT build-ready"
timber_panel_upper_right_12,screw,main_upper_right + base_rail_top,50.8,4.1402,806.45,1537.324502383678,2078.1649091349173,0.0,-0.766044443118978,0.6427876096865393,"SPAX XFT08P-2000 #8 x2 in; nominal geometry; head profile and capacity unqualified; fresh drilling; Six independent single 2x6 interior principals; separated center pair with open service corridor and single 2x10 support posts; retained outer gussets; panel joint overhang, connections, header and stability unqualified; NOT build-ready"
timber_base_left_1,bolt,base_side_left + timber_base_gusset_left,76.2,9.525,-1179.0680000000002,-112.27647338868297,288.4424665771512,-1.0,0.0,0.0,Conquest-family 3/8-16 x3 in candidate; removable base gusset; joint unqualified; new below-rail rim axes; strength/spacing unqualified; Regular hex head/nut geometry within documented maximum flats/corners; no threads or chamfers modeled; hardware and joint resistance unqualified
timber_base_left_2,bolt,base_side_left + timber_base_gusset_left,76.2,9.525,-1179.0680000000002,-86.56496900122141,319.0842443019103,-1.0,0.0,0.0,Conquest-family 3/8-16 x3 in candidate; removable base gusset; joint unqualified; new below-rail rim axes; strength/spacing unqualified; Regular hex head/nut geometry within documented maximum flats/corners; no threads or chamfers modeled; hardware and joint resistance unqualified
timber_base_left_3,bolt,base_post_outer_left + timber_base_gusset_left,76.2,9.525,-1179.0680000000002,-77.91,100.0,-1.0,0.0,0.0,Conquest-family 3/8-16 x3 in candidate; removable base gusset; joint unqualified; Regular hex head/nut geometry within documented maximum flats/corners; no threads or chamfers modeled; hardware and joint resistance unqualified
timber_base_left_4,bolt,base_post_outer_left + timber_base_gusset_left,76.2,9.525,-1179.0680000000002,-133.79,100.0,-1.0,0.0,0.0,Conquest-family 3/8-16 x3 in candidate; removable base gusset; joint unqualified; Regular hex head/nut geometry within documented maximum flats/corners; no threads or chamfers modeled; hardware and joint resistance unqualified
timber_base_right_1,bolt,base_side_right + timber_base_gusset_right,76.2,9.525,1179.0680000000002,-112.27647338868297,288.4424665771512,1.0,0.0,0.0,Conquest-family 3/8-16 x3 in candidate; removable base gusset; joint unqualified; new below-rail rim axes; strength/spacing unqualified; Regular hex head/nut geometry within documented maximum flats/corners; no threads or chamfers modeled; hardware and joint resistance unqualified
timber_base_right_2,bolt,base_side_right + timber_base_gusset_right,76.2,9.525,1179.0680000000002,-86.56496900122141,319.0842443019103,1.0,0.0,0.0,Conquest-family 3/8-16 x3 in candidate; removable base gusset; joint unqualified; new below-rail rim axes; strength/spacing unqualified; Regular hex head/nut geometry within documented maximum flats/corners; no threads or chamfers modeled; hardware and joint resistance unqualified
timber_base_right_3,bolt,base_post_outer_right + timber_base_gusset_right,76.2,9.525,1179.0680000000002,-77.91,100.0,1.0,0.0,0.0,Conquest-family 3/8-16 x3 in candidate; removable base gusset; joint unqualified; Regular hex head/nut geometry within documented maximum flats/corners; no threads or chamfers modeled; hardware and joint resistance unqualified
timber_base_right_4,bolt,base_post_outer_right + timber_base_gusset_right,76.2,9.525,1179.0680000000002,-133.79,100.0,1.0,0.0,0.0,Conquest-family 3/8-16 x3 in candidate; removable base gusset; joint unqualified; Regular hex head/nut geometry within documented maximum flats/corners; no threads or chamfers modeled; hardware and joint resistance unqualified
timber_kicker_left_0_1,screw,kicker_left + base_post_outer_left,50.8,4.1402,-1200.15,-17.743750000000002,60.0,0.0,-1.0,0.0,"SPAX XFT08P-2000 #8 x2 in; nominal geometry; head profile and capacity unqualified; fresh drilling; Six independent single 2x6 interior principals; separated center pair with open service corridor and single 2x10 support posts; retained outer gussets; panel joint overhang, connections, header and stability unqualified; NOT build-ready"
timber_kicker_left_0_2,screw,kicker_left + base_post_outer_left,50.8,4.1402,-1200.15,-17.743750000000002,140.0,0.0,-1.0,0.0,"SPAX XFT08P-2000 #8 x2 in; nominal geometry; head profile and capacity unqualified; fresh drilling; Six independent single 2x6 interior principals; separated center pair with open service corridor and single 2x10 support posts; retained outer gussets; panel joint overhang, connections, header and stability unqualified; NOT build-ready"
timber_kicker_left_1_1,screw,kicker_left + base_post_center_left,50.8,4.1402,-70.0,-17.743750000000002,50.0,0.0,-1.0,0.0,"SPAX XFT08P-2000 #8 x2 in; nominal geometry; head profile and capacity unqualified; fresh drilling; Six independent single 2x6 interior principals; separated center pair with open service corridor and single 2x10 support posts; retained outer gussets; panel joint overhang, connections, header and stability unqualified; NOT build-ready"
timber_kicker_left_1_2,screw,kicker_left + base_post_center_left,50.8,4.1402,-70.0,-17.743750000000002,130.0,0.0,-1.0,0.0,"SPAX XFT08P-2000 #8 x2 in; nominal geometry; head profile and capacity unqualified; fresh drilling; Six independent single 2x6 interior principals; separated center pair with open service corridor and single 2x10 support posts; retained outer gussets; panel joint overhang, connections, header and stability unqualified; NOT build-ready"
timber_kicker_right_0_1,screw,kicker_right + base_post_center_right,50.8,4.1402,70.0,-17.743750000000002,80.0,0.0,-1.0,0.0,"SPAX XFT08P-2000 #8 x2 in; nominal geometry; head profile and capacity unqualified; fresh drilling; Six independent single 2x6 interior principals; separated center pair with open service corridor and single 2x10 support posts; retained outer gussets; panel joint overhang, connections, header and stability unqualified; NOT build-ready"
timber_kicker_right_0_2,screw,kicker_right + base_post_center_right,50.8,4.1402,70.0,-17.743750000000002,140.0,0.0,-1.0,0.0,"SPAX XFT08P-2000 #8 x2 in; nominal geometry; head profile and capacity unqualified; fresh drilling; Six independent single 2x6 interior principals; separated center pair with open service corridor and single 2x10 support posts; retained outer gussets; panel joint overhang, connections, header and stability unqualified; NOT build-ready"
timber_kicker_right_1_1,screw,kicker_right + base_post_outer_right,50.8,4.1402,1200.15,-17.743750000000002,60.0,0.0,-1.0,0.0,"SPAX XFT08P-2000 #8 x2 in; nominal geometry; head profile and capacity unqualified; fresh drilling; Six independent single 2x6 interior principals; separated center pair with open service corridor and single 2x10 support posts; retained outer gussets; panel joint overhang, connections, header and stability unqualified; NOT build-ready"
timber_kicker_right_1_2,screw,kicker_right + base_post_outer_right,50.8,4.1402,1200.15,-17.743750000000002,140.0,0.0,-1.0,0.0,"SPAX XFT08P-2000 #8 x2 in; nominal geometry; head profile and capacity unqualified; fresh drilling; Six independent single 2x6 interior principals; separated center pair with open service corridor and single 2x10 support posts; retained outer gussets; panel joint overhang, connections, header and stability unqualified; NOT build-ready"
lumber_leg_bolt_left_1,bolt,base_side_left + lumber_leg_left,95.25,9.525,-1179.0680000000002,977.648344820694,1503.5914874204664,-1.0,0.0,0.0,"Spread-group experiment; geometry only, NOT build-ready or strength-qualified; existing 3/8-16 x3.75in dimensional family; NEW 70x50 group, not retrofit drilling; Regular hex head/nut geometry within documented maximum flats/corners; no threads or chamfers modeled; hardware and joint resistance unqualified"
lumber_leg_bolt_left_2,bolt,base_side_left + lumber_leg_left,95.25,9.525,-1179.0680000000002,1009.7877253050211,1541.893709576415,-1.0,0.0,0.0,"Spread-group experiment; geometry only, NOT build-ready or strength-qualified; existing 3/8-16 x3.75in dimensional family; NEW 70x50 group, not retrofit drilling; Regular hex head/nut geometry within documented maximum flats/corners; no threads or chamfers modeled; hardware and joint resistance unqualified"
lumber_leg_bolt_left_3,bolt,base_side_left + lumber_leg_left,95.25,9.525,-1179.0680000000002,959.437322765696,1571.1811218011344,-1.0,0.0,0.0,"Spread-group experiment; geometry only, NOT build-ready or strength-qualified; existing 3/8-16 x3.75in dimensional family; NEW 70x50 group, not retrofit drilling; Regular hex head/nut geometry within documented maximum flats/corners; no threads or chamfers modeled; hardware and joint resistance unqualified"
lumber_leg_bolt_left_4,bolt,base_side_left + lumber_leg_left,95.25,9.525,-1179.0680000000002,991.5767032500231,1609.483343957083,-1.0,0.0,0.0,"Spread-group experiment; geometry only, NOT build-ready or strength-qualified; existing 3/8-16 x3.75in dimensional family; NEW 70x50 group, not retrofit drilling; Regular hex head/nut geometry within documented maximum flats/corners; no threads or chamfers modeled; hardware and joint resistance unqualified"
lumber_leg_bolt_right_1,bolt,base_side_right + lumber_leg_right,95.25,9.525,1179.0680000000002,977.648344820694,1503.5914874204664,1.0,0.0,0.0,"Spread-group experiment; geometry only, NOT build-ready or strength-qualified; existing 3/8-16 x3.75in dimensional family; NEW 70x50 group, not retrofit drilling; Regular hex head/nut geometry within documented maximum flats/corners; no threads or chamfers modeled; hardware and joint resistance unqualified"
lumber_leg_bolt_right_2,bolt,base_side_right + lumber_leg_right,95.25,9.525,1179.0680000000002,1009.7877253050211,1541.893709576415,1.0,0.0,0.0,"Spread-group experiment; geometry only, NOT build-ready or strength-qualified; existing 3/8-16 x3.75in dimensional family; NEW 70x50 group, not retrofit drilling; Regular hex head/nut geometry within documented maximum flats/corners; no threads or chamfers modeled; hardware and joint resistance unqualified"
lumber_leg_bolt_right_3,bolt,base_side_right + lumber_leg_right,95.25,9.525,1179.0680000000002,959.437322765696,1571.1811218011344,1.0,0.0,0.0,"Spread-group experiment; geometry only, NOT build-ready or strength-qualified; existing 3/8-16 x3.75in dimensional family; NEW 70x50 group, not retrofit drilling; Regular hex head/nut geometry within documented maximum flats/corners; no threads or chamfers modeled; hardware and joint resistance unqualified"
lumber_leg_bolt_right_4,bolt,base_side_right + lumber_leg_right,95.25,9.525,1179.0680000000002,991.5767032500231,1609.483343957083,1.0,0.0,0.0,"Spread-group experiment; geometry only, NOT build-ready or strength-qualified; existing 3/8-16 x3.75in dimensional family; NEW 70x50 group, not retrofit drilling; Regular hex head/nut geometry within documented maximum flats/corners; no threads or chamfers modeled; hardware and joint resistance unqualified"
vertical_panel_lower_left_1_1,screw,main_lower_left + base_principal_left_1,50.8,4.1402,-770.0,33.61930766347238,286.11884112453606,0.0,-0.766044443118978,0.6427876096865393,"SPAX XFT08P-2000 #8 x2 in; nominal geometry; head profile and capacity unqualified; fresh drilling; Six independent single 2x6 interior principals; separated center pair with open service corridor and single 2x10 support posts; retained outer gussets; panel joint overhang, connections, header and stability unqualified; NOT build-ready"
vertical_panel_lower_left_1_2,screw,main_lower_left + base_principal_left_1,50.8,4.1402,-770.0,239.31134276316493,531.253062922609,0.0,-0.766044443118978,0.6427876096865393,"SPAX XFT08P-2000 #8 x2 in; nominal geometry; head profile and capacity unqualified; fresh drilling; Six independent single 2x6 interior principals; separated center pair with open service corridor and single 2x10 support posts; retained outer gussets; panel joint overhang, connections, header and stability unqualified; NOT build-ready"
vertical_panel_lower_left_1_3,screw,main_lower_left + base_principal_left_1,50.8,4.1402,-770.0,496.42638663778064,837.6708401702002,0.0,-0.766044443118978,0.6427876096865393,"SPAX XFT08P-2000 #8 x2 in; nominal geometry; head profile and capacity unqualified; fresh drilling; Six independent single 2x6 interior principals; separated center pair with open service corridor and single 2x10 support posts; retained outer gussets; panel joint overhang, connections, header and stability unqualified; NOT build-ready"
vertical_panel_lower_left_1_4,screw,main_lower_left + base_principal_left_1,50.8,4.1402,-770.0,701.6041916497239,1082.1922264137781,0.0,-0.766044443118978,0.6427876096865393,"SPAX XFT08P-2000 #8 x2 in; nominal geometry; head profile and capacity unqualified; fresh drilling; Six independent single 2x6 interior principals; separated center pair with open service corridor and single 2x10 support posts; retained outer gussets; panel joint overhang, connections, header and stability unqualified; NOT build-ready"
vertical_panel_upper_left_1_1,screw,main_upper_left + base_principal_left_1,50.8,4.1402,-770.0,817.305961393301,1220.0802261751942,0.0,-0.766044443118978,0.6427876096865393,"SPAX XFT08P-2000 #8 x2 in; nominal geometry; head profile and capacity unqualified; fresh drilling; Six independent single 2x6 interior principals; separated center pair with open service corridor and single 2x10 support posts; retained outer gussets; panel joint overhang, connections, header and stability unqualified; NOT build-ready"
vertical_panel_upper_left_1_2,screw,main_upper_left + base_principal_left_1,50.8,4.1402,-770.0,1022.9979964929936,1465.2144479732672,0.0,-0.766044443118978,0.6427876096865393,"SPAX XFT08P-2000 #8 x2 in; nominal geometry; head profile and capacity unqualified; fresh drilling; Six independent single 2x6 interior principals; separated center pair with open service corridor and single 2x10 support posts; retained outer gussets; panel joint overhang, connections, header and stability unqualified; NOT build-ready"
vertical_panel_upper_left_1_3,screw,main_upper_left + base_principal_left_1,50.8,4.1402,-770.0,1280.1130403676093,1771.6322252208583,0.0,-0.766044443118978,0.6427876096865393,"SPAX XFT08P-2000 #8 x2 in; nominal geometry; head profile and capacity unqualified; fresh drilling; Six independent single 2x6 interior principals; separated center pair with open service corridor and single 2x10 support posts; retained outer gussets; panel joint overhang, connections, header and stability unqualified; NOT build-ready"
vertical_panel_upper_left_1_4,screw,main_upper_left + base_principal_left_1,50.8,4.1402,-770.0,1485.2908453795526,2016.1536114644362,0.0,-0.766044443118978,0.6427876096865393,"SPAX XFT08P-2000 #8 x2 in; nominal geometry; head profile and capacity unqualified; fresh drilling; Six independent single 2x6 interior principals; separated center pair with open service corridor and single 2x10 support posts; retained outer gussets; panel joint overhang, connections, header and stability unqualified; NOT build-ready"
vertical_panel_lower_left_2_1,screw,main_lower_left + base_principal_left_2,50.8,4.1402,-370.0,33.61930766347238,286.11884112453606,0.0,-0.766044443118978,0.6427876096865393,"SPAX XFT08P-2000 #8 x2 in; nominal geometry; head profile and capacity unqualified; fresh drilling; Six independent single 2x6 interior principals; separated center pair with open service corridor and single 2x10 support posts; retained outer gussets; panel joint overhang, connections, header and stability unqualified; NOT build-ready"
vertical_panel_lower_left_2_2,screw,main_lower_left + base_principal_left_2,50.8,4.1402,-370.0,239.31134276316493,531.253062922609,0.0,-0.766044443118978,0.6427876096865393,"SPAX XFT08P-2000 #8 x2 in; nominal geometry; head profile and capacity unqualified; fresh drilling; Six independent single 2x6 interior principals; separated center pair with open service corridor and single 2x10 support posts; retained outer gussets; panel joint overhang, connections, header and stability unqualified; NOT build-ready"
vertical_panel_lower_left_2_3,screw,main_lower_left + base_principal_left_2,50.8,4.1402,-370.0,496.42638663778064,837.6708401702002,0.0,-0.766044443118978,0.6427876096865393,"SPAX XFT08P-2000 #8 x2 in; nominal geometry; head profile and capacity unqualified; fresh drilling; Six independent single 2x6 interior principals; separated center pair with open service corridor and single 2x10 support posts; retained outer gussets; panel joint overhang, connections, header and stability unqualified; NOT build-ready"
vertical_panel_lower_left_2_4,screw,main_lower_left + base_principal_left_2,50.8,4.1402,-370.0,701.6041916497239,1082.1922264137781,0.0,-0.766044443118978,0.6427876096865393,"SPAX XFT08P-2000 #8 x2 in; nominal geometry; head profile and capacity unqualified; fresh drilling; Six independent single 2x6 interior principals; separated center pair with open service corridor and single 2x10 support posts; retained outer gussets; panel joint overhang, connections, header and stability unqualified; NOT build-ready"
vertical_panel_upper_left_2_1,screw,main_upper_left + base_principal_left_2,50.8,4.1402,-370.0,817.305961393301,1220.0802261751942,0.0,-0.766044443118978,0.6427876096865393,"SPAX XFT08P-2000 #8 x2 in; nominal geometry; head profile and capacity unqualified; fresh drilling; Six independent single 2x6 interior principals; separated center pair with open service corridor and single 2x10 support posts; retained outer gussets; panel joint overhang, connections, header and stability unqualified; NOT build-ready"
vertical_panel_upper_left_2_2,screw,main_upper_left + base_principal_left_2,50.8,4.1402,-370.0,1022.9979964929936,1465.2144479732672,0.0,-0.766044443118978,0.6427876096865393,"SPAX XFT08P-2000 #8 x2 in; nominal geometry; head profile and capacity unqualified; fresh drilling; Six independent single 2x6 interior principals; separated center pair with open service corridor and single 2x10 support posts; retained outer gussets; panel joint overhang, connections, header and stability unqualified; NOT build-ready"
vertical_panel_upper_left_2_3,screw,main_upper_left + base_principal_left_2,50.8,4.1402,-370.0,1280.1130403676093,1771.6322252208583,0.0,-0.766044443118978,0.6427876096865393,"SPAX XFT08P-2000 #8 x2 in; nominal geometry; head profile and capacity unqualified; fresh drilling; Six independent single 2x6 interior principals; separated center pair with open service corridor and single 2x10 support posts; retained outer gussets; panel joint overhang, connections, header and stability unqualified; NOT build-ready"
vertical_panel_upper_left_2_4,screw,main_upper_left + base_principal_left_2,50.8,4.1402,-370.0,1485.2908453795526,2016.1536114644362,0.0,-0.766044443118978,0.6427876096865393,"SPAX XFT08P-2000 #8 x2 in; nominal geometry; head profile and capacity unqualified; fresh drilling; Six independent single 2x6 interior principals; separated center pair with open service corridor and single 2x10 support posts; retained outer gussets; panel joint overhang, connections, header and stability unqualified; NOT build-ready"
vertical_panel_lower_right_1_1,screw,main_lower_right + base_principal_right_1,50.8,4.1402,430.0,33.61930766347238,286.11884112453606,0.0,-0.766044443118978,0.6427876096865393,"SPAX XFT08P-2000 #8 x2 in; nominal geometry; head profile and capacity unqualified; fresh drilling; Six independent single 2x6 interior principals; separated center pair with open service corridor and single 2x10 support posts; retained outer gussets; panel joint overhang, connections, header and stability unqualified; NOT build-ready"
vertical_panel_lower_right_1_2,screw,main_lower_right + base_principal_right_1,50.8,4.1402,430.0,239.31134276316493,531.253062922609,0.0,-0.766044443118978,0.6427876096865393,"SPAX XFT08P-2000 #8 x2 in; nominal geometry; head profile and capacity unqualified; fresh drilling; Six independent single 2x6 interior principals; separated center pair with open service corridor and single 2x10 support posts; retained outer gussets; panel joint overhang, connections, header and stability unqualified; NOT build-ready"
vertical_panel_lower_right_1_3,screw,main_lower_right + base_principal_right_1,50.8,4.1402,430.0,496.42638663778064,837.6708401702002,0.0,-0.766044443118978,0.6427876096865393,"SPAX XFT08P-2000 #8 x2 in; nominal geometry; head profile and capacity unqualified; fresh drilling; Six independent single 2x6 interior principals; separated center pair with open service corridor and single 2x10 support posts; retained outer gussets; panel joint overhang, connections, header and stability unqualified; NOT build-ready"
vertical_panel_lower_right_1_4,screw,main_lower_right + base_principal_right_1,50.8,4.1402,430.0,701.6041916497239,1082.1922264137781,0.0,-0.766044443118978,0.6427876096865393,"SPAX XFT08P-2000 #8 x2 in; nominal geometry; head profile and capacity unqualified; fresh drilling; Six independent single 2x6 interior principals; separated center pair with open service corridor and single 2x10 support posts; retained outer gussets; panel joint overhang, connections, header and stability unqualified; NOT build-ready"
vertical_panel_upper_right_1_1,screw,main_upper_right + base_principal_right_1,50.8,4.1402,430.0,817.305961393301,1220.0802261751942,0.0,-0.766044443118978,0.6427876096865393,"SPAX XFT08P-2000 #8 x2 in; nominal geometry; head profile and capacity unqualified; fresh drilling; Six independent single 2x6 interior principals; separated center pair with open service corridor and single 2x10 support posts; retained outer gussets; panel joint overhang, connections, header and stability unqualified; NOT build-ready"
vertical_panel_upper_right_1_2,screw,main_upper_right + base_principal_right_1,50.8,4.1402,430.0,1022.9979964929936,1465.2144479732672,0.0,-0.766044443118978,0.6427876096865393,"SPAX XFT08P-2000 #8 x2 in; nominal geometry; head profile and capacity unqualified; fresh drilling; Six independent single 2x6 interior principals; separated center pair with open service corridor and single 2x10 support posts; retained outer gussets; panel joint overhang, connections, header and stability unqualified; NOT build-ready"
vertical_panel_upper_right_1_3,screw,main_upper_right + base_principal_right_1,50.8,4.1402,430.0,1280.1130403676093,1771.6322252208583,0.0,-0.766044443118978,0.6427876096865393,"SPAX XFT08P-2000 #8 x2 in; nominal geometry; head profile and capacity unqualified; fresh drilling; Six independent single 2x6 interior principals; separated center pair with open service corridor and single 2x10 support posts; retained outer gussets; panel joint overhang, connections, header and stability unqualified; NOT build-ready"
vertical_panel_upper_right_1_4,screw,main_upper_right + base_principal_right_1,50.8,4.1402,430.0,1485.2908453795526,2016.1536114644362,0.0,-0.766044443118978,0.6427876096865393,"SPAX XFT08P-2000 #8 x2 in; nominal geometry; head profile and capacity unqualified; fresh drilling; Six independent single 2x6 interior principals; separated center pair with open service corridor and single 2x10 support posts; retained outer gussets; panel joint overhang, connections, header and stability unqualified; NOT build-ready"
vertical_panel_lower_right_2_1,screw,main_lower_right + base_principal_right_2,50.8,4.1402,830.0,33.61930766347238,286.11884112453606,0.0,-0.766044443118978,0.6427876096865393,"SPAX XFT08P-2000 #8 x2 in; nominal geometry; head profile and capacity unqualified; fresh drilling; Six independent single 2x6 interior principals; separated center pair with open service corridor and single 2x10 support posts; retained outer gussets; panel joint overhang, connections, header and stability unqualified; NOT build-ready"
vertical_panel_lower_right_2_2,screw,main_lower_right + base_principal_right_2,50.8,4.1402,830.0,239.31134276316493,531.253062922609,0.0,-0.766044443118978,0.6427876096865393,"SPAX XFT08P-2000 #8 x2 in; nominal geometry; head profile and capacity unqualified; fresh drilling; Six independent single 2x6 interior principals; separated center pair with open service corridor and single 2x10 support posts; retained outer gussets; panel joint overhang, connections, header and stability unqualified; NOT build-ready"
vertical_panel_lower_right_2_3,screw,main_lower_right + base_principal_right_2,50.8,4.1402,830.0,496.42638663778064,837.6708401702002,0.0,-0.766044443118978,0.6427876096865393,"SPAX XFT08P-2000 #8 x2 in; nominal geometry; head profile and capacity unqualified; fresh drilling; Six independent single 2x6 interior principals; separated center pair with open service corridor and single 2x10 support posts; retained outer gussets; panel joint overhang, connections, header and stability unqualified; NOT build-ready"
vertical_panel_lower_right_2_4,screw,main_lower_right + base_principal_right_2,50.8,4.1402,830.0,701.6041916497239,1082.1922264137781,0.0,-0.766044443118978,0.6427876096865393,"SPAX XFT08P-2000 #8 x2 in; nominal geometry; head profile and capacity unqualified; fresh drilling; Six independent single 2x6 interior principals; separated center pair with open service corridor and single 2x10 support posts; retained outer gussets; panel joint overhang, connections, header and stability unqualified; NOT build-ready"
vertical_panel_upper_right_2_1,screw,main_upper_right + base_principal_right_2,50.8,4.1402,830.0,817.305961393301,1220.0802261751942,0.0,-0.766044443118978,0.6427876096865393,"SPAX XFT08P-2000 #8 x2 in; nominal geometry; head profile and capacity unqualified; fresh drilling; Six independent single 2x6 interior principals; separated center pair with open service corridor and single 2x10 support posts; retained outer gussets; panel joint overhang, connections, header and stability unqualified; NOT build-ready"
vertical_panel_upper_right_2_2,screw,main_upper_right + base_principal_right_2,50.8,4.1402,830.0,1022.9979964929936,1465.2144479732672,0.0,-0.766044443118978,0.6427876096865393,"SPAX XFT08P-2000 #8 x2 in; nominal geometry; head profile and capacity unqualified; fresh drilling; Six independent single 2x6 interior principals; separated center pair with open service corridor and single 2x10 support posts; retained outer gussets; panel joint overhang, connections, header and stability unqualified; NOT build-ready"
vertical_panel_upper_right_2_3,screw,main_upper_right + base_principal_right_2,50.8,4.1402,830.0,1280.1130403676093,1771.6322252208583,0.0,-0.766044443118978,0.6427876096865393,"SPAX XFT08P-2000 #8 x2 in; nominal geometry; head profile and capacity unqualified; fresh drilling; Six independent single 2x6 interior principals; separated center pair with open service corridor and single 2x10 support posts; retained outer gussets; panel joint overhang, connections, header and stability unqualified; NOT build-ready"
vertical_panel_upper_right_2_4,screw,main_upper_right + base_principal_right_2,50.8,4.1402,830.0,1485.2908453795526,2016.1536114644362,0.0,-0.766044443118978,0.6427876096865393,"SPAX XFT08P-2000 #8 x2 in; nominal geometry; head profile and capacity unqualified; fresh drilling; Six independent single 2x6 interior principals; separated center pair with open service corridor and single 2x10 support posts; retained outer gussets; panel joint overhang, connections, header and stability unqualified; NOT build-ready"
