part,connection,from_min_x_mm,from_min_s_mm,from_min_n_mm,from_min_x_in,from_min_s_in,from_min_n_in,axis_x,axis_s,axis_n,material_run_mm,status
box_side_left,analysis_leg_wall_bolt_left_1,38.09999999999991,1539.9999999999998,92.07499999999997,1.4999999999999964,60.62992125984251,3.624999999999999,-1.0,0.0,0.0,38.09999999999991,Entry relative to this part's minimum X/S/N; see STEP for shaped parts; NOT machining approval
leg_left_inner,analysis_leg_wall_bolt_left_1,19.050000000000182,860.2387276473562,1399.8115513120354,0.7500000000000072,33.8676664428093,55.11069099653683,-1.0,0.0,0.0,19.049999999999955,Entry relative to this part's minimum X/S/N; see STEP for shaped parts; NOT machining approval
leg_left_outer,analysis_leg_wall_bolt_left_1,19.049999999999955,860.2387276473562,1399.8115513120354,0.7499999999999982,33.8676664428093,55.11069099653683,-1.0,0.0,0.0,19.049999999999955,Entry relative to this part's minimum X/S/N; see STEP for shaped parts; NOT machining approval
box_side_left,analysis_leg_wall_bolt_left_2,38.09999999999991,1619.9999999999995,92.07499999999986,1.4999999999999964,63.779527559055104,3.6249999999999947,-1.0,0.0,0.0,38.09999999999991,Entry relative to this part's minimum X/S/N; see STEP for shaped parts; NOT machining approval
leg_left_inner,analysis_leg_wall_bolt_left_2,19.050000000000182,940.238727647356,1399.8115513120351,0.7500000000000072,37.01727274202189,55.11069099653682,-1.0,0.0,0.0,19.049999999999955,Entry relative to this part's minimum X/S/N; see STEP for shaped parts; NOT machining approval
leg_left_outer,analysis_leg_wall_bolt_left_2,19.049999999999955,940.238727647356,1399.8115513120351,0.7499999999999982,37.01727274202189,55.11069099653682,-1.0,0.0,0.0,19.049999999999955,Entry relative to this part's minimum X/S/N; see STEP for shaped parts; NOT machining approval
box_side_left,analysis_leg_wall_bolt_left_3,38.09999999999991,1739.9999999999995,92.07499999999986,1.4999999999999964,68.503937007874,3.6249999999999947,-1.0,0.0,0.0,38.09999999999991,Entry relative to this part's minimum X/S/N; see STEP for shaped parts; NOT machining approval
leg_left_inner,analysis_leg_wall_bolt_left_3,19.050000000000182,1060.238727647356,1399.8115513120351,0.7500000000000072,41.74168219084079,55.11069099653682,-1.0,0.0,0.0,19.049999999999955,Entry relative to this part's minimum X/S/N; see STEP for shaped parts; NOT machining approval
leg_left_outer,analysis_leg_wall_bolt_left_3,19.049999999999955,1060.238727647356,1399.8115513120351,0.7499999999999982,41.74168219084079,55.11069099653682,-1.0,0.0,0.0,19.049999999999955,Entry relative to this part's minimum X/S/N; see STEP for shaped parts; NOT machining approval
box_side_left,analysis_leg_wall_bolt_left_4,38.09999999999991,1819.9999999999998,92.07499999999986,1.4999999999999964,71.65354330708661,3.6249999999999947,-1.0,0.0,0.0,38.09999999999991,Entry relative to this part's minimum X/S/N; see STEP for shaped parts; NOT machining approval
leg_left_inner,analysis_leg_wall_bolt_left_4,19.050000000000182,1140.2387276473562,1399.8115513120351,0.7500000000000072,44.8912884900534,55.11069099653682,-1.0,0.0,0.0,19.049999999999955,Entry relative to this part's minimum X/S/N; see STEP for shaped parts; NOT machining approval
leg_left_outer,analysis_leg_wall_bolt_left_4,19.049999999999955,1140.2387276473562,1399.8115513120351,0.7499999999999982,44.8912884900534,55.11069099653682,-1.0,0.0,0.0,19.049999999999955,Entry relative to this part's minimum X/S/N; see STEP for shaped parts; NOT machining approval
box_side_right,analysis_leg_wall_bolt_right_1,0.0,1539.9999999999998,92.07499999999997,0.0,60.62992125984251,3.624999999999999,1.0,0.0,0.0,38.09999999999991,Entry relative to this part's minimum X/S/N; see STEP for shaped parts; NOT machining approval
leg_right_inner,analysis_leg_wall_bolt_right_1,0.0,860.2387276473562,1399.8115513120354,0.0,33.8676664428093,55.11069099653683,1.0,0.0,0.0,19.049999999999955,Entry relative to this part's minimum X/S/N; see STEP for shaped parts; NOT machining approval
leg_right_outer,analysis_leg_wall_bolt_right_1,2.2737367544323206e-13,860.2387276473562,1399.8115513120354,8.951719505639057e-15,33.8676664428093,55.11069099653683,1.0,0.0,0.0,19.049999999999955,Entry relative to this part's minimum X/S/N; see STEP for shaped parts; NOT machining approval
box_side_right,analysis_leg_wall_bolt_right_2,0.0,1619.9999999999995,92.07499999999986,0.0,63.779527559055104,3.6249999999999947,1.0,0.0,0.0,38.09999999999991,Entry relative to this part's minimum X/S/N; see STEP for shaped parts; NOT machining approval
leg_right_inner,analysis_leg_wall_bolt_right_2,0.0,940.238727647356,1399.8115513120351,0.0,37.01727274202189,55.11069099653682,1.0,0.0,0.0,19.049999999999955,Entry relative to this part's minimum X/S/N; see STEP for shaped parts; NOT machining approval
leg_right_outer,analysis_leg_wall_bolt_right_2,2.2737367544323206e-13,940.238727647356,1399.8115513120351,8.951719505639057e-15,37.01727274202189,55.11069099653682,1.0,0.0,0.0,19.049999999999955,Entry relative to this part's minimum X/S/N; see STEP for shaped parts; NOT machining approval
box_side_right,analysis_leg_wall_bolt_right_3,0.0,1739.9999999999995,92.07499999999986,0.0,68.503937007874,3.6249999999999947,1.0,0.0,0.0,38.09999999999991,Entry relative to this part's minimum X/S/N; see STEP for shaped parts; NOT machining approval
leg_right_inner,analysis_leg_wall_bolt_right_3,0.0,1060.238727647356,1399.8115513120351,0.0,41.74168219084079,55.11069099653682,1.0,0.0,0.0,19.049999999999955,Entry relative to this part's minimum X/S/N; see STEP for shaped parts; NOT machining approval
leg_right_outer,analysis_leg_wall_bolt_right_3,2.2737367544323206e-13,1060.238727647356,1399.8115513120351,8.951719505639057e-15,41.74168219084079,55.11069099653682,1.0,0.0,0.0,19.049999999999955,Entry relative to this part's minimum X/S/N; see STEP for shaped parts; NOT machining approval
box_side_right,analysis_leg_wall_bolt_right_4,0.0,1819.9999999999998,92.07499999999986,0.0,71.65354330708661,3.6249999999999947,1.0,0.0,0.0,38.09999999999991,Entry relative to this part's minimum X/S/N; see STEP for shaped parts; NOT machining approval
leg_right_inner,analysis_leg_wall_bolt_right_4,0.0,1140.2387276473562,1399.8115513120351,0.0,44.8912884900534,55.11069099653682,1.0,0.0,0.0,19.049999999999955,Entry relative to this part's minimum X/S/N; see STEP for shaped parts; NOT machining approval
leg_right_outer,analysis_leg_wall_bolt_right_4,2.2737367544323206e-13,1140.2387276473562,1399.8115513120351,8.951719505639057e-15,44.8912884900534,55.11069099653682,1.0,0.0,0.0,19.049999999999955,Entry relative to this part's minimum X/S/N; see STEP for shaped parts; NOT machining approval
kicker_left,kicker_left_bottom_0,50.0,30.886002377314952,16.069690242163517,1.968503937007874,1.2159843455635808,0.632664970163918,0.0,-0.6427876096865427,0.766044443118978,18.256249999999998,Entry relative to this part's minimum X/S/N; see STEP for shaped parts; NOT machining approval
kicker_batten_bottom,kicker_left_bottom_0,50.0,43.641319007032166,16.069690242163517,1.968503937007874,1.7181621656311878,0.632664970163918,0.0,-0.6427876096865427,0.766044443118978,32.54375,Entry relative to this part's minimum X/S/N; see STEP for shaped parts; NOT machining approval
kicker_left,kicker_left_top_0,50.0,164.94377992313562,128.55752193730788,1.968503937007874,6.493849603273056,5.061319761311334,0.0,-0.6427876096865427,0.766044443118978,18.256249999999998,Entry relative to this part's minimum X/S/N; see STEP for shaped parts; NOT machining approval
kicker_batten_top,kicker_left_top_0,50.0,43.64131900703169,16.069690242163485,1.968503937007874,1.718162165631169,0.6326649701639168,0.0,-0.6427876096865427,0.766044443118978,32.54375,Entry relative to this part's minimum X/S/N; see STEP for shaped parts; NOT machining approval
kicker_left,kicker_left_bottom_1,428.0666666666666,30.886002377314952,16.069690242163517,16.85301837270341,1.2159843455635808,0.632664970163918,0.0,-0.6427876096865427,0.766044443118978,18.256249999999998,Entry relative to this part's minimum X/S/N; see STEP for shaped parts; NOT machining approval
kicker_batten_bottom,kicker_left_bottom_1,428.0666666666666,43.641319007032166,16.069690242163517,16.85301837270341,1.7181621656311878,0.632664970163918,0.0,-0.6427876096865427,0.766044443118978,32.54375,Entry relative to this part's minimum X/S/N; see STEP for shaped parts; NOT machining approval
kicker_left,kicker_left_top_1,428.0666666666666,164.94377992313562,128.55752193730788,16.85301837270341,6.493849603273056,5.061319761311334,0.0,-0.6427876096865427,0.766044443118978,18.256249999999998,Entry relative to this part's minimum X/S/N; see STEP for shaped parts; NOT machining approval
kicker_batten_top,kicker_left_top_1,428.0666666666666,43.64131900703169,16.069690242163485,16.85301837270341,1.718162165631169,0.6326649701639168,0.0,-0.6427876096865427,0.766044443118978,32.54375,Entry relative to this part's minimum X/S/N; see STEP for shaped parts; NOT machining approval
kicker_left,kicker_left_bottom_2,772.1333333333333,30.886002377314952,16.069690242163517,30.398950131233597,1.2159843455635808,0.632664970163918,0.0,-0.6427876096865427,0.766044443118978,18.256249999999998,Entry relative to this part's minimum X/S/N; see STEP for shaped parts; NOT machining approval
kicker_batten_bottom,kicker_left_bottom_2,772.1333333333333,43.641319007032166,16.069690242163517,30.398950131233597,1.7181621656311878,0.632664970163918,0.0,-0.6427876096865427,0.766044443118978,32.54375,Entry relative to this part's minimum X/S/N; see STEP for shaped parts; NOT machining approval
kicker_left,kicker_left_top_2,772.1333333333333,164.94377992313562,128.55752193730788,30.398950131233597,6.493849603273056,5.061319761311334,0.0,-0.6427876096865427,0.766044443118978,18.256249999999998,Entry relative to this part's minimum X/S/N; see STEP for shaped parts; NOT machining approval
kicker_batten_top,kicker_left_top_2,772.1333333333333,43.64131900703169,16.069690242163485,30.398950131233597,1.718162165631169,0.6326649701639168,0.0,-0.6427876096865427,0.766044443118978,32.54375,Entry relative to this part's minimum X/S/N; see STEP for shaped parts; NOT machining approval
kicker_left,kicker_left_bottom_3,1169.2,30.886002377314952,16.069690242163517,46.03149606299213,1.2159843455635808,0.632664970163918,0.0,-0.6427876096865427,0.766044443118978,18.256249999999998,Entry relative to this part's minimum X/S/N; see STEP for shaped parts; NOT machining approval
kicker_batten_bottom,kicker_left_bottom_3,1169.2,43.641319007032166,16.069690242163517,46.03149606299213,1.7181621656311878,0.632664970163918,0.0,-0.6427876096865427,0.766044443118978,32.54375,Entry relative to this part's minimum X/S/N; see STEP for shaped parts; NOT machining approval
kicker_left,kicker_left_top_3,1169.2,164.94377992313562,128.55752193730788,46.03149606299213,6.493849603273056,5.061319761311334,0.0,-0.6427876096865427,0.766044443118978,18.256249999999998,Entry relative to this part's minimum X/S/N; see STEP for shaped parts; NOT machining approval
kicker_batten_top,kicker_left_top_3,1169.2,43.64131900703169,16.069690242163485,46.03149606299213,1.718162165631169,0.6326649701639168,0.0,-0.6427876096865427,0.766044443118978,32.54375,Entry relative to this part's minimum X/S/N; see STEP for shaped parts; NOT machining approval
kicker_right,kicker_right_bottom_0,50.0,30.886002377314952,16.069690242163517,1.968503937007874,1.2159843455635808,0.632664970163918,0.0,-0.6427876096865427,0.766044443118978,18.256249999999998,Entry relative to this part's minimum X/S/N; see STEP for shaped parts; NOT machining approval
kicker_batten_bottom,kicker_right_bottom_0,1269.2,43.641319007032166,16.069690242163517,49.96850393700788,1.7181621656311878,0.632664970163918,0.0,-0.6427876096865427,0.766044443118978,32.54375,Entry relative to this part's minimum X/S/N; see STEP for shaped parts; NOT machining approval
kicker_right,kicker_right_top_0,50.0,164.94377992313562,128.55752193730788,1.968503937007874,6.493849603273056,5.061319761311334,0.0,-0.6427876096865427,0.766044443118978,18.256249999999998,Entry relative to this part's minimum X/S/N; see STEP for shaped parts; NOT machining approval
kicker_batten_top,kicker_right_top_0,1269.2,43.64131900703169,16.069690242163485,49.96850393700788,1.718162165631169,0.6326649701639168,0.0,-0.6427876096865427,0.766044443118978,32.54375,Entry relative to this part's minimum X/S/N; see STEP for shaped parts; NOT machining approval
kicker_right,kicker_right_bottom_1,423.06666666666666,30.886002377314952,16.069690242163517,16.656167979002625,1.2159843455635808,0.632664970163918,0.0,-0.6427876096865427,0.766044443118978,18.256249999999998,Entry relative to this part's minimum X/S/N; see STEP for shaped parts; NOT machining approval
kicker_batten_bottom,kicker_right_bottom_1,1642.2666666666667,43.641319007032166,16.069690242163517,64.65616797900263,1.7181621656311878,0.632664970163918,0.0,-0.6427876096865427,0.766044443118978,32.54375,Entry relative to this part's minimum X/S/N; see STEP for shaped parts; NOT machining approval
kicker_right,kicker_right_top_1,423.06666666666666,164.94377992313562,128.55752193730788,16.656167979002625,6.493849603273056,5.061319761311334,0.0,-0.6427876096865427,0.766044443118978,18.256249999999998,Entry relative to this part's minimum X/S/N; see STEP for shaped parts; NOT machining approval
kicker_batten_top,kicker_right_top_1,1642.2666666666667,43.64131900703169,16.069690242163485,64.65616797900263,1.718162165631169,0.6326649701639168,0.0,-0.6427876096865427,0.766044443118978,32.54375,Entry relative to this part's minimum X/S/N; see STEP for shaped parts; NOT machining approval
kicker_right,kicker_right_bottom_2,809.1333333333333,30.886002377314952,16.069690242163517,31.855643044619423,1.2159843455635808,0.632664970163918,0.0,-0.6427876096865427,0.766044443118978,18.256249999999998,Entry relative to this part's minimum X/S/N; see STEP for shaped parts; NOT machining approval
kicker_batten_bottom,kicker_right_bottom_2,2028.3333333333335,43.641319007032166,16.069690242163517,79.85564304461943,1.7181621656311878,0.632664970163918,0.0,-0.6427876096865427,0.766044443118978,32.54375,Entry relative to this part's minimum X/S/N; see STEP for shaped parts; NOT machining approval
kicker_right,kicker_right_top_2,809.1333333333333,164.94377992313562,128.55752193730788,31.855643044619423,6.493849603273056,5.061319761311334,0.0,-0.6427876096865427,0.766044443118978,18.256249999999998,Entry relative to this part's minimum X/S/N; see STEP for shaped parts; NOT machining approval
kicker_batten_top,kicker_right_top_2,2028.3333333333335,43.64131900703169,16.069690242163485,79.85564304461943,1.718162165631169,0.6326649701639168,0.0,-0.6427876096865427,0.766044443118978,32.54375,Entry relative to this part's minimum X/S/N; see STEP for shaped parts; NOT machining approval
kicker_right,kicker_right_bottom_3,1169.2,30.886002377314952,16.069690242163517,46.03149606299213,1.2159843455635808,0.632664970163918,0.0,-0.6427876096865427,0.766044443118978,18.256249999999998,Entry relative to this part's minimum X/S/N; see STEP for shaped parts; NOT machining approval
kicker_batten_bottom,kicker_right_bottom_3,2388.4,43.641319007032166,16.069690242163517,94.03149606299213,1.7181621656311878,0.632664970163918,0.0,-0.6427876096865427,0.766044443118978,32.54375,Entry relative to this part's minimum X/S/N; see STEP for shaped parts; NOT machining approval
kicker_right,kicker_right_top_3,1169.2,164.94377992313562,128.55752193730788,46.03149606299213,6.493849603273056,5.061319761311334,0.0,-0.6427876096865427,0.766044443118978,18.256249999999998,Entry relative to this part's minimum X/S/N; see STEP for shaped parts; NOT machining approval
kicker_batten_top,kicker_right_top_3,2388.4,43.64131900703169,16.069690242163485,94.03149606299213,1.718162165631169,0.6326649701639168,0.0,-0.6427876096865427,0.766044443118978,32.54375,Entry relative to this part's minimum X/S/N; see STEP for shaped parts; NOT machining approval
cheek_splice_left_inner,cheek_splice_left_1,19.049999999999955,88.97839601454791,87.16428722535233,0.7499999999999982,3.503086457265666,3.431664851391824,-1.0,0.0,0.0,19.049999999999955,Entry relative to this part's minimum X/S/N; see STEP for shaped parts; NOT machining approval
cheek_splice_left_outer,cheek_splice_left_1,19.049999999999955,88.97839601454791,87.16428722535233,0.7499999999999982,3.503086457265666,3.431664851391824,-1.0,0.0,0.0,19.049999999999955,Entry relative to this part's minimum X/S/N; see STEP for shaped parts; NOT machining approval
kicker_cheek_left,cheek_splice_left_1,38.09999999999991,223.03617356036875,242.62721217947137,1.4999999999999964,8.780951714975147,9.552252448010684,-1.0,0.0,0.0,25.40000000000009,Entry relative to this part's minimum X/S/N; see STEP for shaped parts; NOT machining approval
cheek_splice_left_inner,cheek_splice_left_2,19.049999999999955,103.97839601454777,117.1642872253523,0.7499999999999982,4.093637638368023,4.612767213596547,-1.0,0.0,0.0,19.049999999999955,Entry relative to this part's minimum X/S/N; see STEP for shaped parts; NOT machining approval
cheek_splice_left_outer,cheek_splice_left_2,19.049999999999955,103.97839601454777,117.1642872253523,0.7499999999999982,4.093637638368023,4.612767213596547,-1.0,0.0,0.0,19.049999999999955,Entry relative to this part's minimum X/S/N; see STEP for shaped parts; NOT machining approval
kicker_cheek_left,cheek_splice_left_2,38.09999999999991,238.0361735603686,272.62721217947137,1.4999999999999964,9.371502896077505,10.73335481021541,-1.0,0.0,0.0,25.40000000000009,Entry relative to this part's minimum X/S/N; see STEP for shaped parts; NOT machining approval
cheek_splice_left_inner,cheek_splice_left_3,19.049999999999955,178.978396014548,72.16428722535235,0.7499999999999982,7.046393543879843,2.841113670289463,-1.0,0.0,0.0,19.049999999999955,Entry relative to this part's minimum X/S/N; see STEP for shaped parts; NOT machining approval
cheek_splice_left_outer,cheek_splice_left_3,19.049999999999955,178.978396014548,72.16428722535235,0.7499999999999982,7.046393543879843,2.841113670289463,-1.0,0.0,0.0,19.049999999999955,Entry relative to this part's minimum X/S/N; see STEP for shaped parts; NOT machining approval
box_side_left,cheek_splice_left_3,38.09999999999991,49.99999999999972,82.99999999999996,1.4999999999999964,1.9685039370078632,3.2677165354330695,-1.0,0.0,0.0,25.40000000000009,Entry relative to this part's minimum X/S/N; see STEP for shaped parts; NOT machining approval
cheek_splice_left_inner,cheek_splice_left_4,19.049999999999955,178.97839601454783,112.16428722535235,0.7499999999999982,7.046393543879836,4.415916819895762,-1.0,0.0,0.0,19.049999999999955,Entry relative to this part's minimum X/S/N; see STEP for shaped parts; NOT machining approval
cheek_splice_left_outer,cheek_splice_left_4,19.049999999999955,178.97839601454783,112.16428722535235,0.7499999999999982,7.046393543879836,4.415916819895762,-1.0,0.0,0.0,19.049999999999955,Entry relative to this part's minimum X/S/N; see STEP for shaped parts; NOT machining approval
box_side_left,cheek_splice_left_4,38.09999999999991,49.99999999999954,122.99999999999996,1.4999999999999964,1.9685039370078559,4.842519685039369,-1.0,0.0,0.0,25.40000000000009,Entry relative to this part's minimum X/S/N; see STEP for shaped parts; NOT machining approval
cheek_splice_right_inner,cheek_splice_right_1,0.0,88.97839601454791,87.16428722535233,0.0,3.503086457265666,3.431664851391824,1.0,0.0,0.0,19.049999999999955,Entry relative to this part's minimum X/S/N; see STEP for shaped parts; NOT machining approval
cheek_splice_right_outer,cheek_splice_right_1,2.2737367544323206e-13,88.97839601454791,87.16428722535233,8.951719505639057e-15,3.503086457265666,3.431664851391824,1.0,0.0,0.0,19.049999999999955,Entry relative to this part's minimum X/S/N; see STEP for shaped parts; NOT machining approval
kicker_cheek_right,cheek_splice_right_1,0.0,223.03617356036875,242.62721217947137,0.0,8.780951714975147,9.552252448010684,1.0,0.0,0.0,25.40000000000009,Entry relative to this part's minimum X/S/N; see STEP for shaped parts; NOT machining approval
cheek_splice_right_inner,cheek_splice_right_2,0.0,103.97839601454777,117.1642872253523,0.0,4.093637638368023,4.612767213596547,1.0,0.0,0.0,19.049999999999955,Entry relative to this part's minimum X/S/N; see STEP for shaped parts; NOT machining approval
cheek_splice_right_outer,cheek_splice_right_2,2.2737367544323206e-13,103.97839601454777,117.1642872253523,8.951719505639057e-15,4.093637638368023,4.612767213596547,1.0,0.0,0.0,19.049999999999955,Entry relative to this part's minimum X/S/N; see STEP for shaped parts; NOT machining approval
kicker_cheek_right,cheek_splice_right_2,0.0,238.0361735603686,272.62721217947137,0.0,9.371502896077505,10.73335481021541,1.0,0.0,0.0,25.40000000000009,Entry relative to this part's minimum X/S/N; see STEP for shaped parts; NOT machining approval
cheek_splice_right_inner,cheek_splice_right_3,0.0,178.978396014548,72.16428722535235,0.0,7.046393543879843,2.841113670289463,1.0,0.0,0.0,19.049999999999955,Entry relative to this part's minimum X/S/N; see STEP for shaped parts; NOT machining approval
cheek_splice_right_outer,cheek_splice_right_3,2.2737367544323206e-13,178.978396014548,72.16428722535235,8.951719505639057e-15,7.046393543879843,2.841113670289463,1.0,0.0,0.0,19.049999999999955,Entry relative to this part's minimum X/S/N; see STEP for shaped parts; NOT machining approval
box_side_right,cheek_splice_right_3,0.0,49.99999999999972,82.99999999999996,0.0,1.9685039370078632,3.2677165354330695,1.0,0.0,0.0,25.40000000000009,Entry relative to this part's minimum X/S/N; see STEP for shaped parts; NOT machining approval
cheek_splice_right_inner,cheek_splice_right_4,0.0,178.97839601454783,112.16428722535235,0.0,7.046393543879836,4.415916819895762,1.0,0.0,0.0,19.049999999999955,Entry relative to this part's minimum X/S/N; see STEP for shaped parts; NOT machining approval
cheek_splice_right_outer,cheek_splice_right_4,2.2737367544323206e-13,178.97839601454783,112.16428722535235,8.951719505639057e-15,7.046393543879836,4.415916819895762,1.0,0.0,0.0,19.049999999999955,Entry relative to this part's minimum X/S/N; see STEP for shaped parts; NOT machining approval
box_side_right,cheek_splice_right_4,0.0,49.99999999999954,122.99999999999996,0.0,1.9685039370078559,4.842519685039369,1.0,0.0,0.0,25.40000000000009,Entry relative to this part's minimum X/S/N; see STEP for shaped parts; NOT machining approval
leg_left_inner,leg_stitch_left_1,19.050000000000182,652.5753166609429,1134.6083162332052,0.7500000000000072,25.691941600824524,44.66961874933879,-1.0,0.0,0.0,19.049999999999955,Entry relative to this part's minimum X/S/N; see STEP for shaped parts; NOT machining approval
leg_left_outer,leg_stitch_left_1,19.049999999999955,652.5753166609429,1134.6083162332052,0.7499999999999982,25.691941600824524,44.66961874933879,-1.0,0.0,0.0,19.049999999999955,Entry relative to this part's minimum X/S/N; see STEP for shaped parts; NOT machining approval
leg_left_inner,leg_stitch_left_2,19.050000000000182,431.08020018132333,736.80346361496,0.7500000000000072,16.971661424461548,29.008010378541737,-1.0,0.0,0.0,19.049999999999955,Entry relative to this part's minimum X/S/N; see STEP for shaped parts; NOT machining approval
leg_left_outer,leg_stitch_left_2,19.049999999999955,431.08020018132333,736.80346361496,0.7499999999999982,16.971661424461548,29.008010378541737,-1.0,0.0,0.0,19.049999999999955,Entry relative to this part's minimum X/S/N; see STEP for shaped parts; NOT machining approval
leg_left_inner,leg_stitch_left_3,19.050000000000182,209.58508370170375,338.99861099671443,0.7500000000000072,8.251381248098573,13.346402007744663,-1.0,0.0,0.0,19.049999999999955,Entry relative to this part's minimum X/S/N; see STEP for shaped parts; NOT machining approval
leg_left_outer,leg_stitch_left_3,19.049999999999955,209.58508370170375,338.99861099671443,0.7499999999999982,8.251381248098573,13.346402007744663,-1.0,0.0,0.0,19.049999999999955,Entry relative to this part's minimum X/S/N; see STEP for shaped parts; NOT machining approval
leg_right_inner,leg_stitch_right_1,0.0,652.5753166609429,1134.6083162332052,0.0,25.691941600824524,44.66961874933879,1.0,0.0,0.0,19.049999999999955,Entry relative to this part's minimum X/S/N; see STEP for shaped parts; NOT machining approval
leg_right_outer,leg_stitch_right_1,2.2737367544323206e-13,652.5753166609429,1134.6083162332052,8.951719505639057e-15,25.691941600824524,44.66961874933879,1.0,0.0,0.0,19.049999999999955,Entry relative to this part's minimum X/S/N; see STEP for shaped parts; NOT machining approval
leg_right_inner,leg_stitch_right_2,0.0,431.08020018132333,736.80346361496,0.0,16.971661424461548,29.008010378541737,1.0,0.0,0.0,19.049999999999955,Entry relative to this part's minimum X/S/N; see STEP for shaped parts; NOT machining approval
leg_right_outer,leg_stitch_right_2,2.2737367544323206e-13,431.08020018132333,736.80346361496,8.951719505639057e-15,16.971661424461548,29.008010378541737,1.0,0.0,0.0,19.049999999999955,Entry relative to this part's minimum X/S/N; see STEP for shaped parts; NOT machining approval
leg_right_inner,leg_stitch_right_3,0.0,209.58508370170375,338.99861099671443,0.0,8.251381248098573,13.346402007744663,1.0,0.0,0.0,19.049999999999955,Entry relative to this part's minimum X/S/N; see STEP for shaped parts; NOT machining approval
leg_right_outer,leg_stitch_right_3,2.2737367544323206e-13,209.58508370170375,338.99861099671443,8.951719505639057e-15,8.251381248098573,13.346402007744663,1.0,0.0,0.0,19.049999999999955,Entry relative to this part's minimum X/S/N; see STEP for shaped parts; NOT machining approval
main_lower_left,wood_panel_lower_left_1,50.0,50.000000000000014,-6.394884621840902e-14,1.968503937007874,1.9685039370078747,-2.517671110960985e-15,0.0,-4.440892098500626e-15,0.9999999999999999,18.256250000000037,Entry relative to this part's minimum X/S/N; see STEP for shaped parts; NOT machining approval
wood_rail_lower,wood_panel_lower_left_1,50.0,49.999999999999986,2.751038890560896e-14,1.968503937007874,1.9685039370078736,1.0830861773861795e-15,0.0,-4.440892098500626e-15,0.9999999999999999,32.543749999999974,Entry relative to this part's minimum X/S/N; see STEP for shaped parts; NOT machining approval
main_lower_left,wood_panel_lower_left_2,423.0666666666666,50.000000000000014,-6.394884621840902e-14,16.656167979002625,1.9685039370078747,-2.517671110960985e-15,0.0,-4.440892098500626e-15,0.9999999999999999,18.256250000000037,Entry relative to this part's minimum X/S/N; see STEP for shaped parts; NOT machining approval
wood_rail_lower,wood_panel_lower_left_2,423.0666666666666,49.999999999999986,2.751038890560896e-14,16.656167979002625,1.9685039370078736,1.0830861773861795e-15,0.0,-4.440892098500626e-15,0.9999999999999999,32.543749999999974,Entry relative to this part's minimum X/S/N; see STEP for shaped parts; NOT machining approval
main_lower_left,wood_panel_lower_left_3,796.1333333333333,50.000000000000014,-6.394884621840902e-14,31.343832020997375,1.9685039370078747,-2.517671110960985e-15,0.0,-4.440892098500626e-15,0.9999999999999999,18.256250000000037,Entry relative to this part's minimum X/S/N; see STEP for shaped parts; NOT machining approval
wood_rail_lower,wood_panel_lower_left_3,796.1333333333333,49.999999999999986,2.751038890560896e-14,31.343832020997375,1.9685039370078736,1.0830861773861795e-15,0.0,-4.440892098500626e-15,0.9999999999999999,32.543749999999974,Entry relative to this part's minimum X/S/N; see STEP for shaped parts; NOT machining approval
main_lower_left,wood_panel_lower_left_4,1169.2,50.000000000000014,-6.394884621840902e-14,46.03149606299213,1.9685039370078747,-2.517671110960985e-15,0.0,-4.440892098500626e-15,0.9999999999999999,18.256250000000037,Entry relative to this part's minimum X/S/N; see STEP for shaped parts; NOT machining approval
wood_rail_lower,wood_panel_lower_left_4,1169.2,49.999999999999986,2.751038890560896e-14,46.03149606299213,1.9685039370078736,1.0830861773861795e-15,0.0,-4.440892098500626e-15,0.9999999999999999,32.543749999999974,Entry relative to this part's minimum X/S/N; see STEP for shaped parts; NOT machining approval
main_lower_left,wood_panel_lower_left_5,50.0,1169.2,-9.947598300641403e-14,1.968503937007874,46.03149606299213,-3.916377283717088e-15,0.0,-4.440892098500626e-15,0.9999999999999999,18.256250000000154,Entry relative to this part's minimum X/S/N; see STEP for shaped parts; NOT machining approval
wood_rail_mid,wood_panel_lower_left_5,50.0,19.850000000000136,1.1368683772161603e-13,1.968503937007874,0.7814960629921314,4.475859752819529e-15,0.0,-4.440892098500626e-15,0.9999999999999999,32.543749999999804,Entry relative to this part's minimum X/S/N; see STEP for shaped parts; NOT machining approval
main_lower_left,wood_panel_lower_left_6,426.0666666666666,1169.2,-9.947598300641403e-14,16.774278215223095,46.03149606299213,-3.916377283717088e-15,0.0,-4.440892098500626e-15,0.9999999999999999,18.256250000000154,Entry relative to this part's minimum X/S/N; see STEP for shaped parts; NOT machining approval
wood_rail_mid,wood_panel_lower_left_6,426.0666666666666,19.850000000000136,1.1368683772161603e-13,16.774278215223095,0.7814960629921314,4.475859752819529e-15,0.0,-4.440892098500626e-15,0.9999999999999999,32.543749999999804,Entry relative to this part's minimum X/S/N; see STEP for shaped parts; NOT machining approval
main_lower_left,wood_panel_lower_left_7,774.1333333333333,1169.2,-9.947598300641403e-14,30.477690288713912,46.03149606299213,-3.916377283717088e-15,0.0,-4.440892098500626e-15,0.9999999999999999,18.256250000000154,Entry relative to this part's minimum X/S/N; see STEP for shaped parts; NOT machining approval
wood_rail_mid,wood_panel_lower_left_7,774.1333333333333,19.850000000000136,1.1368683772161603e-13,30.477690288713912,0.7814960629921314,4.475859752819529e-15,0.0,-4.440892098500626e-15,0.9999999999999999,32.543749999999804,Entry relative to this part's minimum X/S/N; see STEP for shaped parts; NOT machining approval
main_lower_left,wood_panel_lower_left_8,1169.2,1169.2,-9.947598300641403e-14,46.03149606299213,46.03149606299213,-3.916377283717088e-15,0.0,-4.440892098500626e-15,0.9999999999999999,18.256250000000154,Entry relative to this part's minimum X/S/N; see STEP for shaped parts; NOT machining approval
wood_rail_mid,wood_panel_lower_left_8,1169.2,19.850000000000136,1.1368683772161603e-13,46.03149606299213,0.7814960629921314,4.475859752819529e-15,0.0,-4.440892098500626e-15,0.9999999999999999,32.543749999999804,Entry relative to this part's minimum X/S/N; see STEP for shaped parts; NOT machining approval
main_lower_left,wood_panel_lower_left_9,50.0,423.06666666666666,-4.263256414560601e-14,1.968503937007874,16.656167979002625,-1.6784474073073234e-15,0.0,-4.440892098500626e-15,0.9999999999999999,18.256249999999994,Entry relative to this part's minimum X/S/N; see STEP for shaped parts; NOT machining approval
wood_vertical_edge_left_lower,wood_panel_lower_left_9,50.0,334.16666666666663,1.4210854715202004e-13,1.968503937007874,13.156167979002625,5.594824691024411e-15,0.0,-4.440892098500626e-15,0.9999999999999999,32.543750000000024,Entry relative to this part's minimum X/S/N; see STEP for shaped parts; NOT machining approval
main_lower_left,wood_panel_lower_left_10,50.0,796.1333333333333,1.4210854715202004e-14,1.968503937007874,31.343832020997375,5.594824691024411e-16,0.0,-4.440892098500626e-15,0.9999999999999999,18.256249999999994,Entry relative to this part's minimum X/S/N; see STEP for shaped parts; NOT machining approval
wood_vertical_edge_left_lower,wood_panel_lower_left_10,50.0,707.2333333333333,1.7053025658242404e-13,1.968503937007874,27.84383202099738,6.713789629229294e-15,0.0,-4.440892098500626e-15,0.9999999999999999,32.543750000000045,Entry relative to this part's minimum X/S/N; see STEP for shaped parts; NOT machining approval
main_lower_left,wood_panel_lower_left_11,1169.2,423.06666666666666,-4.263256414560601e-14,46.03149606299213,16.656167979002625,-1.6784474073073234e-15,0.0,-4.440892098500626e-15,0.9999999999999999,18.256249999999994,Entry relative to this part's minimum X/S/N; see STEP for shaped parts; NOT machining approval
wood_vertical_center_left_lower,wood_panel_lower_left_11,38.900000000000006,334.16666666666686,1.4210854715202004e-13,1.5314960629921264,13.156167979002634,5.594824691024411e-15,0.0,-4.440892098500626e-15,0.9999999999999999,32.543750000000024,Entry relative to this part's minimum X/S/N; see STEP for shaped parts; NOT machining approval
main_lower_left,wood_panel_lower_left_12,1169.2,796.1333333333333,1.4210854715202004e-14,46.03149606299213,31.343832020997375,5.594824691024411e-16,0.0,-4.440892098500626e-15,0.9999999999999999,18.256249999999994,Entry relative to this part's minimum X/S/N; see STEP for shaped parts; NOT machining approval
wood_vertical_center_left_lower,wood_panel_lower_left_12,38.900000000000006,707.2333333333336,1.7053025658242404e-13,1.5314960629921264,27.843832020997386,6.713789629229294e-15,0.0,-4.440892098500626e-15,0.9999999999999999,32.543750000000045,Entry relative to this part's minimum X/S/N; see STEP for shaped parts; NOT machining approval
main_lower_right,wood_panel_lower_right_1,50.0,50.000000000000014,-6.394884621840902e-14,1.968503937007874,1.9685039370078747,-2.517671110960985e-15,0.0,-4.440892098500626e-15,0.9999999999999999,18.256250000000037,Entry relative to this part's minimum X/S/N; see STEP for shaped parts; NOT machining approval
wood_rail_lower,wood_panel_lower_right_1,1269.2,49.999999999999986,2.751038890560896e-14,49.96850393700788,1.9685039370078736,1.0830861773861795e-15,0.0,-4.440892098500626e-15,0.9999999999999999,32.543749999999974,Entry relative to this part's minimum X/S/N; see STEP for shaped parts; NOT machining approval
main_lower_right,wood_panel_lower_right_2,423.06666666666666,50.000000000000014,-6.394884621840902e-14,16.656167979002625,1.9685039370078747,-2.517671110960985e-15,0.0,-4.440892098500626e-15,0.9999999999999999,18.256250000000037,Entry relative to this part's minimum X/S/N; see STEP for shaped parts; NOT machining approval
wood_rail_lower,wood_panel_lower_right_2,1642.2666666666667,49.99999999999999,1.6852247869207456e-14,64.65616797900263,1.9685039370078738,6.634743255593487e-16,0.0,-4.440892098500626e-15,0.9999999999999999,32.543749999999996,Entry relative to this part's minimum X/S/N; see STEP for shaped parts; NOT machining approval
main_lower_right,wood_panel_lower_right_3,796.1333333333333,50.000000000000014,-6.394884621840902e-14,31.343832020997375,1.9685039370078747,-2.517671110960985e-15,0.0,-4.440892098500626e-15,0.9999999999999999,18.256250000000037,Entry relative to this part's minimum X/S/N; see STEP for shaped parts; NOT machining approval
wood_rail_lower,wood_panel_lower_right_3,2015.3333333333335,49.99999999999999,1.6852247869207456e-14,79.34383202099738,1.9685039370078738,6.634743255593487e-16,0.0,-4.440892098500626e-15,0.9999999999999999,32.543749999999996,Entry relative to this part's minimum X/S/N; see STEP for shaped parts; NOT machining approval
main_lower_right,wood_panel_lower_right_4,1169.2,50.000000000000014,-6.394884621840902e-14,46.03149606299213,1.9685039370078747,-2.517671110960985e-15,0.0,-4.440892098500626e-15,0.9999999999999999,18.256250000000037,Entry relative to this part's minimum X/S/N; see STEP for shaped parts; NOT machining approval
wood_rail_lower,wood_panel_lower_right_4,2388.4,49.999999999999986,2.751038890560896e-14,94.03149606299213,1.9685039370078736,1.0830861773861795e-15,0.0,-4.440892098500626e-15,0.9999999999999999,32.543749999999974,Entry relative to this part's minimum X/S/N; see STEP for shaped parts; NOT machining approval
main_lower_right,wood_panel_lower_right_5,50.0,1169.2,-9.947598300641403e-14,1.968503937007874,46.03149606299213,-3.916377283717088e-15,0.0,-4.440892098500626e-15,0.9999999999999999,18.256250000000154,Entry relative to this part's minimum X/S/N; see STEP for shaped parts; NOT machining approval
wood_rail_mid,wood_panel_lower_right_5,1269.2,19.850000000000136,1.1368683772161603e-13,49.96850393700788,0.7814960629921314,4.475859752819529e-15,0.0,-4.440892098500626e-15,0.9999999999999999,32.543749999999804,Entry relative to this part's minimum X/S/N; see STEP for shaped parts; NOT machining approval
main_lower_right,wood_panel_lower_right_6,423.06666666666666,1169.2,-9.947598300641403e-14,16.656167979002625,46.03149606299213,-3.916377283717088e-15,0.0,-4.440892098500626e-15,0.9999999999999999,18.256250000000154,Entry relative to this part's minimum X/S/N; see STEP for shaped parts; NOT machining approval
wood_rail_mid,wood_panel_lower_right_6,1642.2666666666667,19.850000000000136,1.1368683772161603e-13,64.65616797900263,0.7814960629921314,4.475859752819529e-15,0.0,-4.440892098500626e-15,0.9999999999999999,32.543749999999804,Entry relative to this part's minimum X/S/N; see STEP for shaped parts; NOT machining approval
main_lower_right,wood_panel_lower_right_7,807.1333333333333,1169.2,-9.947598300641403e-14,31.77690288713911,46.03149606299213,-3.916377283717088e-15,0.0,-4.440892098500626e-15,0.9999999999999999,18.256250000000154,Entry relative to this part's minimum X/S/N; see STEP for shaped parts; NOT machining approval
wood_rail_mid,wood_panel_lower_right_7,2026.3333333333335,19.850000000000136,1.1368683772161603e-13,79.77690288713912,0.7814960629921314,4.475859752819529e-15,0.0,-4.440892098500626e-15,0.9999999999999999,32.543749999999804,Entry relative to this part's minimum X/S/N; see STEP for shaped parts; NOT machining approval
main_lower_right,wood_panel_lower_right_8,1169.2,1169.2,-9.947598300641403e-14,46.03149606299213,46.03149606299213,-3.916377283717088e-15,0.0,-4.440892098500626e-15,0.9999999999999999,18.256250000000154,Entry relative to this part's minimum X/S/N; see STEP for shaped parts; NOT machining approval
wood_rail_mid,wood_panel_lower_right_8,2388.4,19.850000000000136,1.1368683772161603e-13,94.03149606299213,0.7814960629921314,4.475859752819529e-15,0.0,-4.440892098500626e-15,0.9999999999999999,32.543749999999804,Entry relative to this part's minimum X/S/N; see STEP for shaped parts; NOT machining approval
main_lower_right,wood_panel_lower_right_9,50.0,423.06666666666666,-4.263256414560601e-14,1.968503937007874,16.656167979002625,-1.6784474073073234e-15,0.0,-4.440892098500626e-15,0.9999999999999999,18.256249999999994,Entry relative to this part's minimum X/S/N; see STEP for shaped parts; NOT machining approval
wood_vertical_center_right_lower,wood_panel_lower_right_9,50.00000000000537,334.16666666666663,1.4210854715202004e-13,1.9685039370080857,13.156167979002625,5.594824691024411e-15,0.0,-4.440892098500626e-15,0.9999999999999999,32.543750000000024,Entry relative to this part's minimum X/S/N; see STEP for shaped parts; NOT machining approval
main_lower_right,wood_panel_lower_right_10,50.0,796.1333333333333,1.4210854715202004e-14,1.968503937007874,31.343832020997375,5.594824691024411e-16,0.0,-4.440892098500626e-15,0.9999999999999999,18.256249999999994,Entry relative to this part's minimum X/S/N; see STEP for shaped parts; NOT machining approval
wood_vertical_center_right_lower,wood_panel_lower_right_10,50.00000000000537,707.2333333333333,1.7053025658242404e-13,1.9685039370080857,27.84383202099738,6.713789629229294e-15,0.0,-4.440892098500626e-15,0.9999999999999999,32.543750000000045,Entry relative to this part's minimum X/S/N; see STEP for shaped parts; NOT machining approval
main_lower_right,wood_panel_lower_right_11,1169.2,423.06666666666666,-4.263256414560601e-14,46.03149606299213,16.656167979002625,-1.6784474073073234e-15,0.0,-4.440892098500626e-15,0.9999999999999999,18.256249999999994,Entry relative to this part's minimum X/S/N; see STEP for shaped parts; NOT machining approval
wood_vertical_edge_right_lower,wood_panel_lower_right_11,38.90000000000009,334.16666666666663,1.4210854715202004e-13,1.5314960629921297,13.156167979002625,5.594824691024411e-15,0.0,-4.440892098500626e-15,0.9999999999999999,32.543750000000024,Entry relative to this part's minimum X/S/N; see STEP for shaped parts; NOT machining approval
main_lower_right,wood_panel_lower_right_12,1169.2,796.1333333333333,1.4210854715202004e-14,46.03149606299213,31.343832020997375,5.594824691024411e-16,0.0,-4.440892098500626e-15,0.9999999999999999,18.256249999999994,Entry relative to this part's minimum X/S/N; see STEP for shaped parts; NOT machining approval
wood_vertical_edge_right_lower,wood_panel_lower_right_12,38.90000000000009,707.2333333333333,1.7053025658242404e-13,1.5314960629921297,27.84383202099738,6.713789629229294e-15,0.0,-4.440892098500626e-15,0.9999999999999999,32.543750000000045,Entry relative to this part's minimum X/S/N; see STEP for shaped parts; NOT machining approval
main_upper_left,wood_panel_upper_left_1,50.0,49.99999999999977,-1.1368683772161603e-13,1.968503937007874,1.9685039370078652,-4.475859752819529e-15,0.0,-4.440892098500626e-15,0.9999999999999999,18.256250000000154,Entry relative to this part's minimum X/S/N; see STEP for shaped parts; NOT machining approval
wood_rail_mid,wood_panel_upper_left_1,50.0,119.85000000000014,1.1368683772161603e-13,1.968503937007874,4.718503937007879,4.475859752819529e-15,0.0,-4.440892098500626e-15,0.9999999999999999,32.543749999999804,Entry relative to this part's minimum X/S/N; see STEP for shaped parts; NOT machining approval
main_upper_left,wood_panel_upper_left_2,426.0666666666666,49.99999999999977,-1.1368683772161603e-13,16.774278215223095,1.9685039370078652,-4.475859752819529e-15,0.0,-4.440892098500626e-15,0.9999999999999999,18.256250000000154,Entry relative to this part's minimum X/S/N; see STEP for shaped parts; NOT machining approval
wood_rail_mid,wood_panel_upper_left_2,426.0666666666666,119.85000000000014,1.1368683772161603e-13,16.774278215223095,4.718503937007879,4.475859752819529e-15,0.0,-4.440892098500626e-15,0.9999999999999999,32.543749999999804,Entry relative to this part's minimum X/S/N; see STEP for shaped parts; NOT machining approval
main_upper_left,wood_panel_upper_left_3,774.1333333333333,49.99999999999977,-1.1368683772161603e-13,30.477690288713912,1.9685039370078652,-4.475859752819529e-15,0.0,-4.440892098500626e-15,0.9999999999999999,18.256250000000154,Entry relative to this part's minimum X/S/N; see STEP for shaped parts; NOT machining approval
wood_rail_mid,wood_panel_upper_left_3,774.1333333333333,119.85000000000014,1.1368683772161603e-13,30.477690288713912,4.718503937007879,4.475859752819529e-15,0.0,-4.440892098500626e-15,0.9999999999999999,32.543749999999804,Entry relative to this part's minimum X/S/N; see STEP for shaped parts; NOT machining approval
main_upper_left,wood_panel_upper_left_4,1169.2,49.99999999999977,-1.1368683772161603e-13,46.03149606299213,1.9685039370078652,-4.475859752819529e-15,0.0,-4.440892098500626e-15,0.9999999999999999,18.256250000000154,Entry relative to this part's minimum X/S/N; see STEP for shaped parts; NOT machining approval
wood_rail_mid,wood_panel_upper_left_4,1169.2,119.85000000000014,1.1368683772161603e-13,46.03149606299213,4.718503937007879,4.475859752819529e-15,0.0,-4.440892098500626e-15,0.9999999999999999,32.543749999999804,Entry relative to this part's minimum X/S/N; see STEP for shaped parts; NOT machining approval
main_upper_left,wood_panel_upper_left_5,50.0,1169.1999999999994,0.0,1.968503937007874,46.031496062992105,0.0,0.0,-4.440892098500626e-15,0.9999999999999999,18.256249999999923,Entry relative to this part's minimum X/S/N; see STEP for shaped parts; NOT machining approval
wood_rail_top,wood_panel_upper_left_5,50.0,38.900000000000546,-1.3500311979441904e-13,1.968503937007874,1.5314960629921475,-5.31508345647319e-15,0.0,-4.440892098500626e-15,0.9999999999999999,32.543750000000124,Entry relative to this part's minimum X/S/N; see STEP for shaped parts; NOT machining approval
main_upper_left,wood_panel_upper_left_6,423.0666666666666,1169.1999999999994,0.0,16.656167979002625,46.031496062992105,0.0,0.0,-4.440892098500626e-15,0.9999999999999999,18.256249999999923,Entry relative to this part's minimum X/S/N; see STEP for shaped parts; NOT machining approval
wood_rail_top,wood_panel_upper_left_6,423.0666666666666,38.900000000000546,-1.3500311979441904e-13,16.656167979002625,1.5314960629921475,-5.31508345647319e-15,0.0,-4.440892098500626e-15,0.9999999999999999,32.543750000000124,Entry relative to this part's minimum X/S/N; see STEP for shaped parts; NOT machining approval
main_upper_left,wood_panel_upper_left_7,796.1333333333333,1169.1999999999994,0.0,31.343832020997375,46.031496062992105,0.0,0.0,-4.440892098500626e-15,0.9999999999999999,18.256249999999923,Entry relative to this part's minimum X/S/N; see STEP for shaped parts; NOT machining approval
wood_rail_top,wood_panel_upper_left_7,796.1333333333333,38.900000000000546,-1.3500311979441904e-13,31.343832020997375,1.5314960629921475,-5.31508345647319e-15,0.0,-4.440892098500626e-15,0.9999999999999999,32.543750000000124,Entry relative to this part's minimum X/S/N; see STEP for shaped parts; NOT machining approval
main_upper_left,wood_panel_upper_left_8,1169.2,1169.1999999999994,0.0,46.03149606299213,46.031496062992105,0.0,0.0,-4.440892098500626e-15,0.9999999999999999,18.256249999999923,Entry relative to this part's minimum X/S/N; see STEP for shaped parts; NOT machining approval
wood_rail_top,wood_panel_upper_left_8,1169.2,38.900000000000546,-1.3500311979441904e-13,46.03149606299213,1.5314960629921475,-5.31508345647319e-15,0.0,-4.440892098500626e-15,0.9999999999999999,32.543750000000124,Entry relative to this part's minimum X/S/N; see STEP for shaped parts; NOT machining approval
main_upper_left,wood_panel_upper_left_9,50.0,423.0666666666666,0.0,1.968503937007874,16.656167979002625,0.0,0.0,-4.440892098500626e-15,0.9999999999999999,18.256250000000154,Entry relative to this part's minimum X/S/N; see STEP for shaped parts; NOT machining approval
wood_vertical_edge_left_upper,wood_panel_upper_left_9,50.0,353.21666666666647,-1.1368683772161603e-13,1.968503937007874,13.906167979002618,-4.475859752819529e-15,0.0,-4.440892098500626e-15,0.9999999999999999,32.54375000000003,Entry relative to this part's minimum X/S/N; see STEP for shaped parts; NOT machining approval
main_upper_left,wood_panel_upper_left_10,50.0,796.1333333333332,1.1368683772161603e-13,1.968503937007874,31.34383202099737,4.475859752819529e-15,0.0,-4.440892098500626e-15,0.9999999999999999,18.256250000000065,Entry relative to this part's minimum X/S/N; see STEP for shaped parts; NOT machining approval
wood_vertical_edge_left_upper,wood_panel_upper_left_10,50.0,726.2833333333333,-3.410605131648481e-13,1.968503937007874,28.593832020997375,-1.3427579258458588e-14,0.0,-4.440892098500626e-15,0.9999999999999999,32.543750000000124,Entry relative to this part's minimum X/S/N; see STEP for shaped parts; NOT machining approval
main_upper_left,wood_panel_upper_left_11,1169.2,423.0666666666666,0.0,46.03149606299213,16.656167979002625,0.0,0.0,-4.440892098500626e-15,0.9999999999999999,18.256250000000154,Entry relative to this part's minimum X/S/N; see STEP for shaped parts; NOT machining approval
wood_vertical_center_left_upper,wood_panel_upper_left_11,38.900000000000006,353.2166666666701,1.0658141036401503e-13,1.5314960629921264,13.906167979002761,4.196118518268309e-15,0.0,-4.440892098500626e-15,0.9999999999999999,32.54375000000003,Entry relative to this part's minimum X/S/N; see STEP for shaped parts; NOT machining approval
main_upper_left,wood_panel_upper_left_12,1169.2,796.1333333333332,1.1368683772161603e-13,46.03149606299213,31.34383202099737,4.475859752819529e-15,0.0,-4.440892098500626e-15,0.9999999999999999,18.256250000000065,Entry relative to this part's minimum X/S/N; see STEP for shaped parts; NOT machining approval
wood_vertical_center_left_upper,wood_panel_upper_left_12,38.900000000000006,726.2833333333369,-1.2079226507921703e-13,1.5314960629921264,28.593832020997517,-4.7556009873707495e-15,0.0,-4.440892098500626e-15,0.9999999999999999,32.543750000000124,Entry relative to this part's minimum X/S/N; see STEP for shaped parts; NOT machining approval
main_upper_right,wood_panel_upper_right_1,50.0,49.99999999999977,-1.1368683772161603e-13,1.968503937007874,1.9685039370078652,-4.475859752819529e-15,0.0,-4.440892098500626e-15,0.9999999999999999,18.256250000000154,Entry relative to this part's minimum X/S/N; see STEP for shaped parts; NOT machining approval
wood_rail_mid,wood_panel_upper_right_1,1269.2,119.85000000000014,1.1368683772161603e-13,49.96850393700788,4.718503937007879,4.475859752819529e-15,0.0,-4.440892098500626e-15,0.9999999999999999,32.543749999999804,Entry relative to this part's minimum X/S/N; see STEP for shaped parts; NOT machining approval
main_upper_right,wood_panel_upper_right_2,423.06666666666666,49.99999999999977,-1.1368683772161603e-13,16.656167979002625,1.9685039370078652,-4.475859752819529e-15,0.0,-4.440892098500626e-15,0.9999999999999999,18.256250000000154,Entry relative to this part's minimum X/S/N; see STEP for shaped parts; NOT machining approval
wood_rail_mid,wood_panel_upper_right_2,1642.2666666666667,119.85000000000014,1.1368683772161603e-13,64.65616797900263,4.718503937007879,4.475859752819529e-15,0.0,-4.440892098500626e-15,0.9999999999999999,32.543749999999804,Entry relative to this part's minimum X/S/N; see STEP for shaped parts; NOT machining approval
main_upper_right,wood_panel_upper_right_3,807.1333333333333,49.99999999999977,-1.1368683772161603e-13,31.77690288713911,1.9685039370078652,-4.475859752819529e-15,0.0,-4.440892098500626e-15,0.9999999999999999,18.256250000000154,Entry relative to this part's minimum X/S/N; see STEP for shaped parts; NOT machining approval
wood_rail_mid,wood_panel_upper_right_3,2026.3333333333335,119.85000000000014,1.1368683772161603e-13,79.77690288713912,4.718503937007879,4.475859752819529e-15,0.0,-4.440892098500626e-15,0.9999999999999999,32.543749999999804,Entry relative to this part's minimum X/S/N; see STEP for shaped parts; NOT machining approval
main_upper_right,wood_panel_upper_right_4,1169.2,49.99999999999977,-1.1368683772161603e-13,46.03149606299213,1.9685039370078652,-4.475859752819529e-15,0.0,-4.440892098500626e-15,0.9999999999999999,18.256250000000154,Entry relative to this part's minimum X/S/N; see STEP for shaped parts; NOT machining approval
wood_rail_mid,wood_panel_upper_right_4,2388.4,119.85000000000014,1.1368683772161603e-13,94.03149606299213,4.718503937007879,4.475859752819529e-15,0.0,-4.440892098500626e-15,0.9999999999999999,32.543749999999804,Entry relative to this part's minimum X/S/N; see STEP for shaped parts; NOT machining approval
main_upper_right,wood_panel_upper_right_5,50.0,1169.1999999999994,0.0,1.968503937007874,46.031496062992105,0.0,0.0,-4.440892098500626e-15,0.9999999999999999,18.256249999999923,Entry relative to this part's minimum X/S/N; see STEP for shaped parts; NOT machining approval
wood_rail_top,wood_panel_upper_right_5,1269.2,38.900000000000546,-1.3500311979441904e-13,49.96850393700788,1.5314960629921475,-5.31508345647319e-15,0.0,-4.440892098500626e-15,0.9999999999999999,32.543750000000124,Entry relative to this part's minimum X/S/N; see STEP for shaped parts; NOT machining approval
main_upper_right,wood_panel_upper_right_6,423.06666666666666,1169.1999999999994,0.0,16.656167979002625,46.031496062992105,0.0,0.0,-4.440892098500626e-15,0.9999999999999999,18.256249999999923,Entry relative to this part's minimum X/S/N; see STEP for shaped parts; NOT machining approval
wood_rail_top,wood_panel_upper_right_6,1642.2666666666667,38.900000000000546,-1.3500311979441904e-13,64.65616797900263,1.5314960629921475,-5.31508345647319e-15,0.0,-4.440892098500626e-15,0.9999999999999999,32.543750000000124,Entry relative to this part's minimum X/S/N; see STEP for shaped parts; NOT machining approval
main_upper_right,wood_panel_upper_right_7,796.1333333333333,1169.1999999999994,0.0,31.343832020997375,46.031496062992105,0.0,0.0,-4.440892098500626e-15,0.9999999999999999,18.256249999999923,Entry relative to this part's minimum X/S/N; see STEP for shaped parts; NOT machining approval
wood_rail_top,wood_panel_upper_right_7,2015.3333333333335,38.900000000000546,-1.3500311979441904e-13,79.34383202099738,1.5314960629921475,-5.31508345647319e-15,0.0,-4.440892098500626e-15,0.9999999999999999,32.543750000000124,Entry relative to this part's minimum X/S/N; see STEP for shaped parts; NOT machining approval
main_upper_right,wood_panel_upper_right_8,1169.2,1169.1999999999994,0.0,46.03149606299213,46.031496062992105,0.0,0.0,-4.440892098500626e-15,0.9999999999999999,18.256249999999923,Entry relative to this part's minimum X/S/N; see STEP for shaped parts; NOT machining approval
wood_rail_top,wood_panel_upper_right_8,2388.4,38.900000000000546,-1.3500311979441904e-13,94.03149606299213,1.5314960629921475,-5.31508345647319e-15,0.0,-4.440892098500626e-15,0.9999999999999999,32.543750000000124,Entry relative to this part's minimum X/S/N; see STEP for shaped parts; NOT machining approval
main_upper_right,wood_panel_upper_right_9,50.0,423.0666666666666,0.0,1.968503937007874,16.656167979002625,0.0,0.0,-4.440892098500626e-15,0.9999999999999999,18.256250000000154,Entry relative to this part's minimum X/S/N; see STEP for shaped parts; NOT machining approval
wood_vertical_center_right_upper,wood_panel_upper_right_9,50.00000000004461,353.21666666666647,1.0658141036401503e-13,1.9685039370096304,13.906167979002618,4.196118518268309e-15,0.0,-4.440892098500626e-15,0.9999999999999999,32.54375000000003,Entry relative to this part's minimum X/S/N; see STEP for shaped parts; NOT machining approval
main_upper_right,wood_panel_upper_right_10,50.0,796.1333333333332,1.1368683772161603e-13,1.968503937007874,31.34383202099737,4.475859752819529e-15,0.0,-4.440892098500626e-15,0.9999999999999999,18.256250000000065,Entry relative to this part's minimum X/S/N; see STEP for shaped parts; NOT machining approval
wood_vertical_center_right_upper,wood_panel_upper_right_10,50.00000000004461,726.2833333333333,-1.2079226507921703e-13,1.9685039370096304,28.593832020997375,-4.7556009873707495e-15,0.0,-4.440892098500626e-15,0.9999999999999999,32.543750000000124,Entry relative to this part's minimum X/S/N; see STEP for shaped parts; NOT machining approval
main_upper_right,wood_panel_upper_right_11,1169.2,423.0666666666666,0.0,46.03149606299213,16.656167979002625,0.0,0.0,-4.440892098500626e-15,0.9999999999999999,18.256250000000154,Entry relative to this part's minimum X/S/N; see STEP for shaped parts; NOT machining approval
wood_vertical_edge_right_upper,wood_panel_upper_right_11,38.90000000000009,353.21666666666647,-1.1368683772161603e-13,1.5314960629921297,13.906167979002618,-4.475859752819529e-15,0.0,-4.440892098500626e-15,0.9999999999999999,32.54375000000003,Entry relative to this part's minimum X/S/N; see STEP for shaped parts; NOT machining approval
main_upper_right,wood_panel_upper_right_12,1169.2,796.1333333333332,1.1368683772161603e-13,46.03149606299213,31.34383202099737,4.475859752819529e-15,0.0,-4.440892098500626e-15,0.9999999999999999,18.256250000000065,Entry relative to this part's minimum X/S/N; see STEP for shaped parts; NOT machining approval
wood_vertical_edge_right_upper,wood_panel_upper_right_12,38.90000000000009,726.2833333333333,-3.410605131648481e-13,1.5314960629921297,28.593832020997375,-1.3427579258458588e-14,0.0,-4.440892098500626e-15,0.9999999999999999,32.543750000000124,Entry relative to this part's minimum X/S/N; see STEP for shaped parts; NOT machining approval
box_side_left,wood_edge_left_1,0.0,299.9999999999999,37.04999999999991,0.0,11.81102362204724,1.4586614173228312,1.0,0.0,0.0,38.09999999999991,Entry relative to this part's minimum X/S/N; see STEP for shaped parts; NOT machining approval
wood_vertical_edge_left_lower,wood_edge_left_1,0.0,211.09999999999985,19.050000000000097,0.0,8.311023622047239,0.7500000000000039,1.0,0.0,0.0,38.100000000000094,Entry relative to this part's minimum X/S/N; see STEP for shaped parts; NOT machining approval
box_side_left,wood_edge_left_2,0.0,899.9999999999999,37.04999999999994,0.0,35.43307086614173,1.4586614173228323,1.0,0.0,0.0,38.09999999999991,Entry relative to this part's minimum X/S/N; see STEP for shaped parts; NOT machining approval
wood_vertical_edge_left_lower,wood_edge_left_2,0.0,811.0999999999999,19.050000000000125,0.0,31.93307086614173,0.750000000000005,1.0,0.0,0.0,38.100000000000094,Entry relative to this part's minimum X/S/N; see STEP for shaped parts; NOT machining approval
box_side_left,wood_edge_left_3,0.0,1500.0,37.05,0.0,59.05511811023622,1.4586614173228347,1.0,0.0,0.0,38.09999999999991,Entry relative to this part's minimum X/S/N; see STEP for shaped parts; NOT machining approval
wood_vertical_edge_left_upper,wood_edge_left_3,0.0,210.94999999999982,19.049999999999955,0.0,8.305118110236213,0.7499999999999982,1.0,0.0,0.0,38.100000000000094,Entry relative to this part's minimum X/S/N; see STEP for shaped parts; NOT machining approval
box_side_left,wood_edge_left_4,0.0,2100.0,37.04999999999977,0.0,82.67716535433071,1.4586614173228256,1.0,0.0,0.0,38.09999999999991,Entry relative to this part's minimum X/S/N; see STEP for shaped parts; NOT machining approval
wood_vertical_edge_left_upper,wood_edge_left_4,0.0,810.9499999999998,19.049999999999727,0.0,31.927165354330704,0.7499999999999893,1.0,0.0,0.0,38.100000000000094,Entry relative to this part's minimum X/S/N; see STEP for shaped parts; NOT machining approval
kicker_batten_bottom,wood_kicker_block_face_left_bottom,38.09999999999991,43.641319007032166,16.069690242163517,1.4999999999999964,1.7181621656311878,0.632664970163918,0.0,-0.6427876096865427,0.766044443118978,38.099999999999994,Entry relative to this part's minimum X/S/N; see STEP for shaped parts; NOT machining approval
wood_kicker_block_left_bottom,wood_kicker_block_face_left_bottom,38.09999999999991,39.81109679143714,12.855752193730822,1.4999999999999964,1.567366015410911,0.5061319761311348,0.0,-0.6427876096865427,0.766044443118978,25.400000000000006,Entry relative to this part's minimum X/S/N; see STEP for shaped parts; NOT machining approval
kicker_cheek_left,wood_kicker_block_side_left_bottom,0.0,61.52179606863044,73.63793014255472,0.0,2.4221179554578915,2.8991311079745956,1.0,0.0,0.0,38.09999999999991,Entry relative to this part's minimum X/S/N; see STEP for shaped parts; NOT machining approval
wood_kicker_block_left_bottom,wood_kicker_block_side_left_bottom,0.0,27.565992826908513,27.44889883514736,0.0,1.0852753081460045,1.0806653084703686,1.0,0.0,0.0,25.40000000000009,Entry relative to this part's minimum X/S/N; see STEP for shaped parts; NOT machining approval
kicker_batten_top,wood_kicker_block_face_left_top,76.20000000000005,43.64131900703168,16.069690242163492,3.0000000000000018,1.7181621656311687,0.6326649701639171,0.0,-0.6427876096865427,0.766044443118978,38.099999999999994,Entry relative to this part's minimum X/S/N; see STEP for shaped parts; NOT machining approval
wood_kicker_block_left_top,wood_kicker_block_face_left_top,38.100000000000136,39.811096791436675,12.855752193730801,1.5000000000000056,1.5673660154108928,0.5061319761311339,0.0,-0.6427876096865427,0.766044443118978,25.400000000000006,Entry relative to this part's minimum X/S/N; see STEP for shaped parts; NOT machining approval
kicker_cheek_left,wood_kicker_block_side_left_top,0.0,195.5795736144511,186.1257618376991,0.0,7.699983213167367,7.327785899122012,1.0,0.0,0.0,38.09999999999991,Entry relative to this part's minimum X/S/N; see STEP for shaped parts; NOT machining approval
cheek_splice_left_outer,wood_kicker_block_side_left_top,0.0,61.521796068630266,30.66283688358004,0.0,2.4221179554578844,1.2071983025031514,1.0,0.0,0.0,19.049999999999955,Entry relative to this part's minimum X/S/N; see STEP for shaped parts; NOT machining approval
cheek_splice_left_inner,wood_kicker_block_side_left_top,0.0,61.521796068630266,30.66283688358004,0.0,2.4221179554578844,1.2071983025031514,1.0,0.0,0.0,19.049999999999955,Entry relative to this part's minimum X/S/N; see STEP for shaped parts; NOT machining approval
wood_kicker_block_left_top,wood_kicker_block_side_left_top,0.0,27.56599282690803,27.44889883514734,0.0,1.0852753081459854,1.0806653084703677,1.0,0.0,0.0,25.40000000000009,Entry relative to this part's minimum X/S/N; see STEP for shaped parts; NOT machining approval
box_side_right,wood_edge_right_1,38.09999999999991,299.9999999999999,37.04999999999991,1.4999999999999964,11.81102362204724,1.4586614173228312,-1.0,0.0,0.0,38.09999999999991,Entry relative to this part's minimum X/S/N; see STEP for shaped parts; NOT machining approval
wood_vertical_edge_right_lower,wood_edge_right_1,88.90000000000009,211.09999999999985,19.050000000000097,3.500000000000004,8.311023622047239,0.7500000000000039,-1.0,0.0,0.0,38.100000000000094,Entry relative to this part's minimum X/S/N; see STEP for shaped parts; NOT machining approval
box_side_right,wood_edge_right_2,38.09999999999991,899.9999999999999,37.04999999999994,1.4999999999999964,35.43307086614173,1.4586614173228323,-1.0,0.0,0.0,38.09999999999991,Entry relative to this part's minimum X/S/N; see STEP for shaped parts; NOT machining approval
wood_vertical_edge_right_lower,wood_edge_right_2,88.90000000000009,811.0999999999999,19.050000000000125,3.500000000000004,31.93307086614173,0.750000000000005,-1.0,0.0,0.0,38.100000000000094,Entry relative to this part's minimum X/S/N; see STEP for shaped parts; NOT machining approval
box_side_right,wood_edge_right_3,38.09999999999991,1500.0,37.05,1.4999999999999964,59.05511811023622,1.4586614173228347,-1.0,0.0,0.0,38.09999999999991,Entry relative to this part's minimum X/S/N; see STEP for shaped parts; NOT machining approval
wood_vertical_edge_right_upper,wood_edge_right_3,88.90000000000009,210.94999999999982,19.049999999999955,3.500000000000004,8.305118110236213,0.7499999999999982,-1.0,0.0,0.0,38.100000000000094,Entry relative to this part's minimum X/S/N; see STEP for shaped parts; NOT machining approval
box_side_right,wood_edge_right_4,38.09999999999991,2100.0,37.04999999999977,1.4999999999999964,82.67716535433071,1.4586614173228256,-1.0,0.0,0.0,38.09999999999991,Entry relative to this part's minimum X/S/N; see STEP for shaped parts; NOT machining approval
wood_vertical_edge_right_upper,wood_edge_right_4,88.90000000000009,810.9499999999998,19.049999999999727,3.500000000000004,31.927165354330704,0.7499999999999893,-1.0,0.0,0.0,38.100000000000094,Entry relative to this part's minimum X/S/N; see STEP for shaped parts; NOT machining approval
kicker_batten_bottom,wood_kicker_block_face_right_bottom,2400.3,43.641319007032166,16.069690242163517,94.50000000000001,1.7181621656311878,0.632664970163918,0.0,-0.6427876096865427,0.766044443118978,38.099999999999994,Entry relative to this part's minimum X/S/N; see STEP for shaped parts; NOT machining approval
wood_kicker_block_right_bottom,wood_kicker_block_face_right_bottom,38.100000000000136,39.81109679143714,12.855752193730822,1.5000000000000056,1.567366015410911,0.5061319761311348,0.0,-0.6427876096865427,0.766044443118978,25.400000000000006,Entry relative to this part's minimum X/S/N; see STEP for shaped parts; NOT machining approval
kicker_cheek_right,wood_kicker_block_side_right_bottom,38.09999999999991,61.52179606863044,73.63793014255472,1.4999999999999964,2.4221179554578915,2.8991311079745956,-1.0,0.0,0.0,38.09999999999991,Entry relative to this part's minimum X/S/N; see STEP for shaped parts; NOT machining approval
wood_kicker_block_right_bottom,wood_kicker_block_side_right_bottom,76.20000000000005,27.565992826908513,27.44889883514736,3.0000000000000018,1.0852753081460045,1.0806653084703686,-1.0,0.0,0.0,25.40000000000009,Entry relative to this part's minimum X/S/N; see STEP for shaped parts; NOT machining approval
kicker_batten_top,wood_kicker_block_face_right_top,2362.2,43.64131900703168,16.069690242163492,93.0,1.7181621656311687,0.6326649701639171,0.0,-0.6427876096865427,0.766044443118978,38.099999999999994,Entry relative to this part's minimum X/S/N; see STEP for shaped parts; NOT machining approval
wood_kicker_block_right_top,wood_kicker_block_face_right_top,38.09999999999991,39.811096791436675,12.855752193730801,1.4999999999999964,1.5673660154108928,0.5061319761311339,0.0,-0.6427876096865427,0.766044443118978,25.400000000000006,Entry relative to this part's minimum X/S/N; see STEP for shaped parts; NOT machining approval
kicker_cheek_right,wood_kicker_block_side_right_top,38.09999999999991,195.5795736144511,186.1257618376991,1.4999999999999964,7.699983213167367,7.327785899122012,-1.0,0.0,0.0,38.09999999999991,Entry relative to this part's minimum X/S/N; see STEP for shaped parts; NOT machining approval
cheek_splice_right_outer,wood_kicker_block_side_right_top,19.050000000000182,61.521796068630266,30.66283688358004,0.7500000000000072,2.4221179554578844,1.2071983025031514,-1.0,0.0,0.0,19.049999999999955,Entry relative to this part's minimum X/S/N; see STEP for shaped parts; NOT machining approval
cheek_splice_right_inner,wood_kicker_block_side_right_top,19.049999999999955,61.521796068630266,30.66283688358004,0.7499999999999982,2.4221179554578844,1.2071983025031514,-1.0,0.0,0.0,19.049999999999955,Entry relative to this part's minimum X/S/N; see STEP for shaped parts; NOT machining approval
wood_kicker_block_right_top,wood_kicker_block_side_right_top,76.20000000000005,27.56599282690803,27.44889883514734,3.0000000000000018,1.0852753081459854,1.0806653084703677,-1.0,0.0,0.0,25.40000000000009,Entry relative to this part's minimum X/S/N; see STEP for shaped parts; NOT machining approval
wood_beam_lower_left,clip_mvp_lower_left_1_beam_1,18.0,38.09999999999971,35.85000000000001,0.7086614173228347,1.4999999999999887,1.411417322834646,-0.0,-1.0,4.440892098500626e-15,35.4,Entry relative to this part's minimum X/S/N; see STEP for shaped parts; NOT machining approval
wood_beam_lower_left,clip_mvp_lower_left_1_beam_2,34.0,38.09999999999957,69.85000000000001,1.3385826771653544,1.4999999999999831,2.7500000000000004,-0.0,-1.0,4.440892098500626e-15,35.39999999999999,Entry relative to this part's minimum X/S/N; see STEP for shaped parts; NOT machining approval
wood_beam_lower_left,clip_mvp_lower_left_1_beam_3,18.0,38.0999999999994,103.85000000000002,0.7086614173228347,1.4999999999999765,4.0885826771653555,-0.0,-1.0,4.440892098500626e-15,35.39999999999999,Entry relative to this part's minimum X/S/N; see STEP for shaped parts; NOT machining approval
box_side_left,clip_mvp_lower_left_1_upright_1,38.09999999999991,172.09999999999965,91.94999999999978,1.4999999999999964,6.775590551181089,3.6200787401574717,-1.0,-0.0,0.0,35.399999999999864,Entry relative to this part's minimum X/S/N; see STEP for shaped parts; NOT machining approval
box_side_left,clip_mvp_lower_left_1_upright_2,38.09999999999991,156.09999999999948,125.94999999999986,1.4999999999999964,6.145669291338563,4.95866141732283,-1.0,-0.0,0.0,35.399999999999864,Entry relative to this part's minimum X/S/N; see STEP for shaped parts; NOT machining approval
box_side_left,clip_mvp_lower_left_1_upright_3,38.09999999999991,172.09999999999934,159.9499999999998,1.4999999999999964,6.775590551181077,6.297244094488181,-1.0,-0.0,0.0,35.399999999999864,Entry relative to this part's minimum X/S/N; see STEP for shaped parts; NOT machining approval
wood_beam_lower_left,clip_mvp_lower_left_2_beam_1,1105.8,38.09999999999971,35.85000000000001,43.53543307086614,1.4999999999999887,1.411417322834646,-0.0,-1.0,4.440892098500626e-15,35.4,Entry relative to this part's minimum X/S/N; see STEP for shaped parts; NOT machining approval
wood_beam_lower_left,clip_mvp_lower_left_2_beam_2,1089.8,38.09999999999948,69.85,42.90551181102362,1.4999999999999798,2.75,-0.0,-1.0,4.440892098500626e-15,35.399999999999935,Entry relative to this part's minimum X/S/N; see STEP for shaped parts; NOT machining approval
wood_beam_lower_left,clip_mvp_lower_left_2_beam_3,1105.8,38.09999999999934,103.85,43.53543307086614,1.499999999999974,4.088582677165355,-0.0,-1.0,4.440892098500626e-15,35.399999999999935,Entry relative to this part's minimum X/S/N; see STEP for shaped parts; NOT machining approval
wood_principal_left,clip_mvp_lower_left_2_upright_1,0.0,172.09999999999974,35.84999999999991,0.0,6.775590551181092,1.4114173228346423,1.0,0.0,0.0,35.4,Entry relative to this part's minimum X/S/N; see STEP for shaped parts; NOT machining approval
wood_principal_left,clip_mvp_lower_left_2_upright_2,0.0,156.09999999999957,69.85,0.0,6.145669291338566,2.75,1.0,0.0,0.0,35.4,Entry relative to this part's minimum X/S/N; see STEP for shaped parts; NOT machining approval
wood_principal_left,clip_mvp_lower_left_2_upright_3,0.0,172.0999999999994,103.84999999999994,0.0,6.775590551181079,4.088582677165352,1.0,0.0,0.0,35.4,Entry relative to this part's minimum X/S/N; see STEP for shaped parts; NOT machining approval
wood_beam_lower_right,clip_mvp_lower_right_1_beam_1,18.0,38.09999999999971,35.85000000000001,0.7086614173228347,1.4999999999999887,1.411417322834646,-0.0,-1.0,4.440892098500626e-15,35.4,Entry relative to this part's minimum X/S/N; see STEP for shaped parts; NOT machining approval
wood_beam_lower_right,clip_mvp_lower_right_1_beam_2,34.0,38.09999999999957,69.85000000000001,1.3385826771653544,1.4999999999999831,2.7500000000000004,-0.0,-1.0,4.440892098500626e-15,35.39999999999999,Entry relative to this part's minimum X/S/N; see STEP for shaped parts; NOT machining approval
wood_beam_lower_right,clip_mvp_lower_right_1_beam_3,18.0,38.0999999999994,103.85000000000002,0.7086614173228347,1.4999999999999765,4.0885826771653555,-0.0,-1.0,4.440892098500626e-15,35.39999999999999,Entry relative to this part's minimum X/S/N; see STEP for shaped parts; NOT machining approval
wood_principal_right,clip_mvp_lower_right_1_upright_1,38.099999999999994,172.09999999999974,35.84999999999991,1.4999999999999998,6.775590551181092,1.4114173228346423,-1.0,-0.0,0.0,35.4,Entry relative to this part's minimum X/S/N; see STEP for shaped parts; NOT machining approval
wood_principal_right,clip_mvp_lower_right_1_upright_2,38.099999999999994,156.09999999999957,69.85,1.4999999999999998,6.145669291338566,2.75,-1.0,-0.0,0.0,35.4,Entry relative to this part's minimum X/S/N; see STEP for shaped parts; NOT machining approval
wood_principal_right,clip_mvp_lower_right_1_upright_3,38.099999999999994,172.0999999999994,103.84999999999994,1.4999999999999998,6.775590551181079,4.088582677165352,-1.0,-0.0,0.0,35.4,Entry relative to this part's minimum X/S/N; see STEP for shaped parts; NOT machining approval
wood_beam_lower_right,clip_mvp_lower_right_2_beam_1,1144.2,38.09999999999971,35.85000000000001,45.04724409448819,1.4999999999999887,1.411417322834646,-0.0,-1.0,4.440892098500626e-15,35.4,Entry relative to this part's minimum X/S/N; see STEP for shaped parts; NOT machining approval
wood_beam_lower_right,clip_mvp_lower_right_2_beam_2,1128.2,38.09999999999957,69.85000000000001,44.417322834645674,1.4999999999999831,2.7500000000000004,-0.0,-1.0,4.440892098500626e-15,35.39999999999999,Entry relative to this part's minimum X/S/N; see STEP for shaped parts; NOT machining approval
wood_beam_lower_right,clip_mvp_lower_right_2_beam_3,1144.2,38.0999999999994,103.85000000000002,45.04724409448819,1.4999999999999765,4.0885826771653555,-0.0,-1.0,4.440892098500626e-15,35.39999999999999,Entry relative to this part's minimum X/S/N; see STEP for shaped parts; NOT machining approval
box_side_right,clip_mvp_lower_right_2_upright_1,0.0,172.09999999999965,91.94999999999978,0.0,6.775590551181089,3.6200787401574717,1.0,0.0,0.0,35.399999999999864,Entry relative to this part's minimum X/S/N; see STEP for shaped parts; NOT machining approval
box_side_right,clip_mvp_lower_right_2_upright_2,0.0,156.09999999999948,125.94999999999986,0.0,6.145669291338563,4.95866141732283,1.0,0.0,0.0,35.399999999999864,Entry relative to this part's minimum X/S/N; see STEP for shaped parts; NOT machining approval
box_side_right,clip_mvp_lower_right_2_upright_3,0.0,172.09999999999934,159.9499999999998,0.0,6.775590551181077,6.297244094488181,1.0,0.0,0.0,35.399999999999864,Entry relative to this part's minimum X/S/N; see STEP for shaped parts; NOT machining approval
wood_beam_mid_left,clip_mvp_mid_left_1_beam_1,18.0,-2.2737367544323206e-13,35.84999999999994,0.7086614173228347,-8.951719505639057e-15,1.4114173228346434,0.0,1.0,-4.440892098500626e-15,35.400000000000006,Entry relative to this part's minimum X/S/N; see STEP for shaped parts; NOT machining approval
wood_beam_mid_left,clip_mvp_mid_left_1_beam_2,34.0,-2.2737367544323206e-13,69.84999999999994,1.3385826771653544,-8.951719505639057e-15,2.749999999999998,0.0,1.0,-4.440892098500626e-15,35.400000000000006,Entry relative to this part's minimum X/S/N; see STEP for shaped parts; NOT machining approval
wood_beam_mid_left,clip_mvp_mid_left_1_beam_3,18.0,-6.821210263296962e-13,103.85,0.7086614173228347,-2.6855158516917175e-14,4.088582677165355,0.0,1.0,-4.440892098500626e-15,35.400000000000006,Entry relative to this part's minimum X/S/N; see STEP for shaped parts; NOT machining approval
box_side_left,clip_mvp_mid_left_1_upright_1,38.09999999999991,1166.1499999999994,91.94999999999997,1.4999999999999964,45.91141732283462,3.6200787401574797,-1.0,-0.0,0.0,35.399999999999864,Entry relative to this part's minimum X/S/N; see STEP for shaped parts; NOT machining approval
box_side_left,clip_mvp_mid_left_1_upright_2,38.09999999999991,1182.1499999999996,125.94999999999997,1.4999999999999964,46.541338582677156,4.958661417322834,-1.0,-0.0,0.0,35.399999999999864,Entry relative to this part's minimum X/S/N; see STEP for shaped parts; NOT machining approval
box_side_left,clip_mvp_mid_left_1_upright_3,38.09999999999991,1166.1499999999992,159.9499999999999,1.4999999999999964,45.911417322834616,6.297244094488185,-1.0,-0.0,0.0,35.399999999999864,Entry relative to this part's minimum X/S/N; see STEP for shaped parts; NOT machining approval
wood_beam_mid_left,clip_mvp_mid_left_2_beam_1,1105.8,-2.2737367544323206e-13,35.84999999999994,43.53543307086614,-8.951719505639057e-15,1.4114173228346434,0.0,1.0,-4.440892098500626e-15,35.400000000000006,Entry relative to this part's minimum X/S/N; see STEP for shaped parts; NOT machining approval
wood_beam_mid_left,clip_mvp_mid_left_2_beam_2,1089.8,-2.2737367544323206e-13,69.84999999999994,42.90551181102362,-8.951719505639057e-15,2.749999999999998,0.0,1.0,-4.440892098500626e-15,35.400000000000006,Entry relative to this part's minimum X/S/N; see STEP for shaped parts; NOT machining approval
wood_beam_mid_left,clip_mvp_mid_left_2_beam_3,1105.8,-6.821210263296962e-13,103.85,43.53543307086614,-2.6855158516917175e-14,4.088582677165355,0.0,1.0,-4.440892098500626e-15,35.400000000000006,Entry relative to this part's minimum X/S/N; see STEP for shaped parts; NOT machining approval
wood_principal_left,clip_mvp_mid_left_2_upright_1,0.0,1166.1499999999994,35.85000000000011,0.0,45.91141732283462,1.41141732283465,1.0,0.0,0.0,35.4,Entry relative to this part's minimum X/S/N; see STEP for shaped parts; NOT machining approval
wood_principal_left,clip_mvp_mid_left_2_upright_2,0.0,1182.1499999999996,69.85000000000011,0.0,46.541338582677156,2.7500000000000044,1.0,0.0,0.0,35.4,Entry relative to this part's minimum X/S/N; see STEP for shaped parts; NOT machining approval
wood_principal_left,clip_mvp_mid_left_2_upright_3,0.0,1166.1499999999992,103.85000000000005,0.0,45.911417322834616,4.088582677165356,1.0,0.0,0.0,35.4,Entry relative to this part's minimum X/S/N; see STEP for shaped parts; NOT machining approval
wood_beam_mid_right,clip_mvp_mid_right_1_beam_1,18.0,-2.2737367544323206e-13,35.84999999999994,0.7086614173228347,-8.951719505639057e-15,1.4114173228346434,0.0,1.0,-4.440892098500626e-15,35.400000000000006,Entry relative to this part's minimum X/S/N; see STEP for shaped parts; NOT machining approval
wood_beam_mid_right,clip_mvp_mid_right_1_beam_2,34.0,-2.2737367544323206e-13,69.84999999999994,1.3385826771653544,-8.951719505639057e-15,2.749999999999998,0.0,1.0,-4.440892098500626e-15,35.400000000000006,Entry relative to this part's minimum X/S/N; see STEP for shaped parts; NOT machining approval
wood_beam_mid_right,clip_mvp_mid_right_1_beam_3,18.0,-6.821210263296962e-13,103.85,0.7086614173228347,-2.6855158516917175e-14,4.088582677165355,0.0,1.0,-4.440892098500626e-15,35.400000000000006,Entry relative to this part's minimum X/S/N; see STEP for shaped parts; NOT machining approval
wood_principal_right,clip_mvp_mid_right_1_upright_1,38.099999999999994,1166.1499999999994,35.85000000000011,1.4999999999999998,45.91141732283462,1.41141732283465,-1.0,-0.0,0.0,35.4,Entry relative to this part's minimum X/S/N; see STEP for shaped parts; NOT machining approval
wood_principal_right,clip_mvp_mid_right_1_upright_2,38.099999999999994,1182.1499999999996,69.85000000000011,1.4999999999999998,46.541338582677156,2.7500000000000044,-1.0,-0.0,0.0,35.4,Entry relative to this part's minimum X/S/N; see STEP for shaped parts; NOT machining approval
wood_principal_right,clip_mvp_mid_right_1_upright_3,38.099999999999994,1166.1499999999992,103.85000000000005,1.4999999999999998,45.911417322834616,4.088582677165356,-1.0,-0.0,0.0,35.4,Entry relative to this part's minimum X/S/N; see STEP for shaped parts; NOT machining approval
wood_beam_mid_right,clip_mvp_mid_right_2_beam_1,1144.2,-2.2737367544323206e-13,35.84999999999994,45.04724409448819,-8.951719505639057e-15,1.4114173228346434,0.0,1.0,-4.440892098500626e-15,35.400000000000006,Entry relative to this part's minimum X/S/N; see STEP for shaped parts; NOT machining approval
wood_beam_mid_right,clip_mvp_mid_right_2_beam_2,1128.2,-2.2737367544323206e-13,69.84999999999994,44.417322834645674,-8.951719505639057e-15,2.749999999999998,0.0,1.0,-4.440892098500626e-15,35.400000000000006,Entry relative to this part's minimum X/S/N; see STEP for shaped parts; NOT machining approval
wood_beam_mid_right,clip_mvp_mid_right_2_beam_3,1144.2,-6.821210263296962e-13,103.85,45.04724409448819,-2.6855158516917175e-14,4.088582677165355,0.0,1.0,-4.440892098500626e-15,35.400000000000006,Entry relative to this part's minimum X/S/N; see STEP for shaped parts; NOT machining approval
box_side_right,clip_mvp_mid_right_2_upright_1,0.0,1166.1499999999994,91.94999999999997,0.0,45.91141732283462,3.6200787401574797,1.0,0.0,0.0,35.399999999999864,Entry relative to this part's minimum X/S/N; see STEP for shaped parts; NOT machining approval
box_side_right,clip_mvp_mid_right_2_upright_2,0.0,1182.1499999999996,125.94999999999997,0.0,46.541338582677156,4.958661417322834,1.0,0.0,0.0,35.399999999999864,Entry relative to this part's minimum X/S/N; see STEP for shaped parts; NOT machining approval
box_side_right,clip_mvp_mid_right_2_upright_3,0.0,1166.1499999999992,159.9499999999999,0.0,45.911417322834616,6.297244094488185,1.0,0.0,0.0,35.399999999999864,Entry relative to this part's minimum X/S/N; see STEP for shaped parts; NOT machining approval
wood_beam_top_left,clip_mvp_top_left_1_beam_1,18.0,-4.547473508864641e-13,35.849999999999454,0.7086614173228347,-1.7903439011278115e-14,1.4114173228346243,0.0,1.0,-4.440892098500626e-15,35.399999999999764,Entry relative to this part's minimum X/S/N; see STEP for shaped parts; NOT machining approval
wood_beam_top_left,clip_mvp_top_left_1_beam_2,34.0,-9.094947017729282e-13,69.84999999999968,1.3385826771653544,-3.580687802255623e-14,2.7499999999999876,0.0,1.0,-4.440892098500626e-15,35.399999999999764,Entry relative to this part's minimum X/S/N; see STEP for shaped parts; NOT machining approval
wood_beam_top_left,clip_mvp_top_left_1_beam_3,18.0,-4.547473508864641e-13,103.84999999999945,0.7086614173228347,-1.7903439011278115e-14,4.088582677165333,0.0,1.0,-4.440892098500626e-15,35.399999999999764,Entry relative to this part's minimum X/S/N; see STEP for shaped parts; NOT machining approval
box_side_left,clip_mvp_top_left_1_upright_1,38.09999999999991,2366.2999999999997,91.94999999999975,1.4999999999999964,93.16141732283464,3.6200787401574708,-1.0,-0.0,0.0,35.399999999999864,Entry relative to this part's minimum X/S/N; see STEP for shaped parts; NOT machining approval
box_side_left,clip_mvp_top_left_1_upright_2,38.09999999999991,2382.2999999999993,125.94999999999975,1.4999999999999964,93.79133858267714,4.958661417322825,-1.0,-0.0,0.0,35.399999999999864,Entry relative to this part's minimum X/S/N; see STEP for shaped parts; NOT machining approval
box_side_left,clip_mvp_top_left_1_upright_3,38.09999999999991,2366.2999999999997,159.94999999999973,1.4999999999999964,93.16141732283464,6.297244094488179,-1.0,-0.0,0.0,35.399999999999864,Entry relative to this part's minimum X/S/N; see STEP for shaped parts; NOT machining approval
wood_beam_top_left,clip_mvp_top_left_2_beam_1,1105.8,-4.547473508864641e-13,35.849999999999454,43.53543307086614,-1.7903439011278115e-14,1.4114173228346243,0.0,1.0,-4.440892098500626e-15,35.399999999999764,Entry relative to this part's minimum X/S/N; see STEP for shaped parts; NOT machining approval
wood_beam_top_left,clip_mvp_top_left_2_beam_2,1089.8,-9.094947017729282e-13,69.84999999999968,42.90551181102362,-3.580687802255623e-14,2.7499999999999876,0.0,1.0,-4.440892098500626e-15,35.399999999999764,Entry relative to this part's minimum X/S/N; see STEP for shaped parts; NOT machining approval
wood_beam_top_left,clip_mvp_top_left_2_beam_3,1105.8,-4.547473508864641e-13,103.84999999999945,43.53543307086614,-1.7903439011278115e-14,4.088582677165333,0.0,1.0,-4.440892098500626e-15,35.399999999999764,Entry relative to this part's minimum X/S/N; see STEP for shaped parts; NOT machining approval
wood_principal_left,clip_mvp_top_left_2_upright_1,0.0,2366.2999999999997,35.84999999999988,0.0,93.16141732283464,1.411417322834641,1.0,0.0,0.0,35.4,Entry relative to this part's minimum X/S/N; see STEP for shaped parts; NOT machining approval
wood_principal_left,clip_mvp_top_left_2_upright_2,0.0,2382.2999999999993,69.84999999999988,0.0,93.79133858267714,2.7499999999999956,1.0,0.0,0.0,35.4,Entry relative to this part's minimum X/S/N; see STEP for shaped parts; NOT machining approval
wood_principal_left,clip_mvp_top_left_2_upright_3,0.0,2366.2999999999997,103.84999999999988,0.0,93.16141732283464,4.08858267716535,1.0,0.0,0.0,35.4,Entry relative to this part's minimum X/S/N; see STEP for shaped parts; NOT machining approval
wood_beam_top_right,clip_mvp_top_right_1_beam_1,18.0,-4.547473508864641e-13,35.849999999999454,0.7086614173228347,-1.7903439011278115e-14,1.4114173228346243,0.0,1.0,-4.440892098500626e-15,35.399999999999764,Entry relative to this part's minimum X/S/N; see STEP for shaped parts; NOT machining approval
wood_beam_top_right,clip_mvp_top_right_1_beam_2,34.0,-9.094947017729282e-13,69.84999999999968,1.3385826771653544,-3.580687802255623e-14,2.7499999999999876,0.0,1.0,-4.440892098500626e-15,35.399999999999764,Entry relative to this part's minimum X/S/N; see STEP for shaped parts; NOT machining approval
wood_beam_top_right,clip_mvp_top_right_1_beam_3,18.0,-4.547473508864641e-13,103.84999999999945,0.7086614173228347,-1.7903439011278115e-14,4.088582677165333,0.0,1.0,-4.440892098500626e-15,35.399999999999764,Entry relative to this part's minimum X/S/N; see STEP for shaped parts; NOT machining approval
wood_principal_right,clip_mvp_top_right_1_upright_1,38.099999999999994,2366.2999999999997,35.84999999999988,1.4999999999999998,93.16141732283464,1.411417322834641,-1.0,-0.0,0.0,35.4,Entry relative to this part's minimum X/S/N; see STEP for shaped parts; NOT machining approval
wood_principal_right,clip_mvp_top_right_1_upright_2,38.099999999999994,2382.2999999999993,69.84999999999988,1.4999999999999998,93.79133858267714,2.7499999999999956,-1.0,-0.0,0.0,35.4,Entry relative to this part's minimum X/S/N; see STEP for shaped parts; NOT machining approval
wood_principal_right,clip_mvp_top_right_1_upright_3,38.099999999999994,2366.2999999999997,103.84999999999988,1.4999999999999998,93.16141732283464,4.08858267716535,-1.0,-0.0,0.0,35.4,Entry relative to this part's minimum X/S/N; see STEP for shaped parts; NOT machining approval
wood_beam_top_right,clip_mvp_top_right_2_beam_1,1144.2,-4.547473508864641e-13,35.849999999999454,45.04724409448819,-1.7903439011278115e-14,1.4114173228346243,0.0,1.0,-4.440892098500626e-15,35.399999999999764,Entry relative to this part's minimum X/S/N; see STEP for shaped parts; NOT machining approval
wood_beam_top_right,clip_mvp_top_right_2_beam_2,1128.2,-9.094947017729282e-13,69.84999999999968,44.417322834645674,-3.580687802255623e-14,2.7499999999999876,0.0,1.0,-4.440892098500626e-15,35.399999999999764,Entry relative to this part's minimum X/S/N; see STEP for shaped parts; NOT machining approval
wood_beam_top_right,clip_mvp_top_right_2_beam_3,1144.2,-4.547473508864641e-13,103.84999999999945,45.04724409448819,-1.7903439011278115e-14,4.088582677165333,0.0,1.0,-4.440892098500626e-15,35.399999999999764,Entry relative to this part's minimum X/S/N; see STEP for shaped parts; NOT machining approval
box_side_right,clip_mvp_top_right_2_upright_1,0.0,2366.2999999999997,91.94999999999975,0.0,93.16141732283464,3.6200787401574708,1.0,0.0,0.0,35.399999999999864,Entry relative to this part's minimum X/S/N; see STEP for shaped parts; NOT machining approval
box_side_right,clip_mvp_top_right_2_upright_2,0.0,2382.2999999999993,125.94999999999975,0.0,93.79133858267714,4.958661417322825,1.0,0.0,0.0,35.399999999999864,Entry relative to this part's minimum X/S/N; see STEP for shaped parts; NOT machining approval
box_side_right,clip_mvp_top_right_2_upright_3,0.0,2366.2999999999997,159.94999999999973,0.0,93.16141732283464,6.297244094488179,1.0,0.0,0.0,35.399999999999864,Entry relative to this part's minimum X/S/N; see STEP for shaped parts; NOT machining approval
wood_vertical_center_left_lower,easy_principal_ledge_left_1,12.550000000000011,211.1000000000002,8.526512829121202e-14,0.49409448818897683,8.311023622047252,3.356894814614647e-15,0.0,-4.440892098500626e-15,0.9999999999999999,38.10000000000001,Entry relative to this part's minimum X/S/N; see STEP for shaped parts; NOT machining approval
wood_principal_left,easy_principal_ledge_left_1,19.05000000000001,299.9999999999999,2.842170943040401e-14,0.7500000000000004,11.81102362204724,1.1189649382048822e-15,0.0,-4.440892098500626e-15,0.9999999999999999,25.40000000000002,Entry relative to this part's minimum X/S/N; see STEP for shaped parts; NOT machining approval
wood_vertical_center_left_lower,easy_principal_ledge_left_2,12.550000000000011,611.1000000000001,5.684341886080802e-14,0.49409448818897683,24.059055118110244,2.2379298764097643e-15,0.0,-4.440892098500626e-15,0.9999999999999999,38.100000000000065,Entry relative to this part's minimum X/S/N; see STEP for shaped parts; NOT machining approval
wood_principal_left,easy_principal_ledge_left_2,19.05000000000001,699.9999999999998,8.526512829121202e-14,0.7500000000000004,27.55905511811023,3.356894814614647e-15,0.0,-4.440892098500626e-15,0.9999999999999999,25.399999999999935,Entry relative to this part's minimum X/S/N; see STEP for shaped parts; NOT machining approval
wood_vertical_center_left_upper,easy_principal_ledge_left_3,12.550000000000011,310.95000000000346,2.2026824808563106e-13,0.49409448818897683,12.242125984252105,8.671978271087837e-15,0.0,-4.440892098500626e-15,0.9999999999999999,38.099999999999945,Entry relative to this part's minimum X/S/N; see STEP for shaped parts; NOT machining approval
wood_principal_left,easy_principal_ledge_left_3,19.05000000000001,1600.0,-2.842170943040401e-14,0.7500000000000004,62.99212598425197,-1.1189649382048822e-15,0.0,-4.440892098500626e-15,0.9999999999999999,25.40000000000014,Entry relative to this part's minimum X/S/N; see STEP for shaped parts; NOT machining approval
wood_vertical_center_left_upper,easy_principal_ledge_left_4,12.550000000000011,810.9500000000035,-1.2079226507921703e-13,0.49409448818897683,31.927165354330846,-4.7556009873707495e-15,0.0,-4.440892098500626e-15,0.9999999999999999,38.100000000000264,Entry relative to this part's minimum X/S/N; see STEP for shaped parts; NOT machining approval
wood_principal_left,easy_principal_ledge_left_4,19.05000000000001,2100.0,8.526512829121202e-14,0.7500000000000004,82.67716535433071,3.356894814614647e-15,0.0,-4.440892098500626e-15,0.9999999999999999,25.399999999999736,Entry relative to this part's minimum X/S/N; see STEP for shaped parts; NOT machining approval
wood_rail_lower,easy_lower_principal_left,1142.8500000000001,44.44999999999998,-9.113205247950483e-16,44.994094488188985,1.7499999999999993,-3.587876081870269e-17,0.0,-4.440892098500626e-15,0.9999999999999999,38.100000000000016,Entry relative to this part's minimum X/S/N; see STEP for shaped parts; NOT machining approval
wood_principal_left,easy_lower_principal_left,19.05000000000001,44.44999999999988,4.263256414560601e-14,0.7500000000000004,1.7499999999999956,1.6784474073073234e-15,0.0,-4.440892098500626e-15,0.9999999999999999,25.40000000000002,Entry relative to this part's minimum X/S/N; see STEP for shaped parts; NOT machining approval
wood_rail_mid,easy_rail_beam_mid_left_1,819.2,69.85000000000014,0.0,32.251968503937015,2.7500000000000053,0.0,0.0,-4.440892098500626e-15,0.9999999999999999,38.100000000000094,Entry relative to this part's minimum X/S/N; see STEP for shaped parts; NOT machining approval
wood_beam_mid_left,easy_rail_beam_mid_left_1,819.2,19.049999999999955,-1.9895196601282805e-13,32.251968503937015,0.7499999999999982,-7.832754567434176e-15,0.0,-4.440892098500626e-15,0.9999999999999999,25.40000000000014,Entry relative to this part's minimum X/S/N; see STEP for shaped parts; NOT machining approval
wood_rail_mid,easy_rail_beam_mid_left_2,369.20000000000005,69.85000000000014,0.0,14.535433070866144,2.7500000000000053,0.0,0.0,-4.440892098500626e-15,0.9999999999999999,38.100000000000094,Entry relative to this part's minimum X/S/N; see STEP for shaped parts; NOT machining approval
wood_beam_mid_left,easy_rail_beam_mid_left_2,369.20000000000005,19.049999999999955,-1.9895196601282805e-13,14.535433070866144,0.7499999999999982,-7.832754567434176e-15,0.0,-4.440892098500626e-15,0.9999999999999999,25.40000000000014,Entry relative to this part's minimum X/S/N; see STEP for shaped parts; NOT machining approval
wood_rail_top,easy_rail_beam_top_left_1,819.2,69.84999999999991,9.237055564881302e-14,32.251968503937015,2.7499999999999964,3.636636049165867e-15,0.0,-4.440892098500626e-15,0.9999999999999999,38.100000000000094,Entry relative to this part's minimum X/S/N; see STEP for shaped parts; NOT machining approval
wood_beam_top_left,easy_rail_beam_top_left_1,819.2,19.049999999999272,-2.2737367544323206e-13,32.251968503937015,0.7499999999999714,-8.951719505639057e-15,0.0,-4.440892098500626e-15,0.9999999999999999,25.399999999999906,Entry relative to this part's minimum X/S/N; see STEP for shaped parts; NOT machining approval
wood_rail_top,easy_rail_beam_top_left_2,369.20000000000005,69.84999999999991,9.237055564881302e-14,14.535433070866144,2.7499999999999964,3.636636049165867e-15,0.0,-4.440892098500626e-15,0.9999999999999999,38.100000000000094,Entry relative to this part's minimum X/S/N; see STEP for shaped parts; NOT machining approval
wood_beam_top_left,easy_rail_beam_top_left_2,369.20000000000005,19.049999999999272,-2.2737367544323206e-13,14.535433070866144,0.7499999999999714,-8.951719505639057e-15,0.0,-4.440892098500626e-15,0.9999999999999999,25.399999999999906,Entry relative to this part's minimum X/S/N; see STEP for shaped parts; NOT machining approval
wood_rail_lower,easy_lower_corner_front_left,63.5,24.04999999999997,-8.01674788239605e-15,2.5,0.9468503937007863,-3.1561999536992325e-16,0.0,-4.440892098500626e-15,0.9999999999999999,38.10000000000003,Entry relative to this part's minimum X/S/N; see STEP for shaped parts; NOT machining approval
easy_lower_corner_left,easy_lower_corner_front_left,25.40000000000009,19.04999999999987,3.552713678800501e-14,1.0000000000000036,0.7499999999999949,1.3987061727561028e-15,0.0,-4.440892098500626e-15,0.9999999999999999,25.39999999999999,Entry relative to this part's minimum X/S/N; see STEP for shaped parts; NOT machining approval
box_side_left,easy_lower_corner_side_left,0.0,70.84999999999972,75.14999999999993,0.0,2.7893700787401468,2.958661417322832,1.0,0.0,0.0,38.09999999999991,Entry relative to this part's minimum X/S/N; see STEP for shaped parts; NOT machining approval
cheek_splice_left_outer,easy_lower_corner_side_left,0.0,199.828396014548,64.31428722535233,0.0,7.867259685612126,2.5320585521792256,1.0,0.0,0.0,19.049999999999955,Entry relative to this part's minimum X/S/N; see STEP for shaped parts; NOT machining approval
cheek_splice_left_inner,easy_lower_corner_side_left,0.0,199.828396014548,64.31428722535233,0.0,7.867259685612126,2.5320585521792256,1.0,0.0,0.0,19.049999999999955,Entry relative to this part's minimum X/S/N; see STEP for shaped parts; NOT machining approval
easy_lower_corner_left,easy_lower_corner_side_left,0.0,65.8499999999998,19.050000000000033,0.0,2.5925196850393624,0.7500000000000013,1.0,0.0,0.0,25.40000000000009,Entry relative to this part's minimum X/S/N; see STEP for shaped parts; NOT machining approval
wood_vertical_center_right_lower,easy_principal_ledge_right_1,37.950000000005375,211.09999999999997,8.526512829121202e-14,1.494094488189188,8.311023622047243,3.356894814614647e-15,0.0,-4.440892098500626e-15,0.9999999999999999,38.10000000000001,Entry relative to this part's minimum X/S/N; see STEP for shaped parts; NOT machining approval
wood_principal_right,easy_principal_ledge_right_1,19.05,299.9999999999999,2.842170943040401e-14,0.7500000000000001,11.81102362204724,1.1189649382048822e-15,0.0,-4.440892098500626e-15,0.9999999999999999,25.40000000000002,Entry relative to this part's minimum X/S/N; see STEP for shaped parts; NOT machining approval
wood_vertical_center_right_lower,easy_principal_ledge_right_2,37.950000000005375,611.0999999999999,5.684341886080802e-14,1.494094488189188,24.059055118110233,2.2379298764097643e-15,0.0,-4.440892098500626e-15,0.9999999999999999,38.100000000000065,Entry relative to this part's minimum X/S/N; see STEP for shaped parts; NOT machining approval
wood_principal_right,easy_principal_ledge_right_2,19.05,699.9999999999998,8.526512829121202e-14,0.7500000000000001,27.55905511811023,3.356894814614647e-15,0.0,-4.440892098500626e-15,0.9999999999999999,25.399999999999935,Entry relative to this part's minimum X/S/N; see STEP for shaped parts; NOT machining approval
wood_vertical_center_right_upper,easy_principal_ledge_right_3,37.95000000004461,310.9499999999998,2.2026824808563106e-13,1.4940944881907328,12.242125984251961,8.671978271087837e-15,0.0,-4.440892098500626e-15,0.9999999999999999,38.099999999999945,Entry relative to this part's minimum X/S/N; see STEP for shaped parts; NOT machining approval
wood_principal_right,easy_principal_ledge_right_3,19.05,1600.0,-2.842170943040401e-14,0.7500000000000001,62.99212598425197,-1.1189649382048822e-15,0.0,-4.440892098500626e-15,0.9999999999999999,25.40000000000014,Entry relative to this part's minimum X/S/N; see STEP for shaped parts; NOT machining approval
wood_vertical_center_right_upper,easy_principal_ledge_right_4,37.95000000004461,810.9499999999998,-1.2079226507921703e-13,1.4940944881907328,31.927165354330704,-4.7556009873707495e-15,0.0,-4.440892098500626e-15,0.9999999999999999,38.100000000000264,Entry relative to this part's minimum X/S/N; see STEP for shaped parts; NOT machining approval
wood_principal_right,easy_principal_ledge_right_4,19.05,2100.0,8.526512829121202e-14,0.7500000000000001,82.67716535433071,3.356894814614647e-15,0.0,-4.440892098500626e-15,0.9999999999999999,25.399999999999736,Entry relative to this part's minimum X/S/N; see STEP for shaped parts; NOT machining approval
wood_rail_lower,easy_lower_principal_right,1257.15,44.44999999999998,-9.113205247950483e-16,49.494094488188985,1.7499999999999993,-3.587876081870269e-17,0.0,-4.440892098500626e-15,0.9999999999999999,38.100000000000016,Entry relative to this part's minimum X/S/N; see STEP for shaped parts; NOT machining approval
wood_principal_right,easy_lower_principal_right,19.05,44.44999999999988,4.263256414560601e-14,0.7500000000000001,1.7499999999999956,1.6784474073073234e-15,0.0,-4.440892098500626e-15,0.9999999999999999,25.40000000000002,Entry relative to this part's minimum X/S/N; see STEP for shaped parts; NOT machining approval
wood_rail_mid,easy_rail_beam_mid_right_1,1619.2,69.85000000000014,0.0,63.748031496063,2.7500000000000053,0.0,0.0,-4.440892098500626e-15,0.9999999999999999,38.100000000000094,Entry relative to this part's minimum X/S/N; see STEP for shaped parts; NOT machining approval
wood_beam_mid_right,easy_rail_beam_mid_right_1,343.0,19.049999999999955,-1.9895196601282805e-13,13.503937007874017,0.7499999999999982,-7.832754567434176e-15,0.0,-4.440892098500626e-15,0.9999999999999999,25.40000000000014,Entry relative to this part's minimum X/S/N; see STEP for shaped parts; NOT machining approval
wood_rail_mid,easy_rail_beam_mid_right_2,2069.2,69.85000000000014,0.0,81.46456692913385,2.7500000000000053,0.0,0.0,-4.440892098500626e-15,0.9999999999999999,38.099999999999945,Entry relative to this part's minimum X/S/N; see STEP for shaped parts; NOT machining approval
wood_beam_mid_right,easy_rail_beam_mid_right_2,793.0,19.049999999999955,-1.9895196601282805e-13,31.220472440944885,0.7499999999999982,-7.832754567434176e-15,0.0,-4.440892098500626e-15,0.9999999999999999,25.40000000000014,Entry relative to this part's minimum X/S/N; see STEP for shaped parts; NOT machining approval
wood_rail_top,easy_rail_beam_top_right_1,1619.2,69.84999999999991,9.237055564881302e-14,63.748031496063,2.7499999999999964,3.636636049165867e-15,0.0,-4.440892098500626e-15,0.9999999999999999,38.100000000000094,Entry relative to this part's minimum X/S/N; see STEP for shaped parts; NOT machining approval
wood_beam_top_right,easy_rail_beam_top_right_1,343.0,19.049999999999272,-2.2737367544323206e-13,13.503937007874017,0.7499999999999714,-8.951719505639057e-15,0.0,-4.440892098500626e-15,0.9999999999999999,25.399999999999906,Entry relative to this part's minimum X/S/N; see STEP for shaped parts; NOT machining approval
wood_rail_top,easy_rail_beam_top_right_2,2069.2,69.84999999999991,9.237055564881302e-14,81.46456692913385,2.7499999999999964,3.636636049165867e-15,0.0,-4.440892098500626e-15,0.9999999999999999,38.100000000000094,Entry relative to this part's minimum X/S/N; see STEP for shaped parts; NOT machining approval
wood_beam_top_right,easy_rail_beam_top_right_2,793.0,19.049999999999272,-2.2737367544323206e-13,31.220472440944885,0.7499999999999714,-8.951719505639057e-15,0.0,-4.440892098500626e-15,0.9999999999999999,25.399999999999906,Entry relative to this part's minimum X/S/N; see STEP for shaped parts; NOT machining approval
wood_rail_lower,easy_lower_corner_front_right,2374.9,24.04999999999997,-8.01674788239605e-15,93.50000000000001,0.9468503937007863,-3.1561999536992325e-16,0.0,-4.440892098500626e-15,0.9999999999999999,38.10000000000003,Entry relative to this part's minimum X/S/N; see STEP for shaped parts; NOT machining approval
easy_lower_corner_right,easy_lower_corner_front_right,63.5,19.04999999999987,3.552713678800501e-14,2.5,0.7499999999999949,1.3987061727561028e-15,0.0,-4.440892098500626e-15,0.9999999999999999,25.39999999999999,Entry relative to this part's minimum X/S/N; see STEP for shaped parts; NOT machining approval
box_side_right,easy_lower_corner_side_right,38.09999999999991,70.84999999999972,75.14999999999993,1.4999999999999964,2.7893700787401468,2.958661417322832,-1.0,0.0,0.0,38.09999999999991,Entry relative to this part's minimum X/S/N; see STEP for shaped parts; NOT machining approval
cheek_splice_right_outer,easy_lower_corner_side_right,19.050000000000182,199.828396014548,64.31428722535233,0.7500000000000072,7.867259685612126,2.5320585521792256,-1.0,0.0,0.0,19.049999999999955,Entry relative to this part's minimum X/S/N; see STEP for shaped parts; NOT machining approval
cheek_splice_right_inner,easy_lower_corner_side_right,19.049999999999955,199.828396014548,64.31428722535233,0.7499999999999982,7.867259685612126,2.5320585521792256,-1.0,0.0,0.0,19.049999999999955,Entry relative to this part's minimum X/S/N; see STEP for shaped parts; NOT machining approval
easy_lower_corner_right,easy_lower_corner_side_right,88.90000000000009,65.8499999999998,19.050000000000033,3.500000000000004,2.5925196850393624,0.7500000000000013,-1.0,0.0,0.0,25.40000000000009,Entry relative to this part's minimum X/S/N; see STEP for shaped parts; NOT machining approval
