
                        S T E P       1


                                INCREMENT     1


 displacements (vx,vy,vz) for set TOP and time  0.1000000E+01

     35037 -7.174892E-03  2.681745E-01 -2.489137E-01
     35822 -1.159775E-03  2.868126E-01 -2.589249E-01
     37264 -1.359525E-02  2.120587E-01 -2.131394E-01
     43694  4.343934E-03  2.880445E-01 -2.614023E-01
     46347  1.069228E-02  2.081361E-01 -2.044630E-01

 forces (fx,fy,fz) for set FEET and time  0.1000000E+01

       151 -1.769917E-01  1.866967E-01 -9.433190E-01
       155  3.014786E-01  3.610826E+00 -3.579717E+00
       156 -8.283695E-03 -2.832055E-02 -7.327690E-01
       160  9.109336E-04  4.400744E-01 -2.293148E-01
       161  1.510843E-01  1.703062E-01 -8.266926E-01
       165 -2.663228E-01  3.256951E+00 -3.227838E+00
       194  7.864573E+00  5.096022E+00  1.064069E+01
       195  8.493403E-01 -9.096141E-01  1.167865E+00
       196 -6.607080E-01 -5.072272E-01  8.695580E-01
       197 -8.267712E+00  4.079987E+00  9.028405E+00
       221  5.804905E-01 -4.398556E-01  7.793634E-01
       222  7.477454E+00  3.650446E+00  8.095863E+00
       225 -7.952492E-01 -8.574138E-01  1.102574E+00
       226 -7.168391E+00  4.680769E+00  9.749204E+00
       234  1.015568E+00 -2.959644E-01  1.671482E+00
       236 -9.544927E-01 -2.694141E-01  1.479363E+00
       242 -2.741809E+00  1.999075E+00 -3.447697E+00
       245 -3.086370E+00  2.402062E+00  3.548596E+00
       246  3.946509E+00  3.312497E+00  5.143263E+00
       253  2.425081E+00  1.747172E+00 -3.038038E+00
       254 -3.569193E+00  3.032973E+00  4.721996E+00
       255  2.724421E+00  2.081192E+00  3.067419E+00
      3486  1.315574E+00  1.508147E+00 -9.190793E+00
      3512 -7.474952E-03 -1.356100E-01 -1.044942E+00
      3525  1.950531E-01  5.454772E-01 -1.307287E+00
      3526  2.852171E-01  4.548161E-01 -7.067106E-01
      3527  4.227343E-01  3.239712E-01 -1.569582E+00
      3528  3.787014E-01  2.251638E-01 -1.215149E+00
      3529  2.907830E-01  1.275383E-01 -8.793085E-01
      3530  2.788890E-01  6.889056E-02 -7.244075E-01
      3531  1.972277E-01  3.683556E-02 -5.591060E-01
      3532  2.050384E-01  2.196086E-02 -5.182924E-01
      3533  1.599771E-01 -1.218610E-02 -4.026834E-01
      3534  1.044341E-01 -4.957518E-03 -4.299569E-01
      3535  1.392394E-01 -2.838726E-02 -4.422889E-01
      3536  6.569098E-02 -2.453789E-03 -4.502538E-01
      3537  1.170477E-01 -2.307580E-02 -4.794533E-01
      3538  4.389382E-02  5.692993E-03 -5.000809E-01
      3539  1.045800E-01 -1.261276E-02 -5.306121E-01
      3540  3.029545E-02  1.395994E-02 -5.504003E-01
      3541  9.713982E-02 -2.676922E-03 -5.759954E-01
      3542  2.099097E-02  2.009992E-02 -5.892904E-01
      3543  9.129010E-02  5.020131E-03 -6.071423E-01
      3544  1.395264E-02  2.143016E-02 -6.140051E-01
      3545  1.875931E-02  5.662739E-02 -6.442899E-01
      3546  5.709574E-02 -7.917179E-03 -5.640551E-01
      3547  2.862610E-03  1.966629E-02 -6.378058E-01
      3548  7.066530E-04  5.851209E-02 -6.597931E-01
      3549  3.911698E-02 -6.660771E-03 -5.755301E-01
      3550 -1.985251E-02  2.625642E-02 -6.537674E-01
      3551 -1.895732E-02  5.958858E-02 -6.656028E-01
      3552  3.113896E-02  1.316639E-01 -6.975166E-01
      3553  6.836559E-03  3.480951E-03 -6.068269E-01
      3554 -2.573967E-02  5.950614E-03 -6.247426E-01
      3555  2.704692E+00  1.241148E+00 -8.786731E+00
      3556  2.304044E+00 -6.489435E-02 -5.274756E+00
      3557  3.092778E+00 -5.063488E-01 -5.334527E+00
      3558  2.932006E+00 -6.172025E-01 -4.199709E+00
      3559  2.689972E+00 -4.147231E-01 -3.065165E+00
      3560  2.482355E+00 -4.156623E-01 -2.369668E+00
      3561  2.195543E+00 -2.718500E-01 -1.653069E+00
      3562  1.980390E+00 -2.766105E-01 -1.290801E+00
      3563  1.743689E+00 -2.023864E-01 -9.091298E-01
      3564  1.519811E+00 -1.610001E-01 -6.693376E-01
      3565  1.370002E+00 -1.918183E-01 -6.463057E-01
      3566  1.200048E+00 -1.329170E-01 -4.829118E-01
      3567  1.100298E+00 -1.824699E-01 -5.793119E-01
      3568  9.775904E-01 -1.312938E-01 -4.776833E-01
      3569  9.120517E-01 -1.918877E-01 -6.291607E-01
      3570  8.205410E-01 -1.410494E-01 -5.411049E-01
      3571  7.736166E-01 -2.070897E-01 -7.105916E-01
      3572  6.999255E-01 -1.540967E-01 -6.114103E-01
      3573  6.603933E-01 -2.221790E-01 -7.784693E-01
      3574  5.939211E-01 -1.654680E-01 -6.597909E-01
      3575  5.682774E-01 -1.977798E-01 -7.618642E-01
      3576  5.061187E-01 -1.767018E-01 -7.797569E-01
      3577  4.200054E-01 -1.822161E-01 -6.847720E-01
      3578  3.908160E-01 -2.102666E-01 -7.880223E-01
      3579  3.206750E-01 -1.859012E-01 -8.062286E-01
      3580  2.355509E-01 -1.896209E-01 -7.153358E-01
      3581  2.014216E-01 -2.162936E-01 -8.423312E-01
      3582  1.371133E-01 -1.873066E-01 -8.767790E-01
      3583  7.289915E-02 -2.155478E-01 -8.005602E-01
      3584  4.340870E-02 -2.043543E-01 -7.970933E-01
      3585  1.465244E-02 -2.082738E-01 -8.884618E-01
      3769  1.772003E-01  3.032337E+00 -1.700970E+00
      3770  1.592396E-02  2.458301E+00 -9.980052E-01
      3771 -1.717958E-01  1.686726E+00 -7.244825E-01
      3772  7.621571E-02  1.211423E+00 -5.509275E-01
      3773 -1.064773E-01  9.604151E-01 -3.638849E-01
      3774  3.119577E-02  7.026988E-01 -2.729769E-01
      3775 -7.264862E-02  5.889274E-01 -1.860168E-01
      3776 -2.485303E-03  3.903762E-01 -2.052347E-01
      3777 -2.587791E-02  4.828489E-01 -3.585007E-02
      3778 -5.296804E-02  3.922101E-01 -8.784633E-02
      3779  5.877199E-03  3.649089E-01 -7.403240E-02
      3780 -4.654039E-02  3.948169E-01 -8.416508E-02
      3781  8.774797E-03  3.911570E-01 -7.832057E-02
      3782 -4.588505E-02  4.321553E-01 -9.525844E-02
      3783  1.354004E-02  4.368991E-01 -9.343693E-02
      3784 -4.665700E-02  4.762084E-01 -1.089657E-01
      3785  1.862363E-02  4.800965E-01 -1.080522E-01
      3786 -4.691935E-02  5.122082E-01 -1.192400E-01
      3787  2.315737E-02  5.113600E-01 -1.172697E-01
      3788 -4.587174E-02  5.304223E-01 -1.254521E-01
      3789 -7.370598E-02  5.434567E-01 -1.186807E-01
      3790 -1.188973E-02  6.427208E-01 -3.890320E-03
      3791 -4.654529E-02  5.411224E-01 -1.218755E-01
      3792 -7.354480E-02  5.556255E-01 -1.178746E-01
      3793 -6.783569E-03  6.580528E-01 -3.985283E-03
      3794 -4.415756E-02  5.550783E-01 -1.291687E-01
      3795 -6.921918E-02  5.659770E-01 -1.283489E-01
      3796 -7.533401E-02  6.305137E-01 -1.222875E-01
      3797 -1.332758E-04  6.905531E-01 -3.688566E-02
      3798  9.521727E-03  6.399995E-01 -2.013529E-02
      3799  1.304202E+00  5.892961E+00 -8.779299E+00
      3800  1.085212E+00  3.960713E+00 -5.492852E+00
      3801  8.648693E-01  2.936449E+00 -3.731305E+00
      3802  7.345607E-01  1.475908E+00 -2.601171E+00
      3803  6.702825E-01  1.557264E+00 -1.998908E+00
      3804  5.770078E-01  8.200880E-01 -1.445088E+00
      3805  5.150600E-01  8.702311E-01 -1.107281E+00
      3806  4.394272E-01  4.804485E-01 -8.523432E-01
      3807  3.987682E-01  4.590884E-01 -7.025715E-01
      3808  3.424161E-01  4.653402E-01 -5.642815E-01
      3809  2.899126E-01  3.212276E-01 -5.626768E-01
      3810  2.571081E-01  4.172296E-01 -5.165189E-01
      3811  2.291533E-01  3.299102E-01 -5.735801E-01
      3812  2.066862E-01  4.500644E-01 -5.570307E-01
      3813  1.889895E-01  3.703591E-01 -6.387543E-01
      3814  1.736233E-01  5.048587E-01 -6.255578E-01
      3815  1.609427E-01  4.142686E-01 -7.086325E-01
      3816  1.493380E-01  5.538586E-01 -6.862865E-01
      3817  1.386993E-01  4.482706E-01 -7.613826E-01
      3818  1.278071E-01  5.855180E-01 -7.256222E-01
      3819  1.188257E-01  4.796343E-01 -7.827379E-01
      3820  1.223199E-01  5.424553E-01 -8.021268E-01
      3821  1.003165E-01  5.998144E-01 -7.365693E-01
      3822  8.024991E-02  4.935908E-01 -7.998200E-01
      3823  8.208836E-02  5.583161E-01 -8.182811E-01
      3824  5.765881E-02  6.190132E-01 -7.575731E-01
      3825  3.992626E-02  5.094775E-01 -8.297917E-01
      3826  4.905016E-02  5.719946E-01 -8.276693E-01
      3827  4.109440E-02  6.644633E-01 -8.335796E-01
      3828  1.787864E-02  6.829469E-01 -7.858389E-01
      3829 -5.250141E-03  5.822561E-01 -8.706896E-01
      3843 -1.208638E+00  1.353911E+00 -8.207153E+00
      3856  1.408776E-02  5.892252E-03 -6.199448E-01
      3857 -1.289353E-02 -4.510157E-03 -6.003140E-01
      3858 -1.219111E-02 -6.357098E-03 -6.021516E-01
      3859 -2.081217E-02 -6.754109E-03 -5.932499E-01
      3860 -2.517793E-02 -1.342280E-02 -5.980747E-01
      3861 -2.907245E-02 -1.261666E-02 -5.841830E-01
      3862 -3.065722E-02 -1.230034E-02 -5.785581E-01
      3863 -4.259513E-02 -7.651914E-03 -5.596794E-01
      3864 -4.939231E-02 -8.813884E-03 -5.614248E-01
      3865 -5.736728E-02 -9.034467E-03 -5.549517E-01
      3866 -6.237206E-02 -9.099063E-03 -5.495873E-01
      3867 -6.679679E-02 -1.072919E-02 -5.412096E-01
      3868 -7.043258E-02 -1.153956E-02 -5.301719E-01
      3869 -7.365404E-02 -1.285001E-02 -5.158950E-01
      3870 -7.677798E-02 -1.449889E-02 -4.970460E-01
      3871 -8.049896E-02 -1.773535E-02 -4.757198E-01
      3872 -8.588579E-02 -2.068369E-02 -4.506776E-01
      3873 -9.305070E-02 -2.455809E-02 -4.261354E-01
      3874 -1.027955E-01 -2.714703E-02 -4.026164E-01
      3875 -1.192117E-01 -2.799210E-02 -3.838410E-01
      3876 -1.364717E-01 -2.656790E-02 -3.806284E-01
      3877 -1.581576E-01 -2.074784E-02 -3.941814E-01
      3878 -1.898301E-01 -8.957959E-03 -4.290809E-01
      3879 -2.253106E-01  1.177382E-02 -4.984612E-01
      3880 -2.670830E-01  4.347132E-02 -6.110169E-01
      3881 -3.151100E-01  9.030531E-02 -7.785033E-01
      3882 -3.710375E-01  1.599254E-01 -1.020260E+00
      3883 -4.418511E-01  2.610420E-01 -1.377025E+00
      3884 -2.602953E-01  3.963046E-01 -6.300714E-01
      3885 -1.270803E-01  6.628533E-01 -1.335121E+00
      3886 -5.822097E-02 -2.031352E-01 -8.819164E-01
      3887 -7.989655E-02 -2.314558E-01 -7.834015E-01
      3888 -1.232008E-01 -2.229757E-01 -7.835429E-01
      3889 -1.673673E-01 -2.173153E-01 -7.471535E-01
      3890 -2.234857E-01 -2.096847E-01 -7.219066E-01
      3891 -2.765302E-01 -2.090109E-01 -6.794387E-01
      3892 -3.449714E-01 -2.006145E-01 -6.825948E-01
      3893 -3.990588E-01 -1.932776E-01 -6.501516E-01
      3894 -4.717965E-01 -1.861083E-01 -6.397595E-01
      3895 -5.327580E-01 -1.816347E-01 -6.309038E-01
      3896 -5.938023E-01 -1.757192E-01 -6.243390E-01
      3897 -6.519098E-01 -1.738083E-01 -6.175815E-01
      3898 -7.066725E-01 -1.696595E-01 -6.074332E-01
      3899 -7.601027E-01 -1.638102E-01 -5.917524E-01
      3900 -8.131061E-01 -1.566530E-01 -5.680554E-01
      3901 -8.703395E-01 -1.504267E-01 -5.385127E-01
      3902 -9.338803E-01 -1.433422E-01 -5.037166E-01
      3903 -1.011147E+00 -1.379431E-01 -4.728948E-01
      3904 -1.103556E+00 -1.356059E-01 -4.541474E-01
      3905 -1.217481E+00 -1.393951E-01 -4.549327E-01
      3906 -1.354512E+00 -1.443460E-01 -5.115911E-01
      3907 -1.513012E+00 -1.560960E-01 -6.268418E-01
      3908 -1.694573E+00 -1.803331E-01 -8.057923E-01
      3909 -1.900236E+00 -2.147338E-01 -1.090146E+00
      3910 -2.122432E+00 -2.611284E-01 -1.495688E+00
      3911 -2.349552E+00 -3.215260E-01 -2.044908E+00
      3912 -2.565039E+00 -3.944263E-01 -2.759618E+00
      3913 -2.749692E+00 -4.679355E-01 -3.661062E+00
      3914 -2.920949E+00 -4.800269E-01 -4.796558E+00
      3915 -2.143577E+00 -1.490542E-02 -4.759197E+00
      3916 -2.486116E+00  1.036192E+00 -7.919262E+00
      4100 -5.721326E-03  6.644414E-01 -1.084380E-02
      4101  2.057875E-03  7.176346E-01 -5.392054E-03
      4102  8.744304E-03  7.038710E-01 -8.979331E-03
      4103  1.090498E-02  6.965564E-01 -1.287875E-02
      4104  7.241218E-03  6.969128E-01 -1.474894E-02
      4105  1.627661E-02  6.792992E-01 -3.563819E-03
      4106  7.618132E-03  6.613308E-01 -4.305167E-03
      4107  1.342239E-02  6.378876E-01 -1.917363E-02
      4108  1.651862E-02  6.302885E-01 -2.424485E-02
      4109  1.804813E-02  6.243164E-01 -2.301256E-02
      4110  2.246287E-02  6.183966E-01 -2.581492E-02
      4111  2.390560E-02  6.137540E-01 -2.082414E-02
      4112  2.536147E-02  6.015609E-01 -2.076705E-02
      4113  2.644080E-02  5.845047E-01 -2.005721E-02
      4114  2.804218E-02  5.625858E-01 -1.878936E-02
      4115  2.915961E-02  5.381133E-01 -1.464555E-02
      4116  3.010902E-02  5.096801E-01 -1.187779E-02
      4117  3.236461E-02  4.828712E-01 -7.890657E-03
      4118  3.192908E-02  4.623373E-01 -8.110581E-03
      4119  3.718627E-02  4.495820E-01 -6.133973E-03
      4120  4.007749E-02  4.480382E-01 -8.885238E-03
      4121  4.117606E-02  4.726482E-01 -3.016123E-02
      4122  4.693338E-02  5.323854E-01 -5.985551E-02
      4123  5.182586E-02  6.295505E-01 -1.041595E-01
      4124  5.753670E-02  7.810725E-01 -1.675454E-01
      4125  6.325336E-02  9.978899E-01 -2.560024E-01
      4126  6.732317E-02  1.296106E+00 -3.798225E-01
      4127  6.737625E-02  1.716757E+00 -5.646867E-01
      4128  4.183439E-02  2.370100E+00 -9.192750E-01
      4129 -4.224689E-01  3.132226E+00 -1.892762E+00
      4130 -7.272538E-04  5.901044E-01 -8.556983E-01
      4131 -4.604483E-03  6.718477E-01 -7.386036E-01
      4132 -3.056700E-02  7.098283E-01 -7.132478E-01
      4133 -5.861306E-02  6.835268E-01 -7.158784E-01
      4134 -7.102860E-02  6.652234E-01 -7.143914E-01
      4135 -5.982648E-02  7.065636E-01 -7.003257E-01
      4136 -7.999952E-02  6.526899E-01 -6.710630E-01
      4137 -9.753232E-02  6.324962E-01 -6.926391E-01
      4138 -1.205381E-01  6.129110E-01 -6.913343E-01
      4139 -1.345539E-01  6.098587E-01 -6.860638E-01
      4140 -1.459671E-01  6.027778E-01 -6.841417E-01
      4141 -1.580852E-01  6.021062E-01 -6.687075E-01
      4142 -1.699832E-01  5.913753E-01 -6.562383E-01
      4143 -1.806179E-01  5.768315E-01 -6.408821E-01
      4144 -1.903480E-01  5.563120E-01 -6.205174E-01
      4145 -2.011142E-01  5.308113E-01 -5.923588E-01
      4146 -2.136770E-01  5.011962E-01 -5.597471E-01
      4147 -2.292920E-01  4.708163E-01 -5.270877E-01
      4148 -2.496433E-01  4.444607E-01 -4.961942E-01
      4149 -2.664831E-01  4.294066E-01 -4.885046E-01
      4150 -2.887661E-01  4.303298E-01 -4.877920E-01
      4151 -3.360380E-01  4.611798E-01 -5.165779E-01
      4152 -3.915282E-01  5.289860E-01 -6.113755E-01
      4153 -4.459683E-01  6.466790E-01 -7.628081E-01
      4154 -5.068099E-01  8.311136E-01 -9.952190E-01
      4155 -5.734811E-01  1.098993E+00 -1.329308E+00
      4156 -6.444557E-01  1.465512E+00 -1.792465E+00
      4157 -7.212104E-01  1.967117E+00 -2.431329E+00
      4158 -8.107414E-01  2.710868E+00 -3.357387E+00
      4159 -1.018246E+00  4.126113E+00 -5.035121E+00
      4160 -1.275925E+00  5.255570E+00 -7.800946E+00
      4914  2.802633E+00 -4.099956E-01  2.023184E+00
      4915  3.116912E+00 -1.844494E-01  2.183658E+00
      4916  4.904281E+00 -9.624054E-02  3.157760E+00
      4917  9.226897E+00 -3.267917E-01  3.390372E+00
      4918  2.773879E+00 -2.459123E+00  6.626526E+00
      4919  4.494767E+00 -3.599336E+00  9.986079E+00
      4920  6.502280E+00 -3.959095E+00  1.505969E+01
      4921  1.120105E+01 -4.033285E+00  2.169234E+01
      4922  1.420499E+01 -3.737772E+00  3.029213E+01
      5073 -2.903434E-01 -4.086943E+00  6.770542E+00
      5074 -1.174208E+00  1.004228E+01  4.747690E+01
      5075 -7.279923E-01 -2.816670E-01  7.976253E-01
      5076 -1.395813E+00 -5.153739E-01  1.521810E+00
      5077 -3.353612E+00 -6.420342E-02  1.345034E+00
      5078 -4.730573E+00  8.522606E-02  1.915756E+00
      5079 -1.569787E+00 -1.618486E+00  3.872245E+00
      5080 -3.116250E+00 -3.491280E+00  5.533302E+00
      5081 -4.845681E+00 -3.975299E+00  9.681302E+00
      5082 -6.729552E+00 -4.227931E+00  1.543742E+01
      5083 -1.310338E+01 -4.369340E+00  2.609406E+01
      5851  6.968369E-01 -2.577488E-02  8.178854E-01
      5852  1.193116E+00 -4.743592E-01  1.365947E+00
      5853  2.984830E+00 -6.013255E-02  1.154443E+00
      5854  4.233510E+00  7.302338E-02  1.675514E+00
      5855  1.565605E+00 -1.590222E+00  3.570215E+00
      5856  2.738399E+00 -3.210701E+00  4.945463E+00
      5857  4.349161E+00 -3.626506E+00  8.687214E+00
      5858  6.049785E+00 -3.858541E+00  1.387639E+01
      5859  1.183079E+01 -3.996834E+00  2.355725E+01
      6017  2.799921E-01 -3.789587E+00  6.269692E+00
      6018  1.166518E+00  9.108704E+00  4.310723E+01
      6019 -2.660170E+00 -3.975143E-01  1.925704E+00
      6020 -2.930356E+00 -1.722817E-01  2.065810E+00
      6021 -4.571877E+00 -8.459537E-02  2.941323E+00
      6022 -8.512325E+00 -2.823368E-01  3.145532E+00
      6023 -2.601682E+00 -2.289381E+00  6.271161E+00
      6024 -4.219387E+00 -3.315570E+00  9.381029E+00
      6025 -6.045657E+00 -3.624051E+00  1.400460E+01
      6026 -1.033180E+01 -3.678943E+00  2.001034E+01
      6027 -1.299735E+01 -3.389308E+00  2.773127E+01
      6668  2.036018E+00  2.331149E+00 -7.143812E+00
      6673 -1.885819E+00  2.136450E+00 -6.396526E+00
      6675 -8.210150E-02  1.443144E+00  2.549439E+00
      6676 -3.092255E-01  1.238863E+00  2.422811E+00
      6677 -1.528722E-01  8.497590E-01  1.630770E+00
      6678 -3.632320E-02  5.923182E-01  1.150790E+00
      6679  2.251567E-02  4.548231E-01  8.815210E-01
      6680  5.108508E-02  3.576220E-01  6.975454E-01
      6681  6.958070E-02  3.198566E-01  6.091460E-01
      6682  7.760508E-02  2.945171E-01  5.594243E-01
      6683  7.908268E-02  2.969701E-01  5.489204E-01
      6684  8.146302E-02  3.243275E-01  5.781301E-01
      6685  7.439909E-02  3.363610E-01  5.998802E-01
      6686  7.280513E-02  3.747899E-01  6.515694E-01
      6687  6.387341E-02  3.884106E-01  6.815021E-01
      6688  6.148365E-02  4.276665E-01  7.346716E-01
      6689  5.238609E-02  4.358863E-01  7.585725E-01
      6690  5.023569E-02  4.713893E-01  8.041078E-01
      6691  4.178151E-02  4.716241E-01  8.166047E-01
      6692  4.003986E-02  5.018869E-01  8.513941E-01
      6693  3.243398E-02  4.945565E-01  8.520935E-01
      6694  2.849129E-02  5.177649E-01  8.716890E-01
      6695  2.891939E-02  5.317393E-01  8.757681E-01
      6696  2.263021E-02  5.128476E-01  8.762964E-01
      6697  1.709378E-02  5.323200E-01  8.875898E-01
      6698  1.926257E-02  5.437119E-01  8.870288E-01
      6699  1.481234E-02  5.224411E-01  8.882266E-01
      6700  7.958059E-03  5.435818E-01  8.976917E-01
      6701  1.529361E-02  5.573033E-01  8.958339E-01
      6702  6.389300E-03  5.295830E-01  9.022580E-01
      6703  5.230117E-03  5.299628E-01  9.087305E-01
      6704 -3.463487E-03  5.571328E-01  9.242053E-01
      6705 -5.399103E-03  5.548732E-01  9.216945E-01
      6706 -5.627904E-03  5.222176E-01  9.059583E-01
      6707 -7.784681E-03  5.311061E-01  9.089789E-01
      6708 -1.181913E-02  5.255986E-01  9.049396E-01
      6709 -1.204638E-02  5.252263E-01  9.025088E-01
      6710 -1.629947E-02  5.288674E-01  9.102298E-01
      6711 -2.230525E-02  5.194679E-01  8.899534E-01
      6712 -2.196103E-02  5.099212E-01  8.799979E-01
      6713 -2.647595E-02  5.044778E-01  8.717202E-01
      6714 -3.041105E-02  5.009913E-01  8.679314E-01
      6715 -3.443911E-02  4.958760E-01  8.598583E-01
      6716 -3.853391E-02  4.877601E-01  8.488707E-01
      6717 -4.279877E-02  4.773661E-01  8.332009E-01
      6718 -4.735356E-02  4.645635E-01  8.131305E-01
      6719 -5.240353E-02  4.489154E-01  7.876110E-01
      6720 -5.734713E-02  4.291915E-01  7.548363E-01
      6721 -6.280694E-02  4.068377E-01  7.183368E-01
      6722 -6.829943E-02  3.814670E-01  6.759929E-01
      6723 -7.353540E-02  3.542880E-01  6.324598E-01
      6724 -7.757899E-02  3.251544E-01  5.907818E-01
      6725 -8.017470E-02  3.030636E-01  5.555802E-01
      6726 -8.121033E-02  2.879667E-01  5.343425E-01
      6727 -7.880734E-02  2.805845E-01  5.360241E-01
      6728 -7.085406E-02  2.931881E-01  5.720641E-01
      6729 -5.552196E-02  3.318770E-01  6.566289E-01
      6730 -2.815098E-02  4.073352E-01  8.082601E-01
      6731  2.410114E-02  5.364175E-01  1.057383E+00
      6732  1.297884E-01  7.541352E-01  1.473014E+00
      6733  2.685788E-01  1.113088E+00  2.193997E+00
      6734  6.740229E-02  1.293147E+00  2.306449E+00
      6735  1.208971E+00  1.386340E+00  2.582873E+00
      6736  5.235777E-01  1.369667E+00  3.161133E+00
      6737  1.299153E+00  6.844092E-01  2.841431E+00
      6738  1.474003E+00  3.674584E-01  1.861851E+00
      6739  1.504104E+00  2.681061E-01  1.393712E+00
      6740  1.448216E+00  2.421804E-01  1.183251E+00
      6741  1.353555E+00  2.666821E-01  1.113956E+00
      6742  1.241039E+00  3.076944E-01  1.136112E+00
      6743  1.129763E+00  3.599727E-01  1.203014E+00
      6744  1.026840E+00  4.169545E-01  1.312772E+00
      6745  9.273412E-01  4.725384E-01  1.438603E+00
      6746  8.410170E-01  5.219466E-01  1.554795E+00
      6747  7.632313E-01  5.657065E-01  1.670636E+00
      6748  6.974940E-01  6.018227E-01  1.768682E+00
      6749  6.363798E-01  6.329664E-01  1.860808E+00
      6750  5.852390E-01  6.558828E-01  1.931898E+00
      6751  5.349345E-01  6.758793E-01  1.996637E+00
      6752  4.923040E-01  6.891376E-01  2.041847E+00
      6753  4.473212E-01  7.007756E-01  2.082278E+00
      6754  4.099720E-01  7.069656E-01  2.109007E+00
      6755  3.644277E-01  7.167534E-01  2.142024E+00
      6756  3.157794E-01  7.242578E-01  2.151844E+00
      6757  2.823395E-01  7.167198E-01  2.155753E+00
      6758  2.358249E-01  7.219411E-01  2.173082E+00
      6759  1.874694E-01  7.263998E-01  2.173900E+00
      6760  1.533396E-01  7.185969E-01  2.172864E+00
      6761  1.133666E-01  7.178310E-01  2.178636E+00
      6762  6.916530E-02  7.167716E-01  2.173092E+00
      6763  4.500817E-02  7.066002E-01  2.157082E+00
      6764  2.019309E-02  7.102649E-01  2.173399E+00
      6765 -1.725305E-02  7.326823E-01  2.147215E+00
      6766 -5.315899E-02  7.081764E-01  2.165663E+00
      6767 -7.044689E-02  7.085312E-01  2.161379E+00
      6768 -1.060443E-01  7.114433E-01  2.169288E+00
      6769 -1.402852E-01  7.154352E-01  2.175960E+00
      6770 -1.739001E-01  7.224680E-01  2.195894E+00
      6771 -2.346523E-01  7.268084E-01  2.194839E+00
      6772 -2.721160E-01  7.169497E-01  2.160246E+00
      6773 -3.151124E-01  7.185300E-01  2.146439E+00
      6774 -3.551942E-01  7.122554E-01  2.129434E+00
      6775 -4.013283E-01  7.092808E-01  2.115974E+00
      6776 -4.462522E-01  7.017867E-01  2.091812E+00
      6777 -4.899976E-01  6.918949E-01  2.059125E+00
      6778 -5.324741E-01  6.786635E-01  2.016261E+00
      6779 -5.752226E-01  6.622088E-01  1.963536E+00
      6780 -6.206937E-01  6.413402E-01  1.897985E+00
      6781 -6.679482E-01  6.160124E-01  1.820916E+00
      6782 -7.229818E-01  5.860090E-01  1.731522E+00
      6783 -7.846597E-01  5.492194E-01  1.629007E+00
      6784 -8.560045E-01  5.069481E-01  1.516198E+00
      6785 -9.373959E-01  4.591453E-01  1.397065E+00
      6786 -1.026733E+00  4.060147E-01  1.277837E+00
      6787 -1.123667E+00  3.512117E-01  1.170579E+00
      6788 -1.225081E+00  2.998024E-01  1.092181E+00
      6789 -1.324201E+00  2.580791E-01  1.063345E+00
      6790 -1.410087E+00  2.359262E-01  1.114170E+00
      6791 -1.460984E+00  2.503168E-01  1.291902E+00
      6792 -1.432248E+00  3.420726E-01  1.700178E+00
      6793 -1.273079E+00  6.160093E-01  2.572336E+00
      6794 -5.231603E-01  1.238819E+00  2.854712E+00
      6795 -1.138998E+00  1.251169E+00  2.318128E+00
      7169  2.024701E-01  7.633555E+00 -1.746263E+01
      7200 -2.077779E-01  1.056505E+01  2.450403E+01
      7222 -1.999341E+00 -1.446596E-02  6.132229E-01
      7223 -8.466097E-01 -9.636600E-02  5.352878E-02
      7224  1.305372E-01 -1.401275E-01 -1.181834E+00
      7225  8.261112E-01 -1.480799E-01 -1.077788E+00
      7226 -5.192333E+00  1.639467E+00  1.198622E+01
      7227 -2.865279E+00  1.299525E+00  6.098010E+00
      7228 -1.433804E+00  2.722758E+00  5.388143E+00
      7229  5.195466E-03  2.949432E+00 -2.518526E-01
      7230  1.088742E+00  3.389975E+00 -4.665853E+00
      7231  3.759664E+00  3.962459E-03  2.144925E+00
      7232  3.188693E+00 -5.987496E-01  2.695829E+00
      7233  1.164212E+00 -4.714462E-01  1.476658E+00
      7234 -7.706884E-01 -9.209343E-01  1.018556E+00
      7235 -1.495689E+00 -5.768553E-02 -4.287901E-01
      7236  7.802143E+00  1.906645E+00  1.774501E+01
      7237  4.880550E+00  1.365160E+00  1.108244E+01
      7238  2.666533E+00  2.608637E+00  8.243544E+00
      7239 -1.446257E-01  2.851341E+00  5.718193E-02
      7240 -1.830469E+00  2.069928E+00 -5.143235E+00
      7241 -4.257931E+00  1.724479E+00 -1.011827E+01
      7297 -1.957434E-01  6.806235E+00 -1.554090E+01
      7330  2.446744E-01  9.451600E+00  2.192068E+01
      7350 -3.460654E+00  1.304647E-02  2.022277E+00
      7351 -2.998517E+00 -5.549471E-01  2.643015E+00
      7352 -1.156078E+00 -4.400740E-01  1.511735E+00
      7353  5.980528E-01 -8.523839E-01  1.109490E+00
      7354  1.261326E+00 -5.035372E-02 -3.104362E-01
      7355 -7.101695E+00  1.696938E+00  1.616112E+01
      7356 -4.488625E+00  1.223976E+00  1.019436E+01
      7357 -2.497585E+00  2.354395E+00  7.719827E+00
      7358  3.606646E-02  2.587181E+00  3.726183E-01
      7359  1.527379E+00  1.884131E+00 -4.335950E+00
      7360  3.692534E+00  1.558737E+00 -8.797898E+00
      7361  1.712144E+00 -1.690898E-02  4.559849E-01
      7362  6.277275E-01 -8.438823E-02 -7.751148E-02
      7363 -2.365155E-01 -1.127241E-01 -1.248793E+00
      7364 -8.258989E-01 -1.198974E-01 -1.123585E+00
      7365  4.520857E+00  1.482823E+00  1.045571E+01
      7366  2.445652E+00  1.171355E+00  5.190181E+00
      7367  1.172518E+00  2.479484E+00  4.476155E+00
      7368 -7.562556E-02  2.692483E+00 -4.945628E-01
      7369 -1.016675E+00  3.100222E+00 -4.342664E+00
     49500 -1.819781E-02  8.188242E-02  3.413729E-02
     49501 -1.179163E-02  7.413727E-02  2.788718E-02
     49502 -9.978191E-03  7.993583E-02  2.967975E-02
     49503  5.160195E-03  6.074492E-02  9.683046E-03
     49504 -8.541662E-03  8.510192E-02  3.156523E-02
     49505 -1.348820E-02  6.444149E-02  6.927258E-03
     49506 -1.657046E-02  7.510462E-02  7.269835E-03
     49507  8.447331E-05  1.073214E-01 -2.379417E-02
     49508 -1.296509E-02  7.821095E-02  7.158516E-03
     49509  8.004293E-04  8.853241E-02 -1.517031E-02
     49510 -7.366151E-03  8.862095E-02  3.287758E-02
     49511 -1.365202E-02  6.388694E-02  6.848306E-03
     49512 -1.656896E-02  7.327029E-02  7.142950E-03
     49513 -5.755365E-03  4.602497E-02  1.657246E-02
     49514  9.966231E-04  8.379692E-02 -1.457240E-02
     49515  1.276468E-03  9.133597E-02 -1.538792E-02
     49516  2.961337E-02  2.178956E-01  4.134898E-02
     49517 -2.780341E-02  1.089915E-01  5.159252E-02
     49518 -2.824708E-03  5.750908E-02  3.674645E-02
     49519 -3.141761E-02  1.662080E-01  6.944149E-02
     49520 -2.652283E-02  1.073213E-01  4.419725E-02
     49521  3.784961E-03  6.586919E-02 -1.234710E-02
     49522 -1.438964E-02  7.001022E-02  2.666218E-02
     49523 -1.255625E-02  6.499403E-02  8.529357E-03
     49524 -1.727411E-02  7.478020E-02  9.134784E-03
     49525  8.181010E-04  7.749764E-02 -1.370055E-02
     49526  7.108950E-03  1.030558E-01 -2.147376E-02
     49527 -2.918301E-03  4.731817E-02  3.311707E-03
     49528  4.633207E-04  6.950299E-02 -1.199164E-02
     49529 -1.262706E-02  4.638101E-02  5.340697E-03
     49530  8.293145E-03  1.032216E-01 -2.164051E-02
     49531  1.855035E+00  1.259990E-01 -9.664360E+00
     49532  1.655770E+00  1.139462E+00 -7.819144E+00
     49533  1.897449E+00  4.606646E-01 -6.860920E+00
     49534  2.310550E+00  3.865499E-01 -8.817104E+00
     49535  1.879654E-02 -1.549655E-01 -8.288696E-01
     49536  3.787834E-03 -6.120250E-02 -1.170378E+00
     49537 -1.675008E-03 -2.183540E-01 -9.395469E-01
     49538  3.030521E-02 -3.033908E-02 -1.200192E+00
     49539  1.788578E+00 -6.390066E-02 -5.374845E+00
     49540  1.640002E+00 -2.542242E-01 -4.663548E+00
     49541  2.009465E+00 -2.832154E-01 -6.750455E+00
     49542  1.970846E+00 -2.544888E-01 -6.696730E+00
     49543  1.558819E+00 -3.008647E-01 -3.891284E+00
     49544  1.429648E+00 -3.032811E-01 -3.437364E+00
     49545  1.811292E+00 -6.344935E-01 -4.840364E+00
     49546  1.961379E+00 -1.023737E-01 -6.005642E+00
     49547  1.697156E+00 -4.054096E-01 -4.812016E+00
     49548  1.397671E+00 -1.145301E-01 -2.805358E+00
     49549  1.385760E+00 -1.175472E-01 -2.443494E+00
     49550  1.746281E+00 -6.423129E-01 -3.437701E+00
     49551  1.714086E+00 -2.575467E-01 -4.392039E+00
     49552  1.563542E+00  1.082548E-01 -3.725784E+00
     49553  1.264015E+00 -2.115668E-01 -2.186894E+00
     49554  1.181324E+00 -2.241698E-01 -1.952376E+00
     49555  1.314530E+00 -4.738428E-01 -2.522197E+00
     49556  1.355394E+00 -2.500216E-01 -2.707444E+00
     49557  1.385240E+00  1.337196E-01 -3.346666E+00
     49558  1.128725E+00 -9.298380E-02 -1.584691E+00
     49559  1.111156E+00 -9.500673E-02 -1.388300E+00
     49560  1.369937E+00 -4.287421E-01 -1.959331E+00
     49561  1.333688E+00 -1.436487E-01 -2.485332E+00
     49562  1.220941E+00  3.058966E-02 -2.092289E+00
     49563  1.005387E+00 -1.615500E-01 -1.251456E+00
     49564  9.383710E-01 -1.687116E-01 -1.126761E+00
     49565  1.039339E+00 -3.174486E-01 -1.457450E+00
     49566  1.105034E+00  5.762398E-02 -1.885440E+00
     49567  1.080979E+00 -1.532635E-01 -1.591155E+00
     49568  8.733180E-01 -7.941955E-02 -9.157106E-01
     49569  8.546157E-01 -8.271497E-02 -8.365882E-01
     49570  1.065714E+00 -3.212876E-01 -1.158034E+00
     49571  9.318606E-01 -3.595161E-03 -1.225617E+00
     49572  1.021516E+00 -9.798277E-02 -1.463965E+00
     49573  7.363613E-01 -8.776879E-02 -7.120626E-01
     49574  7.297313E-01 -1.538768E-01 -7.449562E-01
     49575  8.496129E-01 -2.552921E-01 -8.551240E-01
     49576  8.555340E-01  2.172554E-02 -1.137340E+00
     49577  8.057411E-01 -6.302618E-02 -1.004181E+00
     49578  6.844425E-01 -1.558846E-01 -6.702145E-01
     49579  6.343372E-01 -1.376113E-01 -6.318184E-01
     49580  7.304776E-01 -2.902175E-01 -8.145679E-01
     49581  7.381103E-01 -1.109665E-01 -9.196682E-01
     49582  7.377763E-01 -3.071362E-03 -9.702571E-01
     49583  5.763649E-01 -7.235505E-02 -5.472398E-01
     49584  5.926616E-01 -7.252711E-02 -5.402785E-01
     49585  7.356317E-01 -2.811858E-01 -7.010684E-01
     49586  6.603156E-01 -7.808109E-02 -8.835413E-01
     49587  6.110339E-01 -2.973990E-02 -7.778042E-01
     49588  5.317132E-01 -1.388888E-01 -5.783055E-01
     49589  5.000150E-01 -1.399881E-01 -5.815180E-01
     49590  4.969692E-01 -2.543227E-01 -6.717642E-01
     49591  5.674404E-01 -1.778201E-02 -7.698794E-01
     49592  5.862819E-01 -8.231314E-02 -8.503161E-01
     49593  4.495921E-01 -7.435361E-02 -5.316526E-01
     49594  4.822917E-01 -7.391163E-02 -5.448597E-01
     49595  6.010112E-01 -2.985264E-01 -6.766781E-01
     49596  4.831080E-01 -3.446206E-02 -7.750997E-01
     49597  5.022046E-01 -8.598058E-02 -8.390055E-01
     49598  4.318110E-01 -1.477824E-01 -6.095614E-01
     49599  4.071230E-01 -1.483965E-01 -6.249102E-01
     49600  3.748302E-01 -2.790156E-01 -7.005591E-01
     49601  4.495826E-01 -2.468575E-02 -7.890897E-01
     49602  4.839429E-01 -8.516152E-02 -9.083693E-01
     49603  3.618378E-01 -7.893439E-02 -5.830614E-01
     49604  4.097526E-01 -7.830893E-02 -6.023164E-01
     49605  5.153611E-01 -3.232842E-01 -7.347341E-01
     49606  3.988624E-01 -3.568669E-02 -8.563786E-01
     49607  3.982674E-01 -9.426698E-02 -9.093817E-01
     49608  3.636857E-01 -1.582422E-01 -6.782000E-01
     49609  3.422507E-01 -1.587947E-01 -6.947525E-01
     49610  2.910416E-01 -3.080525E-01 -7.749638E-01
     49611  3.706350E-01 -2.773225E-02 -8.768367E-01
     49612  4.151528E-01 -9.261639E-02 -1.004532E+00
     49613  2.996483E-01 -8.395461E-02 -6.488271E-01
     49614  3.571720E-01 -8.331788E-02 -6.661099E-01
     49615  4.579701E-01 -3.476796E-01 -8.129871E-01
     49616  3.408942E-01 -3.621168E-02 -9.504737E-01
     49617  3.280273E-01 -1.017655E-01 -1.008208E+00
     49618  3.125174E-01 -1.675599E-01 -7.440269E-01
     49619  2.921248E-01 -1.682286E-01 -7.570087E-01
     49620  2.292666E-01 -3.337420E-01 -8.491121E-01
     49621  3.142541E-01 -2.935914E-02 -9.689305E-01
     49622  3.636643E-01 -1.000769E-01 -1.091838E+00
     49623  2.500275E-01 -8.884598E-02 -7.020913E-01
     49624  3.141003E-01 -8.845494E-02 -7.138568E-01
     49625  4.133208E-01 -3.674295E-01 -8.790268E-01
     49626  2.744567E-01 -1.069738E-01 -1.094031E+00
     49627  2.951268E-01 -3.735427E-02 -1.025037E+00
     49628  2.682796E-01 -1.753521E-01 -7.895318E-01
     49629  2.473348E-01 -1.747546E-01 -7.969614E-01
     49630  1.781110E-01 -3.541032E-01 -9.020833E-01
     49631  2.690012E-01 -3.110426E-02 -1.037713E+00
     49632  3.180322E-01 -1.057216E-01 -1.150607E+00
     49633  1.983745E-01 -9.090844E-02 -7.283481E-01
     49634  2.446790E-01 -1.706054E-01 -8.280021E-01
     49635  3.761893E-01 -3.740518E-01 -9.157207E-01
     49636  2.554256E-01 -4.641627E-02 -1.064461E+00
     49637  2.273507E-01 -1.109228E-01 -1.149671E+00
     49638  1.453617E-01 -9.606815E-02 -7.381438E-01
     49639  2.116388E-01 -2.120750E-01 -8.955769E-01
     49640  3.938583E-01 -4.524694E-01 -9.304178E-01
     49641  2.038770E-01 -9.395498E-03 -1.103512E+00
     49642  2.270148E-01 -1.016451E-01 -1.079004E+00
     49643  1.993327E-01 -2.072915E-01 -8.304615E-01
     49644  1.707429E-01 -1.820300E-01 -8.252375E-01
     49645  2.302210E-01 -4.225499E-01 -1.007423E+00
     49646  1.702629E-01 -3.535212E-03 -1.153421E+00
     49647  2.308458E-01 -1.342586E-01 -1.175171E+00
     49648  1.197563E-01 -9.517191E-02 -7.476663E-01
     49649  1.691449E-01 -1.757810E-01 -8.502346E-01
     49650  3.026128E-01 -3.800203E-01 -9.390967E-01
     49651  1.781371E-01 -4.774118E-02 -1.091951E+00
     49652  1.506952E-01 -1.053115E-01 -1.191867E+00
     49653  6.336487E-02 -9.920790E-02 -7.582918E-01
     49654  1.313555E-01 -2.181657E-01 -9.207850E-01
     49655  3.161853E-01 -4.650554E-01 -9.526335E-01
     49656  1.255325E-01 -1.368270E-02 -1.131157E+00
     49657  1.462163E-01 -1.062208E-01 -1.103003E+00
     49658  1.190038E-01 -2.120985E-01 -8.525565E-01
     49659  9.019253E-02 -1.817240E-01 -8.442692E-01
     49660  1.498813E-01 -4.312370E-01 -1.032721E+00
     49661  8.424612E-02 -5.346388E-03 -1.183599E+00
     49662  1.431483E-01 -1.363138E-01 -1.202561E+00
     49663  3.543150E-02 -9.456953E-02 -7.696723E-01
     49664  8.566726E-02 -1.795403E-01 -8.895423E-01
     49665  2.144609E-01 -3.917968E-01 -9.772210E-01
     49666  9.343914E-02 -5.222443E-02 -1.131814E+00
     49667  6.323515E-02 -1.100831E-01 -1.222588E+00
     49668 -1.642397E-02 -9.771924E-02 -7.967939E-01
     49669  5.715432E-02 -1.847551E-01 -9.365434E-01
     49670  2.303540E-01 -4.661636E-01 -9.773106E-01
     49671  4.033720E-02 -2.130734E-02 -1.173147E+00
     49672  7.439588E-02 -1.174797E-01 -1.143976E+00
     49673 -5.397637E-02 -1.244028E-01 -7.993201E-01
     49674  2.006804E-02 -2.211555E-01 -9.301860E-01
     49675  2.522272E-01 -5.544439E-01 -9.882410E-01
     49676  5.103210E-02 -1.881904E-01 -1.171197E+00
     49677  1.762910E-04 -8.920487E-03 -1.203407E+00
     49678  3.300028E-02 -2.026626E-01 -8.988816E-01
     49679 -1.134312E-03 -2.134184E-01 -9.181737E-01
     49680  4.570553E-02 -4.213491E-01 -1.067716E+00
     49681  5.247289E-02 -1.569087E-01 -1.263973E+00
     49682 -2.816281E-02 -6.391297E-02 -1.276959E+00
     49683  4.592113E-03 -3.810492E-01 -1.094790E+00
     49684 -3.107913E-02 -1.061501E-01 -1.292156E+00
     51543  8.303619E-03  2.751352E-01  9.682522E-04
     51544  4.623426E-03  4.748118E-02  3.304534E-02
     51545  5.040508E-03  4.369248E-02  2.275749E-02
     51546 -1.498565E-03  9.612031E-02 -2.136343E-02
     51547 -4.410954E-03  7.078020E-02 -1.696327E-02
     51548 -1.195488E-03  4.882102E-02 -2.792064E-04
     51549 -2.754356E-03  1.240383E-01 -3.052291E-02
     51550 -2.147929E-03  8.893270E-02 -1.980550E-02
     51551 -1.897723E-03  5.358027E-02 -5.353095E-03
     51552  2.484822E-03  1.325200E-01 -3.338228E-02
     51553 -7.112870E-03  6.345375E-02  3.626236E-03
     51554 -2.257641E-03  8.371696E-02 -1.868821E-02
     51555  1.830805E-03  1.402396E-01 -3.394820E-02
     51556  1.611694E-03  1.395771E-01 -4.012029E-02
     51557 -1.803440E-03  9.283824E-02 -2.061705E-02
     51558 -1.146183E-03  6.910769E-02 -1.273848E-02
     51559 -2.573568E-03  5.968918E-02 -9.629301E-03
     51560  3.746283E-04  9.912044E-02 -2.169565E-02
     51561 -2.042888E-03  6.867607E-02 -1.498606E-02
     51562  1.940701E-03  1.243763E-01 -3.048060E-02
     51563  1.801842E-03  4.336085E-02  1.354830E-02
     51564 -1.394787E-03  1.347427E-01 -3.847413E-02
     51565 -7.782200E-04  1.024542E-01 -2.296337E-02
     51566 -7.475472E-03  1.103576E-01 -2.575450E-02
     51567  4.399748E-04  1.035448E-01 -2.252251E-02
     51568 -2.620379E-04  1.034435E-01 -2.311310E-02
     51569 -2.542705E-03  8.012314E-02 -1.788726E-02
     51570 -1.196180E-03  9.994381E-02 -2.230135E-02
     51571  9.226813E-04  1.038180E-01 -2.320745E-02
     51572 -1.624317E-04  1.819618E-02  6.337784E-02
     51573 -2.600624E-04  4.536965E-02  5.879738E-03
     51574 -2.198102E-02 -7.158951E-02 -1.171632E+00
     51575 -3.524458E-02 -1.537267E-01 -8.284856E-01
     51576 -1.580444E-02 -2.165825E-01 -9.262475E-01
     51577 -3.740946E-02 -4.427051E-02 -1.192804E+00
     51578 -1.495046E+00  1.057969E+00 -6.987089E+00
     51579 -1.703230E+00  7.409715E-02 -8.622740E+00
     51580 -1.910349E+00  3.013815E-01 -5.792705E+00
     51581 -1.949248E+00  7.115323E-01 -8.272833E+00
     51582 -1.405391E-02 -2.267808E-01 -9.219763E-01
     51583 -5.359016E-02 -2.264517E-01 -9.260688E-01
     51584 -3.664484E-02 -3.862297E-01 -1.093904E+00
     51585  1.799196E-02 -1.277643E-01 -1.287867E+00
     51586 -4.211046E-02 -2.030898E-01 -8.862184E-01
     51587 -6.476039E-02 -2.054387E-01 -8.815856E-01
     51588 -2.057767E-02 -4.216276E-01 -1.061466E+00
     51589 -1.136659E-01 -7.799055E-02 -1.314541E+00
     51590 -3.109954E-02 -1.740181E-01 -1.272281E+00
     51591 -5.555175E-02 -2.107295E-01 -9.048907E-01
     51592 -8.678439E-02 -2.067204E-01 -8.645651E-01
     51593 -8.235455E-02 -4.150812E-01 -1.048888E+00
     51594 -1.935224E-02 -8.768296E-02 -1.294295E+00
     51595 -7.997347E-02 -1.769838E-01 -1.267612E+00
     51596 -7.878127E-02 -2.072646E-01 -8.864722E-01
     51597 -1.138257E-01 -2.014738E-01 -8.522744E-01
     51598 -1.022151E-01 -4.156134E-01 -1.031776E+00
     51599 -1.133820E-01 -1.783184E-01 -1.227655E+00
     51600 -4.306814E-02 -8.347729E-02 -1.265908E+00
     51601 -9.752908E-02 -2.081749E-01 -8.719479E-01
     51602 -1.434936E-01 -2.119569E-01 -8.629939E-01
     51603 -1.289294E-01 -4.144259E-01 -1.016239E+00
     51604 -6.086920E-02 -1.115327E-01 -1.241903E+00
     51605 -1.390234E-01 -1.687462E-01 -1.206889E+00
     51606 -1.345737E-01 -1.948455E-01 -8.267285E-01
     51607 -1.649972E-01 -2.024494E-01 -8.273687E-01
     51608 -1.159114E-01 -4.049100E-01 -9.929915E-01
     51609 -1.993915E-01 -1.041036E-01 -1.240146E+00
     51610 -1.287606E-01 -1.585021E-01 -1.193772E+00
     51611 -1.555290E-01 -1.984106E-01 -8.409779E-01
     51612 -1.896590E-01 -1.935125E-01 -7.998578E-01
     51613 -1.763776E-01 -4.053223E-01 -9.798535E-01
     51614 -1.874622E-01 -1.671457E-01 -1.194499E+00
     51615 -1.292385E-01 -9.037542E-02 -1.208014E+00
     51616 -1.888228E-01 -1.936237E-01 -8.241406E-01
     51617 -2.207275E-01 -1.900609E-01 -7.933078E-01
     51618 -2.095859E-01 -3.959089E-01 -9.543183E-01
     51619 -2.174811E-01 -1.556930E-01 -1.149603E+00
     51620 -1.633073E-01 -8.170566E-02 -1.181531E+00
     51621 -2.173718E-01 -1.852737E-01 -8.108244E-01
     51622 -2.469438E-01 -1.892107E-01 -7.867494E-01
     51623 -2.340795E-01 -3.903189E-01 -9.446748E-01
     51624 -1.964425E-01 -8.842259E-02 -1.168868E+00
     51625 -2.478039E-01 -1.525782E-01 -1.134441E+00
     51626 -2.439434E-01 -1.811337E-01 -8.022983E-01
     51627 -2.730414E-01 -1.835206E-01 -7.758482E-01
     51628 -2.600293E-01 -3.880055E-01 -9.364150E-01
     51629 -2.256504E-01 -8.789827E-02 -1.153931E+00
     51630 -2.777953E-01 -1.541515E-01 -1.128641E+00
     51631 -2.694218E-01 -1.788765E-01 -7.927820E-01
     51632 -2.975680E-01 -1.839023E-01 -7.671325E-01
     51633 -2.874883E-01 -3.808020E-01 -9.247240E-01
     51634 -3.047871E-01 -1.457894E-01 -1.114802E+00
     51635 -2.534530E-01 -9.134346E-02 -1.142860E+00
     51636 -2.924739E-01 -1.778417E-01 -7.825074E-01
     51637 -3.207235E-01 -1.811611E-01 -7.529180E-01
     51638 -3.114465E-01 -3.777091E-01 -9.138165E-01
     51639 -2.774514E-01 -8.728314E-02 -1.125523E+00
     51640 -3.318780E-01 -1.496718E-01 -1.104457E+00
     51641 -3.152796E-01 -1.733763E-01 -7.647229E-01
     51642 -3.430002E-01 -1.772160E-01 -7.335994E-01
     51643 -3.332804E-01 -3.699200E-01 -8.951433E-01
     51644 -3.562447E-01 -1.464890E-01 -1.084041E+00
     51645 -3.014945E-01 -8.551047E-02 -1.099342E+00
     51646 -3.376687E-01 -1.677935E-01 -7.406376E-01
     51647 -3.649671E-01 -1.717449E-01 -7.067498E-01
     51648 -3.542295E-01 -3.604925E-01 -8.696759E-01
     51649 -3.249895E-01 -8.353245E-02 -1.064163E+00
     51650 -3.788942E-01 -1.425034E-01 -1.057405E+00
     51651 -3.615554E-01 -1.616711E-01 -7.097217E-01
     51652 -3.889958E-01 -1.669231E-01 -6.752052E-01
     51653 -3.760195E-01 -3.486211E-01 -8.357763E-01
     51654 -4.007380E-01 -1.361710E-01 -1.021413E+00
     51655 -3.505137E-01 -8.141720E-02 -1.020357E+00
     51656 -3.876262E-01 -1.559198E-01 -6.748508E-01
     51657 -4.164853E-01 -1.610220E-01 -6.388670E-01
     51658 -4.003211E-01 -3.372621E-01 -7.973522E-01
     51659 -3.782845E-01 -7.815293E-02 -9.706171E-01
     51660 -4.246925E-01 -1.308298E-01 -9.783993E-01
     51661 -4.196710E-01 -1.485099E-01 -6.366953E-01
     51662 -4.501766E-01 -1.547941E-01 -6.033995E-01
     51663 -4.287632E-01 -3.229735E-01 -7.538065E-01
     51664 -4.527305E-01 -1.241575E-01 -9.289758E-01
     51665 -4.126392E-01 -7.423158E-02 -9.167329E-01
     51666 -4.579764E-01 -1.439125E-01 -6.042500E-01
     51667 -4.917859E-01 -1.503205E-01 -5.752327E-01
     51668 -4.656938E-01 -3.096671E-01 -7.137530E-01
     51669 -4.866001E-01 -1.176274E-01 -8.789709E-01
     51670 -4.553327E-01 -7.083918E-02 -8.692079E-01
     51671 -5.053512E-01 -1.389403E-01 -5.807166E-01
     51672 -5.447599E-01 -1.496988E-01 -5.782680E-01
     51673 -5.110592E-01 -2.987003E-01 -6.842718E-01
     51674 -5.081925E-01 -7.134368E-02 -8.248739E-01
     51675 -5.301764E-01 -1.144338E-01 -8.367452E-01
     51676 -5.643330E-01 -1.353491E-01 -5.694249E-01
     51677 -6.070952E-01 -1.458688E-01 -5.920608E-01
     51678 -5.515329E-01 -2.889174E-01 -6.744476E-01
     51679 -6.015579E-01 -7.069034E-02 -8.354584E-01
     51680 -5.912016E-01 -1.067217E-01 -7.948426E-01
     51681 -6.332783E-01 -1.364939E-01 -6.053154E-01
     51682 -6.802299E-01 -1.434993E-01 -6.283824E-01
     51683 -6.229160E-01 -2.737759E-01 -6.957730E-01
     51684 -6.712138E-01 -1.020775E-01 -8.362354E-01
     51685 -6.629887E-01 -6.617282E-02 -8.471592E-01
     51686 -7.119725E-01 -1.411905E-01 -6.953461E-01
     51687 -7.676433E-01 -1.484000E-01 -7.303869E-01
     51688 -7.228778E-01 -2.660660E-01 -7.633588E-01
     51689 -7.248688E-01 -1.120897E-01 -8.734307E-01
     51690 -7.504655E-01 -6.611839E-02 -9.411395E-01
     51691 -8.035166E-01 -1.511201E-01 -8.348146E-01
     51692 -8.674084E-01 -1.575099E-01 -9.006971E-01
     51693 -8.213099E-01 -2.726120E-01 -8.950497E-01
     51694 -8.604317E-01 -7.136926E-02 -1.102127E+00
     51695 -8.241174E-01 -1.225660E-01 -9.763793E-01
     51696 -9.050495E-01 -1.672054E-01 -1.051197E+00
     51697 -9.774931E-01 -1.734400E-01 -1.156133E+00
     51698 -9.340308E-01 -2.844649E-01 -1.105734E+00
     51699 -9.859066E-01 -8.404267E-02 -1.360236E+00
     51700 -9.311520E-01 -1.375948E-01 -1.168628E+00
     51701 -1.012585E+00 -1.921377E-01 -1.363701E+00
     51702 -1.093897E+00 -1.974879E-01 -1.515462E+00
     51703 -1.058642E+00 -3.097720E-01 -1.418108E+00
     51704 -1.050880E+00 -1.618614E-01 -1.465923E+00
     51705 -1.123214E+00 -1.043046E-01 -1.740269E+00
     51706 -1.121176E+00 -2.266146E-01 -1.792177E+00
     51707 -1.211891E+00 -2.290442E-01 -1.999629E+00
     51708 -1.191607E+00 -3.519508E-01 -1.855084E+00
     51709 -1.268559E+00 -1.327690E-01 -2.269825E+00
     51710 -1.178493E+00 -1.985344E-01 -1.892198E+00
     51711 -1.227159E+00 -2.695544E-01 -2.362981E+00
     51712 -1.330252E+00 -2.643478E-01 -2.639577E+00
     51713 -1.332341E+00 -4.130624E-01 -2.446644E+00
     51714 -1.423268E+00 -1.725575E-01 -2.989540E+00
     51715 -1.308650E+00 -2.466612E-01 -2.476213E+00
     51716 -1.339402E+00 -3.104860E-01 -3.130014E+00
     51717 -1.464118E+00 -2.777658E-01 -3.500938E+00
     51718 -1.492840E+00 -4.940710E-01 -3.248259E+00
     51719 -1.610098E+00 -2.387682E-01 -3.978160E+00
     51720 -1.440526E+00 -3.093344E-01 -3.261037E+00
     51721 -1.532061E+00 -2.570929E-01 -4.203820E+00
     51722 -1.670289E+00 -5.256552E-02 -4.798631E+00
     51723 -1.685795E+00 -5.792629E-01 -4.368101E+00
     51724 -1.590336E+00 -3.916171E-01 -4.336620E+00
     51725 -1.895415E+00 -3.436025E-01 -5.402199E+00
     51726 -1.681616E+00 -6.935588E-01 -5.695256E+00
     51727 -1.774794E+00 -5.859833E-01 -5.885082E+00
     57626 -3.270647E-01  2.028010E+00  8.181387E-01
     57627  8.509200E-01 -1.183341E-01 -3.485971E-01
     57628 -1.395893E+00  8.970628E-01  2.654257E-02
     57629  5.808096E-02  4.559845E-01  4.166040E-02
     57630  7.531953E-01  1.219063E-01 -3.837671E-01
     57631  2.445664E-01 -9.400408E+00  4.849547E+01
     57632 -1.591264E+00 -9.766725E+00  4.493179E+01
     57633  2.459295E+00 -6.872156E+00  3.994283E+01
     57634 -8.917091E-01 -5.204932E+00  9.200190E+00
     57635  1.733435E-02 -5.888436E+00  1.162051E+01
     57636 -4.754401E-01 -6.317462E+00  9.684220E+00
     57637 -1.322219E+00 -4.922808E+00  6.942245E+00
     57638 -3.731779E+00 -8.005589E+00  3.683666E+01
     57639  8.958390E-02 -6.726314E+00  1.263974E+01
     57640  2.417283E-01 -7.175587E+00  1.575928E+01
     57641 -1.816247E-01 -6.542461E+00  8.762058E+00
     57642  8.744676E-01 -7.413013E+00  1.889500E+01
     57643  6.950434E-01 -7.538613E+00  2.263555E+01
     57644  1.384419E-01 -7.233999E+00  1.471533E+01
     57645  6.624221E-01 -7.631605E+00  2.672130E+01
     57646 -8.879867E-01 -7.870278E+00  3.077889E+01
     57647 -6.244941E-01 -7.742096E+00  2.232875E+01
     57648 -1.350548E+00 -8.407055E+00  3.428350E+01
     57649 -9.176115E-01 -6.050873E+00  1.005830E+01
     57650 -1.631601E+00 -6.509830E+00  7.557405E+00
     57651 -4.882000E-01 -7.267223E+00  1.733655E+01
     57652 -3.315370E+00 -7.430246E+00  1.242709E+01
     57653 -1.452352E+00 -7.574439E+00  2.727440E+01
     57654 -2.601870E+00 -7.916544E+00  2.296409E+01
     63953 -7.978560E-01 -9.328760E-02 -3.042214E-01
     63954  1.257318E+00  8.176130E-01  2.542723E-02
     63955 -6.090385E-02  3.886705E-01 -1.887521E-02
     63956 -7.047316E-01  1.077172E-01 -3.572970E-01
     63957  2.779149E-01  1.831663E+00  7.391918E-01
     63958 -4.155110E-03 -5.457523E+00  1.083193E+01
     63959  8.217487E-01 -4.854792E+00  8.515347E+00
     63960  1.244331E+00 -4.527390E+00  6.523889E+00
     63961  1.538424E+00 -8.872287E+00  4.071773E+01
     63962 -1.422613E-01 -8.556729E+00  4.422424E+01
     63963  3.457937E+00 -7.329774E+00  3.334122E+01
     63964  4.884220E-01 -5.835493E+00  9.105239E+00
     63965 -2.166322E+00 -6.221314E+00  3.656098E+01
     63966  1.553132E+00 -6.057696E+00  6.708642E+00
     63967  9.618721E-01 -5.562301E+00  9.095041E+00
     63968  1.404934E-01 -6.021209E+00  8.104952E+00
     63969  3.106244E+00 -6.810414E+00  1.123416E+01
     63970  5.302046E-01 -6.636873E+00  1.570624E+01
     63971 -8.671293E-02 -6.621467E+00  1.353423E+01
     63972  2.405104E+00 -7.236529E+00  2.077368E+01
     63973  1.385879E+00 -6.917044E+00  2.467880E+01
     63974  6.014353E-01 -7.073051E+00  2.043698E+01
     63975  1.259836E+00 -7.666314E+00  3.124962E+01
     63976 -1.917313E-01 -6.601252E+00  1.470212E+01
     63977 -5.813439E-02 -6.191882E+00  1.187910E+01
     63978 -6.001281E-01 -6.911578E+00  2.091502E+01
     63979 -7.559575E-01 -6.794903E+00  1.753125E+01
     63980  8.849027E-01 -7.214190E+00  2.825594E+01
     63981 -5.295652E-01 -6.965716E+00  2.461404E+01
     69741 -1.842573E-01  3.171148E-01 -4.281924E-02
     69742  1.633284E-01  2.897701E-01 -3.426686E-02
     69743  2.141959E-01  5.013945E-01 -2.969801E-01
     69744 -2.254193E-01  5.736684E-01 -3.057953E-01
     69745  3.185164E+00  1.494374E+00 -8.594995E+00
     69746  2.972669E+00  9.034646E-01 -2.855989E+00
     69747  3.003506E+00  5.730808E-01 -6.362416E+00
     69748 -1.408137E-02 -2.820272E-01  1.315824E+00
     69749 -8.271355E-03 -2.815553E-01  1.254704E+00
     69750 -4.697621E-02 -2.838530E-01  1.318036E+00
     69751 -4.736999E-02 -2.759388E-01  1.249935E+00
     69752 -2.766678E+00  8.441238E-01 -2.588597E+00
     69753 -2.946892E+00  1.377468E+00 -7.723179E+00
     69754 -2.771784E+00  4.942862E-01 -5.771086E+00
     69755  2.917080E+00 -1.820753E-01  3.657247E-01
     69756 -2.727012E+00 -1.569447E-01  2.890227E-01
     69757  2.104372E+00 -7.592595E-01 -3.398600E+00
     69758  2.899210E+00 -1.153897E+00 -3.275729E+00
     69759  2.541064E+00 -6.266852E-01 -1.224675E+00
     69760  1.225940E+00 -8.167116E-01  1.210918E+00
     69761  3.328352E+00 -1.763166E+00 -1.158596E+00
     69762  2.815713E+00 -1.874980E+00 -2.058991E+00
     69763  1.491450E+00 -4.607105E-01  2.098701E+00
     69764  3.378257E+00 -1.494724E+00 -1.054279E+00
     69765  3.395554E+00 -1.815064E+00 -9.195812E-01
     69766  3.307233E+00 -1.124356E+00 -7.116258E-01
     69767  3.342376E+00 -1.351452E+00 -7.338648E-01
     69768  3.103525E+00 -8.827601E-01 -4.011872E-01
     69769  3.169507E+00 -9.915268E-01 -4.649778E-01
     69770  2.916541E+00 -6.886292E-01 -1.482329E-01
     69771  2.879329E+00 -6.366810E-01 -4.473900E-02
     69772  2.642459E+00 -4.821416E-01  1.274817E-01
     69773  2.617556E+00 -4.911299E-01  2.281720E-01
     69774  2.368348E+00 -3.189758E-01  3.886324E-01
     69775  2.370520E+00 -3.537263E-01  4.838699E-01
     69776  2.120219E+00 -2.000746E-01  6.019460E-01
     69777  2.137609E+00 -2.562091E-01  7.004730E-01
     69778  1.897557E+00 -1.537411E-01  7.668321E-01
     69779  1.922436E+00 -2.269506E-01  8.386904E-01
     69780  1.692449E+00 -9.599378E-02  9.243446E-01
     69781  1.752586E+00 -1.757626E-01  9.895607E-01
     69782  1.531850E+00 -1.018029E-01  1.010614E+00
     69783  1.582467E+00 -1.812907E-01  1.055546E+00
     69784  1.379152E+00 -7.776278E-02  1.111061E+00
     69785  1.459635E+00 -1.571346E-01  1.153041E+00
     69786  1.264915E+00 -1.099231E-01  1.148553E+00
     69787  1.327458E+00 -1.831936E-01  1.174145E+00
     69788  1.146872E+00 -9.845532E-02  1.215850E+00
     69789  1.237177E+00 -1.697797E-01  1.240496E+00
     69790  1.062213E+00 -1.413940E-01  1.223387E+00
     69791  1.128385E+00 -2.038089E-01  1.235366E+00
     69792  9.639050E-01 -1.301611E-01  1.272881E+00
     69793  1.056892E+00 -1.894253E-01  1.286313E+00
     69794  8.938395E-01 -1.725668E-01  1.264353E+00
     69795  9.595778E-01 -2.234197E-01  1.268078E+00
     69796  8.029134E-01 -1.565978E-01  1.306105E+00
     69797  8.980668E-01 -2.055919E-01  1.314215E+00
     69798  7.384708E-01 -1.906512E-01  1.304719E+00
     69799  8.175991E-01 -2.180459E-01  1.326258E+00
     69800  6.633784E-01 -1.899879E-01  1.338732E+00
     69801  7.073385E-01 -2.088220E-01  1.329580E+00
     69802  5.610075E-01 -1.769771E-01  1.352041E+00
     69803  6.384088E-01 -2.138836E-01  1.350276E+00
     69804  4.898326E-01 -2.152320E-01  1.329437E+00
     69805  5.640223E-01 -2.283204E-01  1.345561E+00
     69806  4.110927E-01 -2.110386E-01  1.352872E+00
     69807  4.484867E-01 -2.196986E-01  1.340100E+00
     69808  3.051771E-01 -1.999122E-01  1.355841E+00
     69809  3.784044E-01 -2.235670E-01  1.346275E+00
     69810  3.085988E-01 -2.460905E-01  1.317903E+00
     69811  2.379587E-01 -2.438648E-01  1.312648E+00
     69812  1.672439E-01 -2.372180E-01  1.312041E+00
     69813  2.145588E-01 -2.628765E-01  1.303434E+00
     69814  7.785502E-02 -2.363219E-01  1.301577E+00
     69815  1.489682E-01 -2.639806E-01  1.284636E+00
     69816  3.197868E-02 -2.447310E-01  1.282283E+00
     69817  8.296300E-02 -2.459093E-01  1.278069E+00
     69818 -1.480809E-01 -2.534266E-01  1.272533E+00
     69819 -8.345852E-02 -2.449587E-01  1.280877E+00
     69820 -2.030819E-01 -2.518462E-01  1.291002E+00
     69821 -1.522244E-01 -2.409488E-01  1.298249E+00
     69822 -2.159881E-01 -2.264294E-01  1.321909E+00
     69823 -2.714505E-01 -2.438372E-01  1.313197E+00
     69824 -2.926673E-01 -2.221950E-01  1.351421E+00
     69825 -3.456852E-01 -2.397849E-01  1.337039E+00
     69826 -3.880012E-01 -1.989754E-01  1.381371E+00
     69827 -4.178172E-01 -2.243348E-01  1.376579E+00
     69828 -4.684831E-01 -1.965166E-01  1.359899E+00
     69829 -5.233335E-01 -2.223418E-01  1.370158E+00
     69830 -5.512937E-01 -1.730885E-01  1.358551E+00
     69831 -6.093118E-01 -2.063869E-01  1.363981E+00
     69832 -6.374646E-01 -1.662730E-01  1.350653E+00
     69833 -6.980893E-01 -1.984669E-01  1.357338E+00
     69834 -7.246681E-01 -1.586237E-01  1.345126E+00
     69835 -7.811844E-01 -1.982583E-01  1.353521E+00
     69836 -8.128362E-01 -1.530684E-01  1.330049E+00
     69837 -8.695766E-01 -1.951179E-01  1.344021E+00
     69838 -8.967034E-01 -1.468832E-01  1.308526E+00
     69839 -9.553332E-01 -1.940204E-01  1.326538E+00
     69840 -9.780049E-01 -1.396053E-01  1.281885E+00
     69841 -1.038234E+00 -1.906689E-01  1.303673E+00
     69842 -1.058345E+00 -1.302304E-01  1.252085E+00
     69843 -1.118751E+00 -1.857839E-01  1.277333E+00
     69844 -1.140522E+00 -1.178769E-01  1.219310E+00
     69845 -1.199507E+00 -1.786804E-01  1.248421E+00
     69846 -1.227287E+00 -1.056611E-01  1.180391E+00
     69847 -1.286073E+00 -1.711350E-01  1.214436E+00
     69848 -1.324798E+00 -9.164195E-02  1.135926E+00
     69849 -1.379367E+00 -1.628352E-01  1.175507E+00
     69850 -1.437991E+00 -8.310552E-02  1.077921E+00
     69851 -1.488310E+00 -1.570575E-01  1.125910E+00
     69852 -1.570067E+00 -8.116316E-02  1.002576E+00
     69853 -1.614109E+00 -1.582649E-01  1.060230E+00
     69854 -1.726981E+00 -9.021254E-02  9.017020E-01
     69855 -1.761834E+00 -1.669391E-01  9.740034E-01
     69856 -1.909777E+00 -1.261150E-01  7.672270E-01
     69857 -1.930492E+00 -1.948305E-01  8.510343E-01
     69858 -2.115445E+00 -1.883555E-01  6.005780E-01
     69859 -2.121530E+00 -2.454049E-01  6.937596E-01
     69860 -2.343847E+00 -2.810338E-01  4.010799E-01
     69861 -2.333994E+00 -3.209075E-01  5.048188E-01
     69862 -2.589958E+00 -4.212479E-01  1.650566E-01
     69863 -2.559717E+00 -4.310309E-01  2.732411E-01
     69864 -2.838925E+00 -6.148113E-01 -1.015592E-01
     69865 -2.789212E+00 -5.803812E-01  3.152764E-03
     69866 -3.064705E+00 -8.722271E-01 -3.850964E-01
     69867 -3.003307E+00 -7.749555E-01 -2.991113E-01
     69868 -3.222062E+00 -1.204556E+00 -6.501952E-01
     69869 -3.171991E+00 -1.019025E+00 -6.166818E-01
     69870 -3.265703E+00 -1.606005E+00 -8.106168E-01
     69871 -3.248228E+00 -1.311550E+00 -9.012943E-01
     69872 -2.685507E+00 -1.680548E+00 -1.848982E+00
     69873 -3.183449E+00 -1.592156E+00 -1.041231E+00
     69874 -2.734365E+00 -1.076422E+00 -2.896549E+00
     69875 -2.011583E+00 -6.935615E-01 -3.078210E+00
     69876 -1.449121E+00 -4.102097E-01  1.900010E+00
     69877 -2.404002E+00 -5.683271E-01 -1.092947E+00
     69878 -1.217670E+00 -7.265893E-01  1.103535E+00
     70746  2.152742E-01  1.477345E-01 -3.207066E-01
     70747 -1.713476E-01  6.127924E-01  4.603706E-01
     70748  1.487229E-01  8.843759E-01 -3.460753E-01
     70749  2.733096E-01  4.651570E-01 -3.163469E-01
     70750  9.161170E-01  1.723448E+00 -7.324909E+00
     70751  9.824727E-01  1.847460E+00 -1.471951E+01
     70752  1.690583E+00  3.609622E+00 -7.484704E+00
     70753  1.059819E+00  1.980537E+00 -6.969328E+00
     70754  3.532990E-01  1.635473E+00 -6.496683E+00
     70755 -2.430018E-01  3.338818E+00 -1.921358E+01
     70756 -3.065487E-01  7.261227E+00 -9.018448E+00
     70757 -6.550376E-01  7.137198E+00 -4.711087E+00
     70758 -7.355826E-01  4.562060E+00 -8.754397E+00
     70759 -1.196913E+00  3.052917E+00 -1.150660E+01
     70760  3.538491E-01  4.312404E+00  2.905963E+01
     70761 -1.059183E+00  3.924646E+00  2.478914E+01
     70762 -1.768433E+00  3.278855E+00  1.613132E+01
     70763  1.460263E+00  3.786944E+00  2.132402E+01
     70764 -3.816453E-01  3.283630E+00  1.087149E+01
     70765 -1.367217E+00  3.109764E+00  1.015709E+01
     70766 -2.676045E-01  2.096898E+00  1.297373E+01
     70767 -1.380326E+00  5.571551E+00  1.196353E+01
     70768 -1.618983E+00  6.098645E+00  1.119251E+01
     70769  8.068310E-01  3.493943E+00  1.490096E+01
     70770 -1.041175E+00  6.587868E+00  5.657771E+00
     70771 -1.442906E+00  6.453614E+00 -5.725562E-02
     70772 -6.001676E-01  3.550832E+00  1.567533E+01
     70773 -4.374944E-01  3.624569E+00 -8.355931E+00
     71530 -2.175724E-01  1.269544E-01 -3.185337E-01
     71531  1.509818E-01  5.516524E-01  3.995052E-01
     71532 -1.964862E-01  7.943631E-01 -3.121317E-01
     71533 -2.739941E-01  4.260115E-01 -3.096995E-01
     71534 -9.214731E-01  1.656001E+00 -1.309595E+01
     71535 -8.504367E-01  1.558615E+00 -6.523175E+00
     71536 -9.856681E-01  1.804488E+00 -6.203280E+00
     71537 -1.536902E+00  3.320516E+00 -6.661181E+00
     71538 -3.440622E-01  1.495163E+00 -5.742995E+00
     71539  2.018862E-01  2.992989E+00 -1.695840E+01
     71540  3.578267E-01  6.620031E+00 -8.085828E+00
     71541  6.971372E-01  6.505548E+00 -4.145302E+00
     71542  6.636511E-01  4.140624E+00 -7.588161E+00
     71543  1.059253E+00  2.754124E+00 -1.007140E+01
     71544  1.025868E+00  3.534595E+00  2.197413E+01
     71545 -2.294140E-01  3.856583E+00  2.619834E+01
     71546 -1.269723E+00  3.421837E+00  1.926279E+01
     71547  1.607825E+00  2.932605E+00  1.424402E+01
     71548  6.149755E-01  3.199935E+00  1.420417E+01
     71549 -6.841449E-01  3.161199E+00  1.352605E+01
     71550  2.081854E-01  1.879476E+00  1.158509E+01
     71551  1.598973E+00  5.499044E+00  9.992969E+00
     71552  1.086743E+00  5.999247E+00  5.062341E+00
     71553  1.409256E+00  5.072663E+00  1.057262E+01
     71554  1.275109E+00  2.777928E+00  8.856322E+00
     71555  1.414512E+00  5.843949E+00 -3.118934E-02
     71556  4.325344E-01  3.275120E+00 -7.278985E+00
     71557  3.827073E-01  2.945859E+00  9.549660E+00

 total force (fx,fy,fz) for set FEET and time  0.1000000E+01

        1.664720E-09 -4.812492E-09  1.200000E+03

                        S T E P       2


                                INCREMENT     1


 displacements (vx,vy,vz) for set TOP and time  0.2000000E+01

     35037 -1.434978E-02  5.363489E-01 -4.978274E-01
     35822 -2.319551E-03  5.736252E-01 -5.178499E-01
     37264 -2.719049E-02  4.241174E-01 -4.262789E-01
     43694  8.687868E-03  5.760889E-01 -5.228046E-01
     46347  2.138456E-02  4.162722E-01 -4.089260E-01

 forces (fx,fy,fz) for set FEET and time  0.2000000E+01

       151 -3.539835E-01  3.733934E-01 -1.886638E+00
       155  6.029572E-01  7.221652E+00 -7.159435E+00
       156 -1.656739E-02 -5.664110E-02 -1.465538E+00
       160  1.821867E-03  8.801487E-01 -4.586296E-01
       161  3.021686E-01  3.406125E-01 -1.653385E+00
       165 -5.326456E-01  6.513901E+00 -6.455677E+00
       194  1.572915E+01  1.019204E+01  2.128138E+01
       195  1.698681E+00 -1.819228E+00  2.335730E+00
       196 -1.321416E+00 -1.014454E+00  1.739116E+00
       197 -1.653542E+01  8.159974E+00  1.805681E+01
       221  1.160981E+00 -8.797112E-01  1.558727E+00
       222  1.495491E+01  7.300892E+00  1.619173E+01
       225 -1.590498E+00 -1.714828E+00  2.205148E+00
       226 -1.433678E+01  9.361538E+00  1.949841E+01
       234  2.031135E+00 -5.919289E-01  3.342964E+00
       236 -1.908985E+00 -5.388281E-01  2.958725E+00
       242 -5.483619E+00  3.998150E+00 -6.895394E+00
       245 -6.172740E+00  4.804125E+00  7.097192E+00
       246  7.893018E+00  6.624994E+00  1.028653E+01
       253  4.850162E+00  3.494344E+00 -6.076076E+00
       254 -7.138386E+00  6.065946E+00  9.443991E+00
       255  5.448843E+00  4.162385E+00  6.134838E+00
      3486  2.631148E+00  3.016293E+00 -1.838159E+01
      3512 -1.494990E-02 -2.712200E-01 -2.089883E+00
      3525  3.901061E-01  1.090954E+00 -2.614574E+00
      3526  5.704341E-01  9.096321E-01 -1.413421E+00
      3527  8.454686E-01  6.479424E-01 -3.139164E+00
      3528  7.574028E-01  4.503276E-01 -2.430299E+00
      3529  5.815660E-01  2.550765E-01 -1.758617E+00
      3530  5.577780E-01  1.377811E-01 -1.448815E+00
      3531  3.944554E-01  7.367113E-02 -1.118212E+00
      3532  4.100767E-01  4.392171E-02 -1.036585E+00
      3533  3.199541E-01 -2.437220E-02 -8.053668E-01
      3534  2.088683E-01 -9.915037E-03 -8.599138E-01
      3535  2.784788E-01 -5.677452E-02 -8.845779E-01
      3536  1.313820E-01 -4.907577E-03 -9.005076E-01
      3537  2.340954E-01 -4.615160E-02 -9.589066E-01
      3538  8.778765E-02  1.138599E-02 -1.000162E+00
      3539  2.091600E-01 -2.522552E-02 -1.061224E+00
      3540  6.059091E-02  2.791989E-02 -1.100801E+00
      3541  1.942796E-01 -5.353845E-03 -1.151991E+00
      3542  4.198194E-02  4.019983E-02 -1.178581E+00
      3543  1.825802E-01  1.004026E-02 -1.214285E+00
      3544  2.790529E-02  4.286033E-02 -1.228010E+00
      3545  3.751862E-02  1.132548E-01 -1.288580E+00
      3546  1.141915E-01 -1.583436E-02 -1.128110E+00
      3547  5.725220E-03  3.933258E-02 -1.275612E+00
      3548  1.413306E-03  1.170242E-01 -1.319586E+00
      3549  7.823396E-02 -1.332154E-02 -1.151060E+00
      3550 -3.970502E-02  5.251285E-02 -1.307535E+00
      3551 -3.791464E-02  1.191772E-01 -1.331206E+00
      3552  6.227792E-02  2.633279E-01 -1.395033E+00
      3553  1.367312E-02  6.961901E-03 -1.213654E+00
      3554 -5.147933E-02  1.190123E-02 -1.249485E+00
      3555  5.409383E+00  2.482296E+00 -1.757346E+01
      3556  4.608089E+00 -1.297887E-01 -1.054951E+01
      3557  6.185557E+00 -1.012698E+00 -1.066905E+01
      3558  5.864011E+00 -1.234405E+00 -8.399418E+00
      3559  5.379945E+00 -8.294461E-01 -6.130329E+00
      3560  4.964710E+00 -8.313247E-01 -4.739337E+00
      3561  4.391086E+00 -5.436999E-01 -3.306138E+00
      3562  3.960781E+00 -5.532211E-01 -2.581601E+00
      3563  3.487379E+00 -4.047728E-01 -1.818260E+00
      3564  3.039622E+00 -3.220001E-01 -1.338675E+00
      3565  2.740003E+00 -3.836366E-01 -1.292611E+00
      3566  2.400096E+00 -2.658340E-01 -9.658236E-01
      3567  2.200596E+00 -3.649398E-01 -1.158624E+00
      3568  1.955181E+00 -2.625876E-01 -9.553666E-01
      3569  1.824103E+00 -3.837754E-01 -1.258321E+00
      3570  1.641082E+00 -2.820988E-01 -1.082210E+00
      3571  1.547233E+00 -4.141794E-01 -1.421183E+00
      3572  1.399851E+00 -3.081935E-01 -1.222821E+00
      3573  1.320787E+00 -4.443580E-01 -1.556939E+00
      3574  1.187842E+00 -3.309361E-01 -1.319582E+00
      3575  1.136555E+00 -3.955597E-01 -1.523728E+00
      3576  1.012237E+00 -3.534035E-01 -1.559514E+00
      3577  8.400107E-01 -3.644323E-01 -1.369544E+00
      3578  7.816319E-01 -4.205332E-01 -1.576045E+00
      3579  6.413500E-01 -3.718025E-01 -1.612457E+00
      3580  4.711018E-01 -3.792418E-01 -1.430672E+00
      3581  4.028432E-01 -4.325872E-01 -1.684662E+00
      3582  2.742267E-01 -3.746131E-01 -1.753558E+00
      3583  1.457983E-01 -4.310955E-01 -1.601120E+00
      3584  8.681741E-02 -4.087086E-01 -1.594187E+00
      3585  2.930489E-02 -4.165476E-01 -1.776924E+00
      3769  3.544007E-01  6.064674E+00 -3.401940E+00
      3770  3.184792E-02  4.916603E+00 -1.996010E+00
      3771 -3.435916E-01  3.373453E+00 -1.448965E+00
      3772  1.524314E-01  2.422847E+00 -1.101855E+00
      3773 -2.129545E-01  1.920830E+00 -7.277697E-01
      3774  6.239154E-02  1.405398E+00 -5.459538E-01
      3775 -1.452972E-01  1.177855E+00 -3.720335E-01
      3776 -4.970606E-03  7.807524E-01 -4.104694E-01
      3777 -5.175582E-02  9.656977E-01 -7.170015E-02
      3778 -1.059361E-01  7.844201E-01 -1.756927E-01
      3779  1.175440E-02  7.298178E-01 -1.480648E-01
      3780 -9.308078E-02  7.896337E-01 -1.683302E-01
      3781  1.754959E-02  7.823140E-01 -1.566411E-01
      3782 -9.177010E-02  8.643106E-01 -1.905169E-01
      3783  2.708007E-02  8.737981E-01 -1.868739E-01
      3784 -9.331400E-02  9.524169E-01 -2.179315E-01
      3785  3.724725E-02  9.601930E-01 -2.161045E-01
      3786 -9.383870E-02  1.024416E+00 -2.384800E-01
      3787  4.631474E-02  1.022720E+00 -2.345394E-01
      3788 -9.174348E-02  1.060845E+00 -2.509042E-01
      3789 -1.474120E-01  1.086913E+00 -2.373615E-01
      3790 -2.377945E-02  1.285442E+00 -7.780640E-03
      3791 -9.309058E-02  1.082245E+00 -2.437511E-01
      3792 -1.470896E-01  1.111251E+00 -2.357492E-01
      3793 -1.356714E-02  1.316106E+00 -7.970567E-03
      3794 -8.831512E-02  1.110157E+00 -2.583374E-01
      3795 -1.384384E-01  1.131954E+00 -2.566977E-01
      3796 -1.506680E-01  1.261027E+00 -2.445750E-01
      3797 -2.665516E-04  1.381106E+00 -7.377133E-02
      3798  1.904345E-02  1.279999E+00 -4.027058E-02
      3799  2.608405E+00  1.178592E+01 -1.755860E+01
      3800  2.170424E+00  7.921427E+00 -1.098570E+01
      3801  1.729739E+00  5.872899E+00 -7.462610E+00
      3802  1.469121E+00  2.951816E+00 -5.202343E+00
      3803  1.340565E+00  3.114527E+00 -3.997816E+00
      3804  1.154016E+00  1.640176E+00 -2.890176E+00
      3805  1.030120E+00  1.740462E+00 -2.214563E+00
      3806  8.788543E-01  9.608970E-01 -1.704686E+00
      3807  7.975364E-01  9.181767E-01 -1.405143E+00
      3808  6.848322E-01  9.306805E-01 -1.128563E+00
      3809  5.798252E-01  6.424552E-01 -1.125354E+00
      3810  5.142161E-01  8.344593E-01 -1.033038E+00
      3811  4.583066E-01  6.598205E-01 -1.147160E+00
      3812  4.133724E-01  9.001289E-01 -1.114061E+00
      3813  3.779789E-01  7.407181E-01 -1.277509E+00
      3814  3.472466E-01  1.009717E+00 -1.251116E+00
      3815  3.218853E-01  8.285371E-01 -1.417265E+00
      3816  2.986759E-01  1.107717E+00 -1.372573E+00
      3817  2.773986E-01  8.965412E-01 -1.522765E+00
      3818  2.556143E-01  1.171036E+00 -1.451244E+00
      3819  2.376513E-01  9.592685E-01 -1.565476E+00
      3820  2.446399E-01  1.084911E+00 -1.604254E+00
      3821  2.006330E-01  1.199629E+00 -1.473139E+00
      3822  1.604998E-01  9.871816E-01 -1.599640E+00
      3823  1.641767E-01  1.116632E+00 -1.636562E+00
      3824  1.153176E-01  1.238026E+00 -1.515146E+00
      3825  7.985253E-02  1.018955E+00 -1.659583E+00
      3826  9.810032E-02  1.143989E+00 -1.655339E+00
      3827  8.218881E-02  1.328927E+00 -1.667159E+00
      3828  3.575728E-02  1.365894E+00 -1.571678E+00
      3829 -1.050028E-02  1.164512E+00 -1.741379E+00
      3843 -2.417275E+00  2.707823E+00 -1.641431E+01
      3856  2.817553E-02  1.178450E-02 -1.239890E+00
      3857 -2.578705E-02 -9.020313E-03 -1.200628E+00
      3858 -2.438223E-02 -1.271420E-02 -1.204303E+00
      3859 -4.162434E-02 -1.350822E-02 -1.186500E+00
      3860 -5.035585E-02 -2.684559E-02 -1.196149E+00
      3861 -5.814489E-02 -2.523332E-02 -1.168366E+00
      3862 -6.131445E-02 -2.460069E-02 -1.157116E+00
      3863 -8.519026E-02 -1.530383E-02 -1.119359E+00
      3864 -9.878463E-02 -1.762777E-02 -1.122850E+00
      3865 -1.147346E-01 -1.806893E-02 -1.109903E+00
      3866 -1.247441E-01 -1.819813E-02 -1.099175E+00
      3867 -1.335936E-01 -2.145838E-02 -1.082419E+00
      3868 -1.408652E-01 -2.307913E-02 -1.060344E+00
      3869 -1.473081E-01 -2.570003E-02 -1.031790E+00
      3870 -1.535560E-01 -2.899778E-02 -9.940920E-01
      3871 -1.609979E-01 -3.547071E-02 -9.514395E-01
      3872 -1.717716E-01 -4.136738E-02 -9.013552E-01
      3873 -1.861014E-01 -4.911619E-02 -8.522709E-01
      3874 -2.055909E-01 -5.429406E-02 -8.052329E-01
      3875 -2.384234E-01 -5.598421E-02 -7.676821E-01
      3876 -2.729433E-01 -5.313580E-02 -7.612568E-01
      3877 -3.163152E-01 -4.149568E-02 -7.883628E-01
      3878 -3.796603E-01 -1.791592E-02 -8.581618E-01
      3879 -4.506212E-01  2.354765E-02 -9.969225E-01
      3880 -5.341660E-01  8.694264E-02 -1.222034E+00
      3881 -6.302199E-01  1.806106E-01 -1.557007E+00
      3882 -7.420751E-01  3.198508E-01 -2.040519E+00
      3883 -8.837021E-01  5.220840E-01 -2.754051E+00
      3884 -5.205906E-01  7.926091E-01 -1.260143E+00
      3885 -2.541606E-01  1.325707E+00 -2.670243E+00
      3886 -1.164419E-01 -4.062705E-01 -1.763833E+00
      3887 -1.597931E-01 -4.629115E-01 -1.566803E+00
      3888 -2.464017E-01 -4.459513E-01 -1.567086E+00
      3889 -3.347345E-01 -4.346306E-01 -1.494307E+00
      3890 -4.469714E-01 -4.193694E-01 -1.443813E+00
      3891 -5.530605E-01 -4.180217E-01 -1.358877E+00
      3892 -6.899428E-01 -4.012291E-01 -1.365190E+00
      3893 -7.981175E-01 -3.865551E-01 -1.300303E+00
      3894 -9.435929E-01 -3.722165E-01 -1.279519E+00
      3895 -1.065516E+00 -3.632694E-01 -1.261808E+00
      3896 -1.187605E+00 -3.514383E-01 -1.248678E+00
      3897 -1.303820E+00 -3.476166E-01 -1.235163E+00
      3898 -1.413345E+00 -3.393190E-01 -1.214866E+00
      3899 -1.520205E+00 -3.276203E-01 -1.183505E+00
      3900 -1.626212E+00 -3.133059E-01 -1.136111E+00
      3901 -1.740679E+00 -3.008533E-01 -1.077025E+00
      3902 -1.867761E+00 -2.866843E-01 -1.007433E+00
      3903 -2.022294E+00 -2.758863E-01 -9.457897E-01
      3904 -2.207113E+00 -2.712119E-01 -9.082948E-01
      3905 -2.434962E+00 -2.787901E-01 -9.098653E-01
      3906 -2.709023E+00 -2.886920E-01 -1.023182E+00
      3907 -3.026024E+00 -3.121919E-01 -1.253684E+00
      3908 -3.389145E+00 -3.606662E-01 -1.611585E+00
      3909 -3.800473E+00 -4.294675E-01 -2.180293E+00
      3910 -4.244864E+00 -5.222567E-01 -2.991377E+00
      3911 -4.699103E+00 -6.430521E-01 -4.089816E+00
      3912 -5.130077E+00 -7.888526E-01 -5.519236E+00
      3913 -5.499383E+00 -9.358709E-01 -7.322125E+00
      3914 -5.841898E+00 -9.600537E-01 -9.593115E+00
      3915 -4.287153E+00 -2.981084E-02 -9.518394E+00
      3916 -4.972232E+00  2.072384E+00 -1.583852E+01
      4100 -1.144265E-02  1.328883E+00 -2.168760E-02
      4101  4.115750E-03  1.435269E+00 -1.078411E-02
      4102  1.748861E-02  1.407742E+00 -1.795866E-02
      4103  2.180995E-02  1.393113E+00 -2.575751E-02
      4104  1.448244E-02  1.393826E+00 -2.949789E-02
      4105  3.255322E-02  1.358598E+00 -7.127637E-03
      4106  1.523626E-02  1.322662E+00 -8.610334E-03
      4107  2.684478E-02  1.275775E+00 -3.834727E-02
      4108  3.303723E-02  1.260577E+00 -4.848970E-02
      4109  3.609625E-02  1.248633E+00 -4.602512E-02
      4110  4.492575E-02  1.236793E+00 -5.162983E-02
      4111  4.781121E-02  1.227508E+00 -4.164829E-02
      4112  5.072295E-02  1.203122E+00 -4.153410E-02
      4113  5.288160E-02  1.169009E+00 -4.011442E-02
      4114  5.608436E-02  1.125172E+00 -3.757871E-02
      4115  5.831922E-02  1.076227E+00 -2.929109E-02
      4116  6.021804E-02  1.019360E+00 -2.375558E-02
      4117  6.472923E-02  9.657423E-01 -1.578131E-02
      4118  6.385815E-02  9.246745E-01 -1.622116E-02
      4119  7.437254E-02  8.991641E-01 -1.226795E-02
      4120  8.015499E-02  8.960765E-01 -1.777048E-02
      4121  8.235213E-02  9.452965E-01 -6.032247E-02
      4122  9.386677E-02  1.064771E+00 -1.197110E-01
      4123  1.036517E-01  1.259101E+00 -2.083191E-01
      4124  1.150734E-01  1.562145E+00 -3.350908E-01
      4125  1.265067E-01  1.995780E+00 -5.120049E-01
      4126  1.346463E-01  2.592212E+00 -7.596450E-01
      4127  1.347525E-01  3.433513E+00 -1.129373E+00
      4128  8.366878E-02  4.740199E+00 -1.838550E+00
      4129 -8.449378E-01  6.264452E+00 -3.785524E+00
      4130 -1.454508E-03  1.180209E+00 -1.711397E+00
      4131 -9.208965E-03  1.343695E+00 -1.477207E+00
      4132 -6.113401E-02  1.419657E+00 -1.426496E+00
      4133 -1.172261E-01  1.367054E+00 -1.431757E+00
      4134 -1.420572E-01  1.330447E+00 -1.428783E+00
      4135 -1.196530E-01  1.413127E+00 -1.400651E+00
      4136 -1.599990E-01  1.305380E+00 -1.342126E+00
      4137 -1.950646E-01  1.264992E+00 -1.385278E+00
      4138 -2.410762E-01  1.225822E+00 -1.382669E+00
      4139 -2.691078E-01  1.219717E+00 -1.372128E+00
      4140 -2.919342E-01  1.205556E+00 -1.368283E+00
      4141 -3.161705E-01  1.204212E+00 -1.337415E+00
      4142 -3.399665E-01  1.182751E+00 -1.312477E+00
      4143 -3.612359E-01  1.153663E+00 -1.281764E+00
      4144 -3.806961E-01  1.112624E+00 -1.241035E+00
      4145 -4.022284E-01  1.061623E+00 -1.184718E+00
      4146 -4.273540E-01  1.002392E+00 -1.119494E+00
      4147 -4.585840E-01  9.416326E-01 -1.054175E+00
      4148 -4.992867E-01  8.889215E-01 -9.923883E-01
      4149 -5.329662E-01  8.588133E-01 -9.770092E-01
      4150 -5.775321E-01  8.606595E-01 -9.755841E-01
      4151 -6.720759E-01  9.223596E-01 -1.033156E+00
      4152 -7.830563E-01  1.057972E+00 -1.222751E+00
      4153 -8.919366E-01  1.293358E+00 -1.525616E+00
      4154 -1.013620E+00  1.662227E+00 -1.990438E+00
      4155 -1.146962E+00  2.197986E+00 -2.658616E+00
      4156 -1.288911E+00  2.931025E+00 -3.584929E+00
      4157 -1.442421E+00  3.934233E+00 -4.862659E+00
      4158 -1.621483E+00  5.421735E+00 -6.714775E+00
      4159 -2.036492E+00  8.252225E+00 -1.007024E+01
      4160 -2.551850E+00  1.051114E+01 -1.560189E+01
      4914  5.605265E+00 -8.199912E-01  4.046367E+00
      4915  6.233824E+00 -3.688988E-01  4.367317E+00
      4916  9.808562E+00 -1.924811E-01  6.315521E+00
      4917  1.845379E+01 -6.535835E-01  6.780743E+00
      4918  5.547759E+00 -4.918247E+00  1.325305E+01
      4919  8.989534E+00 -7.198672E+00  1.997216E+01
      4920  1.300456E+01 -7.918191E+00  3.011937E+01
      4921  2.240211E+01 -8.066570E+00  4.338469E+01
      4922  2.840999E+01 -7.475543E+00  6.058425E+01
      5073 -5.806869E-01 -8.173885E+00  1.354108E+01
      5074 -2.348415E+00  2.008456E+01  9.495380E+01
      5075 -1.455985E+00 -5.633340E-01  1.595251E+00
      5076 -2.791627E+00 -1.030748E+00  3.043620E+00
      5077 -6.707223E+00 -1.284068E-01  2.690069E+00
      5078 -9.461146E+00  1.704521E-01  3.831512E+00
      5079 -3.139574E+00 -3.236973E+00  7.744489E+00
      5080 -6.232500E+00 -6.982561E+00  1.106660E+01
      5081 -9.691362E+00 -7.950597E+00  1.936260E+01
      5082 -1.345910E+01 -8.455862E+00  3.087484E+01
      5083 -2.620676E+01 -8.738681E+00  5.218811E+01
      5851  1.393674E+00 -5.154975E-02  1.635771E+00
      5852  2.386232E+00 -9.487184E-01  2.731894E+00
      5853  5.969660E+00 -1.202651E-01  2.308885E+00
      5854  8.467020E+00  1.460468E-01  3.351027E+00
      5855  3.131211E+00 -3.180444E+00  7.140429E+00
      5856  5.476798E+00 -6.421401E+00  9.890925E+00
      5857  8.698322E+00 -7.253013E+00  1.737443E+01
      5858  1.209957E+01 -7.717082E+00  2.775277E+01
      5859  2.366158E+01 -7.993669E+00  4.711449E+01
      6017  5.599842E-01 -7.579174E+00  1.253938E+01
      6018  2.333037E+00  1.821741E+01  8.621446E+01
      6019 -5.320340E+00 -7.950285E-01  3.851408E+00
      6020 -5.860712E+00 -3.445635E-01  4.131621E+00
      6021 -9.143754E+00 -1.691907E-01  5.882647E+00
      6022 -1.702465E+01 -5.646735E-01  6.291065E+00
      6023 -5.203364E+00 -4.578762E+00  1.254232E+01
      6024 -8.438773E+00 -6.631140E+00  1.876206E+01
      6025 -1.209131E+01 -7.248103E+00  2.800920E+01
      6026 -2.066359E+01 -7.357886E+00  4.002068E+01
      6027 -2.599470E+01 -6.778617E+00  5.546255E+01
      6668  4.072037E+00  4.662298E+00 -1.428762E+01
      6673 -3.771638E+00  4.272900E+00 -1.279305E+01
      6675 -1.642030E-01  2.886289E+00  5.098878E+00
      6676 -6.184511E-01  2.477727E+00  4.845622E+00
      6677 -3.057444E-01  1.699518E+00  3.261540E+00
      6678 -7.264639E-02  1.184636E+00  2.301580E+00
      6679  4.503135E-02  9.096461E-01  1.763042E+00
      6680  1.021702E-01  7.152439E-01  1.395091E+00
      6681  1.391614E-01  6.397131E-01  1.218292E+00
      6682  1.552102E-01  5.890342E-01  1.118849E+00
      6683  1.581654E-01  5.939402E-01  1.097841E+00
      6684  1.629260E-01  6.486551E-01  1.156260E+00
      6685  1.487982E-01  6.727220E-01  1.199760E+00
      6686  1.456103E-01  7.495798E-01  1.303139E+00
      6687  1.277468E-01  7.768211E-01  1.363004E+00
      6688  1.229673E-01  8.553329E-01  1.469343E+00
      6689  1.047722E-01  8.717726E-01  1.517145E+00
      6690  1.004714E-01  9.427787E-01  1.608216E+00
      6691  8.356302E-02  9.432482E-01  1.633209E+00
      6692  8.007972E-02  1.003774E+00  1.702788E+00
      6693  6.486797E-02  9.891131E-01  1.704187E+00
      6694  5.698259E-02  1.035530E+00  1.743378E+00
      6695  5.783877E-02  1.063479E+00  1.751536E+00
      6696  4.526043E-02  1.025695E+00  1.752593E+00
      6697  3.418756E-02  1.064640E+00  1.775180E+00
      6698  3.852515E-02  1.087424E+00  1.774058E+00
      6699  2.962469E-02  1.044882E+00  1.776453E+00
      6700  1.591612E-02  1.087164E+00  1.795383E+00
      6701  3.058721E-02  1.114607E+00  1.791668E+00
      6702  1.277860E-02  1.059166E+00  1.804516E+00
      6703  1.046023E-02  1.059926E+00  1.817461E+00
      6704 -6.926974E-03  1.114266E+00  1.848411E+00
      6705 -1.079821E-02  1.109746E+00  1.843389E+00
      6706 -1.125581E-02  1.044435E+00  1.811917E+00
      6707 -1.556936E-02  1.062212E+00  1.817958E+00
      6708 -2.363826E-02  1.051197E+00  1.809879E+00
      6709 -2.409275E-02  1.050453E+00  1.805018E+00
      6710 -3.259894E-02  1.057735E+00  1.820460E+00
      6711 -4.461049E-02  1.038936E+00  1.779907E+00
      6712 -4.392205E-02  1.019842E+00  1.759996E+00
      6713 -5.295190E-02  1.008956E+00  1.743440E+00
      6714 -6.082210E-02  1.001983E+00  1.735863E+00
      6715 -6.887821E-02  9.917519E-01  1.719717E+00
      6716 -7.706782E-02  9.755202E-01  1.697741E+00
      6717 -8.559754E-02  9.547323E-01  1.666402E+00
      6718 -9.470712E-02  9.291270E-01  1.626261E+00
      6719 -1.048071E-01  8.978307E-01  1.575222E+00
      6720 -1.146943E-01  8.583831E-01  1.509673E+00
      6721 -1.256139E-01  8.136753E-01  1.436674E+00
      6722 -1.365989E-01  7.629340E-01  1.351986E+00
      6723 -1.470708E-01  7.085759E-01  1.264920E+00
      6724 -1.551580E-01  6.503087E-01  1.181564E+00
      6725 -1.603494E-01  6.061271E-01  1.111160E+00
      6726 -1.624207E-01  5.759333E-01  1.068685E+00
      6727 -1.576147E-01  5.611691E-01  1.072048E+00
      6728 -1.417081E-01  5.863762E-01  1.144128E+00
      6729 -1.110439E-01  6.637539E-01  1.313258E+00
      6730 -5.630196E-02  8.146704E-01  1.616520E+00
      6731  4.820228E-02  1.072835E+00  2.114767E+00
      6732  2.595767E-01  1.508270E+00  2.946029E+00
      6733  5.371576E-01  2.226175E+00  4.387993E+00
      6734  1.348046E-01  2.586294E+00  4.612898E+00
      6735  2.417943E+00  2.772680E+00  5.165747E+00
      6736  1.047155E+00  2.739334E+00  6.322266E+00
      6737  2.598306E+00  1.368818E+00  5.682862E+00
      6738  2.948006E+00  7.349167E-01  3.723703E+00
      6739  3.008208E+00  5.362123E-01  2.787424E+00
      6740  2.896432E+00  4.843607E-01  2.366502E+00
      6741  2.707110E+00  5.333642E-01  2.227912E+00
      6742  2.482079E+00  6.153888E-01  2.272224E+00
      6743  2.259525E+00  7.199455E-01  2.406028E+00
      6744  2.053681E+00  8.339090E-01  2.625544E+00
      6745  1.854682E+00  9.450768E-01  2.877206E+00
      6746  1.682034E+00  1.043893E+00  3.109589E+00
      6747  1.526463E+00  1.131413E+00  3.341273E+00
      6748  1.394988E+00  1.203645E+00  3.537365E+00
      6749  1.272760E+00  1.265933E+00  3.721616E+00
      6750  1.170478E+00  1.311766E+00  3.863797E+00
      6751  1.069869E+00  1.351759E+00  3.993273E+00
      6752  9.846079E-01  1.378275E+00  4.083693E+00
      6753  8.946424E-01  1.401551E+00  4.164557E+00
      6754  8.199441E-01  1.413931E+00  4.218014E+00
      6755  7.288554E-01  1.433507E+00  4.284048E+00
      6756  6.315588E-01  1.448516E+00  4.303689E+00
      6757  5.646790E-01  1.433440E+00  4.311505E+00
      6758  4.716497E-01  1.443882E+00  4.346164E+00
      6759  3.749389E-01  1.452800E+00  4.347801E+00
      6760  3.066792E-01  1.437194E+00  4.345728E+00
      6761  2.267332E-01  1.435662E+00  4.357272E+00
      6762  1.383306E-01  1.433543E+00  4.346185E+00
      6763  9.001634E-02  1.413200E+00  4.314163E+00
      6764  4.038617E-02  1.420530E+00  4.346798E+00
      6765 -3.450610E-02  1.465365E+00  4.294430E+00
      6766 -1.063180E-01  1.416353E+00  4.331326E+00
      6767 -1.408938E-01  1.417062E+00  4.322757E+00
      6768 -2.120886E-01  1.422887E+00  4.338577E+00
      6769 -2.805705E-01  1.430870E+00  4.351919E+00
      6770 -3.478002E-01  1.444936E+00  4.391788E+00
      6771 -4.693045E-01  1.453617E+00  4.389678E+00
      6772 -5.442320E-01  1.433899E+00  4.320492E+00
      6773 -6.302247E-01  1.437060E+00  4.292877E+00
      6774 -7.103885E-01  1.424511E+00  4.258867E+00
      6775 -8.026566E-01  1.418562E+00  4.231947E+00
      6776 -8.925044E-01  1.403573E+00  4.183624E+00
      6777 -9.799953E-01  1.383790E+00  4.118250E+00
      6778 -1.064948E+00  1.357327E+00  4.032522E+00
      6779 -1.150445E+00  1.324418E+00  3.927072E+00
      6780 -1.241387E+00  1.282680E+00  3.795969E+00
      6781 -1.335896E+00  1.232025E+00  3.641832E+00
      6782 -1.445964E+00  1.172018E+00  3.463043E+00
      6783 -1.569319E+00  1.098439E+00  3.258013E+00
      6784 -1.712009E+00  1.013896E+00  3.032395E+00
      6785 -1.874792E+00  9.182906E-01  2.794130E+00
      6786 -2.053467E+00  8.120293E-01  2.555673E+00
      6787 -2.247334E+00  7.024234E-01  2.341158E+00
      6788 -2.450162E+00  5.996048E-01  2.184363E+00
      6789 -2.648403E+00  5.161583E-01  2.126690E+00
      6790 -2.820174E+00  4.718523E-01  2.228340E+00
      6791 -2.921967E+00  5.006336E-01  2.583804E+00
      6792 -2.864497E+00  6.841452E-01  3.400356E+00
      6793 -2.546157E+00  1.232019E+00  5.144672E+00
      6794 -1.046321E+00  2.477638E+00  5.709423E+00
      6795 -2.277996E+00  2.502338E+00  4.636256E+00
      7169  4.049403E-01  1.526711E+01 -3.492527E+01
      7200 -4.155559E-01  2.113011E+01  4.900807E+01
      7222 -3.998681E+00 -2.893193E-02  1.226446E+00
      7223 -1.693219E+00 -1.927320E-01  1.070576E-01
      7224  2.610743E-01 -2.802549E-01 -2.363668E+00
      7225  1.652222E+00 -2.961598E-01 -2.155575E+00
      7226 -1.038467E+01  3.278934E+00  2.397245E+01
      7227 -5.730557E+00  2.599049E+00  1.219602E+01
      7228 -2.867608E+00  5.445515E+00  1.077629E+01
      7229  1.039093E-02  5.898864E+00 -5.037052E-01
      7230  2.177485E+00  6.779950E+00 -9.331706E+00
      7231  7.519328E+00  7.924917E-03  4.289850E+00
      7232  6.377386E+00 -1.197499E+00  5.391658E+00
      7233  2.328424E+00 -9.428924E-01  2.953315E+00
      7234 -1.541377E+00 -1.841869E+00  2.037112E+00
      7235 -2.991378E+00 -1.153711E-01 -8.575802E-01
      7236  1.560429E+01  3.813289E+00  3.549002E+01
      7237  9.761099E+00  2.730321E+00  2.216488E+01
      7238  5.333065E+00  5.217274E+00  1.648709E+01
      7239 -2.892514E-01  5.702682E+00  1.143639E-01
      7240 -3.660938E+00  4.139856E+00 -1.028647E+01
      7241 -8.515863E+00  3.448958E+00 -2.023653E+01
      7297 -3.914868E-01  1.361247E+01 -3.108179E+01
      7330  4.893489E-01  1.890320E+01  4.384137E+01
      7350 -6.921307E+00  2.609293E-02  4.044553E+00
      7351 -5.997034E+00 -1.109894E+00  5.286030E+00
      7352 -2.312155E+00 -8.801480E-01  3.023469E+00
      7353  1.196106E+00 -1.704768E+00  2.218980E+00
      7354  2.522652E+00 -1.007074E-01 -6.208723E-01
      7355 -1.420339E+01  3.393876E+00  3.232223E+01
      7356 -8.977249E+00  2.447953E+00  2.038872E+01
      7357 -4.995171E+00  4.708791E+00  1.543965E+01
      7358  7.213293E-02  5.174361E+00  7.452367E-01
      7359  3.054758E+00  3.768261E+00 -8.671900E+00
      7360  7.385068E+00  3.117474E+00 -1.759580E+01
      7361  3.424288E+00 -3.381796E-02  9.119698E-01
      7362  1.255455E+00 -1.687765E-01 -1.550230E-01
      7363 -4.730310E-01 -2.254483E-01 -2.497586E+00
      7364 -1.651798E+00 -2.397947E-01 -2.247170E+00
      7365  9.041713E+00  2.965646E+00  2.091143E+01
      7366  4.891304E+00  2.342710E+00  1.038036E+01
      7367  2.345036E+00  4.958968E+00  8.952310E+00
      7368 -1.512511E-01  5.384965E+00 -9.891255E-01
      7369 -2.033350E+00  6.200445E+00 -8.685327E+00
     49500 -3.639562E-02  1.637648E-01  6.827457E-02
     49501 -2.358326E-02  1.482745E-01  5.577436E-02
     49502 -1.995638E-02  1.598717E-01  5.935950E-02
     49503  1.032039E-02  1.214898E-01  1.936609E-02
     49504 -1.708332E-02  1.702038E-01  6.313047E-02
     49505 -2.697640E-02  1.288830E-01  1.385452E-02
     49506 -3.314092E-02  1.502092E-01  1.453967E-02
     49507  1.689466E-04  2.146428E-01 -4.758835E-02
     49508 -2.593018E-02  1.564219E-01  1.431703E-02
     49509  1.600859E-03  1.770648E-01 -3.034062E-02
     49510 -1.473230E-02  1.772419E-01  6.575517E-02
     49511 -2.730403E-02  1.277739E-01  1.369661E-02
     49512 -3.313791E-02  1.465406E-01  1.428590E-02
     49513 -1.151073E-02  9.204994E-02  3.314492E-02
     49514  1.993246E-03  1.675938E-01 -2.914480E-02
     49515  2.552937E-03  1.826719E-01 -3.077584E-02
     49516  5.922674E-02  4.357913E-01  8.269795E-02
     49517 -5.560683E-02  2.179830E-01  1.031850E-01
     49518 -5.649415E-03  1.150182E-01  7.349290E-02
     49519 -6.283522E-02  3.324161E-01  1.388830E-01
     49520 -5.304566E-02  2.146426E-01  8.839451E-02
     49521  7.569923E-03  1.317384E-01 -2.469420E-02
     49522 -2.877929E-02  1.400204E-01  5.332435E-02
     49523 -2.511249E-02  1.299881E-01  1.705871E-02
     49524 -3.454822E-02  1.495604E-01  1.826957E-02
     49525  1.636202E-03  1.549953E-01 -2.740110E-02
     49526  1.421790E-02  2.061117E-01 -4.294752E-02
     49527 -5.836601E-03  9.463634E-02  6.623413E-03
     49528  9.266413E-04  1.390060E-01 -2.398327E-02
     49529 -2.525412E-02  9.276202E-02  1.068139E-02
     49530  1.658629E-02  2.064431E-01 -4.328103E-02
     49531  3.710069E+00  2.519980E-01 -1.932872E+01
     49532  3.311540E+00  2.278923E+00 -1.563829E+01
     49533  3.794898E+00  9.213293E-01 -1.372184E+01
     49534  4.621100E+00  7.730998E-01 -1.763421E+01
     49535  3.759308E-02 -3.099309E-01 -1.657739E+00
     49536  7.575667E-03 -1.224050E-01 -2.340755E+00
     49537 -3.350016E-03 -4.367081E-01 -1.879094E+00
     49538  6.061042E-02 -6.067815E-02 -2.400383E+00
     49539  3.577156E+00 -1.278013E-01 -1.074969E+01
     49540  3.280003E+00 -5.084484E-01 -9.327097E+00
     49541  4.018929E+00 -5.664309E-01 -1.350091E+01
     49542  3.941691E+00 -5.089776E-01 -1.339346E+01
     49543  3.117637E+00 -6.017294E-01 -7.782568E+00
     49544  2.859296E+00 -6.065622E-01 -6.874728E+00
     49545  3.622584E+00 -1.268987E+00 -9.680728E+00
     49546  3.922759E+00 -2.047475E-01 -1.201128E+01
     49547  3.394312E+00 -8.108192E-01 -9.624032E+00
     49548  2.795342E+00 -2.290602E-01 -5.610716E+00
     49549  2.771521E+00 -2.350944E-01 -4.886988E+00
     49550  3.492562E+00 -1.284626E+00 -6.875401E+00
     49551  3.428173E+00 -5.150935E-01 -8.784078E+00
     49552  3.127084E+00  2.165096E-01 -7.451568E+00
     49553  2.528031E+00 -4.231336E-01 -4.373788E+00
     49554  2.362649E+00 -4.483396E-01 -3.904753E+00
     49555  2.629061E+00 -9.476856E-01 -5.044394E+00
     49556  2.710788E+00 -5.000433E-01 -5.414888E+00
     49557  2.770479E+00  2.674392E-01 -6.693333E+00
     49558  2.257449E+00 -1.859676E-01 -3.169382E+00
     49559  2.222312E+00 -1.900135E-01 -2.776601E+00
     49560  2.739874E+00 -8.574843E-01 -3.918661E+00
     49561  2.667376E+00 -2.872973E-01 -4.970665E+00
     49562  2.441882E+00  6.117933E-02 -4.184579E+00
     49563  2.010775E+00 -3.230999E-01 -2.502911E+00
     49564  1.876742E+00 -3.374233E-01 -2.253522E+00
     49565  2.078679E+00 -6.348972E-01 -2.914899E+00
     49566  2.210068E+00  1.152480E-01 -3.770880E+00
     49567  2.161958E+00 -3.065270E-01 -3.182310E+00
     49568  1.746636E+00 -1.588391E-01 -1.831421E+00
     49569  1.709231E+00 -1.654299E-01 -1.673176E+00
     49570  2.131428E+00 -6.425751E-01 -2.316069E+00
     49571  1.863721E+00 -7.190322E-03 -2.451234E+00
     49572  2.043031E+00 -1.959655E-01 -2.927929E+00
     49573  1.472723E+00 -1.755376E-01 -1.424125E+00
     49574  1.459463E+00 -3.077535E-01 -1.489912E+00
     49575  1.699226E+00 -5.105842E-01 -1.710248E+00
     49576  1.711068E+00  4.345108E-02 -2.274680E+00
     49577  1.611482E+00 -1.260524E-01 -2.008362E+00
     49578  1.368885E+00 -3.117693E-01 -1.340429E+00
     49579  1.268674E+00 -2.752225E-01 -1.263637E+00
     49580  1.460955E+00 -5.804350E-01 -1.629136E+00
     49581  1.476221E+00 -2.219330E-01 -1.839336E+00
     49582  1.475553E+00 -6.142723E-03 -1.940514E+00
     49583  1.152730E+00 -1.447101E-01 -1.094480E+00
     49584  1.185323E+00 -1.450542E-01 -1.080557E+00
     49585  1.471263E+00 -5.623716E-01 -1.402137E+00
     49586  1.320631E+00 -1.561622E-01 -1.767083E+00
     49587  1.222068E+00 -5.947981E-02 -1.555608E+00
     49588  1.063426E+00 -2.777776E-01 -1.156611E+00
     49589  1.000030E+00 -2.799762E-01 -1.163036E+00
     49590  9.939383E-01 -5.086453E-01 -1.343528E+00
     49591  1.134881E+00 -3.556402E-02 -1.539759E+00
     49592  1.172564E+00 -1.646263E-01 -1.700632E+00
     49593  8.991842E-01 -1.487072E-01 -1.063305E+00
     49594  9.645833E-01 -1.478233E-01 -1.089719E+00
     49595  1.202022E+00 -5.970527E-01 -1.353356E+00
     49596  9.662160E-01 -6.892413E-02 -1.550199E+00
     49597  1.004409E+00 -1.719612E-01 -1.678011E+00
     49598  8.636220E-01 -2.955648E-01 -1.219123E+00
     49599  8.142460E-01 -2.967929E-01 -1.249820E+00
     49600  7.496604E-01 -5.580312E-01 -1.401118E+00
     49601  8.991652E-01 -4.937150E-02 -1.578179E+00
     49602  9.678858E-01 -1.703230E-01 -1.816739E+00
     49603  7.236756E-01 -1.578688E-01 -1.166123E+00
     49604  8.195052E-01 -1.566179E-01 -1.204633E+00
     49605  1.030722E+00 -6.465685E-01 -1.469468E+00
     49606  7.977248E-01 -7.137338E-02 -1.712757E+00
     49607  7.965348E-01 -1.885340E-01 -1.818763E+00
     49608  7.273713E-01 -3.164844E-01 -1.356400E+00
     49609  6.845013E-01 -3.175894E-01 -1.389505E+00
     49610  5.820832E-01 -6.161050E-01 -1.549928E+00
     49611  7.412701E-01 -5.546450E-02 -1.753673E+00
     49612  8.303056E-01 -1.852328E-01 -2.009065E+00
     49613  5.992965E-01 -1.679092E-01 -1.297654E+00
     49614  7.143440E-01 -1.666358E-01 -1.332220E+00
     49615  9.159401E-01 -6.953592E-01 -1.625974E+00
     49616  6.817884E-01 -7.242336E-02 -1.900947E+00
     49617  6.560546E-01 -2.035310E-01 -2.016416E+00
     49618  6.250347E-01 -3.351197E-01 -1.488054E+00
     49619  5.842496E-01 -3.364573E-01 -1.514017E+00
     49620  4.585331E-01 -6.674839E-01 -1.698224E+00
     49621  6.285082E-01 -5.871828E-02 -1.937861E+00
     49622  7.273286E-01 -2.001537E-01 -2.183675E+00
     49623  5.000550E-01 -1.776920E-01 -1.404183E+00
     49624  6.282006E-01 -1.769099E-01 -1.427714E+00
     49625  8.266417E-01 -7.348589E-01 -1.758054E+00
     49626  5.489133E-01 -2.139477E-01 -2.188062E+00
     49627  5.902536E-01 -7.470853E-02 -2.050074E+00
     49628  5.365592E-01 -3.507042E-01 -1.579064E+00
     49629  4.946697E-01 -3.495092E-01 -1.593923E+00
     49630  3.562220E-01 -7.082065E-01 -1.804167E+00
     49631  5.380025E-01 -6.220853E-02 -2.075425E+00
     49632  6.360644E-01 -2.114431E-01 -2.301214E+00
     49633  3.967489E-01 -1.818169E-01 -1.456696E+00
     49634  4.893580E-01 -3.412108E-01 -1.656004E+00
     49635  7.523786E-01 -7.481036E-01 -1.831441E+00
     49636  5.108511E-01 -9.283253E-02 -2.128923E+00
     49637  4.547014E-01 -2.218456E-01 -2.299342E+00
     49638  2.907233E-01 -1.921363E-01 -1.476288E+00
     49639  4.232776E-01 -4.241500E-01 -1.791154E+00
     49640  7.877165E-01 -9.049389E-01 -1.860836E+00
     49641  4.077540E-01 -1.879100E-02 -2.207024E+00
     49642  4.540295E-01 -2.032902E-01 -2.158008E+00
     49643  3.986653E-01 -4.145830E-01 -1.660923E+00
     49644  3.414857E-01 -3.640599E-01 -1.650475E+00
     49645  4.604420E-01 -8.450999E-01 -2.014846E+00
     49646  3.405258E-01 -7.070425E-03 -2.306842E+00
     49647  4.616915E-01 -2.685172E-01 -2.350341E+00
     49648  2.395126E-01 -1.903438E-01 -1.495333E+00
     49649  3.382898E-01 -3.515620E-01 -1.700469E+00
     49650  6.052256E-01 -7.600406E-01 -1.878193E+00
     49651  3.562742E-01 -9.548236E-02 -2.183902E+00
     49652  3.013904E-01 -2.106229E-01 -2.383735E+00
     49653  1.267297E-01 -1.984158E-01 -1.516584E+00
     49654  2.627109E-01 -4.363315E-01 -1.841570E+00
     49655  6.323706E-01 -9.301108E-01 -1.905267E+00
     49656  2.510649E-01 -2.736540E-02 -2.262313E+00
     49657  2.924325E-01 -2.124416E-01 -2.206006E+00
     49658  2.380077E-01 -4.241969E-01 -1.705113E+00
     49659  1.803851E-01 -3.634481E-01 -1.688538E+00
     49660  2.997626E-01 -8.624740E-01 -2.065442E+00
     49661  1.684922E-01 -1.069278E-02 -2.367197E+00
     49662  2.862966E-01 -2.726275E-01 -2.405122E+00
     49663  7.086300E-02 -1.891391E-01 -1.539345E+00
     49664  1.713345E-01 -3.590807E-01 -1.779085E+00
     49665  4.289217E-01 -7.835936E-01 -1.954442E+00
     49666  1.868783E-01 -1.044489E-01 -2.263628E+00
     49667  1.264703E-01 -2.201662E-01 -2.445177E+00
     49668 -3.284795E-02 -1.954385E-01 -1.593588E+00
     49669  1.143086E-01 -3.695102E-01 -1.873087E+00
     49670  4.607080E-01 -9.323272E-01 -1.954621E+00
     49671  8.067441E-02 -4.261467E-02 -2.346295E+00
     49672  1.487918E-01 -2.349594E-01 -2.287952E+00
     49673 -1.079527E-01 -2.488055E-01 -1.598640E+00
     49674  4.013609E-02 -4.423111E-01 -1.860372E+00
     49675  5.044544E-01 -1.108888E+00 -1.976482E+00
     49676  1.020642E-01 -3.763807E-01 -2.342395E+00
     49677  3.525820E-04 -1.784097E-02 -2.406814E+00
     49678  6.600056E-02 -4.053253E-01 -1.797763E+00
     49679 -2.268624E-03 -4.268369E-01 -1.836347E+00
     49680  9.141105E-02 -8.426982E-01 -2.135432E+00
     49681  1.049458E-01 -3.138174E-01 -2.527946E+00
     49682 -5.632563E-02 -1.278259E-01 -2.553919E+00
     49683  9.184227E-03 -7.620983E-01 -2.189581E+00
     49684 -6.215827E-02 -2.123002E-01 -2.584311E+00
     51543  1.660724E-02  5.502705E-01  1.936504E-03
     51544  9.246853E-03  9.496236E-02  6.609069E-02
     51545  1.008102E-02  8.738495E-02  4.551498E-02
     51546 -2.997130E-03  1.922406E-01 -4.272686E-02
     51547 -8.821909E-03  1.415604E-01 -3.392654E-02
     51548 -2.390976E-03  9.764204E-02 -5.584127E-04
     51549 -5.508712E-03  2.480766E-01 -6.104582E-02
     51550 -4.295858E-03  1.778654E-01 -3.961100E-02
     51551 -3.795446E-03  1.071605E-01 -1.070619E-02
     51552  4.969643E-03  2.650399E-01 -6.676456E-02
     51553 -1.422574E-02  1.269075E-01  7.252472E-03
     51554 -4.515282E-03  1.674339E-01 -3.737643E-02
     51555  3.661610E-03  2.804792E-01 -6.789640E-02
     51556  3.223388E-03  2.791542E-01 -8.024058E-02
     51557 -3.606880E-03  1.856765E-01 -4.123409E-02
     51558 -2.292366E-03  1.382154E-01 -2.547697E-02
     51559 -5.147136E-03  1.193784E-01 -1.925860E-02
     51560  7.492567E-04  1.982409E-01 -4.339130E-02
     51561 -4.085775E-03  1.373521E-01 -2.997213E-02
     51562  3.881402E-03  2.487527E-01 -6.096121E-02
     51563  3.603684E-03  8.672169E-02  2.709659E-02
     51564 -2.789575E-03  2.694854E-01 -7.694825E-02
     51565 -1.556440E-03  2.049085E-01 -4.592674E-02
     51566 -1.495094E-02  2.207151E-01 -5.150901E-02
     51567  8.799496E-04  2.070897E-01 -4.504501E-02
     51568 -5.240757E-04  2.068870E-01 -4.622619E-02
     51569 -5.085410E-03  1.602463E-01 -3.577452E-02
     51570 -2.392360E-03  1.998876E-01 -4.460271E-02
     51571  1.845363E-03  2.076359E-01 -4.641491E-02
     51572 -3.248634E-04  3.639237E-02  1.267557E-01
     51573 -5.201248E-04  9.073931E-02  1.175948E-02
     51574 -4.396204E-02 -1.431790E-01 -2.343264E+00
     51575 -7.048915E-02 -3.074535E-01 -1.656971E+00
     51576 -3.160889E-02 -4.331650E-01 -1.852495E+00
     51577 -7.481891E-02 -8.854103E-02 -2.385608E+00
     51578 -2.990092E+00  2.115938E+00 -1.397418E+01
     51579 -3.406460E+00  1.481943E-01 -1.724548E+01
     51580 -3.820698E+00  6.027630E-01 -1.158541E+01
     51581 -3.898496E+00  1.423065E+00 -1.654567E+01
     51582 -2.810782E-02 -4.535616E-01 -1.843953E+00
     51583 -1.071803E-01 -4.529034E-01 -1.852138E+00
     51584 -7.328968E-02 -7.724593E-01 -2.187809E+00
     51585  3.598391E-02 -2.555285E-01 -2.575734E+00
     51586 -8.422092E-02 -4.061797E-01 -1.772437E+00
     51587 -1.295208E-01 -4.108773E-01 -1.763171E+00
     51588 -4.115534E-02 -8.432552E-01 -2.122933E+00
     51589 -2.273318E-01 -1.559811E-01 -2.629082E+00
     51590 -6.219907E-02 -3.480362E-01 -2.544561E+00
     51591 -1.111035E-01 -4.214590E-01 -1.809781E+00
     51592 -1.735688E-01 -4.134408E-01 -1.729130E+00
     51593 -1.647091E-01 -8.301625E-01 -2.097776E+00
     51594 -3.870447E-02 -1.753659E-01 -2.588589E+00
     51595 -1.599469E-01 -3.539677E-01 -2.535223E+00
     51596 -1.575625E-01 -4.145292E-01 -1.772944E+00
     51597 -2.276514E-01 -4.029476E-01 -1.704549E+00
     51598 -2.044301E-01 -8.312269E-01 -2.063551E+00
     51599 -2.267640E-01 -3.566368E-01 -2.455311E+00
     51600 -8.613628E-02 -1.669546E-01 -2.531816E+00
     51601 -1.950582E-01 -4.163498E-01 -1.743896E+00
     51602 -2.869872E-01 -4.239139E-01 -1.725988E+00
     51603 -2.578587E-01 -8.288518E-01 -2.032477E+00
     51604 -1.217384E-01 -2.230653E-01 -2.483806E+00
     51605 -2.780468E-01 -3.374924E-01 -2.413777E+00
     51606 -2.691474E-01 -3.896910E-01 -1.653457E+00
     51607 -3.299944E-01 -4.048987E-01 -1.654737E+00
     51608 -2.318228E-01 -8.098199E-01 -1.985983E+00
     51609 -3.987830E-01 -2.082072E-01 -2.480291E+00
     51610 -2.575212E-01 -3.170043E-01 -2.387545E+00
     51611 -3.110580E-01 -3.968212E-01 -1.681956E+00
     51612 -3.793180E-01 -3.870250E-01 -1.599716E+00
     51613 -3.527552E-01 -8.106445E-01 -1.959707E+00
     51614 -3.749244E-01 -3.342913E-01 -2.388998E+00
     51615 -2.584770E-01 -1.807508E-01 -2.416028E+00
     51616 -3.776456E-01 -3.872474E-01 -1.648281E+00
     51617 -4.414550E-01 -3.801217E-01 -1.586616E+00
     51618 -4.191718E-01 -7.918179E-01 -1.908637E+00
     51619 -4.349622E-01 -3.113861E-01 -2.299206E+00
     51620 -3.266146E-01 -1.634113E-01 -2.363062E+00
     51621 -4.347435E-01 -3.705474E-01 -1.621649E+00
     51622 -4.938876E-01 -3.784215E-01 -1.573499E+00
     51623 -4.681590E-01 -7.806379E-01 -1.889350E+00
     51624 -3.928850E-01 -1.768452E-01 -2.337737E+00
     51625 -4.956078E-01 -3.051563E-01 -2.268881E+00
     51626 -4.878868E-01 -3.622674E-01 -1.604597E+00
     51627 -5.460828E-01 -3.670413E-01 -1.551696E+00
     51628 -5.200586E-01 -7.760109E-01 -1.872830E+00
     51629 -4.513007E-01 -1.757965E-01 -2.307861E+00
     51630 -5.555907E-01 -3.083030E-01 -2.257281E+00
     51631 -5.388435E-01 -3.577529E-01 -1.585564E+00
     51632 -5.951359E-01 -3.678046E-01 -1.534265E+00
     51633 -5.749765E-01 -7.616039E-01 -1.849448E+00
     51634 -6.095742E-01 -2.915789E-01 -2.229604E+00
     51635 -5.069060E-01 -1.826869E-01 -2.285719E+00
     51636 -5.849477E-01 -3.556834E-01 -1.565015E+00
     51637 -6.414469E-01 -3.623222E-01 -1.505836E+00
     51638 -6.228929E-01 -7.554181E-01 -1.827633E+00
     51639 -5.549029E-01 -1.745663E-01 -2.251045E+00
     51640 -6.637559E-01 -2.993435E-01 -2.208915E+00
     51641 -6.305592E-01 -3.467525E-01 -1.529446E+00
     51642 -6.860003E-01 -3.544320E-01 -1.467199E+00
     51643 -6.665608E-01 -7.398399E-01 -1.790287E+00
     51644 -7.124894E-01 -2.929781E-01 -2.168081E+00
     51645 -6.029890E-01 -1.710209E-01 -2.198685E+00
     51646 -6.753373E-01 -3.355870E-01 -1.481275E+00
     51647 -7.299342E-01 -3.434898E-01 -1.413500E+00
     51648 -7.084590E-01 -7.209851E-01 -1.739352E+00
     51649 -6.499789E-01 -1.670649E-01 -2.128327E+00
     51650 -7.577884E-01 -2.850068E-01 -2.114810E+00
     51651 -7.231108E-01 -3.233421E-01 -1.419443E+00
     51652 -7.779916E-01 -3.338461E-01 -1.350410E+00
     51653 -7.520390E-01 -6.972422E-01 -1.671553E+00
     51654 -8.014760E-01 -2.723421E-01 -2.042827E+00
     51655 -7.010273E-01 -1.628344E-01 -2.040714E+00
     51656 -7.752524E-01 -3.118397E-01 -1.349702E+00
     51657 -8.329707E-01 -3.220439E-01 -1.277734E+00
     51658 -8.006423E-01 -6.745243E-01 -1.594704E+00
     51659 -7.565690E-01 -1.563059E-01 -1.941234E+00
     51660 -8.493850E-01 -2.616597E-01 -1.956799E+00
     51661 -8.393420E-01 -2.970198E-01 -1.273391E+00
     51662 -9.003533E-01 -3.095883E-01 -1.206799E+00
     51663 -8.575264E-01 -6.459470E-01 -1.507613E+00
     51664 -9.054610E-01 -2.483150E-01 -1.857952E+00
     51665 -8.252784E-01 -1.484632E-01 -1.833466E+00
     51666 -9.159527E-01 -2.878249E-01 -1.208500E+00
     51667 -9.835717E-01 -3.006410E-01 -1.150465E+00
     51668 -9.313877E-01 -6.193343E-01 -1.427506E+00
     51669 -9.732001E-01 -2.352548E-01 -1.757942E+00
     51670 -9.106655E-01 -1.416784E-01 -1.738416E+00
     51671 -1.010702E+00 -2.778807E-01 -1.161433E+00
     51672 -1.089520E+00 -2.993976E-01 -1.156536E+00
     51673 -1.022118E+00 -5.974006E-01 -1.368544E+00
     51674 -1.016385E+00 -1.426874E-01 -1.649748E+00
     51675 -1.060353E+00 -2.288677E-01 -1.673490E+00
     51676 -1.128666E+00 -2.706982E-01 -1.138850E+00
     51677 -1.214190E+00 -2.917375E-01 -1.184122E+00
     51678 -1.103066E+00 -5.778347E-01 -1.348895E+00
     51679 -1.203116E+00 -1.413807E-01 -1.670917E+00
     51680 -1.182403E+00 -2.134434E-01 -1.589685E+00
     51681 -1.266557E+00 -2.729879E-01 -1.210631E+00
     51682 -1.360460E+00 -2.869987E-01 -1.256765E+00
     51683 -1.245832E+00 -5.475517E-01 -1.391546E+00
     51684 -1.342428E+00 -2.041551E-01 -1.672471E+00
     51685 -1.325977E+00 -1.323456E-01 -1.694318E+00
     51686 -1.423945E+00 -2.823810E-01 -1.390692E+00
     51687 -1.535287E+00 -2.968000E-01 -1.460774E+00
     51688 -1.445756E+00 -5.321320E-01 -1.526718E+00
     51689 -1.449738E+00 -2.241794E-01 -1.746861E+00
     51690 -1.500931E+00 -1.322368E-01 -1.882279E+00
     51691 -1.607033E+00 -3.022403E-01 -1.669629E+00
     51692 -1.734817E+00 -3.150198E-01 -1.801394E+00
     51693 -1.642620E+00 -5.452241E-01 -1.790099E+00
     51694 -1.720863E+00 -1.427385E-01 -2.204255E+00
     51695 -1.648235E+00 -2.451319E-01 -1.952759E+00
     51696 -1.810099E+00 -3.344109E-01 -2.102395E+00
     51697 -1.954986E+00 -3.468799E-01 -2.312266E+00
     51698 -1.868062E+00 -5.689298E-01 -2.211467E+00
     51699 -1.971813E+00 -1.680853E-01 -2.720472E+00
     51700 -1.862304E+00 -2.751897E-01 -2.337255E+00
     51701 -2.025170E+00 -3.842753E-01 -2.727402E+00
     51702 -2.187795E+00 -3.949759E-01 -3.030924E+00
     51703 -2.117283E+00 -6.195441E-01 -2.836216E+00
     51704 -2.101759E+00 -3.237228E-01 -2.931846E+00
     51705 -2.246428E+00 -2.086092E-01 -3.480539E+00
     51706 -2.242353E+00 -4.532292E-01 -3.584354E+00
     51707 -2.423782E+00 -4.580885E-01 -3.999257E+00
     51708 -2.383214E+00 -7.039015E-01 -3.710169E+00
     51709 -2.537117E+00 -2.655380E-01 -4.539649E+00
     51710 -2.356985E+00 -3.970688E-01 -3.784396E+00
     51711 -2.454319E+00 -5.391088E-01 -4.725961E+00
     51712 -2.660505E+00 -5.286956E-01 -5.279154E+00
     51713 -2.664683E+00 -8.261249E-01 -4.893289E+00
     51714 -2.846535E+00 -3.451150E-01 -5.979080E+00
     51715 -2.617299E+00 -4.933223E-01 -4.952427E+00
     51716 -2.678803E+00 -6.209720E-01 -6.260029E+00
     51717 -2.928237E+00 -5.555316E-01 -7.001876E+00
     51718 -2.985680E+00 -9.881421E-01 -6.496519E+00
     51719 -3.220195E+00 -4.775364E-01 -7.956321E+00
     51720 -2.881052E+00 -6.186688E-01 -6.522075E+00
     51721 -3.064121E+00 -5.141859E-01 -8.407640E+00
     51722 -3.340577E+00 -1.051310E-01 -9.597262E+00
     51723 -3.371589E+00 -1.158526E+00 -8.736201E+00
     51724 -3.180672E+00 -7.832342E-01 -8.673240E+00
     51725 -3.790830E+00 -6.872050E-01 -1.080440E+01
     51726 -3.363232E+00 -1.387118E+00 -1.139051E+01
     51727 -3.549587E+00 -1.171967E+00 -1.177016E+01
     57626 -6.541293E-01  4.056019E+00  1.636277E+00
     57627  1.701840E+00 -2.366681E-01 -6.971942E-01
     57628 -2.791786E+00  1.794126E+00  5.308513E-02
     57629  1.161619E-01  9.119691E-01  8.332080E-02
     57630  1.506391E+00  2.438126E-01 -7.675341E-01
     57631  4.891329E-01 -1.880082E+01  9.699094E+01
     57632 -3.182529E+00 -1.953345E+01  8.986358E+01
     57633  4.918590E+00 -1.374431E+01  7.988566E+01
     57634 -1.783418E+00 -1.040986E+01  1.840038E+01
     57635  3.466870E-02 -1.177687E+01  2.324102E+01
     57636 -9.508801E-01 -1.263492E+01  1.936844E+01
     57637 -2.644437E+00 -9.845617E+00  1.388449E+01
     57638 -7.463557E+00 -1.601118E+01  7.367331E+01
     57639  1.791678E-01 -1.345263E+01  2.527947E+01
     57640  4.834566E-01 -1.435117E+01  3.151856E+01
     57641 -3.632494E-01 -1.308492E+01  1.752412E+01
     57642  1.748935E+00 -1.482603E+01  3.779001E+01
     57643  1.390087E+00 -1.507723E+01  4.527109E+01
     57644  2.768838E-01 -1.446800E+01  2.943067E+01
     57645  1.324844E+00 -1.526321E+01  5.344261E+01
     57646 -1.775973E+00 -1.574056E+01  6.155778E+01
     57647 -1.248988E+00 -1.548419E+01  4.465749E+01
     57648 -2.701097E+00 -1.681411E+01  6.856700E+01
     57649 -1.835223E+00 -1.210175E+01  2.011661E+01
     57650 -3.263203E+00 -1.301966E+01  1.511481E+01
     57651 -9.763999E-01 -1.453445E+01  3.467311E+01
     57652 -6.630741E+00 -1.486049E+01  2.485418E+01
     57653 -2.904704E+00 -1.514888E+01  5.454880E+01
     57654 -5.203739E+00 -1.583309E+01  4.592818E+01
     63953 -1.595712E+00 -1.865752E-01 -6.084428E-01
     63954  2.514636E+00  1.635226E+00  5.085445E-02
     63955 -1.218077E-01  7.773411E-01 -3.775042E-02
     63956 -1.409463E+00  2.154345E-01 -7.145940E-01
     63957  5.558298E-01  3.663325E+00  1.478384E+00
     63958 -8.310221E-03 -1.091505E+01  2.166386E+01
     63959  1.643497E+00 -9.709585E+00  1.703069E+01
     63960  2.488661E+00 -9.054779E+00  1.304778E+01
     63961  3.076848E+00 -1.774457E+01  8.143546E+01
     63962 -2.845226E-01 -1.711346E+01  8.844849E+01
     63963  6.915875E+00 -1.465955E+01  6.668243E+01
     63964  9.768439E-01 -1.167099E+01  1.821048E+01
     63965 -4.332644E+00 -1.244263E+01  7.312197E+01
     63966  3.106264E+00 -1.211539E+01  1.341728E+01
     63967  1.923744E+00 -1.112460E+01  1.819008E+01
     63968  2.809869E-01 -1.204242E+01  1.620990E+01
     63969  6.212488E+00 -1.362083E+01  2.246832E+01
     63970  1.060409E+00 -1.327375E+01  3.141248E+01
     63971 -1.734259E-01 -1.324293E+01  2.706845E+01
     63972  4.810207E+00 -1.447306E+01  4.154735E+01
     63973  2.771757E+00 -1.383409E+01  4.935759E+01
     63974  1.202871E+00 -1.414610E+01  4.087397E+01
     63975  2.519673E+00 -1.533263E+01  6.249925E+01
     63976 -3.834626E-01 -1.320250E+01  2.940423E+01
     63977 -1.162688E-01 -1.238376E+01  2.375819E+01
     63978 -1.200256E+00 -1.382316E+01  4.183004E+01
     63979 -1.511915E+00 -1.358981E+01  3.506251E+01
     63980  1.769805E+00 -1.442838E+01  5.651188E+01
     63981 -1.059130E+00 -1.393143E+01  4.922807E+01
     69741 -3.685146E-01  6.342296E-01 -8.563847E-02
     69742  3.266568E-01  5.795402E-01 -6.853373E-02
     69743  4.283918E-01  1.002789E+00 -5.939601E-01
     69744 -4.508386E-01  1.147337E+00 -6.115905E-01
     69745  6.370329E+00  2.988747E+00 -1.718999E+01
     69746  5.945338E+00  1.806929E+00 -5.711978E+00
     69747  6.007013E+00  1.146162E+00 -1.272483E+01
     69748 -2.816275E-02 -5.640543E-01  2.631648E+00
     69749 -1.654271E-02 -5.631105E-01  2.509408E+00
     69750 -9.395242E-02 -5.677060E-01  2.636071E+00
     69751 -9.473998E-02 -5.518776E-01  2.499869E+00
     69752 -5.533355E+00  1.688248E+00 -5.177194E+00
     69753 -5.893784E+00  2.754935E+00 -1.544636E+01
     69754 -5.543569E+00  9.885725E-01 -1.154217E+01
     69755  5.834159E+00 -3.641506E-01  7.314494E-01
     69756 -5.454024E+00 -3.138893E-01  5.780454E-01
     69757  4.208744E+00 -1.518519E+00 -6.797200E+00
     69758  5.798419E+00 -2.307794E+00 -6.551459E+00
     69759  5.082129E+00 -1.253370E+00 -2.449349E+00
     69760  2.451880E+00 -1.633423E+00  2.421835E+00
     69761  6.656704E+00 -3.526331E+00 -2.317193E+00
     69762  5.631427E+00 -3.749960E+00 -4.117982E+00
     69763  2.982900E+00 -9.214210E-01  4.197401E+00
     69764  6.756513E+00 -2.989448E+00 -2.108558E+00
     69765  6.791108E+00 -3.630128E+00 -1.839162E+00
     69766  6.614466E+00 -2.248712E+00 -1.423252E+00
     69767  6.684752E+00 -2.702903E+00 -1.467730E+00
     69768  6.207051E+00 -1.765520E+00 -8.023744E-01
     69769  6.339014E+00 -1.983054E+00 -9.299556E-01
     69770  5.833082E+00 -1.377258E+00 -2.964658E-01
     69771  5.758657E+00 -1.273362E+00 -8.947799E-02
     69772  5.284919E+00 -9.642832E-01  2.549634E-01
     69773  5.235111E+00 -9.822598E-01  4.563439E-01
     69774  4.736696E+00 -6.379517E-01  7.772647E-01
     69775  4.741040E+00 -7.074526E-01  9.677398E-01
     69776  4.240439E+00 -4.001493E-01  1.203892E+00
     69777  4.275217E+00 -5.124183E-01  1.400946E+00
     69778  3.795114E+00 -3.074822E-01  1.533664E+00
     69779  3.844872E+00 -4.539012E-01  1.677381E+00
     69780  3.384898E+00 -1.919876E-01  1.848689E+00
     69781  3.505172E+00 -3.515253E-01  1.979121E+00
     69782  3.063700E+00 -2.036057E-01  2.021227E+00
     69783  3.164933E+00 -3.625814E-01  2.111092E+00
     69784  2.758304E+00 -1.555256E-01  2.222123E+00
     69785  2.919270E+00 -3.142691E-01  2.306081E+00
     69786  2.529830E+00 -2.198463E-01  2.297107E+00
     69787  2.654917E+00 -3.663872E-01  2.348290E+00
     69788  2.293744E+00 -1.969106E-01  2.431699E+00
     69789  2.474353E+00 -3.395594E-01  2.480993E+00
     69790  2.124426E+00 -2.827881E-01  2.446774E+00
     69791  2.256770E+00 -4.076177E-01  2.470732E+00
     69792  1.927810E+00 -2.603223E-01  2.545762E+00
     69793  2.113783E+00 -3.788506E-01  2.572627E+00
     69794  1.787679E+00 -3.451335E-01  2.528707E+00
     69795  1.919156E+00 -4.468393E-01  2.536156E+00
     69796  1.605827E+00 -3.131955E-01  2.612211E+00
     69797  1.796134E+00 -4.111838E-01  2.628431E+00
     69798  1.476942E+00 -3.813023E-01  2.609438E+00
     69799  1.635198E+00 -4.360918E-01  2.652517E+00
     69800  1.326757E+00 -3.799759E-01  2.677465E+00
     69801  1.414677E+00 -4.176441E-01  2.659159E+00
     69802  1.122015E+00 -3.539543E-01  2.704082E+00
     69803  1.276818E+00 -4.277672E-01  2.700552E+00
     69804  9.796651E-01 -4.304640E-01  2.658873E+00
     69805  1.128045E+00 -4.566408E-01  2.691121E+00
     69806  8.221854E-01 -4.220771E-01  2.705744E+00
     69807  8.969733E-01 -4.393973E-01  2.680200E+00
     69808  6.103541E-01 -3.998243E-01  2.711682E+00
     69809  7.568088E-01 -4.471339E-01  2.692551E+00
     69810  6.171977E-01 -4.921811E-01  2.635807E+00
     69811  4.759174E-01 -4.877296E-01  2.625297E+00
     69812  3.344878E-01 -4.744361E-01  2.624082E+00
     69813  4.291176E-01 -5.257530E-01  2.606869E+00
     69814  1.557100E-01 -4.726438E-01  2.603153E+00
     69815  2.979365E-01 -5.279612E-01  2.569273E+00
     69816  6.395737E-02 -4.894620E-01  2.564566E+00
     69817  1.659260E-01 -4.918186E-01  2.556137E+00
     69818 -2.961619E-01 -5.068532E-01  2.545065E+00
     69819 -1.669170E-01 -4.899174E-01  2.561754E+00
     69820 -4.061638E-01 -5.036923E-01  2.582005E+00
     69821 -3.044487E-01 -4.818976E-01  2.596498E+00
     69822 -4.319762E-01 -4.528588E-01  2.643817E+00
     69823 -5.429010E-01 -4.876744E-01  2.626394E+00
     69824 -5.853345E-01 -4.443900E-01  2.702842E+00
     69825 -6.913703E-01 -4.795699E-01  2.674079E+00
     69826 -7.760024E-01 -3.979508E-01  2.762742E+00
     69827 -8.356344E-01 -4.486696E-01  2.753157E+00
     69828 -9.369661E-01 -3.930332E-01  2.719797E+00
     69829 -1.046667E+00 -4.446836E-01  2.740316E+00
     69830 -1.102587E+00 -3.461771E-01  2.717102E+00
     69831 -1.218624E+00 -4.127737E-01  2.727961E+00
     69832 -1.274929E+00 -3.325459E-01  2.701306E+00
     69833 -1.396179E+00 -3.969338E-01  2.714675E+00
     69834 -1.449336E+00 -3.172475E-01  2.690253E+00
     69835 -1.562369E+00 -3.965165E-01  2.707043E+00
     69836 -1.625672E+00 -3.061367E-01  2.660097E+00
     69837 -1.739153E+00 -3.902357E-01  2.688042E+00
     69838 -1.793407E+00 -2.937664E-01  2.617053E+00
     69839 -1.910666E+00 -3.880408E-01  2.653077E+00
     69840 -1.956010E+00 -2.792105E-01  2.563770E+00
     69841 -2.076468E+00 -3.813378E-01  2.607346E+00
     69842 -2.116690E+00 -2.604608E-01  2.504171E+00
     69843 -2.237501E+00 -3.715678E-01  2.554667E+00
     69844 -2.281044E+00 -2.357537E-01  2.438620E+00
     69845 -2.399014E+00 -3.573608E-01  2.496842E+00
     69846 -2.454575E+00 -2.113222E-01  2.360782E+00
     69847 -2.572146E+00 -3.422701E-01  2.428872E+00
     69848 -2.649596E+00 -1.832839E-01  2.271851E+00
     69849 -2.758735E+00 -3.256703E-01  2.351013E+00
     69850 -2.875982E+00 -1.662110E-01  2.155841E+00
     69851 -2.976620E+00 -3.141151E-01  2.251819E+00
     69852 -3.140134E+00 -1.623263E-01  2.005151E+00
     69853 -3.228218E+00 -3.165297E-01  2.120459E+00
     69854 -3.453963E+00 -1.804251E-01  1.803404E+00
     69855 -3.523668E+00 -3.338782E-01  1.948007E+00
     69856 -3.819554E+00 -2.522301E-01  1.534454E+00
     69857 -3.860985E+00 -3.896609E-01  1.702069E+00
     69858 -4.230889E+00 -3.767109E-01  1.201156E+00
     69859 -4.243059E+00 -4.908098E-01  1.387519E+00
     69860 -4.687695E+00 -5.620675E-01  8.021598E-01
     69861 -4.667988E+00 -6.418149E-01  1.009638E+00
     69862 -5.179915E+00 -8.424958E-01  3.301131E-01
     69863 -5.119435E+00 -8.620618E-01  5.464822E-01
     69864 -5.677850E+00 -1.229623E+00 -2.031185E-01
     69865 -5.578425E+00 -1.160762E+00  6.305528E-03
     69866 -6.129411E+00 -1.744454E+00 -7.701927E-01
     69867 -6.006614E+00 -1.549911E+00 -5.982226E-01
     69868 -6.444125E+00 -2.409113E+00 -1.300390E+00
     69869 -6.343981E+00 -2.038049E+00 -1.233364E+00
     69870 -6.531406E+00 -3.212010E+00 -1.621234E+00
     69871 -6.496457E+00 -2.623100E+00 -1.802589E+00
     69872 -5.371015E+00 -3.361097E+00 -3.697964E+00
     69873 -6.366898E+00 -3.184313E+00 -2.082462E+00
     69874 -5.468729E+00 -2.152844E+00 -5.793098E+00
     69875 -4.023166E+00 -1.387123E+00 -6.156421E+00
     69876 -2.898241E+00 -8.204193E-01  3.800021E+00
     69877 -4.808003E+00 -1.136654E+00 -2.185894E+00
     69878 -2.435339E+00 -1.453179E+00  2.207070E+00
     70746  4.305484E-01  2.954690E-01 -6.414132E-01
     70747 -3.426953E-01  1.225585E+00  9.207412E-01
     70748  2.974458E-01  1.768752E+00 -6.921506E-01
     70749  5.466191E-01  9.303140E-01 -6.326938E-01
     70750  1.832234E+00  3.446896E+00 -1.464982E+01
     70751  1.964945E+00  3.694920E+00 -2.943902E+01
     70752  3.381166E+00  7.219244E+00 -1.496941E+01
     70753  2.119638E+00  3.961074E+00 -1.393866E+01
     70754  7.065981E-01  3.270946E+00 -1.299337E+01
     70755 -4.860035E-01  6.677637E+00 -3.842716E+01
     70756 -6.130974E-01  1.452245E+01 -1.803690E+01
     70757 -1.310075E+00  1.427440E+01 -9.422174E+00
     70758 -1.471165E+00  9.124119E+00 -1.750879E+01
     70759 -2.393827E+00  6.105834E+00 -2.301319E+01
     70760  7.076983E-01  8.624807E+00  5.811927E+01
     70761 -2.118366E+00  7.849291E+00  4.957829E+01
     70762 -3.536866E+00  6.557710E+00  3.226263E+01
     70763  2.920526E+00  7.573887E+00  4.264804E+01
     70764 -7.632906E-01  6.567261E+00  2.174298E+01
     70765 -2.734435E+00  6.219527E+00  2.031418E+01
     70766 -5.352090E-01  4.193796E+00  2.594745E+01
     70767 -2.760653E+00  1.114310E+01  2.392707E+01
     70768 -3.237965E+00  1.219729E+01  2.238503E+01
     70769  1.613662E+00  6.987886E+00  2.980193E+01
     70770 -2.082350E+00  1.317574E+01  1.131554E+01
     70771 -2.885812E+00  1.290723E+01 -1.145112E-01
     70772 -1.200335E+00  7.101665E+00  3.135067E+01
     70773 -8.749888E-01  7.249138E+00 -1.671186E+01
     71530 -4.351448E-01  2.539088E-01 -6.370673E-01
     71531  3.019636E-01  1.103305E+00  7.990104E-01
     71532 -3.929725E-01  1.588726E+00 -6.242633E-01
     71533 -5.479882E-01  8.520229E-01 -6.193990E-01
     71534 -1.842946E+00  3.312001E+00 -2.619190E+01
     71535 -1.700873E+00  3.117231E+00 -1.304635E+01
     71536 -1.971336E+00  3.608976E+00 -1.240656E+01
     71537 -3.073805E+00  6.641033E+00 -1.332236E+01
     71538 -6.881244E-01  2.990327E+00 -1.148599E+01
     71539  4.037724E-01  5.985978E+00 -3.391681E+01
     71540  7.156533E-01  1.324006E+01 -1.617166E+01
     71541  1.394274E+00  1.301110E+01 -8.290604E+00
     71542  1.327302E+00  8.281248E+00 -1.517632E+01
     71543  2.118506E+00  5.508248E+00 -2.014281E+01
     71544  2.051736E+00  7.069190E+00  4.394825E+01
     71545 -4.588280E-01  7.713166E+00  5.239668E+01
     71546 -2.539446E+00  6.843674E+00  3.852559E+01
     71547  3.215650E+00  5.865211E+00  2.848804E+01
     71548  1.229951E+00  6.399870E+00  2.840835E+01
     71549 -1.368290E+00  6.322399E+00  2.705209E+01
     71550  4.163708E-01  3.758953E+00  2.317018E+01
     71551  3.197946E+00  1.099809E+01  1.998594E+01
     71552  2.173485E+00  1.199849E+01  1.012468E+01
     71553  2.818512E+00  1.014533E+01  2.114524E+01
     71554  2.550219E+00  5.555856E+00  1.771264E+01
     71555  2.829025E+00  1.168790E+01 -6.237867E-02
     71556  8.650688E-01  6.550240E+00 -1.455797E+01
     71557  7.654147E-01  5.891719E+00  1.909932E+01

 total force (fx,fy,fz) for set FEET and time  0.2000000E+01

        3.329702E-09 -9.623625E-09  2.400000E+03

                        S T E P       3


                                INCREMENT     1


 displacements (vx,vy,vz) for set TOP and time  0.3000000E+01

     35037 -8.866060E-03  3.502296E-01 -3.150334E-01
     35822 -1.048809E-03  3.743286E-01 -3.287646E-01
     37264 -1.718635E-02  2.765630E-01 -2.684623E-01
     43694  6.065833E-03  3.768288E-01 -3.320356E-01
     46347  1.430241E-02  2.717449E-01 -2.583541E-01

 forces (fx,fy,fz) for set FEET and time  0.3000000E+01

       151 -2.081760E-01  2.140804E-01 -7.787660E-01
       155  2.498601E-01  3.173364E+00 -2.894682E+00
       156 -6.662926E-03 -2.032980E-03 -6.143415E-01
       160  5.188718E-04  3.813800E-01 -2.015526E-01
       161  1.801430E-01  1.943930E-01 -6.803273E-01
       165 -2.214948E-01  2.858482E+00 -2.612514E+00
       194  9.636250E+00  6.291429E+00  1.302176E+01
       195  1.187275E+00 -1.267326E+00  1.586823E+00
       196 -9.444338E-01 -7.494949E-01  1.204625E+00
       197 -1.006901E+01  4.951390E+00  1.085971E+01
       221  8.276086E-01 -6.488132E-01  1.074973E+00
       222  9.121765E+00  4.428972E+00  9.744279E+00
       225 -1.106621E+00 -1.190102E+00  1.494020E+00
       226 -8.806907E+00  5.799351E+00  1.197519E+01
       234  9.601818E-01 -3.916279E-01  9.218188E-01
       236 -9.052438E-01 -3.541316E-01  8.036613E-01
       242 -2.354194E+00  1.799596E+00 -2.874147E+00
       245 -1.853356E+00  1.546038E+00  2.111970E+00
       246  2.192667E+00  1.823488E+00  2.651129E+00
       253  2.075419E+00  1.566498E+00 -2.519340E+00
       254 -1.985342E+00  1.681577E+00  2.452795E+00
       255  1.618041E+00  1.318245E+00  1.794179E+00
      3486  1.051703E+00  1.190661E+00 -8.403417E+00
      3512 -6.262268E-03 -9.815647E-02 -9.331548E-01
      3525  1.285536E-01  5.436774E-01 -1.163504E+00
      3526  2.471824E-01  4.769669E-01 -7.231058E-01
      3527  4.503753E-01  3.756972E-01 -1.610676E+00
      3528  4.004870E-01  2.840154E-01 -1.242843E+00
      3529  3.483644E-01  1.627229E-01 -8.513008E-01
      3530  3.042515E-01  9.936942E-02 -6.551336E-01
      3531  2.418870E-01  4.724873E-02 -4.437814E-01
      3532  2.153777E-01  1.183156E-02 -3.662580E-01
      3533  1.785906E-01 -1.155584E-02 -2.654149E-01
      3534  1.263881E-01 -8.905657E-03 -2.646123E-01
      3535  1.335654E-01 -3.026091E-02 -2.770854E-01
      3536  8.024984E-02 -6.922466E-03 -2.873383E-01
      3537  1.066987E-01 -2.400761E-02 -3.217591E-01
      3538  5.534113E-02  3.661787E-03 -3.487854E-01
      3539  9.327445E-02 -1.112130E-02 -3.852821E-01
      3540  4.174064E-02  1.444866E-02 -4.108475E-01
      3541  8.681776E-02  8.055709E-04 -4.406667E-01
      3542  3.363789E-02  2.186494E-02 -4.570225E-01
      3543  8.235568E-02  9.115091E-03 -4.769055E-01
      3544  2.691346E-02  2.366775E-02 -4.837145E-01
      3545  3.001649E-02  4.906110E-02 -5.073364E-01
      3546  5.583528E-02  3.750183E-04 -4.495972E-01
      3547  1.377236E-02  2.213068E-02 -5.055396E-01
      3548  1.020086E-02  5.069489E-02 -5.224160E-01
      3549  3.500091E-02  2.101980E-03 -4.622487E-01
      3550 -1.013629E-02  2.866357E-02 -5.242712E-01
      3551 -1.115267E-02  5.388956E-02 -5.351769E-01
      3552  2.355558E-02  1.064175E-01 -5.624357E-01
      3553  4.358610E-03  1.357851E-02 -4.994914E-01
      3554 -1.818473E-02  1.761126E-02 -5.164241E-01
      3555  2.372183E+00  7.774511E-01 -8.565660E+00
      3556  2.116490E+00 -1.842417E-01 -5.553592E+00
      3557  3.149864E+00 -5.804939E-01 -6.114385E+00
      3558  3.157376E+00 -6.606639E-01 -4.931060E+00
      3559  2.984910E+00 -4.596821E-01 -3.691495E+00
      3560  2.795688E+00 -4.466127E-01 -2.795068E+00
      3561  2.488266E+00 -3.005425E-01 -1.957215E+00
      3562  2.235591E+00 -2.743262E-01 -1.426352E+00
      3563  1.952280E+00 -2.023194E-01 -9.707899E-01
      3564  1.687672E+00 -1.484400E-01 -6.713730E-01
      3565  1.500767E+00 -1.527146E-01 -5.656856E-01
      3566  1.299300E+00 -1.064716E-01 -4.216823E-01
      3567  1.176417E+00 -1.346195E-01 -4.715176E-01
      3568  1.037002E+00 -9.908472E-02 -4.134284E-01
      3569  9.608690E-01 -1.424086E-01 -5.350374E-01
      3570  8.631864E-01 -1.078502E-01 -4.968634E-01
      3571  8.136494E-01 -1.590488E-01 -6.385988E-01
      3572  7.389610E-01 -1.215243E-01 -5.855286E-01
      3573  6.993835E-01 -1.756290E-01 -7.197832E-01
      3574  6.320191E-01 -1.335949E-01 -6.403610E-01
      3575  5.987627E-01 -1.605690E-01 -7.197854E-01
      3576  5.344630E-01 -1.471872E-01 -7.334146E-01
      3577  4.487886E-01 -1.504426E-01 -6.644933E-01
      3578  4.057597E-01 -1.735666E-01 -7.454039E-01
      3579  3.306204E-01 -1.577195E-01 -7.649553E-01
      3580  2.441218E-01 -1.600798E-01 -7.087559E-01
      3581  1.988175E-01 -1.826643E-01 -8.184504E-01
      3582  1.336600E-01 -1.634854E-01 -8.599871E-01
      3583  7.315051E-02 -1.865731E-01 -8.206024E-01
      3584  4.127940E-02 -1.771921E-01 -8.287388E-01
      3585  1.145687E-02 -1.841524E-01 -9.023614E-01
      3769  1.154873E-01  2.849209E+00 -1.484291E+00
      3770 -1.003963E-02  2.491748E+00 -1.034245E+00
      3771 -1.751777E-01  1.801759E+00 -8.236993E-01
      3772  7.718858E-02  1.297813E+00 -6.391474E-01
      3773 -1.129048E-01  1.001544E+00 -4.175897E-01
      3774  2.959760E-02  6.865433E-01 -3.034838E-01
      3775 -7.416227E-02  5.340719E-01 -1.910074E-01
      3776  4.145679E-04  3.244251E-01 -1.679230E-01
      3777 -3.102800E-02  3.445302E-01 -4.420580E-02
      3778 -4.768086E-02  2.742564E-01 -6.588316E-02
      3779 -3.679711E-03  2.386542E-01 -4.778585E-02
      3780 -4.069739E-02  2.709900E-01 -6.095506E-02
      3781 -5.574889E-04  2.692324E-01 -5.502138E-02
      3782 -4.003193E-02  3.168927E-01 -7.711071E-02
      3783  4.974353E-03  3.257476E-01 -7.610421E-02
      3784 -4.106280E-02  3.716869E-01 -9.632590E-02
      3785  1.075634E-02  3.783115E-01 -9.577762E-02
      3786 -4.159278E-02  4.146733E-01 -1.098154E-01
      3787  1.571992E-02  4.140869E-01 -1.074615E-01
      3788 -4.060811E-02  4.355230E-01 -1.159817E-01
      3789 -6.074098E-02  4.452289E-01 -1.104037E-01
      3790 -1.214425E-02  5.192016E-01 -2.303133E-02
      3791 -4.048908E-02  4.463150E-01 -1.127571E-01
      3792 -6.010129E-02  4.569633E-01 -1.093847E-01
      3793 -7.046038E-03  5.363612E-01 -2.367788E-02
      3794 -3.818161E-02  4.634735E-01 -1.211935E-01
      3795 -5.624851E-02  4.732476E-01 -1.214987E-01
      3796 -6.009311E-02  5.327759E-01 -1.205161E-01
      3797 -9.468059E-04  5.815237E-01 -5.578872E-02
      3798  5.415247E-03  5.408981E-01 -4.449331E-02
      3799  1.036099E+00  5.213615E+00 -7.754256E+00
      3800  9.311992E-01  3.880135E+00 -5.367255E+00
      3801  8.447229E-01  3.143011E+00 -3.996587E+00
      3802  7.867172E-01  1.632604E+00 -2.870024E+00
      3803  7.501680E-01  1.730414E+00 -2.231892E+00
      3804  6.562259E-01  8.714625E-01 -1.533095E+00
      3805  5.896954E-01  8.834398E-01 -1.130989E+00
      3806  5.002450E-01  4.360940E-01 -7.747635E-01
      3807  4.401518E-01  3.766364E-01 -5.741127E-01
      3808  3.773223E-01  3.509963E-01 -4.285658E-01
      3809  3.173825E-01  2.220109E-01 -3.898408E-01
      3810  2.767447E-01  2.877516E-01 -3.570682E-01
      3811  2.435347E-01  2.299598E-01 -4.003357E-01
      3812  2.170422E-01  3.295748E-01 -4.096091E-01
      3813  1.976151E-01  2.805105E-01 -4.833921E-01
      3814  1.807688E-01  4.004004E-01 -4.991212E-01
      3815  1.683496E-01  3.349799E-01 -5.719096E-01
      3816  1.566372E-01  4.615641E-01 -5.757624E-01
      3817  1.466033E-01  3.747535E-01 -6.350619E-01
      3818  1.358137E-01  4.978928E-01 -6.210292E-01
      3819  1.258981E-01  4.049383E-01 -6.612469E-01
      3820  1.244198E-01  4.601163E-01 -6.783689E-01
      3821  1.041386E-01  5.128792E-01 -6.330538E-01
      3822  8.395045E-02  4.179839E-01 -6.778460E-01
      3823  7.973823E-02  4.766331E-01 -6.965309E-01
      3824  5.689887E-02  5.361866E-01 -6.600196E-01
      3825  3.858981E-02  4.407879E-01 -7.175454E-01
      3826  4.076946E-02  5.032045E-01 -7.275946E-01
      3827  3.187507E-02  5.879614E-01 -7.410256E-01
      3828  1.387531E-02  6.125722E-01 -7.165371E-01
      3829 -3.838343E-03  5.223935E-01 -7.808564E-01
      3843 -9.738789E-01  1.069984E+00 -7.502552E+00
      3856  8.961678E-03  1.728926E-02 -5.136810E-01
      3857 -9.702683E-03  7.277206E-03 -4.969277E-01
      3858 -9.661144E-03  4.852799E-03 -4.951807E-01
      3859 -1.734144E-02  3.317498E-03 -4.850435E-01
      3860 -2.245292E-02 -2.819557E-03 -4.850190E-01
      3861 -2.761460E-02 -3.453380E-03 -4.718376E-01
      3862 -3.129685E-02 -3.933300E-03 -4.651692E-01
      3863 -4.278143E-02 -1.054515E-03 -4.491137E-01
      3864 -5.033166E-02 -2.268087E-03 -4.486817E-01
      3865 -5.838854E-02 -2.660447E-03 -4.422183E-01
      3866 -6.391626E-02 -2.890507E-03 -4.363155E-01
      3867 -6.860002E-02 -4.312547E-03 -4.274273E-01
      3868 -7.236898E-02 -5.237236E-03 -4.154821E-01
      3869 -7.554496E-02 -6.762370E-03 -3.996298E-01
      3870 -7.853865E-02 -8.861540E-03 -3.786841E-01
      3871 -8.211598E-02 -1.256338E-02 -3.541227E-01
      3872 -8.753075E-02 -1.634975E-02 -3.254567E-01
      3873 -9.538138E-02 -2.092422E-02 -2.966533E-01
      3874 -1.068289E-01 -2.430023E-02 -2.697444E-01
      3875 -1.249632E-01 -2.575746E-02 -2.501960E-01
      3876 -1.468018E-01 -2.375506E-02 -2.476697E-01
      3877 -1.751961E-01 -1.581588E-02 -2.667772E-01
      3878 -2.130541E-01 -4.237380E-05 -3.163458E-01
      3879 -2.567872E-01  2.711715E-02 -4.091420E-01
      3880 -3.064421E-01  6.835962E-02 -5.555347E-01
      3881 -3.588174E-01  1.272321E-01 -7.652100E-01
      3882 -4.100594E-01  2.077652E-01 -1.048341E+00
      3883 -4.551792E-01  3.111489E-01 -1.419156E+00
      3884 -2.268133E-01  4.176288E-01 -6.446430E-01
      3885 -5.838187E-02  5.992170E-01 -1.167605E+00
      3886 -4.599762E-02 -1.806856E-01 -8.974791E-01
      3887 -7.043139E-02 -1.971217E-01 -8.177494E-01
      3888 -1.114875E-01 -1.911546E-01 -8.049997E-01
      3889 -1.569347E-01 -1.849381E-01 -7.606610E-01
      3890 -2.149184E-01 -1.773700E-01 -7.234209E-01
      3891 -2.737839E-01 -1.747646E-01 -6.741712E-01
      3892 -3.467222E-01 -1.669747E-01 -6.615388E-01
      3893 -4.105889E-01 -1.592383E-01 -6.255935E-01
      3894 -4.885596E-01 -1.523251E-01 -6.097892E-01
      3895 -5.571548E-01 -1.475606E-01 -5.979436E-01
      3896 -6.248560E-01 -1.418598E-01 -5.895710E-01
      3897 -6.887484E-01 -1.392041E-01 -5.817702E-01
      3898 -7.488812E-01 -1.348080E-01 -5.709040E-01
      3899 -8.069395E-01 -1.290253E-01 -5.542419E-01
      3900 -8.644986E-01 -1.221898E-01 -5.291371E-01
      3901 -9.263426E-01 -1.161823E-01 -4.971444E-01
      3902 -9.963097E-01 -1.099089E-01 -4.598281E-01
      3903 -1.082280E+00 -1.058326E-01 -4.271697E-01
      3904 -1.188105E+00 -1.054825E-01 -4.100978E-01
      3905 -1.320570E+00 -1.118016E-01 -4.219921E-01
      3906 -1.482446E+00 -1.231171E-01 -4.960496E-01
      3907 -1.673386E+00 -1.437644E-01 -6.453915E-01
      3908 -1.893307E+00 -1.775353E-01 -8.869703E-01
      3909 -2.138202E+00 -2.246162E-01 -1.258370E+00
      3910 -2.394109E+00 -2.845975E-01 -1.779254E+00
      3911 -2.638808E+00 -3.565591E-01 -2.467338E+00
      3912 -2.840783E+00 -4.354514E-01 -3.328654E+00
      3913 -2.958876E+00 -5.101831E-01 -4.349794E+00
      3914 -2.985410E+00 -5.477446E-01 -5.504687E+00
      3915 -1.983284E+00 -1.247049E-01 -5.010257E+00
      3916 -2.201073E+00  6.191917E-01 -7.719807E+00
      4100 -2.200109E-03  5.628193E-01 -3.829703E-02
      4101  2.101949E-03  6.077793E-01 -3.381424E-02
      4102  8.140619E-03  5.929025E-01 -3.393847E-02
      4103  1.027549E-02  5.818610E-01 -3.410744E-02
      4104  8.348812E-03  5.778071E-01 -3.301958E-02
      4105  1.473141E-02  5.604961E-01 -2.255038E-02
      4106  9.564227E-03  5.418901E-01 -2.155919E-02
      4107  1.442867E-02  5.208799E-01 -3.145563E-02
      4108  1.736131E-02  5.126920E-01 -3.466458E-02
      4109  1.917907E-02  5.061467E-01 -3.358193E-02
      4110  2.301775E-02  4.998199E-01 -3.564664E-02
      4111  2.474501E-02  4.935778E-01 -3.206824E-02
      4112  2.635502E-02  4.803327E-01 -3.182015E-02
      4113  2.766130E-02  4.617362E-01 -3.062092E-02
      4114  2.931258E-02  4.376984E-01 -2.840857E-02
      4115  3.063085E-02  4.099457E-01 -2.339177E-02
      4116  3.186275E-02  3.780948E-01 -1.891283E-02
      4117  3.411328E-02  3.474708E-01 -1.355709E-02
      4118  3.482598E-02  3.235356E-01 -1.186265E-02
      4119  3.925647E-02  3.114911E-01 -1.040070E-02
      4120  4.207297E-02  3.154641E-01 -1.604962E-02
      4121  4.563991E-02  3.504019E-01 -4.026012E-02
      4122  5.156643E-02  4.288015E-01 -7.691335E-02
      4123  5.752469E-02  5.574234E-01 -1.326524E-01
      4124  6.425516E-02  7.519716E-01 -2.132945E-01
      4125  7.092738E-02  1.020760E+00 -3.238573E-01
      4126  7.593160E-02  1.369274E+00 -4.693265E-01
      4127  7.956673E-02  1.811274E+00 -6.607478E-01
      4128  5.885743E-02  2.405764E+00 -9.576405E-01
      4129 -3.173291E-01  2.900878E+00 -1.640676E+00
      4130 -1.276418E-03  5.307421E-01 -7.706809E-01
      4131 -4.651067E-03  6.151487E-01 -6.843928E-01
      4132 -2.594468E-02  6.351441E-01 -6.560063E-01
      4133 -4.919184E-02  6.081195E-01 -6.491986E-01
      4134 -6.209898E-02  5.845215E-01 -6.377336E-01
      4135 -5.849185E-02  6.097815E-01 -6.187576E-01
      4136 -7.851668E-02  5.615718E-01 -5.878602E-01
      4137 -9.714275E-02  5.385480E-01 -5.984008E-01
      4138 -1.196003E-01  5.193578E-01 -5.932059E-01
      4139 -1.350835E-01  5.147995E-01 -5.864123E-01
      4140 -1.483862E-01  5.068512E-01 -5.825441E-01
      4141 -1.615552E-01  5.051067E-01 -5.686187E-01
      4142 -1.742504E-01  4.938736E-01 -5.556748E-01
      4143 -1.855701E-01  4.779898E-01 -5.385829E-01
      4144 -1.960769E-01  4.552762E-01 -5.150327E-01
      4145 -2.074643E-01  4.266367E-01 -4.827969E-01
      4146 -2.210607E-01  3.928862E-01 -4.447209E-01
      4147 -2.384108E-01  3.578117E-01 -4.057045E-01
      4148 -2.614922E-01  3.276532E-01 -3.702604E-01
      4149 -2.857256E-01  3.108973E-01 -3.573875E-01
      4150 -3.183037E-01  3.152425E-01 -3.625367E-01
      4151 -3.709973E-01  3.572676E-01 -4.097324E-01
      4152 -4.331452E-01  4.484167E-01 -5.303066E-01
      4153 -4.990436E-01  6.033458E-01 -7.278665E-01
      4154 -5.709346E-01  8.417606E-01 -1.027841E+00
      4155 -6.447240E-01  1.179935E+00 -1.450049E+00
      4156 -7.132437E-01  1.623693E+00 -2.010178E+00
      4157 -7.671528E-01  2.183894E+00 -2.720867E+00
      4158 -7.977151E-01  2.904428E+00 -3.603655E+00
      4159 -8.811434E-01  4.067021E+00 -4.935188E+00
      4160 -1.029605E+00  4.658850E+00 -6.885487E+00
      4914  3.846350E+00 -4.875329E-01  2.732132E+00
      4915  4.156516E+00 -2.389535E-01  2.898237E+00
      4916  6.326651E+00 -9.462205E-02  4.059973E+00
      4917  1.155469E+01 -3.443193E-01  4.314315E+00
      4918  3.955735E+00 -3.411967E+00  9.477306E+00
      4919  6.092923E+00 -4.736383E+00  1.354731E+01
      4920  8.474232E+00 -5.087530E+00  1.964599E+01
      4921  1.421740E+01 -5.097183E+00  2.753359E+01
      4922  1.762831E+01 -4.663049E+00  3.760799E+01
      5073 -3.729331E-01 -5.761297E+00  9.591704E+00
      5074 -1.520996E+00  1.216318E+01  5.796861E+01
      5075 -1.202600E+00 -3.151413E-01  1.177697E+00
      5076 -1.984404E+00 -6.228958E-01  2.012608E+00
      5077 -4.253993E+00 -7.132072E-02  1.700930E+00
      5078 -5.855285E+00  1.099085E-01  2.357761E+00
      5079 -2.401495E+00 -2.329384E+00  5.946686E+00
      5080 -4.432456E+00 -4.582177E+00  7.867403E+00
      5081 -6.358192E+00 -5.094356E+00  1.269434E+01
      5082 -8.470343E+00 -5.344109E+00  1.942781E+01
      5083 -1.612665E+01 -5.457390E+00  3.212680E+01
      5851  1.146975E+00 -3.719889E-03  1.188931E+00
      5852  1.682726E+00 -5.750436E-01  1.799805E+00
      5853  3.775329E+00 -6.792027E-02  1.447928E+00
      5854  5.234636E+00  9.337448E-02  2.052049E+00
      5855  2.346658E+00 -2.251838E+00  5.416255E+00
      5856  3.880516E+00 -4.203916E+00  6.995208E+00
      5857  5.688709E+00 -4.647888E+00  1.135479E+01
      5858  7.606837E+00 -4.881639E+00  1.744479E+01
      5859  1.457198E+01 -5.002327E+00  2.902521E+01
      6017  3.635375E-01 -5.315560E+00  8.837634E+00
      6018  1.525629E+00  1.106061E+01  5.275108E+01
      6019 -3.639074E+00 -4.755281E-01  2.599343E+00
      6020 -3.909052E+00 -2.236437E-01  2.746111E+00
      6021 -5.911557E+00 -8.326171E-02  3.791050E+00
      6022 -1.069413E+01 -2.953775E-01  4.013567E+00
      6023 -3.691617E+00 -3.167563E+00  8.915351E+00
      6024 -5.712977E+00 -4.359773E+00  1.270880E+01
      6025 -7.888411E+00 -4.658277E+00  1.829015E+01
      6026 -1.314274E+01 -4.653042E+00  2.545458E+01
      6027 -1.617025E+01 -4.230873E+00  3.451754E+01
      6668  2.007925E+00  1.343416E+00 -7.783644E+00
      6673 -1.866689E+00  1.248692E+00 -6.975841E+00
      6675  8.867854E-03  1.072616E+00  1.804330E+00
      6676 -1.891334E-01  1.118408E+00  2.188149E+00
      6677 -1.249721E-01  7.789969E-01  1.525159E+00
      6678 -4.247876E-02  5.124683E-01  1.033153E+00
      6679  1.058359E-02  3.408553E-01  7.050575E-01
      6680  4.661904E-02  2.210862E-01  4.741141E-01
      6681  7.002906E-02  1.628639E-01  3.498607E-01
      6682  8.261100E-02  1.318130E-01  2.840122E-01
      6683  8.698072E-02  1.328961E-01  2.705563E-01
      6684  8.887707E-02  1.579341E-01  2.989485E-01
      6685  8.287825E-02  1.789632E-01  3.320309E-01
      6686  7.973738E-02  2.189210E-01  3.904831E-01
      6687  7.086969E-02  2.433748E-01  4.353119E-01
      6688  6.656823E-02  2.838917E-01  4.953941E-01
      6689  5.743646E-02  3.018194E-01  5.323395E-01
      6690  5.354719E-02  3.366298E-01  5.816447E-01
      6691  4.523950E-02  3.446226E-01  6.034795E-01
      6692  4.210799E-02  3.720442E-01  6.383198E-01
      6693  3.480261E-02  3.707291E-01  6.449288E-01
      6694  3.049022E-02  3.900703E-01  6.631268E-01
      6695  2.936281E-02  4.016685E-01  6.679681E-01
      6696  2.345349E-02  3.890106E-01  6.691917E-01
      6697  1.842332E-02  4.041729E-01  6.782168E-01
      6698  1.900159E-02  4.133225E-01  6.788204E-01
      6699  1.479833E-02  3.991673E-01  6.816026E-01
      6700  9.035677E-03  4.163533E-01  6.911875E-01
      6701  1.366553E-02  4.281040E-01  6.931240E-01
      6702  6.654071E-03  4.100049E-01  7.016168E-01
      6703  5.241667E-03  4.117398E-01  7.094195E-01
      6704  8.952674E-04  4.409176E-01  7.118024E-01
      6705 -7.104155E-03  4.397416E-01  7.107915E-01
      6706 -5.186698E-03  4.074212E-01  7.096945E-01
      6707 -7.227191E-03  4.130281E-01  7.101510E-01
      6708 -1.091157E-02  4.077765E-01  7.049435E-01
      6709 -1.181276E-02  4.061996E-01  7.008208E-01
      6710 -1.571160E-02  4.078332E-01  7.050454E-01
      6711 -2.125777E-02  4.000814E-01  6.887930E-01
      6712 -2.221329E-02  3.921147E-01  6.805182E-01
      6713 -2.677593E-02  3.869568E-01  6.729945E-01
      6714 -3.101168E-02  3.831435E-01  6.688441E-01
      6715 -3.544614E-02  3.776450E-01  6.606944E-01
      6716 -4.002054E-02  3.692110E-01  6.490879E-01
      6717 -4.484669E-02  3.581090E-01  6.322158E-01
      6718 -5.003306E-02  3.439570E-01  6.097408E-01
      6719 -5.576309E-02  3.261498E-01  5.803931E-01
      6720 -6.154749E-02  3.036084E-01  5.424989E-01
      6721 -6.792569E-02  2.773314E-01  4.987462E-01
      6722 -7.424562E-02  2.472084E-01  4.479318E-01
      6723 -8.027184E-02  2.148684E-01  3.950143E-01
      6724 -8.504663E-02  1.812557E-01  3.440095E-01
      6725 -8.781254E-02  1.540895E-01  3.015940E-01
      6726 -8.790481E-02  1.360866E-01  2.775024E-01
      6727 -8.330788E-02  1.311923E-01  2.834883E-01
      6728 -7.149001E-02  1.512264E-01  3.348793E-01
      6729 -5.064421E-02  2.051719E-01  4.492995E-01
      6730 -1.834599E-02  3.042509E-01  6.459577E-01
      6731  3.044142E-02  4.601918E-01  9.449385E-01
      6732  1.046186E-01  6.896728E-01  1.374278E+00
      6733  1.615023E-01  1.002695E+00  1.980704E+00
      6734 -1.979538E-02  9.576818E-01  1.640507E+00
      6735  1.466520E+00  3.519176E-01  6.246524E-01
      6736  7.317196E-01  8.711286E-01  2.185003E+00
      6737  1.490667E+00  3.143456E-01  2.008507E+00
      6738  1.622350E+00  6.126002E-02  1.174163E+00
      6739  1.654746E+00 -4.290612E-02  6.791078E-01
      6740  1.607887E+00 -8.295418E-02  4.119454E-01
      6741  1.512302E+00 -5.753137E-02  3.137670E-01
      6742  1.389183E+00 -8.878743E-03  3.294777E-01
      6743  1.261144E+00  5.905876E-02  4.153853E-01
      6744  1.136528E+00  1.340723E-01  5.515901E-01
      6745  1.018434E+00  2.043859E-01  7.044643E-01
      6746  9.155556E-01  2.690029E-01  8.524880E-01
      6747  8.246333E-01  3.242975E-01  9.956243E-01
      6748  7.480758E-01  3.710279E-01  1.119764E+00
      6749  6.800028E-01  4.090624E-01  1.231183E+00
      6750  6.230817E-01  4.386230E-01  1.319676E+00
      6751  5.699371E-01  4.620168E-01  1.395440E+00
      6752  5.241781E-01  4.790102E-01  1.450505E+00
      6753  4.778128E-01  4.919482E-01  1.495887E+00
      6754  4.368898E-01  5.001774E-01  1.526546E+00
      6755  3.894241E-01  5.092667E-01  1.557368E+00
      6756  3.393595E-01  5.149567E-01  1.567674E+00
      6757  2.993231E-01  5.097933E-01  1.572416E+00
      6758  2.493320E-01  5.128185E-01  1.584934E+00
      6759  1.987313E-01  5.143056E-01  1.584373E+00
      6760  1.590144E-01  5.073782E-01  1.583202E+00
      6761  1.167195E-01  5.052652E-01  1.586823E+00
      6762  7.342405E-02  5.031230E-01  1.582956E+00
      6763  4.667217E-02  4.946021E-01  1.571994E+00
      6764  2.080452E-02  4.968006E-01  1.585763E+00
      6765 -1.275560E-02  5.160436E-01  1.573043E+00
      6766 -4.513002E-02  4.970663E-01  1.584885E+00
      6767 -6.556045E-02  4.994644E-01  1.584194E+00
      6768 -1.003865E-01  5.041268E-01  1.593383E+00
      6769 -1.363052E-01  5.100938E-01  1.602210E+00
      6770 -1.734924E-01  5.187149E-01  1.621714E+00
      6771 -2.328065E-01  5.254715E-01  1.626259E+00
      6772 -2.762543E-01  5.210624E-01  1.604820E+00
      6773 -3.248402E-01  5.241318E-01  1.596649E+00
      6774 -3.711761E-01  5.202601E-01  1.583678E+00
      6775 -4.220712E-01  5.177298E-01  1.570961E+00
      6776 -4.717394E-01  5.104331E-01  1.546778E+00
      6777 -5.200884E-01  4.997846E-01  1.512146E+00
      6778 -5.672045E-01  4.848655E-01  1.465053E+00
      6779 -6.146157E-01  4.655010E-01  1.404958E+00
      6780 -6.648014E-01  4.404534E-01  1.328819E+00
      6781 -7.180051E-01  4.094110E-01  1.237168E+00
      6782 -7.799129E-01  3.716371E-01  1.128662E+00
      6783 -8.504792E-01  3.254126E-01  1.003277E+00
      6784 -9.331669E-01  2.715267E-01  8.641388E-01
      6785 -1.028309E+00  2.098676E-01  7.162639E-01
      6786 -1.133845E+00  1.420234E-01  5.693970E-01
      6787 -1.248025E+00  7.268290E-02  4.393352E-01
      6788 -1.364827E+00  8.328222E-03  3.477935E-01
      6789 -1.474017E+00 -4.100409E-02  3.238321E-01
      6790 -1.560983E+00 -6.171921E-02  4.039578E-01
      6791 -1.604925E+00 -3.651274E-02  6.306664E-01
      6792 -1.574000E+00  6.083205E-02  1.064624E+00
      6793 -1.450725E+00  2.785694E-01  1.809775E+00
      6794 -7.128563E-01  7.898289E-01  1.975341E+00
      6795 -1.374725E+00  3.189356E-01  5.532544E-01
      7169  5.555421E-02  6.506101E+00 -1.511872E+01
      7200 -9.305668E-02  5.792424E+00  1.381969E+01
      7222 -1.374169E+00  1.739541E-03  5.857036E-01
      7223 -4.620751E-01 -1.604261E-01  1.663899E-01
      7224  4.460846E-01 -2.034070E-01 -6.808516E-01
      7225  1.075933E+00 -1.686372E-01 -8.229717E-01
      7226 -3.347467E+00  6.044166E-01  7.717270E+00
      7227 -1.745877E+00  2.330014E-01  3.730959E+00
      7228 -4.103444E-01  4.737685E-01  1.737356E+00
      7229  8.062488E-01  8.783690E-01 -3.170027E+00
      7230  1.745879E+00  1.707701E+00 -6.850090E+00
      7231  1.960056E+00 -1.345618E-02  1.006963E+00
      7232  1.274932E+00 -3.611062E-01  1.031561E+00
      7233 -1.299007E-01 -2.652774E-01  2.744754E-01
      7234 -1.607190E+00 -5.909199E-01  9.432891E-02
      7235 -1.760827E+00 -4.596312E-02 -7.138229E-01
      7236  4.285852E+00  7.070261E-01  9.799264E+00
      7237  2.284940E+00  2.197573E-01  5.315676E+00
      7238  4.887984E-01  4.692353E-01  1.359386E+00
      7239 -1.513765E+00  1.044209E+00 -4.788339E+00
      7240 -2.547963E+00  1.232438E+00 -6.864224E+00
      7241 -4.225265E+00  1.318981E+00 -9.972601E+00
      7297 -6.695221E-02  5.793162E+00 -1.343674E+01
      7330  1.306140E-01  5.152657E+00  1.229388E+01
      7350 -1.832315E+00 -5.886746E-03  9.882323E-01
      7351 -1.262402E+00 -3.375187E-01  1.125118E+00
      7352  1.847327E-02 -2.508900E-01  4.168177E-01
      7353  1.354619E+00 -5.503937E-01  2.713011E-01
      7354  1.498342E+00 -3.928820E-02 -5.634472E-01
      7355 -3.919683E+00  6.256206E-01  8.968813E+00
      7356 -2.140587E+00  1.924263E-01  4.972993E+00
      7357 -5.242111E-01  4.285003E-01  1.485447E+00
      7358  1.275997E+00  9.639367E-01 -4.013870E+00
      7359  2.173667E+00  1.136059E+00 -5.887554E+00
      7360  3.656570E+00  1.197689E+00 -8.656898E+00
      7361  1.150641E+00 -2.874066E-03  4.420553E-01
      7362  2.894038E-01 -1.446869E-01  3.468853E-02
      7363 -5.158498E-01 -1.719411E-01 -7.861411E-01
      7364 -1.048641E+00 -1.400086E-01 -8.894599E-01
      7365  2.875843E+00  5.403528E-01  6.636227E+00
      7366  1.443821E+00  2.110595E-01  3.077629E+00
      7367  2.558986E-01  4.489403E-01  1.202956E+00
      7368 -7.954946E-01  8.238156E-01 -3.118577E+00
      7369 -1.610283E+00  1.584251E+00 -6.313414E+00
     49500 -2.135295E-02  5.802085E-02  2.541483E-02
     49501 -1.254621E-02  4.892892E-02  1.870371E-02
     49502 -1.053052E-02  5.641569E-02  2.102735E-02
     49503  2.849972E-03  4.699285E-02  8.909971E-03
     49504 -9.065325E-03  6.311414E-02  2.337807E-02
     49505 -1.046430E-02  5.099607E-02  5.714947E-03
     49506 -1.235654E-02  5.778806E-02  5.895874E-03
     49507  3.730204E-05  7.749097E-02 -1.489802E-02
     49508 -8.974810E-03  5.954554E-02  5.947855E-03
     49509  8.650016E-04  6.271746E-02 -9.411061E-03
     49510 -7.916092E-03  6.764914E-02  2.502841E-02
     49511 -1.063217E-02  5.047993E-02  5.640032E-03
     49512 -1.258778E-02  5.633414E-02  5.708119E-03
     49513 -6.492062E-03  1.447660E-02  2.911553E-02
     49514  1.078403E-03  5.759381E-02 -8.998520E-03
     49515  1.126467E-03  6.586836E-02 -9.635648E-03
     49516  3.032151E-02  1.678691E-01  4.086473E-02
     49517 -2.492603E-02  8.413282E-02  5.772127E-02
     49518  1.608779E-03  2.727120E-02  5.133344E-02
     49519 -3.586047E-02  1.605628E-01  6.637410E-02
     49520 -3.037873E-02  9.203237E-02  3.931261E-02
     49521  2.911481E-03  3.418811E-02 -4.770673E-03
     49522 -1.565290E-02  4.392169E-02  1.745286E-02
     49523 -9.511009E-03  5.172834E-02  6.876623E-03
     49524 -1.239175E-02  5.785850E-02  7.366906E-03
     49525  8.945845E-04  5.057174E-02 -8.294057E-03
     49526  5.592478E-03  7.558336E-02 -1.444522E-02
     49527 -4.103206E-03  1.543967E-02  1.244801E-02
     49528  3.471701E-04  4.136144E-02 -6.471296E-03
     49529 -1.084505E-02  3.009614E-02  5.006222E-03
     49530  6.413442E-03  7.557696E-02 -1.430006E-02
     49531  1.474405E+00  1.117252E-01 -8.808939E+00
     49532  1.377797E+00  8.383840E-01 -7.290155E+00
     49533  1.621129E+00  2.604728E-01 -6.567079E+00
     49534  1.894735E+00  2.827607E-01 -8.144115E+00
     49535  1.323517E-02 -1.178044E-01 -7.546723E-01
     49536  4.637511E-03 -4.731013E-02 -1.035405E+00
     49537  8.145383E-05 -1.680943E-01 -8.379181E-01
     49538  2.344659E-02 -2.293323E-02 -1.059133E+00
     49539  1.575382E+00 -1.530215E-01 -5.377919E+00
     49540  1.509136E+00 -2.673222E-01 -4.828304E+00
     49541  1.687959E+00 -3.372089E-01 -6.529252E+00
     49542  1.711828E+00 -2.103902E-01 -6.609695E+00
     49543  1.534197E+00 -2.982503E-01 -4.192641E+00
     49544  1.454022E+00 -2.835263E-01 -3.760737E+00
     49545  1.683305E+00 -5.731473E-01 -5.032600E+00
     49546  1.761001E+00 -1.249447E-01 -6.049930E+00
     49547  1.665146E+00 -3.819752E-01 -5.104218E+00
     49548  1.479766E+00 -9.311931E-02 -3.133097E+00
     49549  1.500028E+00 -9.844148E-02 -2.745804E+00
     49550  1.773653E+00 -6.029659E-01 -3.747900E+00
     49551  1.731688E+00 -2.680546E-01 -4.688758E+00
     49552  1.655952E+00  1.479054E-01 -4.110799E+00
     49553  1.397554E+00 -1.842676E-01 -2.443724E+00
     49554  1.318676E+00 -2.012416E-01 -2.164660E+00
     49555  1.468426E+00 -4.261324E-01 -2.781032E+00
     49556  1.487449E+00 -2.561889E-01 -2.935696E+00
     49557  1.489280E+00  1.778925E-01 -3.703395E+00
     49558  1.285252E+00 -7.871470E-02 -1.746781E+00
     49559  1.249694E+00 -8.266079E-02 -1.500643E+00
     49560  1.501993E+00 -3.732795E-01 -2.124272E+00
     49561  1.510759E+00 -1.333523E-01 -2.672237E+00
     49562  1.382268E+00  5.853519E-02 -2.253025E+00
     49563  1.140941E+00 -1.281552E-01 -1.301309E+00
     49564  1.066146E+00 -1.375460E-01 -1.138676E+00
     49565  1.221361E+00 -2.455401E-01 -1.505111E+00
     49566  1.256320E+00  8.867535E-02 -1.993110E+00
     49567  1.212506E+00 -1.460540E-01 -1.567301E+00
     49568  1.003583E+00 -6.426700E-02 -8.995573E-01
     49569  9.606990E-01 -6.358603E-02 -7.796220E-01
     49570  1.170014E+00 -2.414687E-01 -1.119462E+00
     49571  1.057375E+00  1.327737E-02 -1.152842E+00
     49572  1.183585E+00 -7.548645E-02 -1.405091E+00
     49573  8.529626E-01 -7.058636E-02 -6.376645E-01
     49574  8.152434E-01 -1.098800E-01 -6.235716E-01
     49575  9.533579E-01 -1.696563E-01 -7.690840E-01
     49576  9.725496E-01  3.993946E-02 -1.024307E+00
     49577  9.064064E-01 -2.777558E-02 -8.478373E-01
     49578  7.584345E-01 -1.079121E-01 -5.316692E-01
     49579  7.031815E-01 -9.541686E-02 -4.850865E-01
     49580  8.142979E-01 -1.780292E-01 -6.473379E-01
     49581  8.075389E-01 -7.612394E-02 -6.871689E-01
     49582  8.501157E-01  4.563288E-03 -7.644462E-01
     49583  6.453591E-01 -5.183313E-02 -4.080374E-01
     49584  6.329085E-01 -5.168615E-02 -3.943656E-01
     49585  7.696381E-01 -1.850901E-01 -5.158103E-01
     49586  7.456296E-01 -5.037771E-02 -6.352203E-01
     49587  6.680837E-01 -1.806153E-02 -5.547639E-01
     49588  5.732057E-01 -9.333066E-02 -4.104324E-01
     49589  5.388514E-01 -9.411736E-02 -4.122425E-01
     49590  5.775536E-01 -1.534473E-01 -4.712808E-01
     49591  6.215640E-01 -4.655137E-03 -5.399332E-01
     49592  6.169281E-01 -5.319969E-02 -5.833024E-01
     49593  4.911769E-01 -5.219895E-02 -3.807947E-01
     49594  5.002881E-01 -5.132478E-02 -3.958232E-01
     49595  6.052683E-01 -2.007854E-01 -4.735337E-01
     49596  5.122518E-01 -2.214348E-02 -5.430687E-01
     49597  5.553255E-01 -5.834659E-02 -5.694719E-01
     49598  4.549263E-01 -1.023326E-01 -4.468199E-01
     49599  4.300702E-01 -1.024573E-01 -4.650579E-01
     49600  4.318818E-01 -1.808801E-01 -5.031019E-01
     49601  4.789514E-01 -1.219249E-02 -5.589660E-01
     49602  4.954626E-01 -5.629781E-02 -6.529641E-01
     49603  3.905881E-01 -5.626642E-02 -4.452607E-01
     49604  4.178039E-01 -5.514705E-02 -4.685058E-01
     49605  5.057766E-01 -2.288284E-01 -5.450859E-01
     49606  4.157932E-01 -2.217699E-02 -6.448952E-01
     49607  4.336065E-01 -6.881474E-02 -6.554461E-01
     49608  3.794630E-01 -1.137661E-01 -5.333672E-01
     49609  3.592752E-01 -1.138848E-01 -5.533136E-01
     49610  3.376365E-01 -2.139880E-01 -5.965236E-01
     49611  3.887417E-01 -1.441150E-02 -6.695771E-01
     49612  4.191927E-01 -6.570434E-02 -7.738750E-01
     49613  3.246278E-01 -6.140845E-02 -5.282563E-01
     49614  3.632318E-01 -6.038536E-02 -5.484787E-01
     49615  4.448125E-01 -2.569394E-01 -6.435481E-01
     49616  3.551410E-01 -2.171973E-02 -7.634809E-01
     49617  3.572389E-01 -7.832206E-02 -7.796534E-01
     49618  3.272884E-01 -1.240638E-01 -6.145525E-01
     49619  3.086001E-01 -1.244769E-01 -6.293265E-01
     49620  2.736407E-01 -2.431403E-01 -6.882738E-01
     49621  3.297877E-01 -1.505632E-02 -7.850475E-01
     49622  3.670633E-01 -7.535238E-02 -8.811962E-01
     49623  2.754605E-01 -6.651705E-02 -5.923565E-01
     49624  3.206302E-01 -6.587005E-02 -6.049582E-01
     49625  4.012933E-01 -2.791188E-01 -7.235265E-01
     49626  3.037881E-01 -8.464080E-02 -8.842209E-01
     49627  3.105522E-01 -2.239923E-02 -8.527106E-01
     49628  2.833549E-01 -1.323151E-01 -6.666170E-01
     49629  2.638532E-01 -1.319926E-01 -6.742041E-01
     49630  2.228886E-01 -2.652253E-01 -7.498626E-01
     49631  2.851389E-01 -1.618308E-02 -8.662559E-01
     49632  3.223470E-01 -8.250392E-02 -9.485566E-01
     49633  2.242254E-01 -6.904182E-02 -6.226519E-01
     49634  2.550799E-01 -1.294732E-01 -7.008782E-01
     49635  3.638804E-01 -2.877184E-01 -7.662990E-01
     49636  2.696304E-01 -2.947317E-02 -8.967729E-01
     49637  2.571697E-01 -8.857015E-02 -9.471408E-01
     49638  1.783827E-01 -7.670249E-02 -6.308404E-01
     49639  2.229251E-01 -1.616112E-01 -7.515549E-01
     49640  3.698698E-01 -3.469128E-01 -7.810915E-01
     49641  2.289881E-01 -3.991185E-03 -9.196124E-01
     49642  2.414133E-01 -7.231107E-02 -9.101016E-01
     49643  2.102680E-01 -1.591278E-01 -7.046823E-01
     49644  1.834001E-01 -1.396459E-01 -7.011355E-01
     49645  2.358866E-01 -3.188736E-01 -8.425720E-01
     49646  1.978168E-01 -4.710096E-03 -9.582103E-01
     49647  2.355912E-01 -1.046777E-01 -9.774282E-01
     49648  1.402992E-01 -7.374649E-02 -6.415988E-01
     49649  1.724913E-01 -1.347971E-01 -7.227282E-01
     49650  2.843955E-01 -2.946500E-01 -7.901024E-01
     49651  1.864636E-01 -3.079435E-02 -9.232784E-01
     49652  1.751020E-01 -8.530659E-02 -9.875595E-01
     49653  8.912928E-02 -8.066137E-02 -6.522722E-01
     49654  1.344057E-01 -1.675349E-01 -7.789169E-01
     49655  2.831931E-01 -3.583394E-01 -8.041918E-01
     49656  1.432833E-01 -8.167341E-03 -9.470217E-01
     49657  1.523655E-01 -7.573523E-02 -9.363700E-01
     49658  1.210942E-01 -1.642122E-01 -7.328482E-01
     49659  9.379281E-02 -1.406604E-01 -7.294633E-01
     49660  1.457329E-01 -3.276233E-01 -8.726395E-01
     49661  1.032837E-01 -7.343346E-03 -9.907494E-01
     49662  1.383335E-01 -1.068784E-01 -1.011453E+00
     49663  4.815556E-02 -7.454319E-02 -6.747492E-01
     49664  8.205220E-02 -1.381895E-01 -7.720319E-01
     49665  1.875330E-01 -3.045849E-01 -8.347160E-01
     49666  9.363891E-02 -3.251697E-02 -9.749020E-01
     49667  7.847811E-02 -9.061748E-02 -1.026845E+00
     49668  2.756351E-03 -8.153067E-02 -7.036824E-01
     49669  5.348606E-02 -1.428426E-01 -8.160082E-01
     49670  1.888238E-01 -3.599251E-01 -8.456429E-01
     49671  4.999464E-02 -1.456584E-02 -1.002145E+00
     49672  7.128821E-02 -8.178270E-02 -9.964988E-01
     49673 -3.018503E-02 -1.054494E-01 -7.147974E-01
     49674  2.093262E-02 -1.714532E-01 -8.213836E-01
     49675  1.957592E-01 -4.281999E-01 -8.640327E-01
     49676  4.793693E-02 -1.353566E-01 -1.029146E+00
     49677  1.370793E-02 -1.123277E-02 -1.035360E+00
     49678  3.006337E-02 -1.593982E-01 -8.031373E-01
     49679  7.585295E-04 -1.668418E-01 -8.196473E-01
     49680  3.779972E-02 -3.230248E-01 -9.375492E-01
     49681  4.129366E-02 -1.248409E-01 -1.099111E+00
     49682 -1.146467E-02 -5.776743E-02 -1.099776E+00
     49683  5.701114E-03 -2.926542E-01 -9.647096E-01
     49684 -1.764794E-02 -9.080014E-02 -1.119985E+00
     51543  7.572137E-03  2.224874E-01  7.383598E-03
     51544  2.008896E-03  1.667969E-02  4.813300E-02
     51545  3.150863E-03  1.169870E-02  3.799259E-02
     51546 -2.363193E-03  6.836395E-02 -1.404356E-02
     51547 -5.730415E-03  3.682761E-02 -6.798052E-03
     51548 -1.522029E-03  1.446592E-02  1.124218E-02
     51549 -2.675644E-03  9.053565E-02 -2.074702E-02
     51550 -3.059342E-03  6.066384E-02 -1.250343E-02
     51551 -2.333483E-03  1.992373E-02  4.876457E-03
     51552  1.451255E-03  9.607704E-02 -2.238715E-02
     51553 -4.149584E-03  4.853264E-02  4.558551E-03
     51554 -3.173307E-03  5.537899E-02 -1.143703E-02
     51555  7.136734E-04  1.000045E-01 -2.196863E-02
     51556  6.409110E-04  1.012058E-01 -2.724685E-02
     51557 -2.726747E-03  6.480130E-02 -1.329602E-02
     51558 -1.923540E-03  4.144325E-02 -6.523822E-03
     51559 -3.271443E-03  2.649076E-02 -2.827755E-04
     51560 -3.653401E-04  7.352138E-02 -1.492875E-02
     51561 -3.401362E-03  3.881296E-02 -7.104712E-03
     51562  1.044202E-03  9.087103E-02 -2.062904E-02
     51563  1.100638E-03  9.492683E-03  2.792259E-02
     51564 -2.143006E-03  9.981418E-02 -2.732229E-02
     51565 -1.624500E-03  7.475614E-02 -1.558036E-02
     51566 -6.108921E-03  8.200044E-02 -1.791835E-02
     51567 -3.060219E-04  7.700395E-02 -1.559831E-02
     51568 -1.113509E-03  7.613043E-02 -1.584701E-02
     51569 -3.483230E-03  5.090990E-02 -1.047544E-02
     51570 -2.051216E-03  7.210698E-02 -1.491386E-02
     51571  1.558053E-04  7.732984E-02 -1.609465E-02
     51572 -4.432219E-03 -1.746050E-02  7.702635E-02
     51573 -5.969282E-04  1.056991E-02  1.892527E-02
     51574 -1.985794E-02 -5.586868E-02 -1.036491E+00
     51575 -2.678033E-02 -1.169252E-01 -7.545299E-01
     51576 -1.420924E-02 -1.671064E-01 -8.287307E-01
     51577 -3.026223E-02 -3.407166E-02 -1.054605E+00
     51578 -1.249041E+00  7.915435E-01 -6.515862E+00
     51579 -1.366060E+00  6.268995E-02 -7.865682E+00
     51580 -1.639355E+00  1.429206E-01 -5.587131E+00
     51581 -1.604382E+00  5.777568E-01 -7.640945E+00
     51582 -1.311468E-02 -1.774766E-01 -8.231273E-01
     51583 -4.671881E-02 -1.782232E-01 -8.238634E-01
     51584 -3.082968E-02 -2.971372E-01 -9.648982E-01
     51585  5.603527E-03 -1.119262E-01 -1.118608E+00
     51586 -3.739855E-02 -1.598356E-01 -7.907111E-01
     51587 -5.880325E-02 -1.621719E-01 -7.836048E-01
     51588 -2.151106E-02 -3.242281E-01 -9.346998E-01
     51589 -8.653057E-02 -7.274458E-02 -1.136547E+00
     51590 -3.256205E-02 -1.433477E-01 -1.100906E+00
     51591 -5.245358E-02 -1.655860E-01 -7.949997E-01
     51592 -8.092357E-02 -1.630629E-01 -7.612484E-01
     51593 -7.144282E-02 -3.195915E-01 -9.163324E-01
     51594 -3.010827E-02 -8.036872E-02 -1.105228E+00
     51595 -6.704533E-02 -1.431454E-01 -1.094624E+00
     51596 -7.658829E-02 -1.625111E-01 -7.713129E-01
     51597 -1.083265E-01 -1.588291E-01 -7.418323E-01
     51598 -9.256646E-02 -3.199824E-01 -8.930005E-01
     51599 -9.828541E-02 -1.429605E-01 -1.054487E+00
     51600 -5.463351E-02 -7.536582E-02 -1.072828E+00
     51601 -9.896908E-02 -1.630471E-01 -7.508114E-01
     51602 -1.392293E-01 -1.668559E-01 -7.405909E-01
     51603 -1.206612E-01 -3.190983E-01 -8.708429E-01
     51604 -7.715931E-02 -9.644627E-02 -1.044065E+00
     51605 -1.255632E-01 -1.344403E-01 -1.027466E+00
     51606 -1.361474E-01 -1.521415E-01 -7.088645E-01
     51607 -1.648404E-01 -1.586874E-01 -7.062012E-01
     51608 -1.202695E-01 -3.119045E-01 -8.442105E-01
     51609 -1.798329E-01 -8.762300E-02 -1.040998E+00
     51610 -1.367053E-01 -1.288626E-01 -9.997934E-01
     51611 -1.618742E-01 -1.545308E-01 -7.125733E-01
     51612 -1.936098E-01 -1.517204E-01 -6.799109E-01
     51613 -1.757299E-01 -3.117187E-01 -8.265101E-01
     51614 -1.818920E-01 -1.329171E-01 -9.987335E-01
     51615 -1.479776E-01 -7.607430E-02 -1.001807E+00
     51616 -1.970823E-01 -1.503978E-01 -6.950856E-01
     51617 -2.269940E-01 -1.485641E-01 -6.705419E-01
     51618 -2.110193E-01 -3.044689E-01 -8.015783E-01
     51619 -2.159947E-01 -1.224930E-01 -9.586429E-01
     51620 -1.839877E-01 -6.844103E-02 -9.763367E-01
     51621 -2.284915E-01 -1.435859E-01 -6.814728E-01
     51622 -2.564764E-01 -1.474220E-01 -6.623519E-01
     51623 -2.397404E-01 -2.994915E-01 -7.898520E-01
     51624 -2.194890E-01 -7.315408E-02 -9.622837E-01
     51625 -2.495417E-01 -1.193346E-01 -9.422188E-01
     51626 -2.579525E-01 -1.398126E-01 -6.720648E-01
     51627 -2.852731E-01 -1.425519E-01 -6.513177E-01
     51628 -2.689474E-01 -2.967442E-01 -7.800782E-01
     51629 -2.513523E-01 -7.218506E-02 -9.470468E-01
     51630 -2.826466E-01 -1.201568E-01 -9.338781E-01
     51631 -2.858895E-01 -1.372763E-01 -6.618379E-01
     51632 -3.121814E-01 -1.421097E-01 -6.414695E-01
     51633 -2.984650E-01 -2.899342E-01 -7.677901E-01
     51634 -3.126402E-01 -1.131570E-01 -9.198369E-01
     51635 -2.818351E-01 -7.517317E-02 -9.340266E-01
     51636 -3.113602E-01 -1.353579E-01 -6.500055E-01
     51637 -3.373626E-01 -1.390667E-01 -6.262703E-01
     51638 -3.244514E-01 -2.856606E-01 -7.552071E-01
     51639 -3.084971E-01 -7.194640E-02 -9.147859E-01
     51640 -3.420516E-01 -1.156082E-01 -9.076031E-01
     51641 -3.360451E-01 -1.306419E-01 -6.308795E-01
     51642 -3.613443E-01 -1.348698E-01 -6.052070E-01
     51643 -3.481260E-01 -2.773320E-01 -7.350686E-01
     51644 -3.683801E-01 -1.121320E-01 -8.860566E-01
     51645 -3.344284E-01 -7.022487E-02 -8.864033E-01
     51646 -3.601565E-01 -1.248251E-01 -6.046353E-01
     51647 -3.849963E-01 -1.292868E-01 -5.759956E-01
     51648 -3.706409E-01 -2.671156E-01 -7.072507E-01
     51649 -3.595384E-01 -6.801194E-02 -8.479483E-01
     51650 -3.927247E-01 -1.075992E-01 -8.570425E-01
     51651 -3.856983E-01 -1.183636E-01 -5.706450E-01
     51652 -4.107669E-01 -1.240089E-01 -5.406540E-01
     51653 -3.938248E-01 -2.543962E-01 -6.701247E-01
     51654 -4.162286E-01 -1.009243E-01 -8.175683E-01
     51655 -3.865670E-01 -6.556504E-02 -7.993300E-01
     51656 -4.141123E-01 -1.121378E-01 -5.314694E-01
     51657 -4.407917E-01 -1.178505E-01 -5.000165E-01
     51658 -4.198912E-01 -2.415075E-01 -6.267887E-01
     51659 -4.166210E-01 -6.183916E-02 -7.431741E-01
     51660 -4.418593E-01 -9.470036E-02 -7.691964E-01
     51661 -4.492899E-01 -1.047813E-01 -4.891343E-01
     51662 -4.783000E-01 -1.115040E-01 -4.601850E-01
     51663 -4.512439E-01 -2.260009E-01 -5.781509E-01
     51664 -4.722860E-01 -8.740994E-02 -7.133644E-01
     51665 -4.542640E-01 -5.730590E-02 -6.824919E-01
     51666 -4.928235E-01 -9.972678E-02 -4.528593E-01
     51667 -5.260021E-01 -1.067253E-01 -4.293887E-01
     51668 -4.925008E-01 -2.108954E-01 -5.329827E-01
     51669 -5.100550E-01 -8.033443E-02 -6.564981E-01
     51670 -5.027082E-01 -5.316398E-02 -6.282764E-01
     51671 -5.480130E-01 -9.508431E-02 -4.297017E-01
     51672 -5.867727E-01 -1.043183E-01 -4.272587E-01
     51673 -5.451317E-01 -1.977895E-01 -5.009750E-01
     51674 -5.649614E-01 -5.181665E-02 -5.849213E-01
     51675 -5.598575E-01 -7.612852E-02 -6.088839E-01
     51676 -6.173796E-01 -9.278209E-02 -4.288222E-01
     51677 -6.610043E-01 -1.018478E-01 -4.491352E-01
     51678 -6.033065E-01 -1.872296E-01 -4.952584E-01
     51679 -6.329022E-01 -4.800455E-02 -5.969484E-01
     51680 -6.535957E-01 -7.154752E-02 -5.681053E-01
     51681 -6.998995E-01 -9.543778E-02 -4.787771E-01
     51682 -7.510047E-01 -1.032767E-01 -5.126369E-01
     51683 -6.890918E-01 -1.743873E-01 -5.291704E-01
     51684 -7.492725E-01 -6.714872E-02 -6.212318E-01
     51685 -7.074049E-01 -4.757444E-02 -6.126490E-01
     51686 -7.957496E-01 -1.033124E-01 -5.917133E-01
     51687 -8.572208E-01 -1.110167E-01 -6.505951E-01
     51688 -7.996852E-01 -1.681640E-01 -6.215849E-01
     51689 -7.949546E-01 -7.840208E-02 -6.698461E-01
     51690 -8.561278E-01 -4.874280E-02 -7.493395E-01
     51691 -9.057626E-01 -1.175714E-01 -7.768097E-01
     51692 -9.766458E-01 -1.243503E-01 -8.751898E-01
     51693 -9.192135E-01 -1.763226E-01 -7.965837E-01
     51694 -9.893639E-01 -5.648288E-02 -9.642155E-01
     51695 -9.133866E-01 -9.130613E-02 -8.152612E-01
     51696 -1.024550E+00 -1.392144E-01 -1.058732E+00
     51697 -1.103960E+00 -1.452526E-01 -1.205000E+00
     51698 -1.053367E+00 -1.940877E-01 -1.072718E+00
     51699 -1.137451E+00 -7.277314E-02 -1.301101E+00
     51700 -1.042450E+00 -1.115639E-01 -1.069826E+00
     51701 -1.143531E+00 -1.696766E-01 -1.455525E+00
     51702 -1.229108E+00 -1.741425E-01 -1.655674E+00
     51703 -1.194944E+00 -2.271796E-01 -1.471943E+00
     51704 -1.181997E+00 -1.425699E-01 -1.454444E+00
     51705 -1.291097E+00 -9.889990E-02 -1.783787E+00
     51706 -1.250034E+00 -2.082613E-01 -1.979185E+00
     51707 -1.337583E+00 -2.096708E-01 -2.235797E+00
     51708 -1.332036E+00 -2.782027E-01 -2.010678E+00
     51709 -1.435387E+00 -1.344801E-01 -2.429999E+00
     51710 -1.320728E+00 -1.862784E-01 -1.990581E+00
     51711 -1.328079E+00 -2.522278E-01 -2.634075E+00
     51712 -1.411679E+00 -2.480862E-01 -2.943079E+00
     51713 -1.449187E+00 -3.469460E-01 -2.697544E+00
     51714 -1.553028E+00 -1.819577E-01 -3.249211E+00
     51715 -1.442545E+00 -2.394345E-01 -2.692778E+00
     51716 -1.368090E+00 -2.943026E-01 -3.419343E+00
     51717 -1.447632E+00 -2.803263E-01 -3.778786E+00
     51718 -1.533453E+00 -4.313756E-01 -3.537070E+00
     51719 -1.636753E+00 -2.554452E-01 -4.242716E+00
     51720 -1.527892E+00 -3.008403E-01 -3.563723E+00
     51721 -1.419070E+00 -2.664187E-01 -4.350357E+00
     51722 -1.484301E+00 -1.280290E-01 -4.807148E+00
     51723 -1.570832E+00 -5.245734E-01 -4.544119E+00
     51724 -1.570046E+00 -3.731515E-01 -4.607924E+00
     51725 -1.715457E+00 -3.766276E-01 -5.439792E+00
     51726 -1.446189E+00 -6.307635E-01 -5.583979E+00
     51727 -1.565351E+00 -5.244071E-01 -5.842524E+00
     57626 -3.788789E-01  2.444443E+00  9.502188E-01
     57627  1.141277E+00 -1.487088E-01 -4.596784E-01
     57628 -1.740503E+00  1.082798E+00 -1.592326E-02
     57629  4.190854E-02  5.332694E-01  2.813488E-02
     57630  9.814467E-01  1.422524E-01 -5.078078E-01
     57631  2.477503E-01 -1.162005E+01  5.985240E+01
     57632 -2.050160E+00 -1.204561E+01  5.522841E+01
     57633  2.964784E+00 -8.618161E+00  4.980115E+01
     57634 -1.227528E+00 -7.331519E+00  1.340142E+01
     57635  1.024093E-01 -8.210489E+00  1.651230E+01
     57636 -4.785813E-01 -8.618477E+00  1.391627E+01
     57637 -1.882759E+00 -6.835970E+00  1.033493E+01
     57638 -4.646089E+00 -1.006752E+01  4.563154E+01
     57639  1.754291E-01 -8.944398E+00  1.751617E+01
     57640  3.715632E-01 -9.419217E+00  2.122199E+01
     57641 -1.947334E-01 -8.752250E+00  1.269201E+01
     57642  1.089794E+00 -9.615543E+00  2.488206E+01
     57643  9.460818E-01 -9.699499E+00  2.929281E+01
     57644  2.113439E-01 -9.435726E+00  1.972148E+01
     57645  7.560277E-01 -9.770610E+00  3.410357E+01
     57646 -1.027729E+00 -1.002030E+01  3.881360E+01
     57647 -8.247642E-01 -9.893009E+00  2.870780E+01
     57648 -1.705269E+00 -1.055452E+01  4.289452E+01
     57649 -1.238870E+00 -7.961641E+00  1.387184E+01
     57650 -2.082708E+00 -8.707532E+00  1.093819E+01
     57651 -7.298336E-01 -9.323254E+00  2.248816E+01
     57652 -4.213976E+00 -9.648781E+00  1.657330E+01
     57653 -1.940597E+00 -9.600843E+00  3.421823E+01
     57654 -3.305219E+00 -1.007788E+01  2.918524E+01
     63953 -1.072383E+00 -1.170002E-01 -4.020599E-01
     63954  1.567390E+00  9.904853E-01 -9.945211E-03
     63955 -4.966421E-02  4.556589E-01 -4.370615E-02
     63956 -9.202390E-01  1.263561E-01 -4.734386E-01
     63957  3.183750E-01  2.212092E+00  8.620283E-01
     63958 -7.046095E-02 -7.581100E+00  1.531659E+01
     63959  1.132487E+00 -6.798139E+00  1.231235E+01
     63960  1.760092E+00 -6.250065E+00  9.612769E+00
     63961  1.995964E+00 -1.096085E+01  5.012324E+01
     63962 -1.121655E-01 -1.059692E+01  5.470836E+01
     63963  4.324261E+00 -9.233454E+00  4.133657E+01
     63964  5.157814E-01 -7.945168E+00  1.300340E+01
     63965 -2.603083E+00 -7.802435E+00  4.568903E+01
     63966  1.979557E+00 -8.096938E+00  9.652914E+00
     63967  1.301251E+00 -7.303013E+00  1.249463E+01
     63968  1.482585E-01 -8.040532E+00  1.165822E+01
     63969  3.965764E+00 -8.842010E+00  1.493389E+01
     63970  7.830865E-01 -8.515358E+00  2.034224E+01
     63971 -1.350215E-01 -8.632229E+00  1.810368E+01
     63972  3.062916E+00 -9.218572E+00  2.638514E+01
     63973  1.854473E+00 -8.774717E+00  3.096497E+01
     63974  7.973208E-01 -9.041403E+00  2.628303E+01
     63975  1.597677E+00 -9.635940E+00  3.915378E+01
     63976 -2.939782E-01 -8.660215E+00  1.977342E+01
     63977 -1.221005E-01 -8.223484E+00  1.640593E+01
     63978 -8.106251E-01 -8.896039E+00  2.709344E+01
     63979 -9.358074E-01 -8.812105E+00  2.308907E+01
     63980  1.052195E+00 -9.194376E+00  3.570283E+01
     63981 -5.863060E-01 -8.918901E+00  3.146495E+01
     69741 -1.562283E-01  2.297769E-01  1.192049E-02
     69742  1.381255E-01  2.117162E-01  1.418497E-02
     69743  2.381818E-01  3.138796E-01 -2.684147E-01
     69744 -2.538440E-01  3.680160E-01 -2.779537E-01
     69745  2.972584E+00  6.421411E-01 -8.904376E+00
     69746  3.044941E+00  3.311510E-01 -4.185007E+00
     69747  2.813527E+00 -9.879619E-03 -6.720376E+00
     69748 -2.145948E-02 -3.183006E-01  8.242578E-01
     69749  1.266542E-02 -3.025087E-01  7.704064E-01
     69750 -2.484983E-02 -3.198327E-01  8.266153E-01
     69751 -5.514932E-02 -2.978806E-01  7.701720E-01
     69752 -2.838262E+00  3.291741E-01 -3.789368E+00
     69753 -2.765204E+00  6.115016E-01 -8.005216E+00
     69754 -2.611787E+00 -2.472624E-02 -6.092510E+00
     69755  3.105903E+00 -6.606485E-01 -1.042907E+00
     69756 -2.900647E+00 -5.889967E-01 -9.837996E-01
     69757  2.031263E+00 -9.554086E-01 -3.931380E+00
     69758  2.815260E+00 -1.334051E+00 -3.915817E+00
     69759  2.579423E+00 -1.040621E+00 -1.986319E+00
     69760  1.519692E+00 -8.134317E-01  5.504016E-01
     69761  3.419664E+00 -2.031435E+00 -2.241914E+00
     69762  3.032058E+00 -2.136056E+00 -2.844471E+00
     69763  1.727879E+00 -7.199168E-01  1.124560E+00
     69764  3.579857E+00 -1.744453E+00 -2.048605E+00
     69765  3.748150E+00 -2.139733E+00 -1.979031E+00
     69766  3.581722E+00 -1.359742E+00 -1.654131E+00
     69767  3.724458E+00 -1.663274E+00 -1.705394E+00
     69768  3.417129E+00 -1.076752E+00 -1.272953E+00
     69769  3.561750E+00 -1.249144E+00 -1.360071E+00
     69770  3.303282E+00 -8.949723E-01 -9.815349E-01
     69771  3.186058E+00 -7.850619E-01 -8.468119E-01
     69772  2.993801E+00 -6.205180E-01 -6.253412E-01
     69773  2.899305E+00 -5.890142E-01 -4.934648E-01
     69774  2.679385E+00 -4.120935E-01 -2.988445E-01
     69775  2.608921E+00 -4.134694E-01 -1.685656E-01
     69776  2.380876E+00 -2.551229E-01 -2.291250E-02
     69777  2.332675E+00 -2.913416E-01  1.051551E-01
     69778  2.110387E+00 -1.729547E-01  1.978881E-01
     69779  2.078400E+00 -2.328936E-01  2.963702E-01
     69780  1.869305E+00 -1.077420E-01  3.840108E-01
     69781  1.868817E+00 -1.758796E-01  4.723595E-01
     69782  1.673895E+00 -9.579936E-02  5.061788E-01
     69783  1.674665E+00 -1.686549E-01  5.701468E-01
     69784  1.500327E+00 -7.722322E-02  6.171358E-01
     69785  1.526196E+00 -1.495188E-01  6.740713E-01
     69786  1.366019E+00 -1.013650E-01  6.746186E-01
     69787  1.383513E+00 -1.701879E-01  7.122626E-01
     69788  1.240148E+00 -1.003118E-01  7.409856E-01
     69789  1.279290E+00 -1.654070E-01  7.750649E-01
     69790  1.145383E+00 -1.375082E-01  7.607386E-01
     69791  1.169042E+00 -1.958026E-01  7.805444E-01
     69792  1.046339E+00 -1.366963E-01  8.049846E-01
     69793  1.089978E+00 -1.900456E-01  8.249379E-01
     69794  9.701685E-01 -1.726297E-01  8.068489E-01
     69795  9.945013E-01 -2.194336E-01  8.164548E-01
     69796  8.796806E-01 -1.650699E-01  8.432227E-01
     69797  9.254688E-01 -2.082261E-01  8.560282E-01
     69798  8.070764E-01 -1.921032E-01  8.481602E-01
     69799  8.414817E-01 -2.192180E-01  8.686266E-01
     69800  7.252169E-01 -1.937931E-01  8.773565E-01
     69801  7.329023E-01 -2.134804E-01  8.732916E-01
     69802  6.216358E-01 -1.858507E-01  8.891938E-01
     69803  6.531413E-01 -2.184999E-01  8.906001E-01
     69804  5.384157E-01 -2.165174E-01  8.729762E-01
     69805  5.675051E-01 -2.316451E-01  8.850229E-01
     69806  4.497173E-01 -2.176063E-01  8.869119E-01
     69807  4.505872E-01 -2.285269E-01  8.755255E-01
     69808  3.424404E-01 -2.141171E-01  8.823567E-01
     69809  3.687391E-01 -2.362280E-01  8.732661E-01
     69810  2.896448E-01 -2.589327E-01  8.423024E-01
     69811  2.652675E-01 -2.530364E-01  8.417800E-01
     69812  1.894081E-01 -2.553005E-01  8.308786E-01
     69813  1.965131E-01 -2.771278E-01  8.212448E-01
     69814  1.049534E-01 -2.620018E-01  8.133240E-01
     69815  1.274139E-01 -2.834205E-01  7.973961E-01
     69816  5.601327E-02 -2.721113E-01  7.912691E-01
     69817  6.325505E-02 -2.751414E-01  7.866899E-01
     69818 -1.128999E-01 -2.803906E-01  7.873893E-01
     69819 -9.533218E-02 -2.712164E-01  7.970014E-01
     69820 -1.689444E-01 -2.742261E-01  8.104870E-01
     69821 -1.604655E-01 -2.628829E-01  8.211988E-01
     69822 -2.258447E-01 -2.446659E-01  8.527789E-01
     69823 -2.386458E-01 -2.617086E-01  8.401685E-01
     69824 -3.048629E-01 -2.333726E-01  8.894201E-01
     69825 -3.171150E-01 -2.514716E-01  8.724707E-01
     69826 -4.017061E-01 -2.082111E-01  9.260390E-01
     69827 -3.979511E-01 -2.330061E-01  9.165329E-01
     69828 -4.909364E-01 -1.995029E-01  9.218258E-01
     69829 -5.064829E-01 -2.249923E-01  9.254944E-01
     69830 -5.837102E-01 -1.762624E-01  9.291639E-01
     69831 -6.026626E-01 -2.078800E-01  9.310701E-01
     69832 -6.799118E-01 -1.667803E-01  9.271947E-01
     69833 -7.018873E-01 -1.980400E-01  9.324992E-01
     69834 -7.767412E-01 -1.578739E-01  9.236819E-01
     69835 -7.963100E-01 -1.952620E-01  9.320905E-01
     69836 -8.735929E-01 -1.513432E-01  9.095817E-01
     69837 -8.939478E-01 -1.910974E-01  9.244039E-01
     69838 -9.660899E-01 -1.447943E-01  8.874557E-01
     69839 -9.882579E-01 -1.890115E-01  9.075445E-01
     69840 -1.055576E+00 -1.374435E-01  8.586144E-01
     69841 -1.079088E+00 -1.853425E-01  8.838383E-01
     69842 -1.143748E+00 -1.282024E-01  8.247015E-01
     69843 -1.167159E+00 -1.803338E-01  8.548729E-01
     69844 -1.233836E+00 -1.163102E-01  7.856891E-01
     69845 -1.255475E+00 -1.733211E-01  8.213629E-01
     69846 -1.329666E+00 -1.042710E-01  7.388897E-01
     69847 -1.349790E+00 -1.658605E-01  7.810525E-01
     69848 -1.438400E+00 -9.144822E-02  6.831521E-01
     69849 -1.453203E+00 -1.581285E-01  7.331933E-01
     69850 -1.566300E+00 -8.494215E-02  6.104533E-01
     69851 -1.574963E+00 -1.540477E-01  6.711671E-01
     69852 -1.718619E+00 -8.772349E-02  5.151525E-01
     69853 -1.718347E+00 -1.585980E-01  5.885621E-01
     69854 -1.902112E+00 -1.069647E-01  3.876667E-01
     69855 -1.889390E+00 -1.748438E-01  4.781198E-01
     69856 -2.117868E+00 -1.567334E-01  2.196063E-01
     69857 -2.087950E+00 -2.140965E-01  3.255657E-01
     69858 -2.363057E+00 -2.413338E-01  9.569806E-03
     69859 -2.314516E+00 -2.823890E-01  1.290620E-01
     69860 -2.634399E+00 -3.690541E-01 -2.439302E-01
     69861 -2.565511E+00 -3.844978E-01 -1.128681E-01
     69862 -2.919892E+00 -5.534533E-01 -5.407064E-01
     69863 -2.827890E+00 -5.291096E-01 -4.056858E-01
     69864 -3.197176E+00 -7.994280E-01 -8.705601E-01
     69865 -3.082967E+00 -7.197833E-01 -7.426452E-01
     69866 -3.432576E+00 -1.110034E+00 -1.215021E+00
     69867 -3.300367E+00 -9.571462E-01 -1.110433E+00
     69868 -3.579025E+00 -1.483022E+00 -1.541651E+00
     69869 -3.439120E+00 -1.235394E+00 -1.485413E+00
     69870 -3.597422E+00 -1.902599E+00 -1.787223E+00
     69871 -3.444984E+00 -1.542843E+00 -1.821748E+00
     69872 -2.889523E+00 -1.914805E+00 -2.564323E+00
     69873 -3.280066E+00 -1.835201E+00 -2.033507E+00
     69874 -2.665784E+00 -1.235708E+00 -3.490656E+00
     69875 -1.952807E+00 -8.704242E-01 -3.562023E+00
     69876 -1.667298E+00 -6.429524E-01  1.019304E+00
     69877 -2.444221E+00 -9.362612E-01 -1.789174E+00
     69878 -1.488047E+00 -7.223801E-01  5.067501E-01
     70746  2.167835E-01  1.144354E-01 -1.361493E-01
     70747 -1.596265E-01  4.868578E-01  4.110485E-01
     70748  2.461170E-02  4.838931E-01 -1.510875E-01
     70749  9.765189E-02  2.750660E-01 -1.264643E-01
     70750  7.727312E-01  1.293469E+00 -6.977488E+00
     70751  7.074507E-01  1.537584E+00 -1.330106E+01
     70752  1.708565E+00  2.165395E+00 -8.885832E+00
     70753  1.000432E+00  1.287406E+00 -7.154670E+00
     70754  2.643044E-01  1.079315E+00 -6.703757E+00
     70755 -4.170089E-01  2.806073E+00 -1.767159E+01
     70756  2.969199E-01  4.071157E+00 -1.212266E+01
     70757 -8.399541E-02  3.456385E+00 -1.024258E+01
     70758 -6.463428E-01  2.743769E+00 -1.149246E+01
     70759 -1.140947E+00  2.266815E+00 -1.162366E+01
     70760  2.259113E-01  2.038777E+00  1.658336E+01
     70761 -5.207319E-01  1.854855E+00  1.493223E+01
     70762 -9.838272E-01  1.222369E+00  9.963145E+00
     70763  9.036749E-01  1.408936E+00  1.193504E+01
     70764 -1.465288E-02  1.058696E+00  6.465446E+00
     70765 -7.445938E-01  7.294007E-01  5.485484E+00
     70766 -1.901853E-01  4.510605E-01  7.534147E+00
     70767 -5.257057E-01  1.691708E+00  5.063856E+00
     70768 -8.964149E-01  1.611878E+00  2.610924E+00
     70769  4.615886E-01  7.853811E-01  7.113238E+00
     70770 -4.081042E-01  2.189273E+00 -1.944256E+00
     70771 -7.762025E-01  2.360344E+00 -6.490983E+00
     70772 -2.822550E-01  1.169569E+00  8.288353E+00
     70773 -3.319701E-01  2.418707E+00 -9.578363E+00
     71530 -2.197031E-01  9.658425E-02 -1.506894E-01
     71531  1.386516E-01  4.387181E-01  3.554877E-01
     71532 -6.446271E-02  4.313609E-01 -1.359463E-01
     71533 -1.119215E-01  2.499156E-01 -1.283696E-01
     71534 -6.794373E-01  1.376264E+00 -1.182207E+01
     71535 -7.224984E-01  1.173395E+00 -6.211996E+00
     71536 -9.355366E-01  1.182243E+00 -6.371109E+00
     71537 -1.557691E+00  2.022300E+00 -7.927907E+00
     71538 -2.671206E-01  9.968963E-01 -5.929035E+00
     71539  3.549057E-01  2.514804E+00 -1.556959E+01
     71540 -1.895443E-01  3.747957E+00 -1.088805E+01
     71541  1.786286E-01  3.192514E+00 -9.143577E+00
     71542  5.795717E-01  2.511956E+00 -1.006010E+01
     71543  1.005570E+00  2.051026E+00 -1.017374E+01
     71544  5.233146E-01  1.658482E+00  1.310872E+01
     71545 -1.299495E-01  1.813058E+00  1.493508E+01
     71546 -7.677404E-01  1.277403E+00  1.079721E+01
     71547  9.019176E-01  1.076400E+00  8.678799E+00
     71548  3.276496E-01  1.050250E+00  7.535666E+00
     71549 -3.751298E-01  7.170592E-01  6.489330E+00
     71550  1.545550E-01  4.001705E-01  6.679798E+00
     71551  9.390555E-01  1.453835E+00  2.249079E+00
     71552  5.095000E-01  2.033492E+00 -1.801436E+00
     71553  6.269433E-01  1.568194E+00  4.357015E+00
     71554  7.119859E-01  6.377603E-01  4.657518E+00
     71555  8.093172E-01  2.157911E+00 -5.840630E+00
     71556  3.361736E-01  2.196531E+00 -8.382663E+00
     71557  5.651475E-02  9.446819E-01  5.566711E+00

 total force (fx,fy,fz) for set FEET and time  0.3000000E+01

        2.078812E-09 -3.000000E+02  1.200000E+03

                        S T E P       4


                                INCREMENT     1


 displacements (vx,vy,vz) for set TOP and time  0.4000000E+01

     35037 -5.483725E-03  1.861193E-01 -1.827940E-01
     35822 -1.270742E-03  1.992967E-01 -1.890853E-01
     37264 -1.000415E-02  1.475544E-01 -1.578166E-01
     43694  2.622036E-03  1.992601E-01 -1.907690E-01
     46347  7.082147E-03  1.445273E-01 -1.505719E-01

 forces (fx,fy,fz) for set FEET and time  0.4000000E+01

       151 -1.458074E-01  1.593130E-01 -1.107872E+00
       155  3.530971E-01  4.048288E+00 -4.264753E+00
       156 -9.904463E-03 -5.460812E-02 -8.511965E-01
       160  1.302995E-03  4.987687E-01 -2.570771E-01
       161  1.220256E-01  1.462195E-01 -9.730580E-01
       165 -3.111509E-01  3.655420E+00 -3.843163E+00
       194  6.092895E+00  3.900615E+00  8.259620E+00
       195  5.114059E-01 -5.519026E-01  7.489075E-01
       196 -3.769822E-01 -2.649595E-01  5.344910E-01
       197 -6.466418E+00  3.208584E+00  7.197105E+00
       221  3.333724E-01 -2.308980E-01  4.837540E-01
       222  5.833142E+00  2.871921E+00  6.447446E+00
       225 -4.838777E-01 -5.247257E-01  7.111281E-01
       226 -5.529876E+00  3.562187E+00  7.523219E+00
       234  1.070954E+00 -2.003010E-01  2.421145E+00
       236 -1.003742E+00 -1.846965E-01  2.155064E+00
       242 -3.129425E+00  2.198554E+00 -4.021247E+00
       245 -4.319385E+00  3.258086E+00  4.985222E+00
       246  5.700351E+00  4.801506E+00  7.635397E+00
       253  2.774743E+00  1.927846E+00 -3.556736E+00
       254 -5.153044E+00  4.384369E+00  6.991196E+00
       255  3.830802E+00  2.844140E+00  4.340658E+00
      3486  1.579445E+00  1.825632E+00 -9.978168E+00
      3512 -8.687636E-03 -1.730635E-01 -1.156728E+00
      3525  2.615525E-01  5.472770E-01 -1.451071E+00
      3526  3.232518E-01  4.326652E-01 -6.903155E-01
      3527  3.950933E-01  2.722452E-01 -1.528488E+00
      3528  3.569158E-01  1.663122E-01 -1.187456E+00
      3529  2.332015E-01  9.235366E-02 -9.073163E-01
      3530  2.535265E-01  3.841170E-02 -7.936814E-01
      3531  1.525685E-01  2.642239E-02 -6.744306E-01
      3532  1.946990E-01  3.209015E-02 -6.703267E-01
      3533  1.413636E-01 -1.281636E-02 -5.399518E-01
      3534  8.248015E-02 -1.009380E-03 -5.953014E-01
      3535  1.449134E-01 -2.651361E-02 -6.074925E-01
      3536  5.113212E-02  2.014888E-03 -6.131694E-01
      3537  1.273968E-01 -2.214399E-02 -6.371475E-01
      3538  3.244651E-02  7.724199E-03 -6.513765E-01
      3539  1.158856E-01 -1.410422E-02 -6.759420E-01
      3540  1.885027E-02  1.347122E-02 -6.899531E-01
      3541  1.074619E-01 -6.159416E-03 -7.113241E-01
      3542  8.344052E-03  1.833489E-02 -7.215583E-01
      3543  1.002245E-01  9.251707E-04 -7.373790E-01
      3544  9.918245E-04  1.919258E-02 -7.442958E-01
      3545  7.502129E-03  6.419369E-02 -7.812434E-01
      3546  5.835620E-02 -1.620938E-02 -6.785130E-01
      3547 -8.047143E-03  1.720190E-02 -7.700720E-01
      3548 -8.787550E-03  6.632930E-02 -7.971703E-01
      3549  4.323305E-02 -1.542352E-02 -6.888115E-01
      3550 -2.956873E-02  2.384928E-02 -7.832635E-01
      3551 -2.676197E-02  6.528760E-02 -7.960286E-01
      3552  3.872234E-02  1.569104E-01 -8.325975E-01
      3553  9.314508E-03 -6.616611E-03 -7.141624E-01
      3554 -3.329460E-02 -5.710032E-03 -7.330611E-01
      3555  3.037201E+00  1.704844E+00 -9.007802E+00
      3556  2.491599E+00  5.445304E-02 -4.995920E+00
      3557  3.035693E+00 -4.322038E-01 -4.554670E+00
      3558  2.706636E+00 -5.737410E-01 -3.468358E+00
      3559  2.395035E+00 -3.697640E-01 -2.438834E+00
      3560  2.169022E+00 -3.847119E-01 -1.944268E+00
      3561  1.902821E+00 -2.431574E-01 -1.348922E+00
      3562  1.725189E+00 -2.788949E-01 -1.155249E+00
      3563  1.535099E+00 -2.024534E-01 -8.474697E-01
      3564  1.351950E+00 -1.735601E-01 -6.673022E-01
      3565  1.239237E+00 -2.309220E-01 -7.269258E-01
      3566  1.100796E+00 -1.593624E-01 -5.441413E-01
      3567  1.024179E+00 -2.303203E-01 -6.871061E-01
      3568  9.181785E-01 -1.635029E-01 -5.419382E-01
      3569  8.632345E-01 -2.413668E-01 -7.232840E-01
      3570  7.778956E-01 -1.742486E-01 -5.853465E-01
      3571  7.335839E-01 -2.551305E-01 -7.825845E-01
      3572  6.608900E-01 -1.866692E-01 -6.372920E-01
      3573  6.214031E-01 -2.687290E-01 -8.371554E-01
      3574  5.558231E-01 -1.973412E-01 -6.792209E-01
      3575  5.377920E-01 -2.349906E-01 -8.039429E-01
      3576  4.777743E-01 -2.062163E-01 -8.260991E-01
      3577  3.912222E-01 -2.139896E-01 -7.050508E-01
      3578  3.758723E-01 -2.469666E-01 -8.306408E-01
      3579  3.107296E-01 -2.140830E-01 -8.475020E-01
      3580  2.269799E-01 -2.191620E-01 -7.219158E-01
      3581  2.040257E-01 -2.499229E-01 -8.662120E-01
      3582  1.405667E-01 -2.111277E-01 -8.935709E-01
      3583  7.264778E-02 -2.445224E-01 -7.805179E-01
      3584  4.553801E-02 -2.315165E-01 -7.654478E-01
      3585  1.784802E-02 -2.323952E-01 -8.745623E-01
      3769  2.389134E-01  3.215465E+00 -1.917649E+00
      3770  4.188756E-02  2.424854E+00 -9.617655E-01
      3771 -1.684139E-01  1.571693E+00 -6.252657E-01
      3772  7.524284E-02  1.125034E+00 -4.627075E-01
      3773 -1.000498E-01  9.192863E-01 -3.101800E-01
      3774  3.279394E-02  7.188543E-01 -2.424700E-01
      3775 -7.113496E-02  6.437830E-01 -1.810261E-01
      3776 -5.385174E-03  4.563272E-01 -2.425464E-01
      3777 -2.072782E-02  6.211675E-01 -2.749435E-02
      3778 -5.825522E-02  5.101637E-01 -1.098095E-01
      3779  1.543411E-02  4.911636E-01 -1.002789E-01
      3780 -5.238339E-02  5.186437E-01 -1.073751E-01
      3781  1.810708E-02  5.130817E-01 -1.016198E-01
      3782 -5.173817E-02  5.474179E-01 -1.134062E-01
      3783  2.210572E-02  5.480505E-01 -1.107696E-01
      3784 -5.225120E-02  5.807300E-01 -1.216056E-01
      3785  2.649091E-02  5.818815E-01 -1.203269E-01
      3786 -5.224593E-02  6.097431E-01 -1.286647E-01
      3787  3.059482E-02  6.086331E-01 -1.270779E-01
      3788 -5.113537E-02  6.253216E-01 -1.349225E-01
      3789 -8.667097E-02  6.416844E-01 -1.269577E-01
      3790 -1.163521E-02  7.662400E-01  1.525069E-02
      3791 -5.260149E-02  6.359299E-01 -1.309939E-01
      3792 -8.698831E-02  6.542877E-01 -1.263645E-01
      3793 -6.521101E-03  7.797443E-01  1.570731E-02
      3794 -5.013351E-02  6.466831E-01 -1.371439E-01
      3795 -8.218986E-02  6.587064E-01 -1.351990E-01
      3796 -9.057492E-02  7.282515E-01 -1.240589E-01
      3797  6.802543E-04  7.995825E-01 -1.798261E-02
      3798  1.362821E-02  7.391009E-01  4.222726E-03
      3799  1.572305E+00  6.572306E+00 -9.804343E+00
      3800  1.239225E+00  4.041292E+00 -5.618449E+00
      3801  8.850157E-01  2.729888E+00 -3.466023E+00
      3802  6.824041E-01  1.319213E+00 -2.332318E+00
      3803  5.903969E-01  1.384114E+00 -1.765925E+00
      3804  4.977896E-01  7.687136E-01 -1.357081E+00
      3805  4.404246E-01  8.570224E-01 -1.083573E+00
      3806  3.786093E-01  5.248029E-01 -9.299229E-01
      3807  3.573846E-01  5.415403E-01 -8.310303E-01
      3808  3.075099E-01  5.796841E-01 -6.999972E-01
      3809  2.624427E-01  4.204442E-01 -7.355127E-01
      3810  2.374714E-01  5.467076E-01 -6.759696E-01
      3811  2.147719E-01  4.298606E-01 -7.468245E-01
      3812  1.963302E-01  5.705541E-01 -7.044522E-01
      3813  1.803639E-01  4.602076E-01 -7.941166E-01
      3814  1.664779E-01  6.093170E-01 -7.519944E-01
      3815  1.535357E-01  4.935573E-01 -8.453555E-01
      3816  1.420387E-01  6.461532E-01 -7.968107E-01
      3817  1.307954E-01  5.217877E-01 -8.877034E-01
      3818  1.198006E-01  6.731431E-01 -8.302152E-01
      3819  1.117533E-01  5.543303E-01 -9.042288E-01
      3820  1.202200E-01  6.247942E-01 -9.258848E-01
      3821  9.649442E-02  6.867497E-01 -8.400849E-01
      3822  7.654937E-02  5.691978E-01 -9.217939E-01
      3823  8.443848E-02  6.399991E-01 -9.400313E-01
      3824  5.841874E-02  7.018398E-01 -8.551267E-01
      3825  4.126272E-02  5.781670E-01 -9.420379E-01
      3826  5.733086E-02  6.407846E-01 -9.277440E-01
      3827  5.031374E-02  7.409651E-01 -9.261337E-01
      3828  2.188197E-02  7.533216E-01 -8.551408E-01
      3829 -6.661938E-03  6.421187E-01 -9.605229E-01
      3843 -1.443396E+00  1.637839E+00 -8.911754E+00
      3856  1.921385E-02 -5.504760E-03 -7.262087E-01
      3857 -1.608437E-02 -1.629752E-02 -7.037002E-01
      3858 -1.472109E-02 -1.756700E-02 -7.091224E-01
      3859 -2.428290E-02 -1.682572E-02 -7.014563E-01
      3860 -2.790293E-02 -2.402604E-02 -7.111304E-01
      3861 -3.053029E-02 -2.177993E-02 -6.965283E-01
      3862 -3.001760E-02 -2.066739E-02 -6.919471E-01
      3863 -4.240883E-02 -1.424931E-02 -6.702450E-01
      3864 -4.845297E-02 -1.535968E-02 -6.741678E-01
      3865 -5.634602E-02 -1.540849E-02 -6.676851E-01
      3866 -6.082785E-02 -1.530762E-02 -6.628592E-01
      3867 -6.499357E-02 -1.714583E-02 -6.549920E-01
      3868 -6.849619E-02 -1.784189E-02 -6.448618E-01
      3869 -7.176313E-02 -1.893766E-02 -6.321603E-01
      3870 -7.501731E-02 -2.013624E-02 -6.154079E-01
      3871 -7.888193E-02 -2.290733E-02 -5.973168E-01
      3872 -8.424082E-02 -2.501762E-02 -5.758985E-01
      3873 -9.072001E-02 -2.819197E-02 -5.556176E-01
      3874 -9.876203E-02 -2.999383E-02 -5.354885E-01
      3875 -1.134602E-01 -3.022675E-02 -5.174860E-01
      3876 -1.261415E-01 -2.938074E-02 -5.135871E-01
      3877 -1.411191E-01 -2.567980E-02 -5.215856E-01
      3878 -1.666061E-01 -1.787354E-02 -5.418160E-01
      3879 -1.938341E-01 -3.569499E-03 -5.877805E-01
      3880 -2.277239E-01  1.858302E-02 -6.664991E-01
      3881 -2.714025E-01  5.337850E-02 -7.917965E-01
      3882 -3.320157E-01  1.120856E-01 -9.921779E-01
      3883 -4.285229E-01  2.109351E-01 -1.334894E+00
      3884 -2.937773E-01  3.749803E-01 -6.154997E-01
      3885 -1.957788E-01  7.264896E-01 -1.502637E+00
      3886 -7.044432E-02 -2.255849E-01 -8.663537E-01
      3887 -8.936172E-02 -2.657899E-01 -7.490537E-01
      3888 -1.349142E-01 -2.547967E-01 -7.620861E-01
      3889 -1.777999E-01 -2.496925E-01 -7.336459E-01
      3890 -2.320530E-01 -2.419994E-01 -7.203923E-01
      3891 -2.792766E-01 -2.432571E-01 -6.847062E-01
      3892 -3.432206E-01 -2.342544E-01 -7.036508E-01
      3893 -3.875286E-01 -2.273168E-01 -6.747097E-01
      3894 -4.550333E-01 -2.198914E-01 -6.697299E-01
      3895 -5.083611E-01 -2.157088E-01 -6.638641E-01
      3896 -5.627485E-01 -2.095786E-01 -6.591071E-01
      3897 -6.150712E-01 -2.084125E-01 -6.533927E-01
      3898 -6.644638E-01 -2.045110E-01 -6.439623E-01
      3899 -7.132658E-01 -1.985951E-01 -6.292629E-01
      3900 -7.617136E-01 -1.911161E-01 -6.069737E-01
      3901 -8.143363E-01 -1.846711E-01 -5.798811E-01
      3902 -8.714509E-01 -1.767754E-01 -5.476051E-01
      3903 -9.400136E-01 -1.700537E-01 -5.186200E-01
      3904 -1.019008E+00 -1.657294E-01 -4.981970E-01
      3905 -1.114392E+00 -1.669886E-01 -4.878732E-01
      3906 -1.226578E+00 -1.655749E-01 -5.271327E-01
      3907 -1.352638E+00 -1.684275E-01 -6.082920E-01
      3908 -1.495839E+00 -1.831309E-01 -7.246142E-01
      3909 -1.662271E+00 -2.048513E-01 -9.219229E-01
      3910 -1.850755E+00 -2.376593E-01 -1.212123E+00
      3911 -2.060296E+00 -2.864930E-01 -1.622478E+00
      3912 -2.289294E+00 -3.534012E-01 -2.190582E+00
      3913 -2.540507E+00 -4.256878E-01 -2.972331E+00
      3914 -2.856489E+00 -4.123091E-01 -4.088428E+00
      3915 -2.303869E+00  9.489403E-02 -4.508138E+00
      3916 -2.771159E+00  1.453192E+00 -8.118717E+00
      4100 -9.242542E-03  7.660636E-01  1.660943E-02
      4101  2.013801E-03  8.274900E-01  2.303014E-02
      4102  9.347989E-03  8.148395E-01  1.597981E-02
      4103  1.153446E-02  8.112518E-01  8.349935E-03
      4104  6.133624E-03  8.160185E-01  3.521689E-03
      4105  1.782181E-02  7.981024E-01  1.542274E-02
      4106  5.672037E-03  7.807714E-01  1.294885E-02
      4107  1.241610E-02  7.548954E-01 -6.891636E-03
      4108  1.567592E-02  7.478850E-01 -1.382512E-02
      4109  1.691719E-02  7.424861E-01 -1.244319E-02
      4110  2.190799E-02  7.369733E-01 -1.598319E-02
      4111  2.306620E-02  7.339302E-01 -9.580042E-03
      4112  2.436792E-02  7.227891E-01 -9.713952E-03
      4113  2.522030E-02  7.072732E-01 -9.493499E-03
      4114  2.677178E-02  6.874731E-01 -9.170141E-03
      4115  2.768837E-02  6.662808E-01 -5.899325E-03
      4116  2.835528E-02  6.412654E-01 -4.842751E-03
      4117  3.061594E-02  6.182715E-01 -2.224223E-03
      4118  2.903217E-02  6.011390E-01 -4.358515E-03
      4119  3.511607E-02  5.876729E-01 -1.867247E-03
      4120  3.808202E-02  5.806124E-01 -1.720859E-03
      4121  3.671222E-02  5.948946E-01 -2.006235E-02
      4122  4.230034E-02  6.359693E-01 -4.279767E-02
      4123  4.612703E-02  7.016777E-01 -7.566668E-02
      4124  5.081824E-02  8.101733E-01 -1.217963E-01
      4125  5.557934E-02  9.750198E-01 -1.881476E-01
      4126  5.871473E-02  1.222938E+00 -2.903185E-01
      4127  5.518576E-02  1.622239E+00 -4.686255E-01
      4128  2.481135E-02  2.334435E+00 -8.809096E-01
      4129 -5.276087E-01  3.363574E+00 -2.144848E+00
      4130 -1.780895E-04  6.494667E-01 -9.407157E-01
      4131 -4.557898E-03  7.285467E-01 -7.928144E-01
      4132 -3.518933E-02  7.845124E-01 -7.704893E-01
      4133 -6.803429E-02  7.589341E-01 -7.825582E-01
      4134 -7.995823E-02  7.459252E-01 -7.910492E-01
      4135 -6.116111E-02  8.033457E-01 -7.818939E-01
      4136 -8.148235E-02  7.438080E-01 -7.542658E-01
      4137 -9.792189E-02  7.264444E-01 -7.868775E-01
      4138 -1.214759E-01  7.064642E-01 -7.894627E-01
      4139 -1.340243E-01  7.049179E-01 -7.857153E-01
      4140 -1.435481E-01  6.987043E-01 -7.857393E-01
      4141 -1.546152E-01  6.991057E-01 -7.687963E-01
      4142 -1.657161E-01  6.888770E-01 -7.568018E-01
      4143 -1.756657E-01  6.756733E-01 -7.431813E-01
      4144 -1.846192E-01  6.573479E-01 -7.260021E-01
      4145 -1.947641E-01  6.349858E-01 -7.019208E-01
      4146 -2.062933E-01  6.095062E-01 -6.747732E-01
      4147 -2.201731E-01  5.838209E-01 -6.484709E-01
      4148 -2.377945E-01  5.612683E-01 -6.221279E-01
      4149 -2.472406E-01  5.479160E-01 -6.196217E-01
      4150 -2.592285E-01  5.454171E-01 -6.130474E-01
      4151 -3.010786E-01  5.650920E-01 -6.234235E-01
      4152 -3.499111E-01  6.095553E-01 -6.924444E-01
      4153 -3.928930E-01  6.900122E-01 -7.977498E-01
      4154 -4.426852E-01  8.204666E-01 -9.625967E-01
      4155 -5.022382E-01  1.018051E+00 -1.208567E+00
      4156 -5.756678E-01  1.307331E+00 -1.574751E+00
      4157 -6.752680E-01  1.750339E+00 -2.141792E+00
      4158 -8.237676E-01  2.517308E+00 -3.111120E+00
      4159 -1.155348E+00  4.185205E+00 -5.135054E+00
      4160 -1.522245E+00  5.852290E+00 -8.716406E+00
      4914  1.758915E+00 -3.324583E-01  1.314236E+00
      4915  2.077308E+00 -1.299454E-01  1.469080E+00
      4916  3.481910E+00 -9.785903E-02  2.255548E+00
      4917  6.899108E+00 -3.092642E-01  2.466429E+00
      4918  1.592024E+00 -1.506280E+00  3.775745E+00
      4919  2.896611E+00 -2.462289E+00  6.424848E+00
      4920  4.530328E+00 -2.830660E+00  1.047338E+01
      4921  8.184706E+00 -2.969388E+00  1.585110E+01
      4922  1.078168E+01 -2.812494E+00  2.297626E+01
      5073 -2.077538E-01 -2.412589E+00  3.949381E+00
      5074 -8.274189E-01  7.921374E+00  3.698519E+01
      5075 -2.533848E-01 -2.481928E-01  4.175539E-01
      5076 -8.072223E-01 -4.078520E-01  1.031011E+00
      5077 -2.453230E+00 -5.708612E-02  9.891390E-01
      5078 -3.605861E+00  6.054358E-02  1.473752E+00
      5079 -7.380798E-01 -9.075883E-01  1.797803E+00
      5080 -1.800044E+00 -2.400383E+00  3.199201E+00
      5081 -3.333170E+00 -2.856241E+00  6.668266E+00
      5082 -4.988760E+00 -3.111753E+00  1.144703E+01
      5083 -1.008012E+01 -3.281291E+00  2.006131E+01
      5851  2.466991E-01 -4.782986E-02  4.468404E-01
      5852  7.035065E-01 -3.736747E-01  9.320890E-01
      5853  2.194330E+00 -5.234483E-02  8.609577E-01
      5854  3.232384E+00  5.267229E-02  1.298979E+00
      5855  7.845524E-01 -9.286061E-01  1.724175E+00
      5856  1.596282E+00 -2.217485E+00  2.895718E+00
      5857  3.009614E+00 -2.605125E+00  6.019637E+00
      5858  4.492733E+00 -2.835443E+00  1.030799E+01
      5859  9.089595E+00 -2.991342E+00  1.808928E+01
      6017  1.964466E-01 -2.263613E+00  3.701750E+00
      6018  8.074073E-01  7.156799E+00  3.346338E+01
      6019 -1.681267E+00 -3.195005E-01  1.252065E+00
      6020 -1.951660E+00 -1.209198E-01  1.385510E+00
      6021 -3.232197E+00 -8.592902E-02  2.091597E+00
      6022 -6.330523E+00 -2.692960E-01  2.277498E+00
      6023 -1.511748E+00 -1.411199E+00  3.626971E+00
      6024 -2.725797E+00 -2.271367E+00  6.053258E+00
      6025 -4.202904E+00 -2.589826E+00  9.719051E+00
      6026 -7.520854E+00 -2.704844E+00  1.456609E+01
      6027 -9.824458E+00 -2.547744E+00  2.094500E+01
      6668  2.064112E+00  3.318882E+00 -6.503980E+00
      6673 -1.904949E+00  3.024208E+00 -5.817211E+00
      6675 -1.730709E-01  1.813672E+00  3.294548E+00
      6676 -4.293177E-01  1.359319E+00  2.657473E+00
      6677 -1.807723E-01  9.205211E-01  1.736381E+00
      6678 -3.016763E-02  6.721680E-01  1.268427E+00
      6679  3.444776E-02  5.687909E-01  1.057985E+00
      6680  5.555111E-02  4.941578E-01  9.209767E-01
      6681  6.913234E-02  4.768492E-01  8.684313E-01
      6682  7.259915E-02  4.572211E-01  8.348365E-01
      6683  7.118464E-02  4.610441E-01  8.272845E-01
      6684  7.404898E-02  4.907210E-01  8.573117E-01
      6685  6.591992E-02  4.937587E-01  8.677294E-01
      6686  6.587288E-02  5.306588E-01  9.126557E-01
      6687  5.687712E-02  5.334464E-01  9.276923E-01
      6688  5.639907E-02  5.714412E-01  9.739492E-01
      6689  4.733572E-02  5.699533E-01  9.848056E-01
      6690  4.692419E-02  6.061489E-01  1.026571E+00
      6691  3.832352E-02  5.986256E-01  1.029730E+00
      6692  3.797172E-02  6.317295E-01  1.064468E+00
      6693  3.006536E-02  6.183839E-01  1.059258E+00
      6694  2.649237E-02  6.454595E-01  1.080251E+00
      6695  2.847596E-02  6.618100E-01  1.083568E+00
      6696  2.180694E-02  6.366846E-01  1.083401E+00
      6697  1.576424E-02  6.604670E-01  1.096963E+00
      6698  1.952355E-02  6.741013E-01  1.095237E+00
      6699  1.482636E-02  6.457148E-01  1.094851E+00
      6700  6.880441E-03  6.708104E-01  1.104196E+00
      6701  1.692168E-02  6.865027E-01  1.098544E+00
      6702  6.124529E-03  6.491611E-01  1.102899E+00
      6703  5.218567E-03  6.481858E-01  1.108041E+00
      6704 -7.822242E-03  6.733480E-01  1.136608E+00
      6705 -3.694051E-03  6.700049E-01  1.132598E+00
      6706 -6.069111E-03  6.370139E-01  1.102222E+00
      6707 -8.342170E-03  6.491841E-01  1.107807E+00
      6708 -1.272669E-02  6.434206E-01  1.104936E+00
      6709 -1.227999E-02  6.442530E-01  1.104197E+00
      6710 -1.688734E-02  6.499016E-01  1.115414E+00
      6711 -2.335273E-02  6.388543E-01  1.091114E+00
      6712 -2.170877E-02  6.277277E-01  1.079478E+00
      6713 -2.617597E-02  6.219987E-01  1.070446E+00
      6714 -2.981042E-02  6.188391E-01  1.067019E+00
      6715 -3.343208E-02  6.141070E-01  1.059022E+00
      6716 -3.704728E-02  6.063093E-01  1.048654E+00
      6717 -4.075085E-02  5.966233E-01  1.034186E+00
      6718 -4.467406E-02  5.851701E-01  1.016520E+00
      6719 -4.904396E-02  5.716809E-01  9.948289E-01
      6720 -5.314678E-02  5.547747E-01  9.671737E-01
      6721 -5.768819E-02  5.363439E-01  9.379274E-01
      6722 -6.235324E-02  5.157256E-01  9.040539E-01
      6723 -6.679896E-02  4.937076E-01  8.699052E-01
      6724 -7.011134E-02  4.690530E-01  8.375541E-01
      6725 -7.253686E-02  4.520376E-01  8.095664E-01
      6726 -7.451585E-02  4.398467E-01  7.911826E-01
      6727 -7.430680E-02  4.299768E-01  7.885599E-01
      6728 -7.021810E-02  4.351498E-01  8.092488E-01
      6729 -6.039971E-02  4.585821E-01  8.639583E-01
      6730 -3.795597E-02  5.104196E-01  9.705626E-01
      6731  1.776086E-02  6.126432E-01  1.169828E+00
      6732  1.549581E-01  8.185976E-01  1.571751E+00
      6733  3.756553E-01  1.223480E+00  2.407289E+00
      6734  1.546000E-01  1.628612E+00  2.972391E+00
      6735  9.514227E-01  2.420763E+00  4.541094E+00
      6736  3.154358E-01  1.868205E+00  4.137263E+00
      6737  1.107639E+00  1.054473E+00  3.674354E+00
      6738  1.325656E+00  6.736567E-01  2.549540E+00
      6739  1.353462E+00  5.791184E-01  2.108316E+00
      6740  1.288546E+00  5.673149E-01  1.954557E+00
      6741  1.194808E+00  5.908956E-01  1.914145E+00
      6742  1.092895E+00  6.242675E-01  1.942746E+00
      6743  9.983809E-01  6.608867E-01  1.990642E+00
      6744  9.171532E-01  6.998367E-01  2.073954E+00
      6745  8.362478E-01  7.406910E-01  2.172741E+00
      6746  7.664783E-01  7.748902E-01  2.257101E+00
      6747  7.018292E-01  8.071155E-01  2.345649E+00
      6748  6.469122E-01  8.326175E-01  2.417601E+00
      6749  5.927568E-01  8.568705E-01  2.490433E+00
      6750  5.473962E-01  8.731427E-01  2.544120E+00
      6751  4.999318E-01  8.897419E-01  2.597833E+00
      6752  4.604298E-01  8.992651E-01  2.633188E+00
      6753  4.168295E-01  9.096030E-01  2.668670E+00
      6754  3.830543E-01  9.137538E-01  2.691467E+00
      6755  3.394313E-01  9.242401E-01  2.726680E+00
      6756  2.921993E-01  9.335590E-01  2.736014E+00
      6757  2.653559E-01  9.236462E-01  2.739090E+00
      6758  2.223177E-01  9.310637E-01  2.761230E+00
      6759  1.762075E-01  9.384940E-01  2.763428E+00
      6760  1.476648E-01  9.298156E-01  2.762526E+00
      6761  1.100137E-01  9.303968E-01  2.770449E+00
      6762  6.490655E-02  9.304203E-01  2.763229E+00
      6763  4.334416E-02  9.185983E-01  2.742169E+00
      6764  1.958165E-02  9.237292E-01  2.761035E+00
      6765 -2.175050E-02  9.493209E-01  2.721386E+00
      6766 -6.118796E-02  9.192864E-01  2.746442E+00
      6767 -7.533333E-02  9.175980E-01  2.738563E+00
      6768 -1.117021E-01  9.187599E-01  2.745194E+00
      6769 -1.442653E-01  9.207766E-01  2.749710E+00
      6770 -1.743078E-01  9.262211E-01  2.770075E+00
      6771 -2.364981E-01  9.281453E-01  2.763419E+00
      6772 -2.679777E-01  9.128370E-01  2.715672E+00
      6773 -3.053845E-01  9.129282E-01  2.696228E+00
      6774 -3.392124E-01  9.042507E-01  2.675189E+00
      6775 -3.805854E-01  9.008318E-01  2.660986E+00
      6776 -4.207650E-01  8.931402E-01  2.636846E+00
      6777 -4.599068E-01  8.840052E-01  2.606104E+00
      6778 -4.977437E-01  8.724616E-01  2.567469E+00
      6779 -5.358295E-01  8.589167E-01  2.522114E+00
      6780 -5.765859E-01  8.422269E-01  2.467151E+00
      6781 -6.178913E-01  8.226137E-01  2.404664E+00
      6782 -6.660508E-01  8.003808E-01  2.334381E+00
      6783 -7.188402E-01  7.730261E-01  2.254736E+00
      6784 -7.788421E-01  7.423695E-01  2.168256E+00
      6785 -8.464831E-01  7.084230E-01  2.077866E+00
      6786 -9.196214E-01  6.700059E-01  1.986276E+00
      6787 -9.993085E-01  6.297405E-01  1.901823E+00
      6788 -1.085335E+00  5.912765E-01  1.836569E+00
      6789 -1.174386E+00  5.571624E-01  1.802858E+00
      6790 -1.259190E+00  5.335716E-01  1.824382E+00
      6791 -1.317042E+00  5.371463E-01  1.953137E+00
      6792 -1.290497E+00  6.233131E-01  2.335731E+00
      6793 -1.095432E+00  9.534492E-01  3.334897E+00
      6794 -3.334642E-01  1.687809E+00  3.734082E+00
      6795 -9.032710E-01  2.183403E+00  4.083001E+00
      7169  3.493861E-01  8.761008E+00 -1.980655E+01
      7200 -3.224992E-01  1.533768E+01  3.518838E+01
      7222 -2.624513E+00 -3.067147E-02  6.407421E-01
      7223 -1.231144E+00 -3.230587E-02 -5.933236E-02
      7224 -1.850103E-01 -7.684795E-02 -1.682816E+00
      7225  5.762895E-01 -1.275226E-01 -1.332603E+00
      7226 -7.037198E+00  2.674517E+00  1.625518E+01
      7227 -3.984680E+00  2.366048E+00  8.465061E+00
      7228 -2.457264E+00  4.971747E+00  9.038930E+00
      7229 -7.958578E-01  5.020495E+00  2.666322E+00
      7230  4.316062E-01  5.072249E+00 -2.481616E+00
      7231  5.559271E+00  2.138109E-02  3.282887E+00
      7232  5.102454E+00 -8.363930E-01  4.360097E+00
      7233  2.458325E+00 -6.776149E-01  2.678840E+00
      7234  6.581351E-02 -1.250949E+00  1.942783E+00
      7235 -1.230551E+00 -6.940793E-02 -1.437573E-01
      7236  1.131843E+01  3.106263E+00  2.569076E+01
      7237  7.476160E+00  2.510563E+00  1.684920E+01
      7238  4.844267E+00  4.748039E+00  1.512770E+01
      7239  1.224513E+00  4.658473E+00  4.902702E+00
      7240 -1.112975E+00  2.907418E+00 -3.422246E+00
      7241 -4.290598E+00  2.129977E+00 -1.026393E+01
      7297 -3.245346E-01  7.819309E+00 -1.764505E+01
      7330  3.587349E-01  1.375054E+01  3.154748E+01
      7350 -5.088992E+00  3.197968E-02  3.056321E+00
      7351 -4.734632E+00 -7.723754E-01  4.160912E+00
      7352 -2.330628E+00 -6.292579E-01  2.606651E+00
      7353 -1.585133E-01 -1.154374E+00  1.947679E+00
      7354  1.024311E+00 -6.141924E-02 -5.742506E-02
      7355 -1.028371E+01  2.768255E+00  2.335342E+01
      7356 -6.836662E+00  2.255526E+00  1.541573E+01
      7357 -4.470960E+00  4.280291E+00  1.395421E+01
      7358 -1.203864E+00  4.210425E+00  4.759107E+00
      7359  8.810908E-01  2.632202E+00 -2.784346E+00
      7360  3.728498E+00  1.919785E+00 -8.938897E+00
      7361  2.273647E+00 -3.094390E-02  4.699145E-01
      7362  9.660511E-01 -2.408959E-02 -1.897115E-01
      7363  4.281876E-02 -5.350718E-02 -1.711445E+00
      7364 -6.031566E-01 -9.978613E-02 -1.357710E+00
      7365  6.165870E+00  2.425293E+00  1.427520E+01
      7366  3.447483E+00  2.131650E+00  7.302732E+00
      7367  2.089137E+00  4.510027E+00  7.749354E+00
      7368  6.442435E-01  4.561150E+00  2.129452E+00
      7369 -4.230663E-01  4.616194E+00 -2.371913E+00
     49500 -1.504267E-02  1.057440E-01  4.285974E-02
     49501 -1.103704E-02  9.934561E-02  3.707065E-02
     49502 -9.425860E-03  1.034560E-01  3.833215E-02
     49503  7.470419E-03  7.449700E-02  1.045612E-02
     49504 -8.017999E-03  1.070897E-01  3.975239E-02
     49505 -1.651210E-02  7.788691E-02  8.139569E-03
     49506 -2.078438E-02  9.242119E-02  8.643796E-03
     49507  1.316446E-04  1.371518E-01 -3.269033E-02
     49508 -1.695537E-02  9.687636E-02  8.369178E-03
     49509  7.358570E-04  1.143474E-01 -2.092956E-02
     49510 -6.816210E-03  1.095928E-01  4.072676E-02
     49511 -1.667186E-02  7.729394E-02  8.056580E-03
     49512 -2.055013E-02  9.020644E-02  8.577782E-03
     49513 -5.018668E-03  7.757334E-02  4.029391E-03
     49514  9.148437E-04  1.100000E-01 -2.014627E-02
     49515  1.426469E-03  1.168036E-01 -2.114019E-02
     49516  2.890523E-02  2.679221E-01  4.183323E-02
     49517 -3.068079E-02  1.338502E-01  4.546377E-02
     49518 -7.258194E-03  8.774697E-02  2.215946E-02
     49519 -2.697475E-02  1.718533E-01  7.250889E-02
     49520 -2.266693E-02  1.226102E-01  4.908189E-02
     49521  4.658442E-03  9.755027E-02 -1.992352E-02
     49522 -1.312639E-02  9.609874E-02  3.587149E-02
     49523 -1.560148E-02  7.825971E-02  1.018209E-02
     49524 -2.215647E-02  9.170190E-02  1.090266E-02
     49525  7.416175E-04  1.044235E-01 -1.910704E-02
     49526  8.625423E-03  1.305283E-01 -2.850230E-02
     49527 -1.733395E-03  7.919667E-02 -5.824595E-03
     49528  5.794713E-04  9.764455E-02 -1.751198E-02
     49529 -1.440907E-02  6.266588E-02  5.675172E-03
     49530  1.017285E-02  1.308662E-01 -2.898097E-02
     49531  2.235664E+00  1.402728E-01 -1.051978E+01
     49532  1.933743E+00  1.440539E+00 -8.348134E+00
     49533  2.173768E+00  6.608565E-01 -7.154761E+00
     49534  2.726365E+00  4.903391E-01 -9.490093E+00
     49535  2.435790E-02 -1.921266E-01 -9.030668E-01
     49536  2.938156E-03 -7.509487E-02 -1.305350E+00
     49537 -3.431469E-03 -2.686137E-01 -1.041176E+00
     49538  3.716383E-02 -3.774493E-02 -1.341250E+00
     49539  2.001774E+00  2.522013E-02 -5.371770E+00
     49540  1.770867E+00 -2.411262E-01 -4.498793E+00
     49541  2.330970E+00 -2.292220E-01 -6.971659E+00
     49542  2.229863E+00 -2.985874E-01 -6.783764E+00
     49543  1.583440E+00 -3.034791E-01 -3.589927E+00
     49544  1.405274E+00 -3.230359E-01 -3.113992E+00
     49545  1.939279E+00 -6.958396E-01 -4.648129E+00
     49546  2.161758E+00 -7.980279E-02 -5.961354E+00
     49547  1.729167E+00 -4.288440E-01 -4.519814E+00
     49548  1.315576E+00 -1.359409E-01 -2.477619E+00
     49549  1.271493E+00 -1.366529E-01 -2.141183E+00
     49550  1.718910E+00 -6.816600E-01 -3.127502E+00
     49551  1.696484E+00 -2.470389E-01 -4.095321E+00
     49552  1.471132E+00  6.860422E-02 -3.340769E+00
     49553  1.130477E+00 -2.388661E-01 -1.930064E+00
     49554  1.043972E+00 -2.470980E-01 -1.740093E+00
     49555  1.160634E+00 -5.215531E-01 -2.263362E+00
     49556  1.223339E+00 -2.438544E-01 -2.479192E+00
     49557  1.281199E+00  8.954673E-02 -2.989938E+00
     49558  9.721971E-01 -1.072529E-01 -1.422601E+00
     49559  9.726174E-01 -1.073527E-01 -1.275958E+00
     49560  1.237881E+00 -4.842048E-01 -1.794390E+00
     49561  1.156617E+00 -1.539451E-01 -2.298428E+00
     49562  1.059614E+00  2.644133E-03 -1.931553E+00
     49563  8.698334E-01 -1.949447E-01 -1.201602E+00
     49564  8.105957E-01 -1.998773E-01 -1.114846E+00
     49565  8.573180E-01 -3.893571E-01 -1.409788E+00
     49566  9.537480E-01  2.657260E-02 -1.777770E+00
     49567  9.494522E-01 -1.604731E-01 -1.615009E+00
     49568  7.430526E-01 -9.457209E-02 -9.318639E-01
     49569  7.485325E-01 -1.018439E-01 -8.935544E-01
     49570  9.614137E-01 -4.011064E-01 -1.196607E+00
     49571  8.063464E-01 -2.046770E-02 -1.298391E+00
     49572  8.594459E-01 -1.204791E-01 -1.522838E+00
     49573  6.197599E-01 -1.049512E-01 -7.864607E-01
     49574  6.442191E-01 -1.978735E-01 -8.663409E-01
     49575  7.458679E-01 -3.409279E-01 -9.411640E-01
     49576  7.385184E-01  3.511619E-03 -1.250373E+00
     49577  7.050758E-01 -9.827677E-02 -1.160525E+00
     49578  6.104506E-01 -2.038572E-01 -8.087597E-01
     49579  5.654930E-01 -1.798057E-01 -7.785503E-01
     49580  6.466572E-01 -4.024058E-01 -9.817980E-01
     49581  6.686817E-01 -1.458090E-01 -1.152168E+00
     49582  6.254369E-01 -1.070601E-02 -1.176068E+00
     49583  5.073707E-01 -9.287697E-02 -6.864423E-01
     49584  5.524146E-01 -9.336807E-02 -6.861914E-01
     49585  7.016252E-01 -3.772815E-01 -8.863266E-01
     49586  5.750017E-01 -1.057845E-01 -1.131862E+00
     49587  5.539840E-01 -4.141827E-02 -1.000845E+00
     49588  4.902207E-01 -1.844469E-01 -7.461787E-01
     49589  4.611785E-01 -1.858589E-01 -7.507934E-01
     49590  4.163847E-01 -3.551980E-01 -8.722477E-01
     49591  5.133168E-01 -3.090888E-02 -9.998257E-01
     49592  5.556357E-01 -1.114266E-01 -1.117330E+00
     49593  4.080073E-01 -9.650827E-02 -6.825104E-01
     49594  4.642952E-01 -9.649848E-02 -6.938962E-01
     49595  5.967541E-01 -3.962673E-01 -8.798224E-01
     49596  4.539642E-01 -4.678064E-02 -1.007131E+00
     49597  4.490836E-01 -1.136146E-01 -1.108539E+00
     49598  4.086957E-01 -1.932322E-01 -7.723029E-01
     49599  3.841758E-01 -1.943356E-01 -7.847625E-01
     49600  3.177785E-01 -3.771511E-01 -8.980162E-01
     49601  4.202138E-01 -3.717901E-02 -1.019213E+00
     49602  4.724232E-01 -1.140252E-01 -1.163774E+00
     49603  3.330876E-01 -1.016024E-01 -7.208620E-01
     49604  4.017013E-01 -1.014708E-01 -7.361271E-01
     49605  5.249456E-01 -4.177401E-01 -9.243824E-01
     49606  3.819317E-01 -4.919639E-02 -1.067862E+00
     49607  3.629283E-01 -1.197192E-01 -1.163317E+00
     49608  3.479083E-01 -2.027183E-01 -8.230328E-01
     49609  3.252261E-01 -2.037046E-01 -8.361913E-01
     49610  2.444467E-01 -4.021170E-01 -9.534039E-01
     49611  3.525284E-01 -4.105300E-02 -1.084096E+00
     49612  4.111130E-01 -1.195284E-01 -1.235190E+00
     49613  2.746687E-01 -1.065008E-01 -7.693979E-01
     49614  3.511122E-01 -1.062504E-01 -7.837410E-01
     49615  4.711277E-01 -4.384198E-01 -9.824260E-01
     49616  3.266473E-01 -5.070363E-02 -1.137467E+00
     49617  2.988156E-01 -1.252089E-01 -1.236762E+00
     49618  2.977464E-01 -2.110559E-01 -8.735014E-01
     49619  2.756494E-01 -2.119804E-01 -8.846909E-01
     49620  1.848924E-01 -4.243437E-01 -1.009950E+00
     49621  2.987205E-01 -4.366196E-02 -1.152814E+00
     49622  3.602653E-01 -1.248013E-01 -1.302479E+00
     49623  2.245945E-01 -1.111749E-01 -8.118262E-01
     49624  3.075704E-01 -1.110398E-01 -8.227555E-01
     49625  4.253484E-01 -4.557401E-01 -1.034527E+00
     49626  2.451252E-01 -1.293068E-01 -1.303841E+00
     49627  2.797014E-01 -5.230930E-02 -1.197363E+00
     49628  2.532043E-01 -2.183891E-01 -9.124465E-01
     49629  2.308165E-01 -2.175166E-01 -9.197187E-01
     49630  1.333334E-01 -4.429812E-01 -1.054304E+00
     49631  2.528636E-01 -4.602545E-02 -1.209169E+00
     49632  3.137174E-01 -1.289392E-01 -1.352657E+00
     49633  1.725236E-01 -1.127751E-01 -8.340442E-01
     49634  2.342780E-01 -2.117376E-01 -9.551261E-01
     49635  3.884982E-01 -4.603853E-01 -1.065142E+00
     49636  2.412208E-01 -6.335936E-02 -1.232150E+00
     49637  1.975316E-01 -1.332754E-01 -1.352201E+00
     49638  1.123406E-01 -1.154338E-01 -8.454471E-01
     49639  2.003525E-01 -2.625387E-01 -1.039599E+00
     49640  4.178468E-01 -5.580261E-01 -1.079744E+00
     49641  1.787658E-01 -1.479981E-02 -1.287412E+00
     49642  2.126162E-01 -1.309792E-01 -1.247907E+00
     49643  1.883974E-01 -2.554552E-01 -9.562407E-01
     49644  1.580856E-01 -2.244140E-01 -9.493395E-01
     49645  2.245554E-01 -5.262263E-01 -1.172274E+00
     49646  1.427090E-01 -2.360328E-03 -1.348631E+00
     49647  2.261003E-01 -1.638395E-01 -1.372913E+00
     49648  9.921341E-02 -1.165973E-01 -8.537338E-01
     49649  1.657985E-01 -2.167649E-01 -9.777409E-01
     49650  3.208301E-01 -4.653906E-01 -1.088091E+00
     49651  1.698106E-01 -6.468801E-02 -1.260624E+00
     49652  1.262885E-01 -1.253163E-01 -1.396175E+00
     49653  3.760047E-02 -1.177544E-01 -8.643115E-01
     49654  1.283052E-01 -2.687966E-01 -1.062653E+00
     49655  3.491775E-01 -5.717714E-01 -1.101075E+00
     49656  1.077816E-01 -1.919806E-02 -1.315291E+00
     49657  1.400670E-01 -1.367063E-01 -1.269636E+00
     49658  1.169135E-01 -2.599848E-01 -9.722648E-01
     49659  8.659225E-02 -2.227877E-01 -9.590751E-01
     49660  1.540296E-01 -5.348507E-01 -1.192803E+00
     49661  6.520857E-02 -3.349429E-03 -1.376448E+00
     49662  1.479632E-01 -1.657491E-01 -1.393669E+00
     49663  2.270743E-02 -1.145959E-01 -8.645953E-01
     49664  8.928233E-02 -2.208911E-01 -1.007053E+00
     49665  2.413887E-01 -4.790087E-01 -1.119726E+00
     49666  9.323937E-02 -7.193188E-02 -1.288726E+00
     49667  4.799218E-02 -1.295488E-01 -1.418332E+00
     49668 -3.560430E-02 -1.139078E-01 -8.899054E-01
     49669  6.082259E-02 -2.266675E-01 -1.057079E+00
     49670  2.718842E-01 -5.724021E-01 -1.108978E+00
     49671  3.067977E-02 -2.804884E-02 -1.344149E+00
     49672  7.750354E-02 -1.531767E-01 -1.291454E+00
     49673 -7.776771E-02 -1.433561E-01 -8.838427E-01
     49674  1.920347E-02 -2.708578E-01 -1.038988E+00
     49675  3.086952E-01 -6.806879E-01 -1.112449E+00
     49676  5.412728E-02 -2.410241E-01 -1.313249E+00
     49677 -1.335535E-02 -6.608208E-03 -1.371454E+00
     49678  3.593719E-02 -2.459271E-01 -9.946259E-01
     49679 -3.027154E-03 -2.599951E-01 -1.016700E+00
     49680  5.361133E-02 -5.196734E-01 -1.197883E+00
     49681  6.365212E-02 -1.889765E-01 -1.428835E+00
     49682 -4.486096E-02 -7.005852E-02 -1.454142E+00
     49683  3.483113E-03 -4.694441E-01 -1.224871E+00
     49684 -4.451033E-02 -1.215000E-01 -1.464326E+00
     51543  9.035100E-03  3.277831E-01 -5.447094E-03
     51544  7.237957E-03  7.828267E-02  1.795768E-02
     51545  6.930153E-03  7.568625E-02  7.522382E-03
     51546 -6.339368E-04  1.238767E-01 -2.868331E-02
     51547 -3.091494E-03  1.047328E-01 -2.712849E-02
     51548 -8.689474E-04  8.317612E-02 -1.180059E-02
     51549 -2.833068E-03  1.575410E-01 -4.029880E-02
     51550 -1.236516E-03  1.172016E-01 -2.710757E-02
     51551 -1.461963E-03  8.723680E-02 -1.558265E-02
     51552  3.518388E-03  1.689629E-01 -4.437741E-02
     51553 -1.007616E-02  7.837485E-02  2.693921E-03
     51554 -1.341976E-03  1.120549E-01 -2.593940E-02
     51555  2.947937E-03  1.804747E-01 -4.592777E-02
     51556  2.582477E-03  1.779484E-01 -5.299374E-02
     51557 -8.801336E-04  1.208752E-01 -2.793807E-02
     51558 -3.688262E-04  9.677213E-02 -1.895315E-02
     51559 -1.875694E-03  9.288761E-02 -1.897583E-02
     51560  1.114597E-03  1.247195E-01 -2.846256E-02
     51561 -6.844135E-04  9.853918E-02 -2.286742E-02
     51562  2.837200E-03  1.578816E-01 -4.033217E-02
     51563  2.503046E-03  7.722901E-02 -8.260017E-04
     51564 -6.465687E-04  1.696712E-01 -4.962596E-02
     51565  6.805991E-05  1.301523E-01 -3.034637E-02
     51566 -8.842024E-03  1.387147E-01 -3.359066E-02
     51567  1.185971E-03  1.300857E-01 -2.944670E-02
     51568  5.894331E-04  1.307565E-01 -3.037918E-02
     51569 -1.602180E-03  1.093364E-01 -2.529909E-02
     51570 -3.411445E-04  1.277806E-01 -2.968885E-02
     51571  1.689557E-03  1.303061E-01 -3.032026E-02
     51572  4.107356E-03  5.385287E-02  4.972934E-02
     51573  7.680336E-05  8.016940E-02 -7.165793E-03
     51574 -2.410410E-02 -8.731034E-02 -1.306773E+00
     51575 -4.370882E-02 -1.905283E-01 -9.024413E-01
     51576 -1.739965E-02 -2.660586E-01 -1.023764E+00
     51577 -4.455668E-02 -5.446936E-02 -1.331003E+00
     51578 -1.741051E+00  1.324395E+00 -7.458317E+00
     51579 -2.040401E+00  8.550435E-02 -9.379797E+00
     51580 -2.181343E+00  4.598423E-01 -5.998279E+00
     51581 -2.294114E+00  8.453078E-01 -8.904721E+00
     51582 -1.499313E-02 -2.760850E-01 -1.020825E+00
     51583 -6.046151E-02 -2.746802E-01 -1.028274E+00
     51584 -4.245999E-02 -4.753221E-01 -1.222911E+00
     51585  3.038038E-02 -1.436023E-01 -1.457127E+00
     51586 -4.682236E-02 -2.463441E-01 -9.817258E-01
     51587 -7.071753E-02 -2.487054E-01 -9.795663E-01
     51588 -1.964429E-02 -5.190271E-01 -1.188233E+00
     51589 -1.408012E-01 -8.323651E-02 -1.492535E+00
     51590 -2.963702E-02 -2.046885E-01 -1.443655E+00
     51591 -5.864993E-02 -2.558730E-01 -1.014782E+00
     51592 -9.264522E-02 -2.503779E-01 -9.678817E-01
     51593 -9.326629E-02 -5.105710E-01 -1.181443E+00
     51594 -8.596203E-03 -9.499720E-02 -1.483361E+00
     51595 -9.290161E-02 -2.108223E-01 -1.440599E+00
     51596 -8.097425E-02 -2.520180E-01 -1.001632E+00
     51597 -1.193249E-01 -2.441185E-01 -9.627165E-01
     51598 -1.118637E-01 -5.112445E-01 -1.170551E+00
     51599 -1.284786E-01 -2.136763E-01 -1.400824E+00
     51600 -3.150277E-02 -9.158876E-02 -1.458988E+00
     51601 -9.608909E-02 -2.533027E-01 -9.930845E-01
     51602 -1.477579E-01 -2.570580E-01 -9.853969E-01
     51603 -1.371975E-01 -5.097535E-01 -1.161634E+00
     51604 -4.457910E-02 -1.266191E-01 -1.439741E+00
     51605 -1.524836E-01 -2.030521E-01 -1.386311E+00
     51606 -1.330000E-01 -2.375495E-01 -9.445926E-01
     51607 -1.651540E-01 -2.462114E-01 -9.485362E-01
     51608 -1.115533E-01 -4.979155E-01 -1.141773E+00
     51609 -2.189501E-01 -1.205842E-01 -1.439293E+00
     51610 -1.208159E-01 -1.881417E-01 -1.387751E+00
     51611 -1.491838E-01 -2.422904E-01 -9.693826E-01
     51612 -1.857083E-01 -2.353046E-01 -9.198047E-01
     51613 -1.770253E-01 -4.989259E-01 -1.133197E+00
     51614 -1.930325E-01 -2.013743E-01 -1.390265E+00
     51615 -1.104994E-01 -1.046765E-01 -1.414221E+00
     51616 -1.805633E-01 -2.368496E-01 -9.531956E-01
     51617 -2.144610E-01 -2.315577E-01 -9.160738E-01
     51618 -2.081525E-01 -4.873490E-01 -1.107058E+00
     51619 -2.189675E-01 -1.888930E-01 -1.340563E+00
     51620 -1.426269E-01 -9.497029E-02 -1.386725E+00
     51621 -2.062520E-01 -2.269615E-01 -9.401759E-01
     51622 -2.374111E-01 -2.309995E-01 -9.111468E-01
     51623 -2.284186E-01 -4.811464E-01 -1.099498E+00
     51624 -1.733960E-01 -1.036911E-01 -1.375453E+00
     51625 -2.460661E-01 -1.858217E-01 -1.326663E+00
     51626 -2.299343E-01 -2.224548E-01 -9.325318E-01
     51627 -2.608097E-01 -2.244893E-01 -9.003788E-01
     51628 -2.511111E-01 -4.792667E-01 -1.092752E+00
     51629 -1.999485E-01 -1.036115E-01 -1.360815E+00
     51630 -2.729441E-01 -1.881462E-01 -1.323403E+00
     51631 -2.529540E-01 -2.204766E-01 -9.237261E-01
     51632 -2.829545E-01 -2.256949E-01 -8.927956E-01
     51633 -2.765115E-01 -4.716697E-01 -1.081658E+00
     51634 -2.969340E-01 -1.784219E-01 -1.309767E+00
     51635 -2.250708E-01 -1.075138E-01 -1.351693E+00
     51636 -2.735875E-01 -2.203255E-01 -9.150094E-01
     51637 -3.040843E-01 -2.232554E-01 -8.795657E-01
     51638 -2.984416E-01 -4.697575E-01 -1.072426E+00
     51639 -2.464058E-01 -1.026199E-01 -1.336259E+00
     51640 -3.217043E-01 -1.837354E-01 -1.301312E+00
     51641 -2.945141E-01 -2.161106E-01 -8.985663E-01
     51642 -3.246561E-01 -2.195622E-01 -8.619919E-01
     51643 -3.184349E-01 -4.625079E-01 -1.055218E+00
     51644 -3.441093E-01 -1.808461E-01 -1.282025E+00
     51645 -2.685606E-01 -1.007961E-01 -1.312281E+00
     51646 -3.151808E-01 -2.107619E-01 -8.766400E-01
     51647 -3.449379E-01 -2.142031E-01 -8.375040E-01
     51648 -3.378181E-01 -4.538695E-01 -1.032101E+00
     51649 -2.904405E-01 -9.905296E-02 -1.280378E+00
     51650 -3.650637E-01 -1.774076E-01 -1.257768E+00
     51651 -3.374125E-01 -2.049785E-01 -8.487984E-01
     51652 -3.672248E-01 -2.098372E-01 -8.097563E-01
     51653 -3.582142E-01 -4.428460E-01 -1.001428E+00
     51654 -3.852475E-01 -1.714177E-01 -1.225259E+00
     51655 -3.144603E-01 -9.726936E-02 -1.241384E+00
     51656 -3.611401E-01 -1.997018E-01 -8.182322E-01
     51657 -3.921790E-01 -2.041934E-01 -7.777174E-01
     51658 -3.807511E-01 -4.330168E-01 -9.679156E-01
     51659 -3.399480E-01 -9.446669E-02 -1.198060E+00
     51660 -4.075256E-01 -1.669593E-01 -1.187602E+00
     51661 -3.900522E-01 -1.922385E-01 -7.842564E-01
     51662 -4.220533E-01 -1.980843E-01 -7.466140E-01
     51663 -4.062824E-01 -4.199461E-01 -9.294621E-01
     51664 -4.331749E-01 -1.609050E-01 -1.144587E+00
     51665 -3.710144E-01 -9.115726E-02 -1.150974E+00
     51666 -4.231293E-01 -1.880981E-01 -7.556408E-01
     51667 -4.575696E-01 -1.939157E-01 -7.210768E-01
     51668 -4.388868E-01 -4.084388E-01 -8.945233E-01
     51669 -4.631452E-01 -1.549204E-01 -1.101444E+00
     51670 -4.079573E-01 -8.851437E-02 -1.110139E+00
     51671 -4.626894E-01 -1.827963E-01 -7.317315E-01
     51672 -5.027471E-01 -1.950793E-01 -7.292773E-01
     51673 -4.769867E-01 -3.996111E-01 -8.675685E-01
     51674 -4.514236E-01 -9.087070E-02 -1.064826E+00
     51675 -5.004953E-01 -1.527392E-01 -1.064607E+00
     51676 -5.112863E-01 -1.779162E-01 -7.100276E-01
     51677 -5.531860E-01 -1.898897E-01 -7.349864E-01
     51678 -4.997592E-01 -3.906051E-01 -8.536367E-01
     51679 -5.702135E-01 -9.337613E-02 -1.073968E+00
     51680 -5.288075E-01 -1.418959E-01 -1.021580E+00
     51681 -5.666572E-01 -1.775501E-01 -7.318536E-01
     51682 -6.094552E-01 -1.837220E-01 -7.441279E-01
     51683 -5.567401E-01 -3.731644E-01 -8.623757E-01
     51684 -5.931551E-01 -1.370063E-01 -1.051239E+00
     51685 -6.185725E-01 -8.477121E-02 -1.081669E+00
     51686 -6.281955E-01 -1.790686E-01 -7.989788E-01
     51687 -6.780658E-01 -1.857832E-01 -8.101786E-01
     51688 -6.460704E-01 -3.639680E-01 -9.051327E-01
     51689 -6.547831E-01 -1.457773E-01 -1.077015E+00
     51690 -6.448032E-01 -8.349398E-02 -1.132939E+00
     51691 -7.012706E-01 -1.846688E-01 -8.928194E-01
     51692 -7.581709E-01 -1.906695E-01 -9.262045E-01
     51693 -7.234062E-01 -3.689014E-01 -9.935157E-01
     51694 -7.314996E-01 -8.625564E-02 -1.240039E+00
     51695 -7.348482E-01 -1.538258E-01 -1.137497E+00
     51696 -7.855491E-01 -1.951965E-01 -1.043662E+00
     51697 -8.510260E-01 -2.016273E-01 -1.107266E+00
     51698 -8.146950E-01 -3.748421E-01 -1.138749E+00
     51699 -8.343625E-01 -9.531220E-02 -1.419371E+00
     51700 -8.198544E-01 -1.636258E-01 -1.267429E+00
     51701 -8.816385E-01 -2.145988E-01 -1.271877E+00
     51702 -9.586870E-01 -2.208334E-01 -1.375250E+00
     51703 -9.223392E-01 -3.923644E-01 -1.364273E+00
     51704 -9.197624E-01 -1.811529E-01 -1.477403E+00
     51705 -9.553316E-01 -1.097093E-01 -1.696752E+00
     51706 -9.923192E-01 -2.449678E-01 -1.605169E+00
     51707 -1.086199E+00 -2.484177E-01 -1.763460E+00
     51708 -1.051178E+00 -4.256988E-01 -1.699490E+00
     51709 -1.101730E+00 -1.310578E-01 -2.109650E+00
     51710 -1.036258E+00 -2.107904E-01 -1.793815E+00
     51711 -1.126240E+00 -2.868810E-01 -2.091886E+00
     51712 -1.248826E+00 -2.806094E-01 -2.336075E+00
     51713 -1.215495E+00 -4.791789E-01 -2.195744E+00
     51714 -1.293507E+00 -1.631573E-01 -2.729869E+00
     51715 -1.174755E+00 -2.538879E-01 -2.259649E+00
     51716 -1.310713E+00 -3.266694E-01 -2.840686E+00
     51717 -1.480605E+00 -2.752052E-01 -3.223091E+00
     51718 -1.452227E+00 -5.567665E-01 -2.959449E+00
     51719 -1.583443E+00 -2.220912E-01 -3.713605E+00
     51720 -1.353160E+00 -3.178285E-01 -2.958352E+00
     51721 -1.645051E+00 -2.477672E-01 -4.057283E+00
     51722 -1.856277E+00  2.289796E-02 -4.790114E+00
     51723 -1.800757E+00 -6.339523E-01 -4.192082E+00
     51724 -1.610626E+00 -4.100827E-01 -4.065316E+00
     51725 -2.075373E+00 -3.105773E-01 -5.364606E+00
     51726 -1.917043E+00 -7.563540E-01 -5.806533E+00
     51727 -1.984236E+00 -6.475595E-01 -5.927640E+00
     57626 -2.752504E-01  1.611577E+00  6.860586E-01
     57627  5.605634E-01 -8.795931E-02 -2.375158E-01
     57628 -1.051283E+00  7.113272E-01  6.900839E-02
     57629  7.425338E-02  3.786997E-01  5.518592E-02
     57630  5.249440E-01  1.015602E-01 -2.597264E-01
     57631  2.413826E-01 -7.180762E+00  3.713854E+01
     57632 -1.132369E+00 -7.487839E+00  3.463517E+01
     57633  1.953806E+00 -5.126152E+00  3.008451E+01
     57634 -5.558907E-01 -3.078346E+00  4.998954E+00
     57635 -6.774062E-02 -3.566382E+00  6.728725E+00
     57636 -4.722989E-01 -4.016446E+00  5.452167E+00
     57637 -7.616784E-01 -3.009647E+00  3.549558E+00
     57638 -2.817468E+00 -5.943657E+00  2.804177E+01
     57639  3.738709E-03 -4.508229E+00  7.763302E+00
     57640  1.118934E-01 -4.931957E+00  1.029656E+01
     57641 -1.685160E-01 -4.332672E+00  4.832106E+00
     57642  6.591415E-01 -5.210483E+00  1.290794E+01
     57643  4.440050E-01 -5.377727E+00  1.597829E+01
     57644  6.553990E-02 -5.032273E+00  9.709186E+00
     57645  5.688166E-01 -5.492600E+00  1.933903E+01
     57646 -7.482446E-01 -5.720256E+00  2.274418E+01
     57647 -4.242240E-01 -5.591183E+00  1.594969E+01
     57648 -9.958280E-01 -6.259595E+00  2.567247E+01
     57649 -5.963529E-01 -4.140106E+00  6.244768E+00
     57650 -1.180495E+00 -4.312127E+00  4.176617E+00
     57651 -2.465663E-01 -5.211192E+00  1.218495E+01
     57652 -2.416765E+00 -5.211710E+00  8.280883E+00
     57653 -9.641072E-01 -5.548034E+00  2.033058E+01
     57654 -1.898520E+00 -5.755211E+00  1.674293E+01
     63953 -5.233289E-01 -6.957497E-02 -2.063829E-01
     63954  9.472467E-01  6.447407E-01  6.079967E-02
     63955 -7.214350E-02  3.216822E-01  5.955728E-03
     63956 -4.892243E-01  8.907834E-02 -2.411554E-01
     63957  2.374547E-01  1.451233E+00  6.163554E-01
     63958  6.215073E-02 -3.333945E+00  6.347267E+00
     63959  5.110107E-01 -2.911446E+00  4.718344E+00
     63960  7.285698E-01 -2.804714E+00  3.435009E+00
     63961  1.080884E+00 -6.783726E+00  3.131222E+01
     63962 -1.723571E-01 -6.516541E+00  3.374012E+01
     63963  2.591614E+00 -5.426094E+00  2.534586E+01
     63964  4.610625E-01 -3.725818E+00  5.207082E+00
     63965 -1.729561E+00 -4.640193E+00  2.743294E+01
     63966  1.126707E+00 -4.018454E+00  3.764371E+00
     63967  6.224930E-01 -3.821590E+00  5.695457E+00
     63968  1.327284E-01 -4.001886E+00  4.551688E+00
     63969  2.246724E+00 -4.778817E+00  7.534434E+00
     63970  2.773227E-01 -4.758389E+00  1.107024E+01
     63971 -3.840437E-02 -4.610706E+00  8.964772E+00
     63972  1.747291E+00 -5.254485E+00  1.516221E+01
     63973  9.172841E-01 -5.059370E+00  1.839262E+01
     63974  4.055498E-01 -5.104699E+00  1.459094E+01
     63975  9.219951E-01 -5.696689E+00  2.334546E+01
     63976 -8.948443E-02 -4.542289E+00  9.630812E+00
     63977  5.831695E-03 -4.160281E+00  7.352260E+00
     63978 -3.896310E-01 -4.927118E+00  1.473660E+01
     63979 -5.761076E-01 -4.777702E+00  1.197344E+01
     63980  7.176105E-01 -5.234004E+00  2.080905E+01
     63981 -4.728243E-01 -5.012531E+00  1.776313E+01
     69741 -2.122863E-01  4.044528E-01 -9.755896E-02
     69742  1.885313E-01  3.678240E-01 -8.271870E-02
     69743  1.902100E-01  6.889093E-01 -3.255454E-01
     69744 -1.969946E-01  7.793207E-01 -3.336368E-01
     69745  3.397745E+00  2.346606E+00 -8.285613E+00
     69746  2.900396E+00  1.475778E+00 -1.526971E+00
     69747  3.193486E+00  1.156041E+00 -6.004455E+00
     69748 -6.703262E-03 -2.457538E-01  1.807390E+00
     69749 -2.920813E-02 -2.606018E-01  1.739002E+00
     69750 -6.910259E-02 -2.478733E-01  1.809456E+00
     69751 -3.959067E-02 -2.539970E-01  1.729697E+00
     69752 -2.695093E+00  1.359074E+00 -1.387826E+00
     69753 -3.128580E+00  2.143434E+00 -7.441143E+00
     69754 -2.931782E+00  1.013299E+00 -5.449661E+00
     69755  2.728257E+00  2.964979E-01  1.774357E+00
     69756 -2.553377E+00  2.751074E-01  1.561845E+00
     69757  2.177482E+00 -5.631104E-01 -2.865820E+00
     69758  2.983159E+00 -9.737428E-01 -2.635642E+00
     69759  2.502706E+00 -2.127496E-01 -4.630304E-01
     69760  9.321883E-01 -8.199915E-01  1.871434E+00
     69761  3.237040E+00 -1.494896E+00 -7.527880E-02
     69762  2.599369E+00 -1.613904E+00 -1.273511E+00
     69763  1.255021E+00 -2.015043E-01  3.072841E+00
     69764  3.176656E+00 -1.244995E+00 -5.995286E-02
     69765  3.042958E+00 -1.490394E+00  1.398689E-01
     69766  3.032744E+00 -8.889706E-01  2.308799E-01
     69767  2.960294E+00 -1.039629E+00  2.376647E-01
     69768  2.789921E+00 -6.887679E-01  4.705789E-01
     69769  2.777264E+00 -7.339092E-01  4.301154E-01
     69770  2.529800E+00 -4.822861E-01  6.850691E-01
     69771  2.572600E+00 -4.883002E-01  7.573339E-01
     69772  2.291118E+00 -3.437652E-01  8.803046E-01
     69773  2.335806E+00 -3.932456E-01  9.498088E-01
     69774  2.057311E+00 -2.258581E-01  1.076109E+00
     69775  2.132119E+00 -2.939832E-01  1.136305E+00
     69776  1.859563E+00 -1.450264E-01  1.226804E+00
     69777  1.942542E+00 -2.210767E-01  1.295791E+00
     69778  1.684727E+00 -1.345275E-01  1.335776E+00
     69779  1.766472E+00 -2.210075E-01  1.381011E+00
     69780  1.515593E+00 -8.424555E-02  1.464678E+00
     69781  1.636355E+00 -1.756457E-01  1.506762E+00
     69782  1.389805E+00 -1.078064E-01  1.515048E+00
     69783  1.490268E+00 -1.939265E-01  1.540945E+00
     69784  1.257977E+00 -7.830235E-02  1.604987E+00
     69785  1.393075E+00 -1.647504E-01  1.632010E+00
     69786  1.163810E+00 -1.184812E-01  1.622488E+00
     69787  1.271404E+00 -1.961993E-01  1.636027E+00
     69788  1.053595E+00 -9.659889E-02  1.690714E+00
     69789  1.195064E+00 -1.741524E-01  1.705928E+00
     69790  9.790434E-01 -1.452798E-01  1.686035E+00
     69791  1.087728E+00 -2.118152E-01  1.690187E+00
     69792  8.814705E-01 -1.236259E-01  1.740778E+00
     69793  1.023805E+00 -1.888050E-01  1.747689E+00
     69794  8.175105E-01 -1.725039E-01  1.721858E+00
     69795  9.246542E-01 -2.274057E-01  1.719701E+00
     69796  7.261462E-01 -1.481256E-01  1.768988E+00
     69797  8.706648E-01 -2.029576E-01  1.772403E+00
     69798  6.698652E-01 -1.891992E-01  1.761278E+00
     69799  7.937166E-01 -2.168738E-01  1.783890E+00
     69800  6.015399E-01 -1.861828E-01  1.800108E+00
     69801  6.817747E-01 -2.041637E-01  1.785868E+00
     69802  5.003791E-01 -1.681036E-01  1.814888E+00
     69803  6.236763E-01 -2.092673E-01  1.809952E+00
     69804  4.412495E-01 -2.139466E-01  1.785897E+00
     69805  5.605395E-01 -2.249957E-01  1.806098E+00
     69806  3.724681E-01 -2.044709E-01  1.818832E+00
     69807  4.463861E-01 -2.108704E-01  1.804675E+00
     69808  2.679137E-01 -1.857072E-01  1.829325E+00
     69809  3.880697E-01 -2.109059E-01  1.819284E+00
     69810  3.275529E-01 -2.332484E-01  1.793504E+00
     69811  2.106498E-01 -2.346932E-01  1.783517E+00
     69812  1.450798E-01 -2.191356E-01  1.793204E+00
     69813  2.326045E-01 -2.486252E-01  1.785624E+00
     69814  5.075668E-02 -2.106420E-01  1.789830E+00
     69815  1.705226E-01 -2.445407E-01  1.771877E+00
     69816  7.944098E-03 -2.173506E-01  1.773297E+00
     69817  1.026709E-01 -2.166772E-01  1.769447E+00
     69818 -1.832620E-01 -2.264626E-01  1.757676E+00
     69819 -7.158486E-02 -2.187010E-01  1.764752E+00
     69820 -2.372195E-01 -2.294663E-01  1.771518E+00
     69821 -1.439833E-01 -2.190147E-01  1.775299E+00
     69822 -2.061314E-01 -2.081929E-01  1.791038E+00
     69823 -3.042553E-01 -2.259658E-01  1.786226E+00
     69824 -2.804716E-01 -2.110174E-01  1.813422E+00
     69825 -3.742554E-01 -2.280983E-01  1.801608E+00
     69826 -3.742963E-01 -1.897398E-01  1.836703E+00
     69827 -4.376833E-01 -2.156635E-01  1.836624E+00
     69828 -4.460297E-01 -1.935304E-01  1.797972E+00
     69829 -5.401840E-01 -2.196913E-01  1.814822E+00
     69830 -5.188771E-01 -1.699147E-01  1.787938E+00
     69831 -6.159610E-01 -2.048937E-01  1.796891E+00
     69832 -5.950173E-01 -1.657657E-01  1.774112E+00
     69833 -6.942913E-01 -1.988938E-01  1.782176E+00
     69834 -6.725951E-01 -1.593736E-01  1.766571E+00
     69835 -7.660589E-01 -2.012545E-01  1.774952E+00
     69836 -7.520795E-01 -1.547935E-01  1.750515E+00
     69837 -8.452054E-01 -1.991383E-01  1.763638E+00
     69838 -8.273170E-01 -1.489721E-01  1.729597E+00
     69839 -9.224085E-01 -1.990293E-01  1.745532E+00
     69840 -9.004338E-01 -1.417671E-01  1.705156E+00
     69841 -9.973800E-01 -1.959953E-01  1.723508E+00
     69842 -9.729417E-01 -1.322583E-01  1.679469E+00
     69843 -1.070342E+00 -1.912340E-01  1.699794E+00
     69844 -1.047209E+00 -1.194435E-01  1.652931E+00
     69845 -1.143539E+00 -1.840397E-01  1.675479E+00
     69846 -1.124908E+00 -1.070512E-01  1.621892E+00
     69847 -1.222356E+00 -1.764096E-01  1.647819E+00
     69848 -1.211196E+00 -9.183568E-02  1.588699E+00
     69849 -1.305532E+00 -1.675418E-01  1.617820E+00
     69850 -1.309682E+00 -8.126889E-02  1.545388E+00
     69851 -1.401657E+00 -1.600674E-01  1.580652E+00
     69852 -1.421516E+00 -7.460282E-02  1.489999E+00
     69853 -1.509871E+00 -1.579317E-01  1.531897E+00
     69854 -1.551851E+00 -7.346043E-02  1.415737E+00
     69855 -1.634278E+00 -1.590344E-01  1.469887E+00
     69856 -1.701686E+00 -9.549665E-02  1.314848E+00
     69857 -1.773035E+00 -1.755644E-01  1.376503E+00
     69858 -1.867832E+00 -1.353771E-01  1.191586E+00
     69859 -1.928543E+00 -2.084208E-01  1.258457E+00
     69860 -2.053295E+00 -1.930134E-01  1.046090E+00
     69861 -2.102477E+00 -2.573171E-01  1.122506E+00
     69862 -2.260023E+00 -2.890426E-01  8.708196E-01
     69863 -2.291544E+00 -3.329521E-01  9.521680E-01
     69864 -2.480674E+00 -4.301946E-01  6.674416E-01
     69865 -2.495458E+00 -4.409790E-01  7.489507E-01
     69866 -2.696835E+00 -6.344198E-01  4.448285E-01
     69867 -2.706247E+00 -5.927649E-01  5.122100E-01
     69868 -2.865100E+00 -9.260902E-01  2.412605E-01
     69869 -2.904861E+00 -8.026551E-01  2.520497E-01
     69870 -2.933984E+00 -1.309411E+00  1.659894E-01
     69871 -3.051473E+00 -1.080257E+00  1.915950E-02
     69872 -2.481492E+00 -1.446292E+00 -1.133641E+00
     69873 -3.086831E+00 -1.349112E+00 -4.895528E-02
     69874 -2.802945E+00 -9.171362E-01 -2.302442E+00
     69875 -2.070359E+00 -5.166989E-01 -2.594397E+00
     69876 -1.230944E+00 -1.774669E-01  2.780716E+00
     69877 -2.363783E+00 -2.003930E-01 -3.967203E-01
     69878 -9.472927E-01 -7.307985E-01  1.700320E+00
     70746  2.137649E-01  1.810336E-01 -5.052639E-01
     70747 -1.830688E-01  7.387270E-01  5.096927E-01
     70748  2.728341E-01  1.284859E+00 -5.410632E-01
     70749  4.489672E-01  6.552480E-01 -5.062295E-01
     70750  1.059503E+00  2.153427E+00 -7.672330E+00
     70751  1.257495E+00  2.157336E+00 -1.613795E+01
     70752  1.672601E+00  5.053849E+00 -6.083576E+00
     70753  1.119206E+00  2.673668E+00 -6.783986E+00
     70754  4.422936E-01  2.191631E+00 -6.289610E+00
     70755 -6.899458E-02  3.871564E+00 -2.075557E+01
     70756 -9.100173E-01  1.045130E+01 -5.914234E+00
     70757 -1.226080E+00  1.081801E+01  8.204102E-01
     70758 -8.248224E-01  6.380350E+00 -6.016332E+00
     70759 -1.252880E+00  3.839019E+00 -1.138953E+01
     70760  4.817870E-01  6.586030E+00  4.153591E+01
     70761 -1.597634E+00  5.994437E+00  3.464606E+01
     70762 -2.553039E+00  5.335341E+00  2.229949E+01
     70763  2.016851E+00  6.164952E+00  3.071300E+01
     70764 -7.486377E-01  5.508565E+00  1.527753E+01
     70765 -1.989841E+00  5.490127E+00  1.482870E+01
     70766 -3.450237E-01  3.742736E+00  1.841331E+01
     70767 -2.234947E+00  9.451394E+00  1.886321E+01
     70768 -2.341550E+00  1.058541E+01  1.977410E+01
     70769  1.152073E+00  6.202505E+00  2.268869E+01
     70770 -1.674246E+00  1.098646E+01  1.325980E+01
     70771 -2.109609E+00  1.054688E+01  6.376471E+00
     70772 -9.180801E-01  5.932096E+00  2.306232E+01
     70773 -5.430187E-01  4.830431E+00 -7.133500E+00
     71530 -2.154418E-01  1.573246E-01 -4.863780E-01
     71531  1.633120E-01  6.645868E-01  4.435227E-01
     71532 -3.285097E-01  1.157365E+00 -4.883170E-01
     71533 -4.360666E-01  6.021073E-01 -4.910294E-01
     71534 -1.163509E+00  1.935737E+00 -1.436983E+01
     71535 -9.783749E-01  1.943836E+00 -6.834353E+00
     71536 -1.035799E+00  2.426733E+00 -6.035451E+00
     71537 -1.516114E+00  4.618733E+00 -5.394455E+00
     71538 -4.210038E-01  1.993430E+00 -5.556956E+00
     71539  4.886667E-02  3.471174E+00 -1.834721E+01
     71540  9.051976E-01  9.492106E+00 -5.283606E+00
     71541  1.215646E+00  9.818581E+00  8.529729E-01
     71542  7.477304E-01  5.769292E+00 -5.116226E+00
     71543  1.112936E+00  3.457222E+00 -9.969069E+00
     71544  1.528421E+00  5.410707E+00  3.083953E+01
     71545 -3.288785E-01  5.900108E+00  3.746159E+01
     71546 -1.771706E+00  5.566271E+00  2.772838E+01
     71547  2.313732E+00  4.788811E+00  1.980924E+01
     71548  9.023013E-01  5.349620E+00  2.087268E+01
     71549 -9.931599E-01  5.605340E+00  2.056276E+01
     71550  2.618158E-01  3.358782E+00  1.649038E+01
     71551  2.258890E+00  9.544253E+00  1.773686E+01
     71552  1.663985E+00  9.965001E+00  1.192612E+01
     71553  2.191568E+00  8.577132E+00  1.678823E+01
     71554  1.838233E+00  4.918096E+00  1.305513E+01
     71555  2.019708E+00  9.529988E+00  5.778252E+00
     71556  5.288952E-01  4.353709E+00 -6.175307E+00
     71557  7.088999E-01  4.947037E+00  1.353261E+01

 total force (fx,fy,fz) for set FEET and time  0.4000000E+01

        1.250819E-09  3.000000E+02  1.200000E+03

                        S T E P       5


                                INCREMENT     1


 displacements (vx,vy,vz) for set TOP and time  0.5000000E+01

     35037 -9.793970E-03  4.238107E-01 -3.626012E-01
     35822 -4.054690E-04  4.525240E-01 -3.804348E-01
     37264 -1.974263E-02  3.339614E-01 -3.065225E-01
     43694  8.068430E-03  4.572024E-01 -3.844592E-01
     46347  1.793496E-02  3.286960E-01 -2.965581E-01

 forces (fx,fy,fz) for set FEET and time  0.5000000E+01

       151 -2.093223E-01  2.039149E-01 -1.021341E-01
       155  3.561849E-02  9.805324E-01 -2.019278E-01
       156 -3.583344E-04  6.234568E-02 -1.081319E-01
       160 -6.158102E-04  1.030243E-01 -6.233225E-02
       161  1.861561E-01  1.832769E-01 -8.289839E-02
       165 -3.382789E-02  8.725475E-01 -1.893505E-01
       194  1.048398E+01  6.938599E+00  1.413573E+01
       195  1.581437E+00 -1.680780E+00  2.034449E+00
       196 -1.294081E+00 -1.068391E+00  1.585646E+00
       197 -1.083387E+01  5.292699E+00  1.141478E+01
       221  1.130346E+00 -9.230170E-01  1.406765E+00
       222  9.844878E+00  4.732002E+00  1.025496E+01
       225 -1.465274E+00 -1.570551E+00  1.908180E+00
       226 -9.628455E+00  6.436274E+00  1.308748E+01
       234  4.830820E-01 -4.833721E-01 -1.222693E+00
       236 -4.626288E-01 -4.327656E-01 -1.119553E+00
       242 -5.746776E-01  6.737417E-01 -4.586786E-01
       245  1.794295E+00 -1.078994E+00 -2.121083E+00
       246 -2.837316E+00 -2.433355E+00 -4.330316E+00
       253  4.873844E-01  5.694437E-01 -3.634307E-01
       254  2.558969E+00 -2.191361E+00 -3.917994E+00
       255 -1.638922E+00 -1.000042E+00 -1.929734E+00
      3486  3.708783E-02 -3.414698E-03 -3.495069E+00
      3512 -1.088926E-03  2.759586E-02 -3.291409E-01
      3525 -7.838835E-02  3.451111E-01 -3.997301E-01
      3526  6.678890E-02  3.602243E-01 -5.045024E-01
      3527  3.564253E-01  3.667423E-01 -1.134826E+00
      3528  3.101795E-01  3.250641E-01 -8.659401E-01
      3529  3.633516E-01  1.897919E-01 -4.793880E-01
      3530  2.569816E-01  1.376746E-01 -2.533727E-01
      3531  2.636194E-01  5.558525E-02 -6.011414E-03
      3532  1.634778E-01 -1.692180E-02  1.327083E-01
      3533  1.598663E-01 -5.901853E-03  1.617750E-01
      3534  1.343999E-01 -1.528443E-02  2.302742E-01
      3535  7.211530E-02 -2.398817E-02  2.219153E-01
      3536  8.683628E-02 -1.527009E-02  2.097846E-01
      3537  4.352551E-02 -1.768807E-02  1.750164E-01
      3538  6.329100E-02 -2.564591E-03  1.421506E-01
      3539  3.258045E-02 -3.537238E-03  1.042459E-01
      3540  5.454362E-02  1.047080E-02  7.382419E-02
      3541  3.081166E-02  8.950286E-03  4.442849E-02
      3542  5.224514E-02  1.832833E-02  2.650381E-02
      3543  3.130348E-02  1.577456E-02  8.804941E-03
      3544  4.868284E-02  2.063141E-02  4.558817E-03
      3545  4.655225E-02  1.321491E-02  5.508277E-03
      3546  3.283815E-02  2.031970E-02 -1.184822E-02
      3547  3.526947E-02  2.019257E-02 -4.686607E-03
      3548  2.954615E-02  1.365755E-02 -3.158797E-03
      3549  1.253154E-02  2.256917E-02 -2.282933E-02
      3550  1.701129E-02  2.425322E-02 -2.343435E-02
      3551  1.172929E-02  2.083998E-02 -2.819318E-02
      3552 -3.221079E-03  7.272256E-03 -3.444312E-02
      3553 -3.198420E-03  3.317824E-02 -6.116563E-02
      3554  6.604518E-03  3.955528E-02 -6.966974E-02
      3555  7.196756E-01 -6.230546E-01 -4.970602E+00
      3556  9.063114E-01 -4.074149E-01 -4.244951E+00
      3557  2.162921E+00 -5.526683E-01 -5.818590E+00
      3558  2.575231E+00 -5.299036E-01 -4.940510E+00
      3559  2.632822E+00 -4.043415E-01 -3.889438E+00
      3560  2.555735E+00 -3.620201E-01 -2.826694E+00
      3561  2.308222E+00 -2.626608E-01 -1.994531E+00
      3562  2.054952E+00 -1.708022E-01 -1.245065E+00
      3563  1.759980E+00 -1.298862E-01 -7.733149E-01
      3564  1.491273E+00 -6.500265E-02 -4.364787E-01
      3565  1.281308E+00 -3.477758E-03 -1.684030E-01
      3566  1.075501E+00 -4.403964E-03 -1.227916E-01
      3567  9.405010E-01  2.933284E-02 -4.207375E-02
      3568  8.104315E-01  1.430033E-02 -1.101606E-01
      3569  7.358403E-01  2.826980E-02 -1.160062E-01
      3570  6.581066E-01  1.106337E-02 -2.122515E-01
      3571  6.199387E-01  1.409102E-02 -2.361606E-01
      3572  5.695152E-01  7.563166E-04 -3.137007E-01
      3573  5.439656E-01 -1.764431E-04 -3.205659E-01
      3574  4.985042E-01 -8.695891E-03 -3.645686E-01
      3575  4.586943E-01 -1.310991E-02 -3.607801E-01
      3576  4.121790E-01 -2.314389E-02 -3.592172E-01
      3577  3.581710E-01 -1.976661E-02 -3.780253E-01
      3578  2.970018E-01 -2.270149E-02 -3.759405E-01
      3579  2.366003E-01 -3.314106E-02 -3.917650E-01
      3580  1.776721E-01 -3.136665E-02 -4.396468E-01
      3581  1.214919E-01 -3.598469E-02 -4.682650E-01
      3582  7.755312E-02 -4.740619E-02 -5.121292E-01
      3583  4.762889E-02 -4.976806E-02 -5.760032E-01
      3584  2.137801E-02 -4.812668E-02 -6.093292E-01
      3585 -3.734041E-04 -5.996349E-02 -6.136829E-01
      3769 -7.519767E-02  1.388013E+00 -4.294192E-01
      3770 -6.932134E-02  1.682653E+00 -7.525501E-01
      3771 -1.207909E-01  1.436688E+00 -7.697063E-01
      3772  5.197156E-02  1.043401E+00 -6.244510E-01
      3773 -8.813729E-02  7.433690E-01 -3.984618E-01
      3774  1.515518E-02  4.021829E-01 -2.689447E-01
      3775 -5.133573E-02  2.104681E-01 -1.348616E-01
      3776  7.288198E-03  4.884325E-02 -1.759271E-02
      3777 -3.241480E-02 -1.134637E-01 -4.864742E-02
      3778 -1.784634E-02 -1.093231E-01  1.083250E-02
      3779 -2.550628E-02 -1.523079E-01  3.283698E-02
      3780 -1.201160E-02 -1.256440E-01  1.701937E-02
      3781 -2.295545E-02 -1.221680E-01  2.104939E-02
      3782 -1.155934E-02 -7.540098E-02 -5.623093E-03
      3783 -1.754341E-02 -5.975457E-02 -6.949570E-03
      3784 -1.284893E-02 -1.417164E-02 -3.131112E-02
      3785 -1.213572E-02 -3.287342E-03 -3.184301E-02
      3786 -1.383761E-02  3.037694E-02 -4.776719E-02
      3787 -7.904411E-03  3.063388E-02 -4.532555E-02
      3788 -1.335708E-02  5.016059E-02 -5.162004E-02
      3789 -7.650245E-03  4.833991E-02 -5.092429E-02
      3790 -8.422466E-03  3.464823E-02 -6.115210E-02
      3791 -1.136145E-02  5.731996E-02 -5.039972E-02
      3792 -6.080377E-03  5.483073E-02 -4.975374E-02
      3793 -5.164645E-03  5.010355E-02 -6.290331E-02
      3794 -1.007257E-02  7.610413E-02 -5.859059E-02
      3795 -4.748789E-03  7.966367E-02 -6.151110E-02
      3796 -1.722936E-03  1.058003E-01 -7.317701E-02
      3797 -2.578469E-03  1.097935E-01 -8.163197E-02
      3798 -6.462535E-03  1.077193E-01 -8.758001E-02
      3799  1.680961E-02  1.706287E+00 -2.502310E+00
      3800  2.256382E-01  2.298990E+00 -3.145885E+00
      3801  4.941951E-01  2.520453E+00 -3.211307E+00
      3802  6.319834E-01  1.428838E+00 -2.495814E+00
      3803  6.756327E-01  1.531552E+00 -1.998777E+00
      3804  6.136320E-01  6.845629E-01 -1.198554E+00
      3805  5.597703E-01  5.998476E-01 -7.843922E-01
      3806  4.688152E-01  1.729165E-01 -3.101577E-01
      3807  3.831298E-01  4.244894E-02 -5.798358E-02
      3808  3.270597E-01 -5.125506E-02  5.314389E-02
      3809  2.705249E-01 -9.753634E-02  1.679185E-01
      3810  2.254361E-01 -1.285536E-01  1.565734E-01
      3811  1.913640E-01 -9.420361E-02  1.621614E-01
      3812  1.645880E-01 -7.990579E-02  9.367344E-02
      3813  1.479104E-01 -3.724980E-02  6.547429E-02
      3814  1.334978E-01  4.438005E-03 -1.467653E-02
      3815  1.261481E-01  2.333200E-02 -3.655681E-02
      3816  1.183587E-01  7.320654E-02 -1.024709E-01
      3817  1.133733E-01  6.287334E-02 -1.023382E-01
      3818  1.066864E-01  1.078646E-01 -1.459293E-01
      3819  9.805079E-02  7.942112E-02 -1.308644E-01
      3820  8.506015E-02  9.638225E-02 -1.363808E-01
      3821  7.619372E-02  1.191682E-01 -1.562676E-01
      3822  6.292276E-02  8.560091E-02 -1.403645E-01
      3823  4.556416E-02  1.085875E-01 -1.529168E-01
      3824  3.473379E-02  1.440987E-01 -1.880373E-01
      3825  2.156898E-02  1.170089E-01 -1.894373E-01
      3826  6.155294E-03  1.568861E-01 -2.253689E-01
      3827 -1.834711E-03  1.926935E-01 -2.522127E-01
      3828 -7.747425E-04  2.233492E-01 -2.927742E-01
      3829  9.512731E-04  1.908374E-01 -2.844035E-01
      3843 -5.755487E-02  2.727522E-04 -3.116433E+00
      3856 -6.651797E-03  3.870994E-02 -7.288150E-02
      3857  1.489514E-03  3.321950E-02 -6.908067E-02
      3858 -8.401633E-05  3.026285E-02 -5.927792E-02
      3859 -2.742884E-03  2.651974E-02 -4.977012E-02
      3860 -7.834158E-03  2.386220E-02 -3.801223E-02
      3861 -1.422031E-02  1.996808E-02 -3.125937E-02
      3862 -2.166601E-02  1.773160E-02 -2.444600E-02
      3863 -2.795048E-02  1.529705E-02 -2.096203E-02
      3864 -3.462709E-02  1.439203E-02 -1.541214E-02
      3865 -4.000430E-02  1.372389E-02 -1.128085E-02
      3866 -4.482370E-02  1.317536E-02 -6.182781E-03
      3867 -4.846156E-02  1.276515E-02  7.664680E-04
      3868 -5.120664E-02  1.189396E-02  1.064212E-02
      3869 -5.313801E-02  1.039379E-02  2.464648E-02
      3870 -5.474695E-02  7.954133E-03  4.318684E-02
      3871 -5.669859E-02  4.447785E-03  6.680821E-02
      3872 -6.024679E-02 -1.527276E-05  9.400911E-02
      3873 -6.695346E-02 -4.650801E-03  1.228417E-01
      3874 -7.843479E-02 -8.726683E-03  1.483466E-01
      3875 -9.425137E-02 -1.114563E-02  1.627838E-01
      3876 -1.193757E-01 -8.458481E-03  1.627459E-01
      3877 -1.538706E-01  1.775958E-03  1.370141E-01
      3878 -1.931829E-01  2.156087E-02  6.963238E-02
      3879 -2.412767E-01  5.458273E-02 -4.671460E-02
      3880 -2.922809E-01  1.042050E-01 -2.227468E-01
      3881 -3.364761E-01  1.711974E-01 -4.596794E-01
      3882 -3.580682E-01  2.493877E-01 -7.418572E-01
      3883 -3.248561E-01  3.213311E-01 -1.014232E+00
      3884 -6.471968E-02  3.200811E-01 -4.496523E-01
      3885  1.288186E-01  2.310810E-01 -3.449004E-01
      3886  3.080758E-05 -6.178319E-02 -6.145718E-01
      3887 -2.235357E-02 -4.357111E-02 -6.088088E-01
      3888 -4.330015E-02 -4.582052E-02 -5.693991E-01
      3889 -7.561424E-02 -4.047807E-02 -5.216506E-01
      3890 -1.174021E-01 -3.576481E-02 -4.686727E-01
      3891 -1.693349E-01 -2.941295E-02 -4.205941E-01
      3892 -2.271080E-01 -2.587399E-02 -3.742441E-01
      3893 -2.918404E-01 -1.993419E-02 -3.426590E-01
      3894 -3.546301E-01 -1.611062E-02 -3.193950E-01
      3895 -4.172064E-01 -1.234337E-02 -3.045411E-01
      3896 -4.768429E-01 -9.198904E-03 -2.947820E-01
      3897 -5.319195E-01 -5.688518E-03 -2.872418E-01
      3898 -5.835753E-01 -2.263921E-03 -2.785186E-01
      3899 -6.321009E-01  1.291977E-03 -2.654323E-01
      3900 -6.801304E-01  4.906743E-03 -2.458863E-01
      3901 -7.310469E-01  8.238509E-03 -2.193893E-01
      3902 -7.915814E-01  1.030672E-02 -1.893007E-01
      3903 -8.679175E-01  9.724236E-03 -1.638608E-01
      3904 -9.684233E-01  5.137870E-03 -1.569445E-01
      3905 -1.098466E+00 -5.050095E-03 -1.914895E-01
      3906 -1.262676E+00 -2.773471E-02 -2.812223E-01
      3907 -1.463959E+00 -6.255042E-02 -4.597659E-01
      3908 -1.698206E+00 -1.073429E-01 -7.666973E-01
      3909 -1.950617E+00 -1.683098E-01 -1.216199E+00
      3910 -2.196740E+00 -2.397636E-01 -1.830304E+00
      3911 -2.396594E+00 -3.140204E-01 -2.608842E+00
      3912 -2.493705E+00 -3.792406E-01 -3.517476E+00
      3913 -2.408446E+00 -4.302375E-01 -4.463682E+00
      3914 -2.075068E+00 -5.160544E-01 -5.253002E+00
      3915 -8.866995E-01 -3.460261E-01 -3.828444E+00
      3916 -7.246225E-01 -6.117118E-01 -4.479237E+00
      4100  7.112037E-03  1.157064E-01 -9.109184E-02
      4101  1.457828E-03  1.246705E-01 -9.055659E-02
      4102  3.770931E-03  1.124124E-01 -8.225104E-02
      4103  5.080726E-03  9.629075E-02 -7.332678E-02
      4104  8.048430E-03  8.300581E-02 -6.546490E-02
      4105  5.727631E-03  7.261116E-02 -6.046897E-02
      4106  1.086002E-02  5.910787E-02 -5.563669E-02
      4107  1.171118E-02  5.149378E-02 -4.995879E-02
      4108  1.320013E-02  4.480509E-02 -4.751219E-02
      4109  1.506651E-02  3.920993E-02 -4.717861E-02
      4110  1.613911E-02  3.415761E-02 -4.671967E-02
      4111  1.793831E-02  2.627228E-02 -4.783943E-02
      4112  1.934645E-02  1.521116E-02 -4.721746E-02
      4113  2.073565E-02 -4.721707E-04 -4.526162E-02
      4114  2.191790E-02 -2.105384E-02 -4.155255E-02
      4115  2.325158E-02 -4.683562E-02 -3.621396E-02
      4116  2.472746E-02 -7.558480E-02 -2.919151E-02
      4117  2.616181E-02 -1.045072E-01 -2.243498E-02
      4118  2.940025E-02 -1.281284E-01 -1.671038E-02
      4119  3.024633E-02 -1.341493E-01 -1.701685E-02
      4120  3.187581E-02 -1.182373E-01 -2.766425E-02
      4121  4.014548E-02 -7.077206E-02 -5.033205E-02
      4122  4.436467E-02  2.481118E-02 -9.074264E-02
      4123  5.077525E-02  1.836568E-01 -1.542596E-01
      4124  5.757043E-02  4.128935E-01 -2.478795E-01
      4125  6.417304E-02  7.115096E-01 -3.724745E-01
      4126  6.965228E-02  1.057320E+00 -5.184014E-01
      4127  8.066243E-02  1.393128E+00 -6.573220E-01
      4128  7.905224E-02  1.632753E+00 -7.084572E-01
      4129  5.060920E-02  1.304465E+00 -4.442069E-01
      4130 -2.150207E-03  1.974152E-01 -2.895238E-01
      4131 -3.102447E-03  2.581196E-01 -3.086537E-01
      4132 -5.484464E-03  2.274233E-01 -2.830688E-01
      4133 -8.807445E-03  2.083013E-01 -2.558390E-01
      4134 -1.829434E-02  1.803126E-01 -2.243088E-01
      4135 -3.436617E-02  1.576127E-01 -2.002215E-01
      4136 -4.687902E-02  1.403390E-01 -1.764029E-01
      4137 -6.149885E-02  1.186867E-01 -1.564569E-01
      4138 -7.460677E-02  1.073079E-01 -1.436984E-01
      4139 -8.811242E-02  1.007314E-01 -1.356434E-01
      4140 -1.012383E-01  9.352210E-02 -1.284447E-01
      4141 -1.122479E-01  8.980273E-02 -1.231470E-01
      4142 -1.223385E-01  8.136613E-02 -1.136775E-01
      4143 -1.312734E-01  6.791154E-02 -9.848817E-02
      4144 -1.399076E-01  4.799865E-02 -7.563699E-02
      4145 -1.487316E-01  2.198947E-02 -4.504363E-02
      4146 -1.599738E-01 -9.718310E-03 -7.337962E-03
      4147 -1.753278E-01 -4.363139E-02  3.313431E-02
      4148 -1.967747E-01 -7.222519E-02  6.693594E-02
      4149 -2.302546E-01 -8.711639E-02  8.776139E-02
      4150 -2.761237E-01 -7.603733E-02  7.025800E-02
      4151 -3.231227E-01 -2.196466E-02 -4.656140E-03
      4152 -3.791914E-01  9.314700E-02 -1.445750E-01
      4153 -4.492950E-01  2.828966E-01 -3.832561E-01
      4154 -5.222606E-01  5.668538E-01 -7.396751E-01
      4155 -5.869274E-01  9.544402E-01 -1.224435E+00
      4156 -6.250266E-01  1.426708E+00 -1.819286E+00
      4157 -6.043608E-01  1.928683E+00 -2.450024E+00
      4158 -4.812197E-01  2.335614E+00 -2.912694E+00
      4159 -2.344097E-01  2.471146E+00 -2.930301E+00
      4160 -6.537930E-02  1.549760E+00 -2.209220E+00
      4914  4.999634E+00 -5.011280E-01  3.472820E+00
      4915  5.189043E+00 -2.855719E-01  3.593225E+00
      4916  7.510807E+00 -5.690288E-02  4.794309E+00
      4917  1.306370E+01 -2.637652E-01  5.010415E+00
      4918  5.404432E+00 -4.500377E+00  1.299475E+01
      4919  7.786214E+00 -5.797723E+00  1.733117E+01
      4920  1.022200E+01 -6.002582E+00  2.373343E+01
      4921  1.644252E+01 -5.852517E+00  3.184219E+01
      4922  1.962044E+01 -5.237809E+00  4.188852E+01
      5073 -4.396986E-01 -7.757554E+00  1.299656E+01
      5074 -1.817388E+00  1.295388E+01  6.266602E+01
      5075 -1.922226E+00 -2.836231E-01  1.677310E+00
      5076 -2.700759E+00 -6.607422E-01  2.482094E+00
      5077 -4.914590E+00 -6.307783E-02  1.955098E+00
      5078 -6.487070E+00  1.304138E-01  2.585805E+00
      5079 -3.557539E+00 -3.218661E+00  8.845489E+00
      5080 -6.036176E+00 -5.586854E+00  1.070884E+01
      5081 -7.749345E+00 -5.984265E+00  1.545550E+01
      5082 -9.659767E+00 -6.137830E+00  2.215025E+01
      5083 -1.768651E+01 -6.142535E+00  3.525835E+01
      5851  1.827221E+00  5.101263E-02  1.662675E+00
      5852  2.267171E+00 -6.134273E-01  2.207432E+00
      5853  4.340842E+00 -6.251541E-02  1.641351E+00
      5854  5.788876E+00  1.092979E-01  2.230769E+00
      5855  3.399636E+00 -3.049484E+00  7.951484E+00
      5856  5.259860E+00 -5.107186E+00  9.459665E+00
      5857  6.900199E+00 -5.460767E+00  1.375796E+01
      5858  8.659810E+00 -5.615177E+00  1.985378E+01
      5859  1.600419E+01 -5.650125E+00  3.189712E+01
      6017  4.359736E-01 -7.111754E+00  1.189871E+01
      6018  1.850203E+00  1.183595E+01  5.725927E+01
      6019 -4.709459E+00 -4.945654E-01  3.301969E+00
      6020 -4.882494E+00 -2.681227E-01  3.412439E+00
      6021 -7.043765E+00 -5.029030E-02  4.494359E+00
      6022 -1.215704E+01 -2.214418E-01  4.681721E+00
      6023 -5.012082E+00 -4.162492E+00  1.213329E+01
      6024 -7.288795E+00 -5.330830E+00  1.622689E+01
      6025 -9.532599E+00 -5.498546E+00  2.213367E+01
      6026 -1.525438E+01 -5.349592E+00  2.954453E+01
      6027 -1.807685E+01 -4.757308E+00  3.861966E+01
      6668  1.222643E+00 -1.528157E+00 -6.552513E+00
      6673 -1.153563E+00 -1.346965E+00 -5.886732E+00
      6675  2.259724E-01 -2.077281E-01 -6.443985E-01
      6676  1.692174E-01  4.272295E-01  8.383067E-01
      6677 -1.277360E-02  3.293870E-01  7.246280E-01
      6678 -4.220985E-02  1.360605E-01  3.792537E-01
      6679 -2.208922E-02 -5.686297E-02  2.591520E-02
      6680  1.915214E-02 -1.884950E-01 -2.362596E-01
      6681  4.609946E-02 -2.754536E-01 -4.029448E-01
      6682  6.522263E-02 -3.092422E-01 -4.843207E-01
      6683  7.503436E-02 -3.118632E-01 -5.001179E-01
      6684  7.508136E-02 -3.013854E-01 -4.838473E-01
      6685  7.380447E-02 -2.660860E-01 -4.351422E-01
      6686  6.803988E-02 -2.366996E-01 -3.811940E-01
      6687  6.249490E-02 -1.947500E-01 -3.163094E-01
      6688  5.510099E-02 -1.656527E-01 -2.609511E-01
      6689  4.914836E-02 -1.306226E-01 -2.056173E-01
      6690  4.243791E-02 -1.099240E-01 -1.647961E-01
      6691  3.745254E-02 -8.600105E-02 -1.281502E-01
      6692  3.207425E-02 -7.525419E-02 -1.056321E-01
      6693  2.810604E-02 -6.153430E-02 -8.707437E-02
      6694  2.443890E-02 -5.846609E-02 -7.876057E-02
      6695  1.994776E-02 -5.676454E-02 -7.380333E-02
      6696  1.706909E-02 -4.980658E-02 -7.133315E-02
      6697  1.506162E-02 -5.049659E-02 -7.102432E-02
      6698  1.158206E-02 -5.004496E-02 -6.781654E-02
      6699  9.478251E-03 -4.191402E-02 -6.219167E-02
      6700  8.417354E-03 -4.044322E-02 -5.574054E-02
      6701  4.841831E-03 -3.766202E-02 -4.530803E-02
      6702  4.918269E-03 -2.599907E-02 -3.484012E-02
      6703  3.397245E-03 -2.160287E-02 -2.660361E-02
      6704  1.112971E-02  2.013896E-03 -5.677247E-02
      6705 -8.695059E-03  3.881785E-03 -5.379058E-02
      6706 -2.265613E-03 -1.608133E-02 -1.904824E-02
      6707 -3.295650E-03 -2.042368E-02 -2.496376E-02
      6708 -4.816259E-03 -2.317936E-02 -3.113960E-02
      6709 -7.027417E-03 -2.711007E-02 -3.788637E-02
      6710 -8.675757E-03 -3.092091E-02 -4.363705E-02
      6711 -1.112787E-02 -3.191367E-02 -4.434022E-02
      6712 -1.488925E-02 -3.320907E-02 -4.558958E-02
      6713 -1.793761E-02 -3.583290E-02 -4.860015E-02
      6714 -2.138828E-02 -3.907557E-02 -5.214354E-02
      6715 -2.522275E-02 -4.353790E-02 -5.756716E-02
      6716 -2.932443E-02 -4.972947E-02 -6.652659E-02
      6717 -3.378572E-02 -5.857995E-02 -8.028302E-02
      6718 -3.864875E-02 -7.094426E-02 -1.005518E-01
      6719 -4.397864E-02 -8.761823E-02 -1.286858E-01
      6720 -4.973267E-02 -1.089302E-01 -1.654401E-01
      6721 -5.605628E-02 -1.353200E-01 -2.111266E-01
      6722 -6.212220E-02 -1.661899E-01 -2.642996E-01
      6723 -6.790929E-02 -1.994745E-01 -3.210379E-01
      6724 -7.274900E-02 -2.319259E-01 -3.764069E-01
      6725 -7.493901E-02 -2.616775E-01 -4.211388E-01
      6726 -7.271407E-02 -2.802862E-01 -4.435351E-01
      6727 -6.444684E-02 -2.774082E-01 -4.292648E-01
      6728 -4.749279E-02 -2.465381E-01 -3.590607E-01
      6729 -2.074253E-02 -1.749205E-01 -2.132212E-01
      6730  1.194914E-02 -5.403878E-02  2.221602E-02
      6731  3.491965E-02  1.112335E-01  3.351218E-01
      6732  6.301840E-03  2.872245E-01  6.442896E-01
      6733 -1.554623E-01  3.772160E-01  7.567079E-01
      6734 -2.238638E-01 -1.967065E-01 -5.580072E-01
      6735  1.566287E+00 -2.278532E+00 -4.340098E+00
      6736  9.743330E-01 -6.472051E-01 -9.590988E-01
      6737  1.421914E+00 -6.940111E-01 -7.257890E-01
      6738  1.402032E+00 -7.020485E-01 -9.104248E-01
      6739  1.428414E+00 -7.806615E-01 -1.293813E+00
      6740  1.420155E+00 -8.405995E-01 -1.602838E+00
      6741  1.356477E+00 -8.220277E-01 -1.735884E+00
      6742  1.251664E+00 -7.722542E-01 -1.741392E+00
      6743  1.128774E+00 -6.906679E-01 -1.640151E+00
      6744  9.961418E-01 -5.987882E-01 -1.488564E+00
      6745  8.752096E-01 -5.179252E-01 -1.324815E+00
      6746  7.689950E-01 -4.395636E-01 -1.152590E+00
      6747  6.787425E-01 -3.760909E-01 -9.944927E-01
      6748  6.033320E-01 -3.203521E-01 -8.515144E-01
      6749  5.427257E-01 -2.792189E-01 -7.331794E-01
      6750  4.921412E-01 -2.441295E-01 -6.341565E-01
      6751  4.511036E-01 -2.208661E-01 -5.587594E-01
      6752  4.141149E-01 -2.008987E-01 -4.995032E-01
      6753  3.809643E-01 -1.894343E-01 -4.583449E-01
      6754  3.460057E-01 -1.792071E-01 -4.291186E-01
      6755  3.108430E-01 -1.750559E-01 -4.146227E-01
      6756  2.752327E-01 -1.757920E-01 -4.068218E-01
      6757  2.335251E-01 -1.733610E-01 -4.017573E-01
      6758  1.929737E-01 -1.767340E-01 -4.053597E-01
      6759  1.550115E-01 -1.829735E-01 -4.090621E-01
      6760  1.159533E-01 -1.853064E-01 -4.101383E-01
      6761  8.314449E-02 -1.899265E-01 -4.130197E-01
      6762  5.750816E-02 -1.939256E-01 -4.114457E-01
      6763  3.402950E-02 -1.954061E-01 -4.062667E-01
      6764  1.485342E-02 -1.975432E-01 -4.035873E-01
      6765  2.690940E-03 -1.928603E-01 -3.791603E-01
      6766 -9.567749E-03 -1.916718E-01 -3.875475E-01
      6767 -3.030947E-02 -1.851828E-01 -3.792874E-01
      6768 -5.082739E-02 -1.779479E-01 -3.702856E-01
      6769 -7.797809E-02 -1.693296E-01 -3.593917E-01
      6770 -1.105316E-01 -1.599421E-01 -3.478974E-01
      6771 -1.451757E-01 -1.497486E-01 -3.314149E-01
      6772 -1.875934E-01 -1.393871E-01 -3.133448E-01
      6773 -2.323582E-01 -1.338086E-01 -3.049483E-01
      6774 -2.772856E-01 -1.304788E-01 -3.035186E-01
      6775 -3.215287E-01 -1.310295E-01 -3.098934E-01
      6776 -3.649426E-01 -1.352416E-01 -3.254896E-01
      6777 -4.071679E-01 -1.439186E-01 -3.524606E-01
      6778 -4.486879E-01 -1.575951E-01 -3.929706E-01
      6779 -4.904533E-01 -1.770882E-01 -4.494462E-01
      6780 -5.341282E-01 -2.033072E-01 -5.240249E-01
      6781 -5.827321E-01 -2.370982E-01 -6.182451E-01
      6782 -6.391706E-01 -2.801942E-01 -7.342675E-01
      6783 -7.060523E-01 -3.327523E-01 -8.702415E-01
      6784 -7.866684E-01 -3.955132E-01 -1.023431E+00
      6785 -8.811193E-01 -4.686982E-01 -1.188080E+00
      6786 -9.881811E-01 -5.479349E-01 -1.349407E+00
      6787 -1.103336E+00 -6.277073E-01 -1.488227E+00
      6788 -1.215673E+00 -7.004194E-01 -1.578896E+00
      6789 -1.310242E+00 -7.505541E-01 -1.582494E+00
      6790 -1.368760E+00 -7.603879E-01 -1.460042E+00
      6791 -1.380163E+00 -7.179962E-01 -1.195724E+00
      6792 -1.354982E+00 -6.418910E-01 -8.545957E-01
      6793 -1.362659E+00 -6.380127E-01 -6.831565E-01
      6794 -9.175433E-01 -5.794876E-01 -8.595746E-01
      6795 -1.454443E+00 -2.052293E+00 -3.917822E+00
      7169 -3.200312E-01  1.452037E+00 -4.042591E+00
      7200  2.179692E-01 -7.833101E+00 -1.698783E+01
      7222  6.304866E-01  4.035801E-02  3.098482E-01
      7223  6.340922E-01 -2.582345E-01  3.802342E-01
      7224  1.050801E+00 -2.839719E-01  7.754302E-01
      7225  1.296512E+00 -1.581750E-01  8.801264E-02
      7226  2.315428E+00 -2.117749E+00 -5.376240E+00
      7227  1.588280E+00 -2.432699E+00 -3.333340E+00
      7228  2.214431E+00 -5.141148E+00 -7.723230E+00
      7229  2.457909E+00 -4.450247E+00 -9.103694E+00
      7230  2.713412E+00 -2.975754E+00 -9.692044E+00
      7231 -3.097652E+00 -5.082677E-02 -2.108188E+00
      7232 -3.814450E+00  3.433129E-01 -3.366769E+00
      7233 -3.217050E+00  3.286980E-01 -2.734523E+00
      7234 -3.058579E+00  4.192575E-01 -2.177280E+00
      7235 -1.773840E+00 -1.160013E-03 -1.149012E+00
      7236 -5.759418E+00 -2.450277E+00 -1.294091E+01
      7237 -4.816254E+00 -2.632210E+00 -1.054673E+01
      7238 -4.958950E+00 -4.878708E+00 -1.579544E+01
      7239 -4.288249E+00 -3.704566E+00 -1.481078E+01
      7240 -3.375133E+00 -1.235693E+00 -8.579424E+00
      7241 -2.636849E+00 -1.340445E-01 -6.057551E+00
      7297  2.688177E-01  1.270725E+00 -3.541984E+00
      7330 -1.922278E-01 -7.097355E+00 -1.540788E+01
      7350  2.765054E+00 -4.962862E-02 -1.868601E+00
      7351  3.392355E+00  3.095261E-01 -2.952209E+00
      7352  2.855920E+00  2.968192E-01 -2.383296E+00
      7353  2.702674E+00  3.774498E-01 -1.855193E+00
      7354  1.537022E+00  1.539964E-03 -9.748155E-01
      7355  5.185369E+00 -2.191936E+00 -1.165033E+01
      7356  4.309573E+00 -2.374096E+00 -9.446386E+00
      7357  4.441353E+00 -4.387909E+00 -1.414104E+01
      7358  3.822549E+00 -3.310900E+00 -1.320147E+01
      7359  2.962122E+00 -1.081127E+00 -7.541484E+00
      7360  2.263316E+00 -1.043794E-01 -5.223132E+00
      7361 -6.199986E-01  3.213659E-02  2.504187E-01
      7362 -6.331883E-01 -2.390095E-01  2.939773E-01
      7363 -1.007959E+00 -2.539090E-01  6.149391E-01
      7364 -1.213400E+00 -1.386929E-01 -4.825708E-03
      7365 -2.134664E+00 -1.934756E+00 -4.982785E+00
      7366 -1.497752E+00 -2.189584E+00 -3.137050E+00
      7367 -2.055005E+00 -4.628165E+00 -7.152446E+00
      7368 -2.254418E+00 -3.995234E+00 -8.358346E+00
      7369 -2.472428E+00 -2.652421E+00 -8.830141E+00
     49500 -2.136524E-02 -2.048311E-02 -4.784129E-03
     49501 -9.891693E-03 -2.958833E-02 -1.021426E-02
     49502 -8.106296E-03 -2.068813E-02 -7.434717E-03
     49503 -3.762026E-03 -3.092722E-03  3.855304E-03
     49504 -7.095072E-03 -1.267201E-02 -4.797171E-03
     49505  5.957265E-04  2.230395E-04  7.380201E-04
     49506  2.260908E-03 -4.784715E-03  4.628991E-04
     49507 -9.024275E-05 -2.242081E-02  1.196479E-02
     49508  3.893126E-03 -6.921107E-03  8.917247E-04
     49509  7.123671E-04 -2.219406E-02  7.896071E-03
     49510 -6.419987E-03 -7.296907E-03 -2.917957E-03
     49511  4.779995E-04 -1.571422E-05  6.996409E-04
     49512  1.548703E-03 -4.798146E-03  1.948211E-04
     49513 -5.956849E-03 -6.708552E-02  4.908676E-02
     49514  8.912038E-04 -2.642735E-02  7.712394E-03
     49515  3.608688E-04 -1.932765E-02  7.734816E-03
     49516  2.120498E-02 -1.322953E-02  2.509478E-02
     49517 -9.054884E-03 -6.112991E-03  5.194261E-02
     49518  1.176930E-02 -5.568814E-02  6.831730E-02
     49519 -3.380856E-02  8.953845E-02  3.523710E-02
     49520 -2.886372E-02  2.213681E-02  1.344204E-02
     49521 -2.435745E-04 -5.473655E-02  1.527895E-02
     49522 -1.312031E-02 -3.493818E-02 -1.108085E-02
     49523  1.260151E-03  1.128937E-03  4.182933E-04
     49524  3.856825E-03 -3.783308E-03  4.546329E-04
     49525  7.602242E-04 -3.269122E-02  7.759909E-03
     49526 -7.719717E-05 -1.793755E-02  7.733636E-03
     49527 -5.506608E-03 -6.726586E-02  3.012398E-02
     49528 -5.808934E-05 -4.155506E-02  9.207230E-03
     49529 -2.656126E-03 -2.008660E-02  2.408042E-03
     49530 -4.290127E-04 -1.835842E-02  8.582195E-03
     49531  2.607610E-02  3.725301E-02 -3.590968E+00
     49532  2.125492E-01 -1.901235E-01 -3.405132E+00
     49533  3.729638E-01 -3.173138E-01 -3.509734E+00
     49534  2.110624E-01 -6.955912E-02 -3.605368E+00
     49535 -4.958830E-03  1.425837E-02 -3.054335E-01
     49536  5.038336E-03  3.228479E-03 -3.387233E-01
     49537  4.305436E-03  1.364936E-02 -2.925204E-01
     49538 -1.536228E-03  3.191261E-03 -3.392400E-01
     49539  4.964050E-01 -3.141565E-01 -3.464305E+00
     49540  6.531782E-01 -2.035469E-01 -3.502512E+00
     49541  3.065094E-01 -3.474929E-01 -3.661303E+00
     49542  4.731587E-01 -2.845635E-02 -4.037887E+00
     49543  9.265445E-01 -1.853811E-01 -3.424680E+00
     49544  9.936477E-01 -1.344131E-01 -3.200366E+00
     49545  7.721007E-01 -2.198689E-01 -3.700370E+00
     49546  6.467557E-01 -1.349659E-01 -3.996057E+00
     49547  9.928252E-01 -1.887852E-01 -3.988464E+00
     49548  1.149961E+00 -8.012008E-03 -2.807501E+00
     49549  1.240886E+00 -1.701459E-02 -2.496980E+00
     49550  1.206359E+00 -2.923044E-01 -3.160216E+00
     49551  1.155729E+00 -1.977457E-01 -3.732346E+00
     49552  1.288186E+00  1.910814E-01 -3.574642E+00
     49553  1.221679E+00 -5.234278E-02 -2.192682E+00
     49554  1.180212E+00 -7.383734E-02 -1.905437E+00
     49555  1.316529E+00 -1.583872E-01 -2.414353E+00
     49556  1.275870E+00 -1.796084E-01 -2.439715E+00
     49557  1.209212E+00  2.213068E-01 -3.244275E+00
     49558  1.205158E+00 -1.604579E-02 -1.515291E+00
     49559  1.138743E+00 -2.323900E-02 -1.236619E+00
     49560  1.285222E+00 -1.056428E-01 -1.764841E+00
     49561  1.399856E+00 -6.078561E-02 -2.170250E+00
     49562  1.279140E+00  1.052927E-01 -1.837422E+00
     49563  1.061612E+00 -1.514778E-03 -9.571810E-01
     49564  9.946994E-01 -1.294856E-02 -7.607768E-01
     49565  1.225820E+00  1.628842E-02 -1.082874E+00
     49566  1.173870E+00  1.321869E-01 -1.541858E+00
     49567  1.097862E+00 -7.642453E-02 -9.496815E-01
     49568  9.605144E-01 -4.619811E-03 -5.391109E-01
     49569  8.743943E-01  5.446322E-03 -3.631940E-01
     49570  1.004623E+00  3.805942E-02 -6.261775E-01
     49571  9.835862E-01  4.938952E-02 -5.648176E-01
     49572  1.153228E+00  5.950610E-03 -7.606186E-01
     49573  8.306112E-01 -3.766672E-03 -2.297361E-01
     49574  7.310867E-01  3.590371E-02 -1.069045E-01
     49575  8.640139E-01  9.830473E-02 -2.860213E-01
     49576  9.084832E-01  6.977561E-02 -3.847144E-01
     49577  8.263767E-01  6.750163E-02 -1.664098E-01
     49578  6.666756E-01  4.679578E-02 -6.278362E-03
     49579  6.186951E-01  4.083635E-02  4.348762E-02
     49580  7.263824E-01  1.572167E-01 -1.117168E-02
     49581  6.871896E-01  3.543584E-02  1.212678E-01
     49582  8.184614E-01  2.141969E-02  6.971888E-03
     49583  5.818907E-01  1.637389E-02  7.478204E-02
     49584  5.042793E-01  1.724088E-02  9.981879E-02
     49585  5.770567E-01  1.137116E-01  1.170258E-01
     49586  6.858598E-01  3.469853E-02  1.929702E-01
     49587  5.675759E-01  1.666816E-02  1.834723E-01
     49588  4.689190E-01  5.032217E-02  1.426655E-01
     49589  4.404051E-01  5.057353E-02  1.448974E-01
     49590  5.663708E-01  1.456247E-01  1.825153E-01
     49591  5.305881E-01  2.879301E-02  2.097273E-01
     49592  4.707600E-01  3.629892E-02  2.716049E-01
     49593  4.164155E-01  2.009223E-02  1.205156E-01
     49594  3.651554E-01  2.170065E-02  1.064452E-01
     49595  3.993670E-01  1.076067E-01  1.875101E-01
     49596  3.998375E-01  1.559453E-02  2.127598E-01
     49597  4.855829E-01  2.940821E-02  2.865964E-01
     49598  3.483921E-01  4.427358E-02  1.068503E-01
     49599  3.320080E-01  4.537837E-02  8.813130E-02
     49600  4.157526E-01  1.213568E-01  1.547331E-01
     49601  3.789774E-01  2.241387E-02  1.979229E-01
     49602  3.463709E-01  3.370278E-02  1.987183E-01
     49603  3.206807E-01  1.872064E-02  4.746097E-02
     49604  2.880544E-01  2.063610E-02  2.285810E-02
     49605  3.018991E-01  8.162641E-02  1.088381E-01
     49606  3.082626E-01  1.845716E-02  9.755302E-02
     49607  3.642868E-01  1.739656E-02  1.935645E-01
     49608  2.821171E-01  3.456663E-02  7.855036E-03
     49609  2.721608E-01  3.554057E-02 -1.318443E-02
     49610  3.298530E-01  9.021796E-02  4.863514E-02
     49611  2.937215E-01  2.299120E-02  7.146060E-02
     49612  2.792339E-01  2.293064E-02  6.107399E-02
     49613  2.691520E-01  1.512045E-02 -4.760778E-02
     49614  2.481540E-01  1.671361E-02 -6.772447E-02
     49615  2.540603E-01  5.456004E-02 -3.386948E-03
     49616  2.627775E-01  2.112950E-02 -3.797347E-02
     49617  3.003616E-01  6.421223E-03  5.226810E-02
     49618  2.461432E-01  2.557436E-02 -8.151862E-02
     49619  2.382576E-01  2.592791E-02 -9.535486E-02
     49620  2.833400E-01  6.309445E-02 -5.296167E-02
     49621  2.495963E-01  2.495470E-02 -5.936623E-02
     49622  2.441741E-01  1.143204E-02 -5.637710E-02
     49623  2.386458E-01  1.131072E-02 -1.150485E-01
     49624  2.219085E-01  1.234638E-02 -1.251735E-01
     49625  2.288229E-01  3.442046E-02 -8.854692E-02
     49626  2.662942E-01 -3.290968E-04 -6.033479E-02
     49627  2.369700E-01  2.181402E-02 -1.308424E-01
     49628  2.186401E-01  1.915880E-02 -1.308686E-01
     49629  2.095989E-01  1.870020E-02 -1.361267E-01
     49630  2.516941E-01  4.472456E-02 -1.134166E-01
     49631  2.223593E-01  2.572773E-02 -1.416549E-01
     49632  2.176484E-01  3.186479E-03 -1.204779E-01
     49633  2.067244E-01  8.568389E-03 -1.443013E-01
     49634  1.891470E-01  1.637343E-02 -1.426990E-01
     49635  2.040931E-01  2.410519E-02 -1.307592E-01
     49636  2.077104E-01  2.208084E-02 -1.703953E-01
     49637  2.375091E-01 -2.807347E-03 -1.184055E-01
     49638  1.946190E-01 -2.411605E-03 -1.456732E-01
     49639  1.706220E-01  1.831079E-02 -1.343566E-01
     49640  1.796622E-01  3.260262E-02 -1.404985E-01
     49641  2.079946E-01  1.052047E-02 -1.458224E-01
     49642  1.900421E-01  2.454851E-02 -1.760231E-01
     49643  1.616363E-01  1.433787E-02 -1.484006E-01
     49644  1.485354E-01  1.286554E-02 -1.501819E-01
     49645  1.653436E-01  4.607302E-02 -1.424258E-01
     49646  1.938730E-01 -5.872444E-03 -1.432451E-01
     49647  1.629257E-01  4.341355E-03 -1.494672E-01
     49648  1.399249E-01  4.475966E-03 -1.555809E-01
     49649  1.189782E-01  1.259211E-02 -1.558182E-01
     49650  1.386946E-01  1.731738E-02 -1.470947E-01
     49651  1.400181E-01  2.124066E-02 -1.850494E-01
     49652  1.716517E-01 -6.394437E-03 -1.400821E-01
     49653  1.196769E-01 -6.939740E-03 -1.625575E-01
     49654  9.378016E-02  1.490760E-02 -1.571602E-01
     49655  1.021461E-01  2.806501E-02 -1.574891E-01
     49656  1.350824E-01  8.104969E-03 -1.628716E-01
     49657  1.128285E-01  2.513573E-02 -1.984033E-01
     49658  8.289941E-02  1.039783E-02 -1.812053E-01
     49659  6.900653E-02  9.016339E-03 -1.909002E-01
     49660  8.363054E-02  4.029709E-02 -1.733016E-01
     49661  1.124868E-01 -9.555628E-03 -1.698781E-01
     49662  7.726041E-02  2.574351E-03 -1.874021E-01
     49663  6.176373E-02  5.761286E-04 -2.038747E-01
     49664  4.398866E-02  1.129984E-02 -2.117141E-01
     49665  5.534108E-02  1.539056E-02 -1.914847E-01
     49666  6.067365E-02  2.681793E-02 -2.467092E-01
     49667  8.735393E-02 -1.111390E-02 -1.860723E-01
     49668  4.821480E-02 -1.320804E-02 -2.268592E-01
     49669  2.549788E-02  9.668970E-03 -2.326572E-01
     49670  2.081278E-02  2.588958E-02 -2.247499E-01
     49671  5.552035E-02  6.961065E-03 -2.301041E-01
     49672  3.829830E-02  3.386748E-02 -2.834365E-01
     49673  3.820556E-02 -2.188821E-02 -2.548006E-01
     49674  1.554871E-02  1.014065E-02 -2.645222E-01
     49675 -1.089942E-02  3.044447E-02 -2.546328E-01
     49676  2.331864E-02  4.092561E-02 -3.175597E-01
     49677  4.157668E-02 -1.281921E-02 -2.586081E-01
     49678  1.221296E-02  2.300913E-03 -2.844124E-01
     49679  5.070882E-03  5.536369E-03 -2.882882E-01
     49680  5.154148E-03  3.044512E-02 -2.874606E-01
     49681 -5.262229E-04 -2.597448E-03 -3.073003E-01
     49682  3.306338E-02 -2.225143E-02 -2.778938E-01
     49683  6.349928E-03  2.592410E-02 -3.051273E-01
     49684  2.117830E-02 -2.119702E-02 -3.030208E-01
     51543  3.096073E-03  1.553106E-02  2.028014E-02
     51544 -5.039504E-03 -6.386092E-02  6.747241E-02
     51545 -2.550231E-03 -6.994963E-02  6.131131E-02
     51546 -3.612634E-03 -2.326547E-02  8.697250E-03
     51547 -6.878368E-03 -5.854013E-02  2.024425E-02
     51548 -1.769024E-03 -7.388860E-02  3.512410E-02
     51549 -1.529278E-03 -2.292780E-02  1.033533E-02
     51550 -4.173393E-03 -2.945596E-02  9.644125E-03
     51551 -2.555079E-03 -6.868888E-02  2.790426E-02
     51552 -1.569819E-03 -2.648542E-02  1.223333E-02
     51553  4.507971E-03 -4.933642E-03  5.187679E-03
     51554 -4.256946E-03 -3.302035E-02  1.020636E-02
     51555 -2.246271E-03 -3.314322E-02  1.488605E-02
     51556 -1.938675E-03 -2.785809E-02  1.365770E-02
     51557 -3.988404E-03 -2.623491E-02  9.180544E-03
     51558 -3.118712E-03 -4.034720E-02  1.085469E-02
     51559 -3.792669E-03 -6.335841E-02  2.244982E-02
     51560 -2.026588E-03 -1.472669E-02  6.789308E-03
     51561 -5.475749E-03 -4.736174E-02  1.451701E-02
     51562 -1.499574E-03 -2.271864E-02  1.059440E-02
     51563 -9.904117E-04 -7.590626E-02  5.275408E-02
     51564 -3.189227E-03 -2.041622E-02  9.440503E-03
     51565 -3.093382E-03 -1.901557E-02  7.862278E-03
     51566 -6.177832E-04 -1.595478E-02  7.456682E-03
     51567 -2.003056E-03 -1.476869E-02  6.739774E-03
     51568 -2.777493E-03 -1.719986E-02  7.407771E-03
     51569 -4.516355E-03 -3.801240E-02  1.121344E-02
     51570 -3.388871E-03 -2.105436E-02  8.301560E-03
     51571 -1.756756E-03 -1.443141E-02  6.877432E-03
     51572 -1.318780E-02 -9.756214E-02  8.255994E-02
     51573 -1.199381E-03 -7.746956E-02  4.375325E-02
     51574 -7.623637E-03  2.154564E-03 -3.390134E-01
     51575  3.281189E-03  1.395296E-02 -3.059269E-01
     51576 -5.270911E-03  1.238699E-02 -2.965714E-01
     51577 -2.145966E-03  2.794553E-03 -3.432529E-01
     51578 -2.071939E-01 -1.363258E-01 -3.047291E+00
     51579 -6.166438E-02  1.267504E-02 -3.222831E+00
     51580 -3.975763E-01 -2.918279E-01 -3.093564E+00
     51581 -1.962209E-01  4.745211E-02 -3.381458E+00
     51582 -6.155727E-03  5.305057E-03 -2.897441E-01
     51583 -1.339205E-02  2.220309E-03 -2.820900E-01
     51584 -5.736183E-03  2.473149E-02 -3.078504E-01
     51585 -2.639534E-02 -3.359460E-02 -3.091833E-01
     51586 -1.262997E-02  1.995034E-03 -2.769987E-01
     51587 -2.337345E-02  5.235659E-04 -2.664419E-01
     51588 -1.608713E-02  2.743229E-02 -2.938621E-01
     51589  1.008441E-02 -3.405679E-02 -2.995654E-01
     51590 -2.447180E-02 -1.787721E-02 -2.926849E-01
     51591 -2.621461E-02  2.873311E-03 -2.449269E-01
     51592 -3.782532E-02  8.969748E-04 -2.391510E-01
     51593 -1.950099E-02  2.578847E-02 -2.680387E-01
     51594 -4.539778E-02 -3.394939E-02 -2.526226E-01
     51595 -1.179184E-02 -1.007587E-02 -2.847417E-01
     51596 -4.391994E-02  3.905435E-03 -2.169448E-01
     51597 -5.631526E-02  1.166013E-03 -2.094171E-01
     51598 -3.613753E-02  2.587942E-02 -2.379811E-01
     51599 -2.662195E-02 -6.277966E-03 -2.585032E-01
     51600 -6.312202E-02 -2.880319E-02 -2.220791E-01
     51601 -6.710288E-02  4.467267E-03 -1.892934E-01
     51602 -7.916938E-02  1.954367E-03 -1.796573E-01
     51603 -5.753921E-02  2.571284E-02 -2.077072E-01
     51604 -8.904175E-02 -2.546443E-02 -1.920684E-01
     51605 -4.811821E-02 -3.348458E-03 -2.259912E-01
     51606 -9.132442E-02  5.608317E-03 -1.702545E-01
     51607 -1.055776E-01  3.962640E-03 -1.605437E-01
     51608 -8.786035E-02  2.471430E-02 -1.823912E-01
     51609 -6.823542E-02 -1.641703E-02 -1.869279E-01
     51610 -1.071097E-01 -1.106237E-02 -1.729561E-01
     51611 -1.194149E-01  6.919732E-03 -1.471155E-01
     51612 -1.340163E-01  3.670919E-03 -1.466000E-01
     51613 -1.113888E-01  2.628191E-02 -1.599665E-01
     51614 -1.034301E-01 -2.556597E-03 -1.679487E-01
     51615 -1.404929E-01 -1.427104E-02 -1.446405E-01
     51616 -1.466816E-01  7.993001E-03 -1.342998E-01
     51617 -1.610825E-01  4.984821E-03 -1.337517E-01
     51618 -1.391113E-01  2.570328E-02 -1.454015E-01
     51619 -1.352396E-01  1.653122E-03 -1.538151E-01
     51620 -1.683404E-01 -1.187420E-02 -1.307224E-01
     51621 -1.737967E-01  8.647111E-03 -1.248317E-01
     51622 -1.879421E-01  6.425965E-03 -1.245368E-01
     51623 -1.678095E-01  2.741933E-02 -1.328208E-01
     51624 -1.968895E-01 -1.005150E-02 -1.183221E-01
     51625 -1.646101E-01  3.788740E-03 -1.402023E-01
     51626 -1.997301E-01  1.018480E-02 -1.166488E-01
     51627 -2.129877E-01  7.570577E-03 -1.171219E-01
     51628 -1.944704E-01  3.023571E-02 -1.228722E-01
     51629 -2.238004E-01 -8.351863E-03 -1.078033E-01
     51630 -1.934284E-01  5.079031E-03 -1.286893E-01
     51631 -2.236411E-01  1.249068E-02 -1.083544E-01
     51632 -2.360513E-01  9.849833E-03 -1.080494E-01
     51633 -2.184286E-01  3.366018E-02 -1.135279E-01
     51634 -2.199766E-01  6.279883E-03 -1.191731E-01
     51635 -2.498843E-01 -9.165786E-03 -9.471459E-02
     51636 -2.458698E-01  1.586338E-02 -9.697656E-02
     51637 -2.571425E-01  1.253646E-02 -9.589526E-02
     51638 -2.400433E-01  3.926614E-02 -1.013826E-01
     51639 -2.734717E-01 -9.110030E-03 -7.773751E-02
     51640 -2.445009E-01  8.169729E-03 -1.067351E-01
     51641 -2.662870E-01  1.950148E-02 -8.143443E-02
     51642 -2.766858E-01  1.584397E-02 -7.813128E-02
     51643 -2.597179E-01  4.592609E-02 -8.488971E-02
     51644 -2.661746E-01  1.111481E-02 -9.014959E-02
     51645 -2.947123E-01 -8.127260E-03 -5.416057E-02
     51646 -2.859561E-01  2.380718E-02 -5.933731E-02
     51647 -2.959694E-01  1.970382E-02 -5.363590E-02
     51648 -2.779818E-01  5.440347E-02 -6.131725E-02
     51649 -3.147632E-01 -6.136029E-03 -2.150972E-02
     51650 -2.859275E-01  1.535337E-02 -6.574029E-02
     51651 -3.063816E-01  2.878149E-02 -3.004459E-02
     51652 -3.167520E-01  2.420058E-02 -2.172480E-02
     51653 -2.962593E-01  6.463262E-02 -2.964057E-02
     51654 -3.050553E-01  2.047309E-02 -3.193414E-02
     51655 -3.357797E-01 -3.760133E-03  2.139309E-02
     51656 -3.303194E-01  3.393243E-02  5.560431E-03
     51657 -3.421906E-01  2.878198E-02  1.480675E-02
     51658 -3.172875E-01  7.662138E-02  1.010868E-02
     51659 -3.606265E-01 -2.474534E-04  7.302524E-02
     51660 -3.255893E-01  2.661133E-02  1.213207E-02
     51661 -3.605168E-01  3.853201E-02  4.289335E-02
     51662 -3.755430E-01  3.314901E-02  5.097709E-02
     51663 -3.444887E-01  8.953784E-02  5.370255E-02
     51664 -3.509312E-01  3.279411E-02  6.353749E-02
     51665 -3.927851E-01  4.148156E-03  1.284914E-01
     51666 -4.011592E-01  4.288763E-02  7.548378E-02
     51667 -4.209584E-01  3.695929E-02  7.713962E-02
     51668 -3.814836E-01  1.036038E-01  9.512078E-02
     51669 -3.846505E-01  3.866284E-02  1.167047E-01
     51670 -4.378489E-01  8.625398E-03  1.795409E-01
     51671 -4.555568E-01  4.507351E-02  8.945903E-02
     51672 -4.788996E-01  4.282937E-02  9.101576E-02
     51673 -4.329067E-01  1.172078E-01  1.218124E-01
     51674 -5.006098E-01  1.397545E-02  2.050387E-01
     51675 -4.317389E-01  4.381767E-02  1.603581E-01
     51676 -5.252906E-01  4.343223E-02  6.481232E-02
     51677 -5.554204E-01  4.112527E-02  5.738006E-02
     51678 -5.131621E-01  1.258768E-01  1.155409E-01
     51679 -4.827186E-01  2.407442E-02  1.938148E-01
     51680 -5.712037E-01  3.918052E-02  1.838483E-01
     51681 -6.112026E-01  3.806675E-02 -1.353476E-03
     51682 -6.541099E-01  3.100966E-02 -4.925174E-02
     51683 -6.031772E-01  1.285645E-01  6.326588E-02
     51684 -6.706338E-01  4.141391E-02  1.212875E-01
     51685 -5.622600E-01  1.445368E-02  1.740375E-01
     51686 -7.143548E-01  2.530961E-02 -1.294107E-01
     51687 -7.679129E-01  1.915922E-02 -2.249875E-01
     51688 -7.000084E-01  1.289652E-01 -5.625721E-02
     51689 -6.806919E-01  3.117494E-02  6.238894E-02
     51690 -8.061580E-01  1.074181E-02 -1.724365E-02
     51691 -8.297904E-01  5.661031E-03 -3.588713E-01
     51692 -8.922823E-01  3.614734E-04 -5.007979E-01
     51693 -8.279221E-01  1.198162E-01 -2.736095E-01
     51694 -9.481458E-01 -2.607495E-04 -2.858472E-01
     51695 -8.032693E-01  1.700180E-02 -1.339101E-01
     51696 -9.479252E-01 -2.170801E-02 -6.987853E-01
     51697 -1.015838E+00 -2.511397E-02 -8.928839E-01
     51698 -9.660494E-01  9.408134E-02 -6.095871E-01
     51699 -1.098087E+00 -1.948975E-02 -6.931418E-01
     51700 -9.395685E-01 -8.680807E-03 -4.484329E-01
     51701 -1.052120E+00 -5.467889E-02 -1.157935E+00
     51702 -1.117452E+00 -5.540822E-02 -1.403755E+00
     51703 -1.098136E+00  5.396022E-02 -1.076501E+00
     51704 -1.077259E+00 -4.492993E-02 -9.071017E-01
     51705 -1.236410E+00 -5.048474E-02 -1.251970E+00
     51706 -1.115520E+00 -8.942740E-02 -1.725014E+00
     51707 -1.164130E+00 -8.786305E-02 -2.008998E+00
     51708 -1.196250E+00 -2.525261E-04 -1.669194E+00
     51709 -1.326607E+00 -9.058558E-02 -1.949817E+00
     51710 -1.193354E+00 -9.006081E-02 -1.517743E+00
     51711 -1.098038E+00 -1.201745E-01 -2.349577E+00
     51712 -1.104574E+00 -1.200911E-01 -2.626672E+00
     51713 -1.214450E+00 -6.291880E-02 -2.341475E+00
     51714 -1.312469E+00 -1.397218E-01 -2.717318E+00
     51715 -1.251462E+00 -1.364069E-01 -2.255271E+00
     51716 -9.488561E-01 -1.499877E-01 -2.898488E+00
     51717 -8.905991E-01 -1.863904E-01 -3.101734E+00
     51718 -1.084025E+00 -1.254727E-01 -2.972906E+00
     51719 -1.116627E+00 -2.045785E-01 -3.367757E+00
     51720 -1.193657E+00 -1.728089E-01 -3.023636E+00
     51721 -6.385670E-01 -1.938319E-01 -3.151178E+00
     51722 -5.037405E-01 -2.650220E-01 -3.110598E+00
     51723 -7.313415E-01 -2.047648E-01 -3.347112E+00
     51724 -9.600758E-01 -1.951449E-01 -3.618849E+00
     51725 -6.669263E-01 -3.220584E-01 -3.587658E+00
     51726 -3.595322E-01 -2.533951E-01 -3.319868E+00
     51727 -4.990473E-01 -1.879825E-01 -3.652453E+00
     57626 -3.690011E-01  2.579604E+00  9.306063E-01
     57627  1.436665E+00 -1.691373E-01 -5.644468E-01
     57628 -1.953208E+00  1.145748E+00 -1.130616E-01
     57629 -1.222145E-02  5.299158E-01 -1.466580E-02
     57630  1.183547E+00  1.407040E-01 -6.267635E-01
     57631  1.669602E-01 -1.284386E+01  6.597195E+01
     57632 -2.428982E+00 -1.326084E+01  6.043227E+01
     57633  3.129712E+00 -9.767405E+00  5.588240E+01
     57634 -1.602187E+00 -9.861905E+00  1.878710E+01
     57635  2.718271E-01 -1.090020E+01  2.245882E+01
     57636 -3.152322E-01 -1.111151E+01  1.919266E+01
     57637 -2.567501E+00 -9.026586E+00  1.485819E+01
     57638 -5.200351E+00 -1.146402E+01  5.062723E+01
     57639  3.206284E-01 -1.112020E+01  2.306693E+01
     57640  5.532173E-01 -1.148726E+01  2.686859E+01
     57641 -1.569135E-01 -1.097660E+01  1.767422E+01
     57642  1.221894E+00 -1.151394E+01  3.049089E+01
     57643  1.215992E+00 -1.146707E+01  3.494888E+01
     57644  3.123735E-01 -1.139641E+01  2.479856E+01
     57645  7.126208E-01 -1.145979E+01  3.979671E+01
     57646 -9.989818E-01 -1.164697E+01  4.440407E+01
     57647 -1.015080E+00 -1.156730E+01  3.389920E+01
     57648 -1.955042E+00 -1.198415E+01  4.842272E+01
     57649 -1.574223E+00 -9.744357E+00  1.815071E+01
     57650 -2.431043E+00 -1.091859E+01  1.521714E+01
     57651 -1.054217E+00 -1.097133E+01  2.692915E+01
     57652 -4.884565E+00 -1.157406E+01  2.069269E+01
     57653 -2.429623E+00 -1.107802E+01  3.880876E+01
     57654 -3.827639E+00 -1.171137E+01  3.382376E+01
     63953 -1.354052E+00 -1.326239E-01 -4.953443E-01
     63954  1.758302E+00  1.055263E+00 -9.204313E-02
     63955 -4.707984E-03  4.550968E-01 -8.821915E-02
     63956 -1.113346E+00  1.263522E-01 -5.855446E-01
     63957  3.026174E-01  2.343073E+00  8.515361E-01
     63958 -2.058437E-01 -1.001505E+01  2.070443E+01
     63959  1.480366E+00 -9.075360E+00  1.710825E+01
     63960  2.380223E+00 -8.188735E+00  1.365835E+01
     63961  2.390864E+00 -1.210272E+01  5.499300E+01
     63962  7.751273E-04 -1.175166E+01  6.055200E+01
     63963  4.877288E+00 -1.054470E+01  4.593051E+01
     63964  3.977858E-01 -1.021540E+01  1.779738E+01
     63965 -2.730797E+00 -8.843819E+00  5.147089E+01
     63966  2.304977E+00 -1.014241E+01  1.333400E+01
     63967  1.658197E+00 -8.909228E+00  1.626311E+01
     63968  1.141009E-01 -1.005792E+01  1.609760E+01
     63969  4.630376E+00 -1.060282E+01  1.855780E+01
     63970  1.115684E+00 -1.002211E+01  2.430130E+01
     63971 -2.037640E-01 -1.041753E+01  2.270126E+01
     63972  3.561625E+00 -1.072488E+01  3.054758E+01
     63973  2.326682E+00 -1.013843E+01  3.512519E+01
     63974  9.868232E-01 -1.057785E+01  3.104996E+01
     63975  1.845013E+00 -1.096309E+01  4.430662E+01
     63976 -4.365452E-01 -1.055223E+01  2.498972E+01
     63977 -2.333715E-01 -1.020525E+01  2.150677E+01
     63978 -1.030755E+00 -1.052342E+01  3.237570E+01
     63979 -1.037012E+00 -1.054874E+01  2.829901E+01
     63980  1.081418E+00 -1.070483E+01  4.098117E+01
     63981 -5.142619E-01 -1.046238E+01  3.681400E+01
     69741 -3.255248E-02 -6.378154E-02  1.402086E-01
     69742  2.775934E-02 -5.291039E-02  1.264387E-01
     69743  2.111795E-01 -2.522886E-01 -1.033658E-01
     69744 -2.319951E-01 -2.614084E-01 -1.112499E-01
     69745  1.395999E+00 -1.650827E+00 -6.472755E+00
     69746  2.132251E+00 -1.172935E+00 -5.908141E+00
     69747  1.348486E+00 -1.417925E+00 -5.186536E+00
     69748 -3.165918E-02 -2.924317E-01 -6.604505E-01
     69749  5.883727E-02 -2.451853E-01 -6.774659E-01
     69750  3.760343E-02 -2.927054E-01 -6.585824E-01
     69751 -5.428608E-02 -2.446037E-01 -6.666354E-01
     69752 -1.997735E+00 -1.035305E+00 -5.343295E+00
     69753 -1.337503E+00 -1.461637E+00 -5.828573E+00
     69754 -1.291407E+00 -1.272625E+00 -4.694484E+00
     69755  2.453650E+00 -1.583469E+00 -4.081215E+00
     69756 -2.284938E+00 -1.424766E+00 -3.714374E+00
     69757  1.128644E+00 -1.089078E+00 -3.817111E+00
     69758  1.606341E+00 -1.293735E+00 -4.066940E+00
     69759  1.750902E+00 -1.671198E+00 -3.121019E+00
     69760  1.688127E+00 -5.149219E-01 -1.245576E+00
     69761  2.419219E+00 -1.955365E+00 -4.064209E+00
     69762  2.472824E+00 -2.005197E+00 -3.730343E+00
     69763  1.683147E+00 -1.090393E+00 -1.635922E+00
     69764  2.789242E+00 -1.726004E+00 -3.724469E+00
     69765  3.263038E+00 -2.161545E+00 -3.837439E+00
     69766  2.966931E+00 -1.443985E+00 -3.345429E+00
     69767  3.319206E+00 -1.824176E+00 -3.448659E+00
     69768  2.955846E+00 -1.161854E+00 -2.929124E+00
     69769  3.239223E+00 -1.426727E+00 -3.041607E+00
     69770  3.059759E+00 -1.074914E+00 -2.648668E+00
     69771  2.790669E+00 -8.639160E-01 -2.486452E+00
     69772  2.775112E+00 -7.339245E-01 -2.224839E+00
     69773  2.545864E+00 -6.156272E-01 -2.064557E+00
     69774  2.475418E+00 -4.903629E-01 -1.856743E+00
     69775  2.254244E+00 -4.104343E-01 -1.688153E+00
     69776  2.161548E+00 -2.972831E-01 -1.527754E+00
     69777  1.971746E+00 -2.723402E-01 -1.373904E+00
     69778  1.871874E+00 -1.576968E-01 -1.250436E+00
     69779  1.713620E+00 -1.640916E-01 -1.122666E+00
     69780  1.629803E+00 -9.770227E-02 -1.061522E+00
     69781  1.482694E+00 -1.133364E-01 -9.487192E-01
     69782  1.419904E+00 -4.704181E-02 -8.960679E-01
     69783  1.299702E+00 -7.781313E-02 -8.088574E-01
     69784  1.257804E+00 -4.833163E-02 -7.992992E-01
     69785  1.142188E+00 -7.766795E-02 -7.264870E-01
     69786  1.122873E+00 -4.443369E-02 -7.139445E-01
     69787  1.025035E+00 -7.790283E-02 -6.605638E-01
     69788  1.023011E+00 -6.897429E-02 -6.735346E-01
     69789  9.242832E-01 -9.573355E-02 -6.287892E-01
     69790  9.376236E-01 -7.897952E-02 -6.312585E-01
     69791  8.498929E-01 -1.064731E-01 -5.995756E-01
     69792  8.721801E-01 -1.036910E-01 -6.155259E-01
     69793  7.807393E-01 -1.236609E-01 -5.869101E-01
     69794  8.084345E-01 -1.111165E-01 -5.891646E-01
     69795  7.238166E-01 -1.313974E-01 -5.687486E-01
     69796  7.513311E-01 -1.266194E-01 -5.788065E-01
     69797  6.612309E-01 -1.402237E-01 -5.592057E-01
     69798  6.848996E-01 -1.269974E-01 -5.603199E-01
     69799  5.987229E-01 -1.437487E-01 -5.497627E-01
     69800  6.158955E-01 -1.337814E-01 -5.532172E-01
     69801  5.330004E-01 -1.485022E-01 -5.435105E-01
     69802  5.463846E-01 -1.409489E-01 -5.491705E-01
     69803  4.555042E-01 -1.516269E-01 -5.405879E-01
     69804  4.637255E-01 -1.422871E-01 -5.441305E-01
     69805  3.732184E-01 -1.569491E-01 -5.462597E-01
     69806  3.825979E-01 -1.557776E-01 -5.581746E-01
     69807  2.947181E-01 -1.682708E-01 -5.621398E-01
     69808  3.103456E-01 -1.720275E-01 -5.793221E-01
     69809  2.136175E-01 -1.825018E-01 -5.840151E-01
     69810  1.402848E-01 -1.975346E-01 -6.101937E-01
     69811  2.366361E-01 -1.848566E-01 -5.990701E-01
     69812  1.754172E-01 -2.078887E-01 -6.310037E-01
     69813  8.262047E-02 -2.126422E-01 -6.396834E-01
     69814  1.330784E-01 -2.305926E-01 -6.594558E-01
     69815  2.970851E-02 -2.292507E-01 -6.672423E-01
     69816  9.420174E-02 -2.412083E-01 -6.803181E-01
     69817 -7.061062E-03 -2.476398E-01 -6.841449E-01
     69818  1.261648E-02 -2.455219E-01 -6.685972E-01
     69819 -9.002911E-02 -2.379148E-01 -6.593489E-01
     69820 -2.593502E-02 -2.304595E-01 -6.425441E-01
     69821 -1.231001E-01 -2.220890E-01 -6.272685E-01
     69822 -1.690370E-01 -2.014260E-01 -5.877901E-01
     69823 -7.396541E-02 -2.114967E-01 -6.053369E-01
     69824 -2.254924E-01 -1.770743E-01 -5.469761E-01
     69825 -1.346580E-01 -1.899408E-01 -5.640890E-01
     69826 -2.913967E-01 -1.561986E-01 -5.072901E-01
     69827 -2.076945E-01 -1.707700E-01 -5.248143E-01
     69828 -3.699361E-01 -1.354688E-01 -4.682071E-01
     69829 -2.847591E-01 -1.510402E-01 -4.818083E-01
     69830 -4.536949E-01 -1.209843E-01 -4.424586E-01
     69831 -3.712839E-01 -1.372381E-01 -4.497651E-01
     69832 -5.398203E-01 -1.084327E-01 -4.293691E-01
     69833 -4.603609E-01 -1.262640E-01 -4.293007E-01
     69834 -6.253689E-01 -9.966368E-02 -4.267506E-01
     69835 -5.484832E-01 -1.182570E-01 -4.213122E-01
     69836 -7.086504E-01 -9.310437E-02 -4.334463E-01
     69837 -6.336307E-01 -1.131000E-01 -4.218610E-01
     69838 -7.890024E-01 -8.801401E-02 -4.491306E-01
     69839 -7.149635E-01 -1.093656E-01 -4.311890E-01
     69840 -8.663408E-01 -8.311234E-02 -4.729968E-01
     69841 -7.925486E-01 -1.062385E-01 -4.484640E-01
     69842 -9.419816E-01 -7.749651E-02 -5.047553E-01
     69843 -8.674521E-01 -1.027196E-01 -4.734398E-01
     69844 -1.019042E+00 -7.096939E-02 -5.449337E-01
     69845 -9.425237E-01 -9.843178E-02 -5.061119E-01
     69846 -1.102593E+00 -6.365814E-02 -5.940975E-01
     69847 -1.021911E+00 -9.384136E-02 -5.473395E-01
     69848 -1.199661E+00 -5.831269E-02 -6.572200E-01
     69849 -1.112885E+00 -9.024627E-02 -5.997257E-01
     69850 -1.317483E+00 -5.904696E-02 -7.395292E-01
     69851 -1.222187E+00 -9.173195E-02 -6.696912E-01
     69852 -1.464408E+00 -7.227269E-02 -8.491082E-01
     69853 -1.356932E+00 -1.027516E-01 -7.637705E-01
     69854 -1.646715E+00 -1.093190E-01 -9.954928E-01
     69855 -1.523339E+00 -1.315278E-01 -8.933983E-01
     69856 -1.865210E+00 -1.748854E-01 -1.184843E+00
     69857 -1.723374E+00 -1.842692E-01 -1.063095E+00
     69858 -2.118511E+00 -2.834077E-01 -1.424910E+00
     69859 -1.955037E+00 -2.710690E-01 -1.284394E+00
     69860 -2.396899E+00 -4.503551E-01 -1.718616E+00
     69861 -2.209672E+00 -4.011274E-01 -1.568211E+00
     69862 -2.675770E+00 -6.758736E-01 -2.056487E+00
     69863 -2.467084E+00 -5.775921E-01 -1.904717E+00
     69864 -2.922570E+00 -9.608915E-01 -2.421636E+00
     69865 -2.692987E+00 -8.002149E-01 -2.283231E+00
     69866 -3.097174E+00 -1.289341E+00 -2.790572E+00
     69867 -2.840733E+00 -1.056396E+00 -2.678298E+00
     69868 -3.164898E+00 -1.627543E+00 -3.149516E+00
     69869 -2.857449E+00 -1.318011E+00 -3.058343E+00
     69870 -3.115600E+00 -1.941136E+00 -3.513549E+00
     69871 -2.690815E+00 -1.551770E+00 -3.399775E+00
     69872 -2.351350E+00 -1.798038E+00 -3.380436E+00
     69873 -2.342335E+00 -1.768149E+00 -3.709800E+00
     69874 -1.547472E+00 -1.179991E+00 -3.682316E+00
     69875 -1.112922E+00 -9.877514E-01 -3.461125E+00
     69876 -1.600010E+00 -9.768429E-01 -1.477337E+00
     69877 -1.668501E+00 -1.492729E+00 -2.835896E+00
     69878 -1.611186E+00 -4.541449E-01 -1.119316E+00
     70746  1.430002E-01 -7.072444E-03  3.593702E-01
     70747 -7.422443E-02  8.009367E-03  1.447890E-01
     70748 -2.847015E-01 -6.586847E-01  3.750245E-01
     70749 -3.625663E-01 -2.834754E-01  3.784901E-01
     70750  1.495092E-01 -2.097211E-01 -3.643801E+00
     70751 -2.111952E-01  2.380085E-01 -5.115144E+00
     70752  1.141787E+00 -2.105147E+00 -9.104380E+00
     70753  4.992664E-01 -8.508130E-01 -5.047718E+00
     70754 -4.559898E-02 -6.529056E-01 -4.810498E+00
     70755 -6.893874E-01  5.137238E-01 -7.625313E+00
     70756  1.652089E+00 -5.107514E+00 -1.530881E+01
     70757  1.328725E+00 -6.690964E+00 -1.997772E+01
     70758 -1.993768E-01 -2.639129E+00 -1.401714E+01
     70759 -5.978702E-01 -4.463790E-01 -7.754994E+00
     70760 -1.645745E-01 -4.194835E+00 -1.955036E+01
     70761  9.690805E-01 -3.819494E+00 -1.426917E+01
     70762  1.267445E+00 -4.193831E+00 -8.531363E+00
     70763 -7.668455E-01 -4.852439E+00 -1.506268E+01
     70764  8.792131E-01 -4.706918E+00 -6.512841E+00
     70765  1.028999E+00 -5.294938E+00 -7.785782E+00
     70766  6.521337E-02 -3.695279E+00 -8.328487E+00
     70767  1.731453E+00 -8.307205E+00 -1.345183E+01
     70768  1.173414E+00 -9.828119E+00 -1.910110E+01
     70769 -5.392631E-01 -6.053652E+00 -1.428483E+01
     70770  1.270588E+00 -9.243476E+00 -1.965722E+01
     70771  1.115416E+00 -8.394203E+00 -1.975089E+01
     70772  5.883603E-01 -5.014182E+00 -1.255911E+01
     70773  4.212914E-02 -1.365147E+00 -9.116837E+00
     71530 -1.463816E-01 -1.145485E-02  3.095553E-01
     71531  5.926741E-02  8.544480E-03  1.219196E-01
     71532  2.782446E-01 -6.016964E-01  3.392289E-01
     71533  3.204991E-01 -2.657541E-01  3.565560E-01
     71534  1.493291E-01  2.072937E-01 -4.514528E+00
     71535 -1.546246E-01 -1.785255E-01 -3.239509E+00
     71536 -4.799636E-01 -7.467665E-01 -4.501650E+00
     71537 -1.051601E+00 -1.843579E+00 -8.163198E+00
     71538  1.460370E-02 -5.657062E-01 -4.261584E+00
     71539  5.986490E-01  4.586132E-01 -6.645092E+00
     71540 -1.447235E+00 -4.545272E+00 -1.378398E+01
     71541 -1.140692E+00 -5.970038E+00 -1.798015E+01
     71542  1.689526E-01 -2.328987E+00 -1.245202E+01
     71543  5.163814E-01 -3.841007E-01 -6.787343E+00
     71544 -8.804973E-01 -3.476749E+00 -1.304049E+01
     71545  1.573125E-01 -3.782760E+00 -1.767265E+01
     71546  7.220018E-01 -4.371413E+00 -1.355817E+01
     71547 -1.129535E+00 -3.802700E+00 -7.896948E+00
     71548 -4.851190E-01 -4.530139E+00 -1.130323E+01
     71549  5.071172E-01 -5.457300E+00 -1.286737E+01
     71550 -3.051394E-02 -3.324752E+00 -7.583930E+00
     71551 -9.943039E-01 -8.860523E+00 -1.730530E+01
     71552 -1.070229E+00 -8.295535E+00 -1.777782E+01
     71553 -1.491292E+00 -7.477671E+00 -1.224977E+01
     71554 -9.058858E-01 -4.772237E+00 -7.173149E+00
     71555 -9.451946E-01 -7.538259E+00 -1.782121E+01
     71556 -1.723888E-02 -1.199782E+00 -8.060707E+00
     71557 -7.535125E-01 -4.238402E+00 -6.066062E+00

 total force (fx,fy,fz) for set FEET and time  0.5000000E+01

        2.338785E-09 -9.192533E+02  7.713451E+02

                        S T E P       6


                                INCREMENT     1


 displacements (vx,vy,vz) for set TOP and time  0.6000000E+01

     35037  9.793970E-03 -4.238107E-01  3.626012E-01
     35822  4.054690E-04 -4.525240E-01  3.804348E-01
     37264  1.974263E-02 -3.339614E-01  3.065225E-01
     43694 -8.068430E-03 -4.572024E-01  3.844592E-01
     46347 -1.793496E-02 -3.286960E-01  2.965581E-01

 forces (fx,fy,fz) for set FEET and time  0.6000000E+01

       151  2.093223E-01 -2.039149E-01  1.021341E-01
       155 -3.561849E-02 -9.805324E-01  2.019278E-01
       156  3.583344E-04 -6.234568E-02  1.081319E-01
       160  6.158102E-04 -1.030243E-01  6.233225E-02
       161 -1.861561E-01 -1.832769E-01  8.289839E-02
       165  3.382789E-02 -8.725475E-01  1.893505E-01
       194 -1.048398E+01 -6.938599E+00 -1.413573E+01
       195 -1.581437E+00  1.680780E+00 -2.034449E+00
       196  1.294081E+00  1.068391E+00 -1.585646E+00
       197  1.083387E+01 -5.292699E+00 -1.141478E+01
       221 -1.130346E+00  9.230170E-01 -1.406765E+00
       222 -9.844878E+00 -4.732002E+00 -1.025496E+01
       225  1.465274E+00  1.570551E+00 -1.908180E+00
       226  9.628455E+00 -6.436274E+00 -1.308748E+01
       234 -4.830820E-01  4.833721E-01  1.222693E+00
       236  4.626288E-01  4.327656E-01  1.119553E+00
       242  5.746776E-01 -6.737417E-01  4.586786E-01
       245 -1.794295E+00  1.078994E+00  2.121083E+00
       246  2.837316E+00  2.433355E+00  4.330316E+00
       253 -4.873844E-01 -5.694437E-01  3.634307E-01
       254 -2.558969E+00  2.191361E+00  3.917994E+00
       255  1.638922E+00  1.000042E+00  1.929734E+00
      3486 -3.708783E-02  3.414698E-03  3.495069E+00
      3512  1.088926E-03 -2.759586E-02  3.291409E-01
      3525  7.838835E-02 -3.451111E-01  3.997301E-01
      3526 -6.678890E-02 -3.602243E-01  5.045024E-01
      3527 -3.564253E-01 -3.667423E-01  1.134826E+00
      3528 -3.101795E-01 -3.250641E-01  8.659401E-01
      3529 -3.633516E-01 -1.897919E-01  4.793880E-01
      3530 -2.569816E-01 -1.376746E-01  2.533727E-01
      3531 -2.636194E-01 -5.558525E-02  6.011414E-03
      3532 -1.634778E-01  1.692180E-02 -1.327083E-01
      3533 -1.598663E-01  5.901853E-03 -1.617750E-01
      3534 -1.343999E-01  1.528443E-02 -2.302742E-01
      3535 -7.211530E-02  2.398817E-02 -2.219153E-01
      3536 -8.683628E-02  1.527009E-02 -2.097846E-01
      3537 -4.352551E-02  1.768807E-02 -1.750164E-01
      3538 -6.329100E-02  2.564591E-03 -1.421506E-01
      3539 -3.258045E-02  3.537238E-03 -1.042459E-01
      3540 -5.454362E-02 -1.047080E-02 -7.382419E-02
      3541 -3.081166E-02 -8.950286E-03 -4.442849E-02
      3542 -5.224514E-02 -1.832833E-02 -2.650381E-02
      3543 -3.130348E-02 -1.577456E-02 -8.804941E-03
      3544 -4.868284E-02 -2.063141E-02 -4.558817E-03
      3545 -4.655225E-02 -1.321491E-02 -5.508277E-03
      3546 -3.283815E-02 -2.031970E-02  1.184822E-02
      3547 -3.526947E-02 -2.019257E-02  4.686607E-03
      3548 -2.954615E-02 -1.365755E-02  3.158797E-03
      3549 -1.253154E-02 -2.256917E-02  2.282933E-02
      3550 -1.701129E-02 -2.425322E-02  2.343435E-02
      3551 -1.172929E-02 -2.083998E-02  2.819318E-02
      3552  3.221079E-03 -7.272256E-03  3.444312E-02
      3553  3.198420E-03 -3.317824E-02  6.116563E-02
      3554 -6.604518E-03 -3.955528E-02  6.966974E-02
      3555 -7.196756E-01  6.230546E-01  4.970602E+00
      3556 -9.063114E-01  4.074149E-01  4.244951E+00
      3557 -2.162921E+00  5.526683E-01  5.818590E+00
      3558 -2.575231E+00  5.299036E-01  4.940510E+00
      3559 -2.632822E+00  4.043415E-01  3.889438E+00
      3560 -2.555735E+00  3.620201E-01  2.826694E+00
      3561 -2.308222E+00  2.626608E-01  1.994531E+00
      3562 -2.054952E+00  1.708022E-01  1.245065E+00
      3563 -1.759980E+00  1.298862E-01  7.733149E-01
      3564 -1.491273E+00  6.500265E-02  4.364787E-01
      3565 -1.281308E+00  3.477758E-03  1.684030E-01
      3566 -1.075501E+00  4.403964E-03  1.227916E-01
      3567 -9.405010E-01 -2.933284E-02  4.207375E-02
      3568 -8.104315E-01 -1.430033E-02  1.101606E-01
      3569 -7.358403E-01 -2.826980E-02  1.160062E-01
      3570 -6.581066E-01 -1.106337E-02  2.122515E-01
      3571 -6.199387E-01 -1.409102E-02  2.361606E-01
      3572 -5.695152E-01 -7.563166E-04  3.137007E-01
      3573 -5.439656E-01  1.764431E-04  3.205659E-01
      3574 -4.985042E-01  8.695891E-03  3.645686E-01
      3575 -4.586943E-01  1.310991E-02  3.607801E-01
      3576 -4.121790E-01  2.314389E-02  3.592172E-01
      3577 -3.581710E-01  1.976661E-02  3.780253E-01
      3578 -2.970018E-01  2.270149E-02  3.759405E-01
      3579 -2.366003E-01  3.314106E-02  3.917650E-01
      3580 -1.776721E-01  3.136665E-02  4.396468E-01
      3581 -1.214919E-01  3.598469E-02  4.682650E-01
      3582 -7.755312E-02  4.740619E-02  5.121292E-01
      3583 -4.762889E-02  4.976806E-02  5.760032E-01
      3584 -2.137801E-02  4.812668E-02  6.093292E-01
      3585  3.734041E-04  5.996349E-02  6.136829E-01
      3769  7.519767E-02 -1.388013E+00  4.294192E-01
      3770  6.932134E-02 -1.682653E+00  7.525501E-01
      3771  1.207909E-01 -1.436688E+00  7.697063E-01
      3772 -5.197156E-02 -1.043401E+00  6.244510E-01
      3773  8.813729E-02 -7.433690E-01  3.984618E-01
      3774 -1.515518E-02 -4.021829E-01  2.689447E-01
      3775  5.133573E-02 -2.104681E-01  1.348616E-01
      3776 -7.288198E-03 -4.884325E-02  1.759271E-02
      3777  3.241480E-02  1.134637E-01  4.864742E-02
      3778  1.784634E-02  1.093231E-01 -1.083250E-02
      3779  2.550628E-02  1.523079E-01 -3.283698E-02
      3780  1.201160E-02  1.256440E-01 -1.701937E-02
      3781  2.295545E-02  1.221680E-01 -2.104939E-02
      3782  1.155934E-02  7.540098E-02  5.623093E-03
      3783  1.754341E-02  5.975457E-02  6.949570E-03
      3784  1.284893E-02  1.417164E-02  3.131112E-02
      3785  1.213572E-02  3.287342E-03  3.184301E-02
      3786  1.383761E-02 -3.037694E-02  4.776719E-02
      3787  7.904411E-03 -3.063388E-02  4.532555E-02
      3788  1.335708E-02 -5.016059E-02  5.162004E-02
      3789  7.650245E-03 -4.833991E-02  5.092429E-02
      3790  8.422466E-03 -3.464823E-02  6.115210E-02
      3791  1.136145E-02 -5.731996E-02  5.039972E-02
      3792  6.080377E-03 -5.483073E-02  4.975374E-02
      3793  5.164645E-03 -5.010355E-02  6.290331E-02
      3794  1.007257E-02 -7.610413E-02  5.859059E-02
      3795  4.748789E-03 -7.966367E-02  6.151110E-02
      3796  1.722936E-03 -1.058003E-01  7.317701E-02
      3797  2.578469E-03 -1.097935E-01  8.163197E-02
      3798  6.462535E-03 -1.077193E-01  8.758001E-02
      3799 -1.680961E-02 -1.706287E+00  2.502310E+00
      3800 -2.256382E-01 -2.298990E+00  3.145885E+00
      3801 -4.941951E-01 -2.520453E+00  3.211307E+00
      3802 -6.319834E-01 -1.428838E+00  2.495814E+00
      3803 -6.756327E-01 -1.531552E+00  1.998777E+00
      3804 -6.136320E-01 -6.845629E-01  1.198554E+00
      3805 -5.597703E-01 -5.998476E-01  7.843922E-01
      3806 -4.688152E-01 -1.729165E-01  3.101577E-01
      3807 -3.831298E-01 -4.244894E-02  5.798358E-02
      3808 -3.270597E-01  5.125506E-02 -5.314389E-02
      3809 -2.705249E-01  9.753634E-02 -1.679185E-01
      3810 -2.254361E-01  1.285536E-01 -1.565734E-01
      3811 -1.913640E-01  9.420361E-02 -1.621614E-01
      3812 -1.645880E-01  7.990579E-02 -9.367344E-02
      3813 -1.479104E-01  3.724980E-02 -6.547429E-02
      3814 -1.334978E-01 -4.438005E-03  1.467653E-02
      3815 -1.261481E-01 -2.333200E-02  3.655681E-02
      3816 -1.183587E-01 -7.320654E-02  1.024709E-01
      3817 -1.133733E-01 -6.287334E-02  1.023382E-01
      3818 -1.066864E-01 -1.078646E-01  1.459293E-01
      3819 -9.805079E-02 -7.942112E-02  1.308644E-01
      3820 -8.506015E-02 -9.638225E-02  1.363808E-01
      3821 -7.619372E-02 -1.191682E-01  1.562676E-01
      3822 -6.292276E-02 -8.560091E-02  1.403645E-01
      3823 -4.556416E-02 -1.085875E-01  1.529168E-01
      3824 -3.473379E-02 -1.440987E-01  1.880373E-01
      3825 -2.156898E-02 -1.170089E-01  1.894373E-01
      3826 -6.155294E-03 -1.568861E-01  2.253689E-01
      3827  1.834711E-03 -1.926935E-01  2.522127E-01
      3828  7.747425E-04 -2.233492E-01  2.927742E-01
      3829 -9.512731E-04 -1.908374E-01  2.844035E-01
      3843  5.755487E-02 -2.727522E-04  3.116433E+00
      3856  6.651797E-03 -3.870994E-02  7.288150E-02
      3857 -1.489514E-03 -3.321950E-02  6.908067E-02
      3858  8.401633E-05 -3.026285E-02  5.927792E-02
      3859  2.742884E-03 -2.651974E-02  4.977012E-02
      3860  7.834158E-03 -2.386220E-02  3.801223E-02
      3861  1.422031E-02 -1.996808E-02  3.125937E-02
      3862  2.166601E-02 -1.773160E-02  2.444600E-02
      3863  2.795048E-02 -1.529705E-02  2.096203E-02
      3864  3.462709E-02 -1.439203E-02  1.541214E-02
      3865  4.000430E-02 -1.372389E-02  1.128085E-02
      3866  4.482370E-02 -1.317536E-02  6.182781E-03
      3867  4.846156E-02 -1.276515E-02 -7.664680E-04
      3868  5.120664E-02 -1.189396E-02 -1.064212E-02
      3869  5.313801E-02 -1.039379E-02 -2.464648E-02
      3870  5.474695E-02 -7.954133E-03 -4.318684E-02
      3871  5.669859E-02 -4.447785E-03 -6.680821E-02
      3872  6.024679E-02  1.527276E-05 -9.400911E-02
      3873  6.695346E-02  4.650801E-03 -1.228417E-01
      3874  7.843479E-02  8.726683E-03 -1.483466E-01
      3875  9.425137E-02  1.114563E-02 -1.627838E-01
      3876  1.193757E-01  8.458481E-03 -1.627459E-01
      3877  1.538706E-01 -1.775958E-03 -1.370141E-01
      3878  1.931829E-01 -2.156087E-02 -6.963238E-02
      3879  2.412767E-01 -5.458273E-02  4.671460E-02
      3880  2.922809E-01 -1.042050E-01  2.227468E-01
      3881  3.364761E-01 -1.711974E-01  4.596794E-01
      3882  3.580682E-01 -2.493877E-01  7.418572E-01
      3883  3.248561E-01 -3.213311E-01  1.014232E+00
      3884  6.471968E-02 -3.200811E-01  4.496523E-01
      3885 -1.288186E-01 -2.310810E-01  3.449004E-01
      3886 -3.080758E-05  6.178319E-02  6.145718E-01
      3887  2.235357E-02  4.357111E-02  6.088088E-01
      3888  4.330015E-02  4.582052E-02  5.693991E-01
      3889  7.561424E-02  4.047807E-02  5.216506E-01
      3890  1.174021E-01  3.576481E-02  4.686727E-01
      3891  1.693349E-01  2.941295E-02  4.205941E-01
      3892  2.271080E-01  2.587399E-02  3.742441E-01
      3893  2.918404E-01  1.993419E-02  3.426590E-01
      3894  3.546301E-01  1.611062E-02  3.193950E-01
      3895  4.172064E-01  1.234337E-02  3.045411E-01
      3896  4.768429E-01  9.198904E-03  2.947820E-01
      3897  5.319195E-01  5.688518E-03  2.872418E-01
      3898  5.835753E-01  2.263921E-03  2.785186E-01
      3899  6.321009E-01 -1.291977E-03  2.654323E-01
      3900  6.801304E-01 -4.906743E-03  2.458863E-01
      3901  7.310469E-01 -8.238509E-03  2.193893E-01
      3902  7.915814E-01 -1.030672E-02  1.893007E-01
      3903  8.679175E-01 -9.724236E-03  1.638608E-01
      3904  9.684233E-01 -5.137870E-03  1.569445E-01
      3905  1.098466E+00  5.050095E-03  1.914895E-01
      3906  1.262676E+00  2.773471E-02  2.812223E-01
      3907  1.463959E+00  6.255042E-02  4.597659E-01
      3908  1.698206E+00  1.073429E-01  7.666973E-01
      3909  1.950617E+00  1.683098E-01  1.216199E+00
      3910  2.196740E+00  2.397636E-01  1.830304E+00
      3911  2.396594E+00  3.140204E-01  2.608842E+00
      3912  2.493705E+00  3.792406E-01  3.517476E+00
      3913  2.408446E+00  4.302375E-01  4.463682E+00
      3914  2.075068E+00  5.160544E-01  5.253002E+00
      3915  8.866995E-01  3.460261E-01  3.828444E+00
      3916  7.246225E-01  6.117118E-01  4.479237E+00
      4100 -7.112037E-03 -1.157064E-01  9.109184E-02
      4101 -1.457828E-03 -1.246705E-01  9.055659E-02
      4102 -3.770931E-03 -1.124124E-01  8.225104E-02
      4103 -5.080726E-03 -9.629075E-02  7.332678E-02
      4104 -8.048430E-03 -8.300581E-02  6.546490E-02
      4105 -5.727631E-03 -7.261116E-02  6.046897E-02
      4106 -1.086002E-02 -5.910787E-02  5.563669E-02
      4107 -1.171118E-02 -5.149378E-02  4.995879E-02
      4108 -1.320013E-02 -4.480509E-02  4.751219E-02
      4109 -1.506651E-02 -3.920993E-02  4.717861E-02
      4110 -1.613911E-02 -3.415761E-02  4.671967E-02
      4111 -1.793831E-02 -2.627228E-02  4.783943E-02
      4112 -1.934645E-02 -1.521116E-02  4.721746E-02
      4113 -2.073565E-02  4.721707E-04  4.526162E-02
      4114 -2.191790E-02  2.105384E-02  4.155255E-02
      4115 -2.325158E-02  4.683562E-02  3.621396E-02
      4116 -2.472746E-02  7.558480E-02  2.919151E-02
      4117 -2.616181E-02  1.045072E-01  2.243498E-02
      4118 -2.940025E-02  1.281284E-01  1.671038E-02
      4119 -3.024633E-02  1.341493E-01  1.701685E-02
      4120 -3.187581E-02  1.182373E-01  2.766425E-02
      4121 -4.014548E-02  7.077206E-02  5.033205E-02
      4122 -4.436467E-02 -2.481118E-02  9.074264E-02
      4123 -5.077525E-02 -1.836568E-01  1.542596E-01
      4124 -5.757043E-02 -4.128935E-01  2.478795E-01
      4125 -6.417304E-02 -7.115096E-01  3.724745E-01
      4126 -6.965228E-02 -1.057320E+00  5.184014E-01
      4127 -8.066243E-02 -1.393128E+00  6.573220E-01
      4128 -7.905224E-02 -1.632753E+00  7.084572E-01
      4129 -5.060920E-02 -1.304465E+00  4.442069E-01
      4130  2.150207E-03 -1.974152E-01  2.895238E-01
      4131  3.102447E-03 -2.581196E-01  3.086537E-01
      4132  5.484464E-03 -2.274233E-01  2.830688E-01
      4133  8.807445E-03 -2.083013E-01  2.558390E-01
      4134  1.829434E-02 -1.803126E-01  2.243088E-01
      4135  3.436617E-02 -1.576127E-01  2.002215E-01
      4136  4.687902E-02 -1.403390E-01  1.764029E-01
      4137  6.149885E-02 -1.186867E-01  1.564569E-01
      4138  7.460677E-02 -1.073079E-01  1.436984E-01
      4139  8.811242E-02 -1.007314E-01  1.356434E-01
      4140  1.012383E-01 -9.352210E-02  1.284447E-01
      4141  1.122479E-01 -8.980273E-02  1.231470E-01
      4142  1.223385E-01 -8.136613E-02  1.136775E-01
      4143  1.312734E-01 -6.791154E-02  9.848817E-02
      4144  1.399076E-01 -4.799865E-02  7.563699E-02
      4145  1.487316E-01 -2.198947E-02  4.504363E-02
      4146  1.599738E-01  9.718310E-03  7.337962E-03
      4147  1.753278E-01  4.363139E-02 -3.313431E-02
      4148  1.967747E-01  7.222519E-02 -6.693594E-02
      4149  2.302546E-01  8.711639E-02 -8.776139E-02
      4150  2.761237E-01  7.603733E-02 -7.025800E-02
      4151  3.231227E-01  2.196466E-02  4.656140E-03
      4152  3.791914E-01 -9.314700E-02  1.445750E-01
      4153  4.492950E-01 -2.828966E-01  3.832561E-01
      4154  5.222606E-01 -5.668538E-01  7.396751E-01
      4155  5.869274E-01 -9.544402E-01  1.224435E+00
      4156  6.250266E-01 -1.426708E+00  1.819286E+00
      4157  6.043608E-01 -1.928683E+00  2.450024E+00
      4158  4.812197E-01 -2.335614E+00  2.912694E+00
      4159  2.344097E-01 -2.471146E+00  2.930301E+00
      4160  6.537930E-02 -1.549760E+00  2.209220E+00
      4914 -4.999634E+00  5.011280E-01 -3.472820E+00
      4915 -5.189043E+00  2.855719E-01 -3.593225E+00
      4916 -7.510807E+00  5.690288E-02 -4.794309E+00
      4917 -1.306370E+01  2.637652E-01 -5.010415E+00
      4918 -5.404432E+00  4.500377E+00 -1.299475E+01
      4919 -7.786214E+00  5.797723E+00 -1.733117E+01
      4920 -1.022200E+01  6.002582E+00 -2.373343E+01
      4921 -1.644252E+01  5.852517E+00 -3.184219E+01
      4922 -1.962044E+01  5.237809E+00 -4.188852E+01
      5073  4.396986E-01  7.757554E+00 -1.299656E+01
      5074  1.817388E+00 -1.295388E+01 -6.266602E+01
      5075  1.922226E+00  2.836231E-01 -1.677310E+00
      5076  2.700759E+00  6.607422E-01 -2.482094E+00
      5077  4.914590E+00  6.307783E-02 -1.955098E+00
      5078  6.487070E+00 -1.304138E-01 -2.585805E+00
      5079  3.557539E+00  3.218661E+00 -8.845489E+00
      5080  6.036176E+00  5.586854E+00 -1.070884E+01
      5081  7.749345E+00  5.984265E+00 -1.545550E+01
      5082  9.659767E+00  6.137830E+00 -2.215025E+01
      5083  1.768651E+01  6.142535E+00 -3.525835E+01
      5851 -1.827221E+00 -5.101263E-02 -1.662675E+00
      5852 -2.267171E+00  6.134273E-01 -2.207432E+00
      5853 -4.340842E+00  6.251541E-02 -1.641351E+00
      5854 -5.788876E+00 -1.092979E-01 -2.230769E+00
      5855 -3.399636E+00  3.049484E+00 -7.951484E+00
      5856 -5.259860E+00  5.107186E+00 -9.459665E+00
      5857 -6.900199E+00  5.460767E+00 -1.375796E+01
      5858 -8.659810E+00  5.615177E+00 -1.985378E+01
      5859 -1.600419E+01  5.650125E+00 -3.189712E+01
      6017 -4.359736E-01  7.111754E+00 -1.189871E+01
      6018 -1.850203E+00 -1.183595E+01 -5.725927E+01
      6019  4.709459E+00  4.945654E-01 -3.301969E+00
      6020  4.882494E+00  2.681227E-01 -3.412439E+00
      6021  7.043765E+00  5.029030E-02 -4.494359E+00
      6022  1.215704E+01  2.214418E-01 -4.681721E+00
      6023  5.012082E+00  4.162492E+00 -1.213329E+01
      6024  7.288795E+00  5.330830E+00 -1.622689E+01
      6025  9.532599E+00  5.498546E+00 -2.213367E+01
      6026  1.525438E+01  5.349592E+00 -2.954453E+01
      6027  1.807685E+01  4.757308E+00 -3.861966E+01
      6668 -1.222643E+00  1.528157E+00  6.552513E+00
      6673  1.153563E+00  1.346965E+00  5.886732E+00
      6675 -2.259724E-01  2.077281E-01  6.443985E-01
      6676 -1.692174E-01 -4.272295E-01 -8.383067E-01
      6677  1.277360E-02 -3.293870E-01 -7.246280E-01
      6678  4.220985E-02 -1.360605E-01 -3.792537E-01
      6679  2.208922E-02  5.686297E-02 -2.591520E-02
      6680 -1.915214E-02  1.884950E-01  2.362596E-01
      6681 -4.609946E-02  2.754536E-01  4.029448E-01
      6682 -6.522263E-02  3.092422E-01  4.843207E-01
      6683 -7.503436E-02  3.118632E-01  5.001179E-01
      6684 -7.508136E-02  3.013854E-01  4.838473E-01
      6685 -7.380447E-02  2.660860E-01  4.351422E-01
      6686 -6.803988E-02  2.366996E-01  3.811940E-01
      6687 -6.249490E-02  1.947500E-01  3.163094E-01
      6688 -5.510099E-02  1.656527E-01  2.609511E-01
      6689 -4.914836E-02  1.306226E-01  2.056173E-01
      6690 -4.243791E-02  1.099240E-01  1.647961E-01
      6691 -3.745254E-02  8.600105E-02  1.281502E-01
      6692 -3.207425E-02  7.525419E-02  1.056321E-01
      6693 -2.810604E-02  6.153430E-02  8.707437E-02
      6694 -2.443890E-02  5.846609E-02  7.876057E-02
      6695 -1.994776E-02  5.676454E-02  7.380333E-02
      6696 -1.706909E-02  4.980658E-02  7.133315E-02
      6697 -1.506162E-02  5.049659E-02  7.102432E-02
      6698 -1.158206E-02  5.004496E-02  6.781654E-02
      6699 -9.478251E-03  4.191402E-02  6.219167E-02
      6700 -8.417354E-03  4.044322E-02  5.574054E-02
      6701 -4.841831E-03  3.766202E-02  4.530803E-02
      6702 -4.918269E-03  2.599907E-02  3.484012E-02
      6703 -3.397245E-03  2.160287E-02  2.660361E-02
      6704 -1.112971E-02 -2.013896E-03  5.677247E-02
      6705  8.695059E-03 -3.881785E-03  5.379058E-02
      6706  2.265613E-03  1.608133E-02  1.904824E-02
      6707  3.295650E-03  2.042368E-02  2.496376E-02
      6708  4.816259E-03  2.317936E-02  3.113960E-02
      6709  7.027417E-03  2.711007E-02  3.788637E-02
      6710  8.675757E-03  3.092091E-02  4.363705E-02
      6711  1.112787E-02  3.191367E-02  4.434022E-02
      6712  1.488925E-02  3.320907E-02  4.558958E-02
      6713  1.793761E-02  3.583290E-02  4.860015E-02
      6714  2.138828E-02  3.907557E-02  5.214354E-02
      6715  2.522275E-02  4.353790E-02  5.756716E-02
      6716  2.932443E-02  4.972947E-02  6.652659E-02
      6717  3.378572E-02  5.857995E-02  8.028302E-02
      6718  3.864875E-02  7.094426E-02  1.005518E-01
      6719  4.397864E-02  8.761823E-02  1.286858E-01
      6720  4.973267E-02  1.089302E-01  1.654401E-01
      6721  5.605628E-02  1.353200E-01  2.111266E-01
      6722  6.212220E-02  1.661899E-01  2.642996E-01
      6723  6.790929E-02  1.994745E-01  3.210379E-01
      6724  7.274900E-02  2.319259E-01  3.764069E-01
      6725  7.493901E-02  2.616775E-01  4.211388E-01
      6726  7.271407E-02  2.802862E-01  4.435351E-01
      6727  6.444684E-02  2.774082E-01  4.292648E-01
      6728  4.749279E-02  2.465381E-01  3.590607E-01
      6729  2.074253E-02  1.749205E-01  2.132212E-01
      6730 -1.194914E-02  5.403878E-02 -2.221602E-02
      6731 -3.491965E-02 -1.112335E-01 -3.351218E-01
      6732 -6.301840E-03 -2.872245E-01 -6.442896E-01
      6733  1.554623E-01 -3.772160E-01 -7.567079E-01
      6734  2.238638E-01  1.967065E-01  5.580072E-01
      6735 -1.566287E+00  2.278532E+00  4.340098E+00
      6736 -9.743330E-01  6.472051E-01  9.590988E-01
      6737 -1.421914E+00  6.940111E-01  7.257890E-01
      6738 -1.402032E+00  7.020485E-01  9.104248E-01
      6739 -1.428414E+00  7.806615E-01  1.293813E+00
      6740 -1.420155E+00  8.405995E-01  1.602838E+00
      6741 -1.356477E+00  8.220277E-01  1.735884E+00
      6742 -1.251664E+00  7.722542E-01  1.741392E+00
      6743 -1.128774E+00  6.906679E-01  1.640151E+00
      6744 -9.961418E-01  5.987882E-01  1.488564E+00
      6745 -8.752096E-01  5.179252E-01  1.324815E+00
      6746 -7.689950E-01  4.395636E-01  1.152590E+00
      6747 -6.787425E-01  3.760909E-01  9.944927E-01
      6748 -6.033320E-01  3.203521E-01  8.515144E-01
      6749 -5.427257E-01  2.792189E-01  7.331794E-01
      6750 -4.921412E-01  2.441295E-01  6.341565E-01
      6751 -4.511036E-01  2.208661E-01  5.587594E-01
      6752 -4.141149E-01  2.008987E-01  4.995032E-01
      6753 -3.809643E-01  1.894343E-01  4.583449E-01
      6754 -3.460057E-01  1.792071E-01  4.291186E-01
      6755 -3.108430E-01  1.750559E-01  4.146227E-01
      6756 -2.752327E-01  1.757920E-01  4.068218E-01
      6757 -2.335251E-01  1.733610E-01  4.017573E-01
      6758 -1.929737E-01  1.767340E-01  4.053597E-01
      6759 -1.550115E-01  1.829735E-01  4.090621E-01
      6760 -1.159533E-01  1.853064E-01  4.101383E-01
      6761 -8.314449E-02  1.899265E-01  4.130197E-01
      6762 -5.750816E-02  1.939256E-01  4.114457E-01
      6763 -3.402950E-02  1.954061E-01  4.062667E-01
      6764 -1.485342E-02  1.975432E-01  4.035873E-01
      6765 -2.690940E-03  1.928603E-01  3.791603E-01
      6766  9.567749E-03  1.916718E-01  3.875475E-01
      6767  3.030947E-02  1.851828E-01  3.792874E-01
      6768  5.082739E-02  1.779479E-01  3.702856E-01
      6769  7.797809E-02  1.693296E-01  3.593917E-01
      6770  1.105316E-01  1.599421E-01  3.478974E-01
      6771  1.451757E-01  1.497486E-01  3.314149E-01
      6772  1.875934E-01  1.393871E-01  3.133448E-01
      6773  2.323582E-01  1.338086E-01  3.049483E-01
      6774  2.772856E-01  1.304788E-01  3.035186E-01
      6775  3.215287E-01  1.310295E-01  3.098934E-01
      6776  3.649426E-01  1.352416E-01  3.254896E-01
      6777  4.071679E-01  1.439186E-01  3.524606E-01
      6778  4.486879E-01  1.575951E-01  3.929706E-01
      6779  4.904533E-01  1.770882E-01  4.494462E-01
      6780  5.341282E-01  2.033072E-01  5.240249E-01
      6781  5.827321E-01  2.370982E-01  6.182451E-01
      6782  6.391706E-01  2.801942E-01  7.342675E-01
      6783  7.060523E-01  3.327523E-01  8.702415E-01
      6784  7.866684E-01  3.955132E-01  1.023431E+00
      6785  8.811193E-01  4.686982E-01  1.188080E+00
      6786  9.881811E-01  5.479349E-01  1.349407E+00
      6787  1.103336E+00  6.277073E-01  1.488227E+00
      6788  1.215673E+00  7.004194E-01  1.578896E+00
      6789  1.310242E+00  7.505541E-01  1.582494E+00
      6790  1.368760E+00  7.603879E-01  1.460042E+00
      6791  1.380163E+00  7.179962E-01  1.195724E+00
      6792  1.354982E+00  6.418910E-01  8.545957E-01
      6793  1.362659E+00  6.380127E-01  6.831565E-01
      6794  9.175433E-01  5.794876E-01  8.595746E-01
      6795  1.454443E+00  2.052293E+00  3.917822E+00
      7169  3.200312E-01 -1.452037E+00  4.042591E+00
      7200 -2.179692E-01  7.833101E+00  1.698783E+01
      7222 -6.304866E-01 -4.035801E-02 -3.098482E-01
      7223 -6.340922E-01  2.582345E-01 -3.802342E-01
      7224 -1.050801E+00  2.839719E-01 -7.754302E-01
      7225 -1.296512E+00  1.581750E-01 -8.801264E-02
      7226 -2.315428E+00  2.117749E+00  5.376240E+00
      7227 -1.588280E+00  2.432699E+00  3.333340E+00
      7228 -2.214431E+00  5.141148E+00  7.723230E+00
      7229 -2.457909E+00  4.450247E+00  9.103694E+00
      7230 -2.713412E+00  2.975754E+00  9.692044E+00
      7231  3.097652E+00  5.082677E-02  2.108188E+00
      7232  3.814450E+00 -3.433129E-01  3.366769E+00
      7233  3.217050E+00 -3.286980E-01  2.734523E+00
      7234  3.058579E+00 -4.192575E-01  2.177280E+00
      7235  1.773840E+00  1.160013E-03  1.149012E+00
      7236  5.759418E+00  2.450277E+00  1.294091E+01
      7237  4.816254E+00  2.632210E+00  1.054673E+01
      7238  4.958950E+00  4.878708E+00  1.579544E+01
      7239  4.288249E+00  3.704566E+00  1.481078E+01
      7240  3.375133E+00  1.235693E+00  8.579424E+00
      7241  2.636849E+00  1.340445E-01  6.057551E+00
      7297 -2.688177E-01 -1.270725E+00  3.541984E+00
      7330  1.922278E-01  7.097355E+00  1.540788E+01
      7350 -2.765054E+00  4.962862E-02  1.868601E+00
      7351 -3.392355E+00 -3.095261E-01  2.952209E+00
      7352 -2.855920E+00 -2.968192E-01  2.383296E+00
      7353 -2.702674E+00 -3.774498E-01  1.855193E+00
      7354 -1.537022E+00 -1.539964E-03  9.748155E-01
      7355 -5.185369E+00  2.191936E+00  1.165033E+01
      7356 -4.309573E+00  2.374096E+00  9.446386E+00
      7357 -4.441353E+00  4.387909E+00  1.414104E+01
      7358 -3.822549E+00  3.310900E+00  1.320147E+01
      7359 -2.962122E+00  1.081127E+00  7.541484E+00
      7360 -2.263316E+00  1.043794E-01  5.223132E+00
      7361  6.199986E-01 -3.213659E-02 -2.504187E-01
      7362  6.331883E-01  2.390095E-01 -2.939773E-01
      7363  1.007959E+00  2.539090E-01 -6.149391E-01
      7364  1.213400E+00  1.386929E-01  4.825708E-03
      7365  2.134664E+00  1.934756E+00  4.982785E+00
      7366  1.497752E+00  2.189584E+00  3.137050E+00
      7367  2.055005E+00  4.628165E+00  7.152446E+00
      7368  2.254418E+00  3.995234E+00  8.358346E+00
      7369  2.472428E+00  2.652421E+00  8.830141E+00
     49500  2.136524E-02  2.048311E-02  4.784129E-03
     49501  9.891693E-03  2.958833E-02  1.021426E-02
     49502  8.106296E-03  2.068813E-02  7.434717E-03
     49503  3.762026E-03  3.092722E-03 -3.855304E-03
     49504  7.095072E-03  1.267201E-02  4.797171E-03
     49505 -5.957265E-04 -2.230395E-04 -7.380201E-04
     49506 -2.260908E-03  4.784715E-03 -4.628991E-04
     49507  9.024275E-05  2.242081E-02 -1.196479E-02
     49508 -3.893126E-03  6.921107E-03 -8.917247E-04
     49509 -7.123671E-04  2.219406E-02 -7.896071E-03
     49510  6.419987E-03  7.296907E-03  2.917957E-03
     49511 -4.779995E-04  1.571422E-05 -6.996409E-04
     49512 -1.548703E-03  4.798146E-03 -1.948211E-04
     49513  5.956849E-03  6.708552E-02 -4.908676E-02
     49514 -8.912038E-04  2.642735E-02 -7.712394E-03
     49515 -3.608688E-04  1.932765E-02 -7.734816E-03
     49516 -2.120498E-02  1.322953E-02 -2.509478E-02
     49517  9.054884E-03  6.112991E-03 -5.194261E-02
     49518 -1.176930E-02  5.568814E-02 -6.831730E-02
     49519  3.380856E-02 -8.953845E-02 -3.523710E-02
     49520  2.886372E-02 -2.213681E-02 -1.344204E-02
     49521  2.435745E-04  5.473655E-02 -1.527895E-02
     49522  1.312031E-02  3.493818E-02  1.108085E-02
     49523 -1.260151E-03 -1.128937E-03 -4.182933E-04
     49524 -3.856825E-03  3.783308E-03 -4.546329E-04
     49525 -7.602242E-04  3.269122E-02 -7.759909E-03
     49526  7.719717E-05  1.793755E-02 -7.733636E-03
     49527  5.506608E-03  6.726586E-02 -3.012398E-02
     49528  5.808934E-05  4.155506E-02 -9.207230E-03
     49529  2.656126E-03  2.008660E-02 -2.408042E-03
     49530  4.290127E-04  1.835842E-02 -8.582195E-03
     49531 -2.607610E-02 -3.725301E-02  3.590968E+00
     49532 -2.125492E-01  1.901235E-01  3.405132E+00
     49533 -3.729638E-01  3.173138E-01  3.509734E+00
     49534 -2.110624E-01  6.955912E-02  3.605368E+00
     49535  4.958830E-03 -1.425837E-02  3.054335E-01
     49536 -5.038336E-03 -3.228479E-03  3.387233E-01
     49537 -4.305436E-03 -1.364936E-02  2.925204E-01
     49538  1.536228E-03 -3.191261E-03  3.392400E-01
     49539 -4.964050E-01  3.141565E-01  3.464305E+00
     49540 -6.531782E-01  2.035469E-01  3.502512E+00
     49541 -3.065094E-01  3.474929E-01  3.661303E+00
     49542 -4.731587E-01  2.845635E-02  4.037887E+00
     49543 -9.265445E-01  1.853811E-01  3.424680E+00
     49544 -9.936477E-01  1.344131E-01  3.200366E+00
     49545 -7.721007E-01  2.198689E-01  3.700370E+00
     49546 -6.467557E-01  1.349659E-01  3.996057E+00
     49547 -9.928252E-01  1.887852E-01  3.988464E+00
     49548 -1.149961E+00  8.012008E-03  2.807501E+00
     49549 -1.240886E+00  1.701459E-02  2.496980E+00
     49550 -1.206359E+00  2.923044E-01  3.160216E+00
     49551 -1.155729E+00  1.977457E-01  3.732346E+00
     49552 -1.288186E+00 -1.910814E-01  3.574642E+00
     49553 -1.221679E+00  5.234278E-02  2.192682E+00
     49554 -1.180212E+00  7.383734E-02  1.905437E+00
     49555 -1.316529E+00  1.583872E-01  2.414353E+00
     49556 -1.275870E+00  1.796084E-01  2.439715E+00
     49557 -1.209212E+00 -2.213068E-01  3.244275E+00
     49558 -1.205158E+00  1.604579E-02  1.515291E+00
     49559 -1.138743E+00  2.323900E-02  1.236619E+00
     49560 -1.285222E+00  1.056428E-01  1.764841E+00
     49561 -1.399856E+00  6.078561E-02  2.170250E+00
     49562 -1.279140E+00 -1.052927E-01  1.837422E+00
     49563 -1.061612E+00  1.514778E-03  9.571810E-01
     49564 -9.946994E-01  1.294856E-02  7.607768E-01
     49565 -1.225820E+00 -1.628842E-02  1.082874E+00
     49566 -1.173870E+00 -1.321869E-01  1.541858E+00
     49567 -1.097862E+00  7.642453E-02  9.496815E-01
     49568 -9.605144E-01  4.619811E-03  5.391109E-01
     49569 -8.743943E-01 -5.446322E-03  3.631940E-01
     49570 -1.004623E+00 -3.805942E-02  6.261775E-01
     49571 -9.835862E-01 -4.938952E-02  5.648176E-01
     49572 -1.153228E+00 -5.950610E-03  7.606186E-01
     49573 -8.306112E-01  3.766672E-03  2.297361E-01
     49574 -7.310867E-01 -3.590371E-02  1.069045E-01
     49575 -8.640139E-01 -9.830473E-02  2.860213E-01
     49576 -9.084832E-01 -6.977561E-02  3.847144E-01
     49577 -8.263767E-01 -6.750163E-02  1.664098E-01
     49578 -6.666756E-01 -4.679578E-02  6.278362E-03
     49579 -6.186951E-01 -4.083635E-02 -4.348762E-02
     49580 -7.263824E-01 -1.572167E-01  1.117168E-02
     49581 -6.871896E-01 -3.543584E-02 -1.212678E-01
     49582 -8.184614E-01 -2.141969E-02 -6.971888E-03
     49583 -5.818907E-01 -1.637389E-02 -7.478204E-02
     49584 -5.042793E-01 -1.724088E-02 -9.981879E-02
     49585 -5.770567E-01 -1.137116E-01 -1.170258E-01
     49586 -6.858598E-01 -3.469853E-02 -1.929702E-01
     49587 -5.675759E-01 -1.666816E-02 -1.834723E-01
     49588 -4.689190E-01 -5.032217E-02 -1.426655E-01
     49589 -4.404051E-01 -5.057353E-02 -1.448974E-01
     49590 -5.663708E-01 -1.456247E-01 -1.825153E-01
     49591 -5.305881E-01 -2.879301E-02 -2.097273E-01
     49592 -4.707600E-01 -3.629892E-02 -2.716049E-01
     49593 -4.164155E-01 -2.009223E-02 -1.205156E-01
     49594 -3.651554E-01 -2.170065E-02 -1.064452E-01
     49595 -3.993670E-01 -1.076067E-01 -1.875101E-01
     49596 -3.998375E-01 -1.559453E-02 -2.127598E-01
     49597 -4.855829E-01 -2.940821E-02 -2.865964E-01
     49598 -3.483921E-01 -4.427358E-02 -1.068503E-01
     49599 -3.320080E-01 -4.537837E-02 -8.813130E-02
     49600 -4.157526E-01 -1.213568E-01 -1.547331E-01
     49601 -3.789774E-01 -2.241387E-02 -1.979229E-01
     49602 -3.463709E-01 -3.370278E-02 -1.987183E-01
     49603 -3.206807E-01 -1.872064E-02 -4.746097E-02
     49604 -2.880544E-01 -2.063610E-02 -2.285810E-02
     49605 -3.018991E-01 -8.162641E-02 -1.088381E-01
     49606 -3.082626E-01 -1.845716E-02 -9.755302E-02
     49607 -3.642868E-01 -1.739656E-02 -1.935645E-01
     49608 -2.821171E-01 -3.456663E-02 -7.855036E-03
     49609 -2.721608E-01 -3.554057E-02  1.318443E-02
     49610 -3.298530E-01 -9.021796E-02 -4.863514E-02
     49611 -2.937215E-01 -2.299120E-02 -7.146060E-02
     49612 -2.792339E-01 -2.293064E-02 -6.107399E-02
     49613 -2.691520E-01 -1.512045E-02  4.760778E-02
     49614 -2.481540E-01 -1.671361E-02  6.772447E-02
     49615 -2.540603E-01 -5.456004E-02  3.386948E-03
     49616 -2.627775E-01 -2.112950E-02  3.797347E-02
     49617 -3.003616E-01 -6.421223E-03 -5.226810E-02
     49618 -2.461432E-01 -2.557436E-02  8.151862E-02
     49619 -2.382576E-01 -2.592791E-02  9.535486E-02
     49620 -2.833400E-01 -6.309445E-02  5.296167E-02
     49621 -2.495963E-01 -2.495470E-02  5.936623E-02
     49622 -2.441741E-01 -1.143204E-02  5.637710E-02
     49623 -2.386458E-01 -1.131072E-02  1.150485E-01
     49624 -2.219085E-01 -1.234638E-02  1.251735E-01
     49625 -2.288229E-01 -3.442046E-02  8.854692E-02
     49626 -2.662942E-01  3.290968E-04  6.033479E-02
     49627 -2.369700E-01 -2.181402E-02  1.308424E-01
     49628 -2.186401E-01 -1.915880E-02  1.308686E-01
     49629 -2.095989E-01 -1.870020E-02  1.361267E-01
     49630 -2.516941E-01 -4.472456E-02  1.134166E-01
     49631 -2.223593E-01 -2.572773E-02  1.416549E-01
     49632 -2.176484E-01 -3.186479E-03  1.204779E-01
     49633 -2.067244E-01 -8.568389E-03  1.443013E-01
     49634 -1.891470E-01 -1.637343E-02  1.426990E-01
     49635 -2.040931E-01 -2.410519E-02  1.307592E-01
     49636 -2.077104E-01 -2.208084E-02  1.703953E-01
     49637 -2.375091E-01  2.807347E-03  1.184055E-01
     49638 -1.946190E-01  2.411605E-03  1.456732E-01
     49639 -1.706220E-01 -1.831079E-02  1.343566E-01
     49640 -1.796622E-01 -3.260262E-02  1.404985E-01
     49641 -2.079946E-01 -1.052047E-02  1.458224E-01
     49642 -1.900421E-01 -2.454851E-02  1.760231E-01
     49643 -1.616363E-01 -1.433787E-02  1.484006E-01
     49644 -1.485354E-01 -1.286554E-02  1.501819E-01
     49645 -1.653436E-01 -4.607302E-02  1.424258E-01
     49646 -1.938730E-01  5.872444E-03  1.432451E-01
     49647 -1.629257E-01 -4.341355E-03  1.494672E-01
     49648 -1.399249E-01 -4.475966E-03  1.555809E-01
     49649 -1.189782E-01 -1.259211E-02  1.558182E-01
     49650 -1.386946E-01 -1.731738E-02  1.470947E-01
     49651 -1.400181E-01 -2.124066E-02  1.850494E-01
     49652 -1.716517E-01  6.394437E-03  1.400821E-01
     49653 -1.196769E-01  6.939740E-03  1.625575E-01
     49654 -9.378016E-02 -1.490760E-02  1.571602E-01
     49655 -1.021461E-01 -2.806501E-02  1.574891E-01
     49656 -1.350824E-01 -8.104969E-03  1.628716E-01
     49657 -1.128285E-01 -2.513573E-02  1.984033E-01
     49658 -8.289941E-02 -1.039783E-02  1.812053E-01
     49659 -6.900653E-02 -9.016339E-03  1.909002E-01
     49660 -8.363054E-02 -4.029709E-02  1.733016E-01
     49661 -1.124868E-01  9.555628E-03  1.698781E-01
     49662 -7.726041E-02 -2.574351E-03  1.874021E-01
     49663 -6.176373E-02 -5.761286E-04  2.038747E-01
     49664 -4.398866E-02 -1.129984E-02  2.117141E-01
     49665 -5.534108E-02 -1.539056E-02  1.914847E-01
     49666 -6.067365E-02 -2.681793E-02  2.467092E-01
     49667 -8.735393E-02  1.111390E-02  1.860723E-01
     49668 -4.821480E-02  1.320804E-02  2.268592E-01
     49669 -2.549788E-02 -9.668970E-03  2.326572E-01
     49670 -2.081278E-02 -2.588958E-02  2.247499E-01
     49671 -5.552035E-02 -6.961065E-03  2.301041E-01
     49672 -3.829830E-02 -3.386748E-02  2.834365E-01
     49673 -3.820556E-02  2.188821E-02  2.548006E-01
     49674 -1.554871E-02 -1.014065E-02  2.645222E-01
     49675  1.089942E-02 -3.044447E-02  2.546328E-01
     49676 -2.331864E-02 -4.092561E-02  3.175597E-01
     49677 -4.157668E-02  1.281921E-02  2.586081E-01
     49678 -1.221296E-02 -2.300913E-03  2.844124E-01
     49679 -5.070882E-03 -5.536369E-03  2.882882E-01
     49680 -5.154148E-03 -3.044512E-02  2.874606E-01
     49681  5.262229E-04  2.597448E-03  3.073003E-01
     49682 -3.306338E-02  2.225143E-02  2.778938E-01
     49683 -6.349928E-03 -2.592410E-02  3.051273E-01
     49684 -2.117830E-02  2.119702E-02  3.030208E-01
     51543 -3.096073E-03 -1.553106E-02 -2.028014E-02
     51544  5.039504E-03  6.386092E-02 -6.747241E-02
     51545  2.550231E-03  6.994963E-02 -6.131131E-02
     51546  3.612634E-03  2.326547E-02 -8.697250E-03
     51547  6.878368E-03  5.854013E-02 -2.024425E-02
     51548  1.769024E-03  7.388860E-02 -3.512410E-02
     51549  1.529278E-03  2.292780E-02 -1.033533E-02
     51550  4.173393E-03  2.945596E-02 -9.644125E-03
     51551  2.555079E-03  6.868888E-02 -2.790426E-02
     51552  1.569819E-03  2.648542E-02 -1.223333E-02
     51553 -4.507971E-03  4.933642E-03 -5.187679E-03
     51554  4.256946E-03  3.302035E-02 -1.020636E-02
     51555  2.246271E-03  3.314322E-02 -1.488605E-02
     51556  1.938675E-03  2.785809E-02 -1.365770E-02
     51557  3.988404E-03  2.623491E-02 -9.180544E-03
     51558  3.118712E-03  4.034720E-02 -1.085469E-02
     51559  3.792669E-03  6.335841E-02 -2.244982E-02
     51560  2.026588E-03  1.472669E-02 -6.789308E-03
     51561  5.475749E-03  4.736174E-02 -1.451701E-02
     51562  1.499574E-03  2.271864E-02 -1.059440E-02
     51563  9.904117E-04  7.590626E-02 -5.275408E-02
     51564  3.189227E-03  2.041622E-02 -9.440503E-03
     51565  3.093382E-03  1.901557E-02 -7.862278E-03
     51566  6.177832E-04  1.595478E-02 -7.456682E-03
     51567  2.003056E-03  1.476869E-02 -6.739774E-03
     51568  2.777493E-03  1.719986E-02 -7.407771E-03
     51569  4.516355E-03  3.801240E-02 -1.121344E-02
     51570  3.388871E-03  2.105436E-02 -8.301560E-03
     51571  1.756756E-03  1.443141E-02 -6.877432E-03
     51572  1.318780E-02  9.756214E-02 -8.255994E-02
     51573  1.199381E-03  7.746956E-02 -4.375325E-02
     51574  7.623637E-03 -2.154564E-03  3.390134E-01
     51575 -3.281189E-03 -1.395296E-02  3.059269E-01
     51576  5.270911E-03 -1.238699E-02  2.965714E-01
     51577  2.145966E-03 -2.794553E-03  3.432529E-01
     51578  2.071939E-01  1.363258E-01  3.047291E+00
     51579  6.166438E-02 -1.267504E-02  3.222831E+00
     51580  3.975763E-01  2.918279E-01  3.093564E+00
     51581  1.962209E-01 -4.745211E-02  3.381458E+00
     51582  6.155727E-03 -5.305057E-03  2.897441E-01
     51583  1.339205E-02 -2.220309E-03  2.820900E-01
     51584  5.736183E-03 -2.473149E-02  3.078504E-01
     51585  2.639534E-02  3.359460E-02  3.091833E-01
     51586  1.262997E-02 -1.995034E-03  2.769987E-01
     51587  2.337345E-02 -5.235659E-04  2.664419E-01
     51588  1.608713E-02 -2.743229E-02  2.938621E-01
     51589 -1.008441E-02  3.405679E-02  2.995654E-01
     51590  2.447180E-02  1.787721E-02  2.926849E-01
     51591  2.621461E-02 -2.873311E-03  2.449269E-01
     51592  3.782532E-02 -8.969748E-04  2.391510E-01
     51593  1.950099E-02 -2.578847E-02  2.680387E-01
     51594  4.539778E-02  3.394939E-02  2.526226E-01
     51595  1.179184E-02  1.007587E-02  2.847417E-01
     51596  4.391994E-02 -3.905435E-03  2.169448E-01
     51597  5.631526E-02 -1.166013E-03  2.094171E-01
     51598  3.613753E-02 -2.587942E-02  2.379811E-01
     51599  2.662195E-02  6.277966E-03  2.585032E-01
     51600  6.312202E-02  2.880319E-02  2.220791E-01
     51601  6.710288E-02 -4.467267E-03  1.892934E-01
     51602  7.916938E-02 -1.954367E-03  1.796573E-01
     51603  5.753921E-02 -2.571284E-02  2.077072E-01
     51604  8.904175E-02  2.546443E-02  1.920684E-01
     51605  4.811821E-02  3.348458E-03  2.259912E-01
     51606  9.132442E-02 -5.608317E-03  1.702545E-01
     51607  1.055776E-01 -3.962640E-03  1.605437E-01
     51608  8.786035E-02 -2.471430E-02  1.823912E-01
     51609  6.823542E-02  1.641703E-02  1.869279E-01
     51610  1.071097E-01  1.106237E-02  1.729561E-01
     51611  1.194149E-01 -6.919732E-03  1.471155E-01
     51612  1.340163E-01 -3.670919E-03  1.466000E-01
     51613  1.113888E-01 -2.628191E-02  1.599665E-01
     51614  1.034301E-01  2.556597E-03  1.679487E-01
     51615  1.404929E-01  1.427104E-02  1.446405E-01
     51616  1.466816E-01 -7.993001E-03  1.342998E-01
     51617  1.610825E-01 -4.984821E-03  1.337517E-01
     51618  1.391113E-01 -2.570328E-02  1.454015E-01
     51619  1.352396E-01 -1.653122E-03  1.538151E-01
     51620  1.683404E-01  1.187420E-02  1.307224E-01
     51621  1.737967E-01 -8.647111E-03  1.248317E-01
     51622  1.879421E-01 -6.425965E-03  1.245368E-01
     51623  1.678095E-01 -2.741933E-02  1.328208E-01
     51624  1.968895E-01  1.005150E-02  1.183221E-01
     51625  1.646101E-01 -3.788740E-03  1.402023E-01
     51626  1.997301E-01 -1.018480E-02  1.166488E-01
     51627  2.129877E-01 -7.570577E-03  1.171219E-01
     51628  1.944704E-01 -3.023571E-02  1.228722E-01
     51629  2.238004E-01  8.351863E-03  1.078033E-01
     51630  1.934284E-01 -5.079031E-03  1.286893E-01
     51631  2.236411E-01 -1.249068E-02  1.083544E-01
     51632  2.360513E-01 -9.849833E-03  1.080494E-01
     51633  2.184286E-01 -3.366018E-02  1.135279E-01
     51634  2.199766E-01 -6.279883E-03  1.191731E-01
     51635  2.498843E-01  9.165786E-03  9.471459E-02
     51636  2.458698E-01 -1.586338E-02  9.697656E-02
     51637  2.571425E-01 -1.253646E-02  9.589526E-02
     51638  2.400433E-01 -3.926614E-02  1.013826E-01
     51639  2.734717E-01  9.110030E-03  7.773751E-02
     51640  2.445009E-01 -8.169729E-03  1.067351E-01
     51641  2.662870E-01 -1.950148E-02  8.143443E-02
     51642  2.766858E-01 -1.584397E-02  7.813128E-02
     51643  2.597179E-01 -4.592609E-02  8.488971E-02
     51644  2.661746E-01 -1.111481E-02  9.014959E-02
     51645  2.947123E-01  8.127260E-03  5.416057E-02
     51646  2.859561E-01 -2.380718E-02  5.933731E-02
     51647  2.959694E-01 -1.970382E-02  5.363590E-02
     51648  2.779818E-01 -5.440347E-02  6.131725E-02
     51649  3.147632E-01  6.136029E-03  2.150972E-02
     51650  2.859275E-01 -1.535337E-02  6.574029E-02
     51651  3.063816E-01 -2.878149E-02  3.004459E-02
     51652  3.167520E-01 -2.420058E-02  2.172480E-02
     51653  2.962593E-01 -6.463262E-02  2.964057E-02
     51654  3.050553E-01 -2.047309E-02  3.193414E-02
     51655  3.357797E-01  3.760133E-03 -2.139309E-02
     51656  3.303194E-01 -3.393243E-02 -5.560431E-03
     51657  3.421906E-01 -2.878198E-02 -1.480675E-02
     51658  3.172875E-01 -7.662138E-02 -1.010868E-02
     51659  3.606265E-01  2.474534E-04 -7.302524E-02
     51660  3.255893E-01 -2.661133E-02 -1.213207E-02
     51661  3.605168E-01 -3.853201E-02 -4.289335E-02
     51662  3.755430E-01 -3.314901E-02 -5.097709E-02
     51663  3.444887E-01 -8.953784E-02 -5.370255E-02
     51664  3.509312E-01 -3.279411E-02 -6.353749E-02
     51665  3.927851E-01 -4.148156E-03 -1.284914E-01
     51666  4.011592E-01 -4.288763E-02 -7.548378E-02
     51667  4.209584E-01 -3.695929E-02 -7.713962E-02
     51668  3.814836E-01 -1.036038E-01 -9.512078E-02
     51669  3.846505E-01 -3.866284E-02 -1.167047E-01
     51670  4.378489E-01 -8.625398E-03 -1.795409E-01
     51671  4.555568E-01 -4.507351E-02 -8.945903E-02
     51672  4.788996E-01 -4.282937E-02 -9.101576E-02
     51673  4.329067E-01 -1.172078E-01 -1.218124E-01
     51674  5.006098E-01 -1.397545E-02 -2.050387E-01
     51675  4.317389E-01 -4.381767E-02 -1.603581E-01
     51676  5.252906E-01 -4.343223E-02 -6.481232E-02
     51677  5.554204E-01 -4.112527E-02 -5.738006E-02
     51678  5.131621E-01 -1.258768E-01 -1.155409E-01
     51679  4.827186E-01 -2.407442E-02 -1.938148E-01
     51680  5.712037E-01 -3.918052E-02 -1.838483E-01
     51681  6.112026E-01 -3.806675E-02  1.353476E-03
     51682  6.541099E-01 -3.100966E-02  4.925174E-02
     51683  6.031772E-01 -1.285645E-01 -6.326588E-02
     51684  6.706338E-01 -4.141391E-02 -1.212875E-01
     51685  5.622600E-01 -1.445368E-02 -1.740375E-01
     51686  7.143548E-01 -2.530961E-02  1.294107E-01
     51687  7.679129E-01 -1.915922E-02  2.249875E-01
     51688  7.000084E-01 -1.289652E-01  5.625721E-02
     51689  6.806919E-01 -3.117494E-02 -6.238894E-02
     51690  8.061580E-01 -1.074181E-02  1.724365E-02
     51691  8.297904E-01 -5.661031E-03  3.588713E-01
     51692  8.922823E-01 -3.614734E-04  5.007979E-01
     51693  8.279221E-01 -1.198162E-01  2.736095E-01
     51694  9.481458E-01  2.607495E-04  2.858472E-01
     51695  8.032693E-01 -1.700180E-02  1.339101E-01
     51696  9.479252E-01  2.170801E-02  6.987853E-01
     51697  1.015838E+00  2.511397E-02  8.928839E-01
     51698  9.660494E-01 -9.408134E-02  6.095871E-01
     51699  1.098087E+00  1.948975E-02  6.931418E-01
     51700  9.395685E-01  8.680807E-03  4.484329E-01
     51701  1.052120E+00  5.467889E-02  1.157935E+00
     51702  1.117452E+00  5.540822E-02  1.403755E+00
     51703  1.098136E+00 -5.396022E-02  1.076501E+00
     51704  1.077259E+00  4.492993E-02  9.071017E-01
     51705  1.236410E+00  5.048474E-02  1.251970E+00
     51706  1.115520E+00  8.942740E-02  1.725014E+00
     51707  1.164130E+00  8.786305E-02  2.008998E+00
     51708  1.196250E+00  2.525261E-04  1.669194E+00
     51709  1.326607E+00  9.058558E-02  1.949817E+00
     51710  1.193354E+00  9.006081E-02  1.517743E+00
     51711  1.098038E+00  1.201745E-01  2.349577E+00
     51712  1.104574E+00  1.200911E-01  2.626672E+00
     51713  1.214450E+00  6.291880E-02  2.341475E+00
     51714  1.312469E+00  1.397218E-01  2.717318E+00
     51715  1.251462E+00  1.364069E-01  2.255271E+00
     51716  9.488561E-01  1.499877E-01  2.898488E+00
     51717  8.905991E-01  1.863904E-01  3.101734E+00
     51718  1.084025E+00  1.254727E-01  2.972906E+00
     51719  1.116627E+00  2.045785E-01  3.367757E+00
     51720  1.193657E+00  1.728089E-01  3.023636E+00
     51721  6.385670E-01  1.938319E-01  3.151178E+00
     51722  5.037405E-01  2.650220E-01  3.110598E+00
     51723  7.313415E-01  2.047648E-01  3.347112E+00
     51724  9.600758E-01  1.951449E-01  3.618849E+00
     51725  6.669263E-01  3.220584E-01  3.587658E+00
     51726  3.595322E-01  2.533951E-01  3.319868E+00
     51727  4.990473E-01  1.879825E-01  3.652453E+00
     57626  3.690011E-01 -2.579604E+00 -9.306063E-01
     57627 -1.436665E+00  1.691373E-01  5.644468E-01
     57628  1.953208E+00 -1.145748E+00  1.130616E-01
     57629  1.222145E-02 -5.299158E-01  1.466580E-02
     57630 -1.183547E+00 -1.407040E-01  6.267635E-01
     57631 -1.669602E-01  1.284386E+01 -6.597195E+01
     57632  2.428982E+00  1.326084E+01 -6.043227E+01
     57633 -3.129712E+00  9.767405E+00 -5.588240E+01
     57634  1.602187E+00  9.861905E+00 -1.878710E+01
     57635 -2.718271E-01  1.090020E+01 -2.245882E+01
     57636  3.152322E-01  1.111151E+01 -1.919266E+01
     57637  2.567501E+00  9.026586E+00 -1.485819E+01
     57638  5.200351E+00  1.146402E+01 -5.062723E+01
     57639 -3.206284E-01  1.112020E+01 -2.306693E+01
     57640 -5.532173E-01  1.148726E+01 -2.686859E+01
     57641  1.569135E-01  1.097660E+01 -1.767422E+01
     57642 -1.221894E+00  1.151394E+01 -3.049089E+01
     57643 -1.215992E+00  1.146707E+01 -3.494888E+01
     57644 -3.123735E-01  1.139641E+01 -2.479856E+01
     57645 -7.126208E-01  1.145979E+01 -3.979671E+01
     57646  9.989818E-01  1.164697E+01 -4.440407E+01
     57647  1.015080E+00  1.156730E+01 -3.389920E+01
     57648  1.955042E+00  1.198415E+01 -4.842272E+01
     57649  1.574223E+00  9.744357E+00 -1.815071E+01
     57650  2.431043E+00  1.091859E+01 -1.521714E+01
     57651  1.054217E+00  1.097133E+01 -2.692915E+01
     57652  4.884565E+00  1.157406E+01 -2.069269E+01
     57653  2.429623E+00  1.107802E+01 -3.880876E+01
     57654  3.827639E+00  1.171137E+01 -3.382376E+01
     63953  1.354052E+00  1.326239E-01  4.953443E-01
     63954 -1.758302E+00 -1.055263E+00  9.204313E-02
     63955  4.707984E-03 -4.550968E-01  8.821915E-02
     63956  1.113346E+00 -1.263522E-01  5.855446E-01
     63957 -3.026174E-01 -2.343073E+00 -8.515361E-01
     63958  2.058437E-01  1.001505E+01 -2.070443E+01
     63959 -1.480366E+00  9.075360E+00 -1.710825E+01
     63960 -2.380223E+00  8.188735E+00 -1.365835E+01
     63961 -2.390864E+00  1.210272E+01 -5.499300E+01
     63962 -7.751273E-04  1.175166E+01 -6.055200E+01
     63963 -4.877288E+00  1.054470E+01 -4.593051E+01
     63964 -3.977858E-01  1.021540E+01 -1.779738E+01
     63965  2.730797E+00  8.843819E+00 -5.147089E+01
     63966 -2.304977E+00  1.014241E+01 -1.333400E+01
     63967 -1.658197E+00  8.909228E+00 -1.626311E+01
     63968 -1.141009E-01  1.005792E+01 -1.609760E+01
     63969 -4.630376E+00  1.060282E+01 -1.855780E+01
     63970 -1.115684E+00  1.002211E+01 -2.430130E+01
     63971  2.037640E-01  1.041753E+01 -2.270126E+01
     63972 -3.561625E+00  1.072488E+01 -3.054758E+01
     63973 -2.326682E+00  1.013843E+01 -3.512519E+01
     63974 -9.868232E-01  1.057785E+01 -3.104996E+01
     63975 -1.845013E+00  1.096309E+01 -4.430662E+01
     63976  4.365452E-01  1.055223E+01 -2.498972E+01
     63977  2.333715E-01  1.020525E+01 -2.150677E+01
     63978  1.030755E+00  1.052342E+01 -3.237570E+01
     63979  1.037012E+00  1.054874E+01 -2.829901E+01
     63980 -1.081418E+00  1.070483E+01 -4.098117E+01
     63981  5.142619E-01  1.046238E+01 -3.681400E+01
     69741  3.255248E-02  6.378154E-02 -1.402086E-01
     69742 -2.775934E-02  5.291039E-02 -1.264387E-01
     69743 -2.111795E-01  2.522886E-01  1.033658E-01
     69744  2.319951E-01  2.614084E-01  1.112499E-01
     69745 -1.395999E+00  1.650827E+00  6.472755E+00
     69746 -2.132251E+00  1.172935E+00  5.908141E+00
     69747 -1.348486E+00  1.417925E+00  5.186536E+00
     69748  3.165918E-02  2.924317E-01  6.604505E-01
     69749 -5.883727E-02  2.451853E-01  6.774659E-01
     69750 -3.760343E-02  2.927054E-01  6.585824E-01
     69751  5.428608E-02  2.446037E-01  6.666354E-01
     69752  1.997735E+00  1.035305E+00  5.343295E+00
     69753  1.337503E+00  1.461637E+00  5.828573E+00
     69754  1.291407E+00  1.272625E+00  4.694484E+00
     69755 -2.453650E+00  1.583469E+00  4.081215E+00
     69756  2.284938E+00  1.424766E+00  3.714374E+00
     69757 -1.128644E+00  1.089078E+00  3.817111E+00
     69758 -1.606341E+00  1.293735E+00  4.066940E+00
     69759 -1.750902E+00  1.671198E+00  3.121019E+00
     69760 -1.688127E+00  5.149219E-01  1.245576E+00
     69761 -2.419219E+00  1.955365E+00  4.064209E+00
     69762 -2.472824E+00  2.005197E+00  3.730343E+00
     69763 -1.683147E+00  1.090393E+00  1.635922E+00
     69764 -2.789242E+00  1.726004E+00  3.724469E+00
     69765 -3.263038E+00  2.161545E+00  3.837439E+00
     69766 -2.966931E+00  1.443985E+00  3.345429E+00
     69767 -3.319206E+00  1.824176E+00  3.448659E+00
     69768 -2.955846E+00  1.161854E+00  2.929124E+00
     69769 -3.239223E+00  1.426727E+00  3.041607E+00
     69770 -3.059759E+00  1.074914E+00  2.648668E+00
     69771 -2.790669E+00  8.639160E-01  2.486452E+00
     69772 -2.775112E+00  7.339245E-01  2.224839E+00
     69773 -2.545864E+00  6.156272E-01  2.064557E+00
     69774 -2.475418E+00  4.903629E-01  1.856743E+00
     69775 -2.254244E+00  4.104343E-01  1.688153E+00
     69776 -2.161548E+00  2.972831E-01  1.527754E+00
     69777 -1.971746E+00  2.723402E-01  1.373904E+00
     69778 -1.871874E+00  1.576968E-01  1.250436E+00
     69779 -1.713620E+00  1.640916E-01  1.122666E+00
     69780 -1.629803E+00  9.770227E-02  1.061522E+00
     69781 -1.482694E+00  1.133364E-01  9.487192E-01
     69782 -1.419904E+00  4.704181E-02  8.960679E-01
     69783 -1.299702E+00  7.781313E-02  8.088574E-01
     69784 -1.257804E+00  4.833163E-02  7.992992E-01
     69785 -1.142188E+00  7.766795E-02  7.264870E-01
     69786 -1.122873E+00  4.443369E-02  7.139445E-01
     69787 -1.025035E+00  7.790283E-02  6.605638E-01
     69788 -1.023011E+00  6.897429E-02  6.735346E-01
     69789 -9.242832E-01  9.573355E-02  6.287892E-01
     69790 -9.376236E-01  7.897952E-02  6.312585E-01
     69791 -8.498929E-01  1.064731E-01  5.995756E-01
     69792 -8.721801E-01  1.036910E-01  6.155259E-01
     69793 -7.807393E-01  1.236609E-01  5.869101E-01
     69794 -8.084345E-01  1.111165E-01  5.891646E-01
     69795 -7.238166E-01  1.313974E-01  5.687486E-01
     69796 -7.513311E-01  1.266194E-01  5.788065E-01
     69797 -6.612309E-01  1.402237E-01  5.592057E-01
     69798 -6.848996E-01  1.269974E-01  5.603199E-01
     69799 -5.987229E-01  1.437487E-01  5.497627E-01
     69800 -6.158955E-01  1.337814E-01  5.532172E-01
     69801 -5.330004E-01  1.485022E-01  5.435105E-01
     69802 -5.463846E-01  1.409489E-01  5.491705E-01
     69803 -4.555042E-01  1.516269E-01  5.405879E-01
     69804 -4.637255E-01  1.422871E-01  5.441305E-01
     69805 -3.732184E-01  1.569491E-01  5.462597E-01
     69806 -3.825979E-01  1.557776E-01  5.581746E-01
     69807 -2.947181E-01  1.682708E-01  5.621398E-01
     69808 -3.103456E-01  1.720275E-01  5.793221E-01
     69809 -2.136175E-01  1.825018E-01  5.840151E-01
     69810 -1.402848E-01  1.975346E-01  6.101937E-01
     69811 -2.366361E-01  1.848566E-01  5.990701E-01
     69812 -1.754172E-01  2.078887E-01  6.310037E-01
     69813 -8.262047E-02  2.126422E-01  6.396834E-01
     69814 -1.330784E-01  2.305926E-01  6.594558E-01
     69815 -2.970851E-02  2.292507E-01  6.672423E-01
     69816 -9.420174E-02  2.412083E-01  6.803181E-01
     69817  7.061062E-03  2.476398E-01  6.841449E-01
     69818 -1.261648E-02  2.455219E-01  6.685972E-01
     69819  9.002911E-02  2.379148E-01  6.593489E-01
     69820  2.593502E-02  2.304595E-01  6.425441E-01
     69821  1.231001E-01  2.220890E-01  6.272685E-01
     69822  1.690370E-01  2.014260E-01  5.877901E-01
     69823  7.396541E-02  2.114967E-01  6.053369E-01
     69824  2.254924E-01  1.770743E-01  5.469761E-01
     69825  1.346580E-01  1.899408E-01  5.640890E-01
     69826  2.913967E-01  1.561986E-01  5.072901E-01
     69827  2.076945E-01  1.707700E-01  5.248143E-01
     69828  3.699361E-01  1.354688E-01  4.682071E-01
     69829  2.847591E-01  1.510402E-01  4.818083E-01
     69830  4.536949E-01  1.209843E-01  4.424586E-01
     69831  3.712839E-01  1.372381E-01  4.497651E-01
     69832  5.398203E-01  1.084327E-01  4.293691E-01
     69833  4.603609E-01  1.262640E-01  4.293007E-01
     69834  6.253689E-01  9.966368E-02  4.267506E-01
     69835  5.484832E-01  1.182570E-01  4.213122E-01
     69836  7.086504E-01  9.310437E-02  4.334463E-01
     69837  6.336307E-01  1.131000E-01  4.218610E-01
     69838  7.890024E-01  8.801401E-02  4.491306E-01
     69839  7.149635E-01  1.093656E-01  4.311890E-01
     69840  8.663408E-01  8.311234E-02  4.729968E-01
     69841  7.925486E-01  1.062385E-01  4.484640E-01
     69842  9.419816E-01  7.749651E-02  5.047553E-01
     69843  8.674521E-01  1.027196E-01  4.734398E-01
     69844  1.019042E+00  7.096939E-02  5.449337E-01
     69845  9.425237E-01  9.843178E-02  5.061119E-01
     69846  1.102593E+00  6.365814E-02  5.940975E-01
     69847  1.021911E+00  9.384136E-02  5.473395E-01
     69848  1.199661E+00  5.831269E-02  6.572200E-01
     69849  1.112885E+00  9.024627E-02  5.997257E-01
     69850  1.317483E+00  5.904696E-02  7.395292E-01
     69851  1.222187E+00  9.173195E-02  6.696912E-01
     69852  1.464408E+00  7.227269E-02  8.491082E-01
     69853  1.356932E+00  1.027516E-01  7.637705E-01
     69854  1.646715E+00  1.093190E-01  9.954928E-01
     69855  1.523339E+00  1.315278E-01  8.933983E-01
     69856  1.865210E+00  1.748854E-01  1.184843E+00
     69857  1.723374E+00  1.842692E-01  1.063095E+00
     69858  2.118511E+00  2.834077E-01  1.424910E+00
     69859  1.955037E+00  2.710690E-01  1.284394E+00
     69860  2.396899E+00  4.503551E-01  1.718616E+00
     69861  2.209672E+00  4.011274E-01  1.568211E+00
     69862  2.675770E+00  6.758736E-01  2.056487E+00
     69863  2.467084E+00  5.775921E-01  1.904717E+00
     69864  2.922570E+00  9.608915E-01  2.421636E+00
     69865  2.692987E+00  8.002149E-01  2.283231E+00
     69866  3.097174E+00  1.289341E+00  2.790572E+00
     69867  2.840733E+00  1.056396E+00  2.678298E+00
     69868  3.164898E+00  1.627543E+00  3.149516E+00
     69869  2.857449E+00  1.318011E+00  3.058343E+00
     69870  3.115600E+00  1.941136E+00  3.513549E+00
     69871  2.690815E+00  1.551770E+00  3.399775E+00
     69872  2.351350E+00  1.798038E+00  3.380436E+00
     69873  2.342335E+00  1.768149E+00  3.709800E+00
     69874  1.547472E+00  1.179991E+00  3.682316E+00
     69875  1.112922E+00  9.877514E-01  3.461125E+00
     69876  1.600010E+00  9.768429E-01  1.477337E+00
     69877  1.668501E+00  1.492729E+00  2.835896E+00
     69878  1.611186E+00  4.541449E-01  1.119316E+00
     70746 -1.430002E-01  7.072444E-03 -3.593702E-01
     70747  7.422443E-02 -8.009367E-03 -1.447890E-01
     70748  2.847015E-01  6.586847E-01 -3.750245E-01
     70749  3.625663E-01  2.834754E-01 -3.784901E-01
     70750 -1.495092E-01  2.097211E-01  3.643801E+00
     70751  2.111952E-01 -2.380085E-01  5.115144E+00
     70752 -1.141787E+00  2.105147E+00  9.104380E+00
     70753 -4.992664E-01  8.508130E-01  5.047718E+00
     70754  4.559898E-02  6.529056E-01  4.810498E+00
     70755  6.893874E-01 -5.137238E-01  7.625313E+00
     70756 -1.652089E+00  5.107514E+00  1.530881E+01
     70757 -1.328725E+00  6.690964E+00  1.997772E+01
     70758  1.993768E-01  2.639129E+00  1.401714E+01
     70759  5.978702E-01  4.463790E-01  7.754994E+00
     70760  1.645745E-01  4.194835E+00  1.955036E+01
     70761 -9.690805E-01  3.819494E+00  1.426917E+01
     70762 -1.267445E+00  4.193831E+00  8.531363E+00
     70763  7.668455E-01  4.852439E+00  1.506268E+01
     70764 -8.792131E-01  4.706918E+00  6.512841E+00
     70765 -1.028999E+00  5.294938E+00  7.785782E+00
     70766 -6.521337E-02  3.695279E+00  8.328487E+00
     70767 -1.731453E+00  8.307205E+00  1.345183E+01
     70768 -1.173414E+00  9.828119E+00  1.910110E+01
     70769  5.392631E-01  6.053652E+00  1.428483E+01
     70770 -1.270588E+00  9.243476E+00  1.965722E+01
     70771 -1.115416E+00  8.394203E+00  1.975089E+01
     70772 -5.883603E-01  5.014182E+00  1.255911E+01
     70773 -4.212914E-02  1.365147E+00  9.116837E+00
     71530  1.463816E-01  1.145485E-02 -3.095553E-01
     71531 -5.926741E-02 -8.544480E-03 -1.219196E-01
     71532 -2.782446E-01  6.016964E-01 -3.392289E-01
     71533 -3.204991E-01  2.657541E-01 -3.565560E-01
     71534 -1.493291E-01 -2.072937E-01  4.514528E+00
     71535  1.546246E-01  1.785255E-01  3.239509E+00
     71536  4.799636E-01  7.467665E-01  4.501650E+00
     71537  1.051601E+00  1.843579E+00  8.163198E+00
     71538 -1.460370E-02  5.657062E-01  4.261584E+00
     71539 -5.986490E-01 -4.586132E-01  6.645092E+00
     71540  1.447235E+00  4.545272E+00  1.378398E+01
     71541  1.140692E+00  5.970038E+00  1.798015E+01
     71542 -1.689526E-01  2.328987E+00  1.245202E+01
     71543 -5.163814E-01  3.841007E-01  6.787343E+00
     71544  8.804973E-01  3.476749E+00  1.304049E+01
     71545 -1.573125E-01  3.782760E+00  1.767265E+01
     71546 -7.220018E-01  4.371413E+00  1.355817E+01
     71547  1.129535E+00  3.802700E+00  7.896948E+00
     71548  4.851190E-01  4.530139E+00  1.130323E+01
     71549 -5.071172E-01  5.457300E+00  1.286737E+01
     71550  3.051394E-02  3.324752E+00  7.583930E+00
     71551  9.943039E-01  8.860523E+00  1.730530E+01
     71552  1.070229E+00  8.295535E+00  1.777782E+01
     71553  1.491292E+00  7.477671E+00  1.224977E+01
     71554  9.058858E-01  4.772237E+00  7.173149E+00
     71555  9.451946E-01  7.538259E+00  1.782121E+01
     71556  1.723888E-02  1.199782E+00  8.060707E+00
     71557  7.535125E-01  4.238402E+00  6.066062E+00

 total force (fx,fy,fz) for set FEET and time  0.6000000E+01

       -2.338701E-09  9.192533E+02 -7.713451E+02
