
                        S T E P       1


                                INCREMENT     1


 displacements (vx,vy,vz) for set TOP and time  0.1000000E+01

     17968 -1.357090E-02  2.123423E-01 -2.130425E-01
     18013 -7.297319E-03  2.668218E-01 -2.470066E-01
     18450 -1.148678E-03  2.866746E-01 -2.585501E-01
     21878  4.414680E-03  2.849698E-01 -2.581163E-01
     23067  1.082301E-02  2.053882E-01 -2.021391E-01

 forces (fx,fy,fz) for set FEET and time  0.1000000E+01

       151 -3.110406E-01  2.356927E-01 -1.790050E+00
       155  6.809366E-01  8.032054E+00 -7.005660E+00
       156 -4.320347E-03  2.329577E-02 -9.036961E-01
       160  2.713770E-02  2.194696E+00  2.408791E-01
       161  3.335807E-01  4.592329E-01 -1.405142E+00
       165 -4.785615E-01  6.888758E+00 -5.032184E+00
       194  1.311917E+01  7.596765E+00  1.383052E+01
       195  1.331003E+00 -1.151630E+00  1.420068E+00
       196 -9.838930E-01 -5.620694E-01  1.248895E+00
       197 -1.231206E+01  5.696358E+00  1.141537E+01
       221  9.052506E-01 -5.103791E-01  1.149489E+00
       222  1.117615E+01  5.118098E+00  1.028078E+01
       225 -1.249299E+00 -1.090357E+00  1.316068E+00
       226 -1.199033E+01  6.999649E+00  1.269328E+01
       234  3.124900E+00  1.916887E-02  1.900775E+00
       236 -2.902853E+00  5.063529E-02  1.704192E+00
       242 -4.655693E+00  2.795123E+00 -4.447663E+00
       245 -5.838223E+00  3.530098E+00  5.418525E+00
       246  7.233981E+00  4.986722E+00  7.484609E+00
       253  4.115114E+00  2.451400E+00 -3.933823E+00
       254 -6.568266E+00  4.563222E+00  6.845861E+00
       255  5.176585E+00  3.085866E+00  4.755856E+00
      2448  3.004846E+00 -4.382613E-01 -1.559765E+01
      2464 -5.552251E-02 -1.779803E+00 -3.697751E+00
      2473  7.455199E-01 -2.012980E-01 -3.242696E-01
      2474  7.597485E-02  5.203435E-01 -3.644924E-01
      2475  7.651528E-02  2.591579E-01 -1.618677E-01
      2476  1.891120E-01 -2.835858E-01 -7.029918E-01
      2477  1.599204E-01  2.013788E-02 -8.672536E-01
      2478  1.289287E-01 -4.257409E-02 -4.152557E-01
      2479  1.034931E-01 -4.789200E-02 -7.100985E-01
      2480  4.970465E-02 -1.664438E-02 -6.093066E-01
      2481  3.790232E-02 -2.398106E-02 -6.507370E-01
      2482  3.338248E-02  3.123231E-03 -5.254789E-01
      2483  4.904986E-02 -5.008284E-02 -9.891338E-01
      2484  4.232415E-02  3.602148E-03 -8.188209E-01
      2485  1.215008E-01  6.918070E-01 -7.180407E-01
      2486 -3.608845E-04 -2.888408E-02 -1.235149E+00
      2487  1.308449E-02  6.060526E-02 -8.105768E-01
      2488 -2.750491E-02 -3.126085E-02 -8.711235E-01
      2489  5.560787E-02  7.007058E-05 -7.210820E-01
      2490  2.032784E-02 -3.775129E-02 -1.073662E+00
      2491 -4.930350E-03 -1.372011E-02 -8.695467E-01
      2492  2.881952E-02  3.679383E-01 -1.228293E+00
      2493  5.323738E+00  1.537401E+00 -1.692675E+01
      2494  4.238876E+00 -7.174084E-01 -9.587807E+00
      2495  3.693505E+00 -8.963925E-01 -6.399767E+00
      2496  3.097965E+00 -7.916209E-01 -4.019305E+00
      2497  3.915200E+00 -5.813394E-01 -3.173425E+00
      2498  3.207636E+00 -8.867490E-01 -2.314063E+00
      2499  2.649770E+00 -6.846246E-01 -1.542457E+00
      2500  2.286506E+00 -6.266656E-01 -1.284761E+00
      2501  1.956262E+00 -5.726227E-01 -1.214445E+00
      2502  1.687110E+00 -5.976951E-01 -1.277335E+00
      2503  1.413573E+00 -9.228110E-01 -1.494198E+00
      2504  1.330230E+00 -9.340388E-01 -1.615454E+00
      2505  1.201471E+00 -7.098340E-01 -1.638015E+00
      2506  8.904492E-01 -6.993602E-01 -1.722739E+00
      2507  9.634380E-01 -8.308795E-01 -1.804725E+00
      2508  7.532083E-01 -5.544822E-01 -1.723690E+00
      2509  5.454781E-01 -1.311802E+00 -1.935168E+00
      2510  3.988249E-01 -9.834256E-01 -1.862440E+00
      2511  2.886725E-01 -8.706085E-01 -1.890003E+00
      2512  1.598780E-01 -7.242127E-01 -1.896551E+00
      2513  2.763743E-02 -6.853243E-01 -1.974848E+00
      2637  5.501324E-01  6.092586E+00 -2.445764E+00
      2638  1.962528E-01  4.056250E+00 -9.880213E-01
      2639  1.270072E-01  3.168272E+00 -1.419478E-01
      2640 -2.204412E-02  2.057797E+00 -1.097124E-01
      2641  1.815469E-02  1.662798E+00 -1.619092E-01
      2642  2.879960E-02  2.006003E+00  2.128231E-01
      2643  2.735403E-02  1.641013E+00 -3.019439E-02
      2644  3.934063E-02  1.656479E+00  1.372572E-01
      2645  1.715232E-02  1.636987E+00  1.453750E-01
      2646  3.303001E-02  2.011200E+00  2.827750E-01
      2647  3.328700E-02  2.482296E+00 -8.671361E-02
      2648 -3.051089E-04  2.231995E+00  1.266849E-01
      2649 -7.508014E-02  1.217852E+00 -9.176249E-02
      2650  2.658227E-01  3.960463E+00 -1.949140E-01
      2651  2.989535E-02  1.840677E+00  1.255476E-01
      2652  1.148138E-01  2.275523E+00  1.595223E-01
      2653 -3.872398E-02  3.272597E+00  3.691837E-01
      2654 -7.395861E-05  2.375649E+00 -1.024343E-01
      2655  4.992153E-03  2.259608E+00  1.362770E-01
      2656 -2.651787E-01  2.195630E+00  3.984595E-01
      2657  3.781382E+00  8.339828E+00 -1.677328E+01
      2658  2.583519E+00  4.908548E+00 -9.096449E+00
      2659  2.284081E+00  3.710506E+00 -5.568716E+00
      2660  1.981005E+00  2.743332E+00 -3.654788E+00
      2661  1.540041E+00  1.284549E+00 -2.539868E+00
      2662  1.367898E+00  1.812495E+00 -1.397762E+00
      2663  1.050559E+00  1.347514E+00 -1.178240E+00
      2664  8.357774E-01  1.353637E+00 -1.064297E+00
      2665  6.934329E-01  1.236672E+00 -1.133303E+00
      2666  6.256205E-01  1.306317E+00 -1.235816E+00
      2667  6.266493E-01  2.038020E+00 -1.154289E+00
      2668  4.540871E-01  2.046754E+00 -1.332646E+00
      2669  4.561281E-01  1.592027E+00 -1.595314E+00
      2670  4.859249E-01  1.193129E+00 -1.506358E+00
      2671  1.979904E-01  1.778819E+00 -1.484168E+00
      2672  2.603099E-01  1.253394E+00 -1.777004E+00
      2673  2.866383E-01  2.958720E+00 -1.213793E+00
      2674  1.441762E-01  2.065153E+00 -1.534321E+00
      2675  5.984481E-02  1.914556E+00 -1.638609E+00
      2676  5.795825E-02  1.646155E+00 -1.748148E+00
      2677  9.352950E-03  1.503734E+00 -1.763010E+00
      2685 -2.971325E+00 -2.518710E-01 -1.547177E+01
      2694 -6.479927E-02  3.762429E-01 -1.167688E+00
      2695 -2.786933E-02  2.792605E-04 -8.168182E-01
      2696 -1.942128E-02  2.535028E-03 -6.470479E-01
      2697  5.717945E-03 -2.245776E-02 -8.544026E-01
      2698 -7.931131E-03 -9.139445E-03 -8.234949E-01
      2699 -2.816342E-02 -1.354237E-02 -8.254041E-01
      2700 -7.031929E-02 -5.428739E-02 -1.065751E+00
      2701 -1.937671E-02  3.283676E-03 -6.158324E-01
      2702 -6.045089E-02 -1.617714E-02 -9.990918E-01
      2703 -3.524461E-02 -1.005019E-02 -5.829122E-01
      2704 -6.122275E-02 -4.591260E-02 -8.593203E-01
      2705 -8.310980E-02 -3.779955E-02 -6.024860E-01
      2706 -6.782391E-02 -3.834135E-03 -4.406166E-01
      2707 -9.618508E-02 -4.983738E-02 -6.750662E-01
      2708 -1.521287E-01 -4.331618E-02 -5.631038E-01
      2709 -1.967533E-01 -3.730757E-01 -9.094159E-01
      2710 -5.894759E-02  1.206236E-01 -1.235205E-01
      2711 -1.597054E-01  2.494181E-01 -7.254917E-01
      2712 -1.855873E-01  5.126645E-01 -8.267470E-01
      2713 -7.049505E-01  7.662055E-02 -1.283500E+00
      2714 -5.316212E-02 -6.985046E-01 -2.120130E+00
      2715 -1.888216E-01 -8.101139E-01 -1.981896E+00
      2716 -2.907863E-01 -7.527069E-01 -1.848164E+00
      2717 -4.892798E-01 -8.820673E-01 -1.804199E+00
      2718 -6.496857E-01 -7.373451E-01 -1.690377E+00
      2719 -8.323551E-01 -7.606106E-01 -1.650329E+00
      2720 -1.007138E+00 -8.457220E-01 -1.654924E+00
      2721 -1.079845E+00 -1.126361E+00 -1.776536E+00
      2722 -1.333577E+00 -3.934924E-01 -1.541397E+00
      2723 -1.368628E+00 -1.026431E+00 -1.676538E+00
      2724 -1.558264E+00 -7.321014E-01 -1.419324E+00
      2725 -1.691140E+00 -6.996058E-01 -1.324590E+00
      2726 -1.936780E+00 -5.583619E-01 -1.208528E+00
      2727 -2.303069E+00 -6.153366E-01 -1.240434E+00
      2728 -2.648405E+00 -5.729516E-01 -1.431207E+00
      2729 -3.188596E+00 -6.818138E-01 -2.020362E+00
      2730 -3.665341E+00 -8.787624E-01 -2.977246E+00
      2731 -3.089833E+00 -6.576272E-01 -3.828561E+00
      2732 -3.415102E+00 -8.132079E-01 -5.477638E+00
      2733 -3.849034E+00 -7.516306E-01 -8.173517E+00
      2734 -4.885207E+00  9.027664E-01 -1.418339E+01
      2858  3.090764E-01  2.144332E+00  2.650640E-01
      2859  4.271992E-02  2.158116E+00  1.185070E-01
      2860  1.470530E-02  2.252787E+00  3.413305E-01
      2861 -4.098578E-02  2.234517E+00  1.326208E-01
      2862 -2.974533E-02  2.107625E+00  1.464594E-01
      2863 -2.813451E-02  2.150044E+00  1.372757E-01
      2864  1.901665E-02  2.777008E+00 -9.241013E-02
      2865 -7.039137E-03  1.987075E+00  3.636198E-01
      2866 -3.117261E-03  1.949511E+00 -2.547829E-02
      2867 -8.026114E-02  2.547174E+00  2.820808E-01
      2868 -1.559691E-02  1.917435E+00 -6.228016E-02
      2869  1.581898E-02  1.729581E+00  1.178205E-01
      2870  1.555997E-03  1.619342E+00  2.741609E-01
      2871 -2.833485E-02  1.544678E+00 -2.444593E-02
      2872  2.946142E-02  1.545179E+00  9.112886E-02
      2873 -1.249797E-02  1.795356E+00 -1.973293E-02
      2874 -5.488212E-02  2.136673E+00  4.138414E-02
      2875 -9.608687E-02  2.715852E+00 -6.192551E-01
      2876 -6.455308E-02  3.643789E+00 -6.559676E-01
      2877 -3.308320E-01  5.366994E+00 -1.714916E+00
      2878 -6.821839E-02  1.609975E+00 -1.682167E+00
      2879 -1.412932E-01  1.623073E+00 -1.683219E+00
      2880 -1.218061E-01  1.673170E+00 -1.692335E+00
      2881 -1.569240E-01  1.941149E+00 -1.556137E+00
      2882 -2.260226E-01  1.627706E+00 -1.592974E+00
      2883 -2.750557E-01  1.662475E+00 -1.523946E+00
      2884 -3.212583E-01  1.823294E+00 -1.486160E+00
      2885 -5.904523E-01  2.387184E+00 -1.217379E+00
      2886 -4.475499E-01  1.151727E+00 -1.611418E+00
      2887 -4.854411E-01  2.275128E+00 -1.115216E+00
      2888 -5.888614E-01  1.626943E+00 -1.290094E+00
      2889 -6.931941E-01  1.521381E+00 -1.120626E+00
      2890 -7.628659E-01  1.202562E+00 -1.107195E+00
      2891 -8.520234E-01  1.334920E+00 -1.019409E+00
      2892 -1.056006E+00  1.138046E+00 -1.161533E+00
      2893 -1.297094E+00  1.388653E+00 -1.507931E+00
      2894 -1.598079E+00  1.809760E+00 -2.165462E+00
      2895 -1.841235E+00  2.345048E+00 -3.213027E+00
      2896 -2.216398E+00  3.213742E+00 -5.359757E+00
      2897 -2.500999E+00  4.410799E+00 -8.682745E+00
      2898 -3.572772E+00  7.801526E+00 -1.623751E+01
      3400  5.261199E+00 -8.403027E-01  3.189322E+00
      3401  6.870598E+00 -2.004143E-01  4.151328E+00
      3402  1.139409E+01  3.410652E-01  5.183632E+00
      3403  4.497693E+00 -3.178905E+00  8.088384E+00
      3404  7.933932E+00 -4.946770E+00  1.511213E+01
      3405  1.347767E+01 -5.250693E+00  2.395223E+01
      3406  2.272147E+01 -5.101375E+00  3.584062E+01
      3509 -4.832491E-01 -5.253834E+00  8.325774E+00
      3510 -1.710472E+00  1.300979E+01  5.661320E+01
      3511 -2.643467E+00 -9.913356E-01 -2.309743E-01
      3512 -3.434731E+00 -3.123944E-02  1.460417E-01
      3513 -7.362651E+00  2.191284E-01  1.447554E+00
      3514 -2.230465E+00 -2.151096E+00  4.271163E+00
      3515 -4.273484E+00 -4.575214E+00  8.282773E+00
      3516 -8.727845E+00 -5.208456E+00  1.629989E+01
      3517 -1.785002E+01 -5.626429E+00  3.021814E+01
      4033  2.378552E+00 -9.084630E-01 -3.205148E-01
      4034  3.048308E+00 -3.097732E-02 -5.893098E-03
      4035  6.597626E+00  1.903386E-01  1.175292E+00
      4036  2.035561E+00 -1.966892E+00  3.916961E+00
      4037  3.842639E+00 -4.192127E+00  7.443385E+00
      4038  7.858097E+00 -4.766285E+00  1.468329E+01
      4039  1.615035E+01 -5.154455E+00  2.736238E+01
      4147  4.779470E-01 -4.882359E+00  7.743254E+00
      4148  1.684165E+00  1.183708E+01  5.157034E+01
      4149 -4.955799E+00 -7.602453E-01  3.044113E+00
      4150 -6.434801E+00 -1.792063E-01  3.936089E+00
      4151 -1.056737E+01  3.271323E-01  4.870458E+00
      4152 -4.252787E+00 -2.978101E+00  7.654606E+00
      4153 -7.426320E+00 -4.557951E+00  1.415154E+01
      4154 -1.249155E+01 -4.813518E+00  2.220433E+01
      4155 -2.088476E+01 -4.650834E+00  3.293809E+01
      4580  2.452890E+00  2.697933E+00 -8.931394E+00
      4583 -2.296159E+00  2.484531E+00 -8.018880E+00
      4585 -4.934362E-01  2.571512E+00  3.418421E+00
      4586  2.897905E-01  1.516753E+00  1.200999E+00
      4587  5.233780E-01  8.794561E-01  7.591352E-01
      4588  7.621908E-02  6.701183E-01  1.080873E+00
      4589  4.501255E-01  4.404592E-01  9.677921E-01
      4590 -1.578186E-02  3.811163E-01  8.403305E-01
      4591 -5.937368E-04  4.193497E-01  8.966969E-01
      4592 -4.642297E-05  4.677367E-01  9.835426E-01
      4593  6.126188E-03  5.106990E-01  1.064390E+00
      4594  3.702958E-03  5.728428E-01  1.191790E+00
      4595 -6.674648E-03  6.160824E-01  1.279282E+00
      4596 -8.382831E-03  6.497735E-01  1.335720E+00
      4597 -1.446451E-02  6.885092E-01  1.354236E+00
      4598  9.807231E-03  6.796209E-01  1.389153E+00
      4599 -8.598653E-03  6.696696E-01  1.371220E+00
      4600 -7.004057E-03  6.886549E-01  1.438817E+00
      4601 -6.463128E-03  6.739267E-01  1.393954E+00
      4602 -3.281022E-03  6.603563E-01  1.390679E+00
      4603  5.873095E-03  6.685898E-01  1.403896E+00
      4604 -2.281997E-03  6.932892E-01  1.427099E+00
      4605  3.411076E-03  6.915353E-01  1.430957E+00
      4606 -9.744597E-04  6.604760E-01  1.399156E+00
      4607 -2.631556E-03  6.604147E-01  1.394430E+00
      4608  4.379853E-03  6.557558E-01  1.387203E+00
      4609  3.663444E-03  6.496052E-01  1.362935E+00
      4610  6.442266E-03  6.317375E-01  1.329863E+00
      4611  1.222593E-02  6.529585E-01  1.356743E+00
      4612  1.481835E-02  6.391770E-01  1.349697E+00
      4613 -9.986032E-03  6.577427E-01  1.324231E+00
      4614  1.189495E-02  5.976584E-01  1.251875E+00
      4615 -4.172041E-03  5.639797E-01  1.161406E+00
      4616  2.875613E-03  4.958853E-01  1.043469E+00
      4617 -1.468635E-03  4.586478E-01  9.646897E-01
      4618  3.607001E-04  4.060283E-01  8.713960E-01
      4619  1.562199E-02  3.586046E-01  7.941650E-01
      4620 -6.247938E-02  5.146279E-01  8.170384E-01
      4621 -4.438411E-01  5.315982E-01  1.029915E+00
      4622 -5.207950E-01  7.848679E-01  7.256211E-01
      4623 -3.068677E-01  1.365587E+00  1.112750E+00
      4624  4.474012E-01  2.331965E+00  3.114341E+00
      4625  1.643447E+00  2.081064E+00  4.456974E+00
      4626  7.920176E-01  1.313465E+00  3.442836E+00
      4627  9.918404E-01  6.497714E-01  1.886487E+00
      4628  1.082301E+00  4.710758E-01  1.352834E+00
      4629  1.929258E+00  4.431990E-01  1.722096E+00
      4630  1.788629E+00  5.287338E-01  1.887544E+00
      4631  1.557882E+00  6.804381E-01  2.141538E+00
      4632  1.344804E+00  8.034281E-01  2.416780E+00
      4633  1.160082E+00  8.975448E-01  2.645471E+00
      4634  1.029123E+00  9.915376E-01  2.911077E+00
      4635  9.013711E-01  1.054597E+00  3.177506E+00
      4636  7.979450E-01  1.104314E+00  3.311212E+00
      4637  6.814389E-01  1.089656E+00  3.374467E+00
      4638  5.720806E-01  9.975308E-01  3.445467E+00
      4639  4.862648E-01  1.169779E+00  3.497491E+00
      4640  3.893750E-01  1.161293E+00  3.516975E+00
      4641  2.870703E-01  1.122938E+00  3.549532E+00
      4642  1.960570E-01  1.139229E+00  3.460823E+00
      4643  1.268807E-01  1.129794E+00  3.422147E+00
      4644  5.885336E-02  1.151103E+00  3.444830E+00
      4645 -1.683013E-02  1.111675E+00  3.495704E+00
      4646 -1.016745E-01  1.158046E+00  3.446488E+00
      4647 -1.572613E-01  1.150967E+00  3.440917E+00
      4648 -2.446034E-01  1.140197E+00  3.438332E+00
      4649 -3.376031E-01  1.149782E+00  3.435653E+00
      4650 -4.476115E-01  1.145483E+00  3.395478E+00
      4651 -5.228380E-01  1.137946E+00  3.394944E+00
      4652 -6.470829E-01  1.127495E+00  3.436210E+00
      4653 -7.083536E-01  1.142535E+00  3.397967E+00
      4654 -8.798956E-01  1.052684E+00  3.249640E+00
      4655 -9.497381E-01  1.030896E+00  3.092894E+00
      4656 -1.077331E+00  9.567771E-01  2.832771E+00
      4657 -1.187202E+00  8.871266E-01  2.597915E+00
      4658 -1.371014E+00  7.845147E-01  2.357039E+00
      4659 -1.572352E+00  6.647236E-01  2.061078E+00
      4660 -1.795890E+00  5.205817E-01  1.792723E+00
      4661 -2.047522E+00  4.652056E-01  1.710924E+00
      4662 -9.852138E-01  4.205400E-01  1.189649E+00
      4663 -9.718297E-01  6.073664E-01  1.731629E+00
      4664 -7.901709E-01  1.206024E+00  3.139893E+00
      4665 -1.572382E+00  1.899580E+00  4.043032E+00
      4915  3.477198E-01  8.875486E+00 -1.707775E+01
      4936 -3.658739E-01  1.388497E+01  3.194930E+01
      4950 -3.581198E+00 -6.125125E-03 -4.349799E-01
      4951  7.290607E-01 -3.641736E-03 -1.051965E+00
      4952 -8.428000E+00  2.359903E+00  1.593385E+01
      4953 -2.378324E+00  2.140966E+00  4.176185E+00
      4954  1.561237E+00  2.614652E+00 -3.482146E+00
      4955  7.813630E+00  1.823460E-01  3.722650E+00
      4956  2.117077E+00 -7.412481E-01  9.282465E-01
      4957 -1.608292E+00 -8.582918E-01  2.317394E-01
      4958  1.354897E+01  2.124979E+00  2.344446E+01
      4959  7.140786E+00  1.547300E+00  1.006894E+01
      4960 -5.098367E-01  2.060413E+00 -9.156376E-01
      4961 -6.094743E+00  2.146209E+00 -1.126247E+01
      5003 -3.210091E-01  7.936449E+00 -1.526041E+01
      5024  3.872958E-01  1.247992E+01  2.870332E+01
      5038 -7.252761E+00  1.750676E-01  3.573385E+00
      5039 -2.116651E+00 -6.842389E-01  9.759646E-01
      5040  1.285169E+00 -7.907531E-01  3.785064E-01
      5041 -1.240951E+01  1.915285E+00  2.147331E+01
      5042 -6.692099E+00  1.396155E+00  9.433299E+00
      5043  2.640292E-01  1.879384E+00 -4.826249E-01
      5044  5.246185E+00  1.961906E+00 -9.739702E+00
      5045  3.001652E+00 -1.646430E-02 -6.520859E-01
      5046 -8.357156E-01  5.103391E-03 -1.143220E+00
      5047  7.326052E+00  2.137521E+00  1.386441E+01
      5048  1.889282E+00  1.969858E+00  3.349719E+00
      5049 -1.514719E+00  2.401403E+00 -3.371601E+00
     24494  5.682916E+00  1.301980E+00 -2.310905E+01
     24495  5.388943E+00 -2.790413E+00 -1.735423E+01
     24496 -3.717009E-02 -7.745304E-01 -3.713656E+00
     24497  1.960002E-01 -2.211121E+00 -3.295802E+00
     24498  4.726072E+00 -8.399141E-01 -1.395130E+01
     24499  4.629839E+00 -2.221332E+00 -1.142522E+01
     24500  4.026498E+00 -9.811966E-01 -9.261961E+00
     24501  3.472829E+00 -8.619759E-01 -6.308650E+00
     24502  3.409673E+00 -1.404082E+00 -4.971893E+00
     24503  4.000228E+00 -1.828780E+00 -8.172554E+00
     24504  2.607275E+00 -1.295221E+00 -3.230370E+00
     24505  2.987131E+00 -3.302827E-01 -4.079908E+00
     24506  2.325394E+00 -9.067249E-01 -3.271494E+00
     24507  1.830812E+00 -1.321926E+00 -2.129947E+00
     24508  1.938442E+00 -7.077854E-01 -2.554144E+00
     24509  2.312094E+00 -1.412645E+00 -3.111899E+00
     24510  1.582222E+00 -7.558306E-01 -2.420879E+00
     24511  1.349174E+00 -7.059761E-01 -2.428122E+00
     24512  1.565233E+00 -1.386972E+00 -2.361767E+00
     24513  1.151993E+00 -7.305720E-01 -2.579028E+00
     24514  1.320667E+00 -1.425150E+00 -2.446311E+00
     24515  1.009607E+00 -1.037837E+00 -2.982513E+00
     24516  1.014704E+00 -1.829103E+00 -2.661247E+00
     24517  1.101374E+00 -1.648923E+00 -3.075631E+00
     24518  9.164671E-01 -1.054693E+00 -3.183805E+00
     24519  9.624271E-01 -1.792167E+00 -3.134586E+00
     24520  8.507517E-01 -8.120570E-01 -3.193224E+00
     24521  6.020223E-01 -8.652627E-01 -3.129195E+00
     24522  6.687991E-01 -1.796356E+00 -3.068593E+00
     24523  8.003307E-01 -1.523134E+00 -3.101483E+00
     24524  6.475345E-01 -1.144725E+00 -3.430318E+00
     24525  6.499007E-01 -1.684981E+00 -3.276370E+00
     24526  5.033381E-01 -6.659455E-01 -3.266316E+00
     24527  3.326615E-01 -1.882426E+00 -3.395705E+00
     24528  3.543119E-01 -1.537650E+00 -3.826448E+00
     24529  3.144870E-01 -1.090813E+00 -3.488836E+00
     24530  2.659824E-01 -1.890121E+00 -3.032092E+00
     24531  4.485090E-01 -2.229551E+00 -4.050444E+00
     24532  1.737921E-01 -9.917332E-01 -3.524483E+00
     24533  1.660080E-01 -1.833367E+00 -3.458538E+00
     24534  1.076001E-01 -9.663109E-01 -3.675151E+00
     25414 -1.551044E-02 -8.651139E-01 -3.657618E+00
     25415 -2.544210E-01 -2.188591E+00 -3.223537E+00
     25416 -5.257664E+00  1.400792E+00 -2.080437E+01
     25417 -5.177245E+00 -2.613470E+00 -1.519695E+01
     25418 -1.329130E-01 -8.853043E-01 -3.617438E+00
     25419 -2.102623E-01 -1.789037E+00 -3.425982E+00
     25420 -2.372251E-01 -8.740957E-01 -3.434074E+00
     25421 -3.656413E-01 -1.840371E+00 -3.299512E+00
     25422 -3.186443E-01 -1.025775E+00 -3.467349E+00
     25423 -3.176778E-01 -1.878531E+00 -3.805589E+00
     25424 -5.323860E-01 -1.778171E+00 -3.197242E+00
     25425 -4.280422E-01 -8.700419E-01 -3.270892E+00
     25426 -5.594057E-01 -9.123446E-01 -3.241088E+00
     25427 -6.760744E-01 -1.804971E+00 -3.182628E+00
     25428 -8.554172E-01 -1.946521E+00 -2.892784E+00
     25429 -6.966359E-01 -9.658162E-01 -3.239549E+00
     25430 -7.897153E-01 -1.221670E+00 -3.499050E+00
     25431 -1.162832E+00 -1.608164E+00 -2.664672E+00
     25432 -8.667224E-01 -5.042086E-01 -2.966372E+00
     25433 -7.378303E-01 -1.714719E+00 -3.559854E+00
     25434 -9.905061E-01 -1.213452E+00 -3.296886E+00
     25435 -1.065146E+00 -8.734075E-01 -2.812224E+00
     25436 -1.201903E+00 -1.544922E+00 -2.339194E+00
     25437 -1.036375E+00 -1.849258E+00 -3.376227E+00
     25438 -1.216339E+00 -8.235684E-01 -2.627555E+00
     25439 -1.401809E+00 -6.641832E-01 -2.360755E+00
     25440 -1.348642E+00 -1.445390E+00 -2.467478E+00
     25441 -1.594336E+00 -7.465286E-01 -2.356976E+00
     25442 -1.817120E+00 -1.252551E+00 -2.025465E+00
     25443 -1.610199E+00 -1.375019E+00 -2.596335E+00
     25444 -1.937096E+00 -5.974190E-01 -2.387436E+00
     25445 -2.244535E+00 -1.229200E+00 -2.574024E+00
     25446 -2.341986E+00 -5.682413E-01 -2.886114E+00
     25447 -2.658034E+00 -1.318208E+00 -3.296982E+00
     25448 -2.829763E+00 -6.883325E-01 -3.909954E+00
     25449 -3.299170E+00 -7.694618E-01 -5.635945E+00
     25450 -3.696949E+00 -1.675870E+00 -6.287644E+00
     25451 -3.231772E+00 -1.413073E+00 -5.044000E+00
     25452 -3.885166E+00 -7.397797E-01 -8.415082E+00
     25453 -4.373039E+00 -2.049655E+00 -1.006483E+01
     25454 -4.535448E+00 -5.805127E-01 -1.267590E+01
     28582 -5.782748E-01  1.963681E+00 -2.754800E-01
     28583 -2.503187E-01  8.904876E-01  8.027232E-01
     28584 -4.627312E-01  5.730689E-01 -3.532199E-01
     28585 -1.410769E+00  9.501811E-01 -8.382820E-01
     28586 -1.231363E+00 -1.323457E+01  5.539861E+01
     28587 -2.063079E+00 -1.374885E+01  5.172917E+01
     28588  7.299473E-01 -1.001409E+01  4.601014E+01
     28589 -1.064777E+00 -6.692474E+00  1.089332E+01
     28590 -3.723312E-01 -7.391086E+00  1.443136E+01
     28591 -1.349099E+00 -8.402914E+00  1.142533E+01
     28592 -3.855157E-03 -6.434200E+00  9.087503E+00
     28593 -4.135674E+00 -1.087766E+01  4.386446E+01
     28594  1.903837E-01 -8.469883E+00  1.792222E+01
     28595 -1.471116E+00 -9.606134E+00  2.009463E+01
     28596 -9.981571E-01 -8.346379E+00  1.287577E+01
     28597 -1.651317E+00 -8.725391E+00  1.339427E+01
     28598  5.598309E-01 -9.325308E+00  2.915325E+01
     28599 -1.128630E+00 -1.087273E+01  3.198833E+01
     28600 -1.134326E+00 -9.420292E+00  2.309475E+01
     28601 -4.702760E-01 -8.773734E+00  1.660215E+01
     28602 -2.455551E+00 -1.012269E+01  2.486839E+01
     28603 -1.434519E+00 -9.400360E+00  3.895652E+01
     28604 -5.374169E-01 -9.790938E+00  2.937400E+01
     32020  2.323440E-01  8.207824E-01  7.348665E-01
     32021  4.980025E-01  1.770770E+00 -2.514986E-01
     32022  4.075068E-01  5.236571E-01 -3.313635E-01
     32023  1.281660E+00  8.682089E-01 -7.742512E-01
     32024  3.886907E-01 -6.875045E+00  1.354454E+01
     32025  1.037848E+00 -6.186947E+00  1.007179E+01
     32026  7.458915E-02 -5.901541E+00  8.432996E+00
     32027  1.999574E+00 -1.252696E+01  4.704834E+01
     32028  1.235150E+00 -1.208699E+01  5.068943E+01
     32029  3.862433E+00 -9.988874E+00  3.988516E+01
     32030  1.265832E+00 -7.843953E+00  1.071162E+01
     32031 -5.649624E-01 -9.097759E+00  4.220626E+01
     32032  1.563838E+00 -8.025704E+00  1.224034E+01
     32033  5.247241E-01 -8.035279E+00  1.516874E+01
     32034  9.969287E-01 -7.677847E+00  1.201365E+01
     32035 -1.117658E-01 -7.792179E+00  1.674096E+01
     32036  2.303333E+00 -9.290421E+00  2.262638E+01
     32037  5.957061E-01 -8.947712E+00  2.673264E+01
     32038  1.128039E+00 -8.643451E+00  2.127116E+01
     32039  1.414298E+00 -8.863225E+00  1.865971E+01
     32040 -4.360905E-01 -8.537902E+00  2.694067E+01
     32041  1.430163E+00 -8.613008E+00  3.566441E+01
     32042  1.103248E+00 -1.000003E+01  2.946558E+01
     34898 -2.527014E-01  3.039748E-01 -9.794709E-02
     34899  2.277940E-01  2.746013E-01 -1.006990E-01
     34900  3.869017E-02  1.027327E-01  9.809575E-02
     34901 -4.795851E-02  1.072615E-01  1.147449E-01
     34902  3.878824E-02  5.449033E-02  9.714458E-02
     34903 -4.424307E-02  5.493843E-02  1.106610E-01
     34904 -4.139251E-02  2.630982E-02  7.059746E-02
     34905  2.936183E-02  3.161583E-02  7.549370E-02
     34906  5.129074E+00  1.454176E+00 -1.138171E+01
     34907  4.358831E+00  6.292753E-01 -2.471249E+00
     34908  3.958161E+00 -8.309092E-02 -7.073859E+00
     34909 -8.309109E-02 -4.042694E-01  1.892810E+00
     34910  1.687495E-01 -4.525444E-01  1.956643E+00
     34911  2.051263E-03 -3.748260E-01  1.899305E+00
     34912 -2.486504E-01 -4.417385E-01  1.971615E+00
     34913 -4.084593E+00  6.036094E-01 -2.242762E+00
     34914 -4.769356E+00  1.410481E+00 -1.027435E+01
     34915 -3.752323E+00 -6.283427E-02 -6.381488E+00
     34916  3.481212E+00 -4.391641E-01  2.358419E+00
     34917 -3.316959E+00 -3.569045E-01  2.137612E+00
     34918  3.125512E+00 -1.325584E+00 -4.009224E+00
     34919  3.383445E+00 -1.062804E+00 -4.533402E+00
     34920  2.468258E+00 -2.595139E+00 -1.528201E+00
     34921  1.916531E+00 -9.334075E-01  2.422335E+00
     34922  2.969878E+00 -1.130098E+00 -2.659305E+00
     34923  3.074080E+00 -1.209024E+00 -3.086475E+00
     34924  2.422901E+00 -2.423598E+00 -3.738176E-01
     34925  2.158204E+00 -7.144340E-01  2.233493E+00
     34926  2.104351E+00 -8.801460E-01  1.310144E+00
     34927  2.794229E+00 -8.248765E-01 -1.542631E+00
     34928  2.761857E+00 -9.471782E-01 -2.019471E+00
     34929  2.256978E+00 -1.413409E+00 -2.244505E-01
     34930  2.288848E+00 -5.749971E-01  1.314725E+00
     34931  2.136673E+00 -6.184793E-01  9.576404E-01
     34932  2.917313E+00 -7.891762E-01 -4.059957E-01
     34933  4.297142E+00 -8.998696E-01  3.359078E-02
     34934  2.383554E+00 -2.298687E-01  1.156917E+00
     34935  3.650660E+00 -7.228767E-01  3.949430E-01
     34936  3.753221E+00 -7.408194E-01  6.119798E-01
     34937  3.234247E+00 -4.172789E-01  8.498876E-01
     34938  3.317262E+00 -5.140451E-01  1.063252E+00
     34939  2.750861E+00 -2.437296E-01  1.209463E+00
     34940  2.866024E+00 -3.706076E-01  1.372456E+00
     34941  2.337461E+00 -1.686710E-01  1.475970E+00
     34942  2.494560E+00 -3.157224E-01  1.565313E+00
     34943  2.221064E+00 -3.232262E-01  1.730931E+00
     34944  2.008638E+00 -1.678017E-01  1.632887E+00
     34945  2.000995E+00 -4.573299E-01  1.879253E+00
     34946  1.726981E+00 -2.484939E-01  1.783737E+00
     34947  1.794144E+00 -4.692563E-01  1.909803E+00
     34948  1.480888E+00 -3.182446E-01  1.935726E+00
     34949  1.581015E+00 -4.006391E-01  1.958663E+00
     34950  1.321562E+00 -2.552650E-01  1.999649E+00
     34951  1.389184E+00 -6.465489E-01  2.078031E+00
     34952  1.106431E+00 -3.979328E-01  2.016283E+00
     34953  1.265404E+00 -5.503722E-01  1.999016E+00
     34954  9.244151E-01 -6.482580E-01  2.136395E+00
     34955  1.022703E+00 -3.485576E-01  2.051668E+00
     34956  7.484391E-01 -2.610427E-01  2.042332E+00
     34957  8.451170E-01 -6.522633E-01  2.014190E+00
     34958  5.109772E-01 -5.085702E-01  2.035779E+00
     34959  6.583963E-01 -5.113146E-01  1.964125E+00
     34960  3.252742E-01 -4.890376E-01  2.078456E+00
     34961  4.693554E-01 -4.349437E-01  1.884881E+00
     34962  1.626160E-01 -4.021690E-01  1.958513E+00
     34963  2.917890E-01 -3.875672E-01  1.879512E+00
     34964  3.751661E-02 -3.756099E-01  1.915996E+00
     34965 -3.695504E-01 -3.680656E-01  1.902425E+00
     34966 -1.100392E-01 -3.243581E-01  1.932750E+00
     34967 -2.631037E-01 -3.500864E-01  1.952350E+00
     34968 -5.443407E-01 -3.808884E-01  1.924912E+00
     34969 -7.164626E-01 -4.197025E-01  1.936700E+00
     34970 -4.300367E-01 -3.553412E-01  1.975845E+00
     34971 -6.376736E-01 -2.869458E-01  1.997984E+00
     34972 -9.073710E-01 -3.632686E-01  1.981765E+00
     34973 -8.286604E-01 -2.917122E-01  1.998022E+00
     34974 -1.122283E+00 -3.555411E-01  1.964964E+00
     34975 -1.310203E+00 -4.208250E-01  1.974158E+00
     34976 -1.018491E+00 -3.404985E-01  2.069755E+00
     34977 -1.206706E+00 -3.729540E-01  1.966316E+00
     34978 -1.539731E+00 -5.321230E-01  1.986654E+00
     34979 -1.477145E+00 -2.492853E-01  2.019558E+00
     34980 -1.667998E+00 -3.111516E-01  2.020988E+00
     34981 -1.595695E+00 -3.374986E-01  1.852345E+00
     34982 -1.919643E+00 -5.132403E-01  1.859334E+00
     34983 -1.830751E+00 -2.310747E-01  1.734927E+00
     34984 -2.084423E+00 -4.094708E-01  1.820039E+00
     34985 -2.067331E+00 -1.772599E-01  1.582398E+00
     34986 -2.304656E+00 -3.619001E-01  1.669578E+00
     34987 -2.390757E+00 -1.573820E-01  1.441004E+00
     34988 -2.547004E+00 -3.234267E-01  1.540804E+00
     34989 -2.781254E+00 -2.197644E-01  1.169257E+00
     34990 -2.899052E+00 -3.582750E-01  1.345418E+00
     34991 -3.258218E+00 -3.541136E-01  7.904391E-01
     34992 -3.324063E+00 -4.363930E-01  1.042574E+00
     34993 -3.463582E+00 -4.518097E-01  6.765014E-01
     34994 -3.798641E+00 -6.338350E-01  6.234360E-01
     34995 -3.034811E+00 -9.597157E-01 -5.608973E-01
     34996 -4.276874E+00 -8.972017E-01  1.003829E-01
     34997 -2.666501E+00 -8.186640E-01 -1.810094E+00
     34998 -2.586906E+00 -7.416386E-01 -1.465302E+00
     34999 -2.139321E+00 -3.043308E-01  9.823860E-01
     35000 -2.940262E+00 -1.071577E+00 -2.787980E+00
     35001 -2.855494E+00 -1.013416E+00 -2.409554E+00
     35002 -2.153169E+00 -1.262178E+00 -2.266674E-01
     35003 -2.223948E+00 -4.925409E-01  1.204308E+00
     35004 -2.013064E+00 -5.252849E-01  8.938923E-01
     35005 -3.214452E+00 -9.498423E-01 -4.090642E+00
     35006 -2.987623E+00 -1.223310E+00 -3.639239E+00
     35007 -2.306981E+00 -2.155934E+00 -3.591721E-01
     35008 -2.099400E+00 -6.252804E-01  2.042618E+00
     35009 -2.045524E+00 -7.970293E-01  1.206555E+00
     35010 -2.359611E+00 -2.292325E+00 -1.400822E+00
     35011 -1.888336E+00 -8.582156E-01  2.212194E+00
     35658 -1.213017E-01  1.014993E+00 -5.576968E-01
     35659 -1.320154E-01  8.465005E-01  6.678123E-01
     35660  1.949450E-01  9.986946E-02  8.645623E-02
     35661  6.358249E-01 -4.179421E-01  3.095695E-01
     35662  1.764132E-02  4.287055E-01  2.439786E-01
     35663  1.161048E+00  2.014954E+00 -8.089895E+00
     35664  7.552489E-01  1.617969E+00 -1.583447E+01
     35665  1.111352E+00  2.860137E+00 -6.678926E+00
     35666  1.018161E+00  2.032786E+00 -7.562322E+00
     35667  8.159460E-01  1.873741E+00 -7.195524E+00
     35668 -3.810776E-01  2.973909E+00 -2.037659E+01
     35669 -4.317273E-01  5.251644E+00 -2.190689E+00
     35670 -7.156745E-01  5.086419E+00 -7.195149E+00
     35671 -9.507587E-01  6.306172E+00 -8.478655E+00
     35672 -7.538331E-01  4.735202E+00 -5.040321E+00
     35673 -3.748965E-01  4.180208E+00 -7.777153E+00
     35674 -1.513513E+00  3.430253E+00 -1.240944E+01
     35675 -9.515900E-01  4.850567E+00  3.771874E+01
     35676 -1.212695E+00  4.603367E+00  3.308539E+01
     35677 -2.372636E+00  4.894463E+00  2.334288E+01
     35678  6.156739E-01  4.745209E+00  2.740586E+01
     35679  9.513527E-01  4.984693E+00  1.072108E+01
     35680 -1.655560E+00  4.381482E+00  5.375883E+00
     35681 -8.783365E-01  4.883825E+00  1.866174E+01
     35682 -4.827697E+00  3.851504E+00  1.320704E+01
     35683 -1.659718E+00  5.521407E+00  3.474152E+00
     35684 -1.928698E-01  4.540645E+00  9.166805E+00
     35685 -1.458892E+00  4.871772E+00  1.284902E-01
     36115  6.510627E-02  9.043469E-01 -4.991971E-01
     36116  4.271078E-02  7.676750E-01  6.084383E-01
     36117 -1.999640E-01  8.637987E-02  8.056192E-02
     36118 -5.899352E-01 -3.831234E-01  2.871621E-01
     36119 -3.461910E-02  3.820453E-01  2.129770E-01
     36120 -7.061099E-01  1.457327E+00 -1.414252E+01
     36121 -1.055008E+00  1.824358E+00 -7.236282E+00
     36122 -9.479817E-01  1.862188E+00 -6.746388E+00
     36123 -1.032328E+00  2.622375E+00 -5.939107E+00
     36124 -7.563406E-01  1.722465E+00 -6.356913E+00
     36125  3.575816E-01  2.672292E+00 -1.801555E+01
     36126  9.622561E-01  5.767158E+00 -7.554268E+00
     36127  7.420221E-01  4.336540E+00 -4.209896E+00
     36128  7.110469E-01  4.651566E+00 -6.605138E+00
     36129  3.662141E-01  3.813740E+00 -6.853814E+00
     36130  4.471806E-01  4.818865E+00 -2.166785E+00
     36131  1.370543E+00  3.118286E+00 -1.083415E+01
     36132  1.195532E+00  4.154090E+00  2.941823E+01
     36133  9.707620E-01  4.362883E+00  3.413936E+01
     36134 -4.512165E-01  4.327077E+00  2.489603E+01
     36135  2.209340E+00  4.400909E+00  2.061972E+01
     36136  4.562092E+00  3.445713E+00  1.203245E+01
     36137  3.181127E-01  4.125229E+00  8.506842E+00
     36138  9.190996E-01  4.420390E+00  1.678493E+01
     36139 -6.796752E-01  4.558285E+00  9.377901E+00
     36140  1.410104E+00  4.435076E+00  3.580733E-01
     36141  1.717241E+00  5.030657E+00  3.204578E+00
     36142  1.578639E+00  3.988826E+00  4.534219E+00

 total force (fx,fy,fz) for set FEET and time  0.1000000E+01

       -1.231381E-09  1.506272E-08  1.200000E+03

                        S T E P       2


                                INCREMENT     1


 displacements (vx,vy,vz) for set TOP and time  0.2000000E+01

     17968 -2.714180E-02  4.246845E-01 -4.260849E-01
     18013 -1.459464E-02  5.336436E-01 -4.940131E-01
     18450 -2.297356E-03  5.733491E-01 -5.171002E-01
     21878  8.829360E-03  5.699397E-01 -5.162327E-01
     23067  2.164603E-02  4.107765E-01 -4.042781E-01

 forces (fx,fy,fz) for set FEET and time  0.2000000E+01

       151 -6.220813E-01  4.713853E-01 -3.580099E+00
       155  1.361873E+00  1.606411E+01 -1.401132E+01
       156 -8.640694E-03  4.659155E-02 -1.807392E+00
       160  5.427539E-02  4.389391E+00  4.817582E-01
       161  6.671614E-01  9.184658E-01 -2.810285E+00
       165 -9.571230E-01  1.377752E+01 -1.006437E+01
       194  2.623835E+01  1.519353E+01  2.766103E+01
       195  2.662006E+00 -2.303260E+00  2.840137E+00
       196 -1.967786E+00 -1.124139E+00  2.497791E+00
       197 -2.462412E+01  1.139272E+01  2.283074E+01
       221  1.810501E+00 -1.020758E+00  2.298978E+00
       222  2.235230E+01  1.023620E+01  2.056156E+01
       225 -2.498597E+00 -2.180715E+00  2.632136E+00
       226 -2.398066E+01  1.399930E+01  2.538656E+01
       234  6.249799E+00  3.833775E-02  3.801550E+00
       236 -5.805707E+00  1.012706E-01  3.408383E+00
       242 -9.311385E+00  5.590246E+00 -8.895326E+00
       245 -1.167645E+01  7.060195E+00  1.083705E+01
       246  1.446796E+01  9.973443E+00  1.496922E+01
       253  8.230228E+00  4.902801E+00 -7.867645E+00
       254 -1.313653E+01  9.126445E+00  1.369172E+01
       255  1.035317E+01  6.171733E+00  9.511712E+00
      2448  6.009692E+00 -8.765226E-01 -3.119531E+01
      2464 -1.110450E-01 -3.559607E+00 -7.395502E+00
      2473  1.491040E+00 -4.025961E-01 -6.485393E-01
      2474  1.519497E-01  1.040687E+00 -7.289848E-01
      2475  1.530306E-01  5.183158E-01 -3.237354E-01
      2476  3.782239E-01 -5.671716E-01 -1.405984E+00
      2477  3.198408E-01  4.027575E-02 -1.734507E+00
      2478  2.578574E-01 -8.514818E-02 -8.305114E-01
      2479  2.069862E-01 -9.578400E-02 -1.420197E+00
      2480  9.940930E-02 -3.328876E-02 -1.218613E+00
      2481  7.580464E-02 -4.796211E-02 -1.301474E+00
      2482  6.676496E-02  6.246462E-03 -1.050958E+00
      2483  9.809972E-02 -1.001657E-01 -1.978268E+00
      2484  8.464830E-02  7.204297E-03 -1.637642E+00
      2485  2.430015E-01  1.383614E+00 -1.436081E+00
      2486 -7.217689E-04 -5.776815E-02 -2.470298E+00
      2487  2.616898E-02  1.212105E-01 -1.621154E+00
      2488 -5.500981E-02 -6.252169E-02 -1.742247E+00
      2489  1.112157E-01  1.401412E-04 -1.442164E+00
      2490  4.065569E-02 -7.550259E-02 -2.147324E+00
      2491 -9.860699E-03 -2.744022E-02 -1.739093E+00
      2492  5.763904E-02  7.358766E-01 -2.456586E+00
      2493  1.064748E+01  3.074803E+00 -3.385350E+01
      2494  8.477752E+00 -1.434817E+00 -1.917561E+01
      2495  7.387009E+00 -1.792785E+00 -1.279953E+01
      2496  6.195931E+00 -1.583242E+00 -8.038610E+00
      2497  7.830399E+00 -1.162679E+00 -6.346850E+00
      2498  6.415272E+00 -1.773498E+00 -4.628126E+00
      2499  5.299539E+00 -1.369249E+00 -3.084914E+00
      2500  4.573012E+00 -1.253331E+00 -2.569522E+00
      2501  3.912524E+00 -1.145245E+00 -2.428890E+00
      2502  3.374220E+00 -1.195390E+00 -2.554670E+00
      2503  2.827146E+00 -1.845622E+00 -2.988396E+00
      2504  2.660459E+00 -1.868078E+00 -3.230908E+00
      2505  2.402942E+00 -1.419668E+00 -3.276030E+00
      2506  1.780898E+00 -1.398720E+00 -3.445477E+00
      2507  1.926876E+00 -1.661759E+00 -3.609450E+00
      2508  1.506417E+00 -1.108964E+00 -3.447380E+00
      2509  1.090956E+00 -2.623604E+00 -3.870336E+00
      2510  7.976498E-01 -1.966851E+00 -3.724879E+00
      2511  5.773450E-01 -1.741217E+00 -3.780006E+00
      2512  3.197560E-01 -1.448425E+00 -3.793101E+00
      2513  5.527486E-02 -1.370649E+00 -3.949696E+00
      2637  1.100265E+00  1.218517E+01 -4.891528E+00
      2638  3.925056E-01  8.112501E+00 -1.976043E+00
      2639  2.540144E-01  6.336544E+00 -2.838956E-01
      2640 -4.408823E-02  4.115594E+00 -2.194247E-01
      2641  3.630938E-02  3.325596E+00 -3.238185E-01
      2642  5.759920E-02  4.012006E+00  4.256461E-01
      2643  5.470806E-02  3.282026E+00 -6.038879E-02
      2644  7.868126E-02  3.312958E+00  2.745144E-01
      2645  3.430464E-02  3.273974E+00  2.907500E-01
      2646  6.606001E-02  4.022399E+00  5.655500E-01
      2647  6.657400E-02  4.964593E+00 -1.734272E-01
      2648 -6.102178E-04  4.463990E+00  2.533697E-01
      2649 -1.501603E-01  2.435704E+00 -1.835250E-01
      2650  5.316454E-01  7.920927E+00 -3.898280E-01
      2651  5.979069E-02  3.681354E+00  2.510952E-01
      2652  2.296275E-01  4.551045E+00  3.190447E-01
      2653 -7.744796E-02  6.545195E+00  7.383675E-01
      2654 -1.479172E-04  4.751299E+00 -2.048686E-01
      2655  9.984305E-03  4.519217E+00  2.725540E-01
      2656 -5.303575E-01  4.391260E+00  7.969190E-01
      2657  7.562764E+00  1.667966E+01 -3.354655E+01
      2658  5.167039E+00  9.817095E+00 -1.819290E+01
      2659  4.568161E+00  7.421012E+00 -1.113743E+01
      2660  3.962009E+00  5.486665E+00 -7.309575E+00
      2661  3.080083E+00  2.569098E+00 -5.079735E+00
      2662  2.735796E+00  3.624991E+00 -2.795523E+00
      2663  2.101117E+00  2.695027E+00 -2.356479E+00
      2664  1.671555E+00  2.707275E+00 -2.128595E+00
      2665  1.386866E+00  2.473344E+00 -2.266606E+00
      2666  1.251241E+00  2.612635E+00 -2.471631E+00
      2667  1.253299E+00  4.076039E+00 -2.308577E+00
      2668  9.081741E-01  4.093508E+00 -2.665292E+00
      2669  9.122562E-01  3.184054E+00 -3.190629E+00
      2670  9.718498E-01  2.386258E+00 -3.012717E+00
      2671  3.959807E-01  3.557637E+00 -2.968335E+00
      2672  5.206198E-01  2.506788E+00 -3.554009E+00
      2673  5.732765E-01  5.917440E+00 -2.427587E+00
      2674  2.883523E-01  4.130306E+00 -3.068643E+00
      2675  1.196896E-01  3.829113E+00 -3.277217E+00
      2676  1.159165E-01  3.292311E+00 -3.496295E+00
      2677  1.870590E-02  3.007468E+00 -3.526021E+00
      2685 -5.942650E+00 -5.037420E-01 -3.094353E+01
      2694 -1.295985E-01  7.524859E-01 -2.335375E+00
      2695 -5.573867E-02  5.585210E-04 -1.633636E+00
      2696 -3.884256E-02  5.070057E-03 -1.294096E+00
      2697  1.143589E-02 -4.491552E-02 -1.708805E+00
      2698 -1.586226E-02 -1.827889E-02 -1.646990E+00
      2699 -5.632684E-02 -2.708474E-02 -1.650808E+00
      2700 -1.406386E-01 -1.085748E-01 -2.131503E+00
      2701 -3.875343E-02  6.567353E-03 -1.231665E+00
      2702 -1.209018E-01 -3.235428E-02 -1.998184E+00
      2703 -7.048922E-02 -2.010037E-02 -1.165824E+00
      2704 -1.224455E-01 -9.182521E-02 -1.718641E+00
      2705 -1.662196E-01 -7.559909E-02 -1.204972E+00
      2706 -1.356478E-01 -7.668269E-03 -8.812332E-01
      2707 -1.923702E-01 -9.967477E-02 -1.350132E+00
      2708 -3.042574E-01 -8.663235E-02 -1.126208E+00
      2709 -3.935066E-01 -7.461513E-01 -1.818832E+00
      2710 -1.178952E-01  2.412471E-01 -2.470410E-01
      2711 -3.194108E-01  4.988362E-01 -1.450983E+00
      2712 -3.711745E-01  1.025329E+00 -1.653494E+00
      2713 -1.409901E+00  1.532411E-01 -2.567001E+00
      2714 -1.063242E-01 -1.397009E+00 -4.240261E+00
      2715 -3.776432E-01 -1.620228E+00 -3.963792E+00
      2716 -5.815727E-01 -1.505414E+00 -3.696327E+00
      2717 -9.785596E-01 -1.764135E+00 -3.608398E+00
      2718 -1.299371E+00 -1.474690E+00 -3.380754E+00
      2719 -1.664710E+00 -1.521221E+00 -3.300657E+00
      2720 -2.014276E+00 -1.691444E+00 -3.309847E+00
      2721 -2.159689E+00 -2.252723E+00 -3.553072E+00
      2722 -2.667154E+00 -7.869849E-01 -3.082795E+00
      2723 -2.737255E+00 -2.052862E+00 -3.353075E+00
      2724 -3.116528E+00 -1.464203E+00 -2.838647E+00
      2725 -3.382279E+00 -1.399212E+00 -2.649179E+00
      2726 -3.873559E+00 -1.116724E+00 -2.417056E+00
      2727 -4.606137E+00 -1.230673E+00 -2.480868E+00
      2728 -5.296811E+00 -1.145903E+00 -2.862414E+00
      2729 -6.377193E+00 -1.363628E+00 -4.040724E+00
      2730 -7.330683E+00 -1.757525E+00 -5.954491E+00
      2731 -6.179665E+00 -1.315254E+00 -7.657123E+00
      2732 -6.830205E+00 -1.626416E+00 -1.095528E+01
      2733 -7.698069E+00 -1.503261E+00 -1.634703E+01
      2734 -9.770414E+00  1.805533E+00 -2.836679E+01
      2858  6.181528E-01  4.288664E+00  5.301281E-01
      2859  8.543985E-02  4.316232E+00  2.370140E-01
      2860  2.941061E-02  4.505574E+00  6.826610E-01
      2861 -8.197156E-02  4.469034E+00  2.652416E-01
      2862 -5.949065E-02  4.215250E+00  2.929187E-01
      2863 -5.626903E-02  4.300088E+00  2.745514E-01
      2864  3.803331E-02  5.554015E+00 -1.848203E-01
      2865 -1.407827E-02  3.974149E+00  7.272396E-01
      2866 -6.234522E-03  3.899021E+00 -5.095657E-02
      2867 -1.605223E-01  5.094349E+00  5.641615E-01
      2868 -3.119381E-02  3.834869E+00 -1.245603E-01
      2869  3.163796E-02  3.459161E+00  2.356410E-01
      2870  3.111994E-03  3.238683E+00  5.483217E-01
      2871 -5.666971E-02  3.089357E+00 -4.889185E-02
      2872  5.892285E-02  3.090358E+00  1.822577E-01
      2873 -2.499593E-02  3.590711E+00 -3.946586E-02
      2874 -1.097642E-01  4.273347E+00  8.276829E-02
      2875 -1.921737E-01  5.431704E+00 -1.238510E+00
      2876 -1.291062E-01  7.287577E+00 -1.311935E+00
      2877 -6.616640E-01  1.073399E+01 -3.429833E+00
      2878 -1.364368E-01  3.219950E+00 -3.364334E+00
      2879 -2.825864E-01  3.246145E+00 -3.366437E+00
      2880 -2.436123E-01  3.346341E+00 -3.384670E+00
      2881 -3.138479E-01  3.882297E+00 -3.112273E+00
      2882 -4.520451E-01  3.255413E+00 -3.185947E+00
      2883 -5.501113E-01  3.324951E+00 -3.047892E+00
      2884 -6.425165E-01  3.646588E+00 -2.972321E+00
      2885 -1.180905E+00  4.774369E+00 -2.434758E+00
      2886 -8.950997E-01  2.303454E+00 -3.222836E+00
      2887 -9.708822E-01  4.550256E+00 -2.230432E+00
      2888 -1.177723E+00  3.253887E+00 -2.580188E+00
      2889 -1.386388E+00  3.042762E+00 -2.241251E+00
      2890 -1.525732E+00  2.405123E+00 -2.214390E+00
      2891 -1.704047E+00  2.669840E+00 -2.038818E+00
      2892 -2.112011E+00  2.276092E+00 -2.323065E+00
      2893 -2.594189E+00  2.777306E+00 -3.015862E+00
      2894 -3.196158E+00  3.619521E+00 -4.330925E+00
      2895 -3.682471E+00  4.690096E+00 -6.426053E+00
      2896 -4.432796E+00  6.427484E+00 -1.071951E+01
      2897 -5.001998E+00  8.821598E+00 -1.736549E+01
      2898 -7.145544E+00  1.560305E+01 -3.247503E+01
      3400  1.052240E+01 -1.680605E+00  6.378645E+00
      3401  1.374120E+01 -4.008286E-01  8.302657E+00
      3402  2.278818E+01  6.821304E-01  1.036726E+01
      3403  8.995387E+00 -6.357810E+00  1.617677E+01
      3404  1.586786E+01 -9.893540E+00  3.022426E+01
      3405  2.695533E+01 -1.050139E+01  4.790446E+01
      3406  4.544295E+01 -1.020275E+01  7.168124E+01
      3509 -9.664983E-01 -1.050767E+01  1.665155E+01
      3510 -3.420945E+00  2.601957E+01  1.132264E+02
      3511 -5.286935E+00 -1.982671E+00 -4.619486E-01
      3512 -6.869462E+00 -6.247888E-02  2.920833E-01
      3513 -1.472530E+01  4.382567E-01  2.895107E+00
      3514 -4.460931E+00 -4.302192E+00  8.542325E+00
      3515 -8.546969E+00 -9.150429E+00  1.656555E+01
      3516 -1.745569E+01 -1.041691E+01  3.259978E+01
      3517 -3.570004E+01 -1.125286E+01  6.043628E+01
      4033  4.757104E+00 -1.816926E+00 -6.410297E-01
      4034  6.096616E+00 -6.195464E-02 -1.178620E-02
      4035  1.319525E+01  3.806771E-01  2.350583E+00
      4036  4.071123E+00 -3.933785E+00  7.833922E+00
      4037  7.685278E+00 -8.384254E+00  1.488677E+01
      4038  1.571619E+01 -9.532569E+00  2.936657E+01
      4039  3.230071E+01 -1.030891E+01  5.472477E+01
      4147  9.558939E-01 -9.764718E+00  1.548651E+01
      4148  3.368330E+00  2.367415E+01  1.031407E+02
      4149 -9.911598E+00 -1.520491E+00  6.088225E+00
      4150 -1.286960E+01 -3.584126E-01  7.872177E+00
      4151 -2.113473E+01  6.542645E-01  9.740916E+00
      4152 -8.505575E+00 -5.956202E+00  1.530921E+01
      4153 -1.485264E+01 -9.115901E+00  2.830308E+01
      4154 -2.498311E+01 -9.627037E+00  4.440866E+01
      4155 -4.176951E+01 -9.301667E+00  6.587617E+01
      4580  4.905780E+00  5.395866E+00 -1.786279E+01
      4583 -4.592318E+00  4.969062E+00 -1.603776E+01
      4585 -9.868723E-01  5.143025E+00  6.836842E+00
      4586  5.795811E-01  3.033507E+00  2.401998E+00
      4587  1.046756E+00  1.758912E+00  1.518270E+00
      4588  1.524382E-01  1.340237E+00  2.161747E+00
      4589  9.002511E-01  8.809184E-01  1.935584E+00
      4590 -3.156372E-02  7.622327E-01  1.680661E+00
      4591 -1.187474E-03  8.386994E-01  1.793394E+00
      4592 -9.284593E-05  9.354733E-01  1.967085E+00
      4593  1.225238E-02  1.021398E+00  2.128779E+00
      4594  7.405916E-03  1.145686E+00  2.383580E+00
      4595 -1.334930E-02  1.232165E+00  2.558563E+00
      4596 -1.676566E-02  1.299547E+00  2.671440E+00
      4597 -2.892901E-02  1.377018E+00  2.708471E+00
      4598  1.961446E-02  1.359242E+00  2.778305E+00
      4599 -1.719731E-02  1.339339E+00  2.742441E+00
      4600 -1.400811E-02  1.377310E+00  2.877635E+00
      4601 -1.292626E-02  1.347853E+00  2.787909E+00
      4602 -6.562044E-03  1.320713E+00  2.781358E+00
      4603  1.174619E-02  1.337180E+00  2.807793E+00
      4604 -4.563995E-03  1.386578E+00  2.854198E+00
      4605  6.822153E-03  1.383071E+00  2.861914E+00
      4606 -1.948919E-03  1.320952E+00  2.798313E+00
      4607 -5.263111E-03  1.320829E+00  2.788859E+00
      4608  8.759706E-03  1.311512E+00  2.774406E+00
      4609  7.326888E-03  1.299210E+00  2.725870E+00
      4610  1.288453E-02  1.263475E+00  2.659726E+00
      4611  2.445187E-02  1.305917E+00  2.713487E+00
      4612  2.963669E-02  1.278354E+00  2.699395E+00
      4613 -1.997206E-02  1.315485E+00  2.648462E+00
      4614  2.378989E-02  1.195317E+00  2.503750E+00
      4615 -8.344083E-03  1.127959E+00  2.322812E+00
      4616  5.751227E-03  9.917707E-01  2.086939E+00
      4617 -2.937269E-03  9.172956E-01  1.929379E+00
      4618  7.214003E-04  8.120565E-01  1.742792E+00
      4619  3.124398E-02  7.172092E-01  1.588330E+00
      4620 -1.249588E-01  1.029256E+00  1.634077E+00
      4621 -8.876822E-01  1.063196E+00  2.059830E+00
      4622 -1.041590E+00  1.569736E+00  1.451242E+00
      4623 -6.137355E-01  2.731175E+00  2.225500E+00
      4624  8.948024E-01  4.663930E+00  6.228682E+00
      4625  3.286895E+00  4.162127E+00  8.913948E+00
      4626  1.584035E+00  2.626930E+00  6.885671E+00
      4627  1.983681E+00  1.299543E+00  3.772974E+00
      4628  2.164601E+00  9.421516E-01  2.705669E+00
      4629  3.858517E+00  8.863981E-01  3.444192E+00
      4630  3.577257E+00  1.057468E+00  3.775089E+00
      4631  3.115763E+00  1.360876E+00  4.283076E+00
      4632  2.689609E+00  1.606856E+00  4.833561E+00
      4633  2.320163E+00  1.795090E+00  5.290942E+00
      4634  2.058246E+00  1.983075E+00  5.822153E+00
      4635  1.802742E+00  2.109194E+00  6.355011E+00
      4636  1.595890E+00  2.208628E+00  6.622424E+00
      4637  1.362878E+00  2.179313E+00  6.748935E+00
      4638  1.144161E+00  1.995062E+00  6.890934E+00
      4639  9.725297E-01  2.339558E+00  6.994982E+00
      4640  7.787500E-01  2.322586E+00  7.033951E+00
      4641  5.741406E-01  2.245876E+00  7.099064E+00
      4642  3.921140E-01  2.278458E+00  6.921647E+00
      4643  2.537615E-01  2.259589E+00  6.844294E+00
      4644  1.177067E-01  2.302206E+00  6.889660E+00
      4645 -3.366027E-02  2.223350E+00  6.991409E+00
      4646 -2.033490E-01  2.316092E+00  6.892975E+00
      4647 -3.145227E-01  2.301935E+00  6.881835E+00
      4648 -4.892068E-01  2.280394E+00  6.876665E+00
      4649 -6.752061E-01  2.299564E+00  6.871307E+00
      4650 -8.952230E-01  2.290967E+00  6.790955E+00
      4651 -1.045676E+00  2.275892E+00  6.789888E+00
      4652 -1.294166E+00  2.254990E+00  6.872421E+00
      4653 -1.416707E+00  2.285070E+00  6.795934E+00
      4654 -1.759791E+00  2.105369E+00  6.499279E+00
      4655 -1.899476E+00  2.061791E+00  6.185787E+00
      4656 -2.154661E+00  1.913554E+00  5.665543E+00
      4657 -2.374405E+00  1.774253E+00  5.195830E+00
      4658 -2.742028E+00  1.569029E+00  4.714078E+00
      4659 -3.144704E+00  1.329447E+00  4.122156E+00
      4660 -3.591781E+00  1.041163E+00  3.585445E+00
      4661 -4.095044E+00  9.304111E-01  3.421848E+00
      4662 -1.970428E+00  8.410801E-01  2.379299E+00
      4663 -1.943659E+00  1.214733E+00  3.463258E+00
      4664 -1.580342E+00  2.412048E+00  6.279785E+00
      4665 -3.144763E+00  3.799160E+00  8.086064E+00
      4915  6.954396E-01  1.775097E+01 -3.415550E+01
      4936 -7.317478E-01  2.776994E+01  6.389861E+01
      4950 -7.162397E+00 -1.225025E-02 -8.699598E-01
      4951  1.458121E+00 -7.283472E-03 -2.103929E+00
      4952 -1.685600E+01  4.719806E+00  3.186769E+01
      4953 -4.756648E+00  4.281931E+00  8.352370E+00
      4954  3.122475E+00  5.229305E+00 -6.964293E+00
      4955  1.562726E+01  3.646919E-01  7.445300E+00
      4956  4.234154E+00 -1.482496E+00  1.856493E+00
      4957 -3.216583E+00 -1.716584E+00  4.634787E-01
      4958  2.709794E+01  4.249958E+00  4.688892E+01
      4959  1.428157E+01  3.094600E+00  2.013789E+01
      4960 -1.019673E+00  4.120825E+00 -1.831275E+00
      4961 -1.218949E+01  4.292418E+00 -2.252494E+01
      5003 -6.420183E-01  1.587290E+01 -3.052082E+01
      5024  7.745916E-01  2.495984E+01  5.740663E+01
      5038 -1.450552E+01  3.501353E-01  7.146771E+00
      5039 -4.233302E+00 -1.368478E+00  1.951929E+00
      5040  2.570339E+00 -1.581506E+00  7.570129E-01
      5041 -2.481901E+01  3.830570E+00  4.294662E+01
      5042 -1.338420E+01  2.792309E+00  1.886660E+01
      5043  5.280583E-01  3.758769E+00 -9.652497E-01
      5044  1.049237E+01  3.923812E+00 -1.947940E+01
      5045  6.003304E+00 -3.292860E-02 -1.304172E+00
      5046 -1.671431E+00  1.020678E-02 -2.286441E+00
      5047  1.465210E+01  4.275043E+00  2.772882E+01
      5048  3.778564E+00  3.939717E+00  6.699439E+00
      5049 -3.029438E+00  4.802807E+00 -6.743202E+00
     24494  1.136583E+01  2.603960E+00 -4.621809E+01
     24495  1.077789E+01 -5.580825E+00 -3.470846E+01
     24496 -7.434018E-02 -1.549061E+00 -7.427311E+00
     24497  3.920004E-01 -4.422243E+00 -6.591604E+00
     24498  9.452145E+00 -1.679828E+00 -2.790261E+01
     24499  9.259679E+00 -4.442664E+00 -2.285045E+01
     24500  8.052996E+00 -1.962393E+00 -1.852392E+01
     24501  6.945657E+00 -1.723952E+00 -1.261730E+01
     24502  6.819347E+00 -2.808165E+00 -9.943786E+00
     24503  8.000455E+00 -3.657561E+00 -1.634511E+01
     24504  5.214550E+00 -2.590442E+00 -6.460739E+00
     24505  5.974262E+00 -6.605654E-01 -8.159816E+00
     24506  4.650788E+00 -1.813450E+00 -6.542988E+00
     24507  3.661625E+00 -2.643852E+00 -4.259894E+00
     24508  3.876884E+00 -1.415571E+00 -5.108288E+00
     24509  4.624188E+00 -2.825289E+00 -6.223799E+00
     24510  3.164444E+00 -1.511661E+00 -4.841759E+00
     24511  2.698348E+00 -1.411952E+00 -4.856244E+00
     24512  3.130466E+00 -2.773944E+00 -4.723535E+00
     24513  2.303985E+00 -1.461144E+00 -5.158056E+00
     24514  2.641335E+00 -2.850300E+00 -4.892622E+00
     24515  2.019215E+00 -2.075674E+00 -5.965025E+00
     24516  2.029407E+00 -3.658207E+00 -5.322493E+00
     24517  2.202749E+00 -3.297845E+00 -6.151261E+00
     24518  1.832934E+00 -2.109386E+00 -6.367610E+00
     24519  1.924854E+00 -3.584335E+00 -6.269171E+00
     24520  1.701503E+00 -1.624114E+00 -6.386448E+00
     24521  1.204045E+00 -1.730525E+00 -6.258390E+00
     24522  1.337598E+00 -3.592712E+00 -6.137186E+00
     24523  1.600661E+00 -3.046269E+00 -6.202966E+00
     24524  1.295069E+00 -2.289451E+00 -6.860636E+00
     24525  1.299801E+00 -3.369962E+00 -6.552739E+00
     24526  1.006676E+00 -1.331891E+00 -6.532632E+00
     24527  6.653229E-01 -3.764853E+00 -6.791410E+00
     24528  7.086237E-01 -3.075301E+00 -7.652897E+00
     24529  6.289741E-01 -2.181625E+00 -6.977673E+00
     24530  5.319647E-01 -3.780243E+00 -6.064184E+00
     24531  8.970180E-01 -4.459102E+00 -8.100888E+00
     24532  3.475841E-01 -1.983466E+00 -7.048967E+00
     24533  3.320159E-01 -3.666734E+00 -6.917075E+00
     24534  2.152002E-01 -1.932622E+00 -7.350303E+00
     25414 -3.102087E-02 -1.730228E+00 -7.315235E+00
     25415 -5.088421E-01 -4.377183E+00 -6.447075E+00
     25416 -1.051533E+01  2.801584E+00 -4.160875E+01
     25417 -1.035449E+01 -5.226940E+00 -3.039390E+01
     25418 -2.658259E-01 -1.770609E+00 -7.234876E+00
     25419 -4.205246E-01 -3.578075E+00 -6.851963E+00
     25420 -4.744503E-01 -1.748191E+00 -6.868148E+00
     25421 -7.312826E-01 -3.680742E+00 -6.599025E+00
     25422 -6.372886E-01 -2.051550E+00 -6.934699E+00
     25423 -6.353556E-01 -3.757061E+00 -7.611178E+00
     25424 -1.064772E+00 -3.556342E+00 -6.394484E+00
     25425 -8.560843E-01 -1.740084E+00 -6.541784E+00
     25426 -1.118811E+00 -1.824689E+00 -6.482176E+00
     25427 -1.352149E+00 -3.609943E+00 -6.365257E+00
     25428 -1.710834E+00 -3.893041E+00 -5.785568E+00
     25429 -1.393272E+00 -1.931632E+00 -6.479097E+00
     25430 -1.579431E+00 -2.443340E+00 -6.998100E+00
     25431 -2.325664E+00 -3.216329E+00 -5.329344E+00
     25432 -1.733445E+00 -1.008417E+00 -5.932744E+00
     25433 -1.475661E+00 -3.429438E+00 -7.119708E+00
     25434 -1.981012E+00 -2.426904E+00 -6.593772E+00
     25435 -2.130292E+00 -1.746815E+00 -5.624448E+00
     25436 -2.403805E+00 -3.089844E+00 -4.678387E+00
     25437 -2.072751E+00 -3.698517E+00 -6.752454E+00
     25438 -2.432679E+00 -1.647137E+00 -5.255111E+00
     25439 -2.803618E+00 -1.328366E+00 -4.721509E+00
     25440 -2.697284E+00 -2.890780E+00 -4.934956E+00
     25441 -3.188673E+00 -1.493057E+00 -4.713952E+00
     25442 -3.634241E+00 -2.505103E+00 -4.050929E+00
     25443 -3.220398E+00 -2.750039E+00 -5.192670E+00
     25444 -3.874191E+00 -1.194838E+00 -4.774872E+00
     25445 -4.489069E+00 -2.458399E+00 -5.148048E+00
     25446 -4.683971E+00 -1.136483E+00 -5.772228E+00
     25447 -5.316069E+00 -2.636416E+00 -6.593965E+00
     25448 -5.659526E+00 -1.376665E+00 -7.819908E+00
     25449 -6.598340E+00 -1.538924E+00 -1.127189E+01
     25450 -7.393899E+00 -3.351739E+00 -1.257529E+01
     25451 -6.463543E+00 -2.826147E+00 -1.008800E+01
     25452 -7.770332E+00 -1.479559E+00 -1.683016E+01
     25453 -8.746078E+00 -4.099310E+00 -2.012966E+01
     25454 -9.070897E+00 -1.161025E+00 -2.535181E+01
     28582 -1.156550E+00  3.927362E+00 -5.509600E-01
     28583 -5.006374E-01  1.780975E+00  1.605446E+00
     28584 -9.254624E-01  1.146138E+00 -7.064397E-01
     28585 -2.821538E+00  1.900362E+00 -1.676564E+00
     28586 -2.462726E+00 -2.646914E+01  1.107972E+02
     28587 -4.126158E+00 -2.749770E+01  1.034583E+02
     28588  1.459895E+00 -2.002818E+01  9.202028E+01
     28589 -2.129554E+00 -1.338495E+01  2.178665E+01
     28590 -7.446624E-01 -1.478217E+01  2.886273E+01
     28591 -2.698199E+00 -1.680583E+01  2.285066E+01
     28592 -7.710313E-03 -1.286840E+01  1.817501E+01
     28593 -8.271348E+00 -2.175531E+01  8.772891E+01
     28594  3.807674E-01 -1.693977E+01  3.584444E+01
     28595 -2.942232E+00 -1.921227E+01  4.018926E+01
     28596 -1.996314E+00 -1.669276E+01  2.575154E+01
     28597 -3.302633E+00 -1.745078E+01  2.678854E+01
     28598  1.119662E+00 -1.865062E+01  5.830649E+01
     28599 -2.257260E+00 -2.174546E+01  6.397666E+01
     28600 -2.268653E+00 -1.884058E+01  4.618950E+01
     28601 -9.405520E-01 -1.754747E+01  3.320429E+01
     28602 -4.911102E+00 -2.024537E+01  4.973678E+01
     28603 -2.869038E+00 -1.880072E+01  7.791305E+01
     28604 -1.074834E+00 -1.958188E+01  5.874799E+01
     32020  4.646880E-01  1.641565E+00  1.469733E+00
     32021  9.960050E-01  3.541540E+00 -5.029973E-01
     32022  8.150135E-01  1.047314E+00 -6.627269E-01
     32023  2.563320E+00  1.736418E+00 -1.548502E+00
     32024  7.773814E-01 -1.375009E+01  2.708907E+01
     32025  2.075696E+00 -1.237389E+01  2.014357E+01
     32026  1.491783E-01 -1.180308E+01  1.686599E+01
     32027  3.999149E+00 -2.505392E+01  9.409667E+01
     32028  2.470300E+00 -2.417399E+01  1.013789E+02
     32029  7.724865E+00 -1.997775E+01  7.977032E+01
     32030  2.531664E+00 -1.568791E+01  2.142325E+01
     32031 -1.129925E+00 -1.819552E+01  8.441252E+01
     32032  3.127676E+00 -1.605141E+01  2.448068E+01
     32033  1.049448E+00 -1.607056E+01  3.033748E+01
     32034  1.993857E+00 -1.535569E+01  2.402731E+01
     32035 -2.235315E-01 -1.558436E+01  3.348192E+01
     32036  4.606666E+00 -1.858084E+01  4.525276E+01
     32037  1.191412E+00 -1.789542E+01  5.346529E+01
     32038  2.256078E+00 -1.728690E+01  4.254232E+01
     32039  2.828597E+00 -1.772645E+01  3.731943E+01
     32040 -8.721809E-01 -1.707580E+01  5.388135E+01
     32041  2.860326E+00 -1.722602E+01  7.132881E+01
     32042  2.206495E+00 -2.000006E+01  5.893117E+01
     34898 -5.054027E-01  6.079496E-01 -1.958942E-01
     34899  4.555881E-01  5.492027E-01 -2.013980E-01
     34900  7.738033E-02  2.054654E-01  1.961915E-01
     34901 -9.591701E-02  2.145231E-01  2.294899E-01
     34902  7.757648E-02  1.089807E-01  1.942892E-01
     34903 -8.848613E-02  1.098769E-01  2.213220E-01
     34904 -8.278502E-02  5.261964E-02  1.411949E-01
     34905  5.872365E-02  6.323165E-02  1.509874E-01
     34906  1.025815E+01  2.908351E+00 -2.276341E+01
     34907  8.717662E+00  1.258551E+00 -4.942499E+00
     34908  7.916321E+00 -1.661818E-01 -1.414772E+01
     34909 -1.661822E-01 -8.085388E-01  3.785620E+00
     34910  3.374990E-01 -9.050888E-01  3.913287E+00
     34911  4.102526E-03 -7.496519E-01  3.798610E+00
     34912 -4.973009E-01 -8.834770E-01  3.943231E+00
     34913 -8.169186E+00  1.207219E+00 -4.485524E+00
     34914 -9.538713E+00  2.820961E+00 -2.054870E+01
     34915 -7.504646E+00 -1.256685E-01 -1.276298E+01
     34916  6.962424E+00 -8.783282E-01  4.716837E+00
     34917 -6.633918E+00 -7.138090E-01  4.275224E+00
     34918  6.251025E+00 -2.651168E+00 -8.018448E+00
     34919  6.766891E+00 -2.125608E+00 -9.066803E+00
     34920  4.936516E+00 -5.190279E+00 -3.056403E+00
     34921  3.833063E+00 -1.866815E+00  4.844670E+00
     34922  5.939756E+00 -2.260195E+00 -5.318609E+00
     34923  6.148160E+00 -2.418048E+00 -6.172950E+00
     34924  4.845803E+00 -4.847197E+00 -7.476353E-01
     34925  4.316408E+00 -1.428868E+00  4.466986E+00
     34926  4.208702E+00 -1.760292E+00  2.620288E+00
     34927  5.588458E+00 -1.649753E+00 -3.085261E+00
     34928  5.523713E+00 -1.894356E+00 -4.038942E+00
     34929  4.513957E+00 -2.826819E+00 -4.489010E-01
     34930  4.577697E+00 -1.149994E+00  2.629449E+00
     34931  4.273346E+00 -1.236959E+00  1.915281E+00
     34932  5.834627E+00 -1.578352E+00 -8.119914E-01
     34933  8.594283E+00 -1.799739E+00  6.718156E-02
     34934  4.767108E+00 -4.597374E-01  2.313835E+00
     34935  7.301320E+00 -1.445753E+00  7.898860E-01
     34936  7.506442E+00 -1.481639E+00  1.223960E+00
     34937  6.468494E+00 -8.345578E-01  1.699775E+00
     34938  6.634523E+00 -1.028090E+00  2.126504E+00
     34939  5.501722E+00 -4.874592E-01  2.418925E+00
     34940  5.732048E+00 -7.412152E-01  2.744911E+00
     34941  4.674923E+00 -3.373420E-01  2.951941E+00
     34942  4.989120E+00 -6.314447E-01  3.130626E+00
     34943  4.442128E+00 -6.464524E-01  3.461863E+00
     34944  4.017276E+00 -3.356034E-01  3.265775E+00
     34945  4.001991E+00 -9.146597E-01  3.758507E+00
     34946  3.453962E+00 -4.969878E-01  3.567473E+00
     34947  3.588288E+00 -9.385126E-01  3.819605E+00
     34948  2.961776E+00 -6.364892E-01  3.871452E+00
     34949  3.162030E+00 -8.012782E-01  3.917326E+00
     34950  2.643124E+00 -5.105300E-01  3.999298E+00
     34951  2.778368E+00 -1.293098E+00  4.156062E+00
     34952  2.212861E+00 -7.958655E-01  4.032566E+00
     34953  2.530808E+00 -1.100744E+00  3.998032E+00
     34954  1.848830E+00 -1.296516E+00  4.272790E+00
     34955  2.045406E+00 -6.971152E-01  4.103335E+00
     34956  1.496878E+00 -5.220855E-01  4.084664E+00
     34957  1.690234E+00 -1.304527E+00  4.028380E+00
     34958  1.021954E+00 -1.017140E+00  4.071558E+00
     34959  1.316793E+00 -1.022629E+00  3.928249E+00
     34960  6.505485E-01 -9.780752E-01  4.156912E+00
     34961  9.387109E-01 -8.698873E-01  3.769762E+00
     34962  3.252320E-01 -8.043380E-01  3.917026E+00
     34963  5.835779E-01 -7.751344E-01  3.759025E+00
     34964  7.503323E-02 -7.512197E-01  3.831991E+00
     34965 -7.391008E-01 -7.361311E-01  3.804850E+00
     34966 -2.200784E-01 -6.487162E-01  3.865499E+00
     34967 -5.262075E-01 -7.001728E-01  3.904700E+00
     34968 -1.088681E+00 -7.617768E-01  3.849825E+00
     34969 -1.432925E+00 -8.394050E-01  3.873401E+00
     34970 -8.600735E-01 -7.106823E-01  3.951691E+00
     34971 -1.275347E+00 -5.738915E-01  3.995967E+00
     34972 -1.814742E+00 -7.265372E-01  3.963530E+00
     34973 -1.657321E+00 -5.834244E-01  3.996044E+00
     34974 -2.244567E+00 -7.110821E-01  3.929927E+00
     34975 -2.620406E+00 -8.416501E-01  3.948316E+00
     34976 -2.036982E+00 -6.809971E-01  4.139510E+00
     34977 -2.413411E+00 -7.459080E-01  3.932633E+00
     34978 -3.079463E+00 -1.064246E+00  3.973309E+00
     34979 -2.954290E+00 -4.985707E-01  4.039116E+00
     34980 -3.335996E+00 -6.223033E-01  4.041975E+00
     34981 -3.191391E+00 -6.749972E-01  3.704691E+00
     34982 -3.839287E+00 -1.026481E+00  3.718669E+00
     34983 -3.661502E+00 -4.621494E-01  3.469854E+00
     34984 -4.168846E+00 -8.189416E-01  3.640078E+00
     34985 -4.134661E+00 -3.545197E-01  3.164796E+00
     34986 -4.609313E+00 -7.238003E-01  3.339156E+00
     34987 -4.781514E+00 -3.147639E-01  2.882008E+00
     34988 -5.094008E+00 -6.468533E-01  3.081609E+00
     34989 -5.562507E+00 -4.395287E-01  2.338515E+00
     34990 -5.798104E+00 -7.165499E-01  2.690836E+00
     34991 -6.516437E+00 -7.082272E-01  1.580878E+00
     34992 -6.648126E+00 -8.727861E-01  2.085148E+00
     34993 -6.927164E+00 -9.036195E-01  1.353003E+00
     34994 -7.597283E+00 -1.267670E+00  1.246872E+00
     34995 -6.069623E+00 -1.919431E+00 -1.121795E+00
     34996 -8.553747E+00 -1.794403E+00  2.007658E-01
     34997 -5.333003E+00 -1.637328E+00 -3.620188E+00
     34998 -5.173812E+00 -1.483277E+00 -2.930604E+00
     34999 -4.278642E+00 -6.086616E-01  1.964772E+00
     35000 -5.880525E+00 -2.143155E+00 -5.575959E+00
     35001 -5.710988E+00 -2.026832E+00 -4.819108E+00
     35002 -4.306339E+00 -2.524356E+00 -4.533349E-01
     35003 -4.447897E+00 -9.850818E-01  2.408615E+00
     35004 -4.026127E+00 -1.050570E+00  1.787785E+00
     35005 -6.428904E+00 -1.899685E+00 -8.181284E+00
     35006 -5.975246E+00 -2.446620E+00 -7.278478E+00
     35007 -4.613963E+00 -4.311868E+00 -7.183442E-01
     35008 -4.198800E+00 -1.250561E+00  4.085236E+00
     35009 -4.091047E+00 -1.594059E+00  2.413110E+00
     35010 -4.719221E+00 -4.584650E+00 -2.801644E+00
     35011 -3.776672E+00 -1.716431E+00  4.424388E+00
     35658 -2.426034E-01  2.029986E+00 -1.115394E+00
     35659 -2.640309E-01  1.693001E+00  1.335625E+00
     35660  3.898900E-01  1.997389E-01  1.729125E-01
     35661  1.271650E+00 -8.358842E-01  6.191389E-01
     35662  3.528265E-02  8.574110E-01  4.879573E-01
     35663  2.322097E+00  4.029908E+00 -1.617979E+01
     35664  1.510498E+00  3.235939E+00 -3.166895E+01
     35665  2.222705E+00  5.720273E+00 -1.335785E+01
     35666  2.036323E+00  4.065571E+00 -1.512464E+01
     35667  1.631892E+00  3.747483E+00 -1.439105E+01
     35668 -7.621551E-01  5.947819E+00 -4.075319E+01
     35669 -8.634547E-01  1.050329E+01 -4.381379E+00
     35670 -1.431349E+00  1.017284E+01 -1.439030E+01
     35671 -1.901517E+00  1.261234E+01 -1.695731E+01
     35672 -1.507666E+00  9.470403E+00 -1.008064E+01
     35673 -7.497930E-01  8.360416E+00 -1.555431E+01
     35674 -3.027027E+00  6.860507E+00 -2.481888E+01
     35675 -1.903180E+00  9.701133E+00  7.543748E+01
     35676 -2.425390E+00  9.206733E+00  6.617077E+01
     35677 -4.745273E+00  9.788926E+00  4.668577E+01
     35678  1.231348E+00  9.490418E+00  5.481173E+01
     35679  1.902705E+00  9.969386E+00  2.144215E+01
     35680 -3.311121E+00  8.762963E+00  1.075177E+01
     35681 -1.756673E+00  9.767651E+00  3.732349E+01
     35682 -9.655393E+00  7.703009E+00  2.641408E+01
     35683 -3.319437E+00  1.104281E+01  6.948303E+00
     35684 -3.857396E-01  9.081290E+00  1.833361E+01
     35685 -2.917784E+00  9.743544E+00  2.569804E-01
     36115  1.302125E-01  1.808694E+00 -9.983943E-01
     36116  8.542156E-02  1.535350E+00  1.216877E+00
     36117 -3.999279E-01  1.727597E-01  1.611238E-01
     36118 -1.179870E+00 -7.662467E-01  5.743241E-01
     36119 -6.923820E-02  7.640906E-01  4.259541E-01
     36120 -1.412220E+00  2.914653E+00 -2.828504E+01
     36121 -2.110015E+00  3.648717E+00 -1.447256E+01
     36122 -1.895963E+00  3.724375E+00 -1.349278E+01
     36123 -2.064657E+00  5.244749E+00 -1.187821E+01
     36124 -1.512681E+00  3.444930E+00 -1.271383E+01
     36125  7.151632E-01  5.344583E+00 -3.603110E+01
     36126  1.924512E+00  1.153432E+01 -1.510854E+01
     36127  1.484044E+00  8.673080E+00 -8.419792E+00
     36128  1.422094E+00  9.303131E+00 -1.321028E+01
     36129  7.324282E-01  7.627480E+00 -1.370763E+01
     36130  8.943612E-01  9.637729E+00 -4.333569E+00
     36131  2.741087E+00  6.236571E+00 -2.166831E+01
     36132  2.391064E+00  8.308179E+00  5.883647E+01
     36133  1.941524E+00  8.725767E+00  6.827872E+01
     36134 -9.024331E-01  8.654154E+00  4.979207E+01
     36135  4.418680E+00  8.801819E+00  4.123945E+01
     36136  9.124185E+00  6.891426E+00  2.406490E+01
     36137  6.362255E-01  8.250459E+00  1.701368E+01
     36138  1.838199E+00  8.840780E+00  3.356986E+01
     36139 -1.359350E+00  9.116570E+00  1.875580E+01
     36140  2.820208E+00  8.870151E+00  7.161467E-01
     36141  3.434482E+00  1.006131E+01  6.409156E+00
     36142  3.157278E+00  7.977653E+00  9.068438E+00

 total force (fx,fy,fz) for set FEET and time  0.2000000E+01

       -2.463183E-09  3.012592E-08  2.400000E+03

                        S T E P       3


                                INCREMENT     1


 displacements (vx,vy,vz) for set TOP and time  0.3000000E+01

     17968 -1.716697E-02  2.768803E-01 -2.683918E-01
     18013 -9.022596E-03  3.481780E-01 -3.128033E-01
     18450 -1.047844E-03  3.739573E-01 -3.283086E-01
     21878  6.162492E-03  3.725463E-01 -3.280157E-01
     23067  1.446009E-02  2.679377E-01 -2.553844E-01

 forces (fx,fy,fz) for set FEET and time  0.3000000E+01

       151 -2.437705E-01  2.015866E-01 -1.469922E+00
       155  5.744039E-01  7.057180E+00 -5.557173E+00
       156 -5.073426E-03  1.603812E-02 -7.289374E-01
       160  2.248729E-02  1.750773E+00  1.234661E-01
       161  2.592547E-01  3.473911E-01 -1.107370E+00
       165 -4.341355E-01  6.062446E+00 -3.953541E+00
       194  1.607368E+01  9.388445E+00  1.690128E+01
       195  1.866035E+00 -1.624221E+00  1.908879E+00
       196 -1.415931E+00 -8.659465E-01  1.691800E+00
       197 -1.499791E+01  6.919095E+00  1.372171E+01
       221  1.294431E+00 -7.788514E-01  1.552973E+00
       222  1.363676E+01  6.215461E+00  1.236735E+01
       225 -1.744469E+00 -1.531271E+00  1.766036E+00
       226 -1.472884E+01  8.680666E+00  1.556659E+01
       234  2.764198E+00 -2.533477E-01  9.175848E-01
       236 -2.574287E+00 -1.971123E-01  8.127175E-01
       242 -4.029492E+00  2.515170E+00 -3.729631E+00
       245 -3.623390E+00  2.345803E+00  3.291214E+00
       246  4.115789E+00  2.824577E+00  3.879743E+00
       253  3.547091E+00  2.196968E+00 -3.281099E+00
       254 -3.740844E+00  2.599882E+00  3.572267E+00
       255  3.179602E+00  2.021988E+00  2.843220E+00
      2448  2.380624E+00 -5.851294E-01 -1.476272E+01
      2464 -4.229397E-02 -1.359138E+00 -3.202101E+00
      2473  3.955972E-01 -6.906670E-02 -3.428608E-01
      2474  7.176147E-02  6.439718E-01 -4.010768E-01
      2475  7.201991E-02  3.599041E-01 -1.255188E-01
      2476  1.608836E-01 -1.612951E-01 -5.005867E-01
      2477  1.827060E-01  7.905762E-02 -6.227756E-01
      2478  1.139744E-01 -4.827925E-02 -2.218114E-01
      2479  1.024561E-01 -4.318552E-02 -4.254125E-01
      2480  4.650963E-02 -2.440973E-02 -3.840259E-01
      2481  3.615549E-02 -2.610818E-02 -4.430685E-01
      2482  3.255128E-02 -5.671927E-03 -3.718427E-01
      2483  4.739186E-02 -3.912585E-02 -7.318872E-01
      2484  4.045560E-02 -7.701114E-04 -6.309689E-01
      2485  1.019459E-01  4.952669E-01 -5.487555E-01
      2486  1.046237E-02 -2.201705E-02 -9.535783E-01
      2487  1.969548E-02  4.155515E-02 -6.390100E-01
      2488 -1.556247E-02 -2.578762E-02 -6.834392E-01
      2489  4.403205E-02 -4.152218E-03 -5.633855E-01
      2490  1.614946E-02 -2.920526E-02 -8.519710E-01
      2491 -6.038650E-03 -1.209567E-02 -6.983957E-01
      2492  1.725369E-02  2.625761E-01 -9.623025E-01
      2493  4.623641E+00  7.769391E-01 -1.642908E+01
      2494  4.163302E+00 -7.718104E-01 -1.042391E+01
      2495  3.985937E+00 -8.240885E-01 -7.275470E+00
      2496  3.517202E+00 -6.857549E-01 -4.487867E+00
      2497  4.446272E+00 -6.115321E-01 -3.555243E+00
      2498  3.617000E+00 -6.780202E-01 -2.341317E+00
      2499  2.936431E+00 -4.895638E-01 -1.391422E+00
      2500  2.477650E+00 -4.297349E-01 -1.052589E+00
      2501  2.081907E+00 -3.969419E-01 -9.667195E-01
      2502  1.778887E+00 -4.234816E-01 -1.048931E+00
      2503  1.498585E+00 -6.611316E-01 -1.277596E+00
      2504  1.390110E+00 -6.858262E-01 -1.419161E+00
      2505  1.261210E+00 -5.374615E-01 -1.480667E+00
      2506  9.870973E-01 -5.380923E-01 -1.570946E+00
      2507  9.983560E-01 -6.402466E-01 -1.632304E+00
      2508  7.949564E-01 -4.393182E-01 -1.578416E+00
      2509  5.781691E-01 -1.007035E+00 -1.750119E+00
      2510  4.045714E-01 -7.673092E-01 -1.730443E+00
      2511  2.818689E-01 -6.892952E-01 -1.789772E+00
      2512  1.516825E-01 -5.835030E-01 -1.837215E+00
      2513  3.270812E-02 -5.580292E-01 -1.923157E+00
      2637  3.162520E-01  5.714024E+00 -2.316056E+00
      2638  1.521052E-01  3.877050E+00 -1.219455E+00
      2639  1.104362E-01  2.663368E+00 -3.217888E-01
      2640 -3.090204E-03  1.724658E+00 -1.986685E-01
      2641  1.751979E-02  1.207435E+00 -1.970450E-01
      2642  4.918468E-02  1.243204E+00  1.128560E-01
      2643  2.443524E-02  1.046286E+00 -1.443326E-02
      2644  3.312183E-02  1.082913E+00  8.930632E-02
      2645  9.869793E-03  1.122416E+00  9.173573E-02
      2646  2.263930E-02  1.428547E+00  1.802939E-01
      2647  3.264855E-02  1.812113E+00 -9.290863E-02
      2648  2.800088E-03  1.680161E+00  6.173460E-02
      2649 -5.523991E-02  9.692670E-01 -9.647902E-02
      2650  2.195357E-01  2.975941E+00 -1.863906E-01
      2651  2.044148E-02  1.442894E+00  6.150523E-02
      2652  8.499520E-02  1.766674E+00  8.495529E-02
      2653 -2.334275E-02  2.508116E+00  2.549202E-01
      2654 -7.844194E-04  1.862871E+00 -1.223419E-01
      2655  5.176626E-03  1.784775E+00  6.057414E-02
      2656 -1.974533E-01  1.757420E+00  2.375969E-01
      2657  3.075715E+00  7.817682E+00 -1.533703E+01
      2658  2.538822E+00  5.114477E+00 -9.623709E+00
      2659  2.498661E+00  3.732636E+00 -6.324512E+00
      2660  2.301494E+00  2.470847E+00 -4.177546E+00
      2661  1.758780E+00  1.163424E+00 -2.556839E+00
      2662  1.508464E+00  1.257724E+00 -1.316729E+00
      2663  1.171773E+00  8.811808E-01 -9.284138E-01
      2664  9.154909E-01  8.881065E-01 -7.624267E-01
      2665  7.466492E-01  8.430318E-01 -8.217344E-01
      2666  6.542943E-01  9.368400E-01 -9.496265E-01
      2667  6.414880E-01  1.492618E+00 -9.512071E-01
      2668  4.969092E-01  1.545342E+00 -1.140974E+00
      2669  4.791475E-01  1.257619E+00 -1.366429E+00
      2670  4.837023E-01  9.745794E-01 -1.312571E+00
      2671  2.588073E-01  1.416678E+00 -1.306263E+00
      2672  2.790739E-01  1.022414E+00 -1.522813E+00
      2673  2.816671E-01  2.297327E+00 -1.118080E+00
      2674  1.527600E-01  1.645446E+00 -1.368788E+00
      2675  6.646640E-02  1.547047E+00 -1.479445E+00
      2676  5.143844E-02  1.357082E+00 -1.590616E+00
      2677  9.414993E-03  1.263887E+00 -1.618957E+00
      2685 -2.356980E+00 -3.677467E-01 -1.450936E+01
      2694 -4.730713E-02  2.676982E-01 -9.175411E-01
      2695 -2.182660E-02 -2.202515E-03 -6.584579E-01
      2696 -1.501819E-02 -1.247625E-03 -5.170850E-01
      2697  3.161619E-03 -1.878726E-02 -6.811009E-01
      2698 -1.017231E-02 -8.962640E-03 -6.549579E-01
      2699 -2.882694E-02 -1.232252E-02 -6.535142E-01
      2700 -6.524061E-02 -4.262249E-02 -8.366913E-01
      2701 -2.691712E-02 -4.890123E-04 -4.806859E-01
      2702 -6.221951E-02 -1.430849E-02 -7.694741E-01
      2703 -3.762087E-02 -1.371374E-02 -4.400003E-01
      2704 -6.022464E-02 -3.722202E-02 -6.281406E-01
      2705 -7.712099E-02 -3.565893E-02 -4.099495E-01
      2706 -6.202981E-02 -1.784258E-02 -2.810234E-01
      2707 -9.973864E-02 -4.364094E-02 -4.221295E-01
      2708 -1.395783E-01 -3.369499E-02 -3.470286E-01
      2709 -1.764008E-01 -2.461438E-01 -6.387861E-01
      2710 -4.948062E-02  1.717701E-01 -5.226297E-02
      2711 -1.593461E-01  3.492763E-01 -6.661871E-01
      2712 -1.333581E-01  6.104850E-01 -8.569650E-01
      2713 -3.318119E-01  1.223069E-01 -1.098305E+00
      2714 -4.569143E-02 -5.657198E-01 -2.029009E+00
      2715 -1.670072E-01 -6.461486E-01 -1.904849E+00
      2716 -2.750657E-01 -6.035167E-01 -1.762957E+00
      2717 -4.764468E-01 -6.983094E-01 -1.678580E+00
      2718 -6.534176E-01 -5.856547E-01 -1.554140E+00
      2719 -8.510298E-01 -5.994113E-01 -1.497938E+00
      2720 -1.040621E+00 -6.598390E-01 -1.486691E+00
      2721 -1.144082E+00 -8.609820E-01 -1.568384E+00
      2722 -1.393625E+00 -3.074984E-01 -1.378260E+00
      2723 -1.458304E+00 -7.679922E-01 -1.461988E+00
      2724 -1.656271E+00 -5.404817E-01 -1.232538E+00
      2725 -1.814889E+00 -5.036729E-01 -1.129458E+00
      2726 -2.089515E+00 -3.999409E-01 -1.018797E+00
      2727 -2.501645E+00 -4.306907E-01 -1.063126E+00
      2728 -2.930505E+00 -4.274474E-01 -1.339168E+00
      2729 -3.580767E+00 -5.516803E-01 -2.083599E+00
      2730 -4.164181E+00 -7.868536E-01 -3.324194E+00
      2731 -3.463367E+00 -5.779713E-01 -4.333794E+00
      2732 -3.733376E+00 -7.682594E-01 -6.252362E+00
      2733 -3.884202E+00 -8.135844E-01 -8.995708E+00
      2734 -4.331225E+00  2.722474E-01 -1.402651E+01
      2858  2.357414E-01  1.724233E+00  1.412363E-01
      2859  3.576436E-02  1.718432E+00  4.477820E-02
      2860  1.167200E-02  1.779385E+00  2.316606E-01
      2861 -3.184309E-02  1.762659E+00  7.078181E-02
      2862 -2.395412E-02  1.663503E+00  8.522729E-02
      2863 -2.326996E-02  1.689220E+00  7.857922E-02
      2864  4.917651E-03  2.150934E+00 -9.954693E-02
      2865 -8.308706E-04  1.540366E+00  2.489256E-01
      2866 -2.848358E-03  1.500862E+00 -5.139822E-02
      2867 -6.458084E-02  1.897409E+00  1.855885E-01
      2868 -1.399434E-02  1.401867E+00 -6.695635E-02
      2869  1.589167E-02  1.219661E+00  6.632861E-02
      2870  1.156465E-03  1.091817E+00  1.763928E-01
      2871 -2.314539E-02  1.015861E+00 -1.907506E-02
      2872  2.449144E-02  1.034208E+00  4.737440E-02
      2873 -2.716721E-02  1.265274E+00 -5.237799E-02
      2874 -5.106283E-02  1.666078E+00 -9.002138E-02
      2875 -1.040317E-01  2.470058E+00 -7.717165E-01
      2876 -5.760556E-02  3.512586E+00 -8.645834E-01
      2877 -1.635887E-01  5.068441E+00 -1.659174E+00
      2878 -5.497456E-02  1.344464E+00 -1.561196E+00
      2879 -1.150678E-01  1.346278E+00 -1.543513E+00
      2880 -1.139257E-01  1.374602E+00 -1.518105E+00
      2881 -1.566166E-01  1.565382E+00 -1.390218E+00
      2882 -2.299922E-01  1.319279E+00 -1.392268E+00
      2883 -2.917670E-01  1.340047E+00 -1.323589E+00
      2884 -3.514422E-01  1.456623E+00 -1.286089E+00
      2885 -5.843617E-01  1.866198E+00 -1.080165E+00
      2886 -4.773453E-01  9.245558E-01 -1.363037E+00
      2887 -5.470868E-01  1.741515E+00 -9.711168E-01
      2888 -6.264205E-01  1.234420E+00 -1.070957E+00
      2889 -7.318653E-01  1.111509E+00 -8.951759E-01
      2890 -8.133535E-01  8.473039E-01 -8.382029E-01
      2891 -9.331259E-01  9.057111E-01 -7.722900E-01
      2892 -1.164099E+00  7.827480E-01 -9.389614E-01
      2893 -1.468157E+00  1.012519E+00 -1.393584E+00
      2894 -1.823645E+00  1.471935E+00 -2.282944E+00
      2895 -2.091208E+00  2.213489E+00 -3.593477E+00
      2896 -2.410652E+00  3.302154E+00 -6.067116E+00
      2897 -2.454553E+00  4.550815E+00 -9.144725E+00
      2898 -2.909790E+00  7.223508E+00 -1.473389E+01
      3400  7.099794E+00 -9.763268E-01  4.266173E+00
      3401  8.912767E+00 -2.123583E-01  5.402020E+00
      3402  1.436883E+01  4.669728E-01  6.610067E+00
      3403  6.372208E+00 -4.376556E+00  1.158132E+01
      3404  1.058724E+01 -6.441400E+00  2.015756E+01
      3405  1.725655E+01 -6.679842E+00  3.067156E+01
      3406  2.830312E+01 -6.375763E+00  4.465705E+01
      3509 -6.258314E-01 -7.384535E+00  1.176919E+01
      3510 -2.198354E+00  1.575760E+01  6.916988E+01
      3511 -3.720621E+00 -1.188874E+00 -1.724038E-01
      3512 -4.470467E+00 -2.319115E-02  2.135019E-01
      3513 -9.149818E+00  2.755542E-01  1.744111E+00
      3514 -3.460679E+00 -3.048358E+00  6.692301E+00
      3515 -5.842526E+00 -5.954619E+00  1.132873E+01
      3516 -1.111285E+01 -6.615378E+00  2.076588E+01
      3517 -2.201264E+01 -7.032283E+00  3.730659E+01
      4033  3.328569E+00 -1.094220E+00 -3.226256E-01
      4034  3.950062E+00 -2.558495E-02 -8.449334E-03
      4035  8.186053E+00  2.376808E-01  1.385354E+00
      4036  3.126834E+00 -2.771691E+00  6.071614E+00
      4037  5.228823E+00 -5.452067E+00  1.013216E+01
      4038  9.987577E+00 -6.057091E+00  1.867374E+01
      4039  1.992509E+01 -6.453303E+00  3.379810E+01
      4147  6.243165E-01 -6.830928E+00  1.089154E+01
      4148  2.184720E+00  1.437258E+01  6.314482E+01
      4149 -6.683133E+00 -8.863193E-01  4.076535E+00
      4150 -8.365187E+00 -1.907007E-01  5.138452E+00
      4151 -1.336712E+01  4.475525E-01  6.235359E+00
      4152 -5.997185E+00 -4.089244E+00  1.089940E+01
      4153 -9.907246E+00 -5.934595E+00  1.887277E+01
      4154 -1.602324E+01 -6.128061E+00  2.848604E+01
      4155 -2.608078E+01 -5.817946E+00  4.114215E+01
      4580  2.422846E+00  1.535288E+00 -9.780350E+00
      4583 -2.274736E+00  1.435406E+00 -8.793446E+00
      4585 -2.234272E-01  2.124156E+00  2.757196E+00
      4586  3.122910E-01  1.532183E+00  9.427986E-01
      4587  5.068919E-01  8.273679E-01  5.071549E-01
      4588  3.406568E-02  3.720892E-01  7.169020E-01
      4589  4.398133E-01  2.281117E-01  5.410872E-01
      4590 -1.431285E-02  1.611017E-01  4.129710E-01
      4591  1.449253E-03  2.116781E-01  4.842115E-01
      4592  3.476910E-03  2.725691E-01  5.932449E-01
      4593  7.187455E-03  3.297394E-01  7.032065E-01
      4594  4.024105E-03  3.963573E-01  8.410215E-01
      4595 -5.837499E-03  4.433645E-01  9.385555E-01
      4596 -8.299287E-03  4.811145E-01  1.008314E+00
      4597 -1.427271E-02  5.142827E-01  1.032478E+00
      4598  3.425178E-03  5.119629E-01  1.065794E+00
      4599 -9.679103E-03  5.064844E-01  1.055218E+00
      4600 -7.679665E-03  5.213464E-01  1.105840E+00
      4601 -5.816257E-03  5.121618E-01  1.076483E+00
      4602 -2.651823E-03  5.048603E-01  1.080826E+00
      4603  4.449903E-03  5.132867E-01  1.097015E+00
      4604 -1.547804E-03  5.332002E-01  1.118951E+00
      4605  2.943491E-03  5.327638E-01  1.123446E+00
      4606 -3.763886E-04  5.098734E-01  1.098859E+00
      4607 -1.290620E-03  5.089033E-01  1.091858E+00
      4608  4.664301E-03  5.042489E-01  1.082533E+00
      4609  4.977364E-03  4.988628E-01  1.062123E+00
      4610  7.688889E-03  4.844575E-01  1.035240E+00
      4611  1.259006E-02  4.988419E-01  1.052986E+00
      4612  1.411875E-02  4.855441E-01  1.041820E+00
      4613 -4.300028E-03  4.927309E-01  1.010456E+00
      4614  1.017651E-02  4.382667E-01  9.360836E-01
      4615 -2.407518E-03  4.000245E-01  8.404058E-01
      4616  1.591425E-04  3.306244E-01  7.133406E-01
      4617 -3.518391E-03  2.784909E-01  6.067104E-01
      4618 -1.751673E-04  2.159431E-01  4.943584E-01
      4619  1.376029E-02  1.620359E-01  4.094943E-01
      4620 -5.871308E-02  2.252226E-01  4.319572E-01
      4621 -4.059182E-01  3.887158E-01  6.889236E-01
      4622 -5.032487E-01  7.434034E-01  4.855890E-01
      4623 -3.307976E-01  1.380539E+00  8.763226E-01
      4624  2.011698E-01  1.924616E+00  2.513132E+00
      4625  2.020083E+00  7.705346E-01  1.836132E+00
      4626  9.930598E-01  8.650857E-01  2.546230E+00
      4627  1.112293E+00  3.399779E-01  1.267582E+00
      4628  1.199325E+00  1.275220E-01  6.316525E-01
      4629  2.204184E+00 -8.928810E-02  4.260778E-01
      4630  2.011877E+00  4.201478E-02  6.072291E-01
      4631  1.733072E+00  2.380639E-01  9.508669E-01
      4632  1.475605E+00  3.985237E-01  1.303374E+00
      4633  1.261198E+00  5.224038E-01  1.605360E+00
      4634  1.104090E+00  6.330960E-01  1.910273E+00
      4635  9.632776E-01  7.095344E-01  2.186935E+00
      4636  8.535935E-01  7.654591E-01  2.346532E+00
      4637  7.325390E-01  7.694808E-01  2.437085E+00
      4638  6.223554E-01  7.085150E-01  2.507981E+00
      4639  5.251677E-01  8.381841E-01  2.559781E+00
      4640  4.168391E-01  8.313701E-01  2.577099E+00
      4641  3.059111E-01  7.990047E-01  2.596483E+00
      4642  2.067286E-01  8.075495E-01  2.528517E+00
      4643  1.292302E-01  7.967630E-01  2.497458E+00
      4644  5.926428E-02  8.102663E-01  2.513480E+00
      4645 -1.135887E-02  7.803374E-01  2.551915E+00
      4646 -8.813263E-02  8.191473E-01  2.524660E+00
      4647 -1.486152E-01  8.200968E-01  2.531264E+00
      4648 -2.391923E-01  8.199901E-01  2.542436E+00
      4649 -3.401535E-01  8.352730E-01  2.553485E+00
      4650 -4.590514E-01  8.384029E-01  2.533615E+00
      4651 -5.536969E-01  8.354718E-01  2.535520E+00
      4652 -6.852675E-01  8.270255E-01  2.560374E+00
      4653 -7.699836E-01  8.296224E-01  2.507344E+00
      4654 -9.338709E-01  7.507130E-01  2.358734E+00
      4655 -1.023038E+00  7.117407E-01  2.182599E+00
      4656 -1.161124E+00  6.284742E-01  1.911822E+00
      4657 -1.298618E+00  5.336344E-01  1.628272E+00
      4658 -1.503981E+00  4.049852E-01  1.320456E+00
      4659 -1.741647E+00  2.515809E-01  9.655750E-01
      4660 -2.006220E+00  6.825538E-02  6.335345E-01
      4661 -2.275255E+00 -2.865772E-02  5.080388E-01
      4662 -1.106129E+00  1.046254E-01  5.470433E-01
      4663 -1.086188E+00  3.215916E-01  1.167587E+00
      4664 -9.779700E-01  7.958962E-01  2.321425E+00
      4665 -1.917439E+00  7.117794E-01  1.667194E+00
      4915  1.847468E-01  7.585873E+00 -1.476131E+01
      4936 -1.661430E-01  7.601957E+00  1.817383E+01
      4950 -2.414795E+00  2.942253E-02  3.096240E-01
      4951  1.236701E+00 -1.126216E-01 -8.119835E-01
      4952 -5.554319E+00  5.859296E-01  1.048116E+01
      4953 -7.825499E-01  2.291590E-01  1.327215E+00
      4954  2.502779E+00  1.073477E+00 -5.541474E+00
      4955  3.965044E+00  8.192125E-02  1.510297E+00
      4956 -3.399214E-01 -3.729615E-01 -1.550957E-01
      4957 -2.740322E+00 -5.323681E-01 -5.188430E-01
      4958  7.337618E+00  5.270625E-01  1.275249E+01
      4959  2.187474E+00 -1.103971E-02  3.096251E+00
      4960 -2.632124E+00  9.065377E-01 -4.791895E+00
      4961 -6.546885E+00  1.559263E+00 -1.181028E+01
      5003 -1.778391E-01  6.773239E+00 -1.317103E+01
      5024  2.053675E-01  6.795238E+00  1.624068E+01
      5038 -3.751934E+00  8.342729E-02  1.550236E+00
      5039  1.193367E-01 -3.475414E-01 -1.285032E-02
      5040  2.311575E+00 -4.927379E-01 -3.005815E-01
      5041 -6.766263E+00  4.706563E-01  1.175882E+01
      5042 -2.187431E+00 -1.154779E-02  3.091719E+00
      5043  2.192540E+00  8.405553E-01 -4.004488E+00
      5044  5.649147E+00  1.437550E+00 -1.022509E+01
      5045  1.962969E+00  1.624249E-02  4.447528E-02
      5046 -1.287071E+00 -9.503493E-02 -9.160841E-01
      5047  4.748958E+00  5.293221E-01  8.972784E+00
      5048  4.608285E-01  2.358630E-01  7.969969E-01
      5049 -2.365038E+00  1.005229E+00 -5.232162E+00
     24494  4.772850E+00  7.202404E-01 -2.190872E+01
     24495  4.873040E+00 -2.477664E+00 -1.735902E+01
     24496 -2.400447E-02 -5.873544E-01 -3.212299E+00
     24497  1.589518E-01 -1.684237E+00 -2.889381E+00
     24498  4.628667E+00 -7.908932E-01 -1.469957E+01
     24499  4.740196E+00 -1.872275E+00 -1.226306E+01
     24500  4.379131E+00 -7.167498E-01 -1.007456E+01
     24501  3.901609E+00 -5.103751E-01 -6.576081E+00
     24502  3.797338E+00 -9.620154E-01 -5.056045E+00
     24503  4.444836E+00 -1.327534E+00 -8.675186E+00
     24504  3.014897E+00 -8.513255E-01 -2.984780E+00
     24505  3.366221E+00 -2.256449E-01 -4.005358E+00
     24506  2.636371E+00 -5.293907E-01 -2.688641E+00
     24507  2.000857E+00 -8.198283E-01 -1.543702E+00
     24508  2.139978E+00 -4.268329E-01 -1.889451E+00
     24509  2.560348E+00 -8.273300E-01 -2.387289E+00
     24510  1.717627E+00 -4.876516E-01 -1.683752E+00
     24511  1.437936E+00 -4.707767E-01 -1.716166E+00
     24512  1.675620E+00 -8.886809E-01 -1.644104E+00
     24513  1.219215E+00 -5.019724E-01 -1.912637E+00
     24514  1.399380E+00 -9.574931E-01 -1.765730E+00
     24515  1.063249E+00 -7.271724E-01 -2.301291E+00
     24516  1.063297E+00 -1.311730E+00 -2.109233E+00
     24517  1.177913E+00 -1.146113E+00 -2.318531E+00
     24518  9.597911E-01 -7.564458E-01 -2.539888E+00
     24519  9.970735E-01 -1.311470E+00 -2.537701E+00
     24520  8.873535E-01 -5.980837E-01 -2.617980E+00
     24521  6.796131E-01 -6.409074E-01 -2.603879E+00
     24522  7.304538E-01 -1.350243E+00 -2.543466E+00
     24523  8.603524E-01 -1.135747E+00 -2.586127E+00
     24524  6.793500E-01 -8.515713E-01 -2.838311E+00
     24525  6.777061E-01 -1.274031E+00 -2.726514E+00
     24526  5.395586E-01 -5.031488E-01 -2.726317E+00
     24527  3.991586E-01 -1.425640E+00 -2.825854E+00
     24528  3.814343E-01 -1.150395E+00 -3.155254E+00
     24529  3.139540E-01 -8.224442E-01 -2.938310E+00
     24530  2.602141E-01 -1.440398E+00 -2.595341E+00
     24531  4.385900E-01 -1.679044E+00 -3.353218E+00
     24532  1.708094E-01 -7.483785E-01 -3.006636E+00
     24533  1.550454E-01 -1.396273E+00 -2.976263E+00
     24534  9.724464E-02 -7.265972E-01 -3.157642E+00
     25414 -2.224990E-02 -6.570462E-01 -3.175155E+00
     25415 -2.059800E-01 -1.671387E+00 -2.844286E+00
     25416 -4.406493E+00  9.216153E-01 -1.967063E+01
     25417 -4.748571E+00 -2.305323E+00 -1.536349E+01
     25418 -1.215957E-01 -6.725371E-01 -3.124247E+00
     25419 -1.890821E-01 -1.370550E+00 -2.963180E+00
     25420 -2.213884E-01 -6.675665E-01 -2.950419E+00
     25421 -3.738854E-01 -1.413014E+00 -2.784501E+00
     25422 -3.117451E-01 -7.811255E-01 -2.932020E+00
     25423 -2.985868E-01 -1.435632E+00 -3.225191E+00
     25424 -5.445557E-01 -1.366719E+00 -2.677840E+00
     25425 -4.353094E-01 -6.657325E-01 -2.749829E+00
     25426 -5.775740E-01 -6.974542E-01 -2.702349E+00
     25427 -6.986009E-01 -1.383954E+00 -2.646682E+00
     25428 -8.734251E-01 -1.485036E+00 -2.397831E+00
     25429 -7.228687E-01 -7.361797E-01 -2.685966E+00
     25430 -8.321587E-01 -9.176968E-01 -2.860334E+00
     25431 -1.175724E+00 -1.202644E+00 -2.180794E+00
     25432 -9.299666E-01 -3.807973E-01 -2.442233E+00
     25433 -8.338859E-01 -1.299165E+00 -2.911064E+00
     25434 -1.049083E+00 -8.897365E-01 -2.641250E+00
     25435 -1.138646E+00 -6.306324E-01 -2.223997E+00
     25436 -1.277145E+00 -1.103972E+00 -1.836147E+00
     25437 -1.123918E+00 -1.351939E+00 -2.678262E+00
     25438 -1.296264E+00 -5.736234E-01 -2.007045E+00
     25439 -1.499278E+00 -4.471034E-01 -1.742120E+00
     25440 -1.446087E+00 -9.983730E-01 -1.860358E+00
     25441 -1.735817E+00 -4.915876E-01 -1.706045E+00
     25442 -1.996964E+00 -7.976597E-01 -1.526899E+00
     25443 -1.728382E+00 -9.027956E-01 -1.875834E+00
     25444 -2.135552E+00 -3.714974E-01 -1.828199E+00
     25445 -2.481205E+00 -7.686294E-01 -2.072994E+00
     25446 -2.621694E+00 -3.358379E-01 -2.469684E+00
     25447 -2.988205E+00 -8.170414E-01 -3.005086E+00
     25448 -3.189341E+00 -4.048249E-01 -3.787503E+00
     25449 -3.730279E+00 -5.383507E-01 -5.957005E+00
     25450 -4.093953E+00 -1.328412E+00 -6.851906E+00
     25451 -3.663037E+00 -9.424333E-01 -5.059016E+00
     25452 -4.177908E+00 -5.373606E-01 -9.178835E+00
     25453 -4.508185E+00 -1.734444E+00 -1.084617E+01
     25454 -4.378887E+00 -4.780718E-01 -1.333139E+01
     28582 -6.821111E-01  2.338578E+00 -3.693906E-01
     28583 -3.446147E-01  1.080471E+00  8.758232E-01
     28584 -6.149115E-01  6.662440E-01 -5.713845E-01
     28585 -1.764988E+00  1.102333E+00 -1.162521E+00
     28586 -1.584473E+00 -1.634710E+01  6.854649E+01
     28587 -2.677630E+00 -1.694934E+01  6.375784E+01
     28588  7.757085E-01 -1.255215E+01  5.750352E+01
     28589 -1.457373E+00 -9.320791E+00  1.595519E+01
     28590 -4.113411E-01 -1.022326E+01  2.050166E+01
     28591 -1.514661E+00 -1.137347E+01  1.645757E+01
     28592 -2.002067E-01 -8.815854E+00  1.354371E+01
     28593 -5.163576E+00 -1.367719E+01  5.453848E+01
     28594  2.408250E-01 -1.116089E+01  2.432411E+01
     28595 -1.711476E+00 -1.249302E+01  2.671149E+01
     28596 -1.297000E+00 -1.107206E+01  1.818090E+01
     28597 -2.172174E+00 -1.145113E+01  1.852163E+01
     28598  6.411334E-01 -1.196735E+01  3.759816E+01
     28599 -1.270724E+00 -1.383201E+01  4.075330E+01
     28600 -1.477871E+00 -1.212280E+01  3.026117E+01
     28601 -7.859988E-01 -1.139712E+01  2.226619E+01
     28602 -3.129695E+00 -1.294600E+01  3.201917E+01
     28603 -1.866964E+00 -1.189520E+01  4.904300E+01
     28604 -9.213441E-01 -1.243671E+01  3.731497E+01
     32020  3.186185E-01  1.000673E+00  8.102680E-01
     32021  5.821214E-01  2.111915E+00 -3.362773E-01
     32022  5.382547E-01  6.123316E-01 -5.282370E-01
     32023  1.603778E+00  1.013214E+00 -1.069423E+00
     32024  4.499232E-01 -9.477041E+00  1.914443E+01
     32025  1.421111E+00 -8.580655E+00  1.464378E+01
     32026  2.758766E-01 -8.056707E+00  1.246261E+01
     32027  2.611263E+00 -1.546815E+01  5.806808E+01
     32028  1.607197E+00 -1.495868E+01  6.285735E+01
     32029  4.846426E+00 -1.258092E+01  4.963306E+01
     32030  1.443365E+00 -1.060004E+01  1.533487E+01
     32031 -5.687161E-01 -1.140569E+01  5.285439E+01
     32032  2.061577E+00 -1.052442E+01  1.685343E+01
     32033  8.466201E-01 -1.043075E+01  2.028998E+01
     32034  1.307439E+00 -1.017038E+01  1.688342E+01
     32035 -1.298476E-01 -1.025735E+01  2.268162E+01
     32036  2.947050E+00 -1.188802E+01  2.910595E+01
     32037  9.818449E-01 -1.136948E+01  3.395403E+01
     32038  1.482189E+00 -1.112441E+01  2.785811E+01
     32039  1.674638E+00 -1.152865E+01  2.478747E+01
     32040 -4.800856E-01 -1.095690E+01  3.477782E+01
     32041  1.878058E+00 -1.090916E+01  4.495368E+01
     32042  1.274870E+00 -1.273694E+01  3.759020E+01
     34898 -2.621437E-01  1.851588E-01 -4.125261E-02
     34899  2.361578E-01  1.646274E-01 -4.950386E-02
     34900  2.402121E-02  8.549229E-02  9.942072E-02
     34901 -3.149620E-02  8.974808E-02  1.167947E-01
     34902  3.494283E-02  4.412825E-02  1.078902E-01
     34903 -3.935422E-02  4.427709E-02  1.221250E-01
     34904 -4.429281E-02  1.106424E-02  8.427378E-02
     34905  2.894078E-02  1.692036E-02  8.811651E-02
     34906  4.790065E+00  3.747830E-01 -1.191512E+01
     34907  4.539716E+00 -4.378475E-02 -4.434881E+00
     34908  3.841847E+00 -7.125695E-01 -7.604834E+00
     34909 -3.089267E-02 -4.305450E-01  1.159207E+00
     34910  1.210984E-01 -4.671520E-01  1.204942E+00
     34911 -2.635663E-02 -4.084182E-01  1.169370E+00
     34912 -1.786718E-01 -4.605106E-01  1.216865E+00
     34913 -4.257866E+00 -4.347144E-03 -4.024858E+00
     34914 -4.474285E+00  4.440436E-01 -1.075427E+01
     34915 -3.655873E+00 -6.182801E-01 -6.860341E+00
     34916  3.838176E+00 -1.082576E+00  2.731934E-01
     34917 -3.650179E+00 -9.433178E-01  2.423675E-01
     34918  3.232713E+00 -1.474893E+00 -4.887944E+00
     34919  3.437947E+00 -1.355898E+00 -5.420598E+00
     34920  2.682605E+00 -2.891445E+00 -2.375746E+00
     34921  2.073078E+00 -1.210346E+00  1.465642E+00
     34922  3.227328E+00 -1.204434E+00 -3.477737E+00
     34923  3.311340E+00 -1.315197E+00 -3.872667E+00
     34924  2.737764E+00 -2.904193E+00 -1.061752E+00
     34925  2.428323E+00 -1.027481E+00  1.185540E+00
     34926  2.218697E+00 -1.063317E+00  6.434212E-01
     34927  3.090788E+00 -8.593631E-01 -2.165677E+00
     34928  3.087131E+00 -9.961306E-01 -2.638891E+00
     34929  2.586034E+00 -1.835342E+00 -9.055724E-01
     34930  2.513005E+00 -8.389468E-01  4.353261E-01
     34931  2.301669E+00 -7.680556E-01  2.361492E-01
     34932  3.403020E+00 -9.940819E-01 -1.364046E+00
     34933  4.841651E+00 -1.075676E+00 -1.197160E+00
     34934  2.587137E+00 -4.848013E-01  2.328900E-01
     34935  4.156113E+00 -9.474684E-01 -7.635031E-01
     34936  4.138782E+00 -7.516609E-01 -3.701769E-01
     34937  3.684559E+00 -4.915413E-01 -1.562519E-01
     34938  3.581628E+00 -4.845378E-01  2.280349E-01
     34939  3.088852E+00 -2.706361E-01  3.489642E-01
     34940  3.041912E+00 -3.306917E-01  6.318414E-01
     34941  2.593831E+00 -1.761240E-01  6.907254E-01
     34942  2.608537E+00 -2.733521E-01  8.777884E-01
     34943  2.288767E+00 -2.791420E-01  1.058246E+00
     34944  2.208620E+00 -1.654809E-01  8.993881E-01
     34945  2.039630E+00 -3.817103E-01  1.196852E+00
     34946  1.898614E+00 -2.280679E-01  1.061809E+00
     34947  1.822950E+00 -4.048757E-01  1.232894E+00
     34948  1.641646E+00 -2.910738E-01  1.199025E+00
     34949  1.612367E+00 -3.634716E-01  1.284650E+00
     34950  1.464464E+00 -2.556929E-01  1.271131E+00
     34951  1.417090E+00 -5.533004E-01  1.375956E+00
     34952  1.247120E+00 -3.705918E-01  1.298221E+00
     34953  1.263039E+00 -4.819085E-01  1.325352E+00
     34954  1.055420E+00 -5.524649E-01  1.399760E+00
     34955  1.019132E+00 -3.398965E-01  1.365416E+00
     34956  8.603407E-01 -2.738550E-01  1.342054E+00
     34957  8.155159E-01 -5.736601E-01  1.324853E+00
     34958  6.140102E-01 -4.641644E-01  1.335362E+00
     34959  6.109766E-01 -4.804538E-01  1.268562E+00
     34960  4.095568E-01 -4.590098E-01  1.352665E+00
     34961  4.147815E-01 -4.371152E-01  1.185108E+00
     34962  2.301023E-01 -4.076610E-01  1.244956E+00
     34963  2.422779E-01 -4.125169E-01  1.159315E+00
     34964  9.174298E-02 -4.000146E-01  1.191509E+00
     34965 -2.977759E-01 -3.983599E-01  1.184601E+00
     34966 -1.414687E-01 -3.604591E-01  1.216937E+00
     34967 -2.981433E-01 -3.656606E-01  1.263523E+00
     34968 -4.675510E-01 -3.962252E-01  1.231181E+00
     34969 -6.510187E-01 -4.099889E-01  1.274820E+00
     34970 -4.792872E-01 -3.551234E-01  1.311932E+00
     34971 -7.017546E-01 -2.909201E-01  1.352558E+00
     34972 -8.604722E-01 -3.537634E-01  1.339917E+00
     34973 -9.173948E-01 -2.854883E-01  1.364115E+00
     34974 -1.094795E+00 -3.376762E-01  1.349486E+00
     34975 -1.308871E+00 -3.795419E-01  1.365955E+00
     34976 -1.132736E+00 -3.159371E-01  1.417258E+00
     34977 -1.345173E+00 -3.367295E-01  1.327182E+00
     34978 -1.552864E+00 -4.578090E-01  1.376672E+00
     34979 -1.613994E+00 -2.383139E-01  1.342749E+00
     34980 -1.716623E+00 -2.885547E-01  1.386596E+00
     34981 -1.770614E+00 -3.032452E-01  1.185436E+00
     34982 -1.966444E+00 -4.339039E-01  1.248065E+00
     34983 -2.019015E+00 -2.191331E-01  1.059275E+00
     34984 -2.154664E+00 -3.531357E-01  1.191698E+00
     34985 -2.289972E+00 -1.792545E-01  8.874136E-01
     34986 -2.397018E+00 -3.128758E-01  1.042566E+00
     34987 -2.656705E+00 -1.773783E-01  6.888212E-01
     34988 -2.682701E+00 -2.888814E-01  8.817431E-01
     34989 -3.115430E+00 -2.607417E-01  3.551792E-01
     34990 -3.084908E+00 -3.314666E-01  6.378286E-01
     34991 -3.682304E+00 -4.493286E-01 -1.310683E-01
     34992 -3.584890E+00 -4.408946E-01  2.566753E-01
     34993 -3.980811E+00 -6.437231E-01 -4.727221E-01
     34994 -4.210237E+00 -6.980699E-01 -3.412066E-01
     34995 -3.481260E+00 -1.242161E+00 -1.338454E+00
     34996 -4.706065E+00 -1.009467E+00 -9.624697E-01
     34997 -2.971844E+00 -8.913916E-01 -2.386413E+00
     34998 -2.884942E+00 -7.909810E-01 -2.050759E+00
     34999 -2.363442E+00 -5.278784E-01  1.552012E-01
     35000 -3.165302E+00 -1.185841E+00 -3.511115E+00
     35001 -3.101809E+00 -1.099288E+00 -3.160951E+00
     35002 -2.464585E+00 -1.645325E+00 -8.300645E-01
     35003 -2.438477E+00 -7.413876E-01  4.140925E-01
     35004 -2.177654E+00 -6.759320E-01  2.390231E-01
     35005 -3.273822E+00 -1.213379E+00 -4.897237E+00
     35006 -3.097834E+00 -1.356064E+00 -4.439063E+00
     35007 -2.605466E+00 -2.593753E+00 -9.818703E-01
     35008 -2.356161E+00 -9.126961E-01  1.087467E+00
     35009 -2.159240E+00 -9.694198E-01  6.018089E-01
     35010 -2.567976E+00 -2.568066E+00 -2.178445E+00
     35011 -2.037830E+00 -1.108175E+00  1.341050E+00
     35658 -1.851859E-01  5.545924E-01 -2.832283E-01
     35659 -1.432560E-01  5.724406E-01  6.219445E-01
     35660  1.519591E-01  8.444312E-02  7.233915E-02
     35661  5.667663E-01 -3.180455E-01  3.109503E-01
     35662 -3.547845E-02  3.617719E-01  2.599805E-01
     35663  9.856433E-01  1.532004E+00 -7.723855E+00
     35664  5.103501E-01  1.379059E+00 -1.430999E+01
     35665  1.161008E+00  1.697608E+00 -7.910953E+00
     35666  9.668964E-01  1.309519E+00 -7.765319E+00
     35667  6.348963E-01  1.202060E+00 -7.593977E+00
     35668 -5.378789E-01  2.490153E+00 -1.908521E+01
     35669  2.580941E-01  2.091268E+00 -6.489972E+00
     35670 -6.672599E-03  2.360844E+00 -1.023099E+01
     35671 -1.721593E-01  3.984513E+00 -1.074375E+01
     35672 -6.529497E-01  2.287312E+00 -9.781878E+00
     35673  3.692717E-02  2.645516E+00 -8.958915E+00
     35674 -1.292652E+00  2.389662E+00 -1.325209E+01
     35675 -5.583802E-01  2.008162E+00  2.172010E+01
     35676 -3.402536E-01  1.780429E+00  2.025370E+01
     35677 -1.349691E+00  1.381343E+00  1.405175E+01
     35678  6.024878E-01  1.228405E+00  1.503691E+01
     35679  1.389687E+00  1.077100E+00  4.387024E+00
     35680 -7.424589E-01  8.701683E-01 -8.162729E-02
     35681 -2.584931E-01  1.240445E+00  9.483570E+00
     35682 -2.945035E+00  6.840226E-01  5.312463E+00
     35683 -8.987876E-01  2.277852E+00 -2.417357E+00
     35684  3.449771E-01  1.117065E+00  1.297060E+00
     35685 -8.577731E-01  1.774056E+00 -5.429456E+00
     36115  1.271367E-01  4.885436E-01 -2.507319E-01
     36116  6.090397E-02  5.199065E-01  5.676686E-01
     36117 -1.604422E-01  7.230978E-02  6.701389E-02
     36118 -5.280090E-01 -2.915832E-01  2.884925E-01
     36119  1.295376E-02  3.208634E-01  2.277306E-01
     36120 -4.903713E-01  1.244221E+00 -1.276719E+01
     36121 -9.001193E-01  1.388407E+00 -6.907171E+00
     36122 -9.057585E-01  1.209769E+00 -6.932570E+00
     36123 -1.081190E+00  1.573280E+00 -7.057501E+00
     36124 -5.956512E-01  1.118975E+00 -6.718807E+00
     36125  4.975991E-01  2.239926E+00 -1.684773E+01
     36126  2.523360E-01  3.670707E+00 -9.607238E+00
     36127  6.485273E-01  2.130341E+00 -8.514119E+00
     36128  6.656302E-02  2.187305E+00 -9.353366E+00
     36129 -9.192143E-03  2.428276E+00 -7.925187E+00
     36130 -1.794822E-01  1.957107E+00 -6.056550E+00
     36131  1.167491E+00  2.185226E+00 -1.159395E+01
     36132  3.993246E-01  1.597184E+00  1.783487E+01
     36133  6.078539E-01  1.792018E+00  1.964233E+01
     36134 -4.451407E-01  1.142497E+00  1.367830E+01
     36135  1.280726E+00  1.220688E+00  1.224124E+01
     36136  2.842707E+00  5.855565E-01  4.877471E+00
     36137 -1.756216E-01  1.028778E+00  1.360454E+00
     36138  3.499029E-01  1.121548E+00  8.473795E+00
     36139 -1.090757E+00  1.015382E+00  3.655780E+00
     36140  8.625558E-01  1.637586E+00 -4.684484E+00
     36141  1.019058E+00  2.096293E+00 -2.137436E+00
     36142  7.484940E-01  8.088516E-01 -3.913627E-01

 total force (fx,fy,fz) for set FEET and time  0.3000000E+01

       -1.590143E-09 -3.000000E+02  1.200000E+03

                        S T E P       4


                                INCREMENT     1


 displacements (vx,vy,vz) for set TOP and time  0.4000000E+01

     17968 -9.974828E-03  1.478043E-01 -1.576932E-01
     18013 -5.572041E-03  1.854655E-01 -1.812098E-01
     18450 -1.249512E-03  1.993918E-01 -1.887916E-01
     21878  2.666867E-03  1.973933E-01 -1.882170E-01
     23067  7.185936E-03  1.428388E-01 -1.488938E-01

 forces (fx,fy,fz) for set FEET and time  0.4000000E+01

       151 -3.783108E-01  2.697987E-01 -2.110177E+00
       155  7.874694E-01  9.006927E+00 -8.454147E+00
       156 -3.567268E-03  3.055343E-02 -1.078455E+00
       160  3.178810E-02  2.638618E+00  3.582921E-01
       161  4.079068E-01  5.710747E-01 -1.702915E+00
       165 -5.229875E-01  7.715069E+00 -6.110828E+00
       194  1.016467E+01  5.805084E+00  1.075976E+01
       195  7.959710E-01 -6.790392E-01  9.312580E-01
       196 -5.518552E-01 -2.581924E-01  8.059904E-01
       197 -9.626207E+00  4.473621E+00  9.109023E+00
       221  5.160703E-01 -2.419067E-01  7.460050E-01
       222  8.715544E+00  4.020735E+00  8.194215E+00
       225 -7.541282E-01 -6.494440E-01  8.660999E-01
       226 -9.251822E+00  5.318632E+00  9.819969E+00
       234  3.485601E+00  2.916855E-01  2.883965E+00
       236 -3.231420E+00  2.983829E-01  2.595666E+00
       242 -5.281893E+00  3.075076E+00 -5.165696E+00
       245 -8.053056E+00  4.714392E+00  7.545836E+00
       246  1.035217E+01  7.148866E+00  1.108947E+01
       253  4.683137E+00  2.705833E+00 -4.586547E+00
       254 -9.395689E+00  6.526563E+00  1.011945E+01
       255  7.173568E+00  4.149745E+00  6.668492E+00
      2448  3.629068E+00 -2.913932E-01 -1.643259E+01
      2464 -6.875105E-02 -2.200469E+00 -4.193401E+00
      2473  1.095442E+00 -3.335294E-01 -3.056785E-01
      2474  8.018823E-02  3.967151E-01 -3.279080E-01
      2475  8.101065E-02  1.584117E-01 -1.982166E-01
      2476  2.173404E-01 -4.058766E-01 -9.053968E-01
      2477  1.371349E-01 -3.878186E-02 -1.111732E+00
      2478  1.438830E-01 -3.686893E-02 -6.087000E-01
      2479  1.045301E-01 -5.259848E-02 -9.947845E-01
      2480  5.289966E-02 -8.879021E-03 -8.345873E-01
      2481  3.964915E-02 -2.185393E-02 -8.584054E-01
      2482  3.421368E-02  1.191839E-02 -6.791151E-01
      2483  5.070785E-02 -6.103983E-02 -1.246380E+00
      2484  4.419270E-02  7.974408E-03 -1.006673E+00
      2485  1.410556E-01  8.883471E-01 -8.873259E-01
      2486 -1.118414E-02 -3.575110E-02 -1.516720E+00
      2487  6.473494E-03  7.965537E-02 -9.821436E-01
      2488 -3.944734E-02 -3.673407E-02 -1.058808E+00
      2489  6.718369E-02  4.292360E-03 -8.787786E-01
      2490  2.450623E-02 -4.629733E-02 -1.295353E+00
      2491 -3.822049E-03 -1.534455E-02 -1.040698E+00
      2492  4.038535E-02  4.733005E-01 -1.494283E+00
      2493  6.023834E+00  2.297864E+00 -1.742441E+01
      2494  4.314450E+00 -6.630065E-01 -8.751699E+00
      2495  3.401072E+00 -9.686966E-01 -5.524064E+00
      2496  2.678729E+00 -8.974869E-01 -3.550743E+00
      2497  3.384128E+00 -5.511468E-01 -2.791606E+00
      2498  2.798272E+00 -1.095478E+00 -2.286809E+00
      2499  2.363108E+00 -8.796854E-01 -1.693492E+00
      2500  2.095363E+00 -8.235964E-01 -1.516932E+00
      2501  1.830616E+00 -7.483035E-01 -1.462170E+00
      2502  1.595333E+00 -7.719086E-01 -1.505739E+00
      2503  1.328561E+00 -1.184490E+00 -1.710800E+00
      2504  1.270349E+00 -1.182251E+00 -1.811747E+00
      2505  1.141733E+00 -8.822064E-01 -1.795363E+00
      2506  7.938010E-01 -8.606281E-01 -1.874532E+00
      2507  9.285200E-01 -1.021512E+00 -1.977145E+00
      2508  7.114601E-01 -6.696462E-01 -1.868964E+00
      2509  5.127871E-01 -1.616569E+00 -2.120217E+00
      2510  3.930784E-01 -1.199542E+00 -1.994436E+00
      2511  2.954761E-01 -1.051922E+00 -1.990234E+00
      2512  1.680735E-01 -8.649223E-01 -1.955887E+00
      2513  2.256674E-02 -8.126194E-01 -2.026539E+00
      2637  7.840129E-01  6.471147E+00 -2.575471E+00
      2638  2.404004E-01  4.235451E+00 -7.565875E-01
      2639  1.435782E-01  3.673176E+00  3.789316E-02
      2640 -4.099803E-02  2.390936E+00 -2.075626E-02
      2641  1.878958E-02  2.118160E+00 -1.267735E-01
      2642  8.414519E-03  2.768803E+00  3.127901E-01
      2643  3.027282E-02  2.235740E+00 -4.595553E-02
      2644  4.555943E-02  2.230045E+00  1.852081E-01
      2645  2.443484E-02  2.151559E+00  1.990143E-01
      2646  4.342072E-02  2.593852E+00  3.852561E-01
      2647  3.392544E-02  3.152480E+00 -8.051860E-02
      2648 -3.410306E-03  2.783830E+00  1.916351E-01
      2649 -9.492037E-02  1.466437E+00 -8.704595E-02
      2650  3.121097E-01  4.944986E+00 -2.034373E-01
      2651  3.934922E-02  2.238460E+00  1.895900E-01
      2652  1.446323E-01  2.784371E+00  2.340894E-01
      2653 -5.410522E-02  4.037079E+00  4.834472E-01
      2654  6.365022E-04  2.888428E+00 -8.252668E-02
      2655  4.807679E-03  2.734441E+00  2.119798E-01
      2656 -3.329041E-01  2.633840E+00  5.593221E-01
      2657  4.487049E+00  8.861974E+00 -1.820952E+01
      2658  2.628217E+00  4.702618E+00 -8.569190E+00
      2659  2.069501E+00  3.688375E+00 -4.812920E+00
      2660  1.660515E+00  3.015818E+00 -3.132030E+00
      2661  1.321303E+00  1.405674E+00 -2.522897E+00
      2662  1.227332E+00  2.367267E+00 -1.478795E+00
      2663  9.293443E-01  1.813846E+00 -1.428066E+00
      2664  7.560640E-01  1.819168E+00 -1.366168E+00
      2665  6.402166E-01  1.630312E+00 -1.444871E+00
      2666  5.969466E-01  1.675795E+00 -1.522005E+00
      2667  6.118105E-01  2.583421E+00 -1.357370E+00
      2668  4.112650E-01  2.548166E+00 -1.524318E+00
      2669  4.331087E-01  1.926435E+00 -1.824200E+00
      2670  4.881475E-01  1.411678E+00 -1.700146E+00
      2671  1.371735E-01  2.140959E+00 -1.662072E+00
      2672  2.415459E-01  1.484374E+00 -2.031196E+00
      2673  2.916094E-01  3.620112E+00 -1.309507E+00
      2674  1.355923E-01  2.484860E+00 -1.699855E+00
      2675  5.322322E-02  2.282066E+00 -1.797772E+00
      2676  6.447805E-02  1.935229E+00 -1.905680E+00
      2677  9.290908E-03  1.743581E+00 -1.907064E+00
      2685 -3.585670E+00 -1.359954E-01 -1.643417E+01
      2694 -8.229140E-02  4.847876E-01 -1.417834E+00
      2695 -3.391207E-02  2.761036E-03 -9.751785E-01
      2696 -2.382437E-02  6.317682E-03 -7.770107E-01
      2697  8.274270E-03 -2.612826E-02 -1.027704E+00
      2698 -5.689951E-03 -9.316250E-03 -9.920320E-01
      2699 -2.749990E-02 -1.476222E-02 -9.972940E-01
      2700 -7.539797E-02 -6.595229E-02 -1.294811E+00
      2701 -1.183631E-02  7.056365E-03 -7.509788E-01
      2702 -5.868227E-02 -1.804579E-02 -1.228710E+00
      2703 -3.286835E-02 -6.386636E-03 -7.258242E-01
      2704 -6.222086E-02 -5.460319E-02 -1.090500E+00
      2705 -8.909860E-02 -3.994016E-02 -7.950225E-01
      2706 -7.361802E-02  1.017431E-02 -6.002099E-01
      2707 -9.263152E-02 -5.603383E-02 -9.280028E-01
      2708 -1.646791E-01 -5.293736E-02 -7.791790E-01
      2709 -2.171059E-01 -5.000075E-01 -1.180046E+00
      2710 -6.841455E-02  6.947706E-02 -1.947781E-01
      2711 -1.600647E-01  1.495600E-01 -7.847963E-01
      2712 -2.378164E-01  4.148441E-01 -7.965291E-01
      2713 -1.078089E+00  3.093422E-02 -1.468695E+00
      2714 -6.063281E-02 -8.312894E-01 -2.211251E+00
      2715 -2.106360E-01 -9.740791E-01 -2.058943E+00
      2716 -3.065070E-01 -9.018970E-01 -1.933371E+00
      2717 -5.021128E-01 -1.065825E+00 -1.929818E+00
      2718 -6.459537E-01 -8.890356E-01 -1.826614E+00
      2719 -8.136805E-01 -9.218100E-01 -1.802719E+00
      2720 -9.736547E-01 -1.031605E+00 -1.823156E+00
      2721 -1.015608E+00 -1.391741E+00 -1.984689E+00
      2722 -1.273529E+00 -4.794865E-01 -1.704535E+00
      2723 -1.278951E+00 -1.284869E+00 -1.891087E+00
      2724 -1.460257E+00 -9.237211E-01 -1.606109E+00
      2725 -1.567390E+00 -8.955387E-01 -1.519721E+00
      2726 -1.784044E+00 -7.167828E-01 -1.398259E+00
      2727 -2.104492E+00 -7.999824E-01 -1.417742E+00
      2728 -2.366306E+00 -7.184557E-01 -1.523246E+00
      2729 -2.796426E+00 -8.119473E-01 -1.957125E+00
      2730 -3.166501E+00 -9.706712E-01 -2.630298E+00
      2731 -2.716298E+00 -7.372830E-01 -3.323329E+00
      2732 -3.096829E+00 -8.581564E-01 -4.702914E+00
      2733 -3.813866E+00 -6.896768E-01 -7.351325E+00
      2734 -5.439189E+00  1.533285E+00 -1.434028E+01
      2858  3.824114E-01  2.564430E+00  3.888918E-01
      2859  4.967548E-02  2.597800E+00  1.922358E-01
      2860  1.773861E-02  2.726189E+00  4.510003E-01
      2861 -5.012847E-02  2.706375E+00  1.944598E-01
      2862 -3.553653E-02  2.551746E+00  2.076914E-01
      2863 -3.299907E-02  2.610868E+00  1.959722E-01
      2864  3.311566E-02  3.403081E+00 -8.527333E-02
      2865 -1.324740E-02  2.433783E+00  4.783140E-01
      2866 -3.386163E-03  2.398159E+00  4.416413E-04
      2867 -9.594144E-02  3.196940E+00  3.785730E-01
      2868 -1.719947E-02  2.433002E+00 -5.760397E-02
      2869  1.574629E-02  2.239500E+00  1.693124E-01
      2870  1.955529E-03  2.146866E+00  3.719289E-01
      2871 -3.352432E-02  2.073495E+00 -2.981679E-02
      2872  3.443141E-02  2.056150E+00  1.348833E-01
      2873  2.171283E-03  2.325437E+00  1.291213E-02
      2874 -5.870141E-02  2.607269E+00  1.727897E-01
      2875 -8.814200E-02  2.961646E+00 -4.667937E-01
      2876 -7.150059E-02  3.774991E+00 -4.473519E-01
      2877 -4.980752E-01  5.665548E+00 -1.770659E+00
      2878 -8.146223E-02  1.875486E+00 -1.803138E+00
      2879 -1.675186E-01  1.899867E+00 -1.822924E+00
      2880 -1.296866E-01  1.971738E+00 -1.866565E+00
      2881 -1.572313E-01  2.316915E+00 -1.722056E+00
      2882 -2.220529E-01  1.936134E+00 -1.793679E+00
      2883 -2.583443E-01  1.984904E+00 -1.724303E+00
      2884 -2.910743E-01  2.189964E+00 -1.686232E+00
      2885 -5.965430E-01  2.908171E+00 -1.354593E+00
      2886 -4.177545E-01  1.378898E+00 -1.859798E+00
      2887 -4.237955E-01  2.808741E+00 -1.259315E+00
      2888 -5.513023E-01  2.019466E+00 -1.509231E+00
      2889 -6.545229E-01  1.931253E+00 -1.346075E+00
      2890 -7.123782E-01  1.557819E+00 -1.376187E+00
      2891 -7.709210E-01  1.764128E+00 -1.266528E+00
      2892 -9.479124E-01  1.493344E+00 -1.384104E+00
      2893 -1.126032E+00  1.764787E+00 -1.622278E+00
      2894 -1.372513E+00  2.147586E+00 -2.047981E+00
      2895 -1.591263E+00  2.476607E+00 -2.832576E+00
      2896 -2.022144E+00  3.125329E+00 -4.652397E+00
      2897 -2.547445E+00  4.270782E+00 -8.220764E+00
      2898 -4.235754E+00  8.379543E+00 -1.774114E+01
      3400  3.422603E+00 -7.042786E-01  2.112472E+00
      3401  4.828428E+00 -1.884703E-01  2.900637E+00
      3402  8.419344E+00  2.151576E-01  3.757198E+00
      3403  2.623179E+00 -1.981253E+00  4.595446E+00
      3404  5.280627E+00 -3.452140E+00  1.006670E+01
      3405  9.698785E+00 -3.821544E+00  1.723290E+01
      3406  1.713983E+01 -3.826986E+00  2.702419E+01
      3509 -3.406669E-01 -3.123133E+00  4.882355E+00
      3510 -1.222591E+00  1.026198E+01  4.405651E+01
      3511 -1.566313E+00 -7.937972E-01 -2.895448E-01
      3512 -2.398996E+00 -3.928774E-02  7.858145E-02
      3513 -5.575484E+00  1.627025E-01  1.150996E+00
      3514 -1.000251E+00 -1.253833E+00  1.850024E+00
      3515 -2.704442E+00 -3.195810E+00  5.236817E+00
      3516 -6.342838E+00 -3.801535E+00  1.183390E+01
      3517 -1.368740E+01 -4.220576E+00  2.312969E+01
      4033  1.428535E+00 -7.227058E-01 -3.184040E-01
      4034  2.146553E+00 -3.636968E-02 -3.336862E-03
      4035  5.009198E+00  1.429963E-01  9.652293E-01
      4036  9.442882E-01 -1.162094E+00  1.762307E+00
      4037  2.456455E+00 -2.932187E+00  4.754609E+00
      4038  5.728616E+00 -3.475478E+00  1.069284E+01
      4039  1.237562E+01 -3.855606E+00  2.092667E+01
      4147  3.315775E-01 -2.933790E+00  4.594971E+00
      4148  1.183610E+00  9.301573E+00  3.999587E+01
      4149 -3.228465E+00 -6.341712E-01  2.011690E+00
      4150 -4.504416E+00 -1.677119E-01  2.733726E+00
      4151 -7.767610E+00  2.067121E-01  3.505557E+00
      4152 -2.508390E+00 -1.866958E+00  4.409811E+00
      4153 -4.945393E+00 -3.181306E+00  9.430311E+00
      4154 -8.959872E+00 -3.498976E+00  1.592262E+01
      4155 -1.568873E+01 -3.483721E+00  2.473402E+01
      4580  2.482933E+00  3.860578E+00 -8.082438E+00
      4583 -2.317582E+00  3.533655E+00 -7.244315E+00
      4585 -7.634451E-01  3.018869E+00  4.079647E+00
      4586  2.672901E-01  1.501324E+00  1.459200E+00
      4587  5.398640E-01  9.315442E-01  1.011115E+00
      4588  1.183725E-01  9.681473E-01  1.444845E+00
      4589  4.604378E-01  6.528067E-01  1.394497E+00
      4590 -1.725087E-02  6.011310E-01  1.267690E+00
      4591 -2.636727E-03  6.270213E-01  1.309182E+00
      4592 -3.569756E-03  6.629042E-01  1.373840E+00
      4593  5.064922E-03  6.916586E-01  1.425573E+00
      4594  3.381811E-03  7.493283E-01  1.542559E+00
      4595 -7.511796E-03  7.888003E-01  1.620008E+00
      4596 -8.466376E-03  8.184325E-01  1.663126E+00
      4597 -1.465630E-02  8.627357E-01  1.675993E+00
      4598  1.618928E-02  8.472790E-01  1.712512E+00
      4599 -7.518204E-03  8.328547E-01  1.687222E+00
      4600 -6.328448E-03  8.559635E-01  1.771794E+00
      4601 -7.109999E-03  8.356915E-01  1.711426E+00
      4602 -3.910222E-03  8.158522E-01  1.700532E+00
      4603  7.296286E-03  8.238929E-01  1.710778E+00
      4604 -3.016190E-03  8.533782E-01  1.735247E+00
      4605  3.878662E-03  8.503068E-01  1.738469E+00
      4606 -1.572531E-03  8.110785E-01  1.699454E+00
      4607 -3.972492E-03  8.119261E-01  1.697001E+00
      4608  4.095405E-03  8.072626E-01  1.691873E+00
      4609  2.349523E-03  8.003475E-01  1.663747E+00
      4610  5.195643E-03  7.790175E-01  1.624486E+00
      4611  1.186181E-02  8.070750E-01  1.660501E+00
      4612  1.551794E-02  7.928100E-01  1.657574E+00
      4613 -1.567204E-02  8.227544E-01  1.638007E+00
      4614  1.361338E-02  7.570502E-01  1.567667E+00
      4615 -5.936564E-03  7.279349E-01  1.482406E+00
      4616  5.592084E-03  6.611463E-01  1.373598E+00
      4617  5.811222E-04  6.388048E-01  1.322669E+00
      4618  8.965676E-04  5.961134E-01  1.248434E+00
      4619  1.748369E-02  5.551733E-01  1.178836E+00
      4620 -6.624569E-02  8.040332E-01  1.202119E+00
      4621 -4.817639E-01  6.744805E-01  1.370906E+00
      4622 -5.383414E-01  8.263324E-01  9.656532E-01
      4623 -2.829379E-01  1.350635E+00  1.349177E+00
      4624  6.936326E-01  2.739314E+00  3.715550E+00
      4625  1.266812E+00  3.391592E+00  7.077816E+00
      4626  5.909754E-01  1.761844E+00  4.339441E+00
      4627  8.713883E-01  9.595648E-01  2.505391E+00
      4628  9.652768E-01  8.146296E-01  2.074016E+00
      4629  1.654333E+00  9.756862E-01  3.018114E+00
      4630  1.565380E+00  1.015453E+00  3.167860E+00
      4631  1.382692E+00  1.122812E+00  3.332209E+00
      4632  1.214004E+00  1.208332E+00  3.530187E+00
      4633  1.058965E+00  1.272686E+00  3.685582E+00
      4634  9.541561E-01  1.349979E+00  3.911880E+00
      4635  8.394646E-01  1.399660E+00  4.168076E+00
      4636  7.422964E-01  1.443169E+00  4.275892E+00
      4637  6.303388E-01  1.409832E+00  4.311850E+00
      4638  5.218059E-01  1.286547E+00  4.382954E+00
      4639  4.473619E-01  1.501374E+00  4.435201E+00
      4640  3.619110E-01  1.491216E+00  4.456852E+00
      4641  2.682295E-01  1.446872E+00  4.502581E+00
      4642  1.853855E-01  1.470909E+00  4.393130E+00
      4643  1.245313E-01  1.462826E+00  4.346836E+00
      4644  5.844244E-02  1.491940E+00  4.376180E+00
      4645 -2.230140E-02  1.443013E+00  4.439494E+00
      4646 -1.152164E-01  1.496945E+00  4.368315E+00
      4647 -1.659075E-01  1.481838E+00  4.350570E+00
      4648 -2.500144E-01  1.460404E+00  4.334228E+00
      4649 -3.350526E-01  1.464291E+00  4.317822E+00
      4650 -4.361716E-01  1.452564E+00  4.257340E+00
      4651 -4.919791E-01  1.440421E+00  4.254368E+00
      4652 -6.088983E-01  1.427964E+00  4.312047E+00
      4653 -6.467236E-01  1.455447E+00  4.288590E+00
      4654 -8.259203E-01  1.354656E+00  4.140546E+00
      4655 -8.764380E-01  1.350050E+00  4.003188E+00
      4656 -9.935372E-01  1.285080E+00  3.753720E+00
      4657 -1.075786E+00  1.240619E+00  3.567558E+00
      4658 -1.238047E+00  1.164044E+00  3.393622E+00
      4659 -1.403057E+00  1.077866E+00  3.156581E+00
      4660 -1.585561E+00  9.729080E-01  2.951911E+00
      4661 -1.819790E+00  9.590689E-01  2.913809E+00
      4662 -8.642987E-01  7.364547E-01  1.832256E+00
      4663 -8.574709E-01  8.931411E-01  2.295671E+00
      4664 -6.023719E-01  1.616152E+00  3.958360E+00
      4665 -1.227325E+00  3.087381E+00  6.418870E+00
      4915  5.106928E-01  1.016510E+01 -1.939420E+01
      4936 -5.656048E-01  2.016798E+01  4.572478E+01
      4950 -4.747602E+00 -4.167278E-02 -1.179584E+00
      4951  2.214207E-01  1.053381E-01 -1.291946E+00
      4952 -1.130168E+01  4.133876E+00  2.138653E+01
      4953 -3.974098E+00  4.052772E+00  7.025155E+00
      4954  6.196952E-01  4.155828E+00 -1.422819E+00
      4955  1.166222E+01  2.827707E-01  5.935003E+00
      4956  4.574076E+00 -1.109535E+00  2.011589E+00
      4957 -4.762616E-01 -1.184215E+00  9.823217E-01
      4958  1.976033E+01  3.722896E+00  3.413643E+01
      4959  1.209410E+01  3.105640E+00  1.704164E+01
      4960  1.612451E+00  3.214288E+00  2.960620E+00
      4961 -5.642601E+00  2.733155E+00 -1.071466E+01
      5003 -4.641791E-01  9.099659E+00 -1.734978E+01
      5024  5.692241E-01  1.816460E+01  4.116596E+01
      5038 -1.075359E+01  2.667080E-01  5.596535E+00
      5039 -4.352639E+00 -1.020937E+00  1.964780E+00
      5040  2.587642E-01 -1.088768E+00  1.057594E+00
      5041 -1.805275E+01  3.359914E+00  3.118781E+01
      5042 -1.119677E+01  2.803857E+00  1.577488E+01
      5043 -1.664482E+00  2.918213E+00  3.039239E+00
      5044  4.843224E+00  2.486262E+00 -9.254311E+00
      5045  4.040335E+00 -4.917109E-02 -1.348647E+00
      5046 -3.843597E-01  1.052417E-01 -1.370357E+00
      5047  9.903147E+00  3.745721E+00  1.875603E+01
      5048  3.317736E+00  3.703854E+00  5.902442E+00
      5049 -6.644003E-01  3.797577E+00 -1.511040E+00
     24494  6.592982E+00  1.883719E+00 -2.430937E+01
     24495  5.904846E+00 -3.103161E+00 -1.734943E+01
     24496 -5.033571E-02 -9.617064E-01 -4.215012E+00
     24497  2.330486E-01 -2.738005E+00 -3.702223E+00
     24498  4.823478E+00 -8.889351E-01 -1.320304E+01
     24499  4.519483E+00 -2.570389E+00 -1.058738E+01
     24500  3.673865E+00 -1.245643E+00 -8.449359E+00
     24501  3.044048E+00 -1.213577E+00 -6.041219E+00
     24502  3.022009E+00 -1.846149E+00 -4.887741E+00
     24503  3.555620E+00 -2.330027E+00 -7.669922E+00
     24504  2.199653E+00 -1.739116E+00 -3.475959E+00
     24505  2.608041E+00 -4.349205E-01 -4.154458E+00
     24506  2.014417E+00 -1.284059E+00 -3.854347E+00
     24507  1.660768E+00 -1.824023E+00 -2.716192E+00
     24508  1.736906E+00 -9.887379E-01 -3.218837E+00
     24509  2.063840E+00 -1.997959E+00 -3.836510E+00
     24510  1.446817E+00 -1.024010E+00 -3.158006E+00
     24511  1.260412E+00 -9.411756E-01 -3.140079E+00
     24512  1.454846E+00 -1.885264E+00 -3.079430E+00
     24513  1.084770E+00 -9.591716E-01 -3.245419E+00
     24514  1.241955E+00 -1.892807E+00 -3.126892E+00
     24515  9.559659E-01 -1.348502E+00 -3.663734E+00
     24516  9.661099E-01 -2.346477E+00 -3.213260E+00
     24517  1.024836E+00 -2.151732E+00 -3.832730E+00
     24518  8.731431E-01 -1.352940E+00 -3.827722E+00
     24519  9.277807E-01 -2.272864E+00 -3.731471E+00
     24520  8.141499E-01 -1.026030E+00 -3.768468E+00
     24521  5.244315E-01 -1.089618E+00 -3.654511E+00
     24522  6.071445E-01 -2.242469E+00 -3.593720E+00
     24523  7.403090E-01 -1.910522E+00 -3.616838E+00
     24524  6.157190E-01 -1.437879E+00 -4.022324E+00
     24525  6.220953E-01 -2.095930E+00 -3.826225E+00
     24526  4.671175E-01 -8.287423E-01 -3.806315E+00
     24527  2.661643E-01 -2.339213E+00 -3.965555E+00
     24528  3.271894E-01 -1.924905E+00 -4.497643E+00
     24529  3.150201E-01 -1.359181E+00 -4.039362E+00
     24530  2.717507E-01 -2.339844E+00 -3.468844E+00
     24531  4.584281E-01 -2.780058E+00 -4.747670E+00
     24532  1.767747E-01 -1.235088E+00 -4.042331E+00
     24533  1.769705E-01 -2.270461E+00 -3.940812E+00
     24534  1.179556E-01 -1.206025E+00 -4.192661E+00
     25414 -8.770971E-03 -1.073182E+00 -4.140080E+00
     25415 -3.028621E-01 -2.705795E+00 -3.602789E+00
     25416 -6.108836E+00  1.879969E+00 -2.193812E+01
     25417 -5.605919E+00 -2.921617E+00 -1.503041E+01
     25418 -1.442303E-01 -1.098072E+00 -4.110629E+00
     25419 -2.314425E-01 -2.207525E+00 -3.888783E+00
     25420 -2.530619E-01 -1.080625E+00 -3.917729E+00
     25421 -3.573972E-01 -2.267728E+00 -3.814524E+00
     25422 -3.255435E-01 -1.270424E+00 -4.002678E+00
     25423 -3.367688E-01 -2.321429E+00 -4.385987E+00
     25424 -5.202163E-01 -2.189623E+00 -3.716645E+00
     25425 -4.207749E-01 -1.074351E+00 -3.791955E+00
     25426 -5.412374E-01 -1.127235E+00 -3.779826E+00
     25427 -6.535479E-01 -2.225989E+00 -3.718575E+00
     25428 -8.374092E-01 -2.408005E+00 -3.387737E+00
     25429 -6.704031E-01 -1.195453E+00 -3.793131E+00
     25430 -7.472719E-01 -1.525644E+00 -4.137766E+00
     25431 -1.149939E+00 -2.013685E+00 -3.148550E+00
     25432 -8.034782E-01 -6.276200E-01 -3.490512E+00
     25433 -6.417747E-01 -2.130273E+00 -4.208643E+00
     25434 -9.319289E-01 -1.537167E+00 -3.952522E+00
     25435 -9.916460E-01 -1.116183E+00 -3.400451E+00
     25436 -1.126660E+00 -1.985872E+00 -2.842240E+00
     25437 -9.488328E-01 -2.346578E+00 -4.074192E+00
     25438 -1.136415E+00 -1.073513E+00 -3.248066E+00
     25439 -1.304340E+00 -8.812629E-01 -2.979389E+00
     25440 -1.251198E+00 -1.892407E+00 -3.074598E+00
     25441 -1.452856E+00 -1.001470E+00 -3.007907E+00
     25442 -1.637277E+00 -1.707443E+00 -2.524030E+00
     25443 -1.492016E+00 -1.847243E+00 -3.316836E+00
     25444 -1.738639E+00 -8.233405E-01 -2.946672E+00
     25445 -2.007864E+00 -1.689770E+00 -3.075054E+00
     25446 -2.062277E+00 -8.006446E-01 -3.302544E+00
     25447 -2.327863E+00 -1.819375E+00 -3.588879E+00
     25448 -2.470185E+00 -9.718401E-01 -4.032405E+00
     25449 -2.868061E+00 -1.000573E+00 -5.314884E+00
     25450 -3.299946E+00 -2.023327E+00 -5.723382E+00
     25451 -2.800506E+00 -1.883713E+00 -5.028984E+00
     25452 -3.592424E+00 -9.421989E-01 -7.651328E+00
     25453 -4.237893E+00 -2.364866E+00 -9.283490E+00
     25454 -4.692009E+00 -6.829536E-01 -1.202042E+01
     28582 -4.744386E-01  1.588784E+00 -1.815693E-01
     28583 -1.560227E-01  7.005037E-01  7.296231E-01
     28584 -3.105510E-01  4.798939E-01 -1.350552E-01
     28585 -1.056551E+00  7.980292E-01 -5.140432E-01
     28586 -8.782524E-01 -1.012204E+01  4.225073E+01
     28587 -1.448528E+00 -1.054835E+01  3.970049E+01
     28588  6.841862E-01 -7.476032E+00  3.451676E+01
     28589 -6.721808E-01 -4.064157E+00  5.831454E+00
     28590 -3.333214E-01 -4.558914E+00  8.361070E+00
     28591 -1.183538E+00 -5.432357E+00  6.393088E+00
     28592  1.924964E-01 -4.052546E+00  4.631296E+00
     28593 -3.107772E+00 -8.078125E+00  3.319043E+01
     28594  1.399423E-01 -5.778878E+00  1.152033E+01
     28595 -1.230756E+00 -6.719251E+00  1.347777E+01
     28596 -6.993138E-01 -5.620698E+00  7.570633E+00
     28597 -1.130459E+00 -5.999657E+00  8.266914E+00
     28598  4.785284E-01 -6.683263E+00  2.070833E+01
     28599 -9.865357E-01 -7.913452E+00  2.322335E+01
     28600 -7.907821E-01 -6.717788E+00  1.592834E+01
     28601 -1.545531E-01 -6.150353E+00  1.093810E+01
     28602 -1.781407E+00 -7.299367E+00  1.771761E+01
     28603 -1.002074E+00 -6.905516E+00  2.887005E+01
     28604 -1.534898E-01 -7.145164E+00  2.143302E+01
     32020  1.460695E-01  6.408922E-01  6.594650E-01
     32021  4.138835E-01  1.429625E+00 -1.667199E-01
     32022  2.767588E-01  4.349826E-01 -1.344899E-01
     32023  9.595424E-01  7.232034E-01 -4.790793E-01
     32024  3.274582E-01 -4.273048E+00  7.944645E+00
     32025  6.545843E-01 -3.793240E+00  5.499794E+00
     32026 -1.266983E-01 -3.746374E+00  4.403384E+00
     32027  1.387885E+00 -9.585761E+00  3.602859E+01
     32028  8.631034E-01 -9.215312E+00  3.852151E+01
     32029  2.878439E+00 -7.396824E+00  3.013726E+01
     32030  1.088299E+00 -5.087867E+00  6.088377E+00
     32031 -5.612086E-01 -6.789825E+00  3.155812E+01
     32032  1.066099E+00 -5.526993E+00  7.627247E+00
     32033  2.028280E-01 -5.639803E+00  1.004750E+01
     32034  6.864182E-01 -5.185313E+00  7.143881E+00
     32035 -9.368391E-02 -5.327004E+00  1.080030E+01
     32036  1.659617E+00 -6.692824E+00  1.614681E+01
     32037  2.095673E-01 -6.525947E+00  1.951125E+01
     32038  7.738899E-01 -6.162488E+00  1.468421E+01
     32039  1.153959E+00 -6.197800E+00  1.253195E+01
     32040 -3.920954E-01 -6.118902E+00  1.910353E+01
     32041  9.822678E-01 -6.316861E+00  2.637513E+01
     32042  9.316249E-01 -7.263115E+00  2.134097E+01
     34898 -2.432590E-01  4.227908E-01 -1.546416E-01
     34899  2.194303E-01  3.845753E-01 -1.518942E-01
     34900  5.335912E-02  1.199732E-01  9.677078E-02
     34901 -6.442081E-02  1.247750E-01  1.126951E-01
     34902  4.263365E-02  6.485241E-02  8.639899E-02
     34903 -4.913191E-02  6.559976E-02  9.919704E-02
     34904 -3.849221E-02  4.155540E-02  5.692114E-02
     34905  2.978287E-02  4.631129E-02  6.287090E-02
     34906  5.468083E+00  2.533568E+00 -1.084829E+01
     34907  4.177946E+00  1.302335E+00 -5.076180E-01
     34908  4.074474E+00  5.463876E-01 -6.542883E+00
     34909 -1.352895E-01 -3.779938E-01  2.626412E+00
     34910  2.164005E-01 -4.379368E-01  2.708344E+00
     34911  3.045916E-02 -3.412337E-01  2.629239E+00
     34912 -3.186291E-01 -4.229664E-01  2.726365E+00
     34913 -3.911320E+00  1.211566E+00 -4.606661E-01
     34914 -5.064427E+00  2.376918E+00 -9.794434E+00
     34915 -3.848773E+00  4.926116E-01 -5.902635E+00
     34916  3.124248E+00  2.042476E-01  4.443644E+00
     34917 -2.983739E+00  2.295088E-01  4.032857E+00
     34918  3.018311E+00 -1.176275E+00 -3.130504E+00
     34919  3.328944E+00 -7.697099E-01 -3.646206E+00
     34920  2.253911E+00 -2.298833E+00 -6.806564E-01
     34921  1.759984E+00 -6.564689E-01  3.379028E+00
     34922  2.712428E+00 -1.055761E+00 -1.840873E+00
     34923  2.836820E+00 -1.102850E+00 -2.300283E+00
     34924  2.108039E+00 -1.943004E+00  3.141170E-01
     34925  1.888085E+00 -4.013874E-01  3.281446E+00
     34926  1.990005E+00 -6.969748E-01  1.976867E+00
     34927  2.497670E+00 -7.903899E-01 -9.195838E-01
     34928  2.436582E+00 -8.982258E-01 -1.400051E+00
     34929  1.927923E+00 -9.914769E-01  4.566714E-01
     34930  2.064692E+00 -3.110474E-01  2.194123E+00
     34931  1.971677E+00 -4.689029E-01  1.679132E+00
     34932  2.431607E+00 -5.842705E-01  5.520543E-01
     34933  3.752632E+00 -7.240633E-01  1.264342E+00
     34934  2.179971E+00  2.506397E-02  2.080945E+00
     34935  3.145207E+00 -4.982851E-01  1.553389E+00
     34936  3.367661E+00 -7.299778E-01  1.594137E+00
     34937  2.783935E+00 -3.430165E-01  1.856027E+00
     34938  3.052895E+00 -5.435525E-01  1.898469E+00
     34939  2.412869E+00 -2.168232E-01  2.069961E+00
     34940  2.690136E+00 -4.105235E-01  2.113070E+00
     34941  2.081092E+00 -1.612180E-01  2.261215E+00
     34942  2.380583E+00 -3.580926E-01  2.252838E+00
     34943  2.153361E+00 -3.673104E-01  2.403616E+00
     34944  1.808656E+00 -1.701225E-01  2.366387E+00
     34945  1.962360E+00 -5.329494E-01  2.561655E+00
     34946  1.555348E+00 -2.689198E-01  2.505664E+00
     34947  1.765338E+00 -5.336369E-01  2.586711E+00
     34948  1.320130E+00 -3.454154E-01  2.672428E+00
     34949  1.549663E+00 -4.378066E-01  2.632675E+00
     34950  1.178659E+00 -2.548371E-01  2.728167E+00
     34951  1.361279E+00 -7.397973E-01  2.780107E+00
     34952  9.657414E-01 -4.252737E-01  2.734345E+00
     34953  1.267769E+00 -6.188359E-01  2.672679E+00
     34954  7.934101E-01 -7.440511E-01  2.873030E+00
     34955  1.026274E+00 -3.572188E-01  2.737919E+00
     34956  6.365375E-01 -2.482305E-01  2.742610E+00
     34957  8.747181E-01 -7.308664E-01  2.703527E+00
     34958  4.079442E-01 -5.529760E-01  2.736195E+00
     34959  7.058159E-01 -5.421754E-01  2.659687E+00
     34960  2.409916E-01 -5.190654E-01  2.804247E+00
     34961  5.239294E-01 -4.327722E-01  2.584654E+00
     34962  9.512967E-02 -3.966770E-01  2.672069E+00
     34963  3.413000E-01 -3.626175E-01  2.599710E+00
     34964 -1.670975E-02 -3.512051E-01  2.640482E+00
     34965 -4.413249E-01 -3.377712E-01  2.620249E+00
     34966 -7.860970E-02 -2.882572E-01  2.648562E+00
     34967 -2.280642E-01 -3.345121E-01  2.641177E+00
     34968 -6.211305E-01 -3.655516E-01  2.618644E+00
     34969 -7.819064E-01 -4.294161E-01  2.598581E+00
     34970 -3.807863E-01 -3.555589E-01  2.639759E+00
     34971 -5.735927E-01 -2.829714E-01  2.643410E+00
     34972 -9.542698E-01 -3.727738E-01  2.623613E+00
     34973 -7.399259E-01 -2.979361E-01  2.631929E+00
     34974 -1.149772E+00 -3.734059E-01  2.580441E+00
     34975 -1.311536E+00 -4.621082E-01  2.582361E+00
     34976 -9.042454E-01 -3.650600E-01  2.722252E+00
     34977 -1.068238E+00 -4.091785E-01  2.605450E+00
     34978 -1.526598E+00 -6.064371E-01  2.596637E+00
     34979 -1.340295E+00 -2.602568E-01  2.696367E+00
     34980 -1.619373E+00 -3.337486E-01  2.655379E+00
     34981 -1.420777E+00 -3.717520E-01  2.519255E+00
     34982 -1.872843E+00 -5.925767E-01  2.470603E+00
     34983 -1.642488E+00 -2.430163E-01  2.410579E+00
     34984 -2.014182E+00 -4.658058E-01  2.448380E+00
     34985 -1.844689E+00 -1.752652E-01  2.277382E+00
     34986 -2.212295E+00 -4.109245E-01  2.296590E+00
     34987 -2.124809E+00 -1.373857E-01  2.193187E+00
     34988 -2.411307E+00 -3.579720E-01  2.199865E+00
     34989 -2.447078E+00 -1.787871E-01  1.983335E+00
     34990 -2.713196E+00 -3.850833E-01  2.053007E+00
     34991 -2.834132E+00 -2.588986E-01  1.711947E+00
     34992 -3.063236E+00 -4.318914E-01  1.828472E+00
     34993 -2.946353E+00 -2.598964E-01  1.825725E+00
     34994 -3.387045E+00 -5.696001E-01  1.588079E+00
     34995 -2.588363E+00 -6.772704E-01  2.166598E-01
     34996 -3.847682E+00 -7.849361E-01  1.163235E+00
     34997 -2.361159E+00 -7.459364E-01 -1.233775E+00
     34998 -2.288870E+00 -6.922961E-01 -8.798457E-01
     34999 -1.915200E+00 -8.078322E-02  1.809571E+00
     35000 -2.715223E+00 -9.573141E-01 -2.064844E+00
     35001 -2.609179E+00 -9.275444E-01 -1.658157E+00
     35002 -1.841754E+00 -8.790313E-01  3.767297E-01
     35003 -2.009420E+00 -2.436942E-01  1.994523E+00
     35004 -1.848473E+00 -3.746378E-01  1.548762E+00
     35005 -3.155082E+00 -6.863060E-01 -3.284047E+00
     35006 -2.877411E+00 -1.090556E+00 -2.839415E+00
     35007 -2.008497E+00 -1.718115E+00  2.635262E-01
     35008 -1.842638E+00 -3.378647E-01  2.997769E+00
     35009 -1.931807E+00 -6.246387E-01  1.811301E+00
     35010 -2.151246E+00 -2.016584E+00 -6.231987E-01
     35011 -1.738842E+00 -6.082565E-01  3.083337E+00
     35658 -5.741742E-02  1.475393E+00 -8.321653E-01
     35659 -1.207749E-01  1.120560E+00  7.136800E-01
     35660  2.379309E-01  1.152958E-01  1.005733E-01
     35661  7.048835E-01 -5.178386E-01  3.081886E-01
     35662  7.076110E-02  4.956392E-01  2.279768E-01
     35663  1.336453E+00  2.497904E+00 -8.455936E+00
     35664  1.000148E+00  1.856880E+00 -1.735896E+01
     35665  1.061697E+00  4.022665E+00 -5.446900E+00
     35666  1.069427E+00  2.756052E+00 -7.359325E+00
     35667  9.969956E-01  2.545423E+00 -6.797070E+00
     35668 -2.242762E-01  3.457666E+00 -2.166798E+01
     35669 -1.121549E+00  8.412021E+00  2.108593E+00
     35670 -1.424676E+00  7.811995E+00 -4.159312E+00
     35671 -1.729358E+00  8.627832E+00 -6.213562E+00
     35672 -8.547165E-01  7.183091E+00 -2.987641E-01
     35673 -7.867202E-01  5.714900E+00 -6.595392E+00
     35674 -1.734374E+00  4.470845E+00 -1.156679E+01
     35675 -1.344800E+00  7.692971E+00  5.371738E+01
     35676 -2.085136E+00  7.426305E+00  4.591707E+01
     35677 -3.395582E+00  8.407583E+00  3.263402E+01
     35678  6.288600E-01  8.262014E+00  3.977482E+01
     35679  5.130188E-01  8.892286E+00  1.705513E+01
     35680 -2.568662E+00  7.892795E+00  1.083339E+01
     35681 -1.498180E+00  8.527206E+00  2.783992E+01
     35682 -6.710358E+00  7.018986E+00  2.110162E+01
     35683 -2.420649E+00  8.764962E+00  9.365661E+00
     35684 -7.307167E-01  7.964225E+00  1.703655E+01
     35685 -2.060011E+00  7.969488E+00  5.686436E+00
     36115  3.075825E-03  1.320150E+00 -7.476623E-01
     36116  2.451759E-02  1.015444E+00  6.492079E-01
     36117 -2.394858E-01  1.004500E-01  9.410996E-02
     36118 -6.518613E-01 -4.746635E-01  2.858316E-01
     36119 -8.219196E-02  4.432272E-01  1.982235E-01
     36120 -9.218484E-01  1.670432E+00 -1.551785E+01
     36121 -1.209896E+00  2.260310E+00 -7.565394E+00
     36122 -9.902049E-01  2.514606E+00 -6.560206E+00
     36123 -9.834667E-01  3.671470E+00 -4.820714E+00
     36124 -9.170300E-01  2.325955E+00 -5.995020E+00
     36125  2.175641E-01  3.104658E+00 -1.918337E+01
     36126  1.672176E+00  7.863609E+00 -5.501297E+00
     36127  8.355168E-01  6.542739E+00  9.432753E-02
     36128  1.355531E+00  7.115826E+00 -3.856910E+00
     36129  7.416204E-01  5.199204E+00 -5.782440E+00
     36130  1.073843E+00  7.680622E+00  1.722981E+00
     36131  1.573596E+00  4.051345E+00 -1.007436E+01
     36132  1.991740E+00  6.710995E+00  4.100160E+01
     36133  1.333670E+00  6.933749E+00  4.863639E+01
     36134 -4.572923E-01  7.511657E+00  3.611377E+01
     36135  3.137954E+00  7.581131E+00  2.899820E+01
     36136  6.281478E+00  6.305869E+00  1.918743E+01
     36137  8.118470E-01  7.221680E+00  1.565323E+01
     36138  1.488296E+00  7.719232E+00  2.509606E+01
     36139 -2.685931E-01  8.101188E+00  1.510002E+01
     36140  1.957652E+00  7.232565E+00  5.400631E+00
     36141  2.415424E+00  7.965022E+00  8.546591E+00
     36142  2.408784E+00  7.168801E+00  9.459801E+00

 total force (fx,fy,fz) for set FEET and time  0.4000000E+01

       -8.736949E-10  3.000000E+02  1.200000E+03

                        S T E P       5


                                INCREMENT     1


 displacements (vx,vy,vz) for set TOP and time  0.5000000E+01

     17968 -1.974222E-02  3.342469E-01 -3.065412E-01
     18013 -9.977184E-03  4.207997E-01 -3.603856E-01
     18450 -4.293816E-04  4.517208E-01 -3.799452E-01
     21878  8.193310E-03  4.515251E-01 -3.800980E-01
     23067  1.810155E-02  3.236836E-01 -2.930856E-01

 forces (fx,fy,fz) for set FEET and time  0.5000000E+01

       151  6.194606E-03  4.699336E-02 -1.696935E-01
       155  1.112623E-01  2.175718E+00 -6.472886E-02
       156 -5.084633E-03 -7.264517E-03 -4.539296E-02
       160  3.194119E-03  5.046542E-02 -2.049402E-01
       161 -1.332670E-02 -4.751384E-02  9.218904E-03
       165 -1.714842E-01  1.896044E+00  7.052914E-02
       194  1.748598E+01  1.037313E+01  1.829944E+01
       195  2.494986E+00 -2.188357E+00  2.410604E+00
       196 -1.956275E+00 -1.292425E+00  2.159914E+00
       197 -1.614397E+01  7.408232E+00  1.440471E+01
       221  1.774401E+00 -1.150712E+00  1.975224E+00
       222  1.472363E+01  6.652365E+00  1.300196E+01
       225 -2.320324E+00 -2.051905E+00  2.224734E+00
       226 -1.609852E+01  9.650223E+00  1.696342E+01
       234  9.033925E-01 -8.227177E-01 -1.790875E+00
       236 -8.591323E-01 -7.265951E-01 -1.636202E+00
       242 -1.073831E+00  9.388439E-01 -6.587236E-01
       245  3.033904E+00 -1.359785E+00 -3.035499E+00
       246 -4.904780E+00 -3.419793E+00 -6.234935E+00
       253  9.046212E-01  7.961022E-01 -5.285497E-01
       254  4.441725E+00 -3.082841E+00 -5.630439E+00
       255 -2.791665E+00 -1.276357E+00 -2.803652E+00
      2448  1.875091E-02 -7.317389E-01 -7.467586E+00
      2464  4.845415E-03  1.449578E-01 -8.581092E-01
      2473 -5.930142E-01  2.757885E-01 -2.654032E-01
      2474  3.592514E-02  7.132896E-01 -3.463923E-01
      2475  3.540846E-02  4.752877E-01  7.332949E-03
      2476  3.506203E-02  1.924352E-01  1.683306E-01
      2477  1.726139E-01  1.934849E-01  1.916642E-01
      2478  3.705124E-02 -4.484772E-02  3.258266E-01
      2479  6.334654E-02 -1.636289E-02  4.158859E-01
      2480  2.215944E-02 -3.449323E-02  2.986453E-01
      2481  1.901054E-02 -2.193262E-02  2.180474E-01
      2482  1.891090E-02 -2.494235E-02  1.329974E-01
      2483  2.644825E-02  1.381533E-03  1.524462E-01
      2484  2.147988E-02 -1.108197E-02  4.928380E-02
      2485  1.817970E-02 -1.575488E-01  5.717229E-02
      2486  3.293241E-02  2.475451E-03  6.884411E-02
      2487  2.866781E-02 -1.941662E-02  4.682407E-03
      2488  1.891392E-02 -3.323141E-03  1.515054E-02
      2489  2.736887E-04 -1.289280E-02  1.970778E-02
      2490  2.631737E-04  1.920505E-03 -1.083554E-02
      2491 -6.565198E-03 -3.841538E-03 -3.449678E-02
      2492 -1.691493E-02 -8.634242E-02  2.550999E-02
      2493  1.276813E+00 -1.341969E+00 -9.355376E+00
      2494  2.493124E+00 -6.278384E-01 -8.724907E+00
      2495  3.270205E+00 -3.546376E-01 -6.797002E+00
      2496  3.275949E+00 -1.844520E-01 -4.019316E+00
      2497  4.143941E+00 -4.661933E-01 -3.209798E+00
      2498  3.316193E+00  6.959080E-02 -1.570962E+00
      2499  2.581621E+00  1.576327E-01 -5.286746E-01
      2500  2.055435E+00  2.006180E-01 -1.144134E-01
      2501  1.642461E+00  1.702425E-01 -2.155522E-02
      2502  1.365673E+00  1.496301E-01 -1.211850E-01
      2503  1.169118E+00  2.086608E-01 -2.967444E-01
      2504  1.038540E+00  1.601789E-01 -4.369173E-01
      2505  9.553407E-01  7.190733E-02 -5.707528E-01
      2506  8.685169E-01  4.461343E-02 -6.422347E-01
      2507  7.262810E-01  5.005421E-02 -6.317279E-01
      2508  6.120767E-01 -3.531417E-03 -6.628205E-01
      2509  4.507975E-01  9.065116E-02 -6.768793E-01
      2510  2.739681E-01  3.008518E-02 -7.926931E-01
      2511  1.647076E-01 -4.040189E-03 -9.077435E-01
      2512  7.765510E-02 -3.435564E-02 -1.037263E+00
      2513  3.330249E-02 -5.046313E-02 -1.111018E+00
      2637 -3.630329E-01  2.756259E+00 -1.174660E+00
      2638 -9.127114E-03  2.058206E+00 -1.344242E+00
      2639  3.086218E-02  4.894090E-01 -6.423070E-01
      2640  4.390847E-02  3.019295E-01 -3.430990E-01
      2641  9.724175E-03 -3.264855E-01 -2.117354E-01
      2642  8.097553E-02 -1.047920E+00 -1.695169E-01
      2643  8.639134E-03 -7.675269E-01  2.888633E-02
      2644  6.232156E-03 -6.927442E-01 -5.870287E-02
      2645 -1.128965E-02 -5.245035E-01 -7.091500E-02
      2646 -1.060770E-02 -4.925773E-01 -1.322560E-01
      2647  1.944016E-02 -4.579715E-01 -7.472107E-02
      2648  9.318756E-03 -2.562203E-01 -1.175877E-01
      2649  1.253342E-02  2.111100E-02 -7.343609E-02
      2650  2.903599E-02 -4.710142E-01 -9.917116E-02
      2651 -9.751980E-03 -3.571312E-02 -1.155368E-01
      2652 -1.756853E-02 -9.652421E-02 -1.259477E-01
      2653  2.223954E-02 -2.389215E-01 -1.128169E-01
      2654 -2.224518E-03 -4.420644E-02 -1.268440E-01
      2655  3.774154E-03 -2.524530E-03 -1.443698E-01
      2656  3.706907E-02  6.856923E-02 -2.367867E-01
      2657  2.683363E-01  3.760789E+00 -6.380738E+00
      2658  1.523693E+00  3.786158E+00 -7.462701E+00
      2659  2.125690E+00  2.452878E+00 -5.895395E+00
      2660  2.255402E+00  9.284356E-01 -3.951075E+00
      2661  1.660172E+00  4.545444E-01 -1.684598E+00
      2662  1.309986E+00 -5.348684E-01 -6.501645E-01
      2663  1.046708E+00 -5.627616E-01  8.153015E-03
      2664  7.814835E-01 -5.563682E-01  2.408683E-01
      2665  6.087944E-01 -4.112660E-01  2.262282E-01
      2666  4.900029E-01 -2.924597E-01  8.256735E-02
      2667  4.482710E-01 -3.611927E-01 -1.196847E-01
      2668  4.230961E-01 -2.207870E-01 -2.692922E-01
      2669  3.637290E-01 -1.349725E-03 -3.241021E-01
      2670  3.055360E-01  9.725438E-02 -3.744697E-01
      2671  3.136195E-01  3.374019E-02 -4.088748E-01
      2672  2.248202E-01  9.790160E-02 -3.633474E-01
      2673  1.690150E-01 -1.247959E-01 -4.869274E-01
      2674  1.189770E-01  4.139682E-02 -4.790194E-01
      2675  5.875723E-02  1.045380E-01 -5.655724E-01
      2676  1.727701E-02  1.723563E-01 -6.409815E-01
      2677  6.202070E-03  2.316476E-01 -6.918345E-01
      2685 -2.746805E-02 -5.169631E-01 -6.996082E+00
      2694  1.194684E-02 -9.075597E-02  1.591821E-02
      2695  6.019488E-04 -7.425096E-03 -3.979660E-02
      2696  1.008091E-03 -9.961238E-03 -1.768507E-02
      2697 -4.157611E-03 -3.188504E-03 -1.817224E-02
      2698 -1.196541E-02 -5.332961E-03 -1.290483E-02
      2699 -2.013624E-02 -4.967040E-03 -3.858290E-03
      2700 -2.963840E-02  8.480594E-04  1.682877E-02
      2701 -3.556025E-02 -9.449482E-03  1.826341E-02
      2702 -4.427644E-02 -4.672597E-03  6.138576E-02
      2703 -2.993608E-02 -1.768591E-02  6.321884E-02
      2704 -3.629484E-02 -2.882547E-03  1.560151E-01
      2705 -3.507119E-02 -1.773785E-02  2.026956E-01
      2706 -2.584221E-02 -4.538890E-02  2.057992E-01
      2707 -7.271531E-02 -1.304784E-02  3.411187E-01
      2708 -5.932982E-02  1.637912E-03  3.001366E-01
      2709 -6.410676E-02  1.491333E-01  2.446964E-01
      2710 -8.882324E-03  2.342573E-01  1.389483E-01
      2711 -1.015558E-01  4.663060E-01 -2.846173E-01
      2712  4.074630E-02  6.292738E-01 -6.240159E-01
      2713  6.902296E-01  1.892418E-01 -2.575472E-01
      2714 -1.128043E-02 -4.211377E-02 -1.083582E+00
      2715 -5.452894E-02 -1.831241E-02 -1.037853E+00
      2716 -1.387430E-01 -2.668539E-02 -9.268878E-01
      2717 -2.751804E-01 -3.914970E-03 -7.747976E-01
      2718 -4.290452E-01 -9.149746E-03 -6.690999E-01
      2719 -5.922501E-01  5.032390E-03 -5.938593E-01
      2720 -7.499748E-01  2.595888E-02 -5.482699E-01
      2721 -8.909447E-01  8.915841E-02 -5.041190E-01
      2722 -1.041203E+00  1.056895E-02 -4.909079E-01
      2723 -1.154521E+00  1.321249E-01 -4.202396E-01
      2724 -1.301943E+00  1.165712E-01 -3.399791E-01
      2725 -1.466235E+00  1.506752E-01 -2.535126E-01
      2726 -1.712946E+00  1.265219E-01 -1.954567E-01
      2727 -2.088858E+00  1.702570E-01 -2.540322E-01
      2728 -2.566766E+00  7.756445E-02 -6.379370E-01
      2729 -3.251271E+00 -3.950931E-02 -1.492433E+00
      2730 -3.884571E+00 -2.832326E-01 -2.976847E+00
      2731 -3.130683E+00 -1.786348E-01 -4.009073E+00
      2732 -3.170433E+00 -3.849897E-01 -5.894850E+00
      2733 -2.581872E+00 -6.729763E-01 -7.773177E+00
      2734 -1.442651E+00 -1.351735E+00 -8.636191E+00
      2858 -2.604087E-02  9.109391E-02 -2.090503E-01
      2859  6.146763E-03  3.994070E-02 -1.497433E-01
      2860  1.577904E-04 -2.523638E-03 -1.166449E-01
      2861  1.669666E-03 -9.537705E-03 -1.042387E-01
      2862 -1.374642E-03 -6.111975E-03 -9.348368E-02
      2863 -3.178668E-03 -3.002468E-02 -9.161736E-02
      2864 -3.097818E-02 -1.333757E-01 -8.126850E-02
      2865  1.449856E-02 -9.152772E-02 -1.177132E-01
      2866 -1.179771E-03 -1.216182E-01 -9.580040E-02
      2867 -3.543648E-03 -3.537050E-01 -1.143515E-01
      2868 -5.114954E-03 -3.472868E-01 -5.436159E-02
      2869  1.039097E-02 -4.507314E-01 -8.204672E-02
      2870 -2.240616E-04 -5.755372E-01 -1.233514E-01
      2871 -2.311837E-03 -6.274889E-01  7.437430E-04
      2872  3.708526E-03 -5.724829E-01 -7.549495E-02
      2873 -5.298272E-02 -4.702322E-01 -1.127144E-01
      2874 -2.357457E-02 -6.856182E-02 -3.760487E-01
      2875 -8.610794E-02  9.925583E-01 -8.652184E-01
      2876 -2.020549E-02  1.940156E+00 -1.060884E+00
      2877  2.998084E-01  2.535016E+00 -9.315228E-01
      2878 -3.268467E-03  2.212991E-01 -7.105993E-01
      2879 -1.046238E-02  1.951447E-01 -6.538696E-01
      2880 -5.414830E-02  1.606279E-01 -5.539404E-01
      2881 -9.992693E-02  9.633220E-02 -4.918602E-01
      2882 -1.574482E-01  1.011927E-01 -4.089456E-01
      2883 -2.280088E-01  8.064157E-02 -3.656441E-01
      2884 -2.989898E-01  4.844737E-02 -3.422314E-01
      2885 -3.608727E-01 -6.194266E-02 -3.620685E-01
      2886 -3.789779E-01  4.422338E-02 -2.747175E-01
      2887 -5.009288E-01 -1.726610E-01 -2.753019E-01
      2888 -4.936006E-01 -1.569812E-01 -1.577828E-01
      2889 -5.640721E-01 -2.779967E-01 -2.950635E-02
      2890 -6.450637E-01 -3.155812E-01  1.125487E-01
      2891 -7.961824E-01 -4.571018E-01  1.019525E-01
      2892 -1.010005E+00 -3.571745E-01 -6.462096E-02
      2893 -1.357923E+00 -2.599338E-01 -6.189000E-01
      2894 -1.718399E+00  1.281350E-01 -1.751917E+00
      2895 -1.949483E+00  1.104247E+00 -3.231061E+00
      2896 -2.019901E+00  2.336666E+00 -5.612660E+00
      2897 -1.465293E+00  3.264242E+00 -6.996752E+00
      2898 -2.650390E-01  3.243575E+00 -5.829911E+00
      3400  9.015616E+00 -9.569382E-01  5.349719E+00
      3401  1.067390E+01 -1.654224E-01  6.500763E+00
      3402  1.643913E+01  6.050358E-01  7.702824E+00
      3403  8.634907E+00 -5.713178E+00  1.590210E+01
      3404  1.323003E+01 -7.759535E+00  2.517399E+01
      3405  2.024244E+01 -7.754248E+00  3.598541E+01
      3406  3.170824E+01 -7.184054E+00  5.005302E+01
      3509 -7.475240E-01 -9.905946E+00  1.590295E+01
      3510 -2.594425E+00  1.678231E+01  7.486618E+01
      3511 -4.999779E+00 -1.242511E+00  3.100303E-02
      3512 -5.381481E+00  4.581077E-03  3.005838E-01
      3513 -1.020882E+01  3.137518E-01  1.839176E+00
      3514 -5.203310E+00 -4.132070E+00  1.016425E+01
      3515 -7.554767E+00 -7.167630E+00  1.465741E+01
      3516 -1.291824E+01 -7.658989E+00  2.416195E+01
      3517 -2.422877E+01 -7.924384E+00  4.114411E+01
      4033  4.439925E+00 -1.153142E+00 -2.124909E-01
      4034  4.722550E+00 -3.388666E-03 -1.162077E-02
      4035  9.108095E+00  2.674123E-01  1.399131E+00
      4036  4.652288E+00 -3.730341E+00  9.120016E+00
      4037  6.717516E+00 -6.555326E+00  1.302340E+01
      4038  1.157619E+01 -7.018970E+00  2.166568E+01
      4039  2.194770E+01 -7.293123E+00  3.730838E+01
      4147  7.557206E-01 -9.109081E+00  1.462417E+01
      4148  2.616349E+00  1.537795E+01  6.861503E+01
      4149 -8.478385E+00 -8.749894E-01  5.120245E+00
      4150 -1.005126E+01 -1.504125E-01  6.214323E+00
      4151 -1.537153E+01  5.792654E-01  7.312969E+00
      4152 -8.078782E+00 -5.319025E+00  1.486291E+01
      4153 -1.237555E+01 -7.148076E+00  2.356312E+01
      4154 -1.885112E+01 -7.122063E+00  3.352095E+01
      4155 -2.934602E+01 -6.565739E+00  4.631090E+01
      4580  1.484629E+00 -1.828354E+00 -8.342342E+00
      4583 -1.410298E+00 -1.617679E+00 -7.527844E+00
      4585  5.101807E-01  2.821561E-01  1.712059E-01
      4586  2.552192E-01  1.022230E+00 -1.918525E-02
      4587  2.859048E-01  4.056960E-01 -2.841496E-01
      4588 -8.017284E-02 -4.824702E-01 -4.205010E-01
      4589  2.577367E-01 -3.675489E-01 -6.854149E-01
      4590 -5.643079E-03 -4.291871E-01 -7.693514E-01
      4591  5.878438E-03 -3.667899E-01 -6.875428E-01
      4592  1.076628E-02 -2.973726E-01 -5.637325E-01
      4593  7.189747E-03 -2.262214E-01 -4.225528E-01
      4594  3.364267E-03 -1.725667E-01 -3.087496E-01
      4595 -1.725209E-03 -1.332282E-01 -2.217391E-01
      4596 -5.132386E-03 -9.913486E-02 -1.446466E-01
      4597 -8.709911E-03 -9.129580E-02 -1.154361E-01
      4598 -1.325178E-02 -7.688224E-02 -9.789947E-02
      4599 -8.837797E-03 -6.957309E-02 -8.688298E-02
      4600 -6.572306E-03 -7.000432E-02 -9.544689E-02
      4601 -2.172292E-03 -6.248457E-02 -7.677374E-02
      4602 -1.810212E-04 -5.199832E-02 -5.553420E-02
      4603 -5.857584E-04 -4.611494E-02 -3.793199E-02
      4604  7.828584E-04 -4.490343E-02 -2.689835E-02
      4605  7.598328E-04 -4.199380E-02 -2.246885E-02
      4606  1.206225E-03 -3.692730E-02 -2.080423E-02
      4607  2.417335E-03 -3.975140E-02 -3.081110E-02
      4608  3.686915E-03 -4.273221E-02 -4.188716E-02
      4609  6.380903E-03 -4.434315E-02 -4.566352E-02
      4610  7.960884E-03 -4.521902E-02 -4.795727E-02
      4611  8.974428E-03 -5.252692E-02 -5.866867E-02
      4612  7.381373E-03 -5.990350E-02 -7.582186E-02
      4613  1.100403E-02 -8.283657E-02 -1.102645E-01
      4614  2.380344E-03 -1.042372E-01 -1.629516E-01
      4615  2.725075E-03 -1.398686E-01 -2.370637E-01
      4616 -6.475341E-03 -1.876399E-01 -3.408441E-01
      4617 -7.224839E-03 -2.572197E-01 -4.768215E-01
      4618 -1.410139E-03 -3.214648E-01 -5.951878E-01
      4619  4.337049E-03 -3.718148E-01 -6.682199E-01
      4620 -2.862035E-02 -5.559928E-01 -6.547749E-01
      4621 -1.690932E-01 -9.611231E-02 -3.828412E-01
      4622 -2.809954E-01  3.774487E-01 -2.690808E-01
      4623 -2.705761E-01  9.235976E-01 -9.193712E-03
      4624 -4.669129E-01  2.507673E-01  1.596483E-01
      4625  2.210466E+00 -2.678012E+00 -5.165838E+00
      4626  1.125128E+00 -5.296348E-01 -5.343455E-01
      4627  1.006629E+00 -5.315972E-01 -6.838234E-01
      4628  1.054271E+00 -7.499083E-01 -1.340245E+00
      4629  2.082523E+00 -1.346752E+00 -2.864288E+00
      4630  1.833782E+00 -1.151530E+00 -2.709824E+00
      4631  1.538200E+00 -9.181360E-01 -2.271874E+00
      4632  1.265220E+00 -7.242654E-01 -1.858200E+00
      4633  1.055525E+00 -5.725680E-01 -1.486609E+00
      4634  8.912195E-01 -4.609807E-01 -1.195436E+00
      4635  7.690826E-01 -3.794512E-01 -9.928231E-01
      4636  6.834262E-01 -3.284726E-01 -8.275458E-01
      4637  5.946003E-01 -2.806573E-01 -7.032411E-01
      4638  5.217770E-01 -2.443953E-01 -6.579218E-01
      4639  4.317704E-01 -2.641458E-01 -6.251651E-01
      4640  3.344402E-01 -2.644781E-01 -6.192807E-01
      4641  2.422568E-01 -2.707789E-01 -6.387158E-01
      4642  1.587225E-01 -2.840429E-01 -6.321787E-01
      4643  8.875651E-02 -2.942492E-01 -6.336979E-01
      4644  3.908935E-02 -3.044701E-01 -6.395273E-01
      4645  5.946731E-03 -3.007070E-01 -6.449440E-01
      4646 -2.386042E-02 -2.940684E-01 -6.092835E-01
      4647 -7.459220E-02 -2.740187E-01 -5.755595E-01
      4648 -1.406476E-01 -2.482668E-01 -5.350674E-01
      4649 -2.248220E-01 -2.246460E-01 -4.947263E-01
      4650 -3.227730E-01 -2.046464E-01 -4.583277E-01
      4651 -4.306308E-01 -1.953777E-01 -4.511993E-01
      4652 -5.329412E-01 -1.959520E-01 -4.749663E-01
      4653 -6.441661E-01 -2.244120E-01 -5.448550E-01
      4654 -7.309761E-01 -2.486417E-01 -6.410661E-01
      4655 -8.350843E-01 -3.153003E-01 -8.012313E-01
      4656 -9.492530E-01 -3.909737E-01 -1.001081E+00
      4657 -1.104518E+00 -5.129289E-01 -1.301252E+00
      4658 -1.288707E+00 -6.586697E-01 -1.661198E+00
      4659 -1.529437E+00 -8.386666E-01 -2.031981E+00
      4660 -1.798862E+00 -1.051385E+00 -2.399618E+00
      4661 -2.013935E+00 -1.214257E+00 -2.586093E+00
      4662 -1.003789E+00 -6.977008E-01 -1.204368E+00
      4663 -9.750956E-01 -4.852572E-01 -6.152566E-01
      4664 -1.083362E+00 -4.814871E-01 -4.896457E-01
      4665 -2.068023E+00 -2.418606E+00 -4.681179E+00
      4915 -2.758684E-01  1.753448E+00 -3.879364E+00
      4936  3.768318E-01 -1.032718E+01 -2.167388E+01
      4950  1.272117E+00  1.049872E-01  2.001999E+00
      4951  2.024131E+00 -3.362744E-01  5.915471E-02
      4952  3.388056E+00 -3.918853E+00 -6.465919E+00
      4953  3.360979E+00 -4.481929E+00 -6.045350E+00
      4954  3.888597E+00 -3.041769E+00 -8.548426E+00
      4955 -6.770246E+00 -1.905094E-01 -4.386170E+00
      4956 -6.167849E+00  6.520304E-01 -2.722888E+00
      4957 -4.502531E+00  4.469888E-01 -2.150958E+00
      4958 -1.032358E+01 -3.530391E+00 -1.769228E+01
      4959 -1.058782E+01 -3.780444E+00 -1.489338E+01
      4960 -6.830782E+00 -2.211270E+00 -1.246610E+01
      4961 -5.303070E+00 -4.189499E-01 -8.917963E+00
      5003  2.323576E-01  1.537169E+00 -3.406983E+00
      5024 -3.085117E-01 -9.396939E+00 -1.973761E+01
      5038  6.065169E+00 -1.682710E-01 -3.902361E+00
      5039  5.490907E+00  5.918809E-01 -2.402567E+00
      5040  3.971179E+00  4.048853E-01 -1.837547E+00
      5041  9.315224E+00 -3.195478E+00 -1.596416E+01
      5042  9.501507E+00 -3.416019E+00 -1.336812E+01
      5043  6.079014E+00 -1.975112E+00 -1.110184E+01
      5044  4.606929E+00 -3.456310E-01 -7.747885E+00
      5045 -1.253285E+00  8.963636E-02  1.715235E+00
      5046 -1.920222E+00 -3.035612E-01 -3.886167E-02
      5047 -3.187580E+00 -3.553836E+00 -6.076937E+00
      5048 -3.162629E+00 -4.047069E+00 -5.668837E+00
      5049 -3.579171E+00 -2.734533E+00 -7.868313E+00
     24494  8.643049E-01 -9.456567E-01 -1.117621E+01
     24495  1.883128E+00 -8.353267E-01 -1.116978E+01
     24496  1.644934E-02  7.568211E-02 -8.508468E-01
     24497  1.246359E-02  1.931849E-01 -8.731538E-01
     24498  2.739392E+00 -3.896775E-01 -1.126055E+01
     24499  3.314154E+00 -3.582731E-01 -9.911286E+00
     24500  3.668714E+00  1.796111E-01 -8.443432E+00
     24501  3.546151E+00  5.233000E-01 -4.874579E+00
     24502  3.379568E+00  4.520449E-01 -3.453729E+00
     24503  3.933655E+00  3.603903E-01 -6.793370E+00
     24504  2.924951E+00  5.276221E-01 -1.323911E+00
     24505  3.081690E+00  1.083273E-01 -2.394081E+00
     24506  2.447624E+00  5.733875E-01 -3.169104E-01
     24507  1.697870E+00  6.887986E-01  4.272549E-01
     24508  1.863548E+00  4.059328E-01  3.949664E-01
     24509  2.246880E+00  8.854777E-01  2.200451E-01
     24510  1.431936E+00  3.359095E-01  7.025769E-01
     24511  1.139216E+00  2.669002E-01  6.207945E-01
     24512  1.344358E+00  6.353245E-01  6.809320E-01
     24513  9.464675E-01  2.308673E-01  3.841727E-01
     24514  1.090098E+00  5.169152E-01  5.129624E-01
     24515  8.133298E-01  2.848233E-01  1.702610E-01
     24516  8.011387E-01  4.096005E-01 -1.914782E-02
     24517  9.424771E-01  4.807914E-01  3.429109E-01
     24518  7.218462E-01  2.359386E-01 -7.343480E-02
     24519  7.247990E-01  3.209579E-01 -1.859111E-01
     24520  6.590070E-01  1.336721E-01 -2.899137E-01
     24521  6.247245E-01  1.312844E-01 -4.017465E-01
     24522  6.188167E-01  2.122949E-01 -3.633707E-01
     24523  6.983598E-01  2.079709E-01 -4.144535E-01
     24524  5.137154E-01  1.624609E-01 -3.909530E-01
     24525  5.029488E-01  1.761373E-01 -4.211542E-01
     24526  4.345256E-01  7.077661E-02 -4.448947E-01
     24527  4.175898E-01  1.896736E-01 -4.365936E-01
     24528  3.108552E-01  1.982359E-01 -4.029345E-01
     24529  2.005150E-01  1.211675E-01 -5.556712E-01
     24530  1.532951E-01  1.630846E-01 -6.107069E-01
     24531  2.579023E-01  2.537232E-01 -4.671495E-01
     24532  1.025721E-01  1.082080E-01 -6.787175E-01
     24533  7.311660E-02  1.608689E-01 -7.453310E-01
     24534  3.743301E-02  1.133928E-01 -7.766006E-01
     25414 -3.062084E-02  8.147202E-02 -8.727214E-01
     25415 -1.510676E-02  1.780053E-01 -9.099572E-01
     25416 -7.714199E-01 -5.678709E-01 -9.898799E+00
     25417 -2.014336E+00 -7.356882E-01 -1.027871E+01
     25418 -5.075660E-02  8.289401E-02 -8.140181E-01
     25419 -7.025419E-02  1.323487E-01 -7.840737E-01
     25420 -1.039588E-01  7.098430E-02 -7.253748E-01
     25421 -2.602911E-01  1.265309E-01 -5.427992E-01
     25422 -1.836802E-01  9.029342E-02 -5.884260E-01
     25423 -1.457011E-01  1.496240E-01 -6.677440E-01
     25424 -3.795011E-01  1.177758E-01 -4.636060E-01
     25425 -2.974084E-01  6.678816E-02 -5.058601E-01
     25426 -4.152499E-01  7.201860E-02 -4.325401E-01
     25427 -5.035973E-01  1.298595E-01 -4.035196E-01
     25428 -6.050311E-01  1.628725E-01 -3.428218E-01
     25429 -5.281709E-01  8.283233E-02 -3.860673E-01
     25430 -6.376733E-01  1.461542E-01 -2.920067E-01
     25431 -7.869594E-01  2.088796E-01 -2.301302E-01
     25432 -7.509100E-01  5.405517E-02 -3.006908E-01
     25433 -7.685996E-01  1.711321E-01 -3.002234E-01
     25434 -8.161757E-01  2.119297E-01 -1.102111E-01
     25435 -9.098792E-01  1.824905E-01 -5.230849E-03
     25436 -1.003124E+00  3.580939E-01  3.781936E-02
     25437 -9.344149E-01  3.351946E-01 -3.150724E-02
     25438 -1.026751E+00  2.364964E-01  2.123932E-01
     25439 -1.199727E+00  2.382422E-01  3.781426E-01
     25440 -1.165478E+00  4.406606E-01  2.742587E-01
     25441 -1.458340E+00  3.013251E-01  4.795343E-01
     25442 -1.719094E+00  5.887446E-01  2.257486E-01
     25443 -1.397151E+00  5.631323E-01  5.388505E-01
     25444 -1.853247E+00  3.082502E-01  1.789854E-01
     25445 -2.167959E+00  6.211546E-01 -1.193049E-01
     25446 -2.362475E+00  3.468668E-01 -5.791417E-01
     25447 -2.720254E+00  6.883358E-01 -1.224837E+00
     25448 -2.920748E+00  4.262661E-01 -2.138057E+00
     25449 -3.441659E+00  2.135649E-01 -4.606502E+00
     25450 -3.592843E+00 -1.255722E-02 -5.770619E+00
     25451 -3.398816E+00  5.338186E-01 -3.288232E+00
     25452 -3.394351E+00  1.447270E-01 -7.749387E+00
     25453 -3.225047E+00 -3.516312E-01 -8.863706E+00
     25454 -2.435600E+00 -5.924931E-02 -1.015644E+01
     28582 -6.898807E-01  2.410981E+00 -4.648340E-01
     28583 -4.498415E-01  1.154539E+00  7.399722E-01
     28584 -7.637452E-01  6.538664E-01 -8.955407E-01
     28585 -1.992213E+00  1.076985E+00 -1.532362E+00
     28586 -1.873498E+00 -1.804436E+01  7.589699E+01
     28587 -3.209215E+00 -1.864447E+01  7.010887E+01
     28588  6.094214E-01 -1.421399E+01  6.479251E+01
     28589 -1.887410E+00 -1.235547E+01  2.251256E+01
     28590 -3.588630E-01 -1.342918E+01  2.787676E+01
     28591 -1.374494E+00 -1.450360E+01  2.276374E+01
     28592 -6.041342E-01 -1.143364E+01  1.949594E+01
     28593 -5.808034E+00 -1.557028E+01  6.090263E+01
     28594  2.769375E-01 -1.369005E+01  3.113670E+01
     28595 -1.682121E+00 -1.502063E+01  3.319181E+01
     28596 -1.557312E+00 -1.371692E+01  2.453226E+01
     28597 -2.657446E+00 -1.396071E+01  2.432080E+01
     28598  6.089776E-01 -1.408989E+01  4.461606E+01
     28599 -1.160871E+00 -1.605662E+01  4.741914E+01
     28600 -1.781812E+00 -1.433620E+01  3.680419E+01
     28601 -1.269718E+00 -1.367815E+01  2.802730E+01
     28602 -3.644094E+00 -1.515789E+01  3.789635E+01
     28603 -2.247180E+00 -1.368708E+01  5.594752E+01
     28604 -1.521866E+00 -1.440061E+01  4.321380E+01
     32020  4.137082E-01  1.078804E+00  7.034066E-01
     32021  5.778653E-01  2.183558E+00 -4.214372E-01
     32022  6.625752E-01  6.083148E-01 -8.162518E-01
     32023  1.810861E+00  1.002397E+00 -1.402138E+00
     32024  4.374728E-01 -1.239217E+01  2.586532E+01
     32025  1.841503E+00 -1.131164E+01  2.048342E+01
     32026  6.647255E-01 -1.039725E+01  1.776807E+01
     32027  3.159625E+00 -1.706452E+01  6.400855E+01
     32028  1.933956E+00 -1.656871E+01  6.986721E+01
     32029  5.497854E+00 -1.436323E+01  5.550698E+01
     32030  1.357654E+00 -1.348714E+01  2.105175E+01
     32031 -3.746529E-01 -1.291985E+01  5.975744E+01
     32032  2.530377E+00 -1.281532E+01  2.200327E+01
     32033  1.323633E+00 -1.250514E+01  2.544266E+01
     32034  1.592273E+00 -1.257279E+01  2.264407E+01
     32035 -1.272476E-01 -1.256245E+01  2.896413E+01
     32036  3.453016E+00 -1.393126E+01  3.439851E+01
     32037  1.566110E+00 -1.317220E+01  3.931103E+01
     32038  1.810266E+00 -1.315801E+01  3.385641E+01
     32039  1.706819E+00 -1.386451E+01  3.077078E+01
     32040 -4.151224E-01 -1.290030E+01  4.133154E+01
     32041  2.291722E+00 -1.257214E+01  5.138863E+01
     32042  1.235036E+00 -1.481428E+01  4.383538E+01
     34898 -1.913662E-01 -1.686821E-01  1.107628E-01
     34899  1.720511E-01 -1.604694E-01  9.214297E-02
     34900 -2.007873E-02  1.320756E-02  6.711468E-02
     34901  1.961630E-02  1.528207E-02  8.003760E-02
     34902  1.314959E-02  3.274445E-03  9.536974E-02
     34903 -1.345861E-02  2.645510E-03  1.062591E-01
     34904 -3.549363E-02 -2.980353E-02  8.728585E-02
     34905  1.758325E-02 -2.470726E-02  8.720494E-02
     34906  2.258121E+00 -2.372725E+00 -8.950502E+00
     34907  3.356066E+00 -1.657885E+00 -7.605404E+00
     34908  2.187852E+00 -1.982244E+00 -6.173993E+00
     34909  1.065353E-01 -3.403724E-01 -1.031214E+00
     34910 -3.754118E-02 -3.356503E-01 -1.045639E+00
     34911 -8.572831E-02 -3.438662E-01 -1.015799E+00
     34912  5.459754E-02 -3.414651E-01 -1.045359E+00
     34913 -3.156466E+00 -1.474894E+00 -6.902278E+00
     34914 -2.161534E+00 -2.054695E+00 -8.074777E+00
     34915 -2.116406E+00 -1.742374E+00 -5.569233E+00
     34916  3.331481E+00 -2.253817E+00 -4.873539E+00
     34917 -3.153145E+00 -2.026288E+00 -4.433336E+00
     34918  2.337523E+00 -1.309578E+00 -5.269634E+00
     34919  2.341838E+00 -1.581250E+00 -5.632541E+00
     34920  2.243363E+00 -2.576057E+00 -3.579337E+00
     34921  1.711611E+00 -1.448572E+00 -1.374431E+00
     34922  2.697873E+00 -9.541928E-01 -4.217189E+00
     34923  2.702987E+00 -1.102480E+00 -4.392981E+00
     34924  2.522205E+00 -3.030485E+00 -2.348239E+00
     34925  2.214958E+00 -1.418460E+00 -1.775452E+00
     34926  1.703028E+00 -1.127016E+00 -1.200813E+00
     34927  2.704806E+00 -6.358935E-01 -2.900710E+00
     34928  2.771986E+00 -7.588332E-01 -3.196103E+00
     34929  2.459041E+00 -2.201398E+00 -2.231353E+00
     34930  2.158099E+00 -1.178390E+00 -1.849544E+00
     34931  1.879004E+00 -8.558794E-01 -1.595218E+00
     34932  3.363503E+00 -1.135140E+00 -3.196605E+00
     34933  4.430625E+00 -1.117127E+00 -3.749649E+00
     34934  2.155933E+00 -9.289157E-01 -2.087732E+00
     34935  3.895396E+00 -1.152845E+00 -3.295820E+00
     34936  3.593950E+00 -5.094100E-01 -2.616130E+00
     34937  3.458769E+00 -4.957749E-01 -2.536693E+00
     34938  2.942361E+00 -2.400061E-01 -1.875809E+00
     34939  2.803886E+00 -2.391125E-01 -1.859293E+00
     34940  2.381197E+00 -1.159126E-01 -1.387176E+00
     34941  2.288052E+00 -1.312569E-01 -1.457395E+00
     34942  1.952717E+00 -7.311245E-02 -1.100534E+00
     34943  1.635126E+00 -7.268406E-02 -9.486051E-01
     34944  1.903907E+00 -1.007494E-01 -1.197972E+00
     34945  1.404599E+00 -6.225418E-02 -8.830390E-01
     34946  1.635997E+00 -9.714009E-02 -1.065550E+00
     34947  1.241521E+00 -1.043585E-01 -8.465709E-01
     34948  1.444487E+00 -1.213076E-01 -1.013124E+00
     34949  1.112325E+00 -1.436381E-01 -8.062897E-01
     34950  1.287362E+00 -1.653923E-01 -9.469599E-01
     34951  9.784581E-01 -1.298637E-01 -8.155515E-01
     34952  1.142297E+00 -1.720088E-01 -9.042284E-01
     34953  8.061389E-01 -1.439874E-01 -7.792823E-01
     34954  9.956251E-01 -1.231651E-01 -8.839318E-01
     34955  6.464375E-01 -1.975092E-01 -7.840112E-01
     34956  8.239738E-01 -2.070540E-01 -8.329894E-01
     34957  4.525277E-01 -1.784128E-01 -8.175544E-01
     34958  6.441612E-01 -1.908354E-01 -8.376273E-01
     34959  2.779068E-01 -2.341037E-01 -8.688123E-01
     34960  4.673392E-01 -2.223368E-01 -8.879472E-01
     34961  1.344716E-01 -2.862303E-01 -9.326517E-01
     34962  3.113176E-01 -2.753377E-01 -9.275568E-01
     34963  3.584759E-02 -3.255737E-01 -9.986857E-01
     34964  1.902744E-01 -3.162180E-01 -9.883783E-01
     34965 -1.761249E-02 -3.294152E-01 -9.766857E-01
     34966 -1.670374E-01 -3.191131E-01 -9.510290E-01
     34967 -2.764872E-01 -2.727535E-01 -8.557409E-01
     34968 -1.145980E-01 -2.918251E-01 -8.884075E-01
     34969 -2.600018E-01 -2.400153E-01 -7.832333E-01
     34970 -4.273344E-01 -2.277417E-01 -7.642988E-01
     34971 -6.062442E-01 -1.966234E-01 -6.934204E-01
     34972 -4.395406E-01 -2.043790E-01 -6.928816E-01
     34973 -8.045506E-01 -1.684377E-01 -6.580999E-01
     34974 -6.371594E-01 -1.737964E-01 -6.228776E-01
     34975 -8.380988E-01 -1.440022E-01 -5.946768E-01
     34976 -1.004742E+00 -1.436077E-01 -6.689549E-01
     34977 -1.199944E+00 -1.287319E-01 -6.944958E-01
     34978 -1.029962E+00 -1.143306E-01 -5.920974E-01
     34979 -1.368821E+00 -1.266190E-01 -7.757167E-01
     34980 -1.221164E+00 -1.307633E-01 -6.448218E-01
     34981 -1.561675E+00 -1.119815E-01 -8.528635E-01
     34982 -1.377327E+00 -8.680359E-02 -6.778792E-01
     34983 -1.753658E+00 -1.119408E-01 -9.551285E-01
     34984 -1.555073E+00 -9.058215E-02 -7.554493E-01
     34985 -2.011068E+00 -1.200524E-01 -1.112410E+00
     34986 -1.764416E+00 -8.240555E-02 -8.480911E-01
     34987 -2.351660E+00 -1.624354E-01 -1.378562E+00
     34988 -2.052983E+00 -1.020417E-01 -1.029071E+00
     34989 -2.811730E+00 -2.668235E-01 -1.742896E+00
     34990 -2.432970E+00 -1.481492E-01 -1.303361E+00
     34991 -3.393817E+00 -5.193755E-01 -2.315578E+00
     34992 -2.935885E+00 -2.943018E-01 -1.737979E+00
     34993 -3.811230E+00 -8.784742E-01 -3.086578E+00
     34994 -3.702923E+00 -6.042484E-01 -2.555100E+00
     34995 -3.318737E+00 -1.482356E+00 -2.743111E+00
     34996 -4.064241E+00 -9.207119E-01 -3.192244E+00
     34997 -2.649618E+00 -7.490774E-01 -2.929450E+00
     34998 -2.576067E+00 -6.279102E-01 -2.735821E+00
     34999 -2.061875E+00 -8.806096E-01 -1.903176E+00
     35000 -2.579526E+00 -1.038919E+00 -4.007895E+00
     35001 -2.590229E+00 -9.145369E-01 -3.851246E+00
     35002 -2.338262E+00 -1.985342E+00 -1.994615E+00
     35003 -2.086879E+00 -1.079110E+00 -1.647245E+00
     35004 -1.798307E+00 -7.992561E-01 -1.432053E+00
     35005 -2.248130E+00 -1.418069E+00 -5.100966E+00
     35006 -2.258115E+00 -1.193111E+00 -4.790061E+00
     35007 -2.397508E+00 -2.727364E+00 -2.138929E+00
     35008 -2.136232E+00 -1.282615E+00 -1.613784E+00
     35009 -1.663286E+00 -1.040556E+00 -1.077491E+00
     35010 -2.155196E+00 -2.318397E+00 -3.283206E+00
     35011 -1.671875E+00 -1.317569E+00 -1.247368E+00
     35658 -2.737239E-01 -7.583239E-01  4.825397E-01
     35659 -1.193009E-01 -2.956482E-01  2.887145E-01
     35660 -6.408077E-03  1.692581E-02  1.231576E-02
     35661  1.970925E-01  3.745277E-02  2.032185E-01
     35662 -1.514288E-01  7.046998E-02  2.058590E-01
     35663  2.088354E-01 -1.846574E-01 -4.078471E+00
     35664 -2.649488E-01  3.079455E-01 -5.506910E+00
     35665  8.665160E-01 -1.723733E+00 -8.068279E+00
     35666  4.973762E-01 -9.095669E-01 -5.482986E+00
     35667 -3.028841E-02 -8.537347E-01 -5.846125E+00
     35668 -7.254192E-01  4.292760E-01 -9.140778E+00
     35669  1.836227E+00 -6.308264E+00 -1.458192E+01
     35670  1.712481E+00 -5.082161E+00 -1.392730E+01
     35671  1.774631E+00 -3.060448E+00 -1.239062E+01
     35672 -1.754299E-01 -4.457040E+00 -1.776883E+01
     35673  1.020922E+00 -2.015582E+00 -8.620185E+00
     35674 -2.961102E-01 -9.836325E-01 -1.055866E+01
     35675  5.931944E-01 -5.591750E+00 -2.477755E+01
     35676  1.893810E+00 -5.690996E+00 -1.805169E+01
     35677  1.609385E+00 -7.618724E+00 -1.346517E+01
     35678  3.553430E-01 -7.725952E+00 -2.028453E+01
     35679  1.954651E+00 -8.769460E+00 -1.251729E+01
     35680  1.733731E+00 -7.942926E+00 -1.326723E+01
     35681  1.334726E+00 -8.024703E+00 -1.612802E+01
     35682  2.665626E+00 -7.230028E+00 -1.570107E+01
     35683  1.264781E+00 -6.389737E+00 -1.581949E+01
     35684  1.524084E+00 -7.571788E+00 -1.822199E+01
     35685  9.041778E-01 -6.360437E+00 -1.694794E+01
     36115  2.319218E-01 -6.927922E-01  4.404638E-01
     36116  8.320113E-02 -2.657547E-01  2.661712E-01
     36117 -7.432536E-03  1.241066E-02  1.027062E-02
     36118 -1.894502E-01  3.422843E-02  1.886610E-01
     36119  1.235190E-01  5.810188E-02  1.821065E-01
     36120  2.071825E-01  2.837590E-01 -4.876391E+00
     36121 -2.035402E-01 -1.631573E-01 -3.642937E+00
     36122 -4.799715E-01 -8.021348E-01 -4.906990E+00
     36123 -8.132890E-01 -1.528984E+00 -7.244541E+00
     36124  6.214569E-03 -7.420221E-01 -5.195051E+00
     36125  6.588876E-01  3.928699E-01 -8.001754E+00
     36126 -1.556795E+00 -2.716840E+00 -1.114646E+01
     36127  1.904781E-01 -3.972713E+00 -1.589497E+01
     36128 -1.517761E+00 -4.560963E+00 -1.266676E+01
     36129 -9.149136E-01 -1.793884E+00 -7.688425E+00
     36130 -1.632764E+00 -5.671428E+00 -1.331172E+01
     36131  2.587792E-01 -8.546654E-01 -9.292219E+00
     36132 -1.671248E+00 -5.164617E+00 -1.658382E+01
     36133 -4.880213E-01 -5.073181E+00 -2.247712E+01
     36134 -2.714190E-01 -6.976729E+00 -1.837028E+01
     36135 -1.425302E+00 -6.915913E+00 -1.241905E+01
     36136 -2.336048E+00 -6.549166E+00 -1.418982E+01
     36137 -1.308411E+00 -6.836430E+00 -1.642971E+01
     36138 -1.153334E+00 -7.266867E+00 -1.467765E+01
     36139 -1.696515E+00 -7.926076E+00 -1.150560E+01
     36140 -7.713880E-01 -5.721194E+00 -1.522113E+01
     36141 -1.035535E+00 -5.757770E+00 -1.430902E+01
     36142 -1.528983E+00 -7.180040E+00 -1.217832E+01

 total force (fx,fy,fz) for set FEET and time  0.5000000E+01

       -1.890709E-09 -9.192533E+02  7.713451E+02

                        S T E P       6


                                INCREMENT     1


 displacements (vx,vy,vz) for set TOP and time  0.6000000E+01

     17968  1.974222E-02 -3.342469E-01  3.065412E-01
     18013  9.977184E-03 -4.207997E-01  3.603856E-01
     18450  4.293816E-04 -4.517208E-01  3.799452E-01
     21878 -8.193310E-03 -4.515251E-01  3.800980E-01
     23067 -1.810155E-02 -3.236836E-01  2.930856E-01

 forces (fx,fy,fz) for set FEET and time  0.6000000E+01

       151 -6.194606E-03 -4.699336E-02  1.696935E-01
       155 -1.112623E-01 -2.175718E+00  6.472886E-02
       156  5.084633E-03  7.264517E-03  4.539296E-02
       160 -3.194119E-03 -5.046542E-02  2.049402E-01
       161  1.332670E-02  4.751384E-02 -9.218904E-03
       165  1.714842E-01 -1.896044E+00 -7.052914E-02
       194 -1.748598E+01 -1.037313E+01 -1.829944E+01
       195 -2.494986E+00  2.188357E+00 -2.410604E+00
       196  1.956275E+00  1.292425E+00 -2.159914E+00
       197  1.614397E+01 -7.408232E+00 -1.440471E+01
       221 -1.774401E+00  1.150712E+00 -1.975224E+00
       222 -1.472363E+01 -6.652365E+00 -1.300196E+01
       225  2.320324E+00  2.051905E+00 -2.224734E+00
       226  1.609852E+01 -9.650223E+00 -1.696342E+01
       234 -9.033925E-01  8.227177E-01  1.790875E+00
       236  8.591323E-01  7.265951E-01  1.636202E+00
       242  1.073831E+00 -9.388439E-01  6.587236E-01
       245 -3.033904E+00  1.359785E+00  3.035499E+00
       246  4.904780E+00  3.419793E+00  6.234935E+00
       253 -9.046212E-01 -7.961022E-01  5.285497E-01
       254 -4.441725E+00  3.082841E+00  5.630439E+00
       255  2.791665E+00  1.276357E+00  2.803652E+00
      2448 -1.875091E-02  7.317389E-01  7.467586E+00
      2464 -4.845415E-03 -1.449578E-01  8.581092E-01
      2473  5.930142E-01 -2.757885E-01  2.654032E-01
      2474 -3.592514E-02 -7.132896E-01  3.463923E-01
      2475 -3.540846E-02 -4.752877E-01 -7.332949E-03
      2476 -3.506203E-02 -1.924352E-01 -1.683306E-01
      2477 -1.726139E-01 -1.934849E-01 -1.916642E-01
      2478 -3.705124E-02  4.484772E-02 -3.258266E-01
      2479 -6.334654E-02  1.636289E-02 -4.158859E-01
      2480 -2.215944E-02  3.449323E-02 -2.986453E-01
      2481 -1.901054E-02  2.193262E-02 -2.180474E-01
      2482 -1.891090E-02  2.494235E-02 -1.329974E-01
      2483 -2.644825E-02 -1.381533E-03 -1.524462E-01
      2484 -2.147988E-02  1.108197E-02 -4.928380E-02
      2485 -1.817970E-02  1.575488E-01 -5.717229E-02
      2486 -3.293241E-02 -2.475451E-03 -6.884411E-02
      2487 -2.866781E-02  1.941662E-02 -4.682407E-03
      2488 -1.891392E-02  3.323141E-03 -1.515054E-02
      2489 -2.736887E-04  1.289280E-02 -1.970778E-02
      2490 -2.631737E-04 -1.920505E-03  1.083554E-02
      2491  6.565198E-03  3.841538E-03  3.449678E-02
      2492  1.691493E-02  8.634242E-02 -2.550999E-02
      2493 -1.276813E+00  1.341969E+00  9.355376E+00
      2494 -2.493124E+00  6.278384E-01  8.724907E+00
      2495 -3.270205E+00  3.546376E-01  6.797002E+00
      2496 -3.275949E+00  1.844520E-01  4.019316E+00
      2497 -4.143941E+00  4.661933E-01  3.209798E+00
      2498 -3.316193E+00 -6.959080E-02  1.570962E+00
      2499 -2.581621E+00 -1.576327E-01  5.286746E-01
      2500 -2.055435E+00 -2.006180E-01  1.144134E-01
      2501 -1.642461E+00 -1.702425E-01  2.155522E-02
      2502 -1.365673E+00 -1.496301E-01  1.211850E-01
      2503 -1.169118E+00 -2.086608E-01  2.967444E-01
      2504 -1.038540E+00 -1.601789E-01  4.369173E-01
      2505 -9.553407E-01 -7.190733E-02  5.707528E-01
      2506 -8.685169E-01 -4.461343E-02  6.422347E-01
      2507 -7.262810E-01 -5.005421E-02  6.317279E-01
      2508 -6.120767E-01  3.531417E-03  6.628205E-01
      2509 -4.507975E-01 -9.065116E-02  6.768793E-01
      2510 -2.739681E-01 -3.008518E-02  7.926931E-01
      2511 -1.647076E-01  4.040189E-03  9.077435E-01
      2512 -7.765510E-02  3.435564E-02  1.037263E+00
      2513 -3.330249E-02  5.046313E-02  1.111018E+00
      2637  3.630329E-01 -2.756259E+00  1.174660E+00
      2638  9.127114E-03 -2.058206E+00  1.344242E+00
      2639 -3.086218E-02 -4.894090E-01  6.423070E-01
      2640 -4.390847E-02 -3.019295E-01  3.430990E-01
      2641 -9.724175E-03  3.264855E-01  2.117354E-01
      2642 -8.097553E-02  1.047920E+00  1.695169E-01
      2643 -8.639134E-03  7.675269E-01 -2.888633E-02
      2644 -6.232156E-03  6.927442E-01  5.870287E-02
      2645  1.128965E-02  5.245035E-01  7.091500E-02
      2646  1.060770E-02  4.925773E-01  1.322560E-01
      2647 -1.944016E-02  4.579715E-01  7.472107E-02
      2648 -9.318756E-03  2.562203E-01  1.175877E-01
      2649 -1.253342E-02 -2.111100E-02  7.343609E-02
      2650 -2.903599E-02  4.710142E-01  9.917116E-02
      2651  9.751980E-03  3.571312E-02  1.155368E-01
      2652  1.756853E-02  9.652421E-02  1.259477E-01
      2653 -2.223954E-02  2.389215E-01  1.128169E-01
      2654  2.224518E-03  4.420644E-02  1.268440E-01
      2655 -3.774154E-03  2.524530E-03  1.443698E-01
      2656 -3.706907E-02 -6.856923E-02  2.367867E-01
      2657 -2.683363E-01 -3.760789E+00  6.380738E+00
      2658 -1.523693E+00 -3.786158E+00  7.462701E+00
      2659 -2.125690E+00 -2.452878E+00  5.895395E+00
      2660 -2.255402E+00 -9.284356E-01  3.951075E+00
      2661 -1.660172E+00 -4.545444E-01  1.684598E+00
      2662 -1.309986E+00  5.348684E-01  6.501645E-01
      2663 -1.046708E+00  5.627616E-01 -8.153015E-03
      2664 -7.814835E-01  5.563682E-01 -2.408683E-01
      2665 -6.087944E-01  4.112660E-01 -2.262282E-01
      2666 -4.900029E-01  2.924597E-01 -8.256735E-02
      2667 -4.482710E-01  3.611927E-01  1.196847E-01
      2668 -4.230961E-01  2.207870E-01  2.692922E-01
      2669 -3.637290E-01  1.349725E-03  3.241021E-01
      2670 -3.055360E-01 -9.725438E-02  3.744697E-01
      2671 -3.136195E-01 -3.374019E-02  4.088748E-01
      2672 -2.248202E-01 -9.790160E-02  3.633474E-01
      2673 -1.690150E-01  1.247959E-01  4.869274E-01
      2674 -1.189770E-01 -4.139682E-02  4.790194E-01
      2675 -5.875723E-02 -1.045380E-01  5.655724E-01
      2676 -1.727701E-02 -1.723563E-01  6.409815E-01
      2677 -6.202070E-03 -2.316476E-01  6.918345E-01
      2685  2.746805E-02  5.169631E-01  6.996082E+00
      2694 -1.194684E-02  9.075597E-02 -1.591821E-02
      2695 -6.019488E-04  7.425096E-03  3.979660E-02
      2696 -1.008091E-03  9.961238E-03  1.768507E-02
      2697  4.157611E-03  3.188504E-03  1.817224E-02
      2698  1.196541E-02  5.332961E-03  1.290483E-02
      2699  2.013624E-02  4.967040E-03  3.858290E-03
      2700  2.963840E-02 -8.480594E-04 -1.682877E-02
      2701  3.556025E-02  9.449482E-03 -1.826341E-02
      2702  4.427644E-02  4.672597E-03 -6.138576E-02
      2703  2.993608E-02  1.768591E-02 -6.321884E-02
      2704  3.629484E-02  2.882547E-03 -1.560151E-01
      2705  3.507119E-02  1.773785E-02 -2.026956E-01
      2706  2.584221E-02  4.538890E-02 -2.057992E-01
      2707  7.271531E-02  1.304784E-02 -3.411187E-01
      2708  5.932982E-02 -1.637912E-03 -3.001366E-01
      2709  6.410676E-02 -1.491333E-01 -2.446964E-01
      2710  8.882324E-03 -2.342573E-01 -1.389483E-01
      2711  1.015558E-01 -4.663060E-01  2.846173E-01
      2712 -4.074630E-02 -6.292738E-01  6.240159E-01
      2713 -6.902296E-01 -1.892418E-01  2.575472E-01
      2714  1.128043E-02  4.211377E-02  1.083582E+00
      2715  5.452894E-02  1.831241E-02  1.037853E+00
      2716  1.387430E-01  2.668539E-02  9.268878E-01
      2717  2.751804E-01  3.914970E-03  7.747976E-01
      2718  4.290452E-01  9.149746E-03  6.690999E-01
      2719  5.922501E-01 -5.032390E-03  5.938593E-01
      2720  7.499748E-01 -2.595888E-02  5.482699E-01
      2721  8.909447E-01 -8.915841E-02  5.041190E-01
      2722  1.041203E+00 -1.056895E-02  4.909079E-01
      2723  1.154521E+00 -1.321249E-01  4.202396E-01
      2724  1.301943E+00 -1.165712E-01  3.399791E-01
      2725  1.466235E+00 -1.506752E-01  2.535126E-01
      2726  1.712946E+00 -1.265219E-01  1.954567E-01
      2727  2.088858E+00 -1.702570E-01  2.540322E-01
      2728  2.566766E+00 -7.756445E-02  6.379370E-01
      2729  3.251271E+00  3.950931E-02  1.492433E+00
      2730  3.884571E+00  2.832326E-01  2.976847E+00
      2731  3.130683E+00  1.786348E-01  4.009073E+00
      2732  3.170433E+00  3.849897E-01  5.894850E+00
      2733  2.581872E+00  6.729763E-01  7.773177E+00
      2734  1.442651E+00  1.351735E+00  8.636191E+00
      2858  2.604087E-02 -9.109391E-02  2.090503E-01
      2859 -6.146763E-03 -3.994070E-02  1.497433E-01
      2860 -1.577904E-04  2.523638E-03  1.166449E-01
      2861 -1.669666E-03  9.537705E-03  1.042387E-01
      2862  1.374642E-03  6.111975E-03  9.348368E-02
      2863  3.178668E-03  3.002468E-02  9.161736E-02
      2864  3.097818E-02  1.333757E-01  8.126850E-02
      2865 -1.449856E-02  9.152772E-02  1.177132E-01
      2866  1.179771E-03  1.216182E-01  9.580040E-02
      2867  3.543648E-03  3.537050E-01  1.143515E-01
      2868  5.114954E-03  3.472868E-01  5.436159E-02
      2869 -1.039097E-02  4.507314E-01  8.204672E-02
      2870  2.240616E-04  5.755372E-01  1.233514E-01
      2871  2.311837E-03  6.274889E-01 -7.437430E-04
      2872 -3.708526E-03  5.724829E-01  7.549495E-02
      2873  5.298272E-02  4.702322E-01  1.127144E-01
      2874  2.357457E-02  6.856182E-02  3.760487E-01
      2875  8.610794E-02 -9.925583E-01  8.652184E-01
      2876  2.020549E-02 -1.940156E+00  1.060884E+00
      2877 -2.998084E-01 -2.535016E+00  9.315228E-01
      2878  3.268467E-03 -2.212991E-01  7.105993E-01
      2879  1.046238E-02 -1.951447E-01  6.538696E-01
      2880  5.414830E-02 -1.606279E-01  5.539404E-01
      2881  9.992693E-02 -9.633220E-02  4.918602E-01
      2882  1.574482E-01 -1.011927E-01  4.089456E-01
      2883  2.280088E-01 -8.064157E-02  3.656441E-01
      2884  2.989898E-01 -4.844737E-02  3.422314E-01
      2885  3.608727E-01  6.194266E-02  3.620685E-01
      2886  3.789779E-01 -4.422338E-02  2.747175E-01
      2887  5.009288E-01  1.726610E-01  2.753019E-01
      2888  4.936006E-01  1.569812E-01  1.577828E-01
      2889  5.640721E-01  2.779967E-01  2.950635E-02
      2890  6.450637E-01  3.155812E-01 -1.125487E-01
      2891  7.961824E-01  4.571018E-01 -1.019525E-01
      2892  1.010005E+00  3.571745E-01  6.462096E-02
      2893  1.357923E+00  2.599338E-01  6.189000E-01
      2894  1.718399E+00 -1.281350E-01  1.751917E+00
      2895  1.949483E+00 -1.104247E+00  3.231061E+00
      2896  2.019901E+00 -2.336666E+00  5.612660E+00
      2897  1.465293E+00 -3.264242E+00  6.996752E+00
      2898  2.650390E-01 -3.243575E+00  5.829911E+00
      3400 -9.015616E+00  9.569382E-01 -5.349719E+00
      3401 -1.067390E+01  1.654224E-01 -6.500763E+00
      3402 -1.643913E+01 -6.050358E-01 -7.702824E+00
      3403 -8.634907E+00  5.713178E+00 -1.590210E+01
      3404 -1.323003E+01  7.759535E+00 -2.517399E+01
      3405 -2.024244E+01  7.754248E+00 -3.598541E+01
      3406 -3.170824E+01  7.184054E+00 -5.005302E+01
      3509  7.475240E-01  9.905946E+00 -1.590295E+01
      3510  2.594425E+00 -1.678231E+01 -7.486618E+01
      3511  4.999779E+00  1.242511E+00 -3.100303E-02
      3512  5.381481E+00 -4.581077E-03 -3.005838E-01
      3513  1.020882E+01 -3.137518E-01 -1.839176E+00
      3514  5.203310E+00  4.132070E+00 -1.016425E+01
      3515  7.554767E+00  7.167630E+00 -1.465741E+01
      3516  1.291824E+01  7.658989E+00 -2.416195E+01
      3517  2.422877E+01  7.924384E+00 -4.114411E+01
      4033 -4.439925E+00  1.153142E+00  2.124909E-01
      4034 -4.722550E+00  3.388666E-03  1.162077E-02
      4035 -9.108095E+00 -2.674123E-01 -1.399131E+00
      4036 -4.652288E+00  3.730341E+00 -9.120016E+00
      4037 -6.717516E+00  6.555326E+00 -1.302340E+01
      4038 -1.157619E+01  7.018970E+00 -2.166568E+01
      4039 -2.194770E+01  7.293123E+00 -3.730838E+01
      4147 -7.557206E-01  9.109081E+00 -1.462417E+01
      4148 -2.616349E+00 -1.537795E+01 -6.861503E+01
      4149  8.478385E+00  8.749894E-01 -5.120245E+00
      4150  1.005126E+01  1.504125E-01 -6.214323E+00
      4151  1.537153E+01 -5.792654E-01 -7.312969E+00
      4152  8.078782E+00  5.319025E+00 -1.486291E+01
      4153  1.237555E+01  7.148076E+00 -2.356312E+01
      4154  1.885112E+01  7.122063E+00 -3.352095E+01
      4155  2.934602E+01  6.565739E+00 -4.631090E+01
      4580 -1.484629E+00  1.828354E+00  8.342342E+00
      4583  1.410298E+00  1.617679E+00  7.527844E+00
      4585 -5.101807E-01 -2.821561E-01 -1.712059E-01
      4586 -2.552192E-01 -1.022230E+00  1.918525E-02
      4587 -2.859048E-01 -4.056960E-01  2.841496E-01
      4588  8.017284E-02  4.824702E-01  4.205010E-01
      4589 -2.577367E-01  3.675489E-01  6.854149E-01
      4590  5.643079E-03  4.291871E-01  7.693514E-01
      4591 -5.878438E-03  3.667899E-01  6.875428E-01
      4592 -1.076628E-02  2.973726E-01  5.637325E-01
      4593 -7.189747E-03  2.262214E-01  4.225528E-01
      4594 -3.364267E-03  1.725667E-01  3.087496E-01
      4595  1.725209E-03  1.332282E-01  2.217391E-01
      4596  5.132386E-03  9.913486E-02  1.446466E-01
      4597  8.709911E-03  9.129580E-02  1.154361E-01
      4598  1.325178E-02  7.688224E-02  9.789947E-02
      4599  8.837797E-03  6.957309E-02  8.688298E-02
      4600  6.572306E-03  7.000432E-02  9.544689E-02
      4601  2.172292E-03  6.248457E-02  7.677374E-02
      4602  1.810212E-04  5.199832E-02  5.553420E-02
      4603  5.857584E-04  4.611494E-02  3.793199E-02
      4604 -7.828584E-04  4.490343E-02  2.689835E-02
      4605 -7.598328E-04  4.199380E-02  2.246885E-02
      4606 -1.206225E-03  3.692730E-02  2.080423E-02
      4607 -2.417335E-03  3.975140E-02  3.081110E-02
      4608 -3.686915E-03  4.273221E-02  4.188716E-02
      4609 -6.380903E-03  4.434315E-02  4.566352E-02
      4610 -7.960884E-03  4.521902E-02  4.795727E-02
      4611 -8.974428E-03  5.252692E-02  5.866867E-02
      4612 -7.381373E-03  5.990350E-02  7.582186E-02
      4613 -1.100403E-02  8.283657E-02  1.102645E-01
      4614 -2.380344E-03  1.042372E-01  1.629516E-01
      4615 -2.725075E-03  1.398686E-01  2.370637E-01
      4616  6.475341E-03  1.876399E-01  3.408441E-01
      4617  7.224839E-03  2.572197E-01  4.768215E-01
      4618  1.410139E-03  3.214648E-01  5.951878E-01
      4619 -4.337049E-03  3.718148E-01  6.682199E-01
      4620  2.862035E-02  5.559928E-01  6.547749E-01
      4621  1.690932E-01  9.611231E-02  3.828412E-01
      4622  2.809954E-01 -3.774487E-01  2.690808E-01
      4623  2.705761E-01 -9.235976E-01  9.193712E-03
      4624  4.669129E-01 -2.507673E-01 -1.596483E-01
      4625 -2.210466E+00  2.678012E+00  5.165838E+00
      4626 -1.125128E+00  5.296348E-01  5.343455E-01
      4627 -1.006629E+00  5.315972E-01  6.838234E-01
      4628 -1.054271E+00  7.499083E-01  1.340245E+00
      4629 -2.082523E+00  1.346752E+00  2.864288E+00
      4630 -1.833782E+00  1.151530E+00  2.709824E+00
      4631 -1.538200E+00  9.181360E-01  2.271874E+00
      4632 -1.265220E+00  7.242654E-01  1.858200E+00
      4633 -1.055525E+00  5.725680E-01  1.486609E+00
      4634 -8.912195E-01  4.609807E-01  1.195436E+00
      4635 -7.690826E-01  3.794512E-01  9.928231E-01
      4636 -6.834262E-01  3.284726E-01  8.275458E-01
      4637 -5.946003E-01  2.806573E-01  7.032411E-01
      4638 -5.217770E-01  2.443953E-01  6.579218E-01
      4639 -4.317704E-01  2.641458E-01  6.251651E-01
      4640 -3.344402E-01  2.644781E-01  6.192807E-01
      4641 -2.422568E-01  2.707789E-01  6.387158E-01
      4642 -1.587225E-01  2.840429E-01  6.321787E-01
      4643 -8.875651E-02  2.942492E-01  6.336979E-01
      4644 -3.908935E-02  3.044701E-01  6.395273E-01
      4645 -5.946731E-03  3.007070E-01  6.449440E-01
      4646  2.386042E-02  2.940684E-01  6.092835E-01
      4647  7.459220E-02  2.740187E-01  5.755595E-01
      4648  1.406476E-01  2.482668E-01  5.350674E-01
      4649  2.248220E-01  2.246460E-01  4.947263E-01
      4650  3.227730E-01  2.046464E-01  4.583277E-01
      4651  4.306308E-01  1.953777E-01  4.511993E-01
      4652  5.329412E-01  1.959520E-01  4.749663E-01
      4653  6.441661E-01  2.244120E-01  5.448550E-01
      4654  7.309761E-01  2.486417E-01  6.410661E-01
      4655  8.350843E-01  3.153003E-01  8.012313E-01
      4656  9.492530E-01  3.909737E-01  1.001081E+00
      4657  1.104518E+00  5.129289E-01  1.301252E+00
      4658  1.288707E+00  6.586697E-01  1.661198E+00
      4659  1.529437E+00  8.386666E-01  2.031981E+00
      4660  1.798862E+00  1.051385E+00  2.399618E+00
      4661  2.013935E+00  1.214257E+00  2.586093E+00
      4662  1.003789E+00  6.977008E-01  1.204368E+00
      4663  9.750956E-01  4.852572E-01  6.152566E-01
      4664  1.083362E+00  4.814871E-01  4.896457E-01
      4665  2.068023E+00  2.418606E+00  4.681179E+00
      4915  2.758684E-01 -1.753448E+00  3.879364E+00
      4936 -3.768318E-01  1.032718E+01  2.167388E+01
      4950 -1.272117E+00 -1.049872E-01 -2.001999E+00
      4951 -2.024131E+00  3.362744E-01 -5.915471E-02
      4952 -3.388056E+00  3.918853E+00  6.465919E+00
      4953 -3.360979E+00  4.481929E+00  6.045350E+00
      4954 -3.888597E+00  3.041769E+00  8.548426E+00
      4955  6.770246E+00  1.905094E-01  4.386170E+00
      4956  6.167849E+00 -6.520304E-01  2.722888E+00
      4957  4.502531E+00 -4.469888E-01  2.150958E+00
      4958  1.032358E+01  3.530391E+00  1.769228E+01
      4959  1.058782E+01  3.780444E+00  1.489338E+01
      4960  6.830782E+00  2.211270E+00  1.246610E+01
      4961  5.303070E+00  4.189499E-01  8.917963E+00
      5003 -2.323576E-01 -1.537169E+00  3.406983E+00
      5024  3.085117E-01  9.396939E+00  1.973761E+01
      5038 -6.065169E+00  1.682710E-01  3.902361E+00
      5039 -5.490907E+00 -5.918809E-01  2.402567E+00
      5040 -3.971179E+00 -4.048853E-01  1.837547E+00
      5041 -9.315224E+00  3.195478E+00  1.596416E+01
      5042 -9.501507E+00  3.416019E+00  1.336812E+01
      5043 -6.079014E+00  1.975112E+00  1.110184E+01
      5044 -4.606929E+00  3.456310E-01  7.747885E+00
      5045  1.253285E+00 -8.963636E-02 -1.715235E+00
      5046  1.920222E+00  3.035612E-01  3.886167E-02
      5047  3.187580E+00  3.553836E+00  6.076937E+00
      5048  3.162629E+00  4.047069E+00  5.668837E+00
      5049  3.579171E+00  2.734533E+00  7.868313E+00
     24494 -8.643049E-01  9.456567E-01  1.117621E+01
     24495 -1.883128E+00  8.353267E-01  1.116978E+01
     24496 -1.644934E-02 -7.568211E-02  8.508468E-01
     24497 -1.246359E-02 -1.931849E-01  8.731538E-01
     24498 -2.739392E+00  3.896775E-01  1.126055E+01
     24499 -3.314154E+00  3.582731E-01  9.911286E+00
     24500 -3.668714E+00 -1.796111E-01  8.443432E+00
     24501 -3.546151E+00 -5.233000E-01  4.874579E+00
     24502 -3.379568E+00 -4.520449E-01  3.453729E+00
     24503 -3.933655E+00 -3.603903E-01  6.793370E+00
     24504 -2.924951E+00 -5.276221E-01  1.323911E+00
     24505 -3.081690E+00 -1.083273E-01  2.394081E+00
     24506 -2.447624E+00 -5.733875E-01  3.169104E-01
     24507 -1.697870E+00 -6.887986E-01 -4.272549E-01
     24508 -1.863548E+00 -4.059328E-01 -3.949664E-01
     24509 -2.246880E+00 -8.854777E-01 -2.200451E-01
     24510 -1.431936E+00 -3.359095E-01 -7.025769E-01
     24511 -1.139216E+00 -2.669002E-01 -6.207945E-01
     24512 -1.344358E+00 -6.353245E-01 -6.809320E-01
     24513 -9.464675E-01 -2.308673E-01 -3.841727E-01
     24514 -1.090098E+00 -5.169152E-01 -5.129624E-01
     24515 -8.133298E-01 -2.848233E-01 -1.702610E-01
     24516 -8.011387E-01 -4.096005E-01  1.914782E-02
     24517 -9.424771E-01 -4.807914E-01 -3.429109E-01
     24518 -7.218462E-01 -2.359386E-01  7.343480E-02
     24519 -7.247990E-01 -3.209579E-01  1.859111E-01
     24520 -6.590070E-01 -1.336721E-01  2.899137E-01
     24521 -6.247245E-01 -1.312844E-01  4.017465E-01
     24522 -6.188167E-01 -2.122949E-01  3.633707E-01
     24523 -6.983598E-01 -2.079709E-01  4.144535E-01
     24524 -5.137154E-01 -1.624609E-01  3.909530E-01
     24525 -5.029488E-01 -1.761373E-01  4.211542E-01
     24526 -4.345256E-01 -7.077661E-02  4.448947E-01
     24527 -4.175898E-01 -1.896736E-01  4.365936E-01
     24528 -3.108552E-01 -1.982359E-01  4.029345E-01
     24529 -2.005150E-01 -1.211675E-01  5.556712E-01
     24530 -1.532951E-01 -1.630846E-01  6.107069E-01
     24531 -2.579023E-01 -2.537232E-01  4.671495E-01
     24532 -1.025721E-01 -1.082080E-01  6.787175E-01
     24533 -7.311660E-02 -1.608689E-01  7.453310E-01
     24534 -3.743301E-02 -1.133928E-01  7.766006E-01
     25414  3.062084E-02 -8.147202E-02  8.727214E-01
     25415  1.510676E-02 -1.780053E-01  9.099572E-01
     25416  7.714199E-01  5.678709E-01  9.898799E+00
     25417  2.014336E+00  7.356882E-01  1.027871E+01
     25418  5.075660E-02 -8.289401E-02  8.140181E-01
     25419  7.025419E-02 -1.323487E-01  7.840737E-01
     25420  1.039588E-01 -7.098430E-02  7.253748E-01
     25421  2.602911E-01 -1.265309E-01  5.427992E-01
     25422  1.836802E-01 -9.029342E-02  5.884260E-01
     25423  1.457011E-01 -1.496240E-01  6.677440E-01
     25424  3.795011E-01 -1.177758E-01  4.636060E-01
     25425  2.974084E-01 -6.678816E-02  5.058601E-01
     25426  4.152499E-01 -7.201860E-02  4.325401E-01
     25427  5.035973E-01 -1.298595E-01  4.035196E-01
     25428  6.050311E-01 -1.628725E-01  3.428218E-01
     25429  5.281709E-01 -8.283233E-02  3.860673E-01
     25430  6.376733E-01 -1.461542E-01  2.920067E-01
     25431  7.869594E-01 -2.088796E-01  2.301302E-01
     25432  7.509100E-01 -5.405517E-02  3.006908E-01
     25433  7.685996E-01 -1.711321E-01  3.002234E-01
     25434  8.161757E-01 -2.119297E-01  1.102111E-01
     25435  9.098792E-01 -1.824905E-01  5.230849E-03
     25436  1.003124E+00 -3.580939E-01 -3.781936E-02
     25437  9.344149E-01 -3.351946E-01  3.150724E-02
     25438  1.026751E+00 -2.364964E-01 -2.123932E-01
     25439  1.199727E+00 -2.382422E-01 -3.781426E-01
     25440  1.165478E+00 -4.406606E-01 -2.742587E-01
     25441  1.458340E+00 -3.013251E-01 -4.795343E-01
     25442  1.719094E+00 -5.887446E-01 -2.257486E-01
     25443  1.397151E+00 -5.631323E-01 -5.388505E-01
     25444  1.853247E+00 -3.082502E-01 -1.789854E-01
     25445  2.167959E+00 -6.211546E-01  1.193049E-01
     25446  2.362475E+00 -3.468668E-01  5.791417E-01
     25447  2.720254E+00 -6.883358E-01  1.224837E+00
     25448  2.920748E+00 -4.262661E-01  2.138057E+00
     25449  3.441659E+00 -2.135649E-01  4.606502E+00
     25450  3.592843E+00  1.255722E-02  5.770619E+00
     25451  3.398816E+00 -5.338186E-01  3.288232E+00
     25452  3.394351E+00 -1.447270E-01  7.749387E+00
     25453  3.225047E+00  3.516312E-01  8.863706E+00
     25454  2.435600E+00  5.924931E-02  1.015644E+01
     28582  6.898807E-01 -2.410981E+00  4.648340E-01
     28583  4.498415E-01 -1.154539E+00 -7.399722E-01
     28584  7.637452E-01 -6.538664E-01  8.955407E-01
     28585  1.992213E+00 -1.076985E+00  1.532362E+00
     28586  1.873498E+00  1.804436E+01 -7.589699E+01
     28587  3.209215E+00  1.864447E+01 -7.010887E+01
     28588 -6.094214E-01  1.421399E+01 -6.479251E+01
     28589  1.887410E+00  1.235547E+01 -2.251256E+01
     28590  3.588630E-01  1.342918E+01 -2.787676E+01
     28591  1.374494E+00  1.450360E+01 -2.276374E+01
     28592  6.041342E-01  1.143364E+01 -1.949594E+01
     28593  5.808034E+00  1.557028E+01 -6.090263E+01
     28594 -2.769375E-01  1.369005E+01 -3.113670E+01
     28595  1.682121E+00  1.502063E+01 -3.319181E+01
     28596  1.557312E+00  1.371692E+01 -2.453226E+01
     28597  2.657446E+00  1.396071E+01 -2.432080E+01
     28598 -6.089776E-01  1.408989E+01 -4.461606E+01
     28599  1.160871E+00  1.605662E+01 -4.741914E+01
     28600  1.781812E+00  1.433620E+01 -3.680419E+01
     28601  1.269718E+00  1.367815E+01 -2.802730E+01
     28602  3.644094E+00  1.515789E+01 -3.789635E+01
     28603  2.247180E+00  1.368708E+01 -5.594752E+01
     28604  1.521866E+00  1.440061E+01 -4.321380E+01
     32020 -4.137082E-01 -1.078804E+00 -7.034066E-01
     32021 -5.778653E-01 -2.183558E+00  4.214372E-01
     32022 -6.625752E-01 -6.083148E-01  8.162518E-01
     32023 -1.810861E+00 -1.002397E+00  1.402138E+00
     32024 -4.374728E-01  1.239217E+01 -2.586532E+01
     32025 -1.841503E+00  1.131164E+01 -2.048342E+01
     32026 -6.647255E-01  1.039725E+01 -1.776807E+01
     32027 -3.159625E+00  1.706452E+01 -6.400855E+01
     32028 -1.933956E+00  1.656871E+01 -6.986721E+01
     32029 -5.497854E+00  1.436323E+01 -5.550698E+01
     32030 -1.357654E+00  1.348714E+01 -2.105175E+01
     32031  3.746529E-01  1.291985E+01 -5.975744E+01
     32032 -2.530377E+00  1.281532E+01 -2.200327E+01
     32033 -1.323633E+00  1.250514E+01 -2.544266E+01
     32034 -1.592273E+00  1.257279E+01 -2.264407E+01
     32035  1.272476E-01  1.256245E+01 -2.896413E+01
     32036 -3.453016E+00  1.393126E+01 -3.439851E+01
     32037 -1.566110E+00  1.317220E+01 -3.931103E+01
     32038 -1.810266E+00  1.315801E+01 -3.385641E+01
     32039 -1.706819E+00  1.386451E+01 -3.077078E+01
     32040  4.151224E-01  1.290030E+01 -4.133154E+01
     32041 -2.291722E+00  1.257214E+01 -5.138863E+01
     32042 -1.235036E+00  1.481428E+01 -4.383538E+01
     34898  1.913662E-01  1.686821E-01 -1.107628E-01
     34899 -1.720511E-01  1.604694E-01 -9.214297E-02
     34900  2.007873E-02 -1.320756E-02 -6.711468E-02
     34901 -1.961630E-02 -1.528207E-02 -8.003760E-02
     34902 -1.314959E-02 -3.274445E-03 -9.536974E-02
     34903  1.345861E-02 -2.645510E-03 -1.062591E-01
     34904  3.549363E-02  2.980353E-02 -8.728585E-02
     34905 -1.758325E-02  2.470726E-02 -8.720494E-02
     34906 -2.258121E+00  2.372725E+00  8.950502E+00
     34907 -3.356066E+00  1.657885E+00  7.605404E+00
     34908 -2.187852E+00  1.982244E+00  6.173993E+00
     34909 -1.065353E-01  3.403724E-01  1.031214E+00
     34910  3.754118E-02  3.356503E-01  1.045639E+00
     34911  8.572831E-02  3.438662E-01  1.015799E+00
     34912 -5.459754E-02  3.414651E-01  1.045359E+00
     34913  3.156466E+00  1.474894E+00  6.902278E+00
     34914  2.161534E+00  2.054695E+00  8.074777E+00
     34915  2.116406E+00  1.742374E+00  5.569233E+00
     34916 -3.331481E+00  2.253817E+00  4.873539E+00
     34917  3.153145E+00  2.026288E+00  4.433336E+00
     34918 -2.337523E+00  1.309578E+00  5.269634E+00
     34919 -2.341838E+00  1.581250E+00  5.632541E+00
     34920 -2.243363E+00  2.576057E+00  3.579337E+00
     34921 -1.711611E+00  1.448572E+00  1.374431E+00
     34922 -2.697873E+00  9.541928E-01  4.217189E+00
     34923 -2.702987E+00  1.102480E+00  4.392981E+00
     34924 -2.522205E+00  3.030485E+00  2.348239E+00
     34925 -2.214958E+00  1.418460E+00  1.775452E+00
     34926 -1.703028E+00  1.127016E+00  1.200813E+00
     34927 -2.704806E+00  6.358935E-01  2.900710E+00
     34928 -2.771986E+00  7.588332E-01  3.196103E+00
     34929 -2.459041E+00  2.201398E+00  2.231353E+00
     34930 -2.158099E+00  1.178390E+00  1.849544E+00
     34931 -1.879004E+00  8.558794E-01  1.595218E+00
     34932 -3.363503E+00  1.135140E+00  3.196605E+00
     34933 -4.430625E+00  1.117127E+00  3.749649E+00
     34934 -2.155933E+00  9.289157E-01  2.087732E+00
     34935 -3.895396E+00  1.152845E+00  3.295820E+00
     34936 -3.593950E+00  5.094100E-01  2.616130E+00
     34937 -3.458769E+00  4.957749E-01  2.536693E+00
     34938 -2.942361E+00  2.400061E-01  1.875809E+00
     34939 -2.803886E+00  2.391125E-01  1.859293E+00
     34940 -2.381197E+00  1.159126E-01  1.387176E+00
     34941 -2.288052E+00  1.312569E-01  1.457395E+00
     34942 -1.952717E+00  7.311245E-02  1.100534E+00
     34943 -1.635126E+00  7.268406E-02  9.486051E-01
     34944 -1.903907E+00  1.007494E-01  1.197972E+00
     34945 -1.404599E+00  6.225418E-02  8.830390E-01
     34946 -1.635997E+00  9.714009E-02  1.065550E+00
     34947 -1.241521E+00  1.043585E-01  8.465709E-01
     34948 -1.444487E+00  1.213076E-01  1.013124E+00
     34949 -1.112325E+00  1.436381E-01  8.062897E-01
     34950 -1.287362E+00  1.653923E-01  9.469599E-01
     34951 -9.784581E-01  1.298637E-01  8.155515E-01
     34952 -1.142297E+00  1.720088E-01  9.042284E-01
     34953 -8.061389E-01  1.439874E-01  7.792823E-01
     34954 -9.956251E-01  1.231651E-01  8.839318E-01
     34955 -6.464375E-01  1.975092E-01  7.840112E-01
     34956 -8.239738E-01  2.070540E-01  8.329894E-01
     34957 -4.525277E-01  1.784128E-01  8.175544E-01
     34958 -6.441612E-01  1.908354E-01  8.376273E-01
     34959 -2.779068E-01  2.341037E-01  8.688123E-01
     34960 -4.673392E-01  2.223368E-01  8.879472E-01
     34961 -1.344716E-01  2.862303E-01  9.326517E-01
     34962 -3.113176E-01  2.753377E-01  9.275568E-01
     34963 -3.584759E-02  3.255737E-01  9.986857E-01
     34964 -1.902744E-01  3.162180E-01  9.883783E-01
     34965  1.761249E-02  3.294152E-01  9.766857E-01
     34966  1.670374E-01  3.191131E-01  9.510290E-01
     34967  2.764872E-01  2.727535E-01  8.557409E-01
     34968  1.145980E-01  2.918251E-01  8.884075E-01
     34969  2.600018E-01  2.400153E-01  7.832333E-01
     34970  4.273344E-01  2.277417E-01  7.642988E-01
     34971  6.062442E-01  1.966234E-01  6.934204E-01
     34972  4.395406E-01  2.043790E-01  6.928816E-01
     34973  8.045506E-01  1.684377E-01  6.580999E-01
     34974  6.371594E-01  1.737964E-01  6.228776E-01
     34975  8.380988E-01  1.440022E-01  5.946768E-01
     34976  1.004742E+00  1.436077E-01  6.689549E-01
     34977  1.199944E+00  1.287319E-01  6.944958E-01
     34978  1.029962E+00  1.143306E-01  5.920974E-01
     34979  1.368821E+00  1.266190E-01  7.757167E-01
     34980  1.221164E+00  1.307633E-01  6.448218E-01
     34981  1.561675E+00  1.119815E-01  8.528635E-01
     34982  1.377327E+00  8.680359E-02  6.778792E-01
     34983  1.753658E+00  1.119408E-01  9.551285E-01
     34984  1.555073E+00  9.058215E-02  7.554493E-01
     34985  2.011068E+00  1.200524E-01  1.112410E+00
     34986  1.764416E+00  8.240555E-02  8.480911E-01
     34987  2.351660E+00  1.624354E-01  1.378562E+00
     34988  2.052983E+00  1.020417E-01  1.029071E+00
     34989  2.811730E+00  2.668235E-01  1.742896E+00
     34990  2.432970E+00  1.481492E-01  1.303361E+00
     34991  3.393817E+00  5.193755E-01  2.315578E+00
     34992  2.935885E+00  2.943018E-01  1.737979E+00
     34993  3.811230E+00  8.784742E-01  3.086578E+00
     34994  3.702923E+00  6.042484E-01  2.555100E+00
     34995  3.318737E+00  1.482356E+00  2.743111E+00
     34996  4.064241E+00  9.207119E-01  3.192244E+00
     34997  2.649618E+00  7.490774E-01  2.929450E+00
     34998  2.576067E+00  6.279102E-01  2.735821E+00
     34999  2.061875E+00  8.806096E-01  1.903176E+00
     35000  2.579526E+00  1.038919E+00  4.007895E+00
     35001  2.590229E+00  9.145369E-01  3.851246E+00
     35002  2.338262E+00  1.985342E+00  1.994615E+00
     35003  2.086879E+00  1.079110E+00  1.647245E+00
     35004  1.798307E+00  7.992561E-01  1.432053E+00
     35005  2.248130E+00  1.418069E+00  5.100966E+00
     35006  2.258115E+00  1.193111E+00  4.790061E+00
     35007  2.397508E+00  2.727364E+00  2.138929E+00
     35008  2.136232E+00  1.282615E+00  1.613784E+00
     35009  1.663286E+00  1.040556E+00  1.077491E+00
     35010  2.155196E+00  2.318397E+00  3.283206E+00
     35011  1.671875E+00  1.317569E+00  1.247368E+00
     35658  2.737239E-01  7.583239E-01 -4.825397E-01
     35659  1.193009E-01  2.956482E-01 -2.887145E-01
     35660  6.408077E-03 -1.692581E-02 -1.231576E-02
     35661 -1.970925E-01 -3.745277E-02 -2.032185E-01
     35662  1.514288E-01 -7.046998E-02 -2.058590E-01
     35663 -2.088354E-01  1.846574E-01  4.078471E+00
     35664  2.649488E-01 -3.079455E-01  5.506910E+00
     35665 -8.665160E-01  1.723733E+00  8.068279E+00
     35666 -4.973762E-01  9.095669E-01  5.482986E+00
     35667  3.028841E-02  8.537347E-01  5.846125E+00
     35668  7.254192E-01 -4.292760E-01  9.140778E+00
     35669 -1.836227E+00  6.308264E+00  1.458192E+01
     35670 -1.712481E+00  5.082161E+00  1.392730E+01
     35671 -1.774631E+00  3.060448E+00  1.239062E+01
     35672  1.754299E-01  4.457040E+00  1.776883E+01
     35673 -1.020922E+00  2.015582E+00  8.620185E+00
     35674  2.961102E-01  9.836325E-01  1.055866E+01
     35675 -5.931944E-01  5.591750E+00  2.477755E+01
     35676 -1.893810E+00  5.690996E+00  1.805169E+01
     35677 -1.609385E+00  7.618724E+00  1.346517E+01
     35678 -3.553430E-01  7.725952E+00  2.028453E+01
     35679 -1.954651E+00  8.769460E+00  1.251729E+01
     35680 -1.733731E+00  7.942926E+00  1.326723E+01
     35681 -1.334726E+00  8.024703E+00  1.612802E+01
     35682 -2.665626E+00  7.230028E+00  1.570107E+01
     35683 -1.264781E+00  6.389737E+00  1.581949E+01
     35684 -1.524084E+00  7.571788E+00  1.822199E+01
     35685 -9.041778E-01  6.360437E+00  1.694794E+01
     36115 -2.319218E-01  6.927922E-01 -4.404638E-01
     36116 -8.320113E-02  2.657547E-01 -2.661712E-01
     36117  7.432536E-03 -1.241066E-02 -1.027062E-02
     36118  1.894502E-01 -3.422843E-02 -1.886610E-01
     36119 -1.235190E-01 -5.810188E-02 -1.821065E-01
     36120 -2.071825E-01 -2.837590E-01  4.876391E+00
     36121  2.035402E-01  1.631573E-01  3.642937E+00
     36122  4.799715E-01  8.021348E-01  4.906990E+00
     36123  8.132890E-01  1.528984E+00  7.244541E+00
     36124 -6.214569E-03  7.420221E-01  5.195051E+00
     36125 -6.588876E-01 -3.928699E-01  8.001754E+00
     36126  1.556795E+00  2.716840E+00  1.114646E+01
     36127 -1.904781E-01  3.972713E+00  1.589497E+01
     36128  1.517761E+00  4.560963E+00  1.266676E+01
     36129  9.149136E-01  1.793884E+00  7.688425E+00
     36130  1.632764E+00  5.671428E+00  1.331172E+01
     36131 -2.587792E-01  8.546654E-01  9.292219E+00
     36132  1.671248E+00  5.164617E+00  1.658382E+01
     36133  4.880213E-01  5.073181E+00  2.247712E+01
     36134  2.714190E-01  6.976729E+00  1.837028E+01
     36135  1.425302E+00  6.915913E+00  1.241905E+01
     36136  2.336048E+00  6.549166E+00  1.418982E+01
     36137  1.308411E+00  6.836430E+00  1.642971E+01
     36138  1.153334E+00  7.266867E+00  1.467765E+01
     36139  1.696515E+00  7.926076E+00  1.150560E+01
     36140  7.713880E-01  5.721194E+00  1.522113E+01
     36141  1.035535E+00  5.757770E+00  1.430902E+01
     36142  1.528983E+00  7.180040E+00  1.217832E+01

 total force (fx,fy,fz) for set FEET and time  0.6000000E+01

        1.890734E-09  9.192533E+02 -7.713451E+02
