
************************************************************

CalculiX Version 2.21, Copyright(C) 1998-2023 Guido Dhondt
CalculiX comes with ABSOLUTELY NO WARRANTY. This is free
software, and you are welcome to redistribute it under
certain conditions, see gpl.htm

************************************************************

You are using an executable made on Sat Jul 29 10:52:01 CEST 2023

  The numbers below are estimated upper bounds

  number of:

   nodes:           35
   elements:           99
   one-dimensional elements:            0
   two-dimensional elements:            0
   integration points per element:            8
   degrees of freedom per node:            3
   layers per element:            1

   distributed facial loads:            0
   distributed volumetric loads:            0
   concentrated loads:           18
   single point constraints:           39
   multiple point constraints:            1
   terms in all multiple point constraints:            1
   tie constraints:            1
   dependent nodes tied by cyclic constraints:            0
   dependent nodes in pre-tension constraints:            0

   sets:            9
   terms in all sets:           94

   materials:            2
   constants per material and temperature:            8
   temperature points per material:            1
   plastic data points per material:            0

   orientations:            0
   amplitudes:            5
   data points in all amplitudes:            5
   print requests:           10
   transformations:            0
   property cards:            0

 *INFO reading *SURFACE BEHAVIOR: the tension
       value at large clearances
       (only relevant for node-to-surface contact)
       must be strictly positive
       the following default will be used:  0.10000000000000001     
       the user is advised to analyze the results
       carefully

 STEP            1

 *INFO reading *STEP: nonlinear geometric
       effects are turned on

 Static analysis was selected

 Newton-Raphson iterative procedure is active

 Nonlinear geometric effects are taken into account

 Decascading the MPC's

 Determining the structure of the matrix:
 Using up to 2 cpu(s) for setting up the structure of the matrix.
 number of equations
 75
 number of nonzero lower triangular matrix elements
 1143

 increment 1 attempt 1 
 increment size= 2.500000e-01
 sum of previous increments=0.000000e+00
 actual step time=2.500000e-01
 actual total time=2.500000e-01

 iteration 1

 Determining the structure of the matrix:

 Using up to 2 cpu(s) for setting up the structure of the matrix.
 number of equations
 75
 number of nonzero lower triangular matrix elements
 1143

 Using up to 2 cpu(s) for the stress calculation.

 Using up to 2 cpu(s) for the symmetric stiffness/mass contributions.

 Using up to 2 cpu(s) for the stress calculation.

 Using up to 2 cpu(s) for the symmetric stiffness/mass contributions.

 Factoring the system of equations using the unsymmetric spooles solver
 Using 1 cpu for spooles.

MORTAR_OBSERVER {"kind":"BEGIN","call_id":1,"step":1,"inc":1,"cutback":0,"iteration":1,"time":0.25,"dtime":0.25,"ttime":0,"tper":1,"theta":0,"dtheta":0.25,"icntrl":0,"nmethod":1,"iexpl":0,"ithermal":0,"uncoupled":0,"mortar":2,"iflagdualquad":2}
MORTAR_OBSERVER {"kind":"KIN_INVENTORY","call_id":1,"all_node_count":35,"physical_count":13,"dd_count":62,"bd_count":36,"slave_count":9}
MORTAR_OBSERVER {"kind":"KIN_NODE","call_id":1,"node":1,"dd_count":9,"bd_count":0,"b2":[-4.6626212485864679e-06,-4.6626212485864374e-06,-2.8333218538059358e-05],"vold":[0,0,0],"vini":[0,0,0]}
MORTAR_OBSERVER {"kind":"KIN_DD","call_id":1,"node":1,"entry":0,"row_node":1,"slave_slot":0,"value":1333.3333532015426}
MORTAR_OBSERVER {"kind":"KIN_DD","call_id":1,"node":1,"entry":1,"row_node":2,"slave_slot":1,"value":1.2908193353553597e-13}
MORTAR_OBSERVER {"kind":"KIN_DD","call_id":1,"node":1,"entry":2,"row_node":3,"slave_slot":2,"value":2.1183055048458906e-13}
MORTAR_OBSERVER {"kind":"KIN_DD","call_id":1,"node":1,"entry":3,"row_node":4,"slave_slot":3,"value":-6.0840224727308809e-14}
MORTAR_OBSERVER {"kind":"KIN_DD","call_id":1,"node":1,"entry":4,"row_node":17,"slave_slot":4,"value":-333.33333830038623}
MORTAR_OBSERVER {"kind":"KIN_DD","call_id":1,"node":1,"entry":5,"row_node":18,"slave_slot":5,"value":1.0319522789449155e-13}
MORTAR_OBSERVER {"kind":"KIN_DD","call_id":1,"node":1,"entry":6,"row_node":19,"slave_slot":6,"value":-666.66667660077258}
MORTAR_OBSERVER {"kind":"KIN_DD","call_id":1,"node":1,"entry":7,"row_node":23,"slave_slot":7,"value":1.634618428003338e-13}
MORTAR_OBSERVER {"kind":"KIN_DD","call_id":1,"node":1,"entry":8,"row_node":24,"slave_slot":8,"value":-333.33333830038583}
MORTAR_OBSERVER {"kind":"KIN_NODE","call_id":1,"node":2,"dd_count":6,"bd_count":0,"b2":[4.8526185540646533e-06,-5.3186993206569914e-06,-2.6522489222343335e-05],"vold":[0,0,0],"vini":[0,0,0]}
MORTAR_OBSERVER {"kind":"KIN_DD","call_id":1,"node":2,"entry":9,"row_node":1,"slave_slot":0,"value":-2.3684736168155963e-15}
MORTAR_OBSERVER {"kind":"KIN_DD","call_id":1,"node":2,"entry":10,"row_node":2,"slave_slot":1,"value":666.66667660077167}
MORTAR_OBSERVER {"kind":"KIN_DD","call_id":1,"node":2,"entry":11,"row_node":3,"slave_slot":2,"value":4.1300297023393274e-14}
MORTAR_OBSERVER {"kind":"KIN_DD","call_id":1,"node":2,"entry":12,"row_node":17,"slave_slot":4,"value":-333.33333830038617}
MORTAR_OBSERVER {"kind":"KIN_DD","call_id":1,"node":2,"entry":13,"row_node":18,"slave_slot":5,"value":-333.33333830038595}
MORTAR_OBSERVER {"kind":"KIN_DD","call_id":1,"node":2,"entry":14,"row_node":19,"slave_slot":6,"value":3.8274939292318796e-13}
MORTAR_OBSERVER {"kind":"KIN_NODE","call_id":1,"node":3,"dd_count":9,"bd_count":0,"b2":[5.8167470245421918e-06,5.8167470245421181e-06,-2.7609775410915516e-05],"vold":[0,0,0],"vini":[0,0,0]}
MORTAR_OBSERVER {"kind":"KIN_DD","call_id":1,"node":3,"entry":15,"row_node":1,"slave_slot":0,"value":1.9267458038412062e-13}
MORTAR_OBSERVER {"kind":"KIN_DD","call_id":1,"node":3,"entry":16,"row_node":2,"slave_slot":1,"value":1.61190507461231e-13}
MORTAR_OBSERVER {"kind":"KIN_DD","call_id":1,"node":3,"entry":17,"row_node":3,"slave_slot":2,"value":1333.3333532015431}
MORTAR_OBSERVER {"kind":"KIN_DD","call_id":1,"node":3,"entry":18,"row_node":4,"slave_slot":3,"value":1.2567724696107962e-13}
MORTAR_OBSERVER {"kind":"KIN_DD","call_id":1,"node":3,"entry":19,"row_node":17,"slave_slot":4,"value":-2.1752970384039565e-13}
MORTAR_OBSERVER {"kind":"KIN_DD","call_id":1,"node":3,"entry":20,"row_node":18,"slave_slot":5,"value":-333.33333830038589}
MORTAR_OBSERVER {"kind":"KIN_DD","call_id":1,"node":3,"entry":21,"row_node":19,"slave_slot":6,"value":-666.66667660077212}
MORTAR_OBSERVER {"kind":"KIN_DD","call_id":1,"node":3,"entry":22,"row_node":23,"slave_slot":7,"value":-333.33333830038634}
MORTAR_OBSERVER {"kind":"KIN_DD","call_id":1,"node":3,"entry":23,"row_node":24,"slave_slot":8,"value":3.6297817328094642e-13}
MORTAR_OBSERVER {"kind":"KIN_NODE","call_id":1,"node":4,"dd_count":6,"bd_count":0,"b2":[-5.318699320656905e-06,4.8526185540646787e-06,-2.6522489222343298e-05],"vold":[0,0,0],"vini":[0,0,0]}
MORTAR_OBSERVER {"kind":"KIN_DD","call_id":1,"node":4,"entry":24,"row_node":1,"slave_slot":0,"value":-2.3708350282496476e-13}
MORTAR_OBSERVER {"kind":"KIN_DD","call_id":1,"node":4,"entry":25,"row_node":3,"slave_slot":2,"value":-2.6987671724565678e-14}
MORTAR_OBSERVER {"kind":"KIN_DD","call_id":1,"node":4,"entry":26,"row_node":4,"slave_slot":3,"value":666.6666766007711}
MORTAR_OBSERVER {"kind":"KIN_DD","call_id":1,"node":4,"entry":27,"row_node":19,"slave_slot":6,"value":1.5339581045152114e-14}
MORTAR_OBSERVER {"kind":"KIN_DD","call_id":1,"node":4,"entry":28,"row_node":23,"slave_slot":7,"value":-333.33333830038572}
MORTAR_OBSERVER {"kind":"KIN_DD","call_id":1,"node":4,"entry":29,"row_node":24,"slave_slot":8,"value":-333.33333830038504}
MORTAR_OBSERVER {"kind":"KIN_NODE","call_id":1,"node":13,"dd_count":0,"bd_count":9,"b2":[-7.016869554528275e-06,-7.0168695545282546e-06,-2.8392586231197407e-05],"vold":[0,0,0],"vini":[0,0,0]}
MORTAR_OBSERVER {"kind":"KIN_BD","call_id":1,"node":13,"entry":0,"row_node":1,"slave_slot":0,"value":-1120.3701734107549}
MORTAR_OBSERVER {"kind":"KIN_BD","call_id":1,"node":13,"entry":1,"row_node":2,"slave_slot":1,"value":-50.925896101509977}
MORTAR_OBSERVER {"kind":"KIN_BD","call_id":1,"node":13,"entry":2,"row_node":3,"slave_slot":2,"value":-9.2592476461292854}
MORTAR_OBSERVER {"kind":"KIN_BD","call_id":1,"node":13,"entry":3,"row_node":4,"slave_slot":3,"value":-50.925896101510347}
MORTAR_OBSERVER {"kind":"KIN_BD","call_id":1,"node":13,"entry":4,"row_node":17,"slave_slot":4,"value":-458.33318089301224}
MORTAR_OBSERVER {"kind":"KIN_BD","call_id":1,"node":13,"entry":5,"row_node":18,"slave_slot":5,"value":-41.666780466642962}
MORTAR_OBSERVER {"kind":"KIN_BD","call_id":1,"node":13,"entry":6,"row_node":19,"slave_slot":6,"value":-268.51860031225476}
MORTAR_OBSERVER {"kind":"KIN_BD","call_id":1,"node":13,"entry":7,"row_node":23,"slave_slot":7,"value":-41.666780466642194}
MORTAR_OBSERVER {"kind":"KIN_BD","call_id":1,"node":13,"entry":8,"row_node":24,"slave_slot":8,"value":-458.33318089301287}
MORTAR_OBSERVER {"kind":"KIN_NODE","call_id":1,"node":14,"dd_count":0,"bd_count":9,"b2":[6.0503426226305603e-06,-7.1338654829655739e-06,-2.5884817751409771e-05],"vold":[0,0,0],"vini":[0,0,0]}
MORTAR_OBSERVER {"kind":"KIN_BD","call_id":1,"node":14,"entry":9,"row_node":1,"slave_slot":0,"value":-101.85196607232911}
MORTAR_OBSERVER {"kind":"KIN_BD","call_id":1,"node":14,"entry":10,"row_node":2,"slave_slot":1,"value":-560.18531422624903}
MORTAR_OBSERVER {"kind":"KIN_BD","call_id":1,"node":14,"entry":11,"row_node":3,"slave_slot":2,"value":-101.85196607232942}
MORTAR_OBSERVER {"kind":"KIN_BD","call_id":1,"node":14,"entry":12,"row_node":4,"slave_slot":3,"value":-4.6295701715018307}
MORTAR_OBSERVER {"kind":"KIN_BD","call_id":1,"node":14,"entry":13,"row_node":17,"slave_slot":4,"value":-458.3332694826928}
MORTAR_OBSERVER {"kind":"KIN_BD","call_id":1,"node":14,"entry":14,"row_node":18,"slave_slot":5,"value":-458.33326948269183}
MORTAR_OBSERVER {"kind":"KIN_BD","call_id":1,"node":14,"entry":15,"row_node":19,"slave_slot":6,"value":-731.48138975363327}
MORTAR_OBSERVER {"kind":"KIN_BD","call_id":1,"node":14,"entry":16,"row_node":23,"slave_slot":7,"value":-41.666759223541774}
MORTAR_OBSERVER {"kind":"KIN_BD","call_id":1,"node":14,"entry":17,"row_node":24,"slave_slot":8,"value":-41.666759223541739}
MORTAR_OBSERVER {"kind":"KIN_NODE","call_id":1,"node":15,"dd_count":0,"bd_count":9,"b2":[6.7766836363871408e-06,6.7766836363870731e-06,-2.7542981913150918e-05],"vold":[0,0,0],"vini":[0,0,0]}
MORTAR_OBSERVER {"kind":"KIN_BD","call_id":1,"node":15,"entry":18,"row_node":1,"slave_slot":0,"value":-9.2592476461289213}
MORTAR_OBSERVER {"kind":"KIN_BD","call_id":1,"node":15,"entry":19,"row_node":2,"slave_slot":1,"value":-50.92589610151002}
MORTAR_OBSERVER {"kind":"KIN_BD","call_id":1,"node":15,"entry":20,"row_node":3,"slave_slot":2,"value":-1120.3701734107551}
MORTAR_OBSERVER {"kind":"KIN_BD","call_id":1,"node":15,"entry":21,"row_node":4,"slave_slot":3,"value":-50.925896101510112}
MORTAR_OBSERVER {"kind":"KIN_BD","call_id":1,"node":15,"entry":22,"row_node":17,"slave_slot":4,"value":-41.666780466642948}
MORTAR_OBSERVER {"kind":"KIN_BD","call_id":1,"node":15,"entry":23,"row_node":18,"slave_slot":5,"value":-458.33318089301247}
MORTAR_OBSERVER {"kind":"KIN_BD","call_id":1,"node":15,"entry":24,"row_node":19,"slave_slot":6,"value":-268.51860031225539}
MORTAR_OBSERVER {"kind":"KIN_BD","call_id":1,"node":15,"entry":25,"row_node":23,"slave_slot":7,"value":-458.3331808930127}
MORTAR_OBSERVER {"kind":"KIN_BD","call_id":1,"node":15,"entry":26,"row_node":24,"slave_slot":8,"value":-41.666780466642372}
MORTAR_OBSERVER {"kind":"KIN_NODE","call_id":1,"node":16,"dd_count":0,"bd_count":9,"b2":[-7.1338654829655103e-06,6.0503426226306009e-06,-2.5884817751409778e-05],"vold":[0,0,0],"vini":[0,0,0]}
MORTAR_OBSERVER {"kind":"KIN_BD","call_id":1,"node":16,"entry":27,"row_node":1,"slave_slot":0,"value":-101.85196607232925}
MORTAR_OBSERVER {"kind":"KIN_BD","call_id":1,"node":16,"entry":28,"row_node":2,"slave_slot":1,"value":-4.6295701715017472}
MORTAR_OBSERVER {"kind":"KIN_BD","call_id":1,"node":16,"entry":29,"row_node":3,"slave_slot":2,"value":-101.85196607232942}
MORTAR_OBSERVER {"kind":"KIN_BD","call_id":1,"node":16,"entry":30,"row_node":4,"slave_slot":3,"value":-560.18531422624903}
MORTAR_OBSERVER {"kind":"KIN_BD","call_id":1,"node":16,"entry":31,"row_node":17,"slave_slot":4,"value":-41.666759223541845}
MORTAR_OBSERVER {"kind":"KIN_BD","call_id":1,"node":16,"entry":32,"row_node":18,"slave_slot":5,"value":-41.666759223541746}
MORTAR_OBSERVER {"kind":"KIN_BD","call_id":1,"node":16,"entry":33,"row_node":19,"slave_slot":6,"value":-731.48138975363327}
MORTAR_OBSERVER {"kind":"KIN_BD","call_id":1,"node":16,"entry":34,"row_node":23,"slave_slot":7,"value":-458.33326948269246}
MORTAR_OBSERVER {"kind":"KIN_BD","call_id":1,"node":16,"entry":35,"row_node":24,"slave_slot":8,"value":-458.33326948269183}
MORTAR_OBSERVER {"kind":"KIN_NODE","call_id":1,"node":17,"dd_count":6,"bd_count":0,"b2":[-1.3418918778021498e-06,-5.7125342881529951e-06,-2.7402627182340984e-05],"vold":[0,0,0],"vini":[0,0,0]}
MORTAR_OBSERVER {"kind":"KIN_DD","call_id":1,"node":17,"entry":30,"row_node":1,"slave_slot":0,"value":-2.4276877046305862e-13}
MORTAR_OBSERVER {"kind":"KIN_DD","call_id":1,"node":17,"entry":31,"row_node":2,"slave_slot":1,"value":-7.6383344853011132e-13}
MORTAR_OBSERVER {"kind":"KIN_DD","call_id":1,"node":17,"entry":32,"row_node":3,"slave_slot":2,"value":-1.021405192801893e-13}
MORTAR_OBSERVER {"kind":"KIN_DD","call_id":1,"node":17,"entry":33,"row_node":17,"slave_slot":4,"value":1666.6666666666615}
MORTAR_OBSERVER {"kind":"KIN_DD","call_id":1,"node":17,"entry":34,"row_node":18,"slave_slot":5,"value":8.3359246260371887e-13}
MORTAR_OBSERVER {"kind":"KIN_DD","call_id":1,"node":17,"entry":35,"row_node":19,"slave_slot":6,"value":-7.9436458201060265e-13}
MORTAR_OBSERVER {"kind":"KIN_NODE","call_id":1,"node":18,"dd_count":5,"bd_count":0,"b2":[5.7827421879202915e-06,-5.2029646474234571e-07,-2.7050728212224191e-05],"vold":[0,0,0],"vini":[0,0,0]}
MORTAR_OBSERVER {"kind":"KIN_DD","call_id":1,"node":18,"entry":36,"row_node":1,"slave_slot":0,"value":-1.9391895689427244e-13}
MORTAR_OBSERVER {"kind":"KIN_DD","call_id":1,"node":18,"entry":37,"row_node":2,"slave_slot":1,"value":-5.358676518757757e-13}
MORTAR_OBSERVER {"kind":"KIN_DD","call_id":1,"node":18,"entry":38,"row_node":17,"slave_slot":4,"value":1.1250260094629545e-12}
MORTAR_OBSERVER {"kind":"KIN_DD","call_id":1,"node":18,"entry":39,"row_node":18,"slave_slot":5,"value":1666.6666666666599}
MORTAR_OBSERVER {"kind":"KIN_DD","call_id":1,"node":18,"entry":40,"row_node":19,"slave_slot":6,"value":-2.4924507150437498e-13}
MORTAR_OBSERVER {"kind":"KIN_NODE","call_id":1,"node":19,"dd_count":9,"bd_count":0,"b2":[-2.7581955078653325e-07,-2.7581955078657062e-07,-2.7225547011233165e-05],"vold":[0,0,0],"vini":[0,0,0]}
MORTAR_OBSERVER {"kind":"KIN_DD","call_id":1,"node":19,"entry":41,"row_node":1,"slave_slot":0,"value":-2.753353128422494e-13}
MORTAR_OBSERVER {"kind":"KIN_DD","call_id":1,"node":19,"entry":42,"row_node":2,"slave_slot":1,"value":1.1842379046978469e-13}
MORTAR_OBSERVER {"kind":"KIN_DD","call_id":1,"node":19,"entry":43,"row_node":3,"slave_slot":2,"value":3.9227880593116182e-14}
MORTAR_OBSERVER {"kind":"KIN_DD","call_id":1,"node":19,"entry":44,"row_node":4,"slave_slot":3,"value":2.412884730821863e-13}
MORTAR_OBSERVER {"kind":"KIN_DD","call_id":1,"node":19,"entry":45,"row_node":17,"slave_slot":4,"value":5.9211895234892347e-14}
MORTAR_OBSERVER {"kind":"KIN_DD","call_id":1,"node":19,"entry":46,"row_node":18,"slave_slot":5,"value":-3.8173168709244658e-13}
MORTAR_OBSERVER {"kind":"KIN_DD","call_id":1,"node":19,"entry":47,"row_node":19,"slave_slot":6,"value":3333.3333333333217}
MORTAR_OBSERVER {"kind":"KIN_DD","call_id":1,"node":19,"entry":48,"row_node":23,"slave_slot":7,"value":-1.6893893859205224e-13}
MORTAR_OBSERVER {"kind":"KIN_DD","call_id":1,"node":19,"entry":49,"row_node":24,"slave_slot":8,"value":-2.4998522019481114e-13}
MORTAR_OBSERVER {"kind":"KIN_NODE","call_id":1,"node":23,"dd_count":6,"bd_count":0,"b2":[-5.2029646474226906e-07,5.7827421879202593e-06,-2.7050728212224188e-05],"vold":[0,0,0],"vini":[0,0,0]}
MORTAR_OBSERVER {"kind":"KIN_DD","call_id":1,"node":23,"entry":50,"row_node":1,"slave_slot":0,"value":3.9079850855028948e-13}
MORTAR_OBSERVER {"kind":"KIN_DD","call_id":1,"node":23,"entry":51,"row_node":3,"slave_slot":2,"value":-5.1514348854356343e-13}
MORTAR_OBSERVER {"kind":"KIN_DD","call_id":1,"node":23,"entry":52,"row_node":4,"slave_slot":3,"value":-3.5675166879022638e-13}
MORTAR_OBSERVER {"kind":"KIN_DD","call_id":1,"node":23,"entry":53,"row_node":19,"slave_slot":6,"value":-5.9211895234892347e-14}
MORTAR_OBSERVER {"kind":"KIN_DD","call_id":1,"node":23,"entry":54,"row_node":23,"slave_slot":7,"value":1666.6666666666624}
MORTAR_OBSERVER {"kind":"KIN_DD","call_id":1,"node":23,"entry":55,"row_node":24,"slave_slot":8,"value":-1.2072750326876723e-12}
MORTAR_OBSERVER {"kind":"KIN_NODE","call_id":1,"node":24,"dd_count":6,"bd_count":0,"b2":[-5.7125342881529782e-06,-1.3418918778021371e-06,-2.7402627182340991e-05],"vold":[0,0,0],"vini":[0,0,0]}
MORTAR_OBSERVER {"kind":"KIN_DD","call_id":1,"node":24,"entry":56,"row_node":1,"slave_slot":0,"value":-1.9243865951340011e-14}
MORTAR_OBSERVER {"kind":"KIN_DD","call_id":1,"node":24,"entry":57,"row_node":3,"slave_slot":2,"value":5.8915835758717881e-13}
MORTAR_OBSERVER {"kind":"KIN_DD","call_id":1,"node":24,"entry":58,"row_node":4,"slave_slot":3,"value":3.582319661710987e-13}
MORTAR_OBSERVER {"kind":"KIN_DD","call_id":1,"node":24,"entry":59,"row_node":19,"slave_slot":6,"value":1.4210854856374163e-13}
MORTAR_OBSERVER {"kind":"KIN_DD","call_id":1,"node":24,"entry":60,"row_node":23,"slave_slot":7,"value":-1.0674794487815437e-12}
MORTAR_OBSERVER {"kind":"KIN_DD","call_id":1,"node":24,"entry":61,"row_node":24,"slave_slot":8,"value":1666.6666666666608}
MORTAR_OBSERVER {"kind":"KIN_GAP","call_id":1,"pair":0,"slot":0,"node":1,"gap":0}
MORTAR_OBSERVER {"kind":"KIN_GAP","call_id":1,"pair":0,"slot":1,"node":2,"gap":0}
MORTAR_OBSERVER {"kind":"KIN_GAP","call_id":1,"pair":0,"slot":2,"node":3,"gap":0}
MORTAR_OBSERVER {"kind":"KIN_GAP","call_id":1,"pair":0,"slot":3,"node":4,"gap":0}
MORTAR_OBSERVER {"kind":"KIN_GAP","call_id":1,"pair":0,"slot":4,"node":17,"gap":0}
MORTAR_OBSERVER {"kind":"KIN_GAP","call_id":1,"pair":0,"slot":5,"node":18,"gap":0}
MORTAR_OBSERVER {"kind":"KIN_GAP","call_id":1,"pair":0,"slot":6,"node":19,"gap":0}
MORTAR_OBSERVER {"kind":"KIN_GAP","call_id":1,"pair":0,"slot":7,"node":23,"gap":0}
MORTAR_OBSERVER {"kind":"KIN_GAP","call_id":1,"pair":0,"slot":8,"node":24,"gap":0}
MORTAR_OBSERVER {"kind":"INVENTORY","call_id":1,"pair_count":1,"slave_count":9}
MORTAR_OBSERVER {"kind":"PAIR","call_id":1,"pair":0,"start":0,"end":9}
MORTAR_OBSERVER {"kind":"PRE_RAW","call_id":1,"pair":0,"slot":0,"node":1,"activity":1,"lambda_raw":[0.00012692061389285342,0.00012692061389285258,-0.0032966404883233106],"lambda_start":[0,0,0],"ddtil_count":1}
MORTAR_OBSERVER {"kind":"DDTIL","call_id":1,"pair":0,"column_slot":0,"source_slot":0,"destination_slot":0,"entry":0,"value":1333.3333532015426}
MORTAR_OBSERVER {"kind":"PRE_RAW","call_id":1,"pair":0,"slot":1,"node":2,"activity":1,"lambda_raw":[-1.6346337510249535e-05,6.5206240227485892e-05,-0.0031944069637296715],"lambda_start":[0,0,0],"ddtil_count":1}
MORTAR_OBSERVER {"kind":"DDTIL","call_id":1,"pair":0,"column_slot":1,"source_slot":1,"destination_slot":1,"entry":1,"value":666.66667660077144}
MORTAR_OBSERVER {"kind":"PRE_RAW","call_id":1,"pair":0,"slot":2,"node":3,"activity":1,"lambda_raw":[2.5394884168422055e-05,2.5394884168420097e-05,-0.0031422439140707868],"lambda_start":[0,0,0],"ddtil_count":1}
MORTAR_OBSERVER {"kind":"DDTIL","call_id":1,"pair":0,"column_slot":2,"source_slot":2,"destination_slot":2,"entry":2,"value":1333.3333532015431}
MORTAR_OBSERVER {"kind":"PRE_RAW","call_id":1,"pair":0,"slot":3,"node":4,"activity":1,"lambda_raw":[6.5206240227487166e-05,-1.6346337510249043e-05,-0.0031944069637296632],"lambda_start":[0,0,0],"ddtil_count":1}
MORTAR_OBSERVER {"kind":"DDTIL","call_id":1,"pair":0,"column_slot":3,"source_slot":3,"destination_slot":3,"entry":3,"value":666.6666766007711}
MORTAR_OBSERVER {"kind":"PRE_RAW","call_id":1,"pair":0,"slot":4,"node":17,"activity":1,"lambda_raw":[-0.00018419456242446225,-2.4249230162242236e-05,-0.0028250775344619383],"lambda_start":[0,0,0],"ddtil_count":1}
MORTAR_OBSERVER {"kind":"DDTIL","call_id":1,"pair":0,"column_slot":4,"source_slot":4,"destination_slot":4,"entry":4,"value":999.99999006588939}
MORTAR_OBSERVER {"kind":"PRE_RAW","call_id":1,"pair":0,"slot":5,"node":18,"activity":1,"lambda_raw":[7.9201154454923165e-05,-8.2919556867581707e-05,-0.0029115875563259521],"lambda_start":[0,0,0],"ddtil_count":1}
MORTAR_OBSERVER {"kind":"DDTIL","call_id":1,"pair":0,"column_slot":5,"source_slot":5,"destination_slot":5,"entry":5,"value":999.99999006588848}
MORTAR_OBSERVER {"kind":"PRE_RAW","call_id":1,"pair":0,"slot":6,"node":19,"activity":1,"lambda_raw":[-4.1587225602924532e-05,-4.1587225602924085e-05,-0.0028411406546443281],"lambda_start":[0,0,0],"ddtil_count":1}
MORTAR_OBSERVER {"kind":"DDTIL","call_id":1,"pair":0,"column_slot":6,"source_slot":6,"destination_slot":6,"entry":6,"value":1999.9999801317781}
MORTAR_OBSERVER {"kind":"PRE_RAW","call_id":1,"pair":0,"slot":7,"node":23,"activity":1,"lambda_raw":[-8.2919556867581598e-05,7.9201154454922948e-05,-0.0029115875563259491],"lambda_start":[0,0,0],"ddtil_count":1}
MORTAR_OBSERVER {"kind":"DDTIL","call_id":1,"pair":0,"column_slot":7,"source_slot":7,"destination_slot":7,"entry":7,"value":999.99999006588996}
MORTAR_OBSERVER {"kind":"PRE_RAW","call_id":1,"pair":0,"slot":8,"node":24,"activity":1,"lambda_raw":[-2.4249230162238855e-05,-0.00018419456242446138,-0.00282507753446194],"lambda_start":[0,0,0],"ddtil_count":1}
MORTAR_OBSERVER {"kind":"DDTIL","call_id":1,"pair":0,"column_slot":8,"source_slot":8,"destination_slot":8,"entry":8,"value":999.99999006588905}
MORTAR_OBSERVER {"kind":"LAW","call_id":1,"pair":0,"slot":0,"node":1,"activity":1,"ndof":3,"normal":[0,0,-1],"tangents":[1,-0,0,-0,1,0],"ln":4.3955207165960903,"lt":[0.16922748771215654,0.16922748771215543],"lt_start":[0,0],"q":0.00043955207165959423,"ut":[0.0016922748771215827,0.0016922748771216055],"gn":0.00043955207165960903,"gt":[0.0016922748771215654,0.0016922748771215543],"b":1.318656170580748,"constant_n":10000000000,"constant_t":100,"mu":0.29999999999999999,"normal_mode":1,"tangent_mode":1,"normal_inverse_stiffness":0.0001,"tangent_inverse_stiffness":0.01,"p0":0,"beta":0,"iwan":1,"rn":4.4398078991036982e-08,"rt":[1.7347234759768071e-17,5.1174342541315809e-17]}
MORTAR_OBSERVER {"kind":"LAW","call_id":1,"pair":0,"slot":1,"node":2,"activity":1,"ndof":3,"normal":[0,0,-1],"tangents":[1,-0,0,-0,1,0],"ln":2.1296046742200212,"lt":[-0.010897558502552586,0.043470827466089552],"lt_start":[0,0],"q":0.00021296046742202182,"ut":[-0.00010897558502550148,0.00043470827466089587],"gn":0.00021296046742200214,"gt":[-0.00010897558502552586,0.00043470827466089555],"b":0.63888146130081458,"constant_n":10000000000,"constant_t":100,"mu":0.29999999999999999,"normal_mode":1,"tangent_mode":1,"normal_inverse_stiffness":0.0001,"tangent_inverse_stiffness":0.01,"p0":0,"beta":0,"iwan":1,"rn":-5.9034808264080141e-08,"rt":[2.4380996353767781e-17,3.2526065174565133e-19]}
MORTAR_OBSERVER {"kind":"LAW","call_id":1,"pair":0,"slot":2,"node":3,"activity":1,"ndof":3,"normal":[0,0,-1],"tangents":[1,-0,0,-0,1,0],"ln":4.1896586145251433,"lt":[0.033859846062446956,0.033859846062444347],"lt_start":[0,0],"q":0.00041896586145254763,"ut":[0.0003385984606244371,0.00033859846062441834],"gn":0.00041896586145251434,"gt":[0.00033859846062446957,0.00033859846062444349],"b":1.256897684212563,"constant_n":10000000000,"constant_t":100,"mu":0.29999999999999999,"normal_mode":1,"tangent_mode":1,"normal_inverse_stiffness":0.0001,"tangent_inverse_stiffness":0.01,"p0":0,"beta":0,"iwan":1,"rn":-9.9855020030403807e-08,"rt":[-3.2471855065940858e-17,-2.5153490401663703e-17]}
MORTAR_OBSERVER {"kind":"LAW","call_id":1,"pair":0,"slot":3,"node":4,"activity":1,"ndof":3,"normal":[0,0,-1],"tangents":[1,-0,0,-0,1,0],"ln":2.1296046742200145,"lt":[0.043470827466090378,-0.010897558502552253],"lt_start":[0,0],"q":0.00021296046742199509,"ut":[0.0004347082746609136,-0.00010897558502550447],"gn":0.00021296046742200146,"gt":[0.00043470827466090379,-0.00010897558502552254],"b":0.6388813831569411,"constant_n":10000000000,"constant_t":100,"mu":0.29999999999999999,"normal_mode":1,"tangent_mode":1,"normal_inverse_stiffness":0.0001,"tangent_inverse_stiffness":0.01,"p0":0,"beta":0,"iwan":1,"rn":1.9109063220668077e-08,"rt":[9.8120296609938151e-18,1.8065518699039718e-17]}
MORTAR_OBSERVER {"kind":"LAW","call_id":1,"pair":0,"slot":4,"node":17,"activity":1,"ndof":3,"normal":[0,0,-1],"tangents":[1,-0,0,-0,1,0],"ln":2.8250775063973057,"lt":[-0.18419456059465308,-0.0242492299213477],"lt_start":[0,0],"q":0.00028250775063972939,"ut":[-0.0018419456059465438,-0.00024249229921344603],"gn":0.00028250775063973059,"gt":[-0.0018419456059465308,-0.00024249229921347702],"b":0.84752324834132453,"constant_n":10000000000,"constant_t":100,"mu":0.29999999999999999,"normal_mode":1,"tangent_mode":1,"normal_inverse_stiffness":0.0001,"tangent_inverse_stiffness":0.01,"p0":0,"beta":0,"iwan":1,"rn":3.5778671136910134e-09,"rt":[-1.3010426069826053e-17,3.0981077078773289e-17]}
MORTAR_OBSERVER {"kind":"LAW","call_id":1,"pair":0,"slot":5,"node":18,"activity":1,"ndof":3,"normal":[0,0,-1],"tangents":[1,-0,0,-0,1,0],"ln":2.9115875274019167,"lt":[0.079201153668130062,-0.082919556043849582],"lt_start":[0,0],"q":0.00029115875274018585,"ut":[0.00079201153668129567,-0.00082919556043851094],"gn":0.0002911587527401917,"gt":[0.00079201153668130065,-0.00082919556043849587],"b":0.87347624065649976,"constant_n":10000000000,"constant_t":100,"mu":0.29999999999999999,"normal_mode":1,"tangent_mode":1,"normal_inverse_stiffness":0.0001,"tangent_inverse_stiffness":0.01,"p0":0,"beta":0,"iwan":1,"rn":1.7564075194265172e-08,"rt":[-4.9873299934333204e-18,-1.5070410197548512e-17]}
MORTAR_OBSERVER {"kind":"LAW","call_id":1,"pair":0,"slot":6,"node":19,"activity":1,"ndof":3,"normal":[0,0,-1],"tangents":[1,-0,0,-0,1,0],"ln":5.6822812528402435,"lt":[-0.083174450379584833,-0.083174450379583945],"lt_start":[0,0],"q":0.00056822812528404751,"ut":[-0.00083174450379585284,-0.00083174450379591876],"gn":0.00056822812528402441,"gt":[-0.00083174450379584839,-0.0008317445037958395],"b":1.704684445132592,"constant_n":10000000000,"constant_t":100,"mu":0.29999999999999999,"normal_mode":1,"tangent_mode":1,"normal_inverse_stiffness":0.0001,"tangent_inverse_stiffness":0.01,"p0":0,"beta":0,"iwan":1,"rn":-6.9280518877334885e-08,"rt":[-4.4452289071905682e-18,-7.9255178808690374e-17]}
MORTAR_OBSERVER {"kind":"LAW","call_id":1,"pair":0,"slot":7,"node":23,"activity":1,"ndof":3,"normal":[0,0,-1],"tangents":[1,-0,0,-0,1,0],"ln":2.9115875274019181,"lt":[-0.082919556043849596,0.079201153668129964],"lt_start":[0,0],"q":0.0002911587527402032,"ut":[-0.00082919556043849121,0.00079201153668127799],"gn":0.00029115875274019181,"gt":[-0.00082919556043849598,0.00079201153668129968],"b":0.87347629237294377,"constant_n":10000000000,"constant_t":100,"mu":0.29999999999999999,"normal_mode":1,"tangent_mode":1,"normal_inverse_stiffness":0.0001,"tangent_inverse_stiffness":0.01,"p0":0,"beta":0,"iwan":1,"rn":-3.4152368377782238e-08,"rt":[4.7704895589362195e-18,-2.1684043449710089e-17]}
MORTAR_OBSERVER {"kind":"LAW","call_id":1,"pair":0,"slot":8,"node":24,"activity":1,"ndof":3,"normal":[0,0,-1],"tangents":[1,-0,0,-0,1,0],"ln":2.8250775063973066,"lt":[-0.02424922992134431,-0.18419456059465217],"lt_start":[0,0],"q":0.00028250775063974262,"ut":[-0.00024249229921345389,-0.0018419456059465557],"gn":0.0002825077506397307,"gt":[-0.00024249229921344311,-0.0018419456059465217],"b":0.84752328769786367,"constant_n":10000000000,"constant_t":100,"mu":0.29999999999999999,"normal_mode":1,"tangent_mode":1,"normal_inverse_stiffness":0.0001,"tangent_inverse_stiffness":0.01,"p0":0,"beta":0,"iwan":1,"rn":-3.5778671692021646e-08,"rt":[-1.0787811616230769e-17,-3.4043948216044839e-17]}
MORTAR_OBSERVER {"kind":"POST_RAW_AFTER_ACTIVE_LOOP","call_id":1,"pair":0,"slot":0,"node":1,"activity":1,"lambda_raw":[0.00012692061389285342,0.00012692061389285258,-0.0032966404883233106],"gap":-0.00043955207165959423}
MORTAR_OBSERVER {"kind":"POST_RAW_AFTER_ACTIVE_LOOP","call_id":1,"pair":0,"slot":1,"node":2,"activity":1,"lambda_raw":[-1.6346337510249535e-05,6.5206240227485892e-05,-0.0031944069637296715],"gap":-0.00021296046742202182}
MORTAR_OBSERVER {"kind":"POST_RAW_AFTER_ACTIVE_LOOP","call_id":1,"pair":0,"slot":2,"node":3,"activity":1,"lambda_raw":[2.5394884168422055e-05,2.5394884168420097e-05,-0.0031422439140707868],"gap":-0.00041896586145254763}
MORTAR_OBSERVER {"kind":"POST_RAW_AFTER_ACTIVE_LOOP","call_id":1,"pair":0,"slot":3,"node":4,"activity":1,"lambda_raw":[6.5206240227487166e-05,-1.6346337510249043e-05,-0.0031944069637296632],"gap":-0.00021296046742199509}
MORTAR_OBSERVER {"kind":"POST_RAW_AFTER_ACTIVE_LOOP","call_id":1,"pair":0,"slot":4,"node":17,"activity":1,"lambda_raw":[-0.00018419456242446225,-2.4249230162242236e-05,-0.0028250775344619383],"gap":-0.00028250775063972939}
MORTAR_OBSERVER {"kind":"POST_RAW_AFTER_ACTIVE_LOOP","call_id":1,"pair":0,"slot":5,"node":18,"activity":1,"lambda_raw":[7.9201154454923165e-05,-8.2919556867581707e-05,-0.0029115875563259521],"gap":-0.00029115875274018585}
MORTAR_OBSERVER {"kind":"POST_RAW_AFTER_ACTIVE_LOOP","call_id":1,"pair":0,"slot":6,"node":19,"activity":1,"lambda_raw":[-4.1587225602924532e-05,-4.1587225602924085e-05,-0.0028411406546443281],"gap":-0.00056822812528404751}
MORTAR_OBSERVER {"kind":"POST_RAW_AFTER_ACTIVE_LOOP","call_id":1,"pair":0,"slot":7,"node":23,"activity":1,"lambda_raw":[-8.2919556867581598e-05,7.9201154454922948e-05,-0.0029115875563259491],"gap":-0.0002911587527402032}
MORTAR_OBSERVER {"kind":"POST_RAW_AFTER_ACTIVE_LOOP","call_id":1,"pair":0,"slot":8,"node":24,"activity":1,"lambda_raw":[-2.4249230162238855e-05,-0.00018419456242446138,-0.00282507753446194],"gap":-0.00028250775063974262}
MORTAR_OBSERVER {"kind":"CFS_INVENTORY","call_id":1,"all_node_count":35,"physical_count":13}
MORTAR_OBSERVER {"kind":"CFS_NODE","call_id":1,"node":1,"force":[0.26643357042482313,0.26643357042482252,-0.61804186756977053]}
MORTAR_OBSERVER {"kind":"CFS_NODE","call_id":1,"node":2,"force":[0.024100244675468244,0.079193757008343871,-0.21738294879640793]}
MORTAR_OBSERVER {"kind":"CFS_NODE","call_id":1,"node":3,"force":[0.062824131033550931,0.062824131033547975,-0.35450641673008287]}
MORTAR_OBSERVER {"kind":"CFS_NODE","call_id":1,"node":4,"force":[0.079193757008343468,0.02410024467546816,-0.21738294879640319]}
MORTAR_OBSERVER {"kind":"CFS_NODE","call_id":1,"node":13,"force":[-0.038062858086855694,-0.038062858086853404,7.6430941806139838]}
MORTAR_OBSERVER {"kind":"CFS_NODE","call_id":1,"node":14,"force":[0.076349097983332365,0.031948502580201786,7.4066358602514146]}
MORTAR_OBSERVER {"kind":"CFS_NODE","call_id":1,"node":15,"force":[-0.010558701943515819,-0.01055870194351357,7.5436340988831452]}
MORTAR_OBSERVER {"kind":"CFS_NODE","call_id":1,"node":16,"force":[0.03194850258019958,0.076349097983331657,7.4066358602514093]}
MORTAR_OBSERVER {"kind":"CFS_NODE","call_id":1,"node":17,"force":[-0.30699093737410266,-0.040415383603737053,-4.7084625574365457]}
MORTAR_OBSERVER {"kind":"CFS_NODE","call_id":1,"node":18,"force":[0.13200192409153785,-0.13819926144596903,-4.8526459272099007]}
MORTAR_OBSERVER {"kind":"CFS_NODE","call_id":1,"node":19,"force":[-0.13862408534308132,-0.13862408534307974,-9.4704688488143933]}
MORTAR_OBSERVER {"kind":"CFS_NODE","call_id":1,"node":23,"force":[-0.13819926144596892,0.13200192409153819,-4.8526459272098972]}
MORTAR_OBSERVER {"kind":"CFS_NODE","call_id":1,"node":24,"force":[-0.040415383603731161,-0.30699093737410132,-4.7084625574365502]}
MORTAR_OBSERVER {"kind":"CFS_END","call_id":1,"scanned_nodes":35,"physical_count":13,"outside_nonzero_count":0}
MORTAR_OBSERVER {"kind":"SUMMARY_PRE_OVERRIDE","call_id":1,"ndiverg":14,"flag":0,"keepset":0,"max_n":9.9855020030403807e-08,"max_t":[3.2471855065940858e-17,7.9255178808690374e-17],"lm_t_av":[0.7111946703508083,0.71119467035080497],"nstick":9,"nslip":0,"ninactive":0,"nnogap":0,"nolm":0}
MORTAR_OBSERVER {"kind":"SUMMARY_POST_OVERRIDE","call_id":1,"flag":0}
MORTAR_OBSERVER {"kind":"RETURN","call_id":1}
 Using up to 2 cpu(s) for the stress calculation.

 average force= 1.167445
 time avg. forc= 1.167445
 largest residual force= 0.000006 in node 19 and dof 3
 largest increment of disp= 9.280095e-05
 largest correction to disp= 9.280095e-05 in node 8 and dof 3

MORTAR_OBSERVER {"kind":"PRE_CHECK","call_id":1,"step":1,"inc":1,"cutback":0,"iteration":1,"time":0.25,"dtime":0.25,"ttime":0,"tper":1,"theta":0,"dtheta":0.25,"icntrl":0,"nmethod":1,"iexpl":0,"ithermal":0,"uncoupled":0,"mortar":2,"iflagdualquad":2}
 no convergence

MORTAR_OBSERVER {"kind":"POST_CHECK","call_id":1,"step":1,"inc":1,"cutback":0,"iteration":2,"time":0.25,"dtime":0.25,"ttime":0,"tper":1,"theta":0,"dtheta":0.25,"icntrl":0,"nmethod":1,"iexpl":0,"ithermal":0,"uncoupled":0,"mortar":2,"iflagdualquad":2}
 iteration 2

 Determining the structure of the matrix:

 Using up to 2 cpu(s) for setting up the structure of the matrix.
 number of equations
 75
 number of nonzero lower triangular matrix elements
 1143

 Using up to 2 cpu(s) for the stress calculation.

 Using up to 2 cpu(s) for the symmetric stiffness/mass contributions.

 Using up to 2 cpu(s) for the stress calculation.

 Using up to 2 cpu(s) for the symmetric stiffness/mass contributions.

 Factoring the system of equations using the unsymmetric spooles solver
 Using 1 cpu for spooles.

MORTAR_OBSERVER {"kind":"BEGIN","call_id":2,"step":1,"inc":1,"cutback":0,"iteration":2,"time":0.25,"dtime":0.25,"ttime":0,"tper":1,"theta":0,"dtheta":0.25,"icntrl":0,"nmethod":1,"iexpl":0,"ithermal":0,"uncoupled":0,"mortar":2,"iflagdualquad":2}
MORTAR_OBSERVER {"kind":"KIN_INVENTORY","call_id":2,"all_node_count":35,"physical_count":13,"dd_count":62,"bd_count":36,"slave_count":9}
MORTAR_OBSERVER {"kind":"KIN_NODE","call_id":2,"node":1,"dd_count":9,"bd_count":0,"b2":[-8.4594900585607954e-13,-8.459490483944391e-13,-1.3222198207805489e-11],"vold":[-4.6626212485864679e-06,-4.6626212485864374e-06,-2.8333218538059358e-05],"vini":[0,0,0]}
MORTAR_OBSERVER {"kind":"KIN_DD","call_id":2,"node":1,"entry":0,"row_node":1,"slave_slot":0,"value":1333.3333532015426}
MORTAR_OBSERVER {"kind":"KIN_DD","call_id":2,"node":1,"entry":1,"row_node":2,"slave_slot":1,"value":1.2908193353553597e-13}
MORTAR_OBSERVER {"kind":"KIN_DD","call_id":2,"node":1,"entry":2,"row_node":3,"slave_slot":2,"value":2.1183055048458906e-13}
MORTAR_OBSERVER {"kind":"KIN_DD","call_id":2,"node":1,"entry":3,"row_node":4,"slave_slot":3,"value":-6.0840224727308809e-14}
MORTAR_OBSERVER {"kind":"KIN_DD","call_id":2,"node":1,"entry":4,"row_node":17,"slave_slot":4,"value":-333.33333830038623}
MORTAR_OBSERVER {"kind":"KIN_DD","call_id":2,"node":1,"entry":5,"row_node":18,"slave_slot":5,"value":1.0319522789449155e-13}
MORTAR_OBSERVER {"kind":"KIN_DD","call_id":2,"node":1,"entry":6,"row_node":19,"slave_slot":6,"value":-666.66667660077258}
MORTAR_OBSERVER {"kind":"KIN_DD","call_id":2,"node":1,"entry":7,"row_node":23,"slave_slot":7,"value":1.634618428003338e-13}
MORTAR_OBSERVER {"kind":"KIN_DD","call_id":2,"node":1,"entry":8,"row_node":24,"slave_slot":8,"value":-333.33333830038583}
MORTAR_OBSERVER {"kind":"KIN_NODE","call_id":2,"node":2,"dd_count":6,"bd_count":0,"b2":[1.0916823936526443e-12,-1.4926500639618621e-12,-1.0352778844059315e-11],"vold":[4.8526185540646533e-06,-5.3186993206569914e-06,-2.6522489222343335e-05],"vini":[0,0,0]}
MORTAR_OBSERVER {"kind":"KIN_DD","call_id":2,"node":2,"entry":9,"row_node":1,"slave_slot":0,"value":-2.3684736168155963e-15}
MORTAR_OBSERVER {"kind":"KIN_DD","call_id":2,"node":2,"entry":10,"row_node":2,"slave_slot":1,"value":666.66667660077167}
MORTAR_OBSERVER {"kind":"KIN_DD","call_id":2,"node":2,"entry":11,"row_node":3,"slave_slot":2,"value":4.1300297023393274e-14}
MORTAR_OBSERVER {"kind":"KIN_DD","call_id":2,"node":2,"entry":12,"row_node":17,"slave_slot":4,"value":-333.33333830038617}
MORTAR_OBSERVER {"kind":"KIN_DD","call_id":2,"node":2,"entry":13,"row_node":18,"slave_slot":5,"value":-333.33333830038595}
MORTAR_OBSERVER {"kind":"KIN_DD","call_id":2,"node":2,"entry":14,"row_node":19,"slave_slot":6,"value":3.8274939292318796e-13}
MORTAR_OBSERVER {"kind":"KIN_NODE","call_id":2,"node":3,"dd_count":9,"bd_count":0,"b2":[1.5744333847741581e-12,1.5744334456222368e-12,-1.1058460164653136e-11],"vold":[5.8167470245421918e-06,5.8167470245421181e-06,-2.7609775410915516e-05],"vini":[0,0,0]}
MORTAR_OBSERVER {"kind":"KIN_DD","call_id":2,"node":3,"entry":15,"row_node":1,"slave_slot":0,"value":1.9267458038412062e-13}
MORTAR_OBSERVER {"kind":"KIN_DD","call_id":2,"node":3,"entry":16,"row_node":2,"slave_slot":1,"value":1.61190507461231e-13}
MORTAR_OBSERVER {"kind":"KIN_DD","call_id":2,"node":3,"entry":17,"row_node":3,"slave_slot":2,"value":1333.3333532015431}
MORTAR_OBSERVER {"kind":"KIN_DD","call_id":2,"node":3,"entry":18,"row_node":4,"slave_slot":3,"value":1.2567724696107962e-13}
MORTAR_OBSERVER {"kind":"KIN_DD","call_id":2,"node":3,"entry":19,"row_node":17,"slave_slot":4,"value":-2.1752970384039565e-13}
MORTAR_OBSERVER {"kind":"KIN_DD","call_id":2,"node":3,"entry":20,"row_node":18,"slave_slot":5,"value":-333.33333830038589}
MORTAR_OBSERVER {"kind":"KIN_DD","call_id":2,"node":3,"entry":21,"row_node":19,"slave_slot":6,"value":-666.66667660077212}
MORTAR_OBSERVER {"kind":"KIN_DD","call_id":2,"node":3,"entry":22,"row_node":23,"slave_slot":7,"value":-333.33333830038634}
MORTAR_OBSERVER {"kind":"KIN_DD","call_id":2,"node":3,"entry":23,"row_node":24,"slave_slot":8,"value":3.6297817328094642e-13}
MORTAR_OBSERVER {"kind":"KIN_NODE","call_id":2,"node":4,"dd_count":6,"bd_count":0,"b2":[-1.492650138201521e-12,1.0916823633515818e-12,-1.0352778868060702e-11],"vold":[-5.318699320656905e-06,4.8526185540646787e-06,-2.6522489222343298e-05],"vini":[0,0,0]}
MORTAR_OBSERVER {"kind":"KIN_DD","call_id":2,"node":4,"entry":24,"row_node":1,"slave_slot":0,"value":-2.3708350282496476e-13}
MORTAR_OBSERVER {"kind":"KIN_DD","call_id":2,"node":4,"entry":25,"row_node":3,"slave_slot":2,"value":-2.6987671724565678e-14}
MORTAR_OBSERVER {"kind":"KIN_DD","call_id":2,"node":4,"entry":26,"row_node":4,"slave_slot":3,"value":666.6666766007711}
MORTAR_OBSERVER {"kind":"KIN_DD","call_id":2,"node":4,"entry":27,"row_node":19,"slave_slot":6,"value":1.5339581045152114e-14}
MORTAR_OBSERVER {"kind":"KIN_DD","call_id":2,"node":4,"entry":28,"row_node":23,"slave_slot":7,"value":-333.33333830038572}
MORTAR_OBSERVER {"kind":"KIN_DD","call_id":2,"node":4,"entry":29,"row_node":24,"slave_slot":8,"value":-333.33333830038504}
MORTAR_OBSERVER {"kind":"KIN_NODE","call_id":2,"node":13,"dd_count":0,"bd_count":9,"b2":[-2.2795465671522515e-12,-2.2795465984744301e-12,-1.3792223147101262e-11],"vold":[-7.016869554528275e-06,-7.0168695545282546e-06,-2.8392586231197407e-05],"vini":[0,0,0]}
MORTAR_OBSERVER {"kind":"KIN_BD","call_id":2,"node":13,"entry":0,"row_node":1,"slave_slot":0,"value":-1120.3701734107549}
MORTAR_OBSERVER {"kind":"KIN_BD","call_id":2,"node":13,"entry":1,"row_node":2,"slave_slot":1,"value":-50.925896101509977}
MORTAR_OBSERVER {"kind":"KIN_BD","call_id":2,"node":13,"entry":2,"row_node":3,"slave_slot":2,"value":-9.2592476461292854}
MORTAR_OBSERVER {"kind":"KIN_BD","call_id":2,"node":13,"entry":3,"row_node":4,"slave_slot":3,"value":-50.925896101510347}
MORTAR_OBSERVER {"kind":"KIN_BD","call_id":2,"node":13,"entry":4,"row_node":17,"slave_slot":4,"value":-458.33318089301224}
MORTAR_OBSERVER {"kind":"KIN_BD","call_id":2,"node":13,"entry":5,"row_node":18,"slave_slot":5,"value":-41.666780466642962}
MORTAR_OBSERVER {"kind":"KIN_BD","call_id":2,"node":13,"entry":6,"row_node":19,"slave_slot":6,"value":-268.51860031225476}
MORTAR_OBSERVER {"kind":"KIN_BD","call_id":2,"node":13,"entry":7,"row_node":23,"slave_slot":7,"value":-41.666780466642194}
MORTAR_OBSERVER {"kind":"KIN_BD","call_id":2,"node":13,"entry":8,"row_node":24,"slave_slot":8,"value":-458.33318089301287}
MORTAR_OBSERVER {"kind":"KIN_NODE","call_id":2,"node":14,"dd_count":0,"bd_count":9,"b2":[1.3728123354455453e-12,-2.1803198169425706e-12,-9.9604240128925594e-12],"vold":[6.0503426226305603e-06,-7.1338654829655739e-06,-2.5884817751409771e-05],"vini":[0,0,0]}
MORTAR_OBSERVER {"kind":"KIN_BD","call_id":2,"node":14,"entry":9,"row_node":1,"slave_slot":0,"value":-101.85196607232911}
MORTAR_OBSERVER {"kind":"KIN_BD","call_id":2,"node":14,"entry":10,"row_node":2,"slave_slot":1,"value":-560.18531422624903}
MORTAR_OBSERVER {"kind":"KIN_BD","call_id":2,"node":14,"entry":11,"row_node":3,"slave_slot":2,"value":-101.85196607232942}
MORTAR_OBSERVER {"kind":"KIN_BD","call_id":2,"node":14,"entry":12,"row_node":4,"slave_slot":3,"value":-4.6295701715018307}
MORTAR_OBSERVER {"kind":"KIN_BD","call_id":2,"node":14,"entry":13,"row_node":17,"slave_slot":4,"value":-458.3332694826928}
MORTAR_OBSERVER {"kind":"KIN_BD","call_id":2,"node":14,"entry":14,"row_node":18,"slave_slot":5,"value":-458.33326948269183}
MORTAR_OBSERVER {"kind":"KIN_BD","call_id":2,"node":14,"entry":15,"row_node":19,"slave_slot":6,"value":-731.48138975363327}
MORTAR_OBSERVER {"kind":"KIN_BD","call_id":2,"node":14,"entry":16,"row_node":23,"slave_slot":7,"value":-41.666759223541774}
MORTAR_OBSERVER {"kind":"KIN_BD","call_id":2,"node":14,"entry":17,"row_node":24,"slave_slot":8,"value":-41.666759223541739}
MORTAR_OBSERVER {"kind":"KIN_NODE","call_id":2,"node":15,"dd_count":0,"bd_count":9,"b2":[1.5699486752676117e-12,1.5699487331201337e-12,-1.1243865445528439e-11],"vold":[6.7766836363871408e-06,6.7766836363870731e-06,-2.7542981913150918e-05],"vini":[0,0,0]}
MORTAR_OBSERVER {"kind":"KIN_BD","call_id":2,"node":15,"entry":18,"row_node":1,"slave_slot":0,"value":-9.2592476461289213}
MORTAR_OBSERVER {"kind":"KIN_BD","call_id":2,"node":15,"entry":19,"row_node":2,"slave_slot":1,"value":-50.92589610151002}
MORTAR_OBSERVER {"kind":"KIN_BD","call_id":2,"node":15,"entry":20,"row_node":3,"slave_slot":2,"value":-1120.3701734107551}
MORTAR_OBSERVER {"kind":"KIN_BD","call_id":2,"node":15,"entry":21,"row_node":4,"slave_slot":3,"value":-50.925896101510112}
MORTAR_OBSERVER {"kind":"KIN_BD","call_id":2,"node":15,"entry":22,"row_node":17,"slave_slot":4,"value":-41.666780466642948}
MORTAR_OBSERVER {"kind":"KIN_BD","call_id":2,"node":15,"entry":23,"row_node":18,"slave_slot":5,"value":-458.33318089301247}
MORTAR_OBSERVER {"kind":"KIN_BD","call_id":2,"node":15,"entry":24,"row_node":19,"slave_slot":6,"value":-268.51860031225539}
MORTAR_OBSERVER {"kind":"KIN_BD","call_id":2,"node":15,"entry":25,"row_node":23,"slave_slot":7,"value":-458.3331808930127}
MORTAR_OBSERVER {"kind":"KIN_BD","call_id":2,"node":15,"entry":26,"row_node":24,"slave_slot":8,"value":-41.666780466642372}
MORTAR_OBSERVER {"kind":"KIN_NODE","call_id":2,"node":16,"dd_count":0,"bd_count":9,"b2":[-2.1803198690944907e-12,1.3728122894359696e-12,-9.9604239933556519e-12],"vold":[-7.1338654829655103e-06,6.0503426226306009e-06,-2.5884817751409778e-05],"vini":[0,0,0]}
MORTAR_OBSERVER {"kind":"KIN_BD","call_id":2,"node":16,"entry":27,"row_node":1,"slave_slot":0,"value":-101.85196607232925}
MORTAR_OBSERVER {"kind":"KIN_BD","call_id":2,"node":16,"entry":28,"row_node":2,"slave_slot":1,"value":-4.6295701715017472}
MORTAR_OBSERVER {"kind":"KIN_BD","call_id":2,"node":16,"entry":29,"row_node":3,"slave_slot":2,"value":-101.85196607232942}
MORTAR_OBSERVER {"kind":"KIN_BD","call_id":2,"node":16,"entry":30,"row_node":4,"slave_slot":3,"value":-560.18531422624903}
MORTAR_OBSERVER {"kind":"KIN_BD","call_id":2,"node":16,"entry":31,"row_node":17,"slave_slot":4,"value":-41.666759223541845}
MORTAR_OBSERVER {"kind":"KIN_BD","call_id":2,"node":16,"entry":32,"row_node":18,"slave_slot":5,"value":-41.666759223541746}
MORTAR_OBSERVER {"kind":"KIN_BD","call_id":2,"node":16,"entry":33,"row_node":19,"slave_slot":6,"value":-731.48138975363327}
MORTAR_OBSERVER {"kind":"KIN_BD","call_id":2,"node":16,"entry":34,"row_node":23,"slave_slot":7,"value":-458.33326948269246}
MORTAR_OBSERVER {"kind":"KIN_BD","call_id":2,"node":16,"entry":35,"row_node":24,"slave_slot":8,"value":-458.33326948269183}
MORTAR_OBSERVER {"kind":"KIN_NODE","call_id":2,"node":17,"dd_count":6,"bd_count":0,"b2":[-5.1115829067892511e-13,-1.8220842316831055e-12,-1.1766601524276274e-11],"vold":[-1.3418918778021498e-06,-5.7125342881529951e-06,-2.7402627182340984e-05],"vini":[0,0,0]}
MORTAR_OBSERVER {"kind":"KIN_DD","call_id":2,"node":17,"entry":30,"row_node":1,"slave_slot":0,"value":-2.4276877046305862e-13}
MORTAR_OBSERVER {"kind":"KIN_DD","call_id":2,"node":17,"entry":31,"row_node":2,"slave_slot":1,"value":-7.6383344853011132e-13}
MORTAR_OBSERVER {"kind":"KIN_DD","call_id":2,"node":17,"entry":32,"row_node":3,"slave_slot":2,"value":-1.021405192801893e-13}
MORTAR_OBSERVER {"kind":"KIN_DD","call_id":2,"node":17,"entry":33,"row_node":17,"slave_slot":4,"value":1666.6666666666615}
MORTAR_OBSERVER {"kind":"KIN_DD","call_id":2,"node":17,"entry":34,"row_node":18,"slave_slot":5,"value":8.3359246260371887e-13}
MORTAR_OBSERVER {"kind":"KIN_DD","call_id":2,"node":17,"entry":35,"row_node":19,"slave_slot":6,"value":-7.9436458201060265e-13}
MORTAR_OBSERVER {"kind":"KIN_NODE","call_id":2,"node":18,"dd_count":5,"bd_count":0,"b2":[1.639566050466962e-12,-4.3030182252759238e-13,-1.0707794966613399e-11],"vold":[5.7827421879202915e-06,-5.2029646474234571e-07,-2.7050728212224191e-05],"vini":[0,0,0]}
MORTAR_OBSERVER {"kind":"KIN_DD","call_id":2,"node":18,"entry":36,"row_node":1,"slave_slot":0,"value":-1.9391895689427244e-13}
MORTAR_OBSERVER {"kind":"KIN_DD","call_id":2,"node":18,"entry":37,"row_node":2,"slave_slot":1,"value":-5.358676518757757e-13}
MORTAR_OBSERVER {"kind":"KIN_DD","call_id":2,"node":18,"entry":38,"row_node":17,"slave_slot":4,"value":1.1250260094629545e-12}
MORTAR_OBSERVER {"kind":"KIN_DD","call_id":2,"node":18,"entry":39,"row_node":18,"slave_slot":5,"value":1666.6666666666599}
MORTAR_OBSERVER {"kind":"KIN_DD","call_id":2,"node":18,"entry":40,"row_node":19,"slave_slot":6,"value":-2.4924507150437498e-13}
MORTAR_OBSERVER {"kind":"KIN_NODE","call_id":2,"node":19,"dd_count":9,"bd_count":0,"b2":[-1.5699950694688172e-13,-1.569994826792996e-13,-1.1243305542740387e-11],"vold":[-2.7581955078653325e-07,-2.7581955078657062e-07,-2.7225547011233165e-05],"vini":[0,0,0]}
MORTAR_OBSERVER {"kind":"KIN_DD","call_id":2,"node":19,"entry":41,"row_node":1,"slave_slot":0,"value":-2.753353128422494e-13}
MORTAR_OBSERVER {"kind":"KIN_DD","call_id":2,"node":19,"entry":42,"row_node":2,"slave_slot":1,"value":1.1842379046978469e-13}
MORTAR_OBSERVER {"kind":"KIN_DD","call_id":2,"node":19,"entry":43,"row_node":3,"slave_slot":2,"value":3.9227880593116182e-14}
MORTAR_OBSERVER {"kind":"KIN_DD","call_id":2,"node":19,"entry":44,"row_node":4,"slave_slot":3,"value":2.412884730821863e-13}
MORTAR_OBSERVER {"kind":"KIN_DD","call_id":2,"node":19,"entry":45,"row_node":17,"slave_slot":4,"value":5.9211895234892347e-14}
MORTAR_OBSERVER {"kind":"KIN_DD","call_id":2,"node":19,"entry":46,"row_node":18,"slave_slot":5,"value":-3.8173168709244658e-13}
MORTAR_OBSERVER {"kind":"KIN_DD","call_id":2,"node":19,"entry":47,"row_node":19,"slave_slot":6,"value":3333.3333333333217}
MORTAR_OBSERVER {"kind":"KIN_DD","call_id":2,"node":19,"entry":48,"row_node":23,"slave_slot":7,"value":-1.6893893859205224e-13}
MORTAR_OBSERVER {"kind":"KIN_DD","call_id":2,"node":19,"entry":49,"row_node":24,"slave_slot":8,"value":-2.4998522019481114e-13}
MORTAR_OBSERVER {"kind":"KIN_NODE","call_id":2,"node":23,"dd_count":6,"bd_count":0,"b2":[-4.3030188590720534e-13,1.6395660729404497e-12,-1.0707794956328737e-11],"vold":[-5.2029646474226906e-07,5.7827421879202593e-06,-2.7050728212224188e-05],"vini":[0,0,0]}
MORTAR_OBSERVER {"kind":"KIN_DD","call_id":2,"node":23,"entry":50,"row_node":1,"slave_slot":0,"value":3.9079850855028948e-13}
MORTAR_OBSERVER {"kind":"KIN_DD","call_id":2,"node":23,"entry":51,"row_node":3,"slave_slot":2,"value":-5.1514348854356343e-13}
MORTAR_OBSERVER {"kind":"KIN_DD","call_id":2,"node":23,"entry":52,"row_node":4,"slave_slot":3,"value":-3.5675166879022638e-13}
MORTAR_OBSERVER {"kind":"KIN_DD","call_id":2,"node":23,"entry":53,"row_node":19,"slave_slot":6,"value":-5.9211895234892347e-14}
MORTAR_OBSERVER {"kind":"KIN_DD","call_id":2,"node":23,"entry":54,"row_node":23,"slave_slot":7,"value":1666.6666666666624}
MORTAR_OBSERVER {"kind":"KIN_DD","call_id":2,"node":23,"entry":55,"row_node":24,"slave_slot":8,"value":-1.2072750326876723e-12}
MORTAR_OBSERVER {"kind":"KIN_NODE","call_id":2,"node":24,"dd_count":6,"bd_count":0,"b2":[-1.8220842383269167e-12,-5.1115831676408117e-13,-1.176660151621962e-11],"vold":[-5.7125342881529782e-06,-1.3418918778021371e-06,-2.7402627182340991e-05],"vini":[0,0,0]}
MORTAR_OBSERVER {"kind":"KIN_DD","call_id":2,"node":24,"entry":56,"row_node":1,"slave_slot":0,"value":-1.9243865951340011e-14}
MORTAR_OBSERVER {"kind":"KIN_DD","call_id":2,"node":24,"entry":57,"row_node":3,"slave_slot":2,"value":5.8915835758717881e-13}
MORTAR_OBSERVER {"kind":"KIN_DD","call_id":2,"node":24,"entry":58,"row_node":4,"slave_slot":3,"value":3.582319661710987e-13}
MORTAR_OBSERVER {"kind":"KIN_DD","call_id":2,"node":24,"entry":59,"row_node":19,"slave_slot":6,"value":1.4210854856374163e-13}
MORTAR_OBSERVER {"kind":"KIN_DD","call_id":2,"node":24,"entry":60,"row_node":23,"slave_slot":7,"value":-1.0674794487815437e-12}
MORTAR_OBSERVER {"kind":"KIN_DD","call_id":2,"node":24,"entry":61,"row_node":24,"slave_slot":8,"value":1666.6666666666608}
MORTAR_OBSERVER {"kind":"KIN_GAP","call_id":2,"pair":0,"slot":0,"node":1,"gap":-0.00043955207165959423}
MORTAR_OBSERVER {"kind":"KIN_GAP","call_id":2,"pair":0,"slot":1,"node":2,"gap":-0.00021296046742202182}
MORTAR_OBSERVER {"kind":"KIN_GAP","call_id":2,"pair":0,"slot":2,"node":3,"gap":-0.00041896586145254763}
MORTAR_OBSERVER {"kind":"KIN_GAP","call_id":2,"pair":0,"slot":3,"node":4,"gap":-0.00021296046742199509}
MORTAR_OBSERVER {"kind":"KIN_GAP","call_id":2,"pair":0,"slot":4,"node":17,"gap":-0.00028250775063972939}
MORTAR_OBSERVER {"kind":"KIN_GAP","call_id":2,"pair":0,"slot":5,"node":18,"gap":-0.00029115875274018585}
MORTAR_OBSERVER {"kind":"KIN_GAP","call_id":2,"pair":0,"slot":6,"node":19,"gap":-0.00056822812528404751}
MORTAR_OBSERVER {"kind":"KIN_GAP","call_id":2,"pair":0,"slot":7,"node":23,"gap":-0.0002911587527402032}
MORTAR_OBSERVER {"kind":"KIN_GAP","call_id":2,"pair":0,"slot":8,"node":24,"gap":-0.00028250775063974262}
MORTAR_OBSERVER {"kind":"INVENTORY","call_id":2,"pair_count":1,"slave_count":9}
MORTAR_OBSERVER {"kind":"PAIR","call_id":2,"pair":0,"start":0,"end":9}
MORTAR_OBSERVER {"kind":"PRE_RAW","call_id":2,"pair":0,"slot":0,"node":1,"activity":1,"lambda_raw":[0.00012692072592137638,0.00012692072592137635,-0.0032966408191869249],"lambda_start":[0,0,0],"ddtil_count":1}
MORTAR_OBSERVER {"kind":"DDTIL","call_id":2,"pair":0,"column_slot":0,"source_slot":0,"destination_slot":0,"entry":0,"value":1333.3333532015426}
MORTAR_OBSERVER {"kind":"PRE_RAW","call_id":2,"pair":0,"slot":1,"node":2,"activity":1,"lambda_raw":[-1.6346336761773472e-05,6.5206278637154486e-05,-0.0031944069798051939],"lambda_start":[0,0,0],"ddtil_count":1}
MORTAR_OBSERVER {"kind":"DDTIL","call_id":2,"pair":0,"column_slot":1,"source_slot":1,"destination_slot":1,"entry":1,"value":666.66667660077144}
MORTAR_OBSERVER {"kind":"PRE_RAW","call_id":2,"pair":0,"slot":2,"node":3,"activity":1,"lambda_raw":[2.5394917443968433e-05,2.5394917443968219e-05,-0.0031422438438646508],"lambda_start":[0,0,0],"ddtil_count":1}
MORTAR_OBSERVER {"kind":"DDTIL","call_id":2,"pair":0,"column_slot":2,"source_slot":2,"destination_slot":2,"entry":2,"value":1333.3333532015431}
MORTAR_OBSERVER {"kind":"PRE_RAW","call_id":2,"pair":0,"slot":3,"node":4,"activity":1,"lambda_raw":[6.5206278637154296e-05,-1.6346336761773333e-05,-0.0031944069798051974],"lambda_start":[0,0,0],"ddtil_count":1}
MORTAR_OBSERVER {"kind":"DDTIL","call_id":2,"pair":0,"column_slot":3,"source_slot":3,"destination_slot":3,"entry":3,"value":666.6666766007711}
MORTAR_OBSERVER {"kind":"PRE_RAW","call_id":2,"pair":0,"slot":4,"node":17,"activity":1,"lambda_raw":[-0.00018419461170678358,-2.4249263740679305e-05,-0.0028250773598146057],"lambda_start":[0,0,0],"ddtil_count":1}
MORTAR_OBSERVER {"kind":"DDTIL","call_id":2,"pair":0,"column_slot":4,"source_slot":4,"destination_slot":4,"entry":4,"value":999.99999006588939}
MORTAR_OBSERVER {"kind":"PRE_RAW","call_id":2,"pair":0,"slot":5,"node":18,"activity":1,"lambda_raw":[7.9201222551713782e-05,-8.2919599557242609e-05,-0.0029115875655131703],"lambda_start":[0,0,0],"ddtil_count":1}
MORTAR_OBSERVER {"kind":"DDTIL","call_id":2,"pair":0,"column_slot":5,"source_slot":5,"destination_slot":5,"entry":5,"value":999.99999006588848}
MORTAR_OBSERVER {"kind":"PRE_RAW","call_id":2,"pair":0,"slot":6,"node":19,"activity":1,"lambda_raw":[-4.1587236991474073e-05,-4.158723699147452e-05,-0.0028411406356157877],"lambda_start":[0,0,0],"ddtil_count":1}
MORTAR_OBSERVER {"kind":"DDTIL","call_id":2,"pair":0,"column_slot":6,"source_slot":6,"destination_slot":6,"entry":6,"value":1999.9999801317781}
MORTAR_OBSERVER {"kind":"PRE_RAW","call_id":2,"pair":0,"slot":7,"node":23,"activity":1,"lambda_raw":[-8.2919599557241863e-05,7.9201222551713999e-05,-0.0029115875655131703],"lambda_start":[0,0,0],"ddtil_count":1}
MORTAR_OBSERVER {"kind":"DDTIL","call_id":2,"pair":0,"column_slot":7,"source_slot":7,"destination_slot":7,"entry":7,"value":999.99999006588996}
MORTAR_OBSERVER {"kind":"PRE_RAW","call_id":2,"pair":0,"slot":8,"node":24,"activity":1,"lambda_raw":[-2.4249263740679156e-05,-0.00018419461170678372,-0.002825077359814607],"lambda_start":[0,0,0],"ddtil_count":1}
MORTAR_OBSERVER {"kind":"DDTIL","call_id":2,"pair":0,"column_slot":8,"source_slot":8,"destination_slot":8,"entry":8,"value":999.99999006588905}
MORTAR_OBSERVER {"kind":"LAW","call_id":2,"pair":0,"slot":0,"node":1,"activity":1,"ndof":3,"normal":[0,0,-1],"tangents":[1,-0,0,-0,1,0],"ln":4.3955211577475835,"lt":[0.16922763708352273,0.16922763708352268],"lt_start":[0,0],"q":0.00043955211577475839,"ut":[0.0016922763708352273,0.0016922763708352273],"gn":0.00043955211577475839,"gt":[0.0016922763708352273,0.0016922763708352268],"b":1.3186563473242749,"constant_n":10000000000,"constant_t":100,"mu":0.29999999999999999,"normal_mode":1,"tangent_mode":1,"normal_inverse_stiffness":0.0001,"tangent_inverse_stiffness":0.01,"p0":0,"beta":0,"iwan":1,"rn":0,"rt":[0,4.3368086899420177e-19]}
MORTAR_OBSERVER {"kind":"LAW","call_id":2,"pair":0,"slot":1,"node":2,"activity":1,"ndof":3,"normal":[0,0,-1],"tangents":[1,-0,0,-0,1,0],"ln":2.129604684937036,"lt":[-0.010897558003568536,0.043470853072535662],"lt_start":[0,0],"q":0.0002129604684937036,"ut":[-0.00010897558003568536,0.00043470853072535652],"gn":0.00021296046849370362,"gt":[-0.00010897558003568537,0.00043470853072535663],"b":0.63888140539979554,"constant_n":10000000000,"constant_t":100,"mu":0.29999999999999999,"normal_mode":1,"tangent_mode":1,"normal_inverse_stiffness":0.0001,"tangent_inverse_stiffness":0.01,"p0":0,"beta":0,"iwan":1,"rn":8.1315287836503103e-11,"rt":[1.3552527156068805e-20,-1.0842021724855044e-19]}
MORTAR_OBSERVER {"kind":"LAW","call_id":2,"pair":0,"slot":2,"node":3,"activity":1,"ndof":3,"normal":[0,0,-1],"tangents":[1,-0,0,-0,1,0],"ln":4.1896585209169608,"lt":[0.03385989042984279,0.033859890429842505],"lt_start":[0,0],"q":0.00041896585209169623,"ut":[0.00033859890429842798,0.00033859890429842516],"gn":0.00041896585209169612,"gt":[0.00033859890429842793,0.00033859890429842505],"b":1.2568975566003489,"constant_n":10000000000,"constant_t":100,"mu":0.29999999999999999,"normal_mode":1,"tangent_mode":1,"normal_inverse_stiffness":0.0001,"tangent_inverse_stiffness":0.01,"p0":0,"beta":0,"iwan":1,"rn":-3.2526070725680256e-10,"rt":[5.4210108624275222e-20,1.0842021724855044e-19]}
MORTAR_OBSERVER {"kind":"LAW","call_id":2,"pair":0,"slot":3,"node":4,"activity":1,"ndof":3,"normal":[0,0,-1],"tangents":[1,-0,0,-0,1,0],"ln":2.1296046849370374,"lt":[0.043470853072535509,-0.010897558003568439],"lt_start":[0,0],"q":0.00021296046849370373,"ut":[0.00043470853072535512,-0.00010897558003568437],"gn":0.00021296046849370376,"gt":[0.00043470853072535512,-0.00010897558003568439],"b":0.63888140539979599,"constant_n":10000000000,"constant_t":100,"mu":0.29999999999999999,"normal_mode":1,"tangent_mode":1,"normal_inverse_stiffness":0.0001,"tangent_inverse_stiffness":0.01,"p0":0,"beta":0,"iwan":1,"rn":8.131517681420064e-11,"rt":[0,2.7105054312137611e-20]}
MORTAR_OBSERVER {"kind":"LAW","call_id":2,"pair":0,"slot":4,"node":17,"activity":1,"ndof":3,"normal":[0,0,-1],"tangents":[1,-0,0,-0,1,0],"ln":2.8250773317499749,"lt":[-0.18419460987697395,-0.024249263499784436],"lt_start":[0,0],"q":0.00028250773317499753,"ut":[-0.0018419460987697395,-0.00024249263499784442],"gn":0.00028250773317499748,"gt":[-0.0018419460987697395,-0.00024249263499784437],"b":0.8475231996876228,"constant_n":10000000000,"constant_t":100,"mu":0.29999999999999999,"normal_mode":1,"tangent_mode":1,"normal_inverse_stiffness":0.0001,"tangent_inverse_stiffness":0.01,"p0":0,"beta":0,"iwan":1,"rn":-1.6263035362840128e-10,"rt":[0,-5.4210108624275222e-20]}
MORTAR_OBSERVER {"kind":"LAW","call_id":2,"pair":0,"slot":5,"node":18,"activity":1,"ndof":3,"normal":[0,0,-1],"tangents":[1,-0,0,-0,1,0],"ln":2.9115875365891348,"lt":[0.079201221764920005,-0.082919598733510055],"lt_start":[0,0],"q":0.00029115875365891351,"ut":[0.00079201221764920024,-0.00082919598733510074],"gn":0.00029115875365891351,"gt":[0.00079201221764920002,-0.00082919598733510052],"b":0.87347626097674047,"constant_n":10000000000,"constant_t":100,"mu":0.29999999999999999,"normal_mode":1,"tangent_mode":1,"normal_inverse_stiffness":0.0001,"tangent_inverse_stiffness":0.01,"p0":0,"beta":0,"iwan":1,"rn":0,"rt":[2.1684043449710089e-19,-2.1684043449710089e-19]}
MORTAR_OBSERVER {"kind":"LAW","call_id":2,"pair":0,"slot":6,"node":19,"activity":1,"ndof":3,"normal":[0,0,-1],"tangents":[1,-0,0,-0,1,0],"ln":5.6822812147831625,"lt":[-0.083174473156683693,-0.083174473156684595],"lt_start":[0,0],"q":0.00056822812147831628,"ut":[-0.00083174473156683688,-0.00083174473156684566],"gn":0.00056822812147831628,"gt":[-0.00083174473156683699,-0.00083174473156684599],"b":1.7046843644349488,"constant_n":10000000000,"constant_t":100,"mu":0.29999999999999999,"normal_mode":1,"tangent_mode":1,"normal_inverse_stiffness":0.0001,"tangent_inverse_stiffness":0.01,"p0":0,"beta":0,"iwan":1,"rn":0,"rt":[1.0842021724855044e-19,3.2526065174565133e-19]}
MORTAR_OBSERVER {"kind":"LAW","call_id":2,"pair":0,"slot":7,"node":23,"activity":1,"ndof":3,"normal":[0,0,-1],"tangents":[1,-0,0,-0,1,0],"ln":2.9115875365891393,"lt":[-0.082919598733509431,0.079201221764920338],"lt_start":[0,0],"q":0.00029115875365891389,"ut":[-0.00082919598733509434,0.00079201221764920349],"gn":0.00029115875365891394,"gt":[-0.00082919598733509434,0.00079201221764920338],"b":0.87347626081411145,"constant_n":10000000000,"constant_t":100,"mu":0.29999999999999999,"normal_mode":1,"tangent_mode":1,"normal_inverse_stiffness":0.0001,"tangent_inverse_stiffness":0.01,"p0":0,"beta":0,"iwan":1,"rn":1.6263035362840128e-10,"rt":[0,1.0842021724855044e-19]}
MORTAR_OBSERVER {"kind":"LAW","call_id":2,"pair":0,"slot":8,"node":24,"activity":1,"ndof":3,"normal":[0,0,-1],"tangents":[1,-0,0,-0,1,0],"ln":2.8250773317499749,"lt":[-0.02424926349978428,-0.184194609876974],"lt_start":[0,0],"q":0.00028250773317499748,"ut":[-0.00024249263499784274,-0.0018419460987697397],"gn":0.00028250773317499748,"gt":[-0.0002424926349978428,-0.0018419460987697401],"b":0.84752319952499244,"constant_n":10000000000,"constant_t":100,"mu":0.29999999999999999,"normal_mode":1,"tangent_mode":1,"normal_inverse_stiffness":0.0001,"tangent_inverse_stiffness":0.01,"p0":0,"beta":0,"iwan":1,"rn":0,"rt":[5.4210108624275222e-20,4.3368086899420177e-19]}
MORTAR_OBSERVER {"kind":"POST_RAW_AFTER_ACTIVE_LOOP","call_id":2,"pair":0,"slot":0,"node":1,"activity":1,"lambda_raw":[0.00012692072592137638,0.00012692072592137635,-0.0032966408191869249],"gap":-0.00043955211577475839}
MORTAR_OBSERVER {"kind":"POST_RAW_AFTER_ACTIVE_LOOP","call_id":2,"pair":0,"slot":1,"node":2,"activity":1,"lambda_raw":[-1.6346336761773472e-05,6.5206278637154486e-05,-0.0031944069798051939],"gap":-0.0002129604684937036}
MORTAR_OBSERVER {"kind":"POST_RAW_AFTER_ACTIVE_LOOP","call_id":2,"pair":0,"slot":2,"node":3,"activity":1,"lambda_raw":[2.5394917443968433e-05,2.5394917443968219e-05,-0.0031422438438646508],"gap":-0.00041896585209169623}
MORTAR_OBSERVER {"kind":"POST_RAW_AFTER_ACTIVE_LOOP","call_id":2,"pair":0,"slot":3,"node":4,"activity":1,"lambda_raw":[6.5206278637154296e-05,-1.6346336761773333e-05,-0.0031944069798051974],"gap":-0.00021296046849370373}
MORTAR_OBSERVER {"kind":"POST_RAW_AFTER_ACTIVE_LOOP","call_id":2,"pair":0,"slot":4,"node":17,"activity":1,"lambda_raw":[-0.00018419461170678358,-2.4249263740679305e-05,-0.0028250773598146057],"gap":-0.00028250773317499753}
MORTAR_OBSERVER {"kind":"POST_RAW_AFTER_ACTIVE_LOOP","call_id":2,"pair":0,"slot":5,"node":18,"activity":1,"lambda_raw":[7.9201222551713782e-05,-8.2919599557242609e-05,-0.0029115875655131703],"gap":-0.00029115875365891351}
MORTAR_OBSERVER {"kind":"POST_RAW_AFTER_ACTIVE_LOOP","call_id":2,"pair":0,"slot":6,"node":19,"activity":1,"lambda_raw":[-4.1587236991474073e-05,-4.158723699147452e-05,-0.0028411406356157877],"gap":-0.00056822812147831628}
MORTAR_OBSERVER {"kind":"POST_RAW_AFTER_ACTIVE_LOOP","call_id":2,"pair":0,"slot":7,"node":23,"activity":1,"lambda_raw":[-8.2919599557241863e-05,7.9201222551713999e-05,-0.0029115875655131703],"gap":-0.00029115875365891389}
MORTAR_OBSERVER {"kind":"POST_RAW_AFTER_ACTIVE_LOOP","call_id":2,"pair":0,"slot":8,"node":24,"activity":1,"lambda_raw":[-2.4249263740679156e-05,-0.00018419461170678372,-0.002825077359814607],"gap":-0.00028250773317499748}
MORTAR_OBSERVER {"kind":"CFS_INVENTORY","call_id":2,"all_node_count":35,"physical_count":13}
MORTAR_OBSERVER {"kind":"CFS_NODE","call_id":2,"node":1,"force":[0.26643375500881011,0.26643375500881039,-0.61804243783851442]}
MORTAR_OBSERVER {"kind":"CFS_NODE","call_id":2,"node":2,"force":[0.024100238902962434,0.079193808037489696,-0.21738301466679541]}
MORTAR_OBSERVER {"kind":"CFS_NODE","call_id":2,"node":3,"force":[0.062824174524269666,0.062824174524269707,-0.35450632968278117]}
MORTAR_OBSERVER {"kind":"CFS_NODE","call_id":2,"node":4,"force":[0.079193808037489155,0.024100238902962305,-0.21738301466679744]}
MORTAR_OBSERVER {"kind":"CFS_NODE","call_id":2,"node":13,"force":[-0.038062945925300982,-0.038062945925300434,7.6430943878537256]}
MORTAR_OBSERVER {"kind":"CFS_NODE","call_id":2,"node":14,"force":[0.076349085471781084,0.031948508763480453,7.4066357992305027]}
MORTAR_OBSERVER {"kind":"CFS_NODE","call_id":2,"node":15,"force":[-0.010558747390261185,-0.010558747390260699,7.543634013685268]}
MORTAR_OBSERVER {"kind":"CFS_NODE","call_id":2,"node":16,"force":[0.031948508763479835,0.076349085471781111,7.4066357992305036]}
MORTAR_OBSERVER {"kind":"CFS_NODE","call_id":2,"node":17,"force":[-0.30699101951130492,-0.040415439567798833,-4.7084622663576576]}
MORTAR_OBSERVER {"kind":"CFS_NODE","call_id":2,"node":18,"force":[0.13200203758618889,-0.13819933259540387,-4.8526459425219306]}
MORTAR_OBSERVER {"kind":"CFS_NODE","call_id":2,"node":19,"force":[-0.13862412330491311,-0.13862412330491453,-9.4704687853859255]}
MORTAR_OBSERVER {"kind":"CFS_NODE","call_id":2,"node":23,"force":[-0.13819933259540271,0.13200203758618995,-4.8526459425219333]}
MORTAR_OBSERVER {"kind":"CFS_NODE","call_id":2,"node":24,"force":[-0.040415439567798334,-0.30699101951130525,-4.7084622663576621]}
MORTAR_OBSERVER {"kind":"CFS_END","call_id":2,"scanned_nodes":35,"physical_count":13,"outside_nonzero_count":0}
MORTAR_OBSERVER {"kind":"SUMMARY_PRE_OVERRIDE","call_id":2,"ndiverg":14,"flag":0,"keepset":0,"max_n":3.2526070725680256e-10,"max_t":[2.1684043449710089e-19,4.3368086899420177e-19],"lm_t_av":[0.71119510562134092,0.7111951056213428],"nstick":9,"nslip":0,"ninactive":0,"nnogap":0,"nolm":0}
MORTAR_OBSERVER {"kind":"SUMMARY_POST_OVERRIDE","call_id":2,"flag":0}
MORTAR_OBSERVER {"kind":"RETURN","call_id":2}
 Using up to 2 cpu(s) for the stress calculation.

 average force= 1.167446
 time avg. forc= 1.167446
 largest residual force= 0.000000 in node 13 and dof 3
 largest increment of disp= 9.280095e-05
 largest correction to disp= 7.444341e-11 in node 6 and dof 3

MORTAR_OBSERVER {"kind":"PRE_CHECK","call_id":2,"step":1,"inc":1,"cutback":0,"iteration":2,"time":0.25,"dtime":0.25,"ttime":0,"tper":1,"theta":0,"dtheta":0.25,"icntrl":0,"nmethod":1,"iexpl":0,"ithermal":0,"uncoupled":0,"mortar":2,"iflagdualquad":2}
 convergence

MORTAR_OBSERVER {"kind":"POST_CHECK","call_id":2,"step":1,"inc":1,"cutback":0,"iteration":2,"time":0.25,"dtime":0.25,"ttime":0,"tper":1,"theta":0.25,"dtheta":0.25,"icntrl":1,"nmethod":1,"iexpl":0,"ithermal":0,"uncoupled":0,"mortar":2,"iflagdualquad":2}
 Using up to 2 cpu(s) for the stress calculation.

 increment 2 attempt 1 
 increment size= 2.500000e-01
 sum of previous increments=2.500000e-01
 actual step time=5.000000e-01
 actual total time=5.000000e-01

 iteration 1

 Determining the structure of the matrix:

 Using up to 2 cpu(s) for setting up the structure of the matrix.
 number of equations
 75
 number of nonzero lower triangular matrix elements
 1143

 Using up to 2 cpu(s) for the stress calculation.

 Using up to 2 cpu(s) for the symmetric stiffness/mass contributions.

 Using up to 2 cpu(s) for the stress calculation.

 Using up to 2 cpu(s) for the symmetric stiffness/mass contributions.

 Factoring the system of equations using the unsymmetric spooles solver
 Using 1 cpu for spooles.

MORTAR_OBSERVER {"kind":"BEGIN","call_id":3,"step":1,"inc":2,"cutback":0,"iteration":1,"time":0.5,"dtime":0.25,"ttime":0,"tper":1,"theta":0.25,"dtheta":0.25,"icntrl":0,"nmethod":1,"iexpl":0,"ithermal":0,"uncoupled":0,"mortar":2,"iflagdualquad":2}
MORTAR_OBSERVER {"kind":"KIN_INVENTORY","call_id":3,"all_node_count":35,"physical_count":13,"dd_count":62,"bd_count":36,"slave_count":9}
MORTAR_OBSERVER {"kind":"KIN_NODE","call_id":3,"node":1,"dd_count":9,"bd_count":0,"b2":[-3.9706746791576439e-07,-3.9706746791576969e-07,-2.5029829679328487e-07],"vold":[-9.3252441890709477e-06,-9.3252441890709714e-06,-5.6666463520515132e-05],"vini":[-4.6626220945354738e-06,-4.6626220945354857e-06,-2.8333231760257566e-05]}
MORTAR_OBSERVER {"kind":"KIN_DD","call_id":3,"node":1,"entry":0,"row_node":1,"slave_slot":0,"value":1333.3338462852307}
MORTAR_OBSERVER {"kind":"KIN_DD","call_id":3,"node":1,"entry":1,"row_node":2,"slave_slot":1,"value":3.5527098406824066e-15}
MORTAR_OBSERVER {"kind":"KIN_DD","call_id":3,"node":1,"entry":2,"row_node":3,"slave_slot":2,"value":-2.3285078081921668e-13}
MORTAR_OBSERVER {"kind":"KIN_DD","call_id":3,"node":1,"entry":3,"row_node":4,"slave_slot":3,"value":2.6615746969405764e-13}
MORTAR_OBSERVER {"kind":"KIN_DD","call_id":3,"node":1,"entry":4,"row_node":17,"slave_slot":4,"value":-333.33347740957157}
MORTAR_OBSERVER {"kind":"KIN_DD","call_id":3,"node":1,"entry":5,"row_node":18,"slave_slot":5,"value":-2.7348493974441781e-13}
MORTAR_OBSERVER {"kind":"KIN_DD","call_id":3,"node":1,"entry":6,"row_node":19,"slave_slot":6,"value":-666.66696978120558}
MORTAR_OBSERVER {"kind":"KIN_DD","call_id":3,"node":1,"entry":7,"row_node":23,"slave_slot":7,"value":-4.1540845869735996e-14}
MORTAR_OBSERVER {"kind":"KIN_DD","call_id":3,"node":1,"entry":8,"row_node":24,"slave_slot":8,"value":-333.33347740957214}
MORTAR_OBSERVER {"kind":"KIN_NODE","call_id":3,"node":2,"dd_count":6,"bd_count":0,"b2":[2.6336782509143213e-07,-1.4962406304721074e-07,-2.8635500168492694e-07],"vold":[9.7052392914940931e-06,-1.0637401626614111e-05,-5.3044999150244361e-05],"vini":[4.8526196457470466e-06,-5.3187008133070553e-06,-2.6522499575122181e-05]}
MORTAR_OBSERVER {"kind":"KIN_DD","call_id":3,"node":2,"entry":9,"row_node":1,"slave_slot":0,"value":-1.0154839890729551e-13}
MORTAR_OBSERVER {"kind":"KIN_DD","call_id":3,"node":2,"entry":10,"row_node":2,"slave_slot":1,"value":666.6669797745277}
MORTAR_OBSERVER {"kind":"KIN_DD","call_id":3,"node":2,"entry":11,"row_node":3,"slave_slot":2,"value":-9.3628809053417578e-14}
MORTAR_OBSERVER {"kind":"KIN_DD","call_id":3,"node":2,"entry":12,"row_node":17,"slave_slot":4,"value":-333.33347740957112}
MORTAR_OBSERVER {"kind":"KIN_DD","call_id":3,"node":2,"entry":13,"row_node":18,"slave_slot":5,"value":-333.33349681311131}
MORTAR_OBSERVER {"kind":"KIN_DD","call_id":3,"node":2,"entry":14,"row_node":19,"slave_slot":6,"value":-3.6523562340002344e-13}
MORTAR_OBSERVER {"kind":"KIN_NODE","call_id":3,"node":3,"dd_count":9,"bd_count":0,"b2":[2.125905288993716e-08,2.1259052889941422e-08,-4.0256105910075113e-07],"vold":[1.1633497197951152e-05,1.1633497197951127e-05,-5.5219572938751361e-05],"vini":[5.8167485989755762e-06,5.8167485989755635e-06,-2.7609786469375681e-05]}
MORTAR_OBSERVER {"kind":"KIN_DD","call_id":3,"node":3,"entry":15,"row_node":1,"slave_slot":0,"value":-1.5888679662625099e-13}
MORTAR_OBSERVER {"kind":"KIN_DD","call_id":3,"node":3,"entry":16,"row_node":2,"slave_slot":1,"value":-7.0577805081795484e-14}
MORTAR_OBSERVER {"kind":"KIN_DD","call_id":3,"node":3,"entry":17,"row_node":3,"slave_slot":2,"value":1333.3340306188582}
MORTAR_OBSERVER {"kind":"KIN_DD","call_id":3,"node":3,"entry":18,"row_node":4,"slave_slot":3,"value":-1.1842369628148469e-15}
MORTAR_OBSERVER {"kind":"KIN_DD","call_id":3,"node":3,"entry":19,"row_node":17,"slave_slot":4,"value":-1.9262369424306907e-13}
MORTAR_OBSERVER {"kind":"KIN_DD","call_id":3,"node":3,"entry":20,"row_node":18,"slave_slot":5,"value":-333.33349681311148}
MORTAR_OBSERVER {"kind":"KIN_DD","call_id":3,"node":3,"entry":21,"row_node":19,"slave_slot":6,"value":-666.66696978120592}
MORTAR_OBSERVER {"kind":"KIN_DD","call_id":3,"node":3,"entry":22,"row_node":23,"slave_slot":7,"value":-333.33349681311159}
MORTAR_OBSERVER {"kind":"KIN_DD","call_id":3,"node":3,"entry":23,"row_node":24,"slave_slot":8,"value":8.4238172044443228e-14}
MORTAR_OBSERVER {"kind":"KIN_NODE","call_id":3,"node":4,"dd_count":6,"bd_count":0,"b2":[-1.4962406304721542e-07,2.6336782509142075e-07,-2.8635500168496389e-07],"vold":[-1.0637401626614087e-05,9.7052392914940847e-06,-5.3044999150244334e-05],"vini":[-5.3187008133070434e-06,4.8526196457470423e-06,-2.6522499575122167e-05]}
MORTAR_OBSERVER {"kind":"KIN_DD","call_id":3,"node":4,"entry":24,"row_node":1,"slave_slot":0,"value":9.6857708414964375e-14}
MORTAR_OBSERVER {"kind":"KIN_DD","call_id":3,"node":4,"entry":25,"row_node":3,"slave_slot":2,"value":-7.7567583913556039e-14}
MORTAR_OBSERVER {"kind":"KIN_DD","call_id":3,"node":4,"entry":26,"row_node":4,"slave_slot":3,"value":666.66697977452793}
MORTAR_OBSERVER {"kind":"KIN_DD","call_id":3,"node":4,"entry":27,"row_node":19,"slave_slot":6,"value":-1.1514863766463125e-13}
MORTAR_OBSERVER {"kind":"KIN_DD","call_id":3,"node":4,"entry":28,"row_node":23,"slave_slot":7,"value":-333.33349681311159}
MORTAR_OBSERVER {"kind":"KIN_DD","call_id":3,"node":4,"entry":29,"row_node":24,"slave_slot":8,"value":-333.33347740957208}
MORTAR_OBSERVER {"kind":"KIN_NODE","call_id":3,"node":13,"dd_count":0,"bd_count":9,"b2":[1.8142184334196531e-07,1.8142184334196778e-07,8.8361185371425895e-08],"vold":[-1.4033743668149684e-05,-1.4033743668149706e-05,-5.6785200046841111e-05],"vini":[-7.0168718340748419e-06,-7.0168718340748529e-06,-2.8392600023420556e-05]}
MORTAR_OBSERVER {"kind":"KIN_BD","call_id":3,"node":13,"entry":0,"row_node":1,"slave_slot":0,"value":-1120.3705877379311}
MORTAR_OBSERVER {"kind":"KIN_BD","call_id":3,"node":13,"entry":1,"row_node":2,"slave_slot":1,"value":-50.925919260601276}
MORTAR_OBSERVER {"kind":"KIN_BD","call_id":3,"node":13,"entry":2,"row_node":3,"slave_slot":2,"value":-9.2592523504064417}
MORTAR_OBSERVER {"kind":"KIN_BD","call_id":3,"node":13,"entry":3,"row_node":4,"slave_slot":3,"value":-50.925919260600821}
MORTAR_OBSERVER {"kind":"KIN_BD","call_id":3,"node":13,"entry":4,"row_node":17,"slave_slot":4,"value":-458.33337216808189}
MORTAR_OBSERVER {"kind":"KIN_BD","call_id":3,"node":13,"entry":5,"row_node":18,"slave_slot":5,"value":-41.66680028078401}
MORTAR_OBSERVER {"kind":"KIN_BD","call_id":3,"node":13,"entry":6,"row_node":19,"slave_slot":6,"value":-268.51871839886661}
MORTAR_OBSERVER {"kind":"KIN_BD","call_id":3,"node":13,"entry":7,"row_node":23,"slave_slot":7,"value":-41.666800280784187}
MORTAR_OBSERVER {"kind":"KIN_BD","call_id":3,"node":13,"entry":8,"row_node":24,"slave_slot":8,"value":-458.33337216808263}
MORTAR_OBSERVER {"kind":"KIN_NODE","call_id":3,"node":14,"dd_count":0,"bd_count":9,"b2":[-1.1824483283717768e-07,-4.0770877811894492e-08,4.3149917385772609e-08],"vold":[1.2100687990885791e-05,-1.4267735326570781e-05,-5.1769655423667568e-05],"vini":[6.0503439954428957e-06,-7.1338676632853905e-06,-2.5884827711833784e-05]}
MORTAR_OBSERVER {"kind":"KIN_BD","call_id":3,"node":14,"entry":9,"row_node":1,"slave_slot":0,"value":-101.85200373849031}
MORTAR_OBSERVER {"kind":"KIN_BD","call_id":3,"node":14,"entry":10,"row_node":2,"slave_slot":1,"value":-560.18556897647557}
MORTAR_OBSERVER {"kind":"KIN_BD","call_id":3,"node":14,"entry":11,"row_node":3,"slave_slot":2,"value":-101.85201781954012}
MORTAR_OBSERVER {"kind":"KIN_BD","call_id":3,"node":14,"entry":12,"row_node":4,"slave_slot":3,"value":-4.6295722768483794}
MORTAR_OBSERVER {"kind":"KIN_BD","call_id":3,"node":14,"entry":13,"row_node":17,"slave_slot":4,"value":-458.33346075778331}
MORTAR_OBSERVER {"kind":"KIN_BD","call_id":3,"node":14,"entry":14,"row_node":18,"slave_slot":5,"value":-458.33348743766521}
MORTAR_OBSERVER {"kind":"KIN_BD","call_id":3,"node":14,"entry":15,"row_node":19,"slave_slot":6,"value":-731.48171143767604}
MORTAR_OBSERVER {"kind":"KIN_BD","call_id":3,"node":14,"entry":16,"row_node":23,"slave_slot":7,"value":-41.666779037674758}
MORTAR_OBSERVER {"kind":"KIN_BD","call_id":3,"node":14,"entry":17,"row_node":24,"slave_slot":8,"value":-41.666776612228929}
MORTAR_OBSERVER {"kind":"KIN_NODE","call_id":3,"node":15,"dd_count":0,"bd_count":9,"b2":[1.7286842273125917e-07,1.7286842273125414e-07,-1.1329215559127978e-07],"vold":[1.3553370412671632e-05,1.3553370412671612e-05,-5.5085986314032724e-05],"vini":[6.7766852063358161e-06,6.776685206335806e-06,-2.7542993157016362e-05]}
MORTAR_OBSERVER {"kind":"KIN_BD","call_id":3,"node":15,"entry":18,"row_node":1,"slave_slot":0,"value":-9.2592510703195234}
MORTAR_OBSERVER {"kind":"KIN_BD","call_id":3,"node":15,"entry":19,"row_node":2,"slave_slot":1,"value":-50.925919260603678}
MORTAR_OBSERVER {"kind":"KIN_BD","call_id":3,"node":15,"entry":20,"row_node":3,"slave_slot":2,"value":-1120.3707426293727}
MORTAR_OBSERVER {"kind":"KIN_BD","call_id":3,"node":15,"entry":21,"row_node":4,"slave_slot":3,"value":-50.925919260603315}
MORTAR_OBSERVER {"kind":"KIN_BD","call_id":3,"node":15,"entry":22,"row_node":17,"slave_slot":4,"value":-41.666797855340953}
MORTAR_OBSERVER {"kind":"KIN_BD","call_id":3,"node":15,"entry":23,"row_node":18,"slave_slot":5,"value":-458.33339884793122}
MORTAR_OBSERVER {"kind":"KIN_BD","call_id":3,"node":15,"entry":24,"row_node":19,"slave_slot":6,"value":-268.51871839884353}
MORTAR_OBSERVER {"kind":"KIN_BD","call_id":3,"node":15,"entry":25,"row_node":23,"slave_slot":7,"value":-458.33339884792997}
MORTAR_OBSERVER {"kind":"KIN_BD","call_id":3,"node":15,"entry":26,"row_node":24,"slave_slot":8,"value":-41.666797855341315}
MORTAR_OBSERVER {"kind":"KIN_NODE","call_id":3,"node":16,"dd_count":0,"bd_count":9,"b2":[-4.0770877811895988e-08,-1.1824483283718048e-07,4.3149917385743637e-08],"vold":[-1.4267735326570759e-05,1.2100687990885781e-05,-5.1769655423667541e-05],"vini":[-7.1338676632853795e-06,6.0503439954428906e-06,-2.588482771183377e-05]}
MORTAR_OBSERVER {"kind":"KIN_BD","call_id":3,"node":16,"entry":27,"row_node":1,"slave_slot":0,"value":-101.85200373849038}
MORTAR_OBSERVER {"kind":"KIN_BD","call_id":3,"node":16,"entry":28,"row_node":2,"slave_slot":1,"value":-4.6295722768484255}
MORTAR_OBSERVER {"kind":"KIN_BD","call_id":3,"node":16,"entry":29,"row_node":3,"slave_slot":2,"value":-101.85201781954027}
MORTAR_OBSERVER {"kind":"KIN_BD","call_id":3,"node":16,"entry":30,"row_node":4,"slave_slot":3,"value":-560.18556897647477}
MORTAR_OBSERVER {"kind":"KIN_BD","call_id":3,"node":16,"entry":31,"row_node":17,"slave_slot":4,"value":-41.666776612228958}
MORTAR_OBSERVER {"kind":"KIN_BD","call_id":3,"node":16,"entry":32,"row_node":18,"slave_slot":5,"value":-41.666779037674914}
MORTAR_OBSERVER {"kind":"KIN_BD","call_id":3,"node":16,"entry":33,"row_node":19,"slave_slot":6,"value":-731.48171143767638}
MORTAR_OBSERVER {"kind":"KIN_BD","call_id":3,"node":16,"entry":34,"row_node":23,"slave_slot":7,"value":-458.3334874376651}
MORTAR_OBSERVER {"kind":"KIN_BD","call_id":3,"node":16,"entry":35,"row_node":24,"slave_slot":8,"value":-458.33346075778326}
MORTAR_OBSERVER {"kind":"KIN_NODE","call_id":3,"node":17,"dd_count":6,"bd_count":0,"b2":[3.9479134136391108e-07,1.6927566335289725e-08,-2.4199934525738835e-07],"vold":[-2.6837847779208809e-06,-1.1425072220474453e-05,-5.4805277897885016e-05],"vini":[-1.3418923889604404e-06,-5.7125361102372267e-06,-2.7402638948942508e-05]}
MORTAR_OBSERVER {"kind":"KIN_DD","call_id":3,"node":17,"entry":30,"row_node":1,"slave_slot":0,"value":-4.7369516187913878e-14}
MORTAR_OBSERVER {"kind":"KIN_DD","call_id":3,"node":17,"entry":31,"row_node":2,"slave_slot":1,"value":8.4080891233547134e-13}
MORTAR_OBSERVER {"kind":"KIN_DD","call_id":3,"node":17,"entry":32,"row_node":3,"slave_slot":2,"value":-1.3322676427850779e-13}
MORTAR_OBSERVER {"kind":"KIN_DD","call_id":3,"node":17,"entry":33,"row_node":17,"slave_slot":4,"value":1666.6673622125784}
MORTAR_OBSERVER {"kind":"KIN_DD","call_id":3,"node":17,"entry":34,"row_node":18,"slave_slot":5,"value":-6.6058270621426775e-14}
MORTAR_OBSERVER {"kind":"KIN_DD","call_id":3,"node":17,"entry":35,"row_node":19,"slave_slot":6,"value":7.7993168254709761e-13}
MORTAR_OBSERVER {"kind":"KIN_NODE","call_id":3,"node":18,"dd_count":5,"bd_count":0,"b2":[-9.2965089577977872e-08,2.2916279745275277e-07,-3.2864566674190856e-07],"vold":[1.1565487654972684e-05,-1.0405937900883364e-06,-5.4101477840038313e-05],"vini":[5.7827438274863422e-06,-5.202968950441682e-07,-2.7050738920019156e-05]}
MORTAR_OBSERVER {"kind":"KIN_DD","call_id":3,"node":18,"entry":36,"row_node":1,"slave_slot":0,"value":-3.5527137140935408e-14}
MORTAR_OBSERVER {"kind":"KIN_DD","call_id":3,"node":18,"entry":37,"row_node":2,"slave_slot":1,"value":5.1514348854356343e-13}
MORTAR_OBSERVER {"kind":"KIN_DD","call_id":3,"node":18,"entry":38,"row_node":3,"slave_slot":2,"value":2.6275278510483478e-13}
MORTAR_OBSERVER {"kind":"KIN_DD","call_id":3,"node":18,"entry":39,"row_node":17,"slave_slot":4,"value":-4.263256456912249e-13}
MORTAR_OBSERVER {"kind":"KIN_DD","call_id":3,"node":18,"entry":40,"row_node":18,"slave_slot":5,"value":1666.6674592302784}
MORTAR_OBSERVER {"kind":"KIN_NODE","call_id":3,"node":19,"dd_count":9,"bd_count":0,"b2":[5.5093544443467094e-08,5.5093544443468868e-08,-2.8332772384248944e-07],"vold":[-5.5163941557208042e-07,-5.5163941557210657e-07,-5.4451116509077415e-05],"vini":[-2.7581970778604021e-07,-2.7581970778605329e-07,-2.7225558254538707e-05]}
MORTAR_OBSERVER {"kind":"KIN_DD","call_id":3,"node":19,"entry":41,"row_node":1,"slave_slot":0,"value":1.0199248954210207e-12}
MORTAR_OBSERVER {"kind":"KIN_DD","call_id":3,"node":19,"entry":42,"row_node":2,"slave_slot":1,"value":-6.8093679520126202e-14}
MORTAR_OBSERVER {"kind":"KIN_DD","call_id":3,"node":19,"entry":43,"row_node":3,"slave_slot":2,"value":1.1050419948211783e-12}
MORTAR_OBSERVER {"kind":"KIN_DD","call_id":3,"node":19,"entry":44,"row_node":4,"slave_slot":3,"value":4.8849813568786185e-14}
MORTAR_OBSERVER {"kind":"KIN_DD","call_id":3,"node":19,"entry":45,"row_node":17,"slave_slot":4,"value":3.1974423426841869e-13}
MORTAR_OBSERVER {"kind":"KIN_DD","call_id":3,"node":19,"entry":46,"row_node":18,"slave_slot":5,"value":3.3686017273475473e-13}
MORTAR_OBSERVER {"kind":"KIN_DD","call_id":3,"node":19,"entry":47,"row_node":19,"slave_slot":6,"value":3333.3347992354729}
MORTAR_OBSERVER {"kind":"KIN_DD","call_id":3,"node":19,"entry":48,"row_node":23,"slave_slot":7,"value":-1.9428903123949051e-14}
MORTAR_OBSERVER {"kind":"KIN_DD","call_id":3,"node":19,"entry":49,"row_node":24,"slave_slot":8,"value":-3.1585845364362886e-13}
MORTAR_OBSERVER {"kind":"KIN_NODE","call_id":3,"node":23,"dd_count":6,"bd_count":0,"b2":[2.2916279745274645e-07,-9.2965089577980016e-08,-3.2864566674192629e-07],"vold":[-1.0405937900883099e-06,1.1565487654972664e-05,-5.4101477840038285e-05],"vini":[-5.2029689504415496e-07,5.782743827486332e-06,-2.7050738920019143e-05]}
MORTAR_OBSERVER {"kind":"KIN_DD","call_id":3,"node":23,"entry":50,"row_node":1,"slave_slot":0,"value":-1.7615538832380473e-13}
MORTAR_OBSERVER {"kind":"KIN_DD","call_id":3,"node":23,"entry":51,"row_node":3,"slave_slot":2,"value":3.286260185536525e-13}
MORTAR_OBSERVER {"kind":"KIN_DD","call_id":3,"node":23,"entry":52,"row_node":4,"slave_slot":3,"value":-2.3610743224913323e-13}
MORTAR_OBSERVER {"kind":"KIN_DD","call_id":3,"node":23,"entry":53,"row_node":19,"slave_slot":6,"value":7.8159701710057895e-13}
MORTAR_OBSERVER {"kind":"KIN_DD","call_id":3,"node":23,"entry":54,"row_node":23,"slave_slot":7,"value":1666.667459230277}
MORTAR_OBSERVER {"kind":"KIN_DD","call_id":3,"node":23,"entry":55,"row_node":24,"slave_slot":8,"value":3.0558889056382724e-13}
MORTAR_OBSERVER {"kind":"KIN_NODE","call_id":3,"node":24,"dd_count":6,"bd_count":0,"b2":[1.6927566335291486e-08,3.947913413639033e-07,-2.4199934525739757e-07],"vold":[-1.1425072220474433e-05,-2.683784777920908e-06,-5.4805277897885016e-05],"vini":[-5.7125361102372165e-06,-1.341892388960454e-06,-2.7402638948942508e-05]}
MORTAR_OBSERVER {"kind":"KIN_DD","call_id":3,"node":24,"entry":56,"row_node":1,"slave_slot":0,"value":-1.0066022189931698e-13}
MORTAR_OBSERVER {"kind":"KIN_DD","call_id":3,"node":24,"entry":57,"row_node":3,"slave_slot":2,"value":5.9211895234892347e-14}
MORTAR_OBSERVER {"kind":"KIN_DD","call_id":3,"node":24,"entry":58,"row_node":4,"slave_slot":3,"value":-7.0462155329521894e-13}
MORTAR_OBSERVER {"kind":"KIN_DD","call_id":3,"node":24,"entry":59,"row_node":19,"slave_slot":6,"value":4.8553754092611723e-13}
MORTAR_OBSERVER {"kind":"KIN_DD","call_id":3,"node":24,"entry":60,"row_node":23,"slave_slot":7,"value":2.2713312937759487e-13}
MORTAR_OBSERVER {"kind":"KIN_DD","call_id":3,"node":24,"entry":61,"row_node":24,"slave_slot":8,"value":1666.6673622125807}
MORTAR_OBSERVER {"kind":"KIN_GAP","call_id":3,"pair":0,"slot":0,"node":1,"gap":-0.00043955189139592311}
MORTAR_OBSERVER {"kind":"KIN_GAP","call_id":3,"pair":0,"slot":1,"node":2,"gap":-0.00021296045828730049}
MORTAR_OBSERVER {"kind":"KIN_GAP","call_id":3,"pair":0,"slot":2,"node":3,"gap":-0.0004189658308963078}
MORTAR_OBSERVER {"kind":"KIN_GAP","call_id":3,"pair":0,"slot":3,"node":4,"gap":-0.00021296045828729296}
MORTAR_OBSERVER {"kind":"KIN_GAP","call_id":3,"pair":0,"slot":4,"node":17,"gap":-0.00028250779713382096}
MORTAR_OBSERVER {"kind":"KIN_GAP","call_id":3,"pair":0,"slot":5,"node":18,"gap":-0.00029115910715374072}
MORTAR_OBSERVER {"kind":"KIN_GAP","call_id":3,"pair":0,"slot":6,"node":19,"gap":-0.00056822823263025723}
MORTAR_OBSERVER {"kind":"KIN_GAP","call_id":3,"pair":0,"slot":7,"node":23,"gap":-0.00029115910715373693}
MORTAR_OBSERVER {"kind":"KIN_GAP","call_id":3,"pair":0,"slot":8,"node":24,"gap":-0.0002825077971338292}
MORTAR_OBSERVER {"kind":"INVENTORY","call_id":3,"pair_count":1,"slave_count":9}
MORTAR_OBSERVER {"kind":"PAIR","call_id":3,"pair":0,"start":0,"end":9}
MORTAR_OBSERVER {"kind":"PRE_RAW","call_id":3,"pair":0,"slot":0,"node":1,"activity":1,"lambda_raw":[0.00032717039051297694,0.00032717039051297596,-0.0066001557818503717],"lambda_start":[0.00012692072592137638,0.00012692072592137635,-0.0032966408191869249],"ddtil_count":1}
MORTAR_OBSERVER {"kind":"DDTIL","call_id":3,"pair":0,"column_slot":0,"source_slot":0,"destination_slot":0,"entry":0,"value":1333.3338462852309}
MORTAR_OBSERVER {"kind":"PRE_RAW","call_id":3,"pair":0,"slot":1,"node":2,"activity":1,"lambda_raw":[-1.5524538808111076e-05,0.00018177790757513851,-0.0064044867879083037],"lambda_start":[-1.6346336761773472e-05,6.5206278637154486e-05,-0.0031944069798051939],"ddtil_count":1}
MORTAR_OBSERVER {"kind":"DDTIL","call_id":3,"pair":0,"column_slot":1,"source_slot":1,"destination_slot":1,"entry":1,"value":666.66697977452793}
MORTAR_OBSERVER {"kind":"PRE_RAW","call_id":3,"pair":0,"slot":2,"node":3,"activity":1,"lambda_raw":[6.4901491407786283e-05,6.4901491407786053e-05,-0.0062879438511422268],"lambda_start":[2.5394917443968433e-05,2.5394917443968219e-05,-0.0031422438438646508],"ddtil_count":1}
MORTAR_OBSERVER {"kind":"DDTIL","call_id":3,"pair":0,"column_slot":2,"source_slot":2,"destination_slot":2,"entry":2,"value":1333.3340306188584}
MORTAR_OBSERVER {"kind":"PRE_RAW","call_id":3,"pair":0,"slot":3,"node":4,"activity":1,"lambda_raw":[0.00018177790757513849,-1.5524538808111151e-05,-0.0064044867879083089],"lambda_start":[6.5206278637154296e-05,-1.6346336761773333e-05,-0.0031944069798051974],"ddtil_count":1}
MORTAR_OBSERVER {"kind":"DDTIL","call_id":3,"pair":0,"column_slot":3,"source_slot":3,"destination_slot":3,"entry":3,"value":666.6669797745277}
MORTAR_OBSERVER {"kind":"PRE_RAW","call_id":3,"pair":0,"slot":4,"node":17,"activity":1,"lambda_raw":[-0.00048531380793925025,-5.8316901074897777e-05,-0.0056430882226375673],"lambda_start":[-0.00018419461170678358,-2.4249263740679305e-05,-0.0028250773598146057],"ddtil_count":1}
MORTAR_OBSERVER {"kind":"DDTIL","call_id":3,"pair":0,"column_slot":4,"source_slot":4,"destination_slot":4,"entry":4,"value":1000.0004073934354}
MORTAR_OBSERVER {"kind":"PRE_RAW","call_id":3,"pair":0,"slot":5,"node":18,"activity":1,"lambda_raw":[0.0002096075734900929,-0.00021268272701249562,-0.0058259418390887545],"lambda_start":[7.9201222551713782e-05,-8.2919599557242609e-05,-0.0029115875655131703],"ddtil_count":1}
MORTAR_OBSERVER {"kind":"DDTIL","call_id":3,"pair":0,"column_slot":5,"source_slot":5,"destination_slot":5,"entry":5,"value":1000.0004656040549}
MORTAR_OBSERVER {"kind":"PRE_RAW","call_id":3,"pair":0,"slot":6,"node":19,"activity":1,"lambda_raw":[-0.00010180230657766606,-0.0001018023065776669,-0.0056692323189682014],"lambda_start":[-4.1587236991474073e-05,-4.158723699147452e-05,-0.0028411406356157877],"ddtil_count":1}
MORTAR_OBSERVER {"kind":"DDTIL","call_id":3,"pair":0,"column_slot":6,"source_slot":6,"destination_slot":6,"entry":6,"value":2000.0008596730599}
MORTAR_OBSERVER {"kind":"PRE_RAW","call_id":3,"pair":0,"slot":7,"node":23,"activity":1,"lambda_raw":[-0.00021268272701249392,0.00020960757349009284,-0.0058259418390887675],"lambda_start":[-8.2919599557241863e-05,7.9201222551713999e-05,-0.0029115875655131703],"ddtil_count":1}
MORTAR_OBSERVER {"kind":"DDTIL","call_id":3,"pair":0,"column_slot":7,"source_slot":7,"destination_slot":7,"entry":7,"value":1000.0004656040541}
MORTAR_OBSERVER {"kind":"PRE_RAW","call_id":3,"pair":0,"slot":8,"node":24,"activity":1,"lambda_raw":[-5.8316901074897608e-05,-0.00048531380793925035,-0.0056430882226375526],"lambda_start":[-2.4249263740679156e-05,-0.00018419461170678372,-0.002825077359814607],"ddtil_count":1}
MORTAR_OBSERVER {"kind":"DDTIL","call_id":3,"pair":0,"column_slot":8,"source_slot":8,"destination_slot":8,"entry":8,"value":1000.0004073934367}
MORTAR_OBSERVER {"kind":"LAW","call_id":3,"pair":0,"slot":0,"node":1,"activity":1,"ndof":3,"normal":[3.7072482079489004e-08,3.7072482079488726e-08,-0.99999999999999878],"tangents":[0.99999999999999933,-1.374368927534024e-15,3.7072482079488984e-08,-0,0.99999999999999944,3.7072482079488752e-08],"ln":8.8002111270403134,"lt":[0.43622702892763959,0.43622702892763898],"lt_start":[0.16922753671312243,0.16922753671312266],"q":0.00088002111270403158,"ut":[0.00097418920917885911,0.00097418920917884979],"gn":0.00088002111270403137,"gt":[0.0026699949221451712,0.0026699949221451638],"b":2.6400633387626153,"constant_n":10000000000,"constant_t":100,"mu":0.29999999999999999,"normal_mode":1,"tangent_mode":1,"normal_inverse_stiffness":0.0001,"tangent_inverse_stiffness":0.01,"p0":0,"beta":0,"iwan":1,"rn":-6.5052141451360512e-10,"rt":[-0.0016958057129663122,-0.0016958057129663139]}
MORTAR_OBSERVER {"kind":"LAW","call_id":3,"pair":0,"slot":1,"node":2,"activity":1,"ndof":3,"normal":[3.419649667970893e-08,-2.051340828584143e-08,-0.99999999999999922],"tangents":[0.99999999999999944,7.0148669833629066e-16,3.4196496679708924e-08,-9.8607613152626476e-32,0.99999999999999989,-2.0513408285841443e-08],"ln":4.2696598610608456,"lt":[-0.01034984340700513,0.1211854162181269],"lt_start":[-0.010897635784401475,0.043470916526838349],"q":0.00042696598610608434,"ut":[0.00011498823153141965,0.00034030343785876202],"gn":0.00042696598610608461,"gt":[5.477923773963452e-06,0.00077714499691288548],"b":1.280897957505102,"constant_n":10000000000,"constant_t":100,"mu":0.29999999999999999,"normal_mode":1,"tangent_mode":1,"normal_inverse_stiffness":0.0001,"tangent_inverse_stiffness":0.01,"p0":0,"beta":0,"iwan":1,"rn":8.1315154609740148e-10,"rt":[0.0001095103077574562,-0.00043684155905412346]}
MORTAR_OBSERVER {"kind":"LAW","call_id":3,"pair":0,"slot":2,"node":3,"activity":1,"ndof":3,"normal":[-2.2603575222616979e-08,-2.2603575222616169e-08,-0.99999999999999956],"tangents":[0.99999999999999978,-5.1092161284448612e-16,-2.2603575222616976e-08,9.8607613152626476e-32,0.99999999999999989,-2.2603575222616172e-08],"ln":8.3839295154365114,"lt":[0.086535556638700384,0.08653555663870012],"lt_start":[0.033860002334109213,0.033860002334108942],"q":0.0008383929515436506,"ut":[0.00018778403116811825,0.00018778403116812416],"gn":0.00083839295154365114,"gt":[0.00052675554304591169,0.00052675554304591179],"b":2.5151788530046502,"constant_n":10000000000,"constant_t":100,"mu":0.29999999999999999,"normal_mode":1,"tangent_mode":1,"normal_inverse_stiffness":0.0001,"tangent_inverse_stiffness":0.01,"p0":0,"beta":0,"iwan":1,"rn":1.626303092194803e-09,"rt":[-0.00033897151187779344,-0.00033897151187778764]}
MORTAR_OBSERVER {"kind":"LAW","call_id":3,"pair":0,"slot":3,"node":4,"activity":1,"ndof":3,"normal":[-2.0513408285841172e-08,3.4196496679709744e-08,-0.99999999999999922],"tangents":[0.99999999999999978,7.0148669833629816e-16,-2.0513408285841159e-08,-0,0.99999999999999944,3.4196496679709751e-08],"ln":4.2696598610608474,"lt":[0.12118541621812681,-0.01034984340700526],"lt_start":[0.043470916526838203,-0.010897635784401411],"q":0.00042696598610608493,"ut":[0.00034030343785876121,0.00011498823153141595],"gn":0.00042696598610608477,"gt":[0.00077714499691288602,5.4779237739615089e-06],"b":1.2808979588061453,"constant_n":10000000000,"constant_t":100,"mu":0.29999999999999999,"normal_mode":1,"tangent_mode":1,"normal_inverse_stiffness":0.0001,"tangent_inverse_stiffness":0.01,"p0":0,"beta":0,"iwan":1,"rn":-4.8789106088520384e-10,"rt":[-0.00043684155905412481,0.00010951030775745445]}
MORTAR_OBSERVER {"kind":"LAW","call_id":3,"pair":0,"slot":4,"node":17,"activity":1,"ndof":3,"normal":[3.6214636911915287e-08,7.6993882345491948e-09,-0.99999999999999933],"tangents":[0.99999999999999933,-2.7883054935807172e-16,3.6214636911915287e-08,-0,1,7.6993882345491997e-09],"ln":5.6430905035701855,"lt":[-0.48531421001538361,-0.058316968281165213],"lt_start":[-0.18419478905565162,-0.024249295371046413],"q":0.00056430905035701829,"ut":[-0.0011738546818546747,-9.8790549430971634e-05],"gn":0.00056430905035701861,"gt":[-0.00301119420959732,-0.000340676729101188],"b":1.6929271500952738,"constant_n":10000000000,"constant_t":100,"mu":0.29999999999999999,"normal_mode":1,"tangent_mode":1,"normal_inverse_stiffness":0.0001,"tangent_inverse_stiffness":0.01,"p0":0,"beta":0,"iwan":1,"rn":9.7578167768119783e-10,"rt":[0.0018373395277426453,0.00024188617967021636]}
MORTAR_OBSERVER {"kind":"LAW","call_id":3,"pair":0,"slot":5,"node":18,"activity":1,"ndof":3,"normal":[5.9837032521186219e-09,-2.1745733157480924e-08,-0.99999999999999978],"tangents":[1,1.3012001421412235e-16,5.9837032521186202e-09,-0,0.99999999999999978,-2.1745733157480924e-08],"ln":5.8259445575500717,"lt":[0.20960763622350564,-0.21268269934900005],"lt_start":[0.079201242006040048,-0.082919574850308639],"q":0.00058259445575500695,"ut":[0.0005112987469322542,-0.00046764693341697555],"gn":0.00058259445575500717,"gt":[0.0013040639421746558,-0.0012976312449869143],"b":1.7477833666145002,"constant_n":10000000000,"constant_t":100,"mu":0.29999999999999999,"normal_mode":1,"tangent_mode":1,"normal_inverse_stiffness":0.0001,"tangent_inverse_stiffness":0.01,"p0":0,"beta":0,"iwan":1,"rn":6.505211924690002e-10,"rt":[-0.00079276519524240164,0.00082998431156993866]}
MORTAR_OBSERVER {"kind":"LAW","call_id":3,"pair":0,"slot":6,"node":19,"activity":1,"ndof":3,"normal":[7.2344513925688265e-09,7.2344513925689622e-09,-1],"tangents":[1,-5.2337286951442013e-17,7.2344513925688265e-09,-0,1,7.2344513925689622e-09],"ln":11.338469508676761,"lt":[-0.20360478269963905,-0.20360478269964075],"lt_start":[-0.083174550842580755,-0.083174550842581643],"q":0.0011338469508676758,"ut":[-0.00037637730339228699,-0.00037637730339228672],"gn":0.0011338469508676762,"gt":[-0.0012043023185705831,-0.0012043023185705911],"b":3.4015408513019856,"constant_n":10000000000,"constant_t":100,"mu":0.29999999999999999,"normal_mode":1,"tangent_mode":1,"normal_inverse_stiffness":0.0001,"tangent_inverse_stiffness":0.01,"p0":0,"beta":0,"iwan":1,"rn":1.3010428290272102e-09,"rt":[0.00082792501517829609,0.00082792501517830433]}
MORTAR_OBSERVER {"kind":"LAW","call_id":3,"pair":0,"slot":7,"node":23,"activity":1,"ndof":3,"normal":[-2.1745733157481199e-08,5.9837032521194358e-09,-0.99999999999999978],"tangents":[0.99999999999999978,1.3012001421414173e-16,-2.1745733157481199e-08,-0,1,5.9837032521194366e-09],"ln":5.8259445575500797,"lt":[-0.21268269934899814,0.20960763622350545],"lt_start":[-0.082919574850307806,0.079201242006040215],"q":0.00058259445575500782,"ut":[-0.00046764693341697338,0.00051129874693225247],"gn":0.00058259445575500803,"gt":[-0.0012976312449869032,0.0013040639421746526],"b":1.7477833666145026,"constant_n":10000000000,"constant_t":100,"mu":0.29999999999999999,"normal_mode":1,"tangent_mode":1,"normal_inverse_stiffness":0.0001,"tangent_inverse_stiffness":0.01,"p0":0,"beta":0,"iwan":1,"rn":6.505211924690002e-10,"rt":[0.00082998431156992977,-0.00079276519524240012]}
MORTAR_OBSERVER {"kind":"LAW","call_id":3,"pair":0,"slot":8,"node":24,"activity":1,"ndof":3,"normal":[7.6993882345494595e-09,3.6214636911915559e-08,-0.99999999999999933],"tangents":[1,-2.7883054935808326e-16,7.6993882345494561e-09,-4.9303806576313238e-32,0.99999999999999944,3.6214636911915559e-08],"ln":5.6430905035701784,"lt":[-0.058316968281164984,-0.48531421001538444],"lt_start":[-0.024249295371046246,-0.18419478905565201],"q":0.00056430905035701785,"ut":[-9.8790549430969736e-05,-0.0011738546818546866],"gn":0.00056430905035701785,"gt":[-0.0003406767291011874,-0.0030111942095973243],"b":1.6929271510710535,"constant_n":10000000000,"constant_t":100,"mu":0.29999999999999999,"normal_mode":1,"tangent_mode":1,"normal_inverse_stiffness":0.0001,"tangent_inverse_stiffness":0.01,"p0":0,"beta":0,"iwan":1,"rn":0,"rt":[0.00024188617967021766,0.0018373395277426377]}
MORTAR_OBSERVER {"kind":"POST_RAW_AFTER_ACTIVE_LOOP","call_id":3,"pair":0,"slot":0,"node":1,"activity":1,"lambda_raw":[0.00032717039051297694,0.00032717039051297596,-0.0066001557818503717],"gap":-0.00088002111270403158}
MORTAR_OBSERVER {"kind":"POST_RAW_AFTER_ACTIVE_LOOP","call_id":3,"pair":0,"slot":1,"node":2,"activity":1,"lambda_raw":[-1.5524538808111076e-05,0.00018177790757513851,-0.0064044867879083037],"gap":-0.00042696598610608434}
MORTAR_OBSERVER {"kind":"POST_RAW_AFTER_ACTIVE_LOOP","call_id":3,"pair":0,"slot":2,"node":3,"activity":1,"lambda_raw":[6.4901491407786283e-05,6.4901491407786053e-05,-0.0062879438511422268],"gap":-0.0008383929515436506}
MORTAR_OBSERVER {"kind":"POST_RAW_AFTER_ACTIVE_LOOP","call_id":3,"pair":0,"slot":3,"node":4,"activity":1,"lambda_raw":[0.00018177790757513849,-1.5524538808111151e-05,-0.0064044867879083089],"gap":-0.00042696598610608493}
MORTAR_OBSERVER {"kind":"POST_RAW_AFTER_ACTIVE_LOOP","call_id":3,"pair":0,"slot":4,"node":17,"activity":1,"lambda_raw":[-0.00048531380793925025,-5.8316901074897777e-05,-0.0056430882226375673],"gap":-0.00056430905035701829}
MORTAR_OBSERVER {"kind":"POST_RAW_AFTER_ACTIVE_LOOP","call_id":3,"pair":0,"slot":5,"node":18,"activity":1,"lambda_raw":[0.0002096075734900929,-0.00021268272701249562,-0.0058259418390887545],"gap":-0.00058259445575500695}
MORTAR_OBSERVER {"kind":"POST_RAW_AFTER_ACTIVE_LOOP","call_id":3,"pair":0,"slot":6,"node":19,"activity":1,"lambda_raw":[-0.00010180230657766606,-0.0001018023065776669,-0.0056692323189682014],"gap":-0.0011338469508676758}
MORTAR_OBSERVER {"kind":"POST_RAW_AFTER_ACTIVE_LOOP","call_id":3,"pair":0,"slot":7,"node":23,"activity":1,"lambda_raw":[-0.00021268272701249392,0.00020960757349009284,-0.0058259418390887675],"gap":-0.00058259445575500782}
MORTAR_OBSERVER {"kind":"POST_RAW_AFTER_ACTIVE_LOOP","call_id":3,"pair":0,"slot":8,"node":24,"activity":1,"lambda_raw":[-5.8316901074897608e-05,-0.00048531380793925035,-0.0056430882226375526],"gap":-0.00056430905035701785}
MORTAR_OBSERVER {"kind":"CFS_INVENTORY","call_id":3,"all_node_count":35,"physical_count":13}
MORTAR_OBSERVER {"kind":"CFS_NODE","call_id":3,"node":1,"force":[0.6853059050784952,0.68530590507849487,-1.2586607224624937]}
MORTAR_OBSERVER {"kind":"CFS_NODE","call_id":3,"node":2,"force":[0.081552416405711273,0.21151858116672001,-0.44664807786665145]}
MORTAR_OBSERVER {"kind":"CFS_NODE","call_id":3,"node":3,"force":[0.15542865405164799,0.1554286540516486,-0.72047645736978438]}
MORTAR_OBSERVER {"kind":"CFS_NODE","call_id":3,"node":4,"force":[0.21151858116671957,0.081552416405711717,-0.44664807786665306]}
MORTAR_OBSERVER {"kind":"CFS_NODE","call_id":3,"node":13,"force":[-0.098991574854453618,-0.098991574854451841,15.285773841244977]}
MORTAR_OBSERVER {"kind":"CFS_NODE","call_id":3,"node":14,"force":[0.18004535486720685,0.068471721791565257,14.811487652359483]}
MORTAR_OBSERVER {"kind":"CFS_NODE","call_id":3,"node":15,"force":[-0.032813069230832222,-0.032813069230830272,15.091250854036096]}
MORTAR_OBSERVER {"kind":"CFS_NODE","call_id":3,"node":16,"force":[0.068471721791563772,0.18004535486720782,14.811487652359483]}
MORTAR_OBSERVER {"kind":"CFS_NODE","call_id":3,"node":17,"force":[-0.80885668412345224,-0.097194875686911694,-9.4051509627562293]}
MORTAR_OBSERVER {"kind":"CFS_NODE","call_id":3,"node":18,"force":[0.34934612194415721,-0.35447138025208286,-9.7099076825774322]}
MORTAR_OBSERVER {"kind":"CFS_NODE","call_id":3,"node":19,"force":[-0.33934117115777224,-0.3393411711577749,-18.897449373767138]}
MORTAR_OBSERVER {"kind":"CFS_NODE","call_id":3,"node":23,"force":[-0.35447138025208003,0.34934612194415632,-9.7099076825774482]}
MORTAR_OBSERVER {"kind":"CFS_NODE","call_id":3,"node":24,"force":[-0.097194875686911861,-0.80885668412345335,-9.4051509627562098]}
MORTAR_OBSERVER {"kind":"CFS_END","call_id":3,"scanned_nodes":35,"physical_count":13,"outside_nonzero_count":0}
MORTAR_OBSERVER {"kind":"SUMMARY_PRE_OVERRIDE","call_id":3,"ndiverg":14,"flag":1,"keepset":0,"max_n":1.626303092194803e-09,"max_t":[0.0018373395277426453,0.0018373395277426377],"lm_t_av":[1.8238241417601633,1.8238241417601673],"nstick":9,"nslip":0,"ninactive":0,"nnogap":0,"nolm":0}
MORTAR_OBSERVER {"kind":"SUMMARY_POST_OVERRIDE","call_id":3,"flag":1}
MORTAR_OBSERVER {"kind":"RETURN","call_id":3}
 Using up to 2 cpu(s) for the stress calculation.

 average force= 2.337148
 time avg. forc= 1.752297
 largest residual force= 0.000000 in node 17 and dof 1
 largest increment of disp= 9.280102e-05
 largest correction to disp= 7.025521e-07 in node 17 and dof 1

MORTAR_OBSERVER {"kind":"PRE_CHECK","call_id":3,"step":1,"inc":2,"cutback":0,"iteration":1,"time":0.5,"dtime":0.25,"ttime":0,"tper":1,"theta":0.25,"dtheta":0.25,"icntrl":0,"nmethod":1,"iexpl":0,"ithermal":0,"uncoupled":0,"mortar":2,"iflagdualquad":2}
 no convergence

MORTAR_OBSERVER {"kind":"POST_CHECK","call_id":3,"step":1,"inc":2,"cutback":0,"iteration":2,"time":0.5,"dtime":0.25,"ttime":0,"tper":1,"theta":0.25,"dtheta":0.25,"icntrl":0,"nmethod":1,"iexpl":0,"ithermal":0,"uncoupled":0,"mortar":2,"iflagdualquad":2}
 iteration 2

 Determining the structure of the matrix:

 Using up to 2 cpu(s) for setting up the structure of the matrix.
 number of equations
 75
 number of nonzero lower triangular matrix elements
 1143

 Using up to 2 cpu(s) for the stress calculation.

 Using up to 2 cpu(s) for the symmetric stiffness/mass contributions.

 Using up to 2 cpu(s) for the stress calculation.

 Using up to 2 cpu(s) for the symmetric stiffness/mass contributions.

 Factoring the system of equations using the unsymmetric spooles solver
 Using 1 cpu for spooles.

MORTAR_OBSERVER {"kind":"BEGIN","call_id":4,"step":1,"inc":2,"cutback":0,"iteration":2,"time":0.5,"dtime":0.25,"ttime":0,"tper":1,"theta":0.25,"dtheta":0.25,"icntrl":0,"nmethod":1,"iexpl":0,"ithermal":0,"uncoupled":0,"mortar":2,"iflagdualquad":2}
MORTAR_OBSERVER {"kind":"KIN_INVENTORY","call_id":4,"all_node_count":35,"physical_count":13,"dd_count":62,"bd_count":36,"slave_count":9}
MORTAR_OBSERVER {"kind":"KIN_NODE","call_id":4,"node":1,"dd_count":9,"bd_count":0,"b2":[3.9807340878066044e-07,3.9807340892144118e-07,-7.5854010683095446e-08],"vold":[-9.7223116569867129e-06,-9.7223116569867417e-06,-5.6916761817308417e-05],"vini":[-4.6626220945354738e-06,-4.6626220945354857e-06,-2.8333231760257566e-05]}
MORTAR_OBSERVER {"kind":"KIN_DD","call_id":4,"node":1,"entry":0,"row_node":1,"slave_slot":0,"value":1333.3338462852307}
MORTAR_OBSERVER {"kind":"KIN_DD","call_id":4,"node":1,"entry":1,"row_node":2,"slave_slot":1,"value":3.5527098406824066e-15}
MORTAR_OBSERVER {"kind":"KIN_DD","call_id":4,"node":1,"entry":2,"row_node":3,"slave_slot":2,"value":-2.3285078081921668e-13}
MORTAR_OBSERVER {"kind":"KIN_DD","call_id":4,"node":1,"entry":3,"row_node":4,"slave_slot":3,"value":2.6615746969405764e-13}
MORTAR_OBSERVER {"kind":"KIN_DD","call_id":4,"node":1,"entry":4,"row_node":17,"slave_slot":4,"value":-333.33347740957157}
MORTAR_OBSERVER {"kind":"KIN_DD","call_id":4,"node":1,"entry":5,"row_node":18,"slave_slot":5,"value":-2.7348493974441781e-13}
MORTAR_OBSERVER {"kind":"KIN_DD","call_id":4,"node":1,"entry":6,"row_node":19,"slave_slot":6,"value":-666.66696978120558}
MORTAR_OBSERVER {"kind":"KIN_DD","call_id":4,"node":1,"entry":7,"row_node":23,"slave_slot":7,"value":-4.1540845869735996e-14}
MORTAR_OBSERVER {"kind":"KIN_DD","call_id":4,"node":1,"entry":8,"row_node":24,"slave_slot":8,"value":-333.33347740957214}
MORTAR_OBSERVER {"kind":"KIN_NODE","call_id":4,"node":2,"dd_count":6,"bd_count":0,"b2":[-2.6657105291963149e-07,1.4990696122464757e-07,-3.4140760888596084e-08],"vold":[9.9686071165855256e-06,-1.0787025689661321e-05,-5.3331354151929288e-05],"vini":[4.8526196457470466e-06,-5.3187008133070553e-06,-2.6522499575122181e-05]}
MORTAR_OBSERVER {"kind":"KIN_DD","call_id":4,"node":2,"entry":9,"row_node":1,"slave_slot":0,"value":-1.0154839890729551e-13}
MORTAR_OBSERVER {"kind":"KIN_DD","call_id":4,"node":2,"entry":10,"row_node":2,"slave_slot":1,"value":666.6669797745277}
MORTAR_OBSERVER {"kind":"KIN_DD","call_id":4,"node":2,"entry":11,"row_node":3,"slave_slot":2,"value":-9.3628809053417578e-14}
MORTAR_OBSERVER {"kind":"KIN_DD","call_id":4,"node":2,"entry":12,"row_node":17,"slave_slot":4,"value":-333.33347740957112}
MORTAR_OBSERVER {"kind":"KIN_DD","call_id":4,"node":2,"entry":13,"row_node":18,"slave_slot":5,"value":-333.33349681311131}
MORTAR_OBSERVER {"kind":"KIN_DD","call_id":4,"node":2,"entry":14,"row_node":19,"slave_slot":6,"value":-3.6523562340002344e-13}
MORTAR_OBSERVER {"kind":"KIN_NODE","call_id":4,"node":3,"dd_count":9,"bd_count":0,"b2":[-2.3477185641981208e-08,-2.3477185583057761e-08,8.9271804187338565e-08],"vold":[1.1654756250841089e-05,1.1654756250841069e-05,-5.5622133997852111e-05],"vini":[5.8167485989755762e-06,5.8167485989755635e-06,-2.7609786469375681e-05]}
MORTAR_OBSERVER {"kind":"KIN_DD","call_id":4,"node":3,"entry":15,"row_node":1,"slave_slot":0,"value":-1.5888679662625099e-13}
MORTAR_OBSERVER {"kind":"KIN_DD","call_id":4,"node":3,"entry":16,"row_node":2,"slave_slot":1,"value":-7.0577805081795484e-14}
MORTAR_OBSERVER {"kind":"KIN_DD","call_id":4,"node":3,"entry":17,"row_node":3,"slave_slot":2,"value":1333.3340306188582}
MORTAR_OBSERVER {"kind":"KIN_DD","call_id":4,"node":3,"entry":18,"row_node":4,"slave_slot":3,"value":-1.1842369628148469e-15}
MORTAR_OBSERVER {"kind":"KIN_DD","call_id":4,"node":3,"entry":19,"row_node":17,"slave_slot":4,"value":-1.9262369424306907e-13}
MORTAR_OBSERVER {"kind":"KIN_DD","call_id":4,"node":3,"entry":20,"row_node":18,"slave_slot":5,"value":-333.33349681311148}
MORTAR_OBSERVER {"kind":"KIN_DD","call_id":4,"node":3,"entry":21,"row_node":19,"slave_slot":6,"value":-666.66696978120592}
MORTAR_OBSERVER {"kind":"KIN_DD","call_id":4,"node":3,"entry":22,"row_node":23,"slave_slot":7,"value":-333.33349681311159}
MORTAR_OBSERVER {"kind":"KIN_DD","call_id":4,"node":3,"entry":23,"row_node":24,"slave_slot":8,"value":8.4238172044443228e-14}
MORTAR_OBSERVER {"kind":"KIN_NODE","call_id":4,"node":4,"dd_count":6,"bd_count":0,"b2":[1.4990696093046297e-07,-2.6657105276792541e-07,-3.4140760835201502e-08],"vold":[-1.0787025689661302e-05,9.9686071165855053e-06,-5.3331354151929301e-05],"vini":[-5.3187008133070434e-06,4.8526196457470423e-06,-2.6522499575122167e-05]}
MORTAR_OBSERVER {"kind":"KIN_DD","call_id":4,"node":4,"entry":24,"row_node":1,"slave_slot":0,"value":9.6857708414964375e-14}
MORTAR_OBSERVER {"kind":"KIN_DD","call_id":4,"node":4,"entry":25,"row_node":3,"slave_slot":2,"value":-7.7567583913556039e-14}
MORTAR_OBSERVER {"kind":"KIN_DD","call_id":4,"node":4,"entry":26,"row_node":4,"slave_slot":3,"value":666.66697977452793}
MORTAR_OBSERVER {"kind":"KIN_DD","call_id":4,"node":4,"entry":27,"row_node":19,"slave_slot":6,"value":-1.1514863766463125e-13}
MORTAR_OBSERVER {"kind":"KIN_DD","call_id":4,"node":4,"entry":28,"row_node":23,"slave_slot":7,"value":-333.33349681311159}
MORTAR_OBSERVER {"kind":"KIN_DD","call_id":4,"node":4,"entry":29,"row_node":24,"slave_slot":8,"value":-333.33347740957208}
MORTAR_OBSERVER {"kind":"KIN_NODE","call_id":4,"node":13,"dd_count":0,"bd_count":9,"b2":[-1.7929229830536658e-07,-1.7929229834442801e-07,-8.4110103706434947e-08],"vold":[-1.3852321824807718e-05,-1.3852321824807738e-05,-5.6696838861469688e-05],"vini":[-7.0168718340748419e-06,-7.0168718340748529e-06,-2.8392600023420556e-05]}
MORTAR_OBSERVER {"kind":"KIN_BD","call_id":4,"node":13,"entry":0,"row_node":1,"slave_slot":0,"value":-1120.3705877379311}
MORTAR_OBSERVER {"kind":"KIN_BD","call_id":4,"node":13,"entry":1,"row_node":2,"slave_slot":1,"value":-50.925919260601276}
MORTAR_OBSERVER {"kind":"KIN_BD","call_id":4,"node":13,"entry":2,"row_node":3,"slave_slot":2,"value":-9.2592523504064417}
MORTAR_OBSERVER {"kind":"KIN_BD","call_id":4,"node":13,"entry":3,"row_node":4,"slave_slot":3,"value":-50.925919260600821}
MORTAR_OBSERVER {"kind":"KIN_BD","call_id":4,"node":13,"entry":4,"row_node":17,"slave_slot":4,"value":-458.33337216808189}
MORTAR_OBSERVER {"kind":"KIN_BD","call_id":4,"node":13,"entry":5,"row_node":18,"slave_slot":5,"value":-41.66680028078401}
MORTAR_OBSERVER {"kind":"KIN_BD","call_id":4,"node":13,"entry":6,"row_node":19,"slave_slot":6,"value":-268.51871839886661}
MORTAR_OBSERVER {"kind":"KIN_BD","call_id":4,"node":13,"entry":7,"row_node":23,"slave_slot":7,"value":-41.666800280784187}
MORTAR_OBSERVER {"kind":"KIN_BD","call_id":4,"node":13,"entry":8,"row_node":24,"slave_slot":8,"value":-458.33337216808263}
MORTAR_OBSERVER {"kind":"KIN_NODE","call_id":4,"node":14,"dd_count":0,"bd_count":9,"b2":[1.1918378484816604e-07,4.1724337945653472e-08,-4.5219588008611749e-08],"vold":[1.1982443158048615e-05,-1.4308506204382675e-05,-5.1726505506281798e-05],"vini":[6.0503439954428957e-06,-7.1338676632853905e-06,-2.5884827711833784e-05]}
MORTAR_OBSERVER {"kind":"KIN_BD","call_id":4,"node":14,"entry":9,"row_node":1,"slave_slot":0,"value":-101.85200373849031}
MORTAR_OBSERVER {"kind":"KIN_BD","call_id":4,"node":14,"entry":10,"row_node":2,"slave_slot":1,"value":-560.18556897647557}
MORTAR_OBSERVER {"kind":"KIN_BD","call_id":4,"node":14,"entry":11,"row_node":3,"slave_slot":2,"value":-101.85201781954012}
MORTAR_OBSERVER {"kind":"KIN_BD","call_id":4,"node":14,"entry":12,"row_node":4,"slave_slot":3,"value":-4.6295722768483794}
MORTAR_OBSERVER {"kind":"KIN_BD","call_id":4,"node":14,"entry":13,"row_node":17,"slave_slot":4,"value":-458.33346075778331}
MORTAR_OBSERVER {"kind":"KIN_BD","call_id":4,"node":14,"entry":14,"row_node":18,"slave_slot":5,"value":-458.33348743766521}
MORTAR_OBSERVER {"kind":"KIN_BD","call_id":4,"node":14,"entry":15,"row_node":19,"slave_slot":6,"value":-731.48171143767604}
MORTAR_OBSERVER {"kind":"KIN_BD","call_id":4,"node":14,"entry":16,"row_node":23,"slave_slot":7,"value":-41.666779037674758}
MORTAR_OBSERVER {"kind":"KIN_BD","call_id":4,"node":14,"entry":17,"row_node":24,"slave_slot":8,"value":-41.666776612228929}
MORTAR_OBSERVER {"kind":"KIN_NODE","call_id":4,"node":15,"dd_count":0,"bd_count":9,"b2":[-1.728915611694909e-07,-1.7289156110950347e-07,1.146490730206156e-07],"vold":[1.3726238835402892e-05,1.3726238835402866e-05,-5.5199278469624006e-05],"vini":[6.7766852063358161e-06,6.776685206335806e-06,-2.7542993157016362e-05]}
MORTAR_OBSERVER {"kind":"KIN_BD","call_id":4,"node":15,"entry":18,"row_node":1,"slave_slot":0,"value":-9.2592510703195234}
MORTAR_OBSERVER {"kind":"KIN_BD","call_id":4,"node":15,"entry":19,"row_node":2,"slave_slot":1,"value":-50.925919260603678}
MORTAR_OBSERVER {"kind":"KIN_BD","call_id":4,"node":15,"entry":20,"row_node":3,"slave_slot":2,"value":-1120.3707426293727}
MORTAR_OBSERVER {"kind":"KIN_BD","call_id":4,"node":15,"entry":21,"row_node":4,"slave_slot":3,"value":-50.925919260603315}
MORTAR_OBSERVER {"kind":"KIN_BD","call_id":4,"node":15,"entry":22,"row_node":17,"slave_slot":4,"value":-41.666797855340953}
MORTAR_OBSERVER {"kind":"KIN_BD","call_id":4,"node":15,"entry":23,"row_node":18,"slave_slot":5,"value":-458.33339884793122}
MORTAR_OBSERVER {"kind":"KIN_BD","call_id":4,"node":15,"entry":24,"row_node":19,"slave_slot":6,"value":-268.51871839884353}
MORTAR_OBSERVER {"kind":"KIN_BD","call_id":4,"node":15,"entry":25,"row_node":23,"slave_slot":7,"value":-458.33339884792997}
MORTAR_OBSERVER {"kind":"KIN_BD","call_id":4,"node":15,"entry":26,"row_node":24,"slave_slot":8,"value":-41.666797855341315}
MORTAR_OBSERVER {"kind":"KIN_NODE","call_id":4,"node":16,"dd_count":0,"bd_count":9,"b2":[4.172433798532418e-08,1.1918378472069187e-07,-4.5219587944833623e-08],"vold":[-1.4308506204382655e-05,1.1982443158048601e-05,-5.1726505506281798e-05],"vini":[-7.1338676632853795e-06,6.0503439954428906e-06,-2.588482771183377e-05]}
MORTAR_OBSERVER {"kind":"KIN_BD","call_id":4,"node":16,"entry":27,"row_node":1,"slave_slot":0,"value":-101.85200373849038}
MORTAR_OBSERVER {"kind":"KIN_BD","call_id":4,"node":16,"entry":28,"row_node":2,"slave_slot":1,"value":-4.6295722768484255}
MORTAR_OBSERVER {"kind":"KIN_BD","call_id":4,"node":16,"entry":29,"row_node":3,"slave_slot":2,"value":-101.85201781954027}
MORTAR_OBSERVER {"kind":"KIN_BD","call_id":4,"node":16,"entry":30,"row_node":4,"slave_slot":3,"value":-560.18556897647477}
MORTAR_OBSERVER {"kind":"KIN_BD","call_id":4,"node":16,"entry":31,"row_node":17,"slave_slot":4,"value":-41.666776612228958}
MORTAR_OBSERVER {"kind":"KIN_BD","call_id":4,"node":16,"entry":32,"row_node":18,"slave_slot":5,"value":-41.666779037674914}
MORTAR_OBSERVER {"kind":"KIN_BD","call_id":4,"node":16,"entry":33,"row_node":19,"slave_slot":6,"value":-731.48171143767638}
MORTAR_OBSERVER {"kind":"KIN_BD","call_id":4,"node":16,"entry":34,"row_node":23,"slave_slot":7,"value":-458.3334874376651}
MORTAR_OBSERVER {"kind":"KIN_BD","call_id":4,"node":16,"entry":35,"row_node":24,"slave_slot":8,"value":-458.33346075778326}
MORTAR_OBSERVER {"kind":"KIN_NODE","call_id":4,"node":17,"dd_count":6,"bd_count":0,"b2":[-3.939806552922994e-07,-1.6147588077719807e-08,-5.6419465780271163e-08],"vold":[-2.2889934365569698e-06,-1.1408144654139163e-05,-5.5047277243142408e-05],"vini":[-1.3418923889604404e-06,-5.7125361102372267e-06,-2.7402638948942508e-05]}
MORTAR_OBSERVER {"kind":"KIN_DD","call_id":4,"node":17,"entry":30,"row_node":1,"slave_slot":0,"value":-4.7369516187913878e-14}
MORTAR_OBSERVER {"kind":"KIN_DD","call_id":4,"node":17,"entry":31,"row_node":2,"slave_slot":1,"value":8.4080891233547134e-13}
MORTAR_OBSERVER {"kind":"KIN_DD","call_id":4,"node":17,"entry":32,"row_node":3,"slave_slot":2,"value":-1.3322676427850779e-13}
MORTAR_OBSERVER {"kind":"KIN_DD","call_id":4,"node":17,"entry":33,"row_node":17,"slave_slot":4,"value":1666.6673622125784}
MORTAR_OBSERVER {"kind":"KIN_DD","call_id":4,"node":17,"entry":34,"row_node":18,"slave_slot":5,"value":-6.6058270621426775e-14}
MORTAR_OBSERVER {"kind":"KIN_DD","call_id":4,"node":17,"entry":35,"row_node":19,"slave_slot":6,"value":7.7993168254709761e-13}
MORTAR_OBSERVER {"kind":"KIN_NODE","call_id":4,"node":18,"dd_count":5,"bd_count":0,"b2":[9.0539893132275085e-08,-2.2800228995024256e-07,2.6999123762033779e-08],"vold":[1.1472522565394707e-05,-8.1143099263558362e-07,-5.4430123506780221e-05],"vini":[5.7827438274863422e-06,-5.202968950441682e-07,-2.7050738920019156e-05]}
MORTAR_OBSERVER {"kind":"KIN_DD","call_id":4,"node":18,"entry":36,"row_node":1,"slave_slot":0,"value":-3.5527137140935408e-14}
MORTAR_OBSERVER {"kind":"KIN_DD","call_id":4,"node":18,"entry":37,"row_node":2,"slave_slot":1,"value":5.1514348854356343e-13}
MORTAR_OBSERVER {"kind":"KIN_DD","call_id":4,"node":18,"entry":38,"row_node":3,"slave_slot":2,"value":2.6275278510483478e-13}
MORTAR_OBSERVER {"kind":"KIN_DD","call_id":4,"node":18,"entry":39,"row_node":17,"slave_slot":4,"value":-4.263256456912249e-13}
MORTAR_OBSERVER {"kind":"KIN_DD","call_id":4,"node":18,"entry":40,"row_node":18,"slave_slot":5,"value":1666.6674592302784}
MORTAR_OBSERVER {"kind":"KIN_NODE","call_id":4,"node":19,"dd_count":9,"bd_count":0,"b2":[-5.4536938647034645e-08,-5.4536938587562993e-08,-1.550482591547802e-08],"vold":[-4.9654587112861336e-07,-4.9654587112863772e-07,-5.4734444232919901e-05],"vini":[-2.7581970778604021e-07,-2.7581970778605329e-07,-2.7225558254538707e-05]}
MORTAR_OBSERVER {"kind":"KIN_DD","call_id":4,"node":19,"entry":41,"row_node":1,"slave_slot":0,"value":1.0199248954210207e-12}
MORTAR_OBSERVER {"kind":"KIN_DD","call_id":4,"node":19,"entry":42,"row_node":2,"slave_slot":1,"value":-6.8093679520126202e-14}
MORTAR_OBSERVER {"kind":"KIN_DD","call_id":4,"node":19,"entry":43,"row_node":3,"slave_slot":2,"value":1.1050419948211783e-12}
MORTAR_OBSERVER {"kind":"KIN_DD","call_id":4,"node":19,"entry":44,"row_node":4,"slave_slot":3,"value":4.8849813568786185e-14}
MORTAR_OBSERVER {"kind":"KIN_DD","call_id":4,"node":19,"entry":45,"row_node":17,"slave_slot":4,"value":3.1974423426841869e-13}
MORTAR_OBSERVER {"kind":"KIN_DD","call_id":4,"node":19,"entry":46,"row_node":18,"slave_slot":5,"value":3.3686017273475473e-13}
MORTAR_OBSERVER {"kind":"KIN_DD","call_id":4,"node":19,"entry":47,"row_node":19,"slave_slot":6,"value":3333.3347992354729}
MORTAR_OBSERVER {"kind":"KIN_DD","call_id":4,"node":19,"entry":48,"row_node":23,"slave_slot":7,"value":-1.9428903123949051e-14}
MORTAR_OBSERVER {"kind":"KIN_DD","call_id":4,"node":19,"entry":49,"row_node":24,"slave_slot":8,"value":-3.1585845364362886e-13}
MORTAR_OBSERVER {"kind":"KIN_NODE","call_id":4,"node":23,"dd_count":6,"bd_count":0,"b2":[-2.2800229003836816e-07,9.053989319978958e-08,2.6999123788617659e-08],"vold":[-8.114309926355635e-07,1.1472522565394685e-05,-5.4430123506780214e-05],"vini":[-5.2029689504415496e-07,5.782743827486332e-06,-2.7050738920019143e-05]}
MORTAR_OBSERVER {"kind":"KIN_DD","call_id":4,"node":23,"entry":50,"row_node":1,"slave_slot":0,"value":-1.7615538832380473e-13}
MORTAR_OBSERVER {"kind":"KIN_DD","call_id":4,"node":23,"entry":51,"row_node":3,"slave_slot":2,"value":3.286260185536525e-13}
MORTAR_OBSERVER {"kind":"KIN_DD","call_id":4,"node":23,"entry":52,"row_node":4,"slave_slot":3,"value":-2.3610743224913323e-13}
MORTAR_OBSERVER {"kind":"KIN_DD","call_id":4,"node":23,"entry":53,"row_node":19,"slave_slot":6,"value":7.8159701710057895e-13}
MORTAR_OBSERVER {"kind":"KIN_DD","call_id":4,"node":23,"entry":54,"row_node":23,"slave_slot":7,"value":1666.667459230277}
MORTAR_OBSERVER {"kind":"KIN_DD","call_id":4,"node":23,"entry":55,"row_node":24,"slave_slot":8,"value":3.0558889056382724e-13}
MORTAR_OBSERVER {"kind":"KIN_NODE","call_id":4,"node":24,"dd_count":6,"bd_count":0,"b2":[-1.6147588125903779e-08,-3.9398065497178393e-07,-5.6419465753340069e-08],"vold":[-1.1408144654139141e-05,-2.2889934365570046e-06,-5.5047277243142415e-05],"vini":[-5.7125361102372165e-06,-1.341892388960454e-06,-2.7402638948942508e-05]}
MORTAR_OBSERVER {"kind":"KIN_DD","call_id":4,"node":24,"entry":56,"row_node":1,"slave_slot":0,"value":-1.0066022189931698e-13}
MORTAR_OBSERVER {"kind":"KIN_DD","call_id":4,"node":24,"entry":57,"row_node":3,"slave_slot":2,"value":5.9211895234892347e-14}
MORTAR_OBSERVER {"kind":"KIN_DD","call_id":4,"node":24,"entry":58,"row_node":4,"slave_slot":3,"value":-7.0462155329521894e-13}
MORTAR_OBSERVER {"kind":"KIN_DD","call_id":4,"node":24,"entry":59,"row_node":19,"slave_slot":6,"value":4.8553754092611723e-13}
MORTAR_OBSERVER {"kind":"KIN_DD","call_id":4,"node":24,"entry":60,"row_node":23,"slave_slot":7,"value":2.2713312937759487e-13}
MORTAR_OBSERVER {"kind":"KIN_DD","call_id":4,"node":24,"entry":61,"row_node":24,"slave_slot":8,"value":1666.6673622125807}
MORTAR_OBSERVER {"kind":"KIN_GAP","call_id":4,"pair":0,"slot":0,"node":1,"gap":-0.00088002111270403158}
MORTAR_OBSERVER {"kind":"KIN_GAP","call_id":4,"pair":0,"slot":1,"node":2,"gap":-0.00042696598610608434}
MORTAR_OBSERVER {"kind":"KIN_GAP","call_id":4,"pair":0,"slot":2,"node":3,"gap":-0.0008383929515436506}
MORTAR_OBSERVER {"kind":"KIN_GAP","call_id":4,"pair":0,"slot":3,"node":4,"gap":-0.00042696598610608493}
MORTAR_OBSERVER {"kind":"KIN_GAP","call_id":4,"pair":0,"slot":4,"node":17,"gap":-0.00056430905035701829}
MORTAR_OBSERVER {"kind":"KIN_GAP","call_id":4,"pair":0,"slot":5,"node":18,"gap":-0.00058259445575500695}
MORTAR_OBSERVER {"kind":"KIN_GAP","call_id":4,"pair":0,"slot":6,"node":19,"gap":-0.0011338469508676758}
MORTAR_OBSERVER {"kind":"KIN_GAP","call_id":4,"pair":0,"slot":7,"node":23,"gap":-0.00058259445575500782}
MORTAR_OBSERVER {"kind":"KIN_GAP","call_id":4,"pair":0,"slot":8,"node":24,"gap":-0.00056430905035701785}
MORTAR_OBSERVER {"kind":"INVENTORY","call_id":4,"pair_count":1,"slave_count":9}
MORTAR_OBSERVER {"kind":"PAIR","call_id":4,"pair":0,"start":0,"end":9}
MORTAR_OBSERVER {"kind":"PRE_RAW","call_id":4,"pair":0,"slot":0,"node":1,"activity":1,"lambda_raw":[0.00025392879989962917,0.00025392879991822389,-0.0065908140902117412],"lambda_start":[0.00012692072592137638,0.00012692072592137635,-0.0032966408191869249],"ddtil_count":1}
MORTAR_OBSERVER {"kind":"DDTIL","call_id":4,"pair":0,"column_slot":0,"source_slot":0,"destination_slot":0,"entry":0,"value":1333.3338462852309}
MORTAR_OBSERVER {"kind":"PRE_RAW","call_id":4,"pair":0,"slot":1,"node":2,"activity":1,"lambda_raw":[-3.3155668209034624e-05,0.00013053191918804222,-0.0063861121765706325],"lambda_start":[-1.6346336761773472e-05,6.5206278637154486e-05,-0.0031944069798051939],"ddtil_count":1}
MORTAR_OBSERVER {"kind":"DDTIL","call_id":4,"pair":0,"column_slot":1,"source_slot":1,"destination_slot":1,"entry":1,"value":666.66697977452793}
MORTAR_OBSERVER {"kind":"PRE_RAW","call_id":4,"pair":0,"slot":2,"node":3,"activity":1,"lambda_raw":[5.0571242238410965e-05,5.057124224056703e-05,-0.0062836697277706384],"lambda_start":[2.5394917443968433e-05,2.5394917443968219e-05,-0.0031422438438646508],"ddtil_count":1}
MORTAR_OBSERVER {"kind":"DDTIL","call_id":4,"pair":0,"column_slot":2,"source_slot":2,"destination_slot":2,"entry":2,"value":1333.3340306188584}
MORTAR_OBSERVER {"kind":"PRE_RAW","call_id":4,"pair":0,"slot":3,"node":4,"activity":1,"lambda_raw":[0.00013053191922175221,-3.3155668199928552e-05,-0.0063861121765681822],"lambda_start":[6.5206278637154296e-05,-1.6346336761773333e-05,-0.0031944069798051974],"ddtil_count":1}
MORTAR_OBSERVER {"kind":"DDTIL","call_id":4,"pair":0,"column_slot":3,"source_slot":3,"destination_slot":3,"entry":3,"value":666.6669797745277}
MORTAR_OBSERVER {"kind":"PRE_RAW","call_id":4,"pair":0,"slot":4,"node":17,"activity":1,"lambda_raw":[-0.00036800480080532099,-4.8514399969227216e-05,-0.0056529312620172811],"lambda_start":[-0.00018419461170678358,-2.4249263740679305e-05,-0.0028250773598146057],"ddtil_count":1}
MORTAR_OBSERVER {"kind":"DDTIL","call_id":4,"pair":0,"column_slot":4,"source_slot":4,"destination_slot":4,"entry":4,"value":1000.0004073934354}
MORTAR_OBSERVER {"kind":"PRE_RAW","call_id":4,"pair":0,"slot":5,"node":18,"activity":1,"lambda_raw":[0.00015814979519116425,-0.00016566360550000704,-0.005824057504226556],"lambda_start":[7.9201222551713782e-05,-8.2919599557242609e-05,-0.0029115875655131703],"ddtil_count":1}
MORTAR_OBSERVER {"kind":"DDTIL","call_id":4,"pair":0,"column_slot":5,"source_slot":5,"destination_slot":5,"entry":5,"value":1000.0004656040549}
MORTAR_OBSERVER {"kind":"PRE_RAW","call_id":4,"pair":0,"slot":6,"node":19,"activity":1,"lambda_raw":[-8.3041159713869998e-05,-8.3041159704783069e-05,-0.0056826005661128436],"lambda_start":[-4.1587236991474073e-05,-4.158723699147452e-05,-0.0028411406356157877],"ddtil_count":1}
MORTAR_OBSERVER {"kind":"DDTIL","call_id":4,"pair":0,"column_slot":6,"source_slot":6,"destination_slot":6,"entry":6,"value":2000.0008596730599}
MORTAR_OBSERVER {"kind":"PRE_RAW","call_id":4,"pair":0,"slot":7,"node":23,"activity":1,"lambda_raw":[-0.00016566360550267665,0.00015814979519880774,-0.0058240575042272265],"lambda_start":[-8.2919599557241863e-05,7.9201222551713999e-05,-0.0029115875655131703],"ddtil_count":1}
MORTAR_OBSERVER {"kind":"DDTIL","call_id":4,"pair":0,"column_slot":7,"source_slot":7,"destination_slot":7,"entry":7,"value":1000.0004656040541}
MORTAR_OBSERVER {"kind":"PRE_RAW","call_id":4,"pair":0,"slot":8,"node":24,"activity":1,"lambda_raw":[-4.8514399980636757e-05,-0.00036800480086035737,-0.0056529312620121402],"lambda_start":[-2.4249263740679156e-05,-0.00018419461170678372,-0.002825077359814607],"ddtil_count":1}
MORTAR_OBSERVER {"kind":"DDTIL","call_id":4,"pair":0,"column_slot":8,"source_slot":8,"destination_slot":8,"entry":8,"value":1000.0004073934367}
MORTAR_OBSERVER {"kind":"LAW","call_id":4,"pair":0,"slot":0,"node":1,"activity":1,"ndof":3,"normal":[3.7072482079489004e-08,3.7072482079488726e-08,-0.99999999999999878],"tangents":[0.99999999999999933,-1.374368927534024e-15,3.7072482079488984e-08,-0,0.99999999999999944,3.7072482079488752e-08],"ln":8.7877555261563032,"lt":[0.33857153766885634,0.33857153769364978],"lt_start":[0.16922753671312243,0.16922753671312266],"q":0.00087877555261563027,"ut":[0.0016910398077321087,0.0016910398079800425],"gn":0.00087877555261563038,"gt":[0.0016934400095573391,0.0016934400098052712],"b":2.63632665752163,"constant_n":10000000000,"constant_t":100,"mu":0.29999999999999999,"normal_mode":1,"tangent_mode":1,"normal_inverse_stiffness":0.0001,"tangent_inverse_stiffness":0.01,"p0":0,"beta":0,"iwan":1,"rn":3.2526070725680256e-10,"rt":[-2.4002018252304146e-06,-2.4002018252286799e-06]}
MORTAR_OBSERVER {"kind":"LAW","call_id":4,"pair":0,"slot":1,"node":2,"activity":1,"ndof":3,"normal":[3.419649667970893e-08,-2.051340828584143e-08,-0.99999999999999922],"tangents":[0.99999999999999944,7.0148669833629066e-16,3.4196496679708924e-08,-9.8607613152626476e-32,0.99999999999999989,-2.0513408285841443e-08],"ln":4.2574101147147001,"lt":[-0.022103934775834305,0.08702140766325682],"lt_start":[-0.010897635784401475,0.043470916526838349],"q":0.00042574101147147003,"ut":[-0.0001117488025457805,0.00043425160377404023],"gn":0.00042574101147147003,"gt":[-0.0001120629899143283,0.00043550491136418472],"b":1.27722303441441,"constant_n":10000000000,"constant_t":100,"mu":0.29999999999999999,"normal_mode":1,"tangent_mode":1,"normal_inverse_stiffness":0.0001,"tangent_inverse_stiffness":0.01,"p0":0,"beta":0,"iwan":1,"rn":0,"rt":[3.1418736854779846e-07,-1.2533075901444862e-06]}
MORTAR_OBSERVER {"kind":"LAW","call_id":4,"pair":0,"slot":2,"node":3,"activity":1,"ndof":3,"normal":[-2.2603575222616979e-08,-2.2603575222616169e-08,-0.99999999999999956],"tangents":[0.99999999999999978,-5.1092161284448612e-16,-2.2603575222616976e-08,9.8607613152626476e-32,0.99999999999999989,-2.2603575222616172e-08],"ln":8.3782306821578825,"lt":[0.067428547625110635,0.067428547627985419],"lt_start":[0.033860002334109213,0.033860002334108942],"q":0.00083782306821578796,"ut":[0.0003354550430177883,0.00033545504304653944],"gn":0.00083782306821578829,"gt":[0.00033568545291001424,0.00033568545293876479],"b":2.5134692036715824,"constant_n":10000000000,"constant_t":100,"mu":0.29999999999999999,"normal_mode":1,"tangent_mode":1,"normal_inverse_stiffness":0.0001,"tangent_inverse_stiffness":0.01,"p0":0,"beta":0,"iwan":1,"rn":9.7578212177040768e-10,"rt":[-2.304098922259446e-07,-2.3040989222534829e-07]}
MORTAR_OBSERVER {"kind":"LAW","call_id":4,"pair":0,"slot":3,"node":4,"activity":1,"ndof":3,"normal":[-2.0513408285841172e-08,3.4196496679709744e-08,-0.99999999999999922],"tangents":[0.99999999999999978,7.0148669833629816e-16,-2.0513408285841159e-08,-0,0.99999999999999944,3.4196496679709751e-08],"ln":4.2574101147130659,"lt":[0.087021407685730107,-0.022103934769763644],"lt_start":[0.043470916526838203,-0.010897635784401411],"q":0.00042574101147130659,"ut":[0.0004342516035561678,-0.00011174880237411871],"gn":0.00042574101147130659,"gt":[0.00043550491158891907,-0.00011206298985362233],"b":1.2772230344139197,"constant_n":10000000000,"constant_t":100,"mu":0.29999999999999999,"normal_mode":1,"tangent_mode":1,"normal_inverse_stiffness":0.0001,"tangent_inverse_stiffness":0.01,"p0":0,"beta":0,"iwan":1,"rn":0,"rt":[-1.2533080327512664e-06,3.1418747950361222e-07]}
MORTAR_OBSERVER {"kind":"LAW","call_id":4,"pair":0,"slot":4,"node":17,"activity":1,"ndof":3,"normal":[3.6214636911915287e-08,7.6993882345491948e-09,-0.99999999999999933],"tangents":[0.99999999999999933,-2.7883054935807172e-16,3.6214636911915287e-08,-0,1,7.6993882345491997e-09],"ln":5.6529335512836667,"lt":[-0.3680051554469973,-0.048514463257805465],"lt_start":[-0.18419478905565162,-0.024249295371046413],"q":0.00056529335512836662,"ut":[-0.0018413084728054203,-0.00024307359270972205],"gn":0.00056529335512836673,"gt":[-0.0018381036639134568,-0.00024265167886759054],"b":1.6958800650598393,"constant_n":10000000000,"constant_t":100,"mu":0.29999999999999999,"normal_mode":1,"tangent_mode":1,"normal_inverse_stiffness":0.0001,"tangent_inverse_stiffness":0.01,"p0":0,"beta":0,"iwan":1,"rn":3.2526070725680256e-10,"rt":[-3.2048088919635342e-06,-4.219138421315122e-07]}
MORTAR_OBSERVER {"kind":"LAW","call_id":4,"pair":0,"slot":5,"node":18,"activity":1,"ndof":3,"normal":[5.9837032521186219e-09,-2.1745733157480924e-08,-0.99999999999999978],"tangents":[1,1.3012001421412235e-16,5.9837032521186202e-09,-0,0.99999999999999978,-2.1745733157480924e-08],"ln":5.8240602204801455,"lt":[0.15814983397690208,-0.16566355598519411],"lt_start":[0.079201242006040048,-0.082919574850308639],"q":0.0005824060220480145,"ut":[0.00078922950890485967,-0.00082717136244908553],"gn":0.00058240602204801461,"gt":[0.00078948591970862028,-0.00082743981134885476],"b":1.747218065818783,"constant_n":10000000000,"constant_t":100,"mu":0.29999999999999999,"normal_mode":1,"tangent_mode":1,"normal_inverse_stiffness":0.0001,"tangent_inverse_stiffness":0.01,"p0":0,"beta":0,"iwan":1,"rn":3.2526048521219764e-10,"rt":[-2.5641080376060266e-07,2.684488997692358e-07]}
MORTAR_OBSERVER {"kind":"LAW","call_id":4,"pair":0,"slot":6,"node":19,"activity":1,"ndof":3,"normal":[7.2344513925688265e-09,7.2344513925689622e-09,-1],"tangents":[1,-5.2337286951442013e-17,7.2344513925688265e-09,-0,1,7.2344513925689622e-09],"ln":11.365206015001274,"lt":[-0.16608247303701837,-0.16608247301884452],"lt_start":[-0.083174550842580755,-0.083174550842581643],"q":0.0011365206015001273,"ut":[-0.0008310314983064203,-0.00083103149812467289],"gn":0.0011365206015001275,"gt":[-0.00082907922194437611,-0.0008290792217626288],"b":3.409561803849861,"constant_n":10000000000,"constant_t":100,"mu":0.29999999999999999,"normal_mode":1,"tangent_mode":1,"normal_inverse_stiffness":0.0001,"tangent_inverse_stiffness":0.01,"p0":0,"beta":0,"iwan":1,"rn":6.5052097042439527e-10,"rt":[-1.9522763620441952e-06,-1.9522763620440867e-06]}
MORTAR_OBSERVER {"kind":"LAW","call_id":4,"pair":0,"slot":7,"node":23,"activity":1,"ndof":3,"normal":[-2.1745733157481199e-08,5.9837032521194358e-09,-0.99999999999999978],"tangents":[0.99999999999999978,1.3012001421414173e-16,-2.1745733157481199e-08,-0,1,5.9837032521194366e-09],"ln":5.8240602204808107,"lt":[-0.16566355598786356,0.15814983398454549],"lt_start":[-0.082919574850307806,0.079201242006040215],"q":0.00058240602204808118,"ut":[-0.00082717136247588202,0.0007892295089813831],"gn":0.00058240602204808107,"gt":[-0.00082743981137555758,0.00078948591978505274],"b":1.7472180664695038,"constant_n":10000000000,"constant_t":100,"mu":0.29999999999999999,"normal_mode":1,"tangent_mode":1,"normal_inverse_stiffness":0.0001,"tangent_inverse_stiffness":0.01,"p0":0,"beta":0,"iwan":1,"rn":-3.2526070725680256e-10,"rt":[2.6844889967556074e-07,-2.564108036696381e-07]}
MORTAR_OBSERVER {"kind":"LAW","call_id":4,"pair":0,"slot":8,"node":24,"activity":1,"ndof":3,"normal":[7.6993882345494595e-09,3.6214636911915559e-08,-0.99999999999999933],"tangents":[1,-2.7883054935808326e-16,7.6993882345494561e-09,-4.9303806576313238e-32,0.99999999999999944,3.6214636911915559e-08],"ln":5.6529335512785339,"lt":[-0.04851446326921497,-0.36800515550203422],"lt_start":[-0.024249295371046246,-0.18419478905565201],"q":0.00056529335512785336,"ut":[-0.0002430735926839362,-0.0018413084722932525],"gn":0.00056529335512785347,"gt":[-0.00024265167898168726,-0.0018381036644638221],"b":1.6958800650582995,"constant_n":10000000000,"constant_t":100,"mu":0.29999999999999999,"normal_mode":1,"tangent_mode":1,"normal_inverse_stiffness":0.0001,"tangent_inverse_stiffness":0.01,"p0":0,"beta":0,"iwan":1,"rn":3.2526070725680256e-10,"rt":[-4.2191370224894053e-07,-3.2048078294304432e-06]}
MORTAR_OBSERVER {"kind":"POST_RAW_AFTER_ACTIVE_LOOP","call_id":4,"pair":0,"slot":0,"node":1,"activity":1,"lambda_raw":[0.00025392879989962917,0.00025392879991822389,-0.0065908140902117412],"gap":-0.00087877555261563027}
MORTAR_OBSERVER {"kind":"POST_RAW_AFTER_ACTIVE_LOOP","call_id":4,"pair":0,"slot":1,"node":2,"activity":1,"lambda_raw":[-3.3155668209034624e-05,0.00013053191918804222,-0.0063861121765706325],"gap":-0.00042574101147147003}
MORTAR_OBSERVER {"kind":"POST_RAW_AFTER_ACTIVE_LOOP","call_id":4,"pair":0,"slot":2,"node":3,"activity":1,"lambda_raw":[5.0571242238410965e-05,5.057124224056703e-05,-0.0062836697277706384],"gap":-0.00083782306821578796}
MORTAR_OBSERVER {"kind":"POST_RAW_AFTER_ACTIVE_LOOP","call_id":4,"pair":0,"slot":3,"node":4,"activity":1,"lambda_raw":[0.00013053191922175221,-3.3155668199928552e-05,-0.0063861121765681822],"gap":-0.00042574101147130659}
MORTAR_OBSERVER {"kind":"POST_RAW_AFTER_ACTIVE_LOOP","call_id":4,"pair":0,"slot":4,"node":17,"activity":1,"lambda_raw":[-0.00036800480080532099,-4.8514399969227216e-05,-0.0056529312620172811],"gap":-0.00056529335512836662}
MORTAR_OBSERVER {"kind":"POST_RAW_AFTER_ACTIVE_LOOP","call_id":4,"pair":0,"slot":5,"node":18,"activity":1,"lambda_raw":[0.00015814979519116425,-0.00016566360550000704,-0.005824057504226556],"gap":-0.0005824060220480145}
MORTAR_OBSERVER {"kind":"POST_RAW_AFTER_ACTIVE_LOOP","call_id":4,"pair":0,"slot":6,"node":19,"activity":1,"lambda_raw":[-8.3041159713869998e-05,-8.3041159704783069e-05,-0.0056826005661128436],"gap":-0.0011365206015001273}
MORTAR_OBSERVER {"kind":"POST_RAW_AFTER_ACTIVE_LOOP","call_id":4,"pair":0,"slot":7,"node":23,"activity":1,"lambda_raw":[-0.00016566360550267665,0.00015814979519880774,-0.0058240575042272265],"gap":-0.00058240602204808118}
MORTAR_OBSERVER {"kind":"POST_RAW_AFTER_ACTIVE_LOOP","call_id":4,"pair":0,"slot":8,"node":24,"activity":1,"lambda_raw":[-4.8514399980636757e-05,-0.00036800480086035737,-0.0056529312620121402],"gap":-0.00056529335512785336}
MORTAR_OBSERVER {"kind":"CFS_INVENTORY","call_id":4,"all_node_count":35,"physical_count":13}
MORTAR_OBSERVER {"kind":"CFS_NODE","call_id":4,"node":1,"force":[0.532772455372167,0.53277245540544449,-1.2307309309162147]}
MORTAR_OBSERVER {"kind":"CFS_NODE","call_id":4,"node":2,"force":[0.047847906517182598,0.15841402289143125,-0.43174542860569981]}
MORTAR_OBSERVER {"kind":"CFS_NODE","call_id":4,"node":3,"force":[0.12529376122623287,0.12529376121961183,-0.70712167826952532]}
MORTAR_OBSERVER {"kind":"CFS_NODE","call_id":4,"node":4,"force":[0.1584140229185978,0.047847906539051285,-0.43174542860555332]}
MORTAR_OBSERVER {"kind":"CFS_NODE","call_id":4,"node":13,"force":[-0.076405753694363726,-0.076405753696837775,15.285852004601526]}
MORTAR_OBSERVER {"kind":"CFS_NODE","call_id":4,"node":14,"force":[0.1528058436635579,0.063669480761647385,14.813480577952973]}
MORTAR_OBSERVER {"kind":"CFS_NODE","call_id":4,"node":15,"force":[-0.020871748490455224,-0.020871748497138617,15.087186839495818]}
MORTAR_OBSERVER {"kind":"CFS_NODE","call_id":4,"node":16,"force":[0.063669480756044422,0.15280584367098757,14.813480577949747]}
MORTAR_OBSERVER {"kind":"CFS_NODE","call_id":4,"node":17,"force":[-0.61334159063976978,-0.08085736702603788,-9.4215560352353709]}
MORTAR_OBSERVER {"kind":"CFS_NODE","call_id":4,"node":18,"force":[0.26358311732904677,-0.27610614046562382,-9.7067671229803114]}
MORTAR_OBSERVER {"kind":"CFS_NODE","call_id":4,"node":19,"force":[-0.27680398744311341,-0.27680398741282358,-18.942010217179153]}
MORTAR_OBSERVER {"kind":"CFS_NODE","call_id":4,"node":23,"force":[-0.27610614047007315,0.26358311734178536,-9.7067671229814252]}
MORTAR_OBSERVER {"kind":"CFS_NODE","call_id":4,"node":24,"force":[-0.080857367045054127,-0.61334159073149785,-9.4215560352268088]}
MORTAR_OBSERVER {"kind":"CFS_END","call_id":4,"scanned_nodes":35,"physical_count":13,"outside_nonzero_count":0}
MORTAR_OBSERVER {"kind":"SUMMARY_PRE_OVERRIDE","call_id":4,"ndiverg":14,"flag":0,"keepset":0,"max_n":9.7578212177040768e-10,"max_t":[3.2048088919635342e-06,3.2048078294304432e-06],"lm_t_av":[1.4215409094735276,1.4215409095030795],"nstick":9,"nslip":0,"ninactive":0,"nnogap":0,"nolm":0}
MORTAR_OBSERVER {"kind":"SUMMARY_POST_OVERRIDE","call_id":4,"flag":0}
MORTAR_OBSERVER {"kind":"RETURN","call_id":4}
 Using up to 2 cpu(s) for the stress calculation.

 average force= 2.334994
 time avg. forc= 1.751220
 largest residual force= 0.000000 in node 24 and dof 2
 largest increment of disp= 9.280102e-05
 largest correction to disp= 7.004686e-07 in node 17 and dof 1

MORTAR_OBSERVER {"kind":"PRE_CHECK","call_id":4,"step":1,"inc":2,"cutback":0,"iteration":2,"time":0.5,"dtime":0.25,"ttime":0,"tper":1,"theta":0.25,"dtheta":0.25,"icntrl":0,"nmethod":1,"iexpl":0,"ithermal":0,"uncoupled":0,"mortar":2,"iflagdualquad":2}
 convergence; the increment size is increased to 3.750000e-01

 the increment size exceeds the maximum allowed and is decreased to 2.500000e-01

MORTAR_OBSERVER {"kind":"POST_CHECK","call_id":4,"step":1,"inc":2,"cutback":0,"iteration":2,"time":0.5,"dtime":0.25,"ttime":0,"tper":1,"theta":0.5,"dtheta":0.25,"icntrl":1,"nmethod":1,"iexpl":0,"ithermal":0,"uncoupled":0,"mortar":2,"iflagdualquad":2}
 Using up to 2 cpu(s) for the stress calculation.

 increment 3 attempt 1 
 increment size= 2.500000e-01
 sum of previous increments=5.000000e-01
 actual step time=7.500000e-01
 actual total time=7.500000e-01

 iteration 1

 Determining the structure of the matrix:

 Using up to 2 cpu(s) for setting up the structure of the matrix.
 number of equations
 75
 number of nonzero lower triangular matrix elements
 1143

 Using up to 2 cpu(s) for the stress calculation.

 Using up to 2 cpu(s) for the symmetric stiffness/mass contributions.

 Using up to 2 cpu(s) for the stress calculation.

 Using up to 2 cpu(s) for the symmetric stiffness/mass contributions.

 Factoring the system of equations using the unsymmetric spooles solver
 Using 1 cpu for spooles.

MORTAR_OBSERVER {"kind":"BEGIN","call_id":5,"step":1,"inc":3,"cutback":0,"iteration":1,"time":0.75,"dtime":0.25,"ttime":0,"tper":1,"theta":0.5,"dtheta":0.25,"icntrl":0,"nmethod":1,"iexpl":0,"ithermal":0,"uncoupled":0,"mortar":2,"iflagdualquad":2}
MORTAR_OBSERVER {"kind":"KIN_INVENTORY","call_id":5,"all_node_count":35,"physical_count":13,"dd_count":61,"bd_count":36,"slave_count":9}
MORTAR_OBSERVER {"kind":"KIN_NODE","call_id":5,"node":1,"dd_count":9,"bd_count":0,"b2":[-1.9965432729321921e-07,-1.9965432751894944e-07,2.8248222071162629e-07],"vold":[-1.3985854401876632e-05,-1.3985854401595114e-05,-8.5651999895725459e-05],"vini":[-9.3242382482060529e-06,-9.3242382480652997e-06,-5.6992615827991513e-05]}
MORTAR_OBSERVER {"kind":"KIN_DD","call_id":5,"node":1,"entry":0,"row_node":1,"slave_slot":0,"value":1333.3340927997526}
MORTAR_OBSERVER {"kind":"KIN_DD","call_id":5,"node":1,"entry":1,"row_node":2,"slave_slot":1,"value":5.8619777156046156e-14}
MORTAR_OBSERVER {"kind":"KIN_DD","call_id":5,"node":1,"entry":2,"row_node":3,"slave_slot":2,"value":-5.4622971653504819e-14}
MORTAR_OBSERVER {"kind":"KIN_DD","call_id":5,"node":1,"entry":3,"row_node":4,"slave_slot":3,"value":1.1442698924652446e-13}
MORTAR_OBSERVER {"kind":"KIN_DD","call_id":5,"node":1,"entry":4,"row_node":17,"slave_slot":4,"value":-333.3335469370686}
MORTAR_OBSERVER {"kind":"KIN_DD","call_id":5,"node":1,"entry":5,"row_node":18,"slave_slot":5,"value":-2.356633472716907e-13}
MORTAR_OBSERVER {"kind":"KIN_DD","call_id":5,"node":1,"entry":6,"row_node":19,"slave_slot":6,"value":-666.66711628284372}
MORTAR_OBSERVER {"kind":"KIN_DD","call_id":5,"node":1,"entry":7,"row_node":23,"slave_slot":7,"value":2.6700863349324221e-14}
MORTAR_OBSERVER {"kind":"KIN_DD","call_id":5,"node":1,"entry":8,"row_node":24,"slave_slot":8,"value":-333.33354693706912}
MORTAR_OBSERVER {"kind":"KIN_NODE","call_id":5,"node":2,"dd_count":6,"bd_count":0,"b2":[1.364362131393816e-07,-7.4874980923743898e-08,2.5762883575070849e-07],"vold":[1.4551452481584743e-05,-1.5955536643566294e-05,-8.0208490250513581e-05],"vini":[9.7020360636658946e-06,-1.0637118728436674e-05,-5.3365494912817883e-05]}
MORTAR_OBSERVER {"kind":"KIN_DD","call_id":5,"node":2,"entry":9,"row_node":1,"slave_slot":0,"value":9.118631578535146e-14}
MORTAR_OBSERVER {"kind":"KIN_DD","call_id":5,"node":2,"entry":10,"row_node":2,"slave_slot":1,"value":666.66713127890375}
MORTAR_OBSERVER {"kind":"KIN_DD","call_id":5,"node":2,"entry":11,"row_node":3,"slave_slot":2,"value":-2.0679754420050575e-13}
MORTAR_OBSERVER {"kind":"KIN_DD","call_id":5,"node":2,"entry":12,"row_node":17,"slave_slot":4,"value":-333.33354693706917}
MORTAR_OBSERVER {"kind":"KIN_DD","call_id":5,"node":2,"entry":13,"row_node":18,"slave_slot":5,"value":-333.3335760106915}
MORTAR_OBSERVER {"kind":"KIN_DD","call_id":5,"node":2,"entry":14,"row_node":19,"slave_slot":6,"value":7.8539027794516688e-14}
MORTAR_OBSERVER {"kind":"KIN_NODE","call_id":5,"node":3,"dd_count":9,"bd_count":0,"b2":[1.395649941313304e-08,1.3956499330832527e-08,1.9057703872976474e-07],"vold":[1.744580953142264e-05,1.7445809531540459e-05,-8.3455937917953867e-05],"vini":[1.1631279065199108e-05,1.1631279065258011e-05,-5.5532862193664774e-05]}
MORTAR_OBSERVER {"kind":"KIN_DD","call_id":5,"node":3,"entry":15,"row_node":1,"slave_slot":0,"value":-7.0758217315913819e-14}
MORTAR_OBSERVER {"kind":"KIN_DD","call_id":5,"node":3,"entry":16,"row_node":2,"slave_slot":1,"value":-2.2073546947116201e-13}
MORTAR_OBSERVER {"kind":"KIN_DD","call_id":5,"node":3,"entry":17,"row_node":3,"slave_slot":2,"value":1333.3343689991707}
MORTAR_OBSERVER {"kind":"KIN_DD","call_id":5,"node":3,"entry":18,"row_node":4,"slave_slot":3,"value":1.6135241399671513e-13}
MORTAR_OBSERVER {"kind":"KIN_DD","call_id":5,"node":3,"entry":19,"row_node":17,"slave_slot":4,"value":-8.2341539346023915e-14}
MORTAR_OBSERVER {"kind":"KIN_DD","call_id":5,"node":3,"entry":20,"row_node":18,"slave_slot":5,"value":-333.33357601069139}
MORTAR_OBSERVER {"kind":"KIN_DD","call_id":5,"node":3,"entry":21,"row_node":19,"slave_slot":6,"value":-666.6671162828444}
MORTAR_OBSERVER {"kind":"KIN_DD","call_id":5,"node":3,"entry":22,"row_node":23,"slave_slot":7,"value":-333.33357601069247}
MORTAR_OBSERVER {"kind":"KIN_DD","call_id":5,"node":3,"entry":23,"row_node":24,"slave_slot":8,"value":3.0359973857186395e-13}
MORTAR_OBSERVER {"kind":"KIN_NODE","call_id":5,"node":4,"dd_count":6,"bd_count":0,"b2":[-7.4874980555587076e-08,1.3643621290777081e-07,2.5762883567192844e-07],"vold":[-1.5955536644154636e-05,1.4551452481888116e-05,-8.0208490250406841e-05],"vini":[-1.063711872873084e-05,9.7020360638175796e-06,-5.3365494912764506e-05]}
MORTAR_OBSERVER {"kind":"KIN_DD","call_id":5,"node":4,"entry":24,"row_node":1,"slave_slot":0,"value":1.2597330597844455e-13}
MORTAR_OBSERVER {"kind":"KIN_DD","call_id":5,"node":4,"entry":25,"row_node":3,"slave_slot":2,"value":6.0988253000734896e-14}
MORTAR_OBSERVER {"kind":"KIN_DD","call_id":5,"node":4,"entry":26,"row_node":4,"slave_slot":3,"value":666.66713127890421}
MORTAR_OBSERVER {"kind":"KIN_DD","call_id":5,"node":4,"entry":27,"row_node":19,"slave_slot":6,"value":1.1474155153612712e-13}
MORTAR_OBSERVER {"kind":"KIN_DD","call_id":5,"node":4,"entry":28,"row_node":23,"slave_slot":7,"value":-333.33357601069218}
MORTAR_OBSERVER {"kind":"KIN_DD","call_id":5,"node":4,"entry":29,"row_node":24,"slave_slot":8,"value":-333.33354693706917}
MORTAR_OBSERVER {"kind":"KIN_NODE","call_id":5,"node":13,"dd_count":0,"bd_count":9,"b2":[8.7917789210906739e-08,8.7917789276775542e-08,3.863924871911495e-08],"vold":[-2.1046356412151326e-05,-2.104635641222948e-05,-8.5169297906931692e-05],"vini":[-1.4031614123113084e-05,-1.4031614123152166e-05,-5.6780948965176122e-05]}
MORTAR_OBSERVER {"kind":"KIN_BD","call_id":5,"node":13,"entry":0,"row_node":1,"slave_slot":0,"value":-1120.3707561437463}
MORTAR_OBSERVER {"kind":"KIN_BD","call_id":5,"node":13,"entry":1,"row_node":2,"slave_slot":1,"value":-50.925928443221565}
MORTAR_OBSERVER {"kind":"KIN_BD","call_id":5,"node":13,"entry":2,"row_node":3,"slave_slot":2,"value":-9.259305389686336}
MORTAR_OBSERVER {"kind":"KIN_BD","call_id":5,"node":13,"entry":3,"row_node":4,"slave_slot":3,"value":-50.925928443221579}
MORTAR_OBSERVER {"kind":"KIN_BD","call_id":5,"node":13,"entry":4,"row_node":17,"slave_slot":4,"value":-458.33360930702378}
MORTAR_OBSERVER {"kind":"KIN_BD","call_id":5,"node":13,"entry":5,"row_node":18,"slave_slot":5,"value":-41.66675257693236}
MORTAR_OBSERVER {"kind":"KIN_BD","call_id":5,"node":13,"entry":6,"row_node":19,"slave_slot":6,"value":-268.51869561382892}
MORTAR_OBSERVER {"kind":"KIN_BD","call_id":5,"node":13,"entry":7,"row_node":23,"slave_slot":7,"value":-41.666752576932183}
MORTAR_OBSERVER {"kind":"KIN_BD","call_id":5,"node":13,"entry":8,"row_node":24,"slave_slot":8,"value":-458.33360930702497}
MORTAR_OBSERVER {"kind":"KIN_NODE","call_id":5,"node":14,"dd_count":0,"bd_count":9,"b2":[-6.0532810790676168e-08,-2.1568354307897845e-08,2.4218731046570775e-08],"vold":[1.8152909890350664e-05,-2.1399696069588653e-05,-7.7658622476747049e-05],"vini":[1.2101626942896781e-05,-1.4266781866437022e-05,-5.1771725094290413e-05]}
MORTAR_OBSERVER {"kind":"KIN_BD","call_id":5,"node":14,"entry":9,"row_node":1,"slave_slot":0,"value":-101.85203950720144}
MORTAR_OBSERVER {"kind":"KIN_BD","call_id":5,"node":14,"entry":10,"row_node":2,"slave_slot":1,"value":-560.18569867288579}
MORTAR_OBSERVER {"kind":"KIN_BD","call_id":5,"node":14,"entry":11,"row_node":3,"slave_slot":2,"value":-101.85202150290978}
MORTAR_OBSERVER {"kind":"KIN_BD","call_id":5,"node":14,"entry":12,"row_node":4,"slave_slot":3,"value":-4.6295730290392072}
MORTAR_OBSERVER {"kind":"KIN_BD","call_id":5,"node":14,"entry":13,"row_node":17,"slave_slot":4,"value":-458.33341481940784}
MORTAR_OBSERVER {"kind":"KIN_BD","call_id":5,"node":14,"entry":14,"row_node":18,"slave_slot":5,"value":-458.33365393790103}
MORTAR_OBSERVER {"kind":"KIN_BD","call_id":5,"node":14,"entry":15,"row_node":19,"slave_slot":6,"value":-731.48190794828997}
MORTAR_OBSERVER {"kind":"KIN_BD","call_id":5,"node":14,"entry":16,"row_node":23,"slave_slot":7,"value":-41.666781710880812}
MORTAR_OBSERVER {"kind":"KIN_BD","call_id":5,"node":14,"entry":17,"row_node":24,"slave_slot":8,"value":-41.66680305956519}
MORTAR_OBSERVER {"kind":"KIN_NODE","call_id":5,"node":15,"dd_count":0,"bd_count":9,"b2":[8.621556289869425e-08,8.6215562824374573e-08,-5.8108363122708584e-08],"vold":[2.0330009342130988e-05,2.0330009342250921e-05,-8.2626265636190417e-05],"vini":[1.3553347274233401e-05,1.3553347274293363e-05,-5.5084629396603388e-05]}
MORTAR_OBSERVER {"kind":"KIN_BD","call_id":5,"node":15,"entry":18,"row_node":1,"slave_slot":0,"value":-9.2592576416046555}
MORTAR_OBSERVER {"kind":"KIN_BD","call_id":5,"node":15,"entry":19,"row_node":2,"slave_slot":1,"value":-50.925931133757501}
MORTAR_OBSERVER {"kind":"KIN_BD","call_id":5,"node":15,"entry":20,"row_node":3,"slave_slot":2,"value":-1120.3710206036649}
MORTAR_OBSERVER {"kind":"KIN_BD","call_id":5,"node":15,"entry":21,"row_node":4,"slave_slot":3,"value":-50.925931133757494}
MORTAR_OBSERVER {"kind":"KIN_BD","call_id":5,"node":15,"entry":22,"row_node":17,"slave_slot":4,"value":-41.666788789923743}
MORTAR_OBSERVER {"kind":"KIN_BD","call_id":5,"node":15,"entry":23,"row_node":18,"slave_slot":5,"value":-458.33351497107697}
MORTAR_OBSERVER {"kind":"KIN_BD","call_id":5,"node":15,"entry":24,"row_node":19,"slave_slot":6,"value":-268.51878766755186}
MORTAR_OBSERVER {"kind":"KIN_BD","call_id":5,"node":15,"entry":25,"row_node":23,"slave_slot":7,"value":-458.33351497107583}
MORTAR_OBSERVER {"kind":"KIN_BD","call_id":5,"node":15,"entry":26,"row_node":24,"slave_slot":8,"value":-41.666788789924254}
MORTAR_OBSERVER {"kind":"KIN_NODE","call_id":5,"node":16,"dd_count":0,"bd_count":9,"b2":[-2.1568354360030867e-08,-6.0532810611985516e-08,2.42187309524029e-08],"vold":[-2.1399696069509286e-05,1.8152909890095694e-05,-7.7658622476619492e-05],"vini":[-1.4266781866397332e-05,1.2101626942769292e-05,-5.1771725094226635e-05]}
MORTAR_OBSERVER {"kind":"KIN_BD","call_id":5,"node":16,"entry":27,"row_node":1,"slave_slot":0,"value":-101.85203950720125}
MORTAR_OBSERVER {"kind":"KIN_BD","call_id":5,"node":16,"entry":28,"row_node":2,"slave_slot":1,"value":-4.6295730290392081}
MORTAR_OBSERVER {"kind":"KIN_BD","call_id":5,"node":16,"entry":29,"row_node":3,"slave_slot":2,"value":-101.85202150290976}
MORTAR_OBSERVER {"kind":"KIN_BD","call_id":5,"node":16,"entry":30,"row_node":4,"slave_slot":3,"value":-560.18569867288568}
MORTAR_OBSERVER {"kind":"KIN_BD","call_id":5,"node":16,"entry":31,"row_node":17,"slave_slot":4,"value":-41.666803059565069}
MORTAR_OBSERVER {"kind":"KIN_BD","call_id":5,"node":16,"entry":32,"row_node":18,"slave_slot":5,"value":-41.666781710880954}
MORTAR_OBSERVER {"kind":"KIN_BD","call_id":5,"node":16,"entry":33,"row_node":19,"slave_slot":6,"value":-731.48190794828975}
MORTAR_OBSERVER {"kind":"KIN_BD","call_id":5,"node":16,"entry":34,"row_node":23,"slave_slot":7,"value":-458.33365393790149}
MORTAR_OBSERVER {"kind":"KIN_BD","call_id":5,"node":16,"entry":35,"row_node":24,"slave_slot":8,"value":-458.33341481940806}
MORTAR_OBSERVER {"kind":"KIN_NODE","call_id":5,"node":17,"dd_count":6,"bd_count":0,"b2":[1.9649889492851554e-07,7.6650281638911726e-09,2.5192624506944356e-07],"vold":[-4.0240557947380982e-06,-1.7136048374196538e-05,-8.2804754468902855e-05],"vini":[-2.6829740918492692e-06,-1.1424292242216882e-05,-5.5103696708922682e-05]}
MORTAR_OBSERVER {"kind":"KIN_DD","call_id":5,"node":17,"entry":30,"row_node":1,"slave_slot":0,"value":3.9671969807377871e-13}
MORTAR_OBSERVER {"kind":"KIN_DD","call_id":5,"node":17,"entry":31,"row_node":2,"slave_slot":1,"value":-2.1908401236910168e-13}
MORTAR_OBSERVER {"kind":"KIN_DD","call_id":5,"node":17,"entry":32,"row_node":3,"slave_slot":2,"value":-1.8503717260903858e-13}
MORTAR_OBSERVER {"kind":"KIN_DD","call_id":5,"node":17,"entry":33,"row_node":17,"slave_slot":4,"value":1666.6677098500584}
MORTAR_OBSERVER {"kind":"KIN_DD","call_id":5,"node":17,"entry":34,"row_node":18,"slave_slot":5,"value":7.9399450766538459e-13}
MORTAR_OBSERVER {"kind":"KIN_DD","call_id":5,"node":17,"entry":35,"row_node":19,"slave_slot":6,"value":-1.3304172710589874e-13}
MORTAR_OBSERVER {"kind":"KIN_NODE","call_id":5,"node":18,"dd_count":4,"bd_count":0,"b2":[-4.2826814569918135e-08,1.1301010086874325e-07,2.1287183193957145e-07],"vold":[1.7343381089567621e-05,-1.5585696701274841e-06,-8.1755509846017217e-05],"vini":[1.1563062458526982e-05,-1.0394332825858262e-06,-5.4403124383018188e-05]}
MORTAR_OBSERVER {"kind":"KIN_DD","call_id":5,"node":18,"entry":36,"row_node":2,"slave_slot":1,"value":5.8323716806368963e-13}
MORTAR_OBSERVER {"kind":"KIN_DD","call_id":5,"node":18,"entry":37,"row_node":3,"slave_slot":2,"value":6.1728400782375268e-13}
MORTAR_OBSERVER {"kind":"KIN_DD","call_id":5,"node":18,"entry":38,"row_node":17,"slave_slot":4,"value":-1.3026616951676318e-13}
MORTAR_OBSERVER {"kind":"KIN_DD","call_id":5,"node":18,"entry":39,"row_node":18,"slave_slot":5,"value":1666.6678552181729}
MORTAR_OBSERVER {"kind":"KIN_NODE","call_id":5,"node":19,"dd_count":9,"bd_count":0,"b2":[2.7052613087530482e-08,2.7052612986817934e-08,2.3192856591610509e-07],"vold":[-8.2634591176525576e-07,-8.26345911646348e-07,-8.2274339863132055e-05],"vini":[-5.5108280977564798e-07,-5.5108280971620067e-07,-5.4749949058835379e-05]}
MORTAR_OBSERVER {"kind":"KIN_DD","call_id":5,"node":19,"entry":40,"row_node":1,"slave_slot":0,"value":5.6251300473147725e-13}
MORTAR_OBSERVER {"kind":"KIN_DD","call_id":5,"node":19,"entry":41,"row_node":2,"slave_slot":1,"value":-7.4014869043615431e-14}
MORTAR_OBSERVER {"kind":"KIN_DD","call_id":5,"node":19,"entry":42,"row_node":3,"slave_slot":2,"value":5.2550557020966959e-14}
MORTAR_OBSERVER {"kind":"KIN_DD","call_id":5,"node":19,"entry":43,"row_node":4,"slave_slot":3,"value":-8.7337545471466207e-14}
MORTAR_OBSERVER {"kind":"KIN_DD","call_id":5,"node":19,"entry":44,"row_node":17,"slave_slot":4,"value":-2.0132044379863397e-13}
MORTAR_OBSERVER {"kind":"KIN_DD","call_id":5,"node":19,"entry":45,"row_node":18,"slave_slot":5,"value":5.3031653669750458e-13}
MORTAR_OBSERVER {"kind":"KIN_DD","call_id":5,"node":19,"entry":46,"row_node":19,"slave_slot":6,"value":3333.3355317436476}
MORTAR_OBSERVER {"kind":"KIN_DD","call_id":5,"node":19,"entry":47,"row_node":23,"slave_slot":7,"value":-2.2574535058302708e-14}
MORTAR_OBSERVER {"kind":"KIN_DD","call_id":5,"node":19,"entry":48,"row_node":24,"slave_slot":8,"value":3.0901207825709441e-14}
MORTAR_OBSERVER {"kind":"KIN_NODE","call_id":5,"node":23,"dd_count":6,"bd_count":0,"b2":[1.1301010098786465e-07,-4.2826814678924612e-08,2.1287183190024948e-07],"vold":[-1.5585696703037082e-06,1.7343381089702614e-05,-8.1755509845964051e-05],"vini":[-1.0394332826739316e-06,1.1563062458594473e-05,-5.4403124382991598e-05]}
MORTAR_OBSERVER {"kind":"KIN_DD","call_id":5,"node":23,"entry":49,"row_node":1,"slave_slot":0,"value":8.4376950709721593e-14}
MORTAR_OBSERVER {"kind":"KIN_DD","call_id":5,"node":23,"entry":50,"row_node":3,"slave_slot":2,"value":-2.0428103856037861e-13}
MORTAR_OBSERVER {"kind":"KIN_DD","call_id":5,"node":23,"entry":51,"row_node":4,"slave_slot":3,"value":-1.3100631820719931e-13}
MORTAR_OBSERVER {"kind":"KIN_DD","call_id":5,"node":23,"entry":52,"row_node":19,"slave_slot":6,"value":-3.5527137140935411e-13}
MORTAR_OBSERVER {"kind":"KIN_DD","call_id":5,"node":23,"entry":53,"row_node":23,"slave_slot":7,"value":1666.6678552181745}
MORTAR_OBSERVER {"kind":"KIN_DD","call_id":5,"node":23,"entry":54,"row_node":24,"slave_slot":8,"value":-1.5765167106290086e-13}
MORTAR_OBSERVER {"kind":"KIN_NODE","call_id":5,"node":24,"dd_count":6,"bd_count":0,"b2":[7.6650282480866645e-09,1.9649889449747251e-07,2.5192624502990205e-07],"vold":[-1.7136048374292873e-05,-4.024055794097123e-06,-8.2804754468848997e-05],"vini":[-1.1424292242265045e-05,-2.6829740915287884e-06,-5.5103696708895753e-05]}
MORTAR_OBSERVER {"kind":"KIN_DD","call_id":5,"node":24,"entry":55,"row_node":1,"slave_slot":0,"value":-1.0806170880367853e-13}
MORTAR_OBSERVER {"kind":"KIN_DD","call_id":5,"node":24,"entry":56,"row_node":3,"slave_slot":2,"value":-1.0066022189931698e-13}
MORTAR_OBSERVER {"kind":"KIN_DD","call_id":5,"node":24,"entry":57,"row_node":4,"slave_slot":3,"value":-4.8479739223568112e-13}
MORTAR_OBSERVER {"kind":"KIN_DD","call_id":5,"node":24,"entry":58,"row_node":19,"slave_slot":6,"value":-3.5527137140935408e-14}
MORTAR_OBSERVER {"kind":"KIN_DD","call_id":5,"node":24,"entry":59,"row_node":23,"slave_slot":7,"value":1.016779263486667e-13}
MORTAR_OBSERVER {"kind":"KIN_DD","call_id":5,"node":24,"entry":60,"row_node":24,"slave_slot":8,"value":1666.6677098500604}
MORTAR_OBSERVER {"kind":"KIN_GAP","call_id":5,"pair":0,"slot":0,"node":1,"gap":-0.0016478276829140948}
MORTAR_OBSERVER {"kind":"KIN_GAP","call_id":5,"pair":0,"slot":1,"node":2,"gap":-0.00079833204601658856}
MORTAR_OBSERVER {"kind":"KIN_GAP","call_id":5,"pair":0,"slot":2,"node":3,"gap":-0.0015709592479979605}
MORTAR_OBSERVER {"kind":"KIN_GAP","call_id":5,"pair":0,"slot":3,"node":4,"gap":-0.0007983320460163677}
MORTAR_OBSERVER {"kind":"KIN_GAP","call_id":5,"pair":0,"slot":4,"node":17,"gap":-0.0010598206954265752}
MORTAR_OBSERVER {"kind":"KIN_GAP","call_id":5,"pair":0,"slot":5,"node":18,"gap":-0.0010919787907993888}
MORTAR_OBSERVER {"kind":"KIN_GAP","call_id":5,"pair":0,"slot":6,"node":19,"gap":-0.0021309527473212181}
MORTAR_OBSERVER {"kind":"KIN_GAP","call_id":5,"pair":0,"slot":7,"node":23,"gap":-0.0010919787907994734}
MORTAR_OBSERVER {"kind":"KIN_GAP","call_id":5,"pair":0,"slot":8,"node":24,"gap":-0.0010598206954257985}
MORTAR_OBSERVER {"kind":"INVENTORY","call_id":5,"pair_count":1,"slave_count":9}
MORTAR_OBSERVER {"kind":"PAIR","call_id":5,"pair":0,"start":0,"end":9}
MORTAR_OBSERVER {"kind":"PRE_RAW","call_id":5,"pair":0,"slot":0,"node":1,"activity":1,"lambda_raw":[0.00041748715973431461,0.00041748715975099718,-0.009891520558398266],"lambda_start":[0.00025392879989962917,0.00025392879991822389,-0.0065908140902117412],"ddtil_count":1}
MORTAR_OBSERVER {"kind":"DDTIL","call_id":5,"pair":0,"column_slot":0,"source_slot":0,"destination_slot":0,"entry":0,"value":1333.3340927997529}
MORTAR_OBSERVER {"kind":"PRE_RAW","call_id":5,"pair":0,"slot":1,"node":2,"activity":1,"lambda_raw":[-4.0909935735201683e-05,0.00022137535097489092,-0.009588998363683366],"lambda_start":[-3.3155668209034624e-05,0.00013053191918804222,-0.0063861121765706325],"ddtil_count":1}
MORTAR_OBSERVER {"kind":"DDTIL","call_id":5,"pair":0,"column_slot":1,"source_slot":1,"destination_slot":1,"entry":1,"value":666.66713127890387}
MORTAR_OBSERVER {"kind":"PRE_RAW","call_id":5,"pair":0,"slot":2,"node":3,"activity":1,"lambda_raw":[8.3036406167483431e-05,8.3036406169080705e-05,-0.0094278274610966103],"lambda_start":[5.0571242238410965e-05,5.057124224056703e-05,-0.0062836697277706384],"ddtil_count":1}
MORTAR_OBSERVER {"kind":"DDTIL","call_id":5,"pair":0,"column_slot":2,"source_slot":2,"destination_slot":2,"entry":2,"value":1333.3343689991707}
MORTAR_OBSERVER {"kind":"PRE_RAW","call_id":5,"pair":0,"slot":3,"node":4,"activity":1,"lambda_raw":[0.00022137535100082059,-4.0909935725589322e-05,-0.0095889983636831162],"lambda_start":[0.00013053191922175221,-3.3155668199928552e-05,-0.0063861121765681822],"ddtil_count":1}
MORTAR_OBSERVER {"kind":"DDTIL","call_id":5,"pair":0,"column_slot":3,"source_slot":3,"destination_slot":3,"entry":3,"value":666.66713127890409}
MORTAR_OBSERVER {"kind":"PRE_RAW","call_id":5,"pair":0,"slot":4,"node":17,"activity":1,"lambda_raw":[-0.00061068490609150392,-7.767077709556458e-05,-0.0084737784040825725],"lambda_start":[-0.00036800480080532099,-4.8514399969227216e-05,-0.0056529312620172811],"ddtil_count":1}
MORTAR_OBSERVER {"kind":"DDTIL","call_id":5,"pair":0,"column_slot":4,"source_slot":4,"destination_slot":4,"entry":4,"value":1000.0006159759214}
MORTAR_OBSERVER {"kind":"PRE_RAW","call_id":5,"pair":0,"slot":5,"node":18,"activity":1,"lambda_raw":[0.00026293925016659421,-0.00027196094066850264,-0.0087367993361506645],"lambda_start":[0.00015814979519116425,-0.00016566360550000704,-0.005824057504226556],"ddtil_count":1}
MORTAR_OBSERVER {"kind":"DDTIL","call_id":5,"pair":0,"column_slot":5,"source_slot":5,"destination_slot":5,"entry":5,"value":1000.0007031967892}
MORTAR_OBSERVER {"kind":"PRE_RAW","call_id":5,"pair":0,"slot":6,"node":19,"activity":1,"lambda_raw":[-0.00013395566124967603,-0.00013395566124181564,-0.0085171613483181439],"lambda_start":[-8.3041159713869998e-05,-8.3041159704783069e-05,-0.0056826005661128436],"ddtil_count":1}
MORTAR_OBSERVER {"kind":"DDTIL","call_id":5,"pair":0,"column_slot":6,"source_slot":6,"destination_slot":6,"entry":6,"value":2000.0012991779606}
MORTAR_OBSERVER {"kind":"PRE_RAW","call_id":5,"pair":0,"slot":7,"node":23,"activity":1,"lambda_raw":[-0.00027196094067035456,0.00026293925017274104,-0.0087367993361519014],"lambda_start":[-0.00016566360550267665,0.00015814979519880774,-0.0058240575042272265],"ddtil_count":1}
MORTAR_OBSERVER {"kind":"DDTIL","call_id":5,"pair":0,"column_slot":7,"source_slot":7,"destination_slot":7,"entry":7,"value":1000.0007031967901}
MORTAR_OBSERVER {"kind":"PRE_RAW","call_id":5,"pair":0,"slot":8,"node":24,"activity":1,"lambda_raw":[-7.7670777103046185e-05,-0.00061068490613760723,-0.0084737784040788532],"lambda_start":[-4.8514399980636757e-05,-0.00036800480086035737,-0.0056529312620121402],"ddtil_count":1}
MORTAR_OBSERVER {"kind":"DDTIL","call_id":5,"pair":0,"column_slot":8,"source_slot":8,"destination_slot":8,"entry":8,"value":1000.0006159759225}
MORTAR_OBSERVER {"kind":"LAW","call_id":5,"pair":0,"slot":0,"node":1,"activity":1,"ndof":3,"normal":[5.6572878765412496e-08,5.6572878766499391e-08,-0.99999999999999678],"tangents":[0.99999999999999845,-3.2004906118675544e-15,5.6572878765412403e-08,3.944304526105059e-31,0.99999999999999845,5.6572878766499484e-08],"ln":13.188701653124584,"lt":[0.55664911725707911,0.5566491172793242],"lt_start":[0.33857142890118197,0.33857142892597597],"q":0.0013188701653124584,"ut":[0.0013338972732053402,0.001333897273055683],"gn":0.0013188701653124584,"gt":[0.0021807768835589714,0.0021807768835334822],"b":3.9566104959373751,"constant_n":10000000000,"constant_t":100,"mu":0.29999999999999999,"normal_mode":1,"tangent_mode":1,"normal_inverse_stiffness":0.0001,"tangent_inverse_stiffness":0.01,"p0":0,"beta":0,"iwan":1,"rn":0,"rt":[-0.00084687961035363117,-0.00084687961047779921]}
MORTAR_OBSERVER {"kind":"LAW","call_id":5,"pair":0,"slot":1,"node":2,"activity":1,"ndof":3,"normal":[4.941545163639616e-08,-2.9406304121697316e-08,-0.99999999999999833],"tangents":[0.99999999999999878,1.4531257991308926e-15,4.941545163639614e-08,-0,0.99999999999999956,-2.9406304121697353e-08],"ln":6.392670025267269,"lt":[-0.027273625394067712,0.14758385815509006],"lt_start":[-0.022104004592443671,0.0870214653001469],"q":0.00063926700252672699,"ut":[4.3502411641070481e-06,0.00038782963473095791],"gn":0.00063926700252672699,"gt":[-5.169620801624041e-05,0.00060562392854943169],"b":1.9178010075801806,"constant_n":10000000000,"constant_t":100,"mu":0.29999999999999999,"normal_mode":1,"tangent_mode":1,"normal_inverse_stiffness":0.0001,"tangent_inverse_stiffness":0.01,"p0":0,"beta":0,"iwan":1,"rn":0,"rt":[5.6046449180347457e-05,-0.00021779429381847378]}
MORTAR_OBSERVER {"kind":"LAW","call_id":5,"pair":0,"slot":2,"node":3,"activity":1,"ndof":3,"normal":[-3.4612256567410677e-08,-3.4612256566351423e-08,-0.99999999999999878],"tangents":[0.99999999999999944,-1.1980083046516012e-15,-3.4612256567410657e-08,1.9721522630525295e-31,0.99999999999999944,-3.4612256566351442e-08],"ln":12.570446371210075,"lt":[0.1107157293127954,0.11071572931492522],"lt_start":[0.067428665348999425,0.067428665351874251],"q":0.0012570446371210076,"ut":[0.00026501887615994148,0.00026501887613810505],"gn":0.0012570446371210076,"gt":[0.00043287063963795975,0.00043287063963050971],"b":3.7711339113630222,"constant_n":10000000000,"constant_t":100,"mu":0.29999999999999999,"normal_mode":1,"tangent_mode":1,"normal_inverse_stiffness":0.0001,"tangent_inverse_stiffness":0.01,"p0":0,"beta":0,"iwan":1,"rn":0,"rt":[-0.00016785176347801828,-0.00016785176349240466]}
MORTAR_OBSERVER {"kind":"LAW","call_id":5,"pair":0,"slot":3,"node":4,"activity":1,"ndof":3,"normal":[-2.9406304122772866e-08,4.9415451637444059e-08,-0.99999999999999833],"tangents":[0.99999999999999956,1.453125799214855e-15,-2.940630412277283e-08,-0,0.99999999999999878,4.9415451637444079e-08],"ln":6.3926700252671047,"lt":[0.14758385817237654,-0.027273625387659699],"lt_start":[0.087021465322620242,-0.022104004586373086],"q":0.00063926700252671062,"ut":[0.00038782963478812692,4.3502410814479954e-06],"gn":0.00063926700252671051,"gt":[0.00060562392849756303,-5.1696208012866136e-05],"b":1.917801007905392,"constant_n":10000000000,"constant_t":100,"mu":0.29999999999999999,"normal_mode":1,"tangent_mode":1,"normal_inverse_stiffness":0.0001,"tangent_inverse_stiffness":0.01,"p0":0,"beta":0,"iwan":1,"rn":-3.2526070725680256e-10,"rt":[-0.00021779429370943611,5.604644909431413e-05]}
MORTAR_OBSERVER {"kind":"LAW","call_id":5,"pair":0,"slot":4,"node":17,"activity":1,"ndof":3,"normal":[5.4435081156978604e-08,1.2142368533043196e-08,-0.99999999999999845],"tangents":[0.99999999999999856,-6.6097081653415058e-16,5.4435081156978604e-08,-0,1,1.2142368533043214e-08],"ln":8.4737835895402078,"lt":[-0.6106857435298001,-0.077670927830696693],"lt_start":[-0.3680053352053782,-0.048514498492946395],"q":0.00084737835895402121,"ut":[-0.0015079807869031567,-0.00017026906127894697],"gn":0.00084737835895402078,"gt":[-0.0024268040832442191,-0.00029156429337750297],"b":2.5421350781631049,"constant_n":10000000000,"constant_t":100,"mu":0.29999999999999999,"normal_mode":1,"tangent_mode":1,"normal_inverse_stiffness":0.0001,"tangent_inverse_stiffness":0.01,"p0":0,"beta":0,"iwan":1,"rn":-1.3010428290272102e-09,"rt":[0.0009188232963410624,0.000121295232098556]}
MORTAR_OBSERVER {"kind":"LAW","call_id":5,"pair":0,"slot":5,"node":18,"activity":1,"ndof":3,"normal":[7.866785652396447e-09,-3.2474466055186876e-08,-0.99999999999999944],"tangents":[1,2.5546966363217963e-16,7.8667856523964437e-09,-0,0.99999999999999956,-3.2474466055186876e-08],"ln":8.7368054907401813,"lt":[0.26293936633405462,-0.27196084818746985],"lt_start":[0.15814986058494818,-0.16566353286083171],"q":0.00087368054907401775,"ut":[0.0006531840055139553,-0.00064928610118885775],"gn":0.00087368054907401818,"gt":[0.0010478950574910645,-0.0010629731532663814],"b":2.6210416459210117,"constant_n":10000000000,"constant_t":100,"mu":0.29999999999999999,"normal_mode":1,"tangent_mode":1,"normal_inverse_stiffness":0.0001,"tangent_inverse_stiffness":0.01,"p0":0,"beta":0,"iwan":1,"rn":1.3010423849380004e-09,"rt":[-0.0003947110519771092,0.00041368705207752365]}
MORTAR_OBSERVER {"kind":"LAW","call_id":5,"pair":0,"slot":6,"node":19,"activity":1,"ndof":3,"normal":[1.0980306437028399e-08,1.0980306438101487e-08,-0.99999999999999989],"tangents":[1,-1.2056712946283015e-16,1.0980306437028399e-08,-0,1,1.0980306438101489e-08],"ln":17.034333756061095,"lt":[-0.26791168357379946,-0.26791168355807876],"lt_start":[-0.16608255210645673,-0.16608255208828288],"q":0.0017034333756061097,"ut":[-0.00060376076483004961,-0.0006037607649452358],"gn":0.0017034333756061097,"gt":[-0.0010182913146734275,-0.0010182913146979588],"b":5.1103001268183279,"constant_n":10000000000,"constant_t":100,"mu":0.29999999999999999,"normal_mode":1,"tangent_mode":1,"normal_inverse_stiffness":0.0001,"tangent_inverse_stiffness":0.01,"p0":0,"beta":0,"iwan":1,"rn":0,"rt":[0.00041453054984337784,0.00041453054975272303]}
MORTAR_OBSERVER {"kind":"LAW","call_id":5,"pair":0,"slot":7,"node":23,"activity":1,"ndof":3,"normal":[-3.247446605625429e-08,7.8667856534500237e-09,-0.99999999999999944],"tangents":[0.99999999999999956,2.5546966367479118e-16,-3.247446605625429e-08,-0,1,7.8667856534500286e-09],"ln":8.7368054907414265,"lt":[-0.27196084818932192,0.26293936634020176],"lt_start":[-0.16566353286350144,0.15814986059259187],"q":0.00087368054907414265,"ut":[-0.00064928610116724809,0.00065318400546068639],"gn":0.00087368054907414265,"gt":[-0.0010629731532582048,0.001047895057476099],"b":2.6210416472224281,"constant_n":10000000000,"constant_t":100,"mu":0.29999999999999999,"normal_mode":1,"tangent_mode":1,"normal_inverse_stiffness":0.0001,"tangent_inverse_stiffness":0.01,"p0":0,"beta":0,"iwan":1,"rn":0,"rt":[0.0004136870520909567,-0.00039471105201541266]}
MORTAR_OBSERVER {"kind":"LAW","call_id":5,"pair":0,"slot":8,"node":24,"activity":1,"ndof":3,"normal":[1.2142368531961965e-08,5.4435081158046012e-08,-0.99999999999999845],"tangents":[1,-6.6097081648825366e-16,1.2142368531961948e-08,-0,0.99999999999999856,5.4435081158046018e-08],"ln":8.4737835895364988,"lt":[-0.077670927838177986,-0.61068574357590411],"lt_start":[-0.048514498504355748,-0.36800533526041507],"q":0.00084737835895364988,"ut":[-0.00017026906125236339,-0.0015079807870681087],"gn":0.00084737835895364988,"gt":[-0.00029156429333822238,-0.0024268040831548904],"b":2.5421350768609496,"constant_n":10000000000,"constant_t":100,"mu":0.29999999999999999,"normal_mode":1,"tangent_mode":1,"normal_inverse_stiffness":0.0001,"tangent_inverse_stiffness":0.01,"p0":0,"beta":0,"iwan":1,"rn":0,"rt":[0.00012129523208585899,0.00091882329608678165]}
MORTAR_OBSERVER {"kind":"POST_RAW_AFTER_ACTIVE_LOOP","call_id":5,"pair":0,"slot":0,"node":1,"activity":1,"lambda_raw":[0.00041748715973431461,0.00041748715975099718,-0.009891520558398266],"gap":-0.0013188701653124584}
MORTAR_OBSERVER {"kind":"POST_RAW_AFTER_ACTIVE_LOOP","call_id":5,"pair":0,"slot":1,"node":2,"activity":1,"lambda_raw":[-4.0909935735201683e-05,0.00022137535097489092,-0.009588998363683366],"gap":-0.00063926700252672699}
MORTAR_OBSERVER {"kind":"POST_RAW_AFTER_ACTIVE_LOOP","call_id":5,"pair":0,"slot":2,"node":3,"activity":1,"lambda_raw":[8.3036406167483431e-05,8.3036406169080705e-05,-0.0094278274610966103],"gap":-0.0012570446371210076}
MORTAR_OBSERVER {"kind":"POST_RAW_AFTER_ACTIVE_LOOP","call_id":5,"pair":0,"slot":3,"node":4,"activity":1,"lambda_raw":[0.00022137535100082059,-4.0909935725589322e-05,-0.0095889983636831162],"gap":-0.00063926700252671062}
MORTAR_OBSERVER {"kind":"POST_RAW_AFTER_ACTIVE_LOOP","call_id":5,"pair":0,"slot":4,"node":17,"activity":1,"lambda_raw":[-0.00061068490609150392,-7.767077709556458e-05,-0.0084737784040825725],"gap":-0.00084737835895402121}
MORTAR_OBSERVER {"kind":"POST_RAW_AFTER_ACTIVE_LOOP","call_id":5,"pair":0,"slot":5,"node":18,"activity":1,"lambda_raw":[0.00026293925016659421,-0.00027196094066850264,-0.0087367993361506645],"gap":-0.00087368054907401775}
MORTAR_OBSERVER {"kind":"POST_RAW_AFTER_ACTIVE_LOOP","call_id":5,"pair":0,"slot":6,"node":19,"activity":1,"lambda_raw":[-0.00013395566124967603,-0.00013395566124181564,-0.0085171613483181439],"gap":-0.0017034333756061097}
MORTAR_OBSERVER {"kind":"POST_RAW_AFTER_ACTIVE_LOOP","call_id":5,"pair":0,"slot":7,"node":23,"activity":1,"lambda_raw":[-0.00027196094067035456,0.00026293925017274104,-0.0087367993361519014],"gap":-0.00087368054907414265}
MORTAR_OBSERVER {"kind":"POST_RAW_AFTER_ACTIVE_LOOP","call_id":5,"pair":0,"slot":8,"node":24,"activity":1,"lambda_raw":[-7.7670777103046185e-05,-0.00061068490613760723,-0.0084737784040788532],"gap":-0.00084737835895364988}
MORTAR_OBSERVER {"kind":"CFS_INVENTORY","call_id":5,"all_node_count":35,"physical_count":13}
MORTAR_OBSERVER {"kind":"CFS_NODE","call_id":5,"node":1,"force":[0.87540573920850928,0.8754057392383866,-1.8614009723611828]}
MORTAR_OBSERVER {"kind":"CFS_NODE","call_id":5,"node":2,"force":[0.088641975779420124,0.26412765868117749,-0.65580685395637395]}
MORTAR_OBSERVER {"kind":"CFS_NODE","call_id":5,"node":3,"force":[0.20302636097364393,0.20302636096786622,-1.0677978526610499]}
MORTAR_OBSERVER {"kind":"CFS_NODE","call_id":5,"node":4,"force":[0.26412765870157545,0.088641975799147038,-0.65580685395703542]}
MORTAR_OBSERVER {"kind":"CFS_NODE","call_id":5,"node":13,"force":[-0.12585758435884184,-0.12585758436145789,22.928842838980657]}
MORTAR_OBSERVER {"kind":"CFS_NODE","call_id":5,"node":14,"force":[0.24285050695295846,0.097922307568688152,22.219171500048567]}
MORTAR_OBSERVER {"kind":"CFS_NODE","call_id":5,"node":15,"force":[-0.037301447865458859,-0.037301447870738517,22.632814160923388]}
MORTAR_OBSERVER {"kind":"CFS_NODE","call_id":5,"node":16,"force":[0.097922307564431904,0.24285050695800675,22.219171500047398]}
MORTAR_OBSERVER {"kind":"CFS_NODE","call_id":5,"node":17,"force":[-1.0178088138755244,-0.12945137618413907,-14.122972846509189]}
MORTAR_OBSERVER {"kind":"CFS_NODE","call_id":5,"node":18,"force":[0.43823239612783232,-0.4532685576870899,-14.561342611053796]}
MORTAR_OBSERVER {"kind":"CFS_NODE","call_id":5,"node":19,"force":[-0.44651916532176028,-0.44651916529555935,-28.39055655194251]}
MORTAR_OBSERVER {"kind":"CFS_NODE","call_id":5,"node":23,"force":[-0.45326855769017699,0.43823239613807752,-14.561342611055853]}
MORTAR_OBSERVER {"kind":"CFS_NODE","call_id":5,"node":24,"force":[-0.12945137619660868,-1.0178088139523649,-14.122972846502996]}
MORTAR_OBSERVER {"kind":"CFS_END","call_id":5,"scanned_nodes":35,"physical_count":13,"outside_nonzero_count":0}
MORTAR_OBSERVER {"kind":"SUMMARY_PRE_OVERRIDE","call_id":5,"ndiverg":14,"flag":1,"keepset":0,"max_n":1.3010428290272102e-09,"max_t":[0.0009188232963410624,0.00091882329608678165],"lm_t_av":[2.3333908996014729,2.3333908996293502],"nstick":9,"nslip":0,"ninactive":0,"nnogap":0,"nolm":0}
MORTAR_OBSERVER {"kind":"SUMMARY_POST_OVERRIDE","call_id":5,"flag":1}
MORTAR_OBSERVER {"kind":"RETURN","call_id":5}
 Using up to 2 cpu(s) for the stress calculation.

 average force= 3.503527
 time avg. forc= 2.335322
 largest residual force= 0.000000 in node 17 and dof 1
 largest increment of disp= 9.310195e-05
 largest correction to disp= 4.094313e-07 in node 7 and dof 3

MORTAR_OBSERVER {"kind":"PRE_CHECK","call_id":5,"step":1,"inc":3,"cutback":0,"iteration":1,"time":0.75,"dtime":0.25,"ttime":0,"tper":1,"theta":0.5,"dtheta":0.25,"icntrl":0,"nmethod":1,"iexpl":0,"ithermal":0,"uncoupled":0,"mortar":2,"iflagdualquad":2}
 no convergence

MORTAR_OBSERVER {"kind":"POST_CHECK","call_id":5,"step":1,"inc":3,"cutback":0,"iteration":2,"time":0.75,"dtime":0.25,"ttime":0,"tper":1,"theta":0.5,"dtheta":0.25,"icntrl":0,"nmethod":1,"iexpl":0,"ithermal":0,"uncoupled":0,"mortar":2,"iflagdualquad":2}
 iteration 2

 Determining the structure of the matrix:

 Using up to 2 cpu(s) for setting up the structure of the matrix.
 number of equations
 75
 number of nonzero lower triangular matrix elements
 1143

 Using up to 2 cpu(s) for the stress calculation.

 Using up to 2 cpu(s) for the symmetric stiffness/mass contributions.

 Using up to 2 cpu(s) for the stress calculation.

 Using up to 2 cpu(s) for the symmetric stiffness/mass contributions.

 Factoring the system of equations using the unsymmetric spooles solver
 Using 1 cpu for spooles.

MORTAR_OBSERVER {"kind":"BEGIN","call_id":6,"step":1,"inc":3,"cutback":0,"iteration":2,"time":0.75,"dtime":0.25,"ttime":0,"tper":1,"theta":0.5,"dtheta":0.25,"icntrl":0,"nmethod":1,"iexpl":0,"ithermal":0,"uncoupled":0,"mortar":2,"iflagdualquad":2}
MORTAR_OBSERVER {"kind":"KIN_INVENTORY","call_id":6,"all_node_count":35,"physical_count":13,"dd_count":61,"bd_count":36,"slave_count":9}
MORTAR_OBSERVER {"kind":"KIN_NODE","call_id":6,"node":1,"dd_count":9,"bd_count":0,"b2":[1.9898364567882897e-07,1.9898364570478346e-07,-3.783034534753997e-08],"vold":[-1.4185508729169851e-05,-1.4185508729114064e-05,-8.5369517675013833e-05],"vini":[-9.3242382482060529e-06,-9.3242382480652997e-06,-5.6992615827991513e-05]}
MORTAR_OBSERVER {"kind":"KIN_DD","call_id":6,"node":1,"entry":0,"row_node":1,"slave_slot":0,"value":1333.3340927997526}
MORTAR_OBSERVER {"kind":"KIN_DD","call_id":6,"node":1,"entry":1,"row_node":2,"slave_slot":1,"value":5.8619777156046156e-14}
MORTAR_OBSERVER {"kind":"KIN_DD","call_id":6,"node":1,"entry":2,"row_node":3,"slave_slot":2,"value":-5.4622971653504819e-14}
MORTAR_OBSERVER {"kind":"KIN_DD","call_id":6,"node":1,"entry":3,"row_node":4,"slave_slot":3,"value":1.1442698924652446e-13}
MORTAR_OBSERVER {"kind":"KIN_DD","call_id":6,"node":1,"entry":4,"row_node":17,"slave_slot":4,"value":-333.3335469370686}
MORTAR_OBSERVER {"kind":"KIN_DD","call_id":6,"node":1,"entry":5,"row_node":18,"slave_slot":5,"value":-2.356633472716907e-13}
MORTAR_OBSERVER {"kind":"KIN_DD","call_id":6,"node":1,"entry":6,"row_node":19,"slave_slot":6,"value":-666.66711628284372}
MORTAR_OBSERVER {"kind":"KIN_DD","call_id":6,"node":1,"entry":7,"row_node":23,"slave_slot":7,"value":2.6700863349324221e-14}
MORTAR_OBSERVER {"kind":"KIN_DD","call_id":6,"node":1,"entry":8,"row_node":24,"slave_slot":8,"value":-333.33354693706912}
MORTAR_OBSERVER {"kind":"KIN_NODE","call_id":6,"node":2,"dd_count":6,"bd_count":0,"b2":[-1.3395474263051722e-07,7.4740980864980544e-08,-1.7159561983457541e-08],"vold":[1.4687888694724124e-05,-1.6030411624490038e-05,-7.9950861414762877e-05],"vini":[9.7020360636658946e-06,-1.0637118728436674e-05,-5.3365494912817883e-05]}
MORTAR_OBSERVER {"kind":"KIN_DD","call_id":6,"node":2,"entry":9,"row_node":1,"slave_slot":0,"value":9.118631578535146e-14}
MORTAR_OBSERVER {"kind":"KIN_DD","call_id":6,"node":2,"entry":10,"row_node":2,"slave_slot":1,"value":666.66713127890375}
MORTAR_OBSERVER {"kind":"KIN_DD","call_id":6,"node":2,"entry":11,"row_node":3,"slave_slot":2,"value":-2.0679754420050575e-13}
MORTAR_OBSERVER {"kind":"KIN_DD","call_id":6,"node":2,"entry":12,"row_node":17,"slave_slot":4,"value":-333.33354693706917}
MORTAR_OBSERVER {"kind":"KIN_DD","call_id":6,"node":2,"entry":13,"row_node":18,"slave_slot":5,"value":-333.3335760106915}
MORTAR_OBSERVER {"kind":"KIN_DD","call_id":6,"node":2,"entry":14,"row_node":19,"slave_slot":6,"value":7.8539027794516688e-14}
MORTAR_OBSERVER {"kind":"KIN_NODE","call_id":6,"node":3,"dd_count":9,"bd_count":0,"b2":[-1.225740637976525e-08,-1.2257406391402489e-08,4.44004863909301e-08],"vold":[1.7459766030835772e-05,1.745976603087129e-05,-8.3265360879224097e-05],"vini":[1.1631279065199108e-05,1.1631279065258011e-05,-5.5532862193664774e-05]}
MORTAR_OBSERVER {"kind":"KIN_DD","call_id":6,"node":3,"entry":15,"row_node":1,"slave_slot":0,"value":-7.0758217315913819e-14}
MORTAR_OBSERVER {"kind":"KIN_DD","call_id":6,"node":3,"entry":16,"row_node":2,"slave_slot":1,"value":-2.2073546947116201e-13}
MORTAR_OBSERVER {"kind":"KIN_DD","call_id":6,"node":3,"entry":17,"row_node":3,"slave_slot":2,"value":1333.3343689991707}
MORTAR_OBSERVER {"kind":"KIN_DD","call_id":6,"node":3,"entry":18,"row_node":4,"slave_slot":3,"value":1.6135241399671513e-13}
MORTAR_OBSERVER {"kind":"KIN_DD","call_id":6,"node":3,"entry":19,"row_node":17,"slave_slot":4,"value":-8.2341539346023915e-14}
MORTAR_OBSERVER {"kind":"KIN_DD","call_id":6,"node":3,"entry":20,"row_node":18,"slave_slot":5,"value":-333.33357601069139}
MORTAR_OBSERVER {"kind":"KIN_DD","call_id":6,"node":3,"entry":21,"row_node":19,"slave_slot":6,"value":-666.6671162828444}
MORTAR_OBSERVER {"kind":"KIN_DD","call_id":6,"node":3,"entry":22,"row_node":23,"slave_slot":7,"value":-333.33357601069247}
MORTAR_OBSERVER {"kind":"KIN_DD","call_id":6,"node":3,"entry":23,"row_node":24,"slave_slot":8,"value":3.0359973857186395e-13}
MORTAR_OBSERVER {"kind":"KIN_NODE","call_id":6,"node":4,"dd_count":6,"bd_count":0,"b2":[7.47409808061038e-08,-1.3395474261485897e-07,-1.7159561975326882e-08],"vold":[-1.6030411624710222e-05,1.4687888694795886e-05,-7.9950861414734918e-05],"vini":[-1.063711872873084e-05,9.7020360638175796e-06,-5.3365494912764506e-05]}
MORTAR_OBSERVER {"kind":"KIN_DD","call_id":6,"node":4,"entry":24,"row_node":1,"slave_slot":0,"value":1.2597330597844455e-13}
MORTAR_OBSERVER {"kind":"KIN_DD","call_id":6,"node":4,"entry":25,"row_node":3,"slave_slot":2,"value":6.0988253000734896e-14}
MORTAR_OBSERVER {"kind":"KIN_DD","call_id":6,"node":4,"entry":26,"row_node":4,"slave_slot":3,"value":666.66713127890421}
MORTAR_OBSERVER {"kind":"KIN_DD","call_id":6,"node":4,"entry":27,"row_node":19,"slave_slot":6,"value":1.1474155153612712e-13}
MORTAR_OBSERVER {"kind":"KIN_DD","call_id":6,"node":4,"entry":28,"row_node":23,"slave_slot":7,"value":-333.33357601069218}
MORTAR_OBSERVER {"kind":"KIN_DD","call_id":6,"node":4,"entry":29,"row_node":24,"slave_slot":8,"value":-333.33354693706917}
MORTAR_OBSERVER {"kind":"KIN_NODE","call_id":6,"node":13,"dd_count":0,"bd_count":9,"b2":[-8.9568665537879635e-08,-8.9568665541162761e-08,-4.1921353027251212e-08],"vold":[-2.095843862294042e-05,-2.0958438622952705e-05,-8.5130658658212572e-05],"vini":[-1.4031614123113084e-05,-1.4031614123152166e-05,-5.6780948965176122e-05]}
MORTAR_OBSERVER {"kind":"KIN_BD","call_id":6,"node":13,"entry":0,"row_node":1,"slave_slot":0,"value":-1120.3707561437463}
MORTAR_OBSERVER {"kind":"KIN_BD","call_id":6,"node":13,"entry":1,"row_node":2,"slave_slot":1,"value":-50.925928443221565}
MORTAR_OBSERVER {"kind":"KIN_BD","call_id":6,"node":13,"entry":2,"row_node":3,"slave_slot":2,"value":-9.259305389686336}
MORTAR_OBSERVER {"kind":"KIN_BD","call_id":6,"node":13,"entry":3,"row_node":4,"slave_slot":3,"value":-50.925928443221579}
MORTAR_OBSERVER {"kind":"KIN_BD","call_id":6,"node":13,"entry":4,"row_node":17,"slave_slot":4,"value":-458.33360930702378}
MORTAR_OBSERVER {"kind":"KIN_BD","call_id":6,"node":13,"entry":5,"row_node":18,"slave_slot":5,"value":-41.66675257693236}
MORTAR_OBSERVER {"kind":"KIN_BD","call_id":6,"node":13,"entry":6,"row_node":19,"slave_slot":6,"value":-268.51869561382892}
MORTAR_OBSERVER {"kind":"KIN_BD","call_id":6,"node":13,"entry":7,"row_node":23,"slave_slot":7,"value":-41.666752576932183}
MORTAR_OBSERVER {"kind":"KIN_BD","call_id":6,"node":13,"entry":8,"row_node":24,"slave_slot":8,"value":-458.33360930702497}
MORTAR_OBSERVER {"kind":"KIN_NODE","call_id":6,"node":14,"dd_count":0,"bd_count":9,"b2":[5.9822152480893943e-08,2.0837031721501913e-08,-2.2697759368601619e-08],"vold":[1.8092377079559989e-05,-2.142126442389655e-05,-7.7634403745700483e-05],"vini":[1.2101626942896781e-05,-1.4266781866437022e-05,-5.1771725094290413e-05]}
MORTAR_OBSERVER {"kind":"KIN_BD","call_id":6,"node":14,"entry":9,"row_node":1,"slave_slot":0,"value":-101.85203950720144}
MORTAR_OBSERVER {"kind":"KIN_BD","call_id":6,"node":14,"entry":10,"row_node":2,"slave_slot":1,"value":-560.18569867288579}
MORTAR_OBSERVER {"kind":"KIN_BD","call_id":6,"node":14,"entry":11,"row_node":3,"slave_slot":2,"value":-101.85202150290978}
MORTAR_OBSERVER {"kind":"KIN_BD","call_id":6,"node":14,"entry":12,"row_node":4,"slave_slot":3,"value":-4.6295730290392072}
MORTAR_OBSERVER {"kind":"KIN_BD","call_id":6,"node":14,"entry":13,"row_node":17,"slave_slot":4,"value":-458.33341481940784}
MORTAR_OBSERVER {"kind":"KIN_BD","call_id":6,"node":14,"entry":14,"row_node":18,"slave_slot":5,"value":-458.33365393790103}
MORTAR_OBSERVER {"kind":"KIN_BD","call_id":6,"node":14,"entry":15,"row_node":19,"slave_slot":6,"value":-731.48190794828997}
MORTAR_OBSERVER {"kind":"KIN_BD","call_id":6,"node":14,"entry":16,"row_node":23,"slave_slot":7,"value":-41.666781710880812}
MORTAR_OBSERVER {"kind":"KIN_BD","call_id":6,"node":14,"entry":17,"row_node":24,"slave_slot":8,"value":-41.66680305956519}
MORTAR_OBSERVER {"kind":"KIN_NODE","call_id":6,"node":15,"dd_count":0,"bd_count":9,"b2":[-8.619616077329477e-08,-8.6196160753799909e-08,5.7061367765578658e-08],"vold":[2.0416224905029681e-05,2.0416224905075296e-05,-8.2684373999313124e-05],"vini":[1.3553347274233401e-05,1.3553347274293363e-05,-5.5084629396603388e-05]}
MORTAR_OBSERVER {"kind":"KIN_BD","call_id":6,"node":15,"entry":18,"row_node":1,"slave_slot":0,"value":-9.2592576416046555}
MORTAR_OBSERVER {"kind":"KIN_BD","call_id":6,"node":15,"entry":19,"row_node":2,"slave_slot":1,"value":-50.925931133757501}
MORTAR_OBSERVER {"kind":"KIN_BD","call_id":6,"node":15,"entry":20,"row_node":3,"slave_slot":2,"value":-1120.3710206036649}
MORTAR_OBSERVER {"kind":"KIN_BD","call_id":6,"node":15,"entry":21,"row_node":4,"slave_slot":3,"value":-50.925931133757494}
MORTAR_OBSERVER {"kind":"KIN_BD","call_id":6,"node":15,"entry":22,"row_node":17,"slave_slot":4,"value":-41.666788789923743}
MORTAR_OBSERVER {"kind":"KIN_BD","call_id":6,"node":15,"entry":23,"row_node":18,"slave_slot":5,"value":-458.33351497107697}
MORTAR_OBSERVER {"kind":"KIN_BD","call_id":6,"node":15,"entry":24,"row_node":19,"slave_slot":6,"value":-268.51878766755186}
MORTAR_OBSERVER {"kind":"KIN_BD","call_id":6,"node":15,"entry":25,"row_node":23,"slave_slot":7,"value":-458.33351497107583}
MORTAR_OBSERVER {"kind":"KIN_BD","call_id":6,"node":15,"entry":26,"row_node":24,"slave_slot":8,"value":-41.666788789924254}
MORTAR_OBSERVER {"kind":"KIN_NODE","call_id":6,"node":16,"dd_count":0,"bd_count":9,"b2":[2.0837031753370125e-08,5.9822152477765136e-08,-2.269775935882358e-08],"vold":[-2.1421264423869316e-05,1.8092377079483708e-05,-7.763440374566709e-05],"vini":[-1.4266781866397332e-05,1.2101626942769292e-05,-5.1771725094226635e-05]}
MORTAR_OBSERVER {"kind":"KIN_BD","call_id":6,"node":16,"entry":27,"row_node":1,"slave_slot":0,"value":-101.85203950720125}
MORTAR_OBSERVER {"kind":"KIN_BD","call_id":6,"node":16,"entry":28,"row_node":2,"slave_slot":1,"value":-4.6295730290392081}
MORTAR_OBSERVER {"kind":"KIN_BD","call_id":6,"node":16,"entry":29,"row_node":3,"slave_slot":2,"value":-101.85202150290976}
MORTAR_OBSERVER {"kind":"KIN_BD","call_id":6,"node":16,"entry":30,"row_node":4,"slave_slot":3,"value":-560.18569867288568}
MORTAR_OBSERVER {"kind":"KIN_BD","call_id":6,"node":16,"entry":31,"row_node":17,"slave_slot":4,"value":-41.666803059565069}
MORTAR_OBSERVER {"kind":"KIN_BD","call_id":6,"node":16,"entry":32,"row_node":18,"slave_slot":5,"value":-41.666781710880954}
MORTAR_OBSERVER {"kind":"KIN_BD","call_id":6,"node":16,"entry":33,"row_node":19,"slave_slot":6,"value":-731.48190794828975}
MORTAR_OBSERVER {"kind":"KIN_BD","call_id":6,"node":16,"entry":34,"row_node":23,"slave_slot":7,"value":-458.33365393790149}
MORTAR_OBSERVER {"kind":"KIN_BD","call_id":6,"node":16,"entry":35,"row_node":24,"slave_slot":8,"value":-458.33341481940806}
MORTAR_OBSERVER {"kind":"KIN_NODE","call_id":6,"node":17,"dd_count":6,"bd_count":0,"b2":[-1.9701198069226184e-07,-8.1994826916537736e-09,-2.8203183942826616e-08],"vold":[-3.8275568998095831e-06,-1.7128383346032648e-05,-8.2552828223833406e-05],"vini":[-2.6829740918492692e-06,-1.1424292242216882e-05,-5.5103696708922682e-05]}
MORTAR_OBSERVER {"kind":"KIN_DD","call_id":6,"node":17,"entry":30,"row_node":1,"slave_slot":0,"value":3.9671969807377871e-13}
MORTAR_OBSERVER {"kind":"KIN_DD","call_id":6,"node":17,"entry":31,"row_node":2,"slave_slot":1,"value":-2.1908401236910168e-13}
MORTAR_OBSERVER {"kind":"KIN_DD","call_id":6,"node":17,"entry":32,"row_node":3,"slave_slot":2,"value":-1.8503717260903858e-13}
MORTAR_OBSERVER {"kind":"KIN_DD","call_id":6,"node":17,"entry":33,"row_node":17,"slave_slot":4,"value":1666.6677098500584}
MORTAR_OBSERVER {"kind":"KIN_DD","call_id":6,"node":17,"entry":34,"row_node":18,"slave_slot":5,"value":7.9399450766538459e-13}
MORTAR_OBSERVER {"kind":"KIN_DD","call_id":6,"node":17,"entry":35,"row_node":19,"slave_slot":6,"value":-1.3304172710589874e-13}
MORTAR_OBSERVER {"kind":"KIN_NODE","call_id":6,"node":18,"dd_count":4,"bd_count":0,"b2":[4.4698780850177661e-08,-1.138528442382634e-07,1.3339212090014796e-08],"vold":[1.7300554274997702e-05,-1.4455595692587408e-06,-8.1542638014077645e-05],"vini":[1.1563062458526982e-05,-1.0394332825858262e-06,-5.4403124383018188e-05]}
MORTAR_OBSERVER {"kind":"KIN_DD","call_id":6,"node":18,"entry":36,"row_node":2,"slave_slot":1,"value":5.8323716806368963e-13}
MORTAR_OBSERVER {"kind":"KIN_DD","call_id":6,"node":18,"entry":37,"row_node":3,"slave_slot":2,"value":6.1728400782375268e-13}
MORTAR_OBSERVER {"kind":"KIN_DD","call_id":6,"node":18,"entry":38,"row_node":17,"slave_slot":4,"value":-1.3026616951676318e-13}
MORTAR_OBSERVER {"kind":"KIN_DD","call_id":6,"node":18,"entry":39,"row_node":18,"slave_slot":5,"value":1666.6678552181729}
MORTAR_OBSERVER {"kind":"KIN_NODE","call_id":6,"node":19,"dd_count":9,"bd_count":0,"b2":[-2.7414115454341475e-08,-2.7414115454441061e-08,-7.8276641114776384e-09],"vold":[-7.9929329867772531e-07,-7.9929329865953009e-07,-8.2042411297215956e-05],"vini":[-5.5108280977564798e-07,-5.5108280971620067e-07,-5.4749949058835379e-05]}
MORTAR_OBSERVER {"kind":"KIN_DD","call_id":6,"node":19,"entry":40,"row_node":1,"slave_slot":0,"value":5.6251300473147725e-13}
MORTAR_OBSERVER {"kind":"KIN_DD","call_id":6,"node":19,"entry":41,"row_node":2,"slave_slot":1,"value":-7.4014869043615431e-14}
MORTAR_OBSERVER {"kind":"KIN_DD","call_id":6,"node":19,"entry":42,"row_node":3,"slave_slot":2,"value":5.2550557020966959e-14}
MORTAR_OBSERVER {"kind":"KIN_DD","call_id":6,"node":19,"entry":43,"row_node":4,"slave_slot":3,"value":-8.7337545471466207e-14}
MORTAR_OBSERVER {"kind":"KIN_DD","call_id":6,"node":19,"entry":44,"row_node":17,"slave_slot":4,"value":-2.0132044379863397e-13}
MORTAR_OBSERVER {"kind":"KIN_DD","call_id":6,"node":19,"entry":45,"row_node":18,"slave_slot":5,"value":5.3031653669750458e-13}
MORTAR_OBSERVER {"kind":"KIN_DD","call_id":6,"node":19,"entry":46,"row_node":19,"slave_slot":6,"value":3333.3355317436476}
MORTAR_OBSERVER {"kind":"KIN_DD","call_id":6,"node":19,"entry":47,"row_node":23,"slave_slot":7,"value":-2.2574535058302708e-14}
MORTAR_OBSERVER {"kind":"KIN_DD","call_id":6,"node":19,"entry":48,"row_node":24,"slave_slot":8,"value":3.0901207825709441e-14}
MORTAR_OBSERVER {"kind":"KIN_NODE","call_id":6,"node":23,"dd_count":6,"bd_count":0,"b2":[-1.1385284420738348e-07,4.4698780813940228e-08,1.3339212094152064e-08],"vold":[-1.4455595693158435e-06,1.7300554275023689e-05,-8.1542638014063808e-05],"vini":[-1.0394332826739316e-06,1.1563062458594473e-05,-5.4403124382991598e-05]}
MORTAR_OBSERVER {"kind":"KIN_DD","call_id":6,"node":23,"entry":49,"row_node":1,"slave_slot":0,"value":8.4376950709721593e-14}
MORTAR_OBSERVER {"kind":"KIN_DD","call_id":6,"node":23,"entry":50,"row_node":3,"slave_slot":2,"value":-2.0428103856037861e-13}
MORTAR_OBSERVER {"kind":"KIN_DD","call_id":6,"node":23,"entry":51,"row_node":4,"slave_slot":3,"value":-1.3100631820719931e-13}
MORTAR_OBSERVER {"kind":"KIN_DD","call_id":6,"node":23,"entry":52,"row_node":19,"slave_slot":6,"value":-3.5527137140935411e-13}
MORTAR_OBSERVER {"kind":"KIN_DD","call_id":6,"node":23,"entry":53,"row_node":23,"slave_slot":7,"value":1666.6678552181745}
MORTAR_OBSERVER {"kind":"KIN_DD","call_id":6,"node":23,"entry":54,"row_node":24,"slave_slot":8,"value":-1.5765167106290086e-13}
MORTAR_OBSERVER {"kind":"KIN_NODE","call_id":6,"node":24,"dd_count":6,"bd_count":0,"b2":[-8.199482728288425e-09,-1.9701198071868056e-07,-2.8203183938779122e-08],"vold":[-1.7128383346044787e-05,-3.8275568995996502e-06,-8.2552828223819095e-05],"vini":[-1.1424292242265045e-05,-2.6829740915287884e-06,-5.5103696708895753e-05]}
MORTAR_OBSERVER {"kind":"KIN_DD","call_id":6,"node":24,"entry":55,"row_node":1,"slave_slot":0,"value":-1.0806170880367853e-13}
MORTAR_OBSERVER {"kind":"KIN_DD","call_id":6,"node":24,"entry":56,"row_node":3,"slave_slot":2,"value":-1.0066022189931698e-13}
MORTAR_OBSERVER {"kind":"KIN_DD","call_id":6,"node":24,"entry":57,"row_node":4,"slave_slot":3,"value":-4.8479739223568112e-13}
MORTAR_OBSERVER {"kind":"KIN_DD","call_id":6,"node":24,"entry":58,"row_node":19,"slave_slot":6,"value":-3.5527137140935408e-14}
MORTAR_OBSERVER {"kind":"KIN_DD","call_id":6,"node":24,"entry":59,"row_node":23,"slave_slot":7,"value":1.016779263486667e-13}
MORTAR_OBSERVER {"kind":"KIN_DD","call_id":6,"node":24,"entry":60,"row_node":24,"slave_slot":8,"value":1666.6677098500604}
MORTAR_OBSERVER {"kind":"KIN_GAP","call_id":6,"pair":0,"slot":0,"node":1,"gap":-0.0013188701653124584}
MORTAR_OBSERVER {"kind":"KIN_GAP","call_id":6,"pair":0,"slot":1,"node":2,"gap":-0.00063926700252672699}
MORTAR_OBSERVER {"kind":"KIN_GAP","call_id":6,"pair":0,"slot":2,"node":3,"gap":-0.0012570446371210076}
MORTAR_OBSERVER {"kind":"KIN_GAP","call_id":6,"pair":0,"slot":3,"node":4,"gap":-0.00063926700252671062}
MORTAR_OBSERVER {"kind":"KIN_GAP","call_id":6,"pair":0,"slot":4,"node":17,"gap":-0.00084737835895402121}
MORTAR_OBSERVER {"kind":"KIN_GAP","call_id":6,"pair":0,"slot":5,"node":18,"gap":-0.00087368054907401775}
MORTAR_OBSERVER {"kind":"KIN_GAP","call_id":6,"pair":0,"slot":6,"node":19,"gap":-0.0017034333756061097}
MORTAR_OBSERVER {"kind":"KIN_GAP","call_id":6,"pair":0,"slot":7,"node":23,"gap":-0.00087368054907414265}
MORTAR_OBSERVER {"kind":"KIN_GAP","call_id":6,"pair":0,"slot":8,"node":24,"gap":-0.00084737835895364988}
MORTAR_OBSERVER {"kind":"INVENTORY","call_id":6,"pair_count":1,"slave_count":9}
MORTAR_OBSERVER {"kind":"PAIR","call_id":6,"pair":0,"start":0,"end":9}
MORTAR_OBSERVER {"kind":"PRE_RAW","call_id":6,"pair":0,"slot":0,"node":1,"activity":1,"lambda_raw":[0.00038086951990137547,0.0003808695199118752,-0.0098868540012774057],"lambda_start":[0.00025392879989962917,0.00025392879991822389,-0.0065908140902117412],"ddtil_count":1}
MORTAR_OBSERVER {"kind":"DDTIL","call_id":6,"pair":0,"column_slot":0,"source_slot":0,"destination_slot":0,"entry":0,"value":1333.3340927997529}
MORTAR_OBSERVER {"kind":"PRE_RAW","call_id":6,"pair":0,"slot":1,"node":2,"activity":1,"lambda_raw":[-4.9605008430811574e-05,0.00019576168102237494,-0.0095798586790647438],"lambda_start":[-3.3155668209034624e-05,0.00013053191918804222,-0.0063861121765706325],"ddtil_count":1}
MORTAR_OBSERVER {"kind":"DDTIL","call_id":6,"pair":0,"column_slot":1,"source_slot":1,"destination_slot":1,"entry":1,"value":666.66713127890387}
MORTAR_OBSERVER {"kind":"PRE_RAW","call_id":6,"pair":0,"slot":2,"node":3,"activity":1,"lambda_raw":[7.5913547158799676e-05,7.5913547156785784e-05,-0.0094257080772486082],"lambda_start":[5.0571242238410965e-05,5.057124224056703e-05,-0.0062836697277706384],"ddtil_count":1}
MORTAR_OBSERVER {"kind":"DDTIL","call_id":6,"pair":0,"column_slot":2,"source_slot":2,"destination_slot":2,"entry":2,"value":1333.3343689991707}
MORTAR_OBSERVER {"kind":"PRE_RAW","call_id":6,"pair":0,"slot":3,"node":4,"activity":1,"lambda_raw":[0.00019576168106173587,-4.9605008433789274e-05,-0.0095798586790646709],"lambda_start":[0.00013053191922175221,-3.3155668199928552e-05,-0.0063861121765681822],"ddtil_count":1}
MORTAR_OBSERVER {"kind":"DDTIL","call_id":6,"pair":0,"column_slot":3,"source_slot":3,"destination_slot":3,"entry":3,"value":666.66713127890409}
MORTAR_OBSERVER {"kind":"PRE_RAW","call_id":6,"pair":0,"slot":4,"node":17,"activity":1,"lambda_raw":[-0.0005521167433734643,-7.2764889433810047e-05,-0.0084786789016572332],"lambda_start":[-0.00036800480080532099,-4.8514399969227216e-05,-0.0056529312620172811],"ddtil_count":1}
MORTAR_OBSERVER {"kind":"DDTIL","call_id":6,"pair":0,"column_slot":4,"source_slot":4,"destination_slot":4,"entry":4,"value":1000.0006159759214}
MORTAR_OBSERVER {"kind":"PRE_RAW","call_id":6,"pair":0,"slot":5,"node":18,"activity":1,"lambda_raw":[0.00023729115310694597,-0.00024853541530145732,-0.0087358574047298899],"lambda_start":[0.00015814979519116425,-0.00016566360550000704,-0.005824057504226556],"ddtil_count":1}
MORTAR_OBSERVER {"kind":"DDTIL","call_id":6,"pair":0,"column_slot":5,"source_slot":5,"destination_slot":5,"entry":5,"value":1000.0007031967892}
MORTAR_OBSERVER {"kind":"PRE_RAW","call_id":6,"pair":0,"slot":6,"node":19,"activity":1,"lambda_raw":[-0.0001245963998862153,-0.00012459639988232263,-0.0085238198663239919],"lambda_start":[-8.3041159713869998e-05,-8.3041159704783069e-05,-0.0056826005661128436],"ddtil_count":1}
MORTAR_OBSERVER {"kind":"DDTIL","call_id":6,"pair":0,"column_slot":6,"source_slot":6,"destination_slot":6,"entry":6,"value":2000.0012991779606}
MORTAR_OBSERVER {"kind":"PRE_RAW","call_id":6,"pair":0,"slot":7,"node":23,"activity":1,"lambda_raw":[-0.00024853541531637627,0.0002372911531220816,-0.0087358574047300182],"lambda_start":[-0.00016566360550267665,0.00015814979519880774,-0.0058240575042272265],"ddtil_count":1}
MORTAR_OBSERVER {"kind":"DDTIL","call_id":6,"pair":0,"column_slot":7,"source_slot":7,"destination_slot":7,"entry":7,"value":1000.0007031967901}
MORTAR_OBSERVER {"kind":"PRE_RAW","call_id":6,"pair":0,"slot":8,"node":24,"activity":1,"lambda_raw":[-7.2764889441171183e-05,-0.00055211674340339945,-0.0084786789016538973],"lambda_start":[-4.8514399980636757e-05,-0.00036800480086035737,-0.0056529312620121402],"ddtil_count":1}
MORTAR_OBSERVER {"kind":"DDTIL","call_id":6,"pair":0,"column_slot":8,"source_slot":8,"destination_slot":8,"entry":8,"value":1000.0006159759225}
MORTAR_OBSERVER {"kind":"LAW","call_id":6,"pair":0,"slot":0,"node":1,"activity":1,"ndof":3,"normal":[5.6572878765412496e-08,5.6572878766499391e-08,-0.99999999999999678],"tangents":[0.99999999999999845,-3.2004906118675544e-15,5.6572878765412403e-08,3.944304526105059e-31,0.99999999999999845,5.6572878766499484e-08],"ln":13.182479567895168,"lt":[0.50782557002196016,0.50782557003596152],"lt_start":[0.33857142890118197,0.33857142892597597],"q":0.0013182479567895168,"ut":[0.0016921418755102397,0.0016921418754022529],"gn":0.0013182479567895168,"gt":[0.0016925414112077819,0.0016925414110998554],"b":3.9547438703685502,"constant_n":10000000000,"constant_t":100,"mu":0.29999999999999999,"normal_mode":1,"tangent_mode":1,"normal_inverse_stiffness":0.0001,"tangent_inverse_stiffness":0.01,"p0":0,"beta":0,"iwan":1,"rn":0,"rt":[-3.9953569754220056e-07,-3.995356976024822e-07]}
MORTAR_OBSERVER {"kind":"LAW","call_id":6,"pair":0,"slot":1,"node":2,"activity":1,"ndof":3,"normal":[4.941545163639616e-08,-2.9406304121697316e-08,-0.99999999999999833],"tangents":[0.99999999999999878,1.4531257991308926e-15,4.941545163639614e-08,-0,0.99999999999999956,-2.9406304121697353e-08],"ln":6.3865768981574664,"lt":[-0.033070344263216866,0.13050806610714522],"lt_start":[-0.022104004592443671,0.0870214653001469],"q":0.00063865768981574678,"ut":[-0.0001096099764408388,0.00043465841901708604],"gn":0.00063865768981574667,"gt":[-0.00010966339670773196,0.00043486600806998317],"b":1.9159730697725004,"constant_n":10000000000,"constant_t":100,"mu":0.29999999999999999,"normal_mode":1,"tangent_mode":1,"normal_inverse_stiffness":0.0001,"tangent_inverse_stiffness":0.01,"p0":0,"beta":0,"iwan":1,"rn":-3.2526048521219764e-10,"rt":[5.3420266893152856e-08,-2.0758905289712396e-07]}
MORTAR_OBSERVER {"kind":"LAW","call_id":6,"pair":0,"slot":2,"node":3,"activity":1,"ndof":3,"normal":[-3.4612256567410677e-08,-3.4612256566351423e-08,-0.99999999999999878],"tangents":[0.99999999999999944,-1.1980083046516012e-15,-3.4612256567410657e-08,1.9721522630525295e-31,0.99999999999999944,-3.4612256566351442e-08],"ln":12.567620524541866,"lt":[0.10121857649317305,0.10121857649048797],"lt_start":[0.067428665348999425,0.067428665351874251],"q":0.0012567620524541866,"ut":[0.00033786137822745176,0.00033786137817184948],"gn":0.0012567620524541866,"gt":[0.00033789911144173622,0.00033789911138613725],"b":3.7702861573625595,"constant_n":10000000000,"constant_t":100,"mu":0.29999999999999999,"normal_mode":1,"tangent_mode":1,"normal_inverse_stiffness":0.0001,"tangent_inverse_stiffness":0.01,"p0":0,"beta":0,"iwan":1,"rn":0,"rt":[-3.7733214284466771e-08,-3.7733214287773587e-08]}
MORTAR_OBSERVER {"kind":"LAW","call_id":6,"pair":0,"slot":3,"node":4,"activity":1,"ndof":3,"normal":[-2.9406304122772866e-08,4.9415451637444059e-08,-0.99999999999999833],"tangents":[0.99999999999999956,1.453125799214855e-15,-2.940630412277283e-08,-0,0.99999999999999878,4.9415451637444079e-08],"ln":6.3865768981574202,"lt":[0.13050806613338584,-0.033070344265202209],"lt_start":[0.087021465322620242,-0.022104004586373086],"q":0.00063865768981574223,"ut":[0.00043465841901796457,-0.00010960997651198479],"gn":0.00063865768981574201,"gt":[0.00043486600810765594,-0.00010966339678829124],"b":1.9159730700977473,"constant_n":10000000000,"constant_t":100,"mu":0.29999999999999999,"normal_mode":1,"tangent_mode":1,"normal_inverse_stiffness":0.0001,"tangent_inverse_stiffness":0.01,"p0":0,"beta":0,"iwan":1,"rn":-6.5052141451360512e-10,"rt":[-2.0758908969136783e-07,5.3420276306453615e-08]}
MORTAR_OBSERVER {"kind":"LAW","call_id":6,"pair":0,"slot":4,"node":17,"activity":1,"ndof":3,"normal":[5.4435081156978604e-08,1.2142368533043196e-08,-0.99999999999999845],"tangents":[0.99999999999999856,-6.6097081653415058e-16,5.4435081156978604e-08,-0,1,1.2142368533043214e-08],"ln":8.478684093381192,"lt":[-0.55211754500194166,-0.072765037206537167],"lt_start":[-0.3680053352053782,-0.048514498492946395],"q":0.00084786840933811938,"ut":[-0.0018416534654543454,-0.00024257553374965748],"gn":0.00084786840933811928,"gt":[-0.0018411220979656345,-0.00024250538713590773],"b":2.5436052283396182,"constant_n":10000000000,"constant_t":100,"mu":0.29999999999999999,"normal_mode":1,"tangent_mode":1,"normal_inverse_stiffness":0.0001,"tangent_inverse_stiffness":0.01,"p0":0,"beta":0,"iwan":1,"rn":-3.2526070725680256e-10,"rt":[-5.3136748871091509e-07,-7.0146613749750338e-08]}
MORTAR_OBSERVER {"kind":"LAW","call_id":6,"pair":0,"slot":5,"node":18,"activity":1,"ndof":3,"normal":[7.866785652396447e-09,-3.2474466055186876e-08,-0.99999999999999944],"tangents":[1,2.5546966363217963e-16,7.8667856523964437e-09,-0,0.99999999999999956,-3.2474466055186876e-08],"ln":8.7358635576945431,"lt":[0.23729125124615688,-0.24853530637825902],"lt_start":[0.15814986058494818,-0.16566353286083171],"q":0.00087358635576945424,"ut":[0.00079137135219421273,-0.00082867313492405168],"gn":0.00087358635576945435,"gt":[0.00079141390661208709,-0.0008287177351742731],"b":2.6207590669831018,"constant_n":10000000000,"constant_t":100,"mu":0.29999999999999999,"normal_mode":1,"tangent_mode":1,"normal_inverse_stiffness":0.0001,"tangent_inverse_stiffness":0.01,"p0":0,"beta":0,"iwan":1,"rn":3.2526115134601241e-10,"rt":[-4.255441787435945e-08,4.4600250221423117e-08]}
MORTAR_OBSERVER {"kind":"LAW","call_id":6,"pair":0,"slot":6,"node":19,"activity":1,"ndof":3,"normal":[1.0980306437028399e-08,1.0980306438101487e-08,-0.99999999999999989],"tangents":[1,-1.2056712946283015e-16,1.0980306437028399e-08,-0,1,1.0980306438101489e-08],"ln":17.047650801134463,"lt":[-0.24919314883375718,-0.24919314882597185],"lt_start":[-0.16608255210645673,-0.16608255208828288],"q":0.0017047650801134463,"ut":[-0.00083143003759448609,-0.0008314300376983004],"gn":0.0017047650801134463,"gt":[-0.00083110596727300448,-0.00083110596737688981],"b":5.114295240340339,"constant_n":10000000000,"constant_t":100,"mu":0.29999999999999999,"normal_mode":1,"tangent_mode":1,"normal_inverse_stiffness":0.0001,"tangent_inverse_stiffness":0.01,"p0":0,"beta":0,"iwan":1,"rn":0,"rt":[-3.2407032148160791e-07,-3.2407032141059267e-07]}
MORTAR_OBSERVER {"kind":"LAW","call_id":6,"pair":0,"slot":7,"node":23,"activity":1,"ndof":3,"normal":[-3.247446605625429e-08,7.8667856534500237e-09,-0.99999999999999944],"tangents":[0.99999999999999956,2.5546966367479118e-16,-3.247446605625429e-08,-0,1,7.8667856534500286e-09],"ln":8.7358635576946799,"lt":[-0.24853530639317811,0.23729125126129277],"lt_start":[-0.16566353286350144,0.15814986059259187],"q":0.00087358635576946801,"ut":[-0.0008286731348411667,0.00079137135207317402],"gn":0.00087358635576946801,"gt":[-0.0008287177352967667,0.00079141390668700904],"b":2.6207590673084038,"constant_n":10000000000,"constant_t":100,"mu":0.29999999999999999,"normal_mode":1,"tangent_mode":1,"normal_inverse_stiffness":0.0001,"tangent_inverse_stiffness":0.01,"p0":0,"beta":0,"iwan":1,"rn":0,"rt":[4.4600455599997507e-08,-4.2554613835011669e-08]}
MORTAR_OBSERVER {"kind":"LAW","call_id":6,"pair":0,"slot":8,"node":24,"activity":1,"ndof":3,"normal":[1.2142368531961965e-08,5.4435081158046012e-08,-0.99999999999999845],"tangents":[1,-6.6097081648825366e-16,1.2142368531961948e-08,-0,0.99999999999999856,5.4435081158046018e-08],"ln":8.4786840933778667,"lt":[-0.072765037213898029,-0.55211754503187738],"lt_start":[-0.048514498504355748,-0.36800533526041507],"q":0.00084786840933778664,"ut":[-0.00024257553377128488,-0.0018416534656737445],"gn":0.00084786840933778675,"gt":[-0.00024250538709542281,-0.0018411220977146232],"b":2.5436052276880989,"constant_n":10000000000,"constant_t":100,"mu":0.29999999999999999,"normal_mode":1,"tangent_mode":1,"normal_inverse_stiffness":0.0001,"tangent_inverse_stiffness":0.01,"p0":0,"beta":0,"iwan":1,"rn":3.2526115134601241e-10,"rt":[-7.0146675862066497e-08,-5.3136795912130108e-07]}
MORTAR_OBSERVER {"kind":"POST_RAW_AFTER_ACTIVE_LOOP","call_id":6,"pair":0,"slot":0,"node":1,"activity":1,"lambda_raw":[0.00038086951990137547,0.0003808695199118752,-0.0098868540012774057],"gap":-0.0013182479567895168}
MORTAR_OBSERVER {"kind":"POST_RAW_AFTER_ACTIVE_LOOP","call_id":6,"pair":0,"slot":1,"node":2,"activity":1,"lambda_raw":[-4.9605008430811574e-05,0.00019576168102237494,-0.0095798586790647438],"gap":-0.00063865768981574678}
MORTAR_OBSERVER {"kind":"POST_RAW_AFTER_ACTIVE_LOOP","call_id":6,"pair":0,"slot":2,"node":3,"activity":1,"lambda_raw":[7.5913547158799676e-05,7.5913547156785784e-05,-0.0094257080772486082],"gap":-0.0012567620524541866}
MORTAR_OBSERVER {"kind":"POST_RAW_AFTER_ACTIVE_LOOP","call_id":6,"pair":0,"slot":3,"node":4,"activity":1,"lambda_raw":[0.00019576168106173587,-4.9605008433789274e-05,-0.0095798586790646709],"gap":-0.00063865768981574223}
MORTAR_OBSERVER {"kind":"POST_RAW_AFTER_ACTIVE_LOOP","call_id":6,"pair":0,"slot":4,"node":17,"activity":1,"lambda_raw":[-0.0005521167433734643,-7.2764889433810047e-05,-0.0084786789016572332],"gap":-0.00084786840933811938}
MORTAR_OBSERVER {"kind":"POST_RAW_AFTER_ACTIVE_LOOP","call_id":6,"pair":0,"slot":5,"node":18,"activity":1,"lambda_raw":[0.00023729115310694597,-0.00024853541530145732,-0.0087358574047298899],"gap":-0.00087358635576945424}
MORTAR_OBSERVER {"kind":"POST_RAW_AFTER_ACTIVE_LOOP","call_id":6,"pair":0,"slot":6,"node":19,"activity":1,"lambda_raw":[-0.0001245963998862153,-0.00012459639988232263,-0.0085238198663239919],"gap":-0.0017047650801134463}
MORTAR_OBSERVER {"kind":"POST_RAW_AFTER_ACTIVE_LOOP","call_id":6,"pair":0,"slot":7,"node":23,"activity":1,"lambda_raw":[-0.00024853541531637627,0.0002372911531220816,-0.0087358574047300182],"gap":-0.00087358635576946801}
MORTAR_OBSERVER {"kind":"POST_RAW_AFTER_ACTIVE_LOOP","call_id":6,"pair":0,"slot":8,"node":24,"activity":1,"lambda_raw":[-7.2764889441171183e-05,-0.00055211674340339945,-0.0084786789016538973],"gap":-0.00084786840933778664}
MORTAR_OBSERVER {"kind":"CFS_INVENTORY","call_id":6,"all_node_count":35,"physical_count":13}
MORTAR_OBSERVER {"kind":"CFS_NODE","call_id":6,"node":1,"force":[0.79918464948607437,0.7991846495050039,-1.847472877181501]}
MORTAR_OBSERVER {"kind":"CFS_NODE","call_id":6,"node":2,"force":[0.071871895103546635,0.2376080557367152,-0.64839420376140855]}
MORTAR_OBSERVER {"kind":"CFS_NODE","call_id":6,"node":3,"force":[0.18803055424270579,0.1880305542274065,-1.0611609450757875]}
MORTAR_OBSERVER {"kind":"CFS_NODE","call_id":6,"node":4,"force":[0.23760805577038283,0.071871895106494527,-0.64839420376243018]}
MORTAR_OBSERVER {"kind":"CFS_NODE","call_id":6,"node":13,"force":[-0.11453191414765483,-0.11453191414919417,22.928865614582989]}
MORTAR_OBSERVER {"kind":"CFS_NODE","call_id":6,"node":14,"force":[0.22918003232741166,0.095562988850596248,22.22016797389724]}
MORTAR_OBSERVER {"kind":"CFS_NODE","call_id":6,"node":15,"force":[-0.031374164485609021,-0.031374164495172691,22.630798437623959]}
MORTAR_OBSERVER {"kind":"CFS_NODE","call_id":6,"node":16,"force":[0.095562988841839891,0.22918003233140505,22.220167973895865]}
MORTAR_OBSERVER {"kind":"CFS_NODE","call_id":6,"node":17,"force":[-0.92019514824812376,-0.12127489163014099,-14.131140347579075]}
MORTAR_OBSERVER {"kind":"CFS_NODE","call_id":6,"node":18,"force":[0.39548553721100083,-0.41422598756623757,-14.559772724232971]}
MORTAR_OBSERVER {"kind":"CFS_NODE","call_id":6,"node":19,"force":[-0.41532160686806119,-0.41532160685508596,-28.412751626600159]}
MORTAR_OBSERVER {"kind":"CFS_NODE","call_id":6,"node":23,"force":[-0.41422598759110302,0.39548553723622731,-14.559772724233181]}
MORTAR_OBSERVER {"kind":"CFS_NODE","call_id":6,"node":24,"force":[-0.12127489164240979,-0.92019514829801718,-14.13114034757352]}
MORTAR_OBSERVER {"kind":"CFS_END","call_id":6,"scanned_nodes":35,"physical_count":13,"outside_nonzero_count":0}
MORTAR_OBSERVER {"kind":"SUMMARY_PRE_OVERRIDE","call_id":6,"ndiverg":14,"flag":0,"keepset":0,"max_n":6.5052141451360512e-10,"max_t":[5.3136748871091509e-07,5.3136795912130108e-07],"lm_t_av":[2.1325248456006678,2.1325248456027346],"nstick":9,"nslip":0,"ninactive":0,"nnogap":0,"nolm":0}
MORTAR_OBSERVER {"kind":"SUMMARY_POST_OVERRIDE","call_id":6,"flag":0}
MORTAR_OBSERVER {"kind":"RETURN","call_id":6}
 Using up to 2 cpu(s) for the stress calculation.

 average force= 3.502465
 time avg. forc= 2.334968
 largest residual force= 0.000000 in node 17 and dof 1
 largest increment of disp= 9.310195e-05
 largest correction to disp= 3.500296e-07 in node 24 and dof 2

MORTAR_OBSERVER {"kind":"PRE_CHECK","call_id":6,"step":1,"inc":3,"cutback":0,"iteration":2,"time":0.75,"dtime":0.25,"ttime":0,"tper":1,"theta":0.5,"dtheta":0.25,"icntrl":0,"nmethod":1,"iexpl":0,"ithermal":0,"uncoupled":0,"mortar":2,"iflagdualquad":2}
 convergence; the increment size is increased to 3.750000e-01

 the increment size exceeds the maximum allowed and is decreased to 2.500000e-01

MORTAR_OBSERVER {"kind":"POST_CHECK","call_id":6,"step":1,"inc":3,"cutback":0,"iteration":2,"time":0.75,"dtime":0.25,"ttime":0,"tper":1,"theta":0.75,"dtheta":0.25,"icntrl":1,"nmethod":1,"iexpl":0,"ithermal":0,"uncoupled":0,"mortar":2,"iflagdualquad":2}
 Using up to 2 cpu(s) for the stress calculation.

 increment 4 attempt 1 
 increment size= 2.500000e-01
 sum of previous increments=7.500000e-01
 actual step time=1.000000e+00
 actual total time=1.000000e+00

 iteration 1

 Determining the structure of the matrix:

 Using up to 2 cpu(s) for setting up the structure of the matrix.
 number of equations
 75
 number of nonzero lower triangular matrix elements
 1143

 Using up to 2 cpu(s) for the stress calculation.

 Using up to 2 cpu(s) for the symmetric stiffness/mass contributions.

 Using up to 2 cpu(s) for the stress calculation.

 Using up to 2 cpu(s) for the symmetric stiffness/mass contributions.

 Factoring the system of equations using the unsymmetric spooles solver
 Using 1 cpu for spooles.

MORTAR_OBSERVER {"kind":"BEGIN","call_id":7,"step":1,"inc":4,"cutback":0,"iteration":1,"time":1,"dtime":0.25,"ttime":0,"tper":1,"theta":0.75,"dtheta":0.25,"icntrl":0,"nmethod":1,"iexpl":0,"ithermal":0,"uncoupled":0,"mortar":2,"iflagdualquad":2}
MORTAR_OBSERVER {"kind":"KIN_INVENTORY","call_id":7,"all_node_count":35,"physical_count":13,"dd_count":63,"bd_count":36,"slave_count":9}
MORTAR_OBSERVER {"kind":"KIN_NODE","call_id":7,"node":1,"dd_count":9,"bd_count":0,"b2":[-1.3599442009326323e-07,-1.3599442000972027e-07,5.1490290344867005e-07],"vold":[-1.8648811918775991e-05,-1.864881191875326e-05,-0.00011382208021273123],"vini":[-1.3986525083491022e-05,-1.398652508340928e-05,-8.5407348020361367e-05]}
MORTAR_OBSERVER {"kind":"KIN_DD","call_id":7,"node":1,"entry":0,"row_node":1,"slave_slot":0,"value":1333.3343393497621}
MORTAR_OBSERVER {"kind":"KIN_DD","call_id":7,"node":1,"entry":1,"row_node":2,"slave_slot":1,"value":-1.533588122670845e-13}
MORTAR_OBSERVER {"kind":"KIN_DD","call_id":7,"node":1,"entry":2,"row_node":3,"slave_slot":2,"value":5.3734798285121035e-14}
MORTAR_OBSERVER {"kind":"KIN_DD","call_id":7,"node":1,"entry":3,"row_node":4,"slave_slot":3,"value":-2.990200696347755e-13}
MORTAR_OBSERVER {"kind":"KIN_DD","call_id":7,"node":1,"entry":4,"row_node":17,"slave_slot":4,"value":-333.33361649826765}
MORTAR_OBSERVER {"kind":"KIN_DD","call_id":7,"node":1,"entry":5,"row_node":18,"slave_slot":5,"value":-1.8858988571708445e-13}
MORTAR_OBSERVER {"kind":"KIN_DD","call_id":7,"node":1,"entry":6,"row_node":19,"slave_slot":6,"value":-666.66726289563746}
MORTAR_OBSERVER {"kind":"KIN_DD","call_id":7,"node":1,"entry":7,"row_node":23,"slave_slot":7,"value":-3.4820295249874396e-13}
MORTAR_OBSERVER {"kind":"KIN_DD","call_id":7,"node":1,"entry":8,"row_node":24,"slave_slot":8,"value":-333.33361649826691}
MORTAR_OBSERVER {"kind":"KIN_NODE","call_id":7,"node":2,"dd_count":6,"bd_count":0,"b2":[9.2721478271032531e-08,-5.1902903594050924e-08,4.9178813330063406e-07],"vold":[1.9405831840521318e-05,-2.127422255881344e-05,-0.00010657054704067478],"vini":[1.4553933952093606e-05,-1.5955670643625058e-05,-7.9968020976746332e-05]}
MORTAR_OBSERVER {"kind":"KIN_DD","call_id":7,"node":2,"entry":9,"row_node":1,"slave_slot":0,"value":-1.2908192930037119e-13}
MORTAR_OBSERVER {"kind":"KIN_DD","call_id":7,"node":2,"entry":10,"row_node":2,"slave_slot":1,"value":666.66728288498598}
MORTAR_OBSERVER {"kind":"KIN_DD","call_id":7,"node":2,"entry":11,"row_node":3,"slave_slot":2,"value":-1.0517512861980996e-13}
MORTAR_OBSERVER {"kind":"KIN_DD","call_id":7,"node":2,"entry":12,"row_node":17,"slave_slot":4,"value":-333.33361649826708}
MORTAR_OBSERVER {"kind":"KIN_DD","call_id":7,"node":2,"entry":13,"row_node":18,"slave_slot":5,"value":-333.33365528152586}
MORTAR_OBSERVER {"kind":"KIN_DD","call_id":7,"node":2,"entry":14,"row_node":19,"slave_slot":6,"value":-5.7742700681766429e-13}
MORTAR_OBSERVER {"kind":"KIN_NODE","call_id":7,"node":3,"dd_count":9,"bd_count":0,"b2":[1.0770003351340076e-08,1.0770003399830412e-08,4.3990406095783314e-07],"vold":[2.3263738183712904e-05,2.3263738183701767e-05,-0.00011090905859200155],"vini":[1.7447508624456006e-05,1.7447508624479889e-05,-8.3220960392833165e-05]}
MORTAR_OBSERVER {"kind":"KIN_DD","call_id":7,"node":3,"entry":15,"row_node":1,"slave_slot":0,"value":1.3058536123920459e-13}
MORTAR_OBSERVER {"kind":"KIN_DD","call_id":7,"node":3,"entry":16,"row_node":2,"slave_slot":1,"value":-9.8319505600710851e-14}
MORTAR_OBSERVER {"kind":"KIN_DD","call_id":7,"node":3,"entry":17,"row_node":3,"slave_slot":2,"value":1333.3347077907188}
MORTAR_OBSERVER {"kind":"KIN_DD","call_id":7,"node":3,"entry":18,"row_node":4,"slave_slot":3,"value":3.6563345286590779e-13}
MORTAR_OBSERVER {"kind":"KIN_DD","call_id":7,"node":3,"entry":19,"row_node":17,"slave_slot":4,"value":1.0713652258218839e-13}
MORTAR_OBSERVER {"kind":"KIN_DD","call_id":7,"node":3,"entry":20,"row_node":18,"slave_slot":5,"value":-333.33365528152672}
MORTAR_OBSERVER {"kind":"KIN_DD","call_id":7,"node":3,"entry":21,"row_node":19,"slave_slot":6,"value":-666.66726289563792}
MORTAR_OBSERVER {"kind":"KIN_DD","call_id":7,"node":3,"entry":22,"row_node":23,"slave_slot":7,"value":-333.33365528152746}
MORTAR_OBSERVER {"kind":"KIN_DD","call_id":7,"node":3,"entry":23,"row_node":24,"slave_slot":8,"value":-1.5977960092880637e-13}
MORTAR_OBSERVER {"kind":"KIN_NODE","call_id":7,"node":4,"dd_count":6,"bd_count":0,"b2":[-5.1902903614946929e-08,9.2721478361829804e-08,4.9178813332544175e-07],"vold":[-2.1274222559077396e-05,1.9405831840544473e-05,-0.00010657054704065597],"vini":[-1.5955670643904118e-05,1.4553933952181027e-05,-7.9968020976710241e-05]}
MORTAR_OBSERVER {"kind":"KIN_DD","call_id":7,"node":4,"entry":24,"row_node":1,"slave_slot":0,"value":-1.1055508661358033e-13}
MORTAR_OBSERVER {"kind":"KIN_DD","call_id":7,"node":4,"entry":25,"row_node":3,"slave_slot":2,"value":4.396298214166124e-13}
MORTAR_OBSERVER {"kind":"KIN_DD","call_id":7,"node":4,"entry":26,"row_node":4,"slave_slot":3,"value":666.6672828849878}
MORTAR_OBSERVER {"kind":"KIN_DD","call_id":7,"node":4,"entry":27,"row_node":19,"slave_slot":6,"value":-4.1318800350776376e-14}
MORTAR_OBSERVER {"kind":"KIN_DD","call_id":7,"node":4,"entry":28,"row_node":23,"slave_slot":7,"value":-333.33365528152768}
MORTAR_OBSERVER {"kind":"KIN_DD","call_id":7,"node":4,"entry":29,"row_node":24,"slave_slot":8,"value":-333.33361649826787}
MORTAR_OBSERVER {"kind":"KIN_NODE","call_id":7,"node":13,"dd_count":0,"bd_count":9,"b2":[5.7454610507508521e-08,5.7454610475856415e-08,2.2433960465986545e-08],"vold":[-2.8064400453843514e-05,-2.8064400453835566e-05,-0.00011356421105730352],"vini":[-2.1048007288478298e-05,-2.1048007288493867e-05,-8.5172580011239819e-05]}
MORTAR_OBSERVER {"kind":"KIN_BD","call_id":7,"node":13,"entry":0,"row_node":1,"slave_slot":0,"value":-1120.3709633141889}
MORTAR_OBSERVER {"kind":"KIN_BD","call_id":7,"node":13,"entry":1,"row_node":2,"slave_slot":1,"value":-50.925940024233242}
MORTAR_OBSERVER {"kind":"KIN_BD","call_id":7,"node":13,"entry":2,"row_node":3,"slave_slot":2,"value":-9.2593077424119858}
MORTAR_OBSERVER {"kind":"KIN_BD","call_id":7,"node":13,"entry":3,"row_node":4,"slave_slot":3,"value":-50.925940024232936}
MORTAR_OBSERVER {"kind":"KIN_BD","call_id":7,"node":13,"entry":4,"row_node":17,"slave_slot":4,"value":-458.33370495367137}
MORTAR_OBSERVER {"kind":"KIN_BD","call_id":7,"node":13,"entry":5,"row_node":18,"slave_slot":5,"value":-41.666762485799886}
MORTAR_OBSERVER {"kind":"KIN_BD","call_id":7,"node":13,"entry":6,"row_node":19,"slave_slot":6,"value":-268.51875466620908}
MORTAR_OBSERVER {"kind":"KIN_BD","call_id":7,"node":13,"entry":7,"row_node":23,"slave_slot":7,"value":-41.666762485800128}
MORTAR_OBSERVER {"kind":"KIN_BD","call_id":7,"node":13,"entry":8,"row_node":24,"slave_slot":8,"value":-458.33370495367262}
MORTAR_OBSERVER {"kind":"KIN_NODE","call_id":7,"node":14,"dd_count":0,"bd_count":9,"b2":[-4.089467177464233e-08,-1.5243043541281486e-08,1.8040117381809752e-08],"vold":[2.4202771521184989e-05,-2.8534072917913076e-05,-0.00010354247791584776],"vini":[1.8152199232040884e-05,-2.1400427392175048e-05,-7.7657101505069085e-05]}
MORTAR_OBSERVER {"kind":"KIN_BD","call_id":7,"node":14,"entry":9,"row_node":1,"slave_slot":0,"value":-101.85205834090797}
MORTAR_OBSERVER {"kind":"KIN_BD","call_id":7,"node":14,"entry":10,"row_node":2,"slave_slot":1,"value":-560.18582606413736}
MORTAR_OBSERVER {"kind":"KIN_BD","call_id":7,"node":14,"entry":11,"row_node":3,"slave_slot":2,"value":-101.85204738284179}
MORTAR_OBSERVER {"kind":"KIN_BD","call_id":7,"node":14,"entry":12,"row_node":4,"slave_slot":3,"value":-4.6295740818457229}
MORTAR_OBSERVER {"kind":"KIN_BD","call_id":7,"node":14,"entry":13,"row_node":17,"slave_slot":4,"value":-458.33351046600944}
MORTAR_OBSERVER {"kind":"KIN_BD","call_id":7,"node":14,"entry":14,"row_node":18,"slave_slot":5,"value":-458.33376293529727}
MORTAR_OBSERVER {"kind":"KIN_BD","call_id":7,"node":14,"entry":15,"row_node":19,"slave_slot":6,"value":-731.48206881509077}
MORTAR_OBSERVER {"kind":"KIN_BD","call_id":7,"node":14,"entry":16,"row_node":23,"slave_slot":7,"value":-41.66679161975479}
MORTAR_OBSERVER {"kind":"KIN_BD","call_id":7,"node":14,"entry":17,"row_node":24,"slave_slot":8,"value":-41.66681175473834}
MORTAR_OBSERVER {"kind":"KIN_NODE","call_id":7,"node":15,"dd_count":0,"bd_count":9,"b2":[5.7716918183475324e-08,5.7716918176597046e-08,-4.0458259559683125e-08],"vold":[2.7106710214279369e-05,2.7106710214349626e-05,-0.0001101699958664917],"vini":[2.0330028744256385e-05,2.0330028744321495e-05,-8.2627312631547542e-05]}
MORTAR_OBSERVER {"kind":"KIN_BD","call_id":7,"node":15,"entry":18,"row_node":1,"slave_slot":0,"value":-9.2592593537572299}
MORTAR_OBSERVER {"kind":"KIN_BD","call_id":7,"node":15,"entry":19,"row_node":2,"slave_slot":1,"value":-50.925942714771729}
MORTAR_OBSERVER {"kind":"KIN_BD","call_id":7,"node":15,"entry":20,"row_node":3,"slave_slot":2,"value":-1120.3713052826226}
MORTAR_OBSERVER {"kind":"KIN_BD","call_id":7,"node":15,"entry":21,"row_node":4,"slave_slot":3,"value":-50.925942714771388}
MORTAR_OBSERVER {"kind":"KIN_BD","call_id":7,"node":15,"entry":22,"row_node":17,"slave_slot":4,"value":-41.666797485095472}
MORTAR_OBSERVER {"kind":"KIN_BD","call_id":7,"node":15,"entry":23,"row_node":18,"slave_slot":5,"value":-458.33362396843501}
MORTAR_OBSERVER {"kind":"KIN_BD","call_id":7,"node":15,"entry":24,"row_node":19,"slave_slot":6,"value":-268.51884671994162}
MORTAR_OBSERVER {"kind":"KIN_BD","call_id":7,"node":15,"entry":25,"row_node":23,"slave_slot":7,"value":-458.33362396843506}
MORTAR_OBSERVER {"kind":"KIN_BD","call_id":7,"node":15,"entry":26,"row_node":24,"slave_slot":8,"value":-41.666797485095579}
MORTAR_OBSERVER {"kind":"KIN_NODE","call_id":7,"node":16,"dd_count":0,"bd_count":9,"b2":[-1.5243043561943637e-08,-4.089467183845394e-08,1.804011741148964e-08],"vold":[-2.853407291783456e-05,2.4202771521153655e-05,-0.00010354247791582518],"vini":[-2.1400427392115946e-05,1.8152199231961473e-05,-7.7657101505025907e-05]}
MORTAR_OBSERVER {"kind":"KIN_BD","call_id":7,"node":16,"entry":27,"row_node":1,"slave_slot":0,"value":-101.85205834090834}
MORTAR_OBSERVER {"kind":"KIN_BD","call_id":7,"node":16,"entry":28,"row_node":2,"slave_slot":1,"value":-4.6295740818457842}
MORTAR_OBSERVER {"kind":"KIN_BD","call_id":7,"node":16,"entry":29,"row_node":3,"slave_slot":2,"value":-101.85204738284162}
MORTAR_OBSERVER {"kind":"KIN_BD","call_id":7,"node":16,"entry":30,"row_node":4,"slave_slot":3,"value":-560.18582606413781}
MORTAR_OBSERVER {"kind":"KIN_BD","call_id":7,"node":16,"entry":31,"row_node":17,"slave_slot":4,"value":-41.666811754738148}
MORTAR_OBSERVER {"kind":"KIN_BD","call_id":7,"node":16,"entry":32,"row_node":18,"slave_slot":5,"value":-41.666791619754896}
MORTAR_OBSERVER {"kind":"KIN_BD","call_id":7,"node":16,"entry":33,"row_node":19,"slave_slot":6,"value":-731.48206881509032}
MORTAR_OBSERVER {"kind":"KIN_BD","call_id":7,"node":16,"entry":34,"row_node":23,"slave_slot":7,"value":-458.33376293529824}
MORTAR_OBSERVER {"kind":"KIN_BD","call_id":7,"node":16,"entry":35,"row_node":24,"slave_slot":8,"value":-458.33351046600842}
MORTAR_OBSERVER {"kind":"KIN_NODE","call_id":7,"node":17,"dd_count":6,"bd_count":0,"b2":[1.2811602543606518e-07,3.1011282573042607e-09,4.6677556909238379e-07],"vold":[-5.3661636691544207e-06,-2.2848873415231722e-05,-0.00011005836610662978],"vini":[-4.0245688805018452e-06,-1.7136582828724302e-05,-8.2581031407776229e-05]}
MORTAR_OBSERVER {"kind":"KIN_DD","call_id":7,"node":17,"entry":30,"row_node":1,"slave_slot":0,"value":1.4210854856374163e-13}
MORTAR_OBSERVER {"kind":"KIN_DD","call_id":7,"node":17,"entry":31,"row_node":2,"slave_slot":1,"value":1.2020014732683147e-12}
MORTAR_OBSERVER {"kind":"KIN_DD","call_id":7,"node":17,"entry":32,"row_node":3,"slave_slot":2,"value":-2.2204460713084632e-14}
MORTAR_OBSERVER {"kind":"KIN_DD","call_id":7,"node":17,"entry":33,"row_node":17,"slave_slot":4,"value":1666.6680576560491}
MORTAR_OBSERVER {"kind":"KIN_DD","call_id":7,"node":17,"entry":34,"row_node":18,"slave_slot":5,"value":-6.1006755809200021e-13}
MORTAR_OBSERVER {"kind":"KIN_DD","call_id":7,"node":17,"entry":35,"row_node":19,"slave_slot":6,"value":9.7385063944136998e-13}
MORTAR_OBSERVER {"kind":"KIN_NODE","call_id":7,"node":18,"dd_count":6,"bd_count":0,"b2":[-2.7014316840623175e-08,7.3508577398030894e-08,4.4332322976560596e-07],"vold":[2.3127443653168779e-05,-2.079391544408182e-06,-0.00010865547322095706],"vini":[1.734525305584788e-05,-1.5594124134970041e-06,-8.1529298801987627e-05]}
MORTAR_OBSERVER {"kind":"KIN_DD","call_id":7,"node":18,"entry":36,"row_node":1,"slave_slot":0,"value":-3.4935018188586483e-13}
MORTAR_OBSERVER {"kind":"KIN_DD","call_id":7,"node":18,"entry":37,"row_node":2,"slave_slot":1,"value":1.1575925518421453e-12}
MORTAR_OBSERVER {"kind":"KIN_DD","call_id":7,"node":18,"entry":38,"row_node":3,"slave_slot":2,"value":1.7393494225249628e-13}
MORTAR_OBSERVER {"kind":"KIN_DD","call_id":7,"node":18,"entry":39,"row_node":17,"slave_slot":4,"value":-4.0264088759726793e-13}
MORTAR_OBSERVER {"kind":"KIN_DD","call_id":7,"node":18,"entry":40,"row_node":18,"slave_slot":5,"value":1666.6682515723394}
MORTAR_OBSERVER {"kind":"KIN_DD","call_id":7,"node":18,"entry":41,"row_node":19,"slave_slot":6,"value":1.3837079767703905e-12}
MORTAR_OBSERVER {"kind":"KIN_NODE","call_id":7,"node":19,"dd_count":9,"bd_count":0,"b2":[1.6359671558039917e-08,1.6359671615309962e-08,4.53442863694741e-07],"vold":[-1.1023320184884855e-06,-1.1023320185117416e-06,-0.00010935052886381949],"vini":[-8.267074141320668e-07,-8.267074141139711e-07,-8.2050238961327439e-05]}
MORTAR_OBSERVER {"kind":"KIN_DD","call_id":7,"node":19,"entry":42,"row_node":1,"slave_slot":0,"value":-2.2500520189259093e-13}
MORTAR_OBSERVER {"kind":"KIN_DD","call_id":7,"node":19,"entry":43,"row_node":2,"slave_slot":1,"value":-1.6875390141944319e-13}
MORTAR_OBSERVER {"kind":"KIN_DD","call_id":7,"node":19,"entry":44,"row_node":3,"slave_slot":2,"value":-2.8791784057966401e-13}
MORTAR_OBSERVER {"kind":"KIN_DD","call_id":7,"node":19,"entry":45,"row_node":4,"slave_slot":3,"value":-1.7615538832380473e-13}
MORTAR_OBSERVER {"kind":"KIN_DD","call_id":7,"node":19,"entry":46,"row_node":17,"slave_slot":4,"value":2.6053233903352635e-13}
MORTAR_OBSERVER {"kind":"KIN_DD","call_id":7,"node":19,"entry":47,"row_node":18,"slave_slot":5,"value":8.6523381911986446e-13}
MORTAR_OBSERVER {"kind":"KIN_DD","call_id":7,"node":19,"entry":48,"row_node":19,"slave_slot":6,"value":3333.3362648076059}
MORTAR_OBSERVER {"kind":"KIN_DD","call_id":7,"node":19,"entry":49,"row_node":23,"slave_slot":7,"value":1.2138438523152931e-13}
MORTAR_OBSERVER {"kind":"KIN_DD","call_id":7,"node":19,"entry":50,"row_node":24,"slave_slot":8,"value":5.6880426860018459e-13}
MORTAR_OBSERVER {"kind":"KIN_NODE","call_id":7,"node":23,"dd_count":6,"bd_count":0,"b2":[7.3508577323174516e-08,-2.7014316741301478e-08,4.4332322977806492e-07],"vold":[-2.0793915443725223e-06,2.3127443653080789e-05,-0.00010865547322094771],"vini":[-1.5594124135232269e-06,1.7345253055837631e-05,-8.1529298801969656e-05]}
MORTAR_OBSERVER {"kind":"KIN_DD","call_id":7,"node":23,"entry":51,"row_node":1,"slave_slot":0,"value":-2.1020222808386783e-13}
MORTAR_OBSERVER {"kind":"KIN_DD","call_id":7,"node":23,"entry":52,"row_node":3,"slave_slot":2,"value":-1.0125234085166592e-12}
MORTAR_OBSERVER {"kind":"KIN_DD","call_id":7,"node":23,"entry":53,"row_node":4,"slave_slot":3,"value":-5.12923042472255e-13}
MORTAR_OBSERVER {"kind":"KIN_DD","call_id":7,"node":23,"entry":54,"row_node":19,"slave_slot":6,"value":5.9211895234892347e-14}
MORTAR_OBSERVER {"kind":"KIN_DD","call_id":7,"node":23,"entry":55,"row_node":23,"slave_slot":7,"value":1666.6682515723428}
MORTAR_OBSERVER {"kind":"KIN_DD","call_id":7,"node":23,"entry":56,"row_node":24,"slave_slot":8,"value":2.3009372413933949e-13}
MORTAR_OBSERVER {"kind":"KIN_NODE","call_id":7,"node":24,"dd_count":6,"bd_count":0,"b2":[3.1011282507683626e-09,1.2811602560588131e-07,4.6677556910461844e-07],"vold":[-2.2848873415281108e-05,-5.3661636691078728e-06,-0.00011005836610662],"vini":[-1.7136582828773077e-05,-4.0245688803183304e-06,-8.2581031407757879e-05]}
MORTAR_OBSERVER {"kind":"KIN_DD","call_id":7,"node":24,"entry":57,"row_node":1,"slave_slot":0,"value":8.1564385686064211e-13}
MORTAR_OBSERVER {"kind":"KIN_DD","call_id":7,"node":24,"entry":58,"row_node":3,"slave_slot":2,"value":-4.7369516187913878e-13}
MORTAR_OBSERVER {"kind":"KIN_DD","call_id":7,"node":24,"entry":59,"row_node":4,"slave_slot":3,"value":5.1218289378181879e-13}
MORTAR_OBSERVER {"kind":"KIN_DD","call_id":7,"node":24,"entry":60,"row_node":19,"slave_slot":6,"value":-3.5527137140935408e-14}
MORTAR_OBSERVER {"kind":"KIN_DD","call_id":7,"node":24,"entry":61,"row_node":23,"slave_slot":7,"value":7.9306932180233936e-13}
MORTAR_OBSERVER {"kind":"KIN_DD","call_id":7,"node":24,"entry":62,"row_node":24,"slave_slot":8,"value":1666.6680576560491}
MORTAR_OBSERVER {"kind":"KIN_GAP","call_id":7,"pair":0,"slot":0,"node":1,"gap":-0.002416720391321462}
MORTAR_OBSERVER {"kind":"KIN_GAP","call_id":7,"pair":0,"slot":1,"node":2,"gap":-0.0011708353852887402}
MORTAR_OBSERVER {"kind":"KIN_GAP","call_id":7,"pair":0,"slot":2,"node":3,"gap":-0.0023040417585733818}
MORTAR_OBSERVER {"kind":"KIN_GAP","call_id":7,"pair":0,"slot":3,"node":4,"gap":-0.0011708353852887276}
MORTAR_OBSERVER {"kind":"KIN_GAP","call_id":7,"pair":0,"slot":4,"node":17,"gap":-0.0015544832458974443}
MORTAR_OBSERVER {"kind":"KIN_GAP","call_id":7,"pair":0,"slot":5,"node":18,"gap":-0.0016015934977658232}
MORTAR_OBSERVER {"kind":"KIN_GAP","call_id":7,"pair":0,"slot":6,"node":19,"gap":-0.0031254165992632039}
MORTAR_OBSERVER {"kind":"KIN_GAP","call_id":7,"pair":0,"slot":7,"node":23,"gap":-0.0016015934977659312}
MORTAR_OBSERVER {"kind":"KIN_GAP","call_id":7,"pair":0,"slot":8,"node":24,"gap":-0.0015544832458968389}
MORTAR_OBSERVER {"kind":"INVENTORY","call_id":7,"pair_count":1,"slave_count":9}
MORTAR_OBSERVER {"kind":"PAIR","call_id":7,"pair":0,"start":0,"end":9}
MORTAR_OBSERVER {"kind":"PRE_RAW","call_id":7,"pair":0,"slot":0,"node":1,"activity":1,"lambda_raw":[0.00053213712886641148,0.00053213712887745408,-0.013189619143110056],"lambda_start":[0.00038086951990137547,0.0003808695199118752,-0.0098868540012774057],"ddtil_count":1}
MORTAR_OBSERVER {"kind":"DDTIL","call_id":7,"pair":0,"column_slot":0,"source_slot":0,"destination_slot":0,"entry":0,"value":1333.3343393497623}
MORTAR_OBSERVER {"kind":"PRE_RAW","call_id":7,"pair":0,"slot":1,"node":2,"activity":1,"lambda_raw":[-5.9705654463939523e-05,0.0002780042082327102,-0.012783704672270163],"lambda_start":[-4.9605008430811574e-05,0.00019576168102237494,-0.0095798586790647438],"ddtil_count":1}
MORTAR_OBSERVER {"kind":"DDTIL","call_id":7,"pair":0,"column_slot":1,"source_slot":1,"destination_slot":1,"entry":1,"value":666.66728288498643}
MORTAR_OBSERVER {"kind":"PRE_RAW","call_id":7,"pair":0,"slot":2,"node":3,"activity":1,"lambda_raw":[0.00010632315281033923,0.00010632315280854282,-0.012570412344972413],"lambda_start":[7.5913547158799676e-05,7.5913547156785784e-05,-0.0094257080772486082],"ddtil_count":1}
MORTAR_OBSERVER {"kind":"DDTIL","call_id":7,"pair":0,"column_slot":2,"source_slot":2,"destination_slot":2,"entry":2,"value":1333.3347077907185}
MORTAR_OBSERVER {"kind":"PRE_RAW","call_id":7,"pair":0,"slot":3,"node":4,"activity":1,"lambda_raw":[0.00027800420827154876,-5.9705654466434956e-05,-0.012783704672269205],"lambda_start":[0.00019576168106173587,-4.9605008433789274e-05,-0.0095798586790646709],"ddtil_count":1}
MORTAR_OBSERVER {"kind":"DDTIL","call_id":7,"pair":0,"column_slot":3,"source_slot":3,"destination_slot":3,"entry":3,"value":666.6672828849878}
MORTAR_OBSERVER {"kind":"PRE_RAW","call_id":7,"pair":0,"slot":4,"node":17,"activity":1,"lambda_raw":[-0.00077563997406422355,-0.00010031038612941377,-0.011297029081585641],"lambda_start":[-0.0005521167433734643,-7.2764889433810047e-05,-0.0084786789016572332],"ddtil_count":1}
MORTAR_OBSERVER {"kind":"DDTIL","call_id":7,"pair":0,"column_slot":4,"source_slot":4,"destination_slot":4,"entry":4,"value":1000.0008246595137}
MORTAR_OBSERVER {"kind":"PRE_RAW","call_id":7,"pair":0,"slot":5,"node":18,"activity":1,"lambda_raw":[0.00033390053991257421,-0.00034741029391702509,-0.01164695444820024],"lambda_start":[0.00023729115310694597,-0.00024853541530145732,-0.0087358574047298899],"ddtil_count":1}
MORTAR_OBSERVER {"kind":"DDTIL","call_id":7,"pair":0,"column_slot":5,"source_slot":5,"destination_slot":5,"entry":5,"value":1000.0009410092866}
MORTAR_OBSERVER {"kind":"PRE_RAW","call_id":7,"pair":0,"slot":6,"node":19,"activity":1,"lambda_raw":[-0.00017259317028289289,-0.00017259317027867898,-0.011360139058698281],"lambda_start":[-0.0001245963998862153,-0.00012459639988232263,-0.0085238198663239919],"ddtil_count":1}
MORTAR_OBSERVER {"kind":"DDTIL","call_id":7,"pair":0,"column_slot":6,"source_slot":6,"destination_slot":6,"entry":6,"value":2000.0017390163312}
MORTAR_OBSERVER {"kind":"PRE_RAW","call_id":7,"pair":0,"slot":7,"node":23,"activity":1,"lambda_raw":[-0.00034741029393081939,0.00033390053992676512,-0.011646954448200001],"lambda_start":[-0.00024853541531637627,0.0002372911531220816,-0.0087358574047300182],"ddtil_count":1}
MORTAR_OBSERVER {"kind":"DDTIL","call_id":7,"pair":0,"column_slot":7,"source_slot":7,"destination_slot":7,"entry":7,"value":1000.0009410092888}
MORTAR_OBSERVER {"kind":"PRE_RAW","call_id":7,"pair":0,"slot":8,"node":24,"activity":1,"lambda_raw":[-0.00010031038613806482,-0.00077563997409659977,-0.011297029081582031],"lambda_start":[-7.2764889441171183e-05,-0.00055211674340339945,-0.0084786789016538973],"ddtil_count":1}
MORTAR_OBSERVER {"kind":"DDTIL","call_id":7,"pair":0,"column_slot":8,"source_slot":8,"destination_slot":8,"entry":8,"value":1000.0008246595137}
MORTAR_OBSERVER {"kind":"LAW","call_id":7,"pair":0,"slot":0,"node":1,"activity":1,"ndof":3,"normal":[7.4865897707372911e-08,7.4865897707575114e-08,-0.99999999999999445],"tangents":[0.99999999999999722,-5.6049026395459785e-15,7.4865897707372713e-08,-0,0.99999999999999722,7.4865897707575326e-08],"ln":17.586172232690739,"lt":[0.70951539055600665,0.70951539057073409],"lt_start":[0.50782542277781229,0.50782542279181475],"q":0.0017586172232690741,"ut":[0.0014516290459828151,0.0014516290460261383],"gn":0.0017586172232690739,"gt":[0.0020168996777819438,0.0020168996777891936],"b":5.2758516704577429,"constant_n":10000000000,"constant_t":100,"mu":0.29999999999999999,"normal_mode":1,"tangent_mode":1,"normal_inverse_stiffness":0.0001,"tangent_inverse_stiffness":0.01,"p0":0,"beta":0,"iwan":1,"rn":-6.5052141451360512e-10,"rt":[-0.00056527063179912873,-0.00056527063176305538]}
MORTAR_OBSERVER {"kind":"LAW","call_id":7,"pair":0,"slot":1,"node":2,"activity":1,"ndof":3,"normal":[6.6997393597558938e-08,-4.0011926186467525e-08,-0.999999999999997],"tangents":[0.99999999999999778,2.6806947673112462e-15,6.6997393597558885e-08,-3.944304526105059e-31,0.99999999999999922,-4.0011926186467617e-08],"ln":8.5224776489840153,"lt":[-0.039804377418133988,0.18533665113383976],"lt_start":[-0.033070464072159432,0.13050816351948577],"q":0.00085224776489840187,"ut":[-3.0681642945358418e-05,0.00040291958355870365],"gn":0.00085224776489840155,"gt":[-6.7339133459745561e-05,0.00054828487614354],"b":2.5567432956709868,"constant_n":10000000000,"constant_t":100,"mu":0.29999999999999999,"normal_mode":1,"tangent_mode":1,"normal_inverse_stiffness":0.0001,"tangent_inverse_stiffness":0.01,"p0":0,"beta":0,"iwan":1,"rn":-9.7578212177040768e-10,"rt":[3.6657490514387143e-05,-0.00014536529258483635]}
MORTAR_OBSERVER {"kind":"LAW","call_id":7,"pair":0,"slot":2,"node":3,"activity":1,"ndof":3,"normal":[-4.5735677260421841e-08,-4.573567726023644e-08,-0.999999999999998],"tangents":[0.999999999999999,-2.0917521744609904e-15,-4.5735677260421801e-08,-0,0.99999999999999911,-4.5735677260236486e-08],"ln":16.760567057825224,"lt":[0.14176511643964737,0.14176511643725245],"lt_start":[0.1012187420071174,0.10121874200443244],"q":0.0016760567057825223,"ut":[0.00029274283281072449,0.00029274283283217402],"gn":0.0016760567057825225,"gt":[0.0004054637443252997,0.00040546374432820015],"b":5.0281701166970452,"constant_n":10000000000,"constant_t":100,"mu":0.29999999999999999,"normal_mode":1,"tangent_mode":1,"normal_inverse_stiffness":0.0001,"tangent_inverse_stiffness":0.01,"p0":0,"beta":0,"iwan":1,"rn":6.5052141451360512e-10,"rt":[-0.00011272091151457521,-0.00011272091149602614]}
MORTAR_OBSERVER {"kind":"LAW","call_id":7,"pair":0,"slot":3,"node":4,"activity":1,"ndof":3,"normal":[-4.0011926186658365e-08,6.699739359773295e-08,-0.999999999999997],"tangents":[0.99999999999999922,2.6806947673309906e-15,-4.0011926186658279e-08,-0,0.99999999999999778,6.6997393597733003e-08],"ln":8.5224776489833953,"lt":[0.18533665115973244,-0.039804377419798191],"lt_start":[0.13050816354572661,-0.033070464074144983],"q":0.00085224776489833975,"ut":[0.00040291958355496754,-3.0681642918360544e-05],"gn":0.00085224776489833953,"gt":[0.0005482848761400583,-6.733913345653208e-05],"b":2.5567432953455396,"constant_n":10000000000,"constant_t":100,"mu":0.29999999999999999,"normal_mode":1,"tangent_mode":1,"normal_inverse_stiffness":0.0001,"tangent_inverse_stiffness":0.01,"p0":0,"beta":0,"iwan":1,"rn":-6.5052097042439527e-10,"rt":[-0.00014536529258509076,3.6657490538171536e-05]}
MORTAR_OBSERVER {"kind":"LAW","call_id":7,"pair":0,"slot":4,"node":17,"activity":1,"ndof":3,"normal":[7.2515304541075728e-08,1.584332206340858e-08,-0.99999999999999722],"tangents":[0.99999999999999745,-1.1488833243704206e-15,7.2515304541075728e-08,-0,0.99999999999999989,1.5843322063408623e-08],"ln":11.297038339953051,"lt":[-0.77564143291128507,-0.10031064783394569],"lt_start":[-0.55211781351627753,-0.07276508377061966],"q":0.0011297038339953055,"ut":[-0.0016230623480416502,-0.00019482244851010692],"gn":0.0011297038339953052,"gt":[-0.0022352361939500754,-0.00027545564063326033],"b":3.3891115026364367,"constant_n":10000000000,"constant_t":100,"mu":0.29999999999999999,"normal_mode":1,"tangent_mode":1,"normal_inverse_stiffness":0.0001,"tangent_inverse_stiffness":0.01,"p0":0,"beta":0,"iwan":1,"rn":-6.5052141451360512e-10,"rt":[0.00061217384590842527,8.0633192123153417e-05]}
MORTAR_OBSERVER {"kind":"LAW","call_id":7,"pair":0,"slot":5,"node":18,"activity":1,"ndof":3,"normal":[1.1142157433751558e-08,-4.3385096620284343e-08,-0.99999999999999911],"tangents":[1,4.8340357682173086e-16,1.114215743375155e-08,-0,0.99999999999999922,-4.338509662028435e-08],"ln":11.646965426885346,"lt":[0.33390072434376072,-0.34741011552861811],"lt_start":[0.23729127906373446,-0.24853527016921678],"q":0.0011646965426885345,"ut":[0.00070238143162507777,-0.00071260515544014757],"gn":0.0011646965426885347,"gt":[0.00096609445280026269,-0.00098874845359401328],"b":3.4940896274150828,"constant_n":10000000000,"constant_t":100,"mu":0.29999999999999999,"normal_mode":1,"tangent_mode":1,"normal_inverse_stiffness":0.0001,"tangent_inverse_stiffness":0.01,"p0":0,"beta":0,"iwan":1,"rn":6.5052097042439527e-10,"rt":[-0.00026371302117518492,0.00027614329815386571]}
MORTAR_OBSERVER {"kind":"LAW","call_id":7,"pair":0,"slot":6,"node":19,"activity":1,"ndof":3,"normal":[1.4565101998945414e-08,1.4565101999140031e-08,-0.99999999999999978],"tangents":[0.99999999999999989,-2.1214219624251833e-16,1.4565101998945412e-08,-0,0.99999999999999989,1.4565101999140033e-08],"ln":22.72029786280855,"lt":[-0.34518697163158341,-0.34518697162315565],"lt_start":[-0.24919326474843218,-0.2491932647406469],"q":0.0022720297862808556,"ut":[-0.00068327689353385088,-0.00068327689349288083],"gn":0.0022720297862808552,"gt":[-0.00095993706883151233,-0.00095993706882508746],"b":6.8160893601436072,"constant_n":10000000000,"constant_t":100,"mu":0.29999999999999999,"normal_mode":1,"tangent_mode":1,"normal_inverse_stiffness":0.0001,"tangent_inverse_stiffness":0.01,"p0":0,"beta":0,"iwan":1,"rn":-1.3010419408487905e-09,"rt":[0.00027666017529766145,0.00027666017533220662]}
MORTAR_OBSERVER {"kind":"LAW","call_id":7,"pair":0,"slot":7,"node":23,"activity":1,"ndof":3,"normal":[-4.3385096620472451e-08,1.1142157433931263e-08,-0.99999999999999911],"tangents":[0.99999999999999911,4.8340357683162377e-16,-4.3385096620472458e-08,-0,1,1.1142157433931275e-08],"ln":11.646965426885131,"lt":[-0.34741011554241291,0.33390072435795248],"lt_start":[-0.24853527018413613,0.23729127907887071],"q":0.0011646965426885128,"ut":[-0.00071260515545656,0.00070238143165600366],"gn":0.0011646965426885133,"gt":[-0.00098874845358276793,0.00096609445279081778],"b":3.494089626764497,"constant_n":10000000000,"constant_t":100,"mu":0.29999999999999999,"normal_mode":1,"tangent_mode":1,"normal_inverse_stiffness":0.0001,"tangent_inverse_stiffness":0.01,"p0":0,"beta":0,"iwan":1,"rn":1.3010423849380004e-09,"rt":[0.00027614329812620793,-0.00026371302113481411]}
MORTAR_OBSERVER {"kind":"LAW","call_id":7,"pair":0,"slot":8,"node":24,"activity":1,"ndof":3,"normal":[1.5843322063211784e-08,7.2515304541263836e-08,-0.99999999999999722],"tangents":[0.99999999999999989,-1.1488833243591273e-15,1.5843322063211745e-08,-0,0.99999999999999734,7.2515304541263836e-08],"ln":11.297038339949442,"lt":[-0.10031064784259587,-0.77564143294366139],"lt_start":[-0.072765083777980147,-0.55211781354621281],"q":0.0011297038339949444,"ut":[-0.00019482244851579244,-0.0016230623479929524],"gn":0.0011297038339949442,"gt":[-0.00027545564064615724,-0.002235236193974486],"b":3.3891115026353535,"constant_n":10000000000,"constant_t":100,"mu":0.29999999999999999,"normal_mode":1,"tangent_mode":1,"normal_inverse_stiffness":0.0001,"tangent_inverse_stiffness":0.01,"p0":0,"beta":0,"iwan":1,"rn":-6.5052097042439527e-10,"rt":[8.0633192130364798e-05,0.00061217384598153367]}
MORTAR_OBSERVER {"kind":"POST_RAW_AFTER_ACTIVE_LOOP","call_id":7,"pair":0,"slot":0,"node":1,"activity":1,"lambda_raw":[0.00053213712886641148,0.00053213712887745408,-0.013189619143110056],"gap":-0.0017586172232690741}
MORTAR_OBSERVER {"kind":"POST_RAW_AFTER_ACTIVE_LOOP","call_id":7,"pair":0,"slot":1,"node":2,"activity":1,"lambda_raw":[-5.9705654463939523e-05,0.0002780042082327102,-0.012783704672270163],"gap":-0.00085224776489840187}
MORTAR_OBSERVER {"kind":"POST_RAW_AFTER_ACTIVE_LOOP","call_id":7,"pair":0,"slot":2,"node":3,"activity":1,"lambda_raw":[0.00010632315281033923,0.00010632315280854282,-0.012570412344972413],"gap":-0.0016760567057825223}
MORTAR_OBSERVER {"kind":"POST_RAW_AFTER_ACTIVE_LOOP","call_id":7,"pair":0,"slot":3,"node":4,"activity":1,"lambda_raw":[0.00027800420827154876,-5.9705654466434956e-05,-0.012783704672269205],"gap":-0.00085224776489833975}
MORTAR_OBSERVER {"kind":"POST_RAW_AFTER_ACTIVE_LOOP","call_id":7,"pair":0,"slot":4,"node":17,"activity":1,"lambda_raw":[-0.00077563997406422355,-0.00010031038612941377,-0.011297029081585641],"gap":-0.0011297038339953055}
MORTAR_OBSERVER {"kind":"POST_RAW_AFTER_ACTIVE_LOOP","call_id":7,"pair":0,"slot":5,"node":18,"activity":1,"lambda_raw":[0.00033390053991257421,-0.00034741029391702509,-0.01164695444820024],"gap":-0.0011646965426885345}
MORTAR_OBSERVER {"kind":"POST_RAW_AFTER_ACTIVE_LOOP","call_id":7,"pair":0,"slot":6,"node":19,"activity":1,"lambda_raw":[-0.00017259317028289289,-0.00017259317027867898,-0.011360139058698281],"gap":-0.0022720297862808556}
MORTAR_OBSERVER {"kind":"POST_RAW_AFTER_ACTIVE_LOOP","call_id":7,"pair":0,"slot":7,"node":23,"activity":1,"lambda_raw":[-0.00034741029393081939,0.00033390053992676512,-0.011646954448200001],"gap":-0.0011646965426885128}
MORTAR_OBSERVER {"kind":"POST_RAW_AFTER_ACTIVE_LOOP","call_id":7,"pair":0,"slot":8,"node":24,"activity":1,"lambda_raw":[-0.00010031038613806482,-0.00077563997409659977,-0.011297029081582031],"gap":-0.0011297038339949444}
MORTAR_OBSERVER {"kind":"CFS_INVENTORY","call_id":7,"all_node_count":35,"physical_count":13}
MORTAR_OBSERVER {"kind":"CFS_NODE","call_id":7,"node":1,"force":[1.1165626250267418,1.1165626250465639,-2.4813801951765257]}
MORTAR_OBSERVER {"kind":"CFS_NODE","call_id":7,"node":2,"force":[0.10744278375157194,0.33457667706773914,-0.87447620049938746]}
MORTAR_OBSERVER {"kind":"CFS_NODE","call_id":7,"node":3,"force":[0.26132982199959487,0.26132982198506149,-1.4224904601844508]}
MORTAR_OBSERVER {"kind":"CFS_NODE","call_id":7,"node":4,"force":[0.33457667710111449,0.10744278375596997,-0.87447620050004016]}
MORTAR_OBSERVER {"kind":"CFS_NODE","call_id":7,"node":13,"force":[-0.15990754072671254,-0.1599075407283857,30.572314526411816]}
MORTAR_OBSERVER {"kind":"CFS_NODE","call_id":7,"node":14,"force":[0.31449852442500847,0.12937407055319888,29.62588524664784]}
MORTAR_OBSERVER {"kind":"CFS_NODE","call_id":7,"node":15,"force":[-0.046131125009994528,-0.046131125018948754,30.175914980294692]}
MORTAR_OBSERVER {"kind":"CFS_NODE","call_id":7,"node":16,"force":[0.12937407054498407,0.3144985244299604,29.625885246645705]}
MORTAR_OBSERVER {"kind":"CFS_NODE","call_id":7,"node":17,"force":[-1.2927343690140083,-0.16718411641303788,-18.828397516690263]}
MORTAR_OBSERVER {"kind":"CFS_NODE","call_id":7,"node":18,"force":[0.5565014290551501,-0.57901770714092071,-19.411609206324595]}
MORTAR_OBSERVER {"kind":"CFS_NODE","call_id":7,"node":19,"force":[-0.57531107356208155,-0.5753110735480359,-37.867163497616325]}
MORTAR_OBSERVER {"kind":"CFS_NODE","call_id":7,"node":23,"force":[-0.57901770716391276,0.5565014290788024,-19.411609206324197]}
MORTAR_OBSERVER {"kind":"CFS_NODE","call_id":7,"node":24,"force":[-0.16718411642745651,-1.2927343690679676,-18.828397516684245]}
MORTAR_OBSERVER {"kind":"CFS_END","call_id":7,"scanned_nodes":35,"physical_count":13,"outside_nonzero_count":0}
MORTAR_OBSERVER {"kind":"SUMMARY_PRE_OVERRIDE","call_id":7,"ndiverg":14,"flag":1,"keepset":0,"max_n":1.3010423849380004e-09,"max_t":[0.00061217384590842527,0.00061217384598153367],"lm_t_av":[2.9788714278451582,2.9788714278489579],"nstick":9,"nslip":0,"ninactive":0,"nnogap":0,"nolm":0}
MORTAR_OBSERVER {"kind":"SUMMARY_POST_OVERRIDE","call_id":7,"flag":1}
MORTAR_OBSERVER {"kind":"RETURN","call_id":7}
 Using up to 2 cpu(s) for the stress calculation.

 average force= 4.670502
 time avg. forc= 2.918852
 largest residual force= 0.000000 in node 24 and dof 2
 largest increment of disp= 9.287649e-05
 largest correction to disp= 5.747805e-07 in node 7 and dof 3

MORTAR_OBSERVER {"kind":"PRE_CHECK","call_id":7,"step":1,"inc":4,"cutback":0,"iteration":1,"time":1,"dtime":0.25,"ttime":0,"tper":1,"theta":0.75,"dtheta":0.25,"icntrl":0,"nmethod":1,"iexpl":0,"ithermal":0,"uncoupled":0,"mortar":2,"iflagdualquad":2}
 no convergence

MORTAR_OBSERVER {"kind":"POST_CHECK","call_id":7,"step":1,"inc":4,"cutback":0,"iteration":2,"time":1,"dtime":0.25,"ttime":0,"tper":1,"theta":0.75,"dtheta":0.25,"icntrl":0,"nmethod":1,"iexpl":0,"ithermal":0,"uncoupled":0,"mortar":2,"iflagdualquad":2}
 iteration 2

 Determining the structure of the matrix:

 Using up to 2 cpu(s) for setting up the structure of the matrix.
 number of equations
 75
 number of nonzero lower triangular matrix elements
 1143

 Using up to 2 cpu(s) for the stress calculation.

 Using up to 2 cpu(s) for the symmetric stiffness/mass contributions.

 Using up to 2 cpu(s) for the stress calculation.

 Using up to 2 cpu(s) for the symmetric stiffness/mass contributions.

 Factoring the system of equations using the unsymmetric spooles solver
 Using 1 cpu for spooles.

MORTAR_OBSERVER {"kind":"BEGIN","call_id":8,"step":1,"inc":4,"cutback":0,"iteration":2,"time":1,"dtime":0.25,"ttime":0,"tper":1,"theta":0.75,"dtheta":0.25,"icntrl":0,"nmethod":1,"iexpl":0,"ithermal":0,"uncoupled":0,"mortar":2,"iflagdualquad":2}
MORTAR_OBSERVER {"kind":"KIN_INVENTORY","call_id":8,"all_node_count":35,"physical_count":13,"dd_count":63,"bd_count":36,"slave_count":9}
MORTAR_OBSERVER {"kind":"KIN_NODE","call_id":8,"node":1,"dd_count":9,"bd_count":0,"b2":[1.329872095836981e-07,1.3298720955946012e-07,-2.5375751397235515e-08],"vold":[-1.8784806338869256e-05,-1.878480633876298e-05,-0.00011330717730928256],"vini":[-1.3986525083491022e-05,-1.398652508340928e-05,-8.5407348020361367e-05]}
MORTAR_OBSERVER {"kind":"KIN_DD","call_id":8,"node":1,"entry":0,"row_node":1,"slave_slot":0,"value":1333.3343393497621}
MORTAR_OBSERVER {"kind":"KIN_DD","call_id":8,"node":1,"entry":1,"row_node":2,"slave_slot":1,"value":-1.533588122670845e-13}
MORTAR_OBSERVER {"kind":"KIN_DD","call_id":8,"node":1,"entry":2,"row_node":3,"slave_slot":2,"value":5.3734798285121035e-14}
MORTAR_OBSERVER {"kind":"KIN_DD","call_id":8,"node":1,"entry":3,"row_node":4,"slave_slot":3,"value":-2.990200696347755e-13}
MORTAR_OBSERVER {"kind":"KIN_DD","call_id":8,"node":1,"entry":4,"row_node":17,"slave_slot":4,"value":-333.33361649826765}
MORTAR_OBSERVER {"kind":"KIN_DD","call_id":8,"node":1,"entry":5,"row_node":18,"slave_slot":5,"value":-1.8858988571708445e-13}
MORTAR_OBSERVER {"kind":"KIN_DD","call_id":8,"node":1,"entry":6,"row_node":19,"slave_slot":6,"value":-666.66726289563746}
MORTAR_OBSERVER {"kind":"KIN_DD","call_id":8,"node":1,"entry":7,"row_node":23,"slave_slot":7,"value":-3.4820295249874396e-13}
MORTAR_OBSERVER {"kind":"KIN_DD","call_id":8,"node":1,"entry":8,"row_node":24,"slave_slot":8,"value":-333.33361649826691}
MORTAR_OBSERVER {"kind":"KIN_NODE","call_id":8,"node":2,"dd_count":6,"bd_count":0,"b2":[-8.8766247941551129e-08,5.0105338772498369e-08,-1.1390979999015029e-08],"vold":[1.949855331879235e-05,-2.1326125462407491e-05,-0.00010607875890737414],"vini":[1.4553933952093606e-05,-1.5955670643625058e-05,-7.9968020976746332e-05]}
MORTAR_OBSERVER {"kind":"KIN_DD","call_id":8,"node":2,"entry":9,"row_node":1,"slave_slot":0,"value":-1.2908192930037119e-13}
MORTAR_OBSERVER {"kind":"KIN_DD","call_id":8,"node":2,"entry":10,"row_node":2,"slave_slot":1,"value":666.66728288498598}
MORTAR_OBSERVER {"kind":"KIN_DD","call_id":8,"node":2,"entry":11,"row_node":3,"slave_slot":2,"value":-1.0517512861980996e-13}
MORTAR_OBSERVER {"kind":"KIN_DD","call_id":8,"node":2,"entry":12,"row_node":17,"slave_slot":4,"value":-333.33361649826708}
MORTAR_OBSERVER {"kind":"KIN_DD","call_id":8,"node":2,"entry":13,"row_node":18,"slave_slot":5,"value":-333.33365528152586}
MORTAR_OBSERVER {"kind":"KIN_DD","call_id":8,"node":2,"entry":14,"row_node":19,"slave_slot":6,"value":-5.7742700681766429e-13}
MORTAR_OBSERVER {"kind":"KIN_NODE","call_id":8,"node":3,"dd_count":9,"bd_count":0,"b2":[-7.8337374242944616e-09,-7.8337374333147437e-09,2.9735856242411816e-08],"vold":[2.3274508187064246e-05,2.3274508187101596e-05,-0.00011046915453104371],"vini":[1.7447508624456006e-05,1.7447508624479889e-05,-8.3220960392833165e-05]}
MORTAR_OBSERVER {"kind":"KIN_DD","call_id":8,"node":3,"entry":15,"row_node":1,"slave_slot":0,"value":1.3058536123920459e-13}
MORTAR_OBSERVER {"kind":"KIN_DD","call_id":8,"node":3,"entry":16,"row_node":2,"slave_slot":1,"value":-9.8319505600710851e-14}
MORTAR_OBSERVER {"kind":"KIN_DD","call_id":8,"node":3,"entry":17,"row_node":3,"slave_slot":2,"value":1333.3347077907188}
MORTAR_OBSERVER {"kind":"KIN_DD","call_id":8,"node":3,"entry":18,"row_node":4,"slave_slot":3,"value":3.6563345286590779e-13}
MORTAR_OBSERVER {"kind":"KIN_DD","call_id":8,"node":3,"entry":19,"row_node":17,"slave_slot":4,"value":1.0713652258218839e-13}
MORTAR_OBSERVER {"kind":"KIN_DD","call_id":8,"node":3,"entry":20,"row_node":18,"slave_slot":5,"value":-333.33365528152672}
MORTAR_OBSERVER {"kind":"KIN_DD","call_id":8,"node":3,"entry":21,"row_node":19,"slave_slot":6,"value":-666.66726289563792}
MORTAR_OBSERVER {"kind":"KIN_DD","call_id":8,"node":3,"entry":22,"row_node":23,"slave_slot":7,"value":-333.33365528152746}
MORTAR_OBSERVER {"kind":"KIN_DD","call_id":8,"node":3,"entry":23,"row_node":24,"slave_slot":8,"value":-1.5977960092880637e-13}
MORTAR_OBSERVER {"kind":"KIN_NODE","call_id":8,"node":4,"dd_count":6,"bd_count":0,"b2":[5.0105338782853988e-08,-8.8766247968069824e-08,-1.139098000487875e-08],"vold":[-2.1326125462692341e-05,1.9498553318906303e-05,-0.00010607875890733053],"vini":[-1.5955670643904118e-05,1.4553933952181027e-05,-7.9968020976710241e-05]}
MORTAR_OBSERVER {"kind":"KIN_DD","call_id":8,"node":4,"entry":24,"row_node":1,"slave_slot":0,"value":-1.1055508661358033e-13}
MORTAR_OBSERVER {"kind":"KIN_DD","call_id":8,"node":4,"entry":25,"row_node":3,"slave_slot":2,"value":4.396298214166124e-13}
MORTAR_OBSERVER {"kind":"KIN_DD","call_id":8,"node":4,"entry":26,"row_node":4,"slave_slot":3,"value":666.6672828849878}
MORTAR_OBSERVER {"kind":"KIN_DD","call_id":8,"node":4,"entry":27,"row_node":19,"slave_slot":6,"value":-4.1318800350776376e-14}
MORTAR_OBSERVER {"kind":"KIN_DD","call_id":8,"node":4,"entry":28,"row_node":23,"slave_slot":7,"value":-333.33365528152768}
MORTAR_OBSERVER {"kind":"KIN_DD","call_id":8,"node":4,"entry":29,"row_node":24,"slave_slot":8,"value":-333.33361649826787}
MORTAR_OBSERVER {"kind":"KIN_NODE","call_id":8,"node":13,"dd_count":0,"bd_count":9,"b2":[-5.9916425174169004e-08,-5.9916425165487009e-08,-2.8144005069837657e-08],"vold":[-2.8006945843336005e-05,-2.8006945843359708e-05,-0.00011354177709683754],"vini":[-2.1048007288478298e-05,-2.1048007288493867e-05,-8.5172580011239819e-05]}
MORTAR_OBSERVER {"kind":"KIN_BD","call_id":8,"node":13,"entry":0,"row_node":1,"slave_slot":0,"value":-1120.3709633141889}
MORTAR_OBSERVER {"kind":"KIN_BD","call_id":8,"node":13,"entry":1,"row_node":2,"slave_slot":1,"value":-50.925940024233242}
MORTAR_OBSERVER {"kind":"KIN_BD","call_id":8,"node":13,"entry":2,"row_node":3,"slave_slot":2,"value":-9.2593077424119858}
MORTAR_OBSERVER {"kind":"KIN_BD","call_id":8,"node":13,"entry":3,"row_node":4,"slave_slot":3,"value":-50.925940024232936}
MORTAR_OBSERVER {"kind":"KIN_BD","call_id":8,"node":13,"entry":4,"row_node":17,"slave_slot":4,"value":-458.33370495367137}
MORTAR_OBSERVER {"kind":"KIN_BD","call_id":8,"node":13,"entry":5,"row_node":18,"slave_slot":5,"value":-41.666762485799886}
MORTAR_OBSERVER {"kind":"KIN_BD","call_id":8,"node":13,"entry":6,"row_node":19,"slave_slot":6,"value":-268.51875466620908}
MORTAR_OBSERVER {"kind":"KIN_BD","call_id":8,"node":13,"entry":7,"row_node":23,"slave_slot":7,"value":-41.666762485800128}
MORTAR_OBSERVER {"kind":"KIN_BD","call_id":8,"node":13,"entry":8,"row_node":24,"slave_slot":8,"value":-458.33370495367262}
MORTAR_OBSERVER {"kind":"KIN_NODE","call_id":8,"node":14,"dd_count":0,"bd_count":9,"b2":[3.9749724991047362e-08,1.3925702743994206e-08,-1.5072196324240586e-08],"vold":[2.4161876849410346e-05,-2.8549315961454358e-05,-0.00010352443779846594],"vini":[1.8152199232040884e-05,-2.1400427392175048e-05,-7.7657101505069085e-05]}
MORTAR_OBSERVER {"kind":"KIN_BD","call_id":8,"node":14,"entry":9,"row_node":1,"slave_slot":0,"value":-101.85205834090797}
MORTAR_OBSERVER {"kind":"KIN_BD","call_id":8,"node":14,"entry":10,"row_node":2,"slave_slot":1,"value":-560.18582606413736}
MORTAR_OBSERVER {"kind":"KIN_BD","call_id":8,"node":14,"entry":11,"row_node":3,"slave_slot":2,"value":-101.85204738284179}
MORTAR_OBSERVER {"kind":"KIN_BD","call_id":8,"node":14,"entry":12,"row_node":4,"slave_slot":3,"value":-4.6295740818457229}
MORTAR_OBSERVER {"kind":"KIN_BD","call_id":8,"node":14,"entry":13,"row_node":17,"slave_slot":4,"value":-458.33351046600944}
MORTAR_OBSERVER {"kind":"KIN_BD","call_id":8,"node":14,"entry":14,"row_node":18,"slave_slot":5,"value":-458.33376293529727}
MORTAR_OBSERVER {"kind":"KIN_BD","call_id":8,"node":14,"entry":15,"row_node":19,"slave_slot":6,"value":-731.48206881509077}
MORTAR_OBSERVER {"kind":"KIN_BD","call_id":8,"node":14,"entry":16,"row_node":23,"slave_slot":7,"value":-41.66679161975479}
MORTAR_OBSERVER {"kind":"KIN_BD","call_id":8,"node":14,"entry":17,"row_node":24,"slave_slot":8,"value":-41.66681175473834}
MORTAR_OBSERVER {"kind":"KIN_NODE","call_id":8,"node":15,"dd_count":0,"bd_count":9,"b2":[-5.7604962318995288e-08,-5.7604962324507328e-08,3.8191571923385802e-08],"vold":[2.7164427132462845e-05,2.7164427132526224e-05,-0.00011021045412605138],"vini":[2.0330028744256385e-05,2.0330028744321495e-05,-8.2627312631547542e-05]}
MORTAR_OBSERVER {"kind":"KIN_BD","call_id":8,"node":15,"entry":18,"row_node":1,"slave_slot":0,"value":-9.2592593537572299}
MORTAR_OBSERVER {"kind":"KIN_BD","call_id":8,"node":15,"entry":19,"row_node":2,"slave_slot":1,"value":-50.925942714771729}
MORTAR_OBSERVER {"kind":"KIN_BD","call_id":8,"node":15,"entry":20,"row_node":3,"slave_slot":2,"value":-1120.3713052826226}
MORTAR_OBSERVER {"kind":"KIN_BD","call_id":8,"node":15,"entry":21,"row_node":4,"slave_slot":3,"value":-50.925942714771388}
MORTAR_OBSERVER {"kind":"KIN_BD","call_id":8,"node":15,"entry":22,"row_node":17,"slave_slot":4,"value":-41.666797485095472}
MORTAR_OBSERVER {"kind":"KIN_BD","call_id":8,"node":15,"entry":23,"row_node":18,"slave_slot":5,"value":-458.33362396843501}
MORTAR_OBSERVER {"kind":"KIN_BD","call_id":8,"node":15,"entry":24,"row_node":19,"slave_slot":6,"value":-268.51884671994162}
MORTAR_OBSERVER {"kind":"KIN_BD","call_id":8,"node":15,"entry":25,"row_node":23,"slave_slot":7,"value":-458.33362396843506}
MORTAR_OBSERVER {"kind":"KIN_BD","call_id":8,"node":15,"entry":26,"row_node":24,"slave_slot":8,"value":-41.666797485095579}
MORTAR_OBSERVER {"kind":"KIN_NODE","call_id":8,"node":16,"dd_count":0,"bd_count":9,"b2":[1.392570274485427e-08,3.9749725006339562e-08,-1.507219633123873e-08],"vold":[-2.8549315961396502e-05,2.41618768493152e-05,-0.00010352443779841369],"vini":[-2.1400427392115946e-05,1.8152199231961473e-05,-7.7657101505025907e-05]}
MORTAR_OBSERVER {"kind":"KIN_BD","call_id":8,"node":16,"entry":27,"row_node":1,"slave_slot":0,"value":-101.85205834090834}
MORTAR_OBSERVER {"kind":"KIN_BD","call_id":8,"node":16,"entry":28,"row_node":2,"slave_slot":1,"value":-4.6295740818457842}
MORTAR_OBSERVER {"kind":"KIN_BD","call_id":8,"node":16,"entry":29,"row_node":3,"slave_slot":2,"value":-101.85204738284162}
MORTAR_OBSERVER {"kind":"KIN_BD","call_id":8,"node":16,"entry":30,"row_node":4,"slave_slot":3,"value":-560.18582606413781}
MORTAR_OBSERVER {"kind":"KIN_BD","call_id":8,"node":16,"entry":31,"row_node":17,"slave_slot":4,"value":-41.666811754738148}
MORTAR_OBSERVER {"kind":"KIN_BD","call_id":8,"node":16,"entry":32,"row_node":18,"slave_slot":5,"value":-41.666791619754896}
MORTAR_OBSERVER {"kind":"KIN_BD","call_id":8,"node":16,"entry":33,"row_node":19,"slave_slot":6,"value":-731.48206881509032}
MORTAR_OBSERVER {"kind":"KIN_BD","call_id":8,"node":16,"entry":34,"row_node":23,"slave_slot":7,"value":-458.33376293529824}
MORTAR_OBSERVER {"kind":"KIN_BD","call_id":8,"node":16,"entry":35,"row_node":24,"slave_slot":8,"value":-458.33351046600842}
MORTAR_OBSERVER {"kind":"KIN_NODE","call_id":8,"node":17,"dd_count":6,"bd_count":0,"b2":[-1.309570020832837e-07,-5.2483984757878921e-09,-1.885624114905407e-08],"vold":[-5.2380476437183557e-06,-2.2845772286974418e-05,-0.0001095915905375374],"vini":[-4.0245688805018452e-06,-1.7136582828724302e-05,-8.2581031407776229e-05]}
MORTAR_OBSERVER {"kind":"KIN_DD","call_id":8,"node":17,"entry":30,"row_node":1,"slave_slot":0,"value":1.4210854856374163e-13}
MORTAR_OBSERVER {"kind":"KIN_DD","call_id":8,"node":17,"entry":31,"row_node":2,"slave_slot":1,"value":1.2020014732683147e-12}
MORTAR_OBSERVER {"kind":"KIN_DD","call_id":8,"node":17,"entry":32,"row_node":3,"slave_slot":2,"value":-2.2204460713084632e-14}
MORTAR_OBSERVER {"kind":"KIN_DD","call_id":8,"node":17,"entry":33,"row_node":17,"slave_slot":4,"value":1666.6680576560491}
MORTAR_OBSERVER {"kind":"KIN_DD","call_id":8,"node":17,"entry":34,"row_node":18,"slave_slot":5,"value":-6.1006755809200021e-13}
MORTAR_OBSERVER {"kind":"KIN_DD","call_id":8,"node":17,"entry":35,"row_node":19,"slave_slot":6,"value":9.7385063944136998e-13}
MORTAR_OBSERVER {"kind":"KIN_NODE","call_id":8,"node":18,"dd_count":6,"bd_count":0,"b2":[3.0109000163680457e-08,-7.5810306457435538e-08,8.9840037567855859e-09],"vold":[2.3100429336328156e-05,-2.0058829670101511e-06,-0.00010821214999119145],"vini":[1.734525305584788e-05,-1.5594124134970041e-06,-8.1529298801987627e-05]}
MORTAR_OBSERVER {"kind":"KIN_DD","call_id":8,"node":18,"entry":36,"row_node":1,"slave_slot":0,"value":-3.4935018188586483e-13}
MORTAR_OBSERVER {"kind":"KIN_DD","call_id":8,"node":18,"entry":37,"row_node":2,"slave_slot":1,"value":1.1575925518421453e-12}
MORTAR_OBSERVER {"kind":"KIN_DD","call_id":8,"node":18,"entry":38,"row_node":3,"slave_slot":2,"value":1.7393494225249628e-13}
MORTAR_OBSERVER {"kind":"KIN_DD","call_id":8,"node":18,"entry":39,"row_node":17,"slave_slot":4,"value":-4.0264088759726793e-13}
MORTAR_OBSERVER {"kind":"KIN_DD","call_id":8,"node":18,"entry":40,"row_node":18,"slave_slot":5,"value":1666.6682515723394}
MORTAR_OBSERVER {"kind":"KIN_DD","call_id":8,"node":18,"entry":41,"row_node":19,"slave_slot":6,"value":1.3837079767703905e-12}
MORTAR_OBSERVER {"kind":"KIN_NODE","call_id":8,"node":19,"dd_count":9,"bd_count":0,"b2":[-1.8133125697122043e-08,-1.8133125708432994e-08,-5.2003877989834105e-09],"vold":[-1.0859723469304455e-06,-1.0859723468964316e-06,-0.00010889708600012476],"vini":[-8.267074141320668e-07,-8.267074141139711e-07,-8.2050238961327439e-05]}
MORTAR_OBSERVER {"kind":"KIN_DD","call_id":8,"node":19,"entry":42,"row_node":1,"slave_slot":0,"value":-2.2500520189259093e-13}
MORTAR_OBSERVER {"kind":"KIN_DD","call_id":8,"node":19,"entry":43,"row_node":2,"slave_slot":1,"value":-1.6875390141944319e-13}
MORTAR_OBSERVER {"kind":"KIN_DD","call_id":8,"node":19,"entry":44,"row_node":3,"slave_slot":2,"value":-2.8791784057966401e-13}
MORTAR_OBSERVER {"kind":"KIN_DD","call_id":8,"node":19,"entry":45,"row_node":4,"slave_slot":3,"value":-1.7615538832380473e-13}
MORTAR_OBSERVER {"kind":"KIN_DD","call_id":8,"node":19,"entry":46,"row_node":17,"slave_slot":4,"value":2.6053233903352635e-13}
MORTAR_OBSERVER {"kind":"KIN_DD","call_id":8,"node":19,"entry":47,"row_node":18,"slave_slot":5,"value":8.6523381911986446e-13}
MORTAR_OBSERVER {"kind":"KIN_DD","call_id":8,"node":19,"entry":48,"row_node":19,"slave_slot":6,"value":3333.3362648076059}
MORTAR_OBSERVER {"kind":"KIN_DD","call_id":8,"node":19,"entry":49,"row_node":23,"slave_slot":7,"value":1.2138438523152931e-13}
MORTAR_OBSERVER {"kind":"KIN_DD","call_id":8,"node":19,"entry":50,"row_node":24,"slave_slot":8,"value":5.6880426860018459e-13}
MORTAR_OBSERVER {"kind":"KIN_NODE","call_id":8,"node":23,"dd_count":6,"bd_count":0,"b2":[-7.5810306457008434e-08,3.0109000155277367e-08,8.9840037538413142e-09],"vold":[-2.0058829670493476e-06,2.3100429336339486e-05,-0.00010821214999116964],"vini":[-1.5594124135232269e-06,1.7345253055837631e-05,-8.1529298801969656e-05]}
MORTAR_OBSERVER {"kind":"KIN_DD","call_id":8,"node":23,"entry":51,"row_node":1,"slave_slot":0,"value":-2.1020222808386783e-13}
MORTAR_OBSERVER {"kind":"KIN_DD","call_id":8,"node":23,"entry":52,"row_node":3,"slave_slot":2,"value":-1.0125234085166592e-12}
MORTAR_OBSERVER {"kind":"KIN_DD","call_id":8,"node":23,"entry":53,"row_node":4,"slave_slot":3,"value":-5.12923042472255e-13}
MORTAR_OBSERVER {"kind":"KIN_DD","call_id":8,"node":23,"entry":54,"row_node":19,"slave_slot":6,"value":5.9211895234892347e-14}
MORTAR_OBSERVER {"kind":"KIN_DD","call_id":8,"node":23,"entry":55,"row_node":23,"slave_slot":7,"value":1666.6682515723428}
MORTAR_OBSERVER {"kind":"KIN_DD","call_id":8,"node":23,"entry":56,"row_node":24,"slave_slot":8,"value":2.3009372413933949e-13}
MORTAR_OBSERVER {"kind":"KIN_NODE","call_id":8,"node":24,"dd_count":6,"bd_count":0,"b2":[-5.2483984682712225e-09,-1.3095700211632884e-07,-1.8856241152000136e-08],"vold":[-2.2845772287030339e-05,-5.2380476435019913e-06,-0.00010959159053751539],"vini":[-1.7136582828773077e-05,-4.0245688803183304e-06,-8.2581031407757879e-05]}
MORTAR_OBSERVER {"kind":"KIN_DD","call_id":8,"node":24,"entry":57,"row_node":1,"slave_slot":0,"value":8.1564385686064211e-13}
MORTAR_OBSERVER {"kind":"KIN_DD","call_id":8,"node":24,"entry":58,"row_node":3,"slave_slot":2,"value":-4.7369516187913878e-13}
MORTAR_OBSERVER {"kind":"KIN_DD","call_id":8,"node":24,"entry":59,"row_node":4,"slave_slot":3,"value":5.1218289378181879e-13}
MORTAR_OBSERVER {"kind":"KIN_DD","call_id":8,"node":24,"entry":60,"row_node":19,"slave_slot":6,"value":-3.5527137140935408e-14}
MORTAR_OBSERVER {"kind":"KIN_DD","call_id":8,"node":24,"entry":61,"row_node":23,"slave_slot":7,"value":7.9306932180233936e-13}
MORTAR_OBSERVER {"kind":"KIN_DD","call_id":8,"node":24,"entry":62,"row_node":24,"slave_slot":8,"value":1666.6680576560491}
MORTAR_OBSERVER {"kind":"KIN_GAP","call_id":8,"pair":0,"slot":0,"node":1,"gap":-0.0017586172232690741}
MORTAR_OBSERVER {"kind":"KIN_GAP","call_id":8,"pair":0,"slot":1,"node":2,"gap":-0.00085224776489840187}
MORTAR_OBSERVER {"kind":"KIN_GAP","call_id":8,"pair":0,"slot":2,"node":3,"gap":-0.0016760567057825223}
MORTAR_OBSERVER {"kind":"KIN_GAP","call_id":8,"pair":0,"slot":3,"node":4,"gap":-0.00085224776489833975}
MORTAR_OBSERVER {"kind":"KIN_GAP","call_id":8,"pair":0,"slot":4,"node":17,"gap":-0.0011297038339953055}
MORTAR_OBSERVER {"kind":"KIN_GAP","call_id":8,"pair":0,"slot":5,"node":18,"gap":-0.0011646965426885345}
MORTAR_OBSERVER {"kind":"KIN_GAP","call_id":8,"pair":0,"slot":6,"node":19,"gap":-0.0022720297862808556}
MORTAR_OBSERVER {"kind":"KIN_GAP","call_id":8,"pair":0,"slot":7,"node":23,"gap":-0.0011646965426885128}
MORTAR_OBSERVER {"kind":"KIN_GAP","call_id":8,"pair":0,"slot":8,"node":24,"gap":-0.0011297038339949444}
MORTAR_OBSERVER {"kind":"INVENTORY","call_id":8,"pair_count":1,"slave_count":9}
MORTAR_OBSERVER {"kind":"PAIR","call_id":8,"pair":0,"start":0,"end":9}
MORTAR_OBSERVER {"kind":"PRE_RAW","call_id":8,"pair":0,"slot":0,"node":1,"activity":1,"lambda_raw":[0.00050771518908920529,0.00050771518909969321,-0.013186514357202705],"lambda_start":[0.00038086951990137547,0.0003808695199118752,-0.0098868540012774057],"ddtil_count":1}
MORTAR_OBSERVER {"kind":"DDTIL","call_id":8,"pair":0,"column_slot":0,"source_slot":0,"destination_slot":0,"entry":0,"value":1333.3343393497623}
MORTAR_OBSERVER {"kind":"PRE_RAW","call_id":8,"pair":0,"slot":1,"node":2,"activity":1,"lambda_raw":[-6.5538309315043666e-05,0.00026092037294276585,-0.012777594587534601],"lambda_start":[-4.9605008430811574e-05,0.00019576168102237494,-0.0095798586790647438],"ddtil_count":1}
MORTAR_OBSERVER {"kind":"DDTIL","call_id":8,"pair":0,"column_slot":1,"source_slot":1,"destination_slot":1,"entry":1,"value":666.66728288498643}
MORTAR_OBSERVER {"kind":"PRE_RAW","call_id":8,"pair":0,"slot":2,"node":3,"activity":1,"lambda_raw":[0.00010155868155003408,0.00010155868154907331,-0.0125689875371119],"lambda_start":[7.5913547158799676e-05,7.5913547156785784e-05,-0.0094257080772486082],"ddtil_count":1}
MORTAR_OBSERVER {"kind":"DDTIL","call_id":8,"pair":0,"column_slot":2,"source_slot":2,"destination_slot":2,"entry":2,"value":1333.3347077907185}
MORTAR_OBSERVER {"kind":"PRE_RAW","call_id":8,"pair":0,"slot":3,"node":4,"activity":1,"lambda_raw":[0.00026092037297979141,-6.5538309317234351e-05,-0.012777594587533964],"lambda_start":[0.00019576168106173587,-4.9605008433789274e-05,-0.0095798586790646709],"ddtil_count":1}
MORTAR_OBSERVER {"kind":"DDTIL","call_id":8,"pair":0,"column_slot":3,"source_slot":3,"destination_slot":3,"entry":3,"value":666.6672828849878}
MORTAR_OBSERVER {"kind":"PRE_RAW","call_id":8,"pair":0,"slot":4,"node":17,"activity":1,"lambda_raw":[-0.0007365987945344057,-9.7040249850901462e-05,-0.011300302693721054],"lambda_start":[-0.0005521167433734643,-7.2764889433810047e-05,-0.0084786789016572332],"ddtil_count":1}
MORTAR_OBSERVER {"kind":"DDTIL","call_id":8,"pair":0,"column_slot":4,"source_slot":4,"destination_slot":4,"entry":4,"value":1000.0008246595137}
MORTAR_OBSERVER {"kind":"PRE_RAW","call_id":8,"pair":0,"slot":5,"node":18,"activity":1,"lambda_raw":[0.00031677884056088363,-0.00033175558754602565,-0.011646327674742232],"lambda_start":[0.00023729115310694597,-0.00024853541530145732,-0.0087358574047298899],"ddtil_count":1}
MORTAR_OBSERVER {"kind":"DDTIL","call_id":8,"pair":0,"column_slot":5,"source_slot":5,"destination_slot":5,"entry":5,"value":1000.0009410092866}
MORTAR_OBSERVER {"kind":"PRE_RAW","call_id":8,"pair":0,"slot":6,"node":19,"activity":1,"lambda_raw":[-0.00016633402471439708,-0.00016633402470980207,-0.011364585339352794],"lambda_start":[-0.0001245963998862153,-0.00012459639988232263,-0.0085238198663239919],"ddtil_count":1}
MORTAR_OBSERVER {"kind":"DDTIL","call_id":8,"pair":0,"column_slot":6,"source_slot":6,"destination_slot":6,"entry":6,"value":2000.0017390163312}
MORTAR_OBSERVER {"kind":"PRE_RAW","call_id":8,"pair":0,"slot":7,"node":23,"activity":1,"lambda_raw":[-0.00033175558755821078,0.00031677884057350418,-0.011646327674742355],"lambda_start":[-0.00024853541531637627,0.0002372911531220816,-0.0087358574047300182],"ddtil_count":1}
MORTAR_OBSERVER {"kind":"DDTIL","call_id":8,"pair":0,"column_slot":7,"source_slot":7,"destination_slot":7,"entry":7,"value":1000.0009410092888}
MORTAR_OBSERVER {"kind":"PRE_RAW","call_id":8,"pair":0,"slot":8,"node":24,"activity":1,"lambda_raw":[-9.7040249858331947e-05,-0.00073659879456435451,-0.011300302693717842],"lambda_start":[-7.2764889441171183e-05,-0.00055211674340339945,-0.0084786789016538973],"ddtil_count":1}
MORTAR_OBSERVER {"kind":"DDTIL","call_id":8,"pair":0,"column_slot":8,"source_slot":8,"destination_slot":8,"entry":8,"value":1000.0008246595137}
MORTAR_OBSERVER {"kind":"LAW","call_id":8,"pair":0,"slot":0,"node":1,"activity":1,"ndof":3,"normal":[7.4865897707372911e-08,7.4865897707575114e-08,-0.99999999999999445],"tangents":[0.99999999999999722,-5.6049026395459785e-15,7.4865897707372713e-08,-0,0.99999999999999722,7.4865897707575326e-08],"ln":17.582032510148483,"lt":[0.67695277992744973,0.67695277994143732],"lt_start":[0.50782542277781229,0.50782542279181475],"q":0.0017582032510148481,"ut":[0.0016911405087257259,0.0016911405087255867],"gn":0.0017582032510148485,"gt":[0.0016912735714963746,0.0016912735714962256],"b":5.274609751743502,"constant_n":10000000000,"constant_t":100,"mu":0.29999999999999999,"normal_mode":1,"tangent_mode":1,"normal_inverse_stiffness":0.0001,"tangent_inverse_stiffness":0.01,"p0":0,"beta":0,"iwan":1,"rn":1.3010428290272102e-09,"rt":[-1.3306277064873903e-07,-1.3306277063898121e-07]}
MORTAR_OBSERVER {"kind":"LAW","call_id":8,"pair":0,"slot":1,"node":2,"activity":1,"ndof":3,"normal":[6.6997393597558938e-08,-4.0011926186467525e-08,-0.999999999999997],"tangents":[0.99999999999999778,2.6806947673112462e-15,6.6997393597558885e-08,-3.944304526105059e-31,0.99999999999999922,-4.0011926186467617e-08],"ln":8.5184042555903527,"lt":[-0.043692817306818794,0.17394741691685361],"lt_start":[-0.033070464072159432,0.13050816351948577],"q":0.00085184042555903525,"ut":[-0.00010620601156155725,0.00043432305529394913],"gn":0.00085184042555903536,"gt":[-0.00010622353234659362,0.00043439253397367845],"b":2.5555212763518447,"constant_n":10000000000,"constant_t":100,"mu":0.29999999999999999,"normal_mode":1,"tangent_mode":1,"normal_inverse_stiffness":0.0001,"tangent_inverse_stiffness":0.01,"p0":0,"beta":0,"iwan":1,"rn":3.2526115134601241e-10,"rt":[1.7520785036375568e-08,-6.9478679729320127e-08]}
MORTAR_OBSERVER {"kind":"LAW","call_id":8,"pair":0,"slot":2,"node":3,"activity":1,"ndof":3,"normal":[-4.5735677260421841e-08,-4.573567726023644e-08,-0.999999999999998],"tangents":[0.999999999999999,-2.0917521744609904e-15,-4.5735677260421801e-08,-0,0.99999999999999911,-4.5735677260236486e-08],"ln":16.758667312633953,"lt":[0.13541248145712501,0.13541248145584431],"lt_start":[0.1012187420071174,0.10121874200443244],"q":0.0016758667312633951,"ut":[0.00034192461803705601,0.00034192461805110076],"gn":0.0016758667312633954,"gt":[0.000341937394500076,0.0003419373945141187],"b":5.0276001931396639,"constant_n":10000000000,"constant_t":100,"mu":0.29999999999999999,"normal_mode":1,"tangent_mode":1,"normal_inverse_stiffness":0.0001,"tangent_inverse_stiffness":0.01,"p0":0,"beta":0,"iwan":1,"rn":6.5052230269202482e-10,"rt":[-1.2776463019991639e-08,-1.2776463017931654e-08]}
MORTAR_OBSERVER {"kind":"LAW","call_id":8,"pair":0,"slot":3,"node":4,"activity":1,"ndof":3,"normal":[-4.0011926186658365e-08,6.699739359773295e-08,-0.999999999999997],"tangents":[0.99999999999999922,2.6806947673309906e-15,-4.0011926186658279e-08,-0,0.99999999999999778,6.6997393597733003e-08],"ln":8.518404255589946,"lt":[0.17394741694153759,-0.043692817308279806],"lt_start":[0.13050816354572661,-0.033070464074144983],"q":0.00085184042555899438,"ut":[0.00043432305529686824,-0.00010620601156096281],"gn":0.00085184042555899459,"gt":[0.00043439253395810979,-0.00010622353234134824],"b":2.5555212760264623,"constant_n":10000000000,"constant_t":100,"mu":0.29999999999999999,"normal_mode":1,"tangent_mode":1,"normal_inverse_stiffness":0.0001,"tangent_inverse_stiffness":0.01,"p0":0,"beta":0,"iwan":1,"rn":6.5052141451360512e-10,"rt":[-6.9478661241558892e-08,1.7520780385432851e-08]}
MORTAR_OBSERVER {"kind":"LAW","call_id":8,"pair":0,"slot":4,"node":17,"activity":1,"ndof":3,"normal":[7.2515304541075728e-08,1.584332206340858e-08,-0.99999999999999722],"tangents":[0.99999999999999745,-1.1488833243704206e-15,7.2515304541075728e-08,-0,0.99999999999999989,1.5843322063408623e-08],"ln":11.300311957670976,"lt":[-0.73660022142317438,-0.097040508910549328],"lt_start":[-0.55211781351627753,-0.07276508377061966],"q":0.0011300311957670977,"ut":[-0.0018450014726264924,-0.00024277761699862906],"gn":0.0011300311957670977,"gt":[-0.0018448240790689685,-0.0002427542513992967],"b":3.3900935873012927,"constant_n":10000000000,"constant_t":100,"mu":0.29999999999999999,"normal_mode":1,"tangent_mode":1,"normal_inverse_stiffness":0.0001,"tangent_inverse_stiffness":0.01,"p0":0,"beta":0,"iwan":1,"rn":0,"rt":[-1.7739355752388608e-07,-2.3365599332366305e-08]}
MORTAR_OBSERVER {"kind":"LAW","call_id":8,"pair":0,"slot":5,"node":18,"activity":1,"ndof":3,"normal":[1.1142157433751558e-08,-4.3385096620284343e-08,-0.99999999999999911],"tangents":[1,4.8340357682173086e-16,1.114215743375155e-08,-0,0.99999999999999922,-4.338509662028435e-08],"ln":11.646338651967584,"lt":[0.31677900888737565,-0.3317553944535872],"lt_start":[0.23729127906373446,-0.24853527016921678],"q":0.0011646338651967584,"ut":[0.00079486310671705081,-0.00083218638239826741],"gn":0.0011646338651967584,"gt":[0.00079487729823641195,-0.00083220124284370421],"b":3.493901595590275,"constant_n":10000000000,"constant_t":100,"mu":0.29999999999999999,"normal_mode":1,"tangent_mode":1,"normal_inverse_stiffness":0.0001,"tangent_inverse_stiffness":0.01,"p0":0,"beta":0,"iwan":1,"rn":0,"rt":[-1.4191519361137633e-08,1.486044543680138e-08]}
MORTAR_OBSERVER {"kind":"LAW","call_id":8,"pair":0,"slot":6,"node":19,"activity":1,"ndof":3,"normal":[1.4565101998945414e-08,1.4565101999140031e-08,-0.99999999999999978],"tangents":[0.99999999999999989,-2.1214219624251833e-16,1.4565101998945412e-08,-0,0.99999999999999989,1.4565101999140033e-08],"ln":22.729190432214388,"lt":[-0.3326686697393566,-0.33266866973016662],"lt_start":[-0.24919326474843218,-0.2491932647406469],"q":0.0022729190432214394,"ut":[-0.00083486233275946182,-0.00083486233274542878],"gn":0.002272919043221439,"gt":[-0.00083475404990924432,-0.00083475404989519718],"b":6.8187571309653583,"constant_n":10000000000,"constant_t":100,"mu":0.29999999999999999,"normal_mode":1,"tangent_mode":1,"normal_inverse_stiffness":0.0001,"tangent_inverse_stiffness":0.01,"p0":0,"beta":0,"iwan":1,"rn":-1.3010419408487905e-09,"rt":[-1.0828285021749744e-07,-1.0828285023159207e-07]}
MORTAR_OBSERVER {"kind":"LAW","call_id":8,"pair":0,"slot":7,"node":23,"activity":1,"ndof":3,"normal":[-4.3385096620472451e-08,1.1142157433931263e-08,-0.99999999999999911],"tangents":[0.99999999999999911,4.8340357683162377e-16,-4.3385096620472458e-08,-0,1,1.1142157433931275e-08],"ln":11.646338651967731,"lt":[-0.3317553944657729,0.31677900889999705],"lt_start":[-0.24853527018413613,0.23729127907887071],"q":0.0011646338651967734,"ut":[-0.0008321863824223496,0.0007948631067410068],"gn":0.0011646338651967732,"gt":[-0.00083220124281636778,0.00079487729821126345],"b":3.4939015962408404,"constant_n":10000000000,"constant_t":100,"mu":0.29999999999999999,"normal_mode":1,"tangent_mode":1,"normal_inverse_stiffness":0.0001,"tangent_inverse_stiffness":0.01,"p0":0,"beta":0,"iwan":1,"rn":-6.5052097042439527e-10,"rt":[1.4860394018188089e-08,-1.419147025664546e-08]}
MORTAR_OBSERVER {"kind":"LAW","call_id":8,"pair":0,"slot":8,"node":24,"activity":1,"ndof":3,"normal":[1.5843322063211784e-08,7.2515304541263836e-08,-0.99999999999999722],"tangents":[0.99999999999999989,-1.1488833243591273e-15,1.5843322063211745e-08,-0,0.99999999999999734,7.2515304541263836e-08],"ln":11.300311957667763,"lt":[-0.097040508917978968,-0.73660022145312321],"lt_start":[-0.072765083777980147,-0.55211781354621281],"q":0.0011300311957667764,"ut":[-0.00024277761699932534,-0.0018450014726266737],"gn":0.0011300311957667764,"gt":[-0.00024275425139998823,-0.001844824079069104],"b":3.3900935873003286,"constant_n":10000000000,"constant_t":100,"mu":0.29999999999999999,"normal_mode":1,"tangent_mode":1,"normal_inverse_stiffness":0.0001,"tangent_inverse_stiffness":0.01,"p0":0,"beta":0,"iwan":1,"rn":0,"rt":[-2.336559933710969e-08,-1.7739355756963941e-07]}
MORTAR_OBSERVER {"kind":"POST_RAW_AFTER_ACTIVE_LOOP","call_id":8,"pair":0,"slot":0,"node":1,"activity":1,"lambda_raw":[0.00050771518908920529,0.00050771518909969321,-0.013186514357202705],"gap":-0.0017582032510148481}
MORTAR_OBSERVER {"kind":"POST_RAW_AFTER_ACTIVE_LOOP","call_id":8,"pair":0,"slot":1,"node":2,"activity":1,"lambda_raw":[-6.5538309315043666e-05,0.00026092037294276585,-0.012777594587534601],"gap":-0.00085184042555903525}
MORTAR_OBSERVER {"kind":"POST_RAW_AFTER_ACTIVE_LOOP","call_id":8,"pair":0,"slot":2,"node":3,"activity":1,"lambda_raw":[0.00010155868155003408,0.00010155868154907331,-0.0125689875371119],"gap":-0.0016758667312633951}
MORTAR_OBSERVER {"kind":"POST_RAW_AFTER_ACTIVE_LOOP","call_id":8,"pair":0,"slot":3,"node":4,"activity":1,"lambda_raw":[0.00026092037297979141,-6.5538309317234351e-05,-0.012777594587533964],"gap":-0.00085184042555899438}
MORTAR_OBSERVER {"kind":"POST_RAW_AFTER_ACTIVE_LOOP","call_id":8,"pair":0,"slot":4,"node":17,"activity":1,"lambda_raw":[-0.0007365987945344057,-9.7040249850901462e-05,-0.011300302693721054],"gap":-0.0011300311957670977}
MORTAR_OBSERVER {"kind":"POST_RAW_AFTER_ACTIVE_LOOP","call_id":8,"pair":0,"slot":5,"node":18,"activity":1,"lambda_raw":[0.00031677884056088363,-0.00033175558754602565,-0.011646327674742232],"gap":-0.0011646338651967584}
MORTAR_OBSERVER {"kind":"POST_RAW_AFTER_ACTIVE_LOOP","call_id":8,"pair":0,"slot":6,"node":19,"activity":1,"lambda_raw":[-0.00016633402471439708,-0.00016633402470980207,-0.011364585339352794],"gap":-0.0022729190432214394}
MORTAR_OBSERVER {"kind":"POST_RAW_AFTER_ACTIVE_LOOP","call_id":8,"pair":0,"slot":7,"node":23,"activity":1,"lambda_raw":[-0.00033175558755821078,0.00031677884057350418,-0.011646327674742355],"gap":-0.0011646338651967734}
MORTAR_OBSERVER {"kind":"POST_RAW_AFTER_ACTIVE_LOOP","call_id":8,"pair":0,"slot":8,"node":24,"activity":1,"lambda_raw":[-9.7040249858331947e-05,-0.00073659879456435451,-0.011300302693717842],"gap":-0.0011300311957667764}
MORTAR_OBSERVER {"kind":"CFS_INVENTORY","call_id":8,"all_node_count":35,"physical_count":13}
MORTAR_OBSERVER {"kind":"CFS_NODE","call_id":8,"node":1,"force":[1.0657234627264485,1.0657234627448748,-2.4720938778115618]}
MORTAR_OBSERVER {"kind":"CFS_NODE","call_id":8,"node":2,"force":[0.09624784465447847,0.3168791561645744,-0.86952052662621571]}
MORTAR_OBSERVER {"kind":"CFS_NODE","call_id":8,"node":3,"force":[0.25129341779173386,0.25129341777912045,-1.4180443740335473]}
MORTAR_OBSERVER {"kind":"CFS_NODE","call_id":8,"node":4,"force":[0.31687915619579776,0.096247844658793991,-0.86952052662682755]}
MORTAR_OBSERVER {"kind":"CFS_NODE","call_id":8,"node":13,"force":[-0.152347024286068,-0.15234702428775843,30.572342990141944]}
MORTAR_OBSERVER {"kind":"CFS_NODE","call_id":8,"node":14,"force":[0.30540426360408945,0.12777823016492029,29.626548622877582]}
MORTAR_OBSERVER {"kind":"CFS_NODE","call_id":8,"node":15,"force":[-0.04217127855477721,-0.042171278563465711,30.174559764104522]}
MORTAR_OBSERVER {"kind":"CFS_NODE","call_id":8,"node":16,"force":[0.12777823015676867,0.30540426360828005,29.626548622875941]}
MORTAR_OBSERVER {"kind":"CFS_NODE","call_id":8,"node":17,"force":[-1.2276656821584455,-0.16173388473345923,-18.833853541469512]}
MORTAR_OBSERVER {"kind":"CFS_NODE","call_id":8,"node":18,"force":[0.52796523633272063,-0.55292650504468877,-19.410564582901205]}
MORTAR_OBSERVER {"kind":"CFS_NODE","call_id":8,"node":19,"force":[-0.55444723665190454,-0.55444723663658857,-37.881984446165525]}
MORTAR_OBSERVER {"kind":"CFS_NODE","call_id":8,"node":23,"force":[-0.55292650506499874,0.5279652363537557,-19.410564582901412]}
MORTAR_OBSERVER {"kind":"CFS_NODE","call_id":8,"node":24,"force":[-0.16173388474584355,-1.2276656822083591,-18.833853541464155]}
MORTAR_OBSERVER {"kind":"CFS_END","call_id":8,"scanned_nodes":35,"physical_count":13,"outside_nonzero_count":0}
MORTAR_OBSERVER {"kind":"SUMMARY_PRE_OVERRIDE","call_id":8,"ndiverg":14,"flag":0,"keepset":0,"max_n":1.3010428290272102e-09,"max_t":[1.7739355752388608e-07,1.7739355756963941e-07],"lm_t_av":[2.8448492990665892,2.8448492990698382],"nstick":9,"nslip":0,"ninactive":0,"nnogap":0,"nolm":0}
MORTAR_OBSERVER {"kind":"SUMMARY_POST_OVERRIDE","call_id":8,"flag":0}
MORTAR_OBSERVER {"kind":"RETURN","call_id":8}
 Using up to 2 cpu(s) for the stress calculation.

 average force= 4.669791
 time avg. forc= 2.918674
 largest residual force= 0.000000 in node 17 and dof 1
 largest increment of disp= 9.287649e-05
 largest correction to disp= 2.330020e-07 in node 24 and dof 2

MORTAR_OBSERVER {"kind":"PRE_CHECK","call_id":8,"step":1,"inc":4,"cutback":0,"iteration":2,"time":1,"dtime":0.25,"ttime":0,"tper":1,"theta":0.75,"dtheta":0.25,"icntrl":0,"nmethod":1,"iexpl":0,"ithermal":0,"uncoupled":0,"mortar":2,"iflagdualquad":2}
 convergence; the increment size is increased to 3.750000e-01

 the increment size exceeds the maximum allowed and is decreased to 2.500000e-01

 the increment size exceeds the remainder of the step and is decreased to 0.000000e+00

MORTAR_OBSERVER {"kind":"POST_CHECK","call_id":8,"step":1,"inc":4,"cutback":0,"iteration":2,"time":1,"dtime":0.25,"ttime":0,"tper":1,"theta":1,"dtheta":0,"icntrl":1,"nmethod":1,"iexpl":0,"ithermal":0,"uncoupled":0,"mortar":2,"iflagdualquad":2}
 Using up to 2 cpu(s) for the stress calculation.


 STEP            2

 *INFO reading *STEP: nonlinear geometric
       effects are turned on

 Static analysis was selected

 Newton-Raphson iterative procedure is active

 Nonlinear geometric effects are taken into account

 Determining the structure of the matrix:
 Using up to 2 cpu(s) for setting up the structure of the matrix.
 number of equations
 75
 number of nonzero lower triangular matrix elements
 1143

 increment 1 attempt 1 
 increment size= 2.500000e-01
 sum of previous increments=0.000000e+00
 actual step time=2.500000e-01
 actual total time=1.250000e+00

 iteration 1

 Determining the structure of the matrix:

 Using up to 2 cpu(s) for setting up the structure of the matrix.
 number of equations
 75
 number of nonzero lower triangular matrix elements
 1143

 Using up to 2 cpu(s) for the stress calculation.

 Using up to 2 cpu(s) for the symmetric stiffness/mass contributions.

 Using up to 2 cpu(s) for the stress calculation.

 Using up to 2 cpu(s) for the symmetric stiffness/mass contributions.

 Factoring the system of equations using the unsymmetric spooles solver
 Using 1 cpu for spooles.

MORTAR_OBSERVER {"kind":"BEGIN","call_id":9,"step":2,"inc":1,"cutback":0,"iteration":1,"time":0.25,"dtime":0.25,"ttime":1,"tper":1,"theta":0,"dtheta":0.25,"icntrl":0,"nmethod":1,"iexpl":0,"ithermal":0,"uncoupled":0,"mortar":2,"iflagdualquad":2}
MORTAR_OBSERVER {"kind":"KIN_INVENTORY","call_id":9,"all_node_count":35,"physical_count":13,"dd_count":63,"bd_count":36,"slave_count":9}
MORTAR_OBSERVER {"kind":"KIN_NODE","call_id":9,"node":1,"dd_count":9,"bd_count":0,"b2":[0.076721889651862024,0.0099367543048648511,0.042824897308890261],"vold":[-1.8651819129285558e-05,-1.8651819129203521e-05,-0.00011333255306067981],"vini":[-1.8651819129285558e-05,-1.8651819129203521e-05,-0.00011333255306067981]}
MORTAR_OBSERVER {"kind":"KIN_DD","call_id":9,"node":1,"entry":0,"row_node":1,"slave_slot":0,"value":1333.3343393655834}
MORTAR_OBSERVER {"kind":"KIN_DD","call_id":9,"node":1,"entry":1,"row_node":2,"slave_slot":1,"value":7.5199107760053208e-14}
MORTAR_OBSERVER {"kind":"KIN_DD","call_id":9,"node":1,"entry":2,"row_node":3,"slave_slot":2,"value":1.8518520025380737e-13}
MORTAR_OBSERVER {"kind":"KIN_DD","call_id":9,"node":1,"entry":3,"row_node":4,"slave_slot":3,"value":-1.2478906921415307e-13}
MORTAR_OBSERVER {"kind":"KIN_DD","call_id":9,"node":1,"entry":4,"row_node":17,"slave_slot":4,"value":-333.33361652266797}
MORTAR_OBSERVER {"kind":"KIN_DD","call_id":9,"node":1,"entry":5,"row_node":18,"slave_slot":5,"value":-1.2675047270840951e-14}
MORTAR_OBSERVER {"kind":"KIN_DD","call_id":9,"node":1,"entry":6,"row_node":19,"slave_slot":6,"value":-666.66726296477884}
MORTAR_OBSERVER {"kind":"KIN_DD","call_id":9,"node":1,"entry":7,"row_node":23,"slave_slot":7,"value":-3.7425618361670371e-13}
MORTAR_OBSERVER {"kind":"KIN_DD","call_id":9,"node":1,"entry":8,"row_node":24,"slave_slot":8,"value":-333.33361652266734}
MORTAR_OBSERVER {"kind":"KIN_NODE","call_id":9,"node":2,"dd_count":6,"bd_count":0,"b2":[0.080429900544164087,-0.0084195785653046785,-0.042699021604015654],"vold":[1.9409787070850799e-05,-2.1276020123634991e-05,-0.00010609014988737315],"vini":[1.9409787070850799e-05,-2.1276020123634991e-05,-0.00010609014988737315]}
MORTAR_OBSERVER {"kind":"KIN_DD","call_id":9,"node":2,"entry":9,"row_node":1,"slave_slot":0,"value":3.2566523894461172e-15}
MORTAR_OBSERVER {"kind":"KIN_DD","call_id":9,"node":2,"entry":10,"row_node":2,"slave_slot":1,"value":666.66728296575661}
MORTAR_OBSERVER {"kind":"KIN_DD","call_id":9,"node":2,"entry":11,"row_node":3,"slave_slot":2,"value":6.661338919786186e-15}
MORTAR_OBSERVER {"kind":"KIN_DD","call_id":9,"node":2,"entry":12,"row_node":17,"slave_slot":4,"value":-333.33361652266825}
MORTAR_OBSERVER {"kind":"KIN_DD","call_id":9,"node":2,"entry":13,"row_node":18,"slave_slot":5,"value":-333.33365533143626}
MORTAR_OBSERVER {"kind":"KIN_DD","call_id":9,"node":2,"entry":14,"row_node":19,"slave_slot":6,"value":2.189914937235159e-13}
MORTAR_OBSERVER {"kind":"KIN_NODE","call_id":9,"node":3,"dd_count":9,"bd_count":0,"b2":[0.078778490247871133,0.010005634085726006,-0.04202991753978505],"vold":[2.326667444963995e-05,2.3266674449668281e-05,-0.00011043941867480129],"vini":[2.326667444963995e-05,2.3266674449668281e-05,-0.00011043941867480129]}
MORTAR_OBSERVER {"kind":"KIN_DD","call_id":9,"node":3,"entry":15,"row_node":1,"slave_slot":0,"value":2.0515994684268658e-14}
MORTAR_OBSERVER {"kind":"KIN_DD","call_id":9,"node":3,"entry":16,"row_node":2,"slave_slot":1,"value":1.0480968089501651e-13}
MORTAR_OBSERVER {"kind":"KIN_DD","call_id":9,"node":3,"entry":17,"row_node":3,"slave_slot":2,"value":1333.33470804888}
MORTAR_OBSERVER {"kind":"KIN_DD","call_id":9,"node":3,"entry":18,"row_node":4,"slave_slot":3,"value":-9.5257135799594381e-14}
MORTAR_OBSERVER {"kind":"KIN_DD","call_id":9,"node":3,"entry":19,"row_node":17,"slave_slot":4,"value":7.3644769849891522e-15}
MORTAR_OBSERVER {"kind":"KIN_DD","call_id":9,"node":3,"entry":20,"row_node":18,"slave_slot":5,"value":-333.33365533143655}
MORTAR_OBSERVER {"kind":"KIN_DD","call_id":9,"node":3,"entry":21,"row_node":19,"slave_slot":6,"value":-666.66726296477918}
MORTAR_OBSERVER {"kind":"KIN_DD","call_id":9,"node":3,"entry":22,"row_node":23,"slave_slot":7,"value":-333.3336553314362}
MORTAR_OBSERVER {"kind":"KIN_DD","call_id":9,"node":3,"entry":23,"row_node":24,"slave_slot":8,"value":-3.9320404721530813e-15}
MORTAR_OBSERVER {"kind":"KIN_NODE","call_id":9,"node":4,"dd_count":6,"bd_count":0,"b2":[0.076331724892091127,-0.0088679202021945871,0.040949829236685255],"vold":[-2.1276020123909488e-05,1.9409787070938233e-05,-0.00010609014988733541],"vini":[-2.1276020123909488e-05,1.9409787070938233e-05,-0.00010609014988733541]}
MORTAR_OBSERVER {"kind":"KIN_DD","call_id":9,"node":4,"entry":24,"row_node":1,"slave_slot":0,"value":4.9650094869271167e-14}
MORTAR_OBSERVER {"kind":"KIN_DD","call_id":9,"node":4,"entry":25,"row_node":3,"slave_slot":2,"value":6.9870037418317637e-14}
MORTAR_OBSERVER {"kind":"KIN_DD","call_id":9,"node":4,"entry":26,"row_node":4,"slave_slot":3,"value":666.66728296575673}
MORTAR_OBSERVER {"kind":"KIN_DD","call_id":9,"node":4,"entry":27,"row_node":19,"slave_slot":6,"value":2.3074135077482704e-14}
MORTAR_OBSERVER {"kind":"KIN_DD","call_id":9,"node":4,"entry":28,"row_node":23,"slave_slot":7,"value":-333.33365533143649}
MORTAR_OBSERVER {"kind":"KIN_DD","call_id":9,"node":4,"entry":29,"row_node":24,"slave_slot":8,"value":-333.33361652266836}
MORTAR_OBSERVER {"kind":"KIN_NODE","call_id":9,"node":13,"dd_count":0,"bd_count":9,"b2":[0.067210177488542272,0.014373582850829765,0.051275534496964217],"vold":[-2.8066862268510173e-05,-2.8066862268525196e-05,-0.00011356992110190738],"vini":[-2.8066862268510173e-05,-2.8066862268525196e-05,-0.00011356992110190738]}
MORTAR_OBSERVER {"kind":"KIN_BD","call_id":9,"node":13,"entry":0,"row_node":1,"slave_slot":0,"value":-1120.3709633274834}
MORTAR_OBSERVER {"kind":"KIN_BD","call_id":9,"node":13,"entry":1,"row_node":2,"slave_slot":1,"value":-50.925940030402735}
MORTAR_OBSERVER {"kind":"KIN_BD","call_id":9,"node":13,"entry":2,"row_node":3,"slave_slot":2,"value":-9.259307744204996}
MORTAR_OBSERVER {"kind":"KIN_BD","call_id":9,"node":13,"entry":3,"row_node":4,"slave_slot":3,"value":-50.925940030402948}
MORTAR_OBSERVER {"kind":"KIN_BD","call_id":9,"node":13,"entry":4,"row_node":17,"slave_slot":4,"value":-458.33370498722149}
MORTAR_OBSERVER {"kind":"KIN_BD","call_id":9,"node":13,"entry":5,"row_node":18,"slave_slot":5,"value":-41.666762492038849}
MORTAR_OBSERVER {"kind":"KIN_BD","call_id":9,"node":13,"entry":6,"row_node":19,"slave_slot":6,"value":-268.51875469405724}
MORTAR_OBSERVER {"kind":"KIN_BD","call_id":9,"node":13,"entry":7,"row_node":23,"slave_slot":7,"value":-41.666762492038607}
MORTAR_OBSERVER {"kind":"KIN_BD","call_id":9,"node":13,"entry":8,"row_node":24,"slave_slot":8,"value":-458.33370498722223}
MORTAR_OBSERVER {"kind":"KIN_NODE","call_id":9,"node":14,"dd_count":0,"bd_count":9,"b2":[0.068003897819019846,-0.013030474113312648,-0.050849066473692528],"vold":[2.4201626574401393e-05,-2.8535390258710365e-05,-0.00010353950999479019],"vini":[2.4201626574401393e-05,-2.8535390258710365e-05,-0.00010353950999479019]}
MORTAR_OBSERVER {"kind":"KIN_BD","call_id":9,"node":14,"entry":9,"row_node":1,"slave_slot":0,"value":-101.85205834211705}
MORTAR_OBSERVER {"kind":"KIN_BD","call_id":9,"node":14,"entry":10,"row_node":2,"slave_slot":1,"value":-560.18582613200579}
MORTAR_OBSERVER {"kind":"KIN_BD","call_id":9,"node":14,"entry":11,"row_node":3,"slave_slot":2,"value":-101.8520474025626}
MORTAR_OBSERVER {"kind":"KIN_BD","call_id":9,"node":14,"entry":12,"row_node":4,"slave_slot":3,"value":-4.6295740824065685}
MORTAR_OBSERVER {"kind":"KIN_BD","call_id":9,"node":14,"entry":13,"row_node":17,"slave_slot":4,"value":-458.333510499559}
MORTAR_OBSERVER {"kind":"KIN_BD","call_id":9,"node":14,"entry":14,"row_node":18,"slave_slot":5,"value":-458.33376300392297}
MORTAR_OBSERVER {"kind":"KIN_BD","call_id":9,"node":14,"entry":15,"row_node":19,"slave_slot":6,"value":-731.482068890954}
MORTAR_OBSERVER {"kind":"KIN_BD","call_id":9,"node":14,"entry":16,"row_node":23,"slave_slot":7,"value":-41.666791625993497}
MORTAR_OBSERVER {"kind":"KIN_BD","call_id":9,"node":14,"entry":17,"row_node":24,"slave_slot":8,"value":-41.666811757788253}
MORTAR_OBSERVER {"kind":"KIN_NODE","call_id":9,"node":15,"dd_count":0,"bd_count":9,"b2":[0.068050215360476188,0.014332851024500593,-0.049930694310746704],"vold":[2.710682217014385e-05,2.7106822170201716e-05,-0.000110172262554128],"vini":[2.710682217014385e-05,2.7106822170201716e-05,-0.000110172262554128]}
MORTAR_OBSERVER {"kind":"KIN_BD","call_id":9,"node":15,"entry":18,"row_node":1,"slave_slot":0,"value":-9.2592593538675061}
MORTAR_OBSERVER {"kind":"KIN_BD","call_id":9,"node":15,"entry":19,"row_node":2,"slave_slot":1,"value":-50.925942720941158}
MORTAR_OBSERVER {"kind":"KIN_BD","call_id":9,"node":15,"entry":20,"row_node":3,"slave_slot":2,"value":-1120.3713054995505}
MORTAR_OBSERVER {"kind":"KIN_BD","call_id":9,"node":15,"entry":21,"row_node":4,"slave_slot":3,"value":-50.925942720941208}
MORTAR_OBSERVER {"kind":"KIN_BD","call_id":9,"node":15,"entry":22,"row_node":17,"slave_slot":4,"value":-41.666797488145619}
MORTAR_OBSERVER {"kind":"KIN_BD","call_id":9,"node":15,"entry":23,"row_node":18,"slave_slot":5,"value":-458.33362403706082}
MORTAR_OBSERVER {"kind":"KIN_BD","call_id":9,"node":15,"entry":24,"row_node":19,"slave_slot":6,"value":-268.51884674778933}
MORTAR_OBSERVER {"kind":"KIN_BD","call_id":9,"node":15,"entry":25,"row_node":23,"slave_slot":7,"value":-458.33362403706025}
MORTAR_OBSERVER {"kind":"KIN_BD","call_id":9,"node":15,"entry":26,"row_node":24,"slave_slot":8,"value":-41.66679748814537}
MORTAR_OBSERVER {"kind":"KIN_NODE","call_id":9,"node":16,"dd_count":0,"bd_count":9,"b2":[0.066935760886706261,-0.013209013122523492,0.048547304802052306],"vold":[-2.8535390258651648e-05,2.4201626574321538e-05,-0.00010353950999474492],"vini":[-2.8535390258651648e-05,2.4201626574321538e-05,-0.00010353950999474492]}
MORTAR_OBSERVER {"kind":"KIN_BD","call_id":9,"node":16,"entry":27,"row_node":1,"slave_slot":0,"value":-101.85205834211729}
MORTAR_OBSERVER {"kind":"KIN_BD","call_id":9,"node":16,"entry":28,"row_node":2,"slave_slot":1,"value":-4.6295740824066147}
MORTAR_OBSERVER {"kind":"KIN_BD","call_id":9,"node":16,"entry":29,"row_node":3,"slave_slot":2,"value":-101.85204740256266}
MORTAR_OBSERVER {"kind":"KIN_BD","call_id":9,"node":16,"entry":30,"row_node":4,"slave_slot":3,"value":-560.18582613200647}
MORTAR_OBSERVER {"kind":"KIN_BD","call_id":9,"node":16,"entry":31,"row_node":17,"slave_slot":4,"value":-41.666811757788196}
MORTAR_OBSERVER {"kind":"KIN_BD","call_id":9,"node":16,"entry":32,"row_node":18,"slave_slot":5,"value":-41.666791625993454}
MORTAR_OBSERVER {"kind":"KIN_BD","call_id":9,"node":16,"entry":33,"row_node":19,"slave_slot":6,"value":-731.48206889095377}
MORTAR_OBSERVER {"kind":"KIN_BD","call_id":9,"node":16,"entry":34,"row_node":23,"slave_slot":7,"value":-458.33376300392348}
MORTAR_OBSERVER {"kind":"KIN_BD","call_id":9,"node":16,"entry":35,"row_node":24,"slave_slot":8,"value":-458.33351049955786}
MORTAR_OBSERVER {"kind":"KIN_NODE","call_id":9,"node":17,"dd_count":6,"bd_count":0,"b2":[0.075340159949478014,0.00031260486570947672,8.0908451295905762e-05],"vold":[-5.3690046458016392e-06,-2.2851020685450205e-05,-0.00010961044677868645],"vini":[-5.3690046458016392e-06,-2.2851020685450205e-05,-0.00010961044677868645]}
MORTAR_OBSERVER {"kind":"KIN_DD","call_id":9,"node":17,"entry":30,"row_node":1,"slave_slot":0,"value":2.4276877046305862e-13}
MORTAR_OBSERVER {"kind":"KIN_DD","call_id":9,"node":17,"entry":31,"row_node":2,"slave_slot":1,"value":-2.5461114951003707e-13}
MORTAR_OBSERVER {"kind":"KIN_DD","call_id":9,"node":17,"entry":32,"row_node":3,"slave_slot":2,"value":-6.5133084758381588e-14}
MORTAR_OBSERVER {"kind":"KIN_DD","call_id":9,"node":17,"entry":33,"row_node":17,"slave_slot":4,"value":1666.6680577780505}
MORTAR_OBSERVER {"kind":"KIN_DD","call_id":9,"node":17,"entry":34,"row_node":18,"slave_slot":5,"value":3.6618856459328738e-13}
MORTAR_OBSERVER {"kind":"KIN_DD","call_id":9,"node":17,"entry":35,"row_node":19,"slave_slot":6,"value":-1.2397490564805584e-13}
MORTAR_OBSERVER {"kind":"KIN_NODE","call_id":9,"node":18,"dd_count":6,"bd_count":0,"b2":[0.0812070347187831,0.0010466984064206003,-0.042391362627032338],"vold":[2.3130538336491836e-05,-2.0816932734675867e-06,-0.00010820316598743466],"vini":[2.3130538336491836e-05,-2.0816932734675867e-06,-0.00010820316598743466]}
MORTAR_OBSERVER {"kind":"KIN_DD","call_id":9,"node":18,"entry":36,"row_node":1,"slave_slot":0,"value":1.2286468261240163e-13}
MORTAR_OBSERVER {"kind":"KIN_DD","call_id":9,"node":18,"entry":37,"row_node":2,"slave_slot":1,"value":-2.3092639141608016e-13}
MORTAR_OBSERVER {"kind":"KIN_DD","call_id":9,"node":18,"entry":38,"row_node":3,"slave_slot":2,"value":-9.0298140233210834e-14}
MORTAR_OBSERVER {"kind":"KIN_DD","call_id":9,"node":18,"entry":39,"row_node":17,"slave_slot":4,"value":1.8947806475165551e-13}
MORTAR_OBSERVER {"kind":"KIN_DD","call_id":9,"node":18,"entry":40,"row_node":18,"slave_slot":5,"value":1666.6682518218884}
MORTAR_OBSERVER {"kind":"KIN_DD","call_id":9,"node":18,"entry":41,"row_node":19,"slave_slot":6,"value":-3.0207318428425546e-13}
MORTAR_OBSERVER {"kind":"KIN_NODE","call_id":9,"node":19,"dd_count":9,"bd_count":0,"b2":[0.077424835995677926,0.00088996980285145459,-0.00025497013416288445],"vold":[-1.1041054726275674e-06,-1.1041054726048646e-06,-0.00010890228638792375],"vini":[-1.1041054726275674e-06,-1.1041054726048646e-06,-0.00010890228638792375]}
MORTAR_OBSERVER {"kind":"KIN_DD","call_id":9,"node":19,"entry":42,"row_node":1,"slave_slot":0,"value":2.871776918892279e-13}
MORTAR_OBSERVER {"kind":"KIN_DD","call_id":9,"node":19,"entry":43,"row_node":2,"slave_slot":1,"value":-5.9211895234892347e-14}
MORTAR_OBSERVER {"kind":"KIN_DD","call_id":9,"node":19,"entry":44,"row_node":3,"slave_slot":2,"value":2.8495724581791943e-13}
MORTAR_OBSERVER {"kind":"KIN_DD","call_id":9,"node":19,"entry":45,"row_node":4,"slave_slot":3,"value":-2.8421709712748327e-13}
MORTAR_OBSERVER {"kind":"KIN_DD","call_id":9,"node":19,"entry":46,"row_node":17,"slave_slot":4,"value":2.9605947617446172e-13}
MORTAR_OBSERVER {"kind":"KIN_DD","call_id":9,"node":19,"entry":47,"row_node":18,"slave_slot":5,"value":-1.501576655722348e-13}
MORTAR_OBSERVER {"kind":"KIN_DD","call_id":9,"node":19,"entry":48,"row_node":19,"slave_slot":6,"value":3333.3362651533125}
MORTAR_OBSERVER {"kind":"KIN_DD","call_id":9,"node":19,"entry":49,"row_node":23,"slave_slot":7,"value":1.807813176390307e-13}
MORTAR_OBSERVER {"kind":"KIN_DD","call_id":9,"node":19,"entry":50,"row_node":24,"slave_slot":8,"value":2.8810287775227309e-13}
MORTAR_OBSERVER {"kind":"KIN_NODE","call_id":9,"node":23,"dd_count":6,"bd_count":0,"b2":[0.075667781069395673,0.00068936702915600875,-0.00053826907189787705],"vold":[-2.0816932735063558e-06,2.3130538336494764e-05,-0.00010820316598741581],"vini":[-2.0816932735063558e-06,2.3130538336494764e-05,-0.00010820316598741581]}
MORTAR_OBSERVER {"kind":"KIN_DD","call_id":9,"node":23,"entry":51,"row_node":1,"slave_slot":0,"value":-8.2896653328849286e-14}
MORTAR_OBSERVER {"kind":"KIN_DD","call_id":9,"node":23,"entry":52,"row_node":3,"slave_slot":2,"value":-1.8059628046642167e-13}
MORTAR_OBSERVER {"kind":"KIN_DD","call_id":9,"node":23,"entry":53,"row_node":4,"slave_slot":3,"value":3.4194869498150328e-13}
MORTAR_OBSERVER {"kind":"KIN_DD","call_id":9,"node":23,"entry":54,"row_node":19,"slave_slot":6,"value":1.0658141142280622e-13}
MORTAR_OBSERVER {"kind":"KIN_DD","call_id":9,"node":23,"entry":55,"row_node":23,"slave_slot":7,"value":1666.6682518218884}
MORTAR_OBSERVER {"kind":"KIN_DD","call_id":9,"node":23,"entry":56,"row_node":24,"slave_slot":8,"value":-1.6866138283313867e-13}
MORTAR_OBSERVER {"kind":"KIN_NODE","call_id":9,"node":24,"dd_count":6,"bd_count":0,"b2":[0.078153424409869207,0.00043078049856334053,0.041917884835410937],"vold":[-2.2851020685498611e-05,-5.3690046456183201e-06,-0.00010961044677866738],"vini":[-2.2851020685498611e-05,-5.3690046456183201e-06,-0.00010961044677866738]}
MORTAR_OBSERVER {"kind":"KIN_DD","call_id":9,"node":24,"entry":57,"row_node":1,"slave_slot":0,"value":8.8373753638076831e-13}
MORTAR_OBSERVER {"kind":"KIN_DD","call_id":9,"node":24,"entry":58,"row_node":3,"slave_slot":2,"value":-1.6875390141944319e-13}
MORTAR_OBSERVER {"kind":"KIN_DD","call_id":9,"node":24,"entry":59,"row_node":4,"slave_slot":3,"value":5.3512750318533959e-13}
MORTAR_OBSERVER {"kind":"KIN_DD","call_id":9,"node":24,"entry":60,"row_node":19,"slave_slot":6,"value":-8.2896653328849286e-14}
MORTAR_OBSERVER {"kind":"KIN_DD","call_id":9,"node":24,"entry":61,"row_node":23,"slave_slot":7,"value":2.2500520189259093e-13}
MORTAR_OBSERVER {"kind":"KIN_DD","call_id":9,"node":24,"entry":62,"row_node":24,"slave_slot":8,"value":1666.6680577780487}
MORTAR_OBSERVER {"kind":"KIN_GAP","call_id":9,"pair":0,"slot":0,"node":1,"gap":-0.00043955081230207655}
MORTAR_OBSERVER {"kind":"KIN_GAP","call_id":9,"pair":0,"slot":1,"node":2,"gap":-0.00021296010621632433}
MORTAR_OBSERVER {"kind":"KIN_GAP","call_id":9,"pair":0,"slot":2,"node":3,"gap":-0.00041896668256663277}
MORTAR_OBSERVER {"kind":"KIN_GAP","call_id":9,"pair":0,"slot":3,"node":4,"gap":-0.00021296010621631525}
MORTAR_OBSERVER {"kind":"KIN_GAP","call_id":9,"pair":0,"slot":4,"node":17,"gap":-0.00028250779923059022}
MORTAR_OBSERVER {"kind":"KIN_GAP","call_id":9,"pair":0,"slot":5,"node":18,"gap":-0.00029115846642304322}
MORTAR_OBSERVER {"kind":"KIN_GAP","call_id":9,"pair":0,"slot":6,"node":19,"gap":-0.00056822976062351487}
MORTAR_OBSERVER {"kind":"KIN_GAP","call_id":9,"pair":0,"slot":7,"node":23,"gap":-0.0002911584664230532}
MORTAR_OBSERVER {"kind":"KIN_GAP","call_id":9,"pair":0,"slot":8,"node":24,"gap":-0.00028250779923050668}
MORTAR_OBSERVER {"kind":"INVENTORY","call_id":9,"pair_count":1,"slave_count":9}
MORTAR_OBSERVER {"kind":"PAIR","call_id":9,"pair":0,"start":0,"end":9}
MORTAR_OBSERVER {"kind":"PRE_RAW","call_id":9,"pair":0,"slot":0,"node":1,"activity":1,"lambda_raw":[0.94712847091196073,-0.023109579517447468,2.6145440815374661],"lambda_start":[0.00050771518908920529,0.00050771518909969321,-0.013186514357202705],"ddtil_count":1}
MORTAR_OBSERVER {"kind":"DDTIL","call_id":9,"pair":0,"column_slot":0,"source_slot":0,"destination_slot":0,"entry":0,"value":1333.3343393655837}
MORTAR_OBSERVER {"kind":"PRE_RAW","call_id":9,"pair":0,"slot":1,"node":2,"activity":1,"lambda_raw":[1.2489860874917929,0.043112605461363897,-4.1185218945813036],"lambda_start":[-6.5538309315043666e-05,0.00026092037294276585,-0.012777594587534601],"ddtil_count":1}
MORTAR_OBSERVER {"kind":"DDTIL","call_id":9,"pair":0,"column_slot":1,"source_slot":1,"destination_slot":1,"entry":1,"value":666.6672829657565}
MORTAR_OBSERVER {"kind":"PRE_RAW","call_id":9,"pair":0,"slot":2,"node":3,"activity":1,"lambda_raw":[1.0823793123497087,-0.013233521600694232,-2.5483909201871953],"lambda_start":[0.00010155868155003408,0.00010155868154907331,-0.0125689875371119],"ddtil_count":1}
MORTAR_OBSERVER {"kind":"DDTIL","call_id":9,"pair":0,"column_slot":2,"source_slot":2,"destination_slot":2,"entry":2,"value":1333.33470804888}
MORTAR_OBSERVER {"kind":"PRE_RAW","call_id":9,"pair":0,"slot":3,"node":4,"activity":1,"lambda_raw":[0.9285063090306348,0.012830129319440631,4.0666318026164143],"lambda_start":[0.00026092037297979141,-6.5538309317234351e-05,-0.012777594587533964],"ddtil_count":1}
MORTAR_OBSERVER {"kind":"DDTIL","call_id":9,"pair":0,"column_slot":3,"source_slot":3,"destination_slot":3,"entry":3,"value":666.66728296575695}
MORTAR_OBSERVER {"kind":"PRE_RAW","call_id":9,"pair":0,"slot":4,"node":17,"activity":1,"lambda_raw":[0.55781040408876947,-0.064810800928469192,-0.45227774604166798],"lambda_start":[-0.0007365987945344057,-9.7040249850901462e-05,-0.011300302693721054],"ddtil_count":1}
MORTAR_OBSERVER {"kind":"DDTIL","call_id":9,"pair":0,"column_slot":4,"source_slot":4,"destination_slot":4,"entry":4,"value":1000.0008247327145}
MORTAR_OBSERVER {"kind":"PRE_RAW","call_id":9,"pair":0,"slot":5,"node":18,"activity":1,"lambda_raw":[1.4331213365559532,0.056704881893315053,-3.7815808696849866],"lambda_start":[0.00031677884056088363,-0.00033175558754602565,-0.011646327674742232],"ddtil_count":1}
MORTAR_OBSERVER {"kind":"DDTIL","call_id":9,"pair":0,"column_slot":5,"source_slot":5,"destination_slot":5,"entry":5,"value":1000.0009411590161}
MORTAR_OBSERVER {"kind":"PRE_RAW","call_id":9,"pair":0,"slot":6,"node":19,"activity":1,"lambda_raw":[0.96933791452140627,0.057690037042667293,-0.28934740653071472],"lambda_start":[-0.00016633402471439708,-0.00016633402470980207,-0.011364585339352794],"ddtil_count":1}
MORTAR_OBSERVER {"kind":"DDTIL","call_id":9,"pair":0,"column_slot":6,"source_slot":6,"destination_slot":6,"entry":6,"value":2000.0017392237551}
MORTAR_OBSERVER {"kind":"PRE_RAW","call_id":9,"pair":0,"slot":7,"node":23,"activity":1,"lambda_raw":[0.69037539585333907,0.020182184445603005,0.78901991515812064],"lambda_start":[-0.00033175558755821078,0.00031677884057350418,-0.011646327674742355],"ddtil_count":1}
MORTAR_OBSERVER {"kind":"DDTIL","call_id":9,"pair":0,"column_slot":7,"source_slot":7,"destination_slot":7,"entry":7,"value":1000.0009411590161}
MORTAR_OBSERVER {"kind":"PRE_RAW","call_id":9,"pair":0,"slot":8,"node":24,"activity":1,"lambda_raw":[1.2084388175876413,-0.023370862621462776,3.8499241156817692],"lambda_start":[-9.7040249858331947e-05,-0.00073659879456435451,-0.011300302693717842],"ddtil_count":1}
MORTAR_OBSERVER {"kind":"DDTIL","call_id":9,"pair":0,"column_slot":8,"source_slot":8,"destination_slot":8,"entry":8,"value":1000.0008247327135}
MORTAR_OBSERVER {"kind":"LAW","call_id":9,"pair":0,"slot":0,"node":1,"activity":1,"ndof":3,"normal":[7.4139640564509083e-08,7.413964056489398e-08,-0.99999999999999456],"tangents":[0.99999999999999722,-5.4966863030631521e-15,7.4139640564508898e-08,-7.8886090522101181e-31,0.99999999999999734,7.4139640564894179e-08],"ln":-3486.0613143569612,"lt":[1262.8391725130712,-30.812537483572559],"lt_start":[0.6769527927045591,0.67695279271854691],"q":-0.34860613143555291,"ut":[12.621622197203497,-0.31489490276282994],"gn":-0.34860613143569613,"gt":[12.621622197203667,-0.3148949027629111],"b":-1045.8179646507776,"constant_n":10000000000,"constant_t":100,"mu":0.29999999999999999,"normal_mode":1,"tangent_mode":1,"normal_inverse_stiffness":0.0001,"tangent_inverse_stiffness":0.01,"p0":0,"beta":0,"iwan":1,"rn":-1045.8183943070883,"rt":[-1.7053025658242404e-13,8.1157303100098943e-14]}
MORTAR_OBSERVER {"kind":"LAW","call_id":9,"pair":0,"slot":1,"node":2,"activity":1,"ndof":3,"normal":[6.8387805827692747e-08,-4.1027950443498291e-08,-0.99999999999999689],"tangents":[0.99999999999999767,2.8058115084381685e-15,6.8387805827692694e-08,-3.944304526105059e-31,0.99999999999999922,-4.102795044349839e-08],"ln":2745.683857059938,"lt":[832.65797363889169,28.741876194281016],"lt_start":[-0.043692829156205842,0.17394742559283358],"q":0.27456838570591424,"ut":[8.3270166646803716,0.28567928768690898],"gn":0.27456838570599379,"gt":[8.3270166646804782,0.28567928768688183],"b":823.70491847554229,"constant_n":10000000000,"constant_t":100,"mu":0.29999999999999999,"normal_mode":1,"tangent_mode":1,"normal_inverse_stiffness":0.0001,"tangent_inverse_stiffness":0.01,"p0":0,"beta":0,"iwan":1,"rn":0.00023864243905791227,"rt":[-1.0658141036401503e-13,2.7144952952085077e-14]}
MORTAR_OBSERVER {"kind":"LAW","call_id":9,"pair":0,"slot":2,"node":3,"activity":1,"ndof":3,"normal":[-4.5208292547312871e-08,-4.52082925469361e-08,-0.999999999999998],"tangents":[0.999999999999999,-2.0437897150263934e-15,-4.5208292547312824e-08,3.944304526105059e-31,0.999999999999999,-4.5208292546936146e-08],"ln":3397.8579991164629,"lt":[1443.1740580413064,-17.644560048558802],"lt_start":[0.13541247264507875,0.13541247264379797],"q":0.33978579991167457,"ut":[14.430386455686454,-0.17779972521201115],"gn":0.33978579991164631,"gt":[14.430386455686612,-0.177799725212026],"b":1019.3574845004669,"constant_n":10000000000,"constant_t":100,"mu":0.29999999999999999,"normal_mode":1,"tangent_mode":1,"normal_inverse_stiffness":0.0001,"tangent_inverse_stiffness":0.01,"p0":0,"beta":0,"iwan":1,"rn":-8.4765528072239249e-05,"rt":[-1.5809575870662229e-13,1.4849232954361469e-14]}
MORTAR_OBSERVER {"kind":"LAW","call_id":9,"pair":0,"slot":3,"node":4,"activity":1,"ndof":3,"normal":[-4.1027950443876154e-08,6.8387805828061921e-08,-0.99999999999999689],"tangents":[0.99999999999999922,2.8058115084791518e-15,-4.1027950443876068e-08,3.944304526105059e-31,0.99999999999999778,6.8387805828061987e-08],"ln":-2711.0903994839618,"lt":[619.00466702753477,8.5536128590128886],"lt_start":[0.1739474256175173,-0.043692829157666827],"q":-0.27110903994836127,"ut":[6.1883071960191547,0.085973056881801874],"gn":-0.27110903994839619,"gt":[6.1883071960191733,0.085973056881705562],"b":-813.32701509564606,"constant_n":10000000000,"constant_t":100,"mu":0.29999999999999999,"normal_mode":1,"tangent_mode":1,"normal_inverse_stiffness":0.0001,"tangent_inverse_stiffness":0.01,"p0":0,"beta":0,"iwan":1,"rn":-813.32711984518858,"rt":[-1.865174681370263e-14,9.631184738623233e-14]}
MORTAR_OBSERVER {"kind":"LAW","call_id":9,"pair":0,"slot":4,"node":17,"activity":1,"ndof":3,"normal":[7.2424004571337343e-08,1.5395559165892368e-08,-0.99999999999999734],"tangents":[0.99999999999999745,-1.1150080474088865e-15,7.2424004571337343e-08,-0,1,1.5395559165892408e-08],"ln":452.27815845101725,"lt":[557.8108313774643,-64.810861343131506],"lt_start":[-0.73660022044537588,-0.097040503857792323],"q":0.04522781584506632,"ut":[5.5854743159787938,-0.64713820839268132],"gn":0.045227815845101729,"gt":[5.5854743159790967,-0.64713820839273706],"b":135.68334130777839,"constant_n":10000000000,"constant_t":100,"mu":0.29999999999999999,"normal_mode":1,"tangent_mode":1,"normal_inverse_stiffness":0.0001,"tangent_inverse_stiffness":0.01,"p0":0,"beta":0,"iwan":1,"rn":0.00010622752677136305,"rt":[-3.028688411177427e-13,5.5733195836182858e-14]}
MORTAR_OBSERVER {"kind":"LAW","call_id":9,"pair":0,"slot":5,"node":18,"activity":1,"ndof":3,"normal":[1.196430858954852e-08,-4.3492668962924582e-08,-0.999999999999999],"tangents":[1,5.2035971285550893e-16,1.196430858954851e-08,-0,0.99999999999999911,-4.3492668962924588e-08],"ln":3781.5844434339865,"lt":[1433.1226401069771,56.705099732825566],"lt_start":[0.31677899935975595,-0.33175539325043679],"q":0.37815844434344836,"ut":[14.328058611076072,0.5703685512607497],"gn":0.37815844434339868,"gt":[14.328058611076173,0.57036855126076003],"b":1134.475482077637,"constant_n":10000000000,"constant_t":100,"mu":0.29999999999999999,"normal_mode":1,"tangent_mode":1,"normal_inverse_stiffness":0.0001,"tangent_inverse_stiffness":0.01,"p0":0,"beta":0,"iwan":1,"rn":-0.00014904744102750556,"rt":[-1.0125233984581428e-13,-1.0325074129013956e-14]}
MORTAR_OBSERVER {"kind":"LAW","call_id":9,"pair":0,"slot":6,"node":19,"activity":1,"ndof":3,"normal":[1.446566586541265e-08,1.4465665865794023e-08,-0.99999999999999978],"tangents":[0.99999999999999989,-2.0925548893528156e-16,1.4465665865412648e-08,-0,0.99999999999999989,1.4465665865794025e-08],"ln":578.69534601462442,"lt":[1938.677506567127,115.38016605000435],"lt_start":[-0.33266866751375551,-0.33266866750456553],"q":0.057869534601452777,"ut":[19.390101752345974,1.1571283471751674],"gn":0.057869534601462443,"gt":[19.390101752346407,1.1571283471750891],"b":173.60857480674969,"constant_n":10000000000,"constant_t":100,"mu":0.29999999999999999,"normal_mode":1,"tangent_mode":1,"normal_inverse_stiffness":0.0001,"tangent_inverse_stiffness":0.01,"p0":0,"beta":0,"iwan":1,"rn":2.8997637627981021e-05,"rt":[-4.3343106881366111e-13,7.8381745538536052e-14]}
MORTAR_OBSERVER {"kind":"LAW","call_id":9,"pair":0,"slot":7,"node":23,"activity":1,"ndof":3,"normal":[-4.3492668963301889e-08,1.1964308589921484e-08,-0.999999999999999],"tangents":[0.99999999999999911,5.2035971287624483e-16,-4.3492668963301889e-08,-0,1,1.1964308589921497e-08],"ln":-789.02068753615765,"lt":[690.37601128975257,20.182212880334493],"lt_start":[-0.33175539326262177,0.31677899937237669],"q":-0.07890206875358205,"ut":[6.9070776668299265,0.19865433880961569],"gn":-0.078902068753615773,"gt":[6.9070776668301521,0.19865433880962116],"b":-236.70610509177416,"constant_n":10000000000,"constant_t":100,"mu":0.29999999999999999,"normal_mode":1,"tangent_mode":1,"normal_inverse_stiffness":0.0001,"tangent_inverse_stiffness":0.01,"p0":0,"beta":0,"iwan":1,"rn":-236.7062062608473,"rt":[-2.2559731860383181e-13,-5.467848396278896e-15]}
MORTAR_OBSERVER {"kind":"LAW","call_id":9,"pair":0,"slot":8,"node":24,"activity":1,"ndof":3,"normal":[1.539555916551032e-08,7.2424004571714789e-08,-0.99999999999999734],"tangents":[0.99999999999999989,-1.1150080473870252e-15,1.5395559165510284e-08,-1.9721522630525295e-31,0.99999999999999745,7.2424004571714789e-08],"ln":-3849.9272739281273,"lt":[1208.4398734984495,-23.370603069025947],"lt_start":[-0.097040503865221894,-0.73660022047532414],"q":-0.38499272739280999,"ut":[12.085369140023438,-0.22634002848559914],"gn":-0.38499272739281276,"gt":[12.085369140023147,-0.22634002848550622],"b":-1154.9781738517654,"constant_n":10000000000,"constant_t":100,"mu":0.29999999999999999,"normal_mode":1,"tangent_mode":1,"normal_inverse_stiffness":0.0001,"tangent_inverse_stiffness":0.01,"p0":0,"beta":0,"iwan":1,"rn":-1154.9781821784381,"rt":[2.9132252166164108e-13,-9.2925667161125602e-14]}
MORTAR_OBSERVER {"kind":"POST_RAW_AFTER_ACTIVE_LOOP","call_id":9,"pair":0,"slot":0,"node":1,"activity":0,"lambda_raw":[0,0,0],"gap":0.34860613143555291}
MORTAR_OBSERVER {"kind":"POST_RAW_AFTER_ACTIVE_LOOP","call_id":9,"pair":0,"slot":1,"node":2,"activity":2,"lambda_raw":[1.2489860874917929,0.043112605461363897,-4.1185218945813036],"gap":-0.27456838570591424}
MORTAR_OBSERVER {"kind":"POST_RAW_AFTER_ACTIVE_LOOP","call_id":9,"pair":0,"slot":2,"node":3,"activity":2,"lambda_raw":[1.0823793123497087,-0.013233521600694232,-2.5483909201871953],"gap":-0.33978579991167457}
MORTAR_OBSERVER {"kind":"POST_RAW_AFTER_ACTIVE_LOOP","call_id":9,"pair":0,"slot":3,"node":4,"activity":0,"lambda_raw":[0,0,0],"gap":0.27110903994836127}
MORTAR_OBSERVER {"kind":"POST_RAW_AFTER_ACTIVE_LOOP","call_id":9,"pair":0,"slot":4,"node":17,"activity":2,"lambda_raw":[0.55781040408876947,-0.064810800928469192,-0.45227774604166798],"gap":-0.04522781584506632}
MORTAR_OBSERVER {"kind":"POST_RAW_AFTER_ACTIVE_LOOP","call_id":9,"pair":0,"slot":5,"node":18,"activity":2,"lambda_raw":[1.4331213365559532,0.056704881893315053,-3.7815808696849866],"gap":-0.37815844434344836}
MORTAR_OBSERVER {"kind":"POST_RAW_AFTER_ACTIVE_LOOP","call_id":9,"pair":0,"slot":6,"node":19,"activity":2,"lambda_raw":[0.96933791452140627,0.057690037042667293,-0.28934740653071472],"gap":-0.057869534601452777}
MORTAR_OBSERVER {"kind":"POST_RAW_AFTER_ACTIVE_LOOP","call_id":9,"pair":0,"slot":7,"node":23,"activity":0,"lambda_raw":[0,0,0],"gap":0.07890206875358205}
MORTAR_OBSERVER {"kind":"POST_RAW_AFTER_ACTIVE_LOOP","call_id":9,"pair":0,"slot":8,"node":24,"activity":0,"lambda_raw":[0,0,0],"gap":0.38499272739280999}
MORTAR_OBSERVER {"kind":"CFS_INVENTORY","call_id":9,"all_node_count":35,"physical_count":13}
MORTAR_OBSERVER {"kind":"CFS_NODE","call_id":9,"node":1,"force":[-832.16281369085277,-16.856440432354386,343.65782031857799]}
MORTAR_OBSERVER {"kind":"CFS_NODE","call_id":9,"node":2,"force":[169.01362843363458,31.443736651083388,-1334.3962503111798]}
MORTAR_OBSERVER {"kind":"CFS_NODE","call_id":9,"node":3,"force":[319.24047642030382,-75.006418312128005,-1944.431445780893]}
MORTAR_OBSERVER {"kind":"CFS_NODE","call_id":9,"node":4,"force":[9.7992517030079369e-14,4.0652105793086533e-16,-1.8473261009258926e-13]}
MORTAR_OBSERVER {"kind":"CFS_NODE","call_id":9,"node":13,"force":[-649.29011896341888,9.7783920505561976,675.89150704363112]}
MORTAR_OBSERVER {"kind":"CFS_NODE","call_id":9,"node":14,"force":[-2431.4712511706134,-61.287236879089406,4718.8690994897397]}
MORTAR_OBSERVER {"kind":"CFS_NODE","call_id":9,"node":15,"force":[-2216.6478851024772,-26.149249921109476,4894.6495340274632]}
MORTAR_OBSERVER {"kind":"CFS_NODE","call_id":9,"node":16,"force":[-908.03387502623957,-40.713210437725557,666.68958840202572]}
MORTAR_OBSERVER {"kind":"CFS_NODE","call_id":9,"node":17,"force":[929.68478279101907,-108.01809170649163,-753.79687257150124]}
MORTAR_OBSERVER {"kind":"CFS_NODE","call_id":9,"node":18,"force":[2388.5378326463579,94.508226374898015,-6302.6407772009716]}
MORTAR_OBSERVER {"kind":"CFS_NODE","call_id":9,"node":19,"force":[3231.1292236622853,192.30029261236081,-964.49220341688977]}
MORTAR_OBSERVER {"kind":"CFS_NODE","call_id":9,"node":23,"force":[-9.2160274788829663e-14,8.5386103515988791e-15,4.2939086638063706e-13]}
MORTAR_OBSERVER {"kind":"CFS_NODE","call_id":9,"node":24,"force":[-2.6301060083329818e-13,-2.5491026016188375e-15,4.5403684177425235e-13]}
MORTAR_OBSERVER {"kind":"CFS_END","call_id":9,"scanned_nodes":35,"physical_count":13,"outside_nonzero_count":0}
MORTAR_OBSERVER {"kind":"SUMMARY_PRE_OVERRIDE","call_id":9,"ndiverg":14,"flag":1,"keepset":0,"max_n":1154.9781821784381,"max_t":[4.3343106881366111e-13,9.631184738623233e-14],"lm_t_av":[6205.4430097317663,283.28256336880122],"nstick":0,"nslip":5,"ninactive":4,"nnogap":0,"nolm":0}
MORTAR_OBSERVER {"kind":"SUMMARY_POST_OVERRIDE","call_id":9,"flag":1}
MORTAR_OBSERVER {"kind":"RETURN","call_id":9}
 Using up to 2 cpu(s) for the stress calculation.

 average force= 952.186661
 time avg. forc= 952.186661
 largest residual force= 6428.068182 in node 24 and dof 3
 largest increment of disp= 1.572672e-01
 largest correction to disp= 1.572672e-01 in node 27 and dof 1

MORTAR_OBSERVER {"kind":"PRE_CHECK","call_id":9,"step":2,"inc":1,"cutback":0,"iteration":1,"time":0.25,"dtime":0.25,"ttime":1,"tper":1,"theta":0,"dtheta":0.25,"icntrl":0,"nmethod":1,"iexpl":0,"ithermal":0,"uncoupled":0,"mortar":2,"iflagdualquad":2}
 no convergence

MORTAR_OBSERVER {"kind":"POST_CHECK","call_id":9,"step":2,"inc":1,"cutback":0,"iteration":2,"time":0.25,"dtime":0.25,"ttime":1,"tper":1,"theta":0,"dtheta":0.25,"icntrl":0,"nmethod":1,"iexpl":0,"ithermal":0,"uncoupled":0,"mortar":2,"iflagdualquad":2}
 iteration 2

 Determining the structure of the matrix:

 Using up to 2 cpu(s) for setting up the structure of the matrix.
 number of equations
 75
 number of nonzero lower triangular matrix elements
 1143

 Using up to 2 cpu(s) for the stress calculation.

 Using up to 2 cpu(s) for the symmetric stiffness/mass contributions.

 Using up to 2 cpu(s) for the stress calculation.

 Using up to 2 cpu(s) for the symmetric stiffness/mass contributions.

 Factoring the system of equations using the unsymmetric spooles solver
 Using 1 cpu for spooles.

MORTAR_OBSERVER {"kind":"BEGIN","call_id":10,"step":2,"inc":1,"cutback":0,"iteration":2,"time":0.25,"dtime":0.25,"ttime":1,"tper":1,"theta":0,"dtheta":0.25,"icntrl":0,"nmethod":1,"iexpl":0,"ithermal":0,"uncoupled":0,"mortar":2,"iflagdualquad":2}
MORTAR_OBSERVER {"kind":"KIN_INVENTORY","call_id":10,"all_node_count":35,"physical_count":13,"dd_count":63,"bd_count":36,"slave_count":9}
MORTAR_OBSERVER {"kind":"KIN_NODE","call_id":10,"node":1,"dd_count":9,"bd_count":0,"b2":[0.1707940205360747,-0.011919481124162946,-0.039801844030213029],"vold":[0.076703237832732737,0.0099181024857356477,0.04271156475582958],"vini":[-1.8651819129285558e-05,-1.8651819129203521e-05,-0.00011333255306067981]}
MORTAR_OBSERVER {"kind":"KIN_DD","call_id":10,"node":1,"entry":0,"row_node":1,"slave_slot":0,"value":1333.3343393655834}
MORTAR_OBSERVER {"kind":"KIN_DD","call_id":10,"node":1,"entry":1,"row_node":2,"slave_slot":1,"value":7.5199107760053208e-14}
MORTAR_OBSERVER {"kind":"KIN_DD","call_id":10,"node":1,"entry":2,"row_node":3,"slave_slot":2,"value":1.8518520025380737e-13}
MORTAR_OBSERVER {"kind":"KIN_DD","call_id":10,"node":1,"entry":3,"row_node":4,"slave_slot":3,"value":-1.2478906921415307e-13}
MORTAR_OBSERVER {"kind":"KIN_DD","call_id":10,"node":1,"entry":4,"row_node":17,"slave_slot":4,"value":-333.33361652266797}
MORTAR_OBSERVER {"kind":"KIN_DD","call_id":10,"node":1,"entry":5,"row_node":18,"slave_slot":5,"value":-1.2675047270840951e-14}
MORTAR_OBSERVER {"kind":"KIN_DD","call_id":10,"node":1,"entry":6,"row_node":19,"slave_slot":6,"value":-666.66726296477884}
MORTAR_OBSERVER {"kind":"KIN_DD","call_id":10,"node":1,"entry":7,"row_node":23,"slave_slot":7,"value":-3.7425618361670371e-13}
MORTAR_OBSERVER {"kind":"KIN_DD","call_id":10,"node":1,"entry":8,"row_node":24,"slave_slot":8,"value":-333.33361652266734}
MORTAR_OBSERVER {"kind":"KIN_NODE","call_id":10,"node":2,"dd_count":6,"bd_count":0,"b2":[0.16714661420470606,0.012879621168252885,0.042102865144463979],"vold":[0.080449310331234938,-0.0084408545854283128,-0.04280511175390303],"vini":[1.9409787070850799e-05,-2.1276020123634991e-05,-0.00010609014988737315]}
MORTAR_OBSERVER {"kind":"KIN_DD","call_id":10,"node":2,"entry":9,"row_node":1,"slave_slot":0,"value":3.2566523894461172e-15}
MORTAR_OBSERVER {"kind":"KIN_DD","call_id":10,"node":2,"entry":10,"row_node":2,"slave_slot":1,"value":666.66728296575661}
MORTAR_OBSERVER {"kind":"KIN_DD","call_id":10,"node":2,"entry":11,"row_node":3,"slave_slot":2,"value":6.661338919786186e-15}
MORTAR_OBSERVER {"kind":"KIN_DD","call_id":10,"node":2,"entry":12,"row_node":17,"slave_slot":4,"value":-333.33361652266825}
MORTAR_OBSERVER {"kind":"KIN_DD","call_id":10,"node":2,"entry":13,"row_node":18,"slave_slot":5,"value":-333.33365533143626}
MORTAR_OBSERVER {"kind":"KIN_DD","call_id":10,"node":2,"entry":14,"row_node":19,"slave_slot":6,"value":2.189914937235159e-13}
MORTAR_OBSERVER {"kind":"KIN_NODE","call_id":10,"node":3,"dd_count":9,"bd_count":0,"b2":[0.16554721146574614,-0.010746746227673219,0.041155380932084665],"vold":[0.078801756922320776,0.010028900760175674,-0.04214035695845985],"vini":[2.326667444963995e-05,2.3266674449668281e-05,-0.00011043941867480129]}
MORTAR_OBSERVER {"kind":"KIN_DD","call_id":10,"node":3,"entry":15,"row_node":1,"slave_slot":0,"value":2.0515994684268658e-14}
MORTAR_OBSERVER {"kind":"KIN_DD","call_id":10,"node":3,"entry":16,"row_node":2,"slave_slot":1,"value":1.0480968089501651e-13}
MORTAR_OBSERVER {"kind":"KIN_DD","call_id":10,"node":3,"entry":17,"row_node":3,"slave_slot":2,"value":1333.33470804888}
MORTAR_OBSERVER {"kind":"KIN_DD","call_id":10,"node":3,"entry":18,"row_node":4,"slave_slot":3,"value":-9.5257135799594381e-14}
MORTAR_OBSERVER {"kind":"KIN_DD","call_id":10,"node":3,"entry":19,"row_node":17,"slave_slot":4,"value":7.3644769849891522e-15}
MORTAR_OBSERVER {"kind":"KIN_DD","call_id":10,"node":3,"entry":20,"row_node":18,"slave_slot":5,"value":-333.33365533143655}
MORTAR_OBSERVER {"kind":"KIN_DD","call_id":10,"node":3,"entry":21,"row_node":19,"slave_slot":6,"value":-666.66726296477918}
MORTAR_OBSERVER {"kind":"KIN_DD","call_id":10,"node":3,"entry":22,"row_node":23,"slave_slot":7,"value":-333.3336553314362}
MORTAR_OBSERVER {"kind":"KIN_DD","call_id":10,"node":3,"entry":23,"row_node":24,"slave_slot":8,"value":-3.9320404721530813e-15}
MORTAR_OBSERVER {"kind":"KIN_NODE","call_id":10,"node":4,"dd_count":6,"bd_count":0,"b2":[0.16794778941889818,0.0077872551100126551,-0.038371798265723275],"vold":[0.076310448871967224,-0.0088485104151236494,0.04084373908679792],"vini":[-2.1276020123909488e-05,1.9409787070938233e-05,-0.00010609014988733541]}
MORTAR_OBSERVER {"kind":"KIN_DD","call_id":10,"node":4,"entry":24,"row_node":1,"slave_slot":0,"value":4.9650094869271167e-14}
MORTAR_OBSERVER {"kind":"KIN_DD","call_id":10,"node":4,"entry":25,"row_node":3,"slave_slot":2,"value":6.9870037418317637e-14}
MORTAR_OBSERVER {"kind":"KIN_DD","call_id":10,"node":4,"entry":26,"row_node":4,"slave_slot":3,"value":666.66728296575673}
MORTAR_OBSERVER {"kind":"KIN_DD","call_id":10,"node":4,"entry":27,"row_node":19,"slave_slot":6,"value":2.3074135077482704e-14}
MORTAR_OBSERVER {"kind":"KIN_DD","call_id":10,"node":4,"entry":28,"row_node":23,"slave_slot":7,"value":-333.33365533143649}
MORTAR_OBSERVER {"kind":"KIN_DD","call_id":10,"node":4,"entry":29,"row_node":24,"slave_slot":8,"value":-333.33361652266836}
MORTAR_OBSERVER {"kind":"KIN_NODE","call_id":10,"node":13,"dd_count":0,"bd_count":9,"b2":[-0.066820187942435369,-0.012118885915895602,-0.050258232698104005],"vold":[0.067182110626273758,0.014345515988561239,0.051161964575862313],"vini":[-2.8066862268510173e-05,-2.8066862268525196e-05,-0.00011356992110190738]}
MORTAR_OBSERVER {"kind":"KIN_BD","call_id":10,"node":13,"entry":0,"row_node":1,"slave_slot":0,"value":-1120.3709633274834}
MORTAR_OBSERVER {"kind":"KIN_BD","call_id":10,"node":13,"entry":1,"row_node":2,"slave_slot":1,"value":-50.925940030402735}
MORTAR_OBSERVER {"kind":"KIN_BD","call_id":10,"node":13,"entry":2,"row_node":3,"slave_slot":2,"value":-9.259307744204996}
MORTAR_OBSERVER {"kind":"KIN_BD","call_id":10,"node":13,"entry":3,"row_node":4,"slave_slot":3,"value":-50.925940030402948}
MORTAR_OBSERVER {"kind":"KIN_BD","call_id":10,"node":13,"entry":4,"row_node":17,"slave_slot":4,"value":-458.33370498722149}
MORTAR_OBSERVER {"kind":"KIN_BD","call_id":10,"node":13,"entry":5,"row_node":18,"slave_slot":5,"value":-41.666762492038849}
MORTAR_OBSERVER {"kind":"KIN_BD","call_id":10,"node":13,"entry":6,"row_node":19,"slave_slot":6,"value":-268.51875469405724}
MORTAR_OBSERVER {"kind":"KIN_BD","call_id":10,"node":13,"entry":7,"row_node":23,"slave_slot":7,"value":-41.666762492038607}
MORTAR_OBSERVER {"kind":"KIN_BD","call_id":10,"node":13,"entry":8,"row_node":24,"slave_slot":8,"value":-458.33370498722223}
MORTAR_OBSERVER {"kind":"KIN_NODE","call_id":10,"node":14,"dd_count":0,"bd_count":9,"b2":[-0.067466770320592423,0.01137825883868177,0.050155746819218569],"vold":[0.068028099445594251,-0.013059009503571358,-0.050952605983687317],"vini":[2.4201626574401393e-05,-2.8535390258710365e-05,-0.00010353950999479019]}
MORTAR_OBSERVER {"kind":"KIN_BD","call_id":10,"node":14,"entry":9,"row_node":1,"slave_slot":0,"value":-101.85205834211705}
MORTAR_OBSERVER {"kind":"KIN_BD","call_id":10,"node":14,"entry":10,"row_node":2,"slave_slot":1,"value":-560.18582613200579}
MORTAR_OBSERVER {"kind":"KIN_BD","call_id":10,"node":14,"entry":11,"row_node":3,"slave_slot":2,"value":-101.8520474025626}
MORTAR_OBSERVER {"kind":"KIN_BD","call_id":10,"node":14,"entry":12,"row_node":4,"slave_slot":3,"value":-4.6295740824065685}
MORTAR_OBSERVER {"kind":"KIN_BD","call_id":10,"node":14,"entry":13,"row_node":17,"slave_slot":4,"value":-458.333510499559}
MORTAR_OBSERVER {"kind":"KIN_BD","call_id":10,"node":14,"entry":14,"row_node":18,"slave_slot":5,"value":-458.33376300392297}
MORTAR_OBSERVER {"kind":"KIN_BD","call_id":10,"node":14,"entry":15,"row_node":19,"slave_slot":6,"value":-731.482068890954}
MORTAR_OBSERVER {"kind":"KIN_BD","call_id":10,"node":14,"entry":16,"row_node":23,"slave_slot":7,"value":-41.666791625993497}
MORTAR_OBSERVER {"kind":"KIN_BD","call_id":10,"node":14,"entry":17,"row_node":24,"slave_slot":8,"value":-41.666811757788253}
MORTAR_OBSERVER {"kind":"KIN_NODE","call_id":10,"node":15,"dd_count":0,"bd_count":9,"b2":[-0.066080290468919098,-0.014415657527014947,0.048871805859743211],"vold":[0.068077322182646338,0.014359957846670796,-0.050040866573300834],"vini":[2.710682217014385e-05,2.7106822170201716e-05,-0.000110172262554128]}
MORTAR_OBSERVER {"kind":"KIN_BD","call_id":10,"node":15,"entry":18,"row_node":1,"slave_slot":0,"value":-9.2592593538675061}
MORTAR_OBSERVER {"kind":"KIN_BD","call_id":10,"node":15,"entry":19,"row_node":2,"slave_slot":1,"value":-50.925942720941158}
MORTAR_OBSERVER {"kind":"KIN_BD","call_id":10,"node":15,"entry":20,"row_node":3,"slave_slot":2,"value":-1120.3713054995505}
MORTAR_OBSERVER {"kind":"KIN_BD","call_id":10,"node":15,"entry":21,"row_node":4,"slave_slot":3,"value":-50.925942720941208}
MORTAR_OBSERVER {"kind":"KIN_BD","call_id":10,"node":15,"entry":22,"row_node":17,"slave_slot":4,"value":-41.666797488145619}
MORTAR_OBSERVER {"kind":"KIN_BD","call_id":10,"node":15,"entry":23,"row_node":18,"slave_slot":5,"value":-458.33362403706082}
MORTAR_OBSERVER {"kind":"KIN_BD","call_id":10,"node":15,"entry":24,"row_node":19,"slave_slot":6,"value":-268.51884674778933}
MORTAR_OBSERVER {"kind":"KIN_BD","call_id":10,"node":15,"entry":25,"row_node":23,"slave_slot":7,"value":-458.33362403706025}
MORTAR_OBSERVER {"kind":"KIN_BD","call_id":10,"node":15,"entry":26,"row_node":24,"slave_slot":8,"value":-41.66679748814537}
MORTAR_OBSERVER {"kind":"KIN_NODE","call_id":10,"node":16,"dd_count":0,"bd_count":9,"b2":[-0.065311509240866789,0.013303705152703984,-0.047628826088259649],"vold":[0.066907225496447606,-0.01318481149594917,0.048443765292057558],"vini":[-2.8535390258651648e-05,2.4201626574321538e-05,-0.00010353950999474492]}
MORTAR_OBSERVER {"kind":"KIN_BD","call_id":10,"node":16,"entry":27,"row_node":1,"slave_slot":0,"value":-101.85205834211729}
MORTAR_OBSERVER {"kind":"KIN_BD","call_id":10,"node":16,"entry":28,"row_node":2,"slave_slot":1,"value":-4.6295740824066147}
MORTAR_OBSERVER {"kind":"KIN_BD","call_id":10,"node":16,"entry":29,"row_node":3,"slave_slot":2,"value":-101.85204740256266}
MORTAR_OBSERVER {"kind":"KIN_BD","call_id":10,"node":16,"entry":30,"row_node":4,"slave_slot":3,"value":-560.18582613200647}
MORTAR_OBSERVER {"kind":"KIN_BD","call_id":10,"node":16,"entry":31,"row_node":17,"slave_slot":4,"value":-41.666811757788196}
MORTAR_OBSERVER {"kind":"KIN_BD","call_id":10,"node":16,"entry":32,"row_node":18,"slave_slot":5,"value":-41.666791625993454}
MORTAR_OBSERVER {"kind":"KIN_BD","call_id":10,"node":16,"entry":33,"row_node":19,"slave_slot":6,"value":-731.48206889095377}
MORTAR_OBSERVER {"kind":"KIN_BD","call_id":10,"node":16,"entry":34,"row_node":23,"slave_slot":7,"value":-458.33376300392348}
MORTAR_OBSERVER {"kind":"KIN_BD","call_id":10,"node":16,"entry":35,"row_node":24,"slave_slot":8,"value":-458.33351049955786}
MORTAR_OBSERVER {"kind":"KIN_NODE","call_id":10,"node":17,"dd_count":6,"bd_count":0,"b2":[0.17143497575372729,-0.0023166727545589562,0.00049214581560266325],"vold":[0.075334790944832211,0.00028975384502402652,-2.8701995482780689e-05],"vini":[-5.3690046458016392e-06,-2.2851020685450205e-05,-0.00010961044677868645]}
MORTAR_OBSERVER {"kind":"KIN_DD","call_id":10,"node":17,"entry":30,"row_node":1,"slave_slot":0,"value":2.4276877046305862e-13}
MORTAR_OBSERVER {"kind":"KIN_DD","call_id":10,"node":17,"entry":31,"row_node":2,"slave_slot":1,"value":-2.5461114951003707e-13}
MORTAR_OBSERVER {"kind":"KIN_DD","call_id":10,"node":17,"entry":32,"row_node":3,"slave_slot":2,"value":-6.5133084758381588e-14}
MORTAR_OBSERVER {"kind":"KIN_DD","call_id":10,"node":17,"entry":33,"row_node":17,"slave_slot":4,"value":1666.6680577780505}
MORTAR_OBSERVER {"kind":"KIN_DD","call_id":10,"node":17,"entry":34,"row_node":18,"slave_slot":5,"value":3.6618856459328738e-13}
MORTAR_OBSERVER {"kind":"KIN_DD","call_id":10,"node":17,"entry":35,"row_node":19,"slave_slot":6,"value":-1.2397490564805584e-13}
MORTAR_OBSERVER {"kind":"KIN_NODE","call_id":10,"node":18,"dd_count":6,"bd_count":0,"b2":[0.16447286447090598,0.0023479039998341731,0.04166156357659459],"vold":[0.081230165257119596,0.0010446167131471327,-0.042499565793019771],"vini":[2.3130538336491836e-05,-2.0816932734675867e-06,-0.00010820316598743466]}
MORTAR_OBSERVER {"kind":"KIN_DD","call_id":10,"node":18,"entry":36,"row_node":1,"slave_slot":0,"value":1.2286468261240163e-13}
MORTAR_OBSERVER {"kind":"KIN_DD","call_id":10,"node":18,"entry":37,"row_node":2,"slave_slot":1,"value":-2.3092639141608016e-13}
MORTAR_OBSERVER {"kind":"KIN_DD","call_id":10,"node":18,"entry":38,"row_node":3,"slave_slot":2,"value":-9.0298140233210834e-14}
MORTAR_OBSERVER {"kind":"KIN_DD","call_id":10,"node":18,"entry":39,"row_node":17,"slave_slot":4,"value":1.8947806475165551e-13}
MORTAR_OBSERVER {"kind":"KIN_DD","call_id":10,"node":18,"entry":40,"row_node":18,"slave_slot":5,"value":1666.6682518218884}
MORTAR_OBSERVER {"kind":"KIN_DD","call_id":10,"node":18,"entry":41,"row_node":19,"slave_slot":6,"value":-3.0207318428425546e-13}
MORTAR_OBSERVER {"kind":"KIN_NODE","call_id":10,"node":19,"dd_count":9,"bd_count":0,"b2":[0.16785010991046556,-0.00070259283183991524,0.0007346982314711993],"vold":[0.077423731890205294,0.00088886569737884973,-0.00036387242055080821],"vini":[-1.1041054726275674e-06,-1.1041054726048646e-06,-0.00010890228638792375]}
MORTAR_OBSERVER {"kind":"KIN_DD","call_id":10,"node":19,"entry":42,"row_node":1,"slave_slot":0,"value":2.871776918892279e-13}
MORTAR_OBSERVER {"kind":"KIN_DD","call_id":10,"node":19,"entry":43,"row_node":2,"slave_slot":1,"value":-5.9211895234892347e-14}
MORTAR_OBSERVER {"kind":"KIN_DD","call_id":10,"node":19,"entry":44,"row_node":3,"slave_slot":2,"value":2.8495724581791943e-13}
MORTAR_OBSERVER {"kind":"KIN_DD","call_id":10,"node":19,"entry":45,"row_node":4,"slave_slot":3,"value":-2.8421709712748327e-13}
MORTAR_OBSERVER {"kind":"KIN_DD","call_id":10,"node":19,"entry":46,"row_node":17,"slave_slot":4,"value":2.9605947617446172e-13}
MORTAR_OBSERVER {"kind":"KIN_DD","call_id":10,"node":19,"entry":47,"row_node":18,"slave_slot":5,"value":-1.501576655722348e-13}
MORTAR_OBSERVER {"kind":"KIN_DD","call_id":10,"node":19,"entry":48,"row_node":19,"slave_slot":6,"value":3333.3362651533125}
MORTAR_OBSERVER {"kind":"KIN_DD","call_id":10,"node":19,"entry":49,"row_node":23,"slave_slot":7,"value":1.807813176390307e-13}
MORTAR_OBSERVER {"kind":"KIN_DD","call_id":10,"node":19,"entry":50,"row_node":24,"slave_slot":8,"value":2.8810287775227309e-13}
MORTAR_OBSERVER {"kind":"KIN_NODE","call_id":10,"node":23,"dd_count":6,"bd_count":0,"b2":[0.16885698123925177,-0.00054247343434405499,0.0010472262088516192],"vold":[0.075665699376122164,0.00071249756749250349,-0.00064647223788529288],"vini":[-2.0816932735063558e-06,2.3130538336494764e-05,-0.00010820316598741581]}
MORTAR_OBSERVER {"kind":"KIN_DD","call_id":10,"node":23,"entry":51,"row_node":1,"slave_slot":0,"value":-8.2896653328849286e-14}
MORTAR_OBSERVER {"kind":"KIN_DD","call_id":10,"node":23,"entry":52,"row_node":3,"slave_slot":2,"value":-1.8059628046642167e-13}
MORTAR_OBSERVER {"kind":"KIN_DD","call_id":10,"node":23,"entry":53,"row_node":4,"slave_slot":3,"value":3.4194869498150328e-13}
MORTAR_OBSERVER {"kind":"KIN_DD","call_id":10,"node":23,"entry":54,"row_node":19,"slave_slot":6,"value":1.0658141142280622e-13}
MORTAR_OBSERVER {"kind":"KIN_DD","call_id":10,"node":23,"entry":55,"row_node":23,"slave_slot":7,"value":1666.6682518218884}
MORTAR_OBSERVER {"kind":"KIN_DD","call_id":10,"node":23,"entry":56,"row_node":24,"slave_slot":8,"value":-1.6866138283313867e-13}
MORTAR_OBSERVER {"kind":"KIN_NODE","call_id":10,"node":24,"dd_count":6,"bd_count":0,"b2":[0.16735747467467871,-0.0017794920631467369,-0.039048504205179468],"vold":[0.078130573389183708,0.0004254114939177222,0.041808274388632272],"vini":[-2.2851020685498611e-05,-5.3690046456183201e-06,-0.00010961044677866738]}
MORTAR_OBSERVER {"kind":"KIN_DD","call_id":10,"node":24,"entry":57,"row_node":1,"slave_slot":0,"value":8.8373753638076831e-13}
MORTAR_OBSERVER {"kind":"KIN_DD","call_id":10,"node":24,"entry":58,"row_node":3,"slave_slot":2,"value":-1.6875390141944319e-13}
MORTAR_OBSERVER {"kind":"KIN_DD","call_id":10,"node":24,"entry":59,"row_node":4,"slave_slot":3,"value":5.3512750318533959e-13}
MORTAR_OBSERVER {"kind":"KIN_DD","call_id":10,"node":24,"entry":60,"row_node":19,"slave_slot":6,"value":-8.2896653328849286e-14}
MORTAR_OBSERVER {"kind":"KIN_DD","call_id":10,"node":24,"entry":61,"row_node":23,"slave_slot":7,"value":2.2500520189259093e-13}
MORTAR_OBSERVER {"kind":"KIN_DD","call_id":10,"node":24,"entry":62,"row_node":24,"slave_slot":8,"value":1666.6680577780487}
MORTAR_OBSERVER {"kind":"KIN_GAP","call_id":10,"pair":0,"slot":0,"node":1,"gap":0.34860613143555291}
MORTAR_OBSERVER {"kind":"KIN_GAP","call_id":10,"pair":0,"slot":1,"node":2,"gap":-0.27456838570591424}
MORTAR_OBSERVER {"kind":"KIN_GAP","call_id":10,"pair":0,"slot":2,"node":3,"gap":-0.33978579991167457}
MORTAR_OBSERVER {"kind":"KIN_GAP","call_id":10,"pair":0,"slot":3,"node":4,"gap":0.27110903994836127}
MORTAR_OBSERVER {"kind":"KIN_GAP","call_id":10,"pair":0,"slot":4,"node":17,"gap":-0.04522781584506632}
MORTAR_OBSERVER {"kind":"KIN_GAP","call_id":10,"pair":0,"slot":5,"node":18,"gap":-0.37815844434344836}
MORTAR_OBSERVER {"kind":"KIN_GAP","call_id":10,"pair":0,"slot":6,"node":19,"gap":-0.057869534601452777}
MORTAR_OBSERVER {"kind":"KIN_GAP","call_id":10,"pair":0,"slot":7,"node":23,"gap":0.07890206875358205}
MORTAR_OBSERVER {"kind":"KIN_GAP","call_id":10,"pair":0,"slot":8,"node":24,"gap":0.38499272739280999}
MORTAR_OBSERVER {"kind":"INVENTORY","call_id":10,"pair_count":1,"slave_count":9}
MORTAR_OBSERVER {"kind":"PAIR","call_id":10,"pair":0,"start":0,"end":9}
MORTAR_OBSERVER {"kind":"PRE_RAW","call_id":10,"pair":0,"slot":0,"node":1,"activity":0,"lambda_raw":[1.3301349977238787e-14,-3.3306665608069881e-15,5.1159038373995337e-15],"lambda_start":[0.00050771518908920529,0.00050771518909969321,-0.013186514357202705],"ddtil_count":1}
MORTAR_OBSERVER {"kind":"DDTIL","call_id":10,"pair":0,"column_slot":0,"source_slot":0,"destination_slot":0,"entry":0,"value":1333.3343393655837}
MORTAR_OBSERVER {"kind":"PRE_RAW","call_id":10,"pair":0,"slot":1,"node":2,"activity":2,"lambda_raw":[0.060985894567989876,-0.27860299936238642,-0.17112807046130168],"lambda_start":[-6.5538309315043666e-05,0.00026092037294276585,-0.012777594587534601],"ddtil_count":1}
MORTAR_OBSERVER {"kind":"DDTIL","call_id":10,"pair":0,"column_slot":1,"source_slot":1,"destination_slot":1,"entry":1,"value":666.6672829657565}
MORTAR_OBSERVER {"kind":"PRE_RAW","call_id":10,"pair":0,"slot":2,"node":3,"activity":2,"lambda_raw":[0.030099813882606765,0.16897654574309995,-0.093439272391633466],"lambda_start":[0.00010155868155003408,0.00010155868154907331,-0.0125689875371119],"ddtil_count":1}
MORTAR_OBSERVER {"kind":"DDTIL","call_id":10,"pair":0,"column_slot":2,"source_slot":2,"destination_slot":2,"entry":2,"value":1333.33470804888}
MORTAR_OBSERVER {"kind":"PRE_RAW","call_id":10,"pair":0,"slot":3,"node":4,"activity":0,"lambda_raw":[-3.4106019787221355e-15,4.9453728691470966e-15,-1.0231805936166407e-14],"lambda_start":[0.00026092037297979141,-6.5538309317234351e-05,-0.012777594587533964],"ddtil_count":1}
MORTAR_OBSERVER {"kind":"DDTIL","call_id":10,"pair":0,"column_slot":3,"source_slot":3,"destination_slot":3,"entry":3,"value":666.66728296575695}
MORTAR_OBSERVER {"kind":"PRE_RAW","call_id":10,"pair":0,"slot":4,"node":17,"activity":2,"lambda_raw":[0.057273373500576867,0.57567766984357482,0.031830535820483723],"lambda_start":[-0.0007365987945344057,-9.7040249850901462e-05,-0.011300302693721054],"ddtil_count":1}
MORTAR_OBSERVER {"kind":"DDTIL","call_id":10,"pair":0,"column_slot":4,"source_slot":4,"destination_slot":4,"entry":4,"value":1000.0008247327145}
MORTAR_OBSERVER {"kind":"PRE_RAW","call_id":10,"pair":0,"slot":5,"node":18,"activity":2,"lambda_raw":[0.026089556707667518,-0.35911353433536497,-0.039570109601859152],"lambda_start":[0.00031677884056088363,-0.00033175558754602565,-0.011646327674742232],"ddtil_count":1}
MORTAR_OBSERVER {"kind":"DDTIL","call_id":10,"pair":0,"column_slot":5,"source_slot":5,"destination_slot":5,"entry":5,"value":1000.0009411590161}
MORTAR_OBSERVER {"kind":"PRE_RAW","call_id":10,"pair":0,"slot":6,"node":19,"activity":2,"lambda_raw":[-0.012031446248864784,-0.11700812045237828,0.06320539279565851],"lambda_start":[-0.00016633402471439708,-0.00016633402470980207,-0.011364585339352794],"ddtil_count":1}
MORTAR_OBSERVER {"kind":"DDTIL","call_id":10,"pair":0,"column_slot":6,"source_slot":6,"destination_slot":6,"entry":6,"value":2000.0017392237551}
MORTAR_OBSERVER {"kind":"PRE_RAW","call_id":10,"pair":0,"slot":7,"node":23,"activity":0,"lambda_raw":[-1.9326744223135148e-15,-1.4406240408972981e-15,-5.3432763440432468e-15],"lambda_start":[-0.00033175558755821078,0.00031677884057350418,-0.011646327674742355],"ddtil_count":1}
MORTAR_OBSERVER {"kind":"DDTIL","call_id":10,"pair":0,"column_slot":7,"source_slot":7,"destination_slot":7,"entry":7,"value":1000.0009411590161}
MORTAR_OBSERVER {"kind":"PRE_RAW","call_id":10,"pair":0,"slot":8,"node":24,"activity":0,"lambda_raw":[-2.7284818550505409e-15,4.1033809148221023e-15,5.0022167342593244e-15],"lambda_start":[-9.7040249858331947e-05,-0.00073659879456435451,-0.011300302693717842],"ddtil_count":1}
MORTAR_OBSERVER {"kind":"DDTIL","call_id":10,"pair":0,"column_slot":8,"source_slot":8,"destination_slot":8,"entry":8,"value":1000.0008247327135}
MORTAR_OBSERVER {"kind":"LAW","call_id":10,"pair":0,"slot":0,"node":1,"activity":0,"ndof":3,"normal":[7.4139640564509083e-08,7.413964056489398e-08,-0.99999999999999456],"tangents":[0.99999999999999722,-5.4966863030631521e-15,7.4139640564508898e-08,-7.8886090522101181e-31,0.99999999999999734,7.4139640564894179e-08],"ln":-6.8212092776656684e-12,"lt":[1.7735147190294155e-11,-4.4408915927785369e-12],"lt_start":[0.6769527927045591,0.67695279271854691],"q":-2.8773933620036902,"ut":[329.34614888262712,-5.0103308421457395],"gn":-6.8212092776656691e-16,"gt":[-0.0067695279268682393,-0.006769527927229878],"b":-8632180086.0110664,"constant_n":10000000000,"constant_t":100,"mu":0.29999999999999999,"normal_mode":1,"tangent_mode":1,"normal_inverse_stiffness":0.0001,"tangent_inverse_stiffness":0.01,"p0":0,"beta":0,"iwan":1,"rn":-2.0463627832997006e-12,"rt":[1.7735147190294155e-11,-4.4408915927785369e-12]}
MORTAR_OBSERVER {"kind":"LAW","call_id":10,"pair":0,"slot":1,"node":2,"activity":2,"ndof":3,"normal":[6.8387805827692747e-08,-4.1027950443498291e-08,-0.99999999999999689],"tangents":[0.99999999999999767,2.8058115084381685e-15,6.8387805827692694e-08,-3.944304526105059e-31,0.99999999999999922,-4.102795044349839e-08],"ln":114.08549617441884,"lt":[40.657292828821241,-185.73549993033876],"lt_start":[-0.043692829156205842,0.17394742559283358],"q":0.01140854961742388,"ut":[164.62257074179823,3.7878681175849334],"gn":0.011408549617441885,"gt":[0.40700985657977451,-1.859094473559316],"b":34.225594838240781,"constant_n":10000000000,"constant_t":100,"mu":0.29999999999999999,"normal_mode":1,"tangent_mode":1,"normal_inverse_stiffness":0.0001,"tangent_inverse_stiffness":0.01,"p0":0,"beta":0,"iwan":1,"rn":5.401408486704895e-05,"rt":[6.440762837503641,-186.52316571268395]}
MORTAR_OBSERVER {"kind":"LAW","call_id":10,"pair":0,"slot":2,"node":3,"activity":2,"ndof":3,"normal":[-4.5208292547312871e-08,-4.52082925469361e-08,-0.999999999999998],"tangents":[0.999999999999999,-2.0437897150263934e-15,-4.5208292547312824e-08,3.944304526105059e-31,0.999999999999999,-4.5208292546936146e-08],"ln":124.58581297471601,"lt":[40.133132187803035,225.30229891779658],"lt_start":[0.13541247264507875,0.13541247264379797],"q":0.012458581297443705,"ut":[323.33713891693719,-0.75761651300997501],"gn":0.012458581297471601,"gt":[0.39997719715157959,2.2516688644515277],"b":37.375660204150151,"constant_n":10000000000,"constant_t":100,"mu":0.29999999999999999,"normal_mode":1,"tangent_mode":1,"normal_inverse_stiffness":0.0001,"tangent_inverse_stiffness":0.01,"p0":0,"beta":0,"iwan":1,"rn":8.3688264652437283e-05,"rt":[2.7575742157522356,225.38971730238009]}
MORTAR_OBSERVER {"kind":"LAW","call_id":10,"pair":0,"slot":3,"node":4,"activity":0,"ndof":3,"normal":[-4.1027950443876154e-08,6.8387805828061921e-08,-0.99999999999999689],"tangents":[0.99999999999999922,2.8058115084791518e-15,-4.1027950443876068e-08,3.944304526105059e-31,0.99999999999999778,6.8387805828061987e-08],"ln":6.821210582052708e-12,"lt":[-2.2737364745720329e-12,3.2969178274392547e-12],"lt_start":[0.1739474256175173,-0.043692829157666827],"q":-1.2092915016474042,"ut":[161.82060975223266,-0.87644561991797654],"gn":6.8212105820527087e-16,"gt":[-0.0017394742561979105,0.00043692829160963748],"b":-3627874504.9422145,"constant_n":10000000000,"constant_t":100,"mu":0.29999999999999999,"normal_mode":1,"tangent_mode":1,"normal_inverse_stiffness":0.0001,"tangent_inverse_stiffness":0.01,"p0":0,"beta":0,"iwan":1,"rn":2.0463631746158122e-12,"rt":[-2.2737364745720329e-12,3.2969178274392547e-12]}
MORTAR_OBSERVER {"kind":"LAW","call_id":10,"pair":0,"slot":4,"node":17,"activity":2,"ndof":3,"normal":[7.2424004571337343e-08,1.5395559165892368e-08,-0.99999999999999734],"tangents":[0.99999999999999745,-1.1150080474088865e-15,7.2424004571337343e-08,-0,1,1.5395559165892408e-08],"ln":-31.830549061310425,"lt":[57.273423041097651,575.67814511383142],"lt_start":[-0.73660022044537588,-0.097040503857792323],"q":-0.0031830549061432206,"ut":[245.686600878853,-4.442521771457943],"gn":-0.0031830549061310424,"gt":[0.58010023261543031,5.7577518561768919],"b":-9.5492012529705743,"constant_n":10000000000,"constant_t":100,"mu":0.29999999999999999,"normal_mode":1,"tangent_mode":1,"normal_inverse_stiffness":0.0001,"tangent_inverse_stiffness":0.01,"p0":0,"beta":0,"iwan":1,"rn":-9.5491647183931274,"rt":[66.821062792396305,575.50546115639315]}
MORTAR_OBSERVER {"kind":"LAW","call_id":10,"pair":0,"slot":5,"node":18,"activity":2,"ndof":3,"normal":[1.196430858954852e-08,-4.3492668962924582e-08,-0.999999999999999],"tangents":[1,5.2035971285550893e-16,1.196430858954851e-08,-0,0.99999999999999911,-4.3492668962924588e-08],"ln":39.5701627745891,"lt":[26.089580788659401,-359.11387059729395],"lt_start":[0.31677899935975595,-0.33175539325043679],"q":0.0039570162774787976,"ut":[244.26633077227399,5.1153589874692162],"gn":0.0039570162774589098,"gt":[0.25772801789299649,-3.5878211520404353],"b":11.871108495588601,"constant_n":10000000000,"constant_t":100,"mu":0.29999999999999999,"normal_mode":1,"tangent_mode":1,"normal_inverse_stiffness":0.0001,"tangent_inverse_stiffness":0.01,"p0":0,"beta":0,"iwan":1,"rn":-5.9663211871452404e-05,"rt":[14.221071069372885,-359.3622532803405]}
MORTAR_OBSERVER {"kind":"LAW","call_id":10,"pair":0,"slot":6,"node":19,"activity":2,"ndof":3,"normal":[1.446566586541265e-08,1.4465665865794023e-08,-0.99999999999999978],"tangents":[0.99999999999999989,-2.0925548893528156e-16,1.4465665865412648e-08,-0,0.99999999999999989,1.4465665865794025e-08],"ln":-126.41089925292735,"lt":[-24.062911594488863,-234.01644257944139],"lt_start":[-0.33266866751375551,-0.33266866750456553],"q":-0.012641089925280305,"ut":[487.47447934863101,2.9965917365424275],"gn":-0.012641089925292736,"gt":[-0.23730242926975109,-2.336837739119368],"b":-37.923232482792919,"constant_n":10000000000,"constant_t":100,"mu":0.29999999999999999,"normal_mode":1,"tangent_mode":1,"normal_inverse_stiffness":0.0001,"tangent_inverse_stiffness":0.01,"p0":0,"beta":0,"iwan":1,"rn":-37.923269775878204,"rt":[13.859605971375668,-233.78358337164411]}
MORTAR_OBSERVER {"kind":"LAW","call_id":10,"pair":0,"slot":7,"node":23,"activity":0,"ndof":3,"normal":[-4.3492668963301889e-08,1.1964308589921484e-08,-0.999999999999999],"tangents":[0.99999999999999911,5.2035971287624483e-16,-4.3492668963301889e-08,-0,1,1.1964308589921497e-08],"ln":5.343281439737109e-12,"lt":[-1.9326760088739039e-12,-1.4406254606822701e-12],"lt_start":[-0.33175539326262177,0.31677899937237669],"q":-0.33100520782512199,"ut":[242.98713327334261,0.82153159724656999],"gn":5.3432814397371088e-16,"gt":[0.003317553932606891,-0.0031677899937381732],"b":-993015623.47536755,"constant_n":10000000000,"constant_t":100,"mu":0.29999999999999999,"normal_mode":1,"tangent_mode":1,"normal_inverse_stiffness":0.0001,"tangent_inverse_stiffness":0.01,"p0":0,"beta":0,"iwan":1,"rn":1.6029844319211327e-12,"rt":[-1.9326760088739039e-12,-1.4406254606822701e-12]}
MORTAR_OBSERVER {"kind":"LAW","call_id":10,"pair":0,"slot":8,"node":24,"activity":0,"ndof":3,"normal":[1.539555916551032e-08,7.2424004571714789e-08,-0.99999999999999734],"tangents":[0.99999999999999989,-1.1150080473870252e-15,1.5395559165510284e-08,-1.9721522630525295e-31,0.99999999999999745,7.2424004571714789e-08],"ln":-5.0022206045741064e-12,"lt":[-2.7284840283068015e-12,4.1033846612954345e-12],"lt_start":[-0.097040503865221894,-0.73660022047532414],"q":-2.1007649008478673,"ut":[244.22557077116917,-2.2312341328188534],"gn":-5.0022206045741064e-16,"gt":[0.00097040503862493412,0.0073660022047942753],"b":-6302294702.5436001,"constant_n":10000000000,"constant_t":100,"mu":0.29999999999999999,"normal_mode":1,"tangent_mode":1,"normal_inverse_stiffness":0.0001,"tangent_inverse_stiffness":0.01,"p0":0,"beta":0,"iwan":1,"rn":-1.5006661813722318e-12,"rt":[-2.7284840283068015e-12,4.1033846612954345e-12]}
MORTAR_OBSERVER {"kind":"POST_RAW_AFTER_ACTIVE_LOOP","call_id":10,"pair":0,"slot":0,"node":1,"activity":0,"lambda_raw":[0,0,0],"gap":2.8773933620036902}
MORTAR_OBSERVER {"kind":"POST_RAW_AFTER_ACTIVE_LOOP","call_id":10,"pair":0,"slot":1,"node":2,"activity":2,"lambda_raw":[0.060985894567989876,-0.27860299936238642,-0.17112807046130168],"gap":-0.01140854961742388}
MORTAR_OBSERVER {"kind":"POST_RAW_AFTER_ACTIVE_LOOP","call_id":10,"pair":0,"slot":2,"node":3,"activity":2,"lambda_raw":[0.030099813882606765,0.16897654574309995,-0.093439272391633466],"gap":-0.012458581297443705}
MORTAR_OBSERVER {"kind":"POST_RAW_AFTER_ACTIVE_LOOP","call_id":10,"pair":0,"slot":3,"node":4,"activity":0,"lambda_raw":[0,0,0],"gap":1.2092915016474042}
MORTAR_OBSERVER {"kind":"POST_RAW_AFTER_ACTIVE_LOOP","call_id":10,"pair":0,"slot":4,"node":17,"activity":0,"lambda_raw":[0,0,0],"gap":0.0031830549061432206}
MORTAR_OBSERVER {"kind":"POST_RAW_AFTER_ACTIVE_LOOP","call_id":10,"pair":0,"slot":5,"node":18,"activity":2,"lambda_raw":[0.026089556707667518,-0.35911353433536497,-0.039570109601859152],"gap":-0.0039570162774787976}
MORTAR_OBSERVER {"kind":"POST_RAW_AFTER_ACTIVE_LOOP","call_id":10,"pair":0,"slot":6,"node":19,"activity":0,"lambda_raw":[0,0,0],"gap":0.012641089925280305}
MORTAR_OBSERVER {"kind":"POST_RAW_AFTER_ACTIVE_LOOP","call_id":10,"pair":0,"slot":7,"node":23,"activity":0,"lambda_raw":[0,0,0],"gap":0.33100520782512199}
MORTAR_OBSERVER {"kind":"POST_RAW_AFTER_ACTIVE_LOOP","call_id":10,"pair":0,"slot":8,"node":24,"activity":0,"lambda_raw":[0,0,0],"gap":2.1007649008478673}
MORTAR_OBSERVER {"kind":"CFS_INVENTORY","call_id":10,"all_node_count":35,"physical_count":13}
MORTAR_OBSERVER {"kind":"CFS_NODE","call_id":10,"node":1,"force":[9.8294385543694084e-15,1.4893039513605988e-14,-2.9670695571088181e-14]}
MORTAR_OBSERVER {"kind":"CFS_NODE","call_id":10,"node":2,"force":[31.960773327534298,-66.03087753203414,-100.89543649815526]}
MORTAR_OBSERVER {"kind":"CFS_NODE","call_id":10,"node":3,"force":[31.436599252147509,345.00692036448288,-111.3957756991451]}
MORTAR_OBSERVER {"kind":"CFS_NODE","call_id":10,"node":4,"force":[2.1030751222621312e-15,1.1806397573888456e-14,-6.5286054583438041e-15]}
MORTAR_OBSERVER {"kind":"CFS_NODE","call_id":10,"node":13,"force":[-4.4715348121132275,27.586612142059415,11.228799190864128]}
MORTAR_OBSERVER {"kind":"CFS_NODE","call_id":10,"node":14,"force":[-49.186886102277882,303.45270175129195,123.51681796293177]}
MORTAR_OBSERVER {"kind":"CFS_NODE","call_id":10,"node":15,"force":[-48.786453023850115,-10.53454513290481,131.53784964596372]}
MORTAR_OBSERVER {"kind":"CFS_NODE","call_id":10,"node":16,"force":[-4.435134510216848,-0.95768511659296429,11.9579907920719]}
MORTAR_OBSERVER {"kind":"CFS_NODE","call_id":10,"node":17,"force":[-7.9344851270252223e-15,-7.1573803415752071e-14,3.5166981146128548e-14]}
MORTAR_OBSERVER {"kind":"CFS_NODE","call_id":10,"node":18,"force":[43.482635868776228,-598.52312647630242,-65.950245394531066]}
MORTAR_OBSERVER {"kind":"CFS_NODE","call_id":10,"node":19,"force":[1.0485227326157983e-15,1.1857135268434481e-13,-1.0551625047793715e-14]}
MORTAR_OBSERVER {"kind":"CFS_NODE","call_id":10,"node":23,"force":[-5.435914429930344e-15,-3.0516535647268007e-14,1.6874785043417808e-14]}
MORTAR_OBSERVER {"kind":"CFS_NODE","call_id":10,"node":24,"force":[-5.0794610246890095e-15,-2.8515451342529122e-14,1.5768241761882212e-14]}
MORTAR_OBSERVER {"kind":"CFS_END","call_id":10,"scanned_nodes":35,"physical_count":13,"outside_nonzero_count":0}
MORTAR_OBSERVER {"kind":"SUMMARY_PRE_OVERRIDE","call_id":10,"ndiverg":14,"flag":1,"keepset":0,"max_n":37.923269775878204,"max_t":[66.821062792396305,575.50546115639315],"lm_t_av":[106.88000580528369,770.15166944542932],"nstick":0,"nslip":3,"ninactive":6,"nnogap":0,"nolm":0}
MORTAR_OBSERVER {"kind":"SUMMARY_POST_OVERRIDE","call_id":10,"flag":1}
MORTAR_OBSERVER {"kind":"RETURN","call_id":10}
 Using up to 2 cpu(s) for the stress calculation.

 average force= 44.411591
 time avg. forc= 44.411591
 largest residual force= 970.909204 in node 17 and dof 2
 largest increment of disp= 1.730781e-01
 largest correction to disp= 1.730781e-01 in node 17 and dof 1

MORTAR_OBSERVER {"kind":"PRE_CHECK","call_id":10,"step":2,"inc":1,"cutback":0,"iteration":2,"time":0.25,"dtime":0.25,"ttime":1,"tper":1,"theta":0,"dtheta":0.25,"icntrl":0,"nmethod":1,"iexpl":0,"ithermal":0,"uncoupled":0,"mortar":2,"iflagdualquad":2}
 no convergence

MORTAR_OBSERVER {"kind":"POST_CHECK","call_id":10,"step":2,"inc":1,"cutback":0,"iteration":3,"time":0.25,"dtime":0.25,"ttime":1,"tper":1,"theta":0,"dtheta":0.25,"icntrl":0,"nmethod":1,"iexpl":0,"ithermal":0,"uncoupled":0,"mortar":2,"iflagdualquad":2}
 iteration 3

 Determining the structure of the matrix:

 Using up to 2 cpu(s) for setting up the structure of the matrix.
 number of equations
 75
 number of nonzero lower triangular matrix elements
 1143

 Using up to 2 cpu(s) for the stress calculation.

 Using up to 2 cpu(s) for the symmetric stiffness/mass contributions.

 Using up to 2 cpu(s) for the stress calculation.

 Using up to 2 cpu(s) for the symmetric stiffness/mass contributions.

 Factoring the system of equations using the unsymmetric spooles solver
 Using 1 cpu for spooles.

MORTAR_OBSERVER {"kind":"BEGIN","call_id":11,"step":2,"inc":1,"cutback":0,"iteration":3,"time":0.25,"dtime":0.25,"ttime":1,"tper":1,"theta":0,"dtheta":0.25,"icntrl":0,"nmethod":1,"iexpl":0,"ithermal":0,"uncoupled":0,"mortar":2,"iflagdualquad":2}
MORTAR_OBSERVER {"kind":"KIN_INVENTORY","call_id":11,"all_node_count":35,"physical_count":13,"dd_count":63,"bd_count":36,"slave_count":9}
MORTAR_OBSERVER {"kind":"KIN_NODE","call_id":11,"node":1,"dd_count":9,"bd_count":0,"b2":[0.082455147457594913,0.0020158810690431147,-0.083760408122373897],"vold":[0.24749725836880743,-0.0020013786384272987,0.0029097207256165505],"vini":[-1.8651819129285558e-05,-1.8651819129203521e-05,-0.00011333255306067981]}
MORTAR_OBSERVER {"kind":"KIN_DD","call_id":11,"node":1,"entry":0,"row_node":1,"slave_slot":0,"value":1333.3343393655834}
MORTAR_OBSERVER {"kind":"KIN_DD","call_id":11,"node":1,"entry":1,"row_node":2,"slave_slot":1,"value":7.5199107760053208e-14}
MORTAR_OBSERVER {"kind":"KIN_DD","call_id":11,"node":1,"entry":2,"row_node":3,"slave_slot":2,"value":1.8518520025380737e-13}
MORTAR_OBSERVER {"kind":"KIN_DD","call_id":11,"node":1,"entry":3,"row_node":4,"slave_slot":3,"value":-1.2478906921415307e-13}
MORTAR_OBSERVER {"kind":"KIN_DD","call_id":11,"node":1,"entry":4,"row_node":17,"slave_slot":4,"value":-333.33361652266797}
MORTAR_OBSERVER {"kind":"KIN_DD","call_id":11,"node":1,"entry":5,"row_node":18,"slave_slot":5,"value":-1.2675047270840951e-14}
MORTAR_OBSERVER {"kind":"KIN_DD","call_id":11,"node":1,"entry":6,"row_node":19,"slave_slot":6,"value":-666.66726296477884}
MORTAR_OBSERVER {"kind":"KIN_DD","call_id":11,"node":1,"entry":7,"row_node":23,"slave_slot":7,"value":-3.7425618361670371e-13}
MORTAR_OBSERVER {"kind":"KIN_DD","call_id":11,"node":1,"entry":8,"row_node":24,"slave_slot":8,"value":-333.33361652266734}
MORTAR_OBSERVER {"kind":"KIN_NODE","call_id":11,"node":2,"dd_count":6,"bd_count":0,"b2":[0.082251707932279552,-0.0047753654782216881,0.00035180299654740874],"vold":[0.24759592453594098,0.0044387665828245718,-0.00070224660943905143],"vini":[1.9409787070850799e-05,-2.1276020123634991e-05,-0.00010609014988737315]}
MORTAR_OBSERVER {"kind":"KIN_DD","call_id":11,"node":2,"entry":9,"row_node":1,"slave_slot":0,"value":3.2566523894461172e-15}
MORTAR_OBSERVER {"kind":"KIN_DD","call_id":11,"node":2,"entry":10,"row_node":2,"slave_slot":1,"value":666.66728296575661}
MORTAR_OBSERVER {"kind":"KIN_DD","call_id":11,"node":2,"entry":11,"row_node":3,"slave_slot":2,"value":6.661338919786186e-15}
MORTAR_OBSERVER {"kind":"KIN_DD","call_id":11,"node":2,"entry":12,"row_node":17,"slave_slot":4,"value":-333.33361652266825}
MORTAR_OBSERVER {"kind":"KIN_DD","call_id":11,"node":2,"entry":13,"row_node":18,"slave_slot":5,"value":-333.33365533143626}
MORTAR_OBSERVER {"kind":"KIN_DD","call_id":11,"node":2,"entry":14,"row_node":19,"slave_slot":6,"value":2.189914937235159e-13}
MORTAR_OBSERVER {"kind":"KIN_NODE","call_id":11,"node":3,"dd_count":9,"bd_count":0,"b2":[0.085507700055565433,0.00097398600474203037,0.00060915518215088097],"vold":[0.24434896838806691,-0.00071784546749754409,-0.00098497602637518528],"vini":[2.326667444963995e-05,2.3266674449668281e-05,-0.00011043941867480129]}
MORTAR_OBSERVER {"kind":"KIN_DD","call_id":11,"node":3,"entry":15,"row_node":1,"slave_slot":0,"value":2.0515994684268658e-14}
MORTAR_OBSERVER {"kind":"KIN_DD","call_id":11,"node":3,"entry":16,"row_node":2,"slave_slot":1,"value":1.0480968089501651e-13}
MORTAR_OBSERVER {"kind":"KIN_DD","call_id":11,"node":3,"entry":17,"row_node":3,"slave_slot":2,"value":1333.33470804888}
MORTAR_OBSERVER {"kind":"KIN_DD","call_id":11,"node":3,"entry":18,"row_node":4,"slave_slot":3,"value":-9.5257135799594381e-14}
MORTAR_OBSERVER {"kind":"KIN_DD","call_id":11,"node":3,"entry":19,"row_node":17,"slave_slot":4,"value":7.3644769849891522e-15}
MORTAR_OBSERVER {"kind":"KIN_DD","call_id":11,"node":3,"entry":20,"row_node":18,"slave_slot":5,"value":-333.33365533143655}
MORTAR_OBSERVER {"kind":"KIN_DD","call_id":11,"node":3,"entry":21,"row_node":19,"slave_slot":6,"value":-666.66726296477918}
MORTAR_OBSERVER {"kind":"KIN_DD","call_id":11,"node":3,"entry":22,"row_node":23,"slave_slot":7,"value":-333.3336553314362}
MORTAR_OBSERVER {"kind":"KIN_DD","call_id":11,"node":3,"entry":23,"row_node":24,"slave_slot":8,"value":-3.9320404721530813e-15}
MORTAR_OBSERVER {"kind":"KIN_NODE","call_id":11,"node":4,"dd_count":6,"bd_count":0,"b2":[0.085691042213394214,0.00097052382699256562,-0.083353223584587646],"vold":[0.2442582382908654,-0.0010612553051109943,0.0024719408210746446],"vini":[-2.1276020123909488e-05,1.9409787070938233e-05,-0.00010609014988733541]}
MORTAR_OBSERVER {"kind":"KIN_DD","call_id":11,"node":4,"entry":24,"row_node":1,"slave_slot":0,"value":4.9650094869271167e-14}
MORTAR_OBSERVER {"kind":"KIN_DD","call_id":11,"node":4,"entry":25,"row_node":3,"slave_slot":2,"value":6.9870037418317637e-14}
MORTAR_OBSERVER {"kind":"KIN_DD","call_id":11,"node":4,"entry":26,"row_node":4,"slave_slot":3,"value":666.66728296575673}
MORTAR_OBSERVER {"kind":"KIN_DD","call_id":11,"node":4,"entry":27,"row_node":19,"slave_slot":6,"value":2.3074135077482704e-14}
MORTAR_OBSERVER {"kind":"KIN_DD","call_id":11,"node":4,"entry":28,"row_node":23,"slave_slot":7,"value":-333.33365533143649}
MORTAR_OBSERVER {"kind":"KIN_DD","call_id":11,"node":4,"entry":29,"row_node":24,"slave_slot":8,"value":-333.33361652266836}
MORTAR_OBSERVER {"kind":"KIN_NODE","call_id":11,"node":13,"dd_count":0,"bd_count":9,"b2":[-4.3378041079770069e-05,-0.0021555317872692156,-0.00072435323375817813],"vold":[0.00036192268383838933,0.0022266300726656377,0.00090373187775830838],"vini":[-2.8066862268510173e-05,-2.8066862268525196e-05,-0.00011356992110190738]}
MORTAR_OBSERVER {"kind":"KIN_BD","call_id":11,"node":13,"entry":0,"row_node":1,"slave_slot":0,"value":-1120.3709633274834}
MORTAR_OBSERVER {"kind":"KIN_BD","call_id":11,"node":13,"entry":1,"row_node":2,"slave_slot":1,"value":-50.925940030402735}
MORTAR_OBSERVER {"kind":"KIN_BD","call_id":11,"node":13,"entry":2,"row_node":3,"slave_slot":2,"value":-9.259307744204996}
MORTAR_OBSERVER {"kind":"KIN_BD","call_id":11,"node":13,"entry":3,"row_node":4,"slave_slot":3,"value":-50.925940030402948}
MORTAR_OBSERVER {"kind":"KIN_BD","call_id":11,"node":13,"entry":4,"row_node":17,"slave_slot":4,"value":-458.33370498722149}
MORTAR_OBSERVER {"kind":"KIN_BD","call_id":11,"node":13,"entry":5,"row_node":18,"slave_slot":5,"value":-41.666762492038849}
MORTAR_OBSERVER {"kind":"KIN_BD","call_id":11,"node":13,"entry":6,"row_node":19,"slave_slot":6,"value":-268.51875469405724}
MORTAR_OBSERVER {"kind":"KIN_BD","call_id":11,"node":13,"entry":7,"row_node":23,"slave_slot":7,"value":-41.666762492038607}
MORTAR_OBSERVER {"kind":"KIN_BD","call_id":11,"node":13,"entry":8,"row_node":24,"slave_slot":8,"value":-458.33370498722223}
MORTAR_OBSERVER {"kind":"KIN_NODE","call_id":11,"node":14,"dd_count":0,"bd_count":9,"b2":[-0.00010005027412627416,0.0016431351324424739,0.00040779794229010282],"vold":[0.00056132912500182763,-0.0016807506648895878,-0.0007968591644687481],"vini":[2.4201626574401393e-05,-2.8535390258710365e-05,-0.00010353950999479019]}
MORTAR_OBSERVER {"kind":"KIN_BD","call_id":11,"node":14,"entry":9,"row_node":1,"slave_slot":0,"value":-101.85205834211705}
MORTAR_OBSERVER {"kind":"KIN_BD","call_id":11,"node":14,"entry":10,"row_node":2,"slave_slot":1,"value":-560.18582613200579}
MORTAR_OBSERVER {"kind":"KIN_BD","call_id":11,"node":14,"entry":11,"row_node":3,"slave_slot":2,"value":-101.8520474025626}
MORTAR_OBSERVER {"kind":"KIN_BD","call_id":11,"node":14,"entry":12,"row_node":4,"slave_slot":3,"value":-4.6295740824065685}
MORTAR_OBSERVER {"kind":"KIN_BD","call_id":11,"node":14,"entry":13,"row_node":17,"slave_slot":4,"value":-458.333510499559}
MORTAR_OBSERVER {"kind":"KIN_BD","call_id":11,"node":14,"entry":14,"row_node":18,"slave_slot":5,"value":-458.33376300392297}
MORTAR_OBSERVER {"kind":"KIN_BD","call_id":11,"node":14,"entry":15,"row_node":19,"slave_slot":6,"value":-731.482068890954}
MORTAR_OBSERVER {"kind":"KIN_BD","call_id":11,"node":14,"entry":16,"row_node":23,"slave_slot":7,"value":-41.666791625993497}
MORTAR_OBSERVER {"kind":"KIN_BD","call_id":11,"node":14,"entry":17,"row_node":24,"slave_slot":8,"value":-41.666811757788253}
MORTAR_OBSERVER {"kind":"KIN_NODE","call_id":11,"node":15,"dd_count":0,"bd_count":9,"b2":[-0.0015066682691858659,0.0001153864258295926,0.00074415686731833124],"vold":[0.0019970317137272403,-5.5699680344151875e-05,-0.0011690607135576223],"vini":[2.710682217014385e-05,2.7106822170201716e-05,-0.000110172262554128]}
MORTAR_OBSERVER {"kind":"KIN_BD","call_id":11,"node":15,"entry":18,"row_node":1,"slave_slot":0,"value":-9.2592593538675061}
MORTAR_OBSERVER {"kind":"KIN_BD","call_id":11,"node":15,"entry":19,"row_node":2,"slave_slot":1,"value":-50.925942720941158}
MORTAR_OBSERVER {"kind":"KIN_BD","call_id":11,"node":15,"entry":20,"row_node":3,"slave_slot":2,"value":-1120.3713054995505}
MORTAR_OBSERVER {"kind":"KIN_BD","call_id":11,"node":15,"entry":21,"row_node":4,"slave_slot":3,"value":-50.925942720941208}
MORTAR_OBSERVER {"kind":"KIN_BD","call_id":11,"node":15,"entry":22,"row_node":17,"slave_slot":4,"value":-41.666797488145619}
MORTAR_OBSERVER {"kind":"KIN_BD","call_id":11,"node":15,"entry":23,"row_node":18,"slave_slot":5,"value":-458.33362403706082}
MORTAR_OBSERVER {"kind":"KIN_BD","call_id":11,"node":15,"entry":24,"row_node":19,"slave_slot":6,"value":-268.51884674778933}
MORTAR_OBSERVER {"kind":"KIN_BD","call_id":11,"node":15,"entry":25,"row_node":23,"slave_slot":7,"value":-458.33362403706025}
MORTAR_OBSERVER {"kind":"KIN_BD","call_id":11,"node":15,"entry":26,"row_node":24,"slave_slot":8,"value":-41.66679748814537}
MORTAR_OBSERVER {"kind":"KIN_NODE","call_id":11,"node":16,"dd_count":0,"bd_count":9,"b2":[-0.0012738289247200987,-0.00016240474614563025,-0.00063901831141981516],"vold":[0.0015957162555808174,0.00011889365675481385,0.00081493920379790974],"vini":[-2.8535390258651648e-05,2.4201626574321538e-05,-0.00010353950999474492]}
MORTAR_OBSERVER {"kind":"KIN_BD","call_id":11,"node":16,"entry":27,"row_node":1,"slave_slot":0,"value":-101.85205834211729}
MORTAR_OBSERVER {"kind":"KIN_BD","call_id":11,"node":16,"entry":28,"row_node":2,"slave_slot":1,"value":-4.6295740824066147}
MORTAR_OBSERVER {"kind":"KIN_BD","call_id":11,"node":16,"entry":29,"row_node":3,"slave_slot":2,"value":-101.85204740256266}
MORTAR_OBSERVER {"kind":"KIN_BD","call_id":11,"node":16,"entry":30,"row_node":4,"slave_slot":3,"value":-560.18582613200647}
MORTAR_OBSERVER {"kind":"KIN_BD","call_id":11,"node":16,"entry":31,"row_node":17,"slave_slot":4,"value":-41.666811757788196}
MORTAR_OBSERVER {"kind":"KIN_BD","call_id":11,"node":16,"entry":32,"row_node":18,"slave_slot":5,"value":-41.666791625993454}
MORTAR_OBSERVER {"kind":"KIN_BD","call_id":11,"node":16,"entry":33,"row_node":19,"slave_slot":6,"value":-731.48206889095377}
MORTAR_OBSERVER {"kind":"KIN_BD","call_id":11,"node":16,"entry":34,"row_node":23,"slave_slot":7,"value":-458.33376300392348}
MORTAR_OBSERVER {"kind":"KIN_BD","call_id":11,"node":16,"entry":35,"row_node":24,"slave_slot":8,"value":-458.33351049955786}
MORTAR_OBSERVER {"kind":"KIN_NODE","call_id":11,"node":17,"dd_count":6,"bd_count":0,"b2":[0.083115801741963896,0.0019081533281152295,-0.041156521097761092],"vold":[0.24676976669855949,-0.0020269189095349295,0.00046344382011988256],"vini":[-5.3690046458016392e-06,-2.2851020685450205e-05,-0.00010961044677868645]}
MORTAR_OBSERVER {"kind":"KIN_DD","call_id":11,"node":17,"entry":30,"row_node":1,"slave_slot":0,"value":2.4276877046305862e-13}
MORTAR_OBSERVER {"kind":"KIN_DD","call_id":11,"node":17,"entry":31,"row_node":2,"slave_slot":1,"value":-2.5461114951003707e-13}
MORTAR_OBSERVER {"kind":"KIN_DD","call_id":11,"node":17,"entry":32,"row_node":3,"slave_slot":2,"value":-6.5133084758381588e-14}
MORTAR_OBSERVER {"kind":"KIN_DD","call_id":11,"node":17,"entry":33,"row_node":17,"slave_slot":4,"value":1666.6680577780505}
MORTAR_OBSERVER {"kind":"KIN_DD","call_id":11,"node":17,"entry":34,"row_node":18,"slave_slot":5,"value":3.6618856459328738e-13}
MORTAR_OBSERVER {"kind":"KIN_DD","call_id":11,"node":17,"entry":35,"row_node":19,"slave_slot":6,"value":-1.2397490564805584e-13}
MORTAR_OBSERVER {"kind":"KIN_NODE","call_id":11,"node":18,"dd_count":6,"bd_count":0,"b2":[0.084252163336246355,-0.0034419622500028776,0.00047432373563207242],"vold":[0.24570302972802557,0.0033925207129813055,-0.00083800221642518075],"vini":[2.3130538336491836e-05,-2.0816932734675867e-06,-0.00010820316598743466]}
MORTAR_OBSERVER {"kind":"KIN_DD","call_id":11,"node":18,"entry":36,"row_node":1,"slave_slot":0,"value":1.2286468261240163e-13}
MORTAR_OBSERVER {"kind":"KIN_DD","call_id":11,"node":18,"entry":37,"row_node":2,"slave_slot":1,"value":-2.3092639141608016e-13}
MORTAR_OBSERVER {"kind":"KIN_DD","call_id":11,"node":18,"entry":38,"row_node":3,"slave_slot":2,"value":-9.0298140233210834e-14}
MORTAR_OBSERVER {"kind":"KIN_DD","call_id":11,"node":18,"entry":39,"row_node":17,"slave_slot":4,"value":1.8947806475165551e-13}
MORTAR_OBSERVER {"kind":"KIN_DD","call_id":11,"node":18,"entry":40,"row_node":18,"slave_slot":5,"value":1666.6682518218884}
MORTAR_OBSERVER {"kind":"KIN_DD","call_id":11,"node":18,"entry":41,"row_node":19,"slave_slot":6,"value":-3.0207318428425546e-13}
MORTAR_OBSERVER {"kind":"KIN_NODE","call_id":11,"node":19,"dd_count":9,"bd_count":0,"b2":[0.084718730498915984,-0.00022303588321926531,-0.041134856556674058],"vold":[0.24527384180067086,0.00018627286553893449,0.00037082581092039109],"vini":[-1.1041054726275674e-06,-1.1041054726048646e-06,-0.00010890228638792375]}
MORTAR_OBSERVER {"kind":"KIN_DD","call_id":11,"node":19,"entry":42,"row_node":1,"slave_slot":0,"value":2.871776918892279e-13}
MORTAR_OBSERVER {"kind":"KIN_DD","call_id":11,"node":19,"entry":43,"row_node":2,"slave_slot":1,"value":-5.9211895234892347e-14}
MORTAR_OBSERVER {"kind":"KIN_DD","call_id":11,"node":19,"entry":44,"row_node":3,"slave_slot":2,"value":2.8495724581791943e-13}
MORTAR_OBSERVER {"kind":"KIN_DD","call_id":11,"node":19,"entry":45,"row_node":4,"slave_slot":3,"value":-2.8421709712748327e-13}
MORTAR_OBSERVER {"kind":"KIN_DD","call_id":11,"node":19,"entry":46,"row_node":17,"slave_slot":4,"value":2.9605947617446172e-13}
MORTAR_OBSERVER {"kind":"KIN_DD","call_id":11,"node":19,"entry":47,"row_node":18,"slave_slot":5,"value":-1.501576655722348e-13}
MORTAR_OBSERVER {"kind":"KIN_DD","call_id":11,"node":19,"entry":48,"row_node":19,"slave_slot":6,"value":3333.3362651533125}
MORTAR_OBSERVER {"kind":"KIN_DD","call_id":11,"node":19,"entry":49,"row_node":23,"slave_slot":7,"value":1.807813176390307e-13}
MORTAR_OBSERVER {"kind":"KIN_DD","call_id":11,"node":19,"entry":50,"row_node":24,"slave_slot":8,"value":2.8810287775227309e-13}
MORTAR_OBSERVER {"kind":"KIN_NODE","call_id":11,"node":23,"dd_count":6,"bd_count":0,"b2":[0.085369962567947461,-0.00014573921408207356,-0.041109872572060911],"vold":[0.24452268061537394,0.00017002413314844849,0.00040075397096632633],"vini":[-2.0816932735063558e-06,2.3130538336494764e-05,-0.00010820316598741581]}
MORTAR_OBSERVER {"kind":"KIN_DD","call_id":11,"node":23,"entry":51,"row_node":1,"slave_slot":0,"value":-8.2896653328849286e-14}
MORTAR_OBSERVER {"kind":"KIN_DD","call_id":11,"node":23,"entry":52,"row_node":3,"slave_slot":2,"value":-1.8059628046642167e-13}
MORTAR_OBSERVER {"kind":"KIN_DD","call_id":11,"node":23,"entry":53,"row_node":4,"slave_slot":3,"value":3.4194869498150328e-13}
MORTAR_OBSERVER {"kind":"KIN_DD","call_id":11,"node":23,"entry":54,"row_node":19,"slave_slot":6,"value":1.0658141142280622e-13}
MORTAR_OBSERVER {"kind":"KIN_DD","call_id":11,"node":23,"entry":55,"row_node":23,"slave_slot":7,"value":1666.6682518218884}
MORTAR_OBSERVER {"kind":"KIN_DD","call_id":11,"node":23,"entry":56,"row_node":24,"slave_slot":8,"value":-1.6866138283313867e-13}
MORTAR_OBSERVER {"kind":"KIN_NODE","call_id":11,"node":24,"dd_count":6,"bd_count":0,"b2":[0.084512097925573723,0.0012911677173080385,-0.083631010638136799],"vold":[0.24548804806386243,-0.0013540805692290147,0.0027597701834528032],"vini":[-2.2851020685498611e-05,-5.3690046456183201e-06,-0.00010961044677866738]}
MORTAR_OBSERVER {"kind":"KIN_DD","call_id":11,"node":24,"entry":57,"row_node":1,"slave_slot":0,"value":8.8373753638076831e-13}
MORTAR_OBSERVER {"kind":"KIN_DD","call_id":11,"node":24,"entry":58,"row_node":3,"slave_slot":2,"value":-1.6875390141944319e-13}
MORTAR_OBSERVER {"kind":"KIN_DD","call_id":11,"node":24,"entry":59,"row_node":4,"slave_slot":3,"value":5.3512750318533959e-13}
MORTAR_OBSERVER {"kind":"KIN_DD","call_id":11,"node":24,"entry":60,"row_node":19,"slave_slot":6,"value":-8.2896653328849286e-14}
MORTAR_OBSERVER {"kind":"KIN_DD","call_id":11,"node":24,"entry":61,"row_node":23,"slave_slot":7,"value":2.2500520189259093e-13}
MORTAR_OBSERVER {"kind":"KIN_DD","call_id":11,"node":24,"entry":62,"row_node":24,"slave_slot":8,"value":1666.6680577780487}
MORTAR_OBSERVER {"kind":"KIN_GAP","call_id":11,"pair":0,"slot":0,"node":1,"gap":2.8773933620036902}
MORTAR_OBSERVER {"kind":"KIN_GAP","call_id":11,"pair":0,"slot":1,"node":2,"gap":-0.01140854961742388}
MORTAR_OBSERVER {"kind":"KIN_GAP","call_id":11,"pair":0,"slot":2,"node":3,"gap":-0.012458581297443705}
MORTAR_OBSERVER {"kind":"KIN_GAP","call_id":11,"pair":0,"slot":3,"node":4,"gap":1.2092915016474042}
MORTAR_OBSERVER {"kind":"KIN_GAP","call_id":11,"pair":0,"slot":4,"node":17,"gap":0.0031830549061432206}
MORTAR_OBSERVER {"kind":"KIN_GAP","call_id":11,"pair":0,"slot":5,"node":18,"gap":-0.0039570162774787976}
MORTAR_OBSERVER {"kind":"KIN_GAP","call_id":11,"pair":0,"slot":6,"node":19,"gap":0.012641089925280305}
MORTAR_OBSERVER {"kind":"KIN_GAP","call_id":11,"pair":0,"slot":7,"node":23,"gap":0.33100520782512199}
MORTAR_OBSERVER {"kind":"KIN_GAP","call_id":11,"pair":0,"slot":8,"node":24,"gap":2.1007649008478673}
MORTAR_OBSERVER {"kind":"INVENTORY","call_id":11,"pair_count":1,"slave_count":9}
MORTAR_OBSERVER {"kind":"PAIR","call_id":11,"pair":0,"start":0,"end":9}
MORTAR_OBSERVER {"kind":"PRE_RAW","call_id":11,"pair":0,"slot":0,"node":1,"activity":0,"lambda_raw":[-7.0476904426675867e-15,1.0125226344853243e-15,-6.9917352444460291e-15],"lambda_start":[0.00050771518908920529,0.00050771518909969321,-0.013186514357202705],"ddtil_count":1}
MORTAR_OBSERVER {"kind":"DDTIL","call_id":11,"pair":0,"column_slot":0,"source_slot":0,"destination_slot":0,"entry":0,"value":1333.3343393655837}
MORTAR_OBSERVER {"kind":"PRE_RAW","call_id":11,"pair":0,"slot":1,"node":2,"activity":2,"lambda_raw":[0.028641427591066752,0.015813001630208622,-0.050545313143593153],"lambda_start":[-6.5538309315043666e-05,0.00026092037294276585,-0.012777594587534601],"ddtil_count":1}
MORTAR_OBSERVER {"kind":"DDTIL","call_id":11,"pair":0,"column_slot":1,"source_slot":1,"destination_slot":1,"entry":1,"value":666.6672829657565}
MORTAR_OBSERVER {"kind":"PRE_RAW","call_id":11,"pair":0,"slot":2,"node":3,"activity":2,"lambda_raw":[0.016652035165827681,-0.0098162499692149834,-0.027902026213353033],"lambda_start":[0.00010155868155003408,0.00010155868154907331,-0.0125689875371119],"ddtil_count":1}
MORTAR_OBSERVER {"kind":"DDTIL","call_id":11,"pair":0,"column_slot":2,"source_slot":2,"destination_slot":2,"entry":2,"value":1333.33470804888}
MORTAR_OBSERVER {"kind":"PRE_RAW","call_id":11,"pair":0,"slot":3,"node":4,"activity":0,"lambda_raw":[6.3282653902070869e-15,-4.1218969269151649e-15,9.2086253425497664e-15],"lambda_start":[0.00026092037297979141,-6.5538309317234351e-05,-0.012777594587533964],"ddtil_count":1}
MORTAR_OBSERVER {"kind":"DDTIL","call_id":11,"pair":0,"column_slot":3,"source_slot":3,"destination_slot":3,"entry":3,"value":666.66728296575695}
MORTAR_OBSERVER {"kind":"PRE_RAW","call_id":11,"pair":0,"slot":4,"node":17,"activity":0,"lambda_raw":[-6.0040811654106882e-15,-1.3642409275252689e-15,6.3238251327994231e-16],"lambda_start":[-0.0007365987945344057,-9.7040249850901462e-05,-0.011300302693721054],"ddtil_count":1}
MORTAR_OBSERVER {"kind":"DDTIL","call_id":11,"pair":0,"column_slot":4,"source_slot":4,"destination_slot":4,"entry":4,"value":1000.0008247327145}
MORTAR_OBSERVER {"kind":"PRE_RAW","call_id":11,"pair":0,"slot":5,"node":18,"activity":2,"lambda_raw":[0.018571172229481823,0.0041836567217841004,-0.049100307233640048],"lambda_start":[0.00031677884056088363,-0.00033175558754602565,-0.011646327674742232],"ddtil_count":1}
MORTAR_OBSERVER {"kind":"DDTIL","call_id":11,"pair":0,"column_slot":5,"source_slot":5,"destination_slot":5,"entry":5,"value":1000.0009411590161}
MORTAR_OBSERVER {"kind":"PRE_RAW","call_id":11,"pair":0,"slot":6,"node":19,"activity":0,"lambda_raw":[3.3626405727924919e-15,1.0800240191536371e-15,2.3447889889519752e-15],"lambda_start":[-0.00016633402471439708,-0.00016633402470980207,-0.011364585339352794],"ddtil_count":1}
MORTAR_OBSERVER {"kind":"DDTIL","call_id":11,"pair":0,"column_slot":6,"source_slot":6,"destination_slot":6,"entry":6,"value":2000.0017392237551}
MORTAR_OBSERVER {"kind":"PRE_RAW","call_id":11,"pair":0,"slot":7,"node":23,"activity":0,"lambda_raw":[2.2548608408310823e-15,-7.2297655320000045e-16,-7.4908897416324362e-15],"lambda_start":[-0.00033175558755821078,0.00031677884057350418,-0.011646327674742355],"ddtil_count":1}
MORTAR_OBSERVER {"kind":"DDTIL","call_id":11,"pair":0,"column_slot":7,"source_slot":7,"destination_slot":7,"entry":7,"value":1000.0009411590161}
MORTAR_OBSERVER {"kind":"PRE_RAW","call_id":11,"pair":0,"slot":8,"node":24,"activity":0,"lambda_raw":[-1.5312183327171655e-15,-3.0035116269997575e-15,5.7411805700021795e-15],"lambda_start":[-9.7040249858331947e-05,-0.00073659879456435451,-0.011300302693717842],"ddtil_count":1}
MORTAR_OBSERVER {"kind":"DDTIL","call_id":11,"pair":0,"column_slot":8,"source_slot":8,"destination_slot":8,"entry":8,"value":1000.0008247327135}
MORTAR_OBSERVER {"kind":"LAW","call_id":11,"pair":0,"slot":0,"node":1,"activity":0,"ndof":3,"normal":[7.4139640564509083e-08,7.413964056489398e-08,-0.99999999999999456],"tangents":[0.99999999999999722,-5.4966863030631521e-15,7.4139640564508898e-08,-7.8886090522101181e-31,0.99999999999999734,7.4139640564894179e-08],"ln":9.3223200965784513e-12,"lt":[-9.3969283715808129e-12,1.350030506790681e-12],"lt_start":[0.6769527927045591,0.67695279271854691],"q":107.97503934045262,"ut":[439.48890278098457,-0.059384212823347625],"gn":9.3223200965784519e-16,"gt":[-0.0067695279271395604,-0.0067695279271719686],"b":323925118021.35785,"constant_n":10000000000,"constant_t":100,"mu":0.29999999999999999,"normal_mode":1,"tangent_mode":1,"normal_inverse_stiffness":0.0001,"tangent_inverse_stiffness":0.01,"p0":0,"beta":0,"iwan":1,"rn":-323925118021.35785,"rt":[-9.3969283715808129e-12,1.350030506790681e-12]}
MORTAR_OBSERVER {"kind":"LAW","call_id":11,"pair":0,"slot":1,"node":2,"activity":2,"ndof":3,"normal":[6.8387805827692747e-08,-4.1027950443498291e-08,-0.99999999999999689],"tangents":[0.99999999999999767,2.8058115084381685e-15,6.8387805827692694e-08,-3.944304526105059e-31,0.99999999999999922,-4.102795044349839e-08],"ln":33.696907453392846,"lt":[19.094300407939404,10.542012214859264],"lt_start":[-0.043692829156205842,0.17394742559283358],"q":0.0033696907453355344,"ut":[219.59797498919002,-0.21152463807023153],"gn":0.0033696907453392849,"gt":[0.1913799323709561,0.1036806478926643],"b":10.109060984601387,"constant_n":10000000000,"constant_t":100,"mu":0.29999999999999999,"normal_mode":1,"tangent_mode":1,"normal_inverse_stiffness":0.0001,"tangent_inverse_stiffness":0.01,"p0":0,"beta":0,"iwan":1,"rn":1.1251416466961928e-05,"rt":[8.9852440362496218,10.551669563778882]}
MORTAR_OBSERVER {"kind":"LAW","call_id":11,"pair":0,"slot":2,"node":3,"activity":2,"ndof":3,"normal":[-4.5208292547312871e-08,-4.52082925469361e-08,-0.999999999999998],"tangents":[0.999999999999999,-2.0437897150263934e-15,-4.5208292547312824e-08,3.944304526105059e-31,0.999999999999999,-4.5208292546936146e-08],"ln":37.202739563107201,"lt":[22.202738128120892,-13.088345104965724],"lt_start":[0.13541247264507875,0.13541247264379797],"q":0.003720273956315797,"ut":[439.17588516168126,0.2809005020032217],"gn":0.0037202739563107204,"gt":[0.22067325655475814,-0.13223757577609521],"b":11.160837098936918,"constant_n":10000000000,"constant_t":100,"mu":0.29999999999999999,"normal_mode":1,"tangent_mode":1,"normal_inverse_stiffness":0.0001,"tangent_inverse_stiffness":0.01,"p0":0,"beta":0,"iwan":1,"rn":-1.5230004757782467e-05,"rt":[11.041903334174419,-13.095518056969965]}
MORTAR_OBSERVER {"kind":"LAW","call_id":11,"pair":0,"slot":3,"node":4,"activity":0,"ndof":3,"normal":[-4.1027950443876154e-08,6.8387805828061921e-08,-0.99999999999999689],"tangents":[0.99999999999999922,2.8058115084791518e-15,-4.1027950443876068e-08,3.944304526105059e-31,0.99999999999999778,6.8387805828061987e-08],"ln":-6.1390895979830772e-12,"lt":[4.2188472417013335e-12,-2.7479334050925875e-12],"lt_start":[0.1739474256175173,-0.043692829157666827],"q":54.004500723371905,"ut":[219.74100797264484,-0.04216677198975128],"gn":-6.1390895979830773e-16,"gt":[-0.0017394742561329846,0.00043692829154918893],"b":162013502170.11572,"constant_n":10000000000,"constant_t":100,"mu":0.29999999999999999,"normal_mode":1,"tangent_mode":1,"normal_inverse_stiffness":0.0001,"tangent_inverse_stiffness":0.01,"p0":0,"beta":0,"iwan":1,"rn":-162013502170.11572,"rt":[4.2188472417013335e-12,-2.7479334050925875e-12]}
MORTAR_OBSERVER {"kind":"LAW","call_id":11,"pair":0,"slot":4,"node":17,"activity":0,"ndof":3,"normal":[7.2424004571337343e-08,1.5395559165892368e-08,-0.99999999999999734],"tangents":[0.99999999999999745,-1.1150080474088865e-15,7.2424004571337343e-08,-0,1,1.5395559165892408e-08],"ln":-6.32383490669717e-13,"lt":[-6.004086071373117e-12,-1.3642420429235018e-12],"lt_start":[-0.73660022044537588,-0.097040503857792323],"q":40.647482907526673,"ut":[329.49231046485261,-0.1056271961880276],"gn":-6.3238349066971702e-17,"gt":[0.0073660022043937181,0.00097040503856428081],"b":121942448722.58002,"constant_n":10000000000,"constant_t":100,"mu":0.29999999999999999,"normal_mode":1,"tangent_mode":1,"normal_inverse_stiffness":0.0001,"tangent_inverse_stiffness":0.01,"p0":0,"beta":0,"iwan":1,"rn":-121942448722.58002,"rt":[-6.004086071373117e-12,-1.3642420429235018e-12]}
MORTAR_OBSERVER {"kind":"LAW","call_id":11,"pair":0,"slot":5,"node":18,"activity":2,"ndof":3,"normal":[1.196430858954852e-08,-4.3492668962924582e-08,-0.999999999999999],"tangents":[1,5.2035971285550893e-16,1.196430858954851e-08,-0,0.99999999999999911,-4.3492668962924588e-08],"ln":49.100353485069718,"lt":[18.571189120456228,4.183662794775759],"lt_start":[0.31677899935975595,-0.33175539325043679],"q":0.0049100353485143468,"ut":[329.55817680484637,-0.063531374692312223],"gn":0.0049100353485069716,"gt":[0.18254410121096473,0.045154181880261962],"b":14.73012817105149,"constant_n":10000000000,"constant_t":100,"mu":0.29999999999999999,"normal_mode":1,"tangent_mode":1,"normal_inverse_stiffness":0.0001,"tangent_inverse_stiffness":0.01,"p0":0,"beta":0,"iwan":1,"rn":-2.2125530575678454e-05,"rt":[3.841061252439804,4.1866506854450787]}
MORTAR_OBSERVER {"kind":"LAW","call_id":11,"pair":0,"slot":6,"node":19,"activity":0,"ndof":3,"normal":[1.446566586541265e-08,1.4465665865794023e-08,-0.99999999999999978],"tangents":[0.99999999999999989,-2.0925548893528156e-16,1.4465665865412648e-08,-0,0.99999999999999989,1.4465665865794025e-08],"ln":-4.6895819274843447e-12,"lt":[6.7252870618072728e-12,2.1600499845486307e-12],"lt_start":[-0.33266866751375551,-0.33266866750456553],"q":81.505636422584274,"ut":[659.31634769025572,-0.27541998455907735],"gn":-4.6895819274843445e-16,"gt":[0.003326686675204808,0.0033266866750672557],"b":244516909267.75284,"constant_n":10000000000,"constant_t":100,"mu":0.29999999999999999,"normal_mode":1,"tangent_mode":1,"normal_inverse_stiffness":0.0001,"tangent_inverse_stiffness":0.01,"p0":0,"beta":0,"iwan":1,"rn":-244516909267.75284,"rt":[6.7252870618072728e-12,2.1600499845486307e-12]}
MORTAR_OBSERVER {"kind":"LAW","call_id":11,"pair":0,"slot":7,"node":23,"activity":0,"ndof":3,"normal":[-4.3492668963301889e-08,1.1964308589921484e-08,-0.999999999999999],"tangents":[0.99999999999999911,5.2035971287624483e-16,-4.3492668963301889e-08,-0,1,1.1964308589921497e-08],"ln":7.4908966850309152e-12,"lt":[2.2548632888127843e-12,-7.2297732325930279e-13],"lt_start":[-0.33175539326262177,0.31677899937237669],"q":40.639126319023894,"ut":[329.48461050679435,-0.026638422566027154],"gn":7.4908966850309154e-16,"gt":[0.0033175539326487664,-0.0031677899937309966],"b":121917378957.07169,"constant_n":10000000000,"constant_t":100,"mu":0.29999999999999999,"normal_mode":1,"tangent_mode":1,"normal_inverse_stiffness":0.0001,"tangent_inverse_stiffness":0.01,"p0":0,"beta":0,"iwan":1,"rn":-121917378957.07169,"rt":[2.2548632888127843e-12,-7.2297732325930279e-13]}
MORTAR_OBSERVER {"kind":"LAW","call_id":11,"pair":0,"slot":8,"node":24,"activity":0,"ndof":3,"normal":[1.539555916551032e-08,7.2424004571714789e-08,-0.99999999999999734],"tangents":[0.99999999999999989,-1.1150080473870252e-15,1.5395559165510284e-08,-1.9721522630525295e-31,0.99999999999999745,7.2424004571714789e-08],"ln":-5.7411855460420954e-12,"lt":[-1.5312195071742543e-12,-3.003513688294413e-12],"lt_start":[-0.097040503865221894,-0.73660022047532414],"q":81.002898679939975,"ut":[329.70107301128712,-0.085644881638399242],"gn":-5.7411855460420956e-16,"gt":[0.00097040503863690675,0.0073660022047232071],"b":243008696039.81992,"constant_n":10000000000,"constant_t":100,"mu":0.29999999999999999,"normal_mode":1,"tangent_mode":1,"normal_inverse_stiffness":0.0001,"tangent_inverse_stiffness":0.01,"p0":0,"beta":0,"iwan":1,"rn":-243008696039.81992,"rt":[-1.5312195071742543e-12,-3.003513688294413e-12]}
MORTAR_OBSERVER {"kind":"POST_RAW_AFTER_ACTIVE_LOOP","call_id":11,"pair":0,"slot":0,"node":1,"activity":1,"lambda_raw":[-7.0476904426675867e-15,1.0125226344853243e-15,-6.9917352444460291e-15],"gap":-107.97503934045262}
MORTAR_OBSERVER {"kind":"POST_RAW_AFTER_ACTIVE_LOOP","call_id":11,"pair":0,"slot":1,"node":2,"activity":2,"lambda_raw":[0.028641427591066752,0.015813001630208622,-0.050545313143593153],"gap":-0.0033696907453355344}
MORTAR_OBSERVER {"kind":"POST_RAW_AFTER_ACTIVE_LOOP","call_id":11,"pair":0,"slot":2,"node":3,"activity":2,"lambda_raw":[0.016652035165827681,-0.0098162499692149834,-0.027902026213353033],"gap":-0.003720273956315797}
MORTAR_OBSERVER {"kind":"POST_RAW_AFTER_ACTIVE_LOOP","call_id":11,"pair":0,"slot":3,"node":4,"activity":1,"lambda_raw":[6.3282653902070869e-15,-4.1218969269151649e-15,9.2086253425497664e-15],"gap":-54.004500723371905}
MORTAR_OBSERVER {"kind":"POST_RAW_AFTER_ACTIVE_LOOP","call_id":11,"pair":0,"slot":4,"node":17,"activity":1,"lambda_raw":[-6.0040811654106882e-15,-1.3642409275252689e-15,6.3238251327994231e-16],"gap":-40.647482907526673}
MORTAR_OBSERVER {"kind":"POST_RAW_AFTER_ACTIVE_LOOP","call_id":11,"pair":0,"slot":5,"node":18,"activity":2,"lambda_raw":[0.018571172229481823,0.0041836567217841004,-0.049100307233640048],"gap":-0.0049100353485143468}
MORTAR_OBSERVER {"kind":"POST_RAW_AFTER_ACTIVE_LOOP","call_id":11,"pair":0,"slot":6,"node":19,"activity":1,"lambda_raw":[3.3626405727924919e-15,1.0800240191536371e-15,2.3447889889519752e-15],"gap":-81.505636422584274}
MORTAR_OBSERVER {"kind":"POST_RAW_AFTER_ACTIVE_LOOP","call_id":11,"pair":0,"slot":7,"node":23,"activity":1,"lambda_raw":[2.2548608408310823e-15,-7.2297655320000045e-16,-7.4908897416324362e-15],"gap":-40.639126319023894}
MORTAR_OBSERVER {"kind":"POST_RAW_AFTER_ACTIVE_LOOP","call_id":11,"pair":0,"slot":8,"node":24,"activity":1,"lambda_raw":[-1.5312183327171655e-15,-3.0035116269997575e-15,5.7411805700021795e-15],"gap":-81.002898679939975}
MORTAR_OBSERVER {"kind":"CFS_INVENTORY","call_id":11,"all_node_count":35,"physical_count":13}
MORTAR_OBSERVER {"kind":"CFS_NODE","call_id":11,"node":1,"force":[-9.1219193043520536e-12,2.0852515675853581e-12,-1.3018383239399328e-11]}
MORTAR_OBSERVER {"kind":"CFS_NODE","call_id":11,"node":2,"force":[12.903905989356094,9.1474572446204885,-17.330121692007008]}
MORTAR_OBSERVER {"kind":"CFS_NODE","call_id":11,"node":3,"force":[16.012339723202704,-14.482900374562792,-20.835955087066523]}
MORTAR_OBSERVER {"kind":"CFS_NODE","call_id":11,"node":4,"force":[3.9787965100882022e-12,-1.5064558765913003e-12,6.7203768981062886e-12]}
MORTAR_OBSERVER {"kind":"CFS_NODE","call_id":11,"node":13,"force":[-2.3865785645300459,-0.88871972433564317,4.8782718731592043]}
MORTAR_OBSERVER {"kind":"CFS_NODE","call_id":11,"node":14,"force":[-26.252360903092175,-9.7759253530773407,53.660975075996355]}
MORTAR_OBSERVER {"kind":"CFS_NODE","call_id":11,"node":15,"force":[-28.62684674946814,8.2750422308312679,56.339019012429155]}
MORTAR_OBSERVER {"kind":"CFS_NODE","call_id":11,"node":16,"force":[-2.6024426494593733,0.752278141809537,5.121734038497638]}
MORTAR_OBSERVER {"kind":"CFS_NODE","call_id":11,"node":17,"force":[-1.0008386769015705e-11,-2.2755915736511819e-12,1.0506785094742257e-12]}
MORTAR_OBSERVER {"kind":"CFS_NODE","call_id":11,"node":18,"force":[30.951983153993663,6.9727678347187965,-81.833923221008462]}
MORTAR_OBSERVER {"kind":"CFS_NODE","call_id":11,"node":19,"force":[1.1209072368964413e-11,3.5957214928031906e-12,7.8183849577628429e-12]}
MORTAR_OBSERVER {"kind":"CFS_NODE","call_id":11,"node":23,"force":[3.7550976800764315e-12,-1.2031892897974912e-12,-1.2479789108125438e-11]}
MORTAR_OBSERVER {"kind":"CFS_NODE","call_id":11,"node":24,"force":[-2.5548427805246699e-12,-5.0042003594058613e-12,9.5733508457396106e-12]}
MORTAR_OBSERVER {"kind":"CFS_END","call_id":11,"scanned_nodes":35,"physical_count":13,"outside_nonzero_count":0}
MORTAR_OBSERVER {"kind":"SUMMARY_PRE_OVERRIDE","call_id":11,"ndiverg":14,"flag":1,"keepset":0,"max_n":323925118021.35785,"max_t":[11.041903334174419,13.095518056969965],"lm_t_av":[59.868227656546658,27.814020114612095],"nstick":6,"nslip":3,"ninactive":0,"nnogap":0,"nolm":0}
MORTAR_OBSERVER {"kind":"SUMMARY_POST_OVERRIDE","call_id":11,"flag":1}
MORTAR_OBSERVER {"kind":"RETURN","call_id":11}
 Using up to 2 cpu(s) for the stress calculation.

 average force= 7.318972
 time avg. forc= 7.318972
 largest residual force= 16.163084 in node 19 and dof 3
 largest increment of disp= 1.730781e-01
 largest correction to disp= 8.569104e-02 in node 4 and dof 1

MORTAR_OBSERVER {"kind":"PRE_CHECK","call_id":11,"step":2,"inc":1,"cutback":0,"iteration":3,"time":0.25,"dtime":0.25,"ttime":1,"tper":1,"theta":0,"dtheta":0.25,"icntrl":0,"nmethod":1,"iexpl":0,"ithermal":0,"uncoupled":0,"mortar":2,"iflagdualquad":2}
 no convergence

MORTAR_OBSERVER {"kind":"POST_CHECK","call_id":11,"step":2,"inc":1,"cutback":0,"iteration":4,"time":0.25,"dtime":0.25,"ttime":1,"tper":1,"theta":0,"dtheta":0.25,"icntrl":0,"nmethod":1,"iexpl":0,"ithermal":0,"uncoupled":0,"mortar":2,"iflagdualquad":2}
 iteration 4

 Determining the structure of the matrix:

 Using up to 2 cpu(s) for setting up the structure of the matrix.
 number of equations
 75
 number of nonzero lower triangular matrix elements
 1143

 Using up to 2 cpu(s) for the stress calculation.

 Using up to 2 cpu(s) for the symmetric stiffness/mass contributions.

 Using up to 2 cpu(s) for the stress calculation.

 Using up to 2 cpu(s) for the symmetric stiffness/mass contributions.

 Factoring the system of equations using the unsymmetric spooles solver
 Using 1 cpu for spooles.

MORTAR_OBSERVER {"kind":"BEGIN","call_id":12,"step":2,"inc":1,"cutback":0,"iteration":4,"time":0.25,"dtime":0.25,"ttime":1,"tper":1,"theta":0,"dtheta":0.25,"icntrl":0,"nmethod":1,"iexpl":0,"ithermal":0,"uncoupled":0,"mortar":2,"iflagdualquad":2}
MORTAR_OBSERVER {"kind":"KIN_INVENTORY","call_id":12,"all_node_count":35,"physical_count":13,"dd_count":63,"bd_count":36,"slave_count":9}
MORTAR_OBSERVER {"kind":"KIN_NODE","call_id":12,"node":1,"dd_count":9,"bd_count":0,"b2":[-0.024968559873403268,-0.0031301742571788064,0.067149641809479244],"vold":[0.32995240582640234,1.4502430615816013e-05,-0.080850687396757354],"vini":[-1.8651819129285558e-05,-1.8651819129203521e-05,-0.00011333255306067981]}
MORTAR_OBSERVER {"kind":"KIN_DD","call_id":12,"node":1,"entry":0,"row_node":1,"slave_slot":0,"value":1333.3343393655834}
MORTAR_OBSERVER {"kind":"KIN_DD","call_id":12,"node":1,"entry":1,"row_node":2,"slave_slot":1,"value":7.5199107760053208e-14}
MORTAR_OBSERVER {"kind":"KIN_DD","call_id":12,"node":1,"entry":2,"row_node":3,"slave_slot":2,"value":1.8518520025380737e-13}
MORTAR_OBSERVER {"kind":"KIN_DD","call_id":12,"node":1,"entry":3,"row_node":4,"slave_slot":3,"value":-1.2478906921415307e-13}
MORTAR_OBSERVER {"kind":"KIN_DD","call_id":12,"node":1,"entry":4,"row_node":17,"slave_slot":4,"value":-333.33361652266797}
MORTAR_OBSERVER {"kind":"KIN_DD","call_id":12,"node":1,"entry":5,"row_node":18,"slave_slot":5,"value":-1.2675047270840951e-14}
MORTAR_OBSERVER {"kind":"KIN_DD","call_id":12,"node":1,"entry":6,"row_node":19,"slave_slot":6,"value":-666.66726296477884}
MORTAR_OBSERVER {"kind":"KIN_DD","call_id":12,"node":1,"entry":7,"row_node":23,"slave_slot":7,"value":-3.7425618361670371e-13}
MORTAR_OBSERVER {"kind":"KIN_DD","call_id":12,"node":1,"entry":8,"row_node":24,"slave_slot":8,"value":-333.33361652266734}
MORTAR_OBSERVER {"kind":"KIN_NODE","call_id":12,"node":2,"dd_count":6,"bd_count":0,"b2":[-0.026066968674257677,0.0031360764081458468,0.013669447833351986],"vold":[0.32984763246822052,-0.00033659889539711628,-0.00035044361289164269],"vini":[1.9409787070850799e-05,-2.1276020123634991e-05,-0.00010609014988737315]}
MORTAR_OBSERVER {"kind":"KIN_DD","call_id":12,"node":2,"entry":9,"row_node":1,"slave_slot":0,"value":3.2566523894461172e-15}
MORTAR_OBSERVER {"kind":"KIN_DD","call_id":12,"node":2,"entry":10,"row_node":2,"slave_slot":1,"value":666.66728296575661}
MORTAR_OBSERVER {"kind":"KIN_DD","call_id":12,"node":2,"entry":11,"row_node":3,"slave_slot":2,"value":6.661338919786186e-15}
MORTAR_OBSERVER {"kind":"KIN_DD","call_id":12,"node":2,"entry":12,"row_node":17,"slave_slot":4,"value":-333.33361652266825}
MORTAR_OBSERVER {"kind":"KIN_DD","call_id":12,"node":2,"entry":13,"row_node":18,"slave_slot":5,"value":-333.33365533143626}
MORTAR_OBSERVER {"kind":"KIN_DD","call_id":12,"node":2,"entry":14,"row_node":19,"slave_slot":6,"value":2.189914937235159e-13}
MORTAR_OBSERVER {"kind":"KIN_NODE","call_id":12,"node":3,"dd_count":9,"bd_count":0,"b2":[-0.027707870397714624,-0.0027894537257264476,0.013242048544281702],"vold":[0.32985666844363237,0.00025614053724448628,-0.0003758208442243043],"vini":[2.326667444963995e-05,2.3266674449668281e-05,-0.00011043941867480129]}
MORTAR_OBSERVER {"kind":"KIN_DD","call_id":12,"node":3,"entry":15,"row_node":1,"slave_slot":0,"value":2.0515994684268658e-14}
MORTAR_OBSERVER {"kind":"KIN_DD","call_id":12,"node":3,"entry":16,"row_node":2,"slave_slot":1,"value":1.0480968089501651e-13}
MORTAR_OBSERVER {"kind":"KIN_DD","call_id":12,"node":3,"entry":17,"row_node":3,"slave_slot":2,"value":1333.33470804888}
MORTAR_OBSERVER {"kind":"KIN_DD","call_id":12,"node":3,"entry":18,"row_node":4,"slave_slot":3,"value":-9.5257135799594381e-14}
MORTAR_OBSERVER {"kind":"KIN_DD","call_id":12,"node":3,"entry":19,"row_node":17,"slave_slot":4,"value":7.3644769849891522e-15}
MORTAR_OBSERVER {"kind":"KIN_DD","call_id":12,"node":3,"entry":20,"row_node":18,"slave_slot":5,"value":-333.33365533143655}
MORTAR_OBSERVER {"kind":"KIN_DD","call_id":12,"node":3,"entry":21,"row_node":19,"slave_slot":6,"value":-666.66726296477918}
MORTAR_OBSERVER {"kind":"KIN_DD","call_id":12,"node":3,"entry":22,"row_node":23,"slave_slot":7,"value":-333.3336553314362}
MORTAR_OBSERVER {"kind":"KIN_DD","call_id":12,"node":3,"entry":23,"row_node":24,"slave_slot":8,"value":-3.9320404721530813e-15}
MORTAR_OBSERVER {"kind":"KIN_NODE","call_id":12,"node":4,"dd_count":6,"bd_count":0,"b2":[-0.024902197931222534,0.0029060196989504922,0.067832860040712956],"vold":[0.32994928050425965,-9.0731478118428674e-05,-0.080881282763513002],"vini":[-2.1276020123909488e-05,1.9409787070938233e-05,-0.00010609014988733541]}
MORTAR_OBSERVER {"kind":"KIN_DD","call_id":12,"node":4,"entry":24,"row_node":1,"slave_slot":0,"value":4.9650094869271167e-14}
MORTAR_OBSERVER {"kind":"KIN_DD","call_id":12,"node":4,"entry":25,"row_node":3,"slave_slot":2,"value":6.9870037418317637e-14}
MORTAR_OBSERVER {"kind":"KIN_DD","call_id":12,"node":4,"entry":26,"row_node":4,"slave_slot":3,"value":666.66728296575673}
MORTAR_OBSERVER {"kind":"KIN_DD","call_id":12,"node":4,"entry":27,"row_node":19,"slave_slot":6,"value":2.3074135077482704e-14}
MORTAR_OBSERVER {"kind":"KIN_DD","call_id":12,"node":4,"entry":28,"row_node":23,"slave_slot":7,"value":-333.33365533143649}
MORTAR_OBSERVER {"kind":"KIN_DD","call_id":12,"node":4,"entry":29,"row_node":24,"slave_slot":8,"value":-333.33361652266836}
MORTAR_OBSERVER {"kind":"KIN_NODE","call_id":12,"node":13,"dd_count":0,"bd_count":9,"b2":[-0.021738174269092744,-0.0044502525576363026,-0.01655641267060445],"vold":[0.00031854464275861926,7.1098285396422115e-05,0.00017937864400013024],"vini":[-2.8066862268510173e-05,-2.8066862268525196e-05,-0.00011356992110190738]}
MORTAR_OBSERVER {"kind":"KIN_BD","call_id":12,"node":13,"entry":0,"row_node":1,"slave_slot":0,"value":-1120.3709633274834}
MORTAR_OBSERVER {"kind":"KIN_BD","call_id":12,"node":13,"entry":1,"row_node":2,"slave_slot":1,"value":-50.925940030402735}
MORTAR_OBSERVER {"kind":"KIN_BD","call_id":12,"node":13,"entry":2,"row_node":3,"slave_slot":2,"value":-9.259307744204996}
MORTAR_OBSERVER {"kind":"KIN_BD","call_id":12,"node":13,"entry":3,"row_node":4,"slave_slot":3,"value":-50.925940030402948}
MORTAR_OBSERVER {"kind":"KIN_BD","call_id":12,"node":13,"entry":4,"row_node":17,"slave_slot":4,"value":-458.33370498722149}
MORTAR_OBSERVER {"kind":"KIN_BD","call_id":12,"node":13,"entry":5,"row_node":18,"slave_slot":5,"value":-41.666762492038849}
MORTAR_OBSERVER {"kind":"KIN_BD","call_id":12,"node":13,"entry":6,"row_node":19,"slave_slot":6,"value":-268.51875469405724}
MORTAR_OBSERVER {"kind":"KIN_BD","call_id":12,"node":13,"entry":7,"row_node":23,"slave_slot":7,"value":-41.666762492038607}
MORTAR_OBSERVER {"kind":"KIN_BD","call_id":12,"node":13,"entry":8,"row_node":24,"slave_slot":8,"value":-458.33370498722223}
MORTAR_OBSERVER {"kind":"KIN_NODE","call_id":12,"node":14,"dd_count":0,"bd_count":9,"b2":[-0.021971810865337775,0.0041311363476236145,0.016314292048313923],"vold":[0.00046127885087555347,-3.7615532447113917e-05,-0.00038906122217864528],"vini":[2.4201626574401393e-05,-2.8535390258710365e-05,-0.00010353950999479019]}
MORTAR_OBSERVER {"kind":"KIN_BD","call_id":12,"node":14,"entry":9,"row_node":1,"slave_slot":0,"value":-101.85205834211705}
MORTAR_OBSERVER {"kind":"KIN_BD","call_id":12,"node":14,"entry":10,"row_node":2,"slave_slot":1,"value":-560.18582613200579}
MORTAR_OBSERVER {"kind":"KIN_BD","call_id":12,"node":14,"entry":11,"row_node":3,"slave_slot":2,"value":-101.8520474025626}
MORTAR_OBSERVER {"kind":"KIN_BD","call_id":12,"node":14,"entry":12,"row_node":4,"slave_slot":3,"value":-4.6295740824065685}
MORTAR_OBSERVER {"kind":"KIN_BD","call_id":12,"node":14,"entry":13,"row_node":17,"slave_slot":4,"value":-458.333510499559}
MORTAR_OBSERVER {"kind":"KIN_BD","call_id":12,"node":14,"entry":14,"row_node":18,"slave_slot":5,"value":-458.33376300392297}
MORTAR_OBSERVER {"kind":"KIN_BD","call_id":12,"node":14,"entry":15,"row_node":19,"slave_slot":6,"value":-731.482068890954}
MORTAR_OBSERVER {"kind":"KIN_BD","call_id":12,"node":14,"entry":16,"row_node":23,"slave_slot":7,"value":-41.666791625993497}
MORTAR_OBSERVER {"kind":"KIN_BD","call_id":12,"node":14,"entry":17,"row_node":24,"slave_slot":8,"value":-41.666811757788253}
MORTAR_OBSERVER {"kind":"KIN_NODE","call_id":12,"node":15,"dd_count":0,"bd_count":9,"b2":[-0.021114681788827337,-0.0046580637704652849,0.015734293239750115],"vold":[0.00049036344454137437,5.9686745485440723e-05,-0.00042490384623929101],"vini":[2.710682217014385e-05,2.7106822170201716e-05,-0.000110172262554128]}
MORTAR_OBSERVER {"kind":"KIN_BD","call_id":12,"node":15,"entry":18,"row_node":1,"slave_slot":0,"value":-9.2592593538675061}
MORTAR_OBSERVER {"kind":"KIN_BD","call_id":12,"node":15,"entry":19,"row_node":2,"slave_slot":1,"value":-50.925942720941158}
MORTAR_OBSERVER {"kind":"KIN_BD","call_id":12,"node":15,"entry":20,"row_node":3,"slave_slot":2,"value":-1120.3713054995505}
MORTAR_OBSERVER {"kind":"KIN_BD","call_id":12,"node":15,"entry":21,"row_node":4,"slave_slot":3,"value":-50.925942720941208}
MORTAR_OBSERVER {"kind":"KIN_BD","call_id":12,"node":15,"entry":22,"row_node":17,"slave_slot":4,"value":-41.666797488145619}
MORTAR_OBSERVER {"kind":"KIN_BD","call_id":12,"node":15,"entry":23,"row_node":18,"slave_slot":5,"value":-458.33362403706082}
MORTAR_OBSERVER {"kind":"KIN_BD","call_id":12,"node":15,"entry":24,"row_node":19,"slave_slot":6,"value":-268.51884674778933}
MORTAR_OBSERVER {"kind":"KIN_BD","call_id":12,"node":15,"entry":25,"row_node":23,"slave_slot":7,"value":-458.33362403706025}
MORTAR_OBSERVER {"kind":"KIN_BD","call_id":12,"node":15,"entry":26,"row_node":24,"slave_slot":8,"value":-41.66679748814537}
MORTAR_OBSERVER {"kind":"KIN_NODE","call_id":12,"node":16,"dd_count":0,"bd_count":9,"b2":[-0.021636172104358507,0.0043010451722892574,-0.015580910991095093],"vold":[0.00032188733086071868,-4.3511089390816402e-05,0.00017592089237809458],"vini":[-2.8535390258651648e-05,2.4201626574321538e-05,-0.00010353950999474492]}
MORTAR_OBSERVER {"kind":"KIN_BD","call_id":12,"node":16,"entry":27,"row_node":1,"slave_slot":0,"value":-101.85205834211729}
MORTAR_OBSERVER {"kind":"KIN_BD","call_id":12,"node":16,"entry":28,"row_node":2,"slave_slot":1,"value":-4.6295740824066147}
MORTAR_OBSERVER {"kind":"KIN_BD","call_id":12,"node":16,"entry":29,"row_node":3,"slave_slot":2,"value":-101.85204740256266}
MORTAR_OBSERVER {"kind":"KIN_BD","call_id":12,"node":16,"entry":30,"row_node":4,"slave_slot":3,"value":-560.18582613200647}
MORTAR_OBSERVER {"kind":"KIN_BD","call_id":12,"node":16,"entry":31,"row_node":17,"slave_slot":4,"value":-41.666811757788196}
MORTAR_OBSERVER {"kind":"KIN_BD","call_id":12,"node":16,"entry":32,"row_node":18,"slave_slot":5,"value":-41.666791625993454}
MORTAR_OBSERVER {"kind":"KIN_BD","call_id":12,"node":16,"entry":33,"row_node":19,"slave_slot":6,"value":-731.48206889095377}
MORTAR_OBSERVER {"kind":"KIN_BD","call_id":12,"node":16,"entry":34,"row_node":23,"slave_slot":7,"value":-458.33376300392348}
MORTAR_OBSERVER {"kind":"KIN_BD","call_id":12,"node":16,"entry":35,"row_node":24,"slave_slot":8,"value":-458.33351049955786}
MORTAR_OBSERVER {"kind":"KIN_NODE","call_id":12,"node":17,"dd_count":6,"bd_count":0,"b2":[-0.0244719152162018,-2.7940060701295742e-05,0.04049865440886076],"vold":[0.32988556844052341,-0.00011876558141969999,-0.04069307727764121],"vini":[-5.3690046458016392e-06,-2.2851020685450205e-05,-0.00010961044677868645]}
MORTAR_OBSERVER {"kind":"KIN_DD","call_id":12,"node":17,"entry":30,"row_node":1,"slave_slot":0,"value":2.4276877046305862e-13}
MORTAR_OBSERVER {"kind":"KIN_DD","call_id":12,"node":17,"entry":31,"row_node":2,"slave_slot":1,"value":-2.5461114951003707e-13}
MORTAR_OBSERVER {"kind":"KIN_DD","call_id":12,"node":17,"entry":32,"row_node":3,"slave_slot":2,"value":-6.5133084758381588e-14}
MORTAR_OBSERVER {"kind":"KIN_DD","call_id":12,"node":17,"entry":33,"row_node":17,"slave_slot":4,"value":1666.6680577780505}
MORTAR_OBSERVER {"kind":"KIN_DD","call_id":12,"node":17,"entry":34,"row_node":18,"slave_slot":5,"value":3.6618856459328738e-13}
MORTAR_OBSERVER {"kind":"KIN_DD","call_id":12,"node":17,"entry":35,"row_node":19,"slave_slot":6,"value":-1.2397490564805584e-13}
MORTAR_OBSERVER {"kind":"KIN_NODE","call_id":12,"node":18,"dd_count":6,"bd_count":0,"b2":[-0.027503248491100363,-1.751781218771834e-05,0.013463499943848774],"vold":[0.3299551930642719,-4.9441537021572071e-05,-0.00036367848079310833],"vini":[2.3130538336491836e-05,-2.0816932734675867e-06,-0.00010820316598743466]}
MORTAR_OBSERVER {"kind":"KIN_DD","call_id":12,"node":18,"entry":36,"row_node":1,"slave_slot":0,"value":1.2286468261240163e-13}
MORTAR_OBSERVER {"kind":"KIN_DD","call_id":12,"node":18,"entry":37,"row_node":2,"slave_slot":1,"value":-2.3092639141608016e-13}
MORTAR_OBSERVER {"kind":"KIN_DD","call_id":12,"node":18,"entry":38,"row_node":3,"slave_slot":2,"value":-9.0298140233210834e-14}
MORTAR_OBSERVER {"kind":"KIN_DD","call_id":12,"node":18,"entry":39,"row_node":17,"slave_slot":4,"value":1.8947806475165551e-13}
MORTAR_OBSERVER {"kind":"KIN_DD","call_id":12,"node":18,"entry":40,"row_node":18,"slave_slot":5,"value":1666.6682518218884}
MORTAR_OBSERVER {"kind":"KIN_DD","call_id":12,"node":18,"entry":41,"row_node":19,"slave_slot":6,"value":-3.0207318428425546e-13}
MORTAR_OBSERVER {"kind":"KIN_NODE","call_id":12,"node":19,"dd_count":9,"bd_count":0,"b2":[-0.0255768339083269,-0.00022500410877373113,0.040630531996075719],"vold":[0.32999257229958684,-3.6763017680330819e-05,-0.040764030745753667],"vini":[-1.1041054726275674e-06,-1.1041054726048646e-06,-0.00010890228638792375]}
MORTAR_OBSERVER {"kind":"KIN_DD","call_id":12,"node":19,"entry":42,"row_node":1,"slave_slot":0,"value":2.871776918892279e-13}
MORTAR_OBSERVER {"kind":"KIN_DD","call_id":12,"node":19,"entry":43,"row_node":2,"slave_slot":1,"value":-5.9211895234892347e-14}
MORTAR_OBSERVER {"kind":"KIN_DD","call_id":12,"node":19,"entry":44,"row_node":3,"slave_slot":2,"value":2.8495724581791943e-13}
MORTAR_OBSERVER {"kind":"KIN_DD","call_id":12,"node":19,"entry":45,"row_node":4,"slave_slot":3,"value":-2.8421709712748327e-13}
MORTAR_OBSERVER {"kind":"KIN_DD","call_id":12,"node":19,"entry":46,"row_node":17,"slave_slot":4,"value":2.9605947617446172e-13}
MORTAR_OBSERVER {"kind":"KIN_DD","call_id":12,"node":19,"entry":47,"row_node":18,"slave_slot":5,"value":-1.501576655722348e-13}
MORTAR_OBSERVER {"kind":"KIN_DD","call_id":12,"node":19,"entry":48,"row_node":19,"slave_slot":6,"value":3333.3362651533125}
MORTAR_OBSERVER {"kind":"KIN_DD","call_id":12,"node":19,"entry":49,"row_node":23,"slave_slot":7,"value":1.807813176390307e-13}
MORTAR_OBSERVER {"kind":"KIN_DD","call_id":12,"node":19,"entry":50,"row_node":24,"slave_slot":8,"value":2.8810287775227309e-13}
MORTAR_OBSERVER {"kind":"KIN_NODE","call_id":12,"node":23,"dd_count":6,"bd_count":0,"b2":[-0.025165816458632868,-3.2399488253862477e-05,0.040621518187141416],"vold":[0.3298926431833214,2.4284919066374939e-05,-0.040709118601094586],"vini":[-2.0816932735063558e-06,2.3130538336494764e-05,-0.00010820316598741581]}
MORTAR_OBSERVER {"kind":"KIN_DD","call_id":12,"node":23,"entry":51,"row_node":1,"slave_slot":0,"value":-8.2896653328849286e-14}
MORTAR_OBSERVER {"kind":"KIN_DD","call_id":12,"node":23,"entry":52,"row_node":3,"slave_slot":2,"value":-1.8059628046642167e-13}
MORTAR_OBSERVER {"kind":"KIN_DD","call_id":12,"node":23,"entry":53,"row_node":4,"slave_slot":3,"value":3.4194869498150328e-13}
MORTAR_OBSERVER {"kind":"KIN_DD","call_id":12,"node":23,"entry":54,"row_node":19,"slave_slot":6,"value":1.0658141142280622e-13}
MORTAR_OBSERVER {"kind":"KIN_DD","call_id":12,"node":23,"entry":55,"row_node":23,"slave_slot":7,"value":1666.6682518218884}
MORTAR_OBSERVER {"kind":"KIN_DD","call_id":12,"node":23,"entry":56,"row_node":24,"slave_slot":8,"value":-1.6866138283313867e-13}
MORTAR_OBSERVER {"kind":"KIN_NODE","call_id":12,"node":24,"dd_count":6,"bd_count":0,"b2":[-0.025465066584356051,-7.5821242632182268e-05,0.067486761002255757],"vold":[0.33000014598943617,-6.2912851920976292e-05,-0.080871240454683996],"vini":[-2.2851020685498611e-05,-5.3690046456183201e-06,-0.00010961044677866738]}
MORTAR_OBSERVER {"kind":"KIN_DD","call_id":12,"node":24,"entry":57,"row_node":1,"slave_slot":0,"value":8.8373753638076831e-13}
MORTAR_OBSERVER {"kind":"KIN_DD","call_id":12,"node":24,"entry":58,"row_node":3,"slave_slot":2,"value":-1.6875390141944319e-13}
MORTAR_OBSERVER {"kind":"KIN_DD","call_id":12,"node":24,"entry":59,"row_node":4,"slave_slot":3,"value":5.3512750318533959e-13}
MORTAR_OBSERVER {"kind":"KIN_DD","call_id":12,"node":24,"entry":60,"row_node":19,"slave_slot":6,"value":-8.2896653328849286e-14}
MORTAR_OBSERVER {"kind":"KIN_DD","call_id":12,"node":24,"entry":61,"row_node":23,"slave_slot":7,"value":2.2500520189259093e-13}
MORTAR_OBSERVER {"kind":"KIN_DD","call_id":12,"node":24,"entry":62,"row_node":24,"slave_slot":8,"value":1666.6680577780487}
MORTAR_OBSERVER {"kind":"KIN_GAP","call_id":12,"pair":0,"slot":0,"node":1,"gap":-107.97503934045262}
MORTAR_OBSERVER {"kind":"KIN_GAP","call_id":12,"pair":0,"slot":1,"node":2,"gap":-0.0033696907453355344}
MORTAR_OBSERVER {"kind":"KIN_GAP","call_id":12,"pair":0,"slot":2,"node":3,"gap":-0.003720273956315797}
MORTAR_OBSERVER {"kind":"KIN_GAP","call_id":12,"pair":0,"slot":3,"node":4,"gap":-54.004500723371905}
MORTAR_OBSERVER {"kind":"KIN_GAP","call_id":12,"pair":0,"slot":4,"node":17,"gap":-40.647482907526673}
MORTAR_OBSERVER {"kind":"KIN_GAP","call_id":12,"pair":0,"slot":5,"node":18,"gap":-0.0049100353485143468}
MORTAR_OBSERVER {"kind":"KIN_GAP","call_id":12,"pair":0,"slot":6,"node":19,"gap":-81.505636422584274}
MORTAR_OBSERVER {"kind":"KIN_GAP","call_id":12,"pair":0,"slot":7,"node":23,"gap":-40.639126319023894}
MORTAR_OBSERVER {"kind":"KIN_GAP","call_id":12,"pair":0,"slot":8,"node":24,"gap":-81.002898679939975}
MORTAR_OBSERVER {"kind":"INVENTORY","call_id":12,"pair_count":1,"slave_count":9}
MORTAR_OBSERVER {"kind":"PAIR","call_id":12,"pair":0,"start":0,"end":9}
MORTAR_OBSERVER {"kind":"PRE_RAW","call_id":12,"pair":0,"slot":0,"node":1,"activity":1,"lambda_raw":[-0.32246530167816229,-0.00024982990832219743,-0.84881923221144584],"lambda_start":[0.00050771518908920529,0.00050771518909969321,-0.013186514357202705],"ddtil_count":1}
MORTAR_OBSERVER {"kind":"DDTIL","call_id":12,"pair":0,"column_slot":0,"source_slot":0,"destination_slot":0,"entry":0,"value":1333.3343393655837}
MORTAR_OBSERVER {"kind":"PRE_RAW","call_id":12,"pair":0,"slot":1,"node":2,"activity":2,"lambda_raw":[-0.38058461148974493,0.00047186011330203838,1.268535765872647],"lambda_start":[-6.5538309315043666e-05,0.00026092037294276585,-0.012777594587534601],"ddtil_count":1}
MORTAR_OBSERVER {"kind":"DDTIL","call_id":12,"pair":0,"column_slot":1,"source_slot":1,"destination_slot":1,"entry":1,"value":666.6672829657565}
MORTAR_OBSERVER {"kind":"PRE_RAW","call_id":12,"pair":0,"slot":2,"node":3,"activity":2,"lambda_raw":[-0.23113395302821937,-0.00021917018519507591,0.77037068269833409],"lambda_start":[0.00010155868155003408,0.00010155868154907331,-0.0125689875371119],"ddtil_count":1}
MORTAR_OBSERVER {"kind":"DDTIL","call_id":12,"pair":0,"column_slot":2,"source_slot":2,"destination_slot":2,"entry":2,"value":1333.33470804888}
MORTAR_OBSERVER {"kind":"PRE_RAW","call_id":12,"pair":0,"slot":3,"node":4,"activity":1,"lambda_raw":[-0.32957425699400816,-0.0040961684975425157,-1.3201169395999959],"lambda_start":[0.00026092037297979141,-6.5538309317234351e-05,-0.012777594587533964],"ddtil_count":1}
MORTAR_OBSERVER {"kind":"DDTIL","call_id":12,"pair":0,"column_slot":3,"source_slot":3,"destination_slot":3,"entry":3,"value":666.66728296575695}
MORTAR_OBSERVER {"kind":"PRE_RAW","call_id":12,"pair":0,"slot":4,"node":17,"activity":1,"lambda_raw":[-0.19596511349417295,0.011260459633741896,0.15195960294817187],"lambda_start":[-0.0007365987945344057,-9.7040249850901462e-05,-0.011300302693721054],"ddtil_count":1}
MORTAR_OBSERVER {"kind":"DDTIL","call_id":12,"pair":0,"column_slot":4,"source_slot":4,"destination_slot":4,"entry":4,"value":1000.0008247327145}
MORTAR_OBSERVER {"kind":"PRE_RAW","call_id":12,"pair":0,"slot":5,"node":18,"activity":2,"lambda_raw":[-0.34165467425376894,0.00013641262424174535,1.138825730289067],"lambda_start":[0.00031677884056088363,-0.00033175558754602565,-0.011646327674742232],"ddtil_count":1}
MORTAR_OBSERVER {"kind":"DDTIL","call_id":12,"pair":0,"column_slot":5,"source_slot":5,"destination_slot":5,"entry":5,"value":1000.0009411590161}
MORTAR_OBSERVER {"kind":"PRE_RAW","call_id":12,"pair":0,"slot":6,"node":19,"activity":1,"lambda_raw":[-0.33666372413486806,-0.026291297935805202,0.096896053104466015],"lambda_start":[-0.00016633402471439708,-0.00016633402470980207,-0.011364585339352794],"ddtil_count":1}
MORTAR_OBSERVER {"kind":"DDTIL","call_id":12,"pair":0,"column_slot":6,"source_slot":6,"destination_slot":6,"entry":6,"value":2000.0017392237551}
MORTAR_OBSERVER {"kind":"PRE_RAW","call_id":12,"pair":0,"slot":7,"node":23,"activity":1,"lambda_raw":[-0.29909487978582378,0.008407532165715402,-0.21737528824284674],"lambda_start":[-0.00033175558755821078,0.00031677884057350418,-0.011646327674742355],"ddtil_count":1}
MORTAR_OBSERVER {"kind":"DDTIL","call_id":12,"pair":0,"column_slot":7,"source_slot":7,"destination_slot":7,"entry":7,"value":1000.0009411590161}
MORTAR_OBSERVER {"kind":"PRE_RAW","call_id":12,"pair":0,"slot":8,"node":24,"activity":1,"lambda_raw":[-0.41430105011329771,0.0038699065328549492,-1.248216940981927],"lambda_start":[-9.7040249858331947e-05,-0.00073659879456435451,-0.011300302693717842],"ddtil_count":1}
MORTAR_OBSERVER {"kind":"DDTIL","call_id":12,"pair":0,"column_slot":8,"source_slot":8,"destination_slot":8,"entry":8,"value":1000.0008247327135}
MORTAR_OBSERVER {"kind":"LAW","call_id":12,"pair":0,"slot":0,"node":1,"activity":1,"ndof":3,"normal":[7.4139640564509083e-08,7.413964056489398e-08,-0.99999999999999456],"tangents":[0.99999999999999722,-5.4966863030631521e-15,7.4139640564508898e-08,-7.8886090522101181e-31,0.99999999999999734,7.4139640564894179e-08],"ln":1131.7597983201081,"lt":[-429.95414388964195,-0.33319070403355899],"lt_start":[0.6769527927045591,0.67695279271854691],"q":0.11317597983187966,"ut":[435.18936088142294,-0.062716119808565285],"gn":0.11317597983201082,"gt":[-4.3063109668234656,-0.010101434967521059],"b":339.52754601911471,"constant_n":10000000000,"constant_t":100,"mu":0.29999999999999999,"normal_mode":1,"tangent_mode":1,"normal_inverse_stiffness":0.0001,"tangent_inverse_stiffness":0.01,"p0":0,"beta":0,"iwan":1,"rn":0.00039347691767943616,"rt":[439.49567184824639,-0.052614684841044229]}
MORTAR_OBSERVER {"kind":"LAW","call_id":12,"pair":0,"slot":1,"node":2,"activity":2,"ndof":3,"normal":[6.8387805827692747e-08,-4.1027950443498291e-08,-0.99999999999999689],"tangents":[0.99999999999999767,2.8058115084381685e-15,6.8387805827692694e-08,-3.944304526105059e-31,0.99999999999999922,-4.102795044349839e-08],"ln":-845.6913097436867,"lt":[-253.7232510454738,0.31453900269454949],"lt_start":[-0.043692829156205842,0.17394742559283358],"q":-0.084569130974383677,"ut":[216.81076513136239,0.0089284451345843733],"gn":-0.084569130974368675,"gt":[-2.536795582163176,0.0014059157710171592],"b":-253.70743792877187,"constant_n":10000000000,"constant_t":100,"mu":0.29999999999999999,"normal_mode":1,"tangent_mode":1,"normal_inverse_stiffness":0.0001,"tangent_inverse_stiffness":0.01,"p0":0,"beta":0,"iwan":1,"rn":-253.707392923106,"rt":[-0.015813423818144656,0.32702240473426386]}
MORTAR_OBSERVER {"kind":"LAW","call_id":12,"pair":0,"slot":2,"node":3,"activity":2,"ndof":3,"normal":[-4.5208292547312871e-08,-4.52082925469361e-08,-0.999999999999998],"tangents":[0.999999999999999,-2.0437897150263934e-15,-4.5208292547312824e-08,3.944304526105059e-31,0.999999999999999,-4.5208292546936146e-08],"ln":-1027.1619553595438,"lt":[-308.1789682173029,-0.29227365112889664],"lt_start":[0.13541247264507875,0.13541247264379797],"q":-0.10271619553592951,"ut":[430.53114626434683,0.96275732189782115],"gn":-0.10271619553595437,"gt":[-3.0831438068994799,-0.0042768612377269465],"b":-308.14851200087588,"constant_n":10000000000,"constant_t":100,"mu":0.29999999999999999,"normal_mode":1,"tangent_mode":1,"normal_inverse_stiffness":0.0001,"tangent_inverse_stiffness":0.01,"p0":0,"beta":0,"iwan":1,"rn":-308.14858660786314,"rt":[-0.031228845491739321,0.39777590961569781]}
MORTAR_OBSERVER {"kind":"LAW","call_id":12,"pair":0,"slot":3,"node":4,"activity":1,"ndof":3,"normal":[-4.1027950443876154e-08,6.8387805828061921e-08,-0.99999999999999689],"tangents":[0.99999999999999922,2.8058115084791518e-15,-4.1027950443876068e-08,3.944304526105059e-31,0.99999999999999778,6.8387805828061987e-08],"ln":880.0787821479571,"lt":[-219.71633833782508,-2.7308417094828528],"lt_start":[0.1739474256175173,-0.043692829157666827],"q":0.088007878214732216,"ut":[217.54384423116505,-0.069475189015051814],"gn":0.088007878214795721,"gt":[-2.1989028576344261,-0.026871488803251856],"b":264.0234441301161,"constant_n":10000000000,"constant_t":100,"mu":0.29999999999999999,"normal_mode":1,"tangent_mode":1,"normal_inverse_stiffness":0.0001,"tangent_inverse_stiffness":0.01,"p0":0,"beta":0,"iwan":1,"rn":0.00019051427102567686,"rt":[219.74274708879949,-0.042603700211799961]}
MORTAR_OBSERVER {"kind":"LAW","call_id":12,"pair":0,"slot":4,"node":17,"activity":1,"ndof":3,"normal":[7.2424004571337343e-08,1.5395559165892368e-08,-0.99999999999999734],"tangents":[0.99999999999999745,-1.1150080474088865e-15,7.2424004571337343e-08,-0,1,1.5395559165892408e-08],"ln":-151.95974229345606,"lt":[-195.96526410748038,11.260471260116324],"lt_start":[-0.73660022044537588,-0.097040503857792323],"q":-0.015195974229335718,"ut":[327.53265794695506,0.0069775163732848661],"gn":-0.015195974229345606,"gt":[-1.9522866388703499,0.11357511763974117],"b":-45.587893024265377,"constant_n":10000000000,"constant_t":100,"mu":0.29999999999999999,"normal_mode":1,"tangent_mode":1,"normal_inverse_stiffness":0.0001,"tangent_inverse_stiffness":0.01,"p0":0,"beta":0,"iwan":1,"rn":-45.587922688036819,"rt":[329.48494458582542,-0.1065976012664563]}
MORTAR_OBSERVER {"kind":"LAW","call_id":12,"pair":0,"slot":5,"node":18,"activity":2,"ndof":3,"normal":[1.196430858954852e-08,-4.3492668962924582e-08,-0.999999999999999],"tangents":[1,5.2035971285550893e-16,1.196430858954851e-08,-0,0.99999999999999911,-4.3492668962924588e-08],"ln":-1138.8268061987685,"lt":[-341.65498217987067,0.13636322201060638],"lt_start":[0.31677899935975595,-0.33175539325043679],"q":-0.11388268061990393,"ut":[323.19960999442327,0.039456077580121984],"gn":-0.11388268061987686,"gt":[-3.4197176117923043,0.0046811861526104316],"b":-341.64812308632253,"constant_n":10000000000,"constant_t":100,"mu":0.29999999999999999,"normal_mode":1,"tangent_mode":1,"normal_inverse_stiffness":0.0001,"tangent_inverse_stiffness":0.01,"p0":0,"beta":0,"iwan":1,"rn":-341.64804185963055,"rt":[-0.006861229245373579,0.17456418916434099]}
MORTAR_OBSERVER {"kind":"LAW","call_id":12,"pair":0,"slot":6,"node":19,"activity":1,"ndof":3,"normal":[1.446566586541265e-08,1.4465665865794023e-08,-0.99999999999999978],"tangents":[0.99999999999999989,-2.0925548893528156e-16,1.4465665865412648e-08,-0,0.99999999999999989,1.4465665865794025e-08],"ln":-193.79228523363059,"lt":[-673.32803099994817,-52.582638794726023],"lt_start":[-0.33266866751375551,-0.33266866750456553],"q":-0.019379228523433767,"ut":[652.583067537018,-0.80124637257265385],"gn":-0.01937922852336306,"gt":[-6.7299536233243442,-0.52249970127221457],"b":-58.137897692075825,"constant_n":10000000000,"constant_t":100,"mu":0.29999999999999999,"normal_mode":1,"tangent_mode":1,"normal_inverse_stiffness":0.0001,"tangent_inverse_stiffness":0.01,"p0":0,"beta":0,"iwan":1,"rn":-58.137685570089175,"rt":[659.31302116034237,-0.27874667130043929]}
MORTAR_OBSERVER {"kind":"LAW","call_id":12,"pair":0,"slot":7,"node":23,"activity":1,"ndof":3,"normal":[-4.3492668963301889e-08,1.1964308589921484e-08,-0.999999999999999],"tangents":[0.99999999999999911,5.2035971287624483e-16,-4.3492668963301889e-08,-0,1,1.1964308589921497e-08],"ln":217.37550593659614,"lt":[-299.09515182742592,8.4075374777926264],"lt_start":[-0.33175539326262177,0.31677899937237669],"q":0.021737550593663002,"ut":[326.493658812283,0.057436952224433832],"gn":0.021737550593659616,"gt":[-2.9876339643416334,0.080907584784202499],"b":65.212661939519521,"constant_n":10000000000,"constant_t":100,"mu":0.29999999999999999,"normal_mode":1,"tangent_mode":1,"normal_inverse_stiffness":0.0001,"tangent_inverse_stiffness":0.01,"p0":0,"beta":0,"iwan":1,"rn":-1.0158540675320182e-05,"rt":[329.48129277662463,-0.023470632559768667]}
MORTAR_OBSERVER {"kind":"LAW","call_id":12,"pair":0,"slot":8,"node":24,"activity":1,"ndof":3,"normal":[1.539555916551032e-08,7.2424004571714789e-08,-0.99999999999999734],"tangents":[0.99999999999999989,-1.1150080473870252e-15,1.5395559165510284e-08,-1.9721522630525295e-31,0.99999999999999745,7.2424004571714789e-08],"ln":1248.2179643291411,"lt":[-414.30141101794055,3.8698193235494585],"lt_start":[-0.097040503865221894,-0.73660022047532414],"q":0.12482179643286884,"ut":[325.55805839305481,-0.046946688259558805],"gn":0.12482179643291411,"gt":[-4.142043705140753,0.046064195440247827],"b":374.46525349071084,"constant_n":10000000000,"constant_t":100,"mu":0.29999999999999999,"normal_mode":1,"tangent_mode":1,"normal_inverse_stiffness":0.0001,"tangent_inverse_stiffness":0.01,"p0":0,"beta":0,"iwan":1,"rn":0.00013580803147306142,"rt":[329.70010209819554,-0.093010883699806632]}
MORTAR_OBSERVER {"kind":"POST_RAW_AFTER_ACTIVE_LOOP","call_id":12,"pair":0,"slot":0,"node":1,"activity":2,"lambda_raw":[-0.32246530167816229,-0.00024982990832219743,-0.84881923221144584],"gap":-0.11317597983187966}
MORTAR_OBSERVER {"kind":"POST_RAW_AFTER_ACTIVE_LOOP","call_id":12,"pair":0,"slot":1,"node":2,"activity":0,"lambda_raw":[0,0,0],"gap":0.084569130974383677}
MORTAR_OBSERVER {"kind":"POST_RAW_AFTER_ACTIVE_LOOP","call_id":12,"pair":0,"slot":2,"node":3,"activity":0,"lambda_raw":[0,0,0],"gap":0.10271619553592951}
MORTAR_OBSERVER {"kind":"POST_RAW_AFTER_ACTIVE_LOOP","call_id":12,"pair":0,"slot":3,"node":4,"activity":2,"lambda_raw":[-0.32957425699400816,-0.0040961684975425157,-1.3201169395999959],"gap":-0.088007878214732216}
MORTAR_OBSERVER {"kind":"POST_RAW_AFTER_ACTIVE_LOOP","call_id":12,"pair":0,"slot":4,"node":17,"activity":0,"lambda_raw":[0,0,0],"gap":0.015195974229335718}
MORTAR_OBSERVER {"kind":"POST_RAW_AFTER_ACTIVE_LOOP","call_id":12,"pair":0,"slot":5,"node":18,"activity":0,"lambda_raw":[0,0,0],"gap":0.11388268061990393}
MORTAR_OBSERVER {"kind":"POST_RAW_AFTER_ACTIVE_LOOP","call_id":12,"pair":0,"slot":6,"node":19,"activity":0,"lambda_raw":[0,0,0],"gap":0.019379228523433767}
MORTAR_OBSERVER {"kind":"POST_RAW_AFTER_ACTIVE_LOOP","call_id":12,"pair":0,"slot":7,"node":23,"activity":2,"lambda_raw":[-0.29909487978582378,0.008407532165715402,-0.21737528824284674],"gap":-0.021737550593663002}
MORTAR_OBSERVER {"kind":"POST_RAW_AFTER_ACTIVE_LOOP","call_id":12,"pair":0,"slot":8,"node":24,"activity":2,"lambda_raw":[-0.41430105011329771,0.0038699065328549492,-1.248216940981927],"gap":-0.12482179643286884}
MORTAR_OBSERVER {"kind":"CFS_INVENTORY","call_id":12,"all_node_count":35,"physical_count":13}
MORTAR_OBSERVER {"kind":"CFS_NODE","call_id":12,"node":1,"force":[-291.85359261797157,-1.6230767359677809,-715.68716307908312]}
MORTAR_OBSERVER {"kind":"CFS_NODE","call_id":12,"node":2,"force":[-1.0501573952236503e-15,-8.1360916789258871e-19,-2.7643091807892237e-15]}
MORTAR_OBSERVER {"kind":"CFS_NODE","call_id":12,"node":3,"force":[99.698389569925155,-2.8025134291145406,72.458499408712782]}
MORTAR_OBSERVER {"kind":"CFS_NODE","call_id":12,"node":4,"force":[18.082482487676515,-6.8232648921423795,-391.54760676911866]}
MORTAR_OBSERVER {"kind":"CFS_NODE","call_id":12,"node":13,"force":[580.41509012523704,-1.6355198387354699,1599.3778366777376]}
MORTAR_OBSERVER {"kind":"CFS_NODE","call_id":12,"node":14,"force":[64.094471056802689,-0.46715235195097238,153.63211628306041]}
MORTAR_OBSERVER {"kind":"CFS_NODE","call_id":12,"node":15,"force":[174.11750773219708,-3.8037868163263298,226.72724320422083]}
MORTAR_OBSERVER {"kind":"CFS_NODE","call_id":12,"node":16,"force":[544.4399185953871,-3.3071024774276561,1497.6948706314638]}
MORTAR_OBSERVER {"kind":"CFS_NODE","call_id":12,"node":17,"force":[-7.8284504805406731e-14,-6.0650899668278524e-17,-2.0606680134937015e-13]}
MORTAR_OBSERVER {"kind":"CFS_NODE","call_id":12,"node":18,"force":[-3.961959694419975e-14,-3.0695272393092183e-17,-1.0428990556096173e-13]}
MORTAR_OBSERVER {"kind":"CFS_NODE","call_id":12,"node":19,"force":[-1.7236629369971256e-13,3.7273114950381082e-15,-2.6747442728247994e-13]}
MORTAR_OBSERVER {"kind":"CFS_NODE","call_id":12,"node":23,"force":[-498.4919404215168,14.012566936769183,-362.29249164498464]}
MORTAR_OBSERVER {"kind":"CFS_NODE","call_id":12,"node":24,"force":[-690.5023265277365,6.4498496048959399,-2080.363304712007]}
MORTAR_OBSERVER {"kind":"CFS_END","call_id":12,"scanned_nodes":35,"physical_count":13,"outside_nonzero_count":0}
MORTAR_OBSERVER {"kind":"SUMMARY_PRE_OVERRIDE","call_id":12,"ndiverg":14,"flag":1,"keepset":0,"max_n":341.64804185963055,"max_t":[659.31302116034237,0.39777590961569781],"lm_t_av":[1363.0670450728335,15.341389214858497],"nstick":0,"nslip":4,"ninactive":5,"nnogap":0,"nolm":0}
MORTAR_OBSERVER {"kind":"SUMMARY_POST_OVERRIDE","call_id":12,"flag":1}
MORTAR_OBSERVER {"kind":"RETURN","call_id":12}
 Using up to 2 cpu(s) for the stress calculation.

 average force= 299.494608
 time avg. forc= 299.494608
 largest residual force= 1900.812810 in node 18 and dof 3
 largest increment of disp= 1.730781e-01
 largest correction to disp= 6.783286e-02 in node 4 and dof 3

MORTAR_OBSERVER {"kind":"PRE_CHECK","call_id":12,"step":2,"inc":1,"cutback":0,"iteration":4,"time":0.25,"dtime":0.25,"ttime":1,"tper":1,"theta":0,"dtheta":0.25,"icntrl":0,"nmethod":1,"iexpl":0,"ithermal":0,"uncoupled":0,"mortar":2,"iflagdualquad":2}
 no convergence

MORTAR_OBSERVER {"kind":"POST_CHECK","call_id":12,"step":2,"inc":1,"cutback":0,"iteration":5,"time":0.25,"dtime":0.25,"ttime":1,"tper":1,"theta":0,"dtheta":0.25,"icntrl":0,"nmethod":1,"iexpl":0,"ithermal":0,"uncoupled":0,"mortar":2,"iflagdualquad":2}
 iteration 5

 Determining the structure of the matrix:

 Using up to 2 cpu(s) for setting up the structure of the matrix.
 number of equations
 75
 number of nonzero lower triangular matrix elements
 1143

 Using up to 2 cpu(s) for the stress calculation.

 Using up to 2 cpu(s) for the symmetric stiffness/mass contributions.

 Using up to 2 cpu(s) for the stress calculation.

 Using up to 2 cpu(s) for the symmetric stiffness/mass contributions.

 Factoring the system of equations using the unsymmetric spooles solver
 Using 1 cpu for spooles.

MORTAR_OBSERVER {"kind":"BEGIN","call_id":13,"step":2,"inc":1,"cutback":0,"iteration":5,"time":0.25,"dtime":0.25,"ttime":1,"tper":1,"theta":0,"dtheta":0.25,"icntrl":0,"nmethod":1,"iexpl":0,"ithermal":0,"uncoupled":0,"mortar":2,"iflagdualquad":2}
MORTAR_OBSERVER {"kind":"KIN_INVENTORY","call_id":13,"all_node_count":35,"physical_count":13,"dd_count":63,"bd_count":36,"slave_count":9}
MORTAR_OBSERVER {"kind":"KIN_NODE","call_id":13,"node":1,"dd_count":9,"bd_count":0,"b2":[-0.029993140248661058,-0.0034033315411930356,0.012812989245315183],"vold":[0.3049838459529991,-0.0031156718265629903,-0.01370104558727811],"vini":[-1.8651819129285558e-05,-1.8651819129203521e-05,-0.00011333255306067981]}
MORTAR_OBSERVER {"kind":"KIN_DD","call_id":13,"node":1,"entry":0,"row_node":1,"slave_slot":0,"value":1333.3343393655834}
MORTAR_OBSERVER {"kind":"KIN_DD","call_id":13,"node":1,"entry":1,"row_node":2,"slave_slot":1,"value":7.5199107760053208e-14}
MORTAR_OBSERVER {"kind":"KIN_DD","call_id":13,"node":1,"entry":2,"row_node":3,"slave_slot":2,"value":1.8518520025380737e-13}
MORTAR_OBSERVER {"kind":"KIN_DD","call_id":13,"node":1,"entry":3,"row_node":4,"slave_slot":3,"value":-1.2478906921415307e-13}
MORTAR_OBSERVER {"kind":"KIN_DD","call_id":13,"node":1,"entry":4,"row_node":17,"slave_slot":4,"value":-333.33361652266797}
MORTAR_OBSERVER {"kind":"KIN_DD","call_id":13,"node":1,"entry":5,"row_node":18,"slave_slot":5,"value":-1.2675047270840951e-14}
MORTAR_OBSERVER {"kind":"KIN_DD","call_id":13,"node":1,"entry":6,"row_node":19,"slave_slot":6,"value":-666.66726296477884}
MORTAR_OBSERVER {"kind":"KIN_DD","call_id":13,"node":1,"entry":7,"row_node":23,"slave_slot":7,"value":-3.7425618361670371e-13}
MORTAR_OBSERVER {"kind":"KIN_DD","call_id":13,"node":1,"entry":8,"row_node":24,"slave_slot":8,"value":-333.33361652266734}
MORTAR_OBSERVER {"kind":"KIN_NODE","call_id":13,"node":2,"dd_count":6,"bd_count":0,"b2":[-0.029328115508985845,-0.0096643540941266023,0.010079158017245418],"vold":[0.30378066379396285,0.0027994775127487305,0.013319004220460343],"vini":[1.9409787070850799e-05,-2.1276020123634991e-05,-0.00010609014988737315]}
MORTAR_OBSERVER {"kind":"KIN_DD","call_id":13,"node":2,"entry":9,"row_node":1,"slave_slot":0,"value":3.2566523894461172e-15}
MORTAR_OBSERVER {"kind":"KIN_DD","call_id":13,"node":2,"entry":10,"row_node":2,"slave_slot":1,"value":666.66728296575661}
MORTAR_OBSERVER {"kind":"KIN_DD","call_id":13,"node":2,"entry":11,"row_node":3,"slave_slot":2,"value":6.661338919786186e-15}
MORTAR_OBSERVER {"kind":"KIN_DD","call_id":13,"node":2,"entry":12,"row_node":17,"slave_slot":4,"value":-333.33361652266825}
MORTAR_OBSERVER {"kind":"KIN_DD","call_id":13,"node":2,"entry":13,"row_node":18,"slave_slot":5,"value":-333.33365533143626}
MORTAR_OBSERVER {"kind":"KIN_DD","call_id":13,"node":2,"entry":14,"row_node":19,"slave_slot":6,"value":2.189914937235159e-13}
MORTAR_OBSERVER {"kind":"KIN_NODE","call_id":13,"node":3,"dd_count":9,"bd_count":0,"b2":[-0.026695219885296401,-0.0059487537226431955,0.003397605674440184],"vold":[0.30214879804591777,-0.0025333131884819615,0.012866227700057398],"vini":[2.326667444963995e-05,2.3266674449668281e-05,-0.00011043941867480129]}
MORTAR_OBSERVER {"kind":"KIN_DD","call_id":13,"node":3,"entry":15,"row_node":1,"slave_slot":0,"value":2.0515994684268658e-14}
MORTAR_OBSERVER {"kind":"KIN_DD","call_id":13,"node":3,"entry":16,"row_node":2,"slave_slot":1,"value":1.0480968089501651e-13}
MORTAR_OBSERVER {"kind":"KIN_DD","call_id":13,"node":3,"entry":17,"row_node":3,"slave_slot":2,"value":1333.33470804888}
MORTAR_OBSERVER {"kind":"KIN_DD","call_id":13,"node":3,"entry":18,"row_node":4,"slave_slot":3,"value":-9.5257135799594381e-14}
MORTAR_OBSERVER {"kind":"KIN_DD","call_id":13,"node":3,"entry":19,"row_node":17,"slave_slot":4,"value":7.3644769849891522e-15}
MORTAR_OBSERVER {"kind":"KIN_DD","call_id":13,"node":3,"entry":20,"row_node":18,"slave_slot":5,"value":-333.33365533143655}
MORTAR_OBSERVER {"kind":"KIN_DD","call_id":13,"node":3,"entry":21,"row_node":19,"slave_slot":6,"value":-666.66726296477918}
MORTAR_OBSERVER {"kind":"KIN_DD","call_id":13,"node":3,"entry":22,"row_node":23,"slave_slot":7,"value":-333.3336553314362}
MORTAR_OBSERVER {"kind":"KIN_DD","call_id":13,"node":3,"entry":23,"row_node":24,"slave_slot":8,"value":-3.9320404721530813e-15}
MORTAR_OBSERVER {"kind":"KIN_NODE","call_id":13,"node":4,"dd_count":6,"bd_count":0,"b2":[-0.0315157802597653,-0.0084918508483007235,0.011303485393262853],"vold":[0.30504708257303709,0.0028152882208320636,-0.013048422722800046],"vini":[-2.1276020123909488e-05,1.9409787070938233e-05,-0.00010609014988733541]}
MORTAR_OBSERVER {"kind":"KIN_DD","call_id":13,"node":4,"entry":24,"row_node":1,"slave_slot":0,"value":4.9650094869271167e-14}
MORTAR_OBSERVER {"kind":"KIN_DD","call_id":13,"node":4,"entry":25,"row_node":3,"slave_slot":2,"value":6.9870037418317637e-14}
MORTAR_OBSERVER {"kind":"KIN_DD","call_id":13,"node":4,"entry":26,"row_node":4,"slave_slot":3,"value":666.66728296575673}
MORTAR_OBSERVER {"kind":"KIN_DD","call_id":13,"node":4,"entry":27,"row_node":19,"slave_slot":6,"value":2.3074135077482704e-14}
MORTAR_OBSERVER {"kind":"KIN_DD","call_id":13,"node":4,"entry":28,"row_node":23,"slave_slot":7,"value":-333.33365533143649}
MORTAR_OBSERVER {"kind":"KIN_DD","call_id":13,"node":4,"entry":29,"row_node":24,"slave_slot":8,"value":-333.33361652266836}
MORTAR_OBSERVER {"kind":"KIN_NODE","call_id":13,"node":13,"dd_count":0,"bd_count":9,"b2":[0.019363202610062132,0.0038416148959413755,0.015461671082836482],"vold":[-0.021419629626334126,-0.0043791542722398805,-0.016377034026604318],"vini":[-2.8066862268510173e-05,-2.8066862268525196e-05,-0.00011356992110190738]}
MORTAR_OBSERVER {"kind":"KIN_BD","call_id":13,"node":13,"entry":0,"row_node":1,"slave_slot":0,"value":-1120.3709633274834}
MORTAR_OBSERVER {"kind":"KIN_BD","call_id":13,"node":13,"entry":1,"row_node":2,"slave_slot":1,"value":-50.925940030402735}
MORTAR_OBSERVER {"kind":"KIN_BD","call_id":13,"node":13,"entry":2,"row_node":3,"slave_slot":2,"value":-9.259307744204996}
MORTAR_OBSERVER {"kind":"KIN_BD","call_id":13,"node":13,"entry":3,"row_node":4,"slave_slot":3,"value":-50.925940030402948}
MORTAR_OBSERVER {"kind":"KIN_BD","call_id":13,"node":13,"entry":4,"row_node":17,"slave_slot":4,"value":-458.33370498722149}
MORTAR_OBSERVER {"kind":"KIN_BD","call_id":13,"node":13,"entry":5,"row_node":18,"slave_slot":5,"value":-41.666762492038849}
MORTAR_OBSERVER {"kind":"KIN_BD","call_id":13,"node":13,"entry":6,"row_node":19,"slave_slot":6,"value":-268.51875469405724}
MORTAR_OBSERVER {"kind":"KIN_BD","call_id":13,"node":13,"entry":7,"row_node":23,"slave_slot":7,"value":-41.666762492038607}
MORTAR_OBSERVER {"kind":"KIN_BD","call_id":13,"node":13,"entry":8,"row_node":24,"slave_slot":8,"value":-458.33370498722223}
MORTAR_OBSERVER {"kind":"KIN_NODE","call_id":13,"node":14,"dd_count":0,"bd_count":9,"b2":[0.020133482986184774,-0.0038975245729334037,-0.015566515258658344],"vold":[-0.021510532014462222,0.0040935208151765008,0.015925230826135277],"vini":[2.4201626574401393e-05,-2.8535390258710365e-05,-0.00010353950999479019]}
MORTAR_OBSERVER {"kind":"KIN_BD","call_id":13,"node":14,"entry":9,"row_node":1,"slave_slot":0,"value":-101.85205834211705}
MORTAR_OBSERVER {"kind":"KIN_BD","call_id":13,"node":14,"entry":10,"row_node":2,"slave_slot":1,"value":-560.18582613200579}
MORTAR_OBSERVER {"kind":"KIN_BD","call_id":13,"node":14,"entry":11,"row_node":3,"slave_slot":2,"value":-101.8520474025626}
MORTAR_OBSERVER {"kind":"KIN_BD","call_id":13,"node":14,"entry":12,"row_node":4,"slave_slot":3,"value":-4.6295740824065685}
MORTAR_OBSERVER {"kind":"KIN_BD","call_id":13,"node":14,"entry":13,"row_node":17,"slave_slot":4,"value":-458.333510499559}
MORTAR_OBSERVER {"kind":"KIN_BD","call_id":13,"node":14,"entry":14,"row_node":18,"slave_slot":5,"value":-458.33376300392297}
MORTAR_OBSERVER {"kind":"KIN_BD","call_id":13,"node":14,"entry":15,"row_node":19,"slave_slot":6,"value":-731.482068890954}
MORTAR_OBSERVER {"kind":"KIN_BD","call_id":13,"node":14,"entry":16,"row_node":23,"slave_slot":7,"value":-41.666791625993497}
MORTAR_OBSERVER {"kind":"KIN_BD","call_id":13,"node":14,"entry":17,"row_node":24,"slave_slot":8,"value":-41.666811757788253}
MORTAR_OBSERVER {"kind":"KIN_NODE","call_id":13,"node":15,"dd_count":0,"bd_count":9,"b2":[0.01850008872884075,0.0040150243343874082,-0.013141556647465207],"vold":[-0.020624318344285963,-0.0045983770249798444,0.015309389393510824],"vini":[2.710682217014385e-05,2.7106822170201716e-05,-0.000110172262554128]}
MORTAR_OBSERVER {"kind":"KIN_BD","call_id":13,"node":15,"entry":18,"row_node":1,"slave_slot":0,"value":-9.2592593538675061}
MORTAR_OBSERVER {"kind":"KIN_BD","call_id":13,"node":15,"entry":19,"row_node":2,"slave_slot":1,"value":-50.925942720941158}
MORTAR_OBSERVER {"kind":"KIN_BD","call_id":13,"node":15,"entry":20,"row_node":3,"slave_slot":2,"value":-1120.3713054995505}
MORTAR_OBSERVER {"kind":"KIN_BD","call_id":13,"node":15,"entry":21,"row_node":4,"slave_slot":3,"value":-50.925942720941208}
MORTAR_OBSERVER {"kind":"KIN_BD","call_id":13,"node":15,"entry":22,"row_node":17,"slave_slot":4,"value":-41.666797488145619}
MORTAR_OBSERVER {"kind":"KIN_BD","call_id":13,"node":15,"entry":23,"row_node":18,"slave_slot":5,"value":-458.33362403706082}
MORTAR_OBSERVER {"kind":"KIN_BD","call_id":13,"node":15,"entry":24,"row_node":19,"slave_slot":6,"value":-268.51884674778933}
MORTAR_OBSERVER {"kind":"KIN_BD","call_id":13,"node":15,"entry":25,"row_node":23,"slave_slot":7,"value":-458.33362403706025}
MORTAR_OBSERVER {"kind":"KIN_BD","call_id":13,"node":15,"entry":26,"row_node":24,"slave_slot":8,"value":-41.66679748814537}
MORTAR_OBSERVER {"kind":"KIN_NODE","call_id":13,"node":16,"dd_count":0,"bd_count":9,"b2":[0.019376375720559065,-0.0040215789030469927,0.01327858792299998],"vold":[-0.021314284773497789,0.004257534082898441,-0.015404990098716998],"vini":[-2.8535390258651648e-05,2.4201626574321538e-05,-0.00010353950999474492]}
MORTAR_OBSERVER {"kind":"KIN_BD","call_id":13,"node":16,"entry":27,"row_node":1,"slave_slot":0,"value":-101.85205834211729}
MORTAR_OBSERVER {"kind":"KIN_BD","call_id":13,"node":16,"entry":28,"row_node":2,"slave_slot":1,"value":-4.6295740824066147}
MORTAR_OBSERVER {"kind":"KIN_BD","call_id":13,"node":16,"entry":29,"row_node":3,"slave_slot":2,"value":-101.85204740256266}
MORTAR_OBSERVER {"kind":"KIN_BD","call_id":13,"node":16,"entry":30,"row_node":4,"slave_slot":3,"value":-560.18582613200647}
MORTAR_OBSERVER {"kind":"KIN_BD","call_id":13,"node":16,"entry":31,"row_node":17,"slave_slot":4,"value":-41.666811757788196}
MORTAR_OBSERVER {"kind":"KIN_BD","call_id":13,"node":16,"entry":32,"row_node":18,"slave_slot":5,"value":-41.666791625993454}
MORTAR_OBSERVER {"kind":"KIN_BD","call_id":13,"node":16,"entry":33,"row_node":19,"slave_slot":6,"value":-731.48206889095377}
MORTAR_OBSERVER {"kind":"KIN_BD","call_id":13,"node":16,"entry":34,"row_node":23,"slave_slot":7,"value":-458.33376300392348}
MORTAR_OBSERVER {"kind":"KIN_BD","call_id":13,"node":16,"entry":35,"row_node":24,"slave_slot":8,"value":-458.33351049955786}
MORTAR_OBSERVER {"kind":"KIN_NODE","call_id":13,"node":17,"dd_count":6,"bd_count":0,"b2":[-0.030833391009456743,-0.0065518224301081909,0.011396213479355651],"vold":[0.30541365322432162,-0.00014670564212099574,-0.00019442286878045001],"vini":[-5.3690046458016392e-06,-2.2851020685450205e-05,-0.00010961044677868645]}
MORTAR_OBSERVER {"kind":"KIN_DD","call_id":13,"node":17,"entry":30,"row_node":1,"slave_slot":0,"value":2.4276877046305862e-13}
MORTAR_OBSERVER {"kind":"KIN_DD","call_id":13,"node":17,"entry":31,"row_node":2,"slave_slot":1,"value":-2.5461114951003707e-13}
MORTAR_OBSERVER {"kind":"KIN_DD","call_id":13,"node":17,"entry":32,"row_node":3,"slave_slot":2,"value":-6.5133084758381588e-14}
MORTAR_OBSERVER {"kind":"KIN_DD","call_id":13,"node":17,"entry":33,"row_node":17,"slave_slot":4,"value":1666.6680577780505}
MORTAR_OBSERVER {"kind":"KIN_DD","call_id":13,"node":17,"entry":34,"row_node":18,"slave_slot":5,"value":3.6618856459328738e-13}
MORTAR_OBSERVER {"kind":"KIN_DD","call_id":13,"node":17,"entry":35,"row_node":19,"slave_slot":6,"value":-1.2397490564805584e-13}
MORTAR_OBSERVER {"kind":"KIN_NODE","call_id":13,"node":18,"dd_count":6,"bd_count":0,"b2":[-0.027859864152327461,-0.0073198273622710917,0.006923229480862215],"vold":[0.30245194457317154,-6.6959349209290412e-05,0.013099821463055666],"vini":[2.3130538336491836e-05,-2.0816932734675867e-06,-0.00010820316598743466]}
MORTAR_OBSERVER {"kind":"KIN_DD","call_id":13,"node":18,"entry":36,"row_node":1,"slave_slot":0,"value":1.2286468261240163e-13}
MORTAR_OBSERVER {"kind":"KIN_DD","call_id":13,"node":18,"entry":37,"row_node":2,"slave_slot":1,"value":-2.3092639141608016e-13}
MORTAR_OBSERVER {"kind":"KIN_DD","call_id":13,"node":18,"entry":38,"row_node":3,"slave_slot":2,"value":-9.0298140233210834e-14}
MORTAR_OBSERVER {"kind":"KIN_DD","call_id":13,"node":18,"entry":39,"row_node":17,"slave_slot":4,"value":1.8947806475165551e-13}
MORTAR_OBSERVER {"kind":"KIN_DD","call_id":13,"node":18,"entry":40,"row_node":18,"slave_slot":5,"value":1666.6682518218884}
MORTAR_OBSERVER {"kind":"KIN_DD","call_id":13,"node":18,"entry":41,"row_node":19,"slave_slot":6,"value":-3.0207318428425546e-13}
MORTAR_OBSERVER {"kind":"KIN_NODE","call_id":13,"node":19,"dd_count":9,"bd_count":0,"b2":[-0.030190327512440975,-0.0064049490395255131,0.0081409296354102885],"vold":[0.30441573839125996,-0.00026176712645406195,-0.00013349874967794745],"vini":[-1.1041054726275674e-06,-1.1041054726048646e-06,-0.00010890228638792375]}
MORTAR_OBSERVER {"kind":"KIN_DD","call_id":13,"node":19,"entry":42,"row_node":1,"slave_slot":0,"value":2.871776918892279e-13}
MORTAR_OBSERVER {"kind":"KIN_DD","call_id":13,"node":19,"entry":43,"row_node":2,"slave_slot":1,"value":-5.9211895234892347e-14}
MORTAR_OBSERVER {"kind":"KIN_DD","call_id":13,"node":19,"entry":44,"row_node":3,"slave_slot":2,"value":2.8495724581791943e-13}
MORTAR_OBSERVER {"kind":"KIN_DD","call_id":13,"node":19,"entry":45,"row_node":4,"slave_slot":3,"value":-2.8421709712748327e-13}
MORTAR_OBSERVER {"kind":"KIN_DD","call_id":13,"node":19,"entry":46,"row_node":17,"slave_slot":4,"value":2.9605947617446172e-13}
MORTAR_OBSERVER {"kind":"KIN_DD","call_id":13,"node":19,"entry":47,"row_node":18,"slave_slot":5,"value":-1.501576655722348e-13}
MORTAR_OBSERVER {"kind":"KIN_DD","call_id":13,"node":19,"entry":48,"row_node":19,"slave_slot":6,"value":3333.3362651533125}
MORTAR_OBSERVER {"kind":"KIN_DD","call_id":13,"node":19,"entry":49,"row_node":23,"slave_slot":7,"value":1.807813176390307e-13}
MORTAR_OBSERVER {"kind":"KIN_DD","call_id":13,"node":19,"entry":50,"row_node":24,"slave_slot":8,"value":2.8810287775227309e-13}
MORTAR_OBSERVER {"kind":"KIN_NODE","call_id":13,"node":23,"dd_count":6,"bd_count":0,"b2":[-0.030350506824115189,-0.0069578249858179095,0.0030143346752755213],"vold":[0.30472682672468854,-8.1145691874875381e-06,-8.7600413953170531e-05],"vini":[-2.0816932735063558e-06,2.3130538336494764e-05,-0.00010820316598741581]}
MORTAR_OBSERVER {"kind":"KIN_DD","call_id":13,"node":23,"entry":51,"row_node":1,"slave_slot":0,"value":-8.2896653328849286e-14}
MORTAR_OBSERVER {"kind":"KIN_DD","call_id":13,"node":23,"entry":52,"row_node":3,"slave_slot":2,"value":-1.8059628046642167e-13}
MORTAR_OBSERVER {"kind":"KIN_DD","call_id":13,"node":23,"entry":53,"row_node":4,"slave_slot":3,"value":3.4194869498150328e-13}
MORTAR_OBSERVER {"kind":"KIN_DD","call_id":13,"node":23,"entry":54,"row_node":19,"slave_slot":6,"value":1.0658141142280622e-13}
MORTAR_OBSERVER {"kind":"KIN_DD","call_id":13,"node":23,"entry":55,"row_node":23,"slave_slot":7,"value":1666.6682518218884}
MORTAR_OBSERVER {"kind":"KIN_DD","call_id":13,"node":23,"entry":56,"row_node":24,"slave_slot":8,"value":-1.6866138283313867e-13}
MORTAR_OBSERVER {"kind":"KIN_NODE","call_id":13,"node":24,"dd_count":6,"bd_count":0,"b2":[-0.030561937365899704,-0.0057991300554259186,0.012071350425304734],"vold":[0.30453507940508012,-0.00013873409455315855,-0.013384479452428238],"vini":[-2.2851020685498611e-05,-5.3690046456183201e-06,-0.00010961044677866738]}
MORTAR_OBSERVER {"kind":"KIN_DD","call_id":13,"node":24,"entry":57,"row_node":1,"slave_slot":0,"value":8.8373753638076831e-13}
MORTAR_OBSERVER {"kind":"KIN_DD","call_id":13,"node":24,"entry":58,"row_node":3,"slave_slot":2,"value":-1.6875390141944319e-13}
MORTAR_OBSERVER {"kind":"KIN_DD","call_id":13,"node":24,"entry":59,"row_node":4,"slave_slot":3,"value":5.3512750318533959e-13}
MORTAR_OBSERVER {"kind":"KIN_DD","call_id":13,"node":24,"entry":60,"row_node":19,"slave_slot":6,"value":-8.2896653328849286e-14}
MORTAR_OBSERVER {"kind":"KIN_DD","call_id":13,"node":24,"entry":61,"row_node":23,"slave_slot":7,"value":2.2500520189259093e-13}
MORTAR_OBSERVER {"kind":"KIN_DD","call_id":13,"node":24,"entry":62,"row_node":24,"slave_slot":8,"value":1666.6680577780487}
MORTAR_OBSERVER {"kind":"KIN_GAP","call_id":13,"pair":0,"slot":0,"node":1,"gap":-0.11317597983187966}
MORTAR_OBSERVER {"kind":"KIN_GAP","call_id":13,"pair":0,"slot":1,"node":2,"gap":0.084569130974383677}
MORTAR_OBSERVER {"kind":"KIN_GAP","call_id":13,"pair":0,"slot":2,"node":3,"gap":0.10271619553592951}
MORTAR_OBSERVER {"kind":"KIN_GAP","call_id":13,"pair":0,"slot":3,"node":4,"gap":-0.088007878214732216}
MORTAR_OBSERVER {"kind":"KIN_GAP","call_id":13,"pair":0,"slot":4,"node":17,"gap":0.015195974229335718}
MORTAR_OBSERVER {"kind":"KIN_GAP","call_id":13,"pair":0,"slot":5,"node":18,"gap":0.11388268061990393}
MORTAR_OBSERVER {"kind":"KIN_GAP","call_id":13,"pair":0,"slot":6,"node":19,"gap":0.019379228523433767}
MORTAR_OBSERVER {"kind":"KIN_GAP","call_id":13,"pair":0,"slot":7,"node":23,"gap":-0.021737550593663002}
MORTAR_OBSERVER {"kind":"KIN_GAP","call_id":13,"pair":0,"slot":8,"node":24,"gap":-0.12482179643286884}
MORTAR_OBSERVER {"kind":"INVENTORY","call_id":13,"pair_count":1,"slave_count":9}
MORTAR_OBSERVER {"kind":"PAIR","call_id":13,"pair":0,"start":0,"end":9}
MORTAR_OBSERVER {"kind":"PRE_RAW","call_id":13,"pair":0,"slot":0,"node":1,"activity":2,"lambda_raw":[-0.083243029530257348,-0.0047524783150166604,0.020489361166090268],"lambda_start":[0.00050771518908920529,0.00050771518909969321,-0.013186514357202705],"ddtil_count":1}
MORTAR_OBSERVER {"kind":"DDTIL","call_id":13,"pair":0,"column_slot":0,"source_slot":0,"destination_slot":0,"entry":0,"value":1333.3343393655837}
MORTAR_OBSERVER {"kind":"PRE_RAW","call_id":13,"pair":0,"slot":1,"node":2,"activity":0,"lambda_raw":[-2.2595238109034163e-15,6.1817160864338747e-16,0],"lambda_start":[-6.5538309315043666e-05,0.00026092037294276585,-0.012777594587534601],"ddtil_count":1}
MORTAR_OBSERVER {"kind":"DDTIL","call_id":13,"pair":0,"column_slot":1,"source_slot":1,"destination_slot":1,"entry":1,"value":666.6672829657565}
MORTAR_OBSERVER {"kind":"PRE_RAW","call_id":13,"pair":0,"slot":2,"node":3,"activity":0,"lambda_raw":[-5.9685528265880703e-16,1.332266255934837e-18,-1.7053008075965914e-16],"lambda_start":[0.00010155868155003408,0.00010155868154907331,-0.0125689875371119],"ddtil_count":1}
MORTAR_OBSERVER {"kind":"DDTIL","call_id":13,"pair":0,"column_slot":2,"source_slot":2,"destination_slot":2,"entry":2,"value":1333.33470804888}
MORTAR_OBSERVER {"kind":"PRE_RAW","call_id":13,"pair":0,"slot":3,"node":4,"activity":2,"lambda_raw":[0.053068733049547165,-0.0075918067229001135,-0.5536419499213312],"lambda_start":[0.00026092037297979141,-6.5538309317234351e-05,-0.012777594587533964],"ddtil_count":1}
MORTAR_OBSERVER {"kind":"DDTIL","call_id":13,"pair":0,"column_slot":3,"source_slot":3,"destination_slot":3,"entry":3,"value":666.66728296575695}
MORTAR_OBSERVER {"kind":"PRE_RAW","call_id":13,"pair":0,"slot":4,"node":17,"activity":0,"lambda_raw":[1.3642409275252689e-15,-1.1333147288556271e-15,-2.8421685990109768e-17],"lambda_start":[-0.0007365987945344057,-9.7040249850901462e-05,-0.011300302693721054],"ddtil_count":1}
MORTAR_OBSERVER {"kind":"DDTIL","call_id":13,"pair":0,"column_slot":4,"source_slot":4,"destination_slot":4,"entry":4,"value":1000.0008247327145}
MORTAR_OBSERVER {"kind":"PRE_RAW","call_id":13,"pair":0,"slot":5,"node":18,"activity":0,"lambda_raw":[1.9326744223135148e-15,-6.6224741090878414e-17,4.5474692289729757e-16],"lambda_start":[0.00031677884056088363,-0.00033175558754602565,-0.011646327674742232],"ddtil_count":1}
MORTAR_OBSERVER {"kind":"DDTIL","call_id":13,"pair":0,"column_slot":5,"source_slot":5,"destination_slot":5,"entry":5,"value":1000.0009411590161}
MORTAR_OBSERVER {"kind":"PRE_RAW","call_id":13,"pair":0,"slot":6,"node":19,"activity":0,"lambda_raw":[-2.0463612994489966e-15,-2.4513703066316107e-16,2.1316263535927049e-16],"lambda_start":[-0.00016633402471439708,-0.00016633402470980207,-0.011364585339352794],"ddtil_count":1}
MORTAR_OBSERVER {"kind":"DDTIL","call_id":13,"pair":0,"column_slot":6,"source_slot":6,"destination_slot":6,"entry":6,"value":2000.0017392237551}
MORTAR_OBSERVER {"kind":"PRE_RAW","call_id":13,"pair":0,"slot":7,"node":23,"activity":2,"lambda_raw":[-0.15009113278447417,-0.0010962003120476693,0.43348872782317355],"lambda_start":[-0.00033175558755821078,0.00031677884057350418,-0.011646327674742355],"ddtil_count":1}
MORTAR_OBSERVER {"kind":"DDTIL","call_id":13,"pair":0,"column_slot":7,"source_slot":7,"destination_slot":7,"entry":7,"value":1000.0009411590161}
MORTAR_OBSERVER {"kind":"PRE_RAW","call_id":13,"pair":0,"slot":8,"node":24,"activity":2,"lambda_raw":[-0.051042904881779545,-0.005942825851095599,-0.21171315554271319],"lambda_start":[-9.7040249858331947e-05,-0.00073659879456435451,-0.011300302693717842],"ddtil_count":1}
MORTAR_OBSERVER {"kind":"DDTIL","call_id":13,"pair":0,"column_slot":8,"source_slot":8,"destination_slot":8,"entry":8,"value":1000.0008247327135}
MORTAR_OBSERVER {"kind":"LAW","call_id":13,"pair":0,"slot":0,"node":1,"activity":2,"ndof":3,"normal":[7.4139640564509083e-08,7.413964056489398e-08,-0.99999999999999456],"tangents":[0.99999999999999722,-5.4966863030631521e-15,7.4139640564508898e-08,-7.8886090522101181e-31,0.99999999999999734,7.4139640564894179e-08],"ln":-27.319177533025325,"lt":[-110.99078776008176,-6.3366405090686264],"lt_start":[0.6769527927045591,0.67695279271854691],"q":-0.0027319177533088879,"ut":[369.30904953602982,-8.1351278674046714],"gn":-0.0027319177533025327,"gt":[-1.1166774055278632,-0.070135933017871729],"b":-8.1957723253859598,"constant_n":10000000000,"constant_t":100,"mu":0.29999999999999999,"normal_mode":1,"tangent_mode":1,"normal_inverse_stiffness":0.0001,"tangent_inverse_stiffness":0.01,"p0":0,"beta":0,"iwan":1,"rn":-8.1957532599075975,"rt":[-102.79699975604659,-6.5169795078781414]}
MORTAR_OBSERVER {"kind":"LAW","call_id":13,"pair":0,"slot":1,"node":2,"activity":0,"ndof":3,"normal":[6.8387805827692747e-08,-4.1027950443498291e-08,-0.99999999999999689],"tangents":[0.99999999999999767,2.8058115084381685e-15,6.8387805827692694e-08,-3.944304526105059e-31,0.99999999999999922,-4.102795044349839e-08],"ln":-1.1992423737576816e-19,"lt":[-1.5063505998114077e-12,4.1211478674085775e-13],"lt_start":[-0.043692829156205842,0.17394742559283358],"q":-15.344529107365769,"ut":[183.96225117384475,-4.632131395368992],"gn":-1.1992423737576816e-23,"gt":[0.00043692829154699494,-0.0017394742559242147],"b":-46033587322.097305,"constant_n":10000000000,"constant_t":100,"mu":0.29999999999999999,"normal_mode":1,"tangent_mode":1,"normal_inverse_stiffness":0.0001,"tangent_inverse_stiffness":0.01,"p0":0,"beta":0,"iwan":1,"rn":-3.5977271212730446e-20,"rt":[-1.5063505998114077e-12,4.1211478674085775e-13]}
MORTAR_OBSERVER {"kind":"LAW","call_id":13,"pair":0,"slot":2,"node":3,"activity":0,"ndof":3,"normal":[-4.5208292547312871e-08,-4.52082925469361e-08,-0.999999999999998],"tangents":[0.999999999999999,-2.0437897150263934e-15,-4.5208292547312824e-08,3.944304526105059e-31,0.999999999999999,-4.5208292546936146e-08],"ln":2.2737371134004024e-13,"lt":[-7.9580785377213574e-13,1.7763671185758854e-15],"lt_start":[0.13541247264507875,0.13541247264379797],"q":-19.446147192323647,"ut":[370.00706376306448,-10.69623520768593],"gn":2.2737371134004025e-17,"gt":[-0.0013541247264587455,-0.0013541247264379618],"b":-58338441576.97094,"constant_n":10000000000,"constant_t":100,"mu":0.29999999999999999,"normal_mode":1,"tangent_mode":1,"normal_inverse_stiffness":0.0001,"tangent_inverse_stiffness":0.01,"p0":0,"beta":0,"iwan":1,"rn":6.8212113402012074e-14,"rt":[-7.9580785377213574e-13,1.7763671185758854e-15]}
MORTAR_OBSERVER {"kind":"LAW","call_id":13,"pair":0,"slot":3,"node":4,"activity":2,"ndof":3,"normal":[-4.1027950443876154e-08,6.8387805828061921e-08,-0.99999999999999689],"tangents":[0.99999999999999922,2.8058115084791518e-15,-4.1027950443876068e-08,3.944304526105059e-31,0.99999999999999778,6.8387805828061987e-08],"ln":369.09497269225585,"lt":[35.379203215786951,-5.0612344023524223],"lt_start":[0.1739474256175173,-0.043692829157666827],"q":0.036909497269225509,"ut":[183.65750038740418,-3.8599456880875493],"gn":0.036909497269225586,"gt":[0.35205255790169432,-0.050175415731947552],"b":110.72849157869327,"constant_n":10000000000,"constant_t":100,"mu":0.29999999999999999,"normal_mode":1,"tangent_mode":1,"normal_inverse_stiffness":0.0001,"tangent_inverse_stiffness":0.01,"p0":0,"beta":0,"iwan":1,"rn":2.2898348106537014e-07,"rt":[-75.324836010391124,-2.7343166338067411]}
MORTAR_OBSERVER {"kind":"LAW","call_id":13,"pair":0,"slot":4,"node":17,"activity":0,"ndof":3,"normal":[7.2424004571337343e-08,1.5395559165892368e-08,-0.99999999999999734],"tangents":[0.99999999999999745,-1.1150080474088865e-15,7.2424004571337343e-08,-0,1,1.5395559165892408e-08],"ln":2.8421790786248236e-14,"lt":[1.3642420506009758e-12,-1.1333156639749278e-12],"lt_start":[-0.73660022044537588,-0.097040503857792323],"q":-11.420523286784352,"ut":[276.2365500042913,-6.530938863476651],"gn":2.8421790786248235e-18,"gt":[0.0073660022044674013,0.00097040503856659006],"b":-34261569860.353054,"constant_n":10000000000,"constant_t":100,"mu":0.29999999999999999,"normal_mode":1,"tangent_mode":1,"normal_inverse_stiffness":0.0001,"tangent_inverse_stiffness":0.01,"p0":0,"beta":0,"iwan":1,"rn":8.5265372358744701e-15,"rt":[1.3642420506009758e-12,-1.1333156639749278e-12]}
MORTAR_OBSERVER {"kind":"LAW","call_id":13,"pair":0,"slot":5,"node":18,"activity":0,"ndof":3,"normal":[1.196430858954852e-08,-4.3492668962924582e-08,-0.999999999999999],"tangents":[1,5.2035971285550893e-16,1.196430858954851e-08,-0,0.99999999999999911,-4.3492668962924588e-08],"ln":-4.547473248830352e-13,"lt":[1.9326762467082102e-12,-6.6224823197066507e-14],"lt_start":[0.31677899935975595,-0.33175539325043679],"q":-19.120713676345044,"ut":[276.11970120452258,-7.0022492381026185],"gn":-4.5474732488303523e-17,"gt":[-0.003167789993578233,0.0033175539325037058],"b":-57362141029.035133,"constant_n":10000000000,"constant_t":100,"mu":0.29999999999999999,"normal_mode":1,"tangent_mode":1,"normal_inverse_stiffness":0.0001,"tangent_inverse_stiffness":0.01,"p0":0,"beta":0,"iwan":1,"rn":-1.3642419746491055e-13,"rt":[1.9326762467082102e-12,-6.6224823197066507e-14]}
MORTAR_OBSERVER {"kind":"LAW","call_id":13,"pair":0,"slot":6,"node":19,"activity":0,"ndof":3,"normal":[1.446566586541265e-08,1.4465665865794023e-08,-0.99999999999999978],"tangents":[0.99999999999999989,-2.0925548893528156e-16,1.4465665865412648e-08,-0,0.99999999999999989,1.4465665865794025e-08],"ln":-4.2632570775221599e-13,"lt":[-4.0927261518110908e-12,-4.9027448150738479e-13],"lt_start":[-0.33266866751375551,-0.33266866750456553],"q":-17.399348699437933,"ut":[550.67306939648176,-12.23333910264882],"gn":-4.26325707752216e-17,"gt":[0.003326686675096628,0.0033266866750407526],"b":-52198046098.313797,"constant_n":10000000000,"constant_t":100,"mu":0.29999999999999999,"normal_mode":1,"tangent_mode":1,"normal_inverse_stiffness":0.0001,"tangent_inverse_stiffness":0.01,"p0":0,"beta":0,"iwan":1,"rn":-1.278977123256648e-13,"rt":[-4.0927261518110908e-12,-4.9027448150738479e-13]}
MORTAR_OBSERVER {"kind":"LAW","call_id":13,"pair":0,"slot":7,"node":23,"activity":2,"ndof":3,"normal":[-4.3492668963301889e-08,1.1964308589921484e-08,-0.999999999999999],"tangents":[0.99999999999999911,5.2035971287624483e-16,-4.3492668963301889e-08,-0,1,1.1964308589921497e-08],"ln":-433.48912929024283,"lt":[-150.09129289769635,-1.0961961573486851],"lt_start":[-0.33175539326262177,0.31677899937237669],"q":-0.043348912929022307,"ut":[276.3073586038401,-6.7200751189075412],"gn":-0.043348912929024284,"gt":[-1.4975953750443374,-0.014129751567210618],"b":-130.04673285431855,"constant_n":10000000000,"constant_t":100,"mu":0.29999999999999999,"normal_mode":1,"tangent_mode":1,"normal_inverse_stiffness":0.0001,"tangent_inverse_stiffness":0.01,"p0":0,"beta":0,"iwan":1,"rn":-130.04673878707285,"rt":[-20.082969773114598,-4.2566778321627252]}
MORTAR_OBSERVER {"kind":"LAW","call_id":13,"pair":0,"slot":8,"node":24,"activity":2,"ndof":3,"normal":[1.539555916551032e-08,7.2424004571714789e-08,-0.99999999999999734],"tangents":[0.99999999999999989,-1.1150080473870252e-15,1.5395559165510284e-08,-1.9721522630525295e-31,0.99999999999999745,7.2424004571714789e-08],"ln":211.71332893323958,"lt":[-51.042950237978076,-5.9428460854656651],"lt_start":[-0.097040503865221894,-0.73660022047532414],"q":0.021171332893311384,"ut":[275.75905633092952,-5.6695203371007139],"gn":0.021171332893323958,"gt":[-0.50945909734112849,-0.052062458649903408],"b":63.513960960144608,"constant_n":10000000000,"constant_t":100,"mu":0.29999999999999999,"normal_mode":1,"tangent_mode":1,"normal_inverse_stiffness":0.0001,"tangent_inverse_stiffness":0.01,"p0":0,"beta":0,"iwan":1,"rn":3.7719827261639693e-05,"rt":[-114.54345677524297,-4.6355946339261589]}
MORTAR_OBSERVER {"kind":"POST_RAW_AFTER_ACTIVE_LOOP","call_id":13,"pair":0,"slot":0,"node":1,"activity":0,"lambda_raw":[0,0,0],"gap":0.0027319177533088879}
MORTAR_OBSERVER {"kind":"POST_RAW_AFTER_ACTIVE_LOOP","call_id":13,"pair":0,"slot":1,"node":2,"activity":0,"lambda_raw":[0,0,0],"gap":15.344529107365769}
MORTAR_OBSERVER {"kind":"POST_RAW_AFTER_ACTIVE_LOOP","call_id":13,"pair":0,"slot":2,"node":3,"activity":0,"lambda_raw":[0,0,0],"gap":19.446147192323647}
MORTAR_OBSERVER {"kind":"POST_RAW_AFTER_ACTIVE_LOOP","call_id":13,"pair":0,"slot":3,"node":4,"activity":2,"lambda_raw":[0.053068733049547165,-0.0075918067229001135,-0.5536419499213312],"gap":-0.036909497269225509}
MORTAR_OBSERVER {"kind":"POST_RAW_AFTER_ACTIVE_LOOP","call_id":13,"pair":0,"slot":4,"node":17,"activity":0,"lambda_raw":[0,0,0],"gap":11.420523286784352}
MORTAR_OBSERVER {"kind":"POST_RAW_AFTER_ACTIVE_LOOP","call_id":13,"pair":0,"slot":5,"node":18,"activity":0,"lambda_raw":[0,0,0],"gap":19.120713676345044}
MORTAR_OBSERVER {"kind":"POST_RAW_AFTER_ACTIVE_LOOP","call_id":13,"pair":0,"slot":6,"node":19,"activity":0,"lambda_raw":[0,0,0],"gap":17.399348699437933}
MORTAR_OBSERVER {"kind":"POST_RAW_AFTER_ACTIVE_LOOP","call_id":13,"pair":0,"slot":7,"node":23,"activity":0,"lambda_raw":[0,0,0],"gap":0.043348912929022307}
MORTAR_OBSERVER {"kind":"POST_RAW_AFTER_ACTIVE_LOOP","call_id":13,"pair":0,"slot":8,"node":24,"activity":2,"lambda_raw":[-0.051042904881779545,-0.005942825851095599,-0.21171315554271319],"gap":-0.021171332893311384}
MORTAR_OBSERVER {"kind":"CFS_INVENTORY","call_id":13,"all_node_count":35,"physical_count":13}
MORTAR_OBSERVER {"kind":"CFS_NODE","call_id":13,"node":1,"force":[17.014316082066081,1.9809436333100954,70.571111802478654]}
MORTAR_OBSERVER {"kind":"CFS_NODE","call_id":13,"node":2,"force":[0,0,0]}
MORTAR_OBSERVER {"kind":"CFS_NODE","call_id":13,"node":3,"force":[-4.8544727430017196e-15,7.4654119573303517e-16,5.3570811104089665e-14]}
MORTAR_OBSERVER {"kind":"CFS_NODE","call_id":13,"node":4,"force":[52.393504154642812,-3.0802655274468838,-298.52386268743862]}
MORTAR_OBSERVER {"kind":"CFS_NODE","call_id":13,"node":13,"force":[20.692108591005688,3.1104172843193094,125.23001171443687]}
MORTAR_OBSERVER {"kind":"CFS_NODE","call_id":13,"node":14,"force":[1.8811094781674629,0.28276543768989643,11.384538620934405]}
MORTAR_OBSERVER {"kind":"CFS_NODE","call_id":13,"node":15,"force":[-0.57578087863838334,0.63423843556378301,37.016147407178366]}
MORTAR_OBSERVER {"kind":"CFS_NODE","call_id":13,"node":16,"force":[-6.3336782845784541,6.9766187555224892,407.17760689684656]}
MORTAR_OBSERVER {"kind":"CFS_NODE","call_id":13,"node":17,"force":[0,0,0]}
MORTAR_OBSERVER {"kind":"CFS_NODE","call_id":13,"node":18,"force":[0,0,0]}
MORTAR_OBSERVER {"kind":"CFS_NODE","call_id":13,"node":19,"force":[-2.9788649040851864e-14,4.4557603905433816e-16,9.6359338484769944e-14]}
MORTAR_OBSERVER {"kind":"CFS_NODE","call_id":13,"node":23,"force":[2.6755750931795729e-14,-1.5936831754651886e-15,-1.5360930868481264e-13]}
MORTAR_OBSERVER {"kind":"CFS_NODE","call_id":13,"node":24,"force":[-85.071579142665172,-9.9047180189586843,-352.85555375443602]}
MORTAR_OBSERVER {"kind":"CFS_END","call_id":13,"scanned_nodes":35,"physical_count":13,"outside_nonzero_count":0}
MORTAR_OBSERVER {"kind":"SUMMARY_PRE_OVERRIDE","call_id":13,"ndiverg":14,"flag":1,"keepset":0,"max_n":130.04673878707285,"max_t":[114.54345677524297,6.5169795078781414],"lm_t_av":[86.42215345376502,11.004080487818086],"nstick":0,"nslip":2,"ninactive":7,"nnogap":0,"nolm":0}
MORTAR_OBSERVER {"kind":"SUMMARY_POST_OVERRIDE","call_id":13,"flag":1}
MORTAR_OBSERVER {"kind":"RETURN","call_id":13}
 Using up to 2 cpu(s) for the stress calculation.

 average force= 48.056188
 time avg. forc= 48.056188
 largest residual force= 723.217515 in node 23 and dof 3
 largest increment of disp= 1.730781e-01
 largest correction to disp= 3.161523e-02 in node 17 and dof 1

MORTAR_OBSERVER {"kind":"PRE_CHECK","call_id":13,"step":2,"inc":1,"cutback":0,"iteration":5,"time":0.25,"dtime":0.25,"ttime":1,"tper":1,"theta":0,"dtheta":0.25,"icntrl":0,"nmethod":1,"iexpl":0,"ithermal":0,"uncoupled":0,"mortar":2,"iflagdualquad":2}
 no convergence

MORTAR_OBSERVER {"kind":"POST_CHECK","call_id":13,"step":2,"inc":1,"cutback":0,"iteration":6,"time":0.25,"dtime":0.25,"ttime":1,"tper":1,"theta":0,"dtheta":0.25,"icntrl":0,"nmethod":1,"iexpl":0,"ithermal":0,"uncoupled":0,"mortar":2,"iflagdualquad":2}
 iteration 6

 Determining the structure of the matrix:

 Using up to 2 cpu(s) for setting up the structure of the matrix.
 number of equations
 75
 number of nonzero lower triangular matrix elements
 1143

 Using up to 2 cpu(s) for the stress calculation.

 Using up to 2 cpu(s) for the symmetric stiffness/mass contributions.

 Using up to 2 cpu(s) for the stress calculation.

 Using up to 2 cpu(s) for the symmetric stiffness/mass contributions.

 Factoring the system of equations using the unsymmetric spooles solver
 Using 1 cpu for spooles.

MORTAR_OBSERVER {"kind":"BEGIN","call_id":14,"step":2,"inc":1,"cutback":0,"iteration":6,"time":0.25,"dtime":0.25,"ttime":1,"tper":1,"theta":0,"dtheta":0.25,"icntrl":0,"nmethod":1,"iexpl":0,"ithermal":0,"uncoupled":0,"mortar":2,"iflagdualquad":2}
MORTAR_OBSERVER {"kind":"KIN_INVENTORY","call_id":14,"all_node_count":35,"physical_count":13,"dd_count":63,"bd_count":36,"slave_count":9}
MORTAR_OBSERVER {"kind":"KIN_NODE","call_id":14,"node":1,"dd_count":9,"bd_count":0,"b2":[-0.13987634079333677,0.0087516162059974884,-0.0014536855010422703],"vold":[0.27499070570433803,-0.0065190033677560259,-0.00088805634196292664],"vini":[-1.8651819129285558e-05,-1.8651819129203521e-05,-0.00011333255306067981]}
MORTAR_OBSERVER {"kind":"KIN_DD","call_id":14,"node":1,"entry":0,"row_node":1,"slave_slot":0,"value":1333.3343393655834}
MORTAR_OBSERVER {"kind":"KIN_DD","call_id":14,"node":1,"entry":1,"row_node":2,"slave_slot":1,"value":7.5199107760053208e-14}
MORTAR_OBSERVER {"kind":"KIN_DD","call_id":14,"node":1,"entry":2,"row_node":3,"slave_slot":2,"value":1.8518520025380737e-13}
MORTAR_OBSERVER {"kind":"KIN_DD","call_id":14,"node":1,"entry":3,"row_node":4,"slave_slot":3,"value":-1.2478906921415307e-13}
MORTAR_OBSERVER {"kind":"KIN_DD","call_id":14,"node":1,"entry":4,"row_node":17,"slave_slot":4,"value":-333.33361652266797}
MORTAR_OBSERVER {"kind":"KIN_DD","call_id":14,"node":1,"entry":5,"row_node":18,"slave_slot":5,"value":-1.2675047270840951e-14}
MORTAR_OBSERVER {"kind":"KIN_DD","call_id":14,"node":1,"entry":6,"row_node":19,"slave_slot":6,"value":-666.66726296477884}
MORTAR_OBSERVER {"kind":"KIN_DD","call_id":14,"node":1,"entry":7,"row_node":23,"slave_slot":7,"value":-3.7425618361670371e-13}
MORTAR_OBSERVER {"kind":"KIN_DD","call_id":14,"node":1,"entry":8,"row_node":24,"slave_slot":8,"value":-333.33361652266734}
MORTAR_OBSERVER {"kind":"KIN_NODE","call_id":14,"node":2,"dd_count":6,"bd_count":0,"b2":[-0.13923023143102159,0.0088672459450158687,-0.14064039861227751],"vold":[0.274452548284977,-0.0068648765813778719,0.023398162237705761],"vini":[1.9409787070850799e-05,-2.1276020123634991e-05,-0.00010609014988737315]}
MORTAR_OBSERVER {"kind":"KIN_DD","call_id":14,"node":2,"entry":9,"row_node":1,"slave_slot":0,"value":3.2566523894461172e-15}
MORTAR_OBSERVER {"kind":"KIN_DD","call_id":14,"node":2,"entry":10,"row_node":2,"slave_slot":1,"value":666.66728296575661}
MORTAR_OBSERVER {"kind":"KIN_DD","call_id":14,"node":2,"entry":11,"row_node":3,"slave_slot":2,"value":6.661338919786186e-15}
MORTAR_OBSERVER {"kind":"KIN_DD","call_id":14,"node":2,"entry":12,"row_node":17,"slave_slot":4,"value":-333.33361652266825}
MORTAR_OBSERVER {"kind":"KIN_DD","call_id":14,"node":2,"entry":13,"row_node":18,"slave_slot":5,"value":-333.33365533143626}
MORTAR_OBSERVER {"kind":"KIN_DD","call_id":14,"node":2,"entry":14,"row_node":19,"slave_slot":6,"value":2.189914937235159e-13}
MORTAR_OBSERVER {"kind":"KIN_NODE","call_id":14,"node":3,"dd_count":9,"bd_count":0,"b2":[-0.13984999068280735,0.010367041411281103,-0.13133935961351634],"vold":[0.27545357816062138,-0.0084820669111251579,0.016263833374497584],"vini":[2.326667444963995e-05,2.3266674449668281e-05,-0.00011043941867480129]}
MORTAR_OBSERVER {"kind":"KIN_DD","call_id":14,"node":3,"entry":15,"row_node":1,"slave_slot":0,"value":2.0515994684268658e-14}
MORTAR_OBSERVER {"kind":"KIN_DD","call_id":14,"node":3,"entry":16,"row_node":2,"slave_slot":1,"value":1.0480968089501651e-13}
MORTAR_OBSERVER {"kind":"KIN_DD","call_id":14,"node":3,"entry":17,"row_node":3,"slave_slot":2,"value":1333.33470804888}
MORTAR_OBSERVER {"kind":"KIN_DD","call_id":14,"node":3,"entry":18,"row_node":4,"slave_slot":3,"value":-9.5257135799594381e-14}
MORTAR_OBSERVER {"kind":"KIN_DD","call_id":14,"node":3,"entry":19,"row_node":17,"slave_slot":4,"value":7.3644769849891522e-15}
MORTAR_OBSERVER {"kind":"KIN_DD","call_id":14,"node":3,"entry":20,"row_node":18,"slave_slot":5,"value":-333.33365533143655}
MORTAR_OBSERVER {"kind":"KIN_DD","call_id":14,"node":3,"entry":21,"row_node":19,"slave_slot":6,"value":-666.66726296477918}
MORTAR_OBSERVER {"kind":"KIN_DD","call_id":14,"node":3,"entry":22,"row_node":23,"slave_slot":7,"value":-333.3336553314362}
MORTAR_OBSERVER {"kind":"KIN_DD","call_id":14,"node":3,"entry":23,"row_node":24,"slave_slot":8,"value":-3.9320404721530813e-15}
MORTAR_OBSERVER {"kind":"KIN_NODE","call_id":14,"node":4,"dd_count":6,"bd_count":0,"b2":[-0.13759682342641652,0.0079803881277537778,0.0013610128529345984],"vold":[0.27353130231327177,-0.0056765626274686599,-0.0017449373295371929],"vini":[-2.1276020123909488e-05,1.9409787070938233e-05,-0.00010609014988733541]}
MORTAR_OBSERVER {"kind":"KIN_DD","call_id":14,"node":4,"entry":24,"row_node":1,"slave_slot":0,"value":4.9650094869271167e-14}
MORTAR_OBSERVER {"kind":"KIN_DD","call_id":14,"node":4,"entry":25,"row_node":3,"slave_slot":2,"value":6.9870037418317637e-14}
MORTAR_OBSERVER {"kind":"KIN_DD","call_id":14,"node":4,"entry":26,"row_node":4,"slave_slot":3,"value":666.66728296575673}
MORTAR_OBSERVER {"kind":"KIN_DD","call_id":14,"node":4,"entry":27,"row_node":19,"slave_slot":6,"value":2.3074135077482704e-14}
MORTAR_OBSERVER {"kind":"KIN_DD","call_id":14,"node":4,"entry":28,"row_node":23,"slave_slot":7,"value":-333.33365533143649}
MORTAR_OBSERVER {"kind":"KIN_DD","call_id":14,"node":4,"entry":29,"row_node":24,"slave_slot":8,"value":-333.33361652266836}
MORTAR_OBSERVER {"kind":"KIN_NODE","call_id":14,"node":13,"dd_count":0,"bd_count":9,"b2":[0.0017735634203726008,0.00033412632052771409,0.00050963722967015763],"vold":[-0.0020564270162719937,-0.00053753937629850502,-0.00091536294376783588],"vini":[-2.8066862268510173e-05,-2.8066862268525196e-05,-0.00011356992110190738]}
MORTAR_OBSERVER {"kind":"KIN_BD","call_id":14,"node":13,"entry":0,"row_node":1,"slave_slot":0,"value":-1120.3709633274834}
MORTAR_OBSERVER {"kind":"KIN_BD","call_id":14,"node":13,"entry":1,"row_node":2,"slave_slot":1,"value":-50.925940030402735}
MORTAR_OBSERVER {"kind":"KIN_BD","call_id":14,"node":13,"entry":2,"row_node":3,"slave_slot":2,"value":-9.259307744204996}
MORTAR_OBSERVER {"kind":"KIN_BD","call_id":14,"node":13,"entry":3,"row_node":4,"slave_slot":3,"value":-50.925940030402948}
MORTAR_OBSERVER {"kind":"KIN_BD","call_id":14,"node":13,"entry":4,"row_node":17,"slave_slot":4,"value":-458.33370498722149}
MORTAR_OBSERVER {"kind":"KIN_BD","call_id":14,"node":13,"entry":5,"row_node":18,"slave_slot":5,"value":-41.666762492038849}
MORTAR_OBSERVER {"kind":"KIN_BD","call_id":14,"node":13,"entry":6,"row_node":19,"slave_slot":6,"value":-268.51875469405724}
MORTAR_OBSERVER {"kind":"KIN_BD","call_id":14,"node":13,"entry":7,"row_node":23,"slave_slot":7,"value":-41.666762492038607}
MORTAR_OBSERVER {"kind":"KIN_BD","call_id":14,"node":13,"entry":8,"row_node":24,"slave_slot":8,"value":-458.33370498722223}
MORTAR_OBSERVER {"kind":"KIN_NODE","call_id":14,"node":14,"dd_count":0,"bd_count":9,"b2":[0.0011416304183961173,-1.1432672901762341e-05,-0.00017323271769548732],"vold":[-0.0013770490282774481,0.00019599624224309704,0.00035871556747693253],"vini":[2.4201626574401393e-05,-2.8535390258710365e-05,-0.00010353950999479019]}
MORTAR_OBSERVER {"kind":"KIN_BD","call_id":14,"node":14,"entry":9,"row_node":1,"slave_slot":0,"value":-101.85205834211705}
MORTAR_OBSERVER {"kind":"KIN_BD","call_id":14,"node":14,"entry":10,"row_node":2,"slave_slot":1,"value":-560.18582613200579}
MORTAR_OBSERVER {"kind":"KIN_BD","call_id":14,"node":14,"entry":11,"row_node":3,"slave_slot":2,"value":-101.8520474025626}
MORTAR_OBSERVER {"kind":"KIN_BD","call_id":14,"node":14,"entry":12,"row_node":4,"slave_slot":3,"value":-4.6295740824065685}
MORTAR_OBSERVER {"kind":"KIN_BD","call_id":14,"node":14,"entry":13,"row_node":17,"slave_slot":4,"value":-458.333510499559}
MORTAR_OBSERVER {"kind":"KIN_BD","call_id":14,"node":14,"entry":14,"row_node":18,"slave_slot":5,"value":-458.33376300392297}
MORTAR_OBSERVER {"kind":"KIN_BD","call_id":14,"node":14,"entry":15,"row_node":19,"slave_slot":6,"value":-731.482068890954}
MORTAR_OBSERVER {"kind":"KIN_BD","call_id":14,"node":14,"entry":16,"row_node":23,"slave_slot":7,"value":-41.666791625993497}
MORTAR_OBSERVER {"kind":"KIN_BD","call_id":14,"node":14,"entry":17,"row_node":24,"slave_slot":8,"value":-41.666811757788253}
MORTAR_OBSERVER {"kind":"KIN_NODE","call_id":14,"node":15,"dd_count":0,"bd_count":9,"b2":[0.0016907935577337933,0.00062635299930206834,-0.0019875533785387528],"vold":[-0.0021242296154452139,-0.00058335269059243619,0.0021678327460456174],"vini":[2.710682217014385e-05,2.7106822170201716e-05,-0.000110172262554128]}
MORTAR_OBSERVER {"kind":"KIN_BD","call_id":14,"node":15,"entry":18,"row_node":1,"slave_slot":0,"value":-9.2592593538675061}
MORTAR_OBSERVER {"kind":"KIN_BD","call_id":14,"node":15,"entry":19,"row_node":2,"slave_slot":1,"value":-50.925942720941158}
MORTAR_OBSERVER {"kind":"KIN_BD","call_id":14,"node":15,"entry":20,"row_node":3,"slave_slot":2,"value":-1120.3713054995505}
MORTAR_OBSERVER {"kind":"KIN_BD","call_id":14,"node":15,"entry":21,"row_node":4,"slave_slot":3,"value":-50.925942720941208}
MORTAR_OBSERVER {"kind":"KIN_BD","call_id":14,"node":15,"entry":22,"row_node":17,"slave_slot":4,"value":-41.666797488145619}
MORTAR_OBSERVER {"kind":"KIN_BD","call_id":14,"node":15,"entry":23,"row_node":18,"slave_slot":5,"value":-458.33362403706082}
MORTAR_OBSERVER {"kind":"KIN_BD","call_id":14,"node":15,"entry":24,"row_node":19,"slave_slot":6,"value":-268.51884674778933}
MORTAR_OBSERVER {"kind":"KIN_BD","call_id":14,"node":15,"entry":25,"row_node":23,"slave_slot":7,"value":-458.33362403706025}
MORTAR_OBSERVER {"kind":"KIN_BD","call_id":14,"node":15,"entry":26,"row_node":24,"slave_slot":8,"value":-41.66679748814537}
MORTAR_OBSERVER {"kind":"KIN_NODE","call_id":14,"node":16,"dd_count":0,"bd_count":9,"b2":[0.0012621658440417596,-0.00024175446615773769,0.0016892012994991275],"vold":[-0.0019379090529387244,0.00023595517985144834,-0.0021264021757170185],"vini":[-2.8535390258651648e-05,2.4201626574321538e-05,-0.00010353950999474492]}
MORTAR_OBSERVER {"kind":"KIN_BD","call_id":14,"node":16,"entry":27,"row_node":1,"slave_slot":0,"value":-101.85205834211729}
MORTAR_OBSERVER {"kind":"KIN_BD","call_id":14,"node":16,"entry":28,"row_node":2,"slave_slot":1,"value":-4.6295740824066147}
MORTAR_OBSERVER {"kind":"KIN_BD","call_id":14,"node":16,"entry":29,"row_node":3,"slave_slot":2,"value":-101.85204740256266}
MORTAR_OBSERVER {"kind":"KIN_BD","call_id":14,"node":16,"entry":30,"row_node":4,"slave_slot":3,"value":-560.18582613200647}
MORTAR_OBSERVER {"kind":"KIN_BD","call_id":14,"node":16,"entry":31,"row_node":17,"slave_slot":4,"value":-41.666811757788196}
MORTAR_OBSERVER {"kind":"KIN_BD","call_id":14,"node":16,"entry":32,"row_node":18,"slave_slot":5,"value":-41.666791625993454}
MORTAR_OBSERVER {"kind":"KIN_BD","call_id":14,"node":16,"entry":33,"row_node":19,"slave_slot":6,"value":-731.48206889095377}
MORTAR_OBSERVER {"kind":"KIN_BD","call_id":14,"node":16,"entry":34,"row_node":23,"slave_slot":7,"value":-458.33376300392348}
MORTAR_OBSERVER {"kind":"KIN_BD","call_id":14,"node":16,"entry":35,"row_node":24,"slave_slot":8,"value":-458.33351049955786}
MORTAR_OBSERVER {"kind":"KIN_NODE","call_id":14,"node":17,"dd_count":6,"bd_count":0,"b2":[-0.13939891081273625,0.0088195817180705717,-0.071012253434142331],"vold":[0.27458026221486487,-0.0066985280722291866,0.011201790610575201],"vini":[-5.3690046458016392e-06,-2.2851020685450205e-05,-0.00010961044677868645]}
MORTAR_OBSERVER {"kind":"KIN_DD","call_id":14,"node":17,"entry":30,"row_node":1,"slave_slot":0,"value":2.4276877046305862e-13}
MORTAR_OBSERVER {"kind":"KIN_DD","call_id":14,"node":17,"entry":31,"row_node":2,"slave_slot":1,"value":-2.5461114951003707e-13}
MORTAR_OBSERVER {"kind":"KIN_DD","call_id":14,"node":17,"entry":32,"row_node":3,"slave_slot":2,"value":-6.5133084758381588e-14}
MORTAR_OBSERVER {"kind":"KIN_DD","call_id":14,"node":17,"entry":33,"row_node":17,"slave_slot":4,"value":1666.6680577780505}
MORTAR_OBSERVER {"kind":"KIN_DD","call_id":14,"node":17,"entry":34,"row_node":18,"slave_slot":5,"value":3.6618856459328738e-13}
MORTAR_OBSERVER {"kind":"KIN_DD","call_id":14,"node":17,"entry":35,"row_node":19,"slave_slot":6,"value":-1.2397490564805584e-13}
MORTAR_OBSERVER {"kind":"KIN_NODE","call_id":14,"node":18,"dd_count":6,"bd_count":0,"b2":[-0.13919623332213013,0.0093499689287714228,-0.13615121340946487],"vold":[0.2745920804208441,-0.0073867867114803818,0.020023050943917882],"vini":[2.3130538336491836e-05,-2.0816932734675867e-06,-0.00010820316598743466]}
MORTAR_OBSERVER {"kind":"KIN_DD","call_id":14,"node":18,"entry":36,"row_node":1,"slave_slot":0,"value":1.2286468261240163e-13}
MORTAR_OBSERVER {"kind":"KIN_DD","call_id":14,"node":18,"entry":37,"row_node":2,"slave_slot":1,"value":-2.3092639141608016e-13}
MORTAR_OBSERVER {"kind":"KIN_DD","call_id":14,"node":18,"entry":38,"row_node":3,"slave_slot":2,"value":-9.0298140233210834e-14}
MORTAR_OBSERVER {"kind":"KIN_DD","call_id":14,"node":18,"entry":39,"row_node":17,"slave_slot":4,"value":1.8947806475165551e-13}
MORTAR_OBSERVER {"kind":"KIN_DD","call_id":14,"node":18,"entry":40,"row_node":18,"slave_slot":5,"value":1666.6682518218884}
MORTAR_OBSERVER {"kind":"KIN_DD","call_id":14,"node":18,"entry":41,"row_node":19,"slave_slot":6,"value":-3.0207318428425546e-13}
MORTAR_OBSERVER {"kind":"KIN_NODE","call_id":14,"node":19,"dd_count":9,"bd_count":0,"b2":[-0.13888604473814889,0.0087630613059005505,-0.066702397462033047],"vold":[0.27422541087881896,-0.0066667161659795752,0.008007430885732341],"vini":[-1.1041054726275674e-06,-1.1041054726048646e-06,-0.00010890228638792375]}
MORTAR_OBSERVER {"kind":"KIN_DD","call_id":14,"node":19,"entry":42,"row_node":1,"slave_slot":0,"value":2.871776918892279e-13}
MORTAR_OBSERVER {"kind":"KIN_DD","call_id":14,"node":19,"entry":43,"row_node":2,"slave_slot":1,"value":-5.9211895234892347e-14}
MORTAR_OBSERVER {"kind":"KIN_DD","call_id":14,"node":19,"entry":44,"row_node":3,"slave_slot":2,"value":2.8495724581791943e-13}
MORTAR_OBSERVER {"kind":"KIN_DD","call_id":14,"node":19,"entry":45,"row_node":4,"slave_slot":3,"value":-2.8421709712748327e-13}
MORTAR_OBSERVER {"kind":"KIN_DD","call_id":14,"node":19,"entry":46,"row_node":17,"slave_slot":4,"value":2.9605947617446172e-13}
MORTAR_OBSERVER {"kind":"KIN_DD","call_id":14,"node":19,"entry":47,"row_node":18,"slave_slot":5,"value":-1.501576655722348e-13}
MORTAR_OBSERVER {"kind":"KIN_DD","call_id":14,"node":19,"entry":48,"row_node":19,"slave_slot":6,"value":3333.3362651533125}
MORTAR_OBSERVER {"kind":"KIN_DD","call_id":14,"node":19,"entry":49,"row_node":23,"slave_slot":7,"value":1.807813176390307e-13}
MORTAR_OBSERVER {"kind":"KIN_DD","call_id":14,"node":19,"entry":50,"row_node":24,"slave_slot":8,"value":2.8810287775227309e-13}
MORTAR_OBSERVER {"kind":"KIN_NODE","call_id":14,"node":23,"dd_count":6,"bd_count":0,"b2":[-0.13874304957136807,0.0089651409439521577,-0.060755153664261596],"vold":[0.27437631990057337,-0.0069659395550053967,0.0029267342613223508],"vini":[-2.0816932735063558e-06,2.3130538336494764e-05,-0.00010820316598741581]}
MORTAR_OBSERVER {"kind":"KIN_DD","call_id":14,"node":23,"entry":51,"row_node":1,"slave_slot":0,"value":-8.2896653328849286e-14}
MORTAR_OBSERVER {"kind":"KIN_DD","call_id":14,"node":23,"entry":52,"row_node":3,"slave_slot":2,"value":-1.8059628046642167e-13}
MORTAR_OBSERVER {"kind":"KIN_DD","call_id":14,"node":23,"entry":53,"row_node":4,"slave_slot":3,"value":3.4194869498150328e-13}
MORTAR_OBSERVER {"kind":"KIN_DD","call_id":14,"node":23,"entry":54,"row_node":19,"slave_slot":6,"value":1.0658141142280622e-13}
MORTAR_OBSERVER {"kind":"KIN_DD","call_id":14,"node":23,"entry":55,"row_node":23,"slave_slot":7,"value":1666.6682518218884}
MORTAR_OBSERVER {"kind":"KIN_DD","call_id":14,"node":23,"entry":56,"row_node":24,"slave_slot":8,"value":-1.6866138283313867e-13}
MORTAR_OBSERVER {"kind":"KIN_NODE","call_id":14,"node":24,"dd_count":6,"bd_count":0,"b2":[-0.13853083647852985,0.0082601158160282885,0.00053749070161645553],"vold":[0.27397314203918044,-0.0059378641499790771,-0.0013131290271235045],"vini":[-2.2851020685498611e-05,-5.3690046456183201e-06,-0.00010961044677866738]}
MORTAR_OBSERVER {"kind":"KIN_DD","call_id":14,"node":24,"entry":57,"row_node":1,"slave_slot":0,"value":8.8373753638076831e-13}
MORTAR_OBSERVER {"kind":"KIN_DD","call_id":14,"node":24,"entry":58,"row_node":3,"slave_slot":2,"value":-1.6875390141944319e-13}
MORTAR_OBSERVER {"kind":"KIN_DD","call_id":14,"node":24,"entry":59,"row_node":4,"slave_slot":3,"value":5.3512750318533959e-13}
MORTAR_OBSERVER {"kind":"KIN_DD","call_id":14,"node":24,"entry":60,"row_node":19,"slave_slot":6,"value":-8.2896653328849286e-14}
MORTAR_OBSERVER {"kind":"KIN_DD","call_id":14,"node":24,"entry":61,"row_node":23,"slave_slot":7,"value":2.2500520189259093e-13}
MORTAR_OBSERVER {"kind":"KIN_DD","call_id":14,"node":24,"entry":62,"row_node":24,"slave_slot":8,"value":1666.6680577780487}
MORTAR_OBSERVER {"kind":"KIN_GAP","call_id":14,"pair":0,"slot":0,"node":1,"gap":0.0027319177533088879}
MORTAR_OBSERVER {"kind":"KIN_GAP","call_id":14,"pair":0,"slot":1,"node":2,"gap":15.344529107365769}
MORTAR_OBSERVER {"kind":"KIN_GAP","call_id":14,"pair":0,"slot":2,"node":3,"gap":19.446147192323647}
MORTAR_OBSERVER {"kind":"KIN_GAP","call_id":14,"pair":0,"slot":3,"node":4,"gap":-0.036909497269225509}
MORTAR_OBSERVER {"kind":"KIN_GAP","call_id":14,"pair":0,"slot":4,"node":17,"gap":11.420523286784352}
MORTAR_OBSERVER {"kind":"KIN_GAP","call_id":14,"pair":0,"slot":5,"node":18,"gap":19.120713676345044}
MORTAR_OBSERVER {"kind":"KIN_GAP","call_id":14,"pair":0,"slot":6,"node":19,"gap":17.399348699437933}
MORTAR_OBSERVER {"kind":"KIN_GAP","call_id":14,"pair":0,"slot":7,"node":23,"gap":0.043348912929022307}
MORTAR_OBSERVER {"kind":"KIN_GAP","call_id":14,"pair":0,"slot":8,"node":24,"gap":-0.021171332893311384}
MORTAR_OBSERVER {"kind":"INVENTORY","call_id":14,"pair_count":1,"slave_count":9}
MORTAR_OBSERVER {"kind":"PAIR","call_id":14,"pair":0,"start":0,"end":9}
MORTAR_OBSERVER {"kind":"PRE_RAW","call_id":14,"pair":0,"slot":0,"node":1,"activity":0,"lambda_raw":[-7.7058301550830481e-15,-1.598053815875193e-15,-8.4199250657200656e-16],"lambda_start":[0.00050771518908920529,0.00050771518909969321,-0.013186514357202705],"ddtil_count":1}
MORTAR_OBSERVER {"kind":"DDTIL","call_id":14,"pair":0,"column_slot":0,"source_slot":0,"destination_slot":0,"entry":0,"value":1333.3343393655837}
MORTAR_OBSERVER {"kind":"PRE_RAW","call_id":14,"pair":0,"slot":1,"node":2,"activity":0,"lambda_raw":[2.5779354800106783e-15,2.00839159489204e-15,9.3258647855683461e-17],"lambda_start":[-6.5538309315043666e-05,0.00026092037294276585,-0.012777594587534601],"ddtil_count":1}
MORTAR_OBSERVER {"kind":"DDTIL","call_id":14,"pair":0,"column_slot":1,"source_slot":1,"destination_slot":1,"entry":1,"value":666.6672829657565}
MORTAR_OBSERVER {"kind":"PRE_RAW","call_id":14,"pair":0,"slot":2,"node":3,"activity":0,"lambda_raw":[-4.4594594501682571e-15,1.7024333126472941e-15,-3.0565518576784999e-15],"lambda_start":[0.00010155868155003408,0.00010155868154907331,-0.0125689875371119],"ddtil_count":1}
MORTAR_OBSERVER {"kind":"DDTIL","call_id":14,"pair":0,"column_slot":2,"source_slot":2,"destination_slot":2,"entry":2,"value":1333.33470804888}
MORTAR_OBSERVER {"kind":"PRE_RAW","call_id":14,"pair":0,"slot":3,"node":4,"activity":2,"lambda_raw":[-0.057987842948131342,0.0010786250801302073,0.0034307461428393052],"lambda_start":[0.00026092037297979141,-6.5538309317234351e-05,-0.012777594587533964],"ddtil_count":1}
MORTAR_OBSERVER {"kind":"DDTIL","call_id":14,"pair":0,"column_slot":3,"source_slot":3,"destination_slot":3,"entry":3,"value":666.66728296575695}
MORTAR_OBSERVER {"kind":"PRE_RAW","call_id":14,"pair":0,"slot":4,"node":17,"activity":0,"lambda_raw":[3.2684938888626232e-15,2.7728907394100841e-15,-1.0077264038868295e-14],"lambda_start":[-0.0007365987945344057,-9.7040249850901462e-05,-0.011300302693721054],"ddtil_count":1}
MORTAR_OBSERVER {"kind":"DDTIL","call_id":14,"pair":0,"column_slot":4,"source_slot":4,"destination_slot":4,"entry":4,"value":1000.0008247327145}
MORTAR_OBSERVER {"kind":"PRE_RAW","call_id":14,"pair":0,"slot":5,"node":18,"activity":0,"lambda_raw":[-5.3368370565608141e-15,-3.1948719132934985e-15,-4.8415670314033812e-15],"lambda_start":[0.00031677884056088363,-0.00033175558754602565,-0.011646327674742232],"ddtil_count":1}
MORTAR_OBSERVER {"kind":"DDTIL","call_id":14,"pair":0,"column_slot":5,"source_slot":5,"destination_slot":5,"entry":5,"value":1000.0009411590161}
MORTAR_OBSERVER {"kind":"PRE_RAW","call_id":14,"pair":0,"slot":6,"node":19,"activity":0,"lambda_raw":[-1.1840934594244164e-15,-4.599368098792049e-16,2.4842328795828314e-15],"lambda_start":[-0.00016633402471439708,-0.00016633402470980207,-0.011364585339352794],"ddtil_count":1}
MORTAR_OBSERVER {"kind":"DDTIL","call_id":14,"pair":0,"column_slot":6,"source_slot":6,"destination_slot":6,"entry":6,"value":2000.0017392237551}
MORTAR_OBSERVER {"kind":"PRE_RAW","call_id":14,"pair":0,"slot":7,"node":23,"activity":0,"lambda_raw":[3.8369271619459482e-15,-4.6589355157378405e-15,1.4779274994162171e-15],"lambda_start":[-0.00033175558755821078,0.00031677884057350418,-0.011646327674742355],"ddtil_count":1}
MORTAR_OBSERVER {"kind":"DDTIL","call_id":14,"pair":0,"column_slot":7,"source_slot":7,"destination_slot":7,"entry":7,"value":1000.0009411590161}
MORTAR_OBSERVER {"kind":"PRE_RAW","call_id":14,"pair":0,"slot":8,"node":24,"activity":2,"lambda_raw":[-0.021454074805589137,-0.001902233192274061,-0.12228706535543207],"lambda_start":[-9.7040249858331947e-05,-0.00073659879456435451,-0.011300302693717842],"ddtil_count":1}
MORTAR_OBSERVER {"kind":"DDTIL","call_id":14,"pair":0,"column_slot":8,"source_slot":8,"destination_slot":8,"entry":8,"value":1000.0008247327135}
MORTAR_OBSERVER {"kind":"LAW","call_id":14,"pair":0,"slot":0,"node":1,"activity":0,"ndof":3,"normal":[7.4139640564509083e-08,7.413964056489398e-08,-0.99999999999999456],"tangents":[0.99999999999999722,-5.4966863030631521e-15,7.4139640564508898e-08,-7.8886090522101181e-31,0.99999999999999734,7.4139640564894179e-08],"ln":1.1226566027847736e-12,"lt":[-1.0274448042324434e-11,-2.1307401120940198e-12],"lt_start":[0.6769527927045591,0.67695279271854691],"q":2.6424877266380005,"ut":[180.55958484431997,3.179344987672144],"gn":1.1226566027847738e-16,"gt":[-0.0067695279271483355,-0.0067695279272067766],"b":7927463179.9140015,"constant_n":10000000000,"constant_t":100,"mu":0.29999999999999999,"normal_mode":1,"tangent_mode":1,"normal_inverse_stiffness":0.0001,"tangent_inverse_stiffness":0.01,"p0":0,"beta":0,"iwan":1,"rn":-7927463179.9140015,"rt":[-1.0274448042324434e-11,-2.1307401120940198e-12]}
MORTAR_OBSERVER {"kind":"LAW","call_id":14,"pair":0,"slot":1,"node":2,"activity":0,"ndof":3,"normal":[6.8387805827692747e-08,-4.1027950443498291e-08,-0.99999999999999689],"tangents":[0.99999999999999767,2.8058115084381685e-15,6.8387805827692694e-08,-3.944304526105059e-31,0.99999999999999922,-4.102795044349839e-08],"ln":-6.2172426779510562e-14,"lt":[1.7186252463715821e-12,1.3389289651471278e-12],"lt_start":[-0.043692829156205842,0.17394742559283358],"q":78.251330160855915,"ut":[90.320210568610491,1.2379855338282795],"gn":-6.2172426779510562e-18,"gt":[0.00043692829157924469,-0.0017394742559149465],"b":234753990482.56775,"constant_n":10000000000,"constant_t":100,"mu":0.29999999999999999,"normal_mode":1,"tangent_mode":1,"normal_inverse_stiffness":0.0001,"tangent_inverse_stiffness":0.01,"p0":0,"beta":0,"iwan":1,"rn":-234753990482.56775,"rt":[1.7186252463715821e-12,1.3389289651471278e-12]}
MORTAR_OBSERVER {"kind":"LAW","call_id":14,"pair":0,"slot":2,"node":3,"activity":0,"ndof":3,"normal":[-4.5208292547312871e-08,-4.52082925469361e-08,-0.999999999999998],"tangents":[0.999999999999999,-2.0437897150263934e-15,-4.5208292547312824e-08,3.944304526105059e-31,0.999999999999999,-4.5208292546936146e-08],"ln":4.0754068449814469e-12,"lt":[-5.9459518798037339e-12,2.2699136081334424e-12],"lt_start":[0.13541247264507875,0.13541247264379797],"q":153.60551306472325,"ut":[181.38465496274537,2.4474546716553038],"gn":4.0754068449814472e-16,"gt":[-0.0013541247265102469,-0.0013541247264152805],"b":460816539194.1698,"constant_n":10000000000,"constant_t":100,"mu":0.29999999999999999,"normal_mode":1,"tangent_mode":1,"normal_inverse_stiffness":0.0001,"tangent_inverse_stiffness":0.01,"p0":0,"beta":0,"iwan":1,"rn":-460816539194.1698,"rt":[-5.9459518798037339e-12,2.2699136081334424e-12]}
MORTAR_OBSERVER {"kind":"LAW","call_id":14,"pair":0,"slot":3,"node":4,"activity":2,"ndof":3,"normal":[-4.1027950443876154e-08,6.8387805828061921e-08,-0.99999999999999689],"tangents":[0.99999999999999922,2.8058115084791518e-15,-4.1027950443876068e-08,3.944304526105059e-31,0.99999999999999778,6.8387805828061987e-08],"ln":-2.2871645743323121,"lt":[-38.658597797113465,0.71908420792340433],"lt_start":[0.1739474256175173,-0.043692829157666827],"q":-0.00022871645742334606,"ut":[91.037441648555344,1.5468850244188324],"gn":-0.00022871645743323122,"gt":[-0.38832545222730985,0.0076277703708107119],"b":-0.68611971682240103,"constant_n":10000000000,"constant_t":100,"mu":0.29999999999999999,"normal_mode":1,"tangent_mode":1,"normal_inverse_stiffness":0.0001,"tangent_inverse_stiffness":0.01,"p0":0,"beta":0,"iwan":1,"rn":-0.68614937229969364,"rt":[-37.972577047185489,0.73073738262846644]}
MORTAR_OBSERVER {"kind":"LAW","call_id":14,"pair":0,"slot":4,"node":17,"activity":0,"ndof":3,"normal":[7.2424004571337343e-08,1.5395559165892368e-08,-0.99999999999999734],"tangents":[0.99999999999999745,-1.1150080474088865e-15,7.2424004571337343e-08,-0,1,1.5395559165892408e-08],"ln":1.0077272629325444e-11,"lt":[3.2684958546600299e-12,2.7728928711585477e-12],"lt_start":[-0.73660022044537588,-0.097040503857792323],"q":59.710340426559149,"ut":[135.4812642766197,2.1314897710228493],"gn":1.0077272629325445e-15,"gt":[0.0073660022044864442,0.00097040503860565223],"b":179131021279.67746,"constant_n":10000000000,"constant_t":100,"mu":0.29999999999999999,"normal_mode":1,"tangent_mode":1,"normal_inverse_stiffness":0.0001,"tangent_inverse_stiffness":0.01,"p0":0,"beta":0,"iwan":1,"rn":-179131021279.67746,"rt":[3.2684958546600299e-12,2.7728928711585477e-12]}
MORTAR_OBSERVER {"kind":"LAW","call_id":14,"pair":0,"slot":5,"node":18,"activity":0,"ndof":3,"normal":[1.196430858954852e-08,-4.3492668962924582e-08,-0.999999999999999],"tangents":[1,5.2035971285550893e-16,1.196430858954851e-08,-0,0.99999999999999911,-4.3492668962924588e-08],"ln":4.8415716631898509e-12,"lt":[-5.3368421372991859e-12,-3.1948747096031315e-12],"lt_start":[0.31677899935975595,-0.33175539325043679],"q":116.239439694135,"ut":[135.72790295029711,1.883930216828487],"gn":4.8415716631898508e-16,"gt":[-0.0031677899936509279,0.0033175539324724192],"b":348718319082.40503,"constant_n":10000000000,"constant_t":100,"mu":0.29999999999999999,"normal_mode":1,"tangent_mode":1,"normal_inverse_stiffness":0.0001,"tangent_inverse_stiffness":0.01,"p0":0,"beta":0,"iwan":1,"rn":-348718319082.40503,"rt":[-5.3368421372991859e-12,-3.1948747096031315e-12]}
MORTAR_OBSERVER {"kind":"LAW","call_id":14,"pair":0,"slot":6,"node":19,"activity":0,"ndof":3,"normal":[1.446566586541265e-08,1.4465665865794023e-08,-0.99999999999999978],"tangents":[0.99999999999999989,-2.0925548893528156e-16,1.4465665865412648e-08,-0,0.99999999999999989,1.4465665865794025e-08],"ln":-4.9684701273665264e-12,"lt":[-2.3681889063800768e-12,-9.1987434781920726e-13],"lt_start":[-0.33266866751375551,-0.33266866750456553],"q":117.12544745284903,"ut":[271.51498674503233,4.1584009345761777],"gn":-4.9684701273665267e-16,"gt":[0.0033266866751138734,0.0033266866750364566],"b":351376342358.54706,"constant_n":10000000000,"constant_t":100,"mu":0.29999999999999999,"normal_mode":1,"tangent_mode":1,"normal_inverse_stiffness":0.0001,"tangent_inverse_stiffness":0.01,"p0":0,"beta":0,"iwan":1,"rn":-351376342358.54706,"rt":[-2.3681889063800768e-12,-9.1987434781920726e-13]}
MORTAR_OBSERVER {"kind":"LAW","call_id":14,"pair":0,"slot":7,"node":23,"activity":0,"ndof":3,"normal":[-4.3492668963301889e-08,1.1964308589921484e-08,-0.999999999999999],"tangents":[0.99999999999999911,5.2035971287624483e-16,-4.3492668963301889e-08,-0,1,1.1964308589921497e-08],"ln":-1.4779291130003613e-12,"lt":[3.8369307088254633e-12,-4.6589398828546085e-12],"lt_start":[-0.33175539326262177,0.31677899937237669],"q":57.766457923543612,"ut":[136.0761784614744,1.916304214509517],"gn":-1.4779291130003614e-16,"gt":[0.003317553932664587,-0.0031677899937703562],"b":173299373770.63083,"constant_n":10000000000,"constant_t":100,"mu":0.29999999999999999,"normal_mode":1,"tangent_mode":1,"normal_inverse_stiffness":0.0001,"tangent_inverse_stiffness":0.01,"p0":0,"beta":0,"iwan":1,"rn":-173299373770.63083,"rt":[3.8369307088254633e-12,-4.6589398828546085e-12]}
MORTAR_OBSERVER {"kind":"LAW","call_id":14,"pair":0,"slot":8,"node":24,"activity":2,"ndof":3,"normal":[1.539555916551032e-08,7.2424004571714789e-08,-0.99999999999999734],"tangents":[0.99999999999999989,-1.1150080473870252e-15,1.5395559165510284e-08,-1.9721522630525295e-31,0.99999999999999745,7.2424004571714789e-08],"ln":122.28716574150977,"lt":[-21.454094382145762,-1.902243617634283],"lt_start":[-0.097040503865221894,-0.73660022047532414],"q":0.012228716574144802,"ut":[135.85587462425971,2.4520523896096416],"gn":0.012228716574150977,"gt":[-0.21357053878280538,-0.011656433971589589],"b":36.686131195606208,"constant_n":10000000000,"constant_t":100,"mu":0.29999999999999999,"normal_mode":1,"tangent_mode":1,"normal_inverse_stiffness":0.0001,"tangent_inverse_stiffness":0.01,"p0":0,"beta":0,"iwan":1,"rn":1.85268467234323e-05,"rt":[-58.134287277820242,-2.5622975831116217]}
MORTAR_OBSERVER {"kind":"POST_RAW_AFTER_ACTIVE_LOOP","call_id":14,"pair":0,"slot":0,"node":1,"activity":1,"lambda_raw":[-7.7058301550830481e-15,-1.598053815875193e-15,-8.4199250657200656e-16],"gap":-2.6424877266380005}
MORTAR_OBSERVER {"kind":"POST_RAW_AFTER_ACTIVE_LOOP","call_id":14,"pair":0,"slot":1,"node":2,"activity":1,"lambda_raw":[2.5779354800106783e-15,2.00839159489204e-15,9.3258647855683461e-17],"gap":-78.251330160855915}
MORTAR_OBSERVER {"kind":"POST_RAW_AFTER_ACTIVE_LOOP","call_id":14,"pair":0,"slot":2,"node":3,"activity":1,"lambda_raw":[-4.4594594501682571e-15,1.7024333126472941e-15,-3.0565518576784999e-15],"gap":-153.60551306472325}
MORTAR_OBSERVER {"kind":"POST_RAW_AFTER_ACTIVE_LOOP","call_id":14,"pair":0,"slot":3,"node":4,"activity":0,"lambda_raw":[0,0,0],"gap":0.00022871645742334606}
MORTAR_OBSERVER {"kind":"POST_RAW_AFTER_ACTIVE_LOOP","call_id":14,"pair":0,"slot":4,"node":17,"activity":1,"lambda_raw":[3.2684938888626232e-15,2.7728907394100841e-15,-1.0077264038868295e-14],"gap":-59.710340426559149}
MORTAR_OBSERVER {"kind":"POST_RAW_AFTER_ACTIVE_LOOP","call_id":14,"pair":0,"slot":5,"node":18,"activity":1,"lambda_raw":[-5.3368370565608141e-15,-3.1948719132934985e-15,-4.8415670314033812e-15],"gap":-116.239439694135}
MORTAR_OBSERVER {"kind":"POST_RAW_AFTER_ACTIVE_LOOP","call_id":14,"pair":0,"slot":6,"node":19,"activity":1,"lambda_raw":[-1.1840934594244164e-15,-4.599368098792049e-16,2.4842328795828314e-15],"gap":-117.12544745284903}
MORTAR_OBSERVER {"kind":"POST_RAW_AFTER_ACTIVE_LOOP","call_id":14,"pair":0,"slot":7,"node":23,"activity":1,"lambda_raw":[3.8369271619459482e-15,-4.6589355157378405e-15,1.4779274994162171e-15],"gap":-57.766457923543612}
MORTAR_OBSERVER {"kind":"POST_RAW_AFTER_ACTIVE_LOOP","call_id":14,"pair":0,"slot":8,"node":24,"activity":2,"lambda_raw":[-0.021454074805589137,-0.001902233192274061,-0.12228706535543207],"gap":-0.012228716574144802}
MORTAR_OBSERVER {"kind":"CFS_INVENTORY","call_id":14,"all_node_count":35,"physical_count":13}
MORTAR_OBSERVER {"kind":"CFS_NODE","call_id":14,"node":1,"force":[7.1513643440842936,0.63407826944742274,40.76238974887054]}
MORTAR_OBSERVER {"kind":"CFS_NODE","call_id":14,"node":2,"force":[2.4080737575346028e-12,1.4795896024820212e-12,5.0351205922186688e-12]}
MORTAR_OBSERVER {"kind":"CFS_NODE","call_id":14,"node":3,"force":[-4.6565009122267468e-12,5.1944840563162952e-12,-4.6098683150878203e-12]}
MORTAR_OBSERVER {"kind":"CFS_NODE","call_id":14,"node":4,"force":[7.1513643440936114,0.63407826945172607,40.762389748869587]}
MORTAR_OBSERVER {"kind":"CFS_NODE","call_id":14,"node":13,"force":[9.8331255927261143,0.87185758676549363,56.048283736374827]}
MORTAR_OBSERVER {"kind":"CFS_NODE","call_id":14,"node":14,"force":[0.89392289636343936,0.079259992341488186,5.0953121325824418]}
MORTAR_OBSERVER {"kind":"CFS_NODE","call_id":14,"node":15,"force":[0.89392259022580989,0.079259965199324392,5.0953103875891079]}
MORTAR_OBSERVER {"kind":"CFS_NODE","call_id":14,"node":16,"force":[9.8331214201662096,0.8718572168062203,56.048259953042567]}
MORTAR_OBSERVER {"kind":"CFS_NODE","call_id":14,"node":17,"force":[5.4474943616100913e-12,4.6214884230833456e-12,-1.679545408337722e-11]}
MORTAR_OBSERVER {"kind":"CFS_NODE","call_id":14,"node":18,"force":[-8.8947368873164846e-12,-5.324791586523727e-12,-8.0692860603075646e-12]}
MORTAR_OBSERVER {"kind":"CFS_NODE","call_id":14,"node":19,"force":[-3.953162650321253e-12,-1.5336720869061276e-12,8.2455522931589112e-12]}
MORTAR_OBSERVER {"kind":"CFS_NODE","call_id":14,"node":23,"force":[6.3985031592924909e-12,-7.764579078085014e-12,2.4838399473169759e-12]}
MORTAR_OBSERVER {"kind":"CFS_NODE","call_id":14,"node":24,"force":[-35.756821187656215,-3.1703913000083466,-203.81194570731529]}
MORTAR_OBSERVER {"kind":"CFS_END","call_id":14,"scanned_nodes":35,"physical_count":13,"outside_nonzero_count":0}
MORTAR_OBSERVER {"kind":"SUMMARY_PRE_OVERRIDE","call_id":14,"ndiverg":14,"flag":1,"keepset":0,"max_n":460816539194.1698,"max_t":[58.134287277820242,2.5622975831116217],"lm_t_av":[21.454094382178511,1.9022436176515691],"nstick":7,"nslip":1,"ninactive":1,"nnogap":0,"nolm":0}
MORTAR_OBSERVER {"kind":"SUMMARY_POST_OVERRIDE","call_id":14,"flag":1}
MORTAR_OBSERVER {"kind":"RETURN","call_id":14}
 Using up to 2 cpu(s) for the stress calculation.

 average force= 12.117915
 time avg. forc= 12.117915
 largest residual force= 43.647525 in node 31 and dof 3
 largest increment of disp= 1.730781e-01
 largest correction to disp= 1.407229e-01 in node 6 and dof 3

MORTAR_OBSERVER {"kind":"PRE_CHECK","call_id":14,"step":2,"inc":1,"cutback":0,"iteration":6,"time":0.25,"dtime":0.25,"ttime":1,"tper":1,"theta":0,"dtheta":0.25,"icntrl":0,"nmethod":1,"iexpl":0,"ithermal":0,"uncoupled":0,"mortar":2,"iflagdualquad":2}
 no convergence

MORTAR_OBSERVER {"kind":"POST_CHECK","call_id":14,"step":2,"inc":1,"cutback":0,"iteration":7,"time":0.25,"dtime":0.25,"ttime":1,"tper":1,"theta":0,"dtheta":0.25,"icntrl":0,"nmethod":1,"iexpl":0,"ithermal":0,"uncoupled":0,"mortar":2,"iflagdualquad":2}
 iteration 7

 Determining the structure of the matrix:

 Using up to 2 cpu(s) for setting up the structure of the matrix.
 number of equations
 75
 number of nonzero lower triangular matrix elements
 1143

 Using up to 2 cpu(s) for the stress calculation.

 Using up to 2 cpu(s) for the symmetric stiffness/mass contributions.

 Using up to 2 cpu(s) for the stress calculation.

 Using up to 2 cpu(s) for the symmetric stiffness/mass contributions.

 Factoring the system of equations using the unsymmetric spooles solver
 Using 1 cpu for spooles.

MORTAR_OBSERVER {"kind":"BEGIN","call_id":15,"step":2,"inc":1,"cutback":0,"iteration":7,"time":0.25,"dtime":0.25,"ttime":1,"tper":1,"theta":0,"dtheta":0.25,"icntrl":0,"nmethod":1,"iexpl":0,"ithermal":0,"uncoupled":0,"mortar":2,"iflagdualquad":2}
MORTAR_OBSERVER {"kind":"KIN_INVENTORY","call_id":15,"all_node_count":35,"physical_count":13,"dd_count":63,"bd_count":36,"slave_count":9}
MORTAR_OBSERVER {"kind":"KIN_NODE","call_id":15,"node":1,"dd_count":9,"bd_count":0,"b2":[0.034386137695616915,0.0063552675922904246,0.02217075511781957],"vold":[0.13511436491100126,0.0022326128382414625,-0.0023417418430051969],"vini":[-1.8651819129285558e-05,-1.8651819129203521e-05,-0.00011333255306067981]}
MORTAR_OBSERVER {"kind":"KIN_DD","call_id":15,"node":1,"entry":0,"row_node":1,"slave_slot":0,"value":1333.3343393655834}
MORTAR_OBSERVER {"kind":"KIN_DD","call_id":15,"node":1,"entry":1,"row_node":2,"slave_slot":1,"value":7.5199107760053208e-14}
MORTAR_OBSERVER {"kind":"KIN_DD","call_id":15,"node":1,"entry":2,"row_node":3,"slave_slot":2,"value":1.8518520025380737e-13}
MORTAR_OBSERVER {"kind":"KIN_DD","call_id":15,"node":1,"entry":3,"row_node":4,"slave_slot":3,"value":-1.2478906921415307e-13}
MORTAR_OBSERVER {"kind":"KIN_DD","call_id":15,"node":1,"entry":4,"row_node":17,"slave_slot":4,"value":-333.33361652266797}
MORTAR_OBSERVER {"kind":"KIN_DD","call_id":15,"node":1,"entry":5,"row_node":18,"slave_slot":5,"value":-1.2675047270840951e-14}
MORTAR_OBSERVER {"kind":"KIN_DD","call_id":15,"node":1,"entry":6,"row_node":19,"slave_slot":6,"value":-666.66726296477884}
MORTAR_OBSERVER {"kind":"KIN_DD","call_id":15,"node":1,"entry":7,"row_node":23,"slave_slot":7,"value":-3.7425618361670371e-13}
MORTAR_OBSERVER {"kind":"KIN_DD","call_id":15,"node":1,"entry":8,"row_node":24,"slave_slot":8,"value":-333.33361652266734}
MORTAR_OBSERVER {"kind":"KIN_NODE","call_id":15,"node":2,"dd_count":6,"bd_count":0,"b2":[0.036092634185968211,-0.0030493964612843174,0.098190485516916087],"vold":[0.13522231685395542,0.0020023693636379968,-0.11724223637457175],"vini":[1.9409787070850799e-05,-2.1276020123634991e-05,-0.00010609014988737315]}
MORTAR_OBSERVER {"kind":"KIN_DD","call_id":15,"node":2,"entry":9,"row_node":1,"slave_slot":0,"value":3.2566523894461172e-15}
MORTAR_OBSERVER {"kind":"KIN_DD","call_id":15,"node":2,"entry":10,"row_node":2,"slave_slot":1,"value":666.66728296575661}
MORTAR_OBSERVER {"kind":"KIN_DD","call_id":15,"node":2,"entry":11,"row_node":3,"slave_slot":2,"value":6.661338919786186e-15}
MORTAR_OBSERVER {"kind":"KIN_DD","call_id":15,"node":2,"entry":12,"row_node":17,"slave_slot":4,"value":-333.33361652266825}
MORTAR_OBSERVER {"kind":"KIN_DD","call_id":15,"node":2,"entry":13,"row_node":18,"slave_slot":5,"value":-333.33365533143626}
MORTAR_OBSERVER {"kind":"KIN_DD","call_id":15,"node":2,"entry":14,"row_node":19,"slave_slot":6,"value":2.189914937235159e-13}
MORTAR_OBSERVER {"kind":"KIN_NODE","call_id":15,"node":3,"dd_count":9,"bd_count":0,"b2":[0.03566717796767957,0.0054236497766228181,0.097936680872516377],"vold":[0.13560358747781404,0.0018849745001559455,-0.11507552623901876],"vini":[2.326667444963995e-05,2.3266674449668281e-05,-0.00011043941867480129]}
MORTAR_OBSERVER {"kind":"KIN_DD","call_id":15,"node":3,"entry":15,"row_node":1,"slave_slot":0,"value":2.0515994684268658e-14}
MORTAR_OBSERVER {"kind":"KIN_DD","call_id":15,"node":3,"entry":16,"row_node":2,"slave_slot":1,"value":1.0480968089501651e-13}
MORTAR_OBSERVER {"kind":"KIN_DD","call_id":15,"node":3,"entry":17,"row_node":3,"slave_slot":2,"value":1333.33470804888}
MORTAR_OBSERVER {"kind":"KIN_DD","call_id":15,"node":3,"entry":18,"row_node":4,"slave_slot":3,"value":-9.5257135799594381e-14}
MORTAR_OBSERVER {"kind":"KIN_DD","call_id":15,"node":3,"entry":19,"row_node":17,"slave_slot":4,"value":7.3644769849891522e-15}
MORTAR_OBSERVER {"kind":"KIN_DD","call_id":15,"node":3,"entry":20,"row_node":18,"slave_slot":5,"value":-333.33365533143655}
MORTAR_OBSERVER {"kind":"KIN_DD","call_id":15,"node":3,"entry":21,"row_node":19,"slave_slot":6,"value":-666.66726296477918}
MORTAR_OBSERVER {"kind":"KIN_DD","call_id":15,"node":3,"entry":22,"row_node":23,"slave_slot":7,"value":-333.3336553314362}
MORTAR_OBSERVER {"kind":"KIN_DD","call_id":15,"node":3,"entry":23,"row_node":24,"slave_slot":8,"value":-3.9320404721530813e-15}
MORTAR_OBSERVER {"kind":"KIN_NODE","call_id":15,"node":4,"dd_count":6,"bd_count":0,"b2":[0.038018546032949553,0.00381694631784869,0.038630983515698145],"vold":[0.13593447888685525,0.0023038255002851178,-0.00038392447660259453],"vini":[-2.1276020123909488e-05,1.9409787070938233e-05,-0.00010609014988733541]}
MORTAR_OBSERVER {"kind":"KIN_DD","call_id":15,"node":4,"entry":24,"row_node":1,"slave_slot":0,"value":4.9650094869271167e-14}
MORTAR_OBSERVER {"kind":"KIN_DD","call_id":15,"node":4,"entry":25,"row_node":3,"slave_slot":2,"value":6.9870037418317637e-14}
MORTAR_OBSERVER {"kind":"KIN_DD","call_id":15,"node":4,"entry":26,"row_node":4,"slave_slot":3,"value":666.66728296575673}
MORTAR_OBSERVER {"kind":"KIN_DD","call_id":15,"node":4,"entry":27,"row_node":19,"slave_slot":6,"value":2.3074135077482704e-14}
MORTAR_OBSERVER {"kind":"KIN_DD","call_id":15,"node":4,"entry":28,"row_node":23,"slave_slot":7,"value":-333.33365533143649}
MORTAR_OBSERVER {"kind":"KIN_DD","call_id":15,"node":4,"entry":29,"row_node":24,"slave_slot":8,"value":-333.33361652266836}
MORTAR_OBSERVER {"kind":"KIN_NODE","call_id":15,"node":13,"dd_count":0,"bd_count":9,"b2":[0.028721903661632613,0.0078023655627825431,0.024604168712659889],"vold":[-0.00028286359589939293,-0.00020341305577079092,-0.00040572571409767824],"vini":[-2.8066862268510173e-05,-2.8066862268525196e-05,-0.00011356992110190738]}
MORTAR_OBSERVER {"kind":"KIN_BD","call_id":15,"node":13,"entry":0,"row_node":1,"slave_slot":0,"value":-1120.3709633274834}
MORTAR_OBSERVER {"kind":"KIN_BD","call_id":15,"node":13,"entry":1,"row_node":2,"slave_slot":1,"value":-50.925940030402735}
MORTAR_OBSERVER {"kind":"KIN_BD","call_id":15,"node":13,"entry":2,"row_node":3,"slave_slot":2,"value":-9.259307744204996}
MORTAR_OBSERVER {"kind":"KIN_BD","call_id":15,"node":13,"entry":3,"row_node":4,"slave_slot":3,"value":-50.925940030402948}
MORTAR_OBSERVER {"kind":"KIN_BD","call_id":15,"node":13,"entry":4,"row_node":17,"slave_slot":4,"value":-458.33370498722149}
MORTAR_OBSERVER {"kind":"KIN_BD","call_id":15,"node":13,"entry":5,"row_node":18,"slave_slot":5,"value":-41.666762492038849}
MORTAR_OBSERVER {"kind":"KIN_BD","call_id":15,"node":13,"entry":6,"row_node":19,"slave_slot":6,"value":-268.51875469405724}
MORTAR_OBSERVER {"kind":"KIN_BD","call_id":15,"node":13,"entry":7,"row_node":23,"slave_slot":7,"value":-41.666762492038607}
MORTAR_OBSERVER {"kind":"KIN_BD","call_id":15,"node":13,"entry":8,"row_node":24,"slave_slot":8,"value":-458.33370498722223}
MORTAR_OBSERVER {"kind":"KIN_NODE","call_id":15,"node":14,"dd_count":0,"bd_count":9,"b2":[0.030134452268270606,-0.0043903157340088941,-0.023140355354322517],"vold":[-0.00023541860988133081,0.00018456356934133471,0.00018548284978144521],"vini":[2.4201626574401393e-05,-2.8535390258710365e-05,-0.00010353950999479019]}
MORTAR_OBSERVER {"kind":"KIN_BD","call_id":15,"node":14,"entry":9,"row_node":1,"slave_slot":0,"value":-101.85205834211705}
MORTAR_OBSERVER {"kind":"KIN_BD","call_id":15,"node":14,"entry":10,"row_node":2,"slave_slot":1,"value":-560.18582613200579}
MORTAR_OBSERVER {"kind":"KIN_BD","call_id":15,"node":14,"entry":11,"row_node":3,"slave_slot":2,"value":-101.8520474025626}
MORTAR_OBSERVER {"kind":"KIN_BD","call_id":15,"node":14,"entry":12,"row_node":4,"slave_slot":3,"value":-4.6295740824065685}
MORTAR_OBSERVER {"kind":"KIN_BD","call_id":15,"node":14,"entry":13,"row_node":17,"slave_slot":4,"value":-458.333510499559}
MORTAR_OBSERVER {"kind":"KIN_BD","call_id":15,"node":14,"entry":14,"row_node":18,"slave_slot":5,"value":-458.33376300392297}
MORTAR_OBSERVER {"kind":"KIN_BD","call_id":15,"node":14,"entry":15,"row_node":19,"slave_slot":6,"value":-731.482068890954}
MORTAR_OBSERVER {"kind":"KIN_BD","call_id":15,"node":14,"entry":16,"row_node":23,"slave_slot":7,"value":-41.666791625993497}
MORTAR_OBSERVER {"kind":"KIN_BD","call_id":15,"node":14,"entry":17,"row_node":24,"slave_slot":8,"value":-41.666811757788253}
MORTAR_OBSERVER {"kind":"KIN_NODE","call_id":15,"node":15,"dd_count":0,"bd_count":9,"b2":[0.029638696759538962,0.0070844983457138237,-0.020081380745908397],"vold":[-0.00043343605771142065,4.3000308709632146e-05,0.00018027936750686455],"vini":[2.710682217014385e-05,2.7106822170201716e-05,-0.000110172262554128]}
MORTAR_OBSERVER {"kind":"KIN_BD","call_id":15,"node":15,"entry":18,"row_node":1,"slave_slot":0,"value":-9.2592593538675061}
MORTAR_OBSERVER {"kind":"KIN_BD","call_id":15,"node":15,"entry":19,"row_node":2,"slave_slot":1,"value":-50.925942720941158}
MORTAR_OBSERVER {"kind":"KIN_BD","call_id":15,"node":15,"entry":20,"row_node":3,"slave_slot":2,"value":-1120.3713054995505}
MORTAR_OBSERVER {"kind":"KIN_BD","call_id":15,"node":15,"entry":21,"row_node":4,"slave_slot":3,"value":-50.925942720941208}
MORTAR_OBSERVER {"kind":"KIN_BD","call_id":15,"node":15,"entry":22,"row_node":17,"slave_slot":4,"value":-41.666797488145619}
MORTAR_OBSERVER {"kind":"KIN_BD","call_id":15,"node":15,"entry":23,"row_node":18,"slave_slot":5,"value":-458.33362403706082}
MORTAR_OBSERVER {"kind":"KIN_BD","call_id":15,"node":15,"entry":24,"row_node":19,"slave_slot":6,"value":-268.51884674778933}
MORTAR_OBSERVER {"kind":"KIN_BD","call_id":15,"node":15,"entry":25,"row_node":23,"slave_slot":7,"value":-458.33362403706025}
MORTAR_OBSERVER {"kind":"KIN_BD","call_id":15,"node":15,"entry":26,"row_node":24,"slave_slot":8,"value":-41.66679748814537}
MORTAR_OBSERVER {"kind":"KIN_NODE","call_id":15,"node":16,"dd_count":0,"bd_count":9,"b2":[0.025781550851937049,-0.0047371594106419323,0.017116477225279661],"vold":[-0.00067574320889696475,-5.7992863062893488e-06,-0.000437200876217891],"vini":[-2.8535390258651648e-05,2.4201626574321538e-05,-0.00010353950999474492]}
MORTAR_OBSERVER {"kind":"KIN_BD","call_id":15,"node":16,"entry":27,"row_node":1,"slave_slot":0,"value":-101.85205834211729}
MORTAR_OBSERVER {"kind":"KIN_BD","call_id":15,"node":16,"entry":28,"row_node":2,"slave_slot":1,"value":-4.6295740824066147}
MORTAR_OBSERVER {"kind":"KIN_BD","call_id":15,"node":16,"entry":29,"row_node":3,"slave_slot":2,"value":-101.85204740256266}
MORTAR_OBSERVER {"kind":"KIN_BD","call_id":15,"node":16,"entry":30,"row_node":4,"slave_slot":3,"value":-560.18582613200647}
MORTAR_OBSERVER {"kind":"KIN_BD","call_id":15,"node":16,"entry":31,"row_node":17,"slave_slot":4,"value":-41.666811757788196}
MORTAR_OBSERVER {"kind":"KIN_BD","call_id":15,"node":16,"entry":32,"row_node":18,"slave_slot":5,"value":-41.666791625993454}
MORTAR_OBSERVER {"kind":"KIN_BD","call_id":15,"node":16,"entry":33,"row_node":19,"slave_slot":6,"value":-731.48206889095377}
MORTAR_OBSERVER {"kind":"KIN_BD","call_id":15,"node":16,"entry":34,"row_node":23,"slave_slot":7,"value":-458.33376300392348}
MORTAR_OBSERVER {"kind":"KIN_BD","call_id":15,"node":16,"entry":35,"row_node":24,"slave_slot":8,"value":-458.33351049955786}
MORTAR_OBSERVER {"kind":"KIN_NODE","call_id":15,"node":17,"dd_count":6,"bd_count":0,"b2":[0.033489688414508723,0.0015143767285445728,0.060206524204708345],"vold":[0.13518135140212861,0.0021210536458413851,-0.059810462823567126],"vini":[-5.3690046458016392e-06,-2.2851020685450205e-05,-0.00010961044677868645]}
MORTAR_OBSERVER {"kind":"KIN_DD","call_id":15,"node":17,"entry":30,"row_node":1,"slave_slot":0,"value":2.4276877046305862e-13}
MORTAR_OBSERVER {"kind":"KIN_DD","call_id":15,"node":17,"entry":31,"row_node":2,"slave_slot":1,"value":-2.5461114951003707e-13}
MORTAR_OBSERVER {"kind":"KIN_DD","call_id":15,"node":17,"entry":32,"row_node":3,"slave_slot":2,"value":-6.5133084758381588e-14}
MORTAR_OBSERVER {"kind":"KIN_DD","call_id":15,"node":17,"entry":33,"row_node":17,"slave_slot":4,"value":1666.6680577780505}
MORTAR_OBSERVER {"kind":"KIN_DD","call_id":15,"node":17,"entry":34,"row_node":18,"slave_slot":5,"value":3.6618856459328738e-13}
MORTAR_OBSERVER {"kind":"KIN_DD","call_id":15,"node":17,"entry":35,"row_node":19,"slave_slot":6,"value":-1.2397490564805584e-13}
MORTAR_OBSERVER {"kind":"KIN_NODE","call_id":15,"node":18,"dd_count":6,"bd_count":0,"b2":[0.036510761321767823,0.0011838663788704689,0.098017119848787637],"vold":[0.13539584709871397,0.001963182217291041,-0.116128162465547],"vini":[2.3130538336491836e-05,-2.0816932734675867e-06,-0.00010820316598743466]}
MORTAR_OBSERVER {"kind":"KIN_DD","call_id":15,"node":18,"entry":36,"row_node":1,"slave_slot":0,"value":1.2286468261240163e-13}
MORTAR_OBSERVER {"kind":"KIN_DD","call_id":15,"node":18,"entry":37,"row_node":2,"slave_slot":1,"value":-2.3092639141608016e-13}
MORTAR_OBSERVER {"kind":"KIN_DD","call_id":15,"node":18,"entry":38,"row_node":3,"slave_slot":2,"value":-9.0298140233210834e-14}
MORTAR_OBSERVER {"kind":"KIN_DD","call_id":15,"node":18,"entry":39,"row_node":17,"slave_slot":4,"value":1.8947806475165551e-13}
MORTAR_OBSERVER {"kind":"KIN_DD","call_id":15,"node":18,"entry":40,"row_node":18,"slave_slot":5,"value":1666.6682518218884}
MORTAR_OBSERVER {"kind":"KIN_DD","call_id":15,"node":18,"entry":41,"row_node":19,"slave_slot":6,"value":-3.0207318428425546e-13}
MORTAR_OBSERVER {"kind":"KIN_NODE","call_id":15,"node":19,"dd_count":9,"bd_count":0,"b2":[0.035063752997873031,0.001636192807489186,0.05820958296663277],"vold":[0.13533936614067008,0.0020963451399209753,-0.058694966576300703],"vini":[-1.1041054726275674e-06,-1.1041054726048646e-06,-0.00010890228638792375]}
MORTAR_OBSERVER {"kind":"KIN_DD","call_id":15,"node":19,"entry":42,"row_node":1,"slave_slot":0,"value":2.871776918892279e-13}
MORTAR_OBSERVER {"kind":"KIN_DD","call_id":15,"node":19,"entry":43,"row_node":2,"slave_slot":1,"value":-5.9211895234892347e-14}
MORTAR_OBSERVER {"kind":"KIN_DD","call_id":15,"node":19,"entry":44,"row_node":3,"slave_slot":2,"value":2.8495724581791943e-13}
MORTAR_OBSERVER {"kind":"KIN_DD","call_id":15,"node":19,"entry":45,"row_node":4,"slave_slot":3,"value":-2.8421709712748327e-13}
MORTAR_OBSERVER {"kind":"KIN_DD","call_id":15,"node":19,"entry":46,"row_node":17,"slave_slot":4,"value":2.9605947617446172e-13}
MORTAR_OBSERVER {"kind":"KIN_DD","call_id":15,"node":19,"entry":47,"row_node":18,"slave_slot":5,"value":-1.501576655722348e-13}
MORTAR_OBSERVER {"kind":"KIN_DD","call_id":15,"node":19,"entry":48,"row_node":19,"slave_slot":6,"value":3333.3362651533125}
MORTAR_OBSERVER {"kind":"KIN_DD","call_id":15,"node":19,"entry":49,"row_node":23,"slave_slot":7,"value":1.807813176390307e-13}
MORTAR_OBSERVER {"kind":"KIN_DD","call_id":15,"node":19,"entry":50,"row_node":24,"slave_slot":8,"value":2.8810287775227309e-13}
MORTAR_OBSERVER {"kind":"KIN_NODE","call_id":15,"node":23,"dd_count":6,"bd_count":0,"b2":[0.03386529275294542,0.0036622437352523546,0.061242411618977852],"vold":[0.1356332703292053,0.001999201388946761,-0.057828419402939243],"vini":[-2.0816932735063558e-06,2.3130538336494764e-05,-0.00010820316598741581]}
MORTAR_OBSERVER {"kind":"KIN_DD","call_id":15,"node":23,"entry":51,"row_node":1,"slave_slot":0,"value":-8.2896653328849286e-14}
MORTAR_OBSERVER {"kind":"KIN_DD","call_id":15,"node":23,"entry":52,"row_node":3,"slave_slot":2,"value":-1.8059628046642167e-13}
MORTAR_OBSERVER {"kind":"KIN_DD","call_id":15,"node":23,"entry":53,"row_node":4,"slave_slot":3,"value":3.4194869498150328e-13}
MORTAR_OBSERVER {"kind":"KIN_DD","call_id":15,"node":23,"entry":54,"row_node":19,"slave_slot":6,"value":1.0658141142280622e-13}
MORTAR_OBSERVER {"kind":"KIN_DD","call_id":15,"node":23,"entry":55,"row_node":23,"slave_slot":7,"value":1666.6682518218884}
MORTAR_OBSERVER {"kind":"KIN_DD","call_id":15,"node":23,"entry":56,"row_node":24,"slave_slot":8,"value":-1.6866138283313867e-13}
MORTAR_OBSERVER {"kind":"KIN_NODE","call_id":15,"node":24,"dd_count":6,"bd_count":0,"b2":[0.041197425086676578,0.004364324634162078,0.022692998393185032],"vold":[0.13544230556065059,0.0023222516660492114,-0.00077563832550704898],"vini":[-2.2851020685498611e-05,-5.3690046456183201e-06,-0.00010961044677866738]}
MORTAR_OBSERVER {"kind":"KIN_DD","call_id":15,"node":24,"entry":57,"row_node":1,"slave_slot":0,"value":8.8373753638076831e-13}
MORTAR_OBSERVER {"kind":"KIN_DD","call_id":15,"node":24,"entry":58,"row_node":3,"slave_slot":2,"value":-1.6875390141944319e-13}
MORTAR_OBSERVER {"kind":"KIN_DD","call_id":15,"node":24,"entry":59,"row_node":4,"slave_slot":3,"value":5.3512750318533959e-13}
MORTAR_OBSERVER {"kind":"KIN_DD","call_id":15,"node":24,"entry":60,"row_node":19,"slave_slot":6,"value":-8.2896653328849286e-14}
MORTAR_OBSERVER {"kind":"KIN_DD","call_id":15,"node":24,"entry":61,"row_node":23,"slave_slot":7,"value":2.2500520189259093e-13}
MORTAR_OBSERVER {"kind":"KIN_DD","call_id":15,"node":24,"entry":62,"row_node":24,"slave_slot":8,"value":1666.6680577780487}
MORTAR_OBSERVER {"kind":"KIN_GAP","call_id":15,"pair":0,"slot":0,"node":1,"gap":-2.6424877266380005}
MORTAR_OBSERVER {"kind":"KIN_GAP","call_id":15,"pair":0,"slot":1,"node":2,"gap":-78.251330160855915}
MORTAR_OBSERVER {"kind":"KIN_GAP","call_id":15,"pair":0,"slot":2,"node":3,"gap":-153.60551306472325}
MORTAR_OBSERVER {"kind":"KIN_GAP","call_id":15,"pair":0,"slot":3,"node":4,"gap":0.00022871645742334606}
MORTAR_OBSERVER {"kind":"KIN_GAP","call_id":15,"pair":0,"slot":4,"node":17,"gap":-59.710340426559149}
MORTAR_OBSERVER {"kind":"KIN_GAP","call_id":15,"pair":0,"slot":5,"node":18,"gap":-116.239439694135}
MORTAR_OBSERVER {"kind":"KIN_GAP","call_id":15,"pair":0,"slot":6,"node":19,"gap":-117.12544745284903}
MORTAR_OBSERVER {"kind":"KIN_GAP","call_id":15,"pair":0,"slot":7,"node":23,"gap":-57.766457923543612}
MORTAR_OBSERVER {"kind":"KIN_GAP","call_id":15,"pair":0,"slot":8,"node":24,"gap":-0.012228716574144802}
MORTAR_OBSERVER {"kind":"INVENTORY","call_id":15,"pair_count":1,"slave_count":9}
MORTAR_OBSERVER {"kind":"PAIR","call_id":15,"pair":0,"start":0,"end":9}
MORTAR_OBSERVER {"kind":"PRE_RAW","call_id":15,"pair":0,"slot":0,"node":1,"activity":1,"lambda_raw":[0.57745663414841619,0.044715454756225216,1.1417068091360127],"lambda_start":[0.00050771518908920529,0.00050771518909969321,-0.013186514357202705],"ddtil_count":1}
MORTAR_OBSERVER {"kind":"DDTIL","call_id":15,"pair":0,"column_slot":0,"source_slot":0,"destination_slot":0,"entry":0,"value":1333.3343393655837}
MORTAR_OBSERVER {"kind":"PRE_RAW","call_id":15,"pair":0,"slot":1,"node":2,"activity":1,"lambda_raw":[0.61341928107554611,-0.04646103229590022,-2.0642433505437827],"lambda_start":[-6.5538309315043666e-05,0.00026092037294276585,-0.012777594587534601],"ddtil_count":1}
MORTAR_OBSERVER {"kind":"DDTIL","call_id":15,"pair":0,"column_slot":1,"source_slot":1,"destination_slot":1,"entry":1,"value":666.6672829657565}
MORTAR_OBSERVER {"kind":"PRE_RAW","call_id":15,"pair":0,"slot":2,"node":3,"activity":1,"lambda_raw":[0.62916154084106868,0.011375372897837121,-1.0410542067112081],"lambda_start":[0.00010155868155003408,0.00010155868154907331,-0.0125689875371119],"ddtil_count":1}
MORTAR_OBSERVER {"kind":"DDTIL","call_id":15,"pair":0,"column_slot":2,"source_slot":2,"destination_slot":2,"entry":2,"value":1333.33470804888}
MORTAR_OBSERVER {"kind":"PRE_RAW","call_id":15,"pair":0,"slot":3,"node":4,"activity":0,"lambda_raw":[4.1993036863016295e-15,2.5746048140158309e-15,-4.7242166470893327e-15],"lambda_start":[0.00026092037297979141,-6.5538309317234351e-05,-0.012777594587533964],"ddtil_count":1}
MORTAR_OBSERVER {"kind":"DDTIL","call_id":15,"pair":0,"column_slot":3,"source_slot":3,"destination_slot":3,"entry":3,"value":666.66728296575695}
MORTAR_OBSERVER {"kind":"PRE_RAW","call_id":15,"pair":0,"slot":4,"node":17,"activity":1,"lambda_raw":[0.30382217480738755,-0.023965781110567349,-0.33879191038216822],"lambda_start":[-0.0007365987945344057,-9.7040249850901462e-05,-0.011300302693721054],"ddtil_count":1}
MORTAR_OBSERVER {"kind":"DDTIL","call_id":15,"pair":0,"column_slot":4,"source_slot":4,"destination_slot":4,"entry":4,"value":1000.0008247327145}
MORTAR_OBSERVER {"kind":"PRE_RAW","call_id":15,"pair":0,"slot":5,"node":18,"activity":1,"lambda_raw":[0.72643297876815938,-0.01808626413620305,-1.8158969669852132],"lambda_start":[0.00031677884056088363,-0.00033175558754602565,-0.011646327674742232],"ddtil_count":1}
MORTAR_OBSERVER {"kind":"DDTIL","call_id":15,"pair":0,"column_slot":5,"source_slot":5,"destination_slot":5,"entry":5,"value":1000.0009411590161}
MORTAR_OBSERVER {"kind":"PRE_RAW","call_id":15,"pair":0,"slot":6,"node":19,"activity":1,"lambda_raw":[0.68022724425153347,0.014027261112389049,0.1343894311490334],"lambda_start":[-0.00016633402471439708,-0.00016633402470980207,-0.011364585339352794],"ddtil_count":1}
MORTAR_OBSERVER {"kind":"DDTIL","call_id":15,"pair":0,"column_slot":6,"source_slot":6,"destination_slot":6,"entry":6,"value":2000.0017392237551}
MORTAR_OBSERVER {"kind":"PRE_RAW","call_id":15,"pair":0,"slot":7,"node":23,"activity":1,"lambda_raw":[0.40269491988327666,0.18055099406786493,0.79647400801770174],"lambda_start":[-0.00033175558755821078,0.00031677884057350418,-0.011646327674742355],"ddtil_count":1}
MORTAR_OBSERVER {"kind":"DDTIL","call_id":15,"pair":0,"column_slot":7,"source_slot":7,"destination_slot":7,"entry":7,"value":1000.0009411590161}
MORTAR_OBSERVER {"kind":"PRE_RAW","call_id":15,"pair":0,"slot":8,"node":24,"activity":2,"lambda_raw":[-0.65600686585087931,-0.01105818959615699,2.2113955069069329],"lambda_start":[-9.7040249858331947e-05,-0.00073659879456435451,-0.011300302693717842],"ddtil_count":1}
MORTAR_OBSERVER {"kind":"DDTIL","call_id":15,"pair":0,"column_slot":8,"source_slot":8,"destination_slot":8,"entry":8,"value":1000.0008247327135}
MORTAR_OBSERVER {"kind":"LAW","call_id":15,"pair":0,"slot":0,"node":1,"activity":1,"ndof":3,"normal":[7.4139640564509083e-08,7.413964056489398e-08,-0.99999999999999456],"tangents":[0.99999999999999722,-5.4966863030631521e-15,7.4139640564508898e-08,-7.8886090522101181e-31,0.99999999999999734,7.4139640564894179e-08],"ln":-1522.2768326050129,"lt":[769.94287266561128,59.620764187884809],"lt_start":[0.6769527927045591,0.67695279271854691],"q":-0.15222768326039615,"ut":[188.25902397299149,3.7755528130957741],"gn":-0.15222768326050129,"gt":[7.6926591987290669,0.58943811395166268],"b":-456.68273436714259,"constant_n":10000000000,"constant_t":100,"mu":0.29999999999999999,"normal_mode":1,"tangent_mode":1,"normal_inverse_stiffness":0.0001,"tangent_inverse_stiffness":0.01,"p0":0,"beta":0,"iwan":1,"rn":-456.68304978150388,"rt":[180.56636477426241,3.1861146991441114]}
MORTAR_OBSERVER {"kind":"LAW","call_id":15,"pair":0,"slot":1,"node":2,"activity":1,"ndof":3,"normal":[6.8387805827692747e-08,-4.1027950443498291e-08,-0.99999999999999689],"tangents":[0.99999999999999767,2.8058115084381685e-15,6.8387805827692694e-08,-3.944304526105059e-31,0.99999999999999922,-4.102795044349839e-08],"ln":1376.163535124909,"lt":[408.9464713206383,-30.973993703323917],"lt_start":[-0.043692829156205842,0.17394742559283358],"q":0.13761635351247037,"ut":[94.409675122976381,0.92824559461476441],"gn":0.13761635351249091,"gt":[4.0899016414979448,-0.31147941128916751],"b":412.8489989200948,"constant_n":10000000000,"constant_t":100,"mu":0.29999999999999999,"normal_mode":1,"tangent_mode":1,"normal_inverse_stiffness":0.0001,"tangent_inverse_stiffness":0.01,"p0":0,"beta":0,"iwan":1,"rn":6.1617377866696188e-05,"rt":[90.319773481478435,1.239725005903932]}
MORTAR_OBSERVER {"kind":"LAW","call_id":15,"pair":0,"slot":2,"node":3,"activity":1,"ndof":3,"normal":[-4.5208292547312871e-08,-4.52082925469361e-08,-0.999999999999998],"tangents":[0.999999999999999,-2.0437897150263934e-15,-4.5208292547312824e-08,3.944304526105059e-31,0.999999999999999,-4.5208292546936146e-08],"ln":1388.0736681581975,"lt":[838.88298212535119,15.167242254126995],"lt_start":[0.13541247264507875,0.13541247264379797],"q":0.13880736681585404,"ut":[189.77348462008743,2.5991270919836476],"gn":0.13880736681581976,"gt":[8.387475696527062,0.15031829781483197],"b":416.42220328186687,"constant_n":10000000000,"constant_t":100,"mu":0.29999999999999999,"normal_mode":1,"tangent_mode":1,"normal_inverse_stiffness":0.0001,"tangent_inverse_stiffness":0.01,"p0":0,"beta":0,"iwan":1,"rn":-0.00010283440764169427,"rt":[181.38600892356038,2.4488087941688157]}
MORTAR_OBSERVER {"kind":"LAW","call_id":15,"pair":0,"slot":3,"node":4,"activity":0,"ndof":3,"normal":[-4.1027950443876154e-08,6.8387805828061921e-08,-0.99999999999999689],"tangents":[0.99999999999999922,2.8058115084791518e-15,-4.1027950443876068e-08,3.944304526105059e-31,0.99999999999999778,6.8387805828061987e-08],"ln":3.1494806787784702e-12,"lt":[2.7995385081115346e-12,1.7164045806844153e-12],"lt_start":[0.1739474256175173,-0.043692829157666827],"q":-16.042636429552179,"ut":[98.829124217366925,6.0074066446694623],"gn":3.1494806787784704e-16,"gt":[-0.0017394742561471777,0.00043692829159383231],"b":-48127909288.656532,"constant_n":10000000000,"constant_t":100,"mu":0.29999999999999999,"normal_mode":1,"tangent_mode":1,"normal_inverse_stiffness":0.0001,"tangent_inverse_stiffness":0.01,"p0":0,"beta":0,"iwan":1,"rn":9.4484420363354093e-13,"rt":[2.7995385081115346e-12,1.7164045806844153e-12]}
MORTAR_OBSERVER {"kind":"LAW","call_id":15,"pair":0,"slot":4,"node":17,"activity":1,"ndof":3,"normal":[7.2424004571337343e-08,1.5395559165892368e-08,-0.99999999999999734],"tangents":[0.99999999999999745,-1.1150080474088865e-15,7.2424004571337343e-08,-0,1,1.5395559165892408e-08],"ln":338.79221143000899,"lt":[303.82240084278664,-23.965806091826263],"lt_start":[-0.73660022044537588,-0.097040503857792323],"q":0.033879221142989024,"ut":[138.51948820818072,1.8918317088956651],"gn":0.033879221143000904,"gt":[3.0455900106323202,-0.23868765587968471],"b":101.63762779084361,"constant_n":10000000000,"constant_t":100,"mu":0.29999999999999999,"normal_mode":1,"tangent_mode":1,"normal_inverse_stiffness":0.0001,"tangent_inverse_stiffness":0.01,"p0":0,"beta":0,"iwan":1,"rn":3.5638159090467525e-05,"rt":[135.47389819754841,2.13051936477535]}
MORTAR_OBSERVER {"kind":"LAW","call_id":15,"pair":0,"slot":5,"node":18,"activity":1,"ndof":3,"normal":[1.196430858954852e-08,-4.3492668962924582e-08,-0.999999999999999],"tangents":[1,5.2035971285550893e-16,1.196430858954851e-08,-0,0.99999999999999911,-4.3492668962924588e-08],"ln":1815.898685510911,"lt":[726.4336407311348,-18.086202179973604],"lt_start":[0.31677899935975595,-0.33175539325043679],"q":0.18158986855114279,"ut":[142.99223914556876,1.7030681920908854],"gn":0.1815898685510911,"gt":[7.2611686173177512,-0.17754446786723169],"b":544.76976069591865,"constant_n":10000000000,"constant_t":100,"mu":0.29999999999999999,"normal_mode":1,"tangent_mode":1,"normal_inverse_stiffness":0.0001,"tangent_inverse_stiffness":0.01,"p0":0,"beta":0,"iwan":1,"rn":-0.0001550426453604814,"rt":[135.731070528251,1.8806126599581172]}
MORTAR_OBSERVER {"kind":"LAW","call_id":15,"pair":0,"slot":6,"node":19,"activity":1,"ndof":3,"normal":[1.446566586541265e-08,1.4465665865794023e-08,-0.99999999999999978],"tangents":[0.99999999999999989,-2.0925548893528156e-16,1.4465665865412648e-08,-0,0.99999999999999989,1.4465665865794025e-08],"ln":-268.77907594563294,"lt":[1360.4556754585174,28.054550509392435],"lt_start":[-0.33266866751375551,-0.33266866750456553],"q":-0.026877907594510475,"ut":[285.11954356192405,4.4389464406236883],"gn":-0.026877907594563294,"gt":[13.607883441260311,0.28387219176897005],"b":-80.633564327108687,"constant_n":10000000000,"constant_t":100,"mu":0.29999999999999999,"normal_mode":1,"tangent_mode":1,"normal_inverse_stiffness":0.0001,"tangent_inverse_stiffness":0.01,"p0":0,"beta":0,"iwan":1,"rn":-80.633722783689876,"rt":[271.51166012066375,4.1550742488547181]}
MORTAR_OBSERVER {"kind":"LAW","call_id":15,"pair":0,"slot":7,"node":23,"activity":1,"ndof":3,"normal":[-4.3492668963301889e-08,1.1964308589921484e-08,-0.999999999999999],"tangents":[0.99999999999999911,5.2035971287624483e-16,-4.3492668963301889e-08,-0,1,1.1964308589921497e-08],"ln":-796.47477298051808,"lt":[402.69526424241798,180.55117352433064],"lt_start":[-0.33175539326262177,0.31677899937237669],"q":-0.079647477298045999,"ut":[140.10313129151373,3.7218159523994268],"gn":-0.079647477298051814,"gt":[4.0302701963568062,1.8023439452495824],"b":-238.94241444977615,"constant_n":10000000000,"constant_t":100,"mu":0.29999999999999999,"normal_mode":1,"tangent_mode":1,"normal_inverse_stiffness":0.0001,"tangent_inverse_stiffness":0.01,"p0":0,"beta":0,"iwan":1,"rn":-238.94243189415542,"rt":[136.07286109515692,1.9194720071498443]}
MORTAR_OBSERVER {"kind":"LAW","call_id":15,"pair":0,"slot":8,"node":24,"activity":2,"ndof":3,"normal":[1.539555916551032e-08,7.2424004571714789e-08,-0.99999999999999734],"tangents":[0.99999999999999989,-1.1150080473870252e-15,1.5395559165510284e-08,-1.9721522630525295e-31,0.99999999999999745,7.2424004571714789e-08],"ln":-2211.3973416176241,"lt":[-656.00737283550325,-11.058038557957284],"lt_start":[-0.097040503865221894,-0.73660022047532414],"q":-0.22113973416179133,"ut":[152.91207064870588,4.8180459051250351],"gn":-0.22113973416176241,"gt":[-6.5591033233163811,-0.1032143833748196],"b":-663.4192892492166,"constant_n":10000000000,"constant_t":100,"mu":0.29999999999999999,"normal_mode":1,"tangent_mode":1,"normal_inverse_stiffness":0.0001,"tangent_inverse_stiffness":0.01,"p0":0,"beta":0,"iwan":1,"rn":-663.4192024852872,"rt":[7.0838432169626913,9.803230387092233]}
MORTAR_OBSERVER {"kind":"POST_RAW_AFTER_ACTIVE_LOOP","call_id":15,"pair":0,"slot":0,"node":1,"activity":0,"lambda_raw":[0,0,0],"gap":0.15222768326039615}
MORTAR_OBSERVER {"kind":"POST_RAW_AFTER_ACTIVE_LOOP","call_id":15,"pair":0,"slot":1,"node":2,"activity":2,"lambda_raw":[0.61341928107554611,-0.04646103229590022,-2.0642433505437827],"gap":-0.13761635351247037}
MORTAR_OBSERVER {"kind":"POST_RAW_AFTER_ACTIVE_LOOP","call_id":15,"pair":0,"slot":2,"node":3,"activity":2,"lambda_raw":[0.62916154084106868,0.011375372897837121,-1.0410542067112081],"gap":-0.13880736681585404}
MORTAR_OBSERVER {"kind":"POST_RAW_AFTER_ACTIVE_LOOP","call_id":15,"pair":0,"slot":3,"node":4,"activity":0,"lambda_raw":[0,0,0],"gap":16.042636429552179}
MORTAR_OBSERVER {"kind":"POST_RAW_AFTER_ACTIVE_LOOP","call_id":15,"pair":0,"slot":4,"node":17,"activity":2,"lambda_raw":[0.30382217480738755,-0.023965781110567349,-0.33879191038216822],"gap":-0.033879221142989024}
MORTAR_OBSERVER {"kind":"POST_RAW_AFTER_ACTIVE_LOOP","call_id":15,"pair":0,"slot":5,"node":18,"activity":2,"lambda_raw":[0.72643297876815938,-0.01808626413620305,-1.8158969669852132],"gap":-0.18158986855114279}
MORTAR_OBSERVER {"kind":"POST_RAW_AFTER_ACTIVE_LOOP","call_id":15,"pair":0,"slot":6,"node":19,"activity":0,"lambda_raw":[0,0,0],"gap":0.026877907594510475}
MORTAR_OBSERVER {"kind":"POST_RAW_AFTER_ACTIVE_LOOP","call_id":15,"pair":0,"slot":7,"node":23,"activity":0,"lambda_raw":[0,0,0],"gap":0.079647477298045999}
MORTAR_OBSERVER {"kind":"POST_RAW_AFTER_ACTIVE_LOOP","call_id":15,"pair":0,"slot":8,"node":24,"activity":0,"lambda_raw":[0,0,0],"gap":0.22113973416179133}
MORTAR_OBSERVER {"kind":"CFS_INVENTORY","call_id":15,"all_node_count":35,"physical_count":13}
MORTAR_OBSERVER {"kind":"CFS_NODE","call_id":15,"node":1,"force":[-101.27414430832857,7.9886004903760544,112.93073273631144]}
MORTAR_OBSERVER {"kind":"CFS_NODE","call_id":15,"node":2,"force":[65.52786095901908,-16.956689138305581,-657.93319944039195]}
MORTAR_OBSERVER {"kind":"CFS_NODE","call_id":15,"node":3,"force":[596.73835920681552,21.195940037495223,-782.77413305789707]}
MORTAR_OBSERVER {"kind":"CFS_NODE","call_id":15,"node":4,"force":[4.3959540400731846e-14,7.9479773001919598e-16,-7.2738496377409088e-14]}
MORTAR_OBSERVER {"kind":"CFS_NODE","call_id":15,"node":13,"force":[-206.58460727847407,13.99866498753601,345.70527349483302]}
MORTAR_OBSERVER {"kind":"CFS_NODE","call_id":15,"node":14,"force":[-879.91082249225974,44.14207282851153,2249.9599447925102]}
MORTAR_OBSERVER {"kind":"CFS_NODE","call_id":15,"node":15,"force":[-1081.7414488631462,-1.0904491796204656,2117.8938109774672]}
MORTAR_OBSERVER {"kind":"CFS_NODE","call_id":15,"node":16,"force":[-109.84869400905359,0.80866406056484019,205.36904921864658]}
MORTAR_OBSERVER {"kind":"CFS_NODE","call_id":15,"node":17,"force":[506.37071399613205,-39.943001856683168,-564.65365526756375]}
MORTAR_OBSERVER {"kind":"CFS_NODE","call_id":15,"node":18,"force":[1210.7227827892948,-30.143802229874449,-3026.497823453914]}
MORTAR_OBSERVER {"kind":"CFS_NODE","call_id":15,"node":19,"force":[1.2383237528367039e-13,1.6130353078379677e-15,-2.0598845175519641e-15]}
MORTAR_OBSERVER {"kind":"CFS_NODE","call_id":15,"node":23,"force":[-1.1362423408841965e-13,-2.0543500342679244e-15,1.8801051749596546e-13]}
MORTAR_OBSERVER {"kind":"CFS_NODE","call_id":15,"node":24,"force":[-1.0617346463999869e-13,-1.9196385566110114e-15,1.7568195897163983e-13]}
MORTAR_OBSERVER {"kind":"CFS_END","call_id":15,"scanned_nodes":35,"physical_count":13,"outside_nonzero_count":0}
MORTAR_OBSERVER {"kind":"SUMMARY_PRE_OVERRIDE","call_id":15,"ndiverg":14,"flag":1,"keepset":0,"max_n":663.4192024852872,"max_t":[271.51166012066375,9.803230387092233],"lm_t_av":[2278.0854950199109,88.19324422925078],"nstick":0,"nslip":4,"ninactive":5,"nnogap":0,"nolm":0}
MORTAR_OBSERVER {"kind":"SUMMARY_POST_OVERRIDE","call_id":15,"flag":1}
MORTAR_OBSERVER {"kind":"RETURN","call_id":15}
 Using up to 2 cpu(s) for the stress calculation.

 average force= 451.940015
 time avg. forc= 451.940015
 largest residual force= 3689.456612 in node 24 and dof 3
 largest increment of disp= 1.730781e-01
 largest correction to disp= 9.819049e-02 in node 2 and dof 3

MORTAR_OBSERVER {"kind":"PRE_CHECK","call_id":15,"step":2,"inc":1,"cutback":0,"iteration":7,"time":0.25,"dtime":0.25,"ttime":1,"tper":1,"theta":0,"dtheta":0.25,"icntrl":0,"nmethod":1,"iexpl":0,"ithermal":0,"uncoupled":0,"mortar":2,"iflagdualquad":2}
 no convergence

MORTAR_OBSERVER {"kind":"POST_CHECK","call_id":15,"step":2,"inc":1,"cutback":0,"iteration":8,"time":0.25,"dtime":0.25,"ttime":1,"tper":1,"theta":0,"dtheta":0.25,"icntrl":0,"nmethod":1,"iexpl":0,"ithermal":0,"uncoupled":0,"mortar":2,"iflagdualquad":2}
 iteration 8

 Determining the structure of the matrix:

 Using up to 2 cpu(s) for setting up the structure of the matrix.
 number of equations
 75
 number of nonzero lower triangular matrix elements
 1143

 Using up to 2 cpu(s) for the stress calculation.

 Using up to 2 cpu(s) for the symmetric stiffness/mass contributions.

 Using up to 2 cpu(s) for the stress calculation.

 Using up to 2 cpu(s) for the symmetric stiffness/mass contributions.

 Factoring the system of equations using the unsymmetric spooles solver
 Using 1 cpu for spooles.

MORTAR_OBSERVER {"kind":"BEGIN","call_id":16,"step":2,"inc":1,"cutback":0,"iteration":8,"time":0.25,"dtime":0.25,"ttime":1,"tper":1,"theta":0,"dtheta":0.25,"icntrl":0,"nmethod":1,"iexpl":0,"ithermal":0,"uncoupled":0,"mortar":2,"iflagdualquad":2}
MORTAR_OBSERVER {"kind":"KIN_INVENTORY","call_id":16,"all_node_count":35,"physical_count":13,"dd_count":63,"bd_count":36,"slave_count":9}
MORTAR_OBSERVER {"kind":"KIN_NODE","call_id":16,"node":1,"dd_count":9,"bd_count":0,"b2":[0.081077167774033496,-0.0094993036620289184,-0.020569233606591734],"vold":[0.16950050260661817,0.008587880430531887,0.019829013274814372],"vini":[-1.8651819129285558e-05,-1.8651819129203521e-05,-0.00011333255306067981]}
MORTAR_OBSERVER {"kind":"KIN_DD","call_id":16,"node":1,"entry":0,"row_node":1,"slave_slot":0,"value":1333.3343393655834}
MORTAR_OBSERVER {"kind":"KIN_DD","call_id":16,"node":1,"entry":1,"row_node":2,"slave_slot":1,"value":7.5199107760053208e-14}
MORTAR_OBSERVER {"kind":"KIN_DD","call_id":16,"node":1,"entry":2,"row_node":3,"slave_slot":2,"value":1.8518520025380737e-13}
MORTAR_OBSERVER {"kind":"KIN_DD","call_id":16,"node":1,"entry":3,"row_node":4,"slave_slot":3,"value":-1.2478906921415307e-13}
MORTAR_OBSERVER {"kind":"KIN_DD","call_id":16,"node":1,"entry":4,"row_node":17,"slave_slot":4,"value":-333.33361652266797}
MORTAR_OBSERVER {"kind":"KIN_DD","call_id":16,"node":1,"entry":5,"row_node":18,"slave_slot":5,"value":-1.2675047270840951e-14}
MORTAR_OBSERVER {"kind":"KIN_DD","call_id":16,"node":1,"entry":6,"row_node":19,"slave_slot":6,"value":-666.66726296477884}
MORTAR_OBSERVER {"kind":"KIN_DD","call_id":16,"node":1,"entry":7,"row_node":23,"slave_slot":7,"value":-3.7425618361670371e-13}
MORTAR_OBSERVER {"kind":"KIN_DD","call_id":16,"node":1,"entry":8,"row_node":24,"slave_slot":8,"value":-333.33361652266734}
MORTAR_OBSERVER {"kind":"KIN_NODE","call_id":16,"node":2,"dd_count":6,"bd_count":0,"b2":[0.079176028123609965,-0.00021081360884635594,0.018903599915746638],"vold":[0.17131495103992361,-0.0010470270976463206,-0.019051750857655661],"vini":[1.9409787070850799e-05,-2.1276020123634991e-05,-0.00010609014988737315]}
MORTAR_OBSERVER {"kind":"KIN_DD","call_id":16,"node":2,"entry":9,"row_node":1,"slave_slot":0,"value":3.2566523894461172e-15}
MORTAR_OBSERVER {"kind":"KIN_DD","call_id":16,"node":2,"entry":10,"row_node":2,"slave_slot":1,"value":666.66728296575661}
MORTAR_OBSERVER {"kind":"KIN_DD","call_id":16,"node":2,"entry":11,"row_node":3,"slave_slot":2,"value":6.661338919786186e-15}
MORTAR_OBSERVER {"kind":"KIN_DD","call_id":16,"node":2,"entry":12,"row_node":17,"slave_slot":4,"value":-333.33361652266825}
MORTAR_OBSERVER {"kind":"KIN_DD","call_id":16,"node":2,"entry":13,"row_node":18,"slave_slot":5,"value":-333.33365533143626}
MORTAR_OBSERVER {"kind":"KIN_DD","call_id":16,"node":2,"entry":14,"row_node":19,"slave_slot":6,"value":2.189914937235159e-13}
MORTAR_OBSERVER {"kind":"KIN_NODE","call_id":16,"node":3,"dd_count":9,"bd_count":0,"b2":[0.079464912706359567,-0.0079043483165563092,0.016770729854268456],"vold":[0.17127076544549361,0.0073086242767787636,-0.017138845366502384],"vini":[2.326667444963995e-05,2.3266674449668281e-05,-0.00011043941867480129]}
MORTAR_OBSERVER {"kind":"KIN_DD","call_id":16,"node":3,"entry":15,"row_node":1,"slave_slot":0,"value":2.0515994684268658e-14}
MORTAR_OBSERVER {"kind":"KIN_DD","call_id":16,"node":3,"entry":16,"row_node":2,"slave_slot":1,"value":1.0480968089501651e-13}
MORTAR_OBSERVER {"kind":"KIN_DD","call_id":16,"node":3,"entry":17,"row_node":3,"slave_slot":2,"value":1333.33470804888}
MORTAR_OBSERVER {"kind":"KIN_DD","call_id":16,"node":3,"entry":18,"row_node":4,"slave_slot":3,"value":-9.5257135799594381e-14}
MORTAR_OBSERVER {"kind":"KIN_DD","call_id":16,"node":3,"entry":19,"row_node":17,"slave_slot":4,"value":7.3644769849891522e-15}
MORTAR_OBSERVER {"kind":"KIN_DD","call_id":16,"node":3,"entry":20,"row_node":18,"slave_slot":5,"value":-333.33365533143655}
MORTAR_OBSERVER {"kind":"KIN_DD","call_id":16,"node":3,"entry":21,"row_node":19,"slave_slot":6,"value":-666.66726296477918}
MORTAR_OBSERVER {"kind":"KIN_DD","call_id":16,"node":3,"entry":22,"row_node":23,"slave_slot":7,"value":-333.3336553314362}
MORTAR_OBSERVER {"kind":"KIN_DD","call_id":16,"node":3,"entry":23,"row_node":24,"slave_slot":8,"value":-3.9320404721530813e-15}
MORTAR_OBSERVER {"kind":"KIN_NODE","call_id":16,"node":4,"dd_count":6,"bd_count":0,"b2":[0.07676795966685547,-0.0071146069053275047,-0.040070570966008343],"vold":[0.1739530249198048,0.0061207718181338078,0.038247059039095553],"vini":[-2.1276020123909488e-05,1.9409787070938233e-05,-0.00010609014988733541]}
MORTAR_OBSERVER {"kind":"KIN_DD","call_id":16,"node":4,"entry":24,"row_node":1,"slave_slot":0,"value":4.9650094869271167e-14}
MORTAR_OBSERVER {"kind":"KIN_DD","call_id":16,"node":4,"entry":25,"row_node":3,"slave_slot":2,"value":6.9870037418317637e-14}
MORTAR_OBSERVER {"kind":"KIN_DD","call_id":16,"node":4,"entry":26,"row_node":4,"slave_slot":3,"value":666.66728296575673}
MORTAR_OBSERVER {"kind":"KIN_DD","call_id":16,"node":4,"entry":27,"row_node":19,"slave_slot":6,"value":2.3074135077482704e-14}
MORTAR_OBSERVER {"kind":"KIN_DD","call_id":16,"node":4,"entry":28,"row_node":23,"slave_slot":7,"value":-333.33365533143649}
MORTAR_OBSERVER {"kind":"KIN_DD","call_id":16,"node":4,"entry":29,"row_node":24,"slave_slot":8,"value":-333.33361652266836}
MORTAR_OBSERVER {"kind":"KIN_NODE","call_id":16,"node":13,"dd_count":0,"bd_count":9,"b2":[-0.028219133680787652,-0.0075470049176556975,-0.024178368975960561],"vold":[0.02843904006573322,0.007598952507011752,0.024198442998562209],"vini":[-2.8066862268510173e-05,-2.8066862268525196e-05,-0.00011356992110190738]}
MORTAR_OBSERVER {"kind":"KIN_BD","call_id":16,"node":13,"entry":0,"row_node":1,"slave_slot":0,"value":-1120.3709633274834}
MORTAR_OBSERVER {"kind":"KIN_BD","call_id":16,"node":13,"entry":1,"row_node":2,"slave_slot":1,"value":-50.925940030402735}
MORTAR_OBSERVER {"kind":"KIN_BD","call_id":16,"node":13,"entry":2,"row_node":3,"slave_slot":2,"value":-9.259307744204996}
MORTAR_OBSERVER {"kind":"KIN_BD","call_id":16,"node":13,"entry":3,"row_node":4,"slave_slot":3,"value":-50.925940030402948}
MORTAR_OBSERVER {"kind":"KIN_BD","call_id":16,"node":13,"entry":4,"row_node":17,"slave_slot":4,"value":-458.33370498722149}
MORTAR_OBSERVER {"kind":"KIN_BD","call_id":16,"node":13,"entry":5,"row_node":18,"slave_slot":5,"value":-41.666762492038849}
MORTAR_OBSERVER {"kind":"KIN_BD","call_id":16,"node":13,"entry":6,"row_node":19,"slave_slot":6,"value":-268.51875469405724}
MORTAR_OBSERVER {"kind":"KIN_BD","call_id":16,"node":13,"entry":7,"row_node":23,"slave_slot":7,"value":-41.666762492038607}
MORTAR_OBSERVER {"kind":"KIN_BD","call_id":16,"node":13,"entry":8,"row_node":24,"slave_slot":8,"value":-458.33370498722223}
MORTAR_OBSERVER {"kind":"KIN_NODE","call_id":16,"node":14,"dd_count":0,"bd_count":9,"b2":[-0.029621500599617209,0.0042647672008291919,0.022814906922476577],"vold":[0.029899033658389276,-0.0042057521646675592,-0.022954872504541073],"vini":[2.4201626574401393e-05,-2.8535390258710365e-05,-0.00010353950999479019]}
MORTAR_OBSERVER {"kind":"KIN_BD","call_id":16,"node":14,"entry":9,"row_node":1,"slave_slot":0,"value":-101.85205834211705}
MORTAR_OBSERVER {"kind":"KIN_BD","call_id":16,"node":14,"entry":10,"row_node":2,"slave_slot":1,"value":-560.18582613200579}
MORTAR_OBSERVER {"kind":"KIN_BD","call_id":16,"node":14,"entry":11,"row_node":3,"slave_slot":2,"value":-101.8520474025626}
MORTAR_OBSERVER {"kind":"KIN_BD","call_id":16,"node":14,"entry":12,"row_node":4,"slave_slot":3,"value":-4.6295740824065685}
MORTAR_OBSERVER {"kind":"KIN_BD","call_id":16,"node":14,"entry":13,"row_node":17,"slave_slot":4,"value":-458.333510499559}
MORTAR_OBSERVER {"kind":"KIN_BD","call_id":16,"node":14,"entry":14,"row_node":18,"slave_slot":5,"value":-458.33376300392297}
MORTAR_OBSERVER {"kind":"KIN_BD","call_id":16,"node":14,"entry":15,"row_node":19,"slave_slot":6,"value":-731.482068890954}
MORTAR_OBSERVER {"kind":"KIN_BD","call_id":16,"node":14,"entry":16,"row_node":23,"slave_slot":7,"value":-41.666791625993497}
MORTAR_OBSERVER {"kind":"KIN_BD","call_id":16,"node":14,"entry":17,"row_node":24,"slave_slot":8,"value":-41.666811757788253}
MORTAR_OBSERVER {"kind":"KIN_NODE","call_id":16,"node":15,"dd_count":0,"bd_count":9,"b2":[-0.028853937440428298,-0.0070418734938464929,0.01946724032615884],"vold":[0.029205260701827541,0.0071274986544234559,-0.019901101378401533],"vini":[2.710682217014385e-05,2.7106822170201716e-05,-0.000110172262554128]}
MORTAR_OBSERVER {"kind":"KIN_BD","call_id":16,"node":15,"entry":18,"row_node":1,"slave_slot":0,"value":-9.2592593538675061}
MORTAR_OBSERVER {"kind":"KIN_BD","call_id":16,"node":15,"entry":19,"row_node":2,"slave_slot":1,"value":-50.925942720941158}
MORTAR_OBSERVER {"kind":"KIN_BD","call_id":16,"node":15,"entry":20,"row_node":3,"slave_slot":2,"value":-1120.3713054995505}
MORTAR_OBSERVER {"kind":"KIN_BD","call_id":16,"node":15,"entry":21,"row_node":4,"slave_slot":3,"value":-50.925942720941208}
MORTAR_OBSERVER {"kind":"KIN_BD","call_id":16,"node":15,"entry":22,"row_node":17,"slave_slot":4,"value":-41.666797488145619}
MORTAR_OBSERVER {"kind":"KIN_BD","call_id":16,"node":15,"entry":23,"row_node":18,"slave_slot":5,"value":-458.33362403706082}
MORTAR_OBSERVER {"kind":"KIN_BD","call_id":16,"node":15,"entry":24,"row_node":19,"slave_slot":6,"value":-268.51884674778933}
MORTAR_OBSERVER {"kind":"KIN_BD","call_id":16,"node":15,"entry":25,"row_node":23,"slave_slot":7,"value":-458.33362403706025}
MORTAR_OBSERVER {"kind":"KIN_BD","call_id":16,"node":15,"entry":26,"row_node":24,"slave_slot":8,"value":-41.66679748814537}
MORTAR_OBSERVER {"kind":"KIN_NODE","call_id":16,"node":16,"dd_count":0,"bd_count":9,"b2":[-0.024921110505314578,0.0047521387639132386,-0.016527022445614173],"vold":[0.025105807643040084,-0.0047429586969482216,0.016679276349061769],"vini":[-2.8535390258651648e-05,2.4201626574321538e-05,-0.00010353950999474492]}
MORTAR_OBSERVER {"kind":"KIN_BD","call_id":16,"node":16,"entry":27,"row_node":1,"slave_slot":0,"value":-101.85205834211729}
MORTAR_OBSERVER {"kind":"KIN_BD","call_id":16,"node":16,"entry":28,"row_node":2,"slave_slot":1,"value":-4.6295740824066147}
MORTAR_OBSERVER {"kind":"KIN_BD","call_id":16,"node":16,"entry":29,"row_node":3,"slave_slot":2,"value":-101.85204740256266}
MORTAR_OBSERVER {"kind":"KIN_BD","call_id":16,"node":16,"entry":30,"row_node":4,"slave_slot":3,"value":-560.18582613200647}
MORTAR_OBSERVER {"kind":"KIN_BD","call_id":16,"node":16,"entry":31,"row_node":17,"slave_slot":4,"value":-41.666811757788196}
MORTAR_OBSERVER {"kind":"KIN_BD","call_id":16,"node":16,"entry":32,"row_node":18,"slave_slot":5,"value":-41.666791625993454}
MORTAR_OBSERVER {"kind":"KIN_BD","call_id":16,"node":16,"entry":33,"row_node":19,"slave_slot":6,"value":-731.48206889095377}
MORTAR_OBSERVER {"kind":"KIN_BD","call_id":16,"node":16,"entry":34,"row_node":23,"slave_slot":7,"value":-458.33376300392348}
MORTAR_OBSERVER {"kind":"KIN_BD","call_id":16,"node":16,"entry":35,"row_node":24,"slave_slot":8,"value":-458.33351049955786}
MORTAR_OBSERVER {"kind":"KIN_NODE","call_id":16,"node":17,"dd_count":6,"bd_count":0,"b2":[0.081860741882079591,-0.0046966819731403984,-0.00061676263835334054],"vold":[0.16867103981663734,0.0036354303743859578,0.00039606138114121892],"vini":[-5.3690046458016392e-06,-2.2851020685450205e-05,-0.00010961044677868645]}
MORTAR_OBSERVER {"kind":"KIN_DD","call_id":16,"node":17,"entry":30,"row_node":1,"slave_slot":0,"value":2.4276877046305862e-13}
MORTAR_OBSERVER {"kind":"KIN_DD","call_id":16,"node":17,"entry":31,"row_node":2,"slave_slot":1,"value":-2.5461114951003707e-13}
MORTAR_OBSERVER {"kind":"KIN_DD","call_id":16,"node":17,"entry":32,"row_node":3,"slave_slot":2,"value":-6.5133084758381588e-14}
MORTAR_OBSERVER {"kind":"KIN_DD","call_id":16,"node":17,"entry":33,"row_node":17,"slave_slot":4,"value":1666.6680577780505}
MORTAR_OBSERVER {"kind":"KIN_DD","call_id":16,"node":17,"entry":34,"row_node":18,"slave_slot":5,"value":3.6618856459328738e-13}
MORTAR_OBSERVER {"kind":"KIN_DD","call_id":16,"node":17,"entry":35,"row_node":19,"slave_slot":6,"value":-1.2397490564805584e-13}
MORTAR_OBSERVER {"kind":"KIN_NODE","call_id":16,"node":18,"dd_count":6,"bd_count":0,"b2":[0.078766485746495252,-0.0040921457982276335,0.017851652074125087],"vold":[0.17190660842048178,0.0031470485961615099,-0.01811104261675936],"vini":[2.3130538336491836e-05,-2.0816932734675867e-06,-0.00010820316598743466]}
MORTAR_OBSERVER {"kind":"KIN_DD","call_id":16,"node":18,"entry":36,"row_node":1,"slave_slot":0,"value":1.2286468261240163e-13}
MORTAR_OBSERVER {"kind":"KIN_DD","call_id":16,"node":18,"entry":37,"row_node":2,"slave_slot":1,"value":-2.3092639141608016e-13}
MORTAR_OBSERVER {"kind":"KIN_DD","call_id":16,"node":18,"entry":38,"row_node":3,"slave_slot":2,"value":-9.0298140233210834e-14}
MORTAR_OBSERVER {"kind":"KIN_DD","call_id":16,"node":18,"entry":39,"row_node":17,"slave_slot":4,"value":1.8947806475165551e-13}
MORTAR_OBSERVER {"kind":"KIN_DD","call_id":16,"node":18,"entry":40,"row_node":18,"slave_slot":5,"value":1666.6682518218884}
MORTAR_OBSERVER {"kind":"KIN_DD","call_id":16,"node":18,"entry":41,"row_node":19,"slave_slot":6,"value":-3.0207318428425546e-13}
MORTAR_OBSERVER {"kind":"KIN_NODE","call_id":16,"node":19,"dd_count":9,"bd_count":0,"b2":[0.080321733853548655,-0.0047000806339125671,-0.00036994793814215915],"vold":[0.17040311913854311,0.0037325379474101614,-0.00048538360966793315],"vini":[-1.1041054726275674e-06,-1.1041054726048646e-06,-0.00010890228638792375]}
MORTAR_OBSERVER {"kind":"KIN_DD","call_id":16,"node":19,"entry":42,"row_node":1,"slave_slot":0,"value":2.871776918892279e-13}
MORTAR_OBSERVER {"kind":"KIN_DD","call_id":16,"node":19,"entry":43,"row_node":2,"slave_slot":1,"value":-5.9211895234892347e-14}
MORTAR_OBSERVER {"kind":"KIN_DD","call_id":16,"node":19,"entry":44,"row_node":3,"slave_slot":2,"value":2.8495724581791943e-13}
MORTAR_OBSERVER {"kind":"KIN_DD","call_id":16,"node":19,"entry":45,"row_node":4,"slave_slot":3,"value":-2.8421709712748327e-13}
MORTAR_OBSERVER {"kind":"KIN_DD","call_id":16,"node":19,"entry":46,"row_node":17,"slave_slot":4,"value":2.9605947617446172e-13}
MORTAR_OBSERVER {"kind":"KIN_DD","call_id":16,"node":19,"entry":47,"row_node":18,"slave_slot":5,"value":-1.501576655722348e-13}
MORTAR_OBSERVER {"kind":"KIN_DD","call_id":16,"node":19,"entry":48,"row_node":19,"slave_slot":6,"value":3333.3362651533125}
MORTAR_OBSERVER {"kind":"KIN_DD","call_id":16,"node":19,"entry":49,"row_node":23,"slave_slot":7,"value":1.807813176390307e-13}
MORTAR_OBSERVER {"kind":"KIN_DD","call_id":16,"node":19,"entry":50,"row_node":24,"slave_slot":8,"value":2.8810287775227309e-13}
MORTAR_OBSERVER {"kind":"KIN_NODE","call_id":16,"node":23,"dd_count":6,"bd_count":0,"b2":[0.081201649276558055,-0.0065419654500335038,-0.0046606356129736274],"vold":[0.16949856308215072,0.0056614451241991156,0.0034139922160386083],"vini":[-2.0816932735063558e-06,2.3130538336494764e-05,-0.00010820316598741581]}
MORTAR_OBSERVER {"kind":"KIN_DD","call_id":16,"node":23,"entry":51,"row_node":1,"slave_slot":0,"value":-8.2896653328849286e-14}
MORTAR_OBSERVER {"kind":"KIN_DD","call_id":16,"node":23,"entry":52,"row_node":3,"slave_slot":2,"value":-1.8059628046642167e-13}
MORTAR_OBSERVER {"kind":"KIN_DD","call_id":16,"node":23,"entry":53,"row_node":4,"slave_slot":3,"value":3.4194869498150328e-13}
MORTAR_OBSERVER {"kind":"KIN_DD","call_id":16,"node":23,"entry":54,"row_node":19,"slave_slot":6,"value":1.0658141142280622e-13}
MORTAR_OBSERVER {"kind":"KIN_DD","call_id":16,"node":23,"entry":55,"row_node":23,"slave_slot":7,"value":1666.6682518218884}
MORTAR_OBSERVER {"kind":"KIN_DD","call_id":16,"node":23,"entry":56,"row_node":24,"slave_slot":8,"value":-1.6866138283313867e-13}
MORTAR_OBSERVER {"kind":"KIN_NODE","call_id":16,"node":24,"dd_count":6,"bd_count":0,"b2":[0.074066905628177249,-0.0076610281786131679,-0.023219380245565302],"vold":[0.17663973064732719,0.0066865763002112895,0.021917360067677982],"vini":[-2.2851020685498611e-05,-5.3690046456183201e-06,-0.00010961044677866738]}
MORTAR_OBSERVER {"kind":"KIN_DD","call_id":16,"node":24,"entry":57,"row_node":1,"slave_slot":0,"value":8.8373753638076831e-13}
MORTAR_OBSERVER {"kind":"KIN_DD","call_id":16,"node":24,"entry":58,"row_node":3,"slave_slot":2,"value":-1.6875390141944319e-13}
MORTAR_OBSERVER {"kind":"KIN_DD","call_id":16,"node":24,"entry":59,"row_node":4,"slave_slot":3,"value":5.3512750318533959e-13}
MORTAR_OBSERVER {"kind":"KIN_DD","call_id":16,"node":24,"entry":60,"row_node":19,"slave_slot":6,"value":-8.2896653328849286e-14}
MORTAR_OBSERVER {"kind":"KIN_DD","call_id":16,"node":24,"entry":61,"row_node":23,"slave_slot":7,"value":2.2500520189259093e-13}
MORTAR_OBSERVER {"kind":"KIN_DD","call_id":16,"node":24,"entry":62,"row_node":24,"slave_slot":8,"value":1666.6680577780487}
MORTAR_OBSERVER {"kind":"KIN_GAP","call_id":16,"pair":0,"slot":0,"node":1,"gap":0.15222768326039615}
MORTAR_OBSERVER {"kind":"KIN_GAP","call_id":16,"pair":0,"slot":1,"node":2,"gap":-0.13761635351247037}
MORTAR_OBSERVER {"kind":"KIN_GAP","call_id":16,"pair":0,"slot":2,"node":3,"gap":-0.13880736681585404}
MORTAR_OBSERVER {"kind":"KIN_GAP","call_id":16,"pair":0,"slot":3,"node":4,"gap":16.042636429552179}
MORTAR_OBSERVER {"kind":"KIN_GAP","call_id":16,"pair":0,"slot":4,"node":17,"gap":-0.033879221142989024}
MORTAR_OBSERVER {"kind":"KIN_GAP","call_id":16,"pair":0,"slot":5,"node":18,"gap":-0.18158986855114279}
MORTAR_OBSERVER {"kind":"KIN_GAP","call_id":16,"pair":0,"slot":6,"node":19,"gap":0.026877907594510475}
MORTAR_OBSERVER {"kind":"KIN_GAP","call_id":16,"pair":0,"slot":7,"node":23,"gap":0.079647477298045999}
MORTAR_OBSERVER {"kind":"KIN_GAP","call_id":16,"pair":0,"slot":8,"node":24,"gap":0.22113973416179133}
MORTAR_OBSERVER {"kind":"INVENTORY","call_id":16,"pair_count":1,"slave_count":9}
MORTAR_OBSERVER {"kind":"PAIR","call_id":16,"pair":0,"start":0,"end":9}
MORTAR_OBSERVER {"kind":"PRE_RAW","call_id":16,"pair":0,"slot":0,"node":1,"activity":0,"lambda_raw":[2.9842772384830613e-15,-1.9930708699869015e-15,4.4337833257462626e-15],"lambda_start":[0.00050771518908920529,0.00050771518909969321,-0.013186514357202705],"ddtil_count":1}
MORTAR_OBSERVER {"kind":"DDTIL","call_id":16,"pair":0,"column_slot":0,"source_slot":0,"destination_slot":0,"entry":0,"value":1333.3343393655837}
MORTAR_OBSERVER {"kind":"PRE_RAW","call_id":16,"pair":0,"slot":1,"node":2,"activity":2,"lambda_raw":[0.0017727312893793649,0.023725904751695052,0.0095161424792623937],"lambda_start":[-6.5538309315043666e-05,0.00026092037294276585,-0.012777594587534601],"ddtil_count":1}
MORTAR_OBSERVER {"kind":"DDTIL","call_id":16,"pair":0,"column_slot":1,"source_slot":1,"destination_slot":1,"entry":1,"value":666.6672829657565}
MORTAR_OBSERVER {"kind":"PRE_RAW","call_id":16,"pair":0,"slot":2,"node":3,"activity":2,"lambda_raw":[0.011166568597703512,-0.0098900104841739642,-0.036759141880129367],"lambda_start":[0.00010155868155003408,0.00010155868154907331,-0.0125689875371119],"ddtil_count":1}
MORTAR_OBSERVER {"kind":"DDTIL","call_id":16,"pair":0,"column_slot":2,"source_slot":2,"destination_slot":2,"entry":2,"value":1333.33470804888}
MORTAR_OBSERVER {"kind":"PRE_RAW","call_id":16,"pair":0,"slot":3,"node":4,"activity":0,"lambda_raw":[7.1559358899262778e-16,-2.0946558441585457e-15,9.0953826987250069e-15],"lambda_start":[0.00026092037297979141,-6.5538309317234351e-05,-0.012777594587533964],"ddtil_count":1}
MORTAR_OBSERVER {"kind":"DDTIL","call_id":16,"pair":0,"column_slot":3,"source_slot":3,"destination_slot":3,"entry":3,"value":666.66728296575695}
MORTAR_OBSERVER {"kind":"PRE_RAW","call_id":16,"pair":0,"slot":4,"node":17,"activity":2,"lambda_raw":[0.012885239772972143,0.0044228251350680809,-0.041983281694611414],"lambda_start":[-0.0007365987945344057,-9.7040249850901462e-05,-0.011300302693721054],"ddtil_count":1}
MORTAR_OBSERVER {"kind":"DDTIL","call_id":16,"pair":0,"column_slot":4,"source_slot":4,"destination_slot":4,"entry":4,"value":1000.0008247327145}
MORTAR_OBSERVER {"kind":"PRE_RAW","call_id":16,"pair":0,"slot":5,"node":18,"activity":2,"lambda_raw":[0.010882848064612642,-7.7541835701122611e-05,-0.035348511555925416],"lambda_start":[0.00031677884056088363,-0.00033175558754602565,-0.011646327674742232],"ddtil_count":1}
MORTAR_OBSERVER {"kind":"DDTIL","call_id":16,"pair":0,"column_slot":5,"source_slot":5,"destination_slot":5,"entry":5,"value":1000.0009411590161}
MORTAR_OBSERVER {"kind":"PRE_RAW","call_id":16,"pair":0,"slot":6,"node":19,"activity":0,"lambda_raw":[2.1600480383072741e-15,1.5099020004614994e-15,-7.1054211786423495e-16],"lambda_start":[-0.00016633402471439708,-0.00016633402470980207,-0.011364585339352794],"ddtil_count":1}
MORTAR_OBSERVER {"kind":"DDTIL","call_id":16,"pair":0,"column_slot":6,"source_slot":6,"destination_slot":6,"entry":6,"value":2000.0017392237551}
MORTAR_OBSERVER {"kind":"PRE_RAW","call_id":16,"pair":0,"slot":7,"node":23,"activity":0,"lambda_raw":[5.6843365362162194e-16,-7.3896374970810854e-16,-1.0231805765189196e-15],"lambda_start":[-0.00033175558755821078,0.00031677884057350418,-0.011646327674742355],"ddtil_count":1}
MORTAR_OBSERVER {"kind":"DDTIL","call_id":16,"pair":0,"column_slot":7,"source_slot":7,"destination_slot":7,"entry":7,"value":1000.0009411590161}
MORTAR_OBSERVER {"kind":"PRE_RAW","call_id":16,"pair":0,"slot":8,"node":24,"activity":0,"lambda_raw":[-4.3200962704966897e-15,2.0268214821697049e-15,-5.0022167342593244e-15],"lambda_start":[-9.7040249858331947e-05,-0.00073659879456435451,-0.011300302693717842],"ddtil_count":1}
MORTAR_OBSERVER {"kind":"DDTIL","call_id":16,"pair":0,"column_slot":8,"source_slot":8,"destination_slot":8,"entry":8,"value":1000.0008247327135}
MORTAR_OBSERVER {"kind":"LAW","call_id":16,"pair":0,"slot":0,"node":1,"activity":0,"ndof":3,"normal":[7.4139640564509083e-08,7.413964056489398e-08,-0.99999999999999456],"tangents":[0.99999999999999722,-5.4966863030631521e-15,7.4139640564508898e-08,-7.8886090522101181e-31,0.99999999999999734,7.4139640564894179e-08],"ln":-5.9117154635403484e-12,"lt":[3.9790397585490314e-12,-2.6574293934503003e-12],"lt_start":[0.6769527927045591,0.67695279271854691],"q":1.00539189620183,"ut":[333.80033710353325,-1.2879377749118559],"gn":-5.9117154635403489e-16,"gt":[-0.0067695279270058011,-0.0067695279272120433],"b":3016175688.6054921,"constant_n":10000000000,"constant_t":100,"mu":0.29999999999999999,"normal_mode":1,"tangent_mode":1,"normal_inverse_stiffness":0.0001,"tangent_inverse_stiffness":0.01,"p0":0,"beta":0,"iwan":1,"rn":-3016175688.6054921,"rt":[3.9790397585490314e-12,-2.6574293934503003e-12]}
MORTAR_OBSERVER {"kind":"LAW","call_id":16,"pair":0,"slot":1,"node":2,"activity":2,"ndof":3,"normal":[6.8387805827692747e-08,-4.1027950443498291e-08,-0.99999999999999689],"tangents":[0.99999999999999767,2.8058115084381685e-15,6.8387805827692694e-08,-3.944304526105059e-31,0.99999999999999922,-4.102795044349839e-08],"ln":-6.3441014190934117,"lt":[1.1818223859781023,15.817284196431405],"lt_start":[-0.043692829156205842,0.17394742559283358],"q":-0.00063441014188100886,"ut":[166.80916146448757,-0.88040709695255714],"gn":-0.00063441014190934123,"gt":[0.01225515215134308,0.15643336770838573],"b":-1.9031454286145093,"constant_n":10000000000,"constant_t":100,"mu":0.29999999999999999,"normal_mode":1,"tangent_mode":1,"normal_inverse_stiffness":0.0001,"tangent_inverse_stiffness":0.01,"p0":0,"beta":0,"iwan":1,"rn":-1.9032304257280235,"rt":[3.0849414121159708,15.80725948654255]}
MORTAR_OBSERVER {"kind":"LAW","call_id":16,"pair":0,"slot":2,"node":3,"activity":2,"ndof":3,"normal":[-4.5208292547312871e-08,-4.52082925469361e-08,-0.999999999999998],"tangents":[0.999999999999999,-2.0437897150263934e-15,-4.5208292547312824e-08,3.944304526105059e-31,0.999999999999999,-4.5208292546936146e-08],"ln":49.012239629921453,"lt":[14.888775696886487,-13.18669202575677],"lt_start":[0.13541247264507875,0.13541247264379797],"q":0.0049012239629783738,"ut":[333.87050061117691,-0.89901216224430802],"gn":0.0049012239629921458,"gt":[0.14753363224241409,-0.13322104498400569],"b":14.703630573067407,"constant_n":10000000000,"constant_t":100,"mu":0.29999999999999999,"normal_mode":1,"tangent_mode":1,"normal_inverse_stiffness":0.0001,"tangent_inverse_stiffness":0.01,"p0":0,"beta":0,"iwan":1,"rn":4.1315909028227793e-05,"rt":[0.18519826784614324,-13.147159539648035]}
MORTAR_OBSERVER {"kind":"LAW","call_id":16,"pair":0,"slot":3,"node":4,"activity":0,"ndof":3,"normal":[-4.1027950443876154e-08,6.8387805828061921e-08,-0.99999999999999689],"tangents":[0.99999999999999922,2.8058115084791518e-15,-4.1027950443876068e-08,3.944304526105059e-31,0.99999999999999778,6.8387805828061987e-08],"ln":-6.0635941863650125e-12,"lt":[4.7706258490458832e-13,-1.3964381056976247e-12],"lt_start":[0.1739474256175173,-0.043692829157666827],"q":1.278599965744089,"ut":[167.01189970085642,-0.67454266385189277],"gn":-6.0635941863650132e-16,"gt":[-0.0017394742561704024,0.00043692829156270389],"b":3835799897.2322688,"constant_n":10000000000,"constant_t":100,"mu":0.29999999999999999,"normal_mode":1,"tangent_mode":1,"normal_inverse_stiffness":0.0001,"tangent_inverse_stiffness":0.01,"p0":0,"beta":0,"iwan":1,"rn":-3835799897.2322688,"rt":[4.7706258490458832e-13,-1.3964381056976247e-12]}
MORTAR_OBSERVER {"kind":"LAW","call_id":16,"pair":0,"slot":4,"node":17,"activity":2,"ndof":3,"normal":[7.2424004571337343e-08,1.5395559165892368e-08,-0.99999999999999734],"tangents":[0.99999999999999745,-1.1150080474088865e-15,7.2424004571337343e-08,-0,1,1.5395559165892408e-08],"ln":41.983317320890528,"lt":[12.885247359250986,4.4228281363600299],"lt_start":[-0.73660022044537588,-0.097040503857792323],"q":0.0041983317320893887,"ut":[250.28733537914783,-1.0995027577333996],"gn":0.004198331732089053,"gt":[0.13621847579696361,0.045198686402178223],"b":12.594996203274135,"constant_n":10000000000,"constant_t":100,"mu":0.29999999999999999,"normal_mode":1,"tangent_mode":1,"normal_inverse_stiffness":0.0001,"tangent_inverse_stiffness":0.01,"p0":0,"beta":0,"iwan":1,"rn":-1.0070069773604473e-06,"rt":[0.29037290583768538,4.4782074036620365]}
MORTAR_OBSERVER {"kind":"LAW","call_id":16,"pair":0,"slot":5,"node":18,"activity":2,"ndof":3,"normal":[1.196430858954852e-08,-4.3492668962924582e-08,-0.999999999999999],"tangents":[1,5.2035971285550893e-16,1.196430858954851e-08,-0,0.99999999999999911,-4.3492668962924588e-08],"ln":35.348544958074115,"lt":[10.88285788418232,-0.077540371277761963],"lt_start":[0.31677899935975595,-0.33175539325043679],"q":0.0035348544958133943,"ut":[250.40492176666959,-1.0228312264547663],"gn":0.0035348544958074117,"gt":[0.10566078884822565,0.002542150219726748],"b":10.604581435304999,"constant_n":10000000000,"constant_t":100,"mu":0.29999999999999999,"normal_mode":1,"tangent_mode":1,"normal_inverse_stiffness":0.0001,"tangent_inverse_stiffness":0.01,"p0":0,"beta":0,"iwan":1,"rn":-1.7947882763991174e-05,"rt":[0.27836548823594853,-0.034084159627442698]}
MORTAR_OBSERVER {"kind":"LAW","call_id":16,"pair":0,"slot":6,"node":19,"activity":0,"ndof":3,"normal":[1.446566586541265e-08,1.4465665865794023e-08,-0.99999999999999978],"tangents":[0.99999999999999989,-2.0925548893528156e-16,1.4465665865412648e-08,-0,0.99999999999999989,1.4465665865794025e-08],"ln":1.4210855776968342e-12,"lt":[4.3200998128644587e-12,3.0198066064234778e-12],"lt_start":[-0.33266866751375551,-0.33266866750456553],"q":2.0083980368572019,"ut":[501.05287713587092,-2.303874703243098],"gn":1.4210855776968343e-16,"gt":[0.0033266866751807561,0.0033266866750758534],"b":6025194110.5716047,"constant_n":10000000000,"constant_t":100,"mu":0.29999999999999999,"normal_mode":1,"tangent_mode":1,"normal_inverse_stiffness":0.0001,"tangent_inverse_stiffness":0.01,"p0":0,"beta":0,"iwan":1,"rn":-6025194110.5716047,"rt":[4.3200998128644587e-12,3.0198066064234778e-12]}
MORTAR_OBSERVER {"kind":"LAW","call_id":16,"pair":0,"slot":7,"node":23,"activity":0,"ndof":3,"normal":[-4.3492668963301889e-08,1.1964308589921484e-08,-0.999999999999999],"tangents":[0.99999999999999911,5.2035971287624483e-16,-4.3492668963301889e-08,-0,1,1.1964308589921497e-08],"ln":1.0231815059306246e-12,"lt":[5.6843423310897508e-13,-7.3896445743216374e-13],"lt_start":[-0.33175539326262177,0.31677899937237669],"q":1.2122479065411318,"ut":[250.41861666631291,-0.9889250881702053],"gn":1.0231815059306247e-16,"gt":[0.0033175539326319023,-0.0031677899937311567],"b":3636743719.6233954,"constant_n":10000000000,"constant_t":100,"mu":0.29999999999999999,"normal_mode":1,"tangent_mode":1,"normal_inverse_stiffness":0.0001,"tangent_inverse_stiffness":0.01,"p0":0,"beta":0,"iwan":1,"rn":-3636743719.6233954,"rt":[5.6843423310897508e-13,-7.3896445743216374e-13]}
MORTAR_OBSERVER {"kind":"LAW","call_id":16,"pair":0,"slot":8,"node":24,"activity":0,"ndof":3,"normal":[1.539555916551032e-08,7.2424004571714789e-08,-0.99999999999999734],"tangents":[0.99999999999999989,-1.1150080473870252e-15,1.5395559165510284e-08,-1.9721522630525295e-31,0.99999999999999745,7.2424004571714789e-08],"ln":5.0022209400313886e-12,"lt":[-4.3200999104333976e-12,2.0268227914748141e-12],"lt_start":[-0.097040503865221894,-0.73660022047532414],"q":1.3696877029904109,"ut":[250.53437400523231,-1.0156749230419542],"gn":5.0022209400313885e-16,"gt":[0.00097040503860901792,0.0073660022047735097],"b":4109063108.971231,"constant_n":10000000000,"constant_t":100,"mu":0.29999999999999999,"normal_mode":1,"tangent_mode":1,"normal_inverse_stiffness":0.0001,"tangent_inverse_stiffness":0.01,"p0":0,"beta":0,"iwan":1,"rn":-4109063108.971231,"rt":[-4.3200999104333976e-12,2.0268227914748141e-12]}
MORTAR_OBSERVER {"kind":"POST_RAW_AFTER_ACTIVE_LOOP","call_id":16,"pair":0,"slot":0,"node":1,"activity":1,"lambda_raw":[2.9842772384830613e-15,-1.9930708699869015e-15,4.4337833257462626e-15],"gap":-1.00539189620183}
MORTAR_OBSERVER {"kind":"POST_RAW_AFTER_ACTIVE_LOOP","call_id":16,"pair":0,"slot":1,"node":2,"activity":0,"lambda_raw":[0,0,0],"gap":0.00063441014188100886}
MORTAR_OBSERVER {"kind":"POST_RAW_AFTER_ACTIVE_LOOP","call_id":16,"pair":0,"slot":2,"node":3,"activity":2,"lambda_raw":[0.011166568597703512,-0.0098900104841739642,-0.036759141880129367],"gap":-0.0049012239629783738}
MORTAR_OBSERVER {"kind":"POST_RAW_AFTER_ACTIVE_LOOP","call_id":16,"pair":0,"slot":3,"node":4,"activity":1,"lambda_raw":[7.1559358899262778e-16,-2.0946558441585457e-15,9.0953826987250069e-15],"gap":-1.278599965744089}
MORTAR_OBSERVER {"kind":"POST_RAW_AFTER_ACTIVE_LOOP","call_id":16,"pair":0,"slot":4,"node":17,"activity":2,"lambda_raw":[0.012885239772972143,0.0044228251350680809,-0.041983281694611414],"gap":-0.0041983317320893887}
MORTAR_OBSERVER {"kind":"POST_RAW_AFTER_ACTIVE_LOOP","call_id":16,"pair":0,"slot":5,"node":18,"activity":2,"lambda_raw":[0.010882848064612642,-7.7541835701122611e-05,-0.035348511555925416],"gap":-0.0035348544958133943}
MORTAR_OBSERVER {"kind":"POST_RAW_AFTER_ACTIVE_LOOP","call_id":16,"pair":0,"slot":6,"node":19,"activity":1,"lambda_raw":[2.1600480383072741e-15,1.5099020004614994e-15,-7.1054211786423495e-16],"gap":-2.0083980368572019}
MORTAR_OBSERVER {"kind":"POST_RAW_AFTER_ACTIVE_LOOP","call_id":16,"pair":0,"slot":7,"node":23,"activity":1,"lambda_raw":[5.6843365362162194e-16,-7.3896374970810854e-16,-1.0231805765189196e-15],"gap":-1.2122479065411318}
MORTAR_OBSERVER {"kind":"POST_RAW_AFTER_ACTIVE_LOOP","call_id":16,"pair":0,"slot":8,"node":24,"activity":1,"lambda_raw":[-4.3200962704966897e-15,2.0268214821697049e-15,-5.0022167342593244e-15],"gap":-1.3696877029904109}
MORTAR_OBSERVER {"kind":"CFS_INVENTORY","call_id":16,"all_node_count":35,"physical_count":13}
MORTAR_OBSERVER {"kind":"CFS_NODE","call_id":16,"node":1,"force":[-4.295083573282545,-1.4742762975239423,13.994439120762793]}
MORTAR_OBSERVER {"kind":"CFS_NODE","call_id":16,"node":2,"force":[-7.9227030990805076,-1.4484289939842372,25.777287688216894]}
MORTAR_OBSERVER {"kind":"CFS_NODE","call_id":16,"node":3,"force":[11.26115395533119,-13.16084693798185,-37.229391139406687]}
MORTAR_OBSERVER {"kind":"CFS_NODE","call_id":16,"node":4,"force":[1.7283982882428399e-12,-1.8264157826259523e-12,8.0694932249701731e-12]}
MORTAR_OBSERVER {"kind":"CFS_NODE","call_id":16,"node":13,"force":[-6.4625874254351023,-1.9323242627475898,21.055575289139387]}
MORTAR_OBSERVER {"kind":"CFS_NODE","call_id":16,"node":14,"force":[-12.031051758567731,-0.98427111248932975,39.187755060650808]}
MORTAR_OBSERVER {"kind":"CFS_NODE","call_id":16,"node":15,"force":[-18.035564907265346,10.931739028901218,59.134608079284476]}
MORTAR_OBSERVER {"kind":"CFS_NODE","call_id":16,"node":16,"force":[-2.127678096817788,0.82626371381556984,6.9661624218835323]}
MORTAR_OBSERVER {"kind":"CFS_NODE","call_id":16,"node":17,"force":[21.475417546423973,7.3713813777558634,-69.972194561106804]}
MORTAR_OBSERVER {"kind":"CFS_NODE","call_id":16,"node":18,"force":[18.138097358691173,-0.12923651575104839,-58.914241959420039]}
MORTAR_OBSERVER {"kind":"CFS_NODE","call_id":16,"node":19,"force":[7.2055291094731545e-12,5.0315139276109028e-12,-2.3860722916343891e-12]}
MORTAR_OBSERVER {"kind":"CFS_NODE","call_id":16,"node":23,"force":[9.453736830039601e-13,-1.2298213217785458e-12,-1.6986640184682073e-12]}
MORTAR_OBSERVER {"kind":"CFS_NODE","call_id":16,"node":24,"force":[-7.2020508625792374e-12,3.3797076010048885e-12,-8.3308316004677307e-12]}
MORTAR_OBSERVER {"kind":"CFS_END","call_id":16,"scanned_nodes":35,"physical_count":13,"outside_nonzero_count":0}
MORTAR_OBSERVER {"kind":"SUMMARY_PRE_OVERRIDE","call_id":16,"ndiverg":14,"flag":1,"keepset":0,"max_n":6025194110.5716047,"max_t":[3.0849414121159708,15.80725948654255],"lm_t_av":[38.656880940333458,17.687060533404399],"nstick":5,"nslip":3,"ninactive":1,"nnogap":0,"nolm":0}
MORTAR_OBSERVER {"kind":"SUMMARY_POST_OVERRIDE","call_id":16,"flag":1}
MORTAR_OBSERVER {"kind":"RETURN","call_id":16}
 Using up to 2 cpu(s) for the stress calculation.

 average force= 6.839894
 time avg. forc= 6.839894
 largest residual force= 15.626241 in node 2 and dof 2
 largest increment of disp= 1.730781e-01
 largest correction to disp= 8.325846e-02 in node 23 and dof 1

MORTAR_OBSERVER {"kind":"PRE_CHECK","call_id":16,"step":2,"inc":1,"cutback":0,"iteration":8,"time":0.25,"dtime":0.25,"ttime":1,"tper":1,"theta":0,"dtheta":0.25,"icntrl":0,"nmethod":1,"iexpl":0,"ithermal":0,"uncoupled":0,"mortar":2,"iflagdualquad":2}
 no convergence

MORTAR_OBSERVER {"kind":"POST_CHECK","call_id":16,"step":2,"inc":1,"cutback":0,"iteration":9,"time":0.25,"dtime":0.25,"ttime":1,"tper":1,"theta":0,"dtheta":0.25,"icntrl":0,"nmethod":1,"iexpl":0,"ithermal":0,"uncoupled":0,"mortar":2,"iflagdualquad":2}
 iteration 9

 Determining the structure of the matrix:

 Using up to 2 cpu(s) for setting up the structure of the matrix.
 number of equations
 75
 number of nonzero lower triangular matrix elements
 1143

 Using up to 2 cpu(s) for the stress calculation.

 Using up to 2 cpu(s) for the symmetric stiffness/mass contributions.

 Using up to 2 cpu(s) for the stress calculation.

 Using up to 2 cpu(s) for the symmetric stiffness/mass contributions.

 Factoring the system of equations using the unsymmetric spooles solver
 Using 1 cpu for spooles.

MORTAR_OBSERVER {"kind":"BEGIN","call_id":17,"step":2,"inc":1,"cutback":0,"iteration":9,"time":0.25,"dtime":0.25,"ttime":1,"tper":1,"theta":0,"dtheta":0.25,"icntrl":0,"nmethod":1,"iexpl":0,"ithermal":0,"uncoupled":0,"mortar":2,"iflagdualquad":2}
MORTAR_OBSERVER {"kind":"KIN_INVENTORY","call_id":17,"all_node_count":35,"physical_count":13,"dd_count":63,"bd_count":36,"slave_count":9}
MORTAR_OBSERVER {"kind":"KIN_NODE","call_id":17,"node":1,"dd_count":9,"bd_count":0,"b2":[-0.00030327537237235971,0.00022587530018655343,0.00072905947375068246],"vold":[0.25057767038065165,-0.00091142323149703136,-0.00074022033177736229],"vini":[-1.8651819129285558e-05,-1.8651819129203521e-05,-0.00011333255306067981]}
MORTAR_OBSERVER {"kind":"KIN_DD","call_id":17,"node":1,"entry":0,"row_node":1,"slave_slot":0,"value":1333.3343393655834}
MORTAR_OBSERVER {"kind":"KIN_DD","call_id":17,"node":1,"entry":1,"row_node":2,"slave_slot":1,"value":7.5199107760053208e-14}
MORTAR_OBSERVER {"kind":"KIN_DD","call_id":17,"node":1,"entry":2,"row_node":3,"slave_slot":2,"value":1.8518520025380737e-13}
MORTAR_OBSERVER {"kind":"KIN_DD","call_id":17,"node":1,"entry":3,"row_node":4,"slave_slot":3,"value":-1.2478906921415307e-13}
MORTAR_OBSERVER {"kind":"KIN_DD","call_id":17,"node":1,"entry":4,"row_node":17,"slave_slot":4,"value":-333.33361652266797}
MORTAR_OBSERVER {"kind":"KIN_DD","call_id":17,"node":1,"entry":5,"row_node":18,"slave_slot":5,"value":-1.2675047270840951e-14}
MORTAR_OBSERVER {"kind":"KIN_DD","call_id":17,"node":1,"entry":6,"row_node":19,"slave_slot":6,"value":-666.66726296477884}
MORTAR_OBSERVER {"kind":"KIN_DD","call_id":17,"node":1,"entry":7,"row_node":23,"slave_slot":7,"value":-3.7425618361670371e-13}
MORTAR_OBSERVER {"kind":"KIN_DD","call_id":17,"node":1,"entry":8,"row_node":24,"slave_slot":8,"value":-333.33361652266734}
MORTAR_OBSERVER {"kind":"KIN_NODE","call_id":17,"node":2,"dd_count":6,"bd_count":0,"b2":[-0.00016699538592732671,0.0006321135966553612,0.0003621872191033709],"vold":[0.25049097916353358,-0.0012578407064926765,-0.00014815094190902267],"vini":[1.9409787070850799e-05,-2.1276020123634991e-05,-0.00010609014988737315]}
MORTAR_OBSERVER {"kind":"KIN_DD","call_id":17,"node":2,"entry":9,"row_node":1,"slave_slot":0,"value":3.2566523894461172e-15}
MORTAR_OBSERVER {"kind":"KIN_DD","call_id":17,"node":2,"entry":10,"row_node":2,"slave_slot":1,"value":666.66728296575661}
MORTAR_OBSERVER {"kind":"KIN_DD","call_id":17,"node":2,"entry":11,"row_node":3,"slave_slot":2,"value":6.661338919786186e-15}
MORTAR_OBSERVER {"kind":"KIN_DD","call_id":17,"node":2,"entry":12,"row_node":17,"slave_slot":4,"value":-333.33361652266825}
MORTAR_OBSERVER {"kind":"KIN_DD","call_id":17,"node":2,"entry":13,"row_node":18,"slave_slot":5,"value":-333.33365533143626}
MORTAR_OBSERVER {"kind":"KIN_DD","call_id":17,"node":2,"entry":14,"row_node":19,"slave_slot":6,"value":2.189914937235159e-13}
MORTAR_OBSERVER {"kind":"KIN_NODE","call_id":17,"node":3,"dd_count":9,"bd_count":0,"b2":[-0.00057594526317557456,0.00012069722969236714,0.00017270322817207343],"vold":[0.25073567815185316,-0.00059572403977754557,-0.00036811551223392761],"vini":[2.326667444963995e-05,2.3266674449668281e-05,-0.00011043941867480129]}
MORTAR_OBSERVER {"kind":"KIN_DD","call_id":17,"node":3,"entry":15,"row_node":1,"slave_slot":0,"value":2.0515994684268658e-14}
MORTAR_OBSERVER {"kind":"KIN_DD","call_id":17,"node":3,"entry":16,"row_node":2,"slave_slot":1,"value":1.0480968089501651e-13}
MORTAR_OBSERVER {"kind":"KIN_DD","call_id":17,"node":3,"entry":17,"row_node":3,"slave_slot":2,"value":1333.33470804888}
MORTAR_OBSERVER {"kind":"KIN_DD","call_id":17,"node":3,"entry":18,"row_node":4,"slave_slot":3,"value":-9.5257135799594381e-14}
MORTAR_OBSERVER {"kind":"KIN_DD","call_id":17,"node":3,"entry":19,"row_node":17,"slave_slot":4,"value":7.3644769849891522e-15}
MORTAR_OBSERVER {"kind":"KIN_DD","call_id":17,"node":3,"entry":20,"row_node":18,"slave_slot":5,"value":-333.33365533143655}
MORTAR_OBSERVER {"kind":"KIN_DD","call_id":17,"node":3,"entry":21,"row_node":19,"slave_slot":6,"value":-666.66726296477918}
MORTAR_OBSERVER {"kind":"KIN_DD","call_id":17,"node":3,"entry":22,"row_node":23,"slave_slot":7,"value":-333.3336553314362}
MORTAR_OBSERVER {"kind":"KIN_DD","call_id":17,"node":3,"entry":23,"row_node":24,"slave_slot":8,"value":-3.9320404721530813e-15}
MORTAR_OBSERVER {"kind":"KIN_NODE","call_id":17,"node":4,"dd_count":6,"bd_count":0,"b2":[-0.00043783700226553347,0.00035382404818256425,0.0014729260944698348],"vold":[0.25072098458666026,-0.00099383508719369691,-0.0018235119269127895],"vini":[-2.1276020123909488e-05,1.9409787070938233e-05,-0.00010609014988733541]}
MORTAR_OBSERVER {"kind":"KIN_DD","call_id":17,"node":4,"entry":24,"row_node":1,"slave_slot":0,"value":4.9650094869271167e-14}
MORTAR_OBSERVER {"kind":"KIN_DD","call_id":17,"node":4,"entry":25,"row_node":3,"slave_slot":2,"value":6.9870037418317637e-14}
MORTAR_OBSERVER {"kind":"KIN_DD","call_id":17,"node":4,"entry":26,"row_node":4,"slave_slot":3,"value":666.66728296575673}
MORTAR_OBSERVER {"kind":"KIN_DD","call_id":17,"node":4,"entry":27,"row_node":19,"slave_slot":6,"value":2.3074135077482704e-14}
MORTAR_OBSERVER {"kind":"KIN_DD","call_id":17,"node":4,"entry":28,"row_node":23,"slave_slot":7,"value":-333.33365533143649}
MORTAR_OBSERVER {"kind":"KIN_DD","call_id":17,"node":4,"entry":29,"row_node":24,"slave_slot":8,"value":-333.33361652266836}
MORTAR_OBSERVER {"kind":"KIN_NODE","call_id":17,"node":13,"dd_count":0,"bd_count":9,"b2":[-0.00030800266164633715,0.00017443630620830679,-6.5943463521263122e-06],"vold":[0.00021990638494556736,5.1947589356054515e-05,2.0074022601648117e-05],"vini":[-2.8066862268510173e-05,-2.8066862268525196e-05,-0.00011356992110190738]}
MORTAR_OBSERVER {"kind":"KIN_BD","call_id":17,"node":13,"entry":0,"row_node":1,"slave_slot":0,"value":-1120.3709633274834}
MORTAR_OBSERVER {"kind":"KIN_BD","call_id":17,"node":13,"entry":1,"row_node":2,"slave_slot":1,"value":-50.925940030402735}
MORTAR_OBSERVER {"kind":"KIN_BD","call_id":17,"node":13,"entry":2,"row_node":3,"slave_slot":2,"value":-9.259307744204996}
MORTAR_OBSERVER {"kind":"KIN_BD","call_id":17,"node":13,"entry":3,"row_node":4,"slave_slot":3,"value":-50.925940030402948}
MORTAR_OBSERVER {"kind":"KIN_BD","call_id":17,"node":13,"entry":4,"row_node":17,"slave_slot":4,"value":-458.33370498722149}
MORTAR_OBSERVER {"kind":"KIN_BD","call_id":17,"node":13,"entry":5,"row_node":18,"slave_slot":5,"value":-41.666762492038849}
MORTAR_OBSERVER {"kind":"KIN_BD","call_id":17,"node":13,"entry":6,"row_node":19,"slave_slot":6,"value":-268.51875469405724}
MORTAR_OBSERVER {"kind":"KIN_BD","call_id":17,"node":13,"entry":7,"row_node":23,"slave_slot":7,"value":-41.666762492038607}
MORTAR_OBSERVER {"kind":"KIN_BD","call_id":17,"node":13,"entry":8,"row_node":24,"slave_slot":8,"value":-458.33370498722223}
MORTAR_OBSERVER {"kind":"KIN_NODE","call_id":17,"node":14,"dd_count":0,"bd_count":9,"b2":[-0.00043564059692013739,0.00016522309345650944,0.00028151034256230568],"vold":[0.00027753305877206702,5.9015036161632652e-05,-0.00013996558206449614],"vini":[2.4201626574401393e-05,-2.8535390258710365e-05,-0.00010353950999479019]}
MORTAR_OBSERVER {"kind":"KIN_BD","call_id":17,"node":14,"entry":9,"row_node":1,"slave_slot":0,"value":-101.85205834211705}
MORTAR_OBSERVER {"kind":"KIN_BD","call_id":17,"node":14,"entry":10,"row_node":2,"slave_slot":1,"value":-560.18582613200579}
MORTAR_OBSERVER {"kind":"KIN_BD","call_id":17,"node":14,"entry":11,"row_node":3,"slave_slot":2,"value":-101.8520474025626}
MORTAR_OBSERVER {"kind":"KIN_BD","call_id":17,"node":14,"entry":12,"row_node":4,"slave_slot":3,"value":-4.6295740824065685}
MORTAR_OBSERVER {"kind":"KIN_BD","call_id":17,"node":14,"entry":13,"row_node":17,"slave_slot":4,"value":-458.333510499559}
MORTAR_OBSERVER {"kind":"KIN_BD","call_id":17,"node":14,"entry":14,"row_node":18,"slave_slot":5,"value":-458.33376300392297}
MORTAR_OBSERVER {"kind":"KIN_BD","call_id":17,"node":14,"entry":15,"row_node":19,"slave_slot":6,"value":-731.482068890954}
MORTAR_OBSERVER {"kind":"KIN_BD","call_id":17,"node":14,"entry":16,"row_node":23,"slave_slot":7,"value":-41.666791625993497}
MORTAR_OBSERVER {"kind":"KIN_BD","call_id":17,"node":14,"entry":17,"row_node":24,"slave_slot":8,"value":-41.666811757788253}
MORTAR_OBSERVER {"kind":"KIN_NODE","call_id":17,"node":15,"dd_count":0,"bd_count":9,"b2":[-0.00032375470560534395,0.00012020455448536817,0.00022750547626416764],"vold":[0.00035132326139924314,8.5625160576962948e-05,-0.00043386105224269347],"vini":[2.710682217014385e-05,2.7106822170201716e-05,-0.000110172262554128]}
MORTAR_OBSERVER {"kind":"KIN_BD","call_id":17,"node":15,"entry":18,"row_node":1,"slave_slot":0,"value":-9.2592593538675061}
MORTAR_OBSERVER {"kind":"KIN_BD","call_id":17,"node":15,"entry":19,"row_node":2,"slave_slot":1,"value":-50.925942720941158}
MORTAR_OBSERVER {"kind":"KIN_BD","call_id":17,"node":15,"entry":20,"row_node":3,"slave_slot":2,"value":-1120.3713054995505}
MORTAR_OBSERVER {"kind":"KIN_BD","call_id":17,"node":15,"entry":21,"row_node":4,"slave_slot":3,"value":-50.925942720941208}
MORTAR_OBSERVER {"kind":"KIN_BD","call_id":17,"node":15,"entry":22,"row_node":17,"slave_slot":4,"value":-41.666797488145619}
MORTAR_OBSERVER {"kind":"KIN_BD","call_id":17,"node":15,"entry":23,"row_node":18,"slave_slot":5,"value":-458.33362403706082}
MORTAR_OBSERVER {"kind":"KIN_BD","call_id":17,"node":15,"entry":24,"row_node":19,"slave_slot":6,"value":-268.51884674778933}
MORTAR_OBSERVER {"kind":"KIN_BD","call_id":17,"node":15,"entry":25,"row_node":23,"slave_slot":7,"value":-458.33362403706025}
MORTAR_OBSERVER {"kind":"KIN_BD","call_id":17,"node":15,"entry":26,"row_node":24,"slave_slot":8,"value":-41.66679748814537}
MORTAR_OBSERVER {"kind":"KIN_NODE","call_id":17,"node":16,"dd_count":0,"bd_count":9,"b2":[-0.00038411616949300827,0.00033848276404229653,-0.00054746387452935875],"vold":[0.00018469713772550564,9.1800669650169905e-06,0.00015225390344759601],"vini":[-2.8535390258651648e-05,2.4201626574321538e-05,-0.00010353950999474492]}
MORTAR_OBSERVER {"kind":"KIN_BD","call_id":17,"node":16,"entry":27,"row_node":1,"slave_slot":0,"value":-101.85205834211729}
MORTAR_OBSERVER {"kind":"KIN_BD","call_id":17,"node":16,"entry":28,"row_node":2,"slave_slot":1,"value":-4.6295740824066147}
MORTAR_OBSERVER {"kind":"KIN_BD","call_id":17,"node":16,"entry":29,"row_node":3,"slave_slot":2,"value":-101.85204740256266}
MORTAR_OBSERVER {"kind":"KIN_BD","call_id":17,"node":16,"entry":30,"row_node":4,"slave_slot":3,"value":-560.18582613200647}
MORTAR_OBSERVER {"kind":"KIN_BD","call_id":17,"node":16,"entry":31,"row_node":17,"slave_slot":4,"value":-41.666811757788196}
MORTAR_OBSERVER {"kind":"KIN_BD","call_id":17,"node":16,"entry":32,"row_node":18,"slave_slot":5,"value":-41.666791625993454}
MORTAR_OBSERVER {"kind":"KIN_BD","call_id":17,"node":16,"entry":33,"row_node":19,"slave_slot":6,"value":-731.48206889095377}
MORTAR_OBSERVER {"kind":"KIN_BD","call_id":17,"node":16,"entry":34,"row_node":23,"slave_slot":7,"value":-458.33376300392348}
MORTAR_OBSERVER {"kind":"KIN_BD","call_id":17,"node":16,"entry":35,"row_node":24,"slave_slot":8,"value":-458.33351049955786}
MORTAR_OBSERVER {"kind":"KIN_NODE","call_id":17,"node":17,"dd_count":6,"bd_count":0,"b2":[-0.00021868398606028524,0.0003891819062300341,0.00028888824979531193],"vold":[0.25053178169871693,-0.0010612515987544406,-0.00022070125721212162],"vini":[-5.3690046458016392e-06,-2.2851020685450205e-05,-0.00010961044677868645]}
MORTAR_OBSERVER {"kind":"KIN_DD","call_id":17,"node":17,"entry":30,"row_node":1,"slave_slot":0,"value":2.4276877046305862e-13}
MORTAR_OBSERVER {"kind":"KIN_DD","call_id":17,"node":17,"entry":31,"row_node":2,"slave_slot":1,"value":-2.5461114951003707e-13}
MORTAR_OBSERVER {"kind":"KIN_DD","call_id":17,"node":17,"entry":32,"row_node":3,"slave_slot":2,"value":-6.5133084758381588e-14}
MORTAR_OBSERVER {"kind":"KIN_DD","call_id":17,"node":17,"entry":33,"row_node":17,"slave_slot":4,"value":1666.6680577780505}
MORTAR_OBSERVER {"kind":"KIN_DD","call_id":17,"node":17,"entry":34,"row_node":18,"slave_slot":5,"value":3.6618856459328738e-13}
MORTAR_OBSERVER {"kind":"KIN_DD","call_id":17,"node":17,"entry":35,"row_node":19,"slave_slot":6,"value":-1.2397490564805584e-13}
MORTAR_OBSERVER {"kind":"KIN_NODE","call_id":17,"node":18,"dd_count":6,"bd_count":0,"b2":[-0.00037745776837421602,0.00036310803770907014,0.00023503605393597354],"vold":[0.25067309416697703,-0.00094509720206612359,-0.00025939054263427255],"vini":[2.3130538336491836e-05,-2.0816932734675867e-06,-0.00010820316598743466]}
MORTAR_OBSERVER {"kind":"KIN_DD","call_id":17,"node":18,"entry":36,"row_node":1,"slave_slot":0,"value":1.2286468261240163e-13}
MORTAR_OBSERVER {"kind":"KIN_DD","call_id":17,"node":18,"entry":37,"row_node":2,"slave_slot":1,"value":-2.3092639141608016e-13}
MORTAR_OBSERVER {"kind":"KIN_DD","call_id":17,"node":18,"entry":38,"row_node":3,"slave_slot":2,"value":-9.0298140233210834e-14}
MORTAR_OBSERVER {"kind":"KIN_DD","call_id":17,"node":18,"entry":39,"row_node":17,"slave_slot":4,"value":1.8947806475165551e-13}
MORTAR_OBSERVER {"kind":"KIN_DD","call_id":17,"node":18,"entry":40,"row_node":18,"slave_slot":5,"value":1666.6682518218884}
MORTAR_OBSERVER {"kind":"KIN_DD","call_id":17,"node":18,"entry":41,"row_node":19,"slave_slot":6,"value":-3.0207318428425546e-13}
MORTAR_OBSERVER {"kind":"KIN_NODE","call_id":17,"node":19,"dd_count":9,"bd_count":0,"b2":[-0.00042505444669858536,0.00026238230435539459,0.00074168511075375758],"vold":[0.2507248529920918,-0.00096754268650240576,-0.00085533154781009229],"vini":[-1.1041054726275674e-06,-1.1041054726048646e-06,-0.00010890228638792375]}
MORTAR_OBSERVER {"kind":"KIN_DD","call_id":17,"node":19,"entry":42,"row_node":1,"slave_slot":0,"value":2.871776918892279e-13}
MORTAR_OBSERVER {"kind":"KIN_DD","call_id":17,"node":19,"entry":43,"row_node":2,"slave_slot":1,"value":-5.9211895234892347e-14}
MORTAR_OBSERVER {"kind":"KIN_DD","call_id":17,"node":19,"entry":44,"row_node":3,"slave_slot":2,"value":2.8495724581791943e-13}
MORTAR_OBSERVER {"kind":"KIN_DD","call_id":17,"node":19,"entry":45,"row_node":4,"slave_slot":3,"value":-2.8421709712748327e-13}
MORTAR_OBSERVER {"kind":"KIN_DD","call_id":17,"node":19,"entry":46,"row_node":17,"slave_slot":4,"value":2.9605947617446172e-13}
MORTAR_OBSERVER {"kind":"KIN_DD","call_id":17,"node":19,"entry":47,"row_node":18,"slave_slot":5,"value":-1.501576655722348e-13}
MORTAR_OBSERVER {"kind":"KIN_DD","call_id":17,"node":19,"entry":48,"row_node":19,"slave_slot":6,"value":3333.3362651533125}
MORTAR_OBSERVER {"kind":"KIN_DD","call_id":17,"node":19,"entry":49,"row_node":23,"slave_slot":7,"value":1.807813176390307e-13}
MORTAR_OBSERVER {"kind":"KIN_DD","call_id":17,"node":19,"entry":50,"row_node":24,"slave_slot":8,"value":2.8810287775227309e-13}
MORTAR_OBSERVER {"kind":"KIN_NODE","call_id":17,"node":23,"dd_count":6,"bd_count":0,"b2":[-0.00044826148645551805,0.00026270875880316565,0.00097389934373308374],"vold":[0.25070021235870876,-0.0008805203258343882,-0.0012466433969350191],"vini":[-2.0816932735063558e-06,2.3130538336494764e-05,-0.00010820316598741581]}
MORTAR_OBSERVER {"kind":"KIN_DD","call_id":17,"node":23,"entry":51,"row_node":1,"slave_slot":0,"value":-8.2896653328849286e-14}
MORTAR_OBSERVER {"kind":"KIN_DD","call_id":17,"node":23,"entry":52,"row_node":3,"slave_slot":2,"value":-1.8059628046642167e-13}
MORTAR_OBSERVER {"kind":"KIN_DD","call_id":17,"node":23,"entry":53,"row_node":4,"slave_slot":3,"value":3.4194869498150328e-13}
MORTAR_OBSERVER {"kind":"KIN_DD","call_id":17,"node":23,"entry":54,"row_node":19,"slave_slot":6,"value":1.0658141142280622e-13}
MORTAR_OBSERVER {"kind":"KIN_DD","call_id":17,"node":23,"entry":55,"row_node":23,"slave_slot":7,"value":1666.6682518218884}
MORTAR_OBSERVER {"kind":"KIN_DD","call_id":17,"node":23,"entry":56,"row_node":24,"slave_slot":8,"value":-1.6866138283313867e-13}
MORTAR_OBSERVER {"kind":"KIN_NODE","call_id":17,"node":24,"dd_count":6,"bd_count":0,"b2":[-0.00040165695934896444,0.00028038448024613871,0.0011212416151781886],"vold":[0.25070663627550444,-0.00097445187840187845,-0.0013020201778873204],"vini":[-2.2851020685498611e-05,-5.3690046456183201e-06,-0.00010961044677866738]}
MORTAR_OBSERVER {"kind":"KIN_DD","call_id":17,"node":24,"entry":57,"row_node":1,"slave_slot":0,"value":8.8373753638076831e-13}
MORTAR_OBSERVER {"kind":"KIN_DD","call_id":17,"node":24,"entry":58,"row_node":3,"slave_slot":2,"value":-1.6875390141944319e-13}
MORTAR_OBSERVER {"kind":"KIN_DD","call_id":17,"node":24,"entry":59,"row_node":4,"slave_slot":3,"value":5.3512750318533959e-13}
MORTAR_OBSERVER {"kind":"KIN_DD","call_id":17,"node":24,"entry":60,"row_node":19,"slave_slot":6,"value":-8.2896653328849286e-14}
MORTAR_OBSERVER {"kind":"KIN_DD","call_id":17,"node":24,"entry":61,"row_node":23,"slave_slot":7,"value":2.2500520189259093e-13}
MORTAR_OBSERVER {"kind":"KIN_DD","call_id":17,"node":24,"entry":62,"row_node":24,"slave_slot":8,"value":1666.6680577780487}
MORTAR_OBSERVER {"kind":"KIN_GAP","call_id":17,"pair":0,"slot":0,"node":1,"gap":-1.00539189620183}
MORTAR_OBSERVER {"kind":"KIN_GAP","call_id":17,"pair":0,"slot":1,"node":2,"gap":0.00063441014188100886}
MORTAR_OBSERVER {"kind":"KIN_GAP","call_id":17,"pair":0,"slot":2,"node":3,"gap":-0.0049012239629783738}
MORTAR_OBSERVER {"kind":"KIN_GAP","call_id":17,"pair":0,"slot":3,"node":4,"gap":-1.278599965744089}
MORTAR_OBSERVER {"kind":"KIN_GAP","call_id":17,"pair":0,"slot":4,"node":17,"gap":-0.0041983317320893887}
MORTAR_OBSERVER {"kind":"KIN_GAP","call_id":17,"pair":0,"slot":5,"node":18,"gap":-0.0035348544958133943}
MORTAR_OBSERVER {"kind":"KIN_GAP","call_id":17,"pair":0,"slot":6,"node":19,"gap":-2.0083980368572019}
MORTAR_OBSERVER {"kind":"KIN_GAP","call_id":17,"pair":0,"slot":7,"node":23,"gap":-1.2122479065411318}
MORTAR_OBSERVER {"kind":"KIN_GAP","call_id":17,"pair":0,"slot":8,"node":24,"gap":-1.3696877029904109}
MORTAR_OBSERVER {"kind":"INVENTORY","call_id":17,"pair_count":1,"slave_count":9}
MORTAR_OBSERVER {"kind":"PAIR","call_id":17,"pair":0,"start":0,"end":9}
MORTAR_OBSERVER {"kind":"PRE_RAW","call_id":17,"pair":0,"slot":0,"node":1,"activity":1,"lambda_raw":[0.0020401340302035301,0.0039988108666992404,-0.0070677974179126262],"lambda_start":[0.00050771518908920529,0.00050771518909969321,-0.013186514357202705],"ddtil_count":1}
MORTAR_OBSERVER {"kind":"DDTIL","call_id":17,"pair":0,"column_slot":0,"source_slot":0,"destination_slot":0,"entry":0,"value":1333.3343393655837}
MORTAR_OBSERVER {"kind":"PRE_RAW","call_id":17,"pair":0,"slot":1,"node":2,"activity":0,"lambda_raw":[-1.4654930377321688e-17,6.3948787101040086e-17,-6.6613319896916756e-18],"lambda_start":[-6.5538309315043666e-05,0.00026092037294276585,-0.012777594587534601],"ddtil_count":1}
MORTAR_OBSERVER {"kind":"DDTIL","call_id":17,"pair":0,"column_slot":1,"source_slot":1,"destination_slot":1,"entry":1,"value":666.6672829657565}
MORTAR_OBSERVER {"kind":"PRE_RAW","call_id":17,"pair":0,"slot":2,"node":3,"activity":2,"lambda_raw":[0.0053335776994002815,-2.2209760144182791e-05,-0.017787491096149664],"lambda_start":[0.00010155868155003408,0.00010155868154907331,-0.0125689875371119],"ddtil_count":1}
MORTAR_OBSERVER {"kind":"DDTIL","call_id":17,"pair":0,"column_slot":2,"source_slot":2,"destination_slot":2,"entry":2,"value":1333.33470804888}
MORTAR_OBSERVER {"kind":"PRE_RAW","call_id":17,"pair":0,"slot":3,"node":4,"activity":1,"lambda_raw":[-0.0063787794067218006,0.0045749954015707594,-0.037803112773460289],"lambda_start":[0.00026092037297979141,-6.5538309317234351e-05,-0.012777594587533964],"ddtil_count":1}
MORTAR_OBSERVER {"kind":"DDTIL","call_id":17,"pair":0,"column_slot":3,"source_slot":3,"destination_slot":3,"entry":3,"value":666.66728296575695}
MORTAR_OBSERVER {"kind":"PRE_RAW","call_id":17,"pair":0,"slot":4,"node":17,"activity":2,"lambda_raw":[-0.0025845980377416787,1.8176415054132932e-05,0.0086170166735026182],"lambda_start":[-0.0007365987945344057,-9.7040249850901462e-05,-0.011300302693721054],"ddtil_count":1}
MORTAR_OBSERVER {"kind":"DDTIL","call_id":17,"pair":0,"column_slot":4,"source_slot":4,"destination_slot":4,"entry":4,"value":1000.0008247327145}
MORTAR_OBSERVER {"kind":"PRE_RAW","call_id":17,"pair":0,"slot":5,"node":18,"activity":2,"lambda_raw":[0.00095396716727541326,4.6457167547588499e-06,-0.0031798002633037334],"lambda_start":[0.00031677884056088363,-0.00033175558754602565,-0.011646327674742232],"ddtil_count":1}
MORTAR_OBSERVER {"kind":"DDTIL","call_id":17,"pair":0,"column_slot":5,"source_slot":5,"destination_slot":5,"entry":5,"value":1000.0009411590161}
MORTAR_OBSERVER {"kind":"PRE_RAW","call_id":17,"pair":0,"slot":6,"node":19,"activity":1,"lambda_raw":[-0.0030712539722919626,0.0097995669457316414,-0.010331974874122534],"lambda_start":[-0.00016633402471439708,-0.00016633402470980207,-0.011364585339352794],"ddtil_count":1}
MORTAR_OBSERVER {"kind":"DDTIL","call_id":17,"pair":0,"column_slot":6,"source_slot":6,"destination_slot":6,"entry":6,"value":2000.0017392237551}
MORTAR_OBSERVER {"kind":"PRE_RAW","call_id":17,"pair":0,"slot":7,"node":23,"activity":1,"lambda_raw":[-0.0053748653425147314,0.0055290018669869791,-0.024315274121537035],"lambda_start":[-0.00033175558755821078,0.00031677884057350418,-0.011646327674742355],"ddtil_count":1}
MORTAR_OBSERVER {"kind":"DDTIL","call_id":17,"pair":0,"column_slot":7,"source_slot":7,"destination_slot":7,"entry":7,"value":1000.0009411590161}
MORTAR_OBSERVER {"kind":"PRE_RAW","call_id":17,"pair":0,"slot":8,"node":24,"activity":1,"lambda_raw":[-0.0073527776663259003,0.0027093777535449836,-0.02211542283206645],"lambda_start":[-9.7040249858331947e-05,-0.00073659879456435451,-0.011300302693717842],"ddtil_count":1}
MORTAR_OBSERVER {"kind":"DDTIL","call_id":17,"pair":0,"column_slot":8,"source_slot":8,"destination_slot":8,"entry":8,"value":1000.0008247327135}
MORTAR_OBSERVER {"kind":"LAW","call_id":17,"pair":0,"slot":0,"node":1,"activity":1,"ndof":3,"normal":[7.4139640564509083e-08,7.413964056489398e-08,-0.99999999999999456],"tangents":[0.99999999999999722,-5.4966863030631521e-15,7.4139640564508898e-08,-7.8886090522101181e-31,0.99999999999999734,7.4139640564894179e-08],"ln":9.423737597949648,"lt":[2.7201800607061584,5.3317511465258605],"lt_start":[0.6769527927045591,0.67695279271854691],"q":0.00094237375979466798,"ut":[333.82753859125626,-1.2346202622457054],"gn":0.00094237375979496483,"gt":[0.020432272680015996,0.046547983538073136],"b":2.8271203888212297,"constant_n":10000000000,"constant_t":100,"mu":0.29999999999999999,"normal_mode":1,"tangent_mode":1,"normal_inverse_stiffness":0.0001,"tangent_inverse_stiffness":0.01,"p0":0,"beta":0,"iwan":1,"rn":8.9056366459061564e-07,"rt":[333.80710631857625,-1.2811682457837785]}
MORTAR_OBSERVER {"kind":"LAW","call_id":17,"pair":0,"slot":1,"node":2,"activity":0,"ndof":3,"normal":[6.8387805827692747e-08,-4.1027950443498291e-08,-0.99999999999999689],"tangents":[0.99999999999999767,2.8058115084381685e-15,6.8387805827692694e-08,-3.944304526105059e-31,0.99999999999999922,-4.102795044349839e-08],"ln":4.4408896812275768e-15,"lt":[-9.7699629204041028e-15,4.2632564327806677e-14],"lt_start":[-0.043692829156205842,0.17394742559283358],"q":-0.075679094026736782,"ut":[166.97582193003058,-0.56812517528492468],"gn":4.440889681227577e-19,"gt":[0.00043692829156196072,-0.0017394742559279095],"b":-227037282.08021036,"constant_n":10000000000,"constant_t":100,"mu":0.29999999999999999,"normal_mode":1,"tangent_mode":1,"normal_inverse_stiffness":0.0001,"tangent_inverse_stiffness":0.01,"p0":0,"beta":0,"iwan":1,"rn":1.3322669043682729e-15,"rt":[-9.7699629204041028e-15,4.2632564327806677e-14]}
MORTAR_OBSERVER {"kind":"LAW","call_id":17,"pair":0,"slot":2,"node":3,"activity":2,"ndof":3,"normal":[-4.5208292547312871e-08,-4.52082925469361e-08,-0.999999999999998],"tangents":[0.999999999999999,-2.0437897150263934e-15,-4.5208292547312824e-08,3.944304526105059e-31,0.999999999999999,-4.5208292546936146e-08],"ln":23.71667892744922,"lt":[7.1114453368764581,-0.029611971867105912],"lt_start":[0.13541247264507875,0.13541247264379797],"q":0.0023716678927448733,"ut":[333.55164408037643,-0.92567472279611107],"gn":0.0023716678927449219,"gt":[0.069760328642313796,-0.0016502444451090387],"b":7.1150035325179939,"constant_n":10000000000,"constant_t":100,"mu":0.29999999999999999,"normal_mode":1,"tangent_mode":1,"normal_inverse_stiffness":0.0001,"tangent_inverse_stiffness":0.01,"p0":0,"beta":0,"iwan":1,"rn":1.457167719820518e-07,"rt":[-0.0035308770573374559,-0.0098954077687347756]}
MORTAR_OBSERVER {"kind":"LAW","call_id":17,"pair":0,"slot":3,"node":4,"activity":1,"ndof":3,"normal":[-4.1027950443876154e-08,6.8387805828061921e-08,-0.99999999999999689],"tangents":[0.99999999999999922,2.8058115084791518e-15,-4.1027950443876068e-08,3.944304526105059e-31,0.99999999999999778,6.8387805828061987e-08],"ln":25.20209886338591,"lt":[-4.2525225017266859,3.0499980304297862],"lt_start":[0.1739474256175173,-0.043692829157666827],"q":0.0025202098863383871,"ut":[166.96937414664359,-0.64404268221715111],"gn":0.0025202098863385909,"gt":[-0.044264699273442031,0.030936908595874533],"b":7.5606290475257474,"constant_n":10000000000,"constant_t":100,"mu":0.29999999999999999,"normal_mode":1,"tangent_mode":1,"normal_inverse_stiffness":0.0001,"tangent_inverse_stiffness":0.01,"p0":0,"beta":0,"iwan":1,"rn":6.1149002483773529e-07,"rt":[167.01363884591703,-0.67497959081302561]}
MORTAR_OBSERVER {"kind":"LAW","call_id":17,"pair":0,"slot":4,"node":17,"activity":2,"ndof":3,"normal":[7.2424004571337343e-08,1.5395559165892368e-08,-0.99999999999999734],"tangents":[0.99999999999999745,-1.1150080474088865e-15,7.2424004571337343e-08,-0,1,1.5395559165892408e-08],"ln":-8.6170239671454052,"lt":[-2.584599545264858,0.018176562708716502],"lt_start":[-0.73660022044537588,-0.097040503857792323],"q":-0.00086170239671435559,"ut":[250.44995022085149,-0.91165160318709426],"gn":-0.00086170239671454056,"gt":[-0.018479993248194822,0.0011521706656650883],"b":-2.5851066352489496,"constant_n":10000000000,"constant_t":100,"mu":0.29999999999999999,"normal_mode":1,"tangent_mode":1,"normal_inverse_stiffness":0.0001,"tangent_inverse_stiffness":0.01,"p0":0,"beta":0,"iwan":1,"rn":-2.5851071901436216,"rt":[0.00048992633352940018,0.0087564013876151679]}
MORTAR_OBSERVER {"kind":"LAW","call_id":17,"pair":0,"slot":5,"node":18,"activity":2,"ndof":3,"normal":[1.196430858954852e-08,-4.3492668962924582e-08,-0.999999999999999],"tangents":[1,5.2035971285550893e-16,1.196430858954851e-08,-0,0.99999999999999911,-4.3492668962924588e-08],"ln":3.1798032672129311,"lt":[0.95396802706606643,0.0046458594252474358],"lt_start":[0.31677899935975595,-0.33175539325043679],"q":0.00031798032672153203,"ut":[250.40036683378204,-0.82078057086441281],"gn":0.00031798032672129313,"gt":[0.0063718902770631049,0.0033640125267568421],"b":0.95394169687572539,"constant_n":10000000000,"constant_t":100,"mu":0.29999999999999999,"normal_mode":1,"tangent_mode":1,"normal_inverse_stiffness":0.0001,"tangent_inverse_stiffness":0.01,"p0":0,"beta":0,"iwan":1,"rn":-7.1671184609378713e-07,"rt":[3.1496319390256211e-05,0.0077853410916894142]}
MORTAR_OBSERVER {"kind":"LAW","call_id":17,"pair":0,"slot":6,"node":19,"activity":1,"ndof":3,"normal":[1.446566586541265e-08,1.4465665865794023e-08,-0.99999999999999978],"tangents":[0.99999999999999989,-2.0925548893528156e-16,1.4465665865412648e-08,-0,0.99999999999999989,1.4465665865794025e-08],"ln":20.663967912520427,"lt":[-6.1425135850998469,19.599150636184849],"lt_start":[-0.33266866751375551,-0.33266866750456553],"q":0.0020663967912524228,"ut":[500.991451484501,-2.1078831945074517],"gn":0.0020663967912520429,"gt":[-0.05809844917586092,0.19931819303689416],"b":6.1991915134694517,"constant_n":10000000000,"constant_t":100,"mu":0.29999999999999999,"normal_mode":1,"tangent_mode":1,"normal_inverse_stiffness":0.0001,"tangent_inverse_stiffness":0.01,"p0":0,"beta":0,"iwan":1,"rn":-1.1397133237167623e-06,"rt":[501.04954993367687,-2.307201387544346]}
MORTAR_OBSERVER {"kind":"LAW","call_id":17,"pair":0,"slot":7,"node":23,"activity":1,"ndof":3,"normal":[-4.3492668963301889e-08,1.1964308589921484e-08,-0.999999999999999],"tangents":[0.99999999999999911,5.2035971287624483e-16,-4.3492668963301889e-08,-0,1,1.1964308589921497e-08],"ln":24.315297305994683,"lt":[-5.3748693435805377,5.5290067797412199],"lt_start":[-0.33175539326262177,0.31677899937237669],"q":0.0024315297305999017,"ut":[250.36486747059348,-0.93363501839555285],"gn":0.0024315297305994685,"gt":[-0.050431139503179158,0.05212227780368843],"b":7.2945904915399691,"constant_n":10000000000,"constant_t":100,"mu":0.29999999999999999,"normal_mode":1,"tangent_mode":1,"normal_inverse_stiffness":0.0001,"tangent_inverse_stiffness":0.01,"p0":0,"beta":0,"iwan":1,"rn":-1.2997415641535781e-06,"rt":[250.41529861009667,-0.98575729619924124]}
MORTAR_OBSERVER {"kind":"LAW","call_id":17,"pair":0,"slot":8,"node":24,"activity":1,"ndof":3,"normal":[1.539555916551032e-08,7.2424004571714789e-08,-0.99999999999999734],"tangents":[0.99999999999999989,-1.1150080473870252e-15,1.5395559165510284e-08,-1.9721522630525295e-31,0.99999999999999745,7.2424004571714789e-08],"ln":22.115441154403001,"lt":[-7.3527840708817598,2.7093783863686376],"lt_start":[-0.097040503865221894,-0.73660022047532414],"q":0.0022115441154400006,"ut":[250.46084576000391,-0.9885811375264516],"gn":0.0022115441154403003,"gt":[-0.072557435670165371,0.034459786068439621],"b":6.6346314473004595,"constant_n":10000000000,"constant_t":100,"mu":0.29999999999999999,"normal_mode":1,"tangent_mode":1,"normal_inverse_stiffness":0.0001,"tangent_inverse_stiffness":0.01,"p0":0,"beta":0,"iwan":1,"rn":8.9902044031475725e-07,"rt":[250.53340319567408,-1.0230409235948912]}
MORTAR_OBSERVER {"kind":"POST_RAW_AFTER_ACTIVE_LOOP","call_id":17,"pair":0,"slot":0,"node":1,"activity":2,"lambda_raw":[0.0020401340302035301,0.0039988108666992404,-0.0070677974179126262],"gap":-0.00094237375979466798}
MORTAR_OBSERVER {"kind":"POST_RAW_AFTER_ACTIVE_LOOP","call_id":17,"pair":0,"slot":1,"node":2,"activity":0,"lambda_raw":[0,0,0],"gap":0.075679094026736782}
MORTAR_OBSERVER {"kind":"POST_RAW_AFTER_ACTIVE_LOOP","call_id":17,"pair":0,"slot":2,"node":3,"activity":2,"lambda_raw":[0.0053335776994002815,-2.2209760144182791e-05,-0.017787491096149664],"gap":-0.0023716678927448733}
MORTAR_OBSERVER {"kind":"POST_RAW_AFTER_ACTIVE_LOOP","call_id":17,"pair":0,"slot":3,"node":4,"activity":2,"lambda_raw":[-0.0063787794067218006,0.0045749954015707594,-0.037803112773460289],"gap":-0.0025202098863383871}
MORTAR_OBSERVER {"kind":"POST_RAW_AFTER_ACTIVE_LOOP","call_id":17,"pair":0,"slot":4,"node":17,"activity":0,"lambda_raw":[0,0,0],"gap":0.00086170239671435559}
MORTAR_OBSERVER {"kind":"POST_RAW_AFTER_ACTIVE_LOOP","call_id":17,"pair":0,"slot":5,"node":18,"activity":2,"lambda_raw":[0.00095396716727541326,4.6457167547588499e-06,-0.0031798002633037334],"gap":-0.00031798032672153203}
MORTAR_OBSERVER {"kind":"POST_RAW_AFTER_ACTIVE_LOOP","call_id":17,"pair":0,"slot":6,"node":19,"activity":2,"lambda_raw":[-0.0030712539722919626,0.0097995669457316414,-0.010331974874122534],"gap":-0.0020663967912524228}
MORTAR_OBSERVER {"kind":"POST_RAW_AFTER_ACTIVE_LOOP","call_id":17,"pair":0,"slot":7,"node":23,"activity":2,"lambda_raw":[-0.0053748653425147314,0.0055290018669869791,-0.024315274121537035],"gap":-0.0024315297305999017}
MORTAR_OBSERVER {"kind":"POST_RAW_AFTER_ACTIVE_LOOP","call_id":17,"pair":0,"slot":8,"node":24,"activity":2,"lambda_raw":[-0.0073527776663259003,0.0027093777535449836,-0.02211542283206645],"gap":-0.0022115441154400006}
MORTAR_OBSERVER {"kind":"CFS_INVENTORY","call_id":17,"all_node_count":35,"physical_count":13}
MORTAR_OBSERVER {"kind":"CFS_NODE","call_id":17,"node":1,"force":[7.21861320995977,-2.1044253138678957,4.8360662829105161]}
MORTAR_OBSERVER {"kind":"CFS_NODE","call_id":17,"node":2,"force":[-0.3179893629340898,-0.0015485737474961062,1.0599344449908945]}
MORTAR_OBSERVER {"kind":"CFS_NODE","call_id":17,"node":3,"force":[10.632582892864079,-8.4072144944133171,-7.6636561889459074]}
MORTAR_OBSERVER {"kind":"CFS_NODE","call_id":17,"node":4,"force":[-0.0099720531789366795,0.30387066617369096,-9.725185403472338]}
MORTAR_OBSERVER {"kind":"CFS_NODE","call_id":17,"node":13,"force":[2.368672807513847,-8.8166677137314444,24.064617354634414]}
MORTAR_OBSERVER {"kind":"CFS_NODE","call_id":17,"node":14,"force":[1.6181554182303102,-7.9398089823597999,13.656257209559472]}
MORTAR_OBSERVER {"kind":"CFS_NODE","call_id":17,"node":15,"force":[-2.5123296306026277,-5.5256450629949585,38.216922254389949]}
MORTAR_OBSERVER {"kind":"CFS_NODE","call_id":17,"node":16,"force":[10.86259926910251,-13.912200510944885,52.6792269616544]}
MORTAR_OBSERVER {"kind":"CFS_NODE","call_id":17,"node":17,"force":[8.7797875082172391e-16,-2.4096619152612808e-16,-4.4078720775928134e-16]}
MORTAR_OBSERVER {"kind":"CFS_NODE","call_id":17,"node":18,"force":[1.5899467909783926,0.0077428686221111221,-5.2996721459832088]}
MORTAR_OBSERVER {"kind":"CFS_NODE","call_id":17,"node":19,"force":[-10.237522245336965,32.665251883004963,-34.439946538565479]}
MORTAR_OBSERVER {"kind":"CFS_NODE","call_id":17,"node":23,"force":[-8.9581174241870851,9.2150118759711468,-40.525495412712132]}
MORTAR_OBSERVER {"kind":"CFS_NODE","call_id":17,"node":24,"force":[-12.254639672409205,4.5156333582878769,-36.859068818460528]}
MORTAR_OBSERVER {"kind":"CFS_END","call_id":17,"scanned_nodes":35,"physical_count":13,"outside_nonzero_count":0}
MORTAR_OBSERVER {"kind":"SUMMARY_PRE_OVERRIDE","call_id":17,"ndiverg":14,"flag":1,"keepset":0,"max_n":2.5851071901436216,"max_t":[501.04954993367687,2.307201387544346],"lm_t_av":[33.908282925937513,36.253542810542712],"nstick":0,"nslip":7,"ninactive":2,"nnogap":0,"nolm":0}
MORTAR_OBSERVER {"kind":"SUMMARY_POST_OVERRIDE","call_id":17,"flag":1}
MORTAR_OBSERVER {"kind":"RETURN","call_id":17}
 Using up to 2 cpu(s) for the stress calculation.

 average force= 6.892243
 time avg. forc= 6.892243
 largest residual force= 14.362462 in node 17 and dof 3
 largest increment of disp= 1.730781e-01
 largest correction to disp= 1.472926e-03 in node 4 and dof 3

MORTAR_OBSERVER {"kind":"PRE_CHECK","call_id":17,"step":2,"inc":1,"cutback":0,"iteration":9,"time":0.25,"dtime":0.25,"ttime":1,"tper":1,"theta":0,"dtheta":0.25,"icntrl":0,"nmethod":1,"iexpl":0,"ithermal":0,"uncoupled":0,"mortar":2,"iflagdualquad":2}
 no convergence

MORTAR_OBSERVER {"kind":"POST_CHECK","call_id":17,"step":2,"inc":1,"cutback":0,"iteration":10,"time":0.25,"dtime":0.25,"ttime":1,"tper":1,"theta":0,"dtheta":0.25,"icntrl":0,"nmethod":1,"iexpl":0,"ithermal":0,"uncoupled":0,"mortar":2,"iflagdualquad":2}
 iteration 10

 Determining the structure of the matrix:

 Using up to 2 cpu(s) for setting up the structure of the matrix.
 number of equations
 75
 number of nonzero lower triangular matrix elements
 1143

 Using up to 2 cpu(s) for the stress calculation.

 Using up to 2 cpu(s) for the symmetric stiffness/mass contributions.

 Using up to 2 cpu(s) for the stress calculation.

 Using up to 2 cpu(s) for the symmetric stiffness/mass contributions.

 Factoring the system of equations using the unsymmetric spooles solver
 Using 1 cpu for spooles.

MORTAR_OBSERVER {"kind":"BEGIN","call_id":18,"step":2,"inc":1,"cutback":0,"iteration":10,"time":0.25,"dtime":0.25,"ttime":1,"tper":1,"theta":0,"dtheta":0.25,"icntrl":0,"nmethod":1,"iexpl":0,"ithermal":0,"uncoupled":0,"mortar":2,"iflagdualquad":2}
MORTAR_OBSERVER {"kind":"KIN_INVENTORY","call_id":18,"all_node_count":35,"physical_count":13,"dd_count":63,"bd_count":36,"slave_count":9}
MORTAR_OBSERVER {"kind":"KIN_NODE","call_id":18,"node":1,"dd_count":9,"bd_count":0,"b2":[-0.0011239817442975715,0.0010002552813755795,1.0467807454372723e-05],"vold":[0.2502743950082793,-0.00068554793131047796,-1.1160858026679839e-05],"vini":[-1.8651819129285558e-05,-1.8651819129203521e-05,-0.00011333255306067981]}
MORTAR_OBSERVER {"kind":"KIN_DD","call_id":18,"node":1,"entry":0,"row_node":1,"slave_slot":0,"value":1333.3343393655834}
MORTAR_OBSERVER {"kind":"KIN_DD","call_id":18,"node":1,"entry":1,"row_node":2,"slave_slot":1,"value":7.5199107760053208e-14}
MORTAR_OBSERVER {"kind":"KIN_DD","call_id":18,"node":1,"entry":2,"row_node":3,"slave_slot":2,"value":1.8518520025380737e-13}
MORTAR_OBSERVER {"kind":"KIN_DD","call_id":18,"node":1,"entry":3,"row_node":4,"slave_slot":3,"value":-1.2478906921415307e-13}
MORTAR_OBSERVER {"kind":"KIN_DD","call_id":18,"node":1,"entry":4,"row_node":17,"slave_slot":4,"value":-333.33361652266797}
MORTAR_OBSERVER {"kind":"KIN_DD","call_id":18,"node":1,"entry":5,"row_node":18,"slave_slot":5,"value":-1.2675047270840951e-14}
MORTAR_OBSERVER {"kind":"KIN_DD","call_id":18,"node":1,"entry":6,"row_node":19,"slave_slot":6,"value":-666.66726296477884}
MORTAR_OBSERVER {"kind":"KIN_DD","call_id":18,"node":1,"entry":7,"row_node":23,"slave_slot":7,"value":-3.7425618361670371e-13}
MORTAR_OBSERVER {"kind":"KIN_DD","call_id":18,"node":1,"entry":8,"row_node":24,"slave_slot":8,"value":-333.33361652266734}
MORTAR_OBSERVER {"kind":"KIN_NODE","call_id":18,"node":2,"dd_count":6,"bd_count":0,"b2":[-0.0011227348016425082,0.00098822509378476415,-0.0011029212833077947],"vold":[0.25032398377760623,-0.00062572710983731532,0.00021403627719434823],"vini":[1.9409787070850799e-05,-2.1276020123634991e-05,-0.00010609014988737315]}
MORTAR_OBSERVER {"kind":"KIN_DD","call_id":18,"node":2,"entry":9,"row_node":1,"slave_slot":0,"value":3.2566523894461172e-15}
MORTAR_OBSERVER {"kind":"KIN_DD","call_id":18,"node":2,"entry":10,"row_node":2,"slave_slot":1,"value":666.66728296575661}
MORTAR_OBSERVER {"kind":"KIN_DD","call_id":18,"node":2,"entry":11,"row_node":3,"slave_slot":2,"value":6.661338919786186e-15}
MORTAR_OBSERVER {"kind":"KIN_DD","call_id":18,"node":2,"entry":12,"row_node":17,"slave_slot":4,"value":-333.33361652266825}
MORTAR_OBSERVER {"kind":"KIN_DD","call_id":18,"node":2,"entry":13,"row_node":18,"slave_slot":5,"value":-333.33365533143626}
MORTAR_OBSERVER {"kind":"KIN_DD","call_id":18,"node":2,"entry":14,"row_node":19,"slave_slot":6,"value":2.189914937235159e-13}
MORTAR_OBSERVER {"kind":"KIN_NODE","call_id":18,"node":3,"dd_count":9,"bd_count":0,"b2":[-0.0009297522467570273,0.00080768168327886814,-0.0001129057801575854],"vold":[0.2501597328886776,-0.00047502681008517844,-0.00019541228406185418],"vini":[2.326667444963995e-05,2.3266674449668281e-05,-0.00011043941867480129]}
MORTAR_OBSERVER {"kind":"KIN_DD","call_id":18,"node":3,"entry":15,"row_node":1,"slave_slot":0,"value":2.0515994684268658e-14}
MORTAR_OBSERVER {"kind":"KIN_DD","call_id":18,"node":3,"entry":16,"row_node":2,"slave_slot":1,"value":1.0480968089501651e-13}
MORTAR_OBSERVER {"kind":"KIN_DD","call_id":18,"node":3,"entry":17,"row_node":3,"slave_slot":2,"value":1333.33470804888}
MORTAR_OBSERVER {"kind":"KIN_DD","call_id":18,"node":3,"entry":18,"row_node":4,"slave_slot":3,"value":-9.5257135799594381e-14}
MORTAR_OBSERVER {"kind":"KIN_DD","call_id":18,"node":3,"entry":19,"row_node":17,"slave_slot":4,"value":7.3644769849891522e-15}
MORTAR_OBSERVER {"kind":"KIN_DD","call_id":18,"node":3,"entry":20,"row_node":18,"slave_slot":5,"value":-333.33365533143655}
MORTAR_OBSERVER {"kind":"KIN_DD","call_id":18,"node":3,"entry":21,"row_node":19,"slave_slot":6,"value":-666.66726296477918}
MORTAR_OBSERVER {"kind":"KIN_DD","call_id":18,"node":3,"entry":22,"row_node":23,"slave_slot":7,"value":-333.3336553314362}
MORTAR_OBSERVER {"kind":"KIN_DD","call_id":18,"node":3,"entry":23,"row_node":24,"slave_slot":8,"value":-3.9320404721530813e-15}
MORTAR_OBSERVER {"kind":"KIN_NODE","call_id":18,"node":4,"dd_count":6,"bd_count":0,"b2":[-0.0010058125866733983,0.00092654986248485224,0.00042485888919270961],"vold":[0.25028314758439474,-0.00064001103901113266,-0.00035058583244295467],"vini":[-2.1276020123909488e-05,1.9409787070938233e-05,-0.00010609014988733541]}
MORTAR_OBSERVER {"kind":"KIN_DD","call_id":18,"node":4,"entry":24,"row_node":1,"slave_slot":0,"value":4.9650094869271167e-14}
MORTAR_OBSERVER {"kind":"KIN_DD","call_id":18,"node":4,"entry":25,"row_node":3,"slave_slot":2,"value":6.9870037418317637e-14}
MORTAR_OBSERVER {"kind":"KIN_DD","call_id":18,"node":4,"entry":26,"row_node":4,"slave_slot":3,"value":666.66728296575673}
MORTAR_OBSERVER {"kind":"KIN_DD","call_id":18,"node":4,"entry":27,"row_node":19,"slave_slot":6,"value":2.3074135077482704e-14}
MORTAR_OBSERVER {"kind":"KIN_DD","call_id":18,"node":4,"entry":28,"row_node":23,"slave_slot":7,"value":-333.33365533143649}
MORTAR_OBSERVER {"kind":"KIN_DD","call_id":18,"node":4,"entry":29,"row_node":24,"slave_slot":8,"value":-333.33361652266836}
MORTAR_OBSERVER {"kind":"KIN_NODE","call_id":18,"node":13,"dd_count":0,"bd_count":9,"b2":[0.00029089783176510826,-0.00020148583511832597,1.5167155801549083e-06],"vold":[-8.8096276700769791e-05,0.00022638389556436131,1.3479676249521805e-05],"vini":[-2.8066862268510173e-05,-2.8066862268525196e-05,-0.00011356992110190738]}
MORTAR_OBSERVER {"kind":"KIN_BD","call_id":18,"node":13,"entry":0,"row_node":1,"slave_slot":0,"value":-1120.3709633274834}
MORTAR_OBSERVER {"kind":"KIN_BD","call_id":18,"node":13,"entry":1,"row_node":2,"slave_slot":1,"value":-50.925940030402735}
MORTAR_OBSERVER {"kind":"KIN_BD","call_id":18,"node":13,"entry":2,"row_node":3,"slave_slot":2,"value":-9.259307744204996}
MORTAR_OBSERVER {"kind":"KIN_BD","call_id":18,"node":13,"entry":3,"row_node":4,"slave_slot":3,"value":-50.925940030402948}
MORTAR_OBSERVER {"kind":"KIN_BD","call_id":18,"node":13,"entry":4,"row_node":17,"slave_slot":4,"value":-458.33370498722149}
MORTAR_OBSERVER {"kind":"KIN_BD","call_id":18,"node":13,"entry":5,"row_node":18,"slave_slot":5,"value":-41.666762492038849}
MORTAR_OBSERVER {"kind":"KIN_BD","call_id":18,"node":13,"entry":6,"row_node":19,"slave_slot":6,"value":-268.51875469405724}
MORTAR_OBSERVER {"kind":"KIN_BD","call_id":18,"node":13,"entry":7,"row_node":23,"slave_slot":7,"value":-41.666762492038607}
MORTAR_OBSERVER {"kind":"KIN_BD","call_id":18,"node":13,"entry":8,"row_node":24,"slave_slot":8,"value":-458.33370498722223}
MORTAR_OBSERVER {"kind":"KIN_NODE","call_id":18,"node":14,"dd_count":0,"bd_count":9,"b2":[0.00042375846840725639,-0.00028559059403383526,-0.00037161865854656764],"vold":[-0.00015810753814807037,0.0002242381296181421,0.00014154476049780954],"vini":[2.4201626574401393e-05,-2.8535390258710365e-05,-0.00010353950999479019]}
MORTAR_OBSERVER {"kind":"KIN_BD","call_id":18,"node":14,"entry":9,"row_node":1,"slave_slot":0,"value":-101.85205834211705}
MORTAR_OBSERVER {"kind":"KIN_BD","call_id":18,"node":14,"entry":10,"row_node":2,"slave_slot":1,"value":-560.18582613200579}
MORTAR_OBSERVER {"kind":"KIN_BD","call_id":18,"node":14,"entry":11,"row_node":3,"slave_slot":2,"value":-101.8520474025626}
MORTAR_OBSERVER {"kind":"KIN_BD","call_id":18,"node":14,"entry":12,"row_node":4,"slave_slot":3,"value":-4.6295740824065685}
MORTAR_OBSERVER {"kind":"KIN_BD","call_id":18,"node":14,"entry":13,"row_node":17,"slave_slot":4,"value":-458.333510499559}
MORTAR_OBSERVER {"kind":"KIN_BD","call_id":18,"node":14,"entry":14,"row_node":18,"slave_slot":5,"value":-458.33376300392297}
MORTAR_OBSERVER {"kind":"KIN_BD","call_id":18,"node":14,"entry":15,"row_node":19,"slave_slot":6,"value":-731.482068890954}
MORTAR_OBSERVER {"kind":"KIN_BD","call_id":18,"node":14,"entry":16,"row_node":23,"slave_slot":7,"value":-41.666791625993497}
MORTAR_OBSERVER {"kind":"KIN_BD","call_id":18,"node":14,"entry":17,"row_node":24,"slave_slot":8,"value":-41.666811757788253}
MORTAR_OBSERVER {"kind":"KIN_NODE","call_id":18,"node":15,"dd_count":0,"bd_count":9,"b2":[0.00027741185414222887,-0.00012286186901296791,-0.00014672109522695677],"vold":[2.756855579389919e-05,0.00020582971506233111,-0.00020635557597852583],"vini":[2.710682217014385e-05,2.7106822170201716e-05,-0.000110172262554128]}
MORTAR_OBSERVER {"kind":"KIN_BD","call_id":18,"node":15,"entry":18,"row_node":1,"slave_slot":0,"value":-9.2592593538675061}
MORTAR_OBSERVER {"kind":"KIN_BD","call_id":18,"node":15,"entry":19,"row_node":2,"slave_slot":1,"value":-50.925942720941158}
MORTAR_OBSERVER {"kind":"KIN_BD","call_id":18,"node":15,"entry":20,"row_node":3,"slave_slot":2,"value":-1120.3713054995505}
MORTAR_OBSERVER {"kind":"KIN_BD","call_id":18,"node":15,"entry":21,"row_node":4,"slave_slot":3,"value":-50.925942720941208}
MORTAR_OBSERVER {"kind":"KIN_BD","call_id":18,"node":15,"entry":22,"row_node":17,"slave_slot":4,"value":-41.666797488145619}
MORTAR_OBSERVER {"kind":"KIN_BD","call_id":18,"node":15,"entry":23,"row_node":18,"slave_slot":5,"value":-458.33362403706082}
MORTAR_OBSERVER {"kind":"KIN_BD","call_id":18,"node":15,"entry":24,"row_node":19,"slave_slot":6,"value":-268.51884674778933}
MORTAR_OBSERVER {"kind":"KIN_BD","call_id":18,"node":15,"entry":25,"row_node":23,"slave_slot":7,"value":-458.33362403706025}
MORTAR_OBSERVER {"kind":"KIN_BD","call_id":18,"node":15,"entry":26,"row_node":24,"slave_slot":8,"value":-41.66679748814537}
MORTAR_OBSERVER {"kind":"KIN_NODE","call_id":18,"node":16,"dd_count":0,"bd_count":9,"b2":[0.00039345274907003839,-0.00037772594280557632,0.00051564220182165939],"vold":[-0.00019941903176750263,0.00034766283100731352,-0.00039520997108176273],"vini":[-2.8535390258651648e-05,2.4201626574321538e-05,-0.00010353950999474492]}
MORTAR_OBSERVER {"kind":"KIN_BD","call_id":18,"node":16,"entry":27,"row_node":1,"slave_slot":0,"value":-101.85205834211729}
MORTAR_OBSERVER {"kind":"KIN_BD","call_id":18,"node":16,"entry":28,"row_node":2,"slave_slot":1,"value":-4.6295740824066147}
MORTAR_OBSERVER {"kind":"KIN_BD","call_id":18,"node":16,"entry":29,"row_node":3,"slave_slot":2,"value":-101.85204740256266}
MORTAR_OBSERVER {"kind":"KIN_BD","call_id":18,"node":16,"entry":30,"row_node":4,"slave_slot":3,"value":-560.18582613200647}
MORTAR_OBSERVER {"kind":"KIN_BD","call_id":18,"node":16,"entry":31,"row_node":17,"slave_slot":4,"value":-41.666811757788196}
MORTAR_OBSERVER {"kind":"KIN_BD","call_id":18,"node":16,"entry":32,"row_node":18,"slave_slot":5,"value":-41.666791625993454}
MORTAR_OBSERVER {"kind":"KIN_BD","call_id":18,"node":16,"entry":33,"row_node":19,"slave_slot":6,"value":-731.48206889095377}
MORTAR_OBSERVER {"kind":"KIN_BD","call_id":18,"node":16,"entry":34,"row_node":23,"slave_slot":7,"value":-458.33376300392348}
MORTAR_OBSERVER {"kind":"KIN_BD","call_id":18,"node":16,"entry":35,"row_node":24,"slave_slot":8,"value":-458.33351049955786}
MORTAR_OBSERVER {"kind":"KIN_NODE","call_id":18,"node":17,"dd_count":6,"bd_count":0,"b2":[-0.0011531453290206505,0.00099951821218282905,-0.00052438464704627065],"vold":[0.25031309771265664,-0.00067206969252440649,6.818699258319031e-05],"vini":[-5.3690046458016392e-06,-2.2851020685450205e-05,-0.00010961044677868645]}
MORTAR_OBSERVER {"kind":"KIN_DD","call_id":18,"node":17,"entry":30,"row_node":1,"slave_slot":0,"value":2.4276877046305862e-13}
MORTAR_OBSERVER {"kind":"KIN_DD","call_id":18,"node":17,"entry":31,"row_node":2,"slave_slot":1,"value":-2.5461114951003707e-13}
MORTAR_OBSERVER {"kind":"KIN_DD","call_id":18,"node":17,"entry":32,"row_node":3,"slave_slot":2,"value":-6.5133084758381588e-14}
MORTAR_OBSERVER {"kind":"KIN_DD","call_id":18,"node":17,"entry":33,"row_node":17,"slave_slot":4,"value":1666.6680577780505}
MORTAR_OBSERVER {"kind":"KIN_DD","call_id":18,"node":17,"entry":34,"row_node":18,"slave_slot":5,"value":3.6618856459328738e-13}
MORTAR_OBSERVER {"kind":"KIN_DD","call_id":18,"node":17,"entry":35,"row_node":19,"slave_slot":6,"value":-1.2397490564805584e-13}
MORTAR_OBSERVER {"kind":"KIN_NODE","call_id":18,"node":18,"dd_count":6,"bd_count":0,"b2":[-0.0011194866551709154,0.00095716210732907847,-0.00037502507898762847],"vold":[0.25029563639860281,-0.00058198916435705345,-2.4354488698299009e-05],"vini":[2.3130538336491836e-05,-2.0816932734675867e-06,-0.00010820316598743466]}
MORTAR_OBSERVER {"kind":"KIN_DD","call_id":18,"node":18,"entry":36,"row_node":1,"slave_slot":0,"value":1.2286468261240163e-13}
MORTAR_OBSERVER {"kind":"KIN_DD","call_id":18,"node":18,"entry":37,"row_node":2,"slave_slot":1,"value":-2.3092639141608016e-13}
MORTAR_OBSERVER {"kind":"KIN_DD","call_id":18,"node":18,"entry":38,"row_node":3,"slave_slot":2,"value":-9.0298140233210834e-14}
MORTAR_OBSERVER {"kind":"KIN_DD","call_id":18,"node":18,"entry":39,"row_node":17,"slave_slot":4,"value":1.8947806475165551e-13}
MORTAR_OBSERVER {"kind":"KIN_DD","call_id":18,"node":18,"entry":40,"row_node":18,"slave_slot":5,"value":1666.6682518218884}
MORTAR_OBSERVER {"kind":"KIN_DD","call_id":18,"node":18,"entry":41,"row_node":19,"slave_slot":6,"value":-3.0207318428425546e-13}
MORTAR_OBSERVER {"kind":"KIN_NODE","call_id":18,"node":19,"dd_count":9,"bd_count":0,"b2":[-0.0011464621154854409,0.0010256858574836502,-1.4005651633339687e-06],"vold":[0.25029979854539319,-0.00070516038214701112,-0.00011364643705633472],"vini":[-1.1041054726275674e-06,-1.1041054726048646e-06,-0.00010890228638792375]}
MORTAR_OBSERVER {"kind":"KIN_DD","call_id":18,"node":19,"entry":42,"row_node":1,"slave_slot":0,"value":2.871776918892279e-13}
MORTAR_OBSERVER {"kind":"KIN_DD","call_id":18,"node":19,"entry":43,"row_node":2,"slave_slot":1,"value":-5.9211895234892347e-14}
MORTAR_OBSERVER {"kind":"KIN_DD","call_id":18,"node":19,"entry":44,"row_node":3,"slave_slot":2,"value":2.8495724581791943e-13}
MORTAR_OBSERVER {"kind":"KIN_DD","call_id":18,"node":19,"entry":45,"row_node":4,"slave_slot":3,"value":-2.8421709712748327e-13}
MORTAR_OBSERVER {"kind":"KIN_DD","call_id":18,"node":19,"entry":46,"row_node":17,"slave_slot":4,"value":2.9605947617446172e-13}
MORTAR_OBSERVER {"kind":"KIN_DD","call_id":18,"node":19,"entry":47,"row_node":18,"slave_slot":5,"value":-1.501576655722348e-13}
MORTAR_OBSERVER {"kind":"KIN_DD","call_id":18,"node":19,"entry":48,"row_node":19,"slave_slot":6,"value":3333.3362651533125}
MORTAR_OBSERVER {"kind":"KIN_DD","call_id":18,"node":19,"entry":49,"row_node":23,"slave_slot":7,"value":1.807813176390307e-13}
MORTAR_OBSERVER {"kind":"KIN_DD","call_id":18,"node":19,"entry":50,"row_node":24,"slave_slot":8,"value":2.8810287775227309e-13}
MORTAR_OBSERVER {"kind":"KIN_NODE","call_id":18,"node":23,"dd_count":6,"bd_count":0,"b2":[-0.0010173186731746032,0.00093333043290934662,0.00015617327324593316],"vold":[0.25025195087225327,-0.00061781156703122255,-0.00027274405320193537],"vini":[-2.0816932735063558e-06,2.3130538336494764e-05,-0.00010820316598741581]}
MORTAR_OBSERVER {"kind":"KIN_DD","call_id":18,"node":23,"entry":51,"row_node":1,"slave_slot":0,"value":-8.2896653328849286e-14}
MORTAR_OBSERVER {"kind":"KIN_DD","call_id":18,"node":23,"entry":52,"row_node":3,"slave_slot":2,"value":-1.8059628046642167e-13}
MORTAR_OBSERVER {"kind":"KIN_DD","call_id":18,"node":23,"entry":53,"row_node":4,"slave_slot":3,"value":3.4194869498150328e-13}
MORTAR_OBSERVER {"kind":"KIN_DD","call_id":18,"node":23,"entry":54,"row_node":19,"slave_slot":6,"value":1.0658141142280622e-13}
MORTAR_OBSERVER {"kind":"KIN_DD","call_id":18,"node":23,"entry":55,"row_node":23,"slave_slot":7,"value":1666.6682518218884}
MORTAR_OBSERVER {"kind":"KIN_DD","call_id":18,"node":23,"entry":56,"row_node":24,"slave_slot":8,"value":-1.6866138283313867e-13}
MORTAR_OBSERVER {"kind":"KIN_NODE","call_id":18,"node":24,"dd_count":6,"bd_count":0,"b2":[-0.0010944818188287611,0.0010059984722622086,0.00021818562325618028],"vold":[0.25030497931615547,-0.00069406739815573975,-0.00018077856270913182],"vini":[-2.2851020685498611e-05,-5.3690046456183201e-06,-0.00010961044677866738]}
MORTAR_OBSERVER {"kind":"KIN_DD","call_id":18,"node":24,"entry":57,"row_node":1,"slave_slot":0,"value":8.8373753638076831e-13}
MORTAR_OBSERVER {"kind":"KIN_DD","call_id":18,"node":24,"entry":58,"row_node":3,"slave_slot":2,"value":-1.6875390141944319e-13}
MORTAR_OBSERVER {"kind":"KIN_DD","call_id":18,"node":24,"entry":59,"row_node":4,"slave_slot":3,"value":5.3512750318533959e-13}
MORTAR_OBSERVER {"kind":"KIN_DD","call_id":18,"node":24,"entry":60,"row_node":19,"slave_slot":6,"value":-8.2896653328849286e-14}
MORTAR_OBSERVER {"kind":"KIN_DD","call_id":18,"node":24,"entry":61,"row_node":23,"slave_slot":7,"value":2.2500520189259093e-13}
MORTAR_OBSERVER {"kind":"KIN_DD","call_id":18,"node":24,"entry":62,"row_node":24,"slave_slot":8,"value":1666.6680577780487}
MORTAR_OBSERVER {"kind":"KIN_GAP","call_id":18,"pair":0,"slot":0,"node":1,"gap":-0.00094237375979466798}
MORTAR_OBSERVER {"kind":"KIN_GAP","call_id":18,"pair":0,"slot":1,"node":2,"gap":0.075679094026736782}
MORTAR_OBSERVER {"kind":"KIN_GAP","call_id":18,"pair":0,"slot":2,"node":3,"gap":-0.0023716678927448733}
MORTAR_OBSERVER {"kind":"KIN_GAP","call_id":18,"pair":0,"slot":3,"node":4,"gap":-0.0025202098863383871}
MORTAR_OBSERVER {"kind":"KIN_GAP","call_id":18,"pair":0,"slot":4,"node":17,"gap":0.00086170239671435559}
MORTAR_OBSERVER {"kind":"KIN_GAP","call_id":18,"pair":0,"slot":5,"node":18,"gap":-0.00031798032672153203}
MORTAR_OBSERVER {"kind":"KIN_GAP","call_id":18,"pair":0,"slot":6,"node":19,"gap":-0.0020663967912524228}
MORTAR_OBSERVER {"kind":"KIN_GAP","call_id":18,"pair":0,"slot":7,"node":23,"gap":-0.0024315297305999017}
MORTAR_OBSERVER {"kind":"KIN_GAP","call_id":18,"pair":0,"slot":8,"node":24,"gap":-0.0022115441154400006}
MORTAR_OBSERVER {"kind":"INVENTORY","call_id":18,"pair_count":1,"slave_count":9}
MORTAR_OBSERVER {"kind":"PAIR","call_id":18,"pair":0,"start":0,"end":9}
MORTAR_OBSERVER {"kind":"PRE_RAW","call_id":18,"pair":0,"slot":0,"node":1,"activity":2,"lambda_raw":[0.0044823750185173147,4.6733376922955465e-06,-0.014963354265012508],"lambda_start":[0.00050771518908920529,0.00050771518909969321,-0.013186514357202705],"ddtil_count":1}
MORTAR_OBSERVER {"kind":"DDTIL","call_id":18,"pair":0,"column_slot":0,"source_slot":0,"destination_slot":0,"entry":0,"value":1333.3343393655837}
MORTAR_OBSERVER {"kind":"PRE_RAW","call_id":18,"pair":0,"slot":1,"node":2,"activity":0,"lambda_raw":[-2.9903135634975287e-17,1.5321063576290855e-17,4.7295457126810894e-17],"lambda_start":[-6.5538309315043666e-05,0.00026092037294276585,-0.012777594587534601],"ddtil_count":1}
MORTAR_OBSERVER {"kind":"DDTIL","call_id":18,"pair":0,"column_slot":1,"source_slot":1,"destination_slot":1,"entry":1,"value":666.6672829657565}
MORTAR_OBSERVER {"kind":"PRE_RAW","call_id":18,"pair":0,"slot":2,"node":3,"activity":2,"lambda_raw":[0.0072313065507816493,3.9229994462450865e-07,-0.024104306006910933],"lambda_start":[0.00010155868155003408,0.00010155868154907331,-0.0125689875371119],"ddtil_count":1}
MORTAR_OBSERVER {"kind":"DDTIL","call_id":18,"pair":0,"column_slot":2,"source_slot":2,"destination_slot":2,"entry":2,"value":1333.33470804888}
MORTAR_OBSERVER {"kind":"PRE_RAW","call_id":18,"pair":0,"slot":3,"node":4,"activity":2,"lambda_raw":[-0.0045028274470032834,9.988734642614824e-05,0.014683019802973103],"lambda_start":[0.00026092037297979141,-6.5538309317234351e-05,-0.012777594587533964],"ddtil_count":1}
MORTAR_OBSERVER {"kind":"DDTIL","call_id":18,"pair":0,"column_slot":3,"source_slot":3,"destination_slot":3,"entry":3,"value":666.66728296575695}
MORTAR_OBSERVER {"kind":"PRE_RAW","call_id":18,"pair":0,"slot":4,"node":17,"activity":0,"lambda_raw":[-2.7533508302918839e-17,-5.7731549667410469e-17,4.2632528985164652e-17],"lambda_start":[-0.0007365987945344057,-9.7040249850901462e-05,-0.011300302693721054],"ddtil_count":1}
MORTAR_OBSERVER {"kind":"DDTIL","call_id":18,"pair":0,"column_slot":4,"source_slot":4,"destination_slot":4,"entry":4,"value":1000.0008247327145}
MORTAR_OBSERVER {"kind":"PRE_RAW","call_id":18,"pair":0,"slot":5,"node":18,"activity":2,"lambda_raw":[0.012179896907151754,-3.5456344174522663e-05,-0.040599824314290642],"lambda_start":[0.00031677884056088363,-0.00033175558754602565,-0.011646327674742232],"ddtil_count":1}
MORTAR_OBSERVER {"kind":"DDTIL","call_id":18,"pair":0,"column_slot":5,"source_slot":5,"destination_slot":5,"entry":5,"value":1000.0009411590161}
MORTAR_OBSERVER {"kind":"PRE_RAW","call_id":18,"pair":0,"slot":6,"node":19,"activity":2,"lambda_raw":[0.0071793110816171643,5.8514390894808625e-06,-0.02401712513862278],"lambda_start":[-0.00016633402471439708,-0.00016633402470980207,-0.011364585339352794],"ddtil_count":1}
MORTAR_OBSERVER {"kind":"DDTIL","call_id":18,"pair":0,"column_slot":6,"source_slot":6,"destination_slot":6,"entry":6,"value":2000.0017392237551}
MORTAR_OBSERVER {"kind":"PRE_RAW","call_id":18,"pair":0,"slot":7,"node":23,"activity":2,"lambda_raw":[-0.00068340515050823955,6.7124397807070491e-05,0.0020490237753399165],"lambda_start":[-0.00033175558755821078,0.00031677884057350418,-0.011646327674742355],"ddtil_count":1}
MORTAR_OBSERVER {"kind":"DDTIL","call_id":18,"pair":0,"column_slot":7,"source_slot":7,"destination_slot":7,"entry":7,"value":1000.0009411590161}
MORTAR_OBSERVER {"kind":"PRE_RAW","call_id":18,"pair":0,"slot":8,"node":24,"activity":2,"lambda_raw":[-0.0027409317162812785,5.8877565728621778e-05,0.0088866945089351064],"lambda_start":[-9.7040249858331947e-05,-0.00073659879456435451,-0.011300302693717842],"ddtil_count":1}
MORTAR_OBSERVER {"kind":"DDTIL","call_id":18,"pair":0,"column_slot":8,"source_slot":8,"destination_slot":8,"entry":8,"value":1000.0008247327135}
MORTAR_OBSERVER {"kind":"LAW","call_id":18,"pair":0,"slot":0,"node":1,"activity":2,"ndof":3,"normal":[7.4139640564509083e-08,7.413964056489398e-08,-0.99999999999999456],"tangents":[0.99999999999999722,-5.4966863030631521e-15,7.4139640564508898e-08,-7.8886090522101181e-31,0.99999999999999734,7.4139640564894179e-08],"ln":19.951154517191402,"lt":[5.9765030549321709,0.0062296424531972728],"lt_start":[0.6769527927045591,0.67695279271854691],"q":0.0019951154517190732,"ut":[331.91717837777611,0.39349109617379696],"gn":0.0019951154517191404,"gt":[0.052995502622276119,-0.0067072315026534971],"b":5.9853461534958168,"constant_n":10000000000,"constant_t":100,"mu":0.29999999999999999,"normal_mode":1,"tangent_mode":1,"normal_inverse_stiffness":0.0001,"tangent_inverse_stiffness":0.01,"p0":0,"beta":0,"iwan":1,"rn":2.0166160386025922e-07,"rt":[-0.0088387467793094032,-0.00098796465266703069]}
MORTAR_OBSERVER {"kind":"LAW","call_id":18,"pair":0,"slot":1,"node":2,"activity":0,"ndof":3,"normal":[6.8387805827692747e-08,-4.1027950443498291e-08,-0.99999999999999689],"tangents":[0.99999999999999767,2.8058115084381685e-15,6.8387805827692694e-08,-3.944304526105059e-31,0.99999999999999922,-4.102795044349839e-08],"ln":-3.1530335681757104e-14,"lt":[-1.9935440029635039e-14,1.0214050532926456e-14],"lt_start":[-0.043692829156205842,0.17394742559283358],"q":0.44641936597698373,"ut":[165.95918462253871,0.26894240951737047],"gn":-3.1530335681757105e-18,"gt":[0.00043692829156185908,-0.0017394742559282337],"b":1339258097.9309511,"constant_n":10000000000,"constant_t":100,"mu":0.29999999999999999,"normal_mode":1,"tangent_mode":1,"normal_inverse_stiffness":0.0001,"tangent_inverse_stiffness":0.01,"p0":0,"beta":0,"iwan":1,"rn":-1339258097.9309511,"rt":[-1.9935440029635039e-14,1.0214050532926456e-14]}
MORTAR_OBSERVER {"kind":"LAW","call_id":18,"pair":0,"slot":2,"node":3,"activity":2,"ndof":3,"normal":[-4.5208292547312871e-08,-4.52082925469361e-08,-0.999999999999998],"tangents":[0.999999999999999,-2.0437897150263934e-15,-4.5208292547312824e-08,3.944304526105059e-31,0.999999999999999,-4.5208292546936146e-08],"ln":32.139107376534596,"lt":[9.6417534616525842,0.00052452008632169307],"lt_start":[0.13541247264507875,0.13541247264379797],"q":0.0032139107376532457,"ut":[331.91524071053374,0.35831197790172459],"gn":0.00321391073765346,"gt":[0.095063409890075057,-0.0013488795255747626],"b":9.6417315702453301,"constant_n":10000000000,"constant_t":100,"mu":0.29999999999999999,"normal_mode":1,"tangent_mode":1,"normal_inverse_stiffness":0.0001,"tangent_inverse_stiffness":0.01,"p0":0,"beta":0,"iwan":1,"rn":6.4271504918167466e-07,"rt":[2.7552049957080271e-05,-0.0099232913050819917]}
MORTAR_OBSERVER {"kind":"LAW","call_id":18,"pair":0,"slot":3,"node":4,"activity":2,"ndof":3,"normal":[-4.1027950443876154e-08,6.8387805828061921e-08,-0.99999999999999689],"tangents":[0.99999999999999922,2.8058115084791518e-15,-4.1027950443876068e-08,3.944304526105059e-31,0.99999999999999778,6.8387805828061987e-08],"ln":-9.7886887900650965,"lt":[-3.0018881413671568,0.066592295271536428],"lt_start":[0.1739474256175173,-0.043692829157666827],"q":-0.00097886887900602111,"ut":[166.04752162193583,0.20309439157172515],"gn":-0.00097886887900650965,"gt":[-0.031758355669846743,0.0011028512442920325],"b":-2.9366051713950321,"constant_n":10000000000,"constant_t":100,"mu":0.29999999999999999,"normal_mode":1,"tangent_mode":1,"normal_inverse_stiffness":0.0001,"tangent_inverse_stiffness":0.01,"p0":0,"beta":0,"iwan":1,"rn":-2.936606637019529,"rt":[-0.065285157060780641,0.0701763191180243]}
MORTAR_OBSERVER {"kind":"LAW","call_id":18,"pair":0,"slot":4,"node":17,"activity":0,"ndof":3,"normal":[7.2424004571337343e-08,1.5395559165892368e-08,-0.99999999999999734],"tangents":[0.99999999999999745,-1.1150080474088865e-15,7.2424004571337343e-08,-0,1,1.5395559165892408e-08],"ln":-4.2632567028504689e-14,"lt":[-2.7533527923082726e-14,-5.7731596624155975e-14],"lt_start":[-0.73660022044537588,-0.097040503857792323],"q":0.35470352526335946,"ut":[248.92144208819181,0.33548749912627518],"gn":-4.2632567028504695e-18,"gt":[0.0073660022044534836,0.00097040503857734599],"b":1064110575.7900783,"constant_n":10000000000,"constant_t":100,"mu":0.29999999999999999,"normal_mode":1,"tangent_mode":1,"normal_inverse_stiffness":0.0001,"tangent_inverse_stiffness":0.01,"p0":0,"beta":0,"iwan":1,"rn":-1064110575.7900783,"rt":[-2.7533527923082726e-14,-5.7731596624155975e-14]}
MORTAR_OBSERVER {"kind":"LAW","call_id":18,"pair":0,"slot":5,"node":18,"activity":2,"ndof":3,"normal":[1.196430858954852e-08,-4.3492668962924582e-08,-0.999999999999999],"tangents":[1,5.2035971285550893e-16,1.196430858954851e-08,-0,0.99999999999999911,-4.3492668962924588e-08],"ln":40.599862672447578,"lt":[12.179907884622258,-0.035454611748199881],"lt_start":[0.31677899935975595,-0.33175539325043679],"q":0.0040599862672448502,"ut":[248.86883229912354,0.38719638270826001],"gn":0.0040599862672447582,"gt":[0.11863128885262503,0.0029630078150223692],"b":12.179959077555305,"constant_n":10000000000,"constant_t":100,"mu":0.29999999999999999,"normal_mode":1,"tangent_mode":1,"normal_inverse_stiffness":0.0001,"tangent_inverse_stiffness":0.01,"p0":0,"beta":0,"iwan":1,"rn":-2.7582103179213391e-07,"rt":[-3.6703502930279797e-05,-0.054241871308812695]}
MORTAR_OBSERVER {"kind":"LAW","call_id":18,"pair":0,"slot":6,"node":19,"activity":2,"ndof":3,"normal":[1.446566586541265e-08,1.4465665865794023e-08,-0.99999999999999978],"tangents":[0.99999999999999989,-2.0925548893528156e-16,1.4465665865412648e-08,-0,0.99999999999999989,1.4465665865794025e-08],"ln":48.034292256276622,"lt":[14.358633954814685,0.011702193507904716],"lt_start":[-0.33266866751375551,-0.33266866750456553],"q":0.0048034292256278754,"ut":[497.78868777020494,0.67807788862702811],"gn":0.0048034292256276621,"gt":[0.14691302622328442,0.0034437086101247022],"b":14.410288316995949,"constant_n":10000000000,"constant_t":100,"mu":0.29999999999999999,"normal_mode":1,"tangent_mode":1,"normal_inverse_stiffness":0.0001,"tangent_inverse_stiffness":0.01,"p0":0,"beta":0,"iwan":1,"rn":-6.4011296352362024e-07,"rt":[-0.051641123486522389,-0.0078310254047157992]}
MORTAR_OBSERVER {"kind":"LAW","call_id":18,"pair":0,"slot":7,"node":23,"activity":2,"ndof":3,"normal":[-4.3492668963301889e-08,1.1964308589921484e-08,-0.999999999999999],"tangents":[0.99999999999999911,5.2035971287624483e-16,-4.3492668963301889e-08,-0,1,1.1964308589921497e-08],"ln":-2.0490256732708749,"lt":[-0.6834058828187547,0.067124485496978525],"lt_start":[-0.33175539326262177,0.31677899937237669],"q":-0.00020490256732705455,"ut":[248.97726635079761,0.29357062692497143],"gn":-0.00020490256732708751,"gt":[-0.0035165048955613292,-0.0024965451387539816],"b":-0.61470760310202432,"constant_n":10000000000,"constant_t":100,"mu":0.29999999999999999,"normal_mode":1,"tangent_mode":1,"normal_inverse_stiffness":0.0001,"tangent_inverse_stiffness":0.01,"p0":0,"beta":0,"iwan":1,"rn":-0.61470770198126246,"rt":[-0.068698716310830243,0.067857121310241714]}
MORTAR_OBSERVER {"kind":"LAW","call_id":18,"pair":0,"slot":8,"node":24,"activity":2,"ndof":3,"normal":[1.539555916551032e-08,7.2424004571714789e-08,-0.99999999999999734],"tangents":[0.99999999999999989,-1.1150080473870252e-15,1.5395559165510284e-08,-1.9721522630525295e-31,0.99999999999999745,7.2424004571714789e-08],"ln":-8.8867018760168186,"lt":[-2.7409338400015857,0.058878257897410718],"lt_start":[-0.097040503865221894,-0.73660022047532414],"q":-0.00088867018760183407,"ut":[249.00376353099904,0.32830657247518602],"gn":-0.00088867018760168195,"gt":[-0.026438933361363638,0.0079547847837273498],"b":-2.6660110191457398,"constant_n":10000000000,"constant_t":100,"mu":0.29999999999999999,"normal_mode":1,"tangent_mode":1,"normal_inverse_stiffness":0.0001,"tangent_inverse_stiffness":0.01,"p0":0,"beta":0,"iwan":1,"rn":-2.6660105628050457,"rt":[-0.07492503533810746,0.062314485962860017]}
MORTAR_OBSERVER {"kind":"POST_RAW_AFTER_ACTIVE_LOOP","call_id":18,"pair":0,"slot":0,"node":1,"activity":2,"lambda_raw":[0.0044823750185173147,4.6733376922955465e-06,-0.014963354265012508],"gap":-0.0019951154517190732}
MORTAR_OBSERVER {"kind":"POST_RAW_AFTER_ACTIVE_LOOP","call_id":18,"pair":0,"slot":1,"node":2,"activity":1,"lambda_raw":[-2.9903135634975287e-17,1.5321063576290855e-17,4.7295457126810894e-17],"gap":-0.44641936597698373}
MORTAR_OBSERVER {"kind":"POST_RAW_AFTER_ACTIVE_LOOP","call_id":18,"pair":0,"slot":2,"node":3,"activity":2,"lambda_raw":[0.0072313065507816493,3.9229994462450865e-07,-0.024104306006910933],"gap":-0.0032139107376532457}
MORTAR_OBSERVER {"kind":"POST_RAW_AFTER_ACTIVE_LOOP","call_id":18,"pair":0,"slot":3,"node":4,"activity":0,"lambda_raw":[0,0,0],"gap":0.00097886887900602111}
MORTAR_OBSERVER {"kind":"POST_RAW_AFTER_ACTIVE_LOOP","call_id":18,"pair":0,"slot":4,"node":17,"activity":1,"lambda_raw":[-2.7533508302918839e-17,-5.7731549667410469e-17,4.2632528985164652e-17],"gap":-0.35470352526335946}
MORTAR_OBSERVER {"kind":"POST_RAW_AFTER_ACTIVE_LOOP","call_id":18,"pair":0,"slot":5,"node":18,"activity":2,"lambda_raw":[0.012179896907151754,-3.5456344174522663e-05,-0.040599824314290642],"gap":-0.0040599862672448502}
MORTAR_OBSERVER {"kind":"POST_RAW_AFTER_ACTIVE_LOOP","call_id":18,"pair":0,"slot":6,"node":19,"activity":2,"lambda_raw":[0.0071793110816171643,5.8514390894808625e-06,-0.02401712513862278],"gap":-0.0048034292256278754}
MORTAR_OBSERVER {"kind":"POST_RAW_AFTER_ACTIVE_LOOP","call_id":18,"pair":0,"slot":7,"node":23,"activity":0,"lambda_raw":[0,0,0],"gap":0.00020490256732705455}
MORTAR_OBSERVER {"kind":"POST_RAW_AFTER_ACTIVE_LOOP","call_id":18,"pair":0,"slot":8,"node":24,"activity":0,"lambda_raw":[0,0,0],"gap":0.00088867018760183407}
MORTAR_OBSERVER {"kind":"CFS_INVENTORY","call_id":18,"all_node_count":35,"physical_count":13}
MORTAR_OBSERVER {"kind":"CFS_NODE","call_id":18,"node":1,"force":[1.1902928653491687,0.0023301587424190834,-3.9397229931854234]}
MORTAR_OBSERVER {"kind":"CFS_NODE","call_id":18,"node":2,"force":[-4.059969557620958,0.011818792808412575,13.533287844496634]}
MORTAR_OBSERVER {"kind":"CFS_NODE","call_id":18,"node":3,"force":[0.79557078232302825,0.008440897058327311,-2.5943888875005783]}
MORTAR_OBSERVER {"kind":"CFS_NODE","call_id":18,"node":4,"force":[8.9345839785597784e-16,3.944585675370768e-19,-2.9812751110872175e-15]}
MORTAR_OBSERVER {"kind":"CFS_NODE","call_id":18,"node":13,"force":[-7.5241562530425448,-0.0053333743440811404,25.128408590257308]}
MORTAR_OBSERVER {"kind":"CFS_NODE","call_id":18,"node":14,"force":[-12.027057805137702,0.011454671260882192,40.155487990095267]}
MORTAR_OBSERVER {"kind":"CFS_NODE","call_id":18,"node":15,"force":[-15.653488455516548,0.01419681979764606,52.201637724724137]}
MORTAR_OBSERVER {"kind":"CFS_NODE","call_id":18,"node":16,"force":[-6.9520970491393959,-0.0033188162824652027,23.238882154583806]}
MORTAR_OBSERVER {"kind":"CFS_NODE","call_id":18,"node":17,"force":[-4.1701950886165091e-14,-9.6231929907348113e-14,5.7101956405749224e-14]}
MORTAR_OBSERVER {"kind":"CFS_NODE","call_id":18,"node":18,"force":[20.299847485613434,-0.05909396316134688,-67.666438214174562]}
MORTAR_OBSERVER {"kind":"CFS_NODE","call_id":18,"node":19,"force":[23.931057987171545,0.019504814120302246,-80.057154209296598]}
MORTAR_OBSERVER {"kind":"CFS_NODE","call_id":18,"node":23,"force":[-9.1233984586140828e-16,1.654026716182126e-19,3.033780903623463e-15]}
MORTAR_OBSERVER {"kind":"CFS_NODE","call_id":18,"node":24,"force":[2.1457910013220282e-15,3.5787370750070609e-18,-7.165042857908473e-15]}
MORTAR_OBSERVER {"kind":"CFS_END","call_id":18,"scanned_nodes":35,"physical_count":13,"outside_nonzero_count":0}
MORTAR_OBSERVER {"kind":"SUMMARY_PRE_OVERRIDE","call_id":18,"ndiverg":14,"flag":1,"keepset":0,"max_n":1339258097.9309511,"max_t":[0.07492503533810746,0.0701763191180243],"lm_t_av":[42.156798356021746,0.05391096779569151],"nstick":2,"nslip":4,"ninactive":3,"nnogap":0,"nolm":0}
MORTAR_OBSERVER {"kind":"SUMMARY_POST_OVERRIDE","call_id":18,"flag":1}
MORTAR_OBSERVER {"kind":"RETURN","call_id":18}
 Using up to 2 cpu(s) for the stress calculation.

 average force= 7.291281
 time avg. forc= 7.291281
 largest residual force= 14.813355 in node 24 and dof 3
 largest increment of disp= 1.730781e-01
 largest correction to disp= 1.226192e-03 in node 19 and dof 1

MORTAR_OBSERVER {"kind":"PRE_CHECK","call_id":18,"step":2,"inc":1,"cutback":0,"iteration":10,"time":0.25,"dtime":0.25,"ttime":1,"tper":1,"theta":0,"dtheta":0.25,"icntrl":0,"nmethod":1,"iexpl":0,"ithermal":0,"uncoupled":0,"mortar":2,"iflagdualquad":2}
 no convergence

MORTAR_OBSERVER {"kind":"POST_CHECK","call_id":18,"step":2,"inc":1,"cutback":0,"iteration":11,"time":0.25,"dtime":0.25,"ttime":1,"tper":1,"theta":0,"dtheta":0.25,"icntrl":0,"nmethod":1,"iexpl":0,"ithermal":0,"uncoupled":0,"mortar":2,"iflagdualquad":2}
 iteration 11

 Determining the structure of the matrix:

 Using up to 2 cpu(s) for setting up the structure of the matrix.
 number of equations
 75
 number of nonzero lower triangular matrix elements
 1143

 Using up to 2 cpu(s) for the stress calculation.

 Using up to 2 cpu(s) for the symmetric stiffness/mass contributions.

 Using up to 2 cpu(s) for the stress calculation.

 Using up to 2 cpu(s) for the symmetric stiffness/mass contributions.

 Factoring the system of equations using the unsymmetric spooles solver
 Using 1 cpu for spooles.

MORTAR_OBSERVER {"kind":"BEGIN","call_id":19,"step":2,"inc":1,"cutback":0,"iteration":11,"time":0.25,"dtime":0.25,"ttime":1,"tper":1,"theta":0,"dtheta":0.25,"icntrl":0,"nmethod":1,"iexpl":0,"ithermal":0,"uncoupled":0,"mortar":2,"iflagdualquad":2}
MORTAR_OBSERVER {"kind":"KIN_INVENTORY","call_id":19,"all_node_count":35,"physical_count":13,"dd_count":63,"bd_count":36,"slave_count":9}
MORTAR_OBSERVER {"kind":"KIN_NODE","call_id":19,"node":1,"dd_count":9,"bd_count":0,"b2":[0.00013980162005775484,-9.6555374132505399e-05,7.9242235014467632e-06],"vold":[0.24915041326398174,0.00031470735006510159,-6.930505723071164e-07],"vini":[-1.8651819129285558e-05,-1.8651819129203521e-05,-0.00011333255306067981]}
MORTAR_OBSERVER {"kind":"KIN_DD","call_id":19,"node":1,"entry":0,"row_node":1,"slave_slot":0,"value":1333.3343393655834}
MORTAR_OBSERVER {"kind":"KIN_DD","call_id":19,"node":1,"entry":1,"row_node":2,"slave_slot":1,"value":7.5199107760053208e-14}
MORTAR_OBSERVER {"kind":"KIN_DD","call_id":19,"node":1,"entry":2,"row_node":3,"slave_slot":2,"value":1.8518520025380737e-13}
MORTAR_OBSERVER {"kind":"KIN_DD","call_id":19,"node":1,"entry":3,"row_node":4,"slave_slot":3,"value":-1.2478906921415307e-13}
MORTAR_OBSERVER {"kind":"KIN_DD","call_id":19,"node":1,"entry":4,"row_node":17,"slave_slot":4,"value":-333.33361652266797}
MORTAR_OBSERVER {"kind":"KIN_DD","call_id":19,"node":1,"entry":5,"row_node":18,"slave_slot":5,"value":-1.2675047270840951e-14}
MORTAR_OBSERVER {"kind":"KIN_DD","call_id":19,"node":1,"entry":6,"row_node":19,"slave_slot":6,"value":-666.66726296477884}
MORTAR_OBSERVER {"kind":"KIN_DD","call_id":19,"node":1,"entry":7,"row_node":23,"slave_slot":7,"value":-3.7425618361670371e-13}
MORTAR_OBSERVER {"kind":"KIN_DD","call_id":19,"node":1,"entry":8,"row_node":24,"slave_slot":8,"value":-333.33361652266734}
MORTAR_OBSERVER {"kind":"KIN_NODE","call_id":19,"node":2,"dd_count":6,"bd_count":0,"b2":[0.00012378614463005627,-0.00017211723492998948,0.00056333501328628471],"vold":[0.24920124897596371,0.00036249798394744884,-0.00088888500611344651],"vini":[1.9409787070850799e-05,-2.1276020123634991e-05,-0.00010609014988737315]}
MORTAR_OBSERVER {"kind":"KIN_DD","call_id":19,"node":2,"entry":9,"row_node":1,"slave_slot":0,"value":3.2566523894461172e-15}
MORTAR_OBSERVER {"kind":"KIN_DD","call_id":19,"node":2,"entry":10,"row_node":2,"slave_slot":1,"value":666.66728296575661}
MORTAR_OBSERVER {"kind":"KIN_DD","call_id":19,"node":2,"entry":11,"row_node":3,"slave_slot":2,"value":6.661338919786186e-15}
MORTAR_OBSERVER {"kind":"KIN_DD","call_id":19,"node":2,"entry":12,"row_node":17,"slave_slot":4,"value":-333.33361652266825}
MORTAR_OBSERVER {"kind":"KIN_DD","call_id":19,"node":2,"entry":13,"row_node":18,"slave_slot":5,"value":-333.33365533143626}
MORTAR_OBSERVER {"kind":"KIN_DD","call_id":19,"node":2,"entry":14,"row_node":19,"slave_slot":6,"value":2.189914937235159e-13}
MORTAR_OBSERVER {"kind":"KIN_NODE","call_id":19,"node":3,"dd_count":9,"bd_count":0,"b2":[0.0001023408593062028,-9.9752453698078147e-05,8.9682119795720977e-05],"vold":[0.24922998064192056,0.00033265487319368971,-0.00030831806421943958],"vini":[2.326667444963995e-05,2.3266674449668281e-05,-0.00011043941867480129]}
MORTAR_OBSERVER {"kind":"KIN_DD","call_id":19,"node":3,"entry":15,"row_node":1,"slave_slot":0,"value":2.0515994684268658e-14}
MORTAR_OBSERVER {"kind":"KIN_DD","call_id":19,"node":3,"entry":16,"row_node":2,"slave_slot":1,"value":1.0480968089501651e-13}
MORTAR_OBSERVER {"kind":"KIN_DD","call_id":19,"node":3,"entry":17,"row_node":3,"slave_slot":2,"value":1333.33470804888}
MORTAR_OBSERVER {"kind":"KIN_DD","call_id":19,"node":3,"entry":18,"row_node":4,"slave_slot":3,"value":-9.5257135799594381e-14}
MORTAR_OBSERVER {"kind":"KIN_DD","call_id":19,"node":3,"entry":19,"row_node":17,"slave_slot":4,"value":7.3644769849891522e-15}
MORTAR_OBSERVER {"kind":"KIN_DD","call_id":19,"node":3,"entry":20,"row_node":18,"slave_slot":5,"value":-333.33365533143655}
MORTAR_OBSERVER {"kind":"KIN_DD","call_id":19,"node":3,"entry":21,"row_node":19,"slave_slot":6,"value":-666.66726296477918}
MORTAR_OBSERVER {"kind":"KIN_DD","call_id":19,"node":3,"entry":22,"row_node":23,"slave_slot":7,"value":-333.3336553314362}
MORTAR_OBSERVER {"kind":"KIN_DD","call_id":19,"node":3,"entry":23,"row_node":24,"slave_slot":8,"value":-3.9320404721530813e-15}
MORTAR_OBSERVER {"kind":"KIN_NODE","call_id":19,"node":4,"dd_count":6,"bd_count":0,"b2":[5.0095747681610751e-05,-0.00010299153868211208,0.00010478091581464978],"vold":[0.24927733499772134,0.00028653882347371958,7.4273056749754932e-05],"vini":[-2.1276020123909488e-05,1.9409787070938233e-05,-0.00010609014988733541]}
MORTAR_OBSERVER {"kind":"KIN_DD","call_id":19,"node":4,"entry":24,"row_node":1,"slave_slot":0,"value":4.9650094869271167e-14}
MORTAR_OBSERVER {"kind":"KIN_DD","call_id":19,"node":4,"entry":25,"row_node":3,"slave_slot":2,"value":6.9870037418317637e-14}
MORTAR_OBSERVER {"kind":"KIN_DD","call_id":19,"node":4,"entry":26,"row_node":4,"slave_slot":3,"value":666.66728296575673}
MORTAR_OBSERVER {"kind":"KIN_DD","call_id":19,"node":4,"entry":27,"row_node":19,"slave_slot":6,"value":2.3074135077482704e-14}
MORTAR_OBSERVER {"kind":"KIN_DD","call_id":19,"node":4,"entry":28,"row_node":23,"slave_slot":7,"value":-333.33365533143649}
MORTAR_OBSERVER {"kind":"KIN_DD","call_id":19,"node":4,"entry":29,"row_node":24,"slave_slot":8,"value":-333.33361652266836}
MORTAR_OBSERVER {"kind":"KIN_NODE","call_id":19,"node":13,"dd_count":0,"bd_count":9,"b2":[3.6356708481536983e-06,-6.2858254092844028e-05,2.0421839916270432e-05],"vold":[0.00020280155506433847,2.4898060446035334e-05,1.4996391829676713e-05],"vini":[-2.8066862268510173e-05,-2.8066862268525196e-05,-0.00011356992110190738]}
MORTAR_OBSERVER {"kind":"KIN_BD","call_id":19,"node":13,"entry":0,"row_node":1,"slave_slot":0,"value":-1120.3709633274834}
MORTAR_OBSERVER {"kind":"KIN_BD","call_id":19,"node":13,"entry":1,"row_node":2,"slave_slot":1,"value":-50.925940030402735}
MORTAR_OBSERVER {"kind":"KIN_BD","call_id":19,"node":13,"entry":2,"row_node":3,"slave_slot":2,"value":-9.259307744204996}
MORTAR_OBSERVER {"kind":"KIN_BD","call_id":19,"node":13,"entry":3,"row_node":4,"slave_slot":3,"value":-50.925940030402948}
MORTAR_OBSERVER {"kind":"KIN_BD","call_id":19,"node":13,"entry":4,"row_node":17,"slave_slot":4,"value":-458.33370498722149}
MORTAR_OBSERVER {"kind":"KIN_BD","call_id":19,"node":13,"entry":5,"row_node":18,"slave_slot":5,"value":-41.666762492038849}
MORTAR_OBSERVER {"kind":"KIN_BD","call_id":19,"node":13,"entry":6,"row_node":19,"slave_slot":6,"value":-268.51875469405724}
MORTAR_OBSERVER {"kind":"KIN_BD","call_id":19,"node":13,"entry":7,"row_node":23,"slave_slot":7,"value":-41.666762492038607}
MORTAR_OBSERVER {"kind":"KIN_BD","call_id":19,"node":13,"entry":8,"row_node":24,"slave_slot":8,"value":-458.33370498722223}
MORTAR_OBSERVER {"kind":"KIN_NODE","call_id":19,"node":14,"dd_count":0,"bd_count":9,"b2":[5.0189752151947059e-05,-9.8755457424633231e-05,-0.00013485098906344144],"vold":[0.00026565093025918601,-6.1352464415693163e-05,-0.0002300738980487581],"vini":[2.4201626574401393e-05,-2.8535390258710365e-05,-0.00010353950999479019]}
MORTAR_OBSERVER {"kind":"KIN_BD","call_id":19,"node":14,"entry":9,"row_node":1,"slave_slot":0,"value":-101.85205834211705}
MORTAR_OBSERVER {"kind":"KIN_BD","call_id":19,"node":14,"entry":10,"row_node":2,"slave_slot":1,"value":-560.18582613200579}
MORTAR_OBSERVER {"kind":"KIN_BD","call_id":19,"node":14,"entry":11,"row_node":3,"slave_slot":2,"value":-101.8520474025626}
MORTAR_OBSERVER {"kind":"KIN_BD","call_id":19,"node":14,"entry":12,"row_node":4,"slave_slot":3,"value":-4.6295740824065685}
MORTAR_OBSERVER {"kind":"KIN_BD","call_id":19,"node":14,"entry":13,"row_node":17,"slave_slot":4,"value":-458.333510499559}
MORTAR_OBSERVER {"kind":"KIN_BD","call_id":19,"node":14,"entry":14,"row_node":18,"slave_slot":5,"value":-458.33376300392297}
MORTAR_OBSERVER {"kind":"KIN_BD","call_id":19,"node":14,"entry":15,"row_node":19,"slave_slot":6,"value":-731.482068890954}
MORTAR_OBSERVER {"kind":"KIN_BD","call_id":19,"node":14,"entry":16,"row_node":23,"slave_slot":7,"value":-41.666791625993497}
MORTAR_OBSERVER {"kind":"KIN_BD","call_id":19,"node":14,"entry":17,"row_node":24,"slave_slot":8,"value":-41.666811757788253}
MORTAR_OBSERVER {"kind":"KIN_NODE","call_id":19,"node":15,"dd_count":0,"bd_count":9,"b2":[-4.2302048763839147e-05,-6.6912403228467298e-05,0.00011933148572502949],"vold":[0.00030498040993612806,8.2967846049363198e-05,-0.0003530766712054826],"vini":[2.710682217014385e-05,2.7106822170201716e-05,-0.000110172262554128]}
MORTAR_OBSERVER {"kind":"KIN_BD","call_id":19,"node":15,"entry":18,"row_node":1,"slave_slot":0,"value":-9.2592593538675061}
MORTAR_OBSERVER {"kind":"KIN_BD","call_id":19,"node":15,"entry":19,"row_node":2,"slave_slot":1,"value":-50.925942720941158}
MORTAR_OBSERVER {"kind":"KIN_BD","call_id":19,"node":15,"entry":20,"row_node":3,"slave_slot":2,"value":-1120.3713054995505}
MORTAR_OBSERVER {"kind":"KIN_BD","call_id":19,"node":15,"entry":21,"row_node":4,"slave_slot":3,"value":-50.925942720941208}
MORTAR_OBSERVER {"kind":"KIN_BD","call_id":19,"node":15,"entry":22,"row_node":17,"slave_slot":4,"value":-41.666797488145619}
MORTAR_OBSERVER {"kind":"KIN_BD","call_id":19,"node":15,"entry":23,"row_node":18,"slave_slot":5,"value":-458.33362403706082}
MORTAR_OBSERVER {"kind":"KIN_BD","call_id":19,"node":15,"entry":24,"row_node":19,"slave_slot":6,"value":-268.51884674778933}
MORTAR_OBSERVER {"kind":"KIN_BD","call_id":19,"node":15,"entry":25,"row_node":23,"slave_slot":7,"value":-458.33362403706025}
MORTAR_OBSERVER {"kind":"KIN_BD","call_id":19,"node":15,"entry":26,"row_node":24,"slave_slot":8,"value":-41.66679748814537}
MORTAR_OBSERVER {"kind":"KIN_NODE","call_id":19,"node":16,"dd_count":0,"bd_count":9,"b2":[1.7016413014284341e-05,-6.3215692824256282e-05,-1.1594722851193844e-05],"vold":[0.00019403371730253576,-3.00631117982628e-05,0.00012043223073989666],"vini":[-2.8535390258651648e-05,2.4201626574321538e-05,-0.00010353950999474492]}
MORTAR_OBSERVER {"kind":"KIN_BD","call_id":19,"node":16,"entry":27,"row_node":1,"slave_slot":0,"value":-101.85205834211729}
MORTAR_OBSERVER {"kind":"KIN_BD","call_id":19,"node":16,"entry":28,"row_node":2,"slave_slot":1,"value":-4.6295740824066147}
MORTAR_OBSERVER {"kind":"KIN_BD","call_id":19,"node":16,"entry":29,"row_node":3,"slave_slot":2,"value":-101.85204740256266}
MORTAR_OBSERVER {"kind":"KIN_BD","call_id":19,"node":16,"entry":30,"row_node":4,"slave_slot":3,"value":-560.18582613200647}
MORTAR_OBSERVER {"kind":"KIN_BD","call_id":19,"node":16,"entry":31,"row_node":17,"slave_slot":4,"value":-41.666811757788196}
MORTAR_OBSERVER {"kind":"KIN_BD","call_id":19,"node":16,"entry":32,"row_node":18,"slave_slot":5,"value":-41.666791625993454}
MORTAR_OBSERVER {"kind":"KIN_BD","call_id":19,"node":16,"entry":33,"row_node":19,"slave_slot":6,"value":-731.48206889095377}
MORTAR_OBSERVER {"kind":"KIN_BD","call_id":19,"node":16,"entry":34,"row_node":23,"slave_slot":7,"value":-458.33376300392348}
MORTAR_OBSERVER {"kind":"KIN_BD","call_id":19,"node":16,"entry":35,"row_node":24,"slave_slot":8,"value":-458.33351049955786}
MORTAR_OBSERVER {"kind":"KIN_NODE","call_id":19,"node":17,"dd_count":6,"bd_count":0,"b2":[0.00011079450400638925,-0.00013097621119278688,0.00029724613952327047],"vold":[0.249159952383636,0.00032744851965842256,-0.00045619765446308034],"vini":[-5.3690046458016392e-06,-2.2851020685450205e-05,-0.00010961044677868645]}
MORTAR_OBSERVER {"kind":"KIN_DD","call_id":19,"node":17,"entry":30,"row_node":1,"slave_slot":0,"value":2.4276877046305862e-13}
MORTAR_OBSERVER {"kind":"KIN_DD","call_id":19,"node":17,"entry":31,"row_node":2,"slave_slot":1,"value":-2.5461114951003707e-13}
MORTAR_OBSERVER {"kind":"KIN_DD","call_id":19,"node":17,"entry":32,"row_node":3,"slave_slot":2,"value":-6.5133084758381588e-14}
MORTAR_OBSERVER {"kind":"KIN_DD","call_id":19,"node":17,"entry":33,"row_node":17,"slave_slot":4,"value":1666.6680577780505}
MORTAR_OBSERVER {"kind":"KIN_DD","call_id":19,"node":17,"entry":34,"row_node":18,"slave_slot":5,"value":3.6618856459328738e-13}
MORTAR_OBSERVER {"kind":"KIN_DD","call_id":19,"node":17,"entry":35,"row_node":19,"slave_slot":6,"value":-1.2397490564805584e-13}
MORTAR_OBSERVER {"kind":"KIN_NODE","call_id":19,"node":18,"dd_count":6,"bd_count":0,"b2":[0.00015842302103189472,-0.00017727942218305118,0.00012730367028335215],"vold":[0.24917614974343189,0.00037517294297202501,-0.00039937956768592751],"vini":[2.3130538336491836e-05,-2.0816932734675867e-06,-0.00010820316598743466]}
MORTAR_OBSERVER {"kind":"KIN_DD","call_id":19,"node":18,"entry":36,"row_node":1,"slave_slot":0,"value":1.2286468261240163e-13}
MORTAR_OBSERVER {"kind":"KIN_DD","call_id":19,"node":18,"entry":37,"row_node":2,"slave_slot":1,"value":-2.3092639141608016e-13}
MORTAR_OBSERVER {"kind":"KIN_DD","call_id":19,"node":18,"entry":38,"row_node":3,"slave_slot":2,"value":-9.0298140233210834e-14}
MORTAR_OBSERVER {"kind":"KIN_DD","call_id":19,"node":18,"entry":39,"row_node":17,"slave_slot":4,"value":1.8947806475165551e-13}
MORTAR_OBSERVER {"kind":"KIN_DD","call_id":19,"node":18,"entry":40,"row_node":18,"slave_slot":5,"value":1666.6682518218884}
MORTAR_OBSERVER {"kind":"KIN_DD","call_id":19,"node":18,"entry":41,"row_node":19,"slave_slot":6,"value":-3.0207318428425546e-13}
MORTAR_OBSERVER {"kind":"KIN_NODE","call_id":19,"node":19,"dd_count":9,"bd_count":0,"b2":[0.00015713823455842577,-0.0001228042897064216,-4.9889065367673388e-07],"vold":[0.24915333642990775,0.00032052547533663908,-0.00011504700221966869],"vini":[-1.1041054726275674e-06,-1.1041054726048646e-06,-0.00010890228638792375]}
MORTAR_OBSERVER {"kind":"KIN_DD","call_id":19,"node":19,"entry":42,"row_node":1,"slave_slot":0,"value":2.871776918892279e-13}
MORTAR_OBSERVER {"kind":"KIN_DD","call_id":19,"node":19,"entry":43,"row_node":2,"slave_slot":1,"value":-5.9211895234892347e-14}
MORTAR_OBSERVER {"kind":"KIN_DD","call_id":19,"node":19,"entry":44,"row_node":3,"slave_slot":2,"value":2.8495724581791943e-13}
MORTAR_OBSERVER {"kind":"KIN_DD","call_id":19,"node":19,"entry":45,"row_node":4,"slave_slot":3,"value":-2.8421709712748327e-13}
MORTAR_OBSERVER {"kind":"KIN_DD","call_id":19,"node":19,"entry":46,"row_node":17,"slave_slot":4,"value":2.9605947617446172e-13}
MORTAR_OBSERVER {"kind":"KIN_DD","call_id":19,"node":19,"entry":47,"row_node":18,"slave_slot":5,"value":-1.501576655722348e-13}
MORTAR_OBSERVER {"kind":"KIN_DD","call_id":19,"node":19,"entry":48,"row_node":19,"slave_slot":6,"value":3333.3362651533125}
MORTAR_OBSERVER {"kind":"KIN_DD","call_id":19,"node":19,"entry":49,"row_node":23,"slave_slot":7,"value":1.807813176390307e-13}
MORTAR_OBSERVER {"kind":"KIN_DD","call_id":19,"node":19,"entry":50,"row_node":24,"slave_slot":8,"value":2.8810287775227309e-13}
MORTAR_OBSERVER {"kind":"KIN_NODE","call_id":19,"node":23,"dd_count":6,"bd_count":0,"b2":[8.0578731781792416e-05,-0.00010399184180018356,4.9169130756713857e-05],"vold":[0.24923463219907865,0.00031551886587812407,-0.00011657077995600221],"vini":[-2.0816932735063558e-06,2.3130538336494764e-05,-0.00010820316598741581]}
MORTAR_OBSERVER {"kind":"KIN_DD","call_id":19,"node":23,"entry":51,"row_node":1,"slave_slot":0,"value":-8.2896653328849286e-14}
MORTAR_OBSERVER {"kind":"KIN_DD","call_id":19,"node":23,"entry":52,"row_node":3,"slave_slot":2,"value":-1.8059628046642167e-13}
MORTAR_OBSERVER {"kind":"KIN_DD","call_id":19,"node":23,"entry":53,"row_node":4,"slave_slot":3,"value":3.4194869498150328e-13}
MORTAR_OBSERVER {"kind":"KIN_DD","call_id":19,"node":23,"entry":54,"row_node":19,"slave_slot":6,"value":1.0658141142280622e-13}
MORTAR_OBSERVER {"kind":"KIN_DD","call_id":19,"node":23,"entry":55,"row_node":23,"slave_slot":7,"value":1666.6682518218884}
MORTAR_OBSERVER {"kind":"KIN_DD","call_id":19,"node":23,"entry":56,"row_node":24,"slave_slot":8,"value":-1.6866138283313867e-13}
MORTAR_OBSERVER {"kind":"KIN_NODE","call_id":19,"node":24,"dd_count":6,"bd_count":0,"b2":[0.00010896961457620399,-0.00011494388418321314,6.2509910457864002e-05],"vold":[0.24921049749732671,0.00031193107410646889,3.7407060547048457e-05],"vini":[-2.2851020685498611e-05,-5.3690046456183201e-06,-0.00010961044677866738]}
MORTAR_OBSERVER {"kind":"KIN_DD","call_id":19,"node":24,"entry":57,"row_node":1,"slave_slot":0,"value":8.8373753638076831e-13}
MORTAR_OBSERVER {"kind":"KIN_DD","call_id":19,"node":24,"entry":58,"row_node":3,"slave_slot":2,"value":-1.6875390141944319e-13}
MORTAR_OBSERVER {"kind":"KIN_DD","call_id":19,"node":24,"entry":59,"row_node":4,"slave_slot":3,"value":5.3512750318533959e-13}
MORTAR_OBSERVER {"kind":"KIN_DD","call_id":19,"node":24,"entry":60,"row_node":19,"slave_slot":6,"value":-8.2896653328849286e-14}
MORTAR_OBSERVER {"kind":"KIN_DD","call_id":19,"node":24,"entry":61,"row_node":23,"slave_slot":7,"value":2.2500520189259093e-13}
MORTAR_OBSERVER {"kind":"KIN_DD","call_id":19,"node":24,"entry":62,"row_node":24,"slave_slot":8,"value":1666.6680577780487}
MORTAR_OBSERVER {"kind":"KIN_GAP","call_id":19,"pair":0,"slot":0,"node":1,"gap":-0.0019951154517190732}
MORTAR_OBSERVER {"kind":"KIN_GAP","call_id":19,"pair":0,"slot":1,"node":2,"gap":-0.44641936597698373}
MORTAR_OBSERVER {"kind":"KIN_GAP","call_id":19,"pair":0,"slot":2,"node":3,"gap":-0.0032139107376532457}
MORTAR_OBSERVER {"kind":"KIN_GAP","call_id":19,"pair":0,"slot":3,"node":4,"gap":0.00097886887900602111}
MORTAR_OBSERVER {"kind":"KIN_GAP","call_id":19,"pair":0,"slot":4,"node":17,"gap":-0.35470352526335946}
MORTAR_OBSERVER {"kind":"KIN_GAP","call_id":19,"pair":0,"slot":5,"node":18,"gap":-0.0040599862672448502}
MORTAR_OBSERVER {"kind":"KIN_GAP","call_id":19,"pair":0,"slot":6,"node":19,"gap":-0.0048034292256278754}
MORTAR_OBSERVER {"kind":"KIN_GAP","call_id":19,"pair":0,"slot":7,"node":23,"gap":0.00020490256732705455}
MORTAR_OBSERVER {"kind":"KIN_GAP","call_id":19,"pair":0,"slot":8,"node":24,"gap":0.00088867018760183407}
MORTAR_OBSERVER {"kind":"INVENTORY","call_id":19,"pair_count":1,"slave_count":9}
MORTAR_OBSERVER {"kind":"PAIR","call_id":19,"pair":0,"start":0,"end":9}
MORTAR_OBSERVER {"kind":"PRE_RAW","call_id":19,"pair":0,"slot":0,"node":1,"activity":2,"lambda_raw":[0.001121957585984761,7.9355545114494024e-07,-0.0037398463753425377],"lambda_start":[0.00050771518908920529,0.00050771518909969321,-0.013186514357202705],"ddtil_count":1}
MORTAR_OBSERVER {"kind":"DDTIL","call_id":19,"pair":0,"column_slot":0,"source_slot":0,"destination_slot":0,"entry":0,"value":1333.3343393655837}
MORTAR_OBSERVER {"kind":"PRE_RAW","call_id":19,"pair":0,"slot":1,"node":2,"activity":1,"lambda_raw":[0.0084449713328505465,-0.007878321785120504,-0.035761882065319495],"lambda_start":[-6.5538309315043666e-05,0.00026092037294276585,-0.012777594587534601],"ddtil_count":1}
MORTAR_OBSERVER {"kind":"DDTIL","call_id":19,"pair":0,"column_slot":1,"source_slot":1,"destination_slot":1,"entry":1,"value":666.6672829657565}
MORTAR_OBSERVER {"kind":"PRE_RAW","call_id":19,"pair":0,"slot":2,"node":3,"activity":2,"lambda_raw":[0.0058645942912451824,5.4614833969923207e-06,-0.019548659095078223],"lambda_start":[0.00010155868155003408,0.00010155868154907331,-0.0125689875371119],"ddtil_count":1}
MORTAR_OBSERVER {"kind":"DDTIL","call_id":19,"pair":0,"column_slot":2,"source_slot":2,"destination_slot":2,"entry":2,"value":1333.33470804888}
MORTAR_OBSERVER {"kind":"PRE_RAW","call_id":19,"pair":0,"slot":3,"node":4,"activity":0,"lambda_raw":[-4.6629323927841698e-18,-4.9959989922687532e-18,7.9935983876300046e-18],"lambda_start":[0.00026092037297979141,-6.5538309317234351e-05,-0.012777594587533964],"ddtil_count":1}
MORTAR_OBSERVER {"kind":"DDTIL","call_id":19,"pair":0,"column_slot":3,"source_slot":3,"destination_slot":3,"entry":3,"value":666.66728296575695}
MORTAR_OBSERVER {"kind":"PRE_RAW","call_id":19,"pair":0,"slot":4,"node":17,"activity":1,"lambda_raw":[0.0073179782951116445,-0.0049241190784775997,-0.017551256963176141],"lambda_start":[-0.0007365987945344057,-9.7040249850901462e-05,-0.011300302693721054],"ddtil_count":1}
MORTAR_OBSERVER {"kind":"DDTIL","call_id":19,"pair":0,"column_slot":4,"source_slot":4,"destination_slot":4,"entry":4,"value":1000.0008247327145}
MORTAR_OBSERVER {"kind":"PRE_RAW","call_id":19,"pair":0,"slot":5,"node":18,"activity":2,"lambda_raw":[0.0084427846789591598,6.9958464785602456e-06,-0.028142616572991996],"lambda_start":[0.00031677884056088363,-0.00033175558754602565,-0.011646327674742232],"ddtil_count":1}
MORTAR_OBSERVER {"kind":"DDTIL","call_id":19,"pair":0,"column_slot":5,"source_slot":5,"destination_slot":5,"entry":5,"value":1000.0009411590161}
MORTAR_OBSERVER {"kind":"PRE_RAW","call_id":19,"pair":0,"slot":6,"node":19,"activity":2,"lambda_raw":[0.0029120298087945058,2.132103105208778e-06,-0.0097067103031048697],"lambda_start":[-0.00016633402471439708,-0.00016633402470980207,-0.011364585339352794],"ddtil_count":1}
MORTAR_OBSERVER {"kind":"DDTIL","call_id":19,"pair":0,"column_slot":6,"source_slot":6,"destination_slot":6,"entry":6,"value":2000.0017392237551}
MORTAR_OBSERVER {"kind":"PRE_RAW","call_id":19,"pair":0,"slot":7,"node":23,"activity":0,"lambda_raw":[7.9935982540540595e-18,-5.356821052195949e-18,3.1086215432432452e-18],"lambda_start":[-0.00033175558755821078,0.00031677884057350418,-0.011646327674742355],"ddtil_count":1}
MORTAR_OBSERVER {"kind":"DDTIL","call_id":19,"pair":0,"column_slot":7,"source_slot":7,"destination_slot":7,"entry":7,"value":1000.0009411590161}
MORTAR_OBSERVER {"kind":"PRE_RAW","call_id":19,"pair":0,"slot":8,"node":24,"activity":0,"lambda_raw":[1.0658132246291175e-17,-2.0108897949057178e-17,0],"lambda_start":[-9.7040249858331947e-05,-0.00073659879456435451,-0.011300302693717842],"ddtil_count":1}
MORTAR_OBSERVER {"kind":"DDTIL","call_id":19,"pair":0,"column_slot":8,"source_slot":8,"destination_slot":8,"entry":8,"value":1000.0008247327135}
MORTAR_OBSERVER {"kind":"LAW","call_id":19,"pair":0,"slot":0,"node":1,"activity":2,"ndof":3,"normal":[7.4139640564509083e-08,7.413964056489398e-08,-0.99999999999999456],"tangents":[0.99999999999999722,-5.4966863030631521e-15,7.4139640564508898e-08,-7.8886090522101181e-31,0.99999999999999734,7.4139640564894179e-08],"ln":4.986465707183326,"lt":[1.495944207010425,0.0010577050384353026],"lt_start":[0.6769527927045591,0.67695279271854691],"q":0.00049864657071844922,"ut":[332.09305397794367,0.35229171733504033],"gn":0.00049864657071833267,"gt":[0.0081899141430586582,-0.0067589508768011166],"b":1.4959400618101983,"constant_n":10000000000,"constant_t":100,"mu":0.29999999999999999,"normal_mode":1,"tangent_mode":1,"normal_inverse_stiffness":0.0001,"tangent_inverse_stiffness":0.01,"p0":0,"beta":0,"iwan":1,"rn":-3.4965520057106403e-07,"rt":[5.0195467597990984e-06,-0.00055968151063574985]}
MORTAR_OBSERVER {"kind":"LAW","call_id":19,"pair":0,"slot":1,"node":2,"activity":1,"ndof":3,"normal":[6.8387805827692747e-08,-4.1027950443498291e-08,-0.99999999999999689],"tangents":[0.99999999999999767,2.8058115084381685e-15,6.8387805827692694e-08,-3.944304526105059e-31,0.99999999999999922,-4.102795044349839e-08],"ln":23.84127735073848,"lt":[5.6299844627425442,-5.2522184006574895],"lt_start":[-0.043692829156205842,0.17394742559283358],"q":0.0023841277350739598,"ut":[166.0154835808541,0.21642022406520395],"gn":0.0023841277350738479,"gt":[0.056736772918987502,-0.054261658262503232],"b":7.1523835408905363,"constant_n":10000000000,"constant_t":100,"mu":0.29999999999999999,"normal_mode":1,"tangent_mode":1,"normal_inverse_stiffness":0.0001,"tangent_inverse_stiffness":0.01,"p0":0,"beta":0,"iwan":1,"rn":-3.3566899215742296e-07,"rt":[165.95874680793511,0.27068188232770718]}
MORTAR_OBSERVER {"kind":"LAW","call_id":19,"pair":0,"slot":2,"node":3,"activity":2,"ndof":3,"normal":[-4.5208292547312871e-08,-4.52082925469361e-08,-0.999999999999998],"tangents":[0.999999999999999,-2.0437897150263934e-15,-4.5208292547312824e-08,3.944304526105059e-31,0.999999999999999,-4.5208292546936146e-08],"ln":26.064905313449184,"lt":[7.8194682954923964,0.0072831637205231694],"lt_start":[0.13541247264507875,0.13541247264379797],"q":0.0026064905313448088,"ut":[332.09221058255412,0.31735442289667493],"gn":0.0026064905313449185,"gt":[0.076840558228473174,-0.0012812930892327479],"b":7.819471264870975,"constant_n":10000000000,"constant_t":100,"mu":0.29999999999999999,"normal_mode":1,"tangent_mode":1,"normal_inverse_stiffness":0.0001,"tangent_inverse_stiffness":0.01,"p0":0,"beta":0,"iwan":1,"rn":3.2916377978864375e-07,"rt":[6.315424325720187e-07,-0.00022114062984882315]}
MORTAR_OBSERVER {"kind":"LAW","call_id":19,"pair":0,"slot":3,"node":4,"activity":0,"ndof":3,"normal":[-4.1027950443876154e-08,6.8387805828061921e-08,-0.99999999999999689],"tangents":[0.99999999999999922,2.8058115084791518e-15,-4.1027950443876068e-08,3.944304526105059e-31,0.99999999999999778,6.8387805828061987e-08],"ln":-5.3290706184373931e-15,"lt":[-3.1086246875912865e-15,-3.3306687094320221e-15],"lt_start":[0.1739474256175173,-0.043692829157666827],"q":-0.070835312414177121,"ut":[166.07312322626365,0.17691173079532152],"gn":-5.3290706184373936e-19,"gt":[-0.0017394742561752041,0.00043692829157663496],"b":-212505937.24253136,"constant_n":10000000000,"constant_t":100,"mu":0.29999999999999999,"normal_mode":1,"tangent_mode":1,"normal_inverse_stiffness":0.0001,"tangent_inverse_stiffness":0.01,"p0":0,"beta":0,"iwan":1,"rn":-1.5987211855312178e-15,"rt":[-3.1086246875912865e-15,-3.3306687094320221e-15]}
MORTAR_OBSERVER {"kind":"LAW","call_id":19,"pair":0,"slot":4,"node":17,"activity":1,"ndof":3,"normal":[7.2424004571337343e-08,1.5395559165892368e-08,-0.99999999999999734],"tangents":[0.99999999999999745,-1.1150080474088865e-15,7.2424004571337343e-08,-0,1,1.5395559165892408e-08],"ln":17.551271892459994,"lt":[7.317983059354372,-4.9241234097713313],"lt_start":[-0.73660022044537588,-0.097040503857792323],"q":0.0017551271892458087,"ut":[248.99462068712046,0.28624626337332149],"gn":0.0017551271892459995,"gt":[0.080545832797997471,-0.048270829059135385],"b":5.2653809952792505,"constant_n":10000000000,"constant_t":100,"mu":0.29999999999999999,"normal_mode":1,"tangent_mode":1,"normal_inverse_stiffness":0.0001,"tangent_inverse_stiffness":0.01,"p0":0,"beta":0,"iwan":1,"rn":5.7245874707234634e-07,"rt":[248.91407485432245,0.33451709243245686]}
MORTAR_OBSERVER {"kind":"LAW","call_id":19,"pair":0,"slot":5,"node":18,"activity":2,"ndof":3,"normal":[1.196430858954852e-08,-4.3492668962924582e-08,-0.999999999999999],"tangents":[1,5.2035971285550893e-16,1.196430858954851e-08,-0,0.99999999999999911,-4.3492668962924588e-08],"ln":28.142643160377197,"lt":[8.4427922882548145,0.0069970770614225632],"lt_start":[0.31677899935975595,-0.33175539325043679],"q":0.0028142643160377714,"ut":[249.05301946523585,0.26353797481216301],"gn":0.0028142643160377198,"gt":[0.081260132888950593,0.0033875247031185936],"b":8.4427931029372285,"constant_n":10000000000,"constant_t":100,"mu":0.29999999999999999,"normal_mode":1,"tangent_mode":1,"normal_inverse_stiffness":0.0001,"tangent_inverse_stiffness":0.01,"p0":0,"beta":0,"iwan":1,"rn":-1.5482407000888543e-07,"rt":[3.7936508086033882e-06,-0.0018241692592414266]}
MORTAR_OBSERVER {"kind":"LAW","call_id":19,"pair":0,"slot":6,"node":19,"activity":2,"ndof":3,"normal":[1.446566586541265e-08,1.4465665865794023e-08,-0.99999999999999978],"tangents":[0.99999999999999989,-2.0925548893528156e-16,1.4465665865412648e-08,-0,0.99999999999999989,1.4465665865794025e-08],"ln":19.41343757266154,"lt":[5.8240644014321292,0.004263929090321911],"lt_start":[-0.33266866751375551,-0.33266866750456553],"q":0.0019413437572663537,"ut":[498.11227642897961,0.55292675209598696],"gn":0.001941343757266154,"gt":[0.061567330689458848,0.0033693259659488745],"b":5.8240318709285823,"constant_n":10000000000,"constant_t":100,"mu":0.29999999999999999,"normal_mode":1,"tangent_mode":1,"normal_inverse_stiffness":0.0001,"tangent_inverse_stiffness":0.01,"p0":0,"beta":0,"iwan":1,"rn":-5.9913012062651205e-07,"rt":[3.6075682907643625e-05,-0.0021621476756168634]}
MORTAR_OBSERVER {"kind":"LAW","call_id":19,"pair":0,"slot":7,"node":23,"activity":0,"ndof":3,"normal":[-4.3492668963301889e-08,1.1964308589921484e-08,-0.999999999999999],"tangents":[0.99999999999999911,5.2035971287624483e-16,-4.3492668963301889e-08,-0,1,1.1964308589921497e-08],"ln":-3.1086248807044054e-15,"lt":[7.9936056420987425e-15,-5.3568260566238369e-15],"lt_start":[-0.33175539326262177,0.31677899937237669],"q":0.027279021459442481,"ut":[249.07009863673824,0.2542081351440395],"gn":-3.1086248807044054e-19,"gt":[0.0033175539326262978,-0.0031677899937238201],"b":81837064.378327429,"constant_n":10000000000,"constant_t":100,"mu":0.29999999999999999,"normal_mode":1,"tangent_mode":1,"normal_inverse_stiffness":0.0001,"tangent_inverse_stiffness":0.01,"p0":0,"beta":0,"iwan":1,"rn":-81837064.378327429,"rt":[7.9936056420987425e-15,-5.3568260566238369e-15]}
MORTAR_OBSERVER {"kind":"LAW","call_id":19,"pair":0,"slot":8,"node":24,"activity":0,"ndof":3,"normal":[1.539555916551032e-08,7.2424004571714789e-08,-0.99999999999999734],"tangents":[0.99999999999999989,-1.1150080473870252e-15,1.5395559165510284e-08,-1.9721522630525295e-31,0.99999999999999745,7.2424004571714789e-08],"ln":-1.2922800771878297e-21,"lt":[1.0658141036401523e-14,-2.0108914533523097e-14],"lt_start":[-0.097040503865221894,-0.73660022047532414],"q":-0.064104414658062547,"ut":[249.11228633263937,0.26793574847038909],"gn":-1.2922800771878297e-25,"gt":[0.00097040503865232551,0.0073660022047530409],"b":-192313243.97418761,"constant_n":10000000000,"constant_t":100,"mu":0.29999999999999999,"normal_mode":1,"tangent_mode":1,"normal_inverse_stiffness":0.0001,"tangent_inverse_stiffness":0.01,"p0":0,"beta":0,"iwan":1,"rn":-3.876840231563489e-22,"rt":[1.0658141036401523e-14,-2.0108914533523097e-14]}
MORTAR_OBSERVER {"kind":"POST_RAW_AFTER_ACTIVE_LOOP","call_id":19,"pair":0,"slot":0,"node":1,"activity":2,"lambda_raw":[0.001121957585984761,7.9355545114494024e-07,-0.0037398463753425377],"gap":-0.00049864657071844922}
MORTAR_OBSERVER {"kind":"POST_RAW_AFTER_ACTIVE_LOOP","call_id":19,"pair":0,"slot":1,"node":2,"activity":2,"lambda_raw":[0.0084449713328505465,-0.007878321785120504,-0.035761882065319495],"gap":-0.0023841277350739598}
MORTAR_OBSERVER {"kind":"POST_RAW_AFTER_ACTIVE_LOOP","call_id":19,"pair":0,"slot":2,"node":3,"activity":2,"lambda_raw":[0.0058645942912451824,5.4614833969923207e-06,-0.019548659095078223],"gap":-0.0026064905313448088}
MORTAR_OBSERVER {"kind":"POST_RAW_AFTER_ACTIVE_LOOP","call_id":19,"pair":0,"slot":3,"node":4,"activity":0,"lambda_raw":[0,0,0],"gap":0.070835312414177121}
MORTAR_OBSERVER {"kind":"POST_RAW_AFTER_ACTIVE_LOOP","call_id":19,"pair":0,"slot":4,"node":17,"activity":2,"lambda_raw":[0.0073179782951116445,-0.0049241190784775997,-0.017551256963176141],"gap":-0.0017551271892458087}
MORTAR_OBSERVER {"kind":"POST_RAW_AFTER_ACTIVE_LOOP","call_id":19,"pair":0,"slot":5,"node":18,"activity":2,"lambda_raw":[0.0084427846789591598,6.9958464785602456e-06,-0.028142616572991996],"gap":-0.0028142643160377714}
MORTAR_OBSERVER {"kind":"POST_RAW_AFTER_ACTIVE_LOOP","call_id":19,"pair":0,"slot":6,"node":19,"activity":2,"lambda_raw":[0.0029120298087945058,2.132103105208778e-06,-0.0097067103031048697],"gap":-0.0019413437572663537}
MORTAR_OBSERVER {"kind":"POST_RAW_AFTER_ACTIVE_LOOP","call_id":19,"pair":0,"slot":7,"node":23,"activity":1,"lambda_raw":[7.9935982540540595e-18,-5.356821052195949e-18,3.1086215432432452e-18],"gap":-0.027279021459442481}
MORTAR_OBSERVER {"kind":"POST_RAW_AFTER_ACTIVE_LOOP","call_id":19,"pair":0,"slot":8,"node":24,"activity":0,"lambda_raw":[0,0,0],"gap":0.064104414658062547}
MORTAR_OBSERVER {"kind":"CFS_INVENTORY","call_id":19,"all_node_count":35,"physical_count":13}
MORTAR_OBSERVER {"kind":"CFS_NODE","call_id":19,"node":1,"force":[-2.8847385363396363,1.6410110920088987,7.3351043520209833]}
MORTAR_OBSERVER {"kind":"CFS_NODE","call_id":19,"node":2,"force":[0.37639364423752103,-3.6131769092778452,-8.6099715393077236]}
MORTAR_OBSERVER {"kind":"CFS_NODE","call_id":19,"node":3,"force":[3.0638478966279337,0.003528630950299197,-10.212878424253775]}
MORTAR_OBSERVER {"kind":"CFS_NODE","call_id":19,"node":4,"force":[-2.1318780329610531e-15,1.7860789328726569e-15,-2.8117313965264646e-15]}
MORTAR_OBSERVER {"kind":"CFS_NODE","call_id":19,"node":13,"force":[-6.229173115308769,2.6562970338210552,18.015607912752351]}
MORTAR_OBSERVER {"kind":"CFS_NODE","call_id":19,"node":14,"force":[-14.796133411114242,6.66480986473365,50.448606559745372]}
MORTAR_OBSERVER {"kind":"CFS_NODE","call_id":19,"node":15,"force":[-11.967443489426662,0.5964780578607628,39.994039245939426]}
MORTAR_OBSERVER {"kind":"CFS_NODE","call_id":19,"node":16,"force":[-3.5374894089034905,0.23915743887521232,11.541746281562675]}
MORTAR_OBSERVER {"kind":"CFS_NODE","call_id":19,"node":17,"force":[12.196640671975656,-8.2068719807941033,-29.252119354380262]}
MORTAR_OBSERVER {"kind":"CFS_NODE","call_id":19,"node":18,"force":[14.071321181389484,0.011659755220437204,-46.904405565402264]}
MORTAR_OBSERVER {"kind":"CFS_NODE","call_id":19,"node":19,"force":[9.7067745668621939,0.0071070166016374177,-32.35572946867677]}
MORTAR_OBSERVER {"kind":"CFS_NODE","call_id":19,"node":23,"force":[1.2480914230478839e-14,-8.928868442506315e-15,7.9869218178330035e-15]}
MORTAR_OBSERVER {"kind":"CFS_NODE","call_id":19,"node":24,"force":[-2.3955465947084381e-16,-3.9709610337866964e-19,7.9852366658542596e-16]}
MORTAR_OBSERVER {"kind":"CFS_END","call_id":19,"scanned_nodes":35,"physical_count":13,"outside_nonzero_count":0}
MORTAR_OBSERVER {"kind":"SUMMARY_PRE_OVERRIDE","call_id":19,"ndiverg":14,"flag":1,"keepset":0,"max_n":81837064.378327429,"max_t":[248.91407485432245,0.33451709243245686],"lm_t_av":[36.530236714286687,10.195943685339529],"nstick":1,"nslip":6,"ninactive":2,"nnogap":0,"nolm":0}
MORTAR_OBSERVER {"kind":"SUMMARY_POST_OVERRIDE","call_id":19,"flag":1}
MORTAR_OBSERVER {"kind":"RETURN","call_id":19}
 Using up to 2 cpu(s) for the stress calculation.

 average force= 6.210505
 time avg. forc= 6.210505
 largest residual force= 0.000455 in node 19 and dof 3
 largest increment of disp= 1.730781e-01
 largest correction to disp= 5.633350e-04 in node 2 and dof 3

MORTAR_OBSERVER {"kind":"PRE_CHECK","call_id":19,"step":2,"inc":1,"cutback":0,"iteration":11,"time":0.25,"dtime":0.25,"ttime":1,"tper":1,"theta":0,"dtheta":0.25,"icntrl":0,"nmethod":1,"iexpl":0,"ithermal":0,"uncoupled":0,"mortar":2,"iflagdualquad":2}
 no convergence

MORTAR_OBSERVER {"kind":"POST_CHECK","call_id":19,"step":2,"inc":1,"cutback":0,"iteration":12,"time":0.25,"dtime":0.25,"ttime":1,"tper":1,"theta":0,"dtheta":0.25,"icntrl":0,"nmethod":1,"iexpl":0,"ithermal":0,"uncoupled":0,"mortar":2,"iflagdualquad":2}
 iteration 12

 Determining the structure of the matrix:

 Using up to 2 cpu(s) for setting up the structure of the matrix.
 number of equations
 75
 number of nonzero lower triangular matrix elements
 1143

 Using up to 2 cpu(s) for the stress calculation.

 Using up to 2 cpu(s) for the symmetric stiffness/mass contributions.

 Using up to 2 cpu(s) for the stress calculation.

 Using up to 2 cpu(s) for the symmetric stiffness/mass contributions.

 Factoring the system of equations using the unsymmetric spooles solver
 Using 1 cpu for spooles.

MORTAR_OBSERVER {"kind":"BEGIN","call_id":20,"step":2,"inc":1,"cutback":0,"iteration":12,"time":0.25,"dtime":0.25,"ttime":1,"tper":1,"theta":0,"dtheta":0.25,"icntrl":0,"nmethod":1,"iexpl":0,"ithermal":0,"uncoupled":0,"mortar":2,"iflagdualquad":2}
MORTAR_OBSERVER {"kind":"KIN_INVENTORY","call_id":20,"all_node_count":35,"physical_count":13,"dd_count":63,"bd_count":36,"slave_count":9}
MORTAR_OBSERVER {"kind":"KIN_NODE","call_id":20,"node":1,"dd_count":9,"bd_count":0,"b2":[2.9629230937036757e-05,-8.6581751303283831e-05,1.7428687562038527e-05],"vold":[0.24929021488403949,0.00021815197593259619,7.2311729291396468e-06],"vini":[-1.8651819129285558e-05,-1.8651819129203521e-05,-0.00011333255306067981]}
MORTAR_OBSERVER {"kind":"KIN_DD","call_id":20,"node":1,"entry":0,"row_node":1,"slave_slot":0,"value":1333.3343393655834}
MORTAR_OBSERVER {"kind":"KIN_DD","call_id":20,"node":1,"entry":1,"row_node":2,"slave_slot":1,"value":7.5199107760053208e-14}
MORTAR_OBSERVER {"kind":"KIN_DD","call_id":20,"node":1,"entry":2,"row_node":3,"slave_slot":2,"value":1.8518520025380737e-13}
MORTAR_OBSERVER {"kind":"KIN_DD","call_id":20,"node":1,"entry":3,"row_node":4,"slave_slot":3,"value":-1.2478906921415307e-13}
MORTAR_OBSERVER {"kind":"KIN_DD","call_id":20,"node":1,"entry":4,"row_node":17,"slave_slot":4,"value":-333.33361652266797}
MORTAR_OBSERVER {"kind":"KIN_DD","call_id":20,"node":1,"entry":5,"row_node":18,"slave_slot":5,"value":-1.2675047270840951e-14}
MORTAR_OBSERVER {"kind":"KIN_DD","call_id":20,"node":1,"entry":6,"row_node":19,"slave_slot":6,"value":-666.66726296477884}
MORTAR_OBSERVER {"kind":"KIN_DD","call_id":20,"node":1,"entry":7,"row_node":23,"slave_slot":7,"value":-3.7425618361670371e-13}
MORTAR_OBSERVER {"kind":"KIN_DD","call_id":20,"node":1,"entry":8,"row_node":24,"slave_slot":8,"value":-333.33361652266734}
MORTAR_OBSERVER {"kind":"KIN_NODE","call_id":20,"node":2,"dd_count":6,"bd_count":0,"b2":[-1.5456478480867194e-05,-0.00016089809553231223,3.0300998344162014e-05],"vold":[0.24932503512059376,0.00019038074901745936,-0.0003255499928271618],"vini":[1.9409787070850799e-05,-2.1276020123634991e-05,-0.00010609014988737315]}
MORTAR_OBSERVER {"kind":"KIN_DD","call_id":20,"node":2,"entry":9,"row_node":1,"slave_slot":0,"value":3.2566523894461172e-15}
MORTAR_OBSERVER {"kind":"KIN_DD","call_id":20,"node":2,"entry":10,"row_node":2,"slave_slot":1,"value":666.66728296575661}
MORTAR_OBSERVER {"kind":"KIN_DD","call_id":20,"node":2,"entry":11,"row_node":3,"slave_slot":2,"value":6.661338919786186e-15}
MORTAR_OBSERVER {"kind":"KIN_DD","call_id":20,"node":2,"entry":12,"row_node":17,"slave_slot":4,"value":-333.33361652266825}
MORTAR_OBSERVER {"kind":"KIN_DD","call_id":20,"node":2,"entry":13,"row_node":18,"slave_slot":5,"value":-333.33365533143626}
MORTAR_OBSERVER {"kind":"KIN_DD","call_id":20,"node":2,"entry":14,"row_node":19,"slave_slot":6,"value":2.189914937235159e-13}
MORTAR_OBSERVER {"kind":"KIN_NODE","call_id":20,"node":3,"dd_count":9,"bd_count":0,"b2":[-4.8810562681222615e-07,-8.1552328462902935e-05,-2.0770131559833925e-05],"vold":[0.24933232150122678,0.00023290241949561156,-0.0002186359444237186],"vini":[2.326667444963995e-05,2.3266674449668281e-05,-0.00011043941867480129]}
MORTAR_OBSERVER {"kind":"KIN_DD","call_id":20,"node":3,"entry":15,"row_node":1,"slave_slot":0,"value":2.0515994684268658e-14}
MORTAR_OBSERVER {"kind":"KIN_DD","call_id":20,"node":3,"entry":16,"row_node":2,"slave_slot":1,"value":1.0480968089501651e-13}
MORTAR_OBSERVER {"kind":"KIN_DD","call_id":20,"node":3,"entry":17,"row_node":3,"slave_slot":2,"value":1333.33470804888}
MORTAR_OBSERVER {"kind":"KIN_DD","call_id":20,"node":3,"entry":18,"row_node":4,"slave_slot":3,"value":-9.5257135799594381e-14}
MORTAR_OBSERVER {"kind":"KIN_DD","call_id":20,"node":3,"entry":19,"row_node":17,"slave_slot":4,"value":7.3644769849891522e-15}
MORTAR_OBSERVER {"kind":"KIN_DD","call_id":20,"node":3,"entry":20,"row_node":18,"slave_slot":5,"value":-333.33365533143655}
MORTAR_OBSERVER {"kind":"KIN_DD","call_id":20,"node":3,"entry":21,"row_node":19,"slave_slot":6,"value":-666.66726296477918}
MORTAR_OBSERVER {"kind":"KIN_DD","call_id":20,"node":3,"entry":22,"row_node":23,"slave_slot":7,"value":-333.3336553314362}
MORTAR_OBSERVER {"kind":"KIN_DD","call_id":20,"node":3,"entry":23,"row_node":24,"slave_slot":8,"value":-3.9320404721530813e-15}
MORTAR_OBSERVER {"kind":"KIN_NODE","call_id":20,"node":4,"dd_count":6,"bd_count":0,"b2":[2.2738530752793689e-06,-8.0230856674380301e-05,-3.091014750859416e-05],"vold":[0.24932743074540295,0.0001835472847916075,0.0001790539725644047],"vini":[-2.1276020123909488e-05,1.9409787070938233e-05,-0.00010609014988733541]}
MORTAR_OBSERVER {"kind":"KIN_DD","call_id":20,"node":4,"entry":24,"row_node":1,"slave_slot":0,"value":4.9650094869271167e-14}
MORTAR_OBSERVER {"kind":"KIN_DD","call_id":20,"node":4,"entry":25,"row_node":3,"slave_slot":2,"value":6.9870037418317637e-14}
MORTAR_OBSERVER {"kind":"KIN_DD","call_id":20,"node":4,"entry":26,"row_node":4,"slave_slot":3,"value":666.66728296575673}
MORTAR_OBSERVER {"kind":"KIN_DD","call_id":20,"node":4,"entry":27,"row_node":19,"slave_slot":6,"value":2.3074135077482704e-14}
MORTAR_OBSERVER {"kind":"KIN_DD","call_id":20,"node":4,"entry":28,"row_node":23,"slave_slot":7,"value":-333.33365533143649}
MORTAR_OBSERVER {"kind":"KIN_DD","call_id":20,"node":4,"entry":29,"row_node":24,"slave_slot":8,"value":-333.33361652266836}
MORTAR_OBSERVER {"kind":"KIN_NODE","call_id":20,"node":13,"dd_count":0,"bd_count":9,"b2":[-2.470380241758877e-06,2.9923609051418641e-05,1.9318846330784263e-05],"vold":[0.00020643722591249218,-3.7960193646808694e-05,3.5418231745947145e-05],"vini":[-2.8066862268510173e-05,-2.8066862268525196e-05,-0.00011356992110190738]}
MORTAR_OBSERVER {"kind":"KIN_BD","call_id":20,"node":13,"entry":0,"row_node":1,"slave_slot":0,"value":-1120.3709633274834}
MORTAR_OBSERVER {"kind":"KIN_BD","call_id":20,"node":13,"entry":1,"row_node":2,"slave_slot":1,"value":-50.925940030402735}
MORTAR_OBSERVER {"kind":"KIN_BD","call_id":20,"node":13,"entry":2,"row_node":3,"slave_slot":2,"value":-9.259307744204996}
MORTAR_OBSERVER {"kind":"KIN_BD","call_id":20,"node":13,"entry":3,"row_node":4,"slave_slot":3,"value":-50.925940030402948}
MORTAR_OBSERVER {"kind":"KIN_BD","call_id":20,"node":13,"entry":4,"row_node":17,"slave_slot":4,"value":-458.33370498722149}
MORTAR_OBSERVER {"kind":"KIN_BD","call_id":20,"node":13,"entry":5,"row_node":18,"slave_slot":5,"value":-41.666762492038849}
MORTAR_OBSERVER {"kind":"KIN_BD","call_id":20,"node":13,"entry":6,"row_node":19,"slave_slot":6,"value":-268.51875469405724}
MORTAR_OBSERVER {"kind":"KIN_BD","call_id":20,"node":13,"entry":7,"row_node":23,"slave_slot":7,"value":-41.666762492038607}
MORTAR_OBSERVER {"kind":"KIN_BD","call_id":20,"node":13,"entry":8,"row_node":24,"slave_slot":8,"value":-458.33370498722223}
MORTAR_OBSERVER {"kind":"KIN_NODE","call_id":20,"node":14,"dd_count":0,"bd_count":9,"b2":[-5.0031720594903899e-06,6.2347704992506123e-05,3.6505386345584489e-05],"vold":[0.00031584068241113309,-0.00016010792184032639,-0.00036492488711219954],"vini":[2.4201626574401393e-05,-2.8535390258710365e-05,-0.00010353950999479019]}
MORTAR_OBSERVER {"kind":"KIN_BD","call_id":20,"node":14,"entry":9,"row_node":1,"slave_slot":0,"value":-101.85205834211705}
MORTAR_OBSERVER {"kind":"KIN_BD","call_id":20,"node":14,"entry":10,"row_node":2,"slave_slot":1,"value":-560.18582613200579}
MORTAR_OBSERVER {"kind":"KIN_BD","call_id":20,"node":14,"entry":11,"row_node":3,"slave_slot":2,"value":-101.8520474025626}
MORTAR_OBSERVER {"kind":"KIN_BD","call_id":20,"node":14,"entry":12,"row_node":4,"slave_slot":3,"value":-4.6295740824065685}
MORTAR_OBSERVER {"kind":"KIN_BD","call_id":20,"node":14,"entry":13,"row_node":17,"slave_slot":4,"value":-458.333510499559}
MORTAR_OBSERVER {"kind":"KIN_BD","call_id":20,"node":14,"entry":14,"row_node":18,"slave_slot":5,"value":-458.33376300392297}
MORTAR_OBSERVER {"kind":"KIN_BD","call_id":20,"node":14,"entry":15,"row_node":19,"slave_slot":6,"value":-731.482068890954}
MORTAR_OBSERVER {"kind":"KIN_BD","call_id":20,"node":14,"entry":16,"row_node":23,"slave_slot":7,"value":-41.666791625993497}
MORTAR_OBSERVER {"kind":"KIN_BD","call_id":20,"node":14,"entry":17,"row_node":24,"slave_slot":8,"value":-41.666811757788253}
MORTAR_OBSERVER {"kind":"KIN_NODE","call_id":20,"node":15,"dd_count":0,"bd_count":9,"b2":[9.5888119322848132e-06,2.4695700702357902e-05,-2.6350813017113614e-05],"vold":[0.00026267836117228893,1.6055442820895899e-05,-0.00023374518548045309],"vini":[2.710682217014385e-05,2.7106822170201716e-05,-0.000110172262554128]}
MORTAR_OBSERVER {"kind":"KIN_BD","call_id":20,"node":15,"entry":18,"row_node":1,"slave_slot":0,"value":-9.2592593538675061}
MORTAR_OBSERVER {"kind":"KIN_BD","call_id":20,"node":15,"entry":19,"row_node":2,"slave_slot":1,"value":-50.925942720941158}
MORTAR_OBSERVER {"kind":"KIN_BD","call_id":20,"node":15,"entry":20,"row_node":3,"slave_slot":2,"value":-1120.3713054995505}
MORTAR_OBSERVER {"kind":"KIN_BD","call_id":20,"node":15,"entry":21,"row_node":4,"slave_slot":3,"value":-50.925942720941208}
MORTAR_OBSERVER {"kind":"KIN_BD","call_id":20,"node":15,"entry":22,"row_node":17,"slave_slot":4,"value":-41.666797488145619}
MORTAR_OBSERVER {"kind":"KIN_BD","call_id":20,"node":15,"entry":23,"row_node":18,"slave_slot":5,"value":-458.33362403706082}
MORTAR_OBSERVER {"kind":"KIN_BD","call_id":20,"node":15,"entry":24,"row_node":19,"slave_slot":6,"value":-268.51884674778933}
MORTAR_OBSERVER {"kind":"KIN_BD","call_id":20,"node":15,"entry":25,"row_node":23,"slave_slot":7,"value":-458.33362403706025}
MORTAR_OBSERVER {"kind":"KIN_BD","call_id":20,"node":15,"entry":26,"row_node":24,"slave_slot":8,"value":-41.66679748814537}
MORTAR_OBSERVER {"kind":"KIN_NODE","call_id":20,"node":16,"dd_count":0,"bd_count":9,"b2":[-1.1279072944626977e-05,2.0138502231938738e-05,-1.9079891299559381e-05],"vold":[0.00021105013031682011,-9.3278804622519082e-05,0.00010883750788870282],"vini":[-2.8535390258651648e-05,2.4201626574321538e-05,-0.00010353950999474492]}
MORTAR_OBSERVER {"kind":"KIN_BD","call_id":20,"node":16,"entry":27,"row_node":1,"slave_slot":0,"value":-101.85205834211729}
MORTAR_OBSERVER {"kind":"KIN_BD","call_id":20,"node":16,"entry":28,"row_node":2,"slave_slot":1,"value":-4.6295740824066147}
MORTAR_OBSERVER {"kind":"KIN_BD","call_id":20,"node":16,"entry":29,"row_node":3,"slave_slot":2,"value":-101.85204740256266}
MORTAR_OBSERVER {"kind":"KIN_BD","call_id":20,"node":16,"entry":30,"row_node":4,"slave_slot":3,"value":-560.18582613200647}
MORTAR_OBSERVER {"kind":"KIN_BD","call_id":20,"node":16,"entry":31,"row_node":17,"slave_slot":4,"value":-41.666811757788196}
MORTAR_OBSERVER {"kind":"KIN_BD","call_id":20,"node":16,"entry":32,"row_node":18,"slave_slot":5,"value":-41.666791625993454}
MORTAR_OBSERVER {"kind":"KIN_BD","call_id":20,"node":16,"entry":33,"row_node":19,"slave_slot":6,"value":-731.48206889095377}
MORTAR_OBSERVER {"kind":"KIN_BD","call_id":20,"node":16,"entry":34,"row_node":23,"slave_slot":7,"value":-458.33376300392348}
MORTAR_OBSERVER {"kind":"KIN_BD","call_id":20,"node":16,"entry":35,"row_node":24,"slave_slot":8,"value":-458.33351049955786}
MORTAR_OBSERVER {"kind":"KIN_NODE","call_id":20,"node":17,"dd_count":6,"bd_count":0,"b2":[1.4795821638829188e-05,-0.00012142878553636624,2.3946277294155212e-05],"vold":[0.24927074688764239,0.00019647230846563568,-0.00015895151493980987],"vini":[-5.3690046458016392e-06,-2.2851020685450205e-05,-0.00010961044677868645]}
MORTAR_OBSERVER {"kind":"KIN_DD","call_id":20,"node":17,"entry":30,"row_node":1,"slave_slot":0,"value":2.4276877046305862e-13}
MORTAR_OBSERVER {"kind":"KIN_DD","call_id":20,"node":17,"entry":31,"row_node":2,"slave_slot":1,"value":-2.5461114951003707e-13}
MORTAR_OBSERVER {"kind":"KIN_DD","call_id":20,"node":17,"entry":32,"row_node":3,"slave_slot":2,"value":-6.5133084758381588e-14}
MORTAR_OBSERVER {"kind":"KIN_DD","call_id":20,"node":17,"entry":33,"row_node":17,"slave_slot":4,"value":1666.6680577780505}
MORTAR_OBSERVER {"kind":"KIN_DD","call_id":20,"node":17,"entry":34,"row_node":18,"slave_slot":5,"value":3.6618856459328738e-13}
MORTAR_OBSERVER {"kind":"KIN_DD","call_id":20,"node":17,"entry":35,"row_node":19,"slave_slot":6,"value":-1.2397490564805584e-13}
MORTAR_OBSERVER {"kind":"KIN_NODE","call_id":20,"node":18,"dd_count":6,"bd_count":0,"b2":[3.0572367859971006e-06,-0.00010600960251793002,4.7093799130730757e-06],"vold":[0.24933457276446377,0.00019789352078897383,-0.00027207589740257536],"vini":[2.3130538336491836e-05,-2.0816932734675867e-06,-0.00010820316598743466]}
MORTAR_OBSERVER {"kind":"KIN_DD","call_id":20,"node":18,"entry":36,"row_node":1,"slave_slot":0,"value":1.2286468261240163e-13}
MORTAR_OBSERVER {"kind":"KIN_DD","call_id":20,"node":18,"entry":37,"row_node":2,"slave_slot":1,"value":-2.3092639141608016e-13}
MORTAR_OBSERVER {"kind":"KIN_DD","call_id":20,"node":18,"entry":38,"row_node":3,"slave_slot":2,"value":-9.0298140233210834e-14}
MORTAR_OBSERVER {"kind":"KIN_DD","call_id":20,"node":18,"entry":39,"row_node":17,"slave_slot":4,"value":1.8947806475165551e-13}
MORTAR_OBSERVER {"kind":"KIN_DD","call_id":20,"node":18,"entry":40,"row_node":18,"slave_slot":5,"value":1666.6682518218884}
MORTAR_OBSERVER {"kind":"KIN_DD","call_id":20,"node":18,"entry":41,"row_node":19,"slave_slot":6,"value":-3.0207318428425546e-13}
MORTAR_OBSERVER {"kind":"KIN_NODE","call_id":20,"node":19,"dd_count":9,"bd_count":0,"b2":[1.2824200800277011e-05,-8.2404874003783849e-05,2.5527025170842987e-06],"vold":[0.24931047466446618,0.00019772118563021748,-0.00011554589287334543],"vini":[-1.1041054726275674e-06,-1.1041054726048646e-06,-0.00010890228638792375]}
MORTAR_OBSERVER {"kind":"KIN_DD","call_id":20,"node":19,"entry":42,"row_node":1,"slave_slot":0,"value":2.871776918892279e-13}
MORTAR_OBSERVER {"kind":"KIN_DD","call_id":20,"node":19,"entry":43,"row_node":2,"slave_slot":1,"value":-5.9211895234892347e-14}
MORTAR_OBSERVER {"kind":"KIN_DD","call_id":20,"node":19,"entry":44,"row_node":3,"slave_slot":2,"value":2.8495724581791943e-13}
MORTAR_OBSERVER {"kind":"KIN_DD","call_id":20,"node":19,"entry":45,"row_node":4,"slave_slot":3,"value":-2.8421709712748327e-13}
MORTAR_OBSERVER {"kind":"KIN_DD","call_id":20,"node":19,"entry":46,"row_node":17,"slave_slot":4,"value":2.9605947617446172e-13}
MORTAR_OBSERVER {"kind":"KIN_DD","call_id":20,"node":19,"entry":47,"row_node":18,"slave_slot":5,"value":-1.501576655722348e-13}
MORTAR_OBSERVER {"kind":"KIN_DD","call_id":20,"node":19,"entry":48,"row_node":19,"slave_slot":6,"value":3333.3362651533125}
MORTAR_OBSERVER {"kind":"KIN_DD","call_id":20,"node":19,"entry":49,"row_node":23,"slave_slot":7,"value":1.807813176390307e-13}
MORTAR_OBSERVER {"kind":"KIN_DD","call_id":20,"node":19,"entry":50,"row_node":24,"slave_slot":8,"value":2.8810287775227309e-13}
MORTAR_OBSERVER {"kind":"KIN_NODE","call_id":20,"node":23,"dd_count":6,"bd_count":0,"b2":[8.2950095353696026e-06,-4.8102068426299628e-05,-5.2642838456610308e-06],"vold":[0.24931521093086045,0.00021152702407794052,-6.7401649199288349e-05],"vini":[-2.0816932735063558e-06,2.3130538336494764e-05,-0.00010820316598741581]}
MORTAR_OBSERVER {"kind":"KIN_DD","call_id":20,"node":23,"entry":51,"row_node":1,"slave_slot":0,"value":-8.2896653328849286e-14}
MORTAR_OBSERVER {"kind":"KIN_DD","call_id":20,"node":23,"entry":52,"row_node":3,"slave_slot":2,"value":-1.8059628046642167e-13}
MORTAR_OBSERVER {"kind":"KIN_DD","call_id":20,"node":23,"entry":53,"row_node":4,"slave_slot":3,"value":3.4194869498150328e-13}
MORTAR_OBSERVER {"kind":"KIN_DD","call_id":20,"node":23,"entry":54,"row_node":19,"slave_slot":6,"value":1.0658141142280622e-13}
MORTAR_OBSERVER {"kind":"KIN_DD","call_id":20,"node":23,"entry":55,"row_node":23,"slave_slot":7,"value":1666.6682518218884}
MORTAR_OBSERVER {"kind":"KIN_DD","call_id":20,"node":23,"entry":56,"row_node":24,"slave_slot":8,"value":-1.6866138283313867e-13}
MORTAR_OBSERVER {"kind":"KIN_NODE","call_id":20,"node":24,"dd_count":6,"bd_count":0,"b2":[1.8271510223568919e-05,-8.5222019397623202e-05,-1.3035436044506702e-05],"vold":[0.24931946711190292,0.00019698718992325575,9.9916971004912459e-05],"vini":[-2.2851020685498611e-05,-5.3690046456183201e-06,-0.00010961044677866738]}
MORTAR_OBSERVER {"kind":"KIN_DD","call_id":20,"node":24,"entry":57,"row_node":1,"slave_slot":0,"value":8.8373753638076831e-13}
MORTAR_OBSERVER {"kind":"KIN_DD","call_id":20,"node":24,"entry":58,"row_node":3,"slave_slot":2,"value":-1.6875390141944319e-13}
MORTAR_OBSERVER {"kind":"KIN_DD","call_id":20,"node":24,"entry":59,"row_node":4,"slave_slot":3,"value":5.3512750318533959e-13}
MORTAR_OBSERVER {"kind":"KIN_DD","call_id":20,"node":24,"entry":60,"row_node":19,"slave_slot":6,"value":-8.2896653328849286e-14}
MORTAR_OBSERVER {"kind":"KIN_DD","call_id":20,"node":24,"entry":61,"row_node":23,"slave_slot":7,"value":2.2500520189259093e-13}
MORTAR_OBSERVER {"kind":"KIN_DD","call_id":20,"node":24,"entry":62,"row_node":24,"slave_slot":8,"value":1666.6680577780487}
MORTAR_OBSERVER {"kind":"KIN_GAP","call_id":20,"pair":0,"slot":0,"node":1,"gap":-0.00049864657071844922}
MORTAR_OBSERVER {"kind":"KIN_GAP","call_id":20,"pair":0,"slot":1,"node":2,"gap":-0.0023841277350739598}
MORTAR_OBSERVER {"kind":"KIN_GAP","call_id":20,"pair":0,"slot":2,"node":3,"gap":-0.0026064905313448088}
MORTAR_OBSERVER {"kind":"KIN_GAP","call_id":20,"pair":0,"slot":3,"node":4,"gap":0.070835312414177121}
MORTAR_OBSERVER {"kind":"KIN_GAP","call_id":20,"pair":0,"slot":4,"node":17,"gap":-0.0017551271892458087}
MORTAR_OBSERVER {"kind":"KIN_GAP","call_id":20,"pair":0,"slot":5,"node":18,"gap":-0.0028142643160377714}
MORTAR_OBSERVER {"kind":"KIN_GAP","call_id":20,"pair":0,"slot":6,"node":19,"gap":-0.0019413437572663537}
MORTAR_OBSERVER {"kind":"KIN_GAP","call_id":20,"pair":0,"slot":7,"node":23,"gap":-0.027279021459442481}
MORTAR_OBSERVER {"kind":"KIN_GAP","call_id":20,"pair":0,"slot":8,"node":24,"gap":0.064104414658062547}
MORTAR_OBSERVER {"kind":"INVENTORY","call_id":20,"pair_count":1,"slave_count":9}
MORTAR_OBSERVER {"kind":"PAIR","call_id":20,"pair":0,"start":0,"end":9}
MORTAR_OBSERVER {"kind":"PRE_RAW","call_id":20,"pair":0,"slot":0,"node":1,"activity":2,"lambda_raw":[0.00097982617722435416,5.2708679135521464e-07,-0.0032660863673011843],"lambda_start":[0.00050771518908920529,0.00050771518909969321,-0.013186514357202705],"ddtil_count":1}
MORTAR_OBSERVER {"kind":"DDTIL","call_id":20,"pair":0,"column_slot":0,"source_slot":0,"destination_slot":0,"entry":0,"value":1333.3343393655837}
MORTAR_OBSERVER {"kind":"PRE_RAW","call_id":20,"pair":0,"slot":1,"node":2,"activity":2,"lambda_raw":[0.0098404920227048703,3.2026087545577926e-06,-0.03280208253408614],"lambda_start":[-6.5538309315043666e-05,0.00026092037294276585,-0.012777594587534601],"ddtil_count":1}
MORTAR_OBSERVER {"kind":"DDTIL","call_id":20,"pair":0,"column_slot":1,"source_slot":1,"destination_slot":1,"entry":1,"value":666.6672829657565}
MORTAR_OBSERVER {"kind":"PRE_RAW","call_id":20,"pair":0,"slot":2,"node":3,"activity":2,"lambda_raw":[0.0061448358296798834,3.334308440749371e-06,-0.020482790700409207],"lambda_start":[0.00010155868155003408,0.00010155868154907331,-0.0125689875371119],"ddtil_count":1}
MORTAR_OBSERVER {"kind":"DDTIL","call_id":20,"pair":0,"column_slot":2,"source_slot":2,"destination_slot":2,"entry":2,"value":1333.33470804888}
MORTAR_OBSERVER {"kind":"PRE_RAW","call_id":20,"pair":0,"slot":3,"node":4,"activity":0,"lambda_raw":[-3.709786156614956e-18,9.0925222473895471e-18,-2.7211128503820067e-18],"lambda_start":[0.00026092037297979141,-6.5538309317234351e-05,-0.012777594587533964],"ddtil_count":1}
MORTAR_OBSERVER {"kind":"DDTIL","call_id":20,"pair":0,"column_slot":3,"source_slot":3,"destination_slot":3,"entry":3,"value":666.66728296575695}
MORTAR_OBSERVER {"kind":"PRE_RAW","call_id":20,"pair":0,"slot":4,"node":17,"activity":2,"lambda_raw":[0.0043432056336143582,1.7815962499247373e-06,-0.014477065469565703],"lambda_start":[-0.0007365987945344057,-9.7040249850901462e-05,-0.011300302693721054],"ddtil_count":1}
MORTAR_OBSERVER {"kind":"DDTIL","call_id":20,"pair":0,"column_slot":4,"source_slot":4,"destination_slot":4,"entry":4,"value":1000.0008247327145}
MORTAR_OBSERVER {"kind":"PRE_RAW","call_id":20,"pair":0,"slot":5,"node":18,"activity":2,"lambda_raw":[0.0084191881640977798,4.1222338840674592e-06,-0.028063958370006286],"lambda_start":[0.00031677884056088363,-0.00033175558754602565,-0.011646327674742232],"ddtil_count":1}
MORTAR_OBSERVER {"kind":"DDTIL","call_id":20,"pair":0,"column_slot":5,"source_slot":5,"destination_slot":5,"entry":5,"value":1000.0009411590161}
MORTAR_OBSERVER {"kind":"PRE_RAW","call_id":20,"pair":0,"slot":6,"node":19,"activity":2,"lambda_raw":[0.0030943672193476167,2.0252229007653902e-06,-0.010314558025036486],"lambda_start":[-0.00016633402471439708,-0.00016633402470980207,-0.011364585339352794],"ddtil_count":1}
MORTAR_OBSERVER {"kind":"DDTIL","call_id":20,"pair":0,"column_slot":6,"source_slot":6,"destination_slot":6,"entry":6,"value":2000.0017392237551}
MORTAR_OBSERVER {"kind":"PRE_RAW","call_id":20,"pair":0,"slot":7,"node":23,"activity":1,"lambda_raw":[0.0014318876973977307,-0.0050636032590260054,-0.0032965246100892264],"lambda_start":[-0.00033175558755821078,0.00031677884057350418,-0.011646327674742355],"ddtil_count":1}
MORTAR_OBSERVER {"kind":"DDTIL","call_id":20,"pair":0,"column_slot":7,"source_slot":7,"destination_slot":7,"entry":7,"value":1000.0009411590161}
MORTAR_OBSERVER {"kind":"PRE_RAW","call_id":20,"pair":0,"slot":8,"node":24,"activity":0,"lambda_raw":[3.4576940592358985e-18,-6.3677140071208676e-18,5.3420519745500867e-18],"lambda_start":[-9.7040249858331947e-05,-0.00073659879456435451,-0.011300302693717842],"ddtil_count":1}
MORTAR_OBSERVER {"kind":"DDTIL","call_id":20,"pair":0,"column_slot":8,"source_slot":8,"destination_slot":8,"entry":8,"value":1000.0008247327135}
MORTAR_OBSERVER {"kind":"LAW","call_id":20,"pair":0,"slot":0,"node":1,"activity":2,"ndof":3,"normal":[7.4139640564509083e-08,7.413964056489398e-08,-0.99999999999999456],"tangents":[0.99999999999999722,-5.4966863030631521e-15,7.4139640564508898e-08,-7.8886090522101181e-31,0.99999999999999734,7.4139640564894179e-08],"ln":4.3547852057672314,"lt":[1.3064355658403333,0.00070246005653722056],"lt_start":[0.6769527927045591,0.67695279271854691],"q":0.00043547852057673612,"ut":[332.13689698616844,0.19469369857709823],"gn":0.00043547852057672316,"gt":[0.006294827731357742,-0.0067625033266200977],"b":1.3064356005988171,"constant_n":10000000000,"constant_t":100,"mu":0.29999999999999999,"normal_mode":1,"tangent_mode":1,"normal_inverse_stiffness":0.0001,"tangent_inverse_stiffness":0.01,"p0":0,"beta":0,"iwan":1,"rn":-3.8868647855849758e-08,"rt":[2.0556571911356514e-07,-8.9964154535431429e-05]}
MORTAR_OBSERVER {"kind":"LAW","call_id":20,"pair":0,"slot":1,"node":2,"activity":2,"ndof":3,"normal":[6.8387805827692747e-08,-4.1027950443498291e-08,-0.99999999999999689],"tangents":[0.99999999999999767,2.8058115084381685e-15,6.8387805827692694e-08,-3.944304526105059e-31,0.99999999999999922,-4.102795044349839e-08],"ln":21.868075687176891,"lt":[6.5603325843131586,0.002135971679110572],"lt_start":[-0.043692829156205842,0.17394742559283358],"q":0.0021868075687177181,"ut":[166.00767166288057,0.071353654798096341],"gn":0.0021868075687176891,"gt":[0.066040254134693652,-0.0017181145391372303],"b":6.5604227933229211,"constant_n":10000000000,"constant_t":100,"mu":0.29999999999999999,"normal_mode":1,"tangent_mode":1,"normal_inverse_stiffness":0.0001,"tangent_inverse_stiffness":0.01,"p0":0,"beta":0,"iwan":1,"rn":-8.7169854445789952e-08,"rt":[-8.9573092159511702e-05,-0.00075258787172325292]}
MORTAR_OBSERVER {"kind":"LAW","call_id":20,"pair":0,"slot":2,"node":3,"activity":2,"ndof":3,"normal":[-4.5208292547312871e-08,-4.52082925469361e-08,-0.999999999999998],"tangents":[0.999999999999999,-2.0437897150263934e-15,-4.5208292547312824e-08,3.944304526105059e-31,0.999999999999999,-4.5208292546936146e-08],"ln":27.31041538795829,"lt":[8.1931241216317812,0.0044469838286566657],"lt_start":[0.13541247264507875,0.13541247264379797],"q":0.0027310415387958404,"ut":[332.08249799864444,0.17227105741108148],"gn":0.0027310415387958292,"gt":[0.080577116489867026,-0.001309654888151413],"b":8.1931246502145942,"constant_n":10000000000,"constant_t":100,"mu":0.29999999999999999,"normal_mode":1,"tangent_mode":1,"normal_inverse_stiffness":0.0001,"tangent_inverse_stiffness":0.01,"p0":0,"beta":0,"iwan":1,"rn":-3.3827108225636948e-08,"rt":[5.9124020346246198e-07,0.00016332909463799387]}
MORTAR_OBSERVER {"kind":"LAW","call_id":20,"pair":0,"slot":3,"node":4,"activity":0,"ndof":3,"normal":[-4.1027950443876154e-08,6.8387805828061921e-08,-0.99999999999999689],"tangents":[0.99999999999999922,2.8058115084791518e-15,-4.1027950443876068e-08,3.944304526105059e-31,0.99999999999999778,6.8387805828061987e-08],"ln":1.8140774266228957e-15,"lt":[-2.473192982986594e-15,6.0616869779121343e-15],"lt_start":[0.1739474256175173,-0.043692829157666827],"q":-0.061105923169718891,"ut":[166.08061815661438,0.10907295631236738],"gn":1.8140774266228958e-19,"gt":[-0.0017394742561751978,0.00043692829157672891],"b":-183317769.50915664,"constant_n":10000000000,"constant_t":100,"mu":0.29999999999999999,"normal_mode":1,"tangent_mode":1,"normal_inverse_stiffness":0.0001,"tangent_inverse_stiffness":0.01,"p0":0,"beta":0,"iwan":1,"rn":5.4422322798686869e-16,"rt":[-2.473192982986594e-15,6.0616869779121343e-15]}
MORTAR_OBSERVER {"kind":"LAW","call_id":20,"pair":0,"slot":4,"node":17,"activity":2,"ndof":3,"normal":[7.2424004571337343e-08,1.5395559165892368e-08,-0.99999999999999734],"tangents":[0.99999999999999745,-1.1150080474088865e-15,7.2424004571337343e-08,-0,1,1.5395559165892408e-08],"ln":14.477077723855199,"lt":[4.3432081671101992,0.001781374836563645],"lt_start":[-0.73660022044537588,-0.097040503857792323],"q":0.0014477077723855326,"ut":[249.0180519634913,0.12219899854648948],"gn":0.00144770777238552,"gt":[0.050798083875555754,0.0009882187869435597],"b":4.3431233548867949,"constant_n":10000000000,"constant_t":100,"mu":0.29999999999999999,"normal_mode":1,"tangent_mode":1,"normal_inverse_stiffness":0.0001,"tangent_inverse_stiffness":0.01,"p0":0,"beta":0,"iwan":1,"rn":-3.773023493636174e-08,"rt":[8.5326914026850886e-05,-0.00033303511864174527]}
MORTAR_OBSERVER {"kind":"LAW","call_id":20,"pair":0,"slot":5,"node":18,"activity":2,"ndof":3,"normal":[1.196430858954852e-08,-4.3492668962924582e-08,-0.999999999999999],"tangents":[1,5.2035971285550893e-16,1.196430858954851e-08,-0,0.99999999999999911,-4.3492668962924588e-08],"ln":28.063984883204277,"lt":[8.4191957521264538,0.0041234583413449748],"lt_start":[0.31677899935975595,-0.33175539325043679],"q":0.0028063984883204556,"ut":[249.06190087451154,0.12569116704158276],"gn":0.0028063984883204278,"gt":[0.081024167527666988,0.0033587885159178177],"b":8.419195548228009,"constant_n":10000000000,"constant_t":100,"mu":0.29999999999999999,"normal_mode":1,"tangent_mode":1,"normal_inverse_stiffness":0.0001,"tangent_inverse_stiffness":0.01,"p0":0,"beta":0,"iwan":1,"rn":-8.3266726846886741e-08,"rt":[1.2201247763243828e-06,-1.316049434191887e-05]}
MORTAR_OBSERVER {"kind":"LAW","call_id":20,"pair":0,"slot":6,"node":19,"activity":2,"ndof":3,"normal":[1.446566586541265e-08,1.4465665865794023e-08,-0.99999999999999978],"tangents":[0.99999999999999989,-2.0925548893528156e-16,1.4465665865412648e-08,-0,0.99999999999999989,1.4465665865794025e-08],"ln":20.629134078980144,"lt":[6.1887395220780483,0.0040501509096871665],"lt_start":[-0.33266866751375551,-0.33266866750456553],"q":0.00206291340789804,"ut":[498.1455951052929,0.31532959109468245],"gn":0.0020629134078980144,"gt":[0.065214081895918041,0.0033671881841425273],"b":6.1887403004555566,"constant_n":10000000000,"constant_t":100,"mu":0.29999999999999999,"normal_mode":1,"tangent_mode":1,"normal_inverse_stiffness":0.0001,"tangent_inverse_stiffness":0.01,"p0":0,"beta":0,"iwan":1,"rn":-7.6761513589929109e-08,"rt":[4.3552168005334124e-07,0.00017393985088525257]}
MORTAR_OBSERVER {"kind":"LAW","call_id":20,"pair":0,"slot":7,"node":23,"activity":1,"ndof":3,"normal":[-4.3492668963301889e-08,1.1964308589921484e-08,-0.999999999999999],"tangents":[0.99999999999999911,5.2035971287624483e-16,-4.3492668963301889e-08,-0,1,1.1964308589921497e-08],"ln":3.2965275897838366,"lt":[1.4318891884065315,-5.0636080641225414],"lt_start":[-0.33175539326262177,0.31677899937237669],"q":0.00032965275897838334,"ut":[249.08441451878008,0.20357205139256015],"gn":0.00032965275897838366,"gt":[0.017636445816691534,-0.053803870634949187],"b":0.98895827595936892,"constant_n":10000000000,"constant_t":100,"mu":0.29999999999999999,"normal_mode":1,"tangent_mode":1,"normal_inverse_stiffness":0.0001,"tangent_inverse_stiffness":0.01,"p0":0,"beta":0,"iwan":1,"rn":9.7578201074810522e-10,"rt":[249.06677807296339,0.25737592202750936]}
MORTAR_OBSERVER {"kind":"LAW","call_id":20,"pair":0,"slot":8,"node":24,"activity":0,"ndof":3,"normal":[1.539555916551032e-08,7.2424004571714789e-08,-0.99999999999999734],"tangents":[0.99999999999999989,-1.1150080473870252e-15,1.5395559165510284e-08,-1.9721522630525295e-31,0.99999999999999745,7.2424004571714789e-08],"ln":-5.3420567882576442e-15,"lt":[3.457696993153254e-15,-6.3677188718897876e-15],"lt_start":[-0.097040503865221894,-0.73660022047532414],"q":-0.046339867441551302,"ut":[249.13821527122116,0.15493120965848281],"gn":-5.3420567882576448e-19,"gt":[0.00097040503865225352,0.0073660022047531779],"b":-139019602.32465389,"constant_n":10000000000,"constant_t":100,"mu":0.29999999999999999,"normal_mode":1,"tangent_mode":1,"normal_inverse_stiffness":0.0001,"tangent_inverse_stiffness":0.01,"p0":0,"beta":0,"iwan":1,"rn":-1.6026170364772932e-15,"rt":[3.457696993153254e-15,-6.3677188718897876e-15]}
MORTAR_OBSERVER {"kind":"POST_RAW_AFTER_ACTIVE_LOOP","call_id":20,"pair":0,"slot":0,"node":1,"activity":2,"lambda_raw":[0.00097982617722435416,5.2708679135521464e-07,-0.0032660863673011843],"gap":-0.00043547852057673612}
MORTAR_OBSERVER {"kind":"POST_RAW_AFTER_ACTIVE_LOOP","call_id":20,"pair":0,"slot":1,"node":2,"activity":2,"lambda_raw":[0.0098404920227048703,3.2026087545577926e-06,-0.03280208253408614],"gap":-0.0021868075687177181}
MORTAR_OBSERVER {"kind":"POST_RAW_AFTER_ACTIVE_LOOP","call_id":20,"pair":0,"slot":2,"node":3,"activity":2,"lambda_raw":[0.0061448358296798834,3.334308440749371e-06,-0.020482790700409207],"gap":-0.0027310415387958404}
MORTAR_OBSERVER {"kind":"POST_RAW_AFTER_ACTIVE_LOOP","call_id":20,"pair":0,"slot":3,"node":4,"activity":0,"lambda_raw":[0,0,0],"gap":0.061105923169718891}
MORTAR_OBSERVER {"kind":"POST_RAW_AFTER_ACTIVE_LOOP","call_id":20,"pair":0,"slot":4,"node":17,"activity":2,"lambda_raw":[0.0043432056336143582,1.7815962499247373e-06,-0.014477065469565703],"gap":-0.0014477077723855326}
MORTAR_OBSERVER {"kind":"POST_RAW_AFTER_ACTIVE_LOOP","call_id":20,"pair":0,"slot":5,"node":18,"activity":2,"lambda_raw":[0.0084191881640977798,4.1222338840674592e-06,-0.028063958370006286],"gap":-0.0028063984883204556}
MORTAR_OBSERVER {"kind":"POST_RAW_AFTER_ACTIVE_LOOP","call_id":20,"pair":0,"slot":6,"node":19,"activity":2,"lambda_raw":[0.0030943672193476167,2.0252229007653902e-06,-0.010314558025036486],"gap":-0.00206291340789804}
MORTAR_OBSERVER {"kind":"POST_RAW_AFTER_ACTIVE_LOOP","call_id":20,"pair":0,"slot":7,"node":23,"activity":2,"lambda_raw":[0.0014318876973977307,-0.0050636032590260054,-0.0032965246100892264],"gap":-0.00032965275897838334}
MORTAR_OBSERVER {"kind":"POST_RAW_AFTER_ACTIVE_LOOP","call_id":20,"pair":0,"slot":8,"node":24,"activity":0,"lambda_raw":[0,0,0],"gap":0.046339867441551302}
MORTAR_OBSERVER {"kind":"CFS_INVENTORY","call_id":20,"all_node_count":35,"physical_count":13}
MORTAR_OBSERVER {"kind":"CFS_NODE","call_id":20,"node":1,"force":[-2.2042138771821684,-0.001241232810575662,7.3472856479917734]}
MORTAR_OBSERVER {"kind":"CFS_NODE","call_id":20,"node":2,"force":[2.3061988730066818,0.00016712926692544314,-7.6877208224684823]}
MORTAR_OBSERVER {"kind":"CFS_NODE","call_id":20,"node":3,"force":[2.8465144363845378,1.6895909035538488,-9.9805331665994146]}
MORTAR_OBSERVER {"kind":"CFS_NODE","call_id":20,"node":4,"force":[-0.47729636019769883,1.687869383479313,1.0988425981710785]}
MORTAR_OBSERVER {"kind":"CFS_NODE","call_id":20,"node":13,"force":[-4.88779763076605,0.2086673162807241,16.231030806280685]}
MORTAR_OBSERVER {"kind":"CFS_NODE","call_id":20,"node":14,"force":[-14.410736755858643,0.20460941635459717,47.97438722257133]}
MORTAR_OBSERVER {"kind":"CFS_NODE","call_id":20,"node":15,"force":[-12.921649225371455,2.3144085902681772,42.395479470855662]}
MORTAR_OBSERVER {"kind":"CFS_NODE","call_id":20,"node":16,"force":[-4.2227434125184882,2.3186848104045747,13.399102500292262]}
MORTAR_OBSERVER {"kind":"CFS_NODE","call_id":20,"node":17,"force":[7.2386820979067297,0.00296932956160672,-24.128462588486752]}
MORTAR_OBSERVER {"kind":"CFS_NODE","call_id":20,"node":18,"force":[14.031993619216378,0.006870396341159663,-46.773308435740624]}
MORTAR_OBSERVER {"kind":"CFS_NODE","call_id":20,"node":19,"force":[10.314566469953027,0.0067507489401393492,-34.381890323882253]}
MORTAR_OBSERVER {"kind":"CFS_NODE","call_id":20,"node":23,"force":[2.3864817654271442,-8.4393467916404887,-5.494212908985241]}
MORTAR_OBSERVER {"kind":"CFS_NODE","call_id":20,"node":24,"force":[-1.0538635411274579e-16,-1.1396018289773074e-15,6.8349487821111008e-16]}
MORTAR_OBSERVER {"kind":"CFS_END","call_id":20,"scanned_nodes":35,"physical_count":13,"outside_nonzero_count":0}
MORTAR_OBSERVER {"kind":"SUMMARY_PRE_OVERRIDE","call_id":20,"ndiverg":14,"flag":1,"keepset":0,"max_n":8.7169854445789952e-08,"max_t":[249.06677807296339,0.25737592202750936],"lm_t_av":[36.442924901506501,5.0808484637744415],"nstick":0,"nslip":7,"ninactive":2,"nnogap":0,"nolm":0}
MORTAR_OBSERVER {"kind":"SUMMARY_POST_OVERRIDE","call_id":20,"flag":1}
MORTAR_OBSERVER {"kind":"RETURN","call_id":20}
 Using up to 2 cpu(s) for the stress calculation.

 average force= 6.047669
 time avg. forc= 6.047669
 largest residual force= 0.000022 in node 33 and dof 2
 largest increment of disp= 1.730781e-01
 largest correction to disp= 1.608981e-04 in node 2 and dof 2

MORTAR_OBSERVER {"kind":"PRE_CHECK","call_id":20,"step":2,"inc":1,"cutback":0,"iteration":12,"time":0.25,"dtime":0.25,"ttime":1,"tper":1,"theta":0,"dtheta":0.25,"icntrl":0,"nmethod":1,"iexpl":0,"ithermal":0,"uncoupled":0,"mortar":2,"iflagdualquad":2}
 no convergence

MORTAR_OBSERVER {"kind":"POST_CHECK","call_id":20,"step":2,"inc":1,"cutback":0,"iteration":13,"time":0.25,"dtime":0.25,"ttime":1,"tper":1,"theta":0,"dtheta":0.25,"icntrl":0,"nmethod":1,"iexpl":0,"ithermal":0,"uncoupled":0,"mortar":2,"iflagdualquad":2}
 iteration 13

 Determining the structure of the matrix:

 Using up to 2 cpu(s) for setting up the structure of the matrix.
 number of equations
 75
 number of nonzero lower triangular matrix elements
 1143

 Using up to 2 cpu(s) for the stress calculation.

 Using up to 2 cpu(s) for the symmetric stiffness/mass contributions.

 Using up to 2 cpu(s) for the stress calculation.

 Using up to 2 cpu(s) for the symmetric stiffness/mass contributions.

 Factoring the system of equations using the unsymmetric spooles solver
 Using 1 cpu for spooles.

MORTAR_OBSERVER {"kind":"BEGIN","call_id":21,"step":2,"inc":1,"cutback":0,"iteration":13,"time":0.25,"dtime":0.25,"ttime":1,"tper":1,"theta":0,"dtheta":0.25,"icntrl":0,"nmethod":1,"iexpl":0,"ithermal":0,"uncoupled":0,"mortar":2,"iflagdualquad":2}
MORTAR_OBSERVER {"kind":"KIN_INVENTORY","call_id":21,"all_node_count":35,"physical_count":13,"dd_count":63,"bd_count":36,"slave_count":9}
MORTAR_OBSERVER {"kind":"KIN_NODE","call_id":21,"node":1,"dd_count":9,"bd_count":0,"b2":[4.0004983599007207e-05,-0.00010111215003583445,1.5338114343793004e-05],"vold":[0.24931984411497654,0.00013157022462931235,2.4659860491178172e-05],"vini":[-1.8651819129285558e-05,-1.8651819129203521e-05,-0.00011333255306067981]}
MORTAR_OBSERVER {"kind":"KIN_DD","call_id":21,"node":1,"entry":0,"row_node":1,"slave_slot":0,"value":1333.3343393655834}
MORTAR_OBSERVER {"kind":"KIN_DD","call_id":21,"node":1,"entry":1,"row_node":2,"slave_slot":1,"value":7.5199107760053208e-14}
MORTAR_OBSERVER {"kind":"KIN_DD","call_id":21,"node":1,"entry":2,"row_node":3,"slave_slot":2,"value":1.8518520025380737e-13}
MORTAR_OBSERVER {"kind":"KIN_DD","call_id":21,"node":1,"entry":3,"row_node":4,"slave_slot":3,"value":-1.2478906921415307e-13}
MORTAR_OBSERVER {"kind":"KIN_DD","call_id":21,"node":1,"entry":4,"row_node":17,"slave_slot":4,"value":-333.33361652266797}
MORTAR_OBSERVER {"kind":"KIN_DD","call_id":21,"node":1,"entry":5,"row_node":18,"slave_slot":5,"value":-1.2675047270840951e-14}
MORTAR_OBSERVER {"kind":"KIN_DD","call_id":21,"node":1,"entry":6,"row_node":19,"slave_slot":6,"value":-666.66726296477884}
MORTAR_OBSERVER {"kind":"KIN_DD","call_id":21,"node":1,"entry":7,"row_node":23,"slave_slot":7,"value":-3.7425618361670371e-13}
MORTAR_OBSERVER {"kind":"KIN_DD","call_id":21,"node":1,"entry":8,"row_node":24,"slave_slot":8,"value":-333.33361652266734}
MORTAR_OBSERVER {"kind":"KIN_NODE","call_id":21,"node":2,"dd_count":6,"bd_count":0,"b2":[4.0776513867109269e-05,-7.5889384932927782e-05,2.5947640973748854e-05],"vold":[0.24930957864211289,2.9482653485147126e-05,-0.00029524899448299976],"vini":[1.9409787070850799e-05,-2.1276020123634991e-05,-0.00010609014988737315]}
MORTAR_OBSERVER {"kind":"KIN_DD","call_id":21,"node":2,"entry":9,"row_node":1,"slave_slot":0,"value":3.2566523894461172e-15}
MORTAR_OBSERVER {"kind":"KIN_DD","call_id":21,"node":2,"entry":10,"row_node":2,"slave_slot":1,"value":666.66728296575661}
MORTAR_OBSERVER {"kind":"KIN_DD","call_id":21,"node":2,"entry":11,"row_node":3,"slave_slot":2,"value":6.661338919786186e-15}
MORTAR_OBSERVER {"kind":"KIN_DD","call_id":21,"node":2,"entry":12,"row_node":17,"slave_slot":4,"value":-333.33361652266825}
MORTAR_OBSERVER {"kind":"KIN_DD","call_id":21,"node":2,"entry":13,"row_node":18,"slave_slot":5,"value":-333.33365533143626}
MORTAR_OBSERVER {"kind":"KIN_DD","call_id":21,"node":2,"entry":14,"row_node":19,"slave_slot":6,"value":2.189914937235159e-13}
MORTAR_OBSERVER {"kind":"KIN_NODE","call_id":21,"node":3,"dd_count":9,"bd_count":0,"b2":[1.2140432035266473e-05,-7.1942931548618541e-05,-2.3859356156294306e-05],"vold":[0.24933183339559997,0.00015135009103270863,-0.00023940607598355252],"vini":[2.326667444963995e-05,2.3266674449668281e-05,-0.00011043941867480129]}
MORTAR_OBSERVER {"kind":"KIN_DD","call_id":21,"node":3,"entry":15,"row_node":1,"slave_slot":0,"value":2.0515994684268658e-14}
MORTAR_OBSERVER {"kind":"KIN_DD","call_id":21,"node":3,"entry":16,"row_node":2,"slave_slot":1,"value":1.0480968089501651e-13}
MORTAR_OBSERVER {"kind":"KIN_DD","call_id":21,"node":3,"entry":17,"row_node":3,"slave_slot":2,"value":1333.33470804888}
MORTAR_OBSERVER {"kind":"KIN_DD","call_id":21,"node":3,"entry":18,"row_node":4,"slave_slot":3,"value":-9.5257135799594381e-14}
MORTAR_OBSERVER {"kind":"KIN_DD","call_id":21,"node":3,"entry":19,"row_node":17,"slave_slot":4,"value":7.3644769849891522e-15}
MORTAR_OBSERVER {"kind":"KIN_DD","call_id":21,"node":3,"entry":20,"row_node":18,"slave_slot":5,"value":-333.33365533143655}
MORTAR_OBSERVER {"kind":"KIN_DD","call_id":21,"node":3,"entry":21,"row_node":19,"slave_slot":6,"value":-666.66726296477918}
MORTAR_OBSERVER {"kind":"KIN_DD","call_id":21,"node":3,"entry":22,"row_node":23,"slave_slot":7,"value":-333.3336553314362}
MORTAR_OBSERVER {"kind":"KIN_DD","call_id":21,"node":3,"entry":23,"row_node":24,"slave_slot":8,"value":-3.9320404721530813e-15}
MORTAR_OBSERVER {"kind":"KIN_NODE","call_id":21,"node":4,"dd_count":6,"bd_count":0,"b2":[2.1232801509470172e-05,-9.9632830684597576e-05,-6.9231567868035596e-05],"vold":[0.24932970459847822,0.0001033164281172272,0.00014814382505581053],"vini":[-2.1276020123909488e-05,1.9409787070938233e-05,-0.00010609014988733541]}
MORTAR_OBSERVER {"kind":"KIN_DD","call_id":21,"node":4,"entry":24,"row_node":1,"slave_slot":0,"value":4.9650094869271167e-14}
MORTAR_OBSERVER {"kind":"KIN_DD","call_id":21,"node":4,"entry":25,"row_node":3,"slave_slot":2,"value":6.9870037418317637e-14}
MORTAR_OBSERVER {"kind":"KIN_DD","call_id":21,"node":4,"entry":26,"row_node":4,"slave_slot":3,"value":666.66728296575673}
MORTAR_OBSERVER {"kind":"KIN_DD","call_id":21,"node":4,"entry":27,"row_node":19,"slave_slot":6,"value":2.3074135077482704e-14}
MORTAR_OBSERVER {"kind":"KIN_DD","call_id":21,"node":4,"entry":28,"row_node":23,"slave_slot":7,"value":-333.33365533143649}
MORTAR_OBSERVER {"kind":"KIN_DD","call_id":21,"node":4,"entry":29,"row_node":24,"slave_slot":8,"value":-333.33361652266836}
MORTAR_OBSERVER {"kind":"KIN_NODE","call_id":21,"node":13,"dd_count":0,"bd_count":9,"b2":[-4.0119388821183693e-06,3.6366902545734435e-05,1.7714399306688036e-05],"vold":[0.00020396684567073332,-8.0365845953900531e-06,5.4737078076731408e-05],"vini":[-2.8066862268510173e-05,-2.8066862268525196e-05,-0.00011356992110190738]}
MORTAR_OBSERVER {"kind":"KIN_BD","call_id":21,"node":13,"entry":0,"row_node":1,"slave_slot":0,"value":-1120.3709633274834}
MORTAR_OBSERVER {"kind":"KIN_BD","call_id":21,"node":13,"entry":1,"row_node":2,"slave_slot":1,"value":-50.925940030402735}
MORTAR_OBSERVER {"kind":"KIN_BD","call_id":21,"node":13,"entry":2,"row_node":3,"slave_slot":2,"value":-9.259307744204996}
MORTAR_OBSERVER {"kind":"KIN_BD","call_id":21,"node":13,"entry":3,"row_node":4,"slave_slot":3,"value":-50.925940030402948}
MORTAR_OBSERVER {"kind":"KIN_BD","call_id":21,"node":13,"entry":4,"row_node":17,"slave_slot":4,"value":-458.33370498722149}
MORTAR_OBSERVER {"kind":"KIN_BD","call_id":21,"node":13,"entry":5,"row_node":18,"slave_slot":5,"value":-41.666762492038849}
MORTAR_OBSERVER {"kind":"KIN_BD","call_id":21,"node":13,"entry":6,"row_node":19,"slave_slot":6,"value":-268.51875469405724}
MORTAR_OBSERVER {"kind":"KIN_BD","call_id":21,"node":13,"entry":7,"row_node":23,"slave_slot":7,"value":-41.666762492038607}
MORTAR_OBSERVER {"kind":"KIN_BD","call_id":21,"node":13,"entry":8,"row_node":24,"slave_slot":8,"value":-458.33370498722223}
MORTAR_OBSERVER {"kind":"KIN_NODE","call_id":21,"node":14,"dd_count":0,"bd_count":9,"b2":[-2.2471663561792531e-05,2.4621842912961872e-05,3.174196526145145e-05],"vold":[0.00031083751035164268,-9.7760216847820271e-05,-0.00032841950076661507],"vini":[2.4201626574401393e-05,-2.8535390258710365e-05,-0.00010353950999479019]}
MORTAR_OBSERVER {"kind":"KIN_BD","call_id":21,"node":14,"entry":9,"row_node":1,"slave_slot":0,"value":-101.85205834211705}
MORTAR_OBSERVER {"kind":"KIN_BD","call_id":21,"node":14,"entry":10,"row_node":2,"slave_slot":1,"value":-560.18582613200579}
MORTAR_OBSERVER {"kind":"KIN_BD","call_id":21,"node":14,"entry":11,"row_node":3,"slave_slot":2,"value":-101.8520474025626}
MORTAR_OBSERVER {"kind":"KIN_BD","call_id":21,"node":14,"entry":12,"row_node":4,"slave_slot":3,"value":-4.6295740824065685}
MORTAR_OBSERVER {"kind":"KIN_BD","call_id":21,"node":14,"entry":13,"row_node":17,"slave_slot":4,"value":-458.333510499559}
MORTAR_OBSERVER {"kind":"KIN_BD","call_id":21,"node":14,"entry":14,"row_node":18,"slave_slot":5,"value":-458.33376300392297}
MORTAR_OBSERVER {"kind":"KIN_BD","call_id":21,"node":14,"entry":15,"row_node":19,"slave_slot":6,"value":-731.482068890954}
MORTAR_OBSERVER {"kind":"KIN_BD","call_id":21,"node":14,"entry":16,"row_node":23,"slave_slot":7,"value":-41.666791625993497}
MORTAR_OBSERVER {"kind":"KIN_BD","call_id":21,"node":14,"entry":17,"row_node":24,"slave_slot":8,"value":-41.666811757788253}
MORTAR_OBSERVER {"kind":"KIN_NODE","call_id":21,"node":15,"dd_count":0,"bd_count":9,"b2":[1.3765307215978278e-05,3.1165723416693306e-05,-2.9098629014758775e-05],"vold":[0.00027226717310457373,4.0751143523253805e-05,-0.0002600959984975667],"vini":[2.710682217014385e-05,2.7106822170201716e-05,-0.000110172262554128]}
MORTAR_OBSERVER {"kind":"KIN_BD","call_id":21,"node":15,"entry":18,"row_node":1,"slave_slot":0,"value":-9.2592593538675061}
MORTAR_OBSERVER {"kind":"KIN_BD","call_id":21,"node":15,"entry":19,"row_node":2,"slave_slot":1,"value":-50.925942720941158}
MORTAR_OBSERVER {"kind":"KIN_BD","call_id":21,"node":15,"entry":20,"row_node":3,"slave_slot":2,"value":-1120.3713054995505}
MORTAR_OBSERVER {"kind":"KIN_BD","call_id":21,"node":15,"entry":21,"row_node":4,"slave_slot":3,"value":-50.925942720941208}
MORTAR_OBSERVER {"kind":"KIN_BD","call_id":21,"node":15,"entry":22,"row_node":17,"slave_slot":4,"value":-41.666797488145619}
MORTAR_OBSERVER {"kind":"KIN_BD","call_id":21,"node":15,"entry":23,"row_node":18,"slave_slot":5,"value":-458.33362403706082}
MORTAR_OBSERVER {"kind":"KIN_BD","call_id":21,"node":15,"entry":24,"row_node":19,"slave_slot":6,"value":-268.51884674778933}
MORTAR_OBSERVER {"kind":"KIN_BD","call_id":21,"node":15,"entry":25,"row_node":23,"slave_slot":7,"value":-458.33362403706025}
MORTAR_OBSERVER {"kind":"KIN_BD","call_id":21,"node":15,"entry":26,"row_node":24,"slave_slot":8,"value":-41.66679748814537}
MORTAR_OBSERVER {"kind":"KIN_NODE","call_id":21,"node":16,"dd_count":0,"bd_count":9,"b2":[7.247755619752424e-07,4.5383441884752248e-05,-2.3979517837721351e-05],"vold":[0.00019977105737219313,-7.3140302390580343e-05,8.9757616589143432e-05],"vini":[-2.8535390258651648e-05,2.4201626574321538e-05,-0.00010353950999474492]}
MORTAR_OBSERVER {"kind":"KIN_BD","call_id":21,"node":16,"entry":27,"row_node":1,"slave_slot":0,"value":-101.85205834211729}
MORTAR_OBSERVER {"kind":"KIN_BD","call_id":21,"node":16,"entry":28,"row_node":2,"slave_slot":1,"value":-4.6295740824066147}
MORTAR_OBSERVER {"kind":"KIN_BD","call_id":21,"node":16,"entry":29,"row_node":3,"slave_slot":2,"value":-101.85204740256266}
MORTAR_OBSERVER {"kind":"KIN_BD","call_id":21,"node":16,"entry":30,"row_node":4,"slave_slot":3,"value":-560.18582613200647}
MORTAR_OBSERVER {"kind":"KIN_BD","call_id":21,"node":16,"entry":31,"row_node":17,"slave_slot":4,"value":-41.666811757788196}
MORTAR_OBSERVER {"kind":"KIN_BD","call_id":21,"node":16,"entry":32,"row_node":18,"slave_slot":5,"value":-41.666791625993454}
MORTAR_OBSERVER {"kind":"KIN_BD","call_id":21,"node":16,"entry":33,"row_node":19,"slave_slot":6,"value":-731.48206889095377}
MORTAR_OBSERVER {"kind":"KIN_BD","call_id":21,"node":16,"entry":34,"row_node":23,"slave_slot":7,"value":-458.33376300392348}
MORTAR_OBSERVER {"kind":"KIN_BD","call_id":21,"node":16,"entry":35,"row_node":24,"slave_slot":8,"value":-458.33351049955786}
MORTAR_OBSERVER {"kind":"KIN_NODE","call_id":21,"node":17,"dd_count":6,"bd_count":0,"b2":[4.3390231540594487e-05,-8.9709641314126835e-05,2.065631754927198e-05],"vold":[0.24928554270928122,7.5043522929269446e-05,-0.00013500523764565467],"vini":[-5.3690046458016392e-06,-2.2851020685450205e-05,-0.00010961044677868645]}
MORTAR_OBSERVER {"kind":"KIN_DD","call_id":21,"node":17,"entry":30,"row_node":1,"slave_slot":0,"value":2.4276877046305862e-13}
MORTAR_OBSERVER {"kind":"KIN_DD","call_id":21,"node":17,"entry":31,"row_node":2,"slave_slot":1,"value":-2.5461114951003707e-13}
MORTAR_OBSERVER {"kind":"KIN_DD","call_id":21,"node":17,"entry":32,"row_node":3,"slave_slot":2,"value":-6.5133084758381588e-14}
MORTAR_OBSERVER {"kind":"KIN_DD","call_id":21,"node":17,"entry":33,"row_node":17,"slave_slot":4,"value":1666.6680577780505}
MORTAR_OBSERVER {"kind":"KIN_DD","call_id":21,"node":17,"entry":34,"row_node":18,"slave_slot":5,"value":3.6618856459328738e-13}
MORTAR_OBSERVER {"kind":"KIN_DD","call_id":21,"node":17,"entry":35,"row_node":19,"slave_slot":6,"value":-1.2397490564805584e-13}
MORTAR_OBSERVER {"kind":"KIN_NODE","call_id":21,"node":18,"dd_count":6,"bd_count":0,"b2":[2.7172821421510848e-05,-7.6884891204568535e-05,1.0657283206726946e-06],"vold":[0.24933763000124978,9.1883918271043813e-05,-0.00026736651748950226],"vini":[2.3130538336491836e-05,-2.0816932734675867e-06,-0.00010820316598743466]}
MORTAR_OBSERVER {"kind":"KIN_DD","call_id":21,"node":18,"entry":36,"row_node":1,"slave_slot":0,"value":1.2286468261240163e-13}
MORTAR_OBSERVER {"kind":"KIN_DD","call_id":21,"node":18,"entry":37,"row_node":2,"slave_slot":1,"value":-2.3092639141608016e-13}
MORTAR_OBSERVER {"kind":"KIN_DD","call_id":21,"node":18,"entry":38,"row_node":3,"slave_slot":2,"value":-9.0298140233210834e-14}
MORTAR_OBSERVER {"kind":"KIN_DD","call_id":21,"node":18,"entry":39,"row_node":17,"slave_slot":4,"value":1.8947806475165551e-13}
MORTAR_OBSERVER {"kind":"KIN_DD","call_id":21,"node":18,"entry":40,"row_node":18,"slave_slot":5,"value":1666.6682518218884}
MORTAR_OBSERVER {"kind":"KIN_DD","call_id":21,"node":18,"entry":41,"row_node":19,"slave_slot":6,"value":-3.0207318428425546e-13}
MORTAR_OBSERVER {"kind":"KIN_NODE","call_id":21,"node":19,"dd_count":9,"bd_count":0,"b2":[2.8128576558015783e-05,-9.7960602915688516e-05,-9.5391607375454759e-07],"vold":[0.24932329886526647,0.00011531631162643363,-0.00011299319035626113],"vini":[-1.1041054726275674e-06,-1.1041054726048646e-06,-0.00010890228638792375]}
MORTAR_OBSERVER {"kind":"KIN_DD","call_id":21,"node":19,"entry":42,"row_node":1,"slave_slot":0,"value":2.871776918892279e-13}
MORTAR_OBSERVER {"kind":"KIN_DD","call_id":21,"node":19,"entry":43,"row_node":2,"slave_slot":1,"value":-5.9211895234892347e-14}
MORTAR_OBSERVER {"kind":"KIN_DD","call_id":21,"node":19,"entry":44,"row_node":3,"slave_slot":2,"value":2.8495724581791943e-13}
MORTAR_OBSERVER {"kind":"KIN_DD","call_id":21,"node":19,"entry":45,"row_node":4,"slave_slot":3,"value":-2.8421709712748327e-13}
MORTAR_OBSERVER {"kind":"KIN_DD","call_id":21,"node":19,"entry":46,"row_node":17,"slave_slot":4,"value":2.9605947617446172e-13}
MORTAR_OBSERVER {"kind":"KIN_DD","call_id":21,"node":19,"entry":47,"row_node":18,"slave_slot":5,"value":-1.501576655722348e-13}
MORTAR_OBSERVER {"kind":"KIN_DD","call_id":21,"node":19,"entry":48,"row_node":19,"slave_slot":6,"value":3333.3362651533125}
MORTAR_OBSERVER {"kind":"KIN_DD","call_id":21,"node":19,"entry":49,"row_node":23,"slave_slot":7,"value":1.807813176390307e-13}
MORTAR_OBSERVER {"kind":"KIN_DD","call_id":21,"node":19,"entry":50,"row_node":24,"slave_slot":8,"value":2.8810287775227309e-13}
MORTAR_OBSERVER {"kind":"KIN_NODE","call_id":21,"node":23,"dd_count":6,"bd_count":0,"b2":[1.1974214670371437e-05,-0.00011643924579282003,-3.2184531538454211e-05],"vold":[0.24932350594039582,0.0001634249556516409,-7.2665933044949377e-05],"vini":[-2.0816932735063558e-06,2.3130538336494764e-05,-0.00010820316598741581]}
MORTAR_OBSERVER {"kind":"KIN_DD","call_id":21,"node":23,"entry":51,"row_node":1,"slave_slot":0,"value":-8.2896653328849286e-14}
MORTAR_OBSERVER {"kind":"KIN_DD","call_id":21,"node":23,"entry":52,"row_node":3,"slave_slot":2,"value":-1.8059628046642167e-13}
MORTAR_OBSERVER {"kind":"KIN_DD","call_id":21,"node":23,"entry":53,"row_node":4,"slave_slot":3,"value":3.4194869498150328e-13}
MORTAR_OBSERVER {"kind":"KIN_DD","call_id":21,"node":23,"entry":54,"row_node":19,"slave_slot":6,"value":1.0658141142280622e-13}
MORTAR_OBSERVER {"kind":"KIN_DD","call_id":21,"node":23,"entry":55,"row_node":23,"slave_slot":7,"value":1666.6682518218884}
MORTAR_OBSERVER {"kind":"KIN_DD","call_id":21,"node":23,"entry":56,"row_node":24,"slave_slot":8,"value":-1.6866138283313867e-13}
MORTAR_OBSERVER {"kind":"KIN_NODE","call_id":21,"node":24,"dd_count":6,"bd_count":0,"b2":[2.6697181916899241e-05,-0.00010315064125860469,-2.0616937375963126e-05],"vold":[0.24933773862212649,0.00011176517052563255,8.688153496040575e-05],"vini":[-2.2851020685498611e-05,-5.3690046456183201e-06,-0.00010961044677866738]}
MORTAR_OBSERVER {"kind":"KIN_DD","call_id":21,"node":24,"entry":57,"row_node":1,"slave_slot":0,"value":8.8373753638076831e-13}
MORTAR_OBSERVER {"kind":"KIN_DD","call_id":21,"node":24,"entry":58,"row_node":3,"slave_slot":2,"value":-1.6875390141944319e-13}
MORTAR_OBSERVER {"kind":"KIN_DD","call_id":21,"node":24,"entry":59,"row_node":4,"slave_slot":3,"value":5.3512750318533959e-13}
MORTAR_OBSERVER {"kind":"KIN_DD","call_id":21,"node":24,"entry":60,"row_node":19,"slave_slot":6,"value":-8.2896653328849286e-14}
MORTAR_OBSERVER {"kind":"KIN_DD","call_id":21,"node":24,"entry":61,"row_node":23,"slave_slot":7,"value":2.2500520189259093e-13}
MORTAR_OBSERVER {"kind":"KIN_DD","call_id":21,"node":24,"entry":62,"row_node":24,"slave_slot":8,"value":1666.6680577780487}
MORTAR_OBSERVER {"kind":"KIN_GAP","call_id":21,"pair":0,"slot":0,"node":1,"gap":-0.00043547852057673612}
MORTAR_OBSERVER {"kind":"KIN_GAP","call_id":21,"pair":0,"slot":1,"node":2,"gap":-0.0021868075687177181}
MORTAR_OBSERVER {"kind":"KIN_GAP","call_id":21,"pair":0,"slot":2,"node":3,"gap":-0.0027310415387958404}
MORTAR_OBSERVER {"kind":"KIN_GAP","call_id":21,"pair":0,"slot":3,"node":4,"gap":0.061105923169718891}
MORTAR_OBSERVER {"kind":"KIN_GAP","call_id":21,"pair":0,"slot":4,"node":17,"gap":-0.0014477077723855326}
MORTAR_OBSERVER {"kind":"KIN_GAP","call_id":21,"pair":0,"slot":5,"node":18,"gap":-0.0028063984883204556}
MORTAR_OBSERVER {"kind":"KIN_GAP","call_id":21,"pair":0,"slot":6,"node":19,"gap":-0.00206291340789804}
MORTAR_OBSERVER {"kind":"KIN_GAP","call_id":21,"pair":0,"slot":7,"node":23,"gap":-0.00032965275897838334}
MORTAR_OBSERVER {"kind":"KIN_GAP","call_id":21,"pair":0,"slot":8,"node":24,"gap":0.046339867441551302}
MORTAR_OBSERVER {"kind":"INVENTORY","call_id":21,"pair_count":1,"slave_count":9}
MORTAR_OBSERVER {"kind":"PAIR","call_id":21,"pair":0,"start":0,"end":9}
MORTAR_OBSERVER {"kind":"PRE_RAW","call_id":21,"pair":0,"slot":0,"node":1,"activity":2,"lambda_raw":[0.00079317642215694984,-5.8585004555249261e-08,-0.0026439200897829789],"lambda_start":[0.00050771518908920529,0.00050771518909969321,-0.013186514357202705],"ddtil_count":1}
MORTAR_OBSERVER {"kind":"DDTIL","call_id":21,"pair":0,"column_slot":0,"source_slot":0,"destination_slot":0,"entry":0,"value":1333.3343393655837}
MORTAR_OBSERVER {"kind":"PRE_RAW","call_id":21,"pair":0,"slot":1,"node":2,"activity":2,"lambda_raw":[0.0089054998700502114,-1.1387852949106708e-07,-0.029684989041781379],"lambda_start":[-6.5538309315043666e-05,0.00026092037294276585,-0.012777594587534601],"ddtil_count":1}
MORTAR_OBSERVER {"kind":"DDTIL","call_id":21,"pair":0,"column_slot":1,"source_slot":1,"destination_slot":1,"entry":1,"value":666.6672829657565}
MORTAR_OBSERVER {"kind":"PRE_RAW","call_id":21,"pair":0,"slot":2,"node":3,"activity":2,"lambda_raw":[0.0065180865722716469,8.4763904990805651e-07,-0.021726957319102513],"lambda_start":[0.00010155868155003408,0.00010155868154907331,-0.0125689875371119],"ddtil_count":1}
MORTAR_OBSERVER {"kind":"DDTIL","call_id":21,"pair":0,"column_slot":2,"source_slot":2,"destination_slot":2,"entry":2,"value":1333.33470804888}
MORTAR_OBSERVER {"kind":"PRE_RAW","call_id":21,"pair":0,"slot":3,"node":4,"activity":0,"lambda_raw":[-6.9237383190051435e-19,1.7249699910089138e-18,3.6672532835209851e-19],"lambda_start":[0.00026092037297979141,-6.5538309317234351e-05,-0.012777594587533964],"ddtil_count":1}
MORTAR_OBSERVER {"kind":"DDTIL","call_id":21,"pair":0,"column_slot":3,"source_slot":3,"destination_slot":3,"entry":3,"value":666.66728296575695}
MORTAR_OBSERVER {"kind":"PRE_RAW","call_id":21,"pair":0,"slot":4,"node":17,"activity":2,"lambda_raw":[0.0037149926212323701,-3.1351103082092425e-07,-0.012383303502302209],"lambda_start":[-0.0007365987945344057,-9.7040249850901462e-05,-0.011300302693721054],"ddtil_count":1}
MORTAR_OBSERVER {"kind":"DDTIL","call_id":21,"pair":0,"column_slot":4,"source_slot":4,"destination_slot":4,"entry":4,"value":1000.0008247327145}
MORTAR_OBSERVER {"kind":"PRE_RAW","call_id":21,"pair":0,"slot":5,"node":18,"activity":2,"lambda_raw":[0.0080303035884756509,2.9853061865846666e-07,-0.026767674724545516],"lambda_start":[0.00031677884056088363,-0.00033175558754602565,-0.011646327674742232],"ddtil_count":1}
MORTAR_OBSERVER {"kind":"DDTIL","call_id":21,"pair":0,"column_slot":5,"source_slot":5,"destination_slot":5,"entry":5,"value":1000.0009411590161}
MORTAR_OBSERVER {"kind":"PRE_RAW","call_id":21,"pair":0,"slot":6,"node":19,"activity":2,"lambda_raw":[0.0032745123401700434,3.0834254728214233e-07,-0.010915039062690568],"lambda_start":[-0.00016633402471439708,-0.00016633402470980207,-0.011364585339352794],"ddtil_count":1}
MORTAR_OBSERVER {"kind":"DDTIL","call_id":21,"pair":0,"column_slot":6,"source_slot":6,"destination_slot":6,"entry":6,"value":2000.0017392237551}
MORTAR_OBSERVER {"kind":"PRE_RAW","call_id":21,"pair":0,"slot":7,"node":23,"activity":2,"lambda_raw":[0.0020203095207341447,9.9614688682168582e-07,-0.0067343361909858812],"lambda_start":[-0.00033175558755821078,0.00031677884057350418,-0.011646327674742355],"ddtil_count":1}
MORTAR_OBSERVER {"kind":"DDTIL","call_id":21,"pair":0,"column_slot":7,"source_slot":7,"destination_slot":7,"entry":7,"value":1000.0009411590161}
MORTAR_OBSERVER {"kind":"PRE_RAW","call_id":21,"pair":0,"slot":8,"node":24,"activity":0,"lambda_raw":[-4.8791564739371988e-18,-4.234132522729457e-18,1.1421713183765908e-18],"lambda_start":[-9.7040249858331947e-05,-0.00073659879456435451,-0.011300302693717842],"ddtil_count":1}
MORTAR_OBSERVER {"kind":"DDTIL","call_id":21,"pair":0,"column_slot":8,"source_slot":8,"destination_slot":8,"entry":8,"value":1000.0008247327135}
MORTAR_OBSERVER {"kind":"LAW","call_id":21,"pair":0,"slot":0,"node":1,"activity":2,"ndof":3,"normal":[7.4139640564509083e-08,7.413964056489398e-08,-0.99999999999999456],"tangents":[0.99999999999999722,-5.4966863030631521e-15,7.4139640564508898e-08,-7.8886090522101181e-31,0.99999999999999734,7.4139640564894179e-08],"ln":3.5252295246481848,"lt":[1.0575690994777471,-7.8374757589456248e-05],"lt_start":[0.6769527927045591,0.67695279271854691],"q":0.00035252295246480258,"ut":[332.19681937313891,0.011714221307444695],"gn":0.00035252295246481852,"gt":[0.0038061630677318804,-0.0067703116747613633],"b":1.0575688095811395,"constant_n":10000000000,"constant_t":100,"mu":0.29999999999999999,"normal_mode":1,"tangent_mode":1,"normal_inverse_stiffness":0.0001,"tangent_inverse_stiffness":0.01,"p0":0,"beta":0,"iwan":1,"rn":4.7813315973144199e-08,"rt":[2.9153361325029437e-07,-0.0001372176999823143]}
MORTAR_OBSERVER {"kind":"LAW","call_id":21,"pair":0,"slot":1,"node":2,"activity":2,"ndof":3,"normal":[6.8387805827692747e-08,-4.1027950443498291e-08,-0.99999999999999689],"tangents":[0.99999999999999767,2.8058115084381685e-15,6.8387805827692694e-08,-3.944304526105059e-31,0.99999999999999922,-4.102795044349839e-08],"ln":19.790011395374474,"lt":[5.9370040484228292,-7.5107146253797956e-05],"lt_start":[-0.043692829156205842,0.17394742559283358],"q":0.0019790011395374335,"ut":[166.04694428313024,0.0033186087672720257],"gn":0.0019790011395374473,"gt":[0.059806968775790351,-0.0017402253273908739],"b":5.9370033769789785,"constant_n":10000000000,"constant_t":100,"mu":0.29999999999999999,"normal_mode":1,"tangent_mode":1,"normal_inverse_stiffness":0.0001,"tangent_inverse_stiffness":0.01,"p0":0,"beta":0,"iwan":1,"rn":4.163336342344337e-08,"rt":[6.7419839577809171e-07,-0.00025595922471200095]}
MORTAR_OBSERVER {"kind":"LAW","call_id":21,"pair":0,"slot":2,"node":3,"activity":2,"ndof":3,"normal":[-4.5208292547312871e-08,-4.52082925469361e-08,-0.999999999999998],"tangents":[0.999999999999999,-2.0437897150263934e-15,-4.5208292547312824e-08,3.944304526105059e-31,0.999999999999999,-4.5208292546936146e-08],"ln":28.969305900909049,"lt":[8.6907923665300064,0.0011314962180138017],"lt_start":[0.13541247264507875,0.13541247264379797],"q":0.0028969305900908801,"ut":[332.08551511568322,0.033962953626803349],"gn":0.0028969305900909052,"gt":[0.085553798938849276,-0.0013428097642578416],"b":8.6907916948122441,"constant_n":10000000000,"constant_t":100,"mu":0.29999999999999999,"normal_mode":1,"tangent_mode":1,"normal_inverse_stiffness":0.0001,"tangent_inverse_stiffness":0.01,"p0":0,"beta":0,"iwan":1,"rn":7.5460469872723479e-08,"rt":[7.2086458757780747e-07,0.00020723995276694966]}
MORTAR_OBSERVER {"kind":"LAW","call_id":21,"pair":0,"slot":3,"node":4,"activity":0,"ndof":3,"normal":[-4.1027950443876154e-08,6.8387805828061921e-08,-0.99999999999999689],"tangents":[0.99999999999999922,2.8058115084791518e-15,-4.1027950443876068e-08,3.944304526105059e-31,0.99999999999999778,6.8387805828061987e-08],"ln":-2.4448368066473296e-16,"lt":[-4.6158299134037038e-16,1.1499810738230852e-15],"lt_start":[0.1739474256175173,-0.043692829157666827],"q":-0.028817295903914027,"ut":[166.09397469777755,0.013674693503085139],"gn":-2.4448368066473297e-20,"gt":[-0.0017394742561751778,0.00043692829157667979],"b":-86451887.711742088,"constant_n":10000000000,"constant_t":100,"mu":0.29999999999999999,"normal_mode":1,"tangent_mode":1,"normal_inverse_stiffness":0.0001,"tangent_inverse_stiffness":0.01,"p0":0,"beta":0,"iwan":1,"rn":-7.3345104199419881e-17,"rt":[-4.6158299134037038e-16,1.1499810738230852e-15]}
MORTAR_OBSERVER {"kind":"LAW","call_id":21,"pair":0,"slot":4,"node":17,"activity":2,"ndof":3,"normal":[7.2424004571337343e-08,1.5395559165892368e-08,-0.99999999999999734],"tangents":[0.99999999999999745,-1.1150080474088865e-15,7.2424004571337343e-08,-0,1,1.5395559165892408e-08],"ln":12.383313984267724,"lt":[3.7149947882591405,-0.00031370193742270017],"lt_start":[-0.73660022044537588,-0.097040503857792323],"q":0.0012383313984267769,"ut":[249.07497645564027,0.00054061458186304941],"gn":0.0012383313984267725,"gt":[0.044515950087045168,0.00096726801920369633],"b":3.7149942082907437,"constant_n":10000000000,"constant_t":100,"mu":0.29999999999999999,"normal_mode":1,"tangent_mode":1,"normal_inverse_stiffness":0.0001,"tangent_inverse_stiffness":0.01,"p0":0,"beta":0,"iwan":1,"rn":-1.3010426513915263e-08,"rt":[5.7997392755027022e-07,-0.00030729135254349717]}
MORTAR_OBSERVER {"kind":"LAW","call_id":21,"pair":0,"slot":5,"node":18,"activity":2,"ndof":3,"normal":[1.196430858954852e-08,-4.3492668962924582e-08,-0.999999999999999],"tangents":[1,5.2035971285550893e-16,1.196430858954851e-08,-0,0.99999999999999911,-4.3492668962924588e-08],"ln":26.767700013248032,"lt":[8.0303108260112523,0.00029969509833464674],"lt_start":[0.31677899935975595,-0.33175539325043679],"q":0.0026767700013247925,"ut":[249.09367733869334,0.01785145186849238],"gn":0.0026767700013248033,"gt":[0.077135318266514971,0.0033205508834877146],"b":8.0303099714483448,"constant_n":10000000000,"constant_t":100,"mu":0.29999999999999999,"normal_mode":1,"tangent_mode":1,"normal_inverse_stiffness":0.0001,"tangent_inverse_stiffness":0.01,"p0":0,"beta":0,"iwan":1,"rn":3.2526063620252899e-08,"rt":[8.6823169809235878e-07,-0.00016884437778927336]}
MORTAR_OBSERVER {"kind":"LAW","call_id":21,"pair":0,"slot":6,"node":19,"activity":2,"ndof":3,"normal":[1.446566586541265e-08,1.4465665865794023e-08,-0.99999999999999978],"tangents":[0.99999999999999989,-2.0925548893528156e-16,1.4465665865412648e-08,-0,0.99999999999999989,1.4465665865794025e-08],"ln":21.83009720382136,"lt":[6.5490300596628437,0.00061636984395036984],"lt_start":[-0.33266866751375551,-0.33266866750456553],"q":0.0021830097203821503,"ut":[498.21788196314202,0.034822728369147023],"gn":0.002183009720382136,"gt":[0.068816987271765995,0.0033328503734851591],"b":6.5490292040808136,"constant_n":10000000000,"constant_t":100,"mu":0.29999999999999999,"normal_mode":1,"tangent_mode":1,"normal_inverse_stiffness":0.0001,"tangent_inverse_stiffness":0.01,"p0":0,"beta":0,"iwan":1,"rn":-4.2934405364292161e-08,"rt":[8.6866860637968557e-07,0.00020235444783055982]}
MORTAR_OBSERVER {"kind":"LAW","call_id":21,"pair":0,"slot":7,"node":23,"activity":2,"ndof":3,"normal":[-4.3492668963301889e-08,1.1964308589921484e-08,-0.999999999999999],"tangents":[0.99999999999999911,5.2035971287624483e-16,-4.3492668963301889e-08,-0,1,1.1964308589921497e-08],"ln":6.7343424412102797,"lt":[2.0203117150611938,0.00099606725260214168],"lt_start":[-0.33175539326262177,0.31677899937237669],"q":0.00067343424412102493,"ut":[249.08770933467366,0.029072166205479134],"gn":0.00067343424412102796,"gt":[0.023520671083238156,-0.0031578293211977455],"b":2.0203027232557855,"constant_n":10000000000,"constant_t":100,"mu":0.29999999999999999,"normal_mode":1,"tangent_mode":1,"normal_inverse_stiffness":0.0001,"tangent_inverse_stiffness":0.01,"p0":0,"beta":0,"iwan":1,"rn":9.1072984709228422e-09,"rt":[9.0087286013229573e-06,0.00073457165949958737]}
MORTAR_OBSERVER {"kind":"LAW","call_id":21,"pair":0,"slot":8,"node":24,"activity":0,"ndof":3,"normal":[1.539555916551032e-08,7.2424004571714789e-08,-0.99999999999999734],"tangents":[0.99999999999999989,-1.1150080473870252e-15,1.5395559165510284e-08,-1.9721522630525295e-31,0.99999999999999745,7.2424004571714789e-08],"ln":-1.1421726421331287e-15,"lt":[-4.8791604803527708e-15,-4.2341359320363614e-15],"lt_start":[-0.097040503865221894,-0.73660022047532414],"q":-0.032704156840893839,"ut":[249.16416738315846,0.010134961167959559],"gn":-1.1421726421331288e-19,"gt":[0.00097040503865217015,0.0073660022047531996],"b":-98112470.522681519,"constant_n":10000000000,"constant_t":100,"mu":0.29999999999999999,"normal_mode":1,"tangent_mode":1,"normal_inverse_stiffness":0.0001,"tangent_inverse_stiffness":0.01,"p0":0,"beta":0,"iwan":1,"rn":-3.4265179263993858e-16,"rt":[-4.8791604803527708e-15,-4.2341359320363614e-15]}
MORTAR_OBSERVER {"kind":"POST_RAW_AFTER_ACTIVE_LOOP","call_id":21,"pair":0,"slot":0,"node":1,"activity":2,"lambda_raw":[0.00079317642215694984,-5.8585004555249261e-08,-0.0026439200897829789],"gap":-0.00035252295246480258}
MORTAR_OBSERVER {"kind":"POST_RAW_AFTER_ACTIVE_LOOP","call_id":21,"pair":0,"slot":1,"node":2,"activity":2,"lambda_raw":[0.0089054998700502114,-1.1387852949106708e-07,-0.029684989041781379],"gap":-0.0019790011395374335}
MORTAR_OBSERVER {"kind":"POST_RAW_AFTER_ACTIVE_LOOP","call_id":21,"pair":0,"slot":2,"node":3,"activity":2,"lambda_raw":[0.0065180865722716469,8.4763904990805651e-07,-0.021726957319102513],"gap":-0.0028969305900908801}
MORTAR_OBSERVER {"kind":"POST_RAW_AFTER_ACTIVE_LOOP","call_id":21,"pair":0,"slot":3,"node":4,"activity":0,"lambda_raw":[0,0,0],"gap":0.028817295903914027}
MORTAR_OBSERVER {"kind":"POST_RAW_AFTER_ACTIVE_LOOP","call_id":21,"pair":0,"slot":4,"node":17,"activity":2,"lambda_raw":[0.0037149926212323701,-3.1351103082092425e-07,-0.012383303502302209],"gap":-0.0012383313984267769}
MORTAR_OBSERVER {"kind":"POST_RAW_AFTER_ACTIVE_LOOP","call_id":21,"pair":0,"slot":5,"node":18,"activity":2,"lambda_raw":[0.0080303035884756509,2.9853061865846666e-07,-0.026767674724545516],"gap":-0.0026767700013247925}
MORTAR_OBSERVER {"kind":"POST_RAW_AFTER_ACTIVE_LOOP","call_id":21,"pair":0,"slot":6,"node":19,"activity":2,"lambda_raw":[0.0032745123401700434,3.0834254728214233e-07,-0.010915039062690568],"gap":-0.0021830097203821503}
MORTAR_OBSERVER {"kind":"POST_RAW_AFTER_ACTIVE_LOOP","call_id":21,"pair":0,"slot":7,"node":23,"activity":2,"lambda_raw":[0.0020203095207341447,9.9614688682168582e-07,-0.0067343361909858812],"gap":-0.00067343424412102493}
MORTAR_OBSERVER {"kind":"POST_RAW_AFTER_ACTIVE_LOOP","call_id":21,"pair":0,"slot":8,"node":24,"activity":0,"lambda_raw":[0,0,0],"gap":0.032704156840893839}
MORTAR_OBSERVER {"kind":"CFS_INVENTORY","call_id":21,"all_node_count":35,"physical_count":13}
MORTAR_OBSERVER {"kind":"CFS_NODE","call_id":21,"node":1,"force":[-2.3637727443189731,-0.00017917151467428864,7.8792411117515959]}
MORTAR_OBSERVER {"kind":"CFS_NODE","call_id":21,"node":2,"force":[2.0219030274601226,-7.0925626466438786e-05,-6.7396727877767821]}
MORTAR_OBSERVER {"kind":"CFS_NODE","call_id":21,"node":3,"force":[3.1575732714966316,0.0004930650977107298,-10.525259317350693]}
MORTAR_OBSERVER {"kind":"CFS_NODE","call_id":21,"node":4,"force":[-0.67343715744721444,-0.00033204928303130326,2.2447808987721047]}
MORTAR_OBSERVER {"kind":"CFS_NODE","call_id":21,"node":13,"force":[-4.4032765712028201,7.0539653705114179e-05,14.677582256423946]}
MORTAR_OBSERVER {"kind":"CFS_NODE","call_id":21,"node":14,"force":[-13.596093663937014,-0.00027676097092817675,45.320299487674262]}
MORTAR_OBSERVER {"kind":"CFS_NODE","call_id":21,"node":15,"force":[-13.404136417425951,-0.0016064556613303968,44.680440705601711]}
MORTAR_OBSERVER {"kind":"CFS_NODE","call_id":21,"node":16,"force":[-4.5965077959596199,-0.00076133016383198027,15.321677550300048]}
MORTAR_OBSERVER {"kind":"CFS_NODE","call_id":21,"node":17,"force":[6.1916595366891434,-0.00052251882083030425,-20.638856397058156]}
MORTAR_OBSERVER {"kind":"CFS_NODE","call_id":21,"node":18,"force":[13.383852043403746,0.00049755150431481327,-44.612833638495218]}
MORTAR_OBSERVER {"kind":"CFS_NODE","call_id":21,"node":19,"force":[10.915050734180847,0.0010278093949453151,-36.383495543231497]}
MORTAR_OBSERVER {"kind":"CFS_NODE","call_id":21,"node":23,"force":[3.3671857370610931,0.0016602463904169154,-11.22390432661131]}
MORTAR_OBSERVER {"kind":"CFS_NODE","call_id":21,"node":24,"force":[-2.1585872431403609e-16,3.7615018734405526e-21,7.1953692202519391e-16]}
MORTAR_OBSERVER {"kind":"CFS_END","call_id":21,"scanned_nodes":35,"physical_count":13,"outside_nonzero_count":0}
MORTAR_OBSERVER {"kind":"SUMMARY_PRE_OVERRIDE","call_id":21,"ndiverg":14,"flag":1,"keepset":0,"max_n":7.5460469872723479e-08,"max_t":[9.0087286013229573e-06,0.00073457165949958737],"lm_t_av":[36.000012903425016,0.0035108122541669144],"nstick":0,"nslip":7,"ninactive":2,"nnogap":0,"nolm":0}
MORTAR_OBSERVER {"kind":"SUMMARY_POST_OVERRIDE","call_id":21,"flag":1}
MORTAR_OBSERVER {"kind":"RETURN","call_id":21}
 Using up to 2 cpu(s) for the stress calculation.

 average force= 5.900947
 time avg. forc= 5.900947
 largest residual force= 0.000024 in node 31 and dof 3
 largest increment of disp= 1.730781e-01
 largest correction to disp= 1.368735e-04 in node 23 and dof 2

MORTAR_OBSERVER {"kind":"PRE_CHECK","call_id":21,"step":2,"inc":1,"cutback":0,"iteration":13,"time":0.25,"dtime":0.25,"ttime":1,"tper":1,"theta":0,"dtheta":0.25,"icntrl":0,"nmethod":1,"iexpl":0,"ithermal":0,"uncoupled":0,"mortar":2,"iflagdualquad":2}
 no convergence

MORTAR_OBSERVER {"kind":"POST_CHECK","call_id":21,"step":2,"inc":1,"cutback":0,"iteration":14,"time":0.25,"dtime":0.25,"ttime":1,"tper":1,"theta":0,"dtheta":0.25,"icntrl":0,"nmethod":1,"iexpl":0,"ithermal":0,"uncoupled":0,"mortar":2,"iflagdualquad":2}
 iteration 14

 Determining the structure of the matrix:

 Using up to 2 cpu(s) for setting up the structure of the matrix.
 number of equations
 75
 number of nonzero lower triangular matrix elements
 1143

 Using up to 2 cpu(s) for the stress calculation.

 Using up to 2 cpu(s) for the symmetric stiffness/mass contributions.

 Using up to 2 cpu(s) for the stress calculation.

 Using up to 2 cpu(s) for the symmetric stiffness/mass contributions.

 Factoring the system of equations using the unsymmetric spooles solver
 Using 1 cpu for spooles.

MORTAR_OBSERVER {"kind":"BEGIN","call_id":22,"step":2,"inc":1,"cutback":0,"iteration":14,"time":0.25,"dtime":0.25,"ttime":1,"tper":1,"theta":0,"dtheta":0.25,"icntrl":0,"nmethod":1,"iexpl":0,"ithermal":0,"uncoupled":0,"mortar":2,"iflagdualquad":2}
MORTAR_OBSERVER {"kind":"KIN_INVENTORY","call_id":22,"all_node_count":35,"physical_count":13,"dd_count":63,"bd_count":36,"slave_count":9}
MORTAR_OBSERVER {"kind":"KIN_NODE","call_id":22,"node":1,"dd_count":9,"bd_count":0,"b2":[-4.8005084538753345e-10,3.1272429667882469e-09,-8.2595753203604456e-10],"vold":[0.24935984909857556,3.0458074593477891e-05,3.9997974834971172e-05],"vini":[-1.8651819129285558e-05,-1.8651819129203521e-05,-0.00011333255306067981]}
MORTAR_OBSERVER {"kind":"KIN_DD","call_id":22,"node":1,"entry":0,"row_node":1,"slave_slot":0,"value":1333.3343393655834}
MORTAR_OBSERVER {"kind":"KIN_DD","call_id":22,"node":1,"entry":1,"row_node":2,"slave_slot":1,"value":7.5199107760053208e-14}
MORTAR_OBSERVER {"kind":"KIN_DD","call_id":22,"node":1,"entry":2,"row_node":3,"slave_slot":2,"value":1.8518520025380737e-13}
MORTAR_OBSERVER {"kind":"KIN_DD","call_id":22,"node":1,"entry":3,"row_node":4,"slave_slot":3,"value":-1.2478906921415307e-13}
MORTAR_OBSERVER {"kind":"KIN_DD","call_id":22,"node":1,"entry":4,"row_node":17,"slave_slot":4,"value":-333.33361652266797}
MORTAR_OBSERVER {"kind":"KIN_DD","call_id":22,"node":1,"entry":5,"row_node":18,"slave_slot":5,"value":-1.2675047270840951e-14}
MORTAR_OBSERVER {"kind":"KIN_DD","call_id":22,"node":1,"entry":6,"row_node":19,"slave_slot":6,"value":-666.66726296477884}
MORTAR_OBSERVER {"kind":"KIN_DD","call_id":22,"node":1,"entry":7,"row_node":23,"slave_slot":7,"value":-3.7425618361670371e-13}
MORTAR_OBSERVER {"kind":"KIN_DD","call_id":22,"node":1,"entry":8,"row_node":24,"slave_slot":8,"value":-333.33361652266734}
MORTAR_OBSERVER {"kind":"KIN_NODE","call_id":22,"node":2,"dd_count":6,"bd_count":0,"b2":[-2.228060968231192e-09,-3.1611781217043622e-10,-8.8190546300024028e-10],"vold":[0.24935035515598,-4.6406731447780656e-05,-0.0002693013535092509],"vini":[1.9409787070850799e-05,-2.1276020123634991e-05,-0.00010609014988737315]}
MORTAR_OBSERVER {"kind":"KIN_DD","call_id":22,"node":2,"entry":9,"row_node":1,"slave_slot":0,"value":3.2566523894461172e-15}
MORTAR_OBSERVER {"kind":"KIN_DD","call_id":22,"node":2,"entry":10,"row_node":2,"slave_slot":1,"value":666.66728296575661}
MORTAR_OBSERVER {"kind":"KIN_DD","call_id":22,"node":2,"entry":11,"row_node":3,"slave_slot":2,"value":6.661338919786186e-15}
MORTAR_OBSERVER {"kind":"KIN_DD","call_id":22,"node":2,"entry":12,"row_node":17,"slave_slot":4,"value":-333.33361652266825}
MORTAR_OBSERVER {"kind":"KIN_DD","call_id":22,"node":2,"entry":13,"row_node":18,"slave_slot":5,"value":-333.33365533143626}
MORTAR_OBSERVER {"kind":"KIN_DD","call_id":22,"node":2,"entry":14,"row_node":19,"slave_slot":6,"value":2.189914937235159e-13}
MORTAR_OBSERVER {"kind":"KIN_NODE","call_id":22,"node":3,"dd_count":9,"bd_count":0,"b2":[1.0507181702885946e-09,3.8977021418984605e-09,1.7092702543784973e-09],"vold":[0.24934397382763523,7.9407159484090085e-05,-0.00026326543213984685],"vini":[2.326667444963995e-05,2.3266674449668281e-05,-0.00011043941867480129]}
MORTAR_OBSERVER {"kind":"KIN_DD","call_id":22,"node":3,"entry":15,"row_node":1,"slave_slot":0,"value":2.0515994684268658e-14}
MORTAR_OBSERVER {"kind":"KIN_DD","call_id":22,"node":3,"entry":16,"row_node":2,"slave_slot":1,"value":1.0480968089501651e-13}
MORTAR_OBSERVER {"kind":"KIN_DD","call_id":22,"node":3,"entry":17,"row_node":3,"slave_slot":2,"value":1333.33470804888}
MORTAR_OBSERVER {"kind":"KIN_DD","call_id":22,"node":3,"entry":18,"row_node":4,"slave_slot":3,"value":-9.5257135799594381e-14}
MORTAR_OBSERVER {"kind":"KIN_DD","call_id":22,"node":3,"entry":19,"row_node":17,"slave_slot":4,"value":7.3644769849891522e-15}
MORTAR_OBSERVER {"kind":"KIN_DD","call_id":22,"node":3,"entry":20,"row_node":18,"slave_slot":5,"value":-333.33365533143655}
MORTAR_OBSERVER {"kind":"KIN_DD","call_id":22,"node":3,"entry":21,"row_node":19,"slave_slot":6,"value":-666.66726296477918}
MORTAR_OBSERVER {"kind":"KIN_DD","call_id":22,"node":3,"entry":22,"row_node":23,"slave_slot":7,"value":-333.3336553314362}
MORTAR_OBSERVER {"kind":"KIN_DD","call_id":22,"node":3,"entry":23,"row_node":24,"slave_slot":8,"value":-3.9320404721530813e-15}
MORTAR_OBSERVER {"kind":"KIN_NODE","call_id":22,"node":4,"dd_count":6,"bd_count":0,"b2":[-4.6389327697487629e-10,4.5664268671599194e-09,3.6440977321094205e-09],"vold":[0.2493509373999877,3.6835974326296248e-06,7.8912257187774935e-05],"vini":[-2.1276020123909488e-05,1.9409787070938233e-05,-0.00010609014988733541]}
MORTAR_OBSERVER {"kind":"KIN_DD","call_id":22,"node":4,"entry":24,"row_node":1,"slave_slot":0,"value":4.9650094869271167e-14}
MORTAR_OBSERVER {"kind":"KIN_DD","call_id":22,"node":4,"entry":25,"row_node":3,"slave_slot":2,"value":6.9870037418317637e-14}
MORTAR_OBSERVER {"kind":"KIN_DD","call_id":22,"node":4,"entry":26,"row_node":4,"slave_slot":3,"value":666.66728296575673}
MORTAR_OBSERVER {"kind":"KIN_DD","call_id":22,"node":4,"entry":27,"row_node":19,"slave_slot":6,"value":2.3074135077482704e-14}
MORTAR_OBSERVER {"kind":"KIN_DD","call_id":22,"node":4,"entry":28,"row_node":23,"slave_slot":7,"value":-333.33365533143649}
MORTAR_OBSERVER {"kind":"KIN_DD","call_id":22,"node":4,"entry":29,"row_node":24,"slave_slot":8,"value":-333.33361652266836}
MORTAR_OBSERVER {"kind":"KIN_NODE","call_id":22,"node":13,"dd_count":0,"bd_count":9,"b2":[-4.0106442763881991e-11,-1.6242434167555018e-09,-1.0096325260101504e-09],"vold":[0.00019995490678861494,2.8330317950344382e-05,7.2451477383419445e-05],"vini":[-2.8066862268510173e-05,-2.8066862268525196e-05,-0.00011356992110190738]}
MORTAR_OBSERVER {"kind":"KIN_BD","call_id":22,"node":13,"entry":0,"row_node":1,"slave_slot":0,"value":-1120.3709633274834}
MORTAR_OBSERVER {"kind":"KIN_BD","call_id":22,"node":13,"entry":1,"row_node":2,"slave_slot":1,"value":-50.925940030402735}
MORTAR_OBSERVER {"kind":"KIN_BD","call_id":22,"node":13,"entry":2,"row_node":3,"slave_slot":2,"value":-9.259307744204996}
MORTAR_OBSERVER {"kind":"KIN_BD","call_id":22,"node":13,"entry":3,"row_node":4,"slave_slot":3,"value":-50.925940030402948}
MORTAR_OBSERVER {"kind":"KIN_BD","call_id":22,"node":13,"entry":4,"row_node":17,"slave_slot":4,"value":-458.33370498722149}
MORTAR_OBSERVER {"kind":"KIN_BD","call_id":22,"node":13,"entry":5,"row_node":18,"slave_slot":5,"value":-41.666762492038849}
MORTAR_OBSERVER {"kind":"KIN_BD","call_id":22,"node":13,"entry":6,"row_node":19,"slave_slot":6,"value":-268.51875469405724}
MORTAR_OBSERVER {"kind":"KIN_BD","call_id":22,"node":13,"entry":7,"row_node":23,"slave_slot":7,"value":-41.666762492038607}
MORTAR_OBSERVER {"kind":"KIN_BD","call_id":22,"node":13,"entry":8,"row_node":24,"slave_slot":8,"value":-458.33370498722223}
MORTAR_OBSERVER {"kind":"KIN_NODE","call_id":22,"node":14,"dd_count":0,"bd_count":9,"b2":[1.5247393341405969e-09,3.9420649582787345e-10,-1.1457235920870391e-09],"vold":[0.00028836584678985016,-7.3138373934858396e-05,-0.00029667753550516361],"vini":[2.4201626574401393e-05,-2.8535390258710365e-05,-0.00010353950999479019]}
MORTAR_OBSERVER {"kind":"KIN_BD","call_id":22,"node":14,"entry":9,"row_node":1,"slave_slot":0,"value":-101.85205834211705}
MORTAR_OBSERVER {"kind":"KIN_BD","call_id":22,"node":14,"entry":10,"row_node":2,"slave_slot":1,"value":-560.18582613200579}
MORTAR_OBSERVER {"kind":"KIN_BD","call_id":22,"node":14,"entry":11,"row_node":3,"slave_slot":2,"value":-101.8520474025626}
MORTAR_OBSERVER {"kind":"KIN_BD","call_id":22,"node":14,"entry":12,"row_node":4,"slave_slot":3,"value":-4.6295740824065685}
MORTAR_OBSERVER {"kind":"KIN_BD","call_id":22,"node":14,"entry":13,"row_node":17,"slave_slot":4,"value":-458.333510499559}
MORTAR_OBSERVER {"kind":"KIN_BD","call_id":22,"node":14,"entry":14,"row_node":18,"slave_slot":5,"value":-458.33376300392297}
MORTAR_OBSERVER {"kind":"KIN_BD","call_id":22,"node":14,"entry":15,"row_node":19,"slave_slot":6,"value":-731.482068890954}
MORTAR_OBSERVER {"kind":"KIN_BD","call_id":22,"node":14,"entry":16,"row_node":23,"slave_slot":7,"value":-41.666791625993497}
MORTAR_OBSERVER {"kind":"KIN_BD","call_id":22,"node":14,"entry":17,"row_node":24,"slave_slot":8,"value":-41.666811757788253}
MORTAR_OBSERVER {"kind":"KIN_NODE","call_id":22,"node":15,"dd_count":0,"bd_count":9,"b2":[-1.0713725877240824e-09,-2.6218690730098281e-09,2.0149678590233293e-09],"vold":[0.00028603248032055202,7.1916866939947111e-05,-0.00028919462751232546],"vini":[2.710682217014385e-05,2.7106822170201716e-05,-0.000110172262554128]}
MORTAR_OBSERVER {"kind":"KIN_BD","call_id":22,"node":15,"entry":18,"row_node":1,"slave_slot":0,"value":-9.2592593538675061}
MORTAR_OBSERVER {"kind":"KIN_BD","call_id":22,"node":15,"entry":19,"row_node":2,"slave_slot":1,"value":-50.925942720941158}
MORTAR_OBSERVER {"kind":"KIN_BD","call_id":22,"node":15,"entry":20,"row_node":3,"slave_slot":2,"value":-1120.3713054995505}
MORTAR_OBSERVER {"kind":"KIN_BD","call_id":22,"node":15,"entry":21,"row_node":4,"slave_slot":3,"value":-50.925942720941208}
MORTAR_OBSERVER {"kind":"KIN_BD","call_id":22,"node":15,"entry":22,"row_node":17,"slave_slot":4,"value":-41.666797488145619}
MORTAR_OBSERVER {"kind":"KIN_BD","call_id":22,"node":15,"entry":23,"row_node":18,"slave_slot":5,"value":-458.33362403706082}
MORTAR_OBSERVER {"kind":"KIN_BD","call_id":22,"node":15,"entry":24,"row_node":19,"slave_slot":6,"value":-268.51884674778933}
MORTAR_OBSERVER {"kind":"KIN_BD","call_id":22,"node":15,"entry":25,"row_node":23,"slave_slot":7,"value":-458.33362403706025}
MORTAR_OBSERVER {"kind":"KIN_BD","call_id":22,"node":15,"entry":26,"row_node":24,"slave_slot":8,"value":-41.66679748814537}
MORTAR_OBSERVER {"kind":"KIN_NODE","call_id":22,"node":16,"dd_count":0,"bd_count":9,"b2":[-9.7401345516014011e-10,-3.5745042313501449e-09,1.346822841768516e-09],"vold":[0.00020049583293416839,-2.7756860505828095e-05,6.5778098751422085e-05],"vini":[-2.8535390258651648e-05,2.4201626574321538e-05,-0.00010353950999474492]}
MORTAR_OBSERVER {"kind":"KIN_BD","call_id":22,"node":16,"entry":27,"row_node":1,"slave_slot":0,"value":-101.85205834211729}
MORTAR_OBSERVER {"kind":"KIN_BD","call_id":22,"node":16,"entry":28,"row_node":2,"slave_slot":1,"value":-4.6295740824066147}
MORTAR_OBSERVER {"kind":"KIN_BD","call_id":22,"node":16,"entry":29,"row_node":3,"slave_slot":2,"value":-101.85204740256266}
MORTAR_OBSERVER {"kind":"KIN_BD","call_id":22,"node":16,"entry":30,"row_node":4,"slave_slot":3,"value":-560.18582613200647}
MORTAR_OBSERVER {"kind":"KIN_BD","call_id":22,"node":16,"entry":31,"row_node":17,"slave_slot":4,"value":-41.666811757788196}
MORTAR_OBSERVER {"kind":"KIN_BD","call_id":22,"node":16,"entry":32,"row_node":18,"slave_slot":5,"value":-41.666791625993454}
MORTAR_OBSERVER {"kind":"KIN_BD","call_id":22,"node":16,"entry":33,"row_node":19,"slave_slot":6,"value":-731.48206889095377}
MORTAR_OBSERVER {"kind":"KIN_BD","call_id":22,"node":16,"entry":34,"row_node":23,"slave_slot":7,"value":-458.33376300392348}
MORTAR_OBSERVER {"kind":"KIN_BD","call_id":22,"node":16,"entry":35,"row_node":24,"slave_slot":8,"value":-458.33351049955786}
MORTAR_OBSERVER {"kind":"KIN_NODE","call_id":22,"node":17,"dd_count":6,"bd_count":0,"b2":[-1.709883393405347e-09,1.7505126095469877e-09,-8.5271634489294554e-10],"vold":[0.24932893294082181,-1.4666118384857389e-05,-0.00011434892009638269],"vini":[-5.3690046458016392e-06,-2.2851020685450205e-05,-0.00010961044677868645]}
MORTAR_OBSERVER {"kind":"KIN_DD","call_id":22,"node":17,"entry":30,"row_node":1,"slave_slot":0,"value":2.4276877046305862e-13}
MORTAR_OBSERVER {"kind":"KIN_DD","call_id":22,"node":17,"entry":31,"row_node":2,"slave_slot":1,"value":-2.5461114951003707e-13}
MORTAR_OBSERVER {"kind":"KIN_DD","call_id":22,"node":17,"entry":32,"row_node":3,"slave_slot":2,"value":-6.5133084758381588e-14}
MORTAR_OBSERVER {"kind":"KIN_DD","call_id":22,"node":17,"entry":33,"row_node":17,"slave_slot":4,"value":1666.6680577780505}
MORTAR_OBSERVER {"kind":"KIN_DD","call_id":22,"node":17,"entry":34,"row_node":18,"slave_slot":5,"value":3.6618856459328738e-13}
MORTAR_OBSERVER {"kind":"KIN_DD","call_id":22,"node":17,"entry":35,"row_node":19,"slave_slot":6,"value":-1.2397490564805584e-13}
MORTAR_OBSERVER {"kind":"KIN_NODE","call_id":22,"node":18,"dd_count":6,"bd_count":0,"b2":[-1.1627979918240082e-09,1.6796166031927945e-09,4.0463873962732973e-10],"vold":[0.24936480282267129,1.4999027066475278e-05,-0.00026630078916882959],"vini":[2.3130538336491836e-05,-2.0816932734675867e-06,-0.00010820316598743466]}
MORTAR_OBSERVER {"kind":"KIN_DD","call_id":22,"node":18,"entry":36,"row_node":1,"slave_slot":0,"value":1.2286468261240163e-13}
MORTAR_OBSERVER {"kind":"KIN_DD","call_id":22,"node":18,"entry":37,"row_node":2,"slave_slot":1,"value":-2.3092639141608016e-13}
MORTAR_OBSERVER {"kind":"KIN_DD","call_id":22,"node":18,"entry":38,"row_node":3,"slave_slot":2,"value":-9.0298140233210834e-14}
MORTAR_OBSERVER {"kind":"KIN_DD","call_id":22,"node":18,"entry":39,"row_node":17,"slave_slot":4,"value":1.8947806475165551e-13}
MORTAR_OBSERVER {"kind":"KIN_DD","call_id":22,"node":18,"entry":40,"row_node":18,"slave_slot":5,"value":1666.6682518218884}
MORTAR_OBSERVER {"kind":"KIN_DD","call_id":22,"node":18,"entry":41,"row_node":19,"slave_slot":6,"value":-3.0207318428425546e-13}
MORTAR_OBSERVER {"kind":"KIN_NODE","call_id":22,"node":19,"dd_count":9,"bd_count":0,"b2":[-4.405242601511991e-10,5.4596512731369889e-09,2.9982222808547859e-10],"vold":[0.24935142744182448,1.7355708710745118e-05,-0.00011394710643001568],"vini":[-1.1041054726275674e-06,-1.1041054726048646e-06,-0.00010890228638792375]}
MORTAR_OBSERVER {"kind":"KIN_DD","call_id":22,"node":19,"entry":42,"row_node":1,"slave_slot":0,"value":2.871776918892279e-13}
MORTAR_OBSERVER {"kind":"KIN_DD","call_id":22,"node":19,"entry":43,"row_node":2,"slave_slot":1,"value":-5.9211895234892347e-14}
MORTAR_OBSERVER {"kind":"KIN_DD","call_id":22,"node":19,"entry":44,"row_node":3,"slave_slot":2,"value":2.8495724581791943e-13}
MORTAR_OBSERVER {"kind":"KIN_DD","call_id":22,"node":19,"entry":45,"row_node":4,"slave_slot":3,"value":-2.8421709712748327e-13}
MORTAR_OBSERVER {"kind":"KIN_DD","call_id":22,"node":19,"entry":46,"row_node":17,"slave_slot":4,"value":2.9605947617446172e-13}
MORTAR_OBSERVER {"kind":"KIN_DD","call_id":22,"node":19,"entry":47,"row_node":18,"slave_slot":5,"value":-1.501576655722348e-13}
MORTAR_OBSERVER {"kind":"KIN_DD","call_id":22,"node":19,"entry":48,"row_node":19,"slave_slot":6,"value":3333.3362651533125}
MORTAR_OBSERVER {"kind":"KIN_DD","call_id":22,"node":19,"entry":49,"row_node":23,"slave_slot":7,"value":1.807813176390307e-13}
MORTAR_OBSERVER {"kind":"KIN_DD","call_id":22,"node":19,"entry":50,"row_node":24,"slave_slot":8,"value":2.8810287775227309e-13}
MORTAR_OBSERVER {"kind":"KIN_NODE","call_id":22,"node":23,"dd_count":6,"bd_count":0,"b2":[1.1771351814072346e-09,8.7549282303030586e-09,1.9574191541167524e-09],"vold":[0.24933548015506618,4.6985709858820865e-05,-0.0001048504645834036],"vini":[-2.0816932735063558e-06,2.3130538336494764e-05,-0.00010820316598741581]}
MORTAR_OBSERVER {"kind":"KIN_DD","call_id":22,"node":23,"entry":51,"row_node":1,"slave_slot":0,"value":-8.2896653328849286e-14}
MORTAR_OBSERVER {"kind":"KIN_DD","call_id":22,"node":23,"entry":52,"row_node":3,"slave_slot":2,"value":-1.8059628046642167e-13}
MORTAR_OBSERVER {"kind":"KIN_DD","call_id":22,"node":23,"entry":53,"row_node":4,"slave_slot":3,"value":3.4194869498150328e-13}
MORTAR_OBSERVER {"kind":"KIN_DD","call_id":22,"node":23,"entry":54,"row_node":19,"slave_slot":6,"value":1.0658141142280622e-13}
MORTAR_OBSERVER {"kind":"KIN_DD","call_id":22,"node":23,"entry":55,"row_node":23,"slave_slot":7,"value":1666.6682518218884}
MORTAR_OBSERVER {"kind":"KIN_DD","call_id":22,"node":23,"entry":56,"row_node":24,"slave_slot":8,"value":-1.6866138283313867e-13}
MORTAR_OBSERVER {"kind":"KIN_NODE","call_id":22,"node":24,"dd_count":6,"bd_count":0,"b2":[1.722878703310897e-11,4.4127586570482914e-09,5.1616838089005565e-10],"vold":[0.24936443580404338,8.6145292670278647e-06,6.6264597584442624e-05],"vini":[-2.2851020685498611e-05,-5.3690046456183201e-06,-0.00010961044677866738]}
MORTAR_OBSERVER {"kind":"KIN_DD","call_id":22,"node":24,"entry":57,"row_node":1,"slave_slot":0,"value":8.8373753638076831e-13}
MORTAR_OBSERVER {"kind":"KIN_DD","call_id":22,"node":24,"entry":58,"row_node":3,"slave_slot":2,"value":-1.6875390141944319e-13}
MORTAR_OBSERVER {"kind":"KIN_DD","call_id":22,"node":24,"entry":59,"row_node":4,"slave_slot":3,"value":5.3512750318533959e-13}
MORTAR_OBSERVER {"kind":"KIN_DD","call_id":22,"node":24,"entry":60,"row_node":19,"slave_slot":6,"value":-8.2896653328849286e-14}
MORTAR_OBSERVER {"kind":"KIN_DD","call_id":22,"node":24,"entry":61,"row_node":23,"slave_slot":7,"value":2.2500520189259093e-13}
MORTAR_OBSERVER {"kind":"KIN_DD","call_id":22,"node":24,"entry":62,"row_node":24,"slave_slot":8,"value":1666.6680577780487}
MORTAR_OBSERVER {"kind":"KIN_GAP","call_id":22,"pair":0,"slot":0,"node":1,"gap":-0.00035252295246480258}
MORTAR_OBSERVER {"kind":"KIN_GAP","call_id":22,"pair":0,"slot":1,"node":2,"gap":-0.0019790011395374335}
MORTAR_OBSERVER {"kind":"KIN_GAP","call_id":22,"pair":0,"slot":2,"node":3,"gap":-0.0028969305900908801}
MORTAR_OBSERVER {"kind":"KIN_GAP","call_id":22,"pair":0,"slot":3,"node":4,"gap":0.028817295903914027}
MORTAR_OBSERVER {"kind":"KIN_GAP","call_id":22,"pair":0,"slot":4,"node":17,"gap":-0.0012383313984267769}
MORTAR_OBSERVER {"kind":"KIN_GAP","call_id":22,"pair":0,"slot":5,"node":18,"gap":-0.0026767700013247925}
MORTAR_OBSERVER {"kind":"KIN_GAP","call_id":22,"pair":0,"slot":6,"node":19,"gap":-0.0021830097203821503}
MORTAR_OBSERVER {"kind":"KIN_GAP","call_id":22,"pair":0,"slot":7,"node":23,"gap":-0.00067343424412102493}
MORTAR_OBSERVER {"kind":"KIN_GAP","call_id":22,"pair":0,"slot":8,"node":24,"gap":0.032704156840893839}
MORTAR_OBSERVER {"kind":"INVENTORY","call_id":22,"pair_count":1,"slave_count":9}
MORTAR_OBSERVER {"kind":"PAIR","call_id":22,"pair":0,"start":0,"end":9}
MORTAR_OBSERVER {"kind":"PRE_RAW","call_id":22,"pair":0,"slot":0,"node":1,"activity":2,"lambda_raw":[0.00079319706193399064,4.4344490183137881e-08,-0.0026439894983166633],"lambda_start":[0.00050771518908920529,0.00050771518909969321,-0.013186514357202705],"ddtil_count":1}
MORTAR_OBSERVER {"kind":"DDTIL","call_id":22,"pair":0,"column_slot":0,"source_slot":0,"destination_slot":0,"entry":0,"value":1333.3343393655837}
MORTAR_OBSERVER {"kind":"PRE_RAW","call_id":22,"pair":0,"slot":1,"node":2,"activity":2,"lambda_raw":[0.0089055149057446423,2.7004977619665675e-07,-0.029685042323586576],"lambda_start":[-6.5538309315043666e-05,0.00026092037294276585,-0.012777594587534601],"ddtil_count":1}
MORTAR_OBSERVER {"kind":"DDTIL","call_id":22,"pair":0,"column_slot":1,"source_slot":1,"destination_slot":1,"entry":1,"value":666.6672829657565}
MORTAR_OBSERVER {"kind":"PRE_RAW","call_id":22,"pair":0,"slot":2,"node":3,"activity":2,"lambda_raw":[0.0065180627246544231,6.9237307628033698e-07,-0.021726879440592411],"lambda_start":[0.00010155868155003408,0.00010155868154907331,-0.0125689875371119],"ddtil_count":1}
MORTAR_OBSERVER {"kind":"DDTIL","call_id":22,"pair":0,"column_slot":2,"source_slot":2,"destination_slot":2,"entry":2,"value":1333.33470804888}
MORTAR_OBSERVER {"kind":"PRE_RAW","call_id":22,"pair":0,"slot":3,"node":4,"activity":0,"lambda_raw":[-8.8938377242740056e-24,-8.6397280750090332e-23,1.9312333344137841e-22],"lambda_start":[0.00026092037297979141,-6.5538309317234351e-05,-0.012777594587533964],"ddtil_count":1}
MORTAR_OBSERVER {"kind":"DDTIL","call_id":22,"pair":0,"column_slot":3,"source_slot":3,"destination_slot":3,"entry":3,"value":666.66728296575695}
MORTAR_OBSERVER {"kind":"PRE_RAW","call_id":22,"pair":0,"slot":4,"node":17,"activity":2,"lambda_raw":[0.0037150043574732099,-6.1781556049270797e-09,-0.012383344599702148],"lambda_start":[-0.0007365987945344057,-9.7040249850901462e-05,-0.011300302693721054],"ddtil_count":1}
MORTAR_OBSERVER {"kind":"DDTIL","call_id":22,"pair":0,"column_slot":4,"source_slot":4,"destination_slot":4,"entry":4,"value":1000.0008247327145}
MORTAR_OBSERVER {"kind":"PRE_RAW","call_id":22,"pair":0,"slot":5,"node":18,"activity":2,"lambda_raw":[0.0080303442824153481,4.6746891443111708e-07,-0.026767813156713397],"lambda_start":[0.00031677884056088363,-0.00033175558754602565,-0.011646327674742232],"ddtil_count":1}
MORTAR_OBSERVER {"kind":"DDTIL","call_id":22,"pair":0,"column_slot":5,"source_slot":5,"destination_slot":5,"entry":5,"value":1000.0009411590161}
MORTAR_OBSERVER {"kind":"PRE_RAW","call_id":22,"pair":0,"slot":6,"node":19,"activity":2,"lambda_raw":[0.0032745216638419504,2.072776442822099e-07,-0.010915071660957296],"lambda_start":[-0.00016633402471439708,-0.00016633402470980207,-0.011364585339352794],"ddtil_count":1}
MORTAR_OBSERVER {"kind":"DDTIL","call_id":22,"pair":0,"column_slot":6,"source_slot":6,"destination_slot":6,"entry":6,"value":2000.0017392237551}
MORTAR_OBSERVER {"kind":"PRE_RAW","call_id":22,"pair":0,"slot":7,"node":23,"activity":2,"lambda_raw":[0.0020202198349269676,2.6168438013899562e-07,-0.0067340672370196719],"lambda_start":[-0.00033175558755821078,0.00031677884057350418,-0.011646327674742355],"ddtil_count":1}
MORTAR_OBSERVER {"kind":"DDTIL","call_id":22,"pair":0,"column_slot":7,"source_slot":7,"destination_slot":7,"entry":7,"value":1000.0009411590161}
MORTAR_OBSERVER {"kind":"PRE_RAW","call_id":22,"pair":0,"slot":8,"node":24,"activity":0,"lambda_raw":[1.9142928820147559e-22,1.9481741719619196e-23,-7.2844773386402216e-23],"lambda_start":[-9.7040249858331947e-05,-0.00073659879456435451,-0.011300302693717842],"ddtil_count":1}
MORTAR_OBSERVER {"kind":"DDTIL","call_id":22,"pair":0,"column_slot":8,"source_slot":8,"destination_slot":8,"entry":8,"value":1000.0008247327135}
MORTAR_OBSERVER {"kind":"LAW","call_id":22,"pair":0,"slot":0,"node":1,"activity":2,"ndof":3,"normal":[7.4139640564509083e-08,7.413964056489398e-08,-0.99999999999999456],"tangents":[0.99999999999999722,-5.4966863030631521e-15,7.4139640564508898e-08,-7.8886090522101181e-31,0.99999999999999734,7.4139640564894179e-08],"ln":3.5253220694418061,"lt":[1.0575966191943713,5.88646654175473e-05],"lt_start":[0.6769527927045591,0.67695279271854691],"q":0.00035253220694418067,"ut":[332.19681873183225,0.011720558919476872],"gn":0.00035253220694418062,"gt":[0.0038064382648981222,-0.0067689392805312934],"b":1.0575966209951722,"constant_n":10000000000,"constant_t":100,"mu":0.29999999999999999,"normal_mode":1,"tangent_mode":1,"normal_inverse_stiffness":0.0001,"tangent_inverse_stiffness":0.01,"p0":0,"beta":0,"iwan":1,"rn":-1.6263035362840128e-10,"rt":[-1.6262968749458651e-10,-8.0441053395153422e-13]}
MORTAR_OBSERVER {"kind":"LAW","call_id":22,"pair":0,"slot":1,"node":2,"activity":2,"ndof":3,"normal":[6.8387805827692747e-08,-4.1027950443498291e-08,-0.99999999999999689],"tangents":[0.99999999999999767,2.8058115084381685e-15,6.8387805827692694e-08,-3.944304526105059e-31,0.99999999999999922,-4.102795044349839e-08],"ln":19.790046916600961,"lt":[5.9370140722259537,0.00018084529561004662],"lt_start":[-0.043692829156205842,0.17394742559283358],"q":0.0019790046916600959,"ut":[166.04694200472991,0.0033184099786869262],"gn":0.0019790046916600963,"gt":[0.059807069013821601,-0.0017376658029722354],"b":5.9370140736792454,"constant_n":10000000000,"constant_t":100,"mu":0.29999999999999999,"normal_mode":1,"tangent_mode":1,"normal_inverse_stiffness":0.0001,"tangent_inverse_stiffness":0.01,"p0":0,"beta":0,"iwan":1,"rn":1.3010428290272102e-09,"rt":[1.3010410526703708e-09,-3.4596120185217266e-12]}
MORTAR_OBSERVER {"kind":"LAW","call_id":22,"pair":0,"slot":2,"node":3,"activity":2,"ndof":3,"normal":[-4.5208292547312871e-08,-4.52082925469361e-08,-0.999999999999998],"tangents":[0.999999999999999,-2.0437897150263934e-15,-4.5208292547312824e-08,3.944304526105059e-31,0.999999999999999,-4.5208292546936146e-08],"ln":28.969202062799315,"lt":[8.690760569669564,0.00092447470170261734],"lt_start":[0.13541247264507875,0.13541247264379797],"q":0.0028969202062799322,"ut":[332.08551766125612,0.033971426994431821],"gn":0.0028969202062799318,"gt":[0.085553480970244844,-0.0013448799794209534],"b":8.6907606201408374,"constant_n":10000000000,"constant_t":100,"mu":0.29999999999999999,"normal_mode":1,"tangent_mode":1,"normal_inverse_stiffness":0.0001,"tangent_inverse_stiffness":0.01,"p0":0,"beta":0,"iwan":1,"rn":-1.3010428290272102e-09,"rt":[-1.301037499956692e-09,-9.3293786324749606e-13]}
MORTAR_OBSERVER {"kind":"LAW","call_id":22,"pair":0,"slot":3,"node":4,"activity":0,"ndof":3,"normal":[-4.1027950443876154e-08,6.8387805828061921e-08,-0.99999999999999689],"tangents":[0.99999999999999922,2.8058115084791518e-15,-4.1027950443876068e-08,3.944304526105059e-31,0.99999999999999778,6.8387805828061987e-08],"ln":-1.2874901167840635e-19,"lt":[-5.9292359130881791e-21,-5.7598231608430132e-20],"lt_start":[0.1739474256175173,-0.043692829157666827],"q":-0.028818924939793569,"ut":[166.09397498368779,0.013679954589463679],"gn":-1.2874901167840636e-23,"gt":[-0.0017394742561751731,0.00043692829157666825],"b":-86456774.819380701,"constant_n":10000000000,"constant_t":100,"mu":0.29999999999999999,"normal_mode":1,"tangent_mode":1,"normal_inverse_stiffness":0.0001,"tangent_inverse_stiffness":0.01,"p0":0,"beta":0,"iwan":1,"rn":-3.8624703503521905e-20,"rt":[-5.9292359130881791e-21,-5.7598231608430132e-20]}
MORTAR_OBSERVER {"kind":"LAW","call_id":22,"pair":0,"slot":4,"node":17,"activity":2,"ndof":3,"normal":[7.2424004571337343e-08,1.5395559165892368e-08,-0.99999999999999734],"tangents":[0.99999999999999745,-1.1150080474088865e-15,7.2424004571337343e-08,-0,1,1.5395559165892408e-08],"ln":12.383355081707139,"lt":[3.7150065245066832,-6.3688093719445376e-06],"lt_start":[-0.73660022044537588,-0.097040503857792323],"q":0.0012383355081707142,"ut":[249.0749739133046,0.00054341701333832776],"gn":0.001238335508170714,"gt":[0.044516067449520594,0.00097034135048420372],"b":3.7150065251626625,"constant_n":10000000000,"constant_t":100,"mu":0.29999999999999999,"normal_mode":1,"tangent_mode":1,"normal_inverse_stiffness":0.0001,"tangent_inverse_stiffness":0.01,"p0":0,"beta":0,"iwan":1,"rn":-6.5052097042439527e-10,"rt":[-6.5051963815676572e-10,-3.2745443836462306e-12]}
MORTAR_OBSERVER {"kind":"LAW","call_id":22,"pair":0,"slot":5,"node":18,"activity":2,"ndof":3,"normal":[1.196430858954852e-08,-4.3492668962924582e-08,-0.999999999999999],"tangents":[1,5.2035971285550893e-16,1.196430858954851e-08,-0,0.99999999999999911,-4.3492668962924588e-08],"ln":26.76783844553934,"lt":[8.0303515199875939,0.00046863355912588728],"lt_start":[0.31677899935975595,-0.33175539325043679],"q":0.002676783844553934,"ut":[249.09367562760448,0.017854294997259237],"gn":0.002676783844553934,"gt":[0.077135725206278385,0.003322240268095627],"b":8.0303515336618023,"constant_n":10000000000,"constant_t":100,"mu":0.29999999999999999,"normal_mode":1,"tangent_mode":1,"normal_inverse_stiffness":0.0001,"tangent_inverse_stiffness":0.01,"p0":0,"beta":0,"iwan":1,"rn":0,"rt":[1.7763568394002505e-15,-1.6347356953348713e-12]}
MORTAR_OBSERVER {"kind":"LAW","call_id":22,"pair":0,"slot":6,"node":19,"activity":2,"ndof":3,"normal":[1.446566586541265e-08,1.4465665865794023e-08,-0.99999999999999978],"tangents":[0.99999999999999989,-2.0925548893528156e-16,1.4465665865412648e-08,-0,0.99999999999999989,1.4465665865794025e-08],"ln":21.830162400408859,"lt":[6.5490487070219299,0.00041423986123291279],"lt_start":[-0.33266866751375551,-0.33266866750456553],"q":0.0021830162400408868,"ut":[498.21788000988823,0.034839710413649291],"gn":0.0021830162400408859,"gt":[0.068817173745356855,0.0033308290736579842],"b":6.5490487227247423,"constant_n":10000000000,"constant_t":100,"mu":0.29999999999999999,"normal_mode":1,"tangent_mode":1,"normal_inverse_stiffness":0.0001,"tangent_inverse_stiffness":0.01,"p0":0,"beta":0,"iwan":1,"rn":-2.6020847698760008e-09,"rt":[-2.6020803289839023e-09,-3.7789975142199506e-14]}
MORTAR_OBSERVER {"kind":"LAW","call_id":22,"pair":0,"slot":7,"node":23,"activity":2,"ndof":3,"normal":[-4.3492668963301889e-08,1.1964308589921484e-08,-0.999999999999999],"tangents":[0.99999999999999911,5.2035971287624483e-16,-4.3492668963301889e-08,-0,1,1.1964308589921497e-08],"ln":6.7340734869860555,"lt":[2.0202220291579107,0.00026160405789129264],"lt_start":[-0.33175539326262177,0.31677899937237669],"q":0.00067340734869860547,"ut":[249.08771197656841,0.029086827645720053],"gn":0.00067340734869860558,"gt":[0.023519774224205325,-0.0031651739531448541],"b":2.0202220457705558,"constant_n":10000000000,"constant_t":100,"mu":0.29999999999999999,"normal_mode":1,"tangent_mode":1,"normal_inverse_stiffness":0.0001,"tangent_inverse_stiffness":0.01,"p0":0,"beta":0,"iwan":1,"rn":3.2526070725680256e-10,"rt":[3.2526648041653061e-10,-3.0046908429219588e-12]}
MORTAR_OBSERVER {"kind":"LAW","call_id":22,"pair":0,"slot":8,"node":24,"activity":0,"ndof":3,"normal":[1.539555916551032e-08,7.2424004571714789e-08,-0.99999999999999734],"tangents":[0.99999999999999989,-1.1150080473870252e-15,1.5395559165510284e-08,-1.9721522630525295e-31,0.99999999999999745,7.2424004571714789e-08],"ln":7.2844837821979916e-20,"lt":[1.9142944495798489e-19,1.9481752511134305e-20],"lt_start":[-0.097040503865221894,-0.73660022047532414],"q":-0.032703886976810329,"ut":[249.16416817243618,0.010142226793185828],"gn":7.2844837821979914e-24,"gt":[0.00097040503865221893,0.0073660022047532412],"b":-98111660.930430993,"constant_n":10000000000,"constant_t":100,"mu":0.29999999999999999,"normal_mode":1,"tangent_mode":1,"normal_inverse_stiffness":0.0001,"tangent_inverse_stiffness":0.01,"p0":0,"beta":0,"iwan":1,"rn":2.1853451346593975e-20,"rt":[1.9142944495798489e-19,1.9481752511134305e-20]}
MORTAR_OBSERVER {"kind":"POST_RAW_AFTER_ACTIVE_LOOP","call_id":22,"pair":0,"slot":0,"node":1,"activity":2,"lambda_raw":[0.00079319706193399064,4.4344490183137881e-08,-0.0026439894983166633],"gap":-0.00035253220694418067}
MORTAR_OBSERVER {"kind":"POST_RAW_AFTER_ACTIVE_LOOP","call_id":22,"pair":0,"slot":1,"node":2,"activity":2,"lambda_raw":[0.0089055149057446423,2.7004977619665675e-07,-0.029685042323586576],"gap":-0.0019790046916600959}
MORTAR_OBSERVER {"kind":"POST_RAW_AFTER_ACTIVE_LOOP","call_id":22,"pair":0,"slot":2,"node":3,"activity":2,"lambda_raw":[0.0065180627246544231,6.9237307628033698e-07,-0.021726879440592411],"gap":-0.0028969202062799322}
MORTAR_OBSERVER {"kind":"POST_RAW_AFTER_ACTIVE_LOOP","call_id":22,"pair":0,"slot":3,"node":4,"activity":0,"lambda_raw":[0,0,0],"gap":0.028818924939793569}
MORTAR_OBSERVER {"kind":"POST_RAW_AFTER_ACTIVE_LOOP","call_id":22,"pair":0,"slot":4,"node":17,"activity":2,"lambda_raw":[0.0037150043574732099,-6.1781556049270797e-09,-0.012383344599702148],"gap":-0.0012383355081707142}
MORTAR_OBSERVER {"kind":"POST_RAW_AFTER_ACTIVE_LOOP","call_id":22,"pair":0,"slot":5,"node":18,"activity":2,"lambda_raw":[0.0080303442824153481,4.6746891443111708e-07,-0.026767813156713397],"gap":-0.002676783844553934}
MORTAR_OBSERVER {"kind":"POST_RAW_AFTER_ACTIVE_LOOP","call_id":22,"pair":0,"slot":6,"node":19,"activity":2,"lambda_raw":[0.0032745216638419504,2.072776442822099e-07,-0.010915071660957296],"gap":-0.0021830162400408868}
MORTAR_OBSERVER {"kind":"POST_RAW_AFTER_ACTIVE_LOOP","call_id":22,"pair":0,"slot":7,"node":23,"activity":2,"lambda_raw":[0.0020202198349269676,2.6168438013899562e-07,-0.0067340672370196719],"gap":-0.00067340734869860547}
MORTAR_OBSERVER {"kind":"POST_RAW_AFTER_ACTIVE_LOOP","call_id":22,"pair":0,"slot":8,"node":24,"activity":0,"lambda_raw":[0,0,0],"gap":0.032703886976810329}
MORTAR_OBSERVER {"kind":"CFS_INVENTORY","call_id":22,"all_node_count":35,"physical_count":13}
MORTAR_OBSERVER {"kind":"CFS_NODE","call_id":22,"node":1,"force":[-2.3637553524659221,-7.6999801313339981e-05,7.8791839983123984]}
MORTAR_OBSERVER {"kind":"CFS_NODE","call_id":22,"node":2,"force":[2.0218955745224032,2.6269615512623351e-05,-6.7396484657675986]}
MORTAR_OBSERVER {"kind":"CFS_NODE","call_id":22,"node":3,"force":[3.1575515894923201,0.00054192850075972482,-10.525177254341045]}
MORTAR_OBSERVER {"kind":"CFS_NODE","call_id":22,"node":4,"force":[-0.67340726214927682,-8.7228210974872513e-05,2.2446912473634324]}
MORTAR_OBSERVER {"kind":"CFS_NODE","call_id":22,"node":13,"force":[-4.4033060816671608,-0.00015305344839496797,14.677684163203415]}
MORTAR_OBSERVER {"kind":"CFS_NODE","call_id":22,"node":14,"force":[-13.596128873693008,-0.00060026280946751164,45.32042339575338]}
MORTAR_OBSERVER {"kind":"CFS_NODE","call_id":22,"node":15,"force":[-13.404091194028899,-0.0011794740659545548,44.680307451968638]}
MORTAR_OBSERVER {"kind":"CFS_NODE","call_id":22,"node":16,"force":[-4.5964754375065846,-0.00036706558097716619,15.321584989074534]}
MORTAR_OBSERVER {"kind":"CFS_NODE","call_id":22,"node":17,"force":[6.1916790971068689,-1.029693460271435e-05,-20.638924892781894]}
MORTAR_OBSERVER {"kind":"CFS_NODE","call_id":22,"node":18,"force":[13.383919866701081,0.00077911559839598558,-44.613064358994457]}
MORTAR_OBSERVER {"kind":"CFS_NODE","call_id":22,"node":19,"force":[10.91508181311454,0.0006909260886414385,-36.383604204216162]}
MORTAR_OBSERVER {"kind":"CFS_NODE","call_id":22,"node":23,"force":[3.3670362605736321,0.0004361410483753542,-11.223456069574627]}
MORTAR_OBSERVER {"kind":"CFS_NODE","call_id":22,"node":24,"force":[-2.1585741246422515e-16,-3.5954043589151831e-20,7.1952565912489813e-16]}
MORTAR_OBSERVER {"kind":"CFS_END","call_id":22,"scanned_nodes":35,"physical_count":13,"outside_nonzero_count":0}
MORTAR_OBSERVER {"kind":"SUMMARY_PRE_OVERRIDE","call_id":22,"ndiverg":14,"flag":0,"keepset":0,"max_n":2.6020847698760008e-09,"max_t":[2.6020803289839023e-09,3.4596120185217266e-12],"lm_t_av":[36.000000041764011,0.0023150309503522488],"nstick":0,"nslip":7,"ninactive":2,"nnogap":0,"nolm":0}
MORTAR_OBSERVER {"kind":"SUMMARY_POST_OVERRIDE","call_id":22,"flag":0}
MORTAR_OBSERVER {"kind":"RETURN","call_id":22}
 Using up to 2 cpu(s) for the stress calculation.

 average force= 5.900929
 time avg. forc= 5.900929
 largest residual force= 0.000000 in node 20 and dof 1
 largest increment of disp= 1.730781e-01
 largest correction to disp= 1.177017e-08 in node 23 and dof 2

MORTAR_OBSERVER {"kind":"PRE_CHECK","call_id":22,"step":2,"inc":1,"cutback":0,"iteration":14,"time":0.25,"dtime":0.25,"ttime":1,"tper":1,"theta":0,"dtheta":0.25,"icntrl":0,"nmethod":1,"iexpl":0,"ithermal":0,"uncoupled":0,"mortar":2,"iflagdualquad":2}
convergence

MORTAR_OBSERVER {"kind":"POST_CHECK","call_id":22,"step":2,"inc":1,"cutback":0,"iteration":14,"time":0.25,"dtime":0.25,"ttime":1,"tper":1,"theta":0.25,"dtheta":0.25,"icntrl":1,"nmethod":1,"iexpl":0,"ithermal":0,"uncoupled":0,"mortar":2,"iflagdualquad":2}
 Using up to 2 cpu(s) for the stress calculation.

 increment 2 attempt 1 
 increment size= 2.500000e-01
 sum of previous increments=2.500000e-01
 actual step time=5.000000e-01
 actual total time=1.500000e+00

 iteration 1

 Determining the structure of the matrix:

 Using up to 2 cpu(s) for setting up the structure of the matrix.
 number of equations
 75
 number of nonzero lower triangular matrix elements
 1143

 Using up to 2 cpu(s) for the stress calculation.

 Using up to 2 cpu(s) for the symmetric stiffness/mass contributions.

 Using up to 2 cpu(s) for the stress calculation.

 Using up to 2 cpu(s) for the symmetric stiffness/mass contributions.

 Factoring the system of equations using the unsymmetric spooles solver
 Using 1 cpu for spooles.

MORTAR_OBSERVER {"kind":"BEGIN","call_id":23,"step":2,"inc":2,"cutback":0,"iteration":1,"time":0.5,"dtime":0.25,"ttime":1,"tper":1,"theta":0.25,"dtheta":0.25,"icntrl":0,"nmethod":1,"iexpl":0,"ithermal":0,"uncoupled":0,"mortar":2,"iflagdualquad":2}
MORTAR_OBSERVER {"kind":"KIN_INVENTORY","call_id":23,"all_node_count":35,"physical_count":13,"dd_count":63,"bd_count":36,"slave_count":9}
MORTAR_OBSERVER {"kind":"KIN_NODE","call_id":23,"node":1,"dd_count":9,"bd_count":0,"b2":[0.00061536999277353259,-4.8353752478878838e-05,-0.00015133911321039872],"vold":[0.49873834905617875,7.9574222802092877e-05,0.00019332685081555807],"vini":[0.24935984861852473,3.0461201836444678e-05,3.9997148877439135e-05]}
MORTAR_OBSERVER {"kind":"KIN_DD","call_id":23,"node":1,"entry":0,"row_node":1,"slave_slot":0,"value":1333.3317607968495}
MORTAR_OBSERVER {"kind":"KIN_DD","call_id":23,"node":1,"entry":1,"row_node":2,"slave_slot":1,"value":1.6401694999476353e-13}
MORTAR_OBSERVER {"kind":"KIN_DD","call_id":23,"node":1,"entry":2,"row_node":3,"slave_slot":2,"value":2.3033427780400933e-13}
MORTAR_OBSERVER {"kind":"KIN_DD","call_id":23,"node":1,"entry":3,"row_node":4,"slave_slot":3,"value":1.557272857074349e-13}
MORTAR_OBSERVER {"kind":"KIN_DD","call_id":23,"node":1,"entry":4,"row_node":17,"slave_slot":4,"value":-333.33359478995152}
MORTAR_OBSERVER {"kind":"KIN_DD","call_id":23,"node":1,"entry":5,"row_node":18,"slave_slot":5,"value":-1.5802175734433541e-14}
MORTAR_OBSERVER {"kind":"KIN_DD","call_id":23,"node":1,"entry":6,"row_node":19,"slave_slot":6,"value":-666.66674916757404}
MORTAR_OBSERVER {"kind":"KIN_DD","call_id":23,"node":1,"entry":7,"row_node":23,"slave_slot":7,"value":7.5698703624029197e-14}
MORTAR_OBSERVER {"kind":"KIN_DD","call_id":23,"node":1,"entry":8,"row_node":24,"slave_slot":8,"value":-333.33289913169011}
MORTAR_OBSERVER {"kind":"KIN_NODE","call_id":23,"node":2,"dd_count":6,"bd_count":0,"b2":[0.00066285746269103369,2.5857273707118419e-05,0.00015912631397838148],"vold":[0.49868129606876721,-7.1538075007550659e-05,-0.00043251432094205462],"vini":[0.24935035292791904,-4.6407047565592827e-05,-0.00026930223541471389]}
MORTAR_OBSERVER {"kind":"KIN_DD","call_id":23,"node":2,"entry":9,"row_node":1,"slave_slot":0,"value":1.3974007578513573e-13}
MORTAR_OBSERVER {"kind":"KIN_DD","call_id":23,"node":2,"entry":10,"row_node":2,"slave_slot":1,"value":666.66812704165648}
MORTAR_OBSERVER {"kind":"KIN_DD","call_id":23,"node":2,"entry":11,"row_node":3,"slave_slot":2,"value":8.1342341866409313e-14}
MORTAR_OBSERVER {"kind":"KIN_DD","call_id":23,"node":2,"entry":12,"row_node":17,"slave_slot":4,"value":-333.33359478995135}
MORTAR_OBSERVER {"kind":"KIN_DD","call_id":23,"node":2,"entry":13,"row_node":18,"slave_slot":5,"value":-333.33396492435224}
MORTAR_OBSERVER {"kind":"KIN_DD","call_id":23,"node":2,"entry":14,"row_node":19,"slave_slot":6,"value":-1.050363569304215e-13}
MORTAR_OBSERVER {"kind":"KIN_NODE","call_id":23,"node":3,"dd_count":9,"bd_count":0,"b2":[0.00067309167657063178,-5.5337062561305355e-05,0.00014953320330694241],"vold":[0.4986646830822572,0.00013555543992279571,-0.00041608802706438367],"vini":[0.24934397487835341,7.9411057186231989e-05,-0.00026326372286959249]}
MORTAR_OBSERVER {"kind":"KIN_DD","call_id":23,"node":3,"entry":15,"row_node":1,"slave_slot":0,"value":3.4275360687287987e-13}
MORTAR_OBSERVER {"kind":"KIN_DD","call_id":23,"node":3,"entry":16,"row_node":2,"slave_slot":1,"value":1.6052437060243123e-13}
MORTAR_OBSERVER {"kind":"KIN_DD","call_id":23,"node":3,"entry":17,"row_node":3,"slave_slot":2,"value":1333.3351833630411}
MORTAR_OBSERVER {"kind":"KIN_DD","call_id":23,"node":3,"entry":18,"row_node":4,"slave_slot":3,"value":-3.4416919752167563e-14}
MORTAR_OBSERVER {"kind":"KIN_DD","call_id":23,"node":3,"entry":19,"row_node":17,"slave_slot":4,"value":1.9726812746470455e-13}
MORTAR_OBSERVER {"kind":"KIN_DD","call_id":23,"node":3,"entry":20,"row_node":18,"slave_slot":5,"value":-333.33396492435287}
MORTAR_OBSERVER {"kind":"KIN_DD","call_id":23,"node":3,"entry":21,"row_node":19,"slave_slot":6,"value":-666.66674916757518}
MORTAR_OBSERVER {"kind":"KIN_DD","call_id":23,"node":3,"entry":22,"row_node":23,"slave_slot":7,"value":-333.3332495375675}
MORTAR_OBSERVER {"kind":"KIN_DD","call_id":23,"node":3,"entry":23,"row_node":24,"slave_slot":8,"value":1.3870386586324782e-13}
MORTAR_OBSERVER {"kind":"KIN_NODE","call_id":23,"node":4,"dd_count":6,"bd_count":0,"b2":[0.00062163898267472771,1.6484515045217413e-05,-0.00018217467467443398],"vold":[0.49872314989231276,-1.2033459351944663e-05,0.00026392195245834946],"vini":[0.24935093693609442,3.6881638594967848e-06,7.8915901285507041e-05]}
MORTAR_OBSERVER {"kind":"KIN_DD","call_id":23,"node":4,"entry":24,"row_node":1,"slave_slot":0,"value":4.2360096992525804e-13}
MORTAR_OBSERVER {"kind":"KIN_DD","call_id":23,"node":4,"entry":25,"row_node":3,"slave_slot":2,"value":-1.3691362550919259e-13}
MORTAR_OBSERVER {"kind":"KIN_DD","call_id":23,"node":4,"entry":26,"row_node":4,"slave_slot":3,"value":666.66584390235198}
MORTAR_OBSERVER {"kind":"KIN_DD","call_id":23,"node":4,"entry":27,"row_node":19,"slave_slot":6,"value":-1.432002741063934e-13}
MORTAR_OBSERVER {"kind":"KIN_DD","call_id":23,"node":4,"entry":28,"row_node":23,"slave_slot":7,"value":-333.3332495375663}
MORTAR_OBSERVER {"kind":"KIN_DD","call_id":23,"node":4,"entry":29,"row_node":24,"slave_slot":8,"value":-333.33289913169102}
MORTAR_OBSERVER {"kind":"KIN_NODE","call_id":23,"node":13,"dd_count":0,"bd_count":9,"b2":[-0.00022663130489427948,-5.5770237001132589e-05,-0.0001840856436278934],"vold":[0.0004279765956328545,8.4724249682380454e-05,0.00025847085660369424],"vini":[0.00019995486668217217,2.8328693706927626e-05,7.2450467750893437e-05]}
MORTAR_OBSERVER {"kind":"KIN_BD","call_id":23,"node":13,"entry":0,"row_node":1,"slave_slot":0,"value":-1115.2936373608566}
MORTAR_OBSERVER {"kind":"KIN_BD","call_id":23,"node":13,"entry":1,"row_node":2,"slave_slot":1,"value":-48.389220200534794}
MORTAR_OBSERVER {"kind":"KIN_BD","call_id":23,"node":13,"entry":2,"row_node":3,"slave_slot":2,"value":-8.7981526283536198}
MORTAR_OBSERVER {"kind":"KIN_BD","call_id":23,"node":13,"entry":3,"row_node":4,"slave_slot":3,"value":-50.694963728595141}
MORTAR_OBSERVER {"kind":"KIN_BD","call_id":23,"node":13,"entry":4,"row_node":17,"slave_slot":4,"value":-454.52849118913656}
MORTAR_OBSERVER {"kind":"KIN_BD","call_id":23,"node":13,"entry":5,"row_node":18,"slave_slot":5,"value":-39.590673326706309}
MORTAR_OBSERVER {"kind":"KIN_BD","call_id":23,"node":13,"entry":6,"row_node":19,"slave_slot":6,"value":-264.3667052458855}
MORTAR_OBSERVER {"kind":"KIN_BD","call_id":23,"node":13,"entry":7,"row_node":23,"slave_slot":7,"value":-41.320457881015152}
MORTAR_OBSERVER {"kind":"KIN_BD","call_id":23,"node":13,"entry":8,"row_node":24,"slave_slot":8,"value":-456.2564258693609}
MORTAR_OBSERVER {"kind":"KIN_NODE","call_id":23,"node":14,"dd_count":0,"bd_count":9,"b2":[-0.00026222282518825865,4.4111113744247336e-05,0.00019104762786240878],"vold":[0.00055253311648396724,-0.00011774056919801477,-0.0004898178524627211],"vini":[0.0002883673715291843,-7.3137979728362567e-05,-0.00029667868122875568]}
MORTAR_OBSERVER {"kind":"KIN_BD","call_id":23,"node":14,"entry":9,"row_node":1,"slave_slot":0,"value":-106.92692735503638}
MORTAR_OBSERVER {"kind":"KIN_BD","call_id":23,"node":14,"entry":10,"row_node":2,"slave_slot":1,"value":-562.72314192156409}
MORTAR_OBSERVER {"kind":"KIN_BD","call_id":23,"node":14,"entry":11,"row_node":3,"slave_slot":2,"value":-102.31265474510396}
MORTAR_OBSERVER {"kind":"KIN_BD","call_id":23,"node":14,"entry":12,"row_node":4,"slave_slot":3,"value":-4.8603107967329944}
MORTAR_OBSERVER {"kind":"KIN_BD","call_id":23,"node":14,"entry":13,"row_node":17,"slave_slot":4,"value":-462.13917184851067}
MORTAR_OBSERVER {"kind":"KIN_BD","call_id":23,"node":14,"entry":14,"row_node":18,"slave_slot":5,"value":-460.40981138251033}
MORTAR_OBSERVER {"kind":"KIN_BD","call_id":23,"node":14,"entry":15,"row_node":19,"slave_slot":6,"value":-735.63278695184795}
MORTAR_OBSERVER {"kind":"KIN_BD","call_id":23,"node":14,"entry":16,"row_node":23,"slave_slot":7,"value":-42.012340881248171}
MORTAR_OBSERVER {"kind":"KIN_BD","call_id":23,"node":14,"entry":17,"row_node":24,"slave_slot":8,"value":-43.742861588250413}
MORTAR_OBSERVER {"kind":"KIN_NODE","call_id":23,"node":15,"dd_count":0,"bd_count":9,"b2":[-0.00025699788424235704,-4.4353739092125887e-05,0.00017697927087557315],"vold":[0.00054495599572578477,0.00011672166797154649,-0.00046821296253480487],"vini":[0.00028603140894796432,7.1914245070874106e-05,-0.00028919261254446645]}
MORTAR_OBSERVER {"kind":"KIN_BD","call_id":23,"node":15,"entry":18,"row_node":1,"slave_slot":0,"value":-9.7207033774340488}
MORTAR_OBSERVER {"kind":"KIN_BD","call_id":23,"node":15,"entry":19,"row_node":2,"slave_slot":1,"value":-51.156715322765166}
MORTAR_OBSERVER {"kind":"KIN_BD","call_id":23,"node":15,"entry":20,"row_node":3,"slave_slot":2,"value":-1125.4459155106817}
MORTAR_OBSERVER {"kind":"KIN_BD","call_id":23,"node":15,"entry":21,"row_node":4,"slave_slot":3,"value":-53.463541673137122}
MORTAR_OBSERVER {"kind":"KIN_BD","call_id":23,"node":15,"entry":22,"row_node":17,"slave_slot":4,"value":-42.012379651163329}
MORTAR_OBSERVER {"kind":"KIN_BD","call_id":23,"node":15,"entry":23,"row_node":18,"slave_slot":5,"value":-460.41037256945879}
MORTAR_OBSERVER {"kind":"KIN_BD","call_id":23,"node":15,"entry":24,"row_node":19,"slave_slot":6,"value":-272.67088968313897}
MORTAR_OBSERVER {"kind":"KIN_BD","call_id":23,"node":15,"entry":25,"row_node":23,"slave_slot":7,"value":-462.13884089205283}
MORTAR_OBSERVER {"kind":"KIN_BD","call_id":23,"node":15,"entry":26,"row_node":24,"slave_slot":8,"value":-43.742921714481838}
MORTAR_OBSERVER {"kind":"KIN_NODE","call_id":23,"node":16,"dd_count":0,"bd_count":9,"b2":[-0.00022763365192540343,5.1313467354187449e-05,-0.00016738835085698307],"vold":[0.00042952510810007809,-7.9722496594440435e-05,0.00023509840114327262],"vini":[0.00020049485892071324,-2.7760435010059446e-05,6.5779445574263854e-05]}
MORTAR_OBSERVER {"kind":"KIN_BD","call_id":23,"node":16,"entry":27,"row_node":1,"slave_slot":0,"value":-101.39049270352193}
MORTAR_OBSERVER {"kind":"KIN_BD","call_id":23,"node":16,"entry":28,"row_node":2,"slave_slot":1,"value":-4.3990495967926657}
MORTAR_OBSERVER {"kind":"KIN_BD","call_id":23,"node":16,"entry":29,"row_node":3,"slave_slot":2,"value":-96.778460478900911}
MORTAR_OBSERVER {"kind":"KIN_BD","call_id":23,"node":16,"entry":30,"row_node":4,"slave_slot":3,"value":-557.64702770388749}
MORTAR_OBSERVER {"kind":"KIN_BD","call_id":23,"node":16,"entry":31,"row_node":17,"slave_slot":4,"value":-41.320716845755797}
MORTAR_OBSERVER {"kind":"KIN_BD","call_id":23,"node":16,"entry":32,"row_node":18,"slave_slot":5,"value":-39.591012659065193}
MORTAR_OBSERVER {"kind":"KIN_BD","call_id":23,"node":16,"entry":33,"row_node":19,"slave_slot":6,"value":-727.32981595130866}
MORTAR_OBSERVER {"kind":"KIN_BD","call_id":23,"node":16,"entry":34,"row_node":23,"slave_slot":7,"value":-454.52808412312322}
MORTAR_OBSERVER {"kind":"KIN_BD","call_id":23,"node":16,"entry":35,"row_node":24,"slave_slot":8,"value":-456.25646338773902}
MORTAR_OBSERVER {"kind":"KIN_NODE","call_id":23,"node":17,"dd_count":6,"bd_count":0,"b2":[0.00065953567188648085,-7.4550769081176364e-06,3.8660488457474337e-06],"vold":[0.49866323146652258,-6.4777150590454792e-06,-0.00011908909884676873],"vini":[0.24932893123093841,-1.4664367872247842e-05,-0.00011434977281272759]}
MORTAR_OBSERVER {"kind":"KIN_DD","call_id":23,"node":17,"entry":30,"row_node":1,"slave_slot":0,"value":-4.9737991997309569e-13}
MORTAR_OBSERVER {"kind":"KIN_DD","call_id":23,"node":17,"entry":31,"row_node":2,"slave_slot":1,"value":-3.3750780283888637e-13}
MORTAR_OBSERVER {"kind":"KIN_DD","call_id":23,"node":17,"entry":32,"row_node":3,"slave_slot":2,"value":-2.5017025736742016e-13}
MORTAR_OBSERVER {"kind":"KIN_DD","call_id":23,"node":17,"entry":33,"row_node":17,"slave_slot":4,"value":1666.6679491144694}
MORTAR_OBSERVER {"kind":"KIN_DD","call_id":23,"node":17,"entry":34,"row_node":18,"slave_slot":5,"value":-5.8656783717065227e-14}
MORTAR_OBSERVER {"kind":"KIN_DD","call_id":23,"node":17,"entry":35,"row_node":19,"slave_slot":6,"value":4.1633363837033682e-13}
MORTAR_OBSERVER {"kind":"KIN_NODE","call_id":23,"node":18,"dd_count":6,"bd_count":0,"b2":[0.00065215030803656587,-1.6338887488436316e-05,0.00015431497416885156],"vold":[0.49870647278141012,3.208310663962453e-05,-0.0004243976030727453],"vini":[0.24936480165987329,1.5000706683078472e-05,-0.00026630038453008997]}
MORTAR_OBSERVER {"kind":"KIN_DD","call_id":23,"node":18,"entry":36,"row_node":1,"slave_slot":0,"value":-3.922788059311618e-13}
MORTAR_OBSERVER {"kind":"KIN_DD","call_id":23,"node":18,"entry":37,"row_node":2,"slave_slot":1,"value":2.2500520189259093e-13}
MORTAR_OBSERVER {"kind":"KIN_DD","call_id":23,"node":18,"entry":38,"row_node":3,"slave_slot":2,"value":-7.1054274281870816e-14}
MORTAR_OBSERVER {"kind":"KIN_DD","call_id":23,"node":18,"entry":39,"row_node":17,"slave_slot":4,"value":2.2500520189259093e-13}
MORTAR_OBSERVER {"kind":"KIN_DD","call_id":23,"node":18,"entry":40,"row_node":18,"slave_slot":5,"value":1666.6697997864449}
MORTAR_OBSERVER {"kind":"KIN_DD","call_id":23,"node":18,"entry":41,"row_node":19,"slave_slot":6,"value":9.8134464493203604e-13}
MORTAR_OBSERVER {"kind":"KIN_NODE","call_id":23,"node":19,"dd_count":9,"bd_count":0,"b2":[0.00064133494672039817,-1.7711334933570567e-05,4.4154188564104602e-06],"vold":[0.49870395810807311,3.582644219664137e-05,-0.00011899132682765145],"vini":[0.24935142700130022,1.7361168362018255e-05,-0.0001139468066077876]}
MORTAR_OBSERVER {"kind":"KIN_DD","call_id":23,"node":19,"entry":42,"row_node":1,"slave_slot":0,"value":-6.18764305204625e-13}
MORTAR_OBSERVER {"kind":"KIN_DD","call_id":23,"node":19,"entry":43,"row_node":2,"slave_slot":1,"value":-2.9605947617446173e-14}
MORTAR_OBSERVER {"kind":"KIN_DD","call_id":23,"node":19,"entry":44,"row_node":3,"slave_slot":2,"value":-9.5405166197220294e-13}
MORTAR_OBSERVER {"kind":"KIN_DD","call_id":23,"node":19,"entry":45,"row_node":4,"slave_slot":3,"value":2.0724163332212321e-14}
MORTAR_OBSERVER {"kind":"KIN_DD","call_id":23,"node":19,"entry":46,"row_node":17,"slave_slot":4,"value":-1.6579330665769857e-13}
MORTAR_OBSERVER {"kind":"KIN_DD","call_id":23,"node":19,"entry":47,"row_node":18,"slave_slot":5,"value":3.3056890886604744e-13}
MORTAR_OBSERVER {"kind":"KIN_DD","call_id":23,"node":19,"entry":48,"row_node":19,"slave_slot":6,"value":3333.3336961673276}
MORTAR_OBSERVER {"kind":"KIN_DD","call_id":23,"node":19,"entry":49,"row_node":23,"slave_slot":7,"value":4.8849813568786185e-14}
MORTAR_OBSERVER {"kind":"KIN_DD","call_id":23,"node":19,"entry":50,"row_node":24,"slave_slot":8,"value":9.1963474786692181e-14}
MORTAR_OBSERVER {"kind":"KIN_NODE","call_id":23,"node":23,"dd_count":6,"bd_count":0,"b2":[0.00065627503864410365,-2.3082170581693926e-05,-3.5559983083794243e-06],"vold":[0.49867304435767623,7.0858391237607583e-05,-0.00010149384834108314],"vini":[0.24933548133220138,4.699446478705117e-05,-0.00010484850716424948]}
MORTAR_OBSERVER {"kind":"KIN_DD","call_id":23,"node":23,"entry":51,"row_node":1,"slave_slot":0,"value":2.871776918892279e-13}
MORTAR_OBSERVER {"kind":"KIN_DD","call_id":23,"node":23,"entry":52,"row_node":3,"slave_slot":2,"value":-2.871776918892279e-13}
MORTAR_OBSERVER {"kind":"KIN_DD","call_id":23,"node":23,"entry":53,"row_node":4,"slave_slot":3,"value":1.184978053388283e-12}
MORTAR_OBSERVER {"kind":"KIN_DD","call_id":23,"node":23,"entry":54,"row_node":19,"slave_slot":6,"value":8.7633604947640671e-13}
MORTAR_OBSERVER {"kind":"KIN_DD","call_id":23,"node":23,"entry":55,"row_node":23,"slave_slot":7,"value":1666.6662228525724}
MORTAR_OBSERVER {"kind":"KIN_DD","call_id":23,"node":23,"entry":56,"row_node":24,"slave_slot":8,"value":-6.261657921089866e-13}
MORTAR_OBSERVER {"kind":"KIN_NODE","call_id":23,"node":24,"dd_count":6,"bd_count":0,"b2":[0.00060658149533648008,-1.3230926708856137e-05,-0.00017345478754752451],"vold":[0.49875172266322981,2.2606888696988148e-05,0.0002421406742843144],"vini":[0.24936443582127216,8.6189420256849134e-06,6.6265113752823516e-05]}
MORTAR_OBSERVER {"kind":"KIN_DD","call_id":23,"node":24,"entry":57,"row_node":1,"slave_slot":0,"value":-4.5001040378518186e-13}
MORTAR_OBSERVER {"kind":"KIN_DD","call_id":23,"node":24,"entry":58,"row_node":3,"slave_slot":2,"value":-3.3158661331539714e-13}
MORTAR_OBSERVER {"kind":"KIN_DD","call_id":23,"node":24,"entry":59,"row_node":4,"slave_slot":3,"value":-5.8175687068281731e-13}
MORTAR_OBSERVER {"kind":"KIN_DD","call_id":23,"node":24,"entry":60,"row_node":19,"slave_slot":6,"value":6.6317322663079429e-13}
MORTAR_OBSERVER {"kind":"KIN_DD","call_id":23,"node":24,"entry":61,"row_node":23,"slave_slot":7,"value":5.4271402726231022e-13}
MORTAR_OBSERVER {"kind":"KIN_DD","call_id":23,"node":24,"entry":62,"row_node":24,"slave_slot":8,"value":1666.6644708232134}
MORTAR_OBSERVER {"kind":"KIN_GAP","call_id":23,"pair":0,"slot":0,"node":1,"gap":0.00129362901932768}
MORTAR_OBSERVER {"kind":"KIN_GAP","call_id":23,"pair":0,"slot":1,"node":2,"gap":-0.0011504091155838786}
MORTAR_OBSERVER {"kind":"KIN_GAP","call_id":23,"pair":0,"slot":2,"node":3,"gap":-0.0013741610116570491}
MORTAR_OBSERVER {"kind":"KIN_GAP","call_id":23,"pair":0,"slot":3,"node":4,"gap":0.029577768957647341}
MORTAR_OBSERVER {"kind":"KIN_GAP","call_id":23,"pair":0,"slot":4,"node":17,"gap":4.2598155825706079e-05}
MORTAR_OBSERVER {"kind":"KIN_GAP","call_id":23,"pair":0,"slot":5,"node":18,"gap":-0.0014583052738104097}
MORTAR_OBSERVER {"kind":"KIN_GAP","call_id":23,"pair":0,"slot":6,"node":19,"gap":0.00026931255988137028}
MORTAR_OBSERVER {"kind":"KIN_GAP","call_id":23,"pair":0,"slot":7,"node":23,"gap":0.00049228172134753391}
MORTAR_OBSERVER {"kind":"KIN_GAP","call_id":23,"pair":0,"slot":8,"node":24,"gap":0.033932100315200248}
MORTAR_OBSERVER {"kind":"INVENTORY","call_id":23,"pair_count":1,"slave_count":9}
MORTAR_OBSERVER {"kind":"PAIR","call_id":23,"pair":0,"start":0,"end":9}
MORTAR_OBSERVER {"kind":"PRE_RAW","call_id":23,"pair":0,"slot":0,"node":1,"activity":2,"lambda_raw":[0.00079007660302623649,2.1964315765830939e-09,-0.0026336550998411843],"lambda_start":[0.00079319706193399064,4.4344490183137881e-08,-0.0026439894983166633],"ddtil_count":1}
MORTAR_OBSERVER {"kind":"DDTIL","call_id":23,"pair":0,"column_slot":0,"source_slot":0,"destination_slot":0,"entry":0,"value":1333.3317607968493}
MORTAR_OBSERVER {"kind":"PRE_RAW","call_id":23,"pair":0,"slot":1,"node":2,"activity":2,"lambda_raw":[0.0089034826599339086,4.1906642159367367e-08,-0.029678952570070024],"lambda_start":[0.0089055149057446423,2.7004977619665675e-07,-0.029685042323586576],"ddtil_count":1}
MORTAR_OBSERVER {"kind":"DDTIL","call_id":23,"pair":0,"column_slot":1,"source_slot":1,"destination_slot":1,"entry":1,"value":666.66812704165648}
MORTAR_OBSERVER {"kind":"PRE_RAW","call_id":23,"pair":0,"slot":2,"node":3,"activity":2,"lambda_raw":[0.0065181112041633668,1.260058719434568e-08,-0.021727500695464971],"lambda_start":[0.0065180627246544231,6.9237307628033698e-07,-0.021726879440592411],"ddtil_count":1}
MORTAR_OBSERVER {"kind":"DDTIL","call_id":23,"pair":0,"column_slot":2,"source_slot":2,"destination_slot":2,"entry":2,"value":1333.3351833630409}
MORTAR_OBSERVER {"kind":"PRE_RAW","call_id":23,"pair":0,"slot":3,"node":4,"activity":0,"lambda_raw":[-2.5188215957131093e-17,-9.0552677201256401e-18,-7.1942540783343023e-17],"lambda_start":[0,0,0],"ddtil_count":1}
MORTAR_OBSERVER {"kind":"DDTIL","call_id":23,"pair":0,"column_slot":3,"source_slot":3,"destination_slot":3,"entry":3,"value":666.66584390235209}
MORTAR_OBSERVER {"kind":"PRE_RAW","call_id":23,"pair":0,"slot":4,"node":17,"activity":2,"lambda_raw":[0.0037232546564718106,1.0114980899599475e-08,-0.012411131069994953],"lambda_start":[0.0037150043574732099,-6.1781556049270797e-09,-0.012383344599702148],"ddtil_count":1}
MORTAR_OBSERVER {"kind":"DDTIL","call_id":23,"pair":0,"column_slot":4,"source_slot":4,"destination_slot":4,"entry":4,"value":1000.0007595345664}
MORTAR_OBSERVER {"kind":"PRE_RAW","call_id":23,"pair":0,"slot":5,"node":18,"activity":2,"lambda_raw":[0.0080264516413349439,2.6660063698520863e-08,-0.026755433499909526],"lambda_start":[0.0080303442824153481,4.6746891443111708e-07,-0.026767813156713397],"ddtil_count":1}
MORTAR_OBSERVER {"kind":"DDTIL","call_id":23,"pair":0,"column_slot":5,"source_slot":5,"destination_slot":5,"entry":5,"value":1000.0018699377408}
MORTAR_OBSERVER {"kind":"PRE_RAW","call_id":23,"pair":0,"slot":6,"node":19,"activity":2,"lambda_raw":[0.0032739674855706523,1.5904845387628461e-08,-0.010913478949523461],"lambda_start":[0.0032745216638419504,2.072776442822099e-07,-0.010915071660957296],"ddtil_count":1}
MORTAR_OBSERVER {"kind":"DDTIL","call_id":23,"pair":0,"column_slot":6,"source_slot":6,"destination_slot":6,"entry":6,"value":2000.0001978321793}
MORTAR_OBSERVER {"kind":"PRE_RAW","call_id":23,"pair":0,"slot":7,"node":23,"activity":2,"lambda_raw":[0.002021598745260185,6.7442203740624133e-09,-0.0067388289378915358],"lambda_start":[0.0020202198349269676,2.6168438013899562e-07,-0.0067340672370196719],"ddtil_count":1}
MORTAR_OBSERVER {"kind":"DDTIL","call_id":23,"pair":0,"column_slot":7,"source_slot":7,"destination_slot":7,"entry":7,"value":999.99972377743859}
MORTAR_OBSERVER {"kind":"PRE_RAW","call_id":23,"pair":0,"slot":8,"node":24,"activity":0,"lambda_raw":[-1.1379801108412929e-17,-2.5202096113265707e-17,-1.7763591974107987e-17],"lambda_start":[0,0,0],"ddtil_count":1}
MORTAR_OBSERVER {"kind":"DDTIL","call_id":23,"pair":0,"column_slot":8,"source_slot":8,"destination_slot":8,"entry":8,"value":999.99867255983361}
MORTAR_OBSERVER {"kind":"LAW","call_id":23,"pair":0,"slot":0,"node":1,"activity":2,"ndof":3,"normal":[-6.9417154842959133e-06,5.4313397640655108e-07,-0.99999999997575884],"tangents":[0.99999999997590627,3.7702815341594077e-12,-6.9417154842948901e-06,-0,0.99999999999985256,5.4313397641963721e-07],"ln":3.5115286788786206,"lt":[1.0534586043357506,1.0213374750149757e-06],"lt_start":[1.0576193069567796,5.7211198729295916e-05],"q":0.00035115286788757667,"ut":[333.3228486254821,0.00042884596251129665],"gn":0.00035115286788786208,"gt":[-4.1607026210290777e-05,-5.6189861254280943e-07],"b":1.0534577474149205,"constant_n":10000000000,"constant_t":100,"mu":0.29999999999999999,"normal_mode":1,"tangent_mode":1,"normal_inverse_stiffness":0.0001,"tangent_inverse_stiffness":0.01,"p0":0,"beta":0,"iwan":1,"rn":8.562486657481827e-07,"rt":[8.5692170403994794e-07,-3.3578354489597011e-07]}
MORTAR_OBSERVER {"kind":"LAW","call_id":23,"pair":0,"slot":1,"node":2,"activity":2,"ndof":3,"normal":[-6.2785888721234065e-06,1.6041280934066267e-07,-0.99999999998027678],"tangents":[0.99999999998028966,1.0071660796921897e-12,-6.2785888721233261e-06,4.0389678347315804e-28,0.99999999999998712,1.6041280934382445e-07],"ln":19.785974454441241,"lt":[5.9357923371620345,2.4763892912882478e-05],"lt_start":[5.9371471961604332,0.00017685899752786067],"q":0.0019785974454442643,"ut":[166.6616335118747,0.00071011528117366973],"gn":0.0019785974454441242,"gt":[-1.3548589983987114e-05,-1.5209510461497819e-06],"b":5.9357927565691337,"constant_n":10000000000,"constant_t":100,"mu":0.29999999999999999,"normal_mode":1,"tangent_mode":1,"normal_inverse_stiffness":0.0001,"tangent_inverse_stiffness":0.01,"p0":0,"beta":0,"iwan":1,"rn":-4.2023676183333691e-07,"rt":[-4.1935298789042008e-07,-5.8141451406996659e-07]}
MORTAR_OBSERVER {"kind":"LAW","call_id":23,"pair":0,"slot":2,"node":3,"activity":2,"ndof":3,"normal":[-5.8707507311409546e-06,8.102632449367486e-08,-0.9999999999827639],"tangents":[0.99999999998276712,4.7568535377110329e-13,-5.8707507311409351e-06,1.0097419586828951e-28,0.99999999999999678,8.1026324495071168e-08],"ln":28.969990101631467,"lt":[8.6909970733241941,1.4453470284521572e-05],"lt_start":[8.6909324290262671,0.00092081811378256454],"q":0.0028969990101632218,"ut":[333.32301443125425,0.00067338412154718645],"gn":0.0028969990101631467,"gt":[6.4644297927074489e-07,-9.0636464349804292e-06],"b":8.6909972555698118,"constant_n":10000000000,"constant_t":100,"mu":0.29999999999999999,"normal_mode":1,"tangent_mode":1,"normal_inverse_stiffness":0.0001,"tangent_inverse_stiffness":0.01,"p0":0,"beta":0,"iwan":1,"rn":-2.2508037211821375e-07,"rt":[-1.8222740294504547e-07,-3.3396648521689428e-06]}
MORTAR_OBSERVER {"kind":"LAW","call_id":23,"pair":0,"slot":3,"node":4,"activity":0,"ndof":3,"normal":[-7.8165436366138371e-06,1.652924425762199e-07,-0.99999999996943723],"tangents":[0.99999999996945088,1.2920155902389799e-12,-7.8165436366137304e-06,-2.0194839173657902e-28,0.99999999999998646,1.6529244258126946e-07],"ln":4.7961764920861382e-14,"lt":[-1.6791748352740076e-14,-6.0368456240949496e-15],"lt_start":[0,0],"q":-0.00041791846786199197,"ut":[166.66140051430583,0.00081671336922689],"gn":4.7961764920861388e-18,"gt":[-1.6791748352740077e-16,-6.03684562409495e-17],"b":-1253755.4035859902,"constant_n":10000000000,"constant_t":100,"mu":0.29999999999999999,"normal_mode":1,"tangent_mode":1,"normal_inverse_stiffness":0.0001,"tangent_inverse_stiffness":0.01,"p0":0,"beta":0,"iwan":1,"rn":1.4388529476258413e-14,"rt":[-1.6791748352740076e-14,-6.0368456240949496e-15]}
MORTAR_OBSERVER {"kind":"LAW","call_id":23,"pair":0,"slot":4,"node":17,"activity":2,"ndof":3,"normal":[-6.2584152880118268e-06,3.6147682061915456e-11,-0.99999999998041611],"tangents":[0.99999999998041611,2.2622720604691298e-16,-6.2584152880118268e-06,-0,1,3.6147682062623368e-11],"ln":12.411117194743388,"lt":[3.723335158410932,1.0114539948316398e-05],"lt_start":[3.7150846792467029,-6.1786079269932704e-06],"q":0.0012411117194742942,"ut":[249.99235750557634,0.00067476707789072073],"gn":0.0012411117194743389,"gt":[8.250479164229052e-05,1.6293147875309668e-07],"b":3.7233350244156278,"constant_n":10000000000,"constant_t":100,"mu":0.29999999999999999,"normal_mode":1,"tangent_mode":1,"normal_inverse_stiffness":0.0001,"tangent_inverse_stiffness":0.01,"p0":0,"beta":0,"iwan":1,"rn":1.3400738874125295e-07,"rt":[1.3400886089698361e-07,6.7110504066186888e-08]}
MORTAR_OBSERVER {"kind":"LAW","call_id":23,"pair":0,"slot":5,"node":18,"activity":2,"ndof":3,"normal":[-6.1182122625098519e-06,1.6426158218076777e-07,-0.99999999998127032],"tangents":[0.99999999998128375,1.0049872263764529e-12,-6.1182122625097698e-06,-2.0194839173657902e-28,0.99999999999998657,1.6426158218384213e-07],"ln":26.755434422780972,"lt":[8.0266303458769972,2.2265215494299699e-05],"lt_start":[8.0305230699778338,0.00046307285700618046],"q":0.0026755434422782334,"ut":[249.99241108198586,0.00074632086800739521],"gn":0.0026755434422780972,"gt":[-3.8927241008366308e-05,-4.4080764151188081e-06],"b":8.0266307353616693,"constant_n":10000000000,"constant_t":100,"mu":0.29999999999999999,"normal_mode":1,"tangent_mode":1,"normal_inverse_stiffness":0.0001,"tangent_inverse_stiffness":0.01,"p0":0,"beta":0,"iwan":1,"rn":-4.0852737726027044e-07,"rt":[-3.8944848057553827e-07,-1.8382183177022359e-06]}
MORTAR_OBSERVER {"kind":"LAW","call_id":23,"pair":0,"slot":6,"node":19,"activity":2,"ndof":3,"normal":[-6.4062328193776601e-06,3.1207914678408622e-07,-0.99999999997943145],"tangents":[0.99999999997948008,1.9992516724126159e-12,-6.4062328193773484e-06,-4.0389678347315804e-28,0.99999999999995137,3.1207914679049006e-07],"ln":21.826918110045163,"lt":[6.5480754472909357,2.4997954849788563e-05],"lt_start":[6.5491838243497069,0.00040774259639448165],"q":0.0021826918110046528,"ut":[499.98448475785568,0.0020130047402818194],"gn":0.0021826918110045166,"gt":[-1.1083770587712039e-05,-3.8274464154469313e-06],"b":6.5480758415409275,"constant_n":10000000000,"constant_t":100,"mu":0.29999999999999999,"normal_mode":1,"tangent_mode":1,"normal_inverse_stiffness":0.0001,"tangent_inverse_stiffness":0.01,"p0":0,"beta":0,"iwan":1,"rn":-4.0852737903662728e-07,"rt":[-3.9419671971074877e-07,-1.4154190553518365e-06]}
MORTAR_OBSERVER {"kind":"LAW","call_id":23,"pair":0,"slot":7,"node":23,"activity":2,"ndof":3,"normal":[-6.8001038883797461e-06,7.9616986491909348e-08,-0.99999999997687616],"tangents":[0.99999999997687927,5.4140377943722819e-13,-6.8001038883797249e-06,-1.0097419586828951e-28,0.99999999999999689,7.9616986493750149e-08],"ln":6.7388133292419647,"lt":[2.0216440115264667,6.207693406825143e-06],"lt_start":[2.0202650691941155,0.00026114816186370289],"q":0.00067388133292434953,"ut":[249.99211283177758,0.00085947118384511469],"gn":0.00067388133292419655,"gt":[1.3789423323511407e-05,-2.5494046845687773e-06],"b":2.0216444577153689,"constant_n":10000000000,"constant_t":100,"mu":0.29999999999999999,"normal_mode":1,"tangent_mode":1,"normal_inverse_stiffness":0.0001,"tangent_inverse_stiffness":0.01,"p0":0,"beta":0,"iwan":1,"rn":-4.5894277977964748e-07,"rt":[-4.461768838837088e-07,-7.6326176133788107e-07]}
MORTAR_OBSERVER {"kind":"LAW","call_id":23,"pair":0,"slot":8,"node":24,"activity":0,"ndof":3,"normal":[-7.7308671702828439e-06,7.0595048808435174e-07,-0.99999999996986766],"tangents":[0.9999999999701169,5.4576094523395563e-12,-7.7308671702809177e-06,-8.0779356694631609e-28,0.99999999999975087,7.0595048810544783e-07],"ln":1.7763638577672819e-14,"lt":[-1.1379648674417607e-14,-2.5202075199184549e-14],"lt_start":[0,0],"q":-0.00028241335361101072,"ut":[249.99210037490593,0.0007665853673840138],"gn":1.7763638577672821e-18,"gt":[-1.1379648674417606e-16,-2.520207519918455e-16],"b":-847240.06083303748,"constant_n":10000000000,"constant_t":100,"mu":0.29999999999999999,"normal_mode":1,"tangent_mode":1,"normal_inverse_stiffness":0.0001,"tangent_inverse_stiffness":0.01,"p0":0,"beta":0,"iwan":1,"rn":5.3290915733018457e-15,"rt":[-1.1379648674417607e-14,-2.5202075199184549e-14]}
MORTAR_OBSERVER {"kind":"POST_RAW_AFTER_ACTIVE_LOOP","call_id":23,"pair":0,"slot":0,"node":1,"activity":2,"lambda_raw":[0.00079007660302623649,2.1964315765830939e-09,-0.0026336550998411843],"gap":-0.00035115286788757667}
MORTAR_OBSERVER {"kind":"POST_RAW_AFTER_ACTIVE_LOOP","call_id":23,"pair":0,"slot":1,"node":2,"activity":2,"lambda_raw":[0.0089034826599339086,4.1906642159367367e-08,-0.029678952570070024],"gap":-0.0019785974454442643}
MORTAR_OBSERVER {"kind":"POST_RAW_AFTER_ACTIVE_LOOP","call_id":23,"pair":0,"slot":2,"node":3,"activity":2,"lambda_raw":[0.0065181112041633668,1.260058719434568e-08,-0.021727500695464971],"gap":-0.0028969990101632218}
MORTAR_OBSERVER {"kind":"POST_RAW_AFTER_ACTIVE_LOOP","call_id":23,"pair":0,"slot":3,"node":4,"activity":0,"lambda_raw":[0,0,0],"gap":0.00041791846786199197}
MORTAR_OBSERVER {"kind":"POST_RAW_AFTER_ACTIVE_LOOP","call_id":23,"pair":0,"slot":4,"node":17,"activity":2,"lambda_raw":[0.0037232546564718106,1.0114980899599475e-08,-0.012411131069994953],"gap":-0.0012411117194742942}
MORTAR_OBSERVER {"kind":"POST_RAW_AFTER_ACTIVE_LOOP","call_id":23,"pair":0,"slot":5,"node":18,"activity":2,"lambda_raw":[0.0080264516413349439,2.6660063698520863e-08,-0.026755433499909526],"gap":-0.0026755434422782334}
MORTAR_OBSERVER {"kind":"POST_RAW_AFTER_ACTIVE_LOOP","call_id":23,"pair":0,"slot":6,"node":19,"activity":2,"lambda_raw":[0.0032739674855706523,1.5904845387628461e-08,-0.010913478949523461],"gap":-0.0021826918110046528}
MORTAR_OBSERVER {"kind":"POST_RAW_AFTER_ACTIVE_LOOP","call_id":23,"pair":0,"slot":7,"node":23,"activity":2,"lambda_raw":[0.002021598745260185,6.7442203740624133e-09,-0.0067388289378915358],"gap":-0.00067388133292434953}
MORTAR_OBSERVER {"kind":"POST_RAW_AFTER_ACTIVE_LOOP","call_id":23,"pair":0,"slot":8,"node":24,"activity":0,"lambda_raw":[0,0,0],"gap":0.00028241335361101072}
MORTAR_OBSERVER {"kind":"CFS_INVENTORY","call_id":23,"all_node_count":35,"physical_count":13}
MORTAR_OBSERVER {"kind":"CFS_NODE","call_id":23,"node":1,"force":[-2.3702968911685294,-1.1046322533602994e-05,7.9011644767553726]}
MORTAR_OBSERVER {"kind":"CFS_NODE","call_id":23,"node":2,"force":[2.0190933002060794,1.5679454956731421e-05,-6.7304700556813861]}
MORTAR_OBSERVER {"kind":"CFS_NODE","call_id":23,"node":3,"force":[3.1588267081997268,-4.9372029639757343e-06,-10.529617110680956]}
MORTAR_OBSERVER {"kind":"CFS_NODE","call_id":23,"node":4,"force":[-0.67386607901864515,-2.2480728928836883e-06,2.2462757479451758]}
MORTAR_OBSERVER {"kind":"CFS_NODE","call_id":23,"node":13,"force":[-4.3285066578608991,-1.4724780512857465e-05,14.428692290997663]}
MORTAR_OBSERVER {"kind":"CFS_NODE","call_id":23,"node":14,"force":[-13.671050292392536,-5.4038444569091006e-05,45.571201202837756]}
MORTAR_OBSERVER {"kind":"CFS_NODE","call_id":23,"node":15,"force":[-13.477793966419968,-3.6499515220224012e-05,44.926968485090981]}
MORTAR_OBSERVER {"kind":"CFS_NODE","call_id":23,"node":16,"force":[-4.5218363586324664,-1.7733475121909116e-05,15.073138021073184]}
MORTAR_OBSERVER {"kind":"CFS_NODE","call_id":23,"node":17,"force":[6.2054292023327662,1.6858314471267477e-05,-20.685234366619344]}
MORTAR_OBSERVER {"kind":"CFS_NODE","call_id":23,"node":18,"force":[13.377444550059298,4.443352302670765e-05,-44.592472994493768]}
MORTAR_OBSERVER {"kind":"CFS_NODE","call_id":23,"node":19,"force":[10.913226139808868,5.3016157062913445e-05,-36.378267124859349]}
MORTAR_OBSERVER {"kind":"CFS_NODE","call_id":23,"node":23,"force":[3.3693303448862939,1.1240364296923976e-05,-11.231378572365301]}
MORTAR_OBSERVER {"kind":"CFS_NODE","call_id":23,"node":24,"force":[7.5149646728804858e-16,9.0412475405062826e-21,-2.5050634743100377e-15]}
MORTAR_OBSERVER {"kind":"CFS_END","call_id":23,"scanned_nodes":35,"physical_count":13,"outside_nonzero_count":0}
MORTAR_OBSERVER {"kind":"SUMMARY_PRE_OVERRIDE","call_id":23,"ndiverg":14,"flag":1,"keepset":0,"max_n":8.562486657481827e-07,"max_t":[8.5692170403994794e-07,3.3396648521689428e-06],"lm_t_av":[35.999932977927308,0.00010382410437164883],"nstick":0,"nslip":7,"ninactive":2,"nnogap":0,"nolm":0}
MORTAR_OBSERVER {"kind":"SUMMARY_POST_OVERRIDE","call_id":23,"flag":1}
MORTAR_OBSERVER {"kind":"RETURN","call_id":23}
 Using up to 2 cpu(s) for the stress calculation.

 average force= 5.905287
 time avg. forc= 5.903108
 largest residual force= 0.000994 in node 31 and dof 3
 largest increment of disp= 2.496561e-01
 largest correction to disp= 6.731503e-04 in node 17 and dof 1

MORTAR_OBSERVER {"kind":"PRE_CHECK","call_id":23,"step":2,"inc":2,"cutback":0,"iteration":1,"time":0.5,"dtime":0.25,"ttime":1,"tper":1,"theta":0.25,"dtheta":0.25,"icntrl":0,"nmethod":1,"iexpl":0,"ithermal":0,"uncoupled":0,"mortar":2,"iflagdualquad":2}
 no convergence

MORTAR_OBSERVER {"kind":"POST_CHECK","call_id":23,"step":2,"inc":2,"cutback":0,"iteration":2,"time":0.5,"dtime":0.25,"ttime":1,"tper":1,"theta":0.25,"dtheta":0.25,"icntrl":0,"nmethod":1,"iexpl":0,"ithermal":0,"uncoupled":0,"mortar":2,"iflagdualquad":2}
 iteration 2

 Determining the structure of the matrix:

 Using up to 2 cpu(s) for setting up the structure of the matrix.
 number of equations
 75
 number of nonzero lower triangular matrix elements
 1143

 Using up to 2 cpu(s) for the stress calculation.

 Using up to 2 cpu(s) for the symmetric stiffness/mass contributions.

 Using up to 2 cpu(s) for the stress calculation.

 Using up to 2 cpu(s) for the symmetric stiffness/mass contributions.

 Factoring the system of equations using the unsymmetric spooles solver
 Using 1 cpu for spooles.

MORTAR_OBSERVER {"kind":"BEGIN","call_id":24,"step":2,"inc":2,"cutback":0,"iteration":2,"time":0.5,"dtime":0.25,"ttime":1,"tper":1,"theta":0.25,"dtheta":0.25,"icntrl":0,"nmethod":1,"iexpl":0,"ithermal":0,"uncoupled":0,"mortar":2,"iflagdualquad":2}
MORTAR_OBSERVER {"kind":"KIN_INVENTORY","call_id":24,"all_node_count":35,"physical_count":13,"dd_count":63,"bd_count":36,"slave_count":9}
MORTAR_OBSERVER {"kind":"KIN_NODE","call_id":24,"node":1,"dd_count":9,"bd_count":0,"b2":[2.0645744664096358e-10,-6.1176566110426011e-10,-2.8331792330980419e-10],"vold":[0.49935371904895226,3.1220470323214039e-05,4.1987737605159354e-05],"vini":[0.24935984861852473,3.0461201836444678e-05,3.9997148877439135e-05]}
MORTAR_OBSERVER {"kind":"KIN_DD","call_id":24,"node":1,"entry":0,"row_node":1,"slave_slot":0,"value":1333.3317607968495}
MORTAR_OBSERVER {"kind":"KIN_DD","call_id":24,"node":1,"entry":1,"row_node":2,"slave_slot":1,"value":1.6401694999476353e-13}
MORTAR_OBSERVER {"kind":"KIN_DD","call_id":24,"node":1,"entry":2,"row_node":3,"slave_slot":2,"value":2.3033427780400933e-13}
MORTAR_OBSERVER {"kind":"KIN_DD","call_id":24,"node":1,"entry":3,"row_node":4,"slave_slot":3,"value":1.557272857074349e-13}
MORTAR_OBSERVER {"kind":"KIN_DD","call_id":24,"node":1,"entry":4,"row_node":17,"slave_slot":4,"value":-333.33359478995152}
MORTAR_OBSERVER {"kind":"KIN_DD","call_id":24,"node":1,"entry":5,"row_node":18,"slave_slot":5,"value":-1.5802175734433541e-14}
MORTAR_OBSERVER {"kind":"KIN_DD","call_id":24,"node":1,"entry":6,"row_node":19,"slave_slot":6,"value":-666.66674916757404}
MORTAR_OBSERVER {"kind":"KIN_DD","call_id":24,"node":1,"entry":7,"row_node":23,"slave_slot":7,"value":7.5698703624029197e-14}
MORTAR_OBSERVER {"kind":"KIN_DD","call_id":24,"node":1,"entry":8,"row_node":24,"slave_slot":8,"value":-333.33289913169011}
MORTAR_OBSERVER {"kind":"KIN_NODE","call_id":24,"node":2,"dd_count":6,"bd_count":0,"b2":[-1.815822892806875e-09,-5.1215589078392301e-10,-5.9753181563235489e-10],"vold":[0.49934415353145822,-4.568080130043224e-05,-0.00027338800696367313],"vini":[0.24935035292791904,-4.6407047565592827e-05,-0.00026930223541471389]}
MORTAR_OBSERVER {"kind":"KIN_DD","call_id":24,"node":2,"entry":9,"row_node":1,"slave_slot":0,"value":1.3974007578513573e-13}
MORTAR_OBSERVER {"kind":"KIN_DD","call_id":24,"node":2,"entry":10,"row_node":2,"slave_slot":1,"value":666.66812704165648}
MORTAR_OBSERVER {"kind":"KIN_DD","call_id":24,"node":2,"entry":11,"row_node":3,"slave_slot":2,"value":8.1342341866409313e-14}
MORTAR_OBSERVER {"kind":"KIN_DD","call_id":24,"node":2,"entry":12,"row_node":17,"slave_slot":4,"value":-333.33359478995135}
MORTAR_OBSERVER {"kind":"KIN_DD","call_id":24,"node":2,"entry":13,"row_node":18,"slave_slot":5,"value":-333.33396492435224}
MORTAR_OBSERVER {"kind":"KIN_DD","call_id":24,"node":2,"entry":14,"row_node":19,"slave_slot":6,"value":-1.050363569304215e-13}
MORTAR_OBSERVER {"kind":"KIN_NODE","call_id":24,"node":3,"dd_count":9,"bd_count":0,"b2":[-2.1994213999809081e-09,-1.1969223650837094e-10,-7.7090622249953694e-10],"vold":[0.49933777475882785,8.021837736149036e-05,-0.00026655482375744128],"vini":[0.24934397487835341,7.9411057186231989e-05,-0.00026326372286959249]}
MORTAR_OBSERVER {"kind":"KIN_DD","call_id":24,"node":3,"entry":15,"row_node":1,"slave_slot":0,"value":3.4275360687287987e-13}
MORTAR_OBSERVER {"kind":"KIN_DD","call_id":24,"node":3,"entry":16,"row_node":2,"slave_slot":1,"value":1.6052437060243123e-13}
MORTAR_OBSERVER {"kind":"KIN_DD","call_id":24,"node":3,"entry":17,"row_node":3,"slave_slot":2,"value":1333.3351833630411}
MORTAR_OBSERVER {"kind":"KIN_DD","call_id":24,"node":3,"entry":18,"row_node":4,"slave_slot":3,"value":-3.4416919752167563e-14}
MORTAR_OBSERVER {"kind":"KIN_DD","call_id":24,"node":3,"entry":19,"row_node":17,"slave_slot":4,"value":1.9726812746470455e-13}
MORTAR_OBSERVER {"kind":"KIN_DD","call_id":24,"node":3,"entry":20,"row_node":18,"slave_slot":5,"value":-333.33396492435287}
MORTAR_OBSERVER {"kind":"KIN_DD","call_id":24,"node":3,"entry":21,"row_node":19,"slave_slot":6,"value":-666.66674916757518}
MORTAR_OBSERVER {"kind":"KIN_DD","call_id":24,"node":3,"entry":22,"row_node":23,"slave_slot":7,"value":-333.3332495375675}
MORTAR_OBSERVER {"kind":"KIN_DD","call_id":24,"node":3,"entry":23,"row_node":24,"slave_slot":8,"value":1.3870386586324782e-13}
MORTAR_OBSERVER {"kind":"KIN_NODE","call_id":24,"node":4,"dd_count":6,"bd_count":0,"b2":[-7.9958696133019869e-11,-2.7495537891848569e-10,-1.7485908615784388e-10],"vold":[0.49934478887498751,4.4510556932727494e-06,8.1747277783915487e-05],"vini":[0.24935093693609442,3.6881638594967848e-06,7.8915901285507041e-05]}
MORTAR_OBSERVER {"kind":"KIN_DD","call_id":24,"node":4,"entry":24,"row_node":1,"slave_slot":0,"value":4.2360096992525804e-13}
MORTAR_OBSERVER {"kind":"KIN_DD","call_id":24,"node":4,"entry":25,"row_node":3,"slave_slot":2,"value":-1.3691362550919259e-13}
MORTAR_OBSERVER {"kind":"KIN_DD","call_id":24,"node":4,"entry":26,"row_node":4,"slave_slot":3,"value":666.66584390235198}
MORTAR_OBSERVER {"kind":"KIN_DD","call_id":24,"node":4,"entry":27,"row_node":19,"slave_slot":6,"value":-1.432002741063934e-13}
MORTAR_OBSERVER {"kind":"KIN_DD","call_id":24,"node":4,"entry":28,"row_node":23,"slave_slot":7,"value":-333.3332495375663}
MORTAR_OBSERVER {"kind":"KIN_DD","call_id":24,"node":4,"entry":29,"row_node":24,"slave_slot":8,"value":-333.33289913169102}
MORTAR_OBSERVER {"kind":"KIN_NODE","call_id":24,"node":13,"dd_count":0,"bd_count":9,"b2":[2.2827302431536627e-10,1.2856429627727737e-10,-2.539818498318786e-10],"vold":[0.00020134529073857502,2.8954012681247865e-05,7.4385212975800841e-05],"vini":[0.00019995486668217217,2.8328693706927626e-05,7.2450467750893437e-05]}
MORTAR_OBSERVER {"kind":"KIN_BD","call_id":24,"node":13,"entry":0,"row_node":1,"slave_slot":0,"value":-1115.2936373608566}
MORTAR_OBSERVER {"kind":"KIN_BD","call_id":24,"node":13,"entry":1,"row_node":2,"slave_slot":1,"value":-48.389220200534794}
MORTAR_OBSERVER {"kind":"KIN_BD","call_id":24,"node":13,"entry":2,"row_node":3,"slave_slot":2,"value":-8.7981526283536198}
MORTAR_OBSERVER {"kind":"KIN_BD","call_id":24,"node":13,"entry":3,"row_node":4,"slave_slot":3,"value":-50.694963728595141}
MORTAR_OBSERVER {"kind":"KIN_BD","call_id":24,"node":13,"entry":4,"row_node":17,"slave_slot":4,"value":-454.52849118913656}
MORTAR_OBSERVER {"kind":"KIN_BD","call_id":24,"node":13,"entry":5,"row_node":18,"slave_slot":5,"value":-39.590673326706309}
MORTAR_OBSERVER {"kind":"KIN_BD","call_id":24,"node":13,"entry":6,"row_node":19,"slave_slot":6,"value":-264.3667052458855}
MORTAR_OBSERVER {"kind":"KIN_BD","call_id":24,"node":13,"entry":7,"row_node":23,"slave_slot":7,"value":-41.320457881015152}
MORTAR_OBSERVER {"kind":"KIN_BD","call_id":24,"node":13,"entry":8,"row_node":24,"slave_slot":8,"value":-456.2564258693609}
MORTAR_OBSERVER {"kind":"KIN_NODE","call_id":24,"node":14,"dd_count":0,"bd_count":9,"b2":[9.0310619243190698e-11,4.1001178750561789e-11,-6.0328170834012156e-10],"vold":[0.00029031029129570859,-7.3629455453767429e-05,-0.00029877022460031232],"vini":[0.0002883673715291843,-7.3137979728362567e-05,-0.00029667868122875568]}
MORTAR_OBSERVER {"kind":"KIN_BD","call_id":24,"node":14,"entry":9,"row_node":1,"slave_slot":0,"value":-106.92692735503638}
MORTAR_OBSERVER {"kind":"KIN_BD","call_id":24,"node":14,"entry":10,"row_node":2,"slave_slot":1,"value":-562.72314192156409}
MORTAR_OBSERVER {"kind":"KIN_BD","call_id":24,"node":14,"entry":11,"row_node":3,"slave_slot":2,"value":-102.31265474510396}
MORTAR_OBSERVER {"kind":"KIN_BD","call_id":24,"node":14,"entry":12,"row_node":4,"slave_slot":3,"value":-4.8603107967329944}
MORTAR_OBSERVER {"kind":"KIN_BD","call_id":24,"node":14,"entry":13,"row_node":17,"slave_slot":4,"value":-462.13917184851067}
MORTAR_OBSERVER {"kind":"KIN_BD","call_id":24,"node":14,"entry":14,"row_node":18,"slave_slot":5,"value":-460.40981138251033}
MORTAR_OBSERVER {"kind":"KIN_BD","call_id":24,"node":14,"entry":15,"row_node":19,"slave_slot":6,"value":-735.63278695184795}
MORTAR_OBSERVER {"kind":"KIN_BD","call_id":24,"node":14,"entry":16,"row_node":23,"slave_slot":7,"value":-42.012340881248171}
MORTAR_OBSERVER {"kind":"KIN_BD","call_id":24,"node":14,"entry":17,"row_node":24,"slave_slot":8,"value":-43.742861588250413}
MORTAR_OBSERVER {"kind":"KIN_NODE","call_id":24,"node":15,"dd_count":0,"bd_count":9,"b2":[2.0967641752433453e-10,1.0136789395433939e-10,-8.3260842039716061e-10],"vold":[0.00028795811148342774,7.2367928879420613e-05,-0.00029123369165923174],"vini":[0.00028603140894796432,7.1914245070874106e-05,-0.00028919261254446645]}
MORTAR_OBSERVER {"kind":"KIN_BD","call_id":24,"node":15,"entry":18,"row_node":1,"slave_slot":0,"value":-9.7207033774340488}
MORTAR_OBSERVER {"kind":"KIN_BD","call_id":24,"node":15,"entry":19,"row_node":2,"slave_slot":1,"value":-51.156715322765166}
MORTAR_OBSERVER {"kind":"KIN_BD","call_id":24,"node":15,"entry":20,"row_node":3,"slave_slot":2,"value":-1125.4459155106817}
MORTAR_OBSERVER {"kind":"KIN_BD","call_id":24,"node":15,"entry":21,"row_node":4,"slave_slot":3,"value":-53.463541673137122}
MORTAR_OBSERVER {"kind":"KIN_BD","call_id":24,"node":15,"entry":22,"row_node":17,"slave_slot":4,"value":-42.012379651163329}
MORTAR_OBSERVER {"kind":"KIN_BD","call_id":24,"node":15,"entry":23,"row_node":18,"slave_slot":5,"value":-460.41037256945879}
MORTAR_OBSERVER {"kind":"KIN_BD","call_id":24,"node":15,"entry":24,"row_node":19,"slave_slot":6,"value":-272.67088968313897}
MORTAR_OBSERVER {"kind":"KIN_BD","call_id":24,"node":15,"entry":25,"row_node":23,"slave_slot":7,"value":-462.13884089205283}
MORTAR_OBSERVER {"kind":"KIN_BD","call_id":24,"node":15,"entry":26,"row_node":24,"slave_slot":8,"value":-43.742921714481838}
MORTAR_OBSERVER {"kind":"KIN_NODE","call_id":24,"node":16,"dd_count":0,"bd_count":9,"b2":[2.1415908034033186e-10,-1.5572655788001505e-11,-2.2504483715785261e-10],"vold":[0.00020189145617467466,-2.8409029240252985e-05,6.7710050286289551e-05],"vini":[0.00020049485892071324,-2.7760435010059446e-05,6.5779445574263854e-05]}
MORTAR_OBSERVER {"kind":"KIN_BD","call_id":24,"node":16,"entry":27,"row_node":1,"slave_slot":0,"value":-101.39049270352193}
MORTAR_OBSERVER {"kind":"KIN_BD","call_id":24,"node":16,"entry":28,"row_node":2,"slave_slot":1,"value":-4.3990495967926657}
MORTAR_OBSERVER {"kind":"KIN_BD","call_id":24,"node":16,"entry":29,"row_node":3,"slave_slot":2,"value":-96.778460478900911}
MORTAR_OBSERVER {"kind":"KIN_BD","call_id":24,"node":16,"entry":30,"row_node":4,"slave_slot":3,"value":-557.64702770388749}
MORTAR_OBSERVER {"kind":"KIN_BD","call_id":24,"node":16,"entry":31,"row_node":17,"slave_slot":4,"value":-41.320716845755797}
MORTAR_OBSERVER {"kind":"KIN_BD","call_id":24,"node":16,"entry":32,"row_node":18,"slave_slot":5,"value":-39.591012659065193}
MORTAR_OBSERVER {"kind":"KIN_BD","call_id":24,"node":16,"entry":33,"row_node":19,"slave_slot":6,"value":-727.32981595130866}
MORTAR_OBSERVER {"kind":"KIN_BD","call_id":24,"node":16,"entry":34,"row_node":23,"slave_slot":7,"value":-454.52808412312322}
MORTAR_OBSERVER {"kind":"KIN_BD","call_id":24,"node":16,"entry":35,"row_node":24,"slave_slot":8,"value":-456.25646338773902}
MORTAR_OBSERVER {"kind":"KIN_NODE","call_id":24,"node":17,"dd_count":6,"bd_count":0,"b2":[-9.4385723599415351e-10,-5.2972185108149944e-10,-4.3581140280997473e-10],"vold":[0.49932276713840906,-1.3932791967163116e-05,-0.0001152230500010213],"vini":[0.24932893123093841,-1.4664367872247842e-05,-0.00011434977281272759]}
MORTAR_OBSERVER {"kind":"KIN_DD","call_id":24,"node":17,"entry":30,"row_node":1,"slave_slot":0,"value":-4.9737991997309569e-13}
MORTAR_OBSERVER {"kind":"KIN_DD","call_id":24,"node":17,"entry":31,"row_node":2,"slave_slot":1,"value":-3.3750780283888637e-13}
MORTAR_OBSERVER {"kind":"KIN_DD","call_id":24,"node":17,"entry":32,"row_node":3,"slave_slot":2,"value":-2.5017025736742016e-13}
MORTAR_OBSERVER {"kind":"KIN_DD","call_id":24,"node":17,"entry":33,"row_node":17,"slave_slot":4,"value":1666.6679491144694}
MORTAR_OBSERVER {"kind":"KIN_DD","call_id":24,"node":17,"entry":34,"row_node":18,"slave_slot":5,"value":-5.8656783717065227e-14}
MORTAR_OBSERVER {"kind":"KIN_DD","call_id":24,"node":17,"entry":35,"row_node":19,"slave_slot":6,"value":4.1633363837033682e-13}
MORTAR_OBSERVER {"kind":"KIN_NODE","call_id":24,"node":18,"dd_count":6,"bd_count":0,"b2":[-2.1285027825321031e-09,-2.6806603951765488e-10,-6.8558070557128398e-10],"vold":[0.49935862308944667,1.5744219151188215e-05,-0.00027008262890389375],"vini":[0.24936480165987329,1.5000706683078472e-05,-0.00026630038453008997]}
MORTAR_OBSERVER {"kind":"KIN_DD","call_id":24,"node":18,"entry":36,"row_node":1,"slave_slot":0,"value":-3.922788059311618e-13}
MORTAR_OBSERVER {"kind":"KIN_DD","call_id":24,"node":18,"entry":37,"row_node":2,"slave_slot":1,"value":2.2500520189259093e-13}
MORTAR_OBSERVER {"kind":"KIN_DD","call_id":24,"node":18,"entry":38,"row_node":3,"slave_slot":2,"value":-7.1054274281870816e-14}
MORTAR_OBSERVER {"kind":"KIN_DD","call_id":24,"node":18,"entry":39,"row_node":17,"slave_slot":4,"value":2.2500520189259093e-13}
MORTAR_OBSERVER {"kind":"KIN_DD","call_id":24,"node":18,"entry":40,"row_node":18,"slave_slot":5,"value":1666.6697997864449}
MORTAR_OBSERVER {"kind":"KIN_DD","call_id":24,"node":18,"entry":41,"row_node":19,"slave_slot":6,"value":9.8134464493203604e-13}
MORTAR_OBSERVER {"kind":"KIN_NODE","call_id":24,"node":19,"dd_count":9,"bd_count":0,"b2":[-1.1816141327427678e-09,-3.3616636830577048e-10,-4.8061769018732083e-10],"vold":[0.49934529305479353,1.8115107263070803e-05,-0.00011457590797124099],"vini":[0.24935142700130022,1.7361168362018255e-05,-0.0001139468066077876]}
MORTAR_OBSERVER {"kind":"KIN_DD","call_id":24,"node":19,"entry":42,"row_node":1,"slave_slot":0,"value":-6.18764305204625e-13}
MORTAR_OBSERVER {"kind":"KIN_DD","call_id":24,"node":19,"entry":43,"row_node":2,"slave_slot":1,"value":-2.9605947617446173e-14}
MORTAR_OBSERVER {"kind":"KIN_DD","call_id":24,"node":19,"entry":44,"row_node":3,"slave_slot":2,"value":-9.5405166197220294e-13}
MORTAR_OBSERVER {"kind":"KIN_DD","call_id":24,"node":19,"entry":45,"row_node":4,"slave_slot":3,"value":2.0724163332212321e-14}
MORTAR_OBSERVER {"kind":"KIN_DD","call_id":24,"node":19,"entry":46,"row_node":17,"slave_slot":4,"value":-1.6579330665769857e-13}
MORTAR_OBSERVER {"kind":"KIN_DD","call_id":24,"node":19,"entry":47,"row_node":18,"slave_slot":5,"value":3.3056890886604744e-13}
MORTAR_OBSERVER {"kind":"KIN_DD","call_id":24,"node":19,"entry":48,"row_node":19,"slave_slot":6,"value":3333.3336961673276}
MORTAR_OBSERVER {"kind":"KIN_DD","call_id":24,"node":19,"entry":49,"row_node":23,"slave_slot":7,"value":4.8849813568786185e-14}
MORTAR_OBSERVER {"kind":"KIN_DD","call_id":24,"node":19,"entry":50,"row_node":24,"slave_slot":8,"value":9.1963474786692181e-14}
MORTAR_OBSERVER {"kind":"KIN_NODE","call_id":24,"node":23,"dd_count":6,"bd_count":0,"b2":[-1.1231115615217495e-09,-1.3577573960542416e-10,-4.9961626139673362e-10],"vold":[0.49932931939632036,4.7776220655913657e-05,-0.00010504984664946256],"vini":[0.24933548133220138,4.699446478705117e-05,-0.00010484850716424948]}
MORTAR_OBSERVER {"kind":"KIN_DD","call_id":24,"node":23,"entry":51,"row_node":1,"slave_slot":0,"value":2.871776918892279e-13}
MORTAR_OBSERVER {"kind":"KIN_DD","call_id":24,"node":23,"entry":52,"row_node":3,"slave_slot":2,"value":-2.871776918892279e-13}
MORTAR_OBSERVER {"kind":"KIN_DD","call_id":24,"node":23,"entry":53,"row_node":4,"slave_slot":3,"value":1.184978053388283e-12}
MORTAR_OBSERVER {"kind":"KIN_DD","call_id":24,"node":23,"entry":54,"row_node":19,"slave_slot":6,"value":8.7633604947640671e-13}
MORTAR_OBSERVER {"kind":"KIN_DD","call_id":24,"node":23,"entry":55,"row_node":23,"slave_slot":7,"value":1666.6662228525724}
MORTAR_OBSERVER {"kind":"KIN_DD","call_id":24,"node":23,"entry":56,"row_node":24,"slave_slot":8,"value":-6.261657921089866e-13}
MORTAR_OBSERVER {"kind":"KIN_NODE","call_id":24,"node":24,"dd_count":6,"bd_count":0,"b2":[4.5914656692904422e-11,-4.1813582213367424e-10,-3.112359873696469e-10],"vold":[0.4993583041585663,9.3759619881320104e-06,6.8685886736789896e-05],"vini":[0.24936443582127216,8.6189420256849134e-06,6.6265113752823516e-05]}
MORTAR_OBSERVER {"kind":"KIN_DD","call_id":24,"node":24,"entry":57,"row_node":1,"slave_slot":0,"value":-4.5001040378518186e-13}
MORTAR_OBSERVER {"kind":"KIN_DD","call_id":24,"node":24,"entry":58,"row_node":3,"slave_slot":2,"value":-3.3158661331539714e-13}
MORTAR_OBSERVER {"kind":"KIN_DD","call_id":24,"node":24,"entry":59,"row_node":4,"slave_slot":3,"value":-5.8175687068281731e-13}
MORTAR_OBSERVER {"kind":"KIN_DD","call_id":24,"node":24,"entry":60,"row_node":19,"slave_slot":6,"value":6.6317322663079429e-13}
MORTAR_OBSERVER {"kind":"KIN_DD","call_id":24,"node":24,"entry":61,"row_node":23,"slave_slot":7,"value":5.4271402726231022e-13}
MORTAR_OBSERVER {"kind":"KIN_DD","call_id":24,"node":24,"entry":62,"row_node":24,"slave_slot":8,"value":1666.6644708232134}
MORTAR_OBSERVER {"kind":"KIN_GAP","call_id":24,"pair":0,"slot":0,"node":1,"gap":-0.00035115286788757667}
MORTAR_OBSERVER {"kind":"KIN_GAP","call_id":24,"pair":0,"slot":1,"node":2,"gap":-0.0019785974454442643}
MORTAR_OBSERVER {"kind":"KIN_GAP","call_id":24,"pair":0,"slot":2,"node":3,"gap":-0.0028969990101632218}
MORTAR_OBSERVER {"kind":"KIN_GAP","call_id":24,"pair":0,"slot":3,"node":4,"gap":0.00041791846786199197}
MORTAR_OBSERVER {"kind":"KIN_GAP","call_id":24,"pair":0,"slot":4,"node":17,"gap":-0.0012411117194742942}
MORTAR_OBSERVER {"kind":"KIN_GAP","call_id":24,"pair":0,"slot":5,"node":18,"gap":-0.0026755434422782334}
MORTAR_OBSERVER {"kind":"KIN_GAP","call_id":24,"pair":0,"slot":6,"node":19,"gap":-0.0021826918110046528}
MORTAR_OBSERVER {"kind":"KIN_GAP","call_id":24,"pair":0,"slot":7,"node":23,"gap":-0.00067388133292434953}
MORTAR_OBSERVER {"kind":"KIN_GAP","call_id":24,"pair":0,"slot":8,"node":24,"gap":0.00028241335361101072}
MORTAR_OBSERVER {"kind":"INVENTORY","call_id":24,"pair_count":1,"slave_count":9}
MORTAR_OBSERVER {"kind":"PAIR","call_id":24,"pair":0,"start":0,"end":9}
MORTAR_OBSERVER {"kind":"PRE_RAW","call_id":24,"pair":0,"slot":0,"node":1,"activity":2,"lambda_raw":[0.00079007451907553276,2.4459816439396542e-09,-0.0026336481548461248],"lambda_start":[0.00079319706193399064,4.4344490183137881e-08,-0.0026439894983166633],"ddtil_count":1}
MORTAR_OBSERVER {"kind":"DDTIL","call_id":24,"pair":0,"column_slot":0,"source_slot":0,"destination_slot":0,"entry":0,"value":1333.3317607968493}
MORTAR_OBSERVER {"kind":"PRE_RAW","call_id":24,"pair":0,"slot":1,"node":2,"activity":2,"lambda_raw":[0.0089034962004201634,4.2758752633212926e-08,-0.029678997710472405],"lambda_start":[0.0089055149057446423,2.7004977619665675e-07,-0.029685042323586576],"ddtil_count":1}
MORTAR_OBSERVER {"kind":"DDTIL","call_id":24,"pair":0,"column_slot":1,"source_slot":1,"destination_slot":1,"entry":1,"value":666.66812704165648}
MORTAR_OBSERVER {"kind":"PRE_RAW","call_id":24,"pair":0,"slot":2,"node":3,"activity":2,"lambda_raw":[0.0065181226512685472,1.5099933670026641e-08,-0.021727538960430295],"lambda_start":[0.0065180627246544231,6.9237307628033698e-07,-0.021726879440592411],"ddtil_count":1}
MORTAR_OBSERVER {"kind":"DDTIL","call_id":24,"pair":0,"column_slot":2,"source_slot":2,"destination_slot":2,"entry":2,"value":1333.3351833630409}
MORTAR_OBSERVER {"kind":"PRE_RAW","call_id":24,"pair":0,"slot":3,"node":4,"activity":0,"lambda_raw":[-3.0493223734259299e-23,7.4962508346720766e-23,-8.1315263291358126e-23],"lambda_start":[0,0,0],"ddtil_count":1}
MORTAR_OBSERVER {"kind":"DDTIL","call_id":24,"pair":0,"column_slot":3,"source_slot":3,"destination_slot":3,"entry":3,"value":666.66584390235209}
MORTAR_OBSERVER {"kind":"PRE_RAW","call_id":24,"pair":0,"slot":4,"node":17,"activity":2,"lambda_raw":[0.0037232373247188116,1.0039049534714493e-08,-0.012411073296176075],"lambda_start":[0.0037150043574732099,-6.1781556049270797e-09,-0.012383344599702148],"ddtil_count":1}
MORTAR_OBSERVER {"kind":"DDTIL","call_id":24,"pair":0,"column_slot":4,"source_slot":4,"destination_slot":4,"entry":4,"value":1000.0007595345664}
MORTAR_OBSERVER {"kind":"PRE_RAW","call_id":24,"pair":0,"slot":5,"node":18,"activity":2,"lambda_raw":[0.0080264709441119284,2.8488518580228835e-08,-0.026755497907526914],"lambda_start":[0.0080303442824153481,4.6746891443111708e-07,-0.026767813156713397],"ddtil_count":1}
MORTAR_OBSERVER {"kind":"DDTIL","call_id":24,"pair":0,"column_slot":5,"source_slot":5,"destination_slot":5,"entry":5,"value":1000.0018699377408}
MORTAR_OBSERVER {"kind":"PRE_RAW","call_id":24,"pair":0,"slot":6,"node":19,"activity":2,"lambda_raw":[0.0032739638988582222,1.6607865135761172e-08,-0.010913467017421736],"lambda_start":[0.0032745216638419504,2.072776442822099e-07,-0.010915071660957296],"ddtil_count":1}
MORTAR_OBSERVER {"kind":"DDTIL","call_id":24,"pair":0,"column_slot":6,"source_slot":6,"destination_slot":6,"entry":6,"value":2000.0001978321793}
MORTAR_OBSERVER {"kind":"PRE_RAW","call_id":24,"pair":0,"slot":7,"node":23,"activity":2,"lambda_raw":[0.0020215823458811714,7.5062753727508571e-09,-0.0067387743144980902],"lambda_start":[0.0020202198349269676,2.6168438013899562e-07,-0.0067340672370196719],"ddtil_count":1}
MORTAR_OBSERVER {"kind":"DDTIL","call_id":24,"pair":0,"column_slot":7,"source_slot":7,"destination_slot":7,"entry":7,"value":999.99972377743859}
MORTAR_OBSERVER {"kind":"PRE_RAW","call_id":24,"pair":0,"slot":8,"node":24,"activity":0,"lambda_raw":[8.1315270877569528e-23,-1.6093647361185634e-23,-1.3552545146261586e-22],"lambda_start":[0,0,0],"ddtil_count":1}
MORTAR_OBSERVER {"kind":"DDTIL","call_id":24,"pair":0,"column_slot":8,"source_slot":8,"destination_slot":8,"entry":8,"value":999.99867255983361}
MORTAR_OBSERVER {"kind":"LAW","call_id":24,"pair":0,"slot":0,"node":1,"activity":2,"ndof":3,"normal":[-6.9417154842959133e-06,5.4313397640655108e-07,-0.99999999997575884],"tangents":[0.99999999997590627,3.7702815341594077e-12,-6.9417154842948901e-06,-0,0.99999999999985256,5.4313397641963721e-07],"ln":3.5115194189155985,"lt":[1.0534558256738094,1.3540755351415339e-06],"lt_start":[1.0576193069567796,5.7211198729295916e-05],"q":0.00035115194189155988,"ut":[333.32284861275826,0.00042788309840599754],"gn":0.00035115194189155988,"gt":[-4.1634812829702825e-05,-5.585712319415439e-07],"b":1.0534558256746795,"constant_n":10000000000,"constant_t":100,"mu":0.29999999999999999,"normal_mode":1,"tangent_mode":1,"normal_inverse_stiffness":0.0001,"tangent_inverse_stiffness":0.01,"p0":0,"beta":0,"iwan":1,"rn":0,"rt":[2.2204460492503131e-16,-5.563792453489101e-15]}
MORTAR_OBSERVER {"kind":"LAW","call_id":24,"pair":0,"slot":1,"node":2,"activity":2,"ndof":3,"normal":[-6.2785888721234065e-06,1.6041280934066267e-07,-0.99999999998027678],"tangents":[0.99999999998028966,1.0071660796921897e-12,-6.2785888721233261e-06,4.0389678347315804e-28,0.99999999999998712,1.6041280934382445e-07],"ln":19.786004548052162,"lt":[5.9358013643615903,2.5331962979103917e-05],"lt_start":[5.9371471961604332,0.00017685899752786067],"q":0.0019786004548052166,"ut":[166.66163222778917,0.00070973943258294736],"gn":0.0019786004548052161,"gt":[-1.3458317988428448e-05,-1.5152703454875674e-06],"b":5.9358013657166913,"constant_n":10000000000,"constant_t":100,"mu":0.29999999999999999,"normal_mode":1,"tangent_mode":1,"normal_inverse_stiffness":0.0001,"tangent_inverse_stiffness":0.01,"p0":0,"beta":0,"iwan":1,"rn":-1.3010428290272102e-09,"rt":[-1.301046381740889e-09,9.4774685874873116e-15]}
MORTAR_OBSERVER {"kind":"LAW","call_id":24,"pair":0,"slot":2,"node":3,"activity":2,"ndof":3,"normal":[-5.8707507311409546e-06,8.102632449367486e-08,-0.9999999999827639],"tangents":[0.99999999998276712,4.7568535377110329e-13,-5.8707507311409351e-06,1.0097419586828951e-28,0.99999999999999678,8.1026324495071168e-08],"ln":28.970041121566691,"lt":[8.6910123364518057,1.7785932741996338e-05],"lt_start":[8.6909324290262671,0.00092081811378256454],"q":0.0028970041121566693,"ut":[333.32301123073449,0.00067310662862434488],"gn":0.0028970041121566693,"gt":[7.990742553865005e-07,-9.0303218104056821e-06],"b":8.6910123364700063,"constant_n":10000000000,"constant_t":100,"mu":0.29999999999999999,"normal_mode":1,"tangent_mode":1,"normal_inverse_stiffness":0.0001,"tangent_inverse_stiffness":0.01,"p0":0,"beta":0,"iwan":1,"rn":0,"rt":[0,-1.9437874703917557e-14]}
MORTAR_OBSERVER {"kind":"LAW","call_id":24,"pair":0,"slot":3,"node":4,"activity":0,"ndof":3,"normal":[-7.8165436366138371e-06,1.652924425762199e-07,-0.99999999996943723],"tangents":[0.99999999996945088,1.2920155902389799e-12,-7.8165436366137304e-06,-2.0194839173657902e-28,0.99999999999998646,1.6529244258126946e-07],"ln":5.4210275783978797e-20,"lt":[-2.0328366997738002e-20,4.9974934927481771e-20],"lt_start":[0,0],"q":-0.0004179877112977409,"ut":[166.66140031835315,0.00081652661359639942],"gn":5.4210275783978803e-24,"gt":[-2.0328366997738002e-22,4.9974934927481773e-22],"b":-1253963.1338932225,"constant_n":10000000000,"constant_t":100,"mu":0.29999999999999999,"normal_mode":1,"tangent_mode":1,"normal_inverse_stiffness":0.0001,"tangent_inverse_stiffness":0.01,"p0":0,"beta":0,"iwan":1,"rn":1.6263082735193639e-20,"rt":[-2.0328366997738002e-20,4.9974934927481771e-20]}
MORTAR_OBSERVER {"kind":"LAW","call_id":24,"pair":0,"slot":4,"node":17,"activity":2,"ndof":3,"normal":[-6.2584152880118268e-06,3.6147682061915456e-11,-0.99999999998041611],"tangents":[0.99999999998041611,2.2622720604691298e-16,-6.2584152880118268e-06,-0,1,3.6147682062623368e-11],"ln":12.411059420989101,"lt":[3.7233178262831967,1.0038608527847312e-05],"lt_start":[3.7150846792467029,-6.1786079269932704e-06],"q":0.0012411059420989103,"ut":[249.99235630578437,0.00067417784865118565],"gn":0.0012411059420989101,"gt":[8.2331470364938047e-05,1.6217216454840581e-07],"b":3.7233178269472513,"constant_n":10000000000,"constant_t":100,"mu":0.29999999999999999,"normal_mode":1,"tangent_mode":1,"normal_inverse_stiffness":0.0001,"tangent_inverse_stiffness":0.01,"p0":0,"beta":0,"iwan":1,"rn":-6.5052097042439527e-10,"rt":[-6.5052141451360512e-10,-4.1919299723579793e-14]}
MORTAR_OBSERVER {"kind":"LAW","call_id":24,"pair":0,"slot":5,"node":18,"activity":2,"ndof":3,"normal":[-6.1182122625098519e-06,1.6426158218076777e-07,-0.99999999998127032],"tangents":[0.99999999998128375,1.0049872263764529e-12,-6.1182122625097698e-06,-2.0194839173657902e-28,0.99999999999998657,1.6426158218384213e-07],"ln":26.755498830400999,"lt":[8.0266496490841348,2.4093663215387517e-05],"lt_start":[8.0305230699778338,0.00046307285700618046],"q":0.0026755498830401,"ut":[249.99240871725854,0.00074601468529078162],"gn":0.0026755498830401,"gt":[-3.8734208936990199e-05,-4.3897919379079293e-06],"b":8.0266496491202997,"constant_n":10000000000,"constant_t":100,"mu":0.29999999999999999,"normal_mode":1,"tangent_mode":1,"normal_inverse_stiffness":0.0001,"tangent_inverse_stiffness":0.01,"p0":0,"beta":0,"iwan":1,"rn":0,"rt":[-3.5527136788005009e-15,5.8674582120027408e-15]}
MORTAR_OBSERVER {"kind":"LAW","call_id":24,"pair":0,"slot":6,"node":19,"activity":2,"ndof":3,"normal":[-6.4062328193776601e-06,3.1207914678408622e-07,-0.99999999997943145],"tangents":[0.99999999997948008,1.9992516724126159e-12,-6.4062328193773484e-06,-4.0389678347315804e-28,0.99999999999995137,3.1207914679049006e-07],"ln":21.826894245885747,"lt":[6.5480682737124862,2.6404001932654835e-05],"lt_start":[6.5491838243497069,0.00040774259639448165],"q":0.0021826894245885746,"ut":[499.98448180806429,0.0020122913607105372],"gn":0.0021826894245885746,"gt":[-1.1155506372206858e-05,-3.8133859446182684e-06],"b":6.5480682737657236,"constant_n":10000000000,"constant_t":100,"mu":0.29999999999999999,"normal_mode":1,"tangent_mode":1,"normal_inverse_stiffness":0.0001,"tangent_inverse_stiffness":0.01,"p0":0,"beta":0,"iwan":1,"rn":0,"rt":[-2.6645352591003757e-15,-1.9090516656643935e-14]}
MORTAR_OBSERVER {"kind":"LAW","call_id":24,"pair":0,"slot":7,"node":23,"activity":2,"ndof":3,"normal":[-6.8001038883797461e-06,7.9616986491909348e-08,-0.99999999997687616],"tangents":[0.99999999997687927,5.4140377943722819e-13,-6.8001038883797249e-06,-1.0097419586828951e-28,0.99999999999999689,7.9616986493750149e-08],"ln":6.7387587059751866,"lt":[2.0216276117805387,6.9697525439655761e-06],"lt_start":[2.0202650691941155,0.00026114816186370289],"q":0.00067387587059751855,"ut":[249.99211151225128,0.0008593296374558285],"gn":0.00067387587059751866,"gt":[1.3625425864232099e-05,-2.5417840931973732e-06],"b":2.0216276114672951,"constant_n":10000000000,"constant_t":100,"mu":0.29999999999999999,"normal_mode":1,"tangent_mode":1,"normal_inverse_stiffness":0.0001,"tangent_inverse_stiffness":0.01,"p0":0,"beta":0,"iwan":1,"rn":3.2526070725680256e-10,"rt":[3.2525804272154346e-10,-1.2438223126703778e-14]}
MORTAR_OBSERVER {"kind":"LAW","call_id":24,"pair":0,"slot":8,"node":24,"activity":0,"ndof":3,"normal":[-7.7308671702828439e-06,7.0595048808435174e-07,-0.99999999996986766],"tangents":[0.9999999999701169,5.4576094523395563e-12,-7.7308671702809177e-06,-8.0779356694631609e-28,0.99999999999975087,7.0595048810544783e-07],"ln":1.3552463155857761e-19,"lt":[8.1316210661767688e-20,-1.6093721671959305e-20],"lt_start":[0,0],"q":-0.00028232872105316903,"ut":[249.99210019427986,0.0007661262677023361],"gn":1.3552463155857763e-23,"gt":[8.1316210661767691e-22,-1.6093721671959304e-22],"b":-846986.16315950698,"constant_n":10000000000,"constant_t":100,"mu":0.29999999999999999,"normal_mode":1,"tangent_mode":1,"normal_inverse_stiffness":0.0001,"tangent_inverse_stiffness":0.01,"p0":0,"beta":0,"iwan":1,"rn":4.0657389467573284e-20,"rt":[8.1316210661767688e-20,-1.6093721671959305e-20]}
MORTAR_OBSERVER {"kind":"POST_RAW_AFTER_ACTIVE_LOOP","call_id":24,"pair":0,"slot":0,"node":1,"activity":2,"lambda_raw":[0.00079007451907553276,2.4459816439396542e-09,-0.0026336481548461248],"gap":-0.00035115194189155988}
MORTAR_OBSERVER {"kind":"POST_RAW_AFTER_ACTIVE_LOOP","call_id":24,"pair":0,"slot":1,"node":2,"activity":2,"lambda_raw":[0.0089034962004201634,4.2758752633212926e-08,-0.029678997710472405],"gap":-0.0019786004548052166}
MORTAR_OBSERVER {"kind":"POST_RAW_AFTER_ACTIVE_LOOP","call_id":24,"pair":0,"slot":2,"node":3,"activity":2,"lambda_raw":[0.0065181226512685472,1.5099933670026641e-08,-0.021727538960430295],"gap":-0.0028970041121566693}
MORTAR_OBSERVER {"kind":"POST_RAW_AFTER_ACTIVE_LOOP","call_id":24,"pair":0,"slot":3,"node":4,"activity":0,"lambda_raw":[0,0,0],"gap":0.0004179877112977409}
MORTAR_OBSERVER {"kind":"POST_RAW_AFTER_ACTIVE_LOOP","call_id":24,"pair":0,"slot":4,"node":17,"activity":2,"lambda_raw":[0.0037232373247188116,1.0039049534714493e-08,-0.012411073296176075],"gap":-0.0012411059420989103}
MORTAR_OBSERVER {"kind":"POST_RAW_AFTER_ACTIVE_LOOP","call_id":24,"pair":0,"slot":5,"node":18,"activity":2,"lambda_raw":[0.0080264709441119284,2.8488518580228835e-08,-0.026755497907526914],"gap":-0.0026755498830401}
MORTAR_OBSERVER {"kind":"POST_RAW_AFTER_ACTIVE_LOOP","call_id":24,"pair":0,"slot":6,"node":19,"activity":2,"lambda_raw":[0.0032739638988582222,1.6607865135761172e-08,-0.010913467017421736],"gap":-0.0021826894245885746}
MORTAR_OBSERVER {"kind":"POST_RAW_AFTER_ACTIVE_LOOP","call_id":24,"pair":0,"slot":7,"node":23,"activity":2,"lambda_raw":[0.0020215823458811714,7.5062753727508571e-09,-0.0067387743144980902],"gap":-0.00067387587059751855}
MORTAR_OBSERVER {"kind":"POST_RAW_AFTER_ACTIVE_LOOP","call_id":24,"pair":0,"slot":8,"node":24,"activity":0,"lambda_raw":[0,0,0],"gap":0.00028232872105316903}
MORTAR_OBSERVER {"kind":"CFS_INVENTORY","call_id":24,"all_node_count":35,"physical_count":13}
MORTAR_OBSERVER {"kind":"CFS_NODE","call_id":24,"node":1,"force":[-2.3702915013687433,-1.1156958918161321e-05,7.9011465240476655]}
MORTAR_OBSERVER {"kind":"CFS_NODE","call_id":24,"node":2,"force":[2.0191016702010351,1.5663354209772027e-05,-6.7304979380571508]}
MORTAR_OBSERVER {"kind":"CFS_NODE","call_id":24,"node":3,"force":[3.1588433943568397,-2.9369206470683037e-06,-10.529672823987742]}
MORTAR_OBSERVER {"kind":"CFS_NODE","call_id":24,"node":4,"force":[-0.67386061256034824,-2.5020911619228532e-06,2.2462575401519378]}
MORTAR_OBSERVER {"kind":"CFS_NODE","call_id":24,"node":13,"force":[-4.3284963501680895,-1.5321544975513662e-05,14.428657944838902]}
MORTAR_OBSERVER {"kind":"CFS_NODE","call_id":24,"node":14,"force":[-13.671056410317151,-5.6156273047275601e-05,45.571221658622306]}
MORTAR_OBSERVER {"kind":"CFS_NODE","call_id":24,"node":15,"force":[-13.477807124215548,-4.074092924780449e-05,44.927012521555369]}
MORTAR_OBSERVER {"kind":"CFS_NODE","call_id":24,"node":16,"force":[-4.521827300092979,-1.8931363971058671e-05,15.073107874983478]}
MORTAR_OBSERVER {"kind":"CFS_NODE","call_id":24,"node":17,"force":[6.2054003160555409,1.6731762099081158e-05,-20.685138076847121]}
MORTAR_OBSERVER {"kind":"CFS_NODE","call_id":24,"node":18,"force":[13.37747672141475,4.7480953558322424e-05,-44.592580340724545]}
MORTAR_OBSERVER {"kind":"CFS_NODE","call_id":24,"node":19,"force":[10.913214184099466,5.5359556478435275e-05,-36.378227351182602]}
MORTAR_OBSERVER {"kind":"CFS_NODE","call_id":24,"node":23,"force":[3.3693030125952159,1.2510455623193966e-05,-11.231287533400469]}
MORTAR_OBSERVER {"kind":"CFS_NODE","call_id":24,"node":24,"force":[7.5148233059602298e-16,8.9799993926456311e-21,-2.5050163535475648e-15]}
MORTAR_OBSERVER {"kind":"CFS_END","call_id":24,"scanned_nodes":35,"physical_count":13,"outside_nonzero_count":0}
MORTAR_OBSERVER {"kind":"SUMMARY_PRE_OVERRIDE","call_id":24,"ndiverg":14,"flag":0,"keepset":0,"max_n":1.3010428290272102e-09,"max_t":[1.301046381740889e-09,4.1919299723579793e-14],"lm_t_av":[35.999932887347562,0.00011197799747609703],"nstick":0,"nslip":7,"ninactive":2,"nnogap":0,"nolm":0}
MORTAR_OBSERVER {"kind":"SUMMARY_POST_OVERRIDE","call_id":24,"flag":0}
MORTAR_OBSERVER {"kind":"RETURN","call_id":24}
 Using up to 2 cpu(s) for the stress calculation.

 average force= 5.905373
 time avg. forc= 5.903151
 largest residual force= 0.000000 in node 20 and dof 1
 largest increment of disp= 2.496561e-01
 largest correction to disp= 3.487616e-09 in node 34 and dof 3

MORTAR_OBSERVER {"kind":"PRE_CHECK","call_id":24,"step":2,"inc":2,"cutback":0,"iteration":2,"time":0.5,"dtime":0.25,"ttime":1,"tper":1,"theta":0.25,"dtheta":0.25,"icntrl":0,"nmethod":1,"iexpl":0,"ithermal":0,"uncoupled":0,"mortar":2,"iflagdualquad":2}
 convergence

MORTAR_OBSERVER {"kind":"POST_CHECK","call_id":24,"step":2,"inc":2,"cutback":0,"iteration":2,"time":0.5,"dtime":0.25,"ttime":1,"tper":1,"theta":0.5,"dtheta":0.25,"icntrl":1,"nmethod":1,"iexpl":0,"ithermal":0,"uncoupled":0,"mortar":2,"iflagdualquad":2}
 Using up to 2 cpu(s) for the stress calculation.

 increment 3 attempt 1 
 increment size= 2.500000e-01
 sum of previous increments=5.000000e-01
 actual step time=7.500000e-01
 actual total time=1.750000e+00

 iteration 1

 Determining the structure of the matrix:

 Using up to 2 cpu(s) for setting up the structure of the matrix.
 number of equations
 75
 number of nonzero lower triangular matrix elements
 1143

 Using up to 2 cpu(s) for the stress calculation.

 Using up to 2 cpu(s) for the symmetric stiffness/mass contributions.

 Using up to 2 cpu(s) for the stress calculation.

 Using up to 2 cpu(s) for the symmetric stiffness/mass contributions.

 Factoring the system of equations using the unsymmetric spooles solver
 Using 1 cpu for spooles.

MORTAR_OBSERVER {"kind":"BEGIN","call_id":25,"step":2,"inc":3,"cutback":0,"iteration":1,"time":0.75,"dtime":0.25,"ttime":1,"tper":1,"theta":0.5,"dtheta":0.25,"icntrl":0,"nmethod":1,"iexpl":0,"ithermal":0,"uncoupled":0,"mortar":2,"iflagdualquad":2}
MORTAR_OBSERVER {"kind":"KIN_INVENTORY","call_id":25,"all_node_count":35,"physical_count":13,"dd_count":63,"bd_count":36,"slave_count":9}
MORTAR_OBSERVER {"kind":"KIN_NODE","call_id":25,"node":1,"dd_count":9,"bd_count":0,"b2":[5.1183934659470526e-06,-8.680764185876668e-07,-2.4694987579730628e-06],"vold":[0.74934758989229477,3.1978515278661188e-05,4.3977759697032959e-05],"vini":[0.49935371925540972,3.1219858557552933e-05,4.1987454287236047e-05]}
MORTAR_OBSERVER {"kind":"KIN_DD","call_id":25,"node":1,"entry":0,"row_node":1,"slave_slot":0,"value":1333.3330497764346}
MORTAR_OBSERVER {"kind":"KIN_DD","call_id":25,"node":1,"entry":1,"row_node":2,"slave_slot":1,"value":6.6317323254237852e-14}
MORTAR_OBSERVER {"kind":"KIN_DD","call_id":25,"node":1,"entry":2,"row_node":3,"slave_slot":2,"value":5.343873513185298e-14}
MORTAR_OBSERVER {"kind":"KIN_DD","call_id":25,"node":1,"entry":3,"row_node":4,"slave_slot":3,"value":-1.8518520183096509e-13}
MORTAR_OBSERVER {"kind":"KIN_DD","call_id":25,"node":1,"entry":4,"row_node":17,"slave_slot":4,"value":-333.33360534967761}
MORTAR_OBSERVER {"kind":"KIN_DD","call_id":25,"node":1,"entry":5,"row_node":18,"slave_slot":5,"value":-3.4398412013154463e-14}
MORTAR_OBSERVER {"kind":"KIN_DD","call_id":25,"node":1,"entry":6,"row_node":19,"slave_slot":6,"value":-666.66700606331472}
MORTAR_OBSERVER {"kind":"KIN_DD","call_id":25,"node":1,"entry":7,"row_node":23,"slave_slot":7,"value":-1.657377977205541e-13}
MORTAR_OBSERVER {"kind":"KIN_DD","call_id":25,"node":1,"entry":8,"row_node":24,"slave_slot":8,"value":-333.33325794543009}
MORTAR_OBSERVER {"kind":"KIN_NODE","call_id":25,"node":2,"dd_count":6,"bd_count":0,"b2":[5.2232680467906722e-06,-8.269516133482359e-07,2.5986175689013686e-06],"vold":[0.74933795050335161,-4.495557934705322e-05,-0.00027747497357626365],"vini":[0.49934415171563534,-4.5681313456323023e-05,-0.00027338860449548877]}
MORTAR_OBSERVER {"kind":"KIN_DD","call_id":25,"node":2,"entry":9,"row_node":1,"slave_slot":0,"value":5.6547362269839564e-14}
MORTAR_OBSERVER {"kind":"KIN_DD","call_id":25,"node":2,"entry":10,"row_node":2,"slave_slot":1,"value":666.66770427442168}
MORTAR_OBSERVER {"kind":"KIN_DD","call_id":25,"node":2,"entry":11,"row_node":3,"slave_slot":2,"value":4.7369532885933395e-15}
MORTAR_OBSERVER {"kind":"KIN_DD","call_id":25,"node":2,"entry":12,"row_node":17,"slave_slot":4,"value":-333.3336053496775}
MORTAR_OBSERVER {"kind":"KIN_DD","call_id":25,"node":2,"entry":13,"row_node":18,"slave_slot":5,"value":-333.33380998935445}
MORTAR_OBSERVER {"kind":"KIN_DD","call_id":25,"node":2,"entry":14,"row_node":19,"slave_slot":6,"value":-6.6918693010561935e-14}
MORTAR_OBSERVER {"kind":"KIN_NODE","call_id":25,"node":3,"dd_count":9,"bd_count":0,"b2":[5.2238486675835789e-06,-9.1087562695479124e-07,1.6769357883225739e-06],"vold":[0.74933157024045949,8.1025458152275711e-05,-0.00026984746645773505],"vini":[0.49933777255940642,8.021825766925385e-05,-0.00026655559466366377]}
MORTAR_OBSERVER {"kind":"KIN_DD","call_id":25,"node":3,"entry":15,"row_node":1,"slave_slot":0,"value":1.269123713553478e-13}
MORTAR_OBSERVER {"kind":"KIN_DD","call_id":25,"node":3,"entry":16,"row_node":2,"slave_slot":1,"value":7.6091910373781461e-14}
MORTAR_OBSERVER {"kind":"KIN_DD","call_id":25,"node":3,"entry":17,"row_node":3,"slave_slot":2,"value":1333.334946057149}
MORTAR_OBSERVER {"kind":"KIN_DD","call_id":25,"node":3,"entry":18,"row_node":4,"slave_slot":3,"value":6.8389740754335211e-14}
MORTAR_OBSERVER {"kind":"KIN_DD","call_id":25,"node":3,"entry":19,"row_node":17,"slave_slot":4,"value":2.0330033911419111e-13}
MORTAR_OBSERVER {"kind":"KIN_DD","call_id":25,"node":3,"entry":20,"row_node":18,"slave_slot":5,"value":-333.33380998935502}
MORTAR_OBSERVER {"kind":"KIN_DD","call_id":25,"node":3,"entry":21,"row_node":19,"slave_slot":6,"value":-666.66700606331528}
MORTAR_OBSERVER {"kind":"KIN_DD","call_id":25,"node":3,"entry":22,"row_node":23,"slave_slot":7,"value":-333.33345252275461}
MORTAR_OBSERVER {"kind":"KIN_DD","call_id":25,"node":3,"entry":23,"row_node":24,"slave_slot":8,"value":-1.892930065355715e-14}
MORTAR_OBSERVER {"kind":"KIN_NODE","call_id":25,"node":4,"dd_count":6,"bd_count":0,"b2":[5.1523475843158099e-06,-8.7752578024880554e-07,-3.4792121940263851e-06],"vold":[0.74933864065396316,5.2133976162908776e-06,8.4578304564151624e-05],"vini":[0.4993447887950288,4.4507807378938312e-06,8.1747102924829333e-05]}
MORTAR_OBSERVER {"kind":"KIN_DD","call_id":25,"node":4,"entry":24,"row_node":1,"slave_slot":0,"value":-4.4829883644003676e-14}
MORTAR_OBSERVER {"kind":"KIN_DD","call_id":25,"node":4,"entry":25,"row_node":3,"slave_slot":2,"value":1.7646070005262335e-13}
MORTAR_OBSERVER {"kind":"KIN_DD","call_id":25,"node":4,"entry":26,"row_node":4,"slave_slot":3,"value":666.66656363349159}
MORTAR_OBSERVER {"kind":"KIN_DD","call_id":25,"node":4,"entry":27,"row_node":19,"slave_slot":6,"value":-1.4514315875260107e-13}
MORTAR_OBSERVER {"kind":"KIN_DD","call_id":25,"node":4,"entry":28,"row_node":23,"slave_slot":7,"value":-333.33345252275473}
MORTAR_OBSERVER {"kind":"KIN_DD","call_id":25,"node":4,"entry":29,"row_node":24,"slave_slot":8,"value":-333.33325794543049}
MORTAR_OBSERVER {"kind":"KIN_NODE","call_id":25,"node":13,"dd_count":0,"bd_count":9,"b2":[-6.8318502983717707e-07,-3.0489356049192272e-07,-9.6672810522622194e-07],"vold":[0.00020273617134102651,2.9579588784160657e-05,7.6319450237008577e-05],"vini":[0.00020134551901159934,2.8954141245544141e-05,7.4384958993951007e-05]}
MORTAR_OBSERVER {"kind":"KIN_BD","call_id":25,"node":13,"entry":0,"row_node":1,"slave_slot":0,"value":-1112.7399050694894}
MORTAR_OBSERVER {"kind":"KIN_BD","call_id":25,"node":13,"entry":1,"row_node":2,"slave_slot":1,"value":-47.111424837883817}
MORTAR_OBSERVER {"kind":"KIN_BD","call_id":25,"node":13,"entry":2,"row_node":3,"slave_slot":2,"value":-8.5656233866371654}
MORTAR_OBSERVER {"kind":"KIN_BD","call_id":25,"node":13,"entry":3,"row_node":4,"slave_slot":3,"value":-50.579057133763833}
MORTAR_OBSERVER {"kind":"KIN_BD","call_id":25,"node":13,"entry":4,"row_node":17,"slave_slot":4,"value":-452.61163377364818}
MORTAR_OBSERVER {"kind":"KIN_BD","call_id":25,"node":13,"entry":5,"row_node":18,"slave_slot":5,"value":-38.54555852977979}
MORTAR_OBSERVER {"kind":"KIN_BD","call_id":25,"node":13,"entry":6,"row_node":19,"slave_slot":6,"value":-262.27636768172613}
MORTAR_OBSERVER {"kind":"KIN_BD","call_id":25,"node":13,"entry":7,"row_node":23,"slave_slot":7,"value":-41.146243623679972}
MORTAR_OBSERVER {"kind":"KIN_BD","call_id":25,"node":13,"entry":8,"row_node":24,"slave_slot":8,"value":-455.21165196419548}
MORTAR_OBSERVER {"kind":"KIN_NODE","call_id":25,"node":14,"dd_count":0,"bd_count":9,"b2":[-9.6507568805378298e-07,2.5239908069751634e-07,1.0557187450329765e-06],"vold":[0.00029225339168347132,-7.4120849176814778e-05,-0.00030086297453528563],"vini":[0.00029031038160632781,-7.3629414452588672e-05,-0.00029877082788202066]}
MORTAR_OBSERVER {"kind":"KIN_BD","call_id":25,"node":14,"entry":9,"row_node":1,"slave_slot":0,"value":-109.48198579255582}
MORTAR_OBSERVER {"kind":"KIN_BD","call_id":25,"node":14,"entry":10,"row_node":2,"slave_slot":1,"value":-564.00058068926887}
MORTAR_OBSERVER {"kind":"KIN_BD","call_id":25,"node":14,"entry":11,"row_node":3,"slave_slot":2,"value":-102.54521629618164}
MORTAR_OBSERVER {"kind":"KIN_BD","call_id":25,"node":14,"entry":12,"row_node":4,"slave_slot":3,"value":-4.9764614039627766}
MORTAR_OBSERVER {"kind":"KIN_BD","call_id":25,"node":14,"entry":13,"row_node":17,"slave_slot":4,"value":-464.05589513290431}
MORTAR_OBSERVER {"kind":"KIN_BD","call_id":25,"node":14,"entry":14,"row_node":18,"slave_slot":5,"value":-461.45491627603815}
MORTAR_OBSERVER {"kind":"KIN_BD","call_id":25,"node":14,"entry":15,"row_node":19,"slave_slot":6,"value":-737.72387967964607}
MORTAR_OBSERVER {"kind":"KIN_BD","call_id":25,"node":14,"entry":16,"row_node":23,"slave_slot":7,"value":-42.186637676418023}
MORTAR_OBSERVER {"kind":"KIN_BD","call_id":25,"node":14,"entry":17,"row_node":24,"slave_slot":8,"value":-44.788065361024472}
MORTAR_OBSERVER {"kind":"KIN_NODE","call_id":25,"node":15,"dd_count":0,"bd_count":9,"b2":[-9.435945068164931e-07,-2.1347347401167579e-07,9.8748035664113043e-07],"vold":[0.00028988523337172617,7.2821815423755021e-05,-0.00029327643599083786],"vini":[0.00028795832115984524,7.2368030247314563e-05,-0.00029123452426765216]}
MORTAR_OBSERVER {"kind":"KIN_BD","call_id":25,"node":15,"entry":18,"row_node":1,"slave_slot":0,"value":-9.9529418451805434}
MORTAR_OBSERVER {"kind":"KIN_BD","call_id":25,"node":15,"entry":19,"row_node":2,"slave_slot":1,"value":-51.272792677549752}
MORTAR_OBSERVER {"kind":"KIN_BD","call_id":25,"node":15,"entry":20,"row_node":3,"slave_slot":2,"value":-1128.001483743242}
MORTAR_OBSERVER {"kind":"KIN_BD","call_id":25,"node":15,"entry":21,"row_node":4,"slave_slot":3,"value":-54.740884838237406}
MORTAR_OBSERVER {"kind":"KIN_BD","call_id":25,"node":15,"entry":22,"row_node":17,"slave_slot":4,"value":-42.186809890250565}
MORTAR_OBSERVER {"kind":"KIN_BD","call_id":25,"node":15,"entry":23,"row_node":18,"slave_slot":5,"value":-461.45531409552137}
MORTAR_OBSERVER {"kind":"KIN_BD","call_id":25,"node":15,"entry":24,"row_node":19,"slave_slot":6,"value":-274.76117898727625}
MORTAR_OBSERVER {"kind":"KIN_BD","call_id":25,"node":15,"entry":25,"row_node":23,"slave_slot":7,"value":-464.0557405500341}
MORTAR_OBSERVER {"kind":"KIN_BD","call_id":25,"node":15,"entry":26,"row_node":24,"slave_slot":8,"value":-44.788168012652783}
MORTAR_OBSERVER {"kind":"KIN_NODE","call_id":25,"node":16,"dd_count":0,"bd_count":9,"b2":[-6.9061096811874945e-07,3.2482402856664299e-07,-9.4394236374702929e-07],"vold":[0.00020328848174679676,-2.9057654615758101e-05,6.9640204908640922e-05],"vini":[0.000201891670333755,-2.8409044812908774e-05,6.7709825241452388e-05]}
MORTAR_OBSERVER {"kind":"KIN_BD","call_id":25,"node":16,"entry":27,"row_node":1,"slave_slot":0,"value":-101.15821706920869}
MORTAR_OBSERVER {"kind":"KIN_BD","call_id":25,"node":16,"entry":28,"row_node":2,"slave_slot":1,"value":-4.2829060697191759}
MORTAR_OBSERVER {"kind":"KIN_BD","call_id":25,"node":16,"entry":29,"row_node":3,"slave_slot":2,"value":-94.222622631087091}
MORTAR_OBSERVER {"kind":"KIN_BD","call_id":25,"node":16,"entry":30,"row_node":4,"slave_slot":3,"value":-556.37016025752723}
MORTAR_OBSERVER {"kind":"KIN_BD","call_id":25,"node":16,"entry":31,"row_node":17,"slave_slot":4,"value":-41.146452416940974}
MORTAR_OBSERVER {"kind":"KIN_BD","call_id":25,"node":16,"entry":32,"row_node":18,"slave_slot":5,"value":-38.545616231421072}
MORTAR_OBSERVER {"kind":"KIN_BD","call_id":25,"node":16,"entry":33,"row_node":19,"slave_slot":6,"value":-725.23954217073356}
MORTAR_OBSERVER {"kind":"KIN_BD","call_id":25,"node":16,"entry":34,"row_node":23,"slave_slot":7,"value":-452.61171088285448}
MORTAR_OBSERVER {"kind":"KIN_BD","call_id":25,"node":16,"entry":35,"row_node":24,"slave_slot":8,"value":-455.21186366315641}
MORTAR_OBSERVER {"kind":"KIN_NODE","call_id":25,"node":17,"dd_count":6,"bd_count":0,"b2":[5.172015454123567e-06,-8.3103900085449465e-07,-1.9811666292669708e-07],"vold":[0.74931660115816534,-1.3202275505780553e-05,-0.00011609719881212063],"vini":[0.49932276619455185,-1.3933321689014197e-05,-0.00011522348581242411]}
MORTAR_OBSERVER {"kind":"KIN_DD","call_id":25,"node":17,"entry":30,"row_node":1,"slave_slot":0,"value":-4.0264088759726793e-13}
MORTAR_OBSERVER {"kind":"KIN_DD","call_id":25,"node":17,"entry":31,"row_node":2,"slave_slot":1,"value":-1.361873590402524e-13}
MORTAR_OBSERVER {"kind":"KIN_DD","call_id":25,"node":17,"entry":32,"row_node":3,"slave_slot":2,"value":1.9243865951340011e-14}
MORTAR_OBSERVER {"kind":"KIN_DD","call_id":25,"node":17,"entry":33,"row_node":17,"slave_slot":4,"value":1666.6680019130988}
MORTAR_OBSERVER {"kind":"KIN_DD","call_id":25,"node":17,"entry":34,"row_node":18,"slave_slot":5,"value":-5.1255296812703685e-14}
MORTAR_OBSERVER {"kind":"KIN_DD","call_id":25,"node":17,"entry":35,"row_node":19,"slave_slot":6,"value":-1.0491607686932488e-13}
MORTAR_OBSERVER {"kind":"KIN_NODE","call_id":25,"node":18,"dd_count":6,"bd_count":0,"b2":[5.2043784179423924e-06,-8.4323190813153739e-07,2.2284908984065501e-06],"vold":[0.74935244026201453,1.6487195487218925e-05,-0.00027386624443910871],"vini":[0.49935862096094391,1.5743951085148698e-05,-0.00027008331448459934]}
MORTAR_OBSERVER {"kind":"KIN_DD","call_id":25,"node":18,"entry":36,"row_node":1,"slave_slot":0,"value":-1.7763568570467705e-13}
MORTAR_OBSERVER {"kind":"KIN_DD","call_id":25,"node":18,"entry":37,"row_node":2,"slave_slot":1,"value":1.5099033284897548e-13}
MORTAR_OBSERVER {"kind":"KIN_DD","call_id":25,"node":18,"entry":38,"row_node":3,"slave_slot":2,"value":-3.6489330438502408e-13}
MORTAR_OBSERVER {"kind":"KIN_DD","call_id":25,"node":18,"entry":39,"row_node":17,"slave_slot":4,"value":-1.3026616951676318e-13}
MORTAR_OBSERVER {"kind":"KIN_DD","call_id":25,"node":18,"entry":40,"row_node":18,"slave_slot":5,"value":1666.6690251114694}
MORTAR_OBSERVER {"kind":"KIN_DD","call_id":25,"node":18,"entry":41,"row_node":19,"slave_slot":6,"value":1.4543921767070433e-13}
MORTAR_OBSERVER {"kind":"KIN_NODE","call_id":25,"node":19,"dd_count":9,"bd_count":0,"b2":[5.1368197293005218e-06,-8.6054004627889731e-07,-4.5842069652966138e-07],"vold":[0.74933915674505858,1.8868373831386741e-05,-0.00011520597057007477],"vini":[0.49934529187317939,1.8114771096702498e-05,-0.00011457638858893118]}
MORTAR_OBSERVER {"kind":"KIN_DD","call_id":25,"node":19,"entry":42,"row_node":1,"slave_slot":0,"value":-2.2796579665433552e-13}
MORTAR_OBSERVER {"kind":"KIN_DD","call_id":25,"node":19,"entry":43,"row_node":2,"slave_slot":1,"value":-1.1546319570804008e-13}
MORTAR_OBSERVER {"kind":"KIN_DD","call_id":25,"node":19,"entry":44,"row_node":3,"slave_slot":2,"value":2.0724163332212321e-14}
MORTAR_OBSERVER {"kind":"KIN_DD","call_id":25,"node":19,"entry":45,"row_node":4,"slave_slot":3,"value":-3.626728583137156e-13}
MORTAR_OBSERVER {"kind":"KIN_DD","call_id":25,"node":19,"entry":46,"row_node":17,"slave_slot":4,"value":2.1316282284561245e-13}
MORTAR_OBSERVER {"kind":"KIN_DD","call_id":25,"node":19,"entry":47,"row_node":18,"slave_slot":5,"value":4.4723484619604625e-13}
MORTAR_OBSERVER {"kind":"KIN_DD","call_id":25,"node":19,"entry":48,"row_node":19,"slave_slot":6,"value":3333.3349806460119}
MORTAR_OBSERVER {"kind":"KIN_DD","call_id":25,"node":19,"entry":49,"row_node":23,"slave_slot":7,"value":6.700196020173287e-13}
MORTAR_OBSERVER {"kind":"KIN_DD","call_id":25,"node":19,"entry":50,"row_node":24,"slave_slot":8,"value":2.7755575891355786e-14}
MORTAR_OBSERVER {"kind":"KIN_NODE","call_id":25,"node":23,"dd_count":6,"bd_count":0,"b2":[5.1703829350444575e-06,-8.9399037153902905e-07,-9.5237296641160217e-07],"vold":[0.74932315521421622,4.8557704973296939e-05,-0.00010525218536719844],"vini":[0.49932931827320881,4.7776084880174054e-05,-0.00010505034626572396]}
MORTAR_OBSERVER {"kind":"KIN_DD","call_id":25,"node":23,"entry":51,"row_node":1,"slave_slot":0,"value":3.2566542379190794e-14}
MORTAR_OBSERVER {"kind":"KIN_DD","call_id":25,"node":23,"entry":52,"row_node":3,"slave_slot":2,"value":-3.4935018188586483e-13}
MORTAR_OBSERVER {"kind":"KIN_DD","call_id":25,"node":23,"entry":53,"row_node":4,"slave_slot":3,"value":-1.280457234454547e-13}
MORTAR_OBSERVER {"kind":"KIN_DD","call_id":25,"node":23,"entry":54,"row_node":19,"slave_slot":6,"value":3.6711375045633256e-13}
MORTAR_OBSERVER {"kind":"KIN_DD","call_id":25,"node":23,"entry":55,"row_node":23,"slave_slot":7,"value":1666.6672377784953}
MORTAR_OBSERVER {"kind":"KIN_DD","call_id":25,"node":23,"entry":56,"row_node":24,"slave_slot":8,"value":-4.1355808078120125e-13}
MORTAR_OBSERVER {"kind":"KIN_NODE","call_id":25,"node":24,"dd_count":6,"bd_count":0,"b2":[5.1297664728749019e-06,-8.6851971418696322e-07,-2.9934811357565496e-06],"vold":[0.74935217258768971,1.0132145678934841e-05,7.110603724878154e-05],"vini":[0.49935830420448096,9.3755438523098774e-06,6.8685575500802528e-05]}
MORTAR_OBSERVER {"kind":"KIN_DD","call_id":25,"node":24,"entry":57,"row_node":1,"slave_slot":0,"value":5.9063865496805112e-13}
MORTAR_OBSERVER {"kind":"KIN_DD","call_id":25,"node":24,"entry":58,"row_node":3,"slave_slot":2,"value":-8.2896653328849286e-14}
MORTAR_OBSERVER {"kind":"KIN_DD","call_id":25,"node":24,"entry":59,"row_node":4,"slave_slot":3,"value":6.2912638687073124e-13}
MORTAR_OBSERVER {"kind":"KIN_DD","call_id":25,"node":24,"entry":60,"row_node":19,"slave_slot":6,"value":3.5527137140935408e-14}
MORTAR_OBSERVER {"kind":"KIN_DD","call_id":25,"node":24,"entry":61,"row_node":23,"slave_slot":7,"value":1.0732156011324238e-13}
MORTAR_OBSERVER {"kind":"KIN_DD","call_id":25,"node":24,"entry":62,"row_node":24,"slave_slot":8,"value":1666.6662648918896}
MORTAR_OBSERVER {"kind":"KIN_GAP","call_id":25,"pair":0,"slot":0,"node":1,"gap":0.0018949634491234469}
MORTAR_OBSERVER {"kind":"KIN_GAP","call_id":25,"pair":0,"slot":1,"node":2,"gap":-0.0031150138220524099}
MORTAR_OBSERVER {"kind":"KIN_GAP","call_id":25,"pair":0,"slot":2,"node":3,"gap":-0.0040081897681462182}
MORTAR_OBSERVER {"kind":"KIN_GAP","call_id":25,"pair":0,"slot":3,"node":4,"gap":0.023498310264766221}
MORTAR_OBSERVER {"kind":"KIN_GAP","call_id":25,"pair":0,"slot":4,"node":17,"gap":-0.00081148795675461678}
MORTAR_OBSERVER {"kind":"KIN_GAP","call_id":25,"pair":0,"slot":5,"node":18,"gap":-0.0040955389353419698}
MORTAR_OBSERVER {"kind":"KIN_GAP","call_id":25,"pair":0,"slot":6,"node":19,"gap":-0.0010709435953971795}
MORTAR_OBSERVER {"kind":"KIN_GAP","call_id":25,"pair":0,"slot":7,"node":23,"gap":0.0003486278196803033}
MORTAR_OBSERVER {"kind":"KIN_GAP","call_id":25,"pair":0,"slot":8,"node":24,"gap":0.026869385719016911}
MORTAR_OBSERVER {"kind":"INVENTORY","call_id":25,"pair_count":1,"slave_count":9}
MORTAR_OBSERVER {"kind":"PAIR","call_id":25,"pair":0,"start":0,"end":9}
MORTAR_OBSERVER {"kind":"PRE_RAW","call_id":25,"pair":0,"slot":0,"node":1,"activity":2,"lambda_raw":[0.00079171869963402352,-2.1261249745867441e-10,-0.0026390963554310436],"lambda_start":[0.00079007451907553276,2.4459816439396542e-09,-0.0026336481548461248],"ddtil_count":1}
MORTAR_OBSERVER {"kind":"DDTIL","call_id":25,"pair":0,"column_slot":0,"source_slot":0,"destination_slot":0,"entry":0,"value":1333.3330497764346}
MORTAR_OBSERVER {"kind":"PRE_RAW","call_id":25,"pair":0,"slot":1,"node":2,"activity":2,"lambda_raw":[0.0089056426378926034,4.2488205407149609e-09,-0.029685824975135739],"lambda_start":[0.0089034962004201634,4.2758752633212926e-08,-0.029678997710472405],"ddtil_count":1}
MORTAR_OBSERVER {"kind":"DDTIL","call_id":25,"pair":0,"column_slot":1,"source_slot":1,"destination_slot":1,"entry":1,"value":666.66770427442168}
MORTAR_OBSERVER {"kind":"PRE_RAW","call_id":25,"pair":0,"slot":2,"node":3,"activity":2,"lambda_raw":[0.0065185445171130393,-6.143577734842757e-09,-0.02172872532825364],"lambda_start":[0.0065181226512685472,1.5099933670026641e-08,-0.021727538960430295],"ddtil_count":1}
MORTAR_OBSERVER {"kind":"DDTIL","call_id":25,"pair":0,"column_slot":2,"source_slot":2,"destination_slot":2,"entry":2,"value":1333.3349460571487}
MORTAR_OBSERVER {"kind":"PRE_RAW","call_id":25,"pair":0,"slot":3,"node":4,"activity":0,"lambda_raw":[-5.7591473050462873e-20,-4.7844769299175292e-20,1.7133869808390221e-19],"lambda_start":[0,0,0],"ddtil_count":1}
MORTAR_OBSERVER {"kind":"DDTIL","call_id":25,"pair":0,"column_slot":3,"source_slot":3,"destination_slot":3,"entry":3,"value":666.66656363349171}
MORTAR_OBSERVER {"kind":"PRE_RAW","call_id":25,"pair":0,"slot":4,"node":17,"activity":2,"lambda_raw":[0.0037196028800780393,-1.7359648387741991e-09,-0.012398821074847572],"lambda_start":[0.0037232373247188116,1.0039049534714493e-08,-0.012411073296176075],"ddtil_count":1}
MORTAR_OBSERVER {"kind":"DDTIL","call_id":25,"pair":0,"column_slot":4,"source_slot":4,"destination_slot":4,"entry":4,"value":1000.0007912137438}
MORTAR_OBSERVER {"kind":"PRE_RAW","call_id":25,"pair":0,"slot":5,"node":18,"activity":2,"lambda_raw":[0.0080271409870482559,-1.121116543598627e-09,-0.026757446377384468],"lambda_start":[0.0080264709441119284,2.8488518580228835e-08,-0.026755497907526914],"ddtil_count":1}
MORTAR_OBSERVER {"kind":"DDTIL","call_id":25,"pair":0,"column_slot":5,"source_slot":5,"destination_slot":5,"entry":5,"value":1000.0014051327601}
MORTAR_OBSERVER {"kind":"PRE_RAW","call_id":25,"pair":0,"slot":6,"node":19,"activity":2,"lambda_raw":[0.0032738831168855512,2.2576922594057316e-09,-0.010913075242977162],"lambda_start":[0.0032739638988582222,1.6607865135761172e-08,-0.010913467017421736],"ddtil_count":1}
MORTAR_OBSERVER {"kind":"DDTIL","call_id":25,"pair":0,"column_slot":6,"source_slot":6,"destination_slot":6,"entry":6,"value":2000.0009685193825}
MORTAR_OBSERVER {"kind":"PRE_RAW","call_id":25,"pair":0,"slot":7,"node":23,"activity":2,"lambda_raw":[0.0020209173314588219,-2.479157386005381e-10,-0.0067364778516137988],"lambda_start":[0.0020215823458811714,7.5062753727508571e-09,-0.0067387743144980902],"ddtil_count":1}
MORTAR_OBSERVER {"kind":"DDTIL","call_id":25,"pair":0,"column_slot":7,"source_slot":7,"destination_slot":7,"entry":7,"value":1000.0003327329863}
MORTAR_OBSERVER {"kind":"PRE_RAW","call_id":25,"pair":0,"slot":8,"node":24,"activity":0,"lambda_raw":[-4.7671740921079196e-19,3.0888195095866737e-19,-1.6519433606777284e-19],"lambda_start":[0,0,0],"ddtil_count":1}
MORTAR_OBSERVER {"kind":"DDTIL","call_id":25,"pair":0,"column_slot":8,"source_slot":8,"destination_slot":8,"entry":8,"value":999.9997490010287}
MORTAR_OBSERVER {"kind":"LAW","call_id":25,"pair":0,"slot":0,"node":1,"activity":2,"ndof":3,"normal":[-3.5483493890463059e-06,3.1925213541431237e-07,-0.99999999999365363],"tangents":[0.99999999999370459,1.1328181196562355e-12,-3.5483493890461251e-06,-0,0.99999999999994904,3.1925213541632222e-07],"ln":3.5187906464930356,"lt":[1.0556371942533518,-1.4068658934709824e-06],"lt_start":[1.0534449281987766,2.1402446735985762e-06],"q":0.00035187906464930721,"ut":[333.33093897059069,-0.00044605476201678543],"gn":0.00035187906464930358,"gt":[2.1922660545752317e-05,-3.5471105670695588e-08],"b":1.0556372048441425,"constant_n":10000000000,"constant_t":100,"mu":0.29999999999999999,"normal_mode":1,"tangent_mode":1,"normal_inverse_stiffness":0.0001,"tangent_inverse_stiffness":0.01,"p0":0,"beta":0,"iwan":1,"rn":-1.0896231916746046e-08,"rt":[-1.0589845889086291e-08,5.6478394669889543e-09]}
MORTAR_OBSERVER {"kind":"LAW","call_id":25,"pair":0,"slot":1,"node":2,"activity":2,"ndof":3,"normal":[-3.2405805439807517e-06,6.8076097718913392e-08,-0.99999999999474698],"tangents":[0.99999999999474931,2.2060607777920149e-13,-3.2405805439807441e-06,2.5243548967072378e-29,0.99999999999999767,6.807609771927084e-08],"ln":19.790561545897479,"lt":[5.9371684654321406,1.4852859242663181e-06],"lt_start":[5.9357374901404718,2.7158923793642253e-05],"q":0.001979056154589748,"ut":[166.66563577780624,4.1301310555993841e-05],"gn":0.001979056154589748,"gt":[1.4309752916688012e-05,-2.5673637869375937e-07],"b":5.9371684637692432,"constant_n":10000000000,"constant_t":100,"mu":0.29999999999999999,"normal_mode":1,"tangent_mode":1,"normal_inverse_stiffness":0.0001,"tangent_inverse_stiffness":0.01,"p0":0,"beta":0,"iwan":1,"rn":0,"rt":[1.6630812282869556e-09,4.852157639137111e-09]}
MORTAR_OBSERVER {"kind":"LAW","call_id":25,"pair":0,"slot":2,"node":3,"activity":2,"ndof":3,"normal":[-3.0857170020410688e-06,3.8308909568263429e-08,-0.99999999999523848],"tangents":[0.99999999999523925,1.1821045358500703e-13,-3.0857170020410667e-06,-0,0.99999999999999933,3.8308909568445819e-08],"ln":28.971641994088777,"lt":[8.6914926004256934,-9.3013199283054084e-06],"lt_start":[8.6909301070716207,1.9023456802787376e-05],"q":0.0028971641994088772,"ut":[333.33114982076142,-0.00035703152413456003],"gn":0.0028971641994088777,"gt":[5.6249335407265733e-06,-2.8324776731092785e-07],"b":8.6914925969255901,"constant_n":10000000000,"constant_t":100,"mu":0.29999999999999999,"normal_mode":1,"tangent_mode":1,"normal_inverse_stiffness":0.0001,"tangent_inverse_stiffness":0.01,"p0":0,"beta":0,"iwan":1,"rn":1.3010428290272102e-09,"rt":[3.5050788937951438e-09,7.6597163628222542e-10]}
MORTAR_OBSERVER {"kind":"LAW","call_id":25,"pair":0,"slot":3,"node":4,"activity":0,"ndof":3,"normal":[-4.0489642383709858e-06,1.3288340525975652e-07,-0.99999999999179412],"tangents":[0.999999999991803,5.3804015577412344e-13,-4.0489642383709502e-06,-0,0.99999999999999123,1.3288340526084578e-07],"ln":-1.1422562984942485e-16,"lt":[-3.8394771928948025e-17,-3.1896492757807338e-17],"lt_start":[0,0],"q":-0.021693620025777332,"ut":[166.66548966248575,7.536005036542068e-05],"gn":-1.1422562984942485e-20,"gt":[-3.8394771928948027e-19,-3.1896492757807339e-19],"b":-65080860.07733199,"constant_n":10000000000,"constant_t":100,"mu":0.29999999999999999,"normal_mode":1,"tangent_mode":1,"normal_inverse_stiffness":0.0001,"tangent_inverse_stiffness":0.01,"p0":0,"beta":0,"iwan":1,"rn":-3.4267688954827454e-17,"rt":[-3.8394771928948025e-17,-3.1896492757807338e-17]}
MORTAR_OBSERVER {"kind":"LAW","call_id":25,"pair":0,"slot":4,"node":17,"activity":2,"ndof":3,"normal":[-3.2145276320167015e-06,1.3726654780163734e-08,-0.99999999999483336],"tangents":[0.99999999999483347,4.4124711086218442e-14,-3.2145276320167015e-06,-0,1,1.3726654780234655e-08],"ln":12.398818928125429,"lt":[3.7196456794442265,-1.906160683529867e-06],"lt_start":[3.7232801663457376,9.8686948243664958e-06],"q":0.001239881892812543,"ut":[249.998361176423,-0.00012741829498734148],"gn":0.001239881892812543,"gt":[-3.6344869015110248e-05,-1.1774855507896363e-07],"b":3.7196456784376286,"constant_n":10000000000,"constant_t":100,"mu":0.29999999999999999,"normal_mode":1,"tangent_mode":1,"normal_inverse_stiffness":0.0001,"tangent_inverse_stiffness":0.01,"p0":0,"beta":0,"iwan":1,"rn":0,"rt":[1.0070801970130105e-09,-1.2095033563057678e-08]}
MORTAR_OBSERVER {"kind":"LAW","call_id":25,"pair":0,"slot":5,"node":18,"activity":2,"ndof":3,"normal":[-3.186231132424416e-06,7.6274771803227874e-08,-0.99999999999492106],"tangents":[0.99999999999492395,2.430290525392463e-13,-3.1862311324244071e-06,-0,0.99999999999999711,7.6274771803615047e-08],"ln":26.757458398650506,"lt":[8.0272375217347474,-3.1620391031595789e-06],"lt_start":[8.0265674716486402,2.6447786245438706e-05],"q":0.0026757458398650501,"ut":[249.99841669953034,-9.8812832307515702e-05],"gn":0.0026757458398650505,"gt":[6.7005008610721004e-06,-2.9609825348598285e-07],"b":8.0272375182941094,"constant_n":10000000000,"constant_t":100,"mu":0.29999999999999999,"normal_mode":1,"tangent_mode":1,"normal_inverse_stiffness":0.0001,"tangent_inverse_stiffness":0.01,"p0":0,"beta":0,"iwan":1,"rn":1.3010428290272102e-09,"rt":[3.4412614979828504e-09,1.249509276525771e-09]}
MORTAR_OBSERVER {"kind":"LAW","call_id":25,"pair":0,"slot":6,"node":19,"activity":2,"ndof":3,"normal":[-3.3170331446800486e-06,1.787802640862681e-07,-0.99999999999448275],"tangents":[0.99999999999449862,5.9302006159206595e-13,-3.3170331446799956e-06,-1.0097419586828951e-28,0.99999999999998412,1.7878026408725164e-07],"ln":21.826139336191467,"lt":[6.5478418026539771,6.1329986792064282e-07],"lt_start":[6.548003369276616,2.9313519435906474e-05],"q":0.0021826139336191463,"ut":[499.99655139236495,4.6667524199592586e-05],"gn":0.0021826139336191468,"gt":[-1.6156662263888677e-06,-2.8700219567985827e-07],"b":6.5478417995563971,"constant_n":10000000000,"constant_t":100,"mu":0.29999999999999999,"normal_mode":1,"tangent_mode":1,"normal_inverse_stiffness":0.0001,"tangent_inverse_stiffness":0.01,"p0":0,"beta":0,"iwan":1,"rn":1.3010428290272102e-09,"rt":[3.0976083920108977e-09,-1.6057821595183513e-09]}
MORTAR_OBSERVER {"kind":"LAW","call_id":25,"pair":0,"slot":7,"node":23,"activity":2,"ndof":3,"normal":[-3.5442580081832778e-06,6.2513777691137842e-08,-0.99999999999371725],"tangents":[0.99999999999371914,2.2156495720499607e-13,-3.5442580081832711e-06,-2.5243548967072378e-29,0.99999999999999811,6.2513777691530481e-08],"ln":6.736472930365033,"lt":[2.0209418796955045,-6.6903864005139209e-07],"lt_start":[2.0216069024783816,7.0850114907571601e-06],"q":0.00067364729303650357,"ut":[249.99824049894497,-8.2496830837015239e-05],"gn":0.00067364729303650336,"gt":[-6.6502278287705611e-06,-7.7540501308085519e-08],"b":2.0209418797600311,"constant_n":10000000000,"constant_t":100,"mu":0.29999999999999999,"normal_mode":1,"tangent_mode":1,"normal_inverse_stiffness":0.0001,"tangent_inverse_stiffness":0.01,"p0":0,"beta":0,"iwan":1,"rn":-6.5052141451360512e-10,"rt":[-6.4416472156381133e-11,-2.7753620989281407e-09]}
MORTAR_OBSERVER {"kind":"LAW","call_id":25,"pair":0,"slot":8,"node":24,"activity":0,"ndof":3,"normal":[-3.9785943464496482e-06,4.0600520128181933e-07,-0.99999999999200295],"tangents":[0.99999999999208544,1.6153299984617827e-12,-3.9785943464493204e-06,-0,0.99999999999991762,4.0600520128503276e-07],"ln":1.6519631667520365e-16,"lt":[-4.7671663230985415e-16,3.0888180635984718e-16],"lt_start":[0,0],"q":-0.024641427100224572,"ut":[249.99820506554724,-0.00011034010018618577],"gn":1.6519631667520366e-20,"gt":[-4.7671663230985419e-18,3.0888180635984717e-18],"b":-73924281.300673708,"constant_n":10000000000,"constant_t":100,"mu":0.29999999999999999,"normal_mode":1,"tangent_mode":1,"normal_inverse_stiffness":0.0001,"tangent_inverse_stiffness":0.01,"p0":0,"beta":0,"iwan":1,"rn":4.9558895002561092e-17,"rt":[-4.7671663230985415e-16,3.0888180635984718e-16]}
MORTAR_OBSERVER {"kind":"POST_RAW_AFTER_ACTIVE_LOOP","call_id":25,"pair":0,"slot":0,"node":1,"activity":2,"lambda_raw":[0.00079171869963402352,-2.1261249745867441e-10,-0.0026390963554310436],"gap":-0.00035187906464930721}
MORTAR_OBSERVER {"kind":"POST_RAW_AFTER_ACTIVE_LOOP","call_id":25,"pair":0,"slot":1,"node":2,"activity":2,"lambda_raw":[0.0089056426378926034,4.2488205407149609e-09,-0.029685824975135739],"gap":-0.001979056154589748}
MORTAR_OBSERVER {"kind":"POST_RAW_AFTER_ACTIVE_LOOP","call_id":25,"pair":0,"slot":2,"node":3,"activity":2,"lambda_raw":[0.0065185445171130393,-6.143577734842757e-09,-0.02172872532825364],"gap":-0.0028971641994088772}
MORTAR_OBSERVER {"kind":"POST_RAW_AFTER_ACTIVE_LOOP","call_id":25,"pair":0,"slot":3,"node":4,"activity":0,"lambda_raw":[0,0,0],"gap":0.021693620025777332}
MORTAR_OBSERVER {"kind":"POST_RAW_AFTER_ACTIVE_LOOP","call_id":25,"pair":0,"slot":4,"node":17,"activity":2,"lambda_raw":[0.0037196028800780393,-1.7359648387741991e-09,-0.012398821074847572],"gap":-0.001239881892812543}
MORTAR_OBSERVER {"kind":"POST_RAW_AFTER_ACTIVE_LOOP","call_id":25,"pair":0,"slot":5,"node":18,"activity":2,"lambda_raw":[0.0080271409870482559,-1.121116543598627e-09,-0.026757446377384468],"gap":-0.0026757458398650501}
MORTAR_OBSERVER {"kind":"POST_RAW_AFTER_ACTIVE_LOOP","call_id":25,"pair":0,"slot":6,"node":19,"activity":2,"lambda_raw":[0.0032738831168855512,2.2576922594057316e-09,-0.010913075242977162],"gap":-0.0021826139336191463}
MORTAR_OBSERVER {"kind":"POST_RAW_AFTER_ACTIVE_LOOP","call_id":25,"pair":0,"slot":7,"node":23,"activity":2,"lambda_raw":[0.0020209173314588219,-2.479157386005381e-10,-0.0067364778516137988],"gap":-0.00067364729303650357}
MORTAR_OBSERVER {"kind":"POST_RAW_AFTER_ACTIVE_LOOP","call_id":25,"pair":0,"slot":8,"node":24,"activity":0,"lambda_raw":[0,0,0],"gap":0.024641427100224572}
MORTAR_OBSERVER {"kind":"CFS_INVENTORY","call_id":25,"all_node_count":35,"physical_count":13}
MORTAR_OBSERVER {"kind":"CFS_NODE","call_id":25,"node":1,"force":[-2.3668337858727151,-1.2099567903786227e-06,7.8895365379030231]}
MORTAR_OBSERVER {"kind":"CFS_NODE","call_id":25,"node":2,"force":[2.0215182054723071,3.7849129031411516e-06,-6.7384755081421117]}
MORTAR_OBSERVER {"kind":"CFS_NODE","call_id":25,"node":3,"force":[3.1594565064679645,-9.2402311688725367e-06,-10.531626647577484]}
MORTAR_OBSERVER {"kind":"CFS_NODE","call_id":25,"node":4,"force":[-0.67363935135824071,8.2638609082444735e-08,2.2454934201214947]}
MORTAR_OBSERVER {"kind":"CFS_NODE","call_id":25,"node":13,"force":[-4.2911314000623966,3.3603141524809613e-07,14.303943290726027]}
MORTAR_OBSERVER {"kind":"CFS_NODE","call_id":25,"node":14,"force":[-13.708656890061816,-2.0752308094840699e-06,45.696059620677026]}
MORTAR_OBSERVER {"kind":"CFS_NODE","call_id":25,"node":15,"force":[-13.5158643048971,6.7995325655881781e-06,45.053399500365721]}
MORTAR_OBSERVER {"kind":"CFS_NODE","call_id":25,"node":16,"force":[-4.4839251457160758,-8.2834100289327708e-07,14.946597588231239]}
MORTAR_OBSERVER {"kind":"CFS_NODE","call_id":25,"node":17,"force":[6.1993431000498713,-2.89327704923119e-06,-20.664718346894219]}
MORTAR_OBSERVER {"kind":"CFS_NODE","call_id":25,"node":18,"force":[13.378587243316034,-1.8685302167558601e-06,-44.595807068267781]}
MORTAR_OBSERVER {"kind":"CFS_NODE","call_id":25,"node":19,"force":[10.912949116061009,7.5256445838108537e-06,-36.376935453837774]}
MORTAR_OBSERVER {"kind":"CFS_NODE","call_id":25,"node":23,"force":[3.3681967066011618,-4.1319303925517134e-07,-11.227466933305179]}
MORTAR_OBSERVER {"kind":"CFS_NODE","call_id":25,"node":24,"force":[2.6045383817014061e-16,4.3730751283440676e-22,-8.6819334437894135e-16]}
MORTAR_OBSERVER {"kind":"CFS_END","call_id":25,"scanned_nodes":35,"physical_count":13,"outside_nonzero_count":0}
MORTAR_OBSERVER {"kind":"SUMMARY_PRE_OVERRIDE","call_id":25,"ndiverg":14,"flag":0,"keepset":0,"max_n":1.0896231916746046e-08,"max_t":[1.0589845889086291e-08,1.2095033563057678e-08],"lm_t_av":[35.999965143639642,1.854401004070419e-05],"nstick":0,"nslip":7,"ninactive":2,"nnogap":0,"nolm":0}
MORTAR_OBSERVER {"kind":"SUMMARY_POST_OVERRIDE","call_id":25,"flag":0}
MORTAR_OBSERVER {"kind":"RETURN","call_id":25}
 Using up to 2 cpu(s) for the stress calculation.

 average force= 5.907677
 time avg. forc= 5.904660
 largest residual force= 0.000000 in node 21 and dof 1
 largest increment of disp= 2.499969e-01
 largest correction to disp= 5.223849e-06 in node 3 and dof 1

MORTAR_OBSERVER {"kind":"PRE_CHECK","call_id":25,"step":2,"inc":3,"cutback":0,"iteration":1,"time":0.75,"dtime":0.25,"ttime":1,"tper":1,"theta":0.5,"dtheta":0.25,"icntrl":0,"nmethod":1,"iexpl":0,"ithermal":0,"uncoupled":0,"mortar":2,"iflagdualquad":2}
 no convergence

MORTAR_OBSERVER {"kind":"POST_CHECK","call_id":25,"step":2,"inc":3,"cutback":0,"iteration":2,"time":0.75,"dtime":0.25,"ttime":1,"tper":1,"theta":0.5,"dtheta":0.25,"icntrl":0,"nmethod":1,"iexpl":0,"ithermal":0,"uncoupled":0,"mortar":2,"iflagdualquad":2}
 iteration 2

 Determining the structure of the matrix:

 Using up to 2 cpu(s) for setting up the structure of the matrix.
 number of equations
 75
 number of nonzero lower triangular matrix elements
 1143

 Using up to 2 cpu(s) for the stress calculation.

 Using up to 2 cpu(s) for the symmetric stiffness/mass contributions.

 Using up to 2 cpu(s) for the stress calculation.

 Using up to 2 cpu(s) for the symmetric stiffness/mass contributions.

 Factoring the system of equations using the unsymmetric spooles solver
 Using 1 cpu for spooles.

MORTAR_OBSERVER {"kind":"BEGIN","call_id":26,"step":2,"inc":3,"cutback":0,"iteration":2,"time":0.75,"dtime":0.25,"ttime":1,"tper":1,"theta":0.5,"dtheta":0.25,"icntrl":0,"nmethod":1,"iexpl":0,"ithermal":0,"uncoupled":0,"mortar":2,"iflagdualquad":2}
MORTAR_OBSERVER {"kind":"KIN_INVENTORY","call_id":26,"all_node_count":35,"physical_count":13,"dd_count":63,"bd_count":36,"slave_count":9}
MORTAR_OBSERVER {"kind":"KIN_NODE","call_id":26,"node":1,"dd_count":9,"bd_count":0,"b2":[2.7753167039441056e-13,-1.0116970086726892e-13,-4.3838347539265006e-14],"vold":[0.74935270828576073,3.1110438860073524e-05,4.1508260939059893e-05],"vini":[0.49935371925540972,3.1219858557552933e-05,4.1987454287236047e-05]}
MORTAR_OBSERVER {"kind":"KIN_DD","call_id":26,"node":1,"entry":0,"row_node":1,"slave_slot":0,"value":1333.3330497764346}
MORTAR_OBSERVER {"kind":"KIN_DD","call_id":26,"node":1,"entry":1,"row_node":2,"slave_slot":1,"value":6.6317323254237852e-14}
MORTAR_OBSERVER {"kind":"KIN_DD","call_id":26,"node":1,"entry":2,"row_node":3,"slave_slot":2,"value":5.343873513185298e-14}
MORTAR_OBSERVER {"kind":"KIN_DD","call_id":26,"node":1,"entry":3,"row_node":4,"slave_slot":3,"value":-1.8518520183096509e-13}
MORTAR_OBSERVER {"kind":"KIN_DD","call_id":26,"node":1,"entry":4,"row_node":17,"slave_slot":4,"value":-333.33360534967761}
MORTAR_OBSERVER {"kind":"KIN_DD","call_id":26,"node":1,"entry":5,"row_node":18,"slave_slot":5,"value":-3.4398412013154463e-14}
MORTAR_OBSERVER {"kind":"KIN_DD","call_id":26,"node":1,"entry":6,"row_node":19,"slave_slot":6,"value":-666.66700606331472}
MORTAR_OBSERVER {"kind":"KIN_DD","call_id":26,"node":1,"entry":7,"row_node":23,"slave_slot":7,"value":-1.657377977205541e-13}
MORTAR_OBSERVER {"kind":"KIN_DD","call_id":26,"node":1,"entry":8,"row_node":24,"slave_slot":8,"value":-333.33325794543009}
MORTAR_OBSERVER {"kind":"KIN_NODE","call_id":26,"node":2,"dd_count":6,"bd_count":0,"b2":[1.9024128392817708e-13,2.4406317004061207e-15,6.4832363654564553e-14],"vold":[0.74934317377139836,-4.5782530960401456e-05,-0.00027487635600736228],"vini":[0.49934415171563534,-4.5681313456323023e-05,-0.00027338860449548877]}
MORTAR_OBSERVER {"kind":"KIN_DD","call_id":26,"node":2,"entry":9,"row_node":1,"slave_slot":0,"value":5.6547362269839564e-14}
MORTAR_OBSERVER {"kind":"KIN_DD","call_id":26,"node":2,"entry":10,"row_node":2,"slave_slot":1,"value":666.66770427442168}
MORTAR_OBSERVER {"kind":"KIN_DD","call_id":26,"node":2,"entry":11,"row_node":3,"slave_slot":2,"value":4.7369532885933395e-15}
MORTAR_OBSERVER {"kind":"KIN_DD","call_id":26,"node":2,"entry":12,"row_node":17,"slave_slot":4,"value":-333.3336053496775}
MORTAR_OBSERVER {"kind":"KIN_DD","call_id":26,"node":2,"entry":13,"row_node":18,"slave_slot":5,"value":-333.33380998935445}
MORTAR_OBSERVER {"kind":"KIN_DD","call_id":26,"node":2,"entry":14,"row_node":19,"slave_slot":6,"value":-6.6918693010561935e-14}
MORTAR_OBSERVER {"kind":"KIN_NODE","call_id":26,"node":3,"dd_count":9,"bd_count":0,"b2":[1.2417817465904353e-13,-5.7161358979815884e-14,4.3078087838219233e-15],"vold":[0.74933679408912712,8.0114582525320921e-05,-0.00026817053066941247],"vini":[0.49933777255940642,8.021825766925385e-05,-0.00026655559466366377]}
MORTAR_OBSERVER {"kind":"KIN_DD","call_id":26,"node":3,"entry":15,"row_node":1,"slave_slot":0,"value":1.269123713553478e-13}
MORTAR_OBSERVER {"kind":"KIN_DD","call_id":26,"node":3,"entry":16,"row_node":2,"slave_slot":1,"value":7.6091910373781461e-14}
MORTAR_OBSERVER {"kind":"KIN_DD","call_id":26,"node":3,"entry":17,"row_node":3,"slave_slot":2,"value":1333.334946057149}
MORTAR_OBSERVER {"kind":"KIN_DD","call_id":26,"node":3,"entry":18,"row_node":4,"slave_slot":3,"value":6.8389740754335211e-14}
MORTAR_OBSERVER {"kind":"KIN_DD","call_id":26,"node":3,"entry":19,"row_node":17,"slave_slot":4,"value":2.0330033911419111e-13}
MORTAR_OBSERVER {"kind":"KIN_DD","call_id":26,"node":3,"entry":20,"row_node":18,"slave_slot":5,"value":-333.33380998935502}
MORTAR_OBSERVER {"kind":"KIN_DD","call_id":26,"node":3,"entry":21,"row_node":19,"slave_slot":6,"value":-666.66700606331528}
MORTAR_OBSERVER {"kind":"KIN_DD","call_id":26,"node":3,"entry":22,"row_node":23,"slave_slot":7,"value":-333.33345252275461}
MORTAR_OBSERVER {"kind":"KIN_DD","call_id":26,"node":3,"entry":23,"row_node":24,"slave_slot":8,"value":-1.892930065355715e-14}
MORTAR_OBSERVER {"kind":"KIN_NODE","call_id":26,"node":4,"dd_count":6,"bd_count":0,"b2":[3.0365322302462168e-13,-1.1578052042080844e-13,-1.9921029480523034e-13],"vold":[0.74934379300154752,4.3358718360420723e-06,8.1099092370125238e-05],"vini":[0.4993447887950288,4.4507807378938312e-06,8.1747102924829333e-05]}
MORTAR_OBSERVER {"kind":"KIN_DD","call_id":26,"node":4,"entry":24,"row_node":1,"slave_slot":0,"value":-4.4829883644003676e-14}
MORTAR_OBSERVER {"kind":"KIN_DD","call_id":26,"node":4,"entry":25,"row_node":3,"slave_slot":2,"value":1.7646070005262335e-13}
MORTAR_OBSERVER {"kind":"KIN_DD","call_id":26,"node":4,"entry":26,"row_node":4,"slave_slot":3,"value":666.66656363349159}
MORTAR_OBSERVER {"kind":"KIN_DD","call_id":26,"node":4,"entry":27,"row_node":19,"slave_slot":6,"value":-1.4514315875260107e-13}
MORTAR_OBSERVER {"kind":"KIN_DD","call_id":26,"node":4,"entry":28,"row_node":23,"slave_slot":7,"value":-333.33345252275473}
MORTAR_OBSERVER {"kind":"KIN_DD","call_id":26,"node":4,"entry":29,"row_node":24,"slave_slot":8,"value":-333.33325794543049}
MORTAR_OBSERVER {"kind":"KIN_NODE","call_id":26,"node":13,"dd_count":0,"bd_count":9,"b2":[-6.0281500210266385e-14,1.6012506626633897e-14,-5.4335235566345255e-14],"vold":[0.00020205298631118933,2.9274695223668735e-05,7.5352722131782356e-05],"vini":[0.00020134551901159934,2.8954141245544141e-05,7.4384958993951007e-05]}
MORTAR_OBSERVER {"kind":"KIN_BD","call_id":26,"node":13,"entry":0,"row_node":1,"slave_slot":0,"value":-1112.7399050694894}
MORTAR_OBSERVER {"kind":"KIN_BD","call_id":26,"node":13,"entry":1,"row_node":2,"slave_slot":1,"value":-47.111424837883817}
MORTAR_OBSERVER {"kind":"KIN_BD","call_id":26,"node":13,"entry":2,"row_node":3,"slave_slot":2,"value":-8.5656233866371654}
MORTAR_OBSERVER {"kind":"KIN_BD","call_id":26,"node":13,"entry":3,"row_node":4,"slave_slot":3,"value":-50.579057133763833}
MORTAR_OBSERVER {"kind":"KIN_BD","call_id":26,"node":13,"entry":4,"row_node":17,"slave_slot":4,"value":-452.61163377364818}
MORTAR_OBSERVER {"kind":"KIN_BD","call_id":26,"node":13,"entry":5,"row_node":18,"slave_slot":5,"value":-38.54555852977979}
MORTAR_OBSERVER {"kind":"KIN_BD","call_id":26,"node":13,"entry":6,"row_node":19,"slave_slot":6,"value":-262.27636768172613}
MORTAR_OBSERVER {"kind":"KIN_BD","call_id":26,"node":13,"entry":7,"row_node":23,"slave_slot":7,"value":-41.146243623679972}
MORTAR_OBSERVER {"kind":"KIN_BD","call_id":26,"node":13,"entry":8,"row_node":24,"slave_slot":8,"value":-455.21165196419548}
MORTAR_OBSERVER {"kind":"KIN_NODE","call_id":26,"node":14,"dd_count":0,"bd_count":9,"b2":[-1.0172246809564101e-13,3.279047773674252e-14,8.0216222185047277e-14],"vold":[0.00029128831599541756,-7.3868450096117256e-05,-0.00029980725579025266],"vini":[0.00029031038160632781,-7.3629414452588672e-05,-0.00029877082788202066]}
MORTAR_OBSERVER {"kind":"KIN_BD","call_id":26,"node":14,"entry":9,"row_node":1,"slave_slot":0,"value":-109.48198579255582}
MORTAR_OBSERVER {"kind":"KIN_BD","call_id":26,"node":14,"entry":10,"row_node":2,"slave_slot":1,"value":-564.00058068926887}
MORTAR_OBSERVER {"kind":"KIN_BD","call_id":26,"node":14,"entry":11,"row_node":3,"slave_slot":2,"value":-102.54521629618164}
MORTAR_OBSERVER {"kind":"KIN_BD","call_id":26,"node":14,"entry":12,"row_node":4,"slave_slot":3,"value":-4.9764614039627766}
MORTAR_OBSERVER {"kind":"KIN_BD","call_id":26,"node":14,"entry":13,"row_node":17,"slave_slot":4,"value":-464.05589513290431}
MORTAR_OBSERVER {"kind":"KIN_BD","call_id":26,"node":14,"entry":14,"row_node":18,"slave_slot":5,"value":-461.45491627603815}
MORTAR_OBSERVER {"kind":"KIN_BD","call_id":26,"node":14,"entry":15,"row_node":19,"slave_slot":6,"value":-737.72387967964607}
MORTAR_OBSERVER {"kind":"KIN_BD","call_id":26,"node":14,"entry":16,"row_node":23,"slave_slot":7,"value":-42.186637676418023}
MORTAR_OBSERVER {"kind":"KIN_BD","call_id":26,"node":14,"entry":17,"row_node":24,"slave_slot":8,"value":-44.788065361024472}
MORTAR_OBSERVER {"kind":"KIN_NODE","call_id":26,"node":15,"dd_count":0,"bd_count":9,"b2":[-5.2056044933924468e-14,3.9401345437139488e-15,3.251184623755415e-15],"vold":[0.00028894163886490967,7.2608341949743349e-05,-0.00029228895563419675],"vini":[0.00028795832115984524,7.2368030247314563e-05,-0.00029123452426765216]}
MORTAR_OBSERVER {"kind":"KIN_BD","call_id":26,"node":15,"entry":18,"row_node":1,"slave_slot":0,"value":-9.9529418451805434}
MORTAR_OBSERVER {"kind":"KIN_BD","call_id":26,"node":15,"entry":19,"row_node":2,"slave_slot":1,"value":-51.272792677549752}
MORTAR_OBSERVER {"kind":"KIN_BD","call_id":26,"node":15,"entry":20,"row_node":3,"slave_slot":2,"value":-1128.001483743242}
MORTAR_OBSERVER {"kind":"KIN_BD","call_id":26,"node":15,"entry":21,"row_node":4,"slave_slot":3,"value":-54.740884838237406}
MORTAR_OBSERVER {"kind":"KIN_BD","call_id":26,"node":15,"entry":22,"row_node":17,"slave_slot":4,"value":-42.186809890250565}
MORTAR_OBSERVER {"kind":"KIN_BD","call_id":26,"node":15,"entry":23,"row_node":18,"slave_slot":5,"value":-461.45531409552137}
MORTAR_OBSERVER {"kind":"KIN_BD","call_id":26,"node":15,"entry":24,"row_node":19,"slave_slot":6,"value":-274.76117898727625}
MORTAR_OBSERVER {"kind":"KIN_BD","call_id":26,"node":15,"entry":25,"row_node":23,"slave_slot":7,"value":-464.0557405500341}
MORTAR_OBSERVER {"kind":"KIN_BD","call_id":26,"node":15,"entry":26,"row_node":24,"slave_slot":8,"value":-44.788168012652783}
MORTAR_OBSERVER {"kind":"KIN_NODE","call_id":26,"node":16,"dd_count":0,"bd_count":9,"b2":[-4.9448623345421707e-14,5.7460081987535657e-14,-6.0875754895376044e-14],"vold":[0.000202597870778678,-2.8732830587191458e-05,6.8696262544893887e-05],"vini":[0.000201891670333755,-2.8409044812908774e-05,6.7709825241452388e-05]}
MORTAR_OBSERVER {"kind":"KIN_BD","call_id":26,"node":16,"entry":27,"row_node":1,"slave_slot":0,"value":-101.15821706920869}
MORTAR_OBSERVER {"kind":"KIN_BD","call_id":26,"node":16,"entry":28,"row_node":2,"slave_slot":1,"value":-4.2829060697191759}
MORTAR_OBSERVER {"kind":"KIN_BD","call_id":26,"node":16,"entry":29,"row_node":3,"slave_slot":2,"value":-94.222622631087091}
MORTAR_OBSERVER {"kind":"KIN_BD","call_id":26,"node":16,"entry":30,"row_node":4,"slave_slot":3,"value":-556.37016025752723}
MORTAR_OBSERVER {"kind":"KIN_BD","call_id":26,"node":16,"entry":31,"row_node":17,"slave_slot":4,"value":-41.146452416940974}
MORTAR_OBSERVER {"kind":"KIN_BD","call_id":26,"node":16,"entry":32,"row_node":18,"slave_slot":5,"value":-38.545616231421072}
MORTAR_OBSERVER {"kind":"KIN_BD","call_id":26,"node":16,"entry":33,"row_node":19,"slave_slot":6,"value":-725.23954217073356}
MORTAR_OBSERVER {"kind":"KIN_BD","call_id":26,"node":16,"entry":34,"row_node":23,"slave_slot":7,"value":-452.61171088285448}
MORTAR_OBSERVER {"kind":"KIN_BD","call_id":26,"node":16,"entry":35,"row_node":24,"slave_slot":8,"value":-455.21186366315641}
MORTAR_OBSERVER {"kind":"KIN_NODE","call_id":26,"node":17,"dd_count":6,"bd_count":0,"b2":[2.3641423054705185e-13,-1.4138586080645364e-13,1.0593290822871209e-14],"vold":[0.74932177317361948,-1.4033314506635048e-05,-0.00011629531547504733],"vini":[0.49932276619455185,-1.3933321689014197e-05,-0.00011522348581242411]}
MORTAR_OBSERVER {"kind":"KIN_DD","call_id":26,"node":17,"entry":30,"row_node":1,"slave_slot":0,"value":-4.0264088759726793e-13}
MORTAR_OBSERVER {"kind":"KIN_DD","call_id":26,"node":17,"entry":31,"row_node":2,"slave_slot":1,"value":-1.361873590402524e-13}
MORTAR_OBSERVER {"kind":"KIN_DD","call_id":26,"node":17,"entry":32,"row_node":3,"slave_slot":2,"value":1.9243865951340011e-14}
MORTAR_OBSERVER {"kind":"KIN_DD","call_id":26,"node":17,"entry":33,"row_node":17,"slave_slot":4,"value":1666.6680019130988}
MORTAR_OBSERVER {"kind":"KIN_DD","call_id":26,"node":17,"entry":34,"row_node":18,"slave_slot":5,"value":-5.1255296812703685e-14}
MORTAR_OBSERVER {"kind":"KIN_DD","call_id":26,"node":17,"entry":35,"row_node":19,"slave_slot":6,"value":-1.0491607686932488e-13}
MORTAR_OBSERVER {"kind":"KIN_NODE","call_id":26,"node":18,"dd_count":6,"bd_count":0,"b2":[1.4756005451874164e-13,-4.1253182250167157e-14,3.4592217124296445e-14],"vold":[0.74935764464043242,1.5643963579087386e-05,-0.00027163775354070214],"vini":[0.49935862096094391,1.5743951085148698e-05,-0.00027008331448459934]}
MORTAR_OBSERVER {"kind":"KIN_DD","call_id":26,"node":18,"entry":36,"row_node":1,"slave_slot":0,"value":-1.7763568570467705e-13}
MORTAR_OBSERVER {"kind":"KIN_DD","call_id":26,"node":18,"entry":37,"row_node":2,"slave_slot":1,"value":1.5099033284897548e-13}
MORTAR_OBSERVER {"kind":"KIN_DD","call_id":26,"node":18,"entry":38,"row_node":3,"slave_slot":2,"value":-3.6489330438502408e-13}
MORTAR_OBSERVER {"kind":"KIN_DD","call_id":26,"node":18,"entry":39,"row_node":17,"slave_slot":4,"value":-1.3026616951676318e-13}
MORTAR_OBSERVER {"kind":"KIN_DD","call_id":26,"node":18,"entry":40,"row_node":18,"slave_slot":5,"value":1666.6690251114694}
MORTAR_OBSERVER {"kind":"KIN_DD","call_id":26,"node":18,"entry":41,"row_node":19,"slave_slot":6,"value":1.4543921767070433e-13}
MORTAR_OBSERVER {"kind":"KIN_NODE","call_id":26,"node":19,"dd_count":9,"bd_count":0,"b2":[2.1721348432687689e-13,-1.2381406865259977e-13,-7.5548972432722537e-15],"vold":[0.74934429356478782,1.8007833785107843e-05,-0.00011566439126660443],"vini":[0.49934529187317939,1.8114771096702498e-05,-0.00011457638858893118]}
MORTAR_OBSERVER {"kind":"KIN_DD","call_id":26,"node":19,"entry":42,"row_node":1,"slave_slot":0,"value":-2.2796579665433552e-13}
MORTAR_OBSERVER {"kind":"KIN_DD","call_id":26,"node":19,"entry":43,"row_node":2,"slave_slot":1,"value":-1.1546319570804008e-13}
MORTAR_OBSERVER {"kind":"KIN_DD","call_id":26,"node":19,"entry":44,"row_node":3,"slave_slot":2,"value":2.0724163332212321e-14}
MORTAR_OBSERVER {"kind":"KIN_DD","call_id":26,"node":19,"entry":45,"row_node":4,"slave_slot":3,"value":-3.626728583137156e-13}
MORTAR_OBSERVER {"kind":"KIN_DD","call_id":26,"node":19,"entry":46,"row_node":17,"slave_slot":4,"value":2.1316282284561245e-13}
MORTAR_OBSERVER {"kind":"KIN_DD","call_id":26,"node":19,"entry":47,"row_node":18,"slave_slot":5,"value":4.4723484619604625e-13}
MORTAR_OBSERVER {"kind":"KIN_DD","call_id":26,"node":19,"entry":48,"row_node":19,"slave_slot":6,"value":3333.3349806460119}
MORTAR_OBSERVER {"kind":"KIN_DD","call_id":26,"node":19,"entry":49,"row_node":23,"slave_slot":7,"value":6.700196020173287e-13}
MORTAR_OBSERVER {"kind":"KIN_DD","call_id":26,"node":19,"entry":50,"row_node":24,"slave_slot":8,"value":2.7755575891355786e-14}
MORTAR_OBSERVER {"kind":"KIN_NODE","call_id":26,"node":23,"dd_count":6,"bd_count":0,"b2":[2.173862282185809e-13,-1.2171613268397787e-13,-5.4200919645207476e-14],"vold":[0.74932832559715123,4.7663714601757909e-05,-0.00010620455833361005],"vini":[0.49932931827320881,4.7776084880174054e-05,-0.00010505034626572396]}
MORTAR_OBSERVER {"kind":"KIN_DD","call_id":26,"node":23,"entry":51,"row_node":1,"slave_slot":0,"value":3.2566542379190794e-14}
MORTAR_OBSERVER {"kind":"KIN_DD","call_id":26,"node":23,"entry":52,"row_node":3,"slave_slot":2,"value":-3.4935018188586483e-13}
MORTAR_OBSERVER {"kind":"KIN_DD","call_id":26,"node":23,"entry":53,"row_node":4,"slave_slot":3,"value":-1.280457234454547e-13}
MORTAR_OBSERVER {"kind":"KIN_DD","call_id":26,"node":23,"entry":54,"row_node":19,"slave_slot":6,"value":3.6711375045633256e-13}
MORTAR_OBSERVER {"kind":"KIN_DD","call_id":26,"node":23,"entry":55,"row_node":23,"slave_slot":7,"value":1666.6672377784953}
MORTAR_OBSERVER {"kind":"KIN_DD","call_id":26,"node":23,"entry":56,"row_node":24,"slave_slot":8,"value":-4.1355808078120125e-13}
MORTAR_OBSERVER {"kind":"KIN_NODE","call_id":26,"node":24,"dd_count":6,"bd_count":0,"b2":[2.8477014589328796e-13,-1.1713699570122801e-13,-1.3366326001550378e-13],"vold":[0.74935730235416254,9.2636259647478779e-06,6.8112556113024989e-05],"vini":[0.49935830420448096,9.3755438523098774e-06,6.8685575500802528e-05]}
MORTAR_OBSERVER {"kind":"KIN_DD","call_id":26,"node":24,"entry":57,"row_node":1,"slave_slot":0,"value":5.9063865496805112e-13}
MORTAR_OBSERVER {"kind":"KIN_DD","call_id":26,"node":24,"entry":58,"row_node":3,"slave_slot":2,"value":-8.2896653328849286e-14}
MORTAR_OBSERVER {"kind":"KIN_DD","call_id":26,"node":24,"entry":59,"row_node":4,"slave_slot":3,"value":6.2912638687073124e-13}
MORTAR_OBSERVER {"kind":"KIN_DD","call_id":26,"node":24,"entry":60,"row_node":19,"slave_slot":6,"value":3.5527137140935408e-14}
MORTAR_OBSERVER {"kind":"KIN_DD","call_id":26,"node":24,"entry":61,"row_node":23,"slave_slot":7,"value":1.0732156011324238e-13}
MORTAR_OBSERVER {"kind":"KIN_DD","call_id":26,"node":24,"entry":62,"row_node":24,"slave_slot":8,"value":1666.6662648918896}
MORTAR_OBSERVER {"kind":"KIN_GAP","call_id":26,"pair":0,"slot":0,"node":1,"gap":-0.00035187906464930721}
MORTAR_OBSERVER {"kind":"KIN_GAP","call_id":26,"pair":0,"slot":1,"node":2,"gap":-0.001979056154589748}
MORTAR_OBSERVER {"kind":"KIN_GAP","call_id":26,"pair":0,"slot":2,"node":3,"gap":-0.0028971641994088772}
MORTAR_OBSERVER {"kind":"KIN_GAP","call_id":26,"pair":0,"slot":3,"node":4,"gap":0.021693620025777332}
MORTAR_OBSERVER {"kind":"KIN_GAP","call_id":26,"pair":0,"slot":4,"node":17,"gap":-0.001239881892812543}
MORTAR_OBSERVER {"kind":"KIN_GAP","call_id":26,"pair":0,"slot":5,"node":18,"gap":-0.0026757458398650501}
MORTAR_OBSERVER {"kind":"KIN_GAP","call_id":26,"pair":0,"slot":6,"node":19,"gap":-0.0021826139336191463}
MORTAR_OBSERVER {"kind":"KIN_GAP","call_id":26,"pair":0,"slot":7,"node":23,"gap":-0.00067364729303650357}
MORTAR_OBSERVER {"kind":"KIN_GAP","call_id":26,"pair":0,"slot":8,"node":24,"gap":0.024641427100224572}
MORTAR_OBSERVER {"kind":"INVENTORY","call_id":26,"pair_count":1,"slave_count":9}
MORTAR_OBSERVER {"kind":"PAIR","call_id":26,"pair":0,"start":0,"end":9}
MORTAR_OBSERVER {"kind":"PRE_RAW","call_id":26,"pair":0,"slot":0,"node":1,"activity":2,"lambda_raw":[0.00079171870085542628,-2.1684875255328561e-10,-0.0026390963602684141],"lambda_start":[0.00079007451907553276,2.4459816439396542e-09,-0.0026336481548461248],"ddtil_count":1}
MORTAR_OBSERVER {"kind":"DDTIL","call_id":26,"pair":0,"column_slot":0,"source_slot":0,"destination_slot":0,"entry":0,"value":1333.3330497764346}
MORTAR_OBSERVER {"kind":"PRE_RAW","call_id":26,"pair":0,"slot":1,"node":2,"activity":2,"lambda_raw":[0.0089056426325445619,4.2415413490401887e-09,-0.029685824965624198],"lambda_start":[0.0089034962004201634,4.2758752633212926e-08,-0.029678997710472405],"ddtil_count":1}
MORTAR_OBSERVER {"kind":"DDTIL","call_id":26,"pair":0,"column_slot":1,"source_slot":1,"destination_slot":1,"entry":1,"value":666.66770427442168}
MORTAR_OBSERVER {"kind":"PRE_RAW","call_id":26,"pair":0,"slot":2,"node":3,"activity":2,"lambda_raw":[0.0065185445153415414,-6.1441539650406678e-09,-0.021728725327858734],"lambda_start":[0.0065181226512685472,1.5099933670026641e-08,-0.021727538960430295],"ddtil_count":1}
MORTAR_OBSERVER {"kind":"DDTIL","call_id":26,"pair":0,"column_slot":2,"source_slot":2,"destination_slot":2,"entry":2,"value":1333.3349460571487}
MORTAR_OBSERVER {"kind":"PRE_RAW","call_id":26,"pair":0,"slot":3,"node":4,"activity":0,"lambda_raw":[-2.7296964432989281e-26,0,1.2407711105904219e-26],"lambda_start":[0,0,0],"ddtil_count":1}
MORTAR_OBSERVER {"kind":"DDTIL","call_id":26,"pair":0,"column_slot":3,"source_slot":3,"destination_slot":3,"entry":3,"value":666.66656363349171}
MORTAR_OBSERVER {"kind":"PRE_RAW","call_id":26,"pair":0,"slot":4,"node":17,"activity":2,"lambda_raw":[0.0037196028778886067,-1.723873202017443e-09,-0.012398821070906342],"lambda_start":[0.0037232373247188116,1.0039049534714493e-08,-0.012411073296176075],"ddtil_count":1}
MORTAR_OBSERVER {"kind":"DDTIL","call_id":26,"pair":0,"column_slot":4,"source_slot":4,"destination_slot":4,"entry":4,"value":1000.0007912137438}
MORTAR_OBSERVER {"kind":"PRE_RAW","call_id":26,"pair":0,"slot":5,"node":18,"activity":2,"lambda_raw":[0.0080271409833116286,-1.122368307846293e-09,-0.026757446372063023],"lambda_start":[0.0080264709441119284,2.8488518580228835e-08,-0.026755497907526914],"ddtil_count":1}
MORTAR_OBSERVER {"kind":"DDTIL","call_id":26,"pair":0,"column_slot":5,"source_slot":5,"destination_slot":5,"entry":5,"value":1000.0014051327601}
MORTAR_OBSERVER {"kind":"PRE_RAW","call_id":26,"pair":0,"slot":6,"node":19,"activity":2,"lambda_raw":[0.0032738831167336861,2.2584926739019828e-09,-0.010913075245465247],"lambda_start":[0.0032739638988582222,1.6607865135761172e-08,-0.010913467017421736],"ddtil_count":1}
MORTAR_OBSERVER {"kind":"DDTIL","call_id":26,"pair":0,"column_slot":6,"source_slot":6,"destination_slot":6,"entry":6,"value":2000.0009685193825}
MORTAR_OBSERVER {"kind":"PRE_RAW","call_id":26,"pair":0,"slot":7,"node":23,"activity":2,"lambda_raw":[0.0020209173322839405,-2.4514179266863914e-10,-0.0067364778563179326],"lambda_start":[0.0020215823458811714,7.5062753727508571e-09,-0.0067387743144980902],"ddtil_count":1}
MORTAR_OBSERVER {"kind":"DDTIL","call_id":26,"pair":0,"column_slot":7,"source_slot":7,"destination_slot":7,"entry":7,"value":1000.0003327329863}
MORTAR_OBSERVER {"kind":"PRE_RAW","call_id":26,"pair":0,"slot":8,"node":24,"activity":0,"lambda_raw":[3.3087232806982505e-27,-9.3057842269638297e-27,-9.9261698420947521e-27],"lambda_start":[0,0,0],"ddtil_count":1}
MORTAR_OBSERVER {"kind":"DDTIL","call_id":26,"pair":0,"column_slot":8,"source_slot":8,"destination_slot":8,"entry":8,"value":999.9997490010287}
MORTAR_OBSERVER {"kind":"LAW","call_id":26,"pair":0,"slot":0,"node":1,"activity":2,"ndof":3,"normal":[-3.5483493890463059e-06,3.1925213541431237e-07,-0.99999999999365363],"tangents":[0.99999999999370459,1.1328181196562355e-12,-3.5483493890461251e-06,-0,0.99999999999994904,3.1925213541632222e-07],"ln":3.5187906529428541,"lt":[1.0556371958819115,-1.4125142344550318e-06],"lt_start":[1.0534449281987766,2.1402446735985762e-06],"q":0.00035187906529428537,"ut":[333.33093897104459,-0.00044605492416918626],"gn":0.00035187906529428542,"gt":[2.1922676831349631e-05,-3.5527589080536081e-08],"b":1.055637195720226,"constant_n":10000000000,"constant_t":100,"mu":0.29999999999999999,"normal_mode":1,"tangent_mode":1,"normal_inverse_stiffness":0.0001,"tangent_inverse_stiffness":0.01,"p0":0,"beta":0,"iwan":1,"rn":1.6263013158379636e-10,"rt":[1.6263035362840128e-10,-2.1762224590741661e-16]}
MORTAR_OBSERVER {"kind":"LAW","call_id":26,"pair":0,"slot":1,"node":2,"activity":2,"ndof":3,"normal":[-3.2405805439807517e-06,6.8076097718913392e-08,-0.99999999999474698],"tangents":[0.99999999999474931,2.2060607777920149e-13,-3.2405805439807441e-06,2.5243548967072378e-29,0.99999999999999767,6.807609771927084e-08],"ln":19.790561539556453,"lt":[5.9371684618667535,1.4804331226951973e-06],"lt_start":[5.9357374901404718,2.7158923793642253e-05],"q":0.0019790561539556458,"ut":[166.66563577799613,4.1301292486742511e-05],"gn":0.0019790561539556454,"gt":[1.4309717262817045e-05,-2.5678490670947057e-07],"b":5.9371684631679784,"constant_n":10000000000,"constant_t":100,"mu":0.29999999999999999,"normal_mode":1,"tangent_mode":1,"normal_inverse_stiffness":0.0001,"tangent_inverse_stiffness":0.01,"p0":0,"beta":0,"iwan":1,"rn":-1.3010428290272102e-09,"rt":[-1.3010410526703708e-09,-3.2442081857844869e-16]}
MORTAR_OBSERVER {"kind":"LAW","call_id":26,"pair":0,"slot":2,"node":3,"activity":2,"ndof":3,"normal":[-3.0857170020410688e-06,3.8308909568263429e-08,-0.99999999999523848],"tangents":[0.99999999999523925,1.1821045358500703e-13,-3.0857170020410667e-06,-0,0.99999999999999933,3.8308909568445819e-08],"ln":28.97164199356224,"lt":[8.6914925980636912,-9.3020882361450853e-06],"lt_start":[8.6909301070716207,1.9023456802787376e-05],"q":0.0028971641993562241,"ut":[333.33114982100136,-0.00035703161370798212],"gn":0.0028971641993562241,"gt":[5.6249099207050792e-06,-2.8325545038932463e-07],"b":8.6914925980686721,"constant_n":10000000000,"constant_t":100,"mu":0.29999999999999999,"normal_mode":1,"tangent_mode":1,"normal_inverse_stiffness":0.0001,"tangent_inverse_stiffness":0.01,"p0":0,"beta":0,"iwan":1,"rn":0,"rt":[-1.7763568394002505e-15,-3.3881317890172014e-21]}
MORTAR_OBSERVER {"kind":"LAW","call_id":26,"pair":0,"slot":3,"node":4,"activity":0,"ndof":3,"normal":[-4.0489642383709858e-06,1.3288340525975652e-07,-0.99999999999179412],"tangents":[0.999999999991803,5.3804015577412344e-13,-4.0489642383709502e-06,-0,0.99999999999999123,1.3288340526084578e-07],"ln":-8.271732442518583e-24,"lt":[-1.8198006968264628e-23,1.0991857656179863e-30],"lt_start":[0,0],"q":-0.021693619929011972,"ut":[166.66548966272214,7.5359940020566684e-05],"gn":-8.2717324425185833e-28,"gt":[-1.8198006968264627e-25,1.0991857656179864e-32],"b":-65080859.78703592,"constant_n":10000000000,"constant_t":100,"mu":0.29999999999999999,"normal_mode":1,"tangent_mode":1,"normal_inverse_stiffness":0.0001,"tangent_inverse_stiffness":0.01,"p0":0,"beta":0,"iwan":1,"rn":-2.4815197327555747e-24,"rt":[-1.8198006968264628e-23,1.0991857656179863e-30]}
MORTAR_OBSERVER {"kind":"LAW","call_id":26,"pair":0,"slot":4,"node":17,"activity":2,"ndof":3,"normal":[-3.2145276320167015e-06,1.3726654780163734e-08,-0.99999999999483336],"tangents":[0.99999999999483347,4.4124711086218442e-14,-3.2145276320167015e-06,-0,1,1.3726654780234655e-08],"ln":12.398818924184205,"lt":[3.7196456772547797,-1.8940690371519421e-06],"lt_start":[3.7232801663457376,9.8686948243664958e-06],"q":0.0012398818924184206,"ut":[249.99836117673985,-0.00012741852271548073],"gn":0.0012398818924184206,"gt":[-3.6344890909578711e-05,-1.1762763861518438e-07],"b":3.7196456772552615,"constant_n":10000000000,"constant_t":100,"mu":0.29999999999999999,"normal_mode":1,"tangent_mode":1,"normal_inverse_stiffness":0.0001,"tangent_inverse_stiffness":0.01,"p0":0,"beta":0,"iwan":1,"rn":0,"rt":[4.4408920985006262e-16,1.3976043629695956e-20]}
MORTAR_OBSERVER {"kind":"LAW","call_id":26,"pair":0,"slot":5,"node":18,"activity":2,"ndof":3,"normal":[-3.186231132424416e-06,7.6274771803227874e-08,-0.99999999999492106],"tangents":[0.99999999999492395,2.430290525392463e-13,-3.1862311324244071e-06,-0,0.99999999999999711,7.6274771803615047e-08],"ln":26.75745839332907,"lt":[8.0272375179980973,-3.1632908687602478e-06],"lt_start":[8.0265674716486402,2.6447786245438706e-05],"q":0.0026757458393329068,"ut":[249.99841669974654,-9.8812902604222539e-05],"gn":0.0026757458393329072,"gt":[6.7004634945710963e-06,-2.9611077114198952e-07],"b":8.0272375166976779,"constant_n":10000000000,"constant_t":100,"mu":0.29999999999999999,"normal_mode":1,"tangent_mode":1,"normal_inverse_stiffness":0.0001,"tangent_inverse_stiffness":0.01,"p0":0,"beta":0,"iwan":1,"rn":1.3010428290272102e-09,"rt":[1.3010428290272102e-09,-5.1270141967650271e-16]}
MORTAR_OBSERVER {"kind":"LAW","call_id":26,"pair":0,"slot":6,"node":19,"activity":2,"ndof":3,"normal":[-3.3170331446800486e-06,1.787802640862681e-07,-0.99999999999448275],"tangents":[0.99999999999449862,5.9302006159206595e-13,-3.3170331446799956e-06,-1.0097419586828951e-28,0.99999999999998412,1.7878026408725164e-07],"ln":21.826139341167643,"lt":[6.5478418023502636,6.1490069679871969e-07],"lt_start":[6.548003369276616,2.9313519435906474e-05],"q":0.0021826139341167639,"ut":[499.99655139296198,4.6667145894970657e-05],"gn":0.0021826139341167643,"gt":[-1.6156692635238556e-06,-2.8698618739107754e-07],"b":6.5478418010492501,"constant_n":10000000000,"constant_t":100,"mu":0.29999999999999999,"normal_mode":1,"tangent_mode":1,"normal_inverse_stiffness":0.0001,"tangent_inverse_stiffness":0.01,"p0":0,"beta":0,"iwan":1,"rn":1.3010428290272102e-09,"rt":[1.3010428290272102e-09,1.2218238505906469e-16]}
MORTAR_OBSERVER {"kind":"LAW","call_id":26,"pair":0,"slot":7,"node":23,"activity":2,"ndof":3,"normal":[-3.5442580081832778e-06,6.2513777691137842e-08,-0.99999999999371725],"tangents":[0.99999999999371914,2.2156495720499607e-13,-3.5442580081832711e-06,-2.5243548967072378e-29,0.99999999999999811,6.2513777691530481e-08],"ln":6.7364729350691661,"lt":[2.0209418805206401,-6.6626469349058308e-07],"lt_start":[2.0216069024783816,7.0850114907571601e-06],"q":0.00067364729350691667,"ut":[249.9982404992179,-8.2497005927718717e-05],"gn":0.00067364729350691667,"gt":[-6.6502195774154058e-06,-7.7512761842477426e-08],"b":2.0209418805207497,"constant_n":10000000000,"constant_t":100,"mu":0.29999999999999999,"normal_mode":1,"tangent_mode":1,"normal_inverse_stiffness":0.0001,"tangent_inverse_stiffness":0.01,"p0":0,"beta":0,"iwan":1,"rn":0,"rt":[0,3.9175273810511391e-21]}
MORTAR_OBSERVER {"kind":"LAW","call_id":26,"pair":0,"slot":8,"node":24,"activity":0,"ndof":3,"normal":[-3.9785943464496482e-06,4.0600520128181933e-07,-0.99999999999200295],"tangents":[0.99999999999208544,1.6153299984617827e-12,-3.9785943464493204e-06,-0,0.99999999999991762,4.0600520128503276e-07],"ln":9.9261504082966682e-24,"lt":[3.3087619423641949e-24,-9.3057859212963678e-24],"lt_start":[0,0],"q":-0.024641427007177183,"ut":[249.99820506588492,-0.00011034025818846498],"gn":9.9261504082966687e-28,"gt":[3.3087619423641947e-26,-9.3057859212963684e-26],"b":-73924281.021531552,"constant_n":10000000000,"constant_t":100,"mu":0.29999999999999999,"normal_mode":1,"tangent_mode":1,"normal_inverse_stiffness":0.0001,"tangent_inverse_stiffness":0.01,"p0":0,"beta":0,"iwan":1,"rn":2.9778451224890005e-24,"rt":[3.3087619423641949e-24,-9.3057859212963678e-24]}
MORTAR_OBSERVER {"kind":"POST_RAW_AFTER_ACTIVE_LOOP","call_id":26,"pair":0,"slot":0,"node":1,"activity":2,"lambda_raw":[0.00079171870085542628,-2.1684875255328561e-10,-0.0026390963602684141],"gap":-0.00035187906529428537}
MORTAR_OBSERVER {"kind":"POST_RAW_AFTER_ACTIVE_LOOP","call_id":26,"pair":0,"slot":1,"node":2,"activity":2,"lambda_raw":[0.0089056426325445619,4.2415413490401887e-09,-0.029685824965624198],"gap":-0.0019790561539556458}
MORTAR_OBSERVER {"kind":"POST_RAW_AFTER_ACTIVE_LOOP","call_id":26,"pair":0,"slot":2,"node":3,"activity":2,"lambda_raw":[0.0065185445153415414,-6.1441539650406678e-09,-0.021728725327858734],"gap":-0.0028971641993562241}
MORTAR_OBSERVER {"kind":"POST_RAW_AFTER_ACTIVE_LOOP","call_id":26,"pair":0,"slot":3,"node":4,"activity":0,"lambda_raw":[0,0,0],"gap":0.021693619929011972}
MORTAR_OBSERVER {"kind":"POST_RAW_AFTER_ACTIVE_LOOP","call_id":26,"pair":0,"slot":4,"node":17,"activity":2,"lambda_raw":[0.0037196028778886067,-1.723873202017443e-09,-0.012398821070906342],"gap":-0.0012398818924184206}
MORTAR_OBSERVER {"kind":"POST_RAW_AFTER_ACTIVE_LOOP","call_id":26,"pair":0,"slot":5,"node":18,"activity":2,"lambda_raw":[0.0080271409833116286,-1.122368307846293e-09,-0.026757446372063023],"gap":-0.0026757458393329068}
MORTAR_OBSERVER {"kind":"POST_RAW_AFTER_ACTIVE_LOOP","call_id":26,"pair":0,"slot":6,"node":19,"activity":2,"lambda_raw":[0.0032738831167336861,2.2584926739019828e-09,-0.010913075245465247],"gap":-0.0021826139341167639}
MORTAR_OBSERVER {"kind":"POST_RAW_AFTER_ACTIVE_LOOP","call_id":26,"pair":0,"slot":7,"node":23,"activity":2,"lambda_raw":[0.0020209173322839405,-2.4514179266863914e-10,-0.0067364778563179326],"gap":-0.00067364729350691667}
MORTAR_OBSERVER {"kind":"POST_RAW_AFTER_ACTIVE_LOOP","call_id":26,"pair":0,"slot":8,"node":24,"activity":0,"lambda_raw":[0,0,0],"gap":0.024641427007177183}
MORTAR_OBSERVER {"kind":"CFS_INVENTORY","call_id":26,"all_node_count":35,"physical_count":13}
MORTAR_OBSERVER {"kind":"CFS_NODE","call_id":26,"node":1,"force":[-2.3668337834131234,-1.2201692881140853e-06,7.8895365317981776]}
MORTAR_OBSERVER {"kind":"CFS_NODE","call_id":26,"node":2,"force":[2.0215182038822972,3.7764468076095326e-06,-6.7384755048886396]}
MORTAR_OBSERVER {"kind":"CFS_NODE","call_id":26,"node":3,"force":[3.159456505177713,-9.242040480296919e-06,-10.531626645597987]}
MORTAR_OBSERVER {"kind":"CFS_NODE","call_id":26,"node":4,"force":[-0.67363935163328037,8.1713960107853407e-08,2.2454934216895399]}
MORTAR_OBSERVER {"kind":"CFS_NODE","call_id":26,"node":13,"force":[-4.2911314000134988,3.353445014250215e-07,14.303943294514433]}
MORTAR_OBSERVER {"kind":"CFS_NODE","call_id":26,"node":14,"force":[-13.708656884180051,-2.0763435287743506e-06,45.696059613551043]}
MORTAR_OBSERVER {"kind":"CFS_NODE","call_id":26,"node":15,"force":[-13.515864301161319,6.799158279111218e-06,45.053399499725465]}
MORTAR_OBSERVER {"kind":"CFS_NODE","call_id":26,"node":16,"force":[-4.4839251456790121,-8.301122914552565e-07,14.946597592208951]}
MORTAR_OBSERVER {"kind":"CFS_NODE","call_id":26,"node":17,"force":[6.1993430964008143,-2.8731243051579484e-06,-20.664718340325496]}
MORTAR_OBSERVER {"kind":"CFS_NODE","call_id":26,"node":18,"force":[13.378587237088313,-1.8706164934541873e-06,-44.595807059398695]}
MORTAR_OBSERVER {"kind":"CFS_NODE","call_id":26,"node":19,"force":[10.912949115554792,7.5283126334502242e-06,-36.376935462131392]}
MORTAR_OBSERVER {"kind":"CFS_NODE","call_id":26,"node":23,"force":[3.3681967079763599,-4.0856979445110641e-07,-11.227466941145405]}
MORTAR_OBSERVER {"kind":"CFS_NODE","call_id":26,"node":24,"force":[2.604538391215573e-16,4.3517932501883694e-22,-8.6819334786206507e-16]}
MORTAR_OBSERVER {"kind":"CFS_END","call_id":26,"scanned_nodes":35,"physical_count":13,"outside_nonzero_count":0}
MORTAR_OBSERVER {"kind":"SUMMARY_PRE_OVERRIDE","call_id":26,"ndiverg":14,"flag":0,"keepset":0,"max_n":1.3010428290272102e-09,"max_t":[1.3010428290272102e-09,5.1270141967650271e-16],"lm_t_av":[35.999965133936136,1.8533560889496805e-05],"nstick":0,"nslip":7,"ninactive":2,"nnogap":0,"nolm":0}
MORTAR_OBSERVER {"kind":"SUMMARY_POST_OVERRIDE","call_id":26,"flag":0}
MORTAR_OBSERVER {"kind":"RETURN","call_id":26}
 Using up to 2 cpu(s) for the stress calculation.

 average force= 5.907677
 time avg. forc= 5.904660
 largest residual force= 0.000000 in node 20 and dof 1
 largest increment of disp= 2.499969e-01
 largest correction to disp= 3.689515e-13 in node 8 and dof 3

MORTAR_OBSERVER {"kind":"PRE_CHECK","call_id":26,"step":2,"inc":3,"cutback":0,"iteration":2,"time":0.75,"dtime":0.25,"ttime":1,"tper":1,"theta":0.5,"dtheta":0.25,"icntrl":0,"nmethod":1,"iexpl":0,"ithermal":0,"uncoupled":0,"mortar":2,"iflagdualquad":2}
 convergence; the increment size is increased to 3.750000e-01

 the increment size exceeds the maximum allowed and is decreased to 2.500000e-01

MORTAR_OBSERVER {"kind":"POST_CHECK","call_id":26,"step":2,"inc":3,"cutback":0,"iteration":2,"time":0.75,"dtime":0.25,"ttime":1,"tper":1,"theta":0.75,"dtheta":0.25,"icntrl":1,"nmethod":1,"iexpl":0,"ithermal":0,"uncoupled":0,"mortar":2,"iflagdualquad":2}
 Using up to 2 cpu(s) for the stress calculation.

 increment 4 attempt 1 
 increment size= 2.500000e-01
 sum of previous increments=7.500000e-01
 actual step time=1.000000e+00
 actual total time=2.000000e+00

 iteration 1

 Determining the structure of the matrix:

 Using up to 2 cpu(s) for setting up the structure of the matrix.
 number of equations
 75
 number of nonzero lower triangular matrix elements
 1143

 Using up to 2 cpu(s) for the stress calculation.

 Using up to 2 cpu(s) for the symmetric stiffness/mass contributions.

 Using up to 2 cpu(s) for the stress calculation.

 Using up to 2 cpu(s) for the symmetric stiffness/mass contributions.

 Factoring the system of equations using the unsymmetric spooles solver
 Using 1 cpu for spooles.

MORTAR_OBSERVER {"kind":"BEGIN","call_id":27,"step":2,"inc":4,"cutback":0,"iteration":1,"time":1,"dtime":0.25,"ttime":1,"tper":1,"theta":0.75,"dtheta":0.25,"icntrl":0,"nmethod":1,"iexpl":0,"ithermal":0,"uncoupled":0,"mortar":2,"iflagdualquad":2}
MORTAR_OBSERVER {"kind":"KIN_INVENTORY","call_id":27,"all_node_count":35,"physical_count":13,"dd_count":63,"bd_count":36,"slave_count":9}
MORTAR_OBSERVER {"kind":"KIN_NODE","call_id":27,"node":1,"dd_count":9,"bd_count":0,"b2":[1.4172561353083634e-06,-4.0086326273266633e-07,3.920881716917547e-09],"vold":[0.99935169731666684,3.1001018960254709e-05,4.1029067503207047e-05],"vini":[0.74935270828603828,3.1110438758903821e-05,4.1508260895221547e-05]}
MORTAR_OBSERVER {"kind":"KIN_DD","call_id":27,"node":1,"entry":0,"row_node":1,"slave_slot":0,"value":1333.3330501831049}
MORTAR_OBSERVER {"kind":"KIN_DD","call_id":27,"node":1,"entry":1,"row_node":2,"slave_slot":1,"value":-4.6185277956755404e-14}
MORTAR_OBSERVER {"kind":"KIN_DD","call_id":27,"node":1,"entry":2,"row_node":3,"slave_slot":2,"value":-4.4098059214193514e-13}
MORTAR_OBSERVER {"kind":"KIN_DD","call_id":27,"node":1,"entry":3,"row_node":4,"slave_slot":3,"value":6.2468549510310283e-14}
MORTAR_OBSERVER {"kind":"KIN_DD","call_id":27,"node":1,"entry":4,"row_node":17,"slave_slot":4,"value":-333.33360568730149}
MORTAR_OBSERVER {"kind":"KIN_DD","call_id":27,"node":1,"entry":5,"row_node":18,"slave_slot":5,"value":2.8325490268647698e-13}
MORTAR_OBSERVER {"kind":"KIN_DD","call_id":27,"node":1,"entry":6,"row_node":19,"slave_slot":6,"value":-666.66700628520459}
MORTAR_OBSERVER {"kind":"KIN_DD","call_id":27,"node":1,"entry":7,"row_node":23,"slave_slot":7,"value":-7.621680878211787e-14}
MORTAR_OBSERVER {"kind":"KIN_DD","call_id":27,"node":1,"entry":8,"row_node":24,"slave_slot":8,"value":-333.33325786551114}
MORTAR_OBSERVER {"kind":"KIN_NODE","call_id":27,"node":2,"dd_count":6,"bd_count":0,"b2":[1.4521729268311037e-06,-3.8158566768892966e-07,1.3865427126525679e-06],"vold":[0.99934219582754191,-4.5883748459598621e-05,-0.00027636410738957106],"vini":[0.74934317377158866,-4.5782530957960822e-05,-0.00027487635594252991]}
MORTAR_OBSERVER {"kind":"KIN_DD","call_id":27,"node":2,"entry":9,"row_node":1,"slave_slot":0,"value":3.7303498524314555e-14}
MORTAR_OBSERVER {"kind":"KIN_DD","call_id":27,"node":2,"entry":10,"row_node":2,"slave_slot":1,"value":666.66770506861837}
MORTAR_OBSERVER {"kind":"KIN_DD","call_id":27,"node":2,"entry":11,"row_node":3,"slave_slot":2,"value":-1.2012613223500053e-13}
MORTAR_OBSERVER {"kind":"KIN_DD","call_id":27,"node":2,"entry":12,"row_node":17,"slave_slot":4,"value":-333.33360568730041}
MORTAR_OBSERVER {"kind":"KIN_DD","call_id":27,"node":2,"entry":13,"row_node":18,"slave_slot":5,"value":-333.33381028187932}
MORTAR_OBSERVER {"kind":"KIN_DD","call_id":27,"node":2,"entry":14,"row_node":19,"slave_slot":6,"value":-1.9316956128678289e-13}
MORTAR_OBSERVER {"kind":"KIN_NODE","call_id":27,"node":3,"dd_count":9,"bd_count":0,"b2":[1.4536926090991191e-06,-4.2443496501820105e-07,9.6364349543575111e-07],"vold":[0.99933581561909612,8.0010907267065269e-05,-0.00026978546666654556],"vini":[0.74933679408925125,8.011458246815956e-05,-0.00026817053066510466]}
MORTAR_OBSERVER {"kind":"KIN_DD","call_id":27,"node":3,"entry":15,"row_node":1,"slave_slot":0,"value":-1.9743928782557891e-13}
MORTAR_OBSERVER {"kind":"KIN_DD","call_id":27,"node":3,"entry":16,"row_node":2,"slave_slot":1,"value":1.0002183938087642e-13}
MORTAR_OBSERVER {"kind":"KIN_DD","call_id":27,"node":3,"entry":17,"row_node":3,"slave_slot":2,"value":1333.3349465173167}
MORTAR_OBSERVER {"kind":"KIN_DD","call_id":27,"node":3,"entry":18,"row_node":4,"slave_slot":3,"value":-1.1642538930118629e-13}
MORTAR_OBSERVER {"kind":"KIN_DD","call_id":27,"node":3,"entry":19,"row_node":17,"slave_slot":4,"value":1.2669495200324208e-13}
MORTAR_OBSERVER {"kind":"KIN_DD","call_id":27,"node":3,"entry":20,"row_node":18,"slave_slot":5,"value":-333.33381028188052}
MORTAR_OBSERVER {"kind":"KIN_DD","call_id":27,"node":3,"entry":21,"row_node":19,"slave_slot":6,"value":-666.66700628520505}
MORTAR_OBSERVER {"kind":"KIN_DD","call_id":27,"node":3,"entry":22,"row_node":23,"slave_slot":7,"value":-333.33345249919466}
MORTAR_OBSERVER {"kind":"KIN_DD","call_id":27,"node":3,"entry":23,"row_node":24,"slave_slot":8,"value":1.4662345834756016e-13}
MORTAR_OBSERVER {"kind":"KIN_NODE","call_id":27,"node":4,"dd_count":6,"bd_count":0,"b2":[1.4274245711970706e-06,-4.0100940166448693e-07,-4.349302627344315e-07],"vold":[0.99934279720867347,4.220962702629273e-06,8.0451081417000562e-05],"vini":[0.74934379300185117,4.3358717202615521e-06,8.1099092170914947e-05]}
MORTAR_OBSERVER {"kind":"KIN_DD","call_id":27,"node":4,"entry":24,"row_node":1,"slave_slot":0,"value":1.9232301014934998e-13}
MORTAR_OBSERVER {"kind":"KIN_DD","call_id":27,"node":4,"entry":25,"row_node":3,"slave_slot":2,"value":-4.1591733854021712e-14}
MORTAR_OBSERVER {"kind":"KIN_DD","call_id":27,"node":4,"entry":26,"row_node":4,"slave_slot":3,"value":666.66656346957632}
MORTAR_OBSERVER {"kind":"KIN_DD","call_id":27,"node":4,"entry":27,"row_node":19,"slave_slot":6,"value":2.5609144728795609e-13}
MORTAR_OBSERVER {"kind":"KIN_DD","call_id":27,"node":4,"entry":28,"row_node":23,"slave_slot":7,"value":-333.33345249919512}
MORTAR_OBSERVER {"kind":"KIN_DD","call_id":27,"node":4,"entry":29,"row_node":24,"slave_slot":8,"value":-333.33325786551211}
MORTAR_OBSERVER {"kind":"KIN_NODE","call_id":27,"node":13,"dd_count":0,"bd_count":9,"b2":[-4.4326402554431075e-09,-1.5831000631294864e-09,-9.0189008757812959e-09],"vold":[0.00020276045349021632,2.9595249233818344e-05,7.6320485160943227e-05],"vini":[0.00020205298625090783,2.9274695239681243e-05,7.5352722077447117e-05]}
MORTAR_OBSERVER {"kind":"KIN_BD","call_id":27,"node":13,"entry":0,"row_node":1,"slave_slot":0,"value":-1110.1935131212106}
MORTAR_OBSERVER {"kind":"KIN_BD","call_id":27,"node":13,"entry":1,"row_node":2,"slave_slot":1,"value":-45.838070641382593}
MORTAR_OBSERVER {"kind":"KIN_BD","call_id":27,"node":13,"entry":2,"row_node":3,"slave_slot":2,"value":-8.3341644378855904}
MORTAR_OBSERVER {"kind":"KIN_BD","call_id":27,"node":13,"entry":3,"row_node":4,"slave_slot":3,"value":-50.463342771185729}
MORTAR_OBSERVER {"kind":"KIN_BD","call_id":27,"node":13,"entry":4,"row_node":17,"slave_slot":4,"value":-450.70219959191621}
MORTAR_OBSERVER {"kind":"KIN_BD","call_id":27,"node":13,"entry":5,"row_node":18,"slave_slot":5,"value":-37.504050780805699}
MORTAR_OBSERVER {"kind":"KIN_BD","call_id":27,"node":13,"entry":6,"row_node":19,"slave_slot":6,"value":-260.19281281504004}
MORTAR_OBSERVER {"kind":"KIN_BD","call_id":27,"node":13,"entry":7,"row_node":23,"slave_slot":7,"value":-40.972593766329837}
MORTAR_OBSERVER {"kind":"KIN_BD","call_id":27,"node":13,"entry":8,"row_node":24,"slave_slot":8,"value":-454.17002322506772}
MORTAR_OBSERVER {"kind":"KIN_NODE","call_id":27,"node":14,"dd_count":0,"bd_count":9,"b2":[-8.1401092766818618e-09,2.6487440314828454e-09,1.0831391158493405e-08],"vold":[0.0002922662501810624,-7.410748567406489e-05,-0.00030084368353805224],"vini":[0.00029128831589369511,-7.3868450063326781e-05,-0.00029980725571003645]}
MORTAR_OBSERVER {"kind":"KIN_BD","call_id":27,"node":14,"entry":9,"row_node":1,"slave_slot":0,"value":-112.02835299820148}
MORTAR_OBSERVER {"kind":"KIN_BD","call_id":27,"node":14,"entry":10,"row_node":2,"slave_slot":1,"value":-565.27391211334816}
MORTAR_OBSERVER {"kind":"KIN_BD","call_id":27,"node":14,"entry":11,"row_node":3,"slave_slot":2,"value":-102.77664747618766}
MORTAR_OBSERVER {"kind":"KIN_BD","call_id":27,"node":14,"entry":12,"row_node":4,"slave_slot":3,"value":-5.0921757528813352}
MORTAR_OBSERVER {"kind":"KIN_BD","call_id":27,"node":14,"entry":13,"row_node":17,"slave_slot":4,"value":-465.96537209778353}
MORTAR_OBSERVER {"kind":"KIN_BD","call_id":27,"node":14,"entry":14,"row_node":18,"slave_slot":5,"value":-462.49648599862167}
MORTAR_OBSERVER {"kind":"KIN_BD","call_id":27,"node":14,"entry":15,"row_node":19,"slave_slot":6,"value":-739.80746038735549}
MORTAR_OBSERVER {"kind":"KIN_BD","call_id":27,"node":14,"entry":16,"row_node":23,"slave_slot":7,"value":-42.360287527877766}
MORTAR_OBSERVER {"kind":"KIN_BD","call_id":27,"node":14,"entry":17,"row_node":24,"slave_slot":8,"value":-45.829693980273149}
MORTAR_OBSERVER {"kind":"KIN_NODE","call_id":27,"node":15,"dd_count":0,"bd_count":9,"b2":[-4.7816720360683337e-09,1.8769125299919052e-11,7.1309548602465447e-10],"vold":[0.00028992495646586197,7.2848653660052414e-05,-0.00029334338699423895],"vini":[0.0002889416388128536,7.2608341953683489e-05,-0.00029228895563094556]}
MORTAR_OBSERVER {"kind":"KIN_BD","call_id":27,"node":15,"entry":18,"row_node":1,"slave_slot":0,"value":-10.18441976901936}
MORTAR_OBSERVER {"kind":"KIN_BD","call_id":27,"node":15,"entry":19,"row_node":2,"slave_slot":1,"value":-51.388630972067304}
MORTAR_OBSERVER {"kind":"KIN_BD","call_id":27,"node":15,"entry":20,"row_node":3,"slave_slot":2,"value":-1130.5476184856184}
MORTAR_OBSERVER {"kind":"KIN_BD","call_id":27,"node":15,"entry":21,"row_node":4,"slave_slot":3,"value":-56.013943173196886}
MORTAR_OBSERVER {"kind":"KIN_BD","call_id":27,"node":15,"entry":22,"row_node":17,"slave_slot":4,"value":-42.360320673878448}
MORTAR_OBSERVER {"kind":"KIN_BD","call_id":27,"node":15,"entry":23,"row_node":18,"slave_slot":5,"value":-462.49678896980322}
MORTAR_OBSERVER {"kind":"KIN_BD","call_id":27,"node":15,"entry":24,"row_node":19,"slave_slot":6,"value":-276.84483518675063}
MORTAR_OBSERVER {"kind":"KIN_BD","call_id":27,"node":15,"entry":25,"row_node":23,"slave_slot":7,"value":-465.96563325259677}
MORTAR_OBSERVER {"kind":"KIN_BD","call_id":27,"node":15,"entry":26,"row_node":24,"slave_slot":8,"value":-45.829788098780917}
MORTAR_OBSERVER {"kind":"KIN_NODE","call_id":27,"node":16,"dd_count":0,"bd_count":9,"b2":[-5.1542409521576577e-09,2.0331505509581042e-09,-1.6867679111732026e-09],"vold":[0.00020330407112470377,-2.9056616246553977e-05,6.9682699726583873e-05],"vini":[0.00020259787072922939,-2.8732830529731375e-05,6.869626248401813e-05]}
MORTAR_OBSERVER {"kind":"KIN_BD","call_id":27,"node":16,"entry":27,"row_node":1,"slave_slot":0,"value":-100.92676429467286}
MORTAR_OBSERVER {"kind":"KIN_BD","call_id":27,"node":16,"entry":28,"row_node":2,"slave_slot":1,"value":-4.16709134182112}
MORTAR_OBSERVER {"kind":"KIN_BD","call_id":27,"node":16,"entry":29,"row_node":3,"slave_slot":2,"value":-91.676516117626221}
MORTAR_OBSERVER {"kind":"KIN_BD","call_id":27,"node":16,"entry":30,"row_node":4,"slave_slot":3,"value":-555.09710177231193}
MORTAR_OBSERVER {"kind":"KIN_BD","call_id":27,"node":16,"entry":31,"row_node":17,"slave_slot":4,"value":-40.972899863035408}
MORTAR_OBSERVER {"kind":"KIN_BD","call_id":27,"node":16,"entry":32,"row_node":18,"slave_slot":5,"value":-37.504080261104825}
MORTAR_OBSERVER {"kind":"KIN_BD","call_id":27,"node":16,"entry":33,"row_node":19,"slave_slot":6,"value":-723.15586079590832}
MORTAR_OBSERVER {"kind":"KIN_BD","call_id":27,"node":16,"entry":34,"row_node":23,"slave_slot":7,"value":-450.70181811550196}
MORTAR_OBSERVER {"kind":"KIN_BD","call_id":27,"node":16,"entry":35,"row_node":24,"slave_slot":8,"value":-454.1702434571493}
MORTAR_OBSERVER {"kind":"KIN_NODE","call_id":27,"node":17,"dd_count":6,"bd_count":0,"b2":[1.4345995134037908e-06,-3.8713924093457783e-07,6.2274569508425293e-07],"vold":[0.99932078015315984,-1.4133307607027618e-05,-0.00011736714511648396],"vini":[0.74932177317385584,-1.4033314648020908e-05,-0.00011629531546445404]}
MORTAR_OBSERVER {"kind":"KIN_DD","call_id":27,"node":17,"entry":30,"row_node":1,"slave_slot":0,"value":-9.2962675518780992e-13}
MORTAR_OBSERVER {"kind":"KIN_DD","call_id":27,"node":17,"entry":31,"row_node":2,"slave_slot":1,"value":1.5395092761072009e-13}
MORTAR_OBSERVER {"kind":"KIN_DD","call_id":27,"node":17,"entry":32,"row_node":3,"slave_slot":2,"value":1.2582527737414624e-13}
MORTAR_OBSERVER {"kind":"KIN_DD","call_id":27,"node":17,"entry":33,"row_node":17,"slave_slot":4,"value":1666.6680036012158}
MORTAR_OBSERVER {"kind":"KIN_DD","call_id":27,"node":17,"entry":34,"row_node":18,"slave_slot":5,"value":-8.6338344739377399e-13}
MORTAR_OBSERVER {"kind":"KIN_DD","call_id":27,"node":17,"entry":35,"row_node":19,"slave_slot":6,"value":4.0504637084118544e-13}
MORTAR_OBSERVER {"kind":"KIN_NODE","call_id":27,"node":18,"dd_count":6,"bd_count":0,"b2":[1.4402339227373911e-06,-3.9062679864807203e-07,1.2291937835757182e-06],"vold":[0.99935666832021597,1.5543975990519712e-05,-0.00027319219252762048],"vini":[0.74935764464057997,1.5643963537834205e-05,-0.00027163775350610991]}
MORTAR_OBSERVER {"kind":"KIN_DD","call_id":27,"node":18,"entry":36,"row_node":1,"slave_slot":0,"value":-5.6251300473147733e-14}
MORTAR_OBSERVER {"kind":"KIN_DD","call_id":27,"node":18,"entry":37,"row_node":2,"slave_slot":1,"value":7.8751820662406823e-13}
MORTAR_OBSERVER {"kind":"KIN_DD","call_id":27,"node":18,"entry":38,"row_node":3,"slave_slot":2,"value":6.9573976900998509e-14}
MORTAR_OBSERVER {"kind":"KIN_DD","call_id":27,"node":18,"entry":39,"row_node":17,"slave_slot":4,"value":-6.868579847247512e-13}
MORTAR_OBSERVER {"kind":"KIN_DD","call_id":27,"node":18,"entry":40,"row_node":18,"slave_slot":5,"value":1666.6690265740951}
MORTAR_OBSERVER {"kind":"KIN_DD","call_id":27,"node":18,"entry":41,"row_node":19,"slave_slot":6,"value":9.7616360409898307e-13}
MORTAR_OBSERVER {"kind":"KIN_NODE","call_id":27,"node":19,"dd_count":9,"bd_count":0,"b2":[1.4205823891967462e-06,-3.9704972690547132e-07,4.8300644513427595e-07],"vold":[0.99934329525683063,1.7900896225885051e-05,-0.00011675239395938746],"vini":[0.74934429356500498,1.8007833661293775e-05,-0.00011566439127415932]}
MORTAR_OBSERVER {"kind":"KIN_DD","call_id":27,"node":19,"entry":42,"row_node":1,"slave_slot":0,"value":2.5757174427178171e-13}
MORTAR_OBSERVER {"kind":"KIN_DD","call_id":27,"node":19,"entry":43,"row_node":2,"slave_slot":1,"value":-1.2730557475501854e-13}
MORTAR_OBSERVER {"kind":"KIN_DD","call_id":27,"node":19,"entry":44,"row_node":3,"slave_slot":2,"value":9.2740630911650139e-13}
MORTAR_OBSERVER {"kind":"KIN_DD","call_id":27,"node":19,"entry":45,"row_node":4,"slave_slot":3,"value":3.2714572117278023e-13}
MORTAR_OBSERVER {"kind":"KIN_DD","call_id":27,"node":19,"entry":46,"row_node":17,"slave_slot":4,"value":4.5001040378518186e-13}
MORTAR_OBSERVER {"kind":"KIN_DD","call_id":27,"node":19,"entry":47,"row_node":18,"slave_slot":5,"value":5.2707838617684645e-13}
MORTAR_OBSERVER {"kind":"KIN_DD","call_id":27,"node":19,"entry":48,"row_node":19,"slave_slot":6,"value":3333.3349817554626}
MORTAR_OBSERVER {"kind":"KIN_DD","call_id":27,"node":19,"entry":49,"row_node":23,"slave_slot":7,"value":-4.5426625875518974e-13}
MORTAR_OBSERVER {"kind":"KIN_DD","call_id":27,"node":19,"entry":50,"row_node":24,"slave_slot":8,"value":-1.1146639277968484e-12}
MORTAR_OBSERVER {"kind":"KIN_NODE","call_id":27,"node":23,"dd_count":6,"bd_count":0,"b2":[1.4353184583966578e-06,-4.1137715377549193e-07,2.5442531111305113e-07],"vold":[0.99932733292152842,4.7551344079909495e-05,-0.00010735877050989798],"vini":[0.74932832559736862,4.7663714480041775e-05,-0.00010620455838781097]}
MORTAR_OBSERVER {"kind":"KIN_DD","call_id":27,"node":23,"entry":51,"row_node":1,"slave_slot":0,"value":-6.3652787377509268e-14}
MORTAR_OBSERVER {"kind":"KIN_DD","call_id":27,"node":23,"entry":52,"row_node":3,"slave_slot":2,"value":4.5593159330867104e-13}
MORTAR_OBSERVER {"kind":"KIN_DD","call_id":27,"node":23,"entry":53,"row_node":4,"slave_slot":3,"value":-3.4786988450499255e-14}
MORTAR_OBSERVER {"kind":"KIN_DD","call_id":27,"node":23,"entry":54,"row_node":19,"slave_slot":6,"value":1.1842379046978469e-13}
MORTAR_OBSERVER {"kind":"KIN_DD","call_id":27,"node":23,"entry":55,"row_node":23,"slave_slot":7,"value":1666.6672376606969}
MORTAR_OBSERVER {"kind":"KIN_DD","call_id":27,"node":23,"entry":56,"row_node":24,"slave_slot":8,"value":2.6330789662266191e-13}
MORTAR_OBSERVER {"kind":"KIN_NODE","call_id":27,"node":24,"dd_count":6,"bd_count":0,"b2":[1.418453137183988e-06,-3.9832428021196655e-07,-2.1966925858969175e-07],"vold":[0.99935630050441371,9.1517078429118863e-06,6.7539536457920924e-05],"vini":[0.74935730235444731,9.2636258476108818e-06,6.8112555979361726e-05]}
MORTAR_OBSERVER {"kind":"KIN_DD","call_id":27,"node":24,"entry":57,"row_node":1,"slave_slot":0,"value":-9.3258734994955448e-14}
MORTAR_OBSERVER {"kind":"KIN_DD","call_id":27,"node":24,"entry":58,"row_node":3,"slave_slot":2,"value":3.0790185522144018e-13}
MORTAR_OBSERVER {"kind":"KIN_DD","call_id":27,"node":24,"entry":59,"row_node":4,"slave_slot":3,"value":-4.5963233676085189e-13}
MORTAR_OBSERVER {"kind":"KIN_DD","call_id":27,"node":24,"entry":60,"row_node":19,"slave_slot":6,"value":-7.1054274281870821e-13}
MORTAR_OBSERVER {"kind":"KIN_DD","call_id":27,"node":24,"entry":61,"row_node":23,"slave_slot":7,"value":8.0121095739713712e-14}
MORTAR_OBSERVER {"kind":"KIN_DD","call_id":27,"node":24,"entry":62,"row_node":24,"slave_slot":8,"value":1666.6662644922947}
MORTAR_OBSERVER {"kind":"KIN_GAP","call_id":27,"pair":0,"slot":0,"node":1,"gap":-0.0003674383570506668}
MORTAR_OBSERVER {"kind":"KIN_GAP","call_id":27,"pair":0,"slot":1,"node":2,"gap":-0.0028982408860068576}
MORTAR_OBSERVER {"kind":"KIN_GAP","call_id":27,"pair":0,"slot":2,"node":3,"gap":-0.004180330592231208}
MORTAR_OBSERVER {"kind":"KIN_GAP","call_id":27,"pair":0,"slot":3,"node":4,"gap":0.029065329368438454}
MORTAR_OBSERVER {"kind":"KIN_GAP","call_id":27,"pair":0,"slot":4,"node":17,"gap":-0.0018109786808096649}
MORTAR_OBSERVER {"kind":"KIN_GAP","call_id":27,"pair":0,"slot":5,"node":18,"gap":-0.0039368909978262792}
MORTAR_OBSERVER {"kind":"KIN_GAP","call_id":27,"pair":0,"slot":6,"node":19,"gap":-0.0031430881242236752}
MORTAR_OBSERVER {"kind":"KIN_GAP","call_id":27,"pair":0,"slot":7,"node":23,"gap":-0.00092132654945530914}
MORTAR_OBSERVER {"kind":"KIN_GAP","call_id":27,"pair":0,"slot":8,"node":24,"gap":0.032993689606794621}
MORTAR_OBSERVER {"kind":"INVENTORY","call_id":27,"pair_count":1,"slave_count":9}
MORTAR_OBSERVER {"kind":"PAIR","call_id":27,"pair":0,"start":0,"end":9}
MORTAR_OBSERVER {"kind":"PRE_RAW","call_id":27,"pair":0,"slot":0,"node":1,"activity":2,"lambda_raw":[0.00079478401259732193,-1.4990454667400663e-09,-0.0026493138827286245],"lambda_start":[0.00079171870085542628,-2.1684875255328561e-10,-0.0026390963602684141],"ddtil_count":1}
MORTAR_OBSERVER {"kind":"DDTIL","call_id":27,"pair":0,"column_slot":0,"source_slot":0,"destination_slot":0,"entry":0,"value":1333.3330501831047}
MORTAR_OBSERVER {"kind":"PRE_RAW","call_id":27,"pair":0,"slot":1,"node":2,"activity":2,"lambda_raw":[0.0089081519625626559,-9.6088025245124239e-09,-0.029694183602690227],"lambda_start":[0.0089056426325445619,4.2415413490401887e-09,-0.029685824965624198],"ddtil_count":1}
MORTAR_OBSERVER {"kind":"DDTIL","call_id":27,"pair":0,"column_slot":1,"source_slot":1,"destination_slot":1,"entry":1,"value":666.6677050686186}
MORTAR_OBSERVER {"kind":"PRE_RAW","call_id":27,"pair":0,"slot":2,"node":3,"activity":2,"lambda_raw":[0.0065185241921229152,-1.7515760710582003e-08,-0.021728653909021425],"lambda_start":[0.0065185445153415414,-6.1441539650406678e-09,-0.021728725327858734],"ddtil_count":1}
MORTAR_OBSERVER {"kind":"DDTIL","call_id":27,"pair":0,"column_slot":2,"source_slot":2,"destination_slot":2,"entry":2,"value":1333.3349465173169}
MORTAR_OBSERVER {"kind":"PRE_RAW","call_id":27,"pair":0,"slot":3,"node":4,"activity":0,"lambda_raw":[3.4634125437616963e-20,2.9104480089377883e-20,-6.1507306985933702e-21],"lambda_start":[0,0,0],"ddtil_count":1}
MORTAR_OBSERVER {"kind":"DDTIL","call_id":27,"pair":0,"column_slot":3,"source_slot":3,"destination_slot":3,"entry":3,"value":666.6665634695762}
MORTAR_OBSERVER {"kind":"PRE_RAW","call_id":27,"pair":0,"slot":4,"node":17,"activity":2,"lambda_raw":[0.0037124437813668338,-7.482361021765719e-09,-0.012374955311825142],"lambda_start":[0.0037196028778886067,-1.723873202017443e-09,-0.012398821070906342],"ddtil_count":1}
MORTAR_OBSERVER {"kind":"DDTIL","call_id":27,"pair":0,"column_slot":4,"source_slot":4,"destination_slot":4,"entry":4,"value":1000.000792226614}
MORTAR_OBSERVER {"kind":"PRE_RAW","call_id":27,"pair":0,"slot":5,"node":18,"activity":2,"lambda_raw":[0.0080295894854502392,-1.372680860247996e-08,-0.026765603138787567],"lambda_start":[0.0080271409833116286,-1.122368307846293e-09,-0.026757446372063023],"ddtil_count":1}
MORTAR_OBSERVER {"kind":"DDTIL","call_id":27,"pair":0,"column_slot":5,"source_slot":5,"destination_slot":5,"entry":5,"value":1000.0014060103355}
MORTAR_OBSERVER {"kind":"PRE_RAW","call_id":27,"pair":0,"slot":6,"node":19,"activity":2,"lambda_raw":[0.0032740783214351104,-2.9298997141812277e-09,-0.010913724363967878],"lambda_start":[0.0032738831167336861,2.2584926739019828e-09,-0.010913075245465247],"ddtil_count":1}
MORTAR_OBSERVER {"kind":"DDTIL","call_id":27,"pair":0,"column_slot":6,"source_slot":6,"destination_slot":6,"entry":6,"value":2000.0009691850528}
MORTAR_OBSERVER {"kind":"PRE_RAW","call_id":27,"pair":0,"slot":7,"node":23,"activity":2,"lambda_raw":[0.002019510693102087,-3.6509242272407605e-09,-0.0067317879740162352],"lambda_start":[0.0020209173322839405,-2.4514179266863914e-10,-0.0067364778563179326],"ddtil_count":1}
MORTAR_OBSERVER {"kind":"DDTIL","call_id":27,"pair":0,"column_slot":7,"source_slot":7,"destination_slot":7,"entry":7,"value":1000.0003326623072}
MORTAR_OBSERVER {"kind":"PRE_RAW","call_id":27,"pair":0,"slot":8,"node":24,"activity":0,"lambda_raw":[7.9354672177400484e-20,-3.0418295847664554e-20,2.6164854314310064e-20],"lambda_start":[0,0,0],"ddtil_count":1}
MORTAR_OBSERVER {"kind":"DDTIL","call_id":27,"pair":0,"column_slot":8,"source_slot":8,"destination_slot":8,"entry":8,"value":999.99974876127169}
MORTAR_OBSERVER {"kind":"LAW","call_id":27,"pair":0,"slot":0,"node":1,"activity":2,"ndof":3,"normal":[-3.5156168075979955e-06,3.1250338452527707e-07,-0.99999999999377143],"tangents":[0.99999999999382028,1.0986421510751129e-12,-3.5156168075978244e-06,-0,0.99999999999995126,3.1250338452720831e-07],"ln":3.5324140345877879,"lt":[1.0597242103738547,-3.1026193701427991e-06],"lt_start":[1.0556370810247813,-1.3887667680518379e-06],"q":0.0003532414034587778,"ut":[333.33283439612677,-0.00097798936030344167],"gn":0.00035324140345877883,"gt":[4.0871293490734037e-05,-1.7138526020909614e-08],"b":1.0597242072863602,"constant_n":10000000000,"constant_t":100,"mu":0.29999999999999999,"normal_mode":1,"tangent_mode":1,"normal_inverse_stiffness":0.0001,"tangent_inverse_stiffness":0.01,"p0":0,"beta":0,"iwan":1,"rn":3.0899760528058096e-09,"rt":[3.0920552784863276e-09,6.5279697540630186e-09]}
MORTAR_OBSERVER {"kind":"LAW","call_id":27,"pair":0,"slot":1,"node":2,"activity":2,"ndof":3,"normal":[-3.1859436794845816e-06,6.1092161660835508e-08,-0.99999999999492306],"tangents":[0.99999999999492495,1.9463618631037697e-13,-3.1859436794845757e-06,-0,0.99999999999999822,6.1092161661145562e-08],"ln":19.796134315581039,"lt":[5.9388402946832981,-7.6152681212545779e-06],"lt_start":[5.9371673876454256,1.6186492753394546e-06],"q":0.0019796134315581042,"ut":[166.66660878569027,-0.00021387641246965909],"gn":0.0019796134315581038,"gt":[1.6729070378724843e-05,-9.2339173965940328e-08],"b":5.9388402959753543,"constant_n":10000000000,"constant_t":100,"mu":0.29999999999999999,"normal_mode":1,"tangent_mode":1,"normal_inverse_stiffness":0.0001,"tangent_inverse_stiffness":0.01,"p0":0,"beta":0,"iwan":1,"rn":-1.3010428290272102e-09,"rt":[-1.2871712584683337e-09,2.5112088541441878e-09]}
MORTAR_OBSERVER {"kind":"LAW","call_id":27,"pair":0,"slot":2,"node":3,"activity":2,"ndof":3,"normal":[-3.0391797145230364e-06,2.6001669487785976e-08,-0.99999999999538136],"tangents":[0.99999999999538169,7.9023746451376688e-14,-3.0391797145230352e-06,-1.2621774483536189e-29,0.99999999999999967,2.6001669487906059e-08],"ln":28.971547182890003,"lt":[8.6914641548546818,-2.4107685151485346e-05],"lt_start":[8.6914912528017059,-8.9455269556180331e-06],"q":0.0028971547182890011,"ut":[333.33309417510003,-0.00092471893011404627],"gn":0.0028971547182890006,"gt":[-2.7097947024046222e-07,-1.5162158195867313e-07],"b":8.6914641561680437,"constant_n":10000000000,"constant_t":100,"mu":0.29999999999999999,"normal_mode":1,"tangent_mode":1,"normal_inverse_stiffness":0.0001,"tangent_inverse_stiffness":0.01,"p0":0,"beta":0,"iwan":1,"rn":-1.3010428290272102e-09,"rt":[-1.2799272752772595e-09,-1.3697269021588875e-10]}
MORTAR_OBSERVER {"kind":"LAW","call_id":27,"pair":0,"slot":3,"node":4,"activity":0,"ndof":3,"normal":[-4.0100309159575396e-06,1.222398415494551e-07,-0.99999999999195244],"tangents":[0.99999999999195988,4.9018554377900717e-13,-4.0100309159575099e-06,-1.0097419586828951e-28,0.99999999999999267,1.2223984155043795e-07],"ln":4.1003962801812228e-18,"lt":[2.308942982717183e-17,1.9402983221511296e-17],"lt_start":[0,0],"q":-0.028776676112492808,"ut":[166.66644424910953,-0.00019369626741925908],"gn":4.1003962801812229e-22,"gt":[2.3089429827171832e-19,1.9402983221511297e-19],"b":-86330028.337478414,"constant_n":10000000000,"constant_t":100,"mu":0.29999999999999999,"normal_mode":1,"tangent_mode":1,"normal_inverse_stiffness":0.0001,"tangent_inverse_stiffness":0.01,"p0":0,"beta":0,"iwan":1,"rn":1.2301188840543669e-18,"rt":[2.308942982717183e-17,1.9402983221511296e-17]}
MORTAR_OBSERVER {"kind":"LAW","call_id":27,"pair":0,"slot":4,"node":17,"activity":2,"ndof":3,"normal":[-3.1739320428329847e-06,9.9494575043874757e-09,-0.99999999999496303],"tangents":[0.99999999999496314,3.1578901982139569e-14,-3.1739320428329847e-06,-0,1,9.9494575044375913e-09],"ln":12.37495333247807,"lt":[3.7124859997432105,-7.605491139027756e-06],"lt_start":[3.7196451776849315,-1.8472362087960785e-06],"q":0.0012374953332478069,"ut":[249.99980159209548,-0.00051146877175443884],"gn":0.0012374953332478071,"gt":[-7.1591779417210514e-05,-5.7582549302316771e-08],"b":3.7124859990928996,"constant_n":10000000000,"constant_t":100,"mu":0.29999999999999999,"normal_mode":1,"tangent_mode":1,"normal_inverse_stiffness":0.0001,"tangent_inverse_stiffness":0.01,"p0":0,"beta":0,"iwan":1,"rn":6.5052097042439527e-10,"rt":[6.5807848059762364e-10,-1.1058125718024981e-08]}
MORTAR_OBSERVER {"kind":"LAW","call_id":27,"pair":0,"slot":5,"node":18,"activity":2,"ndof":3,"normal":[-3.1348009946187284e-06,6.5786124401879273e-08,-0.99999999999508438],"tangents":[0.99999999999508649,2.0622640820813585e-13,-3.1348009946187216e-06,-2.5243548967072378e-29,0.99999999999999789,6.5786124402202521e-08],"ln":26.765615600169244,"lt":[8.0296846800539043,-1.5487635676013407e-05],"lt_start":[8.0272361489028086,-2.8826410565815118e-06],"q":0.002676561560016927,"ut":[249.99985445072559,-0.0004824397456907279],"gn":0.0026765615600169244,"gt":[2.4485311510957786e-05,-1.2604994619431895e-07],"b":8.0296846878570296,"constant_n":10000000000,"constant_t":100,"mu":0.29999999999999999,"normal_mode":1,"tangent_mode":1,"normal_inverse_stiffness":0.0001,"tangent_inverse_stiffness":0.01,"p0":0,"beta":0,"iwan":1,"rn":-7.8062569741632615e-09,"rt":[-7.7881807669655245e-09,3.6812676789515217e-09]}
MORTAR_OBSERVER {"kind":"LAW","call_id":27,"pair":0,"slot":6,"node":19,"activity":2,"ndof":3,"normal":[-3.2773982070458742e-06,1.6925226190826925e-07,-0.99999999999461509],"tangents":[0.99999999999462941,5.5470705971959947e-13,-3.2773982070458276e-06,-0,0.99999999999998579,1.6925226190917828e-07],"ln":21.827437844308513,"lt":[6.5482313532988163,-9.5541491271391351e-06],"lt_start":[6.5478409394519375,8.2286040719560346e-07],"q":0.002182743784430851,"ut":[499.99938395195028,-0.0007296658968037761],"gn":0.0021827437844308514,"gt":[3.9041384687887874e-06,-1.0377009534334738e-07],"b":6.548231351991511,"constant_n":10000000000,"constant_t":100,"mu":0.29999999999999999,"normal_mode":1,"tangent_mode":1,"normal_inverse_stiffness":0.0001,"tangent_inverse_stiffness":0.01,"p0":0,"beta":0,"iwan":1,"rn":1.3010428290272102e-09,"rt":[1.3142757993023224e-09,5.4583094951530717e-10]}
MORTAR_OBSERVER {"kind":"LAW","call_id":27,"pair":0,"slot":7,"node":23,"activity":2,"ndof":3,"normal":[-3.5023657646556925e-06,5.18814372153649e-08,-0.99999999999386546],"tangents":[0.99999999999386679,1.8170776952534227e-13,-3.5023657646556882e-06,-0,0.99999999999999878,5.1881437215683106e-08],"ln":6.7317831403194024,"lt":[2.0195349420963655,-4.0001803930727658e-06],"lt_start":[2.0209415981718353,-5.9464014344033339e-07],"q":0.00067317831403194105,"ut":[249.9996768074914,-0.00049493020599612281],"gn":0.00067317831403194029,"gt":[-1.4066560754697476e-05,-3.4055402496324327e-08],"b":2.0195349443726451,"constant_n":10000000000,"constant_t":100,"mu":0.29999999999999999,"normal_mode":1,"tangent_mode":1,"normal_inverse_stiffness":0.0001,"tangent_inverse_stiffness":0.01,"p0":0,"beta":0,"iwan":1,"rn":-2.2768245067084081e-09,"rt":[-2.272322774388158e-09,-2.3349812688335515e-09]}
MORTAR_OBSERVER {"kind":"LAW","call_id":27,"pair":0,"slot":8,"node":24,"activity":0,"ndof":3,"normal":[-3.9396722460157777e-06,3.9421989407207015e-07,-0.99999999999216183],"tangents":[0.99999999999223954,1.5530971755150675e-12,-3.9396722460154728e-06,4.0389678347315804e-28,0.9999999999999224,3.9421989407512952e-07],"ln":-2.6165172363295633e-17,"lt":[7.9354549158846027e-17,-3.0418277890704723e-17],"lt_start":[0,0],"q":-0.032775582893145722,"ut":[249.99962524397745,-0.00050725448067923194],"gn":-2.6165172363295633e-21,"gt":[7.9354549158846032e-19,-3.0418277890704726e-19],"b":-98326748.67943716,"constant_n":10000000000,"constant_t":100,"mu":0.29999999999999999,"normal_mode":1,"tangent_mode":1,"normal_inverse_stiffness":0.0001,"tangent_inverse_stiffness":0.01,"p0":0,"beta":0,"iwan":1,"rn":-7.8495517089886903e-18,"rt":[7.9354549158846027e-17,-3.0418277890704723e-17]}
MORTAR_OBSERVER {"kind":"POST_RAW_AFTER_ACTIVE_LOOP","call_id":27,"pair":0,"slot":0,"node":1,"activity":2,"lambda_raw":[0.00079478401259732193,-1.4990454667400663e-09,-0.0026493138827286245],"gap":-0.0003532414034587778}
MORTAR_OBSERVER {"kind":"POST_RAW_AFTER_ACTIVE_LOOP","call_id":27,"pair":0,"slot":1,"node":2,"activity":2,"lambda_raw":[0.0089081519625626559,-9.6088025245124239e-09,-0.029694183602690227],"gap":-0.0019796134315581042}
MORTAR_OBSERVER {"kind":"POST_RAW_AFTER_ACTIVE_LOOP","call_id":27,"pair":0,"slot":2,"node":3,"activity":2,"lambda_raw":[0.0065185241921229152,-1.7515760710582003e-08,-0.021728653909021425],"gap":-0.0028971547182890011}
MORTAR_OBSERVER {"kind":"POST_RAW_AFTER_ACTIVE_LOOP","call_id":27,"pair":0,"slot":3,"node":4,"activity":0,"lambda_raw":[0,0,0],"gap":0.028776676112492808}
MORTAR_OBSERVER {"kind":"POST_RAW_AFTER_ACTIVE_LOOP","call_id":27,"pair":0,"slot":4,"node":17,"activity":2,"lambda_raw":[0.0037124437813668338,-7.482361021765719e-09,-0.012374955311825142],"gap":-0.0012374953332478069}
MORTAR_OBSERVER {"kind":"POST_RAW_AFTER_ACTIVE_LOOP","call_id":27,"pair":0,"slot":5,"node":18,"activity":2,"lambda_raw":[0.0080295894854502392,-1.372680860247996e-08,-0.026765603138787567],"gap":-0.002676561560016927}
MORTAR_OBSERVER {"kind":"POST_RAW_AFTER_ACTIVE_LOOP","call_id":27,"pair":0,"slot":6,"node":19,"activity":2,"lambda_raw":[0.0032740783214351104,-2.9298997141812277e-09,-0.010913724363967878],"gap":-0.002182743784430851}
MORTAR_OBSERVER {"kind":"POST_RAW_AFTER_ACTIVE_LOOP","call_id":27,"pair":0,"slot":7,"node":23,"activity":2,"lambda_raw":[0.002019510693102087,-3.6509242272407605e-09,-0.0067317879740162352],"gap":-0.00067317831403194105}
MORTAR_OBSERVER {"kind":"POST_RAW_AFTER_ACTIVE_LOOP","call_id":27,"pair":0,"slot":8,"node":24,"activity":0,"lambda_raw":[0,0,0],"gap":0.032775582893145722}
MORTAR_OBSERVER {"kind":"CFS_INVENTORY","call_id":27,"all_node_count":35,"physical_count":13}
MORTAR_OBSERVER {"kind":"CFS_NODE","call_id":27,"node":1,"force":[-2.3604904726956861,2.44866298507668e-06,7.8683906633072658]}
MORTAR_OBSERVER {"kind":"CFS_NODE","call_id":27,"node":2,"force":[2.0247612955453076,6.6385346543976201e-07,-6.7492842832371114]}
MORTAR_OBSERVER {"kind":"CFS_NODE","call_id":27,"node":3,"force":[3.158951982306395,-1.5608523807131035e-05,-10.529943042913887]}
MORTAR_OBSERVER {"kind":"CFS_NODE","call_id":27,"node":4,"force":[-0.6731704716907605,1.2169751774791185e-06,2.2439301268713914]}
MORTAR_OBSERVER {"kind":"CFS_NODE","call_id":27,"node":13,"force":[-4.2540079555724892,7.04971293263254e-06,14.180194919853784]}
MORTAR_OBSERVER {"kind":"CFS_NODE","call_id":27,"node":14,"force":[-13.745798107181939,1.9557089899338922e-05,45.819857039023368]}
MORTAR_OBSERVER {"kind":"CFS_NODE","call_id":27,"node":15,"force":[-13.553728064389473,2.9489344609333692e-05,45.179605748513616]}
MORTAR_OBSERVER {"kind":"CFS_NODE","call_id":27,"node":16,"force":[-4.4460496735442776,6.3827561827038672e-06,14.820342292609272]}
MORTAR_OBSERVER {"kind":"CFS_NODE","call_id":27,"node":17,"force":[6.187411265572405,-1.2470611706369815e-05,-20.624942064213851]}
MORTAR_OBSERVER {"kind":"CFS_NODE","call_id":27,"node":18,"force":[13.382668091504948,-2.2878046731464198e-05,-44.609401728991642]}
MORTAR_OBSERVER {"kind":"CFS_NODE","call_id":27,"node":19,"force":[10.913599801846869,-9.766337210315641e-06,-36.379099203651052]}
MORTAR_OBSERVER {"kind":"CFS_NODE","call_id":27,"node":23,"force":[3.3658523082986975,-6.084875796723881e-06,-11.219650467171148]}
MORTAR_OBSERVER {"kind":"CFS_NODE","call_id":27,"node":24,"force":[-2.3162204067492383e-16,-3.464033204926028e-21,7.7208822643104014e-16]}
MORTAR_OBSERVER {"kind":"CFS_END","call_id":27,"scanned_nodes":35,"physical_count":13,"outside_nonzero_count":0}
MORTAR_OBSERVER {"kind":"SUMMARY_PRE_OVERRIDE","call_id":27,"ndiverg":14,"flag":0,"keepset":0,"max_n":7.8062569741632615e-09,"max_t":[7.7881807669655245e-09,1.1058125718024981e-08],"lm_t_av":[35.999965635104132,7.147302897813578e-05],"nstick":0,"nslip":7,"ninactive":2,"nnogap":0,"nolm":0}
MORTAR_OBSERVER {"kind":"SUMMARY_POST_OVERRIDE","call_id":27,"flag":0}
MORTAR_OBSERVER {"kind":"RETURN","call_id":27}
 Using up to 2 cpu(s) for the stress calculation.

 average force= 5.909909
 time avg. forc= 5.905972
 largest residual force= 0.000000 in node 31 and dof 3
 largest increment of disp= 2.499995e-01
 largest correction to disp= 1.453693e-06 in node 3 and dof 1

MORTAR_OBSERVER {"kind":"PRE_CHECK","call_id":27,"step":2,"inc":4,"cutback":0,"iteration":1,"time":1,"dtime":0.25,"ttime":1,"tper":1,"theta":0.75,"dtheta":0.25,"icntrl":0,"nmethod":1,"iexpl":0,"ithermal":0,"uncoupled":0,"mortar":2,"iflagdualquad":2}
 no convergence

MORTAR_OBSERVER {"kind":"POST_CHECK","call_id":27,"step":2,"inc":4,"cutback":0,"iteration":2,"time":1,"dtime":0.25,"ttime":1,"tper":1,"theta":0.75,"dtheta":0.25,"icntrl":0,"nmethod":1,"iexpl":0,"ithermal":0,"uncoupled":0,"mortar":2,"iflagdualquad":2}
 iteration 2

 Determining the structure of the matrix:

 Using up to 2 cpu(s) for setting up the structure of the matrix.
 number of equations
 75
 number of nonzero lower triangular matrix elements
 1143

 Using up to 2 cpu(s) for the stress calculation.

 Using up to 2 cpu(s) for the symmetric stiffness/mass contributions.

 Using up to 2 cpu(s) for the stress calculation.

 Using up to 2 cpu(s) for the symmetric stiffness/mass contributions.

 Factoring the system of equations using the unsymmetric spooles solver
 Using 1 cpu for spooles.

MORTAR_OBSERVER {"kind":"BEGIN","call_id":28,"step":2,"inc":4,"cutback":0,"iteration":2,"time":1,"dtime":0.25,"ttime":1,"tper":1,"theta":0.75,"dtheta":0.25,"icntrl":0,"nmethod":1,"iexpl":0,"ithermal":0,"uncoupled":0,"mortar":2,"iflagdualquad":2}
MORTAR_OBSERVER {"kind":"KIN_INVENTORY","call_id":28,"all_node_count":35,"physical_count":13,"dd_count":63,"bd_count":36,"slave_count":9}
MORTAR_OBSERVER {"kind":"KIN_NODE","call_id":28,"node":1,"dd_count":9,"bd_count":0,"b2":[-6.5575186870869784e-15,5.7665796838836476e-14,-1.6951946562901483e-15],"vold":[0.99935311457280218,3.0600155697522039e-05,4.1032988384923964e-05],"vini":[0.74935270828603828,3.1110438758903821e-05,4.1508260895221547e-05]}
MORTAR_OBSERVER {"kind":"KIN_DD","call_id":28,"node":1,"entry":0,"row_node":1,"slave_slot":0,"value":1333.3330501831049}
MORTAR_OBSERVER {"kind":"KIN_DD","call_id":28,"node":1,"entry":1,"row_node":2,"slave_slot":1,"value":-4.6185277956755404e-14}
MORTAR_OBSERVER {"kind":"KIN_DD","call_id":28,"node":1,"entry":2,"row_node":3,"slave_slot":2,"value":-4.4098059214193514e-13}
MORTAR_OBSERVER {"kind":"KIN_DD","call_id":28,"node":1,"entry":3,"row_node":4,"slave_slot":3,"value":6.2468549510310283e-14}
MORTAR_OBSERVER {"kind":"KIN_DD","call_id":28,"node":1,"entry":4,"row_node":17,"slave_slot":4,"value":-333.33360568730149}
MORTAR_OBSERVER {"kind":"KIN_DD","call_id":28,"node":1,"entry":5,"row_node":18,"slave_slot":5,"value":2.8325490268647698e-13}
MORTAR_OBSERVER {"kind":"KIN_DD","call_id":28,"node":1,"entry":6,"row_node":19,"slave_slot":6,"value":-666.66700628520459}
MORTAR_OBSERVER {"kind":"KIN_DD","call_id":28,"node":1,"entry":7,"row_node":23,"slave_slot":7,"value":-7.621680878211787e-14}
MORTAR_OBSERVER {"kind":"KIN_DD","call_id":28,"node":1,"entry":8,"row_node":24,"slave_slot":8,"value":-333.33325786551114}
MORTAR_OBSERVER {"kind":"KIN_NODE","call_id":28,"node":2,"dd_count":6,"bd_count":0,"b2":[6.0173866078566598e-15,3.9333029473121422e-14,4.0907806059681537e-15],"vold":[0.99934364800046871,-4.626533412728755e-05,-0.00027497756467691849],"vini":[0.74934317377158866,-4.5782530957960822e-05,-0.00027487635594252991]}
MORTAR_OBSERVER {"kind":"KIN_DD","call_id":28,"node":2,"entry":9,"row_node":1,"slave_slot":0,"value":3.7303498524314555e-14}
MORTAR_OBSERVER {"kind":"KIN_DD","call_id":28,"node":2,"entry":10,"row_node":2,"slave_slot":1,"value":666.66770506861837}
MORTAR_OBSERVER {"kind":"KIN_DD","call_id":28,"node":2,"entry":11,"row_node":3,"slave_slot":2,"value":-1.2012613223500053e-13}
MORTAR_OBSERVER {"kind":"KIN_DD","call_id":28,"node":2,"entry":12,"row_node":17,"slave_slot":4,"value":-333.33360568730041}
MORTAR_OBSERVER {"kind":"KIN_DD","call_id":28,"node":2,"entry":13,"row_node":18,"slave_slot":5,"value":-333.33381028187932}
MORTAR_OBSERVER {"kind":"KIN_DD","call_id":28,"node":2,"entry":14,"row_node":19,"slave_slot":6,"value":-1.9316956128678289e-13}
MORTAR_OBSERVER {"kind":"KIN_NODE","call_id":28,"node":3,"dd_count":9,"bd_count":0,"b2":[-2.7006994685989614e-14,2.1521634813286354e-14,-1.4874134100829338e-15],"vold":[0.99933726931170519,7.9586472302047075e-05,-0.00026882182317110981],"vini":[0.74933679408925125,8.011458246815956e-05,-0.00026817053066510466]}
MORTAR_OBSERVER {"kind":"KIN_DD","call_id":28,"node":3,"entry":15,"row_node":1,"slave_slot":0,"value":-1.9743928782557891e-13}
MORTAR_OBSERVER {"kind":"KIN_DD","call_id":28,"node":3,"entry":16,"row_node":2,"slave_slot":1,"value":1.0002183938087642e-13}
MORTAR_OBSERVER {"kind":"KIN_DD","call_id":28,"node":3,"entry":17,"row_node":3,"slave_slot":2,"value":1333.3349465173167}
MORTAR_OBSERVER {"kind":"KIN_DD","call_id":28,"node":3,"entry":18,"row_node":4,"slave_slot":3,"value":-1.1642538930118629e-13}
MORTAR_OBSERVER {"kind":"KIN_DD","call_id":28,"node":3,"entry":19,"row_node":17,"slave_slot":4,"value":1.2669495200324208e-13}
MORTAR_OBSERVER {"kind":"KIN_DD","call_id":28,"node":3,"entry":20,"row_node":18,"slave_slot":5,"value":-333.33381028188052}
MORTAR_OBSERVER {"kind":"KIN_DD","call_id":28,"node":3,"entry":21,"row_node":19,"slave_slot":6,"value":-666.66700628520505}
MORTAR_OBSERVER {"kind":"KIN_DD","call_id":28,"node":3,"entry":22,"row_node":23,"slave_slot":7,"value":-333.33345249919466}
MORTAR_OBSERVER {"kind":"KIN_DD","call_id":28,"node":3,"entry":23,"row_node":24,"slave_slot":8,"value":1.4662345834756016e-13}
MORTAR_OBSERVER {"kind":"KIN_NODE","call_id":28,"node":4,"dd_count":6,"bd_count":0,"b2":[1.8773859108803708e-14,1.8858774417566302e-14,-3.9285741658351961e-15],"vold":[0.99934422463324468,3.819953300964786e-06,8.0016151154266134e-05],"vini":[0.74934379300185117,4.3358717202615521e-06,8.1099092170914947e-05]}
MORTAR_OBSERVER {"kind":"KIN_DD","call_id":28,"node":4,"entry":24,"row_node":1,"slave_slot":0,"value":1.9232301014934998e-13}
MORTAR_OBSERVER {"kind":"KIN_DD","call_id":28,"node":4,"entry":25,"row_node":3,"slave_slot":2,"value":-4.1591733854021712e-14}
MORTAR_OBSERVER {"kind":"KIN_DD","call_id":28,"node":4,"entry":26,"row_node":4,"slave_slot":3,"value":666.66656346957632}
MORTAR_OBSERVER {"kind":"KIN_DD","call_id":28,"node":4,"entry":27,"row_node":19,"slave_slot":6,"value":2.5609144728795609e-13}
MORTAR_OBSERVER {"kind":"KIN_DD","call_id":28,"node":4,"entry":28,"row_node":23,"slave_slot":7,"value":-333.33345249919512}
MORTAR_OBSERVER {"kind":"KIN_DD","call_id":28,"node":4,"entry":29,"row_node":24,"slave_slot":8,"value":-333.33325786551211}
MORTAR_OBSERVER {"kind":"KIN_NODE","call_id":28,"node":13,"dd_count":0,"bd_count":9,"b2":[-1.9390903889125719e-16,-4.7118419203609765e-15,-2.4216412430892426e-15],"vold":[0.00020275602084996087,2.9593666133755215e-05,7.6311466260067443e-05],"vini":[0.00020205298625090783,2.9274695239681243e-05,7.5352722077447117e-05]}
MORTAR_OBSERVER {"kind":"KIN_BD","call_id":28,"node":13,"entry":0,"row_node":1,"slave_slot":0,"value":-1110.1935131212106}
MORTAR_OBSERVER {"kind":"KIN_BD","call_id":28,"node":13,"entry":1,"row_node":2,"slave_slot":1,"value":-45.838070641382593}
MORTAR_OBSERVER {"kind":"KIN_BD","call_id":28,"node":13,"entry":2,"row_node":3,"slave_slot":2,"value":-8.3341644378855904}
MORTAR_OBSERVER {"kind":"KIN_BD","call_id":28,"node":13,"entry":3,"row_node":4,"slave_slot":3,"value":-50.463342771185729}
MORTAR_OBSERVER {"kind":"KIN_BD","call_id":28,"node":13,"entry":4,"row_node":17,"slave_slot":4,"value":-450.70219959191621}
MORTAR_OBSERVER {"kind":"KIN_BD","call_id":28,"node":13,"entry":5,"row_node":18,"slave_slot":5,"value":-37.504050780805699}
MORTAR_OBSERVER {"kind":"KIN_BD","call_id":28,"node":13,"entry":6,"row_node":19,"slave_slot":6,"value":-260.19281281504004}
MORTAR_OBSERVER {"kind":"KIN_BD","call_id":28,"node":13,"entry":7,"row_node":23,"slave_slot":7,"value":-40.972593766329837}
MORTAR_OBSERVER {"kind":"KIN_BD","call_id":28,"node":13,"entry":8,"row_node":24,"slave_slot":8,"value":-454.17002322506772}
MORTAR_OBSERVER {"kind":"KIN_NODE","call_id":28,"node":14,"dd_count":0,"bd_count":9,"b2":[-2.0883171176747943e-15,7.8175741554278661e-15,5.2352965064962139e-15],"vold":[0.00029225811007178572,-7.4104836930033408e-05,-0.00030083285214689375],"vini":[0.00029128831589369511,-7.3868450063326781e-05,-0.00029980725571003645]}
MORTAR_OBSERVER {"kind":"KIN_BD","call_id":28,"node":14,"entry":9,"row_node":1,"slave_slot":0,"value":-112.02835299820148}
MORTAR_OBSERVER {"kind":"KIN_BD","call_id":28,"node":14,"entry":10,"row_node":2,"slave_slot":1,"value":-565.27391211334816}
MORTAR_OBSERVER {"kind":"KIN_BD","call_id":28,"node":14,"entry":11,"row_node":3,"slave_slot":2,"value":-102.77664747618766}
MORTAR_OBSERVER {"kind":"KIN_BD","call_id":28,"node":14,"entry":12,"row_node":4,"slave_slot":3,"value":-5.0921757528813352}
MORTAR_OBSERVER {"kind":"KIN_BD","call_id":28,"node":14,"entry":13,"row_node":17,"slave_slot":4,"value":-465.96537209778353}
MORTAR_OBSERVER {"kind":"KIN_BD","call_id":28,"node":14,"entry":14,"row_node":18,"slave_slot":5,"value":-462.49648599862167}
MORTAR_OBSERVER {"kind":"KIN_BD","call_id":28,"node":14,"entry":15,"row_node":19,"slave_slot":6,"value":-739.80746038735549}
MORTAR_OBSERVER {"kind":"KIN_BD","call_id":28,"node":14,"entry":16,"row_node":23,"slave_slot":7,"value":-42.360287527877766}
MORTAR_OBSERVER {"kind":"KIN_BD","call_id":28,"node":14,"entry":17,"row_node":24,"slave_slot":8,"value":-45.829693980273149}
MORTAR_OBSERVER {"kind":"KIN_NODE","call_id":28,"node":15,"dd_count":0,"bd_count":9,"b2":[-1.389248850124973e-15,-7.4628846138990273e-16,-2.0938295897223746e-15],"vold":[0.00028992017479382589,7.2848672429177719e-05,-0.00029334267389875292],"vini":[0.0002889416388128536,7.2608341953683489e-05,-0.00029228895563094556]}
MORTAR_OBSERVER {"kind":"KIN_BD","call_id":28,"node":15,"entry":18,"row_node":1,"slave_slot":0,"value":-10.18441976901936}
MORTAR_OBSERVER {"kind":"KIN_BD","call_id":28,"node":15,"entry":19,"row_node":2,"slave_slot":1,"value":-51.388630972067304}
MORTAR_OBSERVER {"kind":"KIN_BD","call_id":28,"node":15,"entry":20,"row_node":3,"slave_slot":2,"value":-1130.5476184856184}
MORTAR_OBSERVER {"kind":"KIN_BD","call_id":28,"node":15,"entry":21,"row_node":4,"slave_slot":3,"value":-56.013943173196886}
MORTAR_OBSERVER {"kind":"KIN_BD","call_id":28,"node":15,"entry":22,"row_node":17,"slave_slot":4,"value":-42.360320673878448}
MORTAR_OBSERVER {"kind":"KIN_BD","call_id":28,"node":15,"entry":23,"row_node":18,"slave_slot":5,"value":-462.49678896980322}
MORTAR_OBSERVER {"kind":"KIN_BD","call_id":28,"node":15,"entry":24,"row_node":19,"slave_slot":6,"value":-276.84483518675063}
MORTAR_OBSERVER {"kind":"KIN_BD","call_id":28,"node":15,"entry":25,"row_node":23,"slave_slot":7,"value":-465.96563325259677}
MORTAR_OBSERVER {"kind":"KIN_BD","call_id":28,"node":15,"entry":26,"row_node":24,"slave_slot":8,"value":-45.829788098780917}
MORTAR_OBSERVER {"kind":"KIN_NODE","call_id":28,"node":16,"dd_count":0,"bd_count":9,"b2":[-2.631461537655367e-15,5.2956166574204845e-15,-1.0042624149706672e-15],"vold":[0.00020329891688375163,-2.9054583096003017e-05,6.9681012958672695e-05],"vini":[0.00020259787072922939,-2.8732830529731375e-05,6.869626248401813e-05]}
MORTAR_OBSERVER {"kind":"KIN_BD","call_id":28,"node":16,"entry":27,"row_node":1,"slave_slot":0,"value":-100.92676429467286}
MORTAR_OBSERVER {"kind":"KIN_BD","call_id":28,"node":16,"entry":28,"row_node":2,"slave_slot":1,"value":-4.16709134182112}
MORTAR_OBSERVER {"kind":"KIN_BD","call_id":28,"node":16,"entry":29,"row_node":3,"slave_slot":2,"value":-91.676516117626221}
MORTAR_OBSERVER {"kind":"KIN_BD","call_id":28,"node":16,"entry":30,"row_node":4,"slave_slot":3,"value":-555.09710177231193}
MORTAR_OBSERVER {"kind":"KIN_BD","call_id":28,"node":16,"entry":31,"row_node":17,"slave_slot":4,"value":-40.972899863035408}
MORTAR_OBSERVER {"kind":"KIN_BD","call_id":28,"node":16,"entry":32,"row_node":18,"slave_slot":5,"value":-37.504080261104825}
MORTAR_OBSERVER {"kind":"KIN_BD","call_id":28,"node":16,"entry":33,"row_node":19,"slave_slot":6,"value":-723.15586079590832}
MORTAR_OBSERVER {"kind":"KIN_BD","call_id":28,"node":16,"entry":34,"row_node":23,"slave_slot":7,"value":-450.70181811550196}
MORTAR_OBSERVER {"kind":"KIN_BD","call_id":28,"node":16,"entry":35,"row_node":24,"slave_slot":8,"value":-454.1702434571493}
MORTAR_OBSERVER {"kind":"KIN_NODE","call_id":28,"node":17,"dd_count":6,"bd_count":0,"b2":[-5.5247661537489588e-15,-3.0884889121430653e-14,1.2302781274026608e-15],"vold":[0.99932221475267324,-1.4520446847962197e-05,-0.00011674439942139972],"vini":[0.74932177317385584,-1.4033314648020908e-05,-0.00011629531546445404]}
MORTAR_OBSERVER {"kind":"KIN_DD","call_id":28,"node":17,"entry":30,"row_node":1,"slave_slot":0,"value":-9.2962675518780992e-13}
MORTAR_OBSERVER {"kind":"KIN_DD","call_id":28,"node":17,"entry":31,"row_node":2,"slave_slot":1,"value":1.5395092761072009e-13}
MORTAR_OBSERVER {"kind":"KIN_DD","call_id":28,"node":17,"entry":32,"row_node":3,"slave_slot":2,"value":1.2582527737414624e-13}
MORTAR_OBSERVER {"kind":"KIN_DD","call_id":28,"node":17,"entry":33,"row_node":17,"slave_slot":4,"value":1666.6680036012158}
MORTAR_OBSERVER {"kind":"KIN_DD","call_id":28,"node":17,"entry":34,"row_node":18,"slave_slot":5,"value":-8.6338344739377399e-13}
MORTAR_OBSERVER {"kind":"KIN_DD","call_id":28,"node":17,"entry":35,"row_node":19,"slave_slot":6,"value":4.0504637084118544e-13}
MORTAR_OBSERVER {"kind":"KIN_NODE","call_id":28,"node":18,"dd_count":6,"bd_count":0,"b2":[-6.6675700844580474e-15,3.8526284322605425e-14,1.3300158831476763e-15],"vold":[0.99935810855413876,1.515334919187164e-05,-0.00027196299874404477],"vini":[0.74935764464057997,1.5643963537834205e-05,-0.00027163775350610991]}
MORTAR_OBSERVER {"kind":"KIN_DD","call_id":28,"node":18,"entry":36,"row_node":1,"slave_slot":0,"value":-5.6251300473147733e-14}
MORTAR_OBSERVER {"kind":"KIN_DD","call_id":28,"node":18,"entry":37,"row_node":2,"slave_slot":1,"value":7.8751820662406823e-13}
MORTAR_OBSERVER {"kind":"KIN_DD","call_id":28,"node":18,"entry":38,"row_node":3,"slave_slot":2,"value":6.9573976900998509e-14}
MORTAR_OBSERVER {"kind":"KIN_DD","call_id":28,"node":18,"entry":39,"row_node":17,"slave_slot":4,"value":-6.868579847247512e-13}
MORTAR_OBSERVER {"kind":"KIN_DD","call_id":28,"node":18,"entry":40,"row_node":18,"slave_slot":5,"value":1666.6690265740951}
MORTAR_OBSERVER {"kind":"KIN_DD","call_id":28,"node":18,"entry":41,"row_node":19,"slave_slot":6,"value":9.7616360409898307e-13}
MORTAR_OBSERVER {"kind":"KIN_NODE","call_id":28,"node":19,"dd_count":9,"bd_count":0,"b2":[1.4034938572864466e-15,-3.1173710850050134e-15,-3.9626642793120821e-17],"vold":[0.9993447158392198,1.750384649897958e-05,-0.00011626938751425318],"vini":[0.74934429356500498,1.8007833661293775e-05,-0.00011566439127415932]}
MORTAR_OBSERVER {"kind":"KIN_DD","call_id":28,"node":19,"entry":42,"row_node":1,"slave_slot":0,"value":2.5757174427178171e-13}
MORTAR_OBSERVER {"kind":"KIN_DD","call_id":28,"node":19,"entry":43,"row_node":2,"slave_slot":1,"value":-1.2730557475501854e-13}
MORTAR_OBSERVER {"kind":"KIN_DD","call_id":28,"node":19,"entry":44,"row_node":3,"slave_slot":2,"value":9.2740630911650139e-13}
MORTAR_OBSERVER {"kind":"KIN_DD","call_id":28,"node":19,"entry":45,"row_node":4,"slave_slot":3,"value":3.2714572117278023e-13}
MORTAR_OBSERVER {"kind":"KIN_DD","call_id":28,"node":19,"entry":46,"row_node":17,"slave_slot":4,"value":4.5001040378518186e-13}
MORTAR_OBSERVER {"kind":"KIN_DD","call_id":28,"node":19,"entry":47,"row_node":18,"slave_slot":5,"value":5.2707838617684645e-13}
MORTAR_OBSERVER {"kind":"KIN_DD","call_id":28,"node":19,"entry":48,"row_node":19,"slave_slot":6,"value":3333.3349817554626}
MORTAR_OBSERVER {"kind":"KIN_DD","call_id":28,"node":19,"entry":49,"row_node":23,"slave_slot":7,"value":-4.5426625875518974e-13}
MORTAR_OBSERVER {"kind":"KIN_DD","call_id":28,"node":19,"entry":50,"row_node":24,"slave_slot":8,"value":-1.1146639277968484e-12}
MORTAR_OBSERVER {"kind":"KIN_NODE","call_id":28,"node":23,"dd_count":6,"bd_count":0,"b2":[-1.2526591304306633e-15,-8.03830858644047e-15,-1.8809456884946427e-15],"vold":[0.99932876823998684,4.7139966926134006e-05,-0.00010710434519878492],"vini":[0.74932832559736862,4.7663714480041775e-05,-0.00010620455838781097]}
MORTAR_OBSERVER {"kind":"KIN_DD","call_id":28,"node":23,"entry":51,"row_node":1,"slave_slot":0,"value":-6.3652787377509268e-14}
MORTAR_OBSERVER {"kind":"KIN_DD","call_id":28,"node":23,"entry":52,"row_node":3,"slave_slot":2,"value":4.5593159330867104e-13}
MORTAR_OBSERVER {"kind":"KIN_DD","call_id":28,"node":23,"entry":53,"row_node":4,"slave_slot":3,"value":-3.4786988450499255e-14}
MORTAR_OBSERVER {"kind":"KIN_DD","call_id":28,"node":23,"entry":54,"row_node":19,"slave_slot":6,"value":1.1842379046978469e-13}
MORTAR_OBSERVER {"kind":"KIN_DD","call_id":28,"node":23,"entry":55,"row_node":23,"slave_slot":7,"value":1666.6672376606969}
MORTAR_OBSERVER {"kind":"KIN_DD","call_id":28,"node":23,"entry":56,"row_node":24,"slave_slot":8,"value":2.6330789662266191e-13}
MORTAR_OBSERVER {"kind":"KIN_NODE","call_id":28,"node":24,"dd_count":6,"bd_count":0,"b2":[1.4997242455394478e-15,2.9866500535281197e-14,-2.8010511775264586e-15],"vold":[0.99935771895755088,8.7533835626999196e-06,6.7319867199331236e-05],"vini":[0.74935730235444731,9.2636258476108818e-06,6.8112555979361726e-05]}
MORTAR_OBSERVER {"kind":"KIN_DD","call_id":28,"node":24,"entry":57,"row_node":1,"slave_slot":0,"value":-9.3258734994955448e-14}
MORTAR_OBSERVER {"kind":"KIN_DD","call_id":28,"node":24,"entry":58,"row_node":3,"slave_slot":2,"value":3.0790185522144018e-13}
MORTAR_OBSERVER {"kind":"KIN_DD","call_id":28,"node":24,"entry":59,"row_node":4,"slave_slot":3,"value":-4.5963233676085189e-13}
MORTAR_OBSERVER {"kind":"KIN_DD","call_id":28,"node":24,"entry":60,"row_node":19,"slave_slot":6,"value":-7.1054274281870821e-13}
MORTAR_OBSERVER {"kind":"KIN_DD","call_id":28,"node":24,"entry":61,"row_node":23,"slave_slot":7,"value":8.0121095739713712e-14}
MORTAR_OBSERVER {"kind":"KIN_DD","call_id":28,"node":24,"entry":62,"row_node":24,"slave_slot":8,"value":1666.6662644922947}
MORTAR_OBSERVER {"kind":"KIN_GAP","call_id":28,"pair":0,"slot":0,"node":1,"gap":-0.0003532414034587778}
MORTAR_OBSERVER {"kind":"KIN_GAP","call_id":28,"pair":0,"slot":1,"node":2,"gap":-0.0019796134315581042}
MORTAR_OBSERVER {"kind":"KIN_GAP","call_id":28,"pair":0,"slot":2,"node":3,"gap":-0.0028971547182890011}
MORTAR_OBSERVER {"kind":"KIN_GAP","call_id":28,"pair":0,"slot":3,"node":4,"gap":0.028776676112492808}
MORTAR_OBSERVER {"kind":"KIN_GAP","call_id":28,"pair":0,"slot":4,"node":17,"gap":-0.0012374953332478069}
MORTAR_OBSERVER {"kind":"KIN_GAP","call_id":28,"pair":0,"slot":5,"node":18,"gap":-0.002676561560016927}
MORTAR_OBSERVER {"kind":"KIN_GAP","call_id":28,"pair":0,"slot":6,"node":19,"gap":-0.002182743784430851}
MORTAR_OBSERVER {"kind":"KIN_GAP","call_id":28,"pair":0,"slot":7,"node":23,"gap":-0.00067317831403194105}
MORTAR_OBSERVER {"kind":"KIN_GAP","call_id":28,"pair":0,"slot":8,"node":24,"gap":0.032775582893145722}
MORTAR_OBSERVER {"kind":"INVENTORY","call_id":28,"pair_count":1,"slave_count":9}
MORTAR_OBSERVER {"kind":"PAIR","call_id":28,"pair":0,"start":0,"end":9}
MORTAR_OBSERVER {"kind":"PRE_RAW","call_id":28,"pair":0,"slot":0,"node":1,"activity":2,"lambda_raw":[0.00079478401267595446,-1.503941259594389e-09,-0.0026493138829959358],"lambda_start":[0.00079171870085542628,-2.1684875255328561e-10,-0.0026390963602684141],"ddtil_count":1}
MORTAR_OBSERVER {"kind":"DDTIL","call_id":28,"pair":0,"column_slot":0,"source_slot":0,"destination_slot":0,"entry":0,"value":1333.3330501831047}
MORTAR_OBSERVER {"kind":"PRE_RAW","call_id":28,"pair":0,"slot":1,"node":2,"activity":2,"lambda_raw":[0.008908151962584071,-9.6125681521143947e-09,-0.029694183602830965],"lambda_start":[0.0089056426325445619,4.2415413490401887e-09,-0.029685824965624198],"ddtil_count":1}
MORTAR_OBSERVER {"kind":"DDTIL","call_id":28,"pair":0,"column_slot":1,"source_slot":1,"destination_slot":1,"entry":1,"value":666.6677050686186}
MORTAR_OBSERVER {"kind":"PRE_RAW","call_id":28,"pair":0,"slot":2,"node":3,"activity":2,"lambda_raw":[0.0065185241922015042,-1.7515657425656823e-08,-0.02172865390933618],"lambda_start":[0.0065185445153415414,-6.1441539650406678e-09,-0.021728725327858734],"ddtil_count":1}
MORTAR_OBSERVER {"kind":"DDTIL","call_id":28,"pair":0,"column_slot":2,"source_slot":2,"destination_slot":2,"entry":2,"value":1333.3349465173169}
MORTAR_OBSERVER {"kind":"PRE_RAW","call_id":28,"pair":0,"slot":3,"node":4,"activity":0,"lambda_raw":[-7.7548194430968402e-28,-7.7548194430968402e-28,0],"lambda_start":[0,0,0],"ddtil_count":1}
MORTAR_OBSERVER {"kind":"DDTIL","call_id":28,"pair":0,"column_slot":3,"source_slot":3,"destination_slot":3,"entry":3,"value":666.6665634695762}
MORTAR_OBSERVER {"kind":"PRE_RAW","call_id":28,"pair":0,"slot":4,"node":17,"activity":2,"lambda_raw":[0.0037124437812580966,-7.4713041755990791e-09,-0.012374955311487874],"lambda_start":[0.0037196028778886067,-1.723873202017443e-09,-0.012398821070906342],"ddtil_count":1}
MORTAR_OBSERVER {"kind":"DDTIL","call_id":28,"pair":0,"column_slot":4,"source_slot":4,"destination_slot":4,"entry":4,"value":1000.000792226614}
MORTAR_OBSERVER {"kind":"PRE_RAW","call_id":28,"pair":0,"slot":5,"node":18,"activity":2,"lambda_raw":[0.0080295894853587759,-1.3730488545126946e-08,-0.026765603138542943],"lambda_start":[0.0080271409833116286,-1.122368307846293e-09,-0.026757446372063023],"ddtil_count":1}
MORTAR_OBSERVER {"kind":"DDTIL","call_id":28,"pair":0,"column_slot":5,"source_slot":5,"destination_slot":5,"entry":5,"value":1000.0014060103355}
MORTAR_OBSERVER {"kind":"PRE_RAW","call_id":28,"pair":0,"slot":6,"node":19,"activity":2,"lambda_raw":[0.0032740783213495183,-2.9301730976448755e-09,-0.010913724363704625],"lambda_start":[0.0032738831167336861,2.2584926739019828e-09,-0.010913075245465247],"ddtil_count":1}
MORTAR_OBSERVER {"kind":"DDTIL","call_id":28,"pair":0,"column_slot":6,"source_slot":6,"destination_slot":6,"entry":6,"value":2000.0009691850528}
MORTAR_OBSERVER {"kind":"PRE_RAW","call_id":28,"pair":0,"slot":7,"node":23,"activity":2,"lambda_raw":[0.0020195106931691141,-3.6485894768961084e-09,-0.0067317879742546686],"lambda_start":[0.0020209173322839405,-2.4514179266863914e-10,-0.0067364778563179326],"ddtil_count":1}
MORTAR_OBSERVER {"kind":"DDTIL","call_id":28,"pair":0,"column_slot":7,"source_slot":7,"destination_slot":7,"entry":7,"value":1000.0003326623072}
MORTAR_OBSERVER {"kind":"PRE_RAW","call_id":28,"pair":0,"slot":8,"node":24,"activity":0,"lambda_raw":[-1.4475664356525491e-27,-2.4298436598453499e-27,-1.0339760254661063e-27],"lambda_start":[0,0,0],"ddtil_count":1}
MORTAR_OBSERVER {"kind":"DDTIL","call_id":28,"pair":0,"column_slot":8,"source_slot":8,"destination_slot":8,"entry":8,"value":999.99974876127169}
MORTAR_OBSERVER {"kind":"LAW","call_id":28,"pair":0,"slot":0,"node":1,"activity":2,"ndof":3,"normal":[-3.5156168075979955e-06,3.1250338452527707e-07,-0.99999999999377143],"tangents":[0.99999999999382028,1.0986421510751129e-12,-3.5156168075978244e-06,-0,0.99999999999995126,3.1250338452720831e-07],"ln":3.5324140349442006,"lt":[1.0597242104786992,-3.1091470926736984e-06],"lt_start":[1.0556370810247813,-1.3887667680518379e-06],"q":0.00035324140349442013,"ut":[333.33283439611876,-0.00097798927958733599],"gn":0.00035324140349442007,"gt":[4.0871294539179818e-05,-1.7203803246218604e-08],"b":1.0597242106458904,"constant_n":10000000000,"constant_t":100,"mu":0.29999999999999999,"normal_mode":1,"tangent_mode":1,"normal_inverse_stiffness":0.0001,"tangent_inverse_stiffness":0.01,"p0":0,"beta":0,"iwan":1,"rn":-1.6263035362840128e-10,"rt":[-1.6263013158379636e-10,4.7714340006724081e-16]}
MORTAR_OBSERVER {"kind":"LAW","call_id":28,"pair":0,"slot":1,"node":2,"activity":2,"ndof":3,"normal":[-3.1859436794845816e-06,6.1092161660835508e-08,-0.99999999999492306],"tangents":[0.99999999999492495,1.9463618631037697e-13,-3.1859436794845757e-06,-0,0.99999999999999822,6.1092161661145562e-08],"ln":19.796134315674866,"lt":[5.9388402946975756,-7.617778543571859e-06],"lt_start":[5.9371673876454256,1.6186492753394546e-06],"q":0.0019796134315674869,"ut":[166.66660878569556,-0.00021387639043440288],"gn":0.0019796134315674869,"gt":[1.6729070521499524e-05,-9.2364278189113137e-08],"b":5.9388402947024597,"constant_n":10000000000,"constant_t":100,"mu":0.29999999999999999,"normal_mode":1,"tangent_mode":1,"normal_inverse_stiffness":0.0001,"tangent_inverse_stiffness":0.01,"p0":0,"beta":0,"iwan":1,"rn":0,"rt":[8.8817841970012523e-16,1.6940658945086007e-21]}
MORTAR_OBSERVER {"kind":"LAW","call_id":28,"pair":0,"slot":2,"node":3,"activity":2,"ndof":3,"normal":[-3.0391797145230364e-06,2.6001669487785976e-08,-0.99999999999538136],"tangents":[0.99999999999538169,7.9023746451376688e-14,-3.0391797145230352e-06,-1.2621774483536189e-29,0.99999999999999967,2.6001669487906059e-08],"ln":28.971547183309678,"lt":[8.6914641549594673,-2.4107547438096067e-05],"lt_start":[8.6914912528017059,-8.9455269556180331e-06],"q":0.0028971547183309679,"ut":[333.33309417506604,-0.00092471890182445988],"gn":0.0028971547183309679,"gt":[-2.709784223853262e-07,-1.5162020482478034e-07],"b":8.6914641549929037,"constant_n":10000000000,"constant_t":100,"mu":0.29999999999999999,"normal_mode":1,"tangent_mode":1,"normal_inverse_stiffness":0.0001,"tangent_inverse_stiffness":0.01,"p0":0,"beta":0,"iwan":1,"rn":0,"rt":[-3.5527136788005009e-15,1.0164395367051604e-20]}
MORTAR_OBSERVER {"kind":"LAW","call_id":28,"pair":0,"slot":3,"node":4,"activity":0,"ndof":3,"normal":[-4.0100309159575396e-06,1.222398415494551e-07,-0.99999999999195244],"tangents":[0.99999999999195988,4.9018554377900717e-13,-4.0100309159575099e-06,-1.0097419586828951e-28,0.99999999999999267,1.2223984155043795e-07],"ln":2.0099408765044206e-30,"lt":[-5.1698788284173901e-25,-5.1698788284563853e-25],"lt_start":[0,0],"q":-0.028776676110644106,"ut":[166.6664442491236,-0.00019369625754655815],"gn":2.0099408765044209e-34,"gt":[-5.1698788284173903e-27,-5.1698788284563852e-27],"b":-86330028.331932321,"constant_n":10000000000,"constant_t":100,"mu":0.29999999999999999,"normal_mode":1,"tangent_mode":1,"normal_inverse_stiffness":0.0001,"tangent_inverse_stiffness":0.01,"p0":0,"beta":0,"iwan":1,"rn":6.0298226295132614e-31,"rt":[-5.1698788284173901e-25,-5.1698788284563853e-25]}
MORTAR_OBSERVER {"kind":"LAW","call_id":28,"pair":0,"slot":4,"node":17,"activity":2,"ndof":3,"normal":[-3.1739320428329847e-06,9.9494575043874757e-09,-0.99999999999496303],"tangents":[0.99999999999496314,3.1578901982139569e-14,-3.1739320428329847e-06,-0,1,9.9494575044375913e-09],"ln":12.374953332140803,"lt":[3.7124859996344721,-7.5944342840982337e-06],"lt_start":[3.7196451776849315,-1.8472362087960785e-06],"q":0.0012374953332140799,"ut":[249.99980159208769,-0.00051146885726670809],"gn":0.0012374953332140804,"gt":[-7.1591780504594033e-05,-5.7471980753021548e-08],"b":3.7124859983411982,"constant_n":10000000000,"constant_t":100,"mu":0.29999999999999999,"normal_mode":1,"tangent_mode":1,"normal_inverse_stiffness":0.0001,"tangent_inverse_stiffness":0.01,"p0":0,"beta":0,"iwan":1,"rn":1.3010428290272102e-09,"rt":[1.3010410526703708e-09,-2.6614706938972096e-15]}
MORTAR_OBSERVER {"kind":"LAW","call_id":28,"pair":0,"slot":5,"node":18,"activity":2,"ndof":3,"normal":[-3.1348009946187284e-06,6.5786124401879273e-08,-0.99999999999508438],"tangents":[0.99999999999508649,2.0622640820813585e-13,-3.1348009946187216e-06,-2.5243548967072378e-29,0.99999999999999789,6.5786124402202521e-08],"ln":26.765615599924619,"lt":[8.0296846799624397,-1.5491315623818339e-05],"lt_start":[8.0272361489028086,-2.8826410565815118e-06],"q":0.0026765615599924626,"ut":[249.99985445072329,-0.00048243970505742421],"gn":0.0026765615599924622,"gt":[2.448531059631165e-05,-1.2608674567236828e-07],"b":8.029684681278427,"constant_n":10000000000,"constant_t":100,"mu":0.29999999999999999,"normal_mode":1,"tangent_mode":1,"normal_inverse_stiffness":0.0001,"tangent_inverse_stiffness":0.01,"p0":0,"beta":0,"iwan":1,"rn":-1.3010410526703708e-09,"rt":[-1.3010428290272102e-09,2.5100466139165584e-15]}
MORTAR_OBSERVER {"kind":"LAW","call_id":28,"pair":0,"slot":6,"node":19,"activity":2,"ndof":3,"normal":[-3.2773982070458742e-06,1.6925226190826925e-07,-0.99999999999461509],"tangents":[0.99999999999462941,5.5470705971959947e-13,-3.2773982070458276e-06,-0,0.99999999999998579,1.6925226190917828e-07],"ln":21.827437843782004,"lt":[6.5482313531276297,-9.5546958942422776e-06],"lt_start":[6.5478409394519375,8.2286040719560346e-07],"q":0.0021827437843782004,"ut":[499.99938395198109,-0.00072966596816713229],"gn":0.0021827437843782004,"gt":[3.9041367569225827e-06,-1.0377556301437881e-07],"b":6.548231353134601,"constant_n":10000000000,"constant_t":100,"mu":0.29999999999999999,"normal_mode":1,"tangent_mode":1,"normal_inverse_stiffness":0.0001,"tangent_inverse_stiffness":0.01,"p0":0,"beta":0,"iwan":1,"rn":0,"rt":[-8.8817841970012523e-16,5.082197683525802e-21]}
MORTAR_OBSERVER {"kind":"LAW","call_id":28,"pair":0,"slot":7,"node":23,"activity":2,"ndof":3,"normal":[-3.5023657646556925e-06,5.18814372153649e-08,-0.99999999999386546],"tangents":[0.99999999999386679,1.8170776952534227e-13,-3.5023657646556882e-06,-0,0.99999999999999878,5.1881437215683106e-08],"ln":6.7317831405578357,"lt":[2.0195349421633937,-3.9978456419638006e-06],"lt_start":[2.0209415981718353,-5.9464014344033339e-07],"q":0.00067317831405578341,"ut":[249.99967680749404,-0.0004949302350305472],"gn":0.00067317831405578363,"gt":[-1.4066560084415868e-05,-3.4032054985234671e-08],"b":2.0195349415168296,"constant_n":10000000000,"constant_t":100,"mu":0.29999999999999999,"normal_mode":1,"tangent_mode":1,"normal_inverse_stiffness":0.0001,"tangent_inverse_stiffness":0.01,"p0":0,"beta":0,"iwan":1,"rn":6.5052097042439527e-10,"rt":[6.5052141451360512e-10,-1.2877636714684997e-15]}
MORTAR_OBSERVER {"kind":"LAW","call_id":28,"pair":0,"slot":8,"node":24,"activity":0,"ndof":3,"normal":[-3.9396722460157777e-06,3.9421989407207015e-07,-0.99999999999216183],"tangents":[0.99999999999223954,1.5530971755150675e-12,-3.9396722460154728e-06,4.0389678347315804e-28,0.9999999999999224,3.9421989407512952e-07],"ln":1.0339805107265886e-24,"lt":[-1.4475619984347113e-24,-2.4298434569881472e-24],"lt_start":[0,0],"q":-0.032775582891763855,"ut":[249.99962524397733,-0.00050725445699913716],"gn":1.0339805107265887e-28,"gt":[-1.4475619984347113e-26,-2.4298434569881471e-26],"b":-98326748.675291553,"constant_n":10000000000,"constant_t":100,"mu":0.29999999999999999,"normal_mode":1,"tangent_mode":1,"normal_inverse_stiffness":0.0001,"tangent_inverse_stiffness":0.01,"p0":0,"beta":0,"iwan":1,"rn":3.1019415321797658e-25,"rt":[-1.4475619984347113e-24,-2.4298434569881472e-24]}
MORTAR_OBSERVER {"kind":"POST_RAW_AFTER_ACTIVE_LOOP","call_id":28,"pair":0,"slot":0,"node":1,"activity":2,"lambda_raw":[0.00079478401267595446,-1.503941259594389e-09,-0.0026493138829959358],"gap":-0.00035324140349442013}
MORTAR_OBSERVER {"kind":"POST_RAW_AFTER_ACTIVE_LOOP","call_id":28,"pair":0,"slot":1,"node":2,"activity":2,"lambda_raw":[0.008908151962584071,-9.6125681521143947e-09,-0.029694183602830965],"gap":-0.0019796134315674869}
MORTAR_OBSERVER {"kind":"POST_RAW_AFTER_ACTIVE_LOOP","call_id":28,"pair":0,"slot":2,"node":3,"activity":2,"lambda_raw":[0.0065185241922015042,-1.7515657425656823e-08,-0.02172865390933618],"gap":-0.0028971547183309679}
MORTAR_OBSERVER {"kind":"POST_RAW_AFTER_ACTIVE_LOOP","call_id":28,"pair":0,"slot":3,"node":4,"activity":0,"lambda_raw":[0,0,0],"gap":0.028776676110644106}
MORTAR_OBSERVER {"kind":"POST_RAW_AFTER_ACTIVE_LOOP","call_id":28,"pair":0,"slot":4,"node":17,"activity":2,"lambda_raw":[0.0037124437812580966,-7.4713041755990791e-09,-0.012374955311487874],"gap":-0.0012374953332140799}
MORTAR_OBSERVER {"kind":"POST_RAW_AFTER_ACTIVE_LOOP","call_id":28,"pair":0,"slot":5,"node":18,"activity":2,"lambda_raw":[0.0080295894853587759,-1.3730488545126946e-08,-0.026765603138542943],"gap":-0.0026765615599924626}
MORTAR_OBSERVER {"kind":"POST_RAW_AFTER_ACTIVE_LOOP","call_id":28,"pair":0,"slot":6,"node":19,"activity":2,"lambda_raw":[0.0032740783213495183,-2.9301730976448755e-09,-0.010913724363704625],"gap":-0.0021827437843782004}
MORTAR_OBSERVER {"kind":"POST_RAW_AFTER_ACTIVE_LOOP","call_id":28,"pair":0,"slot":7,"node":23,"activity":2,"lambda_raw":[0.0020195106931691141,-3.6485894768961084e-09,-0.0067317879742546686],"gap":-0.00067317831405578341}
MORTAR_OBSERVER {"kind":"POST_RAW_AFTER_ACTIVE_LOOP","call_id":28,"pair":0,"slot":8,"node":24,"activity":0,"lambda_raw":[0,0,0],"gap":0.032775582891763855}
MORTAR_OBSERVER {"kind":"CFS_INVENTORY","call_id":28,"all_node_count":35,"physical_count":13}
MORTAR_OBSERVER {"kind":"CFS_NODE","call_id":28,"node":1,"force":[-2.3604904724975353,2.4386318999921835e-06,7.8683906626629252]}
MORTAR_OBSERVER {"kind":"CFS_NODE","call_id":28,"node":2,"force":[2.0247612956263175,6.588840740320965e-07,-6.7492842835249025]}
MORTAR_OBSERVER {"kind":"CFS_NODE","call_id":28,"node":3,"force":[3.1589519824763879,-1.5607755439084536e-05,-10.529943043511128]}
MORTAR_OBSERVER {"kind":"CFS_NODE","call_id":28,"node":4,"force":[-0.67317047171310285,1.2161969270860118e-06,2.2439301269508691]}
MORTAR_OBSERVER {"kind":"CFS_NODE","call_id":28,"node":13,"force":[-4.2540079555894597,7.0504500979144875e-06,14.180194919939714]}
MORTAR_OBSERVER {"kind":"CFS_NODE","call_id":28,"node":14,"force":[-13.74579810705748,1.9556409566251482e-05,45.819857038710275]}
MORTAR_OBSERVER {"kind":"CFS_NODE","call_id":28,"node":15,"force":[-13.55372806444085,2.948969257354991e-05,45.179605748790216]}
MORTAR_OBSERVER {"kind":"CFS_NODE","call_id":28,"node":16,"force":[-4.4460496735199353,6.3820869265897828e-06,14.82034229255979]}
MORTAR_OBSERVER {"kind":"CFS_NODE","call_id":28,"node":17,"force":[6.1874112653911757,-1.2452183614643135e-05,-20.624942063651737]}
MORTAR_OBSERVER {"kind":"CFS_NODE","call_id":28,"node":18,"force":[13.38266809135251,-2.2884179977893496e-05,-44.609401728583933]}
MORTAR_OBSERVER {"kind":"CFS_NODE","call_id":28,"node":19,"force":[10.913599801561562,-9.7672484889784526e-06,-36.379099202773538]}
MORTAR_OBSERVER {"kind":"CFS_NODE","call_id":28,"node":23,"force":[3.3658523084104095,-6.0809845448163328e-06,-11.219650467568538]}
MORTAR_OBSERVER {"kind":"CFS_NODE","call_id":28,"node":24,"force":[-2.3162204059187162e-16,-3.4631635144655631e-21,7.7208822615289991e-16]}
MORTAR_OBSERVER {"kind":"CFS_END","call_id":28,"scanned_nodes":35,"physical_count":13,"outside_nonzero_count":0}
MORTAR_OBSERVER {"kind":"SUMMARY_PRE_OVERRIDE","call_id":28,"ndiverg":14,"flag":0,"keepset":0,"max_n":1.3010428290272102e-09,"max_t":[1.3010428290272102e-09,2.6614706938972096e-15],"lm_t_av":[35.999965635023678,7.1472764518464265e-05],"nstick":0,"nslip":7,"ninactive":2,"nnogap":0,"nolm":0}
MORTAR_OBSERVER {"kind":"SUMMARY_POST_OVERRIDE","call_id":28,"flag":0}
MORTAR_OBSERVER {"kind":"RETURN","call_id":28}
 Using up to 2 cpu(s) for the stress calculation.

 average force= 5.909909
 time avg. forc= 5.905972
 largest residual force= 0.000000 in node 20 and dof 1
 largest increment of disp= 2.499995e-01
 largest correction to disp= 8.380776e-14 in node 17 and dof 2

MORTAR_OBSERVER {"kind":"PRE_CHECK","call_id":28,"step":2,"inc":4,"cutback":0,"iteration":2,"time":1,"dtime":0.25,"ttime":1,"tper":1,"theta":0.75,"dtheta":0.25,"icntrl":0,"nmethod":1,"iexpl":0,"ithermal":0,"uncoupled":0,"mortar":2,"iflagdualquad":2}
 convergence; the increment size is increased to 3.750000e-01

 the increment size exceeds the maximum allowed and is decreased to 2.500000e-01

 the increment size exceeds the remainder of the step and is decreased to 0.000000e+00

MORTAR_OBSERVER {"kind":"POST_CHECK","call_id":28,"step":2,"inc":4,"cutback":0,"iteration":2,"time":1,"dtime":0.25,"ttime":1,"tper":1,"theta":1,"dtheta":0,"icntrl":1,"nmethod":1,"iexpl":0,"ithermal":0,"uncoupled":0,"mortar":2,"iflagdualquad":2}
 Using up to 2 cpu(s) for the stress calculation.


 Job finished

________________________________________

Total CalculiX Time: 0.260692
________________________________________
