connection,kind,members,x_mm,y_mm,z_mm,axis_x,axis_y,axis_z,length_mm,length_in,diameter_mm,grip_mm,status
analysis_leg_wall_bolt_left_1,bolt,box_side_left + leg_left_inner + leg_left_outer,-1217.549,901.3593768170906,1463.8931115651144,-1.0,0.0,0.0,95.25,3.75,9.525,76.2,PROVISIONAL — top-joint end-distance revision; extended steel resistance unresolved; candidate FEA not run; SELECTED Conquest 3/8-16 A307 Grade A plain standard hex bolt; dimensional inspection envelope only; hex rotation bounded by cylinder; screw head/seat allowances are project assumptions; receiving holes and resistance require verification
analysis_leg_wall_bolt_left_2,bolt,box_side_left + leg_left_inner + leg_left_outer,-1217.549,952.7823855920137,1525.1766670146326,-1.0,0.0,0.0,95.25,3.75,9.525,76.2,PROVISIONAL — top-joint end-distance revision; extended steel resistance unresolved; candidate FEA not run; SELECTED Conquest 3/8-16 A307 Grade A plain standard hex bolt; dimensional inspection envelope only; hex rotation bounded by cylinder; screw head/seat allowances are project assumptions; receiving holes and resistance require verification
analysis_leg_wall_bolt_left_3,bolt,box_side_left + leg_left_inner + leg_left_outer,-1217.549,1029.9168987543983,1617.1020001889099,-1.0,0.0,0.0,95.25,3.75,9.525,76.2,PROVISIONAL — top-joint end-distance revision; extended steel resistance unresolved; candidate FEA not run; SELECTED Conquest 3/8-16 A307 Grade A plain standard hex bolt; dimensional inspection envelope only; hex rotation bounded by cylinder; screw head/seat allowances are project assumptions; receiving holes and resistance require verification
analysis_leg_wall_bolt_left_4,bolt,box_side_left + leg_left_inner + leg_left_outer,-1217.549,1081.3399075293216,1678.3855556384283,-1.0,0.0,0.0,95.25,3.75,9.525,76.2,PROVISIONAL — top-joint end-distance revision; extended steel resistance unresolved; candidate FEA not run; SELECTED Conquest 3/8-16 A307 Grade A plain standard hex bolt; dimensional inspection envelope only; hex rotation bounded by cylinder; screw head/seat allowances are project assumptions; receiving holes and resistance require verification
analysis_leg_wall_bolt_right_1,bolt,box_side_right + leg_right_inner + leg_right_outer,1217.549,901.3593768170906,1463.8931115651144,1.0,0.0,0.0,95.25,3.75,9.525,76.2,PROVISIONAL — top-joint end-distance revision; extended steel resistance unresolved; candidate FEA not run; SELECTED Conquest 3/8-16 A307 Grade A plain standard hex bolt; dimensional inspection envelope only; hex rotation bounded by cylinder; screw head/seat allowances are project assumptions; receiving holes and resistance require verification
analysis_leg_wall_bolt_right_2,bolt,box_side_right + leg_right_inner + leg_right_outer,1217.549,952.7823855920137,1525.1766670146326,1.0,0.0,0.0,95.25,3.75,9.525,76.2,PROVISIONAL — top-joint end-distance revision; extended steel resistance unresolved; candidate FEA not run; SELECTED Conquest 3/8-16 A307 Grade A plain standard hex bolt; dimensional inspection envelope only; hex rotation bounded by cylinder; screw head/seat allowances are project assumptions; receiving holes and resistance require verification
analysis_leg_wall_bolt_right_3,bolt,box_side_right + leg_right_inner + leg_right_outer,1217.549,1029.9168987543983,1617.1020001889099,1.0,0.0,0.0,95.25,3.75,9.525,76.2,PROVISIONAL — top-joint end-distance revision; extended steel resistance unresolved; candidate FEA not run; SELECTED Conquest 3/8-16 A307 Grade A plain standard hex bolt; dimensional inspection envelope only; hex rotation bounded by cylinder; screw head/seat allowances are project assumptions; receiving holes and resistance require verification
analysis_leg_wall_bolt_right_4,bolt,box_side_right + leg_right_inner + leg_right_outer,1217.549,1081.3399075293216,1678.3855556384283,1.0,0.0,0.0,95.25,3.75,9.525,76.2,PROVISIONAL — top-joint end-distance revision; extended steel resistance unresolved; candidate FEA not run; SELECTED Conquest 3/8-16 A307 Grade A plain standard hex bolt; dimensional inspection envelope only; hex rotation bounded by cylinder; screw head/seat allowances are project assumptions; receiving holes and resistance require verification
panel_1,screw,main_lower_left + panel_edge_bottom,-1169.2,14.3356793728762,263.13750783096674,0.0,-0.7660444431189781,0.6427876096865394,50.8,2.0,4.3942,0.0,PROVISIONAL — top-joint end-distance revision; extended steel resistance unresolved; candidate FEA not run; SELECTED GRK R4 Climatek #9 x 2 in; 103099; dimensional inspection envelope only; hex rotation bounded by cylinder; screw head/seat allowances are project assumptions; receiving holes and resistance require verification
panel_2,screw,main_lower_left + panel_edge_bottom,-796.1333333333334,14.3356793728762,263.13750783096674,0.0,-0.7660444431189781,0.6427876096865394,50.8,2.0,4.3942,0.0,PROVISIONAL — top-joint end-distance revision; extended steel resistance unresolved; candidate FEA not run; SELECTED GRK R4 Climatek #9 x 2 in; 103099; dimensional inspection envelope only; hex rotation bounded by cylinder; screw head/seat allowances are project assumptions; receiving holes and resistance require verification
panel_3,screw,main_lower_left + panel_edge_bottom,-423.0666666666667,14.3356793728762,263.13750783096674,0.0,-0.7660444431189781,0.6427876096865394,50.8,2.0,4.3942,0.0,PROVISIONAL — top-joint end-distance revision; extended steel resistance unresolved; candidate FEA not run; SELECTED GRK R4 Climatek #9 x 2 in; 103099; dimensional inspection envelope only; hex rotation bounded by cylinder; screw head/seat allowances are project assumptions; receiving holes and resistance require verification
panel_4,screw,main_lower_left + panel_edge_bottom,-50.0,14.3356793728762,263.13750783096674,0.0,-0.7660444431189781,0.6427876096865394,50.8,2.0,4.3942,0.0,PROVISIONAL — top-joint end-distance revision; extended steel resistance unresolved; candidate FEA not run; SELECTED GRK R4 Climatek #9 x 2 in; 103099; dimensional inspection envelope only; hex rotation bounded by cylinder; screw head/seat allowances are project assumptions; receiving holes and resistance require verification
panel_5,screw,main_lower_left + panel_seam_horizontal,-1169.2,733.743572134051,1120.4944485697267,0.0,-0.7660444431189781,0.6427876096865394,50.8,2.0,4.3942,0.0,PROVISIONAL — top-joint end-distance revision; extended steel resistance unresolved; candidate FEA not run; SELECTED GRK R4 Climatek #9 x 2 in; 103099; dimensional inspection envelope only; hex rotation bounded by cylinder; screw head/seat allowances are project assumptions; receiving holes and resistance require verification
panel_6,screw,main_lower_left + panel_seam_horizontal,-793.1333333333334,733.743572134051,1120.4944485697267,0.0,-0.7660444431189781,0.6427876096865394,50.8,2.0,4.3942,0.0,PROVISIONAL — top-joint end-distance revision; extended steel resistance unresolved; candidate FEA not run; SELECTED GRK R4 Climatek #9 x 2 in; 103099; dimensional inspection envelope only; hex rotation bounded by cylinder; screw head/seat allowances are project assumptions; receiving holes and resistance require verification
panel_7,screw,main_lower_left + panel_seam_horizontal,-445.0666666666667,733.743572134051,1120.4944485697267,0.0,-0.7660444431189781,0.6427876096865394,50.8,2.0,4.3942,0.0,PROVISIONAL — top-joint end-distance revision; extended steel resistance unresolved; candidate FEA not run; SELECTED GRK R4 Climatek #9 x 2 in; 103099; dimensional inspection envelope only; hex rotation bounded by cylinder; screw head/seat allowances are project assumptions; receiving holes and resistance require verification
panel_8,screw,main_lower_left + panel_seam_horizontal,-50.0,733.743572134051,1120.4944485697267,0.0,-0.7660444431189781,0.6427876096865394,50.8,2.0,4.3942,0.0,PROVISIONAL — top-joint end-distance revision; extended steel resistance unresolved; candidate FEA not run; SELECTED GRK R4 Climatek #9 x 2 in; 103099; dimensional inspection envelope only; hex rotation bounded by cylinder; screw head/seat allowances are project assumptions; receiving holes and resistance require verification
panel_9,screw,main_lower_left + panel_edge_left_lower,-1169.2,254.13831029326778,548.9231547438868,0.0,-0.7660444431189781,0.6427876096865394,50.8,2.0,4.3942,0.0,PROVISIONAL — top-joint end-distance revision; extended steel resistance unresolved; candidate FEA not run; SELECTED GRK R4 Climatek #9 x 2 in; 103099; dimensional inspection envelope only; hex rotation bounded by cylinder; screw head/seat allowances are project assumptions; receiving holes and resistance require verification
panel_10,screw,main_lower_left + panel_edge_left_lower,-1169.2,493.94094121365936,834.7088016568069,0.0,-0.7660444431189781,0.6427876096865394,50.8,2.0,4.3942,0.0,PROVISIONAL — top-joint end-distance revision; extended steel resistance unresolved; candidate FEA not run; SELECTED GRK R4 Climatek #9 x 2 in; 103099; dimensional inspection envelope only; hex rotation bounded by cylinder; screw head/seat allowances are project assumptions; receiving holes and resistance require verification
panel_11,screw,main_lower_left + panel_seam_vertical_lower,-50.0,254.13831029326778,548.9231547438868,0.0,-0.7660444431189781,0.6427876096865394,50.8,2.0,4.3942,0.0,PROVISIONAL — top-joint end-distance revision; extended steel resistance unresolved; candidate FEA not run; SELECTED GRK R4 Climatek #9 x 2 in; 103099; dimensional inspection envelope only; hex rotation bounded by cylinder; screw head/seat allowances are project assumptions; receiving holes and resistance require verification
panel_12,screw,main_lower_left + panel_seam_vertical_lower,-50.0,493.94094121365936,834.7088016568069,0.0,-0.7660444431189781,0.6427876096865394,50.8,2.0,4.3942,0.0,PROVISIONAL — top-joint end-distance revision; extended steel resistance unresolved; candidate FEA not run; SELECTED GRK R4 Climatek #9 x 2 in; 103099; dimensional inspection envelope only; hex rotation bounded by cylinder; screw head/seat allowances are project assumptions; receiving holes and resistance require verification
panel_13,screw,main_lower_right + panel_edge_bottom,50.0,14.3356793728762,263.13750783096674,0.0,-0.7660444431189781,0.6427876096865394,50.8,2.0,4.3942,0.0,PROVISIONAL — top-joint end-distance revision; extended steel resistance unresolved; candidate FEA not run; SELECTED GRK R4 Climatek #9 x 2 in; 103099; dimensional inspection envelope only; hex rotation bounded by cylinder; screw head/seat allowances are project assumptions; receiving holes and resistance require verification
panel_14,screw,main_lower_right + panel_edge_bottom,423.06666666666666,14.3356793728762,263.13750783096674,0.0,-0.7660444431189781,0.6427876096865394,50.8,2.0,4.3942,0.0,PROVISIONAL — top-joint end-distance revision; extended steel resistance unresolved; candidate FEA not run; SELECTED GRK R4 Climatek #9 x 2 in; 103099; dimensional inspection envelope only; hex rotation bounded by cylinder; screw head/seat allowances are project assumptions; receiving holes and resistance require verification
panel_15,screw,main_lower_right + panel_edge_bottom,796.1333333333333,14.3356793728762,263.13750783096674,0.0,-0.7660444431189781,0.6427876096865394,50.8,2.0,4.3942,0.0,PROVISIONAL — top-joint end-distance revision; extended steel resistance unresolved; candidate FEA not run; SELECTED GRK R4 Climatek #9 x 2 in; 103099; dimensional inspection envelope only; hex rotation bounded by cylinder; screw head/seat allowances are project assumptions; receiving holes and resistance require verification
panel_16,screw,main_lower_right + panel_edge_bottom,1169.2,14.3356793728762,263.13750783096674,0.0,-0.7660444431189781,0.6427876096865394,50.8,2.0,4.3942,0.0,PROVISIONAL — top-joint end-distance revision; extended steel resistance unresolved; candidate FEA not run; SELECTED GRK R4 Climatek #9 x 2 in; 103099; dimensional inspection envelope only; hex rotation bounded by cylinder; screw head/seat allowances are project assumptions; receiving holes and resistance require verification
panel_17,screw,main_lower_right + panel_seam_horizontal,50.0,733.743572134051,1120.4944485697267,0.0,-0.7660444431189781,0.6427876096865394,50.8,2.0,4.3942,0.0,PROVISIONAL — top-joint end-distance revision; extended steel resistance unresolved; candidate FEA not run; SELECTED GRK R4 Climatek #9 x 2 in; 103099; dimensional inspection envelope only; hex rotation bounded by cylinder; screw head/seat allowances are project assumptions; receiving holes and resistance require verification
panel_18,screw,main_lower_right + panel_seam_horizontal,423.06666666666666,733.743572134051,1120.4944485697267,0.0,-0.7660444431189781,0.6427876096865394,50.8,2.0,4.3942,0.0,PROVISIONAL — top-joint end-distance revision; extended steel resistance unresolved; candidate FEA not run; SELECTED GRK R4 Climatek #9 x 2 in; 103099; dimensional inspection envelope only; hex rotation bounded by cylinder; screw head/seat allowances are project assumptions; receiving holes and resistance require verification
panel_19,screw,main_lower_right + panel_seam_horizontal,807.1333333333333,733.743572134051,1120.4944485697267,0.0,-0.7660444431189781,0.6427876096865394,50.8,2.0,4.3942,0.0,PROVISIONAL — top-joint end-distance revision; extended steel resistance unresolved; candidate FEA not run; SELECTED GRK R4 Climatek #9 x 2 in; 103099; dimensional inspection envelope only; hex rotation bounded by cylinder; screw head/seat allowances are project assumptions; receiving holes and resistance require verification
panel_20,screw,main_lower_right + panel_seam_horizontal,1169.2,733.743572134051,1120.4944485697267,0.0,-0.7660444431189781,0.6427876096865394,50.8,2.0,4.3942,0.0,PROVISIONAL — top-joint end-distance revision; extended steel resistance unresolved; candidate FEA not run; SELECTED GRK R4 Climatek #9 x 2 in; 103099; dimensional inspection envelope only; hex rotation bounded by cylinder; screw head/seat allowances are project assumptions; receiving holes and resistance require verification
panel_21,screw,main_lower_right + panel_seam_vertical_lower,50.0,254.13831029326778,548.9231547438868,0.0,-0.7660444431189781,0.6427876096865394,50.8,2.0,4.3942,0.0,PROVISIONAL — top-joint end-distance revision; extended steel resistance unresolved; candidate FEA not run; SELECTED GRK R4 Climatek #9 x 2 in; 103099; dimensional inspection envelope only; hex rotation bounded by cylinder; screw head/seat allowances are project assumptions; receiving holes and resistance require verification
panel_22,screw,main_lower_right + panel_seam_vertical_lower,50.0,493.94094121365936,834.7088016568069,0.0,-0.7660444431189781,0.6427876096865394,50.8,2.0,4.3942,0.0,PROVISIONAL — top-joint end-distance revision; extended steel resistance unresolved; candidate FEA not run; SELECTED GRK R4 Climatek #9 x 2 in; 103099; dimensional inspection envelope only; hex rotation bounded by cylinder; screw head/seat allowances are project assumptions; receiving holes and resistance require verification
panel_23,screw,main_lower_right + panel_edge_right_lower,1169.2,254.13831029326778,548.9231547438868,0.0,-0.7660444431189781,0.6427876096865394,50.8,2.0,4.3942,0.0,PROVISIONAL — top-joint end-distance revision; extended steel resistance unresolved; candidate FEA not run; SELECTED GRK R4 Climatek #9 x 2 in; 103099; dimensional inspection envelope only; hex rotation bounded by cylinder; screw head/seat allowances are project assumptions; receiving holes and resistance require verification
panel_24,screw,main_lower_right + panel_edge_right_lower,1169.2,493.94094121365936,834.7088016568069,0.0,-0.7660444431189781,0.6427876096865394,50.8,2.0,4.3942,0.0,PROVISIONAL — top-joint end-distance revision; extended steel resistance unresolved; candidate FEA not run; SELECTED GRK R4 Climatek #9 x 2 in; 103099; dimensional inspection envelope only; hex rotation bounded by cylinder; screw head/seat allowances are project assumptions; receiving holes and resistance require verification
panel_25,screw,main_upper_left + panel_seam_horizontal,-1169.2,798.0223331027049,1197.0988928816246,0.0,-0.7660444431189781,0.6427876096865394,50.8,2.0,4.3942,0.0,PROVISIONAL — top-joint end-distance revision; extended steel resistance unresolved; candidate FEA not run; SELECTED GRK R4 Climatek #9 x 2 in; 103099; dimensional inspection envelope only; hex rotation bounded by cylinder; screw head/seat allowances are project assumptions; receiving holes and resistance require verification
panel_26,screw,main_upper_left + panel_seam_horizontal,-793.1333333333334,798.0223331027049,1197.0988928816246,0.0,-0.7660444431189781,0.6427876096865394,50.8,2.0,4.3942,0.0,PROVISIONAL — top-joint end-distance revision; extended steel resistance unresolved; candidate FEA not run; SELECTED GRK R4 Climatek #9 x 2 in; 103099; dimensional inspection envelope only; hex rotation bounded by cylinder; screw head/seat allowances are project assumptions; receiving holes and resistance require verification
panel_27,screw,main_upper_left + panel_seam_horizontal,-445.0666666666667,798.0223331027049,1197.0988928816246,0.0,-0.7660444431189781,0.6427876096865394,50.8,2.0,4.3942,0.0,PROVISIONAL — top-joint end-distance revision; extended steel resistance unresolved; candidate FEA not run; SELECTED GRK R4 Climatek #9 x 2 in; 103099; dimensional inspection envelope only; hex rotation bounded by cylinder; screw head/seat allowances are project assumptions; receiving holes and resistance require verification
panel_28,screw,main_upper_left + panel_seam_horizontal,-50.0,798.0223331027049,1197.0988928816246,0.0,-0.7660444431189781,0.6427876096865394,50.8,2.0,4.3942,0.0,PROVISIONAL — top-joint end-distance revision; extended steel resistance unresolved; candidate FEA not run; SELECTED GRK R4 Climatek #9 x 2 in; 103099; dimensional inspection envelope only; hex rotation bounded by cylinder; screw head/seat allowances are project assumptions; receiving holes and resistance require verification
panel_29,screw,main_upper_left + panel_edge_top,-1169.2,1517.4302258638795,2054.455833620385,0.0,-0.7660444431189781,0.6427876096865394,50.8,2.0,4.3942,0.0,PROVISIONAL — top-joint end-distance revision; extended steel resistance unresolved; candidate FEA not run; SELECTED GRK R4 Climatek #9 x 2 in; 103099; dimensional inspection envelope only; hex rotation bounded by cylinder; screw head/seat allowances are project assumptions; receiving holes and resistance require verification
panel_30,screw,main_upper_left + panel_edge_top,-796.1333333333334,1517.4302258638795,2054.455833620385,0.0,-0.7660444431189781,0.6427876096865394,50.8,2.0,4.3942,0.0,PROVISIONAL — top-joint end-distance revision; extended steel resistance unresolved; candidate FEA not run; SELECTED GRK R4 Climatek #9 x 2 in; 103099; dimensional inspection envelope only; hex rotation bounded by cylinder; screw head/seat allowances are project assumptions; receiving holes and resistance require verification
panel_31,screw,main_upper_left + panel_edge_top,-423.0666666666667,1517.4302258638795,2054.455833620385,0.0,-0.7660444431189781,0.6427876096865394,50.8,2.0,4.3942,0.0,PROVISIONAL — top-joint end-distance revision; extended steel resistance unresolved; candidate FEA not run; SELECTED GRK R4 Climatek #9 x 2 in; 103099; dimensional inspection envelope only; hex rotation bounded by cylinder; screw head/seat allowances are project assumptions; receiving holes and resistance require verification
panel_32,screw,main_upper_left + panel_edge_top,-50.0,1517.4302258638795,2054.455833620385,0.0,-0.7660444431189781,0.6427876096865394,50.8,2.0,4.3942,0.0,PROVISIONAL — top-joint end-distance revision; extended steel resistance unresolved; candidate FEA not run; SELECTED GRK R4 Climatek #9 x 2 in; 103099; dimensional inspection envelope only; hex rotation bounded by cylinder; screw head/seat allowances are project assumptions; receiving holes and resistance require verification
panel_33,screw,main_upper_left + panel_edge_left_upper,-1169.2,1037.8249640230965,1482.8845397945447,0.0,-0.7660444431189781,0.6427876096865394,50.8,2.0,4.3942,0.0,PROVISIONAL — top-joint end-distance revision; extended steel resistance unresolved; candidate FEA not run; SELECTED GRK R4 Climatek #9 x 2 in; 103099; dimensional inspection envelope only; hex rotation bounded by cylinder; screw head/seat allowances are project assumptions; receiving holes and resistance require verification
panel_34,screw,main_upper_left + panel_edge_left_upper,-1169.2,1277.627594943488,1768.6701867074648,0.0,-0.7660444431189781,0.6427876096865394,50.8,2.0,4.3942,0.0,PROVISIONAL — top-joint end-distance revision; extended steel resistance unresolved; candidate FEA not run; SELECTED GRK R4 Climatek #9 x 2 in; 103099; dimensional inspection envelope only; hex rotation bounded by cylinder; screw head/seat allowances are project assumptions; receiving holes and resistance require verification
panel_35,screw,main_upper_left + panel_seam_vertical_upper,-50.0,1037.8249640230965,1482.8845397945447,0.0,-0.7660444431189781,0.6427876096865394,50.8,2.0,4.3942,0.0,PROVISIONAL — top-joint end-distance revision; extended steel resistance unresolved; candidate FEA not run; SELECTED GRK R4 Climatek #9 x 2 in; 103099; dimensional inspection envelope only; hex rotation bounded by cylinder; screw head/seat allowances are project assumptions; receiving holes and resistance require verification
panel_36,screw,main_upper_left + panel_seam_vertical_upper,-50.0,1277.627594943488,1768.6701867074648,0.0,-0.7660444431189781,0.6427876096865394,50.8,2.0,4.3942,0.0,PROVISIONAL — top-joint end-distance revision; extended steel resistance unresolved; candidate FEA not run; SELECTED GRK R4 Climatek #9 x 2 in; 103099; dimensional inspection envelope only; hex rotation bounded by cylinder; screw head/seat allowances are project assumptions; receiving holes and resistance require verification
panel_37,screw,main_upper_right + panel_seam_horizontal,50.0,798.0223331027049,1197.0988928816246,0.0,-0.7660444431189781,0.6427876096865394,50.8,2.0,4.3942,0.0,PROVISIONAL — top-joint end-distance revision; extended steel resistance unresolved; candidate FEA not run; SELECTED GRK R4 Climatek #9 x 2 in; 103099; dimensional inspection envelope only; hex rotation bounded by cylinder; screw head/seat allowances are project assumptions; receiving holes and resistance require verification
panel_38,screw,main_upper_right + panel_seam_horizontal,423.06666666666666,798.0223331027049,1197.0988928816246,0.0,-0.7660444431189781,0.6427876096865394,50.8,2.0,4.3942,0.0,PROVISIONAL — top-joint end-distance revision; extended steel resistance unresolved; candidate FEA not run; SELECTED GRK R4 Climatek #9 x 2 in; 103099; dimensional inspection envelope only; hex rotation bounded by cylinder; screw head/seat allowances are project assumptions; receiving holes and resistance require verification
panel_39,screw,main_upper_right + panel_seam_horizontal,807.1333333333333,798.0223331027049,1197.0988928816246,0.0,-0.7660444431189781,0.6427876096865394,50.8,2.0,4.3942,0.0,PROVISIONAL — top-joint end-distance revision; extended steel resistance unresolved; candidate FEA not run; SELECTED GRK R4 Climatek #9 x 2 in; 103099; dimensional inspection envelope only; hex rotation bounded by cylinder; screw head/seat allowances are project assumptions; receiving holes and resistance require verification
panel_40,screw,main_upper_right + panel_seam_horizontal,1169.2,798.0223331027049,1197.0988928816246,0.0,-0.7660444431189781,0.6427876096865394,50.8,2.0,4.3942,0.0,PROVISIONAL — top-joint end-distance revision; extended steel resistance unresolved; candidate FEA not run; SELECTED GRK R4 Climatek #9 x 2 in; 103099; dimensional inspection envelope only; hex rotation bounded by cylinder; screw head/seat allowances are project assumptions; receiving holes and resistance require verification
panel_41,screw,main_upper_right + panel_edge_top,50.0,1517.4302258638795,2054.455833620385,0.0,-0.7660444431189781,0.6427876096865394,50.8,2.0,4.3942,0.0,PROVISIONAL — top-joint end-distance revision; extended steel resistance unresolved; candidate FEA not run; SELECTED GRK R4 Climatek #9 x 2 in; 103099; dimensional inspection envelope only; hex rotation bounded by cylinder; screw head/seat allowances are project assumptions; receiving holes and resistance require verification
panel_42,screw,main_upper_right + panel_edge_top,423.06666666666666,1517.4302258638795,2054.455833620385,0.0,-0.7660444431189781,0.6427876096865394,50.8,2.0,4.3942,0.0,PROVISIONAL — top-joint end-distance revision; extended steel resistance unresolved; candidate FEA not run; SELECTED GRK R4 Climatek #9 x 2 in; 103099; dimensional inspection envelope only; hex rotation bounded by cylinder; screw head/seat allowances are project assumptions; receiving holes and resistance require verification
panel_43,screw,main_upper_right + panel_edge_top,796.1333333333333,1517.4302258638795,2054.455833620385,0.0,-0.7660444431189781,0.6427876096865394,50.8,2.0,4.3942,0.0,PROVISIONAL — top-joint end-distance revision; extended steel resistance unresolved; candidate FEA not run; SELECTED GRK R4 Climatek #9 x 2 in; 103099; dimensional inspection envelope only; hex rotation bounded by cylinder; screw head/seat allowances are project assumptions; receiving holes and resistance require verification
panel_44,screw,main_upper_right + panel_edge_top,1169.2,1517.4302258638795,2054.455833620385,0.0,-0.7660444431189781,0.6427876096865394,50.8,2.0,4.3942,0.0,PROVISIONAL — top-joint end-distance revision; extended steel resistance unresolved; candidate FEA not run; SELECTED GRK R4 Climatek #9 x 2 in; 103099; dimensional inspection envelope only; hex rotation bounded by cylinder; screw head/seat allowances are project assumptions; receiving holes and resistance require verification
panel_45,screw,main_upper_right + panel_seam_vertical_upper,50.0,1037.8249640230965,1482.8845397945447,0.0,-0.7660444431189781,0.6427876096865394,50.8,2.0,4.3942,0.0,PROVISIONAL — top-joint end-distance revision; extended steel resistance unresolved; candidate FEA not run; SELECTED GRK R4 Climatek #9 x 2 in; 103099; dimensional inspection envelope only; hex rotation bounded by cylinder; screw head/seat allowances are project assumptions; receiving holes and resistance require verification
panel_46,screw,main_upper_right + panel_seam_vertical_upper,50.0,1277.627594943488,1768.6701867074648,0.0,-0.7660444431189781,0.6427876096865394,50.8,2.0,4.3942,0.0,PROVISIONAL — top-joint end-distance revision; extended steel resistance unresolved; candidate FEA not run; SELECTED GRK R4 Climatek #9 x 2 in; 103099; dimensional inspection envelope only; hex rotation bounded by cylinder; screw head/seat allowances are project assumptions; receiving holes and resistance require verification
panel_47,screw,main_upper_right + panel_edge_right_upper,1169.2,1037.8249640230965,1482.8845397945447,0.0,-0.7660444431189781,0.6427876096865394,50.8,2.0,4.3942,0.0,PROVISIONAL — top-joint end-distance revision; extended steel resistance unresolved; candidate FEA not run; SELECTED GRK R4 Climatek #9 x 2 in; 103099; dimensional inspection envelope only; hex rotation bounded by cylinder; screw head/seat allowances are project assumptions; receiving holes and resistance require verification
panel_48,screw,main_upper_right + panel_edge_right_upper,1169.2,1277.627594943488,1768.6701867074648,0.0,-0.7660444431189781,0.6427876096865394,50.8,2.0,4.3942,0.0,PROVISIONAL — top-joint end-distance revision; extended steel resistance unresolved; candidate FEA not run; SELECTED GRK R4 Climatek #9 x 2 in; 103099; dimensional inspection envelope only; hex rotation bounded by cylinder; screw head/seat allowances are project assumptions; receiving holes and resistance require verification
panel_49,screw,main_lower_left + mid_lower_left,-519.2,142.89320131018405,416.3463964547623,0.0,-0.7660444431189781,0.6427876096865394,50.8,2.0,4.3942,0.0,PROVISIONAL — top-joint end-distance revision; extended steel resistance unresolved; candidate FEA not run; SELECTED GRK R4 Climatek #9 x 2 in; 103099; dimensional inspection envelope only; hex rotation bounded by cylinder; screw head/seat allowances are project assumptions; receiving holes and resistance require verification
panel_50,screw,main_lower_left + mid_lower_left,-519.2,335.7294842161458,646.1597293904557,0.0,-0.7660444431189781,0.6427876096865394,50.8,2.0,4.3942,0.0,PROVISIONAL — top-joint end-distance revision; extended steel resistance unresolved; candidate FEA not run; SELECTED GRK R4 Climatek #9 x 2 in; 103099; dimensional inspection envelope only; hex rotation bounded by cylinder; screw head/seat allowances are project assumptions; receiving holes and resistance require verification
panel_51,screw,main_lower_left + mid_lower_left,-519.2,528.5657671221076,875.973062326149,0.0,-0.7660444431189781,0.6427876096865394,50.8,2.0,4.3942,0.0,PROVISIONAL — top-joint end-distance revision; extended steel resistance unresolved; candidate FEA not run; SELECTED GRK R4 Climatek #9 x 2 in; 103099; dimensional inspection envelope only; hex rotation bounded by cylinder; screw head/seat allowances are project assumptions; receiving holes and resistance require verification
panel_52,screw,main_lower_left + mid_lower_left,-519.2,657.1232890594155,1029.1819509499446,0.0,-0.7660444431189781,0.6427876096865394,50.8,2.0,4.3942,0.0,PROVISIONAL — top-joint end-distance revision; extended steel resistance unresolved; candidate FEA not run; SELECTED GRK R4 Climatek #9 x 2 in; 103099; dimensional inspection envelope only; hex rotation bounded by cylinder; screw head/seat allowances are project assumptions; receiving holes and resistance require verification
panel_53,screw,main_lower_right + mid_lower_right,680.8,142.89320131018405,416.3463964547623,0.0,-0.7660444431189781,0.6427876096865394,50.8,2.0,4.3942,0.0,PROVISIONAL — top-joint end-distance revision; extended steel resistance unresolved; candidate FEA not run; SELECTED GRK R4 Climatek #9 x 2 in; 103099; dimensional inspection envelope only; hex rotation bounded by cylinder; screw head/seat allowances are project assumptions; receiving holes and resistance require verification
panel_54,screw,main_lower_right + mid_lower_right,680.8,335.7294842161458,646.1597293904557,0.0,-0.7660444431189781,0.6427876096865394,50.8,2.0,4.3942,0.0,PROVISIONAL — top-joint end-distance revision; extended steel resistance unresolved; candidate FEA not run; SELECTED GRK R4 Climatek #9 x 2 in; 103099; dimensional inspection envelope only; hex rotation bounded by cylinder; screw head/seat allowances are project assumptions; receiving holes and resistance require verification
panel_55,screw,main_lower_right + mid_lower_right,680.8,528.5657671221076,875.973062326149,0.0,-0.7660444431189781,0.6427876096865394,50.8,2.0,4.3942,0.0,PROVISIONAL — top-joint end-distance revision; extended steel resistance unresolved; candidate FEA not run; SELECTED GRK R4 Climatek #9 x 2 in; 103099; dimensional inspection envelope only; hex rotation bounded by cylinder; screw head/seat allowances are project assumptions; receiving holes and resistance require verification
panel_56,screw,main_lower_right + mid_lower_right,680.8,657.1232890594155,1029.1819509499446,0.0,-0.7660444431189781,0.6427876096865394,50.8,2.0,4.3942,0.0,PROVISIONAL — top-joint end-distance revision; extended steel resistance unresolved; candidate FEA not run; SELECTED GRK R4 Climatek #9 x 2 in; 103099; dimensional inspection envelope only; hex rotation bounded by cylinder; screw head/seat allowances are project assumptions; receiving holes and resistance require verification
panel_57,screw,main_upper_left + mid_upper_left,-519.2,926.5798550400127,1350.3077815054203,0.0,-0.7660444431189781,0.6427876096865394,50.8,2.0,4.3942,0.0,PROVISIONAL — top-joint end-distance revision; extended steel resistance unresolved; candidate FEA not run; SELECTED GRK R4 Climatek #9 x 2 in; 103099; dimensional inspection envelope only; hex rotation bounded by cylinder; screw head/seat allowances are project assumptions; receiving holes and resistance require verification
panel_58,screw,main_upper_left + mid_upper_left,-519.2,1119.4161379459747,1580.1211144411136,0.0,-0.7660444431189781,0.6427876096865394,50.8,2.0,4.3942,0.0,PROVISIONAL — top-joint end-distance revision; extended steel resistance unresolved; candidate FEA not run; SELECTED GRK R4 Climatek #9 x 2 in; 103099; dimensional inspection envelope only; hex rotation bounded by cylinder; screw head/seat allowances are project assumptions; receiving holes and resistance require verification
panel_59,screw,main_upper_left + mid_upper_left,-519.2,1312.2524208519362,1809.934447376807,0.0,-0.7660444431189781,0.6427876096865394,50.8,2.0,4.3942,0.0,PROVISIONAL — top-joint end-distance revision; extended steel resistance unresolved; candidate FEA not run; SELECTED GRK R4 Climatek #9 x 2 in; 103099; dimensional inspection envelope only; hex rotation bounded by cylinder; screw head/seat allowances are project assumptions; receiving holes and resistance require verification
panel_60,screw,main_upper_left + mid_upper_left,-519.2,1440.809942789244,1963.1433360006026,0.0,-0.7660444431189781,0.6427876096865394,50.8,2.0,4.3942,0.0,PROVISIONAL — top-joint end-distance revision; extended steel resistance unresolved; candidate FEA not run; SELECTED GRK R4 Climatek #9 x 2 in; 103099; dimensional inspection envelope only; hex rotation bounded by cylinder; screw head/seat allowances are project assumptions; receiving holes and resistance require verification
panel_61,screw,main_upper_right + mid_upper_right,680.8,926.5798550400127,1350.3077815054203,0.0,-0.7660444431189781,0.6427876096865394,50.8,2.0,4.3942,0.0,PROVISIONAL — top-joint end-distance revision; extended steel resistance unresolved; candidate FEA not run; SELECTED GRK R4 Climatek #9 x 2 in; 103099; dimensional inspection envelope only; hex rotation bounded by cylinder; screw head/seat allowances are project assumptions; receiving holes and resistance require verification
panel_62,screw,main_upper_right + mid_upper_right,680.8,1119.4161379459747,1580.1211144411136,0.0,-0.7660444431189781,0.6427876096865394,50.8,2.0,4.3942,0.0,PROVISIONAL — top-joint end-distance revision; extended steel resistance unresolved; candidate FEA not run; SELECTED GRK R4 Climatek #9 x 2 in; 103099; dimensional inspection envelope only; hex rotation bounded by cylinder; screw head/seat allowances are project assumptions; receiving holes and resistance require verification
panel_63,screw,main_upper_right + mid_upper_right,680.8,1312.2524208519362,1809.934447376807,0.0,-0.7660444431189781,0.6427876096865394,50.8,2.0,4.3942,0.0,PROVISIONAL — top-joint end-distance revision; extended steel resistance unresolved; candidate FEA not run; SELECTED GRK R4 Climatek #9 x 2 in; 103099; dimensional inspection envelope only; hex rotation bounded by cylinder; screw head/seat allowances are project assumptions; receiving holes and resistance require verification
panel_64,screw,main_upper_right + mid_upper_right,680.8,1440.809942789244,1963.1433360006026,0.0,-0.7660444431189781,0.6427876096865394,50.8,2.0,4.3942,0.0,PROVISIONAL — top-joint end-distance revision; extended steel resistance unresolved; candidate FEA not run; SELECTED GRK R4 Climatek #9 x 2 in; 103099; dimensional inspection envelope only; hex rotation bounded by cylinder; screw head/seat allowances are project assumptions; receiving holes and resistance require verification
analysis_edge_screw_left_1,screw,box_side_left + panel_edge_left_lower,-1257.3,50.036194835422755,363.721947406733,1.0,0.0,0.0,88.9,3.5000000000000004,4.9022,0.0,PROVISIONAL — top-joint end-distance revision; extended steel resistance unresolved; candidate FEA not run; SELECTED GRK R4 Climatek #10 x 3.5 in; 02139; dimensional inspection envelope only; hex rotation bounded by cylinder; screw head/seat allowances are project assumptions; receiving holes and resistance require verification
analysis_edge_screw_left_2,screw,box_side_left + panel_edge_left_lower,-1257.3,371.4299996786924,746.744168966222,1.0,0.0,0.0,88.9,3.5000000000000004,4.9022,0.0,PROVISIONAL — top-joint end-distance revision; extended steel resistance unresolved; candidate FEA not run; SELECTED GRK R4 Climatek #10 x 3.5 in; 02139; dimensional inspection envelope only; hex rotation bounded by cylinder; screw head/seat allowances are project assumptions; receiving holes and resistance require verification
analysis_edge_screw_left_3,screw,box_side_left + panel_edge_left_lower,-1257.3,596.4056630689811,1014.8597240578644,1.0,0.0,0.0,88.9,3.5000000000000004,4.9022,0.0,PROVISIONAL — top-joint end-distance revision; extended steel resistance unresolved; candidate FEA not run; SELECTED GRK R4 Climatek #10 x 3.5 in; 02139; dimensional inspection envelope only; hex rotation bounded by cylinder; screw head/seat allowances are project assumptions; receiving holes and resistance require verification
analysis_edge_screw_left_4,screw,box_side_left + panel_edge_left_upper,-1257.3,917.7994679122507,1397.8819456173535,1.0,0.0,0.0,88.9,3.5000000000000004,4.9022,0.0,PROVISIONAL — top-joint end-distance revision; extended steel resistance unresolved; candidate FEA not run; SELECTED GRK R4 Climatek #10 x 3.5 in; 02139; dimensional inspection envelope only; hex rotation bounded by cylinder; screw head/seat allowances are project assumptions; receiving holes and resistance require verification
analysis_edge_screw_left_5,screw,box_side_left + panel_edge_left_upper,-1257.3,1142.7751313025394,1665.9975007089956,1.0,0.0,0.0,88.9,3.5000000000000004,4.9022,0.0,PROVISIONAL — top-joint end-distance revision; extended steel resistance unresolved; candidate FEA not run; SELECTED GRK R4 Climatek #10 x 3.5 in; 02139; dimensional inspection envelope only; hex rotation bounded by cylinder; screw head/seat allowances are project assumptions; receiving holes and resistance require verification
analysis_edge_screw_left_6,screw,box_side_left + panel_edge_left_upper,-1257.3,1399.8901751771552,1972.415277956587,1.0,0.0,0.0,88.9,3.5000000000000004,4.9022,0.0,PROVISIONAL — top-joint end-distance revision; extended steel resistance unresolved; candidate FEA not run; SELECTED GRK R4 Climatek #10 x 3.5 in; 02139; dimensional inspection envelope only; hex rotation bounded by cylinder; screw head/seat allowances are project assumptions; receiving holes and resistance require verification
analysis_edge_screw_right_1,screw,box_side_right + panel_edge_right_lower,1257.3,50.036194835422755,363.721947406733,-1.0,0.0,0.0,88.9,3.5000000000000004,4.9022,0.0,PROVISIONAL — top-joint end-distance revision; extended steel resistance unresolved; candidate FEA not run; SELECTED GRK R4 Climatek #10 x 3.5 in; 02139; dimensional inspection envelope only; hex rotation bounded by cylinder; screw head/seat allowances are project assumptions; receiving holes and resistance require verification
analysis_edge_screw_right_2,screw,box_side_right + panel_edge_right_lower,1257.3,371.4299996786924,746.744168966222,-1.0,0.0,0.0,88.9,3.5000000000000004,4.9022,0.0,PROVISIONAL — top-joint end-distance revision; extended steel resistance unresolved; candidate FEA not run; SELECTED GRK R4 Climatek #10 x 3.5 in; 02139; dimensional inspection envelope only; hex rotation bounded by cylinder; screw head/seat allowances are project assumptions; receiving holes and resistance require verification
analysis_edge_screw_right_3,screw,box_side_right + panel_edge_right_lower,1257.3,596.4056630689811,1014.8597240578644,-1.0,0.0,0.0,88.9,3.5000000000000004,4.9022,0.0,PROVISIONAL — top-joint end-distance revision; extended steel resistance unresolved; candidate FEA not run; SELECTED GRK R4 Climatek #10 x 3.5 in; 02139; dimensional inspection envelope only; hex rotation bounded by cylinder; screw head/seat allowances are project assumptions; receiving holes and resistance require verification
analysis_edge_screw_right_4,screw,box_side_right + panel_edge_right_upper,1257.3,917.7994679122507,1397.8819456173535,-1.0,0.0,0.0,88.9,3.5000000000000004,4.9022,0.0,PROVISIONAL — top-joint end-distance revision; extended steel resistance unresolved; candidate FEA not run; SELECTED GRK R4 Climatek #10 x 3.5 in; 02139; dimensional inspection envelope only; hex rotation bounded by cylinder; screw head/seat allowances are project assumptions; receiving holes and resistance require verification
analysis_edge_screw_right_5,screw,box_side_right + panel_edge_right_upper,1257.3,1142.7751313025394,1665.9975007089956,-1.0,0.0,0.0,88.9,3.5000000000000004,4.9022,0.0,PROVISIONAL — top-joint end-distance revision; extended steel resistance unresolved; candidate FEA not run; SELECTED GRK R4 Climatek #10 x 3.5 in; 02139; dimensional inspection envelope only; hex rotation bounded by cylinder; screw head/seat allowances are project assumptions; receiving holes and resistance require verification
analysis_edge_screw_right_6,screw,box_side_right + panel_edge_right_upper,1257.3,1399.8901751771552,1972.415277956587,-1.0,0.0,0.0,88.9,3.5000000000000004,4.9022,0.0,PROVISIONAL — top-joint end-distance revision; extended steel resistance unresolved; candidate FEA not run; SELECTED GRK R4 Climatek #10 x 3.5 in; 02139; dimensional inspection envelope only; hex rotation bounded by cylinder; screw head/seat allowances are project assumptions; receiving holes and resistance require verification
kicker_left_bottom_0,screw,kicker_left + kicker_batten_bottom,-1169.2,-17.743750000000002,25.0,0.0,-1.0,0.0,50.8,2.0,4.3942,0.0,PROVISIONAL — top-joint end-distance revision; extended steel resistance unresolved; candidate FEA not run; SELECTED GRK R4 Climatek #9 x 2 in; 103099; dimensional inspection envelope only; hex rotation bounded by cylinder; screw head/seat allowances are project assumptions; receiving holes and resistance require verification
kicker_left_top_0,screw,kicker_left + kicker_batten_top,-1169.2,-17.743750000000002,200.0,0.0,-1.0,0.0,50.8,2.0,4.3942,0.0,PROVISIONAL — top-joint end-distance revision; extended steel resistance unresolved; candidate FEA not run; SELECTED GRK R4 Climatek #9 x 2 in; 103099; dimensional inspection envelope only; hex rotation bounded by cylinder; screw head/seat allowances are project assumptions; receiving holes and resistance require verification
kicker_left_bottom_1,screw,kicker_left + kicker_batten_bottom,-791.1333333333334,-17.743750000000002,25.0,0.0,-1.0,0.0,50.8,2.0,4.3942,0.0,PROVISIONAL — top-joint end-distance revision; extended steel resistance unresolved; candidate FEA not run; SELECTED GRK R4 Climatek #9 x 2 in; 103099; dimensional inspection envelope only; hex rotation bounded by cylinder; screw head/seat allowances are project assumptions; receiving holes and resistance require verification
kicker_left_top_1,screw,kicker_left + kicker_batten_top,-791.1333333333334,-17.743750000000002,200.0,0.0,-1.0,0.0,50.8,2.0,4.3942,0.0,PROVISIONAL — top-joint end-distance revision; extended steel resistance unresolved; candidate FEA not run; SELECTED GRK R4 Climatek #9 x 2 in; 103099; dimensional inspection envelope only; hex rotation bounded by cylinder; screw head/seat allowances are project assumptions; receiving holes and resistance require verification
kicker_left_bottom_2,screw,kicker_left + kicker_batten_bottom,-447.0666666666667,-17.743750000000002,25.0,0.0,-1.0,0.0,50.8,2.0,4.3942,0.0,PROVISIONAL — top-joint end-distance revision; extended steel resistance unresolved; candidate FEA not run; SELECTED GRK R4 Climatek #9 x 2 in; 103099; dimensional inspection envelope only; hex rotation bounded by cylinder; screw head/seat allowances are project assumptions; receiving holes and resistance require verification
kicker_left_top_2,screw,kicker_left + kicker_batten_top,-447.0666666666667,-17.743750000000002,200.0,0.0,-1.0,0.0,50.8,2.0,4.3942,0.0,PROVISIONAL — top-joint end-distance revision; extended steel resistance unresolved; candidate FEA not run; SELECTED GRK R4 Climatek #9 x 2 in; 103099; dimensional inspection envelope only; hex rotation bounded by cylinder; screw head/seat allowances are project assumptions; receiving holes and resistance require verification
kicker_left_bottom_3,screw,kicker_left + kicker_batten_bottom,-50.0,-17.743750000000002,25.0,0.0,-1.0,0.0,50.8,2.0,4.3942,0.0,PROVISIONAL — top-joint end-distance revision; extended steel resistance unresolved; candidate FEA not run; SELECTED GRK R4 Climatek #9 x 2 in; 103099; dimensional inspection envelope only; hex rotation bounded by cylinder; screw head/seat allowances are project assumptions; receiving holes and resistance require verification
kicker_left_top_3,screw,kicker_left + kicker_batten_top,-50.0,-17.743750000000002,200.0,0.0,-1.0,0.0,50.8,2.0,4.3942,0.0,PROVISIONAL — top-joint end-distance revision; extended steel resistance unresolved; candidate FEA not run; SELECTED GRK R4 Climatek #9 x 2 in; 103099; dimensional inspection envelope only; hex rotation bounded by cylinder; screw head/seat allowances are project assumptions; receiving holes and resistance require verification
kicker_right_bottom_0,screw,kicker_right + kicker_batten_bottom,50.0,-17.743750000000002,25.0,0.0,-1.0,0.0,50.8,2.0,4.3942,0.0,PROVISIONAL — top-joint end-distance revision; extended steel resistance unresolved; candidate FEA not run; SELECTED GRK R4 Climatek #9 x 2 in; 103099; dimensional inspection envelope only; hex rotation bounded by cylinder; screw head/seat allowances are project assumptions; receiving holes and resistance require verification
kicker_right_top_0,screw,kicker_right + kicker_batten_top,50.0,-17.743750000000002,200.0,0.0,-1.0,0.0,50.8,2.0,4.3942,0.0,PROVISIONAL — top-joint end-distance revision; extended steel resistance unresolved; candidate FEA not run; SELECTED GRK R4 Climatek #9 x 2 in; 103099; dimensional inspection envelope only; hex rotation bounded by cylinder; screw head/seat allowances are project assumptions; receiving holes and resistance require verification
kicker_right_bottom_1,screw,kicker_right + kicker_batten_bottom,423.06666666666666,-17.743750000000002,25.0,0.0,-1.0,0.0,50.8,2.0,4.3942,0.0,PROVISIONAL — top-joint end-distance revision; extended steel resistance unresolved; candidate FEA not run; SELECTED GRK R4 Climatek #9 x 2 in; 103099; dimensional inspection envelope only; hex rotation bounded by cylinder; screw head/seat allowances are project assumptions; receiving holes and resistance require verification
kicker_right_top_1,screw,kicker_right + kicker_batten_top,423.06666666666666,-17.743750000000002,200.0,0.0,-1.0,0.0,50.8,2.0,4.3942,0.0,PROVISIONAL — top-joint end-distance revision; extended steel resistance unresolved; candidate FEA not run; SELECTED GRK R4 Climatek #9 x 2 in; 103099; dimensional inspection envelope only; hex rotation bounded by cylinder; screw head/seat allowances are project assumptions; receiving holes and resistance require verification
kicker_right_bottom_2,screw,kicker_right + kicker_batten_bottom,809.1333333333333,-17.743750000000002,25.0,0.0,-1.0,0.0,50.8,2.0,4.3942,0.0,PROVISIONAL — top-joint end-distance revision; extended steel resistance unresolved; candidate FEA not run; SELECTED GRK R4 Climatek #9 x 2 in; 103099; dimensional inspection envelope only; hex rotation bounded by cylinder; screw head/seat allowances are project assumptions; receiving holes and resistance require verification
kicker_right_top_2,screw,kicker_right + kicker_batten_top,809.1333333333333,-17.743750000000002,200.0,0.0,-1.0,0.0,50.8,2.0,4.3942,0.0,PROVISIONAL — top-joint end-distance revision; extended steel resistance unresolved; candidate FEA not run; SELECTED GRK R4 Climatek #9 x 2 in; 103099; dimensional inspection envelope only; hex rotation bounded by cylinder; screw head/seat allowances are project assumptions; receiving holes and resistance require verification
kicker_right_bottom_3,screw,kicker_right + kicker_batten_bottom,1169.2,-17.743750000000002,25.0,0.0,-1.0,0.0,50.8,2.0,4.3942,0.0,PROVISIONAL — top-joint end-distance revision; extended steel resistance unresolved; candidate FEA not run; SELECTED GRK R4 Climatek #9 x 2 in; 103099; dimensional inspection envelope only; hex rotation bounded by cylinder; screw head/seat allowances are project assumptions; receiving holes and resistance require verification
kicker_right_top_3,screw,kicker_right + kicker_batten_top,1169.2,-17.743750000000002,200.0,0.0,-1.0,0.0,50.8,2.0,4.3942,0.0,PROVISIONAL — top-joint end-distance revision; extended steel resistance unresolved; candidate FEA not run; SELECTED GRK R4 Climatek #9 x 2 in; 103099; dimensional inspection envelope only; hex rotation bounded by cylinder; screw head/seat allowances are project assumptions; receiving holes and resistance require verification
cheek_splice_left_1,screw,cheek_splice_left_inner + cheek_splice_left_outer + kicker_cheek_left,-1181.1000000000001,-113.72106926320214,240.04914944803386,-1.0,0.0,0.0,63.5,2.5,4.3942,0.0,PROVISIONAL — top-joint end-distance revision; extended steel resistance unresolved; candidate FEA not run; SELECTED GRK R4 Climatek #9 x 2.5 in; 103101; dimensional inspection envelope only; hex rotation bounded by cylinder; screw head/seat allowances are project assumptions; receiving holes and resistance require verification
cheek_splice_left_2,screw,cheek_splice_left_inner + cheek_splice_left_outer + kicker_cheek_left,-1181.1000000000001,-144.36284698796126,265.7606538354954,-1.0,0.0,0.0,63.5,2.5,4.3942,0.0,PROVISIONAL — top-joint end-distance revision; extended steel resistance unresolved; candidate FEA not run; SELECTED GRK R4 Climatek #9 x 2.5 in; 103101; dimensional inspection envelope only; hex rotation bounded by cylinder; screw head/seat allowances are project assumptions; receiving holes and resistance require verification
cheek_splice_left_3,screw,cheek_splice_left_inner + cheek_splice_left_outer + box_side_left,-1181.1000000000001,-49.44230829454821,316.6535937599317,-1.0,0.0,0.0,63.5,2.5,4.3942,0.0,PROVISIONAL — top-joint end-distance revision; extended steel resistance unresolved; candidate FEA not run; SELECTED GRK R4 Climatek #9 x 2.5 in; 103101; dimensional inspection envelope only; hex rotation bounded by cylinder; screw head/seat allowances are project assumptions; receiving holes and resistance require verification
cheek_splice_left_4,screw,cheek_splice_left_inner + cheek_splice_left_outer + box_side_left,-1181.1000000000001,-80.08408601930734,342.36509814739327,-1.0,0.0,0.0,63.5,2.5,4.3942,0.0,PROVISIONAL — top-joint end-distance revision; extended steel resistance unresolved; candidate FEA not run; SELECTED GRK R4 Climatek #9 x 2.5 in; 103101; dimensional inspection envelope only; hex rotation bounded by cylinder; screw head/seat allowances are project assumptions; receiving holes and resistance require verification
angle_left_top_wall_1,bolt,box_side_left + angle_left_top,-1258.951,1416.3179174324064,2119.7180249927337,1.0,0.0,0.0,63.5,2.5,9.525,44.1,PROVISIONAL — top-joint end-distance revision; extended steel resistance unresolved; candidate FEA not run; SELECTED Conquest 3/8-16 A307 Grade A plain standard hex bolt; dimensional inspection envelope only; hex rotation bounded by cylinder; screw head/seat allowances are project assumptions; receiving holes and resistance require verification
angle_left_top_beam_1,bolt,box_top + angle_left_top,-1159.2,1483.650562334681,2199.9619464538896,-0.0,-0.6427876096865427,-0.7660444431189752,63.5,2.5,9.525,44.1,PROVISIONAL — top-joint end-distance revision; extended steel resistance unresolved; candidate FEA not run; SELECTED Conquest 3/8-16 A307 Grade A plain standard hex bolt; dimensional inspection envelope only; hex rotation bounded by cylinder; screw head/seat allowances are project assumptions; receiving holes and resistance require verification
angle_left_top_wall_2,bolt,box_side_left + angle_left_top,-1258.951,1389.5063619232421,2142.2155913317624,1.0,0.0,0.0,63.5,2.5,9.525,44.1,PROVISIONAL — top-joint end-distance revision; extended steel resistance unresolved; candidate FEA not run; SELECTED Conquest 3/8-16 A307 Grade A plain standard hex bolt; dimensional inspection envelope only; hex rotation bounded by cylinder; screw head/seat allowances are project assumptions; receiving holes and resistance require verification
angle_left_top_beam_2,bolt,box_top + angle_left_top,-1159.2,1456.8390068255167,2222.4595127929183,-0.0,-0.6427876096865427,-0.7660444431189752,63.5,2.5,9.525,44.1,PROVISIONAL — top-joint end-distance revision; extended steel resistance unresolved; candidate FEA not run; SELECTED Conquest 3/8-16 A307 Grade A plain standard hex bolt; dimensional inspection envelope only; hex rotation bounded by cylinder; screw head/seat allowances are project assumptions; receiving holes and resistance require verification
angle_left_cross_1_wall_1,bolt,box_side_left + angle_left_cross_1,-1258.951,218.1939523571813,691.8494852411145,1.0,0.0,0.0,63.5,2.5,9.525,44.1,PROVISIONAL — top-joint end-distance revision; extended steel resistance unresolved; candidate FEA not run; SELECTED Conquest 3/8-16 A307 Grade A plain standard hex bolt; dimensional inspection envelope only; hex rotation bounded by cylinder; screw head/seat allowances are project assumptions; receiving holes and resistance require verification
angle_left_cross_1_beam_1,bolt,rear_cross_1 + angle_left_cross_1,-1179.2,83.0079547215133,602.2265967346109,0.0,0.6427876096865427,0.7660444431189752,114.3,4.5,9.525,94.9,PROVISIONAL — top-joint end-distance revision; extended steel resistance unresolved; candidate FEA not run; SELECTED Conquest 3/8-16 A307 Grade A plain standard hex bolt; dimensional inspection envelope only; hex rotation bounded by cylinder; screw head/seat allowances are project assumptions; receiving holes and resistance require verification
angle_left_cross_1_wall_2,bolt,box_side_left + angle_left_cross_1,-1258.951,191.38239684801707,714.3470515801434,1.0,0.0,0.0,63.5,2.5,9.525,44.1,PROVISIONAL — top-joint end-distance revision; extended steel resistance unresolved; candidate FEA not run; SELECTED Conquest 3/8-16 A307 Grade A plain standard hex bolt; dimensional inspection envelope only; hex rotation bounded by cylinder; screw head/seat allowances are project assumptions; receiving holes and resistance require verification
angle_left_cross_1_beam_2,bolt,rear_cross_1 + angle_left_cross_1,-1144.2,83.0079547215133,602.2265967346109,0.0,0.6427876096865427,0.7660444431189752,114.3,4.5,9.525,94.9,PROVISIONAL — top-joint end-distance revision; extended steel resistance unresolved; candidate FEA not run; SELECTED Conquest 3/8-16 A307 Grade A plain standard hex bolt; dimensional inspection envelope only; hex rotation bounded by cylinder; screw head/seat allowances are project assumptions; receiving holes and resistance require verification
angle_left_cross_2_wall_1,bolt,box_side_left + angle_left_cross_2,-1258.951,744.7655622123942,1319.3930930441813,1.0,0.0,0.0,63.5,2.5,9.525,44.1,PROVISIONAL — top-joint end-distance revision; extended steel resistance unresolved; candidate FEA not run; SELECTED Conquest 3/8-16 A307 Grade A plain standard hex bolt; dimensional inspection envelope only; hex rotation bounded by cylinder; screw head/seat allowances are project assumptions; receiving holes and resistance require verification
angle_left_cross_2_beam_1,bolt,rear_cross_2 + angle_left_cross_2,-1179.2,609.5795645767263,1229.7702045376775,0.0,0.6427876096865427,0.7660444431189752,114.3,4.5,9.525,94.9,PROVISIONAL — top-joint end-distance revision; extended steel resistance unresolved; candidate FEA not run; SELECTED Conquest 3/8-16 A307 Grade A plain standard hex bolt; dimensional inspection envelope only; hex rotation bounded by cylinder; screw head/seat allowances are project assumptions; receiving holes and resistance require verification
angle_left_cross_2_wall_2,bolt,box_side_left + angle_left_cross_2,-1258.951,717.95400670323,1341.89065938321,1.0,0.0,0.0,63.5,2.5,9.525,44.1,PROVISIONAL — top-joint end-distance revision; extended steel resistance unresolved; candidate FEA not run; SELECTED Conquest 3/8-16 A307 Grade A plain standard hex bolt; dimensional inspection envelope only; hex rotation bounded by cylinder; screw head/seat allowances are project assumptions; receiving holes and resistance require verification
angle_left_cross_2_beam_2,bolt,rear_cross_2 + angle_left_cross_2,-1144.2,609.5795645767263,1229.7702045376775,0.0,0.6427876096865427,0.7660444431189752,114.3,4.5,9.525,94.9,PROVISIONAL — top-joint end-distance revision; extended steel resistance unresolved; candidate FEA not run; SELECTED Conquest 3/8-16 A307 Grade A plain standard hex bolt; dimensional inspection envelope only; hex rotation bounded by cylinder; screw head/seat allowances are project assumptions; receiving holes and resistance require verification
angle_left_cross_3_wall_1,bolt,box_side_left + angle_left_cross_3,-1258.951,1246.6541278556444,1917.5205942314794,1.0,0.0,0.0,63.5,2.5,9.525,44.1,PROVISIONAL — top-joint end-distance revision; extended steel resistance unresolved; candidate FEA not run; SELECTED Conquest 3/8-16 A307 Grade A plain standard hex bolt; dimensional inspection envelope only; hex rotation bounded by cylinder; screw head/seat allowances are project assumptions; receiving holes and resistance require verification
angle_left_cross_3_beam_1,bolt,rear_cross_3 + angle_left_cross_3,-1179.2,1111.468130219976,1827.8977057249756,0.0,0.6427876096865427,0.7660444431189752,114.3,4.5,9.525,94.9,PROVISIONAL — top-joint end-distance revision; extended steel resistance unresolved; candidate FEA not run; SELECTED Conquest 3/8-16 A307 Grade A plain standard hex bolt; dimensional inspection envelope only; hex rotation bounded by cylinder; screw head/seat allowances are project assumptions; receiving holes and resistance require verification
angle_left_cross_3_wall_2,bolt,box_side_left + angle_left_cross_3,-1258.951,1219.8425723464802,1940.0181605705081,1.0,0.0,0.0,63.5,2.5,9.525,44.1,PROVISIONAL — top-joint end-distance revision; extended steel resistance unresolved; candidate FEA not run; SELECTED Conquest 3/8-16 A307 Grade A plain standard hex bolt; dimensional inspection envelope only; hex rotation bounded by cylinder; screw head/seat allowances are project assumptions; receiving holes and resistance require verification
angle_left_cross_3_beam_2,bolt,rear_cross_3 + angle_left_cross_3,-1144.2,1111.468130219976,1827.8977057249756,0.0,0.6427876096865427,0.7660444431189752,114.3,4.5,9.525,94.9,PROVISIONAL — top-joint end-distance revision; extended steel resistance unresolved; candidate FEA not run; SELECTED Conquest 3/8-16 A307 Grade A plain standard hex bolt; dimensional inspection envelope only; hex rotation bounded by cylinder; screw head/seat allowances are project assumptions; receiving holes and resistance require verification
cheek_splice_right_1,screw,cheek_splice_right_inner + cheek_splice_right_outer + kicker_cheek_right,1181.1000000000001,-113.72106926320214,240.04914944803386,1.0,0.0,0.0,63.5,2.5,4.3942,0.0,PROVISIONAL — top-joint end-distance revision; extended steel resistance unresolved; candidate FEA not run; SELECTED GRK R4 Climatek #9 x 2.5 in; 103101; dimensional inspection envelope only; hex rotation bounded by cylinder; screw head/seat allowances are project assumptions; receiving holes and resistance require verification
cheek_splice_right_2,screw,cheek_splice_right_inner + cheek_splice_right_outer + kicker_cheek_right,1181.1000000000001,-144.36284698796126,265.7606538354954,1.0,0.0,0.0,63.5,2.5,4.3942,0.0,PROVISIONAL — top-joint end-distance revision; extended steel resistance unresolved; candidate FEA not run; SELECTED GRK R4 Climatek #9 x 2.5 in; 103101; dimensional inspection envelope only; hex rotation bounded by cylinder; screw head/seat allowances are project assumptions; receiving holes and resistance require verification
cheek_splice_right_3,screw,cheek_splice_right_inner + cheek_splice_right_outer + box_side_right,1181.1000000000001,-49.44230829454821,316.6535937599317,1.0,0.0,0.0,63.5,2.5,4.3942,0.0,PROVISIONAL — top-joint end-distance revision; extended steel resistance unresolved; candidate FEA not run; SELECTED GRK R4 Climatek #9 x 2.5 in; 103101; dimensional inspection envelope only; hex rotation bounded by cylinder; screw head/seat allowances are project assumptions; receiving holes and resistance require verification
cheek_splice_right_4,screw,cheek_splice_right_inner + cheek_splice_right_outer + box_side_right,1181.1000000000001,-80.08408601930734,342.36509814739327,1.0,0.0,0.0,63.5,2.5,4.3942,0.0,PROVISIONAL — top-joint end-distance revision; extended steel resistance unresolved; candidate FEA not run; SELECTED GRK R4 Climatek #9 x 2.5 in; 103101; dimensional inspection envelope only; hex rotation bounded by cylinder; screw head/seat allowances are project assumptions; receiving holes and resistance require verification
angle_right_top_wall_1,bolt,box_side_right + angle_right_top,1258.951,1416.3179174324064,2119.7180249927337,-1.0,0.0,0.0,63.5,2.5,9.525,44.1,PROVISIONAL — top-joint end-distance revision; extended steel resistance unresolved; candidate FEA not run; SELECTED Conquest 3/8-16 A307 Grade A plain standard hex bolt; dimensional inspection envelope only; hex rotation bounded by cylinder; screw head/seat allowances are project assumptions; receiving holes and resistance require verification
angle_right_top_beam_1,bolt,box_top + angle_right_top,1159.2,1483.650562334681,2199.9619464538896,-0.0,-0.6427876096865427,-0.7660444431189752,63.5,2.5,9.525,44.1,PROVISIONAL — top-joint end-distance revision; extended steel resistance unresolved; candidate FEA not run; SELECTED Conquest 3/8-16 A307 Grade A plain standard hex bolt; dimensional inspection envelope only; hex rotation bounded by cylinder; screw head/seat allowances are project assumptions; receiving holes and resistance require verification
angle_right_top_wall_2,bolt,box_side_right + angle_right_top,1258.951,1389.5063619232421,2142.2155913317624,-1.0,0.0,0.0,63.5,2.5,9.525,44.1,PROVISIONAL — top-joint end-distance revision; extended steel resistance unresolved; candidate FEA not run; SELECTED Conquest 3/8-16 A307 Grade A plain standard hex bolt; dimensional inspection envelope only; hex rotation bounded by cylinder; screw head/seat allowances are project assumptions; receiving holes and resistance require verification
angle_right_top_beam_2,bolt,box_top + angle_right_top,1159.2,1456.8390068255167,2222.4595127929183,-0.0,-0.6427876096865427,-0.7660444431189752,63.5,2.5,9.525,44.1,PROVISIONAL — top-joint end-distance revision; extended steel resistance unresolved; candidate FEA not run; SELECTED Conquest 3/8-16 A307 Grade A plain standard hex bolt; dimensional inspection envelope only; hex rotation bounded by cylinder; screw head/seat allowances are project assumptions; receiving holes and resistance require verification
angle_right_cross_1_wall_1,bolt,box_side_right + angle_right_cross_1,1258.951,218.1939523571813,691.8494852411145,-1.0,0.0,0.0,63.5,2.5,9.525,44.1,PROVISIONAL — top-joint end-distance revision; extended steel resistance unresolved; candidate FEA not run; SELECTED Conquest 3/8-16 A307 Grade A plain standard hex bolt; dimensional inspection envelope only; hex rotation bounded by cylinder; screw head/seat allowances are project assumptions; receiving holes and resistance require verification
angle_right_cross_1_beam_1,bolt,rear_cross_1 + angle_right_cross_1,1179.2,83.0079547215133,602.2265967346109,0.0,0.6427876096865427,0.7660444431189752,114.3,4.5,9.525,94.9,PROVISIONAL — top-joint end-distance revision; extended steel resistance unresolved; candidate FEA not run; SELECTED Conquest 3/8-16 A307 Grade A plain standard hex bolt; dimensional inspection envelope only; hex rotation bounded by cylinder; screw head/seat allowances are project assumptions; receiving holes and resistance require verification
angle_right_cross_1_wall_2,bolt,box_side_right + angle_right_cross_1,1258.951,191.38239684801707,714.3470515801434,-1.0,0.0,0.0,63.5,2.5,9.525,44.1,PROVISIONAL — top-joint end-distance revision; extended steel resistance unresolved; candidate FEA not run; SELECTED Conquest 3/8-16 A307 Grade A plain standard hex bolt; dimensional inspection envelope only; hex rotation bounded by cylinder; screw head/seat allowances are project assumptions; receiving holes and resistance require verification
angle_right_cross_1_beam_2,bolt,rear_cross_1 + angle_right_cross_1,1144.2,83.0079547215133,602.2265967346109,0.0,0.6427876096865427,0.7660444431189752,114.3,4.5,9.525,94.9,PROVISIONAL — top-joint end-distance revision; extended steel resistance unresolved; candidate FEA not run; SELECTED Conquest 3/8-16 A307 Grade A plain standard hex bolt; dimensional inspection envelope only; hex rotation bounded by cylinder; screw head/seat allowances are project assumptions; receiving holes and resistance require verification
angle_right_cross_2_wall_1,bolt,box_side_right + angle_right_cross_2,1258.951,744.7655622123942,1319.3930930441813,-1.0,0.0,0.0,63.5,2.5,9.525,44.1,PROVISIONAL — top-joint end-distance revision; extended steel resistance unresolved; candidate FEA not run; SELECTED Conquest 3/8-16 A307 Grade A plain standard hex bolt; dimensional inspection envelope only; hex rotation bounded by cylinder; screw head/seat allowances are project assumptions; receiving holes and resistance require verification
angle_right_cross_2_beam_1,bolt,rear_cross_2 + angle_right_cross_2,1179.2,609.5795645767263,1229.7702045376775,0.0,0.6427876096865427,0.7660444431189752,114.3,4.5,9.525,94.9,PROVISIONAL — top-joint end-distance revision; extended steel resistance unresolved; candidate FEA not run; SELECTED Conquest 3/8-16 A307 Grade A plain standard hex bolt; dimensional inspection envelope only; hex rotation bounded by cylinder; screw head/seat allowances are project assumptions; receiving holes and resistance require verification
angle_right_cross_2_wall_2,bolt,box_side_right + angle_right_cross_2,1258.951,717.95400670323,1341.89065938321,-1.0,0.0,0.0,63.5,2.5,9.525,44.1,PROVISIONAL — top-joint end-distance revision; extended steel resistance unresolved; candidate FEA not run; SELECTED Conquest 3/8-16 A307 Grade A plain standard hex bolt; dimensional inspection envelope only; hex rotation bounded by cylinder; screw head/seat allowances are project assumptions; receiving holes and resistance require verification
angle_right_cross_2_beam_2,bolt,rear_cross_2 + angle_right_cross_2,1144.2,609.5795645767263,1229.7702045376775,0.0,0.6427876096865427,0.7660444431189752,114.3,4.5,9.525,94.9,PROVISIONAL — top-joint end-distance revision; extended steel resistance unresolved; candidate FEA not run; SELECTED Conquest 3/8-16 A307 Grade A plain standard hex bolt; dimensional inspection envelope only; hex rotation bounded by cylinder; screw head/seat allowances are project assumptions; receiving holes and resistance require verification
angle_right_cross_3_wall_1,bolt,box_side_right + angle_right_cross_3,1258.951,1246.6541278556444,1917.5205942314794,-1.0,0.0,0.0,63.5,2.5,9.525,44.1,PROVISIONAL — top-joint end-distance revision; extended steel resistance unresolved; candidate FEA not run; SELECTED Conquest 3/8-16 A307 Grade A plain standard hex bolt; dimensional inspection envelope only; hex rotation bounded by cylinder; screw head/seat allowances are project assumptions; receiving holes and resistance require verification
angle_right_cross_3_beam_1,bolt,rear_cross_3 + angle_right_cross_3,1179.2,1111.468130219976,1827.8977057249756,0.0,0.6427876096865427,0.7660444431189752,114.3,4.5,9.525,94.9,PROVISIONAL — top-joint end-distance revision; extended steel resistance unresolved; candidate FEA not run; SELECTED Conquest 3/8-16 A307 Grade A plain standard hex bolt; dimensional inspection envelope only; hex rotation bounded by cylinder; screw head/seat allowances are project assumptions; receiving holes and resistance require verification
angle_right_cross_3_wall_2,bolt,box_side_right + angle_right_cross_3,1258.951,1219.8425723464802,1940.0181605705081,-1.0,0.0,0.0,63.5,2.5,9.525,44.1,PROVISIONAL — top-joint end-distance revision; extended steel resistance unresolved; candidate FEA not run; SELECTED Conquest 3/8-16 A307 Grade A plain standard hex bolt; dimensional inspection envelope only; hex rotation bounded by cylinder; screw head/seat allowances are project assumptions; receiving holes and resistance require verification
angle_right_cross_3_beam_2,bolt,rear_cross_3 + angle_right_cross_3,1144.2,1111.468130219976,1827.8977057249756,0.0,0.6427876096865427,0.7660444431189752,114.3,4.5,9.525,94.9,PROVISIONAL — top-joint end-distance revision; extended steel resistance unresolved; candidate FEA not run; SELECTED Conquest 3/8-16 A307 Grade A plain standard hex bolt; dimensional inspection envelope only; hex rotation bounded by cylinder; screw head/seat allowances are project assumptions; receiving holes and resistance require verification
rib_1_seam_left_front,screw,panel_seam_vertical_lower + rib_1_seam_left,-54.0,180.33111122041635,489.36484320362047,0.0,-0.7660444431189781,0.6427876096865394,88.9,3.5000000000000004,4.9022,0.0,PROVISIONAL — top-joint end-distance revision; extended steel resistance unresolved; candidate FEA not run; SELECTED GRK R4 Climatek #10 x 3.5 in; 02139; dimensional inspection envelope only; hex rotation bounded by cylinder; screw head/seat allowances are project assumptions; receiving holes and resistance require verification
angle_rib_1_seam_left_rib_1,bolt,angle_rib_1_seam_left + rib_1_seam_left,-93.401,139.18953544733614,569.5759793874939,1.0,0.0,0.0,88.9,3.5000000000000004,9.525,69.5,PROVISIONAL — top-joint end-distance revision; extended steel resistance unresolved; candidate FEA not run; SELECTED Conquest 3/8-16 A307 Grade A plain standard hex bolt; dimensional inspection envelope only; hex rotation bounded by cylinder; screw head/seat allowances are project assumptions; receiving holes and resistance require verification
angle_rib_1_seam_left_rib_2,bolt,angle_rib_1_seam_left + rib_1_seam_left,-93.401,184.1846681253939,623.1990904058224,1.0,0.0,0.0,88.9,3.5000000000000004,9.525,69.5,PROVISIONAL — top-joint end-distance revision; extended steel resistance unresolved; candidate FEA not run; SELECTED Conquest 3/8-16 A307 Grade A plain standard hex bolt; dimensional inspection envelope only; hex rotation bounded by cylinder; screw head/seat allowances are project assumptions; receiving holes and resistance require verification
angle_rib_1_seam_left_beam_1,bolt,rear_cross_1 + angle_rib_1_seam_left,-123.75,96.78322029866646,650.8483579149599,-0.0,0.7660444431189781,-0.6427876096865394,63.5,2.5,9.525,44.1,PROVISIONAL — top-joint end-distance revision; extended steel resistance unresolved; candidate FEA not run; SELECTED Conquest 3/8-16 A307 Grade A plain standard hex bolt; dimensional inspection envelope only; hex rotation bounded by cylinder; screw head/seat allowances are project assumptions; receiving holes and resistance require verification
angle_rib_1_seam_left_beam_2,bolt,rear_cross_1 + angle_rib_1_seam_left,-151.75,96.78322029866646,650.8483579149599,-0.0,0.7660444431189781,-0.6427876096865394,63.5,2.5,9.525,44.1,PROVISIONAL — top-joint end-distance revision; extended steel resistance unresolved; candidate FEA not run; SELECTED Conquest 3/8-16 A307 Grade A plain standard hex bolt; dimensional inspection envelope only; hex rotation bounded by cylinder; screw head/seat allowances are project assumptions; receiving holes and resistance require verification
rib_1_seam_right_front,screw,panel_seam_vertical_lower + rib_1_seam_right,54.0,292.81894291556074,623.4226207494416,0.0,-0.7660444431189781,0.6427876096865394,88.9,3.5000000000000004,4.9022,0.0,PROVISIONAL — top-joint end-distance revision; extended steel resistance unresolved; candidate FEA not run; SELECTED GRK R4 Climatek #10 x 3.5 in; 02139; dimensional inspection envelope only; hex rotation bounded by cylinder; screw head/seat allowances are project assumptions; receiving holes and resistance require verification
angle_rib_1_seam_right_rib_1,bolt,angle_rib_1_seam_right + rib_1_seam_right,93.401,116.69196910830725,542.7644238783297,-1.0,0.0,0.0,88.9,3.5000000000000004,9.525,69.5,PROVISIONAL — top-joint end-distance revision; extended steel resistance unresolved; candidate FEA not run; SELECTED Conquest 3/8-16 A307 Grade A plain standard hex bolt; dimensional inspection envelope only; hex rotation bounded by cylinder; screw head/seat allowances are project assumptions; receiving holes and resistance require verification
angle_rib_1_seam_right_rib_2,bolt,angle_rib_1_seam_right + rib_1_seam_right,93.401,206.68223446442278,650.0106459149866,-1.0,0.0,0.0,88.9,3.5000000000000004,9.525,69.5,PROVISIONAL — top-joint end-distance revision; extended steel resistance unresolved; candidate FEA not run; SELECTED Conquest 3/8-16 A307 Grade A plain standard hex bolt; dimensional inspection envelope only; hex rotation bounded by cylinder; screw head/seat allowances are project assumptions; receiving holes and resistance require verification
angle_rib_1_seam_right_beam_1,bolt,rear_cross_1 + angle_rib_1_seam_right,123.75,96.78322029866646,650.8483579149599,-0.0,0.7660444431189781,-0.6427876096865394,63.5,2.5,9.525,44.1,PROVISIONAL — top-joint end-distance revision; extended steel resistance unresolved; candidate FEA not run; SELECTED Conquest 3/8-16 A307 Grade A plain standard hex bolt; dimensional inspection envelope only; hex rotation bounded by cylinder; screw head/seat allowances are project assumptions; receiving holes and resistance require verification
angle_rib_1_seam_right_beam_2,bolt,rear_cross_1 + angle_rib_1_seam_right,151.75,96.78322029866646,650.8483579149599,-0.0,0.7660444431189781,-0.6427876096865394,63.5,2.5,9.525,44.1,PROVISIONAL — top-joint end-distance revision; extended steel resistance unresolved; candidate FEA not run; SELECTED Conquest 3/8-16 A307 Grade A plain standard hex bolt; dimensional inspection envelope only; hex rotation bounded by cylinder; screw head/seat allowances are project assumptions; receiving holes and resistance require verification
rib_1_mid_left_front,screw,mid_lower_left + rib_1_mid_left,-514.2,225.3262438984741,542.9879542219489,0.0,-0.7660444431189781,0.6427876096865394,88.9,3.5000000000000004,4.9022,0.0,PROVISIONAL — top-joint end-distance revision; extended steel resistance unresolved; candidate FEA not run; SELECTED GRK R4 Climatek #10 x 3.5 in; 02139; dimensional inspection envelope only; hex rotation bounded by cylinder; screw head/seat allowances are project assumptions; receiving holes and resistance require verification
angle_rib_1_mid_left_rib_1,bolt,angle_rib_1_mid_left + rib_1_mid_left,-553.601,139.18953544733614,569.5759793874939,1.0,0.0,0.0,88.9,3.5000000000000004,9.525,69.5,PROVISIONAL — top-joint end-distance revision; extended steel resistance unresolved; candidate FEA not run; SELECTED Conquest 3/8-16 A307 Grade A plain standard hex bolt; dimensional inspection envelope only; hex rotation bounded by cylinder; screw head/seat allowances are project assumptions; receiving holes and resistance require verification
angle_rib_1_mid_left_rib_2,bolt,angle_rib_1_mid_left + rib_1_mid_left,-553.601,184.1846681253939,623.1990904058224,1.0,0.0,0.0,88.9,3.5000000000000004,9.525,69.5,PROVISIONAL — top-joint end-distance revision; extended steel resistance unresolved; candidate FEA not run; SELECTED Conquest 3/8-16 A307 Grade A plain standard hex bolt; dimensional inspection envelope only; hex rotation bounded by cylinder; screw head/seat allowances are project assumptions; receiving holes and resistance require verification
angle_rib_1_mid_left_beam_1,bolt,rear_cross_1 + angle_rib_1_mid_left,-583.95,96.78322029866646,650.8483579149599,-0.0,0.7660444431189781,-0.6427876096865394,63.5,2.5,9.525,44.1,PROVISIONAL — top-joint end-distance revision; extended steel resistance unresolved; candidate FEA not run; SELECTED Conquest 3/8-16 A307 Grade A plain standard hex bolt; dimensional inspection envelope only; hex rotation bounded by cylinder; screw head/seat allowances are project assumptions; receiving holes and resistance require verification
angle_rib_1_mid_left_beam_2,bolt,rear_cross_1 + angle_rib_1_mid_left,-611.95,96.78322029866646,650.8483579149599,-0.0,0.7660444431189781,-0.6427876096865394,63.5,2.5,9.525,44.1,PROVISIONAL — top-joint end-distance revision; extended steel resistance unresolved; candidate FEA not run; SELECTED Conquest 3/8-16 A307 Grade A plain standard hex bolt; dimensional inspection envelope only; hex rotation bounded by cylinder; screw head/seat allowances are project assumptions; receiving holes and resistance require verification
rib_1_mid_right_front,screw,mid_lower_right + rib_1_mid_right,685.8,225.3262438984741,542.9879542219489,0.0,-0.7660444431189781,0.6427876096865394,88.9,3.5000000000000004,4.9022,0.0,PROVISIONAL — top-joint end-distance revision; extended steel resistance unresolved; candidate FEA not run; SELECTED GRK R4 Climatek #10 x 3.5 in; 02139; dimensional inspection envelope only; hex rotation bounded by cylinder; screw head/seat allowances are project assumptions; receiving holes and resistance require verification
angle_rib_1_mid_right_rib_1,bolt,angle_rib_1_mid_right + rib_1_mid_right,725.2009999999999,139.18953544733614,569.5759793874939,-1.0,0.0,0.0,88.9,3.5000000000000004,9.525,69.5,PROVISIONAL — top-joint end-distance revision; extended steel resistance unresolved; candidate FEA not run; SELECTED Conquest 3/8-16 A307 Grade A plain standard hex bolt; dimensional inspection envelope only; hex rotation bounded by cylinder; screw head/seat allowances are project assumptions; receiving holes and resistance require verification
angle_rib_1_mid_right_rib_2,bolt,angle_rib_1_mid_right + rib_1_mid_right,725.2009999999999,184.1846681253939,623.1990904058224,-1.0,0.0,0.0,88.9,3.5000000000000004,9.525,69.5,PROVISIONAL — top-joint end-distance revision; extended steel resistance unresolved; candidate FEA not run; SELECTED Conquest 3/8-16 A307 Grade A plain standard hex bolt; dimensional inspection envelope only; hex rotation bounded by cylinder; screw head/seat allowances are project assumptions; receiving holes and resistance require verification
angle_rib_1_mid_right_beam_1,bolt,rear_cross_1 + angle_rib_1_mid_right,755.55,96.78322029866646,650.8483579149599,-0.0,0.7660444431189781,-0.6427876096865394,63.5,2.5,9.525,44.1,PROVISIONAL — top-joint end-distance revision; extended steel resistance unresolved; candidate FEA not run; SELECTED Conquest 3/8-16 A307 Grade A plain standard hex bolt; dimensional inspection envelope only; hex rotation bounded by cylinder; screw head/seat allowances are project assumptions; receiving holes and resistance require verification
angle_rib_1_mid_right_beam_2,bolt,rear_cross_1 + angle_rib_1_mid_right,783.55,96.78322029866646,650.8483579149599,-0.0,0.7660444431189781,-0.6427876096865394,63.5,2.5,9.525,44.1,PROVISIONAL — top-joint end-distance revision; extended steel resistance unresolved; candidate FEA not run; SELECTED Conquest 3/8-16 A307 Grade A plain standard hex bolt; dimensional inspection envelope only; hex rotation bounded by cylinder; screw head/seat allowances are project assumptions; receiving holes and resistance require verification
rib_2_seam_left_front,screw,panel_seam_horizontal + rib_2_seam_left,-76.0,751.8978537536871,1170.5315620250158,0.0,-0.7660444431189781,0.6427876096865394,88.9,3.5000000000000004,4.9022,0.0,PROVISIONAL — top-joint end-distance revision; extended steel resistance unresolved; candidate FEA not run; SELECTED GRK R4 Climatek #10 x 3.5 in; 02139; dimensional inspection envelope only; hex rotation bounded by cylinder; screw head/seat allowances are project assumptions; receiving holes and resistance require verification
angle_rib_2_seam_left_rib_1,bolt,angle_rib_2_seam_left + rib_2_seam_left,-115.401,643.2635789635202,1170.3080316813966,1.0,0.0,0.0,88.9,3.5000000000000004,9.525,69.5,PROVISIONAL — top-joint end-distance revision; extended steel resistance unresolved; candidate FEA not run; SELECTED Conquest 3/8-16 A307 Grade A plain standard hex bolt; dimensional inspection envelope only; hex rotation bounded by cylinder; screw head/seat allowances are project assumptions; receiving holes and resistance require verification
angle_rib_2_seam_left_rib_2,bolt,angle_rib_2_seam_left + rib_2_seam_left,-115.401,733.2538443196357,1277.5542537180536,1.0,0.0,0.0,88.9,3.5000000000000004,9.525,69.5,PROVISIONAL — top-joint end-distance revision; extended steel resistance unresolved; candidate FEA not run; SELECTED Conquest 3/8-16 A307 Grade A plain standard hex bolt; dimensional inspection envelope only; hex rotation bounded by cylinder; screw head/seat allowances are project assumptions; receiving holes and resistance require verification
angle_rib_2_seam_left_beam_1,bolt,rear_cross_2 + angle_rib_2_seam_left,-145.75,623.3548301538794,1278.3919657180268,-0.0,0.7660444431189781,-0.6427876096865394,63.5,2.5,9.525,44.1,PROVISIONAL — top-joint end-distance revision; extended steel resistance unresolved; candidate FEA not run; SELECTED Conquest 3/8-16 A307 Grade A plain standard hex bolt; dimensional inspection envelope only; hex rotation bounded by cylinder; screw head/seat allowances are project assumptions; receiving holes and resistance require verification
angle_rib_2_seam_left_beam_2,bolt,rear_cross_2 + angle_rib_2_seam_left,-173.75,623.3548301538794,1278.3919657180268,-0.0,0.7660444431189781,-0.6427876096865394,63.5,2.5,9.525,44.1,PROVISIONAL — top-joint end-distance revision; extended steel resistance unresolved; candidate FEA not run; SELECTED Conquest 3/8-16 A307 Grade A plain standard hex bolt; dimensional inspection envelope only; hex rotation bounded by cylinder; screw head/seat allowances are project assumptions; receiving holes and resistance require verification
rib_2_seam_right_front,screw,panel_seam_horizontal + rib_2_seam_right,76.0,751.8978537536871,1170.5315620250158,0.0,-0.7660444431189781,0.6427876096865394,88.9,3.5000000000000004,4.9022,0.0,PROVISIONAL — top-joint end-distance revision; extended steel resistance unresolved; candidate FEA not run; SELECTED GRK R4 Climatek #10 x 3.5 in; 02139; dimensional inspection envelope only; hex rotation bounded by cylinder; screw head/seat allowances are project assumptions; receiving holes and resistance require verification
angle_rib_2_seam_right_rib_1,bolt,angle_rib_2_seam_right + rib_2_seam_right,115.401,665.7611453025492,1197.1195871905609,-1.0,0.0,0.0,88.9,3.5000000000000004,9.525,69.5,PROVISIONAL — top-joint end-distance revision; extended steel resistance unresolved; candidate FEA not run; SELECTED Conquest 3/8-16 A307 Grade A plain standard hex bolt; dimensional inspection envelope only; hex rotation bounded by cylinder; screw head/seat allowances are project assumptions; receiving holes and resistance require verification
angle_rib_2_seam_right_rib_2,bolt,angle_rib_2_seam_right + rib_2_seam_right,115.401,710.7562779806069,1250.7426982088894,-1.0,0.0,0.0,88.9,3.5000000000000004,9.525,69.5,PROVISIONAL — top-joint end-distance revision; extended steel resistance unresolved; candidate FEA not run; SELECTED Conquest 3/8-16 A307 Grade A plain standard hex bolt; dimensional inspection envelope only; hex rotation bounded by cylinder; screw head/seat allowances are project assumptions; receiving holes and resistance require verification
angle_rib_2_seam_right_beam_1,bolt,rear_cross_2 + angle_rib_2_seam_right,145.75,623.3548301538794,1278.3919657180268,-0.0,0.7660444431189781,-0.6427876096865394,63.5,2.5,9.525,44.1,PROVISIONAL — top-joint end-distance revision; extended steel resistance unresolved; candidate FEA not run; SELECTED Conquest 3/8-16 A307 Grade A plain standard hex bolt; dimensional inspection envelope only; hex rotation bounded by cylinder; screw head/seat allowances are project assumptions; receiving holes and resistance require verification
angle_rib_2_seam_right_beam_2,bolt,rear_cross_2 + angle_rib_2_seam_right,173.75,623.3548301538794,1278.3919657180268,-0.0,0.7660444431189781,-0.6427876096865394,63.5,2.5,9.525,44.1,PROVISIONAL — top-joint end-distance revision; extended steel resistance unresolved; candidate FEA not run; SELECTED Conquest 3/8-16 A307 Grade A plain standard hex bolt; dimensional inspection envelope only; hex rotation bounded by cylinder; screw head/seat allowances are project assumptions; receiving holes and resistance require verification
rib_2_mid_left_front,screw,panel_seam_horizontal + rib_2_mid_left,-514.2,751.8978537536871,1170.5315620250158,0.0,-0.7660444431189781,0.6427876096865394,88.9,3.5000000000000004,4.9022,0.0,PROVISIONAL — top-joint end-distance revision; extended steel resistance unresolved; candidate FEA not run; SELECTED GRK R4 Climatek #10 x 3.5 in; 02139; dimensional inspection envelope only; hex rotation bounded by cylinder; screw head/seat allowances are project assumptions; receiving holes and resistance require verification
angle_rib_2_mid_left_rib_1,bolt,angle_rib_2_mid_left + rib_2_mid_left,-553.601,665.7611453025492,1197.1195871905609,1.0,0.0,0.0,88.9,3.5000000000000004,9.525,69.5,PROVISIONAL — top-joint end-distance revision; extended steel resistance unresolved; candidate FEA not run; SELECTED Conquest 3/8-16 A307 Grade A plain standard hex bolt; dimensional inspection envelope only; hex rotation bounded by cylinder; screw head/seat allowances are project assumptions; receiving holes and resistance require verification
angle_rib_2_mid_left_rib_2,bolt,angle_rib_2_mid_left + rib_2_mid_left,-553.601,710.7562779806069,1250.7426982088894,1.0,0.0,0.0,88.9,3.5000000000000004,9.525,69.5,PROVISIONAL — top-joint end-distance revision; extended steel resistance unresolved; candidate FEA not run; SELECTED Conquest 3/8-16 A307 Grade A plain standard hex bolt; dimensional inspection envelope only; hex rotation bounded by cylinder; screw head/seat allowances are project assumptions; receiving holes and resistance require verification
angle_rib_2_mid_left_beam_1,bolt,rear_cross_2 + angle_rib_2_mid_left,-583.95,623.3548301538794,1278.3919657180268,-0.0,0.7660444431189781,-0.6427876096865394,63.5,2.5,9.525,44.1,PROVISIONAL — top-joint end-distance revision; extended steel resistance unresolved; candidate FEA not run; SELECTED Conquest 3/8-16 A307 Grade A plain standard hex bolt; dimensional inspection envelope only; hex rotation bounded by cylinder; screw head/seat allowances are project assumptions; receiving holes and resistance require verification
angle_rib_2_mid_left_beam_2,bolt,rear_cross_2 + angle_rib_2_mid_left,-611.95,623.3548301538794,1278.3919657180268,-0.0,0.7660444431189781,-0.6427876096865394,63.5,2.5,9.525,44.1,PROVISIONAL — top-joint end-distance revision; extended steel resistance unresolved; candidate FEA not run; SELECTED Conquest 3/8-16 A307 Grade A plain standard hex bolt; dimensional inspection envelope only; hex rotation bounded by cylinder; screw head/seat allowances are project assumptions; receiving holes and resistance require verification
rib_2_mid_right_front,screw,panel_seam_horizontal + rib_2_mid_right,685.8,751.8978537536871,1170.5315620250158,0.0,-0.7660444431189781,0.6427876096865394,88.9,3.5000000000000004,4.9022,0.0,PROVISIONAL — top-joint end-distance revision; extended steel resistance unresolved; candidate FEA not run; SELECTED GRK R4 Climatek #10 x 3.5 in; 02139; dimensional inspection envelope only; hex rotation bounded by cylinder; screw head/seat allowances are project assumptions; receiving holes and resistance require verification
angle_rib_2_mid_right_rib_1,bolt,angle_rib_2_mid_right + rib_2_mid_right,725.2009999999999,665.7611453025492,1197.1195871905609,-1.0,0.0,0.0,88.9,3.5000000000000004,9.525,69.5,PROVISIONAL — top-joint end-distance revision; extended steel resistance unresolved; candidate FEA not run; SELECTED Conquest 3/8-16 A307 Grade A plain standard hex bolt; dimensional inspection envelope only; hex rotation bounded by cylinder; screw head/seat allowances are project assumptions; receiving holes and resistance require verification
angle_rib_2_mid_right_rib_2,bolt,angle_rib_2_mid_right + rib_2_mid_right,725.2009999999999,710.7562779806069,1250.7426982088894,-1.0,0.0,0.0,88.9,3.5000000000000004,9.525,69.5,PROVISIONAL — top-joint end-distance revision; extended steel resistance unresolved; candidate FEA not run; SELECTED Conquest 3/8-16 A307 Grade A plain standard hex bolt; dimensional inspection envelope only; hex rotation bounded by cylinder; screw head/seat allowances are project assumptions; receiving holes and resistance require verification
angle_rib_2_mid_right_beam_1,bolt,rear_cross_2 + angle_rib_2_mid_right,755.55,623.3548301538794,1278.3919657180268,-0.0,0.7660444431189781,-0.6427876096865394,63.5,2.5,9.525,44.1,PROVISIONAL — top-joint end-distance revision; extended steel resistance unresolved; candidate FEA not run; SELECTED Conquest 3/8-16 A307 Grade A plain standard hex bolt; dimensional inspection envelope only; hex rotation bounded by cylinder; screw head/seat allowances are project assumptions; receiving holes and resistance require verification
angle_rib_2_mid_right_beam_2,bolt,rear_cross_2 + angle_rib_2_mid_right,783.55,623.3548301538794,1278.3919657180268,-0.0,0.7660444431189781,-0.6427876096865394,63.5,2.5,9.525,44.1,PROVISIONAL — top-joint end-distance revision; extended steel resistance unresolved; candidate FEA not run; SELECTED Conquest 3/8-16 A307 Grade A plain standard hex bolt; dimensional inspection envelope only; hex rotation bounded by cylinder; screw head/seat allowances are project assumptions; receiving holes and resistance require verification
rib_3_seam_left_front,screw,panel_seam_vertical_upper + rib_3_seam_left,-54.0,1208.7912867188793,1715.0359521939854,0.0,-0.7660444431189781,0.6427876096865394,88.9,3.5000000000000004,4.9022,0.0,PROVISIONAL — top-joint end-distance revision; extended steel resistance unresolved; candidate FEA not run; SELECTED GRK R4 Climatek #10 x 3.5 in; 02139; dimensional inspection envelope only; hex rotation bounded by cylinder; screw head/seat allowances are project assumptions; receiving holes and resistance require verification
angle_rib_3_seam_left_rib_1,bolt,angle_rib_3_seam_left + rib_3_seam_left,-93.401,1167.649710945799,1795.247088377859,1.0,0.0,0.0,88.9,3.5000000000000004,9.525,69.5,PROVISIONAL — top-joint end-distance revision; extended steel resistance unresolved; candidate FEA not run; SELECTED Conquest 3/8-16 A307 Grade A plain standard hex bolt; dimensional inspection envelope only; hex rotation bounded by cylinder; screw head/seat allowances are project assumptions; receiving holes and resistance require verification
angle_rib_3_seam_left_rib_2,bolt,angle_rib_3_seam_left + rib_3_seam_left,-93.401,1212.6448436238568,1848.8701993961874,1.0,0.0,0.0,88.9,3.5000000000000004,9.525,69.5,PROVISIONAL — top-joint end-distance revision; extended steel resistance unresolved; candidate FEA not run; SELECTED Conquest 3/8-16 A307 Grade A plain standard hex bolt; dimensional inspection envelope only; hex rotation bounded by cylinder; screw head/seat allowances are project assumptions; receiving holes and resistance require verification
angle_rib_3_seam_left_beam_1,bolt,rear_cross_3 + angle_rib_3_seam_left,-123.75,1125.243395797129,1876.5194669053249,-0.0,0.7660444431189781,-0.6427876096865394,63.5,2.5,9.525,44.1,PROVISIONAL — top-joint end-distance revision; extended steel resistance unresolved; candidate FEA not run; SELECTED Conquest 3/8-16 A307 Grade A plain standard hex bolt; dimensional inspection envelope only; hex rotation bounded by cylinder; screw head/seat allowances are project assumptions; receiving holes and resistance require verification
angle_rib_3_seam_left_beam_2,bolt,rear_cross_3 + angle_rib_3_seam_left,-151.75,1125.243395797129,1876.5194669053249,-0.0,0.7660444431189781,-0.6427876096865394,63.5,2.5,9.525,44.1,PROVISIONAL — top-joint end-distance revision; extended steel resistance unresolved; candidate FEA not run; SELECTED Conquest 3/8-16 A307 Grade A plain standard hex bolt; dimensional inspection envelope only; hex rotation bounded by cylinder; screw head/seat allowances are project assumptions; receiving holes and resistance require verification
rib_3_seam_right_front,screw,panel_seam_vertical_upper + rib_3_seam_right,54.0,1321.2791184140237,1849.0937297398066,0.0,-0.7660444431189781,0.6427876096865394,88.9,3.5000000000000004,4.9022,0.0,PROVISIONAL — top-joint end-distance revision; extended steel resistance unresolved; candidate FEA not run; SELECTED GRK R4 Climatek #10 x 3.5 in; 02139; dimensional inspection envelope only; hex rotation bounded by cylinder; screw head/seat allowances are project assumptions; receiving holes and resistance require verification
angle_rib_3_seam_right_rib_1,bolt,angle_rib_3_seam_right + rib_3_seam_right,93.401,1145.1521446067702,1768.4355328686947,-1.0,0.0,0.0,88.9,3.5000000000000004,9.525,69.5,PROVISIONAL — top-joint end-distance revision; extended steel resistance unresolved; candidate FEA not run; SELECTED Conquest 3/8-16 A307 Grade A plain standard hex bolt; dimensional inspection envelope only; hex rotation bounded by cylinder; screw head/seat allowances are project assumptions; receiving holes and resistance require verification
angle_rib_3_seam_right_rib_2,bolt,angle_rib_3_seam_right + rib_3_seam_right,93.401,1235.1424099628855,1875.6817549053517,-1.0,0.0,0.0,88.9,3.5000000000000004,9.525,69.5,PROVISIONAL — top-joint end-distance revision; extended steel resistance unresolved; candidate FEA not run; SELECTED Conquest 3/8-16 A307 Grade A plain standard hex bolt; dimensional inspection envelope only; hex rotation bounded by cylinder; screw head/seat allowances are project assumptions; receiving holes and resistance require verification
angle_rib_3_seam_right_beam_1,bolt,rear_cross_3 + angle_rib_3_seam_right,123.75,1125.243395797129,1876.5194669053249,-0.0,0.7660444431189781,-0.6427876096865394,63.5,2.5,9.525,44.1,PROVISIONAL — top-joint end-distance revision; extended steel resistance unresolved; candidate FEA not run; SELECTED Conquest 3/8-16 A307 Grade A plain standard hex bolt; dimensional inspection envelope only; hex rotation bounded by cylinder; screw head/seat allowances are project assumptions; receiving holes and resistance require verification
angle_rib_3_seam_right_beam_2,bolt,rear_cross_3 + angle_rib_3_seam_right,151.75,1125.243395797129,1876.5194669053249,-0.0,0.7660444431189781,-0.6427876096865394,63.5,2.5,9.525,44.1,PROVISIONAL — top-joint end-distance revision; extended steel resistance unresolved; candidate FEA not run; SELECTED Conquest 3/8-16 A307 Grade A plain standard hex bolt; dimensional inspection envelope only; hex rotation bounded by cylinder; screw head/seat allowances are project assumptions; receiving holes and resistance require verification
rib_3_mid_left_front,screw,mid_upper_left + rib_3_mid_left,-514.2,1253.7864193969367,1768.6590632123139,0.0,-0.7660444431189781,0.6427876096865394,88.9,3.5000000000000004,4.9022,0.0,PROVISIONAL — top-joint end-distance revision; extended steel resistance unresolved; candidate FEA not run; SELECTED GRK R4 Climatek #10 x 3.5 in; 02139; dimensional inspection envelope only; hex rotation bounded by cylinder; screw head/seat allowances are project assumptions; receiving holes and resistance require verification
angle_rib_3_mid_left_rib_1,bolt,angle_rib_3_mid_left + rib_3_mid_left,-553.601,1167.649710945799,1795.247088377859,1.0,0.0,0.0,88.9,3.5000000000000004,9.525,69.5,PROVISIONAL — top-joint end-distance revision; extended steel resistance unresolved; candidate FEA not run; SELECTED Conquest 3/8-16 A307 Grade A plain standard hex bolt; dimensional inspection envelope only; hex rotation bounded by cylinder; screw head/seat allowances are project assumptions; receiving holes and resistance require verification
angle_rib_3_mid_left_rib_2,bolt,angle_rib_3_mid_left + rib_3_mid_left,-553.601,1212.6448436238568,1848.8701993961874,1.0,0.0,0.0,88.9,3.5000000000000004,9.525,69.5,PROVISIONAL — top-joint end-distance revision; extended steel resistance unresolved; candidate FEA not run; SELECTED Conquest 3/8-16 A307 Grade A plain standard hex bolt; dimensional inspection envelope only; hex rotation bounded by cylinder; screw head/seat allowances are project assumptions; receiving holes and resistance require verification
angle_rib_3_mid_left_beam_1,bolt,rear_cross_3 + angle_rib_3_mid_left,-583.95,1125.243395797129,1876.5194669053249,-0.0,0.7660444431189781,-0.6427876096865394,63.5,2.5,9.525,44.1,PROVISIONAL — top-joint end-distance revision; extended steel resistance unresolved; candidate FEA not run; SELECTED Conquest 3/8-16 A307 Grade A plain standard hex bolt; dimensional inspection envelope only; hex rotation bounded by cylinder; screw head/seat allowances are project assumptions; receiving holes and resistance require verification
angle_rib_3_mid_left_beam_2,bolt,rear_cross_3 + angle_rib_3_mid_left,-611.95,1125.243395797129,1876.5194669053249,-0.0,0.7660444431189781,-0.6427876096865394,63.5,2.5,9.525,44.1,PROVISIONAL — top-joint end-distance revision; extended steel resistance unresolved; candidate FEA not run; SELECTED Conquest 3/8-16 A307 Grade A plain standard hex bolt; dimensional inspection envelope only; hex rotation bounded by cylinder; screw head/seat allowances are project assumptions; receiving holes and resistance require verification
rib_3_mid_right_front,screw,mid_upper_right + rib_3_mid_right,685.8,1253.7864193969367,1768.6590632123139,0.0,-0.7660444431189781,0.6427876096865394,88.9,3.5000000000000004,4.9022,0.0,PROVISIONAL — top-joint end-distance revision; extended steel resistance unresolved; candidate FEA not run; SELECTED GRK R4 Climatek #10 x 3.5 in; 02139; dimensional inspection envelope only; hex rotation bounded by cylinder; screw head/seat allowances are project assumptions; receiving holes and resistance require verification
angle_rib_3_mid_right_rib_1,bolt,angle_rib_3_mid_right + rib_3_mid_right,725.2009999999999,1167.649710945799,1795.247088377859,-1.0,0.0,0.0,88.9,3.5000000000000004,9.525,69.5,PROVISIONAL — top-joint end-distance revision; extended steel resistance unresolved; candidate FEA not run; SELECTED Conquest 3/8-16 A307 Grade A plain standard hex bolt; dimensional inspection envelope only; hex rotation bounded by cylinder; screw head/seat allowances are project assumptions; receiving holes and resistance require verification
angle_rib_3_mid_right_rib_2,bolt,angle_rib_3_mid_right + rib_3_mid_right,725.2009999999999,1212.6448436238568,1848.8701993961874,-1.0,0.0,0.0,88.9,3.5000000000000004,9.525,69.5,PROVISIONAL — top-joint end-distance revision; extended steel resistance unresolved; candidate FEA not run; SELECTED Conquest 3/8-16 A307 Grade A plain standard hex bolt; dimensional inspection envelope only; hex rotation bounded by cylinder; screw head/seat allowances are project assumptions; receiving holes and resistance require verification
angle_rib_3_mid_right_beam_1,bolt,rear_cross_3 + angle_rib_3_mid_right,755.55,1125.243395797129,1876.5194669053249,-0.0,0.7660444431189781,-0.6427876096865394,63.5,2.5,9.525,44.1,PROVISIONAL — top-joint end-distance revision; extended steel resistance unresolved; candidate FEA not run; SELECTED Conquest 3/8-16 A307 Grade A plain standard hex bolt; dimensional inspection envelope only; hex rotation bounded by cylinder; screw head/seat allowances are project assumptions; receiving holes and resistance require verification
angle_rib_3_mid_right_beam_2,bolt,rear_cross_3 + angle_rib_3_mid_right,783.55,1125.243395797129,1876.5194669053249,-0.0,0.7660444431189781,-0.6427876096865394,63.5,2.5,9.525,44.1,PROVISIONAL — top-joint end-distance revision; extended steel resistance unresolved; candidate FEA not run; SELECTED Conquest 3/8-16 A307 Grade A plain standard hex bolt; dimensional inspection envelope only; hex rotation bounded by cylinder; screw head/seat allowances are project assumptions; receiving holes and resistance require verification
leg_stitch_left_1,bolt,leg_left_inner + leg_left_outer,-1255.649,971.0333737790937,1134.3443559823804,-1.0,0.0,0.0,57.15,2.25,9.525,38.1,PROVISIONAL — top-joint end-distance revision; extended steel resistance unresolved; candidate FEA not run; SELECTED Conquest 3/8-16 A307 Grade A plain standard hex bolt; dimensional inspection envelope only; hex rotation bounded by cylinder; screw head/seat allowances are project assumptions; receiving holes and resistance require verification
leg_stitch_left_2,bolt,leg_left_inner + leg_left_outer,-1255.649,1133.3952540938872,708.9652224889878,-1.0,0.0,0.0,57.15,2.25,9.525,38.1,PROVISIONAL — top-joint end-distance revision; extended steel resistance unresolved; candidate FEA not run; SELECTED Conquest 3/8-16 A307 Grade A plain standard hex bolt; dimensional inspection envelope only; hex rotation bounded by cylinder; screw head/seat allowances are project assumptions; receiving holes and resistance require verification
leg_stitch_left_3,bolt,leg_left_inner + leg_left_outer,-1255.649,1295.7571344086807,283.586088995595,-1.0,0.0,0.0,57.15,2.25,9.525,38.1,PROVISIONAL — top-joint end-distance revision; extended steel resistance unresolved; candidate FEA not run; SELECTED Conquest 3/8-16 A307 Grade A plain standard hex bolt; dimensional inspection envelope only; hex rotation bounded by cylinder; screw head/seat allowances are project assumptions; receiving holes and resistance require verification
leg_stitch_right_1,bolt,leg_right_inner + leg_right_outer,1255.649,971.0333737790937,1134.3443559823804,1.0,0.0,0.0,57.15,2.25,9.525,38.1,PROVISIONAL — top-joint end-distance revision; extended steel resistance unresolved; candidate FEA not run; SELECTED Conquest 3/8-16 A307 Grade A plain standard hex bolt; dimensional inspection envelope only; hex rotation bounded by cylinder; screw head/seat allowances are project assumptions; receiving holes and resistance require verification
leg_stitch_right_2,bolt,leg_right_inner + leg_right_outer,1255.649,1133.3952540938872,708.9652224889878,1.0,0.0,0.0,57.15,2.25,9.525,38.1,PROVISIONAL — top-joint end-distance revision; extended steel resistance unresolved; candidate FEA not run; SELECTED Conquest 3/8-16 A307 Grade A plain standard hex bolt; dimensional inspection envelope only; hex rotation bounded by cylinder; screw head/seat allowances are project assumptions; receiving holes and resistance require verification
leg_stitch_right_3,bolt,leg_right_inner + leg_right_outer,1255.649,1295.7571344086807,283.586088995595,1.0,0.0,0.0,57.15,2.25,9.525,38.1,PROVISIONAL — top-joint end-distance revision; extended steel resistance unresolved; candidate FEA not run; SELECTED Conquest 3/8-16 A307 Grade A plain standard hex bolt; dimensional inspection envelope only; hex rotation bounded by cylinder; screw head/seat allowances are project assumptions; receiving holes and resistance require verification
clip_lower_left_bottom_batten_1,screw,clip_lower_left_bottom + mid_lower_left,-559.8184000000001,31.963485749287983,354.53228930112635,1.0,0.0,0.0,38.1,1.5000000000000002,4.5,0.0,PROVISIONAL — top-joint end-distance revision; extended steel resistance unresolved; candidate FEA not run; SELECTED Simpson SD9112; SD9112R100; dimensional inspection envelope only; hex rotation bounded by cylinder; screw head/seat allowances are project assumptions; receiving holes and resistance require verification
clip_lower_left_bottom_batten_2,screw,clip_lower_left_bottom + mid_lower_left,-559.8184000000001,35.96103864078272,334.5992715697416,1.0,0.0,0.0,38.1,1.5000000000000002,4.5,0.0,PROVISIONAL — top-joint end-distance revision; extended steel resistance unresolved; candidate FEA not run; SELECTED Simpson SD9112; SD9112R100; dimensional inspection envelope only; hex rotation bounded by cylinder; screw head/seat allowances are project assumptions; receiving holes and resistance require verification
clip_lower_left_bottom_rail_1,screw,clip_lower_left_bottom + panel_edge_bottom,-575.6934000000001,5.432427159476077,322.9138049113905,-0.0,-0.6427876096865427,-0.7660444431189752,38.1,1.5000000000000002,4.5,0.0,PROVISIONAL — top-joint end-distance revision; extended steel resistance unresolved; candidate FEA not run; SELECTED Simpson SD9112; SD9112R100; dimensional inspection envelope only; hex rotation bounded by cylinder; screw head/seat allowances are project assumptions; receiving holes and resistance require verification
clip_lower_left_bottom_rail_2,screw,clip_lower_left_bottom + panel_edge_bottom,-588.3934,17.593382693989852,312.70955160761673,-0.0,-0.6427876096865427,-0.7660444431189752,38.1,1.5000000000000002,4.5,0.0,PROVISIONAL — top-joint end-distance revision; extended steel resistance unresolved; candidate FEA not run; SELECTED Simpson SD9112; SD9112R100; dimensional inspection envelope only; hex rotation bounded by cylinder; screw head/seat allowances are project assumptions; receiving holes and resistance require verification
clip_lower_left_top_batten_1,screw,clip_lower_left_top + mid_lower_left,-559.8184000000001,671.2043787099528,1091.6528042687207,1.0,0.0,0.0,38.1,1.5000000000000002,4.5,0.0,PROVISIONAL — top-joint end-distance revision; extended steel resistance unresolved; candidate FEA not run; SELECTED Simpson SD9112; SD9112R100; dimensional inspection envelope only; hex rotation bounded by cylinder; screw head/seat allowances are project assumptions; receiving holes and resistance require verification
clip_lower_left_top_batten_2,screw,clip_lower_left_top + mid_lower_left,-559.8184000000001,667.2068258184581,1111.5858220001055,1.0,0.0,0.0,38.1,1.5000000000000002,4.5,0.0,PROVISIONAL — top-joint end-distance revision; extended steel resistance unresolved; candidate FEA not run; SELECTED Simpson SD9112; SD9112R100; dimensional inspection envelope only; hex rotation bounded by cylinder; screw head/seat allowances are project assumptions; receiving holes and resistance require verification
clip_lower_left_top_rail_1,screw,clip_lower_left_top + panel_seam_horizontal,-575.6934000000001,697.7354372997648,1123.2712886584566,0.0,0.6427876096865427,0.7660444431189752,38.1,1.5000000000000002,4.5,0.0,PROVISIONAL — top-joint end-distance revision; extended steel resistance unresolved; candidate FEA not run; SELECTED Simpson SD9112; SD9112R100; dimensional inspection envelope only; hex rotation bounded by cylinder; screw head/seat allowances are project assumptions; receiving holes and resistance require verification
clip_lower_left_top_rail_2,screw,clip_lower_left_top + panel_seam_horizontal,-588.3934,685.5744817652511,1133.4755419622304,0.0,0.6427876096865427,0.7660444431189752,38.1,1.5000000000000002,4.5,0.0,PROVISIONAL — top-joint end-distance revision; extended steel resistance unresolved; candidate FEA not run; SELECTED Simpson SD9112; SD9112R100; dimensional inspection envelope only; hex rotation bounded by cylinder; screw head/seat allowances are project assumptions; receiving holes and resistance require verification
clip_upper_left_bottom_batten_1,screw,clip_upper_left_bottom + mid_upper_left,-559.8184000000001,803.405035514588,1273.900527710368,1.0,0.0,0.0,38.1,1.5000000000000002,4.5,0.0,PROVISIONAL — top-joint end-distance revision; extended steel resistance unresolved; candidate FEA not run; SELECTED Simpson SD9112; SD9112R100; dimensional inspection envelope only; hex rotation bounded by cylinder; screw head/seat allowances are project assumptions; receiving holes and resistance require verification
clip_upper_left_bottom_batten_2,screw,clip_upper_left_bottom + mid_upper_left,-559.8184000000001,807.4025884060828,1253.9675099789831,1.0,0.0,0.0,38.1,1.5000000000000002,4.5,0.0,PROVISIONAL — top-joint end-distance revision; extended steel resistance unresolved; candidate FEA not run; SELECTED Simpson SD9112; SD9112R100; dimensional inspection envelope only; hex rotation bounded by cylinder; screw head/seat allowances are project assumptions; receiving holes and resistance require verification
clip_upper_left_bottom_rail_1,screw,clip_upper_left_bottom + panel_seam_horizontal,-575.6934000000001,776.8739769247761,1242.282043320632,-0.0,-0.6427876096865427,-0.7660444431189752,38.1,1.5000000000000002,4.5,0.0,PROVISIONAL — top-joint end-distance revision; extended steel resistance unresolved; candidate FEA not run; SELECTED Simpson SD9112; SD9112R100; dimensional inspection envelope only; hex rotation bounded by cylinder; screw head/seat allowances are project assumptions; receiving holes and resistance require verification
clip_upper_left_bottom_rail_2,screw,clip_upper_left_bottom + panel_seam_horizontal,-588.3934,789.0349324592898,1232.0777900168582,-0.0,-0.6427876096865427,-0.7660444431189752,38.1,1.5000000000000002,4.5,0.0,PROVISIONAL — top-joint end-distance revision; extended steel resistance unresolved; candidate FEA not run; SELECTED Simpson SD9112; SD9112R100; dimensional inspection envelope only; hex rotation bounded by cylinder; screw head/seat allowances are project assumptions; receiving holes and resistance require verification
clip_upper_left_top_batten_1,screw,clip_upper_left_top + mid_upper_left,-559.8184000000001,1442.645928475253,2011.0210426779622,1.0,0.0,0.0,38.1,1.5000000000000002,4.5,0.0,PROVISIONAL — top-joint end-distance revision; extended steel resistance unresolved; candidate FEA not run; SELECTED Simpson SD9112; SD9112R100; dimensional inspection envelope only; hex rotation bounded by cylinder; screw head/seat allowances are project assumptions; receiving holes and resistance require verification
clip_upper_left_top_batten_2,screw,clip_upper_left_top + mid_upper_left,-559.8184000000001,1438.6483755837583,2030.9540604093472,1.0,0.0,0.0,38.1,1.5000000000000002,4.5,0.0,PROVISIONAL — top-joint end-distance revision; extended steel resistance unresolved; candidate FEA not run; SELECTED Simpson SD9112; SD9112R100; dimensional inspection envelope only; hex rotation bounded by cylinder; screw head/seat allowances are project assumptions; receiving holes and resistance require verification
clip_upper_left_top_rail_1,screw,clip_upper_left_top + panel_edge_top,-575.6934000000001,1469.1769870650648,2042.639527067698,0.0,0.6427876096865427,0.7660444431189752,38.1,1.5000000000000002,4.5,0.0,PROVISIONAL — top-joint end-distance revision; extended steel resistance unresolved; candidate FEA not run; SELECTED Simpson SD9112; SD9112R100; dimensional inspection envelope only; hex rotation bounded by cylinder; screw head/seat allowances are project assumptions; receiving holes and resistance require verification
clip_upper_left_top_rail_2,screw,clip_upper_left_top + panel_edge_top,-588.3934,1457.016031530551,2052.843780371472,0.0,0.6427876096865427,0.7660444431189752,38.1,1.5000000000000002,4.5,0.0,PROVISIONAL — top-joint end-distance revision; extended steel resistance unresolved; candidate FEA not run; SELECTED Simpson SD9112; SD9112R100; dimensional inspection envelope only; hex rotation bounded by cylinder; screw head/seat allowances are project assumptions; receiving holes and resistance require verification
clip_lower_right_bottom_batten_1,screw,clip_lower_right_bottom + mid_lower_right,640.1815999999999,31.963485749287983,354.53228930112635,1.0,0.0,0.0,38.1,1.5000000000000002,4.5,0.0,PROVISIONAL — top-joint end-distance revision; extended steel resistance unresolved; candidate FEA not run; SELECTED Simpson SD9112; SD9112R100; dimensional inspection envelope only; hex rotation bounded by cylinder; screw head/seat allowances are project assumptions; receiving holes and resistance require verification
clip_lower_right_bottom_batten_2,screw,clip_lower_right_bottom + mid_lower_right,640.1815999999999,35.96103864078272,334.5992715697416,1.0,0.0,0.0,38.1,1.5000000000000002,4.5,0.0,PROVISIONAL — top-joint end-distance revision; extended steel resistance unresolved; candidate FEA not run; SELECTED Simpson SD9112; SD9112R100; dimensional inspection envelope only; hex rotation bounded by cylinder; screw head/seat allowances are project assumptions; receiving holes and resistance require verification
clip_lower_right_bottom_rail_1,screw,clip_lower_right_bottom + panel_edge_bottom,624.3065999999999,5.432427159476077,322.9138049113905,-0.0,-0.6427876096865427,-0.7660444431189752,38.1,1.5000000000000002,4.5,0.0,PROVISIONAL — top-joint end-distance revision; extended steel resistance unresolved; candidate FEA not run; SELECTED Simpson SD9112; SD9112R100; dimensional inspection envelope only; hex rotation bounded by cylinder; screw head/seat allowances are project assumptions; receiving holes and resistance require verification
clip_lower_right_bottom_rail_2,screw,clip_lower_right_bottom + panel_edge_bottom,611.6066,17.593382693989852,312.70955160761673,-0.0,-0.6427876096865427,-0.7660444431189752,38.1,1.5000000000000002,4.5,0.0,PROVISIONAL — top-joint end-distance revision; extended steel resistance unresolved; candidate FEA not run; SELECTED Simpson SD9112; SD9112R100; dimensional inspection envelope only; hex rotation bounded by cylinder; screw head/seat allowances are project assumptions; receiving holes and resistance require verification
clip_lower_right_top_batten_1,screw,clip_lower_right_top + mid_lower_right,640.1815999999999,671.2043787099528,1091.6528042687207,1.0,0.0,0.0,38.1,1.5000000000000002,4.5,0.0,PROVISIONAL — top-joint end-distance revision; extended steel resistance unresolved; candidate FEA not run; SELECTED Simpson SD9112; SD9112R100; dimensional inspection envelope only; hex rotation bounded by cylinder; screw head/seat allowances are project assumptions; receiving holes and resistance require verification
clip_lower_right_top_batten_2,screw,clip_lower_right_top + mid_lower_right,640.1815999999999,667.2068258184581,1111.5858220001055,1.0,0.0,0.0,38.1,1.5000000000000002,4.5,0.0,PROVISIONAL — top-joint end-distance revision; extended steel resistance unresolved; candidate FEA not run; SELECTED Simpson SD9112; SD9112R100; dimensional inspection envelope only; hex rotation bounded by cylinder; screw head/seat allowances are project assumptions; receiving holes and resistance require verification
clip_lower_right_top_rail_1,screw,clip_lower_right_top + panel_seam_horizontal,624.3065999999999,697.7354372997648,1123.2712886584566,0.0,0.6427876096865427,0.7660444431189752,38.1,1.5000000000000002,4.5,0.0,PROVISIONAL — top-joint end-distance revision; extended steel resistance unresolved; candidate FEA not run; SELECTED Simpson SD9112; SD9112R100; dimensional inspection envelope only; hex rotation bounded by cylinder; screw head/seat allowances are project assumptions; receiving holes and resistance require verification
clip_lower_right_top_rail_2,screw,clip_lower_right_top + panel_seam_horizontal,611.6066,685.5744817652511,1133.4755419622304,0.0,0.6427876096865427,0.7660444431189752,38.1,1.5000000000000002,4.5,0.0,PROVISIONAL — top-joint end-distance revision; extended steel resistance unresolved; candidate FEA not run; SELECTED Simpson SD9112; SD9112R100; dimensional inspection envelope only; hex rotation bounded by cylinder; screw head/seat allowances are project assumptions; receiving holes and resistance require verification
clip_upper_right_bottom_batten_1,screw,clip_upper_right_bottom + mid_upper_right,640.1815999999999,803.405035514588,1273.900527710368,1.0,0.0,0.0,38.1,1.5000000000000002,4.5,0.0,PROVISIONAL — top-joint end-distance revision; extended steel resistance unresolved; candidate FEA not run; SELECTED Simpson SD9112; SD9112R100; dimensional inspection envelope only; hex rotation bounded by cylinder; screw head/seat allowances are project assumptions; receiving holes and resistance require verification
clip_upper_right_bottom_batten_2,screw,clip_upper_right_bottom + mid_upper_right,640.1815999999999,807.4025884060828,1253.9675099789831,1.0,0.0,0.0,38.1,1.5000000000000002,4.5,0.0,PROVISIONAL — top-joint end-distance revision; extended steel resistance unresolved; candidate FEA not run; SELECTED Simpson SD9112; SD9112R100; dimensional inspection envelope only; hex rotation bounded by cylinder; screw head/seat allowances are project assumptions; receiving holes and resistance require verification
clip_upper_right_bottom_rail_1,screw,clip_upper_right_bottom + panel_seam_horizontal,624.3065999999999,776.8739769247761,1242.282043320632,-0.0,-0.6427876096865427,-0.7660444431189752,38.1,1.5000000000000002,4.5,0.0,PROVISIONAL — top-joint end-distance revision; extended steel resistance unresolved; candidate FEA not run; SELECTED Simpson SD9112; SD9112R100; dimensional inspection envelope only; hex rotation bounded by cylinder; screw head/seat allowances are project assumptions; receiving holes and resistance require verification
clip_upper_right_bottom_rail_2,screw,clip_upper_right_bottom + panel_seam_horizontal,611.6066,789.0349324592898,1232.0777900168582,-0.0,-0.6427876096865427,-0.7660444431189752,38.1,1.5000000000000002,4.5,0.0,PROVISIONAL — top-joint end-distance revision; extended steel resistance unresolved; candidate FEA not run; SELECTED Simpson SD9112; SD9112R100; dimensional inspection envelope only; hex rotation bounded by cylinder; screw head/seat allowances are project assumptions; receiving holes and resistance require verification
clip_upper_right_top_batten_1,screw,clip_upper_right_top + mid_upper_right,640.1815999999999,1442.645928475253,2011.0210426779622,1.0,0.0,0.0,38.1,1.5000000000000002,4.5,0.0,PROVISIONAL — top-joint end-distance revision; extended steel resistance unresolved; candidate FEA not run; SELECTED Simpson SD9112; SD9112R100; dimensional inspection envelope only; hex rotation bounded by cylinder; screw head/seat allowances are project assumptions; receiving holes and resistance require verification
clip_upper_right_top_batten_2,screw,clip_upper_right_top + mid_upper_right,640.1815999999999,1438.6483755837583,2030.9540604093472,1.0,0.0,0.0,38.1,1.5000000000000002,4.5,0.0,PROVISIONAL — top-joint end-distance revision; extended steel resistance unresolved; candidate FEA not run; SELECTED Simpson SD9112; SD9112R100; dimensional inspection envelope only; hex rotation bounded by cylinder; screw head/seat allowances are project assumptions; receiving holes and resistance require verification
clip_upper_right_top_rail_1,screw,clip_upper_right_top + panel_edge_top,624.3065999999999,1469.1769870650648,2042.639527067698,0.0,0.6427876096865427,0.7660444431189752,38.1,1.5000000000000002,4.5,0.0,PROVISIONAL — top-joint end-distance revision; extended steel resistance unresolved; candidate FEA not run; SELECTED Simpson SD9112; SD9112R100; dimensional inspection envelope only; hex rotation bounded by cylinder; screw head/seat allowances are project assumptions; receiving holes and resistance require verification
clip_upper_right_top_rail_2,screw,clip_upper_right_top + panel_edge_top,611.6066,1457.016031530551,2052.843780371472,0.0,0.6427876096865427,0.7660444431189752,38.1,1.5000000000000002,4.5,0.0,PROVISIONAL — top-joint end-distance revision; extended steel resistance unresolved; candidate FEA not run; SELECTED Simpson SD9112; SD9112R100; dimensional inspection envelope only; hex rotation bounded by cylinder; screw head/seat allowances are project assumptions; receiving holes and resistance require verification
transition_main_left_bolt_1,bolt,transition_main_angle_left + cheek_splice_left_inner + cheek_splice_left_outer + box_side_left,-1173.449,-99.98399847706571,326.4279251178515,-1.0,0.0,0.0,101.6,4.0,9.525,82.2,PROVISIONAL — top-joint end-distance revision; extended steel resistance unresolved; candidate FEA not run; SELECTED Conquest 3/8-16 A307 Grade A plain standard hex bolt; dimensional inspection envelope only; hex rotation bounded by cylinder; screw head/seat allowances are project assumptions; receiving holes and resistance require verification
transition_main_left_bolt_2,bolt,transition_main_angle_left + cheek_splice_left_inner + cheek_splice_left_outer + box_side_left,-1173.449,-71.05855604117144,360.8999250582055,-1.0,0.0,0.0,101.6,4.0,9.525,82.2,PROVISIONAL — top-joint end-distance revision; extended steel resistance unresolved; candidate FEA not run; SELECTED Conquest 3/8-16 A307 Grade A plain standard hex bolt; dimensional inspection envelope only; hex rotation bounded by cylinder; screw head/seat allowances are project assumptions; receiving holes and resistance require verification
transition_main_left_screw_1,screw,transition_main_angle_left + panel_edge_bottom,-1099.2,-46.287731627092356,287.89844385510344,-0.0,0.7660444431189781,-0.6427876096865394,38.1,1.5000000000000002,6.35,0.0,PROVISIONAL — top-joint end-distance revision; extended steel resistance unresolved; candidate FEA not run; SELECTED Simpson SDS25112; SDS25112-R25; dimensional inspection envelope only; hex rotation bounded by cylinder; screw head/seat allowances are project assumptions; receiving holes and resistance require verification
transition_main_left_screw_2,screw,transition_main_angle_left + panel_edge_bottom,-1099.2,-23.790165288063484,314.7099993642677,-0.0,0.7660444431189781,-0.6427876096865394,38.1,1.5000000000000002,6.35,0.0,PROVISIONAL — top-joint end-distance revision; extended steel resistance unresolved; candidate FEA not run; SELECTED Simpson SDS25112; SDS25112-R25; dimensional inspection envelope only; hex rotation bounded by cylinder; screw head/seat allowances are project assumptions; receiving holes and resistance require verification
transition_kicker_left_bolt_1,bolt,transition_kicker_angle_left + cheek_splice_left_inner + cheek_splice_left_outer + kicker_cheek_left,-1173.449,-115.0,200.0,-1.0,0.0,0.0,101.6,4.0,9.525,82.2,PROVISIONAL — top-joint end-distance revision; extended steel resistance unresolved; candidate FEA not run; SELECTED Conquest 3/8-16 A307 Grade A plain standard hex bolt; dimensional inspection envelope only; hex rotation bounded by cylinder; screw head/seat allowances are project assumptions; receiving holes and resistance require verification
transition_kicker_left_bolt_2,bolt,transition_kicker_angle_left + cheek_splice_left_inner + cheek_splice_left_outer + kicker_cheek_left,-1173.449,-145.0,200.0,-1.0,0.0,0.0,101.6,4.0,9.525,82.2,PROVISIONAL — top-joint end-distance revision; extended steel resistance unresolved; candidate FEA not run; SELECTED Conquest 3/8-16 A307 Grade A plain standard hex bolt; dimensional inspection envelope only; hex rotation bounded by cylinder; screw head/seat allowances are project assumptions; receiving holes and resistance require verification
transition_kicker_left_screw_1,screw,transition_kicker_angle_left + kicker_batten_top,-1124.2,-80.1,200.0,0.0,1.0,0.0,38.1,1.5000000000000002,6.35,0.0,PROVISIONAL — top-joint end-distance revision; extended steel resistance unresolved; candidate FEA not run; SELECTED Simpson SDS25112; SDS25112-R25; dimensional inspection envelope only; hex rotation bounded by cylinder; screw head/seat allowances are project assumptions; receiving holes and resistance require verification
transition_kicker_left_screw_2,screw,transition_kicker_angle_left + kicker_batten_top,-1094.2,-80.1,200.0,0.0,1.0,0.0,38.1,1.5000000000000002,6.35,0.0,PROVISIONAL — top-joint end-distance revision; extended steel resistance unresolved; candidate FEA not run; SELECTED Simpson SDS25112; SDS25112-R25; dimensional inspection envelope only; hex rotation bounded by cylinder; screw head/seat allowances are project assumptions; receiving holes and resistance require verification
transition_seam_left_bolt_1,bolt,transition_seam_angle_left + box_side_left,-1211.549,657.7565795732667,1198.3535047265405,-1.0,0.0,0.0,63.5,2.5,9.525,44.1,PROVISIONAL — top-joint end-distance revision; extended steel resistance unresolved; candidate FEA not run; SELECTED Conquest 3/8-16 A307 Grade A plain standard hex bolt; dimensional inspection envelope only; hex rotation bounded by cylinder; screw head/seat allowances are project assumptions; receiving holes and resistance require verification
transition_seam_left_screw_1,screw,transition_seam_angle_left + panel_seam_horizontal,-1109.2,692.9180195124278,1168.8495534419283,-0.0,0.7660444431189781,-0.6427876096865394,38.1,1.5000000000000002,6.35,0.0,PROVISIONAL — top-joint end-distance revision; extended steel resistance unresolved; candidate FEA not run; SELECTED Simpson SDS25112; SDS25112-R25; dimensional inspection envelope only; hex rotation bounded by cylinder; screw head/seat allowances are project assumptions; receiving holes and resistance require verification
transition_seam_left_bolt_2,bolt,transition_seam_angle_left + box_side_left,-1211.549,689.8959600575937,1236.6557268824893,-1.0,0.0,0.0,63.5,2.5,9.525,44.1,PROVISIONAL — top-joint end-distance revision; extended steel resistance unresolved; candidate FEA not run; SELECTED Conquest 3/8-16 A307 Grade A plain standard hex bolt; dimensional inspection envelope only; hex rotation bounded by cylinder; screw head/seat allowances are project assumptions; receiving holes and resistance require verification
transition_seam_left_screw_2,screw,transition_seam_angle_left + panel_seam_horizontal,-1109.2,725.0573999967548,1207.151775597877,-0.0,0.7660444431189781,-0.6427876096865394,38.1,1.5000000000000002,6.35,0.0,PROVISIONAL — top-joint end-distance revision; extended steel resistance unresolved; candidate FEA not run; SELECTED Simpson SDS25112; SDS25112-R25; dimensional inspection envelope only; hex rotation bounded by cylinder; screw head/seat allowances are project assumptions; receiving holes and resistance require verification
transition_top_left_bolt_1,bolt,transition_top_angle_left + box_side_left,-1211.549,1416.3599554576265,2060.417259965591,-1.0,0.0,0.0,63.5,2.5,9.525,44.1,PROVISIONAL — top-joint end-distance revision; extended steel resistance unresolved; candidate FEA not run; SELECTED Conquest 3/8-16 A307 Grade A plain standard hex bolt; dimensional inspection envelope only; hex rotation bounded by cylinder; screw head/seat allowances are project assumptions; receiving holes and resistance require verification
transition_top_left_screw_1,screw,transition_top_angle_left + panel_edge_top,-1109.2,1461.0492130878424,2084.272662969107,-0.0,0.7660444431189781,-0.6427876096865394,38.1,1.5000000000000002,6.35,0.0,PROVISIONAL — top-joint end-distance revision; extended steel resistance unresolved; candidate FEA not run; SELECTED Simpson SDS25112; SDS25112-R25; dimensional inspection envelope only; hex rotation bounded by cylinder; screw head/seat allowances are project assumptions; receiving holes and resistance require verification
transition_top_left_bolt_2,bolt,transition_top_angle_left + box_side_left,-1211.549,1442.0714598450882,2091.05903769035,-1.0,0.0,0.0,63.5,2.5,9.525,44.1,PROVISIONAL — top-joint end-distance revision; extended steel resistance unresolved; candidate FEA not run; SELECTED Conquest 3/8-16 A307 Grade A plain standard hex bolt; dimensional inspection envelope only; hex rotation bounded by cylinder; screw head/seat allowances are project assumptions; receiving holes and resistance require verification
transition_top_left_screw_2,screw,transition_top_angle_left + panel_edge_top,-1109.2,1486.7607174753039,2114.914440693866,-0.0,0.7660444431189781,-0.6427876096865394,38.1,1.5000000000000002,6.35,0.0,PROVISIONAL — top-joint end-distance revision; extended steel resistance unresolved; candidate FEA not run; SELECTED Simpson SDS25112; SDS25112-R25; dimensional inspection envelope only; hex rotation bounded by cylinder; screw head/seat allowances are project assumptions; receiving holes and resistance require verification
transition_kicker_bottom_left_bolt_1,bolt,transition_kicker_bottom_angle_left + kicker_cheek_left,-1211.549,-100.0,25.0,-1.0,0.0,0.0,63.5,2.5,9.525,44.1,PROVISIONAL — top-joint end-distance revision; extended steel resistance unresolved; candidate FEA not run; SELECTED Conquest 3/8-16 A307 Grade A plain standard hex bolt; dimensional inspection envelope only; hex rotation bounded by cylinder; screw head/seat allowances are project assumptions; receiving holes and resistance require verification
transition_kicker_bottom_left_bolt_2,bolt,transition_kicker_bottom_angle_left + kicker_cheek_left,-1211.549,-130.0,25.0,-1.0,0.0,0.0,63.5,2.5,9.525,44.1,PROVISIONAL — top-joint end-distance revision; extended steel resistance unresolved; candidate FEA not run; SELECTED Conquest 3/8-16 A307 Grade A plain standard hex bolt; dimensional inspection envelope only; hex rotation bounded by cylinder; screw head/seat allowances are project assumptions; receiving holes and resistance require verification
transition_kicker_bottom_left_screw_1,screw,transition_kicker_bottom_angle_left + kicker_batten_bottom,-1124.2,-80.1,25.0,0.0,1.0,0.0,38.1,1.5000000000000002,6.35,0.0,PROVISIONAL — top-joint end-distance revision; extended steel resistance unresolved; candidate FEA not run; SELECTED Simpson SDS25112; SDS25112-R25; dimensional inspection envelope only; hex rotation bounded by cylinder; screw head/seat allowances are project assumptions; receiving holes and resistance require verification
transition_kicker_bottom_left_screw_2,screw,transition_kicker_bottom_angle_left + kicker_batten_bottom,-1094.2,-80.1,25.0,0.0,1.0,0.0,38.1,1.5000000000000002,6.35,0.0,PROVISIONAL — top-joint end-distance revision; extended steel resistance unresolved; candidate FEA not run; SELECTED Simpson SDS25112; SDS25112-R25; dimensional inspection envelope only; hex rotation bounded by cylinder; screw head/seat allowances are project assumptions; receiving holes and resistance require verification
transition_main_right_bolt_1,bolt,transition_main_angle_right + cheek_splice_right_inner + cheek_splice_right_outer + box_side_right,1173.449,-99.98399847706571,326.4279251178515,1.0,0.0,0.0,101.6,4.0,9.525,82.2,PROVISIONAL — top-joint end-distance revision; extended steel resistance unresolved; candidate FEA not run; SELECTED Conquest 3/8-16 A307 Grade A plain standard hex bolt; dimensional inspection envelope only; hex rotation bounded by cylinder; screw head/seat allowances are project assumptions; receiving holes and resistance require verification
transition_main_right_bolt_2,bolt,transition_main_angle_right + cheek_splice_right_inner + cheek_splice_right_outer + box_side_right,1173.449,-71.05855604117144,360.8999250582055,1.0,0.0,0.0,101.6,4.0,9.525,82.2,PROVISIONAL — top-joint end-distance revision; extended steel resistance unresolved; candidate FEA not run; SELECTED Conquest 3/8-16 A307 Grade A plain standard hex bolt; dimensional inspection envelope only; hex rotation bounded by cylinder; screw head/seat allowances are project assumptions; receiving holes and resistance require verification
transition_main_right_screw_1,screw,transition_main_angle_right + panel_edge_bottom,1099.2,-46.287731627092356,287.89844385510344,-0.0,0.7660444431189781,-0.6427876096865394,38.1,1.5000000000000002,6.35,0.0,PROVISIONAL — top-joint end-distance revision; extended steel resistance unresolved; candidate FEA not run; SELECTED Simpson SDS25112; SDS25112-R25; dimensional inspection envelope only; hex rotation bounded by cylinder; screw head/seat allowances are project assumptions; receiving holes and resistance require verification
transition_main_right_screw_2,screw,transition_main_angle_right + panel_edge_bottom,1099.2,-23.790165288063484,314.7099993642677,-0.0,0.7660444431189781,-0.6427876096865394,38.1,1.5000000000000002,6.35,0.0,PROVISIONAL — top-joint end-distance revision; extended steel resistance unresolved; candidate FEA not run; SELECTED Simpson SDS25112; SDS25112-R25; dimensional inspection envelope only; hex rotation bounded by cylinder; screw head/seat allowances are project assumptions; receiving holes and resistance require verification
transition_kicker_right_bolt_1,bolt,transition_kicker_angle_right + cheek_splice_right_inner + cheek_splice_right_outer + kicker_cheek_right,1173.449,-115.0,200.0,1.0,0.0,0.0,101.6,4.0,9.525,82.2,PROVISIONAL — top-joint end-distance revision; extended steel resistance unresolved; candidate FEA not run; SELECTED Conquest 3/8-16 A307 Grade A plain standard hex bolt; dimensional inspection envelope only; hex rotation bounded by cylinder; screw head/seat allowances are project assumptions; receiving holes and resistance require verification
transition_kicker_right_bolt_2,bolt,transition_kicker_angle_right + cheek_splice_right_inner + cheek_splice_right_outer + kicker_cheek_right,1173.449,-145.0,200.0,1.0,0.0,0.0,101.6,4.0,9.525,82.2,PROVISIONAL — top-joint end-distance revision; extended steel resistance unresolved; candidate FEA not run; SELECTED Conquest 3/8-16 A307 Grade A plain standard hex bolt; dimensional inspection envelope only; hex rotation bounded by cylinder; screw head/seat allowances are project assumptions; receiving holes and resistance require verification
transition_kicker_right_screw_1,screw,transition_kicker_angle_right + kicker_batten_top,1124.2,-80.1,200.0,0.0,1.0,0.0,38.1,1.5000000000000002,6.35,0.0,PROVISIONAL — top-joint end-distance revision; extended steel resistance unresolved; candidate FEA not run; SELECTED Simpson SDS25112; SDS25112-R25; dimensional inspection envelope only; hex rotation bounded by cylinder; screw head/seat allowances are project assumptions; receiving holes and resistance require verification
transition_kicker_right_screw_2,screw,transition_kicker_angle_right + kicker_batten_top,1094.2,-80.1,200.0,0.0,1.0,0.0,38.1,1.5000000000000002,6.35,0.0,PROVISIONAL — top-joint end-distance revision; extended steel resistance unresolved; candidate FEA not run; SELECTED Simpson SDS25112; SDS25112-R25; dimensional inspection envelope only; hex rotation bounded by cylinder; screw head/seat allowances are project assumptions; receiving holes and resistance require verification
transition_seam_right_bolt_1,bolt,transition_seam_angle_right + box_side_right,1211.549,657.7565795732667,1198.3535047265405,1.0,0.0,0.0,63.5,2.5,9.525,44.1,PROVISIONAL — top-joint end-distance revision; extended steel resistance unresolved; candidate FEA not run; SELECTED Conquest 3/8-16 A307 Grade A plain standard hex bolt; dimensional inspection envelope only; hex rotation bounded by cylinder; screw head/seat allowances are project assumptions; receiving holes and resistance require verification
transition_seam_right_screw_1,screw,transition_seam_angle_right + panel_seam_horizontal,1109.2,692.9180195124278,1168.8495534419283,-0.0,0.7660444431189781,-0.6427876096865394,38.1,1.5000000000000002,6.35,0.0,PROVISIONAL — top-joint end-distance revision; extended steel resistance unresolved; candidate FEA not run; SELECTED Simpson SDS25112; SDS25112-R25; dimensional inspection envelope only; hex rotation bounded by cylinder; screw head/seat allowances are project assumptions; receiving holes and resistance require verification
transition_seam_right_bolt_2,bolt,transition_seam_angle_right + box_side_right,1211.549,689.8959600575937,1236.6557268824893,1.0,0.0,0.0,63.5,2.5,9.525,44.1,PROVISIONAL — top-joint end-distance revision; extended steel resistance unresolved; candidate FEA not run; SELECTED Conquest 3/8-16 A307 Grade A plain standard hex bolt; dimensional inspection envelope only; hex rotation bounded by cylinder; screw head/seat allowances are project assumptions; receiving holes and resistance require verification
transition_seam_right_screw_2,screw,transition_seam_angle_right + panel_seam_horizontal,1109.2,725.0573999967548,1207.151775597877,-0.0,0.7660444431189781,-0.6427876096865394,38.1,1.5000000000000002,6.35,0.0,PROVISIONAL — top-joint end-distance revision; extended steel resistance unresolved; candidate FEA not run; SELECTED Simpson SDS25112; SDS25112-R25; dimensional inspection envelope only; hex rotation bounded by cylinder; screw head/seat allowances are project assumptions; receiving holes and resistance require verification
transition_top_right_bolt_1,bolt,transition_top_angle_right + box_side_right,1211.549,1416.3599554576265,2060.417259965591,1.0,0.0,0.0,63.5,2.5,9.525,44.1,PROVISIONAL — top-joint end-distance revision; extended steel resistance unresolved; candidate FEA not run; SELECTED Conquest 3/8-16 A307 Grade A plain standard hex bolt; dimensional inspection envelope only; hex rotation bounded by cylinder; screw head/seat allowances are project assumptions; receiving holes and resistance require verification
transition_top_right_screw_1,screw,transition_top_angle_right + panel_edge_top,1109.2,1461.0492130878424,2084.272662969107,-0.0,0.7660444431189781,-0.6427876096865394,38.1,1.5000000000000002,6.35,0.0,PROVISIONAL — top-joint end-distance revision; extended steel resistance unresolved; candidate FEA not run; SELECTED Simpson SDS25112; SDS25112-R25; dimensional inspection envelope only; hex rotation bounded by cylinder; screw head/seat allowances are project assumptions; receiving holes and resistance require verification
transition_top_right_bolt_2,bolt,transition_top_angle_right + box_side_right,1211.549,1442.0714598450882,2091.05903769035,1.0,0.0,0.0,63.5,2.5,9.525,44.1,PROVISIONAL — top-joint end-distance revision; extended steel resistance unresolved; candidate FEA not run; SELECTED Conquest 3/8-16 A307 Grade A plain standard hex bolt; dimensional inspection envelope only; hex rotation bounded by cylinder; screw head/seat allowances are project assumptions; receiving holes and resistance require verification
transition_top_right_screw_2,screw,transition_top_angle_right + panel_edge_top,1109.2,1486.7607174753039,2114.914440693866,-0.0,0.7660444431189781,-0.6427876096865394,38.1,1.5000000000000002,6.35,0.0,PROVISIONAL — top-joint end-distance revision; extended steel resistance unresolved; candidate FEA not run; SELECTED Simpson SDS25112; SDS25112-R25; dimensional inspection envelope only; hex rotation bounded by cylinder; screw head/seat allowances are project assumptions; receiving holes and resistance require verification
transition_kicker_bottom_right_bolt_1,bolt,transition_kicker_bottom_angle_right + kicker_cheek_right,1211.549,-100.0,25.0,1.0,0.0,0.0,63.5,2.5,9.525,44.1,PROVISIONAL — top-joint end-distance revision; extended steel resistance unresolved; candidate FEA not run; SELECTED Conquest 3/8-16 A307 Grade A plain standard hex bolt; dimensional inspection envelope only; hex rotation bounded by cylinder; screw head/seat allowances are project assumptions; receiving holes and resistance require verification
transition_kicker_bottom_right_bolt_2,bolt,transition_kicker_bottom_angle_right + kicker_cheek_right,1211.549,-130.0,25.0,1.0,0.0,0.0,63.5,2.5,9.525,44.1,PROVISIONAL — top-joint end-distance revision; extended steel resistance unresolved; candidate FEA not run; SELECTED Conquest 3/8-16 A307 Grade A plain standard hex bolt; dimensional inspection envelope only; hex rotation bounded by cylinder; screw head/seat allowances are project assumptions; receiving holes and resistance require verification
transition_kicker_bottom_right_screw_1,screw,transition_kicker_bottom_angle_right + kicker_batten_bottom,1124.2,-80.1,25.0,0.0,1.0,0.0,38.1,1.5000000000000002,6.35,0.0,PROVISIONAL — top-joint end-distance revision; extended steel resistance unresolved; candidate FEA not run; SELECTED Simpson SDS25112; SDS25112-R25; dimensional inspection envelope only; hex rotation bounded by cylinder; screw head/seat allowances are project assumptions; receiving holes and resistance require verification
transition_kicker_bottom_right_screw_2,screw,transition_kicker_bottom_angle_right + kicker_batten_bottom,1094.2,-80.1,25.0,0.0,1.0,0.0,38.1,1.5000000000000002,6.35,0.0,PROVISIONAL — top-joint end-distance revision; extended steel resistance unresolved; candidate FEA not run; SELECTED Simpson SDS25112; SDS25112-R25; dimensional inspection envelope only; hex rotation bounded by cylinder; screw head/seat allowances are project assumptions; receiving holes and resistance require verification
