
                        S T E P       1


                                INCREMENT     1


 displacements (vx,vy,vz) for set TOP and time  0.1000000E+01

     36383 -1.324957E-02  5.802334E-01 -5.246294E-01
     37151 -1.406280E-03  6.321450E-01 -5.625579E-01
     38601 -2.281140E-02  4.455648E-01 -4.288288E-01
     45010  8.110954E-03  6.146709E-01 -5.491447E-01
     47663  1.902143E-02  4.364237E-01 -4.138606E-01

 forces (fx,fy,fz) for set FEET and time  0.1000000E+01

       199 -1.935265E-01  2.402196E-01 -1.924497E+00
       203  3.733046E-01  5.438044E+00 -4.920544E+00
       204 -5.315118E-03 -2.818636E-02 -8.998507E-01
       208  3.158394E-03  5.658120E-01 -2.834915E-01
       209  1.722873E-01  1.891048E-01 -1.718753E+00
       213 -3.184886E-01  4.988470E+00 -4.479055E+00
       242  1.527342E+01  8.699551E+00  2.154762E+01
       243 -1.036058E-01  2.740861E-02  2.509399E-01
       244  4.634532E-01  6.492671E-01 -9.386085E-02
       245 -1.401646E+01  5.944185E+00  1.689433E+01
       269 -4.341169E-01  6.158946E-01 -9.404690E-02
       270  1.271412E+01  5.282816E+00  1.513117E+01
       273  6.716088E-02 -1.185009E-02  2.526993E-01
       274 -1.404213E+01  8.094861E+00  1.997157E+01
       282  4.757945E-02  5.465312E-01  2.563909E+00
       284 -5.104417E-02  4.973546E-01  2.302040E+00
       290 -4.093764E+00  3.161878E+00 -4.937104E+00
       293 -5.083501E+00  4.730162E+00  6.405102E+00
       294  6.662957E+00  5.496522E+00  7.972402E+00
       301  3.660396E+00  2.798825E+00 -4.380137E+00
       302 -6.056571E+00  5.023647E+00  7.285248E+00
       303  4.576280E+00  4.233204E+00  5.721832E+00
      3822  1.625118E+00  1.511213E+00 -1.451871E+01
      3848 -5.203827E-03 -1.661133E-01 -1.308426E+00
      3861  2.849800E-01  8.370356E-01 -2.289901E+00
      3862  4.140393E-01  6.957507E-01 -1.187846E+00
      3863  6.906041E-01  4.647451E-01 -2.446108E+00
      3864  5.552282E-01  2.925663E-01 -1.777253E+00
      3865  4.547136E-01  1.681161E-01 -1.311108E+00
      3866  3.660625E-01  8.538349E-02 -9.808219E-01
      3867  2.945760E-01  2.327061E-02 -7.633767E-01
      3868  2.288998E-01 -9.929809E-03 -6.105356E-01
      3869  1.819605E-01 -3.251935E-02 -5.219454E-01
      3870  1.363214E-01 -4.093484E-02 -4.777964E-01
      3871  1.107040E-01 -4.474909E-02 -4.775273E-01
      3872  8.528807E-02 -4.150436E-02 -4.903036E-01
      3873  7.062013E-02 -3.535505E-02 -5.163633E-01
      3874  6.026218E-02 -3.032022E-02 -5.542932E-01
      3875  5.532582E-02 -1.951511E-02 -5.767341E-01
      3876  5.262835E-02 -1.732304E-02 -6.160285E-01
      3877  4.985276E-02 -1.200937E-02 -6.407834E-01
      3878  5.047601E-02 -8.539265E-03 -6.581679E-01
      3879  5.152292E-02 -6.857120E-03 -6.688939E-01
      3880  4.685438E-02 -5.396363E-03 -6.694778E-01
      3881  4.505956E-02 -7.339209E-03 -6.742001E-01
      3882  4.304763E-02 -9.785132E-03 -6.800971E-01
      3883  3.110016E-02 -9.272955E-03 -6.778035E-01
      3884  2.248803E-02 -8.346067E-03 -6.807040E-01
      3885  1.351560E-02 -6.688721E-03 -6.866943E-01
      3886  5.345176E-03 -3.579230E-03 -6.958980E-01
      3887  1.552202E-04  1.012288E-03 -7.070048E-01
      3888 -4.802666E-03  2.844679E-03 -7.242688E-01
      3889 -2.753967E-03  7.077915E-03 -7.276919E-01
      3890 -8.268559E-02  8.741716E-02 -8.571930E-01
      3891  3.182513E+00  8.419719E-01 -1.306815E+01
      3892  2.972554E+00 -2.886105E-01 -8.417923E+00
      3893  4.096435E+00 -9.897870E-01 -8.636209E+00
      3894  3.820894E+00 -8.889870E-01 -6.509999E+00
      3895  3.488340E+00 -7.325459E-01 -4.826609E+00
      3896  3.094614E+00 -5.887078E-01 -3.476392E+00
      3897  2.694215E+00 -4.638358E-01 -2.462548E+00
      3898  2.304992E+00 -3.660642E-01 -1.674619E+00
      3899  1.952733E+00 -2.979197E-01 -1.161469E+00
      3900  1.644424E+00 -2.529775E-01 -7.864437E-01
      3901  1.388612E+00 -2.089008E-01 -5.941446E-01
      3902  1.182201E+00 -1.914434E-01 -4.838657E-01
      3903  1.019576E+00 -1.815699E-01 -4.608190E-01
      3904  8.904358E-01 -1.771832E-01 -4.879274E-01
      3905  8.031079E-01 -1.846577E-01 -5.439034E-01
      3906  7.247136E-01 -1.914780E-01 -6.105942E-01
      3907  6.763229E-01 -1.987598E-01 -6.703553E-01
      3908  6.360947E-01 -2.056662E-01 -7.193955E-01
      3909  5.994803E-01 -2.115351E-01 -7.504490E-01
      3910  5.596504E-01 -2.207391E-01 -7.544627E-01
      3911  5.127277E-01 -2.201880E-01 -7.673194E-01
      3912  4.591066E-01 -2.196801E-01 -7.763765E-01
      3913  3.996995E-01 -2.274680E-01 -7.623142E-01
      3914  3.310230E-01 -2.308190E-01 -7.700693E-01
      3915  2.593497E-01 -2.350737E-01 -7.918947E-01
      3916  1.897654E-01 -2.404408E-01 -8.296542E-01
      3917  1.282540E-01 -2.444219E-01 -8.797275E-01
      3918  7.388085E-02 -2.469845E-01 -9.352058E-01
      3919  4.107902E-02 -2.592757E-01 -9.927951E-01
      3920  1.883147E-02 -2.708072E-01 -1.022645E+00
      3921  3.853819E-02 -2.886852E-01 -1.208879E+00
      4105  3.538581E-01  5.353031E+00 -2.647232E+00
      4106 -6.546225E-02  4.367038E+00 -1.550020E+00
      4107 -4.856530E-02  3.155082E+00 -9.513998E-01
      4108 -5.487630E-02  2.323696E+00 -6.273067E-01
      4109 -5.250217E-02  1.740409E+00 -4.171316E-01
      4110 -7.364099E-02  1.304904E+00 -2.587401E-01
      4111 -5.441562E-02  9.837152E-01 -1.460898E-01
      4112 -4.151518E-02  7.735930E-01 -6.844434E-02
      4113 -3.614234E-02  6.447023E-01 -1.206914E-02
      4114 -3.612386E-02  5.788148E-01  1.943694E-02
      4115 -3.066199E-02  5.496601E-01  2.564816E-02
      4116 -2.494484E-02  5.603603E-01  2.291739E-02
      4117 -2.356107E-02  5.829391E-01  1.476156E-02
      4118 -2.161168E-02  6.198472E-01  6.731846E-03
      4119 -2.101021E-02  6.487895E-01 -3.346915E-03
      4120 -1.775607E-02  6.891546E-01 -1.389254E-02
      4121 -1.505483E-02  7.191884E-01 -2.128690E-02
      4122 -1.385696E-02  7.401963E-01 -2.599000E-02
      4123 -1.642603E-02  7.544444E-01 -3.238152E-02
      4124 -1.145691E-02  7.583779E-01 -2.978660E-02
      4125 -7.658721E-03  7.546713E-01 -1.972231E-02
      4126 -1.182940E-02  7.567797E-01 -1.930100E-02
      4127 -6.733690E-03  7.642332E-01 -2.005086E-02
      4128 -4.923181E-03  7.666617E-01 -2.250013E-02
      4129 -2.875289E-03  7.748290E-01 -2.533215E-02
      4130 -1.763522E-03  7.873736E-01 -3.075515E-02
      4131 -4.723361E-04  8.023244E-01 -3.953540E-02
      4132  1.356857E-03  8.270949E-01 -4.297004E-02
      4133  5.809858E-03  8.575253E-01 -4.166881E-02
      4134 -5.719946E-02  7.305226E-01 -1.620120E-01
      4135  1.706228E+00  8.760089E+00 -1.298146E+01
      4136  1.506992E+00  7.301934E+00 -8.699414E+00
      4137  1.191207E+00  5.119313E+00 -5.877484E+00
      4138  1.028218E+00  3.670775E+00 -4.251769E+00
      4139  8.936090E-01  2.627059E+00 -3.069289E+00
      4140  7.719564E-01  1.921022E+00 -2.206013E+00
      4141  6.454202E-01  1.358805E+00 -1.544929E+00
      4142  5.434854E-01  1.038353E+00 -1.119282E+00
      4143  4.443046E-01  7.349554E-01 -8.011467E-01
      4144  3.609942E-01  5.808593E-01 -6.328093E-01
      4145  2.979404E-01  5.177444E-01 -5.340863E-01
      4146  2.315413E-01  4.936662E-01 -5.221113E-01
      4147  1.924943E-01  5.058995E-01 -5.446603E-01
      4148  1.641038E-01  5.392596E-01 -5.942528E-01
      4149  1.578694E-01  5.933226E-01 -6.499877E-01
      4150  1.319185E-01  6.324667E-01 -7.034920E-01
      4151  1.213545E-01  6.750507E-01 -7.540686E-01
      4152  1.150929E-01  7.063168E-01 -7.928789E-01
      4153  1.084610E-01  7.258845E-01 -8.176411E-01
      4154  1.156432E-01  7.372935E-01 -8.459993E-01
      4155  1.233250E-01  7.371432E-01 -8.397176E-01
      4156  9.741669E-02  7.370177E-01 -8.171939E-01
      4157  6.776089E-02  7.352396E-01 -8.274118E-01
      4158  5.137222E-02  7.360245E-01 -8.321480E-01
      4159  3.498052E-02  7.445764E-01 -8.432393E-01
      4160  1.806921E-02  7.606130E-01 -8.627127E-01
      4161  3.637607E-03  7.814656E-01 -8.927737E-01
      4162 -8.526923E-03  8.047944E-01 -9.269093E-01
      4163 -1.614137E-03  8.387207E-01 -9.529300E-01
      4164 -1.028793E-02  8.532250E-01 -9.528795E-01
      4165 -4.573103E-03  7.229633E-01 -1.084665E+00
      4179 -1.502768E+00  1.359366E+00 -1.306011E+01
      4192  2.163884E-02  1.496572E-02 -7.583682E-01
      4193 -6.243165E-03  6.270508E-04 -7.320842E-01
      4194 -2.452310E-03 -3.380105E-03 -7.302318E-01
      4195 -1.101351E-02 -5.860737E-03 -7.149619E-01
      4196 -1.656105E-02 -1.621633E-02 -7.156962E-01
      4197 -1.325648E-02 -1.633146E-02 -6.988137E-01
      4198 -2.862257E-02 -1.688098E-02 -6.870922E-01
      4199 -3.369994E-02 -1.262774E-02 -6.642154E-01
      4200 -4.498582E-02 -1.420588E-02 -6.649922E-01
      4201 -5.472155E-02 -1.460058E-02 -6.582558E-01
      4202 -6.073981E-02 -1.442279E-02 -6.535021E-01
      4203 -6.583438E-02 -1.585356E-02 -6.458249E-01
      4204 -6.959465E-02 -1.602783E-02 -6.354071E-01
      4205 -7.240207E-02 -1.664802E-02 -6.212885E-01
      4206 -7.455962E-02 -1.768733E-02 -6.015544E-01
      4207 -7.690148E-02 -2.076721E-02 -5.781312E-01
      4208 -8.090195E-02 -2.400702E-02 -5.493446E-01
      4209 -8.725361E-02 -2.882917E-02 -5.200026E-01
      4210 -9.772824E-02 -3.265161E-02 -4.916339E-01
      4211 -1.184544E-01 -3.444927E-02 -4.699726E-01
      4212 -1.428915E-01 -3.294554E-02 -4.714518E-01
      4213 -1.763654E-01 -2.453608E-02 -5.015667E-01
      4214 -2.263082E-01 -6.004226E-03 -5.695361E-01
      4215 -2.846447E-01  2.749116E-02 -6.967254E-01
      4216 -3.542361E-01  7.960171E-02 -8.984585E-01
      4217 -4.346787E-01  1.569615E-01 -1.194141E+00
      4218 -5.281342E-01  2.710852E-01 -1.613104E+00
      4219 -6.489815E-01  4.325100E-01 -2.216489E+00
      4220 -3.925568E-01  6.398963E-01 -1.068958E+00
      4221 -2.664428E-01  7.596743E-01 -2.085976E+00
      4222 -3.649485E-02 -2.594502E-01 -1.154040E+00
      4223 -3.378193E-02 -2.863833E-01 -1.028427E+00
      4224 -5.801454E-02 -2.757132E-01 -1.008907E+00
      4225 -8.940902E-02 -2.669714E-01 -9.388260E-01
      4226 -1.413019E-01 -2.558965E-01 -8.795893E-01
      4227 -1.949573E-01 -2.465915E-01 -8.143736E-01
      4228 -2.709481E-01 -2.468018E-01 -7.555247E-01
      4229 -3.344944E-01 -2.257102E-01 -7.391727E-01
      4230 -4.174563E-01 -2.199543E-01 -7.002537E-01
      4231 -4.882919E-01 -2.150817E-01 -6.831579E-01
      4232 -5.585224E-01 -2.085182E-01 -6.747943E-01
      4233 -6.241986E-01 -2.073118E-01 -6.710309E-01
      4234 -6.839210E-01 -2.038151E-01 -6.673024E-01
      4235 -7.397622E-01 -1.986517E-01 -6.599466E-01
      4236 -7.925088E-01 -1.922479E-01 -6.445757E-01
      4237 -8.478934E-01 -1.871486E-01 -6.218723E-01
      4238 -9.096811E-01 -1.813079E-01 -5.908721E-01
      4239 -9.891458E-01 -1.778356E-01 -5.614667E-01
      4240 -1.092314E+00 -1.788589E-01 -5.446620E-01
      4241 -1.231655E+00 -1.889531E-01 -5.534998E-01
      4242 -1.413945E+00 -2.022794E-01 -6.411424E-01
      4243 -1.640982E+00 -2.276686E-01 -8.220528E-01
      4244 -1.915619E+00 -2.736702E-01 -1.114678E+00
      4245 -2.238438E+00 -3.370769E-01 -1.584986E+00
      4246 -2.596372E+00 -4.217317E-01 -2.264351E+00
      4247 -2.968730E+00 -5.306363E-01 -3.190461E+00
      4248 -3.325663E+00 -6.613815E-01 -4.397725E+00
      4249 -3.630966E+00 -7.974470E-01 -5.920644E+00
      4250 -3.874048E+00 -8.597073E-01 -7.826905E+00
      4251 -2.785324E+00 -2.469252E-01 -7.620928E+00
      4252 -2.953109E+00  8.056822E-01 -1.179056E+01
      4436 -7.866533E-03  8.151982E-01 -2.602942E-02
      4437  2.292398E-04  8.780304E-01 -1.774397E-02
      4438  8.016542E-03  8.557634E-01 -1.780780E-02
      4439  1.006955E-02  8.400742E-01 -1.783690E-02
      4440  1.007983E-02  8.309455E-01 -1.150346E-02
      4441  1.569155E-02  8.063906E-01 -1.562209E-02
      4442  9.301486E-03  7.822188E-01 -3.279596E-03
      4443  7.238578E-03  7.460008E-01 -8.271774E-03
      4444  1.530549E-02  7.416337E-01 -1.783916E-02
      4445  1.691693E-02  7.351625E-01 -1.551900E-02
      4446  2.207844E-02  7.296883E-01 -1.899233E-02
      4447  2.345159E-02  7.270076E-01 -1.330872E-02
      4448  2.490576E-02  7.159753E-01 -1.421853E-02
      4449  2.586268E-02  6.994720E-01 -1.457785E-02
      4450  2.742873E-02  6.769813E-01 -1.417366E-02
      4451  2.831577E-02  6.506848E-01 -9.941116E-03
      4452  2.899174E-02  6.184866E-01 -6.515509E-03
      4453  3.126417E-02  5.871385E-01 -8.483932E-04
      4454  3.024804E-02  5.633240E-01  4.204971E-04
      4455  3.651150E-02  5.504568E-01  3.980207E-03
      4456  4.009217E-02  5.570195E-01  1.316974E-03
      4457  4.194606E-02  6.069332E-01 -2.736480E-02
      4458  5.014477E-02  7.148952E-01 -7.212244E-02
      4459  5.765342E-02  8.893635E-01 -1.421939E-01
      4460  6.676796E-02  1.157095E+00 -2.449368E-01
      4461  7.623676E-02  1.536472E+00 -3.897216E-01
      4462  8.382507E-02  2.052355E+00 -5.918796E-01
      4463  8.926170E-02  2.766014E+00 -8.852870E-01
      4464  6.699393E-02  3.849960E+00 -1.405351E+00
      4465 -2.689368E-01  4.767383E+00 -2.373468E+00
      4466  5.751931E-03  7.376676E-01 -1.068291E+00
      4467  8.941002E-03  8.439368E-01 -9.310547E-01
      4468 -1.538776E-02  8.785878E-01 -8.890110E-01
      4469 -4.381216E-02  8.357168E-01 -8.776357E-01
      4470 -5.509617E-02  8.005974E-01 -8.596298E-01
      4471 -5.707295E-02  8.412696E-01 -8.106522E-01
      4472 -6.463646E-02  7.503461E-01 -8.154742E-01
      4473 -6.680973E-02  7.354012E-01 -7.828027E-01
      4474 -1.122000E-01  7.080642E-01 -7.941764E-01
      4475 -1.290488E-01  7.031018E-01 -7.854554E-01
      4476 -1.423085E-01  6.958074E-01 -7.840758E-01
      4477 -1.563136E-01  6.970518E-01 -7.683762E-01
      4478 -1.694275E-01  6.883595E-01 -7.584909E-01
      4479 -1.804033E-01  6.761959E-01 -7.464896E-01
      4480 -1.895387E-01  6.571938E-01 -7.289090E-01
      4481 -1.992326E-01  6.314764E-01 -7.011281E-01
      4482 -2.105910E-01  5.992555E-01 -6.660590E-01
      4483 -2.258224E-01  5.640782E-01 -6.282087E-01
      4484 -2.481637E-01  5.321342E-01 -5.903504E-01
      4485 -2.684718E-01  5.147114E-01 -5.812786E-01
      4486 -2.992866E-01  5.209473E-01 -5.860121E-01
      4487 -3.667261E-01  5.737923E-01 -6.386571E-01
      4488 -4.504068E-01  6.895417E-01 -7.941011E-01
      4489 -5.377302E-01  8.913829E-01 -1.050234E+00
      4490 -6.377668E-01  1.207732E+00 -1.445964E+00
      4491 -7.487357E-01  1.666583E+00 -2.015578E+00
      4492 -8.671292E-01  2.292227E+00 -2.802167E+00
      4493 -9.933919E-01  3.139337E+00 -3.874231E+00
      4494 -1.129506E+00  4.363556E+00 -5.382216E+00
      4495 -1.386522E+00  6.572891E+00 -7.914345E+00
      4496 -1.573864E+00  8.097429E+00 -1.175982E+01
      5212  9.776777E-01 -1.674001E+00  1.308979E+00
      5213  4.830794E+00 -9.371046E-01  3.143489E+00
      5214  8.230932E+00 -1.031814E-02  5.837714E+00
      5215  1.271024E+01  5.045381E-01  7.135459E+00
      5216 -1.576542E+00  4.100559E-01 -3.797946E+00
      5217  1.556299E+00 -2.328288E+00  2.805689E+00
      5218  7.293398E+00 -4.206302E+00  1.353191E+01
      5219  1.407945E+01 -5.542050E+00  2.712897E+01
      5220  2.358209E+01 -6.557236E+00  4.772595E+01
      5373 -5.686211E-01  1.784159E+00 -3.441127E+00
      5374 -2.934090E+00  1.670539E+01  8.679245E+01
      5375  2.848424E+00 -9.783395E-01 -2.854128E+00
      5376  1.200884E+00 -3.815924E-01 -2.638290E+00
      5377 -2.378364E+00 -9.391262E-01 -4.857586E-01
      5378 -8.179230E+00 -5.865980E-01  1.739038E+00
      5379  3.341327E+00  2.035136E+00 -8.333944E+00
      5380  3.353096E+00 -1.554335E+00 -6.376001E+00
      5381 -1.235375E+00 -3.810870E+00  2.427224E+00
      5382 -8.781557E+00 -5.580485E+00  1.641797E+01
      5383 -2.067346E+01 -7.343968E+00  4.011555E+01
      6119 -2.743246E+00 -8.884603E-01 -2.831835E+00
      6120 -1.345112E+00 -3.576160E-01 -2.732976E+00
      6121  1.833867E+00 -8.725892E-01 -7.391381E-01
      6122  7.146545E+00 -6.032829E-01  1.295756E+00
      6123 -3.097544E+00  1.913011E+00 -7.738328E+00
      6124 -3.270799E+00 -1.396700E+00 -6.211494E+00
      6125  8.501403E-01 -3.470205E+00  1.700022E+00
      6126  7.718434E+00 -5.100023E+00  1.443765E+01
      6127  1.862699E+01 -6.745333E+00  3.614397E+01
      6289  5.796772E-01  1.583095E+00 -3.066290E+00
      6290  2.951371E+00  1.524477E+01  7.926165E+01
      6291 -1.136388E+00 -1.553406E+00  1.395426E+00
      6292 -4.772239E+00 -8.541991E-01  3.164361E+00
      6293 -7.828082E+00  5.483870E-03  5.705159E+00
      6294 -1.187554E+01  4.962825E-01  6.861183E+00
      6295  1.331192E+00  2.692776E-01 -3.186475E+00
      6296 -1.711234E+00 -2.191826E+00  3.089733E+00
      6297 -7.005548E+00 -3.885184E+00  1.300057E+01
      6298 -1.320914E+01 -5.091512E+00  2.545141E+01
      6299 -2.181147E+01 -5.973396E+00  4.412396E+01
      6928  2.031325E+00  1.044660E+00 -6.679301E+00
      6933 -1.903944E+00  9.933932E-01 -5.993102E+00
      6935 -9.054119E-02  2.612783E+00  3.717235E+00
      6936 -5.112024E-01  2.000085E+00  3.817101E+00
      6937 -2.943199E-01  1.349027E+00  2.564080E+00
      6938 -1.176363E-01  9.356768E-01  1.786928E+00
      6939 -2.479444E-02  6.734726E-01  1.299048E+00
      6940  2.831363E-02  5.220454E-01  9.924389E-01
      6941  5.833634E-02  4.328210E-01  8.155700E-01
      6942  6.718207E-02  3.850861E-01  7.066115E-01
      6943  7.902726E-02  3.693062E-01  6.738881E-01
      6944  7.996244E-02  3.900168E-01  6.859101E-01
      6945  7.632238E-02  4.137124E-01  7.261072E-01
      6946  7.036139E-02  4.460667E-01  7.770863E-01
      6947  6.455824E-02  4.820701E-01  8.358363E-01
      6948  5.933161E-02  5.125151E-01  8.898498E-01
      6949  4.971164E-02  5.408997E-01  9.371102E-01
      6950  4.436413E-02  5.663507E-01  9.818151E-01
      6951  3.793745E-02  5.848088E-01  1.013447E+00
      6952  3.244464E-02  5.970802E-01  1.034210E+00
      6953  2.852040E-02  6.013784E-01  1.046189E+00
      6954  2.524538E-02  6.090861E-01  1.051673E+00
      6955  2.091656E-02  6.147252E-01  1.053764E+00
      6956  1.679465E-02  6.119630E-01  1.053560E+00
      6957  1.391299E-02  6.132279E-01  1.052769E+00
      6958  1.119217E-02  6.154242E-01  1.054629E+00
      6959  8.668307E-03  6.184664E-01  1.058964E+00
      6960  6.845490E-03  6.230961E-01  1.066914E+00
      6961  5.301571E-03  6.297942E-01  1.079351E+00
      6962  4.401523E-03  6.349507E-01  1.089215E+00
      6963  3.928279E-03  6.298812E-01  1.086445E+00
      6964  3.279472E-03  6.788840E-01  1.104111E+00
      6965 -4.252010E-03  6.715931E-01  1.101915E+00
      6966 -3.850460E-03  6.292178E-01  1.090258E+00
      6967 -5.519808E-03  6.388379E-01  1.092079E+00
      6968 -9.238573E-03  6.314162E-01  1.085043E+00
      6969 -8.822053E-03  6.304186E-01  1.080567E+00
      6970 -1.411831E-02  6.380758E-01  1.086211E+00
      6971 -1.908373E-02  6.181225E-01  1.067165E+00
      6972 -1.785160E-02  6.164337E-01  1.052212E+00
      6973 -2.409660E-02  6.080173E-01  1.046397E+00
      6974 -2.871894E-02  6.053106E-01  1.044110E+00
      6975 -3.325339E-02  6.009069E-01  1.037026E+00
      6976 -3.783605E-02  5.929963E-01  1.026735E+00
      6977 -4.258223E-02  5.823886E-01  1.010797E+00
      6978 -4.762872E-02  5.688357E-01  9.893078E-01
      6979 -5.325255E-02  5.516483E-01  9.606233E-01
      6980 -5.882621E-02  5.291640E-01  9.221995E-01
      6981 -6.509841E-02  5.027510E-01  8.774997E-01
      6982 -7.152432E-02  4.719096E-01  8.240680E-01
      6983 -7.765289E-02  4.380385E-01  7.675460E-01
      6984 -8.219821E-02  4.015755E-01  7.131777E-01
      6985 -8.451690E-02  3.748916E-01  6.690627E-01
      6986 -8.392780E-02  3.596138E-01  6.483349E-01
      6987 -7.770679E-02  3.594631E-01  6.675206E-01
      6988 -6.274898E-02  3.931507E-01  7.463445E-01
      6989 -3.587421E-02  4.717981E-01  9.088621E-01
      6990  1.022956E-02  6.131323E-01  1.185664E+00
      6991  9.411511E-02  8.440596E-01  1.624904E+00
      6992  2.542858E-01  1.215942E+00  2.327234E+00
      6993  4.513951E-01  1.804660E+00  3.463757E+00
      6994  7.435217E-02  2.356125E+00  3.361784E+00
      6995  9.341754E-01  2.574196E+00  5.473940E+00
      6996  4.479582E-01  2.128661E+00  5.013997E+00
      6997  1.502250E+00  9.999754E-01  4.414583E+00
      6998  1.767871E+00  5.240976E-01  2.842770E+00
      6999  1.809924E+00  3.382130E-01  2.029235E+00
      7000  1.724905E+00  2.889680E-01  1.630557E+00
      7001  1.579785E+00  3.055953E-01  1.471420E+00
      7002  1.396435E+00  3.620972E-01  1.448198E+00
      7003  1.237384E+00  4.191753E-01  1.489542E+00
      7004  1.084444E+00  5.008778E-01  1.618863E+00
      7005  9.454480E-01  5.729559E-01  1.766038E+00
      7006  8.258952E-01  6.406501E-01  1.919922E+00
      7007  7.292412E-01  6.977003E-01  2.064781E+00
      7008  6.447677E-01  7.425055E-01  2.190516E+00
      7009  5.795714E-01  7.817677E-01  2.298704E+00
      7010  5.319337E-01  8.052741E-01  2.382807E+00
      7011  4.863733E-01  8.286010E-01  2.457585E+00
      7012  4.478249E-01  8.434241E-01  2.507696E+00
      7013  4.126039E-01  8.519868E-01  2.540426E+00
      7014  3.777192E-01  8.603445E-01  2.564900E+00
      7015  3.400128E-01  8.631006E-01  2.577442E+00
      7016  2.980613E-01  8.610005E-01  2.579734E+00
      7017  2.528895E-01  8.596089E-01  2.579698E+00
      7018  2.069176E-01  8.552983E-01  2.575122E+00
      7019  1.610559E-01  8.492409E-01  2.568661E+00
      7020  1.193638E-01  8.426676E-01  2.561964E+00
      7021  8.413941E-02  8.377515E-01  2.560862E+00
      7022  4.928665E-02  8.314350E-01  2.557971E+00
      7023  2.001227E-02  8.259356E-01  2.549170E+00
      7024  1.561216E-02  8.229931E-01  2.557843E+00
      7025 -7.546800E-03  8.504854E-01  2.530948E+00
      7026 -3.137253E-02  8.243957E-01  2.555743E+00
      7027 -3.387434E-02  8.284316E-01  2.555769E+00
      7028 -5.998504E-02  8.363950E-01  2.572721E+00
      7029 -8.779983E-02  8.472925E-01  2.591192E+00
      7030 -1.191445E-01  8.623468E-01  2.626886E+00
      7031 -1.829541E-01  8.704126E-01  2.635659E+00
      7032 -2.274781E-01  8.674031E-01  2.608065E+00
      7033 -2.727543E-01  8.765761E-01  2.604900E+00
      7034 -3.197239E-01  8.744606E-01  2.597483E+00
      7035 -3.726535E-01  8.740338E-01  2.589871E+00
      7036 -4.234448E-01  8.669739E-01  2.567283E+00
      7037 -4.719944E-01  8.558814E-01  2.532342E+00
      7038 -5.178659E-01  8.395789E-01  2.482885E+00
      7039 -5.627727E-01  8.182597E-01  2.419192E+00
      7040 -6.097086E-01  7.905746E-01  2.337641E+00
      7041 -6.583226E-01  7.564590E-01  2.239430E+00
      7042 -7.166150E-01  7.155598E-01  2.123565E+00
      7043 -7.854046E-01  6.654802E-01  1.989366E+00
      7044 -8.702257E-01  6.075684E-01  1.840963E+00
      7045 -9.737314E-01  5.420218E-01  1.685186E+00
      7046 -1.094827E+00  4.692816E-01  1.532528E+00
      7047 -1.232984E+00  3.950127E-01  1.403270E+00
      7048 -1.383591E+00  3.276564E-01  1.326113E+00
      7049 -1.535633E+00  2.774566E-01  1.335709E+00
      7050 -1.670537E+00  2.606208E-01  1.481650E+00
      7051 -1.752894E+00  3.047878E-01  1.840605E+00
      7052 -1.714509E+00  4.713610E-01  2.568633E+00
      7053 -1.471259E+00  9.072893E-01  3.992118E+00
      7054 -4.660262E-01  1.931502E+00  4.539107E+00
      7055 -9.034814E-01  2.327493E+00  4.936044E+00
      7429 -9.212549E-02  1.041463E+01 -2.470314E+01
      7458 -2.518197E-01  1.765617E+01  4.403762E+01
      7476 -3.402066E+00 -2.514475E-01  2.144628E+00
      7477 -1.529094E+00 -2.121920E-01  1.172964E+00
      7478 -9.655123E+00  1.866140E+00  2.305807E+01
      7479 -5.027015E+00  7.571963E-01  1.191417E+01
      7480 -1.595964E+00  5.425469E-01  3.799022E+00
      7481  5.279866E+00 -7.107099E-02  2.610861E+00
      7482  2.065404E+00 -2.425088E-01  7.140455E-01
      7483 -1.624661E+00 -2.904661E-01 -9.608961E-01
      7484  1.246147E+01  1.828720E+00  2.930904E+01
      7485  5.842348E+00  3.914821E-01  1.401040E+01
      7486 -5.868298E-02  2.409997E-01  7.652758E-01
      7487 -6.008585E+00  6.194362E-01 -1.420014E+01
      7527  8.840483E-02  9.326528E+00 -2.210571E+01
      7556  2.496320E-01  1.596110E+01  3.981191E+01
      7574 -4.871623E+00 -5.999918E-02  2.459723E+00
      7575 -1.968216E+00 -2.169577E-01  7.384347E-01
      7576  1.376655E+00 -2.637451E-01 -7.732360E-01
      7577 -1.139317E+01  1.655282E+00  2.678620E+01
      7578 -5.414275E+00  3.372170E-01  1.296950E+01
      7579 -7.580015E-02  2.070536E-01  9.908053E-01
      7580  5.289032E+00  5.583230E-01 -1.251906E+01
      7581  3.010625E+00 -2.301977E-01  1.870634E+00
      7582  1.317184E+00 -1.935238E-01  9.803718E-01
      7583  8.608766E+00  1.690477E+00  2.063473E+01
      7584  4.438068E+00  6.976654E-01  1.058812E+01
      7585  1.401485E+00  5.001323E-01  3.315037E+00
     50816  4.183031E-03  7.005774E-02 -7.601885E-03
     50817  7.543712E-03  1.099283E-01 -2.723247E-02
     50818 -3.482078E-04  1.117165E-01 -2.634519E-02
     50819  6.948016E-03  1.194922E-01 -2.692545E-02
     50820  4.616019E-03  1.237587E-01 -2.686564E-02
     50821  4.067505E-03  1.446767E-01 -3.137373E-02
     50822 -8.529455E-03  9.586026E-02  3.271129E-02
     50823  4.618756E-03  1.243420E-01 -2.721784E-02
     50824 -2.190660E-03  1.232513E-01 -2.560716E-02
     50825  6.506312E-03  1.213459E-01 -2.692559E-02
     50826  6.217610E-03  1.223540E-01 -2.679781E-02
     50827  7.344182E-03  1.352375E-01 -3.530720E-02
     50828  7.366470E-03  6.687675E-02  2.096801E-02
     50829  7.976162E-03  1.182421E-01 -2.761145E-02
     50830  4.273860E-03  1.122630E-01 -2.047231E-02
     50831  2.466425E-02  3.498658E-01  9.031229E-02
     50832  1.092263E-02  6.733788E-02  9.487002E-02
     50833  8.662027E-03  8.749613E-02  4.517545E-02
     50834  9.787468E-03  6.484764E-02  3.628927E-02
     50835  6.707060E-03  6.524826E-02  1.115714E-02
     50836  7.751024E-03  9.975281E-02 -2.142842E-02
     50837  1.069377E-02  1.108744E-01 -3.192164E-02
     50838  6.758394E-03  1.203510E-01 -2.703707E-02
     50839  4.450847E-03  1.217260E-01 -2.525935E-02
     50840  4.089838E-03  1.205985E-01 -2.440108E-02
     50841  6.721163E-03  1.107236E-01 -2.677372E-02
     50842  5.056727E-03  1.262844E-01 -2.789603E-02
     50843  9.226414E-03  8.661351E-02 -9.715226E-03
     50844  1.103906E-02  9.691632E-02 -2.336007E-02
     50845  8.003230E-03  1.073937E-01 -2.715315E-02
     50846  4.607603E-03  1.235553E-01 -2.638831E-02
     50847  2.316065E+00 -1.940074E-01 -1.496347E+01
     50848  2.032729E+00  1.096357E+00 -1.194315E+01
     50849  2.388877E+00  2.059169E-01 -1.070298E+01
     50850  2.907321E+00  4.255057E-01 -1.385837E+01
     50851  3.193236E-02 -1.838173E-01 -1.048057E+00
     50852 -3.385397E-03 -7.642685E-02 -1.457129E+00
     50853 -6.070657E-02 -1.430347E-01 -1.047931E+00
     50854  1.227335E-02 -8.510399E-02 -1.476161E+00
     50855  2.385253E+00 -3.891663E-01 -8.606544E+00
     50856  2.161846E+00 -6.168696E-01 -7.539817E+00
     50857  2.648619E+00 -8.110770E-01 -1.076213E+01
     50858  2.545816E+00 -1.228720E+00 -1.051079E+01
     50859  2.122296E+00 -5.486085E-01 -6.285289E+00
     50860  1.925528E+00 -5.803567E-01 -5.576462E+00
     50861  2.507132E+00 -1.113009E+00 -7.827132E+00
     50862  2.787659E+00 -6.354709E-01 -9.692092E+00
     50863  2.307582E+00 -9.115407E-01 -7.768433E+00
     50864  1.908998E+00 -5.112164E-01 -4.700548E+00
     50865  1.731052E+00 -4.917093E-01 -4.147252E+00
     50866  2.162577E+00 -8.933371E-01 -5.782127E+00
     50867  2.405713E+00 -6.064890E-01 -7.132175E+00
     50868  2.055174E+00 -6.561238E-01 -5.762958E+00
     50869  1.694767E+00 -4.159349E-01 -3.494020E+00
     50870  1.539225E+00 -3.948826E-01 -3.064239E+00
     50871  1.889361E+00 -7.279195E-01 -4.287763E+00
     50872  1.826003E+00 -4.607880E-01 -4.290990E+00
     50873  2.077099E+00 -4.310846E-01 -5.269551E+00
     50874  1.480895E+00 -3.494853E-01 -2.571510E+00
     50875  1.334384E+00 -3.427282E-01 -2.268864E+00
     50876  1.630763E+00 -5.982285E-01 -3.166942E+00
     50877  1.793084E+00 -3.080273E-01 -3.890085E+00
     50878  1.611123E+00 -3.585636E-01 -3.169577E+00
     50879  1.267218E+00 -2.769627E-01 -1.866330E+00
     50880  1.148234E+00 -2.684724E-01 -1.649760E+00
     50881  1.421135E+00 -4.971666E-01 -2.322454E+00
     50882  1.524017E+00 -2.019002E-01 -2.888279E+00
     50883  1.366629E+00 -2.853173E-01 -2.351797E+00
     50884  1.079363E+00 -2.430283E-01 -1.384417E+00
     50885  9.647676E-01 -2.368278E-01 -1.233320E+00
     50886  1.173758E+00 -4.300274E-01 -1.714653E+00
     50887  1.180520E+00 -1.989069E-01 -1.773295E+00
     50888  1.288994E+00 -1.920894E-01 -2.133935E+00
     50889  8.994658E-01 -2.123113E-01 -1.033402E+00
     50890  8.153876E-01 -2.064166E-01 -9.331404E-01
     50891  9.956272E-01 -3.889095E-01 -1.289844E+00
     50892  1.050961E+00 -1.242240E-01 -1.624750E+00
     50893  9.658488E-01 -1.816911E-01 -1.374611E+00
     50894  7.539028E-01 -2.071936E-01 -8.375734E-01
     50895  6.761751E-01 -2.048299E-01 -7.897425E-01
     50896  7.987842E-01 -3.769942E-01 -1.026661E+00
     50897  8.366069E-01 -1.010635E-01 -1.154328E+00
     50898  8.836006E-01 -1.464587E-01 -1.266927E+00
     50899  6.284954E-01 -1.907326E-01 -7.035347E-01
     50900  5.705573E-01 -1.846605E-01 -6.824605E-01
     50901  6.893434E-01 -3.725565E-01 -8.718194E-01
     50902  6.957423E-01 -8.545082E-02 -1.095236E+00
     50903  6.751920E-01 -1.442854E-01 -1.016520E+00
     50904  5.328885E-01 -1.908203E-01 -6.815072E-01
     50905  4.829908E-01 -1.832833E-01 -6.596643E-01
     50906  5.462925E-01 -3.710626E-01 -8.072268E-01
     50907  5.971120E-01 -1.412716E-01 -9.821145E-01
     50908  5.988007E-01 -6.852617E-02 -1.012944E+00
     50909  4.578136E-01 -1.936126E-01 -6.881465E-01
     50910  4.151149E-01 -1.857826E-01 -6.792573E-01
     50911  4.581765E-01 -3.865967E-01 -8.044600E-01
     50912  5.185061E-01 -6.663273E-02 -1.032235E+00
     50913  4.921006E-01 -1.532733E-01 -9.509670E-01
     50914  4.001668E-01 -1.968618E-01 -7.225790E-01
     50915  3.597850E-01 -1.912321E-01 -7.284626E-01
     50916  3.931923E-01 -3.982744E-01 -8.374151E-01
     50917  4.161850E-01 -1.587208E-01 -9.833654E-01
     50918  4.579023E-01 -6.985831E-02 -1.082228E+00
     50919  3.602547E-01 -2.026873E-01 -7.786580E-01
     50920  3.273627E-01 -1.927050E-01 -7.706904E-01
     50921  3.453413E-01 -4.148059E-01 -8.949645E-01
     50922  4.118045E-01 -8.968307E-02 -1.157307E+00
     50923  3.551607E-01 -1.588869E-01 -1.048039E+00
     50924  3.262224E-01 -2.120125E-01 -8.345060E-01
     50925  2.965932E-01 -2.021921E-01 -8.328530E-01
     50926  3.039042E-01 -4.214563E-01 -9.498853E-01
     50927  3.235614E-01 -1.628573E-01 -1.115487E+00
     50928  3.814141E-01 -8.233419E-02 -1.231456E+00
     50929  3.053280E-01 -2.139246E-01 -8.857018E-01
     50930  2.772503E-01 -2.082655E-01 -8.811082E-01
     50931  2.846575E-01 -4.377202E-01 -1.016747E+00
     50932  3.604374E-01 -9.011494E-02 -1.300019E+00
     50933  2.905954E-01 -1.731583E-01 -1.192494E+00
     50934  2.891894E-01 -2.183192E-01 -9.283970E-01
     50935  2.619924E-01 -2.134275E-01 -9.175433E-01
     50936  2.678283E-01 -4.507849E-01 -1.069905E+00
     50937  2.698344E-01 -1.793002E-01 -1.258506E+00
     50938  3.444480E-01 -9.620929E-02 -1.353859E+00
     50939  2.751774E-01 -2.219781E-01 -9.570379E-01
     50940  2.473009E-01 -2.178839E-01 -9.406798E-01
     50941  2.549563E-01 -4.589649E-01 -1.106771E+00
     50942  2.555254E-01 -1.820001E-01 -1.307724E+00
     50943  3.312757E-01 -9.995598E-02 -1.390286E+00
     50944  2.607383E-01 -2.241050E-01 -9.687753E-01
     50945  2.272159E-01 -2.294888E-01 -9.792829E-01
     50946  2.423849E-01 -4.677681E-01 -1.129045E+00
     50947  2.421881E-01 -1.856024E-01 -1.338840E+00
     50948  3.187022E-01 -1.090286E-01 -1.394516E+00
     50949  2.413787E-01 -2.241684E-01 -9.546454E-01
     50950  2.066277E-01 -2.304018E-01 -9.852783E-01
     50951  2.556782E-01 -4.728853E-01 -1.135814E+00
     50952  1.966861E-01 -1.213912E-01 -1.395649E+00
     50953  2.719196E-01 -1.744210E-01 -1.366284E+00
     50954  2.174567E-01 -2.280804E-01 -9.590471E-01
     50955  1.862580E-01 -2.260077E-01 -9.579948E-01
     50956  2.342947E-01 -4.672542E-01 -1.136806E+00
     50957  2.449510E-01 -1.747528E-01 -1.384092E+00
     50958  1.779263E-01 -1.086734E-01 -1.416111E+00
     50959  1.930476E-01 -2.307409E-01 -9.813773E-01
     50960  1.587339E-01 -2.286051E-01 -9.567841E-01
     50961  1.781869E-01 -4.702213E-01 -1.140812E+00
     50962  1.859839E-01 -1.812399E-01 -1.377398E+00
     50963  2.465462E-01 -1.058893E-01 -1.421287E+00
     50964  1.633262E-01 -2.321011E-01 -9.850505E-01
     50965  1.276542E-01 -2.293673E-01 -9.625677E-01
     50966  1.488971E-01 -4.804022E-01 -1.145866E+00
     50967  2.145306E-01 -1.040080E-01 -1.424295E+00
     50968  1.496657E-01 -1.868990E-01 -1.364718E+00
     50969  1.314903E-01 -2.326840E-01 -9.949334E-01
     50970  9.568099E-02 -2.305825E-01 -9.766368E-01
     50971  1.165642E-01 -4.809320E-01 -1.154010E+00
     50972  1.793392E-01 -1.053636E-01 -1.435465E+00
     50973  1.167253E-01 -1.871090E-01 -1.370378E+00
     50974  1.002792E-01 -2.344170E-01 -1.014352E+00
     50975  6.494471E-02 -2.324042E-01 -1.000288E+00
     50976  8.335041E-02 -4.822330E-01 -1.171887E+00
     50977  8.231005E-02 -1.881716E-01 -1.386601E+00
     50978  1.448084E-01 -1.058439E-01 -1.457819E+00
     50979  7.233616E-02 -2.357187E-01 -1.041916E+00
     50980  3.797710E-02 -2.331059E-01 -1.030280E+00
     50981  5.284108E-02 -4.836070E-01 -1.199268E+00
     50982  1.137633E-01 -1.064188E-01 -1.488607E+00
     50983  4.923423E-02 -1.912203E-01 -1.413289E+00
     50984  4.893667E-02 -2.376305E-01 -1.073076E+00
     50985  1.268079E-02 -2.361210E-01 -1.068775E+00
     50986  2.693633E-02 -4.849094E-01 -1.232901E+00
     50987  2.036419E-02 -1.918218E-01 -1.447456E+00
     50988  8.895921E-02 -1.070415E-01 -1.523894E+00
     50989  3.386686E-02 -2.444427E-01 -1.114119E+00
     50990  1.300093E-03 -2.354485E-01 -1.090818E+00
     50991  4.816612E-03 -4.923950E-01 -1.274262E+00
     50992  6.852832E-02 -1.225128E-01 -1.570302E+00
     50993 -6.560926E-03 -1.909965E-01 -1.489562E+00
     50994  2.403730E-02 -2.646322E-01 -1.140807E+00
     50995 -1.050875E-02 -2.448741E-01 -1.115765E+00
     50996 -1.623166E-02 -4.959934E-01 -1.302911E+00
     50997  7.865730E-02 -1.187483E-01 -1.604868E+00
     50998 -1.738752E-02 -1.892466E-01 -1.526744E+00
     50999  1.486760E-01 -4.957831E-01 -1.236128E+00
     51000 -5.109088E-02 -1.649003E-01 -1.574096E+00
     52859 -3.202197E-02  2.794797E-01  7.736458E-02
     52860  1.201743E-02  7.857984E-02  5.288938E-02
     52861  1.103880E-02  6.897554E-02  3.636812E-02
     52862 -7.876563E-04  1.188182E-01 -2.695760E-02
     52863 -4.509723E-06  1.266440E-01 -2.917501E-02
     52864 -2.768337E-04  6.971606E-02 -6.223858E-03
     52865 -3.990310E-03  1.580980E-01 -4.435195E-02
     52866 -1.536022E-03  1.098966E-01 -2.482782E-02
     52867  1.061836E-03  6.534664E-02  1.197692E-03
     52868  2.506956E-03  1.483549E-01 -3.628356E-02
     52869  2.271466E-03  1.630497E-01 -3.829624E-02
     52870 -8.028260E-03  7.486369E-02  5.420343E-03
     52871  3.373937E-03  1.564708E-01 -3.893368E-02
     52872 -1.085044E-03  8.569114E-02 -1.910865E-02
     52873  2.381735E-03  1.638587E-01 -4.635244E-02
     52874 -1.120947E-03  1.147410E-01 -2.591587E-02
     52875 -1.731011E-03  1.035324E-01 -2.345427E-02
     52876 -7.325826E-04  8.584144E-02 -1.622170E-02
     52877  1.052121E-03  1.220048E-01 -2.762387E-02
     52878  6.091370E-03  6.392015E-02  2.223350E-02
     52879  7.214686E-04  1.426621E-01 -3.099902E-02
     52880 -9.173585E-03  1.459719E-01 -4.023989E-02
     52881 -1.423093E-03  7.623750E-02 -1.219472E-02
     52882  1.104942E-03  1.271308E-01 -2.855255E-02
     52883  5.257516E-04  1.277103E-01 -2.940957E-02
     52884 -2.034099E-03  9.930432E-02 -2.253726E-02
     52885 -3.304035E-03  8.926447E-02 -2.167468E-02
     52886 -4.447663E-04  1.235802E-01 -2.825350E-02
     52887  1.473448E-03  1.269703E-01 -2.924197E-02
     52888  3.807295E-03  4.473150E-02  9.553795E-02
     52889  2.815496E-03  6.325128E-02  1.049080E-02
     52890 -1.435163E-02 -8.452975E-02 -1.461270E+00
     52891 -2.718575E-02 -1.864070E-01 -1.046838E+00
     52892 -2.408022E-03 -2.590243E-01 -1.159007E+00
     52893 -2.826693E-02 -5.316630E-02 -1.484168E+00
     52894 -1.883710E+00  9.717486E-01 -1.076041E+01
     52895 -2.136330E+00 -2.887065E-01 -1.342548E+01
     52896 -2.201612E+00  1.947772E-01 -9.656778E+00
     52897 -2.707714E+00  3.167177E-01 -1.250162E+01
     52898  7.885193E-03 -2.718344E-01 -1.151240E+00
     52899 -3.454589E-02 -2.718107E-01 -1.152743E+00
     52900 -2.307502E-02 -4.605117E-01 -1.361112E+00
     52901  4.656890E-02 -1.587384E-01 -1.593352E+00
     52902 -1.289550E-02 -2.440736E-01 -1.100165E+00
     52903 -3.618088E-02 -2.468356E-01 -1.089107E+00
     52904  9.472403E-03 -5.028029E-01 -1.314617E+00
     52905 -1.010080E-01 -9.830675E-02 -1.621088E+00
     52906  3.170091E-03 -2.116918E-01 -1.565244E+00
     52907 -1.926365E-02 -2.530860E-01 -1.108384E+00
     52908 -5.358125E-02 -2.483220E-01 -1.054363E+00
     52909 -5.229653E-02 -4.959300E-01 -1.286707E+00
     52910  2.737164E-02 -1.095327E-01 -1.575815E+00
     52911 -4.956495E-02 -2.126451E-01 -1.553807E+00
     52912 -4.008512E-02 -2.488314E-01 -1.071699E+00
     52913 -7.997150E-02 -2.425540E-01 -1.025167E+00
     52914 -6.817783E-02 -4.974788E-01 -1.250792E+00
     52915  7.165550E-03 -1.027281E-01 -1.525748E+00
     52916 -7.993151E-02 -2.133305E-01 -1.490649E+00
     52917 -5.951695E-02 -2.502061E-01 -1.044810E+00
     52918 -1.064167E-01 -2.363098E-01 -9.844859E-01
     52919 -9.514202E-02 -4.950078E-01 -1.216856E+00
     52920 -1.318844E-02 -1.269579E-01 -1.504556E+00
     52921 -1.051588E-01 -1.996738E-01 -1.449485E+00
     52922 -9.467261E-02 -2.443491E-01 -1.003340E+00
     52923 -1.396535E-01 -2.484408E-01 -9.938061E-01
     52924 -1.228987E-01 -4.902603E-01 -1.175219E+00
     52925 -1.385861E-01 -2.073358E-01 -1.416520E+00
     52926 -4.372024E-02 -1.026777E-01 -1.438770E+00
     52927 -1.277710E-01 -2.297029E-01 -9.507047E-01
     52928 -1.624742E-01 -2.323492E-01 -9.327822E-01
     52929 -1.114966E-01 -4.885353E-01 -1.148034E+00
     52930 -1.986616E-01 -1.203683E-01 -1.425070E+00
     52931 -1.220219E-01 -1.888852E-01 -1.374618E+00
     52932 -1.627036E-01 -2.324623E-01 -9.564393E-01
     52933 -1.996423E-01 -2.279904E-01 -9.177778E-01
     52934 -1.867877E-01 -4.712529E-01 -1.110421E+00
     52935 -1.857466E-01 -1.840324E-01 -1.363235E+00
     52936 -1.261652E-01 -9.550436E-02 -1.383043E+00
     52937 -1.960838E-01 -2.235161E-01 -9.383061E-01
     52938 -2.301838E-01 -2.275657E-01 -9.088623E-01
     52939 -2.153551E-01 -4.719926E-01 -1.097178E+00
     52940 -1.645276E-01 -1.031776E-01 -1.366843E+00
     52941 -2.287054E-01 -1.825836E-01 -1.322581E+00
     52942 -2.268154E-01 -2.190823E-01 -9.287178E-01
     52943 -2.602052E-01 -2.211003E-01 -8.973531E-01
     52944 -2.454672E-01 -4.705404E-01 -1.087391E+00
     52945 -1.983887E-01 -1.026165E-01 -1.350417E+00
     52946 -2.643125E-01 -1.850851E-01 -1.315102E+00
     52947 -2.557474E-01 -2.170606E-01 -9.204904E-01
     52948 -2.877637E-01 -2.221199E-01 -8.910604E-01
     52949 -2.772027E-01 -4.630329E-01 -1.076169E+00
     52950 -2.955809E-01 -1.757111E-01 -1.300765E+00
     52951 -2.297319E-01 -1.063946E-01 -1.341738E+00
     52952 -2.809182E-01 -2.166435E-01 -9.136405E-01
     52953 -3.128225E-01 -2.194203E-01 -8.800536E-01
     52954 -3.039539E-01 -4.605588E-01 -1.068419E+00
     52955 -2.558324E-01 -1.016719E-01 -1.327748E+00
     52956 -3.261072E-01 -1.810257E-01 -1.293582E+00
     52957 -3.048090E-01 -2.120223E-01 -8.991742E-01
     52958 -3.357533E-01 -2.153030E-01 -8.641756E-01
     52959 -3.270322E-01 -4.522283E-01 -1.053060E+00
     52960 -3.524836E-01 -1.779258E-01 -1.276291E+00
     52961 -2.810241E-01 -1.000345E-01 -1.304579E+00
     52962 -3.270318E-01 -2.060524E-01 -8.778933E-01
     52963 -3.571108E-01 -2.093945E-01 -8.396260E-01
     52964 -3.477976E-01 -4.418278E-01 -1.030541E+00
     52965 -3.043257E-01 -9.836254E-02 -1.271186E+00
     52966 -3.755353E-01 -1.738483E-01 -1.252875E+00
     52967 -3.498553E-01 -1.994404E-01 -8.481689E-01
     52968 -3.798075E-01 -2.042732E-01 -8.086352E-01
     52969 -3.682616E-01 -4.284468E-01 -9.979199E-01
     52970 -3.962612E-01 -1.667895E-01 -1.218508E+00
     52971 -3.286217E-01 -9.652462E-02 -1.226927E+00
     52972 -3.745361E-01 -1.932242E-01 -8.122791E-01
     52973 -4.061885E-01 -1.979554E-01 -7.701034E-01
     52974 -3.906545E-01 -4.155139E-01 -9.585450E-01
     52975 -3.546596E-01 -9.328815E-02 -1.173592E+00
     52976 -4.181736E-01 -1.607232E-01 -1.174672E+00
     52977 -4.065875E-01 -1.851317E-01 -7.703546E-01
     52978 -4.408106E-01 -1.913698E-01 -7.303603E-01
     52979 -4.178616E-01 -3.991549E-01 -9.109011E-01
     52980 -4.443297E-01 -1.528135E-01 -1.120833E+00
     52981 -3.888122E-01 -8.917010E-02 -1.112696E+00
     52982 -4.481398E-01 -1.807462E-01 -7.336237E-01
     52983 -4.877663E-01 -1.873392E-01 -6.984008E-01
     52984 -4.568758E-01 -3.841327E-01 -8.652797E-01
     52985 -4.783287E-01 -1.450264E-01 -1.063516E+00
     52986 -4.350280E-01 -8.536716E-02 -1.057550E+00
     52987 -5.046700E-01 -1.765944E-01 -7.081708E-01
     52988 -5.539095E-01 -1.891818E-01 -7.071966E-01
     52989 -5.099726E-01 -3.725933E-01 -8.322127E-01
     52990 -4.979366E-01 -8.626866E-02 -1.006567E+00
     52991 -5.268914E-01 -1.416276E-01 -1.014188E+00
     52992 -5.815884E-01 -1.754223E-01 -7.023593E-01
     52993 -6.387760E-01 -1.877864E-01 -7.361814E-01
     52994 -5.628088E-01 -3.633080E-01 -8.264908E-01
     52995 -6.060488E-01 -1.312040E-01 -9.787368E-01
     52996 -6.161945E-01 -8.773749E-02 -1.018160E+00
     52997 -6.792310E-01 -1.816091E-01 -7.664600E-01
     52998 -7.456809E-01 -1.891636E-01 -8.072260E-01
     52999 -6.628719E-01 -3.495212E-01 -8.702317E-01
     53000 -7.011032E-01 -8.376931E-02 -1.045838E+00
     53001 -7.201567E-01 -1.268051E-01 -1.054839E+00
     53002 -7.979725E-01 -1.940804E-01 -9.177462E-01
     53003 -8.798839E-01 -2.018553E-01 -9.835308E-01
     53004 -8.093148E-01 -3.482403E-01 -9.911533E-01
     53005 -8.434571E-01 -8.195077E-02 -1.235053E+00
     53006 -7.946359E-01 -1.468056E-01 -1.108174E+00
     53007 -9.413292E-01 -2.159675E-01 -1.158896E+00
     53008 -1.038694E+00 -2.225830E-01 -1.277328E+00
     53009 -9.640147E-01 -3.683130E-01 -1.220027E+00
     53010 -1.016267E+00 -9.186420E-02 -1.519954E+00
     53011 -9.460756E-01 -1.679690E-01 -1.294246E+00
     53012 -1.104669E+00 -2.489787E-01 -1.533312E+00
     53013 -1.217973E+00 -2.552041E-01 -1.718051E+00
     53014 -1.146333E+00 -3.999439E-01 -1.586035E+00
     53015 -1.117950E+00 -1.976176E-01 -1.631146E+00
     53016 -1.218099E+00 -1.138416E-01 -1.972903E+00
     53017 -1.280771E+00 -2.971691E-01 -2.072982E+00
     53018 -1.410261E+00 -3.019788E-01 -2.336838E+00
     53019 -1.351495E+00 -4.549818E-01 -2.127000E+00
     53020 -1.314214E+00 -2.430624E-01 -2.149277E+00
     53021 -1.442340E+00 -1.490732E-01 -2.635299E+00
     53022 -1.460261E+00 -3.617820E-01 -2.810020E+00
     53023 -1.606135E+00 -3.622852E-01 -3.166940E+00
     53024 -1.572347E+00 -5.391382E-01 -2.880268E+00
     53025 -1.681270E+00 -1.987726E-01 -3.551622E+00
     53026 -1.526267E+00 -3.094358E-01 -2.888629E+00
     53027 -1.634360E+00 -4.418992E-01 -3.785214E+00
     53028 -1.799768E+00 -4.318553E-01 -4.256967E+00
     53029 -1.804724E+00 -6.562158E-01 -3.892069E+00
     53030 -1.932540E+00 -2.674744E-01 -4.784285E+00
     53031 -1.743926E+00 -3.951949E-01 -3.894993E+00
     53032 -1.803768E+00 -5.271862E-01 -5.077852E+00
     53033 -1.994986E+00 -4.803383E-01 -5.699286E+00
     53034 -2.057454E+00 -8.095316E-01 -5.243498E+00
     53035 -2.221189E+00 -3.810660E-01 -6.447876E+00
     53036 -1.962439E+00 -5.055670E-01 -5.235469E+00
     53037 -2.025918E+00 -5.367132E-01 -6.823719E+00
     53038 -2.220029E+00 -3.411576E-01 -7.785915E+00
     53039 -2.336438E+00 -1.003936E+00 -7.084647E+00
     53040 -2.185966E+00 -6.601493E-01 -7.037476E+00
     53041 -2.600425E+00 -5.693521E-01 -8.776712E+00
     53042 -2.450108E+00 -6.923050E-01 -9.704231E+00
     53043 -2.378862E+00 -1.048430E+00 -9.534679E+00
     57576  1.513344E+00  4.200195E+00  5.416621E-01
     57577  5.514487E-01  1.856345E+00  2.219312E+00
     57578  1.001000E+00  1.301288E+00  1.865481E+00
     57579  5.426736E-01  1.127815E+00  9.647070E-01
     57580  1.542495E+00  1.777312E+00  1.287033E+00
     57581 -1.672217E+00 -1.877161E+01  7.802960E+01
     57582 -2.772813E+00 -1.769296E+01  7.205333E+01
     57583  3.184187E+00 -1.103820E+01  6.290853E+01
     57584 -4.844422E-01  3.026543E+00 -1.010116E+01
     57585 -1.420014E+00  1.713290E+00 -5.831745E+00
     57586 -3.007828E+00 -6.850378E-01 -8.600157E+00
     57587  4.272975E-01  2.564610E+00 -1.171506E+01
     57588 -5.432601E+00 -1.417399E+01  5.269310E+01
     57589 -9.846721E-01 -1.955694E+00 -1.060845E+00
     57590 -4.830976E+00 -4.887004E+00  1.406595E+00
     57591 -2.147555E+00 -1.445763E+00 -7.324463E+00
     57592 -1.135612E+00 -2.649658E+00 -8.610595E+00
     57593 -4.389870E-01 -5.872947E+00  1.246373E+01
     57594 -4.493099E+00 -7.676627E+00  1.759960E+01
     57595 -1.983257E+00 -5.653043E+00  3.124687E+00
     57596 -2.456774E-01 -3.081020E+00 -4.294210E+00
     57597 -2.145155E+00 -6.871709E+00  4.001746E+00
     57598  1.042203E+00 -9.109222E+00  3.254986E+01
     57599 -4.343118E+00 -9.936758E+00  3.871825E+01
     57600 -2.103320E+00 -8.633296E+00  1.905099E+01
     57601 -2.134185E-01 -6.316926E+00  1.001996E+01
     57602 -4.004625E+00 -9.339184E+00  2.262911E+01
     57603 -2.188452E+00 -1.049505E+01  4.438785E+01
     57604  7.119854E-01 -9.213143E+00  2.988208E+01
     62735 -5.449202E-01  1.732821E+00  2.063809E+00
     62736 -5.660642E-01  1.007877E+00  8.487947E-01
     62737 -1.455979E+00  1.609575E+00  1.224221E+00
     62738 -1.421422E+00  3.857412E+00  4.937617E-01
     62739 -1.010791E+00  1.214422E+00  1.730595E+00
     62740  1.395895E+00  1.434819E+00 -4.990380E+00
     62741  5.534552E-01  2.765952E+00 -9.294254E+00
     62742 -2.478939E-01  2.421661E+00 -1.072374E+01
     62743  2.765925E+00 -1.614785E+01  6.544845E+01
     62744  1.764065E+00 -1.720223E+01  7.166164E+01
     62745  5.129785E+00 -1.305321E+01  4.772715E+01
     62746  2.851810E+00 -9.012558E-01 -7.667680E+00
     62747 -2.761286E+00 -1.001787E+01  5.793709E+01
     62748  1.154354E+00 -2.446092E+00 -8.101652E+00
     62749  4.703959E-01 -2.759870E+00 -4.084862E+00
     62750  2.175321E+00 -1.343405E+00 -6.470402E+00
     62751  1.049915E+00 -1.820806E+00 -4.783105E-01
     62752  2.083174E+00 -6.319027E+00  3.308637E+00
     62753  4.603962E-01 -5.702916E+00  8.912682E+00
     62754  2.031110E+00 -5.185759E+00  3.058724E+00
     62755  5.738918E-01 -5.376572E+00  1.194021E+01
     62756  4.656784E+00 -4.664672E+00  1.606632E+00
     62757  3.843458E+00 -8.593182E+00  2.025823E+01
     62758 -3.910745E-01 -8.356803E+00  2.685297E+01
     62759  2.137028E+00 -7.926050E+00  1.740922E+01
     62760  4.333134E+00 -7.106053E+00  1.654879E+01
     62761 -8.365939E-01 -8.322487E+00  3.030825E+01
     62762  2.223952E+00 -9.601811E+00  4.052534E+01
     62763  4.180680E+00 -9.126906E+00  3.586916E+01
     67401  1.774743E-01  3.817778E-01 -1.691359E-02
     67402 -2.091959E-01  4.226716E-01 -1.493573E-02
     67403  1.864277E-01  8.261478E-01 -2.620742E-01
     67404 -2.017426E-01  9.103363E-01 -2.842717E-01
     67405  3.398329E+00  1.972549E-01 -1.088091E+01
     67406  2.435512E+00 -2.175982E-01 -2.800716E-01
     67407  3.314480E+00 -1.982758E-01 -8.819187E+00
     67408 -1.398896E-02 -4.006581E-01  1.481131E+00
     67409 -5.518160E-03 -4.074142E-01  1.405007E+00
     67410 -1.290118E-02 -3.784847E-01  1.410201E+00
     67411 -1.593008E-02 -3.924564E-01  1.492416E+00
     67412 -2.312678E+00 -1.734688E-01 -2.811157E-01
     67413 -3.142419E+00  2.306647E-01 -9.817155E+00
     67414 -3.110906E+00 -1.554070E-01 -7.993256E+00
     67415  2.732247E+00 -8.534308E-01  2.678289E+00
     67416 -2.599361E+00 -7.508657E-01  2.380536E+00
     67417  2.624832E+00 -1.463548E+00 -5.406417E+00
     67418  3.564825E+00 -2.163340E+00 -5.050215E+00
     67419  2.698562E+00 -1.713032E+00 -1.009758E+00
     67420  8.937078E-01 -1.580132E+00  1.988999E+00
     67421  4.100134E+00 -2.946627E+00 -1.981946E+00
     67422  3.529436E+00 -3.164233E+00 -3.286011E+00
     67423  1.628704E+00 -8.401034E-01  3.378718E+00
     67424  4.242995E+00 -2.374449E+00 -1.724555E+00
     67425  4.321839E+00 -2.980632E+00 -1.538906E+00
     67426  4.098215E+00 -1.817425E+00 -1.249896E+00
     67427  4.236016E+00 -2.229419E+00 -1.264691E+00
     67428  3.802523E+00 -1.352043E+00 -7.140091E-01
     67429  3.947295E+00 -1.605630E+00 -8.286170E-01
     67430  3.420467E+00 -9.870718E-01 -2.045560E-01
     67431  3.547793E+00 -1.126416E+00 -3.508512E-01
     67432  3.008184E+00 -6.916170E-01  2.490532E-01
     67433  3.120949E+00 -7.597921E-01  1.026233E-01
     67434  2.635089E+00 -4.960515E-01  5.910194E-01
     67435  2.685996E+00 -5.035752E-01  4.604902E-01
     67436  2.295459E+00 -3.393253E-01  9.010830E-01
     67437  2.308769E+00 -3.091348E-01  7.671492E-01
     67438  1.985502E+00 -2.479389E-01  1.126247E+00
     67439  1.975778E+00 -1.904048E-01  1.024532E+00
     67440  1.732699E+00 -1.904704E-01  1.300655E+00
     67441  1.700455E+00 -1.246512E-01  1.212735E+00
     67442  1.525165E+00 -1.666757E-01  1.418467E+00
     67443  1.472736E+00 -9.635283E-02  1.351158E+00
     67444  1.351508E+00 -1.646059E-01  1.497096E+00
     67445  1.292362E+00 -9.401062E-02  1.447961E+00
     67446  1.217744E+00 -1.741862E-01  1.538241E+00
     67447  1.146526E+00 -1.093577E-01  1.504858E+00
     67448  1.114519E+00 -1.899896E-01  1.562689E+00
     67449  1.035634E+00 -1.279199E-01  1.537406E+00
     67450  1.031238E+00 -2.061591E-01  1.585200E+00
     67451  9.553090E-01 -1.553666E-01  1.564972E+00
     67452  9.602238E-01 -2.197880E-01  1.596093E+00
     67453  8.818447E-01 -1.755119E-01  1.583801E+00
     67454  8.960757E-01 -2.304976E-01  1.605672E+00
     67455  8.167289E-01 -1.905820E-01  1.597159E+00
     67456  8.350220E-01 -2.309867E-01  1.622363E+00
     67457  7.532031E-01 -1.978701E-01  1.611861E+00
     67458  7.621121E-01 -2.351790E-01  1.630651E+00
     67459  6.837206E-01 -2.041987E-01  1.626466E+00
     67460  6.808664E-01 -2.399550E-01  1.634139E+00
     67461  6.074649E-01 -2.106355E-01  1.635373E+00
     67462  5.973208E-01 -2.368916E-01  1.642088E+00
     67463  5.234138E-01 -2.128333E-01  1.643087E+00
     67464  5.032920E-01 -2.424597E-01  1.636006E+00
     67465  4.315686E-01 -2.199952E-01  1.643266E+00
     67466  4.070857E-01 -2.527213E-01  1.618542E+00
     67467  3.386231E-01 -2.322554E-01  1.630886E+00
     67468  3.150754E-01 -2.680332E-01  1.589398E+00
     67469  2.486490E-01 -2.500216E-01  1.606268E+00
     67470  2.328249E-01 -2.859649E-01  1.555112E+00
     67471  1.684410E-01 -2.708701E-01  1.572363E+00
     67472  1.572731E-01 -3.064496E-01  1.520477E+00
     67473  9.974505E-02 -2.930713E-01  1.537415E+00
     67474  9.875132E-02 -3.260813E-01  1.478407E+00
     67475  4.089600E-02 -3.175430E-01  1.496416E+00
     67476  6.937435E-02 -3.413259E-01  1.444483E+00
     67477 -1.113294E-02 -3.397484E-01  1.455068E+00
     67478 -1.684274E-02 -3.344015E-01  1.455024E+00
     67479 -9.545753E-02 -3.443987E-01  1.438556E+00
     67480 -6.285488E-02 -3.222235E-01  1.495143E+00
     67481 -1.259450E-01 -3.345806E-01  1.475575E+00
     67482 -1.094244E-01 -2.945124E-01  1.548678E+00
     67483 -1.791541E-01 -3.147569E-01  1.524729E+00
     67484 -1.783114E-01 -2.774015E-01  1.611367E+00
     67485 -2.467409E-01 -2.979806E-01  1.579778E+00
     67486 -2.779856E-01 -2.492972E-01  1.671127E+00
     67487 -3.188727E-01 -2.710228E-01  1.651188E+00
     67488 -3.631730E-01 -2.219741E-01  1.678051E+00
     67489 -4.370700E-01 -2.507649E-01  1.679942E+00
     67490 -4.559460E-01 -1.968133E-01  1.685492E+00
     67491 -5.327810E-01 -2.345071E-01  1.679361E+00
     67492 -5.529799E-01 -1.785848E-01  1.695877E+00
     67493 -6.351502E-01 -2.126069E-01  1.693916E+00
     67494 -6.529879E-01 -1.680447E-01  1.699693E+00
     67495 -7.314554E-01 -2.097706E-01  1.703184E+00
     67496 -7.531978E-01 -1.620754E-01  1.686583E+00
     67497 -8.327861E-01 -2.056295E-01  1.699034E+00
     67498 -8.469532E-01 -1.573959E-01  1.661303E+00
     67499 -9.291014E-01 -2.057547E-01  1.680591E+00
     67500 -9.357082E-01 -1.533062E-01  1.625822E+00
     67501 -1.019651E+00 -2.048365E-01  1.651463E+00
     67502 -1.020863E+00 -1.481831E-01  1.583259E+00
     67503 -1.104476E+00 -2.034646E-01  1.614573E+00
     67504 -1.105610E+00 -1.404216E-01  1.534804E+00
     67505 -1.186517E+00 -2.003524E-01  1.571849E+00
     67506 -1.193870E+00 -1.328866E-01  1.477935E+00
     67507 -1.272805E+00 -1.970274E-01  1.521473E+00
     67508 -1.294784E+00 -1.230914E-01  1.414306E+00
     67509 -1.366278E+00 -1.927259E-01  1.464634E+00
     67510 -1.417500E+00 -1.191040E-01  1.335263E+00
     67511 -1.480362E+00 -1.912947E-01  1.395410E+00
     67512 -1.570692E+00 -1.236178E-01  1.235237E+00
     67513 -1.621524E+00 -1.985329E-01  1.307049E+00
     67514 -1.766534E+00 -1.437356E-01  1.102079E+00
     67515 -1.800763E+00 -2.168952E-01  1.192428E+00
     67516 -2.011517E+00 -2.031145E-01  9.218834E-01
     67517 -2.021892E+00 -2.634951E-01  1.027775E+00
     67518 -2.304734E+00 -3.059282E-01  6.915653E-01
     67519 -2.289891E+00 -3.462378E-01  8.113665E-01
     67520 -2.646193E+00 -4.613602E-01  4.072500E-01
     67521 -2.603346E+00 -4.719615E-01  5.424904E-01
     67522 -3.027598E+00 -6.964510E-01  6.235261E-02
     67523 -2.950201E+00 -6.565125E-01  2.041136E-01
     67524 -3.423956E+00 -1.023129E+00 -3.349240E-01
     67525 -3.313262E+00 -9.091408E-01 -1.995530E-01
     67526 -3.791513E+00 -1.458317E+00 -7.621241E-01
     67527 -3.659424E+00 -1.239910E+00 -6.581369E-01
     67528 -4.056289E+00 -2.018089E+00 -1.163559E+00
     67529 -3.937176E+00 -1.655168E+00 -1.142965E+00
     67530 -4.131622E+00 -2.693444E+00 -1.414966E+00
     67531 -4.066823E+00 -2.153119E+00 -1.580874E+00
     67532 -3.362823E+00 -2.842703E+00 -2.984280E+00
     67533 -3.932878E+00 -2.653467E+00 -1.807233E+00
     67534 -3.361193E+00 -1.940770E+00 -4.566296E+00
     67535 -2.491209E+00 -1.308754E+00 -4.903117E+00
     67536 -1.594502E+00 -7.536037E-01  3.046127E+00
     67537 -2.567170E+00 -1.539417E+00 -9.302939E-01
     67538 -9.375875E-01 -1.409210E+00  1.794884E+00
     68403  2.055554E-01  2.762030E-01  2.762828E-01
     68404 -4.170636E-01  8.166207E-01  6.039419E-01
     68405  2.721544E-01  1.449960E+00 -1.329347E+00
     68406  2.372875E-02  6.030876E-01 -3.626380E-01
     68407  4.624976E-01  3.990125E-01  2.049039E-01
     68408  1.155609E+00  1.607174E+00 -1.159077E+01
     68409  8.654492E-01  1.818640E+00 -2.247362E+01
     68410  1.529394E+00  9.558065E-01 -3.083731E+00
     68411  1.110881E+00  1.248671E+00 -8.886891E+00
     68412  3.132767E-01  7.660629E-01 -9.002638E+00
     68413 -6.466672E-01  2.633574E+00 -2.757236E+01
     68414 -6.254321E-01  1.588040E+00  8.804194E+00
     68415  1.505628E-01  1.765741E+00  2.601863E+00
     68416  2.689759E-01  1.088339E+00 -1.833806E+00
     68417 -1.733154E+00  1.628129E+00 -1.518417E+01
     68418  7.245071E-01  6.330286E+00  5.179232E+01
     68419 -1.859438E+00  5.419421E+00  4.607526E+01
     68420 -2.643138E+00  3.546012E+00  2.959796E+01
     68421  2.893991E+00  3.700742E+00  3.516228E+01
     68422 -1.963841E+00  2.225839E+00  2.208160E+01
     68423 -1.608117E+00  2.023034E+00  1.527712E+01
     68424 -5.179547E-02  1.545901E+00  2.293469E+01
     68425 -5.991354E-01  1.264564E+00  1.096075E+01
     68426  1.793204E+00  1.594706E+00  1.678171E+01
     68427 -5.407382E-01  2.877941E+00  2.287971E+01
     68428  3.423697E-01  1.215313E+00 -1.738870E+00
     68429 -9.191744E-01  1.822225E+00  6.396234E+00
     68430 -2.042045E-01  2.114566E+00 -7.028701E+00
     68903 -2.114996E-01  2.476608E-01  2.442506E-01
     68904  3.699962E-01  7.288613E-01  5.256405E-01
     68905 -2.514210E-01  1.301435E+00 -1.209059E+00
     68906 -3.457670E-02  5.478997E-01 -3.422691E-01
     68907 -4.244516E-01  3.475469E-01  2.055829E-01
     68908 -7.985758E-01  1.636059E+00 -2.013910E+01
     68909 -1.067359E+00  1.434154E+00 -1.040065E+01
     68910 -1.054056E+00  1.137284E+00 -7.938195E+00
     68911 -1.399934E+00  8.793460E-01 -2.736684E+00
     68912 -3.280099E-01  7.186420E-01 -8.021159E+00
     68913  5.774137E-01  2.353620E+00 -2.455360E+01
     68914 -1.329768E-01  1.633602E+00  2.299896E+00
     68915  5.963887E-01  1.457303E+00  7.863799E+00
     68916 -2.548709E-01  9.837565E-01 -1.583365E+00
     68917  1.537846E+00  1.456311E+00 -1.342178E+01
     68918  1.737247E+00  4.889841E+00  4.148933E+01
     68919 -6.228580E-01  5.731659E+00  4.702418E+01
     68920 -2.592657E+00  3.354555E+00  3.205036E+01
     68921  2.406306E+00  3.183864E+00  2.659181E+01
     68922  5.513059E-01  2.586063E+00  2.093663E+01
     68923 -1.599399E+00  1.425593E+00  1.547901E+01
     68924  8.104978E-02  1.411119E+00  2.076581E+01
     68925  8.959346E-01  1.623425E+00  6.037039E+00
     68926 -3.212772E-01  1.096736E+00 -1.256591E+00
     68927  5.664281E-01  1.146202E+00  9.983234E+00
     68928  2.223440E-01  1.895490E+00 -6.186063E+00
     68929  1.517991E+00  1.829747E+00  1.371294E+01
     68930  1.816775E+00  2.020505E+00  1.982162E+01

 total force (fx,fy,fz) for set FEET and time  0.1000000E+01

       -2.031981E-09 -1.308731E-10  1.200000E+03

                        S T E P       2


                                INCREMENT     1


 displacements (vx,vy,vz) for set TOP and time  0.2000000E+01

     36383 -2.649914E-02  1.160467E+00 -1.049259E+00
     37151 -2.812559E-03  1.264290E+00 -1.125116E+00
     38601 -4.562280E-02  8.911295E-01 -8.576576E-01
     45010  1.622191E-02  1.229342E+00 -1.098289E+00
     47663  3.804286E-02  8.728473E-01 -8.277211E-01

 forces (fx,fy,fz) for set FEET and time  0.2000000E+01

       199 -3.870531E-01  4.804392E-01 -3.848994E+00
       203  7.466093E-01  1.087609E+01 -9.841089E+00
       204 -1.063024E-02 -5.637272E-02 -1.799701E+00
       208  6.316788E-03  1.131624E+00 -5.669831E-01
       209  3.445746E-01  3.782095E-01 -3.437506E+00
       213 -6.369772E-01  9.976940E+00 -8.958111E+00
       242  3.054683E+01  1.739910E+01  4.309523E+01
       243 -2.072116E-01  5.481723E-02  5.018797E-01
       244  9.269064E-01  1.298534E+00 -1.877217E-01
       245 -2.803292E+01  1.188837E+01  3.378866E+01
       269 -8.682339E-01  1.231789E+00 -1.880938E-01
       270  2.542823E+01  1.056563E+01  3.026235E+01
       273  1.343218E-01 -2.370018E-02  5.053985E-01
       274 -2.808427E+01  1.618972E+01  3.994315E+01
       282  9.515891E-02  1.093062E+00  5.127818E+00
       284 -1.020883E-01  9.947092E-01  4.604080E+00
       290 -8.187528E+00  6.323756E+00 -9.874207E+00
       293 -1.016700E+01  9.460324E+00  1.281020E+01
       294  1.332591E+01  1.099304E+01  1.594480E+01
       301  7.320792E+00  5.597650E+00 -8.760275E+00
       302 -1.211314E+01  1.004729E+01  1.457050E+01
       303  9.152560E+00  8.466408E+00  1.144366E+01
      3822  3.250236E+00  3.022426E+00 -2.903741E+01
      3848 -1.040765E-02 -3.322266E-01 -2.616852E+00
      3861  5.699601E-01  1.674071E+00 -4.579803E+00
      3862  8.280785E-01  1.391501E+00 -2.375693E+00
      3863  1.381208E+00  9.294902E-01 -4.892216E+00
      3864  1.110456E+00  5.851327E-01 -3.554506E+00
      3865  9.094271E-01  3.362321E-01 -2.622216E+00
      3866  7.321250E-01  1.707670E-01 -1.961644E+00
      3867  5.891520E-01  4.654121E-02 -1.526753E+00
      3868  4.577997E-01 -1.985962E-02 -1.221071E+00
      3869  3.639210E-01 -6.503870E-02 -1.043891E+00
      3870  2.726427E-01 -8.186967E-02 -9.555928E-01
      3871  2.214080E-01 -8.949817E-02 -9.550546E-01
      3872  1.705761E-01 -8.300872E-02 -9.806072E-01
      3873  1.412403E-01 -7.071010E-02 -1.032727E+00
      3874  1.205244E-01 -6.064044E-02 -1.108586E+00
      3875  1.106516E-01 -3.903021E-02 -1.153468E+00
      3876  1.052567E-01 -3.464609E-02 -1.232057E+00
      3877  9.970552E-02 -2.401873E-02 -1.281567E+00
      3878  1.009520E-01 -1.707853E-02 -1.316336E+00
      3879  1.030458E-01 -1.371424E-02 -1.337788E+00
      3880  9.370875E-02 -1.079273E-02 -1.338956E+00
      3881  9.011913E-02 -1.467842E-02 -1.348400E+00
      3882  8.609527E-02 -1.957026E-02 -1.360194E+00
      3883  6.220032E-02 -1.854591E-02 -1.355607E+00
      3884  4.497606E-02 -1.669213E-02 -1.361408E+00
      3885  2.703119E-02 -1.337744E-02 -1.373389E+00
      3886  1.069035E-02 -7.158459E-03 -1.391796E+00
      3887  3.104403E-04  2.024575E-03 -1.414010E+00
      3888 -9.605331E-03  5.689358E-03 -1.448538E+00
      3889 -5.507933E-03  1.415583E-02 -1.455384E+00
      3890 -1.653712E-01  1.748343E-01 -1.714386E+00
      3891  6.365026E+00  1.683944E+00 -2.613630E+01
      3892  5.945107E+00 -5.772210E-01 -1.683585E+01
      3893  8.192869E+00 -1.979574E+00 -1.727242E+01
      3894  7.641787E+00 -1.777974E+00 -1.302000E+01
      3895  6.976681E+00 -1.465092E+00 -9.653217E+00
      3896  6.189227E+00 -1.177416E+00 -6.952784E+00
      3897  5.388429E+00 -9.276716E-01 -4.925096E+00
      3898  4.609984E+00 -7.321283E-01 -3.349238E+00
      3899  3.905466E+00 -5.958394E-01 -2.322938E+00
      3900  3.288847E+00 -5.059549E-01 -1.572887E+00
      3901  2.777224E+00 -4.178017E-01 -1.188289E+00
      3902  2.364402E+00 -3.828869E-01 -9.677314E-01
      3903  2.039152E+00 -3.631397E-01 -9.216379E-01
      3904  1.780872E+00 -3.543663E-01 -9.758549E-01
      3905  1.606216E+00 -3.693155E-01 -1.087807E+00
      3906  1.449427E+00 -3.829560E-01 -1.221188E+00
      3907  1.352646E+00 -3.975196E-01 -1.340711E+00
      3908  1.272189E+00 -4.113324E-01 -1.438791E+00
      3909  1.198961E+00 -4.230701E-01 -1.500898E+00
      3910  1.119301E+00 -4.414782E-01 -1.508925E+00
      3911  1.025455E+00 -4.403759E-01 -1.534639E+00
      3912  9.182131E-01 -4.393602E-01 -1.552753E+00
      3913  7.993990E-01 -4.549360E-01 -1.524628E+00
      3914  6.620460E-01 -4.616380E-01 -1.540139E+00
      3915  5.186994E-01 -4.701475E-01 -1.583789E+00
      3916  3.795309E-01 -4.808817E-01 -1.659308E+00
      3917  2.565080E-01 -4.888438E-01 -1.759455E+00
      3918  1.477617E-01 -4.939689E-01 -1.870412E+00
      3919  8.215804E-02 -5.185514E-01 -1.985590E+00
      3920  3.766293E-02 -5.416145E-01 -2.045290E+00
      3921  7.707637E-02 -5.773705E-01 -2.417758E+00
      4105  7.077163E-01  1.070606E+01 -5.294463E+00
      4106 -1.309245E-01  8.734077E+00 -3.100040E+00
      4107 -9.713060E-02  6.310164E+00 -1.902800E+00
      4108 -1.097526E-01  4.647392E+00 -1.254613E+00
      4109 -1.050043E-01  3.480817E+00 -8.342632E-01
      4110 -1.472820E-01  2.609808E+00 -5.174802E-01
      4111 -1.088312E-01  1.967430E+00 -2.921796E-01
      4112 -8.303037E-02  1.547186E+00 -1.368887E-01
      4113 -7.228467E-02  1.289405E+00 -2.413828E-02
      4114 -7.224772E-02  1.157630E+00  3.887389E-02
      4115 -6.132397E-02  1.099320E+00  5.129631E-02
      4116 -4.988967E-02  1.120721E+00  4.583478E-02
      4117 -4.712215E-02  1.165878E+00  2.952312E-02
      4118 -4.322336E-02  1.239694E+00  1.346369E-02
      4119 -4.202042E-02  1.297579E+00 -6.693830E-03
      4120 -3.551213E-02  1.378309E+00 -2.778508E-02
      4121 -3.010966E-02  1.438377E+00 -4.257381E-02
      4122 -2.771392E-02  1.480393E+00 -5.197999E-02
      4123 -3.285205E-02  1.508889E+00 -6.476304E-02
      4124 -2.291383E-02  1.516756E+00 -5.957320E-02
      4125 -1.531744E-02  1.509343E+00 -3.944462E-02
      4126 -2.365879E-02  1.513559E+00 -3.860201E-02
      4127 -1.346738E-02  1.528466E+00 -4.010172E-02
      4128 -9.846363E-03  1.533323E+00 -4.500026E-02
      4129 -5.750577E-03  1.549658E+00 -5.066431E-02
      4130 -3.527044E-03  1.574747E+00 -6.151031E-02
      4131 -9.446723E-04  1.604649E+00 -7.907080E-02
      4132  2.713715E-03  1.654190E+00 -8.594007E-02
      4133  1.161972E-02  1.715051E+00 -8.333761E-02
      4134 -1.143989E-01  1.461045E+00 -3.240240E-01
      4135  3.412455E+00  1.752018E+01 -2.596293E+01
      4136  3.013984E+00  1.460387E+01 -1.739883E+01
      4137  2.382415E+00  1.023863E+01 -1.175497E+01
      4138  2.056436E+00  7.341551E+00 -8.503538E+00
      4139  1.787218E+00  5.254119E+00 -6.138578E+00
      4140  1.543913E+00  3.842043E+00 -4.412026E+00
      4141  1.290840E+00  2.717610E+00 -3.089858E+00
      4142  1.086971E+00  2.076706E+00 -2.238564E+00
      4143  8.886092E-01  1.469911E+00 -1.602293E+00
      4144  7.219885E-01  1.161719E+00 -1.265619E+00
      4145  5.958808E-01  1.035489E+00 -1.068173E+00
      4146  4.630825E-01  9.873324E-01 -1.044223E+00
      4147  3.849886E-01  1.011799E+00 -1.089321E+00
      4148  3.282075E-01  1.078519E+00 -1.188506E+00
      4149  3.157388E-01  1.186645E+00 -1.299975E+00
      4150  2.638370E-01  1.264933E+00 -1.406984E+00
      4151  2.427090E-01  1.350101E+00 -1.508137E+00
      4152  2.301858E-01  1.412634E+00 -1.585758E+00
      4153  2.169220E-01  1.451769E+00 -1.635282E+00
      4154  2.312863E-01  1.474587E+00 -1.691999E+00
      4155  2.466500E-01  1.474286E+00 -1.679435E+00
      4156  1.948334E-01  1.474035E+00 -1.634388E+00
      4157  1.355218E-01  1.470479E+00 -1.654824E+00
      4158  1.027444E-01  1.472049E+00 -1.664296E+00
      4159  6.996103E-02  1.489153E+00 -1.686479E+00
      4160  3.613841E-02  1.521226E+00 -1.725425E+00
      4161  7.275214E-03  1.562931E+00 -1.785547E+00
      4162 -1.705385E-02  1.609589E+00 -1.853819E+00
      4163 -3.228273E-03  1.677441E+00 -1.905860E+00
      4164 -2.057587E-02  1.706450E+00 -1.905759E+00
      4165 -9.146206E-03  1.445927E+00 -2.169331E+00
      4179 -3.005535E+00  2.718733E+00 -2.612022E+01
      4192  4.327767E-02  2.993145E-02 -1.516736E+00
      4193 -1.248633E-02  1.254102E-03 -1.464168E+00
      4194 -4.904621E-03 -6.760210E-03 -1.460464E+00
      4195 -2.202703E-02 -1.172147E-02 -1.429924E+00
      4196 -3.312210E-02 -3.243266E-02 -1.431392E+00
      4197 -2.651297E-02 -3.266291E-02 -1.397627E+00
      4198 -5.724515E-02 -3.376196E-02 -1.374184E+00
      4199 -6.739988E-02 -2.525548E-02 -1.328431E+00
      4200 -8.997164E-02 -2.841177E-02 -1.329984E+00
      4201 -1.094431E-01 -2.920116E-02 -1.316512E+00
      4202 -1.214796E-01 -2.884558E-02 -1.307004E+00
      4203 -1.316688E-01 -3.170712E-02 -1.291650E+00
      4204 -1.391893E-01 -3.205567E-02 -1.270814E+00
      4205 -1.448041E-01 -3.329605E-02 -1.242577E+00
      4206 -1.491192E-01 -3.537466E-02 -1.203109E+00
      4207 -1.538030E-01 -4.153442E-02 -1.156262E+00
      4208 -1.618039E-01 -4.801404E-02 -1.098689E+00
      4209 -1.745072E-01 -5.765834E-02 -1.040005E+00
      4210 -1.954565E-01 -6.530321E-02 -9.832677E-01
      4211 -2.369088E-01 -6.889854E-02 -9.399451E-01
      4212 -2.857829E-01 -6.589109E-02 -9.429037E-01
      4213 -3.527308E-01 -4.907216E-02 -1.003133E+00
      4214 -4.526164E-01 -1.200845E-02 -1.139072E+00
      4215 -5.692895E-01  5.498232E-02 -1.393451E+00
      4216 -7.084722E-01  1.592034E-01 -1.796917E+00
      4217 -8.693574E-01  3.139230E-01 -2.388282E+00
      4218 -1.056268E+00  5.421704E-01 -3.226207E+00
      4219 -1.297963E+00  8.650201E-01 -4.432978E+00
      4220 -7.851136E-01  1.279793E+00 -2.137917E+00
      4221 -5.328857E-01  1.519349E+00 -4.171953E+00
      4222 -7.298970E-02 -5.189004E-01 -2.308080E+00
      4223 -6.756387E-02 -5.727665E-01 -2.056853E+00
      4224 -1.160291E-01 -5.514264E-01 -2.017813E+00
      4225 -1.788180E-01 -5.339427E-01 -1.877652E+00
      4226 -2.826038E-01 -5.117930E-01 -1.759179E+00
      4227 -3.899146E-01 -4.931831E-01 -1.628747E+00
      4228 -5.418962E-01 -4.936036E-01 -1.511049E+00
      4229 -6.689887E-01 -4.514204E-01 -1.478345E+00
      4230 -8.349126E-01 -4.399086E-01 -1.400507E+00
      4231 -9.765838E-01 -4.301635E-01 -1.366316E+00
      4232 -1.117045E+00 -4.170365E-01 -1.349589E+00
      4233 -1.248397E+00 -4.146237E-01 -1.342062E+00
      4234 -1.367842E+00 -4.076303E-01 -1.334605E+00
      4235 -1.479524E+00 -3.973034E-01 -1.319893E+00
      4236 -1.585018E+00 -3.844957E-01 -1.289151E+00
      4237 -1.695787E+00 -3.742971E-01 -1.243745E+00
      4238 -1.819362E+00 -3.626158E-01 -1.181744E+00
      4239 -1.978292E+00 -3.556712E-01 -1.122933E+00
      4240 -2.184628E+00 -3.577178E-01 -1.089324E+00
      4241 -2.463311E+00 -3.779061E-01 -1.107000E+00
      4242 -2.827890E+00 -4.045588E-01 -1.282285E+00
      4243 -3.281964E+00 -4.553372E-01 -1.644106E+00
      4244 -3.831238E+00 -5.473404E-01 -2.229356E+00
      4245 -4.476876E+00 -6.741538E-01 -3.169971E+00
      4246 -5.192744E+00 -8.434635E-01 -4.528703E+00
      4247 -5.937460E+00 -1.061273E+00 -6.380922E+00
      4248 -6.651326E+00 -1.322763E+00 -8.795450E+00
      4249 -7.261932E+00 -1.594894E+00 -1.184129E+01
      4250 -7.748095E+00 -1.719415E+00 -1.565381E+01
      4251 -5.570648E+00 -4.938504E-01 -1.524186E+01
      4252 -5.906218E+00  1.611364E+00 -2.358111E+01
      4436 -1.573307E-02  1.630396E+00 -5.205885E-02
      4437  4.584795E-04  1.756061E+00 -3.548795E-02
      4438  1.603308E-02  1.711527E+00 -3.561561E-02
      4439  2.013909E-02  1.680148E+00 -3.567379E-02
      4440  2.015965E-02  1.661891E+00 -2.300693E-02
      4441  3.138310E-02  1.612781E+00 -3.124418E-02
      4442  1.860297E-02  1.564438E+00 -6.559192E-03
      4443  1.447716E-02  1.492002E+00 -1.654355E-02
      4444  3.061097E-02  1.483267E+00 -3.567832E-02
      4445  3.383386E-02  1.470325E+00 -3.103801E-02
      4446  4.415689E-02  1.459377E+00 -3.798467E-02
      4447  4.690317E-02  1.454015E+00 -2.661743E-02
      4448  4.981151E-02  1.431951E+00 -2.843707E-02
      4449  5.172536E-02  1.398944E+00 -2.915571E-02
      4450  5.485746E-02  1.353963E+00 -2.834732E-02
      4451  5.663153E-02  1.301370E+00 -1.988223E-02
      4452  5.798348E-02  1.236973E+00 -1.303102E-02
      4453  6.252835E-02  1.174277E+00 -1.696786E-03
      4454  6.049609E-02  1.126648E+00  8.409942E-04
      4455  7.302299E-02  1.100914E+00  7.960414E-03
      4456  8.018434E-02  1.114039E+00  2.633949E-03
      4457  8.389211E-02  1.213866E+00 -5.472961E-02
      4458  1.002895E-01  1.429790E+00 -1.442449E-01
      4459  1.153068E-01  1.778727E+00 -2.843877E-01
      4460  1.335359E-01  2.314191E+00 -4.898735E-01
      4461  1.524735E-01  3.072943E+00 -7.794432E-01
      4462  1.676501E-01  4.104710E+00 -1.183759E+00
      4463  1.785234E-01  5.532028E+00 -1.770574E+00
      4464  1.339879E-01  7.699920E+00 -2.810702E+00
      4465 -5.378736E-01  9.534766E+00 -4.746936E+00
      4466  1.150386E-02  1.475335E+00 -2.136582E+00
      4467  1.788200E-02  1.687874E+00 -1.862109E+00
      4468 -3.077553E-02  1.757176E+00 -1.778022E+00
      4469 -8.762431E-02  1.671434E+00 -1.755271E+00
      4470 -1.101923E-01  1.601195E+00 -1.719260E+00
      4471 -1.141459E-01  1.682539E+00 -1.621304E+00
      4472 -1.292729E-01  1.500692E+00 -1.630948E+00
      4473 -1.336195E-01  1.470802E+00 -1.565605E+00
      4474 -2.244000E-01  1.416128E+00 -1.588353E+00
      4475 -2.580976E-01  1.406204E+00 -1.570911E+00
      4476 -2.846169E-01  1.391615E+00 -1.568152E+00
      4477 -3.126271E-01  1.394104E+00 -1.536752E+00
      4478 -3.388549E-01  1.376719E+00 -1.516982E+00
      4479 -3.608067E-01  1.352392E+00 -1.492979E+00
      4480 -3.790775E-01  1.314388E+00 -1.457818E+00
      4481 -3.984653E-01  1.262953E+00 -1.402256E+00
      4482 -4.211820E-01  1.198511E+00 -1.332118E+00
      4483 -4.516447E-01  1.128156E+00 -1.256417E+00
      4484 -4.963275E-01  1.064268E+00 -1.180701E+00
      4485 -5.369435E-01  1.029423E+00 -1.162557E+00
      4486 -5.985732E-01  1.041895E+00 -1.172024E+00
      4487 -7.334523E-01  1.147585E+00 -1.277314E+00
      4488 -9.008137E-01  1.379083E+00 -1.588202E+00
      4489 -1.075460E+00  1.782766E+00 -2.100469E+00
      4490 -1.275534E+00  2.415464E+00 -2.891928E+00
      4491 -1.497471E+00  3.333166E+00 -4.031155E+00
      4492 -1.734258E+00  4.584454E+00 -5.604335E+00
      4493 -1.986784E+00  6.278675E+00 -7.748463E+00
      4494 -2.259012E+00  8.727113E+00 -1.076443E+01
      4495 -2.773044E+00  1.314578E+01 -1.582869E+01
      4496 -3.147729E+00  1.619486E+01 -2.351965E+01
      5212  1.955355E+00 -3.348002E+00  2.617958E+00
      5213  9.661588E+00 -1.874209E+00  6.286979E+00
      5214  1.646186E+01 -2.063628E-02  1.167543E+01
      5215  2.542049E+01  1.009076E+00  1.427092E+01
      5216 -3.153085E+00  8.201117E-01 -7.595892E+00
      5217  3.112598E+00 -4.656577E+00  5.611379E+00
      5218  1.458680E+01 -8.412604E+00  2.706382E+01
      5219  2.815891E+01 -1.108410E+01  5.425795E+01
      5220  4.716418E+01 -1.311447E+01  9.545189E+01
      5373 -1.137242E+00  3.568318E+00 -6.882253E+00
      5374 -5.868181E+00  3.341077E+01  1.735849E+02
      5375  5.696848E+00 -1.956679E+00 -5.708255E+00
      5376  2.401768E+00 -7.631848E-01 -5.276580E+00
      5377 -4.756728E+00 -1.878252E+00 -9.715173E-01
      5378 -1.635846E+01 -1.173196E+00  3.478077E+00
      5379  6.682654E+00  4.070272E+00 -1.666789E+01
      5380  6.706192E+00 -3.108670E+00 -1.275200E+01
      5381 -2.470750E+00 -7.621739E+00  4.854447E+00
      5382 -1.756311E+01 -1.116097E+01  3.283594E+01
      5383 -4.134692E+01 -1.468794E+01  8.023110E+01
      6119 -5.486492E+00 -1.776921E+00 -5.663670E+00
      6120 -2.690223E+00 -7.152319E-01 -5.465953E+00
      6121  3.667734E+00 -1.745178E+00 -1.478276E+00
      6122  1.429309E+01 -1.206566E+00  2.591511E+00
      6123 -6.195088E+00  3.826023E+00 -1.547666E+01
      6124 -6.541599E+00 -2.793400E+00 -1.242299E+01
      6125  1.700281E+00 -6.940410E+00  3.400045E+00
      6126  1.543687E+01 -1.020005E+01  2.887529E+01
      6127  3.725398E+01 -1.349067E+01  7.228794E+01
      6289  1.159354E+00  3.166191E+00 -6.132580E+00
      6290  5.902742E+00  3.048954E+01  1.585233E+02
      6291 -2.272777E+00 -3.106812E+00  2.790852E+00
      6292 -9.544477E+00 -1.708398E+00  6.328721E+00
      6293 -1.565616E+01  1.096774E-02  1.141032E+01
      6294 -2.375108E+01  9.925650E-01  1.372237E+01
      6295  2.662384E+00  5.385552E-01 -6.372950E+00
      6296 -3.422468E+00 -4.383652E+00  6.179467E+00
      6297 -1.401110E+01 -7.770367E+00  2.600113E+01
      6298 -2.641827E+01 -1.018302E+01  5.090283E+01
      6299 -4.362295E+01 -1.194679E+01  8.824791E+01
      6928  4.062650E+00  2.089320E+00 -1.335860E+01
      6933 -3.807889E+00  1.986786E+00 -1.198620E+01
      6935 -1.810824E-01  5.225566E+00  7.434469E+00
      6936 -1.022405E+00  4.000170E+00  7.634201E+00
      6937 -5.886399E-01  2.698055E+00  5.128159E+00
      6938 -2.352726E-01  1.871354E+00  3.573856E+00
      6939 -4.958889E-02  1.346945E+00  2.598095E+00
      6940  5.662726E-02  1.044091E+00  1.984878E+00
      6941  1.166727E-01  8.656420E-01  1.631140E+00
      6942  1.343641E-01  7.701723E-01  1.413223E+00
      6943  1.580545E-01  7.386123E-01  1.347776E+00
      6944  1.599249E-01  7.800337E-01  1.371820E+00
      6945  1.526448E-01  8.274248E-01  1.452214E+00
      6946  1.407228E-01  8.921333E-01  1.554173E+00
      6947  1.291165E-01  9.641402E-01  1.671673E+00
      6948  1.186632E-01  1.025030E+00  1.779700E+00
      6949  9.942328E-02  1.081799E+00  1.874220E+00
      6950  8.872825E-02  1.132701E+00  1.963630E+00
      6951  7.587491E-02  1.169618E+00  2.026894E+00
      6952  6.488928E-02  1.194160E+00  2.068421E+00
      6953  5.704080E-02  1.202757E+00  2.092379E+00
      6954  5.049076E-02  1.218172E+00  2.103347E+00
      6955  4.183311E-02  1.229450E+00  2.107527E+00
      6956  3.358929E-02  1.223926E+00  2.107121E+00
      6957  2.782598E-02  1.226456E+00  2.105539E+00
      6958  2.238434E-02  1.230848E+00  2.109257E+00
      6959  1.733661E-02  1.236933E+00  2.117929E+00
      6960  1.369098E-02  1.246192E+00  2.133829E+00
      6961  1.060314E-02  1.259588E+00  2.158703E+00
      6962  8.803046E-03  1.269901E+00  2.178431E+00
      6963  7.856558E-03  1.259762E+00  2.172889E+00
      6964  6.558945E-03  1.357768E+00  2.208222E+00
      6965 -8.504019E-03  1.343186E+00  2.203830E+00
      6966 -7.700920E-03  1.258436E+00  2.180516E+00
      6967 -1.103962E-02  1.277676E+00  2.184157E+00
      6968 -1.847715E-02  1.262832E+00  2.170087E+00
      6969 -1.764411E-02  1.260837E+00  2.161134E+00
      6970 -2.823663E-02  1.276152E+00  2.172422E+00
      6971 -3.816747E-02  1.236245E+00  2.134331E+00
      6972 -3.570320E-02  1.232867E+00  2.104425E+00
      6973 -4.819319E-02  1.216035E+00  2.092794E+00
      6974 -5.743789E-02  1.210621E+00  2.088220E+00
      6975 -6.650678E-02  1.201814E+00  2.074052E+00
      6976 -7.567211E-02  1.185993E+00  2.053469E+00
      6977 -8.516446E-02  1.164777E+00  2.021595E+00
      6978 -9.525744E-02  1.137671E+00  1.978616E+00
      6979 -1.065051E-01  1.103297E+00  1.921247E+00
      6980 -1.176524E-01  1.058328E+00  1.844399E+00
      6981 -1.301968E-01  1.005502E+00  1.754999E+00
      6982 -1.430486E-01  9.438192E-01  1.648136E+00
      6983 -1.553058E-01  8.760769E-01  1.535092E+00
      6984 -1.643964E-01  8.031510E-01  1.426355E+00
      6985 -1.690338E-01  7.497832E-01  1.338125E+00
      6986 -1.678556E-01  7.192275E-01  1.296670E+00
      6987 -1.554136E-01  7.189261E-01  1.335041E+00
      6988 -1.254980E-01  7.863015E-01  1.492689E+00
      6989 -7.174843E-02  9.435961E-01  1.817724E+00
      6990  2.045913E-02  1.226265E+00  2.371327E+00
      6991  1.882302E-01  1.688119E+00  3.249808E+00
      6992  5.085716E-01  2.431884E+00  4.654468E+00
      6993  9.027902E-01  3.609320E+00  6.927514E+00
      6994  1.487043E-01  4.712251E+00  6.723568E+00
      6995  1.868351E+00  5.148392E+00  1.094788E+01
      6996  8.959163E-01  4.257322E+00  1.002799E+01
      6997  3.004501E+00  1.999951E+00  8.829166E+00
      6998  3.535741E+00  1.048195E+00  5.685540E+00
      6999  3.619849E+00  6.764260E-01  4.058470E+00
      7000  3.449810E+00  5.779361E-01  3.261115E+00
      7001  3.159571E+00  6.111906E-01  2.942840E+00
      7002  2.792871E+00  7.241943E-01  2.896396E+00
      7003  2.474767E+00  8.383506E-01  2.979084E+00
      7004  2.168887E+00  1.001756E+00  3.237726E+00
      7005  1.890896E+00  1.145912E+00  3.532075E+00
      7006  1.651790E+00  1.281300E+00  3.839844E+00
      7007  1.458482E+00  1.395401E+00  4.129561E+00
      7008  1.289535E+00  1.485011E+00  4.381032E+00
      7009  1.159143E+00  1.563535E+00  4.597409E+00
      7010  1.063867E+00  1.610548E+00  4.765614E+00
      7011  9.727466E-01  1.657202E+00  4.915171E+00
      7012  8.956497E-01  1.686848E+00  5.015391E+00
      7013  8.252078E-01  1.703974E+00  5.080851E+00
      7014  7.554385E-01  1.720689E+00  5.129800E+00
      7015  6.800256E-01  1.726201E+00  5.154884E+00
      7016  5.961225E-01  1.722001E+00  5.159468E+00
      7017  5.057791E-01  1.719218E+00  5.159395E+00
      7018  4.138351E-01  1.710597E+00  5.150243E+00
      7019  3.221118E-01  1.698482E+00  5.137323E+00
      7020  2.387276E-01  1.685335E+00  5.123929E+00
      7021  1.682788E-01  1.675503E+00  5.121724E+00
      7022  9.857330E-02  1.662870E+00  5.115943E+00
      7023  4.002454E-02  1.651871E+00  5.098339E+00
      7024  3.122431E-02  1.645986E+00  5.115686E+00
      7025 -1.509360E-02  1.700971E+00  5.061896E+00
      7026 -6.274507E-02  1.648791E+00  5.111485E+00
      7027 -6.774867E-02  1.656863E+00  5.111539E+00
      7028 -1.199701E-01  1.672790E+00  5.145442E+00
      7029 -1.755997E-01  1.694585E+00  5.182384E+00
      7030 -2.382889E-01  1.724694E+00  5.253771E+00
      7031 -3.659082E-01  1.740825E+00  5.271317E+00
      7032 -4.549561E-01  1.734806E+00  5.216130E+00
      7033 -5.455086E-01  1.753152E+00  5.209800E+00
      7034 -6.394478E-01  1.748921E+00  5.194966E+00
      7035 -7.453070E-01  1.748068E+00  5.179741E+00
      7036 -8.468897E-01  1.733948E+00  5.134566E+00
      7037 -9.439887E-01  1.711763E+00  5.064684E+00
      7038 -1.035732E+00  1.679158E+00  4.965770E+00
      7039 -1.125545E+00  1.636519E+00  4.838384E+00
      7040 -1.219417E+00  1.581149E+00  4.675283E+00
      7041 -1.316645E+00  1.512918E+00  4.478859E+00
      7042 -1.433230E+00  1.431120E+00  4.247130E+00
      7043 -1.570809E+00  1.330960E+00  3.978731E+00
      7044 -1.740451E+00  1.215137E+00  3.681927E+00
      7045 -1.947463E+00  1.084044E+00  3.370372E+00
      7046 -2.189653E+00  9.385633E-01  3.065056E+00
      7047 -2.465968E+00  7.900253E-01  2.806540E+00
      7048 -2.767182E+00  6.553128E-01  2.652226E+00
      7049 -3.071265E+00  5.549133E-01  2.671417E+00
      7050 -3.341074E+00  5.212415E-01  2.963300E+00
      7051 -3.505788E+00  6.095756E-01  3.681209E+00
      7052 -3.429019E+00  9.427220E-01  5.137265E+00
      7053 -2.942519E+00  1.814579E+00  7.984236E+00
      7054 -9.320524E-01  3.863004E+00  9.078215E+00
      7055 -1.806963E+00  4.654987E+00  9.872087E+00
      7429 -1.842510E-01  2.082925E+01 -4.940627E+01
      7458 -5.036394E-01  3.531234E+01  8.807525E+01
      7476 -6.804132E+00 -5.028949E-01  4.289257E+00
      7477 -3.058189E+00 -4.243839E-01  2.345927E+00
      7478 -1.931025E+01  3.732281E+00  4.611614E+01
      7479 -1.005403E+01  1.514393E+00  2.382833E+01
      7480 -3.191928E+00  1.085094E+00  7.598044E+00
      7481  1.055973E+01 -1.421420E-01  5.221723E+00
      7482  4.130809E+00 -4.850175E-01  1.428091E+00
      7483 -3.249323E+00 -5.809321E-01 -1.921792E+00
      7484  2.492294E+01  3.657440E+00  5.861809E+01
      7485  1.168470E+01  7.829643E-01  2.802080E+01
      7486 -1.173660E-01  4.819994E-01  1.530552E+00
      7487 -1.201717E+01  1.238872E+00 -2.840027E+01
      7527  1.768097E-01  1.865306E+01 -4.421141E+01
      7556  4.992641E-01  3.192221E+01  7.962383E+01
      7574 -9.743246E+00 -1.199984E-01  4.919447E+00
      7575 -3.936431E+00 -4.339154E-01  1.476869E+00
      7576  2.753309E+00 -5.274902E-01 -1.546472E+00
      7577 -2.278635E+01  3.310563E+00  5.357240E+01
      7578 -1.082855E+01  6.744340E-01  2.593900E+01
      7579 -1.516003E-01  4.141072E-01  1.981611E+00
      7580  1.057806E+01  1.116646E+00 -2.503812E+01
      7581  6.021249E+00 -4.603954E-01  3.741269E+00
      7582  2.634369E+00 -3.870477E-01  1.960744E+00
      7583  1.721753E+01  3.380955E+00  4.126946E+01
      7584  8.876137E+00  1.395331E+00  2.117623E+01
      7585  2.802970E+00  1.000265E+00  6.630074E+00
     50816  8.366063E-03  1.401155E-01 -1.520377E-02
     50817  1.508742E-02  2.198566E-01 -5.446494E-02
     50818 -6.964156E-04  2.234330E-01 -5.269038E-02
     50819  1.389603E-02  2.389843E-01 -5.385090E-02
     50820  9.232038E-03  2.475175E-01 -5.373128E-02
     50821  8.135011E-03  2.893534E-01 -6.274747E-02
     50822 -1.705891E-02  1.917205E-01  6.542258E-02
     50823  9.237511E-03  2.486840E-01 -5.443568E-02
     50824 -4.381321E-03  2.465026E-01 -5.121432E-02
     50825  1.301262E-02  2.426919E-01 -5.385118E-02
     50826  1.243522E-02  2.447079E-01 -5.359562E-02
     50827  1.468836E-02  2.704751E-01 -7.061441E-02
     50828  1.473294E-02  1.337535E-01  4.193602E-02
     50829  1.595232E-02  2.364842E-01 -5.522289E-02
     50830  8.547721E-03  2.245261E-01 -4.094462E-02
     50831  4.932851E-02  6.997315E-01  1.806246E-01
     50832  2.184525E-02  1.346758E-01  1.897400E-01
     50833  1.732405E-02  1.749923E-01  9.035089E-02
     50834  1.957494E-02  1.296953E-01  7.257853E-02
     50835  1.341412E-02  1.304965E-01  2.231428E-02
     50836  1.550205E-02  1.995056E-01 -4.285685E-02
     50837  2.138754E-02  2.217488E-01 -6.384328E-02
     50838  1.351679E-02  2.407019E-01 -5.407413E-02
     50839  8.901694E-03  2.434520E-01 -5.051870E-02
     50840  8.179675E-03  2.411971E-01 -4.880216E-02
     50841  1.344233E-02  2.214472E-01 -5.354743E-02
     50842  1.011345E-02  2.525688E-01 -5.579207E-02
     50843  1.845283E-02  1.732270E-01 -1.943045E-02
     50844  2.207812E-02  1.938326E-01 -4.672013E-02
     50845  1.600646E-02  2.147873E-01 -5.430629E-02
     50846  9.215207E-03  2.471106E-01 -5.277662E-02
     50847  4.632130E+00 -3.880148E-01 -2.992694E+01
     50848  4.065459E+00  2.192714E+00 -2.388630E+01
     50849  4.777754E+00  4.118338E-01 -2.140597E+01
     50850  5.814643E+00  8.510114E-01 -2.771673E+01
     50851  6.386472E-02 -3.676346E-01 -2.096113E+00
     50852 -6.770793E-03 -1.528537E-01 -2.914258E+00
     50853 -1.214131E-01 -2.860693E-01 -2.095861E+00
     50854  2.454671E-02 -1.702080E-01 -2.952322E+00
     50855  4.770507E+00 -7.783326E-01 -1.721309E+01
     50856  4.323692E+00 -1.233739E+00 -1.507963E+01
     50857  5.297238E+00 -1.622154E+00 -2.152425E+01
     50858  5.091632E+00 -2.457439E+00 -2.102157E+01
     50859  4.244592E+00 -1.097217E+00 -1.257058E+01
     50860  3.851057E+00 -1.160713E+00 -1.115292E+01
     50861  5.014263E+00 -2.226017E+00 -1.565426E+01
     50862  5.575319E+00 -1.270942E+00 -1.938418E+01
     50863  4.615164E+00 -1.823081E+00 -1.553687E+01
     50864  3.817995E+00 -1.022433E+00 -9.401097E+00
     50865  3.462104E+00 -9.834186E-01 -8.294503E+00
     50866  4.325155E+00 -1.786674E+00 -1.156425E+01
     50867  4.811426E+00 -1.212978E+00 -1.426435E+01
     50868  4.110348E+00 -1.312248E+00 -1.152592E+01
     50869  3.389535E+00 -8.318699E-01 -6.988041E+00
     50870  3.078451E+00 -7.897652E-01 -6.128479E+00
     50871  3.778722E+00 -1.455839E+00 -8.575527E+00
     50872  3.652005E+00 -9.215761E-01 -8.581980E+00
     50873  4.154198E+00 -8.621692E-01 -1.053910E+01
     50874  2.961790E+00 -6.989706E-01 -5.143021E+00
     50875  2.668767E+00 -6.854564E-01 -4.537728E+00
     50876  3.261526E+00 -1.196457E+00 -6.333884E+00
     50877  3.586168E+00 -6.160546E-01 -7.780169E+00
     50878  3.222245E+00 -7.171272E-01 -6.339154E+00
     50879  2.534436E+00 -5.539255E-01 -3.732661E+00
     50880  2.296467E+00 -5.369448E-01 -3.299519E+00
     50881  2.842270E+00 -9.943331E-01 -4.644908E+00
     50882  3.048034E+00 -4.038004E-01 -5.776557E+00
     50883  2.733258E+00 -5.706347E-01 -4.703595E+00
     50884  2.158725E+00 -4.860566E-01 -2.768834E+00
     50885  1.929535E+00 -4.736555E-01 -2.466640E+00
     50886  2.347516E+00 -8.600549E-01 -3.429306E+00
     50887  2.361041E+00 -3.978137E-01 -3.546590E+00
     50888  2.577988E+00 -3.841787E-01 -4.267869E+00
     50889  1.798932E+00 -4.246226E-01 -2.066803E+00
     50890  1.630775E+00 -4.128331E-01 -1.866281E+00
     50891  1.991254E+00 -7.778191E-01 -2.579688E+00
     50892  2.101921E+00 -2.484479E-01 -3.249501E+00
     50893  1.931698E+00 -3.633822E-01 -2.749222E+00
     50894  1.507806E+00 -4.143873E-01 -1.675147E+00
     50895  1.352350E+00 -4.096599E-01 -1.579485E+00
     50896  1.597568E+00 -7.539884E-01 -2.053322E+00
     50897  1.673214E+00 -2.021270E-01 -2.308656E+00
     50898  1.767201E+00 -2.929174E-01 -2.533853E+00
     50899  1.256991E+00 -3.814652E-01 -1.407069E+00
     50900  1.141115E+00 -3.693209E-01 -1.364921E+00
     50901  1.378687E+00 -7.451130E-01 -1.743639E+00
     50902  1.391485E+00 -1.709016E-01 -2.190473E+00
     50903  1.350384E+00 -2.885708E-01 -2.033041E+00
     50904  1.065777E+00 -3.816407E-01 -1.363014E+00
     50905  9.659816E-01 -3.665666E-01 -1.319329E+00
     50906  1.092585E+00 -7.421252E-01 -1.614454E+00
     50907  1.194224E+00 -2.825432E-01 -1.964229E+00
     50908  1.197601E+00 -1.370523E-01 -2.025889E+00
     50909  9.156273E-01 -3.872251E-01 -1.376293E+00
     50910  8.302298E-01 -3.715651E-01 -1.358515E+00
     50911  9.163530E-01 -7.731933E-01 -1.608920E+00
     50912  1.037012E+00 -1.332655E-01 -2.064470E+00
     50913  9.842011E-01 -3.065467E-01 -1.901934E+00
     50914  8.003337E-01 -3.937236E-01 -1.445158E+00
     50915  7.195700E-01 -3.824641E-01 -1.456925E+00
     50916  7.863845E-01 -7.965488E-01 -1.674830E+00
     50917  8.323700E-01 -3.174415E-01 -1.966731E+00
     50918  9.158046E-01 -1.397166E-01 -2.164456E+00
     50919  7.205094E-01 -4.053746E-01 -1.557316E+00
     50920  6.547253E-01 -3.854100E-01 -1.541381E+00
     50921  6.906826E-01 -8.296118E-01 -1.789929E+00
     50922  8.236089E-01 -1.793661E-01 -2.314614E+00
     50923  7.103215E-01 -3.177738E-01 -2.096078E+00
     50924  6.524448E-01 -4.240249E-01 -1.669012E+00
     50925  5.931865E-01 -4.043842E-01 -1.665706E+00
     50926  6.078083E-01 -8.429126E-01 -1.899771E+00
     50927  6.471228E-01 -3.257145E-01 -2.230974E+00
     50928  7.628283E-01 -1.646684E-01 -2.462912E+00
     50929  6.106560E-01 -4.278492E-01 -1.771404E+00
     50930  5.545006E-01 -4.165310E-01 -1.762216E+00
     50931  5.693151E-01 -8.754405E-01 -2.033494E+00
     50932  7.208748E-01 -1.802299E-01 -2.600038E+00
     50933  5.811908E-01 -3.463166E-01 -2.384988E+00
     50934  5.783788E-01 -4.366385E-01 -1.856794E+00
     50935  5.239847E-01 -4.268550E-01 -1.835087E+00
     50936  5.356567E-01 -9.015698E-01 -2.139810E+00
     50937  5.396689E-01 -3.586005E-01 -2.517013E+00
     50938  6.888960E-01 -1.924186E-01 -2.707719E+00
     50939  5.503549E-01 -4.439561E-01 -1.914076E+00
     50940  4.946019E-01 -4.357678E-01 -1.881360E+00
     50941  5.099125E-01 -9.179297E-01 -2.213543E+00
     50942  5.110508E-01 -3.640002E-01 -2.615448E+00
     50943  6.625514E-01 -1.999120E-01 -2.780572E+00
     50944  5.214767E-01 -4.482101E-01 -1.937551E+00
     50945  4.544318E-01 -4.589777E-01 -1.958566E+00
     50946  4.847698E-01 -9.355362E-01 -2.258091E+00
     50947  4.843761E-01 -3.712049E-01 -2.677681E+00
     50948  6.374044E-01 -2.180572E-01 -2.789031E+00
     50949  4.827574E-01 -4.483368E-01 -1.909291E+00
     50950  4.132554E-01 -4.608036E-01 -1.970557E+00
     50951  5.113563E-01 -9.457706E-01 -2.271628E+00
     50952  3.933722E-01 -2.427825E-01 -2.791299E+00
     50953  5.438391E-01 -3.488419E-01 -2.732568E+00
     50954  4.349134E-01 -4.561609E-01 -1.918094E+00
     50955  3.725161E-01 -4.520154E-01 -1.915990E+00
     50956  4.685893E-01 -9.345083E-01 -2.273611E+00
     50957  4.899020E-01 -3.495056E-01 -2.768184E+00
     50958  3.558525E-01 -2.173469E-01 -2.832222E+00
     50959  3.860951E-01 -4.614818E-01 -1.962755E+00
     50960  3.174678E-01 -4.572102E-01 -1.913568E+00
     50961  3.563737E-01 -9.404426E-01 -2.281623E+00
     50962  3.719678E-01 -3.624798E-01 -2.754797E+00
     50963  4.930924E-01 -2.117786E-01 -2.842574E+00
     50964  3.266524E-01 -4.642021E-01 -1.970101E+00
     50965  2.553085E-01 -4.587347E-01 -1.925135E+00
     50966  2.977941E-01 -9.608043E-01 -2.291733E+00
     50967  4.290611E-01 -2.080159E-01 -2.848590E+00
     50968  2.993314E-01 -3.737981E-01 -2.729436E+00
     50969  2.629806E-01 -4.653679E-01 -1.989867E+00
     50970  1.913620E-01 -4.611650E-01 -1.953274E+00
     50971  2.331285E-01 -9.618640E-01 -2.308020E+00
     50972  3.586784E-01 -2.107271E-01 -2.870930E+00
     50973  2.334505E-01 -3.742181E-01 -2.740755E+00
     50974  2.005583E-01 -4.688340E-01 -2.028704E+00
     50975  1.298894E-01 -4.648084E-01 -2.000576E+00
     50976  1.667008E-01 -9.644661E-01 -2.343774E+00
     50977  1.646201E-01 -3.763433E-01 -2.773202E+00
     50978  2.896168E-01 -2.116877E-01 -2.915638E+00
     50979  1.446723E-01 -4.714374E-01 -2.083831E+00
     50980  7.595420E-02 -4.662118E-01 -2.060560E+00
     50981  1.056822E-01 -9.672140E-01 -2.398535E+00
     50982  2.275266E-01 -2.128376E-01 -2.977213E+00
     50983  9.846846E-02 -3.824406E-01 -2.826579E+00
     50984  9.787335E-02 -4.752610E-01 -2.146153E+00
     50985  2.536158E-02 -4.722420E-01 -2.137551E+00
     50986  5.387266E-02 -9.698188E-01 -2.465802E+00
     50987  4.072838E-02 -3.836436E-01 -2.894913E+00
     50988  1.779184E-01 -2.140831E-01 -3.047788E+00
     50989  6.773372E-02 -4.888853E-01 -2.228239E+00
     50990  2.600185E-03 -4.708969E-01 -2.181636E+00
     50991  9.633224E-03 -9.847901E-01 -2.548525E+00
     50992  1.370566E-01 -2.450256E-01 -3.140603E+00
     50993 -1.312185E-02 -3.819929E-01 -2.979124E+00
     50994  4.807460E-02 -5.292643E-01 -2.281614E+00
     50995 -2.101750E-02 -4.897482E-01 -2.231530E+00
     50996 -3.246333E-02 -9.919868E-01 -2.605823E+00
     50997  1.573146E-01 -2.374966E-01 -3.209737E+00
     50998 -3.477504E-02 -3.784932E-01 -3.053488E+00
     50999  2.973521E-01 -9.915662E-01 -2.472257E+00
     51000 -1.021818E-01 -3.298006E-01 -3.148191E+00
     52859 -6.404394E-02  5.589593E-01  1.547292E-01
     52860  2.403485E-02  1.571597E-01  1.057788E-01
     52861  2.207761E-02  1.379511E-01  7.273624E-02
     52862 -1.575313E-03  2.376364E-01 -5.391521E-02
     52863 -9.019445E-06  2.532880E-01 -5.835002E-02
     52864 -5.536674E-04  1.394321E-01 -1.244772E-02
     52865 -7.980620E-03  3.161961E-01 -8.870389E-02
     52866 -3.072045E-03  2.197931E-01 -4.965565E-02
     52867  2.123672E-03  1.306933E-01  2.395383E-03
     52868  5.013913E-03  2.967099E-01 -7.256712E-02
     52869  4.542931E-03  3.260994E-01 -7.659247E-02
     52870 -1.605652E-02  1.497274E-01  1.084069E-02
     52871  6.747873E-03  3.129415E-01 -7.786735E-02
     52872 -2.170089E-03  1.713823E-01 -3.821729E-02
     52873  4.763469E-03  3.277173E-01 -9.270488E-02
     52874 -2.241894E-03  2.294821E-01 -5.183174E-02
     52875 -3.462023E-03  2.070648E-01 -4.690854E-02
     52876 -1.465165E-03  1.716829E-01 -3.244340E-02
     52877  2.104242E-03  2.440096E-01 -5.524774E-02
     52878  1.218274E-02  1.278403E-01  4.446700E-02
     52879  1.442937E-03  2.853243E-01 -6.199804E-02
     52880 -1.834717E-02  2.919439E-01 -8.047978E-02
     52881 -2.846186E-03  1.524750E-01 -2.438943E-02
     52882  2.209883E-03  2.542617E-01 -5.710511E-02
     52883  1.051503E-03  2.554206E-01 -5.881914E-02
     52884 -4.068198E-03  1.986086E-01 -4.507453E-02
     52885 -6.608070E-03  1.785289E-01 -4.334936E-02
     52886 -8.895326E-04  2.471603E-01 -5.650699E-02
     52887  2.946897E-03  2.539407E-01 -5.848395E-02
     52888  7.614590E-03  8.946300E-02  1.910759E-01
     52889  5.630991E-03  1.265026E-01  2.098161E-02
     52890 -2.870327E-02 -1.690595E-01 -2.922541E+00
     52891 -5.437150E-02 -3.728140E-01 -2.093676E+00
     52892 -4.816044E-03 -5.180486E-01 -2.318014E+00
     52893 -5.653386E-02 -1.063326E-01 -2.968336E+00
     52894 -3.767421E+00  1.943497E+00 -2.152081E+01
     52895 -4.272661E+00 -5.774131E-01 -2.685096E+01
     52896 -4.403224E+00  3.895543E-01 -1.931356E+01
     52897 -5.415428E+00  6.334355E-01 -2.500324E+01
     52898  1.577039E-02 -5.436688E-01 -2.302480E+00
     52899 -6.909178E-02 -5.436214E-01 -2.305486E+00
     52900 -4.615004E-02 -9.210235E-01 -2.722224E+00
     52901  9.313779E-02 -3.174768E-01 -3.186705E+00
     52902 -2.579100E-02 -4.881472E-01 -2.200329E+00
     52903 -7.236176E-02 -4.936712E-01 -2.178214E+00
     52904  1.894481E-02 -1.005606E+00 -2.629233E+00
     52905 -2.020160E-01 -1.966135E-01 -3.242175E+00
     52906  6.340182E-03 -4.233837E-01 -3.130489E+00
     52907 -3.852730E-02 -5.061721E-01 -2.216768E+00
     52908 -1.071625E-01 -4.966439E-01 -2.108726E+00
     52909 -1.045931E-01 -9.918601E-01 -2.573414E+00
     52910  5.474329E-02 -2.190654E-01 -3.151629E+00
     52911 -9.912990E-02 -4.252902E-01 -3.107613E+00
     52912 -8.017025E-02 -4.976629E-01 -2.143397E+00
     52913 -1.599430E-01 -4.851080E-01 -2.050335E+00
     52914 -1.363557E-01 -9.949577E-01 -2.501585E+00
     52915  1.433110E-02 -2.054563E-01 -3.051496E+00
     52916 -1.598630E-01 -4.266609E-01 -2.981298E+00
     52917 -1.190339E-01 -5.004123E-01 -2.089620E+00
     52918 -2.128335E-01 -4.726195E-01 -1.968972E+00
     52919 -1.902840E-01 -9.900155E-01 -2.433712E+00
     52920 -2.637689E-02 -2.539158E-01 -3.009111E+00
     52921 -2.103175E-01 -3.993476E-01 -2.898970E+00
     52922 -1.893452E-01 -4.886983E-01 -2.006680E+00
     52923 -2.793070E-01 -4.968817E-01 -1.987612E+00
     52924 -2.457975E-01 -9.805205E-01 -2.350437E+00
     52925 -2.771723E-01 -4.146717E-01 -2.833039E+00
     52926 -8.744047E-02 -2.053554E-01 -2.877540E+00
     52927 -2.555420E-01 -4.594057E-01 -1.901409E+00
     52928 -3.249484E-01 -4.646985E-01 -1.865564E+00
     52929 -2.229932E-01 -9.770705E-01 -2.296069E+00
     52930 -3.973232E-01 -2.407366E-01 -2.850140E+00
     52931 -2.440437E-01 -3.777704E-01 -2.749235E+00
     52932 -3.254073E-01 -4.649245E-01 -1.912879E+00
     52933 -3.992846E-01 -4.559807E-01 -1.835556E+00
     52934 -3.735754E-01 -9.425057E-01 -2.220843E+00
     52935 -3.714932E-01 -3.680647E-01 -2.726469E+00
     52936 -2.523305E-01 -1.910087E-01 -2.766086E+00
     52937 -3.921675E-01 -4.470321E-01 -1.876612E+00
     52938 -4.603676E-01 -4.551313E-01 -1.817725E+00
     52939 -4.307102E-01 -9.439852E-01 -2.194356E+00
     52940 -3.290552E-01 -2.063553E-01 -2.733686E+00
     52941 -4.574108E-01 -3.651671E-01 -2.645161E+00
     52942 -4.536307E-01 -4.381646E-01 -1.857436E+00
     52943 -5.204104E-01 -4.422007E-01 -1.794706E+00
     52944 -4.909343E-01 -9.410809E-01 -2.174782E+00
     52945 -3.967775E-01 -2.052331E-01 -2.700834E+00
     52946 -5.286251E-01 -3.701702E-01 -2.630204E+00
     52947 -5.114947E-01 -4.341213E-01 -1.840981E+00
     52948 -5.755275E-01 -4.442399E-01 -1.782121E+00
     52949 -5.544053E-01 -9.260658E-01 -2.152338E+00
     52950 -5.911619E-01 -3.514223E-01 -2.601530E+00
     52951 -4.594637E-01 -2.127892E-01 -2.683476E+00
     52952 -5.618364E-01 -4.332870E-01 -1.827281E+00
     52953 -6.256450E-01 -4.388406E-01 -1.760107E+00
     52954 -6.079078E-01 -9.211176E-01 -2.136838E+00
     52955 -5.116647E-01 -2.033438E-01 -2.655497E+00
     52956 -6.522144E-01 -3.620515E-01 -2.587165E+00
     52957 -6.096179E-01 -4.240447E-01 -1.798348E+00
     52958 -6.715066E-01 -4.306060E-01 -1.728351E+00
     52959 -6.540643E-01 -9.044567E-01 -2.106121E+00
     52960 -7.049672E-01 -3.558517E-01 -2.552582E+00
     52961 -5.620481E-01 -2.000689E-01 -2.609158E+00
     52962 -6.540637E-01 -4.121049E-01 -1.755787E+00
     52963 -7.142216E-01 -4.187890E-01 -1.679252E+00
     52964 -6.955953E-01 -8.836555E-01 -2.061082E+00
     52965 -6.086514E-01 -1.967251E-01 -2.542372E+00
     52966 -7.510705E-01 -3.476966E-01 -2.505750E+00
     52967 -6.997105E-01 -3.988808E-01 -1.696338E+00
     52968 -7.596151E-01 -4.085464E-01 -1.617270E+00
     52969 -7.365231E-01 -8.568936E-01 -1.995840E+00
     52970 -7.925225E-01 -3.335789E-01 -2.437017E+00
     52971 -6.572433E-01 -1.930492E-01 -2.453853E+00
     52972 -7.490721E-01 -3.864484E-01 -1.624558E+00
     52973 -8.123770E-01 -3.959109E-01 -1.540207E+00
     52974 -7.813090E-01 -8.310278E-01 -1.917090E+00
     52975 -7.093192E-01 -1.865763E-01 -2.347183E+00
     52976 -8.363471E-01 -3.214463E-01 -2.349344E+00
     52977 -8.131751E-01 -3.702633E-01 -1.540709E+00
     52978 -8.816212E-01 -3.827395E-01 -1.460721E+00
     52979 -8.357232E-01 -7.983099E-01 -1.821802E+00
     52980 -8.886595E-01 -3.056270E-01 -2.241666E+00
     52981 -7.776244E-01 -1.783402E-01 -2.225393E+00
     52982 -8.962797E-01 -3.614924E-01 -1.467247E+00
     52983 -9.755325E-01 -3.746785E-01 -1.396802E+00
     52984 -9.137516E-01 -7.682655E-01 -1.730559E+00
     52985 -9.566575E-01 -2.900529E-01 -2.127032E+00
     52986 -8.700560E-01 -1.707343E-01 -2.115099E+00
     52987 -1.009340E+00 -3.531888E-01 -1.416342E+00
     52988 -1.107819E+00 -3.783636E-01 -1.414393E+00
     52989 -1.019945E+00 -7.451867E-01 -1.664425E+00
     52990 -9.958733E-01 -1.725373E-01 -2.013135E+00
     52991 -1.053783E+00 -2.832552E-01 -2.028377E+00
     52992 -1.163177E+00 -3.508447E-01 -1.404719E+00
     52993 -1.277552E+00 -3.755728E-01 -1.472363E+00
     52994 -1.125618E+00 -7.266161E-01 -1.652982E+00
     52995 -1.212098E+00 -2.624081E-01 -1.957474E+00
     52996 -1.232389E+00 -1.754750E-01 -2.036321E+00
     52997 -1.358462E+00 -3.632182E-01 -1.532920E+00
     52998 -1.491362E+00 -3.783272E-01 -1.614452E+00
     52999 -1.325744E+00 -6.990424E-01 -1.740463E+00
     53000 -1.402206E+00 -1.675386E-01 -2.091676E+00
     53001 -1.440313E+00 -2.536102E-01 -2.109679E+00
     53002 -1.595945E+00 -3.881609E-01 -1.835492E+00
     53003 -1.759768E+00 -4.037106E-01 -1.967062E+00
     53004 -1.618630E+00 -6.964806E-01 -1.982307E+00
     53005 -1.686914E+00 -1.639015E-01 -2.470106E+00
     53006 -1.589272E+00 -2.936112E-01 -2.216347E+00
     53007 -1.882658E+00 -4.319351E-01 -2.317791E+00
     53008 -2.077388E+00 -4.451659E-01 -2.554656E+00
     53009 -1.928029E+00 -7.366260E-01 -2.440055E+00
     53010 -2.032533E+00 -1.837284E-01 -3.039907E+00
     53011 -1.892151E+00 -3.359380E-01 -2.588493E+00
     53012 -2.209339E+00 -4.979575E-01 -3.066624E+00
     53013 -2.435946E+00 -5.104082E-01 -3.436103E+00
     53014 -2.292666E+00 -7.998878E-01 -3.172069E+00
     53015 -2.235900E+00 -3.952352E-01 -3.262292E+00
     53016 -2.436197E+00 -2.276832E-01 -3.945806E+00
     53017 -2.561541E+00 -5.943383E-01 -4.145964E+00
     53018 -2.820522E+00 -6.039576E-01 -4.673676E+00
     53019 -2.702991E+00 -9.099637E-01 -4.254001E+00
     53020 -2.628428E+00 -4.861248E-01 -4.298554E+00
     53021 -2.884681E+00 -2.981465E-01 -5.270599E+00
     53022 -2.920522E+00 -7.235639E-01 -5.620040E+00
     53023 -3.212270E+00 -7.245704E-01 -6.333880E+00
     53024 -3.144693E+00 -1.078276E+00 -5.760535E+00
     53025 -3.362539E+00 -3.975452E-01 -7.103244E+00
     53026 -3.052534E+00 -6.188716E-01 -5.777258E+00
     53027 -3.268720E+00 -8.837983E-01 -7.570428E+00
     53028 -3.599535E+00 -8.637105E-01 -8.513934E+00
     53029 -3.609448E+00 -1.312432E+00 -7.784137E+00
     53030 -3.865080E+00 -5.349488E-01 -9.568569E+00
     53031 -3.487852E+00 -7.903898E-01 -7.789986E+00
     53032 -3.607537E+00 -1.054372E+00 -1.015570E+01
     53033 -3.989973E+00 -9.606766E-01 -1.139857E+01
     53034 -4.114907E+00 -1.619063E+00 -1.048700E+01
     53035 -4.442377E+00 -7.621319E-01 -1.289575E+01
     53036 -3.924879E+00 -1.011134E+00 -1.047094E+01
     53037 -4.051836E+00 -1.073426E+00 -1.364744E+01
     53038 -4.440058E+00 -6.823152E-01 -1.557183E+01
     53039 -4.672877E+00 -2.007872E+00 -1.416929E+01
     53040 -4.371932E+00 -1.320299E+00 -1.407495E+01
     53041 -5.200850E+00 -1.138704E+00 -1.755342E+01
     53042 -4.900216E+00 -1.384610E+00 -1.940846E+01
     53043 -4.757724E+00 -2.096859E+00 -1.906936E+01
     57576  3.026687E+00  8.400391E+00  1.083324E+00
     57577  1.102897E+00  3.712689E+00  4.438624E+00
     57578  2.002000E+00  2.602576E+00  3.730961E+00
     57579  1.085347E+00  2.255630E+00  1.929414E+00
     57580  3.084991E+00  3.554623E+00  2.574065E+00
     57581 -3.344433E+00 -3.754322E+01  1.560592E+02
     57582 -5.545625E+00 -3.538591E+01  1.441067E+02
     57583  6.368375E+00 -2.207639E+01  1.258171E+02
     57584 -9.688844E-01  6.053085E+00 -2.020233E+01
     57585 -2.840027E+00  3.426581E+00 -1.166349E+01
     57586 -6.015655E+00 -1.370076E+00 -1.720031E+01
     57587  8.545950E-01  5.129219E+00 -2.343011E+01
     57588 -1.086520E+01 -2.834797E+01  1.053862E+02
     57589 -1.969344E+00 -3.911388E+00 -2.121691E+00
     57590 -9.661952E+00 -9.774007E+00  2.813190E+00
     57591 -4.295110E+00 -2.891526E+00 -1.464893E+01
     57592 -2.271225E+00 -5.299316E+00 -1.722119E+01
     57593 -8.779740E-01 -1.174589E+01  2.492746E+01
     57594 -8.986197E+00 -1.535325E+01  3.519920E+01
     57595 -3.966514E+00 -1.130609E+01  6.249374E+00
     57596 -4.913547E-01 -6.162039E+00 -8.588420E+00
     57597 -4.290310E+00 -1.374342E+01  8.003493E+00
     57598  2.084406E+00 -1.821844E+01  6.509972E+01
     57599 -8.686237E+00 -1.987352E+01  7.743650E+01
     57600 -4.206640E+00 -1.726659E+01  3.810198E+01
     57601 -4.268371E-01 -1.263385E+01  2.003993E+01
     57602 -8.009251E+00 -1.867837E+01  4.525822E+01
     57603 -4.376904E+00 -2.099011E+01  8.877570E+01
     57604  1.423971E+00 -1.842629E+01  5.976417E+01
     62735 -1.089840E+00  3.465642E+00  4.127619E+00
     62736 -1.132128E+00  2.015755E+00  1.697589E+00
     62737 -2.911957E+00  3.219151E+00  2.448442E+00
     62738 -2.842844E+00  7.714824E+00  9.875233E-01
     62739 -2.021583E+00  2.428845E+00  3.461191E+00
     62740  2.791790E+00  2.869638E+00 -9.980760E+00
     62741  1.106910E+00  5.531903E+00 -1.858851E+01
     62742 -4.957878E-01  4.843322E+00 -2.144748E+01
     62743  5.531851E+00 -3.229571E+01  1.308969E+02
     62744  3.528131E+00 -3.440446E+01  1.433233E+02
     62745  1.025957E+01 -2.610643E+01  9.545430E+01
     62746  5.703620E+00 -1.802512E+00 -1.533536E+01
     62747 -5.522571E+00 -2.003573E+01  1.158742E+02
     62748  2.308708E+00 -4.892185E+00 -1.620330E+01
     62749  9.407918E-01 -5.519739E+00 -8.169724E+00
     62750  4.350643E+00 -2.686809E+00 -1.294080E+01
     62751  2.099830E+00 -3.641612E+00 -9.566210E-01
     62752  4.166347E+00 -1.263805E+01  6.617275E+00
     62753  9.207924E-01 -1.140583E+01  1.782536E+01
     62754  4.062220E+00 -1.037152E+01  6.117447E+00
     62755  1.147784E+00 -1.075314E+01  2.388042E+01
     62756  9.313567E+00 -9.329344E+00  3.213264E+00
     62757  7.686915E+00 -1.718636E+01  4.051646E+01
     62758 -7.821490E-01 -1.671361E+01  5.370593E+01
     62759  4.274056E+00 -1.585210E+01  3.481845E+01
     62760  8.666268E+00 -1.421211E+01  3.309759E+01
     62761 -1.673188E+00 -1.664497E+01  6.061651E+01
     62762  4.447905E+00 -1.920362E+01  8.105069E+01
     62763  8.361361E+00 -1.825381E+01  7.173832E+01
     67401  3.549485E-01  7.635556E-01 -3.382719E-02
     67402 -4.183918E-01  8.453432E-01 -2.987146E-02
     67403  3.728553E-01  1.652296E+00 -5.241485E-01
     67404 -4.034853E-01  1.820673E+00 -5.685433E-01
     67405  6.796657E+00  3.945099E-01 -2.176183E+01
     67406  4.871023E+00 -4.351963E-01 -5.601431E-01
     67407  6.628960E+00 -3.965516E-01 -1.763837E+01
     67408 -2.797793E-02 -8.013163E-01  2.962261E+00
     67409 -1.103632E-02 -8.148285E-01  2.810014E+00
     67410 -2.580236E-02 -7.569694E-01  2.820402E+00
     67411 -3.186017E-02 -7.849128E-01  2.984833E+00
     67412 -4.625357E+00 -3.469375E-01 -5.622314E-01
     67413 -6.284838E+00  4.613293E-01 -1.963431E+01
     67414 -6.221812E+00 -3.108140E-01 -1.598651E+01
     67415  5.464495E+00 -1.706862E+00  5.356578E+00
     67416 -5.198722E+00 -1.501731E+00  4.761072E+00
     67417  5.249664E+00 -2.927095E+00 -1.081283E+01
     67418  7.129649E+00 -4.326680E+00 -1.010043E+01
     67419  5.397125E+00 -3.426063E+00 -2.019516E+00
     67420  1.787416E+00 -3.160265E+00  3.977997E+00
     67421  8.200269E+00 -5.893254E+00 -3.963891E+00
     67422  7.058872E+00 -6.328465E+00 -6.572021E+00
     67423  3.257408E+00 -1.680207E+00  6.757436E+00
     67424  8.485990E+00 -4.748898E+00 -3.449109E+00
     67425  8.643678E+00 -5.961263E+00 -3.077812E+00
     67426  8.196430E+00 -3.634850E+00 -2.499791E+00
     67427  8.472033E+00 -4.458837E+00 -2.529382E+00
     67428  7.605045E+00 -2.704086E+00 -1.428018E+00
     67429  7.894589E+00 -3.211259E+00 -1.657234E+00
     67430  6.840934E+00 -1.974144E+00 -4.091120E-01
     67431  7.095586E+00 -2.252832E+00 -7.017025E-01
     67432  6.016368E+00 -1.383234E+00  4.981065E-01
     67433  6.241899E+00 -1.519584E+00  2.052467E-01
     67434  5.270178E+00 -9.921031E-01  1.182039E+00
     67435  5.371993E+00 -1.007150E+00  9.209804E-01
     67436  4.590918E+00 -6.786507E-01  1.802166E+00
     67437  4.617538E+00 -6.182696E-01  1.534298E+00
     67438  3.971004E+00 -4.958777E-01  2.252495E+00
     67439  3.951556E+00 -3.808095E-01  2.049065E+00
     67440  3.465398E+00 -3.809408E-01  2.601309E+00
     67441  3.400909E+00 -2.493023E-01  2.425470E+00
     67442  3.050331E+00 -3.333513E-01  2.836933E+00
     67443  2.945472E+00 -1.927057E-01  2.702316E+00
     67444  2.703017E+00 -3.292119E-01  2.994192E+00
     67445  2.584724E+00 -1.880212E-01  2.895921E+00
     67446  2.435488E+00 -3.483723E-01  3.076483E+00
     67447  2.293051E+00 -2.187154E-01  3.009715E+00
     67448  2.229038E+00 -3.799791E-01  3.125377E+00
     67449  2.071268E+00 -2.558399E-01  3.074811E+00
     67450  2.062475E+00 -4.123181E-01  3.170401E+00
     67451  1.910618E+00 -3.107332E-01  3.129945E+00
     67452  1.920448E+00 -4.395759E-01  3.192186E+00
     67453  1.763689E+00 -3.510238E-01  3.167603E+00
     67454  1.792151E+00 -4.609952E-01  3.211343E+00
     67455  1.633458E+00 -3.811640E-01  3.194318E+00
     67456  1.670044E+00 -4.619734E-01  3.244726E+00
     67457  1.506406E+00 -3.957403E-01  3.223721E+00
     67458  1.524224E+00 -4.703580E-01  3.261302E+00
     67459  1.367441E+00 -4.083975E-01  3.252932E+00
     67460  1.361733E+00 -4.799100E-01  3.268278E+00
     67461  1.214930E+00 -4.212709E-01  3.270747E+00
     67462  1.194642E+00 -4.737832E-01  3.284177E+00
     67463  1.046828E+00 -4.256666E-01  3.286173E+00
     67464  1.006584E+00 -4.849193E-01  3.272012E+00
     67465  8.631371E-01 -4.399904E-01  3.286531E+00
     67466  8.141714E-01 -5.054426E-01  3.237083E+00
     67467  6.772462E-01 -4.645109E-01  3.261772E+00
     67468  6.301508E-01 -5.360664E-01  3.178797E+00
     67469  4.972979E-01 -5.000432E-01  3.212535E+00
     67470  4.656498E-01 -5.719297E-01  3.110224E+00
     67471  3.368821E-01 -5.417401E-01  3.144725E+00
     67472  3.145461E-01 -6.128993E-01  3.040955E+00
     67473  1.994901E-01 -5.861425E-01  3.074830E+00
     67474  1.975026E-01 -6.521626E-01  2.956815E+00
     67475  8.179200E-02 -6.350859E-01  2.992832E+00
     67476  1.387487E-01 -6.826517E-01  2.888965E+00
     67477 -2.226588E-02 -6.794968E-01  2.910136E+00
     67478 -3.368548E-02 -6.688031E-01  2.910048E+00
     67479 -1.909151E-01 -6.887974E-01  2.877112E+00
     67480 -1.257098E-01 -6.444470E-01  2.990286E+00
     67481 -2.518900E-01 -6.691613E-01  2.951151E+00
     67482 -2.188488E-01 -5.890248E-01  3.097355E+00
     67483 -3.583082E-01 -6.295138E-01  3.049459E+00
     67484 -3.566228E-01 -5.548031E-01  3.222735E+00
     67485 -4.934819E-01 -5.959612E-01  3.159556E+00
     67486 -5.559712E-01 -4.985943E-01  3.342255E+00
     67487 -6.377455E-01 -5.420455E-01  3.302376E+00
     67488 -7.263460E-01 -4.439483E-01  3.356103E+00
     67489 -8.741401E-01 -5.015297E-01  3.359885E+00
     67490 -9.118921E-01 -3.936267E-01  3.370984E+00
     67491 -1.065562E+00 -4.690141E-01  3.358721E+00
     67492 -1.105960E+00 -3.571696E-01  3.391754E+00
     67493 -1.270300E+00 -4.252139E-01  3.387832E+00
     67494 -1.305976E+00 -3.360895E-01  3.399386E+00
     67495 -1.462911E+00 -4.195411E-01  3.406368E+00
     67496 -1.506396E+00 -3.241507E-01  3.373166E+00
     67497 -1.665572E+00 -4.112590E-01  3.398067E+00
     67498 -1.693906E+00 -3.147917E-01  3.322606E+00
     67499 -1.858203E+00 -4.115094E-01  3.361182E+00
     67500 -1.871416E+00 -3.066124E-01  3.251645E+00
     67501 -2.039302E+00 -4.096730E-01  3.302927E+00
     67502 -2.041725E+00 -2.963662E-01  3.166517E+00
     67503 -2.208951E+00 -4.069292E-01  3.229146E+00
     67504 -2.211220E+00 -2.808432E-01  3.069608E+00
     67505 -2.373034E+00 -4.007049E-01  3.143697E+00
     67506 -2.387740E+00 -2.657731E-01  2.955869E+00
     67507 -2.545610E+00 -3.940548E-01  3.042945E+00
     67508 -2.589568E+00 -2.461828E-01  2.828613E+00
     67509 -2.732555E+00 -3.854517E-01  2.929268E+00
     67510 -2.835000E+00 -2.382080E-01  2.670527E+00
     67511 -2.960723E+00 -3.825894E-01  2.790821E+00
     67512 -3.141385E+00 -2.472356E-01  2.470475E+00
     67513 -3.243047E+00 -3.970657E-01  2.614097E+00
     67514 -3.533068E+00 -2.874712E-01  2.204157E+00
     67515 -3.601527E+00 -4.337905E-01  2.384856E+00
     67516 -4.023034E+00 -4.062290E-01  1.843767E+00
     67517 -4.043783E+00 -5.269903E-01  2.055550E+00
     67518 -4.609469E+00 -6.118563E-01  1.383131E+00
     67519 -4.579782E+00 -6.924755E-01  1.622733E+00
     67520 -5.292385E+00 -9.227204E-01  8.145000E-01
     67521 -5.206693E+00 -9.439231E-01  1.084981E+00
     67522 -6.055197E+00 -1.392902E+00  1.247052E-01
     67523 -5.900401E+00 -1.313025E+00  4.082272E-01
     67524 -6.847912E+00 -2.046257E+00 -6.698479E-01
     67525 -6.626524E+00 -1.818282E+00 -3.991060E-01
     67526 -7.583027E+00 -2.916634E+00 -1.524248E+00
     67527 -7.318849E+00 -2.479821E+00 -1.316274E+00
     67528 -8.112577E+00 -4.036178E+00 -2.327118E+00
     67529 -7.874352E+00 -3.310336E+00 -2.285931E+00
     67530 -8.263245E+00 -5.386887E+00 -2.829931E+00
     67531 -8.133646E+00 -4.306237E+00 -3.161748E+00
     67532 -6.725647E+00 -5.685405E+00 -5.968561E+00
     67533 -7.865755E+00 -5.306934E+00 -3.614466E+00
     67534 -6.722386E+00 -3.881541E+00 -9.132593E+00
     67535 -4.982419E+00 -2.617508E+00 -9.806233E+00
     67536 -3.189003E+00 -1.507207E+00  6.092254E+00
     67537 -5.134339E+00 -3.078833E+00 -1.860588E+00
     67538 -1.875175E+00 -2.818421E+00  3.589768E+00
     68403  4.111107E-01  5.524059E-01  5.525656E-01
     68404 -8.341273E-01  1.633241E+00  1.207884E+00
     68405  5.443087E-01  2.899919E+00 -2.658695E+00
     68406  4.745749E-02  1.206175E+00 -7.252760E-01
     68407  9.249953E-01  7.980250E-01  4.098079E-01
     68408  2.311218E+00  3.214349E+00 -2.318154E+01
     68409  1.730898E+00  3.637280E+00 -4.494725E+01
     68410  3.058787E+00  1.911613E+00 -6.167462E+00
     68411  2.221762E+00  2.497342E+00 -1.777378E+01
     68412  6.265535E-01  1.532126E+00 -1.800528E+01
     68413 -1.293334E+00  5.267147E+00 -5.514472E+01
     68414 -1.250864E+00  3.176080E+00  1.760839E+01
     68415  3.011255E-01  3.531483E+00  5.203727E+00
     68416  5.379517E-01  2.176678E+00 -3.667612E+00
     68417 -3.466307E+00  3.256258E+00 -3.036834E+01
     68418  1.449014E+00  1.266057E+01  1.035846E+02
     68419 -3.718875E+00  1.083884E+01  9.215052E+01
     68420 -5.286277E+00  7.092025E+00  5.919593E+01
     68421  5.787982E+00  7.401485E+00  7.032457E+01
     68422 -3.927682E+00  4.451678E+00  4.416320E+01
     68423 -3.216235E+00  4.046068E+00  3.055424E+01
     68424 -1.035909E-01  3.091801E+00  4.586937E+01
     68425 -1.198271E+00  2.529127E+00  2.192151E+01
     68426  3.586409E+00  3.189411E+00  3.356342E+01
     68427 -1.081476E+00  5.755883E+00  4.575943E+01
     68428  6.847393E-01  2.430626E+00 -3.477740E+00
     68429 -1.838349E+00  3.644450E+00  1.279247E+01
     68430 -4.084091E-01  4.229131E+00 -1.405740E+01
     68903 -4.229993E-01  4.953217E-01  4.885012E-01
     68904  7.399923E-01  1.457723E+00  1.051281E+00
     68905 -5.028421E-01  2.602869E+00 -2.418117E+00
     68906 -6.915339E-02  1.095799E+00 -6.845383E-01
     68907 -8.489033E-01  6.950938E-01  4.111659E-01
     68908 -1.597152E+00  3.272118E+00 -4.027819E+01
     68909 -2.134717E+00  2.868308E+00 -2.080130E+01
     68910 -2.108113E+00  2.274568E+00 -1.587639E+01
     68911 -2.799869E+00  1.758692E+00 -5.473369E+00
     68912 -6.560199E-01  1.437284E+00 -1.604232E+01
     68913  1.154827E+00  4.707240E+00 -4.910719E+01
     68914 -2.659536E-01  3.267204E+00  4.599791E+00
     68915  1.192777E+00  2.914606E+00  1.572760E+01
     68916 -5.097418E-01  1.967513E+00 -3.166729E+00
     68917  3.075692E+00  2.912622E+00 -2.684355E+01
     68918  3.474493E+00  9.779682E+00  8.297866E+01
     68919 -1.245716E+00  1.146332E+01  9.404836E+01
     68920 -5.185314E+00  6.709109E+00  6.410072E+01
     68921  4.812611E+00  6.367727E+00  5.318362E+01
     68922  1.102612E+00  5.172126E+00  4.187325E+01
     68923 -3.198798E+00  2.851186E+00  3.095802E+01
     68924  1.620996E-01  2.822238E+00  4.153162E+01
     68925  1.791869E+00  3.246850E+00  1.207408E+01
     68926 -6.425543E-01  2.193473E+00 -2.513182E+00
     68927  1.132856E+00  2.292404E+00  1.996647E+01
     68928  4.446881E-01  3.790980E+00 -1.237213E+01
     68929  3.035983E+00  3.659494E+00  2.742588E+01
     68930  3.633551E+00  4.041009E+00  3.964323E+01

 total force (fx,fy,fz) for set FEET and time  0.2000000E+01

       -4.063316E-09 -2.642890E-10  2.400000E+03

                        S T E P       3


                                INCREMENT     1


 displacements (vx,vy,vz) for set TOP and time  0.3000000E+01

     36383 -1.645171E-02  7.532787E-01 -6.680016E-01
     37151 -1.123943E-03  8.202846E-01 -7.178311E-01
     38601 -2.882459E-02  5.782951E-01 -5.439171E-01
     45010  1.116294E-02  7.985996E-01 -7.006244E-01
     47663  2.526843E-02  5.667412E-01 -5.259065E-01

 forces (fx,fy,fz) for set FEET and time  0.3000000E+01

       199 -2.405714E-01  2.739599E-01 -1.574099E+00
       203  2.731289E-01  4.522794E+00 -3.612266E+00
       204 -3.208803E-03  1.925529E-02 -6.834226E-01
       208  2.306920E-03  4.517906E-01 -2.322880E-01
       209  2.134912E-01  2.214250E-01 -1.411991E+00
       213 -2.331729E-01  4.172599E+00 -3.303196E+00
       242  1.892089E+01  1.085108E+01  2.673008E+01
       243 -1.136678E-02 -7.824662E-02  4.212296E-01
       244  4.785028E-01  7.258147E-01 -2.311120E-02
       245 -1.724988E+01  7.257532E+00  2.060047E+01
       269 -4.564167E-01  6.984465E-01 -3.616199E-02
       270  1.566420E+01  6.441758E+00  1.844665E+01
       273 -2.273256E-02 -1.177153E-01  4.131796E-01
       274 -1.743597E+01  1.012940E+01  2.485255E+01
       282  1.210157E-01  6.337062E-02  1.267217E+00
       284 -1.157535E-01  6.466332E-02  1.144225E+00
       290 -3.325537E+00  2.695154E+00 -3.823862E+00
       293 -3.577342E+00  3.538941E+00  4.501924E+00
       294  4.267202E+00  3.510037E+00  4.601882E+00
       301  2.975568E+00  2.385167E+00 -3.388978E+00
       302 -3.913718E+00  3.242518E+00  4.259120E+00
       303  3.239766E+00  3.184359E+00  4.040790E+00
      3822  1.113941E+00  9.022139E-01 -1.265700E+01
      3848 -1.679495E-03 -9.714297E-02 -1.097376E+00
      3861  1.606841E-01  8.166848E-01 -1.984854E+00
      3862  3.432085E-01  7.141177E-01 -1.175714E+00
      3863  7.010991E-01  5.420464E-01 -2.437150E+00
      3864  6.152166E-01  3.696770E-01 -1.752090E+00
      3865  5.238282E-01  2.265668E-01 -1.218887E+00
      3866  4.293016E-01  1.218693E-01 -8.213672E-01
      3867  3.415297E-01  4.710736E-02 -5.394577E-01
      3868  2.625572E-01  1.396369E-03 -3.535986E-01
      3869  2.005329E-01 -2.829867E-02 -2.465308E-01
      3870  1.497504E-01 -3.968124E-02 -1.990142E-01
      3871  1.143243E-01 -4.357770E-02 -1.968575E-01
      3872  8.629851E-02 -3.961707E-02 -2.178897E-01
      3873  6.871701E-02 -3.185283E-02 -2.546047E-01
      3874  5.766487E-02 -2.349874E-02 -3.016079E-01
      3875  5.213803E-02 -1.230773E-02 -3.402242E-01
      3876  5.075514E-02 -6.528792E-03 -3.849995E-01
      3877  5.076822E-02 -1.368438E-04 -4.174727E-01
      3878  5.293279E-02  3.976942E-03 -4.402247E-01
      3879  5.495780E-02  5.853598E-03 -4.540076E-01
      3880  5.236287E-02  6.762777E-03 -4.578683E-01
      3881  4.995502E-02  4.981526E-03 -4.615828E-01
      3882  4.597649E-02  2.819391E-03 -4.649017E-01
      3883  3.472859E-02  2.945295E-03 -4.638632E-01
      3884  2.468792E-02  3.994153E-03 -4.676742E-01
      3885  1.419218E-02  6.320873E-03 -4.757628E-01
      3886  4.641549E-03  1.037936E-02 -4.883064E-01
      3887 -2.072025E-03  1.595822E-02 -5.039785E-01
      3888 -7.077136E-03  2.015689E-02 -5.241693E-01
      3889 -5.628735E-03  2.503190E-02 -5.352811E-01
      3890 -4.741288E-02  7.715788E-02 -6.231195E-01
      3891  2.542179E+00  8.017217E-03 -1.232182E+01
      3892  2.603897E+00 -5.092902E-01 -8.677717E+00
      3893  4.130697E+00 -1.107965E+00 -9.737356E+00
      3894  4.120018E+00 -9.487475E-01 -7.591711E+00
      3895  3.899990E+00 -7.892657E-01 -5.698394E+00
      3896  3.526587E+00 -6.297997E-01 -4.092125E+00
      3897  3.094078E+00 -4.921131E-01 -2.823131E+00
      3898  2.637097E+00 -3.667902E-01 -1.850695E+00
      3899  2.221895E+00 -2.752499E-01 -1.176832E+00
      3900  1.846182E+00 -2.081667E-01 -7.131243E-01
      3901  1.535097E+00 -1.555599E-01 -4.549632E-01
      3902  1.284427E+00 -1.296154E-01 -3.264381E-01
      3903  1.090102E+00 -1.155149E-01 -3.021005E-01
      3904  9.416740E-01 -1.106892E-01 -3.426227E-01
      3905  8.395526E-01 -1.156786E-01 -4.192022E-01
      3906  7.613877E-01 -1.233558E-01 -5.071034E-01
      3907  7.118743E-01 -1.317318E-01 -5.872863E-01
      3908  6.748854E-01 -1.400431E-01 -6.509667E-01
      3909  6.420600E-01 -1.470625E-01 -6.906813E-01
      3910  6.047489E-01 -1.547421E-01 -7.018040E-01
      3911  5.578595E-01 -1.569893E-01 -7.099742E-01
      3912  5.001084E-01 -1.589332E-01 -7.126381E-01
      3913  4.324285E-01 -1.651404E-01 -7.031737E-01
      3914  3.545094E-01 -1.692265E-01 -7.140847E-01
      3915  2.728104E-01 -1.744977E-01 -7.436961E-01
      3916  1.937698E-01 -1.810838E-01 -7.940782E-01
      3917  1.244946E-01 -1.873607E-01 -8.614971E-01
      3918  6.747263E-02 -1.930244E-01 -9.377255E-01
      3919  3.276154E-02 -2.045060E-01 -1.013994E+00
      3920  1.305261E-02 -2.124953E-01 -1.066451E+00
      3921  2.305425E-02 -2.361951E-01 -1.199361E+00
      4105  2.063112E-01  4.849004E+00 -2.137500E+00
      4106 -1.002442E-01  4.305030E+00 -1.580103E+00
      4107 -7.858642E-02  3.239469E+00 -1.100186E+00
      4108 -7.127631E-02  2.373670E+00 -7.699441E-01
      4109 -6.713168E-02  1.702883E+00 -5.216136E-01
      4110 -8.455440E-02  1.179121E+00 -3.322465E-01
      4111 -5.512608E-02  7.846103E-01 -1.802608E-01
      4112 -5.708082E-02  5.256083E-01 -8.434397E-02
      4113 -4.237501E-02  3.643060E-01 -1.889342E-02
      4114 -4.147893E-02  2.822795E-01  1.410629E-02
      4115 -3.362709E-02  2.549762E-01  2.575684E-02
      4116 -2.931731E-02  2.694103E-01  2.273116E-02
      4117 -2.724653E-02  3.033523E-01  1.178094E-02
      4118 -2.441201E-02  3.507798E-01 -1.804339E-03
      4119 -2.428290E-02  3.967005E-01 -1.621543E-02
      4120 -2.087436E-02  4.455047E-01 -3.019623E-02
      4121 -1.869967E-02  4.837784E-01 -4.042635E-02
      4122 -1.735541E-02  5.109250E-01 -4.675104E-02
      4123 -1.833123E-02  5.280065E-01 -5.179288E-02
      4124 -1.577034E-02  5.336133E-01 -5.029878E-02
      4125 -1.260569E-02  5.323840E-01 -4.290563E-02
      4126 -1.321080E-02  5.341421E-01 -4.066082E-02
      4127 -9.092131E-03  5.392859E-01 -4.046624E-02
      4128 -7.016086E-03  5.435416E-01 -4.267710E-02
      4129 -4.780369E-03  5.545729E-01 -4.689978E-02
      4130 -3.162835E-03  5.714263E-01 -5.436243E-02
      4131 -1.524744E-03  5.920545E-01 -6.509661E-02
      4132  4.659341E-04  6.199561E-01 -7.349060E-02
      4133  3.508857E-03  6.543562E-01 -7.949848E-02
      4134 -4.256830E-02  5.757162E-01 -1.624600E-01
      4135  1.201181E+00  7.335776E+00 -1.084203E+01
      4136  1.208807E+00  6.980778E+00 -8.252971E+00
      4137  1.151897E+00  5.348533E+00 -6.173443E+00
      4138  1.119191E+00  3.982095E+00 -4.659297E+00
      4139  1.021814E+00  2.826110E+00 -3.352112E+00
      4140  8.940045E-01  1.999919E+00 -2.323826E+00
      4141  7.529986E-01  1.293332E+00 -1.509511E+00
      4142  6.261309E-01  8.483338E-01 -9.606053E-01
      4143  5.088445E-01  5.132355E-01 -5.782302E-01
      4144  4.081736E-01  3.316297E-01 -3.621630E-01
      4145  3.304512E-01  2.453428E-01 -2.529051E-01
      4146  2.605028E-01  2.242893E-01 -2.324852E-01
      4147  2.139052E-01  2.476232E-01 -2.643465E-01
      4148  1.806505E-01  2.970352E-01 -3.287896E-01
      4149  1.654818E-01  3.634561E-01 -4.047465E-01
      4150  1.449862E-01  4.220721E-01 -4.788255E-01
      4151  1.358045E-01  4.769729E-01 -5.452102E-01
      4152  1.308514E-01  5.179782E-01 -5.953495E-01
      4153  1.259896E-01  5.436309E-01 -6.268444E-01
      4154  1.281666E-01  5.564195E-01 -6.518810E-01
      4155  1.292164E-01  5.567871E-01 -6.482452E-01
      4156  1.083902E-01  5.565229E-01 -6.319299E-01
      4157  8.337596E-02  5.546198E-01 -6.371227E-01
      4158  6.484146E-02  5.564764E-01 -6.422062E-01
      4159  4.568784E-02  5.680771E-01 -6.570695E-01
      4160  2.653515E-02  5.897184E-01 -6.837515E-01
      4161  1.022654E-02  6.184161E-01 -7.227190E-01
      4162 -2.524169E-03  6.514255E-01 -7.677472E-01
      4163 -1.540336E-03  6.931820E-01 -8.077161E-01
      4164 -8.861225E-03  7.320847E-01 -8.323306E-01
      4165 -5.473181E-03  6.155807E-01 -9.139777E-01
      4179 -1.053626E+00  8.114083E-01 -1.142691E+01
      4192  1.260011E-02  3.450400E-02 -5.651889E-01
      4193 -1.512863E-04  2.106437E-02 -5.443447E-01
      4194  2.674645E-03  1.605424E-02 -5.361707E-01
      4195 -3.957624E-03  1.156459E-02 -5.186500E-01
      4196 -1.034630E-02  2.240001E-03 -5.109096E-01
      4197 -1.200866E-02 -4.411057E-04 -4.936832E-01
      4198 -2.598130E-02 -2.717394E-03 -4.809711E-01
      4199 -3.356398E-02 -1.319954E-03 -4.627599E-01
      4200 -4.496395E-02 -3.113797E-03 -4.601358E-01
      4201 -5.467162E-02 -3.795346E-03 -4.533243E-01
      4202 -6.142079E-02 -3.896049E-03 -4.475822E-01
      4203 -6.679503E-02 -4.931080E-03 -4.390096E-01
      4204 -7.061843E-02 -5.259335E-03 -4.270828E-01
      4205 -7.314441E-02 -6.173631E-03 -4.103962E-01
      4206 -7.478339E-02 -7.892406E-03 -3.872769E-01
      4207 -7.641785E-02 -1.165577E-02 -3.584320E-01
      4208 -7.975589E-02 -1.629579E-02 -3.233195E-01
      4209 -8.630751E-02 -2.239345E-02 -2.859733E-01
      4210 -9.850304E-02 -2.786987E-02 -2.502999E-01
      4211 -1.207518E-01 -3.129325E-02 -2.247632E-01
      4212 -1.515581E-01 -2.968035E-02 -2.235021E-01
      4213 -1.950540E-01 -1.889058E-02 -2.578762E-01
      4214 -2.541420E-01  4.855775E-03 -3.443244E-01
      4215 -3.255371E-01  4.738963E-02 -5.036236E-01
      4216 -4.081363E-01  1.136462E-01 -7.543544E-01
      4217 -4.964085E-01  2.093597E-01 -1.113061E+00
      4218 -5.831175E-01  3.399255E-01 -1.594036E+00
      4219 -6.611017E-01  5.029086E-01 -2.212137E+00
      4220 -3.306676E-01  6.581608E-01 -1.059790E+00
      4221 -1.559011E-01  7.403093E-01 -1.811905E+00
      4222 -1.314558E-02 -2.159880E-01 -1.165355E+00
      4223 -1.302736E-02 -2.233229E-01 -1.074383E+00
      4224 -3.155451E-02 -2.170879E-01 -1.032246E+00
      4225 -6.344422E-02 -2.073942E-01 -9.481563E-01
      4226 -1.168481E-01 -1.963978E-01 -8.673375E-01
      4227 -1.793820E-01 -1.865793E-01 -7.850644E-01
      4228 -2.615320E-01 -1.817277E-01 -7.120822E-01
      4229 -3.398150E-01 -1.653352E-01 -6.745339E-01
      4230 -4.308245E-01 -1.582605E-01 -6.307492E-01
      4231 -5.132109E-01 -1.526192E-01 -6.080886E-01
      4232 -5.930886E-01 -1.464108E-01 -5.961313E-01
      4233 -6.667255E-01 -1.439060E-01 -5.902103E-01
      4234 -7.334120E-01 -1.400270E-01 -5.850060E-01
      4235 -7.945125E-01 -1.350176E-01 -5.758058E-01
      4236 -8.517742E-01 -1.291612E-01 -5.578551E-01
      4237 -9.108397E-01 -1.242985E-01 -5.304313E-01
      4238 -9.782906E-01 -1.195752E-01 -4.937351E-01
      4239 -1.065989E+00 -1.178885E-01 -4.581148E-01
      4240 -1.184301E+00 -1.216090E-01 -4.386356E-01
      4241 -1.346682E+00 -1.350933E-01 -4.578597E-01
      4242 -1.562483E+00 -1.580981E-01 -5.626381E-01
      4243 -1.836543E+00 -1.972202E-01 -7.855757E-01
      4244 -2.169727E+00 -2.580937E-01 -1.166169E+00
      4245 -2.554990E+00 -3.418727E-01 -1.763541E+00
      4246 -2.969674E+00 -4.489203E-01 -2.617471E+00
      4247 -3.376184E+00 -5.774324E-01 -3.759802E+00
      4248 -3.719569E+00 -7.190542E-01 -5.200809E+00
      4249 -3.924322E+00 -8.585944E-01 -6.917579E+00
      4250 -3.930136E+00 -9.679854E-01 -8.848296E+00
      4251 -2.469512E+00 -4.446639E-01 -7.883121E+00
      4252 -2.391433E+00  4.624184E-02 -1.114811E+01
      4436 -1.613019E-03  6.293994E-01 -7.302748E-02
      4437  1.663539E-04  6.771214E-01 -6.662376E-02
      4438  6.692702E-03  6.529885E-01 -6.055407E-02
      4439  8.647777E-03  6.306416E-01 -5.392165E-02
      4440  1.001263E-02  6.144670E-01 -4.387911E-02
      4441  1.356135E-02  5.895005E-01 -4.107097E-02
      4442  9.722053E-03  5.639507E-01 -2.934081E-02
      4443  1.005007E-02  5.339651E-01 -2.979683E-02
      4444  1.629655E-02  5.265308E-01 -3.433741E-02
      4445  1.830547E-02  5.189972E-01 -3.231481E-02
      4446  2.237653E-02  5.126903E-01 -3.442494E-02
      4447  2.418062E-02  5.070894E-01 -3.118897E-02
      4448  2.583497E-02  4.942401E-01 -3.173063E-02
      4449  2.711202E-02  4.751943E-01 -3.124302E-02
      4450  2.867129E-02  4.492112E-01 -2.921794E-02
      4451  2.979627E-02  4.172862E-01 -2.349142E-02
      4452  3.083035E-02  3.788890E-01 -1.694451E-02
      4453  3.291412E-02  3.398941E-01 -8.484172E-03
      4454  3.372817E-02  3.080320E-01 -2.984264E-03
      4455  3.848787E-02  2.929323E-01  8.821652E-04
      4456  4.176848E-02  3.040697E-01 -4.869710E-03
      4457  4.734746E-02  3.649542E-01 -3.553738E-02
      4458  5.551890E-02  4.965908E-01 -8.880532E-02
      4459  6.462302E-02  7.154411E-01 -1.745248E-01
      4460  7.531277E-02  1.046405E+00 -3.024801E-01
      4461  8.639540E-02  1.504364E+00 -4.807569E-01
      4462  9.581660E-02  2.096885E+00 -7.159079E-01
      4463  1.078543E-01  2.837586E+00 -1.016242E+00
      4464  9.644319E-02  3.805034E+00 -1.427188E+00
      4465 -1.406383E-01  4.340096E+00 -1.921841E+00
      4466  5.335740E-03  6.259331E-01 -9.087356E-01
      4467  9.598293E-03  7.353530E-01 -8.257014E-01
      4468 -5.952640E-03  7.382451E-01 -7.786192E-01
      4469 -2.539534E-02  6.941251E-01 -7.504291E-01
      4470 -3.729379E-02  6.496067E-01 -7.146192E-01
      4471 -4.601681E-02  6.604163E-01 -6.623966E-01
      4472 -5.897164E-02  5.852957E-01 -6.472551E-01
      4473 -6.954212E-02  5.605581E-01 -6.114470E-01
      4474 -1.069252E-01  5.337138E-01 -6.096108E-01
      4475 -1.259193E-01  5.258826E-01 -5.981831E-01
      4476 -1.420550E-01  5.170097E-01 -5.931906E-01
      4477 -1.574413E-01  5.160776E-01 -5.800178E-01
      4478 -1.714397E-01  5.064364E-01 -5.692209E-01
      4479 -1.830401E-01  4.920012E-01 -5.542428E-01
      4480 -1.928258E-01  4.693793E-01 -5.312865E-01
      4481 -2.026669E-01  4.383497E-01 -4.965613E-01
      4482 -2.145593E-01  3.987708E-01 -4.517345E-01
      4483 -2.311474E-01  3.544998E-01 -4.015830E-01
      4484 -2.561875E-01  3.136433E-01 -3.529521E-01
      4485 -2.870898E-01  2.891914E-01 -3.295586E-01
      4486 -3.334032E-01  2.952047E-01 -3.368356E-01
      4487 -4.076671E-01  3.586145E-01 -4.109451E-01
      4488 -5.004152E-01  5.037661E-01 -5.969582E-01
      4489 -6.057906E-01  7.569118E-01 -9.162539E-01
      4490 -7.241063E-01  1.151582E+00 -1.409974E+00
      4491 -8.478946E-01  1.716079E+00 -2.112178E+00
      4492 -9.641536E-01  2.460473E+00 -3.047604E+00
      4493 -1.054096E+00  3.395956E+00 -4.227136E+00
      4494 -1.090474E+00  4.564715E+00 -5.641697E+00
      4495 -1.126136E+00  6.295813E+00 -7.528102E+00
      4496 -1.124983E+00  6.821047E+00 -9.860447E+00
      5212  1.696110E+00 -2.055303E+00  1.922470E+00
      5213  6.524714E+00 -1.122946E+00  4.232514E+00
      5214  1.060361E+01  9.127368E-03  7.562327E+00
      5215  1.603247E+01  6.543540E-01  9.122766E+00
      5216 -1.452004E+00  8.988475E-02 -3.468765E+00
      5217  2.683423E+00 -3.222071E+00  4.827021E+00
      5218  9.708897E+00 -5.458044E+00  1.799619E+01
      5219  1.794512E+01 -7.032477E+00  3.458859E+01
      5220  2.946965E+01 -8.192442E+00  5.966110E+01
      5373 -7.392377E-01  1.580856E+00 -3.208573E+00
      5374 -3.795537E+00  2.050641E+01  1.071306E+02
      5375  3.284493E+00 -1.193263E+00 -3.502814E+00
      5376  1.308988E+00 -4.626793E-01 -3.309122E+00
      5377 -2.992000E+00 -1.123288E+00 -6.443491E-01
      5378 -1.006028E+01 -7.033358E-01  2.057423E+00
      5379  3.731276E+00  2.198240E+00 -9.323795E+00
      5380  3.724373E+00 -2.206647E+00 -7.097769E+00
      5381 -1.811506E+00 -4.935527E+00  3.551002E+00
      5382 -1.102705E+01 -7.066223E+00  2.060540E+01
      5383 -2.555268E+01 -9.199894E+00  4.958009E+01
      6119 -3.208596E+00 -1.085281E+00 -3.514141E+00
      6120 -1.545174E+00 -4.361336E-01 -3.469065E+00
      6121  2.270489E+00 -1.047859E+00 -9.943681E-01
      6122  8.761351E+00 -7.328662E-01  1.481617E+00
      6123 -3.491959E+00  2.098131E+00 -8.741957E+00
      6124 -3.709360E+00 -1.976066E+00 -7.056597E+00
      6125  1.264662E+00 -4.492139E+00  2.517894E+00
      6126  9.667689E+00 -6.462659E+00  1.807286E+01
      6127  2.302850E+01 -8.464592E+00  4.467788E+01
      6289  7.578014E-01  1.407271E+00 -2.871681E+00
      6290  3.840565E+00  1.874913E+01  9.800728E+01
      6291 -1.866465E+00 -1.914649E+00  2.020647E+00
      6292 -6.441903E+00 -1.026432E+00  4.260734E+00
      6293 -1.011109E+01  2.761421E-02  7.418240E+00
      6294 -1.502480E+01  6.451202E-01  8.810480E+00
      6295  1.199297E+00 -4.567452E-02 -2.835472E+00
      6296 -2.822266E+00 -3.023989E+00  5.085350E+00
      6297 -9.327538E+00 -5.043097E+00  1.729474E+01
      6298 -1.687767E+01 -6.467449E+00  3.252861E+01
      6299 -2.732505E+01 -7.469305E+00  5.529570E+01
      6928  1.936364E+00 -6.416097E-01 -7.627235E+00
      6933 -1.826281E+00 -5.290290E-01 -6.848553E+00
      6935  6.845004E-02  1.883084E+00  2.303352E+00
      6936 -2.898301E-01  1.712181E+00  3.265858E+00
      6937 -2.348923E-01  1.167129E+00  2.265216E+00
      6938 -1.232178E-01  7.436048E-01  1.482068E+00
      6939 -3.831725E-02  4.424311E-01  9.171679E-01
      6940  2.246822E-02  2.499144E-01  5.419627E-01
      6941  5.678755E-02  1.360756E-01  3.117514E-01
      6942  8.019999E-02  8.075634E-02  1.887169E-01
      6943  9.275792E-02  7.220811E-02  1.604078E-01
      6944  9.344598E-02  9.623598E-02  1.839150E-01
      6945  8.927525E-02  1.312878E-01  2.401854E-01
      6946  8.229024E-02  1.750403E-01  3.115413E-01
      6947  7.455605E-02  2.213784E-01  3.898016E-01
      6948  6.677140E-02  2.625273E-01  4.621451E-01
      6949  5.734980E-02  3.000419E-01  5.273598E-01
      6950  5.010181E-02  3.318233E-01  5.835470E-01
      6951  4.280146E-02  3.549918E-01  6.243102E-01
      6952  3.655485E-02  3.706072E-01  6.513357E-01
      6953  3.169615E-02  3.781476E-01  6.667494E-01
      6954  2.757604E-02  3.852604E-01  6.734508E-01
      6955  2.303680E-02  3.895165E-01  6.749483E-01
      6956  1.893085E-02  3.880684E-01  6.738927E-01
      6957  1.579584E-02  3.893131E-01  6.729740E-01
      6958  1.292850E-02  3.919103E-01  6.753457E-01
      6959  1.034950E-02  3.961388E-01  6.816257E-01
      6960  8.311555E-03  4.024151E-01  6.924698E-01
      6961  6.561516E-03  4.106535E-01  7.076683E-01
      6962  5.341849E-03  4.182777E-01  7.220551E-01
      6963  4.735890E-03  4.198041E-01  7.285859E-01
      6964  9.949083E-03  4.675356E-01  7.229749E-01
      6965 -7.524356E-03  4.641451E-01  7.243121E-01
      6966 -2.871213E-03  4.232229E-01  7.380008E-01
      6967 -4.245029E-03  4.270859E-01  7.352870E-01
      6968 -7.312760E-03  4.201220E-01  7.261298E-01
      6969 -7.983558E-03  4.168936E-01  7.184700E-01
      6970 -1.232420E-02  4.195057E-01  7.185085E-01
      6971 -1.693236E-02  4.057459E-01  7.043999E-01
      6972 -1.798980E-02  4.035373E-01  6.940196E-01
      6973 -2.385856E-02  3.969452E-01  6.888926E-01
      6974 -2.888750E-02  3.937416E-01  6.860473E-01
      6975 -3.405369E-02  3.887168E-01  6.788972E-01
      6976 -3.935561E-02  3.803171E-01  6.675531E-01
      6977 -4.489726E-02  3.686065E-01  6.496497E-01
      6978 -5.081715E-02  3.529531E-01  6.243135E-01
      6979 -5.737217E-02  3.323859E-01  5.895369E-01
      6980 -6.416341E-02  3.054942E-01  5.429639E-01
      6981 -7.183190E-02  2.727503E-01  4.863310E-01
      6982 -7.958809E-02  2.339669E-01  4.184700E-01
      6983 -8.706180E-02  1.910444E-01  3.450752E-01
      6984 -9.296931E-02  1.461588E-01  2.727734E-01
      6985 -9.586702E-02  1.091613E-01  2.128602E-01
      6986 -9.414175E-02  8.627195E-02  1.819405E-01
      6987 -8.489116E-02  8.664290E-02  2.010222E-01
      6988 -6.428118E-02  1.279112E-01  2.962567E-01
      6989 -2.906059E-02  2.261959E-01  4.977395E-01
      6990  2.433712E-02  4.003776E-01  8.377722E-01
      6991  1.007507E-01  6.689068E-01  1.347532E+00
      6992  2.033884E-01  1.051363E+00  2.056478E+00
      6993  2.543011E-01  1.548421E+00  2.972308E+00
      6994 -7.082486E-02  1.705158E+00  2.098653E+00
      6995  1.356141E+00  6.982255E-01  1.911652E+00
      6996  8.087617E-01  1.176818E+00  3.127457E+00
      6997  1.813084E+00  2.920512E-01  2.751356E+00
      6998  1.989094E+00 -5.227670E-02  1.483382E+00
      6999  2.025275E+00 -2.345329E-01  6.603516E-01
      7000  1.946923E+00 -2.926543E-01  2.010334E-01
      7001  1.791919E+00 -2.675453E-01  7.477797E-03
      7002  1.599555E+00 -1.992851E-01 -1.983383E-02
      7003  1.411363E+00 -1.041258E-01  8.281635E-02
      7004  1.223785E+00  8.055279E-03  2.693152E-01
      7005  1.055414E+00  1.093728E-01  4.745172E-01
      7006  9.126756E-01  2.004873E-01  6.811792E-01
      7007  7.965814E-01  2.773215E-01  8.739402E-01
      7008  7.000205E-01  3.382097E-01  1.040506E+00
      7009  6.272660E-01  3.879017E-01  1.181788E+00
      7010  5.721328E-01  4.232967E-01  1.295981E+00
      7011  5.247873E-01  4.518449E-01  1.387621E+00
      7012  4.855660E-01  4.709047E-01  1.451449E+00
      7013  4.493762E-01  4.828976E-01  1.494036E+00
      7014  4.123656E-01  4.919858E-01  1.522594E+00
      7015  3.713799E-01  4.953340E-01  1.536748E+00
      7016  3.253528E-01  4.938539E-01  1.539346E+00
      7017  2.751554E-01  4.912459E-01  1.537049E+00
      7018  2.232963E-01  4.855434E-01  1.530068E+00
      7019  1.718863E-01  4.778577E-01  1.521370E+00
      7020  1.249829E-01  4.693775E-01  1.513007E+00
      7021  8.548954E-02  4.618111E-01  1.509008E+00
      7022  5.123413E-02  4.540129E-01  1.505764E+00
      7023  2.529878E-02  4.484004E-01  1.502040E+00
      7024  1.641553E-02  4.454372E-01  1.511740E+00
      7025  9.848658E-04  4.667722E-01  1.508484E+00
      7026 -1.465785E-02  4.497951E-01  1.521058E+00
      7027 -2.171479E-02  4.574273E-01  1.527890E+00
      7028 -4.537056E-02  4.684773E-01  1.547082E+00
      7029 -7.506898E-02  4.827518E-01  1.569131E+00
      7030 -1.115169E-01  5.003924E-01  1.603578E+00
      7031 -1.722728E-01  5.141251E-01  1.622709E+00
      7032 -2.247121E-01  5.198162E-01  1.617943E+00
      7033 -2.796138E-01  5.311391E-01  1.624659E+00
      7034 -3.358780E-01  5.331979E-01  1.624055E+00
      7035 -3.957516E-01  5.337377E-01  1.618079E+00
      7036 -4.533659E-01  5.271363E-01  1.595747E+00
      7037 -5.082251E-01  5.148089E-01  1.557731E+00
      7038 -5.601226E-01  4.957864E-01  1.501575E+00
      7039 -6.107031E-01  4.698459E-01  1.426250E+00
      7040 -6.629041E-01  4.356050E-01  1.328072E+00
      7041 -7.184150E-01  3.925288E-01  1.206736E+00
      7042 -7.846373E-01  3.392517E-01  1.059961E+00
      7043 -8.643918E-01  2.738959E-01  8.878291E-01
      7044 -9.640200E-01  1.967299E-01  6.944558E-01
      7045 -1.086430E+00  1.077364E-01  4.879767E-01
      7046 -1.231145E+00  9.447710E-03  2.841414E-01
      7047 -1.395754E+00 -9.120399E-02  1.085889E-01
      7048 -1.571252E+00 -1.838316E-01 -2.717302E-03
      7049 -1.741295E+00 -2.522353E-01 -1.584767E-03
      7050 -1.881492E+00 -2.741098E-01  1.723375E-01
      7051 -1.958484E+00 -2.212391E-01  5.879177E-01
      7052 -1.926849E+00 -5.757872E-02  1.326534E+00
      7053 -1.760933E+00  2.638244E-01  2.485102E+00
      7054 -7.943210E-01  1.075204E+00  2.844952E+00
      7055 -1.283812E+00  6.465943E-01  1.747172E+00
      7429 -3.307099E-01  8.157773E+00 -1.994153E+01
      7458 -2.092591E-01  1.131191E+01  2.915739E+01
      7476 -2.723393E+00 -2.334718E-01  1.948264E+00
      7477 -1.104304E+00 -2.061334E-01  9.478919E-01
      7478 -7.310714E+00  6.213673E-01  1.748425E+01
      7479 -3.743259E+00 -4.950139E-01  8.935777E+00
      7480 -8.035704E-01 -5.750308E-01  1.987093E+00
      7481  3.248462E+00 -3.570559E-02  1.378448E+00
      7482  8.668156E-01 -1.716020E-01  1.012924E-01
      7483 -1.972129E+00 -2.475232E-01 -1.250906E+00
      7484  7.976143E+00  5.768963E-01  1.890278E+01
      7485  3.422952E+00 -7.107262E-01  8.224945E+00
      7486 -1.041580E+00 -8.259403E-01 -1.906959E+00
      7487 -5.700107E+00 -3.175931E-02 -1.336972E+01
      7527  2.943755E-01  7.323227E+00 -1.788937E+01
      7556  2.163040E-01  1.030882E+01  2.656012E+01
      7574 -3.043893E+00 -2.799950E-02  1.341276E+00
      7575 -8.870420E-01 -1.519614E-01  1.827696E-01
      7576  1.690552E+00 -2.243574E-01 -1.034908E+00
      7577 -7.367298E+00  5.412214E-01  1.745441E+01
      7578 -3.242673E+00 -6.419857E-01  7.774358E+00
      7579  8.055294E-01 -7.412909E-01 -1.407649E+00
      7580  5.015925E+00 -2.125677E-02 -1.178674E+01
      7581  2.422686E+00 -2.145081E-01  1.713758E+00
      7582  9.544594E-01 -1.880720E-01  7.996638E-01
      7583  6.563090E+00  5.699942E-01  1.574746E+01
      7584  3.321983E+00 -4.326457E-01  7.985009E+00
      7585  6.992798E-01 -5.083806E-01  1.718248E+00
     50816  3.817602E-03  5.182694E-03  1.117150E-02
     50817  6.313282E-03  5.335356E-02 -1.356542E-02
     50818  2.536110E-03  5.900817E-02 -1.290566E-02
     50819  5.868239E-03  6.729365E-02 -1.342634E-02
     50820  3.587528E-03  7.372293E-02 -1.369186E-02
     50821  3.364340E-03  8.020670E-02 -1.285900E-02
     50822 -5.436585E-03  6.430393E-02  2.239057E-02
     50823  3.597639E-03  7.433380E-02 -1.413515E-02
     50824 -3.231787E-04  7.121263E-02 -1.090788E-02
     50825  5.444828E-03  6.955062E-02 -1.337856E-02
     50826  5.100350E-03  7.111507E-02 -1.335350E-02
     50827  5.611839E-03  8.100681E-02 -1.910621E-02
     50828  5.809116E-03 -1.266490E-02  5.120323E-02
     50829  6.588139E-03  6.510602E-02 -1.391206E-02
     50830  3.182162E-03  6.560925E-02 -9.576674E-03
     50831  2.598080E-02  2.527191E-01  8.673605E-02
     50832  1.673732E-02 -7.811967E-03  1.209047E-01
     50833  1.753732E-02  7.308579E-03  7.963989E-02
     50834  1.178948E-02 -1.993354E-02  7.125474E-02
     50835  4.028019E-03 -1.996975E-02  3.900096E-02
     50836  5.918220E-03  3.266195E-02 -5.395810E-03
     50837  9.081500E-03  4.436512E-02 -1.283123E-02
     50838  4.742322E-03  7.144167E-02 -1.380237E-02
     50839  3.488367E-03  7.150014E-02 -1.179685E-02
     50840  3.238412E-03  7.025055E-02 -1.069635E-02
     50841  5.750605E-03  5.688887E-02 -1.365250E-02
     50842  3.915970E-03  7.549050E-02 -1.459977E-02
     50843  6.980374E-03  8.839363E-03  1.668548E-02
     50844  8.487618E-03  2.541955E-02 -1.841276E-03
     50845  6.523932E-03  4.816335E-02 -1.267720E-02
     50846  3.602436E-03  7.311742E-02 -1.299859E-02
     50847  1.600980E+00 -2.149304E-01 -1.303374E+01
     50848  1.501045E+00  5.390622E-01 -1.068141E+01
     50849  1.865059E+00 -1.406084E-01 -9.897359E+00
     50850  2.115017E+00  2.386048E-01 -1.231508E+01
     50851  2.083042E-02 -1.174648E-01 -9.041498E-01
     50852  1.609880E-03 -5.513862E-02 -1.203205E+00
     50853 -3.818796E-02 -1.019031E-01 -8.934782E-01
     50854  1.050118E-02 -4.175633E-02 -1.230745E+00
     50855  1.978012E+00 -5.305906E-01 -8.400683E+00
     50856  1.902060E+00 -6.091503E-01 -7.603427E+00
     50857  2.026514E+00 -8.956842E-01 -1.009545E+01
     50858  2.081499E+00 -1.070130E+00 -1.013420E+01
     50859  2.046119E+00 -5.393032E-01 -6.627382E+00
     50860  1.935064E+00 -5.353091E-01 -5.963065E+00
     50861  2.226886E+00 -9.745688E-01 -7.928372E+00
     50862  2.386097E+00 -6.919441E-01 -9.480595E+00
     50863  2.221103E+00 -8.635637E-01 -8.034379E+00
     50864  2.016327E+00 -4.633345E-01 -5.098660E+00
     50865  1.875914E+00 -4.421529E-01 -4.514460E+00
     50866  2.203595E+00 -7.473635E-01 -6.135238E+00
     50867  2.389582E+00 -5.898571E-01 -7.421900E+00
     50868  2.153681E+00 -6.945113E-01 -6.092798E+00
     50869  1.879083E+00 -3.638550E-01 -3.776395E+00
     50870  1.733573E+00 -3.458161E-01 -3.291696E+00
     50871  2.072071E+00 -5.752616E-01 -4.587159E+00
     50872  2.002215E+00 -4.959967E-01 -4.477435E+00
     50873  2.262896E+00 -4.008132E-01 -5.588824E+00
     50874  1.680034E+00 -2.888301E-01 -2.688386E+00
     50875  1.533186E+00 -2.801750E-01 -2.312209E+00
     50876  1.858115E+00 -4.339101E-01 -3.305359E+00
     50877  2.044298E+00 -2.619387E-01 -4.046810E+00
     50878  1.798638E+00 -3.838834E-01 -3.161972E+00
     50879  1.452252E+00 -2.125754E-01 -1.842225E+00
     50880  1.325173E+00 -2.045656E-01 -1.562749E+00
     50881  1.617417E+00 -3.201610E-01 -2.287902E+00
     50882  1.795894E+00 -1.881614E-01 -2.816749E+00
     50883  1.555995E+00 -2.469789E-01 -2.178525E+00
     50884  1.226674E+00 -1.713727E-01 -1.220433E+00
     50885  1.112020E+00 -1.637794E-01 -1.029145E+00
     50886  1.357995E+00 -2.481137E-01 -1.535192E+00
     50887  1.313362E+00 -1.743408E-01 -1.436569E+00
     50888  1.506418E+00 -1.283094E-01 -1.903411E+00
     50889  1.019005E+00 -1.349578E-01 -7.938074E-01
     50890  9.264724E-01 -1.267509E-01 -6.674355E-01
     50891  1.126770E+00 -1.997822E-01 -1.005367E+00
     50892  1.248245E+00 -8.001114E-02 -1.250770E+00
     50893  1.083903E+00 -1.195198E-01 -9.559371E-01
     50894  8.384877E-01 -1.195943E-01 -5.310119E-01
     50895  7.606155E-01 -1.131151E-01 -4.659301E-01
     50896  9.101175E-01 -1.801701E-01 -6.699108E-01
     50897  9.007552E-01 -6.593654E-02 -6.639423E-01
     50898  1.017549E+00 -7.047642E-02 -8.222429E-01
     50899  6.890054E-01 -1.052469E-01 -3.816365E-01
     50900  6.287157E-01 -9.769018E-02 -3.543141E-01
     50901  7.505064E-01 -1.713506E-01 -4.779171E-01
     50902  8.139581E-01 -4.149693E-02 -5.890163E-01
     50903  7.292997E-01 -7.016609E-02 -5.117554E-01
     50904  5.711299E-01 -1.031665E-01 -3.393402E-01
     50905  5.232893E-01 -9.497188E-02 -3.304570E-01
     50906  6.004540E-01 -1.757551E-01 -4.013234E-01
     50907  6.671881E-01 -6.472463E-02 -4.706260E-01
     50908  6.149956E-01 -2.945390E-02 -4.868316E-01
     50909  4.813367E-01 -1.056870E-01 -3.516961E-01
     50910  4.427455E-01 -9.762140E-02 -3.594414E-01
     50911  4.944001E-01 -1.906559E-01 -4.013709E-01
     50912  5.198264E-01 -2.759042E-02 -5.187423E-01
     50913  5.449785E-01 -7.644416E-02 -4.497628E-01
     50914  4.145453E-01 -1.104124E-01 -4.014322E-01
     50915  3.811186E-01 -1.038120E-01 -4.224621E-01
     50916  4.168528E-01 -2.061938E-01 -4.491014E-01
     50917  4.545325E-01 -8.493610E-02 -4.975691E-01
     50918  4.499648E-01 -3.154455E-02 -5.918502E-01
     50919  3.686103E-01 -1.170403E-01 -4.734119E-01
     50920  3.424358E-01 -1.084919E-01 -4.883738E-01
     50921  3.624226E-01 -2.248413E-01 -5.254136E-01
     50922  3.996772E-01 -4.621971E-02 -6.883979E-01
     50923  3.863793E-01 -9.061421E-02 -5.838242E-01
     50924  3.350777E-01 -1.264252E-01 -5.488846E-01
     50925  3.124249E-01 -1.178867E-01 -5.650546E-01
     50926  3.211044E-01 -2.385363E-01 -6.056616E-01
     50927  3.476071E-01 -9.848031E-02 -6.776281E-01
     50928  3.686583E-01 -4.713363E-02 -7.886782E-01
     50929  3.145365E-01 -1.313292E-01 -6.167576E-01
     50930  2.939029E-01 -1.251825E-01 -6.279214E-01
     50931  3.002749E-01 -2.565539E-01 -6.891155E-01
     50932  3.484659E-01 -5.585831E-02 -8.773757E-01
     50933  3.160148E-01 -1.084636E-01 -7.779511E-01
     50934  3.004853E-01 -1.369911E-01 -6.717586E-01
     50935  2.805156E-01 -1.315323E-01 -6.748746E-01
     50936  2.857546E-01 -2.711820E-01 -7.568317E-01
     50937  2.976262E-01 -1.151020E-01 -8.625627E-01
     50938  3.353358E-01 -6.337490E-02 -9.470630E-01
     50939  2.887742E-01 -1.415843E-01 -7.086390E-01
     50940  2.678249E-01 -1.368732E-01 -7.041133E-01
     50941  2.755394E-01 -2.816985E-01 -8.044340E-01
     50942  2.858752E-01 -1.188634E-01 -9.258418E-01
     50943  3.249977E-01 -6.866256E-02 -9.939414E-01
     50944  2.758270E-01 -1.448670E-01 -7.260147E-01
     50945  2.499011E-01 -1.466135E-01 -7.340563E-01
     50946  2.649986E-01 -2.911502E-01 -8.325500E-01
     50947  2.749817E-01 -1.222792E-01 -9.657958E-01
     50948  3.142344E-01 -7.540465E-02 -1.009857E+00
     50949  2.572065E-01 -1.455826E-01 -7.209724E-01
     50950  2.292584E-01 -1.485821E-01 -7.390810E-01
     50951  2.676966E-01 -2.967370E-01 -8.423734E-01
     50952  2.433528E-01 -8.529957E-02 -1.008907E+00
     50953  2.805036E-01 -1.143709E-01 -9.986044E-01
     50954  2.325600E-01 -1.487952E-01 -7.230938E-01
     50955  2.057709E-01 -1.463683E-01 -7.217850E-01
     50956  2.461589E-01 -2.953734E-01 -8.437476E-01
     50957  2.529811E-01 -1.163912E-01 -1.008745E+00
     50958  2.233355E-01 -7.738119E-02 -1.023898E+00
     50959  2.046115E-01 -1.518371E-01 -7.359036E-01
     50960  1.746488E-01 -1.489131E-01 -7.213489E-01
     50961  1.996550E-01 -2.989459E-01 -8.457192E-01
     50962  2.156929E-01 -1.212108E-01 -1.001349E+00
     50963  2.387235E-01 -7.556987E-02 -1.029395E+00
     50964  1.709816E-01 -1.534205E-01 -7.405371E-01
     50965  1.393379E-01 -1.501400E-01 -7.293719E-01
     50966  1.664264E-01 -3.060586E-01 -8.502368E-01
     50967  2.021615E-01 -7.402326E-02 -1.033832E+00
     50968  1.783649E-01 -1.249093E-01 -9.941638E-01
     50969  1.348395E-01 -1.546653E-01 -7.543012E-01
     50970  1.027512E-01 -1.516840E-01 -7.484455E-01
     50971  1.294008E-01 -3.071489E-01 -8.617103E-01
     50972  1.620516E-01 -7.489253E-02 -1.049445E+00
     50973  1.404684E-01 -1.256057E-01 -1.002511E+00
     50974  9.937718E-02 -1.567424E-01 -7.802677E-01
     50975  6.777164E-02 -1.537117E-01 -7.798116E-01
     50976  9.150561E-02 -3.087290E-01 -8.857996E-01
     50977  1.008729E-01 -1.273658E-01 -1.024142E+00
     50978  1.224709E-01 -7.581216E-02 -1.079342E+00
     50979  6.780457E-02 -1.586182E-01 -8.171635E-01
     50980  3.755708E-02 -1.551774E-01 -8.203665E-01
     50981  5.673278E-02 -3.105045E-01 -9.224189E-01
     50982  8.702573E-02 -7.719870E-02 -1.121375E+00
     50983  6.306487E-02 -1.307550E-01 -1.059789E+00
     50984  4.231437E-02 -1.607890E-01 -8.602402E-01
     50985  1.227141E-02 -1.579210E-01 -8.684730E-01
     50986  2.793200E-02 -3.123531E-01 -9.679057E-01
     50987  3.056167E-02 -1.324940E-01 -1.106461E+00
     50988  5.903613E-02 -7.925226E-02 -1.170766E+00
     50989  2.601015E-02 -1.656993E-01 -9.095045E-01
     50990 -3.919272E-04 -1.589232E-01 -9.061107E-01
     50991  5.818904E-03 -3.178039E-01 -1.019835E+00
     50992  3.821660E-02 -9.158079E-02 -1.227387E+00
     50993  3.683508E-03 -1.331411E-01 -1.161230E+00
     50994  1.722612E-02 -1.784588E-01 -9.470641E-01
     50995 -8.838364E-03 -1.627665E-01 -9.379013E-01
     50996 -1.045840E-02 -3.209375E-01 -1.061816E+00
     50997  4.076351E-02 -9.778513E-02 -1.272980E+00
     50998 -8.795351E-03 -1.341501E-01 -1.212827E+00
     50999  9.216202E-02 -3.293316E-01 -1.029449E+00
     51000 -2.681830E-02 -1.294241E-01 -1.260691E+00
     52859 -3.318800E-02  1.936179E-01  7.587271E-02
     52860  7.325800E-03  2.164364E-02  7.773785E-02
     52861  7.707748E-03  1.054955E-02  6.148029E-02
     52862 -2.192655E-03  6.943467E-02 -1.408186E-02
     52863 -1.400457E-03  7.729814E-02 -1.617264E-02
     52864 -9.947947E-04  1.045697E-02  1.068372E-02
     52865 -3.190151E-03  9.539608E-02 -2.441695E-02
     52866 -3.005253E-03  5.975119E-02 -1.202552E-02
     52867  5.288431E-04  4.617610E-03  2.013115E-02
     52868  9.786645E-04  8.865690E-02 -1.884178E-02
     52869  3.382964E-04  9.147409E-02 -1.710722E-02
     52870 -2.714280E-03  4.826985E-02  6.835881E-03
     52871  1.580866E-03  9.160672E-02 -1.948214E-02
     52872 -3.305931E-03  3.310763E-02 -5.654969E-03
     52873  7.167630E-04  9.554522E-02 -2.354423E-02
     52874 -2.617552E-03  6.492321E-02 -1.305315E-02
     52875 -3.212872E-03  5.336498E-02 -1.078965E-02
     52876 -2.049508E-03  3.711186E-02 -5.589904E-03
     52877 -2.012497E-04  7.636671E-02 -1.570923E-02
     52878  4.886108E-03  2.995780E-03  4.584108E-02
     52879 -5.601798E-04  8.723144E-02 -1.683171E-02
     52880 -6.882685E-03  9.121734E-02 -2.340900E-02
     52881 -2.558616E-03  1.790959E-02  3.402652E-03
     52882 -1.652906E-04  7.980922E-02 -1.635113E-02
     52883 -8.938782E-04  7.903967E-02 -1.661118E-02
     52884 -3.558947E-03  4.769395E-02 -9.661419E-03
     52885 -5.359132E-03  2.947624E-02 -4.348671E-03
     52886 -1.843041E-03  7.401297E-02 -1.524947E-02
     52887  1.900234E-04  7.972160E-02 -1.668857E-02
     52888 -6.448538E-03 -1.560547E-02  1.159144E-01
     52889  2.268559E-03  1.327515E-03  3.189420E-02
     52890 -1.080246E-02 -5.670137E-02 -1.208243E+00
     52891 -1.291853E-02 -1.192639E-01 -9.041463E-01
     52892  1.318211E-03 -1.700498E-01 -9.757393E-01
     52893 -1.447555E-02 -3.457333E-02 -1.226954E+00
     52894 -1.417181E+00  4.762992E-01 -9.660734E+00
     52895 -1.505619E+00 -2.916582E-01 -1.175104E+01
     52896 -1.742965E+00 -1.201794E-01 -8.962896E+00
     52897 -2.006276E+00  1.522559E-01 -1.115964E+01
     52898  1.097559E-02 -1.832039E-01 -9.659102E-01
     52899 -2.036434E-02 -1.849946E-01 -9.615456E-01
     52900 -1.143488E-02 -3.007770E-01 -1.121033E+00
     52901  2.627743E-02 -1.293263E-01 -1.280840E+00
     52902 -2.319863E-03 -1.662390E-01 -9.210427E-01
     52903 -2.287314E-02 -1.689176E-01 -9.056404E-01
     52904  9.858412E-03 -3.281962E-01 -1.078862E+00
     52905 -5.085527E-02 -8.801097E-02 -1.293055E+00
     52906  3.140908E-03 -1.560385E-01 -1.249240E+00
     52907 -1.077843E-02 -1.718460E-01 -9.037342E-01
     52908 -3.963328E-02 -1.696853E-01 -8.613950E-01
     52909 -2.996716E-02 -3.247250E-01 -1.040808E+00
     52910  1.168830E-02 -9.549305E-02 -1.228450E+00
     52911 -2.386693E-02 -1.514316E-01 -1.234905E+00
     52912 -3.242146E-02 -1.683237E-01 -8.575229E-01
     52913 -6.580636E-02 -1.655196E-01 -8.191438E-01
     52914 -4.724220E-02 -3.259690E-01 -9.937426E-01
     52915 -9.108855E-03 -8.727945E-02 -1.171188E+00
     52916 -4.944681E-02 -1.494183E-01 -1.171418E+00
     52917 -5.707470E-02 -1.687959E-01 -8.180382E-01
     52918 -9.563305E-02 -1.615767E-01 -7.724993E-01
     52919 -7.585618E-02 -3.246178E-01 -9.477058E-01
     52920 -3.548431E-02 -1.019510E-01 -1.132510E+00
     52921 -7.662885E-02 -1.381352E-01 -1.118756E+00
     52922 -9.393050E-02 -1.641861E-01 -7.725604E-01
     52923 -1.321355E-01 -1.683439E-01 -7.598157E-01
     52924 -1.076398E-01 -3.219130E-01 -8.999839E-01
     52925 -1.127072E-01 -1.441937E-01 -1.073536E+00
     52926 -6.913107E-02 -8.219358E-02 -1.070101E+00
     52927 -1.317006E-01 -1.534576E-01 -7.242293E-01
     52928 -1.631242E-01 -1.567269E-01 -7.081873E-01
     52929 -1.175065E-01 -3.205408E-01 -8.649495E-01
     52930 -1.671587E-01 -8.750123E-02 -1.057350E+00
     52931 -1.346273E-01 -1.315541E-01 -1.013830E+00
     52932 -1.705284E-01 -1.548918E-01 -7.167406E-01
     52933 -2.033665E-01 -1.532325E-01 -6.891558E-01
     52934 -1.824460E-01 -3.093584E-01 -8.280853E-01
     52935 -1.782644E-01 -1.251879E-01 -1.004211E+00
     52936 -1.553164E-01 -7.102118E-02 -1.005835E+00
     52937 -2.081406E-01 -1.484168E-01 -6.978105E-01
     52938 -2.387828E-01 -1.521862E-01 -6.771371E-01
     52939 -2.176099E-01 -3.089203E-01 -8.103926E-01
     52940 -1.970650E-01 -7.507787E-02 -9.867791E-01
     52941 -2.241777E-01 -1.225376E-01 -9.680169E-01
     52942 -2.430743E-01 -1.446414E-01 -6.864887E-01
     52943 -2.726417E-01 -1.471696E-01 -6.652297E-01
     52944 -2.526368E-01 -3.066775E-01 -7.977034E-01
     52945 -2.346469E-01 -7.373589E-02 -9.696642E-01
     52946 -2.641911E-01 -1.237063E-01 -9.557670E-01
     52947 -2.753883E-01 -1.421308E-01 -6.768493E-01
     52948 -3.034123E-01 -1.467112E-01 -6.567994E-01
     52949 -2.870347E-01 -2.998866E-01 -7.852636E-01
     52950 -2.997804E-01 -1.167996E-01 -9.408893E-01
     52951 -2.696651E-01 -7.659625E-02 -9.573724E-01
     52952 -3.037903E-01 -1.401715E-01 -6.671630E-01
     52953 -3.309561E-01 -1.434848E-01 -6.440333E-01
     52954 -3.163515E-01 -2.953415E-01 -7.744394E-01
     52955 -2.993800E-01 -7.333551E-02 -9.399613E-01
     52956 -3.333270E-01 -1.195213E-01 -9.301858E-01
     52957 -3.298195E-01 -1.351468E-01 -6.503902E-01
     52958 -3.556321E-01 -1.389372E-01 -6.252036E-01
     52959 -3.415606E-01 -2.861175E-01 -7.565319E-01
     52960 -3.620279E-01 -1.159309E-01 -9.108697E-01
     52961 -3.266760E-01 -7.178376E-02 -9.130675E-01
     52962 -3.536648E-01 -1.288048E-01 -6.254964E-01
     52963 -3.784089E-01 -1.328467E-01 -5.967150E-01
     52964 -3.637646E-01 -2.744240E-01 -7.300711E-01
     52965 -3.513391E-01 -6.972221E-02 -8.742674E-01
     52966 -3.867744E-01 -1.109445E-01 -8.834398E-01
     52967 -3.776073E-01 -1.216126E-01 -5.905387E-01
     52968 -4.021686E-01 -1.268995E-01 -5.591208E-01
     52969 -3.850002E-01 -2.596801E-01 -6.920346E-01
     52970 -4.088369E-01 -1.033595E-01 -8.432836E-01
     52971 -3.763495E-01 -6.732567E-02 -8.219271E-01
     52972 -4.040911E-01 -1.145126E-01 -5.469041E-01
     52973 -4.304035E-01 -1.200659E-01 -5.125763E-01
     52974 -4.082704E-01 -2.441522E-01 -6.440149E-01
     52975 -4.038444E-01 -6.331793E-02 -7.572973E-01
     52976 -4.316252E-01 -9.576547E-02 -7.902640E-01
     52977 -4.386709E-01 -1.063930E-01 -4.966078E-01
     52978 -4.684284E-01 -1.131321E-01 -4.635607E-01
     52979 -4.376595E-01 -2.257083E-01 -5.866635E-01
     52980 -4.592425E-01 -8.672053E-02 -7.248321E-01
     52981 -4.404197E-01 -5.815612E-02 -6.834080E-01
     52982 -4.857719E-01 -1.009405E-01 -4.505867E-01
     52983 -5.221047E-01 -1.083078E-01 -4.235708E-01
     52984 -4.805454E-01 -2.074262E-01 -5.298175E-01
     52985 -4.965772E-01 -7.779897E-02 -6.538121E-01
     52986 -4.925411E-01 -5.295918E-02 -6.135513E-01
     52987 -5.518165E-01 -9.696218E-02 -4.210895E-01
     52988 -5.974602E-01 -1.066168E-01 -4.175100E-01
     52989 -5.419771E-01 -1.917929E-01 -4.878737E-01
     52990 -5.670214E-01 -5.040000E-02 -5.586809E-01
     52991 -5.517676E-01 -7.221396E-02 -5.912052E-01
     52992 -6.423457E-01 -9.755934E-02 -4.262003E-01
     52993 -6.984332E-01 -1.070432E-01 -4.520712E-01
     52994 -6.209655E-01 -1.804497E-01 -4.820277E-01
     52995 -6.796454E-01 -6.725683E-02 -5.450124E-01
     52996 -6.392271E-01 -4.521282E-02 -5.698712E-01
     52997 -7.591982E-01 -1.056499E-01 -5.045985E-01
     52998 -8.301270E-01 -1.143372E-01 -5.590494E-01
     52999 -7.410835E-01 -1.698025E-01 -5.373917E-01
     53000 -7.420997E-01 -4.747763E-02 -5.943883E-01
     53001 -8.156980E-01 -6.251577E-02 -6.289479E-01
     53002 -9.038537E-01 -1.225294E-01 -6.825116E-01
     53003 -9.929653E-01 -1.309759E-01 -7.834960E-01
     53004 -9.010510E-01 -1.698672E-01 -6.880130E-01
     53005 -9.820442E-01 -4.770251E-02 -8.333074E-01
     53006 -8.752716E-01 -8.272392E-02 -6.967376E-01
     53007 -1.076198E+00 -1.508406E-01 -9.870641E-01
     53008 -1.183033E+00 -1.580049E-01 -1.154680E+00
     53009 -1.088333E+00 -1.908587E-01 -9.752990E-01
     53010 -1.191258E+00 -6.077407E-02 -1.191945E+00
     53011 -1.055354E+00 -1.068191E-01 -9.392270E-01
     53012 -1.267949E+00 -1.923705E-01 -1.457326E+00
     53013 -1.391173E+00 -1.981744E-01 -1.705965E+00
     53014 -1.305172E+00 -2.305264E-01 -1.435478E+00
     53015 -1.262226E+00 -1.440873E-01 -1.363371E+00
     53016 -1.430001E+00 -8.748933E-02 -1.758867E+00
     53017 -1.464652E+00 -2.490753E-01 -2.124468E+00
     53018 -1.600169E+00 -2.523142E-01 -2.464632E+00
     53019 -1.539302E+00 -2.964978E-01 -2.106170E+00
     53020 -1.491571E+00 -1.996073E-01 -2.009607E+00
     53021 -1.682864E+00 -1.310667E-01 -2.575159E+00
     53022 -1.644048E+00 -3.198991E-01 -3.008870E+00
     53023 -1.783949E+00 -3.186528E-01 -3.444630E+00
     53024 -1.769744E+00 -3.931872E-01 -3.015299E+00
     53025 -1.923537E+00 -1.912817E-01 -3.670440E+00
     53026 -1.724432E+00 -2.765314E-01 -2.915410E+00
     53027 -1.775596E+00 -4.010323E-01 -4.115022E+00
     53028 -1.906987E+00 -3.929645E-01 -4.638281E+00
     53029 -1.966359E+00 -5.206400E-01 -4.174084E+00
     53030 -2.116771E+00 -2.715588E-01 -5.055214E+00
     53031 -1.932446E+00 -3.697212E-01 -4.104429E+00
     53032 -1.825422E+00 -4.876660E-01 -5.426322E+00
     53033 -1.936502E+00 -4.743786E-01 -6.023208E+00
     53034 -2.092243E+00 -6.770053E-01 -5.575107E+00
     53035 -2.231423E+00 -3.954046E-01 -6.708537E+00
     53036 -2.077310E+00 -4.768300E-01 -5.575514E+00
     53037 -1.802968E+00 -5.360581E-01 -6.905901E+00
     53038 -1.865589E+00 -4.712894E-01 -7.627420E+00
     53039 -2.101003E+00 -8.830385E-01 -7.198811E+00
     53040 -2.119258E+00 -6.124969E-01 -7.304426E+00
     53041 -2.251617E+00 -6.104279E-01 -8.614582E+00
     53042 -1.905063E+00 -7.819070E-01 -9.137933E+00
     53043 -1.974640E+00 -9.164237E-01 -9.220793E+00
     57576  1.902855E+00  5.173996E+00  6.479541E-01
     57577  6.625130E-01  2.306361E+00  2.669567E+00
     57578  1.226633E+00  1.597415E+00  2.211764E+00
     57579  7.355536E-01  1.357855E+00  1.082803E+00
     57580  1.973323E+00  2.153383E+00  1.492587E+00
     57581 -2.195074E+00 -2.335121E+01  9.703694E+01
     57582 -3.597722E+00 -2.196762E+01  8.915773E+01
     57583  3.868249E+00 -1.383389E+01  7.869278E+01
     57584 -7.664643E-01  2.899182E+00 -1.076707E+01
     57585 -1.713233E+00  1.195784E+00 -5.245158E+00
     57586 -3.575854E+00 -1.791539E+00 -8.935337E+00
     57587  2.745378E-01  2.450564E+00 -1.284258E+01
     57588 -6.824762E+00 -1.785170E+01  6.546763E+01
     57589 -1.267657E+00 -3.077141E+00  5.339584E-01
     57590 -6.025796E+00 -6.736485E+00  3.354252E+00
     57591 -2.780471E+00 -2.470317E+00 -7.284633E+00
     57592 -1.551604E+00 -3.913760E+00 -9.171593E+00
     57593 -6.127263E-01 -7.762641E+00  1.709270E+01
     57594 -5.647065E+00 -9.967319E+00  2.330320E+01
     57595 -2.587882E+00 -7.511309E+00  5.473060E+00
     57596 -5.110931E-01 -4.343797E+00 -3.904265E+00
     57597 -2.797607E+00 -8.995903E+00  6.141295E+00
     57598  1.270186E+00 -1.161189E+01  4.166964E+01
     57599 -5.415474E+00 -1.264449E+01  4.907646E+01
     57600 -2.725922E+00 -1.108172E+01  2.474450E+01
     57601 -5.387880E-01 -8.220628E+00  1.345510E+01
     57602 -5.077931E+00 -1.196603E+01  2.876259E+01
     57603 -2.844862E+00 -1.324636E+01  5.565363E+01
     57604  6.409977E-01 -1.166455E+01  3.762230E+01
     62735 -6.640175E-01  2.160860E+00  2.495975E+00
     62736 -7.681598E-01  1.213457E+00  9.509214E-01
     62737 -1.867088E+00  1.949305E+00  1.424776E+00
     62738 -1.795390E+00  4.763568E+00  5.920345E-01
     62739 -1.255670E+00  1.497401E+00  2.064203E+00
     62740  1.705263E+00  9.520870E-01 -4.415686E+00
     62741  8.473165E-01  2.688058E+00 -1.001241E+01
     62742 -6.529479E-02  2.379240E+00 -1.184689E+01
     62743  3.608132E+00 -2.007699E+01  8.106843E+01
     62744  2.330017E+00 -2.143658E+01  8.930060E+01
     62745  6.473175E+00 -1.647158E+01  5.933100E+01
     62746  3.421216E+00 -1.979927E+00 -7.985727E+00
     62747 -3.339240E+00 -1.256131E+01  7.262353E+01
     62748  1.574844E+00 -3.591148E+00 -8.774633E+00
     62749  7.975207E-01 -3.878540E+00 -3.850739E+00
     62750  2.832889E+00 -2.264552E+00 -6.433636E+00
     62751  1.364710E+00 -2.836800E+00  1.088699E+00
     62752  2.724373E+00 -8.268934E+00  5.096021E+00
     62753  8.479002E-01 -7.413036E+00  1.194046E+01
     62754  2.664646E+00 -6.882287E+00  5.224977E+00
     62755  7.957019E-01 -7.099833E+00  1.633581E+01
     62756  5.846867E+00 -6.412120E+00  3.446499E+00
     62757  4.895783E+00 -1.101992E+01  2.572031E+01
     62758 -2.455389E-01 -1.057681E+01  3.381002E+01
     62759  2.786143E+00 -1.017788E+01  2.260354E+01
     62760  5.479270E+00 -9.230681E+00  2.191000E+01
     62761 -1.003703E+00 -1.061318E+01  3.886158E+01
     62762  2.907283E+00 -1.213053E+01  5.086364E+01
     62763  5.246034E+00 -1.162655E+01  4.554407E+01
     67401  1.290993E-01  2.369952E-01  6.802057E-02
     67402 -1.533888E-01  2.593438E-01  7.894919E-02
     67403  2.200442E-01  4.827392E-01 -1.970126E-01
     67404 -2.384353E-01  5.306158E-01 -2.088151E-01
     67405  2.967337E+00 -1.258844E+00 -1.112211E+01
     67406  2.531638E+00 -1.188029E+00 -2.607494E+00
     67407  2.919614E+00 -1.211525E+00 -9.214008E+00
     67408 -2.632246E-02 -4.536670E-01  6.175356E-01
     67409  2.905266E-02 -4.290837E-01  5.551734E-01
     67410 -2.237541E-02 -4.100976E-01  5.639111E-01
     67411  2.573843E-02 -4.485528E-01  6.245722E-01
     67412 -2.399049E+00 -1.058072E+00 -2.366475E+00
     67413 -2.771930E+00 -1.084583E+00 -1.005451E+01
     67414 -2.769438E+00 -1.070054E+00 -8.366450E+00
     67415  3.002667E+00 -1.658093E+00  1.249747E-01
     67416 -2.843625E+00 -1.484333E+00  9.313339E-02
     67417  2.457836E+00 -1.771972E+00 -6.210277E+00
     67418  3.360603E+00 -2.428275E+00 -6.068922E+00
     67419  2.714300E+00 -2.396900E+00 -2.351942E+00
     67420  1.408105E+00 -1.545934E+00  7.392318E-01
     67421  4.200756E+00 -3.342684E+00 -3.868413E+00
     67422  3.847057E+00 -3.533774E+00 -4.598573E+00
     67423  2.016527E+00 -1.279252E+00  1.534579E+00
     67424  4.508011E+00 -2.748220E+00 -3.443261E+00
     67425  4.845959E+00 -3.461471E+00 -3.388726E+00
     67426  4.479040E+00 -2.164606E+00 -2.853720E+00
     67427  4.782520E+00 -2.678712E+00 -2.927919E+00
     67428  4.226535E+00 -1.635505E+00 -2.198922E+00
     67429  4.502456E+00 -1.984103E+00 -2.358265E+00
     67430  3.835302E+00 -1.187476E+00 -1.558572E+00
     67431  4.077522E+00 -1.405579E+00 -1.757142E+00
     67432  3.385165E+00 -8.292463E-01 -9.969186E-01
     67433  3.589382E+00 -9.430121E-01 -1.189142E+00
     67434  2.944295E+00 -5.614997E-01 -5.143142E-01
     67435  3.095144E+00 -6.067802E-01 -7.126978E-01
     67436  2.528075E+00 -3.656891E-01 -1.083091E-01
     67437  2.640935E+00 -3.591186E-01 -2.905635E-01
     67438  2.159190E+00 -2.432600E-01  1.930037E-01
     67439  2.236972E+00 -2.026494E-01  4.636082E-02
     67440  1.854068E+00 -1.718019E-01  4.149168E-01
     67441  1.902190E+00 -1.151483E-01  2.947722E-01
     67442  1.606930E+00 -1.412250E-01  5.661577E-01
     67443  1.631107E+00 -7.712423E-02  4.731847E-01
     67444  1.407674E+00 -1.387552E-01  6.630084E-01
     67445  1.419341E+00 -7.326145E-02  5.950697E-01
     67446  1.257984E+00 -1.522635E-01  7.169349E-01
     67447  1.255657E+00 -9.150278E-02  6.676780E-01
     67448  1.145006E+00 -1.729078E-01  7.493178E-01
     67449  1.135631E+00 -1.173115E-01  7.114098E-01
     67450  1.057979E+00 -1.948810E-01  7.712264E-01
     67451  1.047931E+00 -1.480473E-01  7.430022E-01
     67452  9.879636E-01 -2.132258E-01  7.836393E-01
     67453  9.753756E-01 -1.733745E-01  7.632788E-01
     67454  9.253195E-01 -2.264088E-01  7.959366E-01
     67455  9.119436E-01 -1.916950E-01  7.797425E-01
     67456  8.628824E-01 -2.301373E-01  8.133768E-01
     67457  8.483074E-01 -2.013044E-01  7.980047E-01
     67458  7.881038E-01 -2.341103E-01  8.254460E-01
     67459  7.763634E-01 -2.076079E-01  8.160556E-01
     67460  7.017055E-01 -2.379241E-01  8.323552E-01
     67461  6.941904E-01 -2.127501E-01  8.286199E-01
     67462  6.074641E-01 -2.378799E-01  8.373315E-01
     67463  6.011798E-01 -2.157246E-01  8.365691E-01
     67464  5.021664E-01 -2.456723E-01  8.271596E-01
     67465  4.989141E-01 -2.242301E-01  8.337433E-01
     67466  3.939139E-01 -2.598766E-01  8.026456E-01
     67467  3.945297E-01 -2.394428E-01  8.157642E-01
     67468  2.902076E-01 -2.808397E-01  7.640117E-01
     67469  2.941125E-01 -2.618828E-01  7.827691E-01
     67470  1.981983E-01 -3.064049E-01  7.168863E-01
     67471  2.053705E-01 -2.894915E-01  7.378113E-01
     67472  1.195567E-01 -3.349519E-01  6.673192E-01
     67473  1.324430E-01 -3.198335E-01  6.884200E-01
     67474  6.214045E-02 -3.615592E-01  6.171452E-01
     67475  7.643078E-02 -3.511235E-01  6.361620E-01
     67476  3.212508E-02 -3.840295E-01  5.802898E-01
     67477  3.319465E-02 -3.770520E-01  5.900449E-01
     67478 -3.123564E-02 -3.753931E-01  6.019614E-01
     67479 -2.809001E-02 -3.862867E-01  5.829422E-01
     67480 -6.857659E-02 -3.556514E-01  6.540579E-01
     67481 -5.832778E-02 -3.685007E-01  6.283435E-01
     67482 -1.157061E-01 -3.214980E-01  7.215121E-01
     67483 -1.115834E-01 -3.407006E-01  6.906566E-01
     67484 -1.867153E-01 -2.922058E-01  7.967191E-01
     67485 -1.844216E-01 -3.130120E-01  7.607163E-01
     67486 -2.859610E-01 -2.567122E-01  8.688145E-01
     67487 -2.695778E-01 -2.796290E-01  8.408612E-01
     67488 -3.846054E-01 -2.236888E-01  9.033555E-01
     67489 -3.903960E-01 -2.513763E-01  8.923285E-01
     67490 -4.922247E-01 -1.953537E-01  9.301844E-01
     67491 -5.022640E-01 -2.291013E-01  9.183795E-01
     67492 -6.046163E-01 -1.743268E-01  9.501301E-01
     67493 -6.202838E-01 -2.061885E-01  9.455913E-01
     67494 -7.187068E-01 -1.612570E-01  9.577893E-01
     67495 -7.337910E-01 -1.983721E-01  9.609736E-01
     67496 -8.312313E-01 -1.534954E-01  9.468708E-01
     67497 -8.484751E-01 -1.921637E-01  9.604560E-01
     67498 -9.368655E-01 -1.482460E-01  9.209625E-01
     67499 -9.567310E-01 -1.904480E-01  9.435279E-01
     67500 -1.036199E+00 -1.441419E-01  8.821965E-01
     67501 -1.057664E+00 -1.889647E-01  9.133439E-01
     67502 -1.130650E+00 -1.393341E-01  8.333012E-01
     67503 -1.151579E+00 -1.873418E-01  8.724813E-01
     67504 -1.223938E+00 -1.323626E-01  7.752262E-01
     67505 -1.241890E+00 -1.842518E-01  8.226982E-01
     67506 -1.321611E+00 -1.248134E-01  7.065078E-01
     67507 -1.335651E+00 -1.806948E-01  7.628148E-01
     67508 -1.434344E+00 -1.163087E-01  6.259278E-01
     67509 -1.439439E+00 -1.765837E-01  6.927194E-01
     67510 -1.573520E+00 -1.142603E-01  5.250152E-01
     67511 -1.567138E+00 -1.766597E-01  6.052056E-01
     67512 -1.751509E+00 -1.244008E-01  3.951204E-01
     67513 -1.729031E+00 -1.874252E-01  4.919356E-01
     67514 -1.982216E+00 -1.582919E-01  2.218541E-01
     67515 -1.938067E+00 -2.156708E-01  3.410739E-01
     67516 -2.273078E+00 -2.361693E-01 -9.431610E-03
     67517 -2.200296E+00 -2.774341E-01  1.322829E-01
     67518 -2.624642E+00 -3.707985E-01 -3.075792E-01
     67519 -2.520037E+00 -3.851569E-01 -1.441191E-01
     67520 -3.032604E+00 -5.789806E-01 -6.788760E-01
     67521 -2.892395E+00 -5.504820E-01 -4.969791E-01
     67522 -3.478075E+00 -8.820720E-01 -1.124407E+00
     67523 -3.298378E+00 -7.879012E-01 -9.348858E-01
     67524 -3.924647E+00 -1.291361E+00 -1.630164E+00
     67525 -3.706391E+00 -1.105649E+00 -1.450655E+00
     67526 -4.316772E+00 -1.811912E+00 -2.167109E+00
     67527 -4.065310E+00 -1.505435E+00 -2.023569E+00
     67528 -4.578204E+00 -2.437381E+00 -2.686595E+00
     67529 -4.305164E+00 -1.976979E+00 -2.614991E+00
     67530 -4.632062E+00 -3.141002E+00 -3.106742E+00
     67531 -4.332609E+00 -2.499992E+00 -3.157669E+00
     67532 -3.669133E+00 -3.187104E+00 -4.184313E+00
     67533 -4.047454E+00 -3.022076E+00 -3.533658E+00
     67534 -3.191532E+00 -2.181149E+00 -5.499679E+00
     67535 -2.357488E+00 -1.591911E+00 -5.648539E+00
     67536 -1.953232E+00 -1.153348E+00  1.384440E+00
     67537 -2.592440E+00 -2.157578E+00 -2.142400E+00
     67538 -1.404088E+00 -1.386701E+00  6.673061E-01
     68403  1.593658E-01  2.238016E-01  2.754924E-01
     68404 -3.562999E-01  5.980352E-01  5.182435E-01
     68405  7.642614E-02  9.524483E-01 -8.871116E-01
     68406 -4.880515E-02  4.336027E-01 -2.481482E-01
     68407  3.605148E-01  3.702688E-01  2.029573E-01
     68408  8.474074E-01  7.660498E-01 -1.053717E+01
     68409  3.730216E-01  1.215512E+00 -1.923892E+01
     68410  1.420762E+00 -5.381622E-01 -4.245986E+00
     68411  9.768387E-01 -4.722411E-03 -8.925230E+00
     68412  1.566795E-01 -2.809093E-01 -9.032756E+00
     68413 -8.611704E-01  1.747450E+00 -2.401533E+01
     68414 -4.860814E-02 -7.996500E-01  5.213997E+00
     68415  3.680427E-01 -3.035497E-01  4.772050E-01
     68416  5.200365E-01 -7.844018E-01 -3.784700E+00
     68417 -1.582188E+00  2.998537E-01 -1.475312E+01
     68418  5.198678E-01  3.468428E+00  3.475359E+01
     68419 -1.230006E+00  2.836693E+00  3.276739E+01
     68420 -1.742046E+00  1.033769E+00  2.185435E+01
     68421  2.139570E+00  1.090113E+00  2.336516E+01
     68422 -1.220966E+00 -2.808937E-01  1.618079E+01
     68423 -9.238348E-01 -5.583207E-01  1.074613E+01
     68424  5.114433E-03 -5.480864E-01  1.612390E+01
     68425 -1.089878E-01 -1.193766E+00  6.390062E+00
     68426  1.454098E+00 -8.187961E-01  9.545842E+00
     68427 -9.761246E-02  3.552709E-01  1.471838E+01
     68428  2.504051E-01 -9.098911E-01 -5.013009E+00
     68429 -3.683708E-01 -5.539538E-01  1.649995E+00
     68430  1.096040E-02  4.438764E-01 -8.114262E+00
     68903 -1.650903E-01  2.004317E-01  2.415263E-01
     68904  3.164690E-01  5.333117E-01  4.480059E-01
     68905 -7.654741E-02  8.618011E-01 -8.166336E-01
     68906  3.117818E-02  3.973977E-01 -2.355435E-01
     68907 -3.180236E-01  3.289465E-01  1.894254E-01
     68908 -3.666613E-01  1.096971E+00 -1.729021E+01
     68909 -7.977262E-01  6.789580E-01 -9.482752E+00
     68910 -9.346907E-01  1.299467E-02 -7.987227E+00
     68911 -1.315961E+00 -4.563384E-01 -3.788466E+00
     68912 -1.900210E-01 -2.204338E-01 -8.054991E+00
     68913  7.655090E-01  1.562013E+00 -2.141730E+01
     68914 -3.411171E-01 -2.319014E-01  4.094915E-01
     68915  6.787105E-02 -6.957204E-01  4.675321E+00
     68916 -4.841305E-01 -6.853385E-01 -3.320174E+00
     68917  1.402404E+00  2.712804E-01 -1.305296E+01
     68918  1.169775E+00  2.586946E+00  2.969718E+01
     68919 -4.402557E-01  3.179445E+00  3.181693E+01
     68920 -1.923822E+00  1.023395E+00  2.150218E+01
     68921  1.609488E+00  9.333897E-01  1.976275E+01
     68922  1.399300E-01  3.372843E-01  1.363662E+01
     68923 -1.314367E+00 -7.239746E-01  8.998725E+00
     68924  1.969994E-02 -4.729867E-01  1.471680E+01
     68925  3.780617E-01 -4.919175E-01  1.799141E+00
     68926 -2.448640E-01 -8.045554E-01 -4.193464E+00
     68927  1.255857E-01 -1.061211E+00  5.914610E+00
     68928  2.124338E-02  4.048049E-01 -7.158381E+00
     68929  8.976479E-01 -4.936998E-01  9.704002E+00
     68930  1.154588E+00 -2.337933E-01  1.462203E+01

 total force (fx,fy,fz) for set FEET and time  0.3000000E+01

       -2.786109E-09 -3.000000E+02  1.200000E+03

                        S T E P       4


                                INCREMENT     1


 displacements (vx,vy,vz) for set TOP and time  0.4000000E+01

     36383 -1.004743E-02  4.071882E-01 -3.812571E-01
     37151 -1.688616E-03  4.440054E-01 -4.072846E-01
     38601 -1.679821E-02  3.128344E-01 -3.137405E-01
     45010  5.058972E-03  4.307423E-01 -3.976650E-01
     47663  1.277443E-02  3.061061E-01 -3.018147E-01

 forces (fx,fy,fz) for set FEET and time  0.4000000E+01

       199 -1.464817E-01  2.064793E-01 -2.274896E+00
       203  4.734804E-01  6.353294E+00 -6.228822E+00
       204 -7.421433E-03 -7.562801E-02 -1.116279E+00
       208  4.009868E-03  6.798335E-01 -3.346950E-01
       209  1.310834E-01  1.567846E-01 -2.025515E+00
       213 -4.038044E-01  5.804341E+00 -5.654915E+00
       242  1.162595E+01  6.548026E+00  1.636516E+01
       243 -1.958448E-01  1.330639E-01  8.065018E-02
       244  4.484036E-01  5.727194E-01 -1.646105E-01
       245 -1.078304E+01  4.630837E+00  1.318819E+01
       269 -4.118172E-01  5.333427E-01 -1.519318E-01
       270  9.764038E+00  4.123874E+00  1.181570E+01
       273  1.570543E-01  9.401516E-02  9.221897E-02
       274 -1.064829E+01  6.060318E+00  1.509060E+01
       282 -2.585679E-02  1.029692E+00  3.860601E+00
       284  1.366516E-02  9.300459E-01  3.459855E+00
       290 -4.861991E+00  3.628602E+00 -6.050345E+00
       293 -6.589660E+00  5.921383E+00  8.308281E+00
       294  9.058712E+00  7.483007E+00  1.134292E+01
       301  4.345224E+00  3.212483E+00 -5.371297E+00
       302 -8.199423E+00  6.804776E+00  1.031138E+01
       303  5.912793E+00  5.282049E+00  7.402874E+00
      3822  2.136294E+00  2.120212E+00 -1.638041E+01
      3848 -8.728159E-03 -2.350836E-01 -1.519476E+00
      3861  4.092760E-01  8.573865E-01 -2.594949E+00
      3862  4.848700E-01  6.773837E-01 -1.199979E+00
      3863  6.801091E-01  3.874437E-01 -2.455066E+00
      3864  4.952397E-01  2.154556E-01 -1.802416E+00
      3865  3.855990E-01  1.096653E-01 -1.403329E+00
      3866  3.028234E-01  4.889765E-02 -1.140277E+00
      3867  2.476223E-01 -5.661417E-04 -9.872957E-01
      3868  1.952425E-01 -2.125599E-02 -8.674725E-01
      3869  1.633881E-01 -3.674003E-02 -7.973600E-01
      3870  1.228923E-01 -4.218843E-02 -7.565787E-01
      3871  1.070837E-01 -4.592047E-02 -7.581971E-01
      3872  8.427764E-02 -4.339165E-02 -7.627175E-01
      3873  7.252325E-02 -3.885726E-02 -7.781218E-01
      3874  6.285948E-02 -3.714169E-02 -8.069784E-01
      3875  5.851360E-02 -2.672249E-02 -8.132441E-01
      3876  5.450157E-02 -2.811730E-02 -8.470576E-01
      3877  4.893730E-02 -2.388189E-02 -8.640941E-01
      3878  4.801922E-02 -2.105547E-02 -8.761112E-01
      3879  4.808804E-02 -1.956784E-02 -8.837802E-01
      3880  4.134589E-02 -1.755550E-02 -8.810872E-01
      3881  4.016411E-02 -1.965994E-02 -8.868173E-01
      3882  4.011877E-02 -2.238965E-02 -8.952924E-01
      3883  2.747173E-02 -2.149120E-02 -8.917437E-01
      3884  2.028813E-02 -2.068629E-02 -8.937338E-01
      3885  1.283901E-02 -1.969832E-02 -8.976259E-01
      3886  6.048804E-03 -1.753782E-02 -9.034897E-01
      3887  2.382466E-03 -1.393365E-02 -9.100310E-01
      3888 -2.528196E-03 -1.446753E-02 -9.243683E-01
      3889  1.208017E-04 -1.087607E-02 -9.201027E-01
      3890 -1.179583E-01  9.767644E-02 -1.091266E+00
      3891  3.822847E+00  1.675927E+00 -1.381448E+01
      3892  3.341211E+00 -6.793086E-02 -8.158130E+00
      3893  4.062172E+00 -8.716090E-01 -7.535063E+00
      3894  3.521769E+00 -8.292265E-01 -5.428286E+00
      3895  3.076691E+00 -6.758260E-01 -3.954823E+00
      3896  2.662640E+00 -5.476159E-01 -2.860660E+00
      3897  2.294351E+00 -4.355585E-01 -2.101965E+00
      3898  1.972887E+00 -3.653381E-01 -1.498543E+00
      3899  1.683570E+00 -3.205896E-01 -1.146106E+00
      3900  1.442666E+00 -2.977883E-01 -8.597632E-01
      3901  1.242127E+00 -2.622418E-01 -7.333261E-01
      3902  1.079975E+00 -2.532714E-01 -6.412933E-01
      3903  9.490503E-01 -2.476248E-01 -6.195374E-01
      3904  8.391975E-01 -2.436772E-01 -6.332322E-01
      3905  7.666631E-01 -2.536369E-01 -6.686045E-01
      3906  6.880394E-01 -2.596002E-01 -7.140851E-01
      3907  6.407716E-01 -2.657878E-01 -7.534243E-01
      3908  5.973041E-01 -2.712893E-01 -7.878242E-01
      3909  5.569007E-01 -2.760076E-01 -8.102168E-01
      3910  5.145519E-01 -2.867361E-01 -8.071215E-01
      3911  4.675959E-01 -2.833867E-01 -8.246646E-01
      3912  4.181048E-01 -2.804270E-01 -8.401150E-01
      3913  3.669704E-01 -2.897955E-01 -8.214546E-01
      3914  3.075366E-01 -2.924114E-01 -8.260539E-01
      3915  2.458891E-01 -2.956498E-01 -8.400933E-01
      3916  1.857611E-01 -2.997979E-01 -8.652302E-01
      3917  1.320134E-01 -3.014831E-01 -8.979580E-01
      3918  8.028907E-02 -3.009445E-01 -9.326862E-01
      3919  4.939651E-02 -3.140454E-01 -9.715967E-01
      3920  2.461032E-02 -3.291192E-01 -9.788386E-01
      3921  5.402212E-02 -3.411754E-01 -1.218397E+00
      4105  5.014051E-01  5.857058E+00 -3.156963E+00
      4106 -3.068030E-02  4.429047E+00 -1.519937E+00
      4107 -1.854418E-02  3.070695E+00 -8.026140E-01
      4108 -3.847630E-02  2.273723E+00 -4.846694E-01
      4109 -3.787266E-02  1.777934E+00 -3.126496E-01
      4110 -6.272757E-02  1.430687E+00 -1.852337E-01
      4111 -5.370517E-02  1.182820E+00 -1.119188E-01
      4112 -2.594955E-02  1.021578E+00 -5.254470E-02
      4113 -2.990966E-02  9.250987E-01 -5.244860E-03
      4114 -3.076879E-02  8.753500E-01  2.476760E-02
      4115 -2.769688E-02  8.443440E-01  2.553947E-02
      4116 -2.057236E-02  8.513102E-01  2.310362E-02
      4117 -1.987562E-02  8.625258E-01  1.774218E-02
      4118 -1.881135E-02  8.889146E-01  1.526803E-02
      4119 -1.773751E-02  9.008785E-01  9.521597E-03
      4120 -1.463778E-02  9.328045E-01  2.411155E-03
      4121 -1.140999E-02  9.545983E-01 -2.147458E-03
      4122 -1.035852E-02  9.694675E-01 -5.228950E-03
      4123 -1.452082E-02  9.808823E-01 -1.297017E-02
      4124 -7.143487E-03  9.831424E-01 -9.274428E-03
      4125 -2.711756E-03  9.769587E-01  3.461008E-03
      4126 -1.044799E-02  9.794174E-01  2.058811E-03
      4127 -4.375249E-03  9.891805E-01  3.645113E-04
      4128 -2.830277E-03  9.897818E-01 -2.323159E-03
      4129 -9.702086E-04  9.950852E-01 -3.764523E-03
      4130 -3.642089E-04  1.003321E+00 -7.147875E-03
      4131  5.800714E-04  1.012594E+00 -1.397420E-02
      4132  2.247781E-03  1.034234E+00 -1.244947E-02
      4133  8.110859E-03  1.060694E+00 -3.839131E-03
      4134 -7.183061E-02  8.853290E-01 -1.615641E-01
      4135  2.211274E+00  1.018440E+01 -1.512090E+01
      4136  1.805177E+00  7.623090E+00 -9.145857E+00
      4137  1.230517E+00  4.890093E+00 -5.581524E+00
      4138  9.372457E-01  3.359456E+00 -3.844241E+00
      4139  7.654043E-01  2.428009E+00 -2.786466E+00
      4140  6.499084E-01  1.842125E+00 -2.088200E+00
      4141  5.378419E-01  1.424278E+00 -1.580346E+00
      4142  4.608400E-01  1.228372E+00 -1.277958E+00
      4143  3.797647E-01  9.566752E-01 -1.024063E+00
      4144  3.138149E-01  8.300890E-01 -9.034556E-01
      4145  2.654295E-01  7.901460E-01 -8.152675E-01
      4146  2.025798E-01  7.630431E-01 -8.117373E-01
      4147  1.710834E-01  7.641759E-01 -8.249741E-01
      4148  1.475570E-01  7.814840E-01 -8.597160E-01
      4149  1.502569E-01  8.231890E-01 -8.952288E-01
      4150  1.188508E-01  8.428612E-01 -9.281584E-01
      4151  1.069044E-01  8.731286E-01 -9.629270E-01
      4152  9.933441E-02  8.946555E-01 -9.904084E-01
      4153  9.093233E-02  9.081382E-01 -1.008438E+00
      4154  1.031198E-01  9.181675E-01 -1.040118E+00
      4155  1.174337E-01  9.174992E-01 -1.031190E+00
      4156  8.644319E-02  9.175126E-01 -1.002458E+00
      4157  5.214583E-02  9.158595E-01 -1.017701E+00
      4158  3.790298E-02  9.155727E-01 -1.022090E+00
      4159  2.427319E-02  9.210756E-01 -1.029409E+00
      4160  9.603259E-03  9.315077E-01 -1.041674E+00
      4161 -2.951327E-03  9.445152E-01 -1.062828E+00
      4162 -1.452968E-02  9.581632E-01 -1.086071E+00
      4163 -1.687938E-03  9.842594E-01 -1.098144E+00
      4164 -1.171464E-02  9.743653E-01 -1.073428E+00
      4165 -3.673025E-03  8.303459E-01 -1.255353E+00
      4179 -1.951909E+00  1.907324E+00 -1.469330E+01
      4192  3.067756E-02 -4.572553E-03 -9.515475E-01
      4193 -1.233504E-02 -1.981027E-02 -9.198238E-01
      4194 -7.579266E-03 -2.281445E-02 -9.242930E-01
      4195 -1.806940E-02 -2.328606E-02 -9.112737E-01
      4196 -2.277579E-02 -3.467266E-02 -9.204828E-01
      4197 -1.450431E-02 -3.222181E-02 -9.039442E-01
      4198 -3.126385E-02 -3.104457E-02 -8.932132E-01
      4199 -3.383589E-02 -2.393553E-02 -8.656710E-01
      4200 -4.500769E-02 -2.529797E-02 -8.698486E-01
      4201 -5.477148E-02 -2.540581E-02 -8.631873E-01
      4202 -6.005883E-02 -2.494953E-02 -8.594219E-01
      4203 -6.487372E-02 -2.677604E-02 -8.526402E-01
      4204 -6.857087E-02 -2.679633E-02 -8.437315E-01
      4205 -7.165973E-02 -2.712241E-02 -8.321809E-01
      4206 -7.433585E-02 -2.748226E-02 -8.158320E-01
      4207 -7.738511E-02 -2.987865E-02 -7.978303E-01
      4208 -8.204800E-02 -3.171825E-02 -7.753698E-01
      4209 -8.819972E-02 -3.526490E-02 -7.540318E-01
      4210 -9.695344E-02 -3.743335E-02 -7.329678E-01
      4211 -1.161570E-01 -3.760529E-02 -7.151819E-01
      4212 -1.342248E-01 -3.621073E-02 -7.194015E-01
      4213 -1.576768E-01 -3.018158E-02 -7.452573E-01
      4214 -1.984744E-01 -1.686423E-02 -7.947478E-01
      4215 -2.437524E-01  7.592690E-03 -8.898273E-01
      4216 -3.003358E-01  4.555719E-02 -1.042562E+00
      4217 -3.729489E-01  1.045632E-01 -1.275221E+00
      4218 -4.731509E-01  2.022449E-01 -1.632172E+00
      4219 -6.368613E-01  3.621115E-01 -2.220840E+00
      4220 -4.544460E-01  6.216317E-01 -1.078127E+00
      4221 -3.769846E-01  7.790393E-01 -2.360047E+00
      4222 -5.984412E-02 -3.029124E-01 -1.142724E+00
      4223 -5.453651E-02 -3.494436E-01 -9.824700E-01
      4224 -8.447457E-02 -3.343386E-01 -9.855670E-01
      4225 -1.153738E-01 -3.265486E-01 -9.294958E-01
      4226 -1.657557E-01 -3.153952E-01 -8.918411E-01
      4227 -2.105327E-01 -3.066038E-01 -8.436829E-01
      4228 -2.803642E-01 -3.118759E-01 -7.989672E-01
      4229 -3.291737E-01 -2.860852E-01 -8.038116E-01
      4230 -4.040881E-01 -2.816481E-01 -7.697581E-01
      4231 -4.633729E-01 -2.775442E-01 -7.582272E-01
      4232 -5.239561E-01 -2.706256E-01 -7.534572E-01
      4233 -5.816717E-01 -2.707176E-01 -7.518514E-01
      4234 -6.344301E-01 -2.676033E-01 -7.495987E-01
      4235 -6.850119E-01 -2.622858E-01 -7.440874E-01
      4236 -7.332433E-01 -2.553345E-01 -7.312962E-01
      4237 -7.849471E-01 -2.499987E-01 -7.133133E-01
      4238 -8.410715E-01 -2.430407E-01 -6.880090E-01
      4239 -9.123025E-01 -2.377827E-01 -6.648185E-01
      4240 -1.000327E+00 -2.361088E-01 -6.506883E-01
      4241 -1.116628E+00 -2.428128E-01 -6.491398E-01
      4242 -1.265408E+00 -2.464607E-01 -7.196468E-01
      4243 -1.445421E+00 -2.581170E-01 -8.585298E-01
      4244 -1.661510E+00 -2.892467E-01 -1.063187E+00
      4245 -1.921887E+00 -3.322810E-01 -1.406430E+00
      4246 -2.223071E+00 -3.945432E-01 -1.911231E+00
      4247 -2.561276E+00 -4.838403E-01 -2.621121E+00
      4248 -2.931757E+00 -6.037088E-01 -3.594642E+00
      4249 -3.337610E+00 -7.362996E-01 -4.923709E+00
      4250 -3.817959E+00 -7.514293E-01 -6.805514E+00
      4251 -3.101135E+00 -4.918652E-02 -7.358734E+00
      4252 -3.514785E+00  1.565123E+00 -1.243301E+01
      4436 -1.412005E-02  1.000997E+00  2.096864E-02
      4437  2.921257E-04  1.078939E+00  3.113581E-02
      4438  9.340383E-03  1.058538E+00  2.493846E-02
      4439  1.149132E-02  1.049507E+00  1.824786E-02
      4440  1.014702E-02  1.047424E+00  2.087219E-02
      4441  1.782175E-02  1.023281E+00  9.826793E-03
      4442  8.880918E-03  1.000487E+00  2.278162E-02
      4443  4.427086E-03  9.580366E-01  1.325329E-02
      4444  1.431443E-02  9.567367E-01 -1.340908E-03
      4445  1.552839E-02  9.513278E-01  1.276801E-03
      4446  2.178035E-02  9.466863E-01 -3.559732E-03
      4447  2.272255E-02  9.469258E-01  4.571542E-03
      4448  2.397654E-02  9.377105E-01  3.293560E-03
      4449  2.461334E-02  9.237496E-01  2.087310E-03
      4450  2.618617E-02  9.047514E-01  8.706141E-04
      4451  2.683526E-02  8.840834E-01  3.609192E-03
      4452  2.715313E-02  8.580842E-01  3.913497E-03
      4453  2.961423E-02  8.343828E-01  6.787385E-03
      4454  2.676791E-02  8.186161E-01  3.825259E-03
      4455  3.453512E-02  8.079814E-01  7.078249E-03
      4456  3.841586E-02  8.099693E-01  7.503658E-03
      4457  3.654465E-02  8.489123E-01 -1.919223E-02
      4458  4.477063E-02  9.331996E-01 -5.543957E-02
      4459  5.068382E-02  1.063286E+00 -1.098629E-01
      4460  5.822315E-02  1.267786E+00 -1.873934E-01
      4461  6.607812E-02  1.568579E+00 -2.986863E-01
      4462  7.183355E-02  2.007825E+00 -4.678513E-01
      4463  7.066912E-02  2.694442E+00 -7.543325E-01
      4464  3.754466E-02  3.894886E+00 -1.383514E+00
      4465 -3.972353E-01  5.194670E+00 -2.825094E+00
      4466  6.168123E-03  8.494022E-01 -1.227846E+00
      4467  8.283710E-03  9.525205E-01 -1.036408E+00
      4468 -2.482288E-02  1.018930E+00 -9.994029E-01
      4469 -6.222897E-02  9.773084E-01 -1.004842E+00
      4470 -7.289855E-02  9.515881E-01 -1.004640E+00
      4471 -6.812909E-02  1.022123E+00 -9.589078E-01
      4472 -7.030129E-02  9.153965E-01 -9.836933E-01
      4473 -6.407733E-02  9.102443E-01 -9.541583E-01
      4474 -1.174748E-01  8.824147E-01 -9.787419E-01
      4475 -1.321782E-01  8.803209E-01 -9.727277E-01
      4476 -1.425619E-01  8.746050E-01 -9.749610E-01
      4477 -1.551858E-01  8.780260E-01 -9.567346E-01
      4478 -1.674152E-01  8.702825E-01 -9.477610E-01
      4479 -1.777665E-01  8.603906E-01 -9.387365E-01
      4480 -1.862516E-01  8.450084E-01 -9.265314E-01
      4481 -1.957984E-01  8.246030E-01 -9.056950E-01
      4482 -2.066227E-01  7.997403E-01 -8.803835E-01
      4483 -2.204973E-01  7.736566E-01 -8.548344E-01
      4484 -2.401400E-01  7.506252E-01 -8.277486E-01
      4485 -2.498538E-01  7.402313E-01 -8.329987E-01
      4486 -2.651701E-01  7.466899E-01 -8.351886E-01
      4487 -3.257852E-01  7.889701E-01 -8.663690E-01
      4488 -4.003985E-01  8.753172E-01 -9.912440E-01
      4489 -4.696699E-01  1.025854E+00 -1.184215E+00
      4490 -5.514274E-01  1.263882E+00 -1.481954E+00
      4491 -6.495769E-01  1.617087E+00 -1.918977E+00
      4492 -7.701047E-01  2.123981E+00 -2.556730E+00
      4493 -9.326880E-01  2.882719E+00 -3.521327E+00
      4494 -1.168538E+00  4.162398E+00 -5.122735E+00
      4495 -1.646908E+00  6.849970E+00 -8.300588E+00
      4496 -2.022746E+00  9.373810E+00 -1.365920E+01
      5212  2.592456E-01 -1.292699E+00  6.954889E-01
      5213  3.136874E+00 -7.512631E-01  2.054465E+00
      5214  5.858254E+00 -2.976365E-02  4.113101E+00
      5215  9.388018E+00  3.547223E-01  5.148152E+00
      5216 -1.701080E+00  7.302270E-01 -4.127127E+00
      5217  4.291748E-01 -1.434506E+00  7.843574E-01
      5218  4.877898E+00 -2.954560E+00  9.067629E+00
      5219  1.021378E+01 -4.051624E+00  1.966936E+01
      5220  1.769453E+01 -4.922030E+00  3.579080E+01
      5373 -3.980045E-01  1.987462E+00 -3.673680E+00
      5374 -2.072644E+00  1.290437E+01  6.645429E+01
      5375  2.412355E+00 -7.634159E-01 -2.205441E+00
      5376  1.092780E+00 -3.005055E-01 -1.967457E+00
      5377 -1.764728E+00 -7.549642E-01 -3.271681E-01
      5378 -6.298178E+00 -4.698603E-01  1.420654E+00
      5379  2.951378E+00  1.872032E+00 -7.344094E+00
      5380  2.981819E+00 -9.020225E-01 -5.654233E+00
      5381 -6.592438E-01 -2.686212E+00  1.303445E+00
      5382 -6.536060E+00 -4.094747E+00  1.223055E+01
      5383 -1.579423E+01 -5.488041E+00  3.065101E+01
      6119 -2.277897E+00 -6.916394E-01 -2.149529E+00
      6120 -1.145050E+00 -2.790983E-01 -1.996887E+00
      6121  1.397246E+00 -6.973194E-01 -4.839080E-01
      6122  5.531739E+00 -4.736995E-01  1.109894E+00
      6123 -2.703129E+00  1.727892E+00 -6.734698E+00
      6124 -2.832238E+00 -8.173334E-01 -5.366391E+00
      6125  4.356184E-01 -2.448270E+00  8.821502E-01
      6126  5.769179E+00 -3.737388E+00  1.080243E+01
      6127  1.422548E+01 -5.026075E+00  2.761006E+01
      6289  4.015530E-01  1.758920E+00 -3.260900E+00
      6290  2.062177E+00  1.174041E+01  6.051602E+01
      6291 -4.063120E-01 -1.192163E+00  7.702046E-01
      6292 -3.102574E+00 -6.819659E-01  2.067987E+00
      6293 -5.545069E+00 -1.664647E-02  3.992079E+00
      6294 -8.726283E+00  3.474448E-01  4.911885E+00
      6295  1.463087E+00  5.842297E-01 -3.537478E+00
      6296 -6.002016E-01 -1.359663E+00  1.094117E+00
      6297 -4.683559E+00 -2.727271E+00  8.706391E+00
      6298 -9.540598E+00 -3.715575E+00  1.837421E+01
      6299 -1.629790E+01 -4.477486E+00  3.295221E+01
      6928  2.126286E+00  2.730930E+00 -5.731366E+00
      6933 -1.981608E+00  2.515815E+00 -5.137651E+00
      6935 -2.495324E-01  3.342482E+00  5.131118E+00
      6936 -7.325746E-01  2.287989E+00  4.368344E+00
      6937 -3.537476E-01  1.530925E+00  2.862944E+00
      6938 -1.120548E-01  1.127749E+00  2.091788E+00
      6939 -1.127164E-02  9.045141E-01  1.680928E+00
      6940  3.415905E-02  7.941765E-01  1.442915E+00
      6941  5.988512E-02  7.295664E-01  1.319389E+00
      6942  5.416415E-02  6.894159E-01  1.224506E+00
      6943  6.529660E-02  6.664042E-01  1.187368E+00
      6944  6.647890E-02  6.837977E-01  1.187905E+00
      6945  6.336951E-02  6.961371E-01  1.212029E+00
      6946  5.843254E-02  7.170931E-01  1.242631E+00
      6947  5.456042E-02  7.427619E-01  1.281871E+00
      6948  5.189182E-02  7.625028E-01  1.317555E+00
      6949  4.207348E-02  7.817576E-01  1.346860E+00
      6950  3.862644E-02  8.008781E-01  1.380083E+00
      6951  3.307345E-02  8.146257E-01  1.402584E+00
      6952  2.833443E-02  8.235532E-01  1.417085E+00
      6953  2.534465E-02  8.246093E-01  1.425630E+00
      6954  2.291473E-02  8.329117E-01  1.429896E+00
      6955  1.879631E-02  8.399339E-01  1.432579E+00
      6956  1.465844E-02  8.358576E-01  1.433228E+00
      6957  1.203014E-02  8.371427E-01  1.432565E+00
      6958  9.455837E-03  8.389380E-01  1.433911E+00
      6959  6.987111E-03  8.407941E-01  1.436303E+00
      6960  5.379426E-03  8.437772E-01  1.441359E+00
      6961  4.041626E-03  8.489350E-01  1.451035E+00
      6962  3.461197E-03  8.516237E-01  1.456376E+00
      6963  3.120668E-03  8.399584E-01  1.444303E+00
      6964 -3.390138E-03  8.902323E-01  1.485247E+00
      6965 -9.796630E-04  8.790410E-01  1.479518E+00
      6966 -4.829707E-03  8.352127E-01  1.442515E+00
      6967 -6.794586E-03  8.505900E-01  1.448870E+00
      6968 -1.116439E-02  8.427105E-01  1.443957E+00
      6969 -9.660547E-03  8.439435E-01  1.442664E+00
      6970 -1.591243E-02  8.566458E-01  1.453913E+00
      6971 -2.123510E-02  8.304991E-01  1.429931E+00
      6972 -1.771340E-02  8.293301E-01  1.410405E+00
      6973 -2.433464E-02  8.190894E-01  1.403902E+00
      6974 -2.855038E-02  8.168795E-01  1.402172E+00
      6975 -3.245309E-02  8.130970E-01  1.395154E+00
      6976 -3.631650E-02  8.056755E-01  1.385916E+00
      6977 -4.026720E-02  7.961708E-01  1.371945E+00
      6978 -4.444029E-02  7.847183E-01  1.354302E+00
      6979 -4.913292E-02  7.709107E-01  1.331710E+00
      6980 -5.348902E-02  7.528338E-01  1.301435E+00
      6981 -5.836492E-02  7.327517E-01  1.268669E+00
      6982 -6.346056E-02  7.098523E-01  1.229666E+00
      6983 -6.824398E-02  6.850325E-01  1.190017E+00
      6984 -7.142711E-02  6.569922E-01  1.153582E+00
      6985 -7.316678E-02  6.406220E-01  1.125265E+00
      6986 -7.371385E-02  6.329556E-01  1.114729E+00
      6987 -7.052242E-02  6.322832E-01  1.134019E+00
      6988 -6.121678E-02  6.583902E-01  1.196432E+00
      6989 -4.268784E-02  7.174002E-01  1.319985E+00
      6990 -3.877987E-03  8.258870E-01  1.533555E+00
      6991  8.747952E-02  1.019212E+00  1.902276E+00
      6992  3.051832E-01  1.380521E+00  2.597990E+00
      6993  6.484891E-01  2.060899E+00  3.955205E+00
      6994  2.195292E-01  3.007092E+00  4.624916E+00
      6995  5.122095E-01  4.450166E+00  9.036228E+00
      6996  8.715457E-02  3.080504E+00  6.900537E+00
      6997  1.191416E+00  1.707900E+00  6.077810E+00
      6998  1.546647E+00  1.100472E+00  4.202157E+00
      6999  1.594574E+00  9.109589E-01  3.398119E+00
      7000  1.502886E+00  8.705904E-01  3.060081E+00
      7001  1.367652E+00  8.787359E-01  2.935362E+00
      7002  1.193316E+00  9.234794E-01  2.916230E+00
      7003  1.063405E+00  9.424764E-01  2.896267E+00
      7004  9.451020E-01  9.937004E-01  2.968411E+00
      7005  8.354815E-01  1.036539E+00  3.057558E+00
      7006  7.391148E-01  1.080813E+00  3.158665E+00
      7007  6.619009E-01  1.118079E+00  3.255621E+00
      7008  5.895149E-01  1.146801E+00  3.340526E+00
      7009  5.318768E-01  1.175634E+00  3.415620E+00
      7010  4.917345E-01  1.187251E+00  3.469633E+00
      7011  4.479594E-01  1.205357E+00  3.527549E+00
      7012  4.100837E-01  1.215944E+00  3.563943E+00
      7013  3.758317E-01  1.221076E+00  3.586815E+00
      7014  3.430729E-01  1.228703E+00  3.607207E+00
      7015  3.086457E-01  1.230867E+00  3.618136E+00
      7016  2.707697E-01  1.228147E+00  3.620121E+00
      7017  2.306236E-01  1.227972E+00  3.622346E+00
      7018  1.905388E-01  1.225053E+00  3.620175E+00
      7019  1.502255E-01  1.220624E+00  3.615953E+00
      7020  1.137446E-01  1.215958E+00  3.610922E+00
      7021  8.278929E-02  1.213692E+00  3.612716E+00
      7022  4.733917E-02  1.208857E+00  3.610179E+00
      7023  1.472576E-02  1.203471E+00  3.596300E+00
      7024  1.480879E-02  1.200549E+00  3.603947E+00
      7025 -1.607847E-02  1.234199E+00  3.553412E+00
      7026 -4.808722E-02  1.198996E+00  3.590427E+00
      7027 -4.603389E-02  1.199436E+00  3.583649E+00
      7028 -7.459953E-02  1.204313E+00  3.598360E+00
      7029 -1.005307E-01  1.211833E+00  3.613253E+00
      7030 -1.267721E-01  1.224301E+00  3.650194E+00
      7031 -1.936353E-01  1.226700E+00  3.648608E+00
      7032 -2.302440E-01  1.214990E+00  3.598187E+00
      7033 -2.658948E-01  1.222013E+00  3.585141E+00
      7034 -3.035698E-01  1.215723E+00  3.570911E+00
      7035 -3.495554E-01  1.214330E+00  3.561662E+00
      7036 -3.935238E-01  1.206812E+00  3.538819E+00
      7037 -4.357636E-01  1.196954E+00  3.506953E+00
      7038 -4.756093E-01  1.183371E+00  3.464195E+00
      7039 -5.148422E-01  1.166674E+00  3.412134E+00
      7040 -5.565130E-01  1.145544E+00  3.347211E+00
      7041 -5.982301E-01  1.120389E+00  3.272123E+00
      7042 -6.485927E-01  1.091868E+00  3.187170E+00
      7043 -7.064175E-01  1.057065E+00  3.090902E+00
      7044 -7.764314E-01  1.018407E+00  2.987471E+00
      7045 -8.610328E-01  9.763072E-01  2.882395E+00
      7046 -9.585086E-01  9.291156E-01  2.780914E+00
      7047 -1.070214E+00  8.812293E-01  2.697951E+00
      7048 -1.195929E+00  8.391445E-01  2.654944E+00
      7049 -1.329971E+00  8.071486E-01  2.673002E+00
      7050 -1.459582E+00  7.953513E-01  2.790962E+00
      7051 -1.547304E+00  8.308147E-01  3.093292E+00
      7052 -1.502169E+00  1.000301E+00  3.810732E+00
      7053 -1.181585E+00  1.550754E+00  5.499134E+00
      7054 -1.377314E-01  2.787800E+00  6.233262E+00
      7055 -5.231510E-01  4.008392E+00  8.124915E+00
      7429  1.464589E-01  1.267148E+01 -2.946474E+01
      7458 -2.943802E-01  2.400044E+01  5.891786E+01
      7476 -4.080739E+00 -2.694231E-01  2.340993E+00
      7477 -1.953884E+00 -2.182505E-01  1.398035E+00
      7478 -1.199953E+01  3.110913E+00  2.863189E+01
      7479 -6.310771E+00  2.009406E+00  1.489255E+01
      7480 -2.388358E+00  1.660125E+00  5.610950E+00
      7481  7.311271E+00 -1.064364E-01  3.843275E+00
      7482  3.263993E+00 -3.134155E-01  1.326799E+00
      7483 -1.277194E+00 -3.334089E-01 -6.708860E-01
      7484  1.694679E+01  3.080544E+00  3.971531E+01
      7485  8.261745E+00  1.493690E+00  1.979585E+01
      7486  9.242143E-01  1.307940E+00  3.437511E+00
      7487 -6.317063E+00  1.270632E+00 -1.503056E+01
      7527 -1.175659E-01  1.132983E+01 -2.632204E+01
      7556  2.829601E-01  2.161339E+01  5.306371E+01
      7574 -6.699354E+00 -9.199886E-02  3.578171E+00
      7575 -3.049389E+00 -2.819540E-01  1.294100E+00
      7576  1.062757E+00 -3.031329E-01 -5.115640E-01
      7577 -1.541905E+01  2.769342E+00  3.611800E+01
      7578 -7.585878E+00  1.316420E+00  1.816464E+01
      7579 -9.571297E-01  1.155398E+00  3.389260E+00
      7580  5.562140E+00  1.137903E+00 -1.325138E+01
      7581  3.598564E+00 -2.458873E-01  2.027511E+00
      7582  1.679910E+00 -1.989757E-01  1.161080E+00
      7583  1.065444E+01  2.810960E+00  2.552201E+01
      7584  5.554154E+00  1.827976E+00  1.319123E+01
      7585  2.103690E+00  1.508645E+00  4.911826E+00
     50816  4.548461E-03  1.349328E-01 -2.637527E-02
     50817  8.774143E-03  1.665030E-01 -4.089952E-02
     50818 -3.232526E-03  1.644249E-01 -3.978472E-02
     50819  8.027794E-03  1.716907E-01 -4.042456E-02
     50820  5.644510E-03  1.737945E-01 -4.003942E-02
     50821  4.770671E-03  2.091467E-01 -4.988846E-02
     50822 -1.162232E-02  1.274166E-01  4.303200E-02
     50823  5.639872E-03  1.743502E-01 -4.030052E-02
     50824 -4.058142E-03  1.752900E-01 -4.030644E-02
     50825  7.567796E-03  1.731413E-01 -4.047263E-02
     50826  7.334871E-03  1.735929E-01 -4.024213E-02
     50827  9.076525E-03  1.894683E-01 -5.150820E-02
     50828  8.923825E-03  1.464184E-01 -9.267206E-03
     50829  9.364186E-03  1.713782E-01 -4.131083E-02
     50830  5.365559E-03  1.589168E-01 -3.136794E-02
     50831  2.334771E-02  4.470124E-01  9.388852E-02
     50832  5.107932E-03  1.424877E-01  6.883533E-02
     50833 -2.132705E-04  1.676837E-01  1.071101E-02
     50834  7.785458E-03  1.496288E-01  1.323797E-03
     50835  9.386102E-03  1.504663E-01 -1.668668E-02
     50836  9.583827E-03  1.668437E-01 -3.746104E-02
     50837  1.230604E-02  1.773837E-01 -5.101205E-02
     50838  8.774465E-03  1.692603E-01 -4.027176E-02
     50839  5.413327E-03  1.719519E-01 -3.872185E-02
     50840  4.941264E-03  1.709465E-01 -3.810581E-02
     50841  7.691722E-03  1.645583E-01 -3.989494E-02
     50842  6.197483E-03  1.770783E-01 -4.119230E-02
     50843  1.147245E-02  1.643877E-01 -3.611593E-02
     50844  1.359050E-02  1.684131E-01 -4.487886E-02
     50845  9.482529E-03  1.666240E-01 -4.162909E-02
     50846  5.612770E-03  1.739932E-01 -3.977803E-02
     50847  3.031150E+00 -1.730844E-01 -1.689320E+01
     50848  2.564414E+00  1.653651E+00 -1.320489E+01
     50849  2.912695E+00  5.524422E-01 -1.150861E+01
     50850  3.699626E+00  6.124066E-01 -1.540166E+01
     50851  4.303430E-02 -2.501698E-01 -1.191963E+00
     50852 -8.380673E-03 -9.771509E-02 -1.711053E+00
     50853 -8.322517E-02 -1.841662E-01 -1.202383E+00
     50854  1.404553E-02 -1.284517E-01 -1.721578E+00
     50855  2.792495E+00 -2.477419E-01 -8.812406E+00
     50856  2.421632E+00 -6.245889E-01 -7.476206E+00
     50857  3.270724E+00 -7.264698E-01 -1.142880E+01
     50858  3.010133E+00 -1.387310E+00 -1.088738E+01
     50859  2.198473E+00 -5.579139E-01 -5.943195E+00
     50860  1.915993E+00 -6.254044E-01 -5.189859E+00
     50861  2.787377E+00 -1.251448E+00 -7.725892E+00
     50862  3.189221E+00 -5.789977E-01 -9.903590E+00
     50863  2.394060E+00 -9.595177E-01 -7.502488E+00
     50864  1.801669E+00 -5.590983E-01 -4.302437E+00
     50865  1.586190E+00 -5.412657E-01 -3.780043E+00
     50866  2.121560E+00 -1.039311E+00 -5.429016E+00
     50867  2.421845E+00 -6.231210E-01 -6.842449E+00
     50868  1.956667E+00 -6.177363E-01 -5.433117E+00
     50869  1.510452E+00 -4.680149E-01 -3.211645E+00
     50870  1.344878E+00 -4.439491E-01 -2.836783E+00
     50871  1.706651E+00 -8.805773E-01 -3.988368E+00
     50872  1.649790E+00 -4.255794E-01 -4.104545E+00
     50873  1.891301E+00 -4.613560E-01 -4.950278E+00
     50874  1.281756E+00 -4.101404E-01 -2.454634E+00
     50875  1.135582E+00 -4.052814E-01 -2.225518E+00
     50876  1.403411E+00 -7.625468E-01 -3.028525E+00
     50877  1.541870E+00 -3.541159E-01 -3.733359E+00
     50878  1.423608E+00 -3.332438E-01 -3.177182E+00
     50879  1.082184E+00 -3.413501E-01 -1.890436E+00
     50880  9.712939E-01 -3.323792E-01 -1.736770E+00
     50881  1.224853E+00 -6.741721E-01 -2.357007E+00
     50882  1.252140E+00 -2.156390E-01 -2.959809E+00
     50883  1.177264E+00 -3.236558E-01 -2.525070E+00
     50884  9.320511E-01 -3.146840E-01 -1.548401E+00
     50885  8.175154E-01 -3.098761E-01 -1.437496E+00
     50886  9.895206E-01 -6.119412E-01 -1.894114E+00
     50887  1.047679E+00 -2.234729E-01 -2.110022E+00
     50888  1.071570E+00 -2.558694E-01 -2.364459E+00
     50889  7.799264E-01 -2.896648E-01 -1.272996E+00
     50890  7.043029E-01 -2.860822E-01 -1.198845E+00
     50891  8.644840E-01 -5.780369E-01 -1.574322E+00
     50892  8.536762E-01 -1.684368E-01 -1.998731E+00
     50893  8.477942E-01 -2.438625E-01 -1.793284E+00
     50894  6.693180E-01 -2.947930E-01 -1.144135E+00
     50895  5.917348E-01 -2.965448E-01 -1.113555E+00
     50896  6.874510E-01 -5.738183E-01 -1.383411E+00
     50897  7.724586E-01 -1.361904E-01 -1.644714E+00
     50898  7.496519E-01 -2.224410E-01 -1.711610E+00
     50899  5.679854E-01 -2.762183E-01 -1.025433E+00
     50900  5.123989E-01 -2.716307E-01 -1.010607E+00
     50901  6.281803E-01 -5.737625E-01 -1.265722E+00
     50902  5.775264E-01 -1.294047E-01 -1.601457E+00
     50903  6.210843E-01 -2.184048E-01 -1.521285E+00
     50904  4.946472E-01 -2.784742E-01 -1.023674E+00
     50905  4.426923E-01 -2.715947E-01 -9.888716E-01
     50906  4.921311E-01 -5.663701E-01 -1.213130E+00
     50907  5.270359E-01 -2.178185E-01 -1.493603E+00
     50908  5.826058E-01 -1.075985E-01 -1.539057E+00
     50909  4.342905E-01 -2.815381E-01 -1.024597E+00
     50910  3.874843E-01 -2.739437E-01 -9.990733E-01
     50911  4.219529E-01 -5.825374E-01 -1.207549E+00
     50912  5.171859E-01 -1.056750E-01 -1.545728E+00
     50913  4.392227E-01 -2.301025E-01 -1.452171E+00
     50914  3.857883E-01 -2.833112E-01 -1.043726E+00
     50915  3.384513E-01 -2.786521E-01 -1.034463E+00
     50916  3.695318E-01 -5.903551E-01 -1.225729E+00
     50917  3.778374E-01 -2.325054E-01 -1.469162E+00
     50918  4.658398E-01 -1.081721E-01 -1.572606E+00
     50919  3.518992E-01 -2.883343E-01 -1.083904E+00
     50920  3.122895E-01 -2.769181E-01 -1.053007E+00
     50921  3.282600E-01 -6.047705E-01 -1.264515E+00
     50922  4.239318E-01 -1.331464E-01 -1.626216E+00
     50923  3.239422E-01 -2.271596E-01 -1.512253E+00
     50924  3.173672E-01 -2.975998E-01 -1.120127E+00
     50925  2.807616E-01 -2.864975E-01 -1.100651E+00
     50926  2.867039E-01 -6.043763E-01 -1.294109E+00
     50927  2.995156E-01 -2.272342E-01 -1.553345E+00
     50928  3.941699E-01 -1.175348E-01 -1.674233E+00
     50929  2.961195E-01 -2.965201E-01 -1.154646E+00
     50930  2.605977E-01 -2.913485E-01 -1.134295E+00
     50931  2.690402E-01 -6.188866E-01 -1.344378E+00
     50932  3.724089E-01 -1.243716E-01 -1.722663E+00
     50933  2.651761E-01 -2.378530E-01 -1.607037E+00
     50934  2.778935E-01 -2.996474E-01 -1.185035E+00
     50935  2.434691E-01 -2.953227E-01 -1.160212E+00
     50936  2.499021E-01 -6.303878E-01 -1.382979E+00
     50937  2.420427E-01 -2.434985E-01 -1.654450E+00
     50938  3.535602E-01 -1.290437E-01 -1.760656E+00
     50939  2.615807E-01 -3.023718E-01 -1.205437E+00
     50940  2.267770E-01 -2.988946E-01 -1.177246E+00
     50941  2.343731E-01 -6.362312E-01 -1.409109E+00
     50942  2.251757E-01 -2.451369E-01 -1.689606E+00
     50943  3.375536E-01 -1.312494E-01 -1.786630E+00
     50944  2.456497E-01 -3.033431E-01 -1.211536E+00
     50945  2.045307E-01 -3.123642E-01 -1.224510E+00
     50946  2.197712E-01 -6.443860E-01 -1.425541E+00
     50947  2.093945E-01 -2.489256E-01 -1.711885E+00
     50948  3.231700E-01 -1.426526E-01 -1.779175E+00
     50949  2.255510E-01 -3.027542E-01 -1.188318E+00
     50950  1.839969E-01 -3.122216E-01 -1.231476E+00
     50951  2.436597E-01 -6.490336E-01 -1.429255E+00
     50952  1.500194E-01 -1.574829E-01 -1.782392E+00
     50953  2.633355E-01 -2.344711E-01 -1.733964E+00
     50954  2.023534E-01 -3.073657E-01 -1.195000E+00
     50955  1.667452E-01 -3.056471E-01 -1.194205E+00
     50956  2.224304E-01 -6.391349E-01 -1.429864E+00
     50957  2.369209E-01 -2.331144E-01 -1.759439E+00
     50958  1.325170E-01 -1.399657E-01 -1.808324E+00
     50959  1.814836E-01 -3.096447E-01 -1.226851E+00
     50960  1.428190E-01 -3.082971E-01 -1.192219E+00
     50961  1.567187E-01 -6.414967E-01 -1.435904E+00
     50962  1.562748E-01 -2.412690E-01 -1.753448E+00
     50963  2.543689E-01 -1.362087E-01 -1.813179E+00
     50964  1.556709E-01 -3.107816E-01 -1.229564E+00
     50965  1.159706E-01 -3.085947E-01 -1.195763E+00
     50966  1.313677E-01 -6.547458E-01 -1.441496E+00
     50967  2.268996E-01 -1.339927E-01 -1.814758E+00
     50968  1.209665E-01 -2.488888E-01 -1.735272E+00
     50969  1.281411E-01 -3.107027E-01 -1.235566E+00
     50970  8.861077E-02 -3.094810E-01 -1.204828E+00
     50971  1.037277E-01 -6.547152E-01 -1.446309E+00
     50972  1.966268E-01 -1.358346E-01 -1.821485E+00
     50973  9.298209E-02 -2.486124E-01 -1.738244E+00
     50974  1.011811E-01 -3.120916E-01 -1.248436E+00
     50975  6.211777E-02 -3.110967E-01 -1.220764E+00
     50976  7.519522E-02 -6.557371E-01 -1.457974E+00
     50977  6.374716E-02 -2.489775E-01 -1.749060E+00
     50978  1.671458E-01 -1.358756E-01 -1.836296E+00
     50979  7.686774E-02 -3.128192E-01 -1.266668E+00
     50980  3.839712E-02 -3.110344E-01 -1.240193E+00
     50981  4.894938E-02 -6.567095E-01 -1.476116E+00
     50982  1.405009E-01 -1.356389E-01 -1.855839E+00
     50983  3.540359E-02 -2.516857E-01 -1.766790E+00
     50984  5.555898E-02 -3.144720E-01 -1.285912E+00
     50985  1.309016E-02 -3.143210E-01 -1.269078E+00
     50986  2.594066E-02 -6.574657E-01 -1.497896E+00
     50987  1.016671E-02 -2.511496E-01 -1.788452E+00
     50988  1.188823E-01 -1.348308E-01 -1.877022E+00
     50989  4.172357E-02 -3.231860E-01 -1.318734E+00
     50990  2.992113E-03 -3.119737E-01 -1.275525E+00
     50991  3.814320E-03 -6.669861E-01 -1.528689E+00
     50992  9.884004E-02 -1.534448E-01 -1.913217E+00
     50993 -1.680536E-02 -2.488518E-01 -1.817894E+00
     50994  3.084848E-02 -3.508055E-01 -1.334550E+00
     50995 -1.217913E-02 -3.269817E-01 -1.293629E+00
     50996 -2.200493E-02 -6.710493E-01 -1.544007E+00
     50997  1.165511E-01 -1.397115E-01 -1.936757E+00
     50998 -2.597968E-02 -2.443432E-01 -1.840661E+00
     50999  2.051900E-01 -6.622347E-01 -1.442807E+00
     51000 -7.536346E-02 -2.003765E-01 -1.887500E+00
     52859 -3.085594E-02  3.653414E-01  7.885644E-02
     52860  1.670905E-02  1.355160E-01  2.804090E-02
     52861  1.436986E-02  1.274015E-01  1.125595E-02
     52862  6.173427E-04  1.682017E-01 -3.983335E-02
     52863  1.391437E-03  1.759899E-01 -4.217738E-02
     52864  4.411273E-04  1.289752E-01 -2.313144E-02
     52865 -4.790469E-03  2.208000E-01 -6.428694E-02
     52866 -6.679153E-05  1.600419E-01 -3.763013E-02
     52867  1.594829E-03  1.260757E-01 -1.773577E-02
     52868  4.035248E-03  2.080530E-01 -5.372534E-02
     52869  4.204635E-03  2.346253E-01 -5.948525E-02
     52870 -1.334224E-02  1.014575E-01  4.004804E-03
     52871  5.167007E-03  2.213348E-01 -5.838521E-02
     52872  1.135843E-03  1.382746E-01 -3.256232E-02
     52873  4.046706E-03  2.321721E-01 -6.916065E-02
     52874  3.756583E-04  1.645588E-01 -3.877859E-02
     52875 -2.491503E-04  1.536998E-01 -3.611889E-02
     52876  5.843429E-04  1.345710E-01 -2.685350E-02
     52877  2.305491E-03  1.676429E-01 -3.953851E-02
     52878  7.296633E-03  1.248445E-01 -1.374081E-03
     52879  2.003117E-03  1.980928E-01 -4.516633E-02
     52880 -1.146448E-02  2.007265E-01 -5.707078E-02
     52881 -2.875708E-04  1.345654E-01 -2.779208E-02
     52882  2.375174E-03  1.744525E-01 -4.075397E-02
     52883  1.945382E-03  1.763810E-01 -4.220795E-02
     52884 -5.092514E-04  1.509147E-01 -3.541311E-02
     52885 -1.248938E-03  1.490527E-01 -3.900069E-02
     52886  9.535085E-04  1.731474E-01 -4.125752E-02
     52887  2.756874E-03  1.742191E-01 -4.179538E-02
     52888  1.406313E-02  1.050685E-01  7.516154E-02
     52889  3.362432E-03  1.251750E-01 -1.091259E-02
     52890 -1.790080E-02 -1.123581E-01 -1.714298E+00
     52891 -4.145296E-02 -2.535501E-01 -1.189530E+00
     52892 -6.134256E-03 -3.479987E-01 -1.342274E+00
     52893 -4.205830E-02 -7.175928E-02 -1.741382E+00
     52894 -2.350240E+00  1.467198E+00 -1.186008E+01
     52895 -2.767042E+00 -2.857549E-01 -1.509992E+01
     52896 -2.660259E+00  5.097337E-01 -1.035066E+01
     52897 -3.409152E+00  4.811795E-01 -1.384360E+01
     52898  4.794796E-03 -3.604649E-01 -1.336570E+00
     52899 -4.872744E-02 -3.586268E-01 -1.343940E+00
     52900 -3.471517E-02 -6.202465E-01 -1.601191E+00
     52901  6.686036E-02 -1.881504E-01 -1.905865E+00
     52902 -2.347114E-02 -3.219082E-01 -1.279287E+00
     52903 -4.948862E-02 -3.247536E-01 -1.272573E+00
     52904  9.086394E-03 -6.774096E-01 -1.550371E+00
     52905 -1.511607E-01 -1.086025E-01 -1.949121E+00
     52906  3.199274E-03 -2.673452E-01 -1.881249E+00
     52907 -2.774887E-02 -3.343261E-01 -1.313034E+00
     52908 -6.752923E-02 -3.269587E-01 -1.247331E+00
     52909 -7.462589E-02 -6.671351E-01 -1.532606E+00
     52910  4.305499E-02 -1.235724E-01 -1.923179E+00
     52911 -7.526296E-02 -2.738586E-01 -1.872709E+00
     52912 -4.774879E-02 -3.293392E-01 -1.285875E+00
     52913 -9.413664E-02 -3.195885E-01 -1.231191E+00
     52914 -8.911347E-02 -6.689886E-01 -1.507842E+00
     52915  2.343996E-02 -1.181768E-01 -1.880308E+00
     52916 -1.104162E-01 -2.772427E-01 -1.809880E+00
     52917 -6.195919E-02 -3.316163E-01 -1.271582E+00
     52918 -1.172004E-01 -3.110428E-01 -1.196473E+00
     52919 -1.144279E-01 -6.653977E-01 -1.486006E+00
     52920  9.107425E-03 -1.519648E-01 -1.876601E+00
     52921 -1.336887E-01 -2.612124E-01 -1.780214E+00
     52922 -9.541472E-02 -3.245122E-01 -1.234119E+00
     52923 -1.471714E-01 -3.285377E-01 -1.227797E+00
     52924 -1.381577E-01 -6.586075E-01 -1.450453E+00
     52925 -1.644651E-01 -2.704780E-01 -1.759504E+00
     52926 -1.830941E-02 -1.231618E-01 -1.807439E+00
     52927 -1.238414E-01 -3.059481E-01 -1.177180E+00
     52928 -1.618242E-01 -3.079716E-01 -1.157377E+00
     52929 -1.054868E-01 -6.565297E-01 -1.431119E+00
     52930 -2.301645E-01 -1.532354E-01 -1.792790E+00
     52931 -1.094164E-01 -2.462163E-01 -1.735405E+00
     52932 -1.548789E-01 -3.100328E-01 -1.196138E+00
     52933 -1.959181E-01 -3.027482E-01 -1.146400E+00
     52934 -1.911294E-01 -6.331473E-01 -1.392757E+00
     52935 -1.932288E-01 -2.428768E-01 -1.722258E+00
     52936 -9.701401E-02 -1.199875E-01 -1.760251E+00
     52937 -1.840269E-01 -2.986154E-01 -1.178802E+00
     52938 -2.215848E-01 -3.029451E-01 -1.140587E+00
     52939 -2.131003E-01 -6.350649E-01 -1.383964E+00
     52940 -1.319902E-01 -1.312774E-01 -1.746907E+00
     52941 -2.332331E-01 -2.426295E-01 -1.677144E+00
     52942 -2.105564E-01 -2.935232E-01 -1.170947E+00
     52943 -2.477688E-01 -2.950311E-01 -1.129476E+00
     52944 -2.382975E-01 -6.344034E-01 -1.377079E+00
     52945 -1.621306E-01 -1.314972E-01 -1.731170E+00
     52946 -2.644340E-01 -2.464640E-01 -1.674437E+00
     52947 -2.361064E-01 -2.919905E-01 -1.164131E+00
     52948 -2.721152E-01 -2.975286E-01 -1.125321E+00
     52949 -2.673706E-01 -6.261792E-01 -1.367074E+00
     52950 -2.913815E-01 -2.346226E-01 -1.660641E+00
     52951 -1.897987E-01 -1.361929E-01 -1.726103E+00
     52952 -2.580461E-01 -2.931155E-01 -1.160118E+00
     52953 -2.946889E-01 -2.953558E-01 -1.116074E+00
     52954 -2.915563E-01 -6.257761E-01 -1.362398E+00
     52955 -2.122847E-01 -1.300083E-01 -1.715536E+00
     52956 -3.188874E-01 -2.425301E-01 -1.656979E+00
     52957 -2.797984E-01 -2.888978E-01 -1.147958E+00
     52958 -3.158745E-01 -2.916688E-01 -1.103148E+00
     52959 -3.125037E-01 -6.183392E-01 -1.349589E+00
     52960 -3.429393E-01 -2.399208E-01 -1.641712E+00
     52961 -2.353722E-01 -1.282851E-01 -1.696091E+00
     52962 -3.003989E-01 -2.833001E-01 -1.130290E+00
     52963 -3.358127E-01 -2.859423E-01 -1.082537E+00
     52964 -3.318307E-01 -6.092315E-01 -1.331011E+00
     52965 -2.573123E-01 -1.270029E-01 -1.668104E+00
     52966 -3.642961E-01 -2.367521E-01 -1.622310E+00
     52967 -3.221032E-01 -2.772682E-01 -1.105799E+00
     52968 -3.574465E-01 -2.816469E-01 -1.058150E+00
     52969 -3.515229E-01 -5.972135E-01 -1.303805E+00
     52970 -3.836856E-01 -2.302194E-01 -1.593733E+00
     52971 -2.808939E-01 -1.257236E-01 -1.631926E+00
     52972 -3.449811E-01 -2.719358E-01 -1.077654E+00
     52973 -3.819735E-01 -2.758450E-01 -1.027630E+00
     52974 -3.730386E-01 -5.868756E-01 -1.273075E+00
     52975 -3.054748E-01 -1.232584E-01 -1.589886E+00
     52976 -4.047220E-01 -2.256809E-01 -1.559080E+00
     52977 -3.745042E-01 -2.638703E-01 -1.044101E+00
     52978 -4.131928E-01 -2.696074E-01 -9.971598E-01
     52979 -3.980637E-01 -5.726016E-01 -1.235139E+00
     52980 -4.294170E-01 -2.189064E-01 -1.516833E+00
     52981 -3.372047E-01 -1.201841E-01 -1.541985E+00
     52982 -4.105078E-01 -2.605518E-01 -1.016661E+00
     52983 -4.534278E-01 -2.663707E-01 -9.732308E-01
     52984 -4.332063E-01 -5.608393E-01 -1.200742E+00
     52985 -4.600803E-01 -2.122539E-01 -1.473220E+00
     52986 -3.775149E-01 -1.177751E-01 -1.501548E+00
     52987 -4.575236E-01 -2.562266E-01 -9.952522E-01
     52988 -5.103588E-01 -2.717467E-01 -9.968833E-01
     52989 -4.779682E-01 -5.533938E-01 -1.176552E+00
     52990 -4.288519E-01 -1.221373E-01 -1.454454E+00
     52991 -5.020151E-01 -2.110412E-01 -1.437171E+00
     52992 -5.208311E-01 -2.532853E-01 -9.785184E-01
     52993 -5.791188E-01 -2.685296E-01 -1.020292E+00
     52994 -5.046522E-01 -5.461664E-01 -1.170954E+00
     52995 -5.324522E-01 -1.951513E-01 -1.412461E+00
     52996 -5.931619E-01 -1.302622E-01 -1.466449E+00
     52997 -5.992637E-01 -2.575684E-01 -1.028322E+00
     52998 -6.612349E-01 -2.639899E-01 -1.055403E+00
     52999 -5.846603E-01 -5.292399E-01 -1.203072E+00
     53000 -6.601067E-01 -1.200610E-01 -1.497288E+00
     53001 -6.246155E-01 -1.910944E-01 -1.480731E+00
     53002 -6.920912E-01 -2.656315E-01 -1.152981E+00
     53003 -7.668025E-01 -2.727347E-01 -1.183566E+00
     53004 -7.175785E-01 -5.266134E-01 -1.294294E+00
     53005 -7.048699E-01 -1.161990E-01 -1.636799E+00
     53006 -7.140002E-01 -2.108873E-01 -1.519610E+00
     53007 -8.064599E-01 -2.810945E-01 -1.330727E+00
     53008 -8.943557E-01 -2.871610E-01 -1.399975E+00
     53009 -8.396968E-01 -5.457674E-01 -1.464756E+00
     53010 -8.412752E-01 -1.229543E-01 -1.847962E+00
     53011 -8.367973E-01 -2.291189E-01 -1.649266E+00
     53012 -9.413898E-01 -3.055870E-01 -1.609299E+00
     53013 -1.044773E+00 -3.122338E-01 -1.730138E+00
     53014 -9.874933E-01 -5.693615E-01 -1.736591E+00
     53015 -9.736739E-01 -2.511479E-01 -1.898921E+00
     53016 -1.006197E+00 -1.401939E-01 -2.186938E+00
     53017 -1.096889E+00 -3.452630E-01 -2.021496E+00
     53018 -1.220353E+00 -3.516434E-01 -2.209043E+00
     53019 -1.163688E+00 -6.134659E-01 -2.147831E+00
     53020 -1.136857E+00 -2.865175E-01 -2.288947E+00
     53021 -1.201817E+00 -1.670798E-01 -2.695440E+00
     53022 -1.276474E+00 -4.036649E-01 -2.611170E+00
     53023 -1.428322E+00 -4.059175E-01 -2.889249E+00
     53024 -1.374949E+00 -6.850892E-01 -2.745237E+00
     53025 -1.439002E+00 -2.062636E-01 -3.432804E+00
     53026 -1.328102E+00 -3.423402E-01 -2.861848E+00
     53027 -1.493125E+00 -4.827660E-01 -3.455406E+00
     53028 -1.692548E+00 -4.707460E-01 -3.875653E+00
     53029 -1.643089E+00 -7.917915E-01 -3.610053E+00
     53030 -1.748309E+00 -2.633901E-01 -4.513355E+00
     53031 -1.555406E+00 -4.206686E-01 -3.685557E+00
     53032 -1.782115E+00 -5.667065E-01 -4.729382E+00
     53033 -2.053470E+00 -4.862981E-01 -5.375364E+00
     53034 -2.022664E+00 -9.420580E-01 -4.911889E+00
     53035 -2.210954E+00 -3.667274E-01 -6.187214E+00
     53036 -1.847569E+00 -5.343040E-01 -4.895423E+00
     53037 -2.248868E+00 -5.373682E-01 -6.741536E+00
     53038 -2.574468E+00 -2.110258E-01 -7.944410E+00
     53039 -2.571874E+00 -1.124834E+00 -6.970482E+00
     53040 -2.252673E+00 -7.078018E-01 -6.770526E+00
     53041 -2.949233E+00 -5.282764E-01 -8.938842E+00
     53042 -2.995153E+00 -6.027030E-01 -1.027053E+01
     53043 -2.783084E+00 -1.180435E+00 -9.848566E+00
     57576  1.123832E+00  3.226395E+00  4.353701E-01
     57577  4.403844E-01  1.406328E+00  1.769058E+00
     57578  7.753672E-01  1.005161E+00  1.519197E+00
     57579  3.497936E-01  8.977749E-01  8.466110E-01
     57580  1.111667E+00  1.401240E+00  1.081478E+00
     57581 -1.149359E+00 -1.419201E+01  5.902227E+01
     57582 -1.947903E+00 -1.341829E+01  5.494894E+01
     57583  2.500126E+00 -8.242503E+00  4.712429E+01
     57584 -2.024201E-01  3.153904E+00 -9.435262E+00
     57585 -1.126794E+00  2.230796E+00 -6.418332E+00
     57586 -2.439801E+00  4.214635E-01 -8.264977E+00
     57587  5.800573E-01  2.678655E+00 -1.058753E+01
     57588 -4.040441E+00 -1.049627E+01  3.991857E+01
     57589 -7.016876E-01 -8.342475E-01 -2.655649E+00
     57590 -3.636156E+00 -3.037522E+00 -5.410621E-01
     57591 -1.514639E+00 -4.212091E-01 -7.364293E+00
     57592 -7.196204E-01 -1.385556E+00 -8.049596E+00
     57593 -2.652477E-01 -3.983253E+00  7.834761E+00
     57594 -3.339132E+00 -5.385936E+00  1.189601E+01
     57595 -1.378633E+00 -3.794777E+00  7.763139E-01
     57596  1.973837E-02 -1.818243E+00 -4.684155E+00
     57597 -1.492703E+00 -4.747514E+00  1.862197E+00
     57598  8.142194E-01 -6.606554E+00  2.343008E+01
     57599 -3.270763E+00 -7.229029E+00  2.836004E+01
     57600 -1.480718E+00 -6.184868E+00  1.335748E+01
     57601  1.119509E-01 -4.413223E+00  6.584834E+00
     57602 -2.931320E+00 -6.712341E+00  1.649563E+01
     57603 -1.532041E+00 -7.743743E+00  3.312206E+01
     57604  7.829731E-01 -6.761737E+00  2.214186E+01
     62735 -4.258228E-01  1.304782E+00  1.631644E+00
     62736 -3.639686E-01  8.022978E-01  7.466680E-01
     62737 -1.044870E+00  1.269846E+00  1.023666E+00
     62738 -1.047454E+00  2.951256E+00  3.954889E-01
     62739 -7.659133E-01  9.314435E-01  1.396987E+00
     62740  1.086527E+00  1.917551E+00 -5.565074E+00
     62741  2.595940E-01  2.843845E+00 -8.576101E+00
     62742 -4.304930E-01  2.464082E+00 -9.600590E+00
     62743  1.923719E+00 -1.221871E+01  4.982847E+01
     62744  1.198113E+00 -1.296789E+01  5.402267E+01
     62745  3.786394E+00 -9.634844E+00  3.612330E+01
     62746  2.282404E+00  1.774157E-01 -7.349634E+00
     62747 -2.183332E+00 -7.474429E+00  4.325066E+01
     62748  7.338636E-01 -1.301036E+00 -7.428672E+00
     62749  1.432711E-01 -1.641199E+00 -4.318985E+00
     62750  1.517754E+00 -4.222570E-01 -6.507169E+00
     62751  7.351201E-01 -8.048120E-01 -2.045320E+00
     62752  1.441974E+00 -4.369121E+00  1.521254E+00
     62753  7.289218E-02 -3.992796E+00  5.884905E+00
     62754  1.397574E+00 -3.489232E+00  8.924704E-01
     62755  3.520818E-01 -3.653311E+00  7.544611E+00
     62756  3.466700E+00 -2.917224E+00 -2.332345E-01
     62757  2.791132E+00 -6.166441E+00  1.479616E+01
     62758 -5.366100E-01 -6.136796E+00  1.989591E+01
     62759  1.487913E+00 -5.674220E+00  1.221490E+01
     62760  3.186998E+00 -4.981424E+00  1.118759E+01
     62761 -6.694846E-01 -6.031789E+00  2.175492E+01
     62762  1.540621E+00 -7.073087E+00  3.018705E+01
     62763  3.115327E+00 -6.627261E+00  2.619425E+01
     67401  2.258493E-01  5.265605E-01 -1.018478E-01
     67402 -2.650030E-01  5.859994E-01 -1.088207E-01
     67403  1.528111E-01  1.169556E+00 -3.271358E-01
     67404 -1.650500E-01  1.290057E+00 -3.597282E-01
     67405  3.829320E+00  1.653354E+00 -1.063972E+01
     67406  2.339386E+00  7.528327E-01  2.047351E+00
     67407  3.709346E+00  8.149729E-01 -8.424365E+00
     67408 -1.655470E-03 -3.476492E-01  2.344725E+00
     67409 -4.008898E-02 -3.857448E-01  2.254840E+00
     67410 -3.426954E-03 -3.468718E-01  2.256491E+00
     67411 -5.759859E-02 -3.363600E-01  2.360260E+00
     67412 -2.226307E+00  7.111342E-01  1.804243E+00
     67413 -3.512907E+00  1.545912E+00 -9.579796E+00
     67414 -3.452374E+00  7.592400E-01 -7.620063E+00
     67415  2.461828E+00 -4.876867E-02  5.231603E+00
     67416 -2.355096E+00 -1.739810E-02  4.667939E+00
     67417  2.791828E+00 -1.155123E+00 -4.602556E+00
     67418  3.769046E+00 -1.898405E+00 -4.031508E+00
     67419  2.682825E+00 -1.029164E+00  3.324258E-01
     67420  3.793108E-01 -1.614331E+00  3.238765E+00
     67421  3.999513E+00 -2.550570E+00 -9.547789E-02
     67422  3.211815E+00 -2.794691E+00 -1.973448E+00
     67423  1.240882E+00 -4.009544E-01  5.222857E+00
     67424  3.977980E+00 -2.000678E+00 -5.848488E-03
     67425  3.797719E+00 -2.499793E+00  3.109141E-01
     67426  3.717390E+00 -1.470244E+00  3.539291E-01
     67427  3.689512E+00 -1.780125E+00  3.985369E-01
     67428  3.378510E+00 -1.068581E+00  7.709043E-01
     67429  3.392133E+00 -1.227156E+00  7.010314E-01
     67430  3.005632E+00 -7.866680E-01  1.149460E+00
     67431  3.018064E+00 -8.472532E-01  1.055440E+00
     67432  2.631203E+00 -5.539877E-01  1.495025E+00
     67433  2.652517E+00 -5.765721E-01  1.394389E+00
     67434  2.325883E+00 -4.306034E-01  1.696353E+00
     67435  2.276849E+00 -4.003702E-01  1.633678E+00
     67436  2.062843E+00 -3.129616E-01  1.910475E+00
     67437  1.976603E+00 -2.591510E-01  1.824862E+00
     67438  1.811814E+00 -2.526178E-01  2.059491E+00
     67439  1.714584E+00 -1.781601E-01  2.002704E+00
     67440  1.611330E+00 -2.091389E-01  2.186392E+00
     67441  1.498719E+00 -1.341540E-01  2.130698E+00
     67442  1.443401E+00 -1.921263E-01  2.270776E+00
     67443  1.314365E+00 -1.155814E-01  2.229131E+00
     67444  1.295343E+00 -1.904567E-01  2.331183E+00
     67445  1.165382E+00 -1.147598E-01  2.300852E+00
     67446  1.177504E+00 -1.961088E-01  2.359548E+00
     67447  1.037394E+00 -1.272126E-01  2.342037E+00
     67448  1.084032E+00 -2.070714E-01  2.376060E+00
     67449  9.356372E-01 -1.385283E-01  2.363401E+00
     67450  1.004496E+00 -2.174372E-01  2.399174E+00
     67451  8.626866E-01 -1.626859E-01  2.386943E+00
     67452  9.324840E-01 -2.263501E-01  2.408546E+00
     67453  7.883138E-01 -1.776492E-01  2.404324E+00
     67454  8.668319E-01 -2.345865E-01  2.415407E+00
     67455  7.215142E-01 -1.894690E-01  2.414575E+00
     67456  8.071617E-01 -2.318361E-01  2.431350E+00
     67457  6.580988E-01 -1.944359E-01  2.425716E+00
     67458  7.361205E-01 -2.362477E-01  2.435856E+00
     67459  5.910777E-01 -2.007896E-01  2.436876E+00
     67460  6.600272E-01 -2.419859E-01  2.435923E+00
     67461  5.207395E-01 -2.085209E-01  2.442127E+00
     67462  5.871775E-01 -2.359033E-01  2.446845E+00
     67463  4.456478E-01 -2.099420E-01  2.449604E+00
     67464  5.044175E-01 -2.392470E-01  2.444853E+00
     67465  3.642230E-01 -2.157602E-01  2.452788E+00
     67466  4.202575E-01 -2.455660E-01  2.434438E+00
     67467  2.827165E-01 -2.250680E-01  2.446008E+00
     67468  3.399432E-01 -2.552266E-01  2.414785E+00
     67469  2.031854E-01 -2.381604E-01  2.429766E+00
     67470  2.674515E-01 -2.655248E-01  2.393338E+00
     67471  1.315116E-01 -2.522486E-01  2.406914E+00
     67472  1.949894E-01 -2.779474E-01  2.373636E+00
     67473  6.704711E-02 -2.663090E-01  2.386410E+00
     67474  1.353622E-01 -2.906034E-01  2.339670E+00
     67475  5.361214E-03 -2.839624E-01  2.356670E+00
     67476  1.066236E-01 -2.986223E-01  2.308676E+00
     67477 -5.546053E-02 -3.024448E-01  2.320091E+00
     67478 -2.449842E-03 -2.934100E-01  2.308086E+00
     67479 -1.628251E-01 -3.025107E-01  2.294170E+00
     67480 -5.713318E-02 -2.887957E-01  2.336228E+00
     67481 -1.935622E-01 -3.006606E-01  2.322807E+00
     67482 -1.031426E-01 -2.675268E-01  2.375843E+00
     67483 -2.467249E-01 -2.888132E-01  2.358802E+00
     67484 -1.699074E-01 -2.625972E-01  2.426016E+00
     67485 -3.090603E-01 -2.829492E-01  2.398840E+00
     67486 -2.700102E-01 -2.418821E-01  2.473440E+00
     67487 -3.681676E-01 -2.624165E-01  2.461515E+00
     67488 -3.417406E-01 -2.202595E-01  2.452747E+00
     67489 -4.837441E-01 -2.501534E-01  2.467556E+00
     67490 -4.196673E-01 -1.982730E-01  2.440800E+00
     67491 -5.632979E-01 -2.399129E-01  2.440342E+00
     67492 -5.013435E-01 -1.828429E-01  2.441624E+00
     67493 -6.500166E-01 -2.190254E-01  2.442241E+00
     67494 -5.872689E-01 -1.748325E-01  2.441596E+00
     67495 -7.291197E-01 -2.211690E-01  2.445395E+00
     67496 -6.751643E-01 -1.706553E-01  2.426295E+00
     67497 -8.170971E-01 -2.190953E-01  2.437611E+00
     67498 -7.570410E-01 -1.665458E-01  2.401643E+00
     67499 -9.014719E-01 -2.210614E-01  2.417655E+00
     67500 -8.352174E-01 -1.624705E-01  2.369448E+00
     67501 -9.816382E-01 -2.207084E-01  2.389583E+00
     67502 -9.110752E-01 -1.570320E-01  2.333216E+00
     67503 -1.057372E+00 -2.195874E-01  2.356664E+00
     67504 -9.872819E-01 -1.484806E-01  2.294382E+00
     67505 -1.131144E+00 -2.164531E-01  2.320999E+00
     67506 -1.066129E+00 -1.409597E-01  2.249361E+00
     67507 -1.209958E+00 -2.133600E-01  2.280130E+00
     67508 -1.155224E+00 -1.298741E-01  2.202685E+00
     67509 -1.293117E+00 -2.088680E-01  2.236549E+00
     67510 -1.261479E+00 -1.239477E-01  2.145511E+00
     67511 -1.393585E+00 -2.059297E-01  2.185615E+00
     67512 -1.389876E+00 -1.228348E-01  2.075355E+00
     67513 -1.514016E+00 -2.096405E-01  2.122162E+00
     67514 -1.550852E+00 -1.291793E-01  1.982303E+00
     67515 -1.663460E+00 -2.181196E-01  2.043783E+00
     67516 -1.749956E+00 -1.700598E-01  1.853199E+00
     67517 -1.843487E+00 -2.495562E-01  1.923268E+00
     67518 -1.984827E+00 -2.410579E-01  1.690710E+00
     67519 -2.059745E+00 -3.073187E-01  1.766852E+00
     67520 -2.259781E+00 -3.437398E-01  1.493376E+00
     67521 -2.314297E+00 -3.934410E-01  1.581960E+00
     67522 -2.577122E+00 -5.108300E-01  1.249112E+00
     67523 -2.602023E+00 -5.251238E-01  1.343113E+00
     67524 -2.923265E+00 -7.548962E-01  9.603164E-01
     67525 -2.920134E+00 -7.126330E-01  1.051549E+00
     67526 -3.266255E+00 -1.104722E+00  6.428608E-01
     67527 -3.253539E+00 -9.743854E-01  7.072948E-01
     67528 -3.534374E+00 -1.598797E+00  3.594774E-01
     67529 -3.569187E+00 -1.333357E+00  3.290604E-01
     67530 -3.631183E+00 -2.245886E+00  2.768110E-01
     67531 -3.801037E+00 -1.806245E+00 -4.079545E-03
     67532 -3.056514E+00 -2.498301E+00 -1.784248E+00
     67533 -3.818301E+00 -2.284858E+00 -8.080833E-02
     67534 -3.530854E+00 -1.700392E+00 -3.632914E+00
     67535 -2.624931E+00 -1.025597E+00 -4.157694E+00
     67536 -1.235771E+00 -3.538595E-01  4.707814E+00
     67537 -2.541899E+00 -9.212552E-01  2.818119E-01
     67538 -4.710867E-01 -1.431720E+00  2.922461E+00
     68403  2.517449E-01  3.286044E-01  2.770732E-01
     68404 -4.778273E-01  1.035206E+00  6.896404E-01
     68405  4.678826E-01  1.947471E+00 -1.771583E+00
     68406  9.626264E-02  7.725724E-01 -4.771279E-01
     68407  5.644805E-01  4.277563E-01  2.068506E-01
     68408  1.463811E+00  2.448299E+00 -1.264437E+01
     68409  1.357877E+00  2.421768E+00 -2.570833E+01
     68410  1.638025E+00  2.449775E+00 -1.921475E+00
     68411  1.244923E+00  2.502065E+00 -8.848553E+00
     68412  4.698740E-01  1.813035E+00 -8.972520E+00
     68413 -4.321639E-01  3.519697E+00 -3.112940E+01
     68414 -1.202256E+00  3.975730E+00  1.239439E+01
     68415 -6.691715E-02  3.835032E+00  4.726522E+00
     68416  1.791526E-02  2.961080E+00  1.170881E-01
     68417 -1.884119E+00  2.956405E+00 -1.561521E+01
     68418  9.291463E-01  9.192144E+00  6.883105E+01
     68419 -2.488869E+00  8.002149E+00  5.938313E+01
     68420 -3.544231E+00  6.058256E+00  3.734158E+01
     68421  3.648412E+00  6.311372E+00  4.695941E+01
     68422 -2.706716E+00  4.732572E+00  2.798241E+01
     68423 -2.292400E+00  4.604388E+00  1.980811E+01
     68424 -1.087054E-01  3.639888E+00  2.974547E+01
     68425 -1.089283E+00  3.722893E+00  1.553144E+01
     68426  2.132311E+00  4.008208E+00  2.401758E+01
     68427 -9.838640E-01  5.400612E+00  3.104105E+01
     68428  4.343342E-01  3.340517E+00  1.535269E+00
     68429 -1.469978E+00  4.198404E+00  1.114247E+01
     68430 -4.193695E-01  3.785255E+00 -5.943140E+00
     68903 -2.579090E-01  2.948900E-01  2.469750E-01
     68904  4.235234E-01  9.244110E-01  6.032751E-01
     68905 -4.262946E-01  1.741068E+00 -1.601484E+00
     68906 -1.003316E-01  6.984017E-01 -4.489947E-01
     68907 -5.308797E-01  3.661473E-01  2.217405E-01
     68908 -1.230490E+00  2.175148E+00 -2.298798E+01
     68909 -1.336991E+00  2.189350E+00 -1.131855E+01
     68910 -1.173422E+00  2.261573E+00 -7.889163E+00
     68911 -1.483908E+00  2.215030E+00 -1.684903E+00
     68912 -4.659989E-01  1.657718E+00 -7.987328E+00
     68913  3.893185E-01  3.145227E+00 -2.768989E+01
     68914  7.516352E-02  3.499106E+00  4.190300E+00
     68915  1.124906E+00  3.610326E+00  1.105228E+01
     68916 -2.561125E-02  2.652851E+00  1.534443E-01
     68917  1.673288E+00  2.641341E+00 -1.379059E+01
     68918  2.304718E+00  7.192736E+00  5.328148E+01
     68919 -8.054603E-01  8.283873E+00  6.223143E+01
     68920 -3.261492E+00  5.685714E+00  4.259854E+01
     68921  3.203124E+00  5.434337E+00  3.342087E+01
     68922  9.626818E-01  4.834842E+00  2.823663E+01
     68923 -1.884431E+00  3.575160E+00  2.195929E+01
     68924  1.423996E-01  3.295225E+00  2.681482E+01
     68925  1.413808E+00  3.738767E+00  1.027494E+01
     68926 -3.976903E-01  2.998028E+00  1.680281E+00
     68927  1.007271E+00  3.353615E+00  1.405186E+01
     68928  4.234447E-01  3.386175E+00 -5.213745E+00
     68929  2.138335E+00  4.153194E+00  1.772188E+01
     68930  2.478963E+00  4.274803E+00  2.502120E+01

 total force (fx,fy,fz) for set FEET and time  0.4000000E+01

       -1.275029E-09  3.000000E+02  1.200000E+03

                        S T E P       5


                                INCREMENT     1


 displacements (vx,vy,vz) for set TOP and time  0.5000000E+01

     36383 -1.832858E-02  9.032082E-01 -7.765434E-01
     37151 -3.880886E-05  9.828282E-01 -8.373900E-01
     38601 -3.308837E-02  6.931128E-01 -6.282970E-01
     45010  1.456544E-02  9.586930E-01 -8.171441E-01
     47663  3.136865E-02  6.798439E-01 -6.093530E-01

 forces (fx,fy,fz) for set FEET and time  0.5000000E+01

       199 -2.685503E-01  2.577965E-01 -1.633597E-01
       203 -6.700072E-02  6.910197E-01  8.459312E-01
       204  3.037631E-03  1.272518E-01  8.476124E-02
       208 -5.788920E-04  1.431501E-02 -2.532818E-02
       209  2.370003E-01  2.205890E-01 -1.648191E-01
       213  5.670210E-02  7.065517E-01  7.239598E-01
       242  2.099406E+01  1.218462E+01  2.973052E+01
       243  2.160402E-01 -3.061285E-01  6.830989E-01
       244  3.440166E-01  6.518965E-01  1.564569E-01
       245 -1.891738E+01  7.845179E+00  2.221573E+01
       269 -3.473754E-01  6.488430E-01  1.169175E-01
       270  1.721204E+01  6.946934E+00  1.988534E+01
       273 -2.322793E-01 -3.320071E-01  6.541721E-01
       274 -1.942544E+01  1.143748E+01  2.779364E+01
       282  2.556052E-01 -1.129186E+00 -2.325246E+00
       284 -2.310914E-01 -1.006150E+00 -2.068029E+00
       290 -2.774370E-01  6.022903E-01  2.376606E-01
       293  1.347527E+00 -6.096245E-01 -1.714557E+00
       294 -3.058154E+00 -2.553847E+00 -5.203312E+00
       301  2.544223E-01  5.315288E-01  2.215905E-01
       302  2.672992E+00 -2.228558E+00 -4.589730E+00
       303 -1.153739E+00 -4.927956E-01 -1.473088E+00
      3822 -5.217309E-01 -8.946928E-01 -3.627845E+00
      3848  7.454225E-03  1.045618E-01 -1.943442E-01
      3861 -1.976832E-01  4.756775E-01 -5.371994E-01
      3862  4.910132E-02  5.034996E-01 -7.263557E-01
      3863  4.760703E-01  5.355974E-01 -1.544879E+00
      3864  5.407091E-01  4.243389E-01 -1.065293E+00
      3865  5.040637E-01  2.871665E-01 -5.601828E-01
      3866  4.290763E-01  1.666826E-01 -1.418625E-01
      3867  3.332244E-01  8.799810E-02  1.954385E-01
      3868  2.502661E-01  2.832267E-02  3.948558E-01
      3869  1.738712E-01 -7.970123E-03  5.084192E-01
      3870  1.287747E-01 -2.247116E-02  5.471168E-01
      3871  8.225238E-02 -2.517482E-02  5.530734E-01
      3872  5.791826E-02 -2.089549E-02  5.195635E-01
      3873  3.956224E-02 -1.199438E-02  4.701628E-01
      3874  3.077717E-02  1.412749E-03  4.179798E-01
      3875  2.579481E-02  9.540619E-03  3.539909E-01
      3876  2.808898E-02  2.194047E-02  3.119386E-01
      3877  3.484988E-02  2.866005E-02  2.723760E-01
      3878  3.997336E-02  3.286295E-02  2.447546E-01
      3879  4.364338E-02  3.454023E-02  2.284930E-01
      3880  4.699641E-02  3.378905E-02  2.180770E-01
      3881  4.396428E-02  3.303537E-02  2.181296E-01
      3882  3.664503E-02  3.233274E-02  2.222388E-01
      3883  3.110894E-02  3.147835E-02  2.198674E-01
      3884  2.119590E-02  3.244788E-02  2.152131E-01
      3885  1.076084E-02  3.556428E-02  2.049332E-01
      3886  1.279773E-03  4.047092E-02  1.887829E-01
      3887 -6.724903E-03  4.644768E-02  1.676546E-01
      3888 -1.005647E-02  5.487621E-02  1.475895E-01
      3889 -1.057902E-02  5.956379E-02  1.218296E-01
      3890  5.493260E-02  2.475441E-02  1.662497E-01
      3891  8.358127E-02 -2.014176E+00 -6.113158E+00
      3892  7.810897E-01 -8.617170E-01 -6.206990E+00
      3893  2.738125E+00 -9.983411E-01 -8.925357E+00
      3894  3.372594E+00 -7.545466E-01 -7.499107E+00
      3895  3.503628E+00 -6.446711E-01 -5.773789E+00
      3896  3.312822E+00 -5.043269E-01 -4.121296E+00
      3897  2.957060E+00 -3.847947E-01 -2.687785E+00
      3898  2.499250E+00 -2.375263E-01 -1.615952E+00
      3899  2.079955E+00 -1.220346E-01 -7.936523E-01
      3900  1.675238E+00 -2.530252E-02 -2.808524E-01
      3901  1.341439E+00  2.916723E-02  4.456799E-02
      3902  1.073143E+00  6.639448E-02  1.713633E-01
      3903  8.714745E-01  8.569327E-02  1.901328E-01
      3904  7.293642E-01  8.985830E-02  1.316058E-01
      3905  6.279009E-01  9.266871E-02  3.249216E-02
      3906  5.782131E-01  8.565879E-02 -7.536813E-02
      3907  5.436678E-01  7.762543E-02 -1.763578E-01
      3908  5.277352E-01  6.888120E-02 -2.527407E-01
      3909  5.158101E-01  6.158332E-02 -2.992404E-01
      3910  4.979261E-01  6.033810E-02 -3.236034E-01
      3911  4.678669E-01  5.211795E-02 -3.175075E-01
      3912  4.207448E-01  4.493153E-02 -3.037393E-01
      3913  3.572095E-01  4.476913E-02 -3.087892E-01
      3914  2.847439E-01  4.036267E-02 -3.234442E-01
      3915  2.079526E-01  3.451325E-02 -3.613309E-01
      3916  1.342488E-01  2.732805E-02 -4.242803E-01
      3917  7.092064E-02  1.773434E-02 -5.096166E-01
      3918  2.785377E-02  6.584684E-03 -6.088594E-01
      3919  9.188383E-04  1.164887E-03 -7.031121E-01
      3920 -5.602795E-03  4.606707E-03 -7.915737E-01
      3921 -2.267365E-02 -2.472407E-02 -7.478888E-01
      4105 -2.246545E-01  1.896433E+00 -1.396998E-01
      4106 -1.486564E-01  2.617073E+00 -1.088513E+00
      4107 -1.232072E-01  2.286624E+00 -1.067454E+00
      4108 -8.552634E-02  1.646771E+00 -8.402912E-01
      4109 -7.857516E-02  1.003728E+00 -5.882784E-01
      4110 -8.077617E-02  4.533540E-01 -3.915517E-01
      4111 -3.715465E-02  2.222715E-02 -1.986107E-01
      4112 -7.438130E-02 -2.626133E-01 -9.271447E-02
      4113 -4.232988E-02 -4.447776E-01 -2.866870E-02
      4114 -3.962885E-02 -5.365818E-01 -3.840245E-03
      4115 -2.879475E-02 -5.496492E-01  1.681934E-02
      4116 -2.943227E-02 -5.313297E-01  1.416036E-02
      4117 -2.643765E-02 -4.819976E-01  3.553919E-04
      4118 -2.247242E-02 -4.260402E-01 -2.182924E-02
      4119 -2.353322E-02 -3.554117E-01 -4.158277E-02
      4120 -2.096837E-02 -3.036066E-01 -5.888737E-02
      4121 -2.084551E-02 -2.590526E-01 -7.232963E-02
      4122 -1.962694E-02 -2.267389E-01 -8.032159E-02
      4123 -1.639632E-02 -2.088986E-01 -8.029428E-02
      4124 -2.058147E-02 -2.012427E-01 -8.199941E-02
      4125 -2.008131E-02 -1.960346E-01 -8.371507E-02
      4126 -1.183667E-02 -1.957527E-01 -7.785671E-02
      4127 -1.155502E-02 -1.980388E-01 -7.544478E-02
      4128 -9.577591E-03 -1.908790E-01 -7.628864E-02
      4129 -7.685704E-03 -1.768535E-01 -8.237025E-02
      4130 -5.421315E-03 -1.555869E-01 -9.210593E-02
      4131 -3.528376E-03 -1.285802E-01 -1.037369E-01
      4132 -1.857776E-03 -1.030639E-01 -1.211410E-01
      4133 -3.316170E-03 -7.133966E-02 -1.427010E-01
      4134  8.065348E-03 -4.783508E-03 -1.055119E-01
      4135 -4.508093E-01  1.266530E+00 -1.788707E+00
      4136  5.498382E-02  3.709515E+00 -4.223895E+00
      4137  6.452407E-01  3.993002E+00 -4.684846E+00
      4138  9.396819E-01  3.313468E+00 -3.981722E+00
      4139  9.672426E-01  2.298568E+00 -2.839521E+00
      4140  8.701810E-01  1.476563E+00 -1.778998E+00
      4141  7.445074E-01  6.728016E-01 -8.845358E-01
      4142  6.025861E-01  8.518771E-02 -2.332475E-01
      4143  4.833552E-01 -2.069689E-01  1.680885E-01
      4144  3.766086E-01 -3.903148E-01  4.225463E-01
      4145  2.911314E-01 -5.018872E-01  5.182851E-01
      4146  2.375750E-01 -5.080961E-01  5.518590E-01
      4147  1.893397E-01 -4.662186E-01  5.088306E-01
      4148  1.561861E-01 -3.955893E-01  4.314481E-01
      4149  1.248023E-01 -3.229714E-01  3.336584E-01
      4150  1.248374E-01 -2.381446E-01  2.362221E-01
      4151  1.222826E-01 -1.730314E-01  1.552734E-01
      4152  1.222672E-01 -1.230915E-01  9.561259E-02
      4153  1.234283E-01 -9.186800E-02  5.906524E-02
      4154  1.127079E-01 -8.030688E-02  5.101505E-02
      4155  9.732392E-02 -7.881646E-02  4.694531E-02
      4156  9.624299E-02 -7.932256E-02  4.239978E-02
      4157  9.140319E-02 -8.084843E-02  5.122950E-02
      4158  7.429357E-02 -7.705993E-02  4.712113E-02
      4159  5.529419E-02 -6.222061E-02  2.843344E-02
      4160  3.755583E-02 -3.473895E-02 -6.172284E-03
      4161  2.252787E-02  2.703661E-03 -5.278615E-02
      4162  1.291251E-02  4.736246E-02 -1.081048E-01
      4163 -8.114075E-04  9.316272E-02 -1.675706E-01
      4164 -2.241266E-03  1.772471E-01 -2.431159E-01
      4165 -5.697533E-03  1.356724E-01 -1.741923E-01
      4179  4.102884E-01 -8.052571E-01 -3.390475E+00
      4192 -1.378708E-02  6.948853E-02  1.044660E-01
      4193  1.465357E-02  6.302664E-02  1.046925E-01
      4194  1.413359E-02  5.737761E-02  1.252539E-01
      4195  1.454115E-02  4.962709E-02  1.419657E-01
      4196  8.397843E-03  4.612983E-02  1.674619E-01
      4197 -4.697535E-03  3.819320E-02  1.793676E-01
      4198 -1.030490E-02  3.254886E-02  1.899372E-01
      4199 -2.124531E-02  2.653211E-02  1.903462E-01
      4200 -2.884931E-02  2.485676E-02  2.002678E-01
      4201 -3.502134E-02  2.372409E-02  2.048278E-01
      4202 -4.112944E-02  2.298502E-02  2.109119E-01
      4203 -4.526115E-02  2.327794E-02  2.185906E-01
      4204 -4.787162E-02  2.269410E-02  2.299111E-01
      4205 -4.881383E-02  2.139426E-02  2.468551E-01
      4206 -4.861167E-02  1.864420E-02  2.699126E-01
      4207 -4.794939E-02  1.457018E-02  3.015817E-01
      4208 -4.849105E-02  8.197175E-03  3.394693E-01
      4209 -5.318651E-02  1.189169E-03  3.828559E-01
      4210 -6.519263E-02 -6.335949E-03  4.234738E-01
      4211 -8.318064E-02 -1.247297E-02  4.492724E-01
      4212 -1.184050E-01 -1.117187E-02  4.567185E-01
      4213 -1.706307E-01  1.527314E-03  4.243104E-01
      4214 -2.307558E-01  2.941753E-02  3.239979E-01
      4215 -3.082676E-01  7.864343E-02  1.438519E-01
      4216 -3.928585E-01  1.554855E-01 -1.359576E-01
      4217 -4.685572E-01  2.614505E-01 -5.191345E-01
      4218 -5.079567E-01  3.851891E-01 -9.784549E-01
      4219 -4.542957E-01  4.937256E-01 -1.411398E+00
      4220 -6.269102E-02  4.672833E-01 -6.590199E-01
      4221  1.674533E-01  4.289715E-01 -5.010376E-01
      4222  4.808788E-02 -3.359556E-02 -7.764754E-01
      4223  4.188109E-02  9.144492E-03 -8.018794E-01
      4224  4.378721E-02  2.413419E-03 -7.200296E-01
      4225  2.208975E-02  1.094921E-02 -6.320552E-01
      4226 -1.589630E-02  1.782759E-02 -5.278474E-01
      4227 -7.759053E-02  2.538220E-02 -4.336605E-01
      4228 -1.453095E-01  4.075744E-02 -3.525265E-01
      4229 -2.313123E-01  3.991601E-02 -2.770662E-01
      4230 -3.092983E-01  4.765694E-02 -2.371404E-01
      4231 -3.902243E-01  5.314433E-02 -2.090997E-01
      4232 -4.649284E-01  5.627515E-02 -1.927123E-01
      4233 -5.315371E-01  6.102921E-02 -1.836818E-01
      4234 -5.912651E-01  6.444837E-02 -1.767629E-01
      4235 -6.432746E-01  6.729542E-02 -1.663832E-01
      4236 -6.910147E-01  6.973413E-02 -1.485980E-01
      4237 -7.378940E-01  7.228712E-02 -1.195403E-01
      4238 -7.949635E-01  7.261765E-02 -8.216044E-02
      4239 -8.712722E-01  6.937807E-02 -4.421533E-02
      4240 -9.839909E-01  6.045550E-02 -2.521847E-02
      4241 -1.144156E+00  4.357921E-02 -6.272460E-02
      4242 -1.364012E+00  5.356710E-03 -1.715670E-01
      4243 -1.654037E+00 -5.304332E-02 -4.166332E-01
      4244 -2.009970E+00 -1.281827E-01 -8.742790E-01
      4245 -2.408811E+00 -2.313642E-01 -1.565935E+00
      4246 -2.812778E+00 -3.543946E-01 -2.537519E+00
      4247 -3.156774E+00 -4.844779E-01 -3.795349E+00
      4248 -3.344694E+00 -6.018472E-01 -5.287594E+00
      4249 -3.232835E+00 -6.999556E-01 -6.860503E+00
      4250 -2.662056E+00 -8.843924E-01 -8.160761E+00
      4251 -8.226688E-01 -7.646270E-01 -5.702045E+00
      4252 -1.771481E-01 -1.809178E+00 -5.610246E+00
      4436  1.410537E-02 -4.532115E-02 -1.607418E-01
      4437 -4.534105E-05 -5.123392E-02 -1.611819E-01
      4438  1.096452E-03 -7.126403E-02 -1.424288E-01
      4439  2.116026E-03 -1.017494E-01 -1.220354E-01
      4440  6.273277E-03 -1.292073E-01 -1.065990E-01
      4441  3.559015E-03 -1.462521E-01 -8.802158E-02
      4442  7.267573E-03 -1.660118E-01 -8.196429E-02
      4443  1.326778E-02 -1.701952E-01 -7.127361E-02
      4444  1.287496E-02 -1.824007E-01 -6.202037E-02
      4445  1.512874E-02 -1.898154E-01 -6.144076E-02
      4446  1.510515E-02 -1.958858E-01 -5.949628E-02
      4447  1.730827E-02 -2.065570E-01 -6.334296E-02
      4448  1.885640E-02 -2.192160E-01 -6.279967E-02
      4449  2.045241E-02 -2.376147E-01 -6.043549E-02
      4450  2.143827E-02 -2.627728E-01 -5.520899E-02
      4451  2.273756E-02 -2.969226E-01 -4.791058E-02
      4452  2.426937E-02 -3.366141E-01 -3.614441E-02
      4453  2.515195E-02 -3.801954E-01 -2.394272E-02
      4454  3.010681E-02 -4.201625E-01 -1.016250E-02
      4455  2.952510E-02 -4.352742E-01 -6.934523E-03
      4456  3.090725E-02 -4.170379E-01 -1.811057E-02
      4457  4.351327E-02 -3.513377E-01 -4.263197E-02
      4458  4.869974E-02 -2.093976E-01 -9.747870E-02
      4459  5.841501E-02  3.874272E-02 -1.904683E-01
      4460  6.910043E-02  4.045903E-01 -3.337653E-01
      4461  8.013193E-02  8.892413E-01 -5.294566E-01
      4462  9.062588E-02  1.455677E+00 -7.604976E-01
      4463  1.143473E-01  1.997267E+00 -9.703194E-01
      4464  1.333007E-01  2.337045E+00 -9.702533E-01
      4465  2.202601E-01  1.755132E+00 -1.417718E-01
      4466  2.421986E-03  1.317891E-01 -1.977787E-01
      4467  7.761224E-03  2.097522E-01 -2.756491E-01
      4468  1.901983E-02  1.347105E-01 -2.331851E-01
      4469  2.827048E-02  1.033264E-01 -1.743499E-01
      4470  1.913452E-02  5.195170E-02 -1.082213E-01
      4471 -2.807804E-03 -1.340908E-02 -6.679562E-02
      4472 -2.418948E-02 -2.343058E-02 -8.723421E-03
      4473 -5.131700E-02 -6.304360E-02  2.188831E-02
      4474 -5.595779E-02 -7.910589E-02  5.505491E-02
      4475 -7.336177E-02 -9.108581E-02  6.895472E-02
      4476 -9.069762E-02 -1.006115E-01  8.091187E-02
      4477 -1.039320E-01 -1.064808E-01  8.326097E-02
      4478 -1.150718E-01 -1.149756E-01  9.240836E-02
      4479 -1.240407E-01 -1.297549E-01  1.092443E-01
      4480 -1.319054E-01 -1.530611E-01  1.370166E-01
      4481 -1.385873E-01 -1.858691E-01  1.761526E-01
      4482 -1.475249E-01 -2.291269E-01  2.285938E-01
      4483 -1.614727E-01 -2.796030E-01  2.906166E-01
      4484 -1.841028E-01 -3.274458E-01  3.479606E-01
      4485 -2.296192E-01 -3.601830E-01  3.976763E-01
      4486 -2.969169E-01 -3.568569E-01  3.868399E-01
      4487 -3.611774E-01 -2.905164E-01  2.872292E-01
      4488 -4.427504E-01 -1.260204E-01  9.364264E-02
      4489 -5.541953E-01  1.609267E-01 -2.645376E-01
      4490 -6.745080E-01  6.042619E-01 -8.191669E-01
      4491 -7.851184E-01  1.222923E+00 -1.591589E+00
      4492 -8.546800E-01  1.988951E+00 -2.553261E+00
      4493 -8.245473E-01  2.804252E+00 -3.571670E+00
      4494 -6.064306E-01  3.421225E+00 -4.254717E+00
      4495 -9.336945E-02  3.375957E+00 -3.903727E+00
      4496  3.637928E-01  1.293867E+00 -1.739042E+00
      5212  2.829843E+00 -2.244403E+00  2.721239E+00
      5213  8.295647E+00 -1.171811E+00  5.357561E+00
      5214  1.256105E+01  5.295212E-02  9.036931E+00
      5215  1.834987E+01  7.833733E-01  1.067605E+01
      5216 -6.317756E-01 -7.174824E-01 -1.432604E+00
      5217  4.454078E+00 -4.235304E+00  7.997183E+00
      5218  1.208963E+01 -6.539319E+00  2.237749E+01
      5219  2.089520E+01 -8.129293E+00  4.029574E+01
      5220  3.319881E+01 -9.225472E+00  6.724907E+01
      5373 -8.883021E-01  5.238792E-01 -1.499328E+00
      5374 -4.525623E+00  2.238502E+01  1.181088E+02
      5375  3.167125E+00 -1.287429E+00 -3.822288E+00
      5376  1.103163E+00 -4.937475E-01 -3.751410E+00
      5377 -3.409074E+00 -1.167964E+00 -7.981891E-01
      5378 -1.102139E+01 -7.347632E-01  2.093418E+00
      5379  3.342638E+00  1.807939E+00 -8.390034E+00
      5380  3.292987E+00 -2.997908E+00 -6.310040E+00
      5381 -2.559452E+00 -5.895731E+00  5.003645E+00
      5382 -1.252528E+01 -8.139631E+00  2.338429E+01
      5383 -2.823945E+01 -1.040750E+01  5.478682E+01
      6119 -3.189238E+00 -1.174186E+00 -3.910975E+00
      6120 -1.477647E+00 -4.704632E-01 -4.012231E+00
      6121  2.516673E+00 -1.097947E+00 -1.257179E+00
      6122  9.541762E+00 -7.848493E-01  1.402407E+00
      6123 -3.199620E+00  1.796898E+00 -8.049400E+00
      6124 -3.446258E+00 -2.673063E+00 -6.582217E+00
      6125  1.816628E+00 -5.361994E+00  3.598859E+00
      6126  1.093418E+01 -7.453590E+00  2.041929E+01
      6127  2.546020E+01 -9.603931E+00  4.938232E+01
      6289  9.184135E-01  4.788371E-01 -1.374655E+00
      6290  4.621752E+00  2.053714E+01  1.083884E+02
      6291 -2.967540E+00 -2.105422E+00  2.812752E+00
      6292 -8.183684E+00 -1.076822E+00  5.393494E+00
      6293 -1.202735E+01  7.133627E-02  8.916389E+00
      6294 -1.728333E+01  7.750693E-01  1.038328E+01
      6295  4.515230E-01 -7.919810E-01 -9.726913E-01
      6296 -4.504360E+00 -3.958773E+00  8.100966E+00
      6297 -1.161807E+01 -6.045399E+00  2.151472E+01
      6298 -1.973172E+01 -7.488876E+00  3.804565E+01
      6299 -3.091471E+01 -8.423358E+00  6.259455E+01
      6928  1.014734E+00 -4.495536E+00 -7.198011E+00
      6933 -9.858573E-01 -4.026431E+00 -6.473545E+00
      6935  4.289786E-01 -5.564625E-01 -1.942996E+00
      6936  3.497293E-01  4.034400E-01  7.644785E-01
      6937 -7.088355E-03  3.097697E-01  7.323862E-01
      6938 -9.271789E-02  1.289879E-02  2.144688E-01
      6939 -5.737384E-02 -2.750524E-01 -3.351359E-01
      6940  2.882629E-04 -4.982936E-01 -7.424120E-01
      6941  3.275212E-02 -6.310687E-01 -1.019551E+00
      6942  8.307302E-02 -6.849920E-01 -1.132720E+00
      6943  9.287092E-02 -6.729758E-01 -1.140228E+00
      6944  9.271483E-02 -6.494988E-01 -1.097308E+00
      6945  8.874897E-02 -5.994700E-01 -1.022218E+00
      6946  8.177956E-02 -5.437469E-01 -9.270111E-01
      6947  7.213231E-02 -4.889372E-01 -8.294646E-01
      6948  6.093445E-02 -4.365686E-01 -7.385788E-01
      6949  5.535870E-02 -3.903476E-01 -6.531851E-01
      6950  4.609800E-02 -3.545905E-01 -5.892656E-01
      6951  3.928991E-02 -3.282922E-01 -5.409536E-01
      6952  3.344942E-02 -3.101578E-01 -5.084185E-01
      6953  2.806362E-02 -2.974604E-01 -4.901941E-01
      6954  2.336896E-02 -2.943286E-01 -4.829387E-01
      6955  1.994170E-02 -2.949418E-01 -4.834112E-01
      6956  1.734111E-02 -2.926907E-01 -4.861535E-01
      6957  1.471248E-02 -2.919394E-01 -4.870534E-01
      6958  1.251462E-02 -2.892991E-01 -4.842877E-01
      6959  1.072336E-02 -2.837088E-01 -4.755437E-01
      6960  8.892479E-03 -2.756874E-01 -4.615653E-01
      6961  7.268480E-03 -2.666623E-01 -4.451095E-01
      6962  5.710571E-03 -2.557862E-01 -4.249103E-01
      6963  4.999714E-03 -2.388339E-01 -3.981897E-01
      6964  2.254488E-02 -2.112307E-01 -4.581600E-01
      6965 -1.276019E-02 -2.039658E-01 -4.487449E-01
      6966  5.255597E-04 -2.267515E-01 -3.785743E-01
      6967  3.580837E-04 -2.382088E-01 -3.912983E-01
      6968 -3.740626E-05 -2.415766E-01 -4.023230E-01
      6969 -3.101411E-03 -2.490532E-01 -4.149541E-01
      6970 -3.577584E-03 -2.595903E-01 -4.285024E-01
      6971 -5.674610E-03 -2.534382E-01 -4.256171E-01
      6972 -1.189826E-02 -2.561165E-01 -4.212173E-01
      6973 -1.475960E-02 -2.559364E-01 -4.228466E-01
      6974 -1.897667E-02 -2.591987E-01 -4.260266E-01
      6975 -2.382713E-02 -2.639326E-01 -4.307823E-01
      6976 -2.897674E-02 -2.705162E-01 -4.406240E-01
      6977 -3.446498E-02 -2.807143E-01 -4.568925E-01
      6978 -4.038507E-02 -2.958621E-01 -4.824927E-01
      6979 -4.685334E-02 -3.172664E-01 -5.195981E-01
      6980 -5.416687E-02 -3.452240E-01 -5.692670E-01
      6981 -6.247706E-02 -3.816010E-01 -6.345647E-01
      6982 -7.068377E-02 -4.257611E-01 -7.131236E-01
      6983 -7.874488E-02 -4.752681E-01 -8.011565E-01
      6984 -8.584055E-02 -5.245145E-01 -8.910553E-01
      6985 -8.910521E-02 -5.732693E-01 -9.678204E-01
      6986 -8.524511E-02 -6.064126E-01 -1.012374E+00
      6987 -7.196314E-02 -6.049111E-01 -1.000360E+00
      6988 -4.502919E-02 -5.600286E-01 -8.994083E-01
      6989 -2.181340E-03 -4.493027E-01 -6.755473E-01
      6990  4.980348E-02 -2.578045E-01 -3.038713E-01
      6991  8.082864E-02  5.851654E-03  1.945519E-01
      6992  7.493140E-03  2.772919E-01  6.662734E-01
      6993 -3.137799E-01  3.748507E-01  7.205743E-01
      6994 -3.970556E-01 -4.801899E-01 -1.709546E+00
      6995  1.893455E+00 -4.093646E+00 -7.396903E+00
      6996  1.393508E+00 -1.548340E+00 -2.557759E+00
      6997  1.918078E+00 -1.526434E+00 -2.258784E+00
      6998  1.814233E+00 -1.429230E+00 -2.338108E+00
      6999  1.823270E+00 -1.537596E+00 -2.890136E+00
      7000  1.789052E+00 -1.596449E+00 -3.332214E+00
      7001  1.665481E+00 -1.559772E+00 -3.539968E+00
      7002  1.520005E+00 -1.487424E+00 -3.567427E+00
      7003  1.328478E+00 -1.334047E+00 -3.352998E+00
      7004  1.124034E+00 -1.188138E+00 -3.094669E+00
      7005  9.446791E-01 -1.052212E+00 -2.822261E+00
      7006  7.967858E-01 -9.369351E-01 -2.561626E+00
      7007  6.750897E-01 -8.396421E-01 -2.321731E+00
      7008  5.837530E-01 -7.615610E-01 -2.115799E+00
      7009  5.186862E-01 -7.043648E-01 -1.944851E+00
      7010  4.650978E-01 -6.528265E-01 -1.798590E+00
      7011  4.303419E-01 -6.218332E-01 -1.698855E+00
      7012  4.035019E-01 -5.993231E-01 -1.624613E+00
      7013  3.778934E-01 -5.833083E-01 -1.573370E+00
      7014  3.489559E-01 -5.756978E-01 -1.545127E+00
      7015  3.146703E-01 -5.721117E-01 -1.532123E+00
      7016  2.752162E-01 -5.715618E-01 -1.529711E+00
      7017  2.307809E-01 -5.761839E-01 -1.536663E+00
      7018  1.831914E-01 -5.832196E-01 -1.546973E+00
      7019  1.367110E-01 -5.921027E-01 -1.557983E+00
      7020  9.394364E-02 -6.021708E-01 -1.567394E+00
      7021  5.822081E-02 -6.134519E-01 -1.576976E+00
      7022  3.764828E-02 -6.220523E-01 -1.579919E+00
      7023  2.906244E-02 -6.259336E-01 -1.570018E+00
      7024  1.249697E-02 -6.278886E-01 -1.561298E+00
      7025  2.129155E-02 -6.290840E-01 -1.506149E+00
      7026  3.105088E-02 -6.179316E-01 -1.527657E+00
      7027  1.548502E-02 -6.043176E-01 -1.506788E+00
      7028  6.223734E-03 -5.897409E-01 -1.489028E+00
      7029 -1.742705E-02 -5.723885E-01 -1.466191E+00
      7030 -5.321228E-02 -5.547867E-01 -1.447068E+00
      7031 -8.487141E-02 -5.322379E-01 -1.409689E+00
      7032 -1.377447E-01 -5.075120E-01 -1.357477E+00
      7033 -1.963418E-01 -4.950283E-01 -1.329234E+00
      7034 -2.550137E-01 -4.835970E-01 -1.313127E+00
      7035 -3.103137E-01 -4.809098E-01 -1.313006E+00
      7036 -3.638685E-01 -4.840429E-01 -1.326741E+00
      7037 -4.144097E-01 -4.949567E-01 -1.358623E+00
      7038 -4.623598E-01 -5.137703E-01 -1.410940E+00
      7039 -5.086107E-01 -5.416347E-01 -1.487524E+00
      7040 -5.549137E-01 -5.795182E-01 -1.590894E+00
      7041 -6.072956E-01 -6.289045E-01 -1.724880E+00
      7042 -6.690636E-01 -6.931218E-01 -1.894072E+00
      7043 -7.468791E-01 -7.721215E-01 -2.096564E+00
      7044 -8.467727E-01 -8.683447E-01 -2.329754E+00
      7045 -9.712309E-01 -9.823228E-01 -2.585245E+00
      7046 -1.121444E+00 -1.107364E+00 -2.840188E+00
      7047 -1.291303E+00 -1.235945E+00 -3.065128E+00
      7048 -1.464383E+00 -1.356677E+00 -3.219364E+00
      7049 -1.617271E+00 -1.444725E+00 -3.239128E+00
      7050 -1.720205E+00 -1.470986E+00 -3.059580E+00
      7051 -1.756702E+00 -1.415926E+00 -2.655338E+00
      7052 -1.752713E+00 -1.317780E+00 -2.154927E+00
      7053 -1.833320E+00 -1.388496E+00 -2.051681E+00
      7054 -1.305509E+00 -1.382304E+00 -2.273510E+00
      7055 -1.746147E+00 -3.654489E+00 -6.598441E+00
      7429 -7.902822E-01 -2.210092E-01 -1.288474E+00
      7458 -3.145354E-02 -8.090792E+00 -1.728884E+01
      7476 -1.072301E-01 -1.065467E-01  7.768450E-01
      7477  3.187488E-01 -1.178300E-01  6.430695E-02
      7478  9.774925E-01 -2.614674E+00 -2.257736E+00
      7479  7.023528E-01 -3.350278E+00 -1.468034E+00
      7480  1.402169E+00 -3.075715E+00 -3.110107E+00
      7481 -2.830753E+00  6.268234E-02 -2.098106E+00
      7482 -2.345073E+00  6.138912E-02 -1.418605E+00
      7483 -2.109014E+00 -5.512350E-02 -1.506294E+00
      7484 -5.733755E+00 -2.660332E+00 -1.304715E+01
      7485 -3.658072E+00 -3.125722E+00 -8.721947E+00
      7486 -3.049493E+00 -3.114382E+00 -7.696294E+00
      7487 -2.917011E+00 -1.597213E+00 -6.583118E+00
      7527  6.879563E-01 -1.434939E-01 -1.289661E+00
      7556  5.833722E-02 -7.060003E+00 -1.501526E+01
      7574  2.469073E+00  5.948597E-02 -1.846042E+00
      7575  2.047763E+00  5.970237E-02 -1.228000E+00
      7576  1.846734E+00 -4.884101E-02 -1.298836E+00
      7577  5.012607E+00 -2.349684E+00 -1.137643E+01
      7578  3.173947E+00 -2.783692E+00 -7.582201E+00
      7579  2.651827E+00 -2.772805E+00 -6.712415E+00
      7580  2.562874E+00 -1.417052E+00 -5.803127E+00
      7581  1.336429E-01 -9.989245E-02  7.217244E-01
      7582 -2.647842E-01 -1.076893E-01  7.644940E-02
      7583 -7.347049E-01 -2.346742E+00 -1.711728E+00
      7584 -5.671482E-01 -3.015023E+00 -1.170475E+00
      7585 -1.250824E+00 -2.768784E+00 -2.761980E+00
     50816  1.569059E-03 -1.537564E-01  5.263859E-02
     50817  1.078747E-03 -1.026945E-01  2.437358E-02
     50818  8.614239E-03 -8.969774E-02  2.424675E-02
     50819  1.157469E-03 -8.313744E-02  2.405633E-02
     50820 -1.843584E-04 -7.376800E-02  2.309790E-02
     50821  4.599193E-04 -1.045511E-01  3.656578E-02
     50822  3.994474E-03 -3.507640E-02 -1.059810E-02
     50823 -1.600026E-04 -7.330852E-02  2.259238E-02
     50824  4.314166E-03 -8.023132E-02  2.858125E-02
     50825  9.296010E-04 -8.071040E-02  2.420309E-02
     50826  5.731178E-04 -7.835747E-02  2.397046E-02
     50827 -5.874578E-04 -7.924359E-02  2.694769E-02
     50828 -3.693496E-05 -2.007422E-01  1.061241E-01
     50829  8.738269E-04 -8.681388E-02  2.422906E-02
     50830 -5.979739E-04 -7.079420E-02  2.022682E-02
     50831  1.988800E-02 -7.278533E-02  4.709340E-02
     50832  2.483819E-02 -1.869885E-01  1.407562E-01
     50833  3.276333E-02 -1.894675E-01  1.346434E-01
     50834  1.242578E-02 -2.181014E-01  1.304667E-01
     50835 -3.897843E-03 -2.191824E-01  9.249008E-02
     50836 -6.337732E-04 -1.414584E-01  3.535285E-02
     50837  1.933543E-03 -1.325275E-01  3.797757E-02
     50838 -1.833390E-03 -7.250670E-02  2.317437E-02
     50839 -8.826073E-05 -7.565705E-02  2.501510E-02
     50840  1.997627E-05 -7.675598E-02  2.630903E-02
     50841  1.346317E-03 -9.378739E-02  2.299594E-02
     50842 -2.450792E-04 -7.446752E-02  2.281090E-02
     50843 -9.516398E-04 -1.826397E-01  7.465164E-02
     50844 -7.222962E-04 -1.567822E-01  5.092184E-02
     50845  6.115447E-04 -1.124609E-01  2.690315E-02
     50846 -1.182999E-04 -7.513087E-02  2.406640E-02
     50847 -7.024085E-01 -1.888174E-01 -3.705290E+00
     50848 -3.225619E-01 -1.002925E+00 -3.810706E+00
     50849 -6.953174E-02 -9.294544E-01 -4.411167E+00
     50850 -5.589709E-01 -2.991878E-01 -4.179068E+00
     50851 -1.349259E-02  8.516048E-02 -2.327220E-01
     50852  1.313033E-02  1.610469E-02 -1.585562E-01
     50853  2.997958E-02  3.409356E-02 -2.003273E-01
     50854  2.458889E-03  7.812115E-02 -1.968583E-01
     50855  2.853513E-01 -6.835006E-01 -4.901384E+00
     50856  5.935780E-01 -3.728629E-01 -5.041415E+00
     50857 -2.037397E-01 -7.806016E-01 -4.874961E+00
     50858  2.136683E-01 -3.038577E-01 -5.602272E+00
     50859  1.130766E+00 -3.241254E-01 -5.088341E+00
     50860  1.266925E+00 -2.350121E-01 -4.769101E+00
     50861  7.528305E-01 -2.912242E-01 -5.341401E+00
     50862  5.614158E-01 -5.815167E-01 -5.581891E+00
     50863  1.218300E+00 -4.389171E-01 -5.808357E+00
     50864  1.555955E+00 -1.818850E-01 -4.241339E+00
     50865  1.556581E+00 -1.642151E-01 -3.790993E+00
     50866  1.515762E+00 -1.269369E-01 -4.798674E+00
     50867  1.496933E+00 -3.388805E-01 -5.472245E+00
     50868  1.622884E+00 -5.393744E-01 -4.715048E+00
     50869  1.654150E+00 -1.077757E-01 -3.111160E+00
     50870  1.584909E+00 -1.034771E-01 -2.666623E+00
     50871  1.774315E+00 -1.268063E-04 -3.673523E+00
     50872  1.713678E+00 -4.040743E-01 -3.329495E+00
     50873  1.904450E+00 -1.843388E-01 -4.365511E+00
     50874  1.562097E+00 -3.878660E-02 -2.011064E+00
     50875  1.466890E+00 -2.862736E-02 -1.591216E+00
     50876  1.744882E+00  1.189668E-01 -2.459806E+00
     50877  1.922335E+00 -5.677256E-02 -2.980733E+00
     50878  1.610189E+00 -3.080646E-01 -2.014061E+00
     50879  1.381530E+00  1.926598E-02 -1.125791E+00
     50880  1.280245E+00  2.325103E-02 -7.938292E-01
     50881  1.514930E+00  2.228039E-01 -1.386970E+00
     50882  1.812700E+00 -8.768082E-02 -1.637369E+00
     50883  1.458702E+00 -6.592266E-02 -9.807683E-01
     50884  1.145190E+00  6.335003E-02 -3.874093E-01
     50885  1.071347E+00  7.160325E-02 -1.671330E-01
     50886  1.319013E+00  2.809997E-01 -5.522566E-01
     50887  1.165873E+00 -5.258013E-02 -1.080621E-01
     50888  1.494775E+00  7.196062E-02 -6.653000E-01
     50889  9.444555E-01  1.005539E-01  6.990163E-02
     50890  8.645044E-01  1.114276E-01  2.143560E-01
     50891  1.041823E+00  3.295336E-01  4.259432E-02
     50892  1.280059E+00  5.562632E-02  1.015744E-01
     50893  9.825760E-01  7.371526E-02  3.993078E-01
     50894  7.437824E-01  1.352384E-01  4.009770E-01
     50895  6.933772E-01  1.493684E-01  4.845821E-01
     50896  8.545935E-01  3.607768E-01  4.332209E-01
     50897  7.343224E-01  4.267281E-02  7.606418E-01
     50898  9.784100E-01  1.386814E-01  5.482249E-01
     50899  5.894024E-01  1.393429E-01  5.341299E-01
     50900  5.449548E-01  1.477949E-01  5.668218E-01
     50901  6.305158E-01  3.770561E-01  6.465921E-01
     50902  8.094490E-01  7.975579E-02  8.471442E-01
     50903  5.998006E-01  1.343699E-01  8.932830E-01
     50904  4.597123E-01  1.459300E-01  6.103960E-01
     50905  4.339423E-01  1.527897E-01  5.847255E-01
     50906  5.171104E-01  3.599425E-01  7.248849E-01
     50907  5.985417E-01  1.437458E-01  9.360006E-01
     50908  4.345257E-01  7.567663E-02  9.609948E-01
     50909  3.663559E-01  1.449676E-01  5.886119E-01
     50910  3.514957E-01  1.507228E-01  5.433547E-01
     50911  4.055058E-01  3.518978E-01  7.180399E-01
     50912  3.373347E-01  7.680189E-02  9.099258E-01
     50913  4.783434E-01  1.368961E-01  9.245092E-01
     50914  3.012806E-01  1.383560E-01  5.195860E-01
     50915  2.966354E-01  1.449490E-01  4.693932E-01
     50916  3.252391E-01  3.325634E-01  6.515821E-01
     50917  3.850222E-01  1.240656E-01  8.564712E-01
     50918  2.700120E-01  7.249614E-02  8.069619E-01
     50919  2.571701E-01  1.321527E-01  4.348165E-01
     50920  2.566115E-01  1.341756E-01  3.696781E-01
     50921  2.743213E-01  3.154531E-01  5.570977E-01
     50922  2.275426E-01  7.553231E-02  6.929178E-01
     50923  3.239521E-01  1.070691E-01  7.487696E-01
     50924  2.368258E-01  1.259758E-01  3.387846E-01
     50925  2.391575E-01  1.283602E-01  2.852344E-01
     50926  2.480504E-01  2.895925E-01  4.441882E-01
     50927  2.816617E-01  9.257983E-02  6.246558E-01
     50928  2.060822E-01  5.493739E-02  5.651847E-01
     50929  2.244775E-01  1.155790E-01  2.547748E-01
     50930  2.292396E-01  1.207106E-01  2.094438E-01
     50931  2.308285E-01  2.737648E-01  3.503683E-01
     50932  1.950018E-01  4.704365E-02  4.594184E-01
     50933  2.646806E-01  8.693218E-02  5.037124E-01
     50934  2.205001E-01  1.088711E-01  1.896236E-01
     50935  2.251638E-01  1.137530E-01  1.537945E-01
     50936  2.270860E-01  2.605764E-01  2.715910E-01
     50937  2.586050E-01  8.146298E-02  4.042897E-01
     50938  1.934856E-01  3.876827E-02  3.762526E-01
     50939  2.185436E-01  1.036561E-01  1.459662E-01
     50940  2.218510E-01  1.081781E-01  1.202245E-01
     50941  2.269531E-01  2.481588E-01  2.149964E-01
     50942  2.572456E-01  7.647486E-02  3.295657E-01
     50943  1.937031E-01  3.163815E-02  3.208112E-01
     50944  2.138338E-01  9.874745E-02  1.211448E-01
     50945  2.155631E-01  1.064322E-01  1.219472E-01
     50946  2.250945E-01  2.405130E-01  1.827785E-01
     50947  2.561609E-01  7.473058E-02  2.824851E-01
     50948  1.911678E-01  3.294759E-02  2.822863E-01
     50949  2.036543E-01  9.670828E-02  1.023815E-01
     50950  2.021623E-01  1.026108E-01  1.210678E-01
     50951  2.011735E-01  2.357849E-01  1.690671E-01
     50952  2.694224E-01  3.256251E-02  2.879419E-01
     50953  2.010895E-01  7.188850E-02  2.484056E-01
     50954  1.860578E-01  9.633686E-02  1.065393E-01
     50955  1.795152E-01  9.875426E-02  1.080016E-01
     50956  1.869560E-01  2.263280E-01  1.672572E-01
     50957  1.820572E-01  6.650143E-02  2.604528E-01
     50958  2.535108E-01  2.603109E-02  2.915509E-01
     50959  1.595227E-01  9.345786E-02  1.213577E-01
     50960  1.507984E-01  9.724590E-02  1.064066E-01
     50961  1.803186E-01  2.225658E-01  1.709159E-01
     50962  2.105820E-01  6.744115E-02  2.669072E-01
     50963  1.345066E-01  2.483979E-02  2.872405E-01
     50964  1.284415E-01  9.189945E-02  1.160543E-01
     50965  1.178553E-01  9.533220E-02  9.582662E-02
     50966  1.494221E-01  2.254232E-01  1.693128E-01
     50967  9.999664E-02  2.502346E-02  2.809282E-01
     50968  1.841428E-01  6.981118E-02  2.582203E-01
     50969  9.478282E-02  8.949686E-02  9.780902E-02
     50970  8.316696E-02  9.354352E-02  7.144854E-02
     50971  1.142595E-01  2.233654E-01  1.538743E-01
     50972  6.230486E-02  2.564230E-02  2.601346E-01
     50973  1.477828E-01  6.818592E-02  2.463478E-01
     50974  6.169437E-02  8.732851E-02  6.526274E-02
     50975  5.040789E-02  9.174130E-02  3.260626E-02
     50976  7.856558E-02  2.216740E-01  1.233479E-01
     50977  1.097879E-01  6.536552E-02  2.193493E-01
     50978  2.463513E-02  2.398735E-02  2.226529E-01
     50979  3.261120E-02  8.473250E-02  1.895009E-02
     50980  2.312419E-02  8.894924E-02 -1.903946E-02
     50981  4.589045E-02  2.195601E-01  7.743932E-02
     50982 -8.803019E-03  2.113088E-02  1.684064E-01
     50983  7.402669E-02  6.236249E-02  1.747444E-01
     50984  1.116397E-02  8.271003E-02 -3.759265E-02
     50985  6.896662E-03  8.784313E-02 -7.323355E-02
     50986  2.036525E-02  2.170495E-01  1.949929E-02
     50987  4.433675E-02  5.849022E-02  1.144625E-01
     50988 -3.450777E-02  1.634633E-02  1.025065E-01
     50989 -2.305153E-03  8.415884E-02 -8.916616E-02
     50990 -4.348966E-03  8.314353E-02 -1.351880E-01
     50991  6.167260E-03  2.184728E-01 -3.947047E-02
     50992 -4.883134E-02  1.603148E-02  4.138237E-02
     50993  2.717349E-02  5.450885E-02  4.859657E-02
     50994 -5.419787E-03  9.394831E-02 -1.396344E-01
     50995 -1.636537E-03  9.419030E-02 -1.721933E-01
     50996  7.256804E-03  2.175840E-01 -9.873577E-02
     50997 -6.555336E-02 -1.209506E-02 -1.462495E-02
     50998  1.515144E-02  4.718023E-02 -1.947520E-02
     50999 -7.760187E-02  1.913539E-01 -1.612674E-01
     51000  4.153492E-02  2.709415E-03 -5.148176E-02
     52859 -2.415626E-02 -8.344963E-02  4.515765E-02
     52860 -6.651323E-03 -1.239525E-01  1.101368E-01
     52861 -3.111341E-03 -1.346910E-01  1.003251E-01
     52862 -4.811462E-03 -7.494503E-02  2.212557E-02
     52863 -4.280329E-03 -6.979932E-02  2.108824E-02
     52864 -2.377905E-03 -1.367678E-01  4.780721E-02
     52865 -1.130930E-04 -9.050648E-02  3.257549E-02
     52866 -5.489321E-03 -8.301417E-02  2.326952E-02
     52867 -9.506501E-04 -1.440805E-01  5.878535E-02
     52868 -3.071518E-03 -8.756470E-02  3.012209E-02
     52869 -4.463505E-03 -1.145141E-01  4.031056E-02
     52870  1.112251E-02 -3.336681E-02  7.821591E-03
     52871 -3.325562E-03 -9.817748E-02  3.457687E-02
     52872 -7.502646E-03 -1.060440E-01  2.894166E-02
     52873 -3.570819E-03 -1.039982E-01  4.009364E-02
     52874 -5.306396E-03 -7.889655E-02  2.275527E-02
     52875 -5.653358E-03 -8.717252E-02  2.373053E-02
     52876 -4.506189E-03 -9.413827E-02  2.215061E-02
     52877 -3.164260E-03 -6.142008E-02  1.875230E-02
     52878  2.223182E-04 -1.455960E-01  8.662925E-02
     52879 -3.463448E-03 -7.814807E-02  2.348537E-02
     52880  1.123057E-03 -7.394884E-02  2.570714E-02
     52881 -4.394189E-03 -1.297226E-01  3.995449E-02
     52882 -3.181975E-03 -6.328375E-02  1.903409E-02
     52883 -4.012052E-03 -6.704492E-02  2.031242E-02
     52884 -5.979898E-03 -9.431177E-02  2.496720E-02
     52885 -8.420975E-03 -1.258237E-01  3.915776E-02
     52886 -4.570453E-03 -7.244689E-02  2.168564E-02
     52887 -2.985528E-03 -6.316357E-02  1.966947E-02
     52888 -2.897841E-02 -1.561303E-01  1.238475E-01
     52889  1.338555E-04 -1.490883E-01  7.232716E-02
     52890  1.650242E-03  3.093642E-02 -1.639654E-01
     52891  2.624262E-02  8.591834E-02 -2.356612E-01
     52892  9.869995E-03  1.061359E-01 -1.834309E-01
     52893  2.408960E-02  2.279753E-02 -1.658553E-01
     52894  2.187034E-01 -8.935171E-01 -3.547063E+00
     52895  5.594056E-01 -1.946212E-01 -3.498954E+00
     52896 -9.793609E-03 -8.398824E-01 -4.081079E+00
     52897  4.088459E-01 -3.003579E-01 -3.923815E+00
     52898  1.453803E-02  9.684772E-02 -1.721188E-01
     52899  2.124912E-02  9.130349E-02 -1.551064E-01
     52900  2.083514E-02  1.934443E-01 -1.392616E-01
     52901 -3.224275E-02 -1.191133E-02 -6.659447E-02
     52902  2.411656E-02  8.161159E-02 -1.583106E-01
     52903  1.752067E-02  8.009178E-02 -1.378907E-01
     52904  7.271543E-03  2.118305E-01 -1.226263E-01
     52905  8.875014E-02 -3.164227E-02 -3.686329E-02
     52906  1.948273E-03  3.445887E-02 -3.782581E-02
     52907  1.361779E-02  8.625334E-02 -8.537221E-02
     52908  8.297714E-03  8.133854E-02 -8.644336E-02
     52909  3.480559E-02  2.058251E-01 -7.360032E-02
     52910 -3.046240E-02 -2.738624E-02  5.147182E-02
     52911  4.688355E-02  5.088340E-02 -2.159553E-02
     52912 -2.283388E-03  8.674427E-02 -3.260182E-02
     52913 -8.000187E-03  8.013646E-02 -2.767173E-02
     52914  2.032664E-02  2.057633E-01 -1.634755E-02
     52915 -4.526174E-02 -1.869484E-02  1.057020E-01
     52916  4.203157E-02  5.871219E-02  2.000993E-02
     52917 -3.077328E-02  8.862593E-02  2.327845E-02
     52918 -3.536024E-02  7.709829E-02  1.674932E-02
     52919 -2.060872E-03  2.039202E-01  4.254407E-02
     52920 -7.679588E-02 -4.981344E-03  1.729035E-01
     52921  1.982598E-02  6.021729E-02  8.170137E-02
     52922 -5.858043E-02  8.856924E-02  6.221473E-02
     52923 -6.673114E-02  8.573650E-02  7.818208E-02
     52924 -3.224170E-02  2.007126E-01  8.795210E-02
     52925 -9.783777E-03  6.020590E-02  1.404430E-01
     52926 -1.059661E-01 -3.232983E-03  2.048448E-01
     52927 -9.417072E-02  8.597879E-02  8.285967E-02
     52928 -1.064280E-01  8.236905E-02  8.861789E-02
     52929 -9.008389E-02  2.007404E-01  1.294801E-01
     52930 -3.116670E-02  2.333934E-02  2.107411E-01
     52931 -1.170595E-01  5.425965E-02  2.219298E-01
     52932 -1.285604E-01  8.826595E-02  1.196920E-01
     52933 -1.397392E-01  8.252186E-02  1.106023E-01
     52934 -1.067610E-01  1.931579E-01  1.513629E-01
     52935 -9.646893E-02  6.201604E-02  2.238412E-01
     52936 -1.704219E-01  1.363181E-02  2.668288E-01
     52937 -1.629845E-01  8.644424E-02  1.337897E-01
     52938 -1.743081E-01  8.469961E-02  1.258417E-01
     52939 -1.453368E-01  1.962916E-01  1.735092E-01
     52940 -2.054567E-01  1.978137E-02  2.859938E-01
     52941 -1.331353E-01  6.662908E-02  2.363078E-01
     52942 -1.956144E-01  8.727671E-02  1.452648E-01
     52943 -2.053641E-01  8.441651E-02  1.344598E-01
     52944 -1.797523E-01  1.996475E-01  1.886929E-01
     52945 -2.386231E-01  2.253482E-02  2.986635E-01
     52946 -1.695246E-01  6.910527E-02  2.557346E-01
     52947 -2.245746E-01  9.007458E-02  1.548798E-01
     52948 -2.329208E-01  8.828978E-02  1.450546E-01
     52949 -2.083096E-01  2.022774E-01  1.996376E-01
     52950 -2.028636E-01  6.757034E-02  2.666080E-01
     52951 -2.700312E-01  2.291827E-02  3.153114E-01
     52952 -2.506549E-01  9.506795E-02  1.679741E-01
     52953 -2.566430E-01  9.163911E-02  1.575206E-01
     52954 -2.333663E-01  2.102138E-01  2.140388E-01
     52955 -2.978836E-01  2.147431E-02  3.347886E-01
     52956 -2.317405E-01  7.209930E-02  2.820132E-01
     52957 -2.725642E-01  9.927489E-02  1.843403E-01
     52958 -2.767302E-01  9.560438E-02  1.767714E-01
     52959 -2.547299E-01  2.183064E-01  2.317216E-01
     52960 -2.558175E-01  7.559490E-02  2.993316E-01
     52961 -3.205243E-01  2.226423E-02  3.610940E-01
     52962 -2.918201E-01  1.042526E-01  2.090901E-01
     52963 -2.948075E-01  9.995995E-02  2.046213E-01
     52964 -2.724857E-01  2.289534E-01  2.582739E-01
     52965 -3.396743E-01  2.453284E-02  3.991262E-01
     52966 -2.758281E-01  8.100085E-02  3.266823E-01
     52967 -3.099199E-01  1.102804E-01  2.442321E-01
     52968 -3.126537E-01  1.057825E-01  2.447759E-01
     52969 -2.880042E-01  2.417309E-01  2.958363E-01
     52970 -2.932458E-01  8.715051E-02  3.665133E-01
     52971 -3.574804E-01  2.742594E-02  4.523371E-01
     52972 -3.313089E-01  1.169843E-01  2.910334E-01
     52973 -3.352919E-01  1.114241E-01  2.940959E-01
     52974 -3.050860E-01  2.579955E-01  3.476352E-01
     52975 -3.786817E-01  3.186962E-02  5.212295E-01
     52976 -3.100148E-01  9.573106E-02  4.228295E-01
     52977 -3.596586E-01  1.222688E-01  3.436343E-01
     52978 -3.679735E-01  1.167240E-01  3.480548E-01
     52979 -3.292606E-01  2.748994E-01  4.080057E-01
     52980 -3.313051E-01  1.042939E-01  4.929592E-01
     52981 -4.080582E-01  3.771493E-02  6.001883E-01
     52982 -4.033700E-01  1.283573E-01  3.957115E-01
     52983 -4.187491E-01  1.217472E-01  3.932046E-01
     52984 -3.662018E-01  2.945445E-01  4.717246E-01
     52985 -3.633802E-01  1.127757E-01  5.717904E-01
     52986 -4.558610E-01  4.443086E-02  6.807097E-01
     52987 -4.688607E-01  1.304946E-01  4.244648E-01
     52988 -4.894932E-01  1.313899E-01  4.330742E-01
     52989 -4.258715E-01  3.145064E-01  5.201798E-01
     52990 -5.317553E-01  5.445551E-02  7.253947E-01
     52991 -4.149045E-01  1.216592E-01  6.441877E-01
     52992 -5.600089E-01  1.258268E-01  3.947325E-01
     52993 -5.933976E-01  1.267048E-01  3.973559E-01
     52994 -5.399687E-01  3.267805E-01  5.242381E-01
     52995 -6.150737E-01  1.116093E-01  6.998889E-01
     52996 -4.666581E-01  7.390659E-02  7.191765E-01
     52997 -6.816351E-01  1.160166E-01  3.097193E-01
     52998 -7.380722E-01  1.076892E-01  2.415824E-01
     52999 -6.657402E-01  3.260222E-01  4.605067E-01
     53000 -5.762811E-01  5.735828E-02  7.110710E-01
     53001 -7.556633E-01  1.154852E-01  6.269698E-01
     53002 -8.373658E-01  9.449263E-02  1.308847E-01
     53003 -9.120800E-01  8.743704E-02 -1.925937E-02
     53004 -8.013138E-01  3.227225E-01  2.917748E-01
     53005 -9.668194E-01  5.226583E-02  4.371432E-01
     53006 -7.578641E-01  1.019928E-01  5.483928E-01
     53007 -1.018338E+00  6.073936E-02 -2.184013E-01
     53008 -1.109939E+00  5.480505E-02 -4.452372E-01
     53009 -1.000589E+00  3.070047E-01 -3.432736E-02
     53010 -1.189448E+00  3.621651E-02  2.806923E-02
     53011 -9.429739E-01  7.940570E-02  2.559168E-01
     53012 -1.210386E+00  1.341734E-02 -7.527581E-01
     53013 -1.313613E+00  1.070698E-02 -1.067306E+00
     53014 -1.223561E+00  2.620465E-01 -5.581518E-01
     53015 -1.160692E+00  3.700007E-02 -2.279706E-01
     53016 -1.432284E+00  7.572111E-03 -6.123147E-01
     53017 -1.386709E+00 -4.364844E-02 -1.490250E+00
     53018 -1.488409E+00 -4.192698E-02 -1.893676E+00
     53019 -1.444198E+00  1.931665E-01 -1.303380E+00
     53020 -1.388215E+00 -2.308338E-02 -9.535560E-01
     53021 -1.664125E+00 -4.064711E-02 -1.509657E+00
     53022 -1.501793E+00 -1.042124E-01 -2.415559E+00
     53023 -1.577256E+00 -9.917512E-02 -2.886563E+00
     53024 -1.615545E+00  1.006685E-01 -2.265160E+00
     53025 -1.823049E+00 -1.048149E-01 -2.647017E+00
     53026 -1.588277E+00 -9.807646E-02 -1.938836E+00
     53027 -1.483317E+00 -1.588241E-01 -3.443680E+00
     53028 -1.485409E+00 -1.584231E-01 -3.904739E+00
     53029 -1.655332E+00 -6.379139E-03 -3.365919E+00
     53030 -1.806730E+00 -1.844444E-01 -3.905454E+00
     53031 -1.698633E+00 -1.759704E-01 -3.145402E+00
     53032 -1.225790E+00 -2.177718E-01 -4.331754E+00
     53033 -1.103147E+00 -2.904937E-01 -4.655986E+00
     53034 -1.429106E+00 -1.142725E-01 -4.386564E+00
     53035 -1.459114E+00 -2.888805E-01 -4.943328E+00
     53036 -1.613416E+00 -2.369170E-01 -4.407254E+00
     53037 -6.190760E-01 -3.429854E-01 -4.638024E+00
     53038 -3.409414E-01 -6.180389E-01 -4.519033E+00
     53039 -7.804186E-01 -2.748658E-01 -4.903744E+00
     53040 -1.200708E+00 -2.783203E-01 -5.341584E+00
     53041 -6.027113E-01 -4.918359E-01 -5.144767E+00
     53042  9.521506E-02 -7.195614E-01 -4.502520E+00
     53043 -2.904957E-01 -2.694282E-01 -5.166969E+00
     57576  2.166291E+00  5.683731E+00  6.738712E-01
     57577  6.947851E-01  2.572166E+00  2.806206E+00
     57578  1.334809E+00  1.743839E+00  2.260182E+00
     57579  9.398425E-01  1.429829E+00  9.819691E-01
     57580  2.311630E+00  2.294785E+00  1.457143E+00
     57581 -2.677008E+00 -2.609886E+01  1.083983E+02
     57582 -4.309998E+00 -2.447115E+01  9.872589E+01
     57583  4.142843E+00 -1.566172E+01  8.880256E+01
     57584 -1.175559E+00  1.555168E+00 -8.533346E+00
     57585 -1.811243E+00 -4.844488E-01 -1.951167E+00
     57586 -3.673928E+00 -3.830850E+00 -6.555126E+00
     57587 -1.934215E-01  1.299043E+00 -1.098522E+01
     57588 -7.757837E+00 -2.038004E+01  7.301390E+01
     57589 -1.500050E+00 -4.693408E+00  4.204864E+00
     57590 -6.766432E+00 -8.808445E+00  6.872109E+00
     57591 -3.319788E+00 -4.068733E+00 -4.586028E+00
     57592 -2.004630E+00 -5.576600E+00 -7.253782E+00
     57593 -8.145435E-01 -9.565416E+00  2.219552E+01
     57594 -6.424067E+00 -1.195353E+01  2.878964E+01
     57595 -3.127490E+00 -9.327764E+00  9.204342E+00
     57596 -9.711994E-01 -5.849814E+00 -1.565404E+00
     57597 -3.378108E+00 -1.092596E+01  9.128232E+00
     57598  1.368497E+00 -1.352391E+01  4.886728E+01
     57599 -6.077591E+00 -1.468419E+01  5.662700E+01
     57600 -3.259751E+00 -1.305179E+01  2.969166E+01
     57601 -1.134173E+00 -9.893725E+00  1.696656E+01
     57602 -5.862923E+00 -1.405222E+01  3.333978E+01
     57603 -3.418068E+00 -1.517659E+01  6.305233E+01
     57604  2.401365E-01 -1.343364E+01  4.292524E+01
     62735 -7.152035E-01  2.425424E+00  2.650824E+00
     62736 -9.831158E-01  1.277784E+00  8.585290E-01
     62737 -2.195596E+00  2.075606E+00  1.401450E+00
     62738 -2.059577E+00  5.256118E+00  6.185093E-01
     62739 -1.400074E+00  1.647713E+00  2.134640E+00
     62740  1.845222E+00 -5.568924E-01 -1.446790E+00
     62741  1.256197E+00  1.539239E+00 -8.174782E+00
     62742  4.001730E-01  1.426628E+00 -1.033462E+01
     62743  4.358573E+00 -2.241922E+01  8.993185E+01
     62744  2.868097E+00 -2.403217E+01  1.001121E+02
     62745  7.413748E+00 -1.886494E+01  6.623469E+01
     62746  3.577868E+00 -3.884557E+00 -5.903242E+00
     62747 -3.545874E+00 -1.423291E+01  8.224309E+01
     62748  2.030461E+00 -5.080973E+00 -7.269775E+00
     62749  1.304733E+00 -5.201816E+00 -1.908305E+00
     62750  3.413173E+00 -3.686084E+00 -4.046434E+00
     62751  1.639460E+00 -4.283578E+00  4.494144E+00
     62752  3.303787E+00 -1.003665E+01  7.603611E+00
     62753  1.483318E+00 -8.905876E+00  1.500661E+01
     62754  3.246840E+00 -8.531803E+00  8.603894E+00
     62755  1.048556E+00 -8.736372E+00  2.114391E+01
     62756  6.639950E+00 -8.352885E+00  6.670402E+00
     62757  5.695040E+00 -1.295956E+01  2.975851E+01
     62758  1.945690E-01 -1.217414E+01  3.857841E+01
     62759  3.362658E+00 -1.199478E+01  2.710676E+01
     62760  6.297249E+00 -1.107792E+01  2.706503E+01
     62761 -1.049805E+00 -1.236870E+01  4.569069E+01
     62762  3.523377E+00 -1.392038E+01  5.772755E+01
     62763  5.951722E+00 -1.352602E+01  5.270189E+01
     67401 -3.415128E-02 -1.982377E-01  2.493815E-01
     67402  3.653433E-02 -2.287774E-01  2.780796E-01
     67403  2.228405E-01 -5.212274E-01  3.090223E-02
     67404 -2.421104E-01 -5.783782E-01  4.848610E-02
     67405  8.637697E-01 -4.334952E+00 -7.733177E+00
     67406  1.860064E+00 -3.113442E+00 -7.311663E+00
     67407  9.205662E-01 -3.232223E+00 -6.878667E+00
     67408 -4.678395E-02 -4.199668E-01 -1.694156E+00
     67409  1.023841E-01 -3.282799E-01 -1.700920E+00
     67410 -3.732343E-02 -3.401527E-01 -1.686723E+00
     67411  1.174401E-01 -4.241554E-01 -1.699922E+00
     67412 -1.751217E+00 -2.822084E+00 -6.570608E+00
     67413 -8.846649E-01 -3.881884E+00 -7.037655E+00
     67414 -9.533325E-01 -2.902535E+00 -6.281497E+00
     67415  2.584868E+00 -3.014202E+00 -6.102237E+00
     67416 -2.419307E+00 -2.730122E+00 -5.478829E+00
     67417  1.175504E+00 -1.885818E+00 -5.938350E+00
     67418  1.665654E+00 -2.202376E+00 -6.367714E+00
     67419  1.782825E+00 -3.196608E+00 -4.761750E+00
     67420  2.150668E+00 -9.109002E-01 -2.551004E+00
     67421  2.943837E+00 -3.107644E+00 -7.054442E+00
     67422  3.241925E+00 -3.166271E+00 -6.134131E+00
     67423  2.235268E+00 -1.885639E+00 -3.478972E+00
     67424  3.539399E+00 -2.671568E+00 -6.374944E+00
     67425  4.384021E+00 -3.389289E+00 -6.657368E+00
     67426  3.801197E+00 -2.232042E+00 -5.717821E+00
     67427  4.397444E+00 -2.809757E+00 -5.909354E+00
     67428  3.743465E+00 -1.737653E+00 -5.008995E+00
     67429  4.238386E+00 -2.191789E+00 -5.219739E+00
     67430  3.469763E+00 -1.248550E+00 -4.280433E+00
     67431  3.903661E+00 -1.579450E+00 -4.534649E+00
     67432  3.088760E+00 -8.662835E-01 -3.657791E+00
     67433  3.441468E+00 -1.049804E+00 -3.892235E+00
     67434  2.641265E+00 -5.194005E-01 -3.007039E+00
     67435  2.980225E+00 -6.399304E-01 -3.298859E+00
     67436  2.188270E+00 -2.988973E-01 -2.513752E+00
     67437  2.501864E+00 -3.518673E-01 -2.747906E+00
     67438  1.808468E+00 -1.450350E-01 -2.135687E+00
     67439  2.070351E+00 -1.599095E-01 -2.338735E+00
     67440  1.485655E+00 -6.522842E-02 -1.878013E+00
     67441  1.711185E+00 -5.100572E-02 -2.033270E+00
     67442  1.230898E+00 -2.915178E-02 -1.699853E+00
     67443  1.431933E+00 -3.014564E-03 -1.821759E+00
     67444  1.040833E+00 -2.659528E-02 -1.593477E+00
     67445  1.219801E+00  3.150288E-03 -1.682678E+00
     67446  9.060540E-01 -4.478983E-02 -1.527867E+00
     67447  1.071371E+00 -1.558316E-02 -1.597963E+00
     67448  8.098167E-01 -6.978125E-02 -1.487836E+00
     67449  9.721011E-01 -4.971937E-02 -1.542773E+00
     67450  7.448089E-01 -9.795845E-02 -1.475214E+00
     67451  8.978721E-01 -7.744003E-02 -1.512718E+00
     67452  7.022196E-01 -1.211693E-01 -1.463553E+00
     67453  8.534341E-01 -1.062676E-01 -1.496179E+00
     67454  6.655946E-01 -1.356320E-01 -1.449067E+00
     67455  8.167380E-01 -1.259141E-01 -1.478075E+00
     67456  6.221109E-01 -1.458727E-01 -1.436043E+00
     67457  7.755661E-01 -1.377117E-01 -1.457715E+00
     67458  5.695193E-01 -1.478956E-01 -1.419129E+00
     67459  7.233613E-01 -1.417027E-01 -1.437770E+00
     67460  5.015073E-01 -1.480170E-01 -1.406404E+00
     67461  6.562131E-01 -1.418733E-01 -1.420838E+00
     67462  4.150313E-01 -1.552993E-01 -1.410404E+00
     67463  5.747328E-01 -1.456660E-01 -1.415157E+00
     67464  3.200610E-01 -1.656942E-01 -1.426845E+00
     67465  4.837656E-01 -1.543868E-01 -1.424249E+00
     67466  2.213090E-01 -1.843712E-01 -1.459672E+00
     67467  3.889706E-01 -1.713144E-01 -1.449365E+00
     67468  1.263272E-01 -2.115299E-01 -1.507486E+00
     67469  2.991368E-01 -1.970555E-01 -1.490857E+00
     67470  4.355480E-02 -2.464467E-01 -1.568866E+00
     67471  2.214303E-01 -2.311712E-01 -1.546518E+00
     67472 -1.447635E-02 -2.843180E-01 -1.636885E+00
     67473  1.643072E-01 -2.703870E-01 -1.613240E+00
     67474 -4.870609E-02 -3.183117E-01 -1.688759E+00
     67475  1.351723E-01 -3.070094E-01 -1.674093E+00
     67476 -6.954542E-02 -3.502514E-01 -1.719545E+00
     67477  1.286715E-01 -3.326909E-01 -1.715284E+00
     67478 -5.492871E-02 -3.405545E-01 -1.678664E+00
     67479  1.450671E-01 -3.497276E-01 -1.697067E+00
     67480 -5.793466E-02 -3.095501E-01 -1.616175E+00
     67481  1.262353E-01 -3.190013E-01 -1.647587E+00
     67482 -8.958507E-02 -2.719976E-01 -1.539112E+00
     67483  9.189073E-02 -2.818179E-01 -1.575670E+00
     67484 -1.403676E-01 -2.236733E-01 -1.460460E+00
     67485  3.235541E-02 -2.375971E-01 -1.494289E+00
     67486 -2.031237E-01 -1.829661E-01 -1.384249E+00
     67487 -5.391912E-02 -2.005811E-01 -1.421622E+00
     67488 -2.991157E-01 -1.479363E-01 -1.295175E+00
     67489 -1.379257E-01 -1.630621E-01 -1.333543E+00
     67490 -4.042408E-01 -1.220365E-01 -1.230983E+00
     67491 -2.489556E-01 -1.341739E-01 -1.252309E+00
     67492 -5.136717E-01 -1.017447E-01 -1.195012E+00
     67493 -3.627134E-01 -1.169938E-01 -1.204172E+00
     67494 -6.211071E-01 -8.721823E-02 -1.180783E+00
     67495 -4.773273E-01 -9.991115E-02 -1.179479E+00
     67496 -7.232547E-01 -7.788957E-02 -1.182495E+00
     67497 -5.833784E-01 -9.091456E-02 -1.171016E+00
     67498 -8.199182E-01 -7.313519E-02 -1.200670E+00
     67499 -6.818768E-01 -8.535407E-02 -1.178230E+00
     67500 -9.093834E-01 -7.046240E-02 -1.233544E+00
     67501 -7.718968E-01 -8.303220E-02 -1.200189E+00
     67502 -9.926062E-01 -6.813547E-02 -1.280304E+00
     67503 -8.542764E-01 -8.138155E-02 -1.236073E+00
     67504 -1.073250E+00 -6.556710E-02 -1.340928E+00
     67505 -9.323515E-01 -7.944889E-02 -1.285165E+00
     67506 -1.158826E+00 -6.068038E-02 -1.413791E+00
     67507 -1.010716E+00 -7.660072E-02 -1.346679E+00
     67508 -1.259908E+00 -5.833825E-02 -1.506634E+00
     67509 -1.102405E+00 -7.441938E-02 -1.423836E+00
     67510 -1.389226E+00 -6.171671E-02 -1.624454E+00
     67511 -1.217456E+00 -7.811769E-02 -1.524375E+00
     67512 -1.563676E+00 -8.185917E-02 -1.780273E+00
     67513 -1.371718E+00 -9.357852E-02 -1.657497E+00
     67514 -1.796394E+00 -1.369946E-01 -1.988762E+00
     67515 -1.578231E+00 -1.356658E-01 -1.842223E+00
     67516 -2.094447E+00 -2.318451E-01 -2.261140E+00
     67517 -1.846309E+00 -2.120827E-01 -2.083306E+00
     67518 -2.461708E+00 -3.954210E-01 -2.617027E+00
     67519 -2.177121E+00 -3.418124E-01 -2.406241E+00
     67520 -2.884973E+00 -6.569665E-01 -3.066308E+00
     67521 -2.559096E+00 -5.439718E-01 -2.836413E+00
     67522 -3.326443E+00 -1.016446E+00 -3.596362E+00
     67523 -2.963230E+00 -8.245964E-01 -3.358895E+00
     67524 -3.735082E+00 -1.479566E+00 -4.184132E+00
     67525 -3.334340E+00 -1.186520E+00 -3.961868E+00
     67526 -4.046622E+00 -2.020866E+00 -4.795007E+00
     67527 -3.595938E+00 -1.610615E+00 -4.606968E+00
     67528 -4.206572E+00 -2.581988E+00 -5.414775E+00
     67529 -3.658350E+00 -2.050008E+00 -5.245233E+00
     67530 -4.189192E+00 -3.102709E+00 -6.093427E+00
     67531 -3.428520E+00 -2.446881E+00 -5.847745E+00
     67532 -3.100167E+00 -2.882560E+00 -5.595371E+00
     67533 -2.879087E+00 -2.835099E+00 -6.451739E+00
     67534 -1.640661E+00 -1.984066E+00 -5.795208E+00
     67535 -1.191572E+00 -1.708893E+00 -5.435770E+00
     67536 -2.124140E+00 -1.709294E+00 -3.133692E+00
     67537 -1.727579E+00 -2.883674E+00 -4.312089E+00
     67538 -2.032111E+00 -8.368491E-01 -2.301369E+00
     68403 -9.404554E-03  1.697263E-02  1.751691E-01
     68404 -8.189249E-02 -1.448713E-01  1.256111E-01
     68405 -4.248086E-01 -5.924471E-01  5.006012E-01
     68406 -2.070042E-01 -1.316745E-01  1.177180E-01
     68407 -1.520590E-02  1.684043E-01  1.257449E-01
     68408 -2.015738E-01 -1.544283E+00 -4.221984E+00
     68409 -9.525857E-01 -6.790931E-01 -4.534063E+00
     68410  6.502087E-01 -3.963405E+00 -5.543541E+00
     68411  3.033309E-01 -3.037990E+00 -5.829860E+00
     68412 -2.784715E-01 -2.715693E+00 -5.879070E+00
     68413 -1.072946E+00 -1.022412E+00 -6.823785E+00
     68414  1.365471E+00 -6.295534E+00 -5.341774E+00
     68415  7.631770E-01 -5.205679E+00 -4.837886E+00
     68416  9.421887E-01 -5.038840E+00 -7.156634E+00
     68417 -6.514641E-01 -3.023531E+00 -8.439398E+00
     68418 -1.613469E-01 -4.700212E+00 -1.891823E+01
     68419  7.334659E-01 -4.430402E+00 -1.116108E+01
     68420  1.062132E+00 -5.418628E+00 -4.702599E+00
     68421 -4.514583E-01 -5.620641E+00 -1.354659E+01
     68422  1.013969E+00 -6.250333E+00 -3.887346E+00
     68423  1.063085E+00 -6.609348E+00 -4.063821E+00
     68424  1.410886E-01 -5.422663E+00 -6.127324E+00
     68425  1.116782E+00 -6.719913E+00 -6.959973E+00
     68426  1.135674E-01 -6.370342E+00 -1.138491E+01
     68427  1.010236E+00 -5.880006E+00 -1.030099E+01
     68428 -6.172470E-02 -5.730815E+00 -1.115027E+01
     68429  1.096926E+00 -6.109731E+00 -1.043190E+01
     68430  5.280435E-01 -3.760072E+00 -7.844313E+00
     68903  6.257137E-03  1.447469E-02  1.486534E-01
     68904  7.381213E-02 -1.306958E-01  9.998899E-02
     68905  3.742335E-01 -5.105692E-01  4.252924E-01
     68906  1.792592E-01 -1.089818E-01  1.070199E-01
     68907  5.328215E-02  1.664040E-01  8.263654E-02
     68908  8.101482E-01 -6.002244E-01 -4.215680E+00
     68909  1.401167E-01 -1.392198E+00 -3.872800E+00
     68910 -3.117764E-01 -2.713990E+00 -5.252816E+00
     68911 -6.425511E-01 -3.527542E+00 -4.981953E+00
     68912  2.119820E-01 -2.415561E+00 -5.259567E+00
     68913  9.475116E-01 -9.127477E-01 -6.172575E+00
     68914 -7.232548E-01 -4.666176E+00 -4.314190E+00
     68915 -1.236121E+00 -5.660510E+00 -4.715310E+00
     68916 -8.663201E-01 -4.482057E+00 -6.339659E+00
     68917  5.734905E-01 -2.695045E+00 -7.497245E+00
     68918 -6.221534E-01 -3.913350E+00 -9.464427E+00
     68919  1.591605E-01 -4.136199E+00 -1.637115E+01
     68920  3.829017E-01 -4.986821E+00 -1.171992E+01
     68921 -8.948484E-01 -4.849304E+00 -3.832578E+00
     68922 -9.061562E-01 -5.228369E+00 -8.910696E+00
     68923 -1.546852E-01 -5.670303E+00 -9.907025E+00
     68924 -1.358890E-01 -4.866185E+00 -5.187250E+00
     68925 -1.010959E+00 -5.438268E+00 -9.105139E+00
     68926  2.763056E-02 -5.120927E+00 -9.806821E+00
     68927 -9.867266E-01 -6.027142E+00 -6.049888E+00
     68928 -4.732882E-01 -3.349326E+00 -6.955680E+00
     68929 -9.250968E-01 -5.943315E+00 -3.469594E+00
     68930 -8.612609E-01 -5.608814E+00 -3.191376E+00

 total force (fx,fy,fz) for set FEET and time  0.5000000E+01

       -3.623508E-09 -9.192533E+02  7.713451E+02

                        S T E P       6


                                INCREMENT     1


 displacements (vx,vy,vz) for set TOP and time  0.6000000E+01

     36383  1.832858E-02 -9.032082E-01  7.765434E-01
     37151  3.880886E-05 -9.828282E-01  8.373900E-01
     38601  3.308837E-02 -6.931128E-01  6.282970E-01
     45010 -1.456544E-02 -9.586930E-01  8.171441E-01
     47663 -3.136865E-02 -6.798439E-01  6.093530E-01

 forces (fx,fy,fz) for set FEET and time  0.6000000E+01

       199  2.685503E-01 -2.577965E-01  1.633597E-01
       203  6.700072E-02 -6.910197E-01 -8.459312E-01
       204 -3.037631E-03 -1.272518E-01 -8.476124E-02
       208  5.788920E-04 -1.431501E-02  2.532818E-02
       209 -2.370003E-01 -2.205890E-01  1.648191E-01
       213 -5.670210E-02 -7.065517E-01 -7.239598E-01
       242 -2.099406E+01 -1.218462E+01 -2.973052E+01
       243 -2.160402E-01  3.061285E-01 -6.830989E-01
       244 -3.440166E-01 -6.518965E-01 -1.564569E-01
       245  1.891738E+01 -7.845179E+00 -2.221573E+01
       269  3.473754E-01 -6.488430E-01 -1.169175E-01
       270 -1.721204E+01 -6.946934E+00 -1.988534E+01
       273  2.322793E-01  3.320071E-01 -6.541721E-01
       274  1.942544E+01 -1.143748E+01 -2.779364E+01
       282 -2.556052E-01  1.129186E+00  2.325246E+00
       284  2.310914E-01  1.006150E+00  2.068029E+00
       290  2.774370E-01 -6.022903E-01 -2.376606E-01
       293 -1.347527E+00  6.096245E-01  1.714557E+00
       294  3.058154E+00  2.553847E+00  5.203312E+00
       301 -2.544223E-01 -5.315288E-01 -2.215905E-01
       302 -2.672992E+00  2.228558E+00  4.589730E+00
       303  1.153739E+00  4.927956E-01  1.473088E+00
      3822  5.217309E-01  8.946928E-01  3.627845E+00
      3848 -7.454225E-03 -1.045618E-01  1.943442E-01
      3861  1.976832E-01 -4.756775E-01  5.371994E-01
      3862 -4.910132E-02 -5.034996E-01  7.263557E-01
      3863 -4.760703E-01 -5.355974E-01  1.544879E+00
      3864 -5.407091E-01 -4.243389E-01  1.065293E+00
      3865 -5.040637E-01 -2.871665E-01  5.601828E-01
      3866 -4.290763E-01 -1.666826E-01  1.418625E-01
      3867 -3.332244E-01 -8.799810E-02 -1.954385E-01
      3868 -2.502661E-01 -2.832267E-02 -3.948558E-01
      3869 -1.738712E-01  7.970123E-03 -5.084192E-01
      3870 -1.287747E-01  2.247116E-02 -5.471168E-01
      3871 -8.225238E-02  2.517482E-02 -5.530734E-01
      3872 -5.791826E-02  2.089549E-02 -5.195635E-01
      3873 -3.956224E-02  1.199438E-02 -4.701628E-01
      3874 -3.077717E-02 -1.412749E-03 -4.179798E-01
      3875 -2.579481E-02 -9.540619E-03 -3.539909E-01
      3876 -2.808898E-02 -2.194047E-02 -3.119386E-01
      3877 -3.484988E-02 -2.866005E-02 -2.723760E-01
      3878 -3.997336E-02 -3.286295E-02 -2.447546E-01
      3879 -4.364338E-02 -3.454023E-02 -2.284930E-01
      3880 -4.699641E-02 -3.378905E-02 -2.180770E-01
      3881 -4.396428E-02 -3.303537E-02 -2.181296E-01
      3882 -3.664503E-02 -3.233274E-02 -2.222388E-01
      3883 -3.110894E-02 -3.147835E-02 -2.198674E-01
      3884 -2.119590E-02 -3.244788E-02 -2.152131E-01
      3885 -1.076084E-02 -3.556428E-02 -2.049332E-01
      3886 -1.279773E-03 -4.047092E-02 -1.887829E-01
      3887  6.724903E-03 -4.644768E-02 -1.676546E-01
      3888  1.005647E-02 -5.487621E-02 -1.475895E-01
      3889  1.057902E-02 -5.956379E-02 -1.218296E-01
      3890 -5.493260E-02 -2.475441E-02 -1.662497E-01
      3891 -8.358127E-02  2.014176E+00  6.113158E+00
      3892 -7.810897E-01  8.617170E-01  6.206990E+00
      3893 -2.738125E+00  9.983411E-01  8.925357E+00
      3894 -3.372594E+00  7.545466E-01  7.499107E+00
      3895 -3.503628E+00  6.446711E-01  5.773789E+00
      3896 -3.312822E+00  5.043269E-01  4.121296E+00
      3897 -2.957060E+00  3.847947E-01  2.687785E+00
      3898 -2.499250E+00  2.375263E-01  1.615952E+00
      3899 -2.079955E+00  1.220346E-01  7.936523E-01
      3900 -1.675238E+00  2.530252E-02  2.808524E-01
      3901 -1.341439E+00 -2.916723E-02 -4.456799E-02
      3902 -1.073143E+00 -6.639448E-02 -1.713633E-01
      3903 -8.714745E-01 -8.569327E-02 -1.901328E-01
      3904 -7.293642E-01 -8.985830E-02 -1.316058E-01
      3905 -6.279009E-01 -9.266871E-02 -3.249216E-02
      3906 -5.782131E-01 -8.565879E-02  7.536813E-02
      3907 -5.436678E-01 -7.762543E-02  1.763578E-01
      3908 -5.277352E-01 -6.888120E-02  2.527407E-01
      3909 -5.158101E-01 -6.158332E-02  2.992404E-01
      3910 -4.979261E-01 -6.033810E-02  3.236034E-01
      3911 -4.678669E-01 -5.211795E-02  3.175075E-01
      3912 -4.207448E-01 -4.493153E-02  3.037393E-01
      3913 -3.572095E-01 -4.476913E-02  3.087892E-01
      3914 -2.847439E-01 -4.036267E-02  3.234442E-01
      3915 -2.079526E-01 -3.451325E-02  3.613309E-01
      3916 -1.342488E-01 -2.732805E-02  4.242803E-01
      3917 -7.092064E-02 -1.773434E-02  5.096166E-01
      3918 -2.785377E-02 -6.584684E-03  6.088594E-01
      3919 -9.188383E-04 -1.164887E-03  7.031121E-01
      3920  5.602795E-03 -4.606707E-03  7.915737E-01
      3921  2.267365E-02  2.472407E-02  7.478888E-01
      4105  2.246545E-01 -1.896433E+00  1.396998E-01
      4106  1.486564E-01 -2.617073E+00  1.088513E+00
      4107  1.232072E-01 -2.286624E+00  1.067454E+00
      4108  8.552634E-02 -1.646771E+00  8.402912E-01
      4109  7.857516E-02 -1.003728E+00  5.882784E-01
      4110  8.077617E-02 -4.533540E-01  3.915517E-01
      4111  3.715465E-02 -2.222715E-02  1.986107E-01
      4112  7.438130E-02  2.626133E-01  9.271447E-02
      4113  4.232988E-02  4.447776E-01  2.866870E-02
      4114  3.962885E-02  5.365818E-01  3.840245E-03
      4115  2.879475E-02  5.496492E-01 -1.681934E-02
      4116  2.943227E-02  5.313297E-01 -1.416036E-02
      4117  2.643765E-02  4.819976E-01 -3.553919E-04
      4118  2.247242E-02  4.260402E-01  2.182924E-02
      4119  2.353322E-02  3.554117E-01  4.158277E-02
      4120  2.096837E-02  3.036066E-01  5.888737E-02
      4121  2.084551E-02  2.590526E-01  7.232963E-02
      4122  1.962694E-02  2.267389E-01  8.032159E-02
      4123  1.639632E-02  2.088986E-01  8.029428E-02
      4124  2.058147E-02  2.012427E-01  8.199941E-02
      4125  2.008131E-02  1.960346E-01  8.371507E-02
      4126  1.183667E-02  1.957527E-01  7.785671E-02
      4127  1.155502E-02  1.980388E-01  7.544478E-02
      4128  9.577591E-03  1.908790E-01  7.628864E-02
      4129  7.685704E-03  1.768535E-01  8.237025E-02
      4130  5.421315E-03  1.555869E-01  9.210593E-02
      4131  3.528376E-03  1.285802E-01  1.037369E-01
      4132  1.857776E-03  1.030639E-01  1.211410E-01
      4133  3.316170E-03  7.133966E-02  1.427010E-01
      4134 -8.065348E-03  4.783508E-03  1.055119E-01
      4135  4.508093E-01 -1.266530E+00  1.788707E+00
      4136 -5.498382E-02 -3.709515E+00  4.223895E+00
      4137 -6.452407E-01 -3.993002E+00  4.684846E+00
      4138 -9.396819E-01 -3.313468E+00  3.981722E+00
      4139 -9.672426E-01 -2.298568E+00  2.839521E+00
      4140 -8.701810E-01 -1.476563E+00  1.778998E+00
      4141 -7.445074E-01 -6.728016E-01  8.845358E-01
      4142 -6.025861E-01 -8.518771E-02  2.332475E-01
      4143 -4.833552E-01  2.069689E-01 -1.680885E-01
      4144 -3.766086E-01  3.903148E-01 -4.225463E-01
      4145 -2.911314E-01  5.018872E-01 -5.182851E-01
      4146 -2.375750E-01  5.080961E-01 -5.518590E-01
      4147 -1.893397E-01  4.662186E-01 -5.088306E-01
      4148 -1.561861E-01  3.955893E-01 -4.314481E-01
      4149 -1.248023E-01  3.229714E-01 -3.336584E-01
      4150 -1.248374E-01  2.381446E-01 -2.362221E-01
      4151 -1.222826E-01  1.730314E-01 -1.552734E-01
      4152 -1.222672E-01  1.230915E-01 -9.561259E-02
      4153 -1.234283E-01  9.186800E-02 -5.906524E-02
      4154 -1.127079E-01  8.030688E-02 -5.101505E-02
      4155 -9.732392E-02  7.881646E-02 -4.694531E-02
      4156 -9.624299E-02  7.932256E-02 -4.239978E-02
      4157 -9.140319E-02  8.084843E-02 -5.122950E-02
      4158 -7.429357E-02  7.705993E-02 -4.712113E-02
      4159 -5.529419E-02  6.222061E-02 -2.843344E-02
      4160 -3.755583E-02  3.473895E-02  6.172284E-03
      4161 -2.252787E-02 -2.703661E-03  5.278615E-02
      4162 -1.291251E-02 -4.736246E-02  1.081048E-01
      4163  8.114075E-04 -9.316272E-02  1.675706E-01
      4164  2.241266E-03 -1.772471E-01  2.431159E-01
      4165  5.697533E-03 -1.356724E-01  1.741923E-01
      4179 -4.102884E-01  8.052571E-01  3.390475E+00
      4192  1.378708E-02 -6.948853E-02 -1.044660E-01
      4193 -1.465357E-02 -6.302664E-02 -1.046925E-01
      4194 -1.413359E-02 -5.737761E-02 -1.252539E-01
      4195 -1.454115E-02 -4.962709E-02 -1.419657E-01
      4196 -8.397843E-03 -4.612983E-02 -1.674619E-01
      4197  4.697535E-03 -3.819320E-02 -1.793676E-01
      4198  1.030490E-02 -3.254886E-02 -1.899372E-01
      4199  2.124531E-02 -2.653211E-02 -1.903462E-01
      4200  2.884931E-02 -2.485676E-02 -2.002678E-01
      4201  3.502134E-02 -2.372409E-02 -2.048278E-01
      4202  4.112944E-02 -2.298502E-02 -2.109119E-01
      4203  4.526115E-02 -2.327794E-02 -2.185906E-01
      4204  4.787162E-02 -2.269410E-02 -2.299111E-01
      4205  4.881383E-02 -2.139426E-02 -2.468551E-01
      4206  4.861167E-02 -1.864420E-02 -2.699126E-01
      4207  4.794939E-02 -1.457018E-02 -3.015817E-01
      4208  4.849105E-02 -8.197175E-03 -3.394693E-01
      4209  5.318651E-02 -1.189169E-03 -3.828559E-01
      4210  6.519263E-02  6.335949E-03 -4.234738E-01
      4211  8.318064E-02  1.247297E-02 -4.492724E-01
      4212  1.184050E-01  1.117187E-02 -4.567185E-01
      4213  1.706307E-01 -1.527314E-03 -4.243104E-01
      4214  2.307558E-01 -2.941753E-02 -3.239979E-01
      4215  3.082676E-01 -7.864343E-02 -1.438519E-01
      4216  3.928585E-01 -1.554855E-01  1.359576E-01
      4217  4.685572E-01 -2.614505E-01  5.191345E-01
      4218  5.079567E-01 -3.851891E-01  9.784549E-01
      4219  4.542957E-01 -4.937256E-01  1.411398E+00
      4220  6.269102E-02 -4.672833E-01  6.590199E-01
      4221 -1.674533E-01 -4.289715E-01  5.010376E-01
      4222 -4.808788E-02  3.359556E-02  7.764754E-01
      4223 -4.188109E-02 -9.144492E-03  8.018794E-01
      4224 -4.378721E-02 -2.413419E-03  7.200296E-01
      4225 -2.208975E-02 -1.094921E-02  6.320552E-01
      4226  1.589630E-02 -1.782759E-02  5.278474E-01
      4227  7.759053E-02 -2.538220E-02  4.336605E-01
      4228  1.453095E-01 -4.075744E-02  3.525265E-01
      4229  2.313123E-01 -3.991601E-02  2.770662E-01
      4230  3.092983E-01 -4.765694E-02  2.371404E-01
      4231  3.902243E-01 -5.314433E-02  2.090997E-01
      4232  4.649284E-01 -5.627515E-02  1.927123E-01
      4233  5.315371E-01 -6.102921E-02  1.836818E-01
      4234  5.912651E-01 -6.444837E-02  1.767629E-01
      4235  6.432746E-01 -6.729542E-02  1.663832E-01
      4236  6.910147E-01 -6.973413E-02  1.485980E-01
      4237  7.378940E-01 -7.228712E-02  1.195403E-01
      4238  7.949635E-01 -7.261765E-02  8.216044E-02
      4239  8.712722E-01 -6.937807E-02  4.421533E-02
      4240  9.839909E-01 -6.045550E-02  2.521847E-02
      4241  1.144156E+00 -4.357921E-02  6.272460E-02
      4242  1.364012E+00 -5.356710E-03  1.715670E-01
      4243  1.654037E+00  5.304332E-02  4.166332E-01
      4244  2.009970E+00  1.281827E-01  8.742790E-01
      4245  2.408811E+00  2.313642E-01  1.565935E+00
      4246  2.812778E+00  3.543946E-01  2.537519E+00
      4247  3.156774E+00  4.844779E-01  3.795349E+00
      4248  3.344694E+00  6.018472E-01  5.287594E+00
      4249  3.232835E+00  6.999556E-01  6.860503E+00
      4250  2.662056E+00  8.843924E-01  8.160761E+00
      4251  8.226688E-01  7.646270E-01  5.702045E+00
      4252  1.771481E-01  1.809178E+00  5.610246E+00
      4436 -1.410537E-02  4.532115E-02  1.607418E-01
      4437  4.534105E-05  5.123392E-02  1.611819E-01
      4438 -1.096452E-03  7.126403E-02  1.424288E-01
      4439 -2.116026E-03  1.017494E-01  1.220354E-01
      4440 -6.273277E-03  1.292073E-01  1.065990E-01
      4441 -3.559015E-03  1.462521E-01  8.802158E-02
      4442 -7.267573E-03  1.660118E-01  8.196429E-02
      4443 -1.326778E-02  1.701952E-01  7.127361E-02
      4444 -1.287496E-02  1.824007E-01  6.202037E-02
      4445 -1.512874E-02  1.898154E-01  6.144076E-02
      4446 -1.510515E-02  1.958858E-01  5.949628E-02
      4447 -1.730827E-02  2.065570E-01  6.334296E-02
      4448 -1.885640E-02  2.192160E-01  6.279967E-02
      4449 -2.045241E-02  2.376147E-01  6.043549E-02
      4450 -2.143827E-02  2.627728E-01  5.520899E-02
      4451 -2.273756E-02  2.969226E-01  4.791058E-02
      4452 -2.426937E-02  3.366141E-01  3.614441E-02
      4453 -2.515195E-02  3.801954E-01  2.394272E-02
      4454 -3.010681E-02  4.201625E-01  1.016250E-02
      4455 -2.952510E-02  4.352742E-01  6.934523E-03
      4456 -3.090725E-02  4.170379E-01  1.811057E-02
      4457 -4.351327E-02  3.513377E-01  4.263197E-02
      4458 -4.869974E-02  2.093976E-01  9.747870E-02
      4459 -5.841501E-02 -3.874272E-02  1.904683E-01
      4460 -6.910043E-02 -4.045903E-01  3.337653E-01
      4461 -8.013193E-02 -8.892413E-01  5.294566E-01
      4462 -9.062588E-02 -1.455677E+00  7.604976E-01
      4463 -1.143473E-01 -1.997267E+00  9.703194E-01
      4464 -1.333007E-01 -2.337045E+00  9.702533E-01
      4465 -2.202601E-01 -1.755132E+00  1.417718E-01
      4466 -2.421986E-03 -1.317891E-01  1.977787E-01
      4467 -7.761224E-03 -2.097522E-01  2.756491E-01
      4468 -1.901983E-02 -1.347105E-01  2.331851E-01
      4469 -2.827048E-02 -1.033264E-01  1.743499E-01
      4470 -1.913452E-02 -5.195170E-02  1.082213E-01
      4471  2.807804E-03  1.340908E-02  6.679562E-02
      4472  2.418948E-02  2.343058E-02  8.723421E-03
      4473  5.131700E-02  6.304360E-02 -2.188831E-02
      4474  5.595779E-02  7.910589E-02 -5.505491E-02
      4475  7.336177E-02  9.108581E-02 -6.895472E-02
      4476  9.069762E-02  1.006115E-01 -8.091187E-02
      4477  1.039320E-01  1.064808E-01 -8.326097E-02
      4478  1.150718E-01  1.149756E-01 -9.240836E-02
      4479  1.240407E-01  1.297549E-01 -1.092443E-01
      4480  1.319054E-01  1.530611E-01 -1.370166E-01
      4481  1.385873E-01  1.858691E-01 -1.761526E-01
      4482  1.475249E-01  2.291269E-01 -2.285938E-01
      4483  1.614727E-01  2.796030E-01 -2.906166E-01
      4484  1.841028E-01  3.274458E-01 -3.479606E-01
      4485  2.296192E-01  3.601830E-01 -3.976763E-01
      4486  2.969169E-01  3.568569E-01 -3.868399E-01
      4487  3.611774E-01  2.905164E-01 -2.872292E-01
      4488  4.427504E-01  1.260204E-01 -9.364264E-02
      4489  5.541953E-01 -1.609267E-01  2.645376E-01
      4490  6.745080E-01 -6.042619E-01  8.191669E-01
      4491  7.851184E-01 -1.222923E+00  1.591589E+00
      4492  8.546800E-01 -1.988951E+00  2.553261E+00
      4493  8.245473E-01 -2.804252E+00  3.571670E+00
      4494  6.064306E-01 -3.421225E+00  4.254717E+00
      4495  9.336945E-02 -3.375957E+00  3.903727E+00
      4496 -3.637928E-01 -1.293867E+00  1.739042E+00
      5212 -2.829843E+00  2.244403E+00 -2.721239E+00
      5213 -8.295647E+00  1.171811E+00 -5.357561E+00
      5214 -1.256105E+01 -5.295212E-02 -9.036931E+00
      5215 -1.834987E+01 -7.833733E-01 -1.067605E+01
      5216  6.317756E-01  7.174824E-01  1.432604E+00
      5217 -4.454078E+00  4.235304E+00 -7.997183E+00
      5218 -1.208963E+01  6.539319E+00 -2.237749E+01
      5219 -2.089520E+01  8.129293E+00 -4.029574E+01
      5220 -3.319881E+01  9.225472E+00 -6.724907E+01
      5373  8.883021E-01 -5.238792E-01  1.499328E+00
      5374  4.525623E+00 -2.238502E+01 -1.181088E+02
      5375 -3.167125E+00  1.287429E+00  3.822288E+00
      5376 -1.103163E+00  4.937475E-01  3.751410E+00
      5377  3.409074E+00  1.167964E+00  7.981891E-01
      5378  1.102139E+01  7.347632E-01 -2.093418E+00
      5379 -3.342638E+00 -1.807939E+00  8.390034E+00
      5380 -3.292987E+00  2.997908E+00  6.310040E+00
      5381  2.559452E+00  5.895731E+00 -5.003645E+00
      5382  1.252528E+01  8.139631E+00 -2.338429E+01
      5383  2.823945E+01  1.040750E+01 -5.478682E+01
      6119  3.189238E+00  1.174186E+00  3.910975E+00
      6120  1.477647E+00  4.704632E-01  4.012231E+00
      6121 -2.516673E+00  1.097947E+00  1.257179E+00
      6122 -9.541762E+00  7.848493E-01 -1.402407E+00
      6123  3.199620E+00 -1.796898E+00  8.049400E+00
      6124  3.446258E+00  2.673063E+00  6.582217E+00
      6125 -1.816628E+00  5.361994E+00 -3.598859E+00
      6126 -1.093418E+01  7.453590E+00 -2.041929E+01
      6127 -2.546020E+01  9.603931E+00 -4.938232E+01
      6289 -9.184135E-01 -4.788371E-01  1.374655E+00
      6290 -4.621752E+00 -2.053714E+01 -1.083884E+02
      6291  2.967540E+00  2.105422E+00 -2.812752E+00
      6292  8.183684E+00  1.076822E+00 -5.393494E+00
      6293  1.202735E+01 -7.133627E-02 -8.916389E+00
      6294  1.728333E+01 -7.750693E-01 -1.038328E+01
      6295 -4.515230E-01  7.919810E-01  9.726913E-01
      6296  4.504360E+00  3.958773E+00 -8.100966E+00
      6297  1.161807E+01  6.045399E+00 -2.151472E+01
      6298  1.973172E+01  7.488876E+00 -3.804565E+01
      6299  3.091471E+01  8.423358E+00 -6.259455E+01
      6928 -1.014734E+00  4.495536E+00  7.198011E+00
      6933  9.858573E-01  4.026431E+00  6.473545E+00
      6935 -4.289786E-01  5.564625E-01  1.942996E+00
      6936 -3.497293E-01 -4.034400E-01 -7.644785E-01
      6937  7.088355E-03 -3.097697E-01 -7.323862E-01
      6938  9.271789E-02 -1.289879E-02 -2.144688E-01
      6939  5.737384E-02  2.750524E-01  3.351359E-01
      6940 -2.882629E-04  4.982936E-01  7.424120E-01
      6941 -3.275212E-02  6.310687E-01  1.019551E+00
      6942 -8.307302E-02  6.849920E-01  1.132720E+00
      6943 -9.287092E-02  6.729758E-01  1.140228E+00
      6944 -9.271483E-02  6.494988E-01  1.097308E+00
      6945 -8.874897E-02  5.994700E-01  1.022218E+00
      6946 -8.177956E-02  5.437469E-01  9.270111E-01
      6947 -7.213231E-02  4.889372E-01  8.294646E-01
      6948 -6.093445E-02  4.365686E-01  7.385788E-01
      6949 -5.535870E-02  3.903476E-01  6.531851E-01
      6950 -4.609800E-02  3.545905E-01  5.892656E-01
      6951 -3.928991E-02  3.282922E-01  5.409536E-01
      6952 -3.344942E-02  3.101578E-01  5.084185E-01
      6953 -2.806362E-02  2.974604E-01  4.901941E-01
      6954 -2.336896E-02  2.943286E-01  4.829387E-01
      6955 -1.994170E-02  2.949418E-01  4.834112E-01
      6956 -1.734111E-02  2.926907E-01  4.861535E-01
      6957 -1.471248E-02  2.919394E-01  4.870534E-01
      6958 -1.251462E-02  2.892991E-01  4.842877E-01
      6959 -1.072336E-02  2.837088E-01  4.755437E-01
      6960 -8.892479E-03  2.756874E-01  4.615653E-01
      6961 -7.268480E-03  2.666623E-01  4.451095E-01
      6962 -5.710571E-03  2.557862E-01  4.249103E-01
      6963 -4.999714E-03  2.388339E-01  3.981897E-01
      6964 -2.254488E-02  2.112307E-01  4.581600E-01
      6965  1.276019E-02  2.039658E-01  4.487449E-01
      6966 -5.255597E-04  2.267515E-01  3.785743E-01
      6967 -3.580837E-04  2.382088E-01  3.912983E-01
      6968  3.740626E-05  2.415766E-01  4.023230E-01
      6969  3.101411E-03  2.490532E-01  4.149541E-01
      6970  3.577584E-03  2.595903E-01  4.285024E-01
      6971  5.674610E-03  2.534382E-01  4.256171E-01
      6972  1.189826E-02  2.561165E-01  4.212173E-01
      6973  1.475960E-02  2.559364E-01  4.228466E-01
      6974  1.897667E-02  2.591987E-01  4.260266E-01
      6975  2.382713E-02  2.639326E-01  4.307823E-01
      6976  2.897674E-02  2.705162E-01  4.406240E-01
      6977  3.446498E-02  2.807143E-01  4.568925E-01
      6978  4.038507E-02  2.958621E-01  4.824927E-01
      6979  4.685334E-02  3.172664E-01  5.195981E-01
      6980  5.416687E-02  3.452240E-01  5.692670E-01
      6981  6.247706E-02  3.816010E-01  6.345647E-01
      6982  7.068377E-02  4.257611E-01  7.131236E-01
      6983  7.874488E-02  4.752681E-01  8.011565E-01
      6984  8.584055E-02  5.245145E-01  8.910553E-01
      6985  8.910521E-02  5.732693E-01  9.678204E-01
      6986  8.524511E-02  6.064126E-01  1.012374E+00
      6987  7.196314E-02  6.049111E-01  1.000360E+00
      6988  4.502919E-02  5.600286E-01  8.994083E-01
      6989  2.181340E-03  4.493027E-01  6.755473E-01
      6990 -4.980348E-02  2.578045E-01  3.038713E-01
      6991 -8.082864E-02 -5.851654E-03 -1.945519E-01
      6992 -7.493140E-03 -2.772919E-01 -6.662734E-01
      6993  3.137799E-01 -3.748507E-01 -7.205743E-01
      6994  3.970556E-01  4.801899E-01  1.709546E+00
      6995 -1.893455E+00  4.093646E+00  7.396903E+00
      6996 -1.393508E+00  1.548340E+00  2.557759E+00
      6997 -1.918078E+00  1.526434E+00  2.258784E+00
      6998 -1.814233E+00  1.429230E+00  2.338108E+00
      6999 -1.823270E+00  1.537596E+00  2.890136E+00
      7000 -1.789052E+00  1.596449E+00  3.332214E+00
      7001 -1.665481E+00  1.559772E+00  3.539968E+00
      7002 -1.520005E+00  1.487424E+00  3.567427E+00
      7003 -1.328478E+00  1.334047E+00  3.352998E+00
      7004 -1.124034E+00  1.188138E+00  3.094669E+00
      7005 -9.446791E-01  1.052212E+00  2.822261E+00
      7006 -7.967858E-01  9.369351E-01  2.561626E+00
      7007 -6.750897E-01  8.396421E-01  2.321731E+00
      7008 -5.837530E-01  7.615610E-01  2.115799E+00
      7009 -5.186862E-01  7.043648E-01  1.944851E+00
      7010 -4.650978E-01  6.528265E-01  1.798590E+00
      7011 -4.303419E-01  6.218332E-01  1.698855E+00
      7012 -4.035019E-01  5.993231E-01  1.624613E+00
      7013 -3.778934E-01  5.833083E-01  1.573370E+00
      7014 -3.489559E-01  5.756978E-01  1.545127E+00
      7015 -3.146703E-01  5.721117E-01  1.532123E+00
      7016 -2.752162E-01  5.715618E-01  1.529711E+00
      7017 -2.307809E-01  5.761839E-01  1.536663E+00
      7018 -1.831914E-01  5.832196E-01  1.546973E+00
      7019 -1.367110E-01  5.921027E-01  1.557983E+00
      7020 -9.394364E-02  6.021708E-01  1.567394E+00
      7021 -5.822081E-02  6.134519E-01  1.576976E+00
      7022 -3.764828E-02  6.220523E-01  1.579919E+00
      7023 -2.906244E-02  6.259336E-01  1.570018E+00
      7024 -1.249697E-02  6.278886E-01  1.561298E+00
      7025 -2.129155E-02  6.290840E-01  1.506149E+00
      7026 -3.105088E-02  6.179316E-01  1.527657E+00
      7027 -1.548502E-02  6.043176E-01  1.506788E+00
      7028 -6.223734E-03  5.897409E-01  1.489028E+00
      7029  1.742705E-02  5.723885E-01  1.466191E+00
      7030  5.321228E-02  5.547867E-01  1.447068E+00
      7031  8.487141E-02  5.322379E-01  1.409689E+00
      7032  1.377447E-01  5.075120E-01  1.357477E+00
      7033  1.963418E-01  4.950283E-01  1.329234E+00
      7034  2.550137E-01  4.835970E-01  1.313127E+00
      7035  3.103137E-01  4.809098E-01  1.313006E+00
      7036  3.638685E-01  4.840429E-01  1.326741E+00
      7037  4.144097E-01  4.949567E-01  1.358623E+00
      7038  4.623598E-01  5.137703E-01  1.410940E+00
      7039  5.086107E-01  5.416347E-01  1.487524E+00
      7040  5.549137E-01  5.795182E-01  1.590894E+00
      7041  6.072956E-01  6.289045E-01  1.724880E+00
      7042  6.690636E-01  6.931218E-01  1.894072E+00
      7043  7.468791E-01  7.721215E-01  2.096564E+00
      7044  8.467727E-01  8.683447E-01  2.329754E+00
      7045  9.712309E-01  9.823228E-01  2.585245E+00
      7046  1.121444E+00  1.107364E+00  2.840188E+00
      7047  1.291303E+00  1.235945E+00  3.065128E+00
      7048  1.464383E+00  1.356677E+00  3.219364E+00
      7049  1.617271E+00  1.444725E+00  3.239128E+00
      7050  1.720205E+00  1.470986E+00  3.059580E+00
      7051  1.756702E+00  1.415926E+00  2.655338E+00
      7052  1.752713E+00  1.317780E+00  2.154927E+00
      7053  1.833320E+00  1.388496E+00  2.051681E+00
      7054  1.305509E+00  1.382304E+00  2.273510E+00
      7055  1.746147E+00  3.654489E+00  6.598441E+00
      7429  7.902822E-01  2.210092E-01  1.288474E+00
      7458  3.145354E-02  8.090792E+00  1.728884E+01
      7476  1.072301E-01  1.065467E-01 -7.768450E-01
      7477 -3.187488E-01  1.178300E-01 -6.430695E-02
      7478 -9.774925E-01  2.614674E+00  2.257736E+00
      7479 -7.023528E-01  3.350278E+00  1.468034E+00
      7480 -1.402169E+00  3.075715E+00  3.110107E+00
      7481  2.830753E+00 -6.268234E-02  2.098106E+00
      7482  2.345073E+00 -6.138912E-02  1.418605E+00
      7483  2.109014E+00  5.512350E-02  1.506294E+00
      7484  5.733755E+00  2.660332E+00  1.304715E+01
      7485  3.658072E+00  3.125722E+00  8.721947E+00
      7486  3.049493E+00  3.114382E+00  7.696294E+00
      7487  2.917011E+00  1.597213E+00  6.583118E+00
      7527 -6.879563E-01  1.434939E-01  1.289661E+00
      7556 -5.833722E-02  7.060003E+00  1.501526E+01
      7574 -2.469073E+00 -5.948597E-02  1.846042E+00
      7575 -2.047763E+00 -5.970237E-02  1.228000E+00
      7576 -1.846734E+00  4.884101E-02  1.298836E+00
      7577 -5.012607E+00  2.349684E+00  1.137643E+01
      7578 -3.173947E+00  2.783692E+00  7.582201E+00
      7579 -2.651827E+00  2.772805E+00  6.712415E+00
      7580 -2.562874E+00  1.417052E+00  5.803127E+00
      7581 -1.336429E-01  9.989245E-02 -7.217244E-01
      7582  2.647842E-01  1.076893E-01 -7.644940E-02
      7583  7.347049E-01  2.346742E+00  1.711728E+00
      7584  5.671482E-01  3.015023E+00  1.170475E+00
      7585  1.250824E+00  2.768784E+00  2.761980E+00
     50816 -1.569059E-03  1.537564E-01 -5.263859E-02
     50817 -1.078747E-03  1.026945E-01 -2.437358E-02
     50818 -8.614239E-03  8.969774E-02 -2.424675E-02
     50819 -1.157469E-03  8.313744E-02 -2.405633E-02
     50820  1.843584E-04  7.376800E-02 -2.309790E-02
     50821 -4.599193E-04  1.045511E-01 -3.656578E-02
     50822 -3.994474E-03  3.507640E-02  1.059810E-02
     50823  1.600026E-04  7.330852E-02 -2.259238E-02
     50824 -4.314166E-03  8.023132E-02 -2.858125E-02
     50825 -9.296010E-04  8.071040E-02 -2.420309E-02
     50826 -5.731178E-04  7.835747E-02 -2.397046E-02
     50827  5.874578E-04  7.924359E-02 -2.694769E-02
     50828  3.693496E-05  2.007422E-01 -1.061241E-01
     50829 -8.738269E-04  8.681388E-02 -2.422906E-02
     50830  5.979739E-04  7.079420E-02 -2.022682E-02
     50831 -1.988800E-02  7.278533E-02 -4.709340E-02
     50832 -2.483819E-02  1.869885E-01 -1.407562E-01
     50833 -3.276333E-02  1.894675E-01 -1.346434E-01
     50834 -1.242578E-02  2.181014E-01 -1.304667E-01
     50835  3.897843E-03  2.191824E-01 -9.249008E-02
     50836  6.337732E-04  1.414584E-01 -3.535285E-02
     50837 -1.933543E-03  1.325275E-01 -3.797757E-02
     50838  1.833390E-03  7.250670E-02 -2.317437E-02
     50839  8.826073E-05  7.565705E-02 -2.501510E-02
     50840 -1.997627E-05  7.675598E-02 -2.630903E-02
     50841 -1.346317E-03  9.378739E-02 -2.299594E-02
     50842  2.450792E-04  7.446752E-02 -2.281090E-02
     50843  9.516398E-04  1.826397E-01 -7.465164E-02
     50844  7.222962E-04  1.567822E-01 -5.092184E-02
     50845 -6.115447E-04  1.124609E-01 -2.690315E-02
     50846  1.182999E-04  7.513087E-02 -2.406640E-02
     50847  7.024085E-01  1.888174E-01  3.705290E+00
     50848  3.225619E-01  1.002925E+00  3.810706E+00
     50849  6.953174E-02  9.294544E-01  4.411167E+00
     50850  5.589709E-01  2.991878E-01  4.179068E+00
     50851  1.349259E-02 -8.516048E-02  2.327220E-01
     50852 -1.313033E-02 -1.610469E-02  1.585562E-01
     50853 -2.997958E-02 -3.409356E-02  2.003273E-01
     50854 -2.458889E-03 -7.812115E-02  1.968583E-01
     50855 -2.853513E-01  6.835006E-01  4.901384E+00
     50856 -5.935780E-01  3.728629E-01  5.041415E+00
     50857  2.037397E-01  7.806016E-01  4.874961E+00
     50858 -2.136683E-01  3.038577E-01  5.602272E+00
     50859 -1.130766E+00  3.241254E-01  5.088341E+00
     50860 -1.266925E+00  2.350121E-01  4.769101E+00
     50861 -7.528305E-01  2.912242E-01  5.341401E+00
     50862 -5.614158E-01  5.815167E-01  5.581891E+00
     50863 -1.218300E+00  4.389171E-01  5.808357E+00
     50864 -1.555955E+00  1.818850E-01  4.241339E+00
     50865 -1.556581E+00  1.642151E-01  3.790993E+00
     50866 -1.515762E+00  1.269369E-01  4.798674E+00
     50867 -1.496933E+00  3.388805E-01  5.472245E+00
     50868 -1.622884E+00  5.393744E-01  4.715048E+00
     50869 -1.654150E+00  1.077757E-01  3.111160E+00
     50870 -1.584909E+00  1.034771E-01  2.666623E+00
     50871 -1.774315E+00  1.268063E-04  3.673523E+00
     50872 -1.713678E+00  4.040743E-01  3.329495E+00
     50873 -1.904450E+00  1.843388E-01  4.365511E+00
     50874 -1.562097E+00  3.878660E-02  2.011064E+00
     50875 -1.466890E+00  2.862736E-02  1.591216E+00
     50876 -1.744882E+00 -1.189668E-01  2.459806E+00
     50877 -1.922335E+00  5.677256E-02  2.980733E+00
     50878 -1.610189E+00  3.080646E-01  2.014061E+00
     50879 -1.381530E+00 -1.926598E-02  1.125791E+00
     50880 -1.280245E+00 -2.325103E-02  7.938292E-01
     50881 -1.514930E+00 -2.228039E-01  1.386970E+00
     50882 -1.812700E+00  8.768082E-02  1.637369E+00
     50883 -1.458702E+00  6.592266E-02  9.807683E-01
     50884 -1.145190E+00 -6.335003E-02  3.874093E-01
     50885 -1.071347E+00 -7.160325E-02  1.671330E-01
     50886 -1.319013E+00 -2.809997E-01  5.522566E-01
     50887 -1.165873E+00  5.258013E-02  1.080621E-01
     50888 -1.494775E+00 -7.196062E-02  6.653000E-01
     50889 -9.444555E-01 -1.005539E-01 -6.990163E-02
     50890 -8.645044E-01 -1.114276E-01 -2.143560E-01
     50891 -1.041823E+00 -3.295336E-01 -4.259432E-02
     50892 -1.280059E+00 -5.562632E-02 -1.015744E-01
     50893 -9.825760E-01 -7.371526E-02 -3.993078E-01
     50894 -7.437824E-01 -1.352384E-01 -4.009770E-01
     50895 -6.933772E-01 -1.493684E-01 -4.845821E-01
     50896 -8.545935E-01 -3.607768E-01 -4.332209E-01
     50897 -7.343224E-01 -4.267281E-02 -7.606418E-01
     50898 -9.784100E-01 -1.386814E-01 -5.482249E-01
     50899 -5.894024E-01 -1.393429E-01 -5.341299E-01
     50900 -5.449548E-01 -1.477949E-01 -5.668218E-01
     50901 -6.305158E-01 -3.770561E-01 -6.465921E-01
     50902 -8.094490E-01 -7.975579E-02 -8.471442E-01
     50903 -5.998006E-01 -1.343699E-01 -8.932830E-01
     50904 -4.597123E-01 -1.459300E-01 -6.103960E-01
     50905 -4.339423E-01 -1.527897E-01 -5.847255E-01
     50906 -5.171104E-01 -3.599425E-01 -7.248849E-01
     50907 -5.985417E-01 -1.437458E-01 -9.360006E-01
     50908 -4.345257E-01 -7.567663E-02 -9.609948E-01
     50909 -3.663559E-01 -1.449676E-01 -5.886119E-01
     50910 -3.514957E-01 -1.507228E-01 -5.433547E-01
     50911 -4.055058E-01 -3.518978E-01 -7.180399E-01
     50912 -3.373347E-01 -7.680189E-02 -9.099258E-01
     50913 -4.783434E-01 -1.368961E-01 -9.245092E-01
     50914 -3.012806E-01 -1.383560E-01 -5.195860E-01
     50915 -2.966354E-01 -1.449490E-01 -4.693932E-01
     50916 -3.252391E-01 -3.325634E-01 -6.515821E-01
     50917 -3.850222E-01 -1.240656E-01 -8.564712E-01
     50918 -2.700120E-01 -7.249614E-02 -8.069619E-01
     50919 -2.571701E-01 -1.321527E-01 -4.348165E-01
     50920 -2.566115E-01 -1.341756E-01 -3.696781E-01
     50921 -2.743213E-01 -3.154531E-01 -5.570977E-01
     50922 -2.275426E-01 -7.553231E-02 -6.929178E-01
     50923 -3.239521E-01 -1.070691E-01 -7.487696E-01
     50924 -2.368258E-01 -1.259758E-01 -3.387846E-01
     50925 -2.391575E-01 -1.283602E-01 -2.852344E-01
     50926 -2.480504E-01 -2.895925E-01 -4.441882E-01
     50927 -2.816617E-01 -9.257983E-02 -6.246558E-01
     50928 -2.060822E-01 -5.493739E-02 -5.651847E-01
     50929 -2.244775E-01 -1.155790E-01 -2.547748E-01
     50930 -2.292396E-01 -1.207106E-01 -2.094438E-01
     50931 -2.308285E-01 -2.737648E-01 -3.503683E-01
     50932 -1.950018E-01 -4.704365E-02 -4.594184E-01
     50933 -2.646806E-01 -8.693218E-02 -5.037124E-01
     50934 -2.205001E-01 -1.088711E-01 -1.896236E-01
     50935 -2.251638E-01 -1.137530E-01 -1.537945E-01
     50936 -2.270860E-01 -2.605764E-01 -2.715910E-01
     50937 -2.586050E-01 -8.146298E-02 -4.042897E-01
     50938 -1.934856E-01 -3.876827E-02 -3.762526E-01
     50939 -2.185436E-01 -1.036561E-01 -1.459662E-01
     50940 -2.218510E-01 -1.081781E-01 -1.202245E-01
     50941 -2.269531E-01 -2.481588E-01 -2.149964E-01
     50942 -2.572456E-01 -7.647486E-02 -3.295657E-01
     50943 -1.937031E-01 -3.163815E-02 -3.208112E-01
     50944 -2.138338E-01 -9.874745E-02 -1.211448E-01
     50945 -2.155631E-01 -1.064322E-01 -1.219472E-01
     50946 -2.250945E-01 -2.405130E-01 -1.827785E-01
     50947 -2.561609E-01 -7.473058E-02 -2.824851E-01
     50948 -1.911678E-01 -3.294759E-02 -2.822863E-01
     50949 -2.036543E-01 -9.670828E-02 -1.023815E-01
     50950 -2.021623E-01 -1.026108E-01 -1.210678E-01
     50951 -2.011735E-01 -2.357849E-01 -1.690671E-01
     50952 -2.694224E-01 -3.256251E-02 -2.879419E-01
     50953 -2.010895E-01 -7.188850E-02 -2.484056E-01
     50954 -1.860578E-01 -9.633686E-02 -1.065393E-01
     50955 -1.795152E-01 -9.875426E-02 -1.080016E-01
     50956 -1.869560E-01 -2.263280E-01 -1.672572E-01
     50957 -1.820572E-01 -6.650143E-02 -2.604528E-01
     50958 -2.535108E-01 -2.603109E-02 -2.915509E-01
     50959 -1.595227E-01 -9.345786E-02 -1.213577E-01
     50960 -1.507984E-01 -9.724590E-02 -1.064066E-01
     50961 -1.803186E-01 -2.225658E-01 -1.709159E-01
     50962 -2.105820E-01 -6.744115E-02 -2.669072E-01
     50963 -1.345066E-01 -2.483979E-02 -2.872405E-01
     50964 -1.284415E-01 -9.189945E-02 -1.160543E-01
     50965 -1.178553E-01 -9.533220E-02 -9.582662E-02
     50966 -1.494221E-01 -2.254232E-01 -1.693128E-01
     50967 -9.999664E-02 -2.502346E-02 -2.809282E-01
     50968 -1.841428E-01 -6.981118E-02 -2.582203E-01
     50969 -9.478282E-02 -8.949686E-02 -9.780902E-02
     50970 -8.316696E-02 -9.354352E-02 -7.144854E-02
     50971 -1.142595E-01 -2.233654E-01 -1.538743E-01
     50972 -6.230486E-02 -2.564230E-02 -2.601346E-01
     50973 -1.477828E-01 -6.818592E-02 -2.463478E-01
     50974 -6.169437E-02 -8.732851E-02 -6.526274E-02
     50975 -5.040789E-02 -9.174130E-02 -3.260626E-02
     50976 -7.856558E-02 -2.216740E-01 -1.233479E-01
     50977 -1.097879E-01 -6.536552E-02 -2.193493E-01
     50978 -2.463513E-02 -2.398735E-02 -2.226529E-01
     50979 -3.261120E-02 -8.473250E-02 -1.895009E-02
     50980 -2.312419E-02 -8.894924E-02  1.903946E-02
     50981 -4.589045E-02 -2.195601E-01 -7.743932E-02
     50982  8.803019E-03 -2.113088E-02 -1.684064E-01
     50983 -7.402669E-02 -6.236249E-02 -1.747444E-01
     50984 -1.116397E-02 -8.271003E-02  3.759265E-02
     50985 -6.896662E-03 -8.784313E-02  7.323355E-02
     50986 -2.036525E-02 -2.170495E-01 -1.949929E-02
     50987 -4.433675E-02 -5.849022E-02 -1.144625E-01
     50988  3.450777E-02 -1.634633E-02 -1.025065E-01
     50989  2.305153E-03 -8.415884E-02  8.916616E-02
     50990  4.348966E-03 -8.314353E-02  1.351880E-01
     50991 -6.167260E-03 -2.184728E-01  3.947047E-02
     50992  4.883134E-02 -1.603148E-02 -4.138237E-02
     50993 -2.717349E-02 -5.450885E-02 -4.859657E-02
     50994  5.419787E-03 -9.394831E-02  1.396344E-01
     50995  1.636537E-03 -9.419030E-02  1.721933E-01
     50996 -7.256804E-03 -2.175840E-01  9.873577E-02
     50997  6.555336E-02  1.209506E-02  1.462495E-02
     50998 -1.515144E-02 -4.718023E-02  1.947520E-02
     50999  7.760187E-02 -1.913539E-01  1.612674E-01
     51000 -4.153492E-02 -2.709415E-03  5.148176E-02
     52859  2.415626E-02  8.344963E-02 -4.515765E-02
     52860  6.651323E-03  1.239525E-01 -1.101368E-01
     52861  3.111341E-03  1.346910E-01 -1.003251E-01
     52862  4.811462E-03  7.494503E-02 -2.212557E-02
     52863  4.280329E-03  6.979932E-02 -2.108824E-02
     52864  2.377905E-03  1.367678E-01 -4.780721E-02
     52865  1.130930E-04  9.050648E-02 -3.257549E-02
     52866  5.489321E-03  8.301417E-02 -2.326952E-02
     52867  9.506501E-04  1.440805E-01 -5.878535E-02
     52868  3.071518E-03  8.756470E-02 -3.012209E-02
     52869  4.463505E-03  1.145141E-01 -4.031056E-02
     52870 -1.112251E-02  3.336681E-02 -7.821591E-03
     52871  3.325562E-03  9.817748E-02 -3.457687E-02
     52872  7.502646E-03  1.060440E-01 -2.894166E-02
     52873  3.570819E-03  1.039982E-01 -4.009364E-02
     52874  5.306396E-03  7.889655E-02 -2.275527E-02
     52875  5.653358E-03  8.717252E-02 -2.373053E-02
     52876  4.506189E-03  9.413827E-02 -2.215061E-02
     52877  3.164260E-03  6.142008E-02 -1.875230E-02
     52878 -2.223182E-04  1.455960E-01 -8.662925E-02
     52879  3.463448E-03  7.814807E-02 -2.348537E-02
     52880 -1.123057E-03  7.394884E-02 -2.570714E-02
     52881  4.394189E-03  1.297226E-01 -3.995449E-02
     52882  3.181975E-03  6.328375E-02 -1.903409E-02
     52883  4.012052E-03  6.704492E-02 -2.031242E-02
     52884  5.979898E-03  9.431177E-02 -2.496720E-02
     52885  8.420975E-03  1.258237E-01 -3.915776E-02
     52886  4.570453E-03  7.244689E-02 -2.168564E-02
     52887  2.985528E-03  6.316357E-02 -1.966947E-02
     52888  2.897841E-02  1.561303E-01 -1.238475E-01
     52889 -1.338555E-04  1.490883E-01 -7.232716E-02
     52890 -1.650242E-03 -3.093642E-02  1.639654E-01
     52891 -2.624262E-02 -8.591834E-02  2.356612E-01
     52892 -9.869995E-03 -1.061359E-01  1.834309E-01
     52893 -2.408960E-02 -2.279753E-02  1.658553E-01
     52894 -2.187034E-01  8.935171E-01  3.547063E+00
     52895 -5.594056E-01  1.946212E-01  3.498954E+00
     52896  9.793609E-03  8.398824E-01  4.081079E+00
     52897 -4.088459E-01  3.003579E-01  3.923815E+00
     52898 -1.453803E-02 -9.684772E-02  1.721188E-01
     52899 -2.124912E-02 -9.130349E-02  1.551064E-01
     52900 -2.083514E-02 -1.934443E-01  1.392616E-01
     52901  3.224275E-02  1.191133E-02  6.659447E-02
     52902 -2.411656E-02 -8.161159E-02  1.583106E-01
     52903 -1.752067E-02 -8.009178E-02  1.378907E-01
     52904 -7.271543E-03 -2.118305E-01  1.226263E-01
     52905 -8.875014E-02  3.164227E-02  3.686329E-02
     52906 -1.948273E-03 -3.445887E-02  3.782581E-02
     52907 -1.361779E-02 -8.625334E-02  8.537221E-02
     52908 -8.297714E-03 -8.133854E-02  8.644336E-02
     52909 -3.480559E-02 -2.058251E-01  7.360032E-02
     52910  3.046240E-02  2.738624E-02 -5.147182E-02
     52911 -4.688355E-02 -5.088340E-02  2.159553E-02
     52912  2.283388E-03 -8.674427E-02  3.260182E-02
     52913  8.000187E-03 -8.013646E-02  2.767173E-02
     52914 -2.032664E-02 -2.057633E-01  1.634755E-02
     52915  4.526174E-02  1.869484E-02 -1.057020E-01
     52916 -4.203157E-02 -5.871219E-02 -2.000993E-02
     52917  3.077328E-02 -8.862593E-02 -2.327845E-02
     52918  3.536024E-02 -7.709829E-02 -1.674932E-02
     52919  2.060872E-03 -2.039202E-01 -4.254407E-02
     52920  7.679588E-02  4.981344E-03 -1.729035E-01
     52921 -1.982598E-02 -6.021729E-02 -8.170137E-02
     52922  5.858043E-02 -8.856924E-02 -6.221473E-02
     52923  6.673114E-02 -8.573650E-02 -7.818208E-02
     52924  3.224170E-02 -2.007126E-01 -8.795210E-02
     52925  9.783777E-03 -6.020590E-02 -1.404430E-01
     52926  1.059661E-01  3.232983E-03 -2.048448E-01
     52927  9.417072E-02 -8.597879E-02 -8.285967E-02
     52928  1.064280E-01 -8.236905E-02 -8.861789E-02
     52929  9.008389E-02 -2.007404E-01 -1.294801E-01
     52930  3.116670E-02 -2.333934E-02 -2.107411E-01
     52931  1.170595E-01 -5.425965E-02 -2.219298E-01
     52932  1.285604E-01 -8.826595E-02 -1.196920E-01
     52933  1.397392E-01 -8.252186E-02 -1.106023E-01
     52934  1.067610E-01 -1.931579E-01 -1.513629E-01
     52935  9.646893E-02 -6.201604E-02 -2.238412E-01
     52936  1.704219E-01 -1.363181E-02 -2.668288E-01
     52937  1.629845E-01 -8.644424E-02 -1.337897E-01
     52938  1.743081E-01 -8.469961E-02 -1.258417E-01
     52939  1.453368E-01 -1.962916E-01 -1.735092E-01
     52940  2.054567E-01 -1.978137E-02 -2.859938E-01
     52941  1.331353E-01 -6.662908E-02 -2.363078E-01
     52942  1.956144E-01 -8.727671E-02 -1.452648E-01
     52943  2.053641E-01 -8.441651E-02 -1.344598E-01
     52944  1.797523E-01 -1.996475E-01 -1.886929E-01
     52945  2.386231E-01 -2.253482E-02 -2.986635E-01
     52946  1.695246E-01 -6.910527E-02 -2.557346E-01
     52947  2.245746E-01 -9.007458E-02 -1.548798E-01
     52948  2.329208E-01 -8.828978E-02 -1.450546E-01
     52949  2.083096E-01 -2.022774E-01 -1.996376E-01
     52950  2.028636E-01 -6.757034E-02 -2.666080E-01
     52951  2.700312E-01 -2.291827E-02 -3.153114E-01
     52952  2.506549E-01 -9.506795E-02 -1.679741E-01
     52953  2.566430E-01 -9.163911E-02 -1.575206E-01
     52954  2.333663E-01 -2.102138E-01 -2.140388E-01
     52955  2.978836E-01 -2.147431E-02 -3.347886E-01
     52956  2.317405E-01 -7.209930E-02 -2.820132E-01
     52957  2.725642E-01 -9.927489E-02 -1.843403E-01
     52958  2.767302E-01 -9.560438E-02 -1.767714E-01
     52959  2.547299E-01 -2.183064E-01 -2.317216E-01
     52960  2.558175E-01 -7.559490E-02 -2.993316E-01
     52961  3.205243E-01 -2.226423E-02 -3.610940E-01
     52962  2.918201E-01 -1.042526E-01 -2.090901E-01
     52963  2.948075E-01 -9.995995E-02 -2.046213E-01
     52964  2.724857E-01 -2.289534E-01 -2.582739E-01
     52965  3.396743E-01 -2.453284E-02 -3.991262E-01
     52966  2.758281E-01 -8.100085E-02 -3.266823E-01
     52967  3.099199E-01 -1.102804E-01 -2.442321E-01
     52968  3.126537E-01 -1.057825E-01 -2.447759E-01
     52969  2.880042E-01 -2.417309E-01 -2.958363E-01
     52970  2.932458E-01 -8.715051E-02 -3.665133E-01
     52971  3.574804E-01 -2.742594E-02 -4.523371E-01
     52972  3.313089E-01 -1.169843E-01 -2.910334E-01
     52973  3.352919E-01 -1.114241E-01 -2.940959E-01
     52974  3.050860E-01 -2.579955E-01 -3.476352E-01
     52975  3.786817E-01 -3.186962E-02 -5.212295E-01
     52976  3.100148E-01 -9.573106E-02 -4.228295E-01
     52977  3.596586E-01 -1.222688E-01 -3.436343E-01
     52978  3.679735E-01 -1.167240E-01 -3.480548E-01
     52979  3.292606E-01 -2.748994E-01 -4.080057E-01
     52980  3.313051E-01 -1.042939E-01 -4.929592E-01
     52981  4.080582E-01 -3.771493E-02 -6.001883E-01
     52982  4.033700E-01 -1.283573E-01 -3.957115E-01
     52983  4.187491E-01 -1.217472E-01 -3.932046E-01
     52984  3.662018E-01 -2.945445E-01 -4.717246E-01
     52985  3.633802E-01 -1.127757E-01 -5.717904E-01
     52986  4.558610E-01 -4.443086E-02 -6.807097E-01
     52987  4.688607E-01 -1.304946E-01 -4.244648E-01
     52988  4.894932E-01 -1.313899E-01 -4.330742E-01
     52989  4.258715E-01 -3.145064E-01 -5.201798E-01
     52990  5.317553E-01 -5.445551E-02 -7.253947E-01
     52991  4.149045E-01 -1.216592E-01 -6.441877E-01
     52992  5.600089E-01 -1.258268E-01 -3.947325E-01
     52993  5.933976E-01 -1.267048E-01 -3.973559E-01
     52994  5.399687E-01 -3.267805E-01 -5.242381E-01
     52995  6.150737E-01 -1.116093E-01 -6.998889E-01
     52996  4.666581E-01 -7.390659E-02 -7.191765E-01
     52997  6.816351E-01 -1.160166E-01 -3.097193E-01
     52998  7.380722E-01 -1.076892E-01 -2.415824E-01
     52999  6.657402E-01 -3.260222E-01 -4.605067E-01
     53000  5.762811E-01 -5.735828E-02 -7.110710E-01
     53001  7.556633E-01 -1.154852E-01 -6.269698E-01
     53002  8.373658E-01 -9.449263E-02 -1.308847E-01
     53003  9.120800E-01 -8.743704E-02  1.925937E-02
     53004  8.013138E-01 -3.227225E-01 -2.917748E-01
     53005  9.668194E-01 -5.226583E-02 -4.371432E-01
     53006  7.578641E-01 -1.019928E-01 -5.483928E-01
     53007  1.018338E+00 -6.073936E-02  2.184013E-01
     53008  1.109939E+00 -5.480505E-02  4.452372E-01
     53009  1.000589E+00 -3.070047E-01  3.432736E-02
     53010  1.189448E+00 -3.621651E-02 -2.806923E-02
     53011  9.429739E-01 -7.940570E-02 -2.559168E-01
     53012  1.210386E+00 -1.341734E-02  7.527581E-01
     53013  1.313613E+00 -1.070698E-02  1.067306E+00
     53014  1.223561E+00 -2.620465E-01  5.581518E-01
     53015  1.160692E+00 -3.700007E-02  2.279706E-01
     53016  1.432284E+00 -7.572111E-03  6.123147E-01
     53017  1.386709E+00  4.364844E-02  1.490250E+00
     53018  1.488409E+00  4.192698E-02  1.893676E+00
     53019  1.444198E+00 -1.931665E-01  1.303380E+00
     53020  1.388215E+00  2.308338E-02  9.535560E-01
     53021  1.664125E+00  4.064711E-02  1.509657E+00
     53022  1.501793E+00  1.042124E-01  2.415559E+00
     53023  1.577256E+00  9.917512E-02  2.886563E+00
     53024  1.615545E+00 -1.006685E-01  2.265160E+00
     53025  1.823049E+00  1.048149E-01  2.647017E+00
     53026  1.588277E+00  9.807646E-02  1.938836E+00
     53027  1.483317E+00  1.588241E-01  3.443680E+00
     53028  1.485409E+00  1.584231E-01  3.904739E+00
     53029  1.655332E+00  6.379139E-03  3.365919E+00
     53030  1.806730E+00  1.844444E-01  3.905454E+00
     53031  1.698633E+00  1.759704E-01  3.145402E+00
     53032  1.225790E+00  2.177718E-01  4.331754E+00
     53033  1.103147E+00  2.904937E-01  4.655986E+00
     53034  1.429106E+00  1.142725E-01  4.386564E+00
     53035  1.459114E+00  2.888805E-01  4.943328E+00
     53036  1.613416E+00  2.369170E-01  4.407254E+00
     53037  6.190760E-01  3.429854E-01  4.638024E+00
     53038  3.409414E-01  6.180389E-01  4.519033E+00
     53039  7.804186E-01  2.748658E-01  4.903744E+00
     53040  1.200708E+00  2.783203E-01  5.341584E+00
     53041  6.027113E-01  4.918359E-01  5.144767E+00
     53042 -9.521506E-02  7.195614E-01  4.502520E+00
     53043  2.904957E-01  2.694282E-01  5.166969E+00
     57576 -2.166291E+00 -5.683731E+00 -6.738712E-01
     57577 -6.947851E-01 -2.572166E+00 -2.806206E+00
     57578 -1.334809E+00 -1.743839E+00 -2.260182E+00
     57579 -9.398425E-01 -1.429829E+00 -9.819691E-01
     57580 -2.311630E+00 -2.294785E+00 -1.457143E+00
     57581  2.677008E+00  2.609886E+01 -1.083983E+02
     57582  4.309998E+00  2.447115E+01 -9.872589E+01
     57583 -4.142843E+00  1.566172E+01 -8.880256E+01
     57584  1.175559E+00 -1.555168E+00  8.533346E+00
     57585  1.811243E+00  4.844488E-01  1.951167E+00
     57586  3.673928E+00  3.830850E+00  6.555126E+00
     57587  1.934215E-01 -1.299043E+00  1.098522E+01
     57588  7.757837E+00  2.038004E+01 -7.301390E+01
     57589  1.500050E+00  4.693408E+00 -4.204864E+00
     57590  6.766432E+00  8.808445E+00 -6.872109E+00
     57591  3.319788E+00  4.068733E+00  4.586028E+00
     57592  2.004630E+00  5.576600E+00  7.253782E+00
     57593  8.145435E-01  9.565416E+00 -2.219552E+01
     57594  6.424067E+00  1.195353E+01 -2.878964E+01
     57595  3.127490E+00  9.327764E+00 -9.204342E+00
     57596  9.711994E-01  5.849814E+00  1.565404E+00
     57597  3.378108E+00  1.092596E+01 -9.128232E+00
     57598 -1.368497E+00  1.352391E+01 -4.886728E+01
     57599  6.077591E+00  1.468419E+01 -5.662700E+01
     57600  3.259751E+00  1.305179E+01 -2.969166E+01
     57601  1.134173E+00  9.893725E+00 -1.696656E+01
     57602  5.862923E+00  1.405222E+01 -3.333978E+01
     57603  3.418068E+00  1.517659E+01 -6.305233E+01
     57604 -2.401365E-01  1.343364E+01 -4.292524E+01
     62735  7.152035E-01 -2.425424E+00 -2.650824E+00
     62736  9.831158E-01 -1.277784E+00 -8.585290E-01
     62737  2.195596E+00 -2.075606E+00 -1.401450E+00
     62738  2.059577E+00 -5.256118E+00 -6.185093E-01
     62739  1.400074E+00 -1.647713E+00 -2.134640E+00
     62740 -1.845222E+00  5.568924E-01  1.446790E+00
     62741 -1.256197E+00 -1.539239E+00  8.174782E+00
     62742 -4.001730E-01 -1.426628E+00  1.033462E+01
     62743 -4.358573E+00  2.241922E+01 -8.993185E+01
     62744 -2.868097E+00  2.403217E+01 -1.001121E+02
     62745 -7.413748E+00  1.886494E+01 -6.623469E+01
     62746 -3.577868E+00  3.884557E+00  5.903242E+00
     62747  3.545874E+00  1.423291E+01 -8.224309E+01
     62748 -2.030461E+00  5.080973E+00  7.269775E+00
     62749 -1.304733E+00  5.201816E+00  1.908305E+00
     62750 -3.413173E+00  3.686084E+00  4.046434E+00
     62751 -1.639460E+00  4.283578E+00 -4.494144E+00
     62752 -3.303787E+00  1.003665E+01 -7.603611E+00
     62753 -1.483318E+00  8.905876E+00 -1.500661E+01
     62754 -3.246840E+00  8.531803E+00 -8.603894E+00
     62755 -1.048556E+00  8.736372E+00 -2.114391E+01
     62756 -6.639950E+00  8.352885E+00 -6.670402E+00
     62757 -5.695040E+00  1.295956E+01 -2.975851E+01
     62758 -1.945690E-01  1.217414E+01 -3.857841E+01
     62759 -3.362658E+00  1.199478E+01 -2.710676E+01
     62760 -6.297249E+00  1.107792E+01 -2.706503E+01
     62761  1.049805E+00  1.236870E+01 -4.569069E+01
     62762 -3.523377E+00  1.392038E+01 -5.772755E+01
     62763 -5.951722E+00  1.352602E+01 -5.270189E+01
     67401  3.415128E-02  1.982377E-01 -2.493815E-01
     67402 -3.653433E-02  2.287774E-01 -2.780796E-01
     67403 -2.228405E-01  5.212274E-01 -3.090223E-02
     67404  2.421104E-01  5.783782E-01 -4.848610E-02
     67405 -8.637697E-01  4.334952E+00  7.733177E+00
     67406 -1.860064E+00  3.113442E+00  7.311663E+00
     67407 -9.205662E-01  3.232223E+00  6.878667E+00
     67408  4.678395E-02  4.199668E-01  1.694156E+00
     67409 -1.023841E-01  3.282799E-01  1.700920E+00
     67410  3.732343E-02  3.401527E-01  1.686723E+00
     67411 -1.174401E-01  4.241554E-01  1.699922E+00
     67412  1.751217E+00  2.822084E+00  6.570608E+00
     67413  8.846649E-01  3.881884E+00  7.037655E+00
     67414  9.533325E-01  2.902535E+00  6.281497E+00
     67415 -2.584868E+00  3.014202E+00  6.102237E+00
     67416  2.419307E+00  2.730122E+00  5.478829E+00
     67417 -1.175504E+00  1.885818E+00  5.938350E+00
     67418 -1.665654E+00  2.202376E+00  6.367714E+00
     67419 -1.782825E+00  3.196608E+00  4.761750E+00
     67420 -2.150668E+00  9.109002E-01  2.551004E+00
     67421 -2.943837E+00  3.107644E+00  7.054442E+00
     67422 -3.241925E+00  3.166271E+00  6.134131E+00
     67423 -2.235268E+00  1.885639E+00  3.478972E+00
     67424 -3.539399E+00  2.671568E+00  6.374944E+00
     67425 -4.384021E+00  3.389289E+00  6.657368E+00
     67426 -3.801197E+00  2.232042E+00  5.717821E+00
     67427 -4.397444E+00  2.809757E+00  5.909354E+00
     67428 -3.743465E+00  1.737653E+00  5.008995E+00
     67429 -4.238386E+00  2.191789E+00  5.219739E+00
     67430 -3.469763E+00  1.248550E+00  4.280433E+00
     67431 -3.903661E+00  1.579450E+00  4.534649E+00
     67432 -3.088760E+00  8.662835E-01  3.657791E+00
     67433 -3.441468E+00  1.049804E+00  3.892235E+00
     67434 -2.641265E+00  5.194005E-01  3.007039E+00
     67435 -2.980225E+00  6.399304E-01  3.298859E+00
     67436 -2.188270E+00  2.988973E-01  2.513752E+00
     67437 -2.501864E+00  3.518673E-01  2.747906E+00
     67438 -1.808468E+00  1.450350E-01  2.135687E+00
     67439 -2.070351E+00  1.599095E-01  2.338735E+00
     67440 -1.485655E+00  6.522842E-02  1.878013E+00
     67441 -1.711185E+00  5.100572E-02  2.033270E+00
     67442 -1.230898E+00  2.915178E-02  1.699853E+00
     67443 -1.431933E+00  3.014564E-03  1.821759E+00
     67444 -1.040833E+00  2.659528E-02  1.593477E+00
     67445 -1.219801E+00 -3.150288E-03  1.682678E+00
     67446 -9.060540E-01  4.478983E-02  1.527867E+00
     67447 -1.071371E+00  1.558316E-02  1.597963E+00
     67448 -8.098167E-01  6.978125E-02  1.487836E+00
     67449 -9.721011E-01  4.971937E-02  1.542773E+00
     67450 -7.448089E-01  9.795845E-02  1.475214E+00
     67451 -8.978721E-01  7.744003E-02  1.512718E+00
     67452 -7.022196E-01  1.211693E-01  1.463553E+00
     67453 -8.534341E-01  1.062676E-01  1.496179E+00
     67454 -6.655946E-01  1.356320E-01  1.449067E+00
     67455 -8.167380E-01  1.259141E-01  1.478075E+00
     67456 -6.221109E-01  1.458727E-01  1.436043E+00
     67457 -7.755661E-01  1.377117E-01  1.457715E+00
     67458 -5.695193E-01  1.478956E-01  1.419129E+00
     67459 -7.233613E-01  1.417027E-01  1.437770E+00
     67460 -5.015073E-01  1.480170E-01  1.406404E+00
     67461 -6.562131E-01  1.418733E-01  1.420838E+00
     67462 -4.150313E-01  1.552993E-01  1.410404E+00
     67463 -5.747328E-01  1.456660E-01  1.415157E+00
     67464 -3.200610E-01  1.656942E-01  1.426845E+00
     67465 -4.837656E-01  1.543868E-01  1.424249E+00
     67466 -2.213090E-01  1.843712E-01  1.459672E+00
     67467 -3.889706E-01  1.713144E-01  1.449365E+00
     67468 -1.263272E-01  2.115299E-01  1.507486E+00
     67469 -2.991368E-01  1.970555E-01  1.490857E+00
     67470 -4.355480E-02  2.464467E-01  1.568866E+00
     67471 -2.214303E-01  2.311712E-01  1.546518E+00
     67472  1.447635E-02  2.843180E-01  1.636885E+00
     67473 -1.643072E-01  2.703870E-01  1.613240E+00
     67474  4.870609E-02  3.183117E-01  1.688759E+00
     67475 -1.351723E-01  3.070094E-01  1.674093E+00
     67476  6.954542E-02  3.502514E-01  1.719545E+00
     67477 -1.286715E-01  3.326909E-01  1.715284E+00
     67478  5.492871E-02  3.405545E-01  1.678664E+00
     67479 -1.450671E-01  3.497276E-01  1.697067E+00
     67480  5.793466E-02  3.095501E-01  1.616175E+00
     67481 -1.262353E-01  3.190013E-01  1.647587E+00
     67482  8.958507E-02  2.719976E-01  1.539112E+00
     67483 -9.189073E-02  2.818179E-01  1.575670E+00
     67484  1.403676E-01  2.236733E-01  1.460460E+00
     67485 -3.235541E-02  2.375971E-01  1.494289E+00
     67486  2.031237E-01  1.829661E-01  1.384249E+00
     67487  5.391912E-02  2.005811E-01  1.421622E+00
     67488  2.991157E-01  1.479363E-01  1.295175E+00
     67489  1.379257E-01  1.630621E-01  1.333543E+00
     67490  4.042408E-01  1.220365E-01  1.230983E+00
     67491  2.489556E-01  1.341739E-01  1.252309E+00
     67492  5.136717E-01  1.017447E-01  1.195012E+00
     67493  3.627134E-01  1.169938E-01  1.204172E+00
     67494  6.211071E-01  8.721823E-02  1.180783E+00
     67495  4.773273E-01  9.991115E-02  1.179479E+00
     67496  7.232547E-01  7.788957E-02  1.182495E+00
     67497  5.833784E-01  9.091456E-02  1.171016E+00
     67498  8.199182E-01  7.313519E-02  1.200670E+00
     67499  6.818768E-01  8.535407E-02  1.178230E+00
     67500  9.093834E-01  7.046240E-02  1.233544E+00
     67501  7.718968E-01  8.303220E-02  1.200189E+00
     67502  9.926062E-01  6.813547E-02  1.280304E+00
     67503  8.542764E-01  8.138155E-02  1.236073E+00
     67504  1.073250E+00  6.556710E-02  1.340928E+00
     67505  9.323515E-01  7.944889E-02  1.285165E+00
     67506  1.158826E+00  6.068038E-02  1.413791E+00
     67507  1.010716E+00  7.660072E-02  1.346679E+00
     67508  1.259908E+00  5.833825E-02  1.506634E+00
     67509  1.102405E+00  7.441938E-02  1.423836E+00
     67510  1.389226E+00  6.171671E-02  1.624454E+00
     67511  1.217456E+00  7.811769E-02  1.524375E+00
     67512  1.563676E+00  8.185917E-02  1.780273E+00
     67513  1.371718E+00  9.357852E-02  1.657497E+00
     67514  1.796394E+00  1.369946E-01  1.988762E+00
     67515  1.578231E+00  1.356658E-01  1.842223E+00
     67516  2.094447E+00  2.318451E-01  2.261140E+00
     67517  1.846309E+00  2.120827E-01  2.083306E+00
     67518  2.461708E+00  3.954210E-01  2.617027E+00
     67519  2.177121E+00  3.418124E-01  2.406241E+00
     67520  2.884973E+00  6.569665E-01  3.066308E+00
     67521  2.559096E+00  5.439718E-01  2.836413E+00
     67522  3.326443E+00  1.016446E+00  3.596362E+00
     67523  2.963230E+00  8.245964E-01  3.358895E+00
     67524  3.735082E+00  1.479566E+00  4.184132E+00
     67525  3.334340E+00  1.186520E+00  3.961868E+00
     67526  4.046622E+00  2.020866E+00  4.795007E+00
     67527  3.595938E+00  1.610615E+00  4.606968E+00
     67528  4.206572E+00  2.581988E+00  5.414775E+00
     67529  3.658350E+00  2.050008E+00  5.245233E+00
     67530  4.189192E+00  3.102709E+00  6.093427E+00
     67531  3.428520E+00  2.446881E+00  5.847745E+00
     67532  3.100167E+00  2.882560E+00  5.595371E+00
     67533  2.879087E+00  2.835099E+00  6.451739E+00
     67534  1.640661E+00  1.984066E+00  5.795208E+00
     67535  1.191572E+00  1.708893E+00  5.435770E+00
     67536  2.124140E+00  1.709294E+00  3.133692E+00
     67537  1.727579E+00  2.883674E+00  4.312089E+00
     67538  2.032111E+00  8.368491E-01  2.301369E+00
     68403  9.404554E-03 -1.697263E-02 -1.751691E-01
     68404  8.189249E-02  1.448713E-01 -1.256111E-01
     68405  4.248086E-01  5.924471E-01 -5.006012E-01
     68406  2.070042E-01  1.316745E-01 -1.177180E-01
     68407  1.520590E-02 -1.684043E-01 -1.257449E-01
     68408  2.015738E-01  1.544283E+00  4.221984E+00
     68409  9.525857E-01  6.790931E-01  4.534063E+00
     68410 -6.502087E-01  3.963405E+00  5.543541E+00
     68411 -3.033309E-01  3.037990E+00  5.829860E+00
     68412  2.784715E-01  2.715693E+00  5.879070E+00
     68413  1.072946E+00  1.022412E+00  6.823785E+00
     68414 -1.365471E+00  6.295534E+00  5.341774E+00
     68415 -7.631770E-01  5.205679E+00  4.837886E+00
     68416 -9.421887E-01  5.038840E+00  7.156634E+00
     68417  6.514641E-01  3.023531E+00  8.439398E+00
     68418  1.613469E-01  4.700212E+00  1.891823E+01
     68419 -7.334659E-01  4.430402E+00  1.116108E+01
     68420 -1.062132E+00  5.418628E+00  4.702599E+00
     68421  4.514583E-01  5.620641E+00  1.354659E+01
     68422 -1.013969E+00  6.250333E+00  3.887346E+00
     68423 -1.063085E+00  6.609348E+00  4.063821E+00
     68424 -1.410886E-01  5.422663E+00  6.127324E+00
     68425 -1.116782E+00  6.719913E+00  6.959973E+00
     68426 -1.135674E-01  6.370342E+00  1.138491E+01
     68427 -1.010236E+00  5.880006E+00  1.030099E+01
     68428  6.172470E-02  5.730815E+00  1.115027E+01
     68429 -1.096926E+00  6.109731E+00  1.043190E+01
     68430 -5.280435E-01  3.760072E+00  7.844313E+00
     68903 -6.257137E-03 -1.447469E-02 -1.486534E-01
     68904 -7.381213E-02  1.306958E-01 -9.998899E-02
     68905 -3.742335E-01  5.105692E-01 -4.252924E-01
     68906 -1.792592E-01  1.089818E-01 -1.070199E-01
     68907 -5.328215E-02 -1.664040E-01 -8.263654E-02
     68908 -8.101482E-01  6.002244E-01  4.215680E+00
     68909 -1.401167E-01  1.392198E+00  3.872800E+00
     68910  3.117764E-01  2.713990E+00  5.252816E+00
     68911  6.425511E-01  3.527542E+00  4.981953E+00
     68912 -2.119820E-01  2.415561E+00  5.259567E+00
     68913 -9.475116E-01  9.127477E-01  6.172575E+00
     68914  7.232548E-01  4.666176E+00  4.314190E+00
     68915  1.236121E+00  5.660510E+00  4.715310E+00
     68916  8.663201E-01  4.482057E+00  6.339659E+00
     68917 -5.734905E-01  2.695045E+00  7.497245E+00
     68918  6.221534E-01  3.913350E+00  9.464427E+00
     68919 -1.591605E-01  4.136199E+00  1.637115E+01
     68920 -3.829017E-01  4.986821E+00  1.171992E+01
     68921  8.948484E-01  4.849304E+00  3.832578E+00
     68922  9.061562E-01  5.228369E+00  8.910696E+00
     68923  1.546852E-01  5.670303E+00  9.907025E+00
     68924  1.358890E-01  4.866185E+00  5.187250E+00
     68925  1.010959E+00  5.438268E+00  9.105139E+00
     68926 -2.763056E-02  5.120927E+00  9.806821E+00
     68927  9.867266E-01  6.027142E+00  6.049888E+00
     68928  4.732882E-01  3.349326E+00  6.955680E+00
     68929  9.250968E-01  5.943315E+00  3.469594E+00
     68930  8.612609E-01  5.608814E+00  3.191376E+00

 total force (fx,fy,fz) for set FEET and time  0.6000000E+01

        3.623711E-09  9.192533E+02 -7.713451E+02
