
                        S T E P       1


                                INCREMENT     1


 displacements (vx,vy,vz) for set TOP and time  0.1000000E+01

     18608 -2.275973E-02  4.472678E-01 -4.297647E-01
     18653 -1.336443E-02  5.786302E-01 -5.224999E-01
     19090 -1.390009E-03  6.332181E-01 -5.632514E-01
     22518  8.231008E-03  6.105147E-01 -5.449911E-01
     23707  1.914554E-02  4.333654E-01 -4.111947E-01

 forces (fx,fy,fz) for set FEET and time  0.1000000E+01

       199 -6.129493E-01 -1.318150E-02 -3.272059E+00
       203  9.431222E-01  1.255414E+01 -9.278187E+00
       204 -1.552515E-03  2.787480E-02 -1.093471E+00
       208  2.982114E-02  2.633755E+00  2.585668E-01
       209  6.749923E-01  2.579311E-01 -2.474406E+00
       213 -6.548091E-01  1.092575E+01 -6.338527E+00
       242  2.376271E+01  1.245761E+01  2.773222E+01
       243 -1.782742E-01  1.781507E-01  3.540893E-01
       244  9.329562E-01  1.124864E+00  2.456185E-01
       245 -2.092304E+01  8.436982E+00  2.165569E+01
       269 -8.820089E-01  1.077126E+00  2.273581E-01
       270  1.902020E+01  7.517885E+00  1.934649E+01
       273  9.855564E-02  9.309707E-02  3.369224E-01
       274 -2.184365E+01  1.164983E+01  2.585735E+01
       282  1.416805E+00  4.926817E-01  3.039180E+00
       284 -1.326663E+00  4.378446E-01  2.708173E+00
       290 -6.613098E+00  4.416651E+00 -6.129508E+00
       293 -1.072932E+01  7.517266E+00  9.125655E+00
       294  1.089319E+01  7.884576E+00  1.009074E+01
       301  5.916146E+00  3.926125E+00 -5.460781E+00
       302 -9.917302E+00  7.217883E+00  9.240172E+00
       303  9.676725E+00  6.737599E+00  8.169829E+00
      2640  3.504403E+00 -2.448122E+00 -2.439324E+01
      2656 -4.890988E-02 -2.108737E+00 -4.560321E+00
      2665  3.412728E-01  1.468277E+00 -7.832440E-01
      2666  1.429346E-01  8.367565E-01 -6.063596E-01
      2667  1.173881E-01  4.233946E-01 -2.592895E-01
      2668  3.640766E-01 -3.843390E-01 -1.061253E+00
      2669  2.061051E-01  4.240752E-02 -1.191220E+00
      2670  1.422192E-01 -4.935351E-02 -5.246843E-01
      2671  1.062254E-01 -6.046813E-02 -8.715915E-01
      2672  3.411130E-02 -2.326750E-02 -7.153061E-01
      2673  1.718122E-02 -2.415532E-02 -7.803635E-01
      2674  1.033260E-02 -6.814786E-03 -6.599731E-01
      2675  4.878012E-02 -4.991178E-02 -1.174164E+00
      2676  4.079561E-02 -1.676562E-02 -1.014182E+00
      2677  1.397921E-01  8.411593E-01 -8.476589E-01
      2678  8.044206E-03 -4.588938E-02 -1.486980E+00
      2679  1.060277E-02  5.623387E-02 -9.770256E-01
      2680 -4.103086E-02 -3.749848E-02 -1.043209E+00
      2681  5.304855E-02 -2.359952E-03 -8.294720E-01
      2682  1.136161E-02 -4.751209E-02 -1.264103E+00
      2683 -1.547918E-02 -1.596962E-02 -1.041508E+00
      2684  3.152549E-02  4.275840E-01 -1.469925E+00
      2685  6.545744E+00  7.173868E-01 -2.578776E+01
      2686  5.682148E+00 -1.492610E+00 -1.566761E+01
      2687  4.949393E+00 -1.467222E+00 -1.024472E+01
      2688  3.984646E+00 -1.226745E+00 -6.206227E+00
      2689  4.786517E+00 -8.862926E-01 -4.665941E+00
      2690  3.744818E+00 -1.254388E+00 -3.145201E+00
      2691  2.860548E+00 -9.958739E-01 -1.866161E+00
      2692  2.321923E+00 -8.226195E-01 -1.399008E+00
      2693  1.854352E+00 -7.219444E-01 -1.284735E+00
      2694  1.522261E+00 -7.264425E-01 -1.403451E+00
      2695  1.258001E+00 -1.118524E+00 -1.762278E+00
      2696  1.182509E+00 -1.112726E+00 -1.886645E+00
      2697  1.133290E+00 -8.810679E-01 -1.944372E+00
      2698  7.741051E-01 -9.244044E-01 -2.059042E+00
      2699  9.299882E-01 -1.041711E+00 -2.091794E+00
      2700  7.176751E-01 -6.039216E-01 -1.929687E+00
      2701  4.864374E-01 -1.545014E+00 -2.228431E+00
      2702  2.994474E-01 -1.167508E+00 -2.169257E+00
      2703  1.942562E-01 -1.039533E+00 -2.275341E+00
      2704  9.226830E-02 -8.718730E-01 -2.371833E+00
      2705  1.209125E-02 -8.296788E-01 -2.523542E+00
      2829  8.026631E-01  9.928942E+00 -3.515087E+00
      2830  2.969561E-01  6.570136E+00 -1.543469E+00
      2831  1.650734E-01  4.925342E+00 -2.075171E-01
      2832 -2.012240E-02  3.036288E+00 -1.307320E-01
      2833  2.849849E-02  2.293740E+00 -1.873826E-01
      2834  3.585261E-02  2.676643E+00  3.104640E-01
      2835  3.491333E-02  2.146808E+00  2.204248E-02
      2836  4.226517E-02  2.020643E+00  2.101083E-01
      2837  2.401621E-02  1.980257E+00  2.072204E-01
      2838  5.450697E-02  2.477610E+00  3.892180E-01
      2839  1.156614E-02  2.918292E+00 -9.921617E-02
      2840  1.044664E-02  2.762088E+00  1.546378E-01
      2841 -1.164604E-01  1.409243E+00 -1.585602E-01
      2842  2.975319E-01  4.868497E+00 -2.570577E-01
      2843  4.975958E-02  2.162059E+00  1.721441E-01
      2844  1.171213E-01  2.625532E+00  1.855384E-01
      2845 -6.623761E-02  3.845507E+00  4.226786E-01
      2846 -3.882552E-03  2.795865E+00 -1.111599E-01
      2847  2.210981E-03  2.682934E+00  1.547918E-01
      2848 -3.146779E-01  2.631244E+00  4.499958E-01
      2849  4.856505E+00  1.302358E+01 -2.541909E+01
      2850  3.590674E+00  8.004854E+00 -1.447939E+01
      2851  3.111361E+00  5.886397E+00 -8.808082E+00
      2852  2.591293E+00  4.155828E+00 -5.633978E+00
      2853  1.926741E+00  1.816656E+00 -3.650721E+00
      2854  1.600667E+00  2.417628E+00 -1.790300E+00
      2855  1.154679E+00  1.811907E+00 -1.326605E+00
      2856  8.151455E-01  1.633889E+00 -1.135202E+00
      2857  6.234424E-01  1.462180E+00 -1.225684E+00
      2858  5.501179E-01  1.570903E+00 -1.421059E+00
      2859  5.383825E-01  2.429650E+00 -1.374652E+00
      2860  4.216947E-01  2.525901E+00 -1.579819E+00
      2861  4.202581E-01  1.871913E+00 -1.855453E+00
      2862  4.831520E-01  1.482042E+00 -1.758777E+00
      2863  1.446785E-01  2.136258E+00 -1.705907E+00
      2864  2.315625E-01  1.475282E+00 -2.027103E+00
      2865  2.983373E-01  3.434273E+00 -1.353596E+00
      2866  9.492766E-02  2.430638E+00 -1.769373E+00
      2867  6.766599E-03  2.263773E+00 -1.958680E+00
      2868  2.845997E-02  1.979521E+00 -2.153298E+00
      2869  4.402744E-03  1.829793E+00 -2.210157E+00
      2877 -3.545847E+00 -1.990078E+00 -2.453484E+01
      2886 -6.792331E-02  4.364874E-01 -1.399015E+00
      2887 -2.254117E-02 -2.309038E-03 -9.847140E-01
      2888 -1.800254E-02 -7.141623E-04 -7.856094E-01
      2889  4.361923E-02  1.693767E-02 -9.485956E-01
      2890 -3.019330E-03 -1.002193E-01 -1.318887E+00
      2891 -4.768349E-02  3.806747E-02 -8.015665E-01
      2892 -3.687851E-02 -6.881305E-02 -1.273625E+00
      2893 -8.527018E-02 -9.729104E-03 -9.828119E-01
      2894 -9.146036E-02 -3.654705E-02 -9.931261E-01
      2895 -1.441187E-02  3.118803E-02 -6.525015E-01
      2896 -4.491837E-02  3.582126E-01 -1.341384E+00
      2897 -9.843657E-02 -2.866203E-03 -8.416465E-01
      2898 -2.062471E-02 -4.412615E-02 -5.724425E-01
      2899 -9.004845E-02 -6.065607E-02 -8.306994E-01
      2900 -1.808741E-01 -5.568040E-02 -7.287371E-01
      2901 -3.149888E-01 -4.720105E-01 -1.260762E+00
      2902 -8.103305E-02  1.958469E-01 -1.805869E-01
      2903 -2.372318E-01  4.100227E-01 -1.139935E+00
      2904 -2.883051E-01  8.309543E-01 -1.395487E+00
      2905 -1.194840E+00  2.543072E-01 -2.405825E+00
      2906 -1.033565E-03 -8.472231E-01 -2.705021E+00
      2907 -8.524450E-02 -9.840495E-01 -2.510299E+00
      2908 -1.520212E-01 -9.418991E-01 -2.295254E+00
      2909 -3.369895E-01 -1.119653E+00 -2.184666E+00
      2910 -6.380443E-01 -8.245418E-01 -2.108524E+00
      2911 -6.037386E-01 -4.770702E-01 -1.896549E+00
      2912 -9.167760E-01 -1.355157E+00 -2.028773E+00
      2913 -1.006027E+00 -1.213510E+00 -1.867219E+00
      2914 -1.194470E+00 -1.226794E+00 -1.856809E+00
      2915 -1.303831E+00 -1.296812E+00 -1.893527E+00
      2916 -1.568066E+00 -5.379824E-01 -1.622504E+00
      2917 -1.709983E+00 -5.689253E-01 -1.494779E+00
      2918 -1.911376E+00 -1.304815E+00 -1.654328E+00
      2919 -2.337303E+00 -8.811102E-01 -1.525239E+00
      2920 -2.856840E+00 -7.805761E-01 -1.837609E+00
      2921 -3.661499E+00 -9.681909E-01 -2.784370E+00
      2922 -4.474896E+00 -1.310044E+00 -4.425906E+00
      2923 -3.991219E+00 -1.025384E+00 -5.984122E+00
      2924 -4.527991E+00 -1.331471E+00 -8.789712E+00
      2925 -5.119476E+00 -1.348146E+00 -1.327920E+01
      2926 -5.971454E+00  9.342055E-02 -2.177488E+01
      3050  3.596596E-01  2.580377E+00  2.909360E-01
      3051  5.427130E-02  2.615764E+00  1.307913E-01
      3052  4.702279E-02  2.979303E+00  4.093571E-01
      3053 -2.003533E-02  2.372785E+00  1.894947E-01
      3054  9.195696E-02  2.665330E+00  2.692043E-01
      3055 -1.140187E-02  2.426882E+00  5.202362E-01
      3056 -7.242743E-02  3.426530E+00 -1.239262E-01
      3057  5.828522E-03  3.008856E+00  1.398715E-01
      3058  2.419007E-02  3.475429E+00  1.087755E-01
      3059 -4.383082E-02  2.232069E+00  4.572885E-01
      3060 -2.382035E-01  1.965374E+00  1.271917E-01
      3061  7.811561E-02  2.386007E+00  1.453409E-01
      3062 -1.359380E-01  2.947062E+00  3.536852E-01
      3063 -3.196785E-02  1.922874E+00  6.666422E-03
      3064  3.926083E-02  1.999841E+00  1.535634E-01
      3065 -4.789996E-03  2.458672E+00  5.041390E-03
      3066 -7.022268E-02  3.130459E+00  5.620404E-02
      3067 -1.388489E-01  4.245451E+00 -9.535054E-01
      3068 -9.721634E-02  5.933311E+00 -1.002578E+00
      3069 -4.879940E-01  8.865032E+00 -2.571158E+00
      3070 -5.229202E-02  1.960050E+00 -2.120378E+00
      3071 -1.039409E-01  1.974920E+00 -2.090446E+00
      3072 -6.307549E-02  2.065770E+00 -2.038752E+00
      3073 -1.864071E-01  2.432628E+00 -1.779087E+00
      3074 -2.479477E-01  1.507833E+00 -1.965269E+00
      3075 -2.661112E-01  1.467859E+00 -1.875018E+00
      3076 -1.604843E-01  2.846715E+00 -1.414772E+00
      3077 -4.494950E-01  2.555815E+00 -1.515152E+00
      3078 -4.821698E-01  2.606349E+00 -1.455796E+00
      3079 -7.113540E-01  2.696892E+00 -1.317037E+00
      3080 -5.224399E-01  1.181354E+00 -1.725681E+00
      3081 -5.472315E-01  1.226519E+00 -1.533839E+00
      3082 -7.309330E-01  2.816692E+00 -8.708050E-01
      3083 -8.958884E-01  1.746825E+00 -1.177646E+00
      3084 -1.144745E+00  1.420351E+00 -1.434592E+00
      3085 -1.502087E+00  1.823696E+00 -2.013844E+00
      3086 -1.986487E+00  2.560330E+00 -3.158969E+00
      3087 -2.397954E+00  3.564551E+00 -4.937080E+00
      3088 -3.023845E+00  5.118004E+00 -8.553528E+00
      3089 -3.450397E+00  7.178510E+00 -1.392103E+01
      3090 -4.547656E+00  1.189383E+01 -2.460386E+01
      3570  1.067644E+00 -1.669587E+00  2.445168E+00
      3571  7.337988E+00 -3.995033E-01  5.375249E+00
      3572  1.785742E+01 -1.220534E+00  5.933317E+00
      3573 -1.785041E+00  4.808504E-01 -4.730746E+00
      3574  4.466797E+00 -3.783671E+00  8.035313E+00
      3575  1.529372E+01 -6.537094E+00  2.689392E+01
      3576  3.622409E+01 -8.014673E+00  5.615732E+01
      3677 -9.466121E-01  2.421613E+00 -4.073106E+00
      3678 -3.740687E+00  2.200767E+01  1.033721E+02
      3679  4.815366E+00 -5.107365E-01 -2.258346E+00
      3680  7.664628E-01 -6.211461E-01 -1.555316E+00
      3681 -6.681879E+00 -4.711019E-02 -4.988709E-01
      3682  5.356956E+00  2.598631E+00 -1.075818E+01
      3683  2.667157E+00 -3.335227E+00 -4.653719E+00
      3684 -5.920677E+00 -6.102422E+00  1.179773E+01
      3685 -2.511788E+01 -9.247679E+00  4.336483E+01
      4181 -4.802806E+00 -2.213136E-01 -2.295757E+00
      4182 -1.063484E+00 -7.226471E-01 -1.474035E+00
      4183  5.676902E+00 -4.179581E-02 -9.286883E-01
      4184 -4.997879E+00  2.377293E+00 -1.007783E+01
      4185 -2.790355E+00 -3.070739E+00 -4.783712E+00
      4186  5.067118E+00 -5.603584E+00  1.012875E+01
      4187  2.251068E+01 -8.468696E+00  3.907201E+01
      4295  9.621967E-01  2.154112E+00 -3.625333E+00
      4296  3.832272E+00  2.014492E+01  9.458009E+01
      4297 -1.208013E+00 -1.663954E+00  2.580561E+00
      4298 -7.181378E+00 -3.673525E-01  5.355084E+00
      4299 -1.687587E+01 -9.843730E-01  5.768991E+00
      4300  1.508653E+00  3.747280E-01 -3.921615E+00
      4301 -4.480841E+00 -3.520874E+00  8.102248E+00
      4302 -1.447629E+01 -6.029529E+00  2.545214E+01
      4303 -3.366806E+01 -7.397987E+00  5.219043E+01
      4724  2.557563E+00  9.774303E-01 -8.615350E+00
      4727 -2.411463E+00  8.956428E-01 -7.788399E+00
      4729 -5.437087E-01  4.441999E+00  4.201391E+00
      4730  1.898937E-01  2.491991E+00  1.788653E+00
      4731  5.266684E-01  1.418265E+00  1.051227E+00
      4732  6.991588E-02  9.443737E-01  1.488488E+00
      4733  4.779524E-01  6.067911E-01  1.192050E+00
      4734 -1.980190E-02  4.727549E-01  1.019834E+00
      4735  7.999480E-03  5.130771E-01  1.068827E+00
      4736  8.508353E-03  5.636436E-01  1.162524E+00
      4737  2.398047E-02  6.400401E-01  1.309742E+00
      4738  5.482493E-03  7.004177E-01  1.443707E+00
      4739 -1.021764E-03  7.650447E-01  1.576646E+00
      4740 -1.164798E-02  7.719443E-01  1.579825E+00
      4741 -8.392153E-03  8.464904E-01  1.647961E+00
      4742  8.298129E-03  8.257768E-01  1.675596E+00
      4743 -2.184912E-03  8.112665E-01  1.636611E+00
      4744 -6.227745E-03  8.050377E-01  1.674946E+00
      4745 -4.186587E-03  7.931182E-01  1.631409E+00
      4746  1.546120E-03  7.801625E-01  1.638667E+00
      4747  1.022659E-02  7.968374E-01  1.673100E+00
      4748 -1.810113E-03  8.287508E-01  1.709543E+00
      4749  2.867437E-03  8.277502E-01  1.716048E+00
      4750 -4.616799E-03  7.906996E-01  1.673341E+00
      4751 -1.687686E-03  7.952096E-01  1.672088E+00
      4752  7.756861E-04  7.929054E-01  1.675144E+00
      4753 -3.400856E-03  7.806130E-01  1.619666E+00
      4754 -3.409516E-03  8.650605E-01  1.720514E+00
      4755  5.721255E-03  7.993386E-01  1.651454E+00
      4756  8.875048E-03  7.781534E-01  1.587682E+00
      4757  1.052280E-02  7.624293E-01  1.558691E+00
      4758  9.284846E-03  7.393697E-01  1.524843E+00
      4759 -7.623704E-03  6.902503E-01  1.406580E+00
      4760 -7.007037E-03  6.543054E-01  1.327673E+00
      4761 -5.643106E-03  5.851277E-01  1.202854E+00
      4762 -9.009878E-03  5.129891E-01  1.044787E+00
      4763  1.807115E-02  4.375373E-01  9.520422E-01
      4764 -6.384495E-02  6.612752E-01  1.021312E+00
      4765 -4.539519E-01  8.117071E-01  1.346344E+00
      4766 -5.315675E-01  1.269585E+00  9.943200E-01
      4767 -2.156584E-01  2.255066E+00  1.655964E+00
      4768  6.360994E-01  3.729896E+00  4.562657E+00
      4769  1.277607E+00  3.689164E+00  8.417501E+00
      4770  7.716514E-01  2.068982E+00  5.546324E+00
      4771  1.162750E+00  9.702263E-01  2.898718E+00
      4772  1.280710E+00  6.237908E-01  1.893777E+00
      4773  2.224379E+00  5.164433E-01  2.219982E+00
      4774  1.973379E+00  6.277991E-01  2.360985E+00
      4775  1.631378E+00  8.224644E-01  2.649096E+00
      4776  1.326331E+00  9.907179E-01  2.975588E+00
      4777  1.111301E+00  1.116555E+00  3.272661E+00
      4778  9.269238E-01  1.236344E+00  3.624451E+00
      4779  8.278458E-01  1.300315E+00  3.892845E+00
      4780  6.949461E-01  1.339988E+00  4.026369E+00
      4781  6.461721E-01  1.301257E+00  4.051969E+00
      4782  5.320336E-01  1.190199E+00  4.188053E+00
      4783  4.434526E-01  1.389600E+00  4.218281E+00
      4784  3.160452E-01  1.371084E+00  4.181326E+00
      4785  2.356105E-01  1.318789E+00  4.173502E+00
      4786  1.427580E-01  1.327767E+00  4.058081E+00
      4787  8.867230E-02  1.315265E+00  4.014890E+00
      4788  4.160280E-02  1.337051E+00  4.043478E+00
      4789 -3.605428E-03  1.288071E+00  4.102033E+00
      4790 -5.873773E-02  1.344821E+00  4.051092E+00
      4791 -8.107661E-02  1.344140E+00  4.067055E+00
      4792 -1.558595E-01  1.365199E+00  4.135759E+00
      4793 -2.505010E-01  1.400521E+00  4.147399E+00
      4794 -2.870492E-01  1.391646E+00  4.256114E+00
      4795 -5.423188E-01  1.392405E+00  4.311385E+00
      4796 -6.173752E-01  1.379179E+00  4.192796E+00
      4797 -7.139441E-01  1.354667E+00  4.088594E+00
      4798 -8.167922E-01  1.308233E+00  3.992085E+00
      4799 -9.190022E-01  1.291184E+00  3.772253E+00
      4800 -1.035981E+00  1.193080E+00  3.526745E+00
      4801 -1.214920E+00  1.047910E+00  3.295881E+00
      4802 -1.397749E+00  9.292984E-01  2.925598E+00
      4803 -1.668698E+00  7.713513E-01  2.474704E+00
      4804 -1.983746E+00  5.812470E-01  2.147466E+00
      4805 -2.351635E+00  5.100069E-01  2.129782E+00
      4806 -1.164288E+00  5.487678E-01  1.652016E+00
      4807 -1.145245E+00  8.929461E-01  2.633339E+00
      4808 -8.366468E-01  1.867419E+00  4.941023E+00
      4809 -1.326945E+00  3.347725E+00  7.616988E+00
      5059  1.821308E-01  1.257091E+01 -2.526513E+01
      5078 -1.598846E-01  2.241175E+01  4.993778E+01
      5090 -4.744034E+00 -8.538199E-01  1.909032E+00
      5091 -1.806447E+01  1.278135E+00  3.093470E+01
      5092 -4.052937E+00  7.937578E-01  8.937094E+00
      5093  7.281296E+00 -1.163523E+00  2.584473E+00
      5094 -1.307080E+00 -8.084092E-01  2.293060E-01
      5095  1.771230E+01  1.207257E+00  3.462961E+01
      5096  4.848050E+00 -1.621459E-01  9.347034E+00
      5097 -7.512719E+00  2.517391E-01 -1.498469E+01
      5127 -1.667829E-01  1.128308E+01 -2.268312E+01
      5146  1.722238E-01  2.031354E+01  4.526762E+01
      5158 -6.765720E+00 -1.084717E+00  2.527664E+00
      5159  1.040521E+00 -7.203868E-01  3.547195E-01
      5160 -1.626381E+01  1.073291E+00  3.179497E+01
      5161 -4.588350E+00 -1.524687E-01  8.835838E+00
      5162  6.577796E+00  2.124043E-01 -1.316819E+01
      5163  4.160596E+00 -7.565789E-01  1.612634E+00
      5164  1.618852E+01  1.174499E+00  2.773180E+01
      5165  3.637361E+00  7.341320E-01  7.986231E+00
     25134  7.286923E+00  4.669734E-01 -3.641143E+01
     25135  7.339749E+00 -5.191979E+00 -2.778524E+01
     25136 -5.766956E-02 -9.154595E-01 -4.567441E+00
     25137  1.803436E-01 -2.613984E+00 -4.054982E+00
     25138  6.553869E+00 -1.409075E+00 -2.265132E+01
     25139  6.349418E+00 -3.622748E+00 -1.840608E+01
     25140  5.445099E+00 -1.591741E+00 -1.475227E+01
     25141  4.401807E+00 -2.071143E+00 -7.441692E+00
     25142  4.551880E+00 -1.314999E+00 -9.695199E+00
     25143  5.364338E+00 -2.838530E+00 -1.281673E+01
     25144  3.124111E+00 -1.782582E+00 -4.503100E+00
     25145  3.733978E+00 -4.709578E-01 -5.899242E+00
     25146  2.715874E+00 -1.245453E+00 -4.354167E+00
     25147  1.930186E+00 -1.727338E+00 -2.532520E+00
     25148  2.109832E+00 -9.941656E-01 -3.158567E+00
     25149  2.612548E+00 -1.905791E+00 -3.998840E+00
     25150  1.592030E+00 -9.735915E-01 -2.802426E+00
     25151  1.255372E+00 -8.920721E-01 -2.790035E+00
     25152  1.518447E+00 -1.739482E+00 -2.706150E+00
     25153  1.013871E+00 -9.008847E-01 -3.025061E+00
     25154  1.199140E+00 -1.757529E+00 -2.832648E+00
     25155  8.902744E-01 -1.279144E+00 -3.582197E+00
     25156  9.050685E-01 -2.180357E+00 -3.162600E+00
     25157  9.413260E-01 -2.055552E+00 -3.681748E+00
     25158  8.037569E-01 -1.313796E+00 -3.826972E+00
     25159  8.927159E-01 -2.204227E+00 -3.782766E+00
     25160  8.142404E-01 -9.486217E-01 -3.739200E+00
     25161  5.059822E-01 -9.856607E-01 -3.687706E+00
     25162  6.505782E-01 -2.181825E+00 -3.653104E+00
     25163  7.392880E-01 -1.783847E+00 -3.560536E+00
     25164  6.234988E-01 -1.370281E+00 -4.029945E+00
     25165  4.346224E-01 -7.119542E-01 -3.721297E+00
     25166  6.722337E-01 -1.998504E+00 -3.812469E+00
     25167  2.225811E-01 -2.181037E+00 -3.911707E+00
     25168  3.052890E-01 -1.808825E+00 -4.440588E+00
     25169  2.474894E-01 -1.298930E+00 -4.074796E+00
     25170  1.881308E-01 -2.231481E+00 -3.578841E+00
     25171  3.927147E-01 -2.631668E+00 -4.699368E+00
     25172  9.488768E-02 -1.170238E+00 -4.197849E+00
     25173  5.550893E-02 -1.139139E+00 -4.466026E+00
     25174  9.482819E-02 -2.168117E+00 -4.167141E+00
     26058  2.698644E-02 -1.024844E+00 -4.513889E+00
     26059 -2.162282E-01 -2.594706E+00 -3.996528E+00
     26060 -6.803200E+00  9.034756E-01 -3.298480E+01
     26061 -6.980880E+00 -4.855311E+00 -2.445526E+01
     26062 -5.526624E-02 -1.060107E+00 -4.437508E+00
     26063 -1.248709E-01 -2.146308E+00 -4.194272E+00
     26064 -1.434402E-01 -1.087921E+00 -4.180896E+00
     26065 -1.977644E-01 -2.084680E+00 -3.901705E+00
     26066 -2.043207E-01 -1.322346E+00 -4.267407E+00
     26067 -2.280165E-01 -2.324315E+00 -4.649475E+00
     26068 -3.273321E-01 -2.001259E+00 -3.399759E+00
     26069 -3.879566E-01 -8.757840E-01 -3.959798E+00
     26070 -5.857188E-01 -6.304933E-01 -3.719499E+00
     26071 -6.751640E-01 -2.413725E+00 -3.404958E+00
     26072 -6.107074E-01 -1.521322E+00 -4.176130E+00
     26073 -8.332441E-01 -2.160494E+00 -4.329576E+00
     26074 -7.441939E-01 -1.340548E+00 -3.804132E+00
     26075 -8.754762E-01 -1.381123E+00 -3.769518E+00
     26076 -8.775924E-01 -2.344482E+00 -3.728802E+00
     26077 -9.234302E-01 -1.392047E+00 -3.842851E+00
     26078 -1.010354E+00 -2.399264E+00 -3.737162E+00
     26079 -1.054082E+00 -6.585461E-01 -3.276015E+00
     26080 -9.549928E-01 -2.068271E+00 -2.597416E+00
     26081 -9.297060E-01 -1.995310E+00 -3.921771E+00
     26082 -1.270161E+00 -7.792456E-01 -3.039436E+00
     26083 -1.476288E+00 -1.865686E+00 -3.093270E+00
     26084 -1.363687E+00 -1.463929E+00 -3.332269E+00
     26085 -1.598572E+00 -1.004248E+00 -2.865424E+00
     26086 -1.889675E+00 -1.604228E+00 -2.518273E+00
     26087 -1.487301E+00 -2.046560E+00 -3.415811E+00
     26088 -2.104743E+00 -7.785740E-01 -3.010628E+00
     26089 -2.520141E+00 -1.601360E+00 -3.344520E+00
     26090 -2.728481E+00 -7.735499E-01 -3.880809E+00
     26091 -3.201744E+00 -1.801493E+00 -4.610391E+00
     26092 -3.511227E+00 -9.753840E-01 -5.685646E+00
     26093 -4.288068E+00 -1.170212E+00 -8.691149E+00
     26094 -4.917594E+00 -2.608076E+00 -9.927823E+00
     26095 -4.130243E+00 -2.046819E+00 -7.568667E+00
     26096 -5.248575E+00 -1.206389E+00 -1.347622E+01
     26097 -5.969665E+00 -3.356576E+00 -1.626900E+01
     26098 -6.177196E+00 -1.127169E+00 -2.062272E+01
     28505 -1.456397E+00  4.584503E+00  1.276080E+00
     28506  8.333105E-02 -5.244074E-02 -3.072852E-02
     28507  8.319000E-01 -9.596289E-02 -2.026811E-01
     28508  9.021060E-01  4.503532E-01 -5.878058E-02
     28509 -3.927028E+00 -2.507483E+01  8.762790E+01
     28510 -3.359371E+00 -2.560973E+01  7.975922E+01
     28511  4.123964E-01 -1.502616E+01  6.552965E+01
     28512 -8.855084E-01  2.752449E+00 -1.271527E+01
     28513 -2.284928E+00  1.251945E+00 -6.717248E+00
     28514 -1.283267E+00 -5.126103E-01 -7.282594E+00
     28515 -1.662098E-01  1.258965E+00 -1.420353E+01
     28516 -8.142803E+00 -1.657296E+01  5.954364E+01
     28517 -1.125810E+00 -5.563755E+00  2.866269E+00
     28518 -1.408916E+00 -7.866070E+00  1.226933E+01
     28519 -4.371143E+00 -2.663733E+00 -7.254022E+00
     28520 -3.230649E+00 -5.203518E+00 -7.090779E+00
     28521  7.172163E-01 -1.016261E+01  2.894916E+01
     28522 -3.394302E+00 -1.127917E+01  4.013929E+01
     28523 -5.599103E+00 -6.994427E+00  1.232948E+01
     28524 -1.260631E+00 -6.153337E+00  1.416331E+00
     28525 -4.519402E+00 -1.124376E+01  1.636446E+01
     28526 -3.977995E+00 -1.001768E+01  4.821652E+01
     28527 -4.079831E+00 -1.185430E+01  3.194934E+01
     31241 -8.832237E-02 -4.576203E-02 -1.756345E-02
     31242 -8.417630E-01 -5.581943E-02 -1.726150E-01
     31243  1.142397E+00  4.184039E+00  1.199900E+00
     31244 -9.234211E-01  4.093069E-01 -5.029446E-02
     31245  2.221475E+00  1.037783E+00 -5.741662E+00
     31246  1.007763E+00  2.478420E+00 -1.166471E+01
     31247  2.203213E-01  1.146654E+00 -1.305526E+01
     31248  3.491706E+00 -2.329270E+01  7.271566E+01
     31249  3.992037E+00 -2.304797E+01  8.079188E+01
     31250  7.688575E+00 -1.533044E+01  5.405154E+01
     31251  1.185622E+00 -5.787494E-01 -6.329448E+00
     31252 -1.479576E-01 -1.382246E+01  6.057547E+01
     31253  3.269780E+00 -4.937991E+00 -6.894765E+00
     31254  1.396045E+00 -5.382843E+00  7.141791E-01
     31255  4.379103E+00 -2.524943E+00 -6.776887E+00
     31256  1.198857E+00 -5.209232E+00  3.320637E+00
     31257  4.343597E+00 -1.041237E+01  1.453283E+01
     31258  3.902235E+00 -1.080470E+01  2.878546E+01
     31259  5.749006E+00 -6.473500E+00  1.126237E+01
     31260  1.465812E+00 -7.294881E+00  1.187061E+01
     31261 -4.199377E-01 -9.329049E+00  2.719044E+01
     31262  4.166637E+00 -9.194710E+00  4.446926E+01
     31263  3.354028E+00 -1.046935E+01  3.743577E+01
     33502 -2.931794E-01  5.186761E-01 -2.039650E-02
     33503  2.906072E-01  5.043838E-01 -7.027261E-02
     33504  6.411124E-02  1.707815E-01  1.655416E-01
     33505 -1.004634E-01  1.761072E-01  2.325471E-01
     33506  5.750230E-02  8.722531E-02  1.607726E-01
     33507 -6.590646E-02  8.792971E-02  1.811307E-01
     33508 -5.788452E-02  4.289072E-02  1.202090E-01
     33509  4.198931E-02  4.628591E-02  1.229463E-01
     33510  5.682363E+00 -4.209975E-01 -1.448627E+01
     33511  3.802510E+00 -4.612695E-01  8.869724E-01
     33512  4.335951E+00 -1.202701E+00 -1.062603E+01
     33513  1.969489E-01 -5.991756E-01  2.196180E+00
     33514 -1.274343E-01 -5.379830E-01  2.129421E+00
     33515 -2.308822E-01 -5.886090E-01  2.210060E+00
     33516  9.312297E-02 -5.095350E-01  2.137038E+00
     33517 -3.625818E+00 -3.790096E-01  6.945590E-01
     33518 -5.306464E+00 -3.119249E-01 -1.318465E+01
     33519 -4.209132E+00 -1.055885E+00 -9.535603E+00
     33520  3.268471E+00 -1.100974E+00  5.096859E+00
     33521 -3.269939E+00 -8.782902E-01  4.678490E+00
     33522  4.073872E+00 -2.244975E+00 -6.463482E+00
     33523  4.389060E+00 -2.087296E+00 -7.439752E+00
     33524  3.327836E+00 -5.931747E+00 -9.288224E-01
     33525  2.228167E+00 -1.823752E+00  3.649462E+00
     33526  3.831650E+00 -1.833154E+00 -4.275573E+00
     33527  4.038573E+00 -1.973937E+00 -4.986337E+00
     33528  3.047320E+00 -4.042332E+00 -5.235409E-01
     33529  2.487243E+00 -1.212025E+00  3.600391E+00
     33530  2.574183E+00 -1.455541E+00  1.960678E+00
     33531  3.487776E+00 -1.302565E+00 -2.487393E+00
     33532  3.541213E+00 -1.501564E+00 -3.211196E+00
     33533  2.834024E+00 -2.391021E+00 -3.617268E-01
     33534  2.786885E+00 -9.683737E-01  1.965515E+00
     33535  2.609092E+00 -1.008626E+00  1.290087E+00
     33536  5.104755E+00 -1.386455E+00 -1.968984E-01
     33537  3.498602E+00 -1.276652E+00 -7.369611E-01
     33538  2.849499E+00 -4.423687E-01  1.547910E+00
     33539  4.269756E+00 -1.060483E+00  6.719382E-01
     33540  4.224919E+00 -1.163379E+00  4.388916E-01
     33541  3.578255E+00 -7.063417E-01  1.345918E+00
     33542  3.506881E+00 -6.080698E-01  1.101152E+00
     33543  2.915688E+00 -4.534207E-01  1.776425E+00
     33544  2.797046E+00 -3.118063E-01  1.624807E+00
     33545  2.226904E+00 -1.756758E-01  1.956305E+00
     33546  2.432570E+00 -3.527887E-01  2.020046E+00
     33547  2.082968E+00 -3.630104E-01  2.230511E+00
     33548  1.830245E+00 -1.658709E-01  2.148832E+00
     33549  1.872468E+00 -5.526519E-01  2.313141E+00
     33550  1.497512E+00 -3.096770E-01  2.279183E+00
     33551  1.663168E+00 -5.516048E-01  2.340813E+00
     33552  1.283912E+00 -3.466146E-01  2.436744E+00
     33553  1.522929E+00 -4.931288E-01  2.355806E+00
     33554  1.150549E+00 -3.485222E-01  2.425201E+00
     33555  1.326985E+00 -8.010103E-01  2.520530E+00
     33556  9.911186E-01 -4.817519E-01  2.475989E+00
     33557  1.237879E+00 -6.794534E-01  2.447626E+00
     33558  8.346558E-01 -8.014593E-01  2.629194E+00
     33559  9.437013E-01 -4.111525E-01  2.495509E+00
     33560  6.549151E-01 -3.243643E-01  2.539320E+00
     33561  7.979909E-01 -7.603105E-01  2.401425E+00
     33562  3.808913E-01 -6.115100E-01  2.428566E+00
     33563  5.886047E-01 -6.170945E-01  2.307867E+00
     33564  1.819574E-01 -5.792205E-01  2.474802E+00
     33565  4.074625E-01 -5.447116E-01  2.174755E+00
     33566  2.794467E-02 -5.003048E-01  2.284385E+00
     33567  2.582917E-01 -5.089636E-01  2.129554E+00
     33568 -6.324253E-02 -4.860804E-01  2.192633E+00
     33569 -2.885699E-01 -4.985834E-01  2.149273E+00
     33570  4.706293E-02 -4.446573E-01  2.217515E+00
     33571 -4.243169E-01 -5.141334E-01  2.228597E+00
     33572 -5.672505E-02 -4.590650E-01  2.334014E+00
     33573 -5.912213E-01 -5.229321E-01  2.337101E+00
     33574 -2.271076E-01 -4.190213E-01  2.399087E+00
     33575 -8.167617E-01 -4.092876E-01  2.440340E+00
     33576 -4.500987E-01 -4.238251E-01  2.491420E+00
     33577 -9.632582E-01 -4.003403E-01  2.626336E+00
     33578 -7.439269E-01 -3.276175E-01  2.746421E+00
     33579 -1.324105E+00 -5.949368E-01  2.545287E+00
     33580 -8.941973E-01 -4.774250E-01  2.599183E+00
     33581 -1.101911E+00 -4.114662E-01  2.547701E+00
     33582 -1.526738E+00 -5.976918E-01  2.528090E+00
     33583 -1.724586E+00 -6.103306E-01  2.452463E+00
     33584 -1.296235E+00 -4.283419E-01  2.500858E+00
     33585 -1.901472E+00 -6.240401E-01  2.372860E+00
     33586 -1.508520E+00 -3.528404E-01  2.314386E+00
     33587 -2.062768E+00 -3.161309E-01  2.265944E+00
     33588 -1.794515E+00 -1.972389E-01  2.202616E+00
     33589 -2.282672E+00 -3.711869E-01  2.083385E+00
     33590 -2.041744E+00 -2.693786E-01  2.141937E+00
     33591 -2.620765E+00 -6.777553E-01  1.937252E+00
     33592 -2.340680E+00 -4.338615E-01  1.844787E+00
     33593 -2.875169E+00 -3.663871E-01  1.444844E+00
     33594 -3.010822E+00 -5.750416E-01  1.690883E+00
     33595 -3.556630E+00 -5.464299E-01  9.023018E-01
     33596 -3.593604E+00 -6.119029E-01  1.204685E+00
     33597 -3.951055E+00 -7.659390E-01  7.004615E-01
     33598 -4.284756E+00 -9.254556E-01  6.037912E-01
     33599 -3.688408E+00 -1.624811E+00 -9.369732E-01
     33600 -5.074358E+00 -1.407388E+00 -1.979891E-01
     33601 -3.404838E+00 -1.304686E+00 -2.912415E+00
     33602 -3.227200E+00 -1.169661E+00 -2.355241E+00
     33603 -2.557118E+00 -5.366030E-01  1.290432E+00
     33604 -3.852755E+00 -1.768362E+00 -4.551780E+00
     33605 -3.672570E+00 -1.655693E+00 -3.916323E+00
     33606 -2.701595E+00 -2.161305E+00 -3.838617E-01
     33607 -2.707064E+00 -8.474366E-01  1.765306E+00
     33608 -2.449096E+00 -8.726991E-01  1.177597E+00
     33609 -4.113960E+00 -1.735981E+00 -6.637635E+00
     33610 -3.844559E+00 -2.078909E+00 -5.925454E+00
     33611 -2.929724E+00 -3.641847E+00 -5.521214E-01
     33612 -2.492245E+00 -1.077800E+00  3.191585E+00
     33613 -2.504752E+00 -1.332559E+00  1.774008E+00
     33614 -2.586514E+00 -3.905796E+00 -1.844410E+00
     33615 -2.103961E+00 -1.486469E+00  3.509782E+00
     34260  3.257170E-01 -2.951226E-01  2.936196E-01
     34261 -1.583548E-01  7.981315E-01  5.051121E-01
     34262  1.742768E+00  1.337684E+00 -1.127556E+00
     34263  7.111402E-01  2.052985E-01 -7.894427E-01
     34264  1.511117E+00  1.853334E+00 -1.126412E+01
     34265  6.409980E-01  9.401003E-01 -2.416232E+01
     34266  1.130890E+00  1.270575E+00 -3.951012E+00
     34267  1.023911E+00  1.120654E+00 -9.380250E+00
     34268  8.233058E-01  4.571839E-01 -8.345210E+00
     34269 -3.216415E-01  1.516878E+00 -2.956590E+01
     34270 -1.277128E+00  2.332551E+00  2.074850E+01
     34271 -2.570591E+00  2.603535E+00  7.987439E+00
     34272  4.762732E-01  2.026942E+00  4.251991E-01
     34273 -2.925964E-01  3.138616E+00 -6.010156E+00
     34274  2.322176E+00  7.769556E-01  7.532847E+00
     34275 -1.770957E+00  1.032779E+00 -1.474310E+01
     34276  3.739150E-01  4.823503E+00  6.007417E+01
     34277  5.454844E-01  5.442759E+00  5.543684E+01
     34278 -2.702555E+00  2.166625E+00  3.987294E+01
     34279  2.963147E+00  3.364369E+00  4.425146E+01
     34280 -1.351626E+00  4.773898E+00  2.823426E+01
     34281 -1.882297E+00  3.258627E+00  1.965770E+01
     34558 -3.007251E-01 -2.666382E-01  2.667173E-01
     34559  1.241845E-01  7.191336E-01  4.461057E-01
     34560 -1.596999E+00  1.229273E+00 -1.019826E+00
     34561 -7.357886E-01  1.850092E-01 -7.646701E-01
     34562 -6.021113E-01  8.323657E-01 -2.172073E+01
     34563 -1.370545E+00  1.671205E+00 -1.014224E+01
     34564 -9.512065E-01  1.020703E+00 -8.425214E+00
     34565 -1.048050E+00  1.149100E+00 -3.498235E+00
     34566 -7.689010E-01  4.228227E-01 -7.423289E+00
     34567  2.853822E-01  1.341139E+00 -2.639552E+01
     34568 -4.252568E-01  1.820795E+00  6.069958E-01
     34569  2.895235E-01  2.818779E+00 -5.266791E+00
     34570 -2.066802E+00  6.968963E-01  7.179720E+00
     34571  2.423218E+00  2.398957E+00  7.254643E+00
     34572  1.192043E+00  2.147977E+00  1.874707E+01
     34573  1.597963E+00  9.041552E-01 -1.299537E+01
     34574 -4.001357E-01  4.936139E+00  5.010042E+01
     34575 -2.762864E-01  4.375517E+00  5.471888E+01
     34576 -2.637694E+00  3.049267E+00  4.044826E+01
     34577  2.516008E+00  1.914508E+00  3.595202E+01
     34578  1.772835E+00  2.933514E+00  1.810838E+01
     34579  1.385589E+00  4.334796E+00  2.564196E+01

 total force (fx,fy,fz) for set FEET and time  0.1000000E+01

        1.951188E-10  6.704282E-10  1.200000E+03

                        S T E P       2


                                INCREMENT     1


 displacements (vx,vy,vz) for set TOP and time  0.2000000E+01

     18608 -4.551947E-02  8.945356E-01 -8.595294E-01
     18653 -2.672885E-02  1.157260E+00 -1.045000E+00
     19090 -2.780017E-03  1.266436E+00 -1.126503E+00
     22518  1.646202E-02  1.221029E+00 -1.089982E+00
     23707  3.829108E-02  8.667308E-01 -8.223895E-01

 forces (fx,fy,fz) for set FEET and time  0.2000000E+01

       199 -1.225899E+00 -2.636301E-02 -6.544117E+00
       203  1.886244E+00  2.510827E+01 -1.855637E+01
       204 -3.105029E-03  5.574961E-02 -2.186943E+00
       208  5.964228E-02  5.267509E+00  5.171335E-01
       209  1.349985E+00  5.158622E-01 -4.948813E+00
       213 -1.309618E+00  2.185150E+01 -1.267705E+01
       242  4.752542E+01  2.491523E+01  5.546444E+01
       243 -3.565483E-01  3.563014E-01  7.081785E-01
       244  1.865912E+00  2.249727E+00  4.912369E-01
       245 -4.184607E+01  1.687396E+01  4.331138E+01
       269 -1.764018E+00  2.154252E+00  4.547162E-01
       270  3.804040E+01  1.503577E+01  3.869298E+01
       273  1.971113E-01  1.861941E-01  6.738447E-01
       274 -4.368730E+01  2.329965E+01  5.171471E+01
       282  2.833610E+00  9.853633E-01  6.078361E+00
       284 -2.653327E+00  8.756892E-01  5.416347E+00
       290 -1.322620E+01  8.833302E+00 -1.225902E+01
       293 -2.145864E+01  1.503453E+01  1.825131E+01
       294  2.178638E+01  1.576915E+01  2.018147E+01
       301  1.183229E+01  7.852250E+00 -1.092156E+01
       302 -1.983460E+01  1.443577E+01  1.848034E+01
       303  1.935345E+01  1.347520E+01  1.633966E+01
      2640  7.008807E+00 -4.896244E+00 -4.878649E+01
      2656 -9.781975E-02 -4.217474E+00 -9.120641E+00
      2665  6.825456E-01  2.936554E+00 -1.566488E+00
      2666  2.858692E-01  1.673513E+00 -1.212719E+00
      2667  2.347761E-01  8.467892E-01 -5.185790E-01
      2668  7.281532E-01 -7.686781E-01 -2.122507E+00
      2669  4.122102E-01  8.481504E-02 -2.382439E+00
      2670  2.844383E-01 -9.870702E-02 -1.049369E+00
      2671  2.124508E-01 -1.209363E-01 -1.743183E+00
      2672  6.822261E-02 -4.653500E-02 -1.430612E+00
      2673  3.436245E-02 -4.831065E-02 -1.560727E+00
      2674  2.066520E-02 -1.362957E-02 -1.319946E+00
      2675  9.756023E-02 -9.982356E-02 -2.348329E+00
      2676  8.159121E-02 -3.353123E-02 -2.028364E+00
      2677  2.795841E-01  1.682319E+00 -1.695318E+00
      2678  1.608841E-02 -9.177877E-02 -2.973960E+00
      2679  2.120555E-02  1.124677E-01 -1.954051E+00
      2680 -8.206172E-02 -7.499696E-02 -2.086418E+00
      2681  1.060971E-01 -4.719904E-03 -1.658944E+00
      2682  2.272321E-02 -9.502418E-02 -2.528206E+00
      2683 -3.095835E-02 -3.193923E-02 -2.083017E+00
      2684  6.305097E-02  8.551680E-01 -2.939850E+00
      2685  1.309149E+01  1.434774E+00 -5.157552E+01
      2686  1.136430E+01 -2.985220E+00 -3.133521E+01
      2687  9.898786E+00 -2.934444E+00 -2.048943E+01
      2688  7.969292E+00 -2.453490E+00 -1.241245E+01
      2689  9.573034E+00 -1.772585E+00 -9.331882E+00
      2690  7.489637E+00 -2.508776E+00 -6.290402E+00
      2691  5.721096E+00 -1.991748E+00 -3.732323E+00
      2692  4.643846E+00 -1.645239E+00 -2.798016E+00
      2693  3.708704E+00 -1.443889E+00 -2.569470E+00
      2694  3.044522E+00 -1.452885E+00 -2.806903E+00
      2695  2.516002E+00 -2.237048E+00 -3.524555E+00
      2696  2.365019E+00 -2.225452E+00 -3.773291E+00
      2697  2.266580E+00 -1.762136E+00 -3.888744E+00
      2698  1.548210E+00 -1.848809E+00 -4.118084E+00
      2699  1.859976E+00 -2.083423E+00 -4.183588E+00
      2700  1.435350E+00 -1.207843E+00 -3.859373E+00
      2701  9.728747E-01 -3.090027E+00 -4.456862E+00
      2702  5.988949E-01 -2.335016E+00 -4.338513E+00
      2703  3.885125E-01 -2.079067E+00 -4.550681E+00
      2704  1.845366E-01 -1.743746E+00 -4.743666E+00
      2705  2.418250E-02 -1.659358E+00 -5.047084E+00
      2829  1.605326E+00  1.985788E+01 -7.030173E+00
      2830  5.939122E-01  1.314027E+01 -3.086937E+00
      2831  3.301467E-01  9.850683E+00 -4.150342E-01
      2832 -4.024479E-02  6.072577E+00 -2.614639E-01
      2833  5.699698E-02  4.587481E+00 -3.747653E-01
      2834  7.170522E-02  5.353285E+00  6.209280E-01
      2835  6.982666E-02  4.293615E+00  4.408495E-02
      2836  8.453033E-02  4.041286E+00  4.202166E-01
      2837  4.803243E-02  3.960513E+00  4.144408E-01
      2838  1.090139E-01  4.955220E+00  7.784359E-01
      2839  2.313228E-02  5.836583E+00 -1.984323E-01
      2840  2.089327E-02  5.524176E+00  3.092757E-01
      2841 -2.329208E-01  2.818487E+00 -3.171203E-01
      2842  5.950638E-01  9.736993E+00 -5.141154E-01
      2843  9.951915E-02  4.324118E+00  3.442883E-01
      2844  2.342426E-01  5.251064E+00  3.710768E-01
      2845 -1.324752E-01  7.691014E+00  8.453572E-01
      2846 -7.765104E-03  5.591730E+00 -2.223198E-01
      2847  4.421961E-03  5.365869E+00  3.095836E-01
      2848 -6.293558E-01  5.262488E+00  8.999915E-01
      2849  9.713010E+00  2.604716E+01 -5.083818E+01
      2850  7.181348E+00  1.600971E+01 -2.895879E+01
      2851  6.222721E+00  1.177279E+01 -1.761616E+01
      2852  5.182585E+00  8.311657E+00 -1.126796E+01
      2853  3.853481E+00  3.633312E+00 -7.301441E+00
      2854  3.201334E+00  4.835256E+00 -3.580601E+00
      2855  2.309358E+00  3.623813E+00 -2.653211E+00
      2856  1.630291E+00  3.267777E+00 -2.270403E+00
      2857  1.246885E+00  2.924361E+00 -2.451369E+00
      2858  1.100236E+00  3.141805E+00 -2.842118E+00
      2859  1.076765E+00  4.859300E+00 -2.749304E+00
      2860  8.433894E-01  5.051801E+00 -3.159637E+00
      2861  8.405161E-01  3.743825E+00 -3.710907E+00
      2862  9.663040E-01  2.964083E+00 -3.517554E+00
      2863  2.893569E-01  4.272516E+00 -3.411814E+00
      2864  4.631250E-01  2.950563E+00 -4.054206E+00
      2865  5.966746E-01  6.868546E+00 -2.707191E+00
      2866  1.898553E-01  4.861276E+00 -3.538746E+00
      2867  1.353320E-02  4.527545E+00 -3.917360E+00
      2868  5.691994E-02  3.959042E+00 -4.306597E+00
      2869  8.805488E-03  3.659586E+00 -4.420314E+00
      2877 -7.091694E+00 -3.980155E+00 -4.906968E+01
      2886 -1.358466E-01  8.729748E-01 -2.798030E+00
      2887 -4.508233E-02 -4.618076E-03 -1.969428E+00
      2888 -3.600509E-02 -1.428325E-03 -1.571219E+00
      2889  8.723846E-02  3.387534E-02 -1.897191E+00
      2890 -6.038660E-03 -2.004386E-01 -2.637774E+00
      2891 -9.536699E-02  7.613494E-02 -1.603133E+00
      2892 -7.375702E-02 -1.376261E-01 -2.547250E+00
      2893 -1.705404E-01 -1.945821E-02 -1.965624E+00
      2894 -1.829207E-01 -7.309410E-02 -1.986252E+00
      2895 -2.882374E-02  6.237607E-02 -1.305003E+00
      2896 -8.983675E-02  7.164251E-01 -2.682767E+00
      2897 -1.968731E-01 -5.732406E-03 -1.683293E+00
      2898 -4.124942E-02 -8.825230E-02 -1.144885E+00
      2899 -1.800969E-01 -1.213121E-01 -1.661399E+00
      2900 -3.617483E-01 -1.113608E-01 -1.457474E+00
      2901 -6.299776E-01 -9.440209E-01 -2.521524E+00
      2902 -1.620661E-01  3.916939E-01 -3.611738E-01
      2903 -4.744636E-01  8.200455E-01 -2.279869E+00
      2904 -5.766101E-01  1.661909E+00 -2.790973E+00
      2905 -2.389681E+00  5.086144E-01 -4.811651E+00
      2906 -2.067129E-03 -1.694446E+00 -5.410042E+00
      2907 -1.704890E-01 -1.968099E+00 -5.020598E+00
      2908 -3.040424E-01 -1.883798E+00 -4.590509E+00
      2909 -6.739790E-01 -2.239306E+00 -4.369333E+00
      2910 -1.276089E+00 -1.649084E+00 -4.217048E+00
      2911 -1.207477E+00 -9.541403E-01 -3.793097E+00
      2912 -1.833552E+00 -2.710314E+00 -4.057545E+00
      2913 -2.012053E+00 -2.427021E+00 -3.734438E+00
      2914 -2.388941E+00 -2.453588E+00 -3.713618E+00
      2915 -2.607662E+00 -2.593625E+00 -3.787054E+00
      2916 -3.136133E+00 -1.075965E+00 -3.245008E+00
      2917 -3.419966E+00 -1.137851E+00 -2.989557E+00
      2918 -3.822751E+00 -2.609631E+00 -3.308657E+00
      2919 -4.674607E+00 -1.762220E+00 -3.050477E+00
      2920 -5.713680E+00 -1.561152E+00 -3.675218E+00
      2921 -7.322999E+00 -1.936382E+00 -5.568740E+00
      2922 -8.949792E+00 -2.620087E+00 -8.851812E+00
      2923 -7.982438E+00 -2.050768E+00 -1.196824E+01
      2924 -9.055983E+00 -2.662941E+00 -1.757942E+01
      2925 -1.023895E+01 -2.696292E+00 -2.655839E+01
      2926 -1.194291E+01  1.868411E-01 -4.354976E+01
      3050  7.193192E-01  5.160755E+00  5.818720E-01
      3051  1.085426E-01  5.231528E+00  2.615826E-01
      3052  9.404558E-02  5.958606E+00  8.187143E-01
      3053 -4.007066E-02  4.745571E+00  3.789895E-01
      3054  1.839139E-01  5.330660E+00  5.384086E-01
      3055 -2.280375E-02  4.853764E+00  1.040472E+00
      3056 -1.448549E-01  6.853060E+00 -2.478524E-01
      3057  1.165704E-02  6.017712E+00  2.797430E-01
      3058  4.838014E-02  6.950859E+00  2.175511E-01
      3059 -8.766163E-02  4.464138E+00  9.145770E-01
      3060 -4.764071E-01  3.930748E+00  2.543833E-01
      3061  1.562312E-01  4.772013E+00  2.906819E-01
      3062 -2.718759E-01  5.894125E+00  7.073704E-01
      3063 -6.393570E-02  3.845748E+00  1.333284E-02
      3064  7.852166E-02  3.999681E+00  3.071267E-01
      3065 -9.579991E-03  4.917345E+00  1.008278E-02
      3066 -1.404454E-01  6.260918E+00  1.124081E-01
      3067 -2.776977E-01  8.490902E+00 -1.907011E+00
      3068 -1.944327E-01  1.186662E+01 -2.005155E+00
      3069 -9.759880E-01  1.773006E+01 -5.142315E+00
      3070 -1.045840E-01  3.920101E+00 -4.240756E+00
      3071 -2.078818E-01  3.949841E+00 -4.180892E+00
      3072 -1.261510E-01  4.131540E+00 -4.077504E+00
      3073 -3.728142E-01  4.865257E+00 -3.558174E+00
      3074 -4.958954E-01  3.015666E+00 -3.930539E+00
      3075 -5.322224E-01  2.935719E+00 -3.750036E+00
      3076 -3.209685E-01  5.693431E+00 -2.829544E+00
      3077 -8.989900E-01  5.111630E+00 -3.030303E+00
      3078 -9.643396E-01  5.212698E+00 -2.911591E+00
      3079 -1.422708E+00  5.393785E+00 -2.634074E+00
      3080 -1.044880E+00  2.362709E+00 -3.451363E+00
      3081 -1.094463E+00  2.453037E+00 -3.067678E+00
      3082 -1.461866E+00  5.633384E+00 -1.741610E+00
      3083 -1.791777E+00  3.493650E+00 -2.355292E+00
      3084 -2.289490E+00  2.840702E+00 -2.869183E+00
      3085 -3.004174E+00  3.647393E+00 -4.027687E+00
      3086 -3.972974E+00  5.120660E+00 -6.317939E+00
      3087 -4.795907E+00  7.129102E+00 -9.874160E+00
      3088 -6.047690E+00  1.023601E+01 -1.710706E+01
      3089 -6.900794E+00  1.435702E+01 -2.784205E+01
      3090 -9.095312E+00  2.378766E+01 -4.920772E+01
      3570  2.135287E+00 -3.339174E+00  4.890336E+00
      3571  1.467598E+01 -7.990067E-01  1.075050E+01
      3572  3.571485E+01 -2.441069E+00  1.186663E+01
      3573 -3.570081E+00  9.617008E-01 -9.461491E+00
      3574  8.933594E+00 -7.567343E+00  1.607063E+01
      3575  3.058744E+01 -1.307419E+01  5.378784E+01
      3576  7.244818E+01 -1.602935E+01  1.123146E+02
      3677 -1.893224E+00  4.843226E+00 -8.146213E+00
      3678 -7.481374E+00  4.401534E+01  2.067443E+02
      3679  9.630731E+00 -1.021473E+00 -4.516693E+00
      3680  1.532926E+00 -1.242292E+00 -3.110632E+00
      3681 -1.336376E+01 -9.422037E-02 -9.977417E-01
      3682  1.071391E+01  5.197261E+00 -2.151636E+01
      3683  5.334314E+00 -6.670454E+00 -9.307438E+00
      3684 -1.184135E+01 -1.220484E+01  2.359545E+01
      3685 -5.023576E+01 -1.849536E+01  8.672965E+01
      4181 -9.605611E+00 -4.426271E-01 -4.591513E+00
      4182 -2.126967E+00 -1.445294E+00 -2.948069E+00
      4183  1.135380E+01 -8.359162E-02 -1.857377E+00
      4184 -9.995758E+00  4.754587E+00 -2.015567E+01
      4185 -5.580711E+00 -6.141478E+00 -9.567424E+00
      4186  1.013424E+01 -1.120717E+01  2.025749E+01
      4187  4.502136E+01 -1.693739E+01  7.814402E+01
      4295  1.924393E+00  4.308224E+00 -7.250666E+00
      4296  7.664544E+00  4.028983E+01  1.891602E+02
      4297 -2.416026E+00 -3.327908E+00  5.161123E+00
      4298 -1.436276E+01 -7.347051E-01  1.071017E+01
      4299 -3.375175E+01 -1.968746E+00  1.153798E+01
      4300  3.017305E+00  7.494561E-01 -7.843229E+00
      4301 -8.961682E+00 -7.041749E+00  1.620450E+01
      4302 -2.895258E+01 -1.205906E+01  5.090429E+01
      4303 -6.733612E+01 -1.479597E+01  1.043809E+02
      4724  5.115126E+00  1.954861E+00 -1.723070E+01
      4727 -4.822925E+00  1.791286E+00 -1.557680E+01
      4729 -1.087417E+00  8.883998E+00  8.402783E+00
      4730  3.797874E-01  4.983982E+00  3.577307E+00
      4731  1.053337E+00  2.836530E+00  2.102454E+00
      4732  1.398318E-01  1.888747E+00  2.976977E+00
      4733  9.559048E-01  1.213582E+00  2.384101E+00
      4734 -3.960379E-02  9.455098E-01  2.039668E+00
      4735  1.599896E-02  1.026154E+00  2.137654E+00
      4736  1.701671E-02  1.127287E+00  2.325047E+00
      4737  4.796094E-02  1.280080E+00  2.619485E+00
      4738  1.096499E-02  1.400835E+00  2.887413E+00
      4739 -2.043527E-03  1.530089E+00  3.153292E+00
      4740 -2.329596E-02  1.543889E+00  3.159650E+00
      4741 -1.678431E-02  1.692981E+00  3.295922E+00
      4742  1.659626E-02  1.651554E+00  3.351192E+00
      4743 -4.369824E-03  1.622533E+00  3.273222E+00
      4744 -1.245549E-02  1.610075E+00  3.349892E+00
      4745 -8.373174E-03  1.586236E+00  3.262818E+00
      4746  3.092240E-03  1.560325E+00  3.277334E+00
      4747  2.045317E-02  1.593675E+00  3.346201E+00
      4748 -3.620225E-03  1.657502E+00  3.419087E+00
      4749  5.734873E-03  1.655500E+00  3.432096E+00
      4750 -9.233599E-03  1.581399E+00  3.346683E+00
      4751 -3.375371E-03  1.590419E+00  3.344177E+00
      4752  1.551372E-03  1.585811E+00  3.350288E+00
      4753 -6.801713E-03  1.561226E+00  3.239333E+00
      4754 -6.819031E-03  1.730121E+00  3.441028E+00
      4755  1.144251E-02  1.598677E+00  3.302907E+00
      4756  1.775010E-02  1.556307E+00  3.175365E+00
      4757  2.104561E-02  1.524859E+00  3.117383E+00
      4758  1.856969E-02  1.478739E+00  3.049686E+00
      4759 -1.524741E-02  1.380501E+00  2.813160E+00
      4760 -1.401407E-02  1.308611E+00  2.655347E+00
      4761 -1.128621E-02  1.170255E+00  2.405707E+00
      4762 -1.801976E-02  1.025978E+00  2.089575E+00
      4763  3.614230E-02  8.750747E-01  1.904084E+00
      4764 -1.276899E-01  1.322550E+00  2.042623E+00
      4765 -9.079038E-01  1.623414E+00  2.692688E+00
      4766 -1.063135E+00  2.539171E+00  1.988640E+00
      4767 -4.313167E-01  4.510131E+00  3.311929E+00
      4768  1.272199E+00  7.459792E+00  9.125315E+00
      4769  2.555214E+00  7.378329E+00  1.683500E+01
      4770  1.543303E+00  4.137963E+00  1.109265E+01
      4771  2.325499E+00  1.940453E+00  5.797437E+00
      4772  2.561421E+00  1.247582E+00  3.787554E+00
      4773  4.448759E+00  1.032887E+00  4.439964E+00
      4774  3.946758E+00  1.255598E+00  4.721971E+00
      4775  3.262756E+00  1.644929E+00  5.298193E+00
      4776  2.652662E+00  1.981436E+00  5.951175E+00
      4777  2.222602E+00  2.233110E+00  6.545322E+00
      4778  1.853848E+00  2.472688E+00  7.248902E+00
      4779  1.655692E+00  2.600629E+00  7.785691E+00
      4780  1.389892E+00  2.679977E+00  8.052738E+00
      4781  1.292344E+00  2.602513E+00  8.103939E+00
      4782  1.064067E+00  2.380398E+00  8.376106E+00
      4783  8.869052E-01  2.779201E+00  8.436563E+00
      4784  6.320904E-01  2.742167E+00  8.362652E+00
      4785  4.712211E-01  2.637577E+00  8.347004E+00
      4786  2.855161E-01  2.655535E+00  8.116162E+00
      4787  1.773446E-01  2.630529E+00  8.029780E+00
      4788  8.320560E-02  2.674102E+00  8.086957E+00
      4789 -7.210856E-03  2.576142E+00  8.204066E+00
      4790 -1.174755E-01  2.689642E+00  8.102183E+00
      4791 -1.621532E-01  2.688279E+00  8.134109E+00
      4792 -3.117189E-01  2.730399E+00  8.271517E+00
      4793 -5.010020E-01  2.801043E+00  8.294798E+00
      4794 -5.740983E-01  2.783292E+00  8.512228E+00
      4795 -1.084638E+00  2.784811E+00  8.622769E+00
      4796 -1.234750E+00  2.758358E+00  8.385591E+00
      4797 -1.427888E+00  2.709335E+00  8.177188E+00
      4798 -1.633584E+00  2.616466E+00  7.984169E+00
      4799 -1.838004E+00  2.582368E+00  7.544506E+00
      4800 -2.071961E+00  2.386160E+00  7.053491E+00
      4801 -2.429841E+00  2.095820E+00  6.591761E+00
      4802 -2.795499E+00  1.858597E+00  5.851196E+00
      4803 -3.337396E+00  1.542703E+00  4.949408E+00
      4804 -3.967491E+00  1.162494E+00  4.294932E+00
      4805 -4.703271E+00  1.020014E+00  4.259565E+00
      4806 -2.328576E+00  1.097536E+00  3.304032E+00
      4807 -2.290490E+00  1.785892E+00  5.266677E+00
      4808 -1.673294E+00  3.734839E+00  9.882047E+00
      4809 -2.653891E+00  6.695450E+00  1.523398E+01
      5059  3.642617E-01  2.514182E+01 -5.053026E+01
      5078 -3.197693E-01  4.482349E+01  9.987556E+01
      5090 -9.488067E+00 -1.707640E+00  3.818064E+00
      5091 -3.612893E+01  2.556271E+00  6.186940E+01
      5092 -8.105873E+00  1.587516E+00  1.787419E+01
      5093  1.456259E+01 -2.327046E+00  5.168946E+00
      5094 -2.614161E+00 -1.616818E+00  4.586121E-01
      5095  3.542461E+01  2.414513E+00  6.925921E+01
      5096  9.696099E+00 -3.242919E-01  1.869407E+01
      5097 -1.502544E+01  5.034782E-01 -2.996937E+01
      5127 -3.335659E-01  2.256615E+01 -4.536623E+01
      5146  3.444475E-01  4.062709E+01  9.053524E+01
      5158 -1.353144E+01 -2.169435E+00  5.055329E+00
      5159  2.081041E+00 -1.440774E+00  7.094390E-01
      5160 -3.252762E+01  2.146582E+00  6.358994E+01
      5161 -9.176700E+00 -3.049374E-01  1.767168E+01
      5162  1.315559E+01  4.248085E-01 -2.633638E+01
      5163  8.321191E+00 -1.513158E+00  3.225268E+00
      5164  3.237705E+01  2.348998E+00  5.546360E+01
      5165  7.274721E+00  1.468264E+00  1.597246E+01
     25134  1.457385E+01  9.339468E-01 -7.282287E+01
     25135  1.467950E+01 -1.038396E+01 -5.557049E+01
     25136 -1.153391E-01 -1.830919E+00 -9.134881E+00
     25137  3.606872E-01 -5.227968E+00 -8.109965E+00
     25138  1.310774E+01 -2.818151E+00 -4.530264E+01
     25139  1.269884E+01 -7.245497E+00 -3.681216E+01
     25140  1.089020E+01 -3.183481E+00 -2.950454E+01
     25141  8.803614E+00 -4.142287E+00 -1.488338E+01
     25142  9.103760E+00 -2.629998E+00 -1.939040E+01
     25143  1.072868E+01 -5.677059E+00 -2.563345E+01
     25144  6.248222E+00 -3.565164E+00 -9.006200E+00
     25145  7.467956E+00 -9.419156E-01 -1.179848E+01
     25146  5.431748E+00 -2.490906E+00 -8.708334E+00
     25147  3.860372E+00 -3.454676E+00 -5.065039E+00
     25148  4.219664E+00 -1.988331E+00 -6.317134E+00
     25149  5.225095E+00 -3.811581E+00 -7.997680E+00
     25150  3.184059E+00 -1.947183E+00 -5.604853E+00
     25151  2.510743E+00 -1.784144E+00 -5.580069E+00
     25152  3.036895E+00 -3.478965E+00 -5.412300E+00
     25153  2.027741E+00 -1.801769E+00 -6.050123E+00
     25154  2.398280E+00 -3.515057E+00 -5.665297E+00
     25155  1.780549E+00 -2.558288E+00 -7.164395E+00
     25156  1.810137E+00 -4.360714E+00 -6.325200E+00
     25157  1.882652E+00 -4.111105E+00 -7.363496E+00
     25158  1.607514E+00 -2.627591E+00 -7.653944E+00
     25159  1.785432E+00 -4.408453E+00 -7.565533E+00
     25160  1.628481E+00 -1.897243E+00 -7.478400E+00
     25161  1.011964E+00 -1.971321E+00 -7.375412E+00
     25162  1.301156E+00 -4.363650E+00 -7.306208E+00
     25163  1.478576E+00 -3.567694E+00 -7.121073E+00
     25164  1.246998E+00 -2.740562E+00 -8.059889E+00
     25165  8.692449E-01 -1.423908E+00 -7.442593E+00
     25166  1.344467E+00 -3.997009E+00 -7.624938E+00
     25167  4.451621E-01 -4.362074E+00 -7.823413E+00
     25168  6.105781E-01 -3.617650E+00 -8.881176E+00
     25169  4.949788E-01 -2.597861E+00 -8.149591E+00
     25170  3.762616E-01 -4.462961E+00 -7.157682E+00
     25171  7.854293E-01 -5.263336E+00 -9.398736E+00
     25172  1.897754E-01 -2.340475E+00 -8.395697E+00
     25173  1.110179E-01 -2.278278E+00 -8.932051E+00
     25174  1.896564E-01 -4.336234E+00 -8.334283E+00
     26058  5.397288E-02 -2.049688E+00 -9.027778E+00
     26059 -4.324563E-01 -5.189412E+00 -7.993056E+00
     26060 -1.360640E+01  1.806951E+00 -6.596960E+01
     26061 -1.396176E+01 -9.710621E+00 -4.891052E+01
     26062 -1.105325E-01 -2.120214E+00 -8.875016E+00
     26063 -2.497419E-01 -4.292616E+00 -8.388544E+00
     26064 -2.868803E-01 -2.175842E+00 -8.361792E+00
     26065 -3.955288E-01 -4.169359E+00 -7.803409E+00
     26066 -4.086414E-01 -2.644692E+00 -8.534814E+00
     26067 -4.560330E-01 -4.648629E+00 -9.298950E+00
     26068 -6.546641E-01 -4.002518E+00 -6.799517E+00
     26069 -7.759133E-01 -1.751568E+00 -7.919596E+00
     26070 -1.171438E+00 -1.260987E+00 -7.438997E+00
     26071 -1.350328E+00 -4.827449E+00 -6.809917E+00
     26072 -1.221415E+00 -3.042643E+00 -8.352261E+00
     26073 -1.666488E+00 -4.320989E+00 -8.659152E+00
     26074 -1.488388E+00 -2.681096E+00 -7.608264E+00
     26075 -1.750952E+00 -2.762245E+00 -7.539037E+00
     26076 -1.755185E+00 -4.688963E+00 -7.457604E+00
     26077 -1.846860E+00 -2.784093E+00 -7.685702E+00
     26078 -2.020708E+00 -4.798529E+00 -7.474323E+00
     26079 -2.108165E+00 -1.317092E+00 -6.552030E+00
     26080 -1.909986E+00 -4.136541E+00 -5.194831E+00
     26081 -1.859412E+00 -3.990621E+00 -7.843543E+00
     26082 -2.540322E+00 -1.558491E+00 -6.078871E+00
     26083 -2.952575E+00 -3.731372E+00 -6.186540E+00
     26084 -2.727375E+00 -2.927859E+00 -6.664538E+00
     26085 -3.197143E+00 -2.008497E+00 -5.730847E+00
     26086 -3.779350E+00 -3.208456E+00 -5.036546E+00
     26087 -2.974602E+00 -4.093119E+00 -6.831623E+00
     26088 -4.209487E+00 -1.557148E+00 -6.021256E+00
     26089 -5.040282E+00 -3.202721E+00 -6.689039E+00
     26090 -5.456963E+00 -1.547100E+00 -7.761618E+00
     26091 -6.403488E+00 -3.602986E+00 -9.220782E+00
     26092 -7.022454E+00 -1.950768E+00 -1.137129E+01
     26093 -8.576137E+00 -2.340425E+00 -1.738230E+01
     26094 -9.835188E+00 -5.216153E+00 -1.985565E+01
     26095 -8.260485E+00 -4.093638E+00 -1.513733E+01
     26096 -1.049715E+01 -2.412778E+00 -2.695243E+01
     26097 -1.193933E+01 -6.713153E+00 -3.253800E+01
     26098 -1.235439E+01 -2.254338E+00 -4.124543E+01
     28505 -2.912793E+00  9.169006E+00  2.552159E+00
     28506  1.666621E-01 -1.048815E-01 -6.145704E-02
     28507  1.663800E+00 -1.919258E-01 -4.053622E-01
     28508  1.804212E+00  9.007064E-01 -1.175612E-01
     28509 -7.854056E+00 -5.014967E+01  1.752558E+02
     28510 -6.718743E+00 -5.121945E+01  1.595184E+02
     28511  8.247927E-01 -3.005232E+01  1.310593E+02
     28512 -1.771017E+00  5.504898E+00 -2.543053E+01
     28513 -4.569855E+00  2.503890E+00 -1.343450E+01
     28514 -2.566535E+00 -1.025221E+00 -1.456519E+01
     28515 -3.324196E-01  2.517930E+00 -2.840705E+01
     28516 -1.628561E+01 -3.314592E+01  1.190873E+02
     28517 -2.251620E+00 -1.112751E+01  5.732538E+00
     28518 -2.817831E+00 -1.573214E+01  2.453865E+01
     28519 -8.742287E+00 -5.327466E+00 -1.450804E+01
     28520 -6.461298E+00 -1.040704E+01 -1.418156E+01
     28521  1.434433E+00 -2.032522E+01  5.789832E+01
     28522 -6.788604E+00 -2.255835E+01  8.027857E+01
     28523 -1.119821E+01 -1.398885E+01  2.465896E+01
     28524 -2.521262E+00 -1.230667E+01  2.832662E+00
     28525 -9.038803E+00 -2.248753E+01  3.272892E+01
     28526 -7.955990E+00 -2.003535E+01  9.643304E+01
     28527 -8.159662E+00 -2.370861E+01  6.389869E+01
     31241 -1.766447E-01 -9.152405E-02 -3.512690E-02
     31242 -1.683526E+00 -1.116389E-01 -3.452300E-01
     31243  2.284795E+00  8.368078E+00  2.399801E+00
     31244 -1.846842E+00  8.186137E-01 -1.005889E-01
     31245  4.442950E+00  2.075566E+00 -1.148332E+01
     31246  2.015527E+00  4.956841E+00 -2.332942E+01
     31247  4.406427E-01  2.293307E+00 -2.611052E+01
     31248  6.983411E+00 -4.658540E+01  1.454313E+02
     31249  7.984075E+00 -4.609594E+01  1.615838E+02
     31250  1.537715E+01 -3.066088E+01  1.081031E+02
     31251  2.371244E+00 -1.157499E+00 -1.265890E+01
     31252 -2.959153E-01 -2.764492E+01  1.211509E+02
     31253  6.539560E+00 -9.875982E+00 -1.378953E+01
     31254  2.792091E+00 -1.076569E+01  1.428358E+00
     31255  8.758206E+00 -5.049885E+00 -1.355377E+01
     31256  2.397714E+00 -1.041846E+01  6.641275E+00
     31257  8.687194E+00 -2.082475E+01  2.906565E+01
     31258  7.804469E+00 -2.160941E+01  5.757093E+01
     31259  1.149801E+01 -1.294700E+01  2.252474E+01
     31260  2.931624E+00 -1.458976E+01  2.374122E+01
     31261 -8.398755E-01 -1.865810E+01  5.438087E+01
     31262  8.333274E+00 -1.838942E+01  8.893852E+01
     31263  6.708056E+00 -2.093869E+01  7.487155E+01
     33502 -5.863589E-01  1.037352E+00 -4.079301E-02
     33503  5.812144E-01  1.008768E+00 -1.405452E-01
     33504  1.282225E-01  3.415629E-01  3.310832E-01
     33505 -2.009268E-01  3.522144E-01  4.650943E-01
     33506  1.150046E-01  1.744506E-01  3.215451E-01
     33507 -1.318129E-01  1.758594E-01  3.622614E-01
     33508 -1.157690E-01  8.578145E-02  2.404179E-01
     33509  8.397862E-02  9.257182E-02  2.458927E-01
     33510  1.136473E+01 -8.419949E-01 -2.897253E+01
     33511  7.605019E+00 -9.225390E-01  1.773945E+00
     33512  8.671901E+00 -2.405401E+00 -2.125206E+01
     33513  3.938978E-01 -1.198351E+00  4.392360E+00
     33514 -2.548687E-01 -1.075966E+00  4.258842E+00
     33515 -4.617643E-01 -1.177218E+00  4.420119E+00
     33516  1.862459E-01 -1.019070E+00  4.274075E+00
     33517 -7.251636E+00 -7.580191E-01  1.389118E+00
     33518 -1.061293E+01 -6.238497E-01 -2.636930E+01
     33519 -8.418263E+00 -2.111770E+00 -1.907121E+01
     33520  6.536941E+00 -2.201947E+00  1.019372E+01
     33521 -6.539878E+00 -1.756580E+00  9.356980E+00
     33522  8.147743E+00 -4.489950E+00 -1.292696E+01
     33523  8.778120E+00 -4.174591E+00 -1.487950E+01
     33524  6.655672E+00 -1.186349E+01 -1.857645E+00
     33525  4.456334E+00 -3.647503E+00  7.298925E+00
     33526  7.663299E+00 -3.666307E+00 -8.551146E+00
     33527  8.077146E+00 -3.947875E+00 -9.972674E+00
     33528  6.094640E+00 -8.084665E+00 -1.047082E+00
     33529  4.974486E+00 -2.424050E+00  7.200783E+00
     33530  5.148366E+00 -2.911082E+00  3.921356E+00
     33531  6.975552E+00 -2.605130E+00 -4.974787E+00
     33532  7.082426E+00 -3.003129E+00 -6.422392E+00
     33533  5.668048E+00 -4.782043E+00 -7.234537E-01
     33534  5.573769E+00 -1.936747E+00  3.931031E+00
     33535  5.218184E+00 -2.017251E+00  2.580173E+00
     33536  1.020951E+01 -2.772910E+00 -3.937968E-01
     33537  6.997204E+00 -2.553305E+00 -1.473922E+00
     33538  5.698998E+00 -8.847374E-01  3.095820E+00
     33539  8.539512E+00 -2.120967E+00  1.343876E+00
     33540  8.449838E+00 -2.326757E+00  8.777832E-01
     33541  7.156510E+00 -1.412683E+00  2.691837E+00
     33542  7.013762E+00 -1.216140E+00  2.202304E+00
     33543  5.831376E+00 -9.068413E-01  3.552850E+00
     33544  5.594091E+00 -6.236125E-01  3.249615E+00
     33545  4.453808E+00 -3.513516E-01  3.912609E+00
     33546  4.865139E+00 -7.055774E-01  4.040092E+00
     33547  4.165936E+00 -7.260208E-01  4.461021E+00
     33548  3.660489E+00 -3.317418E-01  4.297665E+00
     33549  3.744936E+00 -1.105304E+00  4.626282E+00
     33550  2.995025E+00 -6.193540E-01  4.558367E+00
     33551  3.326336E+00 -1.103210E+00  4.681626E+00
     33552  2.567824E+00 -6.932292E-01  4.873487E+00
     33553  3.045859E+00 -9.862577E-01  4.711611E+00
     33554  2.301098E+00 -6.970444E-01  4.850402E+00
     33555  2.653969E+00 -1.602021E+00  5.041060E+00
     33556  1.982237E+00 -9.635037E-01  4.951977E+00
     33557  2.475759E+00 -1.358907E+00  4.895252E+00
     33558  1.669312E+00 -1.602919E+00  5.258388E+00
     33559  1.887403E+00 -8.223050E-01  4.991019E+00
     33560  1.309830E+00 -6.487286E-01  5.078639E+00
     33561  1.595982E+00 -1.520621E+00  4.802849E+00
     33562  7.617826E-01 -1.223020E+00  4.857132E+00
     33563  1.177209E+00 -1.234189E+00  4.615734E+00
     33564  3.639149E-01 -1.158441E+00  4.949603E+00
     33565  8.149250E-01 -1.089423E+00  4.349510E+00
     33566  5.588934E-02 -1.000610E+00  4.568769E+00
     33567  5.165833E-01 -1.017927E+00  4.259109E+00
     33568 -1.264851E-01 -9.721608E-01  4.385266E+00
     33569 -5.771398E-01 -9.971668E-01  4.298546E+00
     33570  9.412586E-02 -8.893146E-01  4.435031E+00
     33571 -8.486337E-01 -1.028267E+00  4.457194E+00
     33572 -1.134501E-01 -9.181300E-01  4.668029E+00
     33573 -1.182443E+00 -1.045864E+00  4.674202E+00
     33574 -4.542152E-01 -8.380426E-01  4.798174E+00
     33575 -1.633523E+00 -8.185753E-01  4.880679E+00
     33576 -9.001973E-01 -8.476502E-01  4.982841E+00
     33577 -1.926516E+00 -8.006807E-01  5.252671E+00
     33578 -1.487854E+00 -6.552350E-01  5.492843E+00
     33579 -2.648210E+00 -1.189874E+00  5.090575E+00
     33580 -1.788395E+00 -9.548501E-01  5.198367E+00
     33581 -2.203823E+00 -8.229324E-01  5.095402E+00
     33582 -3.053475E+00 -1.195384E+00  5.056179E+00
     33583 -3.449172E+00 -1.220661E+00  4.904927E+00
     33584 -2.592469E+00 -8.566837E-01  5.001717E+00
     33585 -3.802943E+00 -1.248080E+00  4.745721E+00
     33586 -3.017040E+00 -7.056809E-01  4.628773E+00
     33587 -4.125536E+00 -6.322618E-01  4.531888E+00
     33588 -3.589029E+00 -3.944779E-01  4.405232E+00
     33589 -4.565344E+00 -7.423738E-01  4.166771E+00
     33590 -4.083489E+00 -5.387573E-01  4.283875E+00
     33591 -5.241531E+00 -1.355511E+00  3.874503E+00
     33592 -4.681360E+00 -8.677231E-01  3.689575E+00
     33593 -5.750339E+00 -7.327742E-01  2.889688E+00
     33594 -6.021644E+00 -1.150083E+00  3.381766E+00
     33595 -7.113260E+00 -1.092860E+00  1.804604E+00
     33596 -7.187208E+00 -1.223806E+00  2.409371E+00
     33597 -7.902110E+00 -1.531878E+00  1.400923E+00
     33598 -8.569513E+00 -1.850911E+00  1.207582E+00
     33599 -7.376815E+00 -3.249621E+00 -1.873946E+00
     33600 -1.014872E+01 -2.814777E+00 -3.959782E-01
     33601 -6.809677E+00 -2.609372E+00 -5.824829E+00
     33602 -6.454400E+00 -2.339322E+00 -4.710482E+00
     33603 -5.114236E+00 -1.073206E+00  2.580863E+00
     33604 -7.705511E+00 -3.536723E+00 -9.103559E+00
     33605 -7.345141E+00 -3.311385E+00 -7.832646E+00
     33606 -5.403189E+00 -4.322610E+00 -7.677234E-01
     33607 -5.414129E+00 -1.694873E+00  3.530613E+00
     33608 -4.898191E+00 -1.745398E+00  2.355194E+00
     33609 -8.227920E+00 -3.471962E+00 -1.327527E+01
     33610 -7.689118E+00 -4.157818E+00 -1.185091E+01
     33611 -5.859448E+00 -7.283693E+00 -1.104243E+00
     33612 -4.984491E+00 -2.155601E+00  6.383171E+00
     33613 -5.009504E+00 -2.665117E+00  3.548016E+00
     33614 -5.173029E+00 -7.811592E+00 -3.688819E+00
     33615 -4.207922E+00 -2.972938E+00  7.019564E+00
     34260  6.514340E-01 -5.902452E-01  5.872393E-01
     34261 -3.167097E-01  1.596263E+00  1.010224E+00
     34262  3.485535E+00  2.675369E+00 -2.255111E+00
     34263  1.422280E+00  4.105970E-01 -1.578885E+00
     34264  3.022233E+00  3.706669E+00 -2.252824E+01
     34265  1.281996E+00  1.880201E+00 -4.832463E+01
     34266  2.261781E+00  2.541151E+00 -7.902024E+00
     34267  2.047823E+00  2.241307E+00 -1.876050E+01
     34268  1.646612E+00  9.143678E-01 -1.669042E+01
     34269 -6.432829E-01  3.033755E+00 -5.913179E+01
     34270 -2.554256E+00  4.665103E+00  4.149700E+01
     34271 -5.141181E+00  5.207071E+00  1.597488E+01
     34272  9.525464E-01  4.053884E+00  8.503982E-01
     34273 -5.851928E-01  6.277233E+00 -1.202031E+01
     34274  4.644352E+00  1.553911E+00  1.506569E+01
     34275 -3.541914E+00  2.065559E+00 -2.948621E+01
     34276  7.478301E-01  9.647006E+00  1.201483E+02
     34277  1.090969E+00  1.088552E+01  1.108737E+02
     34278 -5.405109E+00  4.333250E+00  7.974589E+01
     34279  5.926294E+00  6.728738E+00  8.850291E+01
     34280 -2.703252E+00  9.547796E+00  5.646853E+01
     34281 -3.764593E+00  6.517254E+00  3.931541E+01
     34558 -6.014502E-01 -5.332764E-01  5.334346E-01
     34559  2.483690E-01  1.438267E+00  8.922114E-01
     34560 -3.193998E+00  2.458547E+00 -2.039651E+00
     34561 -1.471577E+00  3.700185E-01 -1.529340E+00
     34562 -1.204223E+00  1.664731E+00 -4.344146E+01
     34563 -2.741089E+00  3.342410E+00 -2.028449E+01
     34564 -1.902413E+00  2.041406E+00 -1.685043E+01
     34565 -2.096101E+00  2.298200E+00 -6.996471E+00
     34566 -1.537802E+00  8.456454E-01 -1.484658E+01
     34567  5.707643E-01  2.682279E+00 -5.279103E+01
     34568 -8.505137E-01  3.641591E+00  1.213992E+00
     34569  5.790470E-01  5.637558E+00 -1.053358E+01
     34570 -4.133604E+00  1.393793E+00  1.435944E+01
     34571  4.846435E+00  4.797914E+00  1.450929E+01
     34572  2.384086E+00  4.295955E+00  3.749413E+01
     34573  3.195926E+00  1.808310E+00 -2.599074E+01
     34574 -8.002714E-01  9.872278E+00  1.002008E+02
     34575 -5.525728E-01  8.751035E+00  1.094378E+02
     34576 -5.275388E+00  6.098534E+00  8.089652E+01
     34577  5.032015E+00  3.829016E+00  7.190404E+01
     34578  3.545670E+00  5.867027E+00  3.621676E+01
     34579  2.771177E+00  8.669592E+00  5.128393E+01

 total force (fx,fy,fz) for set FEET and time  0.2000000E+01

        3.909539E-10  1.341437E-09  2.400000E+03

                        S T E P       3


                                INCREMENT     1


 displacements (vx,vy,vz) for set TOP and time  0.3000000E+01

     18608 -2.878082E-02  5.803959E-01 -5.451941E-01
     18653 -1.660866E-02  7.508532E-01 -6.654957E-01
     19090 -1.128257E-03  8.213932E-01 -7.187303E-01
     22518  1.131219E-02  7.928779E-01 -6.954943E-01
     23707  2.541191E-02  5.624305E-01 -5.225365E-01

 forces (fx,fy,fz) for set FEET and time  0.3000000E+01

       199 -4.679863E-01 -4.429861E-02 -2.631014E+00
       203  7.165897E-01  1.049519E+01 -6.493099E+00
       204 -2.692407E-03  1.509533E-02 -7.789207E-01
       208  2.122741E-02  1.835288E+00  5.296460E-02
       209  5.207060E-01  8.449759E-02 -1.895493E+00
       213 -5.502451E-01  9.204292E+00 -4.298676E+00
       242  2.943882E+01  1.554029E+01  3.438246E+01
       243 -1.632922E-02  5.522669E-02  5.587087E-01
       244  9.997732E-01  1.280521E+00  4.245441E-01
       245 -2.575140E+01  1.030828E+01  2.640716E+01
       269 -9.606778E-01  1.241929E+00  3.884766E-01
       270  2.343370E+01  9.175055E+00  2.358527E+01
       273 -6.395774E-02 -3.744663E-02  5.250974E-01
       274 -2.712057E+01  1.458162E+01  3.215447E+01
       282  9.961974E-01 -8.529946E-02  1.365118E+00
       284 -9.473770E-01 -8.135875E-02  1.208969E+00
       290 -5.472778E+00  3.792132E+00 -4.786871E+00
       293 -7.806955E+00  5.853538E+00  6.356493E+00
       294  7.108649E+00  5.146593E+00  5.829946E+00
       301  4.901445E+00  3.372346E+00 -4.260958E+00
       302 -6.526096E+00  4.757166E+00  5.396698E+00
       303  7.080419E+00  5.275948E+00  5.722356E+00
      2640  2.364295E+00 -2.632301E+00 -2.229107E+01
      2656 -2.421293E-02 -1.357042E+00 -3.648540E+00
      2665  4.265196E-02  1.430670E+00 -1.160829E+00
      2666  1.527316E-01  1.008758E+00 -6.521667E-01
      2667  1.087852E-01  5.740672E-01 -1.799659E-01
      2668  3.032983E-01 -1.670925E-01 -6.705492E-01
      2669  2.365320E-01  1.282909E-01 -7.065090E-01
      2670  1.100555E-01 -5.830644E-02 -1.662367E-01
      2671  9.532656E-02 -5.267361E-02 -3.415151E-01
      2672  2.237651E-02 -3.668301E-02 -3.111166E-01
      2673  1.089476E-02 -2.837025E-02 -4.049405E-01
      2674  1.046369E-02 -1.523310E-02 -3.749548E-01
      2675  3.633140E-02 -3.360495E-02 -7.247816E-01
      2676  3.856935E-02 -1.454443E-02 -6.651242E-01
      2677  1.025829E-01  4.961134E-01 -5.529699E-01
      2678  2.292352E-02 -2.889930E-02 -9.742280E-01
      2679  2.132471E-02  2.968187E-02 -6.555782E-01
      2680 -1.992038E-02 -2.707696E-02 -6.949641E-01
      2681  3.381094E-02 -8.825210E-03 -5.520998E-01
      2682  3.597720E-03 -3.141571E-02 -8.652075E-01
      2683 -1.710541E-02 -1.313397E-02 -7.325463E-01
      2684  1.100275E-02  2.405883E-01 -9.929127E-01
      2685  5.193565E+00 -6.204699E-01 -2.424606E+01
      2686  5.437060E+00 -1.561197E+00 -1.663323E+01
      2687  5.351214E+00 -1.308348E+00 -1.139786E+01
      2688  4.584453E+00 -1.010139E+00 -6.710450E+00
      2689  5.515661E+00 -9.151632E-01 -5.036350E+00
      2690  4.276958E+00 -8.462941E-01 -2.961521E+00
      2691  3.205536E+00 -5.855011E-01 -1.436501E+00
      2692  2.519086E+00 -4.529286E-01 -8.818666E-01
      2693  1.967080E+00 -4.009723E-01 -7.742524E-01
      2694  1.595547E+00 -4.160776E-01 -9.447538E-01
      2695  1.329550E+00 -6.548781E-01 -1.324181E+00
      2696  1.242113E+00 -6.817454E-01 -1.513561E+00
      2697  1.187535E+00 -5.636343E-01 -1.627187E+00
      2698  9.248269E-01 -6.011855E-01 -1.728972E+00
      2699  9.644693E-01 -6.790251E-01 -1.736264E+00
      2700  7.591158E-01 -4.182716E-01 -1.639994E+00
      2701  5.159845E-01 -1.003887E+00 -1.853046E+00
      2702  2.971367E-01 -7.793547E-01 -1.900989E+00
      2703  1.728081E-01 -7.131448E-01 -2.064750E+00
      2704  7.271720E-02 -6.179057E-01 -2.234106E+00
      2705  2.015618E-02 -5.996870E-01 -2.401058E+00
      2829  3.310506E-01  8.973636E+00 -3.231615E+00
      2830  2.141304E-01  6.039221E+00 -1.878491E+00
      2831  1.344510E-01  3.874582E+00 -4.906651E-01
      2832  6.085281E-03  2.334916E+00 -2.528294E-01
      2833  2.782128E-02  1.417637E+00 -2.113273E-01
      2834  6.367384E-02  1.240228E+00  1.432224E-01
      2835  3.403667E-02  9.985443E-01  6.638599E-02
      2836  3.226114E-02  9.820694E-01  1.331569E-01
      2837  1.008926E-02  1.052371E+00  1.206254E-01
      2838  3.115920E-02  1.417852E+00  2.005718E-01
      2839  1.327811E-02  1.763513E+00 -1.075983E-01
      2840  1.262613E-02  1.747135E+00  4.254461E-02
      2841 -7.082870E-02  9.708030E-01 -1.434887E-01
      2842  2.169430E-01  3.059595E+00 -2.204501E-01
      2843  2.938414E-02  1.447581E+00  6.107164E-02
      2844  7.207744E-02  1.731158E+00  6.761635E-02
      2845 -3.468875E-02  2.485610E+00  2.306267E-01
      2846 -5.181547E-03  1.877219E+00 -1.438807E-01
      2847  2.248136E-03  1.828603E+00  2.357745E-02
      2848 -1.940993E-01  1.841499E+00  1.677224E-01
      2849  3.538435E+00  1.172928E+01 -2.228749E+01
      2850  3.471472E+00  8.102164E+00 -1.500746E+01
      2851  3.411274E+00  5.708710E+00 -9.756873E+00
      2852  3.062562E+00  3.489032E+00 -6.233598E+00
      2853  2.223429E+00  1.506110E+00 -3.458775E+00
      2854  1.762115E+00  1.346909E+00 -1.496588E+00
      2855  1.299170E+00  8.476590E-01 -8.104916E-01
      2856  9.048663E-01  7.667168E-01 -5.354349E-01
      2857  6.769273E-01  7.417830E-01 -6.299347E-01
      2858  5.662905E-01  8.913797E-01 -8.688482E-01
      2859  5.450380E-01  1.457671E+00 -9.678207E-01
      2860  4.611241E-01  1.619132E+00 -1.219453E+00
      2861  4.453332E-01  1.273016E+00 -1.439955E+00
      2862  4.682041E-01  1.055676E+00 -1.393442E+00
      2863  2.450724E-01  1.459959E+00 -1.358520E+00
      2864  2.577058E-01  1.042460E+00 -1.549922E+00
      2865  2.686303E-01  2.263717E+00 -1.162066E+00
      2866  1.057041E-01  1.671228E+00 -1.454707E+00
      2867  1.586995E-02  1.599723E+00 -1.654591E+00
      2868  1.510499E-02  1.453885E+00 -1.850884E+00
      2869  4.168566E-03  1.392690E+00 -1.933244E+00
      2877 -2.430241E+00 -2.143456E+00 -2.226664E+01
      2886 -3.641959E-02  2.438842E-01 -9.506559E-01
      2887 -9.987645E-03 -5.518180E-03 -6.981458E-01
      2888 -6.925451E-03 -6.201396E-03 -5.480791E-01
      2889  3.117728E-02  7.118980E-03 -6.626898E-01
      2890 -1.088714E-02 -6.486122E-02 -8.986968E-01
      2891 -4.228212E-02  2.099526E-02 -5.405334E-01
      2892 -4.033960E-02 -4.641815E-02 -8.611229E-01
      2893 -7.447889E-02 -1.002352E-02 -6.553283E-01
      2894 -7.626700E-02 -2.798772E-02 -6.458195E-01
      2895 -2.498912E-02  1.267798E-02 -4.192930E-01
      2896 -5.242782E-02  1.898623E-01 -7.940824E-01
      2897 -7.526925E-02 -1.563143E-02 -4.479621E-01
      2898 -1.969220E-02 -4.923393E-02 -2.688458E-01
      2899 -8.985959E-02 -5.032195E-02 -3.683535E-01
      2900 -1.487243E-01 -3.935203E-02 -3.247072E-01
      2901 -2.656654E-01 -2.444483E-01 -7.369750E-01
      2902 -6.207059E-02  2.677222E-01 -4.646536E-02
      2903 -2.320367E-01  5.613668E-01 -9.874794E-01
      2904 -1.988285E-01  9.727088E-01 -1.404900E+00
      2905 -5.327926E-01  3.310911E-01 -2.040925E+00
      2906  1.605100E-02 -6.075179E-01 -2.514117E+00
      2907 -3.742539E-02 -6.863964E-01 -2.344472E+00
      2908 -1.097898E-01 -6.602124E-01 -2.110540E+00
      2909 -3.007830E-01 -7.689151E-01 -1.918337E+00
      2910 -5.811920E-01 -5.681857E-01 -1.775741E+00
      2911 -6.489710E-01 -3.407202E-01 -1.585928E+00
      2912 -9.511730E-01 -8.971718E-01 -1.631673E+00
      2913 -1.087529E+00 -7.985876E-01 -1.515336E+00
      2914 -1.283241E+00 -7.933967E-01 -1.496345E+00
      2915 -1.420956E+00 -8.141585E-01 -1.494365E+00
      2916 -1.664256E+00 -3.430209E-01 -1.271178E+00
      2917 -1.819593E+00 -3.513001E-01 -1.146369E+00
      2918 -2.063970E+00 -7.306107E-01 -1.167341E+00
      2919 -2.571390E+00 -5.042432E-01 -1.124799E+00
      2920 -3.202003E+00 -5.062225E-01 -1.547467E+00
      2921 -4.171602E+00 -7.135367E-01 -2.702171E+00
      2922 -5.162671E+00 -1.109422E+00 -4.763072E+00
      2923 -4.518819E+00 -8.598380E-01 -6.578957E+00
      2924 -4.983326E+00 -1.224927E+00 -9.810889E+00
      2925 -5.111074E+00 -1.434353E+00 -1.435201E+01
      2926 -4.906583E+00 -1.008421E+00 -2.098279E+01
      3050  2.280675E-01  1.823627E+00  7.333206E-02
      3051  3.999892E-02  1.813517E+00  2.923877E-04
      3052  2.948744E-02  2.024796E+00  2.170578E-01
      3053 -1.184429E-02  1.633208E+00  7.243861E-02
      3054  6.213303E-02  1.810248E+00  1.160489E-01
      3055 -5.658495E-03  1.645166E+00  3.087809E-01
      3056 -5.322491E-02  2.275053E+00 -1.239673E-01
      3057  1.295071E-03  1.986746E+00  5.235230E-02
      3058 -2.868713E-04  2.225879E+00  3.410377E-02
      3059 -1.887926E-02  1.416470E+00  2.446676E-01
      3060 -9.217657E-02  1.196558E+00  3.147577E-02
      3061  3.606101E-02  1.344814E+00  6.769049E-02
      3062 -1.027598E-01  1.528174E+00  1.794259E-01
      3063 -2.252359E-02  9.648700E-01  2.567054E-02
      3064  2.986407E-02  1.051899E+00  8.778892E-02
      3065 -2.884321E-02  1.451315E+00 -3.184102E-02
      3066 -6.285907E-02  2.195186E+00 -1.519217E-01
      3067 -1.496599E-01  3.662326E+00 -1.152972E+00
      3068 -8.343562E-02  5.524297E+00 -1.308479E+00
      3069 -1.810583E-01  8.124650E+00 -2.406406E+00
      3070 -2.707786E-02  1.477903E+00 -1.885820E+00
      3071 -5.487916E-02  1.471175E+00 -1.824770E+00
      3072 -4.387613E-02  1.505339E+00 -1.717077E+00
      3073 -1.428483E-01  1.712223E+00 -1.491732E+00
      3074 -2.146567E-01  1.086226E+00 -1.547822E+00
      3075 -2.694082E-01  1.040604E+00 -1.449844E+00
      3076 -2.516507E-01  1.938008E+00 -1.138959E+00
      3077 -4.734203E-01  1.736673E+00 -1.187878E+00
      3078 -5.243427E-01  1.744428E+00 -1.138336E+00
      3079 -6.925943E-01  1.746907E+00 -1.033461E+00
      3080 -5.660715E-01  7.864702E-01 -1.224740E+00
      3081 -6.203136E-01  7.680460E-01 -1.016688E+00
      3082 -8.205727E-01  1.530851E+00 -5.670968E-01
      3083 -9.639711E-01  8.987431E-01 -7.023988E-01
      3084 -1.270370E+00  7.525863E-01 -9.538917E-01
      3085 -1.723503E+00  1.091797E+00 -1.672369E+00
      3086 -2.294349E+00  1.854923E+00 -3.156613E+00
      3087 -2.753016E+00  3.177098E+00 -5.330276E+00
      3088 -3.298236E+00  5.077281E+00 -9.447536E+00
      3089 -3.328178E+00  7.217090E+00 -1.433601E+01
      3090 -3.314165E+00  1.059758E+01 -2.139989E+01
      3570  1.961085E+00 -2.081618E+00  3.389305E+00
      3571  9.744085E+00 -4.930234E-01  7.081359E+00
      3572  2.272537E+01 -1.501562E+00  7.621923E+00
      3573 -1.441614E+00  9.122041E-02 -4.363400E+00
      3574  6.356404E+00 -5.042023E+00  1.152961E+01
      3575  1.970311E+01 -8.342265E+00  3.467704E+01
      3576  4.539096E+01 -1.002340E+01  7.038059E+01
      3677 -1.228468E+00  2.207574E+00 -3.778266E+00
      3678 -4.832817E+00  2.702255E+01  1.276501E+02
      3679  5.623970E+00 -5.522999E-01 -2.703128E+00
      3680  7.755010E-01 -7.377796E-01 -1.941459E+00
      3681 -8.261042E+00 -4.994475E-02 -7.737491E-01
      3682  6.059859E+00  2.830498E+00 -1.212258E+01
      3683  2.776139E+00 -4.445972E+00 -4.837991E+00
      3684 -7.581244E+00 -7.765190E+00  1.509105E+01
      3685 -3.104693E+01 -1.157625E+01  5.365954E+01
      4181 -5.692763E+00 -1.948481E-01 -2.785428E+00
      4182 -1.227041E+00 -8.649672E-01 -1.871956E+00
      4183  6.968107E+00 -4.415915E-02 -1.350200E+00
      4184 -5.709346E+00  2.618175E+00 -1.146956E+01
      4185 -3.039801E+00 -4.085464E+00 -5.190406E+00
      4186  6.451918E+00 -7.135221E+00  1.289331E+01
      4187  2.781595E+01 -1.061918E+01  4.833691E+01
      4295  1.255256E+00  1.968857E+00 -3.371849E+00
      4296  4.978228E+00  2.478282E+01  1.169882E+02
      4297 -2.088072E+00 -2.079038E+00  3.555860E+00
      4298 -9.545513E+00 -4.548177E-01  7.074405E+00
      4299 -2.154286E+01 -1.213953E+00  7.435973E+00
      4300  1.170391E+00  2.960730E-03 -3.500250E+00
      4301 -6.335144E+00 -4.688893E+00  1.153093E+01
      4302 -1.869097E+01 -7.700475E+00  3.288727E+01
      4303 -4.229412E+01 -9.263260E+00  6.557064E+01
      4724  2.440142E+00 -1.088267E+00 -9.798680E+00
      4727 -2.319218E+00 -9.653413E-01 -8.866437E+00
      4729  3.501121E-02  3.936225E+00  2.811113E+00
      4730  2.248620E-01  2.416946E+00  1.263546E+00
      4731  4.848525E-01  1.252426E+00  5.543002E-01
      4732  2.603106E-03  3.775419E-01  7.695632E-01
      4733  4.528049E-01  2.053868E-01  4.036784E-01
      4734 -1.171008E-02  7.693469E-02  2.425156E-01
      4735  1.335058E-02  1.404576E-01  3.239177E-01
      4736  1.827002E-02  2.193567E-01  4.685310E-01
      4737  2.347536E-02  3.138963E-01  6.551615E-01
      4738  8.406344E-03  3.872512E-01  8.159608E-01
      4739  1.964787E-03  4.575293E-01  9.673416E-01
      4740 -1.127479E-02  4.781389E-01  1.006783E+00
      4741 -1.068765E-02  5.307172E-01  1.064398E+00
      4742 -1.149130E-03  5.197752E-01  1.083225E+00
      4743 -6.334578E-03  5.115986E-01  1.058800E+00
      4744 -6.558556E-03  5.090761E-01  1.083335E+00
      4745 -2.977890E-03  5.048910E-01  1.064626E+00
      4746  2.157341E-03  5.027857E-01  1.084323E+00
      4747  7.756638E-03  5.188239E-01  1.121950E+00
      4748 -3.436910E-04  5.426047E-01  1.156994E+00
      4749  2.084164E-03  5.440686E-01  1.165177E+00
      4750 -3.258369E-03  5.218613E-01  1.136757E+00
      4751 -1.361847E-03  5.227996E-01  1.128137E+00
      4752  1.322316E-03  5.193062E-01  1.122151E+00
      4753  2.800236E-04  5.100742E-01  1.082532E+00
      4754  1.362165E-03  5.625617E-01  1.144342E+00
      4755  7.567261E-03  5.201339E-01  1.098464E+00
      4756  9.576866E-03  5.028265E-01  1.050394E+00
      4757  8.996028E-03  4.831596E-01  1.013082E+00
      4758  7.069642E-03  4.544928E-01  9.604951E-01
      4759 -7.964220E-03  3.987933E-01  8.351039E-01
      4760 -8.988716E-03  3.411777E-01  7.135114E-01
      4761 -1.345058E-02  2.553160E-01  5.484643E-01
      4762 -1.108214E-02  1.673896E-01  3.687121E-01
      4763  1.007319E-02  8.683834E-02  2.580734E-01
      4764 -6.067566E-02  1.346706E-01  3.060127E-01
      4765 -3.818709E-01  5.141769E-01  6.847938E-01
      4766 -4.901525E-01  1.128487E+00  5.244404E-01
      4767 -2.557755E-01  2.188639E+00  1.171122E+00
      4768  1.909461E-01  2.903204E+00  3.370709E+00
      4769  1.891147E+00  1.277013E+00  3.649896E+00
      4770  1.122292E+00  1.184213E+00  3.721043E+00
      4771  1.349442E+00  3.710391E-01  1.667789E+00
      4772  1.446284E+00 -1.202662E-02  5.378742E-01
      4773  2.617142E+00 -4.176446E-01 -1.001927E-01
      4774  2.270447E+00 -2.175149E-01  9.670306E-02
      4775  1.851734E+00  5.714501E-02  5.469401E-01
      4776  1.486764E+00  2.830654E-01  1.012042E+00
      4777  1.222463E+00  4.605839E-01  1.439760E+00
      4778  1.015184E+00  6.017174E-01  1.837807E+00
      4779  8.964025E-01  6.895456E-01  2.142390E+00
      4780  7.705163E-01  7.509372E-01  2.333868E+00
      4781  7.046248E-01  7.421396E-01  2.402261E+00
      4782  5.961281E-01  6.847703E-01  2.508517E+00
      4783  4.958090E-01  8.058847E-01  2.533660E+00
      4784  3.629654E-01  7.903640E-01  2.507339E+00
      4785  2.581048E-01  7.492614E-01  2.490329E+00
      4786  1.538728E-01  7.438097E-01  2.407799E+00
      4787  8.744520E-02  7.256201E-01  2.372401E+00
      4788  4.112144E-02  7.328160E-01  2.387399E+00
      4789  7.598043E-03  7.012023E-01  2.424923E+00
      4790 -3.006521E-02  7.450550E-01  2.414063E+00
      4791 -6.022998E-02  7.598814E-01  2.450550E+00
      4792 -1.383387E-01  7.925969E-01  2.527207E+00
      4793 -2.443023E-01  8.362273E-01  2.569253E+00
      4794 -3.251913E-01  8.483944E-01  2.666472E+00
      4795 -5.482885E-01  8.587163E-01  2.719346E+00
      4796 -6.571523E-01  8.504454E-01  2.641251E+00
      4797 -7.773031E-01  8.243229E-01  2.542612E+00
      4798 -8.956537E-01  7.706650E-01  2.414148E+00
      4799 -1.016239E+00  7.218428E-01  2.176831E+00
      4800 -1.150719E+00  6.042735E-01  1.870065E+00
      4801 -1.338012E+00  4.468430E-01  1.531721E+00
      4802 -1.562878E+00  2.709013E-01  1.068702E+00
      4803 -1.882485E+00  5.493207E-02  5.481728E-01
      4804 -2.263982E+00 -2.041627E-01  1.034623E-01
      4805 -2.660294E+00 -3.597578E-01 -2.729415E-02
      4806 -1.341313E+00 -3.291859E-02  4.465731E-01
      4807 -1.320942E+00  3.418789E-01  1.515766E+00
      4808 -1.154507E+00  1.073099E+00  3.324165E+00
      4809 -1.886334E+00  1.201337E+00  3.307272E+00
      5059 -1.125677E-01  9.927380E+00 -2.040712E+01
      5078 -1.363653E-01  1.449793E+01  3.327259E+01
      5090 -3.856119E+00 -8.629200E-01  1.912066E+00
      5091 -1.410170E+01 -6.430483E-01  2.417216E+01
      5092 -2.528818E+00 -9.824171E-01  5.743007E+00
      5093  4.332183E+00 -5.791942E-01  9.650264E-01
      5094 -2.279811E+00 -4.675324E-01 -4.851185E-01
      5095  1.134800E+01 -1.949937E-01  2.239421E+01
      5096  2.094494E+00 -1.470579E+00  3.988754E+00
      5097 -7.564567E+00 -6.028933E-01 -1.484427E+01
      5127  9.024690E-02  8.932831E+00 -1.836783E+01
      5146  1.560347E-01  1.323911E+01  3.037280E+01
      5158 -4.105997E+00 -5.470797E-01  1.047714E+00
      5159  1.923283E+00 -4.226296E-01 -2.844032E-01
      5160 -1.053404E+01 -1.735951E-01  2.078530E+01
      5161 -2.123935E+00 -1.328780E+00  4.014734E+00
      5162  6.634297E+00 -5.476199E-01 -1.306360E+01
      5163  3.404051E+00 -7.612642E-01  1.637397E+00
      5164  1.271763E+01 -5.690849E-01  2.180638E+01
      5165  2.282454E+00 -8.686662E-01  5.154287E+00
     25134  5.563084E+00 -5.023940E-01 -3.332730E+01
     25135  6.316973E+00 -4.482579E+00 -2.706663E+01
     25136 -3.465296E-02 -5.812193E-01 -3.644386E+00
     25137  1.119952E-01 -1.672269E+00 -3.299895E+00
     25138  6.237485E+00 -1.215860E+00 -2.324267E+01
     25139  6.427493E+00 -2.895527E+00 -1.926148E+01
     25140  5.936458E+00 -1.098387E+00 -1.561386E+01
     25141  4.907701E+00 -1.246700E+00 -7.197773E+00
     25142  5.155370E+00 -6.724366E-01 -9.692990E+00
     25143  5.994984E+00 -1.885948E+00 -1.315036E+01
     25144  3.691818E+00 -9.680732E-01 -3.810611E+00
     25145  4.237543E+00 -2.926727E-01 -5.434121E+00
     25146  3.120767E+00 -5.683105E-01 -3.092494E+00
     25147  2.109185E+00 -7.972304E-01 -1.362987E+00
     25148  2.345656E+00 -4.496866E-01 -1.802816E+00
     25149  2.915367E+00 -8.320917E-01 -2.505611E+00
     25150  1.729175E+00 -4.897733E-01 -1.393395E+00
     25151  1.334576E+00 -4.689213E-01 -1.456672E+00
     25152  1.618701E+00 -8.474316E-01 -1.352725E+00
     25153  1.071158E+00 -4.946815E-01 -1.785448E+00
     25154  1.261575E+00 -9.242407E-01 -1.562042E+00
     25155  9.283232E-01 -7.242546E-01 -2.315122E+00
     25156  9.363599E-01 -1.281259E+00 -2.159204E+00
     25157  1.016679E+00 -1.147310E+00 -2.270446E+00
     25158  8.485778E-01 -7.767780E-01 -2.657241E+00
     25159  9.175988E-01 -1.334684E+00 -2.681420E+00
     25160  8.409776E-01 -5.755356E-01 -2.708554E+00
     25161  6.324702E-01 -6.082642E-01 -2.721255E+00
     25162  7.251888E-01 -1.371774E+00 -2.664337E+00
     25163  8.153078E-01 -1.111292E+00 -2.653172E+00
     25164  6.592131E-01 -8.487392E-01 -2.926508E+00
     25165  4.910855E-01 -4.539994E-01 -2.743632E+00
     25166  6.817620E-01 -1.267529E+00 -2.791807E+00
     25167  3.364375E-01 -1.385419E+00 -2.867203E+00
     25168  3.331916E-01 -1.126057E+00 -3.210966E+00
     25169  2.364587E-01 -8.189447E-01 -3.064664E+00
     25170  1.699437E-01 -1.428685E+00 -2.771812E+00
     25171  3.619240E-01 -1.654235E+00 -3.431152E+00
     25172  8.404603E-02 -7.357052E-01 -3.244667E+00
     25173  3.379489E-02 -7.112300E-01 -3.511920E+00
     25174  7.086269E-02 -1.386723E+00 -3.276406E+00
     26058  1.815265E-02 -6.530731E-01 -3.626008E+00
     26059 -1.244379E-01 -1.669782E+00 -3.292708E+00
     26060 -5.206774E+00  4.106162E-02 -3.022171E+01
     26061 -6.142070E+00 -4.201156E+00 -2.414568E+01
     26062 -2.799244E-02 -6.775658E-01 -3.531047E+00
     26063 -7.492902E-02 -1.391020E+00 -3.338073E+00
     26064 -1.030937E-01 -7.033147E-01 -3.284130E+00
     26065 -2.155143E-01 -1.366499E+00 -2.957626E+00
     26066 -1.818824E-01 -8.505236E-01 -3.235631E+00
     26067 -1.740315E-01 -1.503381E+00 -3.557835E+00
     26068 -3.738944E-01 -1.320017E+00 -2.545469E+00
     26069 -3.655527E-01 -5.662681E-01 -2.958348E+00
     26070 -5.663591E-01 -4.130593E-01 -2.754175E+00
     26071 -7.358976E-01 -1.571785E+00 -2.481685E+00
     26072 -6.440515E-01 -9.839803E-01 -3.010900E+00
     26073 -7.725616E-01 -1.408944E+00 -3.141455E+00
     26074 -7.966810E-01 -8.603165E-01 -2.751771E+00
     26075 -9.301188E-01 -8.713390E-01 -2.695909E+00
     26076 -9.279181E-01 -1.507324E+00 -2.686340E+00
     26077 -1.004506E+00 -8.507200E-01 -2.672924E+00
     26078 -1.061196E+00 -1.507547E+00 -2.646220E+00
     26079 -1.137468E+00 -3.959365E-01 -2.235195E+00
     26080 -1.164518E+00 -1.203194E+00 -1.757146E+00
     26081 -1.064288E+00 -1.222856E+00 -2.695084E+00
     26082 -1.316277E+00 -4.387215E-01 -1.958582E+00
     26083 -1.500902E+00 -1.018605E+00 -1.915476E+00
     26084 -1.456670E+00 -7.748761E-01 -1.958022E+00
     26085 -1.765595E+00 -5.143396E-01 -1.638904E+00
     26086 -2.105716E+00 -7.785818E-01 -1.536257E+00
     26087 -1.662022E+00 -1.045019E+00 -1.950980E+00
     26088 -2.339918E+00 -3.743556E-01 -1.891651E+00
     26089 -2.804481E+00 -7.695351E-01 -2.298049E+00
     26090 -3.083649E+00 -3.569128E-01 -2.939328E+00
     26091 -3.632280E+00 -8.878656E-01 -3.846043E+00
     26092 -3.994751E+00 -4.639976E-01 -5.160544E+00
     26093 -4.901878E+00 -7.428870E-01 -8.838389E+00
     26094 -5.479752E+00 -1.926541E+00 -1.049491E+01
     26095 -4.730484E+00 -1.173049E+00 -7.212165E+00
     26096 -5.649017E+00 -8.265494E-01 -1.430636E+01
     26097 -6.104787E+00 -2.718491E+00 -1.711167E+01
     26098 -5.823172E+00 -9.261392E-01 -2.120198E+01
     28505 -1.755671E+00  5.600209E+00  1.542173E+00
     28506  1.078067E-01 -7.396822E-02 -6.217026E-02
     28507  1.108958E+00 -1.184581E-01 -2.837497E-01
     28508  1.161188E+00  5.473710E-01 -7.353103E-02
     28509 -5.031075E+00 -3.118678E+01  1.091710E+02
     28510 -4.394504E+00 -3.178067E+01  9.887392E+01
     28511  2.870863E-01 -1.882550E+01  8.230015E+01
     28512 -1.281857E+00  2.418066E+00 -1.364528E+01
     28513 -2.847524E+00  4.737796E-01 -5.892843E+00
     28514 -1.536288E+00 -1.622193E+00 -6.641826E+00
     28515 -3.667517E-01  6.727486E-01 -1.559188E+01
     28516 -1.025397E+01 -2.085500E+01  7.421992E+01
     28517 -1.376881E+00 -7.603349E+00  5.861703E+00
     28518 -1.706512E+00 -1.046281E+01  1.735746E+01
     28519 -5.712925E+00 -4.152533E+00 -7.102868E+00
     28520 -4.134802E+00 -7.212611E+00 -7.121242E+00
     28521  8.600586E-01 -1.306336E+01  3.777065E+01
     28522 -4.306013E+00 -1.443538E+01  5.128519E+01
     28523 -7.347492E+00 -9.275663E+00  1.676396E+01
     28524 -1.729421E+00 -8.197079E+00  3.273978E+00
     28525 -5.747824E+00 -1.446341E+01  2.140630E+01
     28526 -5.241535E+00 -1.284790E+01  6.080778E+01
     28527 -5.275101E+00 -1.509081E+01  4.053052E+01
     31241 -1.148566E-01 -6.463284E-02 -4.263858E-02
     31242 -1.124236E+00 -6.861613E-02 -2.454879E-01
     31243  1.364150E+00  5.111509E+00  1.452371E+00
     31244 -1.195708E+00  4.975008E-01 -6.259236E-02
     31245  2.789951E+00  3.217327E-01 -4.929776E+00
     31246  1.436049E+00  2.203656E+00 -1.263758E+01
     31247  4.261505E-01  6.465388E-01 -1.446375E+01
     31248  4.580647E+00 -2.893858E+01  9.023431E+01
     31249  5.143908E+00 -2.871163E+01  1.008595E+02
     31250  9.718282E+00 -1.932433E+01  6.740032E+01
     31251  1.431313E+00 -1.605821E+00 -5.698708E+00
     31252  4.928624E-02 -1.731572E+01  7.623381E+01
     31253  4.203644E+00 -6.809256E+00 -7.142559E+00
     31254  1.911536E+00 -7.177911E+00  2.171210E+00
     31255  5.750064E+00 -3.889761E+00 -6.751902E+00
     31256  1.492623E+00 -7.100428E+00  6.232634E+00
     31257  5.554262E+00 -1.339431E+01  1.896862E+01
     31258  5.063139E+00 -1.376143E+01  3.648518E+01
     31259  7.571384E+00 -8.580095E+00  1.527423E+01
     31260  1.806354E+00 -9.700778E+00  1.670802E+01
     31261 -4.709541E-01 -1.199304E+01  3.551039E+01
     31262  5.528955E+00 -1.180076E+01  5.615812E+01
     31263  4.284499E+00 -1.341059E+01  4.790863E+01
     33502 -2.844071E-01  2.959192E-01  8.070011E-02
     33503  2.856347E-01  3.042940E-01  1.773630E-02
     33504  3.719785E-02  1.343194E-01  1.675216E-01
     33505 -7.018404E-02  1.407766E-01  2.248613E-01
     33506  4.974487E-02  6.443268E-02  1.773623E-01
     33507 -5.592852E-02  6.430627E-02  1.983475E-01
     33508 -6.101902E-02  1.303471E-02  1.409853E-01
     33509  4.014041E-02  1.762620E-02  1.416650E-01
     33510  4.982775E+00 -2.254660E+00 -1.501232E+01
     33511  3.969572E+00 -1.640948E+00 -2.512738E+00
     33512  4.044819E+00 -2.259404E+00 -1.131372E+01
     33513  1.139109E-01 -6.167736E-01  8.740997E-01
     33514 -3.649792E-02 -5.762158E-01  8.394591E-01
     33515 -1.029038E-01 -6.135162E-01  8.821238E-01
     33516  4.986675E-02 -5.607919E-01  8.535532E-01
     33517 -3.797436E+00 -1.466169E+00 -2.362301E+00
     33518 -4.698266E+00 -1.965091E+00 -1.367010E+01
     33519 -3.971916E+00 -2.016421E+00 -1.016528E+01
     33520  3.787345E+00 -2.167953E+00  1.267540E+00
     33521 -3.773482E+00 -1.890050E+00  1.239145E+00
     33522  4.152888E+00 -2.442165E+00 -7.832454E+00
     33523  4.297562E+00 -2.553361E+00 -8.634136E+00
     33524  3.697975E+00 -6.600008E+00 -2.247627E+00
     33525  2.334247E+00 -2.193244E+00  1.966681E+00
     33526  4.190248E+00 -1.912231E+00 -5.540961E+00
     33527  4.369570E+00 -2.111804E+00 -6.197743E+00
     33528  3.528090E+00 -4.763190E+00 -1.745128E+00
     33529  2.932091E+00 -1.747005E+00  1.587387E+00
     33530  2.726687E+00 -1.736676E+00  6.846069E-01
     33531  3.891134E+00 -1.316961E+00 -3.430358E+00
     33532  4.001878E+00 -1.537698E+00 -4.140958E+00
     33533  3.319777E+00 -3.021692E+00 -1.531498E+00
     33534  3.107817E+00 -1.403924E+00  3.323522E-01
     33535  2.825103E+00 -1.231980E+00 -3.470182E-02
     33536  5.857526E+00 -1.621218E+00 -2.258146E+00
     33537  4.206353E+00 -1.558666E+00 -2.313379E+00
     33538  3.110626E+00 -8.662735E-01 -1.231983E-01
     33539  4.748868E+00 -1.015831E+00 -9.708202E-01
     33540  4.914278E+00 -1.451697E+00 -1.503073E+00
     33541  3.860341E+00 -5.895856E-01 -6.362840E-02
     33542  4.111810E+00 -6.712581E-01 -5.897067E-01
     33543  3.075075E+00 -3.478214E-01  5.120065E-01
     33544  3.228783E+00 -3.154737E-01  1.562621E-01
     33545  2.544338E+00 -1.666658E-01  6.120837E-01
     33546  2.504444E+00 -2.581458E-01  8.411828E-01
     33547  2.103233E+00 -2.721523E-01  1.049082E+00
     33548  2.065321E+00 -1.474997E-01  8.802669E-01
     33549  1.858753E+00 -4.063742E-01  1.129499E+00
     33550  1.714421E+00 -2.532683E-01  1.020812E+00
     33551  1.660050E+00 -4.277411E-01  1.168450E+00
     33552  1.495918E+00 -3.012631E-01  1.150432E+00
     33553  1.523315E+00 -4.138312E-01  1.186847E+00
     33554  1.349246E+00 -3.250100E-01  1.172621E+00
     33555  1.343000E+00 -6.099670E-01  1.295440E+00
     33556  1.190567E+00 -4.195523E-01  1.223791E+00
     33557  1.204438E+00 -5.334512E-01  1.260479E+00
     33558  1.021316E+00 -6.084006E-01  1.335362E+00
     33559  9.260827E-01 -3.804106E-01  1.286602E+00
     33560  8.160139E-01 -3.251245E-01  1.294822E+00
     33561  7.216744E-01 -6.111121E-01  1.200586E+00
     33562  5.393798E-01 -5.131886E-01  1.217389E+00
     33563  4.898272E-01 -5.505040E-01  1.092495E+00
     33564  3.125157E-01 -5.150193E-01  1.207708E+00
     33565  3.000957E-01 -5.393363E-01  9.470313E-01
     33566  1.332631E-01 -4.986837E-01  1.036341E+00
     33567  1.665899E-01 -5.449632E-01  8.636005E-01
     33568  2.502271E-02 -5.209144E-01  9.200500E-01
     33569 -1.512807E-01 -5.424524E-01  8.870970E-01
     33570  2.718193E-03 -4.971189E-01  9.582801E-01
     33571 -2.741151E-01 -5.242027E-01  1.006831E+00
     33572 -1.075828E-01 -4.735894E-01  1.109866E+00
     33573 -4.536818E-01 -4.943414E-01  1.158667E+00
     33574 -2.928426E-01 -4.127825E-01  1.228943E+00
     33575 -7.000370E-01 -3.864512E-01  1.300498E+00
     33576 -5.378779E-01 -3.819402E-01  1.348612E+00
     33577 -9.109075E-01 -3.551415E-01  1.471226E+00
     33578 -8.388896E-01 -2.988684E-01  1.547936E+00
     33579 -1.258434E+00 -4.670396E-01  1.452504E+00
     33580 -1.051086E+00 -3.878758E-01  1.465171E+00
     33581 -1.293784E+00 -3.405829E-01  1.414397E+00
     33582 -1.501032E+00 -4.619786E-01  1.449065E+00
     33583 -1.727521E+00 -4.629783E-01  1.380759E+00
     33584 -1.519097E+00 -3.485010E-01  1.339311E+00
     33585 -1.930006E+00 -4.675303E-01  1.292198E+00
     33586 -1.748205E+00 -2.990218E-01  1.168927E+00
     33587 -2.123916E+00 -2.737116E-01  1.169754E+00
     33588 -2.030915E+00 -2.000794E-01  1.016200E+00
     33589 -2.363636E+00 -2.984876E-01  9.754688E-01
     33590 -2.314652E+00 -2.324821E-01  8.576381E-01
     33591 -2.716640E+00 -4.681158E-01  7.744075E-01
     33592 -2.697288E+00 -3.493409E-01  5.253239E-01
     33593 -3.309287E+00 -3.885011E-01  5.556532E-02
     33594 -3.191394E+00 -4.562547E-01  4.497018E-01
     33595 -4.121277E+00 -6.656764E-01 -6.431344E-01
     33596 -3.879575E+00 -5.809276E-01 -1.231740E-01
     33597 -4.677680E+00 -1.039280E+00 -1.239714E+00
     33598 -4.814860E+00 -9.846236E-01 -1.009799E+00
     33599 -4.324060E+00 -2.022410E+00 -2.210687E+00
     33600 -5.634183E+00 -1.537502E+00 -1.977435E+00
     33601 -3.837051E+00 -1.390012E+00 -3.781886E+00
     33602 -3.643161E+00 -1.215043E+00 -3.245494E+00
     33603 -2.865291E+00 -9.024861E-01 -1.993645E-01
     33604 -4.169131E+00 -1.925689E+00 -5.667817E+00
     33605 -4.018619E+00 -1.761354E+00 -5.079881E+00
     33606 -3.164042E+00 -2.733981E+00 -1.420990E+00
     33607 -3.014471E+00 -1.260846E+00  2.995621E-01
     33608 -2.671404E+00 -1.102334E+00 -2.267033E-02
     33609 -4.166924E+00 -2.167174E+00 -7.901038E+00
     33610 -3.980716E+00 -2.269153E+00 -7.175472E+00
     33611 -3.389051E+00 -4.296244E+00 -1.644130E+00
     33612 -2.897580E+00 -1.567466E+00  1.386886E+00
     33613 -2.657567E+00 -1.599110E+00  6.209885E-01
     33614 -2.907281E+00 -4.294475E+00 -3.182613E+00
     33615 -2.344098E+00 -1.898761E+00  1.841482E+00
     34260  2.934306E-01 -1.643515E-01  2.507607E-01
     34261 -2.011707E-01  6.322267E-01  4.274856E-01
     34262  1.034259E+00  7.689293E-01 -7.063459E-01
     34263  3.307092E-01  4.133600E-01 -6.364980E-01
     34264  1.175192E+00  9.689224E-01 -1.032546E+01
     34265  2.019124E-01  5.080430E-01 -2.078935E+01
     34266  1.201561E+00 -5.535847E-01 -5.571774E+00
     34267  9.138052E-01 -1.676555E-01 -9.438579E+00
     34268  5.519052E-01 -6.001073E-01 -8.613176E+00
     34269 -5.558933E-01  7.596808E-01 -2.626266E+01
     34270 -4.800582E-01 -1.305387E+00  1.393029E+01
     34271 -1.232730E+00 -1.258484E+00  3.759263E+00
     34272  8.020627E-01 -6.177258E-01 -3.011537E+00
     34273  7.693357E-02  9.273725E-01 -7.254021E+00
     34274  2.442163E+00 -2.010833E+00  1.327876E+00
     34275 -1.508653E+00 -5.188378E-01 -1.507749E+01
     34276  3.126308E-01  2.219813E+00  4.076771E+01
     34277  1.263722E+00  2.461411E+00  3.995119E+01
     34278 -1.634215E+00 -1.054706E+00  2.961960E+01
     34279  2.404039E+00 -6.244362E-02  2.958224E+01
     34280 -1.937513E-01  7.691519E-01  1.924313E+01
     34281 -1.002553E+00 -4.703166E-01  1.135174E+01
     34558 -2.739178E-01 -1.537980E-01  2.314645E-01
     34559  1.631627E-01  5.701381E-01  3.766798E-01
     34560 -9.598293E-01  7.196311E-01 -6.465642E-01
     34561 -4.001551E-01  3.680139E-01 -6.301788E-01
     34562 -2.178506E-01  4.482824E-01 -1.873794E+01
     34563 -1.078711E+00  8.762273E-01 -9.321012E+00
     34564 -8.621569E-01 -1.382956E-01 -8.494910E+00
     34565 -1.122220E+00 -4.878636E-01 -4.966759E+00
     34566 -5.320204E-01 -5.246994E-01 -7.681960E+00
     34567  4.925518E-01  6.687582E-01 -2.348396E+01
     34568 -7.267539E-01 -5.462916E-01 -2.492485E+00
     34569 -4.524267E-02  8.529933E-01 -6.407872E+00
     34570 -2.179930E+00 -1.799274E+00  1.594518E+00
     34571  1.226687E+00 -1.086202E+00  3.493140E+00
     34572  4.691685E-01 -1.138263E+00  1.268779E+01
     34573  1.361353E+00 -4.787638E-01 -1.332689E+01
     34574 -1.062883E+00  2.263594E+00  3.632254E+01
     34575 -2.249644E-01  2.053275E+00  3.743385E+01
     34576 -2.144342E+00 -2.642225E-02  2.730494E+01
     34577  1.552331E+00 -1.003324E+00  2.688308E+01
     34578  9.727648E-01 -4.281244E-01  1.065649E+01
     34579  3.155299E-01  7.301445E-01  1.762712E+01

 total force (fx,fy,fz) for set FEET and time  0.3000000E+01

        2.049906E-10 -3.000000E+02  1.200000E+03

                        S T E P       4


                                INCREMENT     1


 displacements (vx,vy,vz) for set TOP and time  0.4000000E+01

     18608 -1.673865E-02  3.141397E-01 -3.143353E-01
     18653 -1.012019E-02  4.064071E-01 -3.795041E-01
     19090 -1.651760E-03  4.450430E-01 -4.077724E-01
     22518  5.149831E-03  4.281515E-01 -3.944879E-01
     23707  1.287917E-02  3.043002E-01 -2.998530E-01

 forces (fx,fy,fz) for set FEET and time  0.4000000E+01

       199 -7.579124E-01  1.793560E-02 -3.913103E+00
       203  1.169655E+00  1.461309E+01 -1.206327E+01
       204 -4.126228E-04  4.065428E-02 -1.408022E+00
       208  3.841487E-02  3.432221E+00  4.641689E-01
       209  8.292786E-01  4.313646E-01 -3.053319E+00
       213 -7.593731E-01  1.264721E+01 -8.378377E+00
       242  1.808660E+01  9.374934E+00  2.108199E+01
       243 -3.402191E-01  3.010747E-01  1.494698E-01
       244  8.661392E-01  9.692066E-01  6.669279E-02
       245 -1.609467E+01  6.565688E+00  1.690422E+01
       269 -8.033400E-01  9.123227E-01  6.623957E-02
       270  1.460670E+01  5.860714E+00  1.510771E+01
       273  2.610690E-01  2.236408E-01  1.487473E-01
       274 -1.656674E+01  8.718027E+00  1.956024E+01
       282  1.837413E+00  1.070663E+00  4.713243E+00
       284 -1.705950E+00  9.570479E-01  4.207378E+00
       290 -7.753419E+00  5.041170E+00 -7.472145E+00
       293 -1.365169E+01  9.180995E+00  1.189482E+01
       294  1.467773E+01  1.062256E+01  1.435153E+01
       301  6.930848E+00  4.479905E+00 -6.660603E+00
       302 -1.330851E+01  9.678600E+00  1.308365E+01
       303  1.227303E+01  8.199251E+00  1.061730E+01
      2640  4.644512E+00 -2.263943E+00 -2.649542E+01
      2656 -7.360682E-02 -2.860432E+00 -5.472101E+00
      2665  6.398936E-01  1.505885E+00 -4.056595E-01
      2666  1.331376E-01  6.647548E-01 -5.605525E-01
      2667  1.259910E-01  2.727220E-01 -3.386132E-01
      2668  4.248549E-01 -6.015856E-01 -1.451958E+00
      2669  1.756782E-01 -4.347581E-02 -1.675930E+00
      2670  1.743828E-01 -4.040058E-02 -8.831319E-01
      2671  1.171243E-01 -6.826266E-02 -1.401668E+00
      2672  4.584610E-02 -9.851987E-03 -1.119496E+00
      2673  2.346768E-02 -1.994039E-02 -1.155787E+00
      2674  1.020151E-02  1.603531E-03 -9.449914E-01
      2675  6.122884E-02 -6.621860E-02 -1.623547E+00
      2676  4.302186E-02 -1.898681E-02 -1.363240E+00
      2677  1.770013E-01  1.186205E+00 -1.142348E+00
      2678 -6.835106E-03 -6.287947E-02 -1.999732E+00
      2679 -1.191667E-04  8.278586E-02 -1.298473E+00
      2680 -6.214134E-02 -4.792000E-02 -1.391454E+00
      2681  7.228617E-02  4.105306E-03 -1.106844E+00
      2682  1.912549E-02 -6.360846E-02 -1.662999E+00
      2683 -1.385294E-02 -1.880527E-02 -1.350470E+00
      2684  5.204823E-02  6.145796E-01 -1.946937E+00
      2685  7.897923E+00  2.055244E+00 -2.732946E+01
      2686  5.927236E+00 -1.424023E+00 -1.470198E+01
      2687  4.547572E+00 -1.626097E+00 -9.091577E+00
      2688  3.384839E+00 -1.443351E+00 -5.702004E+00
      2689  4.057373E+00 -8.574219E-01 -4.295532E+00
      2690  3.212679E+00 -1.662482E+00 -3.328881E+00
      2691  2.515560E+00 -1.406247E+00 -2.295822E+00
      2692  2.124760E+00 -1.192310E+00 -1.916149E+00
      2693  1.741624E+00 -1.042916E+00 -1.795218E+00
      2694  1.448975E+00 -1.036807E+00 -1.862149E+00
      2695  1.186452E+00 -1.582170E+00 -2.200375E+00
      2696  1.122906E+00 -1.543707E+00 -2.259730E+00
      2697  1.079044E+00 -1.198501E+00 -2.261558E+00
      2698  6.233833E-01 -1.247623E+00 -2.389112E+00
      2699  8.955071E-01 -1.404397E+00 -2.447324E+00
      2700  6.762343E-01 -7.895717E-01 -2.219379E+00
      2701  4.568902E-01 -2.086140E+00 -2.603816E+00
      2702  3.017582E-01 -1.555661E+00 -2.437524E+00
      2703  2.157044E-01 -1.365922E+00 -2.485931E+00
      2704  1.118194E-01 -1.125840E+00 -2.509560E+00
      2705  4.026328E-03 -1.059671E+00 -2.646026E+00
      2829  1.274276E+00  1.088425E+01 -3.798558E+00
      2830  3.797818E-01  7.101051E+00 -1.208446E+00
      2831  1.956958E-01  5.976102E+00  7.563097E-02
      2832 -4.633007E-02  3.737661E+00 -8.634473E-03
      2833  2.917570E-02  3.169843E+00 -1.634380E-01
      2834  8.031382E-03  4.113057E+00  4.777057E-01
      2835  3.578999E-02  3.295071E+00 -2.230104E-02
      2836  5.226919E-02  3.059216E+00  2.870598E-01
      2837  3.794317E-02  2.908142E+00  2.938154E-01
      2838  7.785474E-02  3.537368E+00  5.778641E-01
      2839  9.854174E-03  4.073070E+00 -9.083403E-02
      2840  8.267143E-03  3.777040E+00  2.667311E-01
      2841 -1.620921E-01  1.847684E+00 -1.736316E-01
      2842  3.781208E-01  6.677398E+00 -2.936653E-01
      2843  7.013501E-02  2.876537E+00  2.832166E-01
      2844  1.621652E-01  3.519907E+00  3.034605E-01
      2845 -9.778646E-02  5.205403E+00  6.147306E-01
      2846 -2.583558E-03  3.714512E+00 -7.843916E-02
      2847  2.173825E-03  3.537265E+00  2.860062E-01
      2848 -4.352565E-01  3.420989E+00  7.322691E-01
      2849  6.174575E+00  1.431788E+01 -2.855069E+01
      2850  3.709876E+00  7.907544E+00 -1.395133E+01
      2851  2.811447E+00  6.064085E+00 -7.859290E+00
      2852  2.120023E+00  4.822625E+00 -5.034358E+00
      2853  1.630052E+00  2.127202E+00 -3.842666E+00
      2854  1.439219E+00  3.488347E+00 -2.084013E+00
      2855  1.010189E+00  2.776155E+00 -1.842719E+00
      2856  7.254247E-01  2.501061E+00 -1.734968E+00
      2857  5.699575E-01  2.182578E+00 -1.821434E+00
      2858  5.339453E-01  2.250426E+00 -1.973270E+00
      2859  5.317271E-01  3.401629E+00 -1.781483E+00
      2860  3.822654E-01  3.432669E+00 -1.940184E+00
      2861  3.951829E-01  2.470809E+00 -2.270951E+00
      2862  4.980999E-01  1.908408E+00 -2.124112E+00
      2863  4.428458E-02  2.812557E+00 -2.053293E+00
      2864  2.054192E-01  1.908103E+00 -2.504284E+00
      2865  3.280444E-01  4.604829E+00 -1.545125E+00
      2866  8.415125E-02  3.190048E+00 -2.084039E+00
      2867 -2.336752E-03  2.927822E+00 -2.262769E+00
      2868  4.181495E-02  2.505156E+00 -2.455713E+00
      2869  4.636922E-03  2.266895E+00 -2.487070E+00
      2877 -4.661453E+00 -1.836700E+00 -2.680305E+01
      2886 -9.942704E-02  6.290905E-01 -1.847374E+00
      2887 -3.509469E-02  9.001043E-04 -1.271282E+00
      2888 -2.907964E-02  4.773072E-03 -1.023140E+00
      2889  5.606118E-02  2.675636E-02 -1.234501E+00
      2890  4.848479E-03 -1.355773E-01 -1.739077E+00
      2891 -5.308487E-02  5.513968E-02 -1.062600E+00
      2892 -3.341741E-02 -9.120796E-02 -1.686127E+00
      2893 -9.606147E-02 -9.434691E-03 -1.310295E+00
      2894 -1.066537E-01 -4.510637E-02 -1.340433E+00
      2895 -3.834612E-03  4.969809E-02 -8.857099E-01
      2896 -3.740893E-02  5.265628E-01 -1.888685E+00
      2897 -1.216039E-01  9.899028E-03 -1.235331E+00
      2898 -2.155722E-02 -3.901837E-02 -8.760393E-01
      2899 -9.023730E-02 -7.099019E-02 -1.293045E+00
      2900 -2.130240E-01 -7.200877E-02 -1.132767E+00
      2901 -3.643123E-01 -6.995727E-01 -1.784549E+00
      2902 -9.999551E-02  1.239717E-01 -3.147085E-01
      2903 -2.424270E-01  2.586787E-01 -1.292390E+00
      2904 -3.777817E-01  6.891997E-01 -1.386073E+00
      2905 -1.856888E+00  1.775233E-01 -2.770726E+00
      2906 -1.811813E-02 -1.086928E+00 -2.895925E+00
      2907 -1.330636E-01 -1.281703E+00 -2.676126E+00
      2908 -1.942526E-01 -1.223586E+00 -2.479969E+00
      2909 -3.731959E-01 -1.470391E+00 -2.450996E+00
      2910 -6.948966E-01 -1.080898E+00 -2.441308E+00
      2911 -5.585061E-01 -6.134201E-01 -2.207169E+00
      2912 -8.823789E-01 -1.813142E+00 -2.425873E+00
      2913 -9.245245E-01 -1.628433E+00 -2.219103E+00
      2914 -1.105700E+00 -1.660191E+00 -2.217273E+00
      2915 -1.186706E+00 -1.779466E+00 -2.292689E+00
      2916 -1.471877E+00 -7.329438E-01 -1.973830E+00
      2917 -1.600373E+00 -7.865506E-01 -1.843188E+00
      2918 -1.758781E+00 -1.879020E+00 -2.141316E+00
      2919 -2.103216E+00 -1.257977E+00 -1.925678E+00
      2920 -2.511677E+00 -1.054930E+00 -2.127751E+00
      2921 -3.151397E+00 -1.222845E+00 -2.866569E+00
      2922 -3.787121E+00 -1.510665E+00 -4.088739E+00
      2923 -3.463619E+00 -1.190930E+00 -5.389287E+00
      2924 -4.072657E+00 -1.438014E+00 -7.768534E+00
      2925 -5.127878E+00 -1.261939E+00 -1.220639E+01
      2926 -7.036324E+00  1.195262E+00 -2.256698E+01
      3050  4.912517E-01  3.337128E+00  5.085399E-01
      3051  6.854367E-02  3.418011E+00  2.612902E-01
      3052  6.455814E-02  3.933810E+00  6.016565E-01
      3053 -2.822636E-02  3.112363E+00  3.065509E-01
      3054  1.217809E-01  3.520412E+00  4.223597E-01
      3055 -1.714525E-02  3.208598E+00  7.316914E-01
      3056 -9.162996E-02  4.578006E+00 -1.238851E-01
      3057  1.036197E-02  4.030965E+00  2.273907E-01
      3058  4.866701E-02  4.724980E+00  1.834473E-01
      3059 -6.878237E-02  3.047667E+00  6.699095E-01
      3060 -3.842305E-01  2.734190E+00  2.229076E-01
      3061  1.201702E-01  3.427199E+00  2.229914E-01
      3062 -1.691161E-01  4.365951E+00  5.279445E-01
      3063 -4.141211E-02  2.880878E+00 -1.233770E-02
      3064  4.865759E-02  2.947782E+00  2.193378E-01
      3065  1.926322E-02  3.466030E+00  4.192380E-02
      3066 -7.758629E-02  4.065732E+00  2.643298E-01
      3067 -1.280378E-01  4.828576E+00 -7.540385E-01
      3068 -1.109971E-01  6.342325E+00 -6.966769E-01
      3069 -7.949297E-01  9.605413E+00 -2.735910E+00
      3070 -7.750618E-02  2.442198E+00 -2.354937E+00
      3071 -1.530027E-01  2.478666E+00 -2.356122E+00
      3072 -8.227485E-02  2.626201E+00 -2.360427E+00
      3073 -2.299659E-01  3.153034E+00 -2.066441E+00
      3074 -2.812386E-01  1.929440E+00 -2.382717E+00
      3075 -2.628143E-01  1.895114E+00 -2.300191E+00
      3076 -6.931786E-02  3.755423E+00 -1.690584E+00
      3077 -4.255696E-01  3.374956E+00 -1.842425E+00
      3078 -4.399968E-01  3.468270E+00 -1.773255E+00
      3079 -7.301137E-01  3.646878E+00 -1.600613E+00
      3080 -4.788082E-01  1.576238E+00 -2.226623E+00
      3081 -4.741494E-01  1.684991E+00 -2.050990E+00
      3082 -6.412933E-01  4.102533E+00 -1.174513E+00
      3083 -8.278056E-01  2.594907E+00 -1.652893E+00
      3084 -1.019120E+00  2.088116E+00 -1.915292E+00
      3085 -1.280671E+00  2.555596E+00 -2.355318E+00
      3086 -1.678625E+00  3.265738E+00 -3.161326E+00
      3087 -2.042892E+00  3.952004E+00 -4.543884E+00
      3088 -2.749454E+00  5.158727E+00 -7.659521E+00
      3089 -3.572616E+00  7.139929E+00 -1.350604E+01
      3090 -5.781147E+00  1.319008E+01 -2.780783E+01
      3570  1.742026E-01 -1.257556E+00  1.501030E+00
      3571  4.931891E+00 -3.059832E-01  3.669139E+00
      3572  1.298947E+01 -9.395067E-01  4.244711E+00
      3573 -2.128467E+00  8.704804E-01 -5.098092E+00
      3574  2.577190E+00 -2.525319E+00  4.541012E+00
      3575  1.088433E+01 -4.731924E+00  1.911081E+01
      3576  2.705723E+01 -6.005945E+00  4.193405E+01
      3677 -6.647559E-01  2.635652E+00 -4.367946E+00
      3678 -2.648556E+00  1.699280E+01  7.909419E+01
      3679  4.006761E+00 -4.691730E-01 -1.813565E+00
      3680  7.574246E-01 -5.045126E-01 -1.169173E+00
      3681 -5.102715E+00 -4.427563E-02 -2.239926E-01
      3682  4.654053E+00  2.366763E+00 -9.393781E+00
      3683  2.558175E+00 -2.224483E+00 -4.469447E+00
      3684 -4.260111E+00 -4.439653E+00  8.504400E+00
      3685 -1.918884E+01 -6.919110E+00  3.307012E+01
      4181 -3.912848E+00 -2.477790E-01 -1.806085E+00
      4182 -8.999264E-01 -5.803270E-01 -1.076113E+00
      4183  4.385697E+00 -3.943247E-02 -5.071763E-01
      4184 -4.286412E+00  2.136412E+00 -8.686111E+00
      4185 -2.540910E+00 -2.056014E+00 -4.377018E+00
      4186  3.682317E+00 -4.071946E+00  7.364181E+00
      4187  1.720542E+01 -6.318213E+00  2.980712E+01
      4295  6.691371E-01  2.339367E+00 -3.878817E+00
      4296  2.686317E+00  1.550702E+01  7.217192E+01
      4297 -3.279538E-01 -1.248870E+00  1.605263E+00
      4298 -4.817242E+00 -2.798874E-01  3.635764E+00
      4299 -1.220889E+01 -7.547935E-01  4.102009E+00
      4300  1.846914E+00  7.464953E-01 -4.342979E+00
      4301 -2.626538E+00 -2.352856E+00  4.673562E+00
      4302 -1.026161E+01 -4.358583E+00  1.801702E+01
      4303 -2.504200E+01 -5.532715E+00  3.881022E+01
      4724  2.674984E+00  3.043127E+00 -7.432020E+00
      4727 -2.503707E+00  2.756627E+00 -6.710360E+00
      4729 -1.122429E+00  4.947773E+00  5.591670E+00
      4730  1.549254E-01  2.567036E+00  2.313761E+00
      4731  5.684844E-01  1.584104E+00  1.548153E+00
      4732  1.372287E-01  1.511206E+00  2.207413E+00
      4733  5.030999E-01  1.008195E+00  1.980422E+00
      4734 -2.789372E-02  8.685751E-01  1.797153E+00
      4735  2.648379E-03  8.856965E-01  1.813736E+00
      4736 -1.253311E-03  9.079305E-01  1.856516E+00
      4737  2.448558E-02  9.661839E-01  1.964323E+00
      4738  2.558641E-03  1.013584E+00  2.071453E+00
      4739 -4.008314E-03  1.072560E+00  2.185951E+00
      4740 -1.202117E-02  1.065750E+00  2.152866E+00
      4741 -6.096655E-03  1.162264E+00  2.231524E+00
      4742  1.774539E-02  1.131778E+00  2.267967E+00
      4743  1.964754E-03  1.110934E+00  2.214421E+00
      4744 -5.896935E-03  1.100999E+00  2.266558E+00
      4745 -5.395285E-03  1.081345E+00  2.198192E+00
      4746  9.348988E-04  1.057539E+00  2.193011E+00
      4747  1.269653E-02  1.074851E+00  2.224251E+00
      4748 -3.276534E-03  1.114897E+00  2.262093E+00
      4749  3.650709E-03  1.111432E+00  2.266918E+00
      4750 -5.975229E-03  1.059538E+00  2.209925E+00
      4751 -2.013524E-03  1.067620E+00  2.216040E+00
      4752  2.290558E-04  1.066505E+00  2.228137E+00
      4753 -7.081736E-03  1.051152E+00  2.156801E+00
      4754 -8.181196E-03  1.167559E+00  2.296686E+00
      4755  3.875248E-03  1.078543E+00  2.204443E+00
      4756  8.173229E-03  1.053480E+00  2.124971E+00
      4757  1.204958E-02  1.041699E+00  2.104301E+00
      4758  1.150005E-02  1.024247E+00  2.089191E+00
      4759 -7.283189E-03  9.817072E-01  1.978056E+00
      4760 -5.025359E-03  9.674330E-01  1.941835E+00
      4761  2.164370E-03  9.149394E-01  1.857243E+00
      4762 -6.937616E-03  8.585886E-01  1.720863E+00
      4763  2.606911E-02  7.882363E-01  1.646011E+00
      4764 -6.701425E-02  1.187880E+00  1.736611E+00
      4765 -5.260329E-01  1.109237E+00  2.007894E+00
      4766 -5.729826E-01  1.410684E+00  1.464200E+00
      4767 -1.755412E-01  2.321492E+00  2.140807E+00
      4768  1.081253E+00  4.556588E+00  5.754605E+00
      4769  6.640663E-01  6.101316E+00  1.318511E+01
      4770  4.210106E-01  2.953750E+00  7.371604E+00
      4771  9.760577E-01  1.569414E+00  4.129647E+00
      4772  1.115137E+00  1.259608E+00  3.249679E+00
      4773  1.831616E+00  1.450531E+00  4.540157E+00
      4774  1.676311E+00  1.473113E+00  4.625268E+00
      4775  1.411022E+00  1.587784E+00  4.751253E+00
      4776  1.165898E+00  1.698370E+00  4.939133E+00
      4777  1.000139E+00  1.772526E+00  5.105562E+00
      4778  8.386636E-01  1.870971E+00  5.411095E+00
      4779  7.592890E-01  1.911083E+00  5.643301E+00
      4780  6.193759E-01  1.929040E+00  5.718869E+00
      4781  5.877195E-01  1.860374E+00  5.701678E+00
      4782  4.679390E-01  1.695628E+00  5.867589E+00
      4783  3.910962E-01  1.973316E+00  5.902903E+00
      4784  2.691250E-01  1.951803E+00  5.855313E+00
      4785  2.131163E-01  1.888316E+00  5.856675E+00
      4786  1.316432E-01  1.911725E+00  5.708363E+00
      4787  8.989939E-02  1.904909E+00  5.657379E+00
      4788  4.208416E-02  1.941286E+00  5.699557E+00
      4789 -1.480890E-02  1.874940E+00  5.779143E+00
      4790 -8.741024E-02  1.944587E+00  5.688120E+00
      4791 -1.019232E-01  1.928398E+00  5.683560E+00
      4792 -1.733802E-01  1.937802E+00  5.744310E+00
      4793 -2.566997E-01  1.964815E+00  5.725546E+00
      4794 -2.489071E-01  1.934898E+00  5.845756E+00
      4795 -5.363491E-01  1.926095E+00  5.903423E+00
      4796 -5.775981E-01  1.907913E+00  5.744340E+00
      4797 -6.505851E-01  1.885012E+00  5.634576E+00
      4798 -7.379306E-01  1.845801E+00  5.570021E+00
      4799 -8.217658E-01  1.860526E+00  5.367675E+00
      4800 -9.212424E-01  1.781886E+00  5.183426E+00
      4801 -1.091829E+00  1.648977E+00  5.060041E+00
      4802 -1.232621E+00  1.587696E+00  4.782494E+00
      4803 -1.454911E+00  1.487771E+00  4.401236E+00
      4804 -1.703509E+00  1.366657E+00  4.191469E+00
      4805 -2.042977E+00  1.379772E+00  4.286859E+00
      4806 -9.872636E-01  1.130454E+00  2.857459E+00
      4807 -9.695488E-01  1.444013E+00  3.750911E+00
      4808 -5.187861E-01  2.661740E+00  6.557882E+00
      4809 -7.675572E-01  5.494113E+00  1.192670E+01
      5059  4.768294E-01  1.521444E+01 -3.012313E+01
      5078 -1.834040E-01  3.032556E+01  6.660297E+01
      5090 -5.631948E+00 -8.447197E-01  1.905998E+00
      5091 -2.202724E+01  3.199319E+00  3.769724E+01
      5092 -5.577055E+00  2.569933E+00  1.213118E+01
      5093  1.023041E+01 -1.747852E+00  4.203920E+00
      5094 -3.343495E-01 -1.149286E+00  9.437305E-01
      5095  2.407661E+01  2.609507E+00  4.686500E+01
      5096  7.601605E+00  1.146287E+00  1.470531E+01
      5097 -7.460870E+00  1.106372E+00 -1.512510E+01
      5127 -4.238128E-01  1.363332E+01 -2.699840E+01
      5146  1.884129E-01  2.738798E+01  6.016244E+01
      5158 -9.425443E+00 -1.622355E+00  4.007614E+00
      5159  1.577586E-01 -1.018144E+00  9.938422E-01
      5160 -2.199358E+01  2.320177E+00  4.280464E+01
      5161 -7.052765E+00  1.023843E+00  1.365694E+01
      5162  6.521294E+00  9.724284E-01 -1.327278E+01
      5163  4.917141E+00 -7.518936E-01  1.587871E+00
      5164  1.965942E+01  2.918083E+00  3.365721E+01
      5165  4.992267E+00  2.336930E+00  1.081818E+01
     25134  9.010761E+00  1.436341E+00 -3.949557E+01
     25135  8.362525E+00 -5.901379E+00 -2.850386E+01
     25136 -8.068615E-02 -1.249700E+00 -5.490495E+00
     25137  2.486920E-01 -3.555699E+00 -4.810070E+00
     25138  6.870252E+00 -1.602291E+00 -2.205998E+01
     25139  6.271343E+00 -4.349970E+00 -1.755068E+01
     25140  4.953741E+00 -2.085095E+00 -1.389068E+01
     25141  3.895913E+00 -2.895587E+00 -7.685612E+00
     25142  3.948390E+00 -1.957562E+00 -9.697408E+00
     25143  4.733692E+00 -3.791111E+00 -1.248309E+01
     25144  2.556404E+00 -2.597091E+00 -5.195589E+00
     25145  3.230413E+00 -6.492429E-01 -6.364362E+00
     25146  2.310981E+00 -1.922596E+00 -5.615840E+00
     25147  1.751187E+00 -2.657445E+00 -3.702052E+00
     25148  1.874008E+00 -1.538645E+00 -4.514318E+00
     25149  2.309729E+00 -2.979490E+00 -5.492069E+00
     25150  1.454884E+00 -1.457410E+00 -4.211457E+00
     25151  1.176167E+00 -1.315223E+00 -4.123397E+00
     25152  1.418194E+00 -2.631533E+00 -4.059575E+00
     25153  9.565831E-01 -1.307088E+00 -4.264675E+00
     25154  1.136705E+00 -2.590817E+00 -4.103255E+00
     25155  8.522257E-01 -1.834033E+00 -4.849273E+00
     25156  8.737770E-01 -3.079455E+00 -4.165996E+00
     25157  8.659733E-01 -2.963794E+00 -5.093051E+00
     25158  7.589359E-01 -1.850813E+00 -4.996704E+00
     25159  8.678331E-01 -3.073769E+00 -4.884113E+00
     25160  7.875033E-01 -1.321708E+00 -4.769846E+00
     25161  3.794942E-01 -1.363057E+00 -4.654157E+00
     25162  5.759676E-01 -2.991877E+00 -4.641871E+00
     25163  6.632681E-01 -2.456402E+00 -4.467901E+00
     25164  5.877846E-01 -1.891823E+00 -5.133381E+00
     25165  3.781594E-01 -9.699090E-01 -4.698961E+00
     25166  6.627054E-01 -2.729480E+00 -4.833131E+00
     25167  1.087246E-01 -2.976655E+00 -4.956210E+00
     25168  2.773865E-01 -2.491594E+00 -5.670209E+00
     25169  2.585202E-01 -1.778916E+00 -5.084927E+00
     25170  2.063179E-01 -3.034276E+00 -4.385869E+00
     25171  4.235053E-01 -3.609101E+00 -5.967584E+00
     25172  1.057293E-01 -1.604770E+00 -5.151030E+00
     25173  7.722297E-02 -1.567048E+00 -5.420131E+00
     25174  1.187937E-01 -2.949511E+00 -5.057876E+00
     26058  3.582023E-02 -1.396615E+00 -5.401770E+00
     26059 -3.080184E-01 -3.519630E+00 -4.700347E+00
     26060 -8.399627E+00  1.765890E+00 -3.574789E+01
     26061 -7.819689E+00 -5.509465E+00 -2.476484E+01
     26062 -8.254005E-02 -1.442648E+00 -5.343969E+00
     26063 -1.748128E-01 -2.901595E+00 -5.050472E+00
     26064 -1.837866E-01 -1.472527E+00 -5.077663E+00
     26065 -1.800145E-01 -2.802860E+00 -4.845783E+00
     26066 -2.267590E-01 -1.794168E+00 -5.299182E+00
     26067 -2.820015E-01 -3.145248E+00 -5.741115E+00
     26068 -2.807697E-01 -2.682501E+00 -4.254049E+00
     26069 -4.103606E-01 -1.185300E+00 -4.961248E+00
     26070 -6.050786E-01 -8.479273E-01 -4.684822E+00
     26071 -6.144304E-01 -3.255665E+00 -4.328231E+00
     26072 -5.773633E-01 -2.058663E+00 -5.341361E+00
     26073 -8.939265E-01 -2.912044E+00 -5.517697E+00
     26074 -6.917067E-01 -1.820780E+00 -4.856493E+00
     26075 -8.208336E-01 -1.890907E+00 -4.843128E+00
     26076 -8.272667E-01 -3.181639E+00 -4.771265E+00
     26077 -8.423542E-01 -1.933373E+00 -5.012778E+00
     26078 -9.595122E-01 -3.290982E+00 -4.828103E+00
     26079 -9.706964E-01 -9.211557E-01 -4.316835E+00
     26080 -7.454677E-01 -2.933347E+00 -3.437685E+00
     26081 -7.951244E-01 -2.767765E+00 -5.148459E+00
     26082 -1.224045E+00 -1.119770E+00 -4.120289E+00
     26083 -1.451673E+00 -2.712767E+00 -4.271065E+00
     26084 -1.270704E+00 -2.152983E+00 -4.706516E+00
     26085 -1.431548E+00 -1.494157E+00 -4.091944E+00
     26086 -1.673634E+00 -2.429874E+00 -3.500290E+00
     26087 -1.312580E+00 -3.048100E+00 -4.880643E+00
     26088 -1.869568E+00 -1.182792E+00 -4.129605E+00
     26089 -2.235801E+00 -2.433185E+00 -4.390990E+00
     26090 -2.373314E+00 -1.190187E+00 -4.822290E+00
     26091 -2.771208E+00 -2.715120E+00 -5.374739E+00
     26092 -3.027702E+00 -1.486770E+00 -6.210748E+00
     26093 -3.674258E+00 -1.597538E+00 -8.543908E+00
     26094 -4.355436E+00 -3.289612E+00 -9.360736E+00
     26095 -3.530001E+00 -2.920590E+00 -7.925169E+00
     26096 -4.848133E+00 -1.586228E+00 -1.264607E+01
     26097 -5.834543E+00 -3.994662E+00 -1.542633E+01
     26098 -6.531219E+00 -1.328198E+00 -2.004346E+01
     28505 -1.157123E+00  3.568797E+00  1.009986E+00
     28506  5.885544E-02 -3.091326E-02  7.132174E-04
     28507  5.548418E-01 -7.346769E-02 -1.216125E-01
     28508  6.430236E-01  3.533354E-01 -4.403012E-02
     28509 -2.822981E+00 -1.896288E+01  6.608477E+01
     28510 -2.324239E+00 -1.943879E+01  6.064451E+01
     28511  5.377065E-01 -1.122682E+01  4.875915E+01
     28512 -4.891595E-01  3.086832E+00 -1.178525E+01
     28513 -1.722331E+00  2.030111E+00 -7.541652E+00
     28514 -1.030247E+00  5.969720E-01 -7.923363E+00
     28515  3.433204E-02  1.845182E+00 -1.281518E+01
     28516 -6.031632E+00 -1.229092E+01  4.486735E+01
     28517 -8.747384E-01 -3.524162E+00 -1.291651E-01
     28518 -1.111319E+00 -5.269326E+00  7.181193E+00
     28519 -3.029362E+00 -1.174933E+00 -7.405176E+00
     28520 -2.326496E+00 -3.194426E+00 -7.060317E+00
     28521  5.743739E-01 -7.261858E+00  2.012767E+01
     28522 -2.482590E+00 -8.122962E+00  2.899338E+01
     28523 -3.850714E+00 -4.713191E+00  7.895007E+00
     28524 -7.918410E-01 -4.109596E+00 -4.413160E-01
     28525 -3.290979E+00 -8.024112E+00  1.132262E+01
     28526 -2.714454E+00 -7.187454E+00  3.562526E+01
     28527 -2.884561E+00 -8.617795E+00  2.336817E+01
     31241 -6.178815E-02 -2.689121E-02  7.511684E-03
     31242 -5.592905E-01 -4.302273E-02 -9.974211E-02
     31243  9.206446E-01  3.256569E+00  9.474294E-01
     31244 -6.511343E-01  3.211129E-01 -3.799656E-02
     31245  1.652999E+00  1.753834E+00 -6.553548E+00
     31246  5.794776E-01  2.753185E+00 -1.069183E+01
     31247  1.449217E-02  1.646768E+00 -1.164677E+01
     31248  2.402764E+00 -1.764682E+01  5.519700E+01
     31249  2.840166E+00 -1.738430E+01  6.072421E+01
     31250  5.658867E+00 -1.133655E+01  4.070276E+01
     31251  9.399308E-01  4.483218E-01 -6.960188E+00
     31252 -3.452015E-01 -1.032920E+01  4.491714E+01
     31253  2.335916E+00 -3.066725E+00 -6.646971E+00
     31254  8.805546E-01 -3.587775E+00 -7.428519E-01
     31255  3.008142E+00 -1.160124E+00 -6.801872E+00
     31256  9.050916E-01 -3.318036E+00  4.086413E-01
     31257  3.132932E+00 -7.430436E+00  1.009704E+01
     31258  2.741330E+00 -7.847983E+00  2.108575E+01
     31259  3.926629E+00 -4.366905E+00  7.250508E+00
     31260  1.125270E+00 -4.888984E+00  7.033207E+00
     31261 -3.689214E-01 -6.665054E+00  1.887048E+01
     31262  2.804319E+00 -6.588662E+00  3.278040E+01
     31263  2.423557E+00 -7.528106E+00  2.696292E+01
     33502 -3.019518E-01  7.414329E-01 -1.214931E-01
     33503  2.955797E-01  7.044736E-01 -1.582815E-01
     33504  9.102463E-02  2.072435E-01  1.635616E-01
     33505 -1.307428E-01  2.114378E-01  2.402330E-01
     33506  6.525972E-02  1.100179E-01  1.441829E-01
     33507 -7.588440E-02  1.115531E-01  1.639140E-01
     33508 -5.475003E-02  7.274674E-02  9.943261E-02
     33509  4.383821E-02  7.494562E-02  1.042277E-01
     33510  6.381950E+00  1.412665E+00 -1.396022E+01
     33511  3.635447E+00  7.184086E-01  4.286683E+00
     33512  4.627082E+00 -1.459967E-01 -9.938341E+00
     33513  2.799869E-01 -5.815775E-01  3.518260E+00
     33514 -2.183707E-01 -4.997503E-01  3.419383E+00
     33515 -3.588606E-01 -5.637018E-01  3.537996E+00
     33516  1.363792E-01 -4.582781E-01  3.420522E+00
     33517 -3.454200E+00  7.081498E-01  3.751419E+00
     33518 -5.914661E+00  1.341241E+00 -1.269920E+01
     33519 -4.446347E+00 -9.534882E-02 -8.905926E+00
     33520  2.749597E+00 -3.399405E-02  8.926178E+00
     33521 -2.766396E+00  1.334699E-01  8.117836E+00
     33522  3.994855E+00 -2.047786E+00 -5.094509E+00
     33523  4.480558E+00 -1.621230E+00 -6.245368E+00
     33524  2.957697E+00 -5.263485E+00  3.899819E-01
     33525  2.122087E+00 -1.454259E+00  5.332244E+00
     33526  3.473051E+00 -1.754077E+00 -3.010186E+00
     33527  3.707576E+00 -1.836070E+00 -3.774931E+00
     33528  2.566550E+00 -3.321474E+00  6.980461E-01
     33529  2.042395E+00 -6.770444E-01  5.613396E+00
     33530  2.421679E+00 -1.174406E+00  3.236749E+00
     33531  3.084417E+00 -1.288169E+00 -1.544429E+00
     33532  3.080548E+00 -1.465431E+00 -2.281434E+00
     33533  2.348271E+00 -1.760351E+00  8.080441E-01
     33534  2.465952E+00 -5.328232E-01  3.598679E+00
     33535  2.393081E+00 -7.852710E-01  2.614875E+00
     33536  4.351983E+00 -1.151692E+00  1.864349E+00
     33537  2.790851E+00 -9.946389E-01  8.394569E-01
     33538  2.588372E+00 -1.846395E-02  3.219018E+00
     33539  3.790644E+00 -1.105135E+00  2.314697E+00
     33540  3.535560E+00 -8.750607E-01  2.380856E+00
     33541  3.296169E+00 -8.230977E-01  2.755465E+00
     33542  2.901953E+00 -5.448814E-01  2.792011E+00
     33543  2.756301E+00 -5.590199E-01  3.040844E+00
     33544  2.365308E+00 -3.081388E-01  3.093353E+00
     33545  1.909470E+00 -1.846859E-01  3.300526E+00
     33546  2.360696E+00 -4.474316E-01  3.198910E+00
     33547  2.062702E+00 -4.538685E-01  3.411940E+00
     33548  1.595168E+00 -1.842421E-01  3.417398E+00
     33549  1.886183E+00 -6.989295E-01  3.496784E+00
     33550  1.280604E+00 -3.660857E-01  3.537555E+00
     33551  1.666286E+00 -6.754684E-01  3.513176E+00
     33552  1.071906E+00 -3.919662E-01  3.723056E+00
     33553  1.522544E+00 -5.724265E-01  3.524764E+00
     33554  9.518522E-01 -3.720344E-01  3.677781E+00
     33555  1.310970E+00 -9.920536E-01  3.745619E+00
     33556  7.916698E-01 -5.439514E-01  3.728187E+00
     33557  1.271321E+00 -8.254556E-01  3.634773E+00
     33558  6.479956E-01 -9.945181E-01  3.923027E+00
     33559  9.613199E-01 -4.418944E-01  3.704417E+00
     33560  4.938162E-01 -3.236040E-01  3.783817E+00
     33561  8.743074E-01 -9.095088E-01  3.602263E+00
     33562  2.224028E-01 -7.098313E-01  3.639744E+00
     33563  6.873822E-01 -6.836851E-01  3.523239E+00
     33564  5.139922E-02 -6.434217E-01  3.741895E+00
     33565  5.148293E-01 -5.500868E-01  3.402479E+00
     33566 -7.737375E-02 -5.019258E-01  3.532428E+00
     33567  3.499935E-01 -4.729640E-01  3.395508E+00
     33568 -1.515078E-01 -4.512464E-01  3.465216E+00
     33569 -4.258590E-01 -4.547144E-01  3.411449E+00
     33570  9.140767E-02 -3.921957E-01  3.476751E+00
     33571 -5.745187E-01 -5.040640E-01  3.450363E+00
     33572 -5.867348E-03 -4.445406E-01  3.558162E+00
     33573 -7.287607E-01 -5.515228E-01  3.515535E+00
     33574 -1.613725E-01 -4.252601E-01  3.569231E+00
     33575 -9.334864E-01 -4.321241E-01  3.580181E+00
     33576 -3.623194E-01 -4.657100E-01  3.634229E+00
     33577 -1.015609E+00 -4.455392E-01  3.781445E+00
     33578 -6.489642E-01 -3.563666E-01  3.944907E+00
     33579 -1.389776E+00 -7.228340E-01  3.638071E+00
     33580 -7.373089E-01 -5.669743E-01  3.733195E+00
     33581 -9.100384E-01 -4.823494E-01  3.681005E+00
     33582 -1.552443E+00 -7.334050E-01  3.607114E+00
     33583 -1.721651E+00 -7.576829E-01  3.524167E+00
     33584 -1.073373E+00 -5.081827E-01  3.662406E+00
     33585 -1.872938E+00 -7.805498E-01  3.453523E+00
     33586 -1.268835E+00 -4.066591E-01  3.459846E+00
     33587 -2.001620E+00 -3.585502E-01  3.362134E+00
     33588 -1.558115E+00 -1.943985E-01  3.389032E+00
     33589 -2.201707E+00 -4.438862E-01  3.191302E+00
     33590 -1.768837E+00 -3.062752E-01  3.426237E+00
     33591 -2.524891E+00 -8.873949E-01  3.100096E+00
     33592 -1.984072E+00 -5.183822E-01  3.164251E+00
     33593 -2.441052E+00 -3.442731E-01  2.834123E+00
     33594 -2.830250E+00 -6.938285E-01  2.932065E+00
     33595 -2.991984E+00 -4.271835E-01  2.447738E+00
     33596 -3.307633E+00 -6.428782E-01  2.532544E+00
     33597 -3.224431E+00 -4.925983E-01  2.640637E+00
     33598 -3.754653E+00 -8.662877E-01  2.217382E+00
     33599 -3.052755E+00 -1.227212E+00  3.367409E-01
     33600 -4.514533E+00 -1.277275E+00  1.581457E+00
     33601 -2.972626E+00 -1.219359E+00 -2.042943E+00
     33602 -2.811239E+00 -1.124278E+00 -1.464988E+00
     33603 -2.248946E+00 -1.707199E-01  2.780228E+00
     33604 -3.536380E+00 -1.611035E+00 -3.435742E+00
     33605 -3.326522E+00 -1.550032E+00 -2.752766E+00
     33606 -2.239147E+00 -1.588629E+00  6.532662E-01
     33607 -2.399658E+00 -4.340270E-01  3.231051E+00
     33608 -2.226788E+00 -6.430639E-01  2.377864E+00
     33609 -4.060996E+00 -1.304788E+00 -5.374231E+00
     33610 -3.708402E+00 -1.888664E+00 -4.675435E+00
     33611 -2.470397E+00 -2.987449E+00  5.398875E-01
     33612 -2.086911E+00 -5.881343E-01  4.996284E+00
     33613 -2.351938E+00 -1.066007E+00  2.927028E+00
     33614 -2.265748E+00 -3.517118E+00 -5.062059E-01
     33615 -1.863824E+00 -1.074176E+00  5.178082E+00
     34260  3.580034E-01 -4.258937E-01  3.364786E-01
     34261 -1.155389E-01  9.640364E-01  5.827387E-01
     34262  2.451276E+00  1.906440E+00 -1.548765E+00
     34263  1.091571E+00 -2.763063E-03 -9.423875E-01
     34264  1.847041E+00  2.737746E+00 -1.220278E+01
     34265  1.080084E+00  1.372158E+00 -2.753528E+01
     34266  1.060220E+00  3.094735E+00 -2.330250E+00
     34267  1.134017E+00  2.408963E+00 -9.321921E+00
     34268  1.094706E+00  1.514475E+00 -8.077244E+00
     34269 -8.738964E-02  2.274075E+00 -3.286913E+01
     34270 -2.074197E+00  5.970489E+00  2.756671E+01
     34271 -3.908451E+00  6.465555E+00  1.221561E+01
     34272  1.504837E-01  4.671610E+00  3.861935E+00
     34273 -6.621264E-01  5.349861E+00 -4.766292E+00
     34274  2.202189E+00  3.564744E+00  1.373782E+01
     34275 -2.033261E+00  2.584396E+00 -1.440871E+01
     34276  4.351993E-01  7.427194E+00  7.938063E+01
     34277 -1.727531E-01  8.424106E+00  7.092249E+01
     34278 -3.770895E+00  5.387956E+00  5.012628E+01
     34279  3.522255E+00  6.791182E+00  5.892067E+01
     34280 -2.509501E+00  8.778644E+00  3.722539E+01
     34281 -2.762040E+00  6.987571E+00  2.796367E+01
     34558 -3.275324E-01 -3.794784E-01  3.019701E-01
     34559  8.520627E-02  8.681291E-01  5.155316E-01
     34560 -2.234169E+00  1.738916E+00 -1.393087E+00
     34561 -1.071422E+00  2.004585E-03 -8.991614E-01
     34562 -9.863721E-01  1.216449E+00 -2.470351E+01
     34563 -1.662379E+00  2.466182E+00 -1.096347E+01
     34564 -1.040256E+00  2.179701E+00 -8.355517E+00
     34565 -9.738812E-01  2.786063E+00 -2.029712E+00
     34566 -1.005782E+00  1.370345E+00 -7.164618E+00
     34567  7.821248E-02  2.013520E+00 -2.930707E+01
     34568 -1.237598E-01  4.187882E+00  3.706476E+00
     34569  6.242896E-01  4.784565E+00 -4.125709E+00
     34570 -1.953674E+00  3.193067E+00  1.276492E+01
     34571  3.619749E+00  5.884117E+00  1.101615E+01
     34572  1.914918E+00  5.434218E+00  2.480634E+01
     34573  1.834573E+00  2.287074E+00 -1.266385E+01
     34574  2.626114E-01  7.608684E+00  6.387830E+01
     34575 -3.276085E-01  6.697760E+00  7.200391E+01
     34576 -3.131046E+00  6.124957E+00  5.359158E+01
     34577  3.479684E+00  4.832340E+00  4.502096E+01
     34578  2.572905E+00  6.295152E+00  2.556028E+01
     34579  2.455647E+00  7.939448E+00  3.365681E+01

 total force (fx,fy,fz) for set FEET and time  0.4000000E+01

        1.860774E-10  3.000000E+02  1.200000E+03

                        S T E P       5


                                INCREMENT     1


 displacements (vx,vy,vz) for set TOP and time  0.5000000E+01

     18608 -3.307934E-02  6.954264E-01 -6.299435E-01
     18653 -1.853140E-02  8.996584E-01 -7.740209E-01
     19090 -9.142792E-05  9.836267E-01 -8.384661E-01
     22518  1.473206E-02  9.512246E-01 -8.114820E-01
     23707  3.150778E-02  6.740405E-01 -6.054818E-01

 forces (fx,fy,fz) for set FEET and time  0.5000000E+01

       199  5.019634E-02 -1.038213E-01 -1.389650E-01
       203 -8.790873E-02  1.760655E+00  2.570100E+00
       204 -4.490769E-03 -2.124100E-02  2.609691E-01
       208 -7.164061E-03 -7.536982E-01 -4.637981E-01
       209 -3.888394E-02 -3.656362E-01  1.833743E-01
       213 -1.005005E-01  1.748079E+00  2.176138E+00
       242  3.266698E+01  1.745348E+01  3.820343E+01
       243  3.816357E-01 -2.621480E-01  8.545945E-01
       244  8.044319E-01  1.200009E+00  7.061405E-01
       245 -2.824404E+01  1.115717E+01  2.847936E+01
       269 -8.079999E-01  1.197349E+00  6.398387E-01
       270  2.574970E+01  9.910267E+00  2.542407E+01
       273 -4.346196E-01 -3.401675E-01  7.931713E-01
       274 -3.021023E+01  1.647192E+01  3.591626E+01
       282 -3.781122E-01 -1.454347E+00 -3.176078E+00
       284  3.094384E-01 -1.309490E+00 -2.853048E+00
       290 -7.566730E-01  9.253320E-01  1.741070E-01
       293  2.057973E+00 -2.659545E-01 -2.619347E+00
       294 -4.594501E+00 -3.321559E+00 -6.569621E+00
       301  6.935992E-01  8.267853E-01  1.663467E-01
       302  4.016539E+00 -2.900509E+00 -5.837620E+00
       303 -1.735465E+00 -1.479151E-01 -2.248027E+00
      2640 -1.240908E+00 -2.137978E+00 -9.238248E+00
      2656  4.423717E-02  9.478578E-01 -1.374596E-01
      2665 -6.956614E-01  8.285539E-01 -1.660446E+00
      2666  1.218963E-01  1.064900E+00 -5.301216E-01
      2667  4.909473E-02  7.338405E-01  7.639365E-02
      2668  4.778835E-02  4.186337E-01  5.150267E-01
      2669  2.257152E-01  2.904208E-01  7.195384E-01
      2670 -7.138416E-03 -5.915720E-02  7.610865E-01
      2671  3.488433E-02 -1.498435E-02  1.064000E+00
      2672 -1.403117E-02 -5.606358E-02  7.787188E-01
      2673 -8.218954E-03 -2.844204E-02  6.487549E-01
      2674  7.043348E-03 -3.017568E-02  4.491243E-01
      2675 -6.789838E-03  1.788434E-02  6.222505E-01
      2676  1.940126E-02 -3.970615E-03  4.176722E-01
      2677 -2.415899E-02 -5.165952E-01  3.581147E-01
      2678  5.076357E-02  2.256352E-02  6.153512E-01
      2679  3.966926E-02 -4.521361E-02  3.569522E-01
      2680  3.831213E-02  7.829833E-03  3.965223E-01
      2681 -2.484853E-02 -2.132765E-02  3.167433E-01
      2682 -1.648683E-02  1.878197E-02  4.097371E-01
      2683 -1.493290E-02 -1.576134E-03  2.772457E-01
      2684 -4.262113E-02 -2.981423E-01  5.168010E-01
      2685  6.420686E-02 -3.638303E+00 -1.185200E+01
      2686  2.901421E+00 -1.169593E+00 -1.302980E+01
      2687  4.412659E+00 -4.562928E-01 -1.011860E+01
      2688  4.399197E+00 -1.248176E-01 -5.534315E+00
      2689  5.310940E+00 -6.581627E-01 -4.134209E+00
      2690  4.037692E+00  4.441672E-01 -1.458868E+00
      2691  2.895830E+00  6.173199E-01  1.170100E-01
      2692  2.096645E+00  6.040290E-01  6.853480E-01
      2693  1.537374E+00  5.194586E-01  7.383975E-01
      2694  1.203051E+00  4.840649E-01  5.034100E-01
      2695  1.027866E+00  7.017205E-01  2.096368E-01
      2696  9.427375E-01  6.053550E-01 -6.951440E-02
      2697  8.946822E-01  4.063334E-01 -2.779061E-01
      2698  9.594235E-01  3.962043E-01 -3.121345E-01
      2699  7.034412E-01  4.417358E-01 -2.551729E-01
      2700  5.882945E-01  1.806714E-01 -3.527091E-01
      2701  4.032137E-01  6.649921E-01 -2.821608E-01
      2702  1.854004E-01  4.389111E-01 -5.723531E-01
      2703  5.914466E-02  3.319133E-01 -8.172745E-01
      2704 -5.991192E-04  2.177719E-01 -1.102565E+00
      2705  3.248447E-02  1.714287E-01 -1.246789E+00
      2829 -9.291626E-01  3.454972E+00 -1.390847E+00
      2830 -6.291298E-02  2.596384E+00 -2.018691E+00
      2831  1.227464E-02 -5.376680E-02 -1.001005E+00
      2832  6.737056E-02 -1.974416E-01 -4.581613E-01
      2833  1.624338E-02 -1.210147E+00 -1.938180E-01
      2834  1.082948E-01 -2.680917E+00 -3.128958E-01
      2835  1.975562E-02 -2.138542E+00  1.500450E-01
      2836 -3.486580E-03 -1.883529E+00 -1.007379E-01
      2837 -2.723734E-02 -1.570322E+00 -1.321436E-01
      2838 -3.650532E-02 -1.654709E+00 -3.278609E-01
      2839  1.268035E-02 -1.662605E+00 -8.945929E-02
      2840  1.339332E-02 -1.334560E+00 -2.440743E-01
      2841  6.496433E-02 -4.376154E-01 -5.573901E-02
      2842 -5.568893E-02 -2.413386E+00 -5.306131E-02
      2843 -3.044912E-02 -7.995423E-01 -2.296938E-01
      2844 -6.273831E-02 -1.052863E+00 -2.420724E-01
      2845  5.409459E-02 -1.695120E+00 -3.167888E-01
      2846 -6.476006E-03 -1.017749E+00 -1.717144E-01
      2847  1.535041E-03 -8.932651E-01 -3.025659E-01
      2848  1.672032E-01 -7.285877E-01 -5.756840E-01
      2849 -9.170998E-01  4.405434E+00 -6.743287E+00
      2850  1.942784E+00  5.443595E+00 -1.092525E+01
      2851  2.918933E+00  3.239237E+00 -8.568992E+00
      2852  3.109703E+00  6.281320E-01 -5.458792E+00
      2853  2.147592E+00  2.161550E-01 -1.758482E+00
      2854  1.523596E+00 -1.726851E+00 -2.507969E-01
      2855  1.184957E+00 -1.789955E+00  7.287386E-01
      2856  7.988859E-01 -1.606925E+00  1.108098E+00
      2857  5.646284E-01 -1.267554E+00  1.037628E+00
      2858  4.031647E-01 -1.072422E+00  7.786329E-01
      2859  3.664592E-01 -1.416567E+00  3.629940E-01
      2860  3.918787E-01 -1.154883E+00  8.873620E-02
      2861  3.469715E-01 -6.318824E-01  8.049710E-02
      2862  2.647612E-01 -3.538234E-01 -1.107004E-02
      2863  4.006222E-01 -6.991404E-01 -3.208164E-02
      2864  2.289532E-01 -3.779482E-01  1.591718E-01
      2865  1.007398E-01 -1.379285E+00 -2.831942E-01
      2866  9.403914E-02 -7.645823E-01 -1.731388E-01
      2867  3.224377E-02 -5.796405E-01 -3.272333E-01
      2868 -2.262832E-02 -3.382285E-01 -4.574612E-01
      2869  2.112466E-03 -1.631917E-01 -5.721497E-01
      2877  1.139189E+00 -1.749175E+00 -8.820505E+00
      2886  5.287276E-02 -3.096016E-01  4.745819E-01
      2887  2.397704E-02 -1.131760E-02  2.451337E-01
      2888  2.237037E-02 -1.727292E-02  2.228551E-01
      2889 -1.008644E-02 -1.919888E-02  2.663205E-01
      2890 -2.604915E-02  4.392367E-02  4.397734E-01
      2891 -1.409958E-02 -2.784299E-02  2.846148E-01
      2892 -3.431045E-02  2.438979E-02  4.453092E-01
      2893 -2.174418E-02 -7.155884E-03  3.717286E-01
      2894 -1.223444E-02  2.735303E-03  4.258399E-01
      2895 -4.167436E-02 -3.667082E-02  2.951723E-01
      2896 -5.188325E-02 -2.856005E-01  8.148033E-01
      2897  7.714972E-03 -4.095730E-02  6.653190E-01
      2898 -1.039993E-02 -4.401489E-02  5.623154E-01
      2899 -5.730334E-02 -7.323391E-03  8.827466E-01
      2900 -1.775074E-02  1.424236E-02  7.695964E-01
      2901 -5.133508E-02  3.938885E-01  7.945738E-01
      2902  6.017296E-03  3.461265E-01  2.948932E-01
      2903 -1.365708E-01  7.273025E-01 -2.655860E-01
      2904  8.885329E-02  9.684883E-01 -9.258469E-01
      2905  1.260604E+00  3.987449E-01 -4.283147E-01
      2906  5.168578E-02  1.899148E-01 -1.153790E+00
      2907  9.173214E-02  2.795274E-01 -1.105465E+00
      2908  3.168708E-02  2.576971E-01 -9.093628E-01
      2909 -1.056696E-01  3.550242E-01 -5.881947E-01
      2910 -2.359214E-01  2.555155E-01 -3.356256E-01
      2911 -5.266760E-01  1.111457E-01 -2.672806E-01
      2912 -6.946910E-01  5.322699E-01 -8.728486E-02
      2913 -8.963987E-01  4.913676E-01 -1.219918E-01
      2914 -1.039800E+00  5.394385E-01 -8.900909E-02
      2915 -1.196978E+00  6.453624E-01  5.968056E-03
      2916 -1.302675E+00  2.515881E-01  3.359862E-02
      2917 -1.435021E+00  3.011442E-01  1.067625E-01
      2918 -1.696184E+00  9.207459E-01  4.288355E-01
      2919 -2.219674E+00  5.884207E-01  2.466130E-01
      2920 -2.893982E+00  3.389234E-01 -2.921467E-01
      2921 -3.916610E+00  1.579644E-01 -1.537887E+00
      2922 -4.983872E+00 -2.273402E-01 -3.878055E+00
      2923 -4.182165E+00 -1.518414E-01 -5.669201E+00
      2924 -4.305762E+00 -5.293848E-01 -8.778988E+00
      2925 -3.264992E+00 -1.130725E+00 -1.182298E+01
      2926 -5.754248E-01 -3.316188E+00 -1.156950E+01
      3050 -1.720369E-01 -6.601844E-01 -4.797670E-01
      3051 -8.848183E-03 -7.768471E-01 -3.158008E-01
      3052 -2.350575E-02 -1.009719E+00 -3.261096E-01
      3053  1.222032E-02 -7.410008E-01 -2.368759E-01
      3054 -3.227701E-02 -9.068817E-01 -2.962542E-01
      3055  1.026975E-02 -8.353471E-01 -3.135350E-01
      3056  1.228450E-02 -1.325797E+00 -7.978416E-02
      3057 -1.014480E-02 -1.197870E+00 -1.782667E-01
      3058 -5.945262E-02 -1.594881E+00 -1.588880E-01
      3059  4.828210E-02 -1.064393E+00 -3.575690E-01
      3060  2.943383E-01 -1.092471E+00 -2.115333E-01
      3061 -7.865103E-02 -1.656704E+00 -1.445114E-01
      3062  1.428450E-02 -2.453392E+00 -3.066171E-01
      3063  8.390353E-03 -1.699495E+00  6.251709E-02
      3064 -3.556974E-03 -1.619187E+00 -1.028360E-01
      3065 -7.678228E-02 -1.506318E+00 -1.097737E-01
      3066 -2.257486E-02 -8.536227E-01 -6.016071E-01
      3067 -1.223772E-01  9.421258E-01 -1.224103E+00
      3068 -2.026290E-02  2.560568E+00 -1.581779E+00
      3069  6.268290E-01  3.429671E+00 -1.147879E+00
      3070  4.364801E-02 -2.174883E-01 -6.442237E-01
      3071  8.352203E-02 -2.741115E-01 -5.296346E-01
      3072  1.828612E-02 -3.894100E-01 -3.248143E-01
      3073  1.365171E-02 -6.437859E-01 -2.630694E-01
      3074 -5.736828E-02 -3.226623E-01  1.588182E-02
      3075 -1.811554E-01 -3.656641E-01  9.756869E-02
      3076 -3.825074E-01 -9.546078E-01 -6.425877E-02
      3077 -3.622413E-01 -8.671492E-01  2.890331E-02
      3078 -4.391582E-01 -9.657495E-01  3.698581E-02
      3079 -3.997665E-01 -1.177396E+00  2.235197E-02
      3080 -4.695130E-01 -4.506350E-01  4.257279E-01
      3081 -5.756901E-01 -6.164506E-01  5.987110E-01
      3082 -7.445066E-01 -2.129510E+00  3.708734E-01
      3083 -7.844837E-01 -1.475836E+00  6.992655E-01
      3084 -1.120765E+00 -1.133166E+00  5.508125E-01
      3085 -1.643982E+00 -1.070420E+00 -2.481349E-01
      3086 -2.220233E+00 -5.157449E-01 -2.023326E+00
      3087 -2.629348E+00  1.104025E+00 -4.378316E+00
      3088 -2.784474E+00  3.165006E+00 -8.237501E+00
      3089 -1.843371E+00  4.732475E+00 -1.021985E+01
      3090  8.564582E-01  3.673258E+00 -5.997532E+00
      3570  3.423930E+00 -2.335726E+00  4.464729E+00
      3571  1.208948E+01 -5.433579E-01  8.682968E+00
      3572  2.639479E+01 -1.645663E+00  8.988052E+00
      3573 -9.508227E-02 -8.848109E-01 -1.915252E+00
      3574  8.661293E+00 -6.287912E+00  1.587216E+01
      3575  2.334176E+01 -9.733328E+00  4.113593E+01
      3576  5.137330E+01 -1.130683E+01  7.967985E+01
      3677 -1.472128E+00  9.007295E-01 -1.714700E+00
      3678 -5.750949E+00  2.951273E+01  1.408382E+02
      3679  5.572966E+00 -4.556530E-01 -2.814528E+00
      3680  5.203675E-01 -7.566508E-01 -2.182949E+00
      3681 -9.133866E+00 -3.896744E-02 -1.162944E+00
      3682  5.597206E+00  2.380851E+00 -1.109598E+01
      3683  2.048355E+00 -5.547362E+00 -3.555995E+00
      3684 -8.894010E+00 -9.017578E+00  1.767477E+01
      3685 -3.431311E+01 -1.307944E+01  5.941919E+01
      4181 -5.814172E+00 -6.116286E-02 -2.976124E+00
      4182 -1.184763E+00 -9.006028E-01 -2.166795E+00
      4183  7.605524E+00 -3.410752E-02 -1.888537E+00
      4184 -5.392636E+00  2.266199E+00 -1.074239E+01
      4185 -2.557950E+00 -5.083131E+00 -4.321095E+00
      4186  7.500356E+00 -8.295123E+00  1.498175E+01
      4187  3.072586E+01 -1.203304E+01  5.350429E+01
      4295  1.516475E+00  8.169817E-01 -1.553599E+00
      4296  5.974749E+00  2.716026E+01  1.294575E+02
      4297 -3.473154E+00 -2.341460E+00  4.647242E+00
      4298 -1.186023E+01 -5.041384E-01  8.710485E+00
      4299 -2.514808E+01 -1.336215E+00  8.816165E+00
      4300 -6.675055E-02 -8.982906E-01 -1.229630E+00
      4301 -8.562143E+00 -5.842191E+00  1.571413E+01
      4302 -2.221971E+01 -8.995782E+00  3.914286E+01
      4303 -4.807320E+01 -1.047086E+01  7.454672E+01
      4724  1.284171E+00 -5.701382E+00 -9.163772E+00
      4727 -1.267406E+00 -5.126678E+00 -8.309589E+00
      4729  1.423812E+00  1.305481E+00 -1.559457E+00
      4730  2.292105E-01  1.371870E+00 -4.592972E-01
      4731  2.104044E-01  4.034825E-01 -8.469559E-01
      4732 -1.613172E-01 -1.129842E+00 -1.246133E+00
      4733  2.301654E-01 -8.399364E-01 -1.649477E+00
      4734  1.206636E-02 -9.089825E-01 -1.726305E+00
      4735  2.153869E-02 -8.119726E-01 -1.595506E+00
      4736  3.538054E-02 -6.926532E-01 -1.379261E+00
      4737  1.386660E-02 -5.879528E-01 -1.163866E+00
      4738  1.248328E-02 -5.093781E-01 -9.955282E-01
      4739  8.494544E-03 -4.505207E-01 -8.535686E-01
      4740 -6.343647E-03 -4.040759E-01 -7.404094E-01
      4741 -1.242819E-02 -4.234716E-01 -7.288511E-01
      4742 -2.361415E-02 -4.068442E-01 -7.380787E-01
      4743 -1.411975E-02 -3.967635E-01 -7.185205E-01
      4744 -5.016780E-03 -3.894107E-01 -7.361679E-01
      4745  1.012578E-03 -3.733727E-01 -6.880756E-01
      4746  2.866717E-03 -3.484530E-01 -6.452932E-01
      4747 -9.948368E-04 -3.396857E-01 -6.133739E-01
      4748  3.329859E-03 -3.440916E-01 -5.942374E-01
      4749 -5.569329E-04 -3.371834E-01 -5.849110E-01
      4750  1.194849E-03 -3.155166E-01 -5.685863E-01
      4751 -8.639642E-05 -3.235617E-01 -5.919665E-01
      4752  2.173574E-03 -3.286866E-01 -6.177065E-01
      4753  9.092842E-03 -3.272107E-01 -6.047734E-01
      4754  1.242968E-02 -3.708599E-01 -6.595685E-01
      4755  9.334044E-03 -3.417279E-01 -6.329233E-01
      4756  7.855268E-03 -3.434633E-01 -6.258042E-01
      4757  2.085617E-03 -3.656520E-01 -6.699365E-01
      4758 -8.195931E-04 -3.976558E-01 -7.491118E-01
      4759 -5.943823E-03 -4.493915E-01 -8.469718E-01
      4760 -1.057625E-02 -5.388993E-01 -1.028489E+00
      4761 -2.755081E-02 -6.344888E-01 -1.231986E+00
      4762 -1.214122E-02 -7.292353E-01 -1.400039E+00
      4763 -1.289125E-02 -7.933605E-01 -1.514483E+00
      4764 -3.132746E-02 -1.188550E+00 -1.535317E+00
      4765 -7.092563E-02 -3.899302E-01 -1.161694E+00
      4766 -2.147820E-01  3.837231E-01 -8.006580E-01
      4767 -2.615485E-01  1.245985E+00 -4.212104E-01
      4768 -9.551521E-01 -1.356009E-01 -7.195209E-01
      4769  2.701227E+00 -5.019912E+00 -9.198123E+00
      4770  1.570434E+00 -1.381172E+00 -2.027875E+00
      4771  1.319458E+00 -1.212367E+00 -1.908525E+00
      4772  1.330572E+00 -1.547293E+00 -2.937430E+00
      4773  2.633299E+00 -2.530248E+00 -5.682451E+00
      4774  2.178732E+00 -2.186651E+00 -5.420552E+00
      4775  1.723840E+00 -1.816405E+00 -4.738574E+00
      4776  1.344144E+00 -1.531552E+00 -4.103982E+00
      4777  1.054950E+00 -1.292304E+00 -3.512709E+00
      4778  8.662600E-01 -1.149902E+00 -3.144843E+00
      4779  7.421992E-01 -1.035679E+00 -2.861433E+00
      4780  6.782631E-01 -9.436298E-01 -2.598023E+00
      4781  5.944609E-01 -8.768025E-01 -2.450445E+00
      4782  5.383817E-01 -7.836784E-01 -2.454369E+00
      4783  4.454751E-01 -8.953910E-01 -2.450521E+00
      4784  3.469219E-01 -8.981125E-01 -2.441690E+00
      4785  2.203738E-01 -8.974314E-01 -2.474866E+00
      4786  1.258208E-01 -9.358775E-01 -2.448274E+00
      4787  5.323742E-02 -9.613399E-01 -2.452157E+00
      4788  2.526680E-02 -9.920434E-01 -2.475422E+00
      4789  3.201190E-02 -9.703139E-01 -2.502228E+00
      4790  5.010180E-02 -9.733554E-01 -2.412155E+00
      4791  1.176274E-02 -9.262748E-01 -2.339006E+00
      4792 -4.649781E-02 -8.770227E-01 -2.270473E+00
      4793 -1.420250E-01 -8.288594E-01 -2.169825E+00
      4794 -3.013858E-01 -7.700869E-01 -2.135168E+00
      4795 -3.668880E-01 -7.402976E-01 -2.106984E+00
      4796 -5.187252E-01 -7.336149E-01 -2.059132E+00
      4797 -6.530578E-01 -7.543062E-01 -2.109066E+00
      4798 -7.666697E-01 -8.062884E-01 -2.269016E+00
      4799 -8.886728E-01 -9.146060E-01 -2.463899E+00
      4800 -1.017494E+00 -1.037310E+00 -2.809417E+00
      4801 -1.158110E+00 -1.168192E+00 -3.287149E+00
      4802 -1.404439E+00 -1.420104E+00 -3.809321E+00
      4803 -1.727700E+00 -1.699421E+00 -4.312525E+00
      4804 -2.133821E+00 -2.033016E+00 -4.882826E+00
      4805 -2.457387E+00 -2.337287E+00 -5.240668E+00
      4806 -1.290825E+00 -1.429649E+00 -2.631796E+00
      4807 -1.274514E+00 -1.114593E+00 -1.731764E+00
      4808 -1.511768E+00 -1.233585E+00 -1.778312E+00
      4809 -2.567009E+00 -4.425039E+00 -8.309632E+00
      5059 -7.859373E-01 -1.981420E-02 -1.354317E+00
      5078 -3.070441E-02 -9.843344E+00 -1.896571E+01
      5090 -3.286784E-01 -5.767093E-01  1.236399E+00
      5091  5.310142E-01 -5.065279E+00 -8.371749E-01
      5092  2.064993E+00 -4.932298E+00 -4.042598E+00
      5093 -4.356277E+00  1.042590E+00 -3.301005E+00
      5094 -3.820795E+00  5.248719E-01 -2.041729E+00
      5095 -8.116101E+00 -3.520735E+00 -1.523195E+01
      5096 -5.321118E+00 -4.113497E+00 -1.041056E+01
      5097 -4.987956E+00 -2.456931E+00 -9.201704E+00
      5127  6.803791E-01  5.105377E-02 -1.357630E+00
      5146  6.109703E-02 -8.620029E+00 -1.654292E+01
      5158  3.800942E+00  9.501744E-01 -2.910078E+00
      5159  3.373774E+00  4.493251E-01 -1.730376E+00
      5160  7.102871E+00 -3.130782E+00 -1.329819E+01
      5161  4.602071E+00 -3.702433E+00 -9.093153E+00
      5162  4.401257E+00 -2.192318E+00 -8.143875E+00
      5163  3.561916E-01 -5.006763E-01  1.112459E+00
      5164 -2.296569E-01 -4.587697E+00 -3.308706E-01
      5165 -1.813625E+00 -4.439368E+00 -3.544131E+00
     25134 -5.982037E-01 -2.670149E+00 -1.395448E+01
     25135  1.583932E+00 -1.163613E+00 -1.565805E+01
     25136  3.345766E-02  4.357254E-01 -1.074899E-01
     25137 -9.350895E-02  1.205346E+00 -2.927704E-01
     25138  3.243291E+00 -3.136891E-01 -1.637197E+01
     25139  4.320563E+00 -1.003219E-01 -1.445231E+01
     25140  5.005652E+00  4.885737E-01 -1.212264E+01
     25141  4.379576E+00  1.194935E+00 -4.036015E+00
     25142  4.775093E+00  1.123661E+00 -6.225184E+00
     25143  5.380542E+00  1.094307E+00 -9.260757E+00
     25144  3.747696E+00  1.349978E+00 -7.726286E-01
     25145  3.943167E+00  2.435714E-01 -2.366747E+00
     25146  2.986393E+00  1.274324E+00  1.067186E+00
     25147  1.789184E+00  1.739703E+00  1.955783E+00
     25148  2.078780E+00  1.029343E+00  2.123975E+00
     25149  2.607205E+00  2.064986E+00  2.005114E+00
     25150  1.443576E+00  8.566925E-01  2.516156E+00
     25151  1.049634E+00  7.231964E-01  2.292261E+00
     25152  1.283234E+00  1.615285E+00  2.407654E+00
     25153  8.272429E-01  6.656014E-01  1.853925E+00
     25154  9.621035E-01  1.423625E+00  2.072573E+00
     25155  6.888454E-01  8.780617E-01  1.579951E+00
     25156  6.776494E-01  1.353490E+00  1.041703E+00
     25157  8.359667E-01  1.461731E+00  1.957900E+00
     25158  6.539844E-01  8.010259E-01  1.124335E+00
     25159  6.500723E-01  1.247583E+00  9.432067E-01
     25160  6.053110E-01  5.334400E-01  7.545702E-01
     25161  7.128209E-01  5.228395E-01  5.909668E-01
     25162  6.468037E-01  1.079691E+00  6.815883E-01
     25163  7.081434E-01  9.141934E-01  4.916584E-01
     25164  5.102121E-01  7.172975E-01  7.907264E-01
     25165  4.523828E-01  3.327840E-01  6.037343E-01
     25166  4.612998E-01  9.552262E-01  6.768816E-01
     25167  4.919488E-01  1.035972E+00  6.861472E-01
     25168  2.817345E-01  9.294331E-01  9.134237E-01
     25169  1.252829E-01  6.358253E-01  4.759939E-01
     25170  6.519965E-02  1.025540E+00  1.724437E-01
     25171  1.580841E-01  1.303426E+00  8.653431E-01
     25172  2.777188E-02  5.792705E-01  2.223924E-01
     25173 -3.085523E-02  5.789649E-01  5.284263E-02
     25174 -1.248015E-02  1.000692E+00  5.078337E-02
     26058 -9.721741E-03  4.804148E-01 -1.808454E-01
     26059  1.422728E-01  1.166286E+00 -4.122911E-01
     26060  5.187220E-01 -2.061847E+00 -1.273562E+01
     26061 -1.916961E+00 -1.116487E+00 -1.477092E+01
     26062  4.804733E-02  4.907508E-01 -7.481656E-02
     26063  7.276540E-02  9.347154E-01 -7.247836E-02
     26064  3.142712E-02  4.791997E-01  6.042409E-02
     26065 -1.815094E-01  8.606272E-01  3.848577E-01
     26066 -6.257998E-02  5.957601E-01  4.185077E-01
     26067  1.885344E-02  1.021446E+00  3.563548E-01
     26068 -3.530803E-01  8.010619E-01  4.323736E-01
     26069 -1.807240E-01  3.854684E-01  5.233129E-01
     26070 -3.171712E-01  2.609833E-01  5.670760E-01
     26071 -6.200855E-01  1.028341E+00  6.404076E-01
     26072 -4.947274E-01  6.686231E-01  8.861091E-01
     26073 -3.496572E-01  9.141443E-01  8.576158E-01
     26074 -6.391886E-01  6.098275E-01  7.793723E-01
     26075 -7.301799E-01  6.742995E-01  8.667312E-01
     26076 -7.183125E-01  1.058196E+00  7.974626E-01
     26077 -8.420009E-01  7.639310E-01  1.114728E+00
     26078 -8.052315E-01  1.190162E+00  9.406381E-01
     26079 -9.330605E-01  3.813772E-01  1.083474E+00
     26080 -1.255880E+00  1.321289E+00  9.051476E-01
     26081 -1.009986E+00  1.084378E+00  1.237922E+00
     26082 -9.577507E-01  5.425369E-01  1.358216E+00
     26083 -1.024363E+00  1.396367E+00  1.620656E+00
     26084 -1.161478E+00  1.170386E+00  2.068996E+00
     26085 -1.539332E+00  8.556492E-01  1.916416E+00
     26086 -1.876647E+00  1.498749E+00  1.390358E+00
     26087 -1.491395E+00  1.753394E+00  2.292863E+00
     26088 -2.073521E+00  7.381394E-01  1.493550E+00
     26089 -2.491184E+00  1.519526E+00  1.056755E+00
     26090 -2.842132E+00  7.794219E-01  3.903294E-01
     26091 -3.377281E+00  1.641540E+00 -6.214029E-01
     26092 -3.738578E+00  9.400141E-01 -2.045657E+00
     26093 -4.637140E+00  5.572029E-01 -6.037735E+00
     26094 -4.883520E+00  4.119076E-01 -8.119139E+00
     26095 -4.494115E+00  1.361718E+00 -3.772659E+00
     26096 -4.600743E+00  3.884437E-01 -1.120606E+01
     26097 -4.251265E+00 -2.023574E-01 -1.303961E+01
     26098 -2.885834E+00 -1.085397E-01 -1.503098E+01
     28505 -1.853182E+00  6.059166E+00  1.635607E+00
     28506  1.285618E-01 -9.967229E-02 -1.160950E-01
     28507  1.383691E+00 -1.306131E-01 -3.786894E-01
     28508  1.373737E+00  5.867611E-01 -8.298143E-02
     28509 -5.907242E+00 -3.484590E+01  1.223381E+02
     28510 -5.331193E+00 -3.537047E+01  1.098391E+02
     28511 -1.188892E-01 -2.130048E+01  9.350944E+01
     28512 -1.783677E+00  7.446317E-01 -1.102294E+01
     28513 -3.192619E+00 -1.579703E+00 -1.791641E+00
     28514 -1.600167E+00 -3.729457E+00 -2.717733E+00
     28515 -7.213335E-01 -9.870245E-01 -1.338400E+01
     28516 -1.170310E+01 -2.377383E+01  8.324466E+01
     28517 -1.492984E+00 -9.825989E+00  1.102095E+01
     28518 -1.817523E+00 -1.301310E+01  2.347752E+01
     28519 -6.921175E+00 -6.274162E+00 -4.199632E+00
     28520 -4.847107E+00 -9.500975E+00 -4.651207E+00
     28521  8.987121E-01 -1.542082E+01  4.563877E+01
     28522 -4.975461E+00 -1.692131E+01  5.995407E+01
     28523 -8.956409E+00 -1.148604E+01  2.151326E+01
     28524 -2.246774E+00 -1.021768E+01  6.602560E+00
     28525 -6.669120E+00 -1.709294E+01  2.596798E+01
     28526 -6.428718E+00 -1.511155E+01  6.957485E+01
     28527 -6.284985E+00 -1.753704E+01  4.683089E+01
     31241 -1.380781E-01 -8.723880E-02 -8.812424E-02
     31242 -1.406621E+00 -7.509140E-02 -3.342502E-01
     31243  1.413809E+00  5.531382E+00  1.544897E+00
     31244 -1.427899E+00  5.333393E-01 -7.001162E-02
     31245  3.169848E+00 -1.527032E+00 -1.202906E+00
     31246  1.960122E+00  7.511710E-01 -1.047899E+01
     31247  7.723170E-01 -7.953858E-01 -1.270762E+01
     31248  5.581136E+00 -3.227224E+01  1.004210E+02
     31249  6.095569E+00 -3.216942E+01  1.134229E+02
     31250  1.116150E+01 -2.209220E+01  7.564669E+01
     31251  1.514945E+00 -3.519142E+00 -2.135790E+00
     31252  5.092850E-01 -1.958887E+01  8.691709E+01
     31253  4.963300E+00 -8.907970E+00 -5.191154E+00
     31254  2.476916E+00 -8.960433E+00  4.923668E+00
     31255  7.015702E+00 -5.805048E+00 -4.279541E+00
     31256  1.670760E+00 -9.143390E+00  1.105734E+01
     31257  6.501704E+00 -1.583013E+01  2.293357E+01
     31258  6.065525E+00 -1.600505E+01  4.209623E+01
     31259  9.279479E+00 -1.061607E+01  1.953237E+01
     31260  1.985687E+00 -1.206115E+01  2.245295E+01
     31261 -4.262539E-01 -1.415955E+01  4.297149E+01
     31262  6.852648E+00 -1.389564E+01  6.440105E+01
     31263  5.007056E+00 -1.574205E+01  5.615394E+01
     33502 -1.615720E-01 -3.491681E-01  2.966674E-01
     33503  1.715622E-01 -2.888990E-01  2.245046E-01
     33504 -4.125751E-02 -1.949918E-03  1.124752E-01
     33505  2.820477E-02  4.940284E-03  1.259277E-01
     33506  1.319163E-02 -1.377333E-02  1.541765E-01
     33507 -1.178967E-02 -1.586628E-02  1.691837E-01
     33508 -4.681210E-02 -6.391451E-02  1.409313E-01
     33509  2.132486E-02 -5.806642E-02  1.363856E-01
     33510  1.508893E+00 -5.889279E+00 -1.092351E+01
     33511  2.956115E+00 -3.911242E+00 -9.847183E+00
     33512  1.895017E+00 -4.011009E+00 -8.937480E+00
     33513 -1.278469E-01 -4.390662E-01 -2.639411E+00
     33514  1.967321E-01 -4.629608E-01 -2.583907E+00
     33515  2.437404E-01 -4.546706E-01 -2.648433E+00
     33516 -7.268646E-02 -4.845830E-01 -2.559163E+00
     33517 -2.856498E+00 -3.574872E+00 -8.920310E+00
     33518 -1.547304E+00 -5.266096E+00 -9.962443E+00
     33519 -1.978708E+00 -3.621964E+00 -8.058809E+00
     33520  3.690855E+00 -3.977108E+00 -8.457518E+00
     33521 -3.644822E+00 -3.664767E+00 -7.531491E+00
     33522  2.860754E+00 -2.047266E+00 -8.349421E+00
     33523  2.540867E+00 -2.769794E+00 -8.441985E+00
     33524  3.273264E+00 -5.860526E+00 -4.638086E+00
     33525  1.757285E+00 -2.304476E+00 -2.810513E+00
     33526  3.561747E+00 -1.420634E+00 -6.625658E+00
     33527  3.610178E+00 -1.691272E+00 -6.917120E+00
     33528  3.431944E+00 -4.807198E+00 -4.079685E+00
     33529  2.961861E+00 -2.418350E+00 -3.853917E+00
     33530  2.121953E+00 -1.797050E+00 -2.649809E+00
     33531  3.477861E+00 -8.813842E-01 -4.488277E+00
     33532  3.687808E+00 -1.075907E+00 -4.913073E+00
     33533  3.310110E+00 -3.469405E+00 -3.816900E+00
     33534  2.774769E+00 -1.957063E+00 -3.740894E+00
     33535  2.338988E+00 -1.332730E+00 -3.230136E+00
     33536  5.587898E+00 -1.610551E+00 -6.442592E+00
     33537  4.417533E+00 -1.684755E+00 -5.304134E+00
     33538  2.631762E+00 -1.583269E+00 -4.125595E+00
     33539  4.212631E+00 -5.448441E-01 -4.601790E+00
     33540  4.828044E+00 -1.631263E+00 -5.668411E+00
     33541  3.164418E+00 -9.626630E-02 -3.453962E+00
     33542  4.107788E+00 -5.844801E-01 -4.473285E+00
     33543  2.362559E+00  3.212169E-02 -2.732539E+00
     33544  3.120826E+00 -2.116630E-01 -3.455478E+00
     33545  2.404099E+00 -8.531387E-02 -2.861444E+00
     33546  1.783860E+00  6.323454E-02 -2.313786E+00
     33547  1.401003E+00  4.506675E-02 -2.186364E+00
     33548  1.896774E+00 -5.032723E-02 -2.505868E+00
     33549  1.161573E+00  9.298290E-02 -2.140032E+00
     33550  1.627229E+00 -2.621021E-02 -2.390843E+00
     33551  1.059510E+00  2.497557E-02 -2.087684E+00
     33552  1.474907E+00 -8.383435E-02 -2.375180E+00
     33553  9.801020E-01 -7.399513E-02 -2.067614E+00
     33554  1.348401E+00 -1.519803E-01 -2.279238E+00
     33555  9.020427E-01  7.051117E-02 -2.133726E+00
     33556  1.248225E+00 -1.190736E-01 -2.245422E+00
     33557  6.932233E-01  1.063253E-02 -2.064325E+00
     33558  1.108466E+00  7.639821E-02 -2.274520E+00
     33559  5.526130E-01 -1.700852E-01 -2.100225E+00
     33560  9.146069E-01 -2.108269E-01 -2.181118E+00
     33561  2.790913E-01 -3.154798E-02 -2.135976E+00
     33562  7.304692E-01 -9.179698E-02 -2.150211E+00
     33563  7.567602E-02 -1.926155E-01 -2.240647E+00
     33564  5.170136E-01 -1.755919E-01 -2.291828E+00
     33565 -6.707905E-02 -3.336632E-01 -2.364058E+00
     33566  3.406769E-01 -3.166224E-01 -2.355854E+00
     33567 -1.149639E-01 -4.374648E-01 -2.510256E+00
     33568  2.298089E-01 -4.191840E-01 -2.490024E+00
     33569  2.351892E-01 -4.549056E-01 -2.486005E+00
     33570 -1.056287E-01 -4.465718E-01 -2.433129E+00
     33571  1.874994E-01 -3.613328E-01 -2.311193E+00
     33572 -1.922992E-01 -3.395865E-01 -2.250732E+00
     33573  4.141568E-02 -2.485273E-01 -2.108672E+00
     33574 -3.474058E-01 -2.502249E-01 -2.043426E+00
     33575 -1.673391E-01 -1.931100E-01 -1.924056E+00
     33576 -5.582890E-01 -1.440866E-01 -1.900314E+00
     33577 -4.587586E-01 -1.188365E-01 -1.851285E+00
     33578 -7.691696E-01 -1.224960E-01 -1.907008E+00
     33579 -6.498910E-01  9.481743E-03 -1.712404E+00
     33580 -1.055513E+00 -3.248816E-02 -1.804092E+00
     33581 -1.296228E+00 -4.728651E-02 -1.835014E+00
     33582 -9.026018E-01  3.166059E-02 -1.681297E+00
     33583 -1.117536E+00  5.920065E-02 -1.707478E+00
     33584 -1.516092E+00 -3.068623E-02 -1.951667E+00
     33585 -1.309676E+00  7.844841E-02 -1.786097E+00
     33586 -1.704096E+00 -6.189143E-02 -2.022232E+00
     33587 -1.513290E+00 -7.322470E-02 -1.902400E+00
     33588 -1.877864E+00 -1.354864E-01 -2.219575E+00
     33589 -1.715363E+00 -1.583088E-02 -2.055679E+00
     33590 -2.148645E+00 -6.009566E-02 -2.558510E+00
     33591 -1.978373E+00  2.067202E-01 -2.317920E+00
     33592 -2.597271E+00 -1.989454E-02 -2.857264E+00
     33593 -3.178336E+00 -3.032703E-01 -3.328269E+00
     33594 -2.488623E+00 -5.645406E-03 -2.716322E+00
     33595 -4.016335E+00 -7.166308E-01 -4.155503E+00
     33596 -3.186191E+00 -2.984097E-01 -3.294440E+00
     33597 -4.766196E+00 -1.329901E+00 -5.494796E+00
     33598 -4.378519E+00 -7.761727E-01 -4.556218E+00
     33599 -4.318616E+00 -2.262722E+00 -4.505161E+00
     33600 -4.977139E+00 -1.303342E+00 -5.579805E+00
     33601 -3.512964E+00 -1.100091E+00 -4.536279E+00
     33602 -3.348982E+00 -8.909037E-01 -4.241813E+00
     33603 -2.587979E+00 -1.466053E+00 -3.735527E+00
     33604 -3.445935E+00 -1.618759E+00 -6.345566E+00
     33605 -3.421037E+00 -1.388023E+00 -6.082712E+00
     33606 -3.153574E+00 -3.144041E+00 -3.424686E+00
     33607 -2.682015E+00 -1.811482E+00 -3.356584E+00
     33608 -2.255440E+00 -1.264603E+00 -2.920888E+00
     33609 -2.806693E+00 -2.437118E+00 -8.137883E+00
     33610 -2.888443E+00 -1.919240E+00 -7.639087E+00
     33611 -3.290651E+00 -4.346124E+00 -3.701006E+00
     33612 -2.844001E+00 -2.193220E+00 -3.478407E+00
     33613 -2.078274E+00 -1.673314E+00 -2.392747E+00
     33614 -2.645466E+00 -3.701577E+00 -5.286058E+00
     33615 -2.088224E+00 -2.218821E+00 -2.855924E+00
     34260  1.104357E-01  2.110048E-01  5.740759E-02
     34261 -2.329840E-01  4.667127E-03  8.681826E-02
     34262 -1.050767E+00 -8.829199E-01  5.658828E-01
     34263 -7.085963E-01  7.695009E-01 -3.879398E-02
     34264 -5.800504E-02 -1.518695E+00 -4.364217E+00
     34265 -9.334106E-01 -7.196155E-01 -5.195869E+00
     34266  9.434687E-01 -4.772841E+00 -7.505963E+00
     34267  3.207729E-01 -3.227266E+00 -6.208239E+00
     34268 -3.024089E-01 -2.945856E+00 -6.185293E+00
     34269 -9.245364E-01 -1.345156E+00 -8.882883E+00
     34270  1.621441E+00 -9.647954E+00 -7.555324E+00
     34271  2.447099E+00 -1.016039E+01 -7.821655E+00
     34272  1.304419E+00 -6.800839E+00 -1.025746E+01
     34273  9.442282E-01 -4.758181E+00 -7.674676E+00
     34274  1.860327E+00 -8.042862E+00 -1.417111E+01
     34275 -3.346037E-01 -4.090573E+00 -1.050132E+01
     34276  5.256204E-02 -4.877682E+00 -2.054350E+01
     34277  2.551438E+00 -5.636840E+00 -1.181666E+01
     34278  1.536416E+00 -8.478052E+00 -5.788221E+00
     34279  1.914681E-01 -8.337789E+00 -1.650479E+01
     34280  2.679126E+00 -9.202652E+00 -9.401789E+00
     34281  1.485774E+00 -9.331541E+00 -1.281522E+01
     34558 -1.111601E-01  1.743708E-01  6.342170E-02
     34559  1.992604E-01  5.701492E-03  7.401780E-02
     34560  9.258705E-01 -7.714732E-01  4.882081E-01
     34561  5.554850E-01  6.796804E-01 -7.941525E-02
     34562  7.904136E-01 -6.418651E-01 -4.822028E+00
     34563  1.326207E-02 -1.361723E+00 -4.002911E+00
     34564 -3.385600E-01 -2.895282E+00 -5.629186E+00
     34565 -9.009414E-01 -4.277320E+00 -6.748439E+00
     34566  2.316041E-01 -2.631591E+00 -5.564212E+00
     34567  8.182448E-01 -1.198228E+00 -8.045188E+00
     34568 -1.197190E+00 -6.082790E+00 -9.107190E+00
     34569 -8.396809E-01 -4.211641E+00 -6.881905E+00
     34570 -1.675160E+00 -7.200754E+00 -1.249902E+01
     34571 -2.108770E+00 -9.137129E+00 -6.862718E+00
     34572 -1.448786E+00 -8.688932E+00 -6.516320E+00
     34573  3.021366E-01 -3.656330E+00 -9.369103E+00
     34574 -2.287977E+00 -5.016264E+00 -1.001394E+01
     34575 -2.033362E-02 -4.303236E+00 -1.779178E+01
     34576 -1.837583E-01 -7.464428E+00 -1.427383E+01
     34577 -1.335619E+00 -7.710134E+00 -4.679337E+00
     34578 -1.312001E+00 -8.415030E+00 -1.119409E+01
     34579 -2.388211E+00 -8.258940E+00 -8.076567E+00

 total force (fx,fy,fz) for set FEET and time  0.5000000E+01

        1.546168E-10 -9.192533E+02  7.713451E+02

                        S T E P       6


                                INCREMENT     1


 displacements (vx,vy,vz) for set TOP and time  0.6000000E+01

     18608  3.307934E-02 -6.954264E-01  6.299435E-01
     18653  1.853140E-02 -8.996584E-01  7.740209E-01
     19090  9.142792E-05 -9.836267E-01  8.384661E-01
     22518 -1.473206E-02 -9.512246E-01  8.114820E-01
     23707 -3.150778E-02 -6.740405E-01  6.054818E-01

 forces (fx,fy,fz) for set FEET and time  0.6000000E+01

       199 -5.019634E-02  1.038213E-01  1.389650E-01
       203  8.790873E-02 -1.760655E+00 -2.570100E+00
       204  4.490769E-03  2.124100E-02 -2.609691E-01
       208  7.164061E-03  7.536982E-01  4.637981E-01
       209  3.888394E-02  3.656362E-01 -1.833743E-01
       213  1.005005E-01 -1.748079E+00 -2.176138E+00
       242 -3.266698E+01 -1.745348E+01 -3.820343E+01
       243 -3.816357E-01  2.621480E-01 -8.545945E-01
       244 -8.044319E-01 -1.200009E+00 -7.061405E-01
       245  2.824404E+01 -1.115717E+01 -2.847936E+01
       269  8.079999E-01 -1.197349E+00 -6.398387E-01
       270 -2.574970E+01 -9.910267E+00 -2.542407E+01
       273  4.346196E-01  3.401675E-01 -7.931713E-01
       274  3.021023E+01 -1.647192E+01 -3.591626E+01
       282  3.781122E-01  1.454347E+00  3.176078E+00
       284 -3.094384E-01  1.309490E+00  2.853048E+00
       290  7.566730E-01 -9.253320E-01 -1.741070E-01
       293 -2.057973E+00  2.659545E-01  2.619347E+00
       294  4.594501E+00  3.321559E+00  6.569621E+00
       301 -6.935992E-01 -8.267853E-01 -1.663467E-01
       302 -4.016539E+00  2.900509E+00  5.837620E+00
       303  1.735465E+00  1.479151E-01  2.248027E+00
      2640  1.240908E+00  2.137978E+00  9.238248E+00
      2656 -4.423717E-02 -9.478578E-01  1.374596E-01
      2665  6.956614E-01 -8.285539E-01  1.660446E+00
      2666 -1.218963E-01 -1.064900E+00  5.301216E-01
      2667 -4.909473E-02 -7.338405E-01 -7.639365E-02
      2668 -4.778835E-02 -4.186337E-01 -5.150267E-01
      2669 -2.257152E-01 -2.904208E-01 -7.195384E-01
      2670  7.138416E-03  5.915720E-02 -7.610865E-01
      2671 -3.488433E-02  1.498435E-02 -1.064000E+00
      2672  1.403117E-02  5.606358E-02 -7.787188E-01
      2673  8.218954E-03  2.844204E-02 -6.487549E-01
      2674 -7.043348E-03  3.017568E-02 -4.491243E-01
      2675  6.789838E-03 -1.788434E-02 -6.222505E-01
      2676 -1.940126E-02  3.970615E-03 -4.176722E-01
      2677  2.415899E-02  5.165952E-01 -3.581147E-01
      2678 -5.076357E-02 -2.256352E-02 -6.153512E-01
      2679 -3.966926E-02  4.521361E-02 -3.569522E-01
      2680 -3.831213E-02 -7.829833E-03 -3.965223E-01
      2681  2.484853E-02  2.132765E-02 -3.167433E-01
      2682  1.648683E-02 -1.878197E-02 -4.097371E-01
      2683  1.493290E-02  1.576134E-03 -2.772457E-01
      2684  4.262113E-02  2.981423E-01 -5.168010E-01
      2685 -6.420686E-02  3.638303E+00  1.185200E+01
      2686 -2.901421E+00  1.169593E+00  1.302980E+01
      2687 -4.412659E+00  4.562928E-01  1.011860E+01
      2688 -4.399197E+00  1.248176E-01  5.534315E+00
      2689 -5.310940E+00  6.581627E-01  4.134209E+00
      2690 -4.037692E+00 -4.441672E-01  1.458868E+00
      2691 -2.895830E+00 -6.173199E-01 -1.170100E-01
      2692 -2.096645E+00 -6.040290E-01 -6.853480E-01
      2693 -1.537374E+00 -5.194586E-01 -7.383975E-01
      2694 -1.203051E+00 -4.840649E-01 -5.034100E-01
      2695 -1.027866E+00 -7.017205E-01 -2.096368E-01
      2696 -9.427375E-01 -6.053550E-01  6.951440E-02
      2697 -8.946822E-01 -4.063334E-01  2.779061E-01
      2698 -9.594235E-01 -3.962043E-01  3.121345E-01
      2699 -7.034412E-01 -4.417358E-01  2.551729E-01
      2700 -5.882945E-01 -1.806714E-01  3.527091E-01
      2701 -4.032137E-01 -6.649921E-01  2.821608E-01
      2702 -1.854004E-01 -4.389111E-01  5.723531E-01
      2703 -5.914466E-02 -3.319133E-01  8.172745E-01
      2704  5.991192E-04 -2.177719E-01  1.102565E+00
      2705 -3.248447E-02 -1.714287E-01  1.246789E+00
      2829  9.291626E-01 -3.454972E+00  1.390847E+00
      2830  6.291298E-02 -2.596384E+00  2.018691E+00
      2831 -1.227464E-02  5.376680E-02  1.001005E+00
      2832 -6.737056E-02  1.974416E-01  4.581613E-01
      2833 -1.624338E-02  1.210147E+00  1.938180E-01
      2834 -1.082948E-01  2.680917E+00  3.128958E-01
      2835 -1.975562E-02  2.138542E+00 -1.500450E-01
      2836  3.486580E-03  1.883529E+00  1.007379E-01
      2837  2.723734E-02  1.570322E+00  1.321436E-01
      2838  3.650532E-02  1.654709E+00  3.278609E-01
      2839 -1.268035E-02  1.662605E+00  8.945929E-02
      2840 -1.339332E-02  1.334560E+00  2.440743E-01
      2841 -6.496433E-02  4.376154E-01  5.573901E-02
      2842  5.568893E-02  2.413386E+00  5.306131E-02
      2843  3.044912E-02  7.995423E-01  2.296938E-01
      2844  6.273831E-02  1.052863E+00  2.420724E-01
      2845 -5.409459E-02  1.695120E+00  3.167888E-01
      2846  6.476006E-03  1.017749E+00  1.717144E-01
      2847 -1.535041E-03  8.932651E-01  3.025659E-01
      2848 -1.672032E-01  7.285877E-01  5.756840E-01
      2849  9.170998E-01 -4.405434E+00  6.743287E+00
      2850 -1.942784E+00 -5.443595E+00  1.092525E+01
      2851 -2.918933E+00 -3.239237E+00  8.568992E+00
      2852 -3.109703E+00 -6.281320E-01  5.458792E+00
      2853 -2.147592E+00 -2.161550E-01  1.758482E+00
      2854 -1.523596E+00  1.726851E+00  2.507969E-01
      2855 -1.184957E+00  1.789955E+00 -7.287386E-01
      2856 -7.988859E-01  1.606925E+00 -1.108098E+00
      2857 -5.646284E-01  1.267554E+00 -1.037628E+00
      2858 -4.031647E-01  1.072422E+00 -7.786329E-01
      2859 -3.664592E-01  1.416567E+00 -3.629940E-01
      2860 -3.918787E-01  1.154883E+00 -8.873620E-02
      2861 -3.469715E-01  6.318824E-01 -8.049710E-02
      2862 -2.647612E-01  3.538234E-01  1.107004E-02
      2863 -4.006222E-01  6.991404E-01  3.208164E-02
      2864 -2.289532E-01  3.779482E-01 -1.591718E-01
      2865 -1.007398E-01  1.379285E+00  2.831942E-01
      2866 -9.403914E-02  7.645823E-01  1.731388E-01
      2867 -3.224377E-02  5.796405E-01  3.272333E-01
      2868  2.262832E-02  3.382285E-01  4.574612E-01
      2869 -2.112466E-03  1.631917E-01  5.721497E-01
      2877 -1.139189E+00  1.749175E+00  8.820505E+00
      2886 -5.287276E-02  3.096016E-01 -4.745819E-01
      2887 -2.397704E-02  1.131760E-02 -2.451337E-01
      2888 -2.237037E-02  1.727292E-02 -2.228551E-01
      2889  1.008644E-02  1.919888E-02 -2.663205E-01
      2890  2.604915E-02 -4.392367E-02 -4.397734E-01
      2891  1.409958E-02  2.784299E-02 -2.846148E-01
      2892  3.431045E-02 -2.438979E-02 -4.453092E-01
      2893  2.174418E-02  7.155884E-03 -3.717286E-01
      2894  1.223444E-02 -2.735303E-03 -4.258399E-01
      2895  4.167436E-02  3.667082E-02 -2.951723E-01
      2896  5.188325E-02  2.856005E-01 -8.148033E-01
      2897 -7.714972E-03  4.095730E-02 -6.653190E-01
      2898  1.039993E-02  4.401489E-02 -5.623154E-01
      2899  5.730334E-02  7.323391E-03 -8.827466E-01
      2900  1.775074E-02 -1.424236E-02 -7.695964E-01
      2901  5.133508E-02 -3.938885E-01 -7.945738E-01
      2902 -6.017296E-03 -3.461265E-01 -2.948932E-01
      2903  1.365708E-01 -7.273025E-01  2.655860E-01
      2904 -8.885329E-02 -9.684883E-01  9.258469E-01
      2905 -1.260604E+00 -3.987449E-01  4.283147E-01
      2906 -5.168578E-02 -1.899148E-01  1.153790E+00
      2907 -9.173214E-02 -2.795274E-01  1.105465E+00
      2908 -3.168708E-02 -2.576971E-01  9.093628E-01
      2909  1.056696E-01 -3.550242E-01  5.881947E-01
      2910  2.359214E-01 -2.555155E-01  3.356256E-01
      2911  5.266760E-01 -1.111457E-01  2.672806E-01
      2912  6.946910E-01 -5.322699E-01  8.728486E-02
      2913  8.963987E-01 -4.913676E-01  1.219918E-01
      2914  1.039800E+00 -5.394385E-01  8.900909E-02
      2915  1.196978E+00 -6.453624E-01 -5.968056E-03
      2916  1.302675E+00 -2.515881E-01 -3.359862E-02
      2917  1.435021E+00 -3.011442E-01 -1.067625E-01
      2918  1.696184E+00 -9.207459E-01 -4.288355E-01
      2919  2.219674E+00 -5.884207E-01 -2.466130E-01
      2920  2.893982E+00 -3.389234E-01  2.921467E-01
      2921  3.916610E+00 -1.579644E-01  1.537887E+00
      2922  4.983872E+00  2.273402E-01  3.878055E+00
      2923  4.182165E+00  1.518414E-01  5.669201E+00
      2924  4.305762E+00  5.293848E-01  8.778988E+00
      2925  3.264992E+00  1.130725E+00  1.182298E+01
      2926  5.754248E-01  3.316188E+00  1.156950E+01
      3050  1.720369E-01  6.601844E-01  4.797670E-01
      3051  8.848183E-03  7.768471E-01  3.158008E-01
      3052  2.350575E-02  1.009719E+00  3.261096E-01
      3053 -1.222032E-02  7.410008E-01  2.368759E-01
      3054  3.227701E-02  9.068817E-01  2.962542E-01
      3055 -1.026975E-02  8.353471E-01  3.135350E-01
      3056 -1.228450E-02  1.325797E+00  7.978416E-02
      3057  1.014480E-02  1.197870E+00  1.782667E-01
      3058  5.945262E-02  1.594881E+00  1.588880E-01
      3059 -4.828210E-02  1.064393E+00  3.575690E-01
      3060 -2.943383E-01  1.092471E+00  2.115333E-01
      3061  7.865103E-02  1.656704E+00  1.445114E-01
      3062 -1.428450E-02  2.453392E+00  3.066171E-01
      3063 -8.390353E-03  1.699495E+00 -6.251709E-02
      3064  3.556974E-03  1.619187E+00  1.028360E-01
      3065  7.678228E-02  1.506318E+00  1.097737E-01
      3066  2.257486E-02  8.536227E-01  6.016071E-01
      3067  1.223772E-01 -9.421258E-01  1.224103E+00
      3068  2.026290E-02 -2.560568E+00  1.581779E+00
      3069 -6.268290E-01 -3.429671E+00  1.147879E+00
      3070 -4.364801E-02  2.174883E-01  6.442237E-01
      3071 -8.352203E-02  2.741115E-01  5.296346E-01
      3072 -1.828612E-02  3.894100E-01  3.248143E-01
      3073 -1.365171E-02  6.437859E-01  2.630694E-01
      3074  5.736828E-02  3.226623E-01 -1.588182E-02
      3075  1.811554E-01  3.656641E-01 -9.756869E-02
      3076  3.825074E-01  9.546078E-01  6.425877E-02
      3077  3.622413E-01  8.671492E-01 -2.890331E-02
      3078  4.391582E-01  9.657495E-01 -3.698581E-02
      3079  3.997665E-01  1.177396E+00 -2.235197E-02
      3080  4.695130E-01  4.506350E-01 -4.257279E-01
      3081  5.756901E-01  6.164506E-01 -5.987110E-01
      3082  7.445066E-01  2.129510E+00 -3.708734E-01
      3083  7.844837E-01  1.475836E+00 -6.992655E-01
      3084  1.120765E+00  1.133166E+00 -5.508125E-01
      3085  1.643982E+00  1.070420E+00  2.481349E-01
      3086  2.220233E+00  5.157449E-01  2.023326E+00
      3087  2.629348E+00 -1.104025E+00  4.378316E+00
      3088  2.784474E+00 -3.165006E+00  8.237501E+00
      3089  1.843371E+00 -4.732475E+00  1.021985E+01
      3090 -8.564582E-01 -3.673258E+00  5.997532E+00
      3570 -3.423930E+00  2.335726E+00 -4.464729E+00
      3571 -1.208948E+01  5.433579E-01 -8.682968E+00
      3572 -2.639479E+01  1.645663E+00 -8.988052E+00
      3573  9.508227E-02  8.848109E-01  1.915252E+00
      3574 -8.661293E+00  6.287912E+00 -1.587216E+01
      3575 -2.334176E+01  9.733328E+00 -4.113593E+01
      3576 -5.137330E+01  1.130683E+01 -7.967985E+01
      3677  1.472128E+00 -9.007295E-01  1.714700E+00
      3678  5.750949E+00 -2.951273E+01 -1.408382E+02
      3679 -5.572966E+00  4.556530E-01  2.814528E+00
      3680 -5.203675E-01  7.566508E-01  2.182949E+00
      3681  9.133866E+00  3.896744E-02  1.162944E+00
      3682 -5.597206E+00 -2.380851E+00  1.109598E+01
      3683 -2.048355E+00  5.547362E+00  3.555995E+00
      3684  8.894010E+00  9.017578E+00 -1.767477E+01
      3685  3.431311E+01  1.307944E+01 -5.941919E+01
      4181  5.814172E+00  6.116286E-02  2.976124E+00
      4182  1.184763E+00  9.006028E-01  2.166795E+00
      4183 -7.605524E+00  3.410752E-02  1.888537E+00
      4184  5.392636E+00 -2.266199E+00  1.074239E+01
      4185  2.557950E+00  5.083131E+00  4.321095E+00
      4186 -7.500356E+00  8.295123E+00 -1.498175E+01
      4187 -3.072586E+01  1.203304E+01 -5.350429E+01
      4295 -1.516475E+00 -8.169817E-01  1.553599E+00
      4296 -5.974749E+00 -2.716026E+01 -1.294575E+02
      4297  3.473154E+00  2.341460E+00 -4.647242E+00
      4298  1.186023E+01  5.041384E-01 -8.710485E+00
      4299  2.514808E+01  1.336215E+00 -8.816165E+00
      4300  6.675055E-02  8.982906E-01  1.229630E+00
      4301  8.562143E+00  5.842191E+00 -1.571413E+01
      4302  2.221971E+01  8.995782E+00 -3.914286E+01
      4303  4.807320E+01  1.047086E+01 -7.454672E+01
      4724 -1.284171E+00  5.701382E+00  9.163772E+00
      4727  1.267406E+00  5.126678E+00  8.309589E+00
      4729 -1.423812E+00 -1.305481E+00  1.559457E+00
      4730 -2.292105E-01 -1.371870E+00  4.592972E-01
      4731 -2.104044E-01 -4.034825E-01  8.469559E-01
      4732  1.613172E-01  1.129842E+00  1.246133E+00
      4733 -2.301654E-01  8.399364E-01  1.649477E+00
      4734 -1.206636E-02  9.089825E-01  1.726305E+00
      4735 -2.153869E-02  8.119726E-01  1.595506E+00
      4736 -3.538054E-02  6.926532E-01  1.379261E+00
      4737 -1.386660E-02  5.879528E-01  1.163866E+00
      4738 -1.248328E-02  5.093781E-01  9.955282E-01
      4739 -8.494544E-03  4.505207E-01  8.535686E-01
      4740  6.343647E-03  4.040759E-01  7.404094E-01
      4741  1.242819E-02  4.234716E-01  7.288511E-01
      4742  2.361415E-02  4.068442E-01  7.380787E-01
      4743  1.411975E-02  3.967635E-01  7.185205E-01
      4744  5.016780E-03  3.894107E-01  7.361679E-01
      4745 -1.012578E-03  3.733727E-01  6.880756E-01
      4746 -2.866717E-03  3.484530E-01  6.452932E-01
      4747  9.948368E-04  3.396857E-01  6.133739E-01
      4748 -3.329859E-03  3.440916E-01  5.942374E-01
      4749  5.569329E-04  3.371834E-01  5.849110E-01
      4750 -1.194849E-03  3.155166E-01  5.685863E-01
      4751  8.639642E-05  3.235617E-01  5.919665E-01
      4752 -2.173574E-03  3.286866E-01  6.177065E-01
      4753 -9.092842E-03  3.272107E-01  6.047734E-01
      4754 -1.242968E-02  3.708599E-01  6.595685E-01
      4755 -9.334044E-03  3.417279E-01  6.329233E-01
      4756 -7.855268E-03  3.434633E-01  6.258042E-01
      4757 -2.085617E-03  3.656520E-01  6.699365E-01
      4758  8.195931E-04  3.976558E-01  7.491118E-01
      4759  5.943823E-03  4.493915E-01  8.469718E-01
      4760  1.057625E-02  5.388993E-01  1.028489E+00
      4761  2.755081E-02  6.344888E-01  1.231986E+00
      4762  1.214122E-02  7.292353E-01  1.400039E+00
      4763  1.289125E-02  7.933605E-01  1.514483E+00
      4764  3.132746E-02  1.188550E+00  1.535317E+00
      4765  7.092563E-02  3.899302E-01  1.161694E+00
      4766  2.147820E-01 -3.837231E-01  8.006580E-01
      4767  2.615485E-01 -1.245985E+00  4.212104E-01
      4768  9.551521E-01  1.356009E-01  7.195209E-01
      4769 -2.701227E+00  5.019912E+00  9.198123E+00
      4770 -1.570434E+00  1.381172E+00  2.027875E+00
      4771 -1.319458E+00  1.212367E+00  1.908525E+00
      4772 -1.330572E+00  1.547293E+00  2.937430E+00
      4773 -2.633299E+00  2.530248E+00  5.682451E+00
      4774 -2.178732E+00  2.186651E+00  5.420552E+00
      4775 -1.723840E+00  1.816405E+00  4.738574E+00
      4776 -1.344144E+00  1.531552E+00  4.103982E+00
      4777 -1.054950E+00  1.292304E+00  3.512709E+00
      4778 -8.662600E-01  1.149902E+00  3.144843E+00
      4779 -7.421992E-01  1.035679E+00  2.861433E+00
      4780 -6.782631E-01  9.436298E-01  2.598023E+00
      4781 -5.944609E-01  8.768025E-01  2.450445E+00
      4782 -5.383817E-01  7.836784E-01  2.454369E+00
      4783 -4.454751E-01  8.953910E-01  2.450521E+00
      4784 -3.469219E-01  8.981125E-01  2.441690E+00
      4785 -2.203738E-01  8.974314E-01  2.474866E+00
      4786 -1.258208E-01  9.358775E-01  2.448274E+00
      4787 -5.323742E-02  9.613399E-01  2.452157E+00
      4788 -2.526680E-02  9.920434E-01  2.475422E+00
      4789 -3.201190E-02  9.703139E-01  2.502228E+00
      4790 -5.010180E-02  9.733554E-01  2.412155E+00
      4791 -1.176274E-02  9.262748E-01  2.339006E+00
      4792  4.649781E-02  8.770227E-01  2.270473E+00
      4793  1.420250E-01  8.288594E-01  2.169825E+00
      4794  3.013858E-01  7.700869E-01  2.135168E+00
      4795  3.668880E-01  7.402976E-01  2.106984E+00
      4796  5.187252E-01  7.336149E-01  2.059132E+00
      4797  6.530578E-01  7.543062E-01  2.109066E+00
      4798  7.666697E-01  8.062884E-01  2.269016E+00
      4799  8.886728E-01  9.146060E-01  2.463899E+00
      4800  1.017494E+00  1.037310E+00  2.809417E+00
      4801  1.158110E+00  1.168192E+00  3.287149E+00
      4802  1.404439E+00  1.420104E+00  3.809321E+00
      4803  1.727700E+00  1.699421E+00  4.312525E+00
      4804  2.133821E+00  2.033016E+00  4.882826E+00
      4805  2.457387E+00  2.337287E+00  5.240668E+00
      4806  1.290825E+00  1.429649E+00  2.631796E+00
      4807  1.274514E+00  1.114593E+00  1.731764E+00
      4808  1.511768E+00  1.233585E+00  1.778312E+00
      4809  2.567009E+00  4.425039E+00  8.309632E+00
      5059  7.859373E-01  1.981420E-02  1.354317E+00
      5078  3.070441E-02  9.843344E+00  1.896571E+01
      5090  3.286784E-01  5.767093E-01 -1.236399E+00
      5091 -5.310142E-01  5.065279E+00  8.371749E-01
      5092 -2.064993E+00  4.932298E+00  4.042598E+00
      5093  4.356277E+00 -1.042590E+00  3.301005E+00
      5094  3.820795E+00 -5.248719E-01  2.041729E+00
      5095  8.116101E+00  3.520735E+00  1.523195E+01
      5096  5.321118E+00  4.113497E+00  1.041056E+01
      5097  4.987956E+00  2.456931E+00  9.201704E+00
      5127 -6.803791E-01 -5.105377E-02  1.357630E+00
      5146 -6.109703E-02  8.620029E+00  1.654292E+01
      5158 -3.800942E+00 -9.501744E-01  2.910078E+00
      5159 -3.373774E+00 -4.493251E-01  1.730376E+00
      5160 -7.102871E+00  3.130782E+00  1.329819E+01
      5161 -4.602071E+00  3.702433E+00  9.093153E+00
      5162 -4.401257E+00  2.192318E+00  8.143875E+00
      5163 -3.561916E-01  5.006763E-01 -1.112459E+00
      5164  2.296569E-01  4.587697E+00  3.308706E-01
      5165  1.813625E+00  4.439368E+00  3.544131E+00
     25134  5.982037E-01  2.670149E+00  1.395448E+01
     25135 -1.583932E+00  1.163613E+00  1.565805E+01
     25136 -3.345766E-02 -4.357254E-01  1.074899E-01
     25137  9.350895E-02 -1.205346E+00  2.927704E-01
     25138 -3.243291E+00  3.136891E-01  1.637197E+01
     25139 -4.320563E+00  1.003219E-01  1.445231E+01
     25140 -5.005652E+00 -4.885737E-01  1.212264E+01
     25141 -4.379576E+00 -1.194935E+00  4.036015E+00
     25142 -4.775093E+00 -1.123661E+00  6.225184E+00
     25143 -5.380542E+00 -1.094307E+00  9.260757E+00
     25144 -3.747696E+00 -1.349978E+00  7.726286E-01
     25145 -3.943167E+00 -2.435714E-01  2.366747E+00
     25146 -2.986393E+00 -1.274324E+00 -1.067186E+00
     25147 -1.789184E+00 -1.739703E+00 -1.955783E+00
     25148 -2.078780E+00 -1.029343E+00 -2.123975E+00
     25149 -2.607205E+00 -2.064986E+00 -2.005114E+00
     25150 -1.443576E+00 -8.566925E-01 -2.516156E+00
     25151 -1.049634E+00 -7.231964E-01 -2.292261E+00
     25152 -1.283234E+00 -1.615285E+00 -2.407654E+00
     25153 -8.272429E-01 -6.656014E-01 -1.853925E+00
     25154 -9.621035E-01 -1.423625E+00 -2.072573E+00
     25155 -6.888454E-01 -8.780617E-01 -1.579951E+00
     25156 -6.776494E-01 -1.353490E+00 -1.041703E+00
     25157 -8.359667E-01 -1.461731E+00 -1.957900E+00
     25158 -6.539844E-01 -8.010259E-01 -1.124335E+00
     25159 -6.500723E-01 -1.247583E+00 -9.432067E-01
     25160 -6.053110E-01 -5.334400E-01 -7.545702E-01
     25161 -7.128209E-01 -5.228395E-01 -5.909668E-01
     25162 -6.468037E-01 -1.079691E+00 -6.815883E-01
     25163 -7.081434E-01 -9.141934E-01 -4.916584E-01
     25164 -5.102121E-01 -7.172975E-01 -7.907264E-01
     25165 -4.523828E-01 -3.327840E-01 -6.037343E-01
     25166 -4.612998E-01 -9.552262E-01 -6.768816E-01
     25167 -4.919488E-01 -1.035972E+00 -6.861472E-01
     25168 -2.817345E-01 -9.294331E-01 -9.134237E-01
     25169 -1.252829E-01 -6.358253E-01 -4.759939E-01
     25170 -6.519965E-02 -1.025540E+00 -1.724437E-01
     25171 -1.580841E-01 -1.303426E+00 -8.653431E-01
     25172 -2.777188E-02 -5.792705E-01 -2.223924E-01
     25173  3.085523E-02 -5.789649E-01 -5.284263E-02
     25174  1.248015E-02 -1.000692E+00 -5.078337E-02
     26058  9.721741E-03 -4.804148E-01  1.808454E-01
     26059 -1.422728E-01 -1.166286E+00  4.122911E-01
     26060 -5.187220E-01  2.061847E+00  1.273562E+01
     26061  1.916961E+00  1.116487E+00  1.477092E+01
     26062 -4.804733E-02 -4.907508E-01  7.481656E-02
     26063 -7.276540E-02 -9.347154E-01  7.247836E-02
     26064 -3.142712E-02 -4.791997E-01 -6.042409E-02
     26065  1.815094E-01 -8.606272E-01 -3.848577E-01
     26066  6.257998E-02 -5.957601E-01 -4.185077E-01
     26067 -1.885344E-02 -1.021446E+00 -3.563548E-01
     26068  3.530803E-01 -8.010619E-01 -4.323736E-01
     26069  1.807240E-01 -3.854684E-01 -5.233129E-01
     26070  3.171712E-01 -2.609833E-01 -5.670760E-01
     26071  6.200855E-01 -1.028341E+00 -6.404076E-01
     26072  4.947274E-01 -6.686231E-01 -8.861091E-01
     26073  3.496572E-01 -9.141443E-01 -8.576158E-01
     26074  6.391886E-01 -6.098275E-01 -7.793723E-01
     26075  7.301799E-01 -6.742995E-01 -8.667312E-01
     26076  7.183125E-01 -1.058196E+00 -7.974626E-01
     26077  8.420009E-01 -7.639310E-01 -1.114728E+00
     26078  8.052315E-01 -1.190162E+00 -9.406381E-01
     26079  9.330605E-01 -3.813772E-01 -1.083474E+00
     26080  1.255880E+00 -1.321289E+00 -9.051476E-01
     26081  1.009986E+00 -1.084378E+00 -1.237922E+00
     26082  9.577507E-01 -5.425369E-01 -1.358216E+00
     26083  1.024363E+00 -1.396367E+00 -1.620656E+00
     26084  1.161478E+00 -1.170386E+00 -2.068996E+00
     26085  1.539332E+00 -8.556492E-01 -1.916416E+00
     26086  1.876647E+00 -1.498749E+00 -1.390358E+00
     26087  1.491395E+00 -1.753394E+00 -2.292863E+00
     26088  2.073521E+00 -7.381394E-01 -1.493550E+00
     26089  2.491184E+00 -1.519526E+00 -1.056755E+00
     26090  2.842132E+00 -7.794219E-01 -3.903294E-01
     26091  3.377281E+00 -1.641540E+00  6.214029E-01
     26092  3.738578E+00 -9.400141E-01  2.045657E+00
     26093  4.637140E+00 -5.572029E-01  6.037735E+00
     26094  4.883520E+00 -4.119076E-01  8.119139E+00
     26095  4.494115E+00 -1.361718E+00  3.772659E+00
     26096  4.600743E+00 -3.884437E-01  1.120606E+01
     26097  4.251265E+00  2.023574E-01  1.303961E+01
     26098  2.885834E+00  1.085397E-01  1.503098E+01
     28505  1.853182E+00 -6.059166E+00 -1.635607E+00
     28506 -1.285618E-01  9.967229E-02  1.160950E-01
     28507 -1.383691E+00  1.306131E-01  3.786894E-01
     28508 -1.373737E+00 -5.867611E-01  8.298143E-02
     28509  5.907242E+00  3.484590E+01 -1.223381E+02
     28510  5.331193E+00  3.537047E+01 -1.098391E+02
     28511  1.188892E-01  2.130048E+01 -9.350944E+01
     28512  1.783677E+00 -7.446317E-01  1.102294E+01
     28513  3.192619E+00  1.579703E+00  1.791641E+00
     28514  1.600167E+00  3.729457E+00  2.717733E+00
     28515  7.213335E-01  9.870245E-01  1.338400E+01
     28516  1.170310E+01  2.377383E+01 -8.324466E+01
     28517  1.492984E+00  9.825989E+00 -1.102095E+01
     28518  1.817523E+00  1.301310E+01 -2.347752E+01
     28519  6.921175E+00  6.274162E+00  4.199632E+00
     28520  4.847107E+00  9.500975E+00  4.651207E+00
     28521 -8.987121E-01  1.542082E+01 -4.563877E+01
     28522  4.975461E+00  1.692131E+01 -5.995407E+01
     28523  8.956409E+00  1.148604E+01 -2.151326E+01
     28524  2.246774E+00  1.021768E+01 -6.602560E+00
     28525  6.669120E+00  1.709294E+01 -2.596798E+01
     28526  6.428718E+00  1.511155E+01 -6.957485E+01
     28527  6.284985E+00  1.753704E+01 -4.683089E+01
     31241  1.380781E-01  8.723880E-02  8.812424E-02
     31242  1.406621E+00  7.509140E-02  3.342502E-01
     31243 -1.413809E+00 -5.531382E+00 -1.544897E+00
     31244  1.427899E+00 -5.333393E-01  7.001162E-02
     31245 -3.169848E+00  1.527032E+00  1.202906E+00
     31246 -1.960122E+00 -7.511710E-01  1.047899E+01
     31247 -7.723170E-01  7.953858E-01  1.270762E+01
     31248 -5.581136E+00  3.227224E+01 -1.004210E+02
     31249 -6.095569E+00  3.216942E+01 -1.134229E+02
     31250 -1.116150E+01  2.209220E+01 -7.564669E+01
     31251 -1.514945E+00  3.519142E+00  2.135790E+00
     31252 -5.092850E-01  1.958887E+01 -8.691709E+01
     31253 -4.963300E+00  8.907970E+00  5.191154E+00
     31254 -2.476916E+00  8.960433E+00 -4.923668E+00
     31255 -7.015702E+00  5.805048E+00  4.279541E+00
     31256 -1.670760E+00  9.143390E+00 -1.105734E+01
     31257 -6.501704E+00  1.583013E+01 -2.293357E+01
     31258 -6.065525E+00  1.600505E+01 -4.209623E+01
     31259 -9.279479E+00  1.061607E+01 -1.953237E+01
     31260 -1.985687E+00  1.206115E+01 -2.245295E+01
     31261  4.262539E-01  1.415955E+01 -4.297149E+01
     31262 -6.852648E+00  1.389564E+01 -6.440105E+01
     31263 -5.007056E+00  1.574205E+01 -5.615394E+01
     33502  1.615720E-01  3.491681E-01 -2.966674E-01
     33503 -1.715622E-01  2.888990E-01 -2.245046E-01
     33504  4.125751E-02  1.949918E-03 -1.124752E-01
     33505 -2.820477E-02 -4.940284E-03 -1.259277E-01
     33506 -1.319163E-02  1.377333E-02 -1.541765E-01
     33507  1.178967E-02  1.586628E-02 -1.691837E-01
     33508  4.681210E-02  6.391451E-02 -1.409313E-01
     33509 -2.132486E-02  5.806642E-02 -1.363856E-01
     33510 -1.508893E+00  5.889279E+00  1.092351E+01
     33511 -2.956115E+00  3.911242E+00  9.847183E+00
     33512 -1.895017E+00  4.011009E+00  8.937480E+00
     33513  1.278469E-01  4.390662E-01  2.639411E+00
     33514 -1.967321E-01  4.629608E-01  2.583907E+00
     33515 -2.437404E-01  4.546706E-01  2.648433E+00
     33516  7.268646E-02  4.845830E-01  2.559163E+00
     33517  2.856498E+00  3.574872E+00  8.920310E+00
     33518  1.547304E+00  5.266096E+00  9.962443E+00
     33519  1.978708E+00  3.621964E+00  8.058809E+00
     33520 -3.690855E+00  3.977108E+00  8.457518E+00
     33521  3.644822E+00  3.664767E+00  7.531491E+00
     33522 -2.860754E+00  2.047266E+00  8.349421E+00
     33523 -2.540867E+00  2.769794E+00  8.441985E+00
     33524 -3.273264E+00  5.860526E+00  4.638086E+00
     33525 -1.757285E+00  2.304476E+00  2.810513E+00
     33526 -3.561747E+00  1.420634E+00  6.625658E+00
     33527 -3.610178E+00  1.691272E+00  6.917120E+00
     33528 -3.431944E+00  4.807198E+00  4.079685E+00
     33529 -2.961861E+00  2.418350E+00  3.853917E+00
     33530 -2.121953E+00  1.797050E+00  2.649809E+00
     33531 -3.477861E+00  8.813842E-01  4.488277E+00
     33532 -3.687808E+00  1.075907E+00  4.913073E+00
     33533 -3.310110E+00  3.469405E+00  3.816900E+00
     33534 -2.774769E+00  1.957063E+00  3.740894E+00
     33535 -2.338988E+00  1.332730E+00  3.230136E+00
     33536 -5.587898E+00  1.610551E+00  6.442592E+00
     33537 -4.417533E+00  1.684755E+00  5.304134E+00
     33538 -2.631762E+00  1.583269E+00  4.125595E+00
     33539 -4.212631E+00  5.448441E-01  4.601790E+00
     33540 -4.828044E+00  1.631263E+00  5.668411E+00
     33541 -3.164418E+00  9.626630E-02  3.453962E+00
     33542 -4.107788E+00  5.844801E-01  4.473285E+00
     33543 -2.362559E+00 -3.212169E-02  2.732539E+00
     33544 -3.120826E+00  2.116630E-01  3.455478E+00
     33545 -2.404099E+00  8.531387E-02  2.861444E+00
     33546 -1.783860E+00 -6.323454E-02  2.313786E+00
     33547 -1.401003E+00 -4.506675E-02  2.186364E+00
     33548 -1.896774E+00  5.032723E-02  2.505868E+00
     33549 -1.161573E+00 -9.298290E-02  2.140032E+00
     33550 -1.627229E+00  2.621021E-02  2.390843E+00
     33551 -1.059510E+00 -2.497557E-02  2.087684E+00
     33552 -1.474907E+00  8.383435E-02  2.375180E+00
     33553 -9.801020E-01  7.399513E-02  2.067614E+00
     33554 -1.348401E+00  1.519803E-01  2.279238E+00
     33555 -9.020427E-01 -7.051117E-02  2.133726E+00
     33556 -1.248225E+00  1.190736E-01  2.245422E+00
     33557 -6.932233E-01 -1.063253E-02  2.064325E+00
     33558 -1.108466E+00 -7.639821E-02  2.274520E+00
     33559 -5.526130E-01  1.700852E-01  2.100225E+00
     33560 -9.146069E-01  2.108269E-01  2.181118E+00
     33561 -2.790913E-01  3.154798E-02  2.135976E+00
     33562 -7.304692E-01  9.179698E-02  2.150211E+00
     33563 -7.567602E-02  1.926155E-01  2.240647E+00
     33564 -5.170136E-01  1.755919E-01  2.291828E+00
     33565  6.707905E-02  3.336632E-01  2.364058E+00
     33566 -3.406769E-01  3.166224E-01  2.355854E+00
     33567  1.149639E-01  4.374648E-01  2.510256E+00
     33568 -2.298089E-01  4.191840E-01  2.490024E+00
     33569 -2.351892E-01  4.549056E-01  2.486005E+00
     33570  1.056287E-01  4.465718E-01  2.433129E+00
     33571 -1.874994E-01  3.613328E-01  2.311193E+00
     33572  1.922992E-01  3.395865E-01  2.250732E+00
     33573 -4.141568E-02  2.485273E-01  2.108672E+00
     33574  3.474058E-01  2.502249E-01  2.043426E+00
     33575  1.673391E-01  1.931100E-01  1.924056E+00
     33576  5.582890E-01  1.440866E-01  1.900314E+00
     33577  4.587586E-01  1.188365E-01  1.851285E+00
     33578  7.691696E-01  1.224960E-01  1.907008E+00
     33579  6.498910E-01 -9.481743E-03  1.712404E+00
     33580  1.055513E+00  3.248816E-02  1.804092E+00
     33581  1.296228E+00  4.728651E-02  1.835014E+00
     33582  9.026018E-01 -3.166059E-02  1.681297E+00
     33583  1.117536E+00 -5.920065E-02  1.707478E+00
     33584  1.516092E+00  3.068623E-02  1.951667E+00
     33585  1.309676E+00 -7.844841E-02  1.786097E+00
     33586  1.704096E+00  6.189143E-02  2.022232E+00
     33587  1.513290E+00  7.322470E-02  1.902400E+00
     33588  1.877864E+00  1.354864E-01  2.219575E+00
     33589  1.715363E+00  1.583088E-02  2.055679E+00
     33590  2.148645E+00  6.009566E-02  2.558510E+00
     33591  1.978373E+00 -2.067202E-01  2.317920E+00
     33592  2.597271E+00  1.989454E-02  2.857264E+00
     33593  3.178336E+00  3.032703E-01  3.328269E+00
     33594  2.488623E+00  5.645406E-03  2.716322E+00
     33595  4.016335E+00  7.166308E-01  4.155503E+00
     33596  3.186191E+00  2.984097E-01  3.294440E+00
     33597  4.766196E+00  1.329901E+00  5.494796E+00
     33598  4.378519E+00  7.761727E-01  4.556218E+00
     33599  4.318616E+00  2.262722E+00  4.505161E+00
     33600  4.977139E+00  1.303342E+00  5.579805E+00
     33601  3.512964E+00  1.100091E+00  4.536279E+00
     33602  3.348982E+00  8.909037E-01  4.241813E+00
     33603  2.587979E+00  1.466053E+00  3.735527E+00
     33604  3.445935E+00  1.618759E+00  6.345566E+00
     33605  3.421037E+00  1.388023E+00  6.082712E+00
     33606  3.153574E+00  3.144041E+00  3.424686E+00
     33607  2.682015E+00  1.811482E+00  3.356584E+00
     33608  2.255440E+00  1.264603E+00  2.920888E+00
     33609  2.806693E+00  2.437118E+00  8.137883E+00
     33610  2.888443E+00  1.919240E+00  7.639087E+00
     33611  3.290651E+00  4.346124E+00  3.701006E+00
     33612  2.844001E+00  2.193220E+00  3.478407E+00
     33613  2.078274E+00  1.673314E+00  2.392747E+00
     33614  2.645466E+00  3.701577E+00  5.286058E+00
     33615  2.088224E+00  2.218821E+00  2.855924E+00
     34260 -1.104357E-01 -2.110048E-01 -5.740759E-02
     34261  2.329840E-01 -4.667127E-03 -8.681826E-02
     34262  1.050767E+00  8.829199E-01 -5.658828E-01
     34263  7.085963E-01 -7.695009E-01  3.879398E-02
     34264  5.800504E-02  1.518695E+00  4.364217E+00
     34265  9.334106E-01  7.196155E-01  5.195869E+00
     34266 -9.434687E-01  4.772841E+00  7.505963E+00
     34267 -3.207729E-01  3.227266E+00  6.208239E+00
     34268  3.024089E-01  2.945856E+00  6.185293E+00
     34269  9.245364E-01  1.345156E+00  8.882883E+00
     34270 -1.621441E+00  9.647954E+00  7.555324E+00
     34271 -2.447099E+00  1.016039E+01  7.821655E+00
     34272 -1.304419E+00  6.800839E+00  1.025746E+01
     34273 -9.442282E-01  4.758181E+00  7.674676E+00
     34274 -1.860327E+00  8.042862E+00  1.417111E+01
     34275  3.346037E-01  4.090573E+00  1.050132E+01
     34276 -5.256204E-02  4.877682E+00  2.054350E+01
     34277 -2.551438E+00  5.636840E+00  1.181666E+01
     34278 -1.536416E+00  8.478052E+00  5.788221E+00
     34279 -1.914681E-01  8.337789E+00  1.650479E+01
     34280 -2.679126E+00  9.202652E+00  9.401789E+00
     34281 -1.485774E+00  9.331541E+00  1.281522E+01
     34558  1.111601E-01 -1.743708E-01 -6.342170E-02
     34559 -1.992604E-01 -5.701492E-03 -7.401780E-02
     34560 -9.258705E-01  7.714732E-01 -4.882081E-01
     34561 -5.554850E-01 -6.796804E-01  7.941525E-02
     34562 -7.904136E-01  6.418651E-01  4.822028E+00
     34563 -1.326207E-02  1.361723E+00  4.002911E+00
     34564  3.385600E-01  2.895282E+00  5.629186E+00
     34565  9.009414E-01  4.277320E+00  6.748439E+00
     34566 -2.316041E-01  2.631591E+00  5.564212E+00
     34567 -8.182448E-01  1.198228E+00  8.045188E+00
     34568  1.197190E+00  6.082790E+00  9.107190E+00
     34569  8.396809E-01  4.211641E+00  6.881905E+00
     34570  1.675160E+00  7.200754E+00  1.249902E+01
     34571  2.108770E+00  9.137129E+00  6.862718E+00
     34572  1.448786E+00  8.688932E+00  6.516320E+00
     34573 -3.021366E-01  3.656330E+00  9.369103E+00
     34574  2.287977E+00  5.016264E+00  1.001394E+01
     34575  2.033362E-02  4.303236E+00  1.779178E+01
     34576  1.837583E-01  7.464428E+00  1.427383E+01
     34577  1.335619E+00  7.710134E+00  4.679337E+00
     34578  1.312001E+00  8.415030E+00  1.119409E+01
     34579  2.388211E+00  8.258940E+00  8.076567E+00

 total force (fx,fy,fz) for set FEET and time  0.6000000E+01

       -1.552394E-10  9.192533E+02 -7.713451E+02
