
************************************************************

CalculiX Version 2.21, Copyright(C) 1998-2023 Guido Dhondt
CalculiX comes with ABSOLUTELY NO WARRANTY. This is free
software, and you are welcome to redistribute it under
certain conditions, see gpl.htm

************************************************************

You are using an executable made on Sat Jul 29 10:52:01 CEST 2023

  The numbers below are estimated upper bounds

  number of:

   nodes:           35
   elements:           99
   one-dimensional elements:            0
   two-dimensional elements:            0
   integration points per element:            8
   degrees of freedom per node:            3
   layers per element:            1

   distributed facial loads:            0
   distributed volumetric loads:            0
   concentrated loads:           18
   single point constraints:           39
   multiple point constraints:            1
   terms in all multiple point constraints:            1
   tie constraints:            1
   dependent nodes tied by cyclic constraints:            0
   dependent nodes in pre-tension constraints:            0

   sets:            9
   terms in all sets:           94

   materials:            2
   constants per material and temperature:            8
   temperature points per material:            1
   plastic data points per material:            0

   orientations:            0
   amplitudes:            5
   data points in all amplitudes:            5
   print requests:           10
   transformations:            0
   property cards:            0

 *INFO reading *SURFACE BEHAVIOR: the tension
       value at large clearances
       (only relevant for node-to-surface contact)
       must be strictly positive
       the following default will be used:  0.10000000000000001     
       the user is advised to analyze the results
       carefully

 STEP            1

 *INFO reading *STEP: nonlinear geometric
       effects are turned on

 Static analysis was selected

 Newton-Raphson iterative procedure is active

 Nonlinear geometric effects are taken into account

 Decascading the MPC's

 Determining the structure of the matrix:
 Using up to 2 cpu(s) for setting up the structure of the matrix.
 number of equations
 75
 number of nonzero lower triangular matrix elements
 1143

 increment 1 attempt 1 
 increment size= 2.500000e-01
 sum of previous increments=0.000000e+00
 actual step time=2.500000e-01
 actual total time=2.500000e-01

 iteration 1

 Determining the structure of the matrix:

 Using up to 2 cpu(s) for setting up the structure of the matrix.
 number of equations
 75
 number of nonzero lower triangular matrix elements
 1143

 Using up to 2 cpu(s) for the stress calculation.

 Using up to 2 cpu(s) for the symmetric stiffness/mass contributions.

 Using up to 2 cpu(s) for the stress calculation.

 Using up to 2 cpu(s) for the symmetric stiffness/mass contributions.

 Factoring the system of equations using the unsymmetric spooles solver
 Using 1 cpu for spooles.

MORTAR_OBSERVER {"kind":"BEGIN","call_id":1,"step":1,"inc":1,"cutback":0,"iteration":1,"time":0.25,"dtime":0.25,"ttime":0,"tper":1,"theta":0,"dtheta":0.25,"icntrl":0,"nmethod":1,"iexpl":0,"ithermal":0,"uncoupled":0,"mortar":2,"iflagdualquad":2}
MORTAR_OBSERVER {"kind":"INVENTORY","call_id":1,"pair_count":1,"slave_count":9}
MORTAR_OBSERVER {"kind":"PAIR","call_id":1,"pair":0,"start":0,"end":9}
MORTAR_OBSERVER {"kind":"PRE_RAW","call_id":1,"pair":0,"slot":0,"node":1,"activity":1,"lambda_raw":[0.00012692061389285342,0.00012692061389285258,-0.0032966404883233106],"lambda_start":[0,0,0],"ddtil_count":1}
MORTAR_OBSERVER {"kind":"DDTIL","call_id":1,"pair":0,"column_slot":0,"source_slot":0,"destination_slot":0,"entry":0,"value":1333.3333532015426}
MORTAR_OBSERVER {"kind":"PRE_RAW","call_id":1,"pair":0,"slot":1,"node":2,"activity":1,"lambda_raw":[-1.6346337510249535e-05,6.5206240227485892e-05,-0.0031944069637296715],"lambda_start":[0,0,0],"ddtil_count":1}
MORTAR_OBSERVER {"kind":"DDTIL","call_id":1,"pair":0,"column_slot":1,"source_slot":1,"destination_slot":1,"entry":1,"value":666.66667660077144}
MORTAR_OBSERVER {"kind":"PRE_RAW","call_id":1,"pair":0,"slot":2,"node":3,"activity":1,"lambda_raw":[2.5394884168422055e-05,2.5394884168420097e-05,-0.0031422439140707868],"lambda_start":[0,0,0],"ddtil_count":1}
MORTAR_OBSERVER {"kind":"DDTIL","call_id":1,"pair":0,"column_slot":2,"source_slot":2,"destination_slot":2,"entry":2,"value":1333.3333532015431}
MORTAR_OBSERVER {"kind":"PRE_RAW","call_id":1,"pair":0,"slot":3,"node":4,"activity":1,"lambda_raw":[6.5206240227487166e-05,-1.6346337510249043e-05,-0.0031944069637296632],"lambda_start":[0,0,0],"ddtil_count":1}
MORTAR_OBSERVER {"kind":"DDTIL","call_id":1,"pair":0,"column_slot":3,"source_slot":3,"destination_slot":3,"entry":3,"value":666.6666766007711}
MORTAR_OBSERVER {"kind":"PRE_RAW","call_id":1,"pair":0,"slot":4,"node":17,"activity":1,"lambda_raw":[-0.00018419456242446225,-2.4249230162242236e-05,-0.0028250775344619383],"lambda_start":[0,0,0],"ddtil_count":1}
MORTAR_OBSERVER {"kind":"DDTIL","call_id":1,"pair":0,"column_slot":4,"source_slot":4,"destination_slot":4,"entry":4,"value":999.99999006588939}
MORTAR_OBSERVER {"kind":"PRE_RAW","call_id":1,"pair":0,"slot":5,"node":18,"activity":1,"lambda_raw":[7.9201154454923165e-05,-8.2919556867581707e-05,-0.0029115875563259521],"lambda_start":[0,0,0],"ddtil_count":1}
MORTAR_OBSERVER {"kind":"DDTIL","call_id":1,"pair":0,"column_slot":5,"source_slot":5,"destination_slot":5,"entry":5,"value":999.99999006588848}
MORTAR_OBSERVER {"kind":"PRE_RAW","call_id":1,"pair":0,"slot":6,"node":19,"activity":1,"lambda_raw":[-4.1587225602924532e-05,-4.1587225602924085e-05,-0.0028411406546443281],"lambda_start":[0,0,0],"ddtil_count":1}
MORTAR_OBSERVER {"kind":"DDTIL","call_id":1,"pair":0,"column_slot":6,"source_slot":6,"destination_slot":6,"entry":6,"value":1999.9999801317781}
MORTAR_OBSERVER {"kind":"PRE_RAW","call_id":1,"pair":0,"slot":7,"node":23,"activity":1,"lambda_raw":[-8.2919556867581598e-05,7.9201154454922948e-05,-0.0029115875563259491],"lambda_start":[0,0,0],"ddtil_count":1}
MORTAR_OBSERVER {"kind":"DDTIL","call_id":1,"pair":0,"column_slot":7,"source_slot":7,"destination_slot":7,"entry":7,"value":999.99999006588996}
MORTAR_OBSERVER {"kind":"PRE_RAW","call_id":1,"pair":0,"slot":8,"node":24,"activity":1,"lambda_raw":[-2.4249230162238855e-05,-0.00018419456242446138,-0.00282507753446194],"lambda_start":[0,0,0],"ddtil_count":1}
MORTAR_OBSERVER {"kind":"DDTIL","call_id":1,"pair":0,"column_slot":8,"source_slot":8,"destination_slot":8,"entry":8,"value":999.99999006588905}
MORTAR_OBSERVER {"kind":"LAW","call_id":1,"pair":0,"slot":0,"node":1,"activity":1,"ndof":3,"normal":[0,0,-1],"tangents":[1,-0,0,-0,1,0],"ln":4.3955207165960903,"lt":[0.16922748771215654,0.16922748771215543],"lt_start":[0,0],"q":0.00043955207165959423,"ut":[0.0016922748771215827,0.0016922748771216055],"gn":0.00043955207165960903,"gt":[0.0016922748771215654,0.0016922748771215543],"b":1.318656170580748,"constant_n":10000000000,"constant_t":100,"mu":0.29999999999999999,"normal_mode":1,"tangent_mode":1,"normal_inverse_stiffness":0.0001,"tangent_inverse_stiffness":0.01,"p0":0,"beta":0,"iwan":1,"rn":4.4398078991036982e-08,"rt":[1.7347234759768071e-17,5.1174342541315809e-17]}
MORTAR_OBSERVER {"kind":"LAW","call_id":1,"pair":0,"slot":1,"node":2,"activity":1,"ndof":3,"normal":[0,0,-1],"tangents":[1,-0,0,-0,1,0],"ln":2.1296046742200212,"lt":[-0.010897558502552586,0.043470827466089552],"lt_start":[0,0],"q":0.00021296046742202182,"ut":[-0.00010897558502550148,0.00043470827466089587],"gn":0.00021296046742200214,"gt":[-0.00010897558502552586,0.00043470827466089555],"b":0.63888146130081458,"constant_n":10000000000,"constant_t":100,"mu":0.29999999999999999,"normal_mode":1,"tangent_mode":1,"normal_inverse_stiffness":0.0001,"tangent_inverse_stiffness":0.01,"p0":0,"beta":0,"iwan":1,"rn":-5.9034808264080141e-08,"rt":[2.4380996353767781e-17,3.2526065174565133e-19]}
MORTAR_OBSERVER {"kind":"LAW","call_id":1,"pair":0,"slot":2,"node":3,"activity":1,"ndof":3,"normal":[0,0,-1],"tangents":[1,-0,0,-0,1,0],"ln":4.1896586145251433,"lt":[0.033859846062446956,0.033859846062444347],"lt_start":[0,0],"q":0.00041896586145254763,"ut":[0.0003385984606244371,0.00033859846062441834],"gn":0.00041896586145251434,"gt":[0.00033859846062446957,0.00033859846062444349],"b":1.256897684212563,"constant_n":10000000000,"constant_t":100,"mu":0.29999999999999999,"normal_mode":1,"tangent_mode":1,"normal_inverse_stiffness":0.0001,"tangent_inverse_stiffness":0.01,"p0":0,"beta":0,"iwan":1,"rn":-9.9855020030403807e-08,"rt":[-3.2471855065940858e-17,-2.5153490401663703e-17]}
MORTAR_OBSERVER {"kind":"LAW","call_id":1,"pair":0,"slot":3,"node":4,"activity":1,"ndof":3,"normal":[0,0,-1],"tangents":[1,-0,0,-0,1,0],"ln":2.1296046742200145,"lt":[0.043470827466090378,-0.010897558502552253],"lt_start":[0,0],"q":0.00021296046742199509,"ut":[0.0004347082746609136,-0.00010897558502550447],"gn":0.00021296046742200146,"gt":[0.00043470827466090379,-0.00010897558502552254],"b":0.6388813831569411,"constant_n":10000000000,"constant_t":100,"mu":0.29999999999999999,"normal_mode":1,"tangent_mode":1,"normal_inverse_stiffness":0.0001,"tangent_inverse_stiffness":0.01,"p0":0,"beta":0,"iwan":1,"rn":1.9109063220668077e-08,"rt":[9.8120296609938151e-18,1.8065518699039718e-17]}
MORTAR_OBSERVER {"kind":"LAW","call_id":1,"pair":0,"slot":4,"node":17,"activity":1,"ndof":3,"normal":[0,0,-1],"tangents":[1,-0,0,-0,1,0],"ln":2.8250775063973057,"lt":[-0.18419456059465308,-0.0242492299213477],"lt_start":[0,0],"q":0.00028250775063972939,"ut":[-0.0018419456059465438,-0.00024249229921344603],"gn":0.00028250775063973059,"gt":[-0.0018419456059465308,-0.00024249229921347702],"b":0.84752324834132453,"constant_n":10000000000,"constant_t":100,"mu":0.29999999999999999,"normal_mode":1,"tangent_mode":1,"normal_inverse_stiffness":0.0001,"tangent_inverse_stiffness":0.01,"p0":0,"beta":0,"iwan":1,"rn":3.5778671136910134e-09,"rt":[-1.3010426069826053e-17,3.0981077078773289e-17]}
MORTAR_OBSERVER {"kind":"LAW","call_id":1,"pair":0,"slot":5,"node":18,"activity":1,"ndof":3,"normal":[0,0,-1],"tangents":[1,-0,0,-0,1,0],"ln":2.9115875274019167,"lt":[0.079201153668130062,-0.082919556043849582],"lt_start":[0,0],"q":0.00029115875274018585,"ut":[0.00079201153668129567,-0.00082919556043851094],"gn":0.0002911587527401917,"gt":[0.00079201153668130065,-0.00082919556043849587],"b":0.87347624065649976,"constant_n":10000000000,"constant_t":100,"mu":0.29999999999999999,"normal_mode":1,"tangent_mode":1,"normal_inverse_stiffness":0.0001,"tangent_inverse_stiffness":0.01,"p0":0,"beta":0,"iwan":1,"rn":1.7564075194265172e-08,"rt":[-4.9873299934333204e-18,-1.5070410197548512e-17]}
MORTAR_OBSERVER {"kind":"LAW","call_id":1,"pair":0,"slot":6,"node":19,"activity":1,"ndof":3,"normal":[0,0,-1],"tangents":[1,-0,0,-0,1,0],"ln":5.6822812528402435,"lt":[-0.083174450379584833,-0.083174450379583945],"lt_start":[0,0],"q":0.00056822812528404751,"ut":[-0.00083174450379585284,-0.00083174450379591876],"gn":0.00056822812528402441,"gt":[-0.00083174450379584839,-0.0008317445037958395],"b":1.704684445132592,"constant_n":10000000000,"constant_t":100,"mu":0.29999999999999999,"normal_mode":1,"tangent_mode":1,"normal_inverse_stiffness":0.0001,"tangent_inverse_stiffness":0.01,"p0":0,"beta":0,"iwan":1,"rn":-6.9280518877334885e-08,"rt":[-4.4452289071905682e-18,-7.9255178808690374e-17]}
MORTAR_OBSERVER {"kind":"LAW","call_id":1,"pair":0,"slot":7,"node":23,"activity":1,"ndof":3,"normal":[0,0,-1],"tangents":[1,-0,0,-0,1,0],"ln":2.9115875274019181,"lt":[-0.082919556043849596,0.079201153668129964],"lt_start":[0,0],"q":0.0002911587527402032,"ut":[-0.00082919556043849121,0.00079201153668127799],"gn":0.00029115875274019181,"gt":[-0.00082919556043849598,0.00079201153668129968],"b":0.87347629237294377,"constant_n":10000000000,"constant_t":100,"mu":0.29999999999999999,"normal_mode":1,"tangent_mode":1,"normal_inverse_stiffness":0.0001,"tangent_inverse_stiffness":0.01,"p0":0,"beta":0,"iwan":1,"rn":-3.4152368377782238e-08,"rt":[4.7704895589362195e-18,-2.1684043449710089e-17]}
MORTAR_OBSERVER {"kind":"LAW","call_id":1,"pair":0,"slot":8,"node":24,"activity":1,"ndof":3,"normal":[0,0,-1],"tangents":[1,-0,0,-0,1,0],"ln":2.8250775063973066,"lt":[-0.02424922992134431,-0.18419456059465217],"lt_start":[0,0],"q":0.00028250775063974262,"ut":[-0.00024249229921345389,-0.0018419456059465557],"gn":0.0002825077506397307,"gt":[-0.00024249229921344311,-0.0018419456059465217],"b":0.84752328769786367,"constant_n":10000000000,"constant_t":100,"mu":0.29999999999999999,"normal_mode":1,"tangent_mode":1,"normal_inverse_stiffness":0.0001,"tangent_inverse_stiffness":0.01,"p0":0,"beta":0,"iwan":1,"rn":-3.5778671692021646e-08,"rt":[-1.0787811616230769e-17,-3.4043948216044839e-17]}
MORTAR_OBSERVER {"kind":"POST_RAW_AFTER_ACTIVE_LOOP","call_id":1,"pair":0,"slot":0,"node":1,"activity":1,"lambda_raw":[0.00012692061389285342,0.00012692061389285258,-0.0032966404883233106],"gap":-0.00043955207165959423}
MORTAR_OBSERVER {"kind":"POST_RAW_AFTER_ACTIVE_LOOP","call_id":1,"pair":0,"slot":1,"node":2,"activity":1,"lambda_raw":[-1.6346337510249535e-05,6.5206240227485892e-05,-0.0031944069637296715],"gap":-0.00021296046742202182}
MORTAR_OBSERVER {"kind":"POST_RAW_AFTER_ACTIVE_LOOP","call_id":1,"pair":0,"slot":2,"node":3,"activity":1,"lambda_raw":[2.5394884168422055e-05,2.5394884168420097e-05,-0.0031422439140707868],"gap":-0.00041896586145254763}
MORTAR_OBSERVER {"kind":"POST_RAW_AFTER_ACTIVE_LOOP","call_id":1,"pair":0,"slot":3,"node":4,"activity":1,"lambda_raw":[6.5206240227487166e-05,-1.6346337510249043e-05,-0.0031944069637296632],"gap":-0.00021296046742199509}
MORTAR_OBSERVER {"kind":"POST_RAW_AFTER_ACTIVE_LOOP","call_id":1,"pair":0,"slot":4,"node":17,"activity":1,"lambda_raw":[-0.00018419456242446225,-2.4249230162242236e-05,-0.0028250775344619383],"gap":-0.00028250775063972939}
MORTAR_OBSERVER {"kind":"POST_RAW_AFTER_ACTIVE_LOOP","call_id":1,"pair":0,"slot":5,"node":18,"activity":1,"lambda_raw":[7.9201154454923165e-05,-8.2919556867581707e-05,-0.0029115875563259521],"gap":-0.00029115875274018585}
MORTAR_OBSERVER {"kind":"POST_RAW_AFTER_ACTIVE_LOOP","call_id":1,"pair":0,"slot":6,"node":19,"activity":1,"lambda_raw":[-4.1587225602924532e-05,-4.1587225602924085e-05,-0.0028411406546443281],"gap":-0.00056822812528404751}
MORTAR_OBSERVER {"kind":"POST_RAW_AFTER_ACTIVE_LOOP","call_id":1,"pair":0,"slot":7,"node":23,"activity":1,"lambda_raw":[-8.2919556867581598e-05,7.9201154454922948e-05,-0.0029115875563259491],"gap":-0.0002911587527402032}
MORTAR_OBSERVER {"kind":"POST_RAW_AFTER_ACTIVE_LOOP","call_id":1,"pair":0,"slot":8,"node":24,"activity":1,"lambda_raw":[-2.4249230162238855e-05,-0.00018419456242446138,-0.00282507753446194],"gap":-0.00028250775063974262}
MORTAR_OBSERVER {"kind":"SUMMARY_PRE_OVERRIDE","call_id":1,"ndiverg":14,"flag":0,"keepset":0,"max_n":9.9855020030403807e-08,"max_t":[3.2471855065940858e-17,7.9255178808690374e-17],"lm_t_av":[0.7111946703508083,0.71119467035080497],"nstick":9,"nslip":0,"ninactive":0,"nnogap":0,"nolm":0}
MORTAR_OBSERVER {"kind":"SUMMARY_POST_OVERRIDE","call_id":1,"flag":0}
MORTAR_OBSERVER {"kind":"RETURN","call_id":1}
 Using up to 2 cpu(s) for the stress calculation.

 average force= 1.167445
 time avg. forc= 1.167445
 largest residual force= 0.000006 in node 19 and dof 3
 largest increment of disp= 9.280095e-05
 largest correction to disp= 9.280095e-05 in node 8 and dof 3

MORTAR_OBSERVER {"kind":"PRE_CHECK","call_id":1,"step":1,"inc":1,"cutback":0,"iteration":1,"time":0.25,"dtime":0.25,"ttime":0,"tper":1,"theta":0,"dtheta":0.25,"icntrl":0,"nmethod":1,"iexpl":0,"ithermal":0,"uncoupled":0,"mortar":2,"iflagdualquad":2}
 no convergence

MORTAR_OBSERVER {"kind":"POST_CHECK","call_id":1,"step":1,"inc":1,"cutback":0,"iteration":2,"time":0.25,"dtime":0.25,"ttime":0,"tper":1,"theta":0,"dtheta":0.25,"icntrl":0,"nmethod":1,"iexpl":0,"ithermal":0,"uncoupled":0,"mortar":2,"iflagdualquad":2}
 iteration 2

 Determining the structure of the matrix:

 Using up to 2 cpu(s) for setting up the structure of the matrix.
 number of equations
 75
 number of nonzero lower triangular matrix elements
 1143

 Using up to 2 cpu(s) for the stress calculation.

 Using up to 2 cpu(s) for the symmetric stiffness/mass contributions.

 Using up to 2 cpu(s) for the stress calculation.

 Using up to 2 cpu(s) for the symmetric stiffness/mass contributions.

 Factoring the system of equations using the unsymmetric spooles solver
 Using 1 cpu for spooles.

MORTAR_OBSERVER {"kind":"BEGIN","call_id":2,"step":1,"inc":1,"cutback":0,"iteration":2,"time":0.25,"dtime":0.25,"ttime":0,"tper":1,"theta":0,"dtheta":0.25,"icntrl":0,"nmethod":1,"iexpl":0,"ithermal":0,"uncoupled":0,"mortar":2,"iflagdualquad":2}
MORTAR_OBSERVER {"kind":"INVENTORY","call_id":2,"pair_count":1,"slave_count":9}
MORTAR_OBSERVER {"kind":"PAIR","call_id":2,"pair":0,"start":0,"end":9}
MORTAR_OBSERVER {"kind":"PRE_RAW","call_id":2,"pair":0,"slot":0,"node":1,"activity":1,"lambda_raw":[0.00012692072592137638,0.00012692072592137635,-0.0032966408191869249],"lambda_start":[0,0,0],"ddtil_count":1}
MORTAR_OBSERVER {"kind":"DDTIL","call_id":2,"pair":0,"column_slot":0,"source_slot":0,"destination_slot":0,"entry":0,"value":1333.3333532015426}
MORTAR_OBSERVER {"kind":"PRE_RAW","call_id":2,"pair":0,"slot":1,"node":2,"activity":1,"lambda_raw":[-1.6346336761773472e-05,6.5206278637154486e-05,-0.0031944069798051939],"lambda_start":[0,0,0],"ddtil_count":1}
MORTAR_OBSERVER {"kind":"DDTIL","call_id":2,"pair":0,"column_slot":1,"source_slot":1,"destination_slot":1,"entry":1,"value":666.66667660077144}
MORTAR_OBSERVER {"kind":"PRE_RAW","call_id":2,"pair":0,"slot":2,"node":3,"activity":1,"lambda_raw":[2.5394917443968433e-05,2.5394917443968219e-05,-0.0031422438438646508],"lambda_start":[0,0,0],"ddtil_count":1}
MORTAR_OBSERVER {"kind":"DDTIL","call_id":2,"pair":0,"column_slot":2,"source_slot":2,"destination_slot":2,"entry":2,"value":1333.3333532015431}
MORTAR_OBSERVER {"kind":"PRE_RAW","call_id":2,"pair":0,"slot":3,"node":4,"activity":1,"lambda_raw":[6.5206278637154296e-05,-1.6346336761773333e-05,-0.0031944069798051974],"lambda_start":[0,0,0],"ddtil_count":1}
MORTAR_OBSERVER {"kind":"DDTIL","call_id":2,"pair":0,"column_slot":3,"source_slot":3,"destination_slot":3,"entry":3,"value":666.6666766007711}
MORTAR_OBSERVER {"kind":"PRE_RAW","call_id":2,"pair":0,"slot":4,"node":17,"activity":1,"lambda_raw":[-0.00018419461170678358,-2.4249263740679305e-05,-0.0028250773598146057],"lambda_start":[0,0,0],"ddtil_count":1}
MORTAR_OBSERVER {"kind":"DDTIL","call_id":2,"pair":0,"column_slot":4,"source_slot":4,"destination_slot":4,"entry":4,"value":999.99999006588939}
MORTAR_OBSERVER {"kind":"PRE_RAW","call_id":2,"pair":0,"slot":5,"node":18,"activity":1,"lambda_raw":[7.9201222551713782e-05,-8.2919599557242609e-05,-0.0029115875655131703],"lambda_start":[0,0,0],"ddtil_count":1}
MORTAR_OBSERVER {"kind":"DDTIL","call_id":2,"pair":0,"column_slot":5,"source_slot":5,"destination_slot":5,"entry":5,"value":999.99999006588848}
MORTAR_OBSERVER {"kind":"PRE_RAW","call_id":2,"pair":0,"slot":6,"node":19,"activity":1,"lambda_raw":[-4.1587236991474073e-05,-4.158723699147452e-05,-0.0028411406356157877],"lambda_start":[0,0,0],"ddtil_count":1}
MORTAR_OBSERVER {"kind":"DDTIL","call_id":2,"pair":0,"column_slot":6,"source_slot":6,"destination_slot":6,"entry":6,"value":1999.9999801317781}
MORTAR_OBSERVER {"kind":"PRE_RAW","call_id":2,"pair":0,"slot":7,"node":23,"activity":1,"lambda_raw":[-8.2919599557241863e-05,7.9201222551713999e-05,-0.0029115875655131703],"lambda_start":[0,0,0],"ddtil_count":1}
MORTAR_OBSERVER {"kind":"DDTIL","call_id":2,"pair":0,"column_slot":7,"source_slot":7,"destination_slot":7,"entry":7,"value":999.99999006588996}
MORTAR_OBSERVER {"kind":"PRE_RAW","call_id":2,"pair":0,"slot":8,"node":24,"activity":1,"lambda_raw":[-2.4249263740679156e-05,-0.00018419461170678372,-0.002825077359814607],"lambda_start":[0,0,0],"ddtil_count":1}
MORTAR_OBSERVER {"kind":"DDTIL","call_id":2,"pair":0,"column_slot":8,"source_slot":8,"destination_slot":8,"entry":8,"value":999.99999006588905}
MORTAR_OBSERVER {"kind":"LAW","call_id":2,"pair":0,"slot":0,"node":1,"activity":1,"ndof":3,"normal":[0,0,-1],"tangents":[1,-0,0,-0,1,0],"ln":4.3955211577475835,"lt":[0.16922763708352273,0.16922763708352268],"lt_start":[0,0],"q":0.00043955211577475839,"ut":[0.0016922763708352273,0.0016922763708352273],"gn":0.00043955211577475839,"gt":[0.0016922763708352273,0.0016922763708352268],"b":1.3186563473242749,"constant_n":10000000000,"constant_t":100,"mu":0.29999999999999999,"normal_mode":1,"tangent_mode":1,"normal_inverse_stiffness":0.0001,"tangent_inverse_stiffness":0.01,"p0":0,"beta":0,"iwan":1,"rn":0,"rt":[0,4.3368086899420177e-19]}
MORTAR_OBSERVER {"kind":"LAW","call_id":2,"pair":0,"slot":1,"node":2,"activity":1,"ndof":3,"normal":[0,0,-1],"tangents":[1,-0,0,-0,1,0],"ln":2.129604684937036,"lt":[-0.010897558003568536,0.043470853072535662],"lt_start":[0,0],"q":0.0002129604684937036,"ut":[-0.00010897558003568536,0.00043470853072535652],"gn":0.00021296046849370362,"gt":[-0.00010897558003568537,0.00043470853072535663],"b":0.63888140539979554,"constant_n":10000000000,"constant_t":100,"mu":0.29999999999999999,"normal_mode":1,"tangent_mode":1,"normal_inverse_stiffness":0.0001,"tangent_inverse_stiffness":0.01,"p0":0,"beta":0,"iwan":1,"rn":8.1315287836503103e-11,"rt":[1.3552527156068805e-20,-1.0842021724855044e-19]}
MORTAR_OBSERVER {"kind":"LAW","call_id":2,"pair":0,"slot":2,"node":3,"activity":1,"ndof":3,"normal":[0,0,-1],"tangents":[1,-0,0,-0,1,0],"ln":4.1896585209169608,"lt":[0.03385989042984279,0.033859890429842505],"lt_start":[0,0],"q":0.00041896585209169623,"ut":[0.00033859890429842798,0.00033859890429842516],"gn":0.00041896585209169612,"gt":[0.00033859890429842793,0.00033859890429842505],"b":1.2568975566003489,"constant_n":10000000000,"constant_t":100,"mu":0.29999999999999999,"normal_mode":1,"tangent_mode":1,"normal_inverse_stiffness":0.0001,"tangent_inverse_stiffness":0.01,"p0":0,"beta":0,"iwan":1,"rn":-3.2526070725680256e-10,"rt":[5.4210108624275222e-20,1.0842021724855044e-19]}
MORTAR_OBSERVER {"kind":"LAW","call_id":2,"pair":0,"slot":3,"node":4,"activity":1,"ndof":3,"normal":[0,0,-1],"tangents":[1,-0,0,-0,1,0],"ln":2.1296046849370374,"lt":[0.043470853072535509,-0.010897558003568439],"lt_start":[0,0],"q":0.00021296046849370373,"ut":[0.00043470853072535512,-0.00010897558003568437],"gn":0.00021296046849370376,"gt":[0.00043470853072535512,-0.00010897558003568439],"b":0.63888140539979599,"constant_n":10000000000,"constant_t":100,"mu":0.29999999999999999,"normal_mode":1,"tangent_mode":1,"normal_inverse_stiffness":0.0001,"tangent_inverse_stiffness":0.01,"p0":0,"beta":0,"iwan":1,"rn":8.131517681420064e-11,"rt":[0,2.7105054312137611e-20]}
MORTAR_OBSERVER {"kind":"LAW","call_id":2,"pair":0,"slot":4,"node":17,"activity":1,"ndof":3,"normal":[0,0,-1],"tangents":[1,-0,0,-0,1,0],"ln":2.8250773317499749,"lt":[-0.18419460987697395,-0.024249263499784436],"lt_start":[0,0],"q":0.00028250773317499753,"ut":[-0.0018419460987697395,-0.00024249263499784442],"gn":0.00028250773317499748,"gt":[-0.0018419460987697395,-0.00024249263499784437],"b":0.8475231996876228,"constant_n":10000000000,"constant_t":100,"mu":0.29999999999999999,"normal_mode":1,"tangent_mode":1,"normal_inverse_stiffness":0.0001,"tangent_inverse_stiffness":0.01,"p0":0,"beta":0,"iwan":1,"rn":-1.6263035362840128e-10,"rt":[0,-5.4210108624275222e-20]}
MORTAR_OBSERVER {"kind":"LAW","call_id":2,"pair":0,"slot":5,"node":18,"activity":1,"ndof":3,"normal":[0,0,-1],"tangents":[1,-0,0,-0,1,0],"ln":2.9115875365891348,"lt":[0.079201221764920005,-0.082919598733510055],"lt_start":[0,0],"q":0.00029115875365891351,"ut":[0.00079201221764920024,-0.00082919598733510074],"gn":0.00029115875365891351,"gt":[0.00079201221764920002,-0.00082919598733510052],"b":0.87347626097674047,"constant_n":10000000000,"constant_t":100,"mu":0.29999999999999999,"normal_mode":1,"tangent_mode":1,"normal_inverse_stiffness":0.0001,"tangent_inverse_stiffness":0.01,"p0":0,"beta":0,"iwan":1,"rn":0,"rt":[2.1684043449710089e-19,-2.1684043449710089e-19]}
MORTAR_OBSERVER {"kind":"LAW","call_id":2,"pair":0,"slot":6,"node":19,"activity":1,"ndof":3,"normal":[0,0,-1],"tangents":[1,-0,0,-0,1,0],"ln":5.6822812147831625,"lt":[-0.083174473156683693,-0.083174473156684595],"lt_start":[0,0],"q":0.00056822812147831628,"ut":[-0.00083174473156683688,-0.00083174473156684566],"gn":0.00056822812147831628,"gt":[-0.00083174473156683699,-0.00083174473156684599],"b":1.7046843644349488,"constant_n":10000000000,"constant_t":100,"mu":0.29999999999999999,"normal_mode":1,"tangent_mode":1,"normal_inverse_stiffness":0.0001,"tangent_inverse_stiffness":0.01,"p0":0,"beta":0,"iwan":1,"rn":0,"rt":[1.0842021724855044e-19,3.2526065174565133e-19]}
MORTAR_OBSERVER {"kind":"LAW","call_id":2,"pair":0,"slot":7,"node":23,"activity":1,"ndof":3,"normal":[0,0,-1],"tangents":[1,-0,0,-0,1,0],"ln":2.9115875365891393,"lt":[-0.082919598733509431,0.079201221764920338],"lt_start":[0,0],"q":0.00029115875365891389,"ut":[-0.00082919598733509434,0.00079201221764920349],"gn":0.00029115875365891394,"gt":[-0.00082919598733509434,0.00079201221764920338],"b":0.87347626081411145,"constant_n":10000000000,"constant_t":100,"mu":0.29999999999999999,"normal_mode":1,"tangent_mode":1,"normal_inverse_stiffness":0.0001,"tangent_inverse_stiffness":0.01,"p0":0,"beta":0,"iwan":1,"rn":1.6263035362840128e-10,"rt":[0,1.0842021724855044e-19]}
MORTAR_OBSERVER {"kind":"LAW","call_id":2,"pair":0,"slot":8,"node":24,"activity":1,"ndof":3,"normal":[0,0,-1],"tangents":[1,-0,0,-0,1,0],"ln":2.8250773317499749,"lt":[-0.02424926349978428,-0.184194609876974],"lt_start":[0,0],"q":0.00028250773317499748,"ut":[-0.00024249263499784274,-0.0018419460987697397],"gn":0.00028250773317499748,"gt":[-0.0002424926349978428,-0.0018419460987697401],"b":0.84752319952499244,"constant_n":10000000000,"constant_t":100,"mu":0.29999999999999999,"normal_mode":1,"tangent_mode":1,"normal_inverse_stiffness":0.0001,"tangent_inverse_stiffness":0.01,"p0":0,"beta":0,"iwan":1,"rn":0,"rt":[5.4210108624275222e-20,4.3368086899420177e-19]}
MORTAR_OBSERVER {"kind":"POST_RAW_AFTER_ACTIVE_LOOP","call_id":2,"pair":0,"slot":0,"node":1,"activity":1,"lambda_raw":[0.00012692072592137638,0.00012692072592137635,-0.0032966408191869249],"gap":-0.00043955211577475839}
MORTAR_OBSERVER {"kind":"POST_RAW_AFTER_ACTIVE_LOOP","call_id":2,"pair":0,"slot":1,"node":2,"activity":1,"lambda_raw":[-1.6346336761773472e-05,6.5206278637154486e-05,-0.0031944069798051939],"gap":-0.0002129604684937036}
MORTAR_OBSERVER {"kind":"POST_RAW_AFTER_ACTIVE_LOOP","call_id":2,"pair":0,"slot":2,"node":3,"activity":1,"lambda_raw":[2.5394917443968433e-05,2.5394917443968219e-05,-0.0031422438438646508],"gap":-0.00041896585209169623}
MORTAR_OBSERVER {"kind":"POST_RAW_AFTER_ACTIVE_LOOP","call_id":2,"pair":0,"slot":3,"node":4,"activity":1,"lambda_raw":[6.5206278637154296e-05,-1.6346336761773333e-05,-0.0031944069798051974],"gap":-0.00021296046849370373}
MORTAR_OBSERVER {"kind":"POST_RAW_AFTER_ACTIVE_LOOP","call_id":2,"pair":0,"slot":4,"node":17,"activity":1,"lambda_raw":[-0.00018419461170678358,-2.4249263740679305e-05,-0.0028250773598146057],"gap":-0.00028250773317499753}
MORTAR_OBSERVER {"kind":"POST_RAW_AFTER_ACTIVE_LOOP","call_id":2,"pair":0,"slot":5,"node":18,"activity":1,"lambda_raw":[7.9201222551713782e-05,-8.2919599557242609e-05,-0.0029115875655131703],"gap":-0.00029115875365891351}
MORTAR_OBSERVER {"kind":"POST_RAW_AFTER_ACTIVE_LOOP","call_id":2,"pair":0,"slot":6,"node":19,"activity":1,"lambda_raw":[-4.1587236991474073e-05,-4.158723699147452e-05,-0.0028411406356157877],"gap":-0.00056822812147831628}
MORTAR_OBSERVER {"kind":"POST_RAW_AFTER_ACTIVE_LOOP","call_id":2,"pair":0,"slot":7,"node":23,"activity":1,"lambda_raw":[-8.2919599557241863e-05,7.9201222551713999e-05,-0.0029115875655131703],"gap":-0.00029115875365891389}
MORTAR_OBSERVER {"kind":"POST_RAW_AFTER_ACTIVE_LOOP","call_id":2,"pair":0,"slot":8,"node":24,"activity":1,"lambda_raw":[-2.4249263740679156e-05,-0.00018419461170678372,-0.002825077359814607],"gap":-0.00028250773317499748}
MORTAR_OBSERVER {"kind":"SUMMARY_PRE_OVERRIDE","call_id":2,"ndiverg":14,"flag":0,"keepset":0,"max_n":3.2526070725680256e-10,"max_t":[2.1684043449710089e-19,4.3368086899420177e-19],"lm_t_av":[0.71119510562134092,0.7111951056213428],"nstick":9,"nslip":0,"ninactive":0,"nnogap":0,"nolm":0}
MORTAR_OBSERVER {"kind":"SUMMARY_POST_OVERRIDE","call_id":2,"flag":0}
MORTAR_OBSERVER {"kind":"RETURN","call_id":2}
 Using up to 2 cpu(s) for the stress calculation.

 average force= 1.167446
 time avg. forc= 1.167446
 largest residual force= 0.000000 in node 13 and dof 3
 largest increment of disp= 9.280095e-05
 largest correction to disp= 7.444341e-11 in node 6 and dof 3

MORTAR_OBSERVER {"kind":"PRE_CHECK","call_id":2,"step":1,"inc":1,"cutback":0,"iteration":2,"time":0.25,"dtime":0.25,"ttime":0,"tper":1,"theta":0,"dtheta":0.25,"icntrl":0,"nmethod":1,"iexpl":0,"ithermal":0,"uncoupled":0,"mortar":2,"iflagdualquad":2}
 convergence

MORTAR_OBSERVER {"kind":"POST_CHECK","call_id":2,"step":1,"inc":1,"cutback":0,"iteration":2,"time":0.25,"dtime":0.25,"ttime":0,"tper":1,"theta":0.25,"dtheta":0.25,"icntrl":1,"nmethod":1,"iexpl":0,"ithermal":0,"uncoupled":0,"mortar":2,"iflagdualquad":2}
 Using up to 2 cpu(s) for the stress calculation.

 increment 2 attempt 1 
 increment size= 2.500000e-01
 sum of previous increments=2.500000e-01
 actual step time=5.000000e-01
 actual total time=5.000000e-01

 iteration 1

 Determining the structure of the matrix:

 Using up to 2 cpu(s) for setting up the structure of the matrix.
 number of equations
 75
 number of nonzero lower triangular matrix elements
 1143

 Using up to 2 cpu(s) for the stress calculation.

 Using up to 2 cpu(s) for the symmetric stiffness/mass contributions.

 Using up to 2 cpu(s) for the stress calculation.

 Using up to 2 cpu(s) for the symmetric stiffness/mass contributions.

 Factoring the system of equations using the unsymmetric spooles solver
 Using 1 cpu for spooles.

MORTAR_OBSERVER {"kind":"BEGIN","call_id":3,"step":1,"inc":2,"cutback":0,"iteration":1,"time":0.5,"dtime":0.25,"ttime":0,"tper":1,"theta":0.25,"dtheta":0.25,"icntrl":0,"nmethod":1,"iexpl":0,"ithermal":0,"uncoupled":0,"mortar":2,"iflagdualquad":2}
MORTAR_OBSERVER {"kind":"INVENTORY","call_id":3,"pair_count":1,"slave_count":9}
MORTAR_OBSERVER {"kind":"PAIR","call_id":3,"pair":0,"start":0,"end":9}
MORTAR_OBSERVER {"kind":"PRE_RAW","call_id":3,"pair":0,"slot":0,"node":1,"activity":1,"lambda_raw":[0.00032717039051297694,0.00032717039051297596,-0.0066001557818503717],"lambda_start":[0.00012692072592137638,0.00012692072592137635,-0.0032966408191869249],"ddtil_count":1}
MORTAR_OBSERVER {"kind":"DDTIL","call_id":3,"pair":0,"column_slot":0,"source_slot":0,"destination_slot":0,"entry":0,"value":1333.3338462852309}
MORTAR_OBSERVER {"kind":"PRE_RAW","call_id":3,"pair":0,"slot":1,"node":2,"activity":1,"lambda_raw":[-1.5524538808111076e-05,0.00018177790757513851,-0.0064044867879083037],"lambda_start":[-1.6346336761773472e-05,6.5206278637154486e-05,-0.0031944069798051939],"ddtil_count":1}
MORTAR_OBSERVER {"kind":"DDTIL","call_id":3,"pair":0,"column_slot":1,"source_slot":1,"destination_slot":1,"entry":1,"value":666.66697977452793}
MORTAR_OBSERVER {"kind":"PRE_RAW","call_id":3,"pair":0,"slot":2,"node":3,"activity":1,"lambda_raw":[6.4901491407786283e-05,6.4901491407786053e-05,-0.0062879438511422268],"lambda_start":[2.5394917443968433e-05,2.5394917443968219e-05,-0.0031422438438646508],"ddtil_count":1}
MORTAR_OBSERVER {"kind":"DDTIL","call_id":3,"pair":0,"column_slot":2,"source_slot":2,"destination_slot":2,"entry":2,"value":1333.3340306188584}
MORTAR_OBSERVER {"kind":"PRE_RAW","call_id":3,"pair":0,"slot":3,"node":4,"activity":1,"lambda_raw":[0.00018177790757513849,-1.5524538808111151e-05,-0.0064044867879083089],"lambda_start":[6.5206278637154296e-05,-1.6346336761773333e-05,-0.0031944069798051974],"ddtil_count":1}
MORTAR_OBSERVER {"kind":"DDTIL","call_id":3,"pair":0,"column_slot":3,"source_slot":3,"destination_slot":3,"entry":3,"value":666.6669797745277}
MORTAR_OBSERVER {"kind":"PRE_RAW","call_id":3,"pair":0,"slot":4,"node":17,"activity":1,"lambda_raw":[-0.00048531380793925025,-5.8316901074897777e-05,-0.0056430882226375673],"lambda_start":[-0.00018419461170678358,-2.4249263740679305e-05,-0.0028250773598146057],"ddtil_count":1}
MORTAR_OBSERVER {"kind":"DDTIL","call_id":3,"pair":0,"column_slot":4,"source_slot":4,"destination_slot":4,"entry":4,"value":1000.0004073934354}
MORTAR_OBSERVER {"kind":"PRE_RAW","call_id":3,"pair":0,"slot":5,"node":18,"activity":1,"lambda_raw":[0.0002096075734900929,-0.00021268272701249562,-0.0058259418390887545],"lambda_start":[7.9201222551713782e-05,-8.2919599557242609e-05,-0.0029115875655131703],"ddtil_count":1}
MORTAR_OBSERVER {"kind":"DDTIL","call_id":3,"pair":0,"column_slot":5,"source_slot":5,"destination_slot":5,"entry":5,"value":1000.0004656040549}
MORTAR_OBSERVER {"kind":"PRE_RAW","call_id":3,"pair":0,"slot":6,"node":19,"activity":1,"lambda_raw":[-0.00010180230657766606,-0.0001018023065776669,-0.0056692323189682014],"lambda_start":[-4.1587236991474073e-05,-4.158723699147452e-05,-0.0028411406356157877],"ddtil_count":1}
MORTAR_OBSERVER {"kind":"DDTIL","call_id":3,"pair":0,"column_slot":6,"source_slot":6,"destination_slot":6,"entry":6,"value":2000.0008596730599}
MORTAR_OBSERVER {"kind":"PRE_RAW","call_id":3,"pair":0,"slot":7,"node":23,"activity":1,"lambda_raw":[-0.00021268272701249392,0.00020960757349009284,-0.0058259418390887675],"lambda_start":[-8.2919599557241863e-05,7.9201222551713999e-05,-0.0029115875655131703],"ddtil_count":1}
MORTAR_OBSERVER {"kind":"DDTIL","call_id":3,"pair":0,"column_slot":7,"source_slot":7,"destination_slot":7,"entry":7,"value":1000.0004656040541}
MORTAR_OBSERVER {"kind":"PRE_RAW","call_id":3,"pair":0,"slot":8,"node":24,"activity":1,"lambda_raw":[-5.8316901074897608e-05,-0.00048531380793925035,-0.0056430882226375526],"lambda_start":[-2.4249263740679156e-05,-0.00018419461170678372,-0.002825077359814607],"ddtil_count":1}
MORTAR_OBSERVER {"kind":"DDTIL","call_id":3,"pair":0,"column_slot":8,"source_slot":8,"destination_slot":8,"entry":8,"value":1000.0004073934367}
MORTAR_OBSERVER {"kind":"LAW","call_id":3,"pair":0,"slot":0,"node":1,"activity":1,"ndof":3,"normal":[3.7072482079489004e-08,3.7072482079488726e-08,-0.99999999999999878],"tangents":[0.99999999999999933,-1.374368927534024e-15,3.7072482079488984e-08,-0,0.99999999999999944,3.7072482079488752e-08],"ln":8.8002111270403134,"lt":[0.43622702892763959,0.43622702892763898],"lt_start":[0.16922753671312243,0.16922753671312266],"q":0.00088002111270403158,"ut":[0.00097418920917885911,0.00097418920917884979],"gn":0.00088002111270403137,"gt":[0.0026699949221451712,0.0026699949221451638],"b":2.6400633387626153,"constant_n":10000000000,"constant_t":100,"mu":0.29999999999999999,"normal_mode":1,"tangent_mode":1,"normal_inverse_stiffness":0.0001,"tangent_inverse_stiffness":0.01,"p0":0,"beta":0,"iwan":1,"rn":-6.5052141451360512e-10,"rt":[-0.0016958057129663122,-0.0016958057129663139]}
MORTAR_OBSERVER {"kind":"LAW","call_id":3,"pair":0,"slot":1,"node":2,"activity":1,"ndof":3,"normal":[3.419649667970893e-08,-2.051340828584143e-08,-0.99999999999999922],"tangents":[0.99999999999999944,7.0148669833629066e-16,3.4196496679708924e-08,-9.8607613152626476e-32,0.99999999999999989,-2.0513408285841443e-08],"ln":4.2696598610608456,"lt":[-0.01034984340700513,0.1211854162181269],"lt_start":[-0.010897635784401475,0.043470916526838349],"q":0.00042696598610608434,"ut":[0.00011498823153141965,0.00034030343785876202],"gn":0.00042696598610608461,"gt":[5.477923773963452e-06,0.00077714499691288548],"b":1.280897957505102,"constant_n":10000000000,"constant_t":100,"mu":0.29999999999999999,"normal_mode":1,"tangent_mode":1,"normal_inverse_stiffness":0.0001,"tangent_inverse_stiffness":0.01,"p0":0,"beta":0,"iwan":1,"rn":8.1315154609740148e-10,"rt":[0.0001095103077574562,-0.00043684155905412346]}
MORTAR_OBSERVER {"kind":"LAW","call_id":3,"pair":0,"slot":2,"node":3,"activity":1,"ndof":3,"normal":[-2.2603575222616979e-08,-2.2603575222616169e-08,-0.99999999999999956],"tangents":[0.99999999999999978,-5.1092161284448612e-16,-2.2603575222616976e-08,9.8607613152626476e-32,0.99999999999999989,-2.2603575222616172e-08],"ln":8.3839295154365114,"lt":[0.086535556638700384,0.08653555663870012],"lt_start":[0.033860002334109213,0.033860002334108942],"q":0.0008383929515436506,"ut":[0.00018778403116811825,0.00018778403116812416],"gn":0.00083839295154365114,"gt":[0.00052675554304591169,0.00052675554304591179],"b":2.5151788530046502,"constant_n":10000000000,"constant_t":100,"mu":0.29999999999999999,"normal_mode":1,"tangent_mode":1,"normal_inverse_stiffness":0.0001,"tangent_inverse_stiffness":0.01,"p0":0,"beta":0,"iwan":1,"rn":1.626303092194803e-09,"rt":[-0.00033897151187779344,-0.00033897151187778764]}
MORTAR_OBSERVER {"kind":"LAW","call_id":3,"pair":0,"slot":3,"node":4,"activity":1,"ndof":3,"normal":[-2.0513408285841172e-08,3.4196496679709744e-08,-0.99999999999999922],"tangents":[0.99999999999999978,7.0148669833629816e-16,-2.0513408285841159e-08,-0,0.99999999999999944,3.4196496679709751e-08],"ln":4.2696598610608474,"lt":[0.12118541621812681,-0.01034984340700526],"lt_start":[0.043470916526838203,-0.010897635784401411],"q":0.00042696598610608493,"ut":[0.00034030343785876121,0.00011498823153141595],"gn":0.00042696598610608477,"gt":[0.00077714499691288602,5.4779237739615089e-06],"b":1.2808979588061453,"constant_n":10000000000,"constant_t":100,"mu":0.29999999999999999,"normal_mode":1,"tangent_mode":1,"normal_inverse_stiffness":0.0001,"tangent_inverse_stiffness":0.01,"p0":0,"beta":0,"iwan":1,"rn":-4.8789106088520384e-10,"rt":[-0.00043684155905412481,0.00010951030775745445]}
MORTAR_OBSERVER {"kind":"LAW","call_id":3,"pair":0,"slot":4,"node":17,"activity":1,"ndof":3,"normal":[3.6214636911915287e-08,7.6993882345491948e-09,-0.99999999999999933],"tangents":[0.99999999999999933,-2.7883054935807172e-16,3.6214636911915287e-08,-0,1,7.6993882345491997e-09],"ln":5.6430905035701855,"lt":[-0.48531421001538361,-0.058316968281165213],"lt_start":[-0.18419478905565162,-0.024249295371046413],"q":0.00056430905035701829,"ut":[-0.0011738546818546747,-9.8790549430971634e-05],"gn":0.00056430905035701861,"gt":[-0.00301119420959732,-0.000340676729101188],"b":1.6929271500952738,"constant_n":10000000000,"constant_t":100,"mu":0.29999999999999999,"normal_mode":1,"tangent_mode":1,"normal_inverse_stiffness":0.0001,"tangent_inverse_stiffness":0.01,"p0":0,"beta":0,"iwan":1,"rn":9.7578167768119783e-10,"rt":[0.0018373395277426453,0.00024188617967021636]}
MORTAR_OBSERVER {"kind":"LAW","call_id":3,"pair":0,"slot":5,"node":18,"activity":1,"ndof":3,"normal":[5.9837032521186219e-09,-2.1745733157480924e-08,-0.99999999999999978],"tangents":[1,1.3012001421412235e-16,5.9837032521186202e-09,-0,0.99999999999999978,-2.1745733157480924e-08],"ln":5.8259445575500717,"lt":[0.20960763622350564,-0.21268269934900005],"lt_start":[0.079201242006040048,-0.082919574850308639],"q":0.00058259445575500695,"ut":[0.0005112987469322542,-0.00046764693341697555],"gn":0.00058259445575500717,"gt":[0.0013040639421746558,-0.0012976312449869143],"b":1.7477833666145002,"constant_n":10000000000,"constant_t":100,"mu":0.29999999999999999,"normal_mode":1,"tangent_mode":1,"normal_inverse_stiffness":0.0001,"tangent_inverse_stiffness":0.01,"p0":0,"beta":0,"iwan":1,"rn":6.505211924690002e-10,"rt":[-0.00079276519524240164,0.00082998431156993866]}
MORTAR_OBSERVER {"kind":"LAW","call_id":3,"pair":0,"slot":6,"node":19,"activity":1,"ndof":3,"normal":[7.2344513925688265e-09,7.2344513925689622e-09,-1],"tangents":[1,-5.2337286951442013e-17,7.2344513925688265e-09,-0,1,7.2344513925689622e-09],"ln":11.338469508676761,"lt":[-0.20360478269963905,-0.20360478269964075],"lt_start":[-0.083174550842580755,-0.083174550842581643],"q":0.0011338469508676758,"ut":[-0.00037637730339228699,-0.00037637730339228672],"gn":0.0011338469508676762,"gt":[-0.0012043023185705831,-0.0012043023185705911],"b":3.4015408513019856,"constant_n":10000000000,"constant_t":100,"mu":0.29999999999999999,"normal_mode":1,"tangent_mode":1,"normal_inverse_stiffness":0.0001,"tangent_inverse_stiffness":0.01,"p0":0,"beta":0,"iwan":1,"rn":1.3010428290272102e-09,"rt":[0.00082792501517829609,0.00082792501517830433]}
MORTAR_OBSERVER {"kind":"LAW","call_id":3,"pair":0,"slot":7,"node":23,"activity":1,"ndof":3,"normal":[-2.1745733157481199e-08,5.9837032521194358e-09,-0.99999999999999978],"tangents":[0.99999999999999978,1.3012001421414173e-16,-2.1745733157481199e-08,-0,1,5.9837032521194366e-09],"ln":5.8259445575500797,"lt":[-0.21268269934899814,0.20960763622350545],"lt_start":[-0.082919574850307806,0.079201242006040215],"q":0.00058259445575500782,"ut":[-0.00046764693341697338,0.00051129874693225247],"gn":0.00058259445575500803,"gt":[-0.0012976312449869032,0.0013040639421746526],"b":1.7477833666145026,"constant_n":10000000000,"constant_t":100,"mu":0.29999999999999999,"normal_mode":1,"tangent_mode":1,"normal_inverse_stiffness":0.0001,"tangent_inverse_stiffness":0.01,"p0":0,"beta":0,"iwan":1,"rn":6.505211924690002e-10,"rt":[0.00082998431156992977,-0.00079276519524240012]}
MORTAR_OBSERVER {"kind":"LAW","call_id":3,"pair":0,"slot":8,"node":24,"activity":1,"ndof":3,"normal":[7.6993882345494595e-09,3.6214636911915559e-08,-0.99999999999999933],"tangents":[1,-2.7883054935808326e-16,7.6993882345494561e-09,-4.9303806576313238e-32,0.99999999999999944,3.6214636911915559e-08],"ln":5.6430905035701784,"lt":[-0.058316968281164984,-0.48531421001538444],"lt_start":[-0.024249295371046246,-0.18419478905565201],"q":0.00056430905035701785,"ut":[-9.8790549430969736e-05,-0.0011738546818546866],"gn":0.00056430905035701785,"gt":[-0.0003406767291011874,-0.0030111942095973243],"b":1.6929271510710535,"constant_n":10000000000,"constant_t":100,"mu":0.29999999999999999,"normal_mode":1,"tangent_mode":1,"normal_inverse_stiffness":0.0001,"tangent_inverse_stiffness":0.01,"p0":0,"beta":0,"iwan":1,"rn":0,"rt":[0.00024188617967021766,0.0018373395277426377]}
MORTAR_OBSERVER {"kind":"POST_RAW_AFTER_ACTIVE_LOOP","call_id":3,"pair":0,"slot":0,"node":1,"activity":1,"lambda_raw":[0.00032717039051297694,0.00032717039051297596,-0.0066001557818503717],"gap":-0.00088002111270403158}
MORTAR_OBSERVER {"kind":"POST_RAW_AFTER_ACTIVE_LOOP","call_id":3,"pair":0,"slot":1,"node":2,"activity":1,"lambda_raw":[-1.5524538808111076e-05,0.00018177790757513851,-0.0064044867879083037],"gap":-0.00042696598610608434}
MORTAR_OBSERVER {"kind":"POST_RAW_AFTER_ACTIVE_LOOP","call_id":3,"pair":0,"slot":2,"node":3,"activity":1,"lambda_raw":[6.4901491407786283e-05,6.4901491407786053e-05,-0.0062879438511422268],"gap":-0.0008383929515436506}
MORTAR_OBSERVER {"kind":"POST_RAW_AFTER_ACTIVE_LOOP","call_id":3,"pair":0,"slot":3,"node":4,"activity":1,"lambda_raw":[0.00018177790757513849,-1.5524538808111151e-05,-0.0064044867879083089],"gap":-0.00042696598610608493}
MORTAR_OBSERVER {"kind":"POST_RAW_AFTER_ACTIVE_LOOP","call_id":3,"pair":0,"slot":4,"node":17,"activity":1,"lambda_raw":[-0.00048531380793925025,-5.8316901074897777e-05,-0.0056430882226375673],"gap":-0.00056430905035701829}
MORTAR_OBSERVER {"kind":"POST_RAW_AFTER_ACTIVE_LOOP","call_id":3,"pair":0,"slot":5,"node":18,"activity":1,"lambda_raw":[0.0002096075734900929,-0.00021268272701249562,-0.0058259418390887545],"gap":-0.00058259445575500695}
MORTAR_OBSERVER {"kind":"POST_RAW_AFTER_ACTIVE_LOOP","call_id":3,"pair":0,"slot":6,"node":19,"activity":1,"lambda_raw":[-0.00010180230657766606,-0.0001018023065776669,-0.0056692323189682014],"gap":-0.0011338469508676758}
MORTAR_OBSERVER {"kind":"POST_RAW_AFTER_ACTIVE_LOOP","call_id":3,"pair":0,"slot":7,"node":23,"activity":1,"lambda_raw":[-0.00021268272701249392,0.00020960757349009284,-0.0058259418390887675],"gap":-0.00058259445575500782}
MORTAR_OBSERVER {"kind":"POST_RAW_AFTER_ACTIVE_LOOP","call_id":3,"pair":0,"slot":8,"node":24,"activity":1,"lambda_raw":[-5.8316901074897608e-05,-0.00048531380793925035,-0.0056430882226375526],"gap":-0.00056430905035701785}
MORTAR_OBSERVER {"kind":"SUMMARY_PRE_OVERRIDE","call_id":3,"ndiverg":14,"flag":1,"keepset":0,"max_n":1.626303092194803e-09,"max_t":[0.0018373395277426453,0.0018373395277426377],"lm_t_av":[1.8238241417601633,1.8238241417601673],"nstick":9,"nslip":0,"ninactive":0,"nnogap":0,"nolm":0}
MORTAR_OBSERVER {"kind":"SUMMARY_POST_OVERRIDE","call_id":3,"flag":1}
MORTAR_OBSERVER {"kind":"RETURN","call_id":3}
 Using up to 2 cpu(s) for the stress calculation.

 average force= 2.337148
 time avg. forc= 1.752297
 largest residual force= 0.000000 in node 17 and dof 1
 largest increment of disp= 9.280102e-05
 largest correction to disp= 7.025521e-07 in node 17 and dof 1

MORTAR_OBSERVER {"kind":"PRE_CHECK","call_id":3,"step":1,"inc":2,"cutback":0,"iteration":1,"time":0.5,"dtime":0.25,"ttime":0,"tper":1,"theta":0.25,"dtheta":0.25,"icntrl":0,"nmethod":1,"iexpl":0,"ithermal":0,"uncoupled":0,"mortar":2,"iflagdualquad":2}
 no convergence

MORTAR_OBSERVER {"kind":"POST_CHECK","call_id":3,"step":1,"inc":2,"cutback":0,"iteration":2,"time":0.5,"dtime":0.25,"ttime":0,"tper":1,"theta":0.25,"dtheta":0.25,"icntrl":0,"nmethod":1,"iexpl":0,"ithermal":0,"uncoupled":0,"mortar":2,"iflagdualquad":2}
 iteration 2

 Determining the structure of the matrix:

 Using up to 2 cpu(s) for setting up the structure of the matrix.
 number of equations
 75
 number of nonzero lower triangular matrix elements
 1143

 Using up to 2 cpu(s) for the stress calculation.

 Using up to 2 cpu(s) for the symmetric stiffness/mass contributions.

 Using up to 2 cpu(s) for the stress calculation.

 Using up to 2 cpu(s) for the symmetric stiffness/mass contributions.

 Factoring the system of equations using the unsymmetric spooles solver
 Using 1 cpu for spooles.

MORTAR_OBSERVER {"kind":"BEGIN","call_id":4,"step":1,"inc":2,"cutback":0,"iteration":2,"time":0.5,"dtime":0.25,"ttime":0,"tper":1,"theta":0.25,"dtheta":0.25,"icntrl":0,"nmethod":1,"iexpl":0,"ithermal":0,"uncoupled":0,"mortar":2,"iflagdualquad":2}
MORTAR_OBSERVER {"kind":"INVENTORY","call_id":4,"pair_count":1,"slave_count":9}
MORTAR_OBSERVER {"kind":"PAIR","call_id":4,"pair":0,"start":0,"end":9}
MORTAR_OBSERVER {"kind":"PRE_RAW","call_id":4,"pair":0,"slot":0,"node":1,"activity":1,"lambda_raw":[0.00025392879989962917,0.00025392879991822389,-0.0065908140902117412],"lambda_start":[0.00012692072592137638,0.00012692072592137635,-0.0032966408191869249],"ddtil_count":1}
MORTAR_OBSERVER {"kind":"DDTIL","call_id":4,"pair":0,"column_slot":0,"source_slot":0,"destination_slot":0,"entry":0,"value":1333.3338462852309}
MORTAR_OBSERVER {"kind":"PRE_RAW","call_id":4,"pair":0,"slot":1,"node":2,"activity":1,"lambda_raw":[-3.3155668209034624e-05,0.00013053191918804222,-0.0063861121765706325],"lambda_start":[-1.6346336761773472e-05,6.5206278637154486e-05,-0.0031944069798051939],"ddtil_count":1}
MORTAR_OBSERVER {"kind":"DDTIL","call_id":4,"pair":0,"column_slot":1,"source_slot":1,"destination_slot":1,"entry":1,"value":666.66697977452793}
MORTAR_OBSERVER {"kind":"PRE_RAW","call_id":4,"pair":0,"slot":2,"node":3,"activity":1,"lambda_raw":[5.0571242238410965e-05,5.057124224056703e-05,-0.0062836697277706384],"lambda_start":[2.5394917443968433e-05,2.5394917443968219e-05,-0.0031422438438646508],"ddtil_count":1}
MORTAR_OBSERVER {"kind":"DDTIL","call_id":4,"pair":0,"column_slot":2,"source_slot":2,"destination_slot":2,"entry":2,"value":1333.3340306188584}
MORTAR_OBSERVER {"kind":"PRE_RAW","call_id":4,"pair":0,"slot":3,"node":4,"activity":1,"lambda_raw":[0.00013053191922175221,-3.3155668199928552e-05,-0.0063861121765681822],"lambda_start":[6.5206278637154296e-05,-1.6346336761773333e-05,-0.0031944069798051974],"ddtil_count":1}
MORTAR_OBSERVER {"kind":"DDTIL","call_id":4,"pair":0,"column_slot":3,"source_slot":3,"destination_slot":3,"entry":3,"value":666.6669797745277}
MORTAR_OBSERVER {"kind":"PRE_RAW","call_id":4,"pair":0,"slot":4,"node":17,"activity":1,"lambda_raw":[-0.00036800480080532099,-4.8514399969227216e-05,-0.0056529312620172811],"lambda_start":[-0.00018419461170678358,-2.4249263740679305e-05,-0.0028250773598146057],"ddtil_count":1}
MORTAR_OBSERVER {"kind":"DDTIL","call_id":4,"pair":0,"column_slot":4,"source_slot":4,"destination_slot":4,"entry":4,"value":1000.0004073934354}
MORTAR_OBSERVER {"kind":"PRE_RAW","call_id":4,"pair":0,"slot":5,"node":18,"activity":1,"lambda_raw":[0.00015814979519116425,-0.00016566360550000704,-0.005824057504226556],"lambda_start":[7.9201222551713782e-05,-8.2919599557242609e-05,-0.0029115875655131703],"ddtil_count":1}
MORTAR_OBSERVER {"kind":"DDTIL","call_id":4,"pair":0,"column_slot":5,"source_slot":5,"destination_slot":5,"entry":5,"value":1000.0004656040549}
MORTAR_OBSERVER {"kind":"PRE_RAW","call_id":4,"pair":0,"slot":6,"node":19,"activity":1,"lambda_raw":[-8.3041159713869998e-05,-8.3041159704783069e-05,-0.0056826005661128436],"lambda_start":[-4.1587236991474073e-05,-4.158723699147452e-05,-0.0028411406356157877],"ddtil_count":1}
MORTAR_OBSERVER {"kind":"DDTIL","call_id":4,"pair":0,"column_slot":6,"source_slot":6,"destination_slot":6,"entry":6,"value":2000.0008596730599}
MORTAR_OBSERVER {"kind":"PRE_RAW","call_id":4,"pair":0,"slot":7,"node":23,"activity":1,"lambda_raw":[-0.00016566360550267665,0.00015814979519880774,-0.0058240575042272265],"lambda_start":[-8.2919599557241863e-05,7.9201222551713999e-05,-0.0029115875655131703],"ddtil_count":1}
MORTAR_OBSERVER {"kind":"DDTIL","call_id":4,"pair":0,"column_slot":7,"source_slot":7,"destination_slot":7,"entry":7,"value":1000.0004656040541}
MORTAR_OBSERVER {"kind":"PRE_RAW","call_id":4,"pair":0,"slot":8,"node":24,"activity":1,"lambda_raw":[-4.8514399980636757e-05,-0.00036800480086035737,-0.0056529312620121402],"lambda_start":[-2.4249263740679156e-05,-0.00018419461170678372,-0.002825077359814607],"ddtil_count":1}
MORTAR_OBSERVER {"kind":"DDTIL","call_id":4,"pair":0,"column_slot":8,"source_slot":8,"destination_slot":8,"entry":8,"value":1000.0004073934367}
MORTAR_OBSERVER {"kind":"LAW","call_id":4,"pair":0,"slot":0,"node":1,"activity":1,"ndof":3,"normal":[3.7072482079489004e-08,3.7072482079488726e-08,-0.99999999999999878],"tangents":[0.99999999999999933,-1.374368927534024e-15,3.7072482079488984e-08,-0,0.99999999999999944,3.7072482079488752e-08],"ln":8.7877555261563032,"lt":[0.33857153766885634,0.33857153769364978],"lt_start":[0.16922753671312243,0.16922753671312266],"q":0.00087877555261563027,"ut":[0.0016910398077321087,0.0016910398079800425],"gn":0.00087877555261563038,"gt":[0.0016934400095573391,0.0016934400098052712],"b":2.63632665752163,"constant_n":10000000000,"constant_t":100,"mu":0.29999999999999999,"normal_mode":1,"tangent_mode":1,"normal_inverse_stiffness":0.0001,"tangent_inverse_stiffness":0.01,"p0":0,"beta":0,"iwan":1,"rn":3.2526070725680256e-10,"rt":[-2.4002018252304146e-06,-2.4002018252286799e-06]}
MORTAR_OBSERVER {"kind":"LAW","call_id":4,"pair":0,"slot":1,"node":2,"activity":1,"ndof":3,"normal":[3.419649667970893e-08,-2.051340828584143e-08,-0.99999999999999922],"tangents":[0.99999999999999944,7.0148669833629066e-16,3.4196496679708924e-08,-9.8607613152626476e-32,0.99999999999999989,-2.0513408285841443e-08],"ln":4.2574101147147001,"lt":[-0.022103934775834305,0.08702140766325682],"lt_start":[-0.010897635784401475,0.043470916526838349],"q":0.00042574101147147003,"ut":[-0.0001117488025457805,0.00043425160377404023],"gn":0.00042574101147147003,"gt":[-0.0001120629899143283,0.00043550491136418472],"b":1.27722303441441,"constant_n":10000000000,"constant_t":100,"mu":0.29999999999999999,"normal_mode":1,"tangent_mode":1,"normal_inverse_stiffness":0.0001,"tangent_inverse_stiffness":0.01,"p0":0,"beta":0,"iwan":1,"rn":0,"rt":[3.1418736854779846e-07,-1.2533075901444862e-06]}
MORTAR_OBSERVER {"kind":"LAW","call_id":4,"pair":0,"slot":2,"node":3,"activity":1,"ndof":3,"normal":[-2.2603575222616979e-08,-2.2603575222616169e-08,-0.99999999999999956],"tangents":[0.99999999999999978,-5.1092161284448612e-16,-2.2603575222616976e-08,9.8607613152626476e-32,0.99999999999999989,-2.2603575222616172e-08],"ln":8.3782306821578825,"lt":[0.067428547625110635,0.067428547627985419],"lt_start":[0.033860002334109213,0.033860002334108942],"q":0.00083782306821578796,"ut":[0.0003354550430177883,0.00033545504304653944],"gn":0.00083782306821578829,"gt":[0.00033568545291001424,0.00033568545293876479],"b":2.5134692036715824,"constant_n":10000000000,"constant_t":100,"mu":0.29999999999999999,"normal_mode":1,"tangent_mode":1,"normal_inverse_stiffness":0.0001,"tangent_inverse_stiffness":0.01,"p0":0,"beta":0,"iwan":1,"rn":9.7578212177040768e-10,"rt":[-2.304098922259446e-07,-2.3040989222534829e-07]}
MORTAR_OBSERVER {"kind":"LAW","call_id":4,"pair":0,"slot":3,"node":4,"activity":1,"ndof":3,"normal":[-2.0513408285841172e-08,3.4196496679709744e-08,-0.99999999999999922],"tangents":[0.99999999999999978,7.0148669833629816e-16,-2.0513408285841159e-08,-0,0.99999999999999944,3.4196496679709751e-08],"ln":4.2574101147130659,"lt":[0.087021407685730107,-0.022103934769763644],"lt_start":[0.043470916526838203,-0.010897635784401411],"q":0.00042574101147130659,"ut":[0.0004342516035561678,-0.00011174880237411871],"gn":0.00042574101147130659,"gt":[0.00043550491158891907,-0.00011206298985362233],"b":1.2772230344139197,"constant_n":10000000000,"constant_t":100,"mu":0.29999999999999999,"normal_mode":1,"tangent_mode":1,"normal_inverse_stiffness":0.0001,"tangent_inverse_stiffness":0.01,"p0":0,"beta":0,"iwan":1,"rn":0,"rt":[-1.2533080327512664e-06,3.1418747950361222e-07]}
MORTAR_OBSERVER {"kind":"LAW","call_id":4,"pair":0,"slot":4,"node":17,"activity":1,"ndof":3,"normal":[3.6214636911915287e-08,7.6993882345491948e-09,-0.99999999999999933],"tangents":[0.99999999999999933,-2.7883054935807172e-16,3.6214636911915287e-08,-0,1,7.6993882345491997e-09],"ln":5.6529335512836667,"lt":[-0.3680051554469973,-0.048514463257805465],"lt_start":[-0.18419478905565162,-0.024249295371046413],"q":0.00056529335512836662,"ut":[-0.0018413084728054203,-0.00024307359270972205],"gn":0.00056529335512836673,"gt":[-0.0018381036639134568,-0.00024265167886759054],"b":1.6958800650598393,"constant_n":10000000000,"constant_t":100,"mu":0.29999999999999999,"normal_mode":1,"tangent_mode":1,"normal_inverse_stiffness":0.0001,"tangent_inverse_stiffness":0.01,"p0":0,"beta":0,"iwan":1,"rn":3.2526070725680256e-10,"rt":[-3.2048088919635342e-06,-4.219138421315122e-07]}
MORTAR_OBSERVER {"kind":"LAW","call_id":4,"pair":0,"slot":5,"node":18,"activity":1,"ndof":3,"normal":[5.9837032521186219e-09,-2.1745733157480924e-08,-0.99999999999999978],"tangents":[1,1.3012001421412235e-16,5.9837032521186202e-09,-0,0.99999999999999978,-2.1745733157480924e-08],"ln":5.8240602204801455,"lt":[0.15814983397690208,-0.16566355598519411],"lt_start":[0.079201242006040048,-0.082919574850308639],"q":0.0005824060220480145,"ut":[0.00078922950890485967,-0.00082717136244908553],"gn":0.00058240602204801461,"gt":[0.00078948591970862028,-0.00082743981134885476],"b":1.747218065818783,"constant_n":10000000000,"constant_t":100,"mu":0.29999999999999999,"normal_mode":1,"tangent_mode":1,"normal_inverse_stiffness":0.0001,"tangent_inverse_stiffness":0.01,"p0":0,"beta":0,"iwan":1,"rn":3.2526048521219764e-10,"rt":[-2.5641080376060266e-07,2.684488997692358e-07]}
MORTAR_OBSERVER {"kind":"LAW","call_id":4,"pair":0,"slot":6,"node":19,"activity":1,"ndof":3,"normal":[7.2344513925688265e-09,7.2344513925689622e-09,-1],"tangents":[1,-5.2337286951442013e-17,7.2344513925688265e-09,-0,1,7.2344513925689622e-09],"ln":11.365206015001274,"lt":[-0.16608247303701837,-0.16608247301884452],"lt_start":[-0.083174550842580755,-0.083174550842581643],"q":0.0011365206015001273,"ut":[-0.0008310314983064203,-0.00083103149812467289],"gn":0.0011365206015001275,"gt":[-0.00082907922194437611,-0.0008290792217626288],"b":3.409561803849861,"constant_n":10000000000,"constant_t":100,"mu":0.29999999999999999,"normal_mode":1,"tangent_mode":1,"normal_inverse_stiffness":0.0001,"tangent_inverse_stiffness":0.01,"p0":0,"beta":0,"iwan":1,"rn":6.5052097042439527e-10,"rt":[-1.9522763620441952e-06,-1.9522763620440867e-06]}
MORTAR_OBSERVER {"kind":"LAW","call_id":4,"pair":0,"slot":7,"node":23,"activity":1,"ndof":3,"normal":[-2.1745733157481199e-08,5.9837032521194358e-09,-0.99999999999999978],"tangents":[0.99999999999999978,1.3012001421414173e-16,-2.1745733157481199e-08,-0,1,5.9837032521194366e-09],"ln":5.8240602204808107,"lt":[-0.16566355598786356,0.15814983398454549],"lt_start":[-0.082919574850307806,0.079201242006040215],"q":0.00058240602204808118,"ut":[-0.00082717136247588202,0.0007892295089813831],"gn":0.00058240602204808107,"gt":[-0.00082743981137555758,0.00078948591978505274],"b":1.7472180664695038,"constant_n":10000000000,"constant_t":100,"mu":0.29999999999999999,"normal_mode":1,"tangent_mode":1,"normal_inverse_stiffness":0.0001,"tangent_inverse_stiffness":0.01,"p0":0,"beta":0,"iwan":1,"rn":-3.2526070725680256e-10,"rt":[2.6844889967556074e-07,-2.564108036696381e-07]}
MORTAR_OBSERVER {"kind":"LAW","call_id":4,"pair":0,"slot":8,"node":24,"activity":1,"ndof":3,"normal":[7.6993882345494595e-09,3.6214636911915559e-08,-0.99999999999999933],"tangents":[1,-2.7883054935808326e-16,7.6993882345494561e-09,-4.9303806576313238e-32,0.99999999999999944,3.6214636911915559e-08],"ln":5.6529335512785339,"lt":[-0.04851446326921497,-0.36800515550203422],"lt_start":[-0.024249295371046246,-0.18419478905565201],"q":0.00056529335512785336,"ut":[-0.0002430735926839362,-0.0018413084722932525],"gn":0.00056529335512785347,"gt":[-0.00024265167898168726,-0.0018381036644638221],"b":1.6958800650582995,"constant_n":10000000000,"constant_t":100,"mu":0.29999999999999999,"normal_mode":1,"tangent_mode":1,"normal_inverse_stiffness":0.0001,"tangent_inverse_stiffness":0.01,"p0":0,"beta":0,"iwan":1,"rn":3.2526070725680256e-10,"rt":[-4.2191370224894053e-07,-3.2048078294304432e-06]}
MORTAR_OBSERVER {"kind":"POST_RAW_AFTER_ACTIVE_LOOP","call_id":4,"pair":0,"slot":0,"node":1,"activity":1,"lambda_raw":[0.00025392879989962917,0.00025392879991822389,-0.0065908140902117412],"gap":-0.00087877555261563027}
MORTAR_OBSERVER {"kind":"POST_RAW_AFTER_ACTIVE_LOOP","call_id":4,"pair":0,"slot":1,"node":2,"activity":1,"lambda_raw":[-3.3155668209034624e-05,0.00013053191918804222,-0.0063861121765706325],"gap":-0.00042574101147147003}
MORTAR_OBSERVER {"kind":"POST_RAW_AFTER_ACTIVE_LOOP","call_id":4,"pair":0,"slot":2,"node":3,"activity":1,"lambda_raw":[5.0571242238410965e-05,5.057124224056703e-05,-0.0062836697277706384],"gap":-0.00083782306821578796}
MORTAR_OBSERVER {"kind":"POST_RAW_AFTER_ACTIVE_LOOP","call_id":4,"pair":0,"slot":3,"node":4,"activity":1,"lambda_raw":[0.00013053191922175221,-3.3155668199928552e-05,-0.0063861121765681822],"gap":-0.00042574101147130659}
MORTAR_OBSERVER {"kind":"POST_RAW_AFTER_ACTIVE_LOOP","call_id":4,"pair":0,"slot":4,"node":17,"activity":1,"lambda_raw":[-0.00036800480080532099,-4.8514399969227216e-05,-0.0056529312620172811],"gap":-0.00056529335512836662}
MORTAR_OBSERVER {"kind":"POST_RAW_AFTER_ACTIVE_LOOP","call_id":4,"pair":0,"slot":5,"node":18,"activity":1,"lambda_raw":[0.00015814979519116425,-0.00016566360550000704,-0.005824057504226556],"gap":-0.0005824060220480145}
MORTAR_OBSERVER {"kind":"POST_RAW_AFTER_ACTIVE_LOOP","call_id":4,"pair":0,"slot":6,"node":19,"activity":1,"lambda_raw":[-8.3041159713869998e-05,-8.3041159704783069e-05,-0.0056826005661128436],"gap":-0.0011365206015001273}
MORTAR_OBSERVER {"kind":"POST_RAW_AFTER_ACTIVE_LOOP","call_id":4,"pair":0,"slot":7,"node":23,"activity":1,"lambda_raw":[-0.00016566360550267665,0.00015814979519880774,-0.0058240575042272265],"gap":-0.00058240602204808118}
MORTAR_OBSERVER {"kind":"POST_RAW_AFTER_ACTIVE_LOOP","call_id":4,"pair":0,"slot":8,"node":24,"activity":1,"lambda_raw":[-4.8514399980636757e-05,-0.00036800480086035737,-0.0056529312620121402],"gap":-0.00056529335512785336}
MORTAR_OBSERVER {"kind":"SUMMARY_PRE_OVERRIDE","call_id":4,"ndiverg":14,"flag":0,"keepset":0,"max_n":9.7578212177040768e-10,"max_t":[3.2048088919635342e-06,3.2048078294304432e-06],"lm_t_av":[1.4215409094735276,1.4215409095030795],"nstick":9,"nslip":0,"ninactive":0,"nnogap":0,"nolm":0}
MORTAR_OBSERVER {"kind":"SUMMARY_POST_OVERRIDE","call_id":4,"flag":0}
MORTAR_OBSERVER {"kind":"RETURN","call_id":4}
 Using up to 2 cpu(s) for the stress calculation.

 average force= 2.334994
 time avg. forc= 1.751220
 largest residual force= 0.000000 in node 24 and dof 2
 largest increment of disp= 9.280102e-05
 largest correction to disp= 7.004686e-07 in node 17 and dof 1

MORTAR_OBSERVER {"kind":"PRE_CHECK","call_id":4,"step":1,"inc":2,"cutback":0,"iteration":2,"time":0.5,"dtime":0.25,"ttime":0,"tper":1,"theta":0.25,"dtheta":0.25,"icntrl":0,"nmethod":1,"iexpl":0,"ithermal":0,"uncoupled":0,"mortar":2,"iflagdualquad":2}
 convergence; the increment size is increased to 3.750000e-01

 the increment size exceeds the maximum allowed and is decreased to 2.500000e-01

MORTAR_OBSERVER {"kind":"POST_CHECK","call_id":4,"step":1,"inc":2,"cutback":0,"iteration":2,"time":0.5,"dtime":0.25,"ttime":0,"tper":1,"theta":0.5,"dtheta":0.25,"icntrl":1,"nmethod":1,"iexpl":0,"ithermal":0,"uncoupled":0,"mortar":2,"iflagdualquad":2}
 Using up to 2 cpu(s) for the stress calculation.

 increment 3 attempt 1 
 increment size= 2.500000e-01
 sum of previous increments=5.000000e-01
 actual step time=7.500000e-01
 actual total time=7.500000e-01

 iteration 1

 Determining the structure of the matrix:

 Using up to 2 cpu(s) for setting up the structure of the matrix.
 number of equations
 75
 number of nonzero lower triangular matrix elements
 1143

 Using up to 2 cpu(s) for the stress calculation.

 Using up to 2 cpu(s) for the symmetric stiffness/mass contributions.

 Using up to 2 cpu(s) for the stress calculation.

 Using up to 2 cpu(s) for the symmetric stiffness/mass contributions.

 Factoring the system of equations using the unsymmetric spooles solver
 Using 1 cpu for spooles.

MORTAR_OBSERVER {"kind":"BEGIN","call_id":5,"step":1,"inc":3,"cutback":0,"iteration":1,"time":0.75,"dtime":0.25,"ttime":0,"tper":1,"theta":0.5,"dtheta":0.25,"icntrl":0,"nmethod":1,"iexpl":0,"ithermal":0,"uncoupled":0,"mortar":2,"iflagdualquad":2}
MORTAR_OBSERVER {"kind":"INVENTORY","call_id":5,"pair_count":1,"slave_count":9}
MORTAR_OBSERVER {"kind":"PAIR","call_id":5,"pair":0,"start":0,"end":9}
MORTAR_OBSERVER {"kind":"PRE_RAW","call_id":5,"pair":0,"slot":0,"node":1,"activity":1,"lambda_raw":[0.00041748715973431461,0.00041748715975099718,-0.009891520558398266],"lambda_start":[0.00025392879989962917,0.00025392879991822389,-0.0065908140902117412],"ddtil_count":1}
MORTAR_OBSERVER {"kind":"DDTIL","call_id":5,"pair":0,"column_slot":0,"source_slot":0,"destination_slot":0,"entry":0,"value":1333.3340927997529}
MORTAR_OBSERVER {"kind":"PRE_RAW","call_id":5,"pair":0,"slot":1,"node":2,"activity":1,"lambda_raw":[-4.0909935735201683e-05,0.00022137535097489092,-0.009588998363683366],"lambda_start":[-3.3155668209034624e-05,0.00013053191918804222,-0.0063861121765706325],"ddtil_count":1}
MORTAR_OBSERVER {"kind":"DDTIL","call_id":5,"pair":0,"column_slot":1,"source_slot":1,"destination_slot":1,"entry":1,"value":666.66713127890387}
MORTAR_OBSERVER {"kind":"PRE_RAW","call_id":5,"pair":0,"slot":2,"node":3,"activity":1,"lambda_raw":[8.3036406167483431e-05,8.3036406169080705e-05,-0.0094278274610966103],"lambda_start":[5.0571242238410965e-05,5.057124224056703e-05,-0.0062836697277706384],"ddtil_count":1}
MORTAR_OBSERVER {"kind":"DDTIL","call_id":5,"pair":0,"column_slot":2,"source_slot":2,"destination_slot":2,"entry":2,"value":1333.3343689991707}
MORTAR_OBSERVER {"kind":"PRE_RAW","call_id":5,"pair":0,"slot":3,"node":4,"activity":1,"lambda_raw":[0.00022137535100082059,-4.0909935725589322e-05,-0.0095889983636831162],"lambda_start":[0.00013053191922175221,-3.3155668199928552e-05,-0.0063861121765681822],"ddtil_count":1}
MORTAR_OBSERVER {"kind":"DDTIL","call_id":5,"pair":0,"column_slot":3,"source_slot":3,"destination_slot":3,"entry":3,"value":666.66713127890409}
MORTAR_OBSERVER {"kind":"PRE_RAW","call_id":5,"pair":0,"slot":4,"node":17,"activity":1,"lambda_raw":[-0.00061068490609150392,-7.767077709556458e-05,-0.0084737784040825725],"lambda_start":[-0.00036800480080532099,-4.8514399969227216e-05,-0.0056529312620172811],"ddtil_count":1}
MORTAR_OBSERVER {"kind":"DDTIL","call_id":5,"pair":0,"column_slot":4,"source_slot":4,"destination_slot":4,"entry":4,"value":1000.0006159759214}
MORTAR_OBSERVER {"kind":"PRE_RAW","call_id":5,"pair":0,"slot":5,"node":18,"activity":1,"lambda_raw":[0.00026293925016659421,-0.00027196094066850264,-0.0087367993361506645],"lambda_start":[0.00015814979519116425,-0.00016566360550000704,-0.005824057504226556],"ddtil_count":1}
MORTAR_OBSERVER {"kind":"DDTIL","call_id":5,"pair":0,"column_slot":5,"source_slot":5,"destination_slot":5,"entry":5,"value":1000.0007031967892}
MORTAR_OBSERVER {"kind":"PRE_RAW","call_id":5,"pair":0,"slot":6,"node":19,"activity":1,"lambda_raw":[-0.00013395566124967603,-0.00013395566124181564,-0.0085171613483181439],"lambda_start":[-8.3041159713869998e-05,-8.3041159704783069e-05,-0.0056826005661128436],"ddtil_count":1}
MORTAR_OBSERVER {"kind":"DDTIL","call_id":5,"pair":0,"column_slot":6,"source_slot":6,"destination_slot":6,"entry":6,"value":2000.0012991779606}
MORTAR_OBSERVER {"kind":"PRE_RAW","call_id":5,"pair":0,"slot":7,"node":23,"activity":1,"lambda_raw":[-0.00027196094067035456,0.00026293925017274104,-0.0087367993361519014],"lambda_start":[-0.00016566360550267665,0.00015814979519880774,-0.0058240575042272265],"ddtil_count":1}
MORTAR_OBSERVER {"kind":"DDTIL","call_id":5,"pair":0,"column_slot":7,"source_slot":7,"destination_slot":7,"entry":7,"value":1000.0007031967901}
MORTAR_OBSERVER {"kind":"PRE_RAW","call_id":5,"pair":0,"slot":8,"node":24,"activity":1,"lambda_raw":[-7.7670777103046185e-05,-0.00061068490613760723,-0.0084737784040788532],"lambda_start":[-4.8514399980636757e-05,-0.00036800480086035737,-0.0056529312620121402],"ddtil_count":1}
MORTAR_OBSERVER {"kind":"DDTIL","call_id":5,"pair":0,"column_slot":8,"source_slot":8,"destination_slot":8,"entry":8,"value":1000.0006159759225}
MORTAR_OBSERVER {"kind":"LAW","call_id":5,"pair":0,"slot":0,"node":1,"activity":1,"ndof":3,"normal":[5.6572878765412496e-08,5.6572878766499391e-08,-0.99999999999999678],"tangents":[0.99999999999999845,-3.2004906118675544e-15,5.6572878765412403e-08,3.944304526105059e-31,0.99999999999999845,5.6572878766499484e-08],"ln":13.188701653124584,"lt":[0.55664911725707911,0.5566491172793242],"lt_start":[0.33857142890118197,0.33857142892597597],"q":0.0013188701653124584,"ut":[0.0013338972732053402,0.001333897273055683],"gn":0.0013188701653124584,"gt":[0.0021807768835589714,0.0021807768835334822],"b":3.9566104959373751,"constant_n":10000000000,"constant_t":100,"mu":0.29999999999999999,"normal_mode":1,"tangent_mode":1,"normal_inverse_stiffness":0.0001,"tangent_inverse_stiffness":0.01,"p0":0,"beta":0,"iwan":1,"rn":0,"rt":[-0.00084687961035363117,-0.00084687961047779921]}
MORTAR_OBSERVER {"kind":"LAW","call_id":5,"pair":0,"slot":1,"node":2,"activity":1,"ndof":3,"normal":[4.941545163639616e-08,-2.9406304121697316e-08,-0.99999999999999833],"tangents":[0.99999999999999878,1.4531257991308926e-15,4.941545163639614e-08,-0,0.99999999999999956,-2.9406304121697353e-08],"ln":6.392670025267269,"lt":[-0.027273625394067712,0.14758385815509006],"lt_start":[-0.022104004592443671,0.0870214653001469],"q":0.00063926700252672699,"ut":[4.3502411641070481e-06,0.00038782963473095791],"gn":0.00063926700252672699,"gt":[-5.169620801624041e-05,0.00060562392854943169],"b":1.9178010075801806,"constant_n":10000000000,"constant_t":100,"mu":0.29999999999999999,"normal_mode":1,"tangent_mode":1,"normal_inverse_stiffness":0.0001,"tangent_inverse_stiffness":0.01,"p0":0,"beta":0,"iwan":1,"rn":0,"rt":[5.6046449180347457e-05,-0.00021779429381847378]}
MORTAR_OBSERVER {"kind":"LAW","call_id":5,"pair":0,"slot":2,"node":3,"activity":1,"ndof":3,"normal":[-3.4612256567410677e-08,-3.4612256566351423e-08,-0.99999999999999878],"tangents":[0.99999999999999944,-1.1980083046516012e-15,-3.4612256567410657e-08,1.9721522630525295e-31,0.99999999999999944,-3.4612256566351442e-08],"ln":12.570446371210075,"lt":[0.1107157293127954,0.11071572931492522],"lt_start":[0.067428665348999425,0.067428665351874251],"q":0.0012570446371210076,"ut":[0.00026501887615994148,0.00026501887613810505],"gn":0.0012570446371210076,"gt":[0.00043287063963795975,0.00043287063963050971],"b":3.7711339113630222,"constant_n":10000000000,"constant_t":100,"mu":0.29999999999999999,"normal_mode":1,"tangent_mode":1,"normal_inverse_stiffness":0.0001,"tangent_inverse_stiffness":0.01,"p0":0,"beta":0,"iwan":1,"rn":0,"rt":[-0.00016785176347801828,-0.00016785176349240466]}
MORTAR_OBSERVER {"kind":"LAW","call_id":5,"pair":0,"slot":3,"node":4,"activity":1,"ndof":3,"normal":[-2.9406304122772866e-08,4.9415451637444059e-08,-0.99999999999999833],"tangents":[0.99999999999999956,1.453125799214855e-15,-2.940630412277283e-08,-0,0.99999999999999878,4.9415451637444079e-08],"ln":6.3926700252671047,"lt":[0.14758385817237654,-0.027273625387659699],"lt_start":[0.087021465322620242,-0.022104004586373086],"q":0.00063926700252671062,"ut":[0.00038782963478812692,4.3502410814479954e-06],"gn":0.00063926700252671051,"gt":[0.00060562392849756303,-5.1696208012866136e-05],"b":1.917801007905392,"constant_n":10000000000,"constant_t":100,"mu":0.29999999999999999,"normal_mode":1,"tangent_mode":1,"normal_inverse_stiffness":0.0001,"tangent_inverse_stiffness":0.01,"p0":0,"beta":0,"iwan":1,"rn":-3.2526070725680256e-10,"rt":[-0.00021779429370943611,5.604644909431413e-05]}
MORTAR_OBSERVER {"kind":"LAW","call_id":5,"pair":0,"slot":4,"node":17,"activity":1,"ndof":3,"normal":[5.4435081156978604e-08,1.2142368533043196e-08,-0.99999999999999845],"tangents":[0.99999999999999856,-6.6097081653415058e-16,5.4435081156978604e-08,-0,1,1.2142368533043214e-08],"ln":8.4737835895402078,"lt":[-0.6106857435298001,-0.077670927830696693],"lt_start":[-0.3680053352053782,-0.048514498492946395],"q":0.00084737835895402121,"ut":[-0.0015079807869031567,-0.00017026906127894697],"gn":0.00084737835895402078,"gt":[-0.0024268040832442191,-0.00029156429337750297],"b":2.5421350781631049,"constant_n":10000000000,"constant_t":100,"mu":0.29999999999999999,"normal_mode":1,"tangent_mode":1,"normal_inverse_stiffness":0.0001,"tangent_inverse_stiffness":0.01,"p0":0,"beta":0,"iwan":1,"rn":-1.3010428290272102e-09,"rt":[0.0009188232963410624,0.000121295232098556]}
MORTAR_OBSERVER {"kind":"LAW","call_id":5,"pair":0,"slot":5,"node":18,"activity":1,"ndof":3,"normal":[7.866785652396447e-09,-3.2474466055186876e-08,-0.99999999999999944],"tangents":[1,2.5546966363217963e-16,7.8667856523964437e-09,-0,0.99999999999999956,-3.2474466055186876e-08],"ln":8.7368054907401813,"lt":[0.26293936633405462,-0.27196084818746985],"lt_start":[0.15814986058494818,-0.16566353286083171],"q":0.00087368054907401775,"ut":[0.0006531840055139553,-0.00064928610118885775],"gn":0.00087368054907401818,"gt":[0.0010478950574910645,-0.0010629731532663814],"b":2.6210416459210117,"constant_n":10000000000,"constant_t":100,"mu":0.29999999999999999,"normal_mode":1,"tangent_mode":1,"normal_inverse_stiffness":0.0001,"tangent_inverse_stiffness":0.01,"p0":0,"beta":0,"iwan":1,"rn":1.3010423849380004e-09,"rt":[-0.0003947110519771092,0.00041368705207752365]}
MORTAR_OBSERVER {"kind":"LAW","call_id":5,"pair":0,"slot":6,"node":19,"activity":1,"ndof":3,"normal":[1.0980306437028399e-08,1.0980306438101487e-08,-0.99999999999999989],"tangents":[1,-1.2056712946283015e-16,1.0980306437028399e-08,-0,1,1.0980306438101489e-08],"ln":17.034333756061095,"lt":[-0.26791168357379946,-0.26791168355807876],"lt_start":[-0.16608255210645673,-0.16608255208828288],"q":0.0017034333756061097,"ut":[-0.00060376076483004961,-0.0006037607649452358],"gn":0.0017034333756061097,"gt":[-0.0010182913146734275,-0.0010182913146979588],"b":5.1103001268183279,"constant_n":10000000000,"constant_t":100,"mu":0.29999999999999999,"normal_mode":1,"tangent_mode":1,"normal_inverse_stiffness":0.0001,"tangent_inverse_stiffness":0.01,"p0":0,"beta":0,"iwan":1,"rn":0,"rt":[0.00041453054984337784,0.00041453054975272303]}
MORTAR_OBSERVER {"kind":"LAW","call_id":5,"pair":0,"slot":7,"node":23,"activity":1,"ndof":3,"normal":[-3.247446605625429e-08,7.8667856534500237e-09,-0.99999999999999944],"tangents":[0.99999999999999956,2.5546966367479118e-16,-3.247446605625429e-08,-0,1,7.8667856534500286e-09],"ln":8.7368054907414265,"lt":[-0.27196084818932192,0.26293936634020176],"lt_start":[-0.16566353286350144,0.15814986059259187],"q":0.00087368054907414265,"ut":[-0.00064928610116724809,0.00065318400546068639],"gn":0.00087368054907414265,"gt":[-0.0010629731532582048,0.001047895057476099],"b":2.6210416472224281,"constant_n":10000000000,"constant_t":100,"mu":0.29999999999999999,"normal_mode":1,"tangent_mode":1,"normal_inverse_stiffness":0.0001,"tangent_inverse_stiffness":0.01,"p0":0,"beta":0,"iwan":1,"rn":0,"rt":[0.0004136870520909567,-0.00039471105201541266]}
MORTAR_OBSERVER {"kind":"LAW","call_id":5,"pair":0,"slot":8,"node":24,"activity":1,"ndof":3,"normal":[1.2142368531961965e-08,5.4435081158046012e-08,-0.99999999999999845],"tangents":[1,-6.6097081648825366e-16,1.2142368531961948e-08,-0,0.99999999999999856,5.4435081158046018e-08],"ln":8.4737835895364988,"lt":[-0.077670927838177986,-0.61068574357590411],"lt_start":[-0.048514498504355748,-0.36800533526041507],"q":0.00084737835895364988,"ut":[-0.00017026906125236339,-0.0015079807870681087],"gn":0.00084737835895364988,"gt":[-0.00029156429333822238,-0.0024268040831548904],"b":2.5421350768609496,"constant_n":10000000000,"constant_t":100,"mu":0.29999999999999999,"normal_mode":1,"tangent_mode":1,"normal_inverse_stiffness":0.0001,"tangent_inverse_stiffness":0.01,"p0":0,"beta":0,"iwan":1,"rn":0,"rt":[0.00012129523208585899,0.00091882329608678165]}
MORTAR_OBSERVER {"kind":"POST_RAW_AFTER_ACTIVE_LOOP","call_id":5,"pair":0,"slot":0,"node":1,"activity":1,"lambda_raw":[0.00041748715973431461,0.00041748715975099718,-0.009891520558398266],"gap":-0.0013188701653124584}
MORTAR_OBSERVER {"kind":"POST_RAW_AFTER_ACTIVE_LOOP","call_id":5,"pair":0,"slot":1,"node":2,"activity":1,"lambda_raw":[-4.0909935735201683e-05,0.00022137535097489092,-0.009588998363683366],"gap":-0.00063926700252672699}
MORTAR_OBSERVER {"kind":"POST_RAW_AFTER_ACTIVE_LOOP","call_id":5,"pair":0,"slot":2,"node":3,"activity":1,"lambda_raw":[8.3036406167483431e-05,8.3036406169080705e-05,-0.0094278274610966103],"gap":-0.0012570446371210076}
MORTAR_OBSERVER {"kind":"POST_RAW_AFTER_ACTIVE_LOOP","call_id":5,"pair":0,"slot":3,"node":4,"activity":1,"lambda_raw":[0.00022137535100082059,-4.0909935725589322e-05,-0.0095889983636831162],"gap":-0.00063926700252671062}
MORTAR_OBSERVER {"kind":"POST_RAW_AFTER_ACTIVE_LOOP","call_id":5,"pair":0,"slot":4,"node":17,"activity":1,"lambda_raw":[-0.00061068490609150392,-7.767077709556458e-05,-0.0084737784040825725],"gap":-0.00084737835895402121}
MORTAR_OBSERVER {"kind":"POST_RAW_AFTER_ACTIVE_LOOP","call_id":5,"pair":0,"slot":5,"node":18,"activity":1,"lambda_raw":[0.00026293925016659421,-0.00027196094066850264,-0.0087367993361506645],"gap":-0.00087368054907401775}
MORTAR_OBSERVER {"kind":"POST_RAW_AFTER_ACTIVE_LOOP","call_id":5,"pair":0,"slot":6,"node":19,"activity":1,"lambda_raw":[-0.00013395566124967603,-0.00013395566124181564,-0.0085171613483181439],"gap":-0.0017034333756061097}
MORTAR_OBSERVER {"kind":"POST_RAW_AFTER_ACTIVE_LOOP","call_id":5,"pair":0,"slot":7,"node":23,"activity":1,"lambda_raw":[-0.00027196094067035456,0.00026293925017274104,-0.0087367993361519014],"gap":-0.00087368054907414265}
MORTAR_OBSERVER {"kind":"POST_RAW_AFTER_ACTIVE_LOOP","call_id":5,"pair":0,"slot":8,"node":24,"activity":1,"lambda_raw":[-7.7670777103046185e-05,-0.00061068490613760723,-0.0084737784040788532],"gap":-0.00084737835895364988}
MORTAR_OBSERVER {"kind":"SUMMARY_PRE_OVERRIDE","call_id":5,"ndiverg":14,"flag":1,"keepset":0,"max_n":1.3010428290272102e-09,"max_t":[0.0009188232963410624,0.00091882329608678165],"lm_t_av":[2.3333908996014729,2.3333908996293502],"nstick":9,"nslip":0,"ninactive":0,"nnogap":0,"nolm":0}
MORTAR_OBSERVER {"kind":"SUMMARY_POST_OVERRIDE","call_id":5,"flag":1}
MORTAR_OBSERVER {"kind":"RETURN","call_id":5}
 Using up to 2 cpu(s) for the stress calculation.

 average force= 3.503527
 time avg. forc= 2.335322
 largest residual force= 0.000000 in node 17 and dof 1
 largest increment of disp= 9.310195e-05
 largest correction to disp= 4.094313e-07 in node 7 and dof 3

MORTAR_OBSERVER {"kind":"PRE_CHECK","call_id":5,"step":1,"inc":3,"cutback":0,"iteration":1,"time":0.75,"dtime":0.25,"ttime":0,"tper":1,"theta":0.5,"dtheta":0.25,"icntrl":0,"nmethod":1,"iexpl":0,"ithermal":0,"uncoupled":0,"mortar":2,"iflagdualquad":2}
 no convergence

MORTAR_OBSERVER {"kind":"POST_CHECK","call_id":5,"step":1,"inc":3,"cutback":0,"iteration":2,"time":0.75,"dtime":0.25,"ttime":0,"tper":1,"theta":0.5,"dtheta":0.25,"icntrl":0,"nmethod":1,"iexpl":0,"ithermal":0,"uncoupled":0,"mortar":2,"iflagdualquad":2}
 iteration 2

 Determining the structure of the matrix:

 Using up to 2 cpu(s) for setting up the structure of the matrix.
 number of equations
 75
 number of nonzero lower triangular matrix elements
 1143

 Using up to 2 cpu(s) for the stress calculation.

 Using up to 2 cpu(s) for the symmetric stiffness/mass contributions.

 Using up to 2 cpu(s) for the stress calculation.

 Using up to 2 cpu(s) for the symmetric stiffness/mass contributions.

 Factoring the system of equations using the unsymmetric spooles solver
 Using 1 cpu for spooles.

MORTAR_OBSERVER {"kind":"BEGIN","call_id":6,"step":1,"inc":3,"cutback":0,"iteration":2,"time":0.75,"dtime":0.25,"ttime":0,"tper":1,"theta":0.5,"dtheta":0.25,"icntrl":0,"nmethod":1,"iexpl":0,"ithermal":0,"uncoupled":0,"mortar":2,"iflagdualquad":2}
MORTAR_OBSERVER {"kind":"INVENTORY","call_id":6,"pair_count":1,"slave_count":9}
MORTAR_OBSERVER {"kind":"PAIR","call_id":6,"pair":0,"start":0,"end":9}
MORTAR_OBSERVER {"kind":"PRE_RAW","call_id":6,"pair":0,"slot":0,"node":1,"activity":1,"lambda_raw":[0.00038086951990137547,0.0003808695199118752,-0.0098868540012774057],"lambda_start":[0.00025392879989962917,0.00025392879991822389,-0.0065908140902117412],"ddtil_count":1}
MORTAR_OBSERVER {"kind":"DDTIL","call_id":6,"pair":0,"column_slot":0,"source_slot":0,"destination_slot":0,"entry":0,"value":1333.3340927997529}
MORTAR_OBSERVER {"kind":"PRE_RAW","call_id":6,"pair":0,"slot":1,"node":2,"activity":1,"lambda_raw":[-4.9605008430811574e-05,0.00019576168102237494,-0.0095798586790647438],"lambda_start":[-3.3155668209034624e-05,0.00013053191918804222,-0.0063861121765706325],"ddtil_count":1}
MORTAR_OBSERVER {"kind":"DDTIL","call_id":6,"pair":0,"column_slot":1,"source_slot":1,"destination_slot":1,"entry":1,"value":666.66713127890387}
MORTAR_OBSERVER {"kind":"PRE_RAW","call_id":6,"pair":0,"slot":2,"node":3,"activity":1,"lambda_raw":[7.5913547158799676e-05,7.5913547156785784e-05,-0.0094257080772486082],"lambda_start":[5.0571242238410965e-05,5.057124224056703e-05,-0.0062836697277706384],"ddtil_count":1}
MORTAR_OBSERVER {"kind":"DDTIL","call_id":6,"pair":0,"column_slot":2,"source_slot":2,"destination_slot":2,"entry":2,"value":1333.3343689991707}
MORTAR_OBSERVER {"kind":"PRE_RAW","call_id":6,"pair":0,"slot":3,"node":4,"activity":1,"lambda_raw":[0.00019576168106173587,-4.9605008433789274e-05,-0.0095798586790646709],"lambda_start":[0.00013053191922175221,-3.3155668199928552e-05,-0.0063861121765681822],"ddtil_count":1}
MORTAR_OBSERVER {"kind":"DDTIL","call_id":6,"pair":0,"column_slot":3,"source_slot":3,"destination_slot":3,"entry":3,"value":666.66713127890409}
MORTAR_OBSERVER {"kind":"PRE_RAW","call_id":6,"pair":0,"slot":4,"node":17,"activity":1,"lambda_raw":[-0.0005521167433734643,-7.2764889433810047e-05,-0.0084786789016572332],"lambda_start":[-0.00036800480080532099,-4.8514399969227216e-05,-0.0056529312620172811],"ddtil_count":1}
MORTAR_OBSERVER {"kind":"DDTIL","call_id":6,"pair":0,"column_slot":4,"source_slot":4,"destination_slot":4,"entry":4,"value":1000.0006159759214}
MORTAR_OBSERVER {"kind":"PRE_RAW","call_id":6,"pair":0,"slot":5,"node":18,"activity":1,"lambda_raw":[0.00023729115310694597,-0.00024853541530145732,-0.0087358574047298899],"lambda_start":[0.00015814979519116425,-0.00016566360550000704,-0.005824057504226556],"ddtil_count":1}
MORTAR_OBSERVER {"kind":"DDTIL","call_id":6,"pair":0,"column_slot":5,"source_slot":5,"destination_slot":5,"entry":5,"value":1000.0007031967892}
MORTAR_OBSERVER {"kind":"PRE_RAW","call_id":6,"pair":0,"slot":6,"node":19,"activity":1,"lambda_raw":[-0.0001245963998862153,-0.00012459639988232263,-0.0085238198663239919],"lambda_start":[-8.3041159713869998e-05,-8.3041159704783069e-05,-0.0056826005661128436],"ddtil_count":1}
MORTAR_OBSERVER {"kind":"DDTIL","call_id":6,"pair":0,"column_slot":6,"source_slot":6,"destination_slot":6,"entry":6,"value":2000.0012991779606}
MORTAR_OBSERVER {"kind":"PRE_RAW","call_id":6,"pair":0,"slot":7,"node":23,"activity":1,"lambda_raw":[-0.00024853541531637627,0.0002372911531220816,-0.0087358574047300182],"lambda_start":[-0.00016566360550267665,0.00015814979519880774,-0.0058240575042272265],"ddtil_count":1}
MORTAR_OBSERVER {"kind":"DDTIL","call_id":6,"pair":0,"column_slot":7,"source_slot":7,"destination_slot":7,"entry":7,"value":1000.0007031967901}
MORTAR_OBSERVER {"kind":"PRE_RAW","call_id":6,"pair":0,"slot":8,"node":24,"activity":1,"lambda_raw":[-7.2764889441171183e-05,-0.00055211674340339945,-0.0084786789016538973],"lambda_start":[-4.8514399980636757e-05,-0.00036800480086035737,-0.0056529312620121402],"ddtil_count":1}
MORTAR_OBSERVER {"kind":"DDTIL","call_id":6,"pair":0,"column_slot":8,"source_slot":8,"destination_slot":8,"entry":8,"value":1000.0006159759225}
MORTAR_OBSERVER {"kind":"LAW","call_id":6,"pair":0,"slot":0,"node":1,"activity":1,"ndof":3,"normal":[5.6572878765412496e-08,5.6572878766499391e-08,-0.99999999999999678],"tangents":[0.99999999999999845,-3.2004906118675544e-15,5.6572878765412403e-08,3.944304526105059e-31,0.99999999999999845,5.6572878766499484e-08],"ln":13.182479567895168,"lt":[0.50782557002196016,0.50782557003596152],"lt_start":[0.33857142890118197,0.33857142892597597],"q":0.0013182479567895168,"ut":[0.0016921418755102397,0.0016921418754022529],"gn":0.0013182479567895168,"gt":[0.0016925414112077819,0.0016925414110998554],"b":3.9547438703685502,"constant_n":10000000000,"constant_t":100,"mu":0.29999999999999999,"normal_mode":1,"tangent_mode":1,"normal_inverse_stiffness":0.0001,"tangent_inverse_stiffness":0.01,"p0":0,"beta":0,"iwan":1,"rn":0,"rt":[-3.9953569754220056e-07,-3.995356976024822e-07]}
MORTAR_OBSERVER {"kind":"LAW","call_id":6,"pair":0,"slot":1,"node":2,"activity":1,"ndof":3,"normal":[4.941545163639616e-08,-2.9406304121697316e-08,-0.99999999999999833],"tangents":[0.99999999999999878,1.4531257991308926e-15,4.941545163639614e-08,-0,0.99999999999999956,-2.9406304121697353e-08],"ln":6.3865768981574664,"lt":[-0.033070344263216866,0.13050806610714522],"lt_start":[-0.022104004592443671,0.0870214653001469],"q":0.00063865768981574678,"ut":[-0.0001096099764408388,0.00043465841901708604],"gn":0.00063865768981574667,"gt":[-0.00010966339670773196,0.00043486600806998317],"b":1.9159730697725004,"constant_n":10000000000,"constant_t":100,"mu":0.29999999999999999,"normal_mode":1,"tangent_mode":1,"normal_inverse_stiffness":0.0001,"tangent_inverse_stiffness":0.01,"p0":0,"beta":0,"iwan":1,"rn":-3.2526048521219764e-10,"rt":[5.3420266893152856e-08,-2.0758905289712396e-07]}
MORTAR_OBSERVER {"kind":"LAW","call_id":6,"pair":0,"slot":2,"node":3,"activity":1,"ndof":3,"normal":[-3.4612256567410677e-08,-3.4612256566351423e-08,-0.99999999999999878],"tangents":[0.99999999999999944,-1.1980083046516012e-15,-3.4612256567410657e-08,1.9721522630525295e-31,0.99999999999999944,-3.4612256566351442e-08],"ln":12.567620524541866,"lt":[0.10121857649317305,0.10121857649048797],"lt_start":[0.067428665348999425,0.067428665351874251],"q":0.0012567620524541866,"ut":[0.00033786137822745176,0.00033786137817184948],"gn":0.0012567620524541866,"gt":[0.00033789911144173622,0.00033789911138613725],"b":3.7702861573625595,"constant_n":10000000000,"constant_t":100,"mu":0.29999999999999999,"normal_mode":1,"tangent_mode":1,"normal_inverse_stiffness":0.0001,"tangent_inverse_stiffness":0.01,"p0":0,"beta":0,"iwan":1,"rn":0,"rt":[-3.7733214284466771e-08,-3.7733214287773587e-08]}
MORTAR_OBSERVER {"kind":"LAW","call_id":6,"pair":0,"slot":3,"node":4,"activity":1,"ndof":3,"normal":[-2.9406304122772866e-08,4.9415451637444059e-08,-0.99999999999999833],"tangents":[0.99999999999999956,1.453125799214855e-15,-2.940630412277283e-08,-0,0.99999999999999878,4.9415451637444079e-08],"ln":6.3865768981574202,"lt":[0.13050806613338584,-0.033070344265202209],"lt_start":[0.087021465322620242,-0.022104004586373086],"q":0.00063865768981574223,"ut":[0.00043465841901796457,-0.00010960997651198479],"gn":0.00063865768981574201,"gt":[0.00043486600810765594,-0.00010966339678829124],"b":1.9159730700977473,"constant_n":10000000000,"constant_t":100,"mu":0.29999999999999999,"normal_mode":1,"tangent_mode":1,"normal_inverse_stiffness":0.0001,"tangent_inverse_stiffness":0.01,"p0":0,"beta":0,"iwan":1,"rn":-6.5052141451360512e-10,"rt":[-2.0758908969136783e-07,5.3420276306453615e-08]}
MORTAR_OBSERVER {"kind":"LAW","call_id":6,"pair":0,"slot":4,"node":17,"activity":1,"ndof":3,"normal":[5.4435081156978604e-08,1.2142368533043196e-08,-0.99999999999999845],"tangents":[0.99999999999999856,-6.6097081653415058e-16,5.4435081156978604e-08,-0,1,1.2142368533043214e-08],"ln":8.478684093381192,"lt":[-0.55211754500194166,-0.072765037206537167],"lt_start":[-0.3680053352053782,-0.048514498492946395],"q":0.00084786840933811938,"ut":[-0.0018416534654543454,-0.00024257553374965748],"gn":0.00084786840933811928,"gt":[-0.0018411220979656345,-0.00024250538713590773],"b":2.5436052283396182,"constant_n":10000000000,"constant_t":100,"mu":0.29999999999999999,"normal_mode":1,"tangent_mode":1,"normal_inverse_stiffness":0.0001,"tangent_inverse_stiffness":0.01,"p0":0,"beta":0,"iwan":1,"rn":-3.2526070725680256e-10,"rt":[-5.3136748871091509e-07,-7.0146613749750338e-08]}
MORTAR_OBSERVER {"kind":"LAW","call_id":6,"pair":0,"slot":5,"node":18,"activity":1,"ndof":3,"normal":[7.866785652396447e-09,-3.2474466055186876e-08,-0.99999999999999944],"tangents":[1,2.5546966363217963e-16,7.8667856523964437e-09,-0,0.99999999999999956,-3.2474466055186876e-08],"ln":8.7358635576945431,"lt":[0.23729125124615688,-0.24853530637825902],"lt_start":[0.15814986058494818,-0.16566353286083171],"q":0.00087358635576945424,"ut":[0.00079137135219421273,-0.00082867313492405168],"gn":0.00087358635576945435,"gt":[0.00079141390661208709,-0.0008287177351742731],"b":2.6207590669831018,"constant_n":10000000000,"constant_t":100,"mu":0.29999999999999999,"normal_mode":1,"tangent_mode":1,"normal_inverse_stiffness":0.0001,"tangent_inverse_stiffness":0.01,"p0":0,"beta":0,"iwan":1,"rn":3.2526115134601241e-10,"rt":[-4.255441787435945e-08,4.4600250221423117e-08]}
MORTAR_OBSERVER {"kind":"LAW","call_id":6,"pair":0,"slot":6,"node":19,"activity":1,"ndof":3,"normal":[1.0980306437028399e-08,1.0980306438101487e-08,-0.99999999999999989],"tangents":[1,-1.2056712946283015e-16,1.0980306437028399e-08,-0,1,1.0980306438101489e-08],"ln":17.047650801134463,"lt":[-0.24919314883375718,-0.24919314882597185],"lt_start":[-0.16608255210645673,-0.16608255208828288],"q":0.0017047650801134463,"ut":[-0.00083143003759448609,-0.0008314300376983004],"gn":0.0017047650801134463,"gt":[-0.00083110596727300448,-0.00083110596737688981],"b":5.114295240340339,"constant_n":10000000000,"constant_t":100,"mu":0.29999999999999999,"normal_mode":1,"tangent_mode":1,"normal_inverse_stiffness":0.0001,"tangent_inverse_stiffness":0.01,"p0":0,"beta":0,"iwan":1,"rn":0,"rt":[-3.2407032148160791e-07,-3.2407032141059267e-07]}
MORTAR_OBSERVER {"kind":"LAW","call_id":6,"pair":0,"slot":7,"node":23,"activity":1,"ndof":3,"normal":[-3.247446605625429e-08,7.8667856534500237e-09,-0.99999999999999944],"tangents":[0.99999999999999956,2.5546966367479118e-16,-3.247446605625429e-08,-0,1,7.8667856534500286e-09],"ln":8.7358635576946799,"lt":[-0.24853530639317811,0.23729125126129277],"lt_start":[-0.16566353286350144,0.15814986059259187],"q":0.00087358635576946801,"ut":[-0.0008286731348411667,0.00079137135207317402],"gn":0.00087358635576946801,"gt":[-0.0008287177352967667,0.00079141390668700904],"b":2.6207590673084038,"constant_n":10000000000,"constant_t":100,"mu":0.29999999999999999,"normal_mode":1,"tangent_mode":1,"normal_inverse_stiffness":0.0001,"tangent_inverse_stiffness":0.01,"p0":0,"beta":0,"iwan":1,"rn":0,"rt":[4.4600455599997507e-08,-4.2554613835011669e-08]}
MORTAR_OBSERVER {"kind":"LAW","call_id":6,"pair":0,"slot":8,"node":24,"activity":1,"ndof":3,"normal":[1.2142368531961965e-08,5.4435081158046012e-08,-0.99999999999999845],"tangents":[1,-6.6097081648825366e-16,1.2142368531961948e-08,-0,0.99999999999999856,5.4435081158046018e-08],"ln":8.4786840933778667,"lt":[-0.072765037213898029,-0.55211754503187738],"lt_start":[-0.048514498504355748,-0.36800533526041507],"q":0.00084786840933778664,"ut":[-0.00024257553377128488,-0.0018416534656737445],"gn":0.00084786840933778675,"gt":[-0.00024250538709542281,-0.0018411220977146232],"b":2.5436052276880989,"constant_n":10000000000,"constant_t":100,"mu":0.29999999999999999,"normal_mode":1,"tangent_mode":1,"normal_inverse_stiffness":0.0001,"tangent_inverse_stiffness":0.01,"p0":0,"beta":0,"iwan":1,"rn":3.2526115134601241e-10,"rt":[-7.0146675862066497e-08,-5.3136795912130108e-07]}
MORTAR_OBSERVER {"kind":"POST_RAW_AFTER_ACTIVE_LOOP","call_id":6,"pair":0,"slot":0,"node":1,"activity":1,"lambda_raw":[0.00038086951990137547,0.0003808695199118752,-0.0098868540012774057],"gap":-0.0013182479567895168}
MORTAR_OBSERVER {"kind":"POST_RAW_AFTER_ACTIVE_LOOP","call_id":6,"pair":0,"slot":1,"node":2,"activity":1,"lambda_raw":[-4.9605008430811574e-05,0.00019576168102237494,-0.0095798586790647438],"gap":-0.00063865768981574678}
MORTAR_OBSERVER {"kind":"POST_RAW_AFTER_ACTIVE_LOOP","call_id":6,"pair":0,"slot":2,"node":3,"activity":1,"lambda_raw":[7.5913547158799676e-05,7.5913547156785784e-05,-0.0094257080772486082],"gap":-0.0012567620524541866}
MORTAR_OBSERVER {"kind":"POST_RAW_AFTER_ACTIVE_LOOP","call_id":6,"pair":0,"slot":3,"node":4,"activity":1,"lambda_raw":[0.00019576168106173587,-4.9605008433789274e-05,-0.0095798586790646709],"gap":-0.00063865768981574223}
MORTAR_OBSERVER {"kind":"POST_RAW_AFTER_ACTIVE_LOOP","call_id":6,"pair":0,"slot":4,"node":17,"activity":1,"lambda_raw":[-0.0005521167433734643,-7.2764889433810047e-05,-0.0084786789016572332],"gap":-0.00084786840933811938}
MORTAR_OBSERVER {"kind":"POST_RAW_AFTER_ACTIVE_LOOP","call_id":6,"pair":0,"slot":5,"node":18,"activity":1,"lambda_raw":[0.00023729115310694597,-0.00024853541530145732,-0.0087358574047298899],"gap":-0.00087358635576945424}
MORTAR_OBSERVER {"kind":"POST_RAW_AFTER_ACTIVE_LOOP","call_id":6,"pair":0,"slot":6,"node":19,"activity":1,"lambda_raw":[-0.0001245963998862153,-0.00012459639988232263,-0.0085238198663239919],"gap":-0.0017047650801134463}
MORTAR_OBSERVER {"kind":"POST_RAW_AFTER_ACTIVE_LOOP","call_id":6,"pair":0,"slot":7,"node":23,"activity":1,"lambda_raw":[-0.00024853541531637627,0.0002372911531220816,-0.0087358574047300182],"gap":-0.00087358635576946801}
MORTAR_OBSERVER {"kind":"POST_RAW_AFTER_ACTIVE_LOOP","call_id":6,"pair":0,"slot":8,"node":24,"activity":1,"lambda_raw":[-7.2764889441171183e-05,-0.00055211674340339945,-0.0084786789016538973],"gap":-0.00084786840933778664}
MORTAR_OBSERVER {"kind":"SUMMARY_PRE_OVERRIDE","call_id":6,"ndiverg":14,"flag":0,"keepset":0,"max_n":6.5052141451360512e-10,"max_t":[5.3136748871091509e-07,5.3136795912130108e-07],"lm_t_av":[2.1325248456006678,2.1325248456027346],"nstick":9,"nslip":0,"ninactive":0,"nnogap":0,"nolm":0}
MORTAR_OBSERVER {"kind":"SUMMARY_POST_OVERRIDE","call_id":6,"flag":0}
MORTAR_OBSERVER {"kind":"RETURN","call_id":6}
 Using up to 2 cpu(s) for the stress calculation.

 average force= 3.502465
 time avg. forc= 2.334968
 largest residual force= 0.000000 in node 17 and dof 1
 largest increment of disp= 9.310195e-05
 largest correction to disp= 3.500296e-07 in node 24 and dof 2

MORTAR_OBSERVER {"kind":"PRE_CHECK","call_id":6,"step":1,"inc":3,"cutback":0,"iteration":2,"time":0.75,"dtime":0.25,"ttime":0,"tper":1,"theta":0.5,"dtheta":0.25,"icntrl":0,"nmethod":1,"iexpl":0,"ithermal":0,"uncoupled":0,"mortar":2,"iflagdualquad":2}
 convergence; the increment size is increased to 3.750000e-01

 the increment size exceeds the maximum allowed and is decreased to 2.500000e-01

MORTAR_OBSERVER {"kind":"POST_CHECK","call_id":6,"step":1,"inc":3,"cutback":0,"iteration":2,"time":0.75,"dtime":0.25,"ttime":0,"tper":1,"theta":0.75,"dtheta":0.25,"icntrl":1,"nmethod":1,"iexpl":0,"ithermal":0,"uncoupled":0,"mortar":2,"iflagdualquad":2}
 Using up to 2 cpu(s) for the stress calculation.

 increment 4 attempt 1 
 increment size= 2.500000e-01
 sum of previous increments=7.500000e-01
 actual step time=1.000000e+00
 actual total time=1.000000e+00

 iteration 1

 Determining the structure of the matrix:

 Using up to 2 cpu(s) for setting up the structure of the matrix.
 number of equations
 75
 number of nonzero lower triangular matrix elements
 1143

 Using up to 2 cpu(s) for the stress calculation.

 Using up to 2 cpu(s) for the symmetric stiffness/mass contributions.

 Using up to 2 cpu(s) for the stress calculation.

 Using up to 2 cpu(s) for the symmetric stiffness/mass contributions.

 Factoring the system of equations using the unsymmetric spooles solver
 Using 1 cpu for spooles.

MORTAR_OBSERVER {"kind":"BEGIN","call_id":7,"step":1,"inc":4,"cutback":0,"iteration":1,"time":1,"dtime":0.25,"ttime":0,"tper":1,"theta":0.75,"dtheta":0.25,"icntrl":0,"nmethod":1,"iexpl":0,"ithermal":0,"uncoupled":0,"mortar":2,"iflagdualquad":2}
MORTAR_OBSERVER {"kind":"INVENTORY","call_id":7,"pair_count":1,"slave_count":9}
MORTAR_OBSERVER {"kind":"PAIR","call_id":7,"pair":0,"start":0,"end":9}
MORTAR_OBSERVER {"kind":"PRE_RAW","call_id":7,"pair":0,"slot":0,"node":1,"activity":1,"lambda_raw":[0.00053213712886641148,0.00053213712887745408,-0.013189619143110056],"lambda_start":[0.00038086951990137547,0.0003808695199118752,-0.0098868540012774057],"ddtil_count":1}
MORTAR_OBSERVER {"kind":"DDTIL","call_id":7,"pair":0,"column_slot":0,"source_slot":0,"destination_slot":0,"entry":0,"value":1333.3343393497623}
MORTAR_OBSERVER {"kind":"PRE_RAW","call_id":7,"pair":0,"slot":1,"node":2,"activity":1,"lambda_raw":[-5.9705654463939523e-05,0.0002780042082327102,-0.012783704672270163],"lambda_start":[-4.9605008430811574e-05,0.00019576168102237494,-0.0095798586790647438],"ddtil_count":1}
MORTAR_OBSERVER {"kind":"DDTIL","call_id":7,"pair":0,"column_slot":1,"source_slot":1,"destination_slot":1,"entry":1,"value":666.66728288498643}
MORTAR_OBSERVER {"kind":"PRE_RAW","call_id":7,"pair":0,"slot":2,"node":3,"activity":1,"lambda_raw":[0.00010632315281033923,0.00010632315280854282,-0.012570412344972413],"lambda_start":[7.5913547158799676e-05,7.5913547156785784e-05,-0.0094257080772486082],"ddtil_count":1}
MORTAR_OBSERVER {"kind":"DDTIL","call_id":7,"pair":0,"column_slot":2,"source_slot":2,"destination_slot":2,"entry":2,"value":1333.3347077907185}
MORTAR_OBSERVER {"kind":"PRE_RAW","call_id":7,"pair":0,"slot":3,"node":4,"activity":1,"lambda_raw":[0.00027800420827154876,-5.9705654466434956e-05,-0.012783704672269205],"lambda_start":[0.00019576168106173587,-4.9605008433789274e-05,-0.0095798586790646709],"ddtil_count":1}
MORTAR_OBSERVER {"kind":"DDTIL","call_id":7,"pair":0,"column_slot":3,"source_slot":3,"destination_slot":3,"entry":3,"value":666.6672828849878}
MORTAR_OBSERVER {"kind":"PRE_RAW","call_id":7,"pair":0,"slot":4,"node":17,"activity":1,"lambda_raw":[-0.00077563997406422355,-0.00010031038612941377,-0.011297029081585641],"lambda_start":[-0.0005521167433734643,-7.2764889433810047e-05,-0.0084786789016572332],"ddtil_count":1}
MORTAR_OBSERVER {"kind":"DDTIL","call_id":7,"pair":0,"column_slot":4,"source_slot":4,"destination_slot":4,"entry":4,"value":1000.0008246595137}
MORTAR_OBSERVER {"kind":"PRE_RAW","call_id":7,"pair":0,"slot":5,"node":18,"activity":1,"lambda_raw":[0.00033390053991257421,-0.00034741029391702509,-0.01164695444820024],"lambda_start":[0.00023729115310694597,-0.00024853541530145732,-0.0087358574047298899],"ddtil_count":1}
MORTAR_OBSERVER {"kind":"DDTIL","call_id":7,"pair":0,"column_slot":5,"source_slot":5,"destination_slot":5,"entry":5,"value":1000.0009410092866}
MORTAR_OBSERVER {"kind":"PRE_RAW","call_id":7,"pair":0,"slot":6,"node":19,"activity":1,"lambda_raw":[-0.00017259317028289289,-0.00017259317027867898,-0.011360139058698281],"lambda_start":[-0.0001245963998862153,-0.00012459639988232263,-0.0085238198663239919],"ddtil_count":1}
MORTAR_OBSERVER {"kind":"DDTIL","call_id":7,"pair":0,"column_slot":6,"source_slot":6,"destination_slot":6,"entry":6,"value":2000.0017390163312}
MORTAR_OBSERVER {"kind":"PRE_RAW","call_id":7,"pair":0,"slot":7,"node":23,"activity":1,"lambda_raw":[-0.00034741029393081939,0.00033390053992676512,-0.011646954448200001],"lambda_start":[-0.00024853541531637627,0.0002372911531220816,-0.0087358574047300182],"ddtil_count":1}
MORTAR_OBSERVER {"kind":"DDTIL","call_id":7,"pair":0,"column_slot":7,"source_slot":7,"destination_slot":7,"entry":7,"value":1000.0009410092888}
MORTAR_OBSERVER {"kind":"PRE_RAW","call_id":7,"pair":0,"slot":8,"node":24,"activity":1,"lambda_raw":[-0.00010031038613806482,-0.00077563997409659977,-0.011297029081582031],"lambda_start":[-7.2764889441171183e-05,-0.00055211674340339945,-0.0084786789016538973],"ddtil_count":1}
MORTAR_OBSERVER {"kind":"DDTIL","call_id":7,"pair":0,"column_slot":8,"source_slot":8,"destination_slot":8,"entry":8,"value":1000.0008246595137}
MORTAR_OBSERVER {"kind":"LAW","call_id":7,"pair":0,"slot":0,"node":1,"activity":1,"ndof":3,"normal":[7.4865897707372911e-08,7.4865897707575114e-08,-0.99999999999999445],"tangents":[0.99999999999999722,-5.6049026395459785e-15,7.4865897707372713e-08,-0,0.99999999999999722,7.4865897707575326e-08],"ln":17.586172232690739,"lt":[0.70951539055600665,0.70951539057073409],"lt_start":[0.50782542277781229,0.50782542279181475],"q":0.0017586172232690741,"ut":[0.0014516290459828151,0.0014516290460261383],"gn":0.0017586172232690739,"gt":[0.0020168996777819438,0.0020168996777891936],"b":5.2758516704577429,"constant_n":10000000000,"constant_t":100,"mu":0.29999999999999999,"normal_mode":1,"tangent_mode":1,"normal_inverse_stiffness":0.0001,"tangent_inverse_stiffness":0.01,"p0":0,"beta":0,"iwan":1,"rn":-6.5052141451360512e-10,"rt":[-0.00056527063179912873,-0.00056527063176305538]}
MORTAR_OBSERVER {"kind":"LAW","call_id":7,"pair":0,"slot":1,"node":2,"activity":1,"ndof":3,"normal":[6.6997393597558938e-08,-4.0011926186467525e-08,-0.999999999999997],"tangents":[0.99999999999999778,2.6806947673112462e-15,6.6997393597558885e-08,-3.944304526105059e-31,0.99999999999999922,-4.0011926186467617e-08],"ln":8.5224776489840153,"lt":[-0.039804377418133988,0.18533665113383976],"lt_start":[-0.033070464072159432,0.13050816351948577],"q":0.00085224776489840187,"ut":[-3.0681642945358418e-05,0.00040291958355870365],"gn":0.00085224776489840155,"gt":[-6.7339133459745561e-05,0.00054828487614354],"b":2.5567432956709868,"constant_n":10000000000,"constant_t":100,"mu":0.29999999999999999,"normal_mode":1,"tangent_mode":1,"normal_inverse_stiffness":0.0001,"tangent_inverse_stiffness":0.01,"p0":0,"beta":0,"iwan":1,"rn":-9.7578212177040768e-10,"rt":[3.6657490514387143e-05,-0.00014536529258483635]}
MORTAR_OBSERVER {"kind":"LAW","call_id":7,"pair":0,"slot":2,"node":3,"activity":1,"ndof":3,"normal":[-4.5735677260421841e-08,-4.573567726023644e-08,-0.999999999999998],"tangents":[0.999999999999999,-2.0917521744609904e-15,-4.5735677260421801e-08,-0,0.99999999999999911,-4.5735677260236486e-08],"ln":16.760567057825224,"lt":[0.14176511643964737,0.14176511643725245],"lt_start":[0.1012187420071174,0.10121874200443244],"q":0.0016760567057825223,"ut":[0.00029274283281072449,0.00029274283283217402],"gn":0.0016760567057825225,"gt":[0.0004054637443252997,0.00040546374432820015],"b":5.0281701166970452,"constant_n":10000000000,"constant_t":100,"mu":0.29999999999999999,"normal_mode":1,"tangent_mode":1,"normal_inverse_stiffness":0.0001,"tangent_inverse_stiffness":0.01,"p0":0,"beta":0,"iwan":1,"rn":6.5052141451360512e-10,"rt":[-0.00011272091151457521,-0.00011272091149602614]}
MORTAR_OBSERVER {"kind":"LAW","call_id":7,"pair":0,"slot":3,"node":4,"activity":1,"ndof":3,"normal":[-4.0011926186658365e-08,6.699739359773295e-08,-0.999999999999997],"tangents":[0.99999999999999922,2.6806947673309906e-15,-4.0011926186658279e-08,-0,0.99999999999999778,6.6997393597733003e-08],"ln":8.5224776489833953,"lt":[0.18533665115973244,-0.039804377419798191],"lt_start":[0.13050816354572661,-0.033070464074144983],"q":0.00085224776489833975,"ut":[0.00040291958355496754,-3.0681642918360544e-05],"gn":0.00085224776489833953,"gt":[0.0005482848761400583,-6.733913345653208e-05],"b":2.5567432953455396,"constant_n":10000000000,"constant_t":100,"mu":0.29999999999999999,"normal_mode":1,"tangent_mode":1,"normal_inverse_stiffness":0.0001,"tangent_inverse_stiffness":0.01,"p0":0,"beta":0,"iwan":1,"rn":-6.5052097042439527e-10,"rt":[-0.00014536529258509076,3.6657490538171536e-05]}
MORTAR_OBSERVER {"kind":"LAW","call_id":7,"pair":0,"slot":4,"node":17,"activity":1,"ndof":3,"normal":[7.2515304541075728e-08,1.584332206340858e-08,-0.99999999999999722],"tangents":[0.99999999999999745,-1.1488833243704206e-15,7.2515304541075728e-08,-0,0.99999999999999989,1.5843322063408623e-08],"ln":11.297038339953051,"lt":[-0.77564143291128507,-0.10031064783394569],"lt_start":[-0.55211781351627753,-0.07276508377061966],"q":0.0011297038339953055,"ut":[-0.0016230623480416502,-0.00019482244851010692],"gn":0.0011297038339953052,"gt":[-0.0022352361939500754,-0.00027545564063326033],"b":3.3891115026364367,"constant_n":10000000000,"constant_t":100,"mu":0.29999999999999999,"normal_mode":1,"tangent_mode":1,"normal_inverse_stiffness":0.0001,"tangent_inverse_stiffness":0.01,"p0":0,"beta":0,"iwan":1,"rn":-6.5052141451360512e-10,"rt":[0.00061217384590842527,8.0633192123153417e-05]}
MORTAR_OBSERVER {"kind":"LAW","call_id":7,"pair":0,"slot":5,"node":18,"activity":1,"ndof":3,"normal":[1.1142157433751558e-08,-4.3385096620284343e-08,-0.99999999999999911],"tangents":[1,4.8340357682173086e-16,1.114215743375155e-08,-0,0.99999999999999922,-4.338509662028435e-08],"ln":11.646965426885346,"lt":[0.33390072434376072,-0.34741011552861811],"lt_start":[0.23729127906373446,-0.24853527016921678],"q":0.0011646965426885345,"ut":[0.00070238143162507777,-0.00071260515544014757],"gn":0.0011646965426885347,"gt":[0.00096609445280026269,-0.00098874845359401328],"b":3.4940896274150828,"constant_n":10000000000,"constant_t":100,"mu":0.29999999999999999,"normal_mode":1,"tangent_mode":1,"normal_inverse_stiffness":0.0001,"tangent_inverse_stiffness":0.01,"p0":0,"beta":0,"iwan":1,"rn":6.5052097042439527e-10,"rt":[-0.00026371302117518492,0.00027614329815386571]}
MORTAR_OBSERVER {"kind":"LAW","call_id":7,"pair":0,"slot":6,"node":19,"activity":1,"ndof":3,"normal":[1.4565101998945414e-08,1.4565101999140031e-08,-0.99999999999999978],"tangents":[0.99999999999999989,-2.1214219624251833e-16,1.4565101998945412e-08,-0,0.99999999999999989,1.4565101999140033e-08],"ln":22.72029786280855,"lt":[-0.34518697163158341,-0.34518697162315565],"lt_start":[-0.24919326474843218,-0.2491932647406469],"q":0.0022720297862808556,"ut":[-0.00068327689353385088,-0.00068327689349288083],"gn":0.0022720297862808552,"gt":[-0.00095993706883151233,-0.00095993706882508746],"b":6.8160893601436072,"constant_n":10000000000,"constant_t":100,"mu":0.29999999999999999,"normal_mode":1,"tangent_mode":1,"normal_inverse_stiffness":0.0001,"tangent_inverse_stiffness":0.01,"p0":0,"beta":0,"iwan":1,"rn":-1.3010419408487905e-09,"rt":[0.00027666017529766145,0.00027666017533220662]}
MORTAR_OBSERVER {"kind":"LAW","call_id":7,"pair":0,"slot":7,"node":23,"activity":1,"ndof":3,"normal":[-4.3385096620472451e-08,1.1142157433931263e-08,-0.99999999999999911],"tangents":[0.99999999999999911,4.8340357683162377e-16,-4.3385096620472458e-08,-0,1,1.1142157433931275e-08],"ln":11.646965426885131,"lt":[-0.34741011554241291,0.33390072435795248],"lt_start":[-0.24853527018413613,0.23729127907887071],"q":0.0011646965426885128,"ut":[-0.00071260515545656,0.00070238143165600366],"gn":0.0011646965426885133,"gt":[-0.00098874845358276793,0.00096609445279081778],"b":3.494089626764497,"constant_n":10000000000,"constant_t":100,"mu":0.29999999999999999,"normal_mode":1,"tangent_mode":1,"normal_inverse_stiffness":0.0001,"tangent_inverse_stiffness":0.01,"p0":0,"beta":0,"iwan":1,"rn":1.3010423849380004e-09,"rt":[0.00027614329812620793,-0.00026371302113481411]}
MORTAR_OBSERVER {"kind":"LAW","call_id":7,"pair":0,"slot":8,"node":24,"activity":1,"ndof":3,"normal":[1.5843322063211784e-08,7.2515304541263836e-08,-0.99999999999999722],"tangents":[0.99999999999999989,-1.1488833243591273e-15,1.5843322063211745e-08,-0,0.99999999999999734,7.2515304541263836e-08],"ln":11.297038339949442,"lt":[-0.10031064784259587,-0.77564143294366139],"lt_start":[-0.072765083777980147,-0.55211781354621281],"q":0.0011297038339949444,"ut":[-0.00019482244851579244,-0.0016230623479929524],"gn":0.0011297038339949442,"gt":[-0.00027545564064615724,-0.002235236193974486],"b":3.3891115026353535,"constant_n":10000000000,"constant_t":100,"mu":0.29999999999999999,"normal_mode":1,"tangent_mode":1,"normal_inverse_stiffness":0.0001,"tangent_inverse_stiffness":0.01,"p0":0,"beta":0,"iwan":1,"rn":-6.5052097042439527e-10,"rt":[8.0633192130364798e-05,0.00061217384598153367]}
MORTAR_OBSERVER {"kind":"POST_RAW_AFTER_ACTIVE_LOOP","call_id":7,"pair":0,"slot":0,"node":1,"activity":1,"lambda_raw":[0.00053213712886641148,0.00053213712887745408,-0.013189619143110056],"gap":-0.0017586172232690741}
MORTAR_OBSERVER {"kind":"POST_RAW_AFTER_ACTIVE_LOOP","call_id":7,"pair":0,"slot":1,"node":2,"activity":1,"lambda_raw":[-5.9705654463939523e-05,0.0002780042082327102,-0.012783704672270163],"gap":-0.00085224776489840187}
MORTAR_OBSERVER {"kind":"POST_RAW_AFTER_ACTIVE_LOOP","call_id":7,"pair":0,"slot":2,"node":3,"activity":1,"lambda_raw":[0.00010632315281033923,0.00010632315280854282,-0.012570412344972413],"gap":-0.0016760567057825223}
MORTAR_OBSERVER {"kind":"POST_RAW_AFTER_ACTIVE_LOOP","call_id":7,"pair":0,"slot":3,"node":4,"activity":1,"lambda_raw":[0.00027800420827154876,-5.9705654466434956e-05,-0.012783704672269205],"gap":-0.00085224776489833975}
MORTAR_OBSERVER {"kind":"POST_RAW_AFTER_ACTIVE_LOOP","call_id":7,"pair":0,"slot":4,"node":17,"activity":1,"lambda_raw":[-0.00077563997406422355,-0.00010031038612941377,-0.011297029081585641],"gap":-0.0011297038339953055}
MORTAR_OBSERVER {"kind":"POST_RAW_AFTER_ACTIVE_LOOP","call_id":7,"pair":0,"slot":5,"node":18,"activity":1,"lambda_raw":[0.00033390053991257421,-0.00034741029391702509,-0.01164695444820024],"gap":-0.0011646965426885345}
MORTAR_OBSERVER {"kind":"POST_RAW_AFTER_ACTIVE_LOOP","call_id":7,"pair":0,"slot":6,"node":19,"activity":1,"lambda_raw":[-0.00017259317028289289,-0.00017259317027867898,-0.011360139058698281],"gap":-0.0022720297862808556}
MORTAR_OBSERVER {"kind":"POST_RAW_AFTER_ACTIVE_LOOP","call_id":7,"pair":0,"slot":7,"node":23,"activity":1,"lambda_raw":[-0.00034741029393081939,0.00033390053992676512,-0.011646954448200001],"gap":-0.0011646965426885128}
MORTAR_OBSERVER {"kind":"POST_RAW_AFTER_ACTIVE_LOOP","call_id":7,"pair":0,"slot":8,"node":24,"activity":1,"lambda_raw":[-0.00010031038613806482,-0.00077563997409659977,-0.011297029081582031],"gap":-0.0011297038339949444}
MORTAR_OBSERVER {"kind":"SUMMARY_PRE_OVERRIDE","call_id":7,"ndiverg":14,"flag":1,"keepset":0,"max_n":1.3010423849380004e-09,"max_t":[0.00061217384590842527,0.00061217384598153367],"lm_t_av":[2.9788714278451582,2.9788714278489579],"nstick":9,"nslip":0,"ninactive":0,"nnogap":0,"nolm":0}
MORTAR_OBSERVER {"kind":"SUMMARY_POST_OVERRIDE","call_id":7,"flag":1}
MORTAR_OBSERVER {"kind":"RETURN","call_id":7}
 Using up to 2 cpu(s) for the stress calculation.

 average force= 4.670502
 time avg. forc= 2.918852
 largest residual force= 0.000000 in node 24 and dof 2
 largest increment of disp= 9.287649e-05
 largest correction to disp= 5.747805e-07 in node 7 and dof 3

MORTAR_OBSERVER {"kind":"PRE_CHECK","call_id":7,"step":1,"inc":4,"cutback":0,"iteration":1,"time":1,"dtime":0.25,"ttime":0,"tper":1,"theta":0.75,"dtheta":0.25,"icntrl":0,"nmethod":1,"iexpl":0,"ithermal":0,"uncoupled":0,"mortar":2,"iflagdualquad":2}
 no convergence

MORTAR_OBSERVER {"kind":"POST_CHECK","call_id":7,"step":1,"inc":4,"cutback":0,"iteration":2,"time":1,"dtime":0.25,"ttime":0,"tper":1,"theta":0.75,"dtheta":0.25,"icntrl":0,"nmethod":1,"iexpl":0,"ithermal":0,"uncoupled":0,"mortar":2,"iflagdualquad":2}
 iteration 2

 Determining the structure of the matrix:

 Using up to 2 cpu(s) for setting up the structure of the matrix.
 number of equations
 75
 number of nonzero lower triangular matrix elements
 1143

 Using up to 2 cpu(s) for the stress calculation.

 Using up to 2 cpu(s) for the symmetric stiffness/mass contributions.

 Using up to 2 cpu(s) for the stress calculation.

 Using up to 2 cpu(s) for the symmetric stiffness/mass contributions.

 Factoring the system of equations using the unsymmetric spooles solver
 Using 1 cpu for spooles.

MORTAR_OBSERVER {"kind":"BEGIN","call_id":8,"step":1,"inc":4,"cutback":0,"iteration":2,"time":1,"dtime":0.25,"ttime":0,"tper":1,"theta":0.75,"dtheta":0.25,"icntrl":0,"nmethod":1,"iexpl":0,"ithermal":0,"uncoupled":0,"mortar":2,"iflagdualquad":2}
MORTAR_OBSERVER {"kind":"INVENTORY","call_id":8,"pair_count":1,"slave_count":9}
MORTAR_OBSERVER {"kind":"PAIR","call_id":8,"pair":0,"start":0,"end":9}
MORTAR_OBSERVER {"kind":"PRE_RAW","call_id":8,"pair":0,"slot":0,"node":1,"activity":1,"lambda_raw":[0.00050771518908920529,0.00050771518909969321,-0.013186514357202705],"lambda_start":[0.00038086951990137547,0.0003808695199118752,-0.0098868540012774057],"ddtil_count":1}
MORTAR_OBSERVER {"kind":"DDTIL","call_id":8,"pair":0,"column_slot":0,"source_slot":0,"destination_slot":0,"entry":0,"value":1333.3343393497623}
MORTAR_OBSERVER {"kind":"PRE_RAW","call_id":8,"pair":0,"slot":1,"node":2,"activity":1,"lambda_raw":[-6.5538309315043666e-05,0.00026092037294276585,-0.012777594587534601],"lambda_start":[-4.9605008430811574e-05,0.00019576168102237494,-0.0095798586790647438],"ddtil_count":1}
MORTAR_OBSERVER {"kind":"DDTIL","call_id":8,"pair":0,"column_slot":1,"source_slot":1,"destination_slot":1,"entry":1,"value":666.66728288498643}
MORTAR_OBSERVER {"kind":"PRE_RAW","call_id":8,"pair":0,"slot":2,"node":3,"activity":1,"lambda_raw":[0.00010155868155003408,0.00010155868154907331,-0.0125689875371119],"lambda_start":[7.5913547158799676e-05,7.5913547156785784e-05,-0.0094257080772486082],"ddtil_count":1}
MORTAR_OBSERVER {"kind":"DDTIL","call_id":8,"pair":0,"column_slot":2,"source_slot":2,"destination_slot":2,"entry":2,"value":1333.3347077907185}
MORTAR_OBSERVER {"kind":"PRE_RAW","call_id":8,"pair":0,"slot":3,"node":4,"activity":1,"lambda_raw":[0.00026092037297979141,-6.5538309317234351e-05,-0.012777594587533964],"lambda_start":[0.00019576168106173587,-4.9605008433789274e-05,-0.0095798586790646709],"ddtil_count":1}
MORTAR_OBSERVER {"kind":"DDTIL","call_id":8,"pair":0,"column_slot":3,"source_slot":3,"destination_slot":3,"entry":3,"value":666.6672828849878}
MORTAR_OBSERVER {"kind":"PRE_RAW","call_id":8,"pair":0,"slot":4,"node":17,"activity":1,"lambda_raw":[-0.0007365987945344057,-9.7040249850901462e-05,-0.011300302693721054],"lambda_start":[-0.0005521167433734643,-7.2764889433810047e-05,-0.0084786789016572332],"ddtil_count":1}
MORTAR_OBSERVER {"kind":"DDTIL","call_id":8,"pair":0,"column_slot":4,"source_slot":4,"destination_slot":4,"entry":4,"value":1000.0008246595137}
MORTAR_OBSERVER {"kind":"PRE_RAW","call_id":8,"pair":0,"slot":5,"node":18,"activity":1,"lambda_raw":[0.00031677884056088363,-0.00033175558754602565,-0.011646327674742232],"lambda_start":[0.00023729115310694597,-0.00024853541530145732,-0.0087358574047298899],"ddtil_count":1}
MORTAR_OBSERVER {"kind":"DDTIL","call_id":8,"pair":0,"column_slot":5,"source_slot":5,"destination_slot":5,"entry":5,"value":1000.0009410092866}
MORTAR_OBSERVER {"kind":"PRE_RAW","call_id":8,"pair":0,"slot":6,"node":19,"activity":1,"lambda_raw":[-0.00016633402471439708,-0.00016633402470980207,-0.011364585339352794],"lambda_start":[-0.0001245963998862153,-0.00012459639988232263,-0.0085238198663239919],"ddtil_count":1}
MORTAR_OBSERVER {"kind":"DDTIL","call_id":8,"pair":0,"column_slot":6,"source_slot":6,"destination_slot":6,"entry":6,"value":2000.0017390163312}
MORTAR_OBSERVER {"kind":"PRE_RAW","call_id":8,"pair":0,"slot":7,"node":23,"activity":1,"lambda_raw":[-0.00033175558755821078,0.00031677884057350418,-0.011646327674742355],"lambda_start":[-0.00024853541531637627,0.0002372911531220816,-0.0087358574047300182],"ddtil_count":1}
MORTAR_OBSERVER {"kind":"DDTIL","call_id":8,"pair":0,"column_slot":7,"source_slot":7,"destination_slot":7,"entry":7,"value":1000.0009410092888}
MORTAR_OBSERVER {"kind":"PRE_RAW","call_id":8,"pair":0,"slot":8,"node":24,"activity":1,"lambda_raw":[-9.7040249858331947e-05,-0.00073659879456435451,-0.011300302693717842],"lambda_start":[-7.2764889441171183e-05,-0.00055211674340339945,-0.0084786789016538973],"ddtil_count":1}
MORTAR_OBSERVER {"kind":"DDTIL","call_id":8,"pair":0,"column_slot":8,"source_slot":8,"destination_slot":8,"entry":8,"value":1000.0008246595137}
MORTAR_OBSERVER {"kind":"LAW","call_id":8,"pair":0,"slot":0,"node":1,"activity":1,"ndof":3,"normal":[7.4865897707372911e-08,7.4865897707575114e-08,-0.99999999999999445],"tangents":[0.99999999999999722,-5.6049026395459785e-15,7.4865897707372713e-08,-0,0.99999999999999722,7.4865897707575326e-08],"ln":17.582032510148483,"lt":[0.67695277992744973,0.67695277994143732],"lt_start":[0.50782542277781229,0.50782542279181475],"q":0.0017582032510148481,"ut":[0.0016911405087257259,0.0016911405087255867],"gn":0.0017582032510148485,"gt":[0.0016912735714963746,0.0016912735714962256],"b":5.274609751743502,"constant_n":10000000000,"constant_t":100,"mu":0.29999999999999999,"normal_mode":1,"tangent_mode":1,"normal_inverse_stiffness":0.0001,"tangent_inverse_stiffness":0.01,"p0":0,"beta":0,"iwan":1,"rn":1.3010428290272102e-09,"rt":[-1.3306277064873903e-07,-1.3306277063898121e-07]}
MORTAR_OBSERVER {"kind":"LAW","call_id":8,"pair":0,"slot":1,"node":2,"activity":1,"ndof":3,"normal":[6.6997393597558938e-08,-4.0011926186467525e-08,-0.999999999999997],"tangents":[0.99999999999999778,2.6806947673112462e-15,6.6997393597558885e-08,-3.944304526105059e-31,0.99999999999999922,-4.0011926186467617e-08],"ln":8.5184042555903527,"lt":[-0.043692817306818794,0.17394741691685361],"lt_start":[-0.033070464072159432,0.13050816351948577],"q":0.00085184042555903525,"ut":[-0.00010620601156155725,0.00043432305529394913],"gn":0.00085184042555903536,"gt":[-0.00010622353234659362,0.00043439253397367845],"b":2.5555212763518447,"constant_n":10000000000,"constant_t":100,"mu":0.29999999999999999,"normal_mode":1,"tangent_mode":1,"normal_inverse_stiffness":0.0001,"tangent_inverse_stiffness":0.01,"p0":0,"beta":0,"iwan":1,"rn":3.2526115134601241e-10,"rt":[1.7520785036375568e-08,-6.9478679729320127e-08]}
MORTAR_OBSERVER {"kind":"LAW","call_id":8,"pair":0,"slot":2,"node":3,"activity":1,"ndof":3,"normal":[-4.5735677260421841e-08,-4.573567726023644e-08,-0.999999999999998],"tangents":[0.999999999999999,-2.0917521744609904e-15,-4.5735677260421801e-08,-0,0.99999999999999911,-4.5735677260236486e-08],"ln":16.758667312633953,"lt":[0.13541248145712501,0.13541248145584431],"lt_start":[0.1012187420071174,0.10121874200443244],"q":0.0016758667312633951,"ut":[0.00034192461803705601,0.00034192461805110076],"gn":0.0016758667312633954,"gt":[0.000341937394500076,0.0003419373945141187],"b":5.0276001931396639,"constant_n":10000000000,"constant_t":100,"mu":0.29999999999999999,"normal_mode":1,"tangent_mode":1,"normal_inverse_stiffness":0.0001,"tangent_inverse_stiffness":0.01,"p0":0,"beta":0,"iwan":1,"rn":6.5052230269202482e-10,"rt":[-1.2776463019991639e-08,-1.2776463017931654e-08]}
MORTAR_OBSERVER {"kind":"LAW","call_id":8,"pair":0,"slot":3,"node":4,"activity":1,"ndof":3,"normal":[-4.0011926186658365e-08,6.699739359773295e-08,-0.999999999999997],"tangents":[0.99999999999999922,2.6806947673309906e-15,-4.0011926186658279e-08,-0,0.99999999999999778,6.6997393597733003e-08],"ln":8.518404255589946,"lt":[0.17394741694153759,-0.043692817308279806],"lt_start":[0.13050816354572661,-0.033070464074144983],"q":0.00085184042555899438,"ut":[0.00043432305529686824,-0.00010620601156096281],"gn":0.00085184042555899459,"gt":[0.00043439253395810979,-0.00010622353234134824],"b":2.5555212760264623,"constant_n":10000000000,"constant_t":100,"mu":0.29999999999999999,"normal_mode":1,"tangent_mode":1,"normal_inverse_stiffness":0.0001,"tangent_inverse_stiffness":0.01,"p0":0,"beta":0,"iwan":1,"rn":6.5052141451360512e-10,"rt":[-6.9478661241558892e-08,1.7520780385432851e-08]}
MORTAR_OBSERVER {"kind":"LAW","call_id":8,"pair":0,"slot":4,"node":17,"activity":1,"ndof":3,"normal":[7.2515304541075728e-08,1.584332206340858e-08,-0.99999999999999722],"tangents":[0.99999999999999745,-1.1488833243704206e-15,7.2515304541075728e-08,-0,0.99999999999999989,1.5843322063408623e-08],"ln":11.300311957670976,"lt":[-0.73660022142317438,-0.097040508910549328],"lt_start":[-0.55211781351627753,-0.07276508377061966],"q":0.0011300311957670977,"ut":[-0.0018450014726264924,-0.00024277761699862906],"gn":0.0011300311957670977,"gt":[-0.0018448240790689685,-0.0002427542513992967],"b":3.3900935873012927,"constant_n":10000000000,"constant_t":100,"mu":0.29999999999999999,"normal_mode":1,"tangent_mode":1,"normal_inverse_stiffness":0.0001,"tangent_inverse_stiffness":0.01,"p0":0,"beta":0,"iwan":1,"rn":0,"rt":[-1.7739355752388608e-07,-2.3365599332366305e-08]}
MORTAR_OBSERVER {"kind":"LAW","call_id":8,"pair":0,"slot":5,"node":18,"activity":1,"ndof":3,"normal":[1.1142157433751558e-08,-4.3385096620284343e-08,-0.99999999999999911],"tangents":[1,4.8340357682173086e-16,1.114215743375155e-08,-0,0.99999999999999922,-4.338509662028435e-08],"ln":11.646338651967584,"lt":[0.31677900888737565,-0.3317553944535872],"lt_start":[0.23729127906373446,-0.24853527016921678],"q":0.0011646338651967584,"ut":[0.00079486310671705081,-0.00083218638239826741],"gn":0.0011646338651967584,"gt":[0.00079487729823641195,-0.00083220124284370421],"b":3.493901595590275,"constant_n":10000000000,"constant_t":100,"mu":0.29999999999999999,"normal_mode":1,"tangent_mode":1,"normal_inverse_stiffness":0.0001,"tangent_inverse_stiffness":0.01,"p0":0,"beta":0,"iwan":1,"rn":0,"rt":[-1.4191519361137633e-08,1.486044543680138e-08]}
MORTAR_OBSERVER {"kind":"LAW","call_id":8,"pair":0,"slot":6,"node":19,"activity":1,"ndof":3,"normal":[1.4565101998945414e-08,1.4565101999140031e-08,-0.99999999999999978],"tangents":[0.99999999999999989,-2.1214219624251833e-16,1.4565101998945412e-08,-0,0.99999999999999989,1.4565101999140033e-08],"ln":22.729190432214388,"lt":[-0.3326686697393566,-0.33266866973016662],"lt_start":[-0.24919326474843218,-0.2491932647406469],"q":0.0022729190432214394,"ut":[-0.00083486233275946182,-0.00083486233274542878],"gn":0.002272919043221439,"gt":[-0.00083475404990924432,-0.00083475404989519718],"b":6.8187571309653583,"constant_n":10000000000,"constant_t":100,"mu":0.29999999999999999,"normal_mode":1,"tangent_mode":1,"normal_inverse_stiffness":0.0001,"tangent_inverse_stiffness":0.01,"p0":0,"beta":0,"iwan":1,"rn":-1.3010419408487905e-09,"rt":[-1.0828285021749744e-07,-1.0828285023159207e-07]}
MORTAR_OBSERVER {"kind":"LAW","call_id":8,"pair":0,"slot":7,"node":23,"activity":1,"ndof":3,"normal":[-4.3385096620472451e-08,1.1142157433931263e-08,-0.99999999999999911],"tangents":[0.99999999999999911,4.8340357683162377e-16,-4.3385096620472458e-08,-0,1,1.1142157433931275e-08],"ln":11.646338651967731,"lt":[-0.3317553944657729,0.31677900889999705],"lt_start":[-0.24853527018413613,0.23729127907887071],"q":0.0011646338651967734,"ut":[-0.0008321863824223496,0.0007948631067410068],"gn":0.0011646338651967732,"gt":[-0.00083220124281636778,0.00079487729821126345],"b":3.4939015962408404,"constant_n":10000000000,"constant_t":100,"mu":0.29999999999999999,"normal_mode":1,"tangent_mode":1,"normal_inverse_stiffness":0.0001,"tangent_inverse_stiffness":0.01,"p0":0,"beta":0,"iwan":1,"rn":-6.5052097042439527e-10,"rt":[1.4860394018188089e-08,-1.419147025664546e-08]}
MORTAR_OBSERVER {"kind":"LAW","call_id":8,"pair":0,"slot":8,"node":24,"activity":1,"ndof":3,"normal":[1.5843322063211784e-08,7.2515304541263836e-08,-0.99999999999999722],"tangents":[0.99999999999999989,-1.1488833243591273e-15,1.5843322063211745e-08,-0,0.99999999999999734,7.2515304541263836e-08],"ln":11.300311957667763,"lt":[-0.097040508917978968,-0.73660022145312321],"lt_start":[-0.072765083777980147,-0.55211781354621281],"q":0.0011300311957667764,"ut":[-0.00024277761699932534,-0.0018450014726266737],"gn":0.0011300311957667764,"gt":[-0.00024275425139998823,-0.001844824079069104],"b":3.3900935873003286,"constant_n":10000000000,"constant_t":100,"mu":0.29999999999999999,"normal_mode":1,"tangent_mode":1,"normal_inverse_stiffness":0.0001,"tangent_inverse_stiffness":0.01,"p0":0,"beta":0,"iwan":1,"rn":0,"rt":[-2.336559933710969e-08,-1.7739355756963941e-07]}
MORTAR_OBSERVER {"kind":"POST_RAW_AFTER_ACTIVE_LOOP","call_id":8,"pair":0,"slot":0,"node":1,"activity":1,"lambda_raw":[0.00050771518908920529,0.00050771518909969321,-0.013186514357202705],"gap":-0.0017582032510148481}
MORTAR_OBSERVER {"kind":"POST_RAW_AFTER_ACTIVE_LOOP","call_id":8,"pair":0,"slot":1,"node":2,"activity":1,"lambda_raw":[-6.5538309315043666e-05,0.00026092037294276585,-0.012777594587534601],"gap":-0.00085184042555903525}
MORTAR_OBSERVER {"kind":"POST_RAW_AFTER_ACTIVE_LOOP","call_id":8,"pair":0,"slot":2,"node":3,"activity":1,"lambda_raw":[0.00010155868155003408,0.00010155868154907331,-0.0125689875371119],"gap":-0.0016758667312633951}
MORTAR_OBSERVER {"kind":"POST_RAW_AFTER_ACTIVE_LOOP","call_id":8,"pair":0,"slot":3,"node":4,"activity":1,"lambda_raw":[0.00026092037297979141,-6.5538309317234351e-05,-0.012777594587533964],"gap":-0.00085184042555899438}
MORTAR_OBSERVER {"kind":"POST_RAW_AFTER_ACTIVE_LOOP","call_id":8,"pair":0,"slot":4,"node":17,"activity":1,"lambda_raw":[-0.0007365987945344057,-9.7040249850901462e-05,-0.011300302693721054],"gap":-0.0011300311957670977}
MORTAR_OBSERVER {"kind":"POST_RAW_AFTER_ACTIVE_LOOP","call_id":8,"pair":0,"slot":5,"node":18,"activity":1,"lambda_raw":[0.00031677884056088363,-0.00033175558754602565,-0.011646327674742232],"gap":-0.0011646338651967584}
MORTAR_OBSERVER {"kind":"POST_RAW_AFTER_ACTIVE_LOOP","call_id":8,"pair":0,"slot":6,"node":19,"activity":1,"lambda_raw":[-0.00016633402471439708,-0.00016633402470980207,-0.011364585339352794],"gap":-0.0022729190432214394}
MORTAR_OBSERVER {"kind":"POST_RAW_AFTER_ACTIVE_LOOP","call_id":8,"pair":0,"slot":7,"node":23,"activity":1,"lambda_raw":[-0.00033175558755821078,0.00031677884057350418,-0.011646327674742355],"gap":-0.0011646338651967734}
MORTAR_OBSERVER {"kind":"POST_RAW_AFTER_ACTIVE_LOOP","call_id":8,"pair":0,"slot":8,"node":24,"activity":1,"lambda_raw":[-9.7040249858331947e-05,-0.00073659879456435451,-0.011300302693717842],"gap":-0.0011300311957667764}
MORTAR_OBSERVER {"kind":"SUMMARY_PRE_OVERRIDE","call_id":8,"ndiverg":14,"flag":0,"keepset":0,"max_n":1.3010428290272102e-09,"max_t":[1.7739355752388608e-07,1.7739355756963941e-07],"lm_t_av":[2.8448492990665892,2.8448492990698382],"nstick":9,"nslip":0,"ninactive":0,"nnogap":0,"nolm":0}
MORTAR_OBSERVER {"kind":"SUMMARY_POST_OVERRIDE","call_id":8,"flag":0}
MORTAR_OBSERVER {"kind":"RETURN","call_id":8}
 Using up to 2 cpu(s) for the stress calculation.

 average force= 4.669791
 time avg. forc= 2.918674
 largest residual force= 0.000000 in node 17 and dof 1
 largest increment of disp= 9.287649e-05
 largest correction to disp= 2.330020e-07 in node 24 and dof 2

MORTAR_OBSERVER {"kind":"PRE_CHECK","call_id":8,"step":1,"inc":4,"cutback":0,"iteration":2,"time":1,"dtime":0.25,"ttime":0,"tper":1,"theta":0.75,"dtheta":0.25,"icntrl":0,"nmethod":1,"iexpl":0,"ithermal":0,"uncoupled":0,"mortar":2,"iflagdualquad":2}
 convergence; the increment size is increased to 3.750000e-01

 the increment size exceeds the maximum allowed and is decreased to 2.500000e-01

 the increment size exceeds the remainder of the step and is decreased to 0.000000e+00

MORTAR_OBSERVER {"kind":"POST_CHECK","call_id":8,"step":1,"inc":4,"cutback":0,"iteration":2,"time":1,"dtime":0.25,"ttime":0,"tper":1,"theta":1,"dtheta":0,"icntrl":1,"nmethod":1,"iexpl":0,"ithermal":0,"uncoupled":0,"mortar":2,"iflagdualquad":2}
 Using up to 2 cpu(s) for the stress calculation.


 STEP            2

 *INFO reading *STEP: nonlinear geometric
       effects are turned on

 Static analysis was selected

 Newton-Raphson iterative procedure is active

 Nonlinear geometric effects are taken into account

 Determining the structure of the matrix:
 Using up to 2 cpu(s) for setting up the structure of the matrix.
 number of equations
 75
 number of nonzero lower triangular matrix elements
 1143

 increment 1 attempt 1 
 increment size= 2.500000e-01
 sum of previous increments=0.000000e+00
 actual step time=2.500000e-01
 actual total time=1.250000e+00

 iteration 1

 Determining the structure of the matrix:

 Using up to 2 cpu(s) for setting up the structure of the matrix.
 number of equations
 75
 number of nonzero lower triangular matrix elements
 1143

 Using up to 2 cpu(s) for the stress calculation.

 Using up to 2 cpu(s) for the symmetric stiffness/mass contributions.

 Using up to 2 cpu(s) for the stress calculation.

 Using up to 2 cpu(s) for the symmetric stiffness/mass contributions.

 Factoring the system of equations using the unsymmetric spooles solver
 Using 1 cpu for spooles.

MORTAR_OBSERVER {"kind":"BEGIN","call_id":9,"step":2,"inc":1,"cutback":0,"iteration":1,"time":0.25,"dtime":0.25,"ttime":1,"tper":1,"theta":0,"dtheta":0.25,"icntrl":0,"nmethod":1,"iexpl":0,"ithermal":0,"uncoupled":0,"mortar":2,"iflagdualquad":2}
MORTAR_OBSERVER {"kind":"INVENTORY","call_id":9,"pair_count":1,"slave_count":9}
MORTAR_OBSERVER {"kind":"PAIR","call_id":9,"pair":0,"start":0,"end":9}
MORTAR_OBSERVER {"kind":"PRE_RAW","call_id":9,"pair":0,"slot":0,"node":1,"activity":1,"lambda_raw":[0.94712847091196073,-0.023109579517447468,2.6145440815374661],"lambda_start":[0.00050771518908920529,0.00050771518909969321,-0.013186514357202705],"ddtil_count":1}
MORTAR_OBSERVER {"kind":"DDTIL","call_id":9,"pair":0,"column_slot":0,"source_slot":0,"destination_slot":0,"entry":0,"value":1333.3343393655837}
MORTAR_OBSERVER {"kind":"PRE_RAW","call_id":9,"pair":0,"slot":1,"node":2,"activity":1,"lambda_raw":[1.2489860874917929,0.043112605461363897,-4.1185218945813036],"lambda_start":[-6.5538309315043666e-05,0.00026092037294276585,-0.012777594587534601],"ddtil_count":1}
MORTAR_OBSERVER {"kind":"DDTIL","call_id":9,"pair":0,"column_slot":1,"source_slot":1,"destination_slot":1,"entry":1,"value":666.6672829657565}
MORTAR_OBSERVER {"kind":"PRE_RAW","call_id":9,"pair":0,"slot":2,"node":3,"activity":1,"lambda_raw":[1.0823793123497087,-0.013233521600694232,-2.5483909201871953],"lambda_start":[0.00010155868155003408,0.00010155868154907331,-0.0125689875371119],"ddtil_count":1}
MORTAR_OBSERVER {"kind":"DDTIL","call_id":9,"pair":0,"column_slot":2,"source_slot":2,"destination_slot":2,"entry":2,"value":1333.33470804888}
MORTAR_OBSERVER {"kind":"PRE_RAW","call_id":9,"pair":0,"slot":3,"node":4,"activity":1,"lambda_raw":[0.9285063090306348,0.012830129319440631,4.0666318026164143],"lambda_start":[0.00026092037297979141,-6.5538309317234351e-05,-0.012777594587533964],"ddtil_count":1}
MORTAR_OBSERVER {"kind":"DDTIL","call_id":9,"pair":0,"column_slot":3,"source_slot":3,"destination_slot":3,"entry":3,"value":666.66728296575695}
MORTAR_OBSERVER {"kind":"PRE_RAW","call_id":9,"pair":0,"slot":4,"node":17,"activity":1,"lambda_raw":[0.55781040408876947,-0.064810800928469192,-0.45227774604166798],"lambda_start":[-0.0007365987945344057,-9.7040249850901462e-05,-0.011300302693721054],"ddtil_count":1}
MORTAR_OBSERVER {"kind":"DDTIL","call_id":9,"pair":0,"column_slot":4,"source_slot":4,"destination_slot":4,"entry":4,"value":1000.0008247327145}
MORTAR_OBSERVER {"kind":"PRE_RAW","call_id":9,"pair":0,"slot":5,"node":18,"activity":1,"lambda_raw":[1.4331213365559532,0.056704881893315053,-3.7815808696849866],"lambda_start":[0.00031677884056088363,-0.00033175558754602565,-0.011646327674742232],"ddtil_count":1}
MORTAR_OBSERVER {"kind":"DDTIL","call_id":9,"pair":0,"column_slot":5,"source_slot":5,"destination_slot":5,"entry":5,"value":1000.0009411590161}
MORTAR_OBSERVER {"kind":"PRE_RAW","call_id":9,"pair":0,"slot":6,"node":19,"activity":1,"lambda_raw":[0.96933791452140627,0.057690037042667293,-0.28934740653071472],"lambda_start":[-0.00016633402471439708,-0.00016633402470980207,-0.011364585339352794],"ddtil_count":1}
MORTAR_OBSERVER {"kind":"DDTIL","call_id":9,"pair":0,"column_slot":6,"source_slot":6,"destination_slot":6,"entry":6,"value":2000.0017392237551}
MORTAR_OBSERVER {"kind":"PRE_RAW","call_id":9,"pair":0,"slot":7,"node":23,"activity":1,"lambda_raw":[0.69037539585333907,0.020182184445603005,0.78901991515812064],"lambda_start":[-0.00033175558755821078,0.00031677884057350418,-0.011646327674742355],"ddtil_count":1}
MORTAR_OBSERVER {"kind":"DDTIL","call_id":9,"pair":0,"column_slot":7,"source_slot":7,"destination_slot":7,"entry":7,"value":1000.0009411590161}
MORTAR_OBSERVER {"kind":"PRE_RAW","call_id":9,"pair":0,"slot":8,"node":24,"activity":1,"lambda_raw":[1.2084388175876413,-0.023370862621462776,3.8499241156817692],"lambda_start":[-9.7040249858331947e-05,-0.00073659879456435451,-0.011300302693717842],"ddtil_count":1}
MORTAR_OBSERVER {"kind":"DDTIL","call_id":9,"pair":0,"column_slot":8,"source_slot":8,"destination_slot":8,"entry":8,"value":1000.0008247327135}
MORTAR_OBSERVER {"kind":"LAW","call_id":9,"pair":0,"slot":0,"node":1,"activity":1,"ndof":3,"normal":[7.4139640564509083e-08,7.413964056489398e-08,-0.99999999999999456],"tangents":[0.99999999999999722,-5.4966863030631521e-15,7.4139640564508898e-08,-7.8886090522101181e-31,0.99999999999999734,7.4139640564894179e-08],"ln":-3486.0613143569612,"lt":[1262.8391725130712,-30.812537483572559],"lt_start":[0.6769527927045591,0.67695279271854691],"q":-0.34860613143555291,"ut":[12.621622197203497,-0.31489490276282994],"gn":-0.34860613143569613,"gt":[12.621622197203667,-0.3148949027629111],"b":-1045.8179646507776,"constant_n":10000000000,"constant_t":100,"mu":0.29999999999999999,"normal_mode":1,"tangent_mode":1,"normal_inverse_stiffness":0.0001,"tangent_inverse_stiffness":0.01,"p0":0,"beta":0,"iwan":1,"rn":-1045.8183943070883,"rt":[-1.7053025658242404e-13,8.1157303100098943e-14]}
MORTAR_OBSERVER {"kind":"LAW","call_id":9,"pair":0,"slot":1,"node":2,"activity":1,"ndof":3,"normal":[6.8387805827692747e-08,-4.1027950443498291e-08,-0.99999999999999689],"tangents":[0.99999999999999767,2.8058115084381685e-15,6.8387805827692694e-08,-3.944304526105059e-31,0.99999999999999922,-4.102795044349839e-08],"ln":2745.683857059938,"lt":[832.65797363889169,28.741876194281016],"lt_start":[-0.043692829156205842,0.17394742559283358],"q":0.27456838570591424,"ut":[8.3270166646803716,0.28567928768690898],"gn":0.27456838570599379,"gt":[8.3270166646804782,0.28567928768688183],"b":823.70491847554229,"constant_n":10000000000,"constant_t":100,"mu":0.29999999999999999,"normal_mode":1,"tangent_mode":1,"normal_inverse_stiffness":0.0001,"tangent_inverse_stiffness":0.01,"p0":0,"beta":0,"iwan":1,"rn":0.00023864243905791227,"rt":[-1.0658141036401503e-13,2.7144952952085077e-14]}
MORTAR_OBSERVER {"kind":"LAW","call_id":9,"pair":0,"slot":2,"node":3,"activity":1,"ndof":3,"normal":[-4.5208292547312871e-08,-4.52082925469361e-08,-0.999999999999998],"tangents":[0.999999999999999,-2.0437897150263934e-15,-4.5208292547312824e-08,3.944304526105059e-31,0.999999999999999,-4.5208292546936146e-08],"ln":3397.8579991164629,"lt":[1443.1740580413064,-17.644560048558802],"lt_start":[0.13541247264507875,0.13541247264379797],"q":0.33978579991167457,"ut":[14.430386455686454,-0.17779972521201115],"gn":0.33978579991164631,"gt":[14.430386455686612,-0.177799725212026],"b":1019.3574845004669,"constant_n":10000000000,"constant_t":100,"mu":0.29999999999999999,"normal_mode":1,"tangent_mode":1,"normal_inverse_stiffness":0.0001,"tangent_inverse_stiffness":0.01,"p0":0,"beta":0,"iwan":1,"rn":-8.4765528072239249e-05,"rt":[-1.5809575870662229e-13,1.4849232954361469e-14]}
MORTAR_OBSERVER {"kind":"LAW","call_id":9,"pair":0,"slot":3,"node":4,"activity":1,"ndof":3,"normal":[-4.1027950443876154e-08,6.8387805828061921e-08,-0.99999999999999689],"tangents":[0.99999999999999922,2.8058115084791518e-15,-4.1027950443876068e-08,3.944304526105059e-31,0.99999999999999778,6.8387805828061987e-08],"ln":-2711.0903994839618,"lt":[619.00466702753477,8.5536128590128886],"lt_start":[0.1739474256175173,-0.043692829157666827],"q":-0.27110903994836127,"ut":[6.1883071960191547,0.085973056881801874],"gn":-0.27110903994839619,"gt":[6.1883071960191733,0.085973056881705562],"b":-813.32701509564606,"constant_n":10000000000,"constant_t":100,"mu":0.29999999999999999,"normal_mode":1,"tangent_mode":1,"normal_inverse_stiffness":0.0001,"tangent_inverse_stiffness":0.01,"p0":0,"beta":0,"iwan":1,"rn":-813.32711984518858,"rt":[-1.865174681370263e-14,9.631184738623233e-14]}
MORTAR_OBSERVER {"kind":"LAW","call_id":9,"pair":0,"slot":4,"node":17,"activity":1,"ndof":3,"normal":[7.2424004571337343e-08,1.5395559165892368e-08,-0.99999999999999734],"tangents":[0.99999999999999745,-1.1150080474088865e-15,7.2424004571337343e-08,-0,1,1.5395559165892408e-08],"ln":452.27815845101725,"lt":[557.8108313774643,-64.810861343131506],"lt_start":[-0.73660022044537588,-0.097040503857792323],"q":0.04522781584506632,"ut":[5.5854743159787938,-0.64713820839268132],"gn":0.045227815845101729,"gt":[5.5854743159790967,-0.64713820839273706],"b":135.68334130777839,"constant_n":10000000000,"constant_t":100,"mu":0.29999999999999999,"normal_mode":1,"tangent_mode":1,"normal_inverse_stiffness":0.0001,"tangent_inverse_stiffness":0.01,"p0":0,"beta":0,"iwan":1,"rn":0.00010622752677136305,"rt":[-3.028688411177427e-13,5.5733195836182858e-14]}
MORTAR_OBSERVER {"kind":"LAW","call_id":9,"pair":0,"slot":5,"node":18,"activity":1,"ndof":3,"normal":[1.196430858954852e-08,-4.3492668962924582e-08,-0.999999999999999],"tangents":[1,5.2035971285550893e-16,1.196430858954851e-08,-0,0.99999999999999911,-4.3492668962924588e-08],"ln":3781.5844434339865,"lt":[1433.1226401069771,56.705099732825566],"lt_start":[0.31677899935975595,-0.33175539325043679],"q":0.37815844434344836,"ut":[14.328058611076072,0.5703685512607497],"gn":0.37815844434339868,"gt":[14.328058611076173,0.57036855126076003],"b":1134.475482077637,"constant_n":10000000000,"constant_t":100,"mu":0.29999999999999999,"normal_mode":1,"tangent_mode":1,"normal_inverse_stiffness":0.0001,"tangent_inverse_stiffness":0.01,"p0":0,"beta":0,"iwan":1,"rn":-0.00014904744102750556,"rt":[-1.0125233984581428e-13,-1.0325074129013956e-14]}
MORTAR_OBSERVER {"kind":"LAW","call_id":9,"pair":0,"slot":6,"node":19,"activity":1,"ndof":3,"normal":[1.446566586541265e-08,1.4465665865794023e-08,-0.99999999999999978],"tangents":[0.99999999999999989,-2.0925548893528156e-16,1.4465665865412648e-08,-0,0.99999999999999989,1.4465665865794025e-08],"ln":578.69534601462442,"lt":[1938.677506567127,115.38016605000435],"lt_start":[-0.33266866751375551,-0.33266866750456553],"q":0.057869534601452777,"ut":[19.390101752345974,1.1571283471751674],"gn":0.057869534601462443,"gt":[19.390101752346407,1.1571283471750891],"b":173.60857480674969,"constant_n":10000000000,"constant_t":100,"mu":0.29999999999999999,"normal_mode":1,"tangent_mode":1,"normal_inverse_stiffness":0.0001,"tangent_inverse_stiffness":0.01,"p0":0,"beta":0,"iwan":1,"rn":2.8997637627981021e-05,"rt":[-4.3343106881366111e-13,7.8381745538536052e-14]}
MORTAR_OBSERVER {"kind":"LAW","call_id":9,"pair":0,"slot":7,"node":23,"activity":1,"ndof":3,"normal":[-4.3492668963301889e-08,1.1964308589921484e-08,-0.999999999999999],"tangents":[0.99999999999999911,5.2035971287624483e-16,-4.3492668963301889e-08,-0,1,1.1964308589921497e-08],"ln":-789.02068753615765,"lt":[690.37601128975257,20.182212880334493],"lt_start":[-0.33175539326262177,0.31677899937237669],"q":-0.07890206875358205,"ut":[6.9070776668299265,0.19865433880961569],"gn":-0.078902068753615773,"gt":[6.9070776668301521,0.19865433880962116],"b":-236.70610509177416,"constant_n":10000000000,"constant_t":100,"mu":0.29999999999999999,"normal_mode":1,"tangent_mode":1,"normal_inverse_stiffness":0.0001,"tangent_inverse_stiffness":0.01,"p0":0,"beta":0,"iwan":1,"rn":-236.7062062608473,"rt":[-2.2559731860383181e-13,-5.467848396278896e-15]}
MORTAR_OBSERVER {"kind":"LAW","call_id":9,"pair":0,"slot":8,"node":24,"activity":1,"ndof":3,"normal":[1.539555916551032e-08,7.2424004571714789e-08,-0.99999999999999734],"tangents":[0.99999999999999989,-1.1150080473870252e-15,1.5395559165510284e-08,-1.9721522630525295e-31,0.99999999999999745,7.2424004571714789e-08],"ln":-3849.9272739281273,"lt":[1208.4398734984495,-23.370603069025947],"lt_start":[-0.097040503865221894,-0.73660022047532414],"q":-0.38499272739280999,"ut":[12.085369140023438,-0.22634002848559914],"gn":-0.38499272739281276,"gt":[12.085369140023147,-0.22634002848550622],"b":-1154.9781738517654,"constant_n":10000000000,"constant_t":100,"mu":0.29999999999999999,"normal_mode":1,"tangent_mode":1,"normal_inverse_stiffness":0.0001,"tangent_inverse_stiffness":0.01,"p0":0,"beta":0,"iwan":1,"rn":-1154.9781821784381,"rt":[2.9132252166164108e-13,-9.2925667161125602e-14]}
MORTAR_OBSERVER {"kind":"POST_RAW_AFTER_ACTIVE_LOOP","call_id":9,"pair":0,"slot":0,"node":1,"activity":0,"lambda_raw":[0,0,0],"gap":0.34860613143555291}
MORTAR_OBSERVER {"kind":"POST_RAW_AFTER_ACTIVE_LOOP","call_id":9,"pair":0,"slot":1,"node":2,"activity":2,"lambda_raw":[1.2489860874917929,0.043112605461363897,-4.1185218945813036],"gap":-0.27456838570591424}
MORTAR_OBSERVER {"kind":"POST_RAW_AFTER_ACTIVE_LOOP","call_id":9,"pair":0,"slot":2,"node":3,"activity":2,"lambda_raw":[1.0823793123497087,-0.013233521600694232,-2.5483909201871953],"gap":-0.33978579991167457}
MORTAR_OBSERVER {"kind":"POST_RAW_AFTER_ACTIVE_LOOP","call_id":9,"pair":0,"slot":3,"node":4,"activity":0,"lambda_raw":[0,0,0],"gap":0.27110903994836127}
MORTAR_OBSERVER {"kind":"POST_RAW_AFTER_ACTIVE_LOOP","call_id":9,"pair":0,"slot":4,"node":17,"activity":2,"lambda_raw":[0.55781040408876947,-0.064810800928469192,-0.45227774604166798],"gap":-0.04522781584506632}
MORTAR_OBSERVER {"kind":"POST_RAW_AFTER_ACTIVE_LOOP","call_id":9,"pair":0,"slot":5,"node":18,"activity":2,"lambda_raw":[1.4331213365559532,0.056704881893315053,-3.7815808696849866],"gap":-0.37815844434344836}
MORTAR_OBSERVER {"kind":"POST_RAW_AFTER_ACTIVE_LOOP","call_id":9,"pair":0,"slot":6,"node":19,"activity":2,"lambda_raw":[0.96933791452140627,0.057690037042667293,-0.28934740653071472],"gap":-0.057869534601452777}
MORTAR_OBSERVER {"kind":"POST_RAW_AFTER_ACTIVE_LOOP","call_id":9,"pair":0,"slot":7,"node":23,"activity":0,"lambda_raw":[0,0,0],"gap":0.07890206875358205}
MORTAR_OBSERVER {"kind":"POST_RAW_AFTER_ACTIVE_LOOP","call_id":9,"pair":0,"slot":8,"node":24,"activity":0,"lambda_raw":[0,0,0],"gap":0.38499272739280999}
MORTAR_OBSERVER {"kind":"SUMMARY_PRE_OVERRIDE","call_id":9,"ndiverg":14,"flag":1,"keepset":0,"max_n":1154.9781821784381,"max_t":[4.3343106881366111e-13,9.631184738623233e-14],"lm_t_av":[6205.4430097317663,283.28256336880122],"nstick":0,"nslip":5,"ninactive":4,"nnogap":0,"nolm":0}
MORTAR_OBSERVER {"kind":"SUMMARY_POST_OVERRIDE","call_id":9,"flag":1}
MORTAR_OBSERVER {"kind":"RETURN","call_id":9}
 Using up to 2 cpu(s) for the stress calculation.

 average force= 952.186661
 time avg. forc= 952.186661
 largest residual force= 6428.068182 in node 24 and dof 3
 largest increment of disp= 1.572672e-01
 largest correction to disp= 1.572672e-01 in node 27 and dof 1

MORTAR_OBSERVER {"kind":"PRE_CHECK","call_id":9,"step":2,"inc":1,"cutback":0,"iteration":1,"time":0.25,"dtime":0.25,"ttime":1,"tper":1,"theta":0,"dtheta":0.25,"icntrl":0,"nmethod":1,"iexpl":0,"ithermal":0,"uncoupled":0,"mortar":2,"iflagdualquad":2}
 no convergence

MORTAR_OBSERVER {"kind":"POST_CHECK","call_id":9,"step":2,"inc":1,"cutback":0,"iteration":2,"time":0.25,"dtime":0.25,"ttime":1,"tper":1,"theta":0,"dtheta":0.25,"icntrl":0,"nmethod":1,"iexpl":0,"ithermal":0,"uncoupled":0,"mortar":2,"iflagdualquad":2}
 iteration 2

 Determining the structure of the matrix:

 Using up to 2 cpu(s) for setting up the structure of the matrix.
 number of equations
 75
 number of nonzero lower triangular matrix elements
 1143

 Using up to 2 cpu(s) for the stress calculation.

 Using up to 2 cpu(s) for the symmetric stiffness/mass contributions.

 Using up to 2 cpu(s) for the stress calculation.

 Using up to 2 cpu(s) for the symmetric stiffness/mass contributions.

 Factoring the system of equations using the unsymmetric spooles solver
 Using 1 cpu for spooles.

MORTAR_OBSERVER {"kind":"BEGIN","call_id":10,"step":2,"inc":1,"cutback":0,"iteration":2,"time":0.25,"dtime":0.25,"ttime":1,"tper":1,"theta":0,"dtheta":0.25,"icntrl":0,"nmethod":1,"iexpl":0,"ithermal":0,"uncoupled":0,"mortar":2,"iflagdualquad":2}
MORTAR_OBSERVER {"kind":"INVENTORY","call_id":10,"pair_count":1,"slave_count":9}
MORTAR_OBSERVER {"kind":"PAIR","call_id":10,"pair":0,"start":0,"end":9}
MORTAR_OBSERVER {"kind":"PRE_RAW","call_id":10,"pair":0,"slot":0,"node":1,"activity":0,"lambda_raw":[1.3301349977238787e-14,-3.3306665608069881e-15,5.1159038373995337e-15],"lambda_start":[0.00050771518908920529,0.00050771518909969321,-0.013186514357202705],"ddtil_count":1}
MORTAR_OBSERVER {"kind":"DDTIL","call_id":10,"pair":0,"column_slot":0,"source_slot":0,"destination_slot":0,"entry":0,"value":1333.3343393655837}
MORTAR_OBSERVER {"kind":"PRE_RAW","call_id":10,"pair":0,"slot":1,"node":2,"activity":2,"lambda_raw":[0.060985894567989876,-0.27860299936238642,-0.17112807046130168],"lambda_start":[-6.5538309315043666e-05,0.00026092037294276585,-0.012777594587534601],"ddtil_count":1}
MORTAR_OBSERVER {"kind":"DDTIL","call_id":10,"pair":0,"column_slot":1,"source_slot":1,"destination_slot":1,"entry":1,"value":666.6672829657565}
MORTAR_OBSERVER {"kind":"PRE_RAW","call_id":10,"pair":0,"slot":2,"node":3,"activity":2,"lambda_raw":[0.030099813882606765,0.16897654574309995,-0.093439272391633466],"lambda_start":[0.00010155868155003408,0.00010155868154907331,-0.0125689875371119],"ddtil_count":1}
MORTAR_OBSERVER {"kind":"DDTIL","call_id":10,"pair":0,"column_slot":2,"source_slot":2,"destination_slot":2,"entry":2,"value":1333.33470804888}
MORTAR_OBSERVER {"kind":"PRE_RAW","call_id":10,"pair":0,"slot":3,"node":4,"activity":0,"lambda_raw":[-3.4106019787221355e-15,4.9453728691470966e-15,-1.0231805936166407e-14],"lambda_start":[0.00026092037297979141,-6.5538309317234351e-05,-0.012777594587533964],"ddtil_count":1}
MORTAR_OBSERVER {"kind":"DDTIL","call_id":10,"pair":0,"column_slot":3,"source_slot":3,"destination_slot":3,"entry":3,"value":666.66728296575695}
MORTAR_OBSERVER {"kind":"PRE_RAW","call_id":10,"pair":0,"slot":4,"node":17,"activity":2,"lambda_raw":[0.057273373500576867,0.57567766984357482,0.031830535820483723],"lambda_start":[-0.0007365987945344057,-9.7040249850901462e-05,-0.011300302693721054],"ddtil_count":1}
MORTAR_OBSERVER {"kind":"DDTIL","call_id":10,"pair":0,"column_slot":4,"source_slot":4,"destination_slot":4,"entry":4,"value":1000.0008247327145}
MORTAR_OBSERVER {"kind":"PRE_RAW","call_id":10,"pair":0,"slot":5,"node":18,"activity":2,"lambda_raw":[0.026089556707667518,-0.35911353433536497,-0.039570109601859152],"lambda_start":[0.00031677884056088363,-0.00033175558754602565,-0.011646327674742232],"ddtil_count":1}
MORTAR_OBSERVER {"kind":"DDTIL","call_id":10,"pair":0,"column_slot":5,"source_slot":5,"destination_slot":5,"entry":5,"value":1000.0009411590161}
MORTAR_OBSERVER {"kind":"PRE_RAW","call_id":10,"pair":0,"slot":6,"node":19,"activity":2,"lambda_raw":[-0.012031446248864784,-0.11700812045237828,0.06320539279565851],"lambda_start":[-0.00016633402471439708,-0.00016633402470980207,-0.011364585339352794],"ddtil_count":1}
MORTAR_OBSERVER {"kind":"DDTIL","call_id":10,"pair":0,"column_slot":6,"source_slot":6,"destination_slot":6,"entry":6,"value":2000.0017392237551}
MORTAR_OBSERVER {"kind":"PRE_RAW","call_id":10,"pair":0,"slot":7,"node":23,"activity":0,"lambda_raw":[-1.9326744223135148e-15,-1.4406240408972981e-15,-5.3432763440432468e-15],"lambda_start":[-0.00033175558755821078,0.00031677884057350418,-0.011646327674742355],"ddtil_count":1}
MORTAR_OBSERVER {"kind":"DDTIL","call_id":10,"pair":0,"column_slot":7,"source_slot":7,"destination_slot":7,"entry":7,"value":1000.0009411590161}
MORTAR_OBSERVER {"kind":"PRE_RAW","call_id":10,"pair":0,"slot":8,"node":24,"activity":0,"lambda_raw":[-2.7284818550505409e-15,4.1033809148221023e-15,5.0022167342593244e-15],"lambda_start":[-9.7040249858331947e-05,-0.00073659879456435451,-0.011300302693717842],"ddtil_count":1}
MORTAR_OBSERVER {"kind":"DDTIL","call_id":10,"pair":0,"column_slot":8,"source_slot":8,"destination_slot":8,"entry":8,"value":1000.0008247327135}
MORTAR_OBSERVER {"kind":"LAW","call_id":10,"pair":0,"slot":0,"node":1,"activity":0,"ndof":3,"normal":[7.4139640564509083e-08,7.413964056489398e-08,-0.99999999999999456],"tangents":[0.99999999999999722,-5.4966863030631521e-15,7.4139640564508898e-08,-7.8886090522101181e-31,0.99999999999999734,7.4139640564894179e-08],"ln":-6.8212092776656684e-12,"lt":[1.7735147190294155e-11,-4.4408915927785369e-12],"lt_start":[0.6769527927045591,0.67695279271854691],"q":-2.8773933620036902,"ut":[329.34614888262712,-5.0103308421457395],"gn":-6.8212092776656691e-16,"gt":[-0.0067695279268682393,-0.006769527927229878],"b":-8632180086.0110664,"constant_n":10000000000,"constant_t":100,"mu":0.29999999999999999,"normal_mode":1,"tangent_mode":1,"normal_inverse_stiffness":0.0001,"tangent_inverse_stiffness":0.01,"p0":0,"beta":0,"iwan":1,"rn":-2.0463627832997006e-12,"rt":[1.7735147190294155e-11,-4.4408915927785369e-12]}
MORTAR_OBSERVER {"kind":"LAW","call_id":10,"pair":0,"slot":1,"node":2,"activity":2,"ndof":3,"normal":[6.8387805827692747e-08,-4.1027950443498291e-08,-0.99999999999999689],"tangents":[0.99999999999999767,2.8058115084381685e-15,6.8387805827692694e-08,-3.944304526105059e-31,0.99999999999999922,-4.102795044349839e-08],"ln":114.08549617441884,"lt":[40.657292828821241,-185.73549993033876],"lt_start":[-0.043692829156205842,0.17394742559283358],"q":0.01140854961742388,"ut":[164.62257074179823,3.7878681175849334],"gn":0.011408549617441885,"gt":[0.40700985657977451,-1.859094473559316],"b":34.225594838240781,"constant_n":10000000000,"constant_t":100,"mu":0.29999999999999999,"normal_mode":1,"tangent_mode":1,"normal_inverse_stiffness":0.0001,"tangent_inverse_stiffness":0.01,"p0":0,"beta":0,"iwan":1,"rn":5.401408486704895e-05,"rt":[6.440762837503641,-186.52316571268395]}
MORTAR_OBSERVER {"kind":"LAW","call_id":10,"pair":0,"slot":2,"node":3,"activity":2,"ndof":3,"normal":[-4.5208292547312871e-08,-4.52082925469361e-08,-0.999999999999998],"tangents":[0.999999999999999,-2.0437897150263934e-15,-4.5208292547312824e-08,3.944304526105059e-31,0.999999999999999,-4.5208292546936146e-08],"ln":124.58581297471601,"lt":[40.133132187803035,225.30229891779658],"lt_start":[0.13541247264507875,0.13541247264379797],"q":0.012458581297443705,"ut":[323.33713891693719,-0.75761651300997501],"gn":0.012458581297471601,"gt":[0.39997719715157959,2.2516688644515277],"b":37.375660204150151,"constant_n":10000000000,"constant_t":100,"mu":0.29999999999999999,"normal_mode":1,"tangent_mode":1,"normal_inverse_stiffness":0.0001,"tangent_inverse_stiffness":0.01,"p0":0,"beta":0,"iwan":1,"rn":8.3688264652437283e-05,"rt":[2.7575742157522356,225.38971730238009]}
MORTAR_OBSERVER {"kind":"LAW","call_id":10,"pair":0,"slot":3,"node":4,"activity":0,"ndof":3,"normal":[-4.1027950443876154e-08,6.8387805828061921e-08,-0.99999999999999689],"tangents":[0.99999999999999922,2.8058115084791518e-15,-4.1027950443876068e-08,3.944304526105059e-31,0.99999999999999778,6.8387805828061987e-08],"ln":6.821210582052708e-12,"lt":[-2.2737364745720329e-12,3.2969178274392547e-12],"lt_start":[0.1739474256175173,-0.043692829157666827],"q":-1.2092915016474042,"ut":[161.82060975223266,-0.87644561991797654],"gn":6.8212105820527087e-16,"gt":[-0.0017394742561979105,0.00043692829160963748],"b":-3627874504.9422145,"constant_n":10000000000,"constant_t":100,"mu":0.29999999999999999,"normal_mode":1,"tangent_mode":1,"normal_inverse_stiffness":0.0001,"tangent_inverse_stiffness":0.01,"p0":0,"beta":0,"iwan":1,"rn":2.0463631746158122e-12,"rt":[-2.2737364745720329e-12,3.2969178274392547e-12]}
MORTAR_OBSERVER {"kind":"LAW","call_id":10,"pair":0,"slot":4,"node":17,"activity":2,"ndof":3,"normal":[7.2424004571337343e-08,1.5395559165892368e-08,-0.99999999999999734],"tangents":[0.99999999999999745,-1.1150080474088865e-15,7.2424004571337343e-08,-0,1,1.5395559165892408e-08],"ln":-31.830549061310425,"lt":[57.273423041097651,575.67814511383142],"lt_start":[-0.73660022044537588,-0.097040503857792323],"q":-0.0031830549061432206,"ut":[245.686600878853,-4.442521771457943],"gn":-0.0031830549061310424,"gt":[0.58010023261543031,5.7577518561768919],"b":-9.5492012529705743,"constant_n":10000000000,"constant_t":100,"mu":0.29999999999999999,"normal_mode":1,"tangent_mode":1,"normal_inverse_stiffness":0.0001,"tangent_inverse_stiffness":0.01,"p0":0,"beta":0,"iwan":1,"rn":-9.5491647183931274,"rt":[66.821062792396305,575.50546115639315]}
MORTAR_OBSERVER {"kind":"LAW","call_id":10,"pair":0,"slot":5,"node":18,"activity":2,"ndof":3,"normal":[1.196430858954852e-08,-4.3492668962924582e-08,-0.999999999999999],"tangents":[1,5.2035971285550893e-16,1.196430858954851e-08,-0,0.99999999999999911,-4.3492668962924588e-08],"ln":39.5701627745891,"lt":[26.089580788659401,-359.11387059729395],"lt_start":[0.31677899935975595,-0.33175539325043679],"q":0.0039570162774787976,"ut":[244.26633077227399,5.1153589874692162],"gn":0.0039570162774589098,"gt":[0.25772801789299649,-3.5878211520404353],"b":11.871108495588601,"constant_n":10000000000,"constant_t":100,"mu":0.29999999999999999,"normal_mode":1,"tangent_mode":1,"normal_inverse_stiffness":0.0001,"tangent_inverse_stiffness":0.01,"p0":0,"beta":0,"iwan":1,"rn":-5.9663211871452404e-05,"rt":[14.221071069372885,-359.3622532803405]}
MORTAR_OBSERVER {"kind":"LAW","call_id":10,"pair":0,"slot":6,"node":19,"activity":2,"ndof":3,"normal":[1.446566586541265e-08,1.4465665865794023e-08,-0.99999999999999978],"tangents":[0.99999999999999989,-2.0925548893528156e-16,1.4465665865412648e-08,-0,0.99999999999999989,1.4465665865794025e-08],"ln":-126.41089925292735,"lt":[-24.062911594488863,-234.01644257944139],"lt_start":[-0.33266866751375551,-0.33266866750456553],"q":-0.012641089925280305,"ut":[487.47447934863101,2.9965917365424275],"gn":-0.012641089925292736,"gt":[-0.23730242926975109,-2.336837739119368],"b":-37.923232482792919,"constant_n":10000000000,"constant_t":100,"mu":0.29999999999999999,"normal_mode":1,"tangent_mode":1,"normal_inverse_stiffness":0.0001,"tangent_inverse_stiffness":0.01,"p0":0,"beta":0,"iwan":1,"rn":-37.923269775878204,"rt":[13.859605971375668,-233.78358337164411]}
MORTAR_OBSERVER {"kind":"LAW","call_id":10,"pair":0,"slot":7,"node":23,"activity":0,"ndof":3,"normal":[-4.3492668963301889e-08,1.1964308589921484e-08,-0.999999999999999],"tangents":[0.99999999999999911,5.2035971287624483e-16,-4.3492668963301889e-08,-0,1,1.1964308589921497e-08],"ln":5.343281439737109e-12,"lt":[-1.9326760088739039e-12,-1.4406254606822701e-12],"lt_start":[-0.33175539326262177,0.31677899937237669],"q":-0.33100520782512199,"ut":[242.98713327334261,0.82153159724656999],"gn":5.3432814397371088e-16,"gt":[0.003317553932606891,-0.0031677899937381732],"b":-993015623.47536755,"constant_n":10000000000,"constant_t":100,"mu":0.29999999999999999,"normal_mode":1,"tangent_mode":1,"normal_inverse_stiffness":0.0001,"tangent_inverse_stiffness":0.01,"p0":0,"beta":0,"iwan":1,"rn":1.6029844319211327e-12,"rt":[-1.9326760088739039e-12,-1.4406254606822701e-12]}
MORTAR_OBSERVER {"kind":"LAW","call_id":10,"pair":0,"slot":8,"node":24,"activity":0,"ndof":3,"normal":[1.539555916551032e-08,7.2424004571714789e-08,-0.99999999999999734],"tangents":[0.99999999999999989,-1.1150080473870252e-15,1.5395559165510284e-08,-1.9721522630525295e-31,0.99999999999999745,7.2424004571714789e-08],"ln":-5.0022206045741064e-12,"lt":[-2.7284840283068015e-12,4.1033846612954345e-12],"lt_start":[-0.097040503865221894,-0.73660022047532414],"q":-2.1007649008478673,"ut":[244.22557077116917,-2.2312341328188534],"gn":-5.0022206045741064e-16,"gt":[0.00097040503862493412,0.0073660022047942753],"b":-6302294702.5436001,"constant_n":10000000000,"constant_t":100,"mu":0.29999999999999999,"normal_mode":1,"tangent_mode":1,"normal_inverse_stiffness":0.0001,"tangent_inverse_stiffness":0.01,"p0":0,"beta":0,"iwan":1,"rn":-1.5006661813722318e-12,"rt":[-2.7284840283068015e-12,4.1033846612954345e-12]}
MORTAR_OBSERVER {"kind":"POST_RAW_AFTER_ACTIVE_LOOP","call_id":10,"pair":0,"slot":0,"node":1,"activity":0,"lambda_raw":[0,0,0],"gap":2.8773933620036902}
MORTAR_OBSERVER {"kind":"POST_RAW_AFTER_ACTIVE_LOOP","call_id":10,"pair":0,"slot":1,"node":2,"activity":2,"lambda_raw":[0.060985894567989876,-0.27860299936238642,-0.17112807046130168],"gap":-0.01140854961742388}
MORTAR_OBSERVER {"kind":"POST_RAW_AFTER_ACTIVE_LOOP","call_id":10,"pair":0,"slot":2,"node":3,"activity":2,"lambda_raw":[0.030099813882606765,0.16897654574309995,-0.093439272391633466],"gap":-0.012458581297443705}
MORTAR_OBSERVER {"kind":"POST_RAW_AFTER_ACTIVE_LOOP","call_id":10,"pair":0,"slot":3,"node":4,"activity":0,"lambda_raw":[0,0,0],"gap":1.2092915016474042}
MORTAR_OBSERVER {"kind":"POST_RAW_AFTER_ACTIVE_LOOP","call_id":10,"pair":0,"slot":4,"node":17,"activity":0,"lambda_raw":[0,0,0],"gap":0.0031830549061432206}
MORTAR_OBSERVER {"kind":"POST_RAW_AFTER_ACTIVE_LOOP","call_id":10,"pair":0,"slot":5,"node":18,"activity":2,"lambda_raw":[0.026089556707667518,-0.35911353433536497,-0.039570109601859152],"gap":-0.0039570162774787976}
MORTAR_OBSERVER {"kind":"POST_RAW_AFTER_ACTIVE_LOOP","call_id":10,"pair":0,"slot":6,"node":19,"activity":0,"lambda_raw":[0,0,0],"gap":0.012641089925280305}
MORTAR_OBSERVER {"kind":"POST_RAW_AFTER_ACTIVE_LOOP","call_id":10,"pair":0,"slot":7,"node":23,"activity":0,"lambda_raw":[0,0,0],"gap":0.33100520782512199}
MORTAR_OBSERVER {"kind":"POST_RAW_AFTER_ACTIVE_LOOP","call_id":10,"pair":0,"slot":8,"node":24,"activity":0,"lambda_raw":[0,0,0],"gap":2.1007649008478673}
MORTAR_OBSERVER {"kind":"SUMMARY_PRE_OVERRIDE","call_id":10,"ndiverg":14,"flag":1,"keepset":0,"max_n":37.923269775878204,"max_t":[66.821062792396305,575.50546115639315],"lm_t_av":[106.88000580528369,770.15166944542932],"nstick":0,"nslip":3,"ninactive":6,"nnogap":0,"nolm":0}
MORTAR_OBSERVER {"kind":"SUMMARY_POST_OVERRIDE","call_id":10,"flag":1}
MORTAR_OBSERVER {"kind":"RETURN","call_id":10}
 Using up to 2 cpu(s) for the stress calculation.

 average force= 44.411591
 time avg. forc= 44.411591
 largest residual force= 970.909204 in node 17 and dof 2
 largest increment of disp= 1.730781e-01
 largest correction to disp= 1.730781e-01 in node 17 and dof 1

MORTAR_OBSERVER {"kind":"PRE_CHECK","call_id":10,"step":2,"inc":1,"cutback":0,"iteration":2,"time":0.25,"dtime":0.25,"ttime":1,"tper":1,"theta":0,"dtheta":0.25,"icntrl":0,"nmethod":1,"iexpl":0,"ithermal":0,"uncoupled":0,"mortar":2,"iflagdualquad":2}
 no convergence

MORTAR_OBSERVER {"kind":"POST_CHECK","call_id":10,"step":2,"inc":1,"cutback":0,"iteration":3,"time":0.25,"dtime":0.25,"ttime":1,"tper":1,"theta":0,"dtheta":0.25,"icntrl":0,"nmethod":1,"iexpl":0,"ithermal":0,"uncoupled":0,"mortar":2,"iflagdualquad":2}
 iteration 3

 Determining the structure of the matrix:

 Using up to 2 cpu(s) for setting up the structure of the matrix.
 number of equations
 75
 number of nonzero lower triangular matrix elements
 1143

 Using up to 2 cpu(s) for the stress calculation.

 Using up to 2 cpu(s) for the symmetric stiffness/mass contributions.

 Using up to 2 cpu(s) for the stress calculation.

 Using up to 2 cpu(s) for the symmetric stiffness/mass contributions.

 Factoring the system of equations using the unsymmetric spooles solver
 Using 1 cpu for spooles.

MORTAR_OBSERVER {"kind":"BEGIN","call_id":11,"step":2,"inc":1,"cutback":0,"iteration":3,"time":0.25,"dtime":0.25,"ttime":1,"tper":1,"theta":0,"dtheta":0.25,"icntrl":0,"nmethod":1,"iexpl":0,"ithermal":0,"uncoupled":0,"mortar":2,"iflagdualquad":2}
MORTAR_OBSERVER {"kind":"INVENTORY","call_id":11,"pair_count":1,"slave_count":9}
MORTAR_OBSERVER {"kind":"PAIR","call_id":11,"pair":0,"start":0,"end":9}
MORTAR_OBSERVER {"kind":"PRE_RAW","call_id":11,"pair":0,"slot":0,"node":1,"activity":0,"lambda_raw":[-7.0476904426675867e-15,1.0125226344853243e-15,-6.9917352444460291e-15],"lambda_start":[0.00050771518908920529,0.00050771518909969321,-0.013186514357202705],"ddtil_count":1}
MORTAR_OBSERVER {"kind":"DDTIL","call_id":11,"pair":0,"column_slot":0,"source_slot":0,"destination_slot":0,"entry":0,"value":1333.3343393655837}
MORTAR_OBSERVER {"kind":"PRE_RAW","call_id":11,"pair":0,"slot":1,"node":2,"activity":2,"lambda_raw":[0.028641427591066752,0.015813001630208622,-0.050545313143593153],"lambda_start":[-6.5538309315043666e-05,0.00026092037294276585,-0.012777594587534601],"ddtil_count":1}
MORTAR_OBSERVER {"kind":"DDTIL","call_id":11,"pair":0,"column_slot":1,"source_slot":1,"destination_slot":1,"entry":1,"value":666.6672829657565}
MORTAR_OBSERVER {"kind":"PRE_RAW","call_id":11,"pair":0,"slot":2,"node":3,"activity":2,"lambda_raw":[0.016652035165827681,-0.0098162499692149834,-0.027902026213353033],"lambda_start":[0.00010155868155003408,0.00010155868154907331,-0.0125689875371119],"ddtil_count":1}
MORTAR_OBSERVER {"kind":"DDTIL","call_id":11,"pair":0,"column_slot":2,"source_slot":2,"destination_slot":2,"entry":2,"value":1333.33470804888}
MORTAR_OBSERVER {"kind":"PRE_RAW","call_id":11,"pair":0,"slot":3,"node":4,"activity":0,"lambda_raw":[6.3282653902070869e-15,-4.1218969269151649e-15,9.2086253425497664e-15],"lambda_start":[0.00026092037297979141,-6.5538309317234351e-05,-0.012777594587533964],"ddtil_count":1}
MORTAR_OBSERVER {"kind":"DDTIL","call_id":11,"pair":0,"column_slot":3,"source_slot":3,"destination_slot":3,"entry":3,"value":666.66728296575695}
MORTAR_OBSERVER {"kind":"PRE_RAW","call_id":11,"pair":0,"slot":4,"node":17,"activity":0,"lambda_raw":[-6.0040811654106882e-15,-1.3642409275252689e-15,6.3238251327994231e-16],"lambda_start":[-0.0007365987945344057,-9.7040249850901462e-05,-0.011300302693721054],"ddtil_count":1}
MORTAR_OBSERVER {"kind":"DDTIL","call_id":11,"pair":0,"column_slot":4,"source_slot":4,"destination_slot":4,"entry":4,"value":1000.0008247327145}
MORTAR_OBSERVER {"kind":"PRE_RAW","call_id":11,"pair":0,"slot":5,"node":18,"activity":2,"lambda_raw":[0.018571172229481823,0.0041836567217841004,-0.049100307233640048],"lambda_start":[0.00031677884056088363,-0.00033175558754602565,-0.011646327674742232],"ddtil_count":1}
MORTAR_OBSERVER {"kind":"DDTIL","call_id":11,"pair":0,"column_slot":5,"source_slot":5,"destination_slot":5,"entry":5,"value":1000.0009411590161}
MORTAR_OBSERVER {"kind":"PRE_RAW","call_id":11,"pair":0,"slot":6,"node":19,"activity":0,"lambda_raw":[3.3626405727924919e-15,1.0800240191536371e-15,2.3447889889519752e-15],"lambda_start":[-0.00016633402471439708,-0.00016633402470980207,-0.011364585339352794],"ddtil_count":1}
MORTAR_OBSERVER {"kind":"DDTIL","call_id":11,"pair":0,"column_slot":6,"source_slot":6,"destination_slot":6,"entry":6,"value":2000.0017392237551}
MORTAR_OBSERVER {"kind":"PRE_RAW","call_id":11,"pair":0,"slot":7,"node":23,"activity":0,"lambda_raw":[2.2548608408310823e-15,-7.2297655320000045e-16,-7.4908897416324362e-15],"lambda_start":[-0.00033175558755821078,0.00031677884057350418,-0.011646327674742355],"ddtil_count":1}
MORTAR_OBSERVER {"kind":"DDTIL","call_id":11,"pair":0,"column_slot":7,"source_slot":7,"destination_slot":7,"entry":7,"value":1000.0009411590161}
MORTAR_OBSERVER {"kind":"PRE_RAW","call_id":11,"pair":0,"slot":8,"node":24,"activity":0,"lambda_raw":[-1.5312183327171655e-15,-3.0035116269997575e-15,5.7411805700021795e-15],"lambda_start":[-9.7040249858331947e-05,-0.00073659879456435451,-0.011300302693717842],"ddtil_count":1}
MORTAR_OBSERVER {"kind":"DDTIL","call_id":11,"pair":0,"column_slot":8,"source_slot":8,"destination_slot":8,"entry":8,"value":1000.0008247327135}
MORTAR_OBSERVER {"kind":"LAW","call_id":11,"pair":0,"slot":0,"node":1,"activity":0,"ndof":3,"normal":[7.4139640564509083e-08,7.413964056489398e-08,-0.99999999999999456],"tangents":[0.99999999999999722,-5.4966863030631521e-15,7.4139640564508898e-08,-7.8886090522101181e-31,0.99999999999999734,7.4139640564894179e-08],"ln":9.3223200965784513e-12,"lt":[-9.3969283715808129e-12,1.350030506790681e-12],"lt_start":[0.6769527927045591,0.67695279271854691],"q":107.97503934045262,"ut":[439.48890278098457,-0.059384212823347625],"gn":9.3223200965784519e-16,"gt":[-0.0067695279271395604,-0.0067695279271719686],"b":323925118021.35785,"constant_n":10000000000,"constant_t":100,"mu":0.29999999999999999,"normal_mode":1,"tangent_mode":1,"normal_inverse_stiffness":0.0001,"tangent_inverse_stiffness":0.01,"p0":0,"beta":0,"iwan":1,"rn":-323925118021.35785,"rt":[-9.3969283715808129e-12,1.350030506790681e-12]}
MORTAR_OBSERVER {"kind":"LAW","call_id":11,"pair":0,"slot":1,"node":2,"activity":2,"ndof":3,"normal":[6.8387805827692747e-08,-4.1027950443498291e-08,-0.99999999999999689],"tangents":[0.99999999999999767,2.8058115084381685e-15,6.8387805827692694e-08,-3.944304526105059e-31,0.99999999999999922,-4.102795044349839e-08],"ln":33.696907453392846,"lt":[19.094300407939404,10.542012214859264],"lt_start":[-0.043692829156205842,0.17394742559283358],"q":0.0033696907453355344,"ut":[219.59797498919002,-0.21152463807023153],"gn":0.0033696907453392849,"gt":[0.1913799323709561,0.1036806478926643],"b":10.109060984601387,"constant_n":10000000000,"constant_t":100,"mu":0.29999999999999999,"normal_mode":1,"tangent_mode":1,"normal_inverse_stiffness":0.0001,"tangent_inverse_stiffness":0.01,"p0":0,"beta":0,"iwan":1,"rn":1.1251416466961928e-05,"rt":[8.9852440362496218,10.551669563778882]}
MORTAR_OBSERVER {"kind":"LAW","call_id":11,"pair":0,"slot":2,"node":3,"activity":2,"ndof":3,"normal":[-4.5208292547312871e-08,-4.52082925469361e-08,-0.999999999999998],"tangents":[0.999999999999999,-2.0437897150263934e-15,-4.5208292547312824e-08,3.944304526105059e-31,0.999999999999999,-4.5208292546936146e-08],"ln":37.202739563107201,"lt":[22.202738128120892,-13.088345104965724],"lt_start":[0.13541247264507875,0.13541247264379797],"q":0.003720273956315797,"ut":[439.17588516168126,0.2809005020032217],"gn":0.0037202739563107204,"gt":[0.22067325655475814,-0.13223757577609521],"b":11.160837098936918,"constant_n":10000000000,"constant_t":100,"mu":0.29999999999999999,"normal_mode":1,"tangent_mode":1,"normal_inverse_stiffness":0.0001,"tangent_inverse_stiffness":0.01,"p0":0,"beta":0,"iwan":1,"rn":-1.5230004757782467e-05,"rt":[11.041903334174419,-13.095518056969965]}
MORTAR_OBSERVER {"kind":"LAW","call_id":11,"pair":0,"slot":3,"node":4,"activity":0,"ndof":3,"normal":[-4.1027950443876154e-08,6.8387805828061921e-08,-0.99999999999999689],"tangents":[0.99999999999999922,2.8058115084791518e-15,-4.1027950443876068e-08,3.944304526105059e-31,0.99999999999999778,6.8387805828061987e-08],"ln":-6.1390895979830772e-12,"lt":[4.2188472417013335e-12,-2.7479334050925875e-12],"lt_start":[0.1739474256175173,-0.043692829157666827],"q":54.004500723371905,"ut":[219.74100797264484,-0.04216677198975128],"gn":-6.1390895979830773e-16,"gt":[-0.0017394742561329846,0.00043692829154918893],"b":162013502170.11572,"constant_n":10000000000,"constant_t":100,"mu":0.29999999999999999,"normal_mode":1,"tangent_mode":1,"normal_inverse_stiffness":0.0001,"tangent_inverse_stiffness":0.01,"p0":0,"beta":0,"iwan":1,"rn":-162013502170.11572,"rt":[4.2188472417013335e-12,-2.7479334050925875e-12]}
MORTAR_OBSERVER {"kind":"LAW","call_id":11,"pair":0,"slot":4,"node":17,"activity":0,"ndof":3,"normal":[7.2424004571337343e-08,1.5395559165892368e-08,-0.99999999999999734],"tangents":[0.99999999999999745,-1.1150080474088865e-15,7.2424004571337343e-08,-0,1,1.5395559165892408e-08],"ln":-6.32383490669717e-13,"lt":[-6.004086071373117e-12,-1.3642420429235018e-12],"lt_start":[-0.73660022044537588,-0.097040503857792323],"q":40.647482907526673,"ut":[329.49231046485261,-0.1056271961880276],"gn":-6.3238349066971702e-17,"gt":[0.0073660022043937181,0.00097040503856428081],"b":121942448722.58002,"constant_n":10000000000,"constant_t":100,"mu":0.29999999999999999,"normal_mode":1,"tangent_mode":1,"normal_inverse_stiffness":0.0001,"tangent_inverse_stiffness":0.01,"p0":0,"beta":0,"iwan":1,"rn":-121942448722.58002,"rt":[-6.004086071373117e-12,-1.3642420429235018e-12]}
MORTAR_OBSERVER {"kind":"LAW","call_id":11,"pair":0,"slot":5,"node":18,"activity":2,"ndof":3,"normal":[1.196430858954852e-08,-4.3492668962924582e-08,-0.999999999999999],"tangents":[1,5.2035971285550893e-16,1.196430858954851e-08,-0,0.99999999999999911,-4.3492668962924588e-08],"ln":49.100353485069718,"lt":[18.571189120456228,4.183662794775759],"lt_start":[0.31677899935975595,-0.33175539325043679],"q":0.0049100353485143468,"ut":[329.55817680484637,-0.063531374692312223],"gn":0.0049100353485069716,"gt":[0.18254410121096473,0.045154181880261962],"b":14.73012817105149,"constant_n":10000000000,"constant_t":100,"mu":0.29999999999999999,"normal_mode":1,"tangent_mode":1,"normal_inverse_stiffness":0.0001,"tangent_inverse_stiffness":0.01,"p0":0,"beta":0,"iwan":1,"rn":-2.2125530575678454e-05,"rt":[3.841061252439804,4.1866506854450787]}
MORTAR_OBSERVER {"kind":"LAW","call_id":11,"pair":0,"slot":6,"node":19,"activity":0,"ndof":3,"normal":[1.446566586541265e-08,1.4465665865794023e-08,-0.99999999999999978],"tangents":[0.99999999999999989,-2.0925548893528156e-16,1.4465665865412648e-08,-0,0.99999999999999989,1.4465665865794025e-08],"ln":-4.6895819274843447e-12,"lt":[6.7252870618072728e-12,2.1600499845486307e-12],"lt_start":[-0.33266866751375551,-0.33266866750456553],"q":81.505636422584274,"ut":[659.31634769025572,-0.27541998455907735],"gn":-4.6895819274843445e-16,"gt":[0.003326686675204808,0.0033266866750672557],"b":244516909267.75284,"constant_n":10000000000,"constant_t":100,"mu":0.29999999999999999,"normal_mode":1,"tangent_mode":1,"normal_inverse_stiffness":0.0001,"tangent_inverse_stiffness":0.01,"p0":0,"beta":0,"iwan":1,"rn":-244516909267.75284,"rt":[6.7252870618072728e-12,2.1600499845486307e-12]}
MORTAR_OBSERVER {"kind":"LAW","call_id":11,"pair":0,"slot":7,"node":23,"activity":0,"ndof":3,"normal":[-4.3492668963301889e-08,1.1964308589921484e-08,-0.999999999999999],"tangents":[0.99999999999999911,5.2035971287624483e-16,-4.3492668963301889e-08,-0,1,1.1964308589921497e-08],"ln":7.4908966850309152e-12,"lt":[2.2548632888127843e-12,-7.2297732325930279e-13],"lt_start":[-0.33175539326262177,0.31677899937237669],"q":40.639126319023894,"ut":[329.48461050679435,-0.026638422566027154],"gn":7.4908966850309154e-16,"gt":[0.0033175539326487664,-0.0031677899937309966],"b":121917378957.07169,"constant_n":10000000000,"constant_t":100,"mu":0.29999999999999999,"normal_mode":1,"tangent_mode":1,"normal_inverse_stiffness":0.0001,"tangent_inverse_stiffness":0.01,"p0":0,"beta":0,"iwan":1,"rn":-121917378957.07169,"rt":[2.2548632888127843e-12,-7.2297732325930279e-13]}
MORTAR_OBSERVER {"kind":"LAW","call_id":11,"pair":0,"slot":8,"node":24,"activity":0,"ndof":3,"normal":[1.539555916551032e-08,7.2424004571714789e-08,-0.99999999999999734],"tangents":[0.99999999999999989,-1.1150080473870252e-15,1.5395559165510284e-08,-1.9721522630525295e-31,0.99999999999999745,7.2424004571714789e-08],"ln":-5.7411855460420954e-12,"lt":[-1.5312195071742543e-12,-3.003513688294413e-12],"lt_start":[-0.097040503865221894,-0.73660022047532414],"q":81.002898679939975,"ut":[329.70107301128712,-0.085644881638399242],"gn":-5.7411855460420956e-16,"gt":[0.00097040503863690675,0.0073660022047232071],"b":243008696039.81992,"constant_n":10000000000,"constant_t":100,"mu":0.29999999999999999,"normal_mode":1,"tangent_mode":1,"normal_inverse_stiffness":0.0001,"tangent_inverse_stiffness":0.01,"p0":0,"beta":0,"iwan":1,"rn":-243008696039.81992,"rt":[-1.5312195071742543e-12,-3.003513688294413e-12]}
MORTAR_OBSERVER {"kind":"POST_RAW_AFTER_ACTIVE_LOOP","call_id":11,"pair":0,"slot":0,"node":1,"activity":1,"lambda_raw":[-7.0476904426675867e-15,1.0125226344853243e-15,-6.9917352444460291e-15],"gap":-107.97503934045262}
MORTAR_OBSERVER {"kind":"POST_RAW_AFTER_ACTIVE_LOOP","call_id":11,"pair":0,"slot":1,"node":2,"activity":2,"lambda_raw":[0.028641427591066752,0.015813001630208622,-0.050545313143593153],"gap":-0.0033696907453355344}
MORTAR_OBSERVER {"kind":"POST_RAW_AFTER_ACTIVE_LOOP","call_id":11,"pair":0,"slot":2,"node":3,"activity":2,"lambda_raw":[0.016652035165827681,-0.0098162499692149834,-0.027902026213353033],"gap":-0.003720273956315797}
MORTAR_OBSERVER {"kind":"POST_RAW_AFTER_ACTIVE_LOOP","call_id":11,"pair":0,"slot":3,"node":4,"activity":1,"lambda_raw":[6.3282653902070869e-15,-4.1218969269151649e-15,9.2086253425497664e-15],"gap":-54.004500723371905}
MORTAR_OBSERVER {"kind":"POST_RAW_AFTER_ACTIVE_LOOP","call_id":11,"pair":0,"slot":4,"node":17,"activity":1,"lambda_raw":[-6.0040811654106882e-15,-1.3642409275252689e-15,6.3238251327994231e-16],"gap":-40.647482907526673}
MORTAR_OBSERVER {"kind":"POST_RAW_AFTER_ACTIVE_LOOP","call_id":11,"pair":0,"slot":5,"node":18,"activity":2,"lambda_raw":[0.018571172229481823,0.0041836567217841004,-0.049100307233640048],"gap":-0.0049100353485143468}
MORTAR_OBSERVER {"kind":"POST_RAW_AFTER_ACTIVE_LOOP","call_id":11,"pair":0,"slot":6,"node":19,"activity":1,"lambda_raw":[3.3626405727924919e-15,1.0800240191536371e-15,2.3447889889519752e-15],"gap":-81.505636422584274}
MORTAR_OBSERVER {"kind":"POST_RAW_AFTER_ACTIVE_LOOP","call_id":11,"pair":0,"slot":7,"node":23,"activity":1,"lambda_raw":[2.2548608408310823e-15,-7.2297655320000045e-16,-7.4908897416324362e-15],"gap":-40.639126319023894}
MORTAR_OBSERVER {"kind":"POST_RAW_AFTER_ACTIVE_LOOP","call_id":11,"pair":0,"slot":8,"node":24,"activity":1,"lambda_raw":[-1.5312183327171655e-15,-3.0035116269997575e-15,5.7411805700021795e-15],"gap":-81.002898679939975}
MORTAR_OBSERVER {"kind":"SUMMARY_PRE_OVERRIDE","call_id":11,"ndiverg":14,"flag":1,"keepset":0,"max_n":323925118021.35785,"max_t":[11.041903334174419,13.095518056969965],"lm_t_av":[59.868227656546658,27.814020114612095],"nstick":6,"nslip":3,"ninactive":0,"nnogap":0,"nolm":0}
MORTAR_OBSERVER {"kind":"SUMMARY_POST_OVERRIDE","call_id":11,"flag":1}
MORTAR_OBSERVER {"kind":"RETURN","call_id":11}
 Using up to 2 cpu(s) for the stress calculation.

 average force= 7.318972
 time avg. forc= 7.318972
 largest residual force= 16.163084 in node 19 and dof 3
 largest increment of disp= 1.730781e-01
 largest correction to disp= 8.569104e-02 in node 4 and dof 1

MORTAR_OBSERVER {"kind":"PRE_CHECK","call_id":11,"step":2,"inc":1,"cutback":0,"iteration":3,"time":0.25,"dtime":0.25,"ttime":1,"tper":1,"theta":0,"dtheta":0.25,"icntrl":0,"nmethod":1,"iexpl":0,"ithermal":0,"uncoupled":0,"mortar":2,"iflagdualquad":2}
 no convergence

MORTAR_OBSERVER {"kind":"POST_CHECK","call_id":11,"step":2,"inc":1,"cutback":0,"iteration":4,"time":0.25,"dtime":0.25,"ttime":1,"tper":1,"theta":0,"dtheta":0.25,"icntrl":0,"nmethod":1,"iexpl":0,"ithermal":0,"uncoupled":0,"mortar":2,"iflagdualquad":2}
 iteration 4

 Determining the structure of the matrix:

 Using up to 2 cpu(s) for setting up the structure of the matrix.
 number of equations
 75
 number of nonzero lower triangular matrix elements
 1143

 Using up to 2 cpu(s) for the stress calculation.

 Using up to 2 cpu(s) for the symmetric stiffness/mass contributions.

 Using up to 2 cpu(s) for the stress calculation.

 Using up to 2 cpu(s) for the symmetric stiffness/mass contributions.

 Factoring the system of equations using the unsymmetric spooles solver
 Using 1 cpu for spooles.

MORTAR_OBSERVER {"kind":"BEGIN","call_id":12,"step":2,"inc":1,"cutback":0,"iteration":4,"time":0.25,"dtime":0.25,"ttime":1,"tper":1,"theta":0,"dtheta":0.25,"icntrl":0,"nmethod":1,"iexpl":0,"ithermal":0,"uncoupled":0,"mortar":2,"iflagdualquad":2}
MORTAR_OBSERVER {"kind":"INVENTORY","call_id":12,"pair_count":1,"slave_count":9}
MORTAR_OBSERVER {"kind":"PAIR","call_id":12,"pair":0,"start":0,"end":9}
MORTAR_OBSERVER {"kind":"PRE_RAW","call_id":12,"pair":0,"slot":0,"node":1,"activity":1,"lambda_raw":[-0.32246530167816229,-0.00024982990832219743,-0.84881923221144584],"lambda_start":[0.00050771518908920529,0.00050771518909969321,-0.013186514357202705],"ddtil_count":1}
MORTAR_OBSERVER {"kind":"DDTIL","call_id":12,"pair":0,"column_slot":0,"source_slot":0,"destination_slot":0,"entry":0,"value":1333.3343393655837}
MORTAR_OBSERVER {"kind":"PRE_RAW","call_id":12,"pair":0,"slot":1,"node":2,"activity":2,"lambda_raw":[-0.38058461148974493,0.00047186011330203838,1.268535765872647],"lambda_start":[-6.5538309315043666e-05,0.00026092037294276585,-0.012777594587534601],"ddtil_count":1}
MORTAR_OBSERVER {"kind":"DDTIL","call_id":12,"pair":0,"column_slot":1,"source_slot":1,"destination_slot":1,"entry":1,"value":666.6672829657565}
MORTAR_OBSERVER {"kind":"PRE_RAW","call_id":12,"pair":0,"slot":2,"node":3,"activity":2,"lambda_raw":[-0.23113395302821937,-0.00021917018519507591,0.77037068269833409],"lambda_start":[0.00010155868155003408,0.00010155868154907331,-0.0125689875371119],"ddtil_count":1}
MORTAR_OBSERVER {"kind":"DDTIL","call_id":12,"pair":0,"column_slot":2,"source_slot":2,"destination_slot":2,"entry":2,"value":1333.33470804888}
MORTAR_OBSERVER {"kind":"PRE_RAW","call_id":12,"pair":0,"slot":3,"node":4,"activity":1,"lambda_raw":[-0.32957425699400816,-0.0040961684975425157,-1.3201169395999959],"lambda_start":[0.00026092037297979141,-6.5538309317234351e-05,-0.012777594587533964],"ddtil_count":1}
MORTAR_OBSERVER {"kind":"DDTIL","call_id":12,"pair":0,"column_slot":3,"source_slot":3,"destination_slot":3,"entry":3,"value":666.66728296575695}
MORTAR_OBSERVER {"kind":"PRE_RAW","call_id":12,"pair":0,"slot":4,"node":17,"activity":1,"lambda_raw":[-0.19596511349417295,0.011260459633741896,0.15195960294817187],"lambda_start":[-0.0007365987945344057,-9.7040249850901462e-05,-0.011300302693721054],"ddtil_count":1}
MORTAR_OBSERVER {"kind":"DDTIL","call_id":12,"pair":0,"column_slot":4,"source_slot":4,"destination_slot":4,"entry":4,"value":1000.0008247327145}
MORTAR_OBSERVER {"kind":"PRE_RAW","call_id":12,"pair":0,"slot":5,"node":18,"activity":2,"lambda_raw":[-0.34165467425376894,0.00013641262424174535,1.138825730289067],"lambda_start":[0.00031677884056088363,-0.00033175558754602565,-0.011646327674742232],"ddtil_count":1}
MORTAR_OBSERVER {"kind":"DDTIL","call_id":12,"pair":0,"column_slot":5,"source_slot":5,"destination_slot":5,"entry":5,"value":1000.0009411590161}
MORTAR_OBSERVER {"kind":"PRE_RAW","call_id":12,"pair":0,"slot":6,"node":19,"activity":1,"lambda_raw":[-0.33666372413486806,-0.026291297935805202,0.096896053104466015],"lambda_start":[-0.00016633402471439708,-0.00016633402470980207,-0.011364585339352794],"ddtil_count":1}
MORTAR_OBSERVER {"kind":"DDTIL","call_id":12,"pair":0,"column_slot":6,"source_slot":6,"destination_slot":6,"entry":6,"value":2000.0017392237551}
MORTAR_OBSERVER {"kind":"PRE_RAW","call_id":12,"pair":0,"slot":7,"node":23,"activity":1,"lambda_raw":[-0.29909487978582378,0.008407532165715402,-0.21737528824284674],"lambda_start":[-0.00033175558755821078,0.00031677884057350418,-0.011646327674742355],"ddtil_count":1}
MORTAR_OBSERVER {"kind":"DDTIL","call_id":12,"pair":0,"column_slot":7,"source_slot":7,"destination_slot":7,"entry":7,"value":1000.0009411590161}
MORTAR_OBSERVER {"kind":"PRE_RAW","call_id":12,"pair":0,"slot":8,"node":24,"activity":1,"lambda_raw":[-0.41430105011329771,0.0038699065328549492,-1.248216940981927],"lambda_start":[-9.7040249858331947e-05,-0.00073659879456435451,-0.011300302693717842],"ddtil_count":1}
MORTAR_OBSERVER {"kind":"DDTIL","call_id":12,"pair":0,"column_slot":8,"source_slot":8,"destination_slot":8,"entry":8,"value":1000.0008247327135}
MORTAR_OBSERVER {"kind":"LAW","call_id":12,"pair":0,"slot":0,"node":1,"activity":1,"ndof":3,"normal":[7.4139640564509083e-08,7.413964056489398e-08,-0.99999999999999456],"tangents":[0.99999999999999722,-5.4966863030631521e-15,7.4139640564508898e-08,-7.8886090522101181e-31,0.99999999999999734,7.4139640564894179e-08],"ln":1131.7597983201081,"lt":[-429.95414388964195,-0.33319070403355899],"lt_start":[0.6769527927045591,0.67695279271854691],"q":0.11317597983187966,"ut":[435.18936088142294,-0.062716119808565285],"gn":0.11317597983201082,"gt":[-4.3063109668234656,-0.010101434967521059],"b":339.52754601911471,"constant_n":10000000000,"constant_t":100,"mu":0.29999999999999999,"normal_mode":1,"tangent_mode":1,"normal_inverse_stiffness":0.0001,"tangent_inverse_stiffness":0.01,"p0":0,"beta":0,"iwan":1,"rn":0.00039347691767943616,"rt":[439.49567184824639,-0.052614684841044229]}
MORTAR_OBSERVER {"kind":"LAW","call_id":12,"pair":0,"slot":1,"node":2,"activity":2,"ndof":3,"normal":[6.8387805827692747e-08,-4.1027950443498291e-08,-0.99999999999999689],"tangents":[0.99999999999999767,2.8058115084381685e-15,6.8387805827692694e-08,-3.944304526105059e-31,0.99999999999999922,-4.102795044349839e-08],"ln":-845.6913097436867,"lt":[-253.7232510454738,0.31453900269454949],"lt_start":[-0.043692829156205842,0.17394742559283358],"q":-0.084569130974383677,"ut":[216.81076513136239,0.0089284451345843733],"gn":-0.084569130974368675,"gt":[-2.536795582163176,0.0014059157710171592],"b":-253.70743792877187,"constant_n":10000000000,"constant_t":100,"mu":0.29999999999999999,"normal_mode":1,"tangent_mode":1,"normal_inverse_stiffness":0.0001,"tangent_inverse_stiffness":0.01,"p0":0,"beta":0,"iwan":1,"rn":-253.707392923106,"rt":[-0.015813423818144656,0.32702240473426386]}
MORTAR_OBSERVER {"kind":"LAW","call_id":12,"pair":0,"slot":2,"node":3,"activity":2,"ndof":3,"normal":[-4.5208292547312871e-08,-4.52082925469361e-08,-0.999999999999998],"tangents":[0.999999999999999,-2.0437897150263934e-15,-4.5208292547312824e-08,3.944304526105059e-31,0.999999999999999,-4.5208292546936146e-08],"ln":-1027.1619553595438,"lt":[-308.1789682173029,-0.29227365112889664],"lt_start":[0.13541247264507875,0.13541247264379797],"q":-0.10271619553592951,"ut":[430.53114626434683,0.96275732189782115],"gn":-0.10271619553595437,"gt":[-3.0831438068994799,-0.0042768612377269465],"b":-308.14851200087588,"constant_n":10000000000,"constant_t":100,"mu":0.29999999999999999,"normal_mode":1,"tangent_mode":1,"normal_inverse_stiffness":0.0001,"tangent_inverse_stiffness":0.01,"p0":0,"beta":0,"iwan":1,"rn":-308.14858660786314,"rt":[-0.031228845491739321,0.39777590961569781]}
MORTAR_OBSERVER {"kind":"LAW","call_id":12,"pair":0,"slot":3,"node":4,"activity":1,"ndof":3,"normal":[-4.1027950443876154e-08,6.8387805828061921e-08,-0.99999999999999689],"tangents":[0.99999999999999922,2.8058115084791518e-15,-4.1027950443876068e-08,3.944304526105059e-31,0.99999999999999778,6.8387805828061987e-08],"ln":880.0787821479571,"lt":[-219.71633833782508,-2.7308417094828528],"lt_start":[0.1739474256175173,-0.043692829157666827],"q":0.088007878214732216,"ut":[217.54384423116505,-0.069475189015051814],"gn":0.088007878214795721,"gt":[-2.1989028576344261,-0.026871488803251856],"b":264.0234441301161,"constant_n":10000000000,"constant_t":100,"mu":0.29999999999999999,"normal_mode":1,"tangent_mode":1,"normal_inverse_stiffness":0.0001,"tangent_inverse_stiffness":0.01,"p0":0,"beta":0,"iwan":1,"rn":0.00019051427102567686,"rt":[219.74274708879949,-0.042603700211799961]}
MORTAR_OBSERVER {"kind":"LAW","call_id":12,"pair":0,"slot":4,"node":17,"activity":1,"ndof":3,"normal":[7.2424004571337343e-08,1.5395559165892368e-08,-0.99999999999999734],"tangents":[0.99999999999999745,-1.1150080474088865e-15,7.2424004571337343e-08,-0,1,1.5395559165892408e-08],"ln":-151.95974229345606,"lt":[-195.96526410748038,11.260471260116324],"lt_start":[-0.73660022044537588,-0.097040503857792323],"q":-0.015195974229335718,"ut":[327.53265794695506,0.0069775163732848661],"gn":-0.015195974229345606,"gt":[-1.9522866388703499,0.11357511763974117],"b":-45.587893024265377,"constant_n":10000000000,"constant_t":100,"mu":0.29999999999999999,"normal_mode":1,"tangent_mode":1,"normal_inverse_stiffness":0.0001,"tangent_inverse_stiffness":0.01,"p0":0,"beta":0,"iwan":1,"rn":-45.587922688036819,"rt":[329.48494458582542,-0.1065976012664563]}
MORTAR_OBSERVER {"kind":"LAW","call_id":12,"pair":0,"slot":5,"node":18,"activity":2,"ndof":3,"normal":[1.196430858954852e-08,-4.3492668962924582e-08,-0.999999999999999],"tangents":[1,5.2035971285550893e-16,1.196430858954851e-08,-0,0.99999999999999911,-4.3492668962924588e-08],"ln":-1138.8268061987685,"lt":[-341.65498217987067,0.13636322201060638],"lt_start":[0.31677899935975595,-0.33175539325043679],"q":-0.11388268061990393,"ut":[323.19960999442327,0.039456077580121984],"gn":-0.11388268061987686,"gt":[-3.4197176117923043,0.0046811861526104316],"b":-341.64812308632253,"constant_n":10000000000,"constant_t":100,"mu":0.29999999999999999,"normal_mode":1,"tangent_mode":1,"normal_inverse_stiffness":0.0001,"tangent_inverse_stiffness":0.01,"p0":0,"beta":0,"iwan":1,"rn":-341.64804185963055,"rt":[-0.006861229245373579,0.17456418916434099]}
MORTAR_OBSERVER {"kind":"LAW","call_id":12,"pair":0,"slot":6,"node":19,"activity":1,"ndof":3,"normal":[1.446566586541265e-08,1.4465665865794023e-08,-0.99999999999999978],"tangents":[0.99999999999999989,-2.0925548893528156e-16,1.4465665865412648e-08,-0,0.99999999999999989,1.4465665865794025e-08],"ln":-193.79228523363059,"lt":[-673.32803099994817,-52.582638794726023],"lt_start":[-0.33266866751375551,-0.33266866750456553],"q":-0.019379228523433767,"ut":[652.583067537018,-0.80124637257265385],"gn":-0.01937922852336306,"gt":[-6.7299536233243442,-0.52249970127221457],"b":-58.137897692075825,"constant_n":10000000000,"constant_t":100,"mu":0.29999999999999999,"normal_mode":1,"tangent_mode":1,"normal_inverse_stiffness":0.0001,"tangent_inverse_stiffness":0.01,"p0":0,"beta":0,"iwan":1,"rn":-58.137685570089175,"rt":[659.31302116034237,-0.27874667130043929]}
MORTAR_OBSERVER {"kind":"LAW","call_id":12,"pair":0,"slot":7,"node":23,"activity":1,"ndof":3,"normal":[-4.3492668963301889e-08,1.1964308589921484e-08,-0.999999999999999],"tangents":[0.99999999999999911,5.2035971287624483e-16,-4.3492668963301889e-08,-0,1,1.1964308589921497e-08],"ln":217.37550593659614,"lt":[-299.09515182742592,8.4075374777926264],"lt_start":[-0.33175539326262177,0.31677899937237669],"q":0.021737550593663002,"ut":[326.493658812283,0.057436952224433832],"gn":0.021737550593659616,"gt":[-2.9876339643416334,0.080907584784202499],"b":65.212661939519521,"constant_n":10000000000,"constant_t":100,"mu":0.29999999999999999,"normal_mode":1,"tangent_mode":1,"normal_inverse_stiffness":0.0001,"tangent_inverse_stiffness":0.01,"p0":0,"beta":0,"iwan":1,"rn":-1.0158540675320182e-05,"rt":[329.48129277662463,-0.023470632559768667]}
MORTAR_OBSERVER {"kind":"LAW","call_id":12,"pair":0,"slot":8,"node":24,"activity":1,"ndof":3,"normal":[1.539555916551032e-08,7.2424004571714789e-08,-0.99999999999999734],"tangents":[0.99999999999999989,-1.1150080473870252e-15,1.5395559165510284e-08,-1.9721522630525295e-31,0.99999999999999745,7.2424004571714789e-08],"ln":1248.2179643291411,"lt":[-414.30141101794055,3.8698193235494585],"lt_start":[-0.097040503865221894,-0.73660022047532414],"q":0.12482179643286884,"ut":[325.55805839305481,-0.046946688259558805],"gn":0.12482179643291411,"gt":[-4.142043705140753,0.046064195440247827],"b":374.46525349071084,"constant_n":10000000000,"constant_t":100,"mu":0.29999999999999999,"normal_mode":1,"tangent_mode":1,"normal_inverse_stiffness":0.0001,"tangent_inverse_stiffness":0.01,"p0":0,"beta":0,"iwan":1,"rn":0.00013580803147306142,"rt":[329.70010209819554,-0.093010883699806632]}
MORTAR_OBSERVER {"kind":"POST_RAW_AFTER_ACTIVE_LOOP","call_id":12,"pair":0,"slot":0,"node":1,"activity":2,"lambda_raw":[-0.32246530167816229,-0.00024982990832219743,-0.84881923221144584],"gap":-0.11317597983187966}
MORTAR_OBSERVER {"kind":"POST_RAW_AFTER_ACTIVE_LOOP","call_id":12,"pair":0,"slot":1,"node":2,"activity":0,"lambda_raw":[0,0,0],"gap":0.084569130974383677}
MORTAR_OBSERVER {"kind":"POST_RAW_AFTER_ACTIVE_LOOP","call_id":12,"pair":0,"slot":2,"node":3,"activity":0,"lambda_raw":[0,0,0],"gap":0.10271619553592951}
MORTAR_OBSERVER {"kind":"POST_RAW_AFTER_ACTIVE_LOOP","call_id":12,"pair":0,"slot":3,"node":4,"activity":2,"lambda_raw":[-0.32957425699400816,-0.0040961684975425157,-1.3201169395999959],"gap":-0.088007878214732216}
MORTAR_OBSERVER {"kind":"POST_RAW_AFTER_ACTIVE_LOOP","call_id":12,"pair":0,"slot":4,"node":17,"activity":0,"lambda_raw":[0,0,0],"gap":0.015195974229335718}
MORTAR_OBSERVER {"kind":"POST_RAW_AFTER_ACTIVE_LOOP","call_id":12,"pair":0,"slot":5,"node":18,"activity":0,"lambda_raw":[0,0,0],"gap":0.11388268061990393}
MORTAR_OBSERVER {"kind":"POST_RAW_AFTER_ACTIVE_LOOP","call_id":12,"pair":0,"slot":6,"node":19,"activity":0,"lambda_raw":[0,0,0],"gap":0.019379228523433767}
MORTAR_OBSERVER {"kind":"POST_RAW_AFTER_ACTIVE_LOOP","call_id":12,"pair":0,"slot":7,"node":23,"activity":2,"lambda_raw":[-0.29909487978582378,0.008407532165715402,-0.21737528824284674],"gap":-0.021737550593663002}
MORTAR_OBSERVER {"kind":"POST_RAW_AFTER_ACTIVE_LOOP","call_id":12,"pair":0,"slot":8,"node":24,"activity":2,"lambda_raw":[-0.41430105011329771,0.0038699065328549492,-1.248216940981927],"gap":-0.12482179643286884}
MORTAR_OBSERVER {"kind":"SUMMARY_PRE_OVERRIDE","call_id":12,"ndiverg":14,"flag":1,"keepset":0,"max_n":341.64804185963055,"max_t":[659.31302116034237,0.39777590961569781],"lm_t_av":[1363.0670450728335,15.341389214858497],"nstick":0,"nslip":4,"ninactive":5,"nnogap":0,"nolm":0}
MORTAR_OBSERVER {"kind":"SUMMARY_POST_OVERRIDE","call_id":12,"flag":1}
MORTAR_OBSERVER {"kind":"RETURN","call_id":12}
 Using up to 2 cpu(s) for the stress calculation.

 average force= 299.494608
 time avg. forc= 299.494608
 largest residual force= 1900.812810 in node 18 and dof 3
 largest increment of disp= 1.730781e-01
 largest correction to disp= 6.783286e-02 in node 4 and dof 3

MORTAR_OBSERVER {"kind":"PRE_CHECK","call_id":12,"step":2,"inc":1,"cutback":0,"iteration":4,"time":0.25,"dtime":0.25,"ttime":1,"tper":1,"theta":0,"dtheta":0.25,"icntrl":0,"nmethod":1,"iexpl":0,"ithermal":0,"uncoupled":0,"mortar":2,"iflagdualquad":2}
 no convergence

MORTAR_OBSERVER {"kind":"POST_CHECK","call_id":12,"step":2,"inc":1,"cutback":0,"iteration":5,"time":0.25,"dtime":0.25,"ttime":1,"tper":1,"theta":0,"dtheta":0.25,"icntrl":0,"nmethod":1,"iexpl":0,"ithermal":0,"uncoupled":0,"mortar":2,"iflagdualquad":2}
 iteration 5

 Determining the structure of the matrix:

 Using up to 2 cpu(s) for setting up the structure of the matrix.
 number of equations
 75
 number of nonzero lower triangular matrix elements
 1143

 Using up to 2 cpu(s) for the stress calculation.

 Using up to 2 cpu(s) for the symmetric stiffness/mass contributions.

 Using up to 2 cpu(s) for the stress calculation.

 Using up to 2 cpu(s) for the symmetric stiffness/mass contributions.

 Factoring the system of equations using the unsymmetric spooles solver
 Using 1 cpu for spooles.

MORTAR_OBSERVER {"kind":"BEGIN","call_id":13,"step":2,"inc":1,"cutback":0,"iteration":5,"time":0.25,"dtime":0.25,"ttime":1,"tper":1,"theta":0,"dtheta":0.25,"icntrl":0,"nmethod":1,"iexpl":0,"ithermal":0,"uncoupled":0,"mortar":2,"iflagdualquad":2}
MORTAR_OBSERVER {"kind":"INVENTORY","call_id":13,"pair_count":1,"slave_count":9}
MORTAR_OBSERVER {"kind":"PAIR","call_id":13,"pair":0,"start":0,"end":9}
MORTAR_OBSERVER {"kind":"PRE_RAW","call_id":13,"pair":0,"slot":0,"node":1,"activity":2,"lambda_raw":[-0.083243029530257348,-0.0047524783150166604,0.020489361166090268],"lambda_start":[0.00050771518908920529,0.00050771518909969321,-0.013186514357202705],"ddtil_count":1}
MORTAR_OBSERVER {"kind":"DDTIL","call_id":13,"pair":0,"column_slot":0,"source_slot":0,"destination_slot":0,"entry":0,"value":1333.3343393655837}
MORTAR_OBSERVER {"kind":"PRE_RAW","call_id":13,"pair":0,"slot":1,"node":2,"activity":0,"lambda_raw":[-2.2595238109034163e-15,6.1817160864338747e-16,0],"lambda_start":[-6.5538309315043666e-05,0.00026092037294276585,-0.012777594587534601],"ddtil_count":1}
MORTAR_OBSERVER {"kind":"DDTIL","call_id":13,"pair":0,"column_slot":1,"source_slot":1,"destination_slot":1,"entry":1,"value":666.6672829657565}
MORTAR_OBSERVER {"kind":"PRE_RAW","call_id":13,"pair":0,"slot":2,"node":3,"activity":0,"lambda_raw":[-5.9685528265880703e-16,1.332266255934837e-18,-1.7053008075965914e-16],"lambda_start":[0.00010155868155003408,0.00010155868154907331,-0.0125689875371119],"ddtil_count":1}
MORTAR_OBSERVER {"kind":"DDTIL","call_id":13,"pair":0,"column_slot":2,"source_slot":2,"destination_slot":2,"entry":2,"value":1333.33470804888}
MORTAR_OBSERVER {"kind":"PRE_RAW","call_id":13,"pair":0,"slot":3,"node":4,"activity":2,"lambda_raw":[0.053068733049547165,-0.0075918067229001135,-0.5536419499213312],"lambda_start":[0.00026092037297979141,-6.5538309317234351e-05,-0.012777594587533964],"ddtil_count":1}
MORTAR_OBSERVER {"kind":"DDTIL","call_id":13,"pair":0,"column_slot":3,"source_slot":3,"destination_slot":3,"entry":3,"value":666.66728296575695}
MORTAR_OBSERVER {"kind":"PRE_RAW","call_id":13,"pair":0,"slot":4,"node":17,"activity":0,"lambda_raw":[1.3642409275252689e-15,-1.1333147288556271e-15,-2.8421685990109768e-17],"lambda_start":[-0.0007365987945344057,-9.7040249850901462e-05,-0.011300302693721054],"ddtil_count":1}
MORTAR_OBSERVER {"kind":"DDTIL","call_id":13,"pair":0,"column_slot":4,"source_slot":4,"destination_slot":4,"entry":4,"value":1000.0008247327145}
MORTAR_OBSERVER {"kind":"PRE_RAW","call_id":13,"pair":0,"slot":5,"node":18,"activity":0,"lambda_raw":[1.9326744223135148e-15,-6.6224741090878414e-17,4.5474692289729757e-16],"lambda_start":[0.00031677884056088363,-0.00033175558754602565,-0.011646327674742232],"ddtil_count":1}
MORTAR_OBSERVER {"kind":"DDTIL","call_id":13,"pair":0,"column_slot":5,"source_slot":5,"destination_slot":5,"entry":5,"value":1000.0009411590161}
MORTAR_OBSERVER {"kind":"PRE_RAW","call_id":13,"pair":0,"slot":6,"node":19,"activity":0,"lambda_raw":[-2.0463612994489966e-15,-2.4513703066316107e-16,2.1316263535927049e-16],"lambda_start":[-0.00016633402471439708,-0.00016633402470980207,-0.011364585339352794],"ddtil_count":1}
MORTAR_OBSERVER {"kind":"DDTIL","call_id":13,"pair":0,"column_slot":6,"source_slot":6,"destination_slot":6,"entry":6,"value":2000.0017392237551}
MORTAR_OBSERVER {"kind":"PRE_RAW","call_id":13,"pair":0,"slot":7,"node":23,"activity":2,"lambda_raw":[-0.15009113278447417,-0.0010962003120476693,0.43348872782317355],"lambda_start":[-0.00033175558755821078,0.00031677884057350418,-0.011646327674742355],"ddtil_count":1}
MORTAR_OBSERVER {"kind":"DDTIL","call_id":13,"pair":0,"column_slot":7,"source_slot":7,"destination_slot":7,"entry":7,"value":1000.0009411590161}
MORTAR_OBSERVER {"kind":"PRE_RAW","call_id":13,"pair":0,"slot":8,"node":24,"activity":2,"lambda_raw":[-0.051042904881779545,-0.005942825851095599,-0.21171315554271319],"lambda_start":[-9.7040249858331947e-05,-0.00073659879456435451,-0.011300302693717842],"ddtil_count":1}
MORTAR_OBSERVER {"kind":"DDTIL","call_id":13,"pair":0,"column_slot":8,"source_slot":8,"destination_slot":8,"entry":8,"value":1000.0008247327135}
MORTAR_OBSERVER {"kind":"LAW","call_id":13,"pair":0,"slot":0,"node":1,"activity":2,"ndof":3,"normal":[7.4139640564509083e-08,7.413964056489398e-08,-0.99999999999999456],"tangents":[0.99999999999999722,-5.4966863030631521e-15,7.4139640564508898e-08,-7.8886090522101181e-31,0.99999999999999734,7.4139640564894179e-08],"ln":-27.319177533025325,"lt":[-110.99078776008176,-6.3366405090686264],"lt_start":[0.6769527927045591,0.67695279271854691],"q":-0.0027319177533088879,"ut":[369.30904953602982,-8.1351278674046714],"gn":-0.0027319177533025327,"gt":[-1.1166774055278632,-0.070135933017871729],"b":-8.1957723253859598,"constant_n":10000000000,"constant_t":100,"mu":0.29999999999999999,"normal_mode":1,"tangent_mode":1,"normal_inverse_stiffness":0.0001,"tangent_inverse_stiffness":0.01,"p0":0,"beta":0,"iwan":1,"rn":-8.1957532599075975,"rt":[-102.79699975604659,-6.5169795078781414]}
MORTAR_OBSERVER {"kind":"LAW","call_id":13,"pair":0,"slot":1,"node":2,"activity":0,"ndof":3,"normal":[6.8387805827692747e-08,-4.1027950443498291e-08,-0.99999999999999689],"tangents":[0.99999999999999767,2.8058115084381685e-15,6.8387805827692694e-08,-3.944304526105059e-31,0.99999999999999922,-4.102795044349839e-08],"ln":-1.1992423737576816e-19,"lt":[-1.5063505998114077e-12,4.1211478674085775e-13],"lt_start":[-0.043692829156205842,0.17394742559283358],"q":-15.344529107365769,"ut":[183.96225117384475,-4.632131395368992],"gn":-1.1992423737576816e-23,"gt":[0.00043692829154699494,-0.0017394742559242147],"b":-46033587322.097305,"constant_n":10000000000,"constant_t":100,"mu":0.29999999999999999,"normal_mode":1,"tangent_mode":1,"normal_inverse_stiffness":0.0001,"tangent_inverse_stiffness":0.01,"p0":0,"beta":0,"iwan":1,"rn":-3.5977271212730446e-20,"rt":[-1.5063505998114077e-12,4.1211478674085775e-13]}
MORTAR_OBSERVER {"kind":"LAW","call_id":13,"pair":0,"slot":2,"node":3,"activity":0,"ndof":3,"normal":[-4.5208292547312871e-08,-4.52082925469361e-08,-0.999999999999998],"tangents":[0.999999999999999,-2.0437897150263934e-15,-4.5208292547312824e-08,3.944304526105059e-31,0.999999999999999,-4.5208292546936146e-08],"ln":2.2737371134004024e-13,"lt":[-7.9580785377213574e-13,1.7763671185758854e-15],"lt_start":[0.13541247264507875,0.13541247264379797],"q":-19.446147192323647,"ut":[370.00706376306448,-10.69623520768593],"gn":2.2737371134004025e-17,"gt":[-0.0013541247264587455,-0.0013541247264379618],"b":-58338441576.97094,"constant_n":10000000000,"constant_t":100,"mu":0.29999999999999999,"normal_mode":1,"tangent_mode":1,"normal_inverse_stiffness":0.0001,"tangent_inverse_stiffness":0.01,"p0":0,"beta":0,"iwan":1,"rn":6.8212113402012074e-14,"rt":[-7.9580785377213574e-13,1.7763671185758854e-15]}
MORTAR_OBSERVER {"kind":"LAW","call_id":13,"pair":0,"slot":3,"node":4,"activity":2,"ndof":3,"normal":[-4.1027950443876154e-08,6.8387805828061921e-08,-0.99999999999999689],"tangents":[0.99999999999999922,2.8058115084791518e-15,-4.1027950443876068e-08,3.944304526105059e-31,0.99999999999999778,6.8387805828061987e-08],"ln":369.09497269225585,"lt":[35.379203215786951,-5.0612344023524223],"lt_start":[0.1739474256175173,-0.043692829157666827],"q":0.036909497269225509,"ut":[183.65750038740418,-3.8599456880875493],"gn":0.036909497269225586,"gt":[0.35205255790169432,-0.050175415731947552],"b":110.72849157869327,"constant_n":10000000000,"constant_t":100,"mu":0.29999999999999999,"normal_mode":1,"tangent_mode":1,"normal_inverse_stiffness":0.0001,"tangent_inverse_stiffness":0.01,"p0":0,"beta":0,"iwan":1,"rn":2.2898348106537014e-07,"rt":[-75.324836010391124,-2.7343166338067411]}
MORTAR_OBSERVER {"kind":"LAW","call_id":13,"pair":0,"slot":4,"node":17,"activity":0,"ndof":3,"normal":[7.2424004571337343e-08,1.5395559165892368e-08,-0.99999999999999734],"tangents":[0.99999999999999745,-1.1150080474088865e-15,7.2424004571337343e-08,-0,1,1.5395559165892408e-08],"ln":2.8421790786248236e-14,"lt":[1.3642420506009758e-12,-1.1333156639749278e-12],"lt_start":[-0.73660022044537588,-0.097040503857792323],"q":-11.420523286784352,"ut":[276.2365500042913,-6.530938863476651],"gn":2.8421790786248235e-18,"gt":[0.0073660022044674013,0.00097040503856659006],"b":-34261569860.353054,"constant_n":10000000000,"constant_t":100,"mu":0.29999999999999999,"normal_mode":1,"tangent_mode":1,"normal_inverse_stiffness":0.0001,"tangent_inverse_stiffness":0.01,"p0":0,"beta":0,"iwan":1,"rn":8.5265372358744701e-15,"rt":[1.3642420506009758e-12,-1.1333156639749278e-12]}
MORTAR_OBSERVER {"kind":"LAW","call_id":13,"pair":0,"slot":5,"node":18,"activity":0,"ndof":3,"normal":[1.196430858954852e-08,-4.3492668962924582e-08,-0.999999999999999],"tangents":[1,5.2035971285550893e-16,1.196430858954851e-08,-0,0.99999999999999911,-4.3492668962924588e-08],"ln":-4.547473248830352e-13,"lt":[1.9326762467082102e-12,-6.6224823197066507e-14],"lt_start":[0.31677899935975595,-0.33175539325043679],"q":-19.120713676345044,"ut":[276.11970120452258,-7.0022492381026185],"gn":-4.5474732488303523e-17,"gt":[-0.003167789993578233,0.0033175539325037058],"b":-57362141029.035133,"constant_n":10000000000,"constant_t":100,"mu":0.29999999999999999,"normal_mode":1,"tangent_mode":1,"normal_inverse_stiffness":0.0001,"tangent_inverse_stiffness":0.01,"p0":0,"beta":0,"iwan":1,"rn":-1.3642419746491055e-13,"rt":[1.9326762467082102e-12,-6.6224823197066507e-14]}
MORTAR_OBSERVER {"kind":"LAW","call_id":13,"pair":0,"slot":6,"node":19,"activity":0,"ndof":3,"normal":[1.446566586541265e-08,1.4465665865794023e-08,-0.99999999999999978],"tangents":[0.99999999999999989,-2.0925548893528156e-16,1.4465665865412648e-08,-0,0.99999999999999989,1.4465665865794025e-08],"ln":-4.2632570775221599e-13,"lt":[-4.0927261518110908e-12,-4.9027448150738479e-13],"lt_start":[-0.33266866751375551,-0.33266866750456553],"q":-17.399348699437933,"ut":[550.67306939648176,-12.23333910264882],"gn":-4.26325707752216e-17,"gt":[0.003326686675096628,0.0033266866750407526],"b":-52198046098.313797,"constant_n":10000000000,"constant_t":100,"mu":0.29999999999999999,"normal_mode":1,"tangent_mode":1,"normal_inverse_stiffness":0.0001,"tangent_inverse_stiffness":0.01,"p0":0,"beta":0,"iwan":1,"rn":-1.278977123256648e-13,"rt":[-4.0927261518110908e-12,-4.9027448150738479e-13]}
MORTAR_OBSERVER {"kind":"LAW","call_id":13,"pair":0,"slot":7,"node":23,"activity":2,"ndof":3,"normal":[-4.3492668963301889e-08,1.1964308589921484e-08,-0.999999999999999],"tangents":[0.99999999999999911,5.2035971287624483e-16,-4.3492668963301889e-08,-0,1,1.1964308589921497e-08],"ln":-433.48912929024283,"lt":[-150.09129289769635,-1.0961961573486851],"lt_start":[-0.33175539326262177,0.31677899937237669],"q":-0.043348912929022307,"ut":[276.3073586038401,-6.7200751189075412],"gn":-0.043348912929024284,"gt":[-1.4975953750443374,-0.014129751567210618],"b":-130.04673285431855,"constant_n":10000000000,"constant_t":100,"mu":0.29999999999999999,"normal_mode":1,"tangent_mode":1,"normal_inverse_stiffness":0.0001,"tangent_inverse_stiffness":0.01,"p0":0,"beta":0,"iwan":1,"rn":-130.04673878707285,"rt":[-20.082969773114598,-4.2566778321627252]}
MORTAR_OBSERVER {"kind":"LAW","call_id":13,"pair":0,"slot":8,"node":24,"activity":2,"ndof":3,"normal":[1.539555916551032e-08,7.2424004571714789e-08,-0.99999999999999734],"tangents":[0.99999999999999989,-1.1150080473870252e-15,1.5395559165510284e-08,-1.9721522630525295e-31,0.99999999999999745,7.2424004571714789e-08],"ln":211.71332893323958,"lt":[-51.042950237978076,-5.9428460854656651],"lt_start":[-0.097040503865221894,-0.73660022047532414],"q":0.021171332893311384,"ut":[275.75905633092952,-5.6695203371007139],"gn":0.021171332893323958,"gt":[-0.50945909734112849,-0.052062458649903408],"b":63.513960960144608,"constant_n":10000000000,"constant_t":100,"mu":0.29999999999999999,"normal_mode":1,"tangent_mode":1,"normal_inverse_stiffness":0.0001,"tangent_inverse_stiffness":0.01,"p0":0,"beta":0,"iwan":1,"rn":3.7719827261639693e-05,"rt":[-114.54345677524297,-4.6355946339261589]}
MORTAR_OBSERVER {"kind":"POST_RAW_AFTER_ACTIVE_LOOP","call_id":13,"pair":0,"slot":0,"node":1,"activity":0,"lambda_raw":[0,0,0],"gap":0.0027319177533088879}
MORTAR_OBSERVER {"kind":"POST_RAW_AFTER_ACTIVE_LOOP","call_id":13,"pair":0,"slot":1,"node":2,"activity":0,"lambda_raw":[0,0,0],"gap":15.344529107365769}
MORTAR_OBSERVER {"kind":"POST_RAW_AFTER_ACTIVE_LOOP","call_id":13,"pair":0,"slot":2,"node":3,"activity":0,"lambda_raw":[0,0,0],"gap":19.446147192323647}
MORTAR_OBSERVER {"kind":"POST_RAW_AFTER_ACTIVE_LOOP","call_id":13,"pair":0,"slot":3,"node":4,"activity":2,"lambda_raw":[0.053068733049547165,-0.0075918067229001135,-0.5536419499213312],"gap":-0.036909497269225509}
MORTAR_OBSERVER {"kind":"POST_RAW_AFTER_ACTIVE_LOOP","call_id":13,"pair":0,"slot":4,"node":17,"activity":0,"lambda_raw":[0,0,0],"gap":11.420523286784352}
MORTAR_OBSERVER {"kind":"POST_RAW_AFTER_ACTIVE_LOOP","call_id":13,"pair":0,"slot":5,"node":18,"activity":0,"lambda_raw":[0,0,0],"gap":19.120713676345044}
MORTAR_OBSERVER {"kind":"POST_RAW_AFTER_ACTIVE_LOOP","call_id":13,"pair":0,"slot":6,"node":19,"activity":0,"lambda_raw":[0,0,0],"gap":17.399348699437933}
MORTAR_OBSERVER {"kind":"POST_RAW_AFTER_ACTIVE_LOOP","call_id":13,"pair":0,"slot":7,"node":23,"activity":0,"lambda_raw":[0,0,0],"gap":0.043348912929022307}
MORTAR_OBSERVER {"kind":"POST_RAW_AFTER_ACTIVE_LOOP","call_id":13,"pair":0,"slot":8,"node":24,"activity":2,"lambda_raw":[-0.051042904881779545,-0.005942825851095599,-0.21171315554271319],"gap":-0.021171332893311384}
MORTAR_OBSERVER {"kind":"SUMMARY_PRE_OVERRIDE","call_id":13,"ndiverg":14,"flag":1,"keepset":0,"max_n":130.04673878707285,"max_t":[114.54345677524297,6.5169795078781414],"lm_t_av":[86.42215345376502,11.004080487818086],"nstick":0,"nslip":2,"ninactive":7,"nnogap":0,"nolm":0}
MORTAR_OBSERVER {"kind":"SUMMARY_POST_OVERRIDE","call_id":13,"flag":1}
MORTAR_OBSERVER {"kind":"RETURN","call_id":13}
 Using up to 2 cpu(s) for the stress calculation.

 average force= 48.056188
 time avg. forc= 48.056188
 largest residual force= 723.217515 in node 23 and dof 3
 largest increment of disp= 1.730781e-01
 largest correction to disp= 3.161523e-02 in node 17 and dof 1

MORTAR_OBSERVER {"kind":"PRE_CHECK","call_id":13,"step":2,"inc":1,"cutback":0,"iteration":5,"time":0.25,"dtime":0.25,"ttime":1,"tper":1,"theta":0,"dtheta":0.25,"icntrl":0,"nmethod":1,"iexpl":0,"ithermal":0,"uncoupled":0,"mortar":2,"iflagdualquad":2}
 no convergence

MORTAR_OBSERVER {"kind":"POST_CHECK","call_id":13,"step":2,"inc":1,"cutback":0,"iteration":6,"time":0.25,"dtime":0.25,"ttime":1,"tper":1,"theta":0,"dtheta":0.25,"icntrl":0,"nmethod":1,"iexpl":0,"ithermal":0,"uncoupled":0,"mortar":2,"iflagdualquad":2}
 iteration 6

 Determining the structure of the matrix:

 Using up to 2 cpu(s) for setting up the structure of the matrix.
 number of equations
 75
 number of nonzero lower triangular matrix elements
 1143

 Using up to 2 cpu(s) for the stress calculation.

 Using up to 2 cpu(s) for the symmetric stiffness/mass contributions.

 Using up to 2 cpu(s) for the stress calculation.

 Using up to 2 cpu(s) for the symmetric stiffness/mass contributions.

 Factoring the system of equations using the unsymmetric spooles solver
 Using 1 cpu for spooles.

MORTAR_OBSERVER {"kind":"BEGIN","call_id":14,"step":2,"inc":1,"cutback":0,"iteration":6,"time":0.25,"dtime":0.25,"ttime":1,"tper":1,"theta":0,"dtheta":0.25,"icntrl":0,"nmethod":1,"iexpl":0,"ithermal":0,"uncoupled":0,"mortar":2,"iflagdualquad":2}
MORTAR_OBSERVER {"kind":"INVENTORY","call_id":14,"pair_count":1,"slave_count":9}
MORTAR_OBSERVER {"kind":"PAIR","call_id":14,"pair":0,"start":0,"end":9}
MORTAR_OBSERVER {"kind":"PRE_RAW","call_id":14,"pair":0,"slot":0,"node":1,"activity":0,"lambda_raw":[-7.7058301550830481e-15,-1.598053815875193e-15,-8.4199250657200656e-16],"lambda_start":[0.00050771518908920529,0.00050771518909969321,-0.013186514357202705],"ddtil_count":1}
MORTAR_OBSERVER {"kind":"DDTIL","call_id":14,"pair":0,"column_slot":0,"source_slot":0,"destination_slot":0,"entry":0,"value":1333.3343393655837}
MORTAR_OBSERVER {"kind":"PRE_RAW","call_id":14,"pair":0,"slot":1,"node":2,"activity":0,"lambda_raw":[2.5779354800106783e-15,2.00839159489204e-15,9.3258647855683461e-17],"lambda_start":[-6.5538309315043666e-05,0.00026092037294276585,-0.012777594587534601],"ddtil_count":1}
MORTAR_OBSERVER {"kind":"DDTIL","call_id":14,"pair":0,"column_slot":1,"source_slot":1,"destination_slot":1,"entry":1,"value":666.6672829657565}
MORTAR_OBSERVER {"kind":"PRE_RAW","call_id":14,"pair":0,"slot":2,"node":3,"activity":0,"lambda_raw":[-4.4594594501682571e-15,1.7024333126472941e-15,-3.0565518576784999e-15],"lambda_start":[0.00010155868155003408,0.00010155868154907331,-0.0125689875371119],"ddtil_count":1}
MORTAR_OBSERVER {"kind":"DDTIL","call_id":14,"pair":0,"column_slot":2,"source_slot":2,"destination_slot":2,"entry":2,"value":1333.33470804888}
MORTAR_OBSERVER {"kind":"PRE_RAW","call_id":14,"pair":0,"slot":3,"node":4,"activity":2,"lambda_raw":[-0.057987842948131342,0.0010786250801302073,0.0034307461428393052],"lambda_start":[0.00026092037297979141,-6.5538309317234351e-05,-0.012777594587533964],"ddtil_count":1}
MORTAR_OBSERVER {"kind":"DDTIL","call_id":14,"pair":0,"column_slot":3,"source_slot":3,"destination_slot":3,"entry":3,"value":666.66728296575695}
MORTAR_OBSERVER {"kind":"PRE_RAW","call_id":14,"pair":0,"slot":4,"node":17,"activity":0,"lambda_raw":[3.2684938888626232e-15,2.7728907394100841e-15,-1.0077264038868295e-14],"lambda_start":[-0.0007365987945344057,-9.7040249850901462e-05,-0.011300302693721054],"ddtil_count":1}
MORTAR_OBSERVER {"kind":"DDTIL","call_id":14,"pair":0,"column_slot":4,"source_slot":4,"destination_slot":4,"entry":4,"value":1000.0008247327145}
MORTAR_OBSERVER {"kind":"PRE_RAW","call_id":14,"pair":0,"slot":5,"node":18,"activity":0,"lambda_raw":[-5.3368370565608141e-15,-3.1948719132934985e-15,-4.8415670314033812e-15],"lambda_start":[0.00031677884056088363,-0.00033175558754602565,-0.011646327674742232],"ddtil_count":1}
MORTAR_OBSERVER {"kind":"DDTIL","call_id":14,"pair":0,"column_slot":5,"source_slot":5,"destination_slot":5,"entry":5,"value":1000.0009411590161}
MORTAR_OBSERVER {"kind":"PRE_RAW","call_id":14,"pair":0,"slot":6,"node":19,"activity":0,"lambda_raw":[-1.1840934594244164e-15,-4.599368098792049e-16,2.4842328795828314e-15],"lambda_start":[-0.00016633402471439708,-0.00016633402470980207,-0.011364585339352794],"ddtil_count":1}
MORTAR_OBSERVER {"kind":"DDTIL","call_id":14,"pair":0,"column_slot":6,"source_slot":6,"destination_slot":6,"entry":6,"value":2000.0017392237551}
MORTAR_OBSERVER {"kind":"PRE_RAW","call_id":14,"pair":0,"slot":7,"node":23,"activity":0,"lambda_raw":[3.8369271619459482e-15,-4.6589355157378405e-15,1.4779274994162171e-15],"lambda_start":[-0.00033175558755821078,0.00031677884057350418,-0.011646327674742355],"ddtil_count":1}
MORTAR_OBSERVER {"kind":"DDTIL","call_id":14,"pair":0,"column_slot":7,"source_slot":7,"destination_slot":7,"entry":7,"value":1000.0009411590161}
MORTAR_OBSERVER {"kind":"PRE_RAW","call_id":14,"pair":0,"slot":8,"node":24,"activity":2,"lambda_raw":[-0.021454074805589137,-0.001902233192274061,-0.12228706535543207],"lambda_start":[-9.7040249858331947e-05,-0.00073659879456435451,-0.011300302693717842],"ddtil_count":1}
MORTAR_OBSERVER {"kind":"DDTIL","call_id":14,"pair":0,"column_slot":8,"source_slot":8,"destination_slot":8,"entry":8,"value":1000.0008247327135}
MORTAR_OBSERVER {"kind":"LAW","call_id":14,"pair":0,"slot":0,"node":1,"activity":0,"ndof":3,"normal":[7.4139640564509083e-08,7.413964056489398e-08,-0.99999999999999456],"tangents":[0.99999999999999722,-5.4966863030631521e-15,7.4139640564508898e-08,-7.8886090522101181e-31,0.99999999999999734,7.4139640564894179e-08],"ln":1.1226566027847736e-12,"lt":[-1.0274448042324434e-11,-2.1307401120940198e-12],"lt_start":[0.6769527927045591,0.67695279271854691],"q":2.6424877266380005,"ut":[180.55958484431997,3.179344987672144],"gn":1.1226566027847738e-16,"gt":[-0.0067695279271483355,-0.0067695279272067766],"b":7927463179.9140015,"constant_n":10000000000,"constant_t":100,"mu":0.29999999999999999,"normal_mode":1,"tangent_mode":1,"normal_inverse_stiffness":0.0001,"tangent_inverse_stiffness":0.01,"p0":0,"beta":0,"iwan":1,"rn":-7927463179.9140015,"rt":[-1.0274448042324434e-11,-2.1307401120940198e-12]}
MORTAR_OBSERVER {"kind":"LAW","call_id":14,"pair":0,"slot":1,"node":2,"activity":0,"ndof":3,"normal":[6.8387805827692747e-08,-4.1027950443498291e-08,-0.99999999999999689],"tangents":[0.99999999999999767,2.8058115084381685e-15,6.8387805827692694e-08,-3.944304526105059e-31,0.99999999999999922,-4.102795044349839e-08],"ln":-6.2172426779510562e-14,"lt":[1.7186252463715821e-12,1.3389289651471278e-12],"lt_start":[-0.043692829156205842,0.17394742559283358],"q":78.251330160855915,"ut":[90.320210568610491,1.2379855338282795],"gn":-6.2172426779510562e-18,"gt":[0.00043692829157924469,-0.0017394742559149465],"b":234753990482.56775,"constant_n":10000000000,"constant_t":100,"mu":0.29999999999999999,"normal_mode":1,"tangent_mode":1,"normal_inverse_stiffness":0.0001,"tangent_inverse_stiffness":0.01,"p0":0,"beta":0,"iwan":1,"rn":-234753990482.56775,"rt":[1.7186252463715821e-12,1.3389289651471278e-12]}
MORTAR_OBSERVER {"kind":"LAW","call_id":14,"pair":0,"slot":2,"node":3,"activity":0,"ndof":3,"normal":[-4.5208292547312871e-08,-4.52082925469361e-08,-0.999999999999998],"tangents":[0.999999999999999,-2.0437897150263934e-15,-4.5208292547312824e-08,3.944304526105059e-31,0.999999999999999,-4.5208292546936146e-08],"ln":4.0754068449814469e-12,"lt":[-5.9459518798037339e-12,2.2699136081334424e-12],"lt_start":[0.13541247264507875,0.13541247264379797],"q":153.60551306472325,"ut":[181.38465496274537,2.4474546716553038],"gn":4.0754068449814472e-16,"gt":[-0.0013541247265102469,-0.0013541247264152805],"b":460816539194.1698,"constant_n":10000000000,"constant_t":100,"mu":0.29999999999999999,"normal_mode":1,"tangent_mode":1,"normal_inverse_stiffness":0.0001,"tangent_inverse_stiffness":0.01,"p0":0,"beta":0,"iwan":1,"rn":-460816539194.1698,"rt":[-5.9459518798037339e-12,2.2699136081334424e-12]}
MORTAR_OBSERVER {"kind":"LAW","call_id":14,"pair":0,"slot":3,"node":4,"activity":2,"ndof":3,"normal":[-4.1027950443876154e-08,6.8387805828061921e-08,-0.99999999999999689],"tangents":[0.99999999999999922,2.8058115084791518e-15,-4.1027950443876068e-08,3.944304526105059e-31,0.99999999999999778,6.8387805828061987e-08],"ln":-2.2871645743323121,"lt":[-38.658597797113465,0.71908420792340433],"lt_start":[0.1739474256175173,-0.043692829157666827],"q":-0.00022871645742334606,"ut":[91.037441648555344,1.5468850244188324],"gn":-0.00022871645743323122,"gt":[-0.38832545222730985,0.0076277703708107119],"b":-0.68611971682240103,"constant_n":10000000000,"constant_t":100,"mu":0.29999999999999999,"normal_mode":1,"tangent_mode":1,"normal_inverse_stiffness":0.0001,"tangent_inverse_stiffness":0.01,"p0":0,"beta":0,"iwan":1,"rn":-0.68614937229969364,"rt":[-37.972577047185489,0.73073738262846644]}
MORTAR_OBSERVER {"kind":"LAW","call_id":14,"pair":0,"slot":4,"node":17,"activity":0,"ndof":3,"normal":[7.2424004571337343e-08,1.5395559165892368e-08,-0.99999999999999734],"tangents":[0.99999999999999745,-1.1150080474088865e-15,7.2424004571337343e-08,-0,1,1.5395559165892408e-08],"ln":1.0077272629325444e-11,"lt":[3.2684958546600299e-12,2.7728928711585477e-12],"lt_start":[-0.73660022044537588,-0.097040503857792323],"q":59.710340426559149,"ut":[135.4812642766197,2.1314897710228493],"gn":1.0077272629325445e-15,"gt":[0.0073660022044864442,0.00097040503860565223],"b":179131021279.67746,"constant_n":10000000000,"constant_t":100,"mu":0.29999999999999999,"normal_mode":1,"tangent_mode":1,"normal_inverse_stiffness":0.0001,"tangent_inverse_stiffness":0.01,"p0":0,"beta":0,"iwan":1,"rn":-179131021279.67746,"rt":[3.2684958546600299e-12,2.7728928711585477e-12]}
MORTAR_OBSERVER {"kind":"LAW","call_id":14,"pair":0,"slot":5,"node":18,"activity":0,"ndof":3,"normal":[1.196430858954852e-08,-4.3492668962924582e-08,-0.999999999999999],"tangents":[1,5.2035971285550893e-16,1.196430858954851e-08,-0,0.99999999999999911,-4.3492668962924588e-08],"ln":4.8415716631898509e-12,"lt":[-5.3368421372991859e-12,-3.1948747096031315e-12],"lt_start":[0.31677899935975595,-0.33175539325043679],"q":116.239439694135,"ut":[135.72790295029711,1.883930216828487],"gn":4.8415716631898508e-16,"gt":[-0.0031677899936509279,0.0033175539324724192],"b":348718319082.40503,"constant_n":10000000000,"constant_t":100,"mu":0.29999999999999999,"normal_mode":1,"tangent_mode":1,"normal_inverse_stiffness":0.0001,"tangent_inverse_stiffness":0.01,"p0":0,"beta":0,"iwan":1,"rn":-348718319082.40503,"rt":[-5.3368421372991859e-12,-3.1948747096031315e-12]}
MORTAR_OBSERVER {"kind":"LAW","call_id":14,"pair":0,"slot":6,"node":19,"activity":0,"ndof":3,"normal":[1.446566586541265e-08,1.4465665865794023e-08,-0.99999999999999978],"tangents":[0.99999999999999989,-2.0925548893528156e-16,1.4465665865412648e-08,-0,0.99999999999999989,1.4465665865794025e-08],"ln":-4.9684701273665264e-12,"lt":[-2.3681889063800768e-12,-9.1987434781920726e-13],"lt_start":[-0.33266866751375551,-0.33266866750456553],"q":117.12544745284903,"ut":[271.51498674503233,4.1584009345761777],"gn":-4.9684701273665267e-16,"gt":[0.0033266866751138734,0.0033266866750364566],"b":351376342358.54706,"constant_n":10000000000,"constant_t":100,"mu":0.29999999999999999,"normal_mode":1,"tangent_mode":1,"normal_inverse_stiffness":0.0001,"tangent_inverse_stiffness":0.01,"p0":0,"beta":0,"iwan":1,"rn":-351376342358.54706,"rt":[-2.3681889063800768e-12,-9.1987434781920726e-13]}
MORTAR_OBSERVER {"kind":"LAW","call_id":14,"pair":0,"slot":7,"node":23,"activity":0,"ndof":3,"normal":[-4.3492668963301889e-08,1.1964308589921484e-08,-0.999999999999999],"tangents":[0.99999999999999911,5.2035971287624483e-16,-4.3492668963301889e-08,-0,1,1.1964308589921497e-08],"ln":-1.4779291130003613e-12,"lt":[3.8369307088254633e-12,-4.6589398828546085e-12],"lt_start":[-0.33175539326262177,0.31677899937237669],"q":57.766457923543612,"ut":[136.0761784614744,1.916304214509517],"gn":-1.4779291130003614e-16,"gt":[0.003317553932664587,-0.0031677899937703562],"b":173299373770.63083,"constant_n":10000000000,"constant_t":100,"mu":0.29999999999999999,"normal_mode":1,"tangent_mode":1,"normal_inverse_stiffness":0.0001,"tangent_inverse_stiffness":0.01,"p0":0,"beta":0,"iwan":1,"rn":-173299373770.63083,"rt":[3.8369307088254633e-12,-4.6589398828546085e-12]}
MORTAR_OBSERVER {"kind":"LAW","call_id":14,"pair":0,"slot":8,"node":24,"activity":2,"ndof":3,"normal":[1.539555916551032e-08,7.2424004571714789e-08,-0.99999999999999734],"tangents":[0.99999999999999989,-1.1150080473870252e-15,1.5395559165510284e-08,-1.9721522630525295e-31,0.99999999999999745,7.2424004571714789e-08],"ln":122.28716574150977,"lt":[-21.454094382145762,-1.902243617634283],"lt_start":[-0.097040503865221894,-0.73660022047532414],"q":0.012228716574144802,"ut":[135.85587462425971,2.4520523896096416],"gn":0.012228716574150977,"gt":[-0.21357053878280538,-0.011656433971589589],"b":36.686131195606208,"constant_n":10000000000,"constant_t":100,"mu":0.29999999999999999,"normal_mode":1,"tangent_mode":1,"normal_inverse_stiffness":0.0001,"tangent_inverse_stiffness":0.01,"p0":0,"beta":0,"iwan":1,"rn":1.85268467234323e-05,"rt":[-58.134287277820242,-2.5622975831116217]}
MORTAR_OBSERVER {"kind":"POST_RAW_AFTER_ACTIVE_LOOP","call_id":14,"pair":0,"slot":0,"node":1,"activity":1,"lambda_raw":[-7.7058301550830481e-15,-1.598053815875193e-15,-8.4199250657200656e-16],"gap":-2.6424877266380005}
MORTAR_OBSERVER {"kind":"POST_RAW_AFTER_ACTIVE_LOOP","call_id":14,"pair":0,"slot":1,"node":2,"activity":1,"lambda_raw":[2.5779354800106783e-15,2.00839159489204e-15,9.3258647855683461e-17],"gap":-78.251330160855915}
MORTAR_OBSERVER {"kind":"POST_RAW_AFTER_ACTIVE_LOOP","call_id":14,"pair":0,"slot":2,"node":3,"activity":1,"lambda_raw":[-4.4594594501682571e-15,1.7024333126472941e-15,-3.0565518576784999e-15],"gap":-153.60551306472325}
MORTAR_OBSERVER {"kind":"POST_RAW_AFTER_ACTIVE_LOOP","call_id":14,"pair":0,"slot":3,"node":4,"activity":0,"lambda_raw":[0,0,0],"gap":0.00022871645742334606}
MORTAR_OBSERVER {"kind":"POST_RAW_AFTER_ACTIVE_LOOP","call_id":14,"pair":0,"slot":4,"node":17,"activity":1,"lambda_raw":[3.2684938888626232e-15,2.7728907394100841e-15,-1.0077264038868295e-14],"gap":-59.710340426559149}
MORTAR_OBSERVER {"kind":"POST_RAW_AFTER_ACTIVE_LOOP","call_id":14,"pair":0,"slot":5,"node":18,"activity":1,"lambda_raw":[-5.3368370565608141e-15,-3.1948719132934985e-15,-4.8415670314033812e-15],"gap":-116.239439694135}
MORTAR_OBSERVER {"kind":"POST_RAW_AFTER_ACTIVE_LOOP","call_id":14,"pair":0,"slot":6,"node":19,"activity":1,"lambda_raw":[-1.1840934594244164e-15,-4.599368098792049e-16,2.4842328795828314e-15],"gap":-117.12544745284903}
MORTAR_OBSERVER {"kind":"POST_RAW_AFTER_ACTIVE_LOOP","call_id":14,"pair":0,"slot":7,"node":23,"activity":1,"lambda_raw":[3.8369271619459482e-15,-4.6589355157378405e-15,1.4779274994162171e-15],"gap":-57.766457923543612}
MORTAR_OBSERVER {"kind":"POST_RAW_AFTER_ACTIVE_LOOP","call_id":14,"pair":0,"slot":8,"node":24,"activity":2,"lambda_raw":[-0.021454074805589137,-0.001902233192274061,-0.12228706535543207],"gap":-0.012228716574144802}
MORTAR_OBSERVER {"kind":"SUMMARY_PRE_OVERRIDE","call_id":14,"ndiverg":14,"flag":1,"keepset":0,"max_n":460816539194.1698,"max_t":[58.134287277820242,2.5622975831116217],"lm_t_av":[21.454094382178511,1.9022436176515691],"nstick":7,"nslip":1,"ninactive":1,"nnogap":0,"nolm":0}
MORTAR_OBSERVER {"kind":"SUMMARY_POST_OVERRIDE","call_id":14,"flag":1}
MORTAR_OBSERVER {"kind":"RETURN","call_id":14}
 Using up to 2 cpu(s) for the stress calculation.

 average force= 12.117915
 time avg. forc= 12.117915
 largest residual force= 43.647525 in node 31 and dof 3
 largest increment of disp= 1.730781e-01
 largest correction to disp= 1.407229e-01 in node 6 and dof 3

MORTAR_OBSERVER {"kind":"PRE_CHECK","call_id":14,"step":2,"inc":1,"cutback":0,"iteration":6,"time":0.25,"dtime":0.25,"ttime":1,"tper":1,"theta":0,"dtheta":0.25,"icntrl":0,"nmethod":1,"iexpl":0,"ithermal":0,"uncoupled":0,"mortar":2,"iflagdualquad":2}
 no convergence

MORTAR_OBSERVER {"kind":"POST_CHECK","call_id":14,"step":2,"inc":1,"cutback":0,"iteration":7,"time":0.25,"dtime":0.25,"ttime":1,"tper":1,"theta":0,"dtheta":0.25,"icntrl":0,"nmethod":1,"iexpl":0,"ithermal":0,"uncoupled":0,"mortar":2,"iflagdualquad":2}
 iteration 7

 Determining the structure of the matrix:

 Using up to 2 cpu(s) for setting up the structure of the matrix.
 number of equations
 75
 number of nonzero lower triangular matrix elements
 1143

 Using up to 2 cpu(s) for the stress calculation.

 Using up to 2 cpu(s) for the symmetric stiffness/mass contributions.

 Using up to 2 cpu(s) for the stress calculation.

 Using up to 2 cpu(s) for the symmetric stiffness/mass contributions.

 Factoring the system of equations using the unsymmetric spooles solver
 Using 1 cpu for spooles.

MORTAR_OBSERVER {"kind":"BEGIN","call_id":15,"step":2,"inc":1,"cutback":0,"iteration":7,"time":0.25,"dtime":0.25,"ttime":1,"tper":1,"theta":0,"dtheta":0.25,"icntrl":0,"nmethod":1,"iexpl":0,"ithermal":0,"uncoupled":0,"mortar":2,"iflagdualquad":2}
MORTAR_OBSERVER {"kind":"INVENTORY","call_id":15,"pair_count":1,"slave_count":9}
MORTAR_OBSERVER {"kind":"PAIR","call_id":15,"pair":0,"start":0,"end":9}
MORTAR_OBSERVER {"kind":"PRE_RAW","call_id":15,"pair":0,"slot":0,"node":1,"activity":1,"lambda_raw":[0.57745663414841619,0.044715454756225216,1.1417068091360127],"lambda_start":[0.00050771518908920529,0.00050771518909969321,-0.013186514357202705],"ddtil_count":1}
MORTAR_OBSERVER {"kind":"DDTIL","call_id":15,"pair":0,"column_slot":0,"source_slot":0,"destination_slot":0,"entry":0,"value":1333.3343393655837}
MORTAR_OBSERVER {"kind":"PRE_RAW","call_id":15,"pair":0,"slot":1,"node":2,"activity":1,"lambda_raw":[0.61341928107554611,-0.04646103229590022,-2.0642433505437827],"lambda_start":[-6.5538309315043666e-05,0.00026092037294276585,-0.012777594587534601],"ddtil_count":1}
MORTAR_OBSERVER {"kind":"DDTIL","call_id":15,"pair":0,"column_slot":1,"source_slot":1,"destination_slot":1,"entry":1,"value":666.6672829657565}
MORTAR_OBSERVER {"kind":"PRE_RAW","call_id":15,"pair":0,"slot":2,"node":3,"activity":1,"lambda_raw":[0.62916154084106868,0.011375372897837121,-1.0410542067112081],"lambda_start":[0.00010155868155003408,0.00010155868154907331,-0.0125689875371119],"ddtil_count":1}
MORTAR_OBSERVER {"kind":"DDTIL","call_id":15,"pair":0,"column_slot":2,"source_slot":2,"destination_slot":2,"entry":2,"value":1333.33470804888}
MORTAR_OBSERVER {"kind":"PRE_RAW","call_id":15,"pair":0,"slot":3,"node":4,"activity":0,"lambda_raw":[4.1993036863016295e-15,2.5746048140158309e-15,-4.7242166470893327e-15],"lambda_start":[0.00026092037297979141,-6.5538309317234351e-05,-0.012777594587533964],"ddtil_count":1}
MORTAR_OBSERVER {"kind":"DDTIL","call_id":15,"pair":0,"column_slot":3,"source_slot":3,"destination_slot":3,"entry":3,"value":666.66728296575695}
MORTAR_OBSERVER {"kind":"PRE_RAW","call_id":15,"pair":0,"slot":4,"node":17,"activity":1,"lambda_raw":[0.30382217480738755,-0.023965781110567349,-0.33879191038216822],"lambda_start":[-0.0007365987945344057,-9.7040249850901462e-05,-0.011300302693721054],"ddtil_count":1}
MORTAR_OBSERVER {"kind":"DDTIL","call_id":15,"pair":0,"column_slot":4,"source_slot":4,"destination_slot":4,"entry":4,"value":1000.0008247327145}
MORTAR_OBSERVER {"kind":"PRE_RAW","call_id":15,"pair":0,"slot":5,"node":18,"activity":1,"lambda_raw":[0.72643297876815938,-0.01808626413620305,-1.8158969669852132],"lambda_start":[0.00031677884056088363,-0.00033175558754602565,-0.011646327674742232],"ddtil_count":1}
MORTAR_OBSERVER {"kind":"DDTIL","call_id":15,"pair":0,"column_slot":5,"source_slot":5,"destination_slot":5,"entry":5,"value":1000.0009411590161}
MORTAR_OBSERVER {"kind":"PRE_RAW","call_id":15,"pair":0,"slot":6,"node":19,"activity":1,"lambda_raw":[0.68022724425153347,0.014027261112389049,0.1343894311490334],"lambda_start":[-0.00016633402471439708,-0.00016633402470980207,-0.011364585339352794],"ddtil_count":1}
MORTAR_OBSERVER {"kind":"DDTIL","call_id":15,"pair":0,"column_slot":6,"source_slot":6,"destination_slot":6,"entry":6,"value":2000.0017392237551}
MORTAR_OBSERVER {"kind":"PRE_RAW","call_id":15,"pair":0,"slot":7,"node":23,"activity":1,"lambda_raw":[0.40269491988327666,0.18055099406786493,0.79647400801770174],"lambda_start":[-0.00033175558755821078,0.00031677884057350418,-0.011646327674742355],"ddtil_count":1}
MORTAR_OBSERVER {"kind":"DDTIL","call_id":15,"pair":0,"column_slot":7,"source_slot":7,"destination_slot":7,"entry":7,"value":1000.0009411590161}
MORTAR_OBSERVER {"kind":"PRE_RAW","call_id":15,"pair":0,"slot":8,"node":24,"activity":2,"lambda_raw":[-0.65600686585087931,-0.01105818959615699,2.2113955069069329],"lambda_start":[-9.7040249858331947e-05,-0.00073659879456435451,-0.011300302693717842],"ddtil_count":1}
MORTAR_OBSERVER {"kind":"DDTIL","call_id":15,"pair":0,"column_slot":8,"source_slot":8,"destination_slot":8,"entry":8,"value":1000.0008247327135}
MORTAR_OBSERVER {"kind":"LAW","call_id":15,"pair":0,"slot":0,"node":1,"activity":1,"ndof":3,"normal":[7.4139640564509083e-08,7.413964056489398e-08,-0.99999999999999456],"tangents":[0.99999999999999722,-5.4966863030631521e-15,7.4139640564508898e-08,-7.8886090522101181e-31,0.99999999999999734,7.4139640564894179e-08],"ln":-1522.2768326050129,"lt":[769.94287266561128,59.620764187884809],"lt_start":[0.6769527927045591,0.67695279271854691],"q":-0.15222768326039615,"ut":[188.25902397299149,3.7755528130957741],"gn":-0.15222768326050129,"gt":[7.6926591987290669,0.58943811395166268],"b":-456.68273436714259,"constant_n":10000000000,"constant_t":100,"mu":0.29999999999999999,"normal_mode":1,"tangent_mode":1,"normal_inverse_stiffness":0.0001,"tangent_inverse_stiffness":0.01,"p0":0,"beta":0,"iwan":1,"rn":-456.68304978150388,"rt":[180.56636477426241,3.1861146991441114]}
MORTAR_OBSERVER {"kind":"LAW","call_id":15,"pair":0,"slot":1,"node":2,"activity":1,"ndof":3,"normal":[6.8387805827692747e-08,-4.1027950443498291e-08,-0.99999999999999689],"tangents":[0.99999999999999767,2.8058115084381685e-15,6.8387805827692694e-08,-3.944304526105059e-31,0.99999999999999922,-4.102795044349839e-08],"ln":1376.163535124909,"lt":[408.9464713206383,-30.973993703323917],"lt_start":[-0.043692829156205842,0.17394742559283358],"q":0.13761635351247037,"ut":[94.409675122976381,0.92824559461476441],"gn":0.13761635351249091,"gt":[4.0899016414979448,-0.31147941128916751],"b":412.8489989200948,"constant_n":10000000000,"constant_t":100,"mu":0.29999999999999999,"normal_mode":1,"tangent_mode":1,"normal_inverse_stiffness":0.0001,"tangent_inverse_stiffness":0.01,"p0":0,"beta":0,"iwan":1,"rn":6.1617377866696188e-05,"rt":[90.319773481478435,1.239725005903932]}
MORTAR_OBSERVER {"kind":"LAW","call_id":15,"pair":0,"slot":2,"node":3,"activity":1,"ndof":3,"normal":[-4.5208292547312871e-08,-4.52082925469361e-08,-0.999999999999998],"tangents":[0.999999999999999,-2.0437897150263934e-15,-4.5208292547312824e-08,3.944304526105059e-31,0.999999999999999,-4.5208292546936146e-08],"ln":1388.0736681581975,"lt":[838.88298212535119,15.167242254126995],"lt_start":[0.13541247264507875,0.13541247264379797],"q":0.13880736681585404,"ut":[189.77348462008743,2.5991270919836476],"gn":0.13880736681581976,"gt":[8.387475696527062,0.15031829781483197],"b":416.42220328186687,"constant_n":10000000000,"constant_t":100,"mu":0.29999999999999999,"normal_mode":1,"tangent_mode":1,"normal_inverse_stiffness":0.0001,"tangent_inverse_stiffness":0.01,"p0":0,"beta":0,"iwan":1,"rn":-0.00010283440764169427,"rt":[181.38600892356038,2.4488087941688157]}
MORTAR_OBSERVER {"kind":"LAW","call_id":15,"pair":0,"slot":3,"node":4,"activity":0,"ndof":3,"normal":[-4.1027950443876154e-08,6.8387805828061921e-08,-0.99999999999999689],"tangents":[0.99999999999999922,2.8058115084791518e-15,-4.1027950443876068e-08,3.944304526105059e-31,0.99999999999999778,6.8387805828061987e-08],"ln":3.1494806787784702e-12,"lt":[2.7995385081115346e-12,1.7164045806844153e-12],"lt_start":[0.1739474256175173,-0.043692829157666827],"q":-16.042636429552179,"ut":[98.829124217366925,6.0074066446694623],"gn":3.1494806787784704e-16,"gt":[-0.0017394742561471777,0.00043692829159383231],"b":-48127909288.656532,"constant_n":10000000000,"constant_t":100,"mu":0.29999999999999999,"normal_mode":1,"tangent_mode":1,"normal_inverse_stiffness":0.0001,"tangent_inverse_stiffness":0.01,"p0":0,"beta":0,"iwan":1,"rn":9.4484420363354093e-13,"rt":[2.7995385081115346e-12,1.7164045806844153e-12]}
MORTAR_OBSERVER {"kind":"LAW","call_id":15,"pair":0,"slot":4,"node":17,"activity":1,"ndof":3,"normal":[7.2424004571337343e-08,1.5395559165892368e-08,-0.99999999999999734],"tangents":[0.99999999999999745,-1.1150080474088865e-15,7.2424004571337343e-08,-0,1,1.5395559165892408e-08],"ln":338.79221143000899,"lt":[303.82240084278664,-23.965806091826263],"lt_start":[-0.73660022044537588,-0.097040503857792323],"q":0.033879221142989024,"ut":[138.51948820818072,1.8918317088956651],"gn":0.033879221143000904,"gt":[3.0455900106323202,-0.23868765587968471],"b":101.63762779084361,"constant_n":10000000000,"constant_t":100,"mu":0.29999999999999999,"normal_mode":1,"tangent_mode":1,"normal_inverse_stiffness":0.0001,"tangent_inverse_stiffness":0.01,"p0":0,"beta":0,"iwan":1,"rn":3.5638159090467525e-05,"rt":[135.47389819754841,2.13051936477535]}
MORTAR_OBSERVER {"kind":"LAW","call_id":15,"pair":0,"slot":5,"node":18,"activity":1,"ndof":3,"normal":[1.196430858954852e-08,-4.3492668962924582e-08,-0.999999999999999],"tangents":[1,5.2035971285550893e-16,1.196430858954851e-08,-0,0.99999999999999911,-4.3492668962924588e-08],"ln":1815.898685510911,"lt":[726.4336407311348,-18.086202179973604],"lt_start":[0.31677899935975595,-0.33175539325043679],"q":0.18158986855114279,"ut":[142.99223914556876,1.7030681920908854],"gn":0.1815898685510911,"gt":[7.2611686173177512,-0.17754446786723169],"b":544.76976069591865,"constant_n":10000000000,"constant_t":100,"mu":0.29999999999999999,"normal_mode":1,"tangent_mode":1,"normal_inverse_stiffness":0.0001,"tangent_inverse_stiffness":0.01,"p0":0,"beta":0,"iwan":1,"rn":-0.0001550426453604814,"rt":[135.731070528251,1.8806126599581172]}
MORTAR_OBSERVER {"kind":"LAW","call_id":15,"pair":0,"slot":6,"node":19,"activity":1,"ndof":3,"normal":[1.446566586541265e-08,1.4465665865794023e-08,-0.99999999999999978],"tangents":[0.99999999999999989,-2.0925548893528156e-16,1.4465665865412648e-08,-0,0.99999999999999989,1.4465665865794025e-08],"ln":-268.77907594563294,"lt":[1360.4556754585174,28.054550509392435],"lt_start":[-0.33266866751375551,-0.33266866750456553],"q":-0.026877907594510475,"ut":[285.11954356192405,4.4389464406236883],"gn":-0.026877907594563294,"gt":[13.607883441260311,0.28387219176897005],"b":-80.633564327108687,"constant_n":10000000000,"constant_t":100,"mu":0.29999999999999999,"normal_mode":1,"tangent_mode":1,"normal_inverse_stiffness":0.0001,"tangent_inverse_stiffness":0.01,"p0":0,"beta":0,"iwan":1,"rn":-80.633722783689876,"rt":[271.51166012066375,4.1550742488547181]}
MORTAR_OBSERVER {"kind":"LAW","call_id":15,"pair":0,"slot":7,"node":23,"activity":1,"ndof":3,"normal":[-4.3492668963301889e-08,1.1964308589921484e-08,-0.999999999999999],"tangents":[0.99999999999999911,5.2035971287624483e-16,-4.3492668963301889e-08,-0,1,1.1964308589921497e-08],"ln":-796.47477298051808,"lt":[402.69526424241798,180.55117352433064],"lt_start":[-0.33175539326262177,0.31677899937237669],"q":-0.079647477298045999,"ut":[140.10313129151373,3.7218159523994268],"gn":-0.079647477298051814,"gt":[4.0302701963568062,1.8023439452495824],"b":-238.94241444977615,"constant_n":10000000000,"constant_t":100,"mu":0.29999999999999999,"normal_mode":1,"tangent_mode":1,"normal_inverse_stiffness":0.0001,"tangent_inverse_stiffness":0.01,"p0":0,"beta":0,"iwan":1,"rn":-238.94243189415542,"rt":[136.07286109515692,1.9194720071498443]}
MORTAR_OBSERVER {"kind":"LAW","call_id":15,"pair":0,"slot":8,"node":24,"activity":2,"ndof":3,"normal":[1.539555916551032e-08,7.2424004571714789e-08,-0.99999999999999734],"tangents":[0.99999999999999989,-1.1150080473870252e-15,1.5395559165510284e-08,-1.9721522630525295e-31,0.99999999999999745,7.2424004571714789e-08],"ln":-2211.3973416176241,"lt":[-656.00737283550325,-11.058038557957284],"lt_start":[-0.097040503865221894,-0.73660022047532414],"q":-0.22113973416179133,"ut":[152.91207064870588,4.8180459051250351],"gn":-0.22113973416176241,"gt":[-6.5591033233163811,-0.1032143833748196],"b":-663.4192892492166,"constant_n":10000000000,"constant_t":100,"mu":0.29999999999999999,"normal_mode":1,"tangent_mode":1,"normal_inverse_stiffness":0.0001,"tangent_inverse_stiffness":0.01,"p0":0,"beta":0,"iwan":1,"rn":-663.4192024852872,"rt":[7.0838432169626913,9.803230387092233]}
MORTAR_OBSERVER {"kind":"POST_RAW_AFTER_ACTIVE_LOOP","call_id":15,"pair":0,"slot":0,"node":1,"activity":0,"lambda_raw":[0,0,0],"gap":0.15222768326039615}
MORTAR_OBSERVER {"kind":"POST_RAW_AFTER_ACTIVE_LOOP","call_id":15,"pair":0,"slot":1,"node":2,"activity":2,"lambda_raw":[0.61341928107554611,-0.04646103229590022,-2.0642433505437827],"gap":-0.13761635351247037}
MORTAR_OBSERVER {"kind":"POST_RAW_AFTER_ACTIVE_LOOP","call_id":15,"pair":0,"slot":2,"node":3,"activity":2,"lambda_raw":[0.62916154084106868,0.011375372897837121,-1.0410542067112081],"gap":-0.13880736681585404}
MORTAR_OBSERVER {"kind":"POST_RAW_AFTER_ACTIVE_LOOP","call_id":15,"pair":0,"slot":3,"node":4,"activity":0,"lambda_raw":[0,0,0],"gap":16.042636429552179}
MORTAR_OBSERVER {"kind":"POST_RAW_AFTER_ACTIVE_LOOP","call_id":15,"pair":0,"slot":4,"node":17,"activity":2,"lambda_raw":[0.30382217480738755,-0.023965781110567349,-0.33879191038216822],"gap":-0.033879221142989024}
MORTAR_OBSERVER {"kind":"POST_RAW_AFTER_ACTIVE_LOOP","call_id":15,"pair":0,"slot":5,"node":18,"activity":2,"lambda_raw":[0.72643297876815938,-0.01808626413620305,-1.8158969669852132],"gap":-0.18158986855114279}
MORTAR_OBSERVER {"kind":"POST_RAW_AFTER_ACTIVE_LOOP","call_id":15,"pair":0,"slot":6,"node":19,"activity":0,"lambda_raw":[0,0,0],"gap":0.026877907594510475}
MORTAR_OBSERVER {"kind":"POST_RAW_AFTER_ACTIVE_LOOP","call_id":15,"pair":0,"slot":7,"node":23,"activity":0,"lambda_raw":[0,0,0],"gap":0.079647477298045999}
MORTAR_OBSERVER {"kind":"POST_RAW_AFTER_ACTIVE_LOOP","call_id":15,"pair":0,"slot":8,"node":24,"activity":0,"lambda_raw":[0,0,0],"gap":0.22113973416179133}
MORTAR_OBSERVER {"kind":"SUMMARY_PRE_OVERRIDE","call_id":15,"ndiverg":14,"flag":1,"keepset":0,"max_n":663.4192024852872,"max_t":[271.51166012066375,9.803230387092233],"lm_t_av":[2278.0854950199109,88.19324422925078],"nstick":0,"nslip":4,"ninactive":5,"nnogap":0,"nolm":0}
MORTAR_OBSERVER {"kind":"SUMMARY_POST_OVERRIDE","call_id":15,"flag":1}
MORTAR_OBSERVER {"kind":"RETURN","call_id":15}
 Using up to 2 cpu(s) for the stress calculation.

 average force= 451.940015
 time avg. forc= 451.940015
 largest residual force= 3689.456612 in node 24 and dof 3
 largest increment of disp= 1.730781e-01
 largest correction to disp= 9.819049e-02 in node 2 and dof 3

MORTAR_OBSERVER {"kind":"PRE_CHECK","call_id":15,"step":2,"inc":1,"cutback":0,"iteration":7,"time":0.25,"dtime":0.25,"ttime":1,"tper":1,"theta":0,"dtheta":0.25,"icntrl":0,"nmethod":1,"iexpl":0,"ithermal":0,"uncoupled":0,"mortar":2,"iflagdualquad":2}
 no convergence

MORTAR_OBSERVER {"kind":"POST_CHECK","call_id":15,"step":2,"inc":1,"cutback":0,"iteration":8,"time":0.25,"dtime":0.25,"ttime":1,"tper":1,"theta":0,"dtheta":0.25,"icntrl":0,"nmethod":1,"iexpl":0,"ithermal":0,"uncoupled":0,"mortar":2,"iflagdualquad":2}
 iteration 8

 Determining the structure of the matrix:

 Using up to 2 cpu(s) for setting up the structure of the matrix.
 number of equations
 75
 number of nonzero lower triangular matrix elements
 1143

 Using up to 2 cpu(s) for the stress calculation.

 Using up to 2 cpu(s) for the symmetric stiffness/mass contributions.

 Using up to 2 cpu(s) for the stress calculation.

 Using up to 2 cpu(s) for the symmetric stiffness/mass contributions.

 Factoring the system of equations using the unsymmetric spooles solver
 Using 1 cpu for spooles.

MORTAR_OBSERVER {"kind":"BEGIN","call_id":16,"step":2,"inc":1,"cutback":0,"iteration":8,"time":0.25,"dtime":0.25,"ttime":1,"tper":1,"theta":0,"dtheta":0.25,"icntrl":0,"nmethod":1,"iexpl":0,"ithermal":0,"uncoupled":0,"mortar":2,"iflagdualquad":2}
MORTAR_OBSERVER {"kind":"INVENTORY","call_id":16,"pair_count":1,"slave_count":9}
MORTAR_OBSERVER {"kind":"PAIR","call_id":16,"pair":0,"start":0,"end":9}
MORTAR_OBSERVER {"kind":"PRE_RAW","call_id":16,"pair":0,"slot":0,"node":1,"activity":0,"lambda_raw":[2.9842772384830613e-15,-1.9930708699869015e-15,4.4337833257462626e-15],"lambda_start":[0.00050771518908920529,0.00050771518909969321,-0.013186514357202705],"ddtil_count":1}
MORTAR_OBSERVER {"kind":"DDTIL","call_id":16,"pair":0,"column_slot":0,"source_slot":0,"destination_slot":0,"entry":0,"value":1333.3343393655837}
MORTAR_OBSERVER {"kind":"PRE_RAW","call_id":16,"pair":0,"slot":1,"node":2,"activity":2,"lambda_raw":[0.0017727312893793649,0.023725904751695052,0.0095161424792623937],"lambda_start":[-6.5538309315043666e-05,0.00026092037294276585,-0.012777594587534601],"ddtil_count":1}
MORTAR_OBSERVER {"kind":"DDTIL","call_id":16,"pair":0,"column_slot":1,"source_slot":1,"destination_slot":1,"entry":1,"value":666.6672829657565}
MORTAR_OBSERVER {"kind":"PRE_RAW","call_id":16,"pair":0,"slot":2,"node":3,"activity":2,"lambda_raw":[0.011166568597703512,-0.0098900104841739642,-0.036759141880129367],"lambda_start":[0.00010155868155003408,0.00010155868154907331,-0.0125689875371119],"ddtil_count":1}
MORTAR_OBSERVER {"kind":"DDTIL","call_id":16,"pair":0,"column_slot":2,"source_slot":2,"destination_slot":2,"entry":2,"value":1333.33470804888}
MORTAR_OBSERVER {"kind":"PRE_RAW","call_id":16,"pair":0,"slot":3,"node":4,"activity":0,"lambda_raw":[7.1559358899262778e-16,-2.0946558441585457e-15,9.0953826987250069e-15],"lambda_start":[0.00026092037297979141,-6.5538309317234351e-05,-0.012777594587533964],"ddtil_count":1}
MORTAR_OBSERVER {"kind":"DDTIL","call_id":16,"pair":0,"column_slot":3,"source_slot":3,"destination_slot":3,"entry":3,"value":666.66728296575695}
MORTAR_OBSERVER {"kind":"PRE_RAW","call_id":16,"pair":0,"slot":4,"node":17,"activity":2,"lambda_raw":[0.012885239772972143,0.0044228251350680809,-0.041983281694611414],"lambda_start":[-0.0007365987945344057,-9.7040249850901462e-05,-0.011300302693721054],"ddtil_count":1}
MORTAR_OBSERVER {"kind":"DDTIL","call_id":16,"pair":0,"column_slot":4,"source_slot":4,"destination_slot":4,"entry":4,"value":1000.0008247327145}
MORTAR_OBSERVER {"kind":"PRE_RAW","call_id":16,"pair":0,"slot":5,"node":18,"activity":2,"lambda_raw":[0.010882848064612642,-7.7541835701122611e-05,-0.035348511555925416],"lambda_start":[0.00031677884056088363,-0.00033175558754602565,-0.011646327674742232],"ddtil_count":1}
MORTAR_OBSERVER {"kind":"DDTIL","call_id":16,"pair":0,"column_slot":5,"source_slot":5,"destination_slot":5,"entry":5,"value":1000.0009411590161}
MORTAR_OBSERVER {"kind":"PRE_RAW","call_id":16,"pair":0,"slot":6,"node":19,"activity":0,"lambda_raw":[2.1600480383072741e-15,1.5099020004614994e-15,-7.1054211786423495e-16],"lambda_start":[-0.00016633402471439708,-0.00016633402470980207,-0.011364585339352794],"ddtil_count":1}
MORTAR_OBSERVER {"kind":"DDTIL","call_id":16,"pair":0,"column_slot":6,"source_slot":6,"destination_slot":6,"entry":6,"value":2000.0017392237551}
MORTAR_OBSERVER {"kind":"PRE_RAW","call_id":16,"pair":0,"slot":7,"node":23,"activity":0,"lambda_raw":[5.6843365362162194e-16,-7.3896374970810854e-16,-1.0231805765189196e-15],"lambda_start":[-0.00033175558755821078,0.00031677884057350418,-0.011646327674742355],"ddtil_count":1}
MORTAR_OBSERVER {"kind":"DDTIL","call_id":16,"pair":0,"column_slot":7,"source_slot":7,"destination_slot":7,"entry":7,"value":1000.0009411590161}
MORTAR_OBSERVER {"kind":"PRE_RAW","call_id":16,"pair":0,"slot":8,"node":24,"activity":0,"lambda_raw":[-4.3200962704966897e-15,2.0268214821697049e-15,-5.0022167342593244e-15],"lambda_start":[-9.7040249858331947e-05,-0.00073659879456435451,-0.011300302693717842],"ddtil_count":1}
MORTAR_OBSERVER {"kind":"DDTIL","call_id":16,"pair":0,"column_slot":8,"source_slot":8,"destination_slot":8,"entry":8,"value":1000.0008247327135}
MORTAR_OBSERVER {"kind":"LAW","call_id":16,"pair":0,"slot":0,"node":1,"activity":0,"ndof":3,"normal":[7.4139640564509083e-08,7.413964056489398e-08,-0.99999999999999456],"tangents":[0.99999999999999722,-5.4966863030631521e-15,7.4139640564508898e-08,-7.8886090522101181e-31,0.99999999999999734,7.4139640564894179e-08],"ln":-5.9117154635403484e-12,"lt":[3.9790397585490314e-12,-2.6574293934503003e-12],"lt_start":[0.6769527927045591,0.67695279271854691],"q":1.00539189620183,"ut":[333.80033710353325,-1.2879377749118559],"gn":-5.9117154635403489e-16,"gt":[-0.0067695279270058011,-0.0067695279272120433],"b":3016175688.6054921,"constant_n":10000000000,"constant_t":100,"mu":0.29999999999999999,"normal_mode":1,"tangent_mode":1,"normal_inverse_stiffness":0.0001,"tangent_inverse_stiffness":0.01,"p0":0,"beta":0,"iwan":1,"rn":-3016175688.6054921,"rt":[3.9790397585490314e-12,-2.6574293934503003e-12]}
MORTAR_OBSERVER {"kind":"LAW","call_id":16,"pair":0,"slot":1,"node":2,"activity":2,"ndof":3,"normal":[6.8387805827692747e-08,-4.1027950443498291e-08,-0.99999999999999689],"tangents":[0.99999999999999767,2.8058115084381685e-15,6.8387805827692694e-08,-3.944304526105059e-31,0.99999999999999922,-4.102795044349839e-08],"ln":-6.3441014190934117,"lt":[1.1818223859781023,15.817284196431405],"lt_start":[-0.043692829156205842,0.17394742559283358],"q":-0.00063441014188100886,"ut":[166.80916146448757,-0.88040709695255714],"gn":-0.00063441014190934123,"gt":[0.01225515215134308,0.15643336770838573],"b":-1.9031454286145093,"constant_n":10000000000,"constant_t":100,"mu":0.29999999999999999,"normal_mode":1,"tangent_mode":1,"normal_inverse_stiffness":0.0001,"tangent_inverse_stiffness":0.01,"p0":0,"beta":0,"iwan":1,"rn":-1.9032304257280235,"rt":[3.0849414121159708,15.80725948654255]}
MORTAR_OBSERVER {"kind":"LAW","call_id":16,"pair":0,"slot":2,"node":3,"activity":2,"ndof":3,"normal":[-4.5208292547312871e-08,-4.52082925469361e-08,-0.999999999999998],"tangents":[0.999999999999999,-2.0437897150263934e-15,-4.5208292547312824e-08,3.944304526105059e-31,0.999999999999999,-4.5208292546936146e-08],"ln":49.012239629921453,"lt":[14.888775696886487,-13.18669202575677],"lt_start":[0.13541247264507875,0.13541247264379797],"q":0.0049012239629783738,"ut":[333.87050061117691,-0.89901216224430802],"gn":0.0049012239629921458,"gt":[0.14753363224241409,-0.13322104498400569],"b":14.703630573067407,"constant_n":10000000000,"constant_t":100,"mu":0.29999999999999999,"normal_mode":1,"tangent_mode":1,"normal_inverse_stiffness":0.0001,"tangent_inverse_stiffness":0.01,"p0":0,"beta":0,"iwan":1,"rn":4.1315909028227793e-05,"rt":[0.18519826784614324,-13.147159539648035]}
MORTAR_OBSERVER {"kind":"LAW","call_id":16,"pair":0,"slot":3,"node":4,"activity":0,"ndof":3,"normal":[-4.1027950443876154e-08,6.8387805828061921e-08,-0.99999999999999689],"tangents":[0.99999999999999922,2.8058115084791518e-15,-4.1027950443876068e-08,3.944304526105059e-31,0.99999999999999778,6.8387805828061987e-08],"ln":-6.0635941863650125e-12,"lt":[4.7706258490458832e-13,-1.3964381056976247e-12],"lt_start":[0.1739474256175173,-0.043692829157666827],"q":1.278599965744089,"ut":[167.01189970085642,-0.67454266385189277],"gn":-6.0635941863650132e-16,"gt":[-0.0017394742561704024,0.00043692829156270389],"b":3835799897.2322688,"constant_n":10000000000,"constant_t":100,"mu":0.29999999999999999,"normal_mode":1,"tangent_mode":1,"normal_inverse_stiffness":0.0001,"tangent_inverse_stiffness":0.01,"p0":0,"beta":0,"iwan":1,"rn":-3835799897.2322688,"rt":[4.7706258490458832e-13,-1.3964381056976247e-12]}
MORTAR_OBSERVER {"kind":"LAW","call_id":16,"pair":0,"slot":4,"node":17,"activity":2,"ndof":3,"normal":[7.2424004571337343e-08,1.5395559165892368e-08,-0.99999999999999734],"tangents":[0.99999999999999745,-1.1150080474088865e-15,7.2424004571337343e-08,-0,1,1.5395559165892408e-08],"ln":41.983317320890528,"lt":[12.885247359250986,4.4228281363600299],"lt_start":[-0.73660022044537588,-0.097040503857792323],"q":0.0041983317320893887,"ut":[250.28733537914783,-1.0995027577333996],"gn":0.004198331732089053,"gt":[0.13621847579696361,0.045198686402178223],"b":12.594996203274135,"constant_n":10000000000,"constant_t":100,"mu":0.29999999999999999,"normal_mode":1,"tangent_mode":1,"normal_inverse_stiffness":0.0001,"tangent_inverse_stiffness":0.01,"p0":0,"beta":0,"iwan":1,"rn":-1.0070069773604473e-06,"rt":[0.29037290583768538,4.4782074036620365]}
MORTAR_OBSERVER {"kind":"LAW","call_id":16,"pair":0,"slot":5,"node":18,"activity":2,"ndof":3,"normal":[1.196430858954852e-08,-4.3492668962924582e-08,-0.999999999999999],"tangents":[1,5.2035971285550893e-16,1.196430858954851e-08,-0,0.99999999999999911,-4.3492668962924588e-08],"ln":35.348544958074115,"lt":[10.88285788418232,-0.077540371277761963],"lt_start":[0.31677899935975595,-0.33175539325043679],"q":0.0035348544958133943,"ut":[250.40492176666959,-1.0228312264547663],"gn":0.0035348544958074117,"gt":[0.10566078884822565,0.002542150219726748],"b":10.604581435304999,"constant_n":10000000000,"constant_t":100,"mu":0.29999999999999999,"normal_mode":1,"tangent_mode":1,"normal_inverse_stiffness":0.0001,"tangent_inverse_stiffness":0.01,"p0":0,"beta":0,"iwan":1,"rn":-1.7947882763991174e-05,"rt":[0.27836548823594853,-0.034084159627442698]}
MORTAR_OBSERVER {"kind":"LAW","call_id":16,"pair":0,"slot":6,"node":19,"activity":0,"ndof":3,"normal":[1.446566586541265e-08,1.4465665865794023e-08,-0.99999999999999978],"tangents":[0.99999999999999989,-2.0925548893528156e-16,1.4465665865412648e-08,-0,0.99999999999999989,1.4465665865794025e-08],"ln":1.4210855776968342e-12,"lt":[4.3200998128644587e-12,3.0198066064234778e-12],"lt_start":[-0.33266866751375551,-0.33266866750456553],"q":2.0083980368572019,"ut":[501.05287713587092,-2.303874703243098],"gn":1.4210855776968343e-16,"gt":[0.0033266866751807561,0.0033266866750758534],"b":6025194110.5716047,"constant_n":10000000000,"constant_t":100,"mu":0.29999999999999999,"normal_mode":1,"tangent_mode":1,"normal_inverse_stiffness":0.0001,"tangent_inverse_stiffness":0.01,"p0":0,"beta":0,"iwan":1,"rn":-6025194110.5716047,"rt":[4.3200998128644587e-12,3.0198066064234778e-12]}
MORTAR_OBSERVER {"kind":"LAW","call_id":16,"pair":0,"slot":7,"node":23,"activity":0,"ndof":3,"normal":[-4.3492668963301889e-08,1.1964308589921484e-08,-0.999999999999999],"tangents":[0.99999999999999911,5.2035971287624483e-16,-4.3492668963301889e-08,-0,1,1.1964308589921497e-08],"ln":1.0231815059306246e-12,"lt":[5.6843423310897508e-13,-7.3896445743216374e-13],"lt_start":[-0.33175539326262177,0.31677899937237669],"q":1.2122479065411318,"ut":[250.41861666631291,-0.9889250881702053],"gn":1.0231815059306247e-16,"gt":[0.0033175539326319023,-0.0031677899937311567],"b":3636743719.6233954,"constant_n":10000000000,"constant_t":100,"mu":0.29999999999999999,"normal_mode":1,"tangent_mode":1,"normal_inverse_stiffness":0.0001,"tangent_inverse_stiffness":0.01,"p0":0,"beta":0,"iwan":1,"rn":-3636743719.6233954,"rt":[5.6843423310897508e-13,-7.3896445743216374e-13]}
MORTAR_OBSERVER {"kind":"LAW","call_id":16,"pair":0,"slot":8,"node":24,"activity":0,"ndof":3,"normal":[1.539555916551032e-08,7.2424004571714789e-08,-0.99999999999999734],"tangents":[0.99999999999999989,-1.1150080473870252e-15,1.5395559165510284e-08,-1.9721522630525295e-31,0.99999999999999745,7.2424004571714789e-08],"ln":5.0022209400313886e-12,"lt":[-4.3200999104333976e-12,2.0268227914748141e-12],"lt_start":[-0.097040503865221894,-0.73660022047532414],"q":1.3696877029904109,"ut":[250.53437400523231,-1.0156749230419542],"gn":5.0022209400313885e-16,"gt":[0.00097040503860901792,0.0073660022047735097],"b":4109063108.971231,"constant_n":10000000000,"constant_t":100,"mu":0.29999999999999999,"normal_mode":1,"tangent_mode":1,"normal_inverse_stiffness":0.0001,"tangent_inverse_stiffness":0.01,"p0":0,"beta":0,"iwan":1,"rn":-4109063108.971231,"rt":[-4.3200999104333976e-12,2.0268227914748141e-12]}
MORTAR_OBSERVER {"kind":"POST_RAW_AFTER_ACTIVE_LOOP","call_id":16,"pair":0,"slot":0,"node":1,"activity":1,"lambda_raw":[2.9842772384830613e-15,-1.9930708699869015e-15,4.4337833257462626e-15],"gap":-1.00539189620183}
MORTAR_OBSERVER {"kind":"POST_RAW_AFTER_ACTIVE_LOOP","call_id":16,"pair":0,"slot":1,"node":2,"activity":0,"lambda_raw":[0,0,0],"gap":0.00063441014188100886}
MORTAR_OBSERVER {"kind":"POST_RAW_AFTER_ACTIVE_LOOP","call_id":16,"pair":0,"slot":2,"node":3,"activity":2,"lambda_raw":[0.011166568597703512,-0.0098900104841739642,-0.036759141880129367],"gap":-0.0049012239629783738}
MORTAR_OBSERVER {"kind":"POST_RAW_AFTER_ACTIVE_LOOP","call_id":16,"pair":0,"slot":3,"node":4,"activity":1,"lambda_raw":[7.1559358899262778e-16,-2.0946558441585457e-15,9.0953826987250069e-15],"gap":-1.278599965744089}
MORTAR_OBSERVER {"kind":"POST_RAW_AFTER_ACTIVE_LOOP","call_id":16,"pair":0,"slot":4,"node":17,"activity":2,"lambda_raw":[0.012885239772972143,0.0044228251350680809,-0.041983281694611414],"gap":-0.0041983317320893887}
MORTAR_OBSERVER {"kind":"POST_RAW_AFTER_ACTIVE_LOOP","call_id":16,"pair":0,"slot":5,"node":18,"activity":2,"lambda_raw":[0.010882848064612642,-7.7541835701122611e-05,-0.035348511555925416],"gap":-0.0035348544958133943}
MORTAR_OBSERVER {"kind":"POST_RAW_AFTER_ACTIVE_LOOP","call_id":16,"pair":0,"slot":6,"node":19,"activity":1,"lambda_raw":[2.1600480383072741e-15,1.5099020004614994e-15,-7.1054211786423495e-16],"gap":-2.0083980368572019}
MORTAR_OBSERVER {"kind":"POST_RAW_AFTER_ACTIVE_LOOP","call_id":16,"pair":0,"slot":7,"node":23,"activity":1,"lambda_raw":[5.6843365362162194e-16,-7.3896374970810854e-16,-1.0231805765189196e-15],"gap":-1.2122479065411318}
MORTAR_OBSERVER {"kind":"POST_RAW_AFTER_ACTIVE_LOOP","call_id":16,"pair":0,"slot":8,"node":24,"activity":1,"lambda_raw":[-4.3200962704966897e-15,2.0268214821697049e-15,-5.0022167342593244e-15],"gap":-1.3696877029904109}
MORTAR_OBSERVER {"kind":"SUMMARY_PRE_OVERRIDE","call_id":16,"ndiverg":14,"flag":1,"keepset":0,"max_n":6025194110.5716047,"max_t":[3.0849414121159708,15.80725948654255],"lm_t_av":[38.656880940333458,17.687060533404399],"nstick":5,"nslip":3,"ninactive":1,"nnogap":0,"nolm":0}
MORTAR_OBSERVER {"kind":"SUMMARY_POST_OVERRIDE","call_id":16,"flag":1}
MORTAR_OBSERVER {"kind":"RETURN","call_id":16}
 Using up to 2 cpu(s) for the stress calculation.

 average force= 6.839894
 time avg. forc= 6.839894
 largest residual force= 15.626241 in node 2 and dof 2
 largest increment of disp= 1.730781e-01
 largest correction to disp= 8.325846e-02 in node 23 and dof 1

MORTAR_OBSERVER {"kind":"PRE_CHECK","call_id":16,"step":2,"inc":1,"cutback":0,"iteration":8,"time":0.25,"dtime":0.25,"ttime":1,"tper":1,"theta":0,"dtheta":0.25,"icntrl":0,"nmethod":1,"iexpl":0,"ithermal":0,"uncoupled":0,"mortar":2,"iflagdualquad":2}
 no convergence

MORTAR_OBSERVER {"kind":"POST_CHECK","call_id":16,"step":2,"inc":1,"cutback":0,"iteration":9,"time":0.25,"dtime":0.25,"ttime":1,"tper":1,"theta":0,"dtheta":0.25,"icntrl":0,"nmethod":1,"iexpl":0,"ithermal":0,"uncoupled":0,"mortar":2,"iflagdualquad":2}
 iteration 9

 Determining the structure of the matrix:

 Using up to 2 cpu(s) for setting up the structure of the matrix.
 number of equations
 75
 number of nonzero lower triangular matrix elements
 1143

 Using up to 2 cpu(s) for the stress calculation.

 Using up to 2 cpu(s) for the symmetric stiffness/mass contributions.

 Using up to 2 cpu(s) for the stress calculation.

 Using up to 2 cpu(s) for the symmetric stiffness/mass contributions.

 Factoring the system of equations using the unsymmetric spooles solver
 Using 1 cpu for spooles.

MORTAR_OBSERVER {"kind":"BEGIN","call_id":17,"step":2,"inc":1,"cutback":0,"iteration":9,"time":0.25,"dtime":0.25,"ttime":1,"tper":1,"theta":0,"dtheta":0.25,"icntrl":0,"nmethod":1,"iexpl":0,"ithermal":0,"uncoupled":0,"mortar":2,"iflagdualquad":2}
MORTAR_OBSERVER {"kind":"INVENTORY","call_id":17,"pair_count":1,"slave_count":9}
MORTAR_OBSERVER {"kind":"PAIR","call_id":17,"pair":0,"start":0,"end":9}
MORTAR_OBSERVER {"kind":"PRE_RAW","call_id":17,"pair":0,"slot":0,"node":1,"activity":1,"lambda_raw":[0.0020401340302035301,0.0039988108666992404,-0.0070677974179126262],"lambda_start":[0.00050771518908920529,0.00050771518909969321,-0.013186514357202705],"ddtil_count":1}
MORTAR_OBSERVER {"kind":"DDTIL","call_id":17,"pair":0,"column_slot":0,"source_slot":0,"destination_slot":0,"entry":0,"value":1333.3343393655837}
MORTAR_OBSERVER {"kind":"PRE_RAW","call_id":17,"pair":0,"slot":1,"node":2,"activity":0,"lambda_raw":[-1.4654930377321688e-17,6.3948787101040086e-17,-6.6613319896916756e-18],"lambda_start":[-6.5538309315043666e-05,0.00026092037294276585,-0.012777594587534601],"ddtil_count":1}
MORTAR_OBSERVER {"kind":"DDTIL","call_id":17,"pair":0,"column_slot":1,"source_slot":1,"destination_slot":1,"entry":1,"value":666.6672829657565}
MORTAR_OBSERVER {"kind":"PRE_RAW","call_id":17,"pair":0,"slot":2,"node":3,"activity":2,"lambda_raw":[0.0053335776994002815,-2.2209760144182791e-05,-0.017787491096149664],"lambda_start":[0.00010155868155003408,0.00010155868154907331,-0.0125689875371119],"ddtil_count":1}
MORTAR_OBSERVER {"kind":"DDTIL","call_id":17,"pair":0,"column_slot":2,"source_slot":2,"destination_slot":2,"entry":2,"value":1333.33470804888}
MORTAR_OBSERVER {"kind":"PRE_RAW","call_id":17,"pair":0,"slot":3,"node":4,"activity":1,"lambda_raw":[-0.0063787794067218006,0.0045749954015707594,-0.037803112773460289],"lambda_start":[0.00026092037297979141,-6.5538309317234351e-05,-0.012777594587533964],"ddtil_count":1}
MORTAR_OBSERVER {"kind":"DDTIL","call_id":17,"pair":0,"column_slot":3,"source_slot":3,"destination_slot":3,"entry":3,"value":666.66728296575695}
MORTAR_OBSERVER {"kind":"PRE_RAW","call_id":17,"pair":0,"slot":4,"node":17,"activity":2,"lambda_raw":[-0.0025845980377416787,1.8176415054132932e-05,0.0086170166735026182],"lambda_start":[-0.0007365987945344057,-9.7040249850901462e-05,-0.011300302693721054],"ddtil_count":1}
MORTAR_OBSERVER {"kind":"DDTIL","call_id":17,"pair":0,"column_slot":4,"source_slot":4,"destination_slot":4,"entry":4,"value":1000.0008247327145}
MORTAR_OBSERVER {"kind":"PRE_RAW","call_id":17,"pair":0,"slot":5,"node":18,"activity":2,"lambda_raw":[0.00095396716727541326,4.6457167547588499e-06,-0.0031798002633037334],"lambda_start":[0.00031677884056088363,-0.00033175558754602565,-0.011646327674742232],"ddtil_count":1}
MORTAR_OBSERVER {"kind":"DDTIL","call_id":17,"pair":0,"column_slot":5,"source_slot":5,"destination_slot":5,"entry":5,"value":1000.0009411590161}
MORTAR_OBSERVER {"kind":"PRE_RAW","call_id":17,"pair":0,"slot":6,"node":19,"activity":1,"lambda_raw":[-0.0030712539722919626,0.0097995669457316414,-0.010331974874122534],"lambda_start":[-0.00016633402471439708,-0.00016633402470980207,-0.011364585339352794],"ddtil_count":1}
MORTAR_OBSERVER {"kind":"DDTIL","call_id":17,"pair":0,"column_slot":6,"source_slot":6,"destination_slot":6,"entry":6,"value":2000.0017392237551}
MORTAR_OBSERVER {"kind":"PRE_RAW","call_id":17,"pair":0,"slot":7,"node":23,"activity":1,"lambda_raw":[-0.0053748653425147314,0.0055290018669869791,-0.024315274121537035],"lambda_start":[-0.00033175558755821078,0.00031677884057350418,-0.011646327674742355],"ddtil_count":1}
MORTAR_OBSERVER {"kind":"DDTIL","call_id":17,"pair":0,"column_slot":7,"source_slot":7,"destination_slot":7,"entry":7,"value":1000.0009411590161}
MORTAR_OBSERVER {"kind":"PRE_RAW","call_id":17,"pair":0,"slot":8,"node":24,"activity":1,"lambda_raw":[-0.0073527776663259003,0.0027093777535449836,-0.02211542283206645],"lambda_start":[-9.7040249858331947e-05,-0.00073659879456435451,-0.011300302693717842],"ddtil_count":1}
MORTAR_OBSERVER {"kind":"DDTIL","call_id":17,"pair":0,"column_slot":8,"source_slot":8,"destination_slot":8,"entry":8,"value":1000.0008247327135}
MORTAR_OBSERVER {"kind":"LAW","call_id":17,"pair":0,"slot":0,"node":1,"activity":1,"ndof":3,"normal":[7.4139640564509083e-08,7.413964056489398e-08,-0.99999999999999456],"tangents":[0.99999999999999722,-5.4966863030631521e-15,7.4139640564508898e-08,-7.8886090522101181e-31,0.99999999999999734,7.4139640564894179e-08],"ln":9.423737597949648,"lt":[2.7201800607061584,5.3317511465258605],"lt_start":[0.6769527927045591,0.67695279271854691],"q":0.00094237375979466798,"ut":[333.82753859125626,-1.2346202622457054],"gn":0.00094237375979496483,"gt":[0.020432272680015996,0.046547983538073136],"b":2.8271203888212297,"constant_n":10000000000,"constant_t":100,"mu":0.29999999999999999,"normal_mode":1,"tangent_mode":1,"normal_inverse_stiffness":0.0001,"tangent_inverse_stiffness":0.01,"p0":0,"beta":0,"iwan":1,"rn":8.9056366459061564e-07,"rt":[333.80710631857625,-1.2811682457837785]}
MORTAR_OBSERVER {"kind":"LAW","call_id":17,"pair":0,"slot":1,"node":2,"activity":0,"ndof":3,"normal":[6.8387805827692747e-08,-4.1027950443498291e-08,-0.99999999999999689],"tangents":[0.99999999999999767,2.8058115084381685e-15,6.8387805827692694e-08,-3.944304526105059e-31,0.99999999999999922,-4.102795044349839e-08],"ln":4.4408896812275768e-15,"lt":[-9.7699629204041028e-15,4.2632564327806677e-14],"lt_start":[-0.043692829156205842,0.17394742559283358],"q":-0.075679094026736782,"ut":[166.97582193003058,-0.56812517528492468],"gn":4.440889681227577e-19,"gt":[0.00043692829156196072,-0.0017394742559279095],"b":-227037282.08021036,"constant_n":10000000000,"constant_t":100,"mu":0.29999999999999999,"normal_mode":1,"tangent_mode":1,"normal_inverse_stiffness":0.0001,"tangent_inverse_stiffness":0.01,"p0":0,"beta":0,"iwan":1,"rn":1.3322669043682729e-15,"rt":[-9.7699629204041028e-15,4.2632564327806677e-14]}
MORTAR_OBSERVER {"kind":"LAW","call_id":17,"pair":0,"slot":2,"node":3,"activity":2,"ndof":3,"normal":[-4.5208292547312871e-08,-4.52082925469361e-08,-0.999999999999998],"tangents":[0.999999999999999,-2.0437897150263934e-15,-4.5208292547312824e-08,3.944304526105059e-31,0.999999999999999,-4.5208292546936146e-08],"ln":23.71667892744922,"lt":[7.1114453368764581,-0.029611971867105912],"lt_start":[0.13541247264507875,0.13541247264379797],"q":0.0023716678927448733,"ut":[333.55164408037643,-0.92567472279611107],"gn":0.0023716678927449219,"gt":[0.069760328642313796,-0.0016502444451090387],"b":7.1150035325179939,"constant_n":10000000000,"constant_t":100,"mu":0.29999999999999999,"normal_mode":1,"tangent_mode":1,"normal_inverse_stiffness":0.0001,"tangent_inverse_stiffness":0.01,"p0":0,"beta":0,"iwan":1,"rn":1.457167719820518e-07,"rt":[-0.0035308770573374559,-0.0098954077687347756]}
MORTAR_OBSERVER {"kind":"LAW","call_id":17,"pair":0,"slot":3,"node":4,"activity":1,"ndof":3,"normal":[-4.1027950443876154e-08,6.8387805828061921e-08,-0.99999999999999689],"tangents":[0.99999999999999922,2.8058115084791518e-15,-4.1027950443876068e-08,3.944304526105059e-31,0.99999999999999778,6.8387805828061987e-08],"ln":25.20209886338591,"lt":[-4.2525225017266859,3.0499980304297862],"lt_start":[0.1739474256175173,-0.043692829157666827],"q":0.0025202098863383871,"ut":[166.96937414664359,-0.64404268221715111],"gn":0.0025202098863385909,"gt":[-0.044264699273442031,0.030936908595874533],"b":7.5606290475257474,"constant_n":10000000000,"constant_t":100,"mu":0.29999999999999999,"normal_mode":1,"tangent_mode":1,"normal_inverse_stiffness":0.0001,"tangent_inverse_stiffness":0.01,"p0":0,"beta":0,"iwan":1,"rn":6.1149002483773529e-07,"rt":[167.01363884591703,-0.67497959081302561]}
MORTAR_OBSERVER {"kind":"LAW","call_id":17,"pair":0,"slot":4,"node":17,"activity":2,"ndof":3,"normal":[7.2424004571337343e-08,1.5395559165892368e-08,-0.99999999999999734],"tangents":[0.99999999999999745,-1.1150080474088865e-15,7.2424004571337343e-08,-0,1,1.5395559165892408e-08],"ln":-8.6170239671454052,"lt":[-2.584599545264858,0.018176562708716502],"lt_start":[-0.73660022044537588,-0.097040503857792323],"q":-0.00086170239671435559,"ut":[250.44995022085149,-0.91165160318709426],"gn":-0.00086170239671454056,"gt":[-0.018479993248194822,0.0011521706656650883],"b":-2.5851066352489496,"constant_n":10000000000,"constant_t":100,"mu":0.29999999999999999,"normal_mode":1,"tangent_mode":1,"normal_inverse_stiffness":0.0001,"tangent_inverse_stiffness":0.01,"p0":0,"beta":0,"iwan":1,"rn":-2.5851071901436216,"rt":[0.00048992633352940018,0.0087564013876151679]}
MORTAR_OBSERVER {"kind":"LAW","call_id":17,"pair":0,"slot":5,"node":18,"activity":2,"ndof":3,"normal":[1.196430858954852e-08,-4.3492668962924582e-08,-0.999999999999999],"tangents":[1,5.2035971285550893e-16,1.196430858954851e-08,-0,0.99999999999999911,-4.3492668962924588e-08],"ln":3.1798032672129311,"lt":[0.95396802706606643,0.0046458594252474358],"lt_start":[0.31677899935975595,-0.33175539325043679],"q":0.00031798032672153203,"ut":[250.40036683378204,-0.82078057086441281],"gn":0.00031798032672129313,"gt":[0.0063718902770631049,0.0033640125267568421],"b":0.95394169687572539,"constant_n":10000000000,"constant_t":100,"mu":0.29999999999999999,"normal_mode":1,"tangent_mode":1,"normal_inverse_stiffness":0.0001,"tangent_inverse_stiffness":0.01,"p0":0,"beta":0,"iwan":1,"rn":-7.1671184609378713e-07,"rt":[3.1496319390256211e-05,0.0077853410916894142]}
MORTAR_OBSERVER {"kind":"LAW","call_id":17,"pair":0,"slot":6,"node":19,"activity":1,"ndof":3,"normal":[1.446566586541265e-08,1.4465665865794023e-08,-0.99999999999999978],"tangents":[0.99999999999999989,-2.0925548893528156e-16,1.4465665865412648e-08,-0,0.99999999999999989,1.4465665865794025e-08],"ln":20.663967912520427,"lt":[-6.1425135850998469,19.599150636184849],"lt_start":[-0.33266866751375551,-0.33266866750456553],"q":0.0020663967912524228,"ut":[500.991451484501,-2.1078831945074517],"gn":0.0020663967912520429,"gt":[-0.05809844917586092,0.19931819303689416],"b":6.1991915134694517,"constant_n":10000000000,"constant_t":100,"mu":0.29999999999999999,"normal_mode":1,"tangent_mode":1,"normal_inverse_stiffness":0.0001,"tangent_inverse_stiffness":0.01,"p0":0,"beta":0,"iwan":1,"rn":-1.1397133237167623e-06,"rt":[501.04954993367687,-2.307201387544346]}
MORTAR_OBSERVER {"kind":"LAW","call_id":17,"pair":0,"slot":7,"node":23,"activity":1,"ndof":3,"normal":[-4.3492668963301889e-08,1.1964308589921484e-08,-0.999999999999999],"tangents":[0.99999999999999911,5.2035971287624483e-16,-4.3492668963301889e-08,-0,1,1.1964308589921497e-08],"ln":24.315297305994683,"lt":[-5.3748693435805377,5.5290067797412199],"lt_start":[-0.33175539326262177,0.31677899937237669],"q":0.0024315297305999017,"ut":[250.36486747059348,-0.93363501839555285],"gn":0.0024315297305994685,"gt":[-0.050431139503179158,0.05212227780368843],"b":7.2945904915399691,"constant_n":10000000000,"constant_t":100,"mu":0.29999999999999999,"normal_mode":1,"tangent_mode":1,"normal_inverse_stiffness":0.0001,"tangent_inverse_stiffness":0.01,"p0":0,"beta":0,"iwan":1,"rn":-1.2997415641535781e-06,"rt":[250.41529861009667,-0.98575729619924124]}
MORTAR_OBSERVER {"kind":"LAW","call_id":17,"pair":0,"slot":8,"node":24,"activity":1,"ndof":3,"normal":[1.539555916551032e-08,7.2424004571714789e-08,-0.99999999999999734],"tangents":[0.99999999999999989,-1.1150080473870252e-15,1.5395559165510284e-08,-1.9721522630525295e-31,0.99999999999999745,7.2424004571714789e-08],"ln":22.115441154403001,"lt":[-7.3527840708817598,2.7093783863686376],"lt_start":[-0.097040503865221894,-0.73660022047532414],"q":0.0022115441154400006,"ut":[250.46084576000391,-0.9885811375264516],"gn":0.0022115441154403003,"gt":[-0.072557435670165371,0.034459786068439621],"b":6.6346314473004595,"constant_n":10000000000,"constant_t":100,"mu":0.29999999999999999,"normal_mode":1,"tangent_mode":1,"normal_inverse_stiffness":0.0001,"tangent_inverse_stiffness":0.01,"p0":0,"beta":0,"iwan":1,"rn":8.9902044031475725e-07,"rt":[250.53340319567408,-1.0230409235948912]}
MORTAR_OBSERVER {"kind":"POST_RAW_AFTER_ACTIVE_LOOP","call_id":17,"pair":0,"slot":0,"node":1,"activity":2,"lambda_raw":[0.0020401340302035301,0.0039988108666992404,-0.0070677974179126262],"gap":-0.00094237375979466798}
MORTAR_OBSERVER {"kind":"POST_RAW_AFTER_ACTIVE_LOOP","call_id":17,"pair":0,"slot":1,"node":2,"activity":0,"lambda_raw":[0,0,0],"gap":0.075679094026736782}
MORTAR_OBSERVER {"kind":"POST_RAW_AFTER_ACTIVE_LOOP","call_id":17,"pair":0,"slot":2,"node":3,"activity":2,"lambda_raw":[0.0053335776994002815,-2.2209760144182791e-05,-0.017787491096149664],"gap":-0.0023716678927448733}
MORTAR_OBSERVER {"kind":"POST_RAW_AFTER_ACTIVE_LOOP","call_id":17,"pair":0,"slot":3,"node":4,"activity":2,"lambda_raw":[-0.0063787794067218006,0.0045749954015707594,-0.037803112773460289],"gap":-0.0025202098863383871}
MORTAR_OBSERVER {"kind":"POST_RAW_AFTER_ACTIVE_LOOP","call_id":17,"pair":0,"slot":4,"node":17,"activity":0,"lambda_raw":[0,0,0],"gap":0.00086170239671435559}
MORTAR_OBSERVER {"kind":"POST_RAW_AFTER_ACTIVE_LOOP","call_id":17,"pair":0,"slot":5,"node":18,"activity":2,"lambda_raw":[0.00095396716727541326,4.6457167547588499e-06,-0.0031798002633037334],"gap":-0.00031798032672153203}
MORTAR_OBSERVER {"kind":"POST_RAW_AFTER_ACTIVE_LOOP","call_id":17,"pair":0,"slot":6,"node":19,"activity":2,"lambda_raw":[-0.0030712539722919626,0.0097995669457316414,-0.010331974874122534],"gap":-0.0020663967912524228}
MORTAR_OBSERVER {"kind":"POST_RAW_AFTER_ACTIVE_LOOP","call_id":17,"pair":0,"slot":7,"node":23,"activity":2,"lambda_raw":[-0.0053748653425147314,0.0055290018669869791,-0.024315274121537035],"gap":-0.0024315297305999017}
MORTAR_OBSERVER {"kind":"POST_RAW_AFTER_ACTIVE_LOOP","call_id":17,"pair":0,"slot":8,"node":24,"activity":2,"lambda_raw":[-0.0073527776663259003,0.0027093777535449836,-0.02211542283206645],"gap":-0.0022115441154400006}
MORTAR_OBSERVER {"kind":"SUMMARY_PRE_OVERRIDE","call_id":17,"ndiverg":14,"flag":1,"keepset":0,"max_n":2.5851071901436216,"max_t":[501.04954993367687,2.307201387544346],"lm_t_av":[33.908282925937513,36.253542810542712],"nstick":0,"nslip":7,"ninactive":2,"nnogap":0,"nolm":0}
MORTAR_OBSERVER {"kind":"SUMMARY_POST_OVERRIDE","call_id":17,"flag":1}
MORTAR_OBSERVER {"kind":"RETURN","call_id":17}
 Using up to 2 cpu(s) for the stress calculation.

 average force= 6.892243
 time avg. forc= 6.892243
 largest residual force= 14.362462 in node 17 and dof 3
 largest increment of disp= 1.730781e-01
 largest correction to disp= 1.472926e-03 in node 4 and dof 3

MORTAR_OBSERVER {"kind":"PRE_CHECK","call_id":17,"step":2,"inc":1,"cutback":0,"iteration":9,"time":0.25,"dtime":0.25,"ttime":1,"tper":1,"theta":0,"dtheta":0.25,"icntrl":0,"nmethod":1,"iexpl":0,"ithermal":0,"uncoupled":0,"mortar":2,"iflagdualquad":2}
 no convergence

MORTAR_OBSERVER {"kind":"POST_CHECK","call_id":17,"step":2,"inc":1,"cutback":0,"iteration":10,"time":0.25,"dtime":0.25,"ttime":1,"tper":1,"theta":0,"dtheta":0.25,"icntrl":0,"nmethod":1,"iexpl":0,"ithermal":0,"uncoupled":0,"mortar":2,"iflagdualquad":2}
 iteration 10

 Determining the structure of the matrix:

 Using up to 2 cpu(s) for setting up the structure of the matrix.
 number of equations
 75
 number of nonzero lower triangular matrix elements
 1143

 Using up to 2 cpu(s) for the stress calculation.

 Using up to 2 cpu(s) for the symmetric stiffness/mass contributions.

 Using up to 2 cpu(s) for the stress calculation.

 Using up to 2 cpu(s) for the symmetric stiffness/mass contributions.

 Factoring the system of equations using the unsymmetric spooles solver
 Using 1 cpu for spooles.

MORTAR_OBSERVER {"kind":"BEGIN","call_id":18,"step":2,"inc":1,"cutback":0,"iteration":10,"time":0.25,"dtime":0.25,"ttime":1,"tper":1,"theta":0,"dtheta":0.25,"icntrl":0,"nmethod":1,"iexpl":0,"ithermal":0,"uncoupled":0,"mortar":2,"iflagdualquad":2}
MORTAR_OBSERVER {"kind":"INVENTORY","call_id":18,"pair_count":1,"slave_count":9}
MORTAR_OBSERVER {"kind":"PAIR","call_id":18,"pair":0,"start":0,"end":9}
MORTAR_OBSERVER {"kind":"PRE_RAW","call_id":18,"pair":0,"slot":0,"node":1,"activity":2,"lambda_raw":[0.0044823750185173147,4.6733376922955465e-06,-0.014963354265012508],"lambda_start":[0.00050771518908920529,0.00050771518909969321,-0.013186514357202705],"ddtil_count":1}
MORTAR_OBSERVER {"kind":"DDTIL","call_id":18,"pair":0,"column_slot":0,"source_slot":0,"destination_slot":0,"entry":0,"value":1333.3343393655837}
MORTAR_OBSERVER {"kind":"PRE_RAW","call_id":18,"pair":0,"slot":1,"node":2,"activity":0,"lambda_raw":[-2.9903135634975287e-17,1.5321063576290855e-17,4.7295457126810894e-17],"lambda_start":[-6.5538309315043666e-05,0.00026092037294276585,-0.012777594587534601],"ddtil_count":1}
MORTAR_OBSERVER {"kind":"DDTIL","call_id":18,"pair":0,"column_slot":1,"source_slot":1,"destination_slot":1,"entry":1,"value":666.6672829657565}
MORTAR_OBSERVER {"kind":"PRE_RAW","call_id":18,"pair":0,"slot":2,"node":3,"activity":2,"lambda_raw":[0.0072313065507816493,3.9229994462450865e-07,-0.024104306006910933],"lambda_start":[0.00010155868155003408,0.00010155868154907331,-0.0125689875371119],"ddtil_count":1}
MORTAR_OBSERVER {"kind":"DDTIL","call_id":18,"pair":0,"column_slot":2,"source_slot":2,"destination_slot":2,"entry":2,"value":1333.33470804888}
MORTAR_OBSERVER {"kind":"PRE_RAW","call_id":18,"pair":0,"slot":3,"node":4,"activity":2,"lambda_raw":[-0.0045028274470032834,9.988734642614824e-05,0.014683019802973103],"lambda_start":[0.00026092037297979141,-6.5538309317234351e-05,-0.012777594587533964],"ddtil_count":1}
MORTAR_OBSERVER {"kind":"DDTIL","call_id":18,"pair":0,"column_slot":3,"source_slot":3,"destination_slot":3,"entry":3,"value":666.66728296575695}
MORTAR_OBSERVER {"kind":"PRE_RAW","call_id":18,"pair":0,"slot":4,"node":17,"activity":0,"lambda_raw":[-2.7533508302918839e-17,-5.7731549667410469e-17,4.2632528985164652e-17],"lambda_start":[-0.0007365987945344057,-9.7040249850901462e-05,-0.011300302693721054],"ddtil_count":1}
MORTAR_OBSERVER {"kind":"DDTIL","call_id":18,"pair":0,"column_slot":4,"source_slot":4,"destination_slot":4,"entry":4,"value":1000.0008247327145}
MORTAR_OBSERVER {"kind":"PRE_RAW","call_id":18,"pair":0,"slot":5,"node":18,"activity":2,"lambda_raw":[0.012179896907151754,-3.5456344174522663e-05,-0.040599824314290642],"lambda_start":[0.00031677884056088363,-0.00033175558754602565,-0.011646327674742232],"ddtil_count":1}
MORTAR_OBSERVER {"kind":"DDTIL","call_id":18,"pair":0,"column_slot":5,"source_slot":5,"destination_slot":5,"entry":5,"value":1000.0009411590161}
MORTAR_OBSERVER {"kind":"PRE_RAW","call_id":18,"pair":0,"slot":6,"node":19,"activity":2,"lambda_raw":[0.0071793110816171643,5.8514390894808625e-06,-0.02401712513862278],"lambda_start":[-0.00016633402471439708,-0.00016633402470980207,-0.011364585339352794],"ddtil_count":1}
MORTAR_OBSERVER {"kind":"DDTIL","call_id":18,"pair":0,"column_slot":6,"source_slot":6,"destination_slot":6,"entry":6,"value":2000.0017392237551}
MORTAR_OBSERVER {"kind":"PRE_RAW","call_id":18,"pair":0,"slot":7,"node":23,"activity":2,"lambda_raw":[-0.00068340515050823955,6.7124397807070491e-05,0.0020490237753399165],"lambda_start":[-0.00033175558755821078,0.00031677884057350418,-0.011646327674742355],"ddtil_count":1}
MORTAR_OBSERVER {"kind":"DDTIL","call_id":18,"pair":0,"column_slot":7,"source_slot":7,"destination_slot":7,"entry":7,"value":1000.0009411590161}
MORTAR_OBSERVER {"kind":"PRE_RAW","call_id":18,"pair":0,"slot":8,"node":24,"activity":2,"lambda_raw":[-0.0027409317162812785,5.8877565728621778e-05,0.0088866945089351064],"lambda_start":[-9.7040249858331947e-05,-0.00073659879456435451,-0.011300302693717842],"ddtil_count":1}
MORTAR_OBSERVER {"kind":"DDTIL","call_id":18,"pair":0,"column_slot":8,"source_slot":8,"destination_slot":8,"entry":8,"value":1000.0008247327135}
MORTAR_OBSERVER {"kind":"LAW","call_id":18,"pair":0,"slot":0,"node":1,"activity":2,"ndof":3,"normal":[7.4139640564509083e-08,7.413964056489398e-08,-0.99999999999999456],"tangents":[0.99999999999999722,-5.4966863030631521e-15,7.4139640564508898e-08,-7.8886090522101181e-31,0.99999999999999734,7.4139640564894179e-08],"ln":19.951154517191402,"lt":[5.9765030549321709,0.0062296424531972728],"lt_start":[0.6769527927045591,0.67695279271854691],"q":0.0019951154517190732,"ut":[331.91717837777611,0.39349109617379696],"gn":0.0019951154517191404,"gt":[0.052995502622276119,-0.0067072315026534971],"b":5.9853461534958168,"constant_n":10000000000,"constant_t":100,"mu":0.29999999999999999,"normal_mode":1,"tangent_mode":1,"normal_inverse_stiffness":0.0001,"tangent_inverse_stiffness":0.01,"p0":0,"beta":0,"iwan":1,"rn":2.0166160386025922e-07,"rt":[-0.0088387467793094032,-0.00098796465266703069]}
MORTAR_OBSERVER {"kind":"LAW","call_id":18,"pair":0,"slot":1,"node":2,"activity":0,"ndof":3,"normal":[6.8387805827692747e-08,-4.1027950443498291e-08,-0.99999999999999689],"tangents":[0.99999999999999767,2.8058115084381685e-15,6.8387805827692694e-08,-3.944304526105059e-31,0.99999999999999922,-4.102795044349839e-08],"ln":-3.1530335681757104e-14,"lt":[-1.9935440029635039e-14,1.0214050532926456e-14],"lt_start":[-0.043692829156205842,0.17394742559283358],"q":0.44641936597698373,"ut":[165.95918462253871,0.26894240951737047],"gn":-3.1530335681757105e-18,"gt":[0.00043692829156185908,-0.0017394742559282337],"b":1339258097.9309511,"constant_n":10000000000,"constant_t":100,"mu":0.29999999999999999,"normal_mode":1,"tangent_mode":1,"normal_inverse_stiffness":0.0001,"tangent_inverse_stiffness":0.01,"p0":0,"beta":0,"iwan":1,"rn":-1339258097.9309511,"rt":[-1.9935440029635039e-14,1.0214050532926456e-14]}
MORTAR_OBSERVER {"kind":"LAW","call_id":18,"pair":0,"slot":2,"node":3,"activity":2,"ndof":3,"normal":[-4.5208292547312871e-08,-4.52082925469361e-08,-0.999999999999998],"tangents":[0.999999999999999,-2.0437897150263934e-15,-4.5208292547312824e-08,3.944304526105059e-31,0.999999999999999,-4.5208292546936146e-08],"ln":32.139107376534596,"lt":[9.6417534616525842,0.00052452008632169307],"lt_start":[0.13541247264507875,0.13541247264379797],"q":0.0032139107376532457,"ut":[331.91524071053374,0.35831197790172459],"gn":0.00321391073765346,"gt":[0.095063409890075057,-0.0013488795255747626],"b":9.6417315702453301,"constant_n":10000000000,"constant_t":100,"mu":0.29999999999999999,"normal_mode":1,"tangent_mode":1,"normal_inverse_stiffness":0.0001,"tangent_inverse_stiffness":0.01,"p0":0,"beta":0,"iwan":1,"rn":6.4271504918167466e-07,"rt":[2.7552049957080271e-05,-0.0099232913050819917]}
MORTAR_OBSERVER {"kind":"LAW","call_id":18,"pair":0,"slot":3,"node":4,"activity":2,"ndof":3,"normal":[-4.1027950443876154e-08,6.8387805828061921e-08,-0.99999999999999689],"tangents":[0.99999999999999922,2.8058115084791518e-15,-4.1027950443876068e-08,3.944304526105059e-31,0.99999999999999778,6.8387805828061987e-08],"ln":-9.7886887900650965,"lt":[-3.0018881413671568,0.066592295271536428],"lt_start":[0.1739474256175173,-0.043692829157666827],"q":-0.00097886887900602111,"ut":[166.04752162193583,0.20309439157172515],"gn":-0.00097886887900650965,"gt":[-0.031758355669846743,0.0011028512442920325],"b":-2.9366051713950321,"constant_n":10000000000,"constant_t":100,"mu":0.29999999999999999,"normal_mode":1,"tangent_mode":1,"normal_inverse_stiffness":0.0001,"tangent_inverse_stiffness":0.01,"p0":0,"beta":0,"iwan":1,"rn":-2.936606637019529,"rt":[-0.065285157060780641,0.0701763191180243]}
MORTAR_OBSERVER {"kind":"LAW","call_id":18,"pair":0,"slot":4,"node":17,"activity":0,"ndof":3,"normal":[7.2424004571337343e-08,1.5395559165892368e-08,-0.99999999999999734],"tangents":[0.99999999999999745,-1.1150080474088865e-15,7.2424004571337343e-08,-0,1,1.5395559165892408e-08],"ln":-4.2632567028504689e-14,"lt":[-2.7533527923082726e-14,-5.7731596624155975e-14],"lt_start":[-0.73660022044537588,-0.097040503857792323],"q":0.35470352526335946,"ut":[248.92144208819181,0.33548749912627518],"gn":-4.2632567028504695e-18,"gt":[0.0073660022044534836,0.00097040503857734599],"b":1064110575.7900783,"constant_n":10000000000,"constant_t":100,"mu":0.29999999999999999,"normal_mode":1,"tangent_mode":1,"normal_inverse_stiffness":0.0001,"tangent_inverse_stiffness":0.01,"p0":0,"beta":0,"iwan":1,"rn":-1064110575.7900783,"rt":[-2.7533527923082726e-14,-5.7731596624155975e-14]}
MORTAR_OBSERVER {"kind":"LAW","call_id":18,"pair":0,"slot":5,"node":18,"activity":2,"ndof":3,"normal":[1.196430858954852e-08,-4.3492668962924582e-08,-0.999999999999999],"tangents":[1,5.2035971285550893e-16,1.196430858954851e-08,-0,0.99999999999999911,-4.3492668962924588e-08],"ln":40.599862672447578,"lt":[12.179907884622258,-0.035454611748199881],"lt_start":[0.31677899935975595,-0.33175539325043679],"q":0.0040599862672448502,"ut":[248.86883229912354,0.38719638270826001],"gn":0.0040599862672447582,"gt":[0.11863128885262503,0.0029630078150223692],"b":12.179959077555305,"constant_n":10000000000,"constant_t":100,"mu":0.29999999999999999,"normal_mode":1,"tangent_mode":1,"normal_inverse_stiffness":0.0001,"tangent_inverse_stiffness":0.01,"p0":0,"beta":0,"iwan":1,"rn":-2.7582103179213391e-07,"rt":[-3.6703502930279797e-05,-0.054241871308812695]}
MORTAR_OBSERVER {"kind":"LAW","call_id":18,"pair":0,"slot":6,"node":19,"activity":2,"ndof":3,"normal":[1.446566586541265e-08,1.4465665865794023e-08,-0.99999999999999978],"tangents":[0.99999999999999989,-2.0925548893528156e-16,1.4465665865412648e-08,-0,0.99999999999999989,1.4465665865794025e-08],"ln":48.034292256276622,"lt":[14.358633954814685,0.011702193507904716],"lt_start":[-0.33266866751375551,-0.33266866750456553],"q":0.0048034292256278754,"ut":[497.78868777020494,0.67807788862702811],"gn":0.0048034292256276621,"gt":[0.14691302622328442,0.0034437086101247022],"b":14.410288316995949,"constant_n":10000000000,"constant_t":100,"mu":0.29999999999999999,"normal_mode":1,"tangent_mode":1,"normal_inverse_stiffness":0.0001,"tangent_inverse_stiffness":0.01,"p0":0,"beta":0,"iwan":1,"rn":-6.4011296352362024e-07,"rt":[-0.051641123486522389,-0.0078310254047157992]}
MORTAR_OBSERVER {"kind":"LAW","call_id":18,"pair":0,"slot":7,"node":23,"activity":2,"ndof":3,"normal":[-4.3492668963301889e-08,1.1964308589921484e-08,-0.999999999999999],"tangents":[0.99999999999999911,5.2035971287624483e-16,-4.3492668963301889e-08,-0,1,1.1964308589921497e-08],"ln":-2.0490256732708749,"lt":[-0.6834058828187547,0.067124485496978525],"lt_start":[-0.33175539326262177,0.31677899937237669],"q":-0.00020490256732705455,"ut":[248.97726635079761,0.29357062692497143],"gn":-0.00020490256732708751,"gt":[-0.0035165048955613292,-0.0024965451387539816],"b":-0.61470760310202432,"constant_n":10000000000,"constant_t":100,"mu":0.29999999999999999,"normal_mode":1,"tangent_mode":1,"normal_inverse_stiffness":0.0001,"tangent_inverse_stiffness":0.01,"p0":0,"beta":0,"iwan":1,"rn":-0.61470770198126246,"rt":[-0.068698716310830243,0.067857121310241714]}
MORTAR_OBSERVER {"kind":"LAW","call_id":18,"pair":0,"slot":8,"node":24,"activity":2,"ndof":3,"normal":[1.539555916551032e-08,7.2424004571714789e-08,-0.99999999999999734],"tangents":[0.99999999999999989,-1.1150080473870252e-15,1.5395559165510284e-08,-1.9721522630525295e-31,0.99999999999999745,7.2424004571714789e-08],"ln":-8.8867018760168186,"lt":[-2.7409338400015857,0.058878257897410718],"lt_start":[-0.097040503865221894,-0.73660022047532414],"q":-0.00088867018760183407,"ut":[249.00376353099904,0.32830657247518602],"gn":-0.00088867018760168195,"gt":[-0.026438933361363638,0.0079547847837273498],"b":-2.6660110191457398,"constant_n":10000000000,"constant_t":100,"mu":0.29999999999999999,"normal_mode":1,"tangent_mode":1,"normal_inverse_stiffness":0.0001,"tangent_inverse_stiffness":0.01,"p0":0,"beta":0,"iwan":1,"rn":-2.6660105628050457,"rt":[-0.07492503533810746,0.062314485962860017]}
MORTAR_OBSERVER {"kind":"POST_RAW_AFTER_ACTIVE_LOOP","call_id":18,"pair":0,"slot":0,"node":1,"activity":2,"lambda_raw":[0.0044823750185173147,4.6733376922955465e-06,-0.014963354265012508],"gap":-0.0019951154517190732}
MORTAR_OBSERVER {"kind":"POST_RAW_AFTER_ACTIVE_LOOP","call_id":18,"pair":0,"slot":1,"node":2,"activity":1,"lambda_raw":[-2.9903135634975287e-17,1.5321063576290855e-17,4.7295457126810894e-17],"gap":-0.44641936597698373}
MORTAR_OBSERVER {"kind":"POST_RAW_AFTER_ACTIVE_LOOP","call_id":18,"pair":0,"slot":2,"node":3,"activity":2,"lambda_raw":[0.0072313065507816493,3.9229994462450865e-07,-0.024104306006910933],"gap":-0.0032139107376532457}
MORTAR_OBSERVER {"kind":"POST_RAW_AFTER_ACTIVE_LOOP","call_id":18,"pair":0,"slot":3,"node":4,"activity":0,"lambda_raw":[0,0,0],"gap":0.00097886887900602111}
MORTAR_OBSERVER {"kind":"POST_RAW_AFTER_ACTIVE_LOOP","call_id":18,"pair":0,"slot":4,"node":17,"activity":1,"lambda_raw":[-2.7533508302918839e-17,-5.7731549667410469e-17,4.2632528985164652e-17],"gap":-0.35470352526335946}
MORTAR_OBSERVER {"kind":"POST_RAW_AFTER_ACTIVE_LOOP","call_id":18,"pair":0,"slot":5,"node":18,"activity":2,"lambda_raw":[0.012179896907151754,-3.5456344174522663e-05,-0.040599824314290642],"gap":-0.0040599862672448502}
MORTAR_OBSERVER {"kind":"POST_RAW_AFTER_ACTIVE_LOOP","call_id":18,"pair":0,"slot":6,"node":19,"activity":2,"lambda_raw":[0.0071793110816171643,5.8514390894808625e-06,-0.02401712513862278],"gap":-0.0048034292256278754}
MORTAR_OBSERVER {"kind":"POST_RAW_AFTER_ACTIVE_LOOP","call_id":18,"pair":0,"slot":7,"node":23,"activity":0,"lambda_raw":[0,0,0],"gap":0.00020490256732705455}
MORTAR_OBSERVER {"kind":"POST_RAW_AFTER_ACTIVE_LOOP","call_id":18,"pair":0,"slot":8,"node":24,"activity":0,"lambda_raw":[0,0,0],"gap":0.00088867018760183407}
MORTAR_OBSERVER {"kind":"SUMMARY_PRE_OVERRIDE","call_id":18,"ndiverg":14,"flag":1,"keepset":0,"max_n":1339258097.9309511,"max_t":[0.07492503533810746,0.0701763191180243],"lm_t_av":[42.156798356021746,0.05391096779569151],"nstick":2,"nslip":4,"ninactive":3,"nnogap":0,"nolm":0}
MORTAR_OBSERVER {"kind":"SUMMARY_POST_OVERRIDE","call_id":18,"flag":1}
MORTAR_OBSERVER {"kind":"RETURN","call_id":18}
 Using up to 2 cpu(s) for the stress calculation.

 average force= 7.291281
 time avg. forc= 7.291281
 largest residual force= 14.813355 in node 24 and dof 3
 largest increment of disp= 1.730781e-01
 largest correction to disp= 1.226192e-03 in node 19 and dof 1

MORTAR_OBSERVER {"kind":"PRE_CHECK","call_id":18,"step":2,"inc":1,"cutback":0,"iteration":10,"time":0.25,"dtime":0.25,"ttime":1,"tper":1,"theta":0,"dtheta":0.25,"icntrl":0,"nmethod":1,"iexpl":0,"ithermal":0,"uncoupled":0,"mortar":2,"iflagdualquad":2}
 no convergence

MORTAR_OBSERVER {"kind":"POST_CHECK","call_id":18,"step":2,"inc":1,"cutback":0,"iteration":11,"time":0.25,"dtime":0.25,"ttime":1,"tper":1,"theta":0,"dtheta":0.25,"icntrl":0,"nmethod":1,"iexpl":0,"ithermal":0,"uncoupled":0,"mortar":2,"iflagdualquad":2}
 iteration 11

 Determining the structure of the matrix:

 Using up to 2 cpu(s) for setting up the structure of the matrix.
 number of equations
 75
 number of nonzero lower triangular matrix elements
 1143

 Using up to 2 cpu(s) for the stress calculation.

 Using up to 2 cpu(s) for the symmetric stiffness/mass contributions.

 Using up to 2 cpu(s) for the stress calculation.

 Using up to 2 cpu(s) for the symmetric stiffness/mass contributions.

 Factoring the system of equations using the unsymmetric spooles solver
 Using 1 cpu for spooles.

MORTAR_OBSERVER {"kind":"BEGIN","call_id":19,"step":2,"inc":1,"cutback":0,"iteration":11,"time":0.25,"dtime":0.25,"ttime":1,"tper":1,"theta":0,"dtheta":0.25,"icntrl":0,"nmethod":1,"iexpl":0,"ithermal":0,"uncoupled":0,"mortar":2,"iflagdualquad":2}
MORTAR_OBSERVER {"kind":"INVENTORY","call_id":19,"pair_count":1,"slave_count":9}
MORTAR_OBSERVER {"kind":"PAIR","call_id":19,"pair":0,"start":0,"end":9}
MORTAR_OBSERVER {"kind":"PRE_RAW","call_id":19,"pair":0,"slot":0,"node":1,"activity":2,"lambda_raw":[0.001121957585984761,7.9355545114494024e-07,-0.0037398463753425377],"lambda_start":[0.00050771518908920529,0.00050771518909969321,-0.013186514357202705],"ddtil_count":1}
MORTAR_OBSERVER {"kind":"DDTIL","call_id":19,"pair":0,"column_slot":0,"source_slot":0,"destination_slot":0,"entry":0,"value":1333.3343393655837}
MORTAR_OBSERVER {"kind":"PRE_RAW","call_id":19,"pair":0,"slot":1,"node":2,"activity":1,"lambda_raw":[0.0084449713328505465,-0.007878321785120504,-0.035761882065319495],"lambda_start":[-6.5538309315043666e-05,0.00026092037294276585,-0.012777594587534601],"ddtil_count":1}
MORTAR_OBSERVER {"kind":"DDTIL","call_id":19,"pair":0,"column_slot":1,"source_slot":1,"destination_slot":1,"entry":1,"value":666.6672829657565}
MORTAR_OBSERVER {"kind":"PRE_RAW","call_id":19,"pair":0,"slot":2,"node":3,"activity":2,"lambda_raw":[0.0058645942912451824,5.4614833969923207e-06,-0.019548659095078223],"lambda_start":[0.00010155868155003408,0.00010155868154907331,-0.0125689875371119],"ddtil_count":1}
MORTAR_OBSERVER {"kind":"DDTIL","call_id":19,"pair":0,"column_slot":2,"source_slot":2,"destination_slot":2,"entry":2,"value":1333.33470804888}
MORTAR_OBSERVER {"kind":"PRE_RAW","call_id":19,"pair":0,"slot":3,"node":4,"activity":0,"lambda_raw":[-4.6629323927841698e-18,-4.9959989922687532e-18,7.9935983876300046e-18],"lambda_start":[0.00026092037297979141,-6.5538309317234351e-05,-0.012777594587533964],"ddtil_count":1}
MORTAR_OBSERVER {"kind":"DDTIL","call_id":19,"pair":0,"column_slot":3,"source_slot":3,"destination_slot":3,"entry":3,"value":666.66728296575695}
MORTAR_OBSERVER {"kind":"PRE_RAW","call_id":19,"pair":0,"slot":4,"node":17,"activity":1,"lambda_raw":[0.0073179782951116445,-0.0049241190784775997,-0.017551256963176141],"lambda_start":[-0.0007365987945344057,-9.7040249850901462e-05,-0.011300302693721054],"ddtil_count":1}
MORTAR_OBSERVER {"kind":"DDTIL","call_id":19,"pair":0,"column_slot":4,"source_slot":4,"destination_slot":4,"entry":4,"value":1000.0008247327145}
MORTAR_OBSERVER {"kind":"PRE_RAW","call_id":19,"pair":0,"slot":5,"node":18,"activity":2,"lambda_raw":[0.0084427846789591598,6.9958464785602456e-06,-0.028142616572991996],"lambda_start":[0.00031677884056088363,-0.00033175558754602565,-0.011646327674742232],"ddtil_count":1}
MORTAR_OBSERVER {"kind":"DDTIL","call_id":19,"pair":0,"column_slot":5,"source_slot":5,"destination_slot":5,"entry":5,"value":1000.0009411590161}
MORTAR_OBSERVER {"kind":"PRE_RAW","call_id":19,"pair":0,"slot":6,"node":19,"activity":2,"lambda_raw":[0.0029120298087945058,2.132103105208778e-06,-0.0097067103031048697],"lambda_start":[-0.00016633402471439708,-0.00016633402470980207,-0.011364585339352794],"ddtil_count":1}
MORTAR_OBSERVER {"kind":"DDTIL","call_id":19,"pair":0,"column_slot":6,"source_slot":6,"destination_slot":6,"entry":6,"value":2000.0017392237551}
MORTAR_OBSERVER {"kind":"PRE_RAW","call_id":19,"pair":0,"slot":7,"node":23,"activity":0,"lambda_raw":[7.9935982540540595e-18,-5.356821052195949e-18,3.1086215432432452e-18],"lambda_start":[-0.00033175558755821078,0.00031677884057350418,-0.011646327674742355],"ddtil_count":1}
MORTAR_OBSERVER {"kind":"DDTIL","call_id":19,"pair":0,"column_slot":7,"source_slot":7,"destination_slot":7,"entry":7,"value":1000.0009411590161}
MORTAR_OBSERVER {"kind":"PRE_RAW","call_id":19,"pair":0,"slot":8,"node":24,"activity":0,"lambda_raw":[1.0658132246291175e-17,-2.0108897949057178e-17,0],"lambda_start":[-9.7040249858331947e-05,-0.00073659879456435451,-0.011300302693717842],"ddtil_count":1}
MORTAR_OBSERVER {"kind":"DDTIL","call_id":19,"pair":0,"column_slot":8,"source_slot":8,"destination_slot":8,"entry":8,"value":1000.0008247327135}
MORTAR_OBSERVER {"kind":"LAW","call_id":19,"pair":0,"slot":0,"node":1,"activity":2,"ndof":3,"normal":[7.4139640564509083e-08,7.413964056489398e-08,-0.99999999999999456],"tangents":[0.99999999999999722,-5.4966863030631521e-15,7.4139640564508898e-08,-7.8886090522101181e-31,0.99999999999999734,7.4139640564894179e-08],"ln":4.986465707183326,"lt":[1.495944207010425,0.0010577050384353026],"lt_start":[0.6769527927045591,0.67695279271854691],"q":0.00049864657071844922,"ut":[332.09305397794367,0.35229171733504033],"gn":0.00049864657071833267,"gt":[0.0081899141430586582,-0.0067589508768011166],"b":1.4959400618101983,"constant_n":10000000000,"constant_t":100,"mu":0.29999999999999999,"normal_mode":1,"tangent_mode":1,"normal_inverse_stiffness":0.0001,"tangent_inverse_stiffness":0.01,"p0":0,"beta":0,"iwan":1,"rn":-3.4965520057106403e-07,"rt":[5.0195467597990984e-06,-0.00055968151063574985]}
MORTAR_OBSERVER {"kind":"LAW","call_id":19,"pair":0,"slot":1,"node":2,"activity":1,"ndof":3,"normal":[6.8387805827692747e-08,-4.1027950443498291e-08,-0.99999999999999689],"tangents":[0.99999999999999767,2.8058115084381685e-15,6.8387805827692694e-08,-3.944304526105059e-31,0.99999999999999922,-4.102795044349839e-08],"ln":23.84127735073848,"lt":[5.6299844627425442,-5.2522184006574895],"lt_start":[-0.043692829156205842,0.17394742559283358],"q":0.0023841277350739598,"ut":[166.0154835808541,0.21642022406520395],"gn":0.0023841277350738479,"gt":[0.056736772918987502,-0.054261658262503232],"b":7.1523835408905363,"constant_n":10000000000,"constant_t":100,"mu":0.29999999999999999,"normal_mode":1,"tangent_mode":1,"normal_inverse_stiffness":0.0001,"tangent_inverse_stiffness":0.01,"p0":0,"beta":0,"iwan":1,"rn":-3.3566899215742296e-07,"rt":[165.95874680793511,0.27068188232770718]}
MORTAR_OBSERVER {"kind":"LAW","call_id":19,"pair":0,"slot":2,"node":3,"activity":2,"ndof":3,"normal":[-4.5208292547312871e-08,-4.52082925469361e-08,-0.999999999999998],"tangents":[0.999999999999999,-2.0437897150263934e-15,-4.5208292547312824e-08,3.944304526105059e-31,0.999999999999999,-4.5208292546936146e-08],"ln":26.064905313449184,"lt":[7.8194682954923964,0.0072831637205231694],"lt_start":[0.13541247264507875,0.13541247264379797],"q":0.0026064905313448088,"ut":[332.09221058255412,0.31735442289667493],"gn":0.0026064905313449185,"gt":[0.076840558228473174,-0.0012812930892327479],"b":7.819471264870975,"constant_n":10000000000,"constant_t":100,"mu":0.29999999999999999,"normal_mode":1,"tangent_mode":1,"normal_inverse_stiffness":0.0001,"tangent_inverse_stiffness":0.01,"p0":0,"beta":0,"iwan":1,"rn":3.2916377978864375e-07,"rt":[6.315424325720187e-07,-0.00022114062984882315]}
MORTAR_OBSERVER {"kind":"LAW","call_id":19,"pair":0,"slot":3,"node":4,"activity":0,"ndof":3,"normal":[-4.1027950443876154e-08,6.8387805828061921e-08,-0.99999999999999689],"tangents":[0.99999999999999922,2.8058115084791518e-15,-4.1027950443876068e-08,3.944304526105059e-31,0.99999999999999778,6.8387805828061987e-08],"ln":-5.3290706184373931e-15,"lt":[-3.1086246875912865e-15,-3.3306687094320221e-15],"lt_start":[0.1739474256175173,-0.043692829157666827],"q":-0.070835312414177121,"ut":[166.07312322626365,0.17691173079532152],"gn":-5.3290706184373936e-19,"gt":[-0.0017394742561752041,0.00043692829157663496],"b":-212505937.24253136,"constant_n":10000000000,"constant_t":100,"mu":0.29999999999999999,"normal_mode":1,"tangent_mode":1,"normal_inverse_stiffness":0.0001,"tangent_inverse_stiffness":0.01,"p0":0,"beta":0,"iwan":1,"rn":-1.5987211855312178e-15,"rt":[-3.1086246875912865e-15,-3.3306687094320221e-15]}
MORTAR_OBSERVER {"kind":"LAW","call_id":19,"pair":0,"slot":4,"node":17,"activity":1,"ndof":3,"normal":[7.2424004571337343e-08,1.5395559165892368e-08,-0.99999999999999734],"tangents":[0.99999999999999745,-1.1150080474088865e-15,7.2424004571337343e-08,-0,1,1.5395559165892408e-08],"ln":17.551271892459994,"lt":[7.317983059354372,-4.9241234097713313],"lt_start":[-0.73660022044537588,-0.097040503857792323],"q":0.0017551271892458087,"ut":[248.99462068712046,0.28624626337332149],"gn":0.0017551271892459995,"gt":[0.080545832797997471,-0.048270829059135385],"b":5.2653809952792505,"constant_n":10000000000,"constant_t":100,"mu":0.29999999999999999,"normal_mode":1,"tangent_mode":1,"normal_inverse_stiffness":0.0001,"tangent_inverse_stiffness":0.01,"p0":0,"beta":0,"iwan":1,"rn":5.7245874707234634e-07,"rt":[248.91407485432245,0.33451709243245686]}
MORTAR_OBSERVER {"kind":"LAW","call_id":19,"pair":0,"slot":5,"node":18,"activity":2,"ndof":3,"normal":[1.196430858954852e-08,-4.3492668962924582e-08,-0.999999999999999],"tangents":[1,5.2035971285550893e-16,1.196430858954851e-08,-0,0.99999999999999911,-4.3492668962924588e-08],"ln":28.142643160377197,"lt":[8.4427922882548145,0.0069970770614225632],"lt_start":[0.31677899935975595,-0.33175539325043679],"q":0.0028142643160377714,"ut":[249.05301946523585,0.26353797481216301],"gn":0.0028142643160377198,"gt":[0.081260132888950593,0.0033875247031185936],"b":8.4427931029372285,"constant_n":10000000000,"constant_t":100,"mu":0.29999999999999999,"normal_mode":1,"tangent_mode":1,"normal_inverse_stiffness":0.0001,"tangent_inverse_stiffness":0.01,"p0":0,"beta":0,"iwan":1,"rn":-1.5482407000888543e-07,"rt":[3.7936508086033882e-06,-0.0018241692592414266]}
MORTAR_OBSERVER {"kind":"LAW","call_id":19,"pair":0,"slot":6,"node":19,"activity":2,"ndof":3,"normal":[1.446566586541265e-08,1.4465665865794023e-08,-0.99999999999999978],"tangents":[0.99999999999999989,-2.0925548893528156e-16,1.4465665865412648e-08,-0,0.99999999999999989,1.4465665865794025e-08],"ln":19.41343757266154,"lt":[5.8240644014321292,0.004263929090321911],"lt_start":[-0.33266866751375551,-0.33266866750456553],"q":0.0019413437572663537,"ut":[498.11227642897961,0.55292675209598696],"gn":0.001941343757266154,"gt":[0.061567330689458848,0.0033693259659488745],"b":5.8240318709285823,"constant_n":10000000000,"constant_t":100,"mu":0.29999999999999999,"normal_mode":1,"tangent_mode":1,"normal_inverse_stiffness":0.0001,"tangent_inverse_stiffness":0.01,"p0":0,"beta":0,"iwan":1,"rn":-5.9913012062651205e-07,"rt":[3.6075682907643625e-05,-0.0021621476756168634]}
MORTAR_OBSERVER {"kind":"LAW","call_id":19,"pair":0,"slot":7,"node":23,"activity":0,"ndof":3,"normal":[-4.3492668963301889e-08,1.1964308589921484e-08,-0.999999999999999],"tangents":[0.99999999999999911,5.2035971287624483e-16,-4.3492668963301889e-08,-0,1,1.1964308589921497e-08],"ln":-3.1086248807044054e-15,"lt":[7.9936056420987425e-15,-5.3568260566238369e-15],"lt_start":[-0.33175539326262177,0.31677899937237669],"q":0.027279021459442481,"ut":[249.07009863673824,0.2542081351440395],"gn":-3.1086248807044054e-19,"gt":[0.0033175539326262978,-0.0031677899937238201],"b":81837064.378327429,"constant_n":10000000000,"constant_t":100,"mu":0.29999999999999999,"normal_mode":1,"tangent_mode":1,"normal_inverse_stiffness":0.0001,"tangent_inverse_stiffness":0.01,"p0":0,"beta":0,"iwan":1,"rn":-81837064.378327429,"rt":[7.9936056420987425e-15,-5.3568260566238369e-15]}
MORTAR_OBSERVER {"kind":"LAW","call_id":19,"pair":0,"slot":8,"node":24,"activity":0,"ndof":3,"normal":[1.539555916551032e-08,7.2424004571714789e-08,-0.99999999999999734],"tangents":[0.99999999999999989,-1.1150080473870252e-15,1.5395559165510284e-08,-1.9721522630525295e-31,0.99999999999999745,7.2424004571714789e-08],"ln":-1.2922800771878297e-21,"lt":[1.0658141036401523e-14,-2.0108914533523097e-14],"lt_start":[-0.097040503865221894,-0.73660022047532414],"q":-0.064104414658062547,"ut":[249.11228633263937,0.26793574847038909],"gn":-1.2922800771878297e-25,"gt":[0.00097040503865232551,0.0073660022047530409],"b":-192313243.97418761,"constant_n":10000000000,"constant_t":100,"mu":0.29999999999999999,"normal_mode":1,"tangent_mode":1,"normal_inverse_stiffness":0.0001,"tangent_inverse_stiffness":0.01,"p0":0,"beta":0,"iwan":1,"rn":-3.876840231563489e-22,"rt":[1.0658141036401523e-14,-2.0108914533523097e-14]}
MORTAR_OBSERVER {"kind":"POST_RAW_AFTER_ACTIVE_LOOP","call_id":19,"pair":0,"slot":0,"node":1,"activity":2,"lambda_raw":[0.001121957585984761,7.9355545114494024e-07,-0.0037398463753425377],"gap":-0.00049864657071844922}
MORTAR_OBSERVER {"kind":"POST_RAW_AFTER_ACTIVE_LOOP","call_id":19,"pair":0,"slot":1,"node":2,"activity":2,"lambda_raw":[0.0084449713328505465,-0.007878321785120504,-0.035761882065319495],"gap":-0.0023841277350739598}
MORTAR_OBSERVER {"kind":"POST_RAW_AFTER_ACTIVE_LOOP","call_id":19,"pair":0,"slot":2,"node":3,"activity":2,"lambda_raw":[0.0058645942912451824,5.4614833969923207e-06,-0.019548659095078223],"gap":-0.0026064905313448088}
MORTAR_OBSERVER {"kind":"POST_RAW_AFTER_ACTIVE_LOOP","call_id":19,"pair":0,"slot":3,"node":4,"activity":0,"lambda_raw":[0,0,0],"gap":0.070835312414177121}
MORTAR_OBSERVER {"kind":"POST_RAW_AFTER_ACTIVE_LOOP","call_id":19,"pair":0,"slot":4,"node":17,"activity":2,"lambda_raw":[0.0073179782951116445,-0.0049241190784775997,-0.017551256963176141],"gap":-0.0017551271892458087}
MORTAR_OBSERVER {"kind":"POST_RAW_AFTER_ACTIVE_LOOP","call_id":19,"pair":0,"slot":5,"node":18,"activity":2,"lambda_raw":[0.0084427846789591598,6.9958464785602456e-06,-0.028142616572991996],"gap":-0.0028142643160377714}
MORTAR_OBSERVER {"kind":"POST_RAW_AFTER_ACTIVE_LOOP","call_id":19,"pair":0,"slot":6,"node":19,"activity":2,"lambda_raw":[0.0029120298087945058,2.132103105208778e-06,-0.0097067103031048697],"gap":-0.0019413437572663537}
MORTAR_OBSERVER {"kind":"POST_RAW_AFTER_ACTIVE_LOOP","call_id":19,"pair":0,"slot":7,"node":23,"activity":1,"lambda_raw":[7.9935982540540595e-18,-5.356821052195949e-18,3.1086215432432452e-18],"gap":-0.027279021459442481}
MORTAR_OBSERVER {"kind":"POST_RAW_AFTER_ACTIVE_LOOP","call_id":19,"pair":0,"slot":8,"node":24,"activity":0,"lambda_raw":[0,0,0],"gap":0.064104414658062547}
MORTAR_OBSERVER {"kind":"SUMMARY_PRE_OVERRIDE","call_id":19,"ndiverg":14,"flag":1,"keepset":0,"max_n":81837064.378327429,"max_t":[248.91407485432245,0.33451709243245686],"lm_t_av":[36.530236714286687,10.195943685339529],"nstick":1,"nslip":6,"ninactive":2,"nnogap":0,"nolm":0}
MORTAR_OBSERVER {"kind":"SUMMARY_POST_OVERRIDE","call_id":19,"flag":1}
MORTAR_OBSERVER {"kind":"RETURN","call_id":19}
 Using up to 2 cpu(s) for the stress calculation.

 average force= 6.210505
 time avg. forc= 6.210505
 largest residual force= 0.000455 in node 19 and dof 3
 largest increment of disp= 1.730781e-01
 largest correction to disp= 5.633350e-04 in node 2 and dof 3

MORTAR_OBSERVER {"kind":"PRE_CHECK","call_id":19,"step":2,"inc":1,"cutback":0,"iteration":11,"time":0.25,"dtime":0.25,"ttime":1,"tper":1,"theta":0,"dtheta":0.25,"icntrl":0,"nmethod":1,"iexpl":0,"ithermal":0,"uncoupled":0,"mortar":2,"iflagdualquad":2}
 no convergence

MORTAR_OBSERVER {"kind":"POST_CHECK","call_id":19,"step":2,"inc":1,"cutback":0,"iteration":12,"time":0.25,"dtime":0.25,"ttime":1,"tper":1,"theta":0,"dtheta":0.25,"icntrl":0,"nmethod":1,"iexpl":0,"ithermal":0,"uncoupled":0,"mortar":2,"iflagdualquad":2}
 iteration 12

 Determining the structure of the matrix:

 Using up to 2 cpu(s) for setting up the structure of the matrix.
 number of equations
 75
 number of nonzero lower triangular matrix elements
 1143

 Using up to 2 cpu(s) for the stress calculation.

 Using up to 2 cpu(s) for the symmetric stiffness/mass contributions.

 Using up to 2 cpu(s) for the stress calculation.

 Using up to 2 cpu(s) for the symmetric stiffness/mass contributions.

 Factoring the system of equations using the unsymmetric spooles solver
 Using 1 cpu for spooles.

MORTAR_OBSERVER {"kind":"BEGIN","call_id":20,"step":2,"inc":1,"cutback":0,"iteration":12,"time":0.25,"dtime":0.25,"ttime":1,"tper":1,"theta":0,"dtheta":0.25,"icntrl":0,"nmethod":1,"iexpl":0,"ithermal":0,"uncoupled":0,"mortar":2,"iflagdualquad":2}
MORTAR_OBSERVER {"kind":"INVENTORY","call_id":20,"pair_count":1,"slave_count":9}
MORTAR_OBSERVER {"kind":"PAIR","call_id":20,"pair":0,"start":0,"end":9}
MORTAR_OBSERVER {"kind":"PRE_RAW","call_id":20,"pair":0,"slot":0,"node":1,"activity":2,"lambda_raw":[0.00097982617722435416,5.2708679135521464e-07,-0.0032660863673011843],"lambda_start":[0.00050771518908920529,0.00050771518909969321,-0.013186514357202705],"ddtil_count":1}
MORTAR_OBSERVER {"kind":"DDTIL","call_id":20,"pair":0,"column_slot":0,"source_slot":0,"destination_slot":0,"entry":0,"value":1333.3343393655837}
MORTAR_OBSERVER {"kind":"PRE_RAW","call_id":20,"pair":0,"slot":1,"node":2,"activity":2,"lambda_raw":[0.0098404920227048703,3.2026087545577926e-06,-0.03280208253408614],"lambda_start":[-6.5538309315043666e-05,0.00026092037294276585,-0.012777594587534601],"ddtil_count":1}
MORTAR_OBSERVER {"kind":"DDTIL","call_id":20,"pair":0,"column_slot":1,"source_slot":1,"destination_slot":1,"entry":1,"value":666.6672829657565}
MORTAR_OBSERVER {"kind":"PRE_RAW","call_id":20,"pair":0,"slot":2,"node":3,"activity":2,"lambda_raw":[0.0061448358296798834,3.334308440749371e-06,-0.020482790700409207],"lambda_start":[0.00010155868155003408,0.00010155868154907331,-0.0125689875371119],"ddtil_count":1}
MORTAR_OBSERVER {"kind":"DDTIL","call_id":20,"pair":0,"column_slot":2,"source_slot":2,"destination_slot":2,"entry":2,"value":1333.33470804888}
MORTAR_OBSERVER {"kind":"PRE_RAW","call_id":20,"pair":0,"slot":3,"node":4,"activity":0,"lambda_raw":[-3.709786156614956e-18,9.0925222473895471e-18,-2.7211128503820067e-18],"lambda_start":[0.00026092037297979141,-6.5538309317234351e-05,-0.012777594587533964],"ddtil_count":1}
MORTAR_OBSERVER {"kind":"DDTIL","call_id":20,"pair":0,"column_slot":3,"source_slot":3,"destination_slot":3,"entry":3,"value":666.66728296575695}
MORTAR_OBSERVER {"kind":"PRE_RAW","call_id":20,"pair":0,"slot":4,"node":17,"activity":2,"lambda_raw":[0.0043432056336143582,1.7815962499247373e-06,-0.014477065469565703],"lambda_start":[-0.0007365987945344057,-9.7040249850901462e-05,-0.011300302693721054],"ddtil_count":1}
MORTAR_OBSERVER {"kind":"DDTIL","call_id":20,"pair":0,"column_slot":4,"source_slot":4,"destination_slot":4,"entry":4,"value":1000.0008247327145}
MORTAR_OBSERVER {"kind":"PRE_RAW","call_id":20,"pair":0,"slot":5,"node":18,"activity":2,"lambda_raw":[0.0084191881640977798,4.1222338840674592e-06,-0.028063958370006286],"lambda_start":[0.00031677884056088363,-0.00033175558754602565,-0.011646327674742232],"ddtil_count":1}
MORTAR_OBSERVER {"kind":"DDTIL","call_id":20,"pair":0,"column_slot":5,"source_slot":5,"destination_slot":5,"entry":5,"value":1000.0009411590161}
MORTAR_OBSERVER {"kind":"PRE_RAW","call_id":20,"pair":0,"slot":6,"node":19,"activity":2,"lambda_raw":[0.0030943672193476167,2.0252229007653902e-06,-0.010314558025036486],"lambda_start":[-0.00016633402471439708,-0.00016633402470980207,-0.011364585339352794],"ddtil_count":1}
MORTAR_OBSERVER {"kind":"DDTIL","call_id":20,"pair":0,"column_slot":6,"source_slot":6,"destination_slot":6,"entry":6,"value":2000.0017392237551}
MORTAR_OBSERVER {"kind":"PRE_RAW","call_id":20,"pair":0,"slot":7,"node":23,"activity":1,"lambda_raw":[0.0014318876973977307,-0.0050636032590260054,-0.0032965246100892264],"lambda_start":[-0.00033175558755821078,0.00031677884057350418,-0.011646327674742355],"ddtil_count":1}
MORTAR_OBSERVER {"kind":"DDTIL","call_id":20,"pair":0,"column_slot":7,"source_slot":7,"destination_slot":7,"entry":7,"value":1000.0009411590161}
MORTAR_OBSERVER {"kind":"PRE_RAW","call_id":20,"pair":0,"slot":8,"node":24,"activity":0,"lambda_raw":[3.4576940592358985e-18,-6.3677140071208676e-18,5.3420519745500867e-18],"lambda_start":[-9.7040249858331947e-05,-0.00073659879456435451,-0.011300302693717842],"ddtil_count":1}
MORTAR_OBSERVER {"kind":"DDTIL","call_id":20,"pair":0,"column_slot":8,"source_slot":8,"destination_slot":8,"entry":8,"value":1000.0008247327135}
MORTAR_OBSERVER {"kind":"LAW","call_id":20,"pair":0,"slot":0,"node":1,"activity":2,"ndof":3,"normal":[7.4139640564509083e-08,7.413964056489398e-08,-0.99999999999999456],"tangents":[0.99999999999999722,-5.4966863030631521e-15,7.4139640564508898e-08,-7.8886090522101181e-31,0.99999999999999734,7.4139640564894179e-08],"ln":4.3547852057672314,"lt":[1.3064355658403333,0.00070246005653722056],"lt_start":[0.6769527927045591,0.67695279271854691],"q":0.00043547852057673612,"ut":[332.13689698616844,0.19469369857709823],"gn":0.00043547852057672316,"gt":[0.006294827731357742,-0.0067625033266200977],"b":1.3064356005988171,"constant_n":10000000000,"constant_t":100,"mu":0.29999999999999999,"normal_mode":1,"tangent_mode":1,"normal_inverse_stiffness":0.0001,"tangent_inverse_stiffness":0.01,"p0":0,"beta":0,"iwan":1,"rn":-3.8868647855849758e-08,"rt":[2.0556571911356514e-07,-8.9964154535431429e-05]}
MORTAR_OBSERVER {"kind":"LAW","call_id":20,"pair":0,"slot":1,"node":2,"activity":2,"ndof":3,"normal":[6.8387805827692747e-08,-4.1027950443498291e-08,-0.99999999999999689],"tangents":[0.99999999999999767,2.8058115084381685e-15,6.8387805827692694e-08,-3.944304526105059e-31,0.99999999999999922,-4.102795044349839e-08],"ln":21.868075687176891,"lt":[6.5603325843131586,0.002135971679110572],"lt_start":[-0.043692829156205842,0.17394742559283358],"q":0.0021868075687177181,"ut":[166.00767166288057,0.071353654798096341],"gn":0.0021868075687176891,"gt":[0.066040254134693652,-0.0017181145391372303],"b":6.5604227933229211,"constant_n":10000000000,"constant_t":100,"mu":0.29999999999999999,"normal_mode":1,"tangent_mode":1,"normal_inverse_stiffness":0.0001,"tangent_inverse_stiffness":0.01,"p0":0,"beta":0,"iwan":1,"rn":-8.7169854445789952e-08,"rt":[-8.9573092159511702e-05,-0.00075258787172325292]}
MORTAR_OBSERVER {"kind":"LAW","call_id":20,"pair":0,"slot":2,"node":3,"activity":2,"ndof":3,"normal":[-4.5208292547312871e-08,-4.52082925469361e-08,-0.999999999999998],"tangents":[0.999999999999999,-2.0437897150263934e-15,-4.5208292547312824e-08,3.944304526105059e-31,0.999999999999999,-4.5208292546936146e-08],"ln":27.31041538795829,"lt":[8.1931241216317812,0.0044469838286566657],"lt_start":[0.13541247264507875,0.13541247264379797],"q":0.0027310415387958404,"ut":[332.08249799864444,0.17227105741108148],"gn":0.0027310415387958292,"gt":[0.080577116489867026,-0.001309654888151413],"b":8.1931246502145942,"constant_n":10000000000,"constant_t":100,"mu":0.29999999999999999,"normal_mode":1,"tangent_mode":1,"normal_inverse_stiffness":0.0001,"tangent_inverse_stiffness":0.01,"p0":0,"beta":0,"iwan":1,"rn":-3.3827108225636948e-08,"rt":[5.9124020346246198e-07,0.00016332909463799387]}
MORTAR_OBSERVER {"kind":"LAW","call_id":20,"pair":0,"slot":3,"node":4,"activity":0,"ndof":3,"normal":[-4.1027950443876154e-08,6.8387805828061921e-08,-0.99999999999999689],"tangents":[0.99999999999999922,2.8058115084791518e-15,-4.1027950443876068e-08,3.944304526105059e-31,0.99999999999999778,6.8387805828061987e-08],"ln":1.8140774266228957e-15,"lt":[-2.473192982986594e-15,6.0616869779121343e-15],"lt_start":[0.1739474256175173,-0.043692829157666827],"q":-0.061105923169718891,"ut":[166.08061815661438,0.10907295631236738],"gn":1.8140774266228958e-19,"gt":[-0.0017394742561751978,0.00043692829157672891],"b":-183317769.50915664,"constant_n":10000000000,"constant_t":100,"mu":0.29999999999999999,"normal_mode":1,"tangent_mode":1,"normal_inverse_stiffness":0.0001,"tangent_inverse_stiffness":0.01,"p0":0,"beta":0,"iwan":1,"rn":5.4422322798686869e-16,"rt":[-2.473192982986594e-15,6.0616869779121343e-15]}
MORTAR_OBSERVER {"kind":"LAW","call_id":20,"pair":0,"slot":4,"node":17,"activity":2,"ndof":3,"normal":[7.2424004571337343e-08,1.5395559165892368e-08,-0.99999999999999734],"tangents":[0.99999999999999745,-1.1150080474088865e-15,7.2424004571337343e-08,-0,1,1.5395559165892408e-08],"ln":14.477077723855199,"lt":[4.3432081671101992,0.001781374836563645],"lt_start":[-0.73660022044537588,-0.097040503857792323],"q":0.0014477077723855326,"ut":[249.0180519634913,0.12219899854648948],"gn":0.00144770777238552,"gt":[0.050798083875555754,0.0009882187869435597],"b":4.3431233548867949,"constant_n":10000000000,"constant_t":100,"mu":0.29999999999999999,"normal_mode":1,"tangent_mode":1,"normal_inverse_stiffness":0.0001,"tangent_inverse_stiffness":0.01,"p0":0,"beta":0,"iwan":1,"rn":-3.773023493636174e-08,"rt":[8.5326914026850886e-05,-0.00033303511864174527]}
MORTAR_OBSERVER {"kind":"LAW","call_id":20,"pair":0,"slot":5,"node":18,"activity":2,"ndof":3,"normal":[1.196430858954852e-08,-4.3492668962924582e-08,-0.999999999999999],"tangents":[1,5.2035971285550893e-16,1.196430858954851e-08,-0,0.99999999999999911,-4.3492668962924588e-08],"ln":28.063984883204277,"lt":[8.4191957521264538,0.0041234583413449748],"lt_start":[0.31677899935975595,-0.33175539325043679],"q":0.0028063984883204556,"ut":[249.06190087451154,0.12569116704158276],"gn":0.0028063984883204278,"gt":[0.081024167527666988,0.0033587885159178177],"b":8.419195548228009,"constant_n":10000000000,"constant_t":100,"mu":0.29999999999999999,"normal_mode":1,"tangent_mode":1,"normal_inverse_stiffness":0.0001,"tangent_inverse_stiffness":0.01,"p0":0,"beta":0,"iwan":1,"rn":-8.3266726846886741e-08,"rt":[1.2201247763243828e-06,-1.316049434191887e-05]}
MORTAR_OBSERVER {"kind":"LAW","call_id":20,"pair":0,"slot":6,"node":19,"activity":2,"ndof":3,"normal":[1.446566586541265e-08,1.4465665865794023e-08,-0.99999999999999978],"tangents":[0.99999999999999989,-2.0925548893528156e-16,1.4465665865412648e-08,-0,0.99999999999999989,1.4465665865794025e-08],"ln":20.629134078980144,"lt":[6.1887395220780483,0.0040501509096871665],"lt_start":[-0.33266866751375551,-0.33266866750456553],"q":0.00206291340789804,"ut":[498.1455951052929,0.31532959109468245],"gn":0.0020629134078980144,"gt":[0.065214081895918041,0.0033671881841425273],"b":6.1887403004555566,"constant_n":10000000000,"constant_t":100,"mu":0.29999999999999999,"normal_mode":1,"tangent_mode":1,"normal_inverse_stiffness":0.0001,"tangent_inverse_stiffness":0.01,"p0":0,"beta":0,"iwan":1,"rn":-7.6761513589929109e-08,"rt":[4.3552168005334124e-07,0.00017393985088525257]}
MORTAR_OBSERVER {"kind":"LAW","call_id":20,"pair":0,"slot":7,"node":23,"activity":1,"ndof":3,"normal":[-4.3492668963301889e-08,1.1964308589921484e-08,-0.999999999999999],"tangents":[0.99999999999999911,5.2035971287624483e-16,-4.3492668963301889e-08,-0,1,1.1964308589921497e-08],"ln":3.2965275897838366,"lt":[1.4318891884065315,-5.0636080641225414],"lt_start":[-0.33175539326262177,0.31677899937237669],"q":0.00032965275897838334,"ut":[249.08441451878008,0.20357205139256015],"gn":0.00032965275897838366,"gt":[0.017636445816691534,-0.053803870634949187],"b":0.98895827595936892,"constant_n":10000000000,"constant_t":100,"mu":0.29999999999999999,"normal_mode":1,"tangent_mode":1,"normal_inverse_stiffness":0.0001,"tangent_inverse_stiffness":0.01,"p0":0,"beta":0,"iwan":1,"rn":9.7578201074810522e-10,"rt":[249.06677807296339,0.25737592202750936]}
MORTAR_OBSERVER {"kind":"LAW","call_id":20,"pair":0,"slot":8,"node":24,"activity":0,"ndof":3,"normal":[1.539555916551032e-08,7.2424004571714789e-08,-0.99999999999999734],"tangents":[0.99999999999999989,-1.1150080473870252e-15,1.5395559165510284e-08,-1.9721522630525295e-31,0.99999999999999745,7.2424004571714789e-08],"ln":-5.3420567882576442e-15,"lt":[3.457696993153254e-15,-6.3677188718897876e-15],"lt_start":[-0.097040503865221894,-0.73660022047532414],"q":-0.046339867441551302,"ut":[249.13821527122116,0.15493120965848281],"gn":-5.3420567882576448e-19,"gt":[0.00097040503865225352,0.0073660022047531779],"b":-139019602.32465389,"constant_n":10000000000,"constant_t":100,"mu":0.29999999999999999,"normal_mode":1,"tangent_mode":1,"normal_inverse_stiffness":0.0001,"tangent_inverse_stiffness":0.01,"p0":0,"beta":0,"iwan":1,"rn":-1.6026170364772932e-15,"rt":[3.457696993153254e-15,-6.3677188718897876e-15]}
MORTAR_OBSERVER {"kind":"POST_RAW_AFTER_ACTIVE_LOOP","call_id":20,"pair":0,"slot":0,"node":1,"activity":2,"lambda_raw":[0.00097982617722435416,5.2708679135521464e-07,-0.0032660863673011843],"gap":-0.00043547852057673612}
MORTAR_OBSERVER {"kind":"POST_RAW_AFTER_ACTIVE_LOOP","call_id":20,"pair":0,"slot":1,"node":2,"activity":2,"lambda_raw":[0.0098404920227048703,3.2026087545577926e-06,-0.03280208253408614],"gap":-0.0021868075687177181}
MORTAR_OBSERVER {"kind":"POST_RAW_AFTER_ACTIVE_LOOP","call_id":20,"pair":0,"slot":2,"node":3,"activity":2,"lambda_raw":[0.0061448358296798834,3.334308440749371e-06,-0.020482790700409207],"gap":-0.0027310415387958404}
MORTAR_OBSERVER {"kind":"POST_RAW_AFTER_ACTIVE_LOOP","call_id":20,"pair":0,"slot":3,"node":4,"activity":0,"lambda_raw":[0,0,0],"gap":0.061105923169718891}
MORTAR_OBSERVER {"kind":"POST_RAW_AFTER_ACTIVE_LOOP","call_id":20,"pair":0,"slot":4,"node":17,"activity":2,"lambda_raw":[0.0043432056336143582,1.7815962499247373e-06,-0.014477065469565703],"gap":-0.0014477077723855326}
MORTAR_OBSERVER {"kind":"POST_RAW_AFTER_ACTIVE_LOOP","call_id":20,"pair":0,"slot":5,"node":18,"activity":2,"lambda_raw":[0.0084191881640977798,4.1222338840674592e-06,-0.028063958370006286],"gap":-0.0028063984883204556}
MORTAR_OBSERVER {"kind":"POST_RAW_AFTER_ACTIVE_LOOP","call_id":20,"pair":0,"slot":6,"node":19,"activity":2,"lambda_raw":[0.0030943672193476167,2.0252229007653902e-06,-0.010314558025036486],"gap":-0.00206291340789804}
MORTAR_OBSERVER {"kind":"POST_RAW_AFTER_ACTIVE_LOOP","call_id":20,"pair":0,"slot":7,"node":23,"activity":2,"lambda_raw":[0.0014318876973977307,-0.0050636032590260054,-0.0032965246100892264],"gap":-0.00032965275897838334}
MORTAR_OBSERVER {"kind":"POST_RAW_AFTER_ACTIVE_LOOP","call_id":20,"pair":0,"slot":8,"node":24,"activity":0,"lambda_raw":[0,0,0],"gap":0.046339867441551302}
MORTAR_OBSERVER {"kind":"SUMMARY_PRE_OVERRIDE","call_id":20,"ndiverg":14,"flag":1,"keepset":0,"max_n":8.7169854445789952e-08,"max_t":[249.06677807296339,0.25737592202750936],"lm_t_av":[36.442924901506501,5.0808484637744415],"nstick":0,"nslip":7,"ninactive":2,"nnogap":0,"nolm":0}
MORTAR_OBSERVER {"kind":"SUMMARY_POST_OVERRIDE","call_id":20,"flag":1}
MORTAR_OBSERVER {"kind":"RETURN","call_id":20}
 Using up to 2 cpu(s) for the stress calculation.

 average force= 6.047669
 time avg. forc= 6.047669
 largest residual force= 0.000022 in node 33 and dof 2
 largest increment of disp= 1.730781e-01
 largest correction to disp= 1.608981e-04 in node 2 and dof 2

MORTAR_OBSERVER {"kind":"PRE_CHECK","call_id":20,"step":2,"inc":1,"cutback":0,"iteration":12,"time":0.25,"dtime":0.25,"ttime":1,"tper":1,"theta":0,"dtheta":0.25,"icntrl":0,"nmethod":1,"iexpl":0,"ithermal":0,"uncoupled":0,"mortar":2,"iflagdualquad":2}
 no convergence

MORTAR_OBSERVER {"kind":"POST_CHECK","call_id":20,"step":2,"inc":1,"cutback":0,"iteration":13,"time":0.25,"dtime":0.25,"ttime":1,"tper":1,"theta":0,"dtheta":0.25,"icntrl":0,"nmethod":1,"iexpl":0,"ithermal":0,"uncoupled":0,"mortar":2,"iflagdualquad":2}
 iteration 13

 Determining the structure of the matrix:

 Using up to 2 cpu(s) for setting up the structure of the matrix.
 number of equations
 75
 number of nonzero lower triangular matrix elements
 1143

 Using up to 2 cpu(s) for the stress calculation.

 Using up to 2 cpu(s) for the symmetric stiffness/mass contributions.

 Using up to 2 cpu(s) for the stress calculation.

 Using up to 2 cpu(s) for the symmetric stiffness/mass contributions.

 Factoring the system of equations using the unsymmetric spooles solver
 Using 1 cpu for spooles.

MORTAR_OBSERVER {"kind":"BEGIN","call_id":21,"step":2,"inc":1,"cutback":0,"iteration":13,"time":0.25,"dtime":0.25,"ttime":1,"tper":1,"theta":0,"dtheta":0.25,"icntrl":0,"nmethod":1,"iexpl":0,"ithermal":0,"uncoupled":0,"mortar":2,"iflagdualquad":2}
MORTAR_OBSERVER {"kind":"INVENTORY","call_id":21,"pair_count":1,"slave_count":9}
MORTAR_OBSERVER {"kind":"PAIR","call_id":21,"pair":0,"start":0,"end":9}
MORTAR_OBSERVER {"kind":"PRE_RAW","call_id":21,"pair":0,"slot":0,"node":1,"activity":2,"lambda_raw":[0.00079317642215694984,-5.8585004555249261e-08,-0.0026439200897829789],"lambda_start":[0.00050771518908920529,0.00050771518909969321,-0.013186514357202705],"ddtil_count":1}
MORTAR_OBSERVER {"kind":"DDTIL","call_id":21,"pair":0,"column_slot":0,"source_slot":0,"destination_slot":0,"entry":0,"value":1333.3343393655837}
MORTAR_OBSERVER {"kind":"PRE_RAW","call_id":21,"pair":0,"slot":1,"node":2,"activity":2,"lambda_raw":[0.0089054998700502114,-1.1387852949106708e-07,-0.029684989041781379],"lambda_start":[-6.5538309315043666e-05,0.00026092037294276585,-0.012777594587534601],"ddtil_count":1}
MORTAR_OBSERVER {"kind":"DDTIL","call_id":21,"pair":0,"column_slot":1,"source_slot":1,"destination_slot":1,"entry":1,"value":666.6672829657565}
MORTAR_OBSERVER {"kind":"PRE_RAW","call_id":21,"pair":0,"slot":2,"node":3,"activity":2,"lambda_raw":[0.0065180865722716469,8.4763904990805651e-07,-0.021726957319102513],"lambda_start":[0.00010155868155003408,0.00010155868154907331,-0.0125689875371119],"ddtil_count":1}
MORTAR_OBSERVER {"kind":"DDTIL","call_id":21,"pair":0,"column_slot":2,"source_slot":2,"destination_slot":2,"entry":2,"value":1333.33470804888}
MORTAR_OBSERVER {"kind":"PRE_RAW","call_id":21,"pair":0,"slot":3,"node":4,"activity":0,"lambda_raw":[-6.9237383190051435e-19,1.7249699910089138e-18,3.6672532835209851e-19],"lambda_start":[0.00026092037297979141,-6.5538309317234351e-05,-0.012777594587533964],"ddtil_count":1}
MORTAR_OBSERVER {"kind":"DDTIL","call_id":21,"pair":0,"column_slot":3,"source_slot":3,"destination_slot":3,"entry":3,"value":666.66728296575695}
MORTAR_OBSERVER {"kind":"PRE_RAW","call_id":21,"pair":0,"slot":4,"node":17,"activity":2,"lambda_raw":[0.0037149926212323701,-3.1351103082092425e-07,-0.012383303502302209],"lambda_start":[-0.0007365987945344057,-9.7040249850901462e-05,-0.011300302693721054],"ddtil_count":1}
MORTAR_OBSERVER {"kind":"DDTIL","call_id":21,"pair":0,"column_slot":4,"source_slot":4,"destination_slot":4,"entry":4,"value":1000.0008247327145}
MORTAR_OBSERVER {"kind":"PRE_RAW","call_id":21,"pair":0,"slot":5,"node":18,"activity":2,"lambda_raw":[0.0080303035884756509,2.9853061865846666e-07,-0.026767674724545516],"lambda_start":[0.00031677884056088363,-0.00033175558754602565,-0.011646327674742232],"ddtil_count":1}
MORTAR_OBSERVER {"kind":"DDTIL","call_id":21,"pair":0,"column_slot":5,"source_slot":5,"destination_slot":5,"entry":5,"value":1000.0009411590161}
MORTAR_OBSERVER {"kind":"PRE_RAW","call_id":21,"pair":0,"slot":6,"node":19,"activity":2,"lambda_raw":[0.0032745123401700434,3.0834254728214233e-07,-0.010915039062690568],"lambda_start":[-0.00016633402471439708,-0.00016633402470980207,-0.011364585339352794],"ddtil_count":1}
MORTAR_OBSERVER {"kind":"DDTIL","call_id":21,"pair":0,"column_slot":6,"source_slot":6,"destination_slot":6,"entry":6,"value":2000.0017392237551}
MORTAR_OBSERVER {"kind":"PRE_RAW","call_id":21,"pair":0,"slot":7,"node":23,"activity":2,"lambda_raw":[0.0020203095207341447,9.9614688682168582e-07,-0.0067343361909858812],"lambda_start":[-0.00033175558755821078,0.00031677884057350418,-0.011646327674742355],"ddtil_count":1}
MORTAR_OBSERVER {"kind":"DDTIL","call_id":21,"pair":0,"column_slot":7,"source_slot":7,"destination_slot":7,"entry":7,"value":1000.0009411590161}
MORTAR_OBSERVER {"kind":"PRE_RAW","call_id":21,"pair":0,"slot":8,"node":24,"activity":0,"lambda_raw":[-4.8791564739371988e-18,-4.234132522729457e-18,1.1421713183765908e-18],"lambda_start":[-9.7040249858331947e-05,-0.00073659879456435451,-0.011300302693717842],"ddtil_count":1}
MORTAR_OBSERVER {"kind":"DDTIL","call_id":21,"pair":0,"column_slot":8,"source_slot":8,"destination_slot":8,"entry":8,"value":1000.0008247327135}
MORTAR_OBSERVER {"kind":"LAW","call_id":21,"pair":0,"slot":0,"node":1,"activity":2,"ndof":3,"normal":[7.4139640564509083e-08,7.413964056489398e-08,-0.99999999999999456],"tangents":[0.99999999999999722,-5.4966863030631521e-15,7.4139640564508898e-08,-7.8886090522101181e-31,0.99999999999999734,7.4139640564894179e-08],"ln":3.5252295246481848,"lt":[1.0575690994777471,-7.8374757589456248e-05],"lt_start":[0.6769527927045591,0.67695279271854691],"q":0.00035252295246480258,"ut":[332.19681937313891,0.011714221307444695],"gn":0.00035252295246481852,"gt":[0.0038061630677318804,-0.0067703116747613633],"b":1.0575688095811395,"constant_n":10000000000,"constant_t":100,"mu":0.29999999999999999,"normal_mode":1,"tangent_mode":1,"normal_inverse_stiffness":0.0001,"tangent_inverse_stiffness":0.01,"p0":0,"beta":0,"iwan":1,"rn":4.7813315973144199e-08,"rt":[2.9153361325029437e-07,-0.0001372176999823143]}
MORTAR_OBSERVER {"kind":"LAW","call_id":21,"pair":0,"slot":1,"node":2,"activity":2,"ndof":3,"normal":[6.8387805827692747e-08,-4.1027950443498291e-08,-0.99999999999999689],"tangents":[0.99999999999999767,2.8058115084381685e-15,6.8387805827692694e-08,-3.944304526105059e-31,0.99999999999999922,-4.102795044349839e-08],"ln":19.790011395374474,"lt":[5.9370040484228292,-7.5107146253797956e-05],"lt_start":[-0.043692829156205842,0.17394742559283358],"q":0.0019790011395374335,"ut":[166.04694428313024,0.0033186087672720257],"gn":0.0019790011395374473,"gt":[0.059806968775790351,-0.0017402253273908739],"b":5.9370033769789785,"constant_n":10000000000,"constant_t":100,"mu":0.29999999999999999,"normal_mode":1,"tangent_mode":1,"normal_inverse_stiffness":0.0001,"tangent_inverse_stiffness":0.01,"p0":0,"beta":0,"iwan":1,"rn":4.163336342344337e-08,"rt":[6.7419839577809171e-07,-0.00025595922471200095]}
MORTAR_OBSERVER {"kind":"LAW","call_id":21,"pair":0,"slot":2,"node":3,"activity":2,"ndof":3,"normal":[-4.5208292547312871e-08,-4.52082925469361e-08,-0.999999999999998],"tangents":[0.999999999999999,-2.0437897150263934e-15,-4.5208292547312824e-08,3.944304526105059e-31,0.999999999999999,-4.5208292546936146e-08],"ln":28.969305900909049,"lt":[8.6907923665300064,0.0011314962180138017],"lt_start":[0.13541247264507875,0.13541247264379797],"q":0.0028969305900908801,"ut":[332.08551511568322,0.033962953626803349],"gn":0.0028969305900909052,"gt":[0.085553798938849276,-0.0013428097642578416],"b":8.6907916948122441,"constant_n":10000000000,"constant_t":100,"mu":0.29999999999999999,"normal_mode":1,"tangent_mode":1,"normal_inverse_stiffness":0.0001,"tangent_inverse_stiffness":0.01,"p0":0,"beta":0,"iwan":1,"rn":7.5460469872723479e-08,"rt":[7.2086458757780747e-07,0.00020723995276694966]}
MORTAR_OBSERVER {"kind":"LAW","call_id":21,"pair":0,"slot":3,"node":4,"activity":0,"ndof":3,"normal":[-4.1027950443876154e-08,6.8387805828061921e-08,-0.99999999999999689],"tangents":[0.99999999999999922,2.8058115084791518e-15,-4.1027950443876068e-08,3.944304526105059e-31,0.99999999999999778,6.8387805828061987e-08],"ln":-2.4448368066473296e-16,"lt":[-4.6158299134037038e-16,1.1499810738230852e-15],"lt_start":[0.1739474256175173,-0.043692829157666827],"q":-0.028817295903914027,"ut":[166.09397469777755,0.013674693503085139],"gn":-2.4448368066473297e-20,"gt":[-0.0017394742561751778,0.00043692829157667979],"b":-86451887.711742088,"constant_n":10000000000,"constant_t":100,"mu":0.29999999999999999,"normal_mode":1,"tangent_mode":1,"normal_inverse_stiffness":0.0001,"tangent_inverse_stiffness":0.01,"p0":0,"beta":0,"iwan":1,"rn":-7.3345104199419881e-17,"rt":[-4.6158299134037038e-16,1.1499810738230852e-15]}
MORTAR_OBSERVER {"kind":"LAW","call_id":21,"pair":0,"slot":4,"node":17,"activity":2,"ndof":3,"normal":[7.2424004571337343e-08,1.5395559165892368e-08,-0.99999999999999734],"tangents":[0.99999999999999745,-1.1150080474088865e-15,7.2424004571337343e-08,-0,1,1.5395559165892408e-08],"ln":12.383313984267724,"lt":[3.7149947882591405,-0.00031370193742270017],"lt_start":[-0.73660022044537588,-0.097040503857792323],"q":0.0012383313984267769,"ut":[249.07497645564027,0.00054061458186304941],"gn":0.0012383313984267725,"gt":[0.044515950087045168,0.00096726801920369633],"b":3.7149942082907437,"constant_n":10000000000,"constant_t":100,"mu":0.29999999999999999,"normal_mode":1,"tangent_mode":1,"normal_inverse_stiffness":0.0001,"tangent_inverse_stiffness":0.01,"p0":0,"beta":0,"iwan":1,"rn":-1.3010426513915263e-08,"rt":[5.7997392755027022e-07,-0.00030729135254349717]}
MORTAR_OBSERVER {"kind":"LAW","call_id":21,"pair":0,"slot":5,"node":18,"activity":2,"ndof":3,"normal":[1.196430858954852e-08,-4.3492668962924582e-08,-0.999999999999999],"tangents":[1,5.2035971285550893e-16,1.196430858954851e-08,-0,0.99999999999999911,-4.3492668962924588e-08],"ln":26.767700013248032,"lt":[8.0303108260112523,0.00029969509833464674],"lt_start":[0.31677899935975595,-0.33175539325043679],"q":0.0026767700013247925,"ut":[249.09367733869334,0.01785145186849238],"gn":0.0026767700013248033,"gt":[0.077135318266514971,0.0033205508834877146],"b":8.0303099714483448,"constant_n":10000000000,"constant_t":100,"mu":0.29999999999999999,"normal_mode":1,"tangent_mode":1,"normal_inverse_stiffness":0.0001,"tangent_inverse_stiffness":0.01,"p0":0,"beta":0,"iwan":1,"rn":3.2526063620252899e-08,"rt":[8.6823169809235878e-07,-0.00016884437778927336]}
MORTAR_OBSERVER {"kind":"LAW","call_id":21,"pair":0,"slot":6,"node":19,"activity":2,"ndof":3,"normal":[1.446566586541265e-08,1.4465665865794023e-08,-0.99999999999999978],"tangents":[0.99999999999999989,-2.0925548893528156e-16,1.4465665865412648e-08,-0,0.99999999999999989,1.4465665865794025e-08],"ln":21.83009720382136,"lt":[6.5490300596628437,0.00061636984395036984],"lt_start":[-0.33266866751375551,-0.33266866750456553],"q":0.0021830097203821503,"ut":[498.21788196314202,0.034822728369147023],"gn":0.002183009720382136,"gt":[0.068816987271765995,0.0033328503734851591],"b":6.5490292040808136,"constant_n":10000000000,"constant_t":100,"mu":0.29999999999999999,"normal_mode":1,"tangent_mode":1,"normal_inverse_stiffness":0.0001,"tangent_inverse_stiffness":0.01,"p0":0,"beta":0,"iwan":1,"rn":-4.2934405364292161e-08,"rt":[8.6866860637968557e-07,0.00020235444783055982]}
MORTAR_OBSERVER {"kind":"LAW","call_id":21,"pair":0,"slot":7,"node":23,"activity":2,"ndof":3,"normal":[-4.3492668963301889e-08,1.1964308589921484e-08,-0.999999999999999],"tangents":[0.99999999999999911,5.2035971287624483e-16,-4.3492668963301889e-08,-0,1,1.1964308589921497e-08],"ln":6.7343424412102797,"lt":[2.0203117150611938,0.00099606725260214168],"lt_start":[-0.33175539326262177,0.31677899937237669],"q":0.00067343424412102493,"ut":[249.08770933467366,0.029072166205479134],"gn":0.00067343424412102796,"gt":[0.023520671083238156,-0.0031578293211977455],"b":2.0203027232557855,"constant_n":10000000000,"constant_t":100,"mu":0.29999999999999999,"normal_mode":1,"tangent_mode":1,"normal_inverse_stiffness":0.0001,"tangent_inverse_stiffness":0.01,"p0":0,"beta":0,"iwan":1,"rn":9.1072984709228422e-09,"rt":[9.0087286013229573e-06,0.00073457165949958737]}
MORTAR_OBSERVER {"kind":"LAW","call_id":21,"pair":0,"slot":8,"node":24,"activity":0,"ndof":3,"normal":[1.539555916551032e-08,7.2424004571714789e-08,-0.99999999999999734],"tangents":[0.99999999999999989,-1.1150080473870252e-15,1.5395559165510284e-08,-1.9721522630525295e-31,0.99999999999999745,7.2424004571714789e-08],"ln":-1.1421726421331287e-15,"lt":[-4.8791604803527708e-15,-4.2341359320363614e-15],"lt_start":[-0.097040503865221894,-0.73660022047532414],"q":-0.032704156840893839,"ut":[249.16416738315846,0.010134961167959559],"gn":-1.1421726421331288e-19,"gt":[0.00097040503865217015,0.0073660022047531996],"b":-98112470.522681519,"constant_n":10000000000,"constant_t":100,"mu":0.29999999999999999,"normal_mode":1,"tangent_mode":1,"normal_inverse_stiffness":0.0001,"tangent_inverse_stiffness":0.01,"p0":0,"beta":0,"iwan":1,"rn":-3.4265179263993858e-16,"rt":[-4.8791604803527708e-15,-4.2341359320363614e-15]}
MORTAR_OBSERVER {"kind":"POST_RAW_AFTER_ACTIVE_LOOP","call_id":21,"pair":0,"slot":0,"node":1,"activity":2,"lambda_raw":[0.00079317642215694984,-5.8585004555249261e-08,-0.0026439200897829789],"gap":-0.00035252295246480258}
MORTAR_OBSERVER {"kind":"POST_RAW_AFTER_ACTIVE_LOOP","call_id":21,"pair":0,"slot":1,"node":2,"activity":2,"lambda_raw":[0.0089054998700502114,-1.1387852949106708e-07,-0.029684989041781379],"gap":-0.0019790011395374335}
MORTAR_OBSERVER {"kind":"POST_RAW_AFTER_ACTIVE_LOOP","call_id":21,"pair":0,"slot":2,"node":3,"activity":2,"lambda_raw":[0.0065180865722716469,8.4763904990805651e-07,-0.021726957319102513],"gap":-0.0028969305900908801}
MORTAR_OBSERVER {"kind":"POST_RAW_AFTER_ACTIVE_LOOP","call_id":21,"pair":0,"slot":3,"node":4,"activity":0,"lambda_raw":[0,0,0],"gap":0.028817295903914027}
MORTAR_OBSERVER {"kind":"POST_RAW_AFTER_ACTIVE_LOOP","call_id":21,"pair":0,"slot":4,"node":17,"activity":2,"lambda_raw":[0.0037149926212323701,-3.1351103082092425e-07,-0.012383303502302209],"gap":-0.0012383313984267769}
MORTAR_OBSERVER {"kind":"POST_RAW_AFTER_ACTIVE_LOOP","call_id":21,"pair":0,"slot":5,"node":18,"activity":2,"lambda_raw":[0.0080303035884756509,2.9853061865846666e-07,-0.026767674724545516],"gap":-0.0026767700013247925}
MORTAR_OBSERVER {"kind":"POST_RAW_AFTER_ACTIVE_LOOP","call_id":21,"pair":0,"slot":6,"node":19,"activity":2,"lambda_raw":[0.0032745123401700434,3.0834254728214233e-07,-0.010915039062690568],"gap":-0.0021830097203821503}
MORTAR_OBSERVER {"kind":"POST_RAW_AFTER_ACTIVE_LOOP","call_id":21,"pair":0,"slot":7,"node":23,"activity":2,"lambda_raw":[0.0020203095207341447,9.9614688682168582e-07,-0.0067343361909858812],"gap":-0.00067343424412102493}
MORTAR_OBSERVER {"kind":"POST_RAW_AFTER_ACTIVE_LOOP","call_id":21,"pair":0,"slot":8,"node":24,"activity":0,"lambda_raw":[0,0,0],"gap":0.032704156840893839}
MORTAR_OBSERVER {"kind":"SUMMARY_PRE_OVERRIDE","call_id":21,"ndiverg":14,"flag":1,"keepset":0,"max_n":7.5460469872723479e-08,"max_t":[9.0087286013229573e-06,0.00073457165949958737],"lm_t_av":[36.000012903425016,0.0035108122541669144],"nstick":0,"nslip":7,"ninactive":2,"nnogap":0,"nolm":0}
MORTAR_OBSERVER {"kind":"SUMMARY_POST_OVERRIDE","call_id":21,"flag":1}
MORTAR_OBSERVER {"kind":"RETURN","call_id":21}
 Using up to 2 cpu(s) for the stress calculation.

 average force= 5.900947
 time avg. forc= 5.900947
 largest residual force= 0.000024 in node 31 and dof 3
 largest increment of disp= 1.730781e-01
 largest correction to disp= 1.368735e-04 in node 23 and dof 2

MORTAR_OBSERVER {"kind":"PRE_CHECK","call_id":21,"step":2,"inc":1,"cutback":0,"iteration":13,"time":0.25,"dtime":0.25,"ttime":1,"tper":1,"theta":0,"dtheta":0.25,"icntrl":0,"nmethod":1,"iexpl":0,"ithermal":0,"uncoupled":0,"mortar":2,"iflagdualquad":2}
 no convergence

MORTAR_OBSERVER {"kind":"POST_CHECK","call_id":21,"step":2,"inc":1,"cutback":0,"iteration":14,"time":0.25,"dtime":0.25,"ttime":1,"tper":1,"theta":0,"dtheta":0.25,"icntrl":0,"nmethod":1,"iexpl":0,"ithermal":0,"uncoupled":0,"mortar":2,"iflagdualquad":2}
 iteration 14

 Determining the structure of the matrix:

 Using up to 2 cpu(s) for setting up the structure of the matrix.
 number of equations
 75
 number of nonzero lower triangular matrix elements
 1143

 Using up to 2 cpu(s) for the stress calculation.

 Using up to 2 cpu(s) for the symmetric stiffness/mass contributions.

 Using up to 2 cpu(s) for the stress calculation.

 Using up to 2 cpu(s) for the symmetric stiffness/mass contributions.

 Factoring the system of equations using the unsymmetric spooles solver
 Using 1 cpu for spooles.

MORTAR_OBSERVER {"kind":"BEGIN","call_id":22,"step":2,"inc":1,"cutback":0,"iteration":14,"time":0.25,"dtime":0.25,"ttime":1,"tper":1,"theta":0,"dtheta":0.25,"icntrl":0,"nmethod":1,"iexpl":0,"ithermal":0,"uncoupled":0,"mortar":2,"iflagdualquad":2}
MORTAR_OBSERVER {"kind":"INVENTORY","call_id":22,"pair_count":1,"slave_count":9}
MORTAR_OBSERVER {"kind":"PAIR","call_id":22,"pair":0,"start":0,"end":9}
MORTAR_OBSERVER {"kind":"PRE_RAW","call_id":22,"pair":0,"slot":0,"node":1,"activity":2,"lambda_raw":[0.00079319706193399064,4.4344490183137881e-08,-0.0026439894983166633],"lambda_start":[0.00050771518908920529,0.00050771518909969321,-0.013186514357202705],"ddtil_count":1}
MORTAR_OBSERVER {"kind":"DDTIL","call_id":22,"pair":0,"column_slot":0,"source_slot":0,"destination_slot":0,"entry":0,"value":1333.3343393655837}
MORTAR_OBSERVER {"kind":"PRE_RAW","call_id":22,"pair":0,"slot":1,"node":2,"activity":2,"lambda_raw":[0.0089055149057446423,2.7004977619665675e-07,-0.029685042323586576],"lambda_start":[-6.5538309315043666e-05,0.00026092037294276585,-0.012777594587534601],"ddtil_count":1}
MORTAR_OBSERVER {"kind":"DDTIL","call_id":22,"pair":0,"column_slot":1,"source_slot":1,"destination_slot":1,"entry":1,"value":666.6672829657565}
MORTAR_OBSERVER {"kind":"PRE_RAW","call_id":22,"pair":0,"slot":2,"node":3,"activity":2,"lambda_raw":[0.0065180627246544231,6.9237307628033698e-07,-0.021726879440592411],"lambda_start":[0.00010155868155003408,0.00010155868154907331,-0.0125689875371119],"ddtil_count":1}
MORTAR_OBSERVER {"kind":"DDTIL","call_id":22,"pair":0,"column_slot":2,"source_slot":2,"destination_slot":2,"entry":2,"value":1333.33470804888}
MORTAR_OBSERVER {"kind":"PRE_RAW","call_id":22,"pair":0,"slot":3,"node":4,"activity":0,"lambda_raw":[-8.8938377242740056e-24,-8.6397280750090332e-23,1.9312333344137841e-22],"lambda_start":[0.00026092037297979141,-6.5538309317234351e-05,-0.012777594587533964],"ddtil_count":1}
MORTAR_OBSERVER {"kind":"DDTIL","call_id":22,"pair":0,"column_slot":3,"source_slot":3,"destination_slot":3,"entry":3,"value":666.66728296575695}
MORTAR_OBSERVER {"kind":"PRE_RAW","call_id":22,"pair":0,"slot":4,"node":17,"activity":2,"lambda_raw":[0.0037150043574732099,-6.1781556049270797e-09,-0.012383344599702148],"lambda_start":[-0.0007365987945344057,-9.7040249850901462e-05,-0.011300302693721054],"ddtil_count":1}
MORTAR_OBSERVER {"kind":"DDTIL","call_id":22,"pair":0,"column_slot":4,"source_slot":4,"destination_slot":4,"entry":4,"value":1000.0008247327145}
MORTAR_OBSERVER {"kind":"PRE_RAW","call_id":22,"pair":0,"slot":5,"node":18,"activity":2,"lambda_raw":[0.0080303442824153481,4.6746891443111708e-07,-0.026767813156713397],"lambda_start":[0.00031677884056088363,-0.00033175558754602565,-0.011646327674742232],"ddtil_count":1}
MORTAR_OBSERVER {"kind":"DDTIL","call_id":22,"pair":0,"column_slot":5,"source_slot":5,"destination_slot":5,"entry":5,"value":1000.0009411590161}
MORTAR_OBSERVER {"kind":"PRE_RAW","call_id":22,"pair":0,"slot":6,"node":19,"activity":2,"lambda_raw":[0.0032745216638419504,2.072776442822099e-07,-0.010915071660957296],"lambda_start":[-0.00016633402471439708,-0.00016633402470980207,-0.011364585339352794],"ddtil_count":1}
MORTAR_OBSERVER {"kind":"DDTIL","call_id":22,"pair":0,"column_slot":6,"source_slot":6,"destination_slot":6,"entry":6,"value":2000.0017392237551}
MORTAR_OBSERVER {"kind":"PRE_RAW","call_id":22,"pair":0,"slot":7,"node":23,"activity":2,"lambda_raw":[0.0020202198349269676,2.6168438013899562e-07,-0.0067340672370196719],"lambda_start":[-0.00033175558755821078,0.00031677884057350418,-0.011646327674742355],"ddtil_count":1}
MORTAR_OBSERVER {"kind":"DDTIL","call_id":22,"pair":0,"column_slot":7,"source_slot":7,"destination_slot":7,"entry":7,"value":1000.0009411590161}
MORTAR_OBSERVER {"kind":"PRE_RAW","call_id":22,"pair":0,"slot":8,"node":24,"activity":0,"lambda_raw":[1.9142928820147559e-22,1.9481741719619196e-23,-7.2844773386402216e-23],"lambda_start":[-9.7040249858331947e-05,-0.00073659879456435451,-0.011300302693717842],"ddtil_count":1}
MORTAR_OBSERVER {"kind":"DDTIL","call_id":22,"pair":0,"column_slot":8,"source_slot":8,"destination_slot":8,"entry":8,"value":1000.0008247327135}
MORTAR_OBSERVER {"kind":"LAW","call_id":22,"pair":0,"slot":0,"node":1,"activity":2,"ndof":3,"normal":[7.4139640564509083e-08,7.413964056489398e-08,-0.99999999999999456],"tangents":[0.99999999999999722,-5.4966863030631521e-15,7.4139640564508898e-08,-7.8886090522101181e-31,0.99999999999999734,7.4139640564894179e-08],"ln":3.5253220694418061,"lt":[1.0575966191943713,5.88646654175473e-05],"lt_start":[0.6769527927045591,0.67695279271854691],"q":0.00035253220694418067,"ut":[332.19681873183225,0.011720558919476872],"gn":0.00035253220694418062,"gt":[0.0038064382648981222,-0.0067689392805312934],"b":1.0575966209951722,"constant_n":10000000000,"constant_t":100,"mu":0.29999999999999999,"normal_mode":1,"tangent_mode":1,"normal_inverse_stiffness":0.0001,"tangent_inverse_stiffness":0.01,"p0":0,"beta":0,"iwan":1,"rn":-1.6263035362840128e-10,"rt":[-1.6262968749458651e-10,-8.0441053395153422e-13]}
MORTAR_OBSERVER {"kind":"LAW","call_id":22,"pair":0,"slot":1,"node":2,"activity":2,"ndof":3,"normal":[6.8387805827692747e-08,-4.1027950443498291e-08,-0.99999999999999689],"tangents":[0.99999999999999767,2.8058115084381685e-15,6.8387805827692694e-08,-3.944304526105059e-31,0.99999999999999922,-4.102795044349839e-08],"ln":19.790046916600961,"lt":[5.9370140722259537,0.00018084529561004662],"lt_start":[-0.043692829156205842,0.17394742559283358],"q":0.0019790046916600959,"ut":[166.04694200472991,0.0033184099786869262],"gn":0.0019790046916600963,"gt":[0.059807069013821601,-0.0017376658029722354],"b":5.9370140736792454,"constant_n":10000000000,"constant_t":100,"mu":0.29999999999999999,"normal_mode":1,"tangent_mode":1,"normal_inverse_stiffness":0.0001,"tangent_inverse_stiffness":0.01,"p0":0,"beta":0,"iwan":1,"rn":1.3010428290272102e-09,"rt":[1.3010410526703708e-09,-3.4596120185217266e-12]}
MORTAR_OBSERVER {"kind":"LAW","call_id":22,"pair":0,"slot":2,"node":3,"activity":2,"ndof":3,"normal":[-4.5208292547312871e-08,-4.52082925469361e-08,-0.999999999999998],"tangents":[0.999999999999999,-2.0437897150263934e-15,-4.5208292547312824e-08,3.944304526105059e-31,0.999999999999999,-4.5208292546936146e-08],"ln":28.969202062799315,"lt":[8.690760569669564,0.00092447470170261734],"lt_start":[0.13541247264507875,0.13541247264379797],"q":0.0028969202062799322,"ut":[332.08551766125612,0.033971426994431821],"gn":0.0028969202062799318,"gt":[0.085553480970244844,-0.0013448799794209534],"b":8.6907606201408374,"constant_n":10000000000,"constant_t":100,"mu":0.29999999999999999,"normal_mode":1,"tangent_mode":1,"normal_inverse_stiffness":0.0001,"tangent_inverse_stiffness":0.01,"p0":0,"beta":0,"iwan":1,"rn":-1.3010428290272102e-09,"rt":[-1.301037499956692e-09,-9.3293786324749606e-13]}
MORTAR_OBSERVER {"kind":"LAW","call_id":22,"pair":0,"slot":3,"node":4,"activity":0,"ndof":3,"normal":[-4.1027950443876154e-08,6.8387805828061921e-08,-0.99999999999999689],"tangents":[0.99999999999999922,2.8058115084791518e-15,-4.1027950443876068e-08,3.944304526105059e-31,0.99999999999999778,6.8387805828061987e-08],"ln":-1.2874901167840635e-19,"lt":[-5.9292359130881791e-21,-5.7598231608430132e-20],"lt_start":[0.1739474256175173,-0.043692829157666827],"q":-0.028818924939793569,"ut":[166.09397498368779,0.013679954589463679],"gn":-1.2874901167840636e-23,"gt":[-0.0017394742561751731,0.00043692829157666825],"b":-86456774.819380701,"constant_n":10000000000,"constant_t":100,"mu":0.29999999999999999,"normal_mode":1,"tangent_mode":1,"normal_inverse_stiffness":0.0001,"tangent_inverse_stiffness":0.01,"p0":0,"beta":0,"iwan":1,"rn":-3.8624703503521905e-20,"rt":[-5.9292359130881791e-21,-5.7598231608430132e-20]}
MORTAR_OBSERVER {"kind":"LAW","call_id":22,"pair":0,"slot":4,"node":17,"activity":2,"ndof":3,"normal":[7.2424004571337343e-08,1.5395559165892368e-08,-0.99999999999999734],"tangents":[0.99999999999999745,-1.1150080474088865e-15,7.2424004571337343e-08,-0,1,1.5395559165892408e-08],"ln":12.383355081707139,"lt":[3.7150065245066832,-6.3688093719445376e-06],"lt_start":[-0.73660022044537588,-0.097040503857792323],"q":0.0012383355081707142,"ut":[249.0749739133046,0.00054341701333832776],"gn":0.001238335508170714,"gt":[0.044516067449520594,0.00097034135048420372],"b":3.7150065251626625,"constant_n":10000000000,"constant_t":100,"mu":0.29999999999999999,"normal_mode":1,"tangent_mode":1,"normal_inverse_stiffness":0.0001,"tangent_inverse_stiffness":0.01,"p0":0,"beta":0,"iwan":1,"rn":-6.5052097042439527e-10,"rt":[-6.5051963815676572e-10,-3.2745443836462306e-12]}
MORTAR_OBSERVER {"kind":"LAW","call_id":22,"pair":0,"slot":5,"node":18,"activity":2,"ndof":3,"normal":[1.196430858954852e-08,-4.3492668962924582e-08,-0.999999999999999],"tangents":[1,5.2035971285550893e-16,1.196430858954851e-08,-0,0.99999999999999911,-4.3492668962924588e-08],"ln":26.76783844553934,"lt":[8.0303515199875939,0.00046863355912588728],"lt_start":[0.31677899935975595,-0.33175539325043679],"q":0.002676783844553934,"ut":[249.09367562760448,0.017854294997259237],"gn":0.002676783844553934,"gt":[0.077135725206278385,0.003322240268095627],"b":8.0303515336618023,"constant_n":10000000000,"constant_t":100,"mu":0.29999999999999999,"normal_mode":1,"tangent_mode":1,"normal_inverse_stiffness":0.0001,"tangent_inverse_stiffness":0.01,"p0":0,"beta":0,"iwan":1,"rn":0,"rt":[1.7763568394002505e-15,-1.6347356953348713e-12]}
MORTAR_OBSERVER {"kind":"LAW","call_id":22,"pair":0,"slot":6,"node":19,"activity":2,"ndof":3,"normal":[1.446566586541265e-08,1.4465665865794023e-08,-0.99999999999999978],"tangents":[0.99999999999999989,-2.0925548893528156e-16,1.4465665865412648e-08,-0,0.99999999999999989,1.4465665865794025e-08],"ln":21.830162400408859,"lt":[6.5490487070219299,0.00041423986123291279],"lt_start":[-0.33266866751375551,-0.33266866750456553],"q":0.0021830162400408868,"ut":[498.21788000988823,0.034839710413649291],"gn":0.0021830162400408859,"gt":[0.068817173745356855,0.0033308290736579842],"b":6.5490487227247423,"constant_n":10000000000,"constant_t":100,"mu":0.29999999999999999,"normal_mode":1,"tangent_mode":1,"normal_inverse_stiffness":0.0001,"tangent_inverse_stiffness":0.01,"p0":0,"beta":0,"iwan":1,"rn":-2.6020847698760008e-09,"rt":[-2.6020803289839023e-09,-3.7789975142199506e-14]}
MORTAR_OBSERVER {"kind":"LAW","call_id":22,"pair":0,"slot":7,"node":23,"activity":2,"ndof":3,"normal":[-4.3492668963301889e-08,1.1964308589921484e-08,-0.999999999999999],"tangents":[0.99999999999999911,5.2035971287624483e-16,-4.3492668963301889e-08,-0,1,1.1964308589921497e-08],"ln":6.7340734869860555,"lt":[2.0202220291579107,0.00026160405789129264],"lt_start":[-0.33175539326262177,0.31677899937237669],"q":0.00067340734869860547,"ut":[249.08771197656841,0.029086827645720053],"gn":0.00067340734869860558,"gt":[0.023519774224205325,-0.0031651739531448541],"b":2.0202220457705558,"constant_n":10000000000,"constant_t":100,"mu":0.29999999999999999,"normal_mode":1,"tangent_mode":1,"normal_inverse_stiffness":0.0001,"tangent_inverse_stiffness":0.01,"p0":0,"beta":0,"iwan":1,"rn":3.2526070725680256e-10,"rt":[3.2526648041653061e-10,-3.0046908429219588e-12]}
MORTAR_OBSERVER {"kind":"LAW","call_id":22,"pair":0,"slot":8,"node":24,"activity":0,"ndof":3,"normal":[1.539555916551032e-08,7.2424004571714789e-08,-0.99999999999999734],"tangents":[0.99999999999999989,-1.1150080473870252e-15,1.5395559165510284e-08,-1.9721522630525295e-31,0.99999999999999745,7.2424004571714789e-08],"ln":7.2844837821979916e-20,"lt":[1.9142944495798489e-19,1.9481752511134305e-20],"lt_start":[-0.097040503865221894,-0.73660022047532414],"q":-0.032703886976810329,"ut":[249.16416817243618,0.010142226793185828],"gn":7.2844837821979914e-24,"gt":[0.00097040503865221893,0.0073660022047532412],"b":-98111660.930430993,"constant_n":10000000000,"constant_t":100,"mu":0.29999999999999999,"normal_mode":1,"tangent_mode":1,"normal_inverse_stiffness":0.0001,"tangent_inverse_stiffness":0.01,"p0":0,"beta":0,"iwan":1,"rn":2.1853451346593975e-20,"rt":[1.9142944495798489e-19,1.9481752511134305e-20]}
MORTAR_OBSERVER {"kind":"POST_RAW_AFTER_ACTIVE_LOOP","call_id":22,"pair":0,"slot":0,"node":1,"activity":2,"lambda_raw":[0.00079319706193399064,4.4344490183137881e-08,-0.0026439894983166633],"gap":-0.00035253220694418067}
MORTAR_OBSERVER {"kind":"POST_RAW_AFTER_ACTIVE_LOOP","call_id":22,"pair":0,"slot":1,"node":2,"activity":2,"lambda_raw":[0.0089055149057446423,2.7004977619665675e-07,-0.029685042323586576],"gap":-0.0019790046916600959}
MORTAR_OBSERVER {"kind":"POST_RAW_AFTER_ACTIVE_LOOP","call_id":22,"pair":0,"slot":2,"node":3,"activity":2,"lambda_raw":[0.0065180627246544231,6.9237307628033698e-07,-0.021726879440592411],"gap":-0.0028969202062799322}
MORTAR_OBSERVER {"kind":"POST_RAW_AFTER_ACTIVE_LOOP","call_id":22,"pair":0,"slot":3,"node":4,"activity":0,"lambda_raw":[0,0,0],"gap":0.028818924939793569}
MORTAR_OBSERVER {"kind":"POST_RAW_AFTER_ACTIVE_LOOP","call_id":22,"pair":0,"slot":4,"node":17,"activity":2,"lambda_raw":[0.0037150043574732099,-6.1781556049270797e-09,-0.012383344599702148],"gap":-0.0012383355081707142}
MORTAR_OBSERVER {"kind":"POST_RAW_AFTER_ACTIVE_LOOP","call_id":22,"pair":0,"slot":5,"node":18,"activity":2,"lambda_raw":[0.0080303442824153481,4.6746891443111708e-07,-0.026767813156713397],"gap":-0.002676783844553934}
MORTAR_OBSERVER {"kind":"POST_RAW_AFTER_ACTIVE_LOOP","call_id":22,"pair":0,"slot":6,"node":19,"activity":2,"lambda_raw":[0.0032745216638419504,2.072776442822099e-07,-0.010915071660957296],"gap":-0.0021830162400408868}
MORTAR_OBSERVER {"kind":"POST_RAW_AFTER_ACTIVE_LOOP","call_id":22,"pair":0,"slot":7,"node":23,"activity":2,"lambda_raw":[0.0020202198349269676,2.6168438013899562e-07,-0.0067340672370196719],"gap":-0.00067340734869860547}
MORTAR_OBSERVER {"kind":"POST_RAW_AFTER_ACTIVE_LOOP","call_id":22,"pair":0,"slot":8,"node":24,"activity":0,"lambda_raw":[0,0,0],"gap":0.032703886976810329}
MORTAR_OBSERVER {"kind":"SUMMARY_PRE_OVERRIDE","call_id":22,"ndiverg":14,"flag":0,"keepset":0,"max_n":2.6020847698760008e-09,"max_t":[2.6020803289839023e-09,3.4596120185217266e-12],"lm_t_av":[36.000000041764011,0.0023150309503522488],"nstick":0,"nslip":7,"ninactive":2,"nnogap":0,"nolm":0}
MORTAR_OBSERVER {"kind":"SUMMARY_POST_OVERRIDE","call_id":22,"flag":0}
MORTAR_OBSERVER {"kind":"RETURN","call_id":22}
 Using up to 2 cpu(s) for the stress calculation.

 average force= 5.900929
 time avg. forc= 5.900929
 largest residual force= 0.000000 in node 20 and dof 1
 largest increment of disp= 1.730781e-01
 largest correction to disp= 1.177017e-08 in node 23 and dof 2

MORTAR_OBSERVER {"kind":"PRE_CHECK","call_id":22,"step":2,"inc":1,"cutback":0,"iteration":14,"time":0.25,"dtime":0.25,"ttime":1,"tper":1,"theta":0,"dtheta":0.25,"icntrl":0,"nmethod":1,"iexpl":0,"ithermal":0,"uncoupled":0,"mortar":2,"iflagdualquad":2}
convergence

MORTAR_OBSERVER {"kind":"POST_CHECK","call_id":22,"step":2,"inc":1,"cutback":0,"iteration":14,"time":0.25,"dtime":0.25,"ttime":1,"tper":1,"theta":0.25,"dtheta":0.25,"icntrl":1,"nmethod":1,"iexpl":0,"ithermal":0,"uncoupled":0,"mortar":2,"iflagdualquad":2}
 Using up to 2 cpu(s) for the stress calculation.

 increment 2 attempt 1 
 increment size= 2.500000e-01
 sum of previous increments=2.500000e-01
 actual step time=5.000000e-01
 actual total time=1.500000e+00

 iteration 1

 Determining the structure of the matrix:

 Using up to 2 cpu(s) for setting up the structure of the matrix.
 number of equations
 75
 number of nonzero lower triangular matrix elements
 1143

 Using up to 2 cpu(s) for the stress calculation.

 Using up to 2 cpu(s) for the symmetric stiffness/mass contributions.

 Using up to 2 cpu(s) for the stress calculation.

 Using up to 2 cpu(s) for the symmetric stiffness/mass contributions.

 Factoring the system of equations using the unsymmetric spooles solver
 Using 1 cpu for spooles.

MORTAR_OBSERVER {"kind":"BEGIN","call_id":23,"step":2,"inc":2,"cutback":0,"iteration":1,"time":0.5,"dtime":0.25,"ttime":1,"tper":1,"theta":0.25,"dtheta":0.25,"icntrl":0,"nmethod":1,"iexpl":0,"ithermal":0,"uncoupled":0,"mortar":2,"iflagdualquad":2}
MORTAR_OBSERVER {"kind":"INVENTORY","call_id":23,"pair_count":1,"slave_count":9}
MORTAR_OBSERVER {"kind":"PAIR","call_id":23,"pair":0,"start":0,"end":9}
MORTAR_OBSERVER {"kind":"PRE_RAW","call_id":23,"pair":0,"slot":0,"node":1,"activity":2,"lambda_raw":[0.00079007660302623649,2.1964315765830939e-09,-0.0026336550998411843],"lambda_start":[0.00079319706193399064,4.4344490183137881e-08,-0.0026439894983166633],"ddtil_count":1}
MORTAR_OBSERVER {"kind":"DDTIL","call_id":23,"pair":0,"column_slot":0,"source_slot":0,"destination_slot":0,"entry":0,"value":1333.3317607968493}
MORTAR_OBSERVER {"kind":"PRE_RAW","call_id":23,"pair":0,"slot":1,"node":2,"activity":2,"lambda_raw":[0.0089034826599339086,4.1906642159367367e-08,-0.029678952570070024],"lambda_start":[0.0089055149057446423,2.7004977619665675e-07,-0.029685042323586576],"ddtil_count":1}
MORTAR_OBSERVER {"kind":"DDTIL","call_id":23,"pair":0,"column_slot":1,"source_slot":1,"destination_slot":1,"entry":1,"value":666.66812704165648}
MORTAR_OBSERVER {"kind":"PRE_RAW","call_id":23,"pair":0,"slot":2,"node":3,"activity":2,"lambda_raw":[0.0065181112041633668,1.260058719434568e-08,-0.021727500695464971],"lambda_start":[0.0065180627246544231,6.9237307628033698e-07,-0.021726879440592411],"ddtil_count":1}
MORTAR_OBSERVER {"kind":"DDTIL","call_id":23,"pair":0,"column_slot":2,"source_slot":2,"destination_slot":2,"entry":2,"value":1333.3351833630409}
MORTAR_OBSERVER {"kind":"PRE_RAW","call_id":23,"pair":0,"slot":3,"node":4,"activity":0,"lambda_raw":[-2.5188215957131093e-17,-9.0552677201256401e-18,-7.1942540783343023e-17],"lambda_start":[0,0,0],"ddtil_count":1}
MORTAR_OBSERVER {"kind":"DDTIL","call_id":23,"pair":0,"column_slot":3,"source_slot":3,"destination_slot":3,"entry":3,"value":666.66584390235209}
MORTAR_OBSERVER {"kind":"PRE_RAW","call_id":23,"pair":0,"slot":4,"node":17,"activity":2,"lambda_raw":[0.0037232546564718106,1.0114980899599475e-08,-0.012411131069994953],"lambda_start":[0.0037150043574732099,-6.1781556049270797e-09,-0.012383344599702148],"ddtil_count":1}
MORTAR_OBSERVER {"kind":"DDTIL","call_id":23,"pair":0,"column_slot":4,"source_slot":4,"destination_slot":4,"entry":4,"value":1000.0007595345664}
MORTAR_OBSERVER {"kind":"PRE_RAW","call_id":23,"pair":0,"slot":5,"node":18,"activity":2,"lambda_raw":[0.0080264516413349439,2.6660063698520863e-08,-0.026755433499909526],"lambda_start":[0.0080303442824153481,4.6746891443111708e-07,-0.026767813156713397],"ddtil_count":1}
MORTAR_OBSERVER {"kind":"DDTIL","call_id":23,"pair":0,"column_slot":5,"source_slot":5,"destination_slot":5,"entry":5,"value":1000.0018699377408}
MORTAR_OBSERVER {"kind":"PRE_RAW","call_id":23,"pair":0,"slot":6,"node":19,"activity":2,"lambda_raw":[0.0032739674855706523,1.5904845387628461e-08,-0.010913478949523461],"lambda_start":[0.0032745216638419504,2.072776442822099e-07,-0.010915071660957296],"ddtil_count":1}
MORTAR_OBSERVER {"kind":"DDTIL","call_id":23,"pair":0,"column_slot":6,"source_slot":6,"destination_slot":6,"entry":6,"value":2000.0001978321793}
MORTAR_OBSERVER {"kind":"PRE_RAW","call_id":23,"pair":0,"slot":7,"node":23,"activity":2,"lambda_raw":[0.002021598745260185,6.7442203740624133e-09,-0.0067388289378915358],"lambda_start":[0.0020202198349269676,2.6168438013899562e-07,-0.0067340672370196719],"ddtil_count":1}
MORTAR_OBSERVER {"kind":"DDTIL","call_id":23,"pair":0,"column_slot":7,"source_slot":7,"destination_slot":7,"entry":7,"value":999.99972377743859}
MORTAR_OBSERVER {"kind":"PRE_RAW","call_id":23,"pair":0,"slot":8,"node":24,"activity":0,"lambda_raw":[-1.1379801108412929e-17,-2.5202096113265707e-17,-1.7763591974107987e-17],"lambda_start":[0,0,0],"ddtil_count":1}
MORTAR_OBSERVER {"kind":"DDTIL","call_id":23,"pair":0,"column_slot":8,"source_slot":8,"destination_slot":8,"entry":8,"value":999.99867255983361}
MORTAR_OBSERVER {"kind":"LAW","call_id":23,"pair":0,"slot":0,"node":1,"activity":2,"ndof":3,"normal":[-6.9417154842959133e-06,5.4313397640655108e-07,-0.99999999997575884],"tangents":[0.99999999997590627,3.7702815341594077e-12,-6.9417154842948901e-06,-0,0.99999999999985256,5.4313397641963721e-07],"ln":3.5115286788786206,"lt":[1.0534586043357506,1.0213374750149757e-06],"lt_start":[1.0576193069567796,5.7211198729295916e-05],"q":0.00035115286788757667,"ut":[333.3228486254821,0.00042884596251129665],"gn":0.00035115286788786208,"gt":[-4.1607026210290777e-05,-5.6189861254280943e-07],"b":1.0534577474149205,"constant_n":10000000000,"constant_t":100,"mu":0.29999999999999999,"normal_mode":1,"tangent_mode":1,"normal_inverse_stiffness":0.0001,"tangent_inverse_stiffness":0.01,"p0":0,"beta":0,"iwan":1,"rn":8.562486657481827e-07,"rt":[8.5692170403994794e-07,-3.3578354489597011e-07]}
MORTAR_OBSERVER {"kind":"LAW","call_id":23,"pair":0,"slot":1,"node":2,"activity":2,"ndof":3,"normal":[-6.2785888721234065e-06,1.6041280934066267e-07,-0.99999999998027678],"tangents":[0.99999999998028966,1.0071660796921897e-12,-6.2785888721233261e-06,4.0389678347315804e-28,0.99999999999998712,1.6041280934382445e-07],"ln":19.785974454441241,"lt":[5.9357923371620345,2.4763892912882478e-05],"lt_start":[5.9371471961604332,0.00017685899752786067],"q":0.0019785974454442643,"ut":[166.6616335118747,0.00071011528117366973],"gn":0.0019785974454441242,"gt":[-1.3548589983987114e-05,-1.5209510461497819e-06],"b":5.9357927565691337,"constant_n":10000000000,"constant_t":100,"mu":0.29999999999999999,"normal_mode":1,"tangent_mode":1,"normal_inverse_stiffness":0.0001,"tangent_inverse_stiffness":0.01,"p0":0,"beta":0,"iwan":1,"rn":-4.2023676183333691e-07,"rt":[-4.1935298789042008e-07,-5.8141451406996659e-07]}
MORTAR_OBSERVER {"kind":"LAW","call_id":23,"pair":0,"slot":2,"node":3,"activity":2,"ndof":3,"normal":[-5.8707507311409546e-06,8.102632449367486e-08,-0.9999999999827639],"tangents":[0.99999999998276712,4.7568535377110329e-13,-5.8707507311409351e-06,1.0097419586828951e-28,0.99999999999999678,8.1026324495071168e-08],"ln":28.969990101631467,"lt":[8.6909970733241941,1.4453470284521572e-05],"lt_start":[8.6909324290262671,0.00092081811378256454],"q":0.0028969990101632218,"ut":[333.32301443125425,0.00067338412154718645],"gn":0.0028969990101631467,"gt":[6.4644297927074489e-07,-9.0636464349804292e-06],"b":8.6909972555698118,"constant_n":10000000000,"constant_t":100,"mu":0.29999999999999999,"normal_mode":1,"tangent_mode":1,"normal_inverse_stiffness":0.0001,"tangent_inverse_stiffness":0.01,"p0":0,"beta":0,"iwan":1,"rn":-2.2508037211821375e-07,"rt":[-1.8222740294504547e-07,-3.3396648521689428e-06]}
MORTAR_OBSERVER {"kind":"LAW","call_id":23,"pair":0,"slot":3,"node":4,"activity":0,"ndof":3,"normal":[-7.8165436366138371e-06,1.652924425762199e-07,-0.99999999996943723],"tangents":[0.99999999996945088,1.2920155902389799e-12,-7.8165436366137304e-06,-2.0194839173657902e-28,0.99999999999998646,1.6529244258126946e-07],"ln":4.7961764920861382e-14,"lt":[-1.6791748352740076e-14,-6.0368456240949496e-15],"lt_start":[0,0],"q":-0.00041791846786199197,"ut":[166.66140051430583,0.00081671336922689],"gn":4.7961764920861388e-18,"gt":[-1.6791748352740077e-16,-6.03684562409495e-17],"b":-1253755.4035859902,"constant_n":10000000000,"constant_t":100,"mu":0.29999999999999999,"normal_mode":1,"tangent_mode":1,"normal_inverse_stiffness":0.0001,"tangent_inverse_stiffness":0.01,"p0":0,"beta":0,"iwan":1,"rn":1.4388529476258413e-14,"rt":[-1.6791748352740076e-14,-6.0368456240949496e-15]}
MORTAR_OBSERVER {"kind":"LAW","call_id":23,"pair":0,"slot":4,"node":17,"activity":2,"ndof":3,"normal":[-6.2584152880118268e-06,3.6147682061915456e-11,-0.99999999998041611],"tangents":[0.99999999998041611,2.2622720604691298e-16,-6.2584152880118268e-06,-0,1,3.6147682062623368e-11],"ln":12.411117194743388,"lt":[3.723335158410932,1.0114539948316398e-05],"lt_start":[3.7150846792467029,-6.1786079269932704e-06],"q":0.0012411117194742942,"ut":[249.99235750557634,0.00067476707789072073],"gn":0.0012411117194743389,"gt":[8.250479164229052e-05,1.6293147875309668e-07],"b":3.7233350244156278,"constant_n":10000000000,"constant_t":100,"mu":0.29999999999999999,"normal_mode":1,"tangent_mode":1,"normal_inverse_stiffness":0.0001,"tangent_inverse_stiffness":0.01,"p0":0,"beta":0,"iwan":1,"rn":1.3400738874125295e-07,"rt":[1.3400886089698361e-07,6.7110504066186888e-08]}
MORTAR_OBSERVER {"kind":"LAW","call_id":23,"pair":0,"slot":5,"node":18,"activity":2,"ndof":3,"normal":[-6.1182122625098519e-06,1.6426158218076777e-07,-0.99999999998127032],"tangents":[0.99999999998128375,1.0049872263764529e-12,-6.1182122625097698e-06,-2.0194839173657902e-28,0.99999999999998657,1.6426158218384213e-07],"ln":26.755434422780972,"lt":[8.0266303458769972,2.2265215494299699e-05],"lt_start":[8.0305230699778338,0.00046307285700618046],"q":0.0026755434422782334,"ut":[249.99241108198586,0.00074632086800739521],"gn":0.0026755434422780972,"gt":[-3.8927241008366308e-05,-4.4080764151188081e-06],"b":8.0266307353616693,"constant_n":10000000000,"constant_t":100,"mu":0.29999999999999999,"normal_mode":1,"tangent_mode":1,"normal_inverse_stiffness":0.0001,"tangent_inverse_stiffness":0.01,"p0":0,"beta":0,"iwan":1,"rn":-4.0852737726027044e-07,"rt":[-3.8944848057553827e-07,-1.8382183177022359e-06]}
MORTAR_OBSERVER {"kind":"LAW","call_id":23,"pair":0,"slot":6,"node":19,"activity":2,"ndof":3,"normal":[-6.4062328193776601e-06,3.1207914678408622e-07,-0.99999999997943145],"tangents":[0.99999999997948008,1.9992516724126159e-12,-6.4062328193773484e-06,-4.0389678347315804e-28,0.99999999999995137,3.1207914679049006e-07],"ln":21.826918110045163,"lt":[6.5480754472909357,2.4997954849788563e-05],"lt_start":[6.5491838243497069,0.00040774259639448165],"q":0.0021826918110046528,"ut":[499.98448475785568,0.0020130047402818194],"gn":0.0021826918110045166,"gt":[-1.1083770587712039e-05,-3.8274464154469313e-06],"b":6.5480758415409275,"constant_n":10000000000,"constant_t":100,"mu":0.29999999999999999,"normal_mode":1,"tangent_mode":1,"normal_inverse_stiffness":0.0001,"tangent_inverse_stiffness":0.01,"p0":0,"beta":0,"iwan":1,"rn":-4.0852737903662728e-07,"rt":[-3.9419671971074877e-07,-1.4154190553518365e-06]}
MORTAR_OBSERVER {"kind":"LAW","call_id":23,"pair":0,"slot":7,"node":23,"activity":2,"ndof":3,"normal":[-6.8001038883797461e-06,7.9616986491909348e-08,-0.99999999997687616],"tangents":[0.99999999997687927,5.4140377943722819e-13,-6.8001038883797249e-06,-1.0097419586828951e-28,0.99999999999999689,7.9616986493750149e-08],"ln":6.7388133292419647,"lt":[2.0216440115264667,6.207693406825143e-06],"lt_start":[2.0202650691941155,0.00026114816186370289],"q":0.00067388133292434953,"ut":[249.99211283177758,0.00085947118384511469],"gn":0.00067388133292419655,"gt":[1.3789423323511407e-05,-2.5494046845687773e-06],"b":2.0216444577153689,"constant_n":10000000000,"constant_t":100,"mu":0.29999999999999999,"normal_mode":1,"tangent_mode":1,"normal_inverse_stiffness":0.0001,"tangent_inverse_stiffness":0.01,"p0":0,"beta":0,"iwan":1,"rn":-4.5894277977964748e-07,"rt":[-4.461768838837088e-07,-7.6326176133788107e-07]}
MORTAR_OBSERVER {"kind":"LAW","call_id":23,"pair":0,"slot":8,"node":24,"activity":0,"ndof":3,"normal":[-7.7308671702828439e-06,7.0595048808435174e-07,-0.99999999996986766],"tangents":[0.9999999999701169,5.4576094523395563e-12,-7.7308671702809177e-06,-8.0779356694631609e-28,0.99999999999975087,7.0595048810544783e-07],"ln":1.7763638577672819e-14,"lt":[-1.1379648674417607e-14,-2.5202075199184549e-14],"lt_start":[0,0],"q":-0.00028241335361101072,"ut":[249.99210037490593,0.0007665853673840138],"gn":1.7763638577672821e-18,"gt":[-1.1379648674417606e-16,-2.520207519918455e-16],"b":-847240.06083303748,"constant_n":10000000000,"constant_t":100,"mu":0.29999999999999999,"normal_mode":1,"tangent_mode":1,"normal_inverse_stiffness":0.0001,"tangent_inverse_stiffness":0.01,"p0":0,"beta":0,"iwan":1,"rn":5.3290915733018457e-15,"rt":[-1.1379648674417607e-14,-2.5202075199184549e-14]}
MORTAR_OBSERVER {"kind":"POST_RAW_AFTER_ACTIVE_LOOP","call_id":23,"pair":0,"slot":0,"node":1,"activity":2,"lambda_raw":[0.00079007660302623649,2.1964315765830939e-09,-0.0026336550998411843],"gap":-0.00035115286788757667}
MORTAR_OBSERVER {"kind":"POST_RAW_AFTER_ACTIVE_LOOP","call_id":23,"pair":0,"slot":1,"node":2,"activity":2,"lambda_raw":[0.0089034826599339086,4.1906642159367367e-08,-0.029678952570070024],"gap":-0.0019785974454442643}
MORTAR_OBSERVER {"kind":"POST_RAW_AFTER_ACTIVE_LOOP","call_id":23,"pair":0,"slot":2,"node":3,"activity":2,"lambda_raw":[0.0065181112041633668,1.260058719434568e-08,-0.021727500695464971],"gap":-0.0028969990101632218}
MORTAR_OBSERVER {"kind":"POST_RAW_AFTER_ACTIVE_LOOP","call_id":23,"pair":0,"slot":3,"node":4,"activity":0,"lambda_raw":[0,0,0],"gap":0.00041791846786199197}
MORTAR_OBSERVER {"kind":"POST_RAW_AFTER_ACTIVE_LOOP","call_id":23,"pair":0,"slot":4,"node":17,"activity":2,"lambda_raw":[0.0037232546564718106,1.0114980899599475e-08,-0.012411131069994953],"gap":-0.0012411117194742942}
MORTAR_OBSERVER {"kind":"POST_RAW_AFTER_ACTIVE_LOOP","call_id":23,"pair":0,"slot":5,"node":18,"activity":2,"lambda_raw":[0.0080264516413349439,2.6660063698520863e-08,-0.026755433499909526],"gap":-0.0026755434422782334}
MORTAR_OBSERVER {"kind":"POST_RAW_AFTER_ACTIVE_LOOP","call_id":23,"pair":0,"slot":6,"node":19,"activity":2,"lambda_raw":[0.0032739674855706523,1.5904845387628461e-08,-0.010913478949523461],"gap":-0.0021826918110046528}
MORTAR_OBSERVER {"kind":"POST_RAW_AFTER_ACTIVE_LOOP","call_id":23,"pair":0,"slot":7,"node":23,"activity":2,"lambda_raw":[0.002021598745260185,6.7442203740624133e-09,-0.0067388289378915358],"gap":-0.00067388133292434953}
MORTAR_OBSERVER {"kind":"POST_RAW_AFTER_ACTIVE_LOOP","call_id":23,"pair":0,"slot":8,"node":24,"activity":0,"lambda_raw":[0,0,0],"gap":0.00028241335361101072}
MORTAR_OBSERVER {"kind":"SUMMARY_PRE_OVERRIDE","call_id":23,"ndiverg":14,"flag":1,"keepset":0,"max_n":8.562486657481827e-07,"max_t":[8.5692170403994794e-07,3.3396648521689428e-06],"lm_t_av":[35.999932977927308,0.00010382410437164883],"nstick":0,"nslip":7,"ninactive":2,"nnogap":0,"nolm":0}
MORTAR_OBSERVER {"kind":"SUMMARY_POST_OVERRIDE","call_id":23,"flag":1}
MORTAR_OBSERVER {"kind":"RETURN","call_id":23}
 Using up to 2 cpu(s) for the stress calculation.

 average force= 5.905287
 time avg. forc= 5.903108
 largest residual force= 0.000994 in node 31 and dof 3
 largest increment of disp= 2.496561e-01
 largest correction to disp= 6.731503e-04 in node 17 and dof 1

MORTAR_OBSERVER {"kind":"PRE_CHECK","call_id":23,"step":2,"inc":2,"cutback":0,"iteration":1,"time":0.5,"dtime":0.25,"ttime":1,"tper":1,"theta":0.25,"dtheta":0.25,"icntrl":0,"nmethod":1,"iexpl":0,"ithermal":0,"uncoupled":0,"mortar":2,"iflagdualquad":2}
 no convergence

MORTAR_OBSERVER {"kind":"POST_CHECK","call_id":23,"step":2,"inc":2,"cutback":0,"iteration":2,"time":0.5,"dtime":0.25,"ttime":1,"tper":1,"theta":0.25,"dtheta":0.25,"icntrl":0,"nmethod":1,"iexpl":0,"ithermal":0,"uncoupled":0,"mortar":2,"iflagdualquad":2}
 iteration 2

 Determining the structure of the matrix:

 Using up to 2 cpu(s) for setting up the structure of the matrix.
 number of equations
 75
 number of nonzero lower triangular matrix elements
 1143

 Using up to 2 cpu(s) for the stress calculation.

 Using up to 2 cpu(s) for the symmetric stiffness/mass contributions.

 Using up to 2 cpu(s) for the stress calculation.

 Using up to 2 cpu(s) for the symmetric stiffness/mass contributions.

 Factoring the system of equations using the unsymmetric spooles solver
 Using 1 cpu for spooles.

MORTAR_OBSERVER {"kind":"BEGIN","call_id":24,"step":2,"inc":2,"cutback":0,"iteration":2,"time":0.5,"dtime":0.25,"ttime":1,"tper":1,"theta":0.25,"dtheta":0.25,"icntrl":0,"nmethod":1,"iexpl":0,"ithermal":0,"uncoupled":0,"mortar":2,"iflagdualquad":2}
MORTAR_OBSERVER {"kind":"INVENTORY","call_id":24,"pair_count":1,"slave_count":9}
MORTAR_OBSERVER {"kind":"PAIR","call_id":24,"pair":0,"start":0,"end":9}
MORTAR_OBSERVER {"kind":"PRE_RAW","call_id":24,"pair":0,"slot":0,"node":1,"activity":2,"lambda_raw":[0.00079007451907553276,2.4459816439396542e-09,-0.0026336481548461248],"lambda_start":[0.00079319706193399064,4.4344490183137881e-08,-0.0026439894983166633],"ddtil_count":1}
MORTAR_OBSERVER {"kind":"DDTIL","call_id":24,"pair":0,"column_slot":0,"source_slot":0,"destination_slot":0,"entry":0,"value":1333.3317607968493}
MORTAR_OBSERVER {"kind":"PRE_RAW","call_id":24,"pair":0,"slot":1,"node":2,"activity":2,"lambda_raw":[0.0089034962004201634,4.2758752633212926e-08,-0.029678997710472405],"lambda_start":[0.0089055149057446423,2.7004977619665675e-07,-0.029685042323586576],"ddtil_count":1}
MORTAR_OBSERVER {"kind":"DDTIL","call_id":24,"pair":0,"column_slot":1,"source_slot":1,"destination_slot":1,"entry":1,"value":666.66812704165648}
MORTAR_OBSERVER {"kind":"PRE_RAW","call_id":24,"pair":0,"slot":2,"node":3,"activity":2,"lambda_raw":[0.0065181226512685472,1.5099933670026641e-08,-0.021727538960430295],"lambda_start":[0.0065180627246544231,6.9237307628033698e-07,-0.021726879440592411],"ddtil_count":1}
MORTAR_OBSERVER {"kind":"DDTIL","call_id":24,"pair":0,"column_slot":2,"source_slot":2,"destination_slot":2,"entry":2,"value":1333.3351833630409}
MORTAR_OBSERVER {"kind":"PRE_RAW","call_id":24,"pair":0,"slot":3,"node":4,"activity":0,"lambda_raw":[-3.0493223734259299e-23,7.4962508346720766e-23,-8.1315263291358126e-23],"lambda_start":[0,0,0],"ddtil_count":1}
MORTAR_OBSERVER {"kind":"DDTIL","call_id":24,"pair":0,"column_slot":3,"source_slot":3,"destination_slot":3,"entry":3,"value":666.66584390235209}
MORTAR_OBSERVER {"kind":"PRE_RAW","call_id":24,"pair":0,"slot":4,"node":17,"activity":2,"lambda_raw":[0.0037232373247188116,1.0039049534714493e-08,-0.012411073296176075],"lambda_start":[0.0037150043574732099,-6.1781556049270797e-09,-0.012383344599702148],"ddtil_count":1}
MORTAR_OBSERVER {"kind":"DDTIL","call_id":24,"pair":0,"column_slot":4,"source_slot":4,"destination_slot":4,"entry":4,"value":1000.0007595345664}
MORTAR_OBSERVER {"kind":"PRE_RAW","call_id":24,"pair":0,"slot":5,"node":18,"activity":2,"lambda_raw":[0.0080264709441119284,2.8488518580228835e-08,-0.026755497907526914],"lambda_start":[0.0080303442824153481,4.6746891443111708e-07,-0.026767813156713397],"ddtil_count":1}
MORTAR_OBSERVER {"kind":"DDTIL","call_id":24,"pair":0,"column_slot":5,"source_slot":5,"destination_slot":5,"entry":5,"value":1000.0018699377408}
MORTAR_OBSERVER {"kind":"PRE_RAW","call_id":24,"pair":0,"slot":6,"node":19,"activity":2,"lambda_raw":[0.0032739638988582222,1.6607865135761172e-08,-0.010913467017421736],"lambda_start":[0.0032745216638419504,2.072776442822099e-07,-0.010915071660957296],"ddtil_count":1}
MORTAR_OBSERVER {"kind":"DDTIL","call_id":24,"pair":0,"column_slot":6,"source_slot":6,"destination_slot":6,"entry":6,"value":2000.0001978321793}
MORTAR_OBSERVER {"kind":"PRE_RAW","call_id":24,"pair":0,"slot":7,"node":23,"activity":2,"lambda_raw":[0.0020215823458811714,7.5062753727508571e-09,-0.0067387743144980902],"lambda_start":[0.0020202198349269676,2.6168438013899562e-07,-0.0067340672370196719],"ddtil_count":1}
MORTAR_OBSERVER {"kind":"DDTIL","call_id":24,"pair":0,"column_slot":7,"source_slot":7,"destination_slot":7,"entry":7,"value":999.99972377743859}
MORTAR_OBSERVER {"kind":"PRE_RAW","call_id":24,"pair":0,"slot":8,"node":24,"activity":0,"lambda_raw":[8.1315270877569528e-23,-1.6093647361185634e-23,-1.3552545146261586e-22],"lambda_start":[0,0,0],"ddtil_count":1}
MORTAR_OBSERVER {"kind":"DDTIL","call_id":24,"pair":0,"column_slot":8,"source_slot":8,"destination_slot":8,"entry":8,"value":999.99867255983361}
MORTAR_OBSERVER {"kind":"LAW","call_id":24,"pair":0,"slot":0,"node":1,"activity":2,"ndof":3,"normal":[-6.9417154842959133e-06,5.4313397640655108e-07,-0.99999999997575884],"tangents":[0.99999999997590627,3.7702815341594077e-12,-6.9417154842948901e-06,-0,0.99999999999985256,5.4313397641963721e-07],"ln":3.5115194189155985,"lt":[1.0534558256738094,1.3540755351415339e-06],"lt_start":[1.0576193069567796,5.7211198729295916e-05],"q":0.00035115194189155988,"ut":[333.32284861275826,0.00042788309840599754],"gn":0.00035115194189155988,"gt":[-4.1634812829702825e-05,-5.585712319415439e-07],"b":1.0534558256746795,"constant_n":10000000000,"constant_t":100,"mu":0.29999999999999999,"normal_mode":1,"tangent_mode":1,"normal_inverse_stiffness":0.0001,"tangent_inverse_stiffness":0.01,"p0":0,"beta":0,"iwan":1,"rn":0,"rt":[2.2204460492503131e-16,-5.563792453489101e-15]}
MORTAR_OBSERVER {"kind":"LAW","call_id":24,"pair":0,"slot":1,"node":2,"activity":2,"ndof":3,"normal":[-6.2785888721234065e-06,1.6041280934066267e-07,-0.99999999998027678],"tangents":[0.99999999998028966,1.0071660796921897e-12,-6.2785888721233261e-06,4.0389678347315804e-28,0.99999999999998712,1.6041280934382445e-07],"ln":19.786004548052162,"lt":[5.9358013643615903,2.5331962979103917e-05],"lt_start":[5.9371471961604332,0.00017685899752786067],"q":0.0019786004548052166,"ut":[166.66163222778917,0.00070973943258294736],"gn":0.0019786004548052161,"gt":[-1.3458317988428448e-05,-1.5152703454875674e-06],"b":5.9358013657166913,"constant_n":10000000000,"constant_t":100,"mu":0.29999999999999999,"normal_mode":1,"tangent_mode":1,"normal_inverse_stiffness":0.0001,"tangent_inverse_stiffness":0.01,"p0":0,"beta":0,"iwan":1,"rn":-1.3010428290272102e-09,"rt":[-1.301046381740889e-09,9.4774685874873116e-15]}
MORTAR_OBSERVER {"kind":"LAW","call_id":24,"pair":0,"slot":2,"node":3,"activity":2,"ndof":3,"normal":[-5.8707507311409546e-06,8.102632449367486e-08,-0.9999999999827639],"tangents":[0.99999999998276712,4.7568535377110329e-13,-5.8707507311409351e-06,1.0097419586828951e-28,0.99999999999999678,8.1026324495071168e-08],"ln":28.970041121566691,"lt":[8.6910123364518057,1.7785932741996338e-05],"lt_start":[8.6909324290262671,0.00092081811378256454],"q":0.0028970041121566693,"ut":[333.32301123073449,0.00067310662862434488],"gn":0.0028970041121566693,"gt":[7.990742553865005e-07,-9.0303218104056821e-06],"b":8.6910123364700063,"constant_n":10000000000,"constant_t":100,"mu":0.29999999999999999,"normal_mode":1,"tangent_mode":1,"normal_inverse_stiffness":0.0001,"tangent_inverse_stiffness":0.01,"p0":0,"beta":0,"iwan":1,"rn":0,"rt":[0,-1.9437874703917557e-14]}
MORTAR_OBSERVER {"kind":"LAW","call_id":24,"pair":0,"slot":3,"node":4,"activity":0,"ndof":3,"normal":[-7.8165436366138371e-06,1.652924425762199e-07,-0.99999999996943723],"tangents":[0.99999999996945088,1.2920155902389799e-12,-7.8165436366137304e-06,-2.0194839173657902e-28,0.99999999999998646,1.6529244258126946e-07],"ln":5.4210275783978797e-20,"lt":[-2.0328366997738002e-20,4.9974934927481771e-20],"lt_start":[0,0],"q":-0.0004179877112977409,"ut":[166.66140031835315,0.00081652661359639942],"gn":5.4210275783978803e-24,"gt":[-2.0328366997738002e-22,4.9974934927481773e-22],"b":-1253963.1338932225,"constant_n":10000000000,"constant_t":100,"mu":0.29999999999999999,"normal_mode":1,"tangent_mode":1,"normal_inverse_stiffness":0.0001,"tangent_inverse_stiffness":0.01,"p0":0,"beta":0,"iwan":1,"rn":1.6263082735193639e-20,"rt":[-2.0328366997738002e-20,4.9974934927481771e-20]}
MORTAR_OBSERVER {"kind":"LAW","call_id":24,"pair":0,"slot":4,"node":17,"activity":2,"ndof":3,"normal":[-6.2584152880118268e-06,3.6147682061915456e-11,-0.99999999998041611],"tangents":[0.99999999998041611,2.2622720604691298e-16,-6.2584152880118268e-06,-0,1,3.6147682062623368e-11],"ln":12.411059420989101,"lt":[3.7233178262831967,1.0038608527847312e-05],"lt_start":[3.7150846792467029,-6.1786079269932704e-06],"q":0.0012411059420989103,"ut":[249.99235630578437,0.00067417784865118565],"gn":0.0012411059420989101,"gt":[8.2331470364938047e-05,1.6217216454840581e-07],"b":3.7233178269472513,"constant_n":10000000000,"constant_t":100,"mu":0.29999999999999999,"normal_mode":1,"tangent_mode":1,"normal_inverse_stiffness":0.0001,"tangent_inverse_stiffness":0.01,"p0":0,"beta":0,"iwan":1,"rn":-6.5052097042439527e-10,"rt":[-6.5052141451360512e-10,-4.1919299723579793e-14]}
MORTAR_OBSERVER {"kind":"LAW","call_id":24,"pair":0,"slot":5,"node":18,"activity":2,"ndof":3,"normal":[-6.1182122625098519e-06,1.6426158218076777e-07,-0.99999999998127032],"tangents":[0.99999999998128375,1.0049872263764529e-12,-6.1182122625097698e-06,-2.0194839173657902e-28,0.99999999999998657,1.6426158218384213e-07],"ln":26.755498830400999,"lt":[8.0266496490841348,2.4093663215387517e-05],"lt_start":[8.0305230699778338,0.00046307285700618046],"q":0.0026755498830401,"ut":[249.99240871725854,0.00074601468529078162],"gn":0.0026755498830401,"gt":[-3.8734208936990199e-05,-4.3897919379079293e-06],"b":8.0266496491202997,"constant_n":10000000000,"constant_t":100,"mu":0.29999999999999999,"normal_mode":1,"tangent_mode":1,"normal_inverse_stiffness":0.0001,"tangent_inverse_stiffness":0.01,"p0":0,"beta":0,"iwan":1,"rn":0,"rt":[-3.5527136788005009e-15,5.8674582120027408e-15]}
MORTAR_OBSERVER {"kind":"LAW","call_id":24,"pair":0,"slot":6,"node":19,"activity":2,"ndof":3,"normal":[-6.4062328193776601e-06,3.1207914678408622e-07,-0.99999999997943145],"tangents":[0.99999999997948008,1.9992516724126159e-12,-6.4062328193773484e-06,-4.0389678347315804e-28,0.99999999999995137,3.1207914679049006e-07],"ln":21.826894245885747,"lt":[6.5480682737124862,2.6404001932654835e-05],"lt_start":[6.5491838243497069,0.00040774259639448165],"q":0.0021826894245885746,"ut":[499.98448180806429,0.0020122913607105372],"gn":0.0021826894245885746,"gt":[-1.1155506372206858e-05,-3.8133859446182684e-06],"b":6.5480682737657236,"constant_n":10000000000,"constant_t":100,"mu":0.29999999999999999,"normal_mode":1,"tangent_mode":1,"normal_inverse_stiffness":0.0001,"tangent_inverse_stiffness":0.01,"p0":0,"beta":0,"iwan":1,"rn":0,"rt":[-2.6645352591003757e-15,-1.9090516656643935e-14]}
MORTAR_OBSERVER {"kind":"LAW","call_id":24,"pair":0,"slot":7,"node":23,"activity":2,"ndof":3,"normal":[-6.8001038883797461e-06,7.9616986491909348e-08,-0.99999999997687616],"tangents":[0.99999999997687927,5.4140377943722819e-13,-6.8001038883797249e-06,-1.0097419586828951e-28,0.99999999999999689,7.9616986493750149e-08],"ln":6.7387587059751866,"lt":[2.0216276117805387,6.9697525439655761e-06],"lt_start":[2.0202650691941155,0.00026114816186370289],"q":0.00067387587059751855,"ut":[249.99211151225128,0.0008593296374558285],"gn":0.00067387587059751866,"gt":[1.3625425864232099e-05,-2.5417840931973732e-06],"b":2.0216276114672951,"constant_n":10000000000,"constant_t":100,"mu":0.29999999999999999,"normal_mode":1,"tangent_mode":1,"normal_inverse_stiffness":0.0001,"tangent_inverse_stiffness":0.01,"p0":0,"beta":0,"iwan":1,"rn":3.2526070725680256e-10,"rt":[3.2525804272154346e-10,-1.2438223126703778e-14]}
MORTAR_OBSERVER {"kind":"LAW","call_id":24,"pair":0,"slot":8,"node":24,"activity":0,"ndof":3,"normal":[-7.7308671702828439e-06,7.0595048808435174e-07,-0.99999999996986766],"tangents":[0.9999999999701169,5.4576094523395563e-12,-7.7308671702809177e-06,-8.0779356694631609e-28,0.99999999999975087,7.0595048810544783e-07],"ln":1.3552463155857761e-19,"lt":[8.1316210661767688e-20,-1.6093721671959305e-20],"lt_start":[0,0],"q":-0.00028232872105316903,"ut":[249.99210019427986,0.0007661262677023361],"gn":1.3552463155857763e-23,"gt":[8.1316210661767691e-22,-1.6093721671959304e-22],"b":-846986.16315950698,"constant_n":10000000000,"constant_t":100,"mu":0.29999999999999999,"normal_mode":1,"tangent_mode":1,"normal_inverse_stiffness":0.0001,"tangent_inverse_stiffness":0.01,"p0":0,"beta":0,"iwan":1,"rn":4.0657389467573284e-20,"rt":[8.1316210661767688e-20,-1.6093721671959305e-20]}
MORTAR_OBSERVER {"kind":"POST_RAW_AFTER_ACTIVE_LOOP","call_id":24,"pair":0,"slot":0,"node":1,"activity":2,"lambda_raw":[0.00079007451907553276,2.4459816439396542e-09,-0.0026336481548461248],"gap":-0.00035115194189155988}
MORTAR_OBSERVER {"kind":"POST_RAW_AFTER_ACTIVE_LOOP","call_id":24,"pair":0,"slot":1,"node":2,"activity":2,"lambda_raw":[0.0089034962004201634,4.2758752633212926e-08,-0.029678997710472405],"gap":-0.0019786004548052166}
MORTAR_OBSERVER {"kind":"POST_RAW_AFTER_ACTIVE_LOOP","call_id":24,"pair":0,"slot":2,"node":3,"activity":2,"lambda_raw":[0.0065181226512685472,1.5099933670026641e-08,-0.021727538960430295],"gap":-0.0028970041121566693}
MORTAR_OBSERVER {"kind":"POST_RAW_AFTER_ACTIVE_LOOP","call_id":24,"pair":0,"slot":3,"node":4,"activity":0,"lambda_raw":[0,0,0],"gap":0.0004179877112977409}
MORTAR_OBSERVER {"kind":"POST_RAW_AFTER_ACTIVE_LOOP","call_id":24,"pair":0,"slot":4,"node":17,"activity":2,"lambda_raw":[0.0037232373247188116,1.0039049534714493e-08,-0.012411073296176075],"gap":-0.0012411059420989103}
MORTAR_OBSERVER {"kind":"POST_RAW_AFTER_ACTIVE_LOOP","call_id":24,"pair":0,"slot":5,"node":18,"activity":2,"lambda_raw":[0.0080264709441119284,2.8488518580228835e-08,-0.026755497907526914],"gap":-0.0026755498830401}
MORTAR_OBSERVER {"kind":"POST_RAW_AFTER_ACTIVE_LOOP","call_id":24,"pair":0,"slot":6,"node":19,"activity":2,"lambda_raw":[0.0032739638988582222,1.6607865135761172e-08,-0.010913467017421736],"gap":-0.0021826894245885746}
MORTAR_OBSERVER {"kind":"POST_RAW_AFTER_ACTIVE_LOOP","call_id":24,"pair":0,"slot":7,"node":23,"activity":2,"lambda_raw":[0.0020215823458811714,7.5062753727508571e-09,-0.0067387743144980902],"gap":-0.00067387587059751855}
MORTAR_OBSERVER {"kind":"POST_RAW_AFTER_ACTIVE_LOOP","call_id":24,"pair":0,"slot":8,"node":24,"activity":0,"lambda_raw":[0,0,0],"gap":0.00028232872105316903}
MORTAR_OBSERVER {"kind":"SUMMARY_PRE_OVERRIDE","call_id":24,"ndiverg":14,"flag":0,"keepset":0,"max_n":1.3010428290272102e-09,"max_t":[1.301046381740889e-09,4.1919299723579793e-14],"lm_t_av":[35.999932887347562,0.00011197799747609703],"nstick":0,"nslip":7,"ninactive":2,"nnogap":0,"nolm":0}
MORTAR_OBSERVER {"kind":"SUMMARY_POST_OVERRIDE","call_id":24,"flag":0}
MORTAR_OBSERVER {"kind":"RETURN","call_id":24}
 Using up to 2 cpu(s) for the stress calculation.

 average force= 5.905373
 time avg. forc= 5.903151
 largest residual force= 0.000000 in node 20 and dof 1
 largest increment of disp= 2.496561e-01
 largest correction to disp= 3.487616e-09 in node 34 and dof 3

MORTAR_OBSERVER {"kind":"PRE_CHECK","call_id":24,"step":2,"inc":2,"cutback":0,"iteration":2,"time":0.5,"dtime":0.25,"ttime":1,"tper":1,"theta":0.25,"dtheta":0.25,"icntrl":0,"nmethod":1,"iexpl":0,"ithermal":0,"uncoupled":0,"mortar":2,"iflagdualquad":2}
 convergence

MORTAR_OBSERVER {"kind":"POST_CHECK","call_id":24,"step":2,"inc":2,"cutback":0,"iteration":2,"time":0.5,"dtime":0.25,"ttime":1,"tper":1,"theta":0.5,"dtheta":0.25,"icntrl":1,"nmethod":1,"iexpl":0,"ithermal":0,"uncoupled":0,"mortar":2,"iflagdualquad":2}
 Using up to 2 cpu(s) for the stress calculation.

 increment 3 attempt 1 
 increment size= 2.500000e-01
 sum of previous increments=5.000000e-01
 actual step time=7.500000e-01
 actual total time=1.750000e+00

 iteration 1

 Determining the structure of the matrix:

 Using up to 2 cpu(s) for setting up the structure of the matrix.
 number of equations
 75
 number of nonzero lower triangular matrix elements
 1143

 Using up to 2 cpu(s) for the stress calculation.

 Using up to 2 cpu(s) for the symmetric stiffness/mass contributions.

 Using up to 2 cpu(s) for the stress calculation.

 Using up to 2 cpu(s) for the symmetric stiffness/mass contributions.

 Factoring the system of equations using the unsymmetric spooles solver
 Using 1 cpu for spooles.

MORTAR_OBSERVER {"kind":"BEGIN","call_id":25,"step":2,"inc":3,"cutback":0,"iteration":1,"time":0.75,"dtime":0.25,"ttime":1,"tper":1,"theta":0.5,"dtheta":0.25,"icntrl":0,"nmethod":1,"iexpl":0,"ithermal":0,"uncoupled":0,"mortar":2,"iflagdualquad":2}
MORTAR_OBSERVER {"kind":"INVENTORY","call_id":25,"pair_count":1,"slave_count":9}
MORTAR_OBSERVER {"kind":"PAIR","call_id":25,"pair":0,"start":0,"end":9}
MORTAR_OBSERVER {"kind":"PRE_RAW","call_id":25,"pair":0,"slot":0,"node":1,"activity":2,"lambda_raw":[0.00079171869963402352,-2.1261249745867441e-10,-0.0026390963554310436],"lambda_start":[0.00079007451907553276,2.4459816439396542e-09,-0.0026336481548461248],"ddtil_count":1}
MORTAR_OBSERVER {"kind":"DDTIL","call_id":25,"pair":0,"column_slot":0,"source_slot":0,"destination_slot":0,"entry":0,"value":1333.3330497764346}
MORTAR_OBSERVER {"kind":"PRE_RAW","call_id":25,"pair":0,"slot":1,"node":2,"activity":2,"lambda_raw":[0.0089056426378926034,4.2488205407149609e-09,-0.029685824975135739],"lambda_start":[0.0089034962004201634,4.2758752633212926e-08,-0.029678997710472405],"ddtil_count":1}
MORTAR_OBSERVER {"kind":"DDTIL","call_id":25,"pair":0,"column_slot":1,"source_slot":1,"destination_slot":1,"entry":1,"value":666.66770427442168}
MORTAR_OBSERVER {"kind":"PRE_RAW","call_id":25,"pair":0,"slot":2,"node":3,"activity":2,"lambda_raw":[0.0065185445171130393,-6.143577734842757e-09,-0.02172872532825364],"lambda_start":[0.0065181226512685472,1.5099933670026641e-08,-0.021727538960430295],"ddtil_count":1}
MORTAR_OBSERVER {"kind":"DDTIL","call_id":25,"pair":0,"column_slot":2,"source_slot":2,"destination_slot":2,"entry":2,"value":1333.3349460571487}
MORTAR_OBSERVER {"kind":"PRE_RAW","call_id":25,"pair":0,"slot":3,"node":4,"activity":0,"lambda_raw":[-5.7591473050462873e-20,-4.7844769299175292e-20,1.7133869808390221e-19],"lambda_start":[0,0,0],"ddtil_count":1}
MORTAR_OBSERVER {"kind":"DDTIL","call_id":25,"pair":0,"column_slot":3,"source_slot":3,"destination_slot":3,"entry":3,"value":666.66656363349171}
MORTAR_OBSERVER {"kind":"PRE_RAW","call_id":25,"pair":0,"slot":4,"node":17,"activity":2,"lambda_raw":[0.0037196028800780393,-1.7359648387741991e-09,-0.012398821074847572],"lambda_start":[0.0037232373247188116,1.0039049534714493e-08,-0.012411073296176075],"ddtil_count":1}
MORTAR_OBSERVER {"kind":"DDTIL","call_id":25,"pair":0,"column_slot":4,"source_slot":4,"destination_slot":4,"entry":4,"value":1000.0007912137438}
MORTAR_OBSERVER {"kind":"PRE_RAW","call_id":25,"pair":0,"slot":5,"node":18,"activity":2,"lambda_raw":[0.0080271409870482559,-1.121116543598627e-09,-0.026757446377384468],"lambda_start":[0.0080264709441119284,2.8488518580228835e-08,-0.026755497907526914],"ddtil_count":1}
MORTAR_OBSERVER {"kind":"DDTIL","call_id":25,"pair":0,"column_slot":5,"source_slot":5,"destination_slot":5,"entry":5,"value":1000.0014051327601}
MORTAR_OBSERVER {"kind":"PRE_RAW","call_id":25,"pair":0,"slot":6,"node":19,"activity":2,"lambda_raw":[0.0032738831168855512,2.2576922594057316e-09,-0.010913075242977162],"lambda_start":[0.0032739638988582222,1.6607865135761172e-08,-0.010913467017421736],"ddtil_count":1}
MORTAR_OBSERVER {"kind":"DDTIL","call_id":25,"pair":0,"column_slot":6,"source_slot":6,"destination_slot":6,"entry":6,"value":2000.0009685193825}
MORTAR_OBSERVER {"kind":"PRE_RAW","call_id":25,"pair":0,"slot":7,"node":23,"activity":2,"lambda_raw":[0.0020209173314588219,-2.479157386005381e-10,-0.0067364778516137988],"lambda_start":[0.0020215823458811714,7.5062753727508571e-09,-0.0067387743144980902],"ddtil_count":1}
MORTAR_OBSERVER {"kind":"DDTIL","call_id":25,"pair":0,"column_slot":7,"source_slot":7,"destination_slot":7,"entry":7,"value":1000.0003327329863}
MORTAR_OBSERVER {"kind":"PRE_RAW","call_id":25,"pair":0,"slot":8,"node":24,"activity":0,"lambda_raw":[-4.7671740921079196e-19,3.0888195095866737e-19,-1.6519433606777284e-19],"lambda_start":[0,0,0],"ddtil_count":1}
MORTAR_OBSERVER {"kind":"DDTIL","call_id":25,"pair":0,"column_slot":8,"source_slot":8,"destination_slot":8,"entry":8,"value":999.9997490010287}
MORTAR_OBSERVER {"kind":"LAW","call_id":25,"pair":0,"slot":0,"node":1,"activity":2,"ndof":3,"normal":[-3.5483493890463059e-06,3.1925213541431237e-07,-0.99999999999365363],"tangents":[0.99999999999370459,1.1328181196562355e-12,-3.5483493890461251e-06,-0,0.99999999999994904,3.1925213541632222e-07],"ln":3.5187906464930356,"lt":[1.0556371942533518,-1.4068658934709824e-06],"lt_start":[1.0534449281987766,2.1402446735985762e-06],"q":0.00035187906464930721,"ut":[333.33093897059069,-0.00044605476201678543],"gn":0.00035187906464930358,"gt":[2.1922660545752317e-05,-3.5471105670695588e-08],"b":1.0556372048441425,"constant_n":10000000000,"constant_t":100,"mu":0.29999999999999999,"normal_mode":1,"tangent_mode":1,"normal_inverse_stiffness":0.0001,"tangent_inverse_stiffness":0.01,"p0":0,"beta":0,"iwan":1,"rn":-1.0896231916746046e-08,"rt":[-1.0589845889086291e-08,5.6478394669889543e-09]}
MORTAR_OBSERVER {"kind":"LAW","call_id":25,"pair":0,"slot":1,"node":2,"activity":2,"ndof":3,"normal":[-3.2405805439807517e-06,6.8076097718913392e-08,-0.99999999999474698],"tangents":[0.99999999999474931,2.2060607777920149e-13,-3.2405805439807441e-06,2.5243548967072378e-29,0.99999999999999767,6.807609771927084e-08],"ln":19.790561545897479,"lt":[5.9371684654321406,1.4852859242663181e-06],"lt_start":[5.9357374901404718,2.7158923793642253e-05],"q":0.001979056154589748,"ut":[166.66563577780624,4.1301310555993841e-05],"gn":0.001979056154589748,"gt":[1.4309752916688012e-05,-2.5673637869375937e-07],"b":5.9371684637692432,"constant_n":10000000000,"constant_t":100,"mu":0.29999999999999999,"normal_mode":1,"tangent_mode":1,"normal_inverse_stiffness":0.0001,"tangent_inverse_stiffness":0.01,"p0":0,"beta":0,"iwan":1,"rn":0,"rt":[1.6630812282869556e-09,4.852157639137111e-09]}
MORTAR_OBSERVER {"kind":"LAW","call_id":25,"pair":0,"slot":2,"node":3,"activity":2,"ndof":3,"normal":[-3.0857170020410688e-06,3.8308909568263429e-08,-0.99999999999523848],"tangents":[0.99999999999523925,1.1821045358500703e-13,-3.0857170020410667e-06,-0,0.99999999999999933,3.8308909568445819e-08],"ln":28.971641994088777,"lt":[8.6914926004256934,-9.3013199283054084e-06],"lt_start":[8.6909301070716207,1.9023456802787376e-05],"q":0.0028971641994088772,"ut":[333.33114982076142,-0.00035703152413456003],"gn":0.0028971641994088777,"gt":[5.6249335407265733e-06,-2.8324776731092785e-07],"b":8.6914925969255901,"constant_n":10000000000,"constant_t":100,"mu":0.29999999999999999,"normal_mode":1,"tangent_mode":1,"normal_inverse_stiffness":0.0001,"tangent_inverse_stiffness":0.01,"p0":0,"beta":0,"iwan":1,"rn":1.3010428290272102e-09,"rt":[3.5050788937951438e-09,7.6597163628222542e-10]}
MORTAR_OBSERVER {"kind":"LAW","call_id":25,"pair":0,"slot":3,"node":4,"activity":0,"ndof":3,"normal":[-4.0489642383709858e-06,1.3288340525975652e-07,-0.99999999999179412],"tangents":[0.999999999991803,5.3804015577412344e-13,-4.0489642383709502e-06,-0,0.99999999999999123,1.3288340526084578e-07],"ln":-1.1422562984942485e-16,"lt":[-3.8394771928948025e-17,-3.1896492757807338e-17],"lt_start":[0,0],"q":-0.021693620025777332,"ut":[166.66548966248575,7.536005036542068e-05],"gn":-1.1422562984942485e-20,"gt":[-3.8394771928948027e-19,-3.1896492757807339e-19],"b":-65080860.07733199,"constant_n":10000000000,"constant_t":100,"mu":0.29999999999999999,"normal_mode":1,"tangent_mode":1,"normal_inverse_stiffness":0.0001,"tangent_inverse_stiffness":0.01,"p0":0,"beta":0,"iwan":1,"rn":-3.4267688954827454e-17,"rt":[-3.8394771928948025e-17,-3.1896492757807338e-17]}
MORTAR_OBSERVER {"kind":"LAW","call_id":25,"pair":0,"slot":4,"node":17,"activity":2,"ndof":3,"normal":[-3.2145276320167015e-06,1.3726654780163734e-08,-0.99999999999483336],"tangents":[0.99999999999483347,4.4124711086218442e-14,-3.2145276320167015e-06,-0,1,1.3726654780234655e-08],"ln":12.398818928125429,"lt":[3.7196456794442265,-1.906160683529867e-06],"lt_start":[3.7232801663457376,9.8686948243664958e-06],"q":0.001239881892812543,"ut":[249.998361176423,-0.00012741829498734148],"gn":0.001239881892812543,"gt":[-3.6344869015110248e-05,-1.1774855507896363e-07],"b":3.7196456784376286,"constant_n":10000000000,"constant_t":100,"mu":0.29999999999999999,"normal_mode":1,"tangent_mode":1,"normal_inverse_stiffness":0.0001,"tangent_inverse_stiffness":0.01,"p0":0,"beta":0,"iwan":1,"rn":0,"rt":[1.0070801970130105e-09,-1.2095033563057678e-08]}
MORTAR_OBSERVER {"kind":"LAW","call_id":25,"pair":0,"slot":5,"node":18,"activity":2,"ndof":3,"normal":[-3.186231132424416e-06,7.6274771803227874e-08,-0.99999999999492106],"tangents":[0.99999999999492395,2.430290525392463e-13,-3.1862311324244071e-06,-0,0.99999999999999711,7.6274771803615047e-08],"ln":26.757458398650506,"lt":[8.0272375217347474,-3.1620391031595789e-06],"lt_start":[8.0265674716486402,2.6447786245438706e-05],"q":0.0026757458398650501,"ut":[249.99841669953034,-9.8812832307515702e-05],"gn":0.0026757458398650505,"gt":[6.7005008610721004e-06,-2.9609825348598285e-07],"b":8.0272375182941094,"constant_n":10000000000,"constant_t":100,"mu":0.29999999999999999,"normal_mode":1,"tangent_mode":1,"normal_inverse_stiffness":0.0001,"tangent_inverse_stiffness":0.01,"p0":0,"beta":0,"iwan":1,"rn":1.3010428290272102e-09,"rt":[3.4412614979828504e-09,1.249509276525771e-09]}
MORTAR_OBSERVER {"kind":"LAW","call_id":25,"pair":0,"slot":6,"node":19,"activity":2,"ndof":3,"normal":[-3.3170331446800486e-06,1.787802640862681e-07,-0.99999999999448275],"tangents":[0.99999999999449862,5.9302006159206595e-13,-3.3170331446799956e-06,-1.0097419586828951e-28,0.99999999999998412,1.7878026408725164e-07],"ln":21.826139336191467,"lt":[6.5478418026539771,6.1329986792064282e-07],"lt_start":[6.548003369276616,2.9313519435906474e-05],"q":0.0021826139336191463,"ut":[499.99655139236495,4.6667524199592586e-05],"gn":0.0021826139336191468,"gt":[-1.6156662263888677e-06,-2.8700219567985827e-07],"b":6.5478417995563971,"constant_n":10000000000,"constant_t":100,"mu":0.29999999999999999,"normal_mode":1,"tangent_mode":1,"normal_inverse_stiffness":0.0001,"tangent_inverse_stiffness":0.01,"p0":0,"beta":0,"iwan":1,"rn":1.3010428290272102e-09,"rt":[3.0976083920108977e-09,-1.6057821595183513e-09]}
MORTAR_OBSERVER {"kind":"LAW","call_id":25,"pair":0,"slot":7,"node":23,"activity":2,"ndof":3,"normal":[-3.5442580081832778e-06,6.2513777691137842e-08,-0.99999999999371725],"tangents":[0.99999999999371914,2.2156495720499607e-13,-3.5442580081832711e-06,-2.5243548967072378e-29,0.99999999999999811,6.2513777691530481e-08],"ln":6.736472930365033,"lt":[2.0209418796955045,-6.6903864005139209e-07],"lt_start":[2.0216069024783816,7.0850114907571601e-06],"q":0.00067364729303650357,"ut":[249.99824049894497,-8.2496830837015239e-05],"gn":0.00067364729303650336,"gt":[-6.6502278287705611e-06,-7.7540501308085519e-08],"b":2.0209418797600311,"constant_n":10000000000,"constant_t":100,"mu":0.29999999999999999,"normal_mode":1,"tangent_mode":1,"normal_inverse_stiffness":0.0001,"tangent_inverse_stiffness":0.01,"p0":0,"beta":0,"iwan":1,"rn":-6.5052141451360512e-10,"rt":[-6.4416472156381133e-11,-2.7753620989281407e-09]}
MORTAR_OBSERVER {"kind":"LAW","call_id":25,"pair":0,"slot":8,"node":24,"activity":0,"ndof":3,"normal":[-3.9785943464496482e-06,4.0600520128181933e-07,-0.99999999999200295],"tangents":[0.99999999999208544,1.6153299984617827e-12,-3.9785943464493204e-06,-0,0.99999999999991762,4.0600520128503276e-07],"ln":1.6519631667520365e-16,"lt":[-4.7671663230985415e-16,3.0888180635984718e-16],"lt_start":[0,0],"q":-0.024641427100224572,"ut":[249.99820506554724,-0.00011034010018618577],"gn":1.6519631667520366e-20,"gt":[-4.7671663230985419e-18,3.0888180635984717e-18],"b":-73924281.300673708,"constant_n":10000000000,"constant_t":100,"mu":0.29999999999999999,"normal_mode":1,"tangent_mode":1,"normal_inverse_stiffness":0.0001,"tangent_inverse_stiffness":0.01,"p0":0,"beta":0,"iwan":1,"rn":4.9558895002561092e-17,"rt":[-4.7671663230985415e-16,3.0888180635984718e-16]}
MORTAR_OBSERVER {"kind":"POST_RAW_AFTER_ACTIVE_LOOP","call_id":25,"pair":0,"slot":0,"node":1,"activity":2,"lambda_raw":[0.00079171869963402352,-2.1261249745867441e-10,-0.0026390963554310436],"gap":-0.00035187906464930721}
MORTAR_OBSERVER {"kind":"POST_RAW_AFTER_ACTIVE_LOOP","call_id":25,"pair":0,"slot":1,"node":2,"activity":2,"lambda_raw":[0.0089056426378926034,4.2488205407149609e-09,-0.029685824975135739],"gap":-0.001979056154589748}
MORTAR_OBSERVER {"kind":"POST_RAW_AFTER_ACTIVE_LOOP","call_id":25,"pair":0,"slot":2,"node":3,"activity":2,"lambda_raw":[0.0065185445171130393,-6.143577734842757e-09,-0.02172872532825364],"gap":-0.0028971641994088772}
MORTAR_OBSERVER {"kind":"POST_RAW_AFTER_ACTIVE_LOOP","call_id":25,"pair":0,"slot":3,"node":4,"activity":0,"lambda_raw":[0,0,0],"gap":0.021693620025777332}
MORTAR_OBSERVER {"kind":"POST_RAW_AFTER_ACTIVE_LOOP","call_id":25,"pair":0,"slot":4,"node":17,"activity":2,"lambda_raw":[0.0037196028800780393,-1.7359648387741991e-09,-0.012398821074847572],"gap":-0.001239881892812543}
MORTAR_OBSERVER {"kind":"POST_RAW_AFTER_ACTIVE_LOOP","call_id":25,"pair":0,"slot":5,"node":18,"activity":2,"lambda_raw":[0.0080271409870482559,-1.121116543598627e-09,-0.026757446377384468],"gap":-0.0026757458398650501}
MORTAR_OBSERVER {"kind":"POST_RAW_AFTER_ACTIVE_LOOP","call_id":25,"pair":0,"slot":6,"node":19,"activity":2,"lambda_raw":[0.0032738831168855512,2.2576922594057316e-09,-0.010913075242977162],"gap":-0.0021826139336191463}
MORTAR_OBSERVER {"kind":"POST_RAW_AFTER_ACTIVE_LOOP","call_id":25,"pair":0,"slot":7,"node":23,"activity":2,"lambda_raw":[0.0020209173314588219,-2.479157386005381e-10,-0.0067364778516137988],"gap":-0.00067364729303650357}
MORTAR_OBSERVER {"kind":"POST_RAW_AFTER_ACTIVE_LOOP","call_id":25,"pair":0,"slot":8,"node":24,"activity":0,"lambda_raw":[0,0,0],"gap":0.024641427100224572}
MORTAR_OBSERVER {"kind":"SUMMARY_PRE_OVERRIDE","call_id":25,"ndiverg":14,"flag":0,"keepset":0,"max_n":1.0896231916746046e-08,"max_t":[1.0589845889086291e-08,1.2095033563057678e-08],"lm_t_av":[35.999965143639642,1.854401004070419e-05],"nstick":0,"nslip":7,"ninactive":2,"nnogap":0,"nolm":0}
MORTAR_OBSERVER {"kind":"SUMMARY_POST_OVERRIDE","call_id":25,"flag":0}
MORTAR_OBSERVER {"kind":"RETURN","call_id":25}
 Using up to 2 cpu(s) for the stress calculation.

 average force= 5.907677
 time avg. forc= 5.904660
 largest residual force= 0.000000 in node 21 and dof 1
 largest increment of disp= 2.499969e-01
 largest correction to disp= 5.223849e-06 in node 3 and dof 1

MORTAR_OBSERVER {"kind":"PRE_CHECK","call_id":25,"step":2,"inc":3,"cutback":0,"iteration":1,"time":0.75,"dtime":0.25,"ttime":1,"tper":1,"theta":0.5,"dtheta":0.25,"icntrl":0,"nmethod":1,"iexpl":0,"ithermal":0,"uncoupled":0,"mortar":2,"iflagdualquad":2}
 no convergence

MORTAR_OBSERVER {"kind":"POST_CHECK","call_id":25,"step":2,"inc":3,"cutback":0,"iteration":2,"time":0.75,"dtime":0.25,"ttime":1,"tper":1,"theta":0.5,"dtheta":0.25,"icntrl":0,"nmethod":1,"iexpl":0,"ithermal":0,"uncoupled":0,"mortar":2,"iflagdualquad":2}
 iteration 2

 Determining the structure of the matrix:

 Using up to 2 cpu(s) for setting up the structure of the matrix.
 number of equations
 75
 number of nonzero lower triangular matrix elements
 1143

 Using up to 2 cpu(s) for the stress calculation.

 Using up to 2 cpu(s) for the symmetric stiffness/mass contributions.

 Using up to 2 cpu(s) for the stress calculation.

 Using up to 2 cpu(s) for the symmetric stiffness/mass contributions.

 Factoring the system of equations using the unsymmetric spooles solver
 Using 1 cpu for spooles.

MORTAR_OBSERVER {"kind":"BEGIN","call_id":26,"step":2,"inc":3,"cutback":0,"iteration":2,"time":0.75,"dtime":0.25,"ttime":1,"tper":1,"theta":0.5,"dtheta":0.25,"icntrl":0,"nmethod":1,"iexpl":0,"ithermal":0,"uncoupled":0,"mortar":2,"iflagdualquad":2}
MORTAR_OBSERVER {"kind":"INVENTORY","call_id":26,"pair_count":1,"slave_count":9}
MORTAR_OBSERVER {"kind":"PAIR","call_id":26,"pair":0,"start":0,"end":9}
MORTAR_OBSERVER {"kind":"PRE_RAW","call_id":26,"pair":0,"slot":0,"node":1,"activity":2,"lambda_raw":[0.00079171870085542628,-2.1684875255328561e-10,-0.0026390963602684141],"lambda_start":[0.00079007451907553276,2.4459816439396542e-09,-0.0026336481548461248],"ddtil_count":1}
MORTAR_OBSERVER {"kind":"DDTIL","call_id":26,"pair":0,"column_slot":0,"source_slot":0,"destination_slot":0,"entry":0,"value":1333.3330497764346}
MORTAR_OBSERVER {"kind":"PRE_RAW","call_id":26,"pair":0,"slot":1,"node":2,"activity":2,"lambda_raw":[0.0089056426325445619,4.2415413490401887e-09,-0.029685824965624198],"lambda_start":[0.0089034962004201634,4.2758752633212926e-08,-0.029678997710472405],"ddtil_count":1}
MORTAR_OBSERVER {"kind":"DDTIL","call_id":26,"pair":0,"column_slot":1,"source_slot":1,"destination_slot":1,"entry":1,"value":666.66770427442168}
MORTAR_OBSERVER {"kind":"PRE_RAW","call_id":26,"pair":0,"slot":2,"node":3,"activity":2,"lambda_raw":[0.0065185445153415414,-6.1441539650406678e-09,-0.021728725327858734],"lambda_start":[0.0065181226512685472,1.5099933670026641e-08,-0.021727538960430295],"ddtil_count":1}
MORTAR_OBSERVER {"kind":"DDTIL","call_id":26,"pair":0,"column_slot":2,"source_slot":2,"destination_slot":2,"entry":2,"value":1333.3349460571487}
MORTAR_OBSERVER {"kind":"PRE_RAW","call_id":26,"pair":0,"slot":3,"node":4,"activity":0,"lambda_raw":[-2.7296964432989281e-26,0,1.2407711105904219e-26],"lambda_start":[0,0,0],"ddtil_count":1}
MORTAR_OBSERVER {"kind":"DDTIL","call_id":26,"pair":0,"column_slot":3,"source_slot":3,"destination_slot":3,"entry":3,"value":666.66656363349171}
MORTAR_OBSERVER {"kind":"PRE_RAW","call_id":26,"pair":0,"slot":4,"node":17,"activity":2,"lambda_raw":[0.0037196028778886067,-1.723873202017443e-09,-0.012398821070906342],"lambda_start":[0.0037232373247188116,1.0039049534714493e-08,-0.012411073296176075],"ddtil_count":1}
MORTAR_OBSERVER {"kind":"DDTIL","call_id":26,"pair":0,"column_slot":4,"source_slot":4,"destination_slot":4,"entry":4,"value":1000.0007912137438}
MORTAR_OBSERVER {"kind":"PRE_RAW","call_id":26,"pair":0,"slot":5,"node":18,"activity":2,"lambda_raw":[0.0080271409833116286,-1.122368307846293e-09,-0.026757446372063023],"lambda_start":[0.0080264709441119284,2.8488518580228835e-08,-0.026755497907526914],"ddtil_count":1}
MORTAR_OBSERVER {"kind":"DDTIL","call_id":26,"pair":0,"column_slot":5,"source_slot":5,"destination_slot":5,"entry":5,"value":1000.0014051327601}
MORTAR_OBSERVER {"kind":"PRE_RAW","call_id":26,"pair":0,"slot":6,"node":19,"activity":2,"lambda_raw":[0.0032738831167336861,2.2584926739019828e-09,-0.010913075245465247],"lambda_start":[0.0032739638988582222,1.6607865135761172e-08,-0.010913467017421736],"ddtil_count":1}
MORTAR_OBSERVER {"kind":"DDTIL","call_id":26,"pair":0,"column_slot":6,"source_slot":6,"destination_slot":6,"entry":6,"value":2000.0009685193825}
MORTAR_OBSERVER {"kind":"PRE_RAW","call_id":26,"pair":0,"slot":7,"node":23,"activity":2,"lambda_raw":[0.0020209173322839405,-2.4514179266863914e-10,-0.0067364778563179326],"lambda_start":[0.0020215823458811714,7.5062753727508571e-09,-0.0067387743144980902],"ddtil_count":1}
MORTAR_OBSERVER {"kind":"DDTIL","call_id":26,"pair":0,"column_slot":7,"source_slot":7,"destination_slot":7,"entry":7,"value":1000.0003327329863}
MORTAR_OBSERVER {"kind":"PRE_RAW","call_id":26,"pair":0,"slot":8,"node":24,"activity":0,"lambda_raw":[3.3087232806982505e-27,-9.3057842269638297e-27,-9.9261698420947521e-27],"lambda_start":[0,0,0],"ddtil_count":1}
MORTAR_OBSERVER {"kind":"DDTIL","call_id":26,"pair":0,"column_slot":8,"source_slot":8,"destination_slot":8,"entry":8,"value":999.9997490010287}
MORTAR_OBSERVER {"kind":"LAW","call_id":26,"pair":0,"slot":0,"node":1,"activity":2,"ndof":3,"normal":[-3.5483493890463059e-06,3.1925213541431237e-07,-0.99999999999365363],"tangents":[0.99999999999370459,1.1328181196562355e-12,-3.5483493890461251e-06,-0,0.99999999999994904,3.1925213541632222e-07],"ln":3.5187906529428541,"lt":[1.0556371958819115,-1.4125142344550318e-06],"lt_start":[1.0534449281987766,2.1402446735985762e-06],"q":0.00035187906529428537,"ut":[333.33093897104459,-0.00044605492416918626],"gn":0.00035187906529428542,"gt":[2.1922676831349631e-05,-3.5527589080536081e-08],"b":1.055637195720226,"constant_n":10000000000,"constant_t":100,"mu":0.29999999999999999,"normal_mode":1,"tangent_mode":1,"normal_inverse_stiffness":0.0001,"tangent_inverse_stiffness":0.01,"p0":0,"beta":0,"iwan":1,"rn":1.6263013158379636e-10,"rt":[1.6263035362840128e-10,-2.1762224590741661e-16]}
MORTAR_OBSERVER {"kind":"LAW","call_id":26,"pair":0,"slot":1,"node":2,"activity":2,"ndof":3,"normal":[-3.2405805439807517e-06,6.8076097718913392e-08,-0.99999999999474698],"tangents":[0.99999999999474931,2.2060607777920149e-13,-3.2405805439807441e-06,2.5243548967072378e-29,0.99999999999999767,6.807609771927084e-08],"ln":19.790561539556453,"lt":[5.9371684618667535,1.4804331226951973e-06],"lt_start":[5.9357374901404718,2.7158923793642253e-05],"q":0.0019790561539556458,"ut":[166.66563577799613,4.1301292486742511e-05],"gn":0.0019790561539556454,"gt":[1.4309717262817045e-05,-2.5678490670947057e-07],"b":5.9371684631679784,"constant_n":10000000000,"constant_t":100,"mu":0.29999999999999999,"normal_mode":1,"tangent_mode":1,"normal_inverse_stiffness":0.0001,"tangent_inverse_stiffness":0.01,"p0":0,"beta":0,"iwan":1,"rn":-1.3010428290272102e-09,"rt":[-1.3010410526703708e-09,-3.2442081857844869e-16]}
MORTAR_OBSERVER {"kind":"LAW","call_id":26,"pair":0,"slot":2,"node":3,"activity":2,"ndof":3,"normal":[-3.0857170020410688e-06,3.8308909568263429e-08,-0.99999999999523848],"tangents":[0.99999999999523925,1.1821045358500703e-13,-3.0857170020410667e-06,-0,0.99999999999999933,3.8308909568445819e-08],"ln":28.97164199356224,"lt":[8.6914925980636912,-9.3020882361450853e-06],"lt_start":[8.6909301070716207,1.9023456802787376e-05],"q":0.0028971641993562241,"ut":[333.33114982100136,-0.00035703161370798212],"gn":0.0028971641993562241,"gt":[5.6249099207050792e-06,-2.8325545038932463e-07],"b":8.6914925980686721,"constant_n":10000000000,"constant_t":100,"mu":0.29999999999999999,"normal_mode":1,"tangent_mode":1,"normal_inverse_stiffness":0.0001,"tangent_inverse_stiffness":0.01,"p0":0,"beta":0,"iwan":1,"rn":0,"rt":[-1.7763568394002505e-15,-3.3881317890172014e-21]}
MORTAR_OBSERVER {"kind":"LAW","call_id":26,"pair":0,"slot":3,"node":4,"activity":0,"ndof":3,"normal":[-4.0489642383709858e-06,1.3288340525975652e-07,-0.99999999999179412],"tangents":[0.999999999991803,5.3804015577412344e-13,-4.0489642383709502e-06,-0,0.99999999999999123,1.3288340526084578e-07],"ln":-8.271732442518583e-24,"lt":[-1.8198006968264628e-23,1.0991857656179863e-30],"lt_start":[0,0],"q":-0.021693619929011972,"ut":[166.66548966272214,7.5359940020566684e-05],"gn":-8.2717324425185833e-28,"gt":[-1.8198006968264627e-25,1.0991857656179864e-32],"b":-65080859.78703592,"constant_n":10000000000,"constant_t":100,"mu":0.29999999999999999,"normal_mode":1,"tangent_mode":1,"normal_inverse_stiffness":0.0001,"tangent_inverse_stiffness":0.01,"p0":0,"beta":0,"iwan":1,"rn":-2.4815197327555747e-24,"rt":[-1.8198006968264628e-23,1.0991857656179863e-30]}
MORTAR_OBSERVER {"kind":"LAW","call_id":26,"pair":0,"slot":4,"node":17,"activity":2,"ndof":3,"normal":[-3.2145276320167015e-06,1.3726654780163734e-08,-0.99999999999483336],"tangents":[0.99999999999483347,4.4124711086218442e-14,-3.2145276320167015e-06,-0,1,1.3726654780234655e-08],"ln":12.398818924184205,"lt":[3.7196456772547797,-1.8940690371519421e-06],"lt_start":[3.7232801663457376,9.8686948243664958e-06],"q":0.0012398818924184206,"ut":[249.99836117673985,-0.00012741852271548073],"gn":0.0012398818924184206,"gt":[-3.6344890909578711e-05,-1.1762763861518438e-07],"b":3.7196456772552615,"constant_n":10000000000,"constant_t":100,"mu":0.29999999999999999,"normal_mode":1,"tangent_mode":1,"normal_inverse_stiffness":0.0001,"tangent_inverse_stiffness":0.01,"p0":0,"beta":0,"iwan":1,"rn":0,"rt":[4.4408920985006262e-16,1.3976043629695956e-20]}
MORTAR_OBSERVER {"kind":"LAW","call_id":26,"pair":0,"slot":5,"node":18,"activity":2,"ndof":3,"normal":[-3.186231132424416e-06,7.6274771803227874e-08,-0.99999999999492106],"tangents":[0.99999999999492395,2.430290525392463e-13,-3.1862311324244071e-06,-0,0.99999999999999711,7.6274771803615047e-08],"ln":26.75745839332907,"lt":[8.0272375179980973,-3.1632908687602478e-06],"lt_start":[8.0265674716486402,2.6447786245438706e-05],"q":0.0026757458393329068,"ut":[249.99841669974654,-9.8812902604222539e-05],"gn":0.0026757458393329072,"gt":[6.7004634945710963e-06,-2.9611077114198952e-07],"b":8.0272375166976779,"constant_n":10000000000,"constant_t":100,"mu":0.29999999999999999,"normal_mode":1,"tangent_mode":1,"normal_inverse_stiffness":0.0001,"tangent_inverse_stiffness":0.01,"p0":0,"beta":0,"iwan":1,"rn":1.3010428290272102e-09,"rt":[1.3010428290272102e-09,-5.1270141967650271e-16]}
MORTAR_OBSERVER {"kind":"LAW","call_id":26,"pair":0,"slot":6,"node":19,"activity":2,"ndof":3,"normal":[-3.3170331446800486e-06,1.787802640862681e-07,-0.99999999999448275],"tangents":[0.99999999999449862,5.9302006159206595e-13,-3.3170331446799956e-06,-1.0097419586828951e-28,0.99999999999998412,1.7878026408725164e-07],"ln":21.826139341167643,"lt":[6.5478418023502636,6.1490069679871969e-07],"lt_start":[6.548003369276616,2.9313519435906474e-05],"q":0.0021826139341167639,"ut":[499.99655139296198,4.6667145894970657e-05],"gn":0.0021826139341167643,"gt":[-1.6156692635238556e-06,-2.8698618739107754e-07],"b":6.5478418010492501,"constant_n":10000000000,"constant_t":100,"mu":0.29999999999999999,"normal_mode":1,"tangent_mode":1,"normal_inverse_stiffness":0.0001,"tangent_inverse_stiffness":0.01,"p0":0,"beta":0,"iwan":1,"rn":1.3010428290272102e-09,"rt":[1.3010428290272102e-09,1.2218238505906469e-16]}
MORTAR_OBSERVER {"kind":"LAW","call_id":26,"pair":0,"slot":7,"node":23,"activity":2,"ndof":3,"normal":[-3.5442580081832778e-06,6.2513777691137842e-08,-0.99999999999371725],"tangents":[0.99999999999371914,2.2156495720499607e-13,-3.5442580081832711e-06,-2.5243548967072378e-29,0.99999999999999811,6.2513777691530481e-08],"ln":6.7364729350691661,"lt":[2.0209418805206401,-6.6626469349058308e-07],"lt_start":[2.0216069024783816,7.0850114907571601e-06],"q":0.00067364729350691667,"ut":[249.9982404992179,-8.2497005927718717e-05],"gn":0.00067364729350691667,"gt":[-6.6502195774154058e-06,-7.7512761842477426e-08],"b":2.0209418805207497,"constant_n":10000000000,"constant_t":100,"mu":0.29999999999999999,"normal_mode":1,"tangent_mode":1,"normal_inverse_stiffness":0.0001,"tangent_inverse_stiffness":0.01,"p0":0,"beta":0,"iwan":1,"rn":0,"rt":[0,3.9175273810511391e-21]}
MORTAR_OBSERVER {"kind":"LAW","call_id":26,"pair":0,"slot":8,"node":24,"activity":0,"ndof":3,"normal":[-3.9785943464496482e-06,4.0600520128181933e-07,-0.99999999999200295],"tangents":[0.99999999999208544,1.6153299984617827e-12,-3.9785943464493204e-06,-0,0.99999999999991762,4.0600520128503276e-07],"ln":9.9261504082966682e-24,"lt":[3.3087619423641949e-24,-9.3057859212963678e-24],"lt_start":[0,0],"q":-0.024641427007177183,"ut":[249.99820506588492,-0.00011034025818846498],"gn":9.9261504082966687e-28,"gt":[3.3087619423641947e-26,-9.3057859212963684e-26],"b":-73924281.021531552,"constant_n":10000000000,"constant_t":100,"mu":0.29999999999999999,"normal_mode":1,"tangent_mode":1,"normal_inverse_stiffness":0.0001,"tangent_inverse_stiffness":0.01,"p0":0,"beta":0,"iwan":1,"rn":2.9778451224890005e-24,"rt":[3.3087619423641949e-24,-9.3057859212963678e-24]}
MORTAR_OBSERVER {"kind":"POST_RAW_AFTER_ACTIVE_LOOP","call_id":26,"pair":0,"slot":0,"node":1,"activity":2,"lambda_raw":[0.00079171870085542628,-2.1684875255328561e-10,-0.0026390963602684141],"gap":-0.00035187906529428537}
MORTAR_OBSERVER {"kind":"POST_RAW_AFTER_ACTIVE_LOOP","call_id":26,"pair":0,"slot":1,"node":2,"activity":2,"lambda_raw":[0.0089056426325445619,4.2415413490401887e-09,-0.029685824965624198],"gap":-0.0019790561539556458}
MORTAR_OBSERVER {"kind":"POST_RAW_AFTER_ACTIVE_LOOP","call_id":26,"pair":0,"slot":2,"node":3,"activity":2,"lambda_raw":[0.0065185445153415414,-6.1441539650406678e-09,-0.021728725327858734],"gap":-0.0028971641993562241}
MORTAR_OBSERVER {"kind":"POST_RAW_AFTER_ACTIVE_LOOP","call_id":26,"pair":0,"slot":3,"node":4,"activity":0,"lambda_raw":[0,0,0],"gap":0.021693619929011972}
MORTAR_OBSERVER {"kind":"POST_RAW_AFTER_ACTIVE_LOOP","call_id":26,"pair":0,"slot":4,"node":17,"activity":2,"lambda_raw":[0.0037196028778886067,-1.723873202017443e-09,-0.012398821070906342],"gap":-0.0012398818924184206}
MORTAR_OBSERVER {"kind":"POST_RAW_AFTER_ACTIVE_LOOP","call_id":26,"pair":0,"slot":5,"node":18,"activity":2,"lambda_raw":[0.0080271409833116286,-1.122368307846293e-09,-0.026757446372063023],"gap":-0.0026757458393329068}
MORTAR_OBSERVER {"kind":"POST_RAW_AFTER_ACTIVE_LOOP","call_id":26,"pair":0,"slot":6,"node":19,"activity":2,"lambda_raw":[0.0032738831167336861,2.2584926739019828e-09,-0.010913075245465247],"gap":-0.0021826139341167639}
MORTAR_OBSERVER {"kind":"POST_RAW_AFTER_ACTIVE_LOOP","call_id":26,"pair":0,"slot":7,"node":23,"activity":2,"lambda_raw":[0.0020209173322839405,-2.4514179266863914e-10,-0.0067364778563179326],"gap":-0.00067364729350691667}
MORTAR_OBSERVER {"kind":"POST_RAW_AFTER_ACTIVE_LOOP","call_id":26,"pair":0,"slot":8,"node":24,"activity":0,"lambda_raw":[0,0,0],"gap":0.024641427007177183}
MORTAR_OBSERVER {"kind":"SUMMARY_PRE_OVERRIDE","call_id":26,"ndiverg":14,"flag":0,"keepset":0,"max_n":1.3010428290272102e-09,"max_t":[1.3010428290272102e-09,5.1270141967650271e-16],"lm_t_av":[35.999965133936136,1.8533560889496805e-05],"nstick":0,"nslip":7,"ninactive":2,"nnogap":0,"nolm":0}
MORTAR_OBSERVER {"kind":"SUMMARY_POST_OVERRIDE","call_id":26,"flag":0}
MORTAR_OBSERVER {"kind":"RETURN","call_id":26}
 Using up to 2 cpu(s) for the stress calculation.

 average force= 5.907677
 time avg. forc= 5.904660
 largest residual force= 0.000000 in node 20 and dof 1
 largest increment of disp= 2.499969e-01
 largest correction to disp= 3.689515e-13 in node 8 and dof 3

MORTAR_OBSERVER {"kind":"PRE_CHECK","call_id":26,"step":2,"inc":3,"cutback":0,"iteration":2,"time":0.75,"dtime":0.25,"ttime":1,"tper":1,"theta":0.5,"dtheta":0.25,"icntrl":0,"nmethod":1,"iexpl":0,"ithermal":0,"uncoupled":0,"mortar":2,"iflagdualquad":2}
 convergence; the increment size is increased to 3.750000e-01

 the increment size exceeds the maximum allowed and is decreased to 2.500000e-01

MORTAR_OBSERVER {"kind":"POST_CHECK","call_id":26,"step":2,"inc":3,"cutback":0,"iteration":2,"time":0.75,"dtime":0.25,"ttime":1,"tper":1,"theta":0.75,"dtheta":0.25,"icntrl":1,"nmethod":1,"iexpl":0,"ithermal":0,"uncoupled":0,"mortar":2,"iflagdualquad":2}
 Using up to 2 cpu(s) for the stress calculation.

 increment 4 attempt 1 
 increment size= 2.500000e-01
 sum of previous increments=7.500000e-01
 actual step time=1.000000e+00
 actual total time=2.000000e+00

 iteration 1

 Determining the structure of the matrix:

 Using up to 2 cpu(s) for setting up the structure of the matrix.
 number of equations
 75
 number of nonzero lower triangular matrix elements
 1143

 Using up to 2 cpu(s) for the stress calculation.

 Using up to 2 cpu(s) for the symmetric stiffness/mass contributions.

 Using up to 2 cpu(s) for the stress calculation.

 Using up to 2 cpu(s) for the symmetric stiffness/mass contributions.

 Factoring the system of equations using the unsymmetric spooles solver
 Using 1 cpu for spooles.

MORTAR_OBSERVER {"kind":"BEGIN","call_id":27,"step":2,"inc":4,"cutback":0,"iteration":1,"time":1,"dtime":0.25,"ttime":1,"tper":1,"theta":0.75,"dtheta":0.25,"icntrl":0,"nmethod":1,"iexpl":0,"ithermal":0,"uncoupled":0,"mortar":2,"iflagdualquad":2}
MORTAR_OBSERVER {"kind":"INVENTORY","call_id":27,"pair_count":1,"slave_count":9}
MORTAR_OBSERVER {"kind":"PAIR","call_id":27,"pair":0,"start":0,"end":9}
MORTAR_OBSERVER {"kind":"PRE_RAW","call_id":27,"pair":0,"slot":0,"node":1,"activity":2,"lambda_raw":[0.00079478401259732193,-1.4990454667400663e-09,-0.0026493138827286245],"lambda_start":[0.00079171870085542628,-2.1684875255328561e-10,-0.0026390963602684141],"ddtil_count":1}
MORTAR_OBSERVER {"kind":"DDTIL","call_id":27,"pair":0,"column_slot":0,"source_slot":0,"destination_slot":0,"entry":0,"value":1333.3330501831047}
MORTAR_OBSERVER {"kind":"PRE_RAW","call_id":27,"pair":0,"slot":1,"node":2,"activity":2,"lambda_raw":[0.0089081519625626559,-9.6088025245124239e-09,-0.029694183602690227],"lambda_start":[0.0089056426325445619,4.2415413490401887e-09,-0.029685824965624198],"ddtil_count":1}
MORTAR_OBSERVER {"kind":"DDTIL","call_id":27,"pair":0,"column_slot":1,"source_slot":1,"destination_slot":1,"entry":1,"value":666.6677050686186}
MORTAR_OBSERVER {"kind":"PRE_RAW","call_id":27,"pair":0,"slot":2,"node":3,"activity":2,"lambda_raw":[0.0065185241921229152,-1.7515760710582003e-08,-0.021728653909021425],"lambda_start":[0.0065185445153415414,-6.1441539650406678e-09,-0.021728725327858734],"ddtil_count":1}
MORTAR_OBSERVER {"kind":"DDTIL","call_id":27,"pair":0,"column_slot":2,"source_slot":2,"destination_slot":2,"entry":2,"value":1333.3349465173169}
MORTAR_OBSERVER {"kind":"PRE_RAW","call_id":27,"pair":0,"slot":3,"node":4,"activity":0,"lambda_raw":[3.4634125437616963e-20,2.9104480089377883e-20,-6.1507306985933702e-21],"lambda_start":[0,0,0],"ddtil_count":1}
MORTAR_OBSERVER {"kind":"DDTIL","call_id":27,"pair":0,"column_slot":3,"source_slot":3,"destination_slot":3,"entry":3,"value":666.6665634695762}
MORTAR_OBSERVER {"kind":"PRE_RAW","call_id":27,"pair":0,"slot":4,"node":17,"activity":2,"lambda_raw":[0.0037124437813668338,-7.482361021765719e-09,-0.012374955311825142],"lambda_start":[0.0037196028778886067,-1.723873202017443e-09,-0.012398821070906342],"ddtil_count":1}
MORTAR_OBSERVER {"kind":"DDTIL","call_id":27,"pair":0,"column_slot":4,"source_slot":4,"destination_slot":4,"entry":4,"value":1000.000792226614}
MORTAR_OBSERVER {"kind":"PRE_RAW","call_id":27,"pair":0,"slot":5,"node":18,"activity":2,"lambda_raw":[0.0080295894854502392,-1.372680860247996e-08,-0.026765603138787567],"lambda_start":[0.0080271409833116286,-1.122368307846293e-09,-0.026757446372063023],"ddtil_count":1}
MORTAR_OBSERVER {"kind":"DDTIL","call_id":27,"pair":0,"column_slot":5,"source_slot":5,"destination_slot":5,"entry":5,"value":1000.0014060103355}
MORTAR_OBSERVER {"kind":"PRE_RAW","call_id":27,"pair":0,"slot":6,"node":19,"activity":2,"lambda_raw":[0.0032740783214351104,-2.9298997141812277e-09,-0.010913724363967878],"lambda_start":[0.0032738831167336861,2.2584926739019828e-09,-0.010913075245465247],"ddtil_count":1}
MORTAR_OBSERVER {"kind":"DDTIL","call_id":27,"pair":0,"column_slot":6,"source_slot":6,"destination_slot":6,"entry":6,"value":2000.0009691850528}
MORTAR_OBSERVER {"kind":"PRE_RAW","call_id":27,"pair":0,"slot":7,"node":23,"activity":2,"lambda_raw":[0.002019510693102087,-3.6509242272407605e-09,-0.0067317879740162352],"lambda_start":[0.0020209173322839405,-2.4514179266863914e-10,-0.0067364778563179326],"ddtil_count":1}
MORTAR_OBSERVER {"kind":"DDTIL","call_id":27,"pair":0,"column_slot":7,"source_slot":7,"destination_slot":7,"entry":7,"value":1000.0003326623072}
MORTAR_OBSERVER {"kind":"PRE_RAW","call_id":27,"pair":0,"slot":8,"node":24,"activity":0,"lambda_raw":[7.9354672177400484e-20,-3.0418295847664554e-20,2.6164854314310064e-20],"lambda_start":[0,0,0],"ddtil_count":1}
MORTAR_OBSERVER {"kind":"DDTIL","call_id":27,"pair":0,"column_slot":8,"source_slot":8,"destination_slot":8,"entry":8,"value":999.99974876127169}
MORTAR_OBSERVER {"kind":"LAW","call_id":27,"pair":0,"slot":0,"node":1,"activity":2,"ndof":3,"normal":[-3.5156168075979955e-06,3.1250338452527707e-07,-0.99999999999377143],"tangents":[0.99999999999382028,1.0986421510751129e-12,-3.5156168075978244e-06,-0,0.99999999999995126,3.1250338452720831e-07],"ln":3.5324140345877879,"lt":[1.0597242103738547,-3.1026193701427991e-06],"lt_start":[1.0556370810247813,-1.3887667680518379e-06],"q":0.0003532414034587778,"ut":[333.33283439612677,-0.00097798936030344167],"gn":0.00035324140345877883,"gt":[4.0871293490734037e-05,-1.7138526020909614e-08],"b":1.0597242072863602,"constant_n":10000000000,"constant_t":100,"mu":0.29999999999999999,"normal_mode":1,"tangent_mode":1,"normal_inverse_stiffness":0.0001,"tangent_inverse_stiffness":0.01,"p0":0,"beta":0,"iwan":1,"rn":3.0899760528058096e-09,"rt":[3.0920552784863276e-09,6.5279697540630186e-09]}
MORTAR_OBSERVER {"kind":"LAW","call_id":27,"pair":0,"slot":1,"node":2,"activity":2,"ndof":3,"normal":[-3.1859436794845816e-06,6.1092161660835508e-08,-0.99999999999492306],"tangents":[0.99999999999492495,1.9463618631037697e-13,-3.1859436794845757e-06,-0,0.99999999999999822,6.1092161661145562e-08],"ln":19.796134315581039,"lt":[5.9388402946832981,-7.6152681212545779e-06],"lt_start":[5.9371673876454256,1.6186492753394546e-06],"q":0.0019796134315581042,"ut":[166.66660878569027,-0.00021387641246965909],"gn":0.0019796134315581038,"gt":[1.6729070378724843e-05,-9.2339173965940328e-08],"b":5.9388402959753543,"constant_n":10000000000,"constant_t":100,"mu":0.29999999999999999,"normal_mode":1,"tangent_mode":1,"normal_inverse_stiffness":0.0001,"tangent_inverse_stiffness":0.01,"p0":0,"beta":0,"iwan":1,"rn":-1.3010428290272102e-09,"rt":[-1.2871712584683337e-09,2.5112088541441878e-09]}
MORTAR_OBSERVER {"kind":"LAW","call_id":27,"pair":0,"slot":2,"node":3,"activity":2,"ndof":3,"normal":[-3.0391797145230364e-06,2.6001669487785976e-08,-0.99999999999538136],"tangents":[0.99999999999538169,7.9023746451376688e-14,-3.0391797145230352e-06,-1.2621774483536189e-29,0.99999999999999967,2.6001669487906059e-08],"ln":28.971547182890003,"lt":[8.6914641548546818,-2.4107685151485346e-05],"lt_start":[8.6914912528017059,-8.9455269556180331e-06],"q":0.0028971547182890011,"ut":[333.33309417510003,-0.00092471893011404627],"gn":0.0028971547182890006,"gt":[-2.7097947024046222e-07,-1.5162158195867313e-07],"b":8.6914641561680437,"constant_n":10000000000,"constant_t":100,"mu":0.29999999999999999,"normal_mode":1,"tangent_mode":1,"normal_inverse_stiffness":0.0001,"tangent_inverse_stiffness":0.01,"p0":0,"beta":0,"iwan":1,"rn":-1.3010428290272102e-09,"rt":[-1.2799272752772595e-09,-1.3697269021588875e-10]}
MORTAR_OBSERVER {"kind":"LAW","call_id":27,"pair":0,"slot":3,"node":4,"activity":0,"ndof":3,"normal":[-4.0100309159575396e-06,1.222398415494551e-07,-0.99999999999195244],"tangents":[0.99999999999195988,4.9018554377900717e-13,-4.0100309159575099e-06,-1.0097419586828951e-28,0.99999999999999267,1.2223984155043795e-07],"ln":4.1003962801812228e-18,"lt":[2.308942982717183e-17,1.9402983221511296e-17],"lt_start":[0,0],"q":-0.028776676112492808,"ut":[166.66644424910953,-0.00019369626741925908],"gn":4.1003962801812229e-22,"gt":[2.3089429827171832e-19,1.9402983221511297e-19],"b":-86330028.337478414,"constant_n":10000000000,"constant_t":100,"mu":0.29999999999999999,"normal_mode":1,"tangent_mode":1,"normal_inverse_stiffness":0.0001,"tangent_inverse_stiffness":0.01,"p0":0,"beta":0,"iwan":1,"rn":1.2301188840543669e-18,"rt":[2.308942982717183e-17,1.9402983221511296e-17]}
MORTAR_OBSERVER {"kind":"LAW","call_id":27,"pair":0,"slot":4,"node":17,"activity":2,"ndof":3,"normal":[-3.1739320428329847e-06,9.9494575043874757e-09,-0.99999999999496303],"tangents":[0.99999999999496314,3.1578901982139569e-14,-3.1739320428329847e-06,-0,1,9.9494575044375913e-09],"ln":12.37495333247807,"lt":[3.7124859997432105,-7.605491139027756e-06],"lt_start":[3.7196451776849315,-1.8472362087960785e-06],"q":0.0012374953332478069,"ut":[249.99980159209548,-0.00051146877175443884],"gn":0.0012374953332478071,"gt":[-7.1591779417210514e-05,-5.7582549302316771e-08],"b":3.7124859990928996,"constant_n":10000000000,"constant_t":100,"mu":0.29999999999999999,"normal_mode":1,"tangent_mode":1,"normal_inverse_stiffness":0.0001,"tangent_inverse_stiffness":0.01,"p0":0,"beta":0,"iwan":1,"rn":6.5052097042439527e-10,"rt":[6.5807848059762364e-10,-1.1058125718024981e-08]}
MORTAR_OBSERVER {"kind":"LAW","call_id":27,"pair":0,"slot":5,"node":18,"activity":2,"ndof":3,"normal":[-3.1348009946187284e-06,6.5786124401879273e-08,-0.99999999999508438],"tangents":[0.99999999999508649,2.0622640820813585e-13,-3.1348009946187216e-06,-2.5243548967072378e-29,0.99999999999999789,6.5786124402202521e-08],"ln":26.765615600169244,"lt":[8.0296846800539043,-1.5487635676013407e-05],"lt_start":[8.0272361489028086,-2.8826410565815118e-06],"q":0.002676561560016927,"ut":[249.99985445072559,-0.0004824397456907279],"gn":0.0026765615600169244,"gt":[2.4485311510957786e-05,-1.2604994619431895e-07],"b":8.0296846878570296,"constant_n":10000000000,"constant_t":100,"mu":0.29999999999999999,"normal_mode":1,"tangent_mode":1,"normal_inverse_stiffness":0.0001,"tangent_inverse_stiffness":0.01,"p0":0,"beta":0,"iwan":1,"rn":-7.8062569741632615e-09,"rt":[-7.7881807669655245e-09,3.6812676789515217e-09]}
MORTAR_OBSERVER {"kind":"LAW","call_id":27,"pair":0,"slot":6,"node":19,"activity":2,"ndof":3,"normal":[-3.2773982070458742e-06,1.6925226190826925e-07,-0.99999999999461509],"tangents":[0.99999999999462941,5.5470705971959947e-13,-3.2773982070458276e-06,-0,0.99999999999998579,1.6925226190917828e-07],"ln":21.827437844308513,"lt":[6.5482313532988163,-9.5541491271391351e-06],"lt_start":[6.5478409394519375,8.2286040719560346e-07],"q":0.002182743784430851,"ut":[499.99938395195028,-0.0007296658968037761],"gn":0.0021827437844308514,"gt":[3.9041384687887874e-06,-1.0377009534334738e-07],"b":6.548231351991511,"constant_n":10000000000,"constant_t":100,"mu":0.29999999999999999,"normal_mode":1,"tangent_mode":1,"normal_inverse_stiffness":0.0001,"tangent_inverse_stiffness":0.01,"p0":0,"beta":0,"iwan":1,"rn":1.3010428290272102e-09,"rt":[1.3142757993023224e-09,5.4583094951530717e-10]}
MORTAR_OBSERVER {"kind":"LAW","call_id":27,"pair":0,"slot":7,"node":23,"activity":2,"ndof":3,"normal":[-3.5023657646556925e-06,5.18814372153649e-08,-0.99999999999386546],"tangents":[0.99999999999386679,1.8170776952534227e-13,-3.5023657646556882e-06,-0,0.99999999999999878,5.1881437215683106e-08],"ln":6.7317831403194024,"lt":[2.0195349420963655,-4.0001803930727658e-06],"lt_start":[2.0209415981718353,-5.9464014344033339e-07],"q":0.00067317831403194105,"ut":[249.9996768074914,-0.00049493020599612281],"gn":0.00067317831403194029,"gt":[-1.4066560754697476e-05,-3.4055402496324327e-08],"b":2.0195349443726451,"constant_n":10000000000,"constant_t":100,"mu":0.29999999999999999,"normal_mode":1,"tangent_mode":1,"normal_inverse_stiffness":0.0001,"tangent_inverse_stiffness":0.01,"p0":0,"beta":0,"iwan":1,"rn":-2.2768245067084081e-09,"rt":[-2.272322774388158e-09,-2.3349812688335515e-09]}
MORTAR_OBSERVER {"kind":"LAW","call_id":27,"pair":0,"slot":8,"node":24,"activity":0,"ndof":3,"normal":[-3.9396722460157777e-06,3.9421989407207015e-07,-0.99999999999216183],"tangents":[0.99999999999223954,1.5530971755150675e-12,-3.9396722460154728e-06,4.0389678347315804e-28,0.9999999999999224,3.9421989407512952e-07],"ln":-2.6165172363295633e-17,"lt":[7.9354549158846027e-17,-3.0418277890704723e-17],"lt_start":[0,0],"q":-0.032775582893145722,"ut":[249.99962524397745,-0.00050725448067923194],"gn":-2.6165172363295633e-21,"gt":[7.9354549158846032e-19,-3.0418277890704726e-19],"b":-98326748.67943716,"constant_n":10000000000,"constant_t":100,"mu":0.29999999999999999,"normal_mode":1,"tangent_mode":1,"normal_inverse_stiffness":0.0001,"tangent_inverse_stiffness":0.01,"p0":0,"beta":0,"iwan":1,"rn":-7.8495517089886903e-18,"rt":[7.9354549158846027e-17,-3.0418277890704723e-17]}
MORTAR_OBSERVER {"kind":"POST_RAW_AFTER_ACTIVE_LOOP","call_id":27,"pair":0,"slot":0,"node":1,"activity":2,"lambda_raw":[0.00079478401259732193,-1.4990454667400663e-09,-0.0026493138827286245],"gap":-0.0003532414034587778}
MORTAR_OBSERVER {"kind":"POST_RAW_AFTER_ACTIVE_LOOP","call_id":27,"pair":0,"slot":1,"node":2,"activity":2,"lambda_raw":[0.0089081519625626559,-9.6088025245124239e-09,-0.029694183602690227],"gap":-0.0019796134315581042}
MORTAR_OBSERVER {"kind":"POST_RAW_AFTER_ACTIVE_LOOP","call_id":27,"pair":0,"slot":2,"node":3,"activity":2,"lambda_raw":[0.0065185241921229152,-1.7515760710582003e-08,-0.021728653909021425],"gap":-0.0028971547182890011}
MORTAR_OBSERVER {"kind":"POST_RAW_AFTER_ACTIVE_LOOP","call_id":27,"pair":0,"slot":3,"node":4,"activity":0,"lambda_raw":[0,0,0],"gap":0.028776676112492808}
MORTAR_OBSERVER {"kind":"POST_RAW_AFTER_ACTIVE_LOOP","call_id":27,"pair":0,"slot":4,"node":17,"activity":2,"lambda_raw":[0.0037124437813668338,-7.482361021765719e-09,-0.012374955311825142],"gap":-0.0012374953332478069}
MORTAR_OBSERVER {"kind":"POST_RAW_AFTER_ACTIVE_LOOP","call_id":27,"pair":0,"slot":5,"node":18,"activity":2,"lambda_raw":[0.0080295894854502392,-1.372680860247996e-08,-0.026765603138787567],"gap":-0.002676561560016927}
MORTAR_OBSERVER {"kind":"POST_RAW_AFTER_ACTIVE_LOOP","call_id":27,"pair":0,"slot":6,"node":19,"activity":2,"lambda_raw":[0.0032740783214351104,-2.9298997141812277e-09,-0.010913724363967878],"gap":-0.002182743784430851}
MORTAR_OBSERVER {"kind":"POST_RAW_AFTER_ACTIVE_LOOP","call_id":27,"pair":0,"slot":7,"node":23,"activity":2,"lambda_raw":[0.002019510693102087,-3.6509242272407605e-09,-0.0067317879740162352],"gap":-0.00067317831403194105}
MORTAR_OBSERVER {"kind":"POST_RAW_AFTER_ACTIVE_LOOP","call_id":27,"pair":0,"slot":8,"node":24,"activity":0,"lambda_raw":[0,0,0],"gap":0.032775582893145722}
MORTAR_OBSERVER {"kind":"SUMMARY_PRE_OVERRIDE","call_id":27,"ndiverg":14,"flag":0,"keepset":0,"max_n":7.8062569741632615e-09,"max_t":[7.7881807669655245e-09,1.1058125718024981e-08],"lm_t_av":[35.999965635104132,7.147302897813578e-05],"nstick":0,"nslip":7,"ninactive":2,"nnogap":0,"nolm":0}
MORTAR_OBSERVER {"kind":"SUMMARY_POST_OVERRIDE","call_id":27,"flag":0}
MORTAR_OBSERVER {"kind":"RETURN","call_id":27}
 Using up to 2 cpu(s) for the stress calculation.

 average force= 5.909909
 time avg. forc= 5.905972
 largest residual force= 0.000000 in node 31 and dof 3
 largest increment of disp= 2.499995e-01
 largest correction to disp= 1.453693e-06 in node 3 and dof 1

MORTAR_OBSERVER {"kind":"PRE_CHECK","call_id":27,"step":2,"inc":4,"cutback":0,"iteration":1,"time":1,"dtime":0.25,"ttime":1,"tper":1,"theta":0.75,"dtheta":0.25,"icntrl":0,"nmethod":1,"iexpl":0,"ithermal":0,"uncoupled":0,"mortar":2,"iflagdualquad":2}
 no convergence

MORTAR_OBSERVER {"kind":"POST_CHECK","call_id":27,"step":2,"inc":4,"cutback":0,"iteration":2,"time":1,"dtime":0.25,"ttime":1,"tper":1,"theta":0.75,"dtheta":0.25,"icntrl":0,"nmethod":1,"iexpl":0,"ithermal":0,"uncoupled":0,"mortar":2,"iflagdualquad":2}
 iteration 2

 Determining the structure of the matrix:

 Using up to 2 cpu(s) for setting up the structure of the matrix.
 number of equations
 75
 number of nonzero lower triangular matrix elements
 1143

 Using up to 2 cpu(s) for the stress calculation.

 Using up to 2 cpu(s) for the symmetric stiffness/mass contributions.

 Using up to 2 cpu(s) for the stress calculation.

 Using up to 2 cpu(s) for the symmetric stiffness/mass contributions.

 Factoring the system of equations using the unsymmetric spooles solver
 Using 1 cpu for spooles.

MORTAR_OBSERVER {"kind":"BEGIN","call_id":28,"step":2,"inc":4,"cutback":0,"iteration":2,"time":1,"dtime":0.25,"ttime":1,"tper":1,"theta":0.75,"dtheta":0.25,"icntrl":0,"nmethod":1,"iexpl":0,"ithermal":0,"uncoupled":0,"mortar":2,"iflagdualquad":2}
MORTAR_OBSERVER {"kind":"INVENTORY","call_id":28,"pair_count":1,"slave_count":9}
MORTAR_OBSERVER {"kind":"PAIR","call_id":28,"pair":0,"start":0,"end":9}
MORTAR_OBSERVER {"kind":"PRE_RAW","call_id":28,"pair":0,"slot":0,"node":1,"activity":2,"lambda_raw":[0.00079478401267595446,-1.503941259594389e-09,-0.0026493138829959358],"lambda_start":[0.00079171870085542628,-2.1684875255328561e-10,-0.0026390963602684141],"ddtil_count":1}
MORTAR_OBSERVER {"kind":"DDTIL","call_id":28,"pair":0,"column_slot":0,"source_slot":0,"destination_slot":0,"entry":0,"value":1333.3330501831047}
MORTAR_OBSERVER {"kind":"PRE_RAW","call_id":28,"pair":0,"slot":1,"node":2,"activity":2,"lambda_raw":[0.008908151962584071,-9.6125681521143947e-09,-0.029694183602830965],"lambda_start":[0.0089056426325445619,4.2415413490401887e-09,-0.029685824965624198],"ddtil_count":1}
MORTAR_OBSERVER {"kind":"DDTIL","call_id":28,"pair":0,"column_slot":1,"source_slot":1,"destination_slot":1,"entry":1,"value":666.6677050686186}
MORTAR_OBSERVER {"kind":"PRE_RAW","call_id":28,"pair":0,"slot":2,"node":3,"activity":2,"lambda_raw":[0.0065185241922015042,-1.7515657425656823e-08,-0.02172865390933618],"lambda_start":[0.0065185445153415414,-6.1441539650406678e-09,-0.021728725327858734],"ddtil_count":1}
MORTAR_OBSERVER {"kind":"DDTIL","call_id":28,"pair":0,"column_slot":2,"source_slot":2,"destination_slot":2,"entry":2,"value":1333.3349465173169}
MORTAR_OBSERVER {"kind":"PRE_RAW","call_id":28,"pair":0,"slot":3,"node":4,"activity":0,"lambda_raw":[-7.7548194430968402e-28,-7.7548194430968402e-28,0],"lambda_start":[0,0,0],"ddtil_count":1}
MORTAR_OBSERVER {"kind":"DDTIL","call_id":28,"pair":0,"column_slot":3,"source_slot":3,"destination_slot":3,"entry":3,"value":666.6665634695762}
MORTAR_OBSERVER {"kind":"PRE_RAW","call_id":28,"pair":0,"slot":4,"node":17,"activity":2,"lambda_raw":[0.0037124437812580966,-7.4713041755990791e-09,-0.012374955311487874],"lambda_start":[0.0037196028778886067,-1.723873202017443e-09,-0.012398821070906342],"ddtil_count":1}
MORTAR_OBSERVER {"kind":"DDTIL","call_id":28,"pair":0,"column_slot":4,"source_slot":4,"destination_slot":4,"entry":4,"value":1000.000792226614}
MORTAR_OBSERVER {"kind":"PRE_RAW","call_id":28,"pair":0,"slot":5,"node":18,"activity":2,"lambda_raw":[0.0080295894853587759,-1.3730488545126946e-08,-0.026765603138542943],"lambda_start":[0.0080271409833116286,-1.122368307846293e-09,-0.026757446372063023],"ddtil_count":1}
MORTAR_OBSERVER {"kind":"DDTIL","call_id":28,"pair":0,"column_slot":5,"source_slot":5,"destination_slot":5,"entry":5,"value":1000.0014060103355}
MORTAR_OBSERVER {"kind":"PRE_RAW","call_id":28,"pair":0,"slot":6,"node":19,"activity":2,"lambda_raw":[0.0032740783213495183,-2.9301730976448755e-09,-0.010913724363704625],"lambda_start":[0.0032738831167336861,2.2584926739019828e-09,-0.010913075245465247],"ddtil_count":1}
MORTAR_OBSERVER {"kind":"DDTIL","call_id":28,"pair":0,"column_slot":6,"source_slot":6,"destination_slot":6,"entry":6,"value":2000.0009691850528}
MORTAR_OBSERVER {"kind":"PRE_RAW","call_id":28,"pair":0,"slot":7,"node":23,"activity":2,"lambda_raw":[0.0020195106931691141,-3.6485894768961084e-09,-0.0067317879742546686],"lambda_start":[0.0020209173322839405,-2.4514179266863914e-10,-0.0067364778563179326],"ddtil_count":1}
MORTAR_OBSERVER {"kind":"DDTIL","call_id":28,"pair":0,"column_slot":7,"source_slot":7,"destination_slot":7,"entry":7,"value":1000.0003326623072}
MORTAR_OBSERVER {"kind":"PRE_RAW","call_id":28,"pair":0,"slot":8,"node":24,"activity":0,"lambda_raw":[-1.4475664356525491e-27,-2.4298436598453499e-27,-1.0339760254661063e-27],"lambda_start":[0,0,0],"ddtil_count":1}
MORTAR_OBSERVER {"kind":"DDTIL","call_id":28,"pair":0,"column_slot":8,"source_slot":8,"destination_slot":8,"entry":8,"value":999.99974876127169}
MORTAR_OBSERVER {"kind":"LAW","call_id":28,"pair":0,"slot":0,"node":1,"activity":2,"ndof":3,"normal":[-3.5156168075979955e-06,3.1250338452527707e-07,-0.99999999999377143],"tangents":[0.99999999999382028,1.0986421510751129e-12,-3.5156168075978244e-06,-0,0.99999999999995126,3.1250338452720831e-07],"ln":3.5324140349442006,"lt":[1.0597242104786992,-3.1091470926736984e-06],"lt_start":[1.0556370810247813,-1.3887667680518379e-06],"q":0.00035324140349442013,"ut":[333.33283439611876,-0.00097798927958733599],"gn":0.00035324140349442007,"gt":[4.0871294539179818e-05,-1.7203803246218604e-08],"b":1.0597242106458904,"constant_n":10000000000,"constant_t":100,"mu":0.29999999999999999,"normal_mode":1,"tangent_mode":1,"normal_inverse_stiffness":0.0001,"tangent_inverse_stiffness":0.01,"p0":0,"beta":0,"iwan":1,"rn":-1.6263035362840128e-10,"rt":[-1.6263013158379636e-10,4.7714340006724081e-16]}
MORTAR_OBSERVER {"kind":"LAW","call_id":28,"pair":0,"slot":1,"node":2,"activity":2,"ndof":3,"normal":[-3.1859436794845816e-06,6.1092161660835508e-08,-0.99999999999492306],"tangents":[0.99999999999492495,1.9463618631037697e-13,-3.1859436794845757e-06,-0,0.99999999999999822,6.1092161661145562e-08],"ln":19.796134315674866,"lt":[5.9388402946975756,-7.617778543571859e-06],"lt_start":[5.9371673876454256,1.6186492753394546e-06],"q":0.0019796134315674869,"ut":[166.66660878569556,-0.00021387639043440288],"gn":0.0019796134315674869,"gt":[1.6729070521499524e-05,-9.2364278189113137e-08],"b":5.9388402947024597,"constant_n":10000000000,"constant_t":100,"mu":0.29999999999999999,"normal_mode":1,"tangent_mode":1,"normal_inverse_stiffness":0.0001,"tangent_inverse_stiffness":0.01,"p0":0,"beta":0,"iwan":1,"rn":0,"rt":[8.8817841970012523e-16,1.6940658945086007e-21]}
MORTAR_OBSERVER {"kind":"LAW","call_id":28,"pair":0,"slot":2,"node":3,"activity":2,"ndof":3,"normal":[-3.0391797145230364e-06,2.6001669487785976e-08,-0.99999999999538136],"tangents":[0.99999999999538169,7.9023746451376688e-14,-3.0391797145230352e-06,-1.2621774483536189e-29,0.99999999999999967,2.6001669487906059e-08],"ln":28.971547183309678,"lt":[8.6914641549594673,-2.4107547438096067e-05],"lt_start":[8.6914912528017059,-8.9455269556180331e-06],"q":0.0028971547183309679,"ut":[333.33309417506604,-0.00092471890182445988],"gn":0.0028971547183309679,"gt":[-2.709784223853262e-07,-1.5162020482478034e-07],"b":8.6914641549929037,"constant_n":10000000000,"constant_t":100,"mu":0.29999999999999999,"normal_mode":1,"tangent_mode":1,"normal_inverse_stiffness":0.0001,"tangent_inverse_stiffness":0.01,"p0":0,"beta":0,"iwan":1,"rn":0,"rt":[-3.5527136788005009e-15,1.0164395367051604e-20]}
MORTAR_OBSERVER {"kind":"LAW","call_id":28,"pair":0,"slot":3,"node":4,"activity":0,"ndof":3,"normal":[-4.0100309159575396e-06,1.222398415494551e-07,-0.99999999999195244],"tangents":[0.99999999999195988,4.9018554377900717e-13,-4.0100309159575099e-06,-1.0097419586828951e-28,0.99999999999999267,1.2223984155043795e-07],"ln":2.0099408765044206e-30,"lt":[-5.1698788284173901e-25,-5.1698788284563853e-25],"lt_start":[0,0],"q":-0.028776676110644106,"ut":[166.6664442491236,-0.00019369625754655815],"gn":2.0099408765044209e-34,"gt":[-5.1698788284173903e-27,-5.1698788284563852e-27],"b":-86330028.331932321,"constant_n":10000000000,"constant_t":100,"mu":0.29999999999999999,"normal_mode":1,"tangent_mode":1,"normal_inverse_stiffness":0.0001,"tangent_inverse_stiffness":0.01,"p0":0,"beta":0,"iwan":1,"rn":6.0298226295132614e-31,"rt":[-5.1698788284173901e-25,-5.1698788284563853e-25]}
MORTAR_OBSERVER {"kind":"LAW","call_id":28,"pair":0,"slot":4,"node":17,"activity":2,"ndof":3,"normal":[-3.1739320428329847e-06,9.9494575043874757e-09,-0.99999999999496303],"tangents":[0.99999999999496314,3.1578901982139569e-14,-3.1739320428329847e-06,-0,1,9.9494575044375913e-09],"ln":12.374953332140803,"lt":[3.7124859996344721,-7.5944342840982337e-06],"lt_start":[3.7196451776849315,-1.8472362087960785e-06],"q":0.0012374953332140799,"ut":[249.99980159208769,-0.00051146885726670809],"gn":0.0012374953332140804,"gt":[-7.1591780504594033e-05,-5.7471980753021548e-08],"b":3.7124859983411982,"constant_n":10000000000,"constant_t":100,"mu":0.29999999999999999,"normal_mode":1,"tangent_mode":1,"normal_inverse_stiffness":0.0001,"tangent_inverse_stiffness":0.01,"p0":0,"beta":0,"iwan":1,"rn":1.3010428290272102e-09,"rt":[1.3010410526703708e-09,-2.6614706938972096e-15]}
MORTAR_OBSERVER {"kind":"LAW","call_id":28,"pair":0,"slot":5,"node":18,"activity":2,"ndof":3,"normal":[-3.1348009946187284e-06,6.5786124401879273e-08,-0.99999999999508438],"tangents":[0.99999999999508649,2.0622640820813585e-13,-3.1348009946187216e-06,-2.5243548967072378e-29,0.99999999999999789,6.5786124402202521e-08],"ln":26.765615599924619,"lt":[8.0296846799624397,-1.5491315623818339e-05],"lt_start":[8.0272361489028086,-2.8826410565815118e-06],"q":0.0026765615599924626,"ut":[249.99985445072329,-0.00048243970505742421],"gn":0.0026765615599924622,"gt":[2.448531059631165e-05,-1.2608674567236828e-07],"b":8.029684681278427,"constant_n":10000000000,"constant_t":100,"mu":0.29999999999999999,"normal_mode":1,"tangent_mode":1,"normal_inverse_stiffness":0.0001,"tangent_inverse_stiffness":0.01,"p0":0,"beta":0,"iwan":1,"rn":-1.3010410526703708e-09,"rt":[-1.3010428290272102e-09,2.5100466139165584e-15]}
MORTAR_OBSERVER {"kind":"LAW","call_id":28,"pair":0,"slot":6,"node":19,"activity":2,"ndof":3,"normal":[-3.2773982070458742e-06,1.6925226190826925e-07,-0.99999999999461509],"tangents":[0.99999999999462941,5.5470705971959947e-13,-3.2773982070458276e-06,-0,0.99999999999998579,1.6925226190917828e-07],"ln":21.827437843782004,"lt":[6.5482313531276297,-9.5546958942422776e-06],"lt_start":[6.5478409394519375,8.2286040719560346e-07],"q":0.0021827437843782004,"ut":[499.99938395198109,-0.00072966596816713229],"gn":0.0021827437843782004,"gt":[3.9041367569225827e-06,-1.0377556301437881e-07],"b":6.548231353134601,"constant_n":10000000000,"constant_t":100,"mu":0.29999999999999999,"normal_mode":1,"tangent_mode":1,"normal_inverse_stiffness":0.0001,"tangent_inverse_stiffness":0.01,"p0":0,"beta":0,"iwan":1,"rn":0,"rt":[-8.8817841970012523e-16,5.082197683525802e-21]}
MORTAR_OBSERVER {"kind":"LAW","call_id":28,"pair":0,"slot":7,"node":23,"activity":2,"ndof":3,"normal":[-3.5023657646556925e-06,5.18814372153649e-08,-0.99999999999386546],"tangents":[0.99999999999386679,1.8170776952534227e-13,-3.5023657646556882e-06,-0,0.99999999999999878,5.1881437215683106e-08],"ln":6.7317831405578357,"lt":[2.0195349421633937,-3.9978456419638006e-06],"lt_start":[2.0209415981718353,-5.9464014344033339e-07],"q":0.00067317831405578341,"ut":[249.99967680749404,-0.0004949302350305472],"gn":0.00067317831405578363,"gt":[-1.4066560084415868e-05,-3.4032054985234671e-08],"b":2.0195349415168296,"constant_n":10000000000,"constant_t":100,"mu":0.29999999999999999,"normal_mode":1,"tangent_mode":1,"normal_inverse_stiffness":0.0001,"tangent_inverse_stiffness":0.01,"p0":0,"beta":0,"iwan":1,"rn":6.5052097042439527e-10,"rt":[6.5052141451360512e-10,-1.2877636714684997e-15]}
MORTAR_OBSERVER {"kind":"LAW","call_id":28,"pair":0,"slot":8,"node":24,"activity":0,"ndof":3,"normal":[-3.9396722460157777e-06,3.9421989407207015e-07,-0.99999999999216183],"tangents":[0.99999999999223954,1.5530971755150675e-12,-3.9396722460154728e-06,4.0389678347315804e-28,0.9999999999999224,3.9421989407512952e-07],"ln":1.0339805107265886e-24,"lt":[-1.4475619984347113e-24,-2.4298434569881472e-24],"lt_start":[0,0],"q":-0.032775582891763855,"ut":[249.99962524397733,-0.00050725445699913716],"gn":1.0339805107265887e-28,"gt":[-1.4475619984347113e-26,-2.4298434569881471e-26],"b":-98326748.675291553,"constant_n":10000000000,"constant_t":100,"mu":0.29999999999999999,"normal_mode":1,"tangent_mode":1,"normal_inverse_stiffness":0.0001,"tangent_inverse_stiffness":0.01,"p0":0,"beta":0,"iwan":1,"rn":3.1019415321797658e-25,"rt":[-1.4475619984347113e-24,-2.4298434569881472e-24]}
MORTAR_OBSERVER {"kind":"POST_RAW_AFTER_ACTIVE_LOOP","call_id":28,"pair":0,"slot":0,"node":1,"activity":2,"lambda_raw":[0.00079478401267595446,-1.503941259594389e-09,-0.0026493138829959358],"gap":-0.00035324140349442013}
MORTAR_OBSERVER {"kind":"POST_RAW_AFTER_ACTIVE_LOOP","call_id":28,"pair":0,"slot":1,"node":2,"activity":2,"lambda_raw":[0.008908151962584071,-9.6125681521143947e-09,-0.029694183602830965],"gap":-0.0019796134315674869}
MORTAR_OBSERVER {"kind":"POST_RAW_AFTER_ACTIVE_LOOP","call_id":28,"pair":0,"slot":2,"node":3,"activity":2,"lambda_raw":[0.0065185241922015042,-1.7515657425656823e-08,-0.02172865390933618],"gap":-0.0028971547183309679}
MORTAR_OBSERVER {"kind":"POST_RAW_AFTER_ACTIVE_LOOP","call_id":28,"pair":0,"slot":3,"node":4,"activity":0,"lambda_raw":[0,0,0],"gap":0.028776676110644106}
MORTAR_OBSERVER {"kind":"POST_RAW_AFTER_ACTIVE_LOOP","call_id":28,"pair":0,"slot":4,"node":17,"activity":2,"lambda_raw":[0.0037124437812580966,-7.4713041755990791e-09,-0.012374955311487874],"gap":-0.0012374953332140799}
MORTAR_OBSERVER {"kind":"POST_RAW_AFTER_ACTIVE_LOOP","call_id":28,"pair":0,"slot":5,"node":18,"activity":2,"lambda_raw":[0.0080295894853587759,-1.3730488545126946e-08,-0.026765603138542943],"gap":-0.0026765615599924626}
MORTAR_OBSERVER {"kind":"POST_RAW_AFTER_ACTIVE_LOOP","call_id":28,"pair":0,"slot":6,"node":19,"activity":2,"lambda_raw":[0.0032740783213495183,-2.9301730976448755e-09,-0.010913724363704625],"gap":-0.0021827437843782004}
MORTAR_OBSERVER {"kind":"POST_RAW_AFTER_ACTIVE_LOOP","call_id":28,"pair":0,"slot":7,"node":23,"activity":2,"lambda_raw":[0.0020195106931691141,-3.6485894768961084e-09,-0.0067317879742546686],"gap":-0.00067317831405578341}
MORTAR_OBSERVER {"kind":"POST_RAW_AFTER_ACTIVE_LOOP","call_id":28,"pair":0,"slot":8,"node":24,"activity":0,"lambda_raw":[0,0,0],"gap":0.032775582891763855}
MORTAR_OBSERVER {"kind":"SUMMARY_PRE_OVERRIDE","call_id":28,"ndiverg":14,"flag":0,"keepset":0,"max_n":1.3010428290272102e-09,"max_t":[1.3010428290272102e-09,2.6614706938972096e-15],"lm_t_av":[35.999965635023678,7.1472764518464265e-05],"nstick":0,"nslip":7,"ninactive":2,"nnogap":0,"nolm":0}
MORTAR_OBSERVER {"kind":"SUMMARY_POST_OVERRIDE","call_id":28,"flag":0}
MORTAR_OBSERVER {"kind":"RETURN","call_id":28}
 Using up to 2 cpu(s) for the stress calculation.

 average force= 5.909909
 time avg. forc= 5.905972
 largest residual force= 0.000000 in node 20 and dof 1
 largest increment of disp= 2.499995e-01
 largest correction to disp= 8.380776e-14 in node 17 and dof 2

MORTAR_OBSERVER {"kind":"PRE_CHECK","call_id":28,"step":2,"inc":4,"cutback":0,"iteration":2,"time":1,"dtime":0.25,"ttime":1,"tper":1,"theta":0.75,"dtheta":0.25,"icntrl":0,"nmethod":1,"iexpl":0,"ithermal":0,"uncoupled":0,"mortar":2,"iflagdualquad":2}
 convergence; the increment size is increased to 3.750000e-01

 the increment size exceeds the maximum allowed and is decreased to 2.500000e-01

 the increment size exceeds the remainder of the step and is decreased to 0.000000e+00

MORTAR_OBSERVER {"kind":"POST_CHECK","call_id":28,"step":2,"inc":4,"cutback":0,"iteration":2,"time":1,"dtime":0.25,"ttime":1,"tper":1,"theta":1,"dtheta":0,"icntrl":1,"nmethod":1,"iexpl":0,"ithermal":0,"uncoupled":0,"mortar":2,"iflagdualquad":2}
 Using up to 2 cpu(s) for the stress calculation.


 Job finished

________________________________________

Total CalculiX Time: 0.205065
________________________________________
