ISO-10303-21;
HEADER;
FILE_DESCRIPTION(('Open CASCADE Model'),'2;
1');
FILE_NAME('Open CASCADE Shape Model','1970-01-01T00:00:00',('Author'),('Open CASCADE'),'Open CASCADE STEP processor 7.9','Open CASCADE 7.9','Unknown');
FILE_SCHEMA(('AUTOMOTIVE_DESIGN { 1 0 10303 214 1 1 1 1 }'));
ENDSEC;
DATA;
#1 = APPLICATION_PROTOCOL_DEFINITION('international standard','automotive_design',2000,#2);
#2 = APPLICATION_CONTEXT('core data for automotive mechanical design processes');
#3 = SHAPE_DEFINITION_REPRESENTATION(#4,#10);
#4 = PRODUCT_DEFINITION_SHAPE('','',#5);
#5 = PRODUCT_DEFINITION('design','',#6,#9);
#6 = PRODUCT_DEFINITION_FORMATION('','',#7);
#7 = PRODUCT('2x8-foot100-tied-base-z100_UNFASTENED_GEOMETRY','2x8-foot100-tied-base-z100_UNFASTENED_GEOMETRY','',(#8));
#8 = PRODUCT_CONTEXT('',#2,'mechanical');
#9 = PRODUCT_DEFINITION_CONTEXT('part definition',#2,'design');
#10 = SHAPE_REPRESENTATION('',(#11,#15,#19,#23,#27,#31,#35,#39,#43,#47,#51,#55,#59,#63,#67,#71,#75,#79,#83,#87,#91,#95,#99,#103,#107,#111,#115,#119,#123,#127,#131,#135,#139,#143,#147,#151,#155,#159,#163,#167,#171,#175,#179,#183,#187,#191,#195,#199,#203,#207),#211);
#11 = AXIS2_PLACEMENT_3D('',#12,#13,#14);
#12 = CARTESIAN_POINT('',(0.,0.,0.));
#13 = DIRECTION('',(0.,0.,1.));
#14 = DIRECTION('',(1.,0.,-0.));
#15 = AXIS2_PLACEMENT_3D('',#16,#17,#18);
#16 = CARTESIAN_POINT('',(0.,0.,0.));
#17 = DIRECTION('',(0.,0.,1.));
#18 = DIRECTION('',(1.,0.,-0.));
#19 = AXIS2_PLACEMENT_3D('',#20,#21,#22);
#20 = CARTESIAN_POINT('',(0.,0.,0.));
#21 = DIRECTION('',(0.,0.,1.));
#22 = DIRECTION('',(1.,0.,-0.));
#23 = AXIS2_PLACEMENT_3D('',#24,#25,#26);
#24 = CARTESIAN_POINT('',(0.,0.,0.));
#25 = DIRECTION('',(0.,0.,1.));
#26 = DIRECTION('',(1.,0.,-0.));
#27 = AXIS2_PLACEMENT_3D('',#28,#29,#30);
#28 = CARTESIAN_POINT('',(0.,0.,0.));
#29 = DIRECTION('',(0.,0.,1.));
#30 = DIRECTION('',(1.,0.,-0.));
#31 = AXIS2_PLACEMENT_3D('',#32,#33,#34);
#32 = CARTESIAN_POINT('',(0.,0.,0.));
#33 = DIRECTION('',(0.,0.,1.));
#34 = DIRECTION('',(1.,0.,-0.));
#35 = AXIS2_PLACEMENT_3D('',#36,#37,#38);
#36 = CARTESIAN_POINT('',(0.,0.,0.));
#37 = DIRECTION('',(0.,0.,1.));
#38 = DIRECTION('',(1.,0.,-0.));
#39 = AXIS2_PLACEMENT_3D('',#40,#41,#42);
#40 = CARTESIAN_POINT('',(0.,0.,0.));
#41 = DIRECTION('',(0.,0.,1.));
#42 = DIRECTION('',(1.,0.,-0.));
#43 = AXIS2_PLACEMENT_3D('',#44,#45,#46);
#44 = CARTESIAN_POINT('',(0.,0.,0.));
#45 = DIRECTION('',(0.,0.,1.));
#46 = DIRECTION('',(1.,0.,-0.));
#47 = AXIS2_PLACEMENT_3D('',#48,#49,#50);
#48 = CARTESIAN_POINT('',(0.,0.,0.));
#49 = DIRECTION('',(0.,0.,1.));
#50 = DIRECTION('',(1.,0.,-0.));
#51 = AXIS2_PLACEMENT_3D('',#52,#53,#54);
#52 = CARTESIAN_POINT('',(0.,0.,0.));
#53 = DIRECTION('',(0.,0.,1.));
#54 = DIRECTION('',(1.,0.,-0.));
#55 = AXIS2_PLACEMENT_3D('',#56,#57,#58);
#56 = CARTESIAN_POINT('',(0.,0.,0.));
#57 = DIRECTION('',(0.,0.,1.));
#58 = DIRECTION('',(1.,0.,-0.));
#59 = AXIS2_PLACEMENT_3D('',#60,#61,#62);
#60 = CARTESIAN_POINT('',(0.,0.,0.));
#61 = DIRECTION('',(0.,0.,1.));
#62 = DIRECTION('',(1.,0.,-0.));
#63 = AXIS2_PLACEMENT_3D('',#64,#65,#66);
#64 = CARTESIAN_POINT('',(0.,0.,0.));
#65 = DIRECTION('',(0.,0.,1.));
#66 = DIRECTION('',(1.,0.,-0.));
#67 = AXIS2_PLACEMENT_3D('',#68,#69,#70);
#68 = CARTESIAN_POINT('',(0.,0.,0.));
#69 = DIRECTION('',(0.,0.,1.));
#70 = DIRECTION('',(1.,0.,-0.));
#71 = AXIS2_PLACEMENT_3D('',#72,#73,#74);
#72 = CARTESIAN_POINT('',(0.,0.,0.));
#73 = DIRECTION('',(0.,0.,1.));
#74 = DIRECTION('',(1.,0.,-0.));
#75 = AXIS2_PLACEMENT_3D('',#76,#77,#78);
#76 = CARTESIAN_POINT('',(0.,0.,0.));
#77 = DIRECTION('',(0.,0.,1.));
#78 = DIRECTION('',(1.,0.,-0.));
#79 = AXIS2_PLACEMENT_3D('',#80,#81,#82);
#80 = CARTESIAN_POINT('',(0.,0.,0.));
#81 = DIRECTION('',(0.,0.,1.));
#82 = DIRECTION('',(1.,0.,-0.));
#83 = AXIS2_PLACEMENT_3D('',#84,#85,#86);
#84 = CARTESIAN_POINT('',(0.,0.,0.));
#85 = DIRECTION('',(0.,0.,1.));
#86 = DIRECTION('',(1.,0.,-0.));
#87 = AXIS2_PLACEMENT_3D('',#88,#89,#90);
#88 = CARTESIAN_POINT('',(0.,0.,0.));
#89 = DIRECTION('',(0.,0.,1.));
#90 = DIRECTION('',(1.,0.,-0.));
#91 = AXIS2_PLACEMENT_3D('',#92,#93,#94);
#92 = CARTESIAN_POINT('',(0.,0.,0.));
#93 = DIRECTION('',(0.,0.,1.));
#94 = DIRECTION('',(1.,0.,-0.));
#95 = AXIS2_PLACEMENT_3D('',#96,#97,#98);
#96 = CARTESIAN_POINT('',(0.,0.,0.));
#97 = DIRECTION('',(0.,0.,1.));
#98 = DIRECTION('',(1.,0.,-0.));
#99 = AXIS2_PLACEMENT_3D('',#100,#101,#102);
#100 = CARTESIAN_POINT('',(0.,0.,0.));
#101 = DIRECTION('',(0.,0.,1.));
#102 = DIRECTION('',(1.,0.,-0.));
#103 = AXIS2_PLACEMENT_3D('',#104,#105,#106);
#104 = CARTESIAN_POINT('',(0.,0.,0.));
#105 = DIRECTION('',(0.,0.,1.));
#106 = DIRECTION('',(1.,0.,-0.));
#107 = AXIS2_PLACEMENT_3D('',#108,#109,#110);
#108 = CARTESIAN_POINT('',(0.,0.,0.));
#109 = DIRECTION('',(0.,0.,1.));
#110 = DIRECTION('',(1.,0.,-0.));
#111 = AXIS2_PLACEMENT_3D('',#112,#113,#114);
#112 = CARTESIAN_POINT('',(0.,0.,0.));
#113 = DIRECTION('',(0.,0.,1.));
#114 = DIRECTION('',(1.,0.,-0.));
#115 = AXIS2_PLACEMENT_3D('',#116,#117,#118);
#116 = CARTESIAN_POINT('',(0.,0.,0.));
#117 = DIRECTION('',(0.,0.,1.));
#118 = DIRECTION('',(1.,0.,-0.));
#119 = AXIS2_PLACEMENT_3D('',#120,#121,#122);
#120 = CARTESIAN_POINT('',(0.,0.,0.));
#121 = DIRECTION('',(0.,0.,1.));
#122 = DIRECTION('',(1.,0.,-0.));
#123 = AXIS2_PLACEMENT_3D('',#124,#125,#126);
#124 = CARTESIAN_POINT('',(0.,0.,0.));
#125 = DIRECTION('',(0.,0.,1.));
#126 = DIRECTION('',(1.,0.,-0.));
#127 = AXIS2_PLACEMENT_3D('',#128,#129,#130);
#128 = CARTESIAN_POINT('',(0.,0.,0.));
#129 = DIRECTION('',(0.,0.,1.));
#130 = DIRECTION('',(1.,0.,-0.));
#131 = AXIS2_PLACEMENT_3D('',#132,#133,#134);
#132 = CARTESIAN_POINT('',(0.,0.,0.));
#133 = DIRECTION('',(0.,0.,1.));
#134 = DIRECTION('',(1.,0.,-0.));
#135 = AXIS2_PLACEMENT_3D('',#136,#137,#138);
#136 = CARTESIAN_POINT('',(0.,0.,0.));
#137 = DIRECTION('',(0.,0.,1.));
#138 = DIRECTION('',(1.,0.,-0.));
#139 = AXIS2_PLACEMENT_3D('',#140,#141,#142);
#140 = CARTESIAN_POINT('',(0.,0.,0.));
#141 = DIRECTION('',(0.,0.,1.));
#142 = DIRECTION('',(1.,0.,-0.));
#143 = AXIS2_PLACEMENT_3D('',#144,#145,#146);
#144 = CARTESIAN_POINT('',(0.,0.,0.));
#145 = DIRECTION('',(0.,0.,1.));
#146 = DIRECTION('',(1.,0.,-0.));
#147 = AXIS2_PLACEMENT_3D('',#148,#149,#150);
#148 = CARTESIAN_POINT('',(0.,0.,0.));
#149 = DIRECTION('',(0.,0.,1.));
#150 = DIRECTION('',(1.,0.,-0.));
#151 = AXIS2_PLACEMENT_3D('',#152,#153,#154);
#152 = CARTESIAN_POINT('',(0.,0.,0.));
#153 = DIRECTION('',(0.,0.,1.));
#154 = DIRECTION('',(1.,0.,-0.));
#155 = AXIS2_PLACEMENT_3D('',#156,#157,#158);
#156 = CARTESIAN_POINT('',(0.,0.,0.));
#157 = DIRECTION('',(0.,0.,1.));
#158 = DIRECTION('',(1.,0.,-0.));
#159 = AXIS2_PLACEMENT_3D('',#160,#161,#162);
#160 = CARTESIAN_POINT('',(0.,0.,0.));
#161 = DIRECTION('',(0.,0.,1.));
#162 = DIRECTION('',(1.,0.,-0.));
#163 = AXIS2_PLACEMENT_3D('',#164,#165,#166);
#164 = CARTESIAN_POINT('',(0.,0.,0.));
#165 = DIRECTION('',(0.,0.,1.));
#166 = DIRECTION('',(1.,0.,-0.));
#167 = AXIS2_PLACEMENT_3D('',#168,#169,#170);
#168 = CARTESIAN_POINT('',(0.,0.,0.));
#169 = DIRECTION('',(0.,0.,1.));
#170 = DIRECTION('',(1.,0.,-0.));
#171 = AXIS2_PLACEMENT_3D('',#172,#173,#174);
#172 = CARTESIAN_POINT('',(0.,0.,0.));
#173 = DIRECTION('',(0.,0.,1.));
#174 = DIRECTION('',(1.,0.,-0.));
#175 = AXIS2_PLACEMENT_3D('',#176,#177,#178);
#176 = CARTESIAN_POINT('',(0.,0.,0.));
#177 = DIRECTION('',(0.,0.,1.));
#178 = DIRECTION('',(1.,0.,-0.));
#179 = AXIS2_PLACEMENT_3D('',#180,#181,#182);
#180 = CARTESIAN_POINT('',(0.,0.,0.));
#181 = DIRECTION('',(0.,0.,1.));
#182 = DIRECTION('',(1.,0.,-0.));
#183 = AXIS2_PLACEMENT_3D('',#184,#185,#186);
#184 = CARTESIAN_POINT('',(0.,0.,0.));
#185 = DIRECTION('',(0.,0.,1.));
#186 = DIRECTION('',(1.,0.,-0.));
#187 = AXIS2_PLACEMENT_3D('',#188,#189,#190);
#188 = CARTESIAN_POINT('',(0.,0.,0.));
#189 = DIRECTION('',(0.,0.,1.));
#190 = DIRECTION('',(1.,0.,-0.));
#191 = AXIS2_PLACEMENT_3D('',#192,#193,#194);
#192 = CARTESIAN_POINT('',(0.,0.,0.));
#193 = DIRECTION('',(0.,0.,1.));
#194 = DIRECTION('',(1.,0.,-0.));
#195 = AXIS2_PLACEMENT_3D('',#196,#197,#198);
#196 = CARTESIAN_POINT('',(0.,0.,0.));
#197 = DIRECTION('',(0.,0.,1.));
#198 = DIRECTION('',(1.,0.,-0.));
#199 = AXIS2_PLACEMENT_3D('',#200,#201,#202);
#200 = CARTESIAN_POINT('',(0.,0.,0.));
#201 = DIRECTION('',(0.,0.,1.));
#202 = DIRECTION('',(1.,0.,-0.));
#203 = AXIS2_PLACEMENT_3D('',#204,#205,#206);
#204 = CARTESIAN_POINT('',(0.,0.,0.));
#205 = DIRECTION('',(0.,0.,1.));
#206 = DIRECTION('',(1.,0.,-0.));
#207 = AXIS2_PLACEMENT_3D('',#208,#209,#210);
#208 = CARTESIAN_POINT('',(0.,0.,0.));
#209 = DIRECTION('',(0.,0.,1.));
#210 = DIRECTION('',(1.,0.,-0.));
#211 =(GEOMETRIC_REPRESENTATION_CONTEXT(3)GLOBAL_UNCERTAINTY_ASSIGNED_CONTEXT((#215))GLOBAL_UNIT_ASSIGNED_CONTEXT((#212,#213,#214))REPRESENTATION_CONTEXT('Context #1','3D Context with UNIT and UNCERTAINTY'));
#212 =(LENGTH_UNIT()NAMED_UNIT(*)SI_UNIT(.MILLI.,.METRE.));
#213 =(NAMED_UNIT(*)PLANE_ANGLE_UNIT()SI_UNIT($,.RADIAN.));
#214 =(NAMED_UNIT(*)SI_UNIT($,.STERADIAN.)SOLID_ANGLE_UNIT());
#215 = UNCERTAINTY_MEASURE_WITH_UNIT(LENGTH_MEASURE(1.E-07),#212,'distance_accuracy_value','confusion accuracy');
#216 = PRODUCT_RELATED_PRODUCT_CATEGORY('part',$,(#7));
#217 = SHAPE_DEFINITION_REPRESENTATION(#218,#224);
#218 = PRODUCT_DEFINITION_SHAPE('','',#219);
#219 = PRODUCT_DEFINITION('design','',#220,#223);
#220 = PRODUCT_DEFINITION_FORMATION('','',#221);
#221 = PRODUCT('main_lower_left','main_lower_left','',(#222));
#222 = PRODUCT_CONTEXT('',#2,'mechanical');
#223 = PRODUCT_DEFINITION_CONTEXT('part definition',#2,'design');
#224 = ADVANCED_BREP_SHAPE_REPRESENTATION('',(#11,#225),#555);
#225 = MANIFOLD_SOLID_BREP('',#226);
#226 = CLOSED_SHELL('',(#227,#347,#447,#494,#541,#548));
#227 = ADVANCED_FACE('',(#228),#242,.F.);
#228 = FACE_BOUND('',#229,.F.);
#229 = EDGE_LOOP('',(#230,#265,#293,#321));
#230 = ORIENTED_EDGE('',*,*,#231,.F.);
#231 = EDGE_CURVE('',#232,#234,#236,.T.);
#232 = VERTEX_POINT('',#233);
#233 = CARTESIAN_POINT('',(-1.2192E+03,-31.78879997614,236.57017697435));
#234 = VERTEX_POINT('',#235);
#235 = CARTESIAN_POINT('',(-1.2192E+03,751.89785375368,1.170531562025E+03));
#236 = SURFACE_CURVE('',#237,(#241,#253),.PCURVE_S1.);
#237 = LINE('',#238,#239);
#238 = CARTESIAN_POINT('',(-1.2192E+03,-31.78879997614,236.57017697435));
#239 = VECTOR('',#240,1.);
#240 = DIRECTION('',(0.,0.642787609687,0.766044443119));
#241 = PCURVE('',#242,#247);
#242 = PLANE('',#243);
#243 = AXIS2_PLACEMENT_3D('',#244,#245,#246);
#244 = CARTESIAN_POINT('',(-1.2192E+03,-31.78879997614,236.57017697435));
#245 = DIRECTION('',(1.,0.,0.));
#246 = DIRECTION('',(0.,0.642787609687,0.766044443119));
#247 = DEFINITIONAL_REPRESENTATION('',(#248),#252);
#248 = LINE('',#249,#250);
#249 = CARTESIAN_POINT('',(0.,0.));
#250 = VECTOR('',#251,1.);
#251 = DIRECTION('',(1.,0.));
#252 =(GEOMETRIC_REPRESENTATION_CONTEXT(2)PARAMETRIC_REPRESENTATION_CONTEXT()REPRESENTATION_CONTEXT('2D SPACE',''));
#253 = PCURVE('',#254,#259);
#254 = PLANE('',#255);
#255 = AXIS2_PLACEMENT_3D('',#256,#257,#258);
#256 = CARTESIAN_POINT('',(-1.2192E+03,-31.78879997614,236.57017697435));
#257 = DIRECTION('',(0.,0.766044443119,-0.642787609687));
#258 = DIRECTION('',(0.,0.642787609687,0.766044443119));
#259 = DEFINITIONAL_REPRESENTATION('',(#260),#264);
#260 = LINE('',#261,#262);
#261 = CARTESIAN_POINT('',(0.,0.));
#262 = VECTOR('',#263,1.);
#263 = DIRECTION('',(1.,0.));
#264 =(GEOMETRIC_REPRESENTATION_CONTEXT(2)PARAMETRIC_REPRESENTATION_CONTEXT()REPRESENTATION_CONTEXT('2D SPACE',''));
#265 = ORIENTED_EDGE('',*,*,#266,.T.);
#266 = EDGE_CURVE('',#232,#267,#269,.T.);
#267 = VERTEX_POINT('',#268);
#268 = CARTESIAN_POINT('',(-1.2192E+03,-18.,225.));
#269 = SURFACE_CURVE('',#270,(#274,#281),.PCURVE_S1.);
#270 = LINE('',#271,#272);
#271 = CARTESIAN_POINT('',(-1.2192E+03,-31.78879997614,236.57017697435));
#272 = VECTOR('',#273,1.);
#273 = DIRECTION('',(0.,0.766044443119,-0.642787609687));
#274 = PCURVE('',#242,#275);
#275 = DEFINITIONAL_REPRESENTATION('',(#276),#280);
#276 = LINE('',#277,#278);
#277 = CARTESIAN_POINT('',(0.,0.));
#278 = VECTOR('',#279,1.);
#279 = DIRECTION('',(0.,-1.));
#280 =(GEOMETRIC_REPRESENTATION_CONTEXT(2)PARAMETRIC_REPRESENTATION_CONTEXT()REPRESENTATION_CONTEXT('2D SPACE',''));
#281 = PCURVE('',#282,#287);
#282 = PLANE('',#283);
#283 = AXIS2_PLACEMENT_3D('',#284,#285,#286);
#284 = CARTESIAN_POINT('',(-1.2192E+03,-31.78879997614,236.57017697435));
#285 = DIRECTION('',(0.,0.642787609687,0.766044443119));
#286 = DIRECTION('',(1.,0.,0.));
#287 = DEFINITIONAL_REPRESENTATION('',(#288),#292);
#288 = LINE('',#289,#290);
#289 = CARTESIAN_POINT('',(0.,0.));
#290 = VECTOR('',#291,1.);
#291 = DIRECTION('',(0.,1.));
#292 =(GEOMETRIC_REPRESENTATION_CONTEXT(2)PARAMETRIC_REPRESENTATION_CONTEXT()REPRESENTATION_CONTEXT('2D SPACE',''));
#293 = ORIENTED_EDGE('',*,*,#294,.T.);
#294 = EDGE_CURVE('',#267,#295,#297,.T.);
#295 = VERTEX_POINT('',#296);
#296 = CARTESIAN_POINT('',(-1.2192E+03,765.68665372982,1.158961385051E+03));
#297 = SURFACE_CURVE('',#298,(#302,#309),.PCURVE_S1.);
#298 = LINE('',#299,#300);
#299 = CARTESIAN_POINT('',(-1.2192E+03,-18.,225.));
#300 = VECTOR('',#301,1.);
#301 = DIRECTION('',(0.,0.642787609687,0.766044443119));
#302 = PCURVE('',#242,#303);
#303 = DEFINITIONAL_REPRESENTATION('',(#304),#308);
#304 = LINE('',#305,#306);
#305 = CARTESIAN_POINT('',(-1.7763568394E-15,-18.));
#306 = VECTOR('',#307,1.);
#307 = DIRECTION('',(1.,0.));
#308 =(GEOMETRIC_REPRESENTATION_CONTEXT(2)PARAMETRIC_REPRESENTATION_CONTEXT()REPRESENTATION_CONTEXT('2D SPACE',''));
#309 = PCURVE('',#310,#315);
#310 = PLANE('',#311);
#311 = AXIS2_PLACEMENT_3D('',#312,#313,#314);
#312 = CARTESIAN_POINT('',(-1.2192E+03,-18.,225.));
#313 = DIRECTION('',(0.,0.766044443119,-0.642787609687));
#314 = DIRECTION('',(0.,0.642787609687,0.766044443119));
#315 = DEFINITIONAL_REPRESENTATION('',(#316),#320);
#316 = LINE('',#317,#318);
#317 = CARTESIAN_POINT('',(0.,0.));
#318 = VECTOR('',#319,1.);
#319 = DIRECTION('',(1.,0.));
#320 =(GEOMETRIC_REPRESENTATION_CONTEXT(2)PARAMETRIC_REPRESENTATION_CONTEXT()REPRESENTATION_CONTEXT('2D SPACE',''));
#321 = ORIENTED_EDGE('',*,*,#322,.F.);
#322 = EDGE_CURVE('',#234,#295,#323,.T.);
#323 = SURFACE_CURVE('',#324,(#328,#335),.PCURVE_S1.);
#324 = LINE('',#325,#326);
#325 = CARTESIAN_POINT('',(-1.2192E+03,751.89785375368,1.170531562025E+03));
#326 = VECTOR('',#327,1.);
#327 = DIRECTION('',(0.,0.766044443119,-0.642787609687));
#328 = PCURVE('',#242,#329);
#329 = DEFINITIONAL_REPRESENTATION('',(#330),#334);
#330 = LINE('',#331,#332);
#331 = CARTESIAN_POINT('',(1.2192E+03,0.));
#332 = VECTOR('',#333,1.);
#333 = DIRECTION('',(0.,-1.));
#334 =(GEOMETRIC_REPRESENTATION_CONTEXT(2)PARAMETRIC_REPRESENTATION_CONTEXT()REPRESENTATION_CONTEXT('2D SPACE',''));
#335 = PCURVE('',#336,#341);
#336 = PLANE('',#337);
#337 = AXIS2_PLACEMENT_3D('',#338,#339,#340);
#338 = CARTESIAN_POINT('',(-1.2192E+03,751.89785375368,1.170531562025E+03));
#339 = DIRECTION('',(0.,0.642787609687,0.766044443119));
#340 = DIRECTION('',(1.,0.,0.));
#341 = DEFINITIONAL_REPRESENTATION('',(#342),#346);
#342 = LINE('',#343,#344);
#343 = CARTESIAN_POINT('',(0.,0.));
#344 = VECTOR('',#345,1.);
#345 = DIRECTION('',(0.,1.));
#346 =(GEOMETRIC_REPRESENTATION_CONTEXT(2)PARAMETRIC_REPRESENTATION_CONTEXT()REPRESENTATION_CONTEXT('2D SPACE',''));
#347 = ADVANCED_FACE('',(#348),#362,.T.);
#348 = FACE_BOUND('',#349,.T.);
#349 = EDGE_LOOP('',(#350,#380,#403,#426));
#350 = ORIENTED_EDGE('',*,*,#351,.F.);
#351 = EDGE_CURVE('',#352,#354,#356,.T.);
#352 = VERTEX_POINT('',#353);
#353 = CARTESIAN_POINT('',(0.,-31.78879997614,236.57017697435));
#354 = VERTEX_POINT('',#355);
#355 = CARTESIAN_POINT('',(0.,751.89785375368,1.170531562025E+03));
#356 = SURFACE_CURVE('',#357,(#361,#373),.PCURVE_S1.);
#357 = LINE('',#358,#359);
#358 = CARTESIAN_POINT('',(0.,-31.78879997614,236.57017697435));
#359 = VECTOR('',#360,1.);
#360 = DIRECTION('',(0.,0.642787609687,0.766044443119));
#361 = PCURVE('',#362,#367);
#362 = PLANE('',#363);
#363 = AXIS2_PLACEMENT_3D('',#364,#365,#366);
#364 = CARTESIAN_POINT('',(0.,-31.78879997614,236.57017697435));
#365 = DIRECTION('',(1.,0.,0.));
#366 = DIRECTION('',(0.,0.642787609687,0.766044443119));
#367 = DEFINITIONAL_REPRESENTATION('',(#368),#372);
#368 = LINE('',#369,#370);
#369 = CARTESIAN_POINT('',(0.,0.));
#370 = VECTOR('',#371,1.);
#371 = DIRECTION('',(1.,0.));
#372 =(GEOMETRIC_REPRESENTATION_CONTEXT(2)PARAMETRIC_REPRESENTATION_CONTEXT()REPRESENTATION_CONTEXT('2D SPACE',''));
#373 = PCURVE('',#254,#374);
#374 = DEFINITIONAL_REPRESENTATION('',(#375),#379);
#375 = LINE('',#376,#377);
#376 = CARTESIAN_POINT('',(0.,1.2192E+03));
#377 = VECTOR('',#378,1.);
#378 = DIRECTION('',(1.,0.));
#379 =(GEOMETRIC_REPRESENTATION_CONTEXT(2)PARAMETRIC_REPRESENTATION_CONTEXT()REPRESENTATION_CONTEXT('2D SPACE',''));
#380 = ORIENTED_EDGE('',*,*,#381,.T.);
#381 = EDGE_CURVE('',#352,#382,#384,.T.);
#382 = VERTEX_POINT('',#383);
#383 = CARTESIAN_POINT('',(0.,-18.,225.));
#384 = SURFACE_CURVE('',#385,(#389,#396),.PCURVE_S1.);
#385 = LINE('',#386,#387);
#386 = CARTESIAN_POINT('',(0.,-31.78879997614,236.57017697435));
#387 = VECTOR('',#388,1.);
#388 = DIRECTION('',(0.,0.766044443119,-0.642787609687));
#389 = PCURVE('',#362,#390);
#390 = DEFINITIONAL_REPRESENTATION('',(#391),#395);
#391 = LINE('',#392,#393);
#392 = CARTESIAN_POINT('',(0.,0.));
#393 = VECTOR('',#394,1.);
#394 = DIRECTION('',(0.,-1.));
#395 =(GEOMETRIC_REPRESENTATION_CONTEXT(2)PARAMETRIC_REPRESENTATION_CONTEXT()REPRESENTATION_CONTEXT('2D SPACE',''));
#396 = PCURVE('',#282,#397);
#397 = DEFINITIONAL_REPRESENTATION('',(#398),#402);
#398 = LINE('',#399,#400);
#399 = CARTESIAN_POINT('',(1.2192E+03,0.));
#400 = VECTOR('',#401,1.);
#401 = DIRECTION('',(0.,1.));
#402 =(GEOMETRIC_REPRESENTATION_CONTEXT(2)PARAMETRIC_REPRESENTATION_CONTEXT()REPRESENTATION_CONTEXT('2D SPACE',''));
#403 = ORIENTED_EDGE('',*,*,#404,.T.);
#404 = EDGE_CURVE('',#382,#405,#407,.T.);
#405 = VERTEX_POINT('',#406);
#406 = CARTESIAN_POINT('',(0.,765.68665372982,1.158961385051E+03));
#407 = SURFACE_CURVE('',#408,(#412,#419),.PCURVE_S1.);
#408 = LINE('',#409,#410);
#409 = CARTESIAN_POINT('',(0.,-18.,225.));
#410 = VECTOR('',#411,1.);
#411 = DIRECTION('',(0.,0.642787609687,0.766044443119));
#412 = PCURVE('',#362,#413);
#413 = DEFINITIONAL_REPRESENTATION('',(#414),#418);
#414 = LINE('',#415,#416);
#415 = CARTESIAN_POINT('',(-1.7763568394E-15,-18.));
#416 = VECTOR('',#417,1.);
#417 = DIRECTION('',(1.,0.));
#418 =(GEOMETRIC_REPRESENTATION_CONTEXT(2)PARAMETRIC_REPRESENTATION_CONTEXT()REPRESENTATION_CONTEXT('2D SPACE',''));
#419 = PCURVE('',#310,#420);
#420 = DEFINITIONAL_REPRESENTATION('',(#421),#425);
#421 = LINE('',#422,#423);
#422 = CARTESIAN_POINT('',(0.,1.2192E+03));
#423 = VECTOR('',#424,1.);
#424 = DIRECTION('',(1.,0.));
#425 =(GEOMETRIC_REPRESENTATION_CONTEXT(2)PARAMETRIC_REPRESENTATION_CONTEXT()REPRESENTATION_CONTEXT('2D SPACE',''));
#426 = ORIENTED_EDGE('',*,*,#427,.F.);
#427 = EDGE_CURVE('',#354,#405,#428,.T.);
#428 = SURFACE_CURVE('',#429,(#433,#440),.PCURVE_S1.);
#429 = LINE('',#430,#431);
#430 = CARTESIAN_POINT('',(0.,751.89785375368,1.170531562025E+03));
#431 = VECTOR('',#432,1.);
#432 = DIRECTION('',(0.,0.766044443119,-0.642787609687));
#433 = PCURVE('',#362,#434);
#434 = DEFINITIONAL_REPRESENTATION('',(#435),#439);
#435 = LINE('',#436,#437);
#436 = CARTESIAN_POINT('',(1.2192E+03,0.));
#437 = VECTOR('',#438,1.);
#438 = DIRECTION('',(0.,-1.));
#439 =(GEOMETRIC_REPRESENTATION_CONTEXT(2)PARAMETRIC_REPRESENTATION_CONTEXT()REPRESENTATION_CONTEXT('2D SPACE',''));
#440 = PCURVE('',#336,#441);
#441 = DEFINITIONAL_REPRESENTATION('',(#442),#446);
#442 = LINE('',#443,#444);
#443 = CARTESIAN_POINT('',(1.2192E+03,0.));
#444 = VECTOR('',#445,1.);
#445 = DIRECTION('',(0.,1.));
#446 =(GEOMETRIC_REPRESENTATION_CONTEXT(2)PARAMETRIC_REPRESENTATION_CONTEXT()REPRESENTATION_CONTEXT('2D SPACE',''));
#447 = ADVANCED_FACE('',(#448),#254,.F.);
#448 = FACE_BOUND('',#449,.F.);
#449 = EDGE_LOOP('',(#450,#471,#472,#493));
#450 = ORIENTED_EDGE('',*,*,#451,.F.);
#451 = EDGE_CURVE('',#232,#352,#452,.T.);
#452 = SURFACE_CURVE('',#453,(#457,#464),.PCURVE_S1.);
#453 = LINE('',#454,#455);
#454 = CARTESIAN_POINT('',(-1.2192E+03,-31.78879997614,236.57017697435));
#455 = VECTOR('',#456,1.);
#456 = DIRECTION('',(1.,0.,0.));
#457 = PCURVE('',#254,#458);
#458 = DEFINITIONAL_REPRESENTATION('',(#459),#463);
#459 = LINE('',#460,#461);
#460 = CARTESIAN_POINT('',(0.,0.));
#461 = VECTOR('',#462,1.);
#462 = DIRECTION('',(0.,1.));
#463 =(GEOMETRIC_REPRESENTATION_CONTEXT(2)PARAMETRIC_REPRESENTATION_CONTEXT()REPRESENTATION_CONTEXT('2D SPACE',''));
#464 = PCURVE('',#282,#465);
#465 = DEFINITIONAL_REPRESENTATION('',(#466),#470);
#466 = LINE('',#467,#468);
#467 = CARTESIAN_POINT('',(0.,0.));
#468 = VECTOR('',#469,1.);
#469 = DIRECTION('',(1.,0.));
#470 =(GEOMETRIC_REPRESENTATION_CONTEXT(2)PARAMETRIC_REPRESENTATION_CONTEXT()REPRESENTATION_CONTEXT('2D SPACE',''));
#471 = ORIENTED_EDGE('',*,*,#231,.T.);
#472 = ORIENTED_EDGE('',*,*,#473,.T.);
#473 = EDGE_CURVE('',#234,#354,#474,.T.);
#474 = SURFACE_CURVE('',#475,(#479,#486),.PCURVE_S1.);
#475 = LINE('',#476,#477);
#476 = CARTESIAN_POINT('',(-1.2192E+03,751.89785375368,1.170531562025E+03));
#477 = VECTOR('',#478,1.);
#478 = DIRECTION('',(1.,0.,0.));
#479 = PCURVE('',#254,#480);
#480 = DEFINITIONAL_REPRESENTATION('',(#481),#485);
#481 = LINE('',#482,#483);
#482 = CARTESIAN_POINT('',(1.2192E+03,0.));
#483 = VECTOR('',#484,1.);
#484 = DIRECTION('',(0.,1.));
#485 =(GEOMETRIC_REPRESENTATION_CONTEXT(2)PARAMETRIC_REPRESENTATION_CONTEXT()REPRESENTATION_CONTEXT('2D SPACE',''));
#486 = PCURVE('',#336,#487);
#487 = DEFINITIONAL_REPRESENTATION('',(#488),#492);
#488 = LINE('',#489,#490);
#489 = CARTESIAN_POINT('',(0.,0.));
#490 = VECTOR('',#491,1.);
#491 = DIRECTION('',(1.,0.));
#492 =(GEOMETRIC_REPRESENTATION_CONTEXT(2)PARAMETRIC_REPRESENTATION_CONTEXT()REPRESENTATION_CONTEXT('2D SPACE',''));
#493 = ORIENTED_EDGE('',*,*,#351,.F.);
#494 = ADVANCED_FACE('',(#495),#310,.T.);
#495 = FACE_BOUND('',#496,.T.);
#496 = EDGE_LOOP('',(#497,#518,#519,#540));
#497 = ORIENTED_EDGE('',*,*,#498,.F.);
#498 = EDGE_CURVE('',#267,#382,#499,.T.);
#499 = SURFACE_CURVE('',#500,(#504,#511),.PCURVE_S1.);
#500 = LINE('',#501,#502);
#501 = CARTESIAN_POINT('',(-1.2192E+03,-18.,225.));
#502 = VECTOR('',#503,1.);
#503 = DIRECTION('',(1.,0.,0.));
#504 = PCURVE('',#310,#505);
#505 = DEFINITIONAL_REPRESENTATION('',(#506),#510);
#506 = LINE('',#507,#508);
#507 = CARTESIAN_POINT('',(0.,0.));
#508 = VECTOR('',#509,1.);
#509 = DIRECTION('',(0.,1.));
#510 =(GEOMETRIC_REPRESENTATION_CONTEXT(2)PARAMETRIC_REPRESENTATION_CONTEXT()REPRESENTATION_CONTEXT('2D SPACE',''));
#511 = PCURVE('',#282,#512);
#512 = DEFINITIONAL_REPRESENTATION('',(#513),#517);
#513 = LINE('',#514,#515);
#514 = CARTESIAN_POINT('',(0.,18.));
#515 = VECTOR('',#516,1.);
#516 = DIRECTION('',(1.,0.));
#517 =(GEOMETRIC_REPRESENTATION_CONTEXT(2)PARAMETRIC_REPRESENTATION_CONTEXT()REPRESENTATION_CONTEXT('2D SPACE',''));
#518 = ORIENTED_EDGE('',*,*,#294,.T.);
#519 = ORIENTED_EDGE('',*,*,#520,.T.);
#520 = EDGE_CURVE('',#295,#405,#521,.T.);
#521 = SURFACE_CURVE('',#522,(#526,#533),.PCURVE_S1.);
#522 = LINE('',#523,#524);
#523 = CARTESIAN_POINT('',(-1.2192E+03,765.68665372982,1.158961385051E+03));
#524 = VECTOR('',#525,1.);
#525 = DIRECTION('',(1.,0.,0.));
#526 = PCURVE('',#310,#527);
#527 = DEFINITIONAL_REPRESENTATION('',(#528),#532);
#528 = LINE('',#529,#530);
#529 = CARTESIAN_POINT('',(1.2192E+03,0.));
#530 = VECTOR('',#531,1.);
#531 = DIRECTION('',(0.,1.));
#532 =(GEOMETRIC_REPRESENTATION_CONTEXT(2)PARAMETRIC_REPRESENTATION_CONTEXT()REPRESENTATION_CONTEXT('2D SPACE',''));
#533 = PCURVE('',#336,#534);
#534 = DEFINITIONAL_REPRESENTATION('',(#535),#539);
#535 = LINE('',#536,#537);
#536 = CARTESIAN_POINT('',(0.,18.));
#537 = VECTOR('',#538,1.);
#538 = DIRECTION('',(1.,0.));
#539 =(GEOMETRIC_REPRESENTATION_CONTEXT(2)PARAMETRIC_REPRESENTATION_CONTEXT()REPRESENTATION_CONTEXT('2D SPACE',''));
#540 = ORIENTED_EDGE('',*,*,#404,.F.);
#541 = ADVANCED_FACE('',(#542),#282,.F.);
#542 = FACE_BOUND('',#543,.F.);
#543 = EDGE_LOOP('',(#544,#545,#546,#547));
#544 = ORIENTED_EDGE('',*,*,#266,.F.);
#545 = ORIENTED_EDGE('',*,*,#451,.T.);
#546 = ORIENTED_EDGE('',*,*,#381,.T.);
#547 = ORIENTED_EDGE('',*,*,#498,.F.);
#548 = ADVANCED_FACE('',(#549),#336,.T.);
#549 = FACE_BOUND('',#550,.T.);
#550 = EDGE_LOOP('',(#551,#552,#553,#554));
#551 = ORIENTED_EDGE('',*,*,#322,.F.);
#552 = ORIENTED_EDGE('',*,*,#473,.T.);
#553 = ORIENTED_EDGE('',*,*,#427,.T.);
#554 = ORIENTED_EDGE('',*,*,#520,.F.);
#555 =(GEOMETRIC_REPRESENTATION_CONTEXT(3)GLOBAL_UNCERTAINTY_ASSIGNED_CONTEXT((#559))GLOBAL_UNIT_ASSIGNED_CONTEXT((#556,#557,#558))REPRESENTATION_CONTEXT('Context #1','3D Context with UNIT and UNCERTAINTY'));
#556 =(LENGTH_UNIT()NAMED_UNIT(*)SI_UNIT(.MILLI.,.METRE.));
#557 =(NAMED_UNIT(*)PLANE_ANGLE_UNIT()SI_UNIT($,.RADIAN.));
#558 =(NAMED_UNIT(*)SI_UNIT($,.STERADIAN.)SOLID_ANGLE_UNIT());
#559 = UNCERTAINTY_MEASURE_WITH_UNIT(LENGTH_MEASURE(1.E-07),#556,'distance_accuracy_value','confusion accuracy');
#560 = CONTEXT_DEPENDENT_SHAPE_REPRESENTATION(#561,#563);
#561 =(REPRESENTATION_RELATIONSHIP('','',#224,#10)REPRESENTATION_RELATIONSHIP_WITH_TRANSFORMATION(#562)SHAPE_REPRESENTATION_RELATIONSHIP());
#562 = ITEM_DEFINED_TRANSFORMATION('','',#11,#15);
#563 = PRODUCT_DEFINITION_SHAPE('Placement','Placement of an item',#564);
#564 = NEXT_ASSEMBLY_USAGE_OCCURRENCE('1','main_lower_left','',#5,#219,$);
#565 = PRODUCT_RELATED_PRODUCT_CATEGORY('part',$,(#221));
#566 = SHAPE_DEFINITION_REPRESENTATION(#567,#573);
#567 = PRODUCT_DEFINITION_SHAPE('','',#568);
#568 = PRODUCT_DEFINITION('design','',#569,#572);
#569 = PRODUCT_DEFINITION_FORMATION('','',#570);
#570 = PRODUCT('main_lower_right','main_lower_right','',(#571));
#571 = PRODUCT_CONTEXT('',#2,'mechanical');
#572 = PRODUCT_DEFINITION_CONTEXT('part definition',#2,'design');
#573 = ADVANCED_BREP_SHAPE_REPRESENTATION('',(#11,#574),#904);
#574 = MANIFOLD_SOLID_BREP('',#575);
#575 = CLOSED_SHELL('',(#576,#696,#796,#843,#890,#897));
#576 = ADVANCED_FACE('',(#577),#591,.F.);
#577 = FACE_BOUND('',#578,.F.);
#578 = EDGE_LOOP('',(#579,#614,#642,#670));
#579 = ORIENTED_EDGE('',*,*,#580,.F.);
#580 = EDGE_CURVE('',#581,#583,#585,.T.);
#581 = VERTEX_POINT('',#582);
#582 = CARTESIAN_POINT('',(0.,-31.78879997614,236.57017697435));
#583 = VERTEX_POINT('',#584);
#584 = CARTESIAN_POINT('',(0.,751.89785375368,1.170531562025E+03));
#585 = SURFACE_CURVE('',#586,(#590,#602),.PCURVE_S1.);
#586 = LINE('',#587,#588);
#587 = CARTESIAN_POINT('',(0.,-31.78879997614,236.57017697435));
#588 = VECTOR('',#589,1.);
#589 = DIRECTION('',(0.,0.642787609687,0.766044443119));
#590 = PCURVE('',#591,#596);
#591 = PLANE('',#592);
#592 = AXIS2_PLACEMENT_3D('',#593,#594,#595);
#593 = CARTESIAN_POINT('',(0.,-31.78879997614,236.57017697435));
#594 = DIRECTION('',(1.,0.,0.));
#595 = DIRECTION('',(0.,0.642787609687,0.766044443119));
#596 = DEFINITIONAL_REPRESENTATION('',(#597),#601);
#597 = LINE('',#598,#599);
#598 = CARTESIAN_POINT('',(0.,0.));
#599 = VECTOR('',#600,1.);
#600 = DIRECTION('',(1.,0.));
#601 =(GEOMETRIC_REPRESENTATION_CONTEXT(2)PARAMETRIC_REPRESENTATION_CONTEXT()REPRESENTATION_CONTEXT('2D SPACE',''));
#602 = PCURVE('',#603,#608);
#603 = PLANE('',#604);
#604 = AXIS2_PLACEMENT_3D('',#605,#606,#607);
#605 = CARTESIAN_POINT('',(0.,-31.78879997614,236.57017697435));
#606 = DIRECTION('',(0.,0.766044443119,-0.642787609687));
#607 = DIRECTION('',(0.,0.642787609687,0.766044443119));
#608 = DEFINITIONAL_REPRESENTATION('',(#609),#613);
#609 = LINE('',#610,#611);
#610 = CARTESIAN_POINT('',(0.,0.));
#611 = VECTOR('',#612,1.);
#612 = DIRECTION('',(1.,0.));
#613 =(GEOMETRIC_REPRESENTATION_CONTEXT(2)PARAMETRIC_REPRESENTATION_CONTEXT()REPRESENTATION_CONTEXT('2D SPACE',''));
#614 = ORIENTED_EDGE('',*,*,#615,.T.);
#615 = EDGE_CURVE('',#581,#616,#618,.T.);
#616 = VERTEX_POINT('',#617);
#617 = CARTESIAN_POINT('',(0.,-18.,225.));
#618 = SURFACE_CURVE('',#619,(#623,#630),.PCURVE_S1.);
#619 = LINE('',#620,#621);
#620 = CARTESIAN_POINT('',(0.,-31.78879997614,236.57017697435));
#621 = VECTOR('',#622,1.);
#622 = DIRECTION('',(0.,0.766044443119,-0.642787609687));
#623 = PCURVE('',#591,#624);
#624 = DEFINITIONAL_REPRESENTATION('',(#625),#629);
#625 = LINE('',#626,#627);
#626 = CARTESIAN_POINT('',(0.,0.));
#627 = VECTOR('',#628,1.);
#628 = DIRECTION('',(0.,-1.));
#629 =(GEOMETRIC_REPRESENTATION_CONTEXT(2)PARAMETRIC_REPRESENTATION_CONTEXT()REPRESENTATION_CONTEXT('2D SPACE',''));
#630 = PCURVE('',#631,#636);
#631 = PLANE('',#632);
#632 = AXIS2_PLACEMENT_3D('',#633,#634,#635);
#633 = CARTESIAN_POINT('',(0.,-31.78879997614,236.57017697435));
#634 = DIRECTION('',(0.,0.642787609687,0.766044443119));
#635 = DIRECTION('',(1.,0.,0.));
#636 = DEFINITIONAL_REPRESENTATION('',(#637),#641);
#637 = LINE('',#638,#639);
#638 = CARTESIAN_POINT('',(0.,0.));
#639 = VECTOR('',#640,1.);
#640 = DIRECTION('',(0.,1.));
#641 =(GEOMETRIC_REPRESENTATION_CONTEXT(2)PARAMETRIC_REPRESENTATION_CONTEXT()REPRESENTATION_CONTEXT('2D SPACE',''));
#642 = ORIENTED_EDGE('',*,*,#643,.T.);
#643 = EDGE_CURVE('',#616,#644,#646,.T.);
#644 = VERTEX_POINT('',#645);
#645 = CARTESIAN_POINT('',(0.,765.68665372982,1.158961385051E+03));
#646 = SURFACE_CURVE('',#647,(#651,#658),.PCURVE_S1.);
#647 = LINE('',#648,#649);
#648 = CARTESIAN_POINT('',(0.,-18.,225.));
#649 = VECTOR('',#650,1.);
#650 = DIRECTION('',(0.,0.642787609687,0.766044443119));
#651 = PCURVE('',#591,#652);
#652 = DEFINITIONAL_REPRESENTATION('',(#653),#657);
#653 = LINE('',#654,#655);
#654 = CARTESIAN_POINT('',(-1.7763568394E-15,-18.));
#655 = VECTOR('',#656,1.);
#656 = DIRECTION('',(1.,0.));
#657 =(GEOMETRIC_REPRESENTATION_CONTEXT(2)PARAMETRIC_REPRESENTATION_CONTEXT()REPRESENTATION_CONTEXT('2D SPACE',''));
#658 = PCURVE('',#659,#664);
#659 = PLANE('',#660);
#660 = AXIS2_PLACEMENT_3D('',#661,#662,#663);
#661 = CARTESIAN_POINT('',(0.,-18.,225.));
#662 = DIRECTION('',(0.,0.766044443119,-0.642787609687));
#663 = DIRECTION('',(0.,0.642787609687,0.766044443119));
#664 = DEFINITIONAL_REPRESENTATION('',(#665),#669);
#665 = LINE('',#666,#667);
#666 = CARTESIAN_POINT('',(0.,0.));
#667 = VECTOR('',#668,1.);
#668 = DIRECTION('',(1.,0.));
#669 =(GEOMETRIC_REPRESENTATION_CONTEXT(2)PARAMETRIC_REPRESENTATION_CONTEXT()REPRESENTATION_CONTEXT('2D SPACE',''));
#670 = ORIENTED_EDGE('',*,*,#671,.F.);
#671 = EDGE_CURVE('',#583,#644,#672,.T.);
#672 = SURFACE_CURVE('',#673,(#677,#684),.PCURVE_S1.);
#673 = LINE('',#674,#675);
#674 = CARTESIAN_POINT('',(0.,751.89785375368,1.170531562025E+03));
#675 = VECTOR('',#676,1.);
#676 = DIRECTION('',(0.,0.766044443119,-0.642787609687));
#677 = PCURVE('',#591,#678);
#678 = DEFINITIONAL_REPRESENTATION('',(#679),#683);
#679 = LINE('',#680,#681);
#680 = CARTESIAN_POINT('',(1.2192E+03,0.));
#681 = VECTOR('',#682,1.);
#682 = DIRECTION('',(0.,-1.));
#683 =(GEOMETRIC_REPRESENTATION_CONTEXT(2)PARAMETRIC_REPRESENTATION_CONTEXT()REPRESENTATION_CONTEXT('2D SPACE',''));
#684 = PCURVE('',#685,#690);
#685 = PLANE('',#686);
#686 = AXIS2_PLACEMENT_3D('',#687,#688,#689);
#687 = CARTESIAN_POINT('',(0.,751.89785375368,1.170531562025E+03));
#688 = DIRECTION('',(0.,0.642787609687,0.766044443119));
#689 = DIRECTION('',(1.,0.,0.));
#690 = DEFINITIONAL_REPRESENTATION('',(#691),#695);
#691 = LINE('',#692,#693);
#692 = CARTESIAN_POINT('',(0.,0.));
#693 = VECTOR('',#694,1.);
#694 = DIRECTION('',(0.,1.));
#695 =(GEOMETRIC_REPRESENTATION_CONTEXT(2)PARAMETRIC_REPRESENTATION_CONTEXT()REPRESENTATION_CONTEXT('2D SPACE',''));
#696 = ADVANCED_FACE('',(#697),#711,.T.);
#697 = FACE_BOUND('',#698,.T.);
#698 = EDGE_LOOP('',(#699,#729,#752,#775));
#699 = ORIENTED_EDGE('',*,*,#700,.F.);
#700 = EDGE_CURVE('',#701,#703,#705,.T.);
#701 = VERTEX_POINT('',#702);
#702 = CARTESIAN_POINT('',(1.2192E+03,-31.78879997614,236.57017697435));
#703 = VERTEX_POINT('',#704);
#704 = CARTESIAN_POINT('',(1.2192E+03,751.89785375368,1.170531562025E+03));
#705 = SURFACE_CURVE('',#706,(#710,#722),.PCURVE_S1.);
#706 = LINE('',#707,#708);
#707 = CARTESIAN_POINT('',(1.2192E+03,-31.78879997614,236.57017697435));
#708 = VECTOR('',#709,1.);
#709 = DIRECTION('',(0.,0.642787609687,0.766044443119));
#710 = PCURVE('',#711,#716);
#711 = PLANE('',#712);
#712 = AXIS2_PLACEMENT_3D('',#713,#714,#715);
#713 = CARTESIAN_POINT('',(1.2192E+03,-31.78879997614,236.57017697435));
#714 = DIRECTION('',(1.,0.,0.));
#715 = DIRECTION('',(0.,0.642787609687,0.766044443119));
#716 = DEFINITIONAL_REPRESENTATION('',(#717),#721);
#717 = LINE('',#718,#719);
#718 = CARTESIAN_POINT('',(0.,0.));
#719 = VECTOR('',#720,1.);
#720 = DIRECTION('',(1.,0.));
#721 =(GEOMETRIC_REPRESENTATION_CONTEXT(2)PARAMETRIC_REPRESENTATION_CONTEXT()REPRESENTATION_CONTEXT('2D SPACE',''));
#722 = PCURVE('',#603,#723);
#723 = DEFINITIONAL_REPRESENTATION('',(#724),#728);
#724 = LINE('',#725,#726);
#725 = CARTESIAN_POINT('',(0.,1.2192E+03));
#726 = VECTOR('',#727,1.);
#727 = DIRECTION('',(1.,0.));
#728 =(GEOMETRIC_REPRESENTATION_CONTEXT(2)PARAMETRIC_REPRESENTATION_CONTEXT()REPRESENTATION_CONTEXT('2D SPACE',''));
#729 = ORIENTED_EDGE('',*,*,#730,.T.);
#730 = EDGE_CURVE('',#701,#731,#733,.T.);
#731 = VERTEX_POINT('',#732);
#732 = CARTESIAN_POINT('',(1.2192E+03,-18.,225.));
#733 = SURFACE_CURVE('',#734,(#738,#745),.PCURVE_S1.);
#734 = LINE('',#735,#736);
#735 = CARTESIAN_POINT('',(1.2192E+03,-31.78879997614,236.57017697435));
#736 = VECTOR('',#737,1.);
#737 = DIRECTION('',(0.,0.766044443119,-0.642787609687));
#738 = PCURVE('',#711,#739);
#739 = DEFINITIONAL_REPRESENTATION('',(#740),#744);
#740 = LINE('',#741,#742);
#741 = CARTESIAN_POINT('',(0.,0.));
#742 = VECTOR('',#743,1.);
#743 = DIRECTION('',(0.,-1.));
#744 =(GEOMETRIC_REPRESENTATION_CONTEXT(2)PARAMETRIC_REPRESENTATION_CONTEXT()REPRESENTATION_CONTEXT('2D SPACE',''));
#745 = PCURVE('',#631,#746);
#746 = DEFINITIONAL_REPRESENTATION('',(#747),#751);
#747 = LINE('',#748,#749);
#748 = CARTESIAN_POINT('',(1.2192E+03,0.));
#749 = VECTOR('',#750,1.);
#750 = DIRECTION('',(0.,1.));
#751 =(GEOMETRIC_REPRESENTATION_CONTEXT(2)PARAMETRIC_REPRESENTATION_CONTEXT()REPRESENTATION_CONTEXT('2D SPACE',''));
#752 = ORIENTED_EDGE('',*,*,#753,.T.);
#753 = EDGE_CURVE('',#731,#754,#756,.T.);
#754 = VERTEX_POINT('',#755);
#755 = CARTESIAN_POINT('',(1.2192E+03,765.68665372982,1.158961385051E+03));
#756 = SURFACE_CURVE('',#757,(#761,#768),.PCURVE_S1.);
#757 = LINE('',#758,#759);
#758 = CARTESIAN_POINT('',(1.2192E+03,-18.,225.));
#759 = VECTOR('',#760,1.);
#760 = DIRECTION('',(0.,0.642787609687,0.766044443119));
#761 = PCURVE('',#711,#762);
#762 = DEFINITIONAL_REPRESENTATION('',(#763),#767);
#763 = LINE('',#764,#765);
#764 = CARTESIAN_POINT('',(-1.7763568394E-15,-18.));
#765 = VECTOR('',#766,1.);
#766 = DIRECTION('',(1.,0.));
#767 =(GEOMETRIC_REPRESENTATION_CONTEXT(2)PARAMETRIC_REPRESENTATION_CONTEXT()REPRESENTATION_CONTEXT('2D SPACE',''));
#768 = PCURVE('',#659,#769);
#769 = DEFINITIONAL_REPRESENTATION('',(#770),#774);
#770 = LINE('',#771,#772);
#771 = CARTESIAN_POINT('',(0.,1.2192E+03));
#772 = VECTOR('',#773,1.);
#773 = DIRECTION('',(1.,0.));
#774 =(GEOMETRIC_REPRESENTATION_CONTEXT(2)PARAMETRIC_REPRESENTATION_CONTEXT()REPRESENTATION_CONTEXT('2D SPACE',''));
#775 = ORIENTED_EDGE('',*,*,#776,.F.);
#776 = EDGE_CURVE('',#703,#754,#777,.T.);
#777 = SURFACE_CURVE('',#778,(#782,#789),.PCURVE_S1.);
#778 = LINE('',#779,#780);
#779 = CARTESIAN_POINT('',(1.2192E+03,751.89785375368,1.170531562025E+03));
#780 = VECTOR('',#781,1.);
#781 = DIRECTION('',(0.,0.766044443119,-0.642787609687));
#782 = PCURVE('',#711,#783);
#783 = DEFINITIONAL_REPRESENTATION('',(#784),#788);
#784 = LINE('',#785,#786);
#785 = CARTESIAN_POINT('',(1.2192E+03,0.));
#786 = VECTOR('',#787,1.);
#787 = DIRECTION('',(0.,-1.));
#788 =(GEOMETRIC_REPRESENTATION_CONTEXT(2)PARAMETRIC_REPRESENTATION_CONTEXT()REPRESENTATION_CONTEXT('2D SPACE',''));
#789 = PCURVE('',#685,#790);
#790 = DEFINITIONAL_REPRESENTATION('',(#791),#795);
#791 = LINE('',#792,#793);
#792 = CARTESIAN_POINT('',(1.2192E+03,0.));
#793 = VECTOR('',#794,1.);
#794 = DIRECTION('',(0.,1.));
#795 =(GEOMETRIC_REPRESENTATION_CONTEXT(2)PARAMETRIC_REPRESENTATION_CONTEXT()REPRESENTATION_CONTEXT('2D SPACE',''));
#796 = ADVANCED_FACE('',(#797),#603,.F.);
#797 = FACE_BOUND('',#798,.F.);
#798 = EDGE_LOOP('',(#799,#820,#821,#842));
#799 = ORIENTED_EDGE('',*,*,#800,.F.);
#800 = EDGE_CURVE('',#581,#701,#801,.T.);
#801 = SURFACE_CURVE('',#802,(#806,#813),.PCURVE_S1.);
#802 = LINE('',#803,#804);
#803 = CARTESIAN_POINT('',(0.,-31.78879997614,236.57017697435));
#804 = VECTOR('',#805,1.);
#805 = DIRECTION('',(1.,0.,0.));
#806 = PCURVE('',#603,#807);
#807 = DEFINITIONAL_REPRESENTATION('',(#808),#812);
#808 = LINE('',#809,#810);
#809 = CARTESIAN_POINT('',(0.,0.));
#810 = VECTOR('',#811,1.);
#811 = DIRECTION('',(0.,1.));
#812 =(GEOMETRIC_REPRESENTATION_CONTEXT(2)PARAMETRIC_REPRESENTATION_CONTEXT()REPRESENTATION_CONTEXT('2D SPACE',''));
#813 = PCURVE('',#631,#814);
#814 = DEFINITIONAL_REPRESENTATION('',(#815),#819);
#815 = LINE('',#816,#817);
#816 = CARTESIAN_POINT('',(0.,0.));
#817 = VECTOR('',#818,1.);
#818 = DIRECTION('',(1.,0.));
#819 =(GEOMETRIC_REPRESENTATION_CONTEXT(2)PARAMETRIC_REPRESENTATION_CONTEXT()REPRESENTATION_CONTEXT('2D SPACE',''));
#820 = ORIENTED_EDGE('',*,*,#580,.T.);
#821 = ORIENTED_EDGE('',*,*,#822,.T.);
#822 = EDGE_CURVE('',#583,#703,#823,.T.);
#823 = SURFACE_CURVE('',#824,(#828,#835),.PCURVE_S1.);
#824 = LINE('',#825,#826);
#825 = CARTESIAN_POINT('',(0.,751.89785375368,1.170531562025E+03));
#826 = VECTOR('',#827,1.);
#827 = DIRECTION('',(1.,0.,0.));
#828 = PCURVE('',#603,#829);
#829 = DEFINITIONAL_REPRESENTATION('',(#830),#834);
#830 = LINE('',#831,#832);
#831 = CARTESIAN_POINT('',(1.2192E+03,0.));
#832 = VECTOR('',#833,1.);
#833 = DIRECTION('',(0.,1.));
#834 =(GEOMETRIC_REPRESENTATION_CONTEXT(2)PARAMETRIC_REPRESENTATION_CONTEXT()REPRESENTATION_CONTEXT('2D SPACE',''));
#835 = PCURVE('',#685,#836);
#836 = DEFINITIONAL_REPRESENTATION('',(#837),#841);
#837 = LINE('',#838,#839);
#838 = CARTESIAN_POINT('',(0.,0.));
#839 = VECTOR('',#840,1.);
#840 = DIRECTION('',(1.,0.));
#841 =(GEOMETRIC_REPRESENTATION_CONTEXT(2)PARAMETRIC_REPRESENTATION_CONTEXT()REPRESENTATION_CONTEXT('2D SPACE',''));
#842 = ORIENTED_EDGE('',*,*,#700,.F.);
#843 = ADVANCED_FACE('',(#844),#659,.T.);
#844 = FACE_BOUND('',#845,.T.);
#845 = EDGE_LOOP('',(#846,#867,#868,#889));
#846 = ORIENTED_EDGE('',*,*,#847,.F.);
#847 = EDGE_CURVE('',#616,#731,#848,.T.);
#848 = SURFACE_CURVE('',#849,(#853,#860),.PCURVE_S1.);
#849 = LINE('',#850,#851);
#850 = CARTESIAN_POINT('',(0.,-18.,225.));
#851 = VECTOR('',#852,1.);
#852 = DIRECTION('',(1.,0.,0.));
#853 = PCURVE('',#659,#854);
#854 = DEFINITIONAL_REPRESENTATION('',(#855),#859);
#855 = LINE('',#856,#857);
#856 = CARTESIAN_POINT('',(0.,0.));
#857 = VECTOR('',#858,1.);
#858 = DIRECTION('',(0.,1.));
#859 =(GEOMETRIC_REPRESENTATION_CONTEXT(2)PARAMETRIC_REPRESENTATION_CONTEXT()REPRESENTATION_CONTEXT('2D SPACE',''));
#860 = PCURVE('',#631,#861);
#861 = DEFINITIONAL_REPRESENTATION('',(#862),#866);
#862 = LINE('',#863,#864);
#863 = CARTESIAN_POINT('',(0.,18.));
#864 = VECTOR('',#865,1.);
#865 = DIRECTION('',(1.,0.));
#866 =(GEOMETRIC_REPRESENTATION_CONTEXT(2)PARAMETRIC_REPRESENTATION_CONTEXT()REPRESENTATION_CONTEXT('2D SPACE',''));
#867 = ORIENTED_EDGE('',*,*,#643,.T.);
#868 = ORIENTED_EDGE('',*,*,#869,.T.);
#869 = EDGE_CURVE('',#644,#754,#870,.T.);
#870 = SURFACE_CURVE('',#871,(#875,#882),.PCURVE_S1.);
#871 = LINE('',#872,#873);
#872 = CARTESIAN_POINT('',(0.,765.68665372982,1.158961385051E+03));
#873 = VECTOR('',#874,1.);
#874 = DIRECTION('',(1.,0.,0.));
#875 = PCURVE('',#659,#876);
#876 = DEFINITIONAL_REPRESENTATION('',(#877),#881);
#877 = LINE('',#878,#879);
#878 = CARTESIAN_POINT('',(1.2192E+03,0.));
#879 = VECTOR('',#880,1.);
#880 = DIRECTION('',(0.,1.));
#881 =(GEOMETRIC_REPRESENTATION_CONTEXT(2)PARAMETRIC_REPRESENTATION_CONTEXT()REPRESENTATION_CONTEXT('2D SPACE',''));
#882 = PCURVE('',#685,#883);
#883 = DEFINITIONAL_REPRESENTATION('',(#884),#888);
#884 = LINE('',#885,#886);
#885 = CARTESIAN_POINT('',(0.,18.));
#886 = VECTOR('',#887,1.);
#887 = DIRECTION('',(1.,0.));
#888 =(GEOMETRIC_REPRESENTATION_CONTEXT(2)PARAMETRIC_REPRESENTATION_CONTEXT()REPRESENTATION_CONTEXT('2D SPACE',''));
#889 = ORIENTED_EDGE('',*,*,#753,.F.);
#890 = ADVANCED_FACE('',(#891),#631,.F.);
#891 = FACE_BOUND('',#892,.F.);
#892 = EDGE_LOOP('',(#893,#894,#895,#896));
#893 = ORIENTED_EDGE('',*,*,#615,.F.);
#894 = ORIENTED_EDGE('',*,*,#800,.T.);
#895 = ORIENTED_EDGE('',*,*,#730,.T.);
#896 = ORIENTED_EDGE('',*,*,#847,.F.);
#897 = ADVANCED_FACE('',(#898),#685,.T.);
#898 = FACE_BOUND('',#899,.T.);
#899 = EDGE_LOOP('',(#900,#901,#902,#903));
#900 = ORIENTED_EDGE('',*,*,#671,.F.);
#901 = ORIENTED_EDGE('',*,*,#822,.T.);
#902 = ORIENTED_EDGE('',*,*,#776,.T.);
#903 = ORIENTED_EDGE('',*,*,#869,.F.);
#904 =(GEOMETRIC_REPRESENTATION_CONTEXT(3)GLOBAL_UNCERTAINTY_ASSIGNED_CONTEXT((#908))GLOBAL_UNIT_ASSIGNED_CONTEXT((#905,#906,#907))REPRESENTATION_CONTEXT('Context #1','3D Context with UNIT and UNCERTAINTY'));
#905 =(LENGTH_UNIT()NAMED_UNIT(*)SI_UNIT(.MILLI.,.METRE.));
#906 =(NAMED_UNIT(*)PLANE_ANGLE_UNIT()SI_UNIT($,.RADIAN.));
#907 =(NAMED_UNIT(*)SI_UNIT($,.STERADIAN.)SOLID_ANGLE_UNIT());
#908 = UNCERTAINTY_MEASURE_WITH_UNIT(LENGTH_MEASURE(1.E-07),#905,'distance_accuracy_value','confusion accuracy');
#909 = CONTEXT_DEPENDENT_SHAPE_REPRESENTATION(#910,#912);
#910 =(REPRESENTATION_RELATIONSHIP('','',#573,#10)REPRESENTATION_RELATIONSHIP_WITH_TRANSFORMATION(#911)SHAPE_REPRESENTATION_RELATIONSHIP());
#911 = ITEM_DEFINED_TRANSFORMATION('','',#11,#19);
#912 = PRODUCT_DEFINITION_SHAPE('Placement','Placement of an item',#913);
#913 = NEXT_ASSEMBLY_USAGE_OCCURRENCE('2','main_lower_right','',#5,#568,$);
#914 = PRODUCT_RELATED_PRODUCT_CATEGORY('part',$,(#570));
#915 = SHAPE_DEFINITION_REPRESENTATION(#916,#922);
#916 = PRODUCT_DEFINITION_SHAPE('','',#917);
#917 = PRODUCT_DEFINITION('design','',#918,#921);
#918 = PRODUCT_DEFINITION_FORMATION('','',#919);
#919 = PRODUCT('main_upper_left','main_upper_left','',(#920));
#920 = PRODUCT_CONTEXT('',#2,'mechanical');
#921 = PRODUCT_DEFINITION_CONTEXT('part definition',#2,'design');
#922 = ADVANCED_BREP_SHAPE_REPRESENTATION('',(#11,#923),#1253);
#923 = MANIFOLD_SOLID_BREP('',#924);
#924 = CLOSED_SHELL('',(#925,#1045,#1145,#1192,#1239,#1246));
#925 = ADVANCED_FACE('',(#926),#940,.F.);
#926 = FACE_BOUND('',#927,.F.);
#927 = EDGE_LOOP('',(#928,#963,#991,#1019));
#928 = ORIENTED_EDGE('',*,*,#929,.F.);
#929 = EDGE_CURVE('',#930,#932,#934,.T.);
#930 = VERTEX_POINT('',#931);
#931 = CARTESIAN_POINT('',(-1.2192E+03,751.89785375368,1.170531562025E+03));
#932 = VERTEX_POINT('',#933);
#933 = CARTESIAN_POINT('',(-1.2192E+03,1.535584507484E+03,2.104492947076E+03));
#934 = SURFACE_CURVE('',#935,(#939,#951),.PCURVE_S1.);
#935 = LINE('',#936,#937);
#936 = CARTESIAN_POINT('',(-1.2192E+03,751.89785375368,1.170531562025E+03));
#937 = VECTOR('',#938,1.);
#938 = DIRECTION('',(0.,0.642787609687,0.766044443119));
#939 = PCURVE('',#940,#945);
#940 = PLANE('',#941);
#941 = AXIS2_PLACEMENT_3D('',#942,#943,#944);
#942 = CARTESIAN_POINT('',(-1.2192E+03,751.89785375368,1.170531562025E+03));
#943 = DIRECTION('',(1.,0.,0.));
#944 = DIRECTION('',(0.,0.642787609687,0.766044443119));
#945 = DEFINITIONAL_REPRESENTATION('',(#946),#950);
#946 = LINE('',#947,#948);
#947 = CARTESIAN_POINT('',(0.,0.));
#948 = VECTOR('',#949,1.);
#949 = DIRECTION('',(1.,0.));
#950 =(GEOMETRIC_REPRESENTATION_CONTEXT(2)PARAMETRIC_REPRESENTATION_CONTEXT()REPRESENTATION_CONTEXT('2D SPACE',''));
#951 = PCURVE('',#952,#957);
#952 = PLANE('',#953);
#953 = AXIS2_PLACEMENT_3D('',#954,#955,#956);
#954 = CARTESIAN_POINT('',(-1.2192E+03,751.89785375368,1.170531562025E+03));
#955 = DIRECTION('',(0.,0.766044443119,-0.642787609687));
#956 = DIRECTION('',(0.,0.642787609687,0.766044443119));
#957 = DEFINITIONAL_REPRESENTATION('',(#958),#962);
#958 = LINE('',#959,#960);
#959 = CARTESIAN_POINT('',(0.,0.));
#960 = VECTOR('',#961,1.);
#961 = DIRECTION('',(1.,0.));
#962 =(GEOMETRIC_REPRESENTATION_CONTEXT(2)PARAMETRIC_REPRESENTATION_CONTEXT()REPRESENTATION_CONTEXT('2D SPACE',''));
#963 = ORIENTED_EDGE('',*,*,#964,.T.);
#964 = EDGE_CURVE('',#930,#965,#967,.T.);
#965 = VERTEX_POINT('',#966);
#966 = CARTESIAN_POINT('',(-1.2192E+03,765.68665372982,1.158961385051E+03));
#967 = SURFACE_CURVE('',#968,(#972,#979),.PCURVE_S1.);
#968 = LINE('',#969,#970);
#969 = CARTESIAN_POINT('',(-1.2192E+03,751.89785375368,1.170531562025E+03));
#970 = VECTOR('',#971,1.);
#971 = DIRECTION('',(0.,0.766044443119,-0.642787609687));
#972 = PCURVE('',#940,#973);
#973 = DEFINITIONAL_REPRESENTATION('',(#974),#978);
#974 = LINE('',#975,#976);
#975 = CARTESIAN_POINT('',(0.,0.));
#976 = VECTOR('',#977,1.);
#977 = DIRECTION('',(0.,-1.));
#978 =(GEOMETRIC_REPRESENTATION_CONTEXT(2)PARAMETRIC_REPRESENTATION_CONTEXT()REPRESENTATION_CONTEXT('2D SPACE',''));
#979 = PCURVE('',#980,#985);
#980 = PLANE('',#981);
#981 = AXIS2_PLACEMENT_3D('',#982,#983,#984);
#982 = CARTESIAN_POINT('',(-1.2192E+03,751.89785375368,1.170531562025E+03));
#983 = DIRECTION('',(0.,0.642787609687,0.766044443119));
#984 = DIRECTION('',(1.,0.,0.));
#985 = DEFINITIONAL_REPRESENTATION('',(#986),#990);
#986 = LINE('',#987,#988);
#987 = CARTESIAN_POINT('',(0.,0.));
#988 = VECTOR('',#989,1.);
#989 = DIRECTION('',(0.,1.));
#990 =(GEOMETRIC_REPRESENTATION_CONTEXT(2)PARAMETRIC_REPRESENTATION_CONTEXT()REPRESENTATION_CONTEXT('2D SPACE',''));
#991 = ORIENTED_EDGE('',*,*,#992,.T.);
#992 = EDGE_CURVE('',#965,#993,#995,.T.);
#993 = VERTEX_POINT('',#994);
#994 = CARTESIAN_POINT('',(-1.2192E+03,1.54937330746E+03,2.092922770101E+03));
#995 = SURFACE_CURVE('',#996,(#1000,#1007),.PCURVE_S1.);
#996 = LINE('',#997,#998);
#997 = CARTESIAN_POINT('',(-1.2192E+03,765.68665372982,1.158961385051E+03));
#998 = VECTOR('',#999,1.);
#999 = DIRECTION('',(0.,0.642787609687,0.766044443119));
#1000 = PCURVE('',#940,#1001);
#1001 = DEFINITIONAL_REPRESENTATION('',(#1002),#1006);
#1002 = LINE('',#1003,#1004);
#1003 = CARTESIAN_POINT('',(-4.440892098501E-14,-18.));
#1004 = VECTOR('',#1005,1.);
#1005 = DIRECTION('',(1.,0.));
#1006 =(GEOMETRIC_REPRESENTATION_CONTEXT(2)PARAMETRIC_REPRESENTATION_CONTEXT()REPRESENTATION_CONTEXT('2D SPACE',''));
#1007 = PCURVE('',#1008,#1013);
#1008 = PLANE('',#1009);
#1009 = AXIS2_PLACEMENT_3D('',#1010,#1011,#1012);
#1010 = CARTESIAN_POINT('',(-1.2192E+03,765.68665372982,1.158961385051E+03));
#1011 = DIRECTION('',(0.,0.766044443119,-0.642787609687));
#1012 = DIRECTION('',(0.,0.642787609687,0.766044443119));
#1013 = DEFINITIONAL_REPRESENTATION('',(#1014),#1018);
#1014 = LINE('',#1015,#1016);
#1015 = CARTESIAN_POINT('',(0.,0.));
#1016 = VECTOR('',#1017,1.);
#1017 = DIRECTION('',(1.,0.));
#1018 =(GEOMETRIC_REPRESENTATION_CONTEXT(2)PARAMETRIC_REPRESENTATION_CONTEXT()REPRESENTATION_CONTEXT('2D SPACE',''));
#1019 = ORIENTED_EDGE('',*,*,#1020,.F.);
#1020 = EDGE_CURVE('',#932,#993,#1021,.T.);
#1021 = SURFACE_CURVE('',#1022,(#1026,#1033),.PCURVE_S1.);
#1022 = LINE('',#1023,#1024);
#1023 = CARTESIAN_POINT('',(-1.2192E+03,1.535584507484E+03,2.104492947076E+03));
#1024 = VECTOR('',#1025,1.);
#1025 = DIRECTION('',(0.,0.766044443119,-0.642787609687));
#1026 = PCURVE('',#940,#1027);
#1027 = DEFINITIONAL_REPRESENTATION('',(#1028),#1032);
#1028 = LINE('',#1029,#1030);
#1029 = CARTESIAN_POINT('',(1.2192E+03,1.136868377216E-13));
#1030 = VECTOR('',#1031,1.);
#1031 = DIRECTION('',(0.,-1.));
#1032 =(GEOMETRIC_REPRESENTATION_CONTEXT(2)PARAMETRIC_REPRESENTATION_CONTEXT()REPRESENTATION_CONTEXT('2D SPACE',''));
#1033 = PCURVE('',#1034,#1039);
#1034 = PLANE('',#1035);
#1035 = AXIS2_PLACEMENT_3D('',#1036,#1037,#1038);
#1036 = CARTESIAN_POINT('',(-1.2192E+03,1.535584507484E+03,2.104492947076E+03));
#1037 = DIRECTION('',(0.,0.642787609687,0.766044443119));
#1038 = DIRECTION('',(1.,0.,0.));
#1039 = DEFINITIONAL_REPRESENTATION('',(#1040),#1044);
#1040 = LINE('',#1041,#1042);
#1041 = CARTESIAN_POINT('',(0.,0.));
#1042 = VECTOR('',#1043,1.);
#1043 = DIRECTION('',(0.,1.));
#1044 =(GEOMETRIC_REPRESENTATION_CONTEXT(2)PARAMETRIC_REPRESENTATION_CONTEXT()REPRESENTATION_CONTEXT('2D SPACE',''));
#1045 = ADVANCED_FACE('',(#1046),#1060,.T.);
#1046 = FACE_BOUND('',#1047,.T.);
#1047 = EDGE_LOOP('',(#1048,#1078,#1101,#1124));
#1048 = ORIENTED_EDGE('',*,*,#1049,.F.);
#1049 = EDGE_CURVE('',#1050,#1052,#1054,.T.);
#1050 = VERTEX_POINT('',#1051);
#1051 = CARTESIAN_POINT('',(0.,751.89785375368,1.170531562025E+03));
#1052 = VERTEX_POINT('',#1053);
#1053 = CARTESIAN_POINT('',(0.,1.535584507484E+03,2.104492947076E+03));
#1054 = SURFACE_CURVE('',#1055,(#1059,#1071),.PCURVE_S1.);
#1055 = LINE('',#1056,#1057);
#1056 = CARTESIAN_POINT('',(0.,751.89785375368,1.170531562025E+03));
#1057 = VECTOR('',#1058,1.);
#1058 = DIRECTION('',(0.,0.642787609687,0.766044443119));
#1059 = PCURVE('',#1060,#1065);
#1060 = PLANE('',#1061);
#1061 = AXIS2_PLACEMENT_3D('',#1062,#1063,#1064);
#1062 = CARTESIAN_POINT('',(0.,751.89785375368,1.170531562025E+03));
#1063 = DIRECTION('',(1.,0.,0.));
#1064 = DIRECTION('',(0.,0.642787609687,0.766044443119));
#1065 = DEFINITIONAL_REPRESENTATION('',(#1066),#1070);
#1066 = LINE('',#1067,#1068);
#1067 = CARTESIAN_POINT('',(0.,0.));
#1068 = VECTOR('',#1069,1.);
#1069 = DIRECTION('',(1.,0.));
#1070 =(GEOMETRIC_REPRESENTATION_CONTEXT(2)PARAMETRIC_REPRESENTATION_CONTEXT()REPRESENTATION_CONTEXT('2D SPACE',''));
#1071 = PCURVE('',#952,#1072);
#1072 = DEFINITIONAL_REPRESENTATION('',(#1073),#1077);
#1073 = LINE('',#1074,#1075);
#1074 = CARTESIAN_POINT('',(0.,1.2192E+03));
#1075 = VECTOR('',#1076,1.);
#1076 = DIRECTION('',(1.,0.));
#1077 =(GEOMETRIC_REPRESENTATION_CONTEXT(2)PARAMETRIC_REPRESENTATION_CONTEXT()REPRESENTATION_CONTEXT('2D SPACE',''));
#1078 = ORIENTED_EDGE('',*,*,#1079,.T.);
#1079 = EDGE_CURVE('',#1050,#1080,#1082,.T.);
#1080 = VERTEX_POINT('',#1081);
#1081 = CARTESIAN_POINT('',(0.,765.68665372982,1.158961385051E+03));
#1082 = SURFACE_CURVE('',#1083,(#1087,#1094),.PCURVE_S1.);
#1083 = LINE('',#1084,#1085);
#1084 = CARTESIAN_POINT('',(0.,751.89785375368,1.170531562025E+03));
#1085 = VECTOR('',#1086,1.);
#1086 = DIRECTION('',(0.,0.766044443119,-0.642787609687));
#1087 = PCURVE('',#1060,#1088);
#1088 = DEFINITIONAL_REPRESENTATION('',(#1089),#1093);
#1089 = LINE('',#1090,#1091);
#1090 = CARTESIAN_POINT('',(0.,0.));
#1091 = VECTOR('',#1092,1.);
#1092 = DIRECTION('',(0.,-1.));
#1093 =(GEOMETRIC_REPRESENTATION_CONTEXT(2)PARAMETRIC_REPRESENTATION_CONTEXT()REPRESENTATION_CONTEXT('2D SPACE',''));
#1094 = PCURVE('',#980,#1095);
#1095 = DEFINITIONAL_REPRESENTATION('',(#1096),#1100);
#1096 = LINE('',#1097,#1098);
#1097 = CARTESIAN_POINT('',(1.2192E+03,0.));
#1098 = VECTOR('',#1099,1.);
#1099 = DIRECTION('',(0.,1.));
#1100 =(GEOMETRIC_REPRESENTATION_CONTEXT(2)PARAMETRIC_REPRESENTATION_CONTEXT()REPRESENTATION_CONTEXT('2D SPACE',''));
#1101 = ORIENTED_EDGE('',*,*,#1102,.T.);
#1102 = EDGE_CURVE('',#1080,#1103,#1105,.T.);
#1103 = VERTEX_POINT('',#1104);
#1104 = CARTESIAN_POINT('',(0.,1.54937330746E+03,2.092922770101E+03));
#1105 = SURFACE_CURVE('',#1106,(#1110,#1117),.PCURVE_S1.);
#1106 = LINE('',#1107,#1108);
#1107 = CARTESIAN_POINT('',(0.,765.68665372982,1.158961385051E+03));
#1108 = VECTOR('',#1109,1.);
#1109 = DIRECTION('',(0.,0.642787609687,0.766044443119));
#1110 = PCURVE('',#1060,#1111);
#1111 = DEFINITIONAL_REPRESENTATION('',(#1112),#1116);
#1112 = LINE('',#1113,#1114);
#1113 = CARTESIAN_POINT('',(-4.440892098501E-14,-18.));
#1114 = VECTOR('',#1115,1.);
#1115 = DIRECTION('',(1.,0.));
#1116 =(GEOMETRIC_REPRESENTATION_CONTEXT(2)PARAMETRIC_REPRESENTATION_CONTEXT()REPRESENTATION_CONTEXT('2D SPACE',''));
#1117 = PCURVE('',#1008,#1118);
#1118 = DEFINITIONAL_REPRESENTATION('',(#1119),#1123);
#1119 = LINE('',#1120,#1121);
#1120 = CARTESIAN_POINT('',(0.,1.2192E+03));
#1121 = VECTOR('',#1122,1.);
#1122 = DIRECTION('',(1.,0.));
#1123 =(GEOMETRIC_REPRESENTATION_CONTEXT(2)PARAMETRIC_REPRESENTATION_CONTEXT()REPRESENTATION_CONTEXT('2D SPACE',''));
#1124 = ORIENTED_EDGE('',*,*,#1125,.F.);
#1125 = EDGE_CURVE('',#1052,#1103,#1126,.T.);
#1126 = SURFACE_CURVE('',#1127,(#1131,#1138),.PCURVE_S1.);
#1127 = LINE('',#1128,#1129);
#1128 = CARTESIAN_POINT('',(0.,1.535584507484E+03,2.104492947076E+03));
#1129 = VECTOR('',#1130,1.);
#1130 = DIRECTION('',(0.,0.766044443119,-0.642787609687));
#1131 = PCURVE('',#1060,#1132);
#1132 = DEFINITIONAL_REPRESENTATION('',(#1133),#1137);
#1133 = LINE('',#1134,#1135);
#1134 = CARTESIAN_POINT('',(1.2192E+03,1.136868377216E-13));
#1135 = VECTOR('',#1136,1.);
#1136 = DIRECTION('',(0.,-1.));
#1137 =(GEOMETRIC_REPRESENTATION_CONTEXT(2)PARAMETRIC_REPRESENTATION_CONTEXT()REPRESENTATION_CONTEXT('2D SPACE',''));
#1138 = PCURVE('',#1034,#1139);
#1139 = DEFINITIONAL_REPRESENTATION('',(#1140),#1144);
#1140 = LINE('',#1141,#1142);
#1141 = CARTESIAN_POINT('',(1.2192E+03,0.));
#1142 = VECTOR('',#1143,1.);
#1143 = DIRECTION('',(0.,1.));
#1144 =(GEOMETRIC_REPRESENTATION_CONTEXT(2)PARAMETRIC_REPRESENTATION_CONTEXT()REPRESENTATION_CONTEXT('2D SPACE',''));
#1145 = ADVANCED_FACE('',(#1146),#952,.F.);
#1146 = FACE_BOUND('',#1147,.F.);
#1147 = EDGE_LOOP('',(#1148,#1169,#1170,#1191));
#1148 = ORIENTED_EDGE('',*,*,#1149,.F.);
#1149 = EDGE_CURVE('',#930,#1050,#1150,.T.);
#1150 = SURFACE_CURVE('',#1151,(#1155,#1162),.PCURVE_S1.);
#1151 = LINE('',#1152,#1153);
#1152 = CARTESIAN_POINT('',(-1.2192E+03,751.89785375368,1.170531562025E+03));
#1153 = VECTOR('',#1154,1.);
#1154 = DIRECTION('',(1.,0.,0.));
#1155 = PCURVE('',#952,#1156);
#1156 = DEFINITIONAL_REPRESENTATION('',(#1157),#1161);
#1157 = LINE('',#1158,#1159);
#1158 = CARTESIAN_POINT('',(0.,0.));
#1159 = VECTOR('',#1160,1.);
#1160 = DIRECTION('',(0.,1.));
#1161 =(GEOMETRIC_REPRESENTATION_CONTEXT(2)PARAMETRIC_REPRESENTATION_CONTEXT()REPRESENTATION_CONTEXT('2D SPACE',''));
#1162 = PCURVE('',#980,#1163);
#1163 = DEFINITIONAL_REPRESENTATION('',(#1164),#1168);
#1164 = LINE('',#1165,#1166);
#1165 = CARTESIAN_POINT('',(0.,0.));
#1166 = VECTOR('',#1167,1.);
#1167 = DIRECTION('',(1.,0.));
#1168 =(GEOMETRIC_REPRESENTATION_CONTEXT(2)PARAMETRIC_REPRESENTATION_CONTEXT()REPRESENTATION_CONTEXT('2D SPACE',''));
#1169 = ORIENTED_EDGE('',*,*,#929,.T.);
#1170 = ORIENTED_EDGE('',*,*,#1171,.T.);
#1171 = EDGE_CURVE('',#932,#1052,#1172,.T.);
#1172 = SURFACE_CURVE('',#1173,(#1177,#1184),.PCURVE_S1.);
#1173 = LINE('',#1174,#1175);
#1174 = CARTESIAN_POINT('',(-1.2192E+03,1.535584507484E+03,2.104492947076E+03));
#1175 = VECTOR('',#1176,1.);
#1176 = DIRECTION('',(1.,0.,0.));
#1177 = PCURVE('',#952,#1178);
#1178 = DEFINITIONAL_REPRESENTATION('',(#1179),#1183);
#1179 = LINE('',#1180,#1181);
#1180 = CARTESIAN_POINT('',(1.2192E+03,0.));
#1181 = VECTOR('',#1182,1.);
#1182 = DIRECTION('',(0.,1.));
#1183 =(GEOMETRIC_REPRESENTATION_CONTEXT(2)PARAMETRIC_REPRESENTATION_CONTEXT()REPRESENTATION_CONTEXT('2D SPACE',''));
#1184 = PCURVE('',#1034,#1185);
#1185 = DEFINITIONAL_REPRESENTATION('',(#1186),#1190);
#1186 = LINE('',#1187,#1188);
#1187 = CARTESIAN_POINT('',(0.,0.));
#1188 = VECTOR('',#1189,1.);
#1189 = DIRECTION('',(1.,0.));
#1190 =(GEOMETRIC_REPRESENTATION_CONTEXT(2)PARAMETRIC_REPRESENTATION_CONTEXT()REPRESENTATION_CONTEXT('2D SPACE',''));
#1191 = ORIENTED_EDGE('',*,*,#1049,.F.);
#1192 = ADVANCED_FACE('',(#1193),#1008,.T.);
#1193 = FACE_BOUND('',#1194,.T.);
#1194 = EDGE_LOOP('',(#1195,#1216,#1217,#1238));
#1195 = ORIENTED_EDGE('',*,*,#1196,.F.);
#1196 = EDGE_CURVE('',#965,#1080,#1197,.T.);
#1197 = SURFACE_CURVE('',#1198,(#1202,#1209),.PCURVE_S1.);
#1198 = LINE('',#1199,#1200);
#1199 = CARTESIAN_POINT('',(-1.2192E+03,765.68665372982,1.158961385051E+03));
#1200 = VECTOR('',#1201,1.);
#1201 = DIRECTION('',(1.,0.,0.));
#1202 = PCURVE('',#1008,#1203);
#1203 = DEFINITIONAL_REPRESENTATION('',(#1204),#1208);
#1204 = LINE('',#1205,#1206);
#1205 = CARTESIAN_POINT('',(0.,0.));
#1206 = VECTOR('',#1207,1.);
#1207 = DIRECTION('',(0.,1.));
#1208 =(GEOMETRIC_REPRESENTATION_CONTEXT(2)PARAMETRIC_REPRESENTATION_CONTEXT()REPRESENTATION_CONTEXT('2D SPACE',''));
#1209 = PCURVE('',#980,#1210);
#1210 = DEFINITIONAL_REPRESENTATION('',(#1211),#1215);
#1211 = LINE('',#1212,#1213);
#1212 = CARTESIAN_POINT('',(0.,18.));
#1213 = VECTOR('',#1214,1.);
#1214 = DIRECTION('',(1.,0.));
#1215 =(GEOMETRIC_REPRESENTATION_CONTEXT(2)PARAMETRIC_REPRESENTATION_CONTEXT()REPRESENTATION_CONTEXT('2D SPACE',''));
#1216 = ORIENTED_EDGE('',*,*,#992,.T.);
#1217 = ORIENTED_EDGE('',*,*,#1218,.T.);
#1218 = EDGE_CURVE('',#993,#1103,#1219,.T.);
#1219 = SURFACE_CURVE('',#1220,(#1224,#1231),.PCURVE_S1.);
#1220 = LINE('',#1221,#1222);
#1221 = CARTESIAN_POINT('',(-1.2192E+03,1.54937330746E+03,2.092922770101E+03));
#1222 = VECTOR('',#1223,1.);
#1223 = DIRECTION('',(1.,0.,0.));
#1224 = PCURVE('',#1008,#1225);
#1225 = DEFINITIONAL_REPRESENTATION('',(#1226),#1230);
#1226 = LINE('',#1227,#1228);
#1227 = CARTESIAN_POINT('',(1.2192E+03,0.));
#1228 = VECTOR('',#1229,1.);
#1229 = DIRECTION('',(0.,1.));
#1230 =(GEOMETRIC_REPRESENTATION_CONTEXT(2)PARAMETRIC_REPRESENTATION_CONTEXT()REPRESENTATION_CONTEXT('2D SPACE',''));
#1231 = PCURVE('',#1034,#1232);
#1232 = DEFINITIONAL_REPRESENTATION('',(#1233),#1237);
#1233 = LINE('',#1234,#1235);
#1234 = CARTESIAN_POINT('',(0.,18.));
#1235 = VECTOR('',#1236,1.);
#1236 = DIRECTION('',(1.,0.));
#1237 =(GEOMETRIC_REPRESENTATION_CONTEXT(2)PARAMETRIC_REPRESENTATION_CONTEXT()REPRESENTATION_CONTEXT('2D SPACE',''));
#1238 = ORIENTED_EDGE('',*,*,#1102,.F.);
#1239 = ADVANCED_FACE('',(#1240),#980,.F.);
#1240 = FACE_BOUND('',#1241,.F.);
#1241 = EDGE_LOOP('',(#1242,#1243,#1244,#1245));
#1242 = ORIENTED_EDGE('',*,*,#964,.F.);
#1243 = ORIENTED_EDGE('',*,*,#1149,.T.);
#1244 = ORIENTED_EDGE('',*,*,#1079,.T.);
#1245 = ORIENTED_EDGE('',*,*,#1196,.F.);
#1246 = ADVANCED_FACE('',(#1247),#1034,.T.);
#1247 = FACE_BOUND('',#1248,.T.);
#1248 = EDGE_LOOP('',(#1249,#1250,#1251,#1252));
#1249 = ORIENTED_EDGE('',*,*,#1020,.F.);
#1250 = ORIENTED_EDGE('',*,*,#1171,.T.);
#1251 = ORIENTED_EDGE('',*,*,#1125,.T.);
#1252 = ORIENTED_EDGE('',*,*,#1218,.F.);
#1253 =(GEOMETRIC_REPRESENTATION_CONTEXT(3)GLOBAL_UNCERTAINTY_ASSIGNED_CONTEXT((#1257))GLOBAL_UNIT_ASSIGNED_CONTEXT((#1254,#1255,#1256))REPRESENTATION_CONTEXT('Context #1','3D Context with UNIT and UNCERTAINTY'));
#1254 =(LENGTH_UNIT()NAMED_UNIT(*)SI_UNIT(.MILLI.,.METRE.));
#1255 =(NAMED_UNIT(*)PLANE_ANGLE_UNIT()SI_UNIT($,.RADIAN.));
#1256 =(NAMED_UNIT(*)SI_UNIT($,.STERADIAN.)SOLID_ANGLE_UNIT());
#1257 = UNCERTAINTY_MEASURE_WITH_UNIT(LENGTH_MEASURE(1.E-07),#1254,'distance_accuracy_value','confusion accuracy');
#1258 = CONTEXT_DEPENDENT_SHAPE_REPRESENTATION(#1259,#1261);
#1259 =(REPRESENTATION_RELATIONSHIP('','',#922,#10)REPRESENTATION_RELATIONSHIP_WITH_TRANSFORMATION(#1260)SHAPE_REPRESENTATION_RELATIONSHIP());
#1260 = ITEM_DEFINED_TRANSFORMATION('','',#11,#23);
#1261 = PRODUCT_DEFINITION_SHAPE('Placement','Placement of an item',#1262);
#1262 = NEXT_ASSEMBLY_USAGE_OCCURRENCE('3','main_upper_left','',#5,#917,$);
#1263 = PRODUCT_RELATED_PRODUCT_CATEGORY('part',$,(#919));
#1264 = SHAPE_DEFINITION_REPRESENTATION(#1265,#1271);
#1265 = PRODUCT_DEFINITION_SHAPE('','',#1266);
#1266 = PRODUCT_DEFINITION('design','',#1267,#1270);
#1267 = PRODUCT_DEFINITION_FORMATION('','',#1268);
#1268 = PRODUCT('main_upper_right','main_upper_right','',(#1269));
#1269 = PRODUCT_CONTEXT('',#2,'mechanical');
#1270 = PRODUCT_DEFINITION_CONTEXT('part definition',#2,'design');
#1271 = ADVANCED_BREP_SHAPE_REPRESENTATION('',(#11,#1272),#1602);
#1272 = MANIFOLD_SOLID_BREP('',#1273);
#1273 = CLOSED_SHELL('',(#1274,#1394,#1494,#1541,#1588,#1595));
#1274 = ADVANCED_FACE('',(#1275),#1289,.F.);
#1275 = FACE_BOUND('',#1276,.F.);
#1276 = EDGE_LOOP('',(#1277,#1312,#1340,#1368));
#1277 = ORIENTED_EDGE('',*,*,#1278,.F.);
#1278 = EDGE_CURVE('',#1279,#1281,#1283,.T.);
#1279 = VERTEX_POINT('',#1280);
#1280 = CARTESIAN_POINT('',(0.,751.89785375368,1.170531562025E+03));
#1281 = VERTEX_POINT('',#1282);
#1282 = CARTESIAN_POINT('',(0.,1.535584507484E+03,2.104492947076E+03));
#1283 = SURFACE_CURVE('',#1284,(#1288,#1300),.PCURVE_S1.);
#1284 = LINE('',#1285,#1286);
#1285 = CARTESIAN_POINT('',(0.,751.89785375368,1.170531562025E+03));
#1286 = VECTOR('',#1287,1.);
#1287 = DIRECTION('',(0.,0.642787609687,0.766044443119));
#1288 = PCURVE('',#1289,#1294);
#1289 = PLANE('',#1290);
#1290 = AXIS2_PLACEMENT_3D('',#1291,#1292,#1293);
#1291 = CARTESIAN_POINT('',(0.,751.89785375368,1.170531562025E+03));
#1292 = DIRECTION('',(1.,0.,0.));
#1293 = DIRECTION('',(0.,0.642787609687,0.766044443119));
#1294 = DEFINITIONAL_REPRESENTATION('',(#1295),#1299);
#1295 = LINE('',#1296,#1297);
#1296 = CARTESIAN_POINT('',(0.,0.));
#1297 = VECTOR('',#1298,1.);
#1298 = DIRECTION('',(1.,0.));
#1299 =(GEOMETRIC_REPRESENTATION_CONTEXT(2)PARAMETRIC_REPRESENTATION_CONTEXT()REPRESENTATION_CONTEXT('2D SPACE',''));
#1300 = PCURVE('',#1301,#1306);
#1301 = PLANE('',#1302);
#1302 = AXIS2_PLACEMENT_3D('',#1303,#1304,#1305);
#1303 = CARTESIAN_POINT('',(0.,751.89785375368,1.170531562025E+03));
#1304 = DIRECTION('',(0.,0.766044443119,-0.642787609687));
#1305 = DIRECTION('',(0.,0.642787609687,0.766044443119));
#1306 = DEFINITIONAL_REPRESENTATION('',(#1307),#1311);
#1307 = LINE('',#1308,#1309);
#1308 = CARTESIAN_POINT('',(0.,0.));
#1309 = VECTOR('',#1310,1.);
#1310 = DIRECTION('',(1.,0.));
#1311 =(GEOMETRIC_REPRESENTATION_CONTEXT(2)PARAMETRIC_REPRESENTATION_CONTEXT()REPRESENTATION_CONTEXT('2D SPACE',''));
#1312 = ORIENTED_EDGE('',*,*,#1313,.T.);
#1313 = EDGE_CURVE('',#1279,#1314,#1316,.T.);
#1314 = VERTEX_POINT('',#1315);
#1315 = CARTESIAN_POINT('',(0.,765.68665372982,1.158961385051E+03));
#1316 = SURFACE_CURVE('',#1317,(#1321,#1328),.PCURVE_S1.);
#1317 = LINE('',#1318,#1319);
#1318 = CARTESIAN_POINT('',(0.,751.89785375368,1.170531562025E+03));
#1319 = VECTOR('',#1320,1.);
#1320 = DIRECTION('',(0.,0.766044443119,-0.642787609687));
#1321 = PCURVE('',#1289,#1322);
#1322 = DEFINITIONAL_REPRESENTATION('',(#1323),#1327);
#1323 = LINE('',#1324,#1325);
#1324 = CARTESIAN_POINT('',(0.,0.));
#1325 = VECTOR('',#1326,1.);
#1326 = DIRECTION('',(0.,-1.));
#1327 =(GEOMETRIC_REPRESENTATION_CONTEXT(2)PARAMETRIC_REPRESENTATION_CONTEXT()REPRESENTATION_CONTEXT('2D SPACE',''));
#1328 = PCURVE('',#1329,#1334);
#1329 = PLANE('',#1330);
#1330 = AXIS2_PLACEMENT_3D('',#1331,#1332,#1333);
#1331 = CARTESIAN_POINT('',(0.,751.89785375368,1.170531562025E+03));
#1332 = DIRECTION('',(0.,0.642787609687,0.766044443119));
#1333 = DIRECTION('',(1.,0.,0.));
#1334 = DEFINITIONAL_REPRESENTATION('',(#1335),#1339);
#1335 = LINE('',#1336,#1337);
#1336 = CARTESIAN_POINT('',(0.,0.));
#1337 = VECTOR('',#1338,1.);
#1338 = DIRECTION('',(0.,1.));
#1339 =(GEOMETRIC_REPRESENTATION_CONTEXT(2)PARAMETRIC_REPRESENTATION_CONTEXT()REPRESENTATION_CONTEXT('2D SPACE',''));
#1340 = ORIENTED_EDGE('',*,*,#1341,.T.);
#1341 = EDGE_CURVE('',#1314,#1342,#1344,.T.);
#1342 = VERTEX_POINT('',#1343);
#1343 = CARTESIAN_POINT('',(0.,1.54937330746E+03,2.092922770101E+03));
#1344 = SURFACE_CURVE('',#1345,(#1349,#1356),.PCURVE_S1.);
#1345 = LINE('',#1346,#1347);
#1346 = CARTESIAN_POINT('',(0.,765.68665372982,1.158961385051E+03));
#1347 = VECTOR('',#1348,1.);
#1348 = DIRECTION('',(0.,0.642787609687,0.766044443119));
#1349 = PCURVE('',#1289,#1350);
#1350 = DEFINITIONAL_REPRESENTATION('',(#1351),#1355);
#1351 = LINE('',#1352,#1353);
#1352 = CARTESIAN_POINT('',(-4.440892098501E-14,-18.));
#1353 = VECTOR('',#1354,1.);
#1354 = DIRECTION('',(1.,0.));
#1355 =(GEOMETRIC_REPRESENTATION_CONTEXT(2)PARAMETRIC_REPRESENTATION_CONTEXT()REPRESENTATION_CONTEXT('2D SPACE',''));
#1356 = PCURVE('',#1357,#1362);
#1357 = PLANE('',#1358);
#1358 = AXIS2_PLACEMENT_3D('',#1359,#1360,#1361);
#1359 = CARTESIAN_POINT('',(0.,765.68665372982,1.158961385051E+03));
#1360 = DIRECTION('',(0.,0.766044443119,-0.642787609687));
#1361 = DIRECTION('',(0.,0.642787609687,0.766044443119));
#1362 = DEFINITIONAL_REPRESENTATION('',(#1363),#1367);
#1363 = LINE('',#1364,#1365);
#1364 = CARTESIAN_POINT('',(0.,0.));
#1365 = VECTOR('',#1366,1.);
#1366 = DIRECTION('',(1.,0.));
#1367 =(GEOMETRIC_REPRESENTATION_CONTEXT(2)PARAMETRIC_REPRESENTATION_CONTEXT()REPRESENTATION_CONTEXT('2D SPACE',''));
#1368 = ORIENTED_EDGE('',*,*,#1369,.F.);
#1369 = EDGE_CURVE('',#1281,#1342,#1370,.T.);
#1370 = SURFACE_CURVE('',#1371,(#1375,#1382),.PCURVE_S1.);
#1371 = LINE('',#1372,#1373);
#1372 = CARTESIAN_POINT('',(0.,1.535584507484E+03,2.104492947076E+03));
#1373 = VECTOR('',#1374,1.);
#1374 = DIRECTION('',(0.,0.766044443119,-0.642787609687));
#1375 = PCURVE('',#1289,#1376);
#1376 = DEFINITIONAL_REPRESENTATION('',(#1377),#1381);
#1377 = LINE('',#1378,#1379);
#1378 = CARTESIAN_POINT('',(1.2192E+03,1.136868377216E-13));
#1379 = VECTOR('',#1380,1.);
#1380 = DIRECTION('',(0.,-1.));
#1381 =(GEOMETRIC_REPRESENTATION_CONTEXT(2)PARAMETRIC_REPRESENTATION_CONTEXT()REPRESENTATION_CONTEXT('2D SPACE',''));
#1382 = PCURVE('',#1383,#1388);
#1383 = PLANE('',#1384);
#1384 = AXIS2_PLACEMENT_3D('',#1385,#1386,#1387);
#1385 = CARTESIAN_POINT('',(0.,1.535584507484E+03,2.104492947076E+03));
#1386 = DIRECTION('',(0.,0.642787609687,0.766044443119));
#1387 = DIRECTION('',(1.,0.,0.));
#1388 = DEFINITIONAL_REPRESENTATION('',(#1389),#1393);
#1389 = LINE('',#1390,#1391);
#1390 = CARTESIAN_POINT('',(0.,0.));
#1391 = VECTOR('',#1392,1.);
#1392 = DIRECTION('',(0.,1.));
#1393 =(GEOMETRIC_REPRESENTATION_CONTEXT(2)PARAMETRIC_REPRESENTATION_CONTEXT()REPRESENTATION_CONTEXT('2D SPACE',''));
#1394 = ADVANCED_FACE('',(#1395),#1409,.T.);
#1395 = FACE_BOUND('',#1396,.T.);
#1396 = EDGE_LOOP('',(#1397,#1427,#1450,#1473));
#1397 = ORIENTED_EDGE('',*,*,#1398,.F.);
#1398 = EDGE_CURVE('',#1399,#1401,#1403,.T.);
#1399 = VERTEX_POINT('',#1400);
#1400 = CARTESIAN_POINT('',(1.2192E+03,751.89785375368,1.170531562025E+03));
#1401 = VERTEX_POINT('',#1402);
#1402 = CARTESIAN_POINT('',(1.2192E+03,1.535584507484E+03,2.104492947076E+03));
#1403 = SURFACE_CURVE('',#1404,(#1408,#1420),.PCURVE_S1.);
#1404 = LINE('',#1405,#1406);
#1405 = CARTESIAN_POINT('',(1.2192E+03,751.89785375368,1.170531562025E+03));
#1406 = VECTOR('',#1407,1.);
#1407 = DIRECTION('',(0.,0.642787609687,0.766044443119));
#1408 = PCURVE('',#1409,#1414);
#1409 = PLANE('',#1410);
#1410 = AXIS2_PLACEMENT_3D('',#1411,#1412,#1413);
#1411 = CARTESIAN_POINT('',(1.2192E+03,751.89785375368,1.170531562025E+03));
#1412 = DIRECTION('',(1.,0.,0.));
#1413 = DIRECTION('',(0.,0.642787609687,0.766044443119));
#1414 = DEFINITIONAL_REPRESENTATION('',(#1415),#1419);
#1415 = LINE('',#1416,#1417);
#1416 = CARTESIAN_POINT('',(0.,0.));
#1417 = VECTOR('',#1418,1.);
#1418 = DIRECTION('',(1.,0.));
#1419 =(GEOMETRIC_REPRESENTATION_CONTEXT(2)PARAMETRIC_REPRESENTATION_CONTEXT()REPRESENTATION_CONTEXT('2D SPACE',''));
#1420 = PCURVE('',#1301,#1421);
#1421 = DEFINITIONAL_REPRESENTATION('',(#1422),#1426);
#1422 = LINE('',#1423,#1424);
#1423 = CARTESIAN_POINT('',(0.,1.2192E+03));
#1424 = VECTOR('',#1425,1.);
#1425 = DIRECTION('',(1.,0.));
#1426 =(GEOMETRIC_REPRESENTATION_CONTEXT(2)PARAMETRIC_REPRESENTATION_CONTEXT()REPRESENTATION_CONTEXT('2D SPACE',''));
#1427 = ORIENTED_EDGE('',*,*,#1428,.T.);
#1428 = EDGE_CURVE('',#1399,#1429,#1431,.T.);
#1429 = VERTEX_POINT('',#1430);
#1430 = CARTESIAN_POINT('',(1.2192E+03,765.68665372982,1.158961385051E+03));
#1431 = SURFACE_CURVE('',#1432,(#1436,#1443),.PCURVE_S1.);
#1432 = LINE('',#1433,#1434);
#1433 = CARTESIAN_POINT('',(1.2192E+03,751.89785375368,1.170531562025E+03));
#1434 = VECTOR('',#1435,1.);
#1435 = DIRECTION('',(0.,0.766044443119,-0.642787609687));
#1436 = PCURVE('',#1409,#1437);
#1437 = DEFINITIONAL_REPRESENTATION('',(#1438),#1442);
#1438 = LINE('',#1439,#1440);
#1439 = CARTESIAN_POINT('',(0.,0.));
#1440 = VECTOR('',#1441,1.);
#1441 = DIRECTION('',(0.,-1.));
#1442 =(GEOMETRIC_REPRESENTATION_CONTEXT(2)PARAMETRIC_REPRESENTATION_CONTEXT()REPRESENTATION_CONTEXT('2D SPACE',''));
#1443 = PCURVE('',#1329,#1444);
#1444 = DEFINITIONAL_REPRESENTATION('',(#1445),#1449);
#1445 = LINE('',#1446,#1447);
#1446 = CARTESIAN_POINT('',(1.2192E+03,0.));
#1447 = VECTOR('',#1448,1.);
#1448 = DIRECTION('',(0.,1.));
#1449 =(GEOMETRIC_REPRESENTATION_CONTEXT(2)PARAMETRIC_REPRESENTATION_CONTEXT()REPRESENTATION_CONTEXT('2D SPACE',''));
#1450 = ORIENTED_EDGE('',*,*,#1451,.T.);
#1451 = EDGE_CURVE('',#1429,#1452,#1454,.T.);
#1452 = VERTEX_POINT('',#1453);
#1453 = CARTESIAN_POINT('',(1.2192E+03,1.54937330746E+03,2.092922770101E+03));
#1454 = SURFACE_CURVE('',#1455,(#1459,#1466),.PCURVE_S1.);
#1455 = LINE('',#1456,#1457);
#1456 = CARTESIAN_POINT('',(1.2192E+03,765.68665372982,1.158961385051E+03));
#1457 = VECTOR('',#1458,1.);
#1458 = DIRECTION('',(0.,0.642787609687,0.766044443119));
#1459 = PCURVE('',#1409,#1460);
#1460 = DEFINITIONAL_REPRESENTATION('',(#1461),#1465);
#1461 = LINE('',#1462,#1463);
#1462 = CARTESIAN_POINT('',(-4.440892098501E-14,-18.));
#1463 = VECTOR('',#1464,1.);
#1464 = DIRECTION('',(1.,0.));
#1465 =(GEOMETRIC_REPRESENTATION_CONTEXT(2)PARAMETRIC_REPRESENTATION_CONTEXT()REPRESENTATION_CONTEXT('2D SPACE',''));
#1466 = PCURVE('',#1357,#1467);
#1467 = DEFINITIONAL_REPRESENTATION('',(#1468),#1472);
#1468 = LINE('',#1469,#1470);
#1469 = CARTESIAN_POINT('',(0.,1.2192E+03));
#1470 = VECTOR('',#1471,1.);
#1471 = DIRECTION('',(1.,0.));
#1472 =(GEOMETRIC_REPRESENTATION_CONTEXT(2)PARAMETRIC_REPRESENTATION_CONTEXT()REPRESENTATION_CONTEXT('2D SPACE',''));
#1473 = ORIENTED_EDGE('',*,*,#1474,.F.);
#1474 = EDGE_CURVE('',#1401,#1452,#1475,.T.);
#1475 = SURFACE_CURVE('',#1476,(#1480,#1487),.PCURVE_S1.);
#1476 = LINE('',#1477,#1478);
#1477 = CARTESIAN_POINT('',(1.2192E+03,1.535584507484E+03,2.104492947076E+03));
#1478 = VECTOR('',#1479,1.);
#1479 = DIRECTION('',(0.,0.766044443119,-0.642787609687));
#1480 = PCURVE('',#1409,#1481);
#1481 = DEFINITIONAL_REPRESENTATION('',(#1482),#1486);
#1482 = LINE('',#1483,#1484);
#1483 = CARTESIAN_POINT('',(1.2192E+03,1.136868377216E-13));
#1484 = VECTOR('',#1485,1.);
#1485 = DIRECTION('',(0.,-1.));
#1486 =(GEOMETRIC_REPRESENTATION_CONTEXT(2)PARAMETRIC_REPRESENTATION_CONTEXT()REPRESENTATION_CONTEXT('2D SPACE',''));
#1487 = PCURVE('',#1383,#1488);
#1488 = DEFINITIONAL_REPRESENTATION('',(#1489),#1493);
#1489 = LINE('',#1490,#1491);
#1490 = CARTESIAN_POINT('',(1.2192E+03,0.));
#1491 = VECTOR('',#1492,1.);
#1492 = DIRECTION('',(0.,1.));
#1493 =(GEOMETRIC_REPRESENTATION_CONTEXT(2)PARAMETRIC_REPRESENTATION_CONTEXT()REPRESENTATION_CONTEXT('2D SPACE',''));
#1494 = ADVANCED_FACE('',(#1495),#1301,.F.);
#1495 = FACE_BOUND('',#1496,.F.);
#1496 = EDGE_LOOP('',(#1497,#1518,#1519,#1540));
#1497 = ORIENTED_EDGE('',*,*,#1498,.F.);
#1498 = EDGE_CURVE('',#1279,#1399,#1499,.T.);
#1499 = SURFACE_CURVE('',#1500,(#1504,#1511),.PCURVE_S1.);
#1500 = LINE('',#1501,#1502);
#1501 = CARTESIAN_POINT('',(0.,751.89785375368,1.170531562025E+03));
#1502 = VECTOR('',#1503,1.);
#1503 = DIRECTION('',(1.,0.,0.));
#1504 = PCURVE('',#1301,#1505);
#1505 = DEFINITIONAL_REPRESENTATION('',(#1506),#1510);
#1506 = LINE('',#1507,#1508);
#1507 = CARTESIAN_POINT('',(0.,0.));
#1508 = VECTOR('',#1509,1.);
#1509 = DIRECTION('',(0.,1.));
#1510 =(GEOMETRIC_REPRESENTATION_CONTEXT(2)PARAMETRIC_REPRESENTATION_CONTEXT()REPRESENTATION_CONTEXT('2D SPACE',''));
#1511 = PCURVE('',#1329,#1512);
#1512 = DEFINITIONAL_REPRESENTATION('',(#1513),#1517);
#1513 = LINE('',#1514,#1515);
#1514 = CARTESIAN_POINT('',(0.,0.));
#1515 = VECTOR('',#1516,1.);
#1516 = DIRECTION('',(1.,0.));
#1517 =(GEOMETRIC_REPRESENTATION_CONTEXT(2)PARAMETRIC_REPRESENTATION_CONTEXT()REPRESENTATION_CONTEXT('2D SPACE',''));
#1518 = ORIENTED_EDGE('',*,*,#1278,.T.);
#1519 = ORIENTED_EDGE('',*,*,#1520,.T.);
#1520 = EDGE_CURVE('',#1281,#1401,#1521,.T.);
#1521 = SURFACE_CURVE('',#1522,(#1526,#1533),.PCURVE_S1.);
#1522 = LINE('',#1523,#1524);
#1523 = CARTESIAN_POINT('',(0.,1.535584507484E+03,2.104492947076E+03));
#1524 = VECTOR('',#1525,1.);
#1525 = DIRECTION('',(1.,0.,0.));
#1526 = PCURVE('',#1301,#1527);
#1527 = DEFINITIONAL_REPRESENTATION('',(#1528),#1532);
#1528 = LINE('',#1529,#1530);
#1529 = CARTESIAN_POINT('',(1.2192E+03,0.));
#1530 = VECTOR('',#1531,1.);
#1531 = DIRECTION('',(0.,1.));
#1532 =(GEOMETRIC_REPRESENTATION_CONTEXT(2)PARAMETRIC_REPRESENTATION_CONTEXT()REPRESENTATION_CONTEXT('2D SPACE',''));
#1533 = PCURVE('',#1383,#1534);
#1534 = DEFINITIONAL_REPRESENTATION('',(#1535),#1539);
#1535 = LINE('',#1536,#1537);
#1536 = CARTESIAN_POINT('',(0.,0.));
#1537 = VECTOR('',#1538,1.);
#1538 = DIRECTION('',(1.,0.));
#1539 =(GEOMETRIC_REPRESENTATION_CONTEXT(2)PARAMETRIC_REPRESENTATION_CONTEXT()REPRESENTATION_CONTEXT('2D SPACE',''));
#1540 = ORIENTED_EDGE('',*,*,#1398,.F.);
#1541 = ADVANCED_FACE('',(#1542),#1357,.T.);
#1542 = FACE_BOUND('',#1543,.T.);
#1543 = EDGE_LOOP('',(#1544,#1565,#1566,#1587));
#1544 = ORIENTED_EDGE('',*,*,#1545,.F.);
#1545 = EDGE_CURVE('',#1314,#1429,#1546,.T.);
#1546 = SURFACE_CURVE('',#1547,(#1551,#1558),.PCURVE_S1.);
#1547 = LINE('',#1548,#1549);
#1548 = CARTESIAN_POINT('',(0.,765.68665372982,1.158961385051E+03));
#1549 = VECTOR('',#1550,1.);
#1550 = DIRECTION('',(1.,0.,0.));
#1551 = PCURVE('',#1357,#1552);
#1552 = DEFINITIONAL_REPRESENTATION('',(#1553),#1557);
#1553 = LINE('',#1554,#1555);
#1554 = CARTESIAN_POINT('',(0.,0.));
#1555 = VECTOR('',#1556,1.);
#1556 = DIRECTION('',(0.,1.));
#1557 =(GEOMETRIC_REPRESENTATION_CONTEXT(2)PARAMETRIC_REPRESENTATION_CONTEXT()REPRESENTATION_CONTEXT('2D SPACE',''));
#1558 = PCURVE('',#1329,#1559);
#1559 = DEFINITIONAL_REPRESENTATION('',(#1560),#1564);
#1560 = LINE('',#1561,#1562);
#1561 = CARTESIAN_POINT('',(0.,18.));
#1562 = VECTOR('',#1563,1.);
#1563 = DIRECTION('',(1.,0.));
#1564 =(GEOMETRIC_REPRESENTATION_CONTEXT(2)PARAMETRIC_REPRESENTATION_CONTEXT()REPRESENTATION_CONTEXT('2D SPACE',''));
#1565 = ORIENTED_EDGE('',*,*,#1341,.T.);
#1566 = ORIENTED_EDGE('',*,*,#1567,.T.);
#1567 = EDGE_CURVE('',#1342,#1452,#1568,.T.);
#1568 = SURFACE_CURVE('',#1569,(#1573,#1580),.PCURVE_S1.);
#1569 = LINE('',#1570,#1571);
#1570 = CARTESIAN_POINT('',(0.,1.54937330746E+03,2.092922770101E+03));
#1571 = VECTOR('',#1572,1.);
#1572 = DIRECTION('',(1.,0.,0.));
#1573 = PCURVE('',#1357,#1574);
#1574 = DEFINITIONAL_REPRESENTATION('',(#1575),#1579);
#1575 = LINE('',#1576,#1577);
#1576 = CARTESIAN_POINT('',(1.2192E+03,0.));
#1577 = VECTOR('',#1578,1.);
#1578 = DIRECTION('',(0.,1.));
#1579 =(GEOMETRIC_REPRESENTATION_CONTEXT(2)PARAMETRIC_REPRESENTATION_CONTEXT()REPRESENTATION_CONTEXT('2D SPACE',''));
#1580 = PCURVE('',#1383,#1581);
#1581 = DEFINITIONAL_REPRESENTATION('',(#1582),#1586);
#1582 = LINE('',#1583,#1584);
#1583 = CARTESIAN_POINT('',(0.,18.));
#1584 = VECTOR('',#1585,1.);
#1585 = DIRECTION('',(1.,0.));
#1586 =(GEOMETRIC_REPRESENTATION_CONTEXT(2)PARAMETRIC_REPRESENTATION_CONTEXT()REPRESENTATION_CONTEXT('2D SPACE',''));
#1587 = ORIENTED_EDGE('',*,*,#1451,.F.);
#1588 = ADVANCED_FACE('',(#1589),#1329,.F.);
#1589 = FACE_BOUND('',#1590,.F.);
#1590 = EDGE_LOOP('',(#1591,#1592,#1593,#1594));
#1591 = ORIENTED_EDGE('',*,*,#1313,.F.);
#1592 = ORIENTED_EDGE('',*,*,#1498,.T.);
#1593 = ORIENTED_EDGE('',*,*,#1428,.T.);
#1594 = ORIENTED_EDGE('',*,*,#1545,.F.);
#1595 = ADVANCED_FACE('',(#1596),#1383,.T.);
#1596 = FACE_BOUND('',#1597,.T.);
#1597 = EDGE_LOOP('',(#1598,#1599,#1600,#1601));
#1598 = ORIENTED_EDGE('',*,*,#1369,.F.);
#1599 = ORIENTED_EDGE('',*,*,#1520,.T.);
#1600 = ORIENTED_EDGE('',*,*,#1474,.T.);
#1601 = ORIENTED_EDGE('',*,*,#1567,.F.);
#1602 =(GEOMETRIC_REPRESENTATION_CONTEXT(3)GLOBAL_UNCERTAINTY_ASSIGNED_CONTEXT((#1606))GLOBAL_UNIT_ASSIGNED_CONTEXT((#1603,#1604,#1605))REPRESENTATION_CONTEXT('Context #1','3D Context with UNIT and UNCERTAINTY'));
#1603 =(LENGTH_UNIT()NAMED_UNIT(*)SI_UNIT(.MILLI.,.METRE.));
#1604 =(NAMED_UNIT(*)PLANE_ANGLE_UNIT()SI_UNIT($,.RADIAN.));
#1605 =(NAMED_UNIT(*)SI_UNIT($,.STERADIAN.)SOLID_ANGLE_UNIT());
#1606 = UNCERTAINTY_MEASURE_WITH_UNIT(LENGTH_MEASURE(1.E-07),#1603,'distance_accuracy_value','confusion accuracy');
#1607 = CONTEXT_DEPENDENT_SHAPE_REPRESENTATION(#1608,#1610);
#1608 =(REPRESENTATION_RELATIONSHIP('','',#1271,#10)REPRESENTATION_RELATIONSHIP_WITH_TRANSFORMATION(#1609)SHAPE_REPRESENTATION_RELATIONSHIP());
#1609 = ITEM_DEFINED_TRANSFORMATION('','',#11,#27);
#1610 = PRODUCT_DEFINITION_SHAPE('Placement','Placement of an item',#1611);
#1611 = NEXT_ASSEMBLY_USAGE_OCCURRENCE('4','main_upper_right','',#5,#1266,$);
#1612 = PRODUCT_RELATED_PRODUCT_CATEGORY('part',$,(#1268));
#1613 = SHAPE_DEFINITION_REPRESENTATION(#1614,#1620);
#1614 = PRODUCT_DEFINITION_SHAPE('','',#1615);
#1615 = PRODUCT_DEFINITION('design','',#1616,#1619);
#1616 = PRODUCT_DEFINITION_FORMATION('','',#1617);
#1617 = PRODUCT('kicker_left','kicker_left','',(#1618));
#1618 = PRODUCT_CONTEXT('',#2,'mechanical');
#1619 = PRODUCT_DEFINITION_CONTEXT('part definition',#2,'design');
#1620 = ADVANCED_BREP_SHAPE_REPRESENTATION('',(#11,#1621),#1951);
#1621 = MANIFOLD_SOLID_BREP('',#1622);
#1622 = CLOSED_SHELL('',(#1623,#1743,#1843,#1890,#1937,#1944));
#1623 = ADVANCED_FACE('',(#1624),#1638,.F.);
#1624 = FACE_BOUND('',#1625,.F.);
#1625 = EDGE_LOOP('',(#1626,#1661,#1689,#1717));
#1626 = ORIENTED_EDGE('',*,*,#1627,.F.);
#1627 = EDGE_CURVE('',#1628,#1630,#1632,.T.);
#1628 = VERTEX_POINT('',#1629);
#1629 = CARTESIAN_POINT('',(-1.2192E+03,-36.,0.));
#1630 = VERTEX_POINT('',#1631);
#1631 = CARTESIAN_POINT('',(-1.2192E+03,-36.,225.));
#1632 = SURFACE_CURVE('',#1633,(#1637,#1649),.PCURVE_S1.);
#1633 = LINE('',#1634,#1635);
#1634 = CARTESIAN_POINT('',(-1.2192E+03,-36.,0.));
#1635 = VECTOR('',#1636,1.);
#1636 = DIRECTION('',(0.,0.,1.));
#1637 = PCURVE('',#1638,#1643);
#1638 = PLANE('',#1639);
#1639 = AXIS2_PLACEMENT_3D('',#1640,#1641,#1642);
#1640 = CARTESIAN_POINT('',(-1.2192E+03,-36.,0.));
#1641 = DIRECTION('',(1.,0.,0.));
#1642 = DIRECTION('',(0.,0.,1.));
#1643 = DEFINITIONAL_REPRESENTATION('',(#1644),#1648);
#1644 = LINE('',#1645,#1646);
#1645 = CARTESIAN_POINT('',(0.,0.));
#1646 = VECTOR('',#1647,1.);
#1647 = DIRECTION('',(1.,0.));
#1648 =(GEOMETRIC_REPRESENTATION_CONTEXT(2)PARAMETRIC_REPRESENTATION_CONTEXT()REPRESENTATION_CONTEXT('2D SPACE',''));
#1649 = PCURVE('',#1650,#1655);
#1650 = PLANE('',#1651);
#1651 = AXIS2_PLACEMENT_3D('',#1652,#1653,#1654);
#1652 = CARTESIAN_POINT('',(-1.2192E+03,-36.,0.));
#1653 = DIRECTION('',(0.,1.,0.));
#1654 = DIRECTION('',(0.,0.,1.));
#1655 = DEFINITIONAL_REPRESENTATION('',(#1656),#1660);
#1656 = LINE('',#1657,#1658);
#1657 = CARTESIAN_POINT('',(0.,0.));
#1658 = VECTOR('',#1659,1.);
#1659 = DIRECTION('',(1.,0.));
#1660 =(GEOMETRIC_REPRESENTATION_CONTEXT(2)PARAMETRIC_REPRESENTATION_CONTEXT()REPRESENTATION_CONTEXT('2D SPACE',''));
#1661 = ORIENTED_EDGE('',*,*,#1662,.T.);
#1662 = EDGE_CURVE('',#1628,#1663,#1665,.T.);
#1663 = VERTEX_POINT('',#1664);
#1664 = CARTESIAN_POINT('',(-1.2192E+03,-18.,0.));
#1665 = SURFACE_CURVE('',#1666,(#1670,#1677),.PCURVE_S1.);
#1666 = LINE('',#1667,#1668);
#1667 = CARTESIAN_POINT('',(-1.2192E+03,-36.,0.));
#1668 = VECTOR('',#1669,1.);
#1669 = DIRECTION('',(0.,1.,0.));
#1670 = PCURVE('',#1638,#1671);
#1671 = DEFINITIONAL_REPRESENTATION('',(#1672),#1676);
#1672 = LINE('',#1673,#1674);
#1673 = CARTESIAN_POINT('',(0.,0.));
#1674 = VECTOR('',#1675,1.);
#1675 = DIRECTION('',(0.,-1.));
#1676 =(GEOMETRIC_REPRESENTATION_CONTEXT(2)PARAMETRIC_REPRESENTATION_CONTEXT()REPRESENTATION_CONTEXT('2D SPACE',''));
#1677 = PCURVE('',#1678,#1683);
#1678 = PLANE('',#1679);
#1679 = AXIS2_PLACEMENT_3D('',#1680,#1681,#1682);
#1680 = CARTESIAN_POINT('',(-1.2192E+03,-36.,0.));
#1681 = DIRECTION('',(0.,0.,1.));
#1682 = DIRECTION('',(1.,0.,0.));
#1683 = DEFINITIONAL_REPRESENTATION('',(#1684),#1688);
#1684 = LINE('',#1685,#1686);
#1685 = CARTESIAN_POINT('',(0.,0.));
#1686 = VECTOR('',#1687,1.);
#1687 = DIRECTION('',(0.,1.));
#1688 =(GEOMETRIC_REPRESENTATION_CONTEXT(2)PARAMETRIC_REPRESENTATION_CONTEXT()REPRESENTATION_CONTEXT('2D SPACE',''));
#1689 = ORIENTED_EDGE('',*,*,#1690,.T.);
#1690 = EDGE_CURVE('',#1663,#1691,#1693,.T.);
#1691 = VERTEX_POINT('',#1692);
#1692 = CARTESIAN_POINT('',(-1.2192E+03,-18.,225.));
#1693 = SURFACE_CURVE('',#1694,(#1698,#1705),.PCURVE_S1.);
#1694 = LINE('',#1695,#1696);
#1695 = CARTESIAN_POINT('',(-1.2192E+03,-18.,0.));
#1696 = VECTOR('',#1697,1.);
#1697 = DIRECTION('',(0.,0.,1.));
#1698 = PCURVE('',#1638,#1699);
#1699 = DEFINITIONAL_REPRESENTATION('',(#1700),#1704);
#1700 = LINE('',#1701,#1702);
#1701 = CARTESIAN_POINT('',(0.,-18.));
#1702 = VECTOR('',#1703,1.);
#1703 = DIRECTION('',(1.,0.));
#1704 =(GEOMETRIC_REPRESENTATION_CONTEXT(2)PARAMETRIC_REPRESENTATION_CONTEXT()REPRESENTATION_CONTEXT('2D SPACE',''));
#1705 = PCURVE('',#1706,#1711);
#1706 = PLANE('',#1707);
#1707 = AXIS2_PLACEMENT_3D('',#1708,#1709,#1710);
#1708 = CARTESIAN_POINT('',(-1.2192E+03,-18.,0.));
#1709 = DIRECTION('',(0.,1.,0.));
#1710 = DIRECTION('',(0.,0.,1.));
#1711 = DEFINITIONAL_REPRESENTATION('',(#1712),#1716);
#1712 = LINE('',#1713,#1714);
#1713 = CARTESIAN_POINT('',(0.,0.));
#1714 = VECTOR('',#1715,1.);
#1715 = DIRECTION('',(1.,0.));
#1716 =(GEOMETRIC_REPRESENTATION_CONTEXT(2)PARAMETRIC_REPRESENTATION_CONTEXT()REPRESENTATION_CONTEXT('2D SPACE',''));
#1717 = ORIENTED_EDGE('',*,*,#1718,.F.);
#1718 = EDGE_CURVE('',#1630,#1691,#1719,.T.);
#1719 = SURFACE_CURVE('',#1720,(#1724,#1731),.PCURVE_S1.);
#1720 = LINE('',#1721,#1722);
#1721 = CARTESIAN_POINT('',(-1.2192E+03,-36.,225.));
#1722 = VECTOR('',#1723,1.);
#1723 = DIRECTION('',(0.,1.,0.));
#1724 = PCURVE('',#1638,#1725);
#1725 = DEFINITIONAL_REPRESENTATION('',(#1726),#1730);
#1726 = LINE('',#1727,#1728);
#1727 = CARTESIAN_POINT('',(225.,0.));
#1728 = VECTOR('',#1729,1.);
#1729 = DIRECTION('',(0.,-1.));
#1730 =(GEOMETRIC_REPRESENTATION_CONTEXT(2)PARAMETRIC_REPRESENTATION_CONTEXT()REPRESENTATION_CONTEXT('2D SPACE',''));
#1731 = PCURVE('',#1732,#1737);
#1732 = PLANE('',#1733);
#1733 = AXIS2_PLACEMENT_3D('',#1734,#1735,#1736);
#1734 = CARTESIAN_POINT('',(-1.2192E+03,-36.,225.));
#1735 = DIRECTION('',(0.,0.,1.));
#1736 = DIRECTION('',(1.,0.,0.));
#1737 = DEFINITIONAL_REPRESENTATION('',(#1738),#1742);
#1738 = LINE('',#1739,#1740);
#1739 = CARTESIAN_POINT('',(0.,0.));
#1740 = VECTOR('',#1741,1.);
#1741 = DIRECTION('',(0.,1.));
#1742 =(GEOMETRIC_REPRESENTATION_CONTEXT(2)PARAMETRIC_REPRESENTATION_CONTEXT()REPRESENTATION_CONTEXT('2D SPACE',''));
#1743 = ADVANCED_FACE('',(#1744),#1758,.T.);
#1744 = FACE_BOUND('',#1745,.T.);
#1745 = EDGE_LOOP('',(#1746,#1776,#1799,#1822));
#1746 = ORIENTED_EDGE('',*,*,#1747,.F.);
#1747 = EDGE_CURVE('',#1748,#1750,#1752,.T.);
#1748 = VERTEX_POINT('',#1749);
#1749 = CARTESIAN_POINT('',(0.,-36.,0.));
#1750 = VERTEX_POINT('',#1751);
#1751 = CARTESIAN_POINT('',(0.,-36.,225.));
#1752 = SURFACE_CURVE('',#1753,(#1757,#1769),.PCURVE_S1.);
#1753 = LINE('',#1754,#1755);
#1754 = CARTESIAN_POINT('',(0.,-36.,0.));
#1755 = VECTOR('',#1756,1.);
#1756 = DIRECTION('',(0.,0.,1.));
#1757 = PCURVE('',#1758,#1763);
#1758 = PLANE('',#1759);
#1759 = AXIS2_PLACEMENT_3D('',#1760,#1761,#1762);
#1760 = CARTESIAN_POINT('',(0.,-36.,0.));
#1761 = DIRECTION('',(1.,0.,0.));
#1762 = DIRECTION('',(0.,0.,1.));
#1763 = DEFINITIONAL_REPRESENTATION('',(#1764),#1768);
#1764 = LINE('',#1765,#1766);
#1765 = CARTESIAN_POINT('',(0.,0.));
#1766 = VECTOR('',#1767,1.);
#1767 = DIRECTION('',(1.,0.));
#1768 =(GEOMETRIC_REPRESENTATION_CONTEXT(2)PARAMETRIC_REPRESENTATION_CONTEXT()REPRESENTATION_CONTEXT('2D SPACE',''));
#1769 = PCURVE('',#1650,#1770);
#1770 = DEFINITIONAL_REPRESENTATION('',(#1771),#1775);
#1771 = LINE('',#1772,#1773);
#1772 = CARTESIAN_POINT('',(0.,1.2192E+03));
#1773 = VECTOR('',#1774,1.);
#1774 = DIRECTION('',(1.,0.));
#1775 =(GEOMETRIC_REPRESENTATION_CONTEXT(2)PARAMETRIC_REPRESENTATION_CONTEXT()REPRESENTATION_CONTEXT('2D SPACE',''));
#1776 = ORIENTED_EDGE('',*,*,#1777,.T.);
#1777 = EDGE_CURVE('',#1748,#1778,#1780,.T.);
#1778 = VERTEX_POINT('',#1779);
#1779 = CARTESIAN_POINT('',(0.,-18.,0.));
#1780 = SURFACE_CURVE('',#1781,(#1785,#1792),.PCURVE_S1.);
#1781 = LINE('',#1782,#1783);
#1782 = CARTESIAN_POINT('',(0.,-36.,0.));
#1783 = VECTOR('',#1784,1.);
#1784 = DIRECTION('',(0.,1.,0.));
#1785 = PCURVE('',#1758,#1786);
#1786 = DEFINITIONAL_REPRESENTATION('',(#1787),#1791);
#1787 = LINE('',#1788,#1789);
#1788 = CARTESIAN_POINT('',(0.,0.));
#1789 = VECTOR('',#1790,1.);
#1790 = DIRECTION('',(0.,-1.));
#1791 =(GEOMETRIC_REPRESENTATION_CONTEXT(2)PARAMETRIC_REPRESENTATION_CONTEXT()REPRESENTATION_CONTEXT('2D SPACE',''));
#1792 = PCURVE('',#1678,#1793);
#1793 = DEFINITIONAL_REPRESENTATION('',(#1794),#1798);
#1794 = LINE('',#1795,#1796);
#1795 = CARTESIAN_POINT('',(1.2192E+03,0.));
#1796 = VECTOR('',#1797,1.);
#1797 = DIRECTION('',(0.,1.));
#1798 =(GEOMETRIC_REPRESENTATION_CONTEXT(2)PARAMETRIC_REPRESENTATION_CONTEXT()REPRESENTATION_CONTEXT('2D SPACE',''));
#1799 = ORIENTED_EDGE('',*,*,#1800,.T.);
#1800 = EDGE_CURVE('',#1778,#1801,#1803,.T.);
#1801 = VERTEX_POINT('',#1802);
#1802 = CARTESIAN_POINT('',(0.,-18.,225.));
#1803 = SURFACE_CURVE('',#1804,(#1808,#1815),.PCURVE_S1.);
#1804 = LINE('',#1805,#1806);
#1805 = CARTESIAN_POINT('',(0.,-18.,0.));
#1806 = VECTOR('',#1807,1.);
#1807 = DIRECTION('',(0.,0.,1.));
#1808 = PCURVE('',#1758,#1809);
#1809 = DEFINITIONAL_REPRESENTATION('',(#1810),#1814);
#1810 = LINE('',#1811,#1812);
#1811 = CARTESIAN_POINT('',(0.,-18.));
#1812 = VECTOR('',#1813,1.);
#1813 = DIRECTION('',(1.,0.));
#1814 =(GEOMETRIC_REPRESENTATION_CONTEXT(2)PARAMETRIC_REPRESENTATION_CONTEXT()REPRESENTATION_CONTEXT('2D SPACE',''));
#1815 = PCURVE('',#1706,#1816);
#1816 = DEFINITIONAL_REPRESENTATION('',(#1817),#1821);
#1817 = LINE('',#1818,#1819);
#1818 = CARTESIAN_POINT('',(0.,1.2192E+03));
#1819 = VECTOR('',#1820,1.);
#1820 = DIRECTION('',(1.,0.));
#1821 =(GEOMETRIC_REPRESENTATION_CONTEXT(2)PARAMETRIC_REPRESENTATION_CONTEXT()REPRESENTATION_CONTEXT('2D SPACE',''));
#1822 = ORIENTED_EDGE('',*,*,#1823,.F.);
#1823 = EDGE_CURVE('',#1750,#1801,#1824,.T.);
#1824 = SURFACE_CURVE('',#1825,(#1829,#1836),.PCURVE_S1.);
#1825 = LINE('',#1826,#1827);
#1826 = CARTESIAN_POINT('',(0.,-36.,225.));
#1827 = VECTOR('',#1828,1.);
#1828 = DIRECTION('',(0.,1.,0.));
#1829 = PCURVE('',#1758,#1830);
#1830 = DEFINITIONAL_REPRESENTATION('',(#1831),#1835);
#1831 = LINE('',#1832,#1833);
#1832 = CARTESIAN_POINT('',(225.,0.));
#1833 = VECTOR('',#1834,1.);
#1834 = DIRECTION('',(0.,-1.));
#1835 =(GEOMETRIC_REPRESENTATION_CONTEXT(2)PARAMETRIC_REPRESENTATION_CONTEXT()REPRESENTATION_CONTEXT('2D SPACE',''));
#1836 = PCURVE('',#1732,#1837);
#1837 = DEFINITIONAL_REPRESENTATION('',(#1838),#1842);
#1838 = LINE('',#1839,#1840);
#1839 = CARTESIAN_POINT('',(1.2192E+03,0.));
#1840 = VECTOR('',#1841,1.);
#1841 = DIRECTION('',(0.,1.));
#1842 =(GEOMETRIC_REPRESENTATION_CONTEXT(2)PARAMETRIC_REPRESENTATION_CONTEXT()REPRESENTATION_CONTEXT('2D SPACE',''));
#1843 = ADVANCED_FACE('',(#1844),#1650,.F.);
#1844 = FACE_BOUND('',#1845,.F.);
#1845 = EDGE_LOOP('',(#1846,#1867,#1868,#1889));
#1846 = ORIENTED_EDGE('',*,*,#1847,.F.);
#1847 = EDGE_CURVE('',#1628,#1748,#1848,.T.);
#1848 = SURFACE_CURVE('',#1849,(#1853,#1860),.PCURVE_S1.);
#1849 = LINE('',#1850,#1851);
#1850 = CARTESIAN_POINT('',(-1.2192E+03,-36.,0.));
#1851 = VECTOR('',#1852,1.);
#1852 = DIRECTION('',(1.,0.,0.));
#1853 = PCURVE('',#1650,#1854);
#1854 = DEFINITIONAL_REPRESENTATION('',(#1855),#1859);
#1855 = LINE('',#1856,#1857);
#1856 = CARTESIAN_POINT('',(0.,0.));
#1857 = VECTOR('',#1858,1.);
#1858 = DIRECTION('',(0.,1.));
#1859 =(GEOMETRIC_REPRESENTATION_CONTEXT(2)PARAMETRIC_REPRESENTATION_CONTEXT()REPRESENTATION_CONTEXT('2D SPACE',''));
#1860 = PCURVE('',#1678,#1861);
#1861 = DEFINITIONAL_REPRESENTATION('',(#1862),#1866);
#1862 = LINE('',#1863,#1864);
#1863 = CARTESIAN_POINT('',(0.,0.));
#1864 = VECTOR('',#1865,1.);
#1865 = DIRECTION('',(1.,0.));
#1866 =(GEOMETRIC_REPRESENTATION_CONTEXT(2)PARAMETRIC_REPRESENTATION_CONTEXT()REPRESENTATION_CONTEXT('2D SPACE',''));
#1867 = ORIENTED_EDGE('',*,*,#1627,.T.);
#1868 = ORIENTED_EDGE('',*,*,#1869,.T.);
#1869 = EDGE_CURVE('',#1630,#1750,#1870,.T.);
#1870 = SURFACE_CURVE('',#1871,(#1875,#1882),.PCURVE_S1.);
#1871 = LINE('',#1872,#1873);
#1872 = CARTESIAN_POINT('',(-1.2192E+03,-36.,225.));
#1873 = VECTOR('',#1874,1.);
#1874 = DIRECTION('',(1.,0.,0.));
#1875 = PCURVE('',#1650,#1876);
#1876 = DEFINITIONAL_REPRESENTATION('',(#1877),#1881);
#1877 = LINE('',#1878,#1879);
#1878 = CARTESIAN_POINT('',(225.,0.));
#1879 = VECTOR('',#1880,1.);
#1880 = DIRECTION('',(0.,1.));
#1881 =(GEOMETRIC_REPRESENTATION_CONTEXT(2)PARAMETRIC_REPRESENTATION_CONTEXT()REPRESENTATION_CONTEXT('2D SPACE',''));
#1882 = PCURVE('',#1732,#1883);
#1883 = DEFINITIONAL_REPRESENTATION('',(#1884),#1888);
#1884 = LINE('',#1885,#1886);
#1885 = CARTESIAN_POINT('',(0.,0.));
#1886 = VECTOR('',#1887,1.);
#1887 = DIRECTION('',(1.,0.));
#1888 =(GEOMETRIC_REPRESENTATION_CONTEXT(2)PARAMETRIC_REPRESENTATION_CONTEXT()REPRESENTATION_CONTEXT('2D SPACE',''));
#1889 = ORIENTED_EDGE('',*,*,#1747,.F.);
#1890 = ADVANCED_FACE('',(#1891),#1706,.T.);
#1891 = FACE_BOUND('',#1892,.T.);
#1892 = EDGE_LOOP('',(#1893,#1914,#1915,#1936));
#1893 = ORIENTED_EDGE('',*,*,#1894,.F.);
#1894 = EDGE_CURVE('',#1663,#1778,#1895,.T.);
#1895 = SURFACE_CURVE('',#1896,(#1900,#1907),.PCURVE_S1.);
#1896 = LINE('',#1897,#1898);
#1897 = CARTESIAN_POINT('',(-1.2192E+03,-18.,0.));
#1898 = VECTOR('',#1899,1.);
#1899 = DIRECTION('',(1.,0.,0.));
#1900 = PCURVE('',#1706,#1901);
#1901 = DEFINITIONAL_REPRESENTATION('',(#1902),#1906);
#1902 = LINE('',#1903,#1904);
#1903 = CARTESIAN_POINT('',(0.,0.));
#1904 = VECTOR('',#1905,1.);
#1905 = DIRECTION('',(0.,1.));
#1906 =(GEOMETRIC_REPRESENTATION_CONTEXT(2)PARAMETRIC_REPRESENTATION_CONTEXT()REPRESENTATION_CONTEXT('2D SPACE',''));
#1907 = PCURVE('',#1678,#1908);
#1908 = DEFINITIONAL_REPRESENTATION('',(#1909),#1913);
#1909 = LINE('',#1910,#1911);
#1910 = CARTESIAN_POINT('',(0.,18.));
#1911 = VECTOR('',#1912,1.);
#1912 = DIRECTION('',(1.,0.));
#1913 =(GEOMETRIC_REPRESENTATION_CONTEXT(2)PARAMETRIC_REPRESENTATION_CONTEXT()REPRESENTATION_CONTEXT('2D SPACE',''));
#1914 = ORIENTED_EDGE('',*,*,#1690,.T.);
#1915 = ORIENTED_EDGE('',*,*,#1916,.T.);
#1916 = EDGE_CURVE('',#1691,#1801,#1917,.T.);
#1917 = SURFACE_CURVE('',#1918,(#1922,#1929),.PCURVE_S1.);
#1918 = LINE('',#1919,#1920);
#1919 = CARTESIAN_POINT('',(-1.2192E+03,-18.,225.));
#1920 = VECTOR('',#1921,1.);
#1921 = DIRECTION('',(1.,0.,0.));
#1922 = PCURVE('',#1706,#1923);
#1923 = DEFINITIONAL_REPRESENTATION('',(#1924),#1928);
#1924 = LINE('',#1925,#1926);
#1925 = CARTESIAN_POINT('',(225.,0.));
#1926 = VECTOR('',#1927,1.);
#1927 = DIRECTION('',(0.,1.));
#1928 =(GEOMETRIC_REPRESENTATION_CONTEXT(2)PARAMETRIC_REPRESENTATION_CONTEXT()REPRESENTATION_CONTEXT('2D SPACE',''));
#1929 = PCURVE('',#1732,#1930);
#1930 = DEFINITIONAL_REPRESENTATION('',(#1931),#1935);
#1931 = LINE('',#1932,#1933);
#1932 = CARTESIAN_POINT('',(0.,18.));
#1933 = VECTOR('',#1934,1.);
#1934 = DIRECTION('',(1.,0.));
#1935 =(GEOMETRIC_REPRESENTATION_CONTEXT(2)PARAMETRIC_REPRESENTATION_CONTEXT()REPRESENTATION_CONTEXT('2D SPACE',''));
#1936 = ORIENTED_EDGE('',*,*,#1800,.F.);
#1937 = ADVANCED_FACE('',(#1938),#1678,.F.);
#1938 = FACE_BOUND('',#1939,.F.);
#1939 = EDGE_LOOP('',(#1940,#1941,#1942,#1943));
#1940 = ORIENTED_EDGE('',*,*,#1662,.F.);
#1941 = ORIENTED_EDGE('',*,*,#1847,.T.);
#1942 = ORIENTED_EDGE('',*,*,#1777,.T.);
#1943 = ORIENTED_EDGE('',*,*,#1894,.F.);
#1944 = ADVANCED_FACE('',(#1945),#1732,.T.);
#1945 = FACE_BOUND('',#1946,.T.);
#1946 = EDGE_LOOP('',(#1947,#1948,#1949,#1950));
#1947 = ORIENTED_EDGE('',*,*,#1718,.F.);
#1948 = ORIENTED_EDGE('',*,*,#1869,.T.);
#1949 = ORIENTED_EDGE('',*,*,#1823,.T.);
#1950 = ORIENTED_EDGE('',*,*,#1916,.F.);
#1951 =(GEOMETRIC_REPRESENTATION_CONTEXT(3)GLOBAL_UNCERTAINTY_ASSIGNED_CONTEXT((#1955))GLOBAL_UNIT_ASSIGNED_CONTEXT((#1952,#1953,#1954))REPRESENTATION_CONTEXT('Context #1','3D Context with UNIT and UNCERTAINTY'));
#1952 =(LENGTH_UNIT()NAMED_UNIT(*)SI_UNIT(.MILLI.,.METRE.));
#1953 =(NAMED_UNIT(*)PLANE_ANGLE_UNIT()SI_UNIT($,.RADIAN.));
#1954 =(NAMED_UNIT(*)SI_UNIT($,.STERADIAN.)SOLID_ANGLE_UNIT());
#1955 = UNCERTAINTY_MEASURE_WITH_UNIT(LENGTH_MEASURE(1.E-07),#1952,'distance_accuracy_value','confusion accuracy');
#1956 = CONTEXT_DEPENDENT_SHAPE_REPRESENTATION(#1957,#1959);
#1957 =(REPRESENTATION_RELATIONSHIP('','',#1620,#10)REPRESENTATION_RELATIONSHIP_WITH_TRANSFORMATION(#1958)SHAPE_REPRESENTATION_RELATIONSHIP());
#1958 = ITEM_DEFINED_TRANSFORMATION('','',#11,#31);
#1959 = PRODUCT_DEFINITION_SHAPE('Placement','Placement of an item',#1960);
#1960 = NEXT_ASSEMBLY_USAGE_OCCURRENCE('5','kicker_left','',#5,#1615,$);
#1961 = PRODUCT_RELATED_PRODUCT_CATEGORY('part',$,(#1617));
#1962 = SHAPE_DEFINITION_REPRESENTATION(#1963,#1969);
#1963 = PRODUCT_DEFINITION_SHAPE('','',#1964);
#1964 = PRODUCT_DEFINITION('design','',#1965,#1968);
#1965 = PRODUCT_DEFINITION_FORMATION('','',#1966);
#1966 = PRODUCT('kicker_right','kicker_right','',(#1967));
#1967 = PRODUCT_CONTEXT('',#2,'mechanical');
#1968 = PRODUCT_DEFINITION_CONTEXT('part definition',#2,'design');
#1969 = ADVANCED_BREP_SHAPE_REPRESENTATION('',(#11,#1970),#2300);
#1970 = MANIFOLD_SOLID_BREP('',#1971);
#1971 = CLOSED_SHELL('',(#1972,#2092,#2192,#2239,#2286,#2293));
#1972 = ADVANCED_FACE('',(#1973),#1987,.F.);
#1973 = FACE_BOUND('',#1974,.F.);
#1974 = EDGE_LOOP('',(#1975,#2010,#2038,#2066));
#1975 = ORIENTED_EDGE('',*,*,#1976,.F.);
#1976 = EDGE_CURVE('',#1977,#1979,#1981,.T.);
#1977 = VERTEX_POINT('',#1978);
#1978 = CARTESIAN_POINT('',(0.,-36.,0.));
#1979 = VERTEX_POINT('',#1980);
#1980 = CARTESIAN_POINT('',(0.,-36.,225.));
#1981 = SURFACE_CURVE('',#1982,(#1986,#1998),.PCURVE_S1.);
#1982 = LINE('',#1983,#1984);
#1983 = CARTESIAN_POINT('',(0.,-36.,0.));
#1984 = VECTOR('',#1985,1.);
#1985 = DIRECTION('',(0.,0.,1.));
#1986 = PCURVE('',#1987,#1992);
#1987 = PLANE('',#1988);
#1988 = AXIS2_PLACEMENT_3D('',#1989,#1990,#1991);
#1989 = CARTESIAN_POINT('',(0.,-36.,0.));
#1990 = DIRECTION('',(1.,0.,0.));
#1991 = DIRECTION('',(0.,0.,1.));
#1992 = DEFINITIONAL_REPRESENTATION('',(#1993),#1997);
#1993 = LINE('',#1994,#1995);
#1994 = CARTESIAN_POINT('',(0.,0.));
#1995 = VECTOR('',#1996,1.);
#1996 = DIRECTION('',(1.,0.));
#1997 =(GEOMETRIC_REPRESENTATION_CONTEXT(2)PARAMETRIC_REPRESENTATION_CONTEXT()REPRESENTATION_CONTEXT('2D SPACE',''));
#1998 = PCURVE('',#1999,#2004);
#1999 = PLANE('',#2000);
#2000 = AXIS2_PLACEMENT_3D('',#2001,#2002,#2003);
#2001 = CARTESIAN_POINT('',(0.,-36.,0.));
#2002 = DIRECTION('',(0.,1.,0.));
#2003 = DIRECTION('',(0.,0.,1.));
#2004 = DEFINITIONAL_REPRESENTATION('',(#2005),#2009);
#2005 = LINE('',#2006,#2007);
#2006 = CARTESIAN_POINT('',(0.,0.));
#2007 = VECTOR('',#2008,1.);
#2008 = DIRECTION('',(1.,0.));
#2009 =(GEOMETRIC_REPRESENTATION_CONTEXT(2)PARAMETRIC_REPRESENTATION_CONTEXT()REPRESENTATION_CONTEXT('2D SPACE',''));
#2010 = ORIENTED_EDGE('',*,*,#2011,.T.);
#2011 = EDGE_CURVE('',#1977,#2012,#2014,.T.);
#2012 = VERTEX_POINT('',#2013);
#2013 = CARTESIAN_POINT('',(0.,-18.,0.));
#2014 = SURFACE_CURVE('',#2015,(#2019,#2026),.PCURVE_S1.);
#2015 = LINE('',#2016,#2017);
#2016 = CARTESIAN_POINT('',(0.,-36.,0.));
#2017 = VECTOR('',#2018,1.);
#2018 = DIRECTION('',(0.,1.,0.));
#2019 = PCURVE('',#1987,#2020);
#2020 = DEFINITIONAL_REPRESENTATION('',(#2021),#2025);
#2021 = LINE('',#2022,#2023);
#2022 = CARTESIAN_POINT('',(0.,0.));
#2023 = VECTOR('',#2024,1.);
#2024 = DIRECTION('',(0.,-1.));
#2025 =(GEOMETRIC_REPRESENTATION_CONTEXT(2)PARAMETRIC_REPRESENTATION_CONTEXT()REPRESENTATION_CONTEXT('2D SPACE',''));
#2026 = PCURVE('',#2027,#2032);
#2027 = PLANE('',#2028);
#2028 = AXIS2_PLACEMENT_3D('',#2029,#2030,#2031);
#2029 = CARTESIAN_POINT('',(0.,-36.,0.));
#2030 = DIRECTION('',(0.,0.,1.));
#2031 = DIRECTION('',(1.,0.,0.));
#2032 = DEFINITIONAL_REPRESENTATION('',(#2033),#2037);
#2033 = LINE('',#2034,#2035);
#2034 = CARTESIAN_POINT('',(0.,0.));
#2035 = VECTOR('',#2036,1.);
#2036 = DIRECTION('',(0.,1.));
#2037 =(GEOMETRIC_REPRESENTATION_CONTEXT(2)PARAMETRIC_REPRESENTATION_CONTEXT()REPRESENTATION_CONTEXT('2D SPACE',''));
#2038 = ORIENTED_EDGE('',*,*,#2039,.T.);
#2039 = EDGE_CURVE('',#2012,#2040,#2042,.T.);
#2040 = VERTEX_POINT('',#2041);
#2041 = CARTESIAN_POINT('',(0.,-18.,225.));
#2042 = SURFACE_CURVE('',#2043,(#2047,#2054),.PCURVE_S1.);
#2043 = LINE('',#2044,#2045);
#2044 = CARTESIAN_POINT('',(0.,-18.,0.));
#2045 = VECTOR('',#2046,1.);
#2046 = DIRECTION('',(0.,0.,1.));
#2047 = PCURVE('',#1987,#2048);
#2048 = DEFINITIONAL_REPRESENTATION('',(#2049),#2053);
#2049 = LINE('',#2050,#2051);
#2050 = CARTESIAN_POINT('',(0.,-18.));
#2051 = VECTOR('',#2052,1.);
#2052 = DIRECTION('',(1.,0.));
#2053 =(GEOMETRIC_REPRESENTATION_CONTEXT(2)PARAMETRIC_REPRESENTATION_CONTEXT()REPRESENTATION_CONTEXT('2D SPACE',''));
#2054 = PCURVE('',#2055,#2060);
#2055 = PLANE('',#2056);
#2056 = AXIS2_PLACEMENT_3D('',#2057,#2058,#2059);
#2057 = CARTESIAN_POINT('',(0.,-18.,0.));
#2058 = DIRECTION('',(0.,1.,0.));
#2059 = DIRECTION('',(0.,0.,1.));
#2060 = DEFINITIONAL_REPRESENTATION('',(#2061),#2065);
#2061 = LINE('',#2062,#2063);
#2062 = CARTESIAN_POINT('',(0.,0.));
#2063 = VECTOR('',#2064,1.);
#2064 = DIRECTION('',(1.,0.));
#2065 =(GEOMETRIC_REPRESENTATION_CONTEXT(2)PARAMETRIC_REPRESENTATION_CONTEXT()REPRESENTATION_CONTEXT('2D SPACE',''));
#2066 = ORIENTED_EDGE('',*,*,#2067,.F.);
#2067 = EDGE_CURVE('',#1979,#2040,#2068,.T.);
#2068 = SURFACE_CURVE('',#2069,(#2073,#2080),.PCURVE_S1.);
#2069 = LINE('',#2070,#2071);
#2070 = CARTESIAN_POINT('',(0.,-36.,225.));
#2071 = VECTOR('',#2072,1.);
#2072 = DIRECTION('',(0.,1.,0.));
#2073 = PCURVE('',#1987,#2074);
#2074 = DEFINITIONAL_REPRESENTATION('',(#2075),#2079);
#2075 = LINE('',#2076,#2077);
#2076 = CARTESIAN_POINT('',(225.,0.));
#2077 = VECTOR('',#2078,1.);
#2078 = DIRECTION('',(0.,-1.));
#2079 =(GEOMETRIC_REPRESENTATION_CONTEXT(2)PARAMETRIC_REPRESENTATION_CONTEXT()REPRESENTATION_CONTEXT('2D SPACE',''));
#2080 = PCURVE('',#2081,#2086);
#2081 = PLANE('',#2082);
#2082 = AXIS2_PLACEMENT_3D('',#2083,#2084,#2085);
#2083 = CARTESIAN_POINT('',(0.,-36.,225.));
#2084 = DIRECTION('',(0.,0.,1.));
#2085 = DIRECTION('',(1.,0.,0.));
#2086 = DEFINITIONAL_REPRESENTATION('',(#2087),#2091);
#2087 = LINE('',#2088,#2089);
#2088 = CARTESIAN_POINT('',(0.,0.));
#2089 = VECTOR('',#2090,1.);
#2090 = DIRECTION('',(0.,1.));
#2091 =(GEOMETRIC_REPRESENTATION_CONTEXT(2)PARAMETRIC_REPRESENTATION_CONTEXT()REPRESENTATION_CONTEXT('2D SPACE',''));
#2092 = ADVANCED_FACE('',(#2093),#2107,.T.);
#2093 = FACE_BOUND('',#2094,.T.);
#2094 = EDGE_LOOP('',(#2095,#2125,#2148,#2171));
#2095 = ORIENTED_EDGE('',*,*,#2096,.F.);
#2096 = EDGE_CURVE('',#2097,#2099,#2101,.T.);
#2097 = VERTEX_POINT('',#2098);
#2098 = CARTESIAN_POINT('',(1.2192E+03,-36.,0.));
#2099 = VERTEX_POINT('',#2100);
#2100 = CARTESIAN_POINT('',(1.2192E+03,-36.,225.));
#2101 = SURFACE_CURVE('',#2102,(#2106,#2118),.PCURVE_S1.);
#2102 = LINE('',#2103,#2104);
#2103 = CARTESIAN_POINT('',(1.2192E+03,-36.,0.));
#2104 = VECTOR('',#2105,1.);
#2105 = DIRECTION('',(0.,0.,1.));
#2106 = PCURVE('',#2107,#2112);
#2107 = PLANE('',#2108);
#2108 = AXIS2_PLACEMENT_3D('',#2109,#2110,#2111);
#2109 = CARTESIAN_POINT('',(1.2192E+03,-36.,0.));
#2110 = DIRECTION('',(1.,0.,0.));
#2111 = DIRECTION('',(0.,0.,1.));
#2112 = DEFINITIONAL_REPRESENTATION('',(#2113),#2117);
#2113 = LINE('',#2114,#2115);
#2114 = CARTESIAN_POINT('',(0.,0.));
#2115 = VECTOR('',#2116,1.);
#2116 = DIRECTION('',(1.,0.));
#2117 =(GEOMETRIC_REPRESENTATION_CONTEXT(2)PARAMETRIC_REPRESENTATION_CONTEXT()REPRESENTATION_CONTEXT('2D SPACE',''));
#2118 = PCURVE('',#1999,#2119);
#2119 = DEFINITIONAL_REPRESENTATION('',(#2120),#2124);
#2120 = LINE('',#2121,#2122);
#2121 = CARTESIAN_POINT('',(0.,1.2192E+03));
#2122 = VECTOR('',#2123,1.);
#2123 = DIRECTION('',(1.,0.));
#2124 =(GEOMETRIC_REPRESENTATION_CONTEXT(2)PARAMETRIC_REPRESENTATION_CONTEXT()REPRESENTATION_CONTEXT('2D SPACE',''));
#2125 = ORIENTED_EDGE('',*,*,#2126,.T.);
#2126 = EDGE_CURVE('',#2097,#2127,#2129,.T.);
#2127 = VERTEX_POINT('',#2128);
#2128 = CARTESIAN_POINT('',(1.2192E+03,-18.,0.));
#2129 = SURFACE_CURVE('',#2130,(#2134,#2141),.PCURVE_S1.);
#2130 = LINE('',#2131,#2132);
#2131 = CARTESIAN_POINT('',(1.2192E+03,-36.,0.));
#2132 = VECTOR('',#2133,1.);
#2133 = DIRECTION('',(0.,1.,0.));
#2134 = PCURVE('',#2107,#2135);
#2135 = DEFINITIONAL_REPRESENTATION('',(#2136),#2140);
#2136 = LINE('',#2137,#2138);
#2137 = CARTESIAN_POINT('',(0.,0.));
#2138 = VECTOR('',#2139,1.);
#2139 = DIRECTION('',(0.,-1.));
#2140 =(GEOMETRIC_REPRESENTATION_CONTEXT(2)PARAMETRIC_REPRESENTATION_CONTEXT()REPRESENTATION_CONTEXT('2D SPACE',''));
#2141 = PCURVE('',#2027,#2142);
#2142 = DEFINITIONAL_REPRESENTATION('',(#2143),#2147);
#2143 = LINE('',#2144,#2145);
#2144 = CARTESIAN_POINT('',(1.2192E+03,0.));
#2145 = VECTOR('',#2146,1.);
#2146 = DIRECTION('',(0.,1.));
#2147 =(GEOMETRIC_REPRESENTATION_CONTEXT(2)PARAMETRIC_REPRESENTATION_CONTEXT()REPRESENTATION_CONTEXT('2D SPACE',''));
#2148 = ORIENTED_EDGE('',*,*,#2149,.T.);
#2149 = EDGE_CURVE('',#2127,#2150,#2152,.T.);
#2150 = VERTEX_POINT('',#2151);
#2151 = CARTESIAN_POINT('',(1.2192E+03,-18.,225.));
#2152 = SURFACE_CURVE('',#2153,(#2157,#2164),.PCURVE_S1.);
#2153 = LINE('',#2154,#2155);
#2154 = CARTESIAN_POINT('',(1.2192E+03,-18.,0.));
#2155 = VECTOR('',#2156,1.);
#2156 = DIRECTION('',(0.,0.,1.));
#2157 = PCURVE('',#2107,#2158);
#2158 = DEFINITIONAL_REPRESENTATION('',(#2159),#2163);
#2159 = LINE('',#2160,#2161);
#2160 = CARTESIAN_POINT('',(0.,-18.));
#2161 = VECTOR('',#2162,1.);
#2162 = DIRECTION('',(1.,0.));
#2163 =(GEOMETRIC_REPRESENTATION_CONTEXT(2)PARAMETRIC_REPRESENTATION_CONTEXT()REPRESENTATION_CONTEXT('2D SPACE',''));
#2164 = PCURVE('',#2055,#2165);
#2165 = DEFINITIONAL_REPRESENTATION('',(#2166),#2170);
#2166 = LINE('',#2167,#2168);
#2167 = CARTESIAN_POINT('',(0.,1.2192E+03));
#2168 = VECTOR('',#2169,1.);
#2169 = DIRECTION('',(1.,0.));
#2170 =(GEOMETRIC_REPRESENTATION_CONTEXT(2)PARAMETRIC_REPRESENTATION_CONTEXT()REPRESENTATION_CONTEXT('2D SPACE',''));
#2171 = ORIENTED_EDGE('',*,*,#2172,.F.);
#2172 = EDGE_CURVE('',#2099,#2150,#2173,.T.);
#2173 = SURFACE_CURVE('',#2174,(#2178,#2185),.PCURVE_S1.);
#2174 = LINE('',#2175,#2176);
#2175 = CARTESIAN_POINT('',(1.2192E+03,-36.,225.));
#2176 = VECTOR('',#2177,1.);
#2177 = DIRECTION('',(0.,1.,0.));
#2178 = PCURVE('',#2107,#2179);
#2179 = DEFINITIONAL_REPRESENTATION('',(#2180),#2184);
#2180 = LINE('',#2181,#2182);
#2181 = CARTESIAN_POINT('',(225.,0.));
#2182 = VECTOR('',#2183,1.);
#2183 = DIRECTION('',(0.,-1.));
#2184 =(GEOMETRIC_REPRESENTATION_CONTEXT(2)PARAMETRIC_REPRESENTATION_CONTEXT()REPRESENTATION_CONTEXT('2D SPACE',''));
#2185 = PCURVE('',#2081,#2186);
#2186 = DEFINITIONAL_REPRESENTATION('',(#2187),#2191);
#2187 = LINE('',#2188,#2189);
#2188 = CARTESIAN_POINT('',(1.2192E+03,0.));
#2189 = VECTOR('',#2190,1.);
#2190 = DIRECTION('',(0.,1.));
#2191 =(GEOMETRIC_REPRESENTATION_CONTEXT(2)PARAMETRIC_REPRESENTATION_CONTEXT()REPRESENTATION_CONTEXT('2D SPACE',''));
#2192 = ADVANCED_FACE('',(#2193),#1999,.F.);
#2193 = FACE_BOUND('',#2194,.F.);
#2194 = EDGE_LOOP('',(#2195,#2216,#2217,#2238));
#2195 = ORIENTED_EDGE('',*,*,#2196,.F.);
#2196 = EDGE_CURVE('',#1977,#2097,#2197,.T.);
#2197 = SURFACE_CURVE('',#2198,(#2202,#2209),.PCURVE_S1.);
#2198 = LINE('',#2199,#2200);
#2199 = CARTESIAN_POINT('',(0.,-36.,0.));
#2200 = VECTOR('',#2201,1.);
#2201 = DIRECTION('',(1.,0.,0.));
#2202 = PCURVE('',#1999,#2203);
#2203 = DEFINITIONAL_REPRESENTATION('',(#2204),#2208);
#2204 = LINE('',#2205,#2206);
#2205 = CARTESIAN_POINT('',(0.,0.));
#2206 = VECTOR('',#2207,1.);
#2207 = DIRECTION('',(0.,1.));
#2208 =(GEOMETRIC_REPRESENTATION_CONTEXT(2)PARAMETRIC_REPRESENTATION_CONTEXT()REPRESENTATION_CONTEXT('2D SPACE',''));
#2209 = PCURVE('',#2027,#2210);
#2210 = DEFINITIONAL_REPRESENTATION('',(#2211),#2215);
#2211 = LINE('',#2212,#2213);
#2212 = CARTESIAN_POINT('',(0.,0.));
#2213 = VECTOR('',#2214,1.);
#2214 = DIRECTION('',(1.,0.));
#2215 =(GEOMETRIC_REPRESENTATION_CONTEXT(2)PARAMETRIC_REPRESENTATION_CONTEXT()REPRESENTATION_CONTEXT('2D SPACE',''));
#2216 = ORIENTED_EDGE('',*,*,#1976,.T.);
#2217 = ORIENTED_EDGE('',*,*,#2218,.T.);
#2218 = EDGE_CURVE('',#1979,#2099,#2219,.T.);
#2219 = SURFACE_CURVE('',#2220,(#2224,#2231),.PCURVE_S1.);
#2220 = LINE('',#2221,#2222);
#2221 = CARTESIAN_POINT('',(0.,-36.,225.));
#2222 = VECTOR('',#2223,1.);
#2223 = DIRECTION('',(1.,0.,0.));
#2224 = PCURVE('',#1999,#2225);
#2225 = DEFINITIONAL_REPRESENTATION('',(#2226),#2230);
#2226 = LINE('',#2227,#2228);
#2227 = CARTESIAN_POINT('',(225.,0.));
#2228 = VECTOR('',#2229,1.);
#2229 = DIRECTION('',(0.,1.));
#2230 =(GEOMETRIC_REPRESENTATION_CONTEXT(2)PARAMETRIC_REPRESENTATION_CONTEXT()REPRESENTATION_CONTEXT('2D SPACE',''));
#2231 = PCURVE('',#2081,#2232);
#2232 = DEFINITIONAL_REPRESENTATION('',(#2233),#2237);
#2233 = LINE('',#2234,#2235);
#2234 = CARTESIAN_POINT('',(0.,0.));
#2235 = VECTOR('',#2236,1.);
#2236 = DIRECTION('',(1.,0.));
#2237 =(GEOMETRIC_REPRESENTATION_CONTEXT(2)PARAMETRIC_REPRESENTATION_CONTEXT()REPRESENTATION_CONTEXT('2D SPACE',''));
#2238 = ORIENTED_EDGE('',*,*,#2096,.F.);
#2239 = ADVANCED_FACE('',(#2240),#2055,.T.);
#2240 = FACE_BOUND('',#2241,.T.);
#2241 = EDGE_LOOP('',(#2242,#2263,#2264,#2285));
#2242 = ORIENTED_EDGE('',*,*,#2243,.F.);
#2243 = EDGE_CURVE('',#2012,#2127,#2244,.T.);
#2244 = SURFACE_CURVE('',#2245,(#2249,#2256),.PCURVE_S1.);
#2245 = LINE('',#2246,#2247);
#2246 = CARTESIAN_POINT('',(0.,-18.,0.));
#2247 = VECTOR('',#2248,1.);
#2248 = DIRECTION('',(1.,0.,0.));
#2249 = PCURVE('',#2055,#2250);
#2250 = DEFINITIONAL_REPRESENTATION('',(#2251),#2255);
#2251 = LINE('',#2252,#2253);
#2252 = CARTESIAN_POINT('',(0.,0.));
#2253 = VECTOR('',#2254,1.);
#2254 = DIRECTION('',(0.,1.));
#2255 =(GEOMETRIC_REPRESENTATION_CONTEXT(2)PARAMETRIC_REPRESENTATION_CONTEXT()REPRESENTATION_CONTEXT('2D SPACE',''));
#2256 = PCURVE('',#2027,#2257);
#2257 = DEFINITIONAL_REPRESENTATION('',(#2258),#2262);
#2258 = LINE('',#2259,#2260);
#2259 = CARTESIAN_POINT('',(0.,18.));
#2260 = VECTOR('',#2261,1.);
#2261 = DIRECTION('',(1.,0.));
#2262 =(GEOMETRIC_REPRESENTATION_CONTEXT(2)PARAMETRIC_REPRESENTATION_CONTEXT()REPRESENTATION_CONTEXT('2D SPACE',''));
#2263 = ORIENTED_EDGE('',*,*,#2039,.T.);
#2264 = ORIENTED_EDGE('',*,*,#2265,.T.);
#2265 = EDGE_CURVE('',#2040,#2150,#2266,.T.);
#2266 = SURFACE_CURVE('',#2267,(#2271,#2278),.PCURVE_S1.);
#2267 = LINE('',#2268,#2269);
#2268 = CARTESIAN_POINT('',(0.,-18.,225.));
#2269 = VECTOR('',#2270,1.);
#2270 = DIRECTION('',(1.,0.,0.));
#2271 = PCURVE('',#2055,#2272);
#2272 = DEFINITIONAL_REPRESENTATION('',(#2273),#2277);
#2273 = LINE('',#2274,#2275);
#2274 = CARTESIAN_POINT('',(225.,0.));
#2275 = VECTOR('',#2276,1.);
#2276 = DIRECTION('',(0.,1.));
#2277 =(GEOMETRIC_REPRESENTATION_CONTEXT(2)PARAMETRIC_REPRESENTATION_CONTEXT()REPRESENTATION_CONTEXT('2D SPACE',''));
#2278 = PCURVE('',#2081,#2279);
#2279 = DEFINITIONAL_REPRESENTATION('',(#2280),#2284);
#2280 = LINE('',#2281,#2282);
#2281 = CARTESIAN_POINT('',(0.,18.));
#2282 = VECTOR('',#2283,1.);
#2283 = DIRECTION('',(1.,0.));
#2284 =(GEOMETRIC_REPRESENTATION_CONTEXT(2)PARAMETRIC_REPRESENTATION_CONTEXT()REPRESENTATION_CONTEXT('2D SPACE',''));
#2285 = ORIENTED_EDGE('',*,*,#2149,.F.);
#2286 = ADVANCED_FACE('',(#2287),#2027,.F.);
#2287 = FACE_BOUND('',#2288,.F.);
#2288 = EDGE_LOOP('',(#2289,#2290,#2291,#2292));
#2289 = ORIENTED_EDGE('',*,*,#2011,.F.);
#2290 = ORIENTED_EDGE('',*,*,#2196,.T.);
#2291 = ORIENTED_EDGE('',*,*,#2126,.T.);
#2292 = ORIENTED_EDGE('',*,*,#2243,.F.);
#2293 = ADVANCED_FACE('',(#2294),#2081,.T.);
#2294 = FACE_BOUND('',#2295,.T.);
#2295 = EDGE_LOOP('',(#2296,#2297,#2298,#2299));
#2296 = ORIENTED_EDGE('',*,*,#2067,.F.);
#2297 = ORIENTED_EDGE('',*,*,#2218,.T.);
#2298 = ORIENTED_EDGE('',*,*,#2172,.T.);
#2299 = ORIENTED_EDGE('',*,*,#2265,.F.);
#2300 =(GEOMETRIC_REPRESENTATION_CONTEXT(3)GLOBAL_UNCERTAINTY_ASSIGNED_CONTEXT((#2304))GLOBAL_UNIT_ASSIGNED_CONTEXT((#2301,#2302,#2303))REPRESENTATION_CONTEXT('Context #1','3D Context with UNIT and UNCERTAINTY'));
#2301 =(LENGTH_UNIT()NAMED_UNIT(*)SI_UNIT(.MILLI.,.METRE.));
#2302 =(NAMED_UNIT(*)PLANE_ANGLE_UNIT()SI_UNIT($,.RADIAN.));
#2303 =(NAMED_UNIT(*)SI_UNIT($,.STERADIAN.)SOLID_ANGLE_UNIT());
#2304 = UNCERTAINTY_MEASURE_WITH_UNIT(LENGTH_MEASURE(1.E-07),#2301,'distance_accuracy_value','confusion accuracy');
#2305 = CONTEXT_DEPENDENT_SHAPE_REPRESENTATION(#2306,#2308);
#2306 =(REPRESENTATION_RELATIONSHIP('','',#1969,#10)REPRESENTATION_RELATIONSHIP_WITH_TRANSFORMATION(#2307)SHAPE_REPRESENTATION_RELATIONSHIP());
#2307 = ITEM_DEFINED_TRANSFORMATION('','',#11,#35);
#2308 = PRODUCT_DEFINITION_SHAPE('Placement','Placement of an item',#2309);
#2309 = NEXT_ASSEMBLY_USAGE_OCCURRENCE('6','kicker_right','',#5,#1964,$);
#2310 = PRODUCT_RELATED_PRODUCT_CATEGORY('part',$,(#1966));
#2311 = SHAPE_DEFINITION_REPRESENTATION(#2312,#2318);
#2312 = PRODUCT_DEFINITION_SHAPE('','',#2313);
#2313 = PRODUCT_DEFINITION('design','',#2314,#2317);
#2314 = PRODUCT_DEFINITION_FORMATION('','',#2315);
#2315 = PRODUCT('box_side_left','box_side_left','',(#2316));
#2316 = PRODUCT_CONTEXT('',#2,'mechanical');
#2317 = PRODUCT_DEFINITION_CONTEXT('part definition',#2,'design');
#2318 = ADVANCED_BREP_SHAPE_REPRESENTATION('',(#11,#2319),#2649);
#2319 = MANIFOLD_SOLID_BREP('',#2320);
#2320 = CLOSED_SHELL('',(#2321,#2441,#2541,#2588,#2635,#2642));
#2321 = ADVANCED_FACE('',(#2322),#2336,.F.);
#2322 = FACE_BOUND('',#2323,.F.);
#2323 = EDGE_LOOP('',(#2324,#2359,#2387,#2415));
#2324 = ORIENTED_EDGE('',*,*,#2325,.F.);
#2325 = EDGE_CURVE('',#2326,#2328,#2330,.T.);
#2326 = VERTEX_POINT('',#2327);
#2327 = CARTESIAN_POINT('',(-1.2573E+03,-159.0670842003,343.36933832377));
#2328 = VERTEX_POINT('',#2329);
#2329 = CARTESIAN_POINT('',(-1.2573E+03,1.408306223259E+03,2.211292108425E+03));
#2330 = SURFACE_CURVE('',#2331,(#2335,#2347),.PCURVE_S1.);
#2331 = LINE('',#2332,#2333);
#2332 = CARTESIAN_POINT('',(-1.2573E+03,-159.0670842003,343.36933832377));
#2333 = VECTOR('',#2334,1.);
#2334 = DIRECTION('',(0.,0.642787609687,0.766044443119));
#2335 = PCURVE('',#2336,#2341);
#2336 = PLANE('',#2337);
#2337 = AXIS2_PLACEMENT_3D('',#2338,#2339,#2340);
#2338 = CARTESIAN_POINT('',(-1.2573E+03,-159.0670842003,343.36933832377));
#2339 = DIRECTION('',(1.,0.,0.));
#2340 = DIRECTION('',(0.,0.642787609687,0.766044443119));
#2341 = DEFINITIONAL_REPRESENTATION('',(#2342),#2346);
#2342 = LINE('',#2343,#2344);
#2343 = CARTESIAN_POINT('',(0.,0.));
#2344 = VECTOR('',#2345,1.);
#2345 = DIRECTION('',(1.,0.));
#2346 =(GEOMETRIC_REPRESENTATION_CONTEXT(2)PARAMETRIC_REPRESENTATION_CONTEXT()REPRESENTATION_CONTEXT('2D SPACE',''));
#2347 = PCURVE('',#2348,#2353);
#2348 = PLANE('',#2349);
#2349 = AXIS2_PLACEMENT_3D('',#2350,#2351,#2352);
#2350 = CARTESIAN_POINT('',(-1.2573E+03,-159.0670842003,343.36933832377));
#2351 = DIRECTION('',(0.,0.766044443119,-0.642787609687));
#2352 = DIRECTION('',(0.,0.642787609687,0.766044443119));
#2353 = DEFINITIONAL_REPRESENTATION('',(#2354),#2358);
#2354 = LINE('',#2355,#2356);
#2355 = CARTESIAN_POINT('',(0.,0.));
#2356 = VECTOR('',#2357,1.);
#2357 = DIRECTION('',(1.,0.));
#2358 =(GEOMETRIC_REPRESENTATION_CONTEXT(2)PARAMETRIC_REPRESENTATION_CONTEXT()REPRESENTATION_CONTEXT('2D SPACE',''));
#2359 = ORIENTED_EDGE('',*,*,#2360,.T.);
#2360 = EDGE_CURVE('',#2326,#2361,#2363,.T.);
#2361 = VERTEX_POINT('',#2362);
#2362 = CARTESIAN_POINT('',(-1.2573E+03,-18.,225.));
#2363 = SURFACE_CURVE('',#2364,(#2368,#2375),.PCURVE_S1.);
#2364 = LINE('',#2365,#2366);
#2365 = CARTESIAN_POINT('',(-1.2573E+03,-159.0670842003,343.36933832377));
#2366 = VECTOR('',#2367,1.);
#2367 = DIRECTION('',(0.,0.766044443119,-0.642787609687));
#2368 = PCURVE('',#2336,#2369);
#2369 = DEFINITIONAL_REPRESENTATION('',(#2370),#2374);
#2370 = LINE('',#2371,#2372);
#2371 = CARTESIAN_POINT('',(0.,0.));
#2372 = VECTOR('',#2373,1.);
#2373 = DIRECTION('',(0.,-1.));
#2374 =(GEOMETRIC_REPRESENTATION_CONTEXT(2)PARAMETRIC_REPRESENTATION_CONTEXT()REPRESENTATION_CONTEXT('2D SPACE',''));
#2375 = PCURVE('',#2376,#2381);
#2376 = PLANE('',#2377);
#2377 = AXIS2_PLACEMENT_3D('',#2378,#2379,#2380);
#2378 = CARTESIAN_POINT('',(-1.2573E+03,-159.0670842003,343.36933832377));
#2379 = DIRECTION('',(0.,0.642787609687,0.766044443119));
#2380 = DIRECTION('',(1.,0.,0.));
#2381 = DEFINITIONAL_REPRESENTATION('',(#2382),#2386);
#2382 = LINE('',#2383,#2384);
#2383 = CARTESIAN_POINT('',(0.,0.));
#2384 = VECTOR('',#2385,1.);
#2385 = DIRECTION('',(0.,1.));
#2386 =(GEOMETRIC_REPRESENTATION_CONTEXT(2)PARAMETRIC_REPRESENTATION_CONTEXT()REPRESENTATION_CONTEXT('2D SPACE',''));
#2387 = ORIENTED_EDGE('',*,*,#2388,.T.);
#2388 = EDGE_CURVE('',#2361,#2389,#2391,.T.);
#2389 = VERTEX_POINT('',#2390);
#2390 = CARTESIAN_POINT('',(-1.2573E+03,1.54937330746E+03,2.092922770101E+03));
#2391 = SURFACE_CURVE('',#2392,(#2396,#2403),.PCURVE_S1.);
#2392 = LINE('',#2393,#2394);
#2393 = CARTESIAN_POINT('',(-1.2573E+03,-18.,225.));
#2394 = VECTOR('',#2395,1.);
#2395 = DIRECTION('',(0.,0.642787609687,0.766044443119));
#2396 = PCURVE('',#2336,#2397);
#2397 = DEFINITIONAL_REPRESENTATION('',(#2398),#2402);
#2398 = LINE('',#2399,#2400);
#2399 = CARTESIAN_POINT('',(4.263256414561E-14,-184.15));
#2400 = VECTOR('',#2401,1.);
#2401 = DIRECTION('',(1.,0.));
#2402 =(GEOMETRIC_REPRESENTATION_CONTEXT(2)PARAMETRIC_REPRESENTATION_CONTEXT()REPRESENTATION_CONTEXT('2D SPACE',''));
#2403 = PCURVE('',#2404,#2409);
#2404 = PLANE('',#2405);
#2405 = AXIS2_PLACEMENT_3D('',#2406,#2407,#2408);
#2406 = CARTESIAN_POINT('',(-1.2573E+03,-18.,225.));
#2407 = DIRECTION('',(0.,0.766044443119,-0.642787609687));
#2408 = DIRECTION('',(0.,0.642787609687,0.766044443119));
#2409 = DEFINITIONAL_REPRESENTATION('',(#2410),#2414);
#2410 = LINE('',#2411,#2412);
#2411 = CARTESIAN_POINT('',(0.,0.));
#2412 = VECTOR('',#2413,1.);
#2413 = DIRECTION('',(1.,0.));
#2414 =(GEOMETRIC_REPRESENTATION_CONTEXT(2)PARAMETRIC_REPRESENTATION_CONTEXT()REPRESENTATION_CONTEXT('2D SPACE',''));
#2415 = ORIENTED_EDGE('',*,*,#2416,.F.);
#2416 = EDGE_CURVE('',#2328,#2389,#2417,.T.);
#2417 = SURFACE_CURVE('',#2418,(#2422,#2429),.PCURVE_S1.);
#2418 = LINE('',#2419,#2420);
#2419 = CARTESIAN_POINT('',(-1.2573E+03,1.408306223259E+03,2.211292108425E+03));
#2420 = VECTOR('',#2421,1.);
#2421 = DIRECTION('',(0.,0.766044443119,-0.642787609687));
#2422 = PCURVE('',#2336,#2423);
#2423 = DEFINITIONAL_REPRESENTATION('',(#2424),#2428);
#2424 = LINE('',#2425,#2426);
#2425 = CARTESIAN_POINT('',(2.4384E+03,0.));
#2426 = VECTOR('',#2427,1.);
#2427 = DIRECTION('',(0.,-1.));
#2428 =(GEOMETRIC_REPRESENTATION_CONTEXT(2)PARAMETRIC_REPRESENTATION_CONTEXT()REPRESENTATION_CONTEXT('2D SPACE',''));
#2429 = PCURVE('',#2430,#2435);
#2430 = PLANE('',#2431);
#2431 = AXIS2_PLACEMENT_3D('',#2432,#2433,#2434);
#2432 = CARTESIAN_POINT('',(-1.2573E+03,1.408306223259E+03,2.211292108425E+03));
#2433 = DIRECTION('',(0.,0.642787609687,0.766044443119));
#2434 = DIRECTION('',(1.,0.,0.));
#2435 = DEFINITIONAL_REPRESENTATION('',(#2436),#2440);
#2436 = LINE('',#2437,#2438);
#2437 = CARTESIAN_POINT('',(0.,0.));
#2438 = VECTOR('',#2439,1.);
#2439 = DIRECTION('',(0.,1.));
#2440 =(GEOMETRIC_REPRESENTATION_CONTEXT(2)PARAMETRIC_REPRESENTATION_CONTEXT()REPRESENTATION_CONTEXT('2D SPACE',''));
#2441 = ADVANCED_FACE('',(#2442),#2456,.T.);
#2442 = FACE_BOUND('',#2443,.T.);
#2443 = EDGE_LOOP('',(#2444,#2474,#2497,#2520));
#2444 = ORIENTED_EDGE('',*,*,#2445,.F.);
#2445 = EDGE_CURVE('',#2446,#2448,#2450,.T.);
#2446 = VERTEX_POINT('',#2447);
#2447 = CARTESIAN_POINT('',(-1.2192E+03,-159.0670842003,343.36933832377));
#2448 = VERTEX_POINT('',#2449);
#2449 = CARTESIAN_POINT('',(-1.2192E+03,1.408306223259E+03,2.211292108425E+03));
#2450 = SURFACE_CURVE('',#2451,(#2455,#2467),.PCURVE_S1.);
#2451 = LINE('',#2452,#2453);
#2452 = CARTESIAN_POINT('',(-1.2192E+03,-159.0670842003,343.36933832377));
#2453 = VECTOR('',#2454,1.);
#2454 = DIRECTION('',(0.,0.642787609687,0.766044443119));
#2455 = PCURVE('',#2456,#2461);
#2456 = PLANE('',#2457);
#2457 = AXIS2_PLACEMENT_3D('',#2458,#2459,#2460);
#2458 = CARTESIAN_POINT('',(-1.2192E+03,-159.0670842003,343.36933832377));
#2459 = DIRECTION('',(1.,0.,0.));
#2460 = DIRECTION('',(0.,0.642787609687,0.766044443119));
#2461 = DEFINITIONAL_REPRESENTATION('',(#2462),#2466);
#2462 = LINE('',#2463,#2464);
#2463 = CARTESIAN_POINT('',(0.,0.));
#2464 = VECTOR('',#2465,1.);
#2465 = DIRECTION('',(1.,0.));
#2466 =(GEOMETRIC_REPRESENTATION_CONTEXT(2)PARAMETRIC_REPRESENTATION_CONTEXT()REPRESENTATION_CONTEXT('2D SPACE',''));
#2467 = PCURVE('',#2348,#2468);
#2468 = DEFINITIONAL_REPRESENTATION('',(#2469),#2473);
#2469 = LINE('',#2470,#2471);
#2470 = CARTESIAN_POINT('',(0.,38.1));
#2471 = VECTOR('',#2472,1.);
#2472 = DIRECTION('',(1.,0.));
#2473 =(GEOMETRIC_REPRESENTATION_CONTEXT(2)PARAMETRIC_REPRESENTATION_CONTEXT()REPRESENTATION_CONTEXT('2D SPACE',''));
#2474 = ORIENTED_EDGE('',*,*,#2475,.T.);
#2475 = EDGE_CURVE('',#2446,#2476,#2478,.T.);
#2476 = VERTEX_POINT('',#2477);
#2477 = CARTESIAN_POINT('',(-1.2192E+03,-18.,225.));
#2478 = SURFACE_CURVE('',#2479,(#2483,#2490),.PCURVE_S1.);
#2479 = LINE('',#2480,#2481);
#2480 = CARTESIAN_POINT('',(-1.2192E+03,-159.0670842003,343.36933832377));
#2481 = VECTOR('',#2482,1.);
#2482 = DIRECTION('',(0.,0.766044443119,-0.642787609687));
#2483 = PCURVE('',#2456,#2484);
#2484 = DEFINITIONAL_REPRESENTATION('',(#2485),#2489);
#2485 = LINE('',#2486,#2487);
#2486 = CARTESIAN_POINT('',(0.,0.));
#2487 = VECTOR('',#2488,1.);
#2488 = DIRECTION('',(0.,-1.));
#2489 =(GEOMETRIC_REPRESENTATION_CONTEXT(2)PARAMETRIC_REPRESENTATION_CONTEXT()REPRESENTATION_CONTEXT('2D SPACE',''));
#2490 = PCURVE('',#2376,#2491);
#2491 = DEFINITIONAL_REPRESENTATION('',(#2492),#2496);
#2492 = LINE('',#2493,#2494);
#2493 = CARTESIAN_POINT('',(38.1,0.));
#2494 = VECTOR('',#2495,1.);
#2495 = DIRECTION('',(0.,1.));
#2496 =(GEOMETRIC_REPRESENTATION_CONTEXT(2)PARAMETRIC_REPRESENTATION_CONTEXT()REPRESENTATION_CONTEXT('2D SPACE',''));
#2497 = ORIENTED_EDGE('',*,*,#2498,.T.);
#2498 = EDGE_CURVE('',#2476,#2499,#2501,.T.);
#2499 = VERTEX_POINT('',#2500);
#2500 = CARTESIAN_POINT('',(-1.2192E+03,1.54937330746E+03,2.092922770101E+03));
#2501 = SURFACE_CURVE('',#2502,(#2506,#2513),.PCURVE_S1.);
#2502 = LINE('',#2503,#2504);
#2503 = CARTESIAN_POINT('',(-1.2192E+03,-18.,225.));
#2504 = VECTOR('',#2505,1.);
#2505 = DIRECTION('',(0.,0.642787609687,0.766044443119));
#2506 = PCURVE('',#2456,#2507);
#2507 = DEFINITIONAL_REPRESENTATION('',(#2508),#2512);
#2508 = LINE('',#2509,#2510);
#2509 = CARTESIAN_POINT('',(4.263256414561E-14,-184.15));
#2510 = VECTOR('',#2511,1.);
#2511 = DIRECTION('',(1.,0.));
#2512 =(GEOMETRIC_REPRESENTATION_CONTEXT(2)PARAMETRIC_REPRESENTATION_CONTEXT()REPRESENTATION_CONTEXT('2D SPACE',''));
#2513 = PCURVE('',#2404,#2514);
#2514 = DEFINITIONAL_REPRESENTATION('',(#2515),#2519);
#2515 = LINE('',#2516,#2517);
#2516 = CARTESIAN_POINT('',(0.,38.1));
#2517 = VECTOR('',#2518,1.);
#2518 = DIRECTION('',(1.,0.));
#2519 =(GEOMETRIC_REPRESENTATION_CONTEXT(2)PARAMETRIC_REPRESENTATION_CONTEXT()REPRESENTATION_CONTEXT('2D SPACE',''));
#2520 = ORIENTED_EDGE('',*,*,#2521,.F.);
#2521 = EDGE_CURVE('',#2448,#2499,#2522,.T.);
#2522 = SURFACE_CURVE('',#2523,(#2527,#2534),.PCURVE_S1.);
#2523 = LINE('',#2524,#2525);
#2524 = CARTESIAN_POINT('',(-1.2192E+03,1.408306223259E+03,2.211292108425E+03));
#2525 = VECTOR('',#2526,1.);
#2526 = DIRECTION('',(0.,0.766044443119,-0.642787609687));
#2527 = PCURVE('',#2456,#2528);
#2528 = DEFINITIONAL_REPRESENTATION('',(#2529),#2533);
#2529 = LINE('',#2530,#2531);
#2530 = CARTESIAN_POINT('',(2.4384E+03,0.));
#2531 = VECTOR('',#2532,1.);
#2532 = DIRECTION('',(0.,-1.));
#2533 =(GEOMETRIC_REPRESENTATION_CONTEXT(2)PARAMETRIC_REPRESENTATION_CONTEXT()REPRESENTATION_CONTEXT('2D SPACE',''));
#2534 = PCURVE('',#2430,#2535);
#2535 = DEFINITIONAL_REPRESENTATION('',(#2536),#2540);
#2536 = LINE('',#2537,#2538);
#2537 = CARTESIAN_POINT('',(38.1,0.));
#2538 = VECTOR('',#2539,1.);
#2539 = DIRECTION('',(0.,1.));
#2540 =(GEOMETRIC_REPRESENTATION_CONTEXT(2)PARAMETRIC_REPRESENTATION_CONTEXT()REPRESENTATION_CONTEXT('2D SPACE',''));
#2541 = ADVANCED_FACE('',(#2542),#2348,.F.);
#2542 = FACE_BOUND('',#2543,.F.);
#2543 = EDGE_LOOP('',(#2544,#2565,#2566,#2587));
#2544 = ORIENTED_EDGE('',*,*,#2545,.F.);
#2545 = EDGE_CURVE('',#2326,#2446,#2546,.T.);
#2546 = SURFACE_CURVE('',#2547,(#2551,#2558),.PCURVE_S1.);
#2547 = LINE('',#2548,#2549);
#2548 = CARTESIAN_POINT('',(-1.2573E+03,-159.0670842003,343.36933832377));
#2549 = VECTOR('',#2550,1.);
#2550 = DIRECTION('',(1.,0.,0.));
#2551 = PCURVE('',#2348,#2552);
#2552 = DEFINITIONAL_REPRESENTATION('',(#2553),#2557);
#2553 = LINE('',#2554,#2555);
#2554 = CARTESIAN_POINT('',(0.,0.));
#2555 = VECTOR('',#2556,1.);
#2556 = DIRECTION('',(0.,1.));
#2557 =(GEOMETRIC_REPRESENTATION_CONTEXT(2)PARAMETRIC_REPRESENTATION_CONTEXT()REPRESENTATION_CONTEXT('2D SPACE',''));
#2558 = PCURVE('',#2376,#2559);
#2559 = DEFINITIONAL_REPRESENTATION('',(#2560),#2564);
#2560 = LINE('',#2561,#2562);
#2561 = CARTESIAN_POINT('',(0.,0.));
#2562 = VECTOR('',#2563,1.);
#2563 = DIRECTION('',(1.,0.));
#2564 =(GEOMETRIC_REPRESENTATION_CONTEXT(2)PARAMETRIC_REPRESENTATION_CONTEXT()REPRESENTATION_CONTEXT('2D SPACE',''));
#2565 = ORIENTED_EDGE('',*,*,#2325,.T.);
#2566 = ORIENTED_EDGE('',*,*,#2567,.T.);
#2567 = EDGE_CURVE('',#2328,#2448,#2568,.T.);
#2568 = SURFACE_CURVE('',#2569,(#2573,#2580),.PCURVE_S1.);
#2569 = LINE('',#2570,#2571);
#2570 = CARTESIAN_POINT('',(-1.2573E+03,1.408306223259E+03,2.211292108425E+03));
#2571 = VECTOR('',#2572,1.);
#2572 = DIRECTION('',(1.,0.,0.));
#2573 = PCURVE('',#2348,#2574);
#2574 = DEFINITIONAL_REPRESENTATION('',(#2575),#2579);
#2575 = LINE('',#2576,#2577);
#2576 = CARTESIAN_POINT('',(2.4384E+03,0.));
#2577 = VECTOR('',#2578,1.);
#2578 = DIRECTION('',(0.,1.));
#2579 =(GEOMETRIC_REPRESENTATION_CONTEXT(2)PARAMETRIC_REPRESENTATION_CONTEXT()REPRESENTATION_CONTEXT('2D SPACE',''));
#2580 = PCURVE('',#2430,#2581);
#2581 = DEFINITIONAL_REPRESENTATION('',(#2582),#2586);
#2582 = LINE('',#2583,#2584);
#2583 = CARTESIAN_POINT('',(0.,0.));
#2584 = VECTOR('',#2585,1.);
#2585 = DIRECTION('',(1.,0.));
#2586 =(GEOMETRIC_REPRESENTATION_CONTEXT(2)PARAMETRIC_REPRESENTATION_CONTEXT()REPRESENTATION_CONTEXT('2D SPACE',''));
#2587 = ORIENTED_EDGE('',*,*,#2445,.F.);
#2588 = ADVANCED_FACE('',(#2589),#2404,.T.);
#2589 = FACE_BOUND('',#2590,.T.);
#2590 = EDGE_LOOP('',(#2591,#2612,#2613,#2634));
#2591 = ORIENTED_EDGE('',*,*,#2592,.F.);
#2592 = EDGE_CURVE('',#2361,#2476,#2593,.T.);
#2593 = SURFACE_CURVE('',#2594,(#2598,#2605),.PCURVE_S1.);
#2594 = LINE('',#2595,#2596);
#2595 = CARTESIAN_POINT('',(-1.2573E+03,-18.,225.));
#2596 = VECTOR('',#2597,1.);
#2597 = DIRECTION('',(1.,0.,0.));
#2598 = PCURVE('',#2404,#2599);
#2599 = DEFINITIONAL_REPRESENTATION('',(#2600),#2604);
#2600 = LINE('',#2601,#2602);
#2601 = CARTESIAN_POINT('',(0.,0.));
#2602 = VECTOR('',#2603,1.);
#2603 = DIRECTION('',(0.,1.));
#2604 =(GEOMETRIC_REPRESENTATION_CONTEXT(2)PARAMETRIC_REPRESENTATION_CONTEXT()REPRESENTATION_CONTEXT('2D SPACE',''));
#2605 = PCURVE('',#2376,#2606);
#2606 = DEFINITIONAL_REPRESENTATION('',(#2607),#2611);
#2607 = LINE('',#2608,#2609);
#2608 = CARTESIAN_POINT('',(0.,184.15));
#2609 = VECTOR('',#2610,1.);
#2610 = DIRECTION('',(1.,0.));
#2611 =(GEOMETRIC_REPRESENTATION_CONTEXT(2)PARAMETRIC_REPRESENTATION_CONTEXT()REPRESENTATION_CONTEXT('2D SPACE',''));
#2612 = ORIENTED_EDGE('',*,*,#2388,.T.);
#2613 = ORIENTED_EDGE('',*,*,#2614,.T.);
#2614 = EDGE_CURVE('',#2389,#2499,#2615,.T.);
#2615 = SURFACE_CURVE('',#2616,(#2620,#2627),.PCURVE_S1.);
#2616 = LINE('',#2617,#2618);
#2617 = CARTESIAN_POINT('',(-1.2573E+03,1.54937330746E+03,2.092922770101E+03));
#2618 = VECTOR('',#2619,1.);
#2619 = DIRECTION('',(1.,0.,0.));
#2620 = PCURVE('',#2404,#2621);
#2621 = DEFINITIONAL_REPRESENTATION('',(#2622),#2626);
#2622 = LINE('',#2623,#2624);
#2623 = CARTESIAN_POINT('',(2.4384E+03,0.));
#2624 = VECTOR('',#2625,1.);
#2625 = DIRECTION('',(0.,1.));
#2626 =(GEOMETRIC_REPRESENTATION_CONTEXT(2)PARAMETRIC_REPRESENTATION_CONTEXT()REPRESENTATION_CONTEXT('2D SPACE',''));
#2627 = PCURVE('',#2430,#2628);
#2628 = DEFINITIONAL_REPRESENTATION('',(#2629),#2633);
#2629 = LINE('',#2630,#2631);
#2630 = CARTESIAN_POINT('',(0.,184.15));
#2631 = VECTOR('',#2632,1.);
#2632 = DIRECTION('',(1.,0.));
#2633 =(GEOMETRIC_REPRESENTATION_CONTEXT(2)PARAMETRIC_REPRESENTATION_CONTEXT()REPRESENTATION_CONTEXT('2D SPACE',''));
#2634 = ORIENTED_EDGE('',*,*,#2498,.F.);
#2635 = ADVANCED_FACE('',(#2636),#2376,.F.);
#2636 = FACE_BOUND('',#2637,.F.);
#2637 = EDGE_LOOP('',(#2638,#2639,#2640,#2641));
#2638 = ORIENTED_EDGE('',*,*,#2360,.F.);
#2639 = ORIENTED_EDGE('',*,*,#2545,.T.);
#2640 = ORIENTED_EDGE('',*,*,#2475,.T.);
#2641 = ORIENTED_EDGE('',*,*,#2592,.F.);
#2642 = ADVANCED_FACE('',(#2643),#2430,.T.);
#2643 = FACE_BOUND('',#2644,.T.);
#2644 = EDGE_LOOP('',(#2645,#2646,#2647,#2648));
#2645 = ORIENTED_EDGE('',*,*,#2416,.F.);
#2646 = ORIENTED_EDGE('',*,*,#2567,.T.);
#2647 = ORIENTED_EDGE('',*,*,#2521,.T.);
#2648 = ORIENTED_EDGE('',*,*,#2614,.F.);
#2649 =(GEOMETRIC_REPRESENTATION_CONTEXT(3)GLOBAL_UNCERTAINTY_ASSIGNED_CONTEXT((#2653))GLOBAL_UNIT_ASSIGNED_CONTEXT((#2650,#2651,#2652))REPRESENTATION_CONTEXT('Context #1','3D Context with UNIT and UNCERTAINTY'));
#2650 =(LENGTH_UNIT()NAMED_UNIT(*)SI_UNIT(.MILLI.,.METRE.));
#2651 =(NAMED_UNIT(*)PLANE_ANGLE_UNIT()SI_UNIT($,.RADIAN.));
#2652 =(NAMED_UNIT(*)SI_UNIT($,.STERADIAN.)SOLID_ANGLE_UNIT());
#2653 = UNCERTAINTY_MEASURE_WITH_UNIT(LENGTH_MEASURE(1.E-07),#2650,'distance_accuracy_value','confusion accuracy');
#2654 = CONTEXT_DEPENDENT_SHAPE_REPRESENTATION(#2655,#2657);
#2655 =(REPRESENTATION_RELATIONSHIP('','',#2318,#10)REPRESENTATION_RELATIONSHIP_WITH_TRANSFORMATION(#2656)SHAPE_REPRESENTATION_RELATIONSHIP());
#2656 = ITEM_DEFINED_TRANSFORMATION('','',#11,#39);
#2657 = PRODUCT_DEFINITION_SHAPE('Placement','Placement of an item',#2658);
#2658 = NEXT_ASSEMBLY_USAGE_OCCURRENCE('7','box_side_left','',#5,#2313,$);
#2659 = PRODUCT_RELATED_PRODUCT_CATEGORY('part',$,(#2315));
#2660 = SHAPE_DEFINITION_REPRESENTATION(#2661,#2667);
#2661 = PRODUCT_DEFINITION_SHAPE('','',#2662);
#2662 = PRODUCT_DEFINITION('design','',#2663,#2666);
#2663 = PRODUCT_DEFINITION_FORMATION('','',#2664);
#2664 = PRODUCT('leg_left','leg_left','',(#2665));
#2665 = PRODUCT_CONTEXT('',#2,'mechanical');
#2666 = PRODUCT_DEFINITION_CONTEXT('part definition',#2,'design');
#2667 = ADVANCED_BREP_SHAPE_REPRESENTATION('',(#11,#2668),#3224);
#2668 = MANIFOLD_SOLID_BREP('',#2669);
#2669 = CLOSED_SHELL('',(#2670,#2873,#2947,#2994,#3039,#3088,#3138,#3187,#3214));
#2670 = ADVANCED_FACE('',(#2671),#2685,.F.);
#2671 = FACE_BOUND('',#2672,.F.);
#2672 = EDGE_LOOP('',(#2673,#2708,#2736,#2764,#2793,#2821,#2847));
#2673 = ORIENTED_EDGE('',*,*,#2674,.T.);
#2674 = EDGE_CURVE('',#2675,#2677,#2679,.T.);
#2675 = VERTEX_POINT('',#2676);
#2676 = CARTESIAN_POINT('',(-1.2954E+03,965.73897079058,1.400602579555E+03));
#2677 = VERTEX_POINT('',#2678);
#2678 = CARTESIAN_POINT('',(-1.2954E+03,1.188851163991E+03,1.666497337354E+03));
#2679 = SURFACE_CURVE('',#2680,(#2684,#2696),.PCURVE_S1.);
#2680 = LINE('',#2681,#2682);
#2681 = CARTESIAN_POINT('',(-1.2954E+03,931.7361201166,1.360079560106E+03));
#2682 = VECTOR('',#2683,1.);
#2683 = DIRECTION('',(0.,0.642787609687,0.766044443119));
#2684 = PCURVE('',#2685,#2690);
#2685 = PLANE('',#2686);
#2686 = AXIS2_PLACEMENT_3D('',#2687,#2688,#2689);
#2687 = CARTESIAN_POINT('',(-1.2954E+03,793.84812035519,1.47578132985E+03));
#2688 = DIRECTION('',(1.,0.,0.));
#2689 = DIRECTION('',(0.,0.642787609687,0.766044443119));
#2690 = DEFINITIONAL_REPRESENTATION('',(#2691),#2695);
#2691 = LINE('',#2692,#2693);
#2692 = CARTESIAN_POINT('',(-1.42108547152E-14,-180.));
#2693 = VECTOR('',#2694,1.);
#2694 = DIRECTION('',(1.,0.));
#2695 =(GEOMETRIC_REPRESENTATION_CONTEXT(2)PARAMETRIC_REPRESENTATION_CONTEXT()REPRESENTATION_CONTEXT('2D SPACE',''));
#2696 = PCURVE('',#2697,#2702);
#2697 = PLANE('',#2698);
#2698 = AXIS2_PLACEMENT_3D('',#2699,#2700,#2701);
#2699 = CARTESIAN_POINT('',(-1.2954E+03,931.7361201166,1.360079560106E+03));
#2700 = DIRECTION('',(0.,0.766044443119,-0.642787609687));
#2701 = DIRECTION('',(0.,0.642787609687,0.766044443119));
#2702 = DEFINITIONAL_REPRESENTATION('',(#2703),#2707);
#2703 = LINE('',#2704,#2705);
#2704 = CARTESIAN_POINT('',(0.,0.));
#2705 = VECTOR('',#2706,1.);
#2706 = DIRECTION('',(1.,0.));
#2707 =(GEOMETRIC_REPRESENTATION_CONTEXT(2)PARAMETRIC_REPRESENTATION_CONTEXT()REPRESENTATION_CONTEXT('2D SPACE',''));
#2708 = ORIENTED_EDGE('',*,*,#2709,.F.);
#2709 = EDGE_CURVE('',#2710,#2677,#2712,.T.);
#2710 = VERTEX_POINT('',#2711);
#2711 = CARTESIAN_POINT('',(-1.2954E+03,1.05096316423E+03,1.782199107097E+03));
#2712 = SURFACE_CURVE('',#2713,(#2717,#2724),.PCURVE_S1.);
#2713 = LINE('',#2714,#2715);
#2714 = CARTESIAN_POINT('',(-1.2954E+03,1.05096316423E+03,1.782199107097E+03));
#2715 = VECTOR('',#2716,1.);
#2716 = DIRECTION('',(0.,0.766044443119,-0.642787609687));
#2717 = PCURVE('',#2685,#2718);
#2718 = DEFINITIONAL_REPRESENTATION('',(#2719),#2723);
#2719 = LINE('',#2720,#2721);
#2720 = CARTESIAN_POINT('',(400.,5.684341886081E-14));
#2721 = VECTOR('',#2722,1.);
#2722 = DIRECTION('',(0.,-1.));
#2723 =(GEOMETRIC_REPRESENTATION_CONTEXT(2)PARAMETRIC_REPRESENTATION_CONTEXT()REPRESENTATION_CONTEXT('2D SPACE',''));
#2724 = PCURVE('',#2725,#2730);
#2725 = PLANE('',#2726);
#2726 = AXIS2_PLACEMENT_3D('',#2727,#2728,#2729);
#2727 = CARTESIAN_POINT('',(-1.2954E+03,1.05096316423E+03,1.782199107097E+03));
#2728 = DIRECTION('',(0.,0.642787609687,0.766044443119));
#2729 = DIRECTION('',(1.,0.,0.));
#2730 = DEFINITIONAL_REPRESENTATION('',(#2731),#2735);
#2731 = LINE('',#2732,#2733);
#2732 = CARTESIAN_POINT('',(0.,0.));
#2733 = VECTOR('',#2734,1.);
#2734 = DIRECTION('',(0.,1.));
#2735 =(GEOMETRIC_REPRESENTATION_CONTEXT(2)PARAMETRIC_REPRESENTATION_CONTEXT()REPRESENTATION_CONTEXT('2D SPACE',''));
#2736 = ORIENTED_EDGE('',*,*,#2737,.F.);
#2737 = EDGE_CURVE('',#2738,#2710,#2740,.T.);
#2738 = VERTEX_POINT('',#2739);
#2739 = CARTESIAN_POINT('',(-1.2954E+03,793.84812035519,1.47578132985E+03));
#2740 = SURFACE_CURVE('',#2741,(#2745,#2752),.PCURVE_S1.);
#2741 = LINE('',#2742,#2743);
#2742 = CARTESIAN_POINT('',(-1.2954E+03,793.84812035519,1.47578132985E+03));
#2743 = VECTOR('',#2744,1.);
#2744 = DIRECTION('',(0.,0.642787609687,0.766044443119));
#2745 = PCURVE('',#2685,#2746);
#2746 = DEFINITIONAL_REPRESENTATION('',(#2747),#2751);
#2747 = LINE('',#2748,#2749);
#2748 = CARTESIAN_POINT('',(0.,0.));
#2749 = VECTOR('',#2750,1.);
#2750 = DIRECTION('',(1.,0.));
#2751 =(GEOMETRIC_REPRESENTATION_CONTEXT(2)PARAMETRIC_REPRESENTATION_CONTEXT()REPRESENTATION_CONTEXT('2D SPACE',''));
#2752 = PCURVE('',#2753,#2758);
#2753 = PLANE('',#2754);
#2754 = AXIS2_PLACEMENT_3D('',#2755,#2756,#2757);
#2755 = CARTESIAN_POINT('',(-1.2954E+03,793.84812035519,1.47578132985E+03));
#2756 = DIRECTION('',(0.,0.766044443119,-0.642787609687));
#2757 = DIRECTION('',(0.,0.642787609687,0.766044443119));
#2758 = DEFINITIONAL_REPRESENTATION('',(#2759),#2763);
#2759 = LINE('',#2760,#2761);
#2760 = CARTESIAN_POINT('',(0.,0.));
#2761 = VECTOR('',#2762,1.);
#2762 = DIRECTION('',(1.,0.));
#2763 =(GEOMETRIC_REPRESENTATION_CONTEXT(2)PARAMETRIC_REPRESENTATION_CONTEXT()REPRESENTATION_CONTEXT('2D SPACE',''));
#2764 = ORIENTED_EDGE('',*,*,#2765,.T.);
#2765 = EDGE_CURVE('',#2738,#2766,#2768,.T.);
#2766 = VERTEX_POINT('',#2767);
#2767 = CARTESIAN_POINT('',(-1.2954E+03,778.7088031976,1.385836897405E+03));
#2768 = SURFACE_CURVE('',#2769,(#2774,#2781),.PCURVE_S1.);
#2769 = CIRCLE('',#2770,90.);
#2770 = AXIS2_PLACEMENT_3D('',#2771,#2772,#2773);
#2771 = CARTESIAN_POINT('',(-1.2954E+03,862.79212023589,1.417930444978E+03));
#2772 = DIRECTION('',(1.,0.,0.));
#2773 = DIRECTION('',(-0.,0.,1.));
#2774 = PCURVE('',#2685,#2775);
#2775 = DEFINITIONAL_REPRESENTATION('',(#2776),#2780);
#2776 = CIRCLE('',#2777,90.);
#2777 = AXIS2_PLACEMENT_2D('',#2778,#2779);
#2778 = CARTESIAN_POINT('',(-7.105427357601E-15,-90.));
#2779 = DIRECTION('',(0.766044443119,0.642787609687));
#2780 =(GEOMETRIC_REPRESENTATION_CONTEXT(2)PARAMETRIC_REPRESENTATION_CONTEXT()REPRESENTATION_CONTEXT('2D SPACE',''));
#2781 = PCURVE('',#2782,#2787);
#2782 = CYLINDRICAL_SURFACE('',#2783,90.);
#2783 = AXIS2_PLACEMENT_3D('',#2784,#2785,#2786);
#2784 = CARTESIAN_POINT('',(-1.2954E+03,862.79212023589,1.417930444978E+03));
#2785 = DIRECTION('',(1.,0.,0.));
#2786 = DIRECTION('',(-0.,0.,1.));
#2787 = DEFINITIONAL_REPRESENTATION('',(#2788),#2792);
#2788 = LINE('',#2789,#2790);
#2789 = CARTESIAN_POINT('',(0.,0.));
#2790 = VECTOR('',#2791,1.);
#2791 = DIRECTION('',(1.,0.));
#2792 =(GEOMETRIC_REPRESENTATION_CONTEXT(2)PARAMETRIC_REPRESENTATION_CONTEXT()REPRESENTATION_CONTEXT('2D SPACE',''));
#2793 = ORIENTED_EDGE('',*,*,#2794,.T.);
#2794 = EDGE_CURVE('',#2766,#2795,#2797,.T.);
#2795 = VERTEX_POINT('',#2796);
#2796 = CARTESIAN_POINT('',(-1.2954E+03,1.30766536631E+03,0.));
#2797 = SURFACE_CURVE('',#2798,(#2802,#2809),.PCURVE_S1.);
#2798 = LINE('',#2799,#2800);
#2799 = CARTESIAN_POINT('',(-1.2954E+03,778.7088031976,1.385836897405E+03));
#2800 = VECTOR('',#2801,1.);
#2801 = DIRECTION('',(0.,0.356594973036,-0.934259078203));
#2802 = PCURVE('',#2685,#2803);
#2803 = DEFINITIONAL_REPRESENTATION('',(#2804),#2808);
#2804 = LINE('',#2805,#2806);
#2805 = CARTESIAN_POINT('',(-78.63279815203,-46.21777695477));
#2806 = VECTOR('',#2807,1.);
#2807 = DIRECTION('',(-0.486469144947,-0.873697757245));
#2808 =(GEOMETRIC_REPRESENTATION_CONTEXT(2)PARAMETRIC_REPRESENTATION_CONTEXT()REPRESENTATION_CONTEXT('2D SPACE',''));
#2809 = PCURVE('',#2810,#2815);
#2810 = PLANE('',#2811);
#2811 = AXIS2_PLACEMENT_3D('',#2812,#2813,#2814);
#2812 = CARTESIAN_POINT('',(-1.2954E+03,778.7088031976,1.385836897405E+03));
#2813 = DIRECTION('',(0.,-0.934259078203,-0.356594973036));
#2814 = DIRECTION('',(0.,0.356594973036,-0.934259078203));
#2815 = DEFINITIONAL_REPRESENTATION('',(#2816),#2820);
#2816 = LINE('',#2817,#2818);
#2817 = CARTESIAN_POINT('',(0.,0.));
#2818 = VECTOR('',#2819,1.);
#2819 = DIRECTION('',(1.,0.));
#2820 =(GEOMETRIC_REPRESENTATION_CONTEXT(2)PARAMETRIC_REPRESENTATION_CONTEXT()REPRESENTATION_CONTEXT('2D SPACE',''));
#2821 = ORIENTED_EDGE('',*,*,#2822,.F.);
#2822 = EDGE_CURVE('',#2823,#2795,#2825,.T.);
#2823 = VERTEX_POINT('',#2824);
#2824 = CARTESIAN_POINT('',(-1.2954E+03,1.500331409594E+03,0.));
#2825 = SURFACE_CURVE('',#2826,(#2830,#2836),.PCURVE_S1.);
#2826 = LINE('',#2827,#2828);
#2827 = CARTESIAN_POINT('',(-1.2954E+03,-2.103075939822E+03,0.));
#2828 = VECTOR('',#2829,1.);
#2829 = DIRECTION('',(0.,-1.,0.));
#2830 = PCURVE('',#2685,#2831);
#2831 = DEFINITIONAL_REPRESENTATION('',(#2832),#2835);
#2832 = B_SPLINE_CURVE_WITH_KNOTS('',1,(#2833,#2834),.UNSPECIFIED.,.F.,.F.,(2,2),(-3.701091731398E+03,-3.293926013337E+03),.PIECEWISE_BEZIER_KNOTS.);
#2833 = CARTESIAN_POINT('',(-613.6050718189,-1.564642129309E+03));
#2834 = CARTESIAN_POINT('',(-875.3261504777,-1.25273509356E+03));
#2835 =(GEOMETRIC_REPRESENTATION_CONTEXT(2)PARAMETRIC_REPRESENTATION_CONTEXT()REPRESENTATION_CONTEXT('2D SPACE',''));
#2836 = PCURVE('',#2837,#2842);
#2837 = PLANE('',#2838);
#2838 = AXIS2_PLACEMENT_3D('',#2839,#2840,#2841);
#2839 = CARTESIAN_POINT('',(-5.E+03,-5.E+03,0.));
#2840 = DIRECTION('',(0.,0.,1.));
#2841 = DIRECTION('',(1.,0.,0.));
#2842 = DEFINITIONAL_REPRESENTATION('',(#2843),#2846);
#2843 = B_SPLINE_CURVE_WITH_KNOTS('',1,(#2844,#2845),.UNSPECIFIED.,.F.,.F.,(2,2),(-3.701091731398E+03,-3.293926013337E+03),.PIECEWISE_BEZIER_KNOTS.);
#2844 = CARTESIAN_POINT('',(3.7046E+03,6.598015791576E+03));
#2845 = CARTESIAN_POINT('',(3.7046E+03,6.190850073515E+03));
#2846 =(GEOMETRIC_REPRESENTATION_CONTEXT(2)PARAMETRIC_REPRESENTATION_CONTEXT()REPRESENTATION_CONTEXT('2D SPACE',''));
#2847 = ORIENTED_EDGE('',*,*,#2848,.F.);
#2848 = EDGE_CURVE('',#2675,#2823,#2849,.T.);
#2849 = SURFACE_CURVE('',#2850,(#2854,#2861),.PCURVE_S1.);
#2850 = LINE('',#2851,#2852);
#2851 = CARTESIAN_POINT('',(-1.2954E+03,946.87543727419,1.450023992551E+03));
#2852 = VECTOR('',#2853,1.);
#2853 = DIRECTION('',(0.,0.356594973036,-0.934259078203));
#2854 = PCURVE('',#2685,#2855);
#2855 = DEFINITIONAL_REPRESENTATION('',(#2856),#2860);
#2856 = LINE('',#2857,#2858);
#2857 = CARTESIAN_POINT('',(78.632798152034,-133.7822230452));
#2858 = VECTOR('',#2859,1.);
#2859 = DIRECTION('',(-0.486469144947,-0.873697757245));
#2860 =(GEOMETRIC_REPRESENTATION_CONTEXT(2)PARAMETRIC_REPRESENTATION_CONTEXT()REPRESENTATION_CONTEXT('2D SPACE',''));
#2861 = PCURVE('',#2862,#2867);
#2862 = PLANE('',#2863);
#2863 = AXIS2_PLACEMENT_3D('',#2864,#2865,#2866);
#2864 = CARTESIAN_POINT('',(-1.2954E+03,946.87543727419,1.450023992551E+03));
#2865 = DIRECTION('',(0.,-0.934259078203,-0.356594973036));
#2866 = DIRECTION('',(0.,0.356594973036,-0.934259078203));
#2867 = DEFINITIONAL_REPRESENTATION('',(#2868),#2872);
#2868 = LINE('',#2869,#2870);
#2869 = CARTESIAN_POINT('',(0.,0.));
#2870 = VECTOR('',#2871,1.);
#2871 = DIRECTION('',(1.,0.));
#2872 =(GEOMETRIC_REPRESENTATION_CONTEXT(2)PARAMETRIC_REPRESENTATION_CONTEXT()REPRESENTATION_CONTEXT('2D SPACE',''));
#2873 = ADVANCED_FACE('',(#2874),#2697,.T.);
#2874 = FACE_BOUND('',#2875,.T.);
#2875 = EDGE_LOOP('',(#2876,#2906,#2925,#2926));
#2876 = ORIENTED_EDGE('',*,*,#2877,.F.);
#2877 = EDGE_CURVE('',#2878,#2880,#2882,.T.);
#2878 = VERTEX_POINT('',#2879);
#2879 = CARTESIAN_POINT('',(-1.2573E+03,965.73897079058,1.400602579555E+03));
#2880 = VERTEX_POINT('',#2881);
#2881 = CARTESIAN_POINT('',(-1.2573E+03,1.188851163991E+03,1.666497337354E+03));
#2882 = SURFACE_CURVE('',#2883,(#2887,#2894),.PCURVE_S1.);
#2883 = LINE('',#2884,#2885);
#2884 = CARTESIAN_POINT('',(-1.2573E+03,931.7361201166,1.360079560106E+03));
#2885 = VECTOR('',#2886,1.);
#2886 = DIRECTION('',(0.,0.642787609687,0.766044443119));
#2887 = PCURVE('',#2697,#2888);
#2888 = DEFINITIONAL_REPRESENTATION('',(#2889),#2893);
#2889 = LINE('',#2890,#2891);
#2890 = CARTESIAN_POINT('',(0.,38.1));
#2891 = VECTOR('',#2892,1.);
#2892 = DIRECTION('',(1.,0.));
#2893 =(GEOMETRIC_REPRESENTATION_CONTEXT(2)PARAMETRIC_REPRESENTATION_CONTEXT()REPRESENTATION_CONTEXT('2D SPACE',''));
#2894 = PCURVE('',#2895,#2900);
#2895 = PLANE('',#2896);
#2896 = AXIS2_PLACEMENT_3D('',#2897,#2898,#2899);
#2897 = CARTESIAN_POINT('',(-1.2573E+03,793.84812035519,1.47578132985E+03));
#2898 = DIRECTION('',(1.,0.,0.));
#2899 = DIRECTION('',(0.,0.642787609687,0.766044443119));
#2900 = DEFINITIONAL_REPRESENTATION('',(#2901),#2905);
#2901 = LINE('',#2902,#2903);
#2902 = CARTESIAN_POINT('',(-1.42108547152E-14,-180.));
#2903 = VECTOR('',#2904,1.);
#2904 = DIRECTION('',(1.,0.));
#2905 =(GEOMETRIC_REPRESENTATION_CONTEXT(2)PARAMETRIC_REPRESENTATION_CONTEXT()REPRESENTATION_CONTEXT('2D SPACE',''));
#2906 = ORIENTED_EDGE('',*,*,#2907,.T.);
#2907 = EDGE_CURVE('',#2878,#2675,#2908,.T.);
#2908 = SURFACE_CURVE('',#2909,(#2913,#2919),.PCURVE_S1.);
#2909 = LINE('',#2910,#2911);
#2910 = CARTESIAN_POINT('',(-1.2954E+03,965.73897079058,1.400602579555E+03));
#2911 = VECTOR('',#2912,1.);
#2912 = DIRECTION('',(-1.,0.,-0.));
#2913 = PCURVE('',#2697,#2914);
#2914 = DEFINITIONAL_REPRESENTATION('',(#2915),#2918);
#2915 = B_SPLINE_CURVE_WITH_KNOTS('',1,(#2916,#2917),.UNSPECIFIED.,.F.,.F.,(2,2),(-38.1,0.),.PIECEWISE_BEZIER_KNOTS.);
#2916 = CARTESIAN_POINT('',(52.899044974689,38.1));
#2917 = CARTESIAN_POINT('',(52.899044974689,0.));
#2918 =(GEOMETRIC_REPRESENTATION_CONTEXT(2)PARAMETRIC_REPRESENTATION_CONTEXT()REPRESENTATION_CONTEXT('2D SPACE',''));
#2919 = PCURVE('',#2862,#2920);
#2920 = DEFINITIONAL_REPRESENTATION('',(#2921),#2924);
#2921 = B_SPLINE_CURVE_WITH_KNOTS('',1,(#2922,#2923),.UNSPECIFIED.,.F.,.F.,(2,2),(-38.1,0.),.PIECEWISE_BEZIER_KNOTS.);
#2922 = CARTESIAN_POINT('',(52.899044974689,38.1));
#2923 = CARTESIAN_POINT('',(52.899044974689,0.));
#2924 =(GEOMETRIC_REPRESENTATION_CONTEXT(2)PARAMETRIC_REPRESENTATION_CONTEXT()REPRESENTATION_CONTEXT('2D SPACE',''));
#2925 = ORIENTED_EDGE('',*,*,#2674,.T.);
#2926 = ORIENTED_EDGE('',*,*,#2927,.T.);
#2927 = EDGE_CURVE('',#2677,#2880,#2928,.T.);
#2928 = SURFACE_CURVE('',#2929,(#2933,#2940),.PCURVE_S1.);
#2929 = LINE('',#2930,#2931);
#2930 = CARTESIAN_POINT('',(-1.2954E+03,1.188851163991E+03,1.666497337354E+03));
#2931 = VECTOR('',#2932,1.);
#2932 = DIRECTION('',(1.,0.,0.));
#2933 = PCURVE('',#2697,#2934);
#2934 = DEFINITIONAL_REPRESENTATION('',(#2935),#2939);
#2935 = LINE('',#2936,#2937);
#2936 = CARTESIAN_POINT('',(400.,0.));
#2937 = VECTOR('',#2938,1.);
#2938 = DIRECTION('',(0.,1.));
#2939 =(GEOMETRIC_REPRESENTATION_CONTEXT(2)PARAMETRIC_REPRESENTATION_CONTEXT()REPRESENTATION_CONTEXT('2D SPACE',''));
#2940 = PCURVE('',#2725,#2941);
#2941 = DEFINITIONAL_REPRESENTATION('',(#2942),#2946);
#2942 = LINE('',#2943,#2944);
#2943 = CARTESIAN_POINT('',(0.,180.));
#2944 = VECTOR('',#2945,1.);
#2945 = DIRECTION('',(1.,0.));
#2946 =(GEOMETRIC_REPRESENTATION_CONTEXT(2)PARAMETRIC_REPRESENTATION_CONTEXT()REPRESENTATION_CONTEXT('2D SPACE',''));
#2947 = ADVANCED_FACE('',(#2948),#2862,.F.);
#2948 = FACE_BOUND('',#2949,.F.);
#2949 = EDGE_LOOP('',(#2950,#2973,#2974,#2975));
#2950 = ORIENTED_EDGE('',*,*,#2951,.F.);
#2951 = EDGE_CURVE('',#2878,#2952,#2954,.T.);
#2952 = VERTEX_POINT('',#2953);
#2953 = CARTESIAN_POINT('',(-1.2573E+03,1.500331409594E+03,0.));
#2954 = SURFACE_CURVE('',#2955,(#2959,#2966),.PCURVE_S1.);
#2955 = LINE('',#2956,#2957);
#2956 = CARTESIAN_POINT('',(-1.2573E+03,946.87543727419,1.450023992551E+03));
#2957 = VECTOR('',#2958,1.);
#2958 = DIRECTION('',(0.,0.356594973036,-0.934259078203));
#2959 = PCURVE('',#2862,#2960);
#2960 = DEFINITIONAL_REPRESENTATION('',(#2961),#2965);
#2961 = LINE('',#2962,#2963);
#2962 = CARTESIAN_POINT('',(0.,38.1));
#2963 = VECTOR('',#2964,1.);
#2964 = DIRECTION('',(1.,0.));
#2965 =(GEOMETRIC_REPRESENTATION_CONTEXT(2)PARAMETRIC_REPRESENTATION_CONTEXT()REPRESENTATION_CONTEXT('2D SPACE',''));
#2966 = PCURVE('',#2895,#2967);
#2967 = DEFINITIONAL_REPRESENTATION('',(#2968),#2972);
#2968 = LINE('',#2969,#2970);
#2969 = CARTESIAN_POINT('',(78.632798152034,-133.7822230452));
#2970 = VECTOR('',#2971,1.);
#2971 = DIRECTION('',(-0.486469144947,-0.873697757245));
#2972 =(GEOMETRIC_REPRESENTATION_CONTEXT(2)PARAMETRIC_REPRESENTATION_CONTEXT()REPRESENTATION_CONTEXT('2D SPACE',''));
#2973 = ORIENTED_EDGE('',*,*,#2907,.T.);
#2974 = ORIENTED_EDGE('',*,*,#2848,.T.);
#2975 = ORIENTED_EDGE('',*,*,#2976,.F.);
#2976 = EDGE_CURVE('',#2952,#2823,#2977,.T.);
#2977 = SURFACE_CURVE('',#2978,(#2982,#2988),.PCURVE_S1.);
#2978 = LINE('',#2979,#2980);
#2979 = CARTESIAN_POINT('',(-3.1477E+03,1.500331409594E+03,-1.136868377216E-13));
#2980 = VECTOR('',#2981,1.);
#2981 = DIRECTION('',(-1.,-0.,0.));
#2982 = PCURVE('',#2862,#2983);
#2983 = DEFINITIONAL_REPRESENTATION('',(#2984),#2987);
#2984 = B_SPLINE_CURVE_WITH_KNOTS('',1,(#2985,#2986),.UNSPECIFIED.,.F.,.F.,(2,2),(-1.8904E+03,-1.8523E+03),.PIECEWISE_BEZIER_KNOTS.);
#2985 = CARTESIAN_POINT('',(1.55205769618E+03,38.1));
#2986 = CARTESIAN_POINT('',(1.55205769618E+03,0.));
#2987 =(GEOMETRIC_REPRESENTATION_CONTEXT(2)PARAMETRIC_REPRESENTATION_CONTEXT()REPRESENTATION_CONTEXT('2D SPACE',''));
#2988 = PCURVE('',#2837,#2989);
#2989 = DEFINITIONAL_REPRESENTATION('',(#2990),#2993);
#2990 = B_SPLINE_CURVE_WITH_KNOTS('',1,(#2991,#2992),.UNSPECIFIED.,.F.,.F.,(2,2),(-1.8904E+03,-1.8523E+03),.PIECEWISE_BEZIER_KNOTS.);
#2991 = CARTESIAN_POINT('',(3.7427E+03,6.500331409594E+03));
#2992 = CARTESIAN_POINT('',(3.7046E+03,6.500331409594E+03));
#2993 =(GEOMETRIC_REPRESENTATION_CONTEXT(2)PARAMETRIC_REPRESENTATION_CONTEXT()REPRESENTATION_CONTEXT('2D SPACE',''));
#2994 = ADVANCED_FACE('',(#2995),#2837,.F.);
#2995 = FACE_BOUND('',#2996,.F.);
#2996 = EDGE_LOOP('',(#2997,#2998,#2999,#3020));
#2997 = ORIENTED_EDGE('',*,*,#2976,.T.);
#2998 = ORIENTED_EDGE('',*,*,#2822,.T.);
#2999 = ORIENTED_EDGE('',*,*,#3000,.F.);
#3000 = EDGE_CURVE('',#3001,#2795,#3003,.T.);
#3001 = VERTEX_POINT('',#3002);
#3002 = CARTESIAN_POINT('',(-1.2573E+03,1.30766536631E+03,0.));
#3003 = SURFACE_CURVE('',#3004,(#3008,#3014),.PCURVE_S1.);
#3004 = LINE('',#3005,#3006);
#3005 = CARTESIAN_POINT('',(-3.1477E+03,1.30766536631E+03,-2.273736754432E-13));
#3006 = VECTOR('',#3007,1.);
#3007 = DIRECTION('',(-1.,-0.,0.));
#3008 = PCURVE('',#2837,#3009);
#3009 = DEFINITIONAL_REPRESENTATION('',(#3010),#3013);
#3010 = B_SPLINE_CURVE_WITH_KNOTS('',1,(#3011,#3012),.UNSPECIFIED.,.F.,.F.,(2,2),(-1.8904E+03,-1.8523E+03),.PIECEWISE_BEZIER_KNOTS.);
#3011 = CARTESIAN_POINT('',(3.7427E+03,6.30766536631E+03));
#3012 = CARTESIAN_POINT('',(3.7046E+03,6.30766536631E+03));
#3013 =(GEOMETRIC_REPRESENTATION_CONTEXT(2)PARAMETRIC_REPRESENTATION_CONTEXT()REPRESENTATION_CONTEXT('2D SPACE',''));
#3014 = PCURVE('',#2810,#3015);
#3015 = DEFINITIONAL_REPRESENTATION('',(#3016),#3019);
#3016 = B_SPLINE_CURVE_WITH_KNOTS('',1,(#3017,#3018),.UNSPECIFIED.,.F.,.F.,(2,2),(-1.8904E+03,-1.8523E+03),.PIECEWISE_BEZIER_KNOTS.);
#3017 = CARTESIAN_POINT('',(1.48335395367E+03,38.1));
#3018 = CARTESIAN_POINT('',(1.48335395367E+03,0.));
#3019 =(GEOMETRIC_REPRESENTATION_CONTEXT(2)PARAMETRIC_REPRESENTATION_CONTEXT()REPRESENTATION_CONTEXT('2D SPACE',''));
#3020 = ORIENTED_EDGE('',*,*,#3021,.F.);
#3021 = EDGE_CURVE('',#2952,#3001,#3022,.T.);
#3022 = SURFACE_CURVE('',#3023,(#3027,#3033),.PCURVE_S1.);
#3023 = LINE('',#3024,#3025);
#3024 = CARTESIAN_POINT('',(-1.2573E+03,-2.103075939822E+03,0.));
#3025 = VECTOR('',#3026,1.);
#3026 = DIRECTION('',(0.,-1.,0.));
#3027 = PCURVE('',#2837,#3028);
#3028 = DEFINITIONAL_REPRESENTATION('',(#3029),#3032);
#3029 = B_SPLINE_CURVE_WITH_KNOTS('',1,(#3030,#3031),.UNSPECIFIED.,.F.,.F.,(2,2),(-3.701091731398E+03,-3.293926013337E+03),.PIECEWISE_BEZIER_KNOTS.);
#3030 = CARTESIAN_POINT('',(3.7427E+03,6.598015791576E+03));
#3031 = CARTESIAN_POINT('',(3.7427E+03,6.190850073515E+03));
#3032 =(GEOMETRIC_REPRESENTATION_CONTEXT(2)PARAMETRIC_REPRESENTATION_CONTEXT()REPRESENTATION_CONTEXT('2D SPACE',''));
#3033 = PCURVE('',#2895,#3034);
#3034 = DEFINITIONAL_REPRESENTATION('',(#3035),#3038);
#3035 = B_SPLINE_CURVE_WITH_KNOTS('',1,(#3036,#3037),.UNSPECIFIED.,.F.,.F.,(2,2),(-3.701091731398E+03,-3.293926013337E+03),.PIECEWISE_BEZIER_KNOTS.);
#3036 = CARTESIAN_POINT('',(-613.6050718189,-1.564642129309E+03));
#3037 = CARTESIAN_POINT('',(-875.3261504777,-1.25273509356E+03));
#3038 =(GEOMETRIC_REPRESENTATION_CONTEXT(2)PARAMETRIC_REPRESENTATION_CONTEXT()REPRESENTATION_CONTEXT('2D SPACE',''));
#3039 = ADVANCED_FACE('',(#3040),#2810,.T.);
#3040 = FACE_BOUND('',#3041,.T.);
#3041 = EDGE_LOOP('',(#3042,#3065,#3086,#3087));
#3042 = ORIENTED_EDGE('',*,*,#3043,.F.);
#3043 = EDGE_CURVE('',#3044,#3001,#3046,.T.);
#3044 = VERTEX_POINT('',#3045);
#3045 = CARTESIAN_POINT('',(-1.2573E+03,778.7088031976,1.385836897405E+03));
#3046 = SURFACE_CURVE('',#3047,(#3051,#3058),.PCURVE_S1.);
#3047 = LINE('',#3048,#3049);
#3048 = CARTESIAN_POINT('',(-1.2573E+03,778.7088031976,1.385836897405E+03));
#3049 = VECTOR('',#3050,1.);
#3050 = DIRECTION('',(0.,0.356594973036,-0.934259078203));
#3051 = PCURVE('',#2810,#3052);
#3052 = DEFINITIONAL_REPRESENTATION('',(#3053),#3057);
#3053 = LINE('',#3054,#3055);
#3054 = CARTESIAN_POINT('',(0.,38.1));
#3055 = VECTOR('',#3056,1.);
#3056 = DIRECTION('',(1.,0.));
#3057 =(GEOMETRIC_REPRESENTATION_CONTEXT(2)PARAMETRIC_REPRESENTATION_CONTEXT()REPRESENTATION_CONTEXT('2D SPACE',''));
#3058 = PCURVE('',#2895,#3059);
#3059 = DEFINITIONAL_REPRESENTATION('',(#3060),#3064);
#3060 = LINE('',#3061,#3062);
#3061 = CARTESIAN_POINT('',(-78.63279815203,-46.21777695477));
#3062 = VECTOR('',#3063,1.);
#3063 = DIRECTION('',(-0.486469144947,-0.873697757245));
#3064 =(GEOMETRIC_REPRESENTATION_CONTEXT(2)PARAMETRIC_REPRESENTATION_CONTEXT()REPRESENTATION_CONTEXT('2D SPACE',''));
#3065 = ORIENTED_EDGE('',*,*,#3066,.F.);
#3066 = EDGE_CURVE('',#2766,#3044,#3067,.T.);
#3067 = SURFACE_CURVE('',#3068,(#3072,#3079),.PCURVE_S1.);
#3068 = LINE('',#3069,#3070);
#3069 = CARTESIAN_POINT('',(-1.2954E+03,778.7088031976,1.385836897405E+03));
#3070 = VECTOR('',#3071,1.);
#3071 = DIRECTION('',(1.,0.,0.));
#3072 = PCURVE('',#2810,#3073);
#3073 = DEFINITIONAL_REPRESENTATION('',(#3074),#3078);
#3074 = LINE('',#3075,#3076);
#3075 = CARTESIAN_POINT('',(0.,0.));
#3076 = VECTOR('',#3077,1.);
#3077 = DIRECTION('',(0.,1.));
#3078 =(GEOMETRIC_REPRESENTATION_CONTEXT(2)PARAMETRIC_REPRESENTATION_CONTEXT()REPRESENTATION_CONTEXT('2D SPACE',''));
#3079 = PCURVE('',#2782,#3080);
#3080 = DEFINITIONAL_REPRESENTATION('',(#3081),#3085);
#3081 = LINE('',#3082,#3083);
#3082 = CARTESIAN_POINT('',(1.935417045388,0.));
#3083 = VECTOR('',#3084,1.);
#3084 = DIRECTION('',(0.,1.));
#3085 =(GEOMETRIC_REPRESENTATION_CONTEXT(2)PARAMETRIC_REPRESENTATION_CONTEXT()REPRESENTATION_CONTEXT('2D SPACE',''));
#3086 = ORIENTED_EDGE('',*,*,#2794,.T.);
#3087 = ORIENTED_EDGE('',*,*,#3000,.F.);
#3088 = ADVANCED_FACE('',(#3089),#2782,.T.);
#3089 = FACE_BOUND('',#3090,.T.);
#3090 = EDGE_LOOP('',(#3091,#3115,#3136,#3137));
#3091 = ORIENTED_EDGE('',*,*,#3092,.F.);
#3092 = EDGE_CURVE('',#3093,#3044,#3095,.T.);
#3093 = VERTEX_POINT('',#3094);
#3094 = CARTESIAN_POINT('',(-1.2573E+03,793.84812035519,1.47578132985E+03));
#3095 = SURFACE_CURVE('',#3096,(#3101,#3108),.PCURVE_S1.);
#3096 = CIRCLE('',#3097,90.);
#3097 = AXIS2_PLACEMENT_3D('',#3098,#3099,#3100);
#3098 = CARTESIAN_POINT('',(-1.2573E+03,862.79212023589,1.417930444978E+03));
#3099 = DIRECTION('',(1.,0.,0.));
#3100 = DIRECTION('',(-0.,0.,1.));
#3101 = PCURVE('',#2782,#3102);
#3102 = DEFINITIONAL_REPRESENTATION('',(#3103),#3107);
#3103 = LINE('',#3104,#3105);
#3104 = CARTESIAN_POINT('',(0.,38.1));
#3105 = VECTOR('',#3106,1.);
#3106 = DIRECTION('',(1.,0.));
#3107 =(GEOMETRIC_REPRESENTATION_CONTEXT(2)PARAMETRIC_REPRESENTATION_CONTEXT()REPRESENTATION_CONTEXT('2D SPACE',''));
#3108 = PCURVE('',#2895,#3109);
#3109 = DEFINITIONAL_REPRESENTATION('',(#3110),#3114);
#3110 = CIRCLE('',#3111,90.);
#3111 = AXIS2_PLACEMENT_2D('',#3112,#3113);
#3112 = CARTESIAN_POINT('',(-7.105427357601E-15,-90.));
#3113 = DIRECTION('',(0.766044443119,0.642787609687));
#3114 =(GEOMETRIC_REPRESENTATION_CONTEXT(2)PARAMETRIC_REPRESENTATION_CONTEXT()REPRESENTATION_CONTEXT('2D SPACE',''));
#3115 = ORIENTED_EDGE('',*,*,#3116,.F.);
#3116 = EDGE_CURVE('',#2738,#3093,#3117,.T.);
#3117 = SURFACE_CURVE('',#3118,(#3122,#3129),.PCURVE_S1.);
#3118 = LINE('',#3119,#3120);
#3119 = CARTESIAN_POINT('',(-1.2954E+03,793.84812035519,1.47578132985E+03));
#3120 = VECTOR('',#3121,1.);
#3121 = DIRECTION('',(1.,0.,0.));
#3122 = PCURVE('',#2782,#3123);
#3123 = DEFINITIONAL_REPRESENTATION('',(#3124),#3128);
#3124 = LINE('',#3125,#3126);
#3125 = CARTESIAN_POINT('',(0.872664625997,0.));
#3126 = VECTOR('',#3127,1.);
#3127 = DIRECTION('',(0.,1.));
#3128 =(GEOMETRIC_REPRESENTATION_CONTEXT(2)PARAMETRIC_REPRESENTATION_CONTEXT()REPRESENTATION_CONTEXT('2D SPACE',''));
#3129 = PCURVE('',#2753,#3130);
#3130 = DEFINITIONAL_REPRESENTATION('',(#3131),#3135);
#3131 = LINE('',#3132,#3133);
#3132 = CARTESIAN_POINT('',(0.,0.));
#3133 = VECTOR('',#3134,1.);
#3134 = DIRECTION('',(0.,1.));
#3135 =(GEOMETRIC_REPRESENTATION_CONTEXT(2)PARAMETRIC_REPRESENTATION_CONTEXT()REPRESENTATION_CONTEXT('2D SPACE',''));
#3136 = ORIENTED_EDGE('',*,*,#2765,.T.);
#3137 = ORIENTED_EDGE('',*,*,#3066,.T.);
#3138 = ADVANCED_FACE('',(#3139),#2753,.F.);
#3139 = FACE_BOUND('',#3140,.F.);
#3140 = EDGE_LOOP('',(#3141,#3142,#3143,#3166));
#3141 = ORIENTED_EDGE('',*,*,#3116,.F.);
#3142 = ORIENTED_EDGE('',*,*,#2737,.T.);
#3143 = ORIENTED_EDGE('',*,*,#3144,.T.);
#3144 = EDGE_CURVE('',#2710,#3145,#3147,.T.);
#3145 = VERTEX_POINT('',#3146);
#3146 = CARTESIAN_POINT('',(-1.2573E+03,1.05096316423E+03,1.782199107097E+03));
#3147 = SURFACE_CURVE('',#3148,(#3152,#3159),.PCURVE_S1.);
#3148 = LINE('',#3149,#3150);
#3149 = CARTESIAN_POINT('',(-1.2954E+03,1.05096316423E+03,1.782199107097E+03));
#3150 = VECTOR('',#3151,1.);
#3151 = DIRECTION('',(1.,0.,0.));
#3152 = PCURVE('',#2753,#3153);
#3153 = DEFINITIONAL_REPRESENTATION('',(#3154),#3158);
#3154 = LINE('',#3155,#3156);
#3155 = CARTESIAN_POINT('',(400.,0.));
#3156 = VECTOR('',#3157,1.);
#3157 = DIRECTION('',(0.,1.));
#3158 =(GEOMETRIC_REPRESENTATION_CONTEXT(2)PARAMETRIC_REPRESENTATION_CONTEXT()REPRESENTATION_CONTEXT('2D SPACE',''));
#3159 = PCURVE('',#2725,#3160);
#3160 = DEFINITIONAL_REPRESENTATION('',(#3161),#3165);
#3161 = LINE('',#3162,#3163);
#3162 = CARTESIAN_POINT('',(0.,0.));
#3163 = VECTOR('',#3164,1.);
#3164 = DIRECTION('',(1.,0.));
#3165 =(GEOMETRIC_REPRESENTATION_CONTEXT(2)PARAMETRIC_REPRESENTATION_CONTEXT()REPRESENTATION_CONTEXT('2D SPACE',''));
#3166 = ORIENTED_EDGE('',*,*,#3167,.F.);
#3167 = EDGE_CURVE('',#3093,#3145,#3168,.T.);
#3168 = SURFACE_CURVE('',#3169,(#3173,#3180),.PCURVE_S1.);
#3169 = LINE('',#3170,#3171);
#3170 = CARTESIAN_POINT('',(-1.2573E+03,793.84812035519,1.47578132985E+03));
#3171 = VECTOR('',#3172,1.);
#3172 = DIRECTION('',(0.,0.642787609687,0.766044443119));
#3173 = PCURVE('',#2753,#3174);
#3174 = DEFINITIONAL_REPRESENTATION('',(#3175),#3179);
#3175 = LINE('',#3176,#3177);
#3176 = CARTESIAN_POINT('',(0.,38.1));
#3177 = VECTOR('',#3178,1.);
#3178 = DIRECTION('',(1.,0.));
#3179 =(GEOMETRIC_REPRESENTATION_CONTEXT(2)PARAMETRIC_REPRESENTATION_CONTEXT()REPRESENTATION_CONTEXT('2D SPACE',''));
#3180 = PCURVE('',#2895,#3181);
#3181 = DEFINITIONAL_REPRESENTATION('',(#3182),#3186);
#3182 = LINE('',#3183,#3184);
#3183 = CARTESIAN_POINT('',(0.,0.));
#3184 = VECTOR('',#3185,1.);
#3185 = DIRECTION('',(1.,0.));
#3186 =(GEOMETRIC_REPRESENTATION_CONTEXT(2)PARAMETRIC_REPRESENTATION_CONTEXT()REPRESENTATION_CONTEXT('2D SPACE',''));
#3187 = ADVANCED_FACE('',(#3188),#2725,.T.);
#3188 = FACE_BOUND('',#3189,.T.);
#3189 = EDGE_LOOP('',(#3190,#3191,#3192,#3213));
#3190 = ORIENTED_EDGE('',*,*,#2709,.F.);
#3191 = ORIENTED_EDGE('',*,*,#3144,.T.);
#3192 = ORIENTED_EDGE('',*,*,#3193,.T.);
#3193 = EDGE_CURVE('',#3145,#2880,#3194,.T.);
#3194 = SURFACE_CURVE('',#3195,(#3199,#3206),.PCURVE_S1.);
#3195 = LINE('',#3196,#3197);
#3196 = CARTESIAN_POINT('',(-1.2573E+03,1.05096316423E+03,1.782199107097E+03));
#3197 = VECTOR('',#3198,1.);
#3198 = DIRECTION('',(0.,0.766044443119,-0.642787609687));
#3199 = PCURVE('',#2725,#3200);
#3200 = DEFINITIONAL_REPRESENTATION('',(#3201),#3205);
#3201 = LINE('',#3202,#3203);
#3202 = CARTESIAN_POINT('',(38.1,0.));
#3203 = VECTOR('',#3204,1.);
#3204 = DIRECTION('',(0.,1.));
#3205 =(GEOMETRIC_REPRESENTATION_CONTEXT(2)PARAMETRIC_REPRESENTATION_CONTEXT()REPRESENTATION_CONTEXT('2D SPACE',''));
#3206 = PCURVE('',#2895,#3207);
#3207 = DEFINITIONAL_REPRESENTATION('',(#3208),#3212);
#3208 = LINE('',#3209,#3210);
#3209 = CARTESIAN_POINT('',(400.,5.684341886081E-14));
#3210 = VECTOR('',#3211,1.);
#3211 = DIRECTION('',(0.,-1.));
#3212 =(GEOMETRIC_REPRESENTATION_CONTEXT(2)PARAMETRIC_REPRESENTATION_CONTEXT()REPRESENTATION_CONTEXT('2D SPACE',''));
#3213 = ORIENTED_EDGE('',*,*,#2927,.F.);
#3214 = ADVANCED_FACE('',(#3215),#2895,.T.);
#3215 = FACE_BOUND('',#3216,.T.);
#3216 = EDGE_LOOP('',(#3217,#3218,#3219,#3220,#3221,#3222,#3223));
#3217 = ORIENTED_EDGE('',*,*,#2877,.T.);
#3218 = ORIENTED_EDGE('',*,*,#3193,.F.);
#3219 = ORIENTED_EDGE('',*,*,#3167,.F.);
#3220 = ORIENTED_EDGE('',*,*,#3092,.T.);
#3221 = ORIENTED_EDGE('',*,*,#3043,.T.);
#3222 = ORIENTED_EDGE('',*,*,#3021,.F.);
#3223 = ORIENTED_EDGE('',*,*,#2951,.F.);
#3224 =(GEOMETRIC_REPRESENTATION_CONTEXT(3)GLOBAL_UNCERTAINTY_ASSIGNED_CONTEXT((#3228))GLOBAL_UNIT_ASSIGNED_CONTEXT((#3225,#3226,#3227))REPRESENTATION_CONTEXT('Context #1','3D Context with UNIT and UNCERTAINTY'));
#3225 =(LENGTH_UNIT()NAMED_UNIT(*)SI_UNIT(.MILLI.,.METRE.));
#3226 =(NAMED_UNIT(*)PLANE_ANGLE_UNIT()SI_UNIT($,.RADIAN.));
#3227 =(NAMED_UNIT(*)SI_UNIT($,.STERADIAN.)SOLID_ANGLE_UNIT());
#3228 = UNCERTAINTY_MEASURE_WITH_UNIT(LENGTH_MEASURE(1.E-07),#3225,'distance_accuracy_value','confusion accuracy');
#3229 = CONTEXT_DEPENDENT_SHAPE_REPRESENTATION(#3230,#3232);
#3230 =(REPRESENTATION_RELATIONSHIP('','',#2667,#10)REPRESENTATION_RELATIONSHIP_WITH_TRANSFORMATION(#3231)SHAPE_REPRESENTATION_RELATIONSHIP());
#3231 = ITEM_DEFINED_TRANSFORMATION('','',#11,#43);
#3232 = PRODUCT_DEFINITION_SHAPE('Placement','Placement of an item',#3233);
#3233 = NEXT_ASSEMBLY_USAGE_OCCURRENCE('8','leg_left','',#5,#2662,$);
#3234 = PRODUCT_RELATED_PRODUCT_CATEGORY('part',$,(#2664));
#3235 = SHAPE_DEFINITION_REPRESENTATION(#3236,#3242);
#3236 = PRODUCT_DEFINITION_SHAPE('','',#3237);
#3237 = PRODUCT_DEFINITION('design','',#3238,#3241);
#3238 = PRODUCT_DEFINITION_FORMATION('','',#3239);
#3239 = PRODUCT('box_side_right','box_side_right','',(#3240));
#3240 = PRODUCT_CONTEXT('',#2,'mechanical');
#3241 = PRODUCT_DEFINITION_CONTEXT('part definition',#2,'design');
#3242 = ADVANCED_BREP_SHAPE_REPRESENTATION('',(#11,#3243),#3573);
#3243 = MANIFOLD_SOLID_BREP('',#3244);
#3244 = CLOSED_SHELL('',(#3245,#3365,#3465,#3512,#3559,#3566));
#3245 = ADVANCED_FACE('',(#3246),#3260,.F.);
#3246 = FACE_BOUND('',#3247,.F.);
#3247 = EDGE_LOOP('',(#3248,#3283,#3311,#3339));
#3248 = ORIENTED_EDGE('',*,*,#3249,.F.);
#3249 = EDGE_CURVE('',#3250,#3252,#3254,.T.);
#3250 = VERTEX_POINT('',#3251);
#3251 = CARTESIAN_POINT('',(1.2192E+03,-159.0670842003,343.36933832377));
#3252 = VERTEX_POINT('',#3253);
#3253 = CARTESIAN_POINT('',(1.2192E+03,1.408306223259E+03,2.211292108425E+03));
#3254 = SURFACE_CURVE('',#3255,(#3259,#3271),.PCURVE_S1.);
#3255 = LINE('',#3256,#3257);
#3256 = CARTESIAN_POINT('',(1.2192E+03,-159.0670842003,343.36933832377));
#3257 = VECTOR('',#3258,1.);
#3258 = DIRECTION('',(0.,0.642787609687,0.766044443119));
#3259 = PCURVE('',#3260,#3265);
#3260 = PLANE('',#3261);
#3261 = AXIS2_PLACEMENT_3D('',#3262,#3263,#3264);
#3262 = CARTESIAN_POINT('',(1.2192E+03,-159.0670842003,343.36933832377));
#3263 = DIRECTION('',(1.,0.,0.));
#3264 = DIRECTION('',(0.,0.642787609687,0.766044443119));
#3265 = DEFINITIONAL_REPRESENTATION('',(#3266),#3270);
#3266 = LINE('',#3267,#3268);
#3267 = CARTESIAN_POINT('',(0.,0.));
#3268 = VECTOR('',#3269,1.);
#3269 = DIRECTION('',(1.,0.));
#3270 =(GEOMETRIC_REPRESENTATION_CONTEXT(2)PARAMETRIC_REPRESENTATION_CONTEXT()REPRESENTATION_CONTEXT('2D SPACE',''));
#3271 = PCURVE('',#3272,#3277);
#3272 = PLANE('',#3273);
#3273 = AXIS2_PLACEMENT_3D('',#3274,#3275,#3276);
#3274 = CARTESIAN_POINT('',(1.2192E+03,-159.0670842003,343.36933832377));
#3275 = DIRECTION('',(0.,0.766044443119,-0.642787609687));
#3276 = DIRECTION('',(0.,0.642787609687,0.766044443119));
#3277 = DEFINITIONAL_REPRESENTATION('',(#3278),#3282);
#3278 = LINE('',#3279,#3280);
#3279 = CARTESIAN_POINT('',(0.,0.));
#3280 = VECTOR('',#3281,1.);
#3281 = DIRECTION('',(1.,0.));
#3282 =(GEOMETRIC_REPRESENTATION_CONTEXT(2)PARAMETRIC_REPRESENTATION_CONTEXT()REPRESENTATION_CONTEXT('2D SPACE',''));
#3283 = ORIENTED_EDGE('',*,*,#3284,.T.);
#3284 = EDGE_CURVE('',#3250,#3285,#3287,.T.);
#3285 = VERTEX_POINT('',#3286);
#3286 = CARTESIAN_POINT('',(1.2192E+03,-18.,225.));
#3287 = SURFACE_CURVE('',#3288,(#3292,#3299),.PCURVE_S1.);
#3288 = LINE('',#3289,#3290);
#3289 = CARTESIAN_POINT('',(1.2192E+03,-159.0670842003,343.36933832377));
#3290 = VECTOR('',#3291,1.);
#3291 = DIRECTION('',(0.,0.766044443119,-0.642787609687));
#3292 = PCURVE('',#3260,#3293);
#3293 = DEFINITIONAL_REPRESENTATION('',(#3294),#3298);
#3294 = LINE('',#3295,#3296);
#3295 = CARTESIAN_POINT('',(0.,0.));
#3296 = VECTOR('',#3297,1.);
#3297 = DIRECTION('',(0.,-1.));
#3298 =(GEOMETRIC_REPRESENTATION_CONTEXT(2)PARAMETRIC_REPRESENTATION_CONTEXT()REPRESENTATION_CONTEXT('2D SPACE',''));
#3299 = PCURVE('',#3300,#3305);
#3300 = PLANE('',#3301);
#3301 = AXIS2_PLACEMENT_3D('',#3302,#3303,#3304);
#3302 = CARTESIAN_POINT('',(1.2192E+03,-159.0670842003,343.36933832377));
#3303 = DIRECTION('',(0.,0.642787609687,0.766044443119));
#3304 = DIRECTION('',(1.,0.,0.));
#3305 = DEFINITIONAL_REPRESENTATION('',(#3306),#3310);
#3306 = LINE('',#3307,#3308);
#3307 = CARTESIAN_POINT('',(0.,0.));
#3308 = VECTOR('',#3309,1.);
#3309 = DIRECTION('',(0.,1.));
#3310 =(GEOMETRIC_REPRESENTATION_CONTEXT(2)PARAMETRIC_REPRESENTATION_CONTEXT()REPRESENTATION_CONTEXT('2D SPACE',''));
#3311 = ORIENTED_EDGE('',*,*,#3312,.T.);
#3312 = EDGE_CURVE('',#3285,#3313,#3315,.T.);
#3313 = VERTEX_POINT('',#3314);
#3314 = CARTESIAN_POINT('',(1.2192E+03,1.54937330746E+03,2.092922770101E+03));
#3315 = SURFACE_CURVE('',#3316,(#3320,#3327),.PCURVE_S1.);
#3316 = LINE('',#3317,#3318);
#3317 = CARTESIAN_POINT('',(1.2192E+03,-18.,225.));
#3318 = VECTOR('',#3319,1.);
#3319 = DIRECTION('',(0.,0.642787609687,0.766044443119));
#3320 = PCURVE('',#3260,#3321);
#3321 = DEFINITIONAL_REPRESENTATION('',(#3322),#3326);
#3322 = LINE('',#3323,#3324);
#3323 = CARTESIAN_POINT('',(4.263256414561E-14,-184.15));
#3324 = VECTOR('',#3325,1.);
#3325 = DIRECTION('',(1.,0.));
#3326 =(GEOMETRIC_REPRESENTATION_CONTEXT(2)PARAMETRIC_REPRESENTATION_CONTEXT()REPRESENTATION_CONTEXT('2D SPACE',''));
#3327 = PCURVE('',#3328,#3333);
#3328 = PLANE('',#3329);
#3329 = AXIS2_PLACEMENT_3D('',#3330,#3331,#3332);
#3330 = CARTESIAN_POINT('',(1.2192E+03,-18.,225.));
#3331 = DIRECTION('',(0.,0.766044443119,-0.642787609687));
#3332 = DIRECTION('',(0.,0.642787609687,0.766044443119));
#3333 = DEFINITIONAL_REPRESENTATION('',(#3334),#3338);
#3334 = LINE('',#3335,#3336);
#3335 = CARTESIAN_POINT('',(0.,0.));
#3336 = VECTOR('',#3337,1.);
#3337 = DIRECTION('',(1.,0.));
#3338 =(GEOMETRIC_REPRESENTATION_CONTEXT(2)PARAMETRIC_REPRESENTATION_CONTEXT()REPRESENTATION_CONTEXT('2D SPACE',''));
#3339 = ORIENTED_EDGE('',*,*,#3340,.F.);
#3340 = EDGE_CURVE('',#3252,#3313,#3341,.T.);
#3341 = SURFACE_CURVE('',#3342,(#3346,#3353),.PCURVE_S1.);
#3342 = LINE('',#3343,#3344);
#3343 = CARTESIAN_POINT('',(1.2192E+03,1.408306223259E+03,2.211292108425E+03));
#3344 = VECTOR('',#3345,1.);
#3345 = DIRECTION('',(0.,0.766044443119,-0.642787609687));
#3346 = PCURVE('',#3260,#3347);
#3347 = DEFINITIONAL_REPRESENTATION('',(#3348),#3352);
#3348 = LINE('',#3349,#3350);
#3349 = CARTESIAN_POINT('',(2.4384E+03,0.));
#3350 = VECTOR('',#3351,1.);
#3351 = DIRECTION('',(0.,-1.));
#3352 =(GEOMETRIC_REPRESENTATION_CONTEXT(2)PARAMETRIC_REPRESENTATION_CONTEXT()REPRESENTATION_CONTEXT('2D SPACE',''));
#3353 = PCURVE('',#3354,#3359);
#3354 = PLANE('',#3355);
#3355 = AXIS2_PLACEMENT_3D('',#3356,#3357,#3358);
#3356 = CARTESIAN_POINT('',(1.2192E+03,1.408306223259E+03,2.211292108425E+03));
#3357 = DIRECTION('',(0.,0.642787609687,0.766044443119));
#3358 = DIRECTION('',(1.,0.,0.));
#3359 = DEFINITIONAL_REPRESENTATION('',(#3360),#3364);
#3360 = LINE('',#3361,#3362);
#3361 = CARTESIAN_POINT('',(0.,0.));
#3362 = VECTOR('',#3363,1.);
#3363 = DIRECTION('',(0.,1.));
#3364 =(GEOMETRIC_REPRESENTATION_CONTEXT(2)PARAMETRIC_REPRESENTATION_CONTEXT()REPRESENTATION_CONTEXT('2D SPACE',''));
#3365 = ADVANCED_FACE('',(#3366),#3380,.T.);
#3366 = FACE_BOUND('',#3367,.T.);
#3367 = EDGE_LOOP('',(#3368,#3398,#3421,#3444));
#3368 = ORIENTED_EDGE('',*,*,#3369,.F.);
#3369 = EDGE_CURVE('',#3370,#3372,#3374,.T.);
#3370 = VERTEX_POINT('',#3371);
#3371 = CARTESIAN_POINT('',(1.2573E+03,-159.0670842003,343.36933832377));
#3372 = VERTEX_POINT('',#3373);
#3373 = CARTESIAN_POINT('',(1.2573E+03,1.408306223259E+03,2.211292108425E+03));
#3374 = SURFACE_CURVE('',#3375,(#3379,#3391),.PCURVE_S1.);
#3375 = LINE('',#3376,#3377);
#3376 = CARTESIAN_POINT('',(1.2573E+03,-159.0670842003,343.36933832377));
#3377 = VECTOR('',#3378,1.);
#3378 = DIRECTION('',(0.,0.642787609687,0.766044443119));
#3379 = PCURVE('',#3380,#3385);
#3380 = PLANE('',#3381);
#3381 = AXIS2_PLACEMENT_3D('',#3382,#3383,#3384);
#3382 = CARTESIAN_POINT('',(1.2573E+03,-159.0670842003,343.36933832377));
#3383 = DIRECTION('',(1.,0.,0.));
#3384 = DIRECTION('',(0.,0.642787609687,0.766044443119));
#3385 = DEFINITIONAL_REPRESENTATION('',(#3386),#3390);
#3386 = LINE('',#3387,#3388);
#3387 = CARTESIAN_POINT('',(0.,0.));
#3388 = VECTOR('',#3389,1.);
#3389 = DIRECTION('',(1.,0.));
#3390 =(GEOMETRIC_REPRESENTATION_CONTEXT(2)PARAMETRIC_REPRESENTATION_CONTEXT()REPRESENTATION_CONTEXT('2D SPACE',''));
#3391 = PCURVE('',#3272,#3392);
#3392 = DEFINITIONAL_REPRESENTATION('',(#3393),#3397);
#3393 = LINE('',#3394,#3395);
#3394 = CARTESIAN_POINT('',(0.,38.1));
#3395 = VECTOR('',#3396,1.);
#3396 = DIRECTION('',(1.,0.));
#3397 =(GEOMETRIC_REPRESENTATION_CONTEXT(2)PARAMETRIC_REPRESENTATION_CONTEXT()REPRESENTATION_CONTEXT('2D SPACE',''));
#3398 = ORIENTED_EDGE('',*,*,#3399,.T.);
#3399 = EDGE_CURVE('',#3370,#3400,#3402,.T.);
#3400 = VERTEX_POINT('',#3401);
#3401 = CARTESIAN_POINT('',(1.2573E+03,-18.,225.));
#3402 = SURFACE_CURVE('',#3403,(#3407,#3414),.PCURVE_S1.);
#3403 = LINE('',#3404,#3405);
#3404 = CARTESIAN_POINT('',(1.2573E+03,-159.0670842003,343.36933832377));
#3405 = VECTOR('',#3406,1.);
#3406 = DIRECTION('',(0.,0.766044443119,-0.642787609687));
#3407 = PCURVE('',#3380,#3408);
#3408 = DEFINITIONAL_REPRESENTATION('',(#3409),#3413);
#3409 = LINE('',#3410,#3411);
#3410 = CARTESIAN_POINT('',(0.,0.));
#3411 = VECTOR('',#3412,1.);
#3412 = DIRECTION('',(0.,-1.));
#3413 =(GEOMETRIC_REPRESENTATION_CONTEXT(2)PARAMETRIC_REPRESENTATION_CONTEXT()REPRESENTATION_CONTEXT('2D SPACE',''));
#3414 = PCURVE('',#3300,#3415);
#3415 = DEFINITIONAL_REPRESENTATION('',(#3416),#3420);
#3416 = LINE('',#3417,#3418);
#3417 = CARTESIAN_POINT('',(38.1,0.));
#3418 = VECTOR('',#3419,1.);
#3419 = DIRECTION('',(0.,1.));
#3420 =(GEOMETRIC_REPRESENTATION_CONTEXT(2)PARAMETRIC_REPRESENTATION_CONTEXT()REPRESENTATION_CONTEXT('2D SPACE',''));
#3421 = ORIENTED_EDGE('',*,*,#3422,.T.);
#3422 = EDGE_CURVE('',#3400,#3423,#3425,.T.);
#3423 = VERTEX_POINT('',#3424);
#3424 = CARTESIAN_POINT('',(1.2573E+03,1.54937330746E+03,2.092922770101E+03));
#3425 = SURFACE_CURVE('',#3426,(#3430,#3437),.PCURVE_S1.);
#3426 = LINE('',#3427,#3428);
#3427 = CARTESIAN_POINT('',(1.2573E+03,-18.,225.));
#3428 = VECTOR('',#3429,1.);
#3429 = DIRECTION('',(0.,0.642787609687,0.766044443119));
#3430 = PCURVE('',#3380,#3431);
#3431 = DEFINITIONAL_REPRESENTATION('',(#3432),#3436);
#3432 = LINE('',#3433,#3434);
#3433 = CARTESIAN_POINT('',(4.263256414561E-14,-184.15));
#3434 = VECTOR('',#3435,1.);
#3435 = DIRECTION('',(1.,0.));
#3436 =(GEOMETRIC_REPRESENTATION_CONTEXT(2)PARAMETRIC_REPRESENTATION_CONTEXT()REPRESENTATION_CONTEXT('2D SPACE',''));
#3437 = PCURVE('',#3328,#3438);
#3438 = DEFINITIONAL_REPRESENTATION('',(#3439),#3443);
#3439 = LINE('',#3440,#3441);
#3440 = CARTESIAN_POINT('',(0.,38.1));
#3441 = VECTOR('',#3442,1.);
#3442 = DIRECTION('',(1.,0.));
#3443 =(GEOMETRIC_REPRESENTATION_CONTEXT(2)PARAMETRIC_REPRESENTATION_CONTEXT()REPRESENTATION_CONTEXT('2D SPACE',''));
#3444 = ORIENTED_EDGE('',*,*,#3445,.F.);
#3445 = EDGE_CURVE('',#3372,#3423,#3446,.T.);
#3446 = SURFACE_CURVE('',#3447,(#3451,#3458),.PCURVE_S1.);
#3447 = LINE('',#3448,#3449);
#3448 = CARTESIAN_POINT('',(1.2573E+03,1.408306223259E+03,2.211292108425E+03));
#3449 = VECTOR('',#3450,1.);
#3450 = DIRECTION('',(0.,0.766044443119,-0.642787609687));
#3451 = PCURVE('',#3380,#3452);
#3452 = DEFINITIONAL_REPRESENTATION('',(#3453),#3457);
#3453 = LINE('',#3454,#3455);
#3454 = CARTESIAN_POINT('',(2.4384E+03,0.));
#3455 = VECTOR('',#3456,1.);
#3456 = DIRECTION('',(0.,-1.));
#3457 =(GEOMETRIC_REPRESENTATION_CONTEXT(2)PARAMETRIC_REPRESENTATION_CONTEXT()REPRESENTATION_CONTEXT('2D SPACE',''));
#3458 = PCURVE('',#3354,#3459);
#3459 = DEFINITIONAL_REPRESENTATION('',(#3460),#3464);
#3460 = LINE('',#3461,#3462);
#3461 = CARTESIAN_POINT('',(38.1,0.));
#3462 = VECTOR('',#3463,1.);
#3463 = DIRECTION('',(0.,1.));
#3464 =(GEOMETRIC_REPRESENTATION_CONTEXT(2)PARAMETRIC_REPRESENTATION_CONTEXT()REPRESENTATION_CONTEXT('2D SPACE',''));
#3465 = ADVANCED_FACE('',(#3466),#3272,.F.);
#3466 = FACE_BOUND('',#3467,.F.);
#3467 = EDGE_LOOP('',(#3468,#3489,#3490,#3511));
#3468 = ORIENTED_EDGE('',*,*,#3469,.F.);
#3469 = EDGE_CURVE('',#3250,#3370,#3470,.T.);
#3470 = SURFACE_CURVE('',#3471,(#3475,#3482),.PCURVE_S1.);
#3471 = LINE('',#3472,#3473);
#3472 = CARTESIAN_POINT('',(1.2192E+03,-159.0670842003,343.36933832377));
#3473 = VECTOR('',#3474,1.);
#3474 = DIRECTION('',(1.,0.,0.));
#3475 = PCURVE('',#3272,#3476);
#3476 = DEFINITIONAL_REPRESENTATION('',(#3477),#3481);
#3477 = LINE('',#3478,#3479);
#3478 = CARTESIAN_POINT('',(0.,0.));
#3479 = VECTOR('',#3480,1.);
#3480 = DIRECTION('',(0.,1.));
#3481 =(GEOMETRIC_REPRESENTATION_CONTEXT(2)PARAMETRIC_REPRESENTATION_CONTEXT()REPRESENTATION_CONTEXT('2D SPACE',''));
#3482 = PCURVE('',#3300,#3483);
#3483 = DEFINITIONAL_REPRESENTATION('',(#3484),#3488);
#3484 = LINE('',#3485,#3486);
#3485 = CARTESIAN_POINT('',(0.,0.));
#3486 = VECTOR('',#3487,1.);
#3487 = DIRECTION('',(1.,0.));
#3488 =(GEOMETRIC_REPRESENTATION_CONTEXT(2)PARAMETRIC_REPRESENTATION_CONTEXT()REPRESENTATION_CONTEXT('2D SPACE',''));
#3489 = ORIENTED_EDGE('',*,*,#3249,.T.);
#3490 = ORIENTED_EDGE('',*,*,#3491,.T.);
#3491 = EDGE_CURVE('',#3252,#3372,#3492,.T.);
#3492 = SURFACE_CURVE('',#3493,(#3497,#3504),.PCURVE_S1.);
#3493 = LINE('',#3494,#3495);
#3494 = CARTESIAN_POINT('',(1.2192E+03,1.408306223259E+03,2.211292108425E+03));
#3495 = VECTOR('',#3496,1.);
#3496 = DIRECTION('',(1.,0.,0.));
#3497 = PCURVE('',#3272,#3498);
#3498 = DEFINITIONAL_REPRESENTATION('',(#3499),#3503);
#3499 = LINE('',#3500,#3501);
#3500 = CARTESIAN_POINT('',(2.4384E+03,0.));
#3501 = VECTOR('',#3502,1.);
#3502 = DIRECTION('',(0.,1.));
#3503 =(GEOMETRIC_REPRESENTATION_CONTEXT(2)PARAMETRIC_REPRESENTATION_CONTEXT()REPRESENTATION_CONTEXT('2D SPACE',''));
#3504 = PCURVE('',#3354,#3505);
#3505 = DEFINITIONAL_REPRESENTATION('',(#3506),#3510);
#3506 = LINE('',#3507,#3508);
#3507 = CARTESIAN_POINT('',(0.,0.));
#3508 = VECTOR('',#3509,1.);
#3509 = DIRECTION('',(1.,0.));
#3510 =(GEOMETRIC_REPRESENTATION_CONTEXT(2)PARAMETRIC_REPRESENTATION_CONTEXT()REPRESENTATION_CONTEXT('2D SPACE',''));
#3511 = ORIENTED_EDGE('',*,*,#3369,.F.);
#3512 = ADVANCED_FACE('',(#3513),#3328,.T.);
#3513 = FACE_BOUND('',#3514,.T.);
#3514 = EDGE_LOOP('',(#3515,#3536,#3537,#3558));
#3515 = ORIENTED_EDGE('',*,*,#3516,.F.);
#3516 = EDGE_CURVE('',#3285,#3400,#3517,.T.);
#3517 = SURFACE_CURVE('',#3518,(#3522,#3529),.PCURVE_S1.);
#3518 = LINE('',#3519,#3520);
#3519 = CARTESIAN_POINT('',(1.2192E+03,-18.,225.));
#3520 = VECTOR('',#3521,1.);
#3521 = DIRECTION('',(1.,0.,0.));
#3522 = PCURVE('',#3328,#3523);
#3523 = DEFINITIONAL_REPRESENTATION('',(#3524),#3528);
#3524 = LINE('',#3525,#3526);
#3525 = CARTESIAN_POINT('',(0.,0.));
#3526 = VECTOR('',#3527,1.);
#3527 = DIRECTION('',(0.,1.));
#3528 =(GEOMETRIC_REPRESENTATION_CONTEXT(2)PARAMETRIC_REPRESENTATION_CONTEXT()REPRESENTATION_CONTEXT('2D SPACE',''));
#3529 = PCURVE('',#3300,#3530);
#3530 = DEFINITIONAL_REPRESENTATION('',(#3531),#3535);
#3531 = LINE('',#3532,#3533);
#3532 = CARTESIAN_POINT('',(0.,184.15));
#3533 = VECTOR('',#3534,1.);
#3534 = DIRECTION('',(1.,0.));
#3535 =(GEOMETRIC_REPRESENTATION_CONTEXT(2)PARAMETRIC_REPRESENTATION_CONTEXT()REPRESENTATION_CONTEXT('2D SPACE',''));
#3536 = ORIENTED_EDGE('',*,*,#3312,.T.);
#3537 = ORIENTED_EDGE('',*,*,#3538,.T.);
#3538 = EDGE_CURVE('',#3313,#3423,#3539,.T.);
#3539 = SURFACE_CURVE('',#3540,(#3544,#3551),.PCURVE_S1.);
#3540 = LINE('',#3541,#3542);
#3541 = CARTESIAN_POINT('',(1.2192E+03,1.54937330746E+03,2.092922770101E+03));
#3542 = VECTOR('',#3543,1.);
#3543 = DIRECTION('',(1.,0.,0.));
#3544 = PCURVE('',#3328,#3545);
#3545 = DEFINITIONAL_REPRESENTATION('',(#3546),#3550);
#3546 = LINE('',#3547,#3548);
#3547 = CARTESIAN_POINT('',(2.4384E+03,0.));
#3548 = VECTOR('',#3549,1.);
#3549 = DIRECTION('',(0.,1.));
#3550 =(GEOMETRIC_REPRESENTATION_CONTEXT(2)PARAMETRIC_REPRESENTATION_CONTEXT()REPRESENTATION_CONTEXT('2D SPACE',''));
#3551 = PCURVE('',#3354,#3552);
#3552 = DEFINITIONAL_REPRESENTATION('',(#3553),#3557);
#3553 = LINE('',#3554,#3555);
#3554 = CARTESIAN_POINT('',(0.,184.15));
#3555 = VECTOR('',#3556,1.);
#3556 = DIRECTION('',(1.,0.));
#3557 =(GEOMETRIC_REPRESENTATION_CONTEXT(2)PARAMETRIC_REPRESENTATION_CONTEXT()REPRESENTATION_CONTEXT('2D SPACE',''));
#3558 = ORIENTED_EDGE('',*,*,#3422,.F.);
#3559 = ADVANCED_FACE('',(#3560),#3300,.F.);
#3560 = FACE_BOUND('',#3561,.F.);
#3561 = EDGE_LOOP('',(#3562,#3563,#3564,#3565));
#3562 = ORIENTED_EDGE('',*,*,#3284,.F.);
#3563 = ORIENTED_EDGE('',*,*,#3469,.T.);
#3564 = ORIENTED_EDGE('',*,*,#3399,.T.);
#3565 = ORIENTED_EDGE('',*,*,#3516,.F.);
#3566 = ADVANCED_FACE('',(#3567),#3354,.T.);
#3567 = FACE_BOUND('',#3568,.T.);
#3568 = EDGE_LOOP('',(#3569,#3570,#3571,#3572));
#3569 = ORIENTED_EDGE('',*,*,#3340,.F.);
#3570 = ORIENTED_EDGE('',*,*,#3491,.T.);
#3571 = ORIENTED_EDGE('',*,*,#3445,.T.);
#3572 = ORIENTED_EDGE('',*,*,#3538,.F.);
#3573 =(GEOMETRIC_REPRESENTATION_CONTEXT(3)GLOBAL_UNCERTAINTY_ASSIGNED_CONTEXT((#3577))GLOBAL_UNIT_ASSIGNED_CONTEXT((#3574,#3575,#3576))REPRESENTATION_CONTEXT('Context #1','3D Context with UNIT and UNCERTAINTY'));
#3574 =(LENGTH_UNIT()NAMED_UNIT(*)SI_UNIT(.MILLI.,.METRE.));
#3575 =(NAMED_UNIT(*)PLANE_ANGLE_UNIT()SI_UNIT($,.RADIAN.));
#3576 =(NAMED_UNIT(*)SI_UNIT($,.STERADIAN.)SOLID_ANGLE_UNIT());
#3577 = UNCERTAINTY_MEASURE_WITH_UNIT(LENGTH_MEASURE(1.E-07),#3574,'distance_accuracy_value','confusion accuracy');
#3578 = CONTEXT_DEPENDENT_SHAPE_REPRESENTATION(#3579,#3581);
#3579 =(REPRESENTATION_RELATIONSHIP('','',#3242,#10)REPRESENTATION_RELATIONSHIP_WITH_TRANSFORMATION(#3580)SHAPE_REPRESENTATION_RELATIONSHIP());
#3580 = ITEM_DEFINED_TRANSFORMATION('','',#11,#47);
#3581 = PRODUCT_DEFINITION_SHAPE('Placement','Placement of an item',#3582);
#3582 = NEXT_ASSEMBLY_USAGE_OCCURRENCE('9','box_side_right','',#5,#3237,$);
#3583 = PRODUCT_RELATED_PRODUCT_CATEGORY('part',$,(#3239));
#3584 = SHAPE_DEFINITION_REPRESENTATION(#3585,#3591);
#3585 = PRODUCT_DEFINITION_SHAPE('','',#3586);
#3586 = PRODUCT_DEFINITION('design','',#3587,#3590);
#3587 = PRODUCT_DEFINITION_FORMATION('','',#3588);
#3588 = PRODUCT('leg_right','leg_right','',(#3589));
#3589 = PRODUCT_CONTEXT('',#2,'mechanical');
#3590 = PRODUCT_DEFINITION_CONTEXT('part definition',#2,'design');
#3591 = ADVANCED_BREP_SHAPE_REPRESENTATION('',(#11,#3592),#4148);
#3592 = MANIFOLD_SOLID_BREP('',#3593);
#3593 = CLOSED_SHELL('',(#3594,#3797,#3871,#3918,#3963,#4012,#4062,#4111,#4138));
#3594 = ADVANCED_FACE('',(#3595),#3609,.F.);
#3595 = FACE_BOUND('',#3596,.F.);
#3596 = EDGE_LOOP('',(#3597,#3632,#3660,#3688,#3717,#3745,#3771));
#3597 = ORIENTED_EDGE('',*,*,#3598,.T.);
#3598 = EDGE_CURVE('',#3599,#3601,#3603,.T.);
#3599 = VERTEX_POINT('',#3600);
#3600 = CARTESIAN_POINT('',(1.2573E+03,965.73897079058,1.400602579555E+03));
#3601 = VERTEX_POINT('',#3602);
#3602 = CARTESIAN_POINT('',(1.2573E+03,1.188851163991E+03,1.666497337354E+03));
#3603 = SURFACE_CURVE('',#3604,(#3608,#3620),.PCURVE_S1.);
#3604 = LINE('',#3605,#3606);
#3605 = CARTESIAN_POINT('',(1.2573E+03,931.7361201166,1.360079560106E+03));
#3606 = VECTOR('',#3607,1.);
#3607 = DIRECTION('',(0.,0.642787609687,0.766044443119));
#3608 = PCURVE('',#3609,#3614);
#3609 = PLANE('',#3610);
#3610 = AXIS2_PLACEMENT_3D('',#3611,#3612,#3613);
#3611 = CARTESIAN_POINT('',(1.2573E+03,793.84812035519,1.47578132985E+03));
#3612 = DIRECTION('',(1.,0.,0.));
#3613 = DIRECTION('',(0.,0.642787609687,0.766044443119));
#3614 = DEFINITIONAL_REPRESENTATION('',(#3615),#3619);
#3615 = LINE('',#3616,#3617);
#3616 = CARTESIAN_POINT('',(-1.42108547152E-14,-180.));
#3617 = VECTOR('',#3618,1.);
#3618 = DIRECTION('',(1.,0.));
#3619 =(GEOMETRIC_REPRESENTATION_CONTEXT(2)PARAMETRIC_REPRESENTATION_CONTEXT()REPRESENTATION_CONTEXT('2D SPACE',''));
#3620 = PCURVE('',#3621,#3626);
#3621 = PLANE('',#3622);
#3622 = AXIS2_PLACEMENT_3D('',#3623,#3624,#3625);
#3623 = CARTESIAN_POINT('',(1.2573E+03,931.7361201166,1.360079560106E+03));
#3624 = DIRECTION('',(0.,0.766044443119,-0.642787609687));
#3625 = DIRECTION('',(0.,0.642787609687,0.766044443119));
#3626 = DEFINITIONAL_REPRESENTATION('',(#3627),#3631);
#3627 = LINE('',#3628,#3629);
#3628 = CARTESIAN_POINT('',(0.,0.));
#3629 = VECTOR('',#3630,1.);
#3630 = DIRECTION('',(1.,0.));
#3631 =(GEOMETRIC_REPRESENTATION_CONTEXT(2)PARAMETRIC_REPRESENTATION_CONTEXT()REPRESENTATION_CONTEXT('2D SPACE',''));
#3632 = ORIENTED_EDGE('',*,*,#3633,.F.);
#3633 = EDGE_CURVE('',#3634,#3601,#3636,.T.);
#3634 = VERTEX_POINT('',#3635);
#3635 = CARTESIAN_POINT('',(1.2573E+03,1.05096316423E+03,1.782199107097E+03));
#3636 = SURFACE_CURVE('',#3637,(#3641,#3648),.PCURVE_S1.);
#3637 = LINE('',#3638,#3639);
#3638 = CARTESIAN_POINT('',(1.2573E+03,1.05096316423E+03,1.782199107097E+03));
#3639 = VECTOR('',#3640,1.);
#3640 = DIRECTION('',(0.,0.766044443119,-0.642787609687));
#3641 = PCURVE('',#3609,#3642);
#3642 = DEFINITIONAL_REPRESENTATION('',(#3643),#3647);
#3643 = LINE('',#3644,#3645);
#3644 = CARTESIAN_POINT('',(400.,5.684341886081E-14));
#3645 = VECTOR('',#3646,1.);
#3646 = DIRECTION('',(0.,-1.));
#3647 =(GEOMETRIC_REPRESENTATION_CONTEXT(2)PARAMETRIC_REPRESENTATION_CONTEXT()REPRESENTATION_CONTEXT('2D SPACE',''));
#3648 = PCURVE('',#3649,#3654);
#3649 = PLANE('',#3650);
#3650 = AXIS2_PLACEMENT_3D('',#3651,#3652,#3653);
#3651 = CARTESIAN_POINT('',(1.2573E+03,1.05096316423E+03,1.782199107097E+03));
#3652 = DIRECTION('',(0.,0.642787609687,0.766044443119));
#3653 = DIRECTION('',(1.,0.,0.));
#3654 = DEFINITIONAL_REPRESENTATION('',(#3655),#3659);
#3655 = LINE('',#3656,#3657);
#3656 = CARTESIAN_POINT('',(0.,0.));
#3657 = VECTOR('',#3658,1.);
#3658 = DIRECTION('',(0.,1.));
#3659 =(GEOMETRIC_REPRESENTATION_CONTEXT(2)PARAMETRIC_REPRESENTATION_CONTEXT()REPRESENTATION_CONTEXT('2D SPACE',''));
#3660 = ORIENTED_EDGE('',*,*,#3661,.F.);
#3661 = EDGE_CURVE('',#3662,#3634,#3664,.T.);
#3662 = VERTEX_POINT('',#3663);
#3663 = CARTESIAN_POINT('',(1.2573E+03,793.84812035519,1.47578132985E+03));
#3664 = SURFACE_CURVE('',#3665,(#3669,#3676),.PCURVE_S1.);
#3665 = LINE('',#3666,#3667);
#3666 = CARTESIAN_POINT('',(1.2573E+03,793.84812035519,1.47578132985E+03));
#3667 = VECTOR('',#3668,1.);
#3668 = DIRECTION('',(0.,0.642787609687,0.766044443119));
#3669 = PCURVE('',#3609,#3670);
#3670 = DEFINITIONAL_REPRESENTATION('',(#3671),#3675);
#3671 = LINE('',#3672,#3673);
#3672 = CARTESIAN_POINT('',(0.,0.));
#3673 = VECTOR('',#3674,1.);
#3674 = DIRECTION('',(1.,0.));
#3675 =(GEOMETRIC_REPRESENTATION_CONTEXT(2)PARAMETRIC_REPRESENTATION_CONTEXT()REPRESENTATION_CONTEXT('2D SPACE',''));
#3676 = PCURVE('',#3677,#3682);
#3677 = PLANE('',#3678);
#3678 = AXIS2_PLACEMENT_3D('',#3679,#3680,#3681);
#3679 = CARTESIAN_POINT('',(1.2573E+03,793.84812035519,1.47578132985E+03));
#3680 = DIRECTION('',(0.,0.766044443119,-0.642787609687));
#3681 = DIRECTION('',(0.,0.642787609687,0.766044443119));
#3682 = DEFINITIONAL_REPRESENTATION('',(#3683),#3687);
#3683 = LINE('',#3684,#3685);
#3684 = CARTESIAN_POINT('',(0.,0.));
#3685 = VECTOR('',#3686,1.);
#3686 = DIRECTION('',(1.,0.));
#3687 =(GEOMETRIC_REPRESENTATION_CONTEXT(2)PARAMETRIC_REPRESENTATION_CONTEXT()REPRESENTATION_CONTEXT('2D SPACE',''));
#3688 = ORIENTED_EDGE('',*,*,#3689,.T.);
#3689 = EDGE_CURVE('',#3662,#3690,#3692,.T.);
#3690 = VERTEX_POINT('',#3691);
#3691 = CARTESIAN_POINT('',(1.2573E+03,778.7088031976,1.385836897405E+03));
#3692 = SURFACE_CURVE('',#3693,(#3698,#3705),.PCURVE_S1.);
#3693 = CIRCLE('',#3694,90.);
#3694 = AXIS2_PLACEMENT_3D('',#3695,#3696,#3697);
#3695 = CARTESIAN_POINT('',(1.2573E+03,862.79212023589,1.417930444978E+03));
#3696 = DIRECTION('',(1.,0.,0.));
#3697 = DIRECTION('',(-0.,0.,1.));
#3698 = PCURVE('',#3609,#3699);
#3699 = DEFINITIONAL_REPRESENTATION('',(#3700),#3704);
#3700 = CIRCLE('',#3701,90.);
#3701 = AXIS2_PLACEMENT_2D('',#3702,#3703);
#3702 = CARTESIAN_POINT('',(-7.105427357601E-15,-90.));
#3703 = DIRECTION('',(0.766044443119,0.642787609687));
#3704 =(GEOMETRIC_REPRESENTATION_CONTEXT(2)PARAMETRIC_REPRESENTATION_CONTEXT()REPRESENTATION_CONTEXT('2D SPACE',''));
#3705 = PCURVE('',#3706,#3711);
#3706 = CYLINDRICAL_SURFACE('',#3707,90.);
#3707 = AXIS2_PLACEMENT_3D('',#3708,#3709,#3710);
#3708 = CARTESIAN_POINT('',(1.2573E+03,862.79212023589,1.417930444978E+03));
#3709 = DIRECTION('',(1.,0.,0.));
#3710 = DIRECTION('',(-0.,0.,1.));
#3711 = DEFINITIONAL_REPRESENTATION('',(#3712),#3716);
#3712 = LINE('',#3713,#3714);
#3713 = CARTESIAN_POINT('',(0.,0.));
#3714 = VECTOR('',#3715,1.);
#3715 = DIRECTION('',(1.,0.));
#3716 =(GEOMETRIC_REPRESENTATION_CONTEXT(2)PARAMETRIC_REPRESENTATION_CONTEXT()REPRESENTATION_CONTEXT('2D SPACE',''));
#3717 = ORIENTED_EDGE('',*,*,#3718,.T.);
#3718 = EDGE_CURVE('',#3690,#3719,#3721,.T.);
#3719 = VERTEX_POINT('',#3720);
#3720 = CARTESIAN_POINT('',(1.2573E+03,1.30766536631E+03,0.));
#3721 = SURFACE_CURVE('',#3722,(#3726,#3733),.PCURVE_S1.);
#3722 = LINE('',#3723,#3724);
#3723 = CARTESIAN_POINT('',(1.2573E+03,778.7088031976,1.385836897405E+03));
#3724 = VECTOR('',#3725,1.);
#3725 = DIRECTION('',(0.,0.356594973036,-0.934259078203));
#3726 = PCURVE('',#3609,#3727);
#3727 = DEFINITIONAL_REPRESENTATION('',(#3728),#3732);
#3728 = LINE('',#3729,#3730);
#3729 = CARTESIAN_POINT('',(-78.63279815203,-46.21777695477));
#3730 = VECTOR('',#3731,1.);
#3731 = DIRECTION('',(-0.486469144947,-0.873697757245));
#3732 =(GEOMETRIC_REPRESENTATION_CONTEXT(2)PARAMETRIC_REPRESENTATION_CONTEXT()REPRESENTATION_CONTEXT('2D SPACE',''));
#3733 = PCURVE('',#3734,#3739);
#3734 = PLANE('',#3735);
#3735 = AXIS2_PLACEMENT_3D('',#3736,#3737,#3738);
#3736 = CARTESIAN_POINT('',(1.2573E+03,778.7088031976,1.385836897405E+03));
#3737 = DIRECTION('',(0.,-0.934259078203,-0.356594973036));
#3738 = DIRECTION('',(0.,0.356594973036,-0.934259078203));
#3739 = DEFINITIONAL_REPRESENTATION('',(#3740),#3744);
#3740 = LINE('',#3741,#3742);
#3741 = CARTESIAN_POINT('',(0.,0.));
#3742 = VECTOR('',#3743,1.);
#3743 = DIRECTION('',(1.,0.));
#3744 =(GEOMETRIC_REPRESENTATION_CONTEXT(2)PARAMETRIC_REPRESENTATION_CONTEXT()REPRESENTATION_CONTEXT('2D SPACE',''));
#3745 = ORIENTED_EDGE('',*,*,#3746,.F.);
#3746 = EDGE_CURVE('',#3747,#3719,#3749,.T.);
#3747 = VERTEX_POINT('',#3748);
#3748 = CARTESIAN_POINT('',(1.2573E+03,1.500331409594E+03,0.));
#3749 = SURFACE_CURVE('',#3750,(#3754,#3760),.PCURVE_S1.);
#3750 = LINE('',#3751,#3752);
#3751 = CARTESIAN_POINT('',(1.2573E+03,-2.103075939822E+03,0.));
#3752 = VECTOR('',#3753,1.);
#3753 = DIRECTION('',(0.,-1.,0.));
#3754 = PCURVE('',#3609,#3755);
#3755 = DEFINITIONAL_REPRESENTATION('',(#3756),#3759);
#3756 = B_SPLINE_CURVE_WITH_KNOTS('',1,(#3757,#3758),.UNSPECIFIED.,.F.,.F.,(2,2),(-3.701091731398E+03,-3.293926013337E+03),.PIECEWISE_BEZIER_KNOTS.);
#3757 = CARTESIAN_POINT('',(-613.6050718189,-1.564642129309E+03));
#3758 = CARTESIAN_POINT('',(-875.3261504777,-1.25273509356E+03));
#3759 =(GEOMETRIC_REPRESENTATION_CONTEXT(2)PARAMETRIC_REPRESENTATION_CONTEXT()REPRESENTATION_CONTEXT('2D SPACE',''));
#3760 = PCURVE('',#3761,#3766);
#3761 = PLANE('',#3762);
#3762 = AXIS2_PLACEMENT_3D('',#3763,#3764,#3765);
#3763 = CARTESIAN_POINT('',(-5.E+03,-5.E+03,0.));
#3764 = DIRECTION('',(0.,0.,1.));
#3765 = DIRECTION('',(1.,0.,0.));
#3766 = DEFINITIONAL_REPRESENTATION('',(#3767),#3770);
#3767 = B_SPLINE_CURVE_WITH_KNOTS('',1,(#3768,#3769),.UNSPECIFIED.,.F.,.F.,(2,2),(-3.701091731398E+03,-3.293926013337E+03),.PIECEWISE_BEZIER_KNOTS.);
#3768 = CARTESIAN_POINT('',(6.2573E+03,6.598015791576E+03));
#3769 = CARTESIAN_POINT('',(6.2573E+03,6.190850073515E+03));
#3770 =(GEOMETRIC_REPRESENTATION_CONTEXT(2)PARAMETRIC_REPRESENTATION_CONTEXT()REPRESENTATION_CONTEXT('2D SPACE',''));
#3771 = ORIENTED_EDGE('',*,*,#3772,.F.);
#3772 = EDGE_CURVE('',#3599,#3747,#3773,.T.);
#3773 = SURFACE_CURVE('',#3774,(#3778,#3785),.PCURVE_S1.);
#3774 = LINE('',#3775,#3776);
#3775 = CARTESIAN_POINT('',(1.2573E+03,946.87543727419,1.450023992551E+03));
#3776 = VECTOR('',#3777,1.);
#3777 = DIRECTION('',(0.,0.356594973036,-0.934259078203));
#3778 = PCURVE('',#3609,#3779);
#3779 = DEFINITIONAL_REPRESENTATION('',(#3780),#3784);
#3780 = LINE('',#3781,#3782);
#3781 = CARTESIAN_POINT('',(78.632798152034,-133.7822230452));
#3782 = VECTOR('',#3783,1.);
#3783 = DIRECTION('',(-0.486469144947,-0.873697757245));
#3784 =(GEOMETRIC_REPRESENTATION_CONTEXT(2)PARAMETRIC_REPRESENTATION_CONTEXT()REPRESENTATION_CONTEXT('2D SPACE',''));
#3785 = PCURVE('',#3786,#3791);
#3786 = PLANE('',#3787);
#3787 = AXIS2_PLACEMENT_3D('',#3788,#3789,#3790);
#3788 = CARTESIAN_POINT('',(1.2573E+03,946.87543727419,1.450023992551E+03));
#3789 = DIRECTION('',(0.,-0.934259078203,-0.356594973036));
#3790 = DIRECTION('',(0.,0.356594973036,-0.934259078203));
#3791 = DEFINITIONAL_REPRESENTATION('',(#3792),#3796);
#3792 = LINE('',#3793,#3794);
#3793 = CARTESIAN_POINT('',(0.,0.));
#3794 = VECTOR('',#3795,1.);
#3795 = DIRECTION('',(1.,0.));
#3796 =(GEOMETRIC_REPRESENTATION_CONTEXT(2)PARAMETRIC_REPRESENTATION_CONTEXT()REPRESENTATION_CONTEXT('2D SPACE',''));
#3797 = ADVANCED_FACE('',(#3798),#3621,.T.);
#3798 = FACE_BOUND('',#3799,.T.);
#3799 = EDGE_LOOP('',(#3800,#3830,#3849,#3850));
#3800 = ORIENTED_EDGE('',*,*,#3801,.F.);
#3801 = EDGE_CURVE('',#3802,#3804,#3806,.T.);
#3802 = VERTEX_POINT('',#3803);
#3803 = CARTESIAN_POINT('',(1.2954E+03,965.73897079058,1.400602579555E+03));
#3804 = VERTEX_POINT('',#3805);
#3805 = CARTESIAN_POINT('',(1.2954E+03,1.188851163991E+03,1.666497337354E+03));
#3806 = SURFACE_CURVE('',#3807,(#3811,#3818),.PCURVE_S1.);
#3807 = LINE('',#3808,#3809);
#3808 = CARTESIAN_POINT('',(1.2954E+03,931.7361201166,1.360079560106E+03));
#3809 = VECTOR('',#3810,1.);
#3810 = DIRECTION('',(0.,0.642787609687,0.766044443119));
#3811 = PCURVE('',#3621,#3812);
#3812 = DEFINITIONAL_REPRESENTATION('',(#3813),#3817);
#3813 = LINE('',#3814,#3815);
#3814 = CARTESIAN_POINT('',(0.,38.1));
#3815 = VECTOR('',#3816,1.);
#3816 = DIRECTION('',(1.,0.));
#3817 =(GEOMETRIC_REPRESENTATION_CONTEXT(2)PARAMETRIC_REPRESENTATION_CONTEXT()REPRESENTATION_CONTEXT('2D SPACE',''));
#3818 = PCURVE('',#3819,#3824);
#3819 = PLANE('',#3820);
#3820 = AXIS2_PLACEMENT_3D('',#3821,#3822,#3823);
#3821 = CARTESIAN_POINT('',(1.2954E+03,793.84812035519,1.47578132985E+03));
#3822 = DIRECTION('',(1.,0.,0.));
#3823 = DIRECTION('',(0.,0.642787609687,0.766044443119));
#3824 = DEFINITIONAL_REPRESENTATION('',(#3825),#3829);
#3825 = LINE('',#3826,#3827);
#3826 = CARTESIAN_POINT('',(-1.42108547152E-14,-180.));
#3827 = VECTOR('',#3828,1.);
#3828 = DIRECTION('',(1.,0.));
#3829 =(GEOMETRIC_REPRESENTATION_CONTEXT(2)PARAMETRIC_REPRESENTATION_CONTEXT()REPRESENTATION_CONTEXT('2D SPACE',''));
#3830 = ORIENTED_EDGE('',*,*,#3831,.T.);
#3831 = EDGE_CURVE('',#3802,#3599,#3832,.T.);
#3832 = SURFACE_CURVE('',#3833,(#3837,#3843),.PCURVE_S1.);
#3833 = LINE('',#3834,#3835);
#3834 = CARTESIAN_POINT('',(1.2573E+03,965.73897079058,1.400602579555E+03));
#3835 = VECTOR('',#3836,1.);
#3836 = DIRECTION('',(-1.,0.,-0.));
#3837 = PCURVE('',#3621,#3838);
#3838 = DEFINITIONAL_REPRESENTATION('',(#3839),#3842);
#3839 = B_SPLINE_CURVE_WITH_KNOTS('',1,(#3840,#3841),.UNSPECIFIED.,.F.,.F.,(2,2),(-38.1,0.),.PIECEWISE_BEZIER_KNOTS.);
#3840 = CARTESIAN_POINT('',(52.899044974689,38.1));
#3841 = CARTESIAN_POINT('',(52.899044974689,0.));
#3842 =(GEOMETRIC_REPRESENTATION_CONTEXT(2)PARAMETRIC_REPRESENTATION_CONTEXT()REPRESENTATION_CONTEXT('2D SPACE',''));
#3843 = PCURVE('',#3786,#3844);
#3844 = DEFINITIONAL_REPRESENTATION('',(#3845),#3848);
#3845 = B_SPLINE_CURVE_WITH_KNOTS('',1,(#3846,#3847),.UNSPECIFIED.,.F.,.F.,(2,2),(-38.1,0.),.PIECEWISE_BEZIER_KNOTS.);
#3846 = CARTESIAN_POINT('',(52.899044974689,38.1));
#3847 = CARTESIAN_POINT('',(52.899044974689,0.));
#3848 =(GEOMETRIC_REPRESENTATION_CONTEXT(2)PARAMETRIC_REPRESENTATION_CONTEXT()REPRESENTATION_CONTEXT('2D SPACE',''));
#3849 = ORIENTED_EDGE('',*,*,#3598,.T.);
#3850 = ORIENTED_EDGE('',*,*,#3851,.T.);
#3851 = EDGE_CURVE('',#3601,#3804,#3852,.T.);
#3852 = SURFACE_CURVE('',#3853,(#3857,#3864),.PCURVE_S1.);
#3853 = LINE('',#3854,#3855);
#3854 = CARTESIAN_POINT('',(1.2573E+03,1.188851163991E+03,1.666497337354E+03));
#3855 = VECTOR('',#3856,1.);
#3856 = DIRECTION('',(1.,0.,0.));
#3857 = PCURVE('',#3621,#3858);
#3858 = DEFINITIONAL_REPRESENTATION('',(#3859),#3863);
#3859 = LINE('',#3860,#3861);
#3860 = CARTESIAN_POINT('',(400.,0.));
#3861 = VECTOR('',#3862,1.);
#3862 = DIRECTION('',(0.,1.));
#3863 =(GEOMETRIC_REPRESENTATION_CONTEXT(2)PARAMETRIC_REPRESENTATION_CONTEXT()REPRESENTATION_CONTEXT('2D SPACE',''));
#3864 = PCURVE('',#3649,#3865);
#3865 = DEFINITIONAL_REPRESENTATION('',(#3866),#3870);
#3866 = LINE('',#3867,#3868);
#3867 = CARTESIAN_POINT('',(0.,180.));
#3868 = VECTOR('',#3869,1.);
#3869 = DIRECTION('',(1.,0.));
#3870 =(GEOMETRIC_REPRESENTATION_CONTEXT(2)PARAMETRIC_REPRESENTATION_CONTEXT()REPRESENTATION_CONTEXT('2D SPACE',''));
#3871 = ADVANCED_FACE('',(#3872),#3786,.F.);
#3872 = FACE_BOUND('',#3873,.F.);
#3873 = EDGE_LOOP('',(#3874,#3897,#3898,#3899));
#3874 = ORIENTED_EDGE('',*,*,#3875,.F.);
#3875 = EDGE_CURVE('',#3802,#3876,#3878,.T.);
#3876 = VERTEX_POINT('',#3877);
#3877 = CARTESIAN_POINT('',(1.2954E+03,1.500331409594E+03,0.));
#3878 = SURFACE_CURVE('',#3879,(#3883,#3890),.PCURVE_S1.);
#3879 = LINE('',#3880,#3881);
#3880 = CARTESIAN_POINT('',(1.2954E+03,946.87543727419,1.450023992551E+03));
#3881 = VECTOR('',#3882,1.);
#3882 = DIRECTION('',(0.,0.356594973036,-0.934259078203));
#3883 = PCURVE('',#3786,#3884);
#3884 = DEFINITIONAL_REPRESENTATION('',(#3885),#3889);
#3885 = LINE('',#3886,#3887);
#3886 = CARTESIAN_POINT('',(0.,38.1));
#3887 = VECTOR('',#3888,1.);
#3888 = DIRECTION('',(1.,0.));
#3889 =(GEOMETRIC_REPRESENTATION_CONTEXT(2)PARAMETRIC_REPRESENTATION_CONTEXT()REPRESENTATION_CONTEXT('2D SPACE',''));
#3890 = PCURVE('',#3819,#3891);
#3891 = DEFINITIONAL_REPRESENTATION('',(#3892),#3896);
#3892 = LINE('',#3893,#3894);
#3893 = CARTESIAN_POINT('',(78.632798152034,-133.7822230452));
#3894 = VECTOR('',#3895,1.);
#3895 = DIRECTION('',(-0.486469144947,-0.873697757245));
#3896 =(GEOMETRIC_REPRESENTATION_CONTEXT(2)PARAMETRIC_REPRESENTATION_CONTEXT()REPRESENTATION_CONTEXT('2D SPACE',''));
#3897 = ORIENTED_EDGE('',*,*,#3831,.T.);
#3898 = ORIENTED_EDGE('',*,*,#3772,.T.);
#3899 = ORIENTED_EDGE('',*,*,#3900,.F.);
#3900 = EDGE_CURVE('',#3876,#3747,#3901,.T.);
#3901 = SURFACE_CURVE('',#3902,(#3906,#3912),.PCURVE_S1.);
#3902 = LINE('',#3903,#3904);
#3903 = CARTESIAN_POINT('',(-1.87135E+03,1.500331409594E+03,-1.136868377216E-13));
#3904 = VECTOR('',#3905,1.);
#3905 = DIRECTION('',(-1.,-0.,0.));
#3906 = PCURVE('',#3786,#3907);
#3907 = DEFINITIONAL_REPRESENTATION('',(#3908),#3911);
#3908 = B_SPLINE_CURVE_WITH_KNOTS('',1,(#3909,#3910),.UNSPECIFIED.,.F.,.F.,(2,2),(-3.16675E+03,-3.12865E+03),.PIECEWISE_BEZIER_KNOTS.);
#3909 = CARTESIAN_POINT('',(1.55205769618E+03,38.1));
#3910 = CARTESIAN_POINT('',(1.55205769618E+03,0.));
#3911 =(GEOMETRIC_REPRESENTATION_CONTEXT(2)PARAMETRIC_REPRESENTATION_CONTEXT()REPRESENTATION_CONTEXT('2D SPACE',''));
#3912 = PCURVE('',#3761,#3913);
#3913 = DEFINITIONAL_REPRESENTATION('',(#3914),#3917);
#3914 = B_SPLINE_CURVE_WITH_KNOTS('',1,(#3915,#3916),.UNSPECIFIED.,.F.,.F.,(2,2),(-3.16675E+03,-3.12865E+03),.PIECEWISE_BEZIER_KNOTS.);
#3915 = CARTESIAN_POINT('',(6.2954E+03,6.500331409594E+03));
#3916 = CARTESIAN_POINT('',(6.2573E+03,6.500331409594E+03));
#3917 =(GEOMETRIC_REPRESENTATION_CONTEXT(2)PARAMETRIC_REPRESENTATION_CONTEXT()REPRESENTATION_CONTEXT('2D SPACE',''));
#3918 = ADVANCED_FACE('',(#3919),#3761,.F.);
#3919 = FACE_BOUND('',#3920,.F.);
#3920 = EDGE_LOOP('',(#3921,#3922,#3923,#3944));
#3921 = ORIENTED_EDGE('',*,*,#3900,.T.);
#3922 = ORIENTED_EDGE('',*,*,#3746,.T.);
#3923 = ORIENTED_EDGE('',*,*,#3924,.F.);
#3924 = EDGE_CURVE('',#3925,#3719,#3927,.T.);
#3925 = VERTEX_POINT('',#3926);
#3926 = CARTESIAN_POINT('',(1.2954E+03,1.30766536631E+03,0.));
#3927 = SURFACE_CURVE('',#3928,(#3932,#3938),.PCURVE_S1.);
#3928 = LINE('',#3929,#3930);
#3929 = CARTESIAN_POINT('',(-1.87135E+03,1.30766536631E+03,-2.273736754432E-13));
#3930 = VECTOR('',#3931,1.);
#3931 = DIRECTION('',(-1.,-0.,0.));
#3932 = PCURVE('',#3761,#3933);
#3933 = DEFINITIONAL_REPRESENTATION('',(#3934),#3937);
#3934 = B_SPLINE_CURVE_WITH_KNOTS('',1,(#3935,#3936),.UNSPECIFIED.,.F.,.F.,(2,2),(-3.16675E+03,-3.12865E+03),.PIECEWISE_BEZIER_KNOTS.);
#3935 = CARTESIAN_POINT('',(6.2954E+03,6.30766536631E+03));
#3936 = CARTESIAN_POINT('',(6.2573E+03,6.30766536631E+03));
#3937 =(GEOMETRIC_REPRESENTATION_CONTEXT(2)PARAMETRIC_REPRESENTATION_CONTEXT()REPRESENTATION_CONTEXT('2D SPACE',''));
#3938 = PCURVE('',#3734,#3939);
#3939 = DEFINITIONAL_REPRESENTATION('',(#3940),#3943);
#3940 = B_SPLINE_CURVE_WITH_KNOTS('',1,(#3941,#3942),.UNSPECIFIED.,.F.,.F.,(2,2),(-3.16675E+03,-3.12865E+03),.PIECEWISE_BEZIER_KNOTS.);
#3941 = CARTESIAN_POINT('',(1.48335395367E+03,38.1));
#3942 = CARTESIAN_POINT('',(1.48335395367E+03,0.));
#3943 =(GEOMETRIC_REPRESENTATION_CONTEXT(2)PARAMETRIC_REPRESENTATION_CONTEXT()REPRESENTATION_CONTEXT('2D SPACE',''));
#3944 = ORIENTED_EDGE('',*,*,#3945,.F.);
#3945 = EDGE_CURVE('',#3876,#3925,#3946,.T.);
#3946 = SURFACE_CURVE('',#3947,(#3951,#3957),.PCURVE_S1.);
#3947 = LINE('',#3948,#3949);
#3948 = CARTESIAN_POINT('',(1.2954E+03,-2.103075939822E+03,0.));
#3949 = VECTOR('',#3950,1.);
#3950 = DIRECTION('',(0.,-1.,0.));
#3951 = PCURVE('',#3761,#3952);
#3952 = DEFINITIONAL_REPRESENTATION('',(#3953),#3956);
#3953 = B_SPLINE_CURVE_WITH_KNOTS('',1,(#3954,#3955),.UNSPECIFIED.,.F.,.F.,(2,2),(-3.701091731398E+03,-3.293926013337E+03),.PIECEWISE_BEZIER_KNOTS.);
#3954 = CARTESIAN_POINT('',(6.2954E+03,6.598015791576E+03));
#3955 = CARTESIAN_POINT('',(6.2954E+03,6.190850073515E+03));
#3956 =(GEOMETRIC_REPRESENTATION_CONTEXT(2)PARAMETRIC_REPRESENTATION_CONTEXT()REPRESENTATION_CONTEXT('2D SPACE',''));
#3957 = PCURVE('',#3819,#3958);
#3958 = DEFINITIONAL_REPRESENTATION('',(#3959),#3962);
#3959 = B_SPLINE_CURVE_WITH_KNOTS('',1,(#3960,#3961),.UNSPECIFIED.,.F.,.F.,(2,2),(-3.701091731398E+03,-3.293926013337E+03),.PIECEWISE_BEZIER_KNOTS.);
#3960 = CARTESIAN_POINT('',(-613.6050718189,-1.564642129309E+03));
#3961 = CARTESIAN_POINT('',(-875.3261504777,-1.25273509356E+03));
#3962 =(GEOMETRIC_REPRESENTATION_CONTEXT(2)PARAMETRIC_REPRESENTATION_CONTEXT()REPRESENTATION_CONTEXT('2D SPACE',''));
#3963 = ADVANCED_FACE('',(#3964),#3734,.T.);
#3964 = FACE_BOUND('',#3965,.T.);
#3965 = EDGE_LOOP('',(#3966,#3989,#4010,#4011));
#3966 = ORIENTED_EDGE('',*,*,#3967,.F.);
#3967 = EDGE_CURVE('',#3968,#3925,#3970,.T.);
#3968 = VERTEX_POINT('',#3969);
#3969 = CARTESIAN_POINT('',(1.2954E+03,778.7088031976,1.385836897405E+03));
#3970 = SURFACE_CURVE('',#3971,(#3975,#3982),.PCURVE_S1.);
#3971 = LINE('',#3972,#3973);
#3972 = CARTESIAN_POINT('',(1.2954E+03,778.7088031976,1.385836897405E+03));
#3973 = VECTOR('',#3974,1.);
#3974 = DIRECTION('',(0.,0.356594973036,-0.934259078203));
#3975 = PCURVE('',#3734,#3976);
#3976 = DEFINITIONAL_REPRESENTATION('',(#3977),#3981);
#3977 = LINE('',#3978,#3979);
#3978 = CARTESIAN_POINT('',(0.,38.1));
#3979 = VECTOR('',#3980,1.);
#3980 = DIRECTION('',(1.,0.));
#3981 =(GEOMETRIC_REPRESENTATION_CONTEXT(2)PARAMETRIC_REPRESENTATION_CONTEXT()REPRESENTATION_CONTEXT('2D SPACE',''));
#3982 = PCURVE('',#3819,#3983);
#3983 = DEFINITIONAL_REPRESENTATION('',(#3984),#3988);
#3984 = LINE('',#3985,#3986);
#3985 = CARTESIAN_POINT('',(-78.63279815203,-46.21777695477));
#3986 = VECTOR('',#3987,1.);
#3987 = DIRECTION('',(-0.486469144947,-0.873697757245));
#3988 =(GEOMETRIC_REPRESENTATION_CONTEXT(2)PARAMETRIC_REPRESENTATION_CONTEXT()REPRESENTATION_CONTEXT('2D SPACE',''));
#3989 = ORIENTED_EDGE('',*,*,#3990,.F.);
#3990 = EDGE_CURVE('',#3690,#3968,#3991,.T.);
#3991 = SURFACE_CURVE('',#3992,(#3996,#4003),.PCURVE_S1.);
#3992 = LINE('',#3993,#3994);
#3993 = CARTESIAN_POINT('',(1.2573E+03,778.7088031976,1.385836897405E+03));
#3994 = VECTOR('',#3995,1.);
#3995 = DIRECTION('',(1.,0.,0.));
#3996 = PCURVE('',#3734,#3997);
#3997 = DEFINITIONAL_REPRESENTATION('',(#3998),#4002);
#3998 = LINE('',#3999,#4000);
#3999 = CARTESIAN_POINT('',(0.,0.));
#4000 = VECTOR('',#4001,1.);
#4001 = DIRECTION('',(0.,1.));
#4002 =(GEOMETRIC_REPRESENTATION_CONTEXT(2)PARAMETRIC_REPRESENTATION_CONTEXT()REPRESENTATION_CONTEXT('2D SPACE',''));
#4003 = PCURVE('',#3706,#4004);
#4004 = DEFINITIONAL_REPRESENTATION('',(#4005),#4009);
#4005 = LINE('',#4006,#4007);
#4006 = CARTESIAN_POINT('',(1.935417045388,0.));
#4007 = VECTOR('',#4008,1.);
#4008 = DIRECTION('',(0.,1.));
#4009 =(GEOMETRIC_REPRESENTATION_CONTEXT(2)PARAMETRIC_REPRESENTATION_CONTEXT()REPRESENTATION_CONTEXT('2D SPACE',''));
#4010 = ORIENTED_EDGE('',*,*,#3718,.T.);
#4011 = ORIENTED_EDGE('',*,*,#3924,.F.);
#4012 = ADVANCED_FACE('',(#4013),#3706,.T.);
#4013 = FACE_BOUND('',#4014,.T.);
#4014 = EDGE_LOOP('',(#4015,#4039,#4060,#4061));
#4015 = ORIENTED_EDGE('',*,*,#4016,.F.);
#4016 = EDGE_CURVE('',#4017,#3968,#4019,.T.);
#4017 = VERTEX_POINT('',#4018);
#4018 = CARTESIAN_POINT('',(1.2954E+03,793.84812035519,1.47578132985E+03));
#4019 = SURFACE_CURVE('',#4020,(#4025,#4032),.PCURVE_S1.);
#4020 = CIRCLE('',#4021,90.);
#4021 = AXIS2_PLACEMENT_3D('',#4022,#4023,#4024);
#4022 = CARTESIAN_POINT('',(1.2954E+03,862.79212023589,1.417930444978E+03));
#4023 = DIRECTION('',(1.,0.,0.));
#4024 = DIRECTION('',(-0.,0.,1.));
#4025 = PCURVE('',#3706,#4026);
#4026 = DEFINITIONAL_REPRESENTATION('',(#4027),#4031);
#4027 = LINE('',#4028,#4029);
#4028 = CARTESIAN_POINT('',(0.,38.1));
#4029 = VECTOR('',#4030,1.);
#4030 = DIRECTION('',(1.,0.));
#4031 =(GEOMETRIC_REPRESENTATION_CONTEXT(2)PARAMETRIC_REPRESENTATION_CONTEXT()REPRESENTATION_CONTEXT('2D SPACE',''));
#4032 = PCURVE('',#3819,#4033);
#4033 = DEFINITIONAL_REPRESENTATION('',(#4034),#4038);
#4034 = CIRCLE('',#4035,90.);
#4035 = AXIS2_PLACEMENT_2D('',#4036,#4037);
#4036 = CARTESIAN_POINT('',(-7.105427357601E-15,-90.));
#4037 = DIRECTION('',(0.766044443119,0.642787609687));
#4038 =(GEOMETRIC_REPRESENTATION_CONTEXT(2)PARAMETRIC_REPRESENTATION_CONTEXT()REPRESENTATION_CONTEXT('2D SPACE',''));
#4039 = ORIENTED_EDGE('',*,*,#4040,.F.);
#4040 = EDGE_CURVE('',#3662,#4017,#4041,.T.);
#4041 = SURFACE_CURVE('',#4042,(#4046,#4053),.PCURVE_S1.);
#4042 = LINE('',#4043,#4044);
#4043 = CARTESIAN_POINT('',(1.2573E+03,793.84812035519,1.47578132985E+03));
#4044 = VECTOR('',#4045,1.);
#4045 = DIRECTION('',(1.,0.,0.));
#4046 = PCURVE('',#3706,#4047);
#4047 = DEFINITIONAL_REPRESENTATION('',(#4048),#4052);
#4048 = LINE('',#4049,#4050);
#4049 = CARTESIAN_POINT('',(0.872664625997,0.));
#4050 = VECTOR('',#4051,1.);
#4051 = DIRECTION('',(0.,1.));
#4052 =(GEOMETRIC_REPRESENTATION_CONTEXT(2)PARAMETRIC_REPRESENTATION_CONTEXT()REPRESENTATION_CONTEXT('2D SPACE',''));
#4053 = PCURVE('',#3677,#4054);
#4054 = DEFINITIONAL_REPRESENTATION('',(#4055),#4059);
#4055 = LINE('',#4056,#4057);
#4056 = CARTESIAN_POINT('',(0.,0.));
#4057 = VECTOR('',#4058,1.);
#4058 = DIRECTION('',(0.,1.));
#4059 =(GEOMETRIC_REPRESENTATION_CONTEXT(2)PARAMETRIC_REPRESENTATION_CONTEXT()REPRESENTATION_CONTEXT('2D SPACE',''));
#4060 = ORIENTED_EDGE('',*,*,#3689,.T.);
#4061 = ORIENTED_EDGE('',*,*,#3990,.T.);
#4062 = ADVANCED_FACE('',(#4063),#3677,.F.);
#4063 = FACE_BOUND('',#4064,.F.);
#4064 = EDGE_LOOP('',(#4065,#4066,#4067,#4090));
#4065 = ORIENTED_EDGE('',*,*,#4040,.F.);
#4066 = ORIENTED_EDGE('',*,*,#3661,.T.);
#4067 = ORIENTED_EDGE('',*,*,#4068,.T.);
#4068 = EDGE_CURVE('',#3634,#4069,#4071,.T.);
#4069 = VERTEX_POINT('',#4070);
#4070 = CARTESIAN_POINT('',(1.2954E+03,1.05096316423E+03,1.782199107097E+03));
#4071 = SURFACE_CURVE('',#4072,(#4076,#4083),.PCURVE_S1.);
#4072 = LINE('',#4073,#4074);
#4073 = CARTESIAN_POINT('',(1.2573E+03,1.05096316423E+03,1.782199107097E+03));
#4074 = VECTOR('',#4075,1.);
#4075 = DIRECTION('',(1.,0.,0.));
#4076 = PCURVE('',#3677,#4077);
#4077 = DEFINITIONAL_REPRESENTATION('',(#4078),#4082);
#4078 = LINE('',#4079,#4080);
#4079 = CARTESIAN_POINT('',(400.,0.));
#4080 = VECTOR('',#4081,1.);
#4081 = DIRECTION('',(0.,1.));
#4082 =(GEOMETRIC_REPRESENTATION_CONTEXT(2)PARAMETRIC_REPRESENTATION_CONTEXT()REPRESENTATION_CONTEXT('2D SPACE',''));
#4083 = PCURVE('',#3649,#4084);
#4084 = DEFINITIONAL_REPRESENTATION('',(#4085),#4089);
#4085 = LINE('',#4086,#4087);
#4086 = CARTESIAN_POINT('',(0.,0.));
#4087 = VECTOR('',#4088,1.);
#4088 = DIRECTION('',(1.,0.));
#4089 =(GEOMETRIC_REPRESENTATION_CONTEXT(2)PARAMETRIC_REPRESENTATION_CONTEXT()REPRESENTATION_CONTEXT('2D SPACE',''));
#4090 = ORIENTED_EDGE('',*,*,#4091,.F.);
#4091 = EDGE_CURVE('',#4017,#4069,#4092,.T.);
#4092 = SURFACE_CURVE('',#4093,(#4097,#4104),.PCURVE_S1.);
#4093 = LINE('',#4094,#4095);
#4094 = CARTESIAN_POINT('',(1.2954E+03,793.84812035519,1.47578132985E+03));
#4095 = VECTOR('',#4096,1.);
#4096 = DIRECTION('',(0.,0.642787609687,0.766044443119));
#4097 = PCURVE('',#3677,#4098);
#4098 = DEFINITIONAL_REPRESENTATION('',(#4099),#4103);
#4099 = LINE('',#4100,#4101);
#4100 = CARTESIAN_POINT('',(0.,38.1));
#4101 = VECTOR('',#4102,1.);
#4102 = DIRECTION('',(1.,0.));
#4103 =(GEOMETRIC_REPRESENTATION_CONTEXT(2)PARAMETRIC_REPRESENTATION_CONTEXT()REPRESENTATION_CONTEXT('2D SPACE',''));
#4104 = PCURVE('',#3819,#4105);
#4105 = DEFINITIONAL_REPRESENTATION('',(#4106),#4110);
#4106 = LINE('',#4107,#4108);
#4107 = CARTESIAN_POINT('',(0.,0.));
#4108 = VECTOR('',#4109,1.);
#4109 = DIRECTION('',(1.,0.));
#4110 =(GEOMETRIC_REPRESENTATION_CONTEXT(2)PARAMETRIC_REPRESENTATION_CONTEXT()REPRESENTATION_CONTEXT('2D SPACE',''));
#4111 = ADVANCED_FACE('',(#4112),#3649,.T.);
#4112 = FACE_BOUND('',#4113,.T.);
#4113 = EDGE_LOOP('',(#4114,#4115,#4116,#4137));
#4114 = ORIENTED_EDGE('',*,*,#3633,.F.);
#4115 = ORIENTED_EDGE('',*,*,#4068,.T.);
#4116 = ORIENTED_EDGE('',*,*,#4117,.T.);
#4117 = EDGE_CURVE('',#4069,#3804,#4118,.T.);
#4118 = SURFACE_CURVE('',#4119,(#4123,#4130),.PCURVE_S1.);
#4119 = LINE('',#4120,#4121);
#4120 = CARTESIAN_POINT('',(1.2954E+03,1.05096316423E+03,1.782199107097E+03));
#4121 = VECTOR('',#4122,1.);
#4122 = DIRECTION('',(0.,0.766044443119,-0.642787609687));
#4123 = PCURVE('',#3649,#4124);
#4124 = DEFINITIONAL_REPRESENTATION('',(#4125),#4129);
#4125 = LINE('',#4126,#4127);
#4126 = CARTESIAN_POINT('',(38.1,0.));
#4127 = VECTOR('',#4128,1.);
#4128 = DIRECTION('',(0.,1.));
#4129 =(GEOMETRIC_REPRESENTATION_CONTEXT(2)PARAMETRIC_REPRESENTATION_CONTEXT()REPRESENTATION_CONTEXT('2D SPACE',''));
#4130 = PCURVE('',#3819,#4131);
#4131 = DEFINITIONAL_REPRESENTATION('',(#4132),#4136);
#4132 = LINE('',#4133,#4134);
#4133 = CARTESIAN_POINT('',(400.,5.684341886081E-14));
#4134 = VECTOR('',#4135,1.);
#4135 = DIRECTION('',(0.,-1.));
#4136 =(GEOMETRIC_REPRESENTATION_CONTEXT(2)PARAMETRIC_REPRESENTATION_CONTEXT()REPRESENTATION_CONTEXT('2D SPACE',''));
#4137 = ORIENTED_EDGE('',*,*,#3851,.F.);
#4138 = ADVANCED_FACE('',(#4139),#3819,.T.);
#4139 = FACE_BOUND('',#4140,.T.);
#4140 = EDGE_LOOP('',(#4141,#4142,#4143,#4144,#4145,#4146,#4147));
#4141 = ORIENTED_EDGE('',*,*,#3801,.T.);
#4142 = ORIENTED_EDGE('',*,*,#4117,.F.);
#4143 = ORIENTED_EDGE('',*,*,#4091,.F.);
#4144 = ORIENTED_EDGE('',*,*,#4016,.T.);
#4145 = ORIENTED_EDGE('',*,*,#3967,.T.);
#4146 = ORIENTED_EDGE('',*,*,#3945,.F.);
#4147 = ORIENTED_EDGE('',*,*,#3875,.F.);
#4148 =(GEOMETRIC_REPRESENTATION_CONTEXT(3)GLOBAL_UNCERTAINTY_ASSIGNED_CONTEXT((#4152))GLOBAL_UNIT_ASSIGNED_CONTEXT((#4149,#4150,#4151))REPRESENTATION_CONTEXT('Context #1','3D Context with UNIT and UNCERTAINTY'));
#4149 =(LENGTH_UNIT()NAMED_UNIT(*)SI_UNIT(.MILLI.,.METRE.));
#4150 =(NAMED_UNIT(*)PLANE_ANGLE_UNIT()SI_UNIT($,.RADIAN.));
#4151 =(NAMED_UNIT(*)SI_UNIT($,.STERADIAN.)SOLID_ANGLE_UNIT());
#4152 = UNCERTAINTY_MEASURE_WITH_UNIT(LENGTH_MEASURE(1.E-07),#4149,'distance_accuracy_value','confusion accuracy');
#4153 = CONTEXT_DEPENDENT_SHAPE_REPRESENTATION(#4154,#4156);
#4154 =(REPRESENTATION_RELATIONSHIP('','',#3591,#10)REPRESENTATION_RELATIONSHIP_WITH_TRANSFORMATION(#4155)SHAPE_REPRESENTATION_RELATIONSHIP());
#4155 = ITEM_DEFINED_TRANSFORMATION('','',#11,#51);
#4156 = PRODUCT_DEFINITION_SHAPE('Placement','Placement of an item',#4157);
#4157 = NEXT_ASSEMBLY_USAGE_OCCURRENCE('10','leg_right','',#5,#3586,$);
#4158 = PRODUCT_RELATED_PRODUCT_CATEGORY('part',$,(#3588));
#4159 = SHAPE_DEFINITION_REPRESENTATION(#4160,#4166);
#4160 = PRODUCT_DEFINITION_SHAPE('','',#4161);
#4161 = PRODUCT_DEFINITION('design','',#4162,#4165);
#4162 = PRODUCT_DEFINITION_FORMATION('','',#4163);
#4163 = PRODUCT('box_top','box_top','',(#4164));
#4164 = PRODUCT_CONTEXT('',#2,'mechanical');
#4165 = PRODUCT_DEFINITION_CONTEXT('part definition',#2,'design');
#4166 = ADVANCED_BREP_SHAPE_REPRESENTATION('',(#11,#4167),#4497);
#4167 = MANIFOLD_SOLID_BREP('',#4168);
#4168 = CLOSED_SHELL('',(#4169,#4289,#4389,#4436,#4483,#4490));
#4169 = ADVANCED_FACE('',(#4170),#4184,.F.);
#4170 = FACE_BOUND('',#4171,.F.);
#4171 = EDGE_LOOP('',(#4172,#4207,#4235,#4263));
#4172 = ORIENTED_EDGE('',*,*,#4173,.F.);
#4173 = EDGE_CURVE('',#4174,#4176,#4178,.T.);
#4174 = VERTEX_POINT('',#4175);
#4175 = CARTESIAN_POINT('',(-1.2573E+03,1.408306223259E+03,2.211292108425E+03));
#4176 = VERTEX_POINT('',#4177);
#4177 = CARTESIAN_POINT('',(-1.2573E+03,1.432796431188E+03,2.240478401708E+03));
#4178 = SURFACE_CURVE('',#4179,(#4183,#4195),.PCURVE_S1.);
#4179 = LINE('',#4180,#4181);
#4180 = CARTESIAN_POINT('',(-1.2573E+03,1.408306223259E+03,2.211292108425E+03));
#4181 = VECTOR('',#4182,1.);
#4182 = DIRECTION('',(0.,0.642787609687,0.766044443119));
#4183 = PCURVE('',#4184,#4189);
#4184 = PLANE('',#4185);
#4185 = AXIS2_PLACEMENT_3D('',#4186,#4187,#4188);
#4186 = CARTESIAN_POINT('',(-1.2573E+03,1.408306223259E+03,2.211292108425E+03));
#4187 = DIRECTION('',(1.,0.,0.));
#4188 = DIRECTION('',(0.,0.642787609687,0.766044443119));
#4189 = DEFINITIONAL_REPRESENTATION('',(#4190),#4194);
#4190 = LINE('',#4191,#4192);
#4191 = CARTESIAN_POINT('',(0.,0.));
#4192 = VECTOR('',#4193,1.);
#4193 = DIRECTION('',(1.,0.));
#4194 =(GEOMETRIC_REPRESENTATION_CONTEXT(2)PARAMETRIC_REPRESENTATION_CONTEXT()REPRESENTATION_CONTEXT('2D SPACE',''));
#4195 = PCURVE('',#4196,#4201);
#4196 = PLANE('',#4197);
#4197 = AXIS2_PLACEMENT_3D('',#4198,#4199,#4200);
#4198 = CARTESIAN_POINT('',(-1.2573E+03,1.408306223259E+03,2.211292108425E+03));
#4199 = DIRECTION('',(0.,0.766044443119,-0.642787609687));
#4200 = DIRECTION('',(0.,0.642787609687,0.766044443119));
#4201 = DEFINITIONAL_REPRESENTATION('',(#4202),#4206);
#4202 = LINE('',#4203,#4204);
#4203 = CARTESIAN_POINT('',(0.,0.));
#4204 = VECTOR('',#4205,1.);
#4205 = DIRECTION('',(1.,0.));
#4206 =(GEOMETRIC_REPRESENTATION_CONTEXT(2)PARAMETRIC_REPRESENTATION_CONTEXT()REPRESENTATION_CONTEXT('2D SPACE',''));
#4207 = ORIENTED_EDGE('',*,*,#4208,.T.);
#4208 = EDGE_CURVE('',#4174,#4209,#4211,.T.);
#4209 = VERTEX_POINT('',#4210);
#4210 = CARTESIAN_POINT('',(-1.2573E+03,1.54937330746E+03,2.092922770101E+03));
#4211 = SURFACE_CURVE('',#4212,(#4216,#4223),.PCURVE_S1.);
#4212 = LINE('',#4213,#4214);
#4213 = CARTESIAN_POINT('',(-1.2573E+03,1.408306223259E+03,2.211292108425E+03));
#4214 = VECTOR('',#4215,1.);
#4215 = DIRECTION('',(0.,0.766044443119,-0.642787609687));
#4216 = PCURVE('',#4184,#4217);
#4217 = DEFINITIONAL_REPRESENTATION('',(#4218),#4222);
#4218 = LINE('',#4219,#4220);
#4219 = CARTESIAN_POINT('',(0.,0.));
#4220 = VECTOR('',#4221,1.);
#4221 = DIRECTION('',(0.,-1.));
#4222 =(GEOMETRIC_REPRESENTATION_CONTEXT(2)PARAMETRIC_REPRESENTATION_CONTEXT()REPRESENTATION_CONTEXT('2D SPACE',''));
#4223 = PCURVE('',#4224,#4229);
#4224 = PLANE('',#4225);
#4225 = AXIS2_PLACEMENT_3D('',#4226,#4227,#4228);
#4226 = CARTESIAN_POINT('',(-1.2573E+03,1.408306223259E+03,2.211292108425E+03));
#4227 = DIRECTION('',(0.,0.642787609687,0.766044443119));
#4228 = DIRECTION('',(1.,0.,0.));
#4229 = DEFINITIONAL_REPRESENTATION('',(#4230),#4234);
#4230 = LINE('',#4231,#4232);
#4231 = CARTESIAN_POINT('',(0.,0.));
#4232 = VECTOR('',#4233,1.);
#4233 = DIRECTION('',(0.,1.));
#4234 =(GEOMETRIC_REPRESENTATION_CONTEXT(2)PARAMETRIC_REPRESENTATION_CONTEXT()REPRESENTATION_CONTEXT('2D SPACE',''));
#4235 = ORIENTED_EDGE('',*,*,#4236,.T.);
#4236 = EDGE_CURVE('',#4209,#4237,#4239,.T.);
#4237 = VERTEX_POINT('',#4238);
#4238 = CARTESIAN_POINT('',(-1.2573E+03,1.573863515389E+03,2.122109063384E+03));
#4239 = SURFACE_CURVE('',#4240,(#4244,#4251),.PCURVE_S1.);
#4240 = LINE('',#4241,#4242);
#4241 = CARTESIAN_POINT('',(-1.2573E+03,1.54937330746E+03,2.092922770101E+03));
#4242 = VECTOR('',#4243,1.);
#4243 = DIRECTION('',(0.,0.642787609687,0.766044443119));
#4244 = PCURVE('',#4184,#4245);
#4245 = DEFINITIONAL_REPRESENTATION('',(#4246),#4250);
#4246 = LINE('',#4247,#4248);
#4247 = CARTESIAN_POINT('',(-1.278976924368E-13,-184.15));
#4248 = VECTOR('',#4249,1.);
#4249 = DIRECTION('',(1.,0.));
#4250 =(GEOMETRIC_REPRESENTATION_CONTEXT(2)PARAMETRIC_REPRESENTATION_CONTEXT()REPRESENTATION_CONTEXT('2D SPACE',''));
#4251 = PCURVE('',#4252,#4257);
#4252 = PLANE('',#4253);
#4253 = AXIS2_PLACEMENT_3D('',#4254,#4255,#4256);
#4254 = CARTESIAN_POINT('',(-1.2573E+03,1.54937330746E+03,2.092922770101E+03));
#4255 = DIRECTION('',(0.,0.766044443119,-0.642787609687));
#4256 = DIRECTION('',(0.,0.642787609687,0.766044443119));
#4257 = DEFINITIONAL_REPRESENTATION('',(#4258),#4262);
#4258 = LINE('',#4259,#4260);
#4259 = CARTESIAN_POINT('',(0.,0.));
#4260 = VECTOR('',#4261,1.);
#4261 = DIRECTION('',(1.,0.));
#4262 =(GEOMETRIC_REPRESENTATION_CONTEXT(2)PARAMETRIC_REPRESENTATION_CONTEXT()REPRESENTATION_CONTEXT('2D SPACE',''));
#4263 = ORIENTED_EDGE('',*,*,#4264,.F.);
#4264 = EDGE_CURVE('',#4176,#4237,#4265,.T.);
#4265 = SURFACE_CURVE('',#4266,(#4270,#4277),.PCURVE_S1.);
#4266 = LINE('',#4267,#4268);
#4267 = CARTESIAN_POINT('',(-1.2573E+03,1.432796431188E+03,2.240478401708E+03));
#4268 = VECTOR('',#4269,1.);
#4269 = DIRECTION('',(0.,0.766044443119,-0.642787609687));
#4270 = PCURVE('',#4184,#4271);
#4271 = DEFINITIONAL_REPRESENTATION('',(#4272),#4276);
#4272 = LINE('',#4273,#4274);
#4273 = CARTESIAN_POINT('',(38.1,4.263256414561E-14));
#4274 = VECTOR('',#4275,1.);
#4275 = DIRECTION('',(0.,-1.));
#4276 =(GEOMETRIC_REPRESENTATION_CONTEXT(2)PARAMETRIC_REPRESENTATION_CONTEXT()REPRESENTATION_CONTEXT('2D SPACE',''));
#4277 = PCURVE('',#4278,#4283);
#4278 = PLANE('',#4279);
#4279 = AXIS2_PLACEMENT_3D('',#4280,#4281,#4282);
#4280 = CARTESIAN_POINT('',(-1.2573E+03,1.432796431188E+03,2.240478401708E+03));
#4281 = DIRECTION('',(0.,0.642787609687,0.766044443119));
#4282 = DIRECTION('',(1.,0.,0.));
#4283 = DEFINITIONAL_REPRESENTATION('',(#4284),#4288);
#4284 = LINE('',#4285,#4286);
#4285 = CARTESIAN_POINT('',(0.,0.));
#4286 = VECTOR('',#4287,1.);
#4287 = DIRECTION('',(0.,1.));
#4288 =(GEOMETRIC_REPRESENTATION_CONTEXT(2)PARAMETRIC_REPRESENTATION_CONTEXT()REPRESENTATION_CONTEXT('2D SPACE',''));
#4289 = ADVANCED_FACE('',(#4290),#4304,.T.);
#4290 = FACE_BOUND('',#4291,.T.);
#4291 = EDGE_LOOP('',(#4292,#4322,#4345,#4368));
#4292 = ORIENTED_EDGE('',*,*,#4293,.F.);
#4293 = EDGE_CURVE('',#4294,#4296,#4298,.T.);
#4294 = VERTEX_POINT('',#4295);
#4295 = CARTESIAN_POINT('',(1.2573E+03,1.408306223259E+03,2.211292108425E+03));
#4296 = VERTEX_POINT('',#4297);
#4297 = CARTESIAN_POINT('',(1.2573E+03,1.432796431188E+03,2.240478401708E+03));
#4298 = SURFACE_CURVE('',#4299,(#4303,#4315),.PCURVE_S1.);
#4299 = LINE('',#4300,#4301);
#4300 = CARTESIAN_POINT('',(1.2573E+03,1.408306223259E+03,2.211292108425E+03));
#4301 = VECTOR('',#4302,1.);
#4302 = DIRECTION('',(0.,0.642787609687,0.766044443119));
#4303 = PCURVE('',#4304,#4309);
#4304 = PLANE('',#4305);
#4305 = AXIS2_PLACEMENT_3D('',#4306,#4307,#4308);
#4306 = CARTESIAN_POINT('',(1.2573E+03,1.408306223259E+03,2.211292108425E+03));
#4307 = DIRECTION('',(1.,0.,0.));
#4308 = DIRECTION('',(0.,0.642787609687,0.766044443119));
#4309 = DEFINITIONAL_REPRESENTATION('',(#4310),#4314);
#4310 = LINE('',#4311,#4312);
#4311 = CARTESIAN_POINT('',(0.,0.));
#4312 = VECTOR('',#4313,1.);
#4313 = DIRECTION('',(1.,0.));
#4314 =(GEOMETRIC_REPRESENTATION_CONTEXT(2)PARAMETRIC_REPRESENTATION_CONTEXT()REPRESENTATION_CONTEXT('2D SPACE',''));
#4315 = PCURVE('',#4196,#4316);
#4316 = DEFINITIONAL_REPRESENTATION('',(#4317),#4321);
#4317 = LINE('',#4318,#4319);
#4318 = CARTESIAN_POINT('',(0.,2.5146E+03));
#4319 = VECTOR('',#4320,1.);
#4320 = DIRECTION('',(1.,0.));
#4321 =(GEOMETRIC_REPRESENTATION_CONTEXT(2)PARAMETRIC_REPRESENTATION_CONTEXT()REPRESENTATION_CONTEXT('2D SPACE',''));
#4322 = ORIENTED_EDGE('',*,*,#4323,.T.);
#4323 = EDGE_CURVE('',#4294,#4324,#4326,.T.);
#4324 = VERTEX_POINT('',#4325);
#4325 = CARTESIAN_POINT('',(1.2573E+03,1.54937330746E+03,2.092922770101E+03));
#4326 = SURFACE_CURVE('',#4327,(#4331,#4338),.PCURVE_S1.);
#4327 = LINE('',#4328,#4329);
#4328 = CARTESIAN_POINT('',(1.2573E+03,1.408306223259E+03,2.211292108425E+03));
#4329 = VECTOR('',#4330,1.);
#4330 = DIRECTION('',(0.,0.766044443119,-0.642787609687));
#4331 = PCURVE('',#4304,#4332);
#4332 = DEFINITIONAL_REPRESENTATION('',(#4333),#4337);
#4333 = LINE('',#4334,#4335);
#4334 = CARTESIAN_POINT('',(0.,0.));
#4335 = VECTOR('',#4336,1.);
#4336 = DIRECTION('',(0.,-1.));
#4337 =(GEOMETRIC_REPRESENTATION_CONTEXT(2)PARAMETRIC_REPRESENTATION_CONTEXT()REPRESENTATION_CONTEXT('2D SPACE',''));
#4338 = PCURVE('',#4224,#4339);
#4339 = DEFINITIONAL_REPRESENTATION('',(#4340),#4344);
#4340 = LINE('',#4341,#4342);
#4341 = CARTESIAN_POINT('',(2.5146E+03,0.));
#4342 = VECTOR('',#4343,1.);
#4343 = DIRECTION('',(0.,1.));
#4344 =(GEOMETRIC_REPRESENTATION_CONTEXT(2)PARAMETRIC_REPRESENTATION_CONTEXT()REPRESENTATION_CONTEXT('2D SPACE',''));
#4345 = ORIENTED_EDGE('',*,*,#4346,.T.);
#4346 = EDGE_CURVE('',#4324,#4347,#4349,.T.);
#4347 = VERTEX_POINT('',#4348);
#4348 = CARTESIAN_POINT('',(1.2573E+03,1.573863515389E+03,2.122109063384E+03));
#4349 = SURFACE_CURVE('',#4350,(#4354,#4361),.PCURVE_S1.);
#4350 = LINE('',#4351,#4352);
#4351 = CARTESIAN_POINT('',(1.2573E+03,1.54937330746E+03,2.092922770101E+03));
#4352 = VECTOR('',#4353,1.);
#4353 = DIRECTION('',(0.,0.642787609687,0.766044443119));
#4354 = PCURVE('',#4304,#4355);
#4355 = DEFINITIONAL_REPRESENTATION('',(#4356),#4360);
#4356 = LINE('',#4357,#4358);
#4357 = CARTESIAN_POINT('',(-1.278976924368E-13,-184.15));
#4358 = VECTOR('',#4359,1.);
#4359 = DIRECTION('',(1.,0.));
#4360 =(GEOMETRIC_REPRESENTATION_CONTEXT(2)PARAMETRIC_REPRESENTATION_CONTEXT()REPRESENTATION_CONTEXT('2D SPACE',''));
#4361 = PCURVE('',#4252,#4362);
#4362 = DEFINITIONAL_REPRESENTATION('',(#4363),#4367);
#4363 = LINE('',#4364,#4365);
#4364 = CARTESIAN_POINT('',(0.,2.5146E+03));
#4365 = VECTOR('',#4366,1.);
#4366 = DIRECTION('',(1.,0.));
#4367 =(GEOMETRIC_REPRESENTATION_CONTEXT(2)PARAMETRIC_REPRESENTATION_CONTEXT()REPRESENTATION_CONTEXT('2D SPACE',''));
#4368 = ORIENTED_EDGE('',*,*,#4369,.F.);
#4369 = EDGE_CURVE('',#4296,#4347,#4370,.T.);
#4370 = SURFACE_CURVE('',#4371,(#4375,#4382),.PCURVE_S1.);
#4371 = LINE('',#4372,#4373);
#4372 = CARTESIAN_POINT('',(1.2573E+03,1.432796431188E+03,2.240478401708E+03));
#4373 = VECTOR('',#4374,1.);
#4374 = DIRECTION('',(0.,0.766044443119,-0.642787609687));
#4375 = PCURVE('',#4304,#4376);
#4376 = DEFINITIONAL_REPRESENTATION('',(#4377),#4381);
#4377 = LINE('',#4378,#4379);
#4378 = CARTESIAN_POINT('',(38.1,4.263256414561E-14));
#4379 = VECTOR('',#4380,1.);
#4380 = DIRECTION('',(0.,-1.));
#4381 =(GEOMETRIC_REPRESENTATION_CONTEXT(2)PARAMETRIC_REPRESENTATION_CONTEXT()REPRESENTATION_CONTEXT('2D SPACE',''));
#4382 = PCURVE('',#4278,#4383);
#4383 = DEFINITIONAL_REPRESENTATION('',(#4384),#4388);
#4384 = LINE('',#4385,#4386);
#4385 = CARTESIAN_POINT('',(2.5146E+03,0.));
#4386 = VECTOR('',#4387,1.);
#4387 = DIRECTION('',(0.,1.));
#4388 =(GEOMETRIC_REPRESENTATION_CONTEXT(2)PARAMETRIC_REPRESENTATION_CONTEXT()REPRESENTATION_CONTEXT('2D SPACE',''));
#4389 = ADVANCED_FACE('',(#4390),#4196,.F.);
#4390 = FACE_BOUND('',#4391,.F.);
#4391 = EDGE_LOOP('',(#4392,#4413,#4414,#4435));
#4392 = ORIENTED_EDGE('',*,*,#4393,.F.);
#4393 = EDGE_CURVE('',#4174,#4294,#4394,.T.);
#4394 = SURFACE_CURVE('',#4395,(#4399,#4406),.PCURVE_S1.);
#4395 = LINE('',#4396,#4397);
#4396 = CARTESIAN_POINT('',(-1.2573E+03,1.408306223259E+03,2.211292108425E+03));
#4397 = VECTOR('',#4398,1.);
#4398 = DIRECTION('',(1.,0.,0.));
#4399 = PCURVE('',#4196,#4400);
#4400 = DEFINITIONAL_REPRESENTATION('',(#4401),#4405);
#4401 = LINE('',#4402,#4403);
#4402 = CARTESIAN_POINT('',(0.,0.));
#4403 = VECTOR('',#4404,1.);
#4404 = DIRECTION('',(0.,1.));
#4405 =(GEOMETRIC_REPRESENTATION_CONTEXT(2)PARAMETRIC_REPRESENTATION_CONTEXT()REPRESENTATION_CONTEXT('2D SPACE',''));
#4406 = PCURVE('',#4224,#4407);
#4407 = DEFINITIONAL_REPRESENTATION('',(#4408),#4412);
#4408 = LINE('',#4409,#4410);
#4409 = CARTESIAN_POINT('',(0.,0.));
#4410 = VECTOR('',#4411,1.);
#4411 = DIRECTION('',(1.,0.));
#4412 =(GEOMETRIC_REPRESENTATION_CONTEXT(2)PARAMETRIC_REPRESENTATION_CONTEXT()REPRESENTATION_CONTEXT('2D SPACE',''));
#4413 = ORIENTED_EDGE('',*,*,#4173,.T.);
#4414 = ORIENTED_EDGE('',*,*,#4415,.T.);
#4415 = EDGE_CURVE('',#4176,#4296,#4416,.T.);
#4416 = SURFACE_CURVE('',#4417,(#4421,#4428),.PCURVE_S1.);
#4417 = LINE('',#4418,#4419);
#4418 = CARTESIAN_POINT('',(-1.2573E+03,1.432796431188E+03,2.240478401708E+03));
#4419 = VECTOR('',#4420,1.);
#4420 = DIRECTION('',(1.,0.,0.));
#4421 = PCURVE('',#4196,#4422);
#4422 = DEFINITIONAL_REPRESENTATION('',(#4423),#4427);
#4423 = LINE('',#4424,#4425);
#4424 = CARTESIAN_POINT('',(38.1,0.));
#4425 = VECTOR('',#4426,1.);
#4426 = DIRECTION('',(0.,1.));
#4427 =(GEOMETRIC_REPRESENTATION_CONTEXT(2)PARAMETRIC_REPRESENTATION_CONTEXT()REPRESENTATION_CONTEXT('2D SPACE',''));
#4428 = PCURVE('',#4278,#4429);
#4429 = DEFINITIONAL_REPRESENTATION('',(#4430),#4434);
#4430 = LINE('',#4431,#4432);
#4431 = CARTESIAN_POINT('',(0.,0.));
#4432 = VECTOR('',#4433,1.);
#4433 = DIRECTION('',(1.,0.));
#4434 =(GEOMETRIC_REPRESENTATION_CONTEXT(2)PARAMETRIC_REPRESENTATION_CONTEXT()REPRESENTATION_CONTEXT('2D SPACE',''));
#4435 = ORIENTED_EDGE('',*,*,#4293,.F.);
#4436 = ADVANCED_FACE('',(#4437),#4252,.T.);
#4437 = FACE_BOUND('',#4438,.T.);
#4438 = EDGE_LOOP('',(#4439,#4460,#4461,#4482));
#4439 = ORIENTED_EDGE('',*,*,#4440,.F.);
#4440 = EDGE_CURVE('',#4209,#4324,#4441,.T.);
#4441 = SURFACE_CURVE('',#4442,(#4446,#4453),.PCURVE_S1.);
#4442 = LINE('',#4443,#4444);
#4443 = CARTESIAN_POINT('',(-1.2573E+03,1.54937330746E+03,2.092922770101E+03));
#4444 = VECTOR('',#4445,1.);
#4445 = DIRECTION('',(1.,0.,0.));
#4446 = PCURVE('',#4252,#4447);
#4447 = DEFINITIONAL_REPRESENTATION('',(#4448),#4452);
#4448 = LINE('',#4449,#4450);
#4449 = CARTESIAN_POINT('',(0.,0.));
#4450 = VECTOR('',#4451,1.);
#4451 = DIRECTION('',(0.,1.));
#4452 =(GEOMETRIC_REPRESENTATION_CONTEXT(2)PARAMETRIC_REPRESENTATION_CONTEXT()REPRESENTATION_CONTEXT('2D SPACE',''));
#4453 = PCURVE('',#4224,#4454);
#4454 = DEFINITIONAL_REPRESENTATION('',(#4455),#4459);
#4455 = LINE('',#4456,#4457);
#4456 = CARTESIAN_POINT('',(0.,184.15));
#4457 = VECTOR('',#4458,1.);
#4458 = DIRECTION('',(1.,0.));
#4459 =(GEOMETRIC_REPRESENTATION_CONTEXT(2)PARAMETRIC_REPRESENTATION_CONTEXT()REPRESENTATION_CONTEXT('2D SPACE',''));
#4460 = ORIENTED_EDGE('',*,*,#4236,.T.);
#4461 = ORIENTED_EDGE('',*,*,#4462,.T.);
#4462 = EDGE_CURVE('',#4237,#4347,#4463,.T.);
#4463 = SURFACE_CURVE('',#4464,(#4468,#4475),.PCURVE_S1.);
#4464 = LINE('',#4465,#4466);
#4465 = CARTESIAN_POINT('',(-1.2573E+03,1.573863515389E+03,2.122109063384E+03));
#4466 = VECTOR('',#4467,1.);
#4467 = DIRECTION('',(1.,0.,0.));
#4468 = PCURVE('',#4252,#4469);
#4469 = DEFINITIONAL_REPRESENTATION('',(#4470),#4474);
#4470 = LINE('',#4471,#4472);
#4471 = CARTESIAN_POINT('',(38.1,0.));
#4472 = VECTOR('',#4473,1.);
#4473 = DIRECTION('',(0.,1.));
#4474 =(GEOMETRIC_REPRESENTATION_CONTEXT(2)PARAMETRIC_REPRESENTATION_CONTEXT()REPRESENTATION_CONTEXT('2D SPACE',''));
#4475 = PCURVE('',#4278,#4476);
#4476 = DEFINITIONAL_REPRESENTATION('',(#4477),#4481);
#4477 = LINE('',#4478,#4479);
#4478 = CARTESIAN_POINT('',(0.,184.15));
#4479 = VECTOR('',#4480,1.);
#4480 = DIRECTION('',(1.,0.));
#4481 =(GEOMETRIC_REPRESENTATION_CONTEXT(2)PARAMETRIC_REPRESENTATION_CONTEXT()REPRESENTATION_CONTEXT('2D SPACE',''));
#4482 = ORIENTED_EDGE('',*,*,#4346,.F.);
#4483 = ADVANCED_FACE('',(#4484),#4224,.F.);
#4484 = FACE_BOUND('',#4485,.F.);
#4485 = EDGE_LOOP('',(#4486,#4487,#4488,#4489));
#4486 = ORIENTED_EDGE('',*,*,#4208,.F.);
#4487 = ORIENTED_EDGE('',*,*,#4393,.T.);
#4488 = ORIENTED_EDGE('',*,*,#4323,.T.);
#4489 = ORIENTED_EDGE('',*,*,#4440,.F.);
#4490 = ADVANCED_FACE('',(#4491),#4278,.T.);
#4491 = FACE_BOUND('',#4492,.T.);
#4492 = EDGE_LOOP('',(#4493,#4494,#4495,#4496));
#4493 = ORIENTED_EDGE('',*,*,#4264,.F.);
#4494 = ORIENTED_EDGE('',*,*,#4415,.T.);
#4495 = ORIENTED_EDGE('',*,*,#4369,.T.);
#4496 = ORIENTED_EDGE('',*,*,#4462,.F.);
#4497 =(GEOMETRIC_REPRESENTATION_CONTEXT(3)GLOBAL_UNCERTAINTY_ASSIGNED_CONTEXT((#4501))GLOBAL_UNIT_ASSIGNED_CONTEXT((#4498,#4499,#4500))REPRESENTATION_CONTEXT('Context #1','3D Context with UNIT and UNCERTAINTY'));
#4498 =(LENGTH_UNIT()NAMED_UNIT(*)SI_UNIT(.MILLI.,.METRE.));
#4499 =(NAMED_UNIT(*)PLANE_ANGLE_UNIT()SI_UNIT($,.RADIAN.));
#4500 =(NAMED_UNIT(*)SI_UNIT($,.STERADIAN.)SOLID_ANGLE_UNIT());
#4501 = UNCERTAINTY_MEASURE_WITH_UNIT(LENGTH_MEASURE(1.E-07),#4498,'distance_accuracy_value','confusion accuracy');
#4502 = CONTEXT_DEPENDENT_SHAPE_REPRESENTATION(#4503,#4505);
#4503 =(REPRESENTATION_RELATIONSHIP('','',#4166,#10)REPRESENTATION_RELATIONSHIP_WITH_TRANSFORMATION(#4504)SHAPE_REPRESENTATION_RELATIONSHIP());
#4504 = ITEM_DEFINED_TRANSFORMATION('','',#11,#55);
#4505 = PRODUCT_DEFINITION_SHAPE('Placement','Placement of an item',#4506);
#4506 = NEXT_ASSEMBLY_USAGE_OCCURRENCE('11','box_top','',#5,#4161,$);
#4507 = PRODUCT_RELATED_PRODUCT_CATEGORY('part',$,(#4163));
#4508 = SHAPE_DEFINITION_REPRESENTATION(#4509,#4515);
#4509 = PRODUCT_DEFINITION_SHAPE('','',#4510);
#4510 = PRODUCT_DEFINITION('design','',#4511,#4514);
#4511 = PRODUCT_DEFINITION_FORMATION('','',#4512);
#4512 = PRODUCT('kicker_batten_bottom','kicker_batten_bottom','',(#4513));
#4513 = PRODUCT_CONTEXT('',#2,'mechanical');
#4514 = PRODUCT_DEFINITION_CONTEXT('part definition',#2,'design');
#4515 = ADVANCED_BREP_SHAPE_REPRESENTATION('',(#11,#4516),#4846);
#4516 = MANIFOLD_SOLID_BREP('',#4517);
#4517 = CLOSED_SHELL('',(#4518,#4638,#4738,#4785,#4832,#4839));
#4518 = ADVANCED_FACE('',(#4519),#4533,.F.);
#4519 = FACE_BOUND('',#4520,.F.);
#4520 = EDGE_LOOP('',(#4521,#4556,#4584,#4612));
#4521 = ORIENTED_EDGE('',*,*,#4522,.F.);
#4522 = EDGE_CURVE('',#4523,#4525,#4527,.T.);
#4523 = VERTEX_POINT('',#4524);
#4524 = CARTESIAN_POINT('',(-1.2192E+03,-74.1,0.));
#4525 = VERTEX_POINT('',#4526);
#4526 = CARTESIAN_POINT('',(-1.2192E+03,-74.1,50.));
#4527 = SURFACE_CURVE('',#4528,(#4532,#4544),.PCURVE_S1.);
#4528 = LINE('',#4529,#4530);
#4529 = CARTESIAN_POINT('',(-1.2192E+03,-74.1,0.));
#4530 = VECTOR('',#4531,1.);
#4531 = DIRECTION('',(0.,0.,1.));
#4532 = PCURVE('',#4533,#4538);
#4533 = PLANE('',#4534);
#4534 = AXIS2_PLACEMENT_3D('',#4535,#4536,#4537);
#4535 = CARTESIAN_POINT('',(-1.2192E+03,-74.1,0.));
#4536 = DIRECTION('',(1.,0.,0.));
#4537 = DIRECTION('',(0.,0.,1.));
#4538 = DEFINITIONAL_REPRESENTATION('',(#4539),#4543);
#4539 = LINE('',#4540,#4541);
#4540 = CARTESIAN_POINT('',(0.,0.));
#4541 = VECTOR('',#4542,1.);
#4542 = DIRECTION('',(1.,0.));
#4543 =(GEOMETRIC_REPRESENTATION_CONTEXT(2)PARAMETRIC_REPRESENTATION_CONTEXT()REPRESENTATION_CONTEXT('2D SPACE',''));
#4544 = PCURVE('',#4545,#4550);
#4545 = PLANE('',#4546);
#4546 = AXIS2_PLACEMENT_3D('',#4547,#4548,#4549);
#4547 = CARTESIAN_POINT('',(-1.2192E+03,-74.1,0.));
#4548 = DIRECTION('',(0.,1.,0.));
#4549 = DIRECTION('',(0.,0.,1.));
#4550 = DEFINITIONAL_REPRESENTATION('',(#4551),#4555);
#4551 = LINE('',#4552,#4553);
#4552 = CARTESIAN_POINT('',(0.,0.));
#4553 = VECTOR('',#4554,1.);
#4554 = DIRECTION('',(1.,0.));
#4555 =(GEOMETRIC_REPRESENTATION_CONTEXT(2)PARAMETRIC_REPRESENTATION_CONTEXT()REPRESENTATION_CONTEXT('2D SPACE',''));
#4556 = ORIENTED_EDGE('',*,*,#4557,.T.);
#4557 = EDGE_CURVE('',#4523,#4558,#4560,.T.);
#4558 = VERTEX_POINT('',#4559);
#4559 = CARTESIAN_POINT('',(-1.2192E+03,-36.,0.));
#4560 = SURFACE_CURVE('',#4561,(#4565,#4572),.PCURVE_S1.);
#4561 = LINE('',#4562,#4563);
#4562 = CARTESIAN_POINT('',(-1.2192E+03,-74.1,0.));
#4563 = VECTOR('',#4564,1.);
#4564 = DIRECTION('',(0.,1.,0.));
#4565 = PCURVE('',#4533,#4566);
#4566 = DEFINITIONAL_REPRESENTATION('',(#4567),#4571);
#4567 = LINE('',#4568,#4569);
#4568 = CARTESIAN_POINT('',(0.,0.));
#4569 = VECTOR('',#4570,1.);
#4570 = DIRECTION('',(0.,-1.));
#4571 =(GEOMETRIC_REPRESENTATION_CONTEXT(2)PARAMETRIC_REPRESENTATION_CONTEXT()REPRESENTATION_CONTEXT('2D SPACE',''));
#4572 = PCURVE('',#4573,#4578);
#4573 = PLANE('',#4574);
#4574 = AXIS2_PLACEMENT_3D('',#4575,#4576,#4577);
#4575 = CARTESIAN_POINT('',(-1.2192E+03,-74.1,0.));
#4576 = DIRECTION('',(0.,0.,1.));
#4577 = DIRECTION('',(1.,0.,0.));
#4578 = DEFINITIONAL_REPRESENTATION('',(#4579),#4583);
#4579 = LINE('',#4580,#4581);
#4580 = CARTESIAN_POINT('',(0.,0.));
#4581 = VECTOR('',#4582,1.);
#4582 = DIRECTION('',(0.,1.));
#4583 =(GEOMETRIC_REPRESENTATION_CONTEXT(2)PARAMETRIC_REPRESENTATION_CONTEXT()REPRESENTATION_CONTEXT('2D SPACE',''));
#4584 = ORIENTED_EDGE('',*,*,#4585,.T.);
#4585 = EDGE_CURVE('',#4558,#4586,#4588,.T.);
#4586 = VERTEX_POINT('',#4587);
#4587 = CARTESIAN_POINT('',(-1.2192E+03,-36.,50.));
#4588 = SURFACE_CURVE('',#4589,(#4593,#4600),.PCURVE_S1.);
#4589 = LINE('',#4590,#4591);
#4590 = CARTESIAN_POINT('',(-1.2192E+03,-36.,0.));
#4591 = VECTOR('',#4592,1.);
#4592 = DIRECTION('',(0.,0.,1.));
#4593 = PCURVE('',#4533,#4594);
#4594 = DEFINITIONAL_REPRESENTATION('',(#4595),#4599);
#4595 = LINE('',#4596,#4597);
#4596 = CARTESIAN_POINT('',(0.,-38.1));
#4597 = VECTOR('',#4598,1.);
#4598 = DIRECTION('',(1.,0.));
#4599 =(GEOMETRIC_REPRESENTATION_CONTEXT(2)PARAMETRIC_REPRESENTATION_CONTEXT()REPRESENTATION_CONTEXT('2D SPACE',''));
#4600 = PCURVE('',#4601,#4606);
#4601 = PLANE('',#4602);
#4602 = AXIS2_PLACEMENT_3D('',#4603,#4604,#4605);
#4603 = CARTESIAN_POINT('',(-1.2192E+03,-36.,0.));
#4604 = DIRECTION('',(0.,1.,0.));
#4605 = DIRECTION('',(0.,0.,1.));
#4606 = DEFINITIONAL_REPRESENTATION('',(#4607),#4611);
#4607 = LINE('',#4608,#4609);
#4608 = CARTESIAN_POINT('',(0.,0.));
#4609 = VECTOR('',#4610,1.);
#4610 = DIRECTION('',(1.,0.));
#4611 =(GEOMETRIC_REPRESENTATION_CONTEXT(2)PARAMETRIC_REPRESENTATION_CONTEXT()REPRESENTATION_CONTEXT('2D SPACE',''));
#4612 = ORIENTED_EDGE('',*,*,#4613,.F.);
#4613 = EDGE_CURVE('',#4525,#4586,#4614,.T.);
#4614 = SURFACE_CURVE('',#4615,(#4619,#4626),.PCURVE_S1.);
#4615 = LINE('',#4616,#4617);
#4616 = CARTESIAN_POINT('',(-1.2192E+03,-74.1,50.));
#4617 = VECTOR('',#4618,1.);
#4618 = DIRECTION('',(0.,1.,0.));
#4619 = PCURVE('',#4533,#4620);
#4620 = DEFINITIONAL_REPRESENTATION('',(#4621),#4625);
#4621 = LINE('',#4622,#4623);
#4622 = CARTESIAN_POINT('',(50.,0.));
#4623 = VECTOR('',#4624,1.);
#4624 = DIRECTION('',(0.,-1.));
#4625 =(GEOMETRIC_REPRESENTATION_CONTEXT(2)PARAMETRIC_REPRESENTATION_CONTEXT()REPRESENTATION_CONTEXT('2D SPACE',''));
#4626 = PCURVE('',#4627,#4632);
#4627 = PLANE('',#4628);
#4628 = AXIS2_PLACEMENT_3D('',#4629,#4630,#4631);
#4629 = CARTESIAN_POINT('',(-1.2192E+03,-74.1,50.));
#4630 = DIRECTION('',(0.,0.,1.));
#4631 = DIRECTION('',(1.,0.,0.));
#4632 = DEFINITIONAL_REPRESENTATION('',(#4633),#4637);
#4633 = LINE('',#4634,#4635);
#4634 = CARTESIAN_POINT('',(0.,0.));
#4635 = VECTOR('',#4636,1.);
#4636 = DIRECTION('',(0.,1.));
#4637 =(GEOMETRIC_REPRESENTATION_CONTEXT(2)PARAMETRIC_REPRESENTATION_CONTEXT()REPRESENTATION_CONTEXT('2D SPACE',''));
#4638 = ADVANCED_FACE('',(#4639),#4653,.T.);
#4639 = FACE_BOUND('',#4640,.T.);
#4640 = EDGE_LOOP('',(#4641,#4671,#4694,#4717));
#4641 = ORIENTED_EDGE('',*,*,#4642,.F.);
#4642 = EDGE_CURVE('',#4643,#4645,#4647,.T.);
#4643 = VERTEX_POINT('',#4644);
#4644 = CARTESIAN_POINT('',(1.2192E+03,-74.1,0.));
#4645 = VERTEX_POINT('',#4646);
#4646 = CARTESIAN_POINT('',(1.2192E+03,-74.1,50.));
#4647 = SURFACE_CURVE('',#4648,(#4652,#4664),.PCURVE_S1.);
#4648 = LINE('',#4649,#4650);
#4649 = CARTESIAN_POINT('',(1.2192E+03,-74.1,0.));
#4650 = VECTOR('',#4651,1.);
#4651 = DIRECTION('',(0.,0.,1.));
#4652 = PCURVE('',#4653,#4658);
#4653 = PLANE('',#4654);
#4654 = AXIS2_PLACEMENT_3D('',#4655,#4656,#4657);
#4655 = CARTESIAN_POINT('',(1.2192E+03,-74.1,0.));
#4656 = DIRECTION('',(1.,0.,0.));
#4657 = DIRECTION('',(0.,0.,1.));
#4658 = DEFINITIONAL_REPRESENTATION('',(#4659),#4663);
#4659 = LINE('',#4660,#4661);
#4660 = CARTESIAN_POINT('',(0.,0.));
#4661 = VECTOR('',#4662,1.);
#4662 = DIRECTION('',(1.,0.));
#4663 =(GEOMETRIC_REPRESENTATION_CONTEXT(2)PARAMETRIC_REPRESENTATION_CONTEXT()REPRESENTATION_CONTEXT('2D SPACE',''));
#4664 = PCURVE('',#4545,#4665);
#4665 = DEFINITIONAL_REPRESENTATION('',(#4666),#4670);
#4666 = LINE('',#4667,#4668);
#4667 = CARTESIAN_POINT('',(0.,2.4384E+03));
#4668 = VECTOR('',#4669,1.);
#4669 = DIRECTION('',(1.,0.));
#4670 =(GEOMETRIC_REPRESENTATION_CONTEXT(2)PARAMETRIC_REPRESENTATION_CONTEXT()REPRESENTATION_CONTEXT('2D SPACE',''));
#4671 = ORIENTED_EDGE('',*,*,#4672,.T.);
#4672 = EDGE_CURVE('',#4643,#4673,#4675,.T.);
#4673 = VERTEX_POINT('',#4674);
#4674 = CARTESIAN_POINT('',(1.2192E+03,-36.,0.));
#4675 = SURFACE_CURVE('',#4676,(#4680,#4687),.PCURVE_S1.);
#4676 = LINE('',#4677,#4678);
#4677 = CARTESIAN_POINT('',(1.2192E+03,-74.1,0.));
#4678 = VECTOR('',#4679,1.);
#4679 = DIRECTION('',(0.,1.,0.));
#4680 = PCURVE('',#4653,#4681);
#4681 = DEFINITIONAL_REPRESENTATION('',(#4682),#4686);
#4682 = LINE('',#4683,#4684);
#4683 = CARTESIAN_POINT('',(0.,0.));
#4684 = VECTOR('',#4685,1.);
#4685 = DIRECTION('',(0.,-1.));
#4686 =(GEOMETRIC_REPRESENTATION_CONTEXT(2)PARAMETRIC_REPRESENTATION_CONTEXT()REPRESENTATION_CONTEXT('2D SPACE',''));
#4687 = PCURVE('',#4573,#4688);
#4688 = DEFINITIONAL_REPRESENTATION('',(#4689),#4693);
#4689 = LINE('',#4690,#4691);
#4690 = CARTESIAN_POINT('',(2.4384E+03,0.));
#4691 = VECTOR('',#4692,1.);
#4692 = DIRECTION('',(0.,1.));
#4693 =(GEOMETRIC_REPRESENTATION_CONTEXT(2)PARAMETRIC_REPRESENTATION_CONTEXT()REPRESENTATION_CONTEXT('2D SPACE',''));
#4694 = ORIENTED_EDGE('',*,*,#4695,.T.);
#4695 = EDGE_CURVE('',#4673,#4696,#4698,.T.);
#4696 = VERTEX_POINT('',#4697);
#4697 = CARTESIAN_POINT('',(1.2192E+03,-36.,50.));
#4698 = SURFACE_CURVE('',#4699,(#4703,#4710),.PCURVE_S1.);
#4699 = LINE('',#4700,#4701);
#4700 = CARTESIAN_POINT('',(1.2192E+03,-36.,0.));
#4701 = VECTOR('',#4702,1.);
#4702 = DIRECTION('',(0.,0.,1.));
#4703 = PCURVE('',#4653,#4704);
#4704 = DEFINITIONAL_REPRESENTATION('',(#4705),#4709);
#4705 = LINE('',#4706,#4707);
#4706 = CARTESIAN_POINT('',(0.,-38.1));
#4707 = VECTOR('',#4708,1.);
#4708 = DIRECTION('',(1.,0.));
#4709 =(GEOMETRIC_REPRESENTATION_CONTEXT(2)PARAMETRIC_REPRESENTATION_CONTEXT()REPRESENTATION_CONTEXT('2D SPACE',''));
#4710 = PCURVE('',#4601,#4711);
#4711 = DEFINITIONAL_REPRESENTATION('',(#4712),#4716);
#4712 = LINE('',#4713,#4714);
#4713 = CARTESIAN_POINT('',(0.,2.4384E+03));
#4714 = VECTOR('',#4715,1.);
#4715 = DIRECTION('',(1.,0.));
#4716 =(GEOMETRIC_REPRESENTATION_CONTEXT(2)PARAMETRIC_REPRESENTATION_CONTEXT()REPRESENTATION_CONTEXT('2D SPACE',''));
#4717 = ORIENTED_EDGE('',*,*,#4718,.F.);
#4718 = EDGE_CURVE('',#4645,#4696,#4719,.T.);
#4719 = SURFACE_CURVE('',#4720,(#4724,#4731),.PCURVE_S1.);
#4720 = LINE('',#4721,#4722);
#4721 = CARTESIAN_POINT('',(1.2192E+03,-74.1,50.));
#4722 = VECTOR('',#4723,1.);
#4723 = DIRECTION('',(0.,1.,0.));
#4724 = PCURVE('',#4653,#4725);
#4725 = DEFINITIONAL_REPRESENTATION('',(#4726),#4730);
#4726 = LINE('',#4727,#4728);
#4727 = CARTESIAN_POINT('',(50.,0.));
#4728 = VECTOR('',#4729,1.);
#4729 = DIRECTION('',(0.,-1.));
#4730 =(GEOMETRIC_REPRESENTATION_CONTEXT(2)PARAMETRIC_REPRESENTATION_CONTEXT()REPRESENTATION_CONTEXT('2D SPACE',''));
#4731 = PCURVE('',#4627,#4732);
#4732 = DEFINITIONAL_REPRESENTATION('',(#4733),#4737);
#4733 = LINE('',#4734,#4735);
#4734 = CARTESIAN_POINT('',(2.4384E+03,0.));
#4735 = VECTOR('',#4736,1.);
#4736 = DIRECTION('',(0.,1.));
#4737 =(GEOMETRIC_REPRESENTATION_CONTEXT(2)PARAMETRIC_REPRESENTATION_CONTEXT()REPRESENTATION_CONTEXT('2D SPACE',''));
#4738 = ADVANCED_FACE('',(#4739),#4545,.F.);
#4739 = FACE_BOUND('',#4740,.F.);
#4740 = EDGE_LOOP('',(#4741,#4762,#4763,#4784));
#4741 = ORIENTED_EDGE('',*,*,#4742,.F.);
#4742 = EDGE_CURVE('',#4523,#4643,#4743,.T.);
#4743 = SURFACE_CURVE('',#4744,(#4748,#4755),.PCURVE_S1.);
#4744 = LINE('',#4745,#4746);
#4745 = CARTESIAN_POINT('',(-1.2192E+03,-74.1,0.));
#4746 = VECTOR('',#4747,1.);
#4747 = DIRECTION('',(1.,0.,0.));
#4748 = PCURVE('',#4545,#4749);
#4749 = DEFINITIONAL_REPRESENTATION('',(#4750),#4754);
#4750 = LINE('',#4751,#4752);
#4751 = CARTESIAN_POINT('',(0.,0.));
#4752 = VECTOR('',#4753,1.);
#4753 = DIRECTION('',(0.,1.));
#4754 =(GEOMETRIC_REPRESENTATION_CONTEXT(2)PARAMETRIC_REPRESENTATION_CONTEXT()REPRESENTATION_CONTEXT('2D SPACE',''));
#4755 = PCURVE('',#4573,#4756);
#4756 = DEFINITIONAL_REPRESENTATION('',(#4757),#4761);
#4757 = LINE('',#4758,#4759);
#4758 = CARTESIAN_POINT('',(0.,0.));
#4759 = VECTOR('',#4760,1.);
#4760 = DIRECTION('',(1.,0.));
#4761 =(GEOMETRIC_REPRESENTATION_CONTEXT(2)PARAMETRIC_REPRESENTATION_CONTEXT()REPRESENTATION_CONTEXT('2D SPACE',''));
#4762 = ORIENTED_EDGE('',*,*,#4522,.T.);
#4763 = ORIENTED_EDGE('',*,*,#4764,.T.);
#4764 = EDGE_CURVE('',#4525,#4645,#4765,.T.);
#4765 = SURFACE_CURVE('',#4766,(#4770,#4777),.PCURVE_S1.);
#4766 = LINE('',#4767,#4768);
#4767 = CARTESIAN_POINT('',(-1.2192E+03,-74.1,50.));
#4768 = VECTOR('',#4769,1.);
#4769 = DIRECTION('',(1.,0.,0.));
#4770 = PCURVE('',#4545,#4771);
#4771 = DEFINITIONAL_REPRESENTATION('',(#4772),#4776);
#4772 = LINE('',#4773,#4774);
#4773 = CARTESIAN_POINT('',(50.,0.));
#4774 = VECTOR('',#4775,1.);
#4775 = DIRECTION('',(0.,1.));
#4776 =(GEOMETRIC_REPRESENTATION_CONTEXT(2)PARAMETRIC_REPRESENTATION_CONTEXT()REPRESENTATION_CONTEXT('2D SPACE',''));
#4777 = PCURVE('',#4627,#4778);
#4778 = DEFINITIONAL_REPRESENTATION('',(#4779),#4783);
#4779 = LINE('',#4780,#4781);
#4780 = CARTESIAN_POINT('',(0.,0.));
#4781 = VECTOR('',#4782,1.);
#4782 = DIRECTION('',(1.,0.));
#4783 =(GEOMETRIC_REPRESENTATION_CONTEXT(2)PARAMETRIC_REPRESENTATION_CONTEXT()REPRESENTATION_CONTEXT('2D SPACE',''));
#4784 = ORIENTED_EDGE('',*,*,#4642,.F.);
#4785 = ADVANCED_FACE('',(#4786),#4601,.T.);
#4786 = FACE_BOUND('',#4787,.T.);
#4787 = EDGE_LOOP('',(#4788,#4809,#4810,#4831));
#4788 = ORIENTED_EDGE('',*,*,#4789,.F.);
#4789 = EDGE_CURVE('',#4558,#4673,#4790,.T.);
#4790 = SURFACE_CURVE('',#4791,(#4795,#4802),.PCURVE_S1.);
#4791 = LINE('',#4792,#4793);
#4792 = CARTESIAN_POINT('',(-1.2192E+03,-36.,0.));
#4793 = VECTOR('',#4794,1.);
#4794 = DIRECTION('',(1.,0.,0.));
#4795 = PCURVE('',#4601,#4796);
#4796 = DEFINITIONAL_REPRESENTATION('',(#4797),#4801);
#4797 = LINE('',#4798,#4799);
#4798 = CARTESIAN_POINT('',(0.,0.));
#4799 = VECTOR('',#4800,1.);
#4800 = DIRECTION('',(0.,1.));
#4801 =(GEOMETRIC_REPRESENTATION_CONTEXT(2)PARAMETRIC_REPRESENTATION_CONTEXT()REPRESENTATION_CONTEXT('2D SPACE',''));
#4802 = PCURVE('',#4573,#4803);
#4803 = DEFINITIONAL_REPRESENTATION('',(#4804),#4808);
#4804 = LINE('',#4805,#4806);
#4805 = CARTESIAN_POINT('',(0.,38.1));
#4806 = VECTOR('',#4807,1.);
#4807 = DIRECTION('',(1.,0.));
#4808 =(GEOMETRIC_REPRESENTATION_CONTEXT(2)PARAMETRIC_REPRESENTATION_CONTEXT()REPRESENTATION_CONTEXT('2D SPACE',''));
#4809 = ORIENTED_EDGE('',*,*,#4585,.T.);
#4810 = ORIENTED_EDGE('',*,*,#4811,.T.);
#4811 = EDGE_CURVE('',#4586,#4696,#4812,.T.);
#4812 = SURFACE_CURVE('',#4813,(#4817,#4824),.PCURVE_S1.);
#4813 = LINE('',#4814,#4815);
#4814 = CARTESIAN_POINT('',(-1.2192E+03,-36.,50.));
#4815 = VECTOR('',#4816,1.);
#4816 = DIRECTION('',(1.,0.,0.));
#4817 = PCURVE('',#4601,#4818);
#4818 = DEFINITIONAL_REPRESENTATION('',(#4819),#4823);
#4819 = LINE('',#4820,#4821);
#4820 = CARTESIAN_POINT('',(50.,0.));
#4821 = VECTOR('',#4822,1.);
#4822 = DIRECTION('',(0.,1.));
#4823 =(GEOMETRIC_REPRESENTATION_CONTEXT(2)PARAMETRIC_REPRESENTATION_CONTEXT()REPRESENTATION_CONTEXT('2D SPACE',''));
#4824 = PCURVE('',#4627,#4825);
#4825 = DEFINITIONAL_REPRESENTATION('',(#4826),#4830);
#4826 = LINE('',#4827,#4828);
#4827 = CARTESIAN_POINT('',(0.,38.1));
#4828 = VECTOR('',#4829,1.);
#4829 = DIRECTION('',(1.,0.));
#4830 =(GEOMETRIC_REPRESENTATION_CONTEXT(2)PARAMETRIC_REPRESENTATION_CONTEXT()REPRESENTATION_CONTEXT('2D SPACE',''));
#4831 = ORIENTED_EDGE('',*,*,#4695,.F.);
#4832 = ADVANCED_FACE('',(#4833),#4573,.F.);
#4833 = FACE_BOUND('',#4834,.F.);
#4834 = EDGE_LOOP('',(#4835,#4836,#4837,#4838));
#4835 = ORIENTED_EDGE('',*,*,#4557,.F.);
#4836 = ORIENTED_EDGE('',*,*,#4742,.T.);
#4837 = ORIENTED_EDGE('',*,*,#4672,.T.);
#4838 = ORIENTED_EDGE('',*,*,#4789,.F.);
#4839 = ADVANCED_FACE('',(#4840),#4627,.T.);
#4840 = FACE_BOUND('',#4841,.T.);
#4841 = EDGE_LOOP('',(#4842,#4843,#4844,#4845));
#4842 = ORIENTED_EDGE('',*,*,#4613,.F.);
#4843 = ORIENTED_EDGE('',*,*,#4764,.T.);
#4844 = ORIENTED_EDGE('',*,*,#4718,.T.);
#4845 = ORIENTED_EDGE('',*,*,#4811,.F.);
#4846 =(GEOMETRIC_REPRESENTATION_CONTEXT(3)GLOBAL_UNCERTAINTY_ASSIGNED_CONTEXT((#4850))GLOBAL_UNIT_ASSIGNED_CONTEXT((#4847,#4848,#4849))REPRESENTATION_CONTEXT('Context #1','3D Context with UNIT and UNCERTAINTY'));
#4847 =(LENGTH_UNIT()NAMED_UNIT(*)SI_UNIT(.MILLI.,.METRE.));
#4848 =(NAMED_UNIT(*)PLANE_ANGLE_UNIT()SI_UNIT($,.RADIAN.));
#4849 =(NAMED_UNIT(*)SI_UNIT($,.STERADIAN.)SOLID_ANGLE_UNIT());
#4850 = UNCERTAINTY_MEASURE_WITH_UNIT(LENGTH_MEASURE(1.E-07),#4847,'distance_accuracy_value','confusion accuracy');
#4851 = CONTEXT_DEPENDENT_SHAPE_REPRESENTATION(#4852,#4854);
#4852 =(REPRESENTATION_RELATIONSHIP('','',#4515,#10)REPRESENTATION_RELATIONSHIP_WITH_TRANSFORMATION(#4853)SHAPE_REPRESENTATION_RELATIONSHIP());
#4853 = ITEM_DEFINED_TRANSFORMATION('','',#11,#59);
#4854 = PRODUCT_DEFINITION_SHAPE('Placement','Placement of an item',#4855);
#4855 = NEXT_ASSEMBLY_USAGE_OCCURRENCE('12','kicker_batten_bottom','',#5,#4510,$);
#4856 = PRODUCT_RELATED_PRODUCT_CATEGORY('part',$,(#4512));
#4857 = SHAPE_DEFINITION_REPRESENTATION(#4858,#4864);
#4858 = PRODUCT_DEFINITION_SHAPE('','',#4859);
#4859 = PRODUCT_DEFINITION('design','',#4860,#4863);
#4860 = PRODUCT_DEFINITION_FORMATION('','',#4861);
#4861 = PRODUCT('kicker_batten_top','kicker_batten_top','',(#4862));
#4862 = PRODUCT_CONTEXT('',#2,'mechanical');
#4863 = PRODUCT_DEFINITION_CONTEXT('part definition',#2,'design');
#4864 = ADVANCED_BREP_SHAPE_REPRESENTATION('',(#11,#4865),#5195);
#4865 = MANIFOLD_SOLID_BREP('',#4866);
#4866 = CLOSED_SHELL('',(#4867,#4987,#5087,#5134,#5181,#5188));
#4867 = ADVANCED_FACE('',(#4868),#4882,.F.);
#4868 = FACE_BOUND('',#4869,.F.);
#4869 = EDGE_LOOP('',(#4870,#4905,#4933,#4961));
#4870 = ORIENTED_EDGE('',*,*,#4871,.F.);
#4871 = EDGE_CURVE('',#4872,#4874,#4876,.T.);
#4872 = VERTEX_POINT('',#4873);
#4873 = CARTESIAN_POINT('',(-1.2192E+03,-74.1,175.));
#4874 = VERTEX_POINT('',#4875);
#4875 = CARTESIAN_POINT('',(-1.2192E+03,-74.1,225.));
#4876 = SURFACE_CURVE('',#4877,(#4881,#4893),.PCURVE_S1.);
#4877 = LINE('',#4878,#4879);
#4878 = CARTESIAN_POINT('',(-1.2192E+03,-74.1,175.));
#4879 = VECTOR('',#4880,1.);
#4880 = DIRECTION('',(0.,0.,1.));
#4881 = PCURVE('',#4882,#4887);
#4882 = PLANE('',#4883);
#4883 = AXIS2_PLACEMENT_3D('',#4884,#4885,#4886);
#4884 = CARTESIAN_POINT('',(-1.2192E+03,-74.1,175.));
#4885 = DIRECTION('',(1.,0.,0.));
#4886 = DIRECTION('',(0.,0.,1.));
#4887 = DEFINITIONAL_REPRESENTATION('',(#4888),#4892);
#4888 = LINE('',#4889,#4890);
#4889 = CARTESIAN_POINT('',(0.,0.));
#4890 = VECTOR('',#4891,1.);
#4891 = DIRECTION('',(1.,0.));
#4892 =(GEOMETRIC_REPRESENTATION_CONTEXT(2)PARAMETRIC_REPRESENTATION_CONTEXT()REPRESENTATION_CONTEXT('2D SPACE',''));
#4893 = PCURVE('',#4894,#4899);
#4894 = PLANE('',#4895);
#4895 = AXIS2_PLACEMENT_3D('',#4896,#4897,#4898);
#4896 = CARTESIAN_POINT('',(-1.2192E+03,-74.1,175.));
#4897 = DIRECTION('',(0.,1.,0.));
#4898 = DIRECTION('',(0.,0.,1.));
#4899 = DEFINITIONAL_REPRESENTATION('',(#4900),#4904);
#4900 = LINE('',#4901,#4902);
#4901 = CARTESIAN_POINT('',(0.,0.));
#4902 = VECTOR('',#4903,1.);
#4903 = DIRECTION('',(1.,0.));
#4904 =(GEOMETRIC_REPRESENTATION_CONTEXT(2)PARAMETRIC_REPRESENTATION_CONTEXT()REPRESENTATION_CONTEXT('2D SPACE',''));
#4905 = ORIENTED_EDGE('',*,*,#4906,.T.);
#4906 = EDGE_CURVE('',#4872,#4907,#4909,.T.);
#4907 = VERTEX_POINT('',#4908);
#4908 = CARTESIAN_POINT('',(-1.2192E+03,-36.,175.));
#4909 = SURFACE_CURVE('',#4910,(#4914,#4921),.PCURVE_S1.);
#4910 = LINE('',#4911,#4912);
#4911 = CARTESIAN_POINT('',(-1.2192E+03,-74.1,175.));
#4912 = VECTOR('',#4913,1.);
#4913 = DIRECTION('',(0.,1.,0.));
#4914 = PCURVE('',#4882,#4915);
#4915 = DEFINITIONAL_REPRESENTATION('',(#4916),#4920);
#4916 = LINE('',#4917,#4918);
#4917 = CARTESIAN_POINT('',(0.,0.));
#4918 = VECTOR('',#4919,1.);
#4919 = DIRECTION('',(0.,-1.));
#4920 =(GEOMETRIC_REPRESENTATION_CONTEXT(2)PARAMETRIC_REPRESENTATION_CONTEXT()REPRESENTATION_CONTEXT('2D SPACE',''));
#4921 = PCURVE('',#4922,#4927);
#4922 = PLANE('',#4923);
#4923 = AXIS2_PLACEMENT_3D('',#4924,#4925,#4926);
#4924 = CARTESIAN_POINT('',(-1.2192E+03,-74.1,175.));
#4925 = DIRECTION('',(0.,0.,1.));
#4926 = DIRECTION('',(1.,0.,0.));
#4927 = DEFINITIONAL_REPRESENTATION('',(#4928),#4932);
#4928 = LINE('',#4929,#4930);
#4929 = CARTESIAN_POINT('',(0.,0.));
#4930 = VECTOR('',#4931,1.);
#4931 = DIRECTION('',(0.,1.));
#4932 =(GEOMETRIC_REPRESENTATION_CONTEXT(2)PARAMETRIC_REPRESENTATION_CONTEXT()REPRESENTATION_CONTEXT('2D SPACE',''));
#4933 = ORIENTED_EDGE('',*,*,#4934,.T.);
#4934 = EDGE_CURVE('',#4907,#4935,#4937,.T.);
#4935 = VERTEX_POINT('',#4936);
#4936 = CARTESIAN_POINT('',(-1.2192E+03,-36.,225.));
#4937 = SURFACE_CURVE('',#4938,(#4942,#4949),.PCURVE_S1.);
#4938 = LINE('',#4939,#4940);
#4939 = CARTESIAN_POINT('',(-1.2192E+03,-36.,175.));
#4940 = VECTOR('',#4941,1.);
#4941 = DIRECTION('',(0.,0.,1.));
#4942 = PCURVE('',#4882,#4943);
#4943 = DEFINITIONAL_REPRESENTATION('',(#4944),#4948);
#4944 = LINE('',#4945,#4946);
#4945 = CARTESIAN_POINT('',(0.,-38.1));
#4946 = VECTOR('',#4947,1.);
#4947 = DIRECTION('',(1.,0.));
#4948 =(GEOMETRIC_REPRESENTATION_CONTEXT(2)PARAMETRIC_REPRESENTATION_CONTEXT()REPRESENTATION_CONTEXT('2D SPACE',''));
#4949 = PCURVE('',#4950,#4955);
#4950 = PLANE('',#4951);
#4951 = AXIS2_PLACEMENT_3D('',#4952,#4953,#4954);
#4952 = CARTESIAN_POINT('',(-1.2192E+03,-36.,175.));
#4953 = DIRECTION('',(0.,1.,0.));
#4954 = DIRECTION('',(0.,0.,1.));
#4955 = DEFINITIONAL_REPRESENTATION('',(#4956),#4960);
#4956 = LINE('',#4957,#4958);
#4957 = CARTESIAN_POINT('',(0.,0.));
#4958 = VECTOR('',#4959,1.);
#4959 = DIRECTION('',(1.,0.));
#4960 =(GEOMETRIC_REPRESENTATION_CONTEXT(2)PARAMETRIC_REPRESENTATION_CONTEXT()REPRESENTATION_CONTEXT('2D SPACE',''));
#4961 = ORIENTED_EDGE('',*,*,#4962,.F.);
#4962 = EDGE_CURVE('',#4874,#4935,#4963,.T.);
#4963 = SURFACE_CURVE('',#4964,(#4968,#4975),.PCURVE_S1.);
#4964 = LINE('',#4965,#4966);
#4965 = CARTESIAN_POINT('',(-1.2192E+03,-74.1,225.));
#4966 = VECTOR('',#4967,1.);
#4967 = DIRECTION('',(0.,1.,0.));
#4968 = PCURVE('',#4882,#4969);
#4969 = DEFINITIONAL_REPRESENTATION('',(#4970),#4974);
#4970 = LINE('',#4971,#4972);
#4971 = CARTESIAN_POINT('',(50.,0.));
#4972 = VECTOR('',#4973,1.);
#4973 = DIRECTION('',(0.,-1.));
#4974 =(GEOMETRIC_REPRESENTATION_CONTEXT(2)PARAMETRIC_REPRESENTATION_CONTEXT()REPRESENTATION_CONTEXT('2D SPACE',''));
#4975 = PCURVE('',#4976,#4981);
#4976 = PLANE('',#4977);
#4977 = AXIS2_PLACEMENT_3D('',#4978,#4979,#4980);
#4978 = CARTESIAN_POINT('',(-1.2192E+03,-74.1,225.));
#4979 = DIRECTION('',(0.,0.,1.));
#4980 = DIRECTION('',(1.,0.,0.));
#4981 = DEFINITIONAL_REPRESENTATION('',(#4982),#4986);
#4982 = LINE('',#4983,#4984);
#4983 = CARTESIAN_POINT('',(0.,0.));
#4984 = VECTOR('',#4985,1.);
#4985 = DIRECTION('',(0.,1.));
#4986 =(GEOMETRIC_REPRESENTATION_CONTEXT(2)PARAMETRIC_REPRESENTATION_CONTEXT()REPRESENTATION_CONTEXT('2D SPACE',''));
#4987 = ADVANCED_FACE('',(#4988),#5002,.T.);
#4988 = FACE_BOUND('',#4989,.T.);
#4989 = EDGE_LOOP('',(#4990,#5020,#5043,#5066));
#4990 = ORIENTED_EDGE('',*,*,#4991,.F.);
#4991 = EDGE_CURVE('',#4992,#4994,#4996,.T.);
#4992 = VERTEX_POINT('',#4993);
#4993 = CARTESIAN_POINT('',(1.2192E+03,-74.1,175.));
#4994 = VERTEX_POINT('',#4995);
#4995 = CARTESIAN_POINT('',(1.2192E+03,-74.1,225.));
#4996 = SURFACE_CURVE('',#4997,(#5001,#5013),.PCURVE_S1.);
#4997 = LINE('',#4998,#4999);
#4998 = CARTESIAN_POINT('',(1.2192E+03,-74.1,175.));
#4999 = VECTOR('',#5000,1.);
#5000 = DIRECTION('',(0.,0.,1.));
#5001 = PCURVE('',#5002,#5007);
#5002 = PLANE('',#5003);
#5003 = AXIS2_PLACEMENT_3D('',#5004,#5005,#5006);
#5004 = CARTESIAN_POINT('',(1.2192E+03,-74.1,175.));
#5005 = DIRECTION('',(1.,0.,0.));
#5006 = DIRECTION('',(0.,0.,1.));
#5007 = DEFINITIONAL_REPRESENTATION('',(#5008),#5012);
#5008 = LINE('',#5009,#5010);
#5009 = CARTESIAN_POINT('',(0.,0.));
#5010 = VECTOR('',#5011,1.);
#5011 = DIRECTION('',(1.,0.));
#5012 =(GEOMETRIC_REPRESENTATION_CONTEXT(2)PARAMETRIC_REPRESENTATION_CONTEXT()REPRESENTATION_CONTEXT('2D SPACE',''));
#5013 = PCURVE('',#4894,#5014);
#5014 = DEFINITIONAL_REPRESENTATION('',(#5015),#5019);
#5015 = LINE('',#5016,#5017);
#5016 = CARTESIAN_POINT('',(0.,2.4384E+03));
#5017 = VECTOR('',#5018,1.);
#5018 = DIRECTION('',(1.,0.));
#5019 =(GEOMETRIC_REPRESENTATION_CONTEXT(2)PARAMETRIC_REPRESENTATION_CONTEXT()REPRESENTATION_CONTEXT('2D SPACE',''));
#5020 = ORIENTED_EDGE('',*,*,#5021,.T.);
#5021 = EDGE_CURVE('',#4992,#5022,#5024,.T.);
#5022 = VERTEX_POINT('',#5023);
#5023 = CARTESIAN_POINT('',(1.2192E+03,-36.,175.));
#5024 = SURFACE_CURVE('',#5025,(#5029,#5036),.PCURVE_S1.);
#5025 = LINE('',#5026,#5027);
#5026 = CARTESIAN_POINT('',(1.2192E+03,-74.1,175.));
#5027 = VECTOR('',#5028,1.);
#5028 = DIRECTION('',(0.,1.,0.));
#5029 = PCURVE('',#5002,#5030);
#5030 = DEFINITIONAL_REPRESENTATION('',(#5031),#5035);
#5031 = LINE('',#5032,#5033);
#5032 = CARTESIAN_POINT('',(0.,0.));
#5033 = VECTOR('',#5034,1.);
#5034 = DIRECTION('',(0.,-1.));
#5035 =(GEOMETRIC_REPRESENTATION_CONTEXT(2)PARAMETRIC_REPRESENTATION_CONTEXT()REPRESENTATION_CONTEXT('2D SPACE',''));
#5036 = PCURVE('',#4922,#5037);
#5037 = DEFINITIONAL_REPRESENTATION('',(#5038),#5042);
#5038 = LINE('',#5039,#5040);
#5039 = CARTESIAN_POINT('',(2.4384E+03,0.));
#5040 = VECTOR('',#5041,1.);
#5041 = DIRECTION('',(0.,1.));
#5042 =(GEOMETRIC_REPRESENTATION_CONTEXT(2)PARAMETRIC_REPRESENTATION_CONTEXT()REPRESENTATION_CONTEXT('2D SPACE',''));
#5043 = ORIENTED_EDGE('',*,*,#5044,.T.);
#5044 = EDGE_CURVE('',#5022,#5045,#5047,.T.);
#5045 = VERTEX_POINT('',#5046);
#5046 = CARTESIAN_POINT('',(1.2192E+03,-36.,225.));
#5047 = SURFACE_CURVE('',#5048,(#5052,#5059),.PCURVE_S1.);
#5048 = LINE('',#5049,#5050);
#5049 = CARTESIAN_POINT('',(1.2192E+03,-36.,175.));
#5050 = VECTOR('',#5051,1.);
#5051 = DIRECTION('',(0.,0.,1.));
#5052 = PCURVE('',#5002,#5053);
#5053 = DEFINITIONAL_REPRESENTATION('',(#5054),#5058);
#5054 = LINE('',#5055,#5056);
#5055 = CARTESIAN_POINT('',(0.,-38.1));
#5056 = VECTOR('',#5057,1.);
#5057 = DIRECTION('',(1.,0.));
#5058 =(GEOMETRIC_REPRESENTATION_CONTEXT(2)PARAMETRIC_REPRESENTATION_CONTEXT()REPRESENTATION_CONTEXT('2D SPACE',''));
#5059 = PCURVE('',#4950,#5060);
#5060 = DEFINITIONAL_REPRESENTATION('',(#5061),#5065);
#5061 = LINE('',#5062,#5063);
#5062 = CARTESIAN_POINT('',(0.,2.4384E+03));
#5063 = VECTOR('',#5064,1.);
#5064 = DIRECTION('',(1.,0.));
#5065 =(GEOMETRIC_REPRESENTATION_CONTEXT(2)PARAMETRIC_REPRESENTATION_CONTEXT()REPRESENTATION_CONTEXT('2D SPACE',''));
#5066 = ORIENTED_EDGE('',*,*,#5067,.F.);
#5067 = EDGE_CURVE('',#4994,#5045,#5068,.T.);
#5068 = SURFACE_CURVE('',#5069,(#5073,#5080),.PCURVE_S1.);
#5069 = LINE('',#5070,#5071);
#5070 = CARTESIAN_POINT('',(1.2192E+03,-74.1,225.));
#5071 = VECTOR('',#5072,1.);
#5072 = DIRECTION('',(0.,1.,0.));
#5073 = PCURVE('',#5002,#5074);
#5074 = DEFINITIONAL_REPRESENTATION('',(#5075),#5079);
#5075 = LINE('',#5076,#5077);
#5076 = CARTESIAN_POINT('',(50.,0.));
#5077 = VECTOR('',#5078,1.);
#5078 = DIRECTION('',(0.,-1.));
#5079 =(GEOMETRIC_REPRESENTATION_CONTEXT(2)PARAMETRIC_REPRESENTATION_CONTEXT()REPRESENTATION_CONTEXT('2D SPACE',''));
#5080 = PCURVE('',#4976,#5081);
#5081 = DEFINITIONAL_REPRESENTATION('',(#5082),#5086);
#5082 = LINE('',#5083,#5084);
#5083 = CARTESIAN_POINT('',(2.4384E+03,0.));
#5084 = VECTOR('',#5085,1.);
#5085 = DIRECTION('',(0.,1.));
#5086 =(GEOMETRIC_REPRESENTATION_CONTEXT(2)PARAMETRIC_REPRESENTATION_CONTEXT()REPRESENTATION_CONTEXT('2D SPACE',''));
#5087 = ADVANCED_FACE('',(#5088),#4894,.F.);
#5088 = FACE_BOUND('',#5089,.F.);
#5089 = EDGE_LOOP('',(#5090,#5111,#5112,#5133));
#5090 = ORIENTED_EDGE('',*,*,#5091,.F.);
#5091 = EDGE_CURVE('',#4872,#4992,#5092,.T.);
#5092 = SURFACE_CURVE('',#5093,(#5097,#5104),.PCURVE_S1.);
#5093 = LINE('',#5094,#5095);
#5094 = CARTESIAN_POINT('',(-1.2192E+03,-74.1,175.));
#5095 = VECTOR('',#5096,1.);
#5096 = DIRECTION('',(1.,0.,0.));
#5097 = PCURVE('',#4894,#5098);
#5098 = DEFINITIONAL_REPRESENTATION('',(#5099),#5103);
#5099 = LINE('',#5100,#5101);
#5100 = CARTESIAN_POINT('',(0.,0.));
#5101 = VECTOR('',#5102,1.);
#5102 = DIRECTION('',(0.,1.));
#5103 =(GEOMETRIC_REPRESENTATION_CONTEXT(2)PARAMETRIC_REPRESENTATION_CONTEXT()REPRESENTATION_CONTEXT('2D SPACE',''));
#5104 = PCURVE('',#4922,#5105);
#5105 = DEFINITIONAL_REPRESENTATION('',(#5106),#5110);
#5106 = LINE('',#5107,#5108);
#5107 = CARTESIAN_POINT('',(0.,0.));
#5108 = VECTOR('',#5109,1.);
#5109 = DIRECTION('',(1.,0.));
#5110 =(GEOMETRIC_REPRESENTATION_CONTEXT(2)PARAMETRIC_REPRESENTATION_CONTEXT()REPRESENTATION_CONTEXT('2D SPACE',''));
#5111 = ORIENTED_EDGE('',*,*,#4871,.T.);
#5112 = ORIENTED_EDGE('',*,*,#5113,.T.);
#5113 = EDGE_CURVE('',#4874,#4994,#5114,.T.);
#5114 = SURFACE_CURVE('',#5115,(#5119,#5126),.PCURVE_S1.);
#5115 = LINE('',#5116,#5117);
#5116 = CARTESIAN_POINT('',(-1.2192E+03,-74.1,225.));
#5117 = VECTOR('',#5118,1.);
#5118 = DIRECTION('',(1.,0.,0.));
#5119 = PCURVE('',#4894,#5120);
#5120 = DEFINITIONAL_REPRESENTATION('',(#5121),#5125);
#5121 = LINE('',#5122,#5123);
#5122 = CARTESIAN_POINT('',(50.,0.));
#5123 = VECTOR('',#5124,1.);
#5124 = DIRECTION('',(0.,1.));
#5125 =(GEOMETRIC_REPRESENTATION_CONTEXT(2)PARAMETRIC_REPRESENTATION_CONTEXT()REPRESENTATION_CONTEXT('2D SPACE',''));
#5126 = PCURVE('',#4976,#5127);
#5127 = DEFINITIONAL_REPRESENTATION('',(#5128),#5132);
#5128 = LINE('',#5129,#5130);
#5129 = CARTESIAN_POINT('',(0.,0.));
#5130 = VECTOR('',#5131,1.);
#5131 = DIRECTION('',(1.,0.));
#5132 =(GEOMETRIC_REPRESENTATION_CONTEXT(2)PARAMETRIC_REPRESENTATION_CONTEXT()REPRESENTATION_CONTEXT('2D SPACE',''));
#5133 = ORIENTED_EDGE('',*,*,#4991,.F.);
#5134 = ADVANCED_FACE('',(#5135),#4950,.T.);
#5135 = FACE_BOUND('',#5136,.T.);
#5136 = EDGE_LOOP('',(#5137,#5158,#5159,#5180));
#5137 = ORIENTED_EDGE('',*,*,#5138,.F.);
#5138 = EDGE_CURVE('',#4907,#5022,#5139,.T.);
#5139 = SURFACE_CURVE('',#5140,(#5144,#5151),.PCURVE_S1.);
#5140 = LINE('',#5141,#5142);
#5141 = CARTESIAN_POINT('',(-1.2192E+03,-36.,175.));
#5142 = VECTOR('',#5143,1.);
#5143 = DIRECTION('',(1.,0.,0.));
#5144 = PCURVE('',#4950,#5145);
#5145 = DEFINITIONAL_REPRESENTATION('',(#5146),#5150);
#5146 = LINE('',#5147,#5148);
#5147 = CARTESIAN_POINT('',(0.,0.));
#5148 = VECTOR('',#5149,1.);
#5149 = DIRECTION('',(0.,1.));
#5150 =(GEOMETRIC_REPRESENTATION_CONTEXT(2)PARAMETRIC_REPRESENTATION_CONTEXT()REPRESENTATION_CONTEXT('2D SPACE',''));
#5151 = PCURVE('',#4922,#5152);
#5152 = DEFINITIONAL_REPRESENTATION('',(#5153),#5157);
#5153 = LINE('',#5154,#5155);
#5154 = CARTESIAN_POINT('',(0.,38.1));
#5155 = VECTOR('',#5156,1.);
#5156 = DIRECTION('',(1.,0.));
#5157 =(GEOMETRIC_REPRESENTATION_CONTEXT(2)PARAMETRIC_REPRESENTATION_CONTEXT()REPRESENTATION_CONTEXT('2D SPACE',''));
#5158 = ORIENTED_EDGE('',*,*,#4934,.T.);
#5159 = ORIENTED_EDGE('',*,*,#5160,.T.);
#5160 = EDGE_CURVE('',#4935,#5045,#5161,.T.);
#5161 = SURFACE_CURVE('',#5162,(#5166,#5173),.PCURVE_S1.);
#5162 = LINE('',#5163,#5164);
#5163 = CARTESIAN_POINT('',(-1.2192E+03,-36.,225.));
#5164 = VECTOR('',#5165,1.);
#5165 = DIRECTION('',(1.,0.,0.));
#5166 = PCURVE('',#4950,#5167);
#5167 = DEFINITIONAL_REPRESENTATION('',(#5168),#5172);
#5168 = LINE('',#5169,#5170);
#5169 = CARTESIAN_POINT('',(50.,0.));
#5170 = VECTOR('',#5171,1.);
#5171 = DIRECTION('',(0.,1.));
#5172 =(GEOMETRIC_REPRESENTATION_CONTEXT(2)PARAMETRIC_REPRESENTATION_CONTEXT()REPRESENTATION_CONTEXT('2D SPACE',''));
#5173 = PCURVE('',#4976,#5174);
#5174 = DEFINITIONAL_REPRESENTATION('',(#5175),#5179);
#5175 = LINE('',#5176,#5177);
#5176 = CARTESIAN_POINT('',(0.,38.1));
#5177 = VECTOR('',#5178,1.);
#5178 = DIRECTION('',(1.,0.));
#5179 =(GEOMETRIC_REPRESENTATION_CONTEXT(2)PARAMETRIC_REPRESENTATION_CONTEXT()REPRESENTATION_CONTEXT('2D SPACE',''));
#5180 = ORIENTED_EDGE('',*,*,#5044,.F.);
#5181 = ADVANCED_FACE('',(#5182),#4922,.F.);
#5182 = FACE_BOUND('',#5183,.F.);
#5183 = EDGE_LOOP('',(#5184,#5185,#5186,#5187));
#5184 = ORIENTED_EDGE('',*,*,#4906,.F.);
#5185 = ORIENTED_EDGE('',*,*,#5091,.T.);
#5186 = ORIENTED_EDGE('',*,*,#5021,.T.);
#5187 = ORIENTED_EDGE('',*,*,#5138,.F.);
#5188 = ADVANCED_FACE('',(#5189),#4976,.T.);
#5189 = FACE_BOUND('',#5190,.T.);
#5190 = EDGE_LOOP('',(#5191,#5192,#5193,#5194));
#5191 = ORIENTED_EDGE('',*,*,#4962,.F.);
#5192 = ORIENTED_EDGE('',*,*,#5113,.T.);
#5193 = ORIENTED_EDGE('',*,*,#5067,.T.);
#5194 = ORIENTED_EDGE('',*,*,#5160,.F.);
#5195 =(GEOMETRIC_REPRESENTATION_CONTEXT(3)GLOBAL_UNCERTAINTY_ASSIGNED_CONTEXT((#5199))GLOBAL_UNIT_ASSIGNED_CONTEXT((#5196,#5197,#5198))REPRESENTATION_CONTEXT('Context #1','3D Context with UNIT and UNCERTAINTY'));
#5196 =(LENGTH_UNIT()NAMED_UNIT(*)SI_UNIT(.MILLI.,.METRE.));
#5197 =(NAMED_UNIT(*)PLANE_ANGLE_UNIT()SI_UNIT($,.RADIAN.));
#5198 =(NAMED_UNIT(*)SI_UNIT($,.STERADIAN.)SOLID_ANGLE_UNIT());
#5199 = UNCERTAINTY_MEASURE_WITH_UNIT(LENGTH_MEASURE(1.E-07),#5196,'distance_accuracy_value','confusion accuracy');
#5200 = CONTEXT_DEPENDENT_SHAPE_REPRESENTATION(#5201,#5203);
#5201 =(REPRESENTATION_RELATIONSHIP('','',#4864,#10)REPRESENTATION_RELATIONSHIP_WITH_TRANSFORMATION(#5202)SHAPE_REPRESENTATION_RELATIONSHIP());
#5202 = ITEM_DEFINED_TRANSFORMATION('','',#11,#63);
#5203 = PRODUCT_DEFINITION_SHAPE('Placement','Placement of an item',#5204);
#5204 = NEXT_ASSEMBLY_USAGE_OCCURRENCE('13','kicker_batten_top','',#5,#4859,$);
#5205 = PRODUCT_RELATED_PRODUCT_CATEGORY('part',$,(#4861));
#5206 = SHAPE_DEFINITION_REPRESENTATION(#5207,#5213);
#5207 = PRODUCT_DEFINITION_SHAPE('','',#5208);
#5208 = PRODUCT_DEFINITION('design','',#5209,#5212);
#5209 = PRODUCT_DEFINITION_FORMATION('','',#5210);
#5210 = PRODUCT('kicker_cheek_left','kicker_cheek_left','',(#5211));
#5211 = PRODUCT_CONTEXT('',#2,'mechanical');
#5212 = PRODUCT_DEFINITION_CONTEXT('part definition',#2,'design');
#5213 = ADVANCED_BREP_SHAPE_REPRESENTATION('',(#11,#5214),#5544);
#5214 = MANIFOLD_SOLID_BREP('',#5215);
#5215 = CLOSED_SHELL('',(#5216,#5336,#5412,#5483,#5530,#5537));
#5216 = ADVANCED_FACE('',(#5217),#5231,.F.);
#5217 = FACE_BOUND('',#5218,.F.);
#5218 = EDGE_LOOP('',(#5219,#5254,#5282,#5310));
#5219 = ORIENTED_EDGE('',*,*,#5220,.T.);
#5220 = EDGE_CURVE('',#5221,#5223,#5225,.T.);
#5221 = VERTEX_POINT('',#5222);
#5222 = CARTESIAN_POINT('',(-1.2573E+03,-18.,0.));
#5223 = VERTEX_POINT('',#5224);
#5224 = CARTESIAN_POINT('',(-1.2192E+03,-18.,0.));
#5225 = SURFACE_CURVE('',#5226,(#5230,#5242),.PCURVE_S1.);
#5226 = LINE('',#5227,#5228);
#5227 = CARTESIAN_POINT('',(-1.2573E+03,-18.,0.));
#5228 = VECTOR('',#5229,1.);
#5229 = DIRECTION('',(1.,0.,0.));
#5230 = PCURVE('',#5231,#5236);
#5231 = PLANE('',#5232);
#5232 = AXIS2_PLACEMENT_3D('',#5233,#5234,#5235);
#5233 = CARTESIAN_POINT('',(-1.2573E+03,-18.,0.));
#5234 = DIRECTION('',(0.,-1.,0.));
#5235 = DIRECTION('',(0.,0.,1.));
#5236 = DEFINITIONAL_REPRESENTATION('',(#5237),#5241);
#5237 = LINE('',#5238,#5239);
#5238 = CARTESIAN_POINT('',(0.,0.));
#5239 = VECTOR('',#5240,1.);
#5240 = DIRECTION('',(0.,-1.));
#5241 =(GEOMETRIC_REPRESENTATION_CONTEXT(2)PARAMETRIC_REPRESENTATION_CONTEXT()REPRESENTATION_CONTEXT('2D SPACE',''));
#5242 = PCURVE('',#5243,#5248);
#5243 = PLANE('',#5244);
#5244 = AXIS2_PLACEMENT_3D('',#5245,#5246,#5247);
#5245 = CARTESIAN_POINT('',(-1.2573E+03,-159.0670842003,0.));
#5246 = DIRECTION('',(0.,0.,1.));
#5247 = DIRECTION('',(0.,1.,0.));
#5248 = DEFINITIONAL_REPRESENTATION('',(#5249),#5253);
#5249 = LINE('',#5250,#5251);
#5250 = CARTESIAN_POINT('',(141.06708420036,0.));
#5251 = VECTOR('',#5252,1.);
#5252 = DIRECTION('',(0.,-1.));
#5253 =(GEOMETRIC_REPRESENTATION_CONTEXT(2)PARAMETRIC_REPRESENTATION_CONTEXT()REPRESENTATION_CONTEXT('2D SPACE',''));
#5254 = ORIENTED_EDGE('',*,*,#5255,.T.);
#5255 = EDGE_CURVE('',#5223,#5256,#5258,.T.);
#5256 = VERTEX_POINT('',#5257);
#5257 = CARTESIAN_POINT('',(-1.2192E+03,-18.,225.));
#5258 = SURFACE_CURVE('',#5259,(#5263,#5270),.PCURVE_S1.);
#5259 = LINE('',#5260,#5261);
#5260 = CARTESIAN_POINT('',(-1.2192E+03,-18.,0.));
#5261 = VECTOR('',#5262,1.);
#5262 = DIRECTION('',(0.,0.,1.));
#5263 = PCURVE('',#5231,#5264);
#5264 = DEFINITIONAL_REPRESENTATION('',(#5265),#5269);
#5265 = LINE('',#5266,#5267);
#5266 = CARTESIAN_POINT('',(0.,-38.1));
#5267 = VECTOR('',#5268,1.);
#5268 = DIRECTION('',(1.,0.));
#5269 =(GEOMETRIC_REPRESENTATION_CONTEXT(2)PARAMETRIC_REPRESENTATION_CONTEXT()REPRESENTATION_CONTEXT('2D SPACE',''));
#5270 = PCURVE('',#5271,#5276);
#5271 = PLANE('',#5272);
#5272 = AXIS2_PLACEMENT_3D('',#5273,#5274,#5275);
#5273 = CARTESIAN_POINT('',(-1.2192E+03,-97.87680034312,152.86306353085));
#5274 = DIRECTION('',(1.,0.,0.));
#5275 = DIRECTION('',(-0.,0.,1.));
#5276 = DEFINITIONAL_REPRESENTATION('',(#5277),#5281);
#5277 = LINE('',#5278,#5279);
#5278 = CARTESIAN_POINT('',(-152.8630635308,-79.87680034312));
#5279 = VECTOR('',#5280,1.);
#5280 = DIRECTION('',(1.,0.));
#5281 =(GEOMETRIC_REPRESENTATION_CONTEXT(2)PARAMETRIC_REPRESENTATION_CONTEXT()REPRESENTATION_CONTEXT('2D SPACE',''));
#5282 = ORIENTED_EDGE('',*,*,#5283,.F.);
#5283 = EDGE_CURVE('',#5284,#5256,#5286,.T.);
#5284 = VERTEX_POINT('',#5285);
#5285 = CARTESIAN_POINT('',(-1.2573E+03,-18.,225.));
#5286 = SURFACE_CURVE('',#5287,(#5291,#5298),.PCURVE_S1.);
#5287 = LINE('',#5288,#5289);
#5288 = CARTESIAN_POINT('',(-1.2573E+03,-18.,225.));
#5289 = VECTOR('',#5290,1.);
#5290 = DIRECTION('',(1.,0.,0.));
#5291 = PCURVE('',#5231,#5292);
#5292 = DEFINITIONAL_REPRESENTATION('',(#5293),#5297);
#5293 = LINE('',#5294,#5295);
#5294 = CARTESIAN_POINT('',(225.,0.));
#5295 = VECTOR('',#5296,1.);
#5296 = DIRECTION('',(0.,-1.));
#5297 =(GEOMETRIC_REPRESENTATION_CONTEXT(2)PARAMETRIC_REPRESENTATION_CONTEXT()REPRESENTATION_CONTEXT('2D SPACE',''));
#5298 = PCURVE('',#5299,#5304);
#5299 = PLANE('',#5300);
#5300 = AXIS2_PLACEMENT_3D('',#5301,#5302,#5303);
#5301 = CARTESIAN_POINT('',(-1.2573E+03,-18.,225.));
#5302 = DIRECTION('',(0.,-0.642787609687,-0.766044443119));
#5303 = DIRECTION('',(0.,-0.766044443119,0.642787609687));
#5304 = DEFINITIONAL_REPRESENTATION('',(#5305),#5309);
#5305 = LINE('',#5306,#5307);
#5306 = CARTESIAN_POINT('',(0.,0.));
#5307 = VECTOR('',#5308,1.);
#5308 = DIRECTION('',(0.,-1.));
#5309 =(GEOMETRIC_REPRESENTATION_CONTEXT(2)PARAMETRIC_REPRESENTATION_CONTEXT()REPRESENTATION_CONTEXT('2D SPACE',''));
#5310 = ORIENTED_EDGE('',*,*,#5311,.F.);
#5311 = EDGE_CURVE('',#5221,#5284,#5312,.T.);
#5312 = SURFACE_CURVE('',#5313,(#5317,#5324),.PCURVE_S1.);
#5313 = LINE('',#5314,#5315);
#5314 = CARTESIAN_POINT('',(-1.2573E+03,-18.,0.));
#5315 = VECTOR('',#5316,1.);
#5316 = DIRECTION('',(0.,0.,1.));
#5317 = PCURVE('',#5231,#5318);
#5318 = DEFINITIONAL_REPRESENTATION('',(#5319),#5323);
#5319 = LINE('',#5320,#5321);
#5320 = CARTESIAN_POINT('',(0.,0.));
#5321 = VECTOR('',#5322,1.);
#5322 = DIRECTION('',(1.,0.));
#5323 =(GEOMETRIC_REPRESENTATION_CONTEXT(2)PARAMETRIC_REPRESENTATION_CONTEXT()REPRESENTATION_CONTEXT('2D SPACE',''));
#5324 = PCURVE('',#5325,#5330);
#5325 = PLANE('',#5326);
#5326 = AXIS2_PLACEMENT_3D('',#5327,#5328,#5329);
#5327 = CARTESIAN_POINT('',(-1.2573E+03,-97.87680034312,152.86306353085));
#5328 = DIRECTION('',(1.,0.,0.));
#5329 = DIRECTION('',(-0.,0.,1.));
#5330 = DEFINITIONAL_REPRESENTATION('',(#5331),#5335);
#5331 = LINE('',#5332,#5333);
#5332 = CARTESIAN_POINT('',(-152.8630635308,-79.87680034312));
#5333 = VECTOR('',#5334,1.);
#5334 = DIRECTION('',(1.,0.));
#5335 =(GEOMETRIC_REPRESENTATION_CONTEXT(2)PARAMETRIC_REPRESENTATION_CONTEXT()REPRESENTATION_CONTEXT('2D SPACE',''));
#5336 = ADVANCED_FACE('',(#5337),#5299,.F.);
#5337 = FACE_BOUND('',#5338,.F.);
#5338 = EDGE_LOOP('',(#5339,#5340,#5363,#5391));
#5339 = ORIENTED_EDGE('',*,*,#5283,.T.);
#5340 = ORIENTED_EDGE('',*,*,#5341,.T.);
#5341 = EDGE_CURVE('',#5256,#5342,#5344,.T.);
#5342 = VERTEX_POINT('',#5343);
#5343 = CARTESIAN_POINT('',(-1.2192E+03,-159.0670842003,343.36933832377));
#5344 = SURFACE_CURVE('',#5345,(#5349,#5356),.PCURVE_S1.);
#5345 = LINE('',#5346,#5347);
#5346 = CARTESIAN_POINT('',(-1.2192E+03,-18.,225.));
#5347 = VECTOR('',#5348,1.);
#5348 = DIRECTION('',(0.,-0.766044443119,0.642787609687));
#5349 = PCURVE('',#5299,#5350);
#5350 = DEFINITIONAL_REPRESENTATION('',(#5351),#5355);
#5351 = LINE('',#5352,#5353);
#5352 = CARTESIAN_POINT('',(0.,-38.1));
#5353 = VECTOR('',#5354,1.);
#5354 = DIRECTION('',(1.,0.));
#5355 =(GEOMETRIC_REPRESENTATION_CONTEXT(2)PARAMETRIC_REPRESENTATION_CONTEXT()REPRESENTATION_CONTEXT('2D SPACE',''));
#5356 = PCURVE('',#5271,#5357);
#5357 = DEFINITIONAL_REPRESENTATION('',(#5358),#5362);
#5358 = LINE('',#5359,#5360);
#5359 = CARTESIAN_POINT('',(72.136936469146,-79.87680034312));
#5360 = VECTOR('',#5361,1.);
#5361 = DIRECTION('',(0.642787609687,0.766044443119));
#5362 =(GEOMETRIC_REPRESENTATION_CONTEXT(2)PARAMETRIC_REPRESENTATION_CONTEXT()REPRESENTATION_CONTEXT('2D SPACE',''));
#5363 = ORIENTED_EDGE('',*,*,#5364,.F.);
#5364 = EDGE_CURVE('',#5365,#5342,#5367,.T.);
#5365 = VERTEX_POINT('',#5366);
#5366 = CARTESIAN_POINT('',(-1.2573E+03,-159.0670842003,343.36933832377));
#5367 = SURFACE_CURVE('',#5368,(#5372,#5379),.PCURVE_S1.);
#5368 = LINE('',#5369,#5370);
#5369 = CARTESIAN_POINT('',(-1.2573E+03,-159.0670842003,343.36933832377));
#5370 = VECTOR('',#5371,1.);
#5371 = DIRECTION('',(1.,0.,0.));
#5372 = PCURVE('',#5299,#5373);
#5373 = DEFINITIONAL_REPRESENTATION('',(#5374),#5378);
#5374 = LINE('',#5375,#5376);
#5375 = CARTESIAN_POINT('',(184.15,0.));
#5376 = VECTOR('',#5377,1.);
#5377 = DIRECTION('',(0.,-1.));
#5378 =(GEOMETRIC_REPRESENTATION_CONTEXT(2)PARAMETRIC_REPRESENTATION_CONTEXT()REPRESENTATION_CONTEXT('2D SPACE',''));
#5379 = PCURVE('',#5380,#5385);
#5380 = PLANE('',#5381);
#5381 = AXIS2_PLACEMENT_3D('',#5382,#5383,#5384);
#5382 = CARTESIAN_POINT('',(-1.2573E+03,-159.0670842003,343.36933832377));
#5383 = DIRECTION('',(-0.,1.,0.));
#5384 = DIRECTION('',(0.,0.,-1.));
#5385 = DEFINITIONAL_REPRESENTATION('',(#5386),#5390);
#5386 = LINE('',#5387,#5388);
#5387 = CARTESIAN_POINT('',(0.,0.));
#5388 = VECTOR('',#5389,1.);
#5389 = DIRECTION('',(0.,-1.));
#5390 =(GEOMETRIC_REPRESENTATION_CONTEXT(2)PARAMETRIC_REPRESENTATION_CONTEXT()REPRESENTATION_CONTEXT('2D SPACE',''));
#5391 = ORIENTED_EDGE('',*,*,#5392,.F.);
#5392 = EDGE_CURVE('',#5284,#5365,#5393,.T.);
#5393 = SURFACE_CURVE('',#5394,(#5398,#5405),.PCURVE_S1.);
#5394 = LINE('',#5395,#5396);
#5395 = CARTESIAN_POINT('',(-1.2573E+03,-18.,225.));
#5396 = VECTOR('',#5397,1.);
#5397 = DIRECTION('',(0.,-0.766044443119,0.642787609687));
#5398 = PCURVE('',#5299,#5399);
#5399 = DEFINITIONAL_REPRESENTATION('',(#5400),#5404);
#5400 = LINE('',#5401,#5402);
#5401 = CARTESIAN_POINT('',(0.,0.));
#5402 = VECTOR('',#5403,1.);
#5403 = DIRECTION('',(1.,0.));
#5404 =(GEOMETRIC_REPRESENTATION_CONTEXT(2)PARAMETRIC_REPRESENTATION_CONTEXT()REPRESENTATION_CONTEXT('2D SPACE',''));
#5405 = PCURVE('',#5325,#5406);
#5406 = DEFINITIONAL_REPRESENTATION('',(#5407),#5411);
#5407 = LINE('',#5408,#5409);
#5408 = CARTESIAN_POINT('',(72.136936469146,-79.87680034312));
#5409 = VECTOR('',#5410,1.);
#5410 = DIRECTION('',(0.642787609687,0.766044443119));
#5411 =(GEOMETRIC_REPRESENTATION_CONTEXT(2)PARAMETRIC_REPRESENTATION_CONTEXT()REPRESENTATION_CONTEXT('2D SPACE',''));
#5412 = ADVANCED_FACE('',(#5413),#5380,.F.);
#5413 = FACE_BOUND('',#5414,.F.);
#5414 = EDGE_LOOP('',(#5415,#5416,#5439,#5462));
#5415 = ORIENTED_EDGE('',*,*,#5364,.T.);
#5416 = ORIENTED_EDGE('',*,*,#5417,.T.);
#5417 = EDGE_CURVE('',#5342,#5418,#5420,.T.);
#5418 = VERTEX_POINT('',#5419);
#5419 = CARTESIAN_POINT('',(-1.2192E+03,-159.0670842003,0.));
#5420 = SURFACE_CURVE('',#5421,(#5425,#5432),.PCURVE_S1.);
#5421 = LINE('',#5422,#5423);
#5422 = CARTESIAN_POINT('',(-1.2192E+03,-159.0670842003,343.36933832377));
#5423 = VECTOR('',#5424,1.);
#5424 = DIRECTION('',(0.,0.,-1.));
#5425 = PCURVE('',#5380,#5426);
#5426 = DEFINITIONAL_REPRESENTATION('',(#5427),#5431);
#5427 = LINE('',#5428,#5429);
#5428 = CARTESIAN_POINT('',(0.,-38.1));
#5429 = VECTOR('',#5430,1.);
#5430 = DIRECTION('',(1.,0.));
#5431 =(GEOMETRIC_REPRESENTATION_CONTEXT(2)PARAMETRIC_REPRESENTATION_CONTEXT()REPRESENTATION_CONTEXT('2D SPACE',''));
#5432 = PCURVE('',#5271,#5433);
#5433 = DEFINITIONAL_REPRESENTATION('',(#5434),#5438);
#5434 = LINE('',#5435,#5436);
#5435 = CARTESIAN_POINT('',(190.50627479292,61.190283857237));
#5436 = VECTOR('',#5437,1.);
#5437 = DIRECTION('',(-1.,0.));
#5438 =(GEOMETRIC_REPRESENTATION_CONTEXT(2)PARAMETRIC_REPRESENTATION_CONTEXT()REPRESENTATION_CONTEXT('2D SPACE',''));
#5439 = ORIENTED_EDGE('',*,*,#5440,.F.);
#5440 = EDGE_CURVE('',#5441,#5418,#5443,.T.);
#5441 = VERTEX_POINT('',#5442);
#5442 = CARTESIAN_POINT('',(-1.2573E+03,-159.0670842003,0.));
#5443 = SURFACE_CURVE('',#5444,(#5448,#5455),.PCURVE_S1.);
#5444 = LINE('',#5445,#5446);
#5445 = CARTESIAN_POINT('',(-1.2573E+03,-159.0670842003,0.));
#5446 = VECTOR('',#5447,1.);
#5447 = DIRECTION('',(1.,0.,0.));
#5448 = PCURVE('',#5380,#5449);
#5449 = DEFINITIONAL_REPRESENTATION('',(#5450),#5454);
#5450 = LINE('',#5451,#5452);
#5451 = CARTESIAN_POINT('',(343.36933832377,0.));
#5452 = VECTOR('',#5453,1.);
#5453 = DIRECTION('',(0.,-1.));
#5454 =(GEOMETRIC_REPRESENTATION_CONTEXT(2)PARAMETRIC_REPRESENTATION_CONTEXT()REPRESENTATION_CONTEXT('2D SPACE',''));
#5455 = PCURVE('',#5243,#5456);
#5456 = DEFINITIONAL_REPRESENTATION('',(#5457),#5461);
#5457 = LINE('',#5458,#5459);
#5458 = CARTESIAN_POINT('',(0.,0.));
#5459 = VECTOR('',#5460,1.);
#5460 = DIRECTION('',(0.,-1.));
#5461 =(GEOMETRIC_REPRESENTATION_CONTEXT(2)PARAMETRIC_REPRESENTATION_CONTEXT()REPRESENTATION_CONTEXT('2D SPACE',''));
#5462 = ORIENTED_EDGE('',*,*,#5463,.F.);
#5463 = EDGE_CURVE('',#5365,#5441,#5464,.T.);
#5464 = SURFACE_CURVE('',#5465,(#5469,#5476),.PCURVE_S1.);
#5465 = LINE('',#5466,#5467);
#5466 = CARTESIAN_POINT('',(-1.2573E+03,-159.0670842003,343.36933832377));
#5467 = VECTOR('',#5468,1.);
#5468 = DIRECTION('',(0.,0.,-1.));
#5469 = PCURVE('',#5380,#5470);
#5470 = DEFINITIONAL_REPRESENTATION('',(#5471),#5475);
#5471 = LINE('',#5472,#5473);
#5472 = CARTESIAN_POINT('',(0.,0.));
#5473 = VECTOR('',#5474,1.);
#5474 = DIRECTION('',(1.,0.));
#5475 =(GEOMETRIC_REPRESENTATION_CONTEXT(2)PARAMETRIC_REPRESENTATION_CONTEXT()REPRESENTATION_CONTEXT('2D SPACE',''));
#5476 = PCURVE('',#5325,#5477);
#5477 = DEFINITIONAL_REPRESENTATION('',(#5478),#5482);
#5478 = LINE('',#5479,#5480);
#5479 = CARTESIAN_POINT('',(190.50627479292,61.190283857237));
#5480 = VECTOR('',#5481,1.);
#5481 = DIRECTION('',(-1.,0.));
#5482 =(GEOMETRIC_REPRESENTATION_CONTEXT(2)PARAMETRIC_REPRESENTATION_CONTEXT()REPRESENTATION_CONTEXT('2D SPACE',''));
#5483 = ADVANCED_FACE('',(#5484),#5243,.F.);
#5484 = FACE_BOUND('',#5485,.F.);
#5485 = EDGE_LOOP('',(#5486,#5487,#5508,#5509));
#5486 = ORIENTED_EDGE('',*,*,#5440,.T.);
#5487 = ORIENTED_EDGE('',*,*,#5488,.T.);
#5488 = EDGE_CURVE('',#5418,#5223,#5489,.T.);
#5489 = SURFACE_CURVE('',#5490,(#5494,#5501),.PCURVE_S1.);
#5490 = LINE('',#5491,#5492);
#5491 = CARTESIAN_POINT('',(-1.2192E+03,-159.0670842003,0.));
#5492 = VECTOR('',#5493,1.);
#5493 = DIRECTION('',(0.,1.,0.));
#5494 = PCURVE('',#5243,#5495);
#5495 = DEFINITIONAL_REPRESENTATION('',(#5496),#5500);
#5496 = LINE('',#5497,#5498);
#5497 = CARTESIAN_POINT('',(0.,-38.1));
#5498 = VECTOR('',#5499,1.);
#5499 = DIRECTION('',(1.,0.));
#5500 =(GEOMETRIC_REPRESENTATION_CONTEXT(2)PARAMETRIC_REPRESENTATION_CONTEXT()REPRESENTATION_CONTEXT('2D SPACE',''));
#5501 = PCURVE('',#5271,#5502);
#5502 = DEFINITIONAL_REPRESENTATION('',(#5503),#5507);
#5503 = LINE('',#5504,#5505);
#5504 = CARTESIAN_POINT('',(-152.8630635308,61.190283857237));
#5505 = VECTOR('',#5506,1.);
#5506 = DIRECTION('',(0.,-1.));
#5507 =(GEOMETRIC_REPRESENTATION_CONTEXT(2)PARAMETRIC_REPRESENTATION_CONTEXT()REPRESENTATION_CONTEXT('2D SPACE',''));
#5508 = ORIENTED_EDGE('',*,*,#5220,.F.);
#5509 = ORIENTED_EDGE('',*,*,#5510,.F.);
#5510 = EDGE_CURVE('',#5441,#5221,#5511,.T.);
#5511 = SURFACE_CURVE('',#5512,(#5516,#5523),.PCURVE_S1.);
#5512 = LINE('',#5513,#5514);
#5513 = CARTESIAN_POINT('',(-1.2573E+03,-159.0670842003,0.));
#5514 = VECTOR('',#5515,1.);
#5515 = DIRECTION('',(0.,1.,0.));
#5516 = PCURVE('',#5243,#5517);
#5517 = DEFINITIONAL_REPRESENTATION('',(#5518),#5522);
#5518 = LINE('',#5519,#5520);
#5519 = CARTESIAN_POINT('',(0.,0.));
#5520 = VECTOR('',#5521,1.);
#5521 = DIRECTION('',(1.,0.));
#5522 =(GEOMETRIC_REPRESENTATION_CONTEXT(2)PARAMETRIC_REPRESENTATION_CONTEXT()REPRESENTATION_CONTEXT('2D SPACE',''));
#5523 = PCURVE('',#5325,#5524);
#5524 = DEFINITIONAL_REPRESENTATION('',(#5525),#5529);
#5525 = LINE('',#5526,#5527);
#5526 = CARTESIAN_POINT('',(-152.8630635308,61.190283857237));
#5527 = VECTOR('',#5528,1.);
#5528 = DIRECTION('',(0.,-1.));
#5529 =(GEOMETRIC_REPRESENTATION_CONTEXT(2)PARAMETRIC_REPRESENTATION_CONTEXT()REPRESENTATION_CONTEXT('2D SPACE',''));
#5530 = ADVANCED_FACE('',(#5531),#5325,.F.);
#5531 = FACE_BOUND('',#5532,.F.);
#5532 = EDGE_LOOP('',(#5533,#5534,#5535,#5536));
#5533 = ORIENTED_EDGE('',*,*,#5311,.T.);
#5534 = ORIENTED_EDGE('',*,*,#5392,.T.);
#5535 = ORIENTED_EDGE('',*,*,#5463,.T.);
#5536 = ORIENTED_EDGE('',*,*,#5510,.T.);
#5537 = ADVANCED_FACE('',(#5538),#5271,.T.);
#5538 = FACE_BOUND('',#5539,.T.);
#5539 = EDGE_LOOP('',(#5540,#5541,#5542,#5543));
#5540 = ORIENTED_EDGE('',*,*,#5255,.T.);
#5541 = ORIENTED_EDGE('',*,*,#5341,.T.);
#5542 = ORIENTED_EDGE('',*,*,#5417,.T.);
#5543 = ORIENTED_EDGE('',*,*,#5488,.T.);
#5544 =(GEOMETRIC_REPRESENTATION_CONTEXT(3)GLOBAL_UNCERTAINTY_ASSIGNED_CONTEXT((#5548))GLOBAL_UNIT_ASSIGNED_CONTEXT((#5545,#5546,#5547))REPRESENTATION_CONTEXT('Context #1','3D Context with UNIT and UNCERTAINTY'));
#5545 =(LENGTH_UNIT()NAMED_UNIT(*)SI_UNIT(.MILLI.,.METRE.));
#5546 =(NAMED_UNIT(*)PLANE_ANGLE_UNIT()SI_UNIT($,.RADIAN.));
#5547 =(NAMED_UNIT(*)SI_UNIT($,.STERADIAN.)SOLID_ANGLE_UNIT());
#5548 = UNCERTAINTY_MEASURE_WITH_UNIT(LENGTH_MEASURE(1.E-07),#5545,'distance_accuracy_value','confusion accuracy');
#5549 = CONTEXT_DEPENDENT_SHAPE_REPRESENTATION(#5550,#5552);
#5550 =(REPRESENTATION_RELATIONSHIP('','',#5213,#10)REPRESENTATION_RELATIONSHIP_WITH_TRANSFORMATION(#5551)SHAPE_REPRESENTATION_RELATIONSHIP());
#5551 = ITEM_DEFINED_TRANSFORMATION('','',#11,#67);
#5552 = PRODUCT_DEFINITION_SHAPE('Placement','Placement of an item',#5553);
#5553 = NEXT_ASSEMBLY_USAGE_OCCURRENCE('14','kicker_cheek_left','',#5,#5208,$);
#5554 = PRODUCT_RELATED_PRODUCT_CATEGORY('part',$,(#5210));
#5555 = SHAPE_DEFINITION_REPRESENTATION(#5556,#5562);
#5556 = PRODUCT_DEFINITION_SHAPE('','',#5557);
#5557 = PRODUCT_DEFINITION('design','',#5558,#5561);
#5558 = PRODUCT_DEFINITION_FORMATION('','',#5559);
#5559 = PRODUCT('cheek_splice_left','cheek_splice_left','',(#5560));
#5560 = PRODUCT_CONTEXT('',#2,'mechanical');
#5561 = PRODUCT_DEFINITION_CONTEXT('part definition',#2,'design');
#5562 = ADVANCED_BREP_SHAPE_REPRESENTATION('',(#11,#5563),#5963);
#5563 = MANIFOLD_SOLID_BREP('',#5564);
#5564 = CLOSED_SHELL('',(#5565,#5711,#5785,#5834,#5883,#5930,#5955));
#5565 = ADVANCED_FACE('',(#5566),#5580,.F.);
#5566 = FACE_BOUND('',#5567,.F.);
#5567 = EDGE_LOOP('',(#5568,#5603,#5629,#5657,#5685));
#5568 = ORIENTED_EDGE('',*,*,#5569,.F.);
#5569 = EDGE_CURVE('',#5570,#5572,#5574,.T.);
#5570 = VERTEX_POINT('',#5571);
#5571 = CARTESIAN_POINT('',(-1.2192E+03,-159.0670842003,312.25486178656));
#5572 = VERTEX_POINT('',#5573);
#5573 = CARTESIAN_POINT('',(-1.2192E+03,-79.46743436932,407.11803044194));
#5574 = SURFACE_CURVE('',#5575,(#5579,#5591),.PCURVE_S1.);
#5575 = LINE('',#5576,#5577);
#5576 = CARTESIAN_POINT('',(-1.2192E+03,-208.0249563066,253.90914181814));
#5577 = VECTOR('',#5578,1.);
#5578 = DIRECTION('',(0.,0.642787609687,0.766044443119));
#5579 = PCURVE('',#5580,#5585);
#5580 = PLANE('',#5581);
#5581 = AXIS2_PLACEMENT_3D('',#5582,#5583,#5584);
#5582 = CARTESIAN_POINT('',(-1.2192E+03,-208.0249563066,253.90914181814));
#5583 = DIRECTION('',(1.,0.,0.));
#5584 = DIRECTION('',(0.,0.642787609687,0.766044443119));
#5585 = DEFINITIONAL_REPRESENTATION('',(#5586),#5590);
#5586 = LINE('',#5587,#5588);
#5587 = CARTESIAN_POINT('',(0.,0.));
#5588 = VECTOR('',#5589,1.);
#5589 = DIRECTION('',(1.,0.));
#5590 =(GEOMETRIC_REPRESENTATION_CONTEXT(2)PARAMETRIC_REPRESENTATION_CONTEXT()REPRESENTATION_CONTEXT('2D SPACE',''));
#5591 = PCURVE('',#5592,#5597);
#5592 = PLANE('',#5593);
#5593 = AXIS2_PLACEMENT_3D('',#5594,#5595,#5596);
#5594 = CARTESIAN_POINT('',(-1.2192E+03,-208.0249563066,253.90914181814));
#5595 = DIRECTION('',(0.,0.766044443119,-0.642787609687));
#5596 = DIRECTION('',(0.,0.642787609687,0.766044443119));
#5597 = DEFINITIONAL_REPRESENTATION('',(#5598),#5602);
#5598 = LINE('',#5599,#5600);
#5599 = CARTESIAN_POINT('',(0.,0.));
#5600 = VECTOR('',#5601,1.);
#5601 = DIRECTION('',(1.,0.));
#5602 =(GEOMETRIC_REPRESENTATION_CONTEXT(2)PARAMETRIC_REPRESENTATION_CONTEXT()REPRESENTATION_CONTEXT('2D SPACE',''));
#5603 = ORIENTED_EDGE('',*,*,#5604,.F.);
#5604 = EDGE_CURVE('',#5605,#5570,#5607,.T.);
#5605 = VERTEX_POINT('',#5606);
#5606 = CARTESIAN_POINT('',(-1.2192E+03,-159.0670842003,212.82860939054));
#5607 = SURFACE_CURVE('',#5608,(#5612,#5618),.PCURVE_S1.);
#5608 = LINE('',#5609,#5610);
#5609 = CARTESIAN_POINT('',(-1.2192E+03,-159.0670842003,-2.373045429091E+03));
#5610 = VECTOR('',#5611,1.);
#5611 = DIRECTION('',(0.,0.,1.));
#5612 = PCURVE('',#5580,#5613);
#5613 = DEFINITIONAL_REPRESENTATION('',(#5614),#5617);
#5614 = B_SPLINE_CURVE_WITH_KNOTS('',1,(#5615,#5616),.UNSPECIFIED.,.F.,.F.,(2,2),(2.585874038481E+03,2.685300290877E+03),.PIECEWISE_BEZIER_KNOTS.);
#5615 = CARTESIAN_POINT('',(2.273736754432E-13,-63.90996311772));
#5616 = CARTESIAN_POINT('',(76.164928148115,0.));
#5617 =(GEOMETRIC_REPRESENTATION_CONTEXT(2)PARAMETRIC_REPRESENTATION_CONTEXT()REPRESENTATION_CONTEXT('2D SPACE',''));
#5618 = PCURVE('',#5619,#5624);
#5619 = PLANE('',#5620);
#5620 = AXIS2_PLACEMENT_3D('',#5621,#5622,#5623);
#5621 = CARTESIAN_POINT('',(-5.E+03,-159.0670842003,-5.E+03));
#5622 = DIRECTION('',(0.,1.,0.));
#5623 = DIRECTION('',(0.,0.,1.));
#5624 = DEFINITIONAL_REPRESENTATION('',(#5625),#5628);
#5625 = B_SPLINE_CURVE_WITH_KNOTS('',1,(#5626,#5627),.UNSPECIFIED.,.F.,.F.,(2,2),(2.585874038481E+03,2.685300290877E+03),.PIECEWISE_BEZIER_KNOTS.);
#5626 = CARTESIAN_POINT('',(5.212828609391E+03,3.7808E+03));
#5627 = CARTESIAN_POINT('',(5.312254861787E+03,3.7808E+03));
#5628 =(GEOMETRIC_REPRESENTATION_CONTEXT(2)PARAMETRIC_REPRESENTATION_CONTEXT()REPRESENTATION_CONTEXT('2D SPACE',''));
#5629 = ORIENTED_EDGE('',*,*,#5630,.T.);
#5630 = EDGE_CURVE('',#5605,#5631,#5633,.T.);
#5631 = VERTEX_POINT('',#5632);
#5632 = CARTESIAN_POINT('',(-1.2192E+03,-134.3697831007,192.10511314678));
#5633 = SURFACE_CURVE('',#5634,(#5638,#5645),.PCURVE_S1.);
#5634 = LINE('',#5635,#5636);
#5635 = CARTESIAN_POINT('',(-1.2192E+03,-208.0249563066,253.90914181814));
#5636 = VECTOR('',#5637,1.);
#5637 = DIRECTION('',(0.,0.766044443119,-0.642787609687));
#5638 = PCURVE('',#5580,#5639);
#5639 = DEFINITIONAL_REPRESENTATION('',(#5640),#5644);
#5640 = LINE('',#5641,#5642);
#5641 = CARTESIAN_POINT('',(0.,0.));
#5642 = VECTOR('',#5643,1.);
#5643 = DIRECTION('',(0.,-1.));
#5644 =(GEOMETRIC_REPRESENTATION_CONTEXT(2)PARAMETRIC_REPRESENTATION_CONTEXT()REPRESENTATION_CONTEXT('2D SPACE',''));
#5645 = PCURVE('',#5646,#5651);
#5646 = PLANE('',#5647);
#5647 = AXIS2_PLACEMENT_3D('',#5648,#5649,#5650);
#5648 = CARTESIAN_POINT('',(-1.2192E+03,-208.0249563066,253.90914181814));
#5649 = DIRECTION('',(0.,0.642787609687,0.766044443119));
#5650 = DIRECTION('',(1.,0.,0.));
#5651 = DEFINITIONAL_REPRESENTATION('',(#5652),#5656);
#5652 = LINE('',#5653,#5654);
#5653 = CARTESIAN_POINT('',(0.,0.));
#5654 = VECTOR('',#5655,1.);
#5655 = DIRECTION('',(0.,1.));
#5656 =(GEOMETRIC_REPRESENTATION_CONTEXT(2)PARAMETRIC_REPRESENTATION_CONTEXT()REPRESENTATION_CONTEXT('2D SPACE',''));
#5657 = ORIENTED_EDGE('',*,*,#5658,.T.);
#5658 = EDGE_CURVE('',#5631,#5659,#5661,.T.);
#5659 = VERTEX_POINT('',#5660);
#5660 = CARTESIAN_POINT('',(-1.2192E+03,-5.812261163437,345.31400177058));
#5661 = SURFACE_CURVE('',#5662,(#5666,#5673),.PCURVE_S1.);
#5662 = LINE('',#5663,#5664);
#5663 = CARTESIAN_POINT('',(-1.2192E+03,-134.3697831007,192.10511314678));
#5664 = VECTOR('',#5665,1.);
#5665 = DIRECTION('',(0.,0.642787609687,0.766044443119));
#5666 = PCURVE('',#5580,#5667);
#5667 = DEFINITIONAL_REPRESENTATION('',(#5668),#5672);
#5668 = LINE('',#5669,#5670);
#5669 = CARTESIAN_POINT('',(7.105427357601E-15,-96.15));
#5670 = VECTOR('',#5671,1.);
#5671 = DIRECTION('',(1.,0.));
#5672 =(GEOMETRIC_REPRESENTATION_CONTEXT(2)PARAMETRIC_REPRESENTATION_CONTEXT()REPRESENTATION_CONTEXT('2D SPACE',''));
#5673 = PCURVE('',#5674,#5679);
#5674 = PLANE('',#5675);
#5675 = AXIS2_PLACEMENT_3D('',#5676,#5677,#5678);
#5676 = CARTESIAN_POINT('',(-1.2192E+03,-134.3697831007,192.10511314678));
#5677 = DIRECTION('',(0.,0.766044443119,-0.642787609687));
#5678 = DIRECTION('',(0.,0.642787609687,0.766044443119));
#5679 = DEFINITIONAL_REPRESENTATION('',(#5680),#5684);
#5680 = LINE('',#5681,#5682);
#5681 = CARTESIAN_POINT('',(0.,0.));
#5682 = VECTOR('',#5683,1.);
#5683 = DIRECTION('',(1.,0.));
#5684 =(GEOMETRIC_REPRESENTATION_CONTEXT(2)PARAMETRIC_REPRESENTATION_CONTEXT()REPRESENTATION_CONTEXT('2D SPACE',''));
#5685 = ORIENTED_EDGE('',*,*,#5686,.F.);
#5686 = EDGE_CURVE('',#5572,#5659,#5687,.T.);
#5687 = SURFACE_CURVE('',#5688,(#5692,#5699),.PCURVE_S1.);
#5688 = LINE('',#5689,#5690);
#5689 = CARTESIAN_POINT('',(-1.2192E+03,-79.46743436932,407.11803044194));
#5690 = VECTOR('',#5691,1.);
#5691 = DIRECTION('',(0.,0.766044443119,-0.642787609687));
#5692 = PCURVE('',#5580,#5693);
#5693 = DEFINITIONAL_REPRESENTATION('',(#5694),#5698);
#5694 = LINE('',#5695,#5696);
#5695 = CARTESIAN_POINT('',(200.,2.84217094304E-14));
#5696 = VECTOR('',#5697,1.);
#5697 = DIRECTION('',(0.,-1.));
#5698 =(GEOMETRIC_REPRESENTATION_CONTEXT(2)PARAMETRIC_REPRESENTATION_CONTEXT()REPRESENTATION_CONTEXT('2D SPACE',''));
#5699 = PCURVE('',#5700,#5705);
#5700 = PLANE('',#5701);
#5701 = AXIS2_PLACEMENT_3D('',#5702,#5703,#5704);
#5702 = CARTESIAN_POINT('',(-1.2192E+03,-79.46743436932,407.11803044194));
#5703 = DIRECTION('',(0.,0.642787609687,0.766044443119));
#5704 = DIRECTION('',(1.,0.,0.));
#5705 = DEFINITIONAL_REPRESENTATION('',(#5706),#5710);
#5706 = LINE('',#5707,#5708);
#5707 = CARTESIAN_POINT('',(0.,0.));
#5708 = VECTOR('',#5709,1.);
#5709 = DIRECTION('',(0.,1.));
#5710 =(GEOMETRIC_REPRESENTATION_CONTEXT(2)PARAMETRIC_REPRESENTATION_CONTEXT()REPRESENTATION_CONTEXT('2D SPACE',''));
#5711 = ADVANCED_FACE('',(#5712),#5592,.F.);
#5712 = FACE_BOUND('',#5713,.F.);
#5713 = EDGE_LOOP('',(#5714,#5744,#5763,#5764));
#5714 = ORIENTED_EDGE('',*,*,#5715,.F.);
#5715 = EDGE_CURVE('',#5716,#5718,#5720,.T.);
#5716 = VERTEX_POINT('',#5717);
#5717 = CARTESIAN_POINT('',(-1.1811E+03,-159.0670842003,312.25486178656));
#5718 = VERTEX_POINT('',#5719);
#5719 = CARTESIAN_POINT('',(-1.1811E+03,-79.46743436932,407.11803044194));
#5720 = SURFACE_CURVE('',#5721,(#5725,#5732),.PCURVE_S1.);
#5721 = LINE('',#5722,#5723);
#5722 = CARTESIAN_POINT('',(-1.1811E+03,-208.0249563066,253.90914181814));
#5723 = VECTOR('',#5724,1.);
#5724 = DIRECTION('',(0.,0.642787609687,0.766044443119));
#5725 = PCURVE('',#5592,#5726);
#5726 = DEFINITIONAL_REPRESENTATION('',(#5727),#5731);
#5727 = LINE('',#5728,#5729);
#5728 = CARTESIAN_POINT('',(0.,38.1));
#5729 = VECTOR('',#5730,1.);
#5730 = DIRECTION('',(1.,0.));
#5731 =(GEOMETRIC_REPRESENTATION_CONTEXT(2)PARAMETRIC_REPRESENTATION_CONTEXT()REPRESENTATION_CONTEXT('2D SPACE',''));
#5732 = PCURVE('',#5733,#5738);
#5733 = PLANE('',#5734);
#5734 = AXIS2_PLACEMENT_3D('',#5735,#5736,#5737);
#5735 = CARTESIAN_POINT('',(-1.1811E+03,-208.0249563066,253.90914181814));
#5736 = DIRECTION('',(1.,0.,0.));
#5737 = DIRECTION('',(0.,0.642787609687,0.766044443119));
#5738 = DEFINITIONAL_REPRESENTATION('',(#5739),#5743);
#5739 = LINE('',#5740,#5741);
#5740 = CARTESIAN_POINT('',(0.,0.));
#5741 = VECTOR('',#5742,1.);
#5742 = DIRECTION('',(1.,0.));
#5743 =(GEOMETRIC_REPRESENTATION_CONTEXT(2)PARAMETRIC_REPRESENTATION_CONTEXT()REPRESENTATION_CONTEXT('2D SPACE',''));
#5744 = ORIENTED_EDGE('',*,*,#5745,.F.);
#5745 = EDGE_CURVE('',#5570,#5716,#5746,.T.);
#5746 = SURFACE_CURVE('',#5747,(#5751,#5757),.PCURVE_S1.);
#5747 = LINE('',#5748,#5749);
#5748 = CARTESIAN_POINT('',(-3.1096E+03,-159.0670842003,312.25486178656));
#5749 = VECTOR('',#5750,1.);
#5750 = DIRECTION('',(1.,-0.,0.));
#5751 = PCURVE('',#5592,#5752);
#5752 = DEFINITIONAL_REPRESENTATION('',(#5753),#5756);
#5753 = B_SPLINE_CURVE_WITH_KNOTS('',1,(#5754,#5755),.UNSPECIFIED.,.F.,.F.,(2,2),(1.8904E+03,1.9285E+03),.PIECEWISE_BEZIER_KNOTS.);
#5754 = CARTESIAN_POINT('',(76.164928148116,0.));
#5755 = CARTESIAN_POINT('',(76.164928148116,38.1));
#5756 =(GEOMETRIC_REPRESENTATION_CONTEXT(2)PARAMETRIC_REPRESENTATION_CONTEXT()REPRESENTATION_CONTEXT('2D SPACE',''));
#5757 = PCURVE('',#5619,#5758);
#5758 = DEFINITIONAL_REPRESENTATION('',(#5759),#5762);
#5759 = B_SPLINE_CURVE_WITH_KNOTS('',1,(#5760,#5761),.UNSPECIFIED.,.F.,.F.,(2,2),(1.8904E+03,1.9285E+03),.PIECEWISE_BEZIER_KNOTS.);
#5760 = CARTESIAN_POINT('',(5.312254861787E+03,3.7808E+03));
#5761 = CARTESIAN_POINT('',(5.312254861787E+03,3.8189E+03));
#5762 =(GEOMETRIC_REPRESENTATION_CONTEXT(2)PARAMETRIC_REPRESENTATION_CONTEXT()REPRESENTATION_CONTEXT('2D SPACE',''));
#5763 = ORIENTED_EDGE('',*,*,#5569,.T.);
#5764 = ORIENTED_EDGE('',*,*,#5765,.T.);
#5765 = EDGE_CURVE('',#5572,#5718,#5766,.T.);
#5766 = SURFACE_CURVE('',#5767,(#5771,#5778),.PCURVE_S1.);
#5767 = LINE('',#5768,#5769);
#5768 = CARTESIAN_POINT('',(-1.2192E+03,-79.46743436932,407.11803044194));
#5769 = VECTOR('',#5770,1.);
#5770 = DIRECTION('',(1.,0.,0.));
#5771 = PCURVE('',#5592,#5772);
#5772 = DEFINITIONAL_REPRESENTATION('',(#5773),#5777);
#5773 = LINE('',#5774,#5775);
#5774 = CARTESIAN_POINT('',(200.,0.));
#5775 = VECTOR('',#5776,1.);
#5776 = DIRECTION('',(0.,1.));
#5777 =(GEOMETRIC_REPRESENTATION_CONTEXT(2)PARAMETRIC_REPRESENTATION_CONTEXT()REPRESENTATION_CONTEXT('2D SPACE',''));
#5778 = PCURVE('',#5700,#5779);
#5779 = DEFINITIONAL_REPRESENTATION('',(#5780),#5784);
#5780 = LINE('',#5781,#5782);
#5781 = CARTESIAN_POINT('',(0.,0.));
#5782 = VECTOR('',#5783,1.);
#5783 = DIRECTION('',(1.,0.));
#5784 =(GEOMETRIC_REPRESENTATION_CONTEXT(2)PARAMETRIC_REPRESENTATION_CONTEXT()REPRESENTATION_CONTEXT('2D SPACE',''));
#5785 = ADVANCED_FACE('',(#5786),#5700,.T.);
#5786 = FACE_BOUND('',#5787,.T.);
#5787 = EDGE_LOOP('',(#5788,#5789,#5790,#5813));
#5788 = ORIENTED_EDGE('',*,*,#5686,.F.);
#5789 = ORIENTED_EDGE('',*,*,#5765,.T.);
#5790 = ORIENTED_EDGE('',*,*,#5791,.T.);
#5791 = EDGE_CURVE('',#5718,#5792,#5794,.T.);
#5792 = VERTEX_POINT('',#5793);
#5793 = CARTESIAN_POINT('',(-1.1811E+03,-5.812261163437,345.31400177058));
#5794 = SURFACE_CURVE('',#5795,(#5799,#5806),.PCURVE_S1.);
#5795 = LINE('',#5796,#5797);
#5796 = CARTESIAN_POINT('',(-1.1811E+03,-79.46743436932,407.11803044194));
#5797 = VECTOR('',#5798,1.);
#5798 = DIRECTION('',(0.,0.766044443119,-0.642787609687));
#5799 = PCURVE('',#5700,#5800);
#5800 = DEFINITIONAL_REPRESENTATION('',(#5801),#5805);
#5801 = LINE('',#5802,#5803);
#5802 = CARTESIAN_POINT('',(38.1,0.));
#5803 = VECTOR('',#5804,1.);
#5804 = DIRECTION('',(0.,1.));
#5805 =(GEOMETRIC_REPRESENTATION_CONTEXT(2)PARAMETRIC_REPRESENTATION_CONTEXT()REPRESENTATION_CONTEXT('2D SPACE',''));
#5806 = PCURVE('',#5733,#5807);
#5807 = DEFINITIONAL_REPRESENTATION('',(#5808),#5812);
#5808 = LINE('',#5809,#5810);
#5809 = CARTESIAN_POINT('',(200.,2.84217094304E-14));
#5810 = VECTOR('',#5811,1.);
#5811 = DIRECTION('',(0.,-1.));
#5812 =(GEOMETRIC_REPRESENTATION_CONTEXT(2)PARAMETRIC_REPRESENTATION_CONTEXT()REPRESENTATION_CONTEXT('2D SPACE',''));
#5813 = ORIENTED_EDGE('',*,*,#5814,.F.);
#5814 = EDGE_CURVE('',#5659,#5792,#5815,.T.);
#5815 = SURFACE_CURVE('',#5816,(#5820,#5827),.PCURVE_S1.);
#5816 = LINE('',#5817,#5818);
#5817 = CARTESIAN_POINT('',(-1.2192E+03,-5.812261163437,345.31400177058));
#5818 = VECTOR('',#5819,1.);
#5819 = DIRECTION('',(1.,0.,0.));
#5820 = PCURVE('',#5700,#5821);
#5821 = DEFINITIONAL_REPRESENTATION('',(#5822),#5826);
#5822 = LINE('',#5823,#5824);
#5823 = CARTESIAN_POINT('',(0.,96.15));
#5824 = VECTOR('',#5825,1.);
#5825 = DIRECTION('',(1.,0.));
#5826 =(GEOMETRIC_REPRESENTATION_CONTEXT(2)PARAMETRIC_REPRESENTATION_CONTEXT()REPRESENTATION_CONTEXT('2D SPACE',''));
#5827 = PCURVE('',#5674,#5828);
#5828 = DEFINITIONAL_REPRESENTATION('',(#5829),#5833);
#5829 = LINE('',#5830,#5831);
#5830 = CARTESIAN_POINT('',(200.,0.));
#5831 = VECTOR('',#5832,1.);
#5832 = DIRECTION('',(0.,1.));
#5833 =(GEOMETRIC_REPRESENTATION_CONTEXT(2)PARAMETRIC_REPRESENTATION_CONTEXT()REPRESENTATION_CONTEXT('2D SPACE',''));
#5834 = ADVANCED_FACE('',(#5835),#5674,.T.);
#5835 = FACE_BOUND('',#5836,.T.);
#5836 = EDGE_LOOP('',(#5837,#5860,#5861,#5862));
#5837 = ORIENTED_EDGE('',*,*,#5838,.F.);
#5838 = EDGE_CURVE('',#5631,#5839,#5841,.T.);
#5839 = VERTEX_POINT('',#5840);
#5840 = CARTESIAN_POINT('',(-1.1811E+03,-134.3697831007,192.10511314678));
#5841 = SURFACE_CURVE('',#5842,(#5846,#5853),.PCURVE_S1.);
#5842 = LINE('',#5843,#5844);
#5843 = CARTESIAN_POINT('',(-1.2192E+03,-134.3697831007,192.10511314678));
#5844 = VECTOR('',#5845,1.);
#5845 = DIRECTION('',(1.,0.,0.));
#5846 = PCURVE('',#5674,#5847);
#5847 = DEFINITIONAL_REPRESENTATION('',(#5848),#5852);
#5848 = LINE('',#5849,#5850);
#5849 = CARTESIAN_POINT('',(0.,0.));
#5850 = VECTOR('',#5851,1.);
#5851 = DIRECTION('',(0.,1.));
#5852 =(GEOMETRIC_REPRESENTATION_CONTEXT(2)PARAMETRIC_REPRESENTATION_CONTEXT()REPRESENTATION_CONTEXT('2D SPACE',''));
#5853 = PCURVE('',#5646,#5854);
#5854 = DEFINITIONAL_REPRESENTATION('',(#5855),#5859);
#5855 = LINE('',#5856,#5857);
#5856 = CARTESIAN_POINT('',(0.,96.15));
#5857 = VECTOR('',#5858,1.);
#5858 = DIRECTION('',(1.,0.));
#5859 =(GEOMETRIC_REPRESENTATION_CONTEXT(2)PARAMETRIC_REPRESENTATION_CONTEXT()REPRESENTATION_CONTEXT('2D SPACE',''));
#5860 = ORIENTED_EDGE('',*,*,#5658,.T.);
#5861 = ORIENTED_EDGE('',*,*,#5814,.T.);
#5862 = ORIENTED_EDGE('',*,*,#5863,.F.);
#5863 = EDGE_CURVE('',#5839,#5792,#5864,.T.);
#5864 = SURFACE_CURVE('',#5865,(#5869,#5876),.PCURVE_S1.);
#5865 = LINE('',#5866,#5867);
#5866 = CARTESIAN_POINT('',(-1.1811E+03,-134.3697831007,192.10511314678));
#5867 = VECTOR('',#5868,1.);
#5868 = DIRECTION('',(0.,0.642787609687,0.766044443119));
#5869 = PCURVE('',#5674,#5870);
#5870 = DEFINITIONAL_REPRESENTATION('',(#5871),#5875);
#5871 = LINE('',#5872,#5873);
#5872 = CARTESIAN_POINT('',(0.,38.1));
#5873 = VECTOR('',#5874,1.);
#5874 = DIRECTION('',(1.,0.));
#5875 =(GEOMETRIC_REPRESENTATION_CONTEXT(2)PARAMETRIC_REPRESENTATION_CONTEXT()REPRESENTATION_CONTEXT('2D SPACE',''));
#5876 = PCURVE('',#5733,#5877);
#5877 = DEFINITIONAL_REPRESENTATION('',(#5878),#5882);
#5878 = LINE('',#5879,#5880);
#5879 = CARTESIAN_POINT('',(7.105427357601E-15,-96.15));
#5880 = VECTOR('',#5881,1.);
#5881 = DIRECTION('',(1.,0.));
#5882 =(GEOMETRIC_REPRESENTATION_CONTEXT(2)PARAMETRIC_REPRESENTATION_CONTEXT()REPRESENTATION_CONTEXT('2D SPACE',''));
#5883 = ADVANCED_FACE('',(#5884),#5646,.F.);
#5884 = FACE_BOUND('',#5885,.F.);
#5885 = EDGE_LOOP('',(#5886,#5887,#5908,#5929));
#5886 = ORIENTED_EDGE('',*,*,#5630,.F.);
#5887 = ORIENTED_EDGE('',*,*,#5888,.F.);
#5888 = EDGE_CURVE('',#5889,#5605,#5891,.T.);
#5889 = VERTEX_POINT('',#5890);
#5890 = CARTESIAN_POINT('',(-1.1811E+03,-159.0670842003,212.82860939054));
#5891 = SURFACE_CURVE('',#5892,(#5896,#5902),.PCURVE_S1.);
#5892 = LINE('',#5893,#5894);
#5893 = CARTESIAN_POINT('',(-3.1096E+03,-159.0670842003,212.82860939054));
#5894 = VECTOR('',#5895,1.);
#5895 = DIRECTION('',(-1.,0.,0.));
#5896 = PCURVE('',#5646,#5897);
#5897 = DEFINITIONAL_REPRESENTATION('',(#5898),#5901);
#5898 = B_SPLINE_CURVE_WITH_KNOTS('',1,(#5899,#5900),.UNSPECIFIED.,.F.,.F.,(2,2),(-1.9285E+03,-1.8904E+03),.PIECEWISE_BEZIER_KNOTS.);
#5899 = CARTESIAN_POINT('',(38.1,63.909963117727));
#5900 = CARTESIAN_POINT('',(0.,63.909963117727));
#5901 =(GEOMETRIC_REPRESENTATION_CONTEXT(2)PARAMETRIC_REPRESENTATION_CONTEXT()REPRESENTATION_CONTEXT('2D SPACE',''));
#5902 = PCURVE('',#5619,#5903);
#5903 = DEFINITIONAL_REPRESENTATION('',(#5904),#5907);
#5904 = B_SPLINE_CURVE_WITH_KNOTS('',1,(#5905,#5906),.UNSPECIFIED.,.F.,.F.,(2,2),(-1.9285E+03,-1.8904E+03),.PIECEWISE_BEZIER_KNOTS.);
#5905 = CARTESIAN_POINT('',(5.212828609391E+03,3.8189E+03));
#5906 = CARTESIAN_POINT('',(5.212828609391E+03,3.7808E+03));
#5907 =(GEOMETRIC_REPRESENTATION_CONTEXT(2)PARAMETRIC_REPRESENTATION_CONTEXT()REPRESENTATION_CONTEXT('2D SPACE',''));
#5908 = ORIENTED_EDGE('',*,*,#5909,.T.);
#5909 = EDGE_CURVE('',#5889,#5839,#5910,.T.);
#5910 = SURFACE_CURVE('',#5911,(#5915,#5922),.PCURVE_S1.);
#5911 = LINE('',#5912,#5913);
#5912 = CARTESIAN_POINT('',(-1.1811E+03,-208.0249563066,253.90914181814));
#5913 = VECTOR('',#5914,1.);
#5914 = DIRECTION('',(0.,0.766044443119,-0.642787609687));
#5915 = PCURVE('',#5646,#5916);
#5916 = DEFINITIONAL_REPRESENTATION('',(#5917),#5921);
#5917 = LINE('',#5918,#5919);
#5918 = CARTESIAN_POINT('',(38.1,0.));
#5919 = VECTOR('',#5920,1.);
#5920 = DIRECTION('',(0.,1.));
#5921 =(GEOMETRIC_REPRESENTATION_CONTEXT(2)PARAMETRIC_REPRESENTATION_CONTEXT()REPRESENTATION_CONTEXT('2D SPACE',''));
#5922 = PCURVE('',#5733,#5923);
#5923 = DEFINITIONAL_REPRESENTATION('',(#5924),#5928);
#5924 = LINE('',#5925,#5926);
#5925 = CARTESIAN_POINT('',(0.,0.));
#5926 = VECTOR('',#5927,1.);
#5927 = DIRECTION('',(0.,-1.));
#5928 =(GEOMETRIC_REPRESENTATION_CONTEXT(2)PARAMETRIC_REPRESENTATION_CONTEXT()REPRESENTATION_CONTEXT('2D SPACE',''));
#5929 = ORIENTED_EDGE('',*,*,#5838,.F.);
#5930 = ADVANCED_FACE('',(#5931),#5619,.F.);
#5931 = FACE_BOUND('',#5932,.F.);
#5932 = EDGE_LOOP('',(#5933,#5934,#5935,#5936));
#5933 = ORIENTED_EDGE('',*,*,#5888,.T.);
#5934 = ORIENTED_EDGE('',*,*,#5604,.T.);
#5935 = ORIENTED_EDGE('',*,*,#5745,.T.);
#5936 = ORIENTED_EDGE('',*,*,#5937,.F.);
#5937 = EDGE_CURVE('',#5889,#5716,#5938,.T.);
#5938 = SURFACE_CURVE('',#5939,(#5943,#5949),.PCURVE_S1.);
#5939 = LINE('',#5940,#5941);
#5940 = CARTESIAN_POINT('',(-1.1811E+03,-159.0670842003,-2.373045429091E+03));
#5941 = VECTOR('',#5942,1.);
#5942 = DIRECTION('',(0.,0.,1.));
#5943 = PCURVE('',#5619,#5944);
#5944 = DEFINITIONAL_REPRESENTATION('',(#5945),#5948);
#5945 = B_SPLINE_CURVE_WITH_KNOTS('',1,(#5946,#5947),.UNSPECIFIED.,.F.,.F.,(2,2),(2.585874038481E+03,2.685300290877E+03),.PIECEWISE_BEZIER_KNOTS.);
#5946 = CARTESIAN_POINT('',(5.212828609391E+03,3.8189E+03));
#5947 = CARTESIAN_POINT('',(5.312254861787E+03,3.8189E+03));
#5948 =(GEOMETRIC_REPRESENTATION_CONTEXT(2)PARAMETRIC_REPRESENTATION_CONTEXT()REPRESENTATION_CONTEXT('2D SPACE',''));
#5949 = PCURVE('',#5733,#5950);
#5950 = DEFINITIONAL_REPRESENTATION('',(#5951),#5954);
#5951 = B_SPLINE_CURVE_WITH_KNOTS('',1,(#5952,#5953),.UNSPECIFIED.,.F.,.F.,(2,2),(2.585874038481E+03,2.685300290877E+03),.PIECEWISE_BEZIER_KNOTS.);
#5952 = CARTESIAN_POINT('',(2.273736754432E-13,-63.90996311772));
#5953 = CARTESIAN_POINT('',(76.164928148115,0.));
#5954 =(GEOMETRIC_REPRESENTATION_CONTEXT(2)PARAMETRIC_REPRESENTATION_CONTEXT()REPRESENTATION_CONTEXT('2D SPACE',''));
#5955 = ADVANCED_FACE('',(#5956),#5733,.T.);
#5956 = FACE_BOUND('',#5957,.T.);
#5957 = EDGE_LOOP('',(#5958,#5959,#5960,#5961,#5962));
#5958 = ORIENTED_EDGE('',*,*,#5715,.F.);
#5959 = ORIENTED_EDGE('',*,*,#5937,.F.);
#5960 = ORIENTED_EDGE('',*,*,#5909,.T.);
#5961 = ORIENTED_EDGE('',*,*,#5863,.T.);
#5962 = ORIENTED_EDGE('',*,*,#5791,.F.);
#5963 =(GEOMETRIC_REPRESENTATION_CONTEXT(3)GLOBAL_UNCERTAINTY_ASSIGNED_CONTEXT((#5967))GLOBAL_UNIT_ASSIGNED_CONTEXT((#5964,#5965,#5966))REPRESENTATION_CONTEXT('Context #1','3D Context with UNIT and UNCERTAINTY'));
#5964 =(LENGTH_UNIT()NAMED_UNIT(*)SI_UNIT(.MILLI.,.METRE.));
#5965 =(NAMED_UNIT(*)PLANE_ANGLE_UNIT()SI_UNIT($,.RADIAN.));
#5966 =(NAMED_UNIT(*)SI_UNIT($,.STERADIAN.)SOLID_ANGLE_UNIT());
#5967 = UNCERTAINTY_MEASURE_WITH_UNIT(LENGTH_MEASURE(1.E-07),#5964,'distance_accuracy_value','confusion accuracy');
#5968 = CONTEXT_DEPENDENT_SHAPE_REPRESENTATION(#5969,#5971);
#5969 =(REPRESENTATION_RELATIONSHIP('','',#5562,#10)REPRESENTATION_RELATIONSHIP_WITH_TRANSFORMATION(#5970)SHAPE_REPRESENTATION_RELATIONSHIP());
#5970 = ITEM_DEFINED_TRANSFORMATION('','',#11,#71);
#5971 = PRODUCT_DEFINITION_SHAPE('Placement','Placement of an item',#5972);
#5972 = NEXT_ASSEMBLY_USAGE_OCCURRENCE('15','cheek_splice_left','',#5,#5557,$);
#5973 = PRODUCT_RELATED_PRODUCT_CATEGORY('part',$,(#5559));
#5974 = SHAPE_DEFINITION_REPRESENTATION(#5975,#5981);
#5975 = PRODUCT_DEFINITION_SHAPE('','',#5976);
#5976 = PRODUCT_DEFINITION('design','',#5977,#5980);
#5977 = PRODUCT_DEFINITION_FORMATION('','',#5978);
#5978 = PRODUCT('kicker_cheek_right','kicker_cheek_right','',(#5979));
#5979 = PRODUCT_CONTEXT('',#2,'mechanical');
#5980 = PRODUCT_DEFINITION_CONTEXT('part definition',#2,'design');
#5981 = ADVANCED_BREP_SHAPE_REPRESENTATION('',(#11,#5982),#6312);
#5982 = MANIFOLD_SOLID_BREP('',#5983);
#5983 = CLOSED_SHELL('',(#5984,#6104,#6180,#6251,#6298,#6305));
#5984 = ADVANCED_FACE('',(#5985),#5999,.F.);
#5985 = FACE_BOUND('',#5986,.F.);
#5986 = EDGE_LOOP('',(#5987,#6022,#6050,#6078));
#5987 = ORIENTED_EDGE('',*,*,#5988,.T.);
#5988 = EDGE_CURVE('',#5989,#5991,#5993,.T.);
#5989 = VERTEX_POINT('',#5990);
#5990 = CARTESIAN_POINT('',(1.2192E+03,-18.,0.));
#5991 = VERTEX_POINT('',#5992);
#5992 = CARTESIAN_POINT('',(1.2573E+03,-18.,0.));
#5993 = SURFACE_CURVE('',#5994,(#5998,#6010),.PCURVE_S1.);
#5994 = LINE('',#5995,#5996);
#5995 = CARTESIAN_POINT('',(1.2192E+03,-18.,0.));
#5996 = VECTOR('',#5997,1.);
#5997 = DIRECTION('',(1.,0.,0.));
#5998 = PCURVE('',#5999,#6004);
#5999 = PLANE('',#6000);
#6000 = AXIS2_PLACEMENT_3D('',#6001,#6002,#6003);
#6001 = CARTESIAN_POINT('',(1.2192E+03,-18.,0.));
#6002 = DIRECTION('',(0.,-1.,0.));
#6003 = DIRECTION('',(0.,0.,1.));
#6004 = DEFINITIONAL_REPRESENTATION('',(#6005),#6009);
#6005 = LINE('',#6006,#6007);
#6006 = CARTESIAN_POINT('',(0.,0.));
#6007 = VECTOR('',#6008,1.);
#6008 = DIRECTION('',(0.,-1.));
#6009 =(GEOMETRIC_REPRESENTATION_CONTEXT(2)PARAMETRIC_REPRESENTATION_CONTEXT()REPRESENTATION_CONTEXT('2D SPACE',''));
#6010 = PCURVE('',#6011,#6016);
#6011 = PLANE('',#6012);
#6012 = AXIS2_PLACEMENT_3D('',#6013,#6014,#6015);
#6013 = CARTESIAN_POINT('',(1.2192E+03,-159.0670842003,0.));
#6014 = DIRECTION('',(0.,0.,1.));
#6015 = DIRECTION('',(0.,1.,0.));
#6016 = DEFINITIONAL_REPRESENTATION('',(#6017),#6021);
#6017 = LINE('',#6018,#6019);
#6018 = CARTESIAN_POINT('',(141.06708420036,0.));
#6019 = VECTOR('',#6020,1.);
#6020 = DIRECTION('',(0.,-1.));
#6021 =(GEOMETRIC_REPRESENTATION_CONTEXT(2)PARAMETRIC_REPRESENTATION_CONTEXT()REPRESENTATION_CONTEXT('2D SPACE',''));
#6022 = ORIENTED_EDGE('',*,*,#6023,.T.);
#6023 = EDGE_CURVE('',#5991,#6024,#6026,.T.);
#6024 = VERTEX_POINT('',#6025);
#6025 = CARTESIAN_POINT('',(1.2573E+03,-18.,225.));
#6026 = SURFACE_CURVE('',#6027,(#6031,#6038),.PCURVE_S1.);
#6027 = LINE('',#6028,#6029);
#6028 = CARTESIAN_POINT('',(1.2573E+03,-18.,0.));
#6029 = VECTOR('',#6030,1.);
#6030 = DIRECTION('',(0.,0.,1.));
#6031 = PCURVE('',#5999,#6032);
#6032 = DEFINITIONAL_REPRESENTATION('',(#6033),#6037);
#6033 = LINE('',#6034,#6035);
#6034 = CARTESIAN_POINT('',(0.,-38.1));
#6035 = VECTOR('',#6036,1.);
#6036 = DIRECTION('',(1.,0.));
#6037 =(GEOMETRIC_REPRESENTATION_CONTEXT(2)PARAMETRIC_REPRESENTATION_CONTEXT()REPRESENTATION_CONTEXT('2D SPACE',''));
#6038 = PCURVE('',#6039,#6044);
#6039 = PLANE('',#6040);
#6040 = AXIS2_PLACEMENT_3D('',#6041,#6042,#6043);
#6041 = CARTESIAN_POINT('',(1.2573E+03,-97.87680034312,152.86306353085));
#6042 = DIRECTION('',(1.,0.,0.));
#6043 = DIRECTION('',(-0.,0.,1.));
#6044 = DEFINITIONAL_REPRESENTATION('',(#6045),#6049);
#6045 = LINE('',#6046,#6047);
#6046 = CARTESIAN_POINT('',(-152.8630635308,-79.87680034312));
#6047 = VECTOR('',#6048,1.);
#6048 = DIRECTION('',(1.,0.));
#6049 =(GEOMETRIC_REPRESENTATION_CONTEXT(2)PARAMETRIC_REPRESENTATION_CONTEXT()REPRESENTATION_CONTEXT('2D SPACE',''));
#6050 = ORIENTED_EDGE('',*,*,#6051,.F.);
#6051 = EDGE_CURVE('',#6052,#6024,#6054,.T.);
#6052 = VERTEX_POINT('',#6053);
#6053 = CARTESIAN_POINT('',(1.2192E+03,-18.,225.));
#6054 = SURFACE_CURVE('',#6055,(#6059,#6066),.PCURVE_S1.);
#6055 = LINE('',#6056,#6057);
#6056 = CARTESIAN_POINT('',(1.2192E+03,-18.,225.));
#6057 = VECTOR('',#6058,1.);
#6058 = DIRECTION('',(1.,0.,0.));
#6059 = PCURVE('',#5999,#6060);
#6060 = DEFINITIONAL_REPRESENTATION('',(#6061),#6065);
#6061 = LINE('',#6062,#6063);
#6062 = CARTESIAN_POINT('',(225.,0.));
#6063 = VECTOR('',#6064,1.);
#6064 = DIRECTION('',(0.,-1.));
#6065 =(GEOMETRIC_REPRESENTATION_CONTEXT(2)PARAMETRIC_REPRESENTATION_CONTEXT()REPRESENTATION_CONTEXT('2D SPACE',''));
#6066 = PCURVE('',#6067,#6072);
#6067 = PLANE('',#6068);
#6068 = AXIS2_PLACEMENT_3D('',#6069,#6070,#6071);
#6069 = CARTESIAN_POINT('',(1.2192E+03,-18.,225.));
#6070 = DIRECTION('',(0.,-0.642787609687,-0.766044443119));
#6071 = DIRECTION('',(0.,-0.766044443119,0.642787609687));
#6072 = DEFINITIONAL_REPRESENTATION('',(#6073),#6077);
#6073 = LINE('',#6074,#6075);
#6074 = CARTESIAN_POINT('',(0.,0.));
#6075 = VECTOR('',#6076,1.);
#6076 = DIRECTION('',(0.,-1.));
#6077 =(GEOMETRIC_REPRESENTATION_CONTEXT(2)PARAMETRIC_REPRESENTATION_CONTEXT()REPRESENTATION_CONTEXT('2D SPACE',''));
#6078 = ORIENTED_EDGE('',*,*,#6079,.F.);
#6079 = EDGE_CURVE('',#5989,#6052,#6080,.T.);
#6080 = SURFACE_CURVE('',#6081,(#6085,#6092),.PCURVE_S1.);
#6081 = LINE('',#6082,#6083);
#6082 = CARTESIAN_POINT('',(1.2192E+03,-18.,0.));
#6083 = VECTOR('',#6084,1.);
#6084 = DIRECTION('',(0.,0.,1.));
#6085 = PCURVE('',#5999,#6086);
#6086 = DEFINITIONAL_REPRESENTATION('',(#6087),#6091);
#6087 = LINE('',#6088,#6089);
#6088 = CARTESIAN_POINT('',(0.,0.));
#6089 = VECTOR('',#6090,1.);
#6090 = DIRECTION('',(1.,0.));
#6091 =(GEOMETRIC_REPRESENTATION_CONTEXT(2)PARAMETRIC_REPRESENTATION_CONTEXT()REPRESENTATION_CONTEXT('2D SPACE',''));
#6092 = PCURVE('',#6093,#6098);
#6093 = PLANE('',#6094);
#6094 = AXIS2_PLACEMENT_3D('',#6095,#6096,#6097);
#6095 = CARTESIAN_POINT('',(1.2192E+03,-97.87680034312,152.86306353085));
#6096 = DIRECTION('',(1.,0.,0.));
#6097 = DIRECTION('',(-0.,0.,1.));
#6098 = DEFINITIONAL_REPRESENTATION('',(#6099),#6103);
#6099 = LINE('',#6100,#6101);
#6100 = CARTESIAN_POINT('',(-152.8630635308,-79.87680034312));
#6101 = VECTOR('',#6102,1.);
#6102 = DIRECTION('',(1.,0.));
#6103 =(GEOMETRIC_REPRESENTATION_CONTEXT(2)PARAMETRIC_REPRESENTATION_CONTEXT()REPRESENTATION_CONTEXT('2D SPACE',''));
#6104 = ADVANCED_FACE('',(#6105),#6067,.F.);
#6105 = FACE_BOUND('',#6106,.F.);
#6106 = EDGE_LOOP('',(#6107,#6108,#6131,#6159));
#6107 = ORIENTED_EDGE('',*,*,#6051,.T.);
#6108 = ORIENTED_EDGE('',*,*,#6109,.T.);
#6109 = EDGE_CURVE('',#6024,#6110,#6112,.T.);
#6110 = VERTEX_POINT('',#6111);
#6111 = CARTESIAN_POINT('',(1.2573E+03,-159.0670842003,343.36933832377));
#6112 = SURFACE_CURVE('',#6113,(#6117,#6124),.PCURVE_S1.);
#6113 = LINE('',#6114,#6115);
#6114 = CARTESIAN_POINT('',(1.2573E+03,-18.,225.));
#6115 = VECTOR('',#6116,1.);
#6116 = DIRECTION('',(0.,-0.766044443119,0.642787609687));
#6117 = PCURVE('',#6067,#6118);
#6118 = DEFINITIONAL_REPRESENTATION('',(#6119),#6123);
#6119 = LINE('',#6120,#6121);
#6120 = CARTESIAN_POINT('',(0.,-38.1));
#6121 = VECTOR('',#6122,1.);
#6122 = DIRECTION('',(1.,0.));
#6123 =(GEOMETRIC_REPRESENTATION_CONTEXT(2)PARAMETRIC_REPRESENTATION_CONTEXT()REPRESENTATION_CONTEXT('2D SPACE',''));
#6124 = PCURVE('',#6039,#6125);
#6125 = DEFINITIONAL_REPRESENTATION('',(#6126),#6130);
#6126 = LINE('',#6127,#6128);
#6127 = CARTESIAN_POINT('',(72.136936469146,-79.87680034312));
#6128 = VECTOR('',#6129,1.);
#6129 = DIRECTION('',(0.642787609687,0.766044443119));
#6130 =(GEOMETRIC_REPRESENTATION_CONTEXT(2)PARAMETRIC_REPRESENTATION_CONTEXT()REPRESENTATION_CONTEXT('2D SPACE',''));
#6131 = ORIENTED_EDGE('',*,*,#6132,.F.);
#6132 = EDGE_CURVE('',#6133,#6110,#6135,.T.);
#6133 = VERTEX_POINT('',#6134);
#6134 = CARTESIAN_POINT('',(1.2192E+03,-159.0670842003,343.36933832377));
#6135 = SURFACE_CURVE('',#6136,(#6140,#6147),.PCURVE_S1.);
#6136 = LINE('',#6137,#6138);
#6137 = CARTESIAN_POINT('',(1.2192E+03,-159.0670842003,343.36933832377));
#6138 = VECTOR('',#6139,1.);
#6139 = DIRECTION('',(1.,0.,0.));
#6140 = PCURVE('',#6067,#6141);
#6141 = DEFINITIONAL_REPRESENTATION('',(#6142),#6146);
#6142 = LINE('',#6143,#6144);
#6143 = CARTESIAN_POINT('',(184.15,0.));
#6144 = VECTOR('',#6145,1.);
#6145 = DIRECTION('',(0.,-1.));
#6146 =(GEOMETRIC_REPRESENTATION_CONTEXT(2)PARAMETRIC_REPRESENTATION_CONTEXT()REPRESENTATION_CONTEXT('2D SPACE',''));
#6147 = PCURVE('',#6148,#6153);
#6148 = PLANE('',#6149);
#6149 = AXIS2_PLACEMENT_3D('',#6150,#6151,#6152);
#6150 = CARTESIAN_POINT('',(1.2192E+03,-159.0670842003,343.36933832377));
#6151 = DIRECTION('',(-0.,1.,0.));
#6152 = DIRECTION('',(0.,0.,-1.));
#6153 = DEFINITIONAL_REPRESENTATION('',(#6154),#6158);
#6154 = LINE('',#6155,#6156);
#6155 = CARTESIAN_POINT('',(0.,0.));
#6156 = VECTOR('',#6157,1.);
#6157 = DIRECTION('',(0.,-1.));
#6158 =(GEOMETRIC_REPRESENTATION_CONTEXT(2)PARAMETRIC_REPRESENTATION_CONTEXT()REPRESENTATION_CONTEXT('2D SPACE',''));
#6159 = ORIENTED_EDGE('',*,*,#6160,.F.);
#6160 = EDGE_CURVE('',#6052,#6133,#6161,.T.);
#6161 = SURFACE_CURVE('',#6162,(#6166,#6173),.PCURVE_S1.);
#6162 = LINE('',#6163,#6164);
#6163 = CARTESIAN_POINT('',(1.2192E+03,-18.,225.));
#6164 = VECTOR('',#6165,1.);
#6165 = DIRECTION('',(0.,-0.766044443119,0.642787609687));
#6166 = PCURVE('',#6067,#6167);
#6167 = DEFINITIONAL_REPRESENTATION('',(#6168),#6172);
#6168 = LINE('',#6169,#6170);
#6169 = CARTESIAN_POINT('',(0.,0.));
#6170 = VECTOR('',#6171,1.);
#6171 = DIRECTION('',(1.,0.));
#6172 =(GEOMETRIC_REPRESENTATION_CONTEXT(2)PARAMETRIC_REPRESENTATION_CONTEXT()REPRESENTATION_CONTEXT('2D SPACE',''));
#6173 = PCURVE('',#6093,#6174);
#6174 = DEFINITIONAL_REPRESENTATION('',(#6175),#6179);
#6175 = LINE('',#6176,#6177);
#6176 = CARTESIAN_POINT('',(72.136936469146,-79.87680034312));
#6177 = VECTOR('',#6178,1.);
#6178 = DIRECTION('',(0.642787609687,0.766044443119));
#6179 =(GEOMETRIC_REPRESENTATION_CONTEXT(2)PARAMETRIC_REPRESENTATION_CONTEXT()REPRESENTATION_CONTEXT('2D SPACE',''));
#6180 = ADVANCED_FACE('',(#6181),#6148,.F.);
#6181 = FACE_BOUND('',#6182,.F.);
#6182 = EDGE_LOOP('',(#6183,#6184,#6207,#6230));
#6183 = ORIENTED_EDGE('',*,*,#6132,.T.);
#6184 = ORIENTED_EDGE('',*,*,#6185,.T.);
#6185 = EDGE_CURVE('',#6110,#6186,#6188,.T.);
#6186 = VERTEX_POINT('',#6187);
#6187 = CARTESIAN_POINT('',(1.2573E+03,-159.0670842003,0.));
#6188 = SURFACE_CURVE('',#6189,(#6193,#6200),.PCURVE_S1.);
#6189 = LINE('',#6190,#6191);
#6190 = CARTESIAN_POINT('',(1.2573E+03,-159.0670842003,343.36933832377));
#6191 = VECTOR('',#6192,1.);
#6192 = DIRECTION('',(0.,0.,-1.));
#6193 = PCURVE('',#6148,#6194);
#6194 = DEFINITIONAL_REPRESENTATION('',(#6195),#6199);
#6195 = LINE('',#6196,#6197);
#6196 = CARTESIAN_POINT('',(0.,-38.1));
#6197 = VECTOR('',#6198,1.);
#6198 = DIRECTION('',(1.,0.));
#6199 =(GEOMETRIC_REPRESENTATION_CONTEXT(2)PARAMETRIC_REPRESENTATION_CONTEXT()REPRESENTATION_CONTEXT('2D SPACE',''));
#6200 = PCURVE('',#6039,#6201);
#6201 = DEFINITIONAL_REPRESENTATION('',(#6202),#6206);
#6202 = LINE('',#6203,#6204);
#6203 = CARTESIAN_POINT('',(190.50627479292,61.190283857237));
#6204 = VECTOR('',#6205,1.);
#6205 = DIRECTION('',(-1.,0.));
#6206 =(GEOMETRIC_REPRESENTATION_CONTEXT(2)PARAMETRIC_REPRESENTATION_CONTEXT()REPRESENTATION_CONTEXT('2D SPACE',''));
#6207 = ORIENTED_EDGE('',*,*,#6208,.F.);
#6208 = EDGE_CURVE('',#6209,#6186,#6211,.T.);
#6209 = VERTEX_POINT('',#6210);
#6210 = CARTESIAN_POINT('',(1.2192E+03,-159.0670842003,0.));
#6211 = SURFACE_CURVE('',#6212,(#6216,#6223),.PCURVE_S1.);
#6212 = LINE('',#6213,#6214);
#6213 = CARTESIAN_POINT('',(1.2192E+03,-159.0670842003,0.));
#6214 = VECTOR('',#6215,1.);
#6215 = DIRECTION('',(1.,0.,0.));
#6216 = PCURVE('',#6148,#6217);
#6217 = DEFINITIONAL_REPRESENTATION('',(#6218),#6222);
#6218 = LINE('',#6219,#6220);
#6219 = CARTESIAN_POINT('',(343.36933832377,0.));
#6220 = VECTOR('',#6221,1.);
#6221 = DIRECTION('',(0.,-1.));
#6222 =(GEOMETRIC_REPRESENTATION_CONTEXT(2)PARAMETRIC_REPRESENTATION_CONTEXT()REPRESENTATION_CONTEXT('2D SPACE',''));
#6223 = PCURVE('',#6011,#6224);
#6224 = DEFINITIONAL_REPRESENTATION('',(#6225),#6229);
#6225 = LINE('',#6226,#6227);
#6226 = CARTESIAN_POINT('',(0.,0.));
#6227 = VECTOR('',#6228,1.);
#6228 = DIRECTION('',(0.,-1.));
#6229 =(GEOMETRIC_REPRESENTATION_CONTEXT(2)PARAMETRIC_REPRESENTATION_CONTEXT()REPRESENTATION_CONTEXT('2D SPACE',''));
#6230 = ORIENTED_EDGE('',*,*,#6231,.F.);
#6231 = EDGE_CURVE('',#6133,#6209,#6232,.T.);
#6232 = SURFACE_CURVE('',#6233,(#6237,#6244),.PCURVE_S1.);
#6233 = LINE('',#6234,#6235);
#6234 = CARTESIAN_POINT('',(1.2192E+03,-159.0670842003,343.36933832377));
#6235 = VECTOR('',#6236,1.);
#6236 = DIRECTION('',(0.,0.,-1.));
#6237 = PCURVE('',#6148,#6238);
#6238 = DEFINITIONAL_REPRESENTATION('',(#6239),#6243);
#6239 = LINE('',#6240,#6241);
#6240 = CARTESIAN_POINT('',(0.,0.));
#6241 = VECTOR('',#6242,1.);
#6242 = DIRECTION('',(1.,0.));
#6243 =(GEOMETRIC_REPRESENTATION_CONTEXT(2)PARAMETRIC_REPRESENTATION_CONTEXT()REPRESENTATION_CONTEXT('2D SPACE',''));
#6244 = PCURVE('',#6093,#6245);
#6245 = DEFINITIONAL_REPRESENTATION('',(#6246),#6250);
#6246 = LINE('',#6247,#6248);
#6247 = CARTESIAN_POINT('',(190.50627479292,61.190283857237));
#6248 = VECTOR('',#6249,1.);
#6249 = DIRECTION('',(-1.,0.));
#6250 =(GEOMETRIC_REPRESENTATION_CONTEXT(2)PARAMETRIC_REPRESENTATION_CONTEXT()REPRESENTATION_CONTEXT('2D SPACE',''));
#6251 = ADVANCED_FACE('',(#6252),#6011,.F.);
#6252 = FACE_BOUND('',#6253,.F.);
#6253 = EDGE_LOOP('',(#6254,#6255,#6276,#6277));
#6254 = ORIENTED_EDGE('',*,*,#6208,.T.);
#6255 = ORIENTED_EDGE('',*,*,#6256,.T.);
#6256 = EDGE_CURVE('',#6186,#5991,#6257,.T.);
#6257 = SURFACE_CURVE('',#6258,(#6262,#6269),.PCURVE_S1.);
#6258 = LINE('',#6259,#6260);
#6259 = CARTESIAN_POINT('',(1.2573E+03,-159.0670842003,0.));
#6260 = VECTOR('',#6261,1.);
#6261 = DIRECTION('',(0.,1.,0.));
#6262 = PCURVE('',#6011,#6263);
#6263 = DEFINITIONAL_REPRESENTATION('',(#6264),#6268);
#6264 = LINE('',#6265,#6266);
#6265 = CARTESIAN_POINT('',(0.,-38.1));
#6266 = VECTOR('',#6267,1.);
#6267 = DIRECTION('',(1.,0.));
#6268 =(GEOMETRIC_REPRESENTATION_CONTEXT(2)PARAMETRIC_REPRESENTATION_CONTEXT()REPRESENTATION_CONTEXT('2D SPACE',''));
#6269 = PCURVE('',#6039,#6270);
#6270 = DEFINITIONAL_REPRESENTATION('',(#6271),#6275);
#6271 = LINE('',#6272,#6273);
#6272 = CARTESIAN_POINT('',(-152.8630635308,61.190283857237));
#6273 = VECTOR('',#6274,1.);
#6274 = DIRECTION('',(0.,-1.));
#6275 =(GEOMETRIC_REPRESENTATION_CONTEXT(2)PARAMETRIC_REPRESENTATION_CONTEXT()REPRESENTATION_CONTEXT('2D SPACE',''));
#6276 = ORIENTED_EDGE('',*,*,#5988,.F.);
#6277 = ORIENTED_EDGE('',*,*,#6278,.F.);
#6278 = EDGE_CURVE('',#6209,#5989,#6279,.T.);
#6279 = SURFACE_CURVE('',#6280,(#6284,#6291),.PCURVE_S1.);
#6280 = LINE('',#6281,#6282);
#6281 = CARTESIAN_POINT('',(1.2192E+03,-159.0670842003,0.));
#6282 = VECTOR('',#6283,1.);
#6283 = DIRECTION('',(0.,1.,0.));
#6284 = PCURVE('',#6011,#6285);
#6285 = DEFINITIONAL_REPRESENTATION('',(#6286),#6290);
#6286 = LINE('',#6287,#6288);
#6287 = CARTESIAN_POINT('',(0.,0.));
#6288 = VECTOR('',#6289,1.);
#6289 = DIRECTION('',(1.,0.));
#6290 =(GEOMETRIC_REPRESENTATION_CONTEXT(2)PARAMETRIC_REPRESENTATION_CONTEXT()REPRESENTATION_CONTEXT('2D SPACE',''));
#6291 = PCURVE('',#6093,#6292);
#6292 = DEFINITIONAL_REPRESENTATION('',(#6293),#6297);
#6293 = LINE('',#6294,#6295);
#6294 = CARTESIAN_POINT('',(-152.8630635308,61.190283857237));
#6295 = VECTOR('',#6296,1.);
#6296 = DIRECTION('',(0.,-1.));
#6297 =(GEOMETRIC_REPRESENTATION_CONTEXT(2)PARAMETRIC_REPRESENTATION_CONTEXT()REPRESENTATION_CONTEXT('2D SPACE',''));
#6298 = ADVANCED_FACE('',(#6299),#6093,.F.);
#6299 = FACE_BOUND('',#6300,.F.);
#6300 = EDGE_LOOP('',(#6301,#6302,#6303,#6304));
#6301 = ORIENTED_EDGE('',*,*,#6079,.T.);
#6302 = ORIENTED_EDGE('',*,*,#6160,.T.);
#6303 = ORIENTED_EDGE('',*,*,#6231,.T.);
#6304 = ORIENTED_EDGE('',*,*,#6278,.T.);
#6305 = ADVANCED_FACE('',(#6306),#6039,.T.);
#6306 = FACE_BOUND('',#6307,.T.);
#6307 = EDGE_LOOP('',(#6308,#6309,#6310,#6311));
#6308 = ORIENTED_EDGE('',*,*,#6023,.T.);
#6309 = ORIENTED_EDGE('',*,*,#6109,.T.);
#6310 = ORIENTED_EDGE('',*,*,#6185,.T.);
#6311 = ORIENTED_EDGE('',*,*,#6256,.T.);
#6312 =(GEOMETRIC_REPRESENTATION_CONTEXT(3)GLOBAL_UNCERTAINTY_ASSIGNED_CONTEXT((#6316))GLOBAL_UNIT_ASSIGNED_CONTEXT((#6313,#6314,#6315))REPRESENTATION_CONTEXT('Context #1','3D Context with UNIT and UNCERTAINTY'));
#6313 =(LENGTH_UNIT()NAMED_UNIT(*)SI_UNIT(.MILLI.,.METRE.));
#6314 =(NAMED_UNIT(*)PLANE_ANGLE_UNIT()SI_UNIT($,.RADIAN.));
#6315 =(NAMED_UNIT(*)SI_UNIT($,.STERADIAN.)SOLID_ANGLE_UNIT());
#6316 = UNCERTAINTY_MEASURE_WITH_UNIT(LENGTH_MEASURE(1.E-07),#6313,'distance_accuracy_value','confusion accuracy');
#6317 = CONTEXT_DEPENDENT_SHAPE_REPRESENTATION(#6318,#6320);
#6318 =(REPRESENTATION_RELATIONSHIP('','',#5981,#10)REPRESENTATION_RELATIONSHIP_WITH_TRANSFORMATION(#6319)SHAPE_REPRESENTATION_RELATIONSHIP());
#6319 = ITEM_DEFINED_TRANSFORMATION('','',#11,#75);
#6320 = PRODUCT_DEFINITION_SHAPE('Placement','Placement of an item',#6321);
#6321 = NEXT_ASSEMBLY_USAGE_OCCURRENCE('16','kicker_cheek_right','',#5,#5976,$);
#6322 = PRODUCT_RELATED_PRODUCT_CATEGORY('part',$,(#5978));
#6323 = SHAPE_DEFINITION_REPRESENTATION(#6324,#6330);
#6324 = PRODUCT_DEFINITION_SHAPE('','',#6325);
#6325 = PRODUCT_DEFINITION('design','',#6326,#6329);
#6326 = PRODUCT_DEFINITION_FORMATION('','',#6327);
#6327 = PRODUCT('cheek_splice_right','cheek_splice_right','',(#6328));
#6328 = PRODUCT_CONTEXT('',#2,'mechanical');
#6329 = PRODUCT_DEFINITION_CONTEXT('part definition',#2,'design');
#6330 = ADVANCED_BREP_SHAPE_REPRESENTATION('',(#11,#6331),#6731);
#6331 = MANIFOLD_SOLID_BREP('',#6332);
#6332 = CLOSED_SHELL('',(#6333,#6479,#6553,#6602,#6651,#6698,#6723));
#6333 = ADVANCED_FACE('',(#6334),#6348,.F.);
#6334 = FACE_BOUND('',#6335,.F.);
#6335 = EDGE_LOOP('',(#6336,#6371,#6397,#6425,#6453));
#6336 = ORIENTED_EDGE('',*,*,#6337,.F.);
#6337 = EDGE_CURVE('',#6338,#6340,#6342,.T.);
#6338 = VERTEX_POINT('',#6339);
#6339 = CARTESIAN_POINT('',(1.1811E+03,-159.0670842003,312.25486178656));
#6340 = VERTEX_POINT('',#6341);
#6341 = CARTESIAN_POINT('',(1.1811E+03,-79.46743436932,407.11803044194));
#6342 = SURFACE_CURVE('',#6343,(#6347,#6359),.PCURVE_S1.);
#6343 = LINE('',#6344,#6345);
#6344 = CARTESIAN_POINT('',(1.1811E+03,-208.0249563066,253.90914181814));
#6345 = VECTOR('',#6346,1.);
#6346 = DIRECTION('',(0.,0.642787609687,0.766044443119));
#6347 = PCURVE('',#6348,#6353);
#6348 = PLANE('',#6349);
#6349 = AXIS2_PLACEMENT_3D('',#6350,#6351,#6352);
#6350 = CARTESIAN_POINT('',(1.1811E+03,-208.0249563066,253.90914181814));
#6351 = DIRECTION('',(1.,0.,0.));
#6352 = DIRECTION('',(0.,0.642787609687,0.766044443119));
#6353 = DEFINITIONAL_REPRESENTATION('',(#6354),#6358);
#6354 = LINE('',#6355,#6356);
#6355 = CARTESIAN_POINT('',(0.,0.));
#6356 = VECTOR('',#6357,1.);
#6357 = DIRECTION('',(1.,0.));
#6358 =(GEOMETRIC_REPRESENTATION_CONTEXT(2)PARAMETRIC_REPRESENTATION_CONTEXT()REPRESENTATION_CONTEXT('2D SPACE',''));
#6359 = PCURVE('',#6360,#6365);
#6360 = PLANE('',#6361);
#6361 = AXIS2_PLACEMENT_3D('',#6362,#6363,#6364);
#6362 = CARTESIAN_POINT('',(1.1811E+03,-208.0249563066,253.90914181814));
#6363 = DIRECTION('',(0.,0.766044443119,-0.642787609687));
#6364 = DIRECTION('',(0.,0.642787609687,0.766044443119));
#6365 = DEFINITIONAL_REPRESENTATION('',(#6366),#6370);
#6366 = LINE('',#6367,#6368);
#6367 = CARTESIAN_POINT('',(0.,0.));
#6368 = VECTOR('',#6369,1.);
#6369 = DIRECTION('',(1.,0.));
#6370 =(GEOMETRIC_REPRESENTATION_CONTEXT(2)PARAMETRIC_REPRESENTATION_CONTEXT()REPRESENTATION_CONTEXT('2D SPACE',''));
#6371 = ORIENTED_EDGE('',*,*,#6372,.F.);
#6372 = EDGE_CURVE('',#6373,#6338,#6375,.T.);
#6373 = VERTEX_POINT('',#6374);
#6374 = CARTESIAN_POINT('',(1.1811E+03,-159.0670842003,212.82860939054));
#6375 = SURFACE_CURVE('',#6376,(#6380,#6386),.PCURVE_S1.);
#6376 = LINE('',#6377,#6378);
#6377 = CARTESIAN_POINT('',(1.1811E+03,-159.0670842003,-2.373045429091E+03));
#6378 = VECTOR('',#6379,1.);
#6379 = DIRECTION('',(0.,0.,1.));
#6380 = PCURVE('',#6348,#6381);
#6381 = DEFINITIONAL_REPRESENTATION('',(#6382),#6385);
#6382 = B_SPLINE_CURVE_WITH_KNOTS('',1,(#6383,#6384),.UNSPECIFIED.,.F.,.F.,(2,2),(2.585874038481E+03,2.685300290877E+03),.PIECEWISE_BEZIER_KNOTS.);
#6383 = CARTESIAN_POINT('',(2.273736754432E-13,-63.90996311772));
#6384 = CARTESIAN_POINT('',(76.164928148115,0.));
#6385 =(GEOMETRIC_REPRESENTATION_CONTEXT(2)PARAMETRIC_REPRESENTATION_CONTEXT()REPRESENTATION_CONTEXT('2D SPACE',''));
#6386 = PCURVE('',#6387,#6392);
#6387 = PLANE('',#6388);
#6388 = AXIS2_PLACEMENT_3D('',#6389,#6390,#6391);
#6389 = CARTESIAN_POINT('',(-5.E+03,-159.0670842003,-5.E+03));
#6390 = DIRECTION('',(0.,1.,0.));
#6391 = DIRECTION('',(0.,0.,1.));
#6392 = DEFINITIONAL_REPRESENTATION('',(#6393),#6396);
#6393 = B_SPLINE_CURVE_WITH_KNOTS('',1,(#6394,#6395),.UNSPECIFIED.,.F.,.F.,(2,2),(2.585874038481E+03,2.685300290877E+03),.PIECEWISE_BEZIER_KNOTS.);
#6394 = CARTESIAN_POINT('',(5.212828609391E+03,6.1811E+03));
#6395 = CARTESIAN_POINT('',(5.312254861787E+03,6.1811E+03));
#6396 =(GEOMETRIC_REPRESENTATION_CONTEXT(2)PARAMETRIC_REPRESENTATION_CONTEXT()REPRESENTATION_CONTEXT('2D SPACE',''));
#6397 = ORIENTED_EDGE('',*,*,#6398,.T.);
#6398 = EDGE_CURVE('',#6373,#6399,#6401,.T.);
#6399 = VERTEX_POINT('',#6400);
#6400 = CARTESIAN_POINT('',(1.1811E+03,-134.3697831007,192.10511314678));
#6401 = SURFACE_CURVE('',#6402,(#6406,#6413),.PCURVE_S1.);
#6402 = LINE('',#6403,#6404);
#6403 = CARTESIAN_POINT('',(1.1811E+03,-208.0249563066,253.90914181814));
#6404 = VECTOR('',#6405,1.);
#6405 = DIRECTION('',(0.,0.766044443119,-0.642787609687));
#6406 = PCURVE('',#6348,#6407);
#6407 = DEFINITIONAL_REPRESENTATION('',(#6408),#6412);
#6408 = LINE('',#6409,#6410);
#6409 = CARTESIAN_POINT('',(0.,0.));
#6410 = VECTOR('',#6411,1.);
#6411 = DIRECTION('',(0.,-1.));
#6412 =(GEOMETRIC_REPRESENTATION_CONTEXT(2)PARAMETRIC_REPRESENTATION_CONTEXT()REPRESENTATION_CONTEXT('2D SPACE',''));
#6413 = PCURVE('',#6414,#6419);
#6414 = PLANE('',#6415);
#6415 = AXIS2_PLACEMENT_3D('',#6416,#6417,#6418);
#6416 = CARTESIAN_POINT('',(1.1811E+03,-208.0249563066,253.90914181814));
#6417 = DIRECTION('',(0.,0.642787609687,0.766044443119));
#6418 = DIRECTION('',(1.,0.,0.));
#6419 = DEFINITIONAL_REPRESENTATION('',(#6420),#6424);
#6420 = LINE('',#6421,#6422);
#6421 = CARTESIAN_POINT('',(0.,0.));
#6422 = VECTOR('',#6423,1.);
#6423 = DIRECTION('',(0.,1.));
#6424 =(GEOMETRIC_REPRESENTATION_CONTEXT(2)PARAMETRIC_REPRESENTATION_CONTEXT()REPRESENTATION_CONTEXT('2D SPACE',''));
#6425 = ORIENTED_EDGE('',*,*,#6426,.T.);
#6426 = EDGE_CURVE('',#6399,#6427,#6429,.T.);
#6427 = VERTEX_POINT('',#6428);
#6428 = CARTESIAN_POINT('',(1.1811E+03,-5.812261163437,345.31400177058));
#6429 = SURFACE_CURVE('',#6430,(#6434,#6441),.PCURVE_S1.);
#6430 = LINE('',#6431,#6432);
#6431 = CARTESIAN_POINT('',(1.1811E+03,-134.3697831007,192.10511314678));
#6432 = VECTOR('',#6433,1.);
#6433 = DIRECTION('',(0.,0.642787609687,0.766044443119));
#6434 = PCURVE('',#6348,#6435);
#6435 = DEFINITIONAL_REPRESENTATION('',(#6436),#6440);
#6436 = LINE('',#6437,#6438);
#6437 = CARTESIAN_POINT('',(7.105427357601E-15,-96.15));
#6438 = VECTOR('',#6439,1.);
#6439 = DIRECTION('',(1.,0.));
#6440 =(GEOMETRIC_REPRESENTATION_CONTEXT(2)PARAMETRIC_REPRESENTATION_CONTEXT()REPRESENTATION_CONTEXT('2D SPACE',''));
#6441 = PCURVE('',#6442,#6447);
#6442 = PLANE('',#6443);
#6443 = AXIS2_PLACEMENT_3D('',#6444,#6445,#6446);
#6444 = CARTESIAN_POINT('',(1.1811E+03,-134.3697831007,192.10511314678));
#6445 = DIRECTION('',(0.,0.766044443119,-0.642787609687));
#6446 = DIRECTION('',(0.,0.642787609687,0.766044443119));
#6447 = DEFINITIONAL_REPRESENTATION('',(#6448),#6452);
#6448 = LINE('',#6449,#6450);
#6449 = CARTESIAN_POINT('',(0.,0.));
#6450 = VECTOR('',#6451,1.);
#6451 = DIRECTION('',(1.,0.));
#6452 =(GEOMETRIC_REPRESENTATION_CONTEXT(2)PARAMETRIC_REPRESENTATION_CONTEXT()REPRESENTATION_CONTEXT('2D SPACE',''));
#6453 = ORIENTED_EDGE('',*,*,#6454,.F.);
#6454 = EDGE_CURVE('',#6340,#6427,#6455,.T.);
#6455 = SURFACE_CURVE('',#6456,(#6460,#6467),.PCURVE_S1.);
#6456 = LINE('',#6457,#6458);
#6457 = CARTESIAN_POINT('',(1.1811E+03,-79.46743436932,407.11803044194));
#6458 = VECTOR('',#6459,1.);
#6459 = DIRECTION('',(0.,0.766044443119,-0.642787609687));
#6460 = PCURVE('',#6348,#6461);
#6461 = DEFINITIONAL_REPRESENTATION('',(#6462),#6466);
#6462 = LINE('',#6463,#6464);
#6463 = CARTESIAN_POINT('',(200.,2.84217094304E-14));
#6464 = VECTOR('',#6465,1.);
#6465 = DIRECTION('',(0.,-1.));
#6466 =(GEOMETRIC_REPRESENTATION_CONTEXT(2)PARAMETRIC_REPRESENTATION_CONTEXT()REPRESENTATION_CONTEXT('2D SPACE',''));
#6467 = PCURVE('',#6468,#6473);
#6468 = PLANE('',#6469);
#6469 = AXIS2_PLACEMENT_3D('',#6470,#6471,#6472);
#6470 = CARTESIAN_POINT('',(1.1811E+03,-79.46743436932,407.11803044194));
#6471 = DIRECTION('',(0.,0.642787609687,0.766044443119));
#6472 = DIRECTION('',(1.,0.,0.));
#6473 = DEFINITIONAL_REPRESENTATION('',(#6474),#6478);
#6474 = LINE('',#6475,#6476);
#6475 = CARTESIAN_POINT('',(0.,0.));
#6476 = VECTOR('',#6477,1.);
#6477 = DIRECTION('',(0.,1.));
#6478 =(GEOMETRIC_REPRESENTATION_CONTEXT(2)PARAMETRIC_REPRESENTATION_CONTEXT()REPRESENTATION_CONTEXT('2D SPACE',''));
#6479 = ADVANCED_FACE('',(#6480),#6360,.F.);
#6480 = FACE_BOUND('',#6481,.F.);
#6481 = EDGE_LOOP('',(#6482,#6512,#6531,#6532));
#6482 = ORIENTED_EDGE('',*,*,#6483,.F.);
#6483 = EDGE_CURVE('',#6484,#6486,#6488,.T.);
#6484 = VERTEX_POINT('',#6485);
#6485 = CARTESIAN_POINT('',(1.2192E+03,-159.0670842003,312.25486178656));
#6486 = VERTEX_POINT('',#6487);
#6487 = CARTESIAN_POINT('',(1.2192E+03,-79.46743436932,407.11803044194));
#6488 = SURFACE_CURVE('',#6489,(#6493,#6500),.PCURVE_S1.);
#6489 = LINE('',#6490,#6491);
#6490 = CARTESIAN_POINT('',(1.2192E+03,-208.0249563066,253.90914181814));
#6491 = VECTOR('',#6492,1.);
#6492 = DIRECTION('',(0.,0.642787609687,0.766044443119));
#6493 = PCURVE('',#6360,#6494);
#6494 = DEFINITIONAL_REPRESENTATION('',(#6495),#6499);
#6495 = LINE('',#6496,#6497);
#6496 = CARTESIAN_POINT('',(0.,38.1));
#6497 = VECTOR('',#6498,1.);
#6498 = DIRECTION('',(1.,0.));
#6499 =(GEOMETRIC_REPRESENTATION_CONTEXT(2)PARAMETRIC_REPRESENTATION_CONTEXT()REPRESENTATION_CONTEXT('2D SPACE',''));
#6500 = PCURVE('',#6501,#6506);
#6501 = PLANE('',#6502);
#6502 = AXIS2_PLACEMENT_3D('',#6503,#6504,#6505);
#6503 = CARTESIAN_POINT('',(1.2192E+03,-208.0249563066,253.90914181814));
#6504 = DIRECTION('',(1.,0.,0.));
#6505 = DIRECTION('',(0.,0.642787609687,0.766044443119));
#6506 = DEFINITIONAL_REPRESENTATION('',(#6507),#6511);
#6507 = LINE('',#6508,#6509);
#6508 = CARTESIAN_POINT('',(0.,0.));
#6509 = VECTOR('',#6510,1.);
#6510 = DIRECTION('',(1.,0.));
#6511 =(GEOMETRIC_REPRESENTATION_CONTEXT(2)PARAMETRIC_REPRESENTATION_CONTEXT()REPRESENTATION_CONTEXT('2D SPACE',''));
#6512 = ORIENTED_EDGE('',*,*,#6513,.F.);
#6513 = EDGE_CURVE('',#6338,#6484,#6514,.T.);
#6514 = SURFACE_CURVE('',#6515,(#6519,#6525),.PCURVE_S1.);
#6515 = LINE('',#6516,#6517);
#6516 = CARTESIAN_POINT('',(-1.90945E+03,-159.0670842003,312.25486178656));
#6517 = VECTOR('',#6518,1.);
#6518 = DIRECTION('',(1.,-0.,0.));
#6519 = PCURVE('',#6360,#6520);
#6520 = DEFINITIONAL_REPRESENTATION('',(#6521),#6524);
#6521 = B_SPLINE_CURVE_WITH_KNOTS('',1,(#6522,#6523),.UNSPECIFIED.,.F.,.F.,(2,2),(3.09055E+03,3.12865E+03),.PIECEWISE_BEZIER_KNOTS.);
#6522 = CARTESIAN_POINT('',(76.164928148116,0.));
#6523 = CARTESIAN_POINT('',(76.164928148116,38.1));
#6524 =(GEOMETRIC_REPRESENTATION_CONTEXT(2)PARAMETRIC_REPRESENTATION_CONTEXT()REPRESENTATION_CONTEXT('2D SPACE',''));
#6525 = PCURVE('',#6387,#6526);
#6526 = DEFINITIONAL_REPRESENTATION('',(#6527),#6530);
#6527 = B_SPLINE_CURVE_WITH_KNOTS('',1,(#6528,#6529),.UNSPECIFIED.,.F.,.F.,(2,2),(3.09055E+03,3.12865E+03),.PIECEWISE_BEZIER_KNOTS.);
#6528 = CARTESIAN_POINT('',(5.312254861787E+03,6.1811E+03));
#6529 = CARTESIAN_POINT('',(5.312254861787E+03,6.2192E+03));
#6530 =(GEOMETRIC_REPRESENTATION_CONTEXT(2)PARAMETRIC_REPRESENTATION_CONTEXT()REPRESENTATION_CONTEXT('2D SPACE',''));
#6531 = ORIENTED_EDGE('',*,*,#6337,.T.);
#6532 = ORIENTED_EDGE('',*,*,#6533,.T.);
#6533 = EDGE_CURVE('',#6340,#6486,#6534,.T.);
#6534 = SURFACE_CURVE('',#6535,(#6539,#6546),.PCURVE_S1.);
#6535 = LINE('',#6536,#6537);
#6536 = CARTESIAN_POINT('',(1.1811E+03,-79.46743436932,407.11803044194));
#6537 = VECTOR('',#6538,1.);
#6538 = DIRECTION('',(1.,0.,0.));
#6539 = PCURVE('',#6360,#6540);
#6540 = DEFINITIONAL_REPRESENTATION('',(#6541),#6545);
#6541 = LINE('',#6542,#6543);
#6542 = CARTESIAN_POINT('',(200.,0.));
#6543 = VECTOR('',#6544,1.);
#6544 = DIRECTION('',(0.,1.));
#6545 =(GEOMETRIC_REPRESENTATION_CONTEXT(2)PARAMETRIC_REPRESENTATION_CONTEXT()REPRESENTATION_CONTEXT('2D SPACE',''));
#6546 = PCURVE('',#6468,#6547);
#6547 = DEFINITIONAL_REPRESENTATION('',(#6548),#6552);
#6548 = LINE('',#6549,#6550);
#6549 = CARTESIAN_POINT('',(0.,0.));
#6550 = VECTOR('',#6551,1.);
#6551 = DIRECTION('',(1.,0.));
#6552 =(GEOMETRIC_REPRESENTATION_CONTEXT(2)PARAMETRIC_REPRESENTATION_CONTEXT()REPRESENTATION_CONTEXT('2D SPACE',''));
#6553 = ADVANCED_FACE('',(#6554),#6468,.T.);
#6554 = FACE_BOUND('',#6555,.T.);
#6555 = EDGE_LOOP('',(#6556,#6557,#6558,#6581));
#6556 = ORIENTED_EDGE('',*,*,#6454,.F.);
#6557 = ORIENTED_EDGE('',*,*,#6533,.T.);
#6558 = ORIENTED_EDGE('',*,*,#6559,.T.);
#6559 = EDGE_CURVE('',#6486,#6560,#6562,.T.);
#6560 = VERTEX_POINT('',#6561);
#6561 = CARTESIAN_POINT('',(1.2192E+03,-5.812261163437,345.31400177058));
#6562 = SURFACE_CURVE('',#6563,(#6567,#6574),.PCURVE_S1.);
#6563 = LINE('',#6564,#6565);
#6564 = CARTESIAN_POINT('',(1.2192E+03,-79.46743436932,407.11803044194));
#6565 = VECTOR('',#6566,1.);
#6566 = DIRECTION('',(0.,0.766044443119,-0.642787609687));
#6567 = PCURVE('',#6468,#6568);
#6568 = DEFINITIONAL_REPRESENTATION('',(#6569),#6573);
#6569 = LINE('',#6570,#6571);
#6570 = CARTESIAN_POINT('',(38.1,0.));
#6571 = VECTOR('',#6572,1.);
#6572 = DIRECTION('',(0.,1.));
#6573 =(GEOMETRIC_REPRESENTATION_CONTEXT(2)PARAMETRIC_REPRESENTATION_CONTEXT()REPRESENTATION_CONTEXT('2D SPACE',''));
#6574 = PCURVE('',#6501,#6575);
#6575 = DEFINITIONAL_REPRESENTATION('',(#6576),#6580);
#6576 = LINE('',#6577,#6578);
#6577 = CARTESIAN_POINT('',(200.,2.84217094304E-14));
#6578 = VECTOR('',#6579,1.);
#6579 = DIRECTION('',(0.,-1.));
#6580 =(GEOMETRIC_REPRESENTATION_CONTEXT(2)PARAMETRIC_REPRESENTATION_CONTEXT()REPRESENTATION_CONTEXT('2D SPACE',''));
#6581 = ORIENTED_EDGE('',*,*,#6582,.F.);
#6582 = EDGE_CURVE('',#6427,#6560,#6583,.T.);
#6583 = SURFACE_CURVE('',#6584,(#6588,#6595),.PCURVE_S1.);
#6584 = LINE('',#6585,#6586);
#6585 = CARTESIAN_POINT('',(1.1811E+03,-5.812261163437,345.31400177058));
#6586 = VECTOR('',#6587,1.);
#6587 = DIRECTION('',(1.,0.,0.));
#6588 = PCURVE('',#6468,#6589);
#6589 = DEFINITIONAL_REPRESENTATION('',(#6590),#6594);
#6590 = LINE('',#6591,#6592);
#6591 = CARTESIAN_POINT('',(0.,96.15));
#6592 = VECTOR('',#6593,1.);
#6593 = DIRECTION('',(1.,0.));
#6594 =(GEOMETRIC_REPRESENTATION_CONTEXT(2)PARAMETRIC_REPRESENTATION_CONTEXT()REPRESENTATION_CONTEXT('2D SPACE',''));
#6595 = PCURVE('',#6442,#6596);
#6596 = DEFINITIONAL_REPRESENTATION('',(#6597),#6601);
#6597 = LINE('',#6598,#6599);
#6598 = CARTESIAN_POINT('',(200.,0.));
#6599 = VECTOR('',#6600,1.);
#6600 = DIRECTION('',(0.,1.));
#6601 =(GEOMETRIC_REPRESENTATION_CONTEXT(2)PARAMETRIC_REPRESENTATION_CONTEXT()REPRESENTATION_CONTEXT('2D SPACE',''));
#6602 = ADVANCED_FACE('',(#6603),#6442,.T.);
#6603 = FACE_BOUND('',#6604,.T.);
#6604 = EDGE_LOOP('',(#6605,#6628,#6629,#6630));
#6605 = ORIENTED_EDGE('',*,*,#6606,.F.);
#6606 = EDGE_CURVE('',#6399,#6607,#6609,.T.);
#6607 = VERTEX_POINT('',#6608);
#6608 = CARTESIAN_POINT('',(1.2192E+03,-134.3697831007,192.10511314678));
#6609 = SURFACE_CURVE('',#6610,(#6614,#6621),.PCURVE_S1.);
#6610 = LINE('',#6611,#6612);
#6611 = CARTESIAN_POINT('',(1.1811E+03,-134.3697831007,192.10511314678));
#6612 = VECTOR('',#6613,1.);
#6613 = DIRECTION('',(1.,0.,0.));
#6614 = PCURVE('',#6442,#6615);
#6615 = DEFINITIONAL_REPRESENTATION('',(#6616),#6620);
#6616 = LINE('',#6617,#6618);
#6617 = CARTESIAN_POINT('',(0.,0.));
#6618 = VECTOR('',#6619,1.);
#6619 = DIRECTION('',(0.,1.));
#6620 =(GEOMETRIC_REPRESENTATION_CONTEXT(2)PARAMETRIC_REPRESENTATION_CONTEXT()REPRESENTATION_CONTEXT('2D SPACE',''));
#6621 = PCURVE('',#6414,#6622);
#6622 = DEFINITIONAL_REPRESENTATION('',(#6623),#6627);
#6623 = LINE('',#6624,#6625);
#6624 = CARTESIAN_POINT('',(0.,96.15));
#6625 = VECTOR('',#6626,1.);
#6626 = DIRECTION('',(1.,0.));
#6627 =(GEOMETRIC_REPRESENTATION_CONTEXT(2)PARAMETRIC_REPRESENTATION_CONTEXT()REPRESENTATION_CONTEXT('2D SPACE',''));
#6628 = ORIENTED_EDGE('',*,*,#6426,.T.);
#6629 = ORIENTED_EDGE('',*,*,#6582,.T.);
#6630 = ORIENTED_EDGE('',*,*,#6631,.F.);
#6631 = EDGE_CURVE('',#6607,#6560,#6632,.T.);
#6632 = SURFACE_CURVE('',#6633,(#6637,#6644),.PCURVE_S1.);
#6633 = LINE('',#6634,#6635);
#6634 = CARTESIAN_POINT('',(1.2192E+03,-134.3697831007,192.10511314678));
#6635 = VECTOR('',#6636,1.);
#6636 = DIRECTION('',(0.,0.642787609687,0.766044443119));
#6637 = PCURVE('',#6442,#6638);
#6638 = DEFINITIONAL_REPRESENTATION('',(#6639),#6643);
#6639 = LINE('',#6640,#6641);
#6640 = CARTESIAN_POINT('',(0.,38.1));
#6641 = VECTOR('',#6642,1.);
#6642 = DIRECTION('',(1.,0.));
#6643 =(GEOMETRIC_REPRESENTATION_CONTEXT(2)PARAMETRIC_REPRESENTATION_CONTEXT()REPRESENTATION_CONTEXT('2D SPACE',''));
#6644 = PCURVE('',#6501,#6645);
#6645 = DEFINITIONAL_REPRESENTATION('',(#6646),#6650);
#6646 = LINE('',#6647,#6648);
#6647 = CARTESIAN_POINT('',(7.105427357601E-15,-96.15));
#6648 = VECTOR('',#6649,1.);
#6649 = DIRECTION('',(1.,0.));
#6650 =(GEOMETRIC_REPRESENTATION_CONTEXT(2)PARAMETRIC_REPRESENTATION_CONTEXT()REPRESENTATION_CONTEXT('2D SPACE',''));
#6651 = ADVANCED_FACE('',(#6652),#6414,.F.);
#6652 = FACE_BOUND('',#6653,.F.);
#6653 = EDGE_LOOP('',(#6654,#6655,#6676,#6697));
#6654 = ORIENTED_EDGE('',*,*,#6398,.F.);
#6655 = ORIENTED_EDGE('',*,*,#6656,.F.);
#6656 = EDGE_CURVE('',#6657,#6373,#6659,.T.);
#6657 = VERTEX_POINT('',#6658);
#6658 = CARTESIAN_POINT('',(1.2192E+03,-159.0670842003,212.82860939054));
#6659 = SURFACE_CURVE('',#6660,(#6664,#6670),.PCURVE_S1.);
#6660 = LINE('',#6661,#6662);
#6661 = CARTESIAN_POINT('',(-1.90945E+03,-159.0670842003,212.82860939054));
#6662 = VECTOR('',#6663,1.);
#6663 = DIRECTION('',(-1.,0.,0.));
#6664 = PCURVE('',#6414,#6665);
#6665 = DEFINITIONAL_REPRESENTATION('',(#6666),#6669);
#6666 = B_SPLINE_CURVE_WITH_KNOTS('',1,(#6667,#6668),.UNSPECIFIED.,.F.,.F.,(2,2),(-3.12865E+03,-3.09055E+03),.PIECEWISE_BEZIER_KNOTS.);
#6667 = CARTESIAN_POINT('',(38.1,63.909963117727));
#6668 = CARTESIAN_POINT('',(0.,63.909963117727));
#6669 =(GEOMETRIC_REPRESENTATION_CONTEXT(2)PARAMETRIC_REPRESENTATION_CONTEXT()REPRESENTATION_CONTEXT('2D SPACE',''));
#6670 = PCURVE('',#6387,#6671);
#6671 = DEFINITIONAL_REPRESENTATION('',(#6672),#6675);
#6672 = B_SPLINE_CURVE_WITH_KNOTS('',1,(#6673,#6674),.UNSPECIFIED.,.F.,.F.,(2,2),(-3.12865E+03,-3.09055E+03),.PIECEWISE_BEZIER_KNOTS.);
#6673 = CARTESIAN_POINT('',(5.212828609391E+03,6.2192E+03));
#6674 = CARTESIAN_POINT('',(5.212828609391E+03,6.1811E+03));
#6675 =(GEOMETRIC_REPRESENTATION_CONTEXT(2)PARAMETRIC_REPRESENTATION_CONTEXT()REPRESENTATION_CONTEXT('2D SPACE',''));
#6676 = ORIENTED_EDGE('',*,*,#6677,.T.);
#6677 = EDGE_CURVE('',#6657,#6607,#6678,.T.);
#6678 = SURFACE_CURVE('',#6679,(#6683,#6690),.PCURVE_S1.);
#6679 = LINE('',#6680,#6681);
#6680 = CARTESIAN_POINT('',(1.2192E+03,-208.0249563066,253.90914181814));
#6681 = VECTOR('',#6682,1.);
#6682 = DIRECTION('',(0.,0.766044443119,-0.642787609687));
#6683 = PCURVE('',#6414,#6684);
#6684 = DEFINITIONAL_REPRESENTATION('',(#6685),#6689);
#6685 = LINE('',#6686,#6687);
#6686 = CARTESIAN_POINT('',(38.1,0.));
#6687 = VECTOR('',#6688,1.);
#6688 = DIRECTION('',(0.,1.));
#6689 =(GEOMETRIC_REPRESENTATION_CONTEXT(2)PARAMETRIC_REPRESENTATION_CONTEXT()REPRESENTATION_CONTEXT('2D SPACE',''));
#6690 = PCURVE('',#6501,#6691);
#6691 = DEFINITIONAL_REPRESENTATION('',(#6692),#6696);
#6692 = LINE('',#6693,#6694);
#6693 = CARTESIAN_POINT('',(0.,0.));
#6694 = VECTOR('',#6695,1.);
#6695 = DIRECTION('',(0.,-1.));
#6696 =(GEOMETRIC_REPRESENTATION_CONTEXT(2)PARAMETRIC_REPRESENTATION_CONTEXT()REPRESENTATION_CONTEXT('2D SPACE',''));
#6697 = ORIENTED_EDGE('',*,*,#6606,.F.);
#6698 = ADVANCED_FACE('',(#6699),#6387,.F.);
#6699 = FACE_BOUND('',#6700,.F.);
#6700 = EDGE_LOOP('',(#6701,#6702,#6703,#6704));
#6701 = ORIENTED_EDGE('',*,*,#6656,.T.);
#6702 = ORIENTED_EDGE('',*,*,#6372,.T.);
#6703 = ORIENTED_EDGE('',*,*,#6513,.T.);
#6704 = ORIENTED_EDGE('',*,*,#6705,.F.);
#6705 = EDGE_CURVE('',#6657,#6484,#6706,.T.);
#6706 = SURFACE_CURVE('',#6707,(#6711,#6717),.PCURVE_S1.);
#6707 = LINE('',#6708,#6709);
#6708 = CARTESIAN_POINT('',(1.2192E+03,-159.0670842003,-2.373045429091E+03));
#6709 = VECTOR('',#6710,1.);
#6710 = DIRECTION('',(0.,0.,1.));
#6711 = PCURVE('',#6387,#6712);
#6712 = DEFINITIONAL_REPRESENTATION('',(#6713),#6716);
#6713 = B_SPLINE_CURVE_WITH_KNOTS('',1,(#6714,#6715),.UNSPECIFIED.,.F.,.F.,(2,2),(2.585874038481E+03,2.685300290877E+03),.PIECEWISE_BEZIER_KNOTS.);
#6714 = CARTESIAN_POINT('',(5.212828609391E+03,6.2192E+03));
#6715 = CARTESIAN_POINT('',(5.312254861787E+03,6.2192E+03));
#6716 =(GEOMETRIC_REPRESENTATION_CONTEXT(2)PARAMETRIC_REPRESENTATION_CONTEXT()REPRESENTATION_CONTEXT('2D SPACE',''));
#6717 = PCURVE('',#6501,#6718);
#6718 = DEFINITIONAL_REPRESENTATION('',(#6719),#6722);
#6719 = B_SPLINE_CURVE_WITH_KNOTS('',1,(#6720,#6721),.UNSPECIFIED.,.F.,.F.,(2,2),(2.585874038481E+03,2.685300290877E+03),.PIECEWISE_BEZIER_KNOTS.);
#6720 = CARTESIAN_POINT('',(2.273736754432E-13,-63.90996311772));
#6721 = CARTESIAN_POINT('',(76.164928148115,0.));
#6722 =(GEOMETRIC_REPRESENTATION_CONTEXT(2)PARAMETRIC_REPRESENTATION_CONTEXT()REPRESENTATION_CONTEXT('2D SPACE',''));
#6723 = ADVANCED_FACE('',(#6724),#6501,.T.);
#6724 = FACE_BOUND('',#6725,.T.);
#6725 = EDGE_LOOP('',(#6726,#6727,#6728,#6729,#6730));
#6726 = ORIENTED_EDGE('',*,*,#6483,.F.);
#6727 = ORIENTED_EDGE('',*,*,#6705,.F.);
#6728 = ORIENTED_EDGE('',*,*,#6677,.T.);
#6729 = ORIENTED_EDGE('',*,*,#6631,.T.);
#6730 = ORIENTED_EDGE('',*,*,#6559,.F.);
#6731 =(GEOMETRIC_REPRESENTATION_CONTEXT(3)GLOBAL_UNCERTAINTY_ASSIGNED_CONTEXT((#6735))GLOBAL_UNIT_ASSIGNED_CONTEXT((#6732,#6733,#6734))REPRESENTATION_CONTEXT('Context #1','3D Context with UNIT and UNCERTAINTY'));
#6732 =(LENGTH_UNIT()NAMED_UNIT(*)SI_UNIT(.MILLI.,.METRE.));
#6733 =(NAMED_UNIT(*)PLANE_ANGLE_UNIT()SI_UNIT($,.RADIAN.));
#6734 =(NAMED_UNIT(*)SI_UNIT($,.STERADIAN.)SOLID_ANGLE_UNIT());
#6735 = UNCERTAINTY_MEASURE_WITH_UNIT(LENGTH_MEASURE(1.E-07),#6732,'distance_accuracy_value','confusion accuracy');
#6736 = CONTEXT_DEPENDENT_SHAPE_REPRESENTATION(#6737,#6739);
#6737 =(REPRESENTATION_RELATIONSHIP('','',#6330,#10)REPRESENTATION_RELATIONSHIP_WITH_TRANSFORMATION(#6738)SHAPE_REPRESENTATION_RELATIONSHIP());
#6738 = ITEM_DEFINED_TRANSFORMATION('','',#11,#79);
#6739 = PRODUCT_DEFINITION_SHAPE('Placement','Placement of an item',#6740);
#6740 = NEXT_ASSEMBLY_USAGE_OCCURRENCE('17','cheek_splice_right','',#5,#6325,$);
#6741 = PRODUCT_RELATED_PRODUCT_CATEGORY('part',$,(#6327));
#6742 = SHAPE_DEFINITION_REPRESENTATION(#6743,#6749);
#6743 = PRODUCT_DEFINITION_SHAPE('','',#6744);
#6744 = PRODUCT_DEFINITION('design','',#6745,#6748);
#6745 = PRODUCT_DEFINITION_FORMATION('','',#6746);
#6746 = PRODUCT('panel_edge_bottom','panel_edge_bottom','',(#6747));
#6747 = PRODUCT_CONTEXT('',#2,'mechanical');
#6748 = PRODUCT_DEFINITION_CONTEXT('part definition',#2,'design');
#6749 = ADVANCED_BREP_SHAPE_REPRESENTATION('',(#11,#6750),#7080);
#6750 = MANIFOLD_SOLID_BREP('',#6751);
#6751 = CLOSED_SHELL('',(#6752,#6872,#6972,#7019,#7066,#7073));
#6752 = ADVANCED_FACE('',(#6753),#6767,.F.);
#6753 = FACE_BOUND('',#6754,.F.);
#6754 = EDGE_LOOP('',(#6755,#6790,#6818,#6846));
#6755 = ORIENTED_EDGE('',*,*,#6756,.F.);
#6756 = EDGE_CURVE('',#6757,#6759,#6761,.T.);
#6757 = VERTEX_POINT('',#6758);
#6758 = CARTESIAN_POINT('',(-1.2192E+03,-60.97509325897,261.06038490341));
#6759 = VERTEX_POINT('',#6760);
#6760 = CARTESIAN_POINT('',(-1.2192E+03,-3.831274757841,329.16173589669));
#6761 = SURFACE_CURVE('',#6762,(#6766,#6778),.PCURVE_S1.);
#6762 = LINE('',#6763,#6764);
#6763 = CARTESIAN_POINT('',(-1.2192E+03,-60.97509325897,261.06038490341));
#6764 = VECTOR('',#6765,1.);
#6765 = DIRECTION('',(0.,0.642787609687,0.766044443119));
#6766 = PCURVE('',#6767,#6772);
#6767 = PLANE('',#6768);
#6768 = AXIS2_PLACEMENT_3D('',#6769,#6770,#6771);
#6769 = CARTESIAN_POINT('',(-1.2192E+03,-60.97509325897,261.06038490341));
#6770 = DIRECTION('',(1.,0.,0.));
#6771 = DIRECTION('',(0.,0.642787609687,0.766044443119));
#6772 = DEFINITIONAL_REPRESENTATION('',(#6773),#6777);
#6773 = LINE('',#6774,#6775);
#6774 = CARTESIAN_POINT('',(0.,0.));
#6775 = VECTOR('',#6776,1.);
#6776 = DIRECTION('',(1.,0.));
#6777 =(GEOMETRIC_REPRESENTATION_CONTEXT(2)PARAMETRIC_REPRESENTATION_CONTEXT()REPRESENTATION_CONTEXT('2D SPACE',''));
#6778 = PCURVE('',#6779,#6784);
#6779 = PLANE('',#6780);
#6780 = AXIS2_PLACEMENT_3D('',#6781,#6782,#6783);
#6781 = CARTESIAN_POINT('',(-1.2192E+03,-60.97509325897,261.06038490341));
#6782 = DIRECTION('',(0.,0.766044443119,-0.642787609687));
#6783 = DIRECTION('',(0.,0.642787609687,0.766044443119));
#6784 = DEFINITIONAL_REPRESENTATION('',(#6785),#6789);
#6785 = LINE('',#6786,#6787);
#6786 = CARTESIAN_POINT('',(0.,0.));
#6787 = VECTOR('',#6788,1.);
#6788 = DIRECTION('',(1.,0.));
#6789 =(GEOMETRIC_REPRESENTATION_CONTEXT(2)PARAMETRIC_REPRESENTATION_CONTEXT()REPRESENTATION_CONTEXT('2D SPACE',''));
#6790 = ORIENTED_EDGE('',*,*,#6791,.T.);
#6791 = EDGE_CURVE('',#6757,#6792,#6794,.T.);
#6792 = VERTEX_POINT('',#6793);
#6793 = CARTESIAN_POINT('',(-1.2192E+03,-31.78879997614,236.57017697435));
#6794 = SURFACE_CURVE('',#6795,(#6799,#6806),.PCURVE_S1.);
#6795 = LINE('',#6796,#6797);
#6796 = CARTESIAN_POINT('',(-1.2192E+03,-60.97509325897,261.06038490341));
#6797 = VECTOR('',#6798,1.);
#6798 = DIRECTION('',(0.,0.766044443119,-0.642787609687));
#6799 = PCURVE('',#6767,#6800);
#6800 = DEFINITIONAL_REPRESENTATION('',(#6801),#6805);
#6801 = LINE('',#6802,#6803);
#6802 = CARTESIAN_POINT('',(0.,0.));
#6803 = VECTOR('',#6804,1.);
#6804 = DIRECTION('',(0.,-1.));
#6805 =(GEOMETRIC_REPRESENTATION_CONTEXT(2)PARAMETRIC_REPRESENTATION_CONTEXT()REPRESENTATION_CONTEXT('2D SPACE',''));
#6806 = PCURVE('',#6807,#6812);
#6807 = PLANE('',#6808);
#6808 = AXIS2_PLACEMENT_3D('',#6809,#6810,#6811);
#6809 = CARTESIAN_POINT('',(-1.2192E+03,-60.97509325897,261.06038490341));
#6810 = DIRECTION('',(0.,0.642787609687,0.766044443119));
#6811 = DIRECTION('',(1.,0.,0.));
#6812 = DEFINITIONAL_REPRESENTATION('',(#6813),#6817);
#6813 = LINE('',#6814,#6815);
#6814 = CARTESIAN_POINT('',(0.,0.));
#6815 = VECTOR('',#6816,1.);
#6816 = DIRECTION('',(0.,1.));
#6817 =(GEOMETRIC_REPRESENTATION_CONTEXT(2)PARAMETRIC_REPRESENTATION_CONTEXT()REPRESENTATION_CONTEXT('2D SPACE',''));
#6818 = ORIENTED_EDGE('',*,*,#6819,.T.);
#6819 = EDGE_CURVE('',#6792,#6820,#6822,.T.);
#6820 = VERTEX_POINT('',#6821);
#6821 = CARTESIAN_POINT('',(-1.2192E+03,25.355018524992,304.67152796763));
#6822 = SURFACE_CURVE('',#6823,(#6827,#6834),.PCURVE_S1.);
#6823 = LINE('',#6824,#6825);
#6824 = CARTESIAN_POINT('',(-1.2192E+03,-31.78879997614,236.57017697435));
#6825 = VECTOR('',#6826,1.);
#6826 = DIRECTION('',(0.,0.642787609687,0.766044443119));
#6827 = PCURVE('',#6767,#6828);
#6828 = DEFINITIONAL_REPRESENTATION('',(#6829),#6833);
#6829 = LINE('',#6830,#6831);
#6830 = CARTESIAN_POINT('',(-1.42108547152E-14,-38.1));
#6831 = VECTOR('',#6832,1.);
#6832 = DIRECTION('',(1.,0.));
#6833 =(GEOMETRIC_REPRESENTATION_CONTEXT(2)PARAMETRIC_REPRESENTATION_CONTEXT()REPRESENTATION_CONTEXT('2D SPACE',''));
#6834 = PCURVE('',#6835,#6840);
#6835 = PLANE('',#6836);
#6836 = AXIS2_PLACEMENT_3D('',#6837,#6838,#6839);
#6837 = CARTESIAN_POINT('',(-1.2192E+03,-31.78879997614,236.57017697435));
#6838 = DIRECTION('',(0.,0.766044443119,-0.642787609687));
#6839 = DIRECTION('',(0.,0.642787609687,0.766044443119));
#6840 = DEFINITIONAL_REPRESENTATION('',(#6841),#6845);
#6841 = LINE('',#6842,#6843);
#6842 = CARTESIAN_POINT('',(0.,0.));
#6843 = VECTOR('',#6844,1.);
#6844 = DIRECTION('',(1.,0.));
#6845 =(GEOMETRIC_REPRESENTATION_CONTEXT(2)PARAMETRIC_REPRESENTATION_CONTEXT()REPRESENTATION_CONTEXT('2D SPACE',''));
#6846 = ORIENTED_EDGE('',*,*,#6847,.F.);
#6847 = EDGE_CURVE('',#6759,#6820,#6848,.T.);
#6848 = SURFACE_CURVE('',#6849,(#6853,#6860),.PCURVE_S1.);
#6849 = LINE('',#6850,#6851);
#6850 = CARTESIAN_POINT('',(-1.2192E+03,-3.831274757841,329.16173589669));
#6851 = VECTOR('',#6852,1.);
#6852 = DIRECTION('',(0.,0.766044443119,-0.642787609687));
#6853 = PCURVE('',#6767,#6854);
#6854 = DEFINITIONAL_REPRESENTATION('',(#6855),#6859);
#6855 = LINE('',#6856,#6857);
#6856 = CARTESIAN_POINT('',(88.9,0.));
#6857 = VECTOR('',#6858,1.);
#6858 = DIRECTION('',(0.,-1.));
#6859 =(GEOMETRIC_REPRESENTATION_CONTEXT(2)PARAMETRIC_REPRESENTATION_CONTEXT()REPRESENTATION_CONTEXT('2D SPACE',''));
#6860 = PCURVE('',#6861,#6866);
#6861 = PLANE('',#6862);
#6862 = AXIS2_PLACEMENT_3D('',#6863,#6864,#6865);
#6863 = CARTESIAN_POINT('',(-1.2192E+03,-3.831274757841,329.16173589669));
#6864 = DIRECTION('',(0.,0.642787609687,0.766044443119));
#6865 = DIRECTION('',(1.,0.,0.));
#6866 = DEFINITIONAL_REPRESENTATION('',(#6867),#6871);
#6867 = LINE('',#6868,#6869);
#6868 = CARTESIAN_POINT('',(0.,0.));
#6869 = VECTOR('',#6870,1.);
#6870 = DIRECTION('',(0.,1.));
#6871 =(GEOMETRIC_REPRESENTATION_CONTEXT(2)PARAMETRIC_REPRESENTATION_CONTEXT()REPRESENTATION_CONTEXT('2D SPACE',''));
#6872 = ADVANCED_FACE('',(#6873),#6887,.T.);
#6873 = FACE_BOUND('',#6874,.T.);
#6874 = EDGE_LOOP('',(#6875,#6905,#6928,#6951));
#6875 = ORIENTED_EDGE('',*,*,#6876,.F.);
#6876 = EDGE_CURVE('',#6877,#6879,#6881,.T.);
#6877 = VERTEX_POINT('',#6878);
#6878 = CARTESIAN_POINT('',(1.2192E+03,-60.97509325897,261.06038490341));
#6879 = VERTEX_POINT('',#6880);
#6880 = CARTESIAN_POINT('',(1.2192E+03,-3.831274757841,329.16173589669));
#6881 = SURFACE_CURVE('',#6882,(#6886,#6898),.PCURVE_S1.);
#6882 = LINE('',#6883,#6884);
#6883 = CARTESIAN_POINT('',(1.2192E+03,-60.97509325897,261.06038490341));
#6884 = VECTOR('',#6885,1.);
#6885 = DIRECTION('',(0.,0.642787609687,0.766044443119));
#6886 = PCURVE('',#6887,#6892);
#6887 = PLANE('',#6888);
#6888 = AXIS2_PLACEMENT_3D('',#6889,#6890,#6891);
#6889 = CARTESIAN_POINT('',(1.2192E+03,-60.97509325897,261.06038490341));
#6890 = DIRECTION('',(1.,0.,0.));
#6891 = DIRECTION('',(0.,0.642787609687,0.766044443119));
#6892 = DEFINITIONAL_REPRESENTATION('',(#6893),#6897);
#6893 = LINE('',#6894,#6895);
#6894 = CARTESIAN_POINT('',(0.,0.));
#6895 = VECTOR('',#6896,1.);
#6896 = DIRECTION('',(1.,0.));
#6897 =(GEOMETRIC_REPRESENTATION_CONTEXT(2)PARAMETRIC_REPRESENTATION_CONTEXT()REPRESENTATION_CONTEXT('2D SPACE',''));
#6898 = PCURVE('',#6779,#6899);
#6899 = DEFINITIONAL_REPRESENTATION('',(#6900),#6904);
#6900 = LINE('',#6901,#6902);
#6901 = CARTESIAN_POINT('',(0.,2.4384E+03));
#6902 = VECTOR('',#6903,1.);
#6903 = DIRECTION('',(1.,0.));
#6904 =(GEOMETRIC_REPRESENTATION_CONTEXT(2)PARAMETRIC_REPRESENTATION_CONTEXT()REPRESENTATION_CONTEXT('2D SPACE',''));
#6905 = ORIENTED_EDGE('',*,*,#6906,.T.);
#6906 = EDGE_CURVE('',#6877,#6907,#6909,.T.);
#6907 = VERTEX_POINT('',#6908);
#6908 = CARTESIAN_POINT('',(1.2192E+03,-31.78879997614,236.57017697435));
#6909 = SURFACE_CURVE('',#6910,(#6914,#6921),.PCURVE_S1.);
#6910 = LINE('',#6911,#6912);
#6911 = CARTESIAN_POINT('',(1.2192E+03,-60.97509325897,261.06038490341));
#6912 = VECTOR('',#6913,1.);
#6913 = DIRECTION('',(0.,0.766044443119,-0.642787609687));
#6914 = PCURVE('',#6887,#6915);
#6915 = DEFINITIONAL_REPRESENTATION('',(#6916),#6920);
#6916 = LINE('',#6917,#6918);
#6917 = CARTESIAN_POINT('',(0.,0.));
#6918 = VECTOR('',#6919,1.);
#6919 = DIRECTION('',(0.,-1.));
#6920 =(GEOMETRIC_REPRESENTATION_CONTEXT(2)PARAMETRIC_REPRESENTATION_CONTEXT()REPRESENTATION_CONTEXT('2D SPACE',''));
#6921 = PCURVE('',#6807,#6922);
#6922 = DEFINITIONAL_REPRESENTATION('',(#6923),#6927);
#6923 = LINE('',#6924,#6925);
#6924 = CARTESIAN_POINT('',(2.4384E+03,0.));
#6925 = VECTOR('',#6926,1.);
#6926 = DIRECTION('',(0.,1.));
#6927 =(GEOMETRIC_REPRESENTATION_CONTEXT(2)PARAMETRIC_REPRESENTATION_CONTEXT()REPRESENTATION_CONTEXT('2D SPACE',''));
#6928 = ORIENTED_EDGE('',*,*,#6929,.T.);
#6929 = EDGE_CURVE('',#6907,#6930,#6932,.T.);
#6930 = VERTEX_POINT('',#6931);
#6931 = CARTESIAN_POINT('',(1.2192E+03,25.355018524992,304.67152796763));
#6932 = SURFACE_CURVE('',#6933,(#6937,#6944),.PCURVE_S1.);
#6933 = LINE('',#6934,#6935);
#6934 = CARTESIAN_POINT('',(1.2192E+03,-31.78879997614,236.57017697435));
#6935 = VECTOR('',#6936,1.);
#6936 = DIRECTION('',(0.,0.642787609687,0.766044443119));
#6937 = PCURVE('',#6887,#6938);
#6938 = DEFINITIONAL_REPRESENTATION('',(#6939),#6943);
#6939 = LINE('',#6940,#6941);
#6940 = CARTESIAN_POINT('',(-1.42108547152E-14,-38.1));
#6941 = VECTOR('',#6942,1.);
#6942 = DIRECTION('',(1.,0.));
#6943 =(GEOMETRIC_REPRESENTATION_CONTEXT(2)PARAMETRIC_REPRESENTATION_CONTEXT()REPRESENTATION_CONTEXT('2D SPACE',''));
#6944 = PCURVE('',#6835,#6945);
#6945 = DEFINITIONAL_REPRESENTATION('',(#6946),#6950);
#6946 = LINE('',#6947,#6948);
#6947 = CARTESIAN_POINT('',(0.,2.4384E+03));
#6948 = VECTOR('',#6949,1.);
#6949 = DIRECTION('',(1.,0.));
#6950 =(GEOMETRIC_REPRESENTATION_CONTEXT(2)PARAMETRIC_REPRESENTATION_CONTEXT()REPRESENTATION_CONTEXT('2D SPACE',''));
#6951 = ORIENTED_EDGE('',*,*,#6952,.F.);
#6952 = EDGE_CURVE('',#6879,#6930,#6953,.T.);
#6953 = SURFACE_CURVE('',#6954,(#6958,#6965),.PCURVE_S1.);
#6954 = LINE('',#6955,#6956);
#6955 = CARTESIAN_POINT('',(1.2192E+03,-3.831274757841,329.16173589669));
#6956 = VECTOR('',#6957,1.);
#6957 = DIRECTION('',(0.,0.766044443119,-0.642787609687));
#6958 = PCURVE('',#6887,#6959);
#6959 = DEFINITIONAL_REPRESENTATION('',(#6960),#6964);
#6960 = LINE('',#6961,#6962);
#6961 = CARTESIAN_POINT('',(88.9,0.));
#6962 = VECTOR('',#6963,1.);
#6963 = DIRECTION('',(0.,-1.));
#6964 =(GEOMETRIC_REPRESENTATION_CONTEXT(2)PARAMETRIC_REPRESENTATION_CONTEXT()REPRESENTATION_CONTEXT('2D SPACE',''));
#6965 = PCURVE('',#6861,#6966);
#6966 = DEFINITIONAL_REPRESENTATION('',(#6967),#6971);
#6967 = LINE('',#6968,#6969);
#6968 = CARTESIAN_POINT('',(2.4384E+03,0.));
#6969 = VECTOR('',#6970,1.);
#6970 = DIRECTION('',(0.,1.));
#6971 =(GEOMETRIC_REPRESENTATION_CONTEXT(2)PARAMETRIC_REPRESENTATION_CONTEXT()REPRESENTATION_CONTEXT('2D SPACE',''));
#6972 = ADVANCED_FACE('',(#6973),#6779,.F.);
#6973 = FACE_BOUND('',#6974,.F.);
#6974 = EDGE_LOOP('',(#6975,#6996,#6997,#7018));
#6975 = ORIENTED_EDGE('',*,*,#6976,.F.);
#6976 = EDGE_CURVE('',#6757,#6877,#6977,.T.);
#6977 = SURFACE_CURVE('',#6978,(#6982,#6989),.PCURVE_S1.);
#6978 = LINE('',#6979,#6980);
#6979 = CARTESIAN_POINT('',(-1.2192E+03,-60.97509325897,261.06038490341));
#6980 = VECTOR('',#6981,1.);
#6981 = DIRECTION('',(1.,0.,0.));
#6982 = PCURVE('',#6779,#6983);
#6983 = DEFINITIONAL_REPRESENTATION('',(#6984),#6988);
#6984 = LINE('',#6985,#6986);
#6985 = CARTESIAN_POINT('',(0.,0.));
#6986 = VECTOR('',#6987,1.);
#6987 = DIRECTION('',(0.,1.));
#6988 =(GEOMETRIC_REPRESENTATION_CONTEXT(2)PARAMETRIC_REPRESENTATION_CONTEXT()REPRESENTATION_CONTEXT('2D SPACE',''));
#6989 = PCURVE('',#6807,#6990);
#6990 = DEFINITIONAL_REPRESENTATION('',(#6991),#6995);
#6991 = LINE('',#6992,#6993);
#6992 = CARTESIAN_POINT('',(0.,0.));
#6993 = VECTOR('',#6994,1.);
#6994 = DIRECTION('',(1.,0.));
#6995 =(GEOMETRIC_REPRESENTATION_CONTEXT(2)PARAMETRIC_REPRESENTATION_CONTEXT()REPRESENTATION_CONTEXT('2D SPACE',''));
#6996 = ORIENTED_EDGE('',*,*,#6756,.T.);
#6997 = ORIENTED_EDGE('',*,*,#6998,.T.);
#6998 = EDGE_CURVE('',#6759,#6879,#6999,.T.);
#6999 = SURFACE_CURVE('',#7000,(#7004,#7011),.PCURVE_S1.);
#7000 = LINE('',#7001,#7002);
#7001 = CARTESIAN_POINT('',(-1.2192E+03,-3.831274757841,329.16173589669));
#7002 = VECTOR('',#7003,1.);
#7003 = DIRECTION('',(1.,0.,0.));
#7004 = PCURVE('',#6779,#7005);
#7005 = DEFINITIONAL_REPRESENTATION('',(#7006),#7010);
#7006 = LINE('',#7007,#7008);
#7007 = CARTESIAN_POINT('',(88.9,0.));
#7008 = VECTOR('',#7009,1.);
#7009 = DIRECTION('',(0.,1.));
#7010 =(GEOMETRIC_REPRESENTATION_CONTEXT(2)PARAMETRIC_REPRESENTATION_CONTEXT()REPRESENTATION_CONTEXT('2D SPACE',''));
#7011 = PCURVE('',#6861,#7012);
#7012 = DEFINITIONAL_REPRESENTATION('',(#7013),#7017);
#7013 = LINE('',#7014,#7015);
#7014 = CARTESIAN_POINT('',(0.,0.));
#7015 = VECTOR('',#7016,1.);
#7016 = DIRECTION('',(1.,0.));
#7017 =(GEOMETRIC_REPRESENTATION_CONTEXT(2)PARAMETRIC_REPRESENTATION_CONTEXT()REPRESENTATION_CONTEXT('2D SPACE',''));
#7018 = ORIENTED_EDGE('',*,*,#6876,.F.);
#7019 = ADVANCED_FACE('',(#7020),#6835,.T.);
#7020 = FACE_BOUND('',#7021,.T.);
#7021 = EDGE_LOOP('',(#7022,#7043,#7044,#7065));
#7022 = ORIENTED_EDGE('',*,*,#7023,.F.);
#7023 = EDGE_CURVE('',#6792,#6907,#7024,.T.);
#7024 = SURFACE_CURVE('',#7025,(#7029,#7036),.PCURVE_S1.);
#7025 = LINE('',#7026,#7027);
#7026 = CARTESIAN_POINT('',(-1.2192E+03,-31.78879997614,236.57017697435));
#7027 = VECTOR('',#7028,1.);
#7028 = DIRECTION('',(1.,0.,0.));
#7029 = PCURVE('',#6835,#7030);
#7030 = DEFINITIONAL_REPRESENTATION('',(#7031),#7035);
#7031 = LINE('',#7032,#7033);
#7032 = CARTESIAN_POINT('',(0.,0.));
#7033 = VECTOR('',#7034,1.);
#7034 = DIRECTION('',(0.,1.));
#7035 =(GEOMETRIC_REPRESENTATION_CONTEXT(2)PARAMETRIC_REPRESENTATION_CONTEXT()REPRESENTATION_CONTEXT('2D SPACE',''));
#7036 = PCURVE('',#6807,#7037);
#7037 = DEFINITIONAL_REPRESENTATION('',(#7038),#7042);
#7038 = LINE('',#7039,#7040);
#7039 = CARTESIAN_POINT('',(0.,38.1));
#7040 = VECTOR('',#7041,1.);
#7041 = DIRECTION('',(1.,0.));
#7042 =(GEOMETRIC_REPRESENTATION_CONTEXT(2)PARAMETRIC_REPRESENTATION_CONTEXT()REPRESENTATION_CONTEXT('2D SPACE',''));
#7043 = ORIENTED_EDGE('',*,*,#6819,.T.);
#7044 = ORIENTED_EDGE('',*,*,#7045,.T.);
#7045 = EDGE_CURVE('',#6820,#6930,#7046,.T.);
#7046 = SURFACE_CURVE('',#7047,(#7051,#7058),.PCURVE_S1.);
#7047 = LINE('',#7048,#7049);
#7048 = CARTESIAN_POINT('',(-1.2192E+03,25.355018524992,304.67152796763));
#7049 = VECTOR('',#7050,1.);
#7050 = DIRECTION('',(1.,0.,0.));
#7051 = PCURVE('',#6835,#7052);
#7052 = DEFINITIONAL_REPRESENTATION('',(#7053),#7057);
#7053 = LINE('',#7054,#7055);
#7054 = CARTESIAN_POINT('',(88.9,0.));
#7055 = VECTOR('',#7056,1.);
#7056 = DIRECTION('',(0.,1.));
#7057 =(GEOMETRIC_REPRESENTATION_CONTEXT(2)PARAMETRIC_REPRESENTATION_CONTEXT()REPRESENTATION_CONTEXT('2D SPACE',''));
#7058 = PCURVE('',#6861,#7059);
#7059 = DEFINITIONAL_REPRESENTATION('',(#7060),#7064);
#7060 = LINE('',#7061,#7062);
#7061 = CARTESIAN_POINT('',(0.,38.1));
#7062 = VECTOR('',#7063,1.);
#7063 = DIRECTION('',(1.,0.));
#7064 =(GEOMETRIC_REPRESENTATION_CONTEXT(2)PARAMETRIC_REPRESENTATION_CONTEXT()REPRESENTATION_CONTEXT('2D SPACE',''));
#7065 = ORIENTED_EDGE('',*,*,#6929,.F.);
#7066 = ADVANCED_FACE('',(#7067),#6807,.F.);
#7067 = FACE_BOUND('',#7068,.F.);
#7068 = EDGE_LOOP('',(#7069,#7070,#7071,#7072));
#7069 = ORIENTED_EDGE('',*,*,#6791,.F.);
#7070 = ORIENTED_EDGE('',*,*,#6976,.T.);
#7071 = ORIENTED_EDGE('',*,*,#6906,.T.);
#7072 = ORIENTED_EDGE('',*,*,#7023,.F.);
#7073 = ADVANCED_FACE('',(#7074),#6861,.T.);
#7074 = FACE_BOUND('',#7075,.T.);
#7075 = EDGE_LOOP('',(#7076,#7077,#7078,#7079));
#7076 = ORIENTED_EDGE('',*,*,#6847,.F.);
#7077 = ORIENTED_EDGE('',*,*,#6998,.T.);
#7078 = ORIENTED_EDGE('',*,*,#6952,.T.);
#7079 = ORIENTED_EDGE('',*,*,#7045,.F.);
#7080 =(GEOMETRIC_REPRESENTATION_CONTEXT(3)GLOBAL_UNCERTAINTY_ASSIGNED_CONTEXT((#7084))GLOBAL_UNIT_ASSIGNED_CONTEXT((#7081,#7082,#7083))REPRESENTATION_CONTEXT('Context #1','3D Context with UNIT and UNCERTAINTY'));
#7081 =(LENGTH_UNIT()NAMED_UNIT(*)SI_UNIT(.MILLI.,.METRE.));
#7082 =(NAMED_UNIT(*)PLANE_ANGLE_UNIT()SI_UNIT($,.RADIAN.));
#7083 =(NAMED_UNIT(*)SI_UNIT($,.STERADIAN.)SOLID_ANGLE_UNIT());
#7084 = UNCERTAINTY_MEASURE_WITH_UNIT(LENGTH_MEASURE(1.E-07),#7081,'distance_accuracy_value','confusion accuracy');
#7085 = CONTEXT_DEPENDENT_SHAPE_REPRESENTATION(#7086,#7088);
#7086 =(REPRESENTATION_RELATIONSHIP('','',#6749,#10)REPRESENTATION_RELATIONSHIP_WITH_TRANSFORMATION(#7087)SHAPE_REPRESENTATION_RELATIONSHIP());
#7087 = ITEM_DEFINED_TRANSFORMATION('','',#11,#83);
#7088 = PRODUCT_DEFINITION_SHAPE('Placement','Placement of an item',#7089);
#7089 = NEXT_ASSEMBLY_USAGE_OCCURRENCE('18','panel_edge_bottom','',#5,#6744,$);
#7090 = PRODUCT_RELATED_PRODUCT_CATEGORY('part',$,(#6746));
#7091 = SHAPE_DEFINITION_REPRESENTATION(#7092,#7098);
#7092 = PRODUCT_DEFINITION_SHAPE('','',#7093);
#7093 = PRODUCT_DEFINITION('design','',#7094,#7097);
#7094 = PRODUCT_DEFINITION_FORMATION('','',#7095);
#7095 = PRODUCT('panel_edge_top','panel_edge_top','',(#7096));
#7096 = PRODUCT_CONTEXT('',#2,'mechanical');
#7097 = PRODUCT_DEFINITION_CONTEXT('part definition',#2,'design');
#7098 = ADVANCED_BREP_SHAPE_REPRESENTATION('',(#11,#7099),#7429);
#7099 = MANIFOLD_SOLID_BREP('',#7100);
#7100 = CLOSED_SHELL('',(#7101,#7221,#7321,#7368,#7415,#7422));
#7101 = ADVANCED_FACE('',(#7102),#7116,.F.);
#7102 = FACE_BOUND('',#7103,.F.);
#7103 = EDGE_LOOP('',(#7104,#7139,#7167,#7195));
#7104 = ORIENTED_EDGE('',*,*,#7105,.F.);
#7105 = EDGE_CURVE('',#7106,#7108,#7110,.T.);
#7106 = VERTEX_POINT('',#7107);
#7107 = CARTESIAN_POINT('',(-1.2192E+03,1.4492543957E+03,2.060881804011E+03));
#7108 = VERTEX_POINT('',#7109);
#7109 = CARTESIAN_POINT('',(-1.2192E+03,1.506398214201E+03,2.128983155005E+03));
#7110 = SURFACE_CURVE('',#7111,(#7115,#7127),.PCURVE_S1.);
#7111 = LINE('',#7112,#7113);
#7112 = CARTESIAN_POINT('',(-1.2192E+03,1.4492543957E+03,2.060881804011E+03));
#7113 = VECTOR('',#7114,1.);
#7114 = DIRECTION('',(0.,0.642787609687,0.766044443119));
#7115 = PCURVE('',#7116,#7121);
#7116 = PLANE('',#7117);
#7117 = AXIS2_PLACEMENT_3D('',#7118,#7119,#7120);
#7118 = CARTESIAN_POINT('',(-1.2192E+03,1.4492543957E+03,2.060881804011E+03));
#7119 = DIRECTION('',(1.,0.,0.));
#7120 = DIRECTION('',(0.,0.642787609687,0.766044443119));
#7121 = DEFINITIONAL_REPRESENTATION('',(#7122),#7126);
#7122 = LINE('',#7123,#7124);
#7123 = CARTESIAN_POINT('',(0.,0.));
#7124 = VECTOR('',#7125,1.);
#7125 = DIRECTION('',(1.,0.));
#7126 =(GEOMETRIC_REPRESENTATION_CONTEXT(2)PARAMETRIC_REPRESENTATION_CONTEXT()REPRESENTATION_CONTEXT('2D SPACE',''));
#7127 = PCURVE('',#7128,#7133);
#7128 = PLANE('',#7129);
#7129 = AXIS2_PLACEMENT_3D('',#7130,#7131,#7132);
#7130 = CARTESIAN_POINT('',(-1.2192E+03,1.4492543957E+03,2.060881804011E+03));
#7131 = DIRECTION('',(0.,0.766044443119,-0.642787609687));
#7132 = DIRECTION('',(0.,0.642787609687,0.766044443119));
#7133 = DEFINITIONAL_REPRESENTATION('',(#7134),#7138);
#7134 = LINE('',#7135,#7136);
#7135 = CARTESIAN_POINT('',(0.,0.));
#7136 = VECTOR('',#7137,1.);
#7137 = DIRECTION('',(1.,0.));
#7138 =(GEOMETRIC_REPRESENTATION_CONTEXT(2)PARAMETRIC_REPRESENTATION_CONTEXT()REPRESENTATION_CONTEXT('2D SPACE',''));
#7139 = ORIENTED_EDGE('',*,*,#7140,.T.);
#7140 = EDGE_CURVE('',#7106,#7141,#7143,.T.);
#7141 = VERTEX_POINT('',#7142);
#7142 = CARTESIAN_POINT('',(-1.2192E+03,1.478440688982E+03,2.036391596082E+03));
#7143 = SURFACE_CURVE('',#7144,(#7148,#7155),.PCURVE_S1.);
#7144 = LINE('',#7145,#7146);
#7145 = CARTESIAN_POINT('',(-1.2192E+03,1.4492543957E+03,2.060881804011E+03));
#7146 = VECTOR('',#7147,1.);
#7147 = DIRECTION('',(0.,0.766044443119,-0.642787609687));
#7148 = PCURVE('',#7116,#7149);
#7149 = DEFINITIONAL_REPRESENTATION('',(#7150),#7154);
#7150 = LINE('',#7151,#7152);
#7151 = CARTESIAN_POINT('',(0.,0.));
#7152 = VECTOR('',#7153,1.);
#7153 = DIRECTION('',(0.,-1.));
#7154 =(GEOMETRIC_REPRESENTATION_CONTEXT(2)PARAMETRIC_REPRESENTATION_CONTEXT()REPRESENTATION_CONTEXT('2D SPACE',''));
#7155 = PCURVE('',#7156,#7161);
#7156 = PLANE('',#7157);
#7157 = AXIS2_PLACEMENT_3D('',#7158,#7159,#7160);
#7158 = CARTESIAN_POINT('',(-1.2192E+03,1.4492543957E+03,2.060881804011E+03));
#7159 = DIRECTION('',(0.,0.642787609687,0.766044443119));
#7160 = DIRECTION('',(1.,0.,0.));
#7161 = DEFINITIONAL_REPRESENTATION('',(#7162),#7166);
#7162 = LINE('',#7163,#7164);
#7163 = CARTESIAN_POINT('',(0.,0.));
#7164 = VECTOR('',#7165,1.);
#7165 = DIRECTION('',(0.,1.));
#7166 =(GEOMETRIC_REPRESENTATION_CONTEXT(2)PARAMETRIC_REPRESENTATION_CONTEXT()REPRESENTATION_CONTEXT('2D SPACE',''));
#7167 = ORIENTED_EDGE('',*,*,#7168,.T.);
#7168 = EDGE_CURVE('',#7141,#7169,#7171,.T.);
#7169 = VERTEX_POINT('',#7170);
#7170 = CARTESIAN_POINT('',(-1.2192E+03,1.535584507484E+03,2.104492947076E+03));
#7171 = SURFACE_CURVE('',#7172,(#7176,#7183),.PCURVE_S1.);
#7172 = LINE('',#7173,#7174);
#7173 = CARTESIAN_POINT('',(-1.2192E+03,1.478440688982E+03,2.036391596082E+03));
#7174 = VECTOR('',#7175,1.);
#7175 = DIRECTION('',(0.,0.642787609687,0.766044443119));
#7176 = PCURVE('',#7116,#7177);
#7177 = DEFINITIONAL_REPRESENTATION('',(#7178),#7182);
#7178 = LINE('',#7179,#7180);
#7179 = CARTESIAN_POINT('',(4.263256414561E-14,-38.1));
#7180 = VECTOR('',#7181,1.);
#7181 = DIRECTION('',(1.,0.));
#7182 =(GEOMETRIC_REPRESENTATION_CONTEXT(2)PARAMETRIC_REPRESENTATION_CONTEXT()REPRESENTATION_CONTEXT('2D SPACE',''));
#7183 = PCURVE('',#7184,#7189);
#7184 = PLANE('',#7185);
#7185 = AXIS2_PLACEMENT_3D('',#7186,#7187,#7188);
#7186 = CARTESIAN_POINT('',(-1.2192E+03,1.478440688982E+03,2.036391596082E+03));
#7187 = DIRECTION('',(0.,0.766044443119,-0.642787609687));
#7188 = DIRECTION('',(0.,0.642787609687,0.766044443119));
#7189 = DEFINITIONAL_REPRESENTATION('',(#7190),#7194);
#7190 = LINE('',#7191,#7192);
#7191 = CARTESIAN_POINT('',(0.,0.));
#7192 = VECTOR('',#7193,1.);
#7193 = DIRECTION('',(1.,0.));
#7194 =(GEOMETRIC_REPRESENTATION_CONTEXT(2)PARAMETRIC_REPRESENTATION_CONTEXT()REPRESENTATION_CONTEXT('2D SPACE',''));
#7195 = ORIENTED_EDGE('',*,*,#7196,.F.);
#7196 = EDGE_CURVE('',#7108,#7169,#7197,.T.);
#7197 = SURFACE_CURVE('',#7198,(#7202,#7209),.PCURVE_S1.);
#7198 = LINE('',#7199,#7200);
#7199 = CARTESIAN_POINT('',(-1.2192E+03,1.506398214201E+03,2.128983155005E+03));
#7200 = VECTOR('',#7201,1.);
#7201 = DIRECTION('',(0.,0.766044443119,-0.642787609687));
#7202 = PCURVE('',#7116,#7203);
#7203 = DEFINITIONAL_REPRESENTATION('',(#7204),#7208);
#7204 = LINE('',#7205,#7206);
#7205 = CARTESIAN_POINT('',(88.9,2.84217094304E-14));
#7206 = VECTOR('',#7207,1.);
#7207 = DIRECTION('',(0.,-1.));
#7208 =(GEOMETRIC_REPRESENTATION_CONTEXT(2)PARAMETRIC_REPRESENTATION_CONTEXT()REPRESENTATION_CONTEXT('2D SPACE',''));
#7209 = PCURVE('',#7210,#7215);
#7210 = PLANE('',#7211);
#7211 = AXIS2_PLACEMENT_3D('',#7212,#7213,#7214);
#7212 = CARTESIAN_POINT('',(-1.2192E+03,1.506398214201E+03,2.128983155005E+03));
#7213 = DIRECTION('',(0.,0.642787609687,0.766044443119));
#7214 = DIRECTION('',(1.,0.,0.));
#7215 = DEFINITIONAL_REPRESENTATION('',(#7216),#7220);
#7216 = LINE('',#7217,#7218);
#7217 = CARTESIAN_POINT('',(0.,0.));
#7218 = VECTOR('',#7219,1.);
#7219 = DIRECTION('',(0.,1.));
#7220 =(GEOMETRIC_REPRESENTATION_CONTEXT(2)PARAMETRIC_REPRESENTATION_CONTEXT()REPRESENTATION_CONTEXT('2D SPACE',''));
#7221 = ADVANCED_FACE('',(#7222),#7236,.T.);
#7222 = FACE_BOUND('',#7223,.T.);
#7223 = EDGE_LOOP('',(#7224,#7254,#7277,#7300));
#7224 = ORIENTED_EDGE('',*,*,#7225,.F.);
#7225 = EDGE_CURVE('',#7226,#7228,#7230,.T.);
#7226 = VERTEX_POINT('',#7227);
#7227 = CARTESIAN_POINT('',(1.2192E+03,1.4492543957E+03,2.060881804011E+03));
#7228 = VERTEX_POINT('',#7229);
#7229 = CARTESIAN_POINT('',(1.2192E+03,1.506398214201E+03,2.128983155005E+03));
#7230 = SURFACE_CURVE('',#7231,(#7235,#7247),.PCURVE_S1.);
#7231 = LINE('',#7232,#7233);
#7232 = CARTESIAN_POINT('',(1.2192E+03,1.4492543957E+03,2.060881804011E+03));
#7233 = VECTOR('',#7234,1.);
#7234 = DIRECTION('',(0.,0.642787609687,0.766044443119));
#7235 = PCURVE('',#7236,#7241);
#7236 = PLANE('',#7237);
#7237 = AXIS2_PLACEMENT_3D('',#7238,#7239,#7240);
#7238 = CARTESIAN_POINT('',(1.2192E+03,1.4492543957E+03,2.060881804011E+03));
#7239 = DIRECTION('',(1.,0.,0.));
#7240 = DIRECTION('',(0.,0.642787609687,0.766044443119));
#7241 = DEFINITIONAL_REPRESENTATION('',(#7242),#7246);
#7242 = LINE('',#7243,#7244);
#7243 = CARTESIAN_POINT('',(0.,0.));
#7244 = VECTOR('',#7245,1.);
#7245 = DIRECTION('',(1.,0.));
#7246 =(GEOMETRIC_REPRESENTATION_CONTEXT(2)PARAMETRIC_REPRESENTATION_CONTEXT()REPRESENTATION_CONTEXT('2D SPACE',''));
#7247 = PCURVE('',#7128,#7248);
#7248 = DEFINITIONAL_REPRESENTATION('',(#7249),#7253);
#7249 = LINE('',#7250,#7251);
#7250 = CARTESIAN_POINT('',(0.,2.4384E+03));
#7251 = VECTOR('',#7252,1.);
#7252 = DIRECTION('',(1.,0.));
#7253 =(GEOMETRIC_REPRESENTATION_CONTEXT(2)PARAMETRIC_REPRESENTATION_CONTEXT()REPRESENTATION_CONTEXT('2D SPACE',''));
#7254 = ORIENTED_EDGE('',*,*,#7255,.T.);
#7255 = EDGE_CURVE('',#7226,#7256,#7258,.T.);
#7256 = VERTEX_POINT('',#7257);
#7257 = CARTESIAN_POINT('',(1.2192E+03,1.478440688982E+03,2.036391596082E+03));
#7258 = SURFACE_CURVE('',#7259,(#7263,#7270),.PCURVE_S1.);
#7259 = LINE('',#7260,#7261);
#7260 = CARTESIAN_POINT('',(1.2192E+03,1.4492543957E+03,2.060881804011E+03));
#7261 = VECTOR('',#7262,1.);
#7262 = DIRECTION('',(0.,0.766044443119,-0.642787609687));
#7263 = PCURVE('',#7236,#7264);
#7264 = DEFINITIONAL_REPRESENTATION('',(#7265),#7269);
#7265 = LINE('',#7266,#7267);
#7266 = CARTESIAN_POINT('',(0.,0.));
#7267 = VECTOR('',#7268,1.);
#7268 = DIRECTION('',(0.,-1.));
#7269 =(GEOMETRIC_REPRESENTATION_CONTEXT(2)PARAMETRIC_REPRESENTATION_CONTEXT()REPRESENTATION_CONTEXT('2D SPACE',''));
#7270 = PCURVE('',#7156,#7271);
#7271 = DEFINITIONAL_REPRESENTATION('',(#7272),#7276);
#7272 = LINE('',#7273,#7274);
#7273 = CARTESIAN_POINT('',(2.4384E+03,0.));
#7274 = VECTOR('',#7275,1.);
#7275 = DIRECTION('',(0.,1.));
#7276 =(GEOMETRIC_REPRESENTATION_CONTEXT(2)PARAMETRIC_REPRESENTATION_CONTEXT()REPRESENTATION_CONTEXT('2D SPACE',''));
#7277 = ORIENTED_EDGE('',*,*,#7278,.T.);
#7278 = EDGE_CURVE('',#7256,#7279,#7281,.T.);
#7279 = VERTEX_POINT('',#7280);
#7280 = CARTESIAN_POINT('',(1.2192E+03,1.535584507484E+03,2.104492947076E+03));
#7281 = SURFACE_CURVE('',#7282,(#7286,#7293),.PCURVE_S1.);
#7282 = LINE('',#7283,#7284);
#7283 = CARTESIAN_POINT('',(1.2192E+03,1.478440688982E+03,2.036391596082E+03));
#7284 = VECTOR('',#7285,1.);
#7285 = DIRECTION('',(0.,0.642787609687,0.766044443119));
#7286 = PCURVE('',#7236,#7287);
#7287 = DEFINITIONAL_REPRESENTATION('',(#7288),#7292);
#7288 = LINE('',#7289,#7290);
#7289 = CARTESIAN_POINT('',(4.263256414561E-14,-38.1));
#7290 = VECTOR('',#7291,1.);
#7291 = DIRECTION('',(1.,0.));
#7292 =(GEOMETRIC_REPRESENTATION_CONTEXT(2)PARAMETRIC_REPRESENTATION_CONTEXT()REPRESENTATION_CONTEXT('2D SPACE',''));
#7293 = PCURVE('',#7184,#7294);
#7294 = DEFINITIONAL_REPRESENTATION('',(#7295),#7299);
#7295 = LINE('',#7296,#7297);
#7296 = CARTESIAN_POINT('',(0.,2.4384E+03));
#7297 = VECTOR('',#7298,1.);
#7298 = DIRECTION('',(1.,0.));
#7299 =(GEOMETRIC_REPRESENTATION_CONTEXT(2)PARAMETRIC_REPRESENTATION_CONTEXT()REPRESENTATION_CONTEXT('2D SPACE',''));
#7300 = ORIENTED_EDGE('',*,*,#7301,.F.);
#7301 = EDGE_CURVE('',#7228,#7279,#7302,.T.);
#7302 = SURFACE_CURVE('',#7303,(#7307,#7314),.PCURVE_S1.);
#7303 = LINE('',#7304,#7305);
#7304 = CARTESIAN_POINT('',(1.2192E+03,1.506398214201E+03,2.128983155005E+03));
#7305 = VECTOR('',#7306,1.);
#7306 = DIRECTION('',(0.,0.766044443119,-0.642787609687));
#7307 = PCURVE('',#7236,#7308);
#7308 = DEFINITIONAL_REPRESENTATION('',(#7309),#7313);
#7309 = LINE('',#7310,#7311);
#7310 = CARTESIAN_POINT('',(88.9,2.84217094304E-14));
#7311 = VECTOR('',#7312,1.);
#7312 = DIRECTION('',(0.,-1.));
#7313 =(GEOMETRIC_REPRESENTATION_CONTEXT(2)PARAMETRIC_REPRESENTATION_CONTEXT()REPRESENTATION_CONTEXT('2D SPACE',''));
#7314 = PCURVE('',#7210,#7315);
#7315 = DEFINITIONAL_REPRESENTATION('',(#7316),#7320);
#7316 = LINE('',#7317,#7318);
#7317 = CARTESIAN_POINT('',(2.4384E+03,0.));
#7318 = VECTOR('',#7319,1.);
#7319 = DIRECTION('',(0.,1.));
#7320 =(GEOMETRIC_REPRESENTATION_CONTEXT(2)PARAMETRIC_REPRESENTATION_CONTEXT()REPRESENTATION_CONTEXT('2D SPACE',''));
#7321 = ADVANCED_FACE('',(#7322),#7128,.F.);
#7322 = FACE_BOUND('',#7323,.F.);
#7323 = EDGE_LOOP('',(#7324,#7345,#7346,#7367));
#7324 = ORIENTED_EDGE('',*,*,#7325,.F.);
#7325 = EDGE_CURVE('',#7106,#7226,#7326,.T.);
#7326 = SURFACE_CURVE('',#7327,(#7331,#7338),.PCURVE_S1.);
#7327 = LINE('',#7328,#7329);
#7328 = CARTESIAN_POINT('',(-1.2192E+03,1.4492543957E+03,2.060881804011E+03));
#7329 = VECTOR('',#7330,1.);
#7330 = DIRECTION('',(1.,0.,0.));
#7331 = PCURVE('',#7128,#7332);
#7332 = DEFINITIONAL_REPRESENTATION('',(#7333),#7337);
#7333 = LINE('',#7334,#7335);
#7334 = CARTESIAN_POINT('',(0.,0.));
#7335 = VECTOR('',#7336,1.);
#7336 = DIRECTION('',(0.,1.));
#7337 =(GEOMETRIC_REPRESENTATION_CONTEXT(2)PARAMETRIC_REPRESENTATION_CONTEXT()REPRESENTATION_CONTEXT('2D SPACE',''));
#7338 = PCURVE('',#7156,#7339);
#7339 = DEFINITIONAL_REPRESENTATION('',(#7340),#7344);
#7340 = LINE('',#7341,#7342);
#7341 = CARTESIAN_POINT('',(0.,0.));
#7342 = VECTOR('',#7343,1.);
#7343 = DIRECTION('',(1.,0.));
#7344 =(GEOMETRIC_REPRESENTATION_CONTEXT(2)PARAMETRIC_REPRESENTATION_CONTEXT()REPRESENTATION_CONTEXT('2D SPACE',''));
#7345 = ORIENTED_EDGE('',*,*,#7105,.T.);
#7346 = ORIENTED_EDGE('',*,*,#7347,.T.);
#7347 = EDGE_CURVE('',#7108,#7228,#7348,.T.);
#7348 = SURFACE_CURVE('',#7349,(#7353,#7360),.PCURVE_S1.);
#7349 = LINE('',#7350,#7351);
#7350 = CARTESIAN_POINT('',(-1.2192E+03,1.506398214201E+03,2.128983155005E+03));
#7351 = VECTOR('',#7352,1.);
#7352 = DIRECTION('',(1.,0.,0.));
#7353 = PCURVE('',#7128,#7354);
#7354 = DEFINITIONAL_REPRESENTATION('',(#7355),#7359);
#7355 = LINE('',#7356,#7357);
#7356 = CARTESIAN_POINT('',(88.9,0.));
#7357 = VECTOR('',#7358,1.);
#7358 = DIRECTION('',(0.,1.));
#7359 =(GEOMETRIC_REPRESENTATION_CONTEXT(2)PARAMETRIC_REPRESENTATION_CONTEXT()REPRESENTATION_CONTEXT('2D SPACE',''));
#7360 = PCURVE('',#7210,#7361);
#7361 = DEFINITIONAL_REPRESENTATION('',(#7362),#7366);
#7362 = LINE('',#7363,#7364);
#7363 = CARTESIAN_POINT('',(0.,0.));
#7364 = VECTOR('',#7365,1.);
#7365 = DIRECTION('',(1.,0.));
#7366 =(GEOMETRIC_REPRESENTATION_CONTEXT(2)PARAMETRIC_REPRESENTATION_CONTEXT()REPRESENTATION_CONTEXT('2D SPACE',''));
#7367 = ORIENTED_EDGE('',*,*,#7225,.F.);
#7368 = ADVANCED_FACE('',(#7369),#7184,.T.);
#7369 = FACE_BOUND('',#7370,.T.);
#7370 = EDGE_LOOP('',(#7371,#7392,#7393,#7414));
#7371 = ORIENTED_EDGE('',*,*,#7372,.F.);
#7372 = EDGE_CURVE('',#7141,#7256,#7373,.T.);
#7373 = SURFACE_CURVE('',#7374,(#7378,#7385),.PCURVE_S1.);
#7374 = LINE('',#7375,#7376);
#7375 = CARTESIAN_POINT('',(-1.2192E+03,1.478440688982E+03,2.036391596082E+03));
#7376 = VECTOR('',#7377,1.);
#7377 = DIRECTION('',(1.,0.,0.));
#7378 = PCURVE('',#7184,#7379);
#7379 = DEFINITIONAL_REPRESENTATION('',(#7380),#7384);
#7380 = LINE('',#7381,#7382);
#7381 = CARTESIAN_POINT('',(0.,0.));
#7382 = VECTOR('',#7383,1.);
#7383 = DIRECTION('',(0.,1.));
#7384 =(GEOMETRIC_REPRESENTATION_CONTEXT(2)PARAMETRIC_REPRESENTATION_CONTEXT()REPRESENTATION_CONTEXT('2D SPACE',''));
#7385 = PCURVE('',#7156,#7386);
#7386 = DEFINITIONAL_REPRESENTATION('',(#7387),#7391);
#7387 = LINE('',#7388,#7389);
#7388 = CARTESIAN_POINT('',(0.,38.1));
#7389 = VECTOR('',#7390,1.);
#7390 = DIRECTION('',(1.,0.));
#7391 =(GEOMETRIC_REPRESENTATION_CONTEXT(2)PARAMETRIC_REPRESENTATION_CONTEXT()REPRESENTATION_CONTEXT('2D SPACE',''));
#7392 = ORIENTED_EDGE('',*,*,#7168,.T.);
#7393 = ORIENTED_EDGE('',*,*,#7394,.T.);
#7394 = EDGE_CURVE('',#7169,#7279,#7395,.T.);
#7395 = SURFACE_CURVE('',#7396,(#7400,#7407),.PCURVE_S1.);
#7396 = LINE('',#7397,#7398);
#7397 = CARTESIAN_POINT('',(-1.2192E+03,1.535584507484E+03,2.104492947076E+03));
#7398 = VECTOR('',#7399,1.);
#7399 = DIRECTION('',(1.,0.,0.));
#7400 = PCURVE('',#7184,#7401);
#7401 = DEFINITIONAL_REPRESENTATION('',(#7402),#7406);
#7402 = LINE('',#7403,#7404);
#7403 = CARTESIAN_POINT('',(88.9,0.));
#7404 = VECTOR('',#7405,1.);
#7405 = DIRECTION('',(0.,1.));
#7406 =(GEOMETRIC_REPRESENTATION_CONTEXT(2)PARAMETRIC_REPRESENTATION_CONTEXT()REPRESENTATION_CONTEXT('2D SPACE',''));
#7407 = PCURVE('',#7210,#7408);
#7408 = DEFINITIONAL_REPRESENTATION('',(#7409),#7413);
#7409 = LINE('',#7410,#7411);
#7410 = CARTESIAN_POINT('',(0.,38.1));
#7411 = VECTOR('',#7412,1.);
#7412 = DIRECTION('',(1.,0.));
#7413 =(GEOMETRIC_REPRESENTATION_CONTEXT(2)PARAMETRIC_REPRESENTATION_CONTEXT()REPRESENTATION_CONTEXT('2D SPACE',''));
#7414 = ORIENTED_EDGE('',*,*,#7278,.F.);
#7415 = ADVANCED_FACE('',(#7416),#7156,.F.);
#7416 = FACE_BOUND('',#7417,.F.);
#7417 = EDGE_LOOP('',(#7418,#7419,#7420,#7421));
#7418 = ORIENTED_EDGE('',*,*,#7140,.F.);
#7419 = ORIENTED_EDGE('',*,*,#7325,.T.);
#7420 = ORIENTED_EDGE('',*,*,#7255,.T.);
#7421 = ORIENTED_EDGE('',*,*,#7372,.F.);
#7422 = ADVANCED_FACE('',(#7423),#7210,.T.);
#7423 = FACE_BOUND('',#7424,.T.);
#7424 = EDGE_LOOP('',(#7425,#7426,#7427,#7428));
#7425 = ORIENTED_EDGE('',*,*,#7196,.F.);
#7426 = ORIENTED_EDGE('',*,*,#7347,.T.);
#7427 = ORIENTED_EDGE('',*,*,#7301,.T.);
#7428 = ORIENTED_EDGE('',*,*,#7394,.F.);
#7429 =(GEOMETRIC_REPRESENTATION_CONTEXT(3)GLOBAL_UNCERTAINTY_ASSIGNED_CONTEXT((#7433))GLOBAL_UNIT_ASSIGNED_CONTEXT((#7430,#7431,#7432))REPRESENTATION_CONTEXT('Context #1','3D Context with UNIT and UNCERTAINTY'));
#7430 =(LENGTH_UNIT()NAMED_UNIT(*)SI_UNIT(.MILLI.,.METRE.));
#7431 =(NAMED_UNIT(*)PLANE_ANGLE_UNIT()SI_UNIT($,.RADIAN.));
#7432 =(NAMED_UNIT(*)SI_UNIT($,.STERADIAN.)SOLID_ANGLE_UNIT());
#7433 = UNCERTAINTY_MEASURE_WITH_UNIT(LENGTH_MEASURE(1.E-07),#7430,'distance_accuracy_value','confusion accuracy');
#7434 = CONTEXT_DEPENDENT_SHAPE_REPRESENTATION(#7435,#7437);
#7435 =(REPRESENTATION_RELATIONSHIP('','',#7098,#10)REPRESENTATION_RELATIONSHIP_WITH_TRANSFORMATION(#7436)SHAPE_REPRESENTATION_RELATIONSHIP());
#7436 = ITEM_DEFINED_TRANSFORMATION('','',#11,#87);
#7437 = PRODUCT_DEFINITION_SHAPE('Placement','Placement of an item',#7438);
#7438 = NEXT_ASSEMBLY_USAGE_OCCURRENCE('19','panel_edge_top','',#5,#7093,$);
#7439 = PRODUCT_RELATED_PRODUCT_CATEGORY('part',$,(#7095));
#7440 = SHAPE_DEFINITION_REPRESENTATION(#7441,#7447);
#7441 = PRODUCT_DEFINITION_SHAPE('','',#7442);
#7442 = PRODUCT_DEFINITION('design','',#7443,#7446);
#7443 = PRODUCT_DEFINITION_FORMATION('','',#7444);
#7444 = PRODUCT('panel_seam_horizontal','panel_seam_horizontal','',(#7445));
#7445 = PRODUCT_CONTEXT('',#2,'mechanical');
#7446 = PRODUCT_DEFINITION_CONTEXT('part definition',#2,'design');
#7447 = ADVANCED_BREP_SHAPE_REPRESENTATION('',(#11,#7448),#7778);
#7448 = MANIFOLD_SOLID_BREP('',#7449);
#7449 = CLOSED_SHELL('',(#7450,#7570,#7670,#7717,#7764,#7771));
#7450 = ADVANCED_FACE('',(#7451),#7465,.F.);
#7451 = FACE_BOUND('',#7452,.F.);
#7452 = EDGE_LOOP('',(#7453,#7488,#7516,#7544));
#7453 = ORIENTED_EDGE('',*,*,#7454,.F.);
#7454 = EDGE_CURVE('',#7455,#7457,#7459,.T.);
#7455 = VERTEX_POINT('',#7456);
#7456 = CARTESIAN_POINT('',(-1.2192E+03,677.81284593424,1.141513565602E+03));
#7457 = VERTEX_POINT('',#7458);
#7458 = CARTESIAN_POINT('',(-1.2192E+03,767.61027500745,1.248529974306E+03));
#7459 = SURFACE_CURVE('',#7460,(#7464,#7476),.PCURVE_S1.);
#7460 = LINE('',#7461,#7462);
#7461 = CARTESIAN_POINT('',(-1.2192E+03,677.81284593424,1.141513565602E+03));
#7462 = VECTOR('',#7463,1.);
#7463 = DIRECTION('',(0.,0.642787609687,0.766044443119));
#7464 = PCURVE('',#7465,#7470);
#7465 = PLANE('',#7466);
#7466 = AXIS2_PLACEMENT_3D('',#7467,#7468,#7469);
#7467 = CARTESIAN_POINT('',(-1.2192E+03,677.81284593424,1.141513565602E+03));
#7468 = DIRECTION('',(1.,0.,0.));
#7469 = DIRECTION('',(0.,0.642787609687,0.766044443119));
#7470 = DEFINITIONAL_REPRESENTATION('',(#7471),#7475);
#7471 = LINE('',#7472,#7473);
#7472 = CARTESIAN_POINT('',(0.,0.));
#7473 = VECTOR('',#7474,1.);
#7474 = DIRECTION('',(1.,0.));
#7475 =(GEOMETRIC_REPRESENTATION_CONTEXT(2)PARAMETRIC_REPRESENTATION_CONTEXT()REPRESENTATION_CONTEXT('2D SPACE',''));
#7476 = PCURVE('',#7477,#7482);
#7477 = PLANE('',#7478);
#7478 = AXIS2_PLACEMENT_3D('',#7479,#7480,#7481);
#7479 = CARTESIAN_POINT('',(-1.2192E+03,677.81284593424,1.141513565602E+03));
#7480 = DIRECTION('',(0.,0.766044443119,-0.642787609687));
#7481 = DIRECTION('',(0.,0.642787609687,0.766044443119));
#7482 = DEFINITIONAL_REPRESENTATION('',(#7483),#7487);
#7483 = LINE('',#7484,#7485);
#7484 = CARTESIAN_POINT('',(0.,0.));
#7485 = VECTOR('',#7486,1.);
#7486 = DIRECTION('',(1.,0.));
#7487 =(GEOMETRIC_REPRESENTATION_CONTEXT(2)PARAMETRIC_REPRESENTATION_CONTEXT()REPRESENTATION_CONTEXT('2D SPACE',''));
#7488 = ORIENTED_EDGE('',*,*,#7489,.T.);
#7489 = EDGE_CURVE('',#7455,#7490,#7492,.T.);
#7490 = VERTEX_POINT('',#7491);
#7491 = CARTESIAN_POINT('',(-1.2192E+03,706.99913921708,1.117023357673E+03));
#7492 = SURFACE_CURVE('',#7493,(#7497,#7504),.PCURVE_S1.);
#7493 = LINE('',#7494,#7495);
#7494 = CARTESIAN_POINT('',(-1.2192E+03,677.81284593424,1.141513565602E+03));
#7495 = VECTOR('',#7496,1.);
#7496 = DIRECTION('',(0.,0.766044443119,-0.642787609687));
#7497 = PCURVE('',#7465,#7498);
#7498 = DEFINITIONAL_REPRESENTATION('',(#7499),#7503);
#7499 = LINE('',#7500,#7501);
#7500 = CARTESIAN_POINT('',(0.,0.));
#7501 = VECTOR('',#7502,1.);
#7502 = DIRECTION('',(0.,-1.));
#7503 =(GEOMETRIC_REPRESENTATION_CONTEXT(2)PARAMETRIC_REPRESENTATION_CONTEXT()REPRESENTATION_CONTEXT('2D SPACE',''));
#7504 = PCURVE('',#7505,#7510);
#7505 = PLANE('',#7506);
#7506 = AXIS2_PLACEMENT_3D('',#7507,#7508,#7509);
#7507 = CARTESIAN_POINT('',(-1.2192E+03,677.81284593424,1.141513565602E+03));
#7508 = DIRECTION('',(0.,0.642787609687,0.766044443119));
#7509 = DIRECTION('',(1.,0.,0.));
#7510 = DEFINITIONAL_REPRESENTATION('',(#7511),#7515);
#7511 = LINE('',#7512,#7513);
#7512 = CARTESIAN_POINT('',(0.,0.));
#7513 = VECTOR('',#7514,1.);
#7514 = DIRECTION('',(0.,1.));
#7515 =(GEOMETRIC_REPRESENTATION_CONTEXT(2)PARAMETRIC_REPRESENTATION_CONTEXT()REPRESENTATION_CONTEXT('2D SPACE',''));
#7516 = ORIENTED_EDGE('',*,*,#7517,.T.);
#7517 = EDGE_CURVE('',#7490,#7518,#7520,.T.);
#7518 = VERTEX_POINT('',#7519);
#7519 = CARTESIAN_POINT('',(-1.2192E+03,796.79656829029,1.224039766377E+03));
#7520 = SURFACE_CURVE('',#7521,(#7525,#7532),.PCURVE_S1.);
#7521 = LINE('',#7522,#7523);
#7522 = CARTESIAN_POINT('',(-1.2192E+03,706.99913921708,1.117023357673E+03));
#7523 = VECTOR('',#7524,1.);
#7524 = DIRECTION('',(0.,0.642787609687,0.766044443119));
#7525 = PCURVE('',#7465,#7526);
#7526 = DEFINITIONAL_REPRESENTATION('',(#7527),#7531);
#7527 = LINE('',#7528,#7529);
#7528 = CARTESIAN_POINT('',(-1.314504061156E-13,-38.1));
#7529 = VECTOR('',#7530,1.);
#7530 = DIRECTION('',(1.,0.));
#7531 =(GEOMETRIC_REPRESENTATION_CONTEXT(2)PARAMETRIC_REPRESENTATION_CONTEXT()REPRESENTATION_CONTEXT('2D SPACE',''));
#7532 = PCURVE('',#7533,#7538);
#7533 = PLANE('',#7534);
#7534 = AXIS2_PLACEMENT_3D('',#7535,#7536,#7537);
#7535 = CARTESIAN_POINT('',(-1.2192E+03,706.99913921708,1.117023357673E+03));
#7536 = DIRECTION('',(0.,0.766044443119,-0.642787609687));
#7537 = DIRECTION('',(0.,0.642787609687,0.766044443119));
#7538 = DEFINITIONAL_REPRESENTATION('',(#7539),#7543);
#7539 = LINE('',#7540,#7541);
#7540 = CARTESIAN_POINT('',(0.,0.));
#7541 = VECTOR('',#7542,1.);
#7542 = DIRECTION('',(1.,0.));
#7543 =(GEOMETRIC_REPRESENTATION_CONTEXT(2)PARAMETRIC_REPRESENTATION_CONTEXT()REPRESENTATION_CONTEXT('2D SPACE',''));
#7544 = ORIENTED_EDGE('',*,*,#7545,.F.);
#7545 = EDGE_CURVE('',#7457,#7518,#7546,.T.);
#7546 = SURFACE_CURVE('',#7547,(#7551,#7558),.PCURVE_S1.);
#7547 = LINE('',#7548,#7549);
#7548 = CARTESIAN_POINT('',(-1.2192E+03,767.61027500745,1.248529974306E+03));
#7549 = VECTOR('',#7550,1.);
#7550 = DIRECTION('',(0.,0.766044443119,-0.642787609687));
#7551 = PCURVE('',#7465,#7552);
#7552 = DEFINITIONAL_REPRESENTATION('',(#7553),#7557);
#7553 = LINE('',#7554,#7555);
#7554 = CARTESIAN_POINT('',(139.7,-1.136868377216E-13));
#7555 = VECTOR('',#7556,1.);
#7556 = DIRECTION('',(0.,-1.));
#7557 =(GEOMETRIC_REPRESENTATION_CONTEXT(2)PARAMETRIC_REPRESENTATION_CONTEXT()REPRESENTATION_CONTEXT('2D SPACE',''));
#7558 = PCURVE('',#7559,#7564);
#7559 = PLANE('',#7560);
#7560 = AXIS2_PLACEMENT_3D('',#7561,#7562,#7563);
#7561 = CARTESIAN_POINT('',(-1.2192E+03,767.61027500745,1.248529974306E+03));
#7562 = DIRECTION('',(0.,0.642787609687,0.766044443119));
#7563 = DIRECTION('',(1.,0.,0.));
#7564 = DEFINITIONAL_REPRESENTATION('',(#7565),#7569);
#7565 = LINE('',#7566,#7567);
#7566 = CARTESIAN_POINT('',(0.,0.));
#7567 = VECTOR('',#7568,1.);
#7568 = DIRECTION('',(0.,1.));
#7569 =(GEOMETRIC_REPRESENTATION_CONTEXT(2)PARAMETRIC_REPRESENTATION_CONTEXT()REPRESENTATION_CONTEXT('2D SPACE',''));
#7570 = ADVANCED_FACE('',(#7571),#7585,.T.);
#7571 = FACE_BOUND('',#7572,.T.);
#7572 = EDGE_LOOP('',(#7573,#7603,#7626,#7649));
#7573 = ORIENTED_EDGE('',*,*,#7574,.F.);
#7574 = EDGE_CURVE('',#7575,#7577,#7579,.T.);
#7575 = VERTEX_POINT('',#7576);
#7576 = CARTESIAN_POINT('',(1.2192E+03,677.81284593424,1.141513565602E+03));
#7577 = VERTEX_POINT('',#7578);
#7578 = CARTESIAN_POINT('',(1.2192E+03,767.61027500745,1.248529974306E+03));
#7579 = SURFACE_CURVE('',#7580,(#7584,#7596),.PCURVE_S1.);
#7580 = LINE('',#7581,#7582);
#7581 = CARTESIAN_POINT('',(1.2192E+03,677.81284593424,1.141513565602E+03));
#7582 = VECTOR('',#7583,1.);
#7583 = DIRECTION('',(0.,0.642787609687,0.766044443119));
#7584 = PCURVE('',#7585,#7590);
#7585 = PLANE('',#7586);
#7586 = AXIS2_PLACEMENT_3D('',#7587,#7588,#7589);
#7587 = CARTESIAN_POINT('',(1.2192E+03,677.81284593424,1.141513565602E+03));
#7588 = DIRECTION('',(1.,0.,0.));
#7589 = DIRECTION('',(0.,0.642787609687,0.766044443119));
#7590 = DEFINITIONAL_REPRESENTATION('',(#7591),#7595);
#7591 = LINE('',#7592,#7593);
#7592 = CARTESIAN_POINT('',(0.,0.));
#7593 = VECTOR('',#7594,1.);
#7594 = DIRECTION('',(1.,0.));
#7595 =(GEOMETRIC_REPRESENTATION_CONTEXT(2)PARAMETRIC_REPRESENTATION_CONTEXT()REPRESENTATION_CONTEXT('2D SPACE',''));
#7596 = PCURVE('',#7477,#7597);
#7597 = DEFINITIONAL_REPRESENTATION('',(#7598),#7602);
#7598 = LINE('',#7599,#7600);
#7599 = CARTESIAN_POINT('',(0.,2.4384E+03));
#7600 = VECTOR('',#7601,1.);
#7601 = DIRECTION('',(1.,0.));
#7602 =(GEOMETRIC_REPRESENTATION_CONTEXT(2)PARAMETRIC_REPRESENTATION_CONTEXT()REPRESENTATION_CONTEXT('2D SPACE',''));
#7603 = ORIENTED_EDGE('',*,*,#7604,.T.);
#7604 = EDGE_CURVE('',#7575,#7605,#7607,.T.);
#7605 = VERTEX_POINT('',#7606);
#7606 = CARTESIAN_POINT('',(1.2192E+03,706.99913921708,1.117023357673E+03));
#7607 = SURFACE_CURVE('',#7608,(#7612,#7619),.PCURVE_S1.);
#7608 = LINE('',#7609,#7610);
#7609 = CARTESIAN_POINT('',(1.2192E+03,677.81284593424,1.141513565602E+03));
#7610 = VECTOR('',#7611,1.);
#7611 = DIRECTION('',(0.,0.766044443119,-0.642787609687));
#7612 = PCURVE('',#7585,#7613);
#7613 = DEFINITIONAL_REPRESENTATION('',(#7614),#7618);
#7614 = LINE('',#7615,#7616);
#7615 = CARTESIAN_POINT('',(0.,0.));
#7616 = VECTOR('',#7617,1.);
#7617 = DIRECTION('',(0.,-1.));
#7618 =(GEOMETRIC_REPRESENTATION_CONTEXT(2)PARAMETRIC_REPRESENTATION_CONTEXT()REPRESENTATION_CONTEXT('2D SPACE',''));
#7619 = PCURVE('',#7505,#7620);
#7620 = DEFINITIONAL_REPRESENTATION('',(#7621),#7625);
#7621 = LINE('',#7622,#7623);
#7622 = CARTESIAN_POINT('',(2.4384E+03,0.));
#7623 = VECTOR('',#7624,1.);
#7624 = DIRECTION('',(0.,1.));
#7625 =(GEOMETRIC_REPRESENTATION_CONTEXT(2)PARAMETRIC_REPRESENTATION_CONTEXT()REPRESENTATION_CONTEXT('2D SPACE',''));
#7626 = ORIENTED_EDGE('',*,*,#7627,.T.);
#7627 = EDGE_CURVE('',#7605,#7628,#7630,.T.);
#7628 = VERTEX_POINT('',#7629);
#7629 = CARTESIAN_POINT('',(1.2192E+03,796.79656829029,1.224039766377E+03));
#7630 = SURFACE_CURVE('',#7631,(#7635,#7642),.PCURVE_S1.);
#7631 = LINE('',#7632,#7633);
#7632 = CARTESIAN_POINT('',(1.2192E+03,706.99913921708,1.117023357673E+03));
#7633 = VECTOR('',#7634,1.);
#7634 = DIRECTION('',(0.,0.642787609687,0.766044443119));
#7635 = PCURVE('',#7585,#7636);
#7636 = DEFINITIONAL_REPRESENTATION('',(#7637),#7641);
#7637 = LINE('',#7638,#7639);
#7638 = CARTESIAN_POINT('',(-1.314504061156E-13,-38.1));
#7639 = VECTOR('',#7640,1.);
#7640 = DIRECTION('',(1.,0.));
#7641 =(GEOMETRIC_REPRESENTATION_CONTEXT(2)PARAMETRIC_REPRESENTATION_CONTEXT()REPRESENTATION_CONTEXT('2D SPACE',''));
#7642 = PCURVE('',#7533,#7643);
#7643 = DEFINITIONAL_REPRESENTATION('',(#7644),#7648);
#7644 = LINE('',#7645,#7646);
#7645 = CARTESIAN_POINT('',(0.,2.4384E+03));
#7646 = VECTOR('',#7647,1.);
#7647 = DIRECTION('',(1.,0.));
#7648 =(GEOMETRIC_REPRESENTATION_CONTEXT(2)PARAMETRIC_REPRESENTATION_CONTEXT()REPRESENTATION_CONTEXT('2D SPACE',''));
#7649 = ORIENTED_EDGE('',*,*,#7650,.F.);
#7650 = EDGE_CURVE('',#7577,#7628,#7651,.T.);
#7651 = SURFACE_CURVE('',#7652,(#7656,#7663),.PCURVE_S1.);
#7652 = LINE('',#7653,#7654);
#7653 = CARTESIAN_POINT('',(1.2192E+03,767.61027500745,1.248529974306E+03));
#7654 = VECTOR('',#7655,1.);
#7655 = DIRECTION('',(0.,0.766044443119,-0.642787609687));
#7656 = PCURVE('',#7585,#7657);
#7657 = DEFINITIONAL_REPRESENTATION('',(#7658),#7662);
#7658 = LINE('',#7659,#7660);
#7659 = CARTESIAN_POINT('',(139.7,-1.136868377216E-13));
#7660 = VECTOR('',#7661,1.);
#7661 = DIRECTION('',(0.,-1.));
#7662 =(GEOMETRIC_REPRESENTATION_CONTEXT(2)PARAMETRIC_REPRESENTATION_CONTEXT()REPRESENTATION_CONTEXT('2D SPACE',''));
#7663 = PCURVE('',#7559,#7664);
#7664 = DEFINITIONAL_REPRESENTATION('',(#7665),#7669);
#7665 = LINE('',#7666,#7667);
#7666 = CARTESIAN_POINT('',(2.4384E+03,0.));
#7667 = VECTOR('',#7668,1.);
#7668 = DIRECTION('',(0.,1.));
#7669 =(GEOMETRIC_REPRESENTATION_CONTEXT(2)PARAMETRIC_REPRESENTATION_CONTEXT()REPRESENTATION_CONTEXT('2D SPACE',''));
#7670 = ADVANCED_FACE('',(#7671),#7477,.F.);
#7671 = FACE_BOUND('',#7672,.F.);
#7672 = EDGE_LOOP('',(#7673,#7694,#7695,#7716));
#7673 = ORIENTED_EDGE('',*,*,#7674,.F.);
#7674 = EDGE_CURVE('',#7455,#7575,#7675,.T.);
#7675 = SURFACE_CURVE('',#7676,(#7680,#7687),.PCURVE_S1.);
#7676 = LINE('',#7677,#7678);
#7677 = CARTESIAN_POINT('',(-1.2192E+03,677.81284593424,1.141513565602E+03));
#7678 = VECTOR('',#7679,1.);
#7679 = DIRECTION('',(1.,0.,0.));
#7680 = PCURVE('',#7477,#7681);
#7681 = DEFINITIONAL_REPRESENTATION('',(#7682),#7686);
#7682 = LINE('',#7683,#7684);
#7683 = CARTESIAN_POINT('',(0.,0.));
#7684 = VECTOR('',#7685,1.);
#7685 = DIRECTION('',(0.,1.));
#7686 =(GEOMETRIC_REPRESENTATION_CONTEXT(2)PARAMETRIC_REPRESENTATION_CONTEXT()REPRESENTATION_CONTEXT('2D SPACE',''));
#7687 = PCURVE('',#7505,#7688);
#7688 = DEFINITIONAL_REPRESENTATION('',(#7689),#7693);
#7689 = LINE('',#7690,#7691);
#7690 = CARTESIAN_POINT('',(0.,0.));
#7691 = VECTOR('',#7692,1.);
#7692 = DIRECTION('',(1.,0.));
#7693 =(GEOMETRIC_REPRESENTATION_CONTEXT(2)PARAMETRIC_REPRESENTATION_CONTEXT()REPRESENTATION_CONTEXT('2D SPACE',''));
#7694 = ORIENTED_EDGE('',*,*,#7454,.T.);
#7695 = ORIENTED_EDGE('',*,*,#7696,.T.);
#7696 = EDGE_CURVE('',#7457,#7577,#7697,.T.);
#7697 = SURFACE_CURVE('',#7698,(#7702,#7709),.PCURVE_S1.);
#7698 = LINE('',#7699,#7700);
#7699 = CARTESIAN_POINT('',(-1.2192E+03,767.61027500745,1.248529974306E+03));
#7700 = VECTOR('',#7701,1.);
#7701 = DIRECTION('',(1.,0.,0.));
#7702 = PCURVE('',#7477,#7703);
#7703 = DEFINITIONAL_REPRESENTATION('',(#7704),#7708);
#7704 = LINE('',#7705,#7706);
#7705 = CARTESIAN_POINT('',(139.7,0.));
#7706 = VECTOR('',#7707,1.);
#7707 = DIRECTION('',(0.,1.));
#7708 =(GEOMETRIC_REPRESENTATION_CONTEXT(2)PARAMETRIC_REPRESENTATION_CONTEXT()REPRESENTATION_CONTEXT('2D SPACE',''));
#7709 = PCURVE('',#7559,#7710);
#7710 = DEFINITIONAL_REPRESENTATION('',(#7711),#7715);
#7711 = LINE('',#7712,#7713);
#7712 = CARTESIAN_POINT('',(0.,0.));
#7713 = VECTOR('',#7714,1.);
#7714 = DIRECTION('',(1.,0.));
#7715 =(GEOMETRIC_REPRESENTATION_CONTEXT(2)PARAMETRIC_REPRESENTATION_CONTEXT()REPRESENTATION_CONTEXT('2D SPACE',''));
#7716 = ORIENTED_EDGE('',*,*,#7574,.F.);
#7717 = ADVANCED_FACE('',(#7718),#7533,.T.);
#7718 = FACE_BOUND('',#7719,.T.);
#7719 = EDGE_LOOP('',(#7720,#7741,#7742,#7763));
#7720 = ORIENTED_EDGE('',*,*,#7721,.F.);
#7721 = EDGE_CURVE('',#7490,#7605,#7722,.T.);
#7722 = SURFACE_CURVE('',#7723,(#7727,#7734),.PCURVE_S1.);
#7723 = LINE('',#7724,#7725);
#7724 = CARTESIAN_POINT('',(-1.2192E+03,706.99913921708,1.117023357673E+03));
#7725 = VECTOR('',#7726,1.);
#7726 = DIRECTION('',(1.,0.,0.));
#7727 = PCURVE('',#7533,#7728);
#7728 = DEFINITIONAL_REPRESENTATION('',(#7729),#7733);
#7729 = LINE('',#7730,#7731);
#7730 = CARTESIAN_POINT('',(0.,0.));
#7731 = VECTOR('',#7732,1.);
#7732 = DIRECTION('',(0.,1.));
#7733 =(GEOMETRIC_REPRESENTATION_CONTEXT(2)PARAMETRIC_REPRESENTATION_CONTEXT()REPRESENTATION_CONTEXT('2D SPACE',''));
#7734 = PCURVE('',#7505,#7735);
#7735 = DEFINITIONAL_REPRESENTATION('',(#7736),#7740);
#7736 = LINE('',#7737,#7738);
#7737 = CARTESIAN_POINT('',(0.,38.1));
#7738 = VECTOR('',#7739,1.);
#7739 = DIRECTION('',(1.,0.));
#7740 =(GEOMETRIC_REPRESENTATION_CONTEXT(2)PARAMETRIC_REPRESENTATION_CONTEXT()REPRESENTATION_CONTEXT('2D SPACE',''));
#7741 = ORIENTED_EDGE('',*,*,#7517,.T.);
#7742 = ORIENTED_EDGE('',*,*,#7743,.T.);
#7743 = EDGE_CURVE('',#7518,#7628,#7744,.T.);
#7744 = SURFACE_CURVE('',#7745,(#7749,#7756),.PCURVE_S1.);
#7745 = LINE('',#7746,#7747);
#7746 = CARTESIAN_POINT('',(-1.2192E+03,796.79656829029,1.224039766377E+03));
#7747 = VECTOR('',#7748,1.);
#7748 = DIRECTION('',(1.,0.,0.));
#7749 = PCURVE('',#7533,#7750);
#7750 = DEFINITIONAL_REPRESENTATION('',(#7751),#7755);
#7751 = LINE('',#7752,#7753);
#7752 = CARTESIAN_POINT('',(139.7,0.));
#7753 = VECTOR('',#7754,1.);
#7754 = DIRECTION('',(0.,1.));
#7755 =(GEOMETRIC_REPRESENTATION_CONTEXT(2)PARAMETRIC_REPRESENTATION_CONTEXT()REPRESENTATION_CONTEXT('2D SPACE',''));
#7756 = PCURVE('',#7559,#7757);
#7757 = DEFINITIONAL_REPRESENTATION('',(#7758),#7762);
#7758 = LINE('',#7759,#7760);
#7759 = CARTESIAN_POINT('',(0.,38.1));
#7760 = VECTOR('',#7761,1.);
#7761 = DIRECTION('',(1.,0.));
#7762 =(GEOMETRIC_REPRESENTATION_CONTEXT(2)PARAMETRIC_REPRESENTATION_CONTEXT()REPRESENTATION_CONTEXT('2D SPACE',''));
#7763 = ORIENTED_EDGE('',*,*,#7627,.F.);
#7764 = ADVANCED_FACE('',(#7765),#7505,.F.);
#7765 = FACE_BOUND('',#7766,.F.);
#7766 = EDGE_LOOP('',(#7767,#7768,#7769,#7770));
#7767 = ORIENTED_EDGE('',*,*,#7489,.F.);
#7768 = ORIENTED_EDGE('',*,*,#7674,.T.);
#7769 = ORIENTED_EDGE('',*,*,#7604,.T.);
#7770 = ORIENTED_EDGE('',*,*,#7721,.F.);
#7771 = ADVANCED_FACE('',(#7772),#7559,.T.);
#7772 = FACE_BOUND('',#7773,.T.);
#7773 = EDGE_LOOP('',(#7774,#7775,#7776,#7777));
#7774 = ORIENTED_EDGE('',*,*,#7545,.F.);
#7775 = ORIENTED_EDGE('',*,*,#7696,.T.);
#7776 = ORIENTED_EDGE('',*,*,#7650,.T.);
#7777 = ORIENTED_EDGE('',*,*,#7743,.F.);
#7778 =(GEOMETRIC_REPRESENTATION_CONTEXT(3)GLOBAL_UNCERTAINTY_ASSIGNED_CONTEXT((#7782))GLOBAL_UNIT_ASSIGNED_CONTEXT((#7779,#7780,#7781))REPRESENTATION_CONTEXT('Context #1','3D Context with UNIT and UNCERTAINTY'));
#7779 =(LENGTH_UNIT()NAMED_UNIT(*)SI_UNIT(.MILLI.,.METRE.));
#7780 =(NAMED_UNIT(*)PLANE_ANGLE_UNIT()SI_UNIT($,.RADIAN.));
#7781 =(NAMED_UNIT(*)SI_UNIT($,.STERADIAN.)SOLID_ANGLE_UNIT());
#7782 = UNCERTAINTY_MEASURE_WITH_UNIT(LENGTH_MEASURE(1.E-07),#7779,'distance_accuracy_value','confusion accuracy');
#7783 = CONTEXT_DEPENDENT_SHAPE_REPRESENTATION(#7784,#7786);
#7784 =(REPRESENTATION_RELATIONSHIP('','',#7447,#10)REPRESENTATION_RELATIONSHIP_WITH_TRANSFORMATION(#7785)SHAPE_REPRESENTATION_RELATIONSHIP());
#7785 = ITEM_DEFINED_TRANSFORMATION('','',#11,#91);
#7786 = PRODUCT_DEFINITION_SHAPE('Placement','Placement of an item',#7787);
#7787 = NEXT_ASSEMBLY_USAGE_OCCURRENCE('20','panel_seam_horizontal','',#5,#7442,$);
#7788 = PRODUCT_RELATED_PRODUCT_CATEGORY('part',$,(#7444));
#7789 = SHAPE_DEFINITION_REPRESENTATION(#7790,#7796);
#7790 = PRODUCT_DEFINITION_SHAPE('','',#7791);
#7791 = PRODUCT_DEFINITION('design','',#7792,#7795);
#7792 = PRODUCT_DEFINITION_FORMATION('','',#7793);
#7793 = PRODUCT('panel_edge_left_lower','panel_edge_left_lower','',(#7794));
#7794 = PRODUCT_CONTEXT('',#2,'mechanical');
#7795 = PRODUCT_DEFINITION_CONTEXT('part definition',#2,'design');
#7796 = ADVANCED_BREP_SHAPE_REPRESENTATION('',(#11,#7797),#8127);
#7797 = MANIFOLD_SOLID_BREP('',#7798);
#7798 = CLOSED_SHELL('',(#7799,#7919,#8019,#8066,#8113,#8120));
#7799 = ADVANCED_FACE('',(#7800),#7814,.F.);
#7800 = FACE_BOUND('',#7801,.F.);
#7801 = EDGE_LOOP('',(#7802,#7837,#7865,#7893));
#7802 = ORIENTED_EDGE('',*,*,#7803,.F.);
#7803 = EDGE_CURVE('',#7804,#7806,#7808,.T.);
#7804 = VERTEX_POINT('',#7805);
#7805 = CARTESIAN_POINT('',(-1.2192E+03,-3.831274757841,329.16173589669));
#7806 = VERTEX_POINT('',#7807);
#7807 = CARTESIAN_POINT('',(-1.2192E+03,677.81284593424,1.141513565602E+03));
#7808 = SURFACE_CURVE('',#7809,(#7813,#7825),.PCURVE_S1.);
#7809 = LINE('',#7810,#7811);
#7810 = CARTESIAN_POINT('',(-1.2192E+03,-3.831274757841,329.16173589669));
#7811 = VECTOR('',#7812,1.);
#7812 = DIRECTION('',(0.,0.642787609687,0.766044443119));
#7813 = PCURVE('',#7814,#7819);
#7814 = PLANE('',#7815);
#7815 = AXIS2_PLACEMENT_3D('',#7816,#7817,#7818);
#7816 = CARTESIAN_POINT('',(-1.2192E+03,-3.831274757841,329.16173589669));
#7817 = DIRECTION('',(1.,0.,0.));
#7818 = DIRECTION('',(0.,0.642787609687,0.766044443119));
#7819 = DEFINITIONAL_REPRESENTATION('',(#7820),#7824);
#7820 = LINE('',#7821,#7822);
#7821 = CARTESIAN_POINT('',(0.,0.));
#7822 = VECTOR('',#7823,1.);
#7823 = DIRECTION('',(1.,0.));
#7824 =(GEOMETRIC_REPRESENTATION_CONTEXT(2)PARAMETRIC_REPRESENTATION_CONTEXT()REPRESENTATION_CONTEXT('2D SPACE',''));
#7825 = PCURVE('',#7826,#7831);
#7826 = PLANE('',#7827);
#7827 = AXIS2_PLACEMENT_3D('',#7828,#7829,#7830);
#7828 = CARTESIAN_POINT('',(-1.2192E+03,-3.831274757841,329.16173589669));
#7829 = DIRECTION('',(0.,0.766044443119,-0.642787609687));
#7830 = DIRECTION('',(0.,0.642787609687,0.766044443119));
#7831 = DEFINITIONAL_REPRESENTATION('',(#7832),#7836);
#7832 = LINE('',#7833,#7834);
#7833 = CARTESIAN_POINT('',(0.,0.));
#7834 = VECTOR('',#7835,1.);
#7835 = DIRECTION('',(1.,0.));
#7836 =(GEOMETRIC_REPRESENTATION_CONTEXT(2)PARAMETRIC_REPRESENTATION_CONTEXT()REPRESENTATION_CONTEXT('2D SPACE',''));
#7837 = ORIENTED_EDGE('',*,*,#7838,.T.);
#7838 = EDGE_CURVE('',#7804,#7839,#7841,.T.);
#7839 = VERTEX_POINT('',#7840);
#7840 = CARTESIAN_POINT('',(-1.2192E+03,25.355018524992,304.67152796763));
#7841 = SURFACE_CURVE('',#7842,(#7846,#7853),.PCURVE_S1.);
#7842 = LINE('',#7843,#7844);
#7843 = CARTESIAN_POINT('',(-1.2192E+03,-3.831274757841,329.16173589669));
#7844 = VECTOR('',#7845,1.);
#7845 = DIRECTION('',(0.,0.766044443119,-0.642787609687));
#7846 = PCURVE('',#7814,#7847);
#7847 = DEFINITIONAL_REPRESENTATION('',(#7848),#7852);
#7848 = LINE('',#7849,#7850);
#7849 = CARTESIAN_POINT('',(0.,0.));
#7850 = VECTOR('',#7851,1.);
#7851 = DIRECTION('',(0.,-1.));
#7852 =(GEOMETRIC_REPRESENTATION_CONTEXT(2)PARAMETRIC_REPRESENTATION_CONTEXT()REPRESENTATION_CONTEXT('2D SPACE',''));
#7853 = PCURVE('',#7854,#7859);
#7854 = PLANE('',#7855);
#7855 = AXIS2_PLACEMENT_3D('',#7856,#7857,#7858);
#7856 = CARTESIAN_POINT('',(-1.2192E+03,-3.831274757841,329.16173589669));
#7857 = DIRECTION('',(0.,0.642787609687,0.766044443119));
#7858 = DIRECTION('',(1.,0.,0.));
#7859 = DEFINITIONAL_REPRESENTATION('',(#7860),#7864);
#7860 = LINE('',#7861,#7862);
#7861 = CARTESIAN_POINT('',(0.,0.));
#7862 = VECTOR('',#7863,1.);
#7863 = DIRECTION('',(0.,1.));
#7864 =(GEOMETRIC_REPRESENTATION_CONTEXT(2)PARAMETRIC_REPRESENTATION_CONTEXT()REPRESENTATION_CONTEXT('2D SPACE',''));
#7865 = ORIENTED_EDGE('',*,*,#7866,.T.);
#7866 = EDGE_CURVE('',#7839,#7867,#7869,.T.);
#7867 = VERTEX_POINT('',#7868);
#7868 = CARTESIAN_POINT('',(-1.2192E+03,706.99913921708,1.117023357673E+03));
#7869 = SURFACE_CURVE('',#7870,(#7874,#7881),.PCURVE_S1.);
#7870 = LINE('',#7871,#7872);
#7871 = CARTESIAN_POINT('',(-1.2192E+03,25.355018524992,304.67152796763));
#7872 = VECTOR('',#7873,1.);
#7873 = DIRECTION('',(0.,0.642787609687,0.766044443119));
#7874 = PCURVE('',#7814,#7875);
#7875 = DEFINITIONAL_REPRESENTATION('',(#7876),#7880);
#7876 = LINE('',#7877,#7878);
#7877 = CARTESIAN_POINT('',(-4.263256414561E-14,-38.1));
#7878 = VECTOR('',#7879,1.);
#7879 = DIRECTION('',(1.,0.));
#7880 =(GEOMETRIC_REPRESENTATION_CONTEXT(2)PARAMETRIC_REPRESENTATION_CONTEXT()REPRESENTATION_CONTEXT('2D SPACE',''));
#7881 = PCURVE('',#7882,#7887);
#7882 = PLANE('',#7883);
#7883 = AXIS2_PLACEMENT_3D('',#7884,#7885,#7886);
#7884 = CARTESIAN_POINT('',(-1.2192E+03,25.355018524992,304.67152796763));
#7885 = DIRECTION('',(0.,0.766044443119,-0.642787609687));
#7886 = DIRECTION('',(0.,0.642787609687,0.766044443119));
#7887 = DEFINITIONAL_REPRESENTATION('',(#7888),#7892);
#7888 = LINE('',#7889,#7890);
#7889 = CARTESIAN_POINT('',(0.,0.));
#7890 = VECTOR('',#7891,1.);
#7891 = DIRECTION('',(1.,0.));
#7892 =(GEOMETRIC_REPRESENTATION_CONTEXT(2)PARAMETRIC_REPRESENTATION_CONTEXT()REPRESENTATION_CONTEXT('2D SPACE',''));
#7893 = ORIENTED_EDGE('',*,*,#7894,.F.);
#7894 = EDGE_CURVE('',#7806,#7867,#7895,.T.);
#7895 = SURFACE_CURVE('',#7896,(#7900,#7907),.PCURVE_S1.);
#7896 = LINE('',#7897,#7898);
#7897 = CARTESIAN_POINT('',(-1.2192E+03,677.81284593424,1.141513565602E+03));
#7898 = VECTOR('',#7899,1.);
#7899 = DIRECTION('',(0.,0.766044443119,-0.642787609687));
#7900 = PCURVE('',#7814,#7901);
#7901 = DEFINITIONAL_REPRESENTATION('',(#7902),#7906);
#7902 = LINE('',#7903,#7904);
#7903 = CARTESIAN_POINT('',(1.06045E+03,0.));
#7904 = VECTOR('',#7905,1.);
#7905 = DIRECTION('',(0.,-1.));
#7906 =(GEOMETRIC_REPRESENTATION_CONTEXT(2)PARAMETRIC_REPRESENTATION_CONTEXT()REPRESENTATION_CONTEXT('2D SPACE',''));
#7907 = PCURVE('',#7908,#7913);
#7908 = PLANE('',#7909);
#7909 = AXIS2_PLACEMENT_3D('',#7910,#7911,#7912);
#7910 = CARTESIAN_POINT('',(-1.2192E+03,677.81284593424,1.141513565602E+03));
#7911 = DIRECTION('',(0.,0.642787609687,0.766044443119));
#7912 = DIRECTION('',(1.,0.,0.));
#7913 = DEFINITIONAL_REPRESENTATION('',(#7914),#7918);
#7914 = LINE('',#7915,#7916);
#7915 = CARTESIAN_POINT('',(0.,0.));
#7916 = VECTOR('',#7917,1.);
#7917 = DIRECTION('',(0.,1.));
#7918 =(GEOMETRIC_REPRESENTATION_CONTEXT(2)PARAMETRIC_REPRESENTATION_CONTEXT()REPRESENTATION_CONTEXT('2D SPACE',''));
#7919 = ADVANCED_FACE('',(#7920),#7934,.T.);
#7920 = FACE_BOUND('',#7921,.T.);
#7921 = EDGE_LOOP('',(#7922,#7952,#7975,#7998));
#7922 = ORIENTED_EDGE('',*,*,#7923,.F.);
#7923 = EDGE_CURVE('',#7924,#7926,#7928,.T.);
#7924 = VERTEX_POINT('',#7925);
#7925 = CARTESIAN_POINT('',(-1.1303E+03,-3.831274757841,329.16173589669));
#7926 = VERTEX_POINT('',#7927);
#7927 = CARTESIAN_POINT('',(-1.1303E+03,677.81284593424,1.141513565602E+03));
#7928 = SURFACE_CURVE('',#7929,(#7933,#7945),.PCURVE_S1.);
#7929 = LINE('',#7930,#7931);
#7930 = CARTESIAN_POINT('',(-1.1303E+03,-3.831274757841,329.16173589669));
#7931 = VECTOR('',#7932,1.);
#7932 = DIRECTION('',(0.,0.642787609687,0.766044443119));
#7933 = PCURVE('',#7934,#7939);
#7934 = PLANE('',#7935);
#7935 = AXIS2_PLACEMENT_3D('',#7936,#7937,#7938);
#7936 = CARTESIAN_POINT('',(-1.1303E+03,-3.831274757841,329.16173589669));
#7937 = DIRECTION('',(1.,0.,0.));
#7938 = DIRECTION('',(0.,0.642787609687,0.766044443119));
#7939 = DEFINITIONAL_REPRESENTATION('',(#7940),#7944);
#7940 = LINE('',#7941,#7942);
#7941 = CARTESIAN_POINT('',(0.,0.));
#7942 = VECTOR('',#7943,1.);
#7943 = DIRECTION('',(1.,0.));
#7944 =(GEOMETRIC_REPRESENTATION_CONTEXT(2)PARAMETRIC_REPRESENTATION_CONTEXT()REPRESENTATION_CONTEXT('2D SPACE',''));
#7945 = PCURVE('',#7826,#7946);
#7946 = DEFINITIONAL_REPRESENTATION('',(#7947),#7951);
#7947 = LINE('',#7948,#7949);
#7948 = CARTESIAN_POINT('',(0.,88.9));
#7949 = VECTOR('',#7950,1.);
#7950 = DIRECTION('',(1.,0.));
#7951 =(GEOMETRIC_REPRESENTATION_CONTEXT(2)PARAMETRIC_REPRESENTATION_CONTEXT()REPRESENTATION_CONTEXT('2D SPACE',''));
#7952 = ORIENTED_EDGE('',*,*,#7953,.T.);
#7953 = EDGE_CURVE('',#7924,#7954,#7956,.T.);
#7954 = VERTEX_POINT('',#7955);
#7955 = CARTESIAN_POINT('',(-1.1303E+03,25.355018524992,304.67152796763));
#7956 = SURFACE_CURVE('',#7957,(#7961,#7968),.PCURVE_S1.);
#7957 = LINE('',#7958,#7959);
#7958 = CARTESIAN_POINT('',(-1.1303E+03,-3.831274757841,329.16173589669));
#7959 = VECTOR('',#7960,1.);
#7960 = DIRECTION('',(0.,0.766044443119,-0.642787609687));
#7961 = PCURVE('',#7934,#7962);
#7962 = DEFINITIONAL_REPRESENTATION('',(#7963),#7967);
#7963 = LINE('',#7964,#7965);
#7964 = CARTESIAN_POINT('',(0.,0.));
#7965 = VECTOR('',#7966,1.);
#7966 = DIRECTION('',(0.,-1.));
#7967 =(GEOMETRIC_REPRESENTATION_CONTEXT(2)PARAMETRIC_REPRESENTATION_CONTEXT()REPRESENTATION_CONTEXT('2D SPACE',''));
#7968 = PCURVE('',#7854,#7969);
#7969 = DEFINITIONAL_REPRESENTATION('',(#7970),#7974);
#7970 = LINE('',#7971,#7972);
#7971 = CARTESIAN_POINT('',(88.9,0.));
#7972 = VECTOR('',#7973,1.);
#7973 = DIRECTION('',(0.,1.));
#7974 =(GEOMETRIC_REPRESENTATION_CONTEXT(2)PARAMETRIC_REPRESENTATION_CONTEXT()REPRESENTATION_CONTEXT('2D SPACE',''));
#7975 = ORIENTED_EDGE('',*,*,#7976,.T.);
#7976 = EDGE_CURVE('',#7954,#7977,#7979,.T.);
#7977 = VERTEX_POINT('',#7978);
#7978 = CARTESIAN_POINT('',(-1.1303E+03,706.99913921708,1.117023357673E+03));
#7979 = SURFACE_CURVE('',#7980,(#7984,#7991),.PCURVE_S1.);
#7980 = LINE('',#7981,#7982);
#7981 = CARTESIAN_POINT('',(-1.1303E+03,25.355018524992,304.67152796763));
#7982 = VECTOR('',#7983,1.);
#7983 = DIRECTION('',(0.,0.642787609687,0.766044443119));
#7984 = PCURVE('',#7934,#7985);
#7985 = DEFINITIONAL_REPRESENTATION('',(#7986),#7990);
#7986 = LINE('',#7987,#7988);
#7987 = CARTESIAN_POINT('',(-4.263256414561E-14,-38.1));
#7988 = VECTOR('',#7989,1.);
#7989 = DIRECTION('',(1.,0.));
#7990 =(GEOMETRIC_REPRESENTATION_CONTEXT(2)PARAMETRIC_REPRESENTATION_CONTEXT()REPRESENTATION_CONTEXT('2D SPACE',''));
#7991 = PCURVE('',#7882,#7992);
#7992 = DEFINITIONAL_REPRESENTATION('',(#7993),#7997);
#7993 = LINE('',#7994,#7995);
#7994 = CARTESIAN_POINT('',(0.,88.9));
#7995 = VECTOR('',#7996,1.);
#7996 = DIRECTION('',(1.,0.));
#7997 =(GEOMETRIC_REPRESENTATION_CONTEXT(2)PARAMETRIC_REPRESENTATION_CONTEXT()REPRESENTATION_CONTEXT('2D SPACE',''));
#7998 = ORIENTED_EDGE('',*,*,#7999,.F.);
#7999 = EDGE_CURVE('',#7926,#7977,#8000,.T.);
#8000 = SURFACE_CURVE('',#8001,(#8005,#8012),.PCURVE_S1.);
#8001 = LINE('',#8002,#8003);
#8002 = CARTESIAN_POINT('',(-1.1303E+03,677.81284593424,1.141513565602E+03));
#8003 = VECTOR('',#8004,1.);
#8004 = DIRECTION('',(0.,0.766044443119,-0.642787609687));
#8005 = PCURVE('',#7934,#8006);
#8006 = DEFINITIONAL_REPRESENTATION('',(#8007),#8011);
#8007 = LINE('',#8008,#8009);
#8008 = CARTESIAN_POINT('',(1.06045E+03,0.));
#8009 = VECTOR('',#8010,1.);
#8010 = DIRECTION('',(0.,-1.));
#8011 =(GEOMETRIC_REPRESENTATION_CONTEXT(2)PARAMETRIC_REPRESENTATION_CONTEXT()REPRESENTATION_CONTEXT('2D SPACE',''));
#8012 = PCURVE('',#7908,#8013);
#8013 = DEFINITIONAL_REPRESENTATION('',(#8014),#8018);
#8014 = LINE('',#8015,#8016);
#8015 = CARTESIAN_POINT('',(88.9,0.));
#8016 = VECTOR('',#8017,1.);
#8017 = DIRECTION('',(0.,1.));
#8018 =(GEOMETRIC_REPRESENTATION_CONTEXT(2)PARAMETRIC_REPRESENTATION_CONTEXT()REPRESENTATION_CONTEXT('2D SPACE',''));
#8019 = ADVANCED_FACE('',(#8020),#7826,.F.);
#8020 = FACE_BOUND('',#8021,.F.);
#8021 = EDGE_LOOP('',(#8022,#8043,#8044,#8065));
#8022 = ORIENTED_EDGE('',*,*,#8023,.F.);
#8023 = EDGE_CURVE('',#7804,#7924,#8024,.T.);
#8024 = SURFACE_CURVE('',#8025,(#8029,#8036),.PCURVE_S1.);
#8025 = LINE('',#8026,#8027);
#8026 = CARTESIAN_POINT('',(-1.2192E+03,-3.831274757841,329.16173589669));
#8027 = VECTOR('',#8028,1.);
#8028 = DIRECTION('',(1.,0.,0.));
#8029 = PCURVE('',#7826,#8030);
#8030 = DEFINITIONAL_REPRESENTATION('',(#8031),#8035);
#8031 = LINE('',#8032,#8033);
#8032 = CARTESIAN_POINT('',(0.,0.));
#8033 = VECTOR('',#8034,1.);
#8034 = DIRECTION('',(0.,1.));
#8035 =(GEOMETRIC_REPRESENTATION_CONTEXT(2)PARAMETRIC_REPRESENTATION_CONTEXT()REPRESENTATION_CONTEXT('2D SPACE',''));
#8036 = PCURVE('',#7854,#8037);
#8037 = DEFINITIONAL_REPRESENTATION('',(#8038),#8042);
#8038 = LINE('',#8039,#8040);
#8039 = CARTESIAN_POINT('',(0.,0.));
#8040 = VECTOR('',#8041,1.);
#8041 = DIRECTION('',(1.,0.));
#8042 =(GEOMETRIC_REPRESENTATION_CONTEXT(2)PARAMETRIC_REPRESENTATION_CONTEXT()REPRESENTATION_CONTEXT('2D SPACE',''));
#8043 = ORIENTED_EDGE('',*,*,#7803,.T.);
#8044 = ORIENTED_EDGE('',*,*,#8045,.T.);
#8045 = EDGE_CURVE('',#7806,#7926,#8046,.T.);
#8046 = SURFACE_CURVE('',#8047,(#8051,#8058),.PCURVE_S1.);
#8047 = LINE('',#8048,#8049);
#8048 = CARTESIAN_POINT('',(-1.2192E+03,677.81284593424,1.141513565602E+03));
#8049 = VECTOR('',#8050,1.);
#8050 = DIRECTION('',(1.,0.,0.));
#8051 = PCURVE('',#7826,#8052);
#8052 = DEFINITIONAL_REPRESENTATION('',(#8053),#8057);
#8053 = LINE('',#8054,#8055);
#8054 = CARTESIAN_POINT('',(1.06045E+03,0.));
#8055 = VECTOR('',#8056,1.);
#8056 = DIRECTION('',(0.,1.));
#8057 =(GEOMETRIC_REPRESENTATION_CONTEXT(2)PARAMETRIC_REPRESENTATION_CONTEXT()REPRESENTATION_CONTEXT('2D SPACE',''));
#8058 = PCURVE('',#7908,#8059);
#8059 = DEFINITIONAL_REPRESENTATION('',(#8060),#8064);
#8060 = LINE('',#8061,#8062);
#8061 = CARTESIAN_POINT('',(0.,0.));
#8062 = VECTOR('',#8063,1.);
#8063 = DIRECTION('',(1.,0.));
#8064 =(GEOMETRIC_REPRESENTATION_CONTEXT(2)PARAMETRIC_REPRESENTATION_CONTEXT()REPRESENTATION_CONTEXT('2D SPACE',''));
#8065 = ORIENTED_EDGE('',*,*,#7923,.F.);
#8066 = ADVANCED_FACE('',(#8067),#7882,.T.);
#8067 = FACE_BOUND('',#8068,.T.);
#8068 = EDGE_LOOP('',(#8069,#8090,#8091,#8112));
#8069 = ORIENTED_EDGE('',*,*,#8070,.F.);
#8070 = EDGE_CURVE('',#7839,#7954,#8071,.T.);
#8071 = SURFACE_CURVE('',#8072,(#8076,#8083),.PCURVE_S1.);
#8072 = LINE('',#8073,#8074);
#8073 = CARTESIAN_POINT('',(-1.2192E+03,25.355018524992,304.67152796763));
#8074 = VECTOR('',#8075,1.);
#8075 = DIRECTION('',(1.,0.,0.));
#8076 = PCURVE('',#7882,#8077);
#8077 = DEFINITIONAL_REPRESENTATION('',(#8078),#8082);
#8078 = LINE('',#8079,#8080);
#8079 = CARTESIAN_POINT('',(0.,0.));
#8080 = VECTOR('',#8081,1.);
#8081 = DIRECTION('',(0.,1.));
#8082 =(GEOMETRIC_REPRESENTATION_CONTEXT(2)PARAMETRIC_REPRESENTATION_CONTEXT()REPRESENTATION_CONTEXT('2D SPACE',''));
#8083 = PCURVE('',#7854,#8084);
#8084 = DEFINITIONAL_REPRESENTATION('',(#8085),#8089);
#8085 = LINE('',#8086,#8087);
#8086 = CARTESIAN_POINT('',(0.,38.1));
#8087 = VECTOR('',#8088,1.);
#8088 = DIRECTION('',(1.,0.));
#8089 =(GEOMETRIC_REPRESENTATION_CONTEXT(2)PARAMETRIC_REPRESENTATION_CONTEXT()REPRESENTATION_CONTEXT('2D SPACE',''));
#8090 = ORIENTED_EDGE('',*,*,#7866,.T.);
#8091 = ORIENTED_EDGE('',*,*,#8092,.T.);
#8092 = EDGE_CURVE('',#7867,#7977,#8093,.T.);
#8093 = SURFACE_CURVE('',#8094,(#8098,#8105),.PCURVE_S1.);
#8094 = LINE('',#8095,#8096);
#8095 = CARTESIAN_POINT('',(-1.2192E+03,706.99913921708,1.117023357673E+03));
#8096 = VECTOR('',#8097,1.);
#8097 = DIRECTION('',(1.,0.,0.));
#8098 = PCURVE('',#7882,#8099);
#8099 = DEFINITIONAL_REPRESENTATION('',(#8100),#8104);
#8100 = LINE('',#8101,#8102);
#8101 = CARTESIAN_POINT('',(1.06045E+03,0.));
#8102 = VECTOR('',#8103,1.);
#8103 = DIRECTION('',(0.,1.));
#8104 =(GEOMETRIC_REPRESENTATION_CONTEXT(2)PARAMETRIC_REPRESENTATION_CONTEXT()REPRESENTATION_CONTEXT('2D SPACE',''));
#8105 = PCURVE('',#7908,#8106);
#8106 = DEFINITIONAL_REPRESENTATION('',(#8107),#8111);
#8107 = LINE('',#8108,#8109);
#8108 = CARTESIAN_POINT('',(0.,38.1));
#8109 = VECTOR('',#8110,1.);
#8110 = DIRECTION('',(1.,0.));
#8111 =(GEOMETRIC_REPRESENTATION_CONTEXT(2)PARAMETRIC_REPRESENTATION_CONTEXT()REPRESENTATION_CONTEXT('2D SPACE',''));
#8112 = ORIENTED_EDGE('',*,*,#7976,.F.);
#8113 = ADVANCED_FACE('',(#8114),#7854,.F.);
#8114 = FACE_BOUND('',#8115,.F.);
#8115 = EDGE_LOOP('',(#8116,#8117,#8118,#8119));
#8116 = ORIENTED_EDGE('',*,*,#7838,.F.);
#8117 = ORIENTED_EDGE('',*,*,#8023,.T.);
#8118 = ORIENTED_EDGE('',*,*,#7953,.T.);
#8119 = ORIENTED_EDGE('',*,*,#8070,.F.);
#8120 = ADVANCED_FACE('',(#8121),#7908,.T.);
#8121 = FACE_BOUND('',#8122,.T.);
#8122 = EDGE_LOOP('',(#8123,#8124,#8125,#8126));
#8123 = ORIENTED_EDGE('',*,*,#7894,.F.);
#8124 = ORIENTED_EDGE('',*,*,#8045,.T.);
#8125 = ORIENTED_EDGE('',*,*,#7999,.T.);
#8126 = ORIENTED_EDGE('',*,*,#8092,.F.);
#8127 =(GEOMETRIC_REPRESENTATION_CONTEXT(3)GLOBAL_UNCERTAINTY_ASSIGNED_CONTEXT((#8131))GLOBAL_UNIT_ASSIGNED_CONTEXT((#8128,#8129,#8130))REPRESENTATION_CONTEXT('Context #1','3D Context with UNIT and UNCERTAINTY'));
#8128 =(LENGTH_UNIT()NAMED_UNIT(*)SI_UNIT(.MILLI.,.METRE.));
#8129 =(NAMED_UNIT(*)PLANE_ANGLE_UNIT()SI_UNIT($,.RADIAN.));
#8130 =(NAMED_UNIT(*)SI_UNIT($,.STERADIAN.)SOLID_ANGLE_UNIT());
#8131 = UNCERTAINTY_MEASURE_WITH_UNIT(LENGTH_MEASURE(1.E-07),#8128,'distance_accuracy_value','confusion accuracy');
#8132 = CONTEXT_DEPENDENT_SHAPE_REPRESENTATION(#8133,#8135);
#8133 =(REPRESENTATION_RELATIONSHIP('','',#7796,#10)REPRESENTATION_RELATIONSHIP_WITH_TRANSFORMATION(#8134)SHAPE_REPRESENTATION_RELATIONSHIP());
#8134 = ITEM_DEFINED_TRANSFORMATION('','',#11,#95);
#8135 = PRODUCT_DEFINITION_SHAPE('Placement','Placement of an item',#8136);
#8136 = NEXT_ASSEMBLY_USAGE_OCCURRENCE('21','panel_edge_left_lower','',#5,#7791,$);
#8137 = PRODUCT_RELATED_PRODUCT_CATEGORY('part',$,(#7793));
#8138 = SHAPE_DEFINITION_REPRESENTATION(#8139,#8145);
#8139 = PRODUCT_DEFINITION_SHAPE('','',#8140);
#8140 = PRODUCT_DEFINITION('design','',#8141,#8144);
#8141 = PRODUCT_DEFINITION_FORMATION('','',#8142);
#8142 = PRODUCT('panel_edge_right_lower','panel_edge_right_lower','',(#8143));
#8143 = PRODUCT_CONTEXT('',#2,'mechanical');
#8144 = PRODUCT_DEFINITION_CONTEXT('part definition',#2,'design');
#8145 = ADVANCED_BREP_SHAPE_REPRESENTATION('',(#11,#8146),#8476);
#8146 = MANIFOLD_SOLID_BREP('',#8147);
#8147 = CLOSED_SHELL('',(#8148,#8268,#8368,#8415,#8462,#8469));
#8148 = ADVANCED_FACE('',(#8149),#8163,.F.);
#8149 = FACE_BOUND('',#8150,.F.);
#8150 = EDGE_LOOP('',(#8151,#8186,#8214,#8242));
#8151 = ORIENTED_EDGE('',*,*,#8152,.F.);
#8152 = EDGE_CURVE('',#8153,#8155,#8157,.T.);
#8153 = VERTEX_POINT('',#8154);
#8154 = CARTESIAN_POINT('',(1.1303E+03,-3.831274757841,329.16173589669));
#8155 = VERTEX_POINT('',#8156);
#8156 = CARTESIAN_POINT('',(1.1303E+03,677.81284593424,1.141513565602E+03));
#8157 = SURFACE_CURVE('',#8158,(#8162,#8174),.PCURVE_S1.);
#8158 = LINE('',#8159,#8160);
#8159 = CARTESIAN_POINT('',(1.1303E+03,-3.831274757841,329.16173589669));
#8160 = VECTOR('',#8161,1.);
#8161 = DIRECTION('',(0.,0.642787609687,0.766044443119));
#8162 = PCURVE('',#8163,#8168);
#8163 = PLANE('',#8164);
#8164 = AXIS2_PLACEMENT_3D('',#8165,#8166,#8167);
#8165 = CARTESIAN_POINT('',(1.1303E+03,-3.831274757841,329.16173589669));
#8166 = DIRECTION('',(1.,0.,0.));
#8167 = DIRECTION('',(0.,0.642787609687,0.766044443119));
#8168 = DEFINITIONAL_REPRESENTATION('',(#8169),#8173);
#8169 = LINE('',#8170,#8171);
#8170 = CARTESIAN_POINT('',(0.,0.));
#8171 = VECTOR('',#8172,1.);
#8172 = DIRECTION('',(1.,0.));
#8173 =(GEOMETRIC_REPRESENTATION_CONTEXT(2)PARAMETRIC_REPRESENTATION_CONTEXT()REPRESENTATION_CONTEXT('2D SPACE',''));
#8174 = PCURVE('',#8175,#8180);
#8175 = PLANE('',#8176);
#8176 = AXIS2_PLACEMENT_3D('',#8177,#8178,#8179);
#8177 = CARTESIAN_POINT('',(1.1303E+03,-3.831274757841,329.16173589669));
#8178 = DIRECTION('',(0.,0.766044443119,-0.642787609687));
#8179 = DIRECTION('',(0.,0.642787609687,0.766044443119));
#8180 = DEFINITIONAL_REPRESENTATION('',(#8181),#8185);
#8181 = LINE('',#8182,#8183);
#8182 = CARTESIAN_POINT('',(0.,0.));
#8183 = VECTOR('',#8184,1.);
#8184 = DIRECTION('',(1.,0.));
#8185 =(GEOMETRIC_REPRESENTATION_CONTEXT(2)PARAMETRIC_REPRESENTATION_CONTEXT()REPRESENTATION_CONTEXT('2D SPACE',''));
#8186 = ORIENTED_EDGE('',*,*,#8187,.T.);
#8187 = EDGE_CURVE('',#8153,#8188,#8190,.T.);
#8188 = VERTEX_POINT('',#8189);
#8189 = CARTESIAN_POINT('',(1.1303E+03,25.355018524992,304.67152796763));
#8190 = SURFACE_CURVE('',#8191,(#8195,#8202),.PCURVE_S1.);
#8191 = LINE('',#8192,#8193);
#8192 = CARTESIAN_POINT('',(1.1303E+03,-3.831274757841,329.16173589669));
#8193 = VECTOR('',#8194,1.);
#8194 = DIRECTION('',(0.,0.766044443119,-0.642787609687));
#8195 = PCURVE('',#8163,#8196);
#8196 = DEFINITIONAL_REPRESENTATION('',(#8197),#8201);
#8197 = LINE('',#8198,#8199);
#8198 = CARTESIAN_POINT('',(0.,0.));
#8199 = VECTOR('',#8200,1.);
#8200 = DIRECTION('',(0.,-1.));
#8201 =(GEOMETRIC_REPRESENTATION_CONTEXT(2)PARAMETRIC_REPRESENTATION_CONTEXT()REPRESENTATION_CONTEXT('2D SPACE',''));
#8202 = PCURVE('',#8203,#8208);
#8203 = PLANE('',#8204);
#8204 = AXIS2_PLACEMENT_3D('',#8205,#8206,#8207);
#8205 = CARTESIAN_POINT('',(1.1303E+03,-3.831274757841,329.16173589669));
#8206 = DIRECTION('',(0.,0.642787609687,0.766044443119));
#8207 = DIRECTION('',(1.,0.,0.));
#8208 = DEFINITIONAL_REPRESENTATION('',(#8209),#8213);
#8209 = LINE('',#8210,#8211);
#8210 = CARTESIAN_POINT('',(0.,0.));
#8211 = VECTOR('',#8212,1.);
#8212 = DIRECTION('',(0.,1.));
#8213 =(GEOMETRIC_REPRESENTATION_CONTEXT(2)PARAMETRIC_REPRESENTATION_CONTEXT()REPRESENTATION_CONTEXT('2D SPACE',''));
#8214 = ORIENTED_EDGE('',*,*,#8215,.T.);
#8215 = EDGE_CURVE('',#8188,#8216,#8218,.T.);
#8216 = VERTEX_POINT('',#8217);
#8217 = CARTESIAN_POINT('',(1.1303E+03,706.99913921708,1.117023357673E+03));
#8218 = SURFACE_CURVE('',#8219,(#8223,#8230),.PCURVE_S1.);
#8219 = LINE('',#8220,#8221);
#8220 = CARTESIAN_POINT('',(1.1303E+03,25.355018524992,304.67152796763));
#8221 = VECTOR('',#8222,1.);
#8222 = DIRECTION('',(0.,0.642787609687,0.766044443119));
#8223 = PCURVE('',#8163,#8224);
#8224 = DEFINITIONAL_REPRESENTATION('',(#8225),#8229);
#8225 = LINE('',#8226,#8227);
#8226 = CARTESIAN_POINT('',(-4.263256414561E-14,-38.1));
#8227 = VECTOR('',#8228,1.);
#8228 = DIRECTION('',(1.,0.));
#8229 =(GEOMETRIC_REPRESENTATION_CONTEXT(2)PARAMETRIC_REPRESENTATION_CONTEXT()REPRESENTATION_CONTEXT('2D SPACE',''));
#8230 = PCURVE('',#8231,#8236);
#8231 = PLANE('',#8232);
#8232 = AXIS2_PLACEMENT_3D('',#8233,#8234,#8235);
#8233 = CARTESIAN_POINT('',(1.1303E+03,25.355018524992,304.67152796763));
#8234 = DIRECTION('',(0.,0.766044443119,-0.642787609687));
#8235 = DIRECTION('',(0.,0.642787609687,0.766044443119));
#8236 = DEFINITIONAL_REPRESENTATION('',(#8237),#8241);
#8237 = LINE('',#8238,#8239);
#8238 = CARTESIAN_POINT('',(0.,0.));
#8239 = VECTOR('',#8240,1.);
#8240 = DIRECTION('',(1.,0.));
#8241 =(GEOMETRIC_REPRESENTATION_CONTEXT(2)PARAMETRIC_REPRESENTATION_CONTEXT()REPRESENTATION_CONTEXT('2D SPACE',''));
#8242 = ORIENTED_EDGE('',*,*,#8243,.F.);
#8243 = EDGE_CURVE('',#8155,#8216,#8244,.T.);
#8244 = SURFACE_CURVE('',#8245,(#8249,#8256),.PCURVE_S1.);
#8245 = LINE('',#8246,#8247);
#8246 = CARTESIAN_POINT('',(1.1303E+03,677.81284593424,1.141513565602E+03));
#8247 = VECTOR('',#8248,1.);
#8248 = DIRECTION('',(0.,0.766044443119,-0.642787609687));
#8249 = PCURVE('',#8163,#8250);
#8250 = DEFINITIONAL_REPRESENTATION('',(#8251),#8255);
#8251 = LINE('',#8252,#8253);
#8252 = CARTESIAN_POINT('',(1.06045E+03,0.));
#8253 = VECTOR('',#8254,1.);
#8254 = DIRECTION('',(0.,-1.));
#8255 =(GEOMETRIC_REPRESENTATION_CONTEXT(2)PARAMETRIC_REPRESENTATION_CONTEXT()REPRESENTATION_CONTEXT('2D SPACE',''));
#8256 = PCURVE('',#8257,#8262);
#8257 = PLANE('',#8258);
#8258 = AXIS2_PLACEMENT_3D('',#8259,#8260,#8261);
#8259 = CARTESIAN_POINT('',(1.1303E+03,677.81284593424,1.141513565602E+03));
#8260 = DIRECTION('',(0.,0.642787609687,0.766044443119));
#8261 = DIRECTION('',(1.,0.,0.));
#8262 = DEFINITIONAL_REPRESENTATION('',(#8263),#8267);
#8263 = LINE('',#8264,#8265);
#8264 = CARTESIAN_POINT('',(0.,0.));
#8265 = VECTOR('',#8266,1.);
#8266 = DIRECTION('',(0.,1.));
#8267 =(GEOMETRIC_REPRESENTATION_CONTEXT(2)PARAMETRIC_REPRESENTATION_CONTEXT()REPRESENTATION_CONTEXT('2D SPACE',''));
#8268 = ADVANCED_FACE('',(#8269),#8283,.T.);
#8269 = FACE_BOUND('',#8270,.T.);
#8270 = EDGE_LOOP('',(#8271,#8301,#8324,#8347));
#8271 = ORIENTED_EDGE('',*,*,#8272,.F.);
#8272 = EDGE_CURVE('',#8273,#8275,#8277,.T.);
#8273 = VERTEX_POINT('',#8274);
#8274 = CARTESIAN_POINT('',(1.2192E+03,-3.831274757841,329.16173589669));
#8275 = VERTEX_POINT('',#8276);
#8276 = CARTESIAN_POINT('',(1.2192E+03,677.81284593424,1.141513565602E+03));
#8277 = SURFACE_CURVE('',#8278,(#8282,#8294),.PCURVE_S1.);
#8278 = LINE('',#8279,#8280);
#8279 = CARTESIAN_POINT('',(1.2192E+03,-3.831274757841,329.16173589669));
#8280 = VECTOR('',#8281,1.);
#8281 = DIRECTION('',(0.,0.642787609687,0.766044443119));
#8282 = PCURVE('',#8283,#8288);
#8283 = PLANE('',#8284);
#8284 = AXIS2_PLACEMENT_3D('',#8285,#8286,#8287);
#8285 = CARTESIAN_POINT('',(1.2192E+03,-3.831274757841,329.16173589669));
#8286 = DIRECTION('',(1.,0.,0.));
#8287 = DIRECTION('',(0.,0.642787609687,0.766044443119));
#8288 = DEFINITIONAL_REPRESENTATION('',(#8289),#8293);
#8289 = LINE('',#8290,#8291);
#8290 = CARTESIAN_POINT('',(0.,0.));
#8291 = VECTOR('',#8292,1.);
#8292 = DIRECTION('',(1.,0.));
#8293 =(GEOMETRIC_REPRESENTATION_CONTEXT(2)PARAMETRIC_REPRESENTATION_CONTEXT()REPRESENTATION_CONTEXT('2D SPACE',''));
#8294 = PCURVE('',#8175,#8295);
#8295 = DEFINITIONAL_REPRESENTATION('',(#8296),#8300);
#8296 = LINE('',#8297,#8298);
#8297 = CARTESIAN_POINT('',(0.,88.9));
#8298 = VECTOR('',#8299,1.);
#8299 = DIRECTION('',(1.,0.));
#8300 =(GEOMETRIC_REPRESENTATION_CONTEXT(2)PARAMETRIC_REPRESENTATION_CONTEXT()REPRESENTATION_CONTEXT('2D SPACE',''));
#8301 = ORIENTED_EDGE('',*,*,#8302,.T.);
#8302 = EDGE_CURVE('',#8273,#8303,#8305,.T.);
#8303 = VERTEX_POINT('',#8304);
#8304 = CARTESIAN_POINT('',(1.2192E+03,25.355018524992,304.67152796763));
#8305 = SURFACE_CURVE('',#8306,(#8310,#8317),.PCURVE_S1.);
#8306 = LINE('',#8307,#8308);
#8307 = CARTESIAN_POINT('',(1.2192E+03,-3.831274757841,329.16173589669));
#8308 = VECTOR('',#8309,1.);
#8309 = DIRECTION('',(0.,0.766044443119,-0.642787609687));
#8310 = PCURVE('',#8283,#8311);
#8311 = DEFINITIONAL_REPRESENTATION('',(#8312),#8316);
#8312 = LINE('',#8313,#8314);
#8313 = CARTESIAN_POINT('',(0.,0.));
#8314 = VECTOR('',#8315,1.);
#8315 = DIRECTION('',(0.,-1.));
#8316 =(GEOMETRIC_REPRESENTATION_CONTEXT(2)PARAMETRIC_REPRESENTATION_CONTEXT()REPRESENTATION_CONTEXT('2D SPACE',''));
#8317 = PCURVE('',#8203,#8318);
#8318 = DEFINITIONAL_REPRESENTATION('',(#8319),#8323);
#8319 = LINE('',#8320,#8321);
#8320 = CARTESIAN_POINT('',(88.9,0.));
#8321 = VECTOR('',#8322,1.);
#8322 = DIRECTION('',(0.,1.));
#8323 =(GEOMETRIC_REPRESENTATION_CONTEXT(2)PARAMETRIC_REPRESENTATION_CONTEXT()REPRESENTATION_CONTEXT('2D SPACE',''));
#8324 = ORIENTED_EDGE('',*,*,#8325,.T.);
#8325 = EDGE_CURVE('',#8303,#8326,#8328,.T.);
#8326 = VERTEX_POINT('',#8327);
#8327 = CARTESIAN_POINT('',(1.2192E+03,706.99913921708,1.117023357673E+03));
#8328 = SURFACE_CURVE('',#8329,(#8333,#8340),.PCURVE_S1.);
#8329 = LINE('',#8330,#8331);
#8330 = CARTESIAN_POINT('',(1.2192E+03,25.355018524992,304.67152796763));
#8331 = VECTOR('',#8332,1.);
#8332 = DIRECTION('',(0.,0.642787609687,0.766044443119));
#8333 = PCURVE('',#8283,#8334);
#8334 = DEFINITIONAL_REPRESENTATION('',(#8335),#8339);
#8335 = LINE('',#8336,#8337);
#8336 = CARTESIAN_POINT('',(-4.263256414561E-14,-38.1));
#8337 = VECTOR('',#8338,1.);
#8338 = DIRECTION('',(1.,0.));
#8339 =(GEOMETRIC_REPRESENTATION_CONTEXT(2)PARAMETRIC_REPRESENTATION_CONTEXT()REPRESENTATION_CONTEXT('2D SPACE',''));
#8340 = PCURVE('',#8231,#8341);
#8341 = DEFINITIONAL_REPRESENTATION('',(#8342),#8346);
#8342 = LINE('',#8343,#8344);
#8343 = CARTESIAN_POINT('',(0.,88.9));
#8344 = VECTOR('',#8345,1.);
#8345 = DIRECTION('',(1.,0.));
#8346 =(GEOMETRIC_REPRESENTATION_CONTEXT(2)PARAMETRIC_REPRESENTATION_CONTEXT()REPRESENTATION_CONTEXT('2D SPACE',''));
#8347 = ORIENTED_EDGE('',*,*,#8348,.F.);
#8348 = EDGE_CURVE('',#8275,#8326,#8349,.T.);
#8349 = SURFACE_CURVE('',#8350,(#8354,#8361),.PCURVE_S1.);
#8350 = LINE('',#8351,#8352);
#8351 = CARTESIAN_POINT('',(1.2192E+03,677.81284593424,1.141513565602E+03));
#8352 = VECTOR('',#8353,1.);
#8353 = DIRECTION('',(0.,0.766044443119,-0.642787609687));
#8354 = PCURVE('',#8283,#8355);
#8355 = DEFINITIONAL_REPRESENTATION('',(#8356),#8360);
#8356 = LINE('',#8357,#8358);
#8357 = CARTESIAN_POINT('',(1.06045E+03,0.));
#8358 = VECTOR('',#8359,1.);
#8359 = DIRECTION('',(0.,-1.));
#8360 =(GEOMETRIC_REPRESENTATION_CONTEXT(2)PARAMETRIC_REPRESENTATION_CONTEXT()REPRESENTATION_CONTEXT('2D SPACE',''));
#8361 = PCURVE('',#8257,#8362);
#8362 = DEFINITIONAL_REPRESENTATION('',(#8363),#8367);
#8363 = LINE('',#8364,#8365);
#8364 = CARTESIAN_POINT('',(88.9,0.));
#8365 = VECTOR('',#8366,1.);
#8366 = DIRECTION('',(0.,1.));
#8367 =(GEOMETRIC_REPRESENTATION_CONTEXT(2)PARAMETRIC_REPRESENTATION_CONTEXT()REPRESENTATION_CONTEXT('2D SPACE',''));
#8368 = ADVANCED_FACE('',(#8369),#8175,.F.);
#8369 = FACE_BOUND('',#8370,.F.);
#8370 = EDGE_LOOP('',(#8371,#8392,#8393,#8414));
#8371 = ORIENTED_EDGE('',*,*,#8372,.F.);
#8372 = EDGE_CURVE('',#8153,#8273,#8373,.T.);
#8373 = SURFACE_CURVE('',#8374,(#8378,#8385),.PCURVE_S1.);
#8374 = LINE('',#8375,#8376);
#8375 = CARTESIAN_POINT('',(1.1303E+03,-3.831274757841,329.16173589669));
#8376 = VECTOR('',#8377,1.);
#8377 = DIRECTION('',(1.,0.,0.));
#8378 = PCURVE('',#8175,#8379);
#8379 = DEFINITIONAL_REPRESENTATION('',(#8380),#8384);
#8380 = LINE('',#8381,#8382);
#8381 = CARTESIAN_POINT('',(0.,0.));
#8382 = VECTOR('',#8383,1.);
#8383 = DIRECTION('',(0.,1.));
#8384 =(GEOMETRIC_REPRESENTATION_CONTEXT(2)PARAMETRIC_REPRESENTATION_CONTEXT()REPRESENTATION_CONTEXT('2D SPACE',''));
#8385 = PCURVE('',#8203,#8386);
#8386 = DEFINITIONAL_REPRESENTATION('',(#8387),#8391);
#8387 = LINE('',#8388,#8389);
#8388 = CARTESIAN_POINT('',(0.,0.));
#8389 = VECTOR('',#8390,1.);
#8390 = DIRECTION('',(1.,0.));
#8391 =(GEOMETRIC_REPRESENTATION_CONTEXT(2)PARAMETRIC_REPRESENTATION_CONTEXT()REPRESENTATION_CONTEXT('2D SPACE',''));
#8392 = ORIENTED_EDGE('',*,*,#8152,.T.);
#8393 = ORIENTED_EDGE('',*,*,#8394,.T.);
#8394 = EDGE_CURVE('',#8155,#8275,#8395,.T.);
#8395 = SURFACE_CURVE('',#8396,(#8400,#8407),.PCURVE_S1.);
#8396 = LINE('',#8397,#8398);
#8397 = CARTESIAN_POINT('',(1.1303E+03,677.81284593424,1.141513565602E+03));
#8398 = VECTOR('',#8399,1.);
#8399 = DIRECTION('',(1.,0.,0.));
#8400 = PCURVE('',#8175,#8401);
#8401 = DEFINITIONAL_REPRESENTATION('',(#8402),#8406);
#8402 = LINE('',#8403,#8404);
#8403 = CARTESIAN_POINT('',(1.06045E+03,0.));
#8404 = VECTOR('',#8405,1.);
#8405 = DIRECTION('',(0.,1.));
#8406 =(GEOMETRIC_REPRESENTATION_CONTEXT(2)PARAMETRIC_REPRESENTATION_CONTEXT()REPRESENTATION_CONTEXT('2D SPACE',''));
#8407 = PCURVE('',#8257,#8408);
#8408 = DEFINITIONAL_REPRESENTATION('',(#8409),#8413);
#8409 = LINE('',#8410,#8411);
#8410 = CARTESIAN_POINT('',(0.,0.));
#8411 = VECTOR('',#8412,1.);
#8412 = DIRECTION('',(1.,0.));
#8413 =(GEOMETRIC_REPRESENTATION_CONTEXT(2)PARAMETRIC_REPRESENTATION_CONTEXT()REPRESENTATION_CONTEXT('2D SPACE',''));
#8414 = ORIENTED_EDGE('',*,*,#8272,.F.);
#8415 = ADVANCED_FACE('',(#8416),#8231,.T.);
#8416 = FACE_BOUND('',#8417,.T.);
#8417 = EDGE_LOOP('',(#8418,#8439,#8440,#8461));
#8418 = ORIENTED_EDGE('',*,*,#8419,.F.);
#8419 = EDGE_CURVE('',#8188,#8303,#8420,.T.);
#8420 = SURFACE_CURVE('',#8421,(#8425,#8432),.PCURVE_S1.);
#8421 = LINE('',#8422,#8423);
#8422 = CARTESIAN_POINT('',(1.1303E+03,25.355018524992,304.67152796763));
#8423 = VECTOR('',#8424,1.);
#8424 = DIRECTION('',(1.,0.,0.));
#8425 = PCURVE('',#8231,#8426);
#8426 = DEFINITIONAL_REPRESENTATION('',(#8427),#8431);
#8427 = LINE('',#8428,#8429);
#8428 = CARTESIAN_POINT('',(0.,0.));
#8429 = VECTOR('',#8430,1.);
#8430 = DIRECTION('',(0.,1.));
#8431 =(GEOMETRIC_REPRESENTATION_CONTEXT(2)PARAMETRIC_REPRESENTATION_CONTEXT()REPRESENTATION_CONTEXT('2D SPACE',''));
#8432 = PCURVE('',#8203,#8433);
#8433 = DEFINITIONAL_REPRESENTATION('',(#8434),#8438);
#8434 = LINE('',#8435,#8436);
#8435 = CARTESIAN_POINT('',(0.,38.1));
#8436 = VECTOR('',#8437,1.);
#8437 = DIRECTION('',(1.,0.));
#8438 =(GEOMETRIC_REPRESENTATION_CONTEXT(2)PARAMETRIC_REPRESENTATION_CONTEXT()REPRESENTATION_CONTEXT('2D SPACE',''));
#8439 = ORIENTED_EDGE('',*,*,#8215,.T.);
#8440 = ORIENTED_EDGE('',*,*,#8441,.T.);
#8441 = EDGE_CURVE('',#8216,#8326,#8442,.T.);
#8442 = SURFACE_CURVE('',#8443,(#8447,#8454),.PCURVE_S1.);
#8443 = LINE('',#8444,#8445);
#8444 = CARTESIAN_POINT('',(1.1303E+03,706.99913921708,1.117023357673E+03));
#8445 = VECTOR('',#8446,1.);
#8446 = DIRECTION('',(1.,0.,0.));
#8447 = PCURVE('',#8231,#8448);
#8448 = DEFINITIONAL_REPRESENTATION('',(#8449),#8453);
#8449 = LINE('',#8450,#8451);
#8450 = CARTESIAN_POINT('',(1.06045E+03,0.));
#8451 = VECTOR('',#8452,1.);
#8452 = DIRECTION('',(0.,1.));
#8453 =(GEOMETRIC_REPRESENTATION_CONTEXT(2)PARAMETRIC_REPRESENTATION_CONTEXT()REPRESENTATION_CONTEXT('2D SPACE',''));
#8454 = PCURVE('',#8257,#8455);
#8455 = DEFINITIONAL_REPRESENTATION('',(#8456),#8460);
#8456 = LINE('',#8457,#8458);
#8457 = CARTESIAN_POINT('',(0.,38.1));
#8458 = VECTOR('',#8459,1.);
#8459 = DIRECTION('',(1.,0.));
#8460 =(GEOMETRIC_REPRESENTATION_CONTEXT(2)PARAMETRIC_REPRESENTATION_CONTEXT()REPRESENTATION_CONTEXT('2D SPACE',''));
#8461 = ORIENTED_EDGE('',*,*,#8325,.F.);
#8462 = ADVANCED_FACE('',(#8463),#8203,.F.);
#8463 = FACE_BOUND('',#8464,.F.);
#8464 = EDGE_LOOP('',(#8465,#8466,#8467,#8468));
#8465 = ORIENTED_EDGE('',*,*,#8187,.F.);
#8466 = ORIENTED_EDGE('',*,*,#8372,.T.);
#8467 = ORIENTED_EDGE('',*,*,#8302,.T.);
#8468 = ORIENTED_EDGE('',*,*,#8419,.F.);
#8469 = ADVANCED_FACE('',(#8470),#8257,.T.);
#8470 = FACE_BOUND('',#8471,.T.);
#8471 = EDGE_LOOP('',(#8472,#8473,#8474,#8475));
#8472 = ORIENTED_EDGE('',*,*,#8243,.F.);
#8473 = ORIENTED_EDGE('',*,*,#8394,.T.);
#8474 = ORIENTED_EDGE('',*,*,#8348,.T.);
#8475 = ORIENTED_EDGE('',*,*,#8441,.F.);
#8476 =(GEOMETRIC_REPRESENTATION_CONTEXT(3)GLOBAL_UNCERTAINTY_ASSIGNED_CONTEXT((#8480))GLOBAL_UNIT_ASSIGNED_CONTEXT((#8477,#8478,#8479))REPRESENTATION_CONTEXT('Context #1','3D Context with UNIT and UNCERTAINTY'));
#8477 =(LENGTH_UNIT()NAMED_UNIT(*)SI_UNIT(.MILLI.,.METRE.));
#8478 =(NAMED_UNIT(*)PLANE_ANGLE_UNIT()SI_UNIT($,.RADIAN.));
#8479 =(NAMED_UNIT(*)SI_UNIT($,.STERADIAN.)SOLID_ANGLE_UNIT());
#8480 = UNCERTAINTY_MEASURE_WITH_UNIT(LENGTH_MEASURE(1.E-07),#8477,'distance_accuracy_value','confusion accuracy');
#8481 = CONTEXT_DEPENDENT_SHAPE_REPRESENTATION(#8482,#8484);
#8482 =(REPRESENTATION_RELATIONSHIP('','',#8145,#10)REPRESENTATION_RELATIONSHIP_WITH_TRANSFORMATION(#8483)SHAPE_REPRESENTATION_RELATIONSHIP());
#8483 = ITEM_DEFINED_TRANSFORMATION('','',#11,#99);
#8484 = PRODUCT_DEFINITION_SHAPE('Placement','Placement of an item',#8485);
#8485 = NEXT_ASSEMBLY_USAGE_OCCURRENCE('22','panel_edge_right_lower','',#5,#8140,$);
#8486 = PRODUCT_RELATED_PRODUCT_CATEGORY('part',$,(#8142));
#8487 = SHAPE_DEFINITION_REPRESENTATION(#8488,#8494);
#8488 = PRODUCT_DEFINITION_SHAPE('','',#8489);
#8489 = PRODUCT_DEFINITION('design','',#8490,#8493);
#8490 = PRODUCT_DEFINITION_FORMATION('','',#8491);
#8491 = PRODUCT('panel_seam_vertical_lower','panel_seam_vertical_lower','',(#8492));
#8492 = PRODUCT_CONTEXT('',#2,'mechanical');
#8493 = PRODUCT_DEFINITION_CONTEXT('part definition',#2,'design');
#8494 = ADVANCED_BREP_SHAPE_REPRESENTATION('',(#11,#8495),#8825);
#8495 = MANIFOLD_SOLID_BREP('',#8496);
#8496 = CLOSED_SHELL('',(#8497,#8617,#8717,#8764,#8811,#8818));
#8497 = ADVANCED_FACE('',(#8498),#8512,.F.);
#8498 = FACE_BOUND('',#8499,.F.);
#8499 = EDGE_LOOP('',(#8500,#8535,#8563,#8591));
#8500 = ORIENTED_EDGE('',*,*,#8501,.F.);
#8501 = EDGE_CURVE('',#8502,#8504,#8506,.T.);
#8502 = VERTEX_POINT('',#8503);
#8503 = CARTESIAN_POINT('',(-69.85,-3.831274757841,329.16173589669));
#8504 = VERTEX_POINT('',#8505);
#8505 = CARTESIAN_POINT('',(-69.85,677.81284593424,1.141513565602E+03));
#8506 = SURFACE_CURVE('',#8507,(#8511,#8523),.PCURVE_S1.);
#8507 = LINE('',#8508,#8509);
#8508 = CARTESIAN_POINT('',(-69.85,-3.831274757841,329.16173589669));
#8509 = VECTOR('',#8510,1.);
#8510 = DIRECTION('',(0.,0.642787609687,0.766044443119));
#8511 = PCURVE('',#8512,#8517);
#8512 = PLANE('',#8513);
#8513 = AXIS2_PLACEMENT_3D('',#8514,#8515,#8516);
#8514 = CARTESIAN_POINT('',(-69.85,-3.831274757841,329.16173589669));
#8515 = DIRECTION('',(1.,0.,0.));
#8516 = DIRECTION('',(0.,0.642787609687,0.766044443119));
#8517 = DEFINITIONAL_REPRESENTATION('',(#8518),#8522);
#8518 = LINE('',#8519,#8520);
#8519 = CARTESIAN_POINT('',(0.,0.));
#8520 = VECTOR('',#8521,1.);
#8521 = DIRECTION('',(1.,0.));
#8522 =(GEOMETRIC_REPRESENTATION_CONTEXT(2)PARAMETRIC_REPRESENTATION_CONTEXT()REPRESENTATION_CONTEXT('2D SPACE',''));
#8523 = PCURVE('',#8524,#8529);
#8524 = PLANE('',#8525);
#8525 = AXIS2_PLACEMENT_3D('',#8526,#8527,#8528);
#8526 = CARTESIAN_POINT('',(-69.85,-3.831274757841,329.16173589669));
#8527 = DIRECTION('',(0.,0.766044443119,-0.642787609687));
#8528 = DIRECTION('',(0.,0.642787609687,0.766044443119));
#8529 = DEFINITIONAL_REPRESENTATION('',(#8530),#8534);
#8530 = LINE('',#8531,#8532);
#8531 = CARTESIAN_POINT('',(0.,0.));
#8532 = VECTOR('',#8533,1.);
#8533 = DIRECTION('',(1.,0.));
#8534 =(GEOMETRIC_REPRESENTATION_CONTEXT(2)PARAMETRIC_REPRESENTATION_CONTEXT()REPRESENTATION_CONTEXT('2D SPACE',''));
#8535 = ORIENTED_EDGE('',*,*,#8536,.T.);
#8536 = EDGE_CURVE('',#8502,#8537,#8539,.T.);
#8537 = VERTEX_POINT('',#8538);
#8538 = CARTESIAN_POINT('',(-69.85,25.355018524992,304.67152796763));
#8539 = SURFACE_CURVE('',#8540,(#8544,#8551),.PCURVE_S1.);
#8540 = LINE('',#8541,#8542);
#8541 = CARTESIAN_POINT('',(-69.85,-3.831274757841,329.16173589669));
#8542 = VECTOR('',#8543,1.);
#8543 = DIRECTION('',(0.,0.766044443119,-0.642787609687));
#8544 = PCURVE('',#8512,#8545);
#8545 = DEFINITIONAL_REPRESENTATION('',(#8546),#8550);
#8546 = LINE('',#8547,#8548);
#8547 = CARTESIAN_POINT('',(0.,0.));
#8548 = VECTOR('',#8549,1.);
#8549 = DIRECTION('',(0.,-1.));
#8550 =(GEOMETRIC_REPRESENTATION_CONTEXT(2)PARAMETRIC_REPRESENTATION_CONTEXT()REPRESENTATION_CONTEXT('2D SPACE',''));
#8551 = PCURVE('',#8552,#8557);
#8552 = PLANE('',#8553);
#8553 = AXIS2_PLACEMENT_3D('',#8554,#8555,#8556);
#8554 = CARTESIAN_POINT('',(-69.85,-3.831274757841,329.16173589669));
#8555 = DIRECTION('',(0.,0.642787609687,0.766044443119));
#8556 = DIRECTION('',(1.,0.,0.));
#8557 = DEFINITIONAL_REPRESENTATION('',(#8558),#8562);
#8558 = LINE('',#8559,#8560);
#8559 = CARTESIAN_POINT('',(0.,0.));
#8560 = VECTOR('',#8561,1.);
#8561 = DIRECTION('',(0.,1.));
#8562 =(GEOMETRIC_REPRESENTATION_CONTEXT(2)PARAMETRIC_REPRESENTATION_CONTEXT()REPRESENTATION_CONTEXT('2D SPACE',''));
#8563 = ORIENTED_EDGE('',*,*,#8564,.T.);
#8564 = EDGE_CURVE('',#8537,#8565,#8567,.T.);
#8565 = VERTEX_POINT('',#8566);
#8566 = CARTESIAN_POINT('',(-69.85,706.99913921708,1.117023357673E+03));
#8567 = SURFACE_CURVE('',#8568,(#8572,#8579),.PCURVE_S1.);
#8568 = LINE('',#8569,#8570);
#8569 = CARTESIAN_POINT('',(-69.85,25.355018524992,304.67152796763));
#8570 = VECTOR('',#8571,1.);
#8571 = DIRECTION('',(0.,0.642787609687,0.766044443119));
#8572 = PCURVE('',#8512,#8573);
#8573 = DEFINITIONAL_REPRESENTATION('',(#8574),#8578);
#8574 = LINE('',#8575,#8576);
#8575 = CARTESIAN_POINT('',(-4.263256414561E-14,-38.1));
#8576 = VECTOR('',#8577,1.);
#8577 = DIRECTION('',(1.,0.));
#8578 =(GEOMETRIC_REPRESENTATION_CONTEXT(2)PARAMETRIC_REPRESENTATION_CONTEXT()REPRESENTATION_CONTEXT('2D SPACE',''));
#8579 = PCURVE('',#8580,#8585);
#8580 = PLANE('',#8581);
#8581 = AXIS2_PLACEMENT_3D('',#8582,#8583,#8584);
#8582 = CARTESIAN_POINT('',(-69.85,25.355018524992,304.67152796763));
#8583 = DIRECTION('',(0.,0.766044443119,-0.642787609687));
#8584 = DIRECTION('',(0.,0.642787609687,0.766044443119));
#8585 = DEFINITIONAL_REPRESENTATION('',(#8586),#8590);
#8586 = LINE('',#8587,#8588);
#8587 = CARTESIAN_POINT('',(0.,0.));
#8588 = VECTOR('',#8589,1.);
#8589 = DIRECTION('',(1.,0.));
#8590 =(GEOMETRIC_REPRESENTATION_CONTEXT(2)PARAMETRIC_REPRESENTATION_CONTEXT()REPRESENTATION_CONTEXT('2D SPACE',''));
#8591 = ORIENTED_EDGE('',*,*,#8592,.F.);
#8592 = EDGE_CURVE('',#8504,#8565,#8593,.T.);
#8593 = SURFACE_CURVE('',#8594,(#8598,#8605),.PCURVE_S1.);
#8594 = LINE('',#8595,#8596);
#8595 = CARTESIAN_POINT('',(-69.85,677.81284593424,1.141513565602E+03));
#8596 = VECTOR('',#8597,1.);
#8597 = DIRECTION('',(0.,0.766044443119,-0.642787609687));
#8598 = PCURVE('',#8512,#8599);
#8599 = DEFINITIONAL_REPRESENTATION('',(#8600),#8604);
#8600 = LINE('',#8601,#8602);
#8601 = CARTESIAN_POINT('',(1.06045E+03,0.));
#8602 = VECTOR('',#8603,1.);
#8603 = DIRECTION('',(0.,-1.));
#8604 =(GEOMETRIC_REPRESENTATION_CONTEXT(2)PARAMETRIC_REPRESENTATION_CONTEXT()REPRESENTATION_CONTEXT('2D SPACE',''));
#8605 = PCURVE('',#8606,#8611);
#8606 = PLANE('',#8607);
#8607 = AXIS2_PLACEMENT_3D('',#8608,#8609,#8610);
#8608 = CARTESIAN_POINT('',(-69.85,677.81284593424,1.141513565602E+03));
#8609 = DIRECTION('',(0.,0.642787609687,0.766044443119));
#8610 = DIRECTION('',(1.,0.,0.));
#8611 = DEFINITIONAL_REPRESENTATION('',(#8612),#8616);
#8612 = LINE('',#8613,#8614);
#8613 = CARTESIAN_POINT('',(0.,0.));
#8614 = VECTOR('',#8615,1.);
#8615 = DIRECTION('',(0.,1.));
#8616 =(GEOMETRIC_REPRESENTATION_CONTEXT(2)PARAMETRIC_REPRESENTATION_CONTEXT()REPRESENTATION_CONTEXT('2D SPACE',''));
#8617 = ADVANCED_FACE('',(#8618),#8632,.T.);
#8618 = FACE_BOUND('',#8619,.T.);
#8619 = EDGE_LOOP('',(#8620,#8650,#8673,#8696));
#8620 = ORIENTED_EDGE('',*,*,#8621,.F.);
#8621 = EDGE_CURVE('',#8622,#8624,#8626,.T.);
#8622 = VERTEX_POINT('',#8623);
#8623 = CARTESIAN_POINT('',(69.85,-3.831274757841,329.16173589669));
#8624 = VERTEX_POINT('',#8625);
#8625 = CARTESIAN_POINT('',(69.85,677.81284593424,1.141513565602E+03));
#8626 = SURFACE_CURVE('',#8627,(#8631,#8643),.PCURVE_S1.);
#8627 = LINE('',#8628,#8629);
#8628 = CARTESIAN_POINT('',(69.85,-3.831274757841,329.16173589669));
#8629 = VECTOR('',#8630,1.);
#8630 = DIRECTION('',(0.,0.642787609687,0.766044443119));
#8631 = PCURVE('',#8632,#8637);
#8632 = PLANE('',#8633);
#8633 = AXIS2_PLACEMENT_3D('',#8634,#8635,#8636);
#8634 = CARTESIAN_POINT('',(69.85,-3.831274757841,329.16173589669));
#8635 = DIRECTION('',(1.,0.,0.));
#8636 = DIRECTION('',(0.,0.642787609687,0.766044443119));
#8637 = DEFINITIONAL_REPRESENTATION('',(#8638),#8642);
#8638 = LINE('',#8639,#8640);
#8639 = CARTESIAN_POINT('',(0.,0.));
#8640 = VECTOR('',#8641,1.);
#8641 = DIRECTION('',(1.,0.));
#8642 =(GEOMETRIC_REPRESENTATION_CONTEXT(2)PARAMETRIC_REPRESENTATION_CONTEXT()REPRESENTATION_CONTEXT('2D SPACE',''));
#8643 = PCURVE('',#8524,#8644);
#8644 = DEFINITIONAL_REPRESENTATION('',(#8645),#8649);
#8645 = LINE('',#8646,#8647);
#8646 = CARTESIAN_POINT('',(0.,139.7));
#8647 = VECTOR('',#8648,1.);
#8648 = DIRECTION('',(1.,0.));
#8649 =(GEOMETRIC_REPRESENTATION_CONTEXT(2)PARAMETRIC_REPRESENTATION_CONTEXT()REPRESENTATION_CONTEXT('2D SPACE',''));
#8650 = ORIENTED_EDGE('',*,*,#8651,.T.);
#8651 = EDGE_CURVE('',#8622,#8652,#8654,.T.);
#8652 = VERTEX_POINT('',#8653);
#8653 = CARTESIAN_POINT('',(69.85,25.355018524992,304.67152796763));
#8654 = SURFACE_CURVE('',#8655,(#8659,#8666),.PCURVE_S1.);
#8655 = LINE('',#8656,#8657);
#8656 = CARTESIAN_POINT('',(69.85,-3.831274757841,329.16173589669));
#8657 = VECTOR('',#8658,1.);
#8658 = DIRECTION('',(0.,0.766044443119,-0.642787609687));
#8659 = PCURVE('',#8632,#8660);
#8660 = DEFINITIONAL_REPRESENTATION('',(#8661),#8665);
#8661 = LINE('',#8662,#8663);
#8662 = CARTESIAN_POINT('',(0.,0.));
#8663 = VECTOR('',#8664,1.);
#8664 = DIRECTION('',(0.,-1.));
#8665 =(GEOMETRIC_REPRESENTATION_CONTEXT(2)PARAMETRIC_REPRESENTATION_CONTEXT()REPRESENTATION_CONTEXT('2D SPACE',''));
#8666 = PCURVE('',#8552,#8667);
#8667 = DEFINITIONAL_REPRESENTATION('',(#8668),#8672);
#8668 = LINE('',#8669,#8670);
#8669 = CARTESIAN_POINT('',(139.7,0.));
#8670 = VECTOR('',#8671,1.);
#8671 = DIRECTION('',(0.,1.));
#8672 =(GEOMETRIC_REPRESENTATION_CONTEXT(2)PARAMETRIC_REPRESENTATION_CONTEXT()REPRESENTATION_CONTEXT('2D SPACE',''));
#8673 = ORIENTED_EDGE('',*,*,#8674,.T.);
#8674 = EDGE_CURVE('',#8652,#8675,#8677,.T.);
#8675 = VERTEX_POINT('',#8676);
#8676 = CARTESIAN_POINT('',(69.85,706.99913921708,1.117023357673E+03));
#8677 = SURFACE_CURVE('',#8678,(#8682,#8689),.PCURVE_S1.);
#8678 = LINE('',#8679,#8680);
#8679 = CARTESIAN_POINT('',(69.85,25.355018524992,304.67152796763));
#8680 = VECTOR('',#8681,1.);
#8681 = DIRECTION('',(0.,0.642787609687,0.766044443119));
#8682 = PCURVE('',#8632,#8683);
#8683 = DEFINITIONAL_REPRESENTATION('',(#8684),#8688);
#8684 = LINE('',#8685,#8686);
#8685 = CARTESIAN_POINT('',(-4.263256414561E-14,-38.1));
#8686 = VECTOR('',#8687,1.);
#8687 = DIRECTION('',(1.,0.));
#8688 =(GEOMETRIC_REPRESENTATION_CONTEXT(2)PARAMETRIC_REPRESENTATION_CONTEXT()REPRESENTATION_CONTEXT('2D SPACE',''));
#8689 = PCURVE('',#8580,#8690);
#8690 = DEFINITIONAL_REPRESENTATION('',(#8691),#8695);
#8691 = LINE('',#8692,#8693);
#8692 = CARTESIAN_POINT('',(0.,139.7));
#8693 = VECTOR('',#8694,1.);
#8694 = DIRECTION('',(1.,0.));
#8695 =(GEOMETRIC_REPRESENTATION_CONTEXT(2)PARAMETRIC_REPRESENTATION_CONTEXT()REPRESENTATION_CONTEXT('2D SPACE',''));
#8696 = ORIENTED_EDGE('',*,*,#8697,.F.);
#8697 = EDGE_CURVE('',#8624,#8675,#8698,.T.);
#8698 = SURFACE_CURVE('',#8699,(#8703,#8710),.PCURVE_S1.);
#8699 = LINE('',#8700,#8701);
#8700 = CARTESIAN_POINT('',(69.85,677.81284593424,1.141513565602E+03));
#8701 = VECTOR('',#8702,1.);
#8702 = DIRECTION('',(0.,0.766044443119,-0.642787609687));
#8703 = PCURVE('',#8632,#8704);
#8704 = DEFINITIONAL_REPRESENTATION('',(#8705),#8709);
#8705 = LINE('',#8706,#8707);
#8706 = CARTESIAN_POINT('',(1.06045E+03,0.));
#8707 = VECTOR('',#8708,1.);
#8708 = DIRECTION('',(0.,-1.));
#8709 =(GEOMETRIC_REPRESENTATION_CONTEXT(2)PARAMETRIC_REPRESENTATION_CONTEXT()REPRESENTATION_CONTEXT('2D SPACE',''));
#8710 = PCURVE('',#8606,#8711);
#8711 = DEFINITIONAL_REPRESENTATION('',(#8712),#8716);
#8712 = LINE('',#8713,#8714);
#8713 = CARTESIAN_POINT('',(139.7,0.));
#8714 = VECTOR('',#8715,1.);
#8715 = DIRECTION('',(0.,1.));
#8716 =(GEOMETRIC_REPRESENTATION_CONTEXT(2)PARAMETRIC_REPRESENTATION_CONTEXT()REPRESENTATION_CONTEXT('2D SPACE',''));
#8717 = ADVANCED_FACE('',(#8718),#8524,.F.);
#8718 = FACE_BOUND('',#8719,.F.);
#8719 = EDGE_LOOP('',(#8720,#8741,#8742,#8763));
#8720 = ORIENTED_EDGE('',*,*,#8721,.F.);
#8721 = EDGE_CURVE('',#8502,#8622,#8722,.T.);
#8722 = SURFACE_CURVE('',#8723,(#8727,#8734),.PCURVE_S1.);
#8723 = LINE('',#8724,#8725);
#8724 = CARTESIAN_POINT('',(-69.85,-3.831274757841,329.16173589669));
#8725 = VECTOR('',#8726,1.);
#8726 = DIRECTION('',(1.,0.,0.));
#8727 = PCURVE('',#8524,#8728);
#8728 = DEFINITIONAL_REPRESENTATION('',(#8729),#8733);
#8729 = LINE('',#8730,#8731);
#8730 = CARTESIAN_POINT('',(0.,0.));
#8731 = VECTOR('',#8732,1.);
#8732 = DIRECTION('',(0.,1.));
#8733 =(GEOMETRIC_REPRESENTATION_CONTEXT(2)PARAMETRIC_REPRESENTATION_CONTEXT()REPRESENTATION_CONTEXT('2D SPACE',''));
#8734 = PCURVE('',#8552,#8735);
#8735 = DEFINITIONAL_REPRESENTATION('',(#8736),#8740);
#8736 = LINE('',#8737,#8738);
#8737 = CARTESIAN_POINT('',(0.,0.));
#8738 = VECTOR('',#8739,1.);
#8739 = DIRECTION('',(1.,0.));
#8740 =(GEOMETRIC_REPRESENTATION_CONTEXT(2)PARAMETRIC_REPRESENTATION_CONTEXT()REPRESENTATION_CONTEXT('2D SPACE',''));
#8741 = ORIENTED_EDGE('',*,*,#8501,.T.);
#8742 = ORIENTED_EDGE('',*,*,#8743,.T.);
#8743 = EDGE_CURVE('',#8504,#8624,#8744,.T.);
#8744 = SURFACE_CURVE('',#8745,(#8749,#8756),.PCURVE_S1.);
#8745 = LINE('',#8746,#8747);
#8746 = CARTESIAN_POINT('',(-69.85,677.81284593424,1.141513565602E+03));
#8747 = VECTOR('',#8748,1.);
#8748 = DIRECTION('',(1.,0.,0.));
#8749 = PCURVE('',#8524,#8750);
#8750 = DEFINITIONAL_REPRESENTATION('',(#8751),#8755);
#8751 = LINE('',#8752,#8753);
#8752 = CARTESIAN_POINT('',(1.06045E+03,0.));
#8753 = VECTOR('',#8754,1.);
#8754 = DIRECTION('',(0.,1.));
#8755 =(GEOMETRIC_REPRESENTATION_CONTEXT(2)PARAMETRIC_REPRESENTATION_CONTEXT()REPRESENTATION_CONTEXT('2D SPACE',''));
#8756 = PCURVE('',#8606,#8757);
#8757 = DEFINITIONAL_REPRESENTATION('',(#8758),#8762);
#8758 = LINE('',#8759,#8760);
#8759 = CARTESIAN_POINT('',(0.,0.));
#8760 = VECTOR('',#8761,1.);
#8761 = DIRECTION('',(1.,0.));
#8762 =(GEOMETRIC_REPRESENTATION_CONTEXT(2)PARAMETRIC_REPRESENTATION_CONTEXT()REPRESENTATION_CONTEXT('2D SPACE',''));
#8763 = ORIENTED_EDGE('',*,*,#8621,.F.);
#8764 = ADVANCED_FACE('',(#8765),#8580,.T.);
#8765 = FACE_BOUND('',#8766,.T.);
#8766 = EDGE_LOOP('',(#8767,#8788,#8789,#8810));
#8767 = ORIENTED_EDGE('',*,*,#8768,.F.);
#8768 = EDGE_CURVE('',#8537,#8652,#8769,.T.);
#8769 = SURFACE_CURVE('',#8770,(#8774,#8781),.PCURVE_S1.);
#8770 = LINE('',#8771,#8772);
#8771 = CARTESIAN_POINT('',(-69.85,25.355018524992,304.67152796763));
#8772 = VECTOR('',#8773,1.);
#8773 = DIRECTION('',(1.,0.,0.));
#8774 = PCURVE('',#8580,#8775);
#8775 = DEFINITIONAL_REPRESENTATION('',(#8776),#8780);
#8776 = LINE('',#8777,#8778);
#8777 = CARTESIAN_POINT('',(0.,0.));
#8778 = VECTOR('',#8779,1.);
#8779 = DIRECTION('',(0.,1.));
#8780 =(GEOMETRIC_REPRESENTATION_CONTEXT(2)PARAMETRIC_REPRESENTATION_CONTEXT()REPRESENTATION_CONTEXT('2D SPACE',''));
#8781 = PCURVE('',#8552,#8782);
#8782 = DEFINITIONAL_REPRESENTATION('',(#8783),#8787);
#8783 = LINE('',#8784,#8785);
#8784 = CARTESIAN_POINT('',(0.,38.1));
#8785 = VECTOR('',#8786,1.);
#8786 = DIRECTION('',(1.,0.));
#8787 =(GEOMETRIC_REPRESENTATION_CONTEXT(2)PARAMETRIC_REPRESENTATION_CONTEXT()REPRESENTATION_CONTEXT('2D SPACE',''));
#8788 = ORIENTED_EDGE('',*,*,#8564,.T.);
#8789 = ORIENTED_EDGE('',*,*,#8790,.T.);
#8790 = EDGE_CURVE('',#8565,#8675,#8791,.T.);
#8791 = SURFACE_CURVE('',#8792,(#8796,#8803),.PCURVE_S1.);
#8792 = LINE('',#8793,#8794);
#8793 = CARTESIAN_POINT('',(-69.85,706.99913921708,1.117023357673E+03));
#8794 = VECTOR('',#8795,1.);
#8795 = DIRECTION('',(1.,0.,0.));
#8796 = PCURVE('',#8580,#8797);
#8797 = DEFINITIONAL_REPRESENTATION('',(#8798),#8802);
#8798 = LINE('',#8799,#8800);
#8799 = CARTESIAN_POINT('',(1.06045E+03,0.));
#8800 = VECTOR('',#8801,1.);
#8801 = DIRECTION('',(0.,1.));
#8802 =(GEOMETRIC_REPRESENTATION_CONTEXT(2)PARAMETRIC_REPRESENTATION_CONTEXT()REPRESENTATION_CONTEXT('2D SPACE',''));
#8803 = PCURVE('',#8606,#8804);
#8804 = DEFINITIONAL_REPRESENTATION('',(#8805),#8809);
#8805 = LINE('',#8806,#8807);
#8806 = CARTESIAN_POINT('',(0.,38.1));
#8807 = VECTOR('',#8808,1.);
#8808 = DIRECTION('',(1.,0.));
#8809 =(GEOMETRIC_REPRESENTATION_CONTEXT(2)PARAMETRIC_REPRESENTATION_CONTEXT()REPRESENTATION_CONTEXT('2D SPACE',''));
#8810 = ORIENTED_EDGE('',*,*,#8674,.F.);
#8811 = ADVANCED_FACE('',(#8812),#8552,.F.);
#8812 = FACE_BOUND('',#8813,.F.);
#8813 = EDGE_LOOP('',(#8814,#8815,#8816,#8817));
#8814 = ORIENTED_EDGE('',*,*,#8536,.F.);
#8815 = ORIENTED_EDGE('',*,*,#8721,.T.);
#8816 = ORIENTED_EDGE('',*,*,#8651,.T.);
#8817 = ORIENTED_EDGE('',*,*,#8768,.F.);
#8818 = ADVANCED_FACE('',(#8819),#8606,.T.);
#8819 = FACE_BOUND('',#8820,.T.);
#8820 = EDGE_LOOP('',(#8821,#8822,#8823,#8824));
#8821 = ORIENTED_EDGE('',*,*,#8592,.F.);
#8822 = ORIENTED_EDGE('',*,*,#8743,.T.);
#8823 = ORIENTED_EDGE('',*,*,#8697,.T.);
#8824 = ORIENTED_EDGE('',*,*,#8790,.F.);
#8825 =(GEOMETRIC_REPRESENTATION_CONTEXT(3)GLOBAL_UNCERTAINTY_ASSIGNED_CONTEXT((#8829))GLOBAL_UNIT_ASSIGNED_CONTEXT((#8826,#8827,#8828))REPRESENTATION_CONTEXT('Context #1','3D Context with UNIT and UNCERTAINTY'));
#8826 =(LENGTH_UNIT()NAMED_UNIT(*)SI_UNIT(.MILLI.,.METRE.));
#8827 =(NAMED_UNIT(*)PLANE_ANGLE_UNIT()SI_UNIT($,.RADIAN.));
#8828 =(NAMED_UNIT(*)SI_UNIT($,.STERADIAN.)SOLID_ANGLE_UNIT());
#8829 = UNCERTAINTY_MEASURE_WITH_UNIT(LENGTH_MEASURE(1.E-07),#8826,'distance_accuracy_value','confusion accuracy');
#8830 = CONTEXT_DEPENDENT_SHAPE_REPRESENTATION(#8831,#8833);
#8831 =(REPRESENTATION_RELATIONSHIP('','',#8494,#10)REPRESENTATION_RELATIONSHIP_WITH_TRANSFORMATION(#8832)SHAPE_REPRESENTATION_RELATIONSHIP());
#8832 = ITEM_DEFINED_TRANSFORMATION('','',#11,#103);
#8833 = PRODUCT_DEFINITION_SHAPE('Placement','Placement of an item',#8834);
#8834 = NEXT_ASSEMBLY_USAGE_OCCURRENCE('23','panel_seam_vertical_lower','',#5,#8489,$);
#8835 = PRODUCT_RELATED_PRODUCT_CATEGORY('part',$,(#8491));
#8836 = SHAPE_DEFINITION_REPRESENTATION(#8837,#8843);
#8837 = PRODUCT_DEFINITION_SHAPE('','',#8838);
#8838 = PRODUCT_DEFINITION('design','',#8839,#8842);
#8839 = PRODUCT_DEFINITION_FORMATION('','',#8840);
#8840 = PRODUCT('mid_lower_left','mid_lower_left','',(#8841));
#8841 = PRODUCT_CONTEXT('',#2,'mechanical');
#8842 = PRODUCT_DEFINITION_CONTEXT('part definition',#2,'design');
#8843 = ADVANCED_BREP_SHAPE_REPRESENTATION('',(#11,#8844),#9174);
#8844 = MANIFOLD_SOLID_BREP('',#8845);
#8845 = CLOSED_SHELL('',(#8846,#8966,#9066,#9113,#9160,#9167));
#8846 = ADVANCED_FACE('',(#8847),#8861,.F.);
#8847 = FACE_BOUND('',#8848,.F.);
#8848 = EDGE_LOOP('',(#8849,#8884,#8912,#8940));
#8849 = ORIENTED_EDGE('',*,*,#8850,.F.);
#8850 = EDGE_CURVE('',#8851,#8853,#8855,.T.);
#8851 = VERTEX_POINT('',#8852);
#8852 = CARTESIAN_POINT('',(-563.65,-3.831274757841,329.16173589669));
#8853 = VERTEX_POINT('',#8854);
#8854 = CARTESIAN_POINT('',(-563.65,677.81284593424,1.141513565602E+03));
#8855 = SURFACE_CURVE('',#8856,(#8860,#8872),.PCURVE_S1.);
#8856 = LINE('',#8857,#8858);
#8857 = CARTESIAN_POINT('',(-563.65,-3.831274757841,329.16173589669));
#8858 = VECTOR('',#8859,1.);
#8859 = DIRECTION('',(0.,0.642787609687,0.766044443119));
#8860 = PCURVE('',#8861,#8866);
#8861 = PLANE('',#8862);
#8862 = AXIS2_PLACEMENT_3D('',#8863,#8864,#8865);
#8863 = CARTESIAN_POINT('',(-563.65,-3.831274757841,329.16173589669));
#8864 = DIRECTION('',(1.,0.,0.));
#8865 = DIRECTION('',(0.,0.642787609687,0.766044443119));
#8866 = DEFINITIONAL_REPRESENTATION('',(#8867),#8871);
#8867 = LINE('',#8868,#8869);
#8868 = CARTESIAN_POINT('',(0.,0.));
#8869 = VECTOR('',#8870,1.);
#8870 = DIRECTION('',(1.,0.));
#8871 =(GEOMETRIC_REPRESENTATION_CONTEXT(2)PARAMETRIC_REPRESENTATION_CONTEXT()REPRESENTATION_CONTEXT('2D SPACE',''));
#8872 = PCURVE('',#8873,#8878);
#8873 = PLANE('',#8874);
#8874 = AXIS2_PLACEMENT_3D('',#8875,#8876,#8877);
#8875 = CARTESIAN_POINT('',(-563.65,-3.831274757841,329.16173589669));
#8876 = DIRECTION('',(0.,0.766044443119,-0.642787609687));
#8877 = DIRECTION('',(0.,0.642787609687,0.766044443119));
#8878 = DEFINITIONAL_REPRESENTATION('',(#8879),#8883);
#8879 = LINE('',#8880,#8881);
#8880 = CARTESIAN_POINT('',(0.,0.));
#8881 = VECTOR('',#8882,1.);
#8882 = DIRECTION('',(1.,0.));
#8883 =(GEOMETRIC_REPRESENTATION_CONTEXT(2)PARAMETRIC_REPRESENTATION_CONTEXT()REPRESENTATION_CONTEXT('2D SPACE',''));
#8884 = ORIENTED_EDGE('',*,*,#8885,.T.);
#8885 = EDGE_CURVE('',#8851,#8886,#8888,.T.);
#8886 = VERTEX_POINT('',#8887);
#8887 = CARTESIAN_POINT('',(-563.65,25.355018524992,304.67152796763));
#8888 = SURFACE_CURVE('',#8889,(#8893,#8900),.PCURVE_S1.);
#8889 = LINE('',#8890,#8891);
#8890 = CARTESIAN_POINT('',(-563.65,-3.831274757841,329.16173589669));
#8891 = VECTOR('',#8892,1.);
#8892 = DIRECTION('',(0.,0.766044443119,-0.642787609687));
#8893 = PCURVE('',#8861,#8894);
#8894 = DEFINITIONAL_REPRESENTATION('',(#8895),#8899);
#8895 = LINE('',#8896,#8897);
#8896 = CARTESIAN_POINT('',(0.,0.));
#8897 = VECTOR('',#8898,1.);
#8898 = DIRECTION('',(0.,-1.));
#8899 =(GEOMETRIC_REPRESENTATION_CONTEXT(2)PARAMETRIC_REPRESENTATION_CONTEXT()REPRESENTATION_CONTEXT('2D SPACE',''));
#8900 = PCURVE('',#8901,#8906);
#8901 = PLANE('',#8902);
#8902 = AXIS2_PLACEMENT_3D('',#8903,#8904,#8905);
#8903 = CARTESIAN_POINT('',(-563.65,-3.831274757841,329.16173589669));
#8904 = DIRECTION('',(0.,0.642787609687,0.766044443119));
#8905 = DIRECTION('',(1.,0.,0.));
#8906 = DEFINITIONAL_REPRESENTATION('',(#8907),#8911);
#8907 = LINE('',#8908,#8909);
#8908 = CARTESIAN_POINT('',(0.,0.));
#8909 = VECTOR('',#8910,1.);
#8910 = DIRECTION('',(0.,1.));
#8911 =(GEOMETRIC_REPRESENTATION_CONTEXT(2)PARAMETRIC_REPRESENTATION_CONTEXT()REPRESENTATION_CONTEXT('2D SPACE',''));
#8912 = ORIENTED_EDGE('',*,*,#8913,.T.);
#8913 = EDGE_CURVE('',#8886,#8914,#8916,.T.);
#8914 = VERTEX_POINT('',#8915);
#8915 = CARTESIAN_POINT('',(-563.65,706.99913921708,1.117023357673E+03));
#8916 = SURFACE_CURVE('',#8917,(#8921,#8928),.PCURVE_S1.);
#8917 = LINE('',#8918,#8919);
#8918 = CARTESIAN_POINT('',(-563.65,25.355018524992,304.67152796763));
#8919 = VECTOR('',#8920,1.);
#8920 = DIRECTION('',(0.,0.642787609687,0.766044443119));
#8921 = PCURVE('',#8861,#8922);
#8922 = DEFINITIONAL_REPRESENTATION('',(#8923),#8927);
#8923 = LINE('',#8924,#8925);
#8924 = CARTESIAN_POINT('',(-4.263256414561E-14,-38.1));
#8925 = VECTOR('',#8926,1.);
#8926 = DIRECTION('',(1.,0.));
#8927 =(GEOMETRIC_REPRESENTATION_CONTEXT(2)PARAMETRIC_REPRESENTATION_CONTEXT()REPRESENTATION_CONTEXT('2D SPACE',''));
#8928 = PCURVE('',#8929,#8934);
#8929 = PLANE('',#8930);
#8930 = AXIS2_PLACEMENT_3D('',#8931,#8932,#8933);
#8931 = CARTESIAN_POINT('',(-563.65,25.355018524992,304.67152796763));
#8932 = DIRECTION('',(0.,0.766044443119,-0.642787609687));
#8933 = DIRECTION('',(0.,0.642787609687,0.766044443119));
#8934 = DEFINITIONAL_REPRESENTATION('',(#8935),#8939);
#8935 = LINE('',#8936,#8937);
#8936 = CARTESIAN_POINT('',(0.,0.));
#8937 = VECTOR('',#8938,1.);
#8938 = DIRECTION('',(1.,0.));
#8939 =(GEOMETRIC_REPRESENTATION_CONTEXT(2)PARAMETRIC_REPRESENTATION_CONTEXT()REPRESENTATION_CONTEXT('2D SPACE',''));
#8940 = ORIENTED_EDGE('',*,*,#8941,.F.);
#8941 = EDGE_CURVE('',#8853,#8914,#8942,.T.);
#8942 = SURFACE_CURVE('',#8943,(#8947,#8954),.PCURVE_S1.);
#8943 = LINE('',#8944,#8945);
#8944 = CARTESIAN_POINT('',(-563.65,677.81284593424,1.141513565602E+03));
#8945 = VECTOR('',#8946,1.);
#8946 = DIRECTION('',(0.,0.766044443119,-0.642787609687));
#8947 = PCURVE('',#8861,#8948);
#8948 = DEFINITIONAL_REPRESENTATION('',(#8949),#8953);
#8949 = LINE('',#8950,#8951);
#8950 = CARTESIAN_POINT('',(1.06045E+03,0.));
#8951 = VECTOR('',#8952,1.);
#8952 = DIRECTION('',(0.,-1.));
#8953 =(GEOMETRIC_REPRESENTATION_CONTEXT(2)PARAMETRIC_REPRESENTATION_CONTEXT()REPRESENTATION_CONTEXT('2D SPACE',''));
#8954 = PCURVE('',#8955,#8960);
#8955 = PLANE('',#8956);
#8956 = AXIS2_PLACEMENT_3D('',#8957,#8958,#8959);
#8957 = CARTESIAN_POINT('',(-563.65,677.81284593424,1.141513565602E+03));
#8958 = DIRECTION('',(0.,0.642787609687,0.766044443119));
#8959 = DIRECTION('',(1.,0.,0.));
#8960 = DEFINITIONAL_REPRESENTATION('',(#8961),#8965);
#8961 = LINE('',#8962,#8963);
#8962 = CARTESIAN_POINT('',(0.,0.));
#8963 = VECTOR('',#8964,1.);
#8964 = DIRECTION('',(0.,1.));
#8965 =(GEOMETRIC_REPRESENTATION_CONTEXT(2)PARAMETRIC_REPRESENTATION_CONTEXT()REPRESENTATION_CONTEXT('2D SPACE',''));
#8966 = ADVANCED_FACE('',(#8967),#8981,.T.);
#8967 = FACE_BOUND('',#8968,.T.);
#8968 = EDGE_LOOP('',(#8969,#8999,#9022,#9045));
#8969 = ORIENTED_EDGE('',*,*,#8970,.F.);
#8970 = EDGE_CURVE('',#8971,#8973,#8975,.T.);
#8971 = VERTEX_POINT('',#8972);
#8972 = CARTESIAN_POINT('',(-474.75,-3.831274757841,329.16173589669));
#8973 = VERTEX_POINT('',#8974);
#8974 = CARTESIAN_POINT('',(-474.75,677.81284593424,1.141513565602E+03));
#8975 = SURFACE_CURVE('',#8976,(#8980,#8992),.PCURVE_S1.);
#8976 = LINE('',#8977,#8978);
#8977 = CARTESIAN_POINT('',(-474.75,-3.831274757841,329.16173589669));
#8978 = VECTOR('',#8979,1.);
#8979 = DIRECTION('',(0.,0.642787609687,0.766044443119));
#8980 = PCURVE('',#8981,#8986);
#8981 = PLANE('',#8982);
#8982 = AXIS2_PLACEMENT_3D('',#8983,#8984,#8985);
#8983 = CARTESIAN_POINT('',(-474.75,-3.831274757841,329.16173589669));
#8984 = DIRECTION('',(1.,0.,0.));
#8985 = DIRECTION('',(0.,0.642787609687,0.766044443119));
#8986 = DEFINITIONAL_REPRESENTATION('',(#8987),#8991);
#8987 = LINE('',#8988,#8989);
#8988 = CARTESIAN_POINT('',(0.,0.));
#8989 = VECTOR('',#8990,1.);
#8990 = DIRECTION('',(1.,0.));
#8991 =(GEOMETRIC_REPRESENTATION_CONTEXT(2)PARAMETRIC_REPRESENTATION_CONTEXT()REPRESENTATION_CONTEXT('2D SPACE',''));
#8992 = PCURVE('',#8873,#8993);
#8993 = DEFINITIONAL_REPRESENTATION('',(#8994),#8998);
#8994 = LINE('',#8995,#8996);
#8995 = CARTESIAN_POINT('',(0.,88.9));
#8996 = VECTOR('',#8997,1.);
#8997 = DIRECTION('',(1.,0.));
#8998 =(GEOMETRIC_REPRESENTATION_CONTEXT(2)PARAMETRIC_REPRESENTATION_CONTEXT()REPRESENTATION_CONTEXT('2D SPACE',''));
#8999 = ORIENTED_EDGE('',*,*,#9000,.T.);
#9000 = EDGE_CURVE('',#8971,#9001,#9003,.T.);
#9001 = VERTEX_POINT('',#9002);
#9002 = CARTESIAN_POINT('',(-474.75,25.355018524992,304.67152796763));
#9003 = SURFACE_CURVE('',#9004,(#9008,#9015),.PCURVE_S1.);
#9004 = LINE('',#9005,#9006);
#9005 = CARTESIAN_POINT('',(-474.75,-3.831274757841,329.16173589669));
#9006 = VECTOR('',#9007,1.);
#9007 = DIRECTION('',(0.,0.766044443119,-0.642787609687));
#9008 = PCURVE('',#8981,#9009);
#9009 = DEFINITIONAL_REPRESENTATION('',(#9010),#9014);
#9010 = LINE('',#9011,#9012);
#9011 = CARTESIAN_POINT('',(0.,0.));
#9012 = VECTOR('',#9013,1.);
#9013 = DIRECTION('',(0.,-1.));
#9014 =(GEOMETRIC_REPRESENTATION_CONTEXT(2)PARAMETRIC_REPRESENTATION_CONTEXT()REPRESENTATION_CONTEXT('2D SPACE',''));
#9015 = PCURVE('',#8901,#9016);
#9016 = DEFINITIONAL_REPRESENTATION('',(#9017),#9021);
#9017 = LINE('',#9018,#9019);
#9018 = CARTESIAN_POINT('',(88.9,0.));
#9019 = VECTOR('',#9020,1.);
#9020 = DIRECTION('',(0.,1.));
#9021 =(GEOMETRIC_REPRESENTATION_CONTEXT(2)PARAMETRIC_REPRESENTATION_CONTEXT()REPRESENTATION_CONTEXT('2D SPACE',''));
#9022 = ORIENTED_EDGE('',*,*,#9023,.T.);
#9023 = EDGE_CURVE('',#9001,#9024,#9026,.T.);
#9024 = VERTEX_POINT('',#9025);
#9025 = CARTESIAN_POINT('',(-474.75,706.99913921708,1.117023357673E+03));
#9026 = SURFACE_CURVE('',#9027,(#9031,#9038),.PCURVE_S1.);
#9027 = LINE('',#9028,#9029);
#9028 = CARTESIAN_POINT('',(-474.75,25.355018524992,304.67152796763));
#9029 = VECTOR('',#9030,1.);
#9030 = DIRECTION('',(0.,0.642787609687,0.766044443119));
#9031 = PCURVE('',#8981,#9032);
#9032 = DEFINITIONAL_REPRESENTATION('',(#9033),#9037);
#9033 = LINE('',#9034,#9035);
#9034 = CARTESIAN_POINT('',(-4.263256414561E-14,-38.1));
#9035 = VECTOR('',#9036,1.);
#9036 = DIRECTION('',(1.,0.));
#9037 =(GEOMETRIC_REPRESENTATION_CONTEXT(2)PARAMETRIC_REPRESENTATION_CONTEXT()REPRESENTATION_CONTEXT('2D SPACE',''));
#9038 = PCURVE('',#8929,#9039);
#9039 = DEFINITIONAL_REPRESENTATION('',(#9040),#9044);
#9040 = LINE('',#9041,#9042);
#9041 = CARTESIAN_POINT('',(0.,88.9));
#9042 = VECTOR('',#9043,1.);
#9043 = DIRECTION('',(1.,0.));
#9044 =(GEOMETRIC_REPRESENTATION_CONTEXT(2)PARAMETRIC_REPRESENTATION_CONTEXT()REPRESENTATION_CONTEXT('2D SPACE',''));
#9045 = ORIENTED_EDGE('',*,*,#9046,.F.);
#9046 = EDGE_CURVE('',#8973,#9024,#9047,.T.);
#9047 = SURFACE_CURVE('',#9048,(#9052,#9059),.PCURVE_S1.);
#9048 = LINE('',#9049,#9050);
#9049 = CARTESIAN_POINT('',(-474.75,677.81284593424,1.141513565602E+03));
#9050 = VECTOR('',#9051,1.);
#9051 = DIRECTION('',(0.,0.766044443119,-0.642787609687));
#9052 = PCURVE('',#8981,#9053);
#9053 = DEFINITIONAL_REPRESENTATION('',(#9054),#9058);
#9054 = LINE('',#9055,#9056);
#9055 = CARTESIAN_POINT('',(1.06045E+03,0.));
#9056 = VECTOR('',#9057,1.);
#9057 = DIRECTION('',(0.,-1.));
#9058 =(GEOMETRIC_REPRESENTATION_CONTEXT(2)PARAMETRIC_REPRESENTATION_CONTEXT()REPRESENTATION_CONTEXT('2D SPACE',''));
#9059 = PCURVE('',#8955,#9060);
#9060 = DEFINITIONAL_REPRESENTATION('',(#9061),#9065);
#9061 = LINE('',#9062,#9063);
#9062 = CARTESIAN_POINT('',(88.9,0.));
#9063 = VECTOR('',#9064,1.);
#9064 = DIRECTION('',(0.,1.));
#9065 =(GEOMETRIC_REPRESENTATION_CONTEXT(2)PARAMETRIC_REPRESENTATION_CONTEXT()REPRESENTATION_CONTEXT('2D SPACE',''));
#9066 = ADVANCED_FACE('',(#9067),#8873,.F.);
#9067 = FACE_BOUND('',#9068,.F.);
#9068 = EDGE_LOOP('',(#9069,#9090,#9091,#9112));
#9069 = ORIENTED_EDGE('',*,*,#9070,.F.);
#9070 = EDGE_CURVE('',#8851,#8971,#9071,.T.);
#9071 = SURFACE_CURVE('',#9072,(#9076,#9083),.PCURVE_S1.);
#9072 = LINE('',#9073,#9074);
#9073 = CARTESIAN_POINT('',(-563.65,-3.831274757841,329.16173589669));
#9074 = VECTOR('',#9075,1.);
#9075 = DIRECTION('',(1.,0.,0.));
#9076 = PCURVE('',#8873,#9077);
#9077 = DEFINITIONAL_REPRESENTATION('',(#9078),#9082);
#9078 = LINE('',#9079,#9080);
#9079 = CARTESIAN_POINT('',(0.,0.));
#9080 = VECTOR('',#9081,1.);
#9081 = DIRECTION('',(0.,1.));
#9082 =(GEOMETRIC_REPRESENTATION_CONTEXT(2)PARAMETRIC_REPRESENTATION_CONTEXT()REPRESENTATION_CONTEXT('2D SPACE',''));
#9083 = PCURVE('',#8901,#9084);
#9084 = DEFINITIONAL_REPRESENTATION('',(#9085),#9089);
#9085 = LINE('',#9086,#9087);
#9086 = CARTESIAN_POINT('',(0.,0.));
#9087 = VECTOR('',#9088,1.);
#9088 = DIRECTION('',(1.,0.));
#9089 =(GEOMETRIC_REPRESENTATION_CONTEXT(2)PARAMETRIC_REPRESENTATION_CONTEXT()REPRESENTATION_CONTEXT('2D SPACE',''));
#9090 = ORIENTED_EDGE('',*,*,#8850,.T.);
#9091 = ORIENTED_EDGE('',*,*,#9092,.T.);
#9092 = EDGE_CURVE('',#8853,#8973,#9093,.T.);
#9093 = SURFACE_CURVE('',#9094,(#9098,#9105),.PCURVE_S1.);
#9094 = LINE('',#9095,#9096);
#9095 = CARTESIAN_POINT('',(-563.65,677.81284593424,1.141513565602E+03));
#9096 = VECTOR('',#9097,1.);
#9097 = DIRECTION('',(1.,0.,0.));
#9098 = PCURVE('',#8873,#9099);
#9099 = DEFINITIONAL_REPRESENTATION('',(#9100),#9104);
#9100 = LINE('',#9101,#9102);
#9101 = CARTESIAN_POINT('',(1.06045E+03,0.));
#9102 = VECTOR('',#9103,1.);
#9103 = DIRECTION('',(0.,1.));
#9104 =(GEOMETRIC_REPRESENTATION_CONTEXT(2)PARAMETRIC_REPRESENTATION_CONTEXT()REPRESENTATION_CONTEXT('2D SPACE',''));
#9105 = PCURVE('',#8955,#9106);
#9106 = DEFINITIONAL_REPRESENTATION('',(#9107),#9111);
#9107 = LINE('',#9108,#9109);
#9108 = CARTESIAN_POINT('',(0.,0.));
#9109 = VECTOR('',#9110,1.);
#9110 = DIRECTION('',(1.,0.));
#9111 =(GEOMETRIC_REPRESENTATION_CONTEXT(2)PARAMETRIC_REPRESENTATION_CONTEXT()REPRESENTATION_CONTEXT('2D SPACE',''));
#9112 = ORIENTED_EDGE('',*,*,#8970,.F.);
#9113 = ADVANCED_FACE('',(#9114),#8929,.T.);
#9114 = FACE_BOUND('',#9115,.T.);
#9115 = EDGE_LOOP('',(#9116,#9137,#9138,#9159));
#9116 = ORIENTED_EDGE('',*,*,#9117,.F.);
#9117 = EDGE_CURVE('',#8886,#9001,#9118,.T.);
#9118 = SURFACE_CURVE('',#9119,(#9123,#9130),.PCURVE_S1.);
#9119 = LINE('',#9120,#9121);
#9120 = CARTESIAN_POINT('',(-563.65,25.355018524992,304.67152796763));
#9121 = VECTOR('',#9122,1.);
#9122 = DIRECTION('',(1.,0.,0.));
#9123 = PCURVE('',#8929,#9124);
#9124 = DEFINITIONAL_REPRESENTATION('',(#9125),#9129);
#9125 = LINE('',#9126,#9127);
#9126 = CARTESIAN_POINT('',(0.,0.));
#9127 = VECTOR('',#9128,1.);
#9128 = DIRECTION('',(0.,1.));
#9129 =(GEOMETRIC_REPRESENTATION_CONTEXT(2)PARAMETRIC_REPRESENTATION_CONTEXT()REPRESENTATION_CONTEXT('2D SPACE',''));
#9130 = PCURVE('',#8901,#9131);
#9131 = DEFINITIONAL_REPRESENTATION('',(#9132),#9136);
#9132 = LINE('',#9133,#9134);
#9133 = CARTESIAN_POINT('',(0.,38.1));
#9134 = VECTOR('',#9135,1.);
#9135 = DIRECTION('',(1.,0.));
#9136 =(GEOMETRIC_REPRESENTATION_CONTEXT(2)PARAMETRIC_REPRESENTATION_CONTEXT()REPRESENTATION_CONTEXT('2D SPACE',''));
#9137 = ORIENTED_EDGE('',*,*,#8913,.T.);
#9138 = ORIENTED_EDGE('',*,*,#9139,.T.);
#9139 = EDGE_CURVE('',#8914,#9024,#9140,.T.);
#9140 = SURFACE_CURVE('',#9141,(#9145,#9152),.PCURVE_S1.);
#9141 = LINE('',#9142,#9143);
#9142 = CARTESIAN_POINT('',(-563.65,706.99913921708,1.117023357673E+03));
#9143 = VECTOR('',#9144,1.);
#9144 = DIRECTION('',(1.,0.,0.));
#9145 = PCURVE('',#8929,#9146);
#9146 = DEFINITIONAL_REPRESENTATION('',(#9147),#9151);
#9147 = LINE('',#9148,#9149);
#9148 = CARTESIAN_POINT('',(1.06045E+03,0.));
#9149 = VECTOR('',#9150,1.);
#9150 = DIRECTION('',(0.,1.));
#9151 =(GEOMETRIC_REPRESENTATION_CONTEXT(2)PARAMETRIC_REPRESENTATION_CONTEXT()REPRESENTATION_CONTEXT('2D SPACE',''));
#9152 = PCURVE('',#8955,#9153);
#9153 = DEFINITIONAL_REPRESENTATION('',(#9154),#9158);
#9154 = LINE('',#9155,#9156);
#9155 = CARTESIAN_POINT('',(0.,38.1));
#9156 = VECTOR('',#9157,1.);
#9157 = DIRECTION('',(1.,0.));
#9158 =(GEOMETRIC_REPRESENTATION_CONTEXT(2)PARAMETRIC_REPRESENTATION_CONTEXT()REPRESENTATION_CONTEXT('2D SPACE',''));
#9159 = ORIENTED_EDGE('',*,*,#9023,.F.);
#9160 = ADVANCED_FACE('',(#9161),#8901,.F.);
#9161 = FACE_BOUND('',#9162,.F.);
#9162 = EDGE_LOOP('',(#9163,#9164,#9165,#9166));
#9163 = ORIENTED_EDGE('',*,*,#8885,.F.);
#9164 = ORIENTED_EDGE('',*,*,#9070,.T.);
#9165 = ORIENTED_EDGE('',*,*,#9000,.T.);
#9166 = ORIENTED_EDGE('',*,*,#9117,.F.);
#9167 = ADVANCED_FACE('',(#9168),#8955,.T.);
#9168 = FACE_BOUND('',#9169,.T.);
#9169 = EDGE_LOOP('',(#9170,#9171,#9172,#9173));
#9170 = ORIENTED_EDGE('',*,*,#8941,.F.);
#9171 = ORIENTED_EDGE('',*,*,#9092,.T.);
#9172 = ORIENTED_EDGE('',*,*,#9046,.T.);
#9173 = ORIENTED_EDGE('',*,*,#9139,.F.);
#9174 =(GEOMETRIC_REPRESENTATION_CONTEXT(3)GLOBAL_UNCERTAINTY_ASSIGNED_CONTEXT((#9178))GLOBAL_UNIT_ASSIGNED_CONTEXT((#9175,#9176,#9177))REPRESENTATION_CONTEXT('Context #1','3D Context with UNIT and UNCERTAINTY'));
#9175 =(LENGTH_UNIT()NAMED_UNIT(*)SI_UNIT(.MILLI.,.METRE.));
#9176 =(NAMED_UNIT(*)PLANE_ANGLE_UNIT()SI_UNIT($,.RADIAN.));
#9177 =(NAMED_UNIT(*)SI_UNIT($,.STERADIAN.)SOLID_ANGLE_UNIT());
#9178 = UNCERTAINTY_MEASURE_WITH_UNIT(LENGTH_MEASURE(1.E-07),#9175,'distance_accuracy_value','confusion accuracy');
#9179 = CONTEXT_DEPENDENT_SHAPE_REPRESENTATION(#9180,#9182);
#9180 =(REPRESENTATION_RELATIONSHIP('','',#8843,#10)REPRESENTATION_RELATIONSHIP_WITH_TRANSFORMATION(#9181)SHAPE_REPRESENTATION_RELATIONSHIP());
#9181 = ITEM_DEFINED_TRANSFORMATION('','',#11,#107);
#9182 = PRODUCT_DEFINITION_SHAPE('Placement','Placement of an item',#9183);
#9183 = NEXT_ASSEMBLY_USAGE_OCCURRENCE('24','mid_lower_left','',#5,#8838,$);
#9184 = PRODUCT_RELATED_PRODUCT_CATEGORY('part',$,(#8840));
#9185 = SHAPE_DEFINITION_REPRESENTATION(#9186,#9192);
#9186 = PRODUCT_DEFINITION_SHAPE('','',#9187);
#9187 = PRODUCT_DEFINITION('design','',#9188,#9191);
#9188 = PRODUCT_DEFINITION_FORMATION('','',#9189);
#9189 = PRODUCT('mid_lower_right','mid_lower_right','',(#9190));
#9190 = PRODUCT_CONTEXT('',#2,'mechanical');
#9191 = PRODUCT_DEFINITION_CONTEXT('part definition',#2,'design');
#9192 = ADVANCED_BREP_SHAPE_REPRESENTATION('',(#11,#9193),#9523);
#9193 = MANIFOLD_SOLID_BREP('',#9194);
#9194 = CLOSED_SHELL('',(#9195,#9315,#9415,#9462,#9509,#9516));
#9195 = ADVANCED_FACE('',(#9196),#9210,.F.);
#9196 = FACE_BOUND('',#9197,.F.);
#9197 = EDGE_LOOP('',(#9198,#9233,#9261,#9289));
#9198 = ORIENTED_EDGE('',*,*,#9199,.F.);
#9199 = EDGE_CURVE('',#9200,#9202,#9204,.T.);
#9200 = VERTEX_POINT('',#9201);
#9201 = CARTESIAN_POINT('',(636.35,-3.831274757841,329.16173589669));
#9202 = VERTEX_POINT('',#9203);
#9203 = CARTESIAN_POINT('',(636.35,677.81284593424,1.141513565602E+03));
#9204 = SURFACE_CURVE('',#9205,(#9209,#9221),.PCURVE_S1.);
#9205 = LINE('',#9206,#9207);
#9206 = CARTESIAN_POINT('',(636.35,-3.831274757841,329.16173589669));
#9207 = VECTOR('',#9208,1.);
#9208 = DIRECTION('',(0.,0.642787609687,0.766044443119));
#9209 = PCURVE('',#9210,#9215);
#9210 = PLANE('',#9211);
#9211 = AXIS2_PLACEMENT_3D('',#9212,#9213,#9214);
#9212 = CARTESIAN_POINT('',(636.35,-3.831274757841,329.16173589669));
#9213 = DIRECTION('',(1.,0.,0.));
#9214 = DIRECTION('',(0.,0.642787609687,0.766044443119));
#9215 = DEFINITIONAL_REPRESENTATION('',(#9216),#9220);
#9216 = LINE('',#9217,#9218);
#9217 = CARTESIAN_POINT('',(0.,0.));
#9218 = VECTOR('',#9219,1.);
#9219 = DIRECTION('',(1.,0.));
#9220 =(GEOMETRIC_REPRESENTATION_CONTEXT(2)PARAMETRIC_REPRESENTATION_CONTEXT()REPRESENTATION_CONTEXT('2D SPACE',''));
#9221 = PCURVE('',#9222,#9227);
#9222 = PLANE('',#9223);
#9223 = AXIS2_PLACEMENT_3D('',#9224,#9225,#9226);
#9224 = CARTESIAN_POINT('',(636.35,-3.831274757841,329.16173589669));
#9225 = DIRECTION('',(0.,0.766044443119,-0.642787609687));
#9226 = DIRECTION('',(0.,0.642787609687,0.766044443119));
#9227 = DEFINITIONAL_REPRESENTATION('',(#9228),#9232);
#9228 = LINE('',#9229,#9230);
#9229 = CARTESIAN_POINT('',(0.,0.));
#9230 = VECTOR('',#9231,1.);
#9231 = DIRECTION('',(1.,0.));
#9232 =(GEOMETRIC_REPRESENTATION_CONTEXT(2)PARAMETRIC_REPRESENTATION_CONTEXT()REPRESENTATION_CONTEXT('2D SPACE',''));
#9233 = ORIENTED_EDGE('',*,*,#9234,.T.);
#9234 = EDGE_CURVE('',#9200,#9235,#9237,.T.);
#9235 = VERTEX_POINT('',#9236);
#9236 = CARTESIAN_POINT('',(636.35,25.355018524992,304.67152796763));
#9237 = SURFACE_CURVE('',#9238,(#9242,#9249),.PCURVE_S1.);
#9238 = LINE('',#9239,#9240);
#9239 = CARTESIAN_POINT('',(636.35,-3.831274757841,329.16173589669));
#9240 = VECTOR('',#9241,1.);
#9241 = DIRECTION('',(0.,0.766044443119,-0.642787609687));
#9242 = PCURVE('',#9210,#9243);
#9243 = DEFINITIONAL_REPRESENTATION('',(#9244),#9248);
#9244 = LINE('',#9245,#9246);
#9245 = CARTESIAN_POINT('',(0.,0.));
#9246 = VECTOR('',#9247,1.);
#9247 = DIRECTION('',(0.,-1.));
#9248 =(GEOMETRIC_REPRESENTATION_CONTEXT(2)PARAMETRIC_REPRESENTATION_CONTEXT()REPRESENTATION_CONTEXT('2D SPACE',''));
#9249 = PCURVE('',#9250,#9255);
#9250 = PLANE('',#9251);
#9251 = AXIS2_PLACEMENT_3D('',#9252,#9253,#9254);
#9252 = CARTESIAN_POINT('',(636.35,-3.831274757841,329.16173589669));
#9253 = DIRECTION('',(0.,0.642787609687,0.766044443119));
#9254 = DIRECTION('',(1.,0.,0.));
#9255 = DEFINITIONAL_REPRESENTATION('',(#9256),#9260);
#9256 = LINE('',#9257,#9258);
#9257 = CARTESIAN_POINT('',(0.,0.));
#9258 = VECTOR('',#9259,1.);
#9259 = DIRECTION('',(0.,1.));
#9260 =(GEOMETRIC_REPRESENTATION_CONTEXT(2)PARAMETRIC_REPRESENTATION_CONTEXT()REPRESENTATION_CONTEXT('2D SPACE',''));
#9261 = ORIENTED_EDGE('',*,*,#9262,.T.);
#9262 = EDGE_CURVE('',#9235,#9263,#9265,.T.);
#9263 = VERTEX_POINT('',#9264);
#9264 = CARTESIAN_POINT('',(636.35,706.99913921708,1.117023357673E+03));
#9265 = SURFACE_CURVE('',#9266,(#9270,#9277),.PCURVE_S1.);
#9266 = LINE('',#9267,#9268);
#9267 = CARTESIAN_POINT('',(636.35,25.355018524992,304.67152796763));
#9268 = VECTOR('',#9269,1.);
#9269 = DIRECTION('',(0.,0.642787609687,0.766044443119));
#9270 = PCURVE('',#9210,#9271);
#9271 = DEFINITIONAL_REPRESENTATION('',(#9272),#9276);
#9272 = LINE('',#9273,#9274);
#9273 = CARTESIAN_POINT('',(-4.263256414561E-14,-38.1));
#9274 = VECTOR('',#9275,1.);
#9275 = DIRECTION('',(1.,0.));
#9276 =(GEOMETRIC_REPRESENTATION_CONTEXT(2)PARAMETRIC_REPRESENTATION_CONTEXT()REPRESENTATION_CONTEXT('2D SPACE',''));
#9277 = PCURVE('',#9278,#9283);
#9278 = PLANE('',#9279);
#9279 = AXIS2_PLACEMENT_3D('',#9280,#9281,#9282);
#9280 = CARTESIAN_POINT('',(636.35,25.355018524992,304.67152796763));
#9281 = DIRECTION('',(0.,0.766044443119,-0.642787609687));
#9282 = DIRECTION('',(0.,0.642787609687,0.766044443119));
#9283 = DEFINITIONAL_REPRESENTATION('',(#9284),#9288);
#9284 = LINE('',#9285,#9286);
#9285 = CARTESIAN_POINT('',(0.,0.));
#9286 = VECTOR('',#9287,1.);
#9287 = DIRECTION('',(1.,0.));
#9288 =(GEOMETRIC_REPRESENTATION_CONTEXT(2)PARAMETRIC_REPRESENTATION_CONTEXT()REPRESENTATION_CONTEXT('2D SPACE',''));
#9289 = ORIENTED_EDGE('',*,*,#9290,.F.);
#9290 = EDGE_CURVE('',#9202,#9263,#9291,.T.);
#9291 = SURFACE_CURVE('',#9292,(#9296,#9303),.PCURVE_S1.);
#9292 = LINE('',#9293,#9294);
#9293 = CARTESIAN_POINT('',(636.35,677.81284593424,1.141513565602E+03));
#9294 = VECTOR('',#9295,1.);
#9295 = DIRECTION('',(0.,0.766044443119,-0.642787609687));
#9296 = PCURVE('',#9210,#9297);
#9297 = DEFINITIONAL_REPRESENTATION('',(#9298),#9302);
#9298 = LINE('',#9299,#9300);
#9299 = CARTESIAN_POINT('',(1.06045E+03,0.));
#9300 = VECTOR('',#9301,1.);
#9301 = DIRECTION('',(0.,-1.));
#9302 =(GEOMETRIC_REPRESENTATION_CONTEXT(2)PARAMETRIC_REPRESENTATION_CONTEXT()REPRESENTATION_CONTEXT('2D SPACE',''));
#9303 = PCURVE('',#9304,#9309);
#9304 = PLANE('',#9305);
#9305 = AXIS2_PLACEMENT_3D('',#9306,#9307,#9308);
#9306 = CARTESIAN_POINT('',(636.35,677.81284593424,1.141513565602E+03));
#9307 = DIRECTION('',(0.,0.642787609687,0.766044443119));
#9308 = DIRECTION('',(1.,0.,0.));
#9309 = DEFINITIONAL_REPRESENTATION('',(#9310),#9314);
#9310 = LINE('',#9311,#9312);
#9311 = CARTESIAN_POINT('',(0.,0.));
#9312 = VECTOR('',#9313,1.);
#9313 = DIRECTION('',(0.,1.));
#9314 =(GEOMETRIC_REPRESENTATION_CONTEXT(2)PARAMETRIC_REPRESENTATION_CONTEXT()REPRESENTATION_CONTEXT('2D SPACE',''));
#9315 = ADVANCED_FACE('',(#9316),#9330,.T.);
#9316 = FACE_BOUND('',#9317,.T.);
#9317 = EDGE_LOOP('',(#9318,#9348,#9371,#9394));
#9318 = ORIENTED_EDGE('',*,*,#9319,.F.);
#9319 = EDGE_CURVE('',#9320,#9322,#9324,.T.);
#9320 = VERTEX_POINT('',#9321);
#9321 = CARTESIAN_POINT('',(725.25,-3.831274757841,329.16173589669));
#9322 = VERTEX_POINT('',#9323);
#9323 = CARTESIAN_POINT('',(725.25,677.81284593424,1.141513565602E+03));
#9324 = SURFACE_CURVE('',#9325,(#9329,#9341),.PCURVE_S1.);
#9325 = LINE('',#9326,#9327);
#9326 = CARTESIAN_POINT('',(725.25,-3.831274757841,329.16173589669));
#9327 = VECTOR('',#9328,1.);
#9328 = DIRECTION('',(0.,0.642787609687,0.766044443119));
#9329 = PCURVE('',#9330,#9335);
#9330 = PLANE('',#9331);
#9331 = AXIS2_PLACEMENT_3D('',#9332,#9333,#9334);
#9332 = CARTESIAN_POINT('',(725.25,-3.831274757841,329.16173589669));
#9333 = DIRECTION('',(1.,0.,0.));
#9334 = DIRECTION('',(0.,0.642787609687,0.766044443119));
#9335 = DEFINITIONAL_REPRESENTATION('',(#9336),#9340);
#9336 = LINE('',#9337,#9338);
#9337 = CARTESIAN_POINT('',(0.,0.));
#9338 = VECTOR('',#9339,1.);
#9339 = DIRECTION('',(1.,0.));
#9340 =(GEOMETRIC_REPRESENTATION_CONTEXT(2)PARAMETRIC_REPRESENTATION_CONTEXT()REPRESENTATION_CONTEXT('2D SPACE',''));
#9341 = PCURVE('',#9222,#9342);
#9342 = DEFINITIONAL_REPRESENTATION('',(#9343),#9347);
#9343 = LINE('',#9344,#9345);
#9344 = CARTESIAN_POINT('',(0.,88.9));
#9345 = VECTOR('',#9346,1.);
#9346 = DIRECTION('',(1.,0.));
#9347 =(GEOMETRIC_REPRESENTATION_CONTEXT(2)PARAMETRIC_REPRESENTATION_CONTEXT()REPRESENTATION_CONTEXT('2D SPACE',''));
#9348 = ORIENTED_EDGE('',*,*,#9349,.T.);
#9349 = EDGE_CURVE('',#9320,#9350,#9352,.T.);
#9350 = VERTEX_POINT('',#9351);
#9351 = CARTESIAN_POINT('',(725.25,25.355018524992,304.67152796763));
#9352 = SURFACE_CURVE('',#9353,(#9357,#9364),.PCURVE_S1.);
#9353 = LINE('',#9354,#9355);
#9354 = CARTESIAN_POINT('',(725.25,-3.831274757841,329.16173589669));
#9355 = VECTOR('',#9356,1.);
#9356 = DIRECTION('',(0.,0.766044443119,-0.642787609687));
#9357 = PCURVE('',#9330,#9358);
#9358 = DEFINITIONAL_REPRESENTATION('',(#9359),#9363);
#9359 = LINE('',#9360,#9361);
#9360 = CARTESIAN_POINT('',(0.,0.));
#9361 = VECTOR('',#9362,1.);
#9362 = DIRECTION('',(0.,-1.));
#9363 =(GEOMETRIC_REPRESENTATION_CONTEXT(2)PARAMETRIC_REPRESENTATION_CONTEXT()REPRESENTATION_CONTEXT('2D SPACE',''));
#9364 = PCURVE('',#9250,#9365);
#9365 = DEFINITIONAL_REPRESENTATION('',(#9366),#9370);
#9366 = LINE('',#9367,#9368);
#9367 = CARTESIAN_POINT('',(88.9,0.));
#9368 = VECTOR('',#9369,1.);
#9369 = DIRECTION('',(0.,1.));
#9370 =(GEOMETRIC_REPRESENTATION_CONTEXT(2)PARAMETRIC_REPRESENTATION_CONTEXT()REPRESENTATION_CONTEXT('2D SPACE',''));
#9371 = ORIENTED_EDGE('',*,*,#9372,.T.);
#9372 = EDGE_CURVE('',#9350,#9373,#9375,.T.);
#9373 = VERTEX_POINT('',#9374);
#9374 = CARTESIAN_POINT('',(725.25,706.99913921708,1.117023357673E+03));
#9375 = SURFACE_CURVE('',#9376,(#9380,#9387),.PCURVE_S1.);
#9376 = LINE('',#9377,#9378);
#9377 = CARTESIAN_POINT('',(725.25,25.355018524992,304.67152796763));
#9378 = VECTOR('',#9379,1.);
#9379 = DIRECTION('',(0.,0.642787609687,0.766044443119));
#9380 = PCURVE('',#9330,#9381);
#9381 = DEFINITIONAL_REPRESENTATION('',(#9382),#9386);
#9382 = LINE('',#9383,#9384);
#9383 = CARTESIAN_POINT('',(-4.263256414561E-14,-38.1));
#9384 = VECTOR('',#9385,1.);
#9385 = DIRECTION('',(1.,0.));
#9386 =(GEOMETRIC_REPRESENTATION_CONTEXT(2)PARAMETRIC_REPRESENTATION_CONTEXT()REPRESENTATION_CONTEXT('2D SPACE',''));
#9387 = PCURVE('',#9278,#9388);
#9388 = DEFINITIONAL_REPRESENTATION('',(#9389),#9393);
#9389 = LINE('',#9390,#9391);
#9390 = CARTESIAN_POINT('',(0.,88.9));
#9391 = VECTOR('',#9392,1.);
#9392 = DIRECTION('',(1.,0.));
#9393 =(GEOMETRIC_REPRESENTATION_CONTEXT(2)PARAMETRIC_REPRESENTATION_CONTEXT()REPRESENTATION_CONTEXT('2D SPACE',''));
#9394 = ORIENTED_EDGE('',*,*,#9395,.F.);
#9395 = EDGE_CURVE('',#9322,#9373,#9396,.T.);
#9396 = SURFACE_CURVE('',#9397,(#9401,#9408),.PCURVE_S1.);
#9397 = LINE('',#9398,#9399);
#9398 = CARTESIAN_POINT('',(725.25,677.81284593424,1.141513565602E+03));
#9399 = VECTOR('',#9400,1.);
#9400 = DIRECTION('',(0.,0.766044443119,-0.642787609687));
#9401 = PCURVE('',#9330,#9402);
#9402 = DEFINITIONAL_REPRESENTATION('',(#9403),#9407);
#9403 = LINE('',#9404,#9405);
#9404 = CARTESIAN_POINT('',(1.06045E+03,0.));
#9405 = VECTOR('',#9406,1.);
#9406 = DIRECTION('',(0.,-1.));
#9407 =(GEOMETRIC_REPRESENTATION_CONTEXT(2)PARAMETRIC_REPRESENTATION_CONTEXT()REPRESENTATION_CONTEXT('2D SPACE',''));
#9408 = PCURVE('',#9304,#9409);
#9409 = DEFINITIONAL_REPRESENTATION('',(#9410),#9414);
#9410 = LINE('',#9411,#9412);
#9411 = CARTESIAN_POINT('',(88.9,0.));
#9412 = VECTOR('',#9413,1.);
#9413 = DIRECTION('',(0.,1.));
#9414 =(GEOMETRIC_REPRESENTATION_CONTEXT(2)PARAMETRIC_REPRESENTATION_CONTEXT()REPRESENTATION_CONTEXT('2D SPACE',''));
#9415 = ADVANCED_FACE('',(#9416),#9222,.F.);
#9416 = FACE_BOUND('',#9417,.F.);
#9417 = EDGE_LOOP('',(#9418,#9439,#9440,#9461));
#9418 = ORIENTED_EDGE('',*,*,#9419,.F.);
#9419 = EDGE_CURVE('',#9200,#9320,#9420,.T.);
#9420 = SURFACE_CURVE('',#9421,(#9425,#9432),.PCURVE_S1.);
#9421 = LINE('',#9422,#9423);
#9422 = CARTESIAN_POINT('',(636.35,-3.831274757841,329.16173589669));
#9423 = VECTOR('',#9424,1.);
#9424 = DIRECTION('',(1.,0.,0.));
#9425 = PCURVE('',#9222,#9426);
#9426 = DEFINITIONAL_REPRESENTATION('',(#9427),#9431);
#9427 = LINE('',#9428,#9429);
#9428 = CARTESIAN_POINT('',(0.,0.));
#9429 = VECTOR('',#9430,1.);
#9430 = DIRECTION('',(0.,1.));
#9431 =(GEOMETRIC_REPRESENTATION_CONTEXT(2)PARAMETRIC_REPRESENTATION_CONTEXT()REPRESENTATION_CONTEXT('2D SPACE',''));
#9432 = PCURVE('',#9250,#9433);
#9433 = DEFINITIONAL_REPRESENTATION('',(#9434),#9438);
#9434 = LINE('',#9435,#9436);
#9435 = CARTESIAN_POINT('',(0.,0.));
#9436 = VECTOR('',#9437,1.);
#9437 = DIRECTION('',(1.,0.));
#9438 =(GEOMETRIC_REPRESENTATION_CONTEXT(2)PARAMETRIC_REPRESENTATION_CONTEXT()REPRESENTATION_CONTEXT('2D SPACE',''));
#9439 = ORIENTED_EDGE('',*,*,#9199,.T.);
#9440 = ORIENTED_EDGE('',*,*,#9441,.T.);
#9441 = EDGE_CURVE('',#9202,#9322,#9442,.T.);
#9442 = SURFACE_CURVE('',#9443,(#9447,#9454),.PCURVE_S1.);
#9443 = LINE('',#9444,#9445);
#9444 = CARTESIAN_POINT('',(636.35,677.81284593424,1.141513565602E+03));
#9445 = VECTOR('',#9446,1.);
#9446 = DIRECTION('',(1.,0.,0.));
#9447 = PCURVE('',#9222,#9448);
#9448 = DEFINITIONAL_REPRESENTATION('',(#9449),#9453);
#9449 = LINE('',#9450,#9451);
#9450 = CARTESIAN_POINT('',(1.06045E+03,0.));
#9451 = VECTOR('',#9452,1.);
#9452 = DIRECTION('',(0.,1.));
#9453 =(GEOMETRIC_REPRESENTATION_CONTEXT(2)PARAMETRIC_REPRESENTATION_CONTEXT()REPRESENTATION_CONTEXT('2D SPACE',''));
#9454 = PCURVE('',#9304,#9455);
#9455 = DEFINITIONAL_REPRESENTATION('',(#9456),#9460);
#9456 = LINE('',#9457,#9458);
#9457 = CARTESIAN_POINT('',(0.,0.));
#9458 = VECTOR('',#9459,1.);
#9459 = DIRECTION('',(1.,0.));
#9460 =(GEOMETRIC_REPRESENTATION_CONTEXT(2)PARAMETRIC_REPRESENTATION_CONTEXT()REPRESENTATION_CONTEXT('2D SPACE',''));
#9461 = ORIENTED_EDGE('',*,*,#9319,.F.);
#9462 = ADVANCED_FACE('',(#9463),#9278,.T.);
#9463 = FACE_BOUND('',#9464,.T.);
#9464 = EDGE_LOOP('',(#9465,#9486,#9487,#9508));
#9465 = ORIENTED_EDGE('',*,*,#9466,.F.);
#9466 = EDGE_CURVE('',#9235,#9350,#9467,.T.);
#9467 = SURFACE_CURVE('',#9468,(#9472,#9479),.PCURVE_S1.);
#9468 = LINE('',#9469,#9470);
#9469 = CARTESIAN_POINT('',(636.35,25.355018524992,304.67152796763));
#9470 = VECTOR('',#9471,1.);
#9471 = DIRECTION('',(1.,0.,0.));
#9472 = PCURVE('',#9278,#9473);
#9473 = DEFINITIONAL_REPRESENTATION('',(#9474),#9478);
#9474 = LINE('',#9475,#9476);
#9475 = CARTESIAN_POINT('',(0.,0.));
#9476 = VECTOR('',#9477,1.);
#9477 = DIRECTION('',(0.,1.));
#9478 =(GEOMETRIC_REPRESENTATION_CONTEXT(2)PARAMETRIC_REPRESENTATION_CONTEXT()REPRESENTATION_CONTEXT('2D SPACE',''));
#9479 = PCURVE('',#9250,#9480);
#9480 = DEFINITIONAL_REPRESENTATION('',(#9481),#9485);
#9481 = LINE('',#9482,#9483);
#9482 = CARTESIAN_POINT('',(0.,38.1));
#9483 = VECTOR('',#9484,1.);
#9484 = DIRECTION('',(1.,0.));
#9485 =(GEOMETRIC_REPRESENTATION_CONTEXT(2)PARAMETRIC_REPRESENTATION_CONTEXT()REPRESENTATION_CONTEXT('2D SPACE',''));
#9486 = ORIENTED_EDGE('',*,*,#9262,.T.);
#9487 = ORIENTED_EDGE('',*,*,#9488,.T.);
#9488 = EDGE_CURVE('',#9263,#9373,#9489,.T.);
#9489 = SURFACE_CURVE('',#9490,(#9494,#9501),.PCURVE_S1.);
#9490 = LINE('',#9491,#9492);
#9491 = CARTESIAN_POINT('',(636.35,706.99913921708,1.117023357673E+03));
#9492 = VECTOR('',#9493,1.);
#9493 = DIRECTION('',(1.,0.,0.));
#9494 = PCURVE('',#9278,#9495);
#9495 = DEFINITIONAL_REPRESENTATION('',(#9496),#9500);
#9496 = LINE('',#9497,#9498);
#9497 = CARTESIAN_POINT('',(1.06045E+03,0.));
#9498 = VECTOR('',#9499,1.);
#9499 = DIRECTION('',(0.,1.));
#9500 =(GEOMETRIC_REPRESENTATION_CONTEXT(2)PARAMETRIC_REPRESENTATION_CONTEXT()REPRESENTATION_CONTEXT('2D SPACE',''));
#9501 = PCURVE('',#9304,#9502);
#9502 = DEFINITIONAL_REPRESENTATION('',(#9503),#9507);
#9503 = LINE('',#9504,#9505);
#9504 = CARTESIAN_POINT('',(0.,38.1));
#9505 = VECTOR('',#9506,1.);
#9506 = DIRECTION('',(1.,0.));
#9507 =(GEOMETRIC_REPRESENTATION_CONTEXT(2)PARAMETRIC_REPRESENTATION_CONTEXT()REPRESENTATION_CONTEXT('2D SPACE',''));
#9508 = ORIENTED_EDGE('',*,*,#9372,.F.);
#9509 = ADVANCED_FACE('',(#9510),#9250,.F.);
#9510 = FACE_BOUND('',#9511,.F.);
#9511 = EDGE_LOOP('',(#9512,#9513,#9514,#9515));
#9512 = ORIENTED_EDGE('',*,*,#9234,.F.);
#9513 = ORIENTED_EDGE('',*,*,#9419,.T.);
#9514 = ORIENTED_EDGE('',*,*,#9349,.T.);
#9515 = ORIENTED_EDGE('',*,*,#9466,.F.);
#9516 = ADVANCED_FACE('',(#9517),#9304,.T.);
#9517 = FACE_BOUND('',#9518,.T.);
#9518 = EDGE_LOOP('',(#9519,#9520,#9521,#9522));
#9519 = ORIENTED_EDGE('',*,*,#9290,.F.);
#9520 = ORIENTED_EDGE('',*,*,#9441,.T.);
#9521 = ORIENTED_EDGE('',*,*,#9395,.T.);
#9522 = ORIENTED_EDGE('',*,*,#9488,.F.);
#9523 =(GEOMETRIC_REPRESENTATION_CONTEXT(3)GLOBAL_UNCERTAINTY_ASSIGNED_CONTEXT((#9527))GLOBAL_UNIT_ASSIGNED_CONTEXT((#9524,#9525,#9526))REPRESENTATION_CONTEXT('Context #1','3D Context with UNIT and UNCERTAINTY'));
#9524 =(LENGTH_UNIT()NAMED_UNIT(*)SI_UNIT(.MILLI.,.METRE.));
#9525 =(NAMED_UNIT(*)PLANE_ANGLE_UNIT()SI_UNIT($,.RADIAN.));
#9526 =(NAMED_UNIT(*)SI_UNIT($,.STERADIAN.)SOLID_ANGLE_UNIT());
#9527 = UNCERTAINTY_MEASURE_WITH_UNIT(LENGTH_MEASURE(1.E-07),#9524,'distance_accuracy_value','confusion accuracy');
#9528 = CONTEXT_DEPENDENT_SHAPE_REPRESENTATION(#9529,#9531);
#9529 =(REPRESENTATION_RELATIONSHIP('','',#9192,#10)REPRESENTATION_RELATIONSHIP_WITH_TRANSFORMATION(#9530)SHAPE_REPRESENTATION_RELATIONSHIP());
#9530 = ITEM_DEFINED_TRANSFORMATION('','',#11,#111);
#9531 = PRODUCT_DEFINITION_SHAPE('Placement','Placement of an item',#9532);
#9532 = NEXT_ASSEMBLY_USAGE_OCCURRENCE('25','mid_lower_right','',#5,#9187,$);
#9533 = PRODUCT_RELATED_PRODUCT_CATEGORY('part',$,(#9189));
#9534 = SHAPE_DEFINITION_REPRESENTATION(#9535,#9541);
#9535 = PRODUCT_DEFINITION_SHAPE('','',#9536);
#9536 = PRODUCT_DEFINITION('design','',#9537,#9540);
#9537 = PRODUCT_DEFINITION_FORMATION('','',#9538);
#9538 = PRODUCT('panel_edge_left_upper','panel_edge_left_upper','',(#9539));
#9539 = PRODUCT_CONTEXT('',#2,'mechanical');
#9540 = PRODUCT_DEFINITION_CONTEXT('part definition',#2,'design');
#9541 = ADVANCED_BREP_SHAPE_REPRESENTATION('',(#11,#9542),#9872);
#9542 = MANIFOLD_SOLID_BREP('',#9543);
#9543 = CLOSED_SHELL('',(#9544,#9664,#9764,#9811,#9858,#9865));
#9544 = ADVANCED_FACE('',(#9545),#9559,.F.);
#9545 = FACE_BOUND('',#9546,.F.);
#9546 = EDGE_LOOP('',(#9547,#9582,#9610,#9638));
#9547 = ORIENTED_EDGE('',*,*,#9548,.F.);
#9548 = EDGE_CURVE('',#9549,#9551,#9553,.T.);
#9549 = VERTEX_POINT('',#9550);
#9550 = CARTESIAN_POINT('',(-1.2192E+03,767.61027500745,1.248529974306E+03));
#9551 = VERTEX_POINT('',#9552);
#9552 = CARTESIAN_POINT('',(-1.2192E+03,1.4492543957E+03,2.060881804011E+03));
#9553 = SURFACE_CURVE('',#9554,(#9558,#9570),.PCURVE_S1.);
#9554 = LINE('',#9555,#9556);
#9555 = CARTESIAN_POINT('',(-1.2192E+03,767.61027500745,1.248529974306E+03));
#9556 = VECTOR('',#9557,1.);
#9557 = DIRECTION('',(0.,0.642787609687,0.766044443119));
#9558 = PCURVE('',#9559,#9564);
#9559 = PLANE('',#9560);
#9560 = AXIS2_PLACEMENT_3D('',#9561,#9562,#9563);
#9561 = CARTESIAN_POINT('',(-1.2192E+03,767.61027500745,1.248529974306E+03));
#9562 = DIRECTION('',(1.,0.,0.));
#9563 = DIRECTION('',(0.,0.642787609687,0.766044443119));
#9564 = DEFINITIONAL_REPRESENTATION('',(#9565),#9569);
#9565 = LINE('',#9566,#9567);
#9566 = CARTESIAN_POINT('',(0.,0.));
#9567 = VECTOR('',#9568,1.);
#9568 = DIRECTION('',(1.,0.));
#9569 =(GEOMETRIC_REPRESENTATION_CONTEXT(2)PARAMETRIC_REPRESENTATION_CONTEXT()REPRESENTATION_CONTEXT('2D SPACE',''));
#9570 = PCURVE('',#9571,#9576);
#9571 = PLANE('',#9572);
#9572 = AXIS2_PLACEMENT_3D('',#9573,#9574,#9575);
#9573 = CARTESIAN_POINT('',(-1.2192E+03,767.61027500745,1.248529974306E+03));
#9574 = DIRECTION('',(0.,0.766044443119,-0.642787609687));
#9575 = DIRECTION('',(0.,0.642787609687,0.766044443119));
#9576 = DEFINITIONAL_REPRESENTATION('',(#9577),#9581);
#9577 = LINE('',#9578,#9579);
#9578 = CARTESIAN_POINT('',(0.,0.));
#9579 = VECTOR('',#9580,1.);
#9580 = DIRECTION('',(1.,0.));
#9581 =(GEOMETRIC_REPRESENTATION_CONTEXT(2)PARAMETRIC_REPRESENTATION_CONTEXT()REPRESENTATION_CONTEXT('2D SPACE',''));
#9582 = ORIENTED_EDGE('',*,*,#9583,.T.);
#9583 = EDGE_CURVE('',#9549,#9584,#9586,.T.);
#9584 = VERTEX_POINT('',#9585);
#9585 = CARTESIAN_POINT('',(-1.2192E+03,796.79656829029,1.224039766377E+03));
#9586 = SURFACE_CURVE('',#9587,(#9591,#9598),.PCURVE_S1.);
#9587 = LINE('',#9588,#9589);
#9588 = CARTESIAN_POINT('',(-1.2192E+03,767.61027500745,1.248529974306E+03));
#9589 = VECTOR('',#9590,1.);
#9590 = DIRECTION('',(0.,0.766044443119,-0.642787609687));
#9591 = PCURVE('',#9559,#9592);
#9592 = DEFINITIONAL_REPRESENTATION('',(#9593),#9597);
#9593 = LINE('',#9594,#9595);
#9594 = CARTESIAN_POINT('',(0.,0.));
#9595 = VECTOR('',#9596,1.);
#9596 = DIRECTION('',(0.,-1.));
#9597 =(GEOMETRIC_REPRESENTATION_CONTEXT(2)PARAMETRIC_REPRESENTATION_CONTEXT()REPRESENTATION_CONTEXT('2D SPACE',''));
#9598 = PCURVE('',#9599,#9604);
#9599 = PLANE('',#9600);
#9600 = AXIS2_PLACEMENT_3D('',#9601,#9602,#9603);
#9601 = CARTESIAN_POINT('',(-1.2192E+03,767.61027500745,1.248529974306E+03));
#9602 = DIRECTION('',(0.,0.642787609687,0.766044443119));
#9603 = DIRECTION('',(1.,0.,0.));
#9604 = DEFINITIONAL_REPRESENTATION('',(#9605),#9609);
#9605 = LINE('',#9606,#9607);
#9606 = CARTESIAN_POINT('',(0.,0.));
#9607 = VECTOR('',#9608,1.);
#9608 = DIRECTION('',(0.,1.));
#9609 =(GEOMETRIC_REPRESENTATION_CONTEXT(2)PARAMETRIC_REPRESENTATION_CONTEXT()REPRESENTATION_CONTEXT('2D SPACE',''));
#9610 = ORIENTED_EDGE('',*,*,#9611,.T.);
#9611 = EDGE_CURVE('',#9584,#9612,#9614,.T.);
#9612 = VERTEX_POINT('',#9613);
#9613 = CARTESIAN_POINT('',(-1.2192E+03,1.478440688982E+03,2.036391596082E+03));
#9614 = SURFACE_CURVE('',#9615,(#9619,#9626),.PCURVE_S1.);
#9615 = LINE('',#9616,#9617);
#9616 = CARTESIAN_POINT('',(-1.2192E+03,796.79656829029,1.224039766377E+03));
#9617 = VECTOR('',#9618,1.);
#9618 = DIRECTION('',(0.,0.642787609687,0.766044443119));
#9619 = PCURVE('',#9559,#9620);
#9620 = DEFINITIONAL_REPRESENTATION('',(#9621),#9625);
#9621 = LINE('',#9622,#9623);
#9622 = CARTESIAN_POINT('',(-1.314504061156E-13,-38.1));
#9623 = VECTOR('',#9624,1.);
#9624 = DIRECTION('',(1.,0.));
#9625 =(GEOMETRIC_REPRESENTATION_CONTEXT(2)PARAMETRIC_REPRESENTATION_CONTEXT()REPRESENTATION_CONTEXT('2D SPACE',''));
#9626 = PCURVE('',#9627,#9632);
#9627 = PLANE('',#9628);
#9628 = AXIS2_PLACEMENT_3D('',#9629,#9630,#9631);
#9629 = CARTESIAN_POINT('',(-1.2192E+03,796.79656829029,1.224039766377E+03));
#9630 = DIRECTION('',(0.,0.766044443119,-0.642787609687));
#9631 = DIRECTION('',(0.,0.642787609687,0.766044443119));
#9632 = DEFINITIONAL_REPRESENTATION('',(#9633),#9637);
#9633 = LINE('',#9634,#9635);
#9634 = CARTESIAN_POINT('',(0.,0.));
#9635 = VECTOR('',#9636,1.);
#9636 = DIRECTION('',(1.,0.));
#9637 =(GEOMETRIC_REPRESENTATION_CONTEXT(2)PARAMETRIC_REPRESENTATION_CONTEXT()REPRESENTATION_CONTEXT('2D SPACE',''));
#9638 = ORIENTED_EDGE('',*,*,#9639,.F.);
#9639 = EDGE_CURVE('',#9551,#9612,#9640,.T.);
#9640 = SURFACE_CURVE('',#9641,(#9645,#9652),.PCURVE_S1.);
#9641 = LINE('',#9642,#9643);
#9642 = CARTESIAN_POINT('',(-1.2192E+03,1.4492543957E+03,2.060881804011E+03));
#9643 = VECTOR('',#9644,1.);
#9644 = DIRECTION('',(0.,0.766044443119,-0.642787609687));
#9645 = PCURVE('',#9559,#9646);
#9646 = DEFINITIONAL_REPRESENTATION('',(#9647),#9651);
#9647 = LINE('',#9648,#9649);
#9648 = CARTESIAN_POINT('',(1.06045E+03,-3.410605131648E-13));
#9649 = VECTOR('',#9650,1.);
#9650 = DIRECTION('',(0.,-1.));
#9651 =(GEOMETRIC_REPRESENTATION_CONTEXT(2)PARAMETRIC_REPRESENTATION_CONTEXT()REPRESENTATION_CONTEXT('2D SPACE',''));
#9652 = PCURVE('',#9653,#9658);
#9653 = PLANE('',#9654);
#9654 = AXIS2_PLACEMENT_3D('',#9655,#9656,#9657);
#9655 = CARTESIAN_POINT('',(-1.2192E+03,1.4492543957E+03,2.060881804011E+03));
#9656 = DIRECTION('',(0.,0.642787609687,0.766044443119));
#9657 = DIRECTION('',(1.,0.,0.));
#9658 = DEFINITIONAL_REPRESENTATION('',(#9659),#9663);
#9659 = LINE('',#9660,#9661);
#9660 = CARTESIAN_POINT('',(0.,0.));
#9661 = VECTOR('',#9662,1.);
#9662 = DIRECTION('',(0.,1.));
#9663 =(GEOMETRIC_REPRESENTATION_CONTEXT(2)PARAMETRIC_REPRESENTATION_CONTEXT()REPRESENTATION_CONTEXT('2D SPACE',''));
#9664 = ADVANCED_FACE('',(#9665),#9679,.T.);
#9665 = FACE_BOUND('',#9666,.T.);
#9666 = EDGE_LOOP('',(#9667,#9697,#9720,#9743));
#9667 = ORIENTED_EDGE('',*,*,#9668,.F.);
#9668 = EDGE_CURVE('',#9669,#9671,#9673,.T.);
#9669 = VERTEX_POINT('',#9670);
#9670 = CARTESIAN_POINT('',(-1.1303E+03,767.61027500745,1.248529974306E+03));
#9671 = VERTEX_POINT('',#9672);
#9672 = CARTESIAN_POINT('',(-1.1303E+03,1.4492543957E+03,2.060881804011E+03));
#9673 = SURFACE_CURVE('',#9674,(#9678,#9690),.PCURVE_S1.);
#9674 = LINE('',#9675,#9676);
#9675 = CARTESIAN_POINT('',(-1.1303E+03,767.61027500745,1.248529974306E+03));
#9676 = VECTOR('',#9677,1.);
#9677 = DIRECTION('',(0.,0.642787609687,0.766044443119));
#9678 = PCURVE('',#9679,#9684);
#9679 = PLANE('',#9680);
#9680 = AXIS2_PLACEMENT_3D('',#9681,#9682,#9683);
#9681 = CARTESIAN_POINT('',(-1.1303E+03,767.61027500745,1.248529974306E+03));
#9682 = DIRECTION('',(1.,0.,0.));
#9683 = DIRECTION('',(0.,0.642787609687,0.766044443119));
#9684 = DEFINITIONAL_REPRESENTATION('',(#9685),#9689);
#9685 = LINE('',#9686,#9687);
#9686 = CARTESIAN_POINT('',(0.,0.));
#9687 = VECTOR('',#9688,1.);
#9688 = DIRECTION('',(1.,0.));
#9689 =(GEOMETRIC_REPRESENTATION_CONTEXT(2)PARAMETRIC_REPRESENTATION_CONTEXT()REPRESENTATION_CONTEXT('2D SPACE',''));
#9690 = PCURVE('',#9571,#9691);
#9691 = DEFINITIONAL_REPRESENTATION('',(#9692),#9696);
#9692 = LINE('',#9693,#9694);
#9693 = CARTESIAN_POINT('',(0.,88.9));
#9694 = VECTOR('',#9695,1.);
#9695 = DIRECTION('',(1.,0.));
#9696 =(GEOMETRIC_REPRESENTATION_CONTEXT(2)PARAMETRIC_REPRESENTATION_CONTEXT()REPRESENTATION_CONTEXT('2D SPACE',''));
#9697 = ORIENTED_EDGE('',*,*,#9698,.T.);
#9698 = EDGE_CURVE('',#9669,#9699,#9701,.T.);
#9699 = VERTEX_POINT('',#9700);
#9700 = CARTESIAN_POINT('',(-1.1303E+03,796.79656829029,1.224039766377E+03));
#9701 = SURFACE_CURVE('',#9702,(#9706,#9713),.PCURVE_S1.);
#9702 = LINE('',#9703,#9704);
#9703 = CARTESIAN_POINT('',(-1.1303E+03,767.61027500745,1.248529974306E+03));
#9704 = VECTOR('',#9705,1.);
#9705 = DIRECTION('',(0.,0.766044443119,-0.642787609687));
#9706 = PCURVE('',#9679,#9707);
#9707 = DEFINITIONAL_REPRESENTATION('',(#9708),#9712);
#9708 = LINE('',#9709,#9710);
#9709 = CARTESIAN_POINT('',(0.,0.));
#9710 = VECTOR('',#9711,1.);
#9711 = DIRECTION('',(0.,-1.));
#9712 =(GEOMETRIC_REPRESENTATION_CONTEXT(2)PARAMETRIC_REPRESENTATION_CONTEXT()REPRESENTATION_CONTEXT('2D SPACE',''));
#9713 = PCURVE('',#9599,#9714);
#9714 = DEFINITIONAL_REPRESENTATION('',(#9715),#9719);
#9715 = LINE('',#9716,#9717);
#9716 = CARTESIAN_POINT('',(88.9,0.));
#9717 = VECTOR('',#9718,1.);
#9718 = DIRECTION('',(0.,1.));
#9719 =(GEOMETRIC_REPRESENTATION_CONTEXT(2)PARAMETRIC_REPRESENTATION_CONTEXT()REPRESENTATION_CONTEXT('2D SPACE',''));
#9720 = ORIENTED_EDGE('',*,*,#9721,.T.);
#9721 = EDGE_CURVE('',#9699,#9722,#9724,.T.);
#9722 = VERTEX_POINT('',#9723);
#9723 = CARTESIAN_POINT('',(-1.1303E+03,1.478440688982E+03,2.036391596082E+03));
#9724 = SURFACE_CURVE('',#9725,(#9729,#9736),.PCURVE_S1.);
#9725 = LINE('',#9726,#9727);
#9726 = CARTESIAN_POINT('',(-1.1303E+03,796.79656829029,1.224039766377E+03));
#9727 = VECTOR('',#9728,1.);
#9728 = DIRECTION('',(0.,0.642787609687,0.766044443119));
#9729 = PCURVE('',#9679,#9730);
#9730 = DEFINITIONAL_REPRESENTATION('',(#9731),#9735);
#9731 = LINE('',#9732,#9733);
#9732 = CARTESIAN_POINT('',(-1.314504061156E-13,-38.1));
#9733 = VECTOR('',#9734,1.);
#9734 = DIRECTION('',(1.,0.));
#9735 =(GEOMETRIC_REPRESENTATION_CONTEXT(2)PARAMETRIC_REPRESENTATION_CONTEXT()REPRESENTATION_CONTEXT('2D SPACE',''));
#9736 = PCURVE('',#9627,#9737);
#9737 = DEFINITIONAL_REPRESENTATION('',(#9738),#9742);
#9738 = LINE('',#9739,#9740);
#9739 = CARTESIAN_POINT('',(0.,88.9));
#9740 = VECTOR('',#9741,1.);
#9741 = DIRECTION('',(1.,0.));
#9742 =(GEOMETRIC_REPRESENTATION_CONTEXT(2)PARAMETRIC_REPRESENTATION_CONTEXT()REPRESENTATION_CONTEXT('2D SPACE',''));
#9743 = ORIENTED_EDGE('',*,*,#9744,.F.);
#9744 = EDGE_CURVE('',#9671,#9722,#9745,.T.);
#9745 = SURFACE_CURVE('',#9746,(#9750,#9757),.PCURVE_S1.);
#9746 = LINE('',#9747,#9748);
#9747 = CARTESIAN_POINT('',(-1.1303E+03,1.4492543957E+03,2.060881804011E+03));
#9748 = VECTOR('',#9749,1.);
#9749 = DIRECTION('',(0.,0.766044443119,-0.642787609687));
#9750 = PCURVE('',#9679,#9751);
#9751 = DEFINITIONAL_REPRESENTATION('',(#9752),#9756);
#9752 = LINE('',#9753,#9754);
#9753 = CARTESIAN_POINT('',(1.06045E+03,-3.410605131648E-13));
#9754 = VECTOR('',#9755,1.);
#9755 = DIRECTION('',(0.,-1.));
#9756 =(GEOMETRIC_REPRESENTATION_CONTEXT(2)PARAMETRIC_REPRESENTATION_CONTEXT()REPRESENTATION_CONTEXT('2D SPACE',''));
#9757 = PCURVE('',#9653,#9758);
#9758 = DEFINITIONAL_REPRESENTATION('',(#9759),#9763);
#9759 = LINE('',#9760,#9761);
#9760 = CARTESIAN_POINT('',(88.9,0.));
#9761 = VECTOR('',#9762,1.);
#9762 = DIRECTION('',(0.,1.));
#9763 =(GEOMETRIC_REPRESENTATION_CONTEXT(2)PARAMETRIC_REPRESENTATION_CONTEXT()REPRESENTATION_CONTEXT('2D SPACE',''));
#9764 = ADVANCED_FACE('',(#9765),#9571,.F.);
#9765 = FACE_BOUND('',#9766,.F.);
#9766 = EDGE_LOOP('',(#9767,#9788,#9789,#9810));
#9767 = ORIENTED_EDGE('',*,*,#9768,.F.);
#9768 = EDGE_CURVE('',#9549,#9669,#9769,.T.);
#9769 = SURFACE_CURVE('',#9770,(#9774,#9781),.PCURVE_S1.);
#9770 = LINE('',#9771,#9772);
#9771 = CARTESIAN_POINT('',(-1.2192E+03,767.61027500745,1.248529974306E+03));
#9772 = VECTOR('',#9773,1.);
#9773 = DIRECTION('',(1.,0.,0.));
#9774 = PCURVE('',#9571,#9775);
#9775 = DEFINITIONAL_REPRESENTATION('',(#9776),#9780);
#9776 = LINE('',#9777,#9778);
#9777 = CARTESIAN_POINT('',(0.,0.));
#9778 = VECTOR('',#9779,1.);
#9779 = DIRECTION('',(0.,1.));
#9780 =(GEOMETRIC_REPRESENTATION_CONTEXT(2)PARAMETRIC_REPRESENTATION_CONTEXT()REPRESENTATION_CONTEXT('2D SPACE',''));
#9781 = PCURVE('',#9599,#9782);
#9782 = DEFINITIONAL_REPRESENTATION('',(#9783),#9787);
#9783 = LINE('',#9784,#9785);
#9784 = CARTESIAN_POINT('',(0.,0.));
#9785 = VECTOR('',#9786,1.);
#9786 = DIRECTION('',(1.,0.));
#9787 =(GEOMETRIC_REPRESENTATION_CONTEXT(2)PARAMETRIC_REPRESENTATION_CONTEXT()REPRESENTATION_CONTEXT('2D SPACE',''));
#9788 = ORIENTED_EDGE('',*,*,#9548,.T.);
#9789 = ORIENTED_EDGE('',*,*,#9790,.T.);
#9790 = EDGE_CURVE('',#9551,#9671,#9791,.T.);
#9791 = SURFACE_CURVE('',#9792,(#9796,#9803),.PCURVE_S1.);
#9792 = LINE('',#9793,#9794);
#9793 = CARTESIAN_POINT('',(-1.2192E+03,1.4492543957E+03,2.060881804011E+03));
#9794 = VECTOR('',#9795,1.);
#9795 = DIRECTION('',(1.,0.,0.));
#9796 = PCURVE('',#9571,#9797);
#9797 = DEFINITIONAL_REPRESENTATION('',(#9798),#9802);
#9798 = LINE('',#9799,#9800);
#9799 = CARTESIAN_POINT('',(1.06045E+03,0.));
#9800 = VECTOR('',#9801,1.);
#9801 = DIRECTION('',(0.,1.));
#9802 =(GEOMETRIC_REPRESENTATION_CONTEXT(2)PARAMETRIC_REPRESENTATION_CONTEXT()REPRESENTATION_CONTEXT('2D SPACE',''));
#9803 = PCURVE('',#9653,#9804);
#9804 = DEFINITIONAL_REPRESENTATION('',(#9805),#9809);
#9805 = LINE('',#9806,#9807);
#9806 = CARTESIAN_POINT('',(0.,0.));
#9807 = VECTOR('',#9808,1.);
#9808 = DIRECTION('',(1.,0.));
#9809 =(GEOMETRIC_REPRESENTATION_CONTEXT(2)PARAMETRIC_REPRESENTATION_CONTEXT()REPRESENTATION_CONTEXT('2D SPACE',''));
#9810 = ORIENTED_EDGE('',*,*,#9668,.F.);
#9811 = ADVANCED_FACE('',(#9812),#9627,.T.);
#9812 = FACE_BOUND('',#9813,.T.);
#9813 = EDGE_LOOP('',(#9814,#9835,#9836,#9857));
#9814 = ORIENTED_EDGE('',*,*,#9815,.F.);
#9815 = EDGE_CURVE('',#9584,#9699,#9816,.T.);
#9816 = SURFACE_CURVE('',#9817,(#9821,#9828),.PCURVE_S1.);
#9817 = LINE('',#9818,#9819);
#9818 = CARTESIAN_POINT('',(-1.2192E+03,796.79656829029,1.224039766377E+03));
#9819 = VECTOR('',#9820,1.);
#9820 = DIRECTION('',(1.,0.,0.));
#9821 = PCURVE('',#9627,#9822);
#9822 = DEFINITIONAL_REPRESENTATION('',(#9823),#9827);
#9823 = LINE('',#9824,#9825);
#9824 = CARTESIAN_POINT('',(0.,0.));
#9825 = VECTOR('',#9826,1.);
#9826 = DIRECTION('',(0.,1.));
#9827 =(GEOMETRIC_REPRESENTATION_CONTEXT(2)PARAMETRIC_REPRESENTATION_CONTEXT()REPRESENTATION_CONTEXT('2D SPACE',''));
#9828 = PCURVE('',#9599,#9829);
#9829 = DEFINITIONAL_REPRESENTATION('',(#9830),#9834);
#9830 = LINE('',#9831,#9832);
#9831 = CARTESIAN_POINT('',(0.,38.1));
#9832 = VECTOR('',#9833,1.);
#9833 = DIRECTION('',(1.,0.));
#9834 =(GEOMETRIC_REPRESENTATION_CONTEXT(2)PARAMETRIC_REPRESENTATION_CONTEXT()REPRESENTATION_CONTEXT('2D SPACE',''));
#9835 = ORIENTED_EDGE('',*,*,#9611,.T.);
#9836 = ORIENTED_EDGE('',*,*,#9837,.T.);
#9837 = EDGE_CURVE('',#9612,#9722,#9838,.T.);
#9838 = SURFACE_CURVE('',#9839,(#9843,#9850),.PCURVE_S1.);
#9839 = LINE('',#9840,#9841);
#9840 = CARTESIAN_POINT('',(-1.2192E+03,1.478440688982E+03,2.036391596082E+03));
#9841 = VECTOR('',#9842,1.);
#9842 = DIRECTION('',(1.,0.,0.));
#9843 = PCURVE('',#9627,#9844);
#9844 = DEFINITIONAL_REPRESENTATION('',(#9845),#9849);
#9845 = LINE('',#9846,#9847);
#9846 = CARTESIAN_POINT('',(1.06045E+03,0.));
#9847 = VECTOR('',#9848,1.);
#9848 = DIRECTION('',(0.,1.));
#9849 =(GEOMETRIC_REPRESENTATION_CONTEXT(2)PARAMETRIC_REPRESENTATION_CONTEXT()REPRESENTATION_CONTEXT('2D SPACE',''));
#9850 = PCURVE('',#9653,#9851);
#9851 = DEFINITIONAL_REPRESENTATION('',(#9852),#9856);
#9852 = LINE('',#9853,#9854);
#9853 = CARTESIAN_POINT('',(0.,38.1));
#9854 = VECTOR('',#9855,1.);
#9855 = DIRECTION('',(1.,0.));
#9856 =(GEOMETRIC_REPRESENTATION_CONTEXT(2)PARAMETRIC_REPRESENTATION_CONTEXT()REPRESENTATION_CONTEXT('2D SPACE',''));
#9857 = ORIENTED_EDGE('',*,*,#9721,.F.);
#9858 = ADVANCED_FACE('',(#9859),#9599,.F.);
#9859 = FACE_BOUND('',#9860,.F.);
#9860 = EDGE_LOOP('',(#9861,#9862,#9863,#9864));
#9861 = ORIENTED_EDGE('',*,*,#9583,.F.);
#9862 = ORIENTED_EDGE('',*,*,#9768,.T.);
#9863 = ORIENTED_EDGE('',*,*,#9698,.T.);
#9864 = ORIENTED_EDGE('',*,*,#9815,.F.);
#9865 = ADVANCED_FACE('',(#9866),#9653,.T.);
#9866 = FACE_BOUND('',#9867,.T.);
#9867 = EDGE_LOOP('',(#9868,#9869,#9870,#9871));
#9868 = ORIENTED_EDGE('',*,*,#9639,.F.);
#9869 = ORIENTED_EDGE('',*,*,#9790,.T.);
#9870 = ORIENTED_EDGE('',*,*,#9744,.T.);
#9871 = ORIENTED_EDGE('',*,*,#9837,.F.);
#9872 =(GEOMETRIC_REPRESENTATION_CONTEXT(3)GLOBAL_UNCERTAINTY_ASSIGNED_CONTEXT((#9876))GLOBAL_UNIT_ASSIGNED_CONTEXT((#9873,#9874,#9875))REPRESENTATION_CONTEXT('Context #1','3D Context with UNIT and UNCERTAINTY'));
#9873 =(LENGTH_UNIT()NAMED_UNIT(*)SI_UNIT(.MILLI.,.METRE.));
#9874 =(NAMED_UNIT(*)PLANE_ANGLE_UNIT()SI_UNIT($,.RADIAN.));
#9875 =(NAMED_UNIT(*)SI_UNIT($,.STERADIAN.)SOLID_ANGLE_UNIT());
#9876 = UNCERTAINTY_MEASURE_WITH_UNIT(LENGTH_MEASURE(1.E-07),#9873,'distance_accuracy_value','confusion accuracy');
#9877 = CONTEXT_DEPENDENT_SHAPE_REPRESENTATION(#9878,#9880);
#9878 =(REPRESENTATION_RELATIONSHIP('','',#9541,#10)REPRESENTATION_RELATIONSHIP_WITH_TRANSFORMATION(#9879)SHAPE_REPRESENTATION_RELATIONSHIP());
#9879 = ITEM_DEFINED_TRANSFORMATION('','',#11,#115);
#9880 = PRODUCT_DEFINITION_SHAPE('Placement','Placement of an item',#9881);
#9881 = NEXT_ASSEMBLY_USAGE_OCCURRENCE('26','panel_edge_left_upper','',#5,#9536,$);
#9882 = PRODUCT_RELATED_PRODUCT_CATEGORY('part',$,(#9538));
#9883 = SHAPE_DEFINITION_REPRESENTATION(#9884,#9890);
#9884 = PRODUCT_DEFINITION_SHAPE('','',#9885);
#9885 = PRODUCT_DEFINITION('design','',#9886,#9889);
#9886 = PRODUCT_DEFINITION_FORMATION('','',#9887);
#9887 = PRODUCT('panel_edge_right_upper','panel_edge_right_upper','',(#9888));
#9888 = PRODUCT_CONTEXT('',#2,'mechanical');
#9889 = PRODUCT_DEFINITION_CONTEXT('part definition',#2,'design');
#9890 = ADVANCED_BREP_SHAPE_REPRESENTATION('',(#11,#9891),#10221);
#9891 = MANIFOLD_SOLID_BREP('',#9892);
#9892 = CLOSED_SHELL('',(#9893,#10013,#10113,#10160,#10207,#10214));
#9893 = ADVANCED_FACE('',(#9894),#9908,.F.);
#9894 = FACE_BOUND('',#9895,.F.);
#9895 = EDGE_LOOP('',(#9896,#9931,#9959,#9987));
#9896 = ORIENTED_EDGE('',*,*,#9897,.F.);
#9897 = EDGE_CURVE('',#9898,#9900,#9902,.T.);
#9898 = VERTEX_POINT('',#9899);
#9899 = CARTESIAN_POINT('',(1.1303E+03,767.61027500745,1.248529974306E+03));
#9900 = VERTEX_POINT('',#9901);
#9901 = CARTESIAN_POINT('',(1.1303E+03,1.4492543957E+03,2.060881804011E+03));
#9902 = SURFACE_CURVE('',#9903,(#9907,#9919),.PCURVE_S1.);
#9903 = LINE('',#9904,#9905);
#9904 = CARTESIAN_POINT('',(1.1303E+03,767.61027500745,1.248529974306E+03));
#9905 = VECTOR('',#9906,1.);
#9906 = DIRECTION('',(0.,0.642787609687,0.766044443119));
#9907 = PCURVE('',#9908,#9913);
#9908 = PLANE('',#9909);
#9909 = AXIS2_PLACEMENT_3D('',#9910,#9911,#9912);
#9910 = CARTESIAN_POINT('',(1.1303E+03,767.61027500745,1.248529974306E+03));
#9911 = DIRECTION('',(1.,0.,0.));
#9912 = DIRECTION('',(0.,0.642787609687,0.766044443119));
#9913 = DEFINITIONAL_REPRESENTATION('',(#9914),#9918);
#9914 = LINE('',#9915,#9916);
#9915 = CARTESIAN_POINT('',(0.,0.));
#9916 = VECTOR('',#9917,1.);
#9917 = DIRECTION('',(1.,0.));
#9918 =(GEOMETRIC_REPRESENTATION_CONTEXT(2)PARAMETRIC_REPRESENTATION_CONTEXT()REPRESENTATION_CONTEXT('2D SPACE',''));
#9919 = PCURVE('',#9920,#9925);
#9920 = PLANE('',#9921);
#9921 = AXIS2_PLACEMENT_3D('',#9922,#9923,#9924);
#9922 = CARTESIAN_POINT('',(1.1303E+03,767.61027500745,1.248529974306E+03));
#9923 = DIRECTION('',(0.,0.766044443119,-0.642787609687));
#9924 = DIRECTION('',(0.,0.642787609687,0.766044443119));
#9925 = DEFINITIONAL_REPRESENTATION('',(#9926),#9930);
#9926 = LINE('',#9927,#9928);
#9927 = CARTESIAN_POINT('',(0.,0.));
#9928 = VECTOR('',#9929,1.);
#9929 = DIRECTION('',(1.,0.));
#9930 =(GEOMETRIC_REPRESENTATION_CONTEXT(2)PARAMETRIC_REPRESENTATION_CONTEXT()REPRESENTATION_CONTEXT('2D SPACE',''));
#9931 = ORIENTED_EDGE('',*,*,#9932,.T.);
#9932 = EDGE_CURVE('',#9898,#9933,#9935,.T.);
#9933 = VERTEX_POINT('',#9934);
#9934 = CARTESIAN_POINT('',(1.1303E+03,796.79656829029,1.224039766377E+03));
#9935 = SURFACE_CURVE('',#9936,(#9940,#9947),.PCURVE_S1.);
#9936 = LINE('',#9937,#9938);
#9937 = CARTESIAN_POINT('',(1.1303E+03,767.61027500745,1.248529974306E+03));
#9938 = VECTOR('',#9939,1.);
#9939 = DIRECTION('',(0.,0.766044443119,-0.642787609687));
#9940 = PCURVE('',#9908,#9941);
#9941 = DEFINITIONAL_REPRESENTATION('',(#9942),#9946);
#9942 = LINE('',#9943,#9944);
#9943 = CARTESIAN_POINT('',(0.,0.));
#9944 = VECTOR('',#9945,1.);
#9945 = DIRECTION('',(0.,-1.));
#9946 =(GEOMETRIC_REPRESENTATION_CONTEXT(2)PARAMETRIC_REPRESENTATION_CONTEXT()REPRESENTATION_CONTEXT('2D SPACE',''));
#9947 = PCURVE('',#9948,#9953);
#9948 = PLANE('',#9949);
#9949 = AXIS2_PLACEMENT_3D('',#9950,#9951,#9952);
#9950 = CARTESIAN_POINT('',(1.1303E+03,767.61027500745,1.248529974306E+03));
#9951 = DIRECTION('',(0.,0.642787609687,0.766044443119));
#9952 = DIRECTION('',(1.,0.,0.));
#9953 = DEFINITIONAL_REPRESENTATION('',(#9954),#9958);
#9954 = LINE('',#9955,#9956);
#9955 = CARTESIAN_POINT('',(0.,0.));
#9956 = VECTOR('',#9957,1.);
#9957 = DIRECTION('',(0.,1.));
#9958 =(GEOMETRIC_REPRESENTATION_CONTEXT(2)PARAMETRIC_REPRESENTATION_CONTEXT()REPRESENTATION_CONTEXT('2D SPACE',''));
#9959 = ORIENTED_EDGE('',*,*,#9960,.T.);
#9960 = EDGE_CURVE('',#9933,#9961,#9963,.T.);
#9961 = VERTEX_POINT('',#9962);
#9962 = CARTESIAN_POINT('',(1.1303E+03,1.478440688982E+03,2.036391596082E+03));
#9963 = SURFACE_CURVE('',#9964,(#9968,#9975),.PCURVE_S1.);
#9964 = LINE('',#9965,#9966);
#9965 = CARTESIAN_POINT('',(1.1303E+03,796.79656829029,1.224039766377E+03));
#9966 = VECTOR('',#9967,1.);
#9967 = DIRECTION('',(0.,0.642787609687,0.766044443119));
#9968 = PCURVE('',#9908,#9969);
#9969 = DEFINITIONAL_REPRESENTATION('',(#9970),#9974);
#9970 = LINE('',#9971,#9972);
#9971 = CARTESIAN_POINT('',(-1.314504061156E-13,-38.1));
#9972 = VECTOR('',#9973,1.);
#9973 = DIRECTION('',(1.,0.));
#9974 =(GEOMETRIC_REPRESENTATION_CONTEXT(2)PARAMETRIC_REPRESENTATION_CONTEXT()REPRESENTATION_CONTEXT('2D SPACE',''));
#9975 = PCURVE('',#9976,#9981);
#9976 = PLANE('',#9977);
#9977 = AXIS2_PLACEMENT_3D('',#9978,#9979,#9980);
#9978 = CARTESIAN_POINT('',(1.1303E+03,796.79656829029,1.224039766377E+03));
#9979 = DIRECTION('',(0.,0.766044443119,-0.642787609687));
#9980 = DIRECTION('',(0.,0.642787609687,0.766044443119));
#9981 = DEFINITIONAL_REPRESENTATION('',(#9982),#9986);
#9982 = LINE('',#9983,#9984);
#9983 = CARTESIAN_POINT('',(0.,0.));
#9984 = VECTOR('',#9985,1.);
#9985 = DIRECTION('',(1.,0.));
#9986 =(GEOMETRIC_REPRESENTATION_CONTEXT(2)PARAMETRIC_REPRESENTATION_CONTEXT()REPRESENTATION_CONTEXT('2D SPACE',''));
#9987 = ORIENTED_EDGE('',*,*,#9988,.F.);
#9988 = EDGE_CURVE('',#9900,#9961,#9989,.T.);
#9989 = SURFACE_CURVE('',#9990,(#9994,#10001),.PCURVE_S1.);
#9990 = LINE('',#9991,#9992);
#9991 = CARTESIAN_POINT('',(1.1303E+03,1.4492543957E+03,2.060881804011E+03));
#9992 = VECTOR('',#9993,1.);
#9993 = DIRECTION('',(0.,0.766044443119,-0.642787609687));
#9994 = PCURVE('',#9908,#9995);
#9995 = DEFINITIONAL_REPRESENTATION('',(#9996),#10000);
#9996 = LINE('',#9997,#9998);
#9997 = CARTESIAN_POINT('',(1.06045E+03,-3.410605131648E-13));
#9998 = VECTOR('',#9999,1.);
#9999 = DIRECTION('',(0.,-1.));
#10000 =(GEOMETRIC_REPRESENTATION_CONTEXT(2)PARAMETRIC_REPRESENTATION_CONTEXT()REPRESENTATION_CONTEXT('2D SPACE',''));
#10001 = PCURVE('',#10002,#10007);
#10002 = PLANE('',#10003);
#10003 = AXIS2_PLACEMENT_3D('',#10004,#10005,#10006);
#10004 = CARTESIAN_POINT('',(1.1303E+03,1.4492543957E+03,2.060881804011E+03));
#10005 = DIRECTION('',(0.,0.642787609687,0.766044443119));
#10006 = DIRECTION('',(1.,0.,0.));
#10007 = DEFINITIONAL_REPRESENTATION('',(#10008),#10012);
#10008 = LINE('',#10009,#10010);
#10009 = CARTESIAN_POINT('',(0.,0.));
#10010 = VECTOR('',#10011,1.);
#10011 = DIRECTION('',(0.,1.));
#10012 =(GEOMETRIC_REPRESENTATION_CONTEXT(2)PARAMETRIC_REPRESENTATION_CONTEXT()REPRESENTATION_CONTEXT('2D SPACE',''));
#10013 = ADVANCED_FACE('',(#10014),#10028,.T.);
#10014 = FACE_BOUND('',#10015,.T.);
#10015 = EDGE_LOOP('',(#10016,#10046,#10069,#10092));
#10016 = ORIENTED_EDGE('',*,*,#10017,.F.);
#10017 = EDGE_CURVE('',#10018,#10020,#10022,.T.);
#10018 = VERTEX_POINT('',#10019);
#10019 = CARTESIAN_POINT('',(1.2192E+03,767.61027500745,1.248529974306E+03));
#10020 = VERTEX_POINT('',#10021);
#10021 = CARTESIAN_POINT('',(1.2192E+03,1.4492543957E+03,2.060881804011E+03));
#10022 = SURFACE_CURVE('',#10023,(#10027,#10039),.PCURVE_S1.);
#10023 = LINE('',#10024,#10025);
#10024 = CARTESIAN_POINT('',(1.2192E+03,767.61027500745,1.248529974306E+03));
#10025 = VECTOR('',#10026,1.);
#10026 = DIRECTION('',(0.,0.642787609687,0.766044443119));
#10027 = PCURVE('',#10028,#10033);
#10028 = PLANE('',#10029);
#10029 = AXIS2_PLACEMENT_3D('',#10030,#10031,#10032);
#10030 = CARTESIAN_POINT('',(1.2192E+03,767.61027500745,1.248529974306E+03));
#10031 = DIRECTION('',(1.,0.,0.));
#10032 = DIRECTION('',(0.,0.642787609687,0.766044443119));
#10033 = DEFINITIONAL_REPRESENTATION('',(#10034),#10038);
#10034 = LINE('',#10035,#10036);
#10035 = CARTESIAN_POINT('',(0.,0.));
#10036 = VECTOR('',#10037,1.);
#10037 = DIRECTION('',(1.,0.));
#10038 =(GEOMETRIC_REPRESENTATION_CONTEXT(2)PARAMETRIC_REPRESENTATION_CONTEXT()REPRESENTATION_CONTEXT('2D SPACE',''));
#10039 = PCURVE('',#9920,#10040);
#10040 = DEFINITIONAL_REPRESENTATION('',(#10041),#10045);
#10041 = LINE('',#10042,#10043);
#10042 = CARTESIAN_POINT('',(0.,88.9));
#10043 = VECTOR('',#10044,1.);
#10044 = DIRECTION('',(1.,0.));
#10045 =(GEOMETRIC_REPRESENTATION_CONTEXT(2)PARAMETRIC_REPRESENTATION_CONTEXT()REPRESENTATION_CONTEXT('2D SPACE',''));
#10046 = ORIENTED_EDGE('',*,*,#10047,.T.);
#10047 = EDGE_CURVE('',#10018,#10048,#10050,.T.);
#10048 = VERTEX_POINT('',#10049);
#10049 = CARTESIAN_POINT('',(1.2192E+03,796.79656829029,1.224039766377E+03));
#10050 = SURFACE_CURVE('',#10051,(#10055,#10062),.PCURVE_S1.);
#10051 = LINE('',#10052,#10053);
#10052 = CARTESIAN_POINT('',(1.2192E+03,767.61027500745,1.248529974306E+03));
#10053 = VECTOR('',#10054,1.);
#10054 = DIRECTION('',(0.,0.766044443119,-0.642787609687));
#10055 = PCURVE('',#10028,#10056);
#10056 = DEFINITIONAL_REPRESENTATION('',(#10057),#10061);
#10057 = LINE('',#10058,#10059);
#10058 = CARTESIAN_POINT('',(0.,0.));
#10059 = VECTOR('',#10060,1.);
#10060 = DIRECTION('',(0.,-1.));
#10061 =(GEOMETRIC_REPRESENTATION_CONTEXT(2)PARAMETRIC_REPRESENTATION_CONTEXT()REPRESENTATION_CONTEXT('2D SPACE',''));
#10062 = PCURVE('',#9948,#10063);
#10063 = DEFINITIONAL_REPRESENTATION('',(#10064),#10068);
#10064 = LINE('',#10065,#10066);
#10065 = CARTESIAN_POINT('',(88.9,0.));
#10066 = VECTOR('',#10067,1.);
#10067 = DIRECTION('',(0.,1.));
#10068 =(GEOMETRIC_REPRESENTATION_CONTEXT(2)PARAMETRIC_REPRESENTATION_CONTEXT()REPRESENTATION_CONTEXT('2D SPACE',''));
#10069 = ORIENTED_EDGE('',*,*,#10070,.T.);
#10070 = EDGE_CURVE('',#10048,#10071,#10073,.T.);
#10071 = VERTEX_POINT('',#10072);
#10072 = CARTESIAN_POINT('',(1.2192E+03,1.478440688982E+03,2.036391596082E+03));
#10073 = SURFACE_CURVE('',#10074,(#10078,#10085),.PCURVE_S1.);
#10074 = LINE('',#10075,#10076);
#10075 = CARTESIAN_POINT('',(1.2192E+03,796.79656829029,1.224039766377E+03));
#10076 = VECTOR('',#10077,1.);
#10077 = DIRECTION('',(0.,0.642787609687,0.766044443119));
#10078 = PCURVE('',#10028,#10079);
#10079 = DEFINITIONAL_REPRESENTATION('',(#10080),#10084);
#10080 = LINE('',#10081,#10082);
#10081 = CARTESIAN_POINT('',(-1.314504061156E-13,-38.1));
#10082 = VECTOR('',#10083,1.);
#10083 = DIRECTION('',(1.,0.));
#10084 =(GEOMETRIC_REPRESENTATION_CONTEXT(2)PARAMETRIC_REPRESENTATION_CONTEXT()REPRESENTATION_CONTEXT('2D SPACE',''));
#10085 = PCURVE('',#9976,#10086);
#10086 = DEFINITIONAL_REPRESENTATION('',(#10087),#10091);
#10087 = LINE('',#10088,#10089);
#10088 = CARTESIAN_POINT('',(0.,88.9));
#10089 = VECTOR('',#10090,1.);
#10090 = DIRECTION('',(1.,0.));
#10091 =(GEOMETRIC_REPRESENTATION_CONTEXT(2)PARAMETRIC_REPRESENTATION_CONTEXT()REPRESENTATION_CONTEXT('2D SPACE',''));
#10092 = ORIENTED_EDGE('',*,*,#10093,.F.);
#10093 = EDGE_CURVE('',#10020,#10071,#10094,.T.);
#10094 = SURFACE_CURVE('',#10095,(#10099,#10106),.PCURVE_S1.);
#10095 = LINE('',#10096,#10097);
#10096 = CARTESIAN_POINT('',(1.2192E+03,1.4492543957E+03,2.060881804011E+03));
#10097 = VECTOR('',#10098,1.);
#10098 = DIRECTION('',(0.,0.766044443119,-0.642787609687));
#10099 = PCURVE('',#10028,#10100);
#10100 = DEFINITIONAL_REPRESENTATION('',(#10101),#10105);
#10101 = LINE('',#10102,#10103);
#10102 = CARTESIAN_POINT('',(1.06045E+03,-3.410605131648E-13));
#10103 = VECTOR('',#10104,1.);
#10104 = DIRECTION('',(0.,-1.));
#10105 =(GEOMETRIC_REPRESENTATION_CONTEXT(2)PARAMETRIC_REPRESENTATION_CONTEXT()REPRESENTATION_CONTEXT('2D SPACE',''));
#10106 = PCURVE('',#10002,#10107);
#10107 = DEFINITIONAL_REPRESENTATION('',(#10108),#10112);
#10108 = LINE('',#10109,#10110);
#10109 = CARTESIAN_POINT('',(88.9,0.));
#10110 = VECTOR('',#10111,1.);
#10111 = DIRECTION('',(0.,1.));
#10112 =(GEOMETRIC_REPRESENTATION_CONTEXT(2)PARAMETRIC_REPRESENTATION_CONTEXT()REPRESENTATION_CONTEXT('2D SPACE',''));
#10113 = ADVANCED_FACE('',(#10114),#9920,.F.);
#10114 = FACE_BOUND('',#10115,.F.);
#10115 = EDGE_LOOP('',(#10116,#10137,#10138,#10159));
#10116 = ORIENTED_EDGE('',*,*,#10117,.F.);
#10117 = EDGE_CURVE('',#9898,#10018,#10118,.T.);
#10118 = SURFACE_CURVE('',#10119,(#10123,#10130),.PCURVE_S1.);
#10119 = LINE('',#10120,#10121);
#10120 = CARTESIAN_POINT('',(1.1303E+03,767.61027500745,1.248529974306E+03));
#10121 = VECTOR('',#10122,1.);
#10122 = DIRECTION('',(1.,0.,0.));
#10123 = PCURVE('',#9920,#10124);
#10124 = DEFINITIONAL_REPRESENTATION('',(#10125),#10129);
#10125 = LINE('',#10126,#10127);
#10126 = CARTESIAN_POINT('',(0.,0.));
#10127 = VECTOR('',#10128,1.);
#10128 = DIRECTION('',(0.,1.));
#10129 =(GEOMETRIC_REPRESENTATION_CONTEXT(2)PARAMETRIC_REPRESENTATION_CONTEXT()REPRESENTATION_CONTEXT('2D SPACE',''));
#10130 = PCURVE('',#9948,#10131);
#10131 = DEFINITIONAL_REPRESENTATION('',(#10132),#10136);
#10132 = LINE('',#10133,#10134);
#10133 = CARTESIAN_POINT('',(0.,0.));
#10134 = VECTOR('',#10135,1.);
#10135 = DIRECTION('',(1.,0.));
#10136 =(GEOMETRIC_REPRESENTATION_CONTEXT(2)PARAMETRIC_REPRESENTATION_CONTEXT()REPRESENTATION_CONTEXT('2D SPACE',''));
#10137 = ORIENTED_EDGE('',*,*,#9897,.T.);
#10138 = ORIENTED_EDGE('',*,*,#10139,.T.);
#10139 = EDGE_CURVE('',#9900,#10020,#10140,.T.);
#10140 = SURFACE_CURVE('',#10141,(#10145,#10152),.PCURVE_S1.);
#10141 = LINE('',#10142,#10143);
#10142 = CARTESIAN_POINT('',(1.1303E+03,1.4492543957E+03,2.060881804011E+03));
#10143 = VECTOR('',#10144,1.);
#10144 = DIRECTION('',(1.,0.,0.));
#10145 = PCURVE('',#9920,#10146);
#10146 = DEFINITIONAL_REPRESENTATION('',(#10147),#10151);
#10147 = LINE('',#10148,#10149);
#10148 = CARTESIAN_POINT('',(1.06045E+03,0.));
#10149 = VECTOR('',#10150,1.);
#10150 = DIRECTION('',(0.,1.));
#10151 =(GEOMETRIC_REPRESENTATION_CONTEXT(2)PARAMETRIC_REPRESENTATION_CONTEXT()REPRESENTATION_CONTEXT('2D SPACE',''));
#10152 = PCURVE('',#10002,#10153);
#10153 = DEFINITIONAL_REPRESENTATION('',(#10154),#10158);
#10154 = LINE('',#10155,#10156);
#10155 = CARTESIAN_POINT('',(0.,0.));
#10156 = VECTOR('',#10157,1.);
#10157 = DIRECTION('',(1.,0.));
#10158 =(GEOMETRIC_REPRESENTATION_CONTEXT(2)PARAMETRIC_REPRESENTATION_CONTEXT()REPRESENTATION_CONTEXT('2D SPACE',''));
#10159 = ORIENTED_EDGE('',*,*,#10017,.F.);
#10160 = ADVANCED_FACE('',(#10161),#9976,.T.);
#10161 = FACE_BOUND('',#10162,.T.);
#10162 = EDGE_LOOP('',(#10163,#10184,#10185,#10206));
#10163 = ORIENTED_EDGE('',*,*,#10164,.F.);
#10164 = EDGE_CURVE('',#9933,#10048,#10165,.T.);
#10165 = SURFACE_CURVE('',#10166,(#10170,#10177),.PCURVE_S1.);
#10166 = LINE('',#10167,#10168);
#10167 = CARTESIAN_POINT('',(1.1303E+03,796.79656829029,1.224039766377E+03));
#10168 = VECTOR('',#10169,1.);
#10169 = DIRECTION('',(1.,0.,0.));
#10170 = PCURVE('',#9976,#10171);
#10171 = DEFINITIONAL_REPRESENTATION('',(#10172),#10176);
#10172 = LINE('',#10173,#10174);
#10173 = CARTESIAN_POINT('',(0.,0.));
#10174 = VECTOR('',#10175,1.);
#10175 = DIRECTION('',(0.,1.));
#10176 =(GEOMETRIC_REPRESENTATION_CONTEXT(2)PARAMETRIC_REPRESENTATION_CONTEXT()REPRESENTATION_CONTEXT('2D SPACE',''));
#10177 = PCURVE('',#9948,#10178);
#10178 = DEFINITIONAL_REPRESENTATION('',(#10179),#10183);
#10179 = LINE('',#10180,#10181);
#10180 = CARTESIAN_POINT('',(0.,38.1));
#10181 = VECTOR('',#10182,1.);
#10182 = DIRECTION('',(1.,0.));
#10183 =(GEOMETRIC_REPRESENTATION_CONTEXT(2)PARAMETRIC_REPRESENTATION_CONTEXT()REPRESENTATION_CONTEXT('2D SPACE',''));
#10184 = ORIENTED_EDGE('',*,*,#9960,.T.);
#10185 = ORIENTED_EDGE('',*,*,#10186,.T.);
#10186 = EDGE_CURVE('',#9961,#10071,#10187,.T.);
#10187 = SURFACE_CURVE('',#10188,(#10192,#10199),.PCURVE_S1.);
#10188 = LINE('',#10189,#10190);
#10189 = CARTESIAN_POINT('',(1.1303E+03,1.478440688982E+03,2.036391596082E+03));
#10190 = VECTOR('',#10191,1.);
#10191 = DIRECTION('',(1.,0.,0.));
#10192 = PCURVE('',#9976,#10193);
#10193 = DEFINITIONAL_REPRESENTATION('',(#10194),#10198);
#10194 = LINE('',#10195,#10196);
#10195 = CARTESIAN_POINT('',(1.06045E+03,0.));
#10196 = VECTOR('',#10197,1.);
#10197 = DIRECTION('',(0.,1.));
#10198 =(GEOMETRIC_REPRESENTATION_CONTEXT(2)PARAMETRIC_REPRESENTATION_CONTEXT()REPRESENTATION_CONTEXT('2D SPACE',''));
#10199 = PCURVE('',#10002,#10200);
#10200 = DEFINITIONAL_REPRESENTATION('',(#10201),#10205);
#10201 = LINE('',#10202,#10203);
#10202 = CARTESIAN_POINT('',(0.,38.1));
#10203 = VECTOR('',#10204,1.);
#10204 = DIRECTION('',(1.,0.));
#10205 =(GEOMETRIC_REPRESENTATION_CONTEXT(2)PARAMETRIC_REPRESENTATION_CONTEXT()REPRESENTATION_CONTEXT('2D SPACE',''));
#10206 = ORIENTED_EDGE('',*,*,#10070,.F.);
#10207 = ADVANCED_FACE('',(#10208),#9948,.F.);
#10208 = FACE_BOUND('',#10209,.F.);
#10209 = EDGE_LOOP('',(#10210,#10211,#10212,#10213));
#10210 = ORIENTED_EDGE('',*,*,#9932,.F.);
#10211 = ORIENTED_EDGE('',*,*,#10117,.T.);
#10212 = ORIENTED_EDGE('',*,*,#10047,.T.);
#10213 = ORIENTED_EDGE('',*,*,#10164,.F.);
#10214 = ADVANCED_FACE('',(#10215),#10002,.T.);
#10215 = FACE_BOUND('',#10216,.T.);
#10216 = EDGE_LOOP('',(#10217,#10218,#10219,#10220));
#10217 = ORIENTED_EDGE('',*,*,#9988,.F.);
#10218 = ORIENTED_EDGE('',*,*,#10139,.T.);
#10219 = ORIENTED_EDGE('',*,*,#10093,.T.);
#10220 = ORIENTED_EDGE('',*,*,#10186,.F.);
#10221 =(GEOMETRIC_REPRESENTATION_CONTEXT(3)GLOBAL_UNCERTAINTY_ASSIGNED_CONTEXT((#10225))GLOBAL_UNIT_ASSIGNED_CONTEXT((#10222,#10223,#10224))REPRESENTATION_CONTEXT('Context #1','3D Context with UNIT and UNCERTAINTY'));
#10222 =(LENGTH_UNIT()NAMED_UNIT(*)SI_UNIT(.MILLI.,.METRE.));
#10223 =(NAMED_UNIT(*)PLANE_ANGLE_UNIT()SI_UNIT($,.RADIAN.));
#10224 =(NAMED_UNIT(*)SI_UNIT($,.STERADIAN.)SOLID_ANGLE_UNIT());
#10225 = UNCERTAINTY_MEASURE_WITH_UNIT(LENGTH_MEASURE(1.E-07),#10222,'distance_accuracy_value','confusion accuracy');
#10226 = CONTEXT_DEPENDENT_SHAPE_REPRESENTATION(#10227,#10229);
#10227 =(REPRESENTATION_RELATIONSHIP('','',#9890,#10)REPRESENTATION_RELATIONSHIP_WITH_TRANSFORMATION(#10228)SHAPE_REPRESENTATION_RELATIONSHIP());
#10228 = ITEM_DEFINED_TRANSFORMATION('','',#11,#119);
#10229 = PRODUCT_DEFINITION_SHAPE('Placement','Placement of an item',#10230);
#10230 = NEXT_ASSEMBLY_USAGE_OCCURRENCE('27','panel_edge_right_upper','',#5,#9885,$);
#10231 = PRODUCT_RELATED_PRODUCT_CATEGORY('part',$,(#9887));
#10232 = SHAPE_DEFINITION_REPRESENTATION(#10233,#10239);
#10233 = PRODUCT_DEFINITION_SHAPE('','',#10234);
#10234 = PRODUCT_DEFINITION('design','',#10235,#10238);
#10235 = PRODUCT_DEFINITION_FORMATION('','',#10236);
#10236 = PRODUCT('panel_seam_vertical_upper','panel_seam_vertical_upper','',(#10237));
#10237 = PRODUCT_CONTEXT('',#2,'mechanical');
#10238 = PRODUCT_DEFINITION_CONTEXT('part definition',#2,'design');
#10239 = ADVANCED_BREP_SHAPE_REPRESENTATION('',(#11,#10240),#10570);
#10240 = MANIFOLD_SOLID_BREP('',#10241);
#10241 = CLOSED_SHELL('',(#10242,#10362,#10462,#10509,#10556,#10563));
#10242 = ADVANCED_FACE('',(#10243),#10257,.F.);
#10243 = FACE_BOUND('',#10244,.F.);
#10244 = EDGE_LOOP('',(#10245,#10280,#10308,#10336));
#10245 = ORIENTED_EDGE('',*,*,#10246,.F.);
#10246 = EDGE_CURVE('',#10247,#10249,#10251,.T.);
#10247 = VERTEX_POINT('',#10248);
#10248 = CARTESIAN_POINT('',(-69.85,767.61027500745,1.248529974306E+03));
#10249 = VERTEX_POINT('',#10250);
#10250 = CARTESIAN_POINT('',(-69.85,1.4492543957E+03,2.060881804011E+03));
#10251 = SURFACE_CURVE('',#10252,(#10256,#10268),.PCURVE_S1.);
#10252 = LINE('',#10253,#10254);
#10253 = CARTESIAN_POINT('',(-69.85,767.61027500745,1.248529974306E+03));
#10254 = VECTOR('',#10255,1.);
#10255 = DIRECTION('',(0.,0.642787609687,0.766044443119));
#10256 = PCURVE('',#10257,#10262);
#10257 = PLANE('',#10258);
#10258 = AXIS2_PLACEMENT_3D('',#10259,#10260,#10261);
#10259 = CARTESIAN_POINT('',(-69.85,767.61027500745,1.248529974306E+03));
#10260 = DIRECTION('',(1.,0.,0.));
#10261 = DIRECTION('',(0.,0.642787609687,0.766044443119));
#10262 = DEFINITIONAL_REPRESENTATION('',(#10263),#10267);
#10263 = LINE('',#10264,#10265);
#10264 = CARTESIAN_POINT('',(0.,0.));
#10265 = VECTOR('',#10266,1.);
#10266 = DIRECTION('',(1.,0.));
#10267 =(GEOMETRIC_REPRESENTATION_CONTEXT(2)PARAMETRIC_REPRESENTATION_CONTEXT()REPRESENTATION_CONTEXT('2D SPACE',''));
#10268 = PCURVE('',#10269,#10274);
#10269 = PLANE('',#10270);
#10270 = AXIS2_PLACEMENT_3D('',#10271,#10272,#10273);
#10271 = CARTESIAN_POINT('',(-69.85,767.61027500745,1.248529974306E+03));
#10272 = DIRECTION('',(0.,0.766044443119,-0.642787609687));
#10273 = DIRECTION('',(0.,0.642787609687,0.766044443119));
#10274 = DEFINITIONAL_REPRESENTATION('',(#10275),#10279);
#10275 = LINE('',#10276,#10277);
#10276 = CARTESIAN_POINT('',(0.,0.));
#10277 = VECTOR('',#10278,1.);
#10278 = DIRECTION('',(1.,0.));
#10279 =(GEOMETRIC_REPRESENTATION_CONTEXT(2)PARAMETRIC_REPRESENTATION_CONTEXT()REPRESENTATION_CONTEXT('2D SPACE',''));
#10280 = ORIENTED_EDGE('',*,*,#10281,.T.);
#10281 = EDGE_CURVE('',#10247,#10282,#10284,.T.);
#10282 = VERTEX_POINT('',#10283);
#10283 = CARTESIAN_POINT('',(-69.85,796.79656829029,1.224039766377E+03));
#10284 = SURFACE_CURVE('',#10285,(#10289,#10296),.PCURVE_S1.);
#10285 = LINE('',#10286,#10287);
#10286 = CARTESIAN_POINT('',(-69.85,767.61027500745,1.248529974306E+03));
#10287 = VECTOR('',#10288,1.);
#10288 = DIRECTION('',(0.,0.766044443119,-0.642787609687));
#10289 = PCURVE('',#10257,#10290);
#10290 = DEFINITIONAL_REPRESENTATION('',(#10291),#10295);
#10291 = LINE('',#10292,#10293);
#10292 = CARTESIAN_POINT('',(0.,0.));
#10293 = VECTOR('',#10294,1.);
#10294 = DIRECTION('',(0.,-1.));
#10295 =(GEOMETRIC_REPRESENTATION_CONTEXT(2)PARAMETRIC_REPRESENTATION_CONTEXT()REPRESENTATION_CONTEXT('2D SPACE',''));
#10296 = PCURVE('',#10297,#10302);
#10297 = PLANE('',#10298);
#10298 = AXIS2_PLACEMENT_3D('',#10299,#10300,#10301);
#10299 = CARTESIAN_POINT('',(-69.85,767.61027500745,1.248529974306E+03));
#10300 = DIRECTION('',(0.,0.642787609687,0.766044443119));
#10301 = DIRECTION('',(1.,0.,0.));
#10302 = DEFINITIONAL_REPRESENTATION('',(#10303),#10307);
#10303 = LINE('',#10304,#10305);
#10304 = CARTESIAN_POINT('',(0.,0.));
#10305 = VECTOR('',#10306,1.);
#10306 = DIRECTION('',(0.,1.));
#10307 =(GEOMETRIC_REPRESENTATION_CONTEXT(2)PARAMETRIC_REPRESENTATION_CONTEXT()REPRESENTATION_CONTEXT('2D SPACE',''));
#10308 = ORIENTED_EDGE('',*,*,#10309,.T.);
#10309 = EDGE_CURVE('',#10282,#10310,#10312,.T.);
#10310 = VERTEX_POINT('',#10311);
#10311 = CARTESIAN_POINT('',(-69.85,1.478440688982E+03,2.036391596082E+03));
#10312 = SURFACE_CURVE('',#10313,(#10317,#10324),.PCURVE_S1.);
#10313 = LINE('',#10314,#10315);
#10314 = CARTESIAN_POINT('',(-69.85,796.79656829029,1.224039766377E+03));
#10315 = VECTOR('',#10316,1.);
#10316 = DIRECTION('',(0.,0.642787609687,0.766044443119));
#10317 = PCURVE('',#10257,#10318);
#10318 = DEFINITIONAL_REPRESENTATION('',(#10319),#10323);
#10319 = LINE('',#10320,#10321);
#10320 = CARTESIAN_POINT('',(-1.314504061156E-13,-38.1));
#10321 = VECTOR('',#10322,1.);
#10322 = DIRECTION('',(1.,0.));
#10323 =(GEOMETRIC_REPRESENTATION_CONTEXT(2)PARAMETRIC_REPRESENTATION_CONTEXT()REPRESENTATION_CONTEXT('2D SPACE',''));
#10324 = PCURVE('',#10325,#10330);
#10325 = PLANE('',#10326);
#10326 = AXIS2_PLACEMENT_3D('',#10327,#10328,#10329);
#10327 = CARTESIAN_POINT('',(-69.85,796.79656829029,1.224039766377E+03));
#10328 = DIRECTION('',(0.,0.766044443119,-0.642787609687));
#10329 = DIRECTION('',(0.,0.642787609687,0.766044443119));
#10330 = DEFINITIONAL_REPRESENTATION('',(#10331),#10335);
#10331 = LINE('',#10332,#10333);
#10332 = CARTESIAN_POINT('',(0.,0.));
#10333 = VECTOR('',#10334,1.);
#10334 = DIRECTION('',(1.,0.));
#10335 =(GEOMETRIC_REPRESENTATION_CONTEXT(2)PARAMETRIC_REPRESENTATION_CONTEXT()REPRESENTATION_CONTEXT('2D SPACE',''));
#10336 = ORIENTED_EDGE('',*,*,#10337,.F.);
#10337 = EDGE_CURVE('',#10249,#10310,#10338,.T.);
#10338 = SURFACE_CURVE('',#10339,(#10343,#10350),.PCURVE_S1.);
#10339 = LINE('',#10340,#10341);
#10340 = CARTESIAN_POINT('',(-69.85,1.4492543957E+03,2.060881804011E+03));
#10341 = VECTOR('',#10342,1.);
#10342 = DIRECTION('',(0.,0.766044443119,-0.642787609687));
#10343 = PCURVE('',#10257,#10344);
#10344 = DEFINITIONAL_REPRESENTATION('',(#10345),#10349);
#10345 = LINE('',#10346,#10347);
#10346 = CARTESIAN_POINT('',(1.06045E+03,-3.410605131648E-13));
#10347 = VECTOR('',#10348,1.);
#10348 = DIRECTION('',(0.,-1.));
#10349 =(GEOMETRIC_REPRESENTATION_CONTEXT(2)PARAMETRIC_REPRESENTATION_CONTEXT()REPRESENTATION_CONTEXT('2D SPACE',''));
#10350 = PCURVE('',#10351,#10356);
#10351 = PLANE('',#10352);
#10352 = AXIS2_PLACEMENT_3D('',#10353,#10354,#10355);
#10353 = CARTESIAN_POINT('',(-69.85,1.4492543957E+03,2.060881804011E+03));
#10354 = DIRECTION('',(0.,0.642787609687,0.766044443119));
#10355 = DIRECTION('',(1.,0.,0.));
#10356 = DEFINITIONAL_REPRESENTATION('',(#10357),#10361);
#10357 = LINE('',#10358,#10359);
#10358 = CARTESIAN_POINT('',(0.,0.));
#10359 = VECTOR('',#10360,1.);
#10360 = DIRECTION('',(0.,1.));
#10361 =(GEOMETRIC_REPRESENTATION_CONTEXT(2)PARAMETRIC_REPRESENTATION_CONTEXT()REPRESENTATION_CONTEXT('2D SPACE',''));
#10362 = ADVANCED_FACE('',(#10363),#10377,.T.);
#10363 = FACE_BOUND('',#10364,.T.);
#10364 = EDGE_LOOP('',(#10365,#10395,#10418,#10441));
#10365 = ORIENTED_EDGE('',*,*,#10366,.F.);
#10366 = EDGE_CURVE('',#10367,#10369,#10371,.T.);
#10367 = VERTEX_POINT('',#10368);
#10368 = CARTESIAN_POINT('',(69.85,767.61027500745,1.248529974306E+03));
#10369 = VERTEX_POINT('',#10370);
#10370 = CARTESIAN_POINT('',(69.85,1.4492543957E+03,2.060881804011E+03));
#10371 = SURFACE_CURVE('',#10372,(#10376,#10388),.PCURVE_S1.);
#10372 = LINE('',#10373,#10374);
#10373 = CARTESIAN_POINT('',(69.85,767.61027500745,1.248529974306E+03));
#10374 = VECTOR('',#10375,1.);
#10375 = DIRECTION('',(0.,0.642787609687,0.766044443119));
#10376 = PCURVE('',#10377,#10382);
#10377 = PLANE('',#10378);
#10378 = AXIS2_PLACEMENT_3D('',#10379,#10380,#10381);
#10379 = CARTESIAN_POINT('',(69.85,767.61027500745,1.248529974306E+03));
#10380 = DIRECTION('',(1.,0.,0.));
#10381 = DIRECTION('',(0.,0.642787609687,0.766044443119));
#10382 = DEFINITIONAL_REPRESENTATION('',(#10383),#10387);
#10383 = LINE('',#10384,#10385);
#10384 = CARTESIAN_POINT('',(0.,0.));
#10385 = VECTOR('',#10386,1.);
#10386 = DIRECTION('',(1.,0.));
#10387 =(GEOMETRIC_REPRESENTATION_CONTEXT(2)PARAMETRIC_REPRESENTATION_CONTEXT()REPRESENTATION_CONTEXT('2D SPACE',''));
#10388 = PCURVE('',#10269,#10389);
#10389 = DEFINITIONAL_REPRESENTATION('',(#10390),#10394);
#10390 = LINE('',#10391,#10392);
#10391 = CARTESIAN_POINT('',(0.,139.7));
#10392 = VECTOR('',#10393,1.);
#10393 = DIRECTION('',(1.,0.));
#10394 =(GEOMETRIC_REPRESENTATION_CONTEXT(2)PARAMETRIC_REPRESENTATION_CONTEXT()REPRESENTATION_CONTEXT('2D SPACE',''));
#10395 = ORIENTED_EDGE('',*,*,#10396,.T.);
#10396 = EDGE_CURVE('',#10367,#10397,#10399,.T.);
#10397 = VERTEX_POINT('',#10398);
#10398 = CARTESIAN_POINT('',(69.85,796.79656829029,1.224039766377E+03));
#10399 = SURFACE_CURVE('',#10400,(#10404,#10411),.PCURVE_S1.);
#10400 = LINE('',#10401,#10402);
#10401 = CARTESIAN_POINT('',(69.85,767.61027500745,1.248529974306E+03));
#10402 = VECTOR('',#10403,1.);
#10403 = DIRECTION('',(0.,0.766044443119,-0.642787609687));
#10404 = PCURVE('',#10377,#10405);
#10405 = DEFINITIONAL_REPRESENTATION('',(#10406),#10410);
#10406 = LINE('',#10407,#10408);
#10407 = CARTESIAN_POINT('',(0.,0.));
#10408 = VECTOR('',#10409,1.);
#10409 = DIRECTION('',(0.,-1.));
#10410 =(GEOMETRIC_REPRESENTATION_CONTEXT(2)PARAMETRIC_REPRESENTATION_CONTEXT()REPRESENTATION_CONTEXT('2D SPACE',''));
#10411 = PCURVE('',#10297,#10412);
#10412 = DEFINITIONAL_REPRESENTATION('',(#10413),#10417);
#10413 = LINE('',#10414,#10415);
#10414 = CARTESIAN_POINT('',(139.7,0.));
#10415 = VECTOR('',#10416,1.);
#10416 = DIRECTION('',(0.,1.));
#10417 =(GEOMETRIC_REPRESENTATION_CONTEXT(2)PARAMETRIC_REPRESENTATION_CONTEXT()REPRESENTATION_CONTEXT('2D SPACE',''));
#10418 = ORIENTED_EDGE('',*,*,#10419,.T.);
#10419 = EDGE_CURVE('',#10397,#10420,#10422,.T.);
#10420 = VERTEX_POINT('',#10421);
#10421 = CARTESIAN_POINT('',(69.85,1.478440688982E+03,2.036391596082E+03));
#10422 = SURFACE_CURVE('',#10423,(#10427,#10434),.PCURVE_S1.);
#10423 = LINE('',#10424,#10425);
#10424 = CARTESIAN_POINT('',(69.85,796.79656829029,1.224039766377E+03));
#10425 = VECTOR('',#10426,1.);
#10426 = DIRECTION('',(0.,0.642787609687,0.766044443119));
#10427 = PCURVE('',#10377,#10428);
#10428 = DEFINITIONAL_REPRESENTATION('',(#10429),#10433);
#10429 = LINE('',#10430,#10431);
#10430 = CARTESIAN_POINT('',(-1.314504061156E-13,-38.1));
#10431 = VECTOR('',#10432,1.);
#10432 = DIRECTION('',(1.,0.));
#10433 =(GEOMETRIC_REPRESENTATION_CONTEXT(2)PARAMETRIC_REPRESENTATION_CONTEXT()REPRESENTATION_CONTEXT('2D SPACE',''));
#10434 = PCURVE('',#10325,#10435);
#10435 = DEFINITIONAL_REPRESENTATION('',(#10436),#10440);
#10436 = LINE('',#10437,#10438);
#10437 = CARTESIAN_POINT('',(0.,139.7));
#10438 = VECTOR('',#10439,1.);
#10439 = DIRECTION('',(1.,0.));
#10440 =(GEOMETRIC_REPRESENTATION_CONTEXT(2)PARAMETRIC_REPRESENTATION_CONTEXT()REPRESENTATION_CONTEXT('2D SPACE',''));
#10441 = ORIENTED_EDGE('',*,*,#10442,.F.);
#10442 = EDGE_CURVE('',#10369,#10420,#10443,.T.);
#10443 = SURFACE_CURVE('',#10444,(#10448,#10455),.PCURVE_S1.);
#10444 = LINE('',#10445,#10446);
#10445 = CARTESIAN_POINT('',(69.85,1.4492543957E+03,2.060881804011E+03));
#10446 = VECTOR('',#10447,1.);
#10447 = DIRECTION('',(0.,0.766044443119,-0.642787609687));
#10448 = PCURVE('',#10377,#10449);
#10449 = DEFINITIONAL_REPRESENTATION('',(#10450),#10454);
#10450 = LINE('',#10451,#10452);
#10451 = CARTESIAN_POINT('',(1.06045E+03,-3.410605131648E-13));
#10452 = VECTOR('',#10453,1.);
#10453 = DIRECTION('',(0.,-1.));
#10454 =(GEOMETRIC_REPRESENTATION_CONTEXT(2)PARAMETRIC_REPRESENTATION_CONTEXT()REPRESENTATION_CONTEXT('2D SPACE',''));
#10455 = PCURVE('',#10351,#10456);
#10456 = DEFINITIONAL_REPRESENTATION('',(#10457),#10461);
#10457 = LINE('',#10458,#10459);
#10458 = CARTESIAN_POINT('',(139.7,0.));
#10459 = VECTOR('',#10460,1.);
#10460 = DIRECTION('',(0.,1.));
#10461 =(GEOMETRIC_REPRESENTATION_CONTEXT(2)PARAMETRIC_REPRESENTATION_CONTEXT()REPRESENTATION_CONTEXT('2D SPACE',''));
#10462 = ADVANCED_FACE('',(#10463),#10269,.F.);
#10463 = FACE_BOUND('',#10464,.F.);
#10464 = EDGE_LOOP('',(#10465,#10486,#10487,#10508));
#10465 = ORIENTED_EDGE('',*,*,#10466,.F.);
#10466 = EDGE_CURVE('',#10247,#10367,#10467,.T.);
#10467 = SURFACE_CURVE('',#10468,(#10472,#10479),.PCURVE_S1.);
#10468 = LINE('',#10469,#10470);
#10469 = CARTESIAN_POINT('',(-69.85,767.61027500745,1.248529974306E+03));
#10470 = VECTOR('',#10471,1.);
#10471 = DIRECTION('',(1.,0.,0.));
#10472 = PCURVE('',#10269,#10473);
#10473 = DEFINITIONAL_REPRESENTATION('',(#10474),#10478);
#10474 = LINE('',#10475,#10476);
#10475 = CARTESIAN_POINT('',(0.,0.));
#10476 = VECTOR('',#10477,1.);
#10477 = DIRECTION('',(0.,1.));
#10478 =(GEOMETRIC_REPRESENTATION_CONTEXT(2)PARAMETRIC_REPRESENTATION_CONTEXT()REPRESENTATION_CONTEXT('2D SPACE',''));
#10479 = PCURVE('',#10297,#10480);
#10480 = DEFINITIONAL_REPRESENTATION('',(#10481),#10485);
#10481 = LINE('',#10482,#10483);
#10482 = CARTESIAN_POINT('',(0.,0.));
#10483 = VECTOR('',#10484,1.);
#10484 = DIRECTION('',(1.,0.));
#10485 =(GEOMETRIC_REPRESENTATION_CONTEXT(2)PARAMETRIC_REPRESENTATION_CONTEXT()REPRESENTATION_CONTEXT('2D SPACE',''));
#10486 = ORIENTED_EDGE('',*,*,#10246,.T.);
#10487 = ORIENTED_EDGE('',*,*,#10488,.T.);
#10488 = EDGE_CURVE('',#10249,#10369,#10489,.T.);
#10489 = SURFACE_CURVE('',#10490,(#10494,#10501),.PCURVE_S1.);
#10490 = LINE('',#10491,#10492);
#10491 = CARTESIAN_POINT('',(-69.85,1.4492543957E+03,2.060881804011E+03));
#10492 = VECTOR('',#10493,1.);
#10493 = DIRECTION('',(1.,0.,0.));
#10494 = PCURVE('',#10269,#10495);
#10495 = DEFINITIONAL_REPRESENTATION('',(#10496),#10500);
#10496 = LINE('',#10497,#10498);
#10497 = CARTESIAN_POINT('',(1.06045E+03,0.));
#10498 = VECTOR('',#10499,1.);
#10499 = DIRECTION('',(0.,1.));
#10500 =(GEOMETRIC_REPRESENTATION_CONTEXT(2)PARAMETRIC_REPRESENTATION_CONTEXT()REPRESENTATION_CONTEXT('2D SPACE',''));
#10501 = PCURVE('',#10351,#10502);
#10502 = DEFINITIONAL_REPRESENTATION('',(#10503),#10507);
#10503 = LINE('',#10504,#10505);
#10504 = CARTESIAN_POINT('',(0.,0.));
#10505 = VECTOR('',#10506,1.);
#10506 = DIRECTION('',(1.,0.));
#10507 =(GEOMETRIC_REPRESENTATION_CONTEXT(2)PARAMETRIC_REPRESENTATION_CONTEXT()REPRESENTATION_CONTEXT('2D SPACE',''));
#10508 = ORIENTED_EDGE('',*,*,#10366,.F.);
#10509 = ADVANCED_FACE('',(#10510),#10325,.T.);
#10510 = FACE_BOUND('',#10511,.T.);
#10511 = EDGE_LOOP('',(#10512,#10533,#10534,#10555));
#10512 = ORIENTED_EDGE('',*,*,#10513,.F.);
#10513 = EDGE_CURVE('',#10282,#10397,#10514,.T.);
#10514 = SURFACE_CURVE('',#10515,(#10519,#10526),.PCURVE_S1.);
#10515 = LINE('',#10516,#10517);
#10516 = CARTESIAN_POINT('',(-69.85,796.79656829029,1.224039766377E+03));
#10517 = VECTOR('',#10518,1.);
#10518 = DIRECTION('',(1.,0.,0.));
#10519 = PCURVE('',#10325,#10520);
#10520 = DEFINITIONAL_REPRESENTATION('',(#10521),#10525);
#10521 = LINE('',#10522,#10523);
#10522 = CARTESIAN_POINT('',(0.,0.));
#10523 = VECTOR('',#10524,1.);
#10524 = DIRECTION('',(0.,1.));
#10525 =(GEOMETRIC_REPRESENTATION_CONTEXT(2)PARAMETRIC_REPRESENTATION_CONTEXT()REPRESENTATION_CONTEXT('2D SPACE',''));
#10526 = PCURVE('',#10297,#10527);
#10527 = DEFINITIONAL_REPRESENTATION('',(#10528),#10532);
#10528 = LINE('',#10529,#10530);
#10529 = CARTESIAN_POINT('',(0.,38.1));
#10530 = VECTOR('',#10531,1.);
#10531 = DIRECTION('',(1.,0.));
#10532 =(GEOMETRIC_REPRESENTATION_CONTEXT(2)PARAMETRIC_REPRESENTATION_CONTEXT()REPRESENTATION_CONTEXT('2D SPACE',''));
#10533 = ORIENTED_EDGE('',*,*,#10309,.T.);
#10534 = ORIENTED_EDGE('',*,*,#10535,.T.);
#10535 = EDGE_CURVE('',#10310,#10420,#10536,.T.);
#10536 = SURFACE_CURVE('',#10537,(#10541,#10548),.PCURVE_S1.);
#10537 = LINE('',#10538,#10539);
#10538 = CARTESIAN_POINT('',(-69.85,1.478440688982E+03,2.036391596082E+03));
#10539 = VECTOR('',#10540,1.);
#10540 = DIRECTION('',(1.,0.,0.));
#10541 = PCURVE('',#10325,#10542);
#10542 = DEFINITIONAL_REPRESENTATION('',(#10543),#10547);
#10543 = LINE('',#10544,#10545);
#10544 = CARTESIAN_POINT('',(1.06045E+03,0.));
#10545 = VECTOR('',#10546,1.);
#10546 = DIRECTION('',(0.,1.));
#10547 =(GEOMETRIC_REPRESENTATION_CONTEXT(2)PARAMETRIC_REPRESENTATION_CONTEXT()REPRESENTATION_CONTEXT('2D SPACE',''));
#10548 = PCURVE('',#10351,#10549);
#10549 = DEFINITIONAL_REPRESENTATION('',(#10550),#10554);
#10550 = LINE('',#10551,#10552);
#10551 = CARTESIAN_POINT('',(0.,38.1));
#10552 = VECTOR('',#10553,1.);
#10553 = DIRECTION('',(1.,0.));
#10554 =(GEOMETRIC_REPRESENTATION_CONTEXT(2)PARAMETRIC_REPRESENTATION_CONTEXT()REPRESENTATION_CONTEXT('2D SPACE',''));
#10555 = ORIENTED_EDGE('',*,*,#10419,.F.);
#10556 = ADVANCED_FACE('',(#10557),#10297,.F.);
#10557 = FACE_BOUND('',#10558,.F.);
#10558 = EDGE_LOOP('',(#10559,#10560,#10561,#10562));
#10559 = ORIENTED_EDGE('',*,*,#10281,.F.);
#10560 = ORIENTED_EDGE('',*,*,#10466,.T.);
#10561 = ORIENTED_EDGE('',*,*,#10396,.T.);
#10562 = ORIENTED_EDGE('',*,*,#10513,.F.);
#10563 = ADVANCED_FACE('',(#10564),#10351,.T.);
#10564 = FACE_BOUND('',#10565,.T.);
#10565 = EDGE_LOOP('',(#10566,#10567,#10568,#10569));
#10566 = ORIENTED_EDGE('',*,*,#10337,.F.);
#10567 = ORIENTED_EDGE('',*,*,#10488,.T.);
#10568 = ORIENTED_EDGE('',*,*,#10442,.T.);
#10569 = ORIENTED_EDGE('',*,*,#10535,.F.);
#10570 =(GEOMETRIC_REPRESENTATION_CONTEXT(3)GLOBAL_UNCERTAINTY_ASSIGNED_CONTEXT((#10574))GLOBAL_UNIT_ASSIGNED_CONTEXT((#10571,#10572,#10573))REPRESENTATION_CONTEXT('Context #1','3D Context with UNIT and UNCERTAINTY'));
#10571 =(LENGTH_UNIT()NAMED_UNIT(*)SI_UNIT(.MILLI.,.METRE.));
#10572 =(NAMED_UNIT(*)PLANE_ANGLE_UNIT()SI_UNIT($,.RADIAN.));
#10573 =(NAMED_UNIT(*)SI_UNIT($,.STERADIAN.)SOLID_ANGLE_UNIT());
#10574 = UNCERTAINTY_MEASURE_WITH_UNIT(LENGTH_MEASURE(1.E-07),#10571,'distance_accuracy_value','confusion accuracy');
#10575 = CONTEXT_DEPENDENT_SHAPE_REPRESENTATION(#10576,#10578);
#10576 =(REPRESENTATION_RELATIONSHIP('','',#10239,#10)REPRESENTATION_RELATIONSHIP_WITH_TRANSFORMATION(#10577)SHAPE_REPRESENTATION_RELATIONSHIP());
#10577 = ITEM_DEFINED_TRANSFORMATION('','',#11,#123);
#10578 = PRODUCT_DEFINITION_SHAPE('Placement','Placement of an item',#10579);
#10579 = NEXT_ASSEMBLY_USAGE_OCCURRENCE('28','panel_seam_vertical_upper','',#5,#10234,$);
#10580 = PRODUCT_RELATED_PRODUCT_CATEGORY('part',$,(#10236));
#10581 = SHAPE_DEFINITION_REPRESENTATION(#10582,#10588);
#10582 = PRODUCT_DEFINITION_SHAPE('','',#10583);
#10583 = PRODUCT_DEFINITION('design','',#10584,#10587);
#10584 = PRODUCT_DEFINITION_FORMATION('','',#10585);
#10585 = PRODUCT('mid_upper_left','mid_upper_left','',(#10586));
#10586 = PRODUCT_CONTEXT('',#2,'mechanical');
#10587 = PRODUCT_DEFINITION_CONTEXT('part definition',#2,'design');
#10588 = ADVANCED_BREP_SHAPE_REPRESENTATION('',(#11,#10589),#10919);
#10589 = MANIFOLD_SOLID_BREP('',#10590);
#10590 = CLOSED_SHELL('',(#10591,#10711,#10811,#10858,#10905,#10912));
#10591 = ADVANCED_FACE('',(#10592),#10606,.F.);
#10592 = FACE_BOUND('',#10593,.F.);
#10593 = EDGE_LOOP('',(#10594,#10629,#10657,#10685));
#10594 = ORIENTED_EDGE('',*,*,#10595,.F.);
#10595 = EDGE_CURVE('',#10596,#10598,#10600,.T.);
#10596 = VERTEX_POINT('',#10597);
#10597 = CARTESIAN_POINT('',(-563.65,767.61027500745,1.248529974306E+03));
#10598 = VERTEX_POINT('',#10599);
#10599 = CARTESIAN_POINT('',(-563.65,1.4492543957E+03,2.060881804011E+03));
#10600 = SURFACE_CURVE('',#10601,(#10605,#10617),.PCURVE_S1.);
#10601 = LINE('',#10602,#10603);
#10602 = CARTESIAN_POINT('',(-563.65,767.61027500745,1.248529974306E+03));
#10603 = VECTOR('',#10604,1.);
#10604 = DIRECTION('',(0.,0.642787609687,0.766044443119));
#10605 = PCURVE('',#10606,#10611);
#10606 = PLANE('',#10607);
#10607 = AXIS2_PLACEMENT_3D('',#10608,#10609,#10610);
#10608 = CARTESIAN_POINT('',(-563.65,767.61027500745,1.248529974306E+03));
#10609 = DIRECTION('',(1.,0.,0.));
#10610 = DIRECTION('',(0.,0.642787609687,0.766044443119));
#10611 = DEFINITIONAL_REPRESENTATION('',(#10612),#10616);
#10612 = LINE('',#10613,#10614);
#10613 = CARTESIAN_POINT('',(0.,0.));
#10614 = VECTOR('',#10615,1.);
#10615 = DIRECTION('',(1.,0.));
#10616 =(GEOMETRIC_REPRESENTATION_CONTEXT(2)PARAMETRIC_REPRESENTATION_CONTEXT()REPRESENTATION_CONTEXT('2D SPACE',''));
#10617 = PCURVE('',#10618,#10623);
#10618 = PLANE('',#10619);
#10619 = AXIS2_PLACEMENT_3D('',#10620,#10621,#10622);
#10620 = CARTESIAN_POINT('',(-563.65,767.61027500745,1.248529974306E+03));
#10621 = DIRECTION('',(0.,0.766044443119,-0.642787609687));
#10622 = DIRECTION('',(0.,0.642787609687,0.766044443119));
#10623 = DEFINITIONAL_REPRESENTATION('',(#10624),#10628);
#10624 = LINE('',#10625,#10626);
#10625 = CARTESIAN_POINT('',(0.,0.));
#10626 = VECTOR('',#10627,1.);
#10627 = DIRECTION('',(1.,0.));
#10628 =(GEOMETRIC_REPRESENTATION_CONTEXT(2)PARAMETRIC_REPRESENTATION_CONTEXT()REPRESENTATION_CONTEXT('2D SPACE',''));
#10629 = ORIENTED_EDGE('',*,*,#10630,.T.);
#10630 = EDGE_CURVE('',#10596,#10631,#10633,.T.);
#10631 = VERTEX_POINT('',#10632);
#10632 = CARTESIAN_POINT('',(-563.65,796.79656829029,1.224039766377E+03));
#10633 = SURFACE_CURVE('',#10634,(#10638,#10645),.PCURVE_S1.);
#10634 = LINE('',#10635,#10636);
#10635 = CARTESIAN_POINT('',(-563.65,767.61027500745,1.248529974306E+03));
#10636 = VECTOR('',#10637,1.);
#10637 = DIRECTION('',(0.,0.766044443119,-0.642787609687));
#10638 = PCURVE('',#10606,#10639);
#10639 = DEFINITIONAL_REPRESENTATION('',(#10640),#10644);
#10640 = LINE('',#10641,#10642);
#10641 = CARTESIAN_POINT('',(0.,0.));
#10642 = VECTOR('',#10643,1.);
#10643 = DIRECTION('',(0.,-1.));
#10644 =(GEOMETRIC_REPRESENTATION_CONTEXT(2)PARAMETRIC_REPRESENTATION_CONTEXT()REPRESENTATION_CONTEXT('2D SPACE',''));
#10645 = PCURVE('',#10646,#10651);
#10646 = PLANE('',#10647);
#10647 = AXIS2_PLACEMENT_3D('',#10648,#10649,#10650);
#10648 = CARTESIAN_POINT('',(-563.65,767.61027500745,1.248529974306E+03));
#10649 = DIRECTION('',(0.,0.642787609687,0.766044443119));
#10650 = DIRECTION('',(1.,0.,0.));
#10651 = DEFINITIONAL_REPRESENTATION('',(#10652),#10656);
#10652 = LINE('',#10653,#10654);
#10653 = CARTESIAN_POINT('',(0.,0.));
#10654 = VECTOR('',#10655,1.);
#10655 = DIRECTION('',(0.,1.));
#10656 =(GEOMETRIC_REPRESENTATION_CONTEXT(2)PARAMETRIC_REPRESENTATION_CONTEXT()REPRESENTATION_CONTEXT('2D SPACE',''));
#10657 = ORIENTED_EDGE('',*,*,#10658,.T.);
#10658 = EDGE_CURVE('',#10631,#10659,#10661,.T.);
#10659 = VERTEX_POINT('',#10660);
#10660 = CARTESIAN_POINT('',(-563.65,1.478440688982E+03,2.036391596082E+03));
#10661 = SURFACE_CURVE('',#10662,(#10666,#10673),.PCURVE_S1.);
#10662 = LINE('',#10663,#10664);
#10663 = CARTESIAN_POINT('',(-563.65,796.79656829029,1.224039766377E+03));
#10664 = VECTOR('',#10665,1.);
#10665 = DIRECTION('',(0.,0.642787609687,0.766044443119));
#10666 = PCURVE('',#10606,#10667);
#10667 = DEFINITIONAL_REPRESENTATION('',(#10668),#10672);
#10668 = LINE('',#10669,#10670);
#10669 = CARTESIAN_POINT('',(-1.314504061156E-13,-38.1));
#10670 = VECTOR('',#10671,1.);
#10671 = DIRECTION('',(1.,0.));
#10672 =(GEOMETRIC_REPRESENTATION_CONTEXT(2)PARAMETRIC_REPRESENTATION_CONTEXT()REPRESENTATION_CONTEXT('2D SPACE',''));
#10673 = PCURVE('',#10674,#10679);
#10674 = PLANE('',#10675);
#10675 = AXIS2_PLACEMENT_3D('',#10676,#10677,#10678);
#10676 = CARTESIAN_POINT('',(-563.65,796.79656829029,1.224039766377E+03));
#10677 = DIRECTION('',(0.,0.766044443119,-0.642787609687));
#10678 = DIRECTION('',(0.,0.642787609687,0.766044443119));
#10679 = DEFINITIONAL_REPRESENTATION('',(#10680),#10684);
#10680 = LINE('',#10681,#10682);
#10681 = CARTESIAN_POINT('',(0.,0.));
#10682 = VECTOR('',#10683,1.);
#10683 = DIRECTION('',(1.,0.));
#10684 =(GEOMETRIC_REPRESENTATION_CONTEXT(2)PARAMETRIC_REPRESENTATION_CONTEXT()REPRESENTATION_CONTEXT('2D SPACE',''));
#10685 = ORIENTED_EDGE('',*,*,#10686,.F.);
#10686 = EDGE_CURVE('',#10598,#10659,#10687,.T.);
#10687 = SURFACE_CURVE('',#10688,(#10692,#10699),.PCURVE_S1.);
#10688 = LINE('',#10689,#10690);
#10689 = CARTESIAN_POINT('',(-563.65,1.4492543957E+03,2.060881804011E+03));
#10690 = VECTOR('',#10691,1.);
#10691 = DIRECTION('',(0.,0.766044443119,-0.642787609687));
#10692 = PCURVE('',#10606,#10693);
#10693 = DEFINITIONAL_REPRESENTATION('',(#10694),#10698);
#10694 = LINE('',#10695,#10696);
#10695 = CARTESIAN_POINT('',(1.06045E+03,-3.410605131648E-13));
#10696 = VECTOR('',#10697,1.);
#10697 = DIRECTION('',(0.,-1.));
#10698 =(GEOMETRIC_REPRESENTATION_CONTEXT(2)PARAMETRIC_REPRESENTATION_CONTEXT()REPRESENTATION_CONTEXT('2D SPACE',''));
#10699 = PCURVE('',#10700,#10705);
#10700 = PLANE('',#10701);
#10701 = AXIS2_PLACEMENT_3D('',#10702,#10703,#10704);
#10702 = CARTESIAN_POINT('',(-563.65,1.4492543957E+03,2.060881804011E+03));
#10703 = DIRECTION('',(0.,0.642787609687,0.766044443119));
#10704 = DIRECTION('',(1.,0.,0.));
#10705 = DEFINITIONAL_REPRESENTATION('',(#10706),#10710);
#10706 = LINE('',#10707,#10708);
#10707 = CARTESIAN_POINT('',(0.,0.));
#10708 = VECTOR('',#10709,1.);
#10709 = DIRECTION('',(0.,1.));
#10710 =(GEOMETRIC_REPRESENTATION_CONTEXT(2)PARAMETRIC_REPRESENTATION_CONTEXT()REPRESENTATION_CONTEXT('2D SPACE',''));
#10711 = ADVANCED_FACE('',(#10712),#10726,.T.);
#10712 = FACE_BOUND('',#10713,.T.);
#10713 = EDGE_LOOP('',(#10714,#10744,#10767,#10790));
#10714 = ORIENTED_EDGE('',*,*,#10715,.F.);
#10715 = EDGE_CURVE('',#10716,#10718,#10720,.T.);
#10716 = VERTEX_POINT('',#10717);
#10717 = CARTESIAN_POINT('',(-474.75,767.61027500745,1.248529974306E+03));
#10718 = VERTEX_POINT('',#10719);
#10719 = CARTESIAN_POINT('',(-474.75,1.4492543957E+03,2.060881804011E+03));
#10720 = SURFACE_CURVE('',#10721,(#10725,#10737),.PCURVE_S1.);
#10721 = LINE('',#10722,#10723);
#10722 = CARTESIAN_POINT('',(-474.75,767.61027500745,1.248529974306E+03));
#10723 = VECTOR('',#10724,1.);
#10724 = DIRECTION('',(0.,0.642787609687,0.766044443119));
#10725 = PCURVE('',#10726,#10731);
#10726 = PLANE('',#10727);
#10727 = AXIS2_PLACEMENT_3D('',#10728,#10729,#10730);
#10728 = CARTESIAN_POINT('',(-474.75,767.61027500745,1.248529974306E+03));
#10729 = DIRECTION('',(1.,0.,0.));
#10730 = DIRECTION('',(0.,0.642787609687,0.766044443119));
#10731 = DEFINITIONAL_REPRESENTATION('',(#10732),#10736);
#10732 = LINE('',#10733,#10734);
#10733 = CARTESIAN_POINT('',(0.,0.));
#10734 = VECTOR('',#10735,1.);
#10735 = DIRECTION('',(1.,0.));
#10736 =(GEOMETRIC_REPRESENTATION_CONTEXT(2)PARAMETRIC_REPRESENTATION_CONTEXT()REPRESENTATION_CONTEXT('2D SPACE',''));
#10737 = PCURVE('',#10618,#10738);
#10738 = DEFINITIONAL_REPRESENTATION('',(#10739),#10743);
#10739 = LINE('',#10740,#10741);
#10740 = CARTESIAN_POINT('',(0.,88.9));
#10741 = VECTOR('',#10742,1.);
#10742 = DIRECTION('',(1.,0.));
#10743 =(GEOMETRIC_REPRESENTATION_CONTEXT(2)PARAMETRIC_REPRESENTATION_CONTEXT()REPRESENTATION_CONTEXT('2D SPACE',''));
#10744 = ORIENTED_EDGE('',*,*,#10745,.T.);
#10745 = EDGE_CURVE('',#10716,#10746,#10748,.T.);
#10746 = VERTEX_POINT('',#10747);
#10747 = CARTESIAN_POINT('',(-474.75,796.79656829029,1.224039766377E+03));
#10748 = SURFACE_CURVE('',#10749,(#10753,#10760),.PCURVE_S1.);
#10749 = LINE('',#10750,#10751);
#10750 = CARTESIAN_POINT('',(-474.75,767.61027500745,1.248529974306E+03));
#10751 = VECTOR('',#10752,1.);
#10752 = DIRECTION('',(0.,0.766044443119,-0.642787609687));
#10753 = PCURVE('',#10726,#10754);
#10754 = DEFINITIONAL_REPRESENTATION('',(#10755),#10759);
#10755 = LINE('',#10756,#10757);
#10756 = CARTESIAN_POINT('',(0.,0.));
#10757 = VECTOR('',#10758,1.);
#10758 = DIRECTION('',(0.,-1.));
#10759 =(GEOMETRIC_REPRESENTATION_CONTEXT(2)PARAMETRIC_REPRESENTATION_CONTEXT()REPRESENTATION_CONTEXT('2D SPACE',''));
#10760 = PCURVE('',#10646,#10761);
#10761 = DEFINITIONAL_REPRESENTATION('',(#10762),#10766);
#10762 = LINE('',#10763,#10764);
#10763 = CARTESIAN_POINT('',(88.9,0.));
#10764 = VECTOR('',#10765,1.);
#10765 = DIRECTION('',(0.,1.));
#10766 =(GEOMETRIC_REPRESENTATION_CONTEXT(2)PARAMETRIC_REPRESENTATION_CONTEXT()REPRESENTATION_CONTEXT('2D SPACE',''));
#10767 = ORIENTED_EDGE('',*,*,#10768,.T.);
#10768 = EDGE_CURVE('',#10746,#10769,#10771,.T.);
#10769 = VERTEX_POINT('',#10770);
#10770 = CARTESIAN_POINT('',(-474.75,1.478440688982E+03,2.036391596082E+03));
#10771 = SURFACE_CURVE('',#10772,(#10776,#10783),.PCURVE_S1.);
#10772 = LINE('',#10773,#10774);
#10773 = CARTESIAN_POINT('',(-474.75,796.79656829029,1.224039766377E+03));
#10774 = VECTOR('',#10775,1.);
#10775 = DIRECTION('',(0.,0.642787609687,0.766044443119));
#10776 = PCURVE('',#10726,#10777);
#10777 = DEFINITIONAL_REPRESENTATION('',(#10778),#10782);
#10778 = LINE('',#10779,#10780);
#10779 = CARTESIAN_POINT('',(-1.314504061156E-13,-38.1));
#10780 = VECTOR('',#10781,1.);
#10781 = DIRECTION('',(1.,0.));
#10782 =(GEOMETRIC_REPRESENTATION_CONTEXT(2)PARAMETRIC_REPRESENTATION_CONTEXT()REPRESENTATION_CONTEXT('2D SPACE',''));
#10783 = PCURVE('',#10674,#10784);
#10784 = DEFINITIONAL_REPRESENTATION('',(#10785),#10789);
#10785 = LINE('',#10786,#10787);
#10786 = CARTESIAN_POINT('',(0.,88.9));
#10787 = VECTOR('',#10788,1.);
#10788 = DIRECTION('',(1.,0.));
#10789 =(GEOMETRIC_REPRESENTATION_CONTEXT(2)PARAMETRIC_REPRESENTATION_CONTEXT()REPRESENTATION_CONTEXT('2D SPACE',''));
#10790 = ORIENTED_EDGE('',*,*,#10791,.F.);
#10791 = EDGE_CURVE('',#10718,#10769,#10792,.T.);
#10792 = SURFACE_CURVE('',#10793,(#10797,#10804),.PCURVE_S1.);
#10793 = LINE('',#10794,#10795);
#10794 = CARTESIAN_POINT('',(-474.75,1.4492543957E+03,2.060881804011E+03));
#10795 = VECTOR('',#10796,1.);
#10796 = DIRECTION('',(0.,0.766044443119,-0.642787609687));
#10797 = PCURVE('',#10726,#10798);
#10798 = DEFINITIONAL_REPRESENTATION('',(#10799),#10803);
#10799 = LINE('',#10800,#10801);
#10800 = CARTESIAN_POINT('',(1.06045E+03,-3.410605131648E-13));
#10801 = VECTOR('',#10802,1.);
#10802 = DIRECTION('',(0.,-1.));
#10803 =(GEOMETRIC_REPRESENTATION_CONTEXT(2)PARAMETRIC_REPRESENTATION_CONTEXT()REPRESENTATION_CONTEXT('2D SPACE',''));
#10804 = PCURVE('',#10700,#10805);
#10805 = DEFINITIONAL_REPRESENTATION('',(#10806),#10810);
#10806 = LINE('',#10807,#10808);
#10807 = CARTESIAN_POINT('',(88.9,0.));
#10808 = VECTOR('',#10809,1.);
#10809 = DIRECTION('',(0.,1.));
#10810 =(GEOMETRIC_REPRESENTATION_CONTEXT(2)PARAMETRIC_REPRESENTATION_CONTEXT()REPRESENTATION_CONTEXT('2D SPACE',''));
#10811 = ADVANCED_FACE('',(#10812),#10618,.F.);
#10812 = FACE_BOUND('',#10813,.F.);
#10813 = EDGE_LOOP('',(#10814,#10835,#10836,#10857));
#10814 = ORIENTED_EDGE('',*,*,#10815,.F.);
#10815 = EDGE_CURVE('',#10596,#10716,#10816,.T.);
#10816 = SURFACE_CURVE('',#10817,(#10821,#10828),.PCURVE_S1.);
#10817 = LINE('',#10818,#10819);
#10818 = CARTESIAN_POINT('',(-563.65,767.61027500745,1.248529974306E+03));
#10819 = VECTOR('',#10820,1.);
#10820 = DIRECTION('',(1.,0.,0.));
#10821 = PCURVE('',#10618,#10822);
#10822 = DEFINITIONAL_REPRESENTATION('',(#10823),#10827);
#10823 = LINE('',#10824,#10825);
#10824 = CARTESIAN_POINT('',(0.,0.));
#10825 = VECTOR('',#10826,1.);
#10826 = DIRECTION('',(0.,1.));
#10827 =(GEOMETRIC_REPRESENTATION_CONTEXT(2)PARAMETRIC_REPRESENTATION_CONTEXT()REPRESENTATION_CONTEXT('2D SPACE',''));
#10828 = PCURVE('',#10646,#10829);
#10829 = DEFINITIONAL_REPRESENTATION('',(#10830),#10834);
#10830 = LINE('',#10831,#10832);
#10831 = CARTESIAN_POINT('',(0.,0.));
#10832 = VECTOR('',#10833,1.);
#10833 = DIRECTION('',(1.,0.));
#10834 =(GEOMETRIC_REPRESENTATION_CONTEXT(2)PARAMETRIC_REPRESENTATION_CONTEXT()REPRESENTATION_CONTEXT('2D SPACE',''));
#10835 = ORIENTED_EDGE('',*,*,#10595,.T.);
#10836 = ORIENTED_EDGE('',*,*,#10837,.T.);
#10837 = EDGE_CURVE('',#10598,#10718,#10838,.T.);
#10838 = SURFACE_CURVE('',#10839,(#10843,#10850),.PCURVE_S1.);
#10839 = LINE('',#10840,#10841);
#10840 = CARTESIAN_POINT('',(-563.65,1.4492543957E+03,2.060881804011E+03));
#10841 = VECTOR('',#10842,1.);
#10842 = DIRECTION('',(1.,0.,0.));
#10843 = PCURVE('',#10618,#10844);
#10844 = DEFINITIONAL_REPRESENTATION('',(#10845),#10849);
#10845 = LINE('',#10846,#10847);
#10846 = CARTESIAN_POINT('',(1.06045E+03,0.));
#10847 = VECTOR('',#10848,1.);
#10848 = DIRECTION('',(0.,1.));
#10849 =(GEOMETRIC_REPRESENTATION_CONTEXT(2)PARAMETRIC_REPRESENTATION_CONTEXT()REPRESENTATION_CONTEXT('2D SPACE',''));
#10850 = PCURVE('',#10700,#10851);
#10851 = DEFINITIONAL_REPRESENTATION('',(#10852),#10856);
#10852 = LINE('',#10853,#10854);
#10853 = CARTESIAN_POINT('',(0.,0.));
#10854 = VECTOR('',#10855,1.);
#10855 = DIRECTION('',(1.,0.));
#10856 =(GEOMETRIC_REPRESENTATION_CONTEXT(2)PARAMETRIC_REPRESENTATION_CONTEXT()REPRESENTATION_CONTEXT('2D SPACE',''));
#10857 = ORIENTED_EDGE('',*,*,#10715,.F.);
#10858 = ADVANCED_FACE('',(#10859),#10674,.T.);
#10859 = FACE_BOUND('',#10860,.T.);
#10860 = EDGE_LOOP('',(#10861,#10882,#10883,#10904));
#10861 = ORIENTED_EDGE('',*,*,#10862,.F.);
#10862 = EDGE_CURVE('',#10631,#10746,#10863,.T.);
#10863 = SURFACE_CURVE('',#10864,(#10868,#10875),.PCURVE_S1.);
#10864 = LINE('',#10865,#10866);
#10865 = CARTESIAN_POINT('',(-563.65,796.79656829029,1.224039766377E+03));
#10866 = VECTOR('',#10867,1.);
#10867 = DIRECTION('',(1.,0.,0.));
#10868 = PCURVE('',#10674,#10869);
#10869 = DEFINITIONAL_REPRESENTATION('',(#10870),#10874);
#10870 = LINE('',#10871,#10872);
#10871 = CARTESIAN_POINT('',(0.,0.));
#10872 = VECTOR('',#10873,1.);
#10873 = DIRECTION('',(0.,1.));
#10874 =(GEOMETRIC_REPRESENTATION_CONTEXT(2)PARAMETRIC_REPRESENTATION_CONTEXT()REPRESENTATION_CONTEXT('2D SPACE',''));
#10875 = PCURVE('',#10646,#10876);
#10876 = DEFINITIONAL_REPRESENTATION('',(#10877),#10881);
#10877 = LINE('',#10878,#10879);
#10878 = CARTESIAN_POINT('',(0.,38.1));
#10879 = VECTOR('',#10880,1.);
#10880 = DIRECTION('',(1.,0.));
#10881 =(GEOMETRIC_REPRESENTATION_CONTEXT(2)PARAMETRIC_REPRESENTATION_CONTEXT()REPRESENTATION_CONTEXT('2D SPACE',''));
#10882 = ORIENTED_EDGE('',*,*,#10658,.T.);
#10883 = ORIENTED_EDGE('',*,*,#10884,.T.);
#10884 = EDGE_CURVE('',#10659,#10769,#10885,.T.);
#10885 = SURFACE_CURVE('',#10886,(#10890,#10897),.PCURVE_S1.);
#10886 = LINE('',#10887,#10888);
#10887 = CARTESIAN_POINT('',(-563.65,1.478440688982E+03,2.036391596082E+03));
#10888 = VECTOR('',#10889,1.);
#10889 = DIRECTION('',(1.,0.,0.));
#10890 = PCURVE('',#10674,#10891);
#10891 = DEFINITIONAL_REPRESENTATION('',(#10892),#10896);
#10892 = LINE('',#10893,#10894);
#10893 = CARTESIAN_POINT('',(1.06045E+03,0.));
#10894 = VECTOR('',#10895,1.);
#10895 = DIRECTION('',(0.,1.));
#10896 =(GEOMETRIC_REPRESENTATION_CONTEXT(2)PARAMETRIC_REPRESENTATION_CONTEXT()REPRESENTATION_CONTEXT('2D SPACE',''));
#10897 = PCURVE('',#10700,#10898);
#10898 = DEFINITIONAL_REPRESENTATION('',(#10899),#10903);
#10899 = LINE('',#10900,#10901);
#10900 = CARTESIAN_POINT('',(0.,38.1));
#10901 = VECTOR('',#10902,1.);
#10902 = DIRECTION('',(1.,0.));
#10903 =(GEOMETRIC_REPRESENTATION_CONTEXT(2)PARAMETRIC_REPRESENTATION_CONTEXT()REPRESENTATION_CONTEXT('2D SPACE',''));
#10904 = ORIENTED_EDGE('',*,*,#10768,.F.);
#10905 = ADVANCED_FACE('',(#10906),#10646,.F.);
#10906 = FACE_BOUND('',#10907,.F.);
#10907 = EDGE_LOOP('',(#10908,#10909,#10910,#10911));
#10908 = ORIENTED_EDGE('',*,*,#10630,.F.);
#10909 = ORIENTED_EDGE('',*,*,#10815,.T.);
#10910 = ORIENTED_EDGE('',*,*,#10745,.T.);
#10911 = ORIENTED_EDGE('',*,*,#10862,.F.);
#10912 = ADVANCED_FACE('',(#10913),#10700,.T.);
#10913 = FACE_BOUND('',#10914,.T.);
#10914 = EDGE_LOOP('',(#10915,#10916,#10917,#10918));
#10915 = ORIENTED_EDGE('',*,*,#10686,.F.);
#10916 = ORIENTED_EDGE('',*,*,#10837,.T.);
#10917 = ORIENTED_EDGE('',*,*,#10791,.T.);
#10918 = ORIENTED_EDGE('',*,*,#10884,.F.);
#10919 =(GEOMETRIC_REPRESENTATION_CONTEXT(3)GLOBAL_UNCERTAINTY_ASSIGNED_CONTEXT((#10923))GLOBAL_UNIT_ASSIGNED_CONTEXT((#10920,#10921,#10922))REPRESENTATION_CONTEXT('Context #1','3D Context with UNIT and UNCERTAINTY'));
#10920 =(LENGTH_UNIT()NAMED_UNIT(*)SI_UNIT(.MILLI.,.METRE.));
#10921 =(NAMED_UNIT(*)PLANE_ANGLE_UNIT()SI_UNIT($,.RADIAN.));
#10922 =(NAMED_UNIT(*)SI_UNIT($,.STERADIAN.)SOLID_ANGLE_UNIT());
#10923 = UNCERTAINTY_MEASURE_WITH_UNIT(LENGTH_MEASURE(1.E-07),#10920,'distance_accuracy_value','confusion accuracy');
#10924 = CONTEXT_DEPENDENT_SHAPE_REPRESENTATION(#10925,#10927);
#10925 =(REPRESENTATION_RELATIONSHIP('','',#10588,#10)REPRESENTATION_RELATIONSHIP_WITH_TRANSFORMATION(#10926)SHAPE_REPRESENTATION_RELATIONSHIP());
#10926 = ITEM_DEFINED_TRANSFORMATION('','',#11,#127);
#10927 = PRODUCT_DEFINITION_SHAPE('Placement','Placement of an item',#10928);
#10928 = NEXT_ASSEMBLY_USAGE_OCCURRENCE('29','mid_upper_left','',#5,#10583,$);
#10929 = PRODUCT_RELATED_PRODUCT_CATEGORY('part',$,(#10585));
#10930 = SHAPE_DEFINITION_REPRESENTATION(#10931,#10937);
#10931 = PRODUCT_DEFINITION_SHAPE('','',#10932);
#10932 = PRODUCT_DEFINITION('design','',#10933,#10936);
#10933 = PRODUCT_DEFINITION_FORMATION('','',#10934);
#10934 = PRODUCT('mid_upper_right','mid_upper_right','',(#10935));
#10935 = PRODUCT_CONTEXT('',#2,'mechanical');
#10936 = PRODUCT_DEFINITION_CONTEXT('part definition',#2,'design');
#10937 = ADVANCED_BREP_SHAPE_REPRESENTATION('',(#11,#10938),#11268);
#10938 = MANIFOLD_SOLID_BREP('',#10939);
#10939 = CLOSED_SHELL('',(#10940,#11060,#11160,#11207,#11254,#11261));
#10940 = ADVANCED_FACE('',(#10941),#10955,.F.);
#10941 = FACE_BOUND('',#10942,.F.);
#10942 = EDGE_LOOP('',(#10943,#10978,#11006,#11034));
#10943 = ORIENTED_EDGE('',*,*,#10944,.F.);
#10944 = EDGE_CURVE('',#10945,#10947,#10949,.T.);
#10945 = VERTEX_POINT('',#10946);
#10946 = CARTESIAN_POINT('',(636.35,767.61027500745,1.248529974306E+03));
#10947 = VERTEX_POINT('',#10948);
#10948 = CARTESIAN_POINT('',(636.35,1.4492543957E+03,2.060881804011E+03));
#10949 = SURFACE_CURVE('',#10950,(#10954,#10966),.PCURVE_S1.);
#10950 = LINE('',#10951,#10952);
#10951 = CARTESIAN_POINT('',(636.35,767.61027500745,1.248529974306E+03));
#10952 = VECTOR('',#10953,1.);
#10953 = DIRECTION('',(0.,0.642787609687,0.766044443119));
#10954 = PCURVE('',#10955,#10960);
#10955 = PLANE('',#10956);
#10956 = AXIS2_PLACEMENT_3D('',#10957,#10958,#10959);
#10957 = CARTESIAN_POINT('',(636.35,767.61027500745,1.248529974306E+03));
#10958 = DIRECTION('',(1.,0.,0.));
#10959 = DIRECTION('',(0.,0.642787609687,0.766044443119));
#10960 = DEFINITIONAL_REPRESENTATION('',(#10961),#10965);
#10961 = LINE('',#10962,#10963);
#10962 = CARTESIAN_POINT('',(0.,0.));
#10963 = VECTOR('',#10964,1.);
#10964 = DIRECTION('',(1.,0.));
#10965 =(GEOMETRIC_REPRESENTATION_CONTEXT(2)PARAMETRIC_REPRESENTATION_CONTEXT()REPRESENTATION_CONTEXT('2D SPACE',''));
#10966 = PCURVE('',#10967,#10972);
#10967 = PLANE('',#10968);
#10968 = AXIS2_PLACEMENT_3D('',#10969,#10970,#10971);
#10969 = CARTESIAN_POINT('',(636.35,767.61027500745,1.248529974306E+03));
#10970 = DIRECTION('',(0.,0.766044443119,-0.642787609687));
#10971 = DIRECTION('',(0.,0.642787609687,0.766044443119));
#10972 = DEFINITIONAL_REPRESENTATION('',(#10973),#10977);
#10973 = LINE('',#10974,#10975);
#10974 = CARTESIAN_POINT('',(0.,0.));
#10975 = VECTOR('',#10976,1.);
#10976 = DIRECTION('',(1.,0.));
#10977 =(GEOMETRIC_REPRESENTATION_CONTEXT(2)PARAMETRIC_REPRESENTATION_CONTEXT()REPRESENTATION_CONTEXT('2D SPACE',''));
#10978 = ORIENTED_EDGE('',*,*,#10979,.T.);
#10979 = EDGE_CURVE('',#10945,#10980,#10982,.T.);
#10980 = VERTEX_POINT('',#10981);
#10981 = CARTESIAN_POINT('',(636.35,796.79656829029,1.224039766377E+03));
#10982 = SURFACE_CURVE('',#10983,(#10987,#10994),.PCURVE_S1.);
#10983 = LINE('',#10984,#10985);
#10984 = CARTESIAN_POINT('',(636.35,767.61027500745,1.248529974306E+03));
#10985 = VECTOR('',#10986,1.);
#10986 = DIRECTION('',(0.,0.766044443119,-0.642787609687));
#10987 = PCURVE('',#10955,#10988);
#10988 = DEFINITIONAL_REPRESENTATION('',(#10989),#10993);
#10989 = LINE('',#10990,#10991);
#10990 = CARTESIAN_POINT('',(0.,0.));
#10991 = VECTOR('',#10992,1.);
#10992 = DIRECTION('',(0.,-1.));
#10993 =(GEOMETRIC_REPRESENTATION_CONTEXT(2)PARAMETRIC_REPRESENTATION_CONTEXT()REPRESENTATION_CONTEXT('2D SPACE',''));
#10994 = PCURVE('',#10995,#11000);
#10995 = PLANE('',#10996);
#10996 = AXIS2_PLACEMENT_3D('',#10997,#10998,#10999);
#10997 = CARTESIAN_POINT('',(636.35,767.61027500745,1.248529974306E+03));
#10998 = DIRECTION('',(0.,0.642787609687,0.766044443119));
#10999 = DIRECTION('',(1.,0.,0.));
#11000 = DEFINITIONAL_REPRESENTATION('',(#11001),#11005);
#11001 = LINE('',#11002,#11003);
#11002 = CARTESIAN_POINT('',(0.,0.));
#11003 = VECTOR('',#11004,1.);
#11004 = DIRECTION('',(0.,1.));
#11005 =(GEOMETRIC_REPRESENTATION_CONTEXT(2)PARAMETRIC_REPRESENTATION_CONTEXT()REPRESENTATION_CONTEXT('2D SPACE',''));
#11006 = ORIENTED_EDGE('',*,*,#11007,.T.);
#11007 = EDGE_CURVE('',#10980,#11008,#11010,.T.);
#11008 = VERTEX_POINT('',#11009);
#11009 = CARTESIAN_POINT('',(636.35,1.478440688982E+03,2.036391596082E+03));
#11010 = SURFACE_CURVE('',#11011,(#11015,#11022),.PCURVE_S1.);
#11011 = LINE('',#11012,#11013);
#11012 = CARTESIAN_POINT('',(636.35,796.79656829029,1.224039766377E+03));
#11013 = VECTOR('',#11014,1.);
#11014 = DIRECTION('',(0.,0.642787609687,0.766044443119));
#11015 = PCURVE('',#10955,#11016);
#11016 = DEFINITIONAL_REPRESENTATION('',(#11017),#11021);
#11017 = LINE('',#11018,#11019);
#11018 = CARTESIAN_POINT('',(-1.314504061156E-13,-38.1));
#11019 = VECTOR('',#11020,1.);
#11020 = DIRECTION('',(1.,0.));
#11021 =(GEOMETRIC_REPRESENTATION_CONTEXT(2)PARAMETRIC_REPRESENTATION_CONTEXT()REPRESENTATION_CONTEXT('2D SPACE',''));
#11022 = PCURVE('',#11023,#11028);
#11023 = PLANE('',#11024);
#11024 = AXIS2_PLACEMENT_3D('',#11025,#11026,#11027);
#11025 = CARTESIAN_POINT('',(636.35,796.79656829029,1.224039766377E+03));
#11026 = DIRECTION('',(0.,0.766044443119,-0.642787609687));
#11027 = DIRECTION('',(0.,0.642787609687,0.766044443119));
#11028 = DEFINITIONAL_REPRESENTATION('',(#11029),#11033);
#11029 = LINE('',#11030,#11031);
#11030 = CARTESIAN_POINT('',(0.,0.));
#11031 = VECTOR('',#11032,1.);
#11032 = DIRECTION('',(1.,0.));
#11033 =(GEOMETRIC_REPRESENTATION_CONTEXT(2)PARAMETRIC_REPRESENTATION_CONTEXT()REPRESENTATION_CONTEXT('2D SPACE',''));
#11034 = ORIENTED_EDGE('',*,*,#11035,.F.);
#11035 = EDGE_CURVE('',#10947,#11008,#11036,.T.);
#11036 = SURFACE_CURVE('',#11037,(#11041,#11048),.PCURVE_S1.);
#11037 = LINE('',#11038,#11039);
#11038 = CARTESIAN_POINT('',(636.35,1.4492543957E+03,2.060881804011E+03));
#11039 = VECTOR('',#11040,1.);
#11040 = DIRECTION('',(0.,0.766044443119,-0.642787609687));
#11041 = PCURVE('',#10955,#11042);
#11042 = DEFINITIONAL_REPRESENTATION('',(#11043),#11047);
#11043 = LINE('',#11044,#11045);
#11044 = CARTESIAN_POINT('',(1.06045E+03,-3.410605131648E-13));
#11045 = VECTOR('',#11046,1.);
#11046 = DIRECTION('',(0.,-1.));
#11047 =(GEOMETRIC_REPRESENTATION_CONTEXT(2)PARAMETRIC_REPRESENTATION_CONTEXT()REPRESENTATION_CONTEXT('2D SPACE',''));
#11048 = PCURVE('',#11049,#11054);
#11049 = PLANE('',#11050);
#11050 = AXIS2_PLACEMENT_3D('',#11051,#11052,#11053);
#11051 = CARTESIAN_POINT('',(636.35,1.4492543957E+03,2.060881804011E+03));
#11052 = DIRECTION('',(0.,0.642787609687,0.766044443119));
#11053 = DIRECTION('',(1.,0.,0.));
#11054 = DEFINITIONAL_REPRESENTATION('',(#11055),#11059);
#11055 = LINE('',#11056,#11057);
#11056 = CARTESIAN_POINT('',(0.,0.));
#11057 = VECTOR('',#11058,1.);
#11058 = DIRECTION('',(0.,1.));
#11059 =(GEOMETRIC_REPRESENTATION_CONTEXT(2)PARAMETRIC_REPRESENTATION_CONTEXT()REPRESENTATION_CONTEXT('2D SPACE',''));
#11060 = ADVANCED_FACE('',(#11061),#11075,.T.);
#11061 = FACE_BOUND('',#11062,.T.);
#11062 = EDGE_LOOP('',(#11063,#11093,#11116,#11139));
#11063 = ORIENTED_EDGE('',*,*,#11064,.F.);
#11064 = EDGE_CURVE('',#11065,#11067,#11069,.T.);
#11065 = VERTEX_POINT('',#11066);
#11066 = CARTESIAN_POINT('',(725.25,767.61027500745,1.248529974306E+03));
#11067 = VERTEX_POINT('',#11068);
#11068 = CARTESIAN_POINT('',(725.25,1.4492543957E+03,2.060881804011E+03));
#11069 = SURFACE_CURVE('',#11070,(#11074,#11086),.PCURVE_S1.);
#11070 = LINE('',#11071,#11072);
#11071 = CARTESIAN_POINT('',(725.25,767.61027500745,1.248529974306E+03));
#11072 = VECTOR('',#11073,1.);
#11073 = DIRECTION('',(0.,0.642787609687,0.766044443119));
#11074 = PCURVE('',#11075,#11080);
#11075 = PLANE('',#11076);
#11076 = AXIS2_PLACEMENT_3D('',#11077,#11078,#11079);
#11077 = CARTESIAN_POINT('',(725.25,767.61027500745,1.248529974306E+03));
#11078 = DIRECTION('',(1.,0.,0.));
#11079 = DIRECTION('',(0.,0.642787609687,0.766044443119));
#11080 = DEFINITIONAL_REPRESENTATION('',(#11081),#11085);
#11081 = LINE('',#11082,#11083);
#11082 = CARTESIAN_POINT('',(0.,0.));
#11083 = VECTOR('',#11084,1.);
#11084 = DIRECTION('',(1.,0.));
#11085 =(GEOMETRIC_REPRESENTATION_CONTEXT(2)PARAMETRIC_REPRESENTATION_CONTEXT()REPRESENTATION_CONTEXT('2D SPACE',''));
#11086 = PCURVE('',#10967,#11087);
#11087 = DEFINITIONAL_REPRESENTATION('',(#11088),#11092);
#11088 = LINE('',#11089,#11090);
#11089 = CARTESIAN_POINT('',(0.,88.9));
#11090 = VECTOR('',#11091,1.);
#11091 = DIRECTION('',(1.,0.));
#11092 =(GEOMETRIC_REPRESENTATION_CONTEXT(2)PARAMETRIC_REPRESENTATION_CONTEXT()REPRESENTATION_CONTEXT('2D SPACE',''));
#11093 = ORIENTED_EDGE('',*,*,#11094,.T.);
#11094 = EDGE_CURVE('',#11065,#11095,#11097,.T.);
#11095 = VERTEX_POINT('',#11096);
#11096 = CARTESIAN_POINT('',(725.25,796.79656829029,1.224039766377E+03));
#11097 = SURFACE_CURVE('',#11098,(#11102,#11109),.PCURVE_S1.);
#11098 = LINE('',#11099,#11100);
#11099 = CARTESIAN_POINT('',(725.25,767.61027500745,1.248529974306E+03));
#11100 = VECTOR('',#11101,1.);
#11101 = DIRECTION('',(0.,0.766044443119,-0.642787609687));
#11102 = PCURVE('',#11075,#11103);
#11103 = DEFINITIONAL_REPRESENTATION('',(#11104),#11108);
#11104 = LINE('',#11105,#11106);
#11105 = CARTESIAN_POINT('',(0.,0.));
#11106 = VECTOR('',#11107,1.);
#11107 = DIRECTION('',(0.,-1.));
#11108 =(GEOMETRIC_REPRESENTATION_CONTEXT(2)PARAMETRIC_REPRESENTATION_CONTEXT()REPRESENTATION_CONTEXT('2D SPACE',''));
#11109 = PCURVE('',#10995,#11110);
#11110 = DEFINITIONAL_REPRESENTATION('',(#11111),#11115);
#11111 = LINE('',#11112,#11113);
#11112 = CARTESIAN_POINT('',(88.9,0.));
#11113 = VECTOR('',#11114,1.);
#11114 = DIRECTION('',(0.,1.));
#11115 =(GEOMETRIC_REPRESENTATION_CONTEXT(2)PARAMETRIC_REPRESENTATION_CONTEXT()REPRESENTATION_CONTEXT('2D SPACE',''));
#11116 = ORIENTED_EDGE('',*,*,#11117,.T.);
#11117 = EDGE_CURVE('',#11095,#11118,#11120,.T.);
#11118 = VERTEX_POINT('',#11119);
#11119 = CARTESIAN_POINT('',(725.25,1.478440688982E+03,2.036391596082E+03));
#11120 = SURFACE_CURVE('',#11121,(#11125,#11132),.PCURVE_S1.);
#11121 = LINE('',#11122,#11123);
#11122 = CARTESIAN_POINT('',(725.25,796.79656829029,1.224039766377E+03));
#11123 = VECTOR('',#11124,1.);
#11124 = DIRECTION('',(0.,0.642787609687,0.766044443119));
#11125 = PCURVE('',#11075,#11126);
#11126 = DEFINITIONAL_REPRESENTATION('',(#11127),#11131);
#11127 = LINE('',#11128,#11129);
#11128 = CARTESIAN_POINT('',(-1.314504061156E-13,-38.1));
#11129 = VECTOR('',#11130,1.);
#11130 = DIRECTION('',(1.,0.));
#11131 =(GEOMETRIC_REPRESENTATION_CONTEXT(2)PARAMETRIC_REPRESENTATION_CONTEXT()REPRESENTATION_CONTEXT('2D SPACE',''));
#11132 = PCURVE('',#11023,#11133);
#11133 = DEFINITIONAL_REPRESENTATION('',(#11134),#11138);
#11134 = LINE('',#11135,#11136);
#11135 = CARTESIAN_POINT('',(0.,88.9));
#11136 = VECTOR('',#11137,1.);
#11137 = DIRECTION('',(1.,0.));
#11138 =(GEOMETRIC_REPRESENTATION_CONTEXT(2)PARAMETRIC_REPRESENTATION_CONTEXT()REPRESENTATION_CONTEXT('2D SPACE',''));
#11139 = ORIENTED_EDGE('',*,*,#11140,.F.);
#11140 = EDGE_CURVE('',#11067,#11118,#11141,.T.);
#11141 = SURFACE_CURVE('',#11142,(#11146,#11153),.PCURVE_S1.);
#11142 = LINE('',#11143,#11144);
#11143 = CARTESIAN_POINT('',(725.25,1.4492543957E+03,2.060881804011E+03));
#11144 = VECTOR('',#11145,1.);
#11145 = DIRECTION('',(0.,0.766044443119,-0.642787609687));
#11146 = PCURVE('',#11075,#11147);
#11147 = DEFINITIONAL_REPRESENTATION('',(#11148),#11152);
#11148 = LINE('',#11149,#11150);
#11149 = CARTESIAN_POINT('',(1.06045E+03,-3.410605131648E-13));
#11150 = VECTOR('',#11151,1.);
#11151 = DIRECTION('',(0.,-1.));
#11152 =(GEOMETRIC_REPRESENTATION_CONTEXT(2)PARAMETRIC_REPRESENTATION_CONTEXT()REPRESENTATION_CONTEXT('2D SPACE',''));
#11153 = PCURVE('',#11049,#11154);
#11154 = DEFINITIONAL_REPRESENTATION('',(#11155),#11159);
#11155 = LINE('',#11156,#11157);
#11156 = CARTESIAN_POINT('',(88.9,0.));
#11157 = VECTOR('',#11158,1.);
#11158 = DIRECTION('',(0.,1.));
#11159 =(GEOMETRIC_REPRESENTATION_CONTEXT(2)PARAMETRIC_REPRESENTATION_CONTEXT()REPRESENTATION_CONTEXT('2D SPACE',''));
#11160 = ADVANCED_FACE('',(#11161),#10967,.F.);
#11161 = FACE_BOUND('',#11162,.F.);
#11162 = EDGE_LOOP('',(#11163,#11184,#11185,#11206));
#11163 = ORIENTED_EDGE('',*,*,#11164,.F.);
#11164 = EDGE_CURVE('',#10945,#11065,#11165,.T.);
#11165 = SURFACE_CURVE('',#11166,(#11170,#11177),.PCURVE_S1.);
#11166 = LINE('',#11167,#11168);
#11167 = CARTESIAN_POINT('',(636.35,767.61027500745,1.248529974306E+03));
#11168 = VECTOR('',#11169,1.);
#11169 = DIRECTION('',(1.,0.,0.));
#11170 = PCURVE('',#10967,#11171);
#11171 = DEFINITIONAL_REPRESENTATION('',(#11172),#11176);
#11172 = LINE('',#11173,#11174);
#11173 = CARTESIAN_POINT('',(0.,0.));
#11174 = VECTOR('',#11175,1.);
#11175 = DIRECTION('',(0.,1.));
#11176 =(GEOMETRIC_REPRESENTATION_CONTEXT(2)PARAMETRIC_REPRESENTATION_CONTEXT()REPRESENTATION_CONTEXT('2D SPACE',''));
#11177 = PCURVE('',#10995,#11178);
#11178 = DEFINITIONAL_REPRESENTATION('',(#11179),#11183);
#11179 = LINE('',#11180,#11181);
#11180 = CARTESIAN_POINT('',(0.,0.));
#11181 = VECTOR('',#11182,1.);
#11182 = DIRECTION('',(1.,0.));
#11183 =(GEOMETRIC_REPRESENTATION_CONTEXT(2)PARAMETRIC_REPRESENTATION_CONTEXT()REPRESENTATION_CONTEXT('2D SPACE',''));
#11184 = ORIENTED_EDGE('',*,*,#10944,.T.);
#11185 = ORIENTED_EDGE('',*,*,#11186,.T.);
#11186 = EDGE_CURVE('',#10947,#11067,#11187,.T.);
#11187 = SURFACE_CURVE('',#11188,(#11192,#11199),.PCURVE_S1.);
#11188 = LINE('',#11189,#11190);
#11189 = CARTESIAN_POINT('',(636.35,1.4492543957E+03,2.060881804011E+03));
#11190 = VECTOR('',#11191,1.);
#11191 = DIRECTION('',(1.,0.,0.));
#11192 = PCURVE('',#10967,#11193);
#11193 = DEFINITIONAL_REPRESENTATION('',(#11194),#11198);
#11194 = LINE('',#11195,#11196);
#11195 = CARTESIAN_POINT('',(1.06045E+03,0.));
#11196 = VECTOR('',#11197,1.);
#11197 = DIRECTION('',(0.,1.));
#11198 =(GEOMETRIC_REPRESENTATION_CONTEXT(2)PARAMETRIC_REPRESENTATION_CONTEXT()REPRESENTATION_CONTEXT('2D SPACE',''));
#11199 = PCURVE('',#11049,#11200);
#11200 = DEFINITIONAL_REPRESENTATION('',(#11201),#11205);
#11201 = LINE('',#11202,#11203);
#11202 = CARTESIAN_POINT('',(0.,0.));
#11203 = VECTOR('',#11204,1.);
#11204 = DIRECTION('',(1.,0.));
#11205 =(GEOMETRIC_REPRESENTATION_CONTEXT(2)PARAMETRIC_REPRESENTATION_CONTEXT()REPRESENTATION_CONTEXT('2D SPACE',''));
#11206 = ORIENTED_EDGE('',*,*,#11064,.F.);
#11207 = ADVANCED_FACE('',(#11208),#11023,.T.);
#11208 = FACE_BOUND('',#11209,.T.);
#11209 = EDGE_LOOP('',(#11210,#11231,#11232,#11253));
#11210 = ORIENTED_EDGE('',*,*,#11211,.F.);
#11211 = EDGE_CURVE('',#10980,#11095,#11212,.T.);
#11212 = SURFACE_CURVE('',#11213,(#11217,#11224),.PCURVE_S1.);
#11213 = LINE('',#11214,#11215);
#11214 = CARTESIAN_POINT('',(636.35,796.79656829029,1.224039766377E+03));
#11215 = VECTOR('',#11216,1.);
#11216 = DIRECTION('',(1.,0.,0.));
#11217 = PCURVE('',#11023,#11218);
#11218 = DEFINITIONAL_REPRESENTATION('',(#11219),#11223);
#11219 = LINE('',#11220,#11221);
#11220 = CARTESIAN_POINT('',(0.,0.));
#11221 = VECTOR('',#11222,1.);
#11222 = DIRECTION('',(0.,1.));
#11223 =(GEOMETRIC_REPRESENTATION_CONTEXT(2)PARAMETRIC_REPRESENTATION_CONTEXT()REPRESENTATION_CONTEXT('2D SPACE',''));
#11224 = PCURVE('',#10995,#11225);
#11225 = DEFINITIONAL_REPRESENTATION('',(#11226),#11230);
#11226 = LINE('',#11227,#11228);
#11227 = CARTESIAN_POINT('',(0.,38.1));
#11228 = VECTOR('',#11229,1.);
#11229 = DIRECTION('',(1.,0.));
#11230 =(GEOMETRIC_REPRESENTATION_CONTEXT(2)PARAMETRIC_REPRESENTATION_CONTEXT()REPRESENTATION_CONTEXT('2D SPACE',''));
#11231 = ORIENTED_EDGE('',*,*,#11007,.T.);
#11232 = ORIENTED_EDGE('',*,*,#11233,.T.);
#11233 = EDGE_CURVE('',#11008,#11118,#11234,.T.);
#11234 = SURFACE_CURVE('',#11235,(#11239,#11246),.PCURVE_S1.);
#11235 = LINE('',#11236,#11237);
#11236 = CARTESIAN_POINT('',(636.35,1.478440688982E+03,2.036391596082E+03));
#11237 = VECTOR('',#11238,1.);
#11238 = DIRECTION('',(1.,0.,0.));
#11239 = PCURVE('',#11023,#11240);
#11240 = DEFINITIONAL_REPRESENTATION('',(#11241),#11245);
#11241 = LINE('',#11242,#11243);
#11242 = CARTESIAN_POINT('',(1.06045E+03,0.));
#11243 = VECTOR('',#11244,1.);
#11244 = DIRECTION('',(0.,1.));
#11245 =(GEOMETRIC_REPRESENTATION_CONTEXT(2)PARAMETRIC_REPRESENTATION_CONTEXT()REPRESENTATION_CONTEXT('2D SPACE',''));
#11246 = PCURVE('',#11049,#11247);
#11247 = DEFINITIONAL_REPRESENTATION('',(#11248),#11252);
#11248 = LINE('',#11249,#11250);
#11249 = CARTESIAN_POINT('',(0.,38.1));
#11250 = VECTOR('',#11251,1.);
#11251 = DIRECTION('',(1.,0.));
#11252 =(GEOMETRIC_REPRESENTATION_CONTEXT(2)PARAMETRIC_REPRESENTATION_CONTEXT()REPRESENTATION_CONTEXT('2D SPACE',''));
#11253 = ORIENTED_EDGE('',*,*,#11117,.F.);
#11254 = ADVANCED_FACE('',(#11255),#10995,.F.);
#11255 = FACE_BOUND('',#11256,.F.);
#11256 = EDGE_LOOP('',(#11257,#11258,#11259,#11260));
#11257 = ORIENTED_EDGE('',*,*,#10979,.F.);
#11258 = ORIENTED_EDGE('',*,*,#11164,.T.);
#11259 = ORIENTED_EDGE('',*,*,#11094,.T.);
#11260 = ORIENTED_EDGE('',*,*,#11211,.F.);
#11261 = ADVANCED_FACE('',(#11262),#11049,.T.);
#11262 = FACE_BOUND('',#11263,.T.);
#11263 = EDGE_LOOP('',(#11264,#11265,#11266,#11267));
#11264 = ORIENTED_EDGE('',*,*,#11035,.F.);
#11265 = ORIENTED_EDGE('',*,*,#11186,.T.);
#11266 = ORIENTED_EDGE('',*,*,#11140,.T.);
#11267 = ORIENTED_EDGE('',*,*,#11233,.F.);
#11268 =(GEOMETRIC_REPRESENTATION_CONTEXT(3)GLOBAL_UNCERTAINTY_ASSIGNED_CONTEXT((#11272))GLOBAL_UNIT_ASSIGNED_CONTEXT((#11269,#11270,#11271))REPRESENTATION_CONTEXT('Context #1','3D Context with UNIT and UNCERTAINTY'));
#11269 =(LENGTH_UNIT()NAMED_UNIT(*)SI_UNIT(.MILLI.,.METRE.));
#11270 =(NAMED_UNIT(*)PLANE_ANGLE_UNIT()SI_UNIT($,.RADIAN.));
#11271 =(NAMED_UNIT(*)SI_UNIT($,.STERADIAN.)SOLID_ANGLE_UNIT());
#11272 = UNCERTAINTY_MEASURE_WITH_UNIT(LENGTH_MEASURE(1.E-07),#11269,'distance_accuracy_value','confusion accuracy');
#11273 = CONTEXT_DEPENDENT_SHAPE_REPRESENTATION(#11274,#11276);
#11274 =(REPRESENTATION_RELATIONSHIP('','',#10937,#10)REPRESENTATION_RELATIONSHIP_WITH_TRANSFORMATION(#11275)SHAPE_REPRESENTATION_RELATIONSHIP());
#11275 = ITEM_DEFINED_TRANSFORMATION('','',#11,#131);
#11276 = PRODUCT_DEFINITION_SHAPE('Placement','Placement of an item',#11277);
#11277 = NEXT_ASSEMBLY_USAGE_OCCURRENCE('30','mid_upper_right','',#5,#10932,$);
#11278 = PRODUCT_RELATED_PRODUCT_CATEGORY('part',$,(#10934));
#11279 = SHAPE_DEFINITION_REPRESENTATION(#11280,#11286);
#11280 = PRODUCT_DEFINITION_SHAPE('','',#11281);
#11281 = PRODUCT_DEFINITION('design','',#11282,#11285);
#11282 = PRODUCT_DEFINITION_FORMATION('','',#11283);
#11283 = PRODUCT('rear_cross_1','rear_cross_1','',(#11284));
#11284 = PRODUCT_CONTEXT('',#2,'mechanical');
#11285 = PRODUCT_DEFINITION_CONTEXT('part definition',#2,'design');
#11286 = ADVANCED_BREP_SHAPE_REPRESENTATION('',(#11,#11287),#11617);
#11287 = MANIFOLD_SOLID_BREP('',#11288);
#11288 = CLOSED_SHELL('',(#11289,#11409,#11509,#11556,#11603,#11610));
#11289 = ADVANCED_FACE('',(#11290),#11304,.F.);
#11290 = FACE_BOUND('',#11291,.F.);
#11291 = EDGE_LOOP('',(#11292,#11327,#11355,#11383));
#11292 = ORIENTED_EDGE('',*,*,#11293,.F.);
#11293 = EDGE_CURVE('',#11294,#11296,#11298,.T.);
#11294 = VERTEX_POINT('',#11295);
#11295 = CARTESIAN_POINT('',(-1.2192E+03,69.476050423689,615.73644007472));
#11296 = VERTEX_POINT('',#11297);
#11297 = CARTESIAN_POINT('',(-1.2192E+03,126.61986892482,683.837791068));
#11298 = SURFACE_CURVE('',#11299,(#11303,#11315),.PCURVE_S1.);
#11299 = LINE('',#11300,#11301);
#11300 = CARTESIAN_POINT('',(-1.2192E+03,69.476050423689,615.73644007472));
#11301 = VECTOR('',#11302,1.);
#11302 = DIRECTION('',(0.,0.642787609687,0.766044443119));
#11303 = PCURVE('',#11304,#11309);
#11304 = PLANE('',#11305);
#11305 = AXIS2_PLACEMENT_3D('',#11306,#11307,#11308);
#11306 = CARTESIAN_POINT('',(-1.2192E+03,69.476050423689,615.73644007472));
#11307 = DIRECTION('',(1.,0.,0.));
#11308 = DIRECTION('',(0.,0.642787609687,0.766044443119));
#11309 = DEFINITIONAL_REPRESENTATION('',(#11310),#11314);
#11310 = LINE('',#11311,#11312);
#11311 = CARTESIAN_POINT('',(0.,0.));
#11312 = VECTOR('',#11313,1.);
#11313 = DIRECTION('',(1.,0.));
#11314 =(GEOMETRIC_REPRESENTATION_CONTEXT(2)PARAMETRIC_REPRESENTATION_CONTEXT()REPRESENTATION_CONTEXT('2D SPACE',''));
#11315 = PCURVE('',#11316,#11321);
#11316 = PLANE('',#11317);
#11317 = AXIS2_PLACEMENT_3D('',#11318,#11319,#11320);
#11318 = CARTESIAN_POINT('',(-1.2192E+03,69.476050423689,615.73644007472));
#11319 = DIRECTION('',(0.,0.766044443119,-0.642787609687));
#11320 = DIRECTION('',(0.,0.642787609687,0.766044443119));
#11321 = DEFINITIONAL_REPRESENTATION('',(#11322),#11326);
#11322 = LINE('',#11323,#11324);
#11323 = CARTESIAN_POINT('',(0.,0.));
#11324 = VECTOR('',#11325,1.);
#11325 = DIRECTION('',(1.,0.));
#11326 =(GEOMETRIC_REPRESENTATION_CONTEXT(2)PARAMETRIC_REPRESENTATION_CONTEXT()REPRESENTATION_CONTEXT('2D SPACE',''));
#11327 = ORIENTED_EDGE('',*,*,#11328,.T.);
#11328 = EDGE_CURVE('',#11294,#11329,#11331,.T.);
#11329 = VERTEX_POINT('',#11330);
#11330 = CARTESIAN_POINT('',(-1.2192E+03,98.662343706522,591.24623214567));
#11331 = SURFACE_CURVE('',#11332,(#11336,#11343),.PCURVE_S1.);
#11332 = LINE('',#11333,#11334);
#11333 = CARTESIAN_POINT('',(-1.2192E+03,69.476050423689,615.73644007472));
#11334 = VECTOR('',#11335,1.);
#11335 = DIRECTION('',(0.,0.766044443119,-0.642787609687));
#11336 = PCURVE('',#11304,#11337);
#11337 = DEFINITIONAL_REPRESENTATION('',(#11338),#11342);
#11338 = LINE('',#11339,#11340);
#11339 = CARTESIAN_POINT('',(0.,0.));
#11340 = VECTOR('',#11341,1.);
#11341 = DIRECTION('',(0.,-1.));
#11342 =(GEOMETRIC_REPRESENTATION_CONTEXT(2)PARAMETRIC_REPRESENTATION_CONTEXT()REPRESENTATION_CONTEXT('2D SPACE',''));
#11343 = PCURVE('',#11344,#11349);
#11344 = PLANE('',#11345);
#11345 = AXIS2_PLACEMENT_3D('',#11346,#11347,#11348);
#11346 = CARTESIAN_POINT('',(-1.2192E+03,69.476050423689,615.73644007472));
#11347 = DIRECTION('',(0.,0.642787609687,0.766044443119));
#11348 = DIRECTION('',(1.,0.,0.));
#11349 = DEFINITIONAL_REPRESENTATION('',(#11350),#11354);
#11350 = LINE('',#11351,#11352);
#11351 = CARTESIAN_POINT('',(0.,0.));
#11352 = VECTOR('',#11353,1.);
#11353 = DIRECTION('',(0.,1.));
#11354 =(GEOMETRIC_REPRESENTATION_CONTEXT(2)PARAMETRIC_REPRESENTATION_CONTEXT()REPRESENTATION_CONTEXT('2D SPACE',''));
#11355 = ORIENTED_EDGE('',*,*,#11356,.T.);
#11356 = EDGE_CURVE('',#11329,#11357,#11359,.T.);
#11357 = VERTEX_POINT('',#11358);
#11358 = CARTESIAN_POINT('',(-1.2192E+03,155.80616220765,659.34758313894));
#11359 = SURFACE_CURVE('',#11360,(#11364,#11371),.PCURVE_S1.);
#11360 = LINE('',#11361,#11362);
#11361 = CARTESIAN_POINT('',(-1.2192E+03,98.662343706522,591.24623214567));
#11362 = VECTOR('',#11363,1.);
#11363 = DIRECTION('',(0.,0.642787609687,0.766044443119));
#11364 = PCURVE('',#11304,#11365);
#11365 = DEFINITIONAL_REPRESENTATION('',(#11366),#11370);
#11366 = LINE('',#11367,#11368);
#11367 = CARTESIAN_POINT('',(-4.263256414561E-14,-38.1));
#11368 = VECTOR('',#11369,1.);
#11369 = DIRECTION('',(1.,0.));
#11370 =(GEOMETRIC_REPRESENTATION_CONTEXT(2)PARAMETRIC_REPRESENTATION_CONTEXT()REPRESENTATION_CONTEXT('2D SPACE',''));
#11371 = PCURVE('',#11372,#11377);
#11372 = PLANE('',#11373);
#11373 = AXIS2_PLACEMENT_3D('',#11374,#11375,#11376);
#11374 = CARTESIAN_POINT('',(-1.2192E+03,98.662343706522,591.24623214567));
#11375 = DIRECTION('',(0.,0.766044443119,-0.642787609687));
#11376 = DIRECTION('',(0.,0.642787609687,0.766044443119));
#11377 = DEFINITIONAL_REPRESENTATION('',(#11378),#11382);
#11378 = LINE('',#11379,#11380);
#11379 = CARTESIAN_POINT('',(0.,0.));
#11380 = VECTOR('',#11381,1.);
#11381 = DIRECTION('',(1.,0.));
#11382 =(GEOMETRIC_REPRESENTATION_CONTEXT(2)PARAMETRIC_REPRESENTATION_CONTEXT()REPRESENTATION_CONTEXT('2D SPACE',''));
#11383 = ORIENTED_EDGE('',*,*,#11384,.F.);
#11384 = EDGE_CURVE('',#11296,#11357,#11385,.T.);
#11385 = SURFACE_CURVE('',#11386,(#11390,#11397),.PCURVE_S1.);
#11386 = LINE('',#11387,#11388);
#11387 = CARTESIAN_POINT('',(-1.2192E+03,126.61986892482,683.837791068));
#11388 = VECTOR('',#11389,1.);
#11389 = DIRECTION('',(0.,0.766044443119,-0.642787609687));
#11390 = PCURVE('',#11304,#11391);
#11391 = DEFINITIONAL_REPRESENTATION('',(#11392),#11396);
#11392 = LINE('',#11393,#11394);
#11393 = CARTESIAN_POINT('',(88.9,1.42108547152E-14));
#11394 = VECTOR('',#11395,1.);
#11395 = DIRECTION('',(0.,-1.));
#11396 =(GEOMETRIC_REPRESENTATION_CONTEXT(2)PARAMETRIC_REPRESENTATION_CONTEXT()REPRESENTATION_CONTEXT('2D SPACE',''));
#11397 = PCURVE('',#11398,#11403);
#11398 = PLANE('',#11399);
#11399 = AXIS2_PLACEMENT_3D('',#11400,#11401,#11402);
#11400 = CARTESIAN_POINT('',(-1.2192E+03,126.61986892482,683.837791068));
#11401 = DIRECTION('',(0.,0.642787609687,0.766044443119));
#11402 = DIRECTION('',(1.,0.,0.));
#11403 = DEFINITIONAL_REPRESENTATION('',(#11404),#11408);
#11404 = LINE('',#11405,#11406);
#11405 = CARTESIAN_POINT('',(0.,0.));
#11406 = VECTOR('',#11407,1.);
#11407 = DIRECTION('',(0.,1.));
#11408 =(GEOMETRIC_REPRESENTATION_CONTEXT(2)PARAMETRIC_REPRESENTATION_CONTEXT()REPRESENTATION_CONTEXT('2D SPACE',''));
#11409 = ADVANCED_FACE('',(#11410),#11424,.T.);
#11410 = FACE_BOUND('',#11411,.T.);
#11411 = EDGE_LOOP('',(#11412,#11442,#11465,#11488));
#11412 = ORIENTED_EDGE('',*,*,#11413,.F.);
#11413 = EDGE_CURVE('',#11414,#11416,#11418,.T.);
#11414 = VERTEX_POINT('',#11415);
#11415 = CARTESIAN_POINT('',(1.2192E+03,69.476050423689,615.73644007472));
#11416 = VERTEX_POINT('',#11417);
#11417 = CARTESIAN_POINT('',(1.2192E+03,126.61986892482,683.837791068));
#11418 = SURFACE_CURVE('',#11419,(#11423,#11435),.PCURVE_S1.);
#11419 = LINE('',#11420,#11421);
#11420 = CARTESIAN_POINT('',(1.2192E+03,69.476050423689,615.73644007472));
#11421 = VECTOR('',#11422,1.);
#11422 = DIRECTION('',(0.,0.642787609687,0.766044443119));
#11423 = PCURVE('',#11424,#11429);
#11424 = PLANE('',#11425);
#11425 = AXIS2_PLACEMENT_3D('',#11426,#11427,#11428);
#11426 = CARTESIAN_POINT('',(1.2192E+03,69.476050423689,615.73644007472));
#11427 = DIRECTION('',(1.,0.,0.));
#11428 = DIRECTION('',(0.,0.642787609687,0.766044443119));
#11429 = DEFINITIONAL_REPRESENTATION('',(#11430),#11434);
#11430 = LINE('',#11431,#11432);
#11431 = CARTESIAN_POINT('',(0.,0.));
#11432 = VECTOR('',#11433,1.);
#11433 = DIRECTION('',(1.,0.));
#11434 =(GEOMETRIC_REPRESENTATION_CONTEXT(2)PARAMETRIC_REPRESENTATION_CONTEXT()REPRESENTATION_CONTEXT('2D SPACE',''));
#11435 = PCURVE('',#11316,#11436);
#11436 = DEFINITIONAL_REPRESENTATION('',(#11437),#11441);
#11437 = LINE('',#11438,#11439);
#11438 = CARTESIAN_POINT('',(0.,2.4384E+03));
#11439 = VECTOR('',#11440,1.);
#11440 = DIRECTION('',(1.,0.));
#11441 =(GEOMETRIC_REPRESENTATION_CONTEXT(2)PARAMETRIC_REPRESENTATION_CONTEXT()REPRESENTATION_CONTEXT('2D SPACE',''));
#11442 = ORIENTED_EDGE('',*,*,#11443,.T.);
#11443 = EDGE_CURVE('',#11414,#11444,#11446,.T.);
#11444 = VERTEX_POINT('',#11445);
#11445 = CARTESIAN_POINT('',(1.2192E+03,98.662343706522,591.24623214567));
#11446 = SURFACE_CURVE('',#11447,(#11451,#11458),.PCURVE_S1.);
#11447 = LINE('',#11448,#11449);
#11448 = CARTESIAN_POINT('',(1.2192E+03,69.476050423689,615.73644007472));
#11449 = VECTOR('',#11450,1.);
#11450 = DIRECTION('',(0.,0.766044443119,-0.642787609687));
#11451 = PCURVE('',#11424,#11452);
#11452 = DEFINITIONAL_REPRESENTATION('',(#11453),#11457);
#11453 = LINE('',#11454,#11455);
#11454 = CARTESIAN_POINT('',(0.,0.));
#11455 = VECTOR('',#11456,1.);
#11456 = DIRECTION('',(0.,-1.));
#11457 =(GEOMETRIC_REPRESENTATION_CONTEXT(2)PARAMETRIC_REPRESENTATION_CONTEXT()REPRESENTATION_CONTEXT('2D SPACE',''));
#11458 = PCURVE('',#11344,#11459);
#11459 = DEFINITIONAL_REPRESENTATION('',(#11460),#11464);
#11460 = LINE('',#11461,#11462);
#11461 = CARTESIAN_POINT('',(2.4384E+03,0.));
#11462 = VECTOR('',#11463,1.);
#11463 = DIRECTION('',(0.,1.));
#11464 =(GEOMETRIC_REPRESENTATION_CONTEXT(2)PARAMETRIC_REPRESENTATION_CONTEXT()REPRESENTATION_CONTEXT('2D SPACE',''));
#11465 = ORIENTED_EDGE('',*,*,#11466,.T.);
#11466 = EDGE_CURVE('',#11444,#11467,#11469,.T.);
#11467 = VERTEX_POINT('',#11468);
#11468 = CARTESIAN_POINT('',(1.2192E+03,155.80616220765,659.34758313894));
#11469 = SURFACE_CURVE('',#11470,(#11474,#11481),.PCURVE_S1.);
#11470 = LINE('',#11471,#11472);
#11471 = CARTESIAN_POINT('',(1.2192E+03,98.662343706522,591.24623214567));
#11472 = VECTOR('',#11473,1.);
#11473 = DIRECTION('',(0.,0.642787609687,0.766044443119));
#11474 = PCURVE('',#11424,#11475);
#11475 = DEFINITIONAL_REPRESENTATION('',(#11476),#11480);
#11476 = LINE('',#11477,#11478);
#11477 = CARTESIAN_POINT('',(-4.263256414561E-14,-38.1));
#11478 = VECTOR('',#11479,1.);
#11479 = DIRECTION('',(1.,0.));
#11480 =(GEOMETRIC_REPRESENTATION_CONTEXT(2)PARAMETRIC_REPRESENTATION_CONTEXT()REPRESENTATION_CONTEXT('2D SPACE',''));
#11481 = PCURVE('',#11372,#11482);
#11482 = DEFINITIONAL_REPRESENTATION('',(#11483),#11487);
#11483 = LINE('',#11484,#11485);
#11484 = CARTESIAN_POINT('',(0.,2.4384E+03));
#11485 = VECTOR('',#11486,1.);
#11486 = DIRECTION('',(1.,0.));
#11487 =(GEOMETRIC_REPRESENTATION_CONTEXT(2)PARAMETRIC_REPRESENTATION_CONTEXT()REPRESENTATION_CONTEXT('2D SPACE',''));
#11488 = ORIENTED_EDGE('',*,*,#11489,.F.);
#11489 = EDGE_CURVE('',#11416,#11467,#11490,.T.);
#11490 = SURFACE_CURVE('',#11491,(#11495,#11502),.PCURVE_S1.);
#11491 = LINE('',#11492,#11493);
#11492 = CARTESIAN_POINT('',(1.2192E+03,126.61986892482,683.837791068));
#11493 = VECTOR('',#11494,1.);
#11494 = DIRECTION('',(0.,0.766044443119,-0.642787609687));
#11495 = PCURVE('',#11424,#11496);
#11496 = DEFINITIONAL_REPRESENTATION('',(#11497),#11501);
#11497 = LINE('',#11498,#11499);
#11498 = CARTESIAN_POINT('',(88.9,1.42108547152E-14));
#11499 = VECTOR('',#11500,1.);
#11500 = DIRECTION('',(0.,-1.));
#11501 =(GEOMETRIC_REPRESENTATION_CONTEXT(2)PARAMETRIC_REPRESENTATION_CONTEXT()REPRESENTATION_CONTEXT('2D SPACE',''));
#11502 = PCURVE('',#11398,#11503);
#11503 = DEFINITIONAL_REPRESENTATION('',(#11504),#11508);
#11504 = LINE('',#11505,#11506);
#11505 = CARTESIAN_POINT('',(2.4384E+03,0.));
#11506 = VECTOR('',#11507,1.);
#11507 = DIRECTION('',(0.,1.));
#11508 =(GEOMETRIC_REPRESENTATION_CONTEXT(2)PARAMETRIC_REPRESENTATION_CONTEXT()REPRESENTATION_CONTEXT('2D SPACE',''));
#11509 = ADVANCED_FACE('',(#11510),#11316,.F.);
#11510 = FACE_BOUND('',#11511,.F.);
#11511 = EDGE_LOOP('',(#11512,#11533,#11534,#11555));
#11512 = ORIENTED_EDGE('',*,*,#11513,.F.);
#11513 = EDGE_CURVE('',#11294,#11414,#11514,.T.);
#11514 = SURFACE_CURVE('',#11515,(#11519,#11526),.PCURVE_S1.);
#11515 = LINE('',#11516,#11517);
#11516 = CARTESIAN_POINT('',(-1.2192E+03,69.476050423689,615.73644007472));
#11517 = VECTOR('',#11518,1.);
#11518 = DIRECTION('',(1.,0.,0.));
#11519 = PCURVE('',#11316,#11520);
#11520 = DEFINITIONAL_REPRESENTATION('',(#11521),#11525);
#11521 = LINE('',#11522,#11523);
#11522 = CARTESIAN_POINT('',(0.,0.));
#11523 = VECTOR('',#11524,1.);
#11524 = DIRECTION('',(0.,1.));
#11525 =(GEOMETRIC_REPRESENTATION_CONTEXT(2)PARAMETRIC_REPRESENTATION_CONTEXT()REPRESENTATION_CONTEXT('2D SPACE',''));
#11526 = PCURVE('',#11344,#11527);
#11527 = DEFINITIONAL_REPRESENTATION('',(#11528),#11532);
#11528 = LINE('',#11529,#11530);
#11529 = CARTESIAN_POINT('',(0.,0.));
#11530 = VECTOR('',#11531,1.);
#11531 = DIRECTION('',(1.,0.));
#11532 =(GEOMETRIC_REPRESENTATION_CONTEXT(2)PARAMETRIC_REPRESENTATION_CONTEXT()REPRESENTATION_CONTEXT('2D SPACE',''));
#11533 = ORIENTED_EDGE('',*,*,#11293,.T.);
#11534 = ORIENTED_EDGE('',*,*,#11535,.T.);
#11535 = EDGE_CURVE('',#11296,#11416,#11536,.T.);
#11536 = SURFACE_CURVE('',#11537,(#11541,#11548),.PCURVE_S1.);
#11537 = LINE('',#11538,#11539);
#11538 = CARTESIAN_POINT('',(-1.2192E+03,126.61986892482,683.837791068));
#11539 = VECTOR('',#11540,1.);
#11540 = DIRECTION('',(1.,0.,0.));
#11541 = PCURVE('',#11316,#11542);
#11542 = DEFINITIONAL_REPRESENTATION('',(#11543),#11547);
#11543 = LINE('',#11544,#11545);
#11544 = CARTESIAN_POINT('',(88.9,0.));
#11545 = VECTOR('',#11546,1.);
#11546 = DIRECTION('',(0.,1.));
#11547 =(GEOMETRIC_REPRESENTATION_CONTEXT(2)PARAMETRIC_REPRESENTATION_CONTEXT()REPRESENTATION_CONTEXT('2D SPACE',''));
#11548 = PCURVE('',#11398,#11549);
#11549 = DEFINITIONAL_REPRESENTATION('',(#11550),#11554);
#11550 = LINE('',#11551,#11552);
#11551 = CARTESIAN_POINT('',(0.,0.));
#11552 = VECTOR('',#11553,1.);
#11553 = DIRECTION('',(1.,0.));
#11554 =(GEOMETRIC_REPRESENTATION_CONTEXT(2)PARAMETRIC_REPRESENTATION_CONTEXT()REPRESENTATION_CONTEXT('2D SPACE',''));
#11555 = ORIENTED_EDGE('',*,*,#11413,.F.);
#11556 = ADVANCED_FACE('',(#11557),#11372,.T.);
#11557 = FACE_BOUND('',#11558,.T.);
#11558 = EDGE_LOOP('',(#11559,#11580,#11581,#11602));
#11559 = ORIENTED_EDGE('',*,*,#11560,.F.);
#11560 = EDGE_CURVE('',#11329,#11444,#11561,.T.);
#11561 = SURFACE_CURVE('',#11562,(#11566,#11573),.PCURVE_S1.);
#11562 = LINE('',#11563,#11564);
#11563 = CARTESIAN_POINT('',(-1.2192E+03,98.662343706522,591.24623214567));
#11564 = VECTOR('',#11565,1.);
#11565 = DIRECTION('',(1.,0.,0.));
#11566 = PCURVE('',#11372,#11567);
#11567 = DEFINITIONAL_REPRESENTATION('',(#11568),#11572);
#11568 = LINE('',#11569,#11570);
#11569 = CARTESIAN_POINT('',(0.,0.));
#11570 = VECTOR('',#11571,1.);
#11571 = DIRECTION('',(0.,1.));
#11572 =(GEOMETRIC_REPRESENTATION_CONTEXT(2)PARAMETRIC_REPRESENTATION_CONTEXT()REPRESENTATION_CONTEXT('2D SPACE',''));
#11573 = PCURVE('',#11344,#11574);
#11574 = DEFINITIONAL_REPRESENTATION('',(#11575),#11579);
#11575 = LINE('',#11576,#11577);
#11576 = CARTESIAN_POINT('',(0.,38.1));
#11577 = VECTOR('',#11578,1.);
#11578 = DIRECTION('',(1.,0.));
#11579 =(GEOMETRIC_REPRESENTATION_CONTEXT(2)PARAMETRIC_REPRESENTATION_CONTEXT()REPRESENTATION_CONTEXT('2D SPACE',''));
#11580 = ORIENTED_EDGE('',*,*,#11356,.T.);
#11581 = ORIENTED_EDGE('',*,*,#11582,.T.);
#11582 = EDGE_CURVE('',#11357,#11467,#11583,.T.);
#11583 = SURFACE_CURVE('',#11584,(#11588,#11595),.PCURVE_S1.);
#11584 = LINE('',#11585,#11586);
#11585 = CARTESIAN_POINT('',(-1.2192E+03,155.80616220765,659.34758313894));
#11586 = VECTOR('',#11587,1.);
#11587 = DIRECTION('',(1.,0.,0.));
#11588 = PCURVE('',#11372,#11589);
#11589 = DEFINITIONAL_REPRESENTATION('',(#11590),#11594);
#11590 = LINE('',#11591,#11592);
#11591 = CARTESIAN_POINT('',(88.9,0.));
#11592 = VECTOR('',#11593,1.);
#11593 = DIRECTION('',(0.,1.));
#11594 =(GEOMETRIC_REPRESENTATION_CONTEXT(2)PARAMETRIC_REPRESENTATION_CONTEXT()REPRESENTATION_CONTEXT('2D SPACE',''));
#11595 = PCURVE('',#11398,#11596);
#11596 = DEFINITIONAL_REPRESENTATION('',(#11597),#11601);
#11597 = LINE('',#11598,#11599);
#11598 = CARTESIAN_POINT('',(0.,38.1));
#11599 = VECTOR('',#11600,1.);
#11600 = DIRECTION('',(1.,0.));
#11601 =(GEOMETRIC_REPRESENTATION_CONTEXT(2)PARAMETRIC_REPRESENTATION_CONTEXT()REPRESENTATION_CONTEXT('2D SPACE',''));
#11602 = ORIENTED_EDGE('',*,*,#11466,.F.);
#11603 = ADVANCED_FACE('',(#11604),#11344,.F.);
#11604 = FACE_BOUND('',#11605,.F.);
#11605 = EDGE_LOOP('',(#11606,#11607,#11608,#11609));
#11606 = ORIENTED_EDGE('',*,*,#11328,.F.);
#11607 = ORIENTED_EDGE('',*,*,#11513,.T.);
#11608 = ORIENTED_EDGE('',*,*,#11443,.T.);
#11609 = ORIENTED_EDGE('',*,*,#11560,.F.);
#11610 = ADVANCED_FACE('',(#11611),#11398,.T.);
#11611 = FACE_BOUND('',#11612,.T.);
#11612 = EDGE_LOOP('',(#11613,#11614,#11615,#11616));
#11613 = ORIENTED_EDGE('',*,*,#11384,.F.);
#11614 = ORIENTED_EDGE('',*,*,#11535,.T.);
#11615 = ORIENTED_EDGE('',*,*,#11489,.T.);
#11616 = ORIENTED_EDGE('',*,*,#11582,.F.);
#11617 =(GEOMETRIC_REPRESENTATION_CONTEXT(3)GLOBAL_UNCERTAINTY_ASSIGNED_CONTEXT((#11621))GLOBAL_UNIT_ASSIGNED_CONTEXT((#11618,#11619,#11620))REPRESENTATION_CONTEXT('Context #1','3D Context with UNIT and UNCERTAINTY'));
#11618 =(LENGTH_UNIT()NAMED_UNIT(*)SI_UNIT(.MILLI.,.METRE.));
#11619 =(NAMED_UNIT(*)PLANE_ANGLE_UNIT()SI_UNIT($,.RADIAN.));
#11620 =(NAMED_UNIT(*)SI_UNIT($,.STERADIAN.)SOLID_ANGLE_UNIT());
#11621 = UNCERTAINTY_MEASURE_WITH_UNIT(LENGTH_MEASURE(1.E-07),#11618,'distance_accuracy_value','confusion accuracy');
#11622 = CONTEXT_DEPENDENT_SHAPE_REPRESENTATION(#11623,#11625);
#11623 =(REPRESENTATION_RELATIONSHIP('','',#11286,#10)REPRESENTATION_RELATIONSHIP_WITH_TRANSFORMATION(#11624)SHAPE_REPRESENTATION_RELATIONSHIP());
#11624 = ITEM_DEFINED_TRANSFORMATION('','',#11,#135);
#11625 = PRODUCT_DEFINITION_SHAPE('Placement','Placement of an item',#11626);
#11626 = NEXT_ASSEMBLY_USAGE_OCCURRENCE('31','rear_cross_1','',#5,#11281,$);
#11627 = PRODUCT_RELATED_PRODUCT_CATEGORY('part',$,(#11283));
#11628 = SHAPE_DEFINITION_REPRESENTATION(#11629,#11635);
#11629 = PRODUCT_DEFINITION_SHAPE('','',#11630);
#11630 = PRODUCT_DEFINITION('design','',#11631,#11634);
#11631 = PRODUCT_DEFINITION_FORMATION('','',#11632);
#11632 = PRODUCT('rib_1_seam_left','rib_1_seam_left','',(#11633));
#11633 = PRODUCT_CONTEXT('',#2,'mechanical');
#11634 = PRODUCT_DEFINITION_CONTEXT('part definition',#2,'design');
#11635 = ADVANCED_BREP_SHAPE_REPRESENTATION('',(#11,#11636),#11966);
#11636 = MANIFOLD_SOLID_BREP('',#11637);
#11637 = CLOSED_SHELL('',(#11638,#11758,#11858,#11905,#11952,#11959));
#11638 = ADVANCED_FACE('',(#11639),#11653,.F.);
#11639 = FACE_BOUND('',#11640,.F.);
#11640 = EDGE_LOOP('',(#11641,#11676,#11704,#11732));
#11641 = ORIENTED_EDGE('',*,*,#11642,.F.);
#11642 = EDGE_CURVE('',#11643,#11645,#11647,.T.);
#11643 = VERTEX_POINT('',#11644);
#11644 = CARTESIAN_POINT('',(-67.05,98.662343706522,591.24623214567));
#11645 = VERTEX_POINT('',#11646);
#11646 = CARTESIAN_POINT('',(-67.05,155.80616220765,659.34758313894));
#11647 = SURFACE_CURVE('',#11648,(#11652,#11664),.PCURVE_S1.);
#11648 = LINE('',#11649,#11650);
#11649 = CARTESIAN_POINT('',(-67.05,98.662343706522,591.24623214567));
#11650 = VECTOR('',#11651,1.);
#11651 = DIRECTION('',(0.,0.642787609687,0.766044443119));
#11652 = PCURVE('',#11653,#11658);
#11653 = PLANE('',#11654);
#11654 = AXIS2_PLACEMENT_3D('',#11655,#11656,#11657);
#11655 = CARTESIAN_POINT('',(-67.05,98.662343706522,591.24623214567));
#11656 = DIRECTION('',(1.,0.,0.));
#11657 = DIRECTION('',(0.,0.642787609687,0.766044443119));
#11658 = DEFINITIONAL_REPRESENTATION('',(#11659),#11663);
#11659 = LINE('',#11660,#11661);
#11660 = CARTESIAN_POINT('',(0.,0.));
#11661 = VECTOR('',#11662,1.);
#11662 = DIRECTION('',(1.,0.));
#11663 =(GEOMETRIC_REPRESENTATION_CONTEXT(2)PARAMETRIC_REPRESENTATION_CONTEXT()REPRESENTATION_CONTEXT('2D SPACE',''));
#11664 = PCURVE('',#11665,#11670);
#11665 = PLANE('',#11666);
#11666 = AXIS2_PLACEMENT_3D('',#11667,#11668,#11669);
#11667 = CARTESIAN_POINT('',(-67.05,98.662343706522,591.24623214567));
#11668 = DIRECTION('',(0.,0.766044443119,-0.642787609687));
#11669 = DIRECTION('',(0.,0.642787609687,0.766044443119));
#11670 = DEFINITIONAL_REPRESENTATION('',(#11671),#11675);
#11671 = LINE('',#11672,#11673);
#11672 = CARTESIAN_POINT('',(0.,0.));
#11673 = VECTOR('',#11674,1.);
#11674 = DIRECTION('',(1.,0.));
#11675 =(GEOMETRIC_REPRESENTATION_CONTEXT(2)PARAMETRIC_REPRESENTATION_CONTEXT()REPRESENTATION_CONTEXT('2D SPACE',''));
#11676 = ORIENTED_EDGE('',*,*,#11677,.T.);
#11677 = EDGE_CURVE('',#11643,#11678,#11680,.T.);
#11678 = VERTEX_POINT('',#11679);
#11679 = CARTESIAN_POINT('',(-67.05,167.56804136507,533.42748665436));
#11680 = SURFACE_CURVE('',#11681,(#11685,#11692),.PCURVE_S1.);
#11681 = LINE('',#11682,#11683);
#11682 = CARTESIAN_POINT('',(-67.05,98.662343706522,591.24623214567));
#11683 = VECTOR('',#11684,1.);
#11684 = DIRECTION('',(0.,0.766044443119,-0.642787609687));
#11685 = PCURVE('',#11653,#11686);
#11686 = DEFINITIONAL_REPRESENTATION('',(#11687),#11691);
#11687 = LINE('',#11688,#11689);
#11688 = CARTESIAN_POINT('',(0.,0.));
#11689 = VECTOR('',#11690,1.);
#11690 = DIRECTION('',(0.,-1.));
#11691 =(GEOMETRIC_REPRESENTATION_CONTEXT(2)PARAMETRIC_REPRESENTATION_CONTEXT()REPRESENTATION_CONTEXT('2D SPACE',''));
#11692 = PCURVE('',#11693,#11698);
#11693 = PLANE('',#11694);
#11694 = AXIS2_PLACEMENT_3D('',#11695,#11696,#11697);
#11695 = CARTESIAN_POINT('',(-67.05,98.662343706522,591.24623214567));
#11696 = DIRECTION('',(0.,0.642787609687,0.766044443119));
#11697 = DIRECTION('',(1.,0.,0.));
#11698 = DEFINITIONAL_REPRESENTATION('',(#11699),#11703);
#11699 = LINE('',#11700,#11701);
#11700 = CARTESIAN_POINT('',(0.,0.));
#11701 = VECTOR('',#11702,1.);
#11702 = DIRECTION('',(0.,1.));
#11703 =(GEOMETRIC_REPRESENTATION_CONTEXT(2)PARAMETRIC_REPRESENTATION_CONTEXT()REPRESENTATION_CONTEXT('2D SPACE',''));
#11704 = ORIENTED_EDGE('',*,*,#11705,.T.);
#11705 = EDGE_CURVE('',#11678,#11706,#11708,.T.);
#11706 = VERTEX_POINT('',#11707);
#11707 = CARTESIAN_POINT('',(-67.05,224.7118598662,601.52883764764));
#11708 = SURFACE_CURVE('',#11709,(#11713,#11720),.PCURVE_S1.);
#11709 = LINE('',#11710,#11711);
#11710 = CARTESIAN_POINT('',(-67.05,167.56804136507,533.42748665436));
#11711 = VECTOR('',#11712,1.);
#11712 = DIRECTION('',(0.,0.642787609687,0.766044443119));
#11713 = PCURVE('',#11653,#11714);
#11714 = DEFINITIONAL_REPRESENTATION('',(#11715),#11719);
#11715 = LINE('',#11716,#11717);
#11716 = CARTESIAN_POINT('',(3.552713678801E-14,-89.95));
#11717 = VECTOR('',#11718,1.);
#11718 = DIRECTION('',(1.,0.));
#11719 =(GEOMETRIC_REPRESENTATION_CONTEXT(2)PARAMETRIC_REPRESENTATION_CONTEXT()REPRESENTATION_CONTEXT('2D SPACE',''));
#11720 = PCURVE('',#11721,#11726);
#11721 = PLANE('',#11722);
#11722 = AXIS2_PLACEMENT_3D('',#11723,#11724,#11725);
#11723 = CARTESIAN_POINT('',(-67.05,167.56804136507,533.42748665436));
#11724 = DIRECTION('',(0.,0.766044443119,-0.642787609687));
#11725 = DIRECTION('',(0.,0.642787609687,0.766044443119));
#11726 = DEFINITIONAL_REPRESENTATION('',(#11727),#11731);
#11727 = LINE('',#11728,#11729);
#11728 = CARTESIAN_POINT('',(0.,0.));
#11729 = VECTOR('',#11730,1.);
#11730 = DIRECTION('',(1.,0.));
#11731 =(GEOMETRIC_REPRESENTATION_CONTEXT(2)PARAMETRIC_REPRESENTATION_CONTEXT()REPRESENTATION_CONTEXT('2D SPACE',''));
#11732 = ORIENTED_EDGE('',*,*,#11733,.F.);
#11733 = EDGE_CURVE('',#11645,#11706,#11734,.T.);
#11734 = SURFACE_CURVE('',#11735,(#11739,#11746),.PCURVE_S1.);
#11735 = LINE('',#11736,#11737);
#11736 = CARTESIAN_POINT('',(-67.05,155.80616220765,659.34758313894));
#11737 = VECTOR('',#11738,1.);
#11738 = DIRECTION('',(0.,0.766044443119,-0.642787609687));
#11739 = PCURVE('',#11653,#11740);
#11740 = DEFINITIONAL_REPRESENTATION('',(#11741),#11745);
#11741 = LINE('',#11742,#11743);
#11742 = CARTESIAN_POINT('',(88.9,1.42108547152E-14));
#11743 = VECTOR('',#11744,1.);
#11744 = DIRECTION('',(0.,-1.));
#11745 =(GEOMETRIC_REPRESENTATION_CONTEXT(2)PARAMETRIC_REPRESENTATION_CONTEXT()REPRESENTATION_CONTEXT('2D SPACE',''));
#11746 = PCURVE('',#11747,#11752);
#11747 = PLANE('',#11748);
#11748 = AXIS2_PLACEMENT_3D('',#11749,#11750,#11751);
#11749 = CARTESIAN_POINT('',(-67.05,155.80616220765,659.34758313894));
#11750 = DIRECTION('',(0.,0.642787609687,0.766044443119));
#11751 = DIRECTION('',(1.,0.,0.));
#11752 = DEFINITIONAL_REPRESENTATION('',(#11753),#11757);
#11753 = LINE('',#11754,#11755);
#11754 = CARTESIAN_POINT('',(0.,0.));
#11755 = VECTOR('',#11756,1.);
#11756 = DIRECTION('',(0.,1.));
#11757 =(GEOMETRIC_REPRESENTATION_CONTEXT(2)PARAMETRIC_REPRESENTATION_CONTEXT()REPRESENTATION_CONTEXT('2D SPACE',''));
#11758 = ADVANCED_FACE('',(#11759),#11773,.T.);
#11759 = FACE_BOUND('',#11760,.T.);
#11760 = EDGE_LOOP('',(#11761,#11791,#11814,#11837));
#11761 = ORIENTED_EDGE('',*,*,#11762,.F.);
#11762 = EDGE_CURVE('',#11763,#11765,#11767,.T.);
#11763 = VERTEX_POINT('',#11764);
#11764 = CARTESIAN_POINT('',(-28.95,98.662343706522,591.24623214567));
#11765 = VERTEX_POINT('',#11766);
#11766 = CARTESIAN_POINT('',(-28.95,155.80616220765,659.34758313894));
#11767 = SURFACE_CURVE('',#11768,(#11772,#11784),.PCURVE_S1.);
#11768 = LINE('',#11769,#11770);
#11769 = CARTESIAN_POINT('',(-28.95,98.662343706522,591.24623214567));
#11770 = VECTOR('',#11771,1.);
#11771 = DIRECTION('',(0.,0.642787609687,0.766044443119));
#11772 = PCURVE('',#11773,#11778);
#11773 = PLANE('',#11774);
#11774 = AXIS2_PLACEMENT_3D('',#11775,#11776,#11777);
#11775 = CARTESIAN_POINT('',(-28.95,98.662343706522,591.24623214567));
#11776 = DIRECTION('',(1.,0.,0.));
#11777 = DIRECTION('',(0.,0.642787609687,0.766044443119));
#11778 = DEFINITIONAL_REPRESENTATION('',(#11779),#11783);
#11779 = LINE('',#11780,#11781);
#11780 = CARTESIAN_POINT('',(0.,0.));
#11781 = VECTOR('',#11782,1.);
#11782 = DIRECTION('',(1.,0.));
#11783 =(GEOMETRIC_REPRESENTATION_CONTEXT(2)PARAMETRIC_REPRESENTATION_CONTEXT()REPRESENTATION_CONTEXT('2D SPACE',''));
#11784 = PCURVE('',#11665,#11785);
#11785 = DEFINITIONAL_REPRESENTATION('',(#11786),#11790);
#11786 = LINE('',#11787,#11788);
#11787 = CARTESIAN_POINT('',(0.,38.1));
#11788 = VECTOR('',#11789,1.);
#11789 = DIRECTION('',(1.,0.));
#11790 =(GEOMETRIC_REPRESENTATION_CONTEXT(2)PARAMETRIC_REPRESENTATION_CONTEXT()REPRESENTATION_CONTEXT('2D SPACE',''));
#11791 = ORIENTED_EDGE('',*,*,#11792,.T.);
#11792 = EDGE_CURVE('',#11763,#11793,#11795,.T.);
#11793 = VERTEX_POINT('',#11794);
#11794 = CARTESIAN_POINT('',(-28.95,167.56804136507,533.42748665436));
#11795 = SURFACE_CURVE('',#11796,(#11800,#11807),.PCURVE_S1.);
#11796 = LINE('',#11797,#11798);
#11797 = CARTESIAN_POINT('',(-28.95,98.662343706522,591.24623214567));
#11798 = VECTOR('',#11799,1.);
#11799 = DIRECTION('',(0.,0.766044443119,-0.642787609687));
#11800 = PCURVE('',#11773,#11801);
#11801 = DEFINITIONAL_REPRESENTATION('',(#11802),#11806);
#11802 = LINE('',#11803,#11804);
#11803 = CARTESIAN_POINT('',(0.,0.));
#11804 = VECTOR('',#11805,1.);
#11805 = DIRECTION('',(0.,-1.));
#11806 =(GEOMETRIC_REPRESENTATION_CONTEXT(2)PARAMETRIC_REPRESENTATION_CONTEXT()REPRESENTATION_CONTEXT('2D SPACE',''));
#11807 = PCURVE('',#11693,#11808);
#11808 = DEFINITIONAL_REPRESENTATION('',(#11809),#11813);
#11809 = LINE('',#11810,#11811);
#11810 = CARTESIAN_POINT('',(38.1,0.));
#11811 = VECTOR('',#11812,1.);
#11812 = DIRECTION('',(0.,1.));
#11813 =(GEOMETRIC_REPRESENTATION_CONTEXT(2)PARAMETRIC_REPRESENTATION_CONTEXT()REPRESENTATION_CONTEXT('2D SPACE',''));
#11814 = ORIENTED_EDGE('',*,*,#11815,.T.);
#11815 = EDGE_CURVE('',#11793,#11816,#11818,.T.);
#11816 = VERTEX_POINT('',#11817);
#11817 = CARTESIAN_POINT('',(-28.95,224.7118598662,601.52883764764));
#11818 = SURFACE_CURVE('',#11819,(#11823,#11830),.PCURVE_S1.);
#11819 = LINE('',#11820,#11821);
#11820 = CARTESIAN_POINT('',(-28.95,167.56804136507,533.42748665436));
#11821 = VECTOR('',#11822,1.);
#11822 = DIRECTION('',(0.,0.642787609687,0.766044443119));
#11823 = PCURVE('',#11773,#11824);
#11824 = DEFINITIONAL_REPRESENTATION('',(#11825),#11829);
#11825 = LINE('',#11826,#11827);
#11826 = CARTESIAN_POINT('',(3.552713678801E-14,-89.95));
#11827 = VECTOR('',#11828,1.);
#11828 = DIRECTION('',(1.,0.));
#11829 =(GEOMETRIC_REPRESENTATION_CONTEXT(2)PARAMETRIC_REPRESENTATION_CONTEXT()REPRESENTATION_CONTEXT('2D SPACE',''));
#11830 = PCURVE('',#11721,#11831);
#11831 = DEFINITIONAL_REPRESENTATION('',(#11832),#11836);
#11832 = LINE('',#11833,#11834);
#11833 = CARTESIAN_POINT('',(0.,38.1));
#11834 = VECTOR('',#11835,1.);
#11835 = DIRECTION('',(1.,0.));
#11836 =(GEOMETRIC_REPRESENTATION_CONTEXT(2)PARAMETRIC_REPRESENTATION_CONTEXT()REPRESENTATION_CONTEXT('2D SPACE',''));
#11837 = ORIENTED_EDGE('',*,*,#11838,.F.);
#11838 = EDGE_CURVE('',#11765,#11816,#11839,.T.);
#11839 = SURFACE_CURVE('',#11840,(#11844,#11851),.PCURVE_S1.);
#11840 = LINE('',#11841,#11842);
#11841 = CARTESIAN_POINT('',(-28.95,155.80616220765,659.34758313894));
#11842 = VECTOR('',#11843,1.);
#11843 = DIRECTION('',(0.,0.766044443119,-0.642787609687));
#11844 = PCURVE('',#11773,#11845);
#11845 = DEFINITIONAL_REPRESENTATION('',(#11846),#11850);
#11846 = LINE('',#11847,#11848);
#11847 = CARTESIAN_POINT('',(88.9,1.42108547152E-14));
#11848 = VECTOR('',#11849,1.);
#11849 = DIRECTION('',(0.,-1.));
#11850 =(GEOMETRIC_REPRESENTATION_CONTEXT(2)PARAMETRIC_REPRESENTATION_CONTEXT()REPRESENTATION_CONTEXT('2D SPACE',''));
#11851 = PCURVE('',#11747,#11852);
#11852 = DEFINITIONAL_REPRESENTATION('',(#11853),#11857);
#11853 = LINE('',#11854,#11855);
#11854 = CARTESIAN_POINT('',(38.1,0.));
#11855 = VECTOR('',#11856,1.);
#11856 = DIRECTION('',(0.,1.));
#11857 =(GEOMETRIC_REPRESENTATION_CONTEXT(2)PARAMETRIC_REPRESENTATION_CONTEXT()REPRESENTATION_CONTEXT('2D SPACE',''));
#11858 = ADVANCED_FACE('',(#11859),#11665,.F.);
#11859 = FACE_BOUND('',#11860,.F.);
#11860 = EDGE_LOOP('',(#11861,#11882,#11883,#11904));
#11861 = ORIENTED_EDGE('',*,*,#11862,.F.);
#11862 = EDGE_CURVE('',#11643,#11763,#11863,.T.);
#11863 = SURFACE_CURVE('',#11864,(#11868,#11875),.PCURVE_S1.);
#11864 = LINE('',#11865,#11866);
#11865 = CARTESIAN_POINT('',(-67.05,98.662343706522,591.24623214567));
#11866 = VECTOR('',#11867,1.);
#11867 = DIRECTION('',(1.,0.,0.));
#11868 = PCURVE('',#11665,#11869);
#11869 = DEFINITIONAL_REPRESENTATION('',(#11870),#11874);
#11870 = LINE('',#11871,#11872);
#11871 = CARTESIAN_POINT('',(0.,0.));
#11872 = VECTOR('',#11873,1.);
#11873 = DIRECTION('',(0.,1.));
#11874 =(GEOMETRIC_REPRESENTATION_CONTEXT(2)PARAMETRIC_REPRESENTATION_CONTEXT()REPRESENTATION_CONTEXT('2D SPACE',''));
#11875 = PCURVE('',#11693,#11876);
#11876 = DEFINITIONAL_REPRESENTATION('',(#11877),#11881);
#11877 = LINE('',#11878,#11879);
#11878 = CARTESIAN_POINT('',(0.,0.));
#11879 = VECTOR('',#11880,1.);
#11880 = DIRECTION('',(1.,0.));
#11881 =(GEOMETRIC_REPRESENTATION_CONTEXT(2)PARAMETRIC_REPRESENTATION_CONTEXT()REPRESENTATION_CONTEXT('2D SPACE',''));
#11882 = ORIENTED_EDGE('',*,*,#11642,.T.);
#11883 = ORIENTED_EDGE('',*,*,#11884,.T.);
#11884 = EDGE_CURVE('',#11645,#11765,#11885,.T.);
#11885 = SURFACE_CURVE('',#11886,(#11890,#11897),.PCURVE_S1.);
#11886 = LINE('',#11887,#11888);
#11887 = CARTESIAN_POINT('',(-67.05,155.80616220765,659.34758313894));
#11888 = VECTOR('',#11889,1.);
#11889 = DIRECTION('',(1.,0.,0.));
#11890 = PCURVE('',#11665,#11891);
#11891 = DEFINITIONAL_REPRESENTATION('',(#11892),#11896);
#11892 = LINE('',#11893,#11894);
#11893 = CARTESIAN_POINT('',(88.9,0.));
#11894 = VECTOR('',#11895,1.);
#11895 = DIRECTION('',(0.,1.));
#11896 =(GEOMETRIC_REPRESENTATION_CONTEXT(2)PARAMETRIC_REPRESENTATION_CONTEXT()REPRESENTATION_CONTEXT('2D SPACE',''));
#11897 = PCURVE('',#11747,#11898);
#11898 = DEFINITIONAL_REPRESENTATION('',(#11899),#11903);
#11899 = LINE('',#11900,#11901);
#11900 = CARTESIAN_POINT('',(0.,0.));
#11901 = VECTOR('',#11902,1.);
#11902 = DIRECTION('',(1.,0.));
#11903 =(GEOMETRIC_REPRESENTATION_CONTEXT(2)PARAMETRIC_REPRESENTATION_CONTEXT()REPRESENTATION_CONTEXT('2D SPACE',''));
#11904 = ORIENTED_EDGE('',*,*,#11762,.F.);
#11905 = ADVANCED_FACE('',(#11906),#11721,.T.);
#11906 = FACE_BOUND('',#11907,.T.);
#11907 = EDGE_LOOP('',(#11908,#11929,#11930,#11951));
#11908 = ORIENTED_EDGE('',*,*,#11909,.F.);
#11909 = EDGE_CURVE('',#11678,#11793,#11910,.T.);
#11910 = SURFACE_CURVE('',#11911,(#11915,#11922),.PCURVE_S1.);
#11911 = LINE('',#11912,#11913);
#11912 = CARTESIAN_POINT('',(-67.05,167.56804136507,533.42748665436));
#11913 = VECTOR('',#11914,1.);
#11914 = DIRECTION('',(1.,0.,0.));
#11915 = PCURVE('',#11721,#11916);
#11916 = DEFINITIONAL_REPRESENTATION('',(#11917),#11921);
#11917 = LINE('',#11918,#11919);
#11918 = CARTESIAN_POINT('',(0.,0.));
#11919 = VECTOR('',#11920,1.);
#11920 = DIRECTION('',(0.,1.));
#11921 =(GEOMETRIC_REPRESENTATION_CONTEXT(2)PARAMETRIC_REPRESENTATION_CONTEXT()REPRESENTATION_CONTEXT('2D SPACE',''));
#11922 = PCURVE('',#11693,#11923);
#11923 = DEFINITIONAL_REPRESENTATION('',(#11924),#11928);
#11924 = LINE('',#11925,#11926);
#11925 = CARTESIAN_POINT('',(0.,89.95));
#11926 = VECTOR('',#11927,1.);
#11927 = DIRECTION('',(1.,0.));
#11928 =(GEOMETRIC_REPRESENTATION_CONTEXT(2)PARAMETRIC_REPRESENTATION_CONTEXT()REPRESENTATION_CONTEXT('2D SPACE',''));
#11929 = ORIENTED_EDGE('',*,*,#11705,.T.);
#11930 = ORIENTED_EDGE('',*,*,#11931,.T.);
#11931 = EDGE_CURVE('',#11706,#11816,#11932,.T.);
#11932 = SURFACE_CURVE('',#11933,(#11937,#11944),.PCURVE_S1.);
#11933 = LINE('',#11934,#11935);
#11934 = CARTESIAN_POINT('',(-67.05,224.7118598662,601.52883764764));
#11935 = VECTOR('',#11936,1.);
#11936 = DIRECTION('',(1.,0.,0.));
#11937 = PCURVE('',#11721,#11938);
#11938 = DEFINITIONAL_REPRESENTATION('',(#11939),#11943);
#11939 = LINE('',#11940,#11941);
#11940 = CARTESIAN_POINT('',(88.9,0.));
#11941 = VECTOR('',#11942,1.);
#11942 = DIRECTION('',(0.,1.));
#11943 =(GEOMETRIC_REPRESENTATION_CONTEXT(2)PARAMETRIC_REPRESENTATION_CONTEXT()REPRESENTATION_CONTEXT('2D SPACE',''));
#11944 = PCURVE('',#11747,#11945);
#11945 = DEFINITIONAL_REPRESENTATION('',(#11946),#11950);
#11946 = LINE('',#11947,#11948);
#11947 = CARTESIAN_POINT('',(0.,89.95));
#11948 = VECTOR('',#11949,1.);
#11949 = DIRECTION('',(1.,0.));
#11950 =(GEOMETRIC_REPRESENTATION_CONTEXT(2)PARAMETRIC_REPRESENTATION_CONTEXT()REPRESENTATION_CONTEXT('2D SPACE',''));
#11951 = ORIENTED_EDGE('',*,*,#11815,.F.);
#11952 = ADVANCED_FACE('',(#11953),#11693,.F.);
#11953 = FACE_BOUND('',#11954,.F.);
#11954 = EDGE_LOOP('',(#11955,#11956,#11957,#11958));
#11955 = ORIENTED_EDGE('',*,*,#11677,.F.);
#11956 = ORIENTED_EDGE('',*,*,#11862,.T.);
#11957 = ORIENTED_EDGE('',*,*,#11792,.T.);
#11958 = ORIENTED_EDGE('',*,*,#11909,.F.);
#11959 = ADVANCED_FACE('',(#11960),#11747,.T.);
#11960 = FACE_BOUND('',#11961,.T.);
#11961 = EDGE_LOOP('',(#11962,#11963,#11964,#11965));
#11962 = ORIENTED_EDGE('',*,*,#11733,.F.);
#11963 = ORIENTED_EDGE('',*,*,#11884,.T.);
#11964 = ORIENTED_EDGE('',*,*,#11838,.T.);
#11965 = ORIENTED_EDGE('',*,*,#11931,.F.);
#11966 =(GEOMETRIC_REPRESENTATION_CONTEXT(3)GLOBAL_UNCERTAINTY_ASSIGNED_CONTEXT((#11970))GLOBAL_UNIT_ASSIGNED_CONTEXT((#11967,#11968,#11969))REPRESENTATION_CONTEXT('Context #1','3D Context with UNIT and UNCERTAINTY'));
#11967 =(LENGTH_UNIT()NAMED_UNIT(*)SI_UNIT(.MILLI.,.METRE.));
#11968 =(NAMED_UNIT(*)PLANE_ANGLE_UNIT()SI_UNIT($,.RADIAN.));
#11969 =(NAMED_UNIT(*)SI_UNIT($,.STERADIAN.)SOLID_ANGLE_UNIT());
#11970 = UNCERTAINTY_MEASURE_WITH_UNIT(LENGTH_MEASURE(1.E-07),#11967,'distance_accuracy_value','confusion accuracy');
#11971 = CONTEXT_DEPENDENT_SHAPE_REPRESENTATION(#11972,#11974);
#11972 =(REPRESENTATION_RELATIONSHIP('','',#11635,#10)REPRESENTATION_RELATIONSHIP_WITH_TRANSFORMATION(#11973)SHAPE_REPRESENTATION_RELATIONSHIP());
#11973 = ITEM_DEFINED_TRANSFORMATION('','',#11,#139);
#11974 = PRODUCT_DEFINITION_SHAPE('Placement','Placement of an item',#11975);
#11975 = NEXT_ASSEMBLY_USAGE_OCCURRENCE('32','rib_1_seam_left','',#5,#11630,$);
#11976 = PRODUCT_RELATED_PRODUCT_CATEGORY('part',$,(#11632));
#11977 = SHAPE_DEFINITION_REPRESENTATION(#11978,#11984);
#11978 = PRODUCT_DEFINITION_SHAPE('','',#11979);
#11979 = PRODUCT_DEFINITION('design','',#11980,#11983);
#11980 = PRODUCT_DEFINITION_FORMATION('','',#11981);
#11981 = PRODUCT('rib_1_seam_right','rib_1_seam_right','',(#11982));
#11982 = PRODUCT_CONTEXT('',#2,'mechanical');
#11983 = PRODUCT_DEFINITION_CONTEXT('part definition',#2,'design');
#11984 = ADVANCED_BREP_SHAPE_REPRESENTATION('',(#11,#11985),#12315);
#11985 = MANIFOLD_SOLID_BREP('',#11986);
#11986 = CLOSED_SHELL('',(#11987,#12107,#12207,#12254,#12301,#12308));
#11987 = ADVANCED_FACE('',(#11988),#12002,.F.);
#11988 = FACE_BOUND('',#11989,.F.);
#11989 = EDGE_LOOP('',(#11990,#12025,#12053,#12081));
#11990 = ORIENTED_EDGE('',*,*,#11991,.F.);
#11991 = EDGE_CURVE('',#11992,#11994,#11996,.T.);
#11992 = VERTEX_POINT('',#11993);
#11993 = CARTESIAN_POINT('',(28.95,98.662343706522,591.24623214567));
#11994 = VERTEX_POINT('',#11995);
#11995 = CARTESIAN_POINT('',(28.95,155.80616220765,659.34758313894));
#11996 = SURFACE_CURVE('',#11997,(#12001,#12013),.PCURVE_S1.);
#11997 = LINE('',#11998,#11999);
#11998 = CARTESIAN_POINT('',(28.95,98.662343706522,591.24623214567));
#11999 = VECTOR('',#12000,1.);
#12000 = DIRECTION('',(0.,0.642787609687,0.766044443119));
#12001 = PCURVE('',#12002,#12007);
#12002 = PLANE('',#12003);
#12003 = AXIS2_PLACEMENT_3D('',#12004,#12005,#12006);
#12004 = CARTESIAN_POINT('',(28.95,98.662343706522,591.24623214567));
#12005 = DIRECTION('',(1.,0.,0.));
#12006 = DIRECTION('',(0.,0.642787609687,0.766044443119));
#12007 = DEFINITIONAL_REPRESENTATION('',(#12008),#12012);
#12008 = LINE('',#12009,#12010);
#12009 = CARTESIAN_POINT('',(0.,0.));
#12010 = VECTOR('',#12011,1.);
#12011 = DIRECTION('',(1.,0.));
#12012 =(GEOMETRIC_REPRESENTATION_CONTEXT(2)PARAMETRIC_REPRESENTATION_CONTEXT()REPRESENTATION_CONTEXT('2D SPACE',''));
#12013 = PCURVE('',#12014,#12019);
#12014 = PLANE('',#12015);
#12015 = AXIS2_PLACEMENT_3D('',#12016,#12017,#12018);
#12016 = CARTESIAN_POINT('',(28.95,98.662343706522,591.24623214567));
#12017 = DIRECTION('',(0.,0.766044443119,-0.642787609687));
#12018 = DIRECTION('',(0.,0.642787609687,0.766044443119));
#12019 = DEFINITIONAL_REPRESENTATION('',(#12020),#12024);
#12020 = LINE('',#12021,#12022);
#12021 = CARTESIAN_POINT('',(0.,0.));
#12022 = VECTOR('',#12023,1.);
#12023 = DIRECTION('',(1.,0.));
#12024 =(GEOMETRIC_REPRESENTATION_CONTEXT(2)PARAMETRIC_REPRESENTATION_CONTEXT()REPRESENTATION_CONTEXT('2D SPACE',''));
#12025 = ORIENTED_EDGE('',*,*,#12026,.T.);
#12026 = EDGE_CURVE('',#11992,#12027,#12029,.T.);
#12027 = VERTEX_POINT('',#12028);
#12028 = CARTESIAN_POINT('',(28.95,167.56804136507,533.42748665436));
#12029 = SURFACE_CURVE('',#12030,(#12034,#12041),.PCURVE_S1.);
#12030 = LINE('',#12031,#12032);
#12031 = CARTESIAN_POINT('',(28.95,98.662343706522,591.24623214567));
#12032 = VECTOR('',#12033,1.);
#12033 = DIRECTION('',(0.,0.766044443119,-0.642787609687));
#12034 = PCURVE('',#12002,#12035);
#12035 = DEFINITIONAL_REPRESENTATION('',(#12036),#12040);
#12036 = LINE('',#12037,#12038);
#12037 = CARTESIAN_POINT('',(0.,0.));
#12038 = VECTOR('',#12039,1.);
#12039 = DIRECTION('',(0.,-1.));
#12040 =(GEOMETRIC_REPRESENTATION_CONTEXT(2)PARAMETRIC_REPRESENTATION_CONTEXT()REPRESENTATION_CONTEXT('2D SPACE',''));
#12041 = PCURVE('',#12042,#12047);
#12042 = PLANE('',#12043);
#12043 = AXIS2_PLACEMENT_3D('',#12044,#12045,#12046);
#12044 = CARTESIAN_POINT('',(28.95,98.662343706522,591.24623214567));
#12045 = DIRECTION('',(0.,0.642787609687,0.766044443119));
#12046 = DIRECTION('',(1.,0.,0.));
#12047 = DEFINITIONAL_REPRESENTATION('',(#12048),#12052);
#12048 = LINE('',#12049,#12050);
#12049 = CARTESIAN_POINT('',(0.,0.));
#12050 = VECTOR('',#12051,1.);
#12051 = DIRECTION('',(0.,1.));
#12052 =(GEOMETRIC_REPRESENTATION_CONTEXT(2)PARAMETRIC_REPRESENTATION_CONTEXT()REPRESENTATION_CONTEXT('2D SPACE',''));
#12053 = ORIENTED_EDGE('',*,*,#12054,.T.);
#12054 = EDGE_CURVE('',#12027,#12055,#12057,.T.);
#12055 = VERTEX_POINT('',#12056);
#12056 = CARTESIAN_POINT('',(28.95,224.7118598662,601.52883764764));
#12057 = SURFACE_CURVE('',#12058,(#12062,#12069),.PCURVE_S1.);
#12058 = LINE('',#12059,#12060);
#12059 = CARTESIAN_POINT('',(28.95,167.56804136507,533.42748665436));
#12060 = VECTOR('',#12061,1.);
#12061 = DIRECTION('',(0.,0.642787609687,0.766044443119));
#12062 = PCURVE('',#12002,#12063);
#12063 = DEFINITIONAL_REPRESENTATION('',(#12064),#12068);
#12064 = LINE('',#12065,#12066);
#12065 = CARTESIAN_POINT('',(3.552713678801E-14,-89.95));
#12066 = VECTOR('',#12067,1.);
#12067 = DIRECTION('',(1.,0.));
#12068 =(GEOMETRIC_REPRESENTATION_CONTEXT(2)PARAMETRIC_REPRESENTATION_CONTEXT()REPRESENTATION_CONTEXT('2D SPACE',''));
#12069 = PCURVE('',#12070,#12075);
#12070 = PLANE('',#12071);
#12071 = AXIS2_PLACEMENT_3D('',#12072,#12073,#12074);
#12072 = CARTESIAN_POINT('',(28.95,167.56804136507,533.42748665436));
#12073 = DIRECTION('',(0.,0.766044443119,-0.642787609687));
#12074 = DIRECTION('',(0.,0.642787609687,0.766044443119));
#12075 = DEFINITIONAL_REPRESENTATION('',(#12076),#12080);
#12076 = LINE('',#12077,#12078);
#12077 = CARTESIAN_POINT('',(0.,0.));
#12078 = VECTOR('',#12079,1.);
#12079 = DIRECTION('',(1.,0.));
#12080 =(GEOMETRIC_REPRESENTATION_CONTEXT(2)PARAMETRIC_REPRESENTATION_CONTEXT()REPRESENTATION_CONTEXT('2D SPACE',''));
#12081 = ORIENTED_EDGE('',*,*,#12082,.F.);
#12082 = EDGE_CURVE('',#11994,#12055,#12083,.T.);
#12083 = SURFACE_CURVE('',#12084,(#12088,#12095),.PCURVE_S1.);
#12084 = LINE('',#12085,#12086);
#12085 = CARTESIAN_POINT('',(28.95,155.80616220765,659.34758313894));
#12086 = VECTOR('',#12087,1.);
#12087 = DIRECTION('',(0.,0.766044443119,-0.642787609687));
#12088 = PCURVE('',#12002,#12089);
#12089 = DEFINITIONAL_REPRESENTATION('',(#12090),#12094);
#12090 = LINE('',#12091,#12092);
#12091 = CARTESIAN_POINT('',(88.9,1.42108547152E-14));
#12092 = VECTOR('',#12093,1.);
#12093 = DIRECTION('',(0.,-1.));
#12094 =(GEOMETRIC_REPRESENTATION_CONTEXT(2)PARAMETRIC_REPRESENTATION_CONTEXT()REPRESENTATION_CONTEXT('2D SPACE',''));
#12095 = PCURVE('',#12096,#12101);
#12096 = PLANE('',#12097);
#12097 = AXIS2_PLACEMENT_3D('',#12098,#12099,#12100);
#12098 = CARTESIAN_POINT('',(28.95,155.80616220765,659.34758313894));
#12099 = DIRECTION('',(0.,0.642787609687,0.766044443119));
#12100 = DIRECTION('',(1.,0.,0.));
#12101 = DEFINITIONAL_REPRESENTATION('',(#12102),#12106);
#12102 = LINE('',#12103,#12104);
#12103 = CARTESIAN_POINT('',(0.,0.));
#12104 = VECTOR('',#12105,1.);
#12105 = DIRECTION('',(0.,1.));
#12106 =(GEOMETRIC_REPRESENTATION_CONTEXT(2)PARAMETRIC_REPRESENTATION_CONTEXT()REPRESENTATION_CONTEXT('2D SPACE',''));
#12107 = ADVANCED_FACE('',(#12108),#12122,.T.);
#12108 = FACE_BOUND('',#12109,.T.);
#12109 = EDGE_LOOP('',(#12110,#12140,#12163,#12186));
#12110 = ORIENTED_EDGE('',*,*,#12111,.F.);
#12111 = EDGE_CURVE('',#12112,#12114,#12116,.T.);
#12112 = VERTEX_POINT('',#12113);
#12113 = CARTESIAN_POINT('',(67.05,98.662343706522,591.24623214567));
#12114 = VERTEX_POINT('',#12115);
#12115 = CARTESIAN_POINT('',(67.05,155.80616220765,659.34758313894));
#12116 = SURFACE_CURVE('',#12117,(#12121,#12133),.PCURVE_S1.);
#12117 = LINE('',#12118,#12119);
#12118 = CARTESIAN_POINT('',(67.05,98.662343706522,591.24623214567));
#12119 = VECTOR('',#12120,1.);
#12120 = DIRECTION('',(0.,0.642787609687,0.766044443119));
#12121 = PCURVE('',#12122,#12127);
#12122 = PLANE('',#12123);
#12123 = AXIS2_PLACEMENT_3D('',#12124,#12125,#12126);
#12124 = CARTESIAN_POINT('',(67.05,98.662343706522,591.24623214567));
#12125 = DIRECTION('',(1.,0.,0.));
#12126 = DIRECTION('',(0.,0.642787609687,0.766044443119));
#12127 = DEFINITIONAL_REPRESENTATION('',(#12128),#12132);
#12128 = LINE('',#12129,#12130);
#12129 = CARTESIAN_POINT('',(0.,0.));
#12130 = VECTOR('',#12131,1.);
#12131 = DIRECTION('',(1.,0.));
#12132 =(GEOMETRIC_REPRESENTATION_CONTEXT(2)PARAMETRIC_REPRESENTATION_CONTEXT()REPRESENTATION_CONTEXT('2D SPACE',''));
#12133 = PCURVE('',#12014,#12134);
#12134 = DEFINITIONAL_REPRESENTATION('',(#12135),#12139);
#12135 = LINE('',#12136,#12137);
#12136 = CARTESIAN_POINT('',(0.,38.1));
#12137 = VECTOR('',#12138,1.);
#12138 = DIRECTION('',(1.,0.));
#12139 =(GEOMETRIC_REPRESENTATION_CONTEXT(2)PARAMETRIC_REPRESENTATION_CONTEXT()REPRESENTATION_CONTEXT('2D SPACE',''));
#12140 = ORIENTED_EDGE('',*,*,#12141,.T.);
#12141 = EDGE_CURVE('',#12112,#12142,#12144,.T.);
#12142 = VERTEX_POINT('',#12143);
#12143 = CARTESIAN_POINT('',(67.05,167.56804136507,533.42748665436));
#12144 = SURFACE_CURVE('',#12145,(#12149,#12156),.PCURVE_S1.);
#12145 = LINE('',#12146,#12147);
#12146 = CARTESIAN_POINT('',(67.05,98.662343706522,591.24623214567));
#12147 = VECTOR('',#12148,1.);
#12148 = DIRECTION('',(0.,0.766044443119,-0.642787609687));
#12149 = PCURVE('',#12122,#12150);
#12150 = DEFINITIONAL_REPRESENTATION('',(#12151),#12155);
#12151 = LINE('',#12152,#12153);
#12152 = CARTESIAN_POINT('',(0.,0.));
#12153 = VECTOR('',#12154,1.);
#12154 = DIRECTION('',(0.,-1.));
#12155 =(GEOMETRIC_REPRESENTATION_CONTEXT(2)PARAMETRIC_REPRESENTATION_CONTEXT()REPRESENTATION_CONTEXT('2D SPACE',''));
#12156 = PCURVE('',#12042,#12157);
#12157 = DEFINITIONAL_REPRESENTATION('',(#12158),#12162);
#12158 = LINE('',#12159,#12160);
#12159 = CARTESIAN_POINT('',(38.1,0.));
#12160 = VECTOR('',#12161,1.);
#12161 = DIRECTION('',(0.,1.));
#12162 =(GEOMETRIC_REPRESENTATION_CONTEXT(2)PARAMETRIC_REPRESENTATION_CONTEXT()REPRESENTATION_CONTEXT('2D SPACE',''));
#12163 = ORIENTED_EDGE('',*,*,#12164,.T.);
#12164 = EDGE_CURVE('',#12142,#12165,#12167,.T.);
#12165 = VERTEX_POINT('',#12166);
#12166 = CARTESIAN_POINT('',(67.05,224.7118598662,601.52883764764));
#12167 = SURFACE_CURVE('',#12168,(#12172,#12179),.PCURVE_S1.);
#12168 = LINE('',#12169,#12170);
#12169 = CARTESIAN_POINT('',(67.05,167.56804136507,533.42748665436));
#12170 = VECTOR('',#12171,1.);
#12171 = DIRECTION('',(0.,0.642787609687,0.766044443119));
#12172 = PCURVE('',#12122,#12173);
#12173 = DEFINITIONAL_REPRESENTATION('',(#12174),#12178);
#12174 = LINE('',#12175,#12176);
#12175 = CARTESIAN_POINT('',(3.552713678801E-14,-89.95));
#12176 = VECTOR('',#12177,1.);
#12177 = DIRECTION('',(1.,0.));
#12178 =(GEOMETRIC_REPRESENTATION_CONTEXT(2)PARAMETRIC_REPRESENTATION_CONTEXT()REPRESENTATION_CONTEXT('2D SPACE',''));
#12179 = PCURVE('',#12070,#12180);
#12180 = DEFINITIONAL_REPRESENTATION('',(#12181),#12185);
#12181 = LINE('',#12182,#12183);
#12182 = CARTESIAN_POINT('',(0.,38.1));
#12183 = VECTOR('',#12184,1.);
#12184 = DIRECTION('',(1.,0.));
#12185 =(GEOMETRIC_REPRESENTATION_CONTEXT(2)PARAMETRIC_REPRESENTATION_CONTEXT()REPRESENTATION_CONTEXT('2D SPACE',''));
#12186 = ORIENTED_EDGE('',*,*,#12187,.F.);
#12187 = EDGE_CURVE('',#12114,#12165,#12188,.T.);
#12188 = SURFACE_CURVE('',#12189,(#12193,#12200),.PCURVE_S1.);
#12189 = LINE('',#12190,#12191);
#12190 = CARTESIAN_POINT('',(67.05,155.80616220765,659.34758313894));
#12191 = VECTOR('',#12192,1.);
#12192 = DIRECTION('',(0.,0.766044443119,-0.642787609687));
#12193 = PCURVE('',#12122,#12194);
#12194 = DEFINITIONAL_REPRESENTATION('',(#12195),#12199);
#12195 = LINE('',#12196,#12197);
#12196 = CARTESIAN_POINT('',(88.9,1.42108547152E-14));
#12197 = VECTOR('',#12198,1.);
#12198 = DIRECTION('',(0.,-1.));
#12199 =(GEOMETRIC_REPRESENTATION_CONTEXT(2)PARAMETRIC_REPRESENTATION_CONTEXT()REPRESENTATION_CONTEXT('2D SPACE',''));
#12200 = PCURVE('',#12096,#12201);
#12201 = DEFINITIONAL_REPRESENTATION('',(#12202),#12206);
#12202 = LINE('',#12203,#12204);
#12203 = CARTESIAN_POINT('',(38.1,0.));
#12204 = VECTOR('',#12205,1.);
#12205 = DIRECTION('',(0.,1.));
#12206 =(GEOMETRIC_REPRESENTATION_CONTEXT(2)PARAMETRIC_REPRESENTATION_CONTEXT()REPRESENTATION_CONTEXT('2D SPACE',''));
#12207 = ADVANCED_FACE('',(#12208),#12014,.F.);
#12208 = FACE_BOUND('',#12209,.F.);
#12209 = EDGE_LOOP('',(#12210,#12231,#12232,#12253));
#12210 = ORIENTED_EDGE('',*,*,#12211,.F.);
#12211 = EDGE_CURVE('',#11992,#12112,#12212,.T.);
#12212 = SURFACE_CURVE('',#12213,(#12217,#12224),.PCURVE_S1.);
#12213 = LINE('',#12214,#12215);
#12214 = CARTESIAN_POINT('',(28.95,98.662343706522,591.24623214567));
#12215 = VECTOR('',#12216,1.);
#12216 = DIRECTION('',(1.,0.,0.));
#12217 = PCURVE('',#12014,#12218);
#12218 = DEFINITIONAL_REPRESENTATION('',(#12219),#12223);
#12219 = LINE('',#12220,#12221);
#12220 = CARTESIAN_POINT('',(0.,0.));
#12221 = VECTOR('',#12222,1.);
#12222 = DIRECTION('',(0.,1.));
#12223 =(GEOMETRIC_REPRESENTATION_CONTEXT(2)PARAMETRIC_REPRESENTATION_CONTEXT()REPRESENTATION_CONTEXT('2D SPACE',''));
#12224 = PCURVE('',#12042,#12225);
#12225 = DEFINITIONAL_REPRESENTATION('',(#12226),#12230);
#12226 = LINE('',#12227,#12228);
#12227 = CARTESIAN_POINT('',(0.,0.));
#12228 = VECTOR('',#12229,1.);
#12229 = DIRECTION('',(1.,0.));
#12230 =(GEOMETRIC_REPRESENTATION_CONTEXT(2)PARAMETRIC_REPRESENTATION_CONTEXT()REPRESENTATION_CONTEXT('2D SPACE',''));
#12231 = ORIENTED_EDGE('',*,*,#11991,.T.);
#12232 = ORIENTED_EDGE('',*,*,#12233,.T.);
#12233 = EDGE_CURVE('',#11994,#12114,#12234,.T.);
#12234 = SURFACE_CURVE('',#12235,(#12239,#12246),.PCURVE_S1.);
#12235 = LINE('',#12236,#12237);
#12236 = CARTESIAN_POINT('',(28.95,155.80616220765,659.34758313894));
#12237 = VECTOR('',#12238,1.);
#12238 = DIRECTION('',(1.,0.,0.));
#12239 = PCURVE('',#12014,#12240);
#12240 = DEFINITIONAL_REPRESENTATION('',(#12241),#12245);
#12241 = LINE('',#12242,#12243);
#12242 = CARTESIAN_POINT('',(88.9,0.));
#12243 = VECTOR('',#12244,1.);
#12244 = DIRECTION('',(0.,1.));
#12245 =(GEOMETRIC_REPRESENTATION_CONTEXT(2)PARAMETRIC_REPRESENTATION_CONTEXT()REPRESENTATION_CONTEXT('2D SPACE',''));
#12246 = PCURVE('',#12096,#12247);
#12247 = DEFINITIONAL_REPRESENTATION('',(#12248),#12252);
#12248 = LINE('',#12249,#12250);
#12249 = CARTESIAN_POINT('',(0.,0.));
#12250 = VECTOR('',#12251,1.);
#12251 = DIRECTION('',(1.,0.));
#12252 =(GEOMETRIC_REPRESENTATION_CONTEXT(2)PARAMETRIC_REPRESENTATION_CONTEXT()REPRESENTATION_CONTEXT('2D SPACE',''));
#12253 = ORIENTED_EDGE('',*,*,#12111,.F.);
#12254 = ADVANCED_FACE('',(#12255),#12070,.T.);
#12255 = FACE_BOUND('',#12256,.T.);
#12256 = EDGE_LOOP('',(#12257,#12278,#12279,#12300));
#12257 = ORIENTED_EDGE('',*,*,#12258,.F.);
#12258 = EDGE_CURVE('',#12027,#12142,#12259,.T.);
#12259 = SURFACE_CURVE('',#12260,(#12264,#12271),.PCURVE_S1.);
#12260 = LINE('',#12261,#12262);
#12261 = CARTESIAN_POINT('',(28.95,167.56804136507,533.42748665436));
#12262 = VECTOR('',#12263,1.);
#12263 = DIRECTION('',(1.,0.,0.));
#12264 = PCURVE('',#12070,#12265);
#12265 = DEFINITIONAL_REPRESENTATION('',(#12266),#12270);
#12266 = LINE('',#12267,#12268);
#12267 = CARTESIAN_POINT('',(0.,0.));
#12268 = VECTOR('',#12269,1.);
#12269 = DIRECTION('',(0.,1.));
#12270 =(GEOMETRIC_REPRESENTATION_CONTEXT(2)PARAMETRIC_REPRESENTATION_CONTEXT()REPRESENTATION_CONTEXT('2D SPACE',''));
#12271 = PCURVE('',#12042,#12272);
#12272 = DEFINITIONAL_REPRESENTATION('',(#12273),#12277);
#12273 = LINE('',#12274,#12275);
#12274 = CARTESIAN_POINT('',(0.,89.95));
#12275 = VECTOR('',#12276,1.);
#12276 = DIRECTION('',(1.,0.));
#12277 =(GEOMETRIC_REPRESENTATION_CONTEXT(2)PARAMETRIC_REPRESENTATION_CONTEXT()REPRESENTATION_CONTEXT('2D SPACE',''));
#12278 = ORIENTED_EDGE('',*,*,#12054,.T.);
#12279 = ORIENTED_EDGE('',*,*,#12280,.T.);
#12280 = EDGE_CURVE('',#12055,#12165,#12281,.T.);
#12281 = SURFACE_CURVE('',#12282,(#12286,#12293),.PCURVE_S1.);
#12282 = LINE('',#12283,#12284);
#12283 = CARTESIAN_POINT('',(28.95,224.7118598662,601.52883764764));
#12284 = VECTOR('',#12285,1.);
#12285 = DIRECTION('',(1.,0.,0.));
#12286 = PCURVE('',#12070,#12287);
#12287 = DEFINITIONAL_REPRESENTATION('',(#12288),#12292);
#12288 = LINE('',#12289,#12290);
#12289 = CARTESIAN_POINT('',(88.9,0.));
#12290 = VECTOR('',#12291,1.);
#12291 = DIRECTION('',(0.,1.));
#12292 =(GEOMETRIC_REPRESENTATION_CONTEXT(2)PARAMETRIC_REPRESENTATION_CONTEXT()REPRESENTATION_CONTEXT('2D SPACE',''));
#12293 = PCURVE('',#12096,#12294);
#12294 = DEFINITIONAL_REPRESENTATION('',(#12295),#12299);
#12295 = LINE('',#12296,#12297);
#12296 = CARTESIAN_POINT('',(0.,89.95));
#12297 = VECTOR('',#12298,1.);
#12298 = DIRECTION('',(1.,0.));
#12299 =(GEOMETRIC_REPRESENTATION_CONTEXT(2)PARAMETRIC_REPRESENTATION_CONTEXT()REPRESENTATION_CONTEXT('2D SPACE',''));
#12300 = ORIENTED_EDGE('',*,*,#12164,.F.);
#12301 = ADVANCED_FACE('',(#12302),#12042,.F.);
#12302 = FACE_BOUND('',#12303,.F.);
#12303 = EDGE_LOOP('',(#12304,#12305,#12306,#12307));
#12304 = ORIENTED_EDGE('',*,*,#12026,.F.);
#12305 = ORIENTED_EDGE('',*,*,#12211,.T.);
#12306 = ORIENTED_EDGE('',*,*,#12141,.T.);
#12307 = ORIENTED_EDGE('',*,*,#12258,.F.);
#12308 = ADVANCED_FACE('',(#12309),#12096,.T.);
#12309 = FACE_BOUND('',#12310,.T.);
#12310 = EDGE_LOOP('',(#12311,#12312,#12313,#12314));
#12311 = ORIENTED_EDGE('',*,*,#12082,.F.);
#12312 = ORIENTED_EDGE('',*,*,#12233,.T.);
#12313 = ORIENTED_EDGE('',*,*,#12187,.T.);
#12314 = ORIENTED_EDGE('',*,*,#12280,.F.);
#12315 =(GEOMETRIC_REPRESENTATION_CONTEXT(3)GLOBAL_UNCERTAINTY_ASSIGNED_CONTEXT((#12319))GLOBAL_UNIT_ASSIGNED_CONTEXT((#12316,#12317,#12318))REPRESENTATION_CONTEXT('Context #1','3D Context with UNIT and UNCERTAINTY'));
#12316 =(LENGTH_UNIT()NAMED_UNIT(*)SI_UNIT(.MILLI.,.METRE.));
#12317 =(NAMED_UNIT(*)PLANE_ANGLE_UNIT()SI_UNIT($,.RADIAN.));
#12318 =(NAMED_UNIT(*)SI_UNIT($,.STERADIAN.)SOLID_ANGLE_UNIT());
#12319 = UNCERTAINTY_MEASURE_WITH_UNIT(LENGTH_MEASURE(1.E-07),#12316,'distance_accuracy_value','confusion accuracy');
#12320 = CONTEXT_DEPENDENT_SHAPE_REPRESENTATION(#12321,#12323);
#12321 =(REPRESENTATION_RELATIONSHIP('','',#11984,#10)REPRESENTATION_RELATIONSHIP_WITH_TRANSFORMATION(#12322)SHAPE_REPRESENTATION_RELATIONSHIP());
#12322 = ITEM_DEFINED_TRANSFORMATION('','',#11,#143);
#12323 = PRODUCT_DEFINITION_SHAPE('Placement','Placement of an item',#12324);
#12324 = NEXT_ASSEMBLY_USAGE_OCCURRENCE('33','rib_1_seam_right','',#5,#11979,$);
#12325 = PRODUCT_RELATED_PRODUCT_CATEGORY('part',$,(#11981));
#12326 = SHAPE_DEFINITION_REPRESENTATION(#12327,#12333);
#12327 = PRODUCT_DEFINITION_SHAPE('','',#12328);
#12328 = PRODUCT_DEFINITION('design','',#12329,#12332);
#12329 = PRODUCT_DEFINITION_FORMATION('','',#12330);
#12330 = PRODUCT('rib_1_mid_left','rib_1_mid_left','',(#12331));
#12331 = PRODUCT_CONTEXT('',#2,'mechanical');
#12332 = PRODUCT_DEFINITION_CONTEXT('part definition',#2,'design');
#12333 = ADVANCED_BREP_SHAPE_REPRESENTATION('',(#11,#12334),#12664);
#12334 = MANIFOLD_SOLID_BREP('',#12335);
#12335 = CLOSED_SHELL('',(#12336,#12456,#12556,#12603,#12650,#12657));
#12336 = ADVANCED_FACE('',(#12337),#12351,.F.);
#12337 = FACE_BOUND('',#12338,.F.);
#12338 = EDGE_LOOP('',(#12339,#12374,#12402,#12430));
#12339 = ORIENTED_EDGE('',*,*,#12340,.F.);
#12340 = EDGE_CURVE('',#12341,#12343,#12345,.T.);
#12341 = VERTEX_POINT('',#12342);
#12342 = CARTESIAN_POINT('',(-538.25,98.662343706522,591.24623214567));
#12343 = VERTEX_POINT('',#12344);
#12344 = CARTESIAN_POINT('',(-538.25,155.80616220765,659.34758313894));
#12345 = SURFACE_CURVE('',#12346,(#12350,#12362),.PCURVE_S1.);
#12346 = LINE('',#12347,#12348);
#12347 = CARTESIAN_POINT('',(-538.25,98.662343706522,591.24623214567));
#12348 = VECTOR('',#12349,1.);
#12349 = DIRECTION('',(0.,0.642787609687,0.766044443119));
#12350 = PCURVE('',#12351,#12356);
#12351 = PLANE('',#12352);
#12352 = AXIS2_PLACEMENT_3D('',#12353,#12354,#12355);
#12353 = CARTESIAN_POINT('',(-538.25,98.662343706522,591.24623214567));
#12354 = DIRECTION('',(1.,0.,0.));
#12355 = DIRECTION('',(0.,0.642787609687,0.766044443119));
#12356 = DEFINITIONAL_REPRESENTATION('',(#12357),#12361);
#12357 = LINE('',#12358,#12359);
#12358 = CARTESIAN_POINT('',(0.,0.));
#12359 = VECTOR('',#12360,1.);
#12360 = DIRECTION('',(1.,0.));
#12361 =(GEOMETRIC_REPRESENTATION_CONTEXT(2)PARAMETRIC_REPRESENTATION_CONTEXT()REPRESENTATION_CONTEXT('2D SPACE',''));
#12362 = PCURVE('',#12363,#12368);
#12363 = PLANE('',#12364);
#12364 = AXIS2_PLACEMENT_3D('',#12365,#12366,#12367);
#12365 = CARTESIAN_POINT('',(-538.25,98.662343706522,591.24623214567));
#12366 = DIRECTION('',(0.,0.766044443119,-0.642787609687));
#12367 = DIRECTION('',(0.,0.642787609687,0.766044443119));
#12368 = DEFINITIONAL_REPRESENTATION('',(#12369),#12373);
#12369 = LINE('',#12370,#12371);
#12370 = CARTESIAN_POINT('',(0.,0.));
#12371 = VECTOR('',#12372,1.);
#12372 = DIRECTION('',(1.,0.));
#12373 =(GEOMETRIC_REPRESENTATION_CONTEXT(2)PARAMETRIC_REPRESENTATION_CONTEXT()REPRESENTATION_CONTEXT('2D SPACE',''));
#12374 = ORIENTED_EDGE('',*,*,#12375,.T.);
#12375 = EDGE_CURVE('',#12341,#12376,#12378,.T.);
#12376 = VERTEX_POINT('',#12377);
#12377 = CARTESIAN_POINT('',(-538.25,167.56804136507,533.42748665436));
#12378 = SURFACE_CURVE('',#12379,(#12383,#12390),.PCURVE_S1.);
#12379 = LINE('',#12380,#12381);
#12380 = CARTESIAN_POINT('',(-538.25,98.662343706522,591.24623214567));
#12381 = VECTOR('',#12382,1.);
#12382 = DIRECTION('',(0.,0.766044443119,-0.642787609687));
#12383 = PCURVE('',#12351,#12384);
#12384 = DEFINITIONAL_REPRESENTATION('',(#12385),#12389);
#12385 = LINE('',#12386,#12387);
#12386 = CARTESIAN_POINT('',(0.,0.));
#12387 = VECTOR('',#12388,1.);
#12388 = DIRECTION('',(0.,-1.));
#12389 =(GEOMETRIC_REPRESENTATION_CONTEXT(2)PARAMETRIC_REPRESENTATION_CONTEXT()REPRESENTATION_CONTEXT('2D SPACE',''));
#12390 = PCURVE('',#12391,#12396);
#12391 = PLANE('',#12392);
#12392 = AXIS2_PLACEMENT_3D('',#12393,#12394,#12395);
#12393 = CARTESIAN_POINT('',(-538.25,98.662343706522,591.24623214567));
#12394 = DIRECTION('',(0.,0.642787609687,0.766044443119));
#12395 = DIRECTION('',(1.,0.,0.));
#12396 = DEFINITIONAL_REPRESENTATION('',(#12397),#12401);
#12397 = LINE('',#12398,#12399);
#12398 = CARTESIAN_POINT('',(0.,0.));
#12399 = VECTOR('',#12400,1.);
#12400 = DIRECTION('',(0.,1.));
#12401 =(GEOMETRIC_REPRESENTATION_CONTEXT(2)PARAMETRIC_REPRESENTATION_CONTEXT()REPRESENTATION_CONTEXT('2D SPACE',''));
#12402 = ORIENTED_EDGE('',*,*,#12403,.T.);
#12403 = EDGE_CURVE('',#12376,#12404,#12406,.T.);
#12404 = VERTEX_POINT('',#12405);
#12405 = CARTESIAN_POINT('',(-538.25,224.7118598662,601.52883764764));
#12406 = SURFACE_CURVE('',#12407,(#12411,#12418),.PCURVE_S1.);
#12407 = LINE('',#12408,#12409);
#12408 = CARTESIAN_POINT('',(-538.25,167.56804136507,533.42748665436));
#12409 = VECTOR('',#12410,1.);
#12410 = DIRECTION('',(0.,0.642787609687,0.766044443119));
#12411 = PCURVE('',#12351,#12412);
#12412 = DEFINITIONAL_REPRESENTATION('',(#12413),#12417);
#12413 = LINE('',#12414,#12415);
#12414 = CARTESIAN_POINT('',(3.552713678801E-14,-89.95));
#12415 = VECTOR('',#12416,1.);
#12416 = DIRECTION('',(1.,0.));
#12417 =(GEOMETRIC_REPRESENTATION_CONTEXT(2)PARAMETRIC_REPRESENTATION_CONTEXT()REPRESENTATION_CONTEXT('2D SPACE',''));
#12418 = PCURVE('',#12419,#12424);
#12419 = PLANE('',#12420);
#12420 = AXIS2_PLACEMENT_3D('',#12421,#12422,#12423);
#12421 = CARTESIAN_POINT('',(-538.25,167.56804136507,533.42748665436));
#12422 = DIRECTION('',(0.,0.766044443119,-0.642787609687));
#12423 = DIRECTION('',(0.,0.642787609687,0.766044443119));
#12424 = DEFINITIONAL_REPRESENTATION('',(#12425),#12429);
#12425 = LINE('',#12426,#12427);
#12426 = CARTESIAN_POINT('',(0.,0.));
#12427 = VECTOR('',#12428,1.);
#12428 = DIRECTION('',(1.,0.));
#12429 =(GEOMETRIC_REPRESENTATION_CONTEXT(2)PARAMETRIC_REPRESENTATION_CONTEXT()REPRESENTATION_CONTEXT('2D SPACE',''));
#12430 = ORIENTED_EDGE('',*,*,#12431,.F.);
#12431 = EDGE_CURVE('',#12343,#12404,#12432,.T.);
#12432 = SURFACE_CURVE('',#12433,(#12437,#12444),.PCURVE_S1.);
#12433 = LINE('',#12434,#12435);
#12434 = CARTESIAN_POINT('',(-538.25,155.80616220765,659.34758313894));
#12435 = VECTOR('',#12436,1.);
#12436 = DIRECTION('',(0.,0.766044443119,-0.642787609687));
#12437 = PCURVE('',#12351,#12438);
#12438 = DEFINITIONAL_REPRESENTATION('',(#12439),#12443);
#12439 = LINE('',#12440,#12441);
#12440 = CARTESIAN_POINT('',(88.9,1.42108547152E-14));
#12441 = VECTOR('',#12442,1.);
#12442 = DIRECTION('',(0.,-1.));
#12443 =(GEOMETRIC_REPRESENTATION_CONTEXT(2)PARAMETRIC_REPRESENTATION_CONTEXT()REPRESENTATION_CONTEXT('2D SPACE',''));
#12444 = PCURVE('',#12445,#12450);
#12445 = PLANE('',#12446);
#12446 = AXIS2_PLACEMENT_3D('',#12447,#12448,#12449);
#12447 = CARTESIAN_POINT('',(-538.25,155.80616220765,659.34758313894));
#12448 = DIRECTION('',(0.,0.642787609687,0.766044443119));
#12449 = DIRECTION('',(1.,0.,0.));
#12450 = DEFINITIONAL_REPRESENTATION('',(#12451),#12455);
#12451 = LINE('',#12452,#12453);
#12452 = CARTESIAN_POINT('',(0.,0.));
#12453 = VECTOR('',#12454,1.);
#12454 = DIRECTION('',(0.,1.));
#12455 =(GEOMETRIC_REPRESENTATION_CONTEXT(2)PARAMETRIC_REPRESENTATION_CONTEXT()REPRESENTATION_CONTEXT('2D SPACE',''));
#12456 = ADVANCED_FACE('',(#12457),#12471,.T.);
#12457 = FACE_BOUND('',#12458,.T.);
#12458 = EDGE_LOOP('',(#12459,#12489,#12512,#12535));
#12459 = ORIENTED_EDGE('',*,*,#12460,.F.);
#12460 = EDGE_CURVE('',#12461,#12463,#12465,.T.);
#12461 = VERTEX_POINT('',#12462);
#12462 = CARTESIAN_POINT('',(-500.15,98.662343706522,591.24623214567));
#12463 = VERTEX_POINT('',#12464);
#12464 = CARTESIAN_POINT('',(-500.15,155.80616220765,659.34758313894));
#12465 = SURFACE_CURVE('',#12466,(#12470,#12482),.PCURVE_S1.);
#12466 = LINE('',#12467,#12468);
#12467 = CARTESIAN_POINT('',(-500.15,98.662343706522,591.24623214567));
#12468 = VECTOR('',#12469,1.);
#12469 = DIRECTION('',(0.,0.642787609687,0.766044443119));
#12470 = PCURVE('',#12471,#12476);
#12471 = PLANE('',#12472);
#12472 = AXIS2_PLACEMENT_3D('',#12473,#12474,#12475);
#12473 = CARTESIAN_POINT('',(-500.15,98.662343706522,591.24623214567));
#12474 = DIRECTION('',(1.,0.,0.));
#12475 = DIRECTION('',(0.,0.642787609687,0.766044443119));
#12476 = DEFINITIONAL_REPRESENTATION('',(#12477),#12481);
#12477 = LINE('',#12478,#12479);
#12478 = CARTESIAN_POINT('',(0.,0.));
#12479 = VECTOR('',#12480,1.);
#12480 = DIRECTION('',(1.,0.));
#12481 =(GEOMETRIC_REPRESENTATION_CONTEXT(2)PARAMETRIC_REPRESENTATION_CONTEXT()REPRESENTATION_CONTEXT('2D SPACE',''));
#12482 = PCURVE('',#12363,#12483);
#12483 = DEFINITIONAL_REPRESENTATION('',(#12484),#12488);
#12484 = LINE('',#12485,#12486);
#12485 = CARTESIAN_POINT('',(0.,38.1));
#12486 = VECTOR('',#12487,1.);
#12487 = DIRECTION('',(1.,0.));
#12488 =(GEOMETRIC_REPRESENTATION_CONTEXT(2)PARAMETRIC_REPRESENTATION_CONTEXT()REPRESENTATION_CONTEXT('2D SPACE',''));
#12489 = ORIENTED_EDGE('',*,*,#12490,.T.);
#12490 = EDGE_CURVE('',#12461,#12491,#12493,.T.);
#12491 = VERTEX_POINT('',#12492);
#12492 = CARTESIAN_POINT('',(-500.15,167.56804136507,533.42748665436));
#12493 = SURFACE_CURVE('',#12494,(#12498,#12505),.PCURVE_S1.);
#12494 = LINE('',#12495,#12496);
#12495 = CARTESIAN_POINT('',(-500.15,98.662343706522,591.24623214567));
#12496 = VECTOR('',#12497,1.);
#12497 = DIRECTION('',(0.,0.766044443119,-0.642787609687));
#12498 = PCURVE('',#12471,#12499);
#12499 = DEFINITIONAL_REPRESENTATION('',(#12500),#12504);
#12500 = LINE('',#12501,#12502);
#12501 = CARTESIAN_POINT('',(0.,0.));
#12502 = VECTOR('',#12503,1.);
#12503 = DIRECTION('',(0.,-1.));
#12504 =(GEOMETRIC_REPRESENTATION_CONTEXT(2)PARAMETRIC_REPRESENTATION_CONTEXT()REPRESENTATION_CONTEXT('2D SPACE',''));
#12505 = PCURVE('',#12391,#12506);
#12506 = DEFINITIONAL_REPRESENTATION('',(#12507),#12511);
#12507 = LINE('',#12508,#12509);
#12508 = CARTESIAN_POINT('',(38.1,0.));
#12509 = VECTOR('',#12510,1.);
#12510 = DIRECTION('',(0.,1.));
#12511 =(GEOMETRIC_REPRESENTATION_CONTEXT(2)PARAMETRIC_REPRESENTATION_CONTEXT()REPRESENTATION_CONTEXT('2D SPACE',''));
#12512 = ORIENTED_EDGE('',*,*,#12513,.T.);
#12513 = EDGE_CURVE('',#12491,#12514,#12516,.T.);
#12514 = VERTEX_POINT('',#12515);
#12515 = CARTESIAN_POINT('',(-500.15,224.7118598662,601.52883764764));
#12516 = SURFACE_CURVE('',#12517,(#12521,#12528),.PCURVE_S1.);
#12517 = LINE('',#12518,#12519);
#12518 = CARTESIAN_POINT('',(-500.15,167.56804136507,533.42748665436));
#12519 = VECTOR('',#12520,1.);
#12520 = DIRECTION('',(0.,0.642787609687,0.766044443119));
#12521 = PCURVE('',#12471,#12522);
#12522 = DEFINITIONAL_REPRESENTATION('',(#12523),#12527);
#12523 = LINE('',#12524,#12525);
#12524 = CARTESIAN_POINT('',(3.552713678801E-14,-89.95));
#12525 = VECTOR('',#12526,1.);
#12526 = DIRECTION('',(1.,0.));
#12527 =(GEOMETRIC_REPRESENTATION_CONTEXT(2)PARAMETRIC_REPRESENTATION_CONTEXT()REPRESENTATION_CONTEXT('2D SPACE',''));
#12528 = PCURVE('',#12419,#12529);
#12529 = DEFINITIONAL_REPRESENTATION('',(#12530),#12534);
#12530 = LINE('',#12531,#12532);
#12531 = CARTESIAN_POINT('',(0.,38.1));
#12532 = VECTOR('',#12533,1.);
#12533 = DIRECTION('',(1.,0.));
#12534 =(GEOMETRIC_REPRESENTATION_CONTEXT(2)PARAMETRIC_REPRESENTATION_CONTEXT()REPRESENTATION_CONTEXT('2D SPACE',''));
#12535 = ORIENTED_EDGE('',*,*,#12536,.F.);
#12536 = EDGE_CURVE('',#12463,#12514,#12537,.T.);
#12537 = SURFACE_CURVE('',#12538,(#12542,#12549),.PCURVE_S1.);
#12538 = LINE('',#12539,#12540);
#12539 = CARTESIAN_POINT('',(-500.15,155.80616220765,659.34758313894));
#12540 = VECTOR('',#12541,1.);
#12541 = DIRECTION('',(0.,0.766044443119,-0.642787609687));
#12542 = PCURVE('',#12471,#12543);
#12543 = DEFINITIONAL_REPRESENTATION('',(#12544),#12548);
#12544 = LINE('',#12545,#12546);
#12545 = CARTESIAN_POINT('',(88.9,1.42108547152E-14));
#12546 = VECTOR('',#12547,1.);
#12547 = DIRECTION('',(0.,-1.));
#12548 =(GEOMETRIC_REPRESENTATION_CONTEXT(2)PARAMETRIC_REPRESENTATION_CONTEXT()REPRESENTATION_CONTEXT('2D SPACE',''));
#12549 = PCURVE('',#12445,#12550);
#12550 = DEFINITIONAL_REPRESENTATION('',(#12551),#12555);
#12551 = LINE('',#12552,#12553);
#12552 = CARTESIAN_POINT('',(38.1,0.));
#12553 = VECTOR('',#12554,1.);
#12554 = DIRECTION('',(0.,1.));
#12555 =(GEOMETRIC_REPRESENTATION_CONTEXT(2)PARAMETRIC_REPRESENTATION_CONTEXT()REPRESENTATION_CONTEXT('2D SPACE',''));
#12556 = ADVANCED_FACE('',(#12557),#12363,.F.);
#12557 = FACE_BOUND('',#12558,.F.);
#12558 = EDGE_LOOP('',(#12559,#12580,#12581,#12602));
#12559 = ORIENTED_EDGE('',*,*,#12560,.F.);
#12560 = EDGE_CURVE('',#12341,#12461,#12561,.T.);
#12561 = SURFACE_CURVE('',#12562,(#12566,#12573),.PCURVE_S1.);
#12562 = LINE('',#12563,#12564);
#12563 = CARTESIAN_POINT('',(-538.25,98.662343706522,591.24623214567));
#12564 = VECTOR('',#12565,1.);
#12565 = DIRECTION('',(1.,0.,0.));
#12566 = PCURVE('',#12363,#12567);
#12567 = DEFINITIONAL_REPRESENTATION('',(#12568),#12572);
#12568 = LINE('',#12569,#12570);
#12569 = CARTESIAN_POINT('',(0.,0.));
#12570 = VECTOR('',#12571,1.);
#12571 = DIRECTION('',(0.,1.));
#12572 =(GEOMETRIC_REPRESENTATION_CONTEXT(2)PARAMETRIC_REPRESENTATION_CONTEXT()REPRESENTATION_CONTEXT('2D SPACE',''));
#12573 = PCURVE('',#12391,#12574);
#12574 = DEFINITIONAL_REPRESENTATION('',(#12575),#12579);
#12575 = LINE('',#12576,#12577);
#12576 = CARTESIAN_POINT('',(0.,0.));
#12577 = VECTOR('',#12578,1.);
#12578 = DIRECTION('',(1.,0.));
#12579 =(GEOMETRIC_REPRESENTATION_CONTEXT(2)PARAMETRIC_REPRESENTATION_CONTEXT()REPRESENTATION_CONTEXT('2D SPACE',''));
#12580 = ORIENTED_EDGE('',*,*,#12340,.T.);
#12581 = ORIENTED_EDGE('',*,*,#12582,.T.);
#12582 = EDGE_CURVE('',#12343,#12463,#12583,.T.);
#12583 = SURFACE_CURVE('',#12584,(#12588,#12595),.PCURVE_S1.);
#12584 = LINE('',#12585,#12586);
#12585 = CARTESIAN_POINT('',(-538.25,155.80616220765,659.34758313894));
#12586 = VECTOR('',#12587,1.);
#12587 = DIRECTION('',(1.,0.,0.));
#12588 = PCURVE('',#12363,#12589);
#12589 = DEFINITIONAL_REPRESENTATION('',(#12590),#12594);
#12590 = LINE('',#12591,#12592);
#12591 = CARTESIAN_POINT('',(88.9,0.));
#12592 = VECTOR('',#12593,1.);
#12593 = DIRECTION('',(0.,1.));
#12594 =(GEOMETRIC_REPRESENTATION_CONTEXT(2)PARAMETRIC_REPRESENTATION_CONTEXT()REPRESENTATION_CONTEXT('2D SPACE',''));
#12595 = PCURVE('',#12445,#12596);
#12596 = DEFINITIONAL_REPRESENTATION('',(#12597),#12601);
#12597 = LINE('',#12598,#12599);
#12598 = CARTESIAN_POINT('',(0.,0.));
#12599 = VECTOR('',#12600,1.);
#12600 = DIRECTION('',(1.,0.));
#12601 =(GEOMETRIC_REPRESENTATION_CONTEXT(2)PARAMETRIC_REPRESENTATION_CONTEXT()REPRESENTATION_CONTEXT('2D SPACE',''));
#12602 = ORIENTED_EDGE('',*,*,#12460,.F.);
#12603 = ADVANCED_FACE('',(#12604),#12419,.T.);
#12604 = FACE_BOUND('',#12605,.T.);
#12605 = EDGE_LOOP('',(#12606,#12627,#12628,#12649));
#12606 = ORIENTED_EDGE('',*,*,#12607,.F.);
#12607 = EDGE_CURVE('',#12376,#12491,#12608,.T.);
#12608 = SURFACE_CURVE('',#12609,(#12613,#12620),.PCURVE_S1.);
#12609 = LINE('',#12610,#12611);
#12610 = CARTESIAN_POINT('',(-538.25,167.56804136507,533.42748665436));
#12611 = VECTOR('',#12612,1.);
#12612 = DIRECTION('',(1.,0.,0.));
#12613 = PCURVE('',#12419,#12614);
#12614 = DEFINITIONAL_REPRESENTATION('',(#12615),#12619);
#12615 = LINE('',#12616,#12617);
#12616 = CARTESIAN_POINT('',(0.,0.));
#12617 = VECTOR('',#12618,1.);
#12618 = DIRECTION('',(0.,1.));
#12619 =(GEOMETRIC_REPRESENTATION_CONTEXT(2)PARAMETRIC_REPRESENTATION_CONTEXT()REPRESENTATION_CONTEXT('2D SPACE',''));
#12620 = PCURVE('',#12391,#12621);
#12621 = DEFINITIONAL_REPRESENTATION('',(#12622),#12626);
#12622 = LINE('',#12623,#12624);
#12623 = CARTESIAN_POINT('',(0.,89.95));
#12624 = VECTOR('',#12625,1.);
#12625 = DIRECTION('',(1.,0.));
#12626 =(GEOMETRIC_REPRESENTATION_CONTEXT(2)PARAMETRIC_REPRESENTATION_CONTEXT()REPRESENTATION_CONTEXT('2D SPACE',''));
#12627 = ORIENTED_EDGE('',*,*,#12403,.T.);
#12628 = ORIENTED_EDGE('',*,*,#12629,.T.);
#12629 = EDGE_CURVE('',#12404,#12514,#12630,.T.);
#12630 = SURFACE_CURVE('',#12631,(#12635,#12642),.PCURVE_S1.);
#12631 = LINE('',#12632,#12633);
#12632 = CARTESIAN_POINT('',(-538.25,224.7118598662,601.52883764764));
#12633 = VECTOR('',#12634,1.);
#12634 = DIRECTION('',(1.,0.,0.));
#12635 = PCURVE('',#12419,#12636);
#12636 = DEFINITIONAL_REPRESENTATION('',(#12637),#12641);
#12637 = LINE('',#12638,#12639);
#12638 = CARTESIAN_POINT('',(88.9,0.));
#12639 = VECTOR('',#12640,1.);
#12640 = DIRECTION('',(0.,1.));
#12641 =(GEOMETRIC_REPRESENTATION_CONTEXT(2)PARAMETRIC_REPRESENTATION_CONTEXT()REPRESENTATION_CONTEXT('2D SPACE',''));
#12642 = PCURVE('',#12445,#12643);
#12643 = DEFINITIONAL_REPRESENTATION('',(#12644),#12648);
#12644 = LINE('',#12645,#12646);
#12645 = CARTESIAN_POINT('',(0.,89.95));
#12646 = VECTOR('',#12647,1.);
#12647 = DIRECTION('',(1.,0.));
#12648 =(GEOMETRIC_REPRESENTATION_CONTEXT(2)PARAMETRIC_REPRESENTATION_CONTEXT()REPRESENTATION_CONTEXT('2D SPACE',''));
#12649 = ORIENTED_EDGE('',*,*,#12513,.F.);
#12650 = ADVANCED_FACE('',(#12651),#12391,.F.);
#12651 = FACE_BOUND('',#12652,.F.);
#12652 = EDGE_LOOP('',(#12653,#12654,#12655,#12656));
#12653 = ORIENTED_EDGE('',*,*,#12375,.F.);
#12654 = ORIENTED_EDGE('',*,*,#12560,.T.);
#12655 = ORIENTED_EDGE('',*,*,#12490,.T.);
#12656 = ORIENTED_EDGE('',*,*,#12607,.F.);
#12657 = ADVANCED_FACE('',(#12658),#12445,.T.);
#12658 = FACE_BOUND('',#12659,.T.);
#12659 = EDGE_LOOP('',(#12660,#12661,#12662,#12663));
#12660 = ORIENTED_EDGE('',*,*,#12431,.F.);
#12661 = ORIENTED_EDGE('',*,*,#12582,.T.);
#12662 = ORIENTED_EDGE('',*,*,#12536,.T.);
#12663 = ORIENTED_EDGE('',*,*,#12629,.F.);
#12664 =(GEOMETRIC_REPRESENTATION_CONTEXT(3)GLOBAL_UNCERTAINTY_ASSIGNED_CONTEXT((#12668))GLOBAL_UNIT_ASSIGNED_CONTEXT((#12665,#12666,#12667))REPRESENTATION_CONTEXT('Context #1','3D Context with UNIT and UNCERTAINTY'));
#12665 =(LENGTH_UNIT()NAMED_UNIT(*)SI_UNIT(.MILLI.,.METRE.));
#12666 =(NAMED_UNIT(*)PLANE_ANGLE_UNIT()SI_UNIT($,.RADIAN.));
#12667 =(NAMED_UNIT(*)SI_UNIT($,.STERADIAN.)SOLID_ANGLE_UNIT());
#12668 = UNCERTAINTY_MEASURE_WITH_UNIT(LENGTH_MEASURE(1.E-07),#12665,'distance_accuracy_value','confusion accuracy');
#12669 = CONTEXT_DEPENDENT_SHAPE_REPRESENTATION(#12670,#12672);
#12670 =(REPRESENTATION_RELATIONSHIP('','',#12333,#10)REPRESENTATION_RELATIONSHIP_WITH_TRANSFORMATION(#12671)SHAPE_REPRESENTATION_RELATIONSHIP());
#12671 = ITEM_DEFINED_TRANSFORMATION('','',#11,#147);
#12672 = PRODUCT_DEFINITION_SHAPE('Placement','Placement of an item',#12673);
#12673 = NEXT_ASSEMBLY_USAGE_OCCURRENCE('34','rib_1_mid_left','',#5,#12328,$);
#12674 = PRODUCT_RELATED_PRODUCT_CATEGORY('part',$,(#12330));
#12675 = SHAPE_DEFINITION_REPRESENTATION(#12676,#12682);
#12676 = PRODUCT_DEFINITION_SHAPE('','',#12677);
#12677 = PRODUCT_DEFINITION('design','',#12678,#12681);
#12678 = PRODUCT_DEFINITION_FORMATION('','',#12679);
#12679 = PRODUCT('rib_1_mid_right','rib_1_mid_right','',(#12680));
#12680 = PRODUCT_CONTEXT('',#2,'mechanical');
#12681 = PRODUCT_DEFINITION_CONTEXT('part definition',#2,'design');
#12682 = ADVANCED_BREP_SHAPE_REPRESENTATION('',(#11,#12683),#13013);
#12683 = MANIFOLD_SOLID_BREP('',#12684);
#12684 = CLOSED_SHELL('',(#12685,#12805,#12905,#12952,#12999,#13006));
#12685 = ADVANCED_FACE('',(#12686),#12700,.F.);
#12686 = FACE_BOUND('',#12687,.F.);
#12687 = EDGE_LOOP('',(#12688,#12723,#12751,#12779));
#12688 = ORIENTED_EDGE('',*,*,#12689,.F.);
#12689 = EDGE_CURVE('',#12690,#12692,#12694,.T.);
#12690 = VERTEX_POINT('',#12691);
#12691 = CARTESIAN_POINT('',(661.75,98.662343706522,591.24623214567));
#12692 = VERTEX_POINT('',#12693);
#12693 = CARTESIAN_POINT('',(661.75,155.80616220765,659.34758313894));
#12694 = SURFACE_CURVE('',#12695,(#12699,#12711),.PCURVE_S1.);
#12695 = LINE('',#12696,#12697);
#12696 = CARTESIAN_POINT('',(661.75,98.662343706522,591.24623214567));
#12697 = VECTOR('',#12698,1.);
#12698 = DIRECTION('',(0.,0.642787609687,0.766044443119));
#12699 = PCURVE('',#12700,#12705);
#12700 = PLANE('',#12701);
#12701 = AXIS2_PLACEMENT_3D('',#12702,#12703,#12704);
#12702 = CARTESIAN_POINT('',(661.75,98.662343706522,591.24623214567));
#12703 = DIRECTION('',(1.,0.,0.));
#12704 = DIRECTION('',(0.,0.642787609687,0.766044443119));
#12705 = DEFINITIONAL_REPRESENTATION('',(#12706),#12710);
#12706 = LINE('',#12707,#12708);
#12707 = CARTESIAN_POINT('',(0.,0.));
#12708 = VECTOR('',#12709,1.);
#12709 = DIRECTION('',(1.,0.));
#12710 =(GEOMETRIC_REPRESENTATION_CONTEXT(2)PARAMETRIC_REPRESENTATION_CONTEXT()REPRESENTATION_CONTEXT('2D SPACE',''));
#12711 = PCURVE('',#12712,#12717);
#12712 = PLANE('',#12713);
#12713 = AXIS2_PLACEMENT_3D('',#12714,#12715,#12716);
#12714 = CARTESIAN_POINT('',(661.75,98.662343706522,591.24623214567));
#12715 = DIRECTION('',(0.,0.766044443119,-0.642787609687));
#12716 = DIRECTION('',(0.,0.642787609687,0.766044443119));
#12717 = DEFINITIONAL_REPRESENTATION('',(#12718),#12722);
#12718 = LINE('',#12719,#12720);
#12719 = CARTESIAN_POINT('',(0.,0.));
#12720 = VECTOR('',#12721,1.);
#12721 = DIRECTION('',(1.,0.));
#12722 =(GEOMETRIC_REPRESENTATION_CONTEXT(2)PARAMETRIC_REPRESENTATION_CONTEXT()REPRESENTATION_CONTEXT('2D SPACE',''));
#12723 = ORIENTED_EDGE('',*,*,#12724,.T.);
#12724 = EDGE_CURVE('',#12690,#12725,#12727,.T.);
#12725 = VERTEX_POINT('',#12726);
#12726 = CARTESIAN_POINT('',(661.75,167.56804136507,533.42748665436));
#12727 = SURFACE_CURVE('',#12728,(#12732,#12739),.PCURVE_S1.);
#12728 = LINE('',#12729,#12730);
#12729 = CARTESIAN_POINT('',(661.75,98.662343706522,591.24623214567));
#12730 = VECTOR('',#12731,1.);
#12731 = DIRECTION('',(0.,0.766044443119,-0.642787609687));
#12732 = PCURVE('',#12700,#12733);
#12733 = DEFINITIONAL_REPRESENTATION('',(#12734),#12738);
#12734 = LINE('',#12735,#12736);
#12735 = CARTESIAN_POINT('',(0.,0.));
#12736 = VECTOR('',#12737,1.);
#12737 = DIRECTION('',(0.,-1.));
#12738 =(GEOMETRIC_REPRESENTATION_CONTEXT(2)PARAMETRIC_REPRESENTATION_CONTEXT()REPRESENTATION_CONTEXT('2D SPACE',''));
#12739 = PCURVE('',#12740,#12745);
#12740 = PLANE('',#12741);
#12741 = AXIS2_PLACEMENT_3D('',#12742,#12743,#12744);
#12742 = CARTESIAN_POINT('',(661.75,98.662343706522,591.24623214567));
#12743 = DIRECTION('',(0.,0.642787609687,0.766044443119));
#12744 = DIRECTION('',(1.,0.,0.));
#12745 = DEFINITIONAL_REPRESENTATION('',(#12746),#12750);
#12746 = LINE('',#12747,#12748);
#12747 = CARTESIAN_POINT('',(0.,0.));
#12748 = VECTOR('',#12749,1.);
#12749 = DIRECTION('',(0.,1.));
#12750 =(GEOMETRIC_REPRESENTATION_CONTEXT(2)PARAMETRIC_REPRESENTATION_CONTEXT()REPRESENTATION_CONTEXT('2D SPACE',''));
#12751 = ORIENTED_EDGE('',*,*,#12752,.T.);
#12752 = EDGE_CURVE('',#12725,#12753,#12755,.T.);
#12753 = VERTEX_POINT('',#12754);
#12754 = CARTESIAN_POINT('',(661.75,224.7118598662,601.52883764764));
#12755 = SURFACE_CURVE('',#12756,(#12760,#12767),.PCURVE_S1.);
#12756 = LINE('',#12757,#12758);
#12757 = CARTESIAN_POINT('',(661.75,167.56804136507,533.42748665436));
#12758 = VECTOR('',#12759,1.);
#12759 = DIRECTION('',(0.,0.642787609687,0.766044443119));
#12760 = PCURVE('',#12700,#12761);
#12761 = DEFINITIONAL_REPRESENTATION('',(#12762),#12766);
#12762 = LINE('',#12763,#12764);
#12763 = CARTESIAN_POINT('',(3.552713678801E-14,-89.95));
#12764 = VECTOR('',#12765,1.);
#12765 = DIRECTION('',(1.,0.));
#12766 =(GEOMETRIC_REPRESENTATION_CONTEXT(2)PARAMETRIC_REPRESENTATION_CONTEXT()REPRESENTATION_CONTEXT('2D SPACE',''));
#12767 = PCURVE('',#12768,#12773);
#12768 = PLANE('',#12769);
#12769 = AXIS2_PLACEMENT_3D('',#12770,#12771,#12772);
#12770 = CARTESIAN_POINT('',(661.75,167.56804136507,533.42748665436));
#12771 = DIRECTION('',(0.,0.766044443119,-0.642787609687));
#12772 = DIRECTION('',(0.,0.642787609687,0.766044443119));
#12773 = DEFINITIONAL_REPRESENTATION('',(#12774),#12778);
#12774 = LINE('',#12775,#12776);
#12775 = CARTESIAN_POINT('',(0.,0.));
#12776 = VECTOR('',#12777,1.);
#12777 = DIRECTION('',(1.,0.));
#12778 =(GEOMETRIC_REPRESENTATION_CONTEXT(2)PARAMETRIC_REPRESENTATION_CONTEXT()REPRESENTATION_CONTEXT('2D SPACE',''));
#12779 = ORIENTED_EDGE('',*,*,#12780,.F.);
#12780 = EDGE_CURVE('',#12692,#12753,#12781,.T.);
#12781 = SURFACE_CURVE('',#12782,(#12786,#12793),.PCURVE_S1.);
#12782 = LINE('',#12783,#12784);
#12783 = CARTESIAN_POINT('',(661.75,155.80616220765,659.34758313894));
#12784 = VECTOR('',#12785,1.);
#12785 = DIRECTION('',(0.,0.766044443119,-0.642787609687));
#12786 = PCURVE('',#12700,#12787);
#12787 = DEFINITIONAL_REPRESENTATION('',(#12788),#12792);
#12788 = LINE('',#12789,#12790);
#12789 = CARTESIAN_POINT('',(88.9,1.42108547152E-14));
#12790 = VECTOR('',#12791,1.);
#12791 = DIRECTION('',(0.,-1.));
#12792 =(GEOMETRIC_REPRESENTATION_CONTEXT(2)PARAMETRIC_REPRESENTATION_CONTEXT()REPRESENTATION_CONTEXT('2D SPACE',''));
#12793 = PCURVE('',#12794,#12799);
#12794 = PLANE('',#12795);
#12795 = AXIS2_PLACEMENT_3D('',#12796,#12797,#12798);
#12796 = CARTESIAN_POINT('',(661.75,155.80616220765,659.34758313894));
#12797 = DIRECTION('',(0.,0.642787609687,0.766044443119));
#12798 = DIRECTION('',(1.,0.,0.));
#12799 = DEFINITIONAL_REPRESENTATION('',(#12800),#12804);
#12800 = LINE('',#12801,#12802);
#12801 = CARTESIAN_POINT('',(0.,0.));
#12802 = VECTOR('',#12803,1.);
#12803 = DIRECTION('',(0.,1.));
#12804 =(GEOMETRIC_REPRESENTATION_CONTEXT(2)PARAMETRIC_REPRESENTATION_CONTEXT()REPRESENTATION_CONTEXT('2D SPACE',''));
#12805 = ADVANCED_FACE('',(#12806),#12820,.T.);
#12806 = FACE_BOUND('',#12807,.T.);
#12807 = EDGE_LOOP('',(#12808,#12838,#12861,#12884));
#12808 = ORIENTED_EDGE('',*,*,#12809,.F.);
#12809 = EDGE_CURVE('',#12810,#12812,#12814,.T.);
#12810 = VERTEX_POINT('',#12811);
#12811 = CARTESIAN_POINT('',(699.85,98.662343706522,591.24623214567));
#12812 = VERTEX_POINT('',#12813);
#12813 = CARTESIAN_POINT('',(699.85,155.80616220765,659.34758313894));
#12814 = SURFACE_CURVE('',#12815,(#12819,#12831),.PCURVE_S1.);
#12815 = LINE('',#12816,#12817);
#12816 = CARTESIAN_POINT('',(699.85,98.662343706522,591.24623214567));
#12817 = VECTOR('',#12818,1.);
#12818 = DIRECTION('',(0.,0.642787609687,0.766044443119));
#12819 = PCURVE('',#12820,#12825);
#12820 = PLANE('',#12821);
#12821 = AXIS2_PLACEMENT_3D('',#12822,#12823,#12824);
#12822 = CARTESIAN_POINT('',(699.85,98.662343706522,591.24623214567));
#12823 = DIRECTION('',(1.,0.,0.));
#12824 = DIRECTION('',(0.,0.642787609687,0.766044443119));
#12825 = DEFINITIONAL_REPRESENTATION('',(#12826),#12830);
#12826 = LINE('',#12827,#12828);
#12827 = CARTESIAN_POINT('',(0.,0.));
#12828 = VECTOR('',#12829,1.);
#12829 = DIRECTION('',(1.,0.));
#12830 =(GEOMETRIC_REPRESENTATION_CONTEXT(2)PARAMETRIC_REPRESENTATION_CONTEXT()REPRESENTATION_CONTEXT('2D SPACE',''));
#12831 = PCURVE('',#12712,#12832);
#12832 = DEFINITIONAL_REPRESENTATION('',(#12833),#12837);
#12833 = LINE('',#12834,#12835);
#12834 = CARTESIAN_POINT('',(0.,38.1));
#12835 = VECTOR('',#12836,1.);
#12836 = DIRECTION('',(1.,0.));
#12837 =(GEOMETRIC_REPRESENTATION_CONTEXT(2)PARAMETRIC_REPRESENTATION_CONTEXT()REPRESENTATION_CONTEXT('2D SPACE',''));
#12838 = ORIENTED_EDGE('',*,*,#12839,.T.);
#12839 = EDGE_CURVE('',#12810,#12840,#12842,.T.);
#12840 = VERTEX_POINT('',#12841);
#12841 = CARTESIAN_POINT('',(699.85,167.56804136507,533.42748665436));
#12842 = SURFACE_CURVE('',#12843,(#12847,#12854),.PCURVE_S1.);
#12843 = LINE('',#12844,#12845);
#12844 = CARTESIAN_POINT('',(699.85,98.662343706522,591.24623214567));
#12845 = VECTOR('',#12846,1.);
#12846 = DIRECTION('',(0.,0.766044443119,-0.642787609687));
#12847 = PCURVE('',#12820,#12848);
#12848 = DEFINITIONAL_REPRESENTATION('',(#12849),#12853);
#12849 = LINE('',#12850,#12851);
#12850 = CARTESIAN_POINT('',(0.,0.));
#12851 = VECTOR('',#12852,1.);
#12852 = DIRECTION('',(0.,-1.));
#12853 =(GEOMETRIC_REPRESENTATION_CONTEXT(2)PARAMETRIC_REPRESENTATION_CONTEXT()REPRESENTATION_CONTEXT('2D SPACE',''));
#12854 = PCURVE('',#12740,#12855);
#12855 = DEFINITIONAL_REPRESENTATION('',(#12856),#12860);
#12856 = LINE('',#12857,#12858);
#12857 = CARTESIAN_POINT('',(38.1,0.));
#12858 = VECTOR('',#12859,1.);
#12859 = DIRECTION('',(0.,1.));
#12860 =(GEOMETRIC_REPRESENTATION_CONTEXT(2)PARAMETRIC_REPRESENTATION_CONTEXT()REPRESENTATION_CONTEXT('2D SPACE',''));
#12861 = ORIENTED_EDGE('',*,*,#12862,.T.);
#12862 = EDGE_CURVE('',#12840,#12863,#12865,.T.);
#12863 = VERTEX_POINT('',#12864);
#12864 = CARTESIAN_POINT('',(699.85,224.7118598662,601.52883764764));
#12865 = SURFACE_CURVE('',#12866,(#12870,#12877),.PCURVE_S1.);
#12866 = LINE('',#12867,#12868);
#12867 = CARTESIAN_POINT('',(699.85,167.56804136507,533.42748665436));
#12868 = VECTOR('',#12869,1.);
#12869 = DIRECTION('',(0.,0.642787609687,0.766044443119));
#12870 = PCURVE('',#12820,#12871);
#12871 = DEFINITIONAL_REPRESENTATION('',(#12872),#12876);
#12872 = LINE('',#12873,#12874);
#12873 = CARTESIAN_POINT('',(3.552713678801E-14,-89.95));
#12874 = VECTOR('',#12875,1.);
#12875 = DIRECTION('',(1.,0.));
#12876 =(GEOMETRIC_REPRESENTATION_CONTEXT(2)PARAMETRIC_REPRESENTATION_CONTEXT()REPRESENTATION_CONTEXT('2D SPACE',''));
#12877 = PCURVE('',#12768,#12878);
#12878 = DEFINITIONAL_REPRESENTATION('',(#12879),#12883);
#12879 = LINE('',#12880,#12881);
#12880 = CARTESIAN_POINT('',(0.,38.1));
#12881 = VECTOR('',#12882,1.);
#12882 = DIRECTION('',(1.,0.));
#12883 =(GEOMETRIC_REPRESENTATION_CONTEXT(2)PARAMETRIC_REPRESENTATION_CONTEXT()REPRESENTATION_CONTEXT('2D SPACE',''));
#12884 = ORIENTED_EDGE('',*,*,#12885,.F.);
#12885 = EDGE_CURVE('',#12812,#12863,#12886,.T.);
#12886 = SURFACE_CURVE('',#12887,(#12891,#12898),.PCURVE_S1.);
#12887 = LINE('',#12888,#12889);
#12888 = CARTESIAN_POINT('',(699.85,155.80616220765,659.34758313894));
#12889 = VECTOR('',#12890,1.);
#12890 = DIRECTION('',(0.,0.766044443119,-0.642787609687));
#12891 = PCURVE('',#12820,#12892);
#12892 = DEFINITIONAL_REPRESENTATION('',(#12893),#12897);
#12893 = LINE('',#12894,#12895);
#12894 = CARTESIAN_POINT('',(88.9,1.42108547152E-14));
#12895 = VECTOR('',#12896,1.);
#12896 = DIRECTION('',(0.,-1.));
#12897 =(GEOMETRIC_REPRESENTATION_CONTEXT(2)PARAMETRIC_REPRESENTATION_CONTEXT()REPRESENTATION_CONTEXT('2D SPACE',''));
#12898 = PCURVE('',#12794,#12899);
#12899 = DEFINITIONAL_REPRESENTATION('',(#12900),#12904);
#12900 = LINE('',#12901,#12902);
#12901 = CARTESIAN_POINT('',(38.1,0.));
#12902 = VECTOR('',#12903,1.);
#12903 = DIRECTION('',(0.,1.));
#12904 =(GEOMETRIC_REPRESENTATION_CONTEXT(2)PARAMETRIC_REPRESENTATION_CONTEXT()REPRESENTATION_CONTEXT('2D SPACE',''));
#12905 = ADVANCED_FACE('',(#12906),#12712,.F.);
#12906 = FACE_BOUND('',#12907,.F.);
#12907 = EDGE_LOOP('',(#12908,#12929,#12930,#12951));
#12908 = ORIENTED_EDGE('',*,*,#12909,.F.);
#12909 = EDGE_CURVE('',#12690,#12810,#12910,.T.);
#12910 = SURFACE_CURVE('',#12911,(#12915,#12922),.PCURVE_S1.);
#12911 = LINE('',#12912,#12913);
#12912 = CARTESIAN_POINT('',(661.75,98.662343706522,591.24623214567));
#12913 = VECTOR('',#12914,1.);
#12914 = DIRECTION('',(1.,0.,0.));
#12915 = PCURVE('',#12712,#12916);
#12916 = DEFINITIONAL_REPRESENTATION('',(#12917),#12921);
#12917 = LINE('',#12918,#12919);
#12918 = CARTESIAN_POINT('',(0.,0.));
#12919 = VECTOR('',#12920,1.);
#12920 = DIRECTION('',(0.,1.));
#12921 =(GEOMETRIC_REPRESENTATION_CONTEXT(2)PARAMETRIC_REPRESENTATION_CONTEXT()REPRESENTATION_CONTEXT('2D SPACE',''));
#12922 = PCURVE('',#12740,#12923);
#12923 = DEFINITIONAL_REPRESENTATION('',(#12924),#12928);
#12924 = LINE('',#12925,#12926);
#12925 = CARTESIAN_POINT('',(0.,0.));
#12926 = VECTOR('',#12927,1.);
#12927 = DIRECTION('',(1.,0.));
#12928 =(GEOMETRIC_REPRESENTATION_CONTEXT(2)PARAMETRIC_REPRESENTATION_CONTEXT()REPRESENTATION_CONTEXT('2D SPACE',''));
#12929 = ORIENTED_EDGE('',*,*,#12689,.T.);
#12930 = ORIENTED_EDGE('',*,*,#12931,.T.);
#12931 = EDGE_CURVE('',#12692,#12812,#12932,.T.);
#12932 = SURFACE_CURVE('',#12933,(#12937,#12944),.PCURVE_S1.);
#12933 = LINE('',#12934,#12935);
#12934 = CARTESIAN_POINT('',(661.75,155.80616220765,659.34758313894));
#12935 = VECTOR('',#12936,1.);
#12936 = DIRECTION('',(1.,0.,0.));
#12937 = PCURVE('',#12712,#12938);
#12938 = DEFINITIONAL_REPRESENTATION('',(#12939),#12943);
#12939 = LINE('',#12940,#12941);
#12940 = CARTESIAN_POINT('',(88.9,0.));
#12941 = VECTOR('',#12942,1.);
#12942 = DIRECTION('',(0.,1.));
#12943 =(GEOMETRIC_REPRESENTATION_CONTEXT(2)PARAMETRIC_REPRESENTATION_CONTEXT()REPRESENTATION_CONTEXT('2D SPACE',''));
#12944 = PCURVE('',#12794,#12945);
#12945 = DEFINITIONAL_REPRESENTATION('',(#12946),#12950);
#12946 = LINE('',#12947,#12948);
#12947 = CARTESIAN_POINT('',(0.,0.));
#12948 = VECTOR('',#12949,1.);
#12949 = DIRECTION('',(1.,0.));
#12950 =(GEOMETRIC_REPRESENTATION_CONTEXT(2)PARAMETRIC_REPRESENTATION_CONTEXT()REPRESENTATION_CONTEXT('2D SPACE',''));
#12951 = ORIENTED_EDGE('',*,*,#12809,.F.);
#12952 = ADVANCED_FACE('',(#12953),#12768,.T.);
#12953 = FACE_BOUND('',#12954,.T.);
#12954 = EDGE_LOOP('',(#12955,#12976,#12977,#12998));
#12955 = ORIENTED_EDGE('',*,*,#12956,.F.);
#12956 = EDGE_CURVE('',#12725,#12840,#12957,.T.);
#12957 = SURFACE_CURVE('',#12958,(#12962,#12969),.PCURVE_S1.);
#12958 = LINE('',#12959,#12960);
#12959 = CARTESIAN_POINT('',(661.75,167.56804136507,533.42748665436));
#12960 = VECTOR('',#12961,1.);
#12961 = DIRECTION('',(1.,0.,0.));
#12962 = PCURVE('',#12768,#12963);
#12963 = DEFINITIONAL_REPRESENTATION('',(#12964),#12968);
#12964 = LINE('',#12965,#12966);
#12965 = CARTESIAN_POINT('',(0.,0.));
#12966 = VECTOR('',#12967,1.);
#12967 = DIRECTION('',(0.,1.));
#12968 =(GEOMETRIC_REPRESENTATION_CONTEXT(2)PARAMETRIC_REPRESENTATION_CONTEXT()REPRESENTATION_CONTEXT('2D SPACE',''));
#12969 = PCURVE('',#12740,#12970);
#12970 = DEFINITIONAL_REPRESENTATION('',(#12971),#12975);
#12971 = LINE('',#12972,#12973);
#12972 = CARTESIAN_POINT('',(0.,89.95));
#12973 = VECTOR('',#12974,1.);
#12974 = DIRECTION('',(1.,0.));
#12975 =(GEOMETRIC_REPRESENTATION_CONTEXT(2)PARAMETRIC_REPRESENTATION_CONTEXT()REPRESENTATION_CONTEXT('2D SPACE',''));
#12976 = ORIENTED_EDGE('',*,*,#12752,.T.);
#12977 = ORIENTED_EDGE('',*,*,#12978,.T.);
#12978 = EDGE_CURVE('',#12753,#12863,#12979,.T.);
#12979 = SURFACE_CURVE('',#12980,(#12984,#12991),.PCURVE_S1.);
#12980 = LINE('',#12981,#12982);
#12981 = CARTESIAN_POINT('',(661.75,224.7118598662,601.52883764764));
#12982 = VECTOR('',#12983,1.);
#12983 = DIRECTION('',(1.,0.,0.));
#12984 = PCURVE('',#12768,#12985);
#12985 = DEFINITIONAL_REPRESENTATION('',(#12986),#12990);
#12986 = LINE('',#12987,#12988);
#12987 = CARTESIAN_POINT('',(88.9,0.));
#12988 = VECTOR('',#12989,1.);
#12989 = DIRECTION('',(0.,1.));
#12990 =(GEOMETRIC_REPRESENTATION_CONTEXT(2)PARAMETRIC_REPRESENTATION_CONTEXT()REPRESENTATION_CONTEXT('2D SPACE',''));
#12991 = PCURVE('',#12794,#12992);
#12992 = DEFINITIONAL_REPRESENTATION('',(#12993),#12997);
#12993 = LINE('',#12994,#12995);
#12994 = CARTESIAN_POINT('',(0.,89.95));
#12995 = VECTOR('',#12996,1.);
#12996 = DIRECTION('',(1.,0.));
#12997 =(GEOMETRIC_REPRESENTATION_CONTEXT(2)PARAMETRIC_REPRESENTATION_CONTEXT()REPRESENTATION_CONTEXT('2D SPACE',''));
#12998 = ORIENTED_EDGE('',*,*,#12862,.F.);
#12999 = ADVANCED_FACE('',(#13000),#12740,.F.);
#13000 = FACE_BOUND('',#13001,.F.);
#13001 = EDGE_LOOP('',(#13002,#13003,#13004,#13005));
#13002 = ORIENTED_EDGE('',*,*,#12724,.F.);
#13003 = ORIENTED_EDGE('',*,*,#12909,.T.);
#13004 = ORIENTED_EDGE('',*,*,#12839,.T.);
#13005 = ORIENTED_EDGE('',*,*,#12956,.F.);
#13006 = ADVANCED_FACE('',(#13007),#12794,.T.);
#13007 = FACE_BOUND('',#13008,.T.);
#13008 = EDGE_LOOP('',(#13009,#13010,#13011,#13012));
#13009 = ORIENTED_EDGE('',*,*,#12780,.F.);
#13010 = ORIENTED_EDGE('',*,*,#12931,.T.);
#13011 = ORIENTED_EDGE('',*,*,#12885,.T.);
#13012 = ORIENTED_EDGE('',*,*,#12978,.F.);
#13013 =(GEOMETRIC_REPRESENTATION_CONTEXT(3)GLOBAL_UNCERTAINTY_ASSIGNED_CONTEXT((#13017))GLOBAL_UNIT_ASSIGNED_CONTEXT((#13014,#13015,#13016))REPRESENTATION_CONTEXT('Context #1','3D Context with UNIT and UNCERTAINTY'));
#13014 =(LENGTH_UNIT()NAMED_UNIT(*)SI_UNIT(.MILLI.,.METRE.));
#13015 =(NAMED_UNIT(*)PLANE_ANGLE_UNIT()SI_UNIT($,.RADIAN.));
#13016 =(NAMED_UNIT(*)SI_UNIT($,.STERADIAN.)SOLID_ANGLE_UNIT());
#13017 = UNCERTAINTY_MEASURE_WITH_UNIT(LENGTH_MEASURE(1.E-07),#13014,'distance_accuracy_value','confusion accuracy');
#13018 = CONTEXT_DEPENDENT_SHAPE_REPRESENTATION(#13019,#13021);
#13019 =(REPRESENTATION_RELATIONSHIP('','',#12682,#10)REPRESENTATION_RELATIONSHIP_WITH_TRANSFORMATION(#13020)SHAPE_REPRESENTATION_RELATIONSHIP());
#13020 = ITEM_DEFINED_TRANSFORMATION('','',#11,#151);
#13021 = PRODUCT_DEFINITION_SHAPE('Placement','Placement of an item',#13022);
#13022 = NEXT_ASSEMBLY_USAGE_OCCURRENCE('35','rib_1_mid_right','',#5,#12677,$);
#13023 = PRODUCT_RELATED_PRODUCT_CATEGORY('part',$,(#12679));
#13024 = SHAPE_DEFINITION_REPRESENTATION(#13025,#13031);
#13025 = PRODUCT_DEFINITION_SHAPE('','',#13026);
#13026 = PRODUCT_DEFINITION('design','',#13027,#13030);
#13027 = PRODUCT_DEFINITION_FORMATION('','',#13028);
#13028 = PRODUCT('rear_cross_2','rear_cross_2','',(#13029));
#13029 = PRODUCT_CONTEXT('',#2,'mechanical');
#13030 = PRODUCT_DEFINITION_CONTEXT('part definition',#2,'design');
#13031 = ADVANCED_BREP_SHAPE_REPRESENTATION('',(#11,#13032),#13362);
#13032 = MANIFOLD_SOLID_BREP('',#13033);
#13033 = CLOSED_SHELL('',(#13034,#13154,#13254,#13301,#13348,#13355));
#13034 = ADVANCED_FACE('',(#13035),#13049,.F.);
#13035 = FACE_BOUND('',#13036,.F.);
#13036 = EDGE_LOOP('',(#13037,#13072,#13100,#13128));
#13037 = ORIENTED_EDGE('',*,*,#13038,.F.);
#13038 = EDGE_CURVE('',#13039,#13041,#13043,.T.);
#13039 = VERTEX_POINT('',#13040);
#13040 = CARTESIAN_POINT('',(-1.2192E+03,596.0476602789,1.243280047878E+03));
#13041 = VERTEX_POINT('',#13042);
#13042 = CARTESIAN_POINT('',(-1.2192E+03,653.19147878003,1.311381398871E+03));
#13043 = SURFACE_CURVE('',#13044,(#13048,#13060),.PCURVE_S1.);
#13044 = LINE('',#13045,#13046);
#13045 = CARTESIAN_POINT('',(-1.2192E+03,596.0476602789,1.243280047878E+03));
#13046 = VECTOR('',#13047,1.);
#13047 = DIRECTION('',(0.,0.642787609687,0.766044443119));
#13048 = PCURVE('',#13049,#13054);
#13049 = PLANE('',#13050);
#13050 = AXIS2_PLACEMENT_3D('',#13051,#13052,#13053);
#13051 = CARTESIAN_POINT('',(-1.2192E+03,596.0476602789,1.243280047878E+03));
#13052 = DIRECTION('',(1.,0.,0.));
#13053 = DIRECTION('',(0.,0.642787609687,0.766044443119));
#13054 = DEFINITIONAL_REPRESENTATION('',(#13055),#13059);
#13055 = LINE('',#13056,#13057);
#13056 = CARTESIAN_POINT('',(0.,0.));
#13057 = VECTOR('',#13058,1.);
#13058 = DIRECTION('',(1.,0.));
#13059 =(GEOMETRIC_REPRESENTATION_CONTEXT(2)PARAMETRIC_REPRESENTATION_CONTEXT()REPRESENTATION_CONTEXT('2D SPACE',''));
#13060 = PCURVE('',#13061,#13066);
#13061 = PLANE('',#13062);
#13062 = AXIS2_PLACEMENT_3D('',#13063,#13064,#13065);
#13063 = CARTESIAN_POINT('',(-1.2192E+03,596.0476602789,1.243280047878E+03));
#13064 = DIRECTION('',(0.,0.766044443119,-0.642787609687));
#13065 = DIRECTION('',(0.,0.642787609687,0.766044443119));
#13066 = DEFINITIONAL_REPRESENTATION('',(#13067),#13071);
#13067 = LINE('',#13068,#13069);
#13068 = CARTESIAN_POINT('',(0.,0.));
#13069 = VECTOR('',#13070,1.);
#13070 = DIRECTION('',(1.,0.));
#13071 =(GEOMETRIC_REPRESENTATION_CONTEXT(2)PARAMETRIC_REPRESENTATION_CONTEXT()REPRESENTATION_CONTEXT('2D SPACE',''));
#13072 = ORIENTED_EDGE('',*,*,#13073,.T.);
#13073 = EDGE_CURVE('',#13039,#13074,#13076,.T.);
#13074 = VERTEX_POINT('',#13075);
#13075 = CARTESIAN_POINT('',(-1.2192E+03,625.23395356173,1.218789839949E+03));
#13076 = SURFACE_CURVE('',#13077,(#13081,#13088),.PCURVE_S1.);
#13077 = LINE('',#13078,#13079);
#13078 = CARTESIAN_POINT('',(-1.2192E+03,596.0476602789,1.243280047878E+03));
#13079 = VECTOR('',#13080,1.);
#13080 = DIRECTION('',(0.,0.766044443119,-0.642787609687));
#13081 = PCURVE('',#13049,#13082);
#13082 = DEFINITIONAL_REPRESENTATION('',(#13083),#13087);
#13083 = LINE('',#13084,#13085);
#13084 = CARTESIAN_POINT('',(0.,0.));
#13085 = VECTOR('',#13086,1.);
#13086 = DIRECTION('',(0.,-1.));
#13087 =(GEOMETRIC_REPRESENTATION_CONTEXT(2)PARAMETRIC_REPRESENTATION_CONTEXT()REPRESENTATION_CONTEXT('2D SPACE',''));
#13088 = PCURVE('',#13089,#13094);
#13089 = PLANE('',#13090);
#13090 = AXIS2_PLACEMENT_3D('',#13091,#13092,#13093);
#13091 = CARTESIAN_POINT('',(-1.2192E+03,596.0476602789,1.243280047878E+03));
#13092 = DIRECTION('',(0.,0.642787609687,0.766044443119));
#13093 = DIRECTION('',(1.,0.,0.));
#13094 = DEFINITIONAL_REPRESENTATION('',(#13095),#13099);
#13095 = LINE('',#13096,#13097);
#13096 = CARTESIAN_POINT('',(0.,0.));
#13097 = VECTOR('',#13098,1.);
#13098 = DIRECTION('',(0.,1.));
#13099 =(GEOMETRIC_REPRESENTATION_CONTEXT(2)PARAMETRIC_REPRESENTATION_CONTEXT()REPRESENTATION_CONTEXT('2D SPACE',''));
#13100 = ORIENTED_EDGE('',*,*,#13101,.T.);
#13101 = EDGE_CURVE('',#13074,#13102,#13104,.T.);
#13102 = VERTEX_POINT('',#13103);
#13103 = CARTESIAN_POINT('',(-1.2192E+03,682.37777206286,1.286891190942E+03));
#13104 = SURFACE_CURVE('',#13105,(#13109,#13116),.PCURVE_S1.);
#13105 = LINE('',#13106,#13107);
#13106 = CARTESIAN_POINT('',(-1.2192E+03,625.23395356173,1.218789839949E+03));
#13107 = VECTOR('',#13108,1.);
#13108 = DIRECTION('',(0.,0.642787609687,0.766044443119));
#13109 = PCURVE('',#13049,#13110);
#13110 = DEFINITIONAL_REPRESENTATION('',(#13111),#13115);
#13111 = LINE('',#13112,#13113);
#13112 = CARTESIAN_POINT('',(-1.314504061156E-13,-38.1));
#13113 = VECTOR('',#13114,1.);
#13114 = DIRECTION('',(1.,0.));
#13115 =(GEOMETRIC_REPRESENTATION_CONTEXT(2)PARAMETRIC_REPRESENTATION_CONTEXT()REPRESENTATION_CONTEXT('2D SPACE',''));
#13116 = PCURVE('',#13117,#13122);
#13117 = PLANE('',#13118);
#13118 = AXIS2_PLACEMENT_3D('',#13119,#13120,#13121);
#13119 = CARTESIAN_POINT('',(-1.2192E+03,625.23395356173,1.218789839949E+03));
#13120 = DIRECTION('',(0.,0.766044443119,-0.642787609687));
#13121 = DIRECTION('',(0.,0.642787609687,0.766044443119));
#13122 = DEFINITIONAL_REPRESENTATION('',(#13123),#13127);
#13123 = LINE('',#13124,#13125);
#13124 = CARTESIAN_POINT('',(0.,0.));
#13125 = VECTOR('',#13126,1.);
#13126 = DIRECTION('',(1.,0.));
#13127 =(GEOMETRIC_REPRESENTATION_CONTEXT(2)PARAMETRIC_REPRESENTATION_CONTEXT()REPRESENTATION_CONTEXT('2D SPACE',''));
#13128 = ORIENTED_EDGE('',*,*,#13129,.F.);
#13129 = EDGE_CURVE('',#13041,#13102,#13130,.T.);
#13130 = SURFACE_CURVE('',#13131,(#13135,#13142),.PCURVE_S1.);
#13131 = LINE('',#13132,#13133);
#13132 = CARTESIAN_POINT('',(-1.2192E+03,653.19147878003,1.311381398871E+03));
#13133 = VECTOR('',#13134,1.);
#13134 = DIRECTION('',(0.,0.766044443119,-0.642787609687));
#13135 = PCURVE('',#13049,#13136);
#13136 = DEFINITIONAL_REPRESENTATION('',(#13137),#13141);
#13137 = LINE('',#13138,#13139);
#13138 = CARTESIAN_POINT('',(88.9,2.84217094304E-14));
#13139 = VECTOR('',#13140,1.);
#13140 = DIRECTION('',(0.,-1.));
#13141 =(GEOMETRIC_REPRESENTATION_CONTEXT(2)PARAMETRIC_REPRESENTATION_CONTEXT()REPRESENTATION_CONTEXT('2D SPACE',''));
#13142 = PCURVE('',#13143,#13148);
#13143 = PLANE('',#13144);
#13144 = AXIS2_PLACEMENT_3D('',#13145,#13146,#13147);
#13145 = CARTESIAN_POINT('',(-1.2192E+03,653.19147878003,1.311381398871E+03));
#13146 = DIRECTION('',(0.,0.642787609687,0.766044443119));
#13147 = DIRECTION('',(1.,0.,0.));
#13148 = DEFINITIONAL_REPRESENTATION('',(#13149),#13153);
#13149 = LINE('',#13150,#13151);
#13150 = CARTESIAN_POINT('',(0.,0.));
#13151 = VECTOR('',#13152,1.);
#13152 = DIRECTION('',(0.,1.));
#13153 =(GEOMETRIC_REPRESENTATION_CONTEXT(2)PARAMETRIC_REPRESENTATION_CONTEXT()REPRESENTATION_CONTEXT('2D SPACE',''));
#13154 = ADVANCED_FACE('',(#13155),#13169,.T.);
#13155 = FACE_BOUND('',#13156,.T.);
#13156 = EDGE_LOOP('',(#13157,#13187,#13210,#13233));
#13157 = ORIENTED_EDGE('',*,*,#13158,.F.);
#13158 = EDGE_CURVE('',#13159,#13161,#13163,.T.);
#13159 = VERTEX_POINT('',#13160);
#13160 = CARTESIAN_POINT('',(1.2192E+03,596.0476602789,1.243280047878E+03));
#13161 = VERTEX_POINT('',#13162);
#13162 = CARTESIAN_POINT('',(1.2192E+03,653.19147878003,1.311381398871E+03));
#13163 = SURFACE_CURVE('',#13164,(#13168,#13180),.PCURVE_S1.);
#13164 = LINE('',#13165,#13166);
#13165 = CARTESIAN_POINT('',(1.2192E+03,596.0476602789,1.243280047878E+03));
#13166 = VECTOR('',#13167,1.);
#13167 = DIRECTION('',(0.,0.642787609687,0.766044443119));
#13168 = PCURVE('',#13169,#13174);
#13169 = PLANE('',#13170);
#13170 = AXIS2_PLACEMENT_3D('',#13171,#13172,#13173);
#13171 = CARTESIAN_POINT('',(1.2192E+03,596.0476602789,1.243280047878E+03));
#13172 = DIRECTION('',(1.,0.,0.));
#13173 = DIRECTION('',(0.,0.642787609687,0.766044443119));
#13174 = DEFINITIONAL_REPRESENTATION('',(#13175),#13179);
#13175 = LINE('',#13176,#13177);
#13176 = CARTESIAN_POINT('',(0.,0.));
#13177 = VECTOR('',#13178,1.);
#13178 = DIRECTION('',(1.,0.));
#13179 =(GEOMETRIC_REPRESENTATION_CONTEXT(2)PARAMETRIC_REPRESENTATION_CONTEXT()REPRESENTATION_CONTEXT('2D SPACE',''));
#13180 = PCURVE('',#13061,#13181);
#13181 = DEFINITIONAL_REPRESENTATION('',(#13182),#13186);
#13182 = LINE('',#13183,#13184);
#13183 = CARTESIAN_POINT('',(0.,2.4384E+03));
#13184 = VECTOR('',#13185,1.);
#13185 = DIRECTION('',(1.,0.));
#13186 =(GEOMETRIC_REPRESENTATION_CONTEXT(2)PARAMETRIC_REPRESENTATION_CONTEXT()REPRESENTATION_CONTEXT('2D SPACE',''));
#13187 = ORIENTED_EDGE('',*,*,#13188,.T.);
#13188 = EDGE_CURVE('',#13159,#13189,#13191,.T.);
#13189 = VERTEX_POINT('',#13190);
#13190 = CARTESIAN_POINT('',(1.2192E+03,625.23395356173,1.218789839949E+03));
#13191 = SURFACE_CURVE('',#13192,(#13196,#13203),.PCURVE_S1.);
#13192 = LINE('',#13193,#13194);
#13193 = CARTESIAN_POINT('',(1.2192E+03,596.0476602789,1.243280047878E+03));
#13194 = VECTOR('',#13195,1.);
#13195 = DIRECTION('',(0.,0.766044443119,-0.642787609687));
#13196 = PCURVE('',#13169,#13197);
#13197 = DEFINITIONAL_REPRESENTATION('',(#13198),#13202);
#13198 = LINE('',#13199,#13200);
#13199 = CARTESIAN_POINT('',(0.,0.));
#13200 = VECTOR('',#13201,1.);
#13201 = DIRECTION('',(0.,-1.));
#13202 =(GEOMETRIC_REPRESENTATION_CONTEXT(2)PARAMETRIC_REPRESENTATION_CONTEXT()REPRESENTATION_CONTEXT('2D SPACE',''));
#13203 = PCURVE('',#13089,#13204);
#13204 = DEFINITIONAL_REPRESENTATION('',(#13205),#13209);
#13205 = LINE('',#13206,#13207);
#13206 = CARTESIAN_POINT('',(2.4384E+03,0.));
#13207 = VECTOR('',#13208,1.);
#13208 = DIRECTION('',(0.,1.));
#13209 =(GEOMETRIC_REPRESENTATION_CONTEXT(2)PARAMETRIC_REPRESENTATION_CONTEXT()REPRESENTATION_CONTEXT('2D SPACE',''));
#13210 = ORIENTED_EDGE('',*,*,#13211,.T.);
#13211 = EDGE_CURVE('',#13189,#13212,#13214,.T.);
#13212 = VERTEX_POINT('',#13213);
#13213 = CARTESIAN_POINT('',(1.2192E+03,682.37777206286,1.286891190942E+03));
#13214 = SURFACE_CURVE('',#13215,(#13219,#13226),.PCURVE_S1.);
#13215 = LINE('',#13216,#13217);
#13216 = CARTESIAN_POINT('',(1.2192E+03,625.23395356173,1.218789839949E+03));
#13217 = VECTOR('',#13218,1.);
#13218 = DIRECTION('',(0.,0.642787609687,0.766044443119));
#13219 = PCURVE('',#13169,#13220);
#13220 = DEFINITIONAL_REPRESENTATION('',(#13221),#13225);
#13221 = LINE('',#13222,#13223);
#13222 = CARTESIAN_POINT('',(-1.314504061156E-13,-38.1));
#13223 = VECTOR('',#13224,1.);
#13224 = DIRECTION('',(1.,0.));
#13225 =(GEOMETRIC_REPRESENTATION_CONTEXT(2)PARAMETRIC_REPRESENTATION_CONTEXT()REPRESENTATION_CONTEXT('2D SPACE',''));
#13226 = PCURVE('',#13117,#13227);
#13227 = DEFINITIONAL_REPRESENTATION('',(#13228),#13232);
#13228 = LINE('',#13229,#13230);
#13229 = CARTESIAN_POINT('',(0.,2.4384E+03));
#13230 = VECTOR('',#13231,1.);
#13231 = DIRECTION('',(1.,0.));
#13232 =(GEOMETRIC_REPRESENTATION_CONTEXT(2)PARAMETRIC_REPRESENTATION_CONTEXT()REPRESENTATION_CONTEXT('2D SPACE',''));
#13233 = ORIENTED_EDGE('',*,*,#13234,.F.);
#13234 = EDGE_CURVE('',#13161,#13212,#13235,.T.);
#13235 = SURFACE_CURVE('',#13236,(#13240,#13247),.PCURVE_S1.);
#13236 = LINE('',#13237,#13238);
#13237 = CARTESIAN_POINT('',(1.2192E+03,653.19147878003,1.311381398871E+03));
#13238 = VECTOR('',#13239,1.);
#13239 = DIRECTION('',(0.,0.766044443119,-0.642787609687));
#13240 = PCURVE('',#13169,#13241);
#13241 = DEFINITIONAL_REPRESENTATION('',(#13242),#13246);
#13242 = LINE('',#13243,#13244);
#13243 = CARTESIAN_POINT('',(88.9,2.84217094304E-14));
#13244 = VECTOR('',#13245,1.);
#13245 = DIRECTION('',(0.,-1.));
#13246 =(GEOMETRIC_REPRESENTATION_CONTEXT(2)PARAMETRIC_REPRESENTATION_CONTEXT()REPRESENTATION_CONTEXT('2D SPACE',''));
#13247 = PCURVE('',#13143,#13248);
#13248 = DEFINITIONAL_REPRESENTATION('',(#13249),#13253);
#13249 = LINE('',#13250,#13251);
#13250 = CARTESIAN_POINT('',(2.4384E+03,0.));
#13251 = VECTOR('',#13252,1.);
#13252 = DIRECTION('',(0.,1.));
#13253 =(GEOMETRIC_REPRESENTATION_CONTEXT(2)PARAMETRIC_REPRESENTATION_CONTEXT()REPRESENTATION_CONTEXT('2D SPACE',''));
#13254 = ADVANCED_FACE('',(#13255),#13061,.F.);
#13255 = FACE_BOUND('',#13256,.F.);
#13256 = EDGE_LOOP('',(#13257,#13278,#13279,#13300));
#13257 = ORIENTED_EDGE('',*,*,#13258,.F.);
#13258 = EDGE_CURVE('',#13039,#13159,#13259,.T.);
#13259 = SURFACE_CURVE('',#13260,(#13264,#13271),.PCURVE_S1.);
#13260 = LINE('',#13261,#13262);
#13261 = CARTESIAN_POINT('',(-1.2192E+03,596.0476602789,1.243280047878E+03));
#13262 = VECTOR('',#13263,1.);
#13263 = DIRECTION('',(1.,0.,0.));
#13264 = PCURVE('',#13061,#13265);
#13265 = DEFINITIONAL_REPRESENTATION('',(#13266),#13270);
#13266 = LINE('',#13267,#13268);
#13267 = CARTESIAN_POINT('',(0.,0.));
#13268 = VECTOR('',#13269,1.);
#13269 = DIRECTION('',(0.,1.));
#13270 =(GEOMETRIC_REPRESENTATION_CONTEXT(2)PARAMETRIC_REPRESENTATION_CONTEXT()REPRESENTATION_CONTEXT('2D SPACE',''));
#13271 = PCURVE('',#13089,#13272);
#13272 = DEFINITIONAL_REPRESENTATION('',(#13273),#13277);
#13273 = LINE('',#13274,#13275);
#13274 = CARTESIAN_POINT('',(0.,0.));
#13275 = VECTOR('',#13276,1.);
#13276 = DIRECTION('',(1.,0.));
#13277 =(GEOMETRIC_REPRESENTATION_CONTEXT(2)PARAMETRIC_REPRESENTATION_CONTEXT()REPRESENTATION_CONTEXT('2D SPACE',''));
#13278 = ORIENTED_EDGE('',*,*,#13038,.T.);
#13279 = ORIENTED_EDGE('',*,*,#13280,.T.);
#13280 = EDGE_CURVE('',#13041,#13161,#13281,.T.);
#13281 = SURFACE_CURVE('',#13282,(#13286,#13293),.PCURVE_S1.);
#13282 = LINE('',#13283,#13284);
#13283 = CARTESIAN_POINT('',(-1.2192E+03,653.19147878003,1.311381398871E+03));
#13284 = VECTOR('',#13285,1.);
#13285 = DIRECTION('',(1.,0.,0.));
#13286 = PCURVE('',#13061,#13287);
#13287 = DEFINITIONAL_REPRESENTATION('',(#13288),#13292);
#13288 = LINE('',#13289,#13290);
#13289 = CARTESIAN_POINT('',(88.9,0.));
#13290 = VECTOR('',#13291,1.);
#13291 = DIRECTION('',(0.,1.));
#13292 =(GEOMETRIC_REPRESENTATION_CONTEXT(2)PARAMETRIC_REPRESENTATION_CONTEXT()REPRESENTATION_CONTEXT('2D SPACE',''));
#13293 = PCURVE('',#13143,#13294);
#13294 = DEFINITIONAL_REPRESENTATION('',(#13295),#13299);
#13295 = LINE('',#13296,#13297);
#13296 = CARTESIAN_POINT('',(0.,0.));
#13297 = VECTOR('',#13298,1.);
#13298 = DIRECTION('',(1.,0.));
#13299 =(GEOMETRIC_REPRESENTATION_CONTEXT(2)PARAMETRIC_REPRESENTATION_CONTEXT()REPRESENTATION_CONTEXT('2D SPACE',''));
#13300 = ORIENTED_EDGE('',*,*,#13158,.F.);
#13301 = ADVANCED_FACE('',(#13302),#13117,.T.);
#13302 = FACE_BOUND('',#13303,.T.);
#13303 = EDGE_LOOP('',(#13304,#13325,#13326,#13347));
#13304 = ORIENTED_EDGE('',*,*,#13305,.F.);
#13305 = EDGE_CURVE('',#13074,#13189,#13306,.T.);
#13306 = SURFACE_CURVE('',#13307,(#13311,#13318),.PCURVE_S1.);
#13307 = LINE('',#13308,#13309);
#13308 = CARTESIAN_POINT('',(-1.2192E+03,625.23395356173,1.218789839949E+03));
#13309 = VECTOR('',#13310,1.);
#13310 = DIRECTION('',(1.,0.,0.));
#13311 = PCURVE('',#13117,#13312);
#13312 = DEFINITIONAL_REPRESENTATION('',(#13313),#13317);
#13313 = LINE('',#13314,#13315);
#13314 = CARTESIAN_POINT('',(0.,0.));
#13315 = VECTOR('',#13316,1.);
#13316 = DIRECTION('',(0.,1.));
#13317 =(GEOMETRIC_REPRESENTATION_CONTEXT(2)PARAMETRIC_REPRESENTATION_CONTEXT()REPRESENTATION_CONTEXT('2D SPACE',''));
#13318 = PCURVE('',#13089,#13319);
#13319 = DEFINITIONAL_REPRESENTATION('',(#13320),#13324);
#13320 = LINE('',#13321,#13322);
#13321 = CARTESIAN_POINT('',(0.,38.1));
#13322 = VECTOR('',#13323,1.);
#13323 = DIRECTION('',(1.,0.));
#13324 =(GEOMETRIC_REPRESENTATION_CONTEXT(2)PARAMETRIC_REPRESENTATION_CONTEXT()REPRESENTATION_CONTEXT('2D SPACE',''));
#13325 = ORIENTED_EDGE('',*,*,#13101,.T.);
#13326 = ORIENTED_EDGE('',*,*,#13327,.T.);
#13327 = EDGE_CURVE('',#13102,#13212,#13328,.T.);
#13328 = SURFACE_CURVE('',#13329,(#13333,#13340),.PCURVE_S1.);
#13329 = LINE('',#13330,#13331);
#13330 = CARTESIAN_POINT('',(-1.2192E+03,682.37777206286,1.286891190942E+03));
#13331 = VECTOR('',#13332,1.);
#13332 = DIRECTION('',(1.,0.,0.));
#13333 = PCURVE('',#13117,#13334);
#13334 = DEFINITIONAL_REPRESENTATION('',(#13335),#13339);
#13335 = LINE('',#13336,#13337);
#13336 = CARTESIAN_POINT('',(88.9,0.));
#13337 = VECTOR('',#13338,1.);
#13338 = DIRECTION('',(0.,1.));
#13339 =(GEOMETRIC_REPRESENTATION_CONTEXT(2)PARAMETRIC_REPRESENTATION_CONTEXT()REPRESENTATION_CONTEXT('2D SPACE',''));
#13340 = PCURVE('',#13143,#13341);
#13341 = DEFINITIONAL_REPRESENTATION('',(#13342),#13346);
#13342 = LINE('',#13343,#13344);
#13343 = CARTESIAN_POINT('',(0.,38.1));
#13344 = VECTOR('',#13345,1.);
#13345 = DIRECTION('',(1.,0.));
#13346 =(GEOMETRIC_REPRESENTATION_CONTEXT(2)PARAMETRIC_REPRESENTATION_CONTEXT()REPRESENTATION_CONTEXT('2D SPACE',''));
#13347 = ORIENTED_EDGE('',*,*,#13211,.F.);
#13348 = ADVANCED_FACE('',(#13349),#13089,.F.);
#13349 = FACE_BOUND('',#13350,.F.);
#13350 = EDGE_LOOP('',(#13351,#13352,#13353,#13354));
#13351 = ORIENTED_EDGE('',*,*,#13073,.F.);
#13352 = ORIENTED_EDGE('',*,*,#13258,.T.);
#13353 = ORIENTED_EDGE('',*,*,#13188,.T.);
#13354 = ORIENTED_EDGE('',*,*,#13305,.F.);
#13355 = ADVANCED_FACE('',(#13356),#13143,.T.);
#13356 = FACE_BOUND('',#13357,.T.);
#13357 = EDGE_LOOP('',(#13358,#13359,#13360,#13361));
#13358 = ORIENTED_EDGE('',*,*,#13129,.F.);
#13359 = ORIENTED_EDGE('',*,*,#13280,.T.);
#13360 = ORIENTED_EDGE('',*,*,#13234,.T.);
#13361 = ORIENTED_EDGE('',*,*,#13327,.F.);
#13362 =(GEOMETRIC_REPRESENTATION_CONTEXT(3)GLOBAL_UNCERTAINTY_ASSIGNED_CONTEXT((#13366))GLOBAL_UNIT_ASSIGNED_CONTEXT((#13363,#13364,#13365))REPRESENTATION_CONTEXT('Context #1','3D Context with UNIT and UNCERTAINTY'));
#13363 =(LENGTH_UNIT()NAMED_UNIT(*)SI_UNIT(.MILLI.,.METRE.));
#13364 =(NAMED_UNIT(*)PLANE_ANGLE_UNIT()SI_UNIT($,.RADIAN.));
#13365 =(NAMED_UNIT(*)SI_UNIT($,.STERADIAN.)SOLID_ANGLE_UNIT());
#13366 = UNCERTAINTY_MEASURE_WITH_UNIT(LENGTH_MEASURE(1.E-07),#13363,'distance_accuracy_value','confusion accuracy');
#13367 = CONTEXT_DEPENDENT_SHAPE_REPRESENTATION(#13368,#13370);
#13368 =(REPRESENTATION_RELATIONSHIP('','',#13031,#10)REPRESENTATION_RELATIONSHIP_WITH_TRANSFORMATION(#13369)SHAPE_REPRESENTATION_RELATIONSHIP());
#13369 = ITEM_DEFINED_TRANSFORMATION('','',#11,#155);
#13370 = PRODUCT_DEFINITION_SHAPE('Placement','Placement of an item',#13371);
#13371 = NEXT_ASSEMBLY_USAGE_OCCURRENCE('36','rear_cross_2','',#5,#13026,$);
#13372 = PRODUCT_RELATED_PRODUCT_CATEGORY('part',$,(#13028));
#13373 = SHAPE_DEFINITION_REPRESENTATION(#13374,#13380);
#13374 = PRODUCT_DEFINITION_SHAPE('','',#13375);
#13375 = PRODUCT_DEFINITION('design','',#13376,#13379);
#13376 = PRODUCT_DEFINITION_FORMATION('','',#13377);
#13377 = PRODUCT('rib_2_seam_left','rib_2_seam_left','',(#13378));
#13378 = PRODUCT_CONTEXT('',#2,'mechanical');
#13379 = PRODUCT_DEFINITION_CONTEXT('part definition',#2,'design');
#13380 = ADVANCED_BREP_SHAPE_REPRESENTATION('',(#11,#13381),#13711);
#13381 = MANIFOLD_SOLID_BREP('',#13382);
#13382 = CLOSED_SHELL('',(#13383,#13503,#13603,#13650,#13697,#13704));
#13383 = ADVANCED_FACE('',(#13384),#13398,.F.);
#13384 = FACE_BOUND('',#13385,.F.);
#13385 = EDGE_LOOP('',(#13386,#13421,#13449,#13477));
#13386 = ORIENTED_EDGE('',*,*,#13387,.F.);
#13387 = EDGE_CURVE('',#13388,#13390,#13392,.T.);
#13388 = VERTEX_POINT('',#13389);
#13389 = CARTESIAN_POINT('',(-67.05,625.23395356173,1.218789839949E+03));
#13390 = VERTEX_POINT('',#13391);
#13391 = CARTESIAN_POINT('',(-67.05,682.37777206286,1.286891190942E+03));
#13392 = SURFACE_CURVE('',#13393,(#13397,#13409),.PCURVE_S1.);
#13393 = LINE('',#13394,#13395);
#13394 = CARTESIAN_POINT('',(-67.05,625.23395356173,1.218789839949E+03));
#13395 = VECTOR('',#13396,1.);
#13396 = DIRECTION('',(0.,0.642787609687,0.766044443119));
#13397 = PCURVE('',#13398,#13403);
#13398 = PLANE('',#13399);
#13399 = AXIS2_PLACEMENT_3D('',#13400,#13401,#13402);
#13400 = CARTESIAN_POINT('',(-67.05,625.23395356173,1.218789839949E+03));
#13401 = DIRECTION('',(1.,0.,0.));
#13402 = DIRECTION('',(0.,0.642787609687,0.766044443119));
#13403 = DEFINITIONAL_REPRESENTATION('',(#13404),#13408);
#13404 = LINE('',#13405,#13406);
#13405 = CARTESIAN_POINT('',(0.,0.));
#13406 = VECTOR('',#13407,1.);
#13407 = DIRECTION('',(1.,0.));
#13408 =(GEOMETRIC_REPRESENTATION_CONTEXT(2)PARAMETRIC_REPRESENTATION_CONTEXT()REPRESENTATION_CONTEXT('2D SPACE',''));
#13409 = PCURVE('',#13410,#13415);
#13410 = PLANE('',#13411);
#13411 = AXIS2_PLACEMENT_3D('',#13412,#13413,#13414);
#13412 = CARTESIAN_POINT('',(-67.05,625.23395356173,1.218789839949E+03));
#13413 = DIRECTION('',(0.,0.766044443119,-0.642787609687));
#13414 = DIRECTION('',(0.,0.642787609687,0.766044443119));
#13415 = DEFINITIONAL_REPRESENTATION('',(#13416),#13420);
#13416 = LINE('',#13417,#13418);
#13417 = CARTESIAN_POINT('',(0.,0.));
#13418 = VECTOR('',#13419,1.);
#13419 = DIRECTION('',(1.,0.));
#13420 =(GEOMETRIC_REPRESENTATION_CONTEXT(2)PARAMETRIC_REPRESENTATION_CONTEXT()REPRESENTATION_CONTEXT('2D SPACE',''));
#13421 = ORIENTED_EDGE('',*,*,#13422,.T.);
#13422 = EDGE_CURVE('',#13388,#13423,#13425,.T.);
#13423 = VERTEX_POINT('',#13424);
#13424 = CARTESIAN_POINT('',(-67.05,694.13965122028,1.160971094457E+03));
#13425 = SURFACE_CURVE('',#13426,(#13430,#13437),.PCURVE_S1.);
#13426 = LINE('',#13427,#13428);
#13427 = CARTESIAN_POINT('',(-67.05,625.23395356173,1.218789839949E+03));
#13428 = VECTOR('',#13429,1.);
#13429 = DIRECTION('',(0.,0.766044443119,-0.642787609687));
#13430 = PCURVE('',#13398,#13431);
#13431 = DEFINITIONAL_REPRESENTATION('',(#13432),#13436);
#13432 = LINE('',#13433,#13434);
#13433 = CARTESIAN_POINT('',(0.,0.));
#13434 = VECTOR('',#13435,1.);
#13435 = DIRECTION('',(0.,-1.));
#13436 =(GEOMETRIC_REPRESENTATION_CONTEXT(2)PARAMETRIC_REPRESENTATION_CONTEXT()REPRESENTATION_CONTEXT('2D SPACE',''));
#13437 = PCURVE('',#13438,#13443);
#13438 = PLANE('',#13439);
#13439 = AXIS2_PLACEMENT_3D('',#13440,#13441,#13442);
#13440 = CARTESIAN_POINT('',(-67.05,625.23395356173,1.218789839949E+03));
#13441 = DIRECTION('',(0.,0.642787609687,0.766044443119));
#13442 = DIRECTION('',(1.,0.,0.));
#13443 = DEFINITIONAL_REPRESENTATION('',(#13444),#13448);
#13444 = LINE('',#13445,#13446);
#13445 = CARTESIAN_POINT('',(0.,0.));
#13446 = VECTOR('',#13447,1.);
#13447 = DIRECTION('',(0.,1.));
#13448 =(GEOMETRIC_REPRESENTATION_CONTEXT(2)PARAMETRIC_REPRESENTATION_CONTEXT()REPRESENTATION_CONTEXT('2D SPACE',''));
#13449 = ORIENTED_EDGE('',*,*,#13450,.T.);
#13450 = EDGE_CURVE('',#13423,#13451,#13453,.T.);
#13451 = VERTEX_POINT('',#13452);
#13452 = CARTESIAN_POINT('',(-67.05,751.28346972142,1.229072445451E+03));
#13453 = SURFACE_CURVE('',#13454,(#13458,#13465),.PCURVE_S1.);
#13454 = LINE('',#13455,#13456);
#13455 = CARTESIAN_POINT('',(-67.05,694.13965122028,1.160971094457E+03));
#13456 = VECTOR('',#13457,1.);
#13457 = DIRECTION('',(0.,0.642787609687,0.766044443119));
#13458 = PCURVE('',#13398,#13459);
#13459 = DEFINITIONAL_REPRESENTATION('',(#13460),#13464);
#13460 = LINE('',#13461,#13462);
#13461 = CARTESIAN_POINT('',(1.06581410364E-13,-89.95));
#13462 = VECTOR('',#13463,1.);
#13463 = DIRECTION('',(1.,0.));
#13464 =(GEOMETRIC_REPRESENTATION_CONTEXT(2)PARAMETRIC_REPRESENTATION_CONTEXT()REPRESENTATION_CONTEXT('2D SPACE',''));
#13465 = PCURVE('',#13466,#13471);
#13466 = PLANE('',#13467);
#13467 = AXIS2_PLACEMENT_3D('',#13468,#13469,#13470);
#13468 = CARTESIAN_POINT('',(-67.05,694.13965122028,1.160971094457E+03));
#13469 = DIRECTION('',(0.,0.766044443119,-0.642787609687));
#13470 = DIRECTION('',(0.,0.642787609687,0.766044443119));
#13471 = DEFINITIONAL_REPRESENTATION('',(#13472),#13476);
#13472 = LINE('',#13473,#13474);
#13473 = CARTESIAN_POINT('',(0.,0.));
#13474 = VECTOR('',#13475,1.);
#13475 = DIRECTION('',(1.,0.));
#13476 =(GEOMETRIC_REPRESENTATION_CONTEXT(2)PARAMETRIC_REPRESENTATION_CONTEXT()REPRESENTATION_CONTEXT('2D SPACE',''));
#13477 = ORIENTED_EDGE('',*,*,#13478,.F.);
#13478 = EDGE_CURVE('',#13390,#13451,#13479,.T.);
#13479 = SURFACE_CURVE('',#13480,(#13484,#13491),.PCURVE_S1.);
#13480 = LINE('',#13481,#13482);
#13481 = CARTESIAN_POINT('',(-67.05,682.37777206286,1.286891190942E+03));
#13482 = VECTOR('',#13483,1.);
#13483 = DIRECTION('',(0.,0.766044443119,-0.642787609687));
#13484 = PCURVE('',#13398,#13485);
#13485 = DEFINITIONAL_REPRESENTATION('',(#13486),#13490);
#13486 = LINE('',#13487,#13488);
#13487 = CARTESIAN_POINT('',(88.9,2.84217094304E-14));
#13488 = VECTOR('',#13489,1.);
#13489 = DIRECTION('',(0.,-1.));
#13490 =(GEOMETRIC_REPRESENTATION_CONTEXT(2)PARAMETRIC_REPRESENTATION_CONTEXT()REPRESENTATION_CONTEXT('2D SPACE',''));
#13491 = PCURVE('',#13492,#13497);
#13492 = PLANE('',#13493);
#13493 = AXIS2_PLACEMENT_3D('',#13494,#13495,#13496);
#13494 = CARTESIAN_POINT('',(-67.05,682.37777206286,1.286891190942E+03));
#13495 = DIRECTION('',(0.,0.642787609687,0.766044443119));
#13496 = DIRECTION('',(1.,0.,0.));
#13497 = DEFINITIONAL_REPRESENTATION('',(#13498),#13502);
#13498 = LINE('',#13499,#13500);
#13499 = CARTESIAN_POINT('',(0.,0.));
#13500 = VECTOR('',#13501,1.);
#13501 = DIRECTION('',(0.,1.));
#13502 =(GEOMETRIC_REPRESENTATION_CONTEXT(2)PARAMETRIC_REPRESENTATION_CONTEXT()REPRESENTATION_CONTEXT('2D SPACE',''));
#13503 = ADVANCED_FACE('',(#13504),#13518,.T.);
#13504 = FACE_BOUND('',#13505,.T.);
#13505 = EDGE_LOOP('',(#13506,#13536,#13559,#13582));
#13506 = ORIENTED_EDGE('',*,*,#13507,.F.);
#13507 = EDGE_CURVE('',#13508,#13510,#13512,.T.);
#13508 = VERTEX_POINT('',#13509);
#13509 = CARTESIAN_POINT('',(-28.95,625.23395356173,1.218789839949E+03));
#13510 = VERTEX_POINT('',#13511);
#13511 = CARTESIAN_POINT('',(-28.95,682.37777206286,1.286891190942E+03));
#13512 = SURFACE_CURVE('',#13513,(#13517,#13529),.PCURVE_S1.);
#13513 = LINE('',#13514,#13515);
#13514 = CARTESIAN_POINT('',(-28.95,625.23395356173,1.218789839949E+03));
#13515 = VECTOR('',#13516,1.);
#13516 = DIRECTION('',(0.,0.642787609687,0.766044443119));
#13517 = PCURVE('',#13518,#13523);
#13518 = PLANE('',#13519);
#13519 = AXIS2_PLACEMENT_3D('',#13520,#13521,#13522);
#13520 = CARTESIAN_POINT('',(-28.95,625.23395356173,1.218789839949E+03));
#13521 = DIRECTION('',(1.,0.,0.));
#13522 = DIRECTION('',(0.,0.642787609687,0.766044443119));
#13523 = DEFINITIONAL_REPRESENTATION('',(#13524),#13528);
#13524 = LINE('',#13525,#13526);
#13525 = CARTESIAN_POINT('',(0.,0.));
#13526 = VECTOR('',#13527,1.);
#13527 = DIRECTION('',(1.,0.));
#13528 =(GEOMETRIC_REPRESENTATION_CONTEXT(2)PARAMETRIC_REPRESENTATION_CONTEXT()REPRESENTATION_CONTEXT('2D SPACE',''));
#13529 = PCURVE('',#13410,#13530);
#13530 = DEFINITIONAL_REPRESENTATION('',(#13531),#13535);
#13531 = LINE('',#13532,#13533);
#13532 = CARTESIAN_POINT('',(0.,38.1));
#13533 = VECTOR('',#13534,1.);
#13534 = DIRECTION('',(1.,0.));
#13535 =(GEOMETRIC_REPRESENTATION_CONTEXT(2)PARAMETRIC_REPRESENTATION_CONTEXT()REPRESENTATION_CONTEXT('2D SPACE',''));
#13536 = ORIENTED_EDGE('',*,*,#13537,.T.);
#13537 = EDGE_CURVE('',#13508,#13538,#13540,.T.);
#13538 = VERTEX_POINT('',#13539);
#13539 = CARTESIAN_POINT('',(-28.95,694.13965122028,1.160971094457E+03));
#13540 = SURFACE_CURVE('',#13541,(#13545,#13552),.PCURVE_S1.);
#13541 = LINE('',#13542,#13543);
#13542 = CARTESIAN_POINT('',(-28.95,625.23395356173,1.218789839949E+03));
#13543 = VECTOR('',#13544,1.);
#13544 = DIRECTION('',(0.,0.766044443119,-0.642787609687));
#13545 = PCURVE('',#13518,#13546);
#13546 = DEFINITIONAL_REPRESENTATION('',(#13547),#13551);
#13547 = LINE('',#13548,#13549);
#13548 = CARTESIAN_POINT('',(0.,0.));
#13549 = VECTOR('',#13550,1.);
#13550 = DIRECTION('',(0.,-1.));
#13551 =(GEOMETRIC_REPRESENTATION_CONTEXT(2)PARAMETRIC_REPRESENTATION_CONTEXT()REPRESENTATION_CONTEXT('2D SPACE',''));
#13552 = PCURVE('',#13438,#13553);
#13553 = DEFINITIONAL_REPRESENTATION('',(#13554),#13558);
#13554 = LINE('',#13555,#13556);
#13555 = CARTESIAN_POINT('',(38.1,0.));
#13556 = VECTOR('',#13557,1.);
#13557 = DIRECTION('',(0.,1.));
#13558 =(GEOMETRIC_REPRESENTATION_CONTEXT(2)PARAMETRIC_REPRESENTATION_CONTEXT()REPRESENTATION_CONTEXT('2D SPACE',''));
#13559 = ORIENTED_EDGE('',*,*,#13560,.T.);
#13560 = EDGE_CURVE('',#13538,#13561,#13563,.T.);
#13561 = VERTEX_POINT('',#13562);
#13562 = CARTESIAN_POINT('',(-28.95,751.28346972142,1.229072445451E+03));
#13563 = SURFACE_CURVE('',#13564,(#13568,#13575),.PCURVE_S1.);
#13564 = LINE('',#13565,#13566);
#13565 = CARTESIAN_POINT('',(-28.95,694.13965122028,1.160971094457E+03));
#13566 = VECTOR('',#13567,1.);
#13567 = DIRECTION('',(0.,0.642787609687,0.766044443119));
#13568 = PCURVE('',#13518,#13569);
#13569 = DEFINITIONAL_REPRESENTATION('',(#13570),#13574);
#13570 = LINE('',#13571,#13572);
#13571 = CARTESIAN_POINT('',(1.06581410364E-13,-89.95));
#13572 = VECTOR('',#13573,1.);
#13573 = DIRECTION('',(1.,0.));
#13574 =(GEOMETRIC_REPRESENTATION_CONTEXT(2)PARAMETRIC_REPRESENTATION_CONTEXT()REPRESENTATION_CONTEXT('2D SPACE',''));
#13575 = PCURVE('',#13466,#13576);
#13576 = DEFINITIONAL_REPRESENTATION('',(#13577),#13581);
#13577 = LINE('',#13578,#13579);
#13578 = CARTESIAN_POINT('',(0.,38.1));
#13579 = VECTOR('',#13580,1.);
#13580 = DIRECTION('',(1.,0.));
#13581 =(GEOMETRIC_REPRESENTATION_CONTEXT(2)PARAMETRIC_REPRESENTATION_CONTEXT()REPRESENTATION_CONTEXT('2D SPACE',''));
#13582 = ORIENTED_EDGE('',*,*,#13583,.F.);
#13583 = EDGE_CURVE('',#13510,#13561,#13584,.T.);
#13584 = SURFACE_CURVE('',#13585,(#13589,#13596),.PCURVE_S1.);
#13585 = LINE('',#13586,#13587);
#13586 = CARTESIAN_POINT('',(-28.95,682.37777206286,1.286891190942E+03));
#13587 = VECTOR('',#13588,1.);
#13588 = DIRECTION('',(0.,0.766044443119,-0.642787609687));
#13589 = PCURVE('',#13518,#13590);
#13590 = DEFINITIONAL_REPRESENTATION('',(#13591),#13595);
#13591 = LINE('',#13592,#13593);
#13592 = CARTESIAN_POINT('',(88.9,2.84217094304E-14));
#13593 = VECTOR('',#13594,1.);
#13594 = DIRECTION('',(0.,-1.));
#13595 =(GEOMETRIC_REPRESENTATION_CONTEXT(2)PARAMETRIC_REPRESENTATION_CONTEXT()REPRESENTATION_CONTEXT('2D SPACE',''));
#13596 = PCURVE('',#13492,#13597);
#13597 = DEFINITIONAL_REPRESENTATION('',(#13598),#13602);
#13598 = LINE('',#13599,#13600);
#13599 = CARTESIAN_POINT('',(38.1,0.));
#13600 = VECTOR('',#13601,1.);
#13601 = DIRECTION('',(0.,1.));
#13602 =(GEOMETRIC_REPRESENTATION_CONTEXT(2)PARAMETRIC_REPRESENTATION_CONTEXT()REPRESENTATION_CONTEXT('2D SPACE',''));
#13603 = ADVANCED_FACE('',(#13604),#13410,.F.);
#13604 = FACE_BOUND('',#13605,.F.);
#13605 = EDGE_LOOP('',(#13606,#13627,#13628,#13649));
#13606 = ORIENTED_EDGE('',*,*,#13607,.F.);
#13607 = EDGE_CURVE('',#13388,#13508,#13608,.T.);
#13608 = SURFACE_CURVE('',#13609,(#13613,#13620),.PCURVE_S1.);
#13609 = LINE('',#13610,#13611);
#13610 = CARTESIAN_POINT('',(-67.05,625.23395356173,1.218789839949E+03));
#13611 = VECTOR('',#13612,1.);
#13612 = DIRECTION('',(1.,0.,0.));
#13613 = PCURVE('',#13410,#13614);
#13614 = DEFINITIONAL_REPRESENTATION('',(#13615),#13619);
#13615 = LINE('',#13616,#13617);
#13616 = CARTESIAN_POINT('',(0.,0.));
#13617 = VECTOR('',#13618,1.);
#13618 = DIRECTION('',(0.,1.));
#13619 =(GEOMETRIC_REPRESENTATION_CONTEXT(2)PARAMETRIC_REPRESENTATION_CONTEXT()REPRESENTATION_CONTEXT('2D SPACE',''));
#13620 = PCURVE('',#13438,#13621);
#13621 = DEFINITIONAL_REPRESENTATION('',(#13622),#13626);
#13622 = LINE('',#13623,#13624);
#13623 = CARTESIAN_POINT('',(0.,0.));
#13624 = VECTOR('',#13625,1.);
#13625 = DIRECTION('',(1.,0.));
#13626 =(GEOMETRIC_REPRESENTATION_CONTEXT(2)PARAMETRIC_REPRESENTATION_CONTEXT()REPRESENTATION_CONTEXT('2D SPACE',''));
#13627 = ORIENTED_EDGE('',*,*,#13387,.T.);
#13628 = ORIENTED_EDGE('',*,*,#13629,.T.);
#13629 = EDGE_CURVE('',#13390,#13510,#13630,.T.);
#13630 = SURFACE_CURVE('',#13631,(#13635,#13642),.PCURVE_S1.);
#13631 = LINE('',#13632,#13633);
#13632 = CARTESIAN_POINT('',(-67.05,682.37777206286,1.286891190942E+03));
#13633 = VECTOR('',#13634,1.);
#13634 = DIRECTION('',(1.,0.,0.));
#13635 = PCURVE('',#13410,#13636);
#13636 = DEFINITIONAL_REPRESENTATION('',(#13637),#13641);
#13637 = LINE('',#13638,#13639);
#13638 = CARTESIAN_POINT('',(88.9,0.));
#13639 = VECTOR('',#13640,1.);
#13640 = DIRECTION('',(0.,1.));
#13641 =(GEOMETRIC_REPRESENTATION_CONTEXT(2)PARAMETRIC_REPRESENTATION_CONTEXT()REPRESENTATION_CONTEXT('2D SPACE',''));
#13642 = PCURVE('',#13492,#13643);
#13643 = DEFINITIONAL_REPRESENTATION('',(#13644),#13648);
#13644 = LINE('',#13645,#13646);
#13645 = CARTESIAN_POINT('',(0.,0.));
#13646 = VECTOR('',#13647,1.);
#13647 = DIRECTION('',(1.,0.));
#13648 =(GEOMETRIC_REPRESENTATION_CONTEXT(2)PARAMETRIC_REPRESENTATION_CONTEXT()REPRESENTATION_CONTEXT('2D SPACE',''));
#13649 = ORIENTED_EDGE('',*,*,#13507,.F.);
#13650 = ADVANCED_FACE('',(#13651),#13466,.T.);
#13651 = FACE_BOUND('',#13652,.T.);
#13652 = EDGE_LOOP('',(#13653,#13674,#13675,#13696));
#13653 = ORIENTED_EDGE('',*,*,#13654,.F.);
#13654 = EDGE_CURVE('',#13423,#13538,#13655,.T.);
#13655 = SURFACE_CURVE('',#13656,(#13660,#13667),.PCURVE_S1.);
#13656 = LINE('',#13657,#13658);
#13657 = CARTESIAN_POINT('',(-67.05,694.13965122028,1.160971094457E+03));
#13658 = VECTOR('',#13659,1.);
#13659 = DIRECTION('',(1.,0.,0.));
#13660 = PCURVE('',#13466,#13661);
#13661 = DEFINITIONAL_REPRESENTATION('',(#13662),#13666);
#13662 = LINE('',#13663,#13664);
#13663 = CARTESIAN_POINT('',(0.,0.));
#13664 = VECTOR('',#13665,1.);
#13665 = DIRECTION('',(0.,1.));
#13666 =(GEOMETRIC_REPRESENTATION_CONTEXT(2)PARAMETRIC_REPRESENTATION_CONTEXT()REPRESENTATION_CONTEXT('2D SPACE',''));
#13667 = PCURVE('',#13438,#13668);
#13668 = DEFINITIONAL_REPRESENTATION('',(#13669),#13673);
#13669 = LINE('',#13670,#13671);
#13670 = CARTESIAN_POINT('',(0.,89.95));
#13671 = VECTOR('',#13672,1.);
#13672 = DIRECTION('',(1.,0.));
#13673 =(GEOMETRIC_REPRESENTATION_CONTEXT(2)PARAMETRIC_REPRESENTATION_CONTEXT()REPRESENTATION_CONTEXT('2D SPACE',''));
#13674 = ORIENTED_EDGE('',*,*,#13450,.T.);
#13675 = ORIENTED_EDGE('',*,*,#13676,.T.);
#13676 = EDGE_CURVE('',#13451,#13561,#13677,.T.);
#13677 = SURFACE_CURVE('',#13678,(#13682,#13689),.PCURVE_S1.);
#13678 = LINE('',#13679,#13680);
#13679 = CARTESIAN_POINT('',(-67.05,751.28346972142,1.229072445451E+03));
#13680 = VECTOR('',#13681,1.);
#13681 = DIRECTION('',(1.,0.,0.));
#13682 = PCURVE('',#13466,#13683);
#13683 = DEFINITIONAL_REPRESENTATION('',(#13684),#13688);
#13684 = LINE('',#13685,#13686);
#13685 = CARTESIAN_POINT('',(88.9,0.));
#13686 = VECTOR('',#13687,1.);
#13687 = DIRECTION('',(0.,1.));
#13688 =(GEOMETRIC_REPRESENTATION_CONTEXT(2)PARAMETRIC_REPRESENTATION_CONTEXT()REPRESENTATION_CONTEXT('2D SPACE',''));
#13689 = PCURVE('',#13492,#13690);
#13690 = DEFINITIONAL_REPRESENTATION('',(#13691),#13695);
#13691 = LINE('',#13692,#13693);
#13692 = CARTESIAN_POINT('',(0.,89.95));
#13693 = VECTOR('',#13694,1.);
#13694 = DIRECTION('',(1.,0.));
#13695 =(GEOMETRIC_REPRESENTATION_CONTEXT(2)PARAMETRIC_REPRESENTATION_CONTEXT()REPRESENTATION_CONTEXT('2D SPACE',''));
#13696 = ORIENTED_EDGE('',*,*,#13560,.F.);
#13697 = ADVANCED_FACE('',(#13698),#13438,.F.);
#13698 = FACE_BOUND('',#13699,.F.);
#13699 = EDGE_LOOP('',(#13700,#13701,#13702,#13703));
#13700 = ORIENTED_EDGE('',*,*,#13422,.F.);
#13701 = ORIENTED_EDGE('',*,*,#13607,.T.);
#13702 = ORIENTED_EDGE('',*,*,#13537,.T.);
#13703 = ORIENTED_EDGE('',*,*,#13654,.F.);
#13704 = ADVANCED_FACE('',(#13705),#13492,.T.);
#13705 = FACE_BOUND('',#13706,.T.);
#13706 = EDGE_LOOP('',(#13707,#13708,#13709,#13710));
#13707 = ORIENTED_EDGE('',*,*,#13478,.F.);
#13708 = ORIENTED_EDGE('',*,*,#13629,.T.);
#13709 = ORIENTED_EDGE('',*,*,#13583,.T.);
#13710 = ORIENTED_EDGE('',*,*,#13676,.F.);
#13711 =(GEOMETRIC_REPRESENTATION_CONTEXT(3)GLOBAL_UNCERTAINTY_ASSIGNED_CONTEXT((#13715))GLOBAL_UNIT_ASSIGNED_CONTEXT((#13712,#13713,#13714))REPRESENTATION_CONTEXT('Context #1','3D Context with UNIT and UNCERTAINTY'));
#13712 =(LENGTH_UNIT()NAMED_UNIT(*)SI_UNIT(.MILLI.,.METRE.));
#13713 =(NAMED_UNIT(*)PLANE_ANGLE_UNIT()SI_UNIT($,.RADIAN.));
#13714 =(NAMED_UNIT(*)SI_UNIT($,.STERADIAN.)SOLID_ANGLE_UNIT());
#13715 = UNCERTAINTY_MEASURE_WITH_UNIT(LENGTH_MEASURE(1.E-07),#13712,'distance_accuracy_value','confusion accuracy');
#13716 = CONTEXT_DEPENDENT_SHAPE_REPRESENTATION(#13717,#13719);
#13717 =(REPRESENTATION_RELATIONSHIP('','',#13380,#10)REPRESENTATION_RELATIONSHIP_WITH_TRANSFORMATION(#13718)SHAPE_REPRESENTATION_RELATIONSHIP());
#13718 = ITEM_DEFINED_TRANSFORMATION('','',#11,#159);
#13719 = PRODUCT_DEFINITION_SHAPE('Placement','Placement of an item',#13720);
#13720 = NEXT_ASSEMBLY_USAGE_OCCURRENCE('37','rib_2_seam_left','',#5,#13375,$);
#13721 = PRODUCT_RELATED_PRODUCT_CATEGORY('part',$,(#13377));
#13722 = SHAPE_DEFINITION_REPRESENTATION(#13723,#13729);
#13723 = PRODUCT_DEFINITION_SHAPE('','',#13724);
#13724 = PRODUCT_DEFINITION('design','',#13725,#13728);
#13725 = PRODUCT_DEFINITION_FORMATION('','',#13726);
#13726 = PRODUCT('rib_2_seam_right','rib_2_seam_right','',(#13727));
#13727 = PRODUCT_CONTEXT('',#2,'mechanical');
#13728 = PRODUCT_DEFINITION_CONTEXT('part definition',#2,'design');
#13729 = ADVANCED_BREP_SHAPE_REPRESENTATION('',(#11,#13730),#14060);
#13730 = MANIFOLD_SOLID_BREP('',#13731);
#13731 = CLOSED_SHELL('',(#13732,#13852,#13952,#13999,#14046,#14053));
#13732 = ADVANCED_FACE('',(#13733),#13747,.F.);
#13733 = FACE_BOUND('',#13734,.F.);
#13734 = EDGE_LOOP('',(#13735,#13770,#13798,#13826));
#13735 = ORIENTED_EDGE('',*,*,#13736,.F.);
#13736 = EDGE_CURVE('',#13737,#13739,#13741,.T.);
#13737 = VERTEX_POINT('',#13738);
#13738 = CARTESIAN_POINT('',(28.95,625.23395356173,1.218789839949E+03));
#13739 = VERTEX_POINT('',#13740);
#13740 = CARTESIAN_POINT('',(28.95,682.37777206286,1.286891190942E+03));
#13741 = SURFACE_CURVE('',#13742,(#13746,#13758),.PCURVE_S1.);
#13742 = LINE('',#13743,#13744);
#13743 = CARTESIAN_POINT('',(28.95,625.23395356173,1.218789839949E+03));
#13744 = VECTOR('',#13745,1.);
#13745 = DIRECTION('',(0.,0.642787609687,0.766044443119));
#13746 = PCURVE('',#13747,#13752);
#13747 = PLANE('',#13748);
#13748 = AXIS2_PLACEMENT_3D('',#13749,#13750,#13751);
#13749 = CARTESIAN_POINT('',(28.95,625.23395356173,1.218789839949E+03));
#13750 = DIRECTION('',(1.,0.,0.));
#13751 = DIRECTION('',(0.,0.642787609687,0.766044443119));
#13752 = DEFINITIONAL_REPRESENTATION('',(#13753),#13757);
#13753 = LINE('',#13754,#13755);
#13754 = CARTESIAN_POINT('',(0.,0.));
#13755 = VECTOR('',#13756,1.);
#13756 = DIRECTION('',(1.,0.));
#13757 =(GEOMETRIC_REPRESENTATION_CONTEXT(2)PARAMETRIC_REPRESENTATION_CONTEXT()REPRESENTATION_CONTEXT('2D SPACE',''));
#13758 = PCURVE('',#13759,#13764);
#13759 = PLANE('',#13760);
#13760 = AXIS2_PLACEMENT_3D('',#13761,#13762,#13763);
#13761 = CARTESIAN_POINT('',(28.95,625.23395356173,1.218789839949E+03));
#13762 = DIRECTION('',(0.,0.766044443119,-0.642787609687));
#13763 = DIRECTION('',(0.,0.642787609687,0.766044443119));
#13764 = DEFINITIONAL_REPRESENTATION('',(#13765),#13769);
#13765 = LINE('',#13766,#13767);
#13766 = CARTESIAN_POINT('',(0.,0.));
#13767 = VECTOR('',#13768,1.);
#13768 = DIRECTION('',(1.,0.));
#13769 =(GEOMETRIC_REPRESENTATION_CONTEXT(2)PARAMETRIC_REPRESENTATION_CONTEXT()REPRESENTATION_CONTEXT('2D SPACE',''));
#13770 = ORIENTED_EDGE('',*,*,#13771,.T.);
#13771 = EDGE_CURVE('',#13737,#13772,#13774,.T.);
#13772 = VERTEX_POINT('',#13773);
#13773 = CARTESIAN_POINT('',(28.95,694.13965122028,1.160971094457E+03));
#13774 = SURFACE_CURVE('',#13775,(#13779,#13786),.PCURVE_S1.);
#13775 = LINE('',#13776,#13777);
#13776 = CARTESIAN_POINT('',(28.95,625.23395356173,1.218789839949E+03));
#13777 = VECTOR('',#13778,1.);
#13778 = DIRECTION('',(0.,0.766044443119,-0.642787609687));
#13779 = PCURVE('',#13747,#13780);
#13780 = DEFINITIONAL_REPRESENTATION('',(#13781),#13785);
#13781 = LINE('',#13782,#13783);
#13782 = CARTESIAN_POINT('',(0.,0.));
#13783 = VECTOR('',#13784,1.);
#13784 = DIRECTION('',(0.,-1.));
#13785 =(GEOMETRIC_REPRESENTATION_CONTEXT(2)PARAMETRIC_REPRESENTATION_CONTEXT()REPRESENTATION_CONTEXT('2D SPACE',''));
#13786 = PCURVE('',#13787,#13792);
#13787 = PLANE('',#13788);
#13788 = AXIS2_PLACEMENT_3D('',#13789,#13790,#13791);
#13789 = CARTESIAN_POINT('',(28.95,625.23395356173,1.218789839949E+03));
#13790 = DIRECTION('',(0.,0.642787609687,0.766044443119));
#13791 = DIRECTION('',(1.,0.,0.));
#13792 = DEFINITIONAL_REPRESENTATION('',(#13793),#13797);
#13793 = LINE('',#13794,#13795);
#13794 = CARTESIAN_POINT('',(0.,0.));
#13795 = VECTOR('',#13796,1.);
#13796 = DIRECTION('',(0.,1.));
#13797 =(GEOMETRIC_REPRESENTATION_CONTEXT(2)PARAMETRIC_REPRESENTATION_CONTEXT()REPRESENTATION_CONTEXT('2D SPACE',''));
#13798 = ORIENTED_EDGE('',*,*,#13799,.T.);
#13799 = EDGE_CURVE('',#13772,#13800,#13802,.T.);
#13800 = VERTEX_POINT('',#13801);
#13801 = CARTESIAN_POINT('',(28.95,751.28346972142,1.229072445451E+03));
#13802 = SURFACE_CURVE('',#13803,(#13807,#13814),.PCURVE_S1.);
#13803 = LINE('',#13804,#13805);
#13804 = CARTESIAN_POINT('',(28.95,694.13965122028,1.160971094457E+03));
#13805 = VECTOR('',#13806,1.);
#13806 = DIRECTION('',(0.,0.642787609687,0.766044443119));
#13807 = PCURVE('',#13747,#13808);
#13808 = DEFINITIONAL_REPRESENTATION('',(#13809),#13813);
#13809 = LINE('',#13810,#13811);
#13810 = CARTESIAN_POINT('',(1.06581410364E-13,-89.95));
#13811 = VECTOR('',#13812,1.);
#13812 = DIRECTION('',(1.,0.));
#13813 =(GEOMETRIC_REPRESENTATION_CONTEXT(2)PARAMETRIC_REPRESENTATION_CONTEXT()REPRESENTATION_CONTEXT('2D SPACE',''));
#13814 = PCURVE('',#13815,#13820);
#13815 = PLANE('',#13816);
#13816 = AXIS2_PLACEMENT_3D('',#13817,#13818,#13819);
#13817 = CARTESIAN_POINT('',(28.95,694.13965122028,1.160971094457E+03));
#13818 = DIRECTION('',(0.,0.766044443119,-0.642787609687));
#13819 = DIRECTION('',(0.,0.642787609687,0.766044443119));
#13820 = DEFINITIONAL_REPRESENTATION('',(#13821),#13825);
#13821 = LINE('',#13822,#13823);
#13822 = CARTESIAN_POINT('',(0.,0.));
#13823 = VECTOR('',#13824,1.);
#13824 = DIRECTION('',(1.,0.));
#13825 =(GEOMETRIC_REPRESENTATION_CONTEXT(2)PARAMETRIC_REPRESENTATION_CONTEXT()REPRESENTATION_CONTEXT('2D SPACE',''));
#13826 = ORIENTED_EDGE('',*,*,#13827,.F.);
#13827 = EDGE_CURVE('',#13739,#13800,#13828,.T.);
#13828 = SURFACE_CURVE('',#13829,(#13833,#13840),.PCURVE_S1.);
#13829 = LINE('',#13830,#13831);
#13830 = CARTESIAN_POINT('',(28.95,682.37777206286,1.286891190942E+03));
#13831 = VECTOR('',#13832,1.);
#13832 = DIRECTION('',(0.,0.766044443119,-0.642787609687));
#13833 = PCURVE('',#13747,#13834);
#13834 = DEFINITIONAL_REPRESENTATION('',(#13835),#13839);
#13835 = LINE('',#13836,#13837);
#13836 = CARTESIAN_POINT('',(88.9,2.84217094304E-14));
#13837 = VECTOR('',#13838,1.);
#13838 = DIRECTION('',(0.,-1.));
#13839 =(GEOMETRIC_REPRESENTATION_CONTEXT(2)PARAMETRIC_REPRESENTATION_CONTEXT()REPRESENTATION_CONTEXT('2D SPACE',''));
#13840 = PCURVE('',#13841,#13846);
#13841 = PLANE('',#13842);
#13842 = AXIS2_PLACEMENT_3D('',#13843,#13844,#13845);
#13843 = CARTESIAN_POINT('',(28.95,682.37777206286,1.286891190942E+03));
#13844 = DIRECTION('',(0.,0.642787609687,0.766044443119));
#13845 = DIRECTION('',(1.,0.,0.));
#13846 = DEFINITIONAL_REPRESENTATION('',(#13847),#13851);
#13847 = LINE('',#13848,#13849);
#13848 = CARTESIAN_POINT('',(0.,0.));
#13849 = VECTOR('',#13850,1.);
#13850 = DIRECTION('',(0.,1.));
#13851 =(GEOMETRIC_REPRESENTATION_CONTEXT(2)PARAMETRIC_REPRESENTATION_CONTEXT()REPRESENTATION_CONTEXT('2D SPACE',''));
#13852 = ADVANCED_FACE('',(#13853),#13867,.T.);
#13853 = FACE_BOUND('',#13854,.T.);
#13854 = EDGE_LOOP('',(#13855,#13885,#13908,#13931));
#13855 = ORIENTED_EDGE('',*,*,#13856,.F.);
#13856 = EDGE_CURVE('',#13857,#13859,#13861,.T.);
#13857 = VERTEX_POINT('',#13858);
#13858 = CARTESIAN_POINT('',(67.05,625.23395356173,1.218789839949E+03));
#13859 = VERTEX_POINT('',#13860);
#13860 = CARTESIAN_POINT('',(67.05,682.37777206286,1.286891190942E+03));
#13861 = SURFACE_CURVE('',#13862,(#13866,#13878),.PCURVE_S1.);
#13862 = LINE('',#13863,#13864);
#13863 = CARTESIAN_POINT('',(67.05,625.23395356173,1.218789839949E+03));
#13864 = VECTOR('',#13865,1.);
#13865 = DIRECTION('',(0.,0.642787609687,0.766044443119));
#13866 = PCURVE('',#13867,#13872);
#13867 = PLANE('',#13868);
#13868 = AXIS2_PLACEMENT_3D('',#13869,#13870,#13871);
#13869 = CARTESIAN_POINT('',(67.05,625.23395356173,1.218789839949E+03));
#13870 = DIRECTION('',(1.,0.,0.));
#13871 = DIRECTION('',(0.,0.642787609687,0.766044443119));
#13872 = DEFINITIONAL_REPRESENTATION('',(#13873),#13877);
#13873 = LINE('',#13874,#13875);
#13874 = CARTESIAN_POINT('',(0.,0.));
#13875 = VECTOR('',#13876,1.);
#13876 = DIRECTION('',(1.,0.));
#13877 =(GEOMETRIC_REPRESENTATION_CONTEXT(2)PARAMETRIC_REPRESENTATION_CONTEXT()REPRESENTATION_CONTEXT('2D SPACE',''));
#13878 = PCURVE('',#13759,#13879);
#13879 = DEFINITIONAL_REPRESENTATION('',(#13880),#13884);
#13880 = LINE('',#13881,#13882);
#13881 = CARTESIAN_POINT('',(0.,38.1));
#13882 = VECTOR('',#13883,1.);
#13883 = DIRECTION('',(1.,0.));
#13884 =(GEOMETRIC_REPRESENTATION_CONTEXT(2)PARAMETRIC_REPRESENTATION_CONTEXT()REPRESENTATION_CONTEXT('2D SPACE',''));
#13885 = ORIENTED_EDGE('',*,*,#13886,.T.);
#13886 = EDGE_CURVE('',#13857,#13887,#13889,.T.);
#13887 = VERTEX_POINT('',#13888);
#13888 = CARTESIAN_POINT('',(67.05,694.13965122028,1.160971094457E+03));
#13889 = SURFACE_CURVE('',#13890,(#13894,#13901),.PCURVE_S1.);
#13890 = LINE('',#13891,#13892);
#13891 = CARTESIAN_POINT('',(67.05,625.23395356173,1.218789839949E+03));
#13892 = VECTOR('',#13893,1.);
#13893 = DIRECTION('',(0.,0.766044443119,-0.642787609687));
#13894 = PCURVE('',#13867,#13895);
#13895 = DEFINITIONAL_REPRESENTATION('',(#13896),#13900);
#13896 = LINE('',#13897,#13898);
#13897 = CARTESIAN_POINT('',(0.,0.));
#13898 = VECTOR('',#13899,1.);
#13899 = DIRECTION('',(0.,-1.));
#13900 =(GEOMETRIC_REPRESENTATION_CONTEXT(2)PARAMETRIC_REPRESENTATION_CONTEXT()REPRESENTATION_CONTEXT('2D SPACE',''));
#13901 = PCURVE('',#13787,#13902);
#13902 = DEFINITIONAL_REPRESENTATION('',(#13903),#13907);
#13903 = LINE('',#13904,#13905);
#13904 = CARTESIAN_POINT('',(38.1,0.));
#13905 = VECTOR('',#13906,1.);
#13906 = DIRECTION('',(0.,1.));
#13907 =(GEOMETRIC_REPRESENTATION_CONTEXT(2)PARAMETRIC_REPRESENTATION_CONTEXT()REPRESENTATION_CONTEXT('2D SPACE',''));
#13908 = ORIENTED_EDGE('',*,*,#13909,.T.);
#13909 = EDGE_CURVE('',#13887,#13910,#13912,.T.);
#13910 = VERTEX_POINT('',#13911);
#13911 = CARTESIAN_POINT('',(67.05,751.28346972142,1.229072445451E+03));
#13912 = SURFACE_CURVE('',#13913,(#13917,#13924),.PCURVE_S1.);
#13913 = LINE('',#13914,#13915);
#13914 = CARTESIAN_POINT('',(67.05,694.13965122028,1.160971094457E+03));
#13915 = VECTOR('',#13916,1.);
#13916 = DIRECTION('',(0.,0.642787609687,0.766044443119));
#13917 = PCURVE('',#13867,#13918);
#13918 = DEFINITIONAL_REPRESENTATION('',(#13919),#13923);
#13919 = LINE('',#13920,#13921);
#13920 = CARTESIAN_POINT('',(1.06581410364E-13,-89.95));
#13921 = VECTOR('',#13922,1.);
#13922 = DIRECTION('',(1.,0.));
#13923 =(GEOMETRIC_REPRESENTATION_CONTEXT(2)PARAMETRIC_REPRESENTATION_CONTEXT()REPRESENTATION_CONTEXT('2D SPACE',''));
#13924 = PCURVE('',#13815,#13925);
#13925 = DEFINITIONAL_REPRESENTATION('',(#13926),#13930);
#13926 = LINE('',#13927,#13928);
#13927 = CARTESIAN_POINT('',(0.,38.1));
#13928 = VECTOR('',#13929,1.);
#13929 = DIRECTION('',(1.,0.));
#13930 =(GEOMETRIC_REPRESENTATION_CONTEXT(2)PARAMETRIC_REPRESENTATION_CONTEXT()REPRESENTATION_CONTEXT('2D SPACE',''));
#13931 = ORIENTED_EDGE('',*,*,#13932,.F.);
#13932 = EDGE_CURVE('',#13859,#13910,#13933,.T.);
#13933 = SURFACE_CURVE('',#13934,(#13938,#13945),.PCURVE_S1.);
#13934 = LINE('',#13935,#13936);
#13935 = CARTESIAN_POINT('',(67.05,682.37777206286,1.286891190942E+03));
#13936 = VECTOR('',#13937,1.);
#13937 = DIRECTION('',(0.,0.766044443119,-0.642787609687));
#13938 = PCURVE('',#13867,#13939);
#13939 = DEFINITIONAL_REPRESENTATION('',(#13940),#13944);
#13940 = LINE('',#13941,#13942);
#13941 = CARTESIAN_POINT('',(88.9,2.84217094304E-14));
#13942 = VECTOR('',#13943,1.);
#13943 = DIRECTION('',(0.,-1.));
#13944 =(GEOMETRIC_REPRESENTATION_CONTEXT(2)PARAMETRIC_REPRESENTATION_CONTEXT()REPRESENTATION_CONTEXT('2D SPACE',''));
#13945 = PCURVE('',#13841,#13946);
#13946 = DEFINITIONAL_REPRESENTATION('',(#13947),#13951);
#13947 = LINE('',#13948,#13949);
#13948 = CARTESIAN_POINT('',(38.1,0.));
#13949 = VECTOR('',#13950,1.);
#13950 = DIRECTION('',(0.,1.));
#13951 =(GEOMETRIC_REPRESENTATION_CONTEXT(2)PARAMETRIC_REPRESENTATION_CONTEXT()REPRESENTATION_CONTEXT('2D SPACE',''));
#13952 = ADVANCED_FACE('',(#13953),#13759,.F.);
#13953 = FACE_BOUND('',#13954,.F.);
#13954 = EDGE_LOOP('',(#13955,#13976,#13977,#13998));
#13955 = ORIENTED_EDGE('',*,*,#13956,.F.);
#13956 = EDGE_CURVE('',#13737,#13857,#13957,.T.);
#13957 = SURFACE_CURVE('',#13958,(#13962,#13969),.PCURVE_S1.);
#13958 = LINE('',#13959,#13960);
#13959 = CARTESIAN_POINT('',(28.95,625.23395356173,1.218789839949E+03));
#13960 = VECTOR('',#13961,1.);
#13961 = DIRECTION('',(1.,0.,0.));
#13962 = PCURVE('',#13759,#13963);
#13963 = DEFINITIONAL_REPRESENTATION('',(#13964),#13968);
#13964 = LINE('',#13965,#13966);
#13965 = CARTESIAN_POINT('',(0.,0.));
#13966 = VECTOR('',#13967,1.);
#13967 = DIRECTION('',(0.,1.));
#13968 =(GEOMETRIC_REPRESENTATION_CONTEXT(2)PARAMETRIC_REPRESENTATION_CONTEXT()REPRESENTATION_CONTEXT('2D SPACE',''));
#13969 = PCURVE('',#13787,#13970);
#13970 = DEFINITIONAL_REPRESENTATION('',(#13971),#13975);
#13971 = LINE('',#13972,#13973);
#13972 = CARTESIAN_POINT('',(0.,0.));
#13973 = VECTOR('',#13974,1.);
#13974 = DIRECTION('',(1.,0.));
#13975 =(GEOMETRIC_REPRESENTATION_CONTEXT(2)PARAMETRIC_REPRESENTATION_CONTEXT()REPRESENTATION_CONTEXT('2D SPACE',''));
#13976 = ORIENTED_EDGE('',*,*,#13736,.T.);
#13977 = ORIENTED_EDGE('',*,*,#13978,.T.);
#13978 = EDGE_CURVE('',#13739,#13859,#13979,.T.);
#13979 = SURFACE_CURVE('',#13980,(#13984,#13991),.PCURVE_S1.);
#13980 = LINE('',#13981,#13982);
#13981 = CARTESIAN_POINT('',(28.95,682.37777206286,1.286891190942E+03));
#13982 = VECTOR('',#13983,1.);
#13983 = DIRECTION('',(1.,0.,0.));
#13984 = PCURVE('',#13759,#13985);
#13985 = DEFINITIONAL_REPRESENTATION('',(#13986),#13990);
#13986 = LINE('',#13987,#13988);
#13987 = CARTESIAN_POINT('',(88.9,0.));
#13988 = VECTOR('',#13989,1.);
#13989 = DIRECTION('',(0.,1.));
#13990 =(GEOMETRIC_REPRESENTATION_CONTEXT(2)PARAMETRIC_REPRESENTATION_CONTEXT()REPRESENTATION_CONTEXT('2D SPACE',''));
#13991 = PCURVE('',#13841,#13992);
#13992 = DEFINITIONAL_REPRESENTATION('',(#13993),#13997);
#13993 = LINE('',#13994,#13995);
#13994 = CARTESIAN_POINT('',(0.,0.));
#13995 = VECTOR('',#13996,1.);
#13996 = DIRECTION('',(1.,0.));
#13997 =(GEOMETRIC_REPRESENTATION_CONTEXT(2)PARAMETRIC_REPRESENTATION_CONTEXT()REPRESENTATION_CONTEXT('2D SPACE',''));
#13998 = ORIENTED_EDGE('',*,*,#13856,.F.);
#13999 = ADVANCED_FACE('',(#14000),#13815,.T.);
#14000 = FACE_BOUND('',#14001,.T.);
#14001 = EDGE_LOOP('',(#14002,#14023,#14024,#14045));
#14002 = ORIENTED_EDGE('',*,*,#14003,.F.);
#14003 = EDGE_CURVE('',#13772,#13887,#14004,.T.);
#14004 = SURFACE_CURVE('',#14005,(#14009,#14016),.PCURVE_S1.);
#14005 = LINE('',#14006,#14007);
#14006 = CARTESIAN_POINT('',(28.95,694.13965122028,1.160971094457E+03));
#14007 = VECTOR('',#14008,1.);
#14008 = DIRECTION('',(1.,0.,0.));
#14009 = PCURVE('',#13815,#14010);
#14010 = DEFINITIONAL_REPRESENTATION('',(#14011),#14015);
#14011 = LINE('',#14012,#14013);
#14012 = CARTESIAN_POINT('',(0.,0.));
#14013 = VECTOR('',#14014,1.);
#14014 = DIRECTION('',(0.,1.));
#14015 =(GEOMETRIC_REPRESENTATION_CONTEXT(2)PARAMETRIC_REPRESENTATION_CONTEXT()REPRESENTATION_CONTEXT('2D SPACE',''));
#14016 = PCURVE('',#13787,#14017);
#14017 = DEFINITIONAL_REPRESENTATION('',(#14018),#14022);
#14018 = LINE('',#14019,#14020);
#14019 = CARTESIAN_POINT('',(0.,89.95));
#14020 = VECTOR('',#14021,1.);
#14021 = DIRECTION('',(1.,0.));
#14022 =(GEOMETRIC_REPRESENTATION_CONTEXT(2)PARAMETRIC_REPRESENTATION_CONTEXT()REPRESENTATION_CONTEXT('2D SPACE',''));
#14023 = ORIENTED_EDGE('',*,*,#13799,.T.);
#14024 = ORIENTED_EDGE('',*,*,#14025,.T.);
#14025 = EDGE_CURVE('',#13800,#13910,#14026,.T.);
#14026 = SURFACE_CURVE('',#14027,(#14031,#14038),.PCURVE_S1.);
#14027 = LINE('',#14028,#14029);
#14028 = CARTESIAN_POINT('',(28.95,751.28346972142,1.229072445451E+03));
#14029 = VECTOR('',#14030,1.);
#14030 = DIRECTION('',(1.,0.,0.));
#14031 = PCURVE('',#13815,#14032);
#14032 = DEFINITIONAL_REPRESENTATION('',(#14033),#14037);
#14033 = LINE('',#14034,#14035);
#14034 = CARTESIAN_POINT('',(88.9,0.));
#14035 = VECTOR('',#14036,1.);
#14036 = DIRECTION('',(0.,1.));
#14037 =(GEOMETRIC_REPRESENTATION_CONTEXT(2)PARAMETRIC_REPRESENTATION_CONTEXT()REPRESENTATION_CONTEXT('2D SPACE',''));
#14038 = PCURVE('',#13841,#14039);
#14039 = DEFINITIONAL_REPRESENTATION('',(#14040),#14044);
#14040 = LINE('',#14041,#14042);
#14041 = CARTESIAN_POINT('',(0.,89.95));
#14042 = VECTOR('',#14043,1.);
#14043 = DIRECTION('',(1.,0.));
#14044 =(GEOMETRIC_REPRESENTATION_CONTEXT(2)PARAMETRIC_REPRESENTATION_CONTEXT()REPRESENTATION_CONTEXT('2D SPACE',''));
#14045 = ORIENTED_EDGE('',*,*,#13909,.F.);
#14046 = ADVANCED_FACE('',(#14047),#13787,.F.);
#14047 = FACE_BOUND('',#14048,.F.);
#14048 = EDGE_LOOP('',(#14049,#14050,#14051,#14052));
#14049 = ORIENTED_EDGE('',*,*,#13771,.F.);
#14050 = ORIENTED_EDGE('',*,*,#13956,.T.);
#14051 = ORIENTED_EDGE('',*,*,#13886,.T.);
#14052 = ORIENTED_EDGE('',*,*,#14003,.F.);
#14053 = ADVANCED_FACE('',(#14054),#13841,.T.);
#14054 = FACE_BOUND('',#14055,.T.);
#14055 = EDGE_LOOP('',(#14056,#14057,#14058,#14059));
#14056 = ORIENTED_EDGE('',*,*,#13827,.F.);
#14057 = ORIENTED_EDGE('',*,*,#13978,.T.);
#14058 = ORIENTED_EDGE('',*,*,#13932,.T.);
#14059 = ORIENTED_EDGE('',*,*,#14025,.F.);
#14060 =(GEOMETRIC_REPRESENTATION_CONTEXT(3)GLOBAL_UNCERTAINTY_ASSIGNED_CONTEXT((#14064))GLOBAL_UNIT_ASSIGNED_CONTEXT((#14061,#14062,#14063))REPRESENTATION_CONTEXT('Context #1','3D Context with UNIT and UNCERTAINTY'));
#14061 =(LENGTH_UNIT()NAMED_UNIT(*)SI_UNIT(.MILLI.,.METRE.));
#14062 =(NAMED_UNIT(*)PLANE_ANGLE_UNIT()SI_UNIT($,.RADIAN.));
#14063 =(NAMED_UNIT(*)SI_UNIT($,.STERADIAN.)SOLID_ANGLE_UNIT());
#14064 = UNCERTAINTY_MEASURE_WITH_UNIT(LENGTH_MEASURE(1.E-07),#14061,'distance_accuracy_value','confusion accuracy');
#14065 = CONTEXT_DEPENDENT_SHAPE_REPRESENTATION(#14066,#14068);
#14066 =(REPRESENTATION_RELATIONSHIP('','',#13729,#10)REPRESENTATION_RELATIONSHIP_WITH_TRANSFORMATION(#14067)SHAPE_REPRESENTATION_RELATIONSHIP());
#14067 = ITEM_DEFINED_TRANSFORMATION('','',#11,#163);
#14068 = PRODUCT_DEFINITION_SHAPE('Placement','Placement of an item',#14069);
#14069 = NEXT_ASSEMBLY_USAGE_OCCURRENCE('38','rib_2_seam_right','',#5,#13724,$);
#14070 = PRODUCT_RELATED_PRODUCT_CATEGORY('part',$,(#13726));
#14071 = SHAPE_DEFINITION_REPRESENTATION(#14072,#14078);
#14072 = PRODUCT_DEFINITION_SHAPE('','',#14073);
#14073 = PRODUCT_DEFINITION('design','',#14074,#14077);
#14074 = PRODUCT_DEFINITION_FORMATION('','',#14075);
#14075 = PRODUCT('rib_2_mid_left','rib_2_mid_left','',(#14076));
#14076 = PRODUCT_CONTEXT('',#2,'mechanical');
#14077 = PRODUCT_DEFINITION_CONTEXT('part definition',#2,'design');
#14078 = ADVANCED_BREP_SHAPE_REPRESENTATION('',(#11,#14079),#14409);
#14079 = MANIFOLD_SOLID_BREP('',#14080);
#14080 = CLOSED_SHELL('',(#14081,#14201,#14301,#14348,#14395,#14402));
#14081 = ADVANCED_FACE('',(#14082),#14096,.F.);
#14082 = FACE_BOUND('',#14083,.F.);
#14083 = EDGE_LOOP('',(#14084,#14119,#14147,#14175));
#14084 = ORIENTED_EDGE('',*,*,#14085,.F.);
#14085 = EDGE_CURVE('',#14086,#14088,#14090,.T.);
#14086 = VERTEX_POINT('',#14087);
#14087 = CARTESIAN_POINT('',(-538.25,625.23395356173,1.218789839949E+03));
#14088 = VERTEX_POINT('',#14089);
#14089 = CARTESIAN_POINT('',(-538.25,682.37777206286,1.286891190942E+03));
#14090 = SURFACE_CURVE('',#14091,(#14095,#14107),.PCURVE_S1.);
#14091 = LINE('',#14092,#14093);
#14092 = CARTESIAN_POINT('',(-538.25,625.23395356173,1.218789839949E+03));
#14093 = VECTOR('',#14094,1.);
#14094 = DIRECTION('',(0.,0.642787609687,0.766044443119));
#14095 = PCURVE('',#14096,#14101);
#14096 = PLANE('',#14097);
#14097 = AXIS2_PLACEMENT_3D('',#14098,#14099,#14100);
#14098 = CARTESIAN_POINT('',(-538.25,625.23395356173,1.218789839949E+03));
#14099 = DIRECTION('',(1.,0.,0.));
#14100 = DIRECTION('',(0.,0.642787609687,0.766044443119));
#14101 = DEFINITIONAL_REPRESENTATION('',(#14102),#14106);
#14102 = LINE('',#14103,#14104);
#14103 = CARTESIAN_POINT('',(0.,0.));
#14104 = VECTOR('',#14105,1.);
#14105 = DIRECTION('',(1.,0.));
#14106 =(GEOMETRIC_REPRESENTATION_CONTEXT(2)PARAMETRIC_REPRESENTATION_CONTEXT()REPRESENTATION_CONTEXT('2D SPACE',''));
#14107 = PCURVE('',#14108,#14113);
#14108 = PLANE('',#14109);
#14109 = AXIS2_PLACEMENT_3D('',#14110,#14111,#14112);
#14110 = CARTESIAN_POINT('',(-538.25,625.23395356173,1.218789839949E+03));
#14111 = DIRECTION('',(0.,0.766044443119,-0.642787609687));
#14112 = DIRECTION('',(0.,0.642787609687,0.766044443119));
#14113 = DEFINITIONAL_REPRESENTATION('',(#14114),#14118);
#14114 = LINE('',#14115,#14116);
#14115 = CARTESIAN_POINT('',(0.,0.));
#14116 = VECTOR('',#14117,1.);
#14117 = DIRECTION('',(1.,0.));
#14118 =(GEOMETRIC_REPRESENTATION_CONTEXT(2)PARAMETRIC_REPRESENTATION_CONTEXT()REPRESENTATION_CONTEXT('2D SPACE',''));
#14119 = ORIENTED_EDGE('',*,*,#14120,.T.);
#14120 = EDGE_CURVE('',#14086,#14121,#14123,.T.);
#14121 = VERTEX_POINT('',#14122);
#14122 = CARTESIAN_POINT('',(-538.25,694.13965122028,1.160971094457E+03));
#14123 = SURFACE_CURVE('',#14124,(#14128,#14135),.PCURVE_S1.);
#14124 = LINE('',#14125,#14126);
#14125 = CARTESIAN_POINT('',(-538.25,625.23395356173,1.218789839949E+03));
#14126 = VECTOR('',#14127,1.);
#14127 = DIRECTION('',(0.,0.766044443119,-0.642787609687));
#14128 = PCURVE('',#14096,#14129);
#14129 = DEFINITIONAL_REPRESENTATION('',(#14130),#14134);
#14130 = LINE('',#14131,#14132);
#14131 = CARTESIAN_POINT('',(0.,0.));
#14132 = VECTOR('',#14133,1.);
#14133 = DIRECTION('',(0.,-1.));
#14134 =(GEOMETRIC_REPRESENTATION_CONTEXT(2)PARAMETRIC_REPRESENTATION_CONTEXT()REPRESENTATION_CONTEXT('2D SPACE',''));
#14135 = PCURVE('',#14136,#14141);
#14136 = PLANE('',#14137);
#14137 = AXIS2_PLACEMENT_3D('',#14138,#14139,#14140);
#14138 = CARTESIAN_POINT('',(-538.25,625.23395356173,1.218789839949E+03));
#14139 = DIRECTION('',(0.,0.642787609687,0.766044443119));
#14140 = DIRECTION('',(1.,0.,0.));
#14141 = DEFINITIONAL_REPRESENTATION('',(#14142),#14146);
#14142 = LINE('',#14143,#14144);
#14143 = CARTESIAN_POINT('',(0.,0.));
#14144 = VECTOR('',#14145,1.);
#14145 = DIRECTION('',(0.,1.));
#14146 =(GEOMETRIC_REPRESENTATION_CONTEXT(2)PARAMETRIC_REPRESENTATION_CONTEXT()REPRESENTATION_CONTEXT('2D SPACE',''));
#14147 = ORIENTED_EDGE('',*,*,#14148,.T.);
#14148 = EDGE_CURVE('',#14121,#14149,#14151,.T.);
#14149 = VERTEX_POINT('',#14150);
#14150 = CARTESIAN_POINT('',(-538.25,751.28346972142,1.229072445451E+03));
#14151 = SURFACE_CURVE('',#14152,(#14156,#14163),.PCURVE_S1.);
#14152 = LINE('',#14153,#14154);
#14153 = CARTESIAN_POINT('',(-538.25,694.13965122028,1.160971094457E+03));
#14154 = VECTOR('',#14155,1.);
#14155 = DIRECTION('',(0.,0.642787609687,0.766044443119));
#14156 = PCURVE('',#14096,#14157);
#14157 = DEFINITIONAL_REPRESENTATION('',(#14158),#14162);
#14158 = LINE('',#14159,#14160);
#14159 = CARTESIAN_POINT('',(1.06581410364E-13,-89.95));
#14160 = VECTOR('',#14161,1.);
#14161 = DIRECTION('',(1.,0.));
#14162 =(GEOMETRIC_REPRESENTATION_CONTEXT(2)PARAMETRIC_REPRESENTATION_CONTEXT()REPRESENTATION_CONTEXT('2D SPACE',''));
#14163 = PCURVE('',#14164,#14169);
#14164 = PLANE('',#14165);
#14165 = AXIS2_PLACEMENT_3D('',#14166,#14167,#14168);
#14166 = CARTESIAN_POINT('',(-538.25,694.13965122028,1.160971094457E+03));
#14167 = DIRECTION('',(0.,0.766044443119,-0.642787609687));
#14168 = DIRECTION('',(0.,0.642787609687,0.766044443119));
#14169 = DEFINITIONAL_REPRESENTATION('',(#14170),#14174);
#14170 = LINE('',#14171,#14172);
#14171 = CARTESIAN_POINT('',(0.,0.));
#14172 = VECTOR('',#14173,1.);
#14173 = DIRECTION('',(1.,0.));
#14174 =(GEOMETRIC_REPRESENTATION_CONTEXT(2)PARAMETRIC_REPRESENTATION_CONTEXT()REPRESENTATION_CONTEXT('2D SPACE',''));
#14175 = ORIENTED_EDGE('',*,*,#14176,.F.);
#14176 = EDGE_CURVE('',#14088,#14149,#14177,.T.);
#14177 = SURFACE_CURVE('',#14178,(#14182,#14189),.PCURVE_S1.);
#14178 = LINE('',#14179,#14180);
#14179 = CARTESIAN_POINT('',(-538.25,682.37777206286,1.286891190942E+03));
#14180 = VECTOR('',#14181,1.);
#14181 = DIRECTION('',(0.,0.766044443119,-0.642787609687));
#14182 = PCURVE('',#14096,#14183);
#14183 = DEFINITIONAL_REPRESENTATION('',(#14184),#14188);
#14184 = LINE('',#14185,#14186);
#14185 = CARTESIAN_POINT('',(88.9,2.84217094304E-14));
#14186 = VECTOR('',#14187,1.);
#14187 = DIRECTION('',(0.,-1.));
#14188 =(GEOMETRIC_REPRESENTATION_CONTEXT(2)PARAMETRIC_REPRESENTATION_CONTEXT()REPRESENTATION_CONTEXT('2D SPACE',''));
#14189 = PCURVE('',#14190,#14195);
#14190 = PLANE('',#14191);
#14191 = AXIS2_PLACEMENT_3D('',#14192,#14193,#14194);
#14192 = CARTESIAN_POINT('',(-538.25,682.37777206286,1.286891190942E+03));
#14193 = DIRECTION('',(0.,0.642787609687,0.766044443119));
#14194 = DIRECTION('',(1.,0.,0.));
#14195 = DEFINITIONAL_REPRESENTATION('',(#14196),#14200);
#14196 = LINE('',#14197,#14198);
#14197 = CARTESIAN_POINT('',(0.,0.));
#14198 = VECTOR('',#14199,1.);
#14199 = DIRECTION('',(0.,1.));
#14200 =(GEOMETRIC_REPRESENTATION_CONTEXT(2)PARAMETRIC_REPRESENTATION_CONTEXT()REPRESENTATION_CONTEXT('2D SPACE',''));
#14201 = ADVANCED_FACE('',(#14202),#14216,.T.);
#14202 = FACE_BOUND('',#14203,.T.);
#14203 = EDGE_LOOP('',(#14204,#14234,#14257,#14280));
#14204 = ORIENTED_EDGE('',*,*,#14205,.F.);
#14205 = EDGE_CURVE('',#14206,#14208,#14210,.T.);
#14206 = VERTEX_POINT('',#14207);
#14207 = CARTESIAN_POINT('',(-500.15,625.23395356173,1.218789839949E+03));
#14208 = VERTEX_POINT('',#14209);
#14209 = CARTESIAN_POINT('',(-500.15,682.37777206286,1.286891190942E+03));
#14210 = SURFACE_CURVE('',#14211,(#14215,#14227),.PCURVE_S1.);
#14211 = LINE('',#14212,#14213);
#14212 = CARTESIAN_POINT('',(-500.15,625.23395356173,1.218789839949E+03));
#14213 = VECTOR('',#14214,1.);
#14214 = DIRECTION('',(0.,0.642787609687,0.766044443119));
#14215 = PCURVE('',#14216,#14221);
#14216 = PLANE('',#14217);
#14217 = AXIS2_PLACEMENT_3D('',#14218,#14219,#14220);
#14218 = CARTESIAN_POINT('',(-500.15,625.23395356173,1.218789839949E+03));
#14219 = DIRECTION('',(1.,0.,0.));
#14220 = DIRECTION('',(0.,0.642787609687,0.766044443119));
#14221 = DEFINITIONAL_REPRESENTATION('',(#14222),#14226);
#14222 = LINE('',#14223,#14224);
#14223 = CARTESIAN_POINT('',(0.,0.));
#14224 = VECTOR('',#14225,1.);
#14225 = DIRECTION('',(1.,0.));
#14226 =(GEOMETRIC_REPRESENTATION_CONTEXT(2)PARAMETRIC_REPRESENTATION_CONTEXT()REPRESENTATION_CONTEXT('2D SPACE',''));
#14227 = PCURVE('',#14108,#14228);
#14228 = DEFINITIONAL_REPRESENTATION('',(#14229),#14233);
#14229 = LINE('',#14230,#14231);
#14230 = CARTESIAN_POINT('',(0.,38.1));
#14231 = VECTOR('',#14232,1.);
#14232 = DIRECTION('',(1.,0.));
#14233 =(GEOMETRIC_REPRESENTATION_CONTEXT(2)PARAMETRIC_REPRESENTATION_CONTEXT()REPRESENTATION_CONTEXT('2D SPACE',''));
#14234 = ORIENTED_EDGE('',*,*,#14235,.T.);
#14235 = EDGE_CURVE('',#14206,#14236,#14238,.T.);
#14236 = VERTEX_POINT('',#14237);
#14237 = CARTESIAN_POINT('',(-500.15,694.13965122028,1.160971094457E+03));
#14238 = SURFACE_CURVE('',#14239,(#14243,#14250),.PCURVE_S1.);
#14239 = LINE('',#14240,#14241);
#14240 = CARTESIAN_POINT('',(-500.15,625.23395356173,1.218789839949E+03));
#14241 = VECTOR('',#14242,1.);
#14242 = DIRECTION('',(0.,0.766044443119,-0.642787609687));
#14243 = PCURVE('',#14216,#14244);
#14244 = DEFINITIONAL_REPRESENTATION('',(#14245),#14249);
#14245 = LINE('',#14246,#14247);
#14246 = CARTESIAN_POINT('',(0.,0.));
#14247 = VECTOR('',#14248,1.);
#14248 = DIRECTION('',(0.,-1.));
#14249 =(GEOMETRIC_REPRESENTATION_CONTEXT(2)PARAMETRIC_REPRESENTATION_CONTEXT()REPRESENTATION_CONTEXT('2D SPACE',''));
#14250 = PCURVE('',#14136,#14251);
#14251 = DEFINITIONAL_REPRESENTATION('',(#14252),#14256);
#14252 = LINE('',#14253,#14254);
#14253 = CARTESIAN_POINT('',(38.1,0.));
#14254 = VECTOR('',#14255,1.);
#14255 = DIRECTION('',(0.,1.));
#14256 =(GEOMETRIC_REPRESENTATION_CONTEXT(2)PARAMETRIC_REPRESENTATION_CONTEXT()REPRESENTATION_CONTEXT('2D SPACE',''));
#14257 = ORIENTED_EDGE('',*,*,#14258,.T.);
#14258 = EDGE_CURVE('',#14236,#14259,#14261,.T.);
#14259 = VERTEX_POINT('',#14260);
#14260 = CARTESIAN_POINT('',(-500.15,751.28346972142,1.229072445451E+03));
#14261 = SURFACE_CURVE('',#14262,(#14266,#14273),.PCURVE_S1.);
#14262 = LINE('',#14263,#14264);
#14263 = CARTESIAN_POINT('',(-500.15,694.13965122028,1.160971094457E+03));
#14264 = VECTOR('',#14265,1.);
#14265 = DIRECTION('',(0.,0.642787609687,0.766044443119));
#14266 = PCURVE('',#14216,#14267);
#14267 = DEFINITIONAL_REPRESENTATION('',(#14268),#14272);
#14268 = LINE('',#14269,#14270);
#14269 = CARTESIAN_POINT('',(1.06581410364E-13,-89.95));
#14270 = VECTOR('',#14271,1.);
#14271 = DIRECTION('',(1.,0.));
#14272 =(GEOMETRIC_REPRESENTATION_CONTEXT(2)PARAMETRIC_REPRESENTATION_CONTEXT()REPRESENTATION_CONTEXT('2D SPACE',''));
#14273 = PCURVE('',#14164,#14274);
#14274 = DEFINITIONAL_REPRESENTATION('',(#14275),#14279);
#14275 = LINE('',#14276,#14277);
#14276 = CARTESIAN_POINT('',(0.,38.1));
#14277 = VECTOR('',#14278,1.);
#14278 = DIRECTION('',(1.,0.));
#14279 =(GEOMETRIC_REPRESENTATION_CONTEXT(2)PARAMETRIC_REPRESENTATION_CONTEXT()REPRESENTATION_CONTEXT('2D SPACE',''));
#14280 = ORIENTED_EDGE('',*,*,#14281,.F.);
#14281 = EDGE_CURVE('',#14208,#14259,#14282,.T.);
#14282 = SURFACE_CURVE('',#14283,(#14287,#14294),.PCURVE_S1.);
#14283 = LINE('',#14284,#14285);
#14284 = CARTESIAN_POINT('',(-500.15,682.37777206286,1.286891190942E+03));
#14285 = VECTOR('',#14286,1.);
#14286 = DIRECTION('',(0.,0.766044443119,-0.642787609687));
#14287 = PCURVE('',#14216,#14288);
#14288 = DEFINITIONAL_REPRESENTATION('',(#14289),#14293);
#14289 = LINE('',#14290,#14291);
#14290 = CARTESIAN_POINT('',(88.9,2.84217094304E-14));
#14291 = VECTOR('',#14292,1.);
#14292 = DIRECTION('',(0.,-1.));
#14293 =(GEOMETRIC_REPRESENTATION_CONTEXT(2)PARAMETRIC_REPRESENTATION_CONTEXT()REPRESENTATION_CONTEXT('2D SPACE',''));
#14294 = PCURVE('',#14190,#14295);
#14295 = DEFINITIONAL_REPRESENTATION('',(#14296),#14300);
#14296 = LINE('',#14297,#14298);
#14297 = CARTESIAN_POINT('',(38.1,0.));
#14298 = VECTOR('',#14299,1.);
#14299 = DIRECTION('',(0.,1.));
#14300 =(GEOMETRIC_REPRESENTATION_CONTEXT(2)PARAMETRIC_REPRESENTATION_CONTEXT()REPRESENTATION_CONTEXT('2D SPACE',''));
#14301 = ADVANCED_FACE('',(#14302),#14108,.F.);
#14302 = FACE_BOUND('',#14303,.F.);
#14303 = EDGE_LOOP('',(#14304,#14325,#14326,#14347));
#14304 = ORIENTED_EDGE('',*,*,#14305,.F.);
#14305 = EDGE_CURVE('',#14086,#14206,#14306,.T.);
#14306 = SURFACE_CURVE('',#14307,(#14311,#14318),.PCURVE_S1.);
#14307 = LINE('',#14308,#14309);
#14308 = CARTESIAN_POINT('',(-538.25,625.23395356173,1.218789839949E+03));
#14309 = VECTOR('',#14310,1.);
#14310 = DIRECTION('',(1.,0.,0.));
#14311 = PCURVE('',#14108,#14312);
#14312 = DEFINITIONAL_REPRESENTATION('',(#14313),#14317);
#14313 = LINE('',#14314,#14315);
#14314 = CARTESIAN_POINT('',(0.,0.));
#14315 = VECTOR('',#14316,1.);
#14316 = DIRECTION('',(0.,1.));
#14317 =(GEOMETRIC_REPRESENTATION_CONTEXT(2)PARAMETRIC_REPRESENTATION_CONTEXT()REPRESENTATION_CONTEXT('2D SPACE',''));
#14318 = PCURVE('',#14136,#14319);
#14319 = DEFINITIONAL_REPRESENTATION('',(#14320),#14324);
#14320 = LINE('',#14321,#14322);
#14321 = CARTESIAN_POINT('',(0.,0.));
#14322 = VECTOR('',#14323,1.);
#14323 = DIRECTION('',(1.,0.));
#14324 =(GEOMETRIC_REPRESENTATION_CONTEXT(2)PARAMETRIC_REPRESENTATION_CONTEXT()REPRESENTATION_CONTEXT('2D SPACE',''));
#14325 = ORIENTED_EDGE('',*,*,#14085,.T.);
#14326 = ORIENTED_EDGE('',*,*,#14327,.T.);
#14327 = EDGE_CURVE('',#14088,#14208,#14328,.T.);
#14328 = SURFACE_CURVE('',#14329,(#14333,#14340),.PCURVE_S1.);
#14329 = LINE('',#14330,#14331);
#14330 = CARTESIAN_POINT('',(-538.25,682.37777206286,1.286891190942E+03));
#14331 = VECTOR('',#14332,1.);
#14332 = DIRECTION('',(1.,0.,0.));
#14333 = PCURVE('',#14108,#14334);
#14334 = DEFINITIONAL_REPRESENTATION('',(#14335),#14339);
#14335 = LINE('',#14336,#14337);
#14336 = CARTESIAN_POINT('',(88.9,0.));
#14337 = VECTOR('',#14338,1.);
#14338 = DIRECTION('',(0.,1.));
#14339 =(GEOMETRIC_REPRESENTATION_CONTEXT(2)PARAMETRIC_REPRESENTATION_CONTEXT()REPRESENTATION_CONTEXT('2D SPACE',''));
#14340 = PCURVE('',#14190,#14341);
#14341 = DEFINITIONAL_REPRESENTATION('',(#14342),#14346);
#14342 = LINE('',#14343,#14344);
#14343 = CARTESIAN_POINT('',(0.,0.));
#14344 = VECTOR('',#14345,1.);
#14345 = DIRECTION('',(1.,0.));
#14346 =(GEOMETRIC_REPRESENTATION_CONTEXT(2)PARAMETRIC_REPRESENTATION_CONTEXT()REPRESENTATION_CONTEXT('2D SPACE',''));
#14347 = ORIENTED_EDGE('',*,*,#14205,.F.);
#14348 = ADVANCED_FACE('',(#14349),#14164,.T.);
#14349 = FACE_BOUND('',#14350,.T.);
#14350 = EDGE_LOOP('',(#14351,#14372,#14373,#14394));
#14351 = ORIENTED_EDGE('',*,*,#14352,.F.);
#14352 = EDGE_CURVE('',#14121,#14236,#14353,.T.);
#14353 = SURFACE_CURVE('',#14354,(#14358,#14365),.PCURVE_S1.);
#14354 = LINE('',#14355,#14356);
#14355 = CARTESIAN_POINT('',(-538.25,694.13965122028,1.160971094457E+03));
#14356 = VECTOR('',#14357,1.);
#14357 = DIRECTION('',(1.,0.,0.));
#14358 = PCURVE('',#14164,#14359);
#14359 = DEFINITIONAL_REPRESENTATION('',(#14360),#14364);
#14360 = LINE('',#14361,#14362);
#14361 = CARTESIAN_POINT('',(0.,0.));
#14362 = VECTOR('',#14363,1.);
#14363 = DIRECTION('',(0.,1.));
#14364 =(GEOMETRIC_REPRESENTATION_CONTEXT(2)PARAMETRIC_REPRESENTATION_CONTEXT()REPRESENTATION_CONTEXT('2D SPACE',''));
#14365 = PCURVE('',#14136,#14366);
#14366 = DEFINITIONAL_REPRESENTATION('',(#14367),#14371);
#14367 = LINE('',#14368,#14369);
#14368 = CARTESIAN_POINT('',(0.,89.95));
#14369 = VECTOR('',#14370,1.);
#14370 = DIRECTION('',(1.,0.));
#14371 =(GEOMETRIC_REPRESENTATION_CONTEXT(2)PARAMETRIC_REPRESENTATION_CONTEXT()REPRESENTATION_CONTEXT('2D SPACE',''));
#14372 = ORIENTED_EDGE('',*,*,#14148,.T.);
#14373 = ORIENTED_EDGE('',*,*,#14374,.T.);
#14374 = EDGE_CURVE('',#14149,#14259,#14375,.T.);
#14375 = SURFACE_CURVE('',#14376,(#14380,#14387),.PCURVE_S1.);
#14376 = LINE('',#14377,#14378);
#14377 = CARTESIAN_POINT('',(-538.25,751.28346972142,1.229072445451E+03));
#14378 = VECTOR('',#14379,1.);
#14379 = DIRECTION('',(1.,0.,0.));
#14380 = PCURVE('',#14164,#14381);
#14381 = DEFINITIONAL_REPRESENTATION('',(#14382),#14386);
#14382 = LINE('',#14383,#14384);
#14383 = CARTESIAN_POINT('',(88.9,0.));
#14384 = VECTOR('',#14385,1.);
#14385 = DIRECTION('',(0.,1.));
#14386 =(GEOMETRIC_REPRESENTATION_CONTEXT(2)PARAMETRIC_REPRESENTATION_CONTEXT()REPRESENTATION_CONTEXT('2D SPACE',''));
#14387 = PCURVE('',#14190,#14388);
#14388 = DEFINITIONAL_REPRESENTATION('',(#14389),#14393);
#14389 = LINE('',#14390,#14391);
#14390 = CARTESIAN_POINT('',(0.,89.95));
#14391 = VECTOR('',#14392,1.);
#14392 = DIRECTION('',(1.,0.));
#14393 =(GEOMETRIC_REPRESENTATION_CONTEXT(2)PARAMETRIC_REPRESENTATION_CONTEXT()REPRESENTATION_CONTEXT('2D SPACE',''));
#14394 = ORIENTED_EDGE('',*,*,#14258,.F.);
#14395 = ADVANCED_FACE('',(#14396),#14136,.F.);
#14396 = FACE_BOUND('',#14397,.F.);
#14397 = EDGE_LOOP('',(#14398,#14399,#14400,#14401));
#14398 = ORIENTED_EDGE('',*,*,#14120,.F.);
#14399 = ORIENTED_EDGE('',*,*,#14305,.T.);
#14400 = ORIENTED_EDGE('',*,*,#14235,.T.);
#14401 = ORIENTED_EDGE('',*,*,#14352,.F.);
#14402 = ADVANCED_FACE('',(#14403),#14190,.T.);
#14403 = FACE_BOUND('',#14404,.T.);
#14404 = EDGE_LOOP('',(#14405,#14406,#14407,#14408));
#14405 = ORIENTED_EDGE('',*,*,#14176,.F.);
#14406 = ORIENTED_EDGE('',*,*,#14327,.T.);
#14407 = ORIENTED_EDGE('',*,*,#14281,.T.);
#14408 = ORIENTED_EDGE('',*,*,#14374,.F.);
#14409 =(GEOMETRIC_REPRESENTATION_CONTEXT(3)GLOBAL_UNCERTAINTY_ASSIGNED_CONTEXT((#14413))GLOBAL_UNIT_ASSIGNED_CONTEXT((#14410,#14411,#14412))REPRESENTATION_CONTEXT('Context #1','3D Context with UNIT and UNCERTAINTY'));
#14410 =(LENGTH_UNIT()NAMED_UNIT(*)SI_UNIT(.MILLI.,.METRE.));
#14411 =(NAMED_UNIT(*)PLANE_ANGLE_UNIT()SI_UNIT($,.RADIAN.));
#14412 =(NAMED_UNIT(*)SI_UNIT($,.STERADIAN.)SOLID_ANGLE_UNIT());
#14413 = UNCERTAINTY_MEASURE_WITH_UNIT(LENGTH_MEASURE(1.E-07),#14410,'distance_accuracy_value','confusion accuracy');
#14414 = CONTEXT_DEPENDENT_SHAPE_REPRESENTATION(#14415,#14417);
#14415 =(REPRESENTATION_RELATIONSHIP('','',#14078,#10)REPRESENTATION_RELATIONSHIP_WITH_TRANSFORMATION(#14416)SHAPE_REPRESENTATION_RELATIONSHIP());
#14416 = ITEM_DEFINED_TRANSFORMATION('','',#11,#167);
#14417 = PRODUCT_DEFINITION_SHAPE('Placement','Placement of an item',#14418);
#14418 = NEXT_ASSEMBLY_USAGE_OCCURRENCE('39','rib_2_mid_left','',#5,#14073,$);
#14419 = PRODUCT_RELATED_PRODUCT_CATEGORY('part',$,(#14075));
#14420 = SHAPE_DEFINITION_REPRESENTATION(#14421,#14427);
#14421 = PRODUCT_DEFINITION_SHAPE('','',#14422);
#14422 = PRODUCT_DEFINITION('design','',#14423,#14426);
#14423 = PRODUCT_DEFINITION_FORMATION('','',#14424);
#14424 = PRODUCT('rib_2_mid_right','rib_2_mid_right','',(#14425));
#14425 = PRODUCT_CONTEXT('',#2,'mechanical');
#14426 = PRODUCT_DEFINITION_CONTEXT('part definition',#2,'design');
#14427 = ADVANCED_BREP_SHAPE_REPRESENTATION('',(#11,#14428),#14758);
#14428 = MANIFOLD_SOLID_BREP('',#14429);
#14429 = CLOSED_SHELL('',(#14430,#14550,#14650,#14697,#14744,#14751));
#14430 = ADVANCED_FACE('',(#14431),#14445,.F.);
#14431 = FACE_BOUND('',#14432,.F.);
#14432 = EDGE_LOOP('',(#14433,#14468,#14496,#14524));
#14433 = ORIENTED_EDGE('',*,*,#14434,.F.);
#14434 = EDGE_CURVE('',#14435,#14437,#14439,.T.);
#14435 = VERTEX_POINT('',#14436);
#14436 = CARTESIAN_POINT('',(661.75,625.23395356173,1.218789839949E+03));
#14437 = VERTEX_POINT('',#14438);
#14438 = CARTESIAN_POINT('',(661.75,682.37777206286,1.286891190942E+03));
#14439 = SURFACE_CURVE('',#14440,(#14444,#14456),.PCURVE_S1.);
#14440 = LINE('',#14441,#14442);
#14441 = CARTESIAN_POINT('',(661.75,625.23395356173,1.218789839949E+03));
#14442 = VECTOR('',#14443,1.);
#14443 = DIRECTION('',(0.,0.642787609687,0.766044443119));
#14444 = PCURVE('',#14445,#14450);
#14445 = PLANE('',#14446);
#14446 = AXIS2_PLACEMENT_3D('',#14447,#14448,#14449);
#14447 = CARTESIAN_POINT('',(661.75,625.23395356173,1.218789839949E+03));
#14448 = DIRECTION('',(1.,0.,0.));
#14449 = DIRECTION('',(0.,0.642787609687,0.766044443119));
#14450 = DEFINITIONAL_REPRESENTATION('',(#14451),#14455);
#14451 = LINE('',#14452,#14453);
#14452 = CARTESIAN_POINT('',(0.,0.));
#14453 = VECTOR('',#14454,1.);
#14454 = DIRECTION('',(1.,0.));
#14455 =(GEOMETRIC_REPRESENTATION_CONTEXT(2)PARAMETRIC_REPRESENTATION_CONTEXT()REPRESENTATION_CONTEXT('2D SPACE',''));
#14456 = PCURVE('',#14457,#14462);
#14457 = PLANE('',#14458);
#14458 = AXIS2_PLACEMENT_3D('',#14459,#14460,#14461);
#14459 = CARTESIAN_POINT('',(661.75,625.23395356173,1.218789839949E+03));
#14460 = DIRECTION('',(0.,0.766044443119,-0.642787609687));
#14461 = DIRECTION('',(0.,0.642787609687,0.766044443119));
#14462 = DEFINITIONAL_REPRESENTATION('',(#14463),#14467);
#14463 = LINE('',#14464,#14465);
#14464 = CARTESIAN_POINT('',(0.,0.));
#14465 = VECTOR('',#14466,1.);
#14466 = DIRECTION('',(1.,0.));
#14467 =(GEOMETRIC_REPRESENTATION_CONTEXT(2)PARAMETRIC_REPRESENTATION_CONTEXT()REPRESENTATION_CONTEXT('2D SPACE',''));
#14468 = ORIENTED_EDGE('',*,*,#14469,.T.);
#14469 = EDGE_CURVE('',#14435,#14470,#14472,.T.);
#14470 = VERTEX_POINT('',#14471);
#14471 = CARTESIAN_POINT('',(661.75,694.13965122028,1.160971094457E+03));
#14472 = SURFACE_CURVE('',#14473,(#14477,#14484),.PCURVE_S1.);
#14473 = LINE('',#14474,#14475);
#14474 = CARTESIAN_POINT('',(661.75,625.23395356173,1.218789839949E+03));
#14475 = VECTOR('',#14476,1.);
#14476 = DIRECTION('',(0.,0.766044443119,-0.642787609687));
#14477 = PCURVE('',#14445,#14478);
#14478 = DEFINITIONAL_REPRESENTATION('',(#14479),#14483);
#14479 = LINE('',#14480,#14481);
#14480 = CARTESIAN_POINT('',(0.,0.));
#14481 = VECTOR('',#14482,1.);
#14482 = DIRECTION('',(0.,-1.));
#14483 =(GEOMETRIC_REPRESENTATION_CONTEXT(2)PARAMETRIC_REPRESENTATION_CONTEXT()REPRESENTATION_CONTEXT('2D SPACE',''));
#14484 = PCURVE('',#14485,#14490);
#14485 = PLANE('',#14486);
#14486 = AXIS2_PLACEMENT_3D('',#14487,#14488,#14489);
#14487 = CARTESIAN_POINT('',(661.75,625.23395356173,1.218789839949E+03));
#14488 = DIRECTION('',(0.,0.642787609687,0.766044443119));
#14489 = DIRECTION('',(1.,0.,0.));
#14490 = DEFINITIONAL_REPRESENTATION('',(#14491),#14495);
#14491 = LINE('',#14492,#14493);
#14492 = CARTESIAN_POINT('',(0.,0.));
#14493 = VECTOR('',#14494,1.);
#14494 = DIRECTION('',(0.,1.));
#14495 =(GEOMETRIC_REPRESENTATION_CONTEXT(2)PARAMETRIC_REPRESENTATION_CONTEXT()REPRESENTATION_CONTEXT('2D SPACE',''));
#14496 = ORIENTED_EDGE('',*,*,#14497,.T.);
#14497 = EDGE_CURVE('',#14470,#14498,#14500,.T.);
#14498 = VERTEX_POINT('',#14499);
#14499 = CARTESIAN_POINT('',(661.75,751.28346972142,1.229072445451E+03));
#14500 = SURFACE_CURVE('',#14501,(#14505,#14512),.PCURVE_S1.);
#14501 = LINE('',#14502,#14503);
#14502 = CARTESIAN_POINT('',(661.75,694.13965122028,1.160971094457E+03));
#14503 = VECTOR('',#14504,1.);
#14504 = DIRECTION('',(0.,0.642787609687,0.766044443119));
#14505 = PCURVE('',#14445,#14506);
#14506 = DEFINITIONAL_REPRESENTATION('',(#14507),#14511);
#14507 = LINE('',#14508,#14509);
#14508 = CARTESIAN_POINT('',(1.06581410364E-13,-89.95));
#14509 = VECTOR('',#14510,1.);
#14510 = DIRECTION('',(1.,0.));
#14511 =(GEOMETRIC_REPRESENTATION_CONTEXT(2)PARAMETRIC_REPRESENTATION_CONTEXT()REPRESENTATION_CONTEXT('2D SPACE',''));
#14512 = PCURVE('',#14513,#14518);
#14513 = PLANE('',#14514);
#14514 = AXIS2_PLACEMENT_3D('',#14515,#14516,#14517);
#14515 = CARTESIAN_POINT('',(661.75,694.13965122028,1.160971094457E+03));
#14516 = DIRECTION('',(0.,0.766044443119,-0.642787609687));
#14517 = DIRECTION('',(0.,0.642787609687,0.766044443119));
#14518 = DEFINITIONAL_REPRESENTATION('',(#14519),#14523);
#14519 = LINE('',#14520,#14521);
#14520 = CARTESIAN_POINT('',(0.,0.));
#14521 = VECTOR('',#14522,1.);
#14522 = DIRECTION('',(1.,0.));
#14523 =(GEOMETRIC_REPRESENTATION_CONTEXT(2)PARAMETRIC_REPRESENTATION_CONTEXT()REPRESENTATION_CONTEXT('2D SPACE',''));
#14524 = ORIENTED_EDGE('',*,*,#14525,.F.);
#14525 = EDGE_CURVE('',#14437,#14498,#14526,.T.);
#14526 = SURFACE_CURVE('',#14527,(#14531,#14538),.PCURVE_S1.);
#14527 = LINE('',#14528,#14529);
#14528 = CARTESIAN_POINT('',(661.75,682.37777206286,1.286891190942E+03));
#14529 = VECTOR('',#14530,1.);
#14530 = DIRECTION('',(0.,0.766044443119,-0.642787609687));
#14531 = PCURVE('',#14445,#14532);
#14532 = DEFINITIONAL_REPRESENTATION('',(#14533),#14537);
#14533 = LINE('',#14534,#14535);
#14534 = CARTESIAN_POINT('',(88.9,2.84217094304E-14));
#14535 = VECTOR('',#14536,1.);
#14536 = DIRECTION('',(0.,-1.));
#14537 =(GEOMETRIC_REPRESENTATION_CONTEXT(2)PARAMETRIC_REPRESENTATION_CONTEXT()REPRESENTATION_CONTEXT('2D SPACE',''));
#14538 = PCURVE('',#14539,#14544);
#14539 = PLANE('',#14540);
#14540 = AXIS2_PLACEMENT_3D('',#14541,#14542,#14543);
#14541 = CARTESIAN_POINT('',(661.75,682.37777206286,1.286891190942E+03));
#14542 = DIRECTION('',(0.,0.642787609687,0.766044443119));
#14543 = DIRECTION('',(1.,0.,0.));
#14544 = DEFINITIONAL_REPRESENTATION('',(#14545),#14549);
#14545 = LINE('',#14546,#14547);
#14546 = CARTESIAN_POINT('',(0.,0.));
#14547 = VECTOR('',#14548,1.);
#14548 = DIRECTION('',(0.,1.));
#14549 =(GEOMETRIC_REPRESENTATION_CONTEXT(2)PARAMETRIC_REPRESENTATION_CONTEXT()REPRESENTATION_CONTEXT('2D SPACE',''));
#14550 = ADVANCED_FACE('',(#14551),#14565,.T.);
#14551 = FACE_BOUND('',#14552,.T.);
#14552 = EDGE_LOOP('',(#14553,#14583,#14606,#14629));
#14553 = ORIENTED_EDGE('',*,*,#14554,.F.);
#14554 = EDGE_CURVE('',#14555,#14557,#14559,.T.);
#14555 = VERTEX_POINT('',#14556);
#14556 = CARTESIAN_POINT('',(699.85,625.23395356173,1.218789839949E+03));
#14557 = VERTEX_POINT('',#14558);
#14558 = CARTESIAN_POINT('',(699.85,682.37777206286,1.286891190942E+03));
#14559 = SURFACE_CURVE('',#14560,(#14564,#14576),.PCURVE_S1.);
#14560 = LINE('',#14561,#14562);
#14561 = CARTESIAN_POINT('',(699.85,625.23395356173,1.218789839949E+03));
#14562 = VECTOR('',#14563,1.);
#14563 = DIRECTION('',(0.,0.642787609687,0.766044443119));
#14564 = PCURVE('',#14565,#14570);
#14565 = PLANE('',#14566);
#14566 = AXIS2_PLACEMENT_3D('',#14567,#14568,#14569);
#14567 = CARTESIAN_POINT('',(699.85,625.23395356173,1.218789839949E+03));
#14568 = DIRECTION('',(1.,0.,0.));
#14569 = DIRECTION('',(0.,0.642787609687,0.766044443119));
#14570 = DEFINITIONAL_REPRESENTATION('',(#14571),#14575);
#14571 = LINE('',#14572,#14573);
#14572 = CARTESIAN_POINT('',(0.,0.));
#14573 = VECTOR('',#14574,1.);
#14574 = DIRECTION('',(1.,0.));
#14575 =(GEOMETRIC_REPRESENTATION_CONTEXT(2)PARAMETRIC_REPRESENTATION_CONTEXT()REPRESENTATION_CONTEXT('2D SPACE',''));
#14576 = PCURVE('',#14457,#14577);
#14577 = DEFINITIONAL_REPRESENTATION('',(#14578),#14582);
#14578 = LINE('',#14579,#14580);
#14579 = CARTESIAN_POINT('',(0.,38.1));
#14580 = VECTOR('',#14581,1.);
#14581 = DIRECTION('',(1.,0.));
#14582 =(GEOMETRIC_REPRESENTATION_CONTEXT(2)PARAMETRIC_REPRESENTATION_CONTEXT()REPRESENTATION_CONTEXT('2D SPACE',''));
#14583 = ORIENTED_EDGE('',*,*,#14584,.T.);
#14584 = EDGE_CURVE('',#14555,#14585,#14587,.T.);
#14585 = VERTEX_POINT('',#14586);
#14586 = CARTESIAN_POINT('',(699.85,694.13965122028,1.160971094457E+03));
#14587 = SURFACE_CURVE('',#14588,(#14592,#14599),.PCURVE_S1.);
#14588 = LINE('',#14589,#14590);
#14589 = CARTESIAN_POINT('',(699.85,625.23395356173,1.218789839949E+03));
#14590 = VECTOR('',#14591,1.);
#14591 = DIRECTION('',(0.,0.766044443119,-0.642787609687));
#14592 = PCURVE('',#14565,#14593);
#14593 = DEFINITIONAL_REPRESENTATION('',(#14594),#14598);
#14594 = LINE('',#14595,#14596);
#14595 = CARTESIAN_POINT('',(0.,0.));
#14596 = VECTOR('',#14597,1.);
#14597 = DIRECTION('',(0.,-1.));
#14598 =(GEOMETRIC_REPRESENTATION_CONTEXT(2)PARAMETRIC_REPRESENTATION_CONTEXT()REPRESENTATION_CONTEXT('2D SPACE',''));
#14599 = PCURVE('',#14485,#14600);
#14600 = DEFINITIONAL_REPRESENTATION('',(#14601),#14605);
#14601 = LINE('',#14602,#14603);
#14602 = CARTESIAN_POINT('',(38.1,0.));
#14603 = VECTOR('',#14604,1.);
#14604 = DIRECTION('',(0.,1.));
#14605 =(GEOMETRIC_REPRESENTATION_CONTEXT(2)PARAMETRIC_REPRESENTATION_CONTEXT()REPRESENTATION_CONTEXT('2D SPACE',''));
#14606 = ORIENTED_EDGE('',*,*,#14607,.T.);
#14607 = EDGE_CURVE('',#14585,#14608,#14610,.T.);
#14608 = VERTEX_POINT('',#14609);
#14609 = CARTESIAN_POINT('',(699.85,751.28346972142,1.229072445451E+03));
#14610 = SURFACE_CURVE('',#14611,(#14615,#14622),.PCURVE_S1.);
#14611 = LINE('',#14612,#14613);
#14612 = CARTESIAN_POINT('',(699.85,694.13965122028,1.160971094457E+03));
#14613 = VECTOR('',#14614,1.);
#14614 = DIRECTION('',(0.,0.642787609687,0.766044443119));
#14615 = PCURVE('',#14565,#14616);
#14616 = DEFINITIONAL_REPRESENTATION('',(#14617),#14621);
#14617 = LINE('',#14618,#14619);
#14618 = CARTESIAN_POINT('',(1.06581410364E-13,-89.95));
#14619 = VECTOR('',#14620,1.);
#14620 = DIRECTION('',(1.,0.));
#14621 =(GEOMETRIC_REPRESENTATION_CONTEXT(2)PARAMETRIC_REPRESENTATION_CONTEXT()REPRESENTATION_CONTEXT('2D SPACE',''));
#14622 = PCURVE('',#14513,#14623);
#14623 = DEFINITIONAL_REPRESENTATION('',(#14624),#14628);
#14624 = LINE('',#14625,#14626);
#14625 = CARTESIAN_POINT('',(0.,38.1));
#14626 = VECTOR('',#14627,1.);
#14627 = DIRECTION('',(1.,0.));
#14628 =(GEOMETRIC_REPRESENTATION_CONTEXT(2)PARAMETRIC_REPRESENTATION_CONTEXT()REPRESENTATION_CONTEXT('2D SPACE',''));
#14629 = ORIENTED_EDGE('',*,*,#14630,.F.);
#14630 = EDGE_CURVE('',#14557,#14608,#14631,.T.);
#14631 = SURFACE_CURVE('',#14632,(#14636,#14643),.PCURVE_S1.);
#14632 = LINE('',#14633,#14634);
#14633 = CARTESIAN_POINT('',(699.85,682.37777206286,1.286891190942E+03));
#14634 = VECTOR('',#14635,1.);
#14635 = DIRECTION('',(0.,0.766044443119,-0.642787609687));
#14636 = PCURVE('',#14565,#14637);
#14637 = DEFINITIONAL_REPRESENTATION('',(#14638),#14642);
#14638 = LINE('',#14639,#14640);
#14639 = CARTESIAN_POINT('',(88.9,2.84217094304E-14));
#14640 = VECTOR('',#14641,1.);
#14641 = DIRECTION('',(0.,-1.));
#14642 =(GEOMETRIC_REPRESENTATION_CONTEXT(2)PARAMETRIC_REPRESENTATION_CONTEXT()REPRESENTATION_CONTEXT('2D SPACE',''));
#14643 = PCURVE('',#14539,#14644);
#14644 = DEFINITIONAL_REPRESENTATION('',(#14645),#14649);
#14645 = LINE('',#14646,#14647);
#14646 = CARTESIAN_POINT('',(38.1,0.));
#14647 = VECTOR('',#14648,1.);
#14648 = DIRECTION('',(0.,1.));
#14649 =(GEOMETRIC_REPRESENTATION_CONTEXT(2)PARAMETRIC_REPRESENTATION_CONTEXT()REPRESENTATION_CONTEXT('2D SPACE',''));
#14650 = ADVANCED_FACE('',(#14651),#14457,.F.);
#14651 = FACE_BOUND('',#14652,.F.);
#14652 = EDGE_LOOP('',(#14653,#14674,#14675,#14696));
#14653 = ORIENTED_EDGE('',*,*,#14654,.F.);
#14654 = EDGE_CURVE('',#14435,#14555,#14655,.T.);
#14655 = SURFACE_CURVE('',#14656,(#14660,#14667),.PCURVE_S1.);
#14656 = LINE('',#14657,#14658);
#14657 = CARTESIAN_POINT('',(661.75,625.23395356173,1.218789839949E+03));
#14658 = VECTOR('',#14659,1.);
#14659 = DIRECTION('',(1.,0.,0.));
#14660 = PCURVE('',#14457,#14661);
#14661 = DEFINITIONAL_REPRESENTATION('',(#14662),#14666);
#14662 = LINE('',#14663,#14664);
#14663 = CARTESIAN_POINT('',(0.,0.));
#14664 = VECTOR('',#14665,1.);
#14665 = DIRECTION('',(0.,1.));
#14666 =(GEOMETRIC_REPRESENTATION_CONTEXT(2)PARAMETRIC_REPRESENTATION_CONTEXT()REPRESENTATION_CONTEXT('2D SPACE',''));
#14667 = PCURVE('',#14485,#14668);
#14668 = DEFINITIONAL_REPRESENTATION('',(#14669),#14673);
#14669 = LINE('',#14670,#14671);
#14670 = CARTESIAN_POINT('',(0.,0.));
#14671 = VECTOR('',#14672,1.);
#14672 = DIRECTION('',(1.,0.));
#14673 =(GEOMETRIC_REPRESENTATION_CONTEXT(2)PARAMETRIC_REPRESENTATION_CONTEXT()REPRESENTATION_CONTEXT('2D SPACE',''));
#14674 = ORIENTED_EDGE('',*,*,#14434,.T.);
#14675 = ORIENTED_EDGE('',*,*,#14676,.T.);
#14676 = EDGE_CURVE('',#14437,#14557,#14677,.T.);
#14677 = SURFACE_CURVE('',#14678,(#14682,#14689),.PCURVE_S1.);
#14678 = LINE('',#14679,#14680);
#14679 = CARTESIAN_POINT('',(661.75,682.37777206286,1.286891190942E+03));
#14680 = VECTOR('',#14681,1.);
#14681 = DIRECTION('',(1.,0.,0.));
#14682 = PCURVE('',#14457,#14683);
#14683 = DEFINITIONAL_REPRESENTATION('',(#14684),#14688);
#14684 = LINE('',#14685,#14686);
#14685 = CARTESIAN_POINT('',(88.9,0.));
#14686 = VECTOR('',#14687,1.);
#14687 = DIRECTION('',(0.,1.));
#14688 =(GEOMETRIC_REPRESENTATION_CONTEXT(2)PARAMETRIC_REPRESENTATION_CONTEXT()REPRESENTATION_CONTEXT('2D SPACE',''));
#14689 = PCURVE('',#14539,#14690);
#14690 = DEFINITIONAL_REPRESENTATION('',(#14691),#14695);
#14691 = LINE('',#14692,#14693);
#14692 = CARTESIAN_POINT('',(0.,0.));
#14693 = VECTOR('',#14694,1.);
#14694 = DIRECTION('',(1.,0.));
#14695 =(GEOMETRIC_REPRESENTATION_CONTEXT(2)PARAMETRIC_REPRESENTATION_CONTEXT()REPRESENTATION_CONTEXT('2D SPACE',''));
#14696 = ORIENTED_EDGE('',*,*,#14554,.F.);
#14697 = ADVANCED_FACE('',(#14698),#14513,.T.);
#14698 = FACE_BOUND('',#14699,.T.);
#14699 = EDGE_LOOP('',(#14700,#14721,#14722,#14743));
#14700 = ORIENTED_EDGE('',*,*,#14701,.F.);
#14701 = EDGE_CURVE('',#14470,#14585,#14702,.T.);
#14702 = SURFACE_CURVE('',#14703,(#14707,#14714),.PCURVE_S1.);
#14703 = LINE('',#14704,#14705);
#14704 = CARTESIAN_POINT('',(661.75,694.13965122028,1.160971094457E+03));
#14705 = VECTOR('',#14706,1.);
#14706 = DIRECTION('',(1.,0.,0.));
#14707 = PCURVE('',#14513,#14708);
#14708 = DEFINITIONAL_REPRESENTATION('',(#14709),#14713);
#14709 = LINE('',#14710,#14711);
#14710 = CARTESIAN_POINT('',(0.,0.));
#14711 = VECTOR('',#14712,1.);
#14712 = DIRECTION('',(0.,1.));
#14713 =(GEOMETRIC_REPRESENTATION_CONTEXT(2)PARAMETRIC_REPRESENTATION_CONTEXT()REPRESENTATION_CONTEXT('2D SPACE',''));
#14714 = PCURVE('',#14485,#14715);
#14715 = DEFINITIONAL_REPRESENTATION('',(#14716),#14720);
#14716 = LINE('',#14717,#14718);
#14717 = CARTESIAN_POINT('',(0.,89.95));
#14718 = VECTOR('',#14719,1.);
#14719 = DIRECTION('',(1.,0.));
#14720 =(GEOMETRIC_REPRESENTATION_CONTEXT(2)PARAMETRIC_REPRESENTATION_CONTEXT()REPRESENTATION_CONTEXT('2D SPACE',''));
#14721 = ORIENTED_EDGE('',*,*,#14497,.T.);
#14722 = ORIENTED_EDGE('',*,*,#14723,.T.);
#14723 = EDGE_CURVE('',#14498,#14608,#14724,.T.);
#14724 = SURFACE_CURVE('',#14725,(#14729,#14736),.PCURVE_S1.);
#14725 = LINE('',#14726,#14727);
#14726 = CARTESIAN_POINT('',(661.75,751.28346972142,1.229072445451E+03));
#14727 = VECTOR('',#14728,1.);
#14728 = DIRECTION('',(1.,0.,0.));
#14729 = PCURVE('',#14513,#14730);
#14730 = DEFINITIONAL_REPRESENTATION('',(#14731),#14735);
#14731 = LINE('',#14732,#14733);
#14732 = CARTESIAN_POINT('',(88.9,0.));
#14733 = VECTOR('',#14734,1.);
#14734 = DIRECTION('',(0.,1.));
#14735 =(GEOMETRIC_REPRESENTATION_CONTEXT(2)PARAMETRIC_REPRESENTATION_CONTEXT()REPRESENTATION_CONTEXT('2D SPACE',''));
#14736 = PCURVE('',#14539,#14737);
#14737 = DEFINITIONAL_REPRESENTATION('',(#14738),#14742);
#14738 = LINE('',#14739,#14740);
#14739 = CARTESIAN_POINT('',(0.,89.95));
#14740 = VECTOR('',#14741,1.);
#14741 = DIRECTION('',(1.,0.));
#14742 =(GEOMETRIC_REPRESENTATION_CONTEXT(2)PARAMETRIC_REPRESENTATION_CONTEXT()REPRESENTATION_CONTEXT('2D SPACE',''));
#14743 = ORIENTED_EDGE('',*,*,#14607,.F.);
#14744 = ADVANCED_FACE('',(#14745),#14485,.F.);
#14745 = FACE_BOUND('',#14746,.F.);
#14746 = EDGE_LOOP('',(#14747,#14748,#14749,#14750));
#14747 = ORIENTED_EDGE('',*,*,#14469,.F.);
#14748 = ORIENTED_EDGE('',*,*,#14654,.T.);
#14749 = ORIENTED_EDGE('',*,*,#14584,.T.);
#14750 = ORIENTED_EDGE('',*,*,#14701,.F.);
#14751 = ADVANCED_FACE('',(#14752),#14539,.T.);
#14752 = FACE_BOUND('',#14753,.T.);
#14753 = EDGE_LOOP('',(#14754,#14755,#14756,#14757));
#14754 = ORIENTED_EDGE('',*,*,#14525,.F.);
#14755 = ORIENTED_EDGE('',*,*,#14676,.T.);
#14756 = ORIENTED_EDGE('',*,*,#14630,.T.);
#14757 = ORIENTED_EDGE('',*,*,#14723,.F.);
#14758 =(GEOMETRIC_REPRESENTATION_CONTEXT(3)GLOBAL_UNCERTAINTY_ASSIGNED_CONTEXT((#14762))GLOBAL_UNIT_ASSIGNED_CONTEXT((#14759,#14760,#14761))REPRESENTATION_CONTEXT('Context #1','3D Context with UNIT and UNCERTAINTY'));
#14759 =(LENGTH_UNIT()NAMED_UNIT(*)SI_UNIT(.MILLI.,.METRE.));
#14760 =(NAMED_UNIT(*)PLANE_ANGLE_UNIT()SI_UNIT($,.RADIAN.));
#14761 =(NAMED_UNIT(*)SI_UNIT($,.STERADIAN.)SOLID_ANGLE_UNIT());
#14762 = UNCERTAINTY_MEASURE_WITH_UNIT(LENGTH_MEASURE(1.E-07),#14759,'distance_accuracy_value','confusion accuracy');
#14763 = CONTEXT_DEPENDENT_SHAPE_REPRESENTATION(#14764,#14766);
#14764 =(REPRESENTATION_RELATIONSHIP('','',#14427,#10)REPRESENTATION_RELATIONSHIP_WITH_TRANSFORMATION(#14765)SHAPE_REPRESENTATION_RELATIONSHIP());
#14765 = ITEM_DEFINED_TRANSFORMATION('','',#11,#171);
#14766 = PRODUCT_DEFINITION_SHAPE('Placement','Placement of an item',#14767);
#14767 = NEXT_ASSEMBLY_USAGE_OCCURRENCE('40','rib_2_mid_right','',#5,#14422,$);
#14768 = PRODUCT_RELATED_PRODUCT_CATEGORY('part',$,(#14424));
#14769 = SHAPE_DEFINITION_REPRESENTATION(#14770,#14776);
#14770 = PRODUCT_DEFINITION_SHAPE('','',#14771);
#14771 = PRODUCT_DEFINITION('design','',#14772,#14775);
#14772 = PRODUCT_DEFINITION_FORMATION('','',#14773);
#14773 = PRODUCT('rear_cross_3','rear_cross_3','',(#14774));
#14774 = PRODUCT_CONTEXT('',#2,'mechanical');
#14775 = PRODUCT_DEFINITION_CONTEXT('part definition',#2,'design');
#14776 = ADVANCED_BREP_SHAPE_REPRESENTATION('',(#11,#14777),#15107);
#14777 = MANIFOLD_SOLID_BREP('',#14778);
#14778 = CLOSED_SHELL('',(#14779,#14899,#14999,#15046,#15093,#15100));
#14779 = ADVANCED_FACE('',(#14780),#14794,.F.);
#14780 = FACE_BOUND('',#14781,.F.);
#14781 = EDGE_LOOP('',(#14782,#14817,#14845,#14873));
#14782 = ORIENTED_EDGE('',*,*,#14783,.F.);
#14783 = EDGE_CURVE('',#14784,#14786,#14788,.T.);
#14784 = VERTEX_POINT('',#14785);
#14785 = CARTESIAN_POINT('',(-1.2192E+03,1.097936225922E+03,1.841407549065E+03));
#14786 = VERTEX_POINT('',#14787);
#14787 = CARTESIAN_POINT('',(-1.2192E+03,1.155080044423E+03,1.909508900058E+03));
#14788 = SURFACE_CURVE('',#14789,(#14793,#14805),.PCURVE_S1.);
#14789 = LINE('',#14790,#14791);
#14790 = CARTESIAN_POINT('',(-1.2192E+03,1.097936225922E+03,1.841407549065E+03));
#14791 = VECTOR('',#14792,1.);
#14792 = DIRECTION('',(0.,0.642787609687,0.766044443119));
#14793 = PCURVE('',#14794,#14799);
#14794 = PLANE('',#14795);
#14795 = AXIS2_PLACEMENT_3D('',#14796,#14797,#14798);
#14796 = CARTESIAN_POINT('',(-1.2192E+03,1.097936225922E+03,1.841407549065E+03));
#14797 = DIRECTION('',(1.,0.,0.));
#14798 = DIRECTION('',(0.,0.642787609687,0.766044443119));
#14799 = DEFINITIONAL_REPRESENTATION('',(#14800),#14804);
#14800 = LINE('',#14801,#14802);
#14801 = CARTESIAN_POINT('',(0.,0.));
#14802 = VECTOR('',#14803,1.);
#14803 = DIRECTION('',(1.,0.));
#14804 =(GEOMETRIC_REPRESENTATION_CONTEXT(2)PARAMETRIC_REPRESENTATION_CONTEXT()REPRESENTATION_CONTEXT('2D SPACE',''));
#14805 = PCURVE('',#14806,#14811);
#14806 = PLANE('',#14807);
#14807 = AXIS2_PLACEMENT_3D('',#14808,#14809,#14810);
#14808 = CARTESIAN_POINT('',(-1.2192E+03,1.097936225922E+03,1.841407549065E+03));
#14809 = DIRECTION('',(0.,0.766044443119,-0.642787609687));
#14810 = DIRECTION('',(0.,0.642787609687,0.766044443119));
#14811 = DEFINITIONAL_REPRESENTATION('',(#14812),#14816);
#14812 = LINE('',#14813,#14814);
#14813 = CARTESIAN_POINT('',(0.,0.));
#14814 = VECTOR('',#14815,1.);
#14815 = DIRECTION('',(1.,0.));
#14816 =(GEOMETRIC_REPRESENTATION_CONTEXT(2)PARAMETRIC_REPRESENTATION_CONTEXT()REPRESENTATION_CONTEXT('2D SPACE',''));
#14817 = ORIENTED_EDGE('',*,*,#14818,.T.);
#14818 = EDGE_CURVE('',#14784,#14819,#14821,.T.);
#14819 = VERTEX_POINT('',#14820);
#14820 = CARTESIAN_POINT('',(-1.2192E+03,1.127122519205E+03,1.816917341136E+03));
#14821 = SURFACE_CURVE('',#14822,(#14826,#14833),.PCURVE_S1.);
#14822 = LINE('',#14823,#14824);
#14823 = CARTESIAN_POINT('',(-1.2192E+03,1.097936225922E+03,1.841407549065E+03));
#14824 = VECTOR('',#14825,1.);
#14825 = DIRECTION('',(0.,0.766044443119,-0.642787609687));
#14826 = PCURVE('',#14794,#14827);
#14827 = DEFINITIONAL_REPRESENTATION('',(#14828),#14832);
#14828 = LINE('',#14829,#14830);
#14829 = CARTESIAN_POINT('',(0.,0.));
#14830 = VECTOR('',#14831,1.);
#14831 = DIRECTION('',(0.,-1.));
#14832 =(GEOMETRIC_REPRESENTATION_CONTEXT(2)PARAMETRIC_REPRESENTATION_CONTEXT()REPRESENTATION_CONTEXT('2D SPACE',''));
#14833 = PCURVE('',#14834,#14839);
#14834 = PLANE('',#14835);
#14835 = AXIS2_PLACEMENT_3D('',#14836,#14837,#14838);
#14836 = CARTESIAN_POINT('',(-1.2192E+03,1.097936225922E+03,1.841407549065E+03));
#14837 = DIRECTION('',(0.,0.642787609687,0.766044443119));
#14838 = DIRECTION('',(1.,0.,0.));
#14839 = DEFINITIONAL_REPRESENTATION('',(#14840),#14844);
#14840 = LINE('',#14841,#14842);
#14841 = CARTESIAN_POINT('',(0.,0.));
#14842 = VECTOR('',#14843,1.);
#14843 = DIRECTION('',(0.,1.));
#14844 =(GEOMETRIC_REPRESENTATION_CONTEXT(2)PARAMETRIC_REPRESENTATION_CONTEXT()REPRESENTATION_CONTEXT('2D SPACE',''));
#14845 = ORIENTED_EDGE('',*,*,#14846,.T.);
#14846 = EDGE_CURVE('',#14819,#14847,#14849,.T.);
#14847 = VERTEX_POINT('',#14848);
#14848 = CARTESIAN_POINT('',(-1.2192E+03,1.184266337706E+03,1.885018692129E+03));
#14849 = SURFACE_CURVE('',#14850,(#14854,#14861),.PCURVE_S1.);
#14850 = LINE('',#14851,#14852);
#14851 = CARTESIAN_POINT('',(-1.2192E+03,1.127122519205E+03,1.816917341136E+03));
#14852 = VECTOR('',#14853,1.);
#14853 = DIRECTION('',(0.,0.642787609687,0.766044443119));
#14854 = PCURVE('',#14794,#14855);
#14855 = DEFINITIONAL_REPRESENTATION('',(#14856),#14860);
#14856 = LINE('',#14857,#14858);
#14857 = CARTESIAN_POINT('',(-1.314504061156E-13,-38.1));
#14858 = VECTOR('',#14859,1.);
#14859 = DIRECTION('',(1.,0.));
#14860 =(GEOMETRIC_REPRESENTATION_CONTEXT(2)PARAMETRIC_REPRESENTATION_CONTEXT()REPRESENTATION_CONTEXT('2D SPACE',''));
#14861 = PCURVE('',#14862,#14867);
#14862 = PLANE('',#14863);
#14863 = AXIS2_PLACEMENT_3D('',#14864,#14865,#14866);
#14864 = CARTESIAN_POINT('',(-1.2192E+03,1.127122519205E+03,1.816917341136E+03));
#14865 = DIRECTION('',(0.,0.766044443119,-0.642787609687));
#14866 = DIRECTION('',(0.,0.642787609687,0.766044443119));
#14867 = DEFINITIONAL_REPRESENTATION('',(#14868),#14872);
#14868 = LINE('',#14869,#14870);
#14869 = CARTESIAN_POINT('',(0.,0.));
#14870 = VECTOR('',#14871,1.);
#14871 = DIRECTION('',(1.,0.));
#14872 =(GEOMETRIC_REPRESENTATION_CONTEXT(2)PARAMETRIC_REPRESENTATION_CONTEXT()REPRESENTATION_CONTEXT('2D SPACE',''));
#14873 = ORIENTED_EDGE('',*,*,#14874,.F.);
#14874 = EDGE_CURVE('',#14786,#14847,#14875,.T.);
#14875 = SURFACE_CURVE('',#14876,(#14880,#14887),.PCURVE_S1.);
#14876 = LINE('',#14877,#14878);
#14877 = CARTESIAN_POINT('',(-1.2192E+03,1.155080044423E+03,1.909508900058E+03));
#14878 = VECTOR('',#14879,1.);
#14879 = DIRECTION('',(0.,0.766044443119,-0.642787609687));
#14880 = PCURVE('',#14794,#14881);
#14881 = DEFINITIONAL_REPRESENTATION('',(#14882),#14886);
#14882 = LINE('',#14883,#14884);
#14883 = CARTESIAN_POINT('',(88.9,2.84217094304E-14));
#14884 = VECTOR('',#14885,1.);
#14885 = DIRECTION('',(0.,-1.));
#14886 =(GEOMETRIC_REPRESENTATION_CONTEXT(2)PARAMETRIC_REPRESENTATION_CONTEXT()REPRESENTATION_CONTEXT('2D SPACE',''));
#14887 = PCURVE('',#14888,#14893);
#14888 = PLANE('',#14889);
#14889 = AXIS2_PLACEMENT_3D('',#14890,#14891,#14892);
#14890 = CARTESIAN_POINT('',(-1.2192E+03,1.155080044423E+03,1.909508900058E+03));
#14891 = DIRECTION('',(0.,0.642787609687,0.766044443119));
#14892 = DIRECTION('',(1.,0.,0.));
#14893 = DEFINITIONAL_REPRESENTATION('',(#14894),#14898);
#14894 = LINE('',#14895,#14896);
#14895 = CARTESIAN_POINT('',(0.,0.));
#14896 = VECTOR('',#14897,1.);
#14897 = DIRECTION('',(0.,1.));
#14898 =(GEOMETRIC_REPRESENTATION_CONTEXT(2)PARAMETRIC_REPRESENTATION_CONTEXT()REPRESENTATION_CONTEXT('2D SPACE',''));
#14899 = ADVANCED_FACE('',(#14900),#14914,.T.);
#14900 = FACE_BOUND('',#14901,.T.);
#14901 = EDGE_LOOP('',(#14902,#14932,#14955,#14978));
#14902 = ORIENTED_EDGE('',*,*,#14903,.F.);
#14903 = EDGE_CURVE('',#14904,#14906,#14908,.T.);
#14904 = VERTEX_POINT('',#14905);
#14905 = CARTESIAN_POINT('',(1.2192E+03,1.097936225922E+03,1.841407549065E+03));
#14906 = VERTEX_POINT('',#14907);
#14907 = CARTESIAN_POINT('',(1.2192E+03,1.155080044423E+03,1.909508900058E+03));
#14908 = SURFACE_CURVE('',#14909,(#14913,#14925),.PCURVE_S1.);
#14909 = LINE('',#14910,#14911);
#14910 = CARTESIAN_POINT('',(1.2192E+03,1.097936225922E+03,1.841407549065E+03));
#14911 = VECTOR('',#14912,1.);
#14912 = DIRECTION('',(0.,0.642787609687,0.766044443119));
#14913 = PCURVE('',#14914,#14919);
#14914 = PLANE('',#14915);
#14915 = AXIS2_PLACEMENT_3D('',#14916,#14917,#14918);
#14916 = CARTESIAN_POINT('',(1.2192E+03,1.097936225922E+03,1.841407549065E+03));
#14917 = DIRECTION('',(1.,0.,0.));
#14918 = DIRECTION('',(0.,0.642787609687,0.766044443119));
#14919 = DEFINITIONAL_REPRESENTATION('',(#14920),#14924);
#14920 = LINE('',#14921,#14922);
#14921 = CARTESIAN_POINT('',(0.,0.));
#14922 = VECTOR('',#14923,1.);
#14923 = DIRECTION('',(1.,0.));
#14924 =(GEOMETRIC_REPRESENTATION_CONTEXT(2)PARAMETRIC_REPRESENTATION_CONTEXT()REPRESENTATION_CONTEXT('2D SPACE',''));
#14925 = PCURVE('',#14806,#14926);
#14926 = DEFINITIONAL_REPRESENTATION('',(#14927),#14931);
#14927 = LINE('',#14928,#14929);
#14928 = CARTESIAN_POINT('',(0.,2.4384E+03));
#14929 = VECTOR('',#14930,1.);
#14930 = DIRECTION('',(1.,0.));
#14931 =(GEOMETRIC_REPRESENTATION_CONTEXT(2)PARAMETRIC_REPRESENTATION_CONTEXT()REPRESENTATION_CONTEXT('2D SPACE',''));
#14932 = ORIENTED_EDGE('',*,*,#14933,.T.);
#14933 = EDGE_CURVE('',#14904,#14934,#14936,.T.);
#14934 = VERTEX_POINT('',#14935);
#14935 = CARTESIAN_POINT('',(1.2192E+03,1.127122519205E+03,1.816917341136E+03));
#14936 = SURFACE_CURVE('',#14937,(#14941,#14948),.PCURVE_S1.);
#14937 = LINE('',#14938,#14939);
#14938 = CARTESIAN_POINT('',(1.2192E+03,1.097936225922E+03,1.841407549065E+03));
#14939 = VECTOR('',#14940,1.);
#14940 = DIRECTION('',(0.,0.766044443119,-0.642787609687));
#14941 = PCURVE('',#14914,#14942);
#14942 = DEFINITIONAL_REPRESENTATION('',(#14943),#14947);
#14943 = LINE('',#14944,#14945);
#14944 = CARTESIAN_POINT('',(0.,0.));
#14945 = VECTOR('',#14946,1.);
#14946 = DIRECTION('',(0.,-1.));
#14947 =(GEOMETRIC_REPRESENTATION_CONTEXT(2)PARAMETRIC_REPRESENTATION_CONTEXT()REPRESENTATION_CONTEXT('2D SPACE',''));
#14948 = PCURVE('',#14834,#14949);
#14949 = DEFINITIONAL_REPRESENTATION('',(#14950),#14954);
#14950 = LINE('',#14951,#14952);
#14951 = CARTESIAN_POINT('',(2.4384E+03,0.));
#14952 = VECTOR('',#14953,1.);
#14953 = DIRECTION('',(0.,1.));
#14954 =(GEOMETRIC_REPRESENTATION_CONTEXT(2)PARAMETRIC_REPRESENTATION_CONTEXT()REPRESENTATION_CONTEXT('2D SPACE',''));
#14955 = ORIENTED_EDGE('',*,*,#14956,.T.);
#14956 = EDGE_CURVE('',#14934,#14957,#14959,.T.);
#14957 = VERTEX_POINT('',#14958);
#14958 = CARTESIAN_POINT('',(1.2192E+03,1.184266337706E+03,1.885018692129E+03));
#14959 = SURFACE_CURVE('',#14960,(#14964,#14971),.PCURVE_S1.);
#14960 = LINE('',#14961,#14962);
#14961 = CARTESIAN_POINT('',(1.2192E+03,1.127122519205E+03,1.816917341136E+03));
#14962 = VECTOR('',#14963,1.);
#14963 = DIRECTION('',(0.,0.642787609687,0.766044443119));
#14964 = PCURVE('',#14914,#14965);
#14965 = DEFINITIONAL_REPRESENTATION('',(#14966),#14970);
#14966 = LINE('',#14967,#14968);
#14967 = CARTESIAN_POINT('',(-1.314504061156E-13,-38.1));
#14968 = VECTOR('',#14969,1.);
#14969 = DIRECTION('',(1.,0.));
#14970 =(GEOMETRIC_REPRESENTATION_CONTEXT(2)PARAMETRIC_REPRESENTATION_CONTEXT()REPRESENTATION_CONTEXT('2D SPACE',''));
#14971 = PCURVE('',#14862,#14972);
#14972 = DEFINITIONAL_REPRESENTATION('',(#14973),#14977);
#14973 = LINE('',#14974,#14975);
#14974 = CARTESIAN_POINT('',(0.,2.4384E+03));
#14975 = VECTOR('',#14976,1.);
#14976 = DIRECTION('',(1.,0.));
#14977 =(GEOMETRIC_REPRESENTATION_CONTEXT(2)PARAMETRIC_REPRESENTATION_CONTEXT()REPRESENTATION_CONTEXT('2D SPACE',''));
#14978 = ORIENTED_EDGE('',*,*,#14979,.F.);
#14979 = EDGE_CURVE('',#14906,#14957,#14980,.T.);
#14980 = SURFACE_CURVE('',#14981,(#14985,#14992),.PCURVE_S1.);
#14981 = LINE('',#14982,#14983);
#14982 = CARTESIAN_POINT('',(1.2192E+03,1.155080044423E+03,1.909508900058E+03));
#14983 = VECTOR('',#14984,1.);
#14984 = DIRECTION('',(0.,0.766044443119,-0.642787609687));
#14985 = PCURVE('',#14914,#14986);
#14986 = DEFINITIONAL_REPRESENTATION('',(#14987),#14991);
#14987 = LINE('',#14988,#14989);
#14988 = CARTESIAN_POINT('',(88.9,2.84217094304E-14));
#14989 = VECTOR('',#14990,1.);
#14990 = DIRECTION('',(0.,-1.));
#14991 =(GEOMETRIC_REPRESENTATION_CONTEXT(2)PARAMETRIC_REPRESENTATION_CONTEXT()REPRESENTATION_CONTEXT('2D SPACE',''));
#14992 = PCURVE('',#14888,#14993);
#14993 = DEFINITIONAL_REPRESENTATION('',(#14994),#14998);
#14994 = LINE('',#14995,#14996);
#14995 = CARTESIAN_POINT('',(2.4384E+03,0.));
#14996 = VECTOR('',#14997,1.);
#14997 = DIRECTION('',(0.,1.));
#14998 =(GEOMETRIC_REPRESENTATION_CONTEXT(2)PARAMETRIC_REPRESENTATION_CONTEXT()REPRESENTATION_CONTEXT('2D SPACE',''));
#14999 = ADVANCED_FACE('',(#15000),#14806,.F.);
#15000 = FACE_BOUND('',#15001,.F.);
#15001 = EDGE_LOOP('',(#15002,#15023,#15024,#15045));
#15002 = ORIENTED_EDGE('',*,*,#15003,.F.);
#15003 = EDGE_CURVE('',#14784,#14904,#15004,.T.);
#15004 = SURFACE_CURVE('',#15005,(#15009,#15016),.PCURVE_S1.);
#15005 = LINE('',#15006,#15007);
#15006 = CARTESIAN_POINT('',(-1.2192E+03,1.097936225922E+03,1.841407549065E+03));
#15007 = VECTOR('',#15008,1.);
#15008 = DIRECTION('',(1.,0.,0.));
#15009 = PCURVE('',#14806,#15010);
#15010 = DEFINITIONAL_REPRESENTATION('',(#15011),#15015);
#15011 = LINE('',#15012,#15013);
#15012 = CARTESIAN_POINT('',(0.,0.));
#15013 = VECTOR('',#15014,1.);
#15014 = DIRECTION('',(0.,1.));
#15015 =(GEOMETRIC_REPRESENTATION_CONTEXT(2)PARAMETRIC_REPRESENTATION_CONTEXT()REPRESENTATION_CONTEXT('2D SPACE',''));
#15016 = PCURVE('',#14834,#15017);
#15017 = DEFINITIONAL_REPRESENTATION('',(#15018),#15022);
#15018 = LINE('',#15019,#15020);
#15019 = CARTESIAN_POINT('',(0.,0.));
#15020 = VECTOR('',#15021,1.);
#15021 = DIRECTION('',(1.,0.));
#15022 =(GEOMETRIC_REPRESENTATION_CONTEXT(2)PARAMETRIC_REPRESENTATION_CONTEXT()REPRESENTATION_CONTEXT('2D SPACE',''));
#15023 = ORIENTED_EDGE('',*,*,#14783,.T.);
#15024 = ORIENTED_EDGE('',*,*,#15025,.T.);
#15025 = EDGE_CURVE('',#14786,#14906,#15026,.T.);
#15026 = SURFACE_CURVE('',#15027,(#15031,#15038),.PCURVE_S1.);
#15027 = LINE('',#15028,#15029);
#15028 = CARTESIAN_POINT('',(-1.2192E+03,1.155080044423E+03,1.909508900058E+03));
#15029 = VECTOR('',#15030,1.);
#15030 = DIRECTION('',(1.,0.,0.));
#15031 = PCURVE('',#14806,#15032);
#15032 = DEFINITIONAL_REPRESENTATION('',(#15033),#15037);
#15033 = LINE('',#15034,#15035);
#15034 = CARTESIAN_POINT('',(88.9,0.));
#15035 = VECTOR('',#15036,1.);
#15036 = DIRECTION('',(0.,1.));
#15037 =(GEOMETRIC_REPRESENTATION_CONTEXT(2)PARAMETRIC_REPRESENTATION_CONTEXT()REPRESENTATION_CONTEXT('2D SPACE',''));
#15038 = PCURVE('',#14888,#15039);
#15039 = DEFINITIONAL_REPRESENTATION('',(#15040),#15044);
#15040 = LINE('',#15041,#15042);
#15041 = CARTESIAN_POINT('',(0.,0.));
#15042 = VECTOR('',#15043,1.);
#15043 = DIRECTION('',(1.,0.));
#15044 =(GEOMETRIC_REPRESENTATION_CONTEXT(2)PARAMETRIC_REPRESENTATION_CONTEXT()REPRESENTATION_CONTEXT('2D SPACE',''));
#15045 = ORIENTED_EDGE('',*,*,#14903,.F.);
#15046 = ADVANCED_FACE('',(#15047),#14862,.T.);
#15047 = FACE_BOUND('',#15048,.T.);
#15048 = EDGE_LOOP('',(#15049,#15070,#15071,#15092));
#15049 = ORIENTED_EDGE('',*,*,#15050,.F.);
#15050 = EDGE_CURVE('',#14819,#14934,#15051,.T.);
#15051 = SURFACE_CURVE('',#15052,(#15056,#15063),.PCURVE_S1.);
#15052 = LINE('',#15053,#15054);
#15053 = CARTESIAN_POINT('',(-1.2192E+03,1.127122519205E+03,1.816917341136E+03));
#15054 = VECTOR('',#15055,1.);
#15055 = DIRECTION('',(1.,0.,0.));
#15056 = PCURVE('',#14862,#15057);
#15057 = DEFINITIONAL_REPRESENTATION('',(#15058),#15062);
#15058 = LINE('',#15059,#15060);
#15059 = CARTESIAN_POINT('',(0.,0.));
#15060 = VECTOR('',#15061,1.);
#15061 = DIRECTION('',(0.,1.));
#15062 =(GEOMETRIC_REPRESENTATION_CONTEXT(2)PARAMETRIC_REPRESENTATION_CONTEXT()REPRESENTATION_CONTEXT('2D SPACE',''));
#15063 = PCURVE('',#14834,#15064);
#15064 = DEFINITIONAL_REPRESENTATION('',(#15065),#15069);
#15065 = LINE('',#15066,#15067);
#15066 = CARTESIAN_POINT('',(0.,38.1));
#15067 = VECTOR('',#15068,1.);
#15068 = DIRECTION('',(1.,0.));
#15069 =(GEOMETRIC_REPRESENTATION_CONTEXT(2)PARAMETRIC_REPRESENTATION_CONTEXT()REPRESENTATION_CONTEXT('2D SPACE',''));
#15070 = ORIENTED_EDGE('',*,*,#14846,.T.);
#15071 = ORIENTED_EDGE('',*,*,#15072,.T.);
#15072 = EDGE_CURVE('',#14847,#14957,#15073,.T.);
#15073 = SURFACE_CURVE('',#15074,(#15078,#15085),.PCURVE_S1.);
#15074 = LINE('',#15075,#15076);
#15075 = CARTESIAN_POINT('',(-1.2192E+03,1.184266337706E+03,1.885018692129E+03));
#15076 = VECTOR('',#15077,1.);
#15077 = DIRECTION('',(1.,0.,0.));
#15078 = PCURVE('',#14862,#15079);
#15079 = DEFINITIONAL_REPRESENTATION('',(#15080),#15084);
#15080 = LINE('',#15081,#15082);
#15081 = CARTESIAN_POINT('',(88.9,0.));
#15082 = VECTOR('',#15083,1.);
#15083 = DIRECTION('',(0.,1.));
#15084 =(GEOMETRIC_REPRESENTATION_CONTEXT(2)PARAMETRIC_REPRESENTATION_CONTEXT()REPRESENTATION_CONTEXT('2D SPACE',''));
#15085 = PCURVE('',#14888,#15086);
#15086 = DEFINITIONAL_REPRESENTATION('',(#15087),#15091);
#15087 = LINE('',#15088,#15089);
#15088 = CARTESIAN_POINT('',(0.,38.1));
#15089 = VECTOR('',#15090,1.);
#15090 = DIRECTION('',(1.,0.));
#15091 =(GEOMETRIC_REPRESENTATION_CONTEXT(2)PARAMETRIC_REPRESENTATION_CONTEXT()REPRESENTATION_CONTEXT('2D SPACE',''));
#15092 = ORIENTED_EDGE('',*,*,#14956,.F.);
#15093 = ADVANCED_FACE('',(#15094),#14834,.F.);
#15094 = FACE_BOUND('',#15095,.F.);
#15095 = EDGE_LOOP('',(#15096,#15097,#15098,#15099));
#15096 = ORIENTED_EDGE('',*,*,#14818,.F.);
#15097 = ORIENTED_EDGE('',*,*,#15003,.T.);
#15098 = ORIENTED_EDGE('',*,*,#14933,.T.);
#15099 = ORIENTED_EDGE('',*,*,#15050,.F.);
#15100 = ADVANCED_FACE('',(#15101),#14888,.T.);
#15101 = FACE_BOUND('',#15102,.T.);
#15102 = EDGE_LOOP('',(#15103,#15104,#15105,#15106));
#15103 = ORIENTED_EDGE('',*,*,#14874,.F.);
#15104 = ORIENTED_EDGE('',*,*,#15025,.T.);
#15105 = ORIENTED_EDGE('',*,*,#14979,.T.);
#15106 = ORIENTED_EDGE('',*,*,#15072,.F.);
#15107 =(GEOMETRIC_REPRESENTATION_CONTEXT(3)GLOBAL_UNCERTAINTY_ASSIGNED_CONTEXT((#15111))GLOBAL_UNIT_ASSIGNED_CONTEXT((#15108,#15109,#15110))REPRESENTATION_CONTEXT('Context #1','3D Context with UNIT and UNCERTAINTY'));
#15108 =(LENGTH_UNIT()NAMED_UNIT(*)SI_UNIT(.MILLI.,.METRE.));
#15109 =(NAMED_UNIT(*)PLANE_ANGLE_UNIT()SI_UNIT($,.RADIAN.));
#15110 =(NAMED_UNIT(*)SI_UNIT($,.STERADIAN.)SOLID_ANGLE_UNIT());
#15111 = UNCERTAINTY_MEASURE_WITH_UNIT(LENGTH_MEASURE(1.E-07),#15108,'distance_accuracy_value','confusion accuracy');
#15112 = CONTEXT_DEPENDENT_SHAPE_REPRESENTATION(#15113,#15115);
#15113 =(REPRESENTATION_RELATIONSHIP('','',#14776,#10)REPRESENTATION_RELATIONSHIP_WITH_TRANSFORMATION(#15114)SHAPE_REPRESENTATION_RELATIONSHIP());
#15114 = ITEM_DEFINED_TRANSFORMATION('','',#11,#175);
#15115 = PRODUCT_DEFINITION_SHAPE('Placement','Placement of an item',#15116);
#15116 = NEXT_ASSEMBLY_USAGE_OCCURRENCE('41','rear_cross_3','',#5,#14771,$);
#15117 = PRODUCT_RELATED_PRODUCT_CATEGORY('part',$,(#14773));
#15118 = SHAPE_DEFINITION_REPRESENTATION(#15119,#15125);
#15119 = PRODUCT_DEFINITION_SHAPE('','',#15120);
#15120 = PRODUCT_DEFINITION('design','',#15121,#15124);
#15121 = PRODUCT_DEFINITION_FORMATION('','',#15122);
#15122 = PRODUCT('rib_3_seam_left','rib_3_seam_left','',(#15123));
#15123 = PRODUCT_CONTEXT('',#2,'mechanical');
#15124 = PRODUCT_DEFINITION_CONTEXT('part definition',#2,'design');
#15125 = ADVANCED_BREP_SHAPE_REPRESENTATION('',(#11,#15126),#15456);
#15126 = MANIFOLD_SOLID_BREP('',#15127);
#15127 = CLOSED_SHELL('',(#15128,#15248,#15348,#15395,#15442,#15449));
#15128 = ADVANCED_FACE('',(#15129),#15143,.F.);
#15129 = FACE_BOUND('',#15130,.F.);
#15130 = EDGE_LOOP('',(#15131,#15166,#15194,#15222));
#15131 = ORIENTED_EDGE('',*,*,#15132,.F.);
#15132 = EDGE_CURVE('',#15133,#15135,#15137,.T.);
#15133 = VERTEX_POINT('',#15134);
#15134 = CARTESIAN_POINT('',(-67.05,1.127122519205E+03,1.816917341136E+03));
#15135 = VERTEX_POINT('',#15136);
#15136 = CARTESIAN_POINT('',(-67.05,1.184266337706E+03,1.885018692129E+03));
#15137 = SURFACE_CURVE('',#15138,(#15142,#15154),.PCURVE_S1.);
#15138 = LINE('',#15139,#15140);
#15139 = CARTESIAN_POINT('',(-67.05,1.127122519205E+03,1.816917341136E+03));
#15140 = VECTOR('',#15141,1.);
#15141 = DIRECTION('',(0.,0.642787609687,0.766044443119));
#15142 = PCURVE('',#15143,#15148);
#15143 = PLANE('',#15144);
#15144 = AXIS2_PLACEMENT_3D('',#15145,#15146,#15147);
#15145 = CARTESIAN_POINT('',(-67.05,1.127122519205E+03,1.816917341136E+03));
#15146 = DIRECTION('',(1.,0.,0.));
#15147 = DIRECTION('',(0.,0.642787609687,0.766044443119));
#15148 = DEFINITIONAL_REPRESENTATION('',(#15149),#15153);
#15149 = LINE('',#15150,#15151);
#15150 = CARTESIAN_POINT('',(0.,0.));
#15151 = VECTOR('',#15152,1.);
#15152 = DIRECTION('',(1.,0.));
#15153 =(GEOMETRIC_REPRESENTATION_CONTEXT(2)PARAMETRIC_REPRESENTATION_CONTEXT()REPRESENTATION_CONTEXT('2D SPACE',''));
#15154 = PCURVE('',#15155,#15160);
#15155 = PLANE('',#15156);
#15156 = AXIS2_PLACEMENT_3D('',#15157,#15158,#15159);
#15157 = CARTESIAN_POINT('',(-67.05,1.127122519205E+03,1.816917341136E+03));
#15158 = DIRECTION('',(0.,0.766044443119,-0.642787609687));
#15159 = DIRECTION('',(0.,0.642787609687,0.766044443119));
#15160 = DEFINITIONAL_REPRESENTATION('',(#15161),#15165);
#15161 = LINE('',#15162,#15163);
#15162 = CARTESIAN_POINT('',(0.,0.));
#15163 = VECTOR('',#15164,1.);
#15164 = DIRECTION('',(1.,0.));
#15165 =(GEOMETRIC_REPRESENTATION_CONTEXT(2)PARAMETRIC_REPRESENTATION_CONTEXT()REPRESENTATION_CONTEXT('2D SPACE',''));
#15166 = ORIENTED_EDGE('',*,*,#15167,.T.);
#15167 = EDGE_CURVE('',#15133,#15168,#15170,.T.);
#15168 = VERTEX_POINT('',#15169);
#15169 = CARTESIAN_POINT('',(-67.05,1.196028216864E+03,1.759098595645E+03));
#15170 = SURFACE_CURVE('',#15171,(#15175,#15182),.PCURVE_S1.);
#15171 = LINE('',#15172,#15173);
#15172 = CARTESIAN_POINT('',(-67.05,1.127122519205E+03,1.816917341136E+03));
#15173 = VECTOR('',#15174,1.);
#15174 = DIRECTION('',(0.,0.766044443119,-0.642787609687));
#15175 = PCURVE('',#15143,#15176);
#15176 = DEFINITIONAL_REPRESENTATION('',(#15177),#15181);
#15177 = LINE('',#15178,#15179);
#15178 = CARTESIAN_POINT('',(0.,0.));
#15179 = VECTOR('',#15180,1.);
#15180 = DIRECTION('',(0.,-1.));
#15181 =(GEOMETRIC_REPRESENTATION_CONTEXT(2)PARAMETRIC_REPRESENTATION_CONTEXT()REPRESENTATION_CONTEXT('2D SPACE',''));
#15182 = PCURVE('',#15183,#15188);
#15183 = PLANE('',#15184);
#15184 = AXIS2_PLACEMENT_3D('',#15185,#15186,#15187);
#15185 = CARTESIAN_POINT('',(-67.05,1.127122519205E+03,1.816917341136E+03));
#15186 = DIRECTION('',(0.,0.642787609687,0.766044443119));
#15187 = DIRECTION('',(1.,0.,0.));
#15188 = DEFINITIONAL_REPRESENTATION('',(#15189),#15193);
#15189 = LINE('',#15190,#15191);
#15190 = CARTESIAN_POINT('',(0.,0.));
#15191 = VECTOR('',#15192,1.);
#15192 = DIRECTION('',(0.,1.));
#15193 =(GEOMETRIC_REPRESENTATION_CONTEXT(2)PARAMETRIC_REPRESENTATION_CONTEXT()REPRESENTATION_CONTEXT('2D SPACE',''));
#15194 = ORIENTED_EDGE('',*,*,#15195,.T.);
#15195 = EDGE_CURVE('',#15168,#15196,#15198,.T.);
#15196 = VERTEX_POINT('',#15197);
#15197 = CARTESIAN_POINT('',(-67.05,1.253172035365E+03,1.827199946638E+03));
#15198 = SURFACE_CURVE('',#15199,(#15203,#15210),.PCURVE_S1.);
#15199 = LINE('',#15200,#15201);
#15200 = CARTESIAN_POINT('',(-67.05,1.196028216864E+03,1.759098595645E+03));
#15201 = VECTOR('',#15202,1.);
#15202 = DIRECTION('',(0.,0.642787609687,0.766044443119));
#15203 = PCURVE('',#15143,#15204);
#15204 = DEFINITIONAL_REPRESENTATION('',(#15205),#15209);
#15205 = LINE('',#15206,#15207);
#15206 = CARTESIAN_POINT('',(1.06581410364E-13,-89.95));
#15207 = VECTOR('',#15208,1.);
#15208 = DIRECTION('',(1.,0.));
#15209 =(GEOMETRIC_REPRESENTATION_CONTEXT(2)PARAMETRIC_REPRESENTATION_CONTEXT()REPRESENTATION_CONTEXT('2D SPACE',''));
#15210 = PCURVE('',#15211,#15216);
#15211 = PLANE('',#15212);
#15212 = AXIS2_PLACEMENT_3D('',#15213,#15214,#15215);
#15213 = CARTESIAN_POINT('',(-67.05,1.196028216864E+03,1.759098595645E+03));
#15214 = DIRECTION('',(0.,0.766044443119,-0.642787609687));
#15215 = DIRECTION('',(0.,0.642787609687,0.766044443119));
#15216 = DEFINITIONAL_REPRESENTATION('',(#15217),#15221);
#15217 = LINE('',#15218,#15219);
#15218 = CARTESIAN_POINT('',(0.,0.));
#15219 = VECTOR('',#15220,1.);
#15220 = DIRECTION('',(1.,0.));
#15221 =(GEOMETRIC_REPRESENTATION_CONTEXT(2)PARAMETRIC_REPRESENTATION_CONTEXT()REPRESENTATION_CONTEXT('2D SPACE',''));
#15222 = ORIENTED_EDGE('',*,*,#15223,.F.);
#15223 = EDGE_CURVE('',#15135,#15196,#15224,.T.);
#15224 = SURFACE_CURVE('',#15225,(#15229,#15236),.PCURVE_S1.);
#15225 = LINE('',#15226,#15227);
#15226 = CARTESIAN_POINT('',(-67.05,1.184266337706E+03,1.885018692129E+03));
#15227 = VECTOR('',#15228,1.);
#15228 = DIRECTION('',(0.,0.766044443119,-0.642787609687));
#15229 = PCURVE('',#15143,#15230);
#15230 = DEFINITIONAL_REPRESENTATION('',(#15231),#15235);
#15231 = LINE('',#15232,#15233);
#15232 = CARTESIAN_POINT('',(88.9,2.84217094304E-14));
#15233 = VECTOR('',#15234,1.);
#15234 = DIRECTION('',(0.,-1.));
#15235 =(GEOMETRIC_REPRESENTATION_CONTEXT(2)PARAMETRIC_REPRESENTATION_CONTEXT()REPRESENTATION_CONTEXT('2D SPACE',''));
#15236 = PCURVE('',#15237,#15242);
#15237 = PLANE('',#15238);
#15238 = AXIS2_PLACEMENT_3D('',#15239,#15240,#15241);
#15239 = CARTESIAN_POINT('',(-67.05,1.184266337706E+03,1.885018692129E+03));
#15240 = DIRECTION('',(0.,0.642787609687,0.766044443119));
#15241 = DIRECTION('',(1.,0.,0.));
#15242 = DEFINITIONAL_REPRESENTATION('',(#15243),#15247);
#15243 = LINE('',#15244,#15245);
#15244 = CARTESIAN_POINT('',(0.,0.));
#15245 = VECTOR('',#15246,1.);
#15246 = DIRECTION('',(0.,1.));
#15247 =(GEOMETRIC_REPRESENTATION_CONTEXT(2)PARAMETRIC_REPRESENTATION_CONTEXT()REPRESENTATION_CONTEXT('2D SPACE',''));
#15248 = ADVANCED_FACE('',(#15249),#15263,.T.);
#15249 = FACE_BOUND('',#15250,.T.);
#15250 = EDGE_LOOP('',(#15251,#15281,#15304,#15327));
#15251 = ORIENTED_EDGE('',*,*,#15252,.F.);
#15252 = EDGE_CURVE('',#15253,#15255,#15257,.T.);
#15253 = VERTEX_POINT('',#15254);
#15254 = CARTESIAN_POINT('',(-28.95,1.127122519205E+03,1.816917341136E+03));
#15255 = VERTEX_POINT('',#15256);
#15256 = CARTESIAN_POINT('',(-28.95,1.184266337706E+03,1.885018692129E+03));
#15257 = SURFACE_CURVE('',#15258,(#15262,#15274),.PCURVE_S1.);
#15258 = LINE('',#15259,#15260);
#15259 = CARTESIAN_POINT('',(-28.95,1.127122519205E+03,1.816917341136E+03));
#15260 = VECTOR('',#15261,1.);
#15261 = DIRECTION('',(0.,0.642787609687,0.766044443119));
#15262 = PCURVE('',#15263,#15268);
#15263 = PLANE('',#15264);
#15264 = AXIS2_PLACEMENT_3D('',#15265,#15266,#15267);
#15265 = CARTESIAN_POINT('',(-28.95,1.127122519205E+03,1.816917341136E+03));
#15266 = DIRECTION('',(1.,0.,0.));
#15267 = DIRECTION('',(0.,0.642787609687,0.766044443119));
#15268 = DEFINITIONAL_REPRESENTATION('',(#15269),#15273);
#15269 = LINE('',#15270,#15271);
#15270 = CARTESIAN_POINT('',(0.,0.));
#15271 = VECTOR('',#15272,1.);
#15272 = DIRECTION('',(1.,0.));
#15273 =(GEOMETRIC_REPRESENTATION_CONTEXT(2)PARAMETRIC_REPRESENTATION_CONTEXT()REPRESENTATION_CONTEXT('2D SPACE',''));
#15274 = PCURVE('',#15155,#15275);
#15275 = DEFINITIONAL_REPRESENTATION('',(#15276),#15280);
#15276 = LINE('',#15277,#15278);
#15277 = CARTESIAN_POINT('',(0.,38.1));
#15278 = VECTOR('',#15279,1.);
#15279 = DIRECTION('',(1.,0.));
#15280 =(GEOMETRIC_REPRESENTATION_CONTEXT(2)PARAMETRIC_REPRESENTATION_CONTEXT()REPRESENTATION_CONTEXT('2D SPACE',''));
#15281 = ORIENTED_EDGE('',*,*,#15282,.T.);
#15282 = EDGE_CURVE('',#15253,#15283,#15285,.T.);
#15283 = VERTEX_POINT('',#15284);
#15284 = CARTESIAN_POINT('',(-28.95,1.196028216864E+03,1.759098595645E+03));
#15285 = SURFACE_CURVE('',#15286,(#15290,#15297),.PCURVE_S1.);
#15286 = LINE('',#15287,#15288);
#15287 = CARTESIAN_POINT('',(-28.95,1.127122519205E+03,1.816917341136E+03));
#15288 = VECTOR('',#15289,1.);
#15289 = DIRECTION('',(0.,0.766044443119,-0.642787609687));
#15290 = PCURVE('',#15263,#15291);
#15291 = DEFINITIONAL_REPRESENTATION('',(#15292),#15296);
#15292 = LINE('',#15293,#15294);
#15293 = CARTESIAN_POINT('',(0.,0.));
#15294 = VECTOR('',#15295,1.);
#15295 = DIRECTION('',(0.,-1.));
#15296 =(GEOMETRIC_REPRESENTATION_CONTEXT(2)PARAMETRIC_REPRESENTATION_CONTEXT()REPRESENTATION_CONTEXT('2D SPACE',''));
#15297 = PCURVE('',#15183,#15298);
#15298 = DEFINITIONAL_REPRESENTATION('',(#15299),#15303);
#15299 = LINE('',#15300,#15301);
#15300 = CARTESIAN_POINT('',(38.1,0.));
#15301 = VECTOR('',#15302,1.);
#15302 = DIRECTION('',(0.,1.));
#15303 =(GEOMETRIC_REPRESENTATION_CONTEXT(2)PARAMETRIC_REPRESENTATION_CONTEXT()REPRESENTATION_CONTEXT('2D SPACE',''));
#15304 = ORIENTED_EDGE('',*,*,#15305,.T.);
#15305 = EDGE_CURVE('',#15283,#15306,#15308,.T.);
#15306 = VERTEX_POINT('',#15307);
#15307 = CARTESIAN_POINT('',(-28.95,1.253172035365E+03,1.827199946638E+03));
#15308 = SURFACE_CURVE('',#15309,(#15313,#15320),.PCURVE_S1.);
#15309 = LINE('',#15310,#15311);
#15310 = CARTESIAN_POINT('',(-28.95,1.196028216864E+03,1.759098595645E+03));
#15311 = VECTOR('',#15312,1.);
#15312 = DIRECTION('',(0.,0.642787609687,0.766044443119));
#15313 = PCURVE('',#15263,#15314);
#15314 = DEFINITIONAL_REPRESENTATION('',(#15315),#15319);
#15315 = LINE('',#15316,#15317);
#15316 = CARTESIAN_POINT('',(1.06581410364E-13,-89.95));
#15317 = VECTOR('',#15318,1.);
#15318 = DIRECTION('',(1.,0.));
#15319 =(GEOMETRIC_REPRESENTATION_CONTEXT(2)PARAMETRIC_REPRESENTATION_CONTEXT()REPRESENTATION_CONTEXT('2D SPACE',''));
#15320 = PCURVE('',#15211,#15321);
#15321 = DEFINITIONAL_REPRESENTATION('',(#15322),#15326);
#15322 = LINE('',#15323,#15324);
#15323 = CARTESIAN_POINT('',(0.,38.1));
#15324 = VECTOR('',#15325,1.);
#15325 = DIRECTION('',(1.,0.));
#15326 =(GEOMETRIC_REPRESENTATION_CONTEXT(2)PARAMETRIC_REPRESENTATION_CONTEXT()REPRESENTATION_CONTEXT('2D SPACE',''));
#15327 = ORIENTED_EDGE('',*,*,#15328,.F.);
#15328 = EDGE_CURVE('',#15255,#15306,#15329,.T.);
#15329 = SURFACE_CURVE('',#15330,(#15334,#15341),.PCURVE_S1.);
#15330 = LINE('',#15331,#15332);
#15331 = CARTESIAN_POINT('',(-28.95,1.184266337706E+03,1.885018692129E+03));
#15332 = VECTOR('',#15333,1.);
#15333 = DIRECTION('',(0.,0.766044443119,-0.642787609687));
#15334 = PCURVE('',#15263,#15335);
#15335 = DEFINITIONAL_REPRESENTATION('',(#15336),#15340);
#15336 = LINE('',#15337,#15338);
#15337 = CARTESIAN_POINT('',(88.9,2.84217094304E-14));
#15338 = VECTOR('',#15339,1.);
#15339 = DIRECTION('',(0.,-1.));
#15340 =(GEOMETRIC_REPRESENTATION_CONTEXT(2)PARAMETRIC_REPRESENTATION_CONTEXT()REPRESENTATION_CONTEXT('2D SPACE',''));
#15341 = PCURVE('',#15237,#15342);
#15342 = DEFINITIONAL_REPRESENTATION('',(#15343),#15347);
#15343 = LINE('',#15344,#15345);
#15344 = CARTESIAN_POINT('',(38.1,0.));
#15345 = VECTOR('',#15346,1.);
#15346 = DIRECTION('',(0.,1.));
#15347 =(GEOMETRIC_REPRESENTATION_CONTEXT(2)PARAMETRIC_REPRESENTATION_CONTEXT()REPRESENTATION_CONTEXT('2D SPACE',''));
#15348 = ADVANCED_FACE('',(#15349),#15155,.F.);
#15349 = FACE_BOUND('',#15350,.F.);
#15350 = EDGE_LOOP('',(#15351,#15372,#15373,#15394));
#15351 = ORIENTED_EDGE('',*,*,#15352,.F.);
#15352 = EDGE_CURVE('',#15133,#15253,#15353,.T.);
#15353 = SURFACE_CURVE('',#15354,(#15358,#15365),.PCURVE_S1.);
#15354 = LINE('',#15355,#15356);
#15355 = CARTESIAN_POINT('',(-67.05,1.127122519205E+03,1.816917341136E+03));
#15356 = VECTOR('',#15357,1.);
#15357 = DIRECTION('',(1.,0.,0.));
#15358 = PCURVE('',#15155,#15359);
#15359 = DEFINITIONAL_REPRESENTATION('',(#15360),#15364);
#15360 = LINE('',#15361,#15362);
#15361 = CARTESIAN_POINT('',(0.,0.));
#15362 = VECTOR('',#15363,1.);
#15363 = DIRECTION('',(0.,1.));
#15364 =(GEOMETRIC_REPRESENTATION_CONTEXT(2)PARAMETRIC_REPRESENTATION_CONTEXT()REPRESENTATION_CONTEXT('2D SPACE',''));
#15365 = PCURVE('',#15183,#15366);
#15366 = DEFINITIONAL_REPRESENTATION('',(#15367),#15371);
#15367 = LINE('',#15368,#15369);
#15368 = CARTESIAN_POINT('',(0.,0.));
#15369 = VECTOR('',#15370,1.);
#15370 = DIRECTION('',(1.,0.));
#15371 =(GEOMETRIC_REPRESENTATION_CONTEXT(2)PARAMETRIC_REPRESENTATION_CONTEXT()REPRESENTATION_CONTEXT('2D SPACE',''));
#15372 = ORIENTED_EDGE('',*,*,#15132,.T.);
#15373 = ORIENTED_EDGE('',*,*,#15374,.T.);
#15374 = EDGE_CURVE('',#15135,#15255,#15375,.T.);
#15375 = SURFACE_CURVE('',#15376,(#15380,#15387),.PCURVE_S1.);
#15376 = LINE('',#15377,#15378);
#15377 = CARTESIAN_POINT('',(-67.05,1.184266337706E+03,1.885018692129E+03));
#15378 = VECTOR('',#15379,1.);
#15379 = DIRECTION('',(1.,0.,0.));
#15380 = PCURVE('',#15155,#15381);
#15381 = DEFINITIONAL_REPRESENTATION('',(#15382),#15386);
#15382 = LINE('',#15383,#15384);
#15383 = CARTESIAN_POINT('',(88.9,0.));
#15384 = VECTOR('',#15385,1.);
#15385 = DIRECTION('',(0.,1.));
#15386 =(GEOMETRIC_REPRESENTATION_CONTEXT(2)PARAMETRIC_REPRESENTATION_CONTEXT()REPRESENTATION_CONTEXT('2D SPACE',''));
#15387 = PCURVE('',#15237,#15388);
#15388 = DEFINITIONAL_REPRESENTATION('',(#15389),#15393);
#15389 = LINE('',#15390,#15391);
#15390 = CARTESIAN_POINT('',(0.,0.));
#15391 = VECTOR('',#15392,1.);
#15392 = DIRECTION('',(1.,0.));
#15393 =(GEOMETRIC_REPRESENTATION_CONTEXT(2)PARAMETRIC_REPRESENTATION_CONTEXT()REPRESENTATION_CONTEXT('2D SPACE',''));
#15394 = ORIENTED_EDGE('',*,*,#15252,.F.);
#15395 = ADVANCED_FACE('',(#15396),#15211,.T.);
#15396 = FACE_BOUND('',#15397,.T.);
#15397 = EDGE_LOOP('',(#15398,#15419,#15420,#15441));
#15398 = ORIENTED_EDGE('',*,*,#15399,.F.);
#15399 = EDGE_CURVE('',#15168,#15283,#15400,.T.);
#15400 = SURFACE_CURVE('',#15401,(#15405,#15412),.PCURVE_S1.);
#15401 = LINE('',#15402,#15403);
#15402 = CARTESIAN_POINT('',(-67.05,1.196028216864E+03,1.759098595645E+03));
#15403 = VECTOR('',#15404,1.);
#15404 = DIRECTION('',(1.,0.,0.));
#15405 = PCURVE('',#15211,#15406);
#15406 = DEFINITIONAL_REPRESENTATION('',(#15407),#15411);
#15407 = LINE('',#15408,#15409);
#15408 = CARTESIAN_POINT('',(0.,0.));
#15409 = VECTOR('',#15410,1.);
#15410 = DIRECTION('',(0.,1.));
#15411 =(GEOMETRIC_REPRESENTATION_CONTEXT(2)PARAMETRIC_REPRESENTATION_CONTEXT()REPRESENTATION_CONTEXT('2D SPACE',''));
#15412 = PCURVE('',#15183,#15413);
#15413 = DEFINITIONAL_REPRESENTATION('',(#15414),#15418);
#15414 = LINE('',#15415,#15416);
#15415 = CARTESIAN_POINT('',(0.,89.95));
#15416 = VECTOR('',#15417,1.);
#15417 = DIRECTION('',(1.,0.));
#15418 =(GEOMETRIC_REPRESENTATION_CONTEXT(2)PARAMETRIC_REPRESENTATION_CONTEXT()REPRESENTATION_CONTEXT('2D SPACE',''));
#15419 = ORIENTED_EDGE('',*,*,#15195,.T.);
#15420 = ORIENTED_EDGE('',*,*,#15421,.T.);
#15421 = EDGE_CURVE('',#15196,#15306,#15422,.T.);
#15422 = SURFACE_CURVE('',#15423,(#15427,#15434),.PCURVE_S1.);
#15423 = LINE('',#15424,#15425);
#15424 = CARTESIAN_POINT('',(-67.05,1.253172035365E+03,1.827199946638E+03));
#15425 = VECTOR('',#15426,1.);
#15426 = DIRECTION('',(1.,0.,0.));
#15427 = PCURVE('',#15211,#15428);
#15428 = DEFINITIONAL_REPRESENTATION('',(#15429),#15433);
#15429 = LINE('',#15430,#15431);
#15430 = CARTESIAN_POINT('',(88.9,0.));
#15431 = VECTOR('',#15432,1.);
#15432 = DIRECTION('',(0.,1.));
#15433 =(GEOMETRIC_REPRESENTATION_CONTEXT(2)PARAMETRIC_REPRESENTATION_CONTEXT()REPRESENTATION_CONTEXT('2D SPACE',''));
#15434 = PCURVE('',#15237,#15435);
#15435 = DEFINITIONAL_REPRESENTATION('',(#15436),#15440);
#15436 = LINE('',#15437,#15438);
#15437 = CARTESIAN_POINT('',(0.,89.95));
#15438 = VECTOR('',#15439,1.);
#15439 = DIRECTION('',(1.,0.));
#15440 =(GEOMETRIC_REPRESENTATION_CONTEXT(2)PARAMETRIC_REPRESENTATION_CONTEXT()REPRESENTATION_CONTEXT('2D SPACE',''));
#15441 = ORIENTED_EDGE('',*,*,#15305,.F.);
#15442 = ADVANCED_FACE('',(#15443),#15183,.F.);
#15443 = FACE_BOUND('',#15444,.F.);
#15444 = EDGE_LOOP('',(#15445,#15446,#15447,#15448));
#15445 = ORIENTED_EDGE('',*,*,#15167,.F.);
#15446 = ORIENTED_EDGE('',*,*,#15352,.T.);
#15447 = ORIENTED_EDGE('',*,*,#15282,.T.);
#15448 = ORIENTED_EDGE('',*,*,#15399,.F.);
#15449 = ADVANCED_FACE('',(#15450),#15237,.T.);
#15450 = FACE_BOUND('',#15451,.T.);
#15451 = EDGE_LOOP('',(#15452,#15453,#15454,#15455));
#15452 = ORIENTED_EDGE('',*,*,#15223,.F.);
#15453 = ORIENTED_EDGE('',*,*,#15374,.T.);
#15454 = ORIENTED_EDGE('',*,*,#15328,.T.);
#15455 = ORIENTED_EDGE('',*,*,#15421,.F.);
#15456 =(GEOMETRIC_REPRESENTATION_CONTEXT(3)GLOBAL_UNCERTAINTY_ASSIGNED_CONTEXT((#15460))GLOBAL_UNIT_ASSIGNED_CONTEXT((#15457,#15458,#15459))REPRESENTATION_CONTEXT('Context #1','3D Context with UNIT and UNCERTAINTY'));
#15457 =(LENGTH_UNIT()NAMED_UNIT(*)SI_UNIT(.MILLI.,.METRE.));
#15458 =(NAMED_UNIT(*)PLANE_ANGLE_UNIT()SI_UNIT($,.RADIAN.));
#15459 =(NAMED_UNIT(*)SI_UNIT($,.STERADIAN.)SOLID_ANGLE_UNIT());
#15460 = UNCERTAINTY_MEASURE_WITH_UNIT(LENGTH_MEASURE(1.E-07),#15457,'distance_accuracy_value','confusion accuracy');
#15461 = CONTEXT_DEPENDENT_SHAPE_REPRESENTATION(#15462,#15464);
#15462 =(REPRESENTATION_RELATIONSHIP('','',#15125,#10)REPRESENTATION_RELATIONSHIP_WITH_TRANSFORMATION(#15463)SHAPE_REPRESENTATION_RELATIONSHIP());
#15463 = ITEM_DEFINED_TRANSFORMATION('','',#11,#179);
#15464 = PRODUCT_DEFINITION_SHAPE('Placement','Placement of an item',#15465);
#15465 = NEXT_ASSEMBLY_USAGE_OCCURRENCE('42','rib_3_seam_left','',#5,#15120,$);
#15466 = PRODUCT_RELATED_PRODUCT_CATEGORY('part',$,(#15122));
#15467 = SHAPE_DEFINITION_REPRESENTATION(#15468,#15474);
#15468 = PRODUCT_DEFINITION_SHAPE('','',#15469);
#15469 = PRODUCT_DEFINITION('design','',#15470,#15473);
#15470 = PRODUCT_DEFINITION_FORMATION('','',#15471);
#15471 = PRODUCT('rib_3_seam_right','rib_3_seam_right','',(#15472));
#15472 = PRODUCT_CONTEXT('',#2,'mechanical');
#15473 = PRODUCT_DEFINITION_CONTEXT('part definition',#2,'design');
#15474 = ADVANCED_BREP_SHAPE_REPRESENTATION('',(#11,#15475),#15805);
#15475 = MANIFOLD_SOLID_BREP('',#15476);
#15476 = CLOSED_SHELL('',(#15477,#15597,#15697,#15744,#15791,#15798));
#15477 = ADVANCED_FACE('',(#15478),#15492,.F.);
#15478 = FACE_BOUND('',#15479,.F.);
#15479 = EDGE_LOOP('',(#15480,#15515,#15543,#15571));
#15480 = ORIENTED_EDGE('',*,*,#15481,.F.);
#15481 = EDGE_CURVE('',#15482,#15484,#15486,.T.);
#15482 = VERTEX_POINT('',#15483);
#15483 = CARTESIAN_POINT('',(28.95,1.127122519205E+03,1.816917341136E+03));
#15484 = VERTEX_POINT('',#15485);
#15485 = CARTESIAN_POINT('',(28.95,1.184266337706E+03,1.885018692129E+03));
#15486 = SURFACE_CURVE('',#15487,(#15491,#15503),.PCURVE_S1.);
#15487 = LINE('',#15488,#15489);
#15488 = CARTESIAN_POINT('',(28.95,1.127122519205E+03,1.816917341136E+03));
#15489 = VECTOR('',#15490,1.);
#15490 = DIRECTION('',(0.,0.642787609687,0.766044443119));
#15491 = PCURVE('',#15492,#15497);
#15492 = PLANE('',#15493);
#15493 = AXIS2_PLACEMENT_3D('',#15494,#15495,#15496);
#15494 = CARTESIAN_POINT('',(28.95,1.127122519205E+03,1.816917341136E+03));
#15495 = DIRECTION('',(1.,0.,0.));
#15496 = DIRECTION('',(0.,0.642787609687,0.766044443119));
#15497 = DEFINITIONAL_REPRESENTATION('',(#15498),#15502);
#15498 = LINE('',#15499,#15500);
#15499 = CARTESIAN_POINT('',(0.,0.));
#15500 = VECTOR('',#15501,1.);
#15501 = DIRECTION('',(1.,0.));
#15502 =(GEOMETRIC_REPRESENTATION_CONTEXT(2)PARAMETRIC_REPRESENTATION_CONTEXT()REPRESENTATION_CONTEXT('2D SPACE',''));
#15503 = PCURVE('',#15504,#15509);
#15504 = PLANE('',#15505);
#15505 = AXIS2_PLACEMENT_3D('',#15506,#15507,#15508);
#15506 = CARTESIAN_POINT('',(28.95,1.127122519205E+03,1.816917341136E+03));
#15507 = DIRECTION('',(0.,0.766044443119,-0.642787609687));
#15508 = DIRECTION('',(0.,0.642787609687,0.766044443119));
#15509 = DEFINITIONAL_REPRESENTATION('',(#15510),#15514);
#15510 = LINE('',#15511,#15512);
#15511 = CARTESIAN_POINT('',(0.,0.));
#15512 = VECTOR('',#15513,1.);
#15513 = DIRECTION('',(1.,0.));
#15514 =(GEOMETRIC_REPRESENTATION_CONTEXT(2)PARAMETRIC_REPRESENTATION_CONTEXT()REPRESENTATION_CONTEXT('2D SPACE',''));
#15515 = ORIENTED_EDGE('',*,*,#15516,.T.);
#15516 = EDGE_CURVE('',#15482,#15517,#15519,.T.);
#15517 = VERTEX_POINT('',#15518);
#15518 = CARTESIAN_POINT('',(28.95,1.196028216864E+03,1.759098595645E+03));
#15519 = SURFACE_CURVE('',#15520,(#15524,#15531),.PCURVE_S1.);
#15520 = LINE('',#15521,#15522);
#15521 = CARTESIAN_POINT('',(28.95,1.127122519205E+03,1.816917341136E+03));
#15522 = VECTOR('',#15523,1.);
#15523 = DIRECTION('',(0.,0.766044443119,-0.642787609687));
#15524 = PCURVE('',#15492,#15525);
#15525 = DEFINITIONAL_REPRESENTATION('',(#15526),#15530);
#15526 = LINE('',#15527,#15528);
#15527 = CARTESIAN_POINT('',(0.,0.));
#15528 = VECTOR('',#15529,1.);
#15529 = DIRECTION('',(0.,-1.));
#15530 =(GEOMETRIC_REPRESENTATION_CONTEXT(2)PARAMETRIC_REPRESENTATION_CONTEXT()REPRESENTATION_CONTEXT('2D SPACE',''));
#15531 = PCURVE('',#15532,#15537);
#15532 = PLANE('',#15533);
#15533 = AXIS2_PLACEMENT_3D('',#15534,#15535,#15536);
#15534 = CARTESIAN_POINT('',(28.95,1.127122519205E+03,1.816917341136E+03));
#15535 = DIRECTION('',(0.,0.642787609687,0.766044443119));
#15536 = DIRECTION('',(1.,0.,0.));
#15537 = DEFINITIONAL_REPRESENTATION('',(#15538),#15542);
#15538 = LINE('',#15539,#15540);
#15539 = CARTESIAN_POINT('',(0.,0.));
#15540 = VECTOR('',#15541,1.);
#15541 = DIRECTION('',(0.,1.));
#15542 =(GEOMETRIC_REPRESENTATION_CONTEXT(2)PARAMETRIC_REPRESENTATION_CONTEXT()REPRESENTATION_CONTEXT('2D SPACE',''));
#15543 = ORIENTED_EDGE('',*,*,#15544,.T.);
#15544 = EDGE_CURVE('',#15517,#15545,#15547,.T.);
#15545 = VERTEX_POINT('',#15546);
#15546 = CARTESIAN_POINT('',(28.95,1.253172035365E+03,1.827199946638E+03));
#15547 = SURFACE_CURVE('',#15548,(#15552,#15559),.PCURVE_S1.);
#15548 = LINE('',#15549,#15550);
#15549 = CARTESIAN_POINT('',(28.95,1.196028216864E+03,1.759098595645E+03));
#15550 = VECTOR('',#15551,1.);
#15551 = DIRECTION('',(0.,0.642787609687,0.766044443119));
#15552 = PCURVE('',#15492,#15553);
#15553 = DEFINITIONAL_REPRESENTATION('',(#15554),#15558);
#15554 = LINE('',#15555,#15556);
#15555 = CARTESIAN_POINT('',(1.06581410364E-13,-89.95));
#15556 = VECTOR('',#15557,1.);
#15557 = DIRECTION('',(1.,0.));
#15558 =(GEOMETRIC_REPRESENTATION_CONTEXT(2)PARAMETRIC_REPRESENTATION_CONTEXT()REPRESENTATION_CONTEXT('2D SPACE',''));
#15559 = PCURVE('',#15560,#15565);
#15560 = PLANE('',#15561);
#15561 = AXIS2_PLACEMENT_3D('',#15562,#15563,#15564);
#15562 = CARTESIAN_POINT('',(28.95,1.196028216864E+03,1.759098595645E+03));
#15563 = DIRECTION('',(0.,0.766044443119,-0.642787609687));
#15564 = DIRECTION('',(0.,0.642787609687,0.766044443119));
#15565 = DEFINITIONAL_REPRESENTATION('',(#15566),#15570);
#15566 = LINE('',#15567,#15568);
#15567 = CARTESIAN_POINT('',(0.,0.));
#15568 = VECTOR('',#15569,1.);
#15569 = DIRECTION('',(1.,0.));
#15570 =(GEOMETRIC_REPRESENTATION_CONTEXT(2)PARAMETRIC_REPRESENTATION_CONTEXT()REPRESENTATION_CONTEXT('2D SPACE',''));
#15571 = ORIENTED_EDGE('',*,*,#15572,.F.);
#15572 = EDGE_CURVE('',#15484,#15545,#15573,.T.);
#15573 = SURFACE_CURVE('',#15574,(#15578,#15585),.PCURVE_S1.);
#15574 = LINE('',#15575,#15576);
#15575 = CARTESIAN_POINT('',(28.95,1.184266337706E+03,1.885018692129E+03));
#15576 = VECTOR('',#15577,1.);
#15577 = DIRECTION('',(0.,0.766044443119,-0.642787609687));
#15578 = PCURVE('',#15492,#15579);
#15579 = DEFINITIONAL_REPRESENTATION('',(#15580),#15584);
#15580 = LINE('',#15581,#15582);
#15581 = CARTESIAN_POINT('',(88.9,2.84217094304E-14));
#15582 = VECTOR('',#15583,1.);
#15583 = DIRECTION('',(0.,-1.));
#15584 =(GEOMETRIC_REPRESENTATION_CONTEXT(2)PARAMETRIC_REPRESENTATION_CONTEXT()REPRESENTATION_CONTEXT('2D SPACE',''));
#15585 = PCURVE('',#15586,#15591);
#15586 = PLANE('',#15587);
#15587 = AXIS2_PLACEMENT_3D('',#15588,#15589,#15590);
#15588 = CARTESIAN_POINT('',(28.95,1.184266337706E+03,1.885018692129E+03));
#15589 = DIRECTION('',(0.,0.642787609687,0.766044443119));
#15590 = DIRECTION('',(1.,0.,0.));
#15591 = DEFINITIONAL_REPRESENTATION('',(#15592),#15596);
#15592 = LINE('',#15593,#15594);
#15593 = CARTESIAN_POINT('',(0.,0.));
#15594 = VECTOR('',#15595,1.);
#15595 = DIRECTION('',(0.,1.));
#15596 =(GEOMETRIC_REPRESENTATION_CONTEXT(2)PARAMETRIC_REPRESENTATION_CONTEXT()REPRESENTATION_CONTEXT('2D SPACE',''));
#15597 = ADVANCED_FACE('',(#15598),#15612,.T.);
#15598 = FACE_BOUND('',#15599,.T.);
#15599 = EDGE_LOOP('',(#15600,#15630,#15653,#15676));
#15600 = ORIENTED_EDGE('',*,*,#15601,.F.);
#15601 = EDGE_CURVE('',#15602,#15604,#15606,.T.);
#15602 = VERTEX_POINT('',#15603);
#15603 = CARTESIAN_POINT('',(67.05,1.127122519205E+03,1.816917341136E+03));
#15604 = VERTEX_POINT('',#15605);
#15605 = CARTESIAN_POINT('',(67.05,1.184266337706E+03,1.885018692129E+03));
#15606 = SURFACE_CURVE('',#15607,(#15611,#15623),.PCURVE_S1.);
#15607 = LINE('',#15608,#15609);
#15608 = CARTESIAN_POINT('',(67.05,1.127122519205E+03,1.816917341136E+03));
#15609 = VECTOR('',#15610,1.);
#15610 = DIRECTION('',(0.,0.642787609687,0.766044443119));
#15611 = PCURVE('',#15612,#15617);
#15612 = PLANE('',#15613);
#15613 = AXIS2_PLACEMENT_3D('',#15614,#15615,#15616);
#15614 = CARTESIAN_POINT('',(67.05,1.127122519205E+03,1.816917341136E+03));
#15615 = DIRECTION('',(1.,0.,0.));
#15616 = DIRECTION('',(0.,0.642787609687,0.766044443119));
#15617 = DEFINITIONAL_REPRESENTATION('',(#15618),#15622);
#15618 = LINE('',#15619,#15620);
#15619 = CARTESIAN_POINT('',(0.,0.));
#15620 = VECTOR('',#15621,1.);
#15621 = DIRECTION('',(1.,0.));
#15622 =(GEOMETRIC_REPRESENTATION_CONTEXT(2)PARAMETRIC_REPRESENTATION_CONTEXT()REPRESENTATION_CONTEXT('2D SPACE',''));
#15623 = PCURVE('',#15504,#15624);
#15624 = DEFINITIONAL_REPRESENTATION('',(#15625),#15629);
#15625 = LINE('',#15626,#15627);
#15626 = CARTESIAN_POINT('',(0.,38.1));
#15627 = VECTOR('',#15628,1.);
#15628 = DIRECTION('',(1.,0.));
#15629 =(GEOMETRIC_REPRESENTATION_CONTEXT(2)PARAMETRIC_REPRESENTATION_CONTEXT()REPRESENTATION_CONTEXT('2D SPACE',''));
#15630 = ORIENTED_EDGE('',*,*,#15631,.T.);
#15631 = EDGE_CURVE('',#15602,#15632,#15634,.T.);
#15632 = VERTEX_POINT('',#15633);
#15633 = CARTESIAN_POINT('',(67.05,1.196028216864E+03,1.759098595645E+03));
#15634 = SURFACE_CURVE('',#15635,(#15639,#15646),.PCURVE_S1.);
#15635 = LINE('',#15636,#15637);
#15636 = CARTESIAN_POINT('',(67.05,1.127122519205E+03,1.816917341136E+03));
#15637 = VECTOR('',#15638,1.);
#15638 = DIRECTION('',(0.,0.766044443119,-0.642787609687));
#15639 = PCURVE('',#15612,#15640);
#15640 = DEFINITIONAL_REPRESENTATION('',(#15641),#15645);
#15641 = LINE('',#15642,#15643);
#15642 = CARTESIAN_POINT('',(0.,0.));
#15643 = VECTOR('',#15644,1.);
#15644 = DIRECTION('',(0.,-1.));
#15645 =(GEOMETRIC_REPRESENTATION_CONTEXT(2)PARAMETRIC_REPRESENTATION_CONTEXT()REPRESENTATION_CONTEXT('2D SPACE',''));
#15646 = PCURVE('',#15532,#15647);
#15647 = DEFINITIONAL_REPRESENTATION('',(#15648),#15652);
#15648 = LINE('',#15649,#15650);
#15649 = CARTESIAN_POINT('',(38.1,0.));
#15650 = VECTOR('',#15651,1.);
#15651 = DIRECTION('',(0.,1.));
#15652 =(GEOMETRIC_REPRESENTATION_CONTEXT(2)PARAMETRIC_REPRESENTATION_CONTEXT()REPRESENTATION_CONTEXT('2D SPACE',''));
#15653 = ORIENTED_EDGE('',*,*,#15654,.T.);
#15654 = EDGE_CURVE('',#15632,#15655,#15657,.T.);
#15655 = VERTEX_POINT('',#15656);
#15656 = CARTESIAN_POINT('',(67.05,1.253172035365E+03,1.827199946638E+03));
#15657 = SURFACE_CURVE('',#15658,(#15662,#15669),.PCURVE_S1.);
#15658 = LINE('',#15659,#15660);
#15659 = CARTESIAN_POINT('',(67.05,1.196028216864E+03,1.759098595645E+03));
#15660 = VECTOR('',#15661,1.);
#15661 = DIRECTION('',(0.,0.642787609687,0.766044443119));
#15662 = PCURVE('',#15612,#15663);
#15663 = DEFINITIONAL_REPRESENTATION('',(#15664),#15668);
#15664 = LINE('',#15665,#15666);
#15665 = CARTESIAN_POINT('',(1.06581410364E-13,-89.95));
#15666 = VECTOR('',#15667,1.);
#15667 = DIRECTION('',(1.,0.));
#15668 =(GEOMETRIC_REPRESENTATION_CONTEXT(2)PARAMETRIC_REPRESENTATION_CONTEXT()REPRESENTATION_CONTEXT('2D SPACE',''));
#15669 = PCURVE('',#15560,#15670);
#15670 = DEFINITIONAL_REPRESENTATION('',(#15671),#15675);
#15671 = LINE('',#15672,#15673);
#15672 = CARTESIAN_POINT('',(0.,38.1));
#15673 = VECTOR('',#15674,1.);
#15674 = DIRECTION('',(1.,0.));
#15675 =(GEOMETRIC_REPRESENTATION_CONTEXT(2)PARAMETRIC_REPRESENTATION_CONTEXT()REPRESENTATION_CONTEXT('2D SPACE',''));
#15676 = ORIENTED_EDGE('',*,*,#15677,.F.);
#15677 = EDGE_CURVE('',#15604,#15655,#15678,.T.);
#15678 = SURFACE_CURVE('',#15679,(#15683,#15690),.PCURVE_S1.);
#15679 = LINE('',#15680,#15681);
#15680 = CARTESIAN_POINT('',(67.05,1.184266337706E+03,1.885018692129E+03));
#15681 = VECTOR('',#15682,1.);
#15682 = DIRECTION('',(0.,0.766044443119,-0.642787609687));
#15683 = PCURVE('',#15612,#15684);
#15684 = DEFINITIONAL_REPRESENTATION('',(#15685),#15689);
#15685 = LINE('',#15686,#15687);
#15686 = CARTESIAN_POINT('',(88.9,2.84217094304E-14));
#15687 = VECTOR('',#15688,1.);
#15688 = DIRECTION('',(0.,-1.));
#15689 =(GEOMETRIC_REPRESENTATION_CONTEXT(2)PARAMETRIC_REPRESENTATION_CONTEXT()REPRESENTATION_CONTEXT('2D SPACE',''));
#15690 = PCURVE('',#15586,#15691);
#15691 = DEFINITIONAL_REPRESENTATION('',(#15692),#15696);
#15692 = LINE('',#15693,#15694);
#15693 = CARTESIAN_POINT('',(38.1,0.));
#15694 = VECTOR('',#15695,1.);
#15695 = DIRECTION('',(0.,1.));
#15696 =(GEOMETRIC_REPRESENTATION_CONTEXT(2)PARAMETRIC_REPRESENTATION_CONTEXT()REPRESENTATION_CONTEXT('2D SPACE',''));
#15697 = ADVANCED_FACE('',(#15698),#15504,.F.);
#15698 = FACE_BOUND('',#15699,.F.);
#15699 = EDGE_LOOP('',(#15700,#15721,#15722,#15743));
#15700 = ORIENTED_EDGE('',*,*,#15701,.F.);
#15701 = EDGE_CURVE('',#15482,#15602,#15702,.T.);
#15702 = SURFACE_CURVE('',#15703,(#15707,#15714),.PCURVE_S1.);
#15703 = LINE('',#15704,#15705);
#15704 = CARTESIAN_POINT('',(28.95,1.127122519205E+03,1.816917341136E+03));
#15705 = VECTOR('',#15706,1.);
#15706 = DIRECTION('',(1.,0.,0.));
#15707 = PCURVE('',#15504,#15708);
#15708 = DEFINITIONAL_REPRESENTATION('',(#15709),#15713);
#15709 = LINE('',#15710,#15711);
#15710 = CARTESIAN_POINT('',(0.,0.));
#15711 = VECTOR('',#15712,1.);
#15712 = DIRECTION('',(0.,1.));
#15713 =(GEOMETRIC_REPRESENTATION_CONTEXT(2)PARAMETRIC_REPRESENTATION_CONTEXT()REPRESENTATION_CONTEXT('2D SPACE',''));
#15714 = PCURVE('',#15532,#15715);
#15715 = DEFINITIONAL_REPRESENTATION('',(#15716),#15720);
#15716 = LINE('',#15717,#15718);
#15717 = CARTESIAN_POINT('',(0.,0.));
#15718 = VECTOR('',#15719,1.);
#15719 = DIRECTION('',(1.,0.));
#15720 =(GEOMETRIC_REPRESENTATION_CONTEXT(2)PARAMETRIC_REPRESENTATION_CONTEXT()REPRESENTATION_CONTEXT('2D SPACE',''));
#15721 = ORIENTED_EDGE('',*,*,#15481,.T.);
#15722 = ORIENTED_EDGE('',*,*,#15723,.T.);
#15723 = EDGE_CURVE('',#15484,#15604,#15724,.T.);
#15724 = SURFACE_CURVE('',#15725,(#15729,#15736),.PCURVE_S1.);
#15725 = LINE('',#15726,#15727);
#15726 = CARTESIAN_POINT('',(28.95,1.184266337706E+03,1.885018692129E+03));
#15727 = VECTOR('',#15728,1.);
#15728 = DIRECTION('',(1.,0.,0.));
#15729 = PCURVE('',#15504,#15730);
#15730 = DEFINITIONAL_REPRESENTATION('',(#15731),#15735);
#15731 = LINE('',#15732,#15733);
#15732 = CARTESIAN_POINT('',(88.9,0.));
#15733 = VECTOR('',#15734,1.);
#15734 = DIRECTION('',(0.,1.));
#15735 =(GEOMETRIC_REPRESENTATION_CONTEXT(2)PARAMETRIC_REPRESENTATION_CONTEXT()REPRESENTATION_CONTEXT('2D SPACE',''));
#15736 = PCURVE('',#15586,#15737);
#15737 = DEFINITIONAL_REPRESENTATION('',(#15738),#15742);
#15738 = LINE('',#15739,#15740);
#15739 = CARTESIAN_POINT('',(0.,0.));
#15740 = VECTOR('',#15741,1.);
#15741 = DIRECTION('',(1.,0.));
#15742 =(GEOMETRIC_REPRESENTATION_CONTEXT(2)PARAMETRIC_REPRESENTATION_CONTEXT()REPRESENTATION_CONTEXT('2D SPACE',''));
#15743 = ORIENTED_EDGE('',*,*,#15601,.F.);
#15744 = ADVANCED_FACE('',(#15745),#15560,.T.);
#15745 = FACE_BOUND('',#15746,.T.);
#15746 = EDGE_LOOP('',(#15747,#15768,#15769,#15790));
#15747 = ORIENTED_EDGE('',*,*,#15748,.F.);
#15748 = EDGE_CURVE('',#15517,#15632,#15749,.T.);
#15749 = SURFACE_CURVE('',#15750,(#15754,#15761),.PCURVE_S1.);
#15750 = LINE('',#15751,#15752);
#15751 = CARTESIAN_POINT('',(28.95,1.196028216864E+03,1.759098595645E+03));
#15752 = VECTOR('',#15753,1.);
#15753 = DIRECTION('',(1.,0.,0.));
#15754 = PCURVE('',#15560,#15755);
#15755 = DEFINITIONAL_REPRESENTATION('',(#15756),#15760);
#15756 = LINE('',#15757,#15758);
#15757 = CARTESIAN_POINT('',(0.,0.));
#15758 = VECTOR('',#15759,1.);
#15759 = DIRECTION('',(0.,1.));
#15760 =(GEOMETRIC_REPRESENTATION_CONTEXT(2)PARAMETRIC_REPRESENTATION_CONTEXT()REPRESENTATION_CONTEXT('2D SPACE',''));
#15761 = PCURVE('',#15532,#15762);
#15762 = DEFINITIONAL_REPRESENTATION('',(#15763),#15767);
#15763 = LINE('',#15764,#15765);
#15764 = CARTESIAN_POINT('',(0.,89.95));
#15765 = VECTOR('',#15766,1.);
#15766 = DIRECTION('',(1.,0.));
#15767 =(GEOMETRIC_REPRESENTATION_CONTEXT(2)PARAMETRIC_REPRESENTATION_CONTEXT()REPRESENTATION_CONTEXT('2D SPACE',''));
#15768 = ORIENTED_EDGE('',*,*,#15544,.T.);
#15769 = ORIENTED_EDGE('',*,*,#15770,.T.);
#15770 = EDGE_CURVE('',#15545,#15655,#15771,.T.);
#15771 = SURFACE_CURVE('',#15772,(#15776,#15783),.PCURVE_S1.);
#15772 = LINE('',#15773,#15774);
#15773 = CARTESIAN_POINT('',(28.95,1.253172035365E+03,1.827199946638E+03));
#15774 = VECTOR('',#15775,1.);
#15775 = DIRECTION('',(1.,0.,0.));
#15776 = PCURVE('',#15560,#15777);
#15777 = DEFINITIONAL_REPRESENTATION('',(#15778),#15782);
#15778 = LINE('',#15779,#15780);
#15779 = CARTESIAN_POINT('',(88.9,0.));
#15780 = VECTOR('',#15781,1.);
#15781 = DIRECTION('',(0.,1.));
#15782 =(GEOMETRIC_REPRESENTATION_CONTEXT(2)PARAMETRIC_REPRESENTATION_CONTEXT()REPRESENTATION_CONTEXT('2D SPACE',''));
#15783 = PCURVE('',#15586,#15784);
#15784 = DEFINITIONAL_REPRESENTATION('',(#15785),#15789);
#15785 = LINE('',#15786,#15787);
#15786 = CARTESIAN_POINT('',(0.,89.95));
#15787 = VECTOR('',#15788,1.);
#15788 = DIRECTION('',(1.,0.));
#15789 =(GEOMETRIC_REPRESENTATION_CONTEXT(2)PARAMETRIC_REPRESENTATION_CONTEXT()REPRESENTATION_CONTEXT('2D SPACE',''));
#15790 = ORIENTED_EDGE('',*,*,#15654,.F.);
#15791 = ADVANCED_FACE('',(#15792),#15532,.F.);
#15792 = FACE_BOUND('',#15793,.F.);
#15793 = EDGE_LOOP('',(#15794,#15795,#15796,#15797));
#15794 = ORIENTED_EDGE('',*,*,#15516,.F.);
#15795 = ORIENTED_EDGE('',*,*,#15701,.T.);
#15796 = ORIENTED_EDGE('',*,*,#15631,.T.);
#15797 = ORIENTED_EDGE('',*,*,#15748,.F.);
#15798 = ADVANCED_FACE('',(#15799),#15586,.T.);
#15799 = FACE_BOUND('',#15800,.T.);
#15800 = EDGE_LOOP('',(#15801,#15802,#15803,#15804));
#15801 = ORIENTED_EDGE('',*,*,#15572,.F.);
#15802 = ORIENTED_EDGE('',*,*,#15723,.T.);
#15803 = ORIENTED_EDGE('',*,*,#15677,.T.);
#15804 = ORIENTED_EDGE('',*,*,#15770,.F.);
#15805 =(GEOMETRIC_REPRESENTATION_CONTEXT(3)GLOBAL_UNCERTAINTY_ASSIGNED_CONTEXT((#15809))GLOBAL_UNIT_ASSIGNED_CONTEXT((#15806,#15807,#15808))REPRESENTATION_CONTEXT('Context #1','3D Context with UNIT and UNCERTAINTY'));
#15806 =(LENGTH_UNIT()NAMED_UNIT(*)SI_UNIT(.MILLI.,.METRE.));
#15807 =(NAMED_UNIT(*)PLANE_ANGLE_UNIT()SI_UNIT($,.RADIAN.));
#15808 =(NAMED_UNIT(*)SI_UNIT($,.STERADIAN.)SOLID_ANGLE_UNIT());
#15809 = UNCERTAINTY_MEASURE_WITH_UNIT(LENGTH_MEASURE(1.E-07),#15806,'distance_accuracy_value','confusion accuracy');
#15810 = CONTEXT_DEPENDENT_SHAPE_REPRESENTATION(#15811,#15813);
#15811 =(REPRESENTATION_RELATIONSHIP('','',#15474,#10)REPRESENTATION_RELATIONSHIP_WITH_TRANSFORMATION(#15812)SHAPE_REPRESENTATION_RELATIONSHIP());
#15812 = ITEM_DEFINED_TRANSFORMATION('','',#11,#183);
#15813 = PRODUCT_DEFINITION_SHAPE('Placement','Placement of an item',#15814);
#15814 = NEXT_ASSEMBLY_USAGE_OCCURRENCE('43','rib_3_seam_right','',#5,#15469,$);
#15815 = PRODUCT_RELATED_PRODUCT_CATEGORY('part',$,(#15471));
#15816 = SHAPE_DEFINITION_REPRESENTATION(#15817,#15823);
#15817 = PRODUCT_DEFINITION_SHAPE('','',#15818);
#15818 = PRODUCT_DEFINITION('design','',#15819,#15822);
#15819 = PRODUCT_DEFINITION_FORMATION('','',#15820);
#15820 = PRODUCT('rib_3_mid_left','rib_3_mid_left','',(#15821));
#15821 = PRODUCT_CONTEXT('',#2,'mechanical');
#15822 = PRODUCT_DEFINITION_CONTEXT('part definition',#2,'design');
#15823 = ADVANCED_BREP_SHAPE_REPRESENTATION('',(#11,#15824),#16154);
#15824 = MANIFOLD_SOLID_BREP('',#15825);
#15825 = CLOSED_SHELL('',(#15826,#15946,#16046,#16093,#16140,#16147));
#15826 = ADVANCED_FACE('',(#15827),#15841,.F.);
#15827 = FACE_BOUND('',#15828,.F.);
#15828 = EDGE_LOOP('',(#15829,#15864,#15892,#15920));
#15829 = ORIENTED_EDGE('',*,*,#15830,.F.);
#15830 = EDGE_CURVE('',#15831,#15833,#15835,.T.);
#15831 = VERTEX_POINT('',#15832);
#15832 = CARTESIAN_POINT('',(-538.25,1.127122519205E+03,1.816917341136E+03));
#15833 = VERTEX_POINT('',#15834);
#15834 = CARTESIAN_POINT('',(-538.25,1.184266337706E+03,1.885018692129E+03));
#15835 = SURFACE_CURVE('',#15836,(#15840,#15852),.PCURVE_S1.);
#15836 = LINE('',#15837,#15838);
#15837 = CARTESIAN_POINT('',(-538.25,1.127122519205E+03,1.816917341136E+03));
#15838 = VECTOR('',#15839,1.);
#15839 = DIRECTION('',(0.,0.642787609687,0.766044443119));
#15840 = PCURVE('',#15841,#15846);
#15841 = PLANE('',#15842);
#15842 = AXIS2_PLACEMENT_3D('',#15843,#15844,#15845);
#15843 = CARTESIAN_POINT('',(-538.25,1.127122519205E+03,1.816917341136E+03));
#15844 = DIRECTION('',(1.,0.,0.));
#15845 = DIRECTION('',(0.,0.642787609687,0.766044443119));
#15846 = DEFINITIONAL_REPRESENTATION('',(#15847),#15851);
#15847 = LINE('',#15848,#15849);
#15848 = CARTESIAN_POINT('',(0.,0.));
#15849 = VECTOR('',#15850,1.);
#15850 = DIRECTION('',(1.,0.));
#15851 =(GEOMETRIC_REPRESENTATION_CONTEXT(2)PARAMETRIC_REPRESENTATION_CONTEXT()REPRESENTATION_CONTEXT('2D SPACE',''));
#15852 = PCURVE('',#15853,#15858);
#15853 = PLANE('',#15854);
#15854 = AXIS2_PLACEMENT_3D('',#15855,#15856,#15857);
#15855 = CARTESIAN_POINT('',(-538.25,1.127122519205E+03,1.816917341136E+03));
#15856 = DIRECTION('',(0.,0.766044443119,-0.642787609687));
#15857 = DIRECTION('',(0.,0.642787609687,0.766044443119));
#15858 = DEFINITIONAL_REPRESENTATION('',(#15859),#15863);
#15859 = LINE('',#15860,#15861);
#15860 = CARTESIAN_POINT('',(0.,0.));
#15861 = VECTOR('',#15862,1.);
#15862 = DIRECTION('',(1.,0.));
#15863 =(GEOMETRIC_REPRESENTATION_CONTEXT(2)PARAMETRIC_REPRESENTATION_CONTEXT()REPRESENTATION_CONTEXT('2D SPACE',''));
#15864 = ORIENTED_EDGE('',*,*,#15865,.T.);
#15865 = EDGE_CURVE('',#15831,#15866,#15868,.T.);
#15866 = VERTEX_POINT('',#15867);
#15867 = CARTESIAN_POINT('',(-538.25,1.196028216864E+03,1.759098595645E+03));
#15868 = SURFACE_CURVE('',#15869,(#15873,#15880),.PCURVE_S1.);
#15869 = LINE('',#15870,#15871);
#15870 = CARTESIAN_POINT('',(-538.25,1.127122519205E+03,1.816917341136E+03));
#15871 = VECTOR('',#15872,1.);
#15872 = DIRECTION('',(0.,0.766044443119,-0.642787609687));
#15873 = PCURVE('',#15841,#15874);
#15874 = DEFINITIONAL_REPRESENTATION('',(#15875),#15879);
#15875 = LINE('',#15876,#15877);
#15876 = CARTESIAN_POINT('',(0.,0.));
#15877 = VECTOR('',#15878,1.);
#15878 = DIRECTION('',(0.,-1.));
#15879 =(GEOMETRIC_REPRESENTATION_CONTEXT(2)PARAMETRIC_REPRESENTATION_CONTEXT()REPRESENTATION_CONTEXT('2D SPACE',''));
#15880 = PCURVE('',#15881,#15886);
#15881 = PLANE('',#15882);
#15882 = AXIS2_PLACEMENT_3D('',#15883,#15884,#15885);
#15883 = CARTESIAN_POINT('',(-538.25,1.127122519205E+03,1.816917341136E+03));
#15884 = DIRECTION('',(0.,0.642787609687,0.766044443119));
#15885 = DIRECTION('',(1.,0.,0.));
#15886 = DEFINITIONAL_REPRESENTATION('',(#15887),#15891);
#15887 = LINE('',#15888,#15889);
#15888 = CARTESIAN_POINT('',(0.,0.));
#15889 = VECTOR('',#15890,1.);
#15890 = DIRECTION('',(0.,1.));
#15891 =(GEOMETRIC_REPRESENTATION_CONTEXT(2)PARAMETRIC_REPRESENTATION_CONTEXT()REPRESENTATION_CONTEXT('2D SPACE',''));
#15892 = ORIENTED_EDGE('',*,*,#15893,.T.);
#15893 = EDGE_CURVE('',#15866,#15894,#15896,.T.);
#15894 = VERTEX_POINT('',#15895);
#15895 = CARTESIAN_POINT('',(-538.25,1.253172035365E+03,1.827199946638E+03));
#15896 = SURFACE_CURVE('',#15897,(#15901,#15908),.PCURVE_S1.);
#15897 = LINE('',#15898,#15899);
#15898 = CARTESIAN_POINT('',(-538.25,1.196028216864E+03,1.759098595645E+03));
#15899 = VECTOR('',#15900,1.);
#15900 = DIRECTION('',(0.,0.642787609687,0.766044443119));
#15901 = PCURVE('',#15841,#15902);
#15902 = DEFINITIONAL_REPRESENTATION('',(#15903),#15907);
#15903 = LINE('',#15904,#15905);
#15904 = CARTESIAN_POINT('',(1.06581410364E-13,-89.95));
#15905 = VECTOR('',#15906,1.);
#15906 = DIRECTION('',(1.,0.));
#15907 =(GEOMETRIC_REPRESENTATION_CONTEXT(2)PARAMETRIC_REPRESENTATION_CONTEXT()REPRESENTATION_CONTEXT('2D SPACE',''));
#15908 = PCURVE('',#15909,#15914);
#15909 = PLANE('',#15910);
#15910 = AXIS2_PLACEMENT_3D('',#15911,#15912,#15913);
#15911 = CARTESIAN_POINT('',(-538.25,1.196028216864E+03,1.759098595645E+03));
#15912 = DIRECTION('',(0.,0.766044443119,-0.642787609687));
#15913 = DIRECTION('',(0.,0.642787609687,0.766044443119));
#15914 = DEFINITIONAL_REPRESENTATION('',(#15915),#15919);
#15915 = LINE('',#15916,#15917);
#15916 = CARTESIAN_POINT('',(0.,0.));
#15917 = VECTOR('',#15918,1.);
#15918 = DIRECTION('',(1.,0.));
#15919 =(GEOMETRIC_REPRESENTATION_CONTEXT(2)PARAMETRIC_REPRESENTATION_CONTEXT()REPRESENTATION_CONTEXT('2D SPACE',''));
#15920 = ORIENTED_EDGE('',*,*,#15921,.F.);
#15921 = EDGE_CURVE('',#15833,#15894,#15922,.T.);
#15922 = SURFACE_CURVE('',#15923,(#15927,#15934),.PCURVE_S1.);
#15923 = LINE('',#15924,#15925);
#15924 = CARTESIAN_POINT('',(-538.25,1.184266337706E+03,1.885018692129E+03));
#15925 = VECTOR('',#15926,1.);
#15926 = DIRECTION('',(0.,0.766044443119,-0.642787609687));
#15927 = PCURVE('',#15841,#15928);
#15928 = DEFINITIONAL_REPRESENTATION('',(#15929),#15933);
#15929 = LINE('',#15930,#15931);
#15930 = CARTESIAN_POINT('',(88.9,2.84217094304E-14));
#15931 = VECTOR('',#15932,1.);
#15932 = DIRECTION('',(0.,-1.));
#15933 =(GEOMETRIC_REPRESENTATION_CONTEXT(2)PARAMETRIC_REPRESENTATION_CONTEXT()REPRESENTATION_CONTEXT('2D SPACE',''));
#15934 = PCURVE('',#15935,#15940);
#15935 = PLANE('',#15936);
#15936 = AXIS2_PLACEMENT_3D('',#15937,#15938,#15939);
#15937 = CARTESIAN_POINT('',(-538.25,1.184266337706E+03,1.885018692129E+03));
#15938 = DIRECTION('',(0.,0.642787609687,0.766044443119));
#15939 = DIRECTION('',(1.,0.,0.));
#15940 = DEFINITIONAL_REPRESENTATION('',(#15941),#15945);
#15941 = LINE('',#15942,#15943);
#15942 = CARTESIAN_POINT('',(0.,0.));
#15943 = VECTOR('',#15944,1.);
#15944 = DIRECTION('',(0.,1.));
#15945 =(GEOMETRIC_REPRESENTATION_CONTEXT(2)PARAMETRIC_REPRESENTATION_CONTEXT()REPRESENTATION_CONTEXT('2D SPACE',''));
#15946 = ADVANCED_FACE('',(#15947),#15961,.T.);
#15947 = FACE_BOUND('',#15948,.T.);
#15948 = EDGE_LOOP('',(#15949,#15979,#16002,#16025));
#15949 = ORIENTED_EDGE('',*,*,#15950,.F.);
#15950 = EDGE_CURVE('',#15951,#15953,#15955,.T.);
#15951 = VERTEX_POINT('',#15952);
#15952 = CARTESIAN_POINT('',(-500.15,1.127122519205E+03,1.816917341136E+03));
#15953 = VERTEX_POINT('',#15954);
#15954 = CARTESIAN_POINT('',(-500.15,1.184266337706E+03,1.885018692129E+03));
#15955 = SURFACE_CURVE('',#15956,(#15960,#15972),.PCURVE_S1.);
#15956 = LINE('',#15957,#15958);
#15957 = CARTESIAN_POINT('',(-500.15,1.127122519205E+03,1.816917341136E+03));
#15958 = VECTOR('',#15959,1.);
#15959 = DIRECTION('',(0.,0.642787609687,0.766044443119));
#15960 = PCURVE('',#15961,#15966);
#15961 = PLANE('',#15962);
#15962 = AXIS2_PLACEMENT_3D('',#15963,#15964,#15965);
#15963 = CARTESIAN_POINT('',(-500.15,1.127122519205E+03,1.816917341136E+03));
#15964 = DIRECTION('',(1.,0.,0.));
#15965 = DIRECTION('',(0.,0.642787609687,0.766044443119));
#15966 = DEFINITIONAL_REPRESENTATION('',(#15967),#15971);
#15967 = LINE('',#15968,#15969);
#15968 = CARTESIAN_POINT('',(0.,0.));
#15969 = VECTOR('',#15970,1.);
#15970 = DIRECTION('',(1.,0.));
#15971 =(GEOMETRIC_REPRESENTATION_CONTEXT(2)PARAMETRIC_REPRESENTATION_CONTEXT()REPRESENTATION_CONTEXT('2D SPACE',''));
#15972 = PCURVE('',#15853,#15973);
#15973 = DEFINITIONAL_REPRESENTATION('',(#15974),#15978);
#15974 = LINE('',#15975,#15976);
#15975 = CARTESIAN_POINT('',(0.,38.1));
#15976 = VECTOR('',#15977,1.);
#15977 = DIRECTION('',(1.,0.));
#15978 =(GEOMETRIC_REPRESENTATION_CONTEXT(2)PARAMETRIC_REPRESENTATION_CONTEXT()REPRESENTATION_CONTEXT('2D SPACE',''));
#15979 = ORIENTED_EDGE('',*,*,#15980,.T.);
#15980 = EDGE_CURVE('',#15951,#15981,#15983,.T.);
#15981 = VERTEX_POINT('',#15982);
#15982 = CARTESIAN_POINT('',(-500.15,1.196028216864E+03,1.759098595645E+03));
#15983 = SURFACE_CURVE('',#15984,(#15988,#15995),.PCURVE_S1.);
#15984 = LINE('',#15985,#15986);
#15985 = CARTESIAN_POINT('',(-500.15,1.127122519205E+03,1.816917341136E+03));
#15986 = VECTOR('',#15987,1.);
#15987 = DIRECTION('',(0.,0.766044443119,-0.642787609687));
#15988 = PCURVE('',#15961,#15989);
#15989 = DEFINITIONAL_REPRESENTATION('',(#15990),#15994);
#15990 = LINE('',#15991,#15992);
#15991 = CARTESIAN_POINT('',(0.,0.));
#15992 = VECTOR('',#15993,1.);
#15993 = DIRECTION('',(0.,-1.));
#15994 =(GEOMETRIC_REPRESENTATION_CONTEXT(2)PARAMETRIC_REPRESENTATION_CONTEXT()REPRESENTATION_CONTEXT('2D SPACE',''));
#15995 = PCURVE('',#15881,#15996);
#15996 = DEFINITIONAL_REPRESENTATION('',(#15997),#16001);
#15997 = LINE('',#15998,#15999);
#15998 = CARTESIAN_POINT('',(38.1,0.));
#15999 = VECTOR('',#16000,1.);
#16000 = DIRECTION('',(0.,1.));
#16001 =(GEOMETRIC_REPRESENTATION_CONTEXT(2)PARAMETRIC_REPRESENTATION_CONTEXT()REPRESENTATION_CONTEXT('2D SPACE',''));
#16002 = ORIENTED_EDGE('',*,*,#16003,.T.);
#16003 = EDGE_CURVE('',#15981,#16004,#16006,.T.);
#16004 = VERTEX_POINT('',#16005);
#16005 = CARTESIAN_POINT('',(-500.15,1.253172035365E+03,1.827199946638E+03));
#16006 = SURFACE_CURVE('',#16007,(#16011,#16018),.PCURVE_S1.);
#16007 = LINE('',#16008,#16009);
#16008 = CARTESIAN_POINT('',(-500.15,1.196028216864E+03,1.759098595645E+03));
#16009 = VECTOR('',#16010,1.);
#16010 = DIRECTION('',(0.,0.642787609687,0.766044443119));
#16011 = PCURVE('',#15961,#16012);
#16012 = DEFINITIONAL_REPRESENTATION('',(#16013),#16017);
#16013 = LINE('',#16014,#16015);
#16014 = CARTESIAN_POINT('',(1.06581410364E-13,-89.95));
#16015 = VECTOR('',#16016,1.);
#16016 = DIRECTION('',(1.,0.));
#16017 =(GEOMETRIC_REPRESENTATION_CONTEXT(2)PARAMETRIC_REPRESENTATION_CONTEXT()REPRESENTATION_CONTEXT('2D SPACE',''));
#16018 = PCURVE('',#15909,#16019);
#16019 = DEFINITIONAL_REPRESENTATION('',(#16020),#16024);
#16020 = LINE('',#16021,#16022);
#16021 = CARTESIAN_POINT('',(0.,38.1));
#16022 = VECTOR('',#16023,1.);
#16023 = DIRECTION('',(1.,0.));
#16024 =(GEOMETRIC_REPRESENTATION_CONTEXT(2)PARAMETRIC_REPRESENTATION_CONTEXT()REPRESENTATION_CONTEXT('2D SPACE',''));
#16025 = ORIENTED_EDGE('',*,*,#16026,.F.);
#16026 = EDGE_CURVE('',#15953,#16004,#16027,.T.);
#16027 = SURFACE_CURVE('',#16028,(#16032,#16039),.PCURVE_S1.);
#16028 = LINE('',#16029,#16030);
#16029 = CARTESIAN_POINT('',(-500.15,1.184266337706E+03,1.885018692129E+03));
#16030 = VECTOR('',#16031,1.);
#16031 = DIRECTION('',(0.,0.766044443119,-0.642787609687));
#16032 = PCURVE('',#15961,#16033);
#16033 = DEFINITIONAL_REPRESENTATION('',(#16034),#16038);
#16034 = LINE('',#16035,#16036);
#16035 = CARTESIAN_POINT('',(88.9,2.84217094304E-14));
#16036 = VECTOR('',#16037,1.);
#16037 = DIRECTION('',(0.,-1.));
#16038 =(GEOMETRIC_REPRESENTATION_CONTEXT(2)PARAMETRIC_REPRESENTATION_CONTEXT()REPRESENTATION_CONTEXT('2D SPACE',''));
#16039 = PCURVE('',#15935,#16040);
#16040 = DEFINITIONAL_REPRESENTATION('',(#16041),#16045);
#16041 = LINE('',#16042,#16043);
#16042 = CARTESIAN_POINT('',(38.1,0.));
#16043 = VECTOR('',#16044,1.);
#16044 = DIRECTION('',(0.,1.));
#16045 =(GEOMETRIC_REPRESENTATION_CONTEXT(2)PARAMETRIC_REPRESENTATION_CONTEXT()REPRESENTATION_CONTEXT('2D SPACE',''));
#16046 = ADVANCED_FACE('',(#16047),#15853,.F.);
#16047 = FACE_BOUND('',#16048,.F.);
#16048 = EDGE_LOOP('',(#16049,#16070,#16071,#16092));
#16049 = ORIENTED_EDGE('',*,*,#16050,.F.);
#16050 = EDGE_CURVE('',#15831,#15951,#16051,.T.);
#16051 = SURFACE_CURVE('',#16052,(#16056,#16063),.PCURVE_S1.);
#16052 = LINE('',#16053,#16054);
#16053 = CARTESIAN_POINT('',(-538.25,1.127122519205E+03,1.816917341136E+03));
#16054 = VECTOR('',#16055,1.);
#16055 = DIRECTION('',(1.,0.,0.));
#16056 = PCURVE('',#15853,#16057);
#16057 = DEFINITIONAL_REPRESENTATION('',(#16058),#16062);
#16058 = LINE('',#16059,#16060);
#16059 = CARTESIAN_POINT('',(0.,0.));
#16060 = VECTOR('',#16061,1.);
#16061 = DIRECTION('',(0.,1.));
#16062 =(GEOMETRIC_REPRESENTATION_CONTEXT(2)PARAMETRIC_REPRESENTATION_CONTEXT()REPRESENTATION_CONTEXT('2D SPACE',''));
#16063 = PCURVE('',#15881,#16064);
#16064 = DEFINITIONAL_REPRESENTATION('',(#16065),#16069);
#16065 = LINE('',#16066,#16067);
#16066 = CARTESIAN_POINT('',(0.,0.));
#16067 = VECTOR('',#16068,1.);
#16068 = DIRECTION('',(1.,0.));
#16069 =(GEOMETRIC_REPRESENTATION_CONTEXT(2)PARAMETRIC_REPRESENTATION_CONTEXT()REPRESENTATION_CONTEXT('2D SPACE',''));
#16070 = ORIENTED_EDGE('',*,*,#15830,.T.);
#16071 = ORIENTED_EDGE('',*,*,#16072,.T.);
#16072 = EDGE_CURVE('',#15833,#15953,#16073,.T.);
#16073 = SURFACE_CURVE('',#16074,(#16078,#16085),.PCURVE_S1.);
#16074 = LINE('',#16075,#16076);
#16075 = CARTESIAN_POINT('',(-538.25,1.184266337706E+03,1.885018692129E+03));
#16076 = VECTOR('',#16077,1.);
#16077 = DIRECTION('',(1.,0.,0.));
#16078 = PCURVE('',#15853,#16079);
#16079 = DEFINITIONAL_REPRESENTATION('',(#16080),#16084);
#16080 = LINE('',#16081,#16082);
#16081 = CARTESIAN_POINT('',(88.9,0.));
#16082 = VECTOR('',#16083,1.);
#16083 = DIRECTION('',(0.,1.));
#16084 =(GEOMETRIC_REPRESENTATION_CONTEXT(2)PARAMETRIC_REPRESENTATION_CONTEXT()REPRESENTATION_CONTEXT('2D SPACE',''));
#16085 = PCURVE('',#15935,#16086);
#16086 = DEFINITIONAL_REPRESENTATION('',(#16087),#16091);
#16087 = LINE('',#16088,#16089);
#16088 = CARTESIAN_POINT('',(0.,0.));
#16089 = VECTOR('',#16090,1.);
#16090 = DIRECTION('',(1.,0.));
#16091 =(GEOMETRIC_REPRESENTATION_CONTEXT(2)PARAMETRIC_REPRESENTATION_CONTEXT()REPRESENTATION_CONTEXT('2D SPACE',''));
#16092 = ORIENTED_EDGE('',*,*,#15950,.F.);
#16093 = ADVANCED_FACE('',(#16094),#15909,.T.);
#16094 = FACE_BOUND('',#16095,.T.);
#16095 = EDGE_LOOP('',(#16096,#16117,#16118,#16139));
#16096 = ORIENTED_EDGE('',*,*,#16097,.F.);
#16097 = EDGE_CURVE('',#15866,#15981,#16098,.T.);
#16098 = SURFACE_CURVE('',#16099,(#16103,#16110),.PCURVE_S1.);
#16099 = LINE('',#16100,#16101);
#16100 = CARTESIAN_POINT('',(-538.25,1.196028216864E+03,1.759098595645E+03));
#16101 = VECTOR('',#16102,1.);
#16102 = DIRECTION('',(1.,0.,0.));
#16103 = PCURVE('',#15909,#16104);
#16104 = DEFINITIONAL_REPRESENTATION('',(#16105),#16109);
#16105 = LINE('',#16106,#16107);
#16106 = CARTESIAN_POINT('',(0.,0.));
#16107 = VECTOR('',#16108,1.);
#16108 = DIRECTION('',(0.,1.));
#16109 =(GEOMETRIC_REPRESENTATION_CONTEXT(2)PARAMETRIC_REPRESENTATION_CONTEXT()REPRESENTATION_CONTEXT('2D SPACE',''));
#16110 = PCURVE('',#15881,#16111);
#16111 = DEFINITIONAL_REPRESENTATION('',(#16112),#16116);
#16112 = LINE('',#16113,#16114);
#16113 = CARTESIAN_POINT('',(0.,89.95));
#16114 = VECTOR('',#16115,1.);
#16115 = DIRECTION('',(1.,0.));
#16116 =(GEOMETRIC_REPRESENTATION_CONTEXT(2)PARAMETRIC_REPRESENTATION_CONTEXT()REPRESENTATION_CONTEXT('2D SPACE',''));
#16117 = ORIENTED_EDGE('',*,*,#15893,.T.);
#16118 = ORIENTED_EDGE('',*,*,#16119,.T.);
#16119 = EDGE_CURVE('',#15894,#16004,#16120,.T.);
#16120 = SURFACE_CURVE('',#16121,(#16125,#16132),.PCURVE_S1.);
#16121 = LINE('',#16122,#16123);
#16122 = CARTESIAN_POINT('',(-538.25,1.253172035365E+03,1.827199946638E+03));
#16123 = VECTOR('',#16124,1.);
#16124 = DIRECTION('',(1.,0.,0.));
#16125 = PCURVE('',#15909,#16126);
#16126 = DEFINITIONAL_REPRESENTATION('',(#16127),#16131);
#16127 = LINE('',#16128,#16129);
#16128 = CARTESIAN_POINT('',(88.9,0.));
#16129 = VECTOR('',#16130,1.);
#16130 = DIRECTION('',(0.,1.));
#16131 =(GEOMETRIC_REPRESENTATION_CONTEXT(2)PARAMETRIC_REPRESENTATION_CONTEXT()REPRESENTATION_CONTEXT('2D SPACE',''));
#16132 = PCURVE('',#15935,#16133);
#16133 = DEFINITIONAL_REPRESENTATION('',(#16134),#16138);
#16134 = LINE('',#16135,#16136);
#16135 = CARTESIAN_POINT('',(0.,89.95));
#16136 = VECTOR('',#16137,1.);
#16137 = DIRECTION('',(1.,0.));
#16138 =(GEOMETRIC_REPRESENTATION_CONTEXT(2)PARAMETRIC_REPRESENTATION_CONTEXT()REPRESENTATION_CONTEXT('2D SPACE',''));
#16139 = ORIENTED_EDGE('',*,*,#16003,.F.);
#16140 = ADVANCED_FACE('',(#16141),#15881,.F.);
#16141 = FACE_BOUND('',#16142,.F.);
#16142 = EDGE_LOOP('',(#16143,#16144,#16145,#16146));
#16143 = ORIENTED_EDGE('',*,*,#15865,.F.);
#16144 = ORIENTED_EDGE('',*,*,#16050,.T.);
#16145 = ORIENTED_EDGE('',*,*,#15980,.T.);
#16146 = ORIENTED_EDGE('',*,*,#16097,.F.);
#16147 = ADVANCED_FACE('',(#16148),#15935,.T.);
#16148 = FACE_BOUND('',#16149,.T.);
#16149 = EDGE_LOOP('',(#16150,#16151,#16152,#16153));
#16150 = ORIENTED_EDGE('',*,*,#15921,.F.);
#16151 = ORIENTED_EDGE('',*,*,#16072,.T.);
#16152 = ORIENTED_EDGE('',*,*,#16026,.T.);
#16153 = ORIENTED_EDGE('',*,*,#16119,.F.);
#16154 =(GEOMETRIC_REPRESENTATION_CONTEXT(3)GLOBAL_UNCERTAINTY_ASSIGNED_CONTEXT((#16158))GLOBAL_UNIT_ASSIGNED_CONTEXT((#16155,#16156,#16157))REPRESENTATION_CONTEXT('Context #1','3D Context with UNIT and UNCERTAINTY'));
#16155 =(LENGTH_UNIT()NAMED_UNIT(*)SI_UNIT(.MILLI.,.METRE.));
#16156 =(NAMED_UNIT(*)PLANE_ANGLE_UNIT()SI_UNIT($,.RADIAN.));
#16157 =(NAMED_UNIT(*)SI_UNIT($,.STERADIAN.)SOLID_ANGLE_UNIT());
#16158 = UNCERTAINTY_MEASURE_WITH_UNIT(LENGTH_MEASURE(1.E-07),#16155,'distance_accuracy_value','confusion accuracy');
#16159 = CONTEXT_DEPENDENT_SHAPE_REPRESENTATION(#16160,#16162);
#16160 =(REPRESENTATION_RELATIONSHIP('','',#15823,#10)REPRESENTATION_RELATIONSHIP_WITH_TRANSFORMATION(#16161)SHAPE_REPRESENTATION_RELATIONSHIP());
#16161 = ITEM_DEFINED_TRANSFORMATION('','',#11,#187);
#16162 = PRODUCT_DEFINITION_SHAPE('Placement','Placement of an item',#16163);
#16163 = NEXT_ASSEMBLY_USAGE_OCCURRENCE('44','rib_3_mid_left','',#5,#15818,$);
#16164 = PRODUCT_RELATED_PRODUCT_CATEGORY('part',$,(#15820));
#16165 = SHAPE_DEFINITION_REPRESENTATION(#16166,#16172);
#16166 = PRODUCT_DEFINITION_SHAPE('','',#16167);
#16167 = PRODUCT_DEFINITION('design','',#16168,#16171);
#16168 = PRODUCT_DEFINITION_FORMATION('','',#16169);
#16169 = PRODUCT('rib_3_mid_right','rib_3_mid_right','',(#16170));
#16170 = PRODUCT_CONTEXT('',#2,'mechanical');
#16171 = PRODUCT_DEFINITION_CONTEXT('part definition',#2,'design');
#16172 = ADVANCED_BREP_SHAPE_REPRESENTATION('',(#11,#16173),#16503);
#16173 = MANIFOLD_SOLID_BREP('',#16174);
#16174 = CLOSED_SHELL('',(#16175,#16295,#16395,#16442,#16489,#16496));
#16175 = ADVANCED_FACE('',(#16176),#16190,.F.);
#16176 = FACE_BOUND('',#16177,.F.);
#16177 = EDGE_LOOP('',(#16178,#16213,#16241,#16269));
#16178 = ORIENTED_EDGE('',*,*,#16179,.F.);
#16179 = EDGE_CURVE('',#16180,#16182,#16184,.T.);
#16180 = VERTEX_POINT('',#16181);
#16181 = CARTESIAN_POINT('',(661.75,1.127122519205E+03,1.816917341136E+03));
#16182 = VERTEX_POINT('',#16183);
#16183 = CARTESIAN_POINT('',(661.75,1.184266337706E+03,1.885018692129E+03));
#16184 = SURFACE_CURVE('',#16185,(#16189,#16201),.PCURVE_S1.);
#16185 = LINE('',#16186,#16187);
#16186 = CARTESIAN_POINT('',(661.75,1.127122519205E+03,1.816917341136E+03));
#16187 = VECTOR('',#16188,1.);
#16188 = DIRECTION('',(0.,0.642787609687,0.766044443119));
#16189 = PCURVE('',#16190,#16195);
#16190 = PLANE('',#16191);
#16191 = AXIS2_PLACEMENT_3D('',#16192,#16193,#16194);
#16192 = CARTESIAN_POINT('',(661.75,1.127122519205E+03,1.816917341136E+03));
#16193 = DIRECTION('',(1.,0.,0.));
#16194 = DIRECTION('',(0.,0.642787609687,0.766044443119));
#16195 = DEFINITIONAL_REPRESENTATION('',(#16196),#16200);
#16196 = LINE('',#16197,#16198);
#16197 = CARTESIAN_POINT('',(0.,0.));
#16198 = VECTOR('',#16199,1.);
#16199 = DIRECTION('',(1.,0.));
#16200 =(GEOMETRIC_REPRESENTATION_CONTEXT(2)PARAMETRIC_REPRESENTATION_CONTEXT()REPRESENTATION_CONTEXT('2D SPACE',''));
#16201 = PCURVE('',#16202,#16207);
#16202 = PLANE('',#16203);
#16203 = AXIS2_PLACEMENT_3D('',#16204,#16205,#16206);
#16204 = CARTESIAN_POINT('',(661.75,1.127122519205E+03,1.816917341136E+03));
#16205 = DIRECTION('',(0.,0.766044443119,-0.642787609687));
#16206 = DIRECTION('',(0.,0.642787609687,0.766044443119));
#16207 = DEFINITIONAL_REPRESENTATION('',(#16208),#16212);
#16208 = LINE('',#16209,#16210);
#16209 = CARTESIAN_POINT('',(0.,0.));
#16210 = VECTOR('',#16211,1.);
#16211 = DIRECTION('',(1.,0.));
#16212 =(GEOMETRIC_REPRESENTATION_CONTEXT(2)PARAMETRIC_REPRESENTATION_CONTEXT()REPRESENTATION_CONTEXT('2D SPACE',''));
#16213 = ORIENTED_EDGE('',*,*,#16214,.T.);
#16214 = EDGE_CURVE('',#16180,#16215,#16217,.T.);
#16215 = VERTEX_POINT('',#16216);
#16216 = CARTESIAN_POINT('',(661.75,1.196028216864E+03,1.759098595645E+03));
#16217 = SURFACE_CURVE('',#16218,(#16222,#16229),.PCURVE_S1.);
#16218 = LINE('',#16219,#16220);
#16219 = CARTESIAN_POINT('',(661.75,1.127122519205E+03,1.816917341136E+03));
#16220 = VECTOR('',#16221,1.);
#16221 = DIRECTION('',(0.,0.766044443119,-0.642787609687));
#16222 = PCURVE('',#16190,#16223);
#16223 = DEFINITIONAL_REPRESENTATION('',(#16224),#16228);
#16224 = LINE('',#16225,#16226);
#16225 = CARTESIAN_POINT('',(0.,0.));
#16226 = VECTOR('',#16227,1.);
#16227 = DIRECTION('',(0.,-1.));
#16228 =(GEOMETRIC_REPRESENTATION_CONTEXT(2)PARAMETRIC_REPRESENTATION_CONTEXT()REPRESENTATION_CONTEXT('2D SPACE',''));
#16229 = PCURVE('',#16230,#16235);
#16230 = PLANE('',#16231);
#16231 = AXIS2_PLACEMENT_3D('',#16232,#16233,#16234);
#16232 = CARTESIAN_POINT('',(661.75,1.127122519205E+03,1.816917341136E+03));
#16233 = DIRECTION('',(0.,0.642787609687,0.766044443119));
#16234 = DIRECTION('',(1.,0.,0.));
#16235 = DEFINITIONAL_REPRESENTATION('',(#16236),#16240);
#16236 = LINE('',#16237,#16238);
#16237 = CARTESIAN_POINT('',(0.,0.));
#16238 = VECTOR('',#16239,1.);
#16239 = DIRECTION('',(0.,1.));
#16240 =(GEOMETRIC_REPRESENTATION_CONTEXT(2)PARAMETRIC_REPRESENTATION_CONTEXT()REPRESENTATION_CONTEXT('2D SPACE',''));
#16241 = ORIENTED_EDGE('',*,*,#16242,.T.);
#16242 = EDGE_CURVE('',#16215,#16243,#16245,.T.);
#16243 = VERTEX_POINT('',#16244);
#16244 = CARTESIAN_POINT('',(661.75,1.253172035365E+03,1.827199946638E+03));
#16245 = SURFACE_CURVE('',#16246,(#16250,#16257),.PCURVE_S1.);
#16246 = LINE('',#16247,#16248);
#16247 = CARTESIAN_POINT('',(661.75,1.196028216864E+03,1.759098595645E+03));
#16248 = VECTOR('',#16249,1.);
#16249 = DIRECTION('',(0.,0.642787609687,0.766044443119));
#16250 = PCURVE('',#16190,#16251);
#16251 = DEFINITIONAL_REPRESENTATION('',(#16252),#16256);
#16252 = LINE('',#16253,#16254);
#16253 = CARTESIAN_POINT('',(1.06581410364E-13,-89.95));
#16254 = VECTOR('',#16255,1.);
#16255 = DIRECTION('',(1.,0.));
#16256 =(GEOMETRIC_REPRESENTATION_CONTEXT(2)PARAMETRIC_REPRESENTATION_CONTEXT()REPRESENTATION_CONTEXT('2D SPACE',''));
#16257 = PCURVE('',#16258,#16263);
#16258 = PLANE('',#16259);
#16259 = AXIS2_PLACEMENT_3D('',#16260,#16261,#16262);
#16260 = CARTESIAN_POINT('',(661.75,1.196028216864E+03,1.759098595645E+03));
#16261 = DIRECTION('',(0.,0.766044443119,-0.642787609687));
#16262 = DIRECTION('',(0.,0.642787609687,0.766044443119));
#16263 = DEFINITIONAL_REPRESENTATION('',(#16264),#16268);
#16264 = LINE('',#16265,#16266);
#16265 = CARTESIAN_POINT('',(0.,0.));
#16266 = VECTOR('',#16267,1.);
#16267 = DIRECTION('',(1.,0.));
#16268 =(GEOMETRIC_REPRESENTATION_CONTEXT(2)PARAMETRIC_REPRESENTATION_CONTEXT()REPRESENTATION_CONTEXT('2D SPACE',''));
#16269 = ORIENTED_EDGE('',*,*,#16270,.F.);
#16270 = EDGE_CURVE('',#16182,#16243,#16271,.T.);
#16271 = SURFACE_CURVE('',#16272,(#16276,#16283),.PCURVE_S1.);
#16272 = LINE('',#16273,#16274);
#16273 = CARTESIAN_POINT('',(661.75,1.184266337706E+03,1.885018692129E+03));
#16274 = VECTOR('',#16275,1.);
#16275 = DIRECTION('',(0.,0.766044443119,-0.642787609687));
#16276 = PCURVE('',#16190,#16277);
#16277 = DEFINITIONAL_REPRESENTATION('',(#16278),#16282);
#16278 = LINE('',#16279,#16280);
#16279 = CARTESIAN_POINT('',(88.9,2.84217094304E-14));
#16280 = VECTOR('',#16281,1.);
#16281 = DIRECTION('',(0.,-1.));
#16282 =(GEOMETRIC_REPRESENTATION_CONTEXT(2)PARAMETRIC_REPRESENTATION_CONTEXT()REPRESENTATION_CONTEXT('2D SPACE',''));
#16283 = PCURVE('',#16284,#16289);
#16284 = PLANE('',#16285);
#16285 = AXIS2_PLACEMENT_3D('',#16286,#16287,#16288);
#16286 = CARTESIAN_POINT('',(661.75,1.184266337706E+03,1.885018692129E+03));
#16287 = DIRECTION('',(0.,0.642787609687,0.766044443119));
#16288 = DIRECTION('',(1.,0.,0.));
#16289 = DEFINITIONAL_REPRESENTATION('',(#16290),#16294);
#16290 = LINE('',#16291,#16292);
#16291 = CARTESIAN_POINT('',(0.,0.));
#16292 = VECTOR('',#16293,1.);
#16293 = DIRECTION('',(0.,1.));
#16294 =(GEOMETRIC_REPRESENTATION_CONTEXT(2)PARAMETRIC_REPRESENTATION_CONTEXT()REPRESENTATION_CONTEXT('2D SPACE',''));
#16295 = ADVANCED_FACE('',(#16296),#16310,.T.);
#16296 = FACE_BOUND('',#16297,.T.);
#16297 = EDGE_LOOP('',(#16298,#16328,#16351,#16374));
#16298 = ORIENTED_EDGE('',*,*,#16299,.F.);
#16299 = EDGE_CURVE('',#16300,#16302,#16304,.T.);
#16300 = VERTEX_POINT('',#16301);
#16301 = CARTESIAN_POINT('',(699.85,1.127122519205E+03,1.816917341136E+03));
#16302 = VERTEX_POINT('',#16303);
#16303 = CARTESIAN_POINT('',(699.85,1.184266337706E+03,1.885018692129E+03));
#16304 = SURFACE_CURVE('',#16305,(#16309,#16321),.PCURVE_S1.);
#16305 = LINE('',#16306,#16307);
#16306 = CARTESIAN_POINT('',(699.85,1.127122519205E+03,1.816917341136E+03));
#16307 = VECTOR('',#16308,1.);
#16308 = DIRECTION('',(0.,0.642787609687,0.766044443119));
#16309 = PCURVE('',#16310,#16315);
#16310 = PLANE('',#16311);
#16311 = AXIS2_PLACEMENT_3D('',#16312,#16313,#16314);
#16312 = CARTESIAN_POINT('',(699.85,1.127122519205E+03,1.816917341136E+03));
#16313 = DIRECTION('',(1.,0.,0.));
#16314 = DIRECTION('',(0.,0.642787609687,0.766044443119));
#16315 = DEFINITIONAL_REPRESENTATION('',(#16316),#16320);
#16316 = LINE('',#16317,#16318);
#16317 = CARTESIAN_POINT('',(0.,0.));
#16318 = VECTOR('',#16319,1.);
#16319 = DIRECTION('',(1.,0.));
#16320 =(GEOMETRIC_REPRESENTATION_CONTEXT(2)PARAMETRIC_REPRESENTATION_CONTEXT()REPRESENTATION_CONTEXT('2D SPACE',''));
#16321 = PCURVE('',#16202,#16322);
#16322 = DEFINITIONAL_REPRESENTATION('',(#16323),#16327);
#16323 = LINE('',#16324,#16325);
#16324 = CARTESIAN_POINT('',(0.,38.1));
#16325 = VECTOR('',#16326,1.);
#16326 = DIRECTION('',(1.,0.));
#16327 =(GEOMETRIC_REPRESENTATION_CONTEXT(2)PARAMETRIC_REPRESENTATION_CONTEXT()REPRESENTATION_CONTEXT('2D SPACE',''));
#16328 = ORIENTED_EDGE('',*,*,#16329,.T.);
#16329 = EDGE_CURVE('',#16300,#16330,#16332,.T.);
#16330 = VERTEX_POINT('',#16331);
#16331 = CARTESIAN_POINT('',(699.85,1.196028216864E+03,1.759098595645E+03));
#16332 = SURFACE_CURVE('',#16333,(#16337,#16344),.PCURVE_S1.);
#16333 = LINE('',#16334,#16335);
#16334 = CARTESIAN_POINT('',(699.85,1.127122519205E+03,1.816917341136E+03));
#16335 = VECTOR('',#16336,1.);
#16336 = DIRECTION('',(0.,0.766044443119,-0.642787609687));
#16337 = PCURVE('',#16310,#16338);
#16338 = DEFINITIONAL_REPRESENTATION('',(#16339),#16343);
#16339 = LINE('',#16340,#16341);
#16340 = CARTESIAN_POINT('',(0.,0.));
#16341 = VECTOR('',#16342,1.);
#16342 = DIRECTION('',(0.,-1.));
#16343 =(GEOMETRIC_REPRESENTATION_CONTEXT(2)PARAMETRIC_REPRESENTATION_CONTEXT()REPRESENTATION_CONTEXT('2D SPACE',''));
#16344 = PCURVE('',#16230,#16345);
#16345 = DEFINITIONAL_REPRESENTATION('',(#16346),#16350);
#16346 = LINE('',#16347,#16348);
#16347 = CARTESIAN_POINT('',(38.1,0.));
#16348 = VECTOR('',#16349,1.);
#16349 = DIRECTION('',(0.,1.));
#16350 =(GEOMETRIC_REPRESENTATION_CONTEXT(2)PARAMETRIC_REPRESENTATION_CONTEXT()REPRESENTATION_CONTEXT('2D SPACE',''));
#16351 = ORIENTED_EDGE('',*,*,#16352,.T.);
#16352 = EDGE_CURVE('',#16330,#16353,#16355,.T.);
#16353 = VERTEX_POINT('',#16354);
#16354 = CARTESIAN_POINT('',(699.85,1.253172035365E+03,1.827199946638E+03));
#16355 = SURFACE_CURVE('',#16356,(#16360,#16367),.PCURVE_S1.);
#16356 = LINE('',#16357,#16358);
#16357 = CARTESIAN_POINT('',(699.85,1.196028216864E+03,1.759098595645E+03));
#16358 = VECTOR('',#16359,1.);
#16359 = DIRECTION('',(0.,0.642787609687,0.766044443119));
#16360 = PCURVE('',#16310,#16361);
#16361 = DEFINITIONAL_REPRESENTATION('',(#16362),#16366);
#16362 = LINE('',#16363,#16364);
#16363 = CARTESIAN_POINT('',(1.06581410364E-13,-89.95));
#16364 = VECTOR('',#16365,1.);
#16365 = DIRECTION('',(1.,0.));
#16366 =(GEOMETRIC_REPRESENTATION_CONTEXT(2)PARAMETRIC_REPRESENTATION_CONTEXT()REPRESENTATION_CONTEXT('2D SPACE',''));
#16367 = PCURVE('',#16258,#16368);
#16368 = DEFINITIONAL_REPRESENTATION('',(#16369),#16373);
#16369 = LINE('',#16370,#16371);
#16370 = CARTESIAN_POINT('',(0.,38.1));
#16371 = VECTOR('',#16372,1.);
#16372 = DIRECTION('',(1.,0.));
#16373 =(GEOMETRIC_REPRESENTATION_CONTEXT(2)PARAMETRIC_REPRESENTATION_CONTEXT()REPRESENTATION_CONTEXT('2D SPACE',''));
#16374 = ORIENTED_EDGE('',*,*,#16375,.F.);
#16375 = EDGE_CURVE('',#16302,#16353,#16376,.T.);
#16376 = SURFACE_CURVE('',#16377,(#16381,#16388),.PCURVE_S1.);
#16377 = LINE('',#16378,#16379);
#16378 = CARTESIAN_POINT('',(699.85,1.184266337706E+03,1.885018692129E+03));
#16379 = VECTOR('',#16380,1.);
#16380 = DIRECTION('',(0.,0.766044443119,-0.642787609687));
#16381 = PCURVE('',#16310,#16382);
#16382 = DEFINITIONAL_REPRESENTATION('',(#16383),#16387);
#16383 = LINE('',#16384,#16385);
#16384 = CARTESIAN_POINT('',(88.9,2.84217094304E-14));
#16385 = VECTOR('',#16386,1.);
#16386 = DIRECTION('',(0.,-1.));
#16387 =(GEOMETRIC_REPRESENTATION_CONTEXT(2)PARAMETRIC_REPRESENTATION_CONTEXT()REPRESENTATION_CONTEXT('2D SPACE',''));
#16388 = PCURVE('',#16284,#16389);
#16389 = DEFINITIONAL_REPRESENTATION('',(#16390),#16394);
#16390 = LINE('',#16391,#16392);
#16391 = CARTESIAN_POINT('',(38.1,0.));
#16392 = VECTOR('',#16393,1.);
#16393 = DIRECTION('',(0.,1.));
#16394 =(GEOMETRIC_REPRESENTATION_CONTEXT(2)PARAMETRIC_REPRESENTATION_CONTEXT()REPRESENTATION_CONTEXT('2D SPACE',''));
#16395 = ADVANCED_FACE('',(#16396),#16202,.F.);
#16396 = FACE_BOUND('',#16397,.F.);
#16397 = EDGE_LOOP('',(#16398,#16419,#16420,#16441));
#16398 = ORIENTED_EDGE('',*,*,#16399,.F.);
#16399 = EDGE_CURVE('',#16180,#16300,#16400,.T.);
#16400 = SURFACE_CURVE('',#16401,(#16405,#16412),.PCURVE_S1.);
#16401 = LINE('',#16402,#16403);
#16402 = CARTESIAN_POINT('',(661.75,1.127122519205E+03,1.816917341136E+03));
#16403 = VECTOR('',#16404,1.);
#16404 = DIRECTION('',(1.,0.,0.));
#16405 = PCURVE('',#16202,#16406);
#16406 = DEFINITIONAL_REPRESENTATION('',(#16407),#16411);
#16407 = LINE('',#16408,#16409);
#16408 = CARTESIAN_POINT('',(0.,0.));
#16409 = VECTOR('',#16410,1.);
#16410 = DIRECTION('',(0.,1.));
#16411 =(GEOMETRIC_REPRESENTATION_CONTEXT(2)PARAMETRIC_REPRESENTATION_CONTEXT()REPRESENTATION_CONTEXT('2D SPACE',''));
#16412 = PCURVE('',#16230,#16413);
#16413 = DEFINITIONAL_REPRESENTATION('',(#16414),#16418);
#16414 = LINE('',#16415,#16416);
#16415 = CARTESIAN_POINT('',(0.,0.));
#16416 = VECTOR('',#16417,1.);
#16417 = DIRECTION('',(1.,0.));
#16418 =(GEOMETRIC_REPRESENTATION_CONTEXT(2)PARAMETRIC_REPRESENTATION_CONTEXT()REPRESENTATION_CONTEXT('2D SPACE',''));
#16419 = ORIENTED_EDGE('',*,*,#16179,.T.);
#16420 = ORIENTED_EDGE('',*,*,#16421,.T.);
#16421 = EDGE_CURVE('',#16182,#16302,#16422,.T.);
#16422 = SURFACE_CURVE('',#16423,(#16427,#16434),.PCURVE_S1.);
#16423 = LINE('',#16424,#16425);
#16424 = CARTESIAN_POINT('',(661.75,1.184266337706E+03,1.885018692129E+03));
#16425 = VECTOR('',#16426,1.);
#16426 = DIRECTION('',(1.,0.,0.));
#16427 = PCURVE('',#16202,#16428);
#16428 = DEFINITIONAL_REPRESENTATION('',(#16429),#16433);
#16429 = LINE('',#16430,#16431);
#16430 = CARTESIAN_POINT('',(88.9,0.));
#16431 = VECTOR('',#16432,1.);
#16432 = DIRECTION('',(0.,1.));
#16433 =(GEOMETRIC_REPRESENTATION_CONTEXT(2)PARAMETRIC_REPRESENTATION_CONTEXT()REPRESENTATION_CONTEXT('2D SPACE',''));
#16434 = PCURVE('',#16284,#16435);
#16435 = DEFINITIONAL_REPRESENTATION('',(#16436),#16440);
#16436 = LINE('',#16437,#16438);
#16437 = CARTESIAN_POINT('',(0.,0.));
#16438 = VECTOR('',#16439,1.);
#16439 = DIRECTION('',(1.,0.));
#16440 =(GEOMETRIC_REPRESENTATION_CONTEXT(2)PARAMETRIC_REPRESENTATION_CONTEXT()REPRESENTATION_CONTEXT('2D SPACE',''));
#16441 = ORIENTED_EDGE('',*,*,#16299,.F.);
#16442 = ADVANCED_FACE('',(#16443),#16258,.T.);
#16443 = FACE_BOUND('',#16444,.T.);
#16444 = EDGE_LOOP('',(#16445,#16466,#16467,#16488));
#16445 = ORIENTED_EDGE('',*,*,#16446,.F.);
#16446 = EDGE_CURVE('',#16215,#16330,#16447,.T.);
#16447 = SURFACE_CURVE('',#16448,(#16452,#16459),.PCURVE_S1.);
#16448 = LINE('',#16449,#16450);
#16449 = CARTESIAN_POINT('',(661.75,1.196028216864E+03,1.759098595645E+03));
#16450 = VECTOR('',#16451,1.);
#16451 = DIRECTION('',(1.,0.,0.));
#16452 = PCURVE('',#16258,#16453);
#16453 = DEFINITIONAL_REPRESENTATION('',(#16454),#16458);
#16454 = LINE('',#16455,#16456);
#16455 = CARTESIAN_POINT('',(0.,0.));
#16456 = VECTOR('',#16457,1.);
#16457 = DIRECTION('',(0.,1.));
#16458 =(GEOMETRIC_REPRESENTATION_CONTEXT(2)PARAMETRIC_REPRESENTATION_CONTEXT()REPRESENTATION_CONTEXT('2D SPACE',''));
#16459 = PCURVE('',#16230,#16460);
#16460 = DEFINITIONAL_REPRESENTATION('',(#16461),#16465);
#16461 = LINE('',#16462,#16463);
#16462 = CARTESIAN_POINT('',(0.,89.95));
#16463 = VECTOR('',#16464,1.);
#16464 = DIRECTION('',(1.,0.));
#16465 =(GEOMETRIC_REPRESENTATION_CONTEXT(2)PARAMETRIC_REPRESENTATION_CONTEXT()REPRESENTATION_CONTEXT('2D SPACE',''));
#16466 = ORIENTED_EDGE('',*,*,#16242,.T.);
#16467 = ORIENTED_EDGE('',*,*,#16468,.T.);
#16468 = EDGE_CURVE('',#16243,#16353,#16469,.T.);
#16469 = SURFACE_CURVE('',#16470,(#16474,#16481),.PCURVE_S1.);
#16470 = LINE('',#16471,#16472);
#16471 = CARTESIAN_POINT('',(661.75,1.253172035365E+03,1.827199946638E+03));
#16472 = VECTOR('',#16473,1.);
#16473 = DIRECTION('',(1.,0.,0.));
#16474 = PCURVE('',#16258,#16475);
#16475 = DEFINITIONAL_REPRESENTATION('',(#16476),#16480);
#16476 = LINE('',#16477,#16478);
#16477 = CARTESIAN_POINT('',(88.9,0.));
#16478 = VECTOR('',#16479,1.);
#16479 = DIRECTION('',(0.,1.));
#16480 =(GEOMETRIC_REPRESENTATION_CONTEXT(2)PARAMETRIC_REPRESENTATION_CONTEXT()REPRESENTATION_CONTEXT('2D SPACE',''));
#16481 = PCURVE('',#16284,#16482);
#16482 = DEFINITIONAL_REPRESENTATION('',(#16483),#16487);
#16483 = LINE('',#16484,#16485);
#16484 = CARTESIAN_POINT('',(0.,89.95));
#16485 = VECTOR('',#16486,1.);
#16486 = DIRECTION('',(1.,0.));
#16487 =(GEOMETRIC_REPRESENTATION_CONTEXT(2)PARAMETRIC_REPRESENTATION_CONTEXT()REPRESENTATION_CONTEXT('2D SPACE',''));
#16488 = ORIENTED_EDGE('',*,*,#16352,.F.);
#16489 = ADVANCED_FACE('',(#16490),#16230,.F.);
#16490 = FACE_BOUND('',#16491,.F.);
#16491 = EDGE_LOOP('',(#16492,#16493,#16494,#16495));
#16492 = ORIENTED_EDGE('',*,*,#16214,.F.);
#16493 = ORIENTED_EDGE('',*,*,#16399,.T.);
#16494 = ORIENTED_EDGE('',*,*,#16329,.T.);
#16495 = ORIENTED_EDGE('',*,*,#16446,.F.);
#16496 = ADVANCED_FACE('',(#16497),#16284,.T.);
#16497 = FACE_BOUND('',#16498,.T.);
#16498 = EDGE_LOOP('',(#16499,#16500,#16501,#16502));
#16499 = ORIENTED_EDGE('',*,*,#16270,.F.);
#16500 = ORIENTED_EDGE('',*,*,#16421,.T.);
#16501 = ORIENTED_EDGE('',*,*,#16375,.T.);
#16502 = ORIENTED_EDGE('',*,*,#16468,.F.);
#16503 =(GEOMETRIC_REPRESENTATION_CONTEXT(3)GLOBAL_UNCERTAINTY_ASSIGNED_CONTEXT((#16507))GLOBAL_UNIT_ASSIGNED_CONTEXT((#16504,#16505,#16506))REPRESENTATION_CONTEXT('Context #1','3D Context with UNIT and UNCERTAINTY'));
#16504 =(LENGTH_UNIT()NAMED_UNIT(*)SI_UNIT(.MILLI.,.METRE.));
#16505 =(NAMED_UNIT(*)PLANE_ANGLE_UNIT()SI_UNIT($,.RADIAN.));
#16506 =(NAMED_UNIT(*)SI_UNIT($,.STERADIAN.)SOLID_ANGLE_UNIT());
#16507 = UNCERTAINTY_MEASURE_WITH_UNIT(LENGTH_MEASURE(1.E-07),#16504,'distance_accuracy_value','confusion accuracy');
#16508 = CONTEXT_DEPENDENT_SHAPE_REPRESENTATION(#16509,#16511);
#16509 =(REPRESENTATION_RELATIONSHIP('','',#16172,#10)REPRESENTATION_RELATIONSHIP_WITH_TRANSFORMATION(#16510)SHAPE_REPRESENTATION_RELATIONSHIP());
#16510 = ITEM_DEFINED_TRANSFORMATION('','',#11,#191);
#16511 = PRODUCT_DEFINITION_SHAPE('Placement','Placement of an item',#16512);
#16512 = NEXT_ASSEMBLY_USAGE_OCCURRENCE('45','rib_3_mid_right','',#5,#16167,$);
#16513 = PRODUCT_RELATED_PRODUCT_CATEGORY('part',$,(#16169));
#16514 = SHAPE_DEFINITION_REPRESENTATION(#16515,#16521);
#16515 = PRODUCT_DEFINITION_SHAPE('','',#16516);
#16516 = PRODUCT_DEFINITION('design','',#16517,#16520);
#16517 = PRODUCT_DEFINITION_FORMATION('','',#16518);
#16518 = PRODUCT('base_rail_left','base_rail_left','',(#16519));
#16519 = PRODUCT_CONTEXT('',#2,'mechanical');
#16520 = PRODUCT_DEFINITION_CONTEXT('part definition',#2,'design');
#16521 = ADVANCED_BREP_SHAPE_REPRESENTATION('',(#11,#16522),#16852);
#16522 = MANIFOLD_SOLID_BREP('',#16523);
#16523 = CLOSED_SHELL('',(#16524,#16644,#16744,#16791,#16838,#16845));
#16524 = ADVANCED_FACE('',(#16525),#16539,.F.);
#16525 = FACE_BOUND('',#16526,.F.);
#16526 = EDGE_LOOP('',(#16527,#16562,#16590,#16618));
#16527 = ORIENTED_EDGE('',*,*,#16528,.F.);
#16528 = EDGE_CURVE('',#16529,#16531,#16533,.T.);
#16529 = VERTEX_POINT('',#16530);
#16530 = CARTESIAN_POINT('',(-1.3335E+03,-159.0670842003,55.55));
#16531 = VERTEX_POINT('',#16532);
#16532 = CARTESIAN_POINT('',(-1.3335E+03,-159.0670842003,144.45));
#16533 = SURFACE_CURVE('',#16534,(#16538,#16550),.PCURVE_S1.);
#16534 = LINE('',#16535,#16536);
#16535 = CARTESIAN_POINT('',(-1.3335E+03,-159.0670842003,55.55));
#16536 = VECTOR('',#16537,1.);
#16537 = DIRECTION('',(0.,0.,1.));
#16538 = PCURVE('',#16539,#16544);
#16539 = PLANE('',#16540);
#16540 = AXIS2_PLACEMENT_3D('',#16541,#16542,#16543);
#16541 = CARTESIAN_POINT('',(-1.3335E+03,-159.0670842003,55.55));
#16542 = DIRECTION('',(1.,0.,0.));
#16543 = DIRECTION('',(0.,0.,1.));
#16544 = DEFINITIONAL_REPRESENTATION('',(#16545),#16549);
#16545 = LINE('',#16546,#16547);
#16546 = CARTESIAN_POINT('',(0.,0.));
#16547 = VECTOR('',#16548,1.);
#16548 = DIRECTION('',(1.,0.));
#16549 =(GEOMETRIC_REPRESENTATION_CONTEXT(2)PARAMETRIC_REPRESENTATION_CONTEXT()REPRESENTATION_CONTEXT('2D SPACE',''));
#16550 = PCURVE('',#16551,#16556);
#16551 = PLANE('',#16552);
#16552 = AXIS2_PLACEMENT_3D('',#16553,#16554,#16555);
#16553 = CARTESIAN_POINT('',(-1.3335E+03,-159.0670842003,55.55));
#16554 = DIRECTION('',(0.,1.,0.));
#16555 = DIRECTION('',(0.,0.,1.));
#16556 = DEFINITIONAL_REPRESENTATION('',(#16557),#16561);
#16557 = LINE('',#16558,#16559);
#16558 = CARTESIAN_POINT('',(0.,0.));
#16559 = VECTOR('',#16560,1.);
#16560 = DIRECTION('',(1.,0.));
#16561 =(GEOMETRIC_REPRESENTATION_CONTEXT(2)PARAMETRIC_REPRESENTATION_CONTEXT()REPRESENTATION_CONTEXT('2D SPACE',''));
#16562 = ORIENTED_EDGE('',*,*,#16563,.T.);
#16563 = EDGE_CURVE('',#16529,#16564,#16566,.T.);
#16564 = VERTEX_POINT('',#16565);
#16565 = CARTESIAN_POINT('',(-1.3335E+03,1.500331409594E+03,55.55));
#16566 = SURFACE_CURVE('',#16567,(#16571,#16578),.PCURVE_S1.);
#16567 = LINE('',#16568,#16569);
#16568 = CARTESIAN_POINT('',(-1.3335E+03,-159.0670842003,55.55));
#16569 = VECTOR('',#16570,1.);
#16570 = DIRECTION('',(0.,1.,0.));
#16571 = PCURVE('',#16539,#16572);
#16572 = DEFINITIONAL_REPRESENTATION('',(#16573),#16577);
#16573 = LINE('',#16574,#16575);
#16574 = CARTESIAN_POINT('',(0.,0.));
#16575 = VECTOR('',#16576,1.);
#16576 = DIRECTION('',(0.,-1.));
#16577 =(GEOMETRIC_REPRESENTATION_CONTEXT(2)PARAMETRIC_REPRESENTATION_CONTEXT()REPRESENTATION_CONTEXT('2D SPACE',''));
#16578 = PCURVE('',#16579,#16584);
#16579 = PLANE('',#16580);
#16580 = AXIS2_PLACEMENT_3D('',#16581,#16582,#16583);
#16581 = CARTESIAN_POINT('',(-1.3335E+03,-159.0670842003,55.55));
#16582 = DIRECTION('',(0.,0.,1.));
#16583 = DIRECTION('',(1.,0.,0.));
#16584 = DEFINITIONAL_REPRESENTATION('',(#16585),#16589);
#16585 = LINE('',#16586,#16587);
#16586 = CARTESIAN_POINT('',(0.,0.));
#16587 = VECTOR('',#16588,1.);
#16588 = DIRECTION('',(0.,1.));
#16589 =(GEOMETRIC_REPRESENTATION_CONTEXT(2)PARAMETRIC_REPRESENTATION_CONTEXT()REPRESENTATION_CONTEXT('2D SPACE',''));
#16590 = ORIENTED_EDGE('',*,*,#16591,.T.);
#16591 = EDGE_CURVE('',#16564,#16592,#16594,.T.);
#16592 = VERTEX_POINT('',#16593);
#16593 = CARTESIAN_POINT('',(-1.3335E+03,1.500331409594E+03,144.45));
#16594 = SURFACE_CURVE('',#16595,(#16599,#16606),.PCURVE_S1.);
#16595 = LINE('',#16596,#16597);
#16596 = CARTESIAN_POINT('',(-1.3335E+03,1.500331409594E+03,55.55));
#16597 = VECTOR('',#16598,1.);
#16598 = DIRECTION('',(0.,0.,1.));
#16599 = PCURVE('',#16539,#16600);
#16600 = DEFINITIONAL_REPRESENTATION('',(#16601),#16605);
#16601 = LINE('',#16602,#16603);
#16602 = CARTESIAN_POINT('',(0.,-1.659398493794E+03));
#16603 = VECTOR('',#16604,1.);
#16604 = DIRECTION('',(1.,0.));
#16605 =(GEOMETRIC_REPRESENTATION_CONTEXT(2)PARAMETRIC_REPRESENTATION_CONTEXT()REPRESENTATION_CONTEXT('2D SPACE',''));
#16606 = PCURVE('',#16607,#16612);
#16607 = PLANE('',#16608);
#16608 = AXIS2_PLACEMENT_3D('',#16609,#16610,#16611);
#16609 = CARTESIAN_POINT('',(-1.3335E+03,1.500331409594E+03,55.55));
#16610 = DIRECTION('',(0.,1.,0.));
#16611 = DIRECTION('',(0.,0.,1.));
#16612 = DEFINITIONAL_REPRESENTATION('',(#16613),#16617);
#16613 = LINE('',#16614,#16615);
#16614 = CARTESIAN_POINT('',(0.,0.));
#16615 = VECTOR('',#16616,1.);
#16616 = DIRECTION('',(1.,0.));
#16617 =(GEOMETRIC_REPRESENTATION_CONTEXT(2)PARAMETRIC_REPRESENTATION_CONTEXT()REPRESENTATION_CONTEXT('2D SPACE',''));
#16618 = ORIENTED_EDGE('',*,*,#16619,.F.);
#16619 = EDGE_CURVE('',#16531,#16592,#16620,.T.);
#16620 = SURFACE_CURVE('',#16621,(#16625,#16632),.PCURVE_S1.);
#16621 = LINE('',#16622,#16623);
#16622 = CARTESIAN_POINT('',(-1.3335E+03,-159.0670842003,144.45));
#16623 = VECTOR('',#16624,1.);
#16624 = DIRECTION('',(0.,1.,0.));
#16625 = PCURVE('',#16539,#16626);
#16626 = DEFINITIONAL_REPRESENTATION('',(#16627),#16631);
#16627 = LINE('',#16628,#16629);
#16628 = CARTESIAN_POINT('',(88.9,0.));
#16629 = VECTOR('',#16630,1.);
#16630 = DIRECTION('',(0.,-1.));
#16631 =(GEOMETRIC_REPRESENTATION_CONTEXT(2)PARAMETRIC_REPRESENTATION_CONTEXT()REPRESENTATION_CONTEXT('2D SPACE',''));
#16632 = PCURVE('',#16633,#16638);
#16633 = PLANE('',#16634);
#16634 = AXIS2_PLACEMENT_3D('',#16635,#16636,#16637);
#16635 = CARTESIAN_POINT('',(-1.3335E+03,-159.0670842003,144.45));
#16636 = DIRECTION('',(0.,0.,1.));
#16637 = DIRECTION('',(1.,0.,0.));
#16638 = DEFINITIONAL_REPRESENTATION('',(#16639),#16643);
#16639 = LINE('',#16640,#16641);
#16640 = CARTESIAN_POINT('',(0.,0.));
#16641 = VECTOR('',#16642,1.);
#16642 = DIRECTION('',(0.,1.));
#16643 =(GEOMETRIC_REPRESENTATION_CONTEXT(2)PARAMETRIC_REPRESENTATION_CONTEXT()REPRESENTATION_CONTEXT('2D SPACE',''));
#16644 = ADVANCED_FACE('',(#16645),#16659,.T.);
#16645 = FACE_BOUND('',#16646,.T.);
#16646 = EDGE_LOOP('',(#16647,#16677,#16700,#16723));
#16647 = ORIENTED_EDGE('',*,*,#16648,.F.);
#16648 = EDGE_CURVE('',#16649,#16651,#16653,.T.);
#16649 = VERTEX_POINT('',#16650);
#16650 = CARTESIAN_POINT('',(-1.2954E+03,-159.0670842003,55.55));
#16651 = VERTEX_POINT('',#16652);
#16652 = CARTESIAN_POINT('',(-1.2954E+03,-159.0670842003,144.45));
#16653 = SURFACE_CURVE('',#16654,(#16658,#16670),.PCURVE_S1.);
#16654 = LINE('',#16655,#16656);
#16655 = CARTESIAN_POINT('',(-1.2954E+03,-159.0670842003,55.55));
#16656 = VECTOR('',#16657,1.);
#16657 = DIRECTION('',(0.,0.,1.));
#16658 = PCURVE('',#16659,#16664);
#16659 = PLANE('',#16660);
#16660 = AXIS2_PLACEMENT_3D('',#16661,#16662,#16663);
#16661 = CARTESIAN_POINT('',(-1.2954E+03,-159.0670842003,55.55));
#16662 = DIRECTION('',(1.,0.,0.));
#16663 = DIRECTION('',(0.,0.,1.));
#16664 = DEFINITIONAL_REPRESENTATION('',(#16665),#16669);
#16665 = LINE('',#16666,#16667);
#16666 = CARTESIAN_POINT('',(0.,0.));
#16667 = VECTOR('',#16668,1.);
#16668 = DIRECTION('',(1.,0.));
#16669 =(GEOMETRIC_REPRESENTATION_CONTEXT(2)PARAMETRIC_REPRESENTATION_CONTEXT()REPRESENTATION_CONTEXT('2D SPACE',''));
#16670 = PCURVE('',#16551,#16671);
#16671 = DEFINITIONAL_REPRESENTATION('',(#16672),#16676);
#16672 = LINE('',#16673,#16674);
#16673 = CARTESIAN_POINT('',(0.,38.1));
#16674 = VECTOR('',#16675,1.);
#16675 = DIRECTION('',(1.,0.));
#16676 =(GEOMETRIC_REPRESENTATION_CONTEXT(2)PARAMETRIC_REPRESENTATION_CONTEXT()REPRESENTATION_CONTEXT('2D SPACE',''));
#16677 = ORIENTED_EDGE('',*,*,#16678,.T.);
#16678 = EDGE_CURVE('',#16649,#16679,#16681,.T.);
#16679 = VERTEX_POINT('',#16680);
#16680 = CARTESIAN_POINT('',(-1.2954E+03,1.500331409594E+03,55.55));
#16681 = SURFACE_CURVE('',#16682,(#16686,#16693),.PCURVE_S1.);
#16682 = LINE('',#16683,#16684);
#16683 = CARTESIAN_POINT('',(-1.2954E+03,-159.0670842003,55.55));
#16684 = VECTOR('',#16685,1.);
#16685 = DIRECTION('',(0.,1.,0.));
#16686 = PCURVE('',#16659,#16687);
#16687 = DEFINITIONAL_REPRESENTATION('',(#16688),#16692);
#16688 = LINE('',#16689,#16690);
#16689 = CARTESIAN_POINT('',(0.,0.));
#16690 = VECTOR('',#16691,1.);
#16691 = DIRECTION('',(0.,-1.));
#16692 =(GEOMETRIC_REPRESENTATION_CONTEXT(2)PARAMETRIC_REPRESENTATION_CONTEXT()REPRESENTATION_CONTEXT('2D SPACE',''));
#16693 = PCURVE('',#16579,#16694);
#16694 = DEFINITIONAL_REPRESENTATION('',(#16695),#16699);
#16695 = LINE('',#16696,#16697);
#16696 = CARTESIAN_POINT('',(38.1,0.));
#16697 = VECTOR('',#16698,1.);
#16698 = DIRECTION('',(0.,1.));
#16699 =(GEOMETRIC_REPRESENTATION_CONTEXT(2)PARAMETRIC_REPRESENTATION_CONTEXT()REPRESENTATION_CONTEXT('2D SPACE',''));
#16700 = ORIENTED_EDGE('',*,*,#16701,.T.);
#16701 = EDGE_CURVE('',#16679,#16702,#16704,.T.);
#16702 = VERTEX_POINT('',#16703);
#16703 = CARTESIAN_POINT('',(-1.2954E+03,1.500331409594E+03,144.45));
#16704 = SURFACE_CURVE('',#16705,(#16709,#16716),.PCURVE_S1.);
#16705 = LINE('',#16706,#16707);
#16706 = CARTESIAN_POINT('',(-1.2954E+03,1.500331409594E+03,55.55));
#16707 = VECTOR('',#16708,1.);
#16708 = DIRECTION('',(0.,0.,1.));
#16709 = PCURVE('',#16659,#16710);
#16710 = DEFINITIONAL_REPRESENTATION('',(#16711),#16715);
#16711 = LINE('',#16712,#16713);
#16712 = CARTESIAN_POINT('',(0.,-1.659398493794E+03));
#16713 = VECTOR('',#16714,1.);
#16714 = DIRECTION('',(1.,0.));
#16715 =(GEOMETRIC_REPRESENTATION_CONTEXT(2)PARAMETRIC_REPRESENTATION_CONTEXT()REPRESENTATION_CONTEXT('2D SPACE',''));
#16716 = PCURVE('',#16607,#16717);
#16717 = DEFINITIONAL_REPRESENTATION('',(#16718),#16722);
#16718 = LINE('',#16719,#16720);
#16719 = CARTESIAN_POINT('',(0.,38.1));
#16720 = VECTOR('',#16721,1.);
#16721 = DIRECTION('',(1.,0.));
#16722 =(GEOMETRIC_REPRESENTATION_CONTEXT(2)PARAMETRIC_REPRESENTATION_CONTEXT()REPRESENTATION_CONTEXT('2D SPACE',''));
#16723 = ORIENTED_EDGE('',*,*,#16724,.F.);
#16724 = EDGE_CURVE('',#16651,#16702,#16725,.T.);
#16725 = SURFACE_CURVE('',#16726,(#16730,#16737),.PCURVE_S1.);
#16726 = LINE('',#16727,#16728);
#16727 = CARTESIAN_POINT('',(-1.2954E+03,-159.0670842003,144.45));
#16728 = VECTOR('',#16729,1.);
#16729 = DIRECTION('',(0.,1.,0.));
#16730 = PCURVE('',#16659,#16731);
#16731 = DEFINITIONAL_REPRESENTATION('',(#16732),#16736);
#16732 = LINE('',#16733,#16734);
#16733 = CARTESIAN_POINT('',(88.9,0.));
#16734 = VECTOR('',#16735,1.);
#16735 = DIRECTION('',(0.,-1.));
#16736 =(GEOMETRIC_REPRESENTATION_CONTEXT(2)PARAMETRIC_REPRESENTATION_CONTEXT()REPRESENTATION_CONTEXT('2D SPACE',''));
#16737 = PCURVE('',#16633,#16738);
#16738 = DEFINITIONAL_REPRESENTATION('',(#16739),#16743);
#16739 = LINE('',#16740,#16741);
#16740 = CARTESIAN_POINT('',(38.1,0.));
#16741 = VECTOR('',#16742,1.);
#16742 = DIRECTION('',(0.,1.));
#16743 =(GEOMETRIC_REPRESENTATION_CONTEXT(2)PARAMETRIC_REPRESENTATION_CONTEXT()REPRESENTATION_CONTEXT('2D SPACE',''));
#16744 = ADVANCED_FACE('',(#16745),#16551,.F.);
#16745 = FACE_BOUND('',#16746,.F.);
#16746 = EDGE_LOOP('',(#16747,#16768,#16769,#16790));
#16747 = ORIENTED_EDGE('',*,*,#16748,.F.);
#16748 = EDGE_CURVE('',#16529,#16649,#16749,.T.);
#16749 = SURFACE_CURVE('',#16750,(#16754,#16761),.PCURVE_S1.);
#16750 = LINE('',#16751,#16752);
#16751 = CARTESIAN_POINT('',(-1.3335E+03,-159.0670842003,55.55));
#16752 = VECTOR('',#16753,1.);
#16753 = DIRECTION('',(1.,0.,0.));
#16754 = PCURVE('',#16551,#16755);
#16755 = DEFINITIONAL_REPRESENTATION('',(#16756),#16760);
#16756 = LINE('',#16757,#16758);
#16757 = CARTESIAN_POINT('',(0.,0.));
#16758 = VECTOR('',#16759,1.);
#16759 = DIRECTION('',(0.,1.));
#16760 =(GEOMETRIC_REPRESENTATION_CONTEXT(2)PARAMETRIC_REPRESENTATION_CONTEXT()REPRESENTATION_CONTEXT('2D SPACE',''));
#16761 = PCURVE('',#16579,#16762);
#16762 = DEFINITIONAL_REPRESENTATION('',(#16763),#16767);
#16763 = LINE('',#16764,#16765);
#16764 = CARTESIAN_POINT('',(0.,0.));
#16765 = VECTOR('',#16766,1.);
#16766 = DIRECTION('',(1.,0.));
#16767 =(GEOMETRIC_REPRESENTATION_CONTEXT(2)PARAMETRIC_REPRESENTATION_CONTEXT()REPRESENTATION_CONTEXT('2D SPACE',''));
#16768 = ORIENTED_EDGE('',*,*,#16528,.T.);
#16769 = ORIENTED_EDGE('',*,*,#16770,.T.);
#16770 = EDGE_CURVE('',#16531,#16651,#16771,.T.);
#16771 = SURFACE_CURVE('',#16772,(#16776,#16783),.PCURVE_S1.);
#16772 = LINE('',#16773,#16774);
#16773 = CARTESIAN_POINT('',(-1.3335E+03,-159.0670842003,144.45));
#16774 = VECTOR('',#16775,1.);
#16775 = DIRECTION('',(1.,0.,0.));
#16776 = PCURVE('',#16551,#16777);
#16777 = DEFINITIONAL_REPRESENTATION('',(#16778),#16782);
#16778 = LINE('',#16779,#16780);
#16779 = CARTESIAN_POINT('',(88.9,0.));
#16780 = VECTOR('',#16781,1.);
#16781 = DIRECTION('',(0.,1.));
#16782 =(GEOMETRIC_REPRESENTATION_CONTEXT(2)PARAMETRIC_REPRESENTATION_CONTEXT()REPRESENTATION_CONTEXT('2D SPACE',''));
#16783 = PCURVE('',#16633,#16784);
#16784 = DEFINITIONAL_REPRESENTATION('',(#16785),#16789);
#16785 = LINE('',#16786,#16787);
#16786 = CARTESIAN_POINT('',(0.,0.));
#16787 = VECTOR('',#16788,1.);
#16788 = DIRECTION('',(1.,0.));
#16789 =(GEOMETRIC_REPRESENTATION_CONTEXT(2)PARAMETRIC_REPRESENTATION_CONTEXT()REPRESENTATION_CONTEXT('2D SPACE',''));
#16790 = ORIENTED_EDGE('',*,*,#16648,.F.);
#16791 = ADVANCED_FACE('',(#16792),#16607,.T.);
#16792 = FACE_BOUND('',#16793,.T.);
#16793 = EDGE_LOOP('',(#16794,#16815,#16816,#16837));
#16794 = ORIENTED_EDGE('',*,*,#16795,.F.);
#16795 = EDGE_CURVE('',#16564,#16679,#16796,.T.);
#16796 = SURFACE_CURVE('',#16797,(#16801,#16808),.PCURVE_S1.);
#16797 = LINE('',#16798,#16799);
#16798 = CARTESIAN_POINT('',(-1.3335E+03,1.500331409594E+03,55.55));
#16799 = VECTOR('',#16800,1.);
#16800 = DIRECTION('',(1.,0.,0.));
#16801 = PCURVE('',#16607,#16802);
#16802 = DEFINITIONAL_REPRESENTATION('',(#16803),#16807);
#16803 = LINE('',#16804,#16805);
#16804 = CARTESIAN_POINT('',(0.,0.));
#16805 = VECTOR('',#16806,1.);
#16806 = DIRECTION('',(0.,1.));
#16807 =(GEOMETRIC_REPRESENTATION_CONTEXT(2)PARAMETRIC_REPRESENTATION_CONTEXT()REPRESENTATION_CONTEXT('2D SPACE',''));
#16808 = PCURVE('',#16579,#16809);
#16809 = DEFINITIONAL_REPRESENTATION('',(#16810),#16814);
#16810 = LINE('',#16811,#16812);
#16811 = CARTESIAN_POINT('',(0.,1.659398493794E+03));
#16812 = VECTOR('',#16813,1.);
#16813 = DIRECTION('',(1.,0.));
#16814 =(GEOMETRIC_REPRESENTATION_CONTEXT(2)PARAMETRIC_REPRESENTATION_CONTEXT()REPRESENTATION_CONTEXT('2D SPACE',''));
#16815 = ORIENTED_EDGE('',*,*,#16591,.T.);
#16816 = ORIENTED_EDGE('',*,*,#16817,.T.);
#16817 = EDGE_CURVE('',#16592,#16702,#16818,.T.);
#16818 = SURFACE_CURVE('',#16819,(#16823,#16830),.PCURVE_S1.);
#16819 = LINE('',#16820,#16821);
#16820 = CARTESIAN_POINT('',(-1.3335E+03,1.500331409594E+03,144.45));
#16821 = VECTOR('',#16822,1.);
#16822 = DIRECTION('',(1.,0.,0.));
#16823 = PCURVE('',#16607,#16824);
#16824 = DEFINITIONAL_REPRESENTATION('',(#16825),#16829);
#16825 = LINE('',#16826,#16827);
#16826 = CARTESIAN_POINT('',(88.9,0.));
#16827 = VECTOR('',#16828,1.);
#16828 = DIRECTION('',(0.,1.));
#16829 =(GEOMETRIC_REPRESENTATION_CONTEXT(2)PARAMETRIC_REPRESENTATION_CONTEXT()REPRESENTATION_CONTEXT('2D SPACE',''));
#16830 = PCURVE('',#16633,#16831);
#16831 = DEFINITIONAL_REPRESENTATION('',(#16832),#16836);
#16832 = LINE('',#16833,#16834);
#16833 = CARTESIAN_POINT('',(0.,1.659398493794E+03));
#16834 = VECTOR('',#16835,1.);
#16835 = DIRECTION('',(1.,0.));
#16836 =(GEOMETRIC_REPRESENTATION_CONTEXT(2)PARAMETRIC_REPRESENTATION_CONTEXT()REPRESENTATION_CONTEXT('2D SPACE',''));
#16837 = ORIENTED_EDGE('',*,*,#16701,.F.);
#16838 = ADVANCED_FACE('',(#16839),#16579,.F.);
#16839 = FACE_BOUND('',#16840,.F.);
#16840 = EDGE_LOOP('',(#16841,#16842,#16843,#16844));
#16841 = ORIENTED_EDGE('',*,*,#16563,.F.);
#16842 = ORIENTED_EDGE('',*,*,#16748,.T.);
#16843 = ORIENTED_EDGE('',*,*,#16678,.T.);
#16844 = ORIENTED_EDGE('',*,*,#16795,.F.);
#16845 = ADVANCED_FACE('',(#16846),#16633,.T.);
#16846 = FACE_BOUND('',#16847,.T.);
#16847 = EDGE_LOOP('',(#16848,#16849,#16850,#16851));
#16848 = ORIENTED_EDGE('',*,*,#16619,.F.);
#16849 = ORIENTED_EDGE('',*,*,#16770,.T.);
#16850 = ORIENTED_EDGE('',*,*,#16724,.T.);
#16851 = ORIENTED_EDGE('',*,*,#16817,.F.);
#16852 =(GEOMETRIC_REPRESENTATION_CONTEXT(3)GLOBAL_UNCERTAINTY_ASSIGNED_CONTEXT((#16856))GLOBAL_UNIT_ASSIGNED_CONTEXT((#16853,#16854,#16855))REPRESENTATION_CONTEXT('Context #1','3D Context with UNIT and UNCERTAINTY'));
#16853 =(LENGTH_UNIT()NAMED_UNIT(*)SI_UNIT(.MILLI.,.METRE.));
#16854 =(NAMED_UNIT(*)PLANE_ANGLE_UNIT()SI_UNIT($,.RADIAN.));
#16855 =(NAMED_UNIT(*)SI_UNIT($,.STERADIAN.)SOLID_ANGLE_UNIT());
#16856 = UNCERTAINTY_MEASURE_WITH_UNIT(LENGTH_MEASURE(1.E-07),#16853,'distance_accuracy_value','confusion accuracy');
#16857 = CONTEXT_DEPENDENT_SHAPE_REPRESENTATION(#16858,#16860);
#16858 =(REPRESENTATION_RELATIONSHIP('','',#16521,#10)REPRESENTATION_RELATIONSHIP_WITH_TRANSFORMATION(#16859)SHAPE_REPRESENTATION_RELATIONSHIP());
#16859 = ITEM_DEFINED_TRANSFORMATION('','',#11,#195);
#16860 = PRODUCT_DEFINITION_SHAPE('Placement','Placement of an item',#16861);
#16861 = NEXT_ASSEMBLY_USAGE_OCCURRENCE('46','base_rail_left','',#5,#16516,$);
#16862 = PRODUCT_RELATED_PRODUCT_CATEGORY('part',$,(#16518));
#16863 = SHAPE_DEFINITION_REPRESENTATION(#16864,#16870);
#16864 = PRODUCT_DEFINITION_SHAPE('','',#16865);
#16865 = PRODUCT_DEFINITION('design','',#16866,#16869);
#16866 = PRODUCT_DEFINITION_FORMATION('','',#16867);
#16867 = PRODUCT('base_spacer_left','base_spacer_left','',(#16868));
#16868 = PRODUCT_CONTEXT('',#2,'mechanical');
#16869 = PRODUCT_DEFINITION_CONTEXT('part definition',#2,'design');
#16870 = ADVANCED_BREP_SHAPE_REPRESENTATION('',(#11,#16871),#17197);
#16871 = MANIFOLD_SOLID_BREP('',#16872);
#16872 = CLOSED_SHELL('',(#16873,#16989,#17065,#17114,#17163,#17190));
#16873 = ADVANCED_FACE('',(#16874),#16888,.F.);
#16874 = FACE_BOUND('',#16875,.F.);
#16875 = EDGE_LOOP('',(#16876,#16911,#16937,#16965));
#16876 = ORIENTED_EDGE('',*,*,#16877,.F.);
#16877 = EDGE_CURVE('',#16878,#16880,#16882,.T.);
#16878 = VERTEX_POINT('',#16879);
#16879 = CARTESIAN_POINT('',(-1.2954E+03,-18.,55.55));
#16880 = VERTEX_POINT('',#16881);
#16881 = CARTESIAN_POINT('',(-1.2954E+03,-18.,144.45));
#16882 = SURFACE_CURVE('',#16883,(#16887,#16899),.PCURVE_S1.);
#16883 = LINE('',#16884,#16885);
#16884 = CARTESIAN_POINT('',(-1.2954E+03,-18.,0.));
#16885 = VECTOR('',#16886,1.);
#16886 = DIRECTION('',(0.,0.,1.));
#16887 = PCURVE('',#16888,#16893);
#16888 = PLANE('',#16889);
#16889 = AXIS2_PLACEMENT_3D('',#16890,#16891,#16892);
#16890 = CARTESIAN_POINT('',(-1.2954E+03,-18.,0.));
#16891 = DIRECTION('',(0.,-1.,0.));
#16892 = DIRECTION('',(0.,0.,1.));
#16893 = DEFINITIONAL_REPRESENTATION('',(#16894),#16898);
#16894 = LINE('',#16895,#16896);
#16895 = CARTESIAN_POINT('',(0.,0.));
#16896 = VECTOR('',#16897,1.);
#16897 = DIRECTION('',(1.,0.));
#16898 =(GEOMETRIC_REPRESENTATION_CONTEXT(2)PARAMETRIC_REPRESENTATION_CONTEXT()REPRESENTATION_CONTEXT('2D SPACE',''));
#16899 = PCURVE('',#16900,#16905);
#16900 = PLANE('',#16901);
#16901 = AXIS2_PLACEMENT_3D('',#16902,#16903,#16904);
#16902 = CARTESIAN_POINT('',(-1.2954E+03,-97.87680034312,152.86306353085));
#16903 = DIRECTION('',(1.,0.,0.));
#16904 = DIRECTION('',(-0.,0.,1.));
#16905 = DEFINITIONAL_REPRESENTATION('',(#16906),#16910);
#16906 = LINE('',#16907,#16908);
#16907 = CARTESIAN_POINT('',(-152.8630635308,-79.87680034312));
#16908 = VECTOR('',#16909,1.);
#16909 = DIRECTION('',(1.,0.));
#16910 =(GEOMETRIC_REPRESENTATION_CONTEXT(2)PARAMETRIC_REPRESENTATION_CONTEXT()REPRESENTATION_CONTEXT('2D SPACE',''));
#16911 = ORIENTED_EDGE('',*,*,#16912,.F.);
#16912 = EDGE_CURVE('',#16913,#16878,#16915,.T.);
#16913 = VERTEX_POINT('',#16914);
#16914 = CARTESIAN_POINT('',(-1.2573E+03,-18.,55.55));
#16915 = SURFACE_CURVE('',#16916,(#16920,#16926),.PCURVE_S1.);
#16916 = LINE('',#16917,#16918);
#16917 = CARTESIAN_POINT('',(-1.2954E+03,-18.,55.55));
#16918 = VECTOR('',#16919,1.);
#16919 = DIRECTION('',(-1.,0.,0.));
#16920 = PCURVE('',#16888,#16921);
#16921 = DEFINITIONAL_REPRESENTATION('',(#16922),#16925);
#16922 = B_SPLINE_CURVE_WITH_KNOTS('',1,(#16923,#16924),.UNSPECIFIED.,.F.,.F.,(2,2),(-38.1,-2.273736754432E-13),.PIECEWISE_BEZIER_KNOTS.);
#16923 = CARTESIAN_POINT('',(55.55,-38.1));
#16924 = CARTESIAN_POINT('',(55.55,0.));
#16925 =(GEOMETRIC_REPRESENTATION_CONTEXT(2)PARAMETRIC_REPRESENTATION_CONTEXT()REPRESENTATION_CONTEXT('2D SPACE',''));
#16926 = PCURVE('',#16927,#16932);
#16927 = PLANE('',#16928);
#16928 = AXIS2_PLACEMENT_3D('',#16929,#16930,#16931);
#16929 = CARTESIAN_POINT('',(-1.2954E+03,-159.0670842003,55.55));
#16930 = DIRECTION('',(0.,0.,1.));
#16931 = DIRECTION('',(1.,0.,0.));
#16932 = DEFINITIONAL_REPRESENTATION('',(#16933),#16936);
#16933 = B_SPLINE_CURVE_WITH_KNOTS('',1,(#16934,#16935),.UNSPECIFIED.,.F.,.F.,(2,2),(-38.1,-2.273736754432E-13),.PIECEWISE_BEZIER_KNOTS.);
#16934 = CARTESIAN_POINT('',(38.1,141.06708420036));
#16935 = CARTESIAN_POINT('',(2.273736754432E-13,141.06708420036));
#16936 =(GEOMETRIC_REPRESENTATION_CONTEXT(2)PARAMETRIC_REPRESENTATION_CONTEXT()REPRESENTATION_CONTEXT('2D SPACE',''));
#16937 = ORIENTED_EDGE('',*,*,#16938,.T.);
#16938 = EDGE_CURVE('',#16913,#16939,#16941,.T.);
#16939 = VERTEX_POINT('',#16940);
#16940 = CARTESIAN_POINT('',(-1.2573E+03,-18.,144.45));
#16941 = SURFACE_CURVE('',#16942,(#16946,#16953),.PCURVE_S1.);
#16942 = LINE('',#16943,#16944);
#16943 = CARTESIAN_POINT('',(-1.2573E+03,-18.,0.));
#16944 = VECTOR('',#16945,1.);
#16945 = DIRECTION('',(0.,0.,1.));
#16946 = PCURVE('',#16888,#16947);
#16947 = DEFINITIONAL_REPRESENTATION('',(#16948),#16952);
#16948 = LINE('',#16949,#16950);
#16949 = CARTESIAN_POINT('',(0.,-38.1));
#16950 = VECTOR('',#16951,1.);
#16951 = DIRECTION('',(1.,0.));
#16952 =(GEOMETRIC_REPRESENTATION_CONTEXT(2)PARAMETRIC_REPRESENTATION_CONTEXT()REPRESENTATION_CONTEXT('2D SPACE',''));
#16953 = PCURVE('',#16954,#16959);
#16954 = PLANE('',#16955);
#16955 = AXIS2_PLACEMENT_3D('',#16956,#16957,#16958);
#16956 = CARTESIAN_POINT('',(-1.2573E+03,-97.87680034312,152.86306353085));
#16957 = DIRECTION('',(1.,0.,0.));
#16958 = DIRECTION('',(-0.,0.,1.));
#16959 = DEFINITIONAL_REPRESENTATION('',(#16960),#16964);
#16960 = LINE('',#16961,#16962);
#16961 = CARTESIAN_POINT('',(-152.8630635308,-79.87680034312));
#16962 = VECTOR('',#16963,1.);
#16963 = DIRECTION('',(1.,0.));
#16964 =(GEOMETRIC_REPRESENTATION_CONTEXT(2)PARAMETRIC_REPRESENTATION_CONTEXT()REPRESENTATION_CONTEXT('2D SPACE',''));
#16965 = ORIENTED_EDGE('',*,*,#16966,.T.);
#16966 = EDGE_CURVE('',#16939,#16880,#16967,.T.);
#16967 = SURFACE_CURVE('',#16968,(#16972,#16978),.PCURVE_S1.);
#16968 = LINE('',#16969,#16970);
#16969 = CARTESIAN_POINT('',(-1.2954E+03,-18.,144.45));
#16970 = VECTOR('',#16971,1.);
#16971 = DIRECTION('',(-1.,0.,0.));
#16972 = PCURVE('',#16888,#16973);
#16973 = DEFINITIONAL_REPRESENTATION('',(#16974),#16977);
#16974 = B_SPLINE_CURVE_WITH_KNOTS('',1,(#16975,#16976),.UNSPECIFIED.,.F.,.F.,(2,2),(-38.1,-2.273736754432E-13),.PIECEWISE_BEZIER_KNOTS.);
#16975 = CARTESIAN_POINT('',(144.45,-38.1));
#16976 = CARTESIAN_POINT('',(144.45,0.));
#16977 =(GEOMETRIC_REPRESENTATION_CONTEXT(2)PARAMETRIC_REPRESENTATION_CONTEXT()REPRESENTATION_CONTEXT('2D SPACE',''));
#16978 = PCURVE('',#16979,#16984);
#16979 = PLANE('',#16980);
#16980 = AXIS2_PLACEMENT_3D('',#16981,#16982,#16983);
#16981 = CARTESIAN_POINT('',(-1.2954E+03,-159.0670842003,144.45));
#16982 = DIRECTION('',(0.,0.,1.));
#16983 = DIRECTION('',(1.,0.,0.));
#16984 = DEFINITIONAL_REPRESENTATION('',(#16985),#16988);
#16985 = B_SPLINE_CURVE_WITH_KNOTS('',1,(#16986,#16987),.UNSPECIFIED.,.F.,.F.,(2,2),(-38.1,-2.273736754432E-13),.PIECEWISE_BEZIER_KNOTS.);
#16986 = CARTESIAN_POINT('',(38.1,141.06708420036));
#16987 = CARTESIAN_POINT('',(2.273736754432E-13,141.06708420036));
#16988 =(GEOMETRIC_REPRESENTATION_CONTEXT(2)PARAMETRIC_REPRESENTATION_CONTEXT()REPRESENTATION_CONTEXT('2D SPACE',''));
#16989 = ADVANCED_FACE('',(#16990),#16900,.F.);
#16990 = FACE_BOUND('',#16991,.F.);
#16991 = EDGE_LOOP('',(#16992,#17015,#17016,#17039));
#16992 = ORIENTED_EDGE('',*,*,#16993,.T.);
#16993 = EDGE_CURVE('',#16994,#16878,#16996,.T.);
#16994 = VERTEX_POINT('',#16995);
#16995 = CARTESIAN_POINT('',(-1.2954E+03,-159.0670842003,55.55));
#16996 = SURFACE_CURVE('',#16997,(#17001,#17008),.PCURVE_S1.);
#16997 = LINE('',#16998,#16999);
#16998 = CARTESIAN_POINT('',(-1.2954E+03,-159.0670842003,55.55));
#16999 = VECTOR('',#17000,1.);
#17000 = DIRECTION('',(0.,1.,0.));
#17001 = PCURVE('',#16900,#17002);
#17002 = DEFINITIONAL_REPRESENTATION('',(#17003),#17007);
#17003 = LINE('',#17004,#17005);
#17004 = CARTESIAN_POINT('',(-97.31306353085,61.190283857237));
#17005 = VECTOR('',#17006,1.);
#17006 = DIRECTION('',(0.,-1.));
#17007 =(GEOMETRIC_REPRESENTATION_CONTEXT(2)PARAMETRIC_REPRESENTATION_CONTEXT()REPRESENTATION_CONTEXT('2D SPACE',''));
#17008 = PCURVE('',#16927,#17009);
#17009 = DEFINITIONAL_REPRESENTATION('',(#17010),#17014);
#17010 = LINE('',#17011,#17012);
#17011 = CARTESIAN_POINT('',(0.,0.));
#17012 = VECTOR('',#17013,1.);
#17013 = DIRECTION('',(0.,1.));
#17014 =(GEOMETRIC_REPRESENTATION_CONTEXT(2)PARAMETRIC_REPRESENTATION_CONTEXT()REPRESENTATION_CONTEXT('2D SPACE',''));
#17015 = ORIENTED_EDGE('',*,*,#16877,.T.);
#17016 = ORIENTED_EDGE('',*,*,#17017,.F.);
#17017 = EDGE_CURVE('',#17018,#16880,#17020,.T.);
#17018 = VERTEX_POINT('',#17019);
#17019 = CARTESIAN_POINT('',(-1.2954E+03,-159.0670842003,144.45));
#17020 = SURFACE_CURVE('',#17021,(#17025,#17032),.PCURVE_S1.);
#17021 = LINE('',#17022,#17023);
#17022 = CARTESIAN_POINT('',(-1.2954E+03,-159.0670842003,144.45));
#17023 = VECTOR('',#17024,1.);
#17024 = DIRECTION('',(0.,1.,0.));
#17025 = PCURVE('',#16900,#17026);
#17026 = DEFINITIONAL_REPRESENTATION('',(#17027),#17031);
#17027 = LINE('',#17028,#17029);
#17028 = CARTESIAN_POINT('',(-8.413063530854,61.190283857237));
#17029 = VECTOR('',#17030,1.);
#17030 = DIRECTION('',(0.,-1.));
#17031 =(GEOMETRIC_REPRESENTATION_CONTEXT(2)PARAMETRIC_REPRESENTATION_CONTEXT()REPRESENTATION_CONTEXT('2D SPACE',''));
#17032 = PCURVE('',#16979,#17033);
#17033 = DEFINITIONAL_REPRESENTATION('',(#17034),#17038);
#17034 = LINE('',#17035,#17036);
#17035 = CARTESIAN_POINT('',(0.,0.));
#17036 = VECTOR('',#17037,1.);
#17037 = DIRECTION('',(0.,1.));
#17038 =(GEOMETRIC_REPRESENTATION_CONTEXT(2)PARAMETRIC_REPRESENTATION_CONTEXT()REPRESENTATION_CONTEXT('2D SPACE',''));
#17039 = ORIENTED_EDGE('',*,*,#17040,.F.);
#17040 = EDGE_CURVE('',#16994,#17018,#17041,.T.);
#17041 = SURFACE_CURVE('',#17042,(#17046,#17053),.PCURVE_S1.);
#17042 = LINE('',#17043,#17044);
#17043 = CARTESIAN_POINT('',(-1.2954E+03,-159.0670842003,55.55));
#17044 = VECTOR('',#17045,1.);
#17045 = DIRECTION('',(0.,0.,1.));
#17046 = PCURVE('',#16900,#17047);
#17047 = DEFINITIONAL_REPRESENTATION('',(#17048),#17052);
#17048 = LINE('',#17049,#17050);
#17049 = CARTESIAN_POINT('',(-97.31306353085,61.190283857237));
#17050 = VECTOR('',#17051,1.);
#17051 = DIRECTION('',(1.,0.));
#17052 =(GEOMETRIC_REPRESENTATION_CONTEXT(2)PARAMETRIC_REPRESENTATION_CONTEXT()REPRESENTATION_CONTEXT('2D SPACE',''));
#17053 = PCURVE('',#17054,#17059);
#17054 = PLANE('',#17055);
#17055 = AXIS2_PLACEMENT_3D('',#17056,#17057,#17058);
#17056 = CARTESIAN_POINT('',(-1.2954E+03,-159.0670842003,55.55));
#17057 = DIRECTION('',(0.,1.,0.));
#17058 = DIRECTION('',(0.,0.,1.));
#17059 = DEFINITIONAL_REPRESENTATION('',(#17060),#17064);
#17060 = LINE('',#17061,#17062);
#17061 = CARTESIAN_POINT('',(0.,0.));
#17062 = VECTOR('',#17063,1.);
#17063 = DIRECTION('',(1.,0.));
#17064 =(GEOMETRIC_REPRESENTATION_CONTEXT(2)PARAMETRIC_REPRESENTATION_CONTEXT()REPRESENTATION_CONTEXT('2D SPACE',''));
#17065 = ADVANCED_FACE('',(#17066),#16979,.T.);
#17066 = FACE_BOUND('',#17067,.T.);
#17067 = EDGE_LOOP('',(#17068,#17069,#17092,#17113));
#17068 = ORIENTED_EDGE('',*,*,#17017,.F.);
#17069 = ORIENTED_EDGE('',*,*,#17070,.T.);
#17070 = EDGE_CURVE('',#17018,#17071,#17073,.T.);
#17071 = VERTEX_POINT('',#17072);
#17072 = CARTESIAN_POINT('',(-1.2573E+03,-159.0670842003,144.45));
#17073 = SURFACE_CURVE('',#17074,(#17078,#17085),.PCURVE_S1.);
#17074 = LINE('',#17075,#17076);
#17075 = CARTESIAN_POINT('',(-1.2954E+03,-159.0670842003,144.45));
#17076 = VECTOR('',#17077,1.);
#17077 = DIRECTION('',(1.,0.,0.));
#17078 = PCURVE('',#16979,#17079);
#17079 = DEFINITIONAL_REPRESENTATION('',(#17080),#17084);
#17080 = LINE('',#17081,#17082);
#17081 = CARTESIAN_POINT('',(0.,0.));
#17082 = VECTOR('',#17083,1.);
#17083 = DIRECTION('',(1.,0.));
#17084 =(GEOMETRIC_REPRESENTATION_CONTEXT(2)PARAMETRIC_REPRESENTATION_CONTEXT()REPRESENTATION_CONTEXT('2D SPACE',''));
#17085 = PCURVE('',#17054,#17086);
#17086 = DEFINITIONAL_REPRESENTATION('',(#17087),#17091);
#17087 = LINE('',#17088,#17089);
#17088 = CARTESIAN_POINT('',(88.9,0.));
#17089 = VECTOR('',#17090,1.);
#17090 = DIRECTION('',(0.,1.));
#17091 =(GEOMETRIC_REPRESENTATION_CONTEXT(2)PARAMETRIC_REPRESENTATION_CONTEXT()REPRESENTATION_CONTEXT('2D SPACE',''));
#17092 = ORIENTED_EDGE('',*,*,#17093,.T.);
#17093 = EDGE_CURVE('',#17071,#16939,#17094,.T.);
#17094 = SURFACE_CURVE('',#17095,(#17099,#17106),.PCURVE_S1.);
#17095 = LINE('',#17096,#17097);
#17096 = CARTESIAN_POINT('',(-1.2573E+03,-159.0670842003,144.45));
#17097 = VECTOR('',#17098,1.);
#17098 = DIRECTION('',(0.,1.,0.));
#17099 = PCURVE('',#16979,#17100);
#17100 = DEFINITIONAL_REPRESENTATION('',(#17101),#17105);
#17101 = LINE('',#17102,#17103);
#17102 = CARTESIAN_POINT('',(38.1,0.));
#17103 = VECTOR('',#17104,1.);
#17104 = DIRECTION('',(0.,1.));
#17105 =(GEOMETRIC_REPRESENTATION_CONTEXT(2)PARAMETRIC_REPRESENTATION_CONTEXT()REPRESENTATION_CONTEXT('2D SPACE',''));
#17106 = PCURVE('',#16954,#17107);
#17107 = DEFINITIONAL_REPRESENTATION('',(#17108),#17112);
#17108 = LINE('',#17109,#17110);
#17109 = CARTESIAN_POINT('',(-8.413063530854,61.190283857237));
#17110 = VECTOR('',#17111,1.);
#17111 = DIRECTION('',(0.,-1.));
#17112 =(GEOMETRIC_REPRESENTATION_CONTEXT(2)PARAMETRIC_REPRESENTATION_CONTEXT()REPRESENTATION_CONTEXT('2D SPACE',''));
#17113 = ORIENTED_EDGE('',*,*,#16966,.T.);
#17114 = ADVANCED_FACE('',(#17115),#16954,.T.);
#17115 = FACE_BOUND('',#17116,.T.);
#17116 = EDGE_LOOP('',(#17117,#17140,#17141,#17142));
#17117 = ORIENTED_EDGE('',*,*,#17118,.T.);
#17118 = EDGE_CURVE('',#17119,#16913,#17121,.T.);
#17119 = VERTEX_POINT('',#17120);
#17120 = CARTESIAN_POINT('',(-1.2573E+03,-159.0670842003,55.55));
#17121 = SURFACE_CURVE('',#17122,(#17126,#17133),.PCURVE_S1.);
#17122 = LINE('',#17123,#17124);
#17123 = CARTESIAN_POINT('',(-1.2573E+03,-159.0670842003,55.55));
#17124 = VECTOR('',#17125,1.);
#17125 = DIRECTION('',(0.,1.,0.));
#17126 = PCURVE('',#16954,#17127);
#17127 = DEFINITIONAL_REPRESENTATION('',(#17128),#17132);
#17128 = LINE('',#17129,#17130);
#17129 = CARTESIAN_POINT('',(-97.31306353085,61.190283857237));
#17130 = VECTOR('',#17131,1.);
#17131 = DIRECTION('',(0.,-1.));
#17132 =(GEOMETRIC_REPRESENTATION_CONTEXT(2)PARAMETRIC_REPRESENTATION_CONTEXT()REPRESENTATION_CONTEXT('2D SPACE',''));
#17133 = PCURVE('',#16927,#17134);
#17134 = DEFINITIONAL_REPRESENTATION('',(#17135),#17139);
#17135 = LINE('',#17136,#17137);
#17136 = CARTESIAN_POINT('',(38.1,0.));
#17137 = VECTOR('',#17138,1.);
#17138 = DIRECTION('',(0.,1.));
#17139 =(GEOMETRIC_REPRESENTATION_CONTEXT(2)PARAMETRIC_REPRESENTATION_CONTEXT()REPRESENTATION_CONTEXT('2D SPACE',''));
#17140 = ORIENTED_EDGE('',*,*,#16938,.T.);
#17141 = ORIENTED_EDGE('',*,*,#17093,.F.);
#17142 = ORIENTED_EDGE('',*,*,#17143,.F.);
#17143 = EDGE_CURVE('',#17119,#17071,#17144,.T.);
#17144 = SURFACE_CURVE('',#17145,(#17149,#17156),.PCURVE_S1.);
#17145 = LINE('',#17146,#17147);
#17146 = CARTESIAN_POINT('',(-1.2573E+03,-159.0670842003,55.55));
#17147 = VECTOR('',#17148,1.);
#17148 = DIRECTION('',(0.,0.,1.));
#17149 = PCURVE('',#16954,#17150);
#17150 = DEFINITIONAL_REPRESENTATION('',(#17151),#17155);
#17151 = LINE('',#17152,#17153);
#17152 = CARTESIAN_POINT('',(-97.31306353085,61.190283857237));
#17153 = VECTOR('',#17154,1.);
#17154 = DIRECTION('',(1.,0.));
#17155 =(GEOMETRIC_REPRESENTATION_CONTEXT(2)PARAMETRIC_REPRESENTATION_CONTEXT()REPRESENTATION_CONTEXT('2D SPACE',''));
#17156 = PCURVE('',#17054,#17157);
#17157 = DEFINITIONAL_REPRESENTATION('',(#17158),#17162);
#17158 = LINE('',#17159,#17160);
#17159 = CARTESIAN_POINT('',(0.,38.1));
#17160 = VECTOR('',#17161,1.);
#17161 = DIRECTION('',(1.,0.));
#17162 =(GEOMETRIC_REPRESENTATION_CONTEXT(2)PARAMETRIC_REPRESENTATION_CONTEXT()REPRESENTATION_CONTEXT('2D SPACE',''));
#17163 = ADVANCED_FACE('',(#17164),#16927,.F.);
#17164 = FACE_BOUND('',#17165,.F.);
#17165 = EDGE_LOOP('',(#17166,#17167,#17188,#17189));
#17166 = ORIENTED_EDGE('',*,*,#16993,.F.);
#17167 = ORIENTED_EDGE('',*,*,#17168,.T.);
#17168 = EDGE_CURVE('',#16994,#17119,#17169,.T.);
#17169 = SURFACE_CURVE('',#17170,(#17174,#17181),.PCURVE_S1.);
#17170 = LINE('',#17171,#17172);
#17171 = CARTESIAN_POINT('',(-1.2954E+03,-159.0670842003,55.55));
#17172 = VECTOR('',#17173,1.);
#17173 = DIRECTION('',(1.,0.,0.));
#17174 = PCURVE('',#16927,#17175);
#17175 = DEFINITIONAL_REPRESENTATION('',(#17176),#17180);
#17176 = LINE('',#17177,#17178);
#17177 = CARTESIAN_POINT('',(0.,0.));
#17178 = VECTOR('',#17179,1.);
#17179 = DIRECTION('',(1.,0.));
#17180 =(GEOMETRIC_REPRESENTATION_CONTEXT(2)PARAMETRIC_REPRESENTATION_CONTEXT()REPRESENTATION_CONTEXT('2D SPACE',''));
#17181 = PCURVE('',#17054,#17182);
#17182 = DEFINITIONAL_REPRESENTATION('',(#17183),#17187);
#17183 = LINE('',#17184,#17185);
#17184 = CARTESIAN_POINT('',(0.,0.));
#17185 = VECTOR('',#17186,1.);
#17186 = DIRECTION('',(0.,1.));
#17187 =(GEOMETRIC_REPRESENTATION_CONTEXT(2)PARAMETRIC_REPRESENTATION_CONTEXT()REPRESENTATION_CONTEXT('2D SPACE',''));
#17188 = ORIENTED_EDGE('',*,*,#17118,.T.);
#17189 = ORIENTED_EDGE('',*,*,#16912,.T.);
#17190 = ADVANCED_FACE('',(#17191),#17054,.F.);
#17191 = FACE_BOUND('',#17192,.F.);
#17192 = EDGE_LOOP('',(#17193,#17194,#17195,#17196));
#17193 = ORIENTED_EDGE('',*,*,#17168,.F.);
#17194 = ORIENTED_EDGE('',*,*,#17040,.T.);
#17195 = ORIENTED_EDGE('',*,*,#17070,.T.);
#17196 = ORIENTED_EDGE('',*,*,#17143,.F.);
#17197 =(GEOMETRIC_REPRESENTATION_CONTEXT(3)GLOBAL_UNCERTAINTY_ASSIGNED_CONTEXT((#17201))GLOBAL_UNIT_ASSIGNED_CONTEXT((#17198,#17199,#17200))REPRESENTATION_CONTEXT('Context #1','3D Context with UNIT and UNCERTAINTY'));
#17198 =(LENGTH_UNIT()NAMED_UNIT(*)SI_UNIT(.MILLI.,.METRE.));
#17199 =(NAMED_UNIT(*)PLANE_ANGLE_UNIT()SI_UNIT($,.RADIAN.));
#17200 =(NAMED_UNIT(*)SI_UNIT($,.STERADIAN.)SOLID_ANGLE_UNIT());
#17201 = UNCERTAINTY_MEASURE_WITH_UNIT(LENGTH_MEASURE(1.E-07),#17198,'distance_accuracy_value','confusion accuracy');
#17202 = CONTEXT_DEPENDENT_SHAPE_REPRESENTATION(#17203,#17205);
#17203 =(REPRESENTATION_RELATIONSHIP('','',#16870,#10)REPRESENTATION_RELATIONSHIP_WITH_TRANSFORMATION(#17204)SHAPE_REPRESENTATION_RELATIONSHIP());
#17204 = ITEM_DEFINED_TRANSFORMATION('','',#11,#199);
#17205 = PRODUCT_DEFINITION_SHAPE('Placement','Placement of an item',#17206);
#17206 = NEXT_ASSEMBLY_USAGE_OCCURRENCE('47','base_spacer_left','',#5,#16865,$);
#17207 = PRODUCT_RELATED_PRODUCT_CATEGORY('part',$,(#16867));
#17208 = SHAPE_DEFINITION_REPRESENTATION(#17209,#17215);
#17209 = PRODUCT_DEFINITION_SHAPE('','',#17210);
#17210 = PRODUCT_DEFINITION('design','',#17211,#17214);
#17211 = PRODUCT_DEFINITION_FORMATION('','',#17212);
#17212 = PRODUCT('base_rail_right','base_rail_right','',(#17213));
#17213 = PRODUCT_CONTEXT('',#2,'mechanical');
#17214 = PRODUCT_DEFINITION_CONTEXT('part definition',#2,'design');
#17215 = ADVANCED_BREP_SHAPE_REPRESENTATION('',(#11,#17216),#17546);
#17216 = MANIFOLD_SOLID_BREP('',#17217);
#17217 = CLOSED_SHELL('',(#17218,#17338,#17438,#17485,#17532,#17539));
#17218 = ADVANCED_FACE('',(#17219),#17233,.F.);
#17219 = FACE_BOUND('',#17220,.F.);
#17220 = EDGE_LOOP('',(#17221,#17256,#17284,#17312));
#17221 = ORIENTED_EDGE('',*,*,#17222,.F.);
#17222 = EDGE_CURVE('',#17223,#17225,#17227,.T.);
#17223 = VERTEX_POINT('',#17224);
#17224 = CARTESIAN_POINT('',(1.2954E+03,-159.0670842003,55.55));
#17225 = VERTEX_POINT('',#17226);
#17226 = CARTESIAN_POINT('',(1.2954E+03,-159.0670842003,144.45));
#17227 = SURFACE_CURVE('',#17228,(#17232,#17244),.PCURVE_S1.);
#17228 = LINE('',#17229,#17230);
#17229 = CARTESIAN_POINT('',(1.2954E+03,-159.0670842003,55.55));
#17230 = VECTOR('',#17231,1.);
#17231 = DIRECTION('',(0.,0.,1.));
#17232 = PCURVE('',#17233,#17238);
#17233 = PLANE('',#17234);
#17234 = AXIS2_PLACEMENT_3D('',#17235,#17236,#17237);
#17235 = CARTESIAN_POINT('',(1.2954E+03,-159.0670842003,55.55));
#17236 = DIRECTION('',(1.,0.,0.));
#17237 = DIRECTION('',(0.,0.,1.));
#17238 = DEFINITIONAL_REPRESENTATION('',(#17239),#17243);
#17239 = LINE('',#17240,#17241);
#17240 = CARTESIAN_POINT('',(0.,0.));
#17241 = VECTOR('',#17242,1.);
#17242 = DIRECTION('',(1.,0.));
#17243 =(GEOMETRIC_REPRESENTATION_CONTEXT(2)PARAMETRIC_REPRESENTATION_CONTEXT()REPRESENTATION_CONTEXT('2D SPACE',''));
#17244 = PCURVE('',#17245,#17250);
#17245 = PLANE('',#17246);
#17246 = AXIS2_PLACEMENT_3D('',#17247,#17248,#17249);
#17247 = CARTESIAN_POINT('',(1.2954E+03,-159.0670842003,55.55));
#17248 = DIRECTION('',(0.,1.,0.));
#17249 = DIRECTION('',(0.,0.,1.));
#17250 = DEFINITIONAL_REPRESENTATION('',(#17251),#17255);
#17251 = LINE('',#17252,#17253);
#17252 = CARTESIAN_POINT('',(0.,0.));
#17253 = VECTOR('',#17254,1.);
#17254 = DIRECTION('',(1.,0.));
#17255 =(GEOMETRIC_REPRESENTATION_CONTEXT(2)PARAMETRIC_REPRESENTATION_CONTEXT()REPRESENTATION_CONTEXT('2D SPACE',''));
#17256 = ORIENTED_EDGE('',*,*,#17257,.T.);
#17257 = EDGE_CURVE('',#17223,#17258,#17260,.T.);
#17258 = VERTEX_POINT('',#17259);
#17259 = CARTESIAN_POINT('',(1.2954E+03,1.500331409594E+03,55.55));
#17260 = SURFACE_CURVE('',#17261,(#17265,#17272),.PCURVE_S1.);
#17261 = LINE('',#17262,#17263);
#17262 = CARTESIAN_POINT('',(1.2954E+03,-159.0670842003,55.55));
#17263 = VECTOR('',#17264,1.);
#17264 = DIRECTION('',(0.,1.,0.));
#17265 = PCURVE('',#17233,#17266);
#17266 = DEFINITIONAL_REPRESENTATION('',(#17267),#17271);
#17267 = LINE('',#17268,#17269);
#17268 = CARTESIAN_POINT('',(0.,0.));
#17269 = VECTOR('',#17270,1.);
#17270 = DIRECTION('',(0.,-1.));
#17271 =(GEOMETRIC_REPRESENTATION_CONTEXT(2)PARAMETRIC_REPRESENTATION_CONTEXT()REPRESENTATION_CONTEXT('2D SPACE',''));
#17272 = PCURVE('',#17273,#17278);
#17273 = PLANE('',#17274);
#17274 = AXIS2_PLACEMENT_3D('',#17275,#17276,#17277);
#17275 = CARTESIAN_POINT('',(1.2954E+03,-159.0670842003,55.55));
#17276 = DIRECTION('',(0.,0.,1.));
#17277 = DIRECTION('',(1.,0.,0.));
#17278 = DEFINITIONAL_REPRESENTATION('',(#17279),#17283);
#17279 = LINE('',#17280,#17281);
#17280 = CARTESIAN_POINT('',(0.,0.));
#17281 = VECTOR('',#17282,1.);
#17282 = DIRECTION('',(0.,1.));
#17283 =(GEOMETRIC_REPRESENTATION_CONTEXT(2)PARAMETRIC_REPRESENTATION_CONTEXT()REPRESENTATION_CONTEXT('2D SPACE',''));
#17284 = ORIENTED_EDGE('',*,*,#17285,.T.);
#17285 = EDGE_CURVE('',#17258,#17286,#17288,.T.);
#17286 = VERTEX_POINT('',#17287);
#17287 = CARTESIAN_POINT('',(1.2954E+03,1.500331409594E+03,144.45));
#17288 = SURFACE_CURVE('',#17289,(#17293,#17300),.PCURVE_S1.);
#17289 = LINE('',#17290,#17291);
#17290 = CARTESIAN_POINT('',(1.2954E+03,1.500331409594E+03,55.55));
#17291 = VECTOR('',#17292,1.);
#17292 = DIRECTION('',(0.,0.,1.));
#17293 = PCURVE('',#17233,#17294);
#17294 = DEFINITIONAL_REPRESENTATION('',(#17295),#17299);
#17295 = LINE('',#17296,#17297);
#17296 = CARTESIAN_POINT('',(0.,-1.659398493794E+03));
#17297 = VECTOR('',#17298,1.);
#17298 = DIRECTION('',(1.,0.));
#17299 =(GEOMETRIC_REPRESENTATION_CONTEXT(2)PARAMETRIC_REPRESENTATION_CONTEXT()REPRESENTATION_CONTEXT('2D SPACE',''));
#17300 = PCURVE('',#17301,#17306);
#17301 = PLANE('',#17302);
#17302 = AXIS2_PLACEMENT_3D('',#17303,#17304,#17305);
#17303 = CARTESIAN_POINT('',(1.2954E+03,1.500331409594E+03,55.55));
#17304 = DIRECTION('',(0.,1.,0.));
#17305 = DIRECTION('',(0.,0.,1.));
#17306 = DEFINITIONAL_REPRESENTATION('',(#17307),#17311);
#17307 = LINE('',#17308,#17309);
#17308 = CARTESIAN_POINT('',(0.,0.));
#17309 = VECTOR('',#17310,1.);
#17310 = DIRECTION('',(1.,0.));
#17311 =(GEOMETRIC_REPRESENTATION_CONTEXT(2)PARAMETRIC_REPRESENTATION_CONTEXT()REPRESENTATION_CONTEXT('2D SPACE',''));
#17312 = ORIENTED_EDGE('',*,*,#17313,.F.);
#17313 = EDGE_CURVE('',#17225,#17286,#17314,.T.);
#17314 = SURFACE_CURVE('',#17315,(#17319,#17326),.PCURVE_S1.);
#17315 = LINE('',#17316,#17317);
#17316 = CARTESIAN_POINT('',(1.2954E+03,-159.0670842003,144.45));
#17317 = VECTOR('',#17318,1.);
#17318 = DIRECTION('',(0.,1.,0.));
#17319 = PCURVE('',#17233,#17320);
#17320 = DEFINITIONAL_REPRESENTATION('',(#17321),#17325);
#17321 = LINE('',#17322,#17323);
#17322 = CARTESIAN_POINT('',(88.9,0.));
#17323 = VECTOR('',#17324,1.);
#17324 = DIRECTION('',(0.,-1.));
#17325 =(GEOMETRIC_REPRESENTATION_CONTEXT(2)PARAMETRIC_REPRESENTATION_CONTEXT()REPRESENTATION_CONTEXT('2D SPACE',''));
#17326 = PCURVE('',#17327,#17332);
#17327 = PLANE('',#17328);
#17328 = AXIS2_PLACEMENT_3D('',#17329,#17330,#17331);
#17329 = CARTESIAN_POINT('',(1.2954E+03,-159.0670842003,144.45));
#17330 = DIRECTION('',(0.,0.,1.));
#17331 = DIRECTION('',(1.,0.,0.));
#17332 = DEFINITIONAL_REPRESENTATION('',(#17333),#17337);
#17333 = LINE('',#17334,#17335);
#17334 = CARTESIAN_POINT('',(0.,0.));
#17335 = VECTOR('',#17336,1.);
#17336 = DIRECTION('',(0.,1.));
#17337 =(GEOMETRIC_REPRESENTATION_CONTEXT(2)PARAMETRIC_REPRESENTATION_CONTEXT()REPRESENTATION_CONTEXT('2D SPACE',''));
#17338 = ADVANCED_FACE('',(#17339),#17353,.T.);
#17339 = FACE_BOUND('',#17340,.T.);
#17340 = EDGE_LOOP('',(#17341,#17371,#17394,#17417));
#17341 = ORIENTED_EDGE('',*,*,#17342,.F.);
#17342 = EDGE_CURVE('',#17343,#17345,#17347,.T.);
#17343 = VERTEX_POINT('',#17344);
#17344 = CARTESIAN_POINT('',(1.3335E+03,-159.0670842003,55.55));
#17345 = VERTEX_POINT('',#17346);
#17346 = CARTESIAN_POINT('',(1.3335E+03,-159.0670842003,144.45));
#17347 = SURFACE_CURVE('',#17348,(#17352,#17364),.PCURVE_S1.);
#17348 = LINE('',#17349,#17350);
#17349 = CARTESIAN_POINT('',(1.3335E+03,-159.0670842003,55.55));
#17350 = VECTOR('',#17351,1.);
#17351 = DIRECTION('',(0.,0.,1.));
#17352 = PCURVE('',#17353,#17358);
#17353 = PLANE('',#17354);
#17354 = AXIS2_PLACEMENT_3D('',#17355,#17356,#17357);
#17355 = CARTESIAN_POINT('',(1.3335E+03,-159.0670842003,55.55));
#17356 = DIRECTION('',(1.,0.,0.));
#17357 = DIRECTION('',(0.,0.,1.));
#17358 = DEFINITIONAL_REPRESENTATION('',(#17359),#17363);
#17359 = LINE('',#17360,#17361);
#17360 = CARTESIAN_POINT('',(0.,0.));
#17361 = VECTOR('',#17362,1.);
#17362 = DIRECTION('',(1.,0.));
#17363 =(GEOMETRIC_REPRESENTATION_CONTEXT(2)PARAMETRIC_REPRESENTATION_CONTEXT()REPRESENTATION_CONTEXT('2D SPACE',''));
#17364 = PCURVE('',#17245,#17365);
#17365 = DEFINITIONAL_REPRESENTATION('',(#17366),#17370);
#17366 = LINE('',#17367,#17368);
#17367 = CARTESIAN_POINT('',(0.,38.1));
#17368 = VECTOR('',#17369,1.);
#17369 = DIRECTION('',(1.,0.));
#17370 =(GEOMETRIC_REPRESENTATION_CONTEXT(2)PARAMETRIC_REPRESENTATION_CONTEXT()REPRESENTATION_CONTEXT('2D SPACE',''));
#17371 = ORIENTED_EDGE('',*,*,#17372,.T.);
#17372 = EDGE_CURVE('',#17343,#17373,#17375,.T.);
#17373 = VERTEX_POINT('',#17374);
#17374 = CARTESIAN_POINT('',(1.3335E+03,1.500331409594E+03,55.55));
#17375 = SURFACE_CURVE('',#17376,(#17380,#17387),.PCURVE_S1.);
#17376 = LINE('',#17377,#17378);
#17377 = CARTESIAN_POINT('',(1.3335E+03,-159.0670842003,55.55));
#17378 = VECTOR('',#17379,1.);
#17379 = DIRECTION('',(0.,1.,0.));
#17380 = PCURVE('',#17353,#17381);
#17381 = DEFINITIONAL_REPRESENTATION('',(#17382),#17386);
#17382 = LINE('',#17383,#17384);
#17383 = CARTESIAN_POINT('',(0.,0.));
#17384 = VECTOR('',#17385,1.);
#17385 = DIRECTION('',(0.,-1.));
#17386 =(GEOMETRIC_REPRESENTATION_CONTEXT(2)PARAMETRIC_REPRESENTATION_CONTEXT()REPRESENTATION_CONTEXT('2D SPACE',''));
#17387 = PCURVE('',#17273,#17388);
#17388 = DEFINITIONAL_REPRESENTATION('',(#17389),#17393);
#17389 = LINE('',#17390,#17391);
#17390 = CARTESIAN_POINT('',(38.1,0.));
#17391 = VECTOR('',#17392,1.);
#17392 = DIRECTION('',(0.,1.));
#17393 =(GEOMETRIC_REPRESENTATION_CONTEXT(2)PARAMETRIC_REPRESENTATION_CONTEXT()REPRESENTATION_CONTEXT('2D SPACE',''));
#17394 = ORIENTED_EDGE('',*,*,#17395,.T.);
#17395 = EDGE_CURVE('',#17373,#17396,#17398,.T.);
#17396 = VERTEX_POINT('',#17397);
#17397 = CARTESIAN_POINT('',(1.3335E+03,1.500331409594E+03,144.45));
#17398 = SURFACE_CURVE('',#17399,(#17403,#17410),.PCURVE_S1.);
#17399 = LINE('',#17400,#17401);
#17400 = CARTESIAN_POINT('',(1.3335E+03,1.500331409594E+03,55.55));
#17401 = VECTOR('',#17402,1.);
#17402 = DIRECTION('',(0.,0.,1.));
#17403 = PCURVE('',#17353,#17404);
#17404 = DEFINITIONAL_REPRESENTATION('',(#17405),#17409);
#17405 = LINE('',#17406,#17407);
#17406 = CARTESIAN_POINT('',(0.,-1.659398493794E+03));
#17407 = VECTOR('',#17408,1.);
#17408 = DIRECTION('',(1.,0.));
#17409 =(GEOMETRIC_REPRESENTATION_CONTEXT(2)PARAMETRIC_REPRESENTATION_CONTEXT()REPRESENTATION_CONTEXT('2D SPACE',''));
#17410 = PCURVE('',#17301,#17411);
#17411 = DEFINITIONAL_REPRESENTATION('',(#17412),#17416);
#17412 = LINE('',#17413,#17414);
#17413 = CARTESIAN_POINT('',(0.,38.1));
#17414 = VECTOR('',#17415,1.);
#17415 = DIRECTION('',(1.,0.));
#17416 =(GEOMETRIC_REPRESENTATION_CONTEXT(2)PARAMETRIC_REPRESENTATION_CONTEXT()REPRESENTATION_CONTEXT('2D SPACE',''));
#17417 = ORIENTED_EDGE('',*,*,#17418,.F.);
#17418 = EDGE_CURVE('',#17345,#17396,#17419,.T.);
#17419 = SURFACE_CURVE('',#17420,(#17424,#17431),.PCURVE_S1.);
#17420 = LINE('',#17421,#17422);
#17421 = CARTESIAN_POINT('',(1.3335E+03,-159.0670842003,144.45));
#17422 = VECTOR('',#17423,1.);
#17423 = DIRECTION('',(0.,1.,0.));
#17424 = PCURVE('',#17353,#17425);
#17425 = DEFINITIONAL_REPRESENTATION('',(#17426),#17430);
#17426 = LINE('',#17427,#17428);
#17427 = CARTESIAN_POINT('',(88.9,0.));
#17428 = VECTOR('',#17429,1.);
#17429 = DIRECTION('',(0.,-1.));
#17430 =(GEOMETRIC_REPRESENTATION_CONTEXT(2)PARAMETRIC_REPRESENTATION_CONTEXT()REPRESENTATION_CONTEXT('2D SPACE',''));
#17431 = PCURVE('',#17327,#17432);
#17432 = DEFINITIONAL_REPRESENTATION('',(#17433),#17437);
#17433 = LINE('',#17434,#17435);
#17434 = CARTESIAN_POINT('',(38.1,0.));
#17435 = VECTOR('',#17436,1.);
#17436 = DIRECTION('',(0.,1.));
#17437 =(GEOMETRIC_REPRESENTATION_CONTEXT(2)PARAMETRIC_REPRESENTATION_CONTEXT()REPRESENTATION_CONTEXT('2D SPACE',''));
#17438 = ADVANCED_FACE('',(#17439),#17245,.F.);
#17439 = FACE_BOUND('',#17440,.F.);
#17440 = EDGE_LOOP('',(#17441,#17462,#17463,#17484));
#17441 = ORIENTED_EDGE('',*,*,#17442,.F.);
#17442 = EDGE_CURVE('',#17223,#17343,#17443,.T.);
#17443 = SURFACE_CURVE('',#17444,(#17448,#17455),.PCURVE_S1.);
#17444 = LINE('',#17445,#17446);
#17445 = CARTESIAN_POINT('',(1.2954E+03,-159.0670842003,55.55));
#17446 = VECTOR('',#17447,1.);
#17447 = DIRECTION('',(1.,0.,0.));
#17448 = PCURVE('',#17245,#17449);
#17449 = DEFINITIONAL_REPRESENTATION('',(#17450),#17454);
#17450 = LINE('',#17451,#17452);
#17451 = CARTESIAN_POINT('',(0.,0.));
#17452 = VECTOR('',#17453,1.);
#17453 = DIRECTION('',(0.,1.));
#17454 =(GEOMETRIC_REPRESENTATION_CONTEXT(2)PARAMETRIC_REPRESENTATION_CONTEXT()REPRESENTATION_CONTEXT('2D SPACE',''));
#17455 = PCURVE('',#17273,#17456);
#17456 = DEFINITIONAL_REPRESENTATION('',(#17457),#17461);
#17457 = LINE('',#17458,#17459);
#17458 = CARTESIAN_POINT('',(0.,0.));
#17459 = VECTOR('',#17460,1.);
#17460 = DIRECTION('',(1.,0.));
#17461 =(GEOMETRIC_REPRESENTATION_CONTEXT(2)PARAMETRIC_REPRESENTATION_CONTEXT()REPRESENTATION_CONTEXT('2D SPACE',''));
#17462 = ORIENTED_EDGE('',*,*,#17222,.T.);
#17463 = ORIENTED_EDGE('',*,*,#17464,.T.);
#17464 = EDGE_CURVE('',#17225,#17345,#17465,.T.);
#17465 = SURFACE_CURVE('',#17466,(#17470,#17477),.PCURVE_S1.);
#17466 = LINE('',#17467,#17468);
#17467 = CARTESIAN_POINT('',(1.2954E+03,-159.0670842003,144.45));
#17468 = VECTOR('',#17469,1.);
#17469 = DIRECTION('',(1.,0.,0.));
#17470 = PCURVE('',#17245,#17471);
#17471 = DEFINITIONAL_REPRESENTATION('',(#17472),#17476);
#17472 = LINE('',#17473,#17474);
#17473 = CARTESIAN_POINT('',(88.9,0.));
#17474 = VECTOR('',#17475,1.);
#17475 = DIRECTION('',(0.,1.));
#17476 =(GEOMETRIC_REPRESENTATION_CONTEXT(2)PARAMETRIC_REPRESENTATION_CONTEXT()REPRESENTATION_CONTEXT('2D SPACE',''));
#17477 = PCURVE('',#17327,#17478);
#17478 = DEFINITIONAL_REPRESENTATION('',(#17479),#17483);
#17479 = LINE('',#17480,#17481);
#17480 = CARTESIAN_POINT('',(0.,0.));
#17481 = VECTOR('',#17482,1.);
#17482 = DIRECTION('',(1.,0.));
#17483 =(GEOMETRIC_REPRESENTATION_CONTEXT(2)PARAMETRIC_REPRESENTATION_CONTEXT()REPRESENTATION_CONTEXT('2D SPACE',''));
#17484 = ORIENTED_EDGE('',*,*,#17342,.F.);
#17485 = ADVANCED_FACE('',(#17486),#17301,.T.);
#17486 = FACE_BOUND('',#17487,.T.);
#17487 = EDGE_LOOP('',(#17488,#17509,#17510,#17531));
#17488 = ORIENTED_EDGE('',*,*,#17489,.F.);
#17489 = EDGE_CURVE('',#17258,#17373,#17490,.T.);
#17490 = SURFACE_CURVE('',#17491,(#17495,#17502),.PCURVE_S1.);
#17491 = LINE('',#17492,#17493);
#17492 = CARTESIAN_POINT('',(1.2954E+03,1.500331409594E+03,55.55));
#17493 = VECTOR('',#17494,1.);
#17494 = DIRECTION('',(1.,0.,0.));
#17495 = PCURVE('',#17301,#17496);
#17496 = DEFINITIONAL_REPRESENTATION('',(#17497),#17501);
#17497 = LINE('',#17498,#17499);
#17498 = CARTESIAN_POINT('',(0.,0.));
#17499 = VECTOR('',#17500,1.);
#17500 = DIRECTION('',(0.,1.));
#17501 =(GEOMETRIC_REPRESENTATION_CONTEXT(2)PARAMETRIC_REPRESENTATION_CONTEXT()REPRESENTATION_CONTEXT('2D SPACE',''));
#17502 = PCURVE('',#17273,#17503);
#17503 = DEFINITIONAL_REPRESENTATION('',(#17504),#17508);
#17504 = LINE('',#17505,#17506);
#17505 = CARTESIAN_POINT('',(0.,1.659398493794E+03));
#17506 = VECTOR('',#17507,1.);
#17507 = DIRECTION('',(1.,0.));
#17508 =(GEOMETRIC_REPRESENTATION_CONTEXT(2)PARAMETRIC_REPRESENTATION_CONTEXT()REPRESENTATION_CONTEXT('2D SPACE',''));
#17509 = ORIENTED_EDGE('',*,*,#17285,.T.);
#17510 = ORIENTED_EDGE('',*,*,#17511,.T.);
#17511 = EDGE_CURVE('',#17286,#17396,#17512,.T.);
#17512 = SURFACE_CURVE('',#17513,(#17517,#17524),.PCURVE_S1.);
#17513 = LINE('',#17514,#17515);
#17514 = CARTESIAN_POINT('',(1.2954E+03,1.500331409594E+03,144.45));
#17515 = VECTOR('',#17516,1.);
#17516 = DIRECTION('',(1.,0.,0.));
#17517 = PCURVE('',#17301,#17518);
#17518 = DEFINITIONAL_REPRESENTATION('',(#17519),#17523);
#17519 = LINE('',#17520,#17521);
#17520 = CARTESIAN_POINT('',(88.9,0.));
#17521 = VECTOR('',#17522,1.);
#17522 = DIRECTION('',(0.,1.));
#17523 =(GEOMETRIC_REPRESENTATION_CONTEXT(2)PARAMETRIC_REPRESENTATION_CONTEXT()REPRESENTATION_CONTEXT('2D SPACE',''));
#17524 = PCURVE('',#17327,#17525);
#17525 = DEFINITIONAL_REPRESENTATION('',(#17526),#17530);
#17526 = LINE('',#17527,#17528);
#17527 = CARTESIAN_POINT('',(0.,1.659398493794E+03));
#17528 = VECTOR('',#17529,1.);
#17529 = DIRECTION('',(1.,0.));
#17530 =(GEOMETRIC_REPRESENTATION_CONTEXT(2)PARAMETRIC_REPRESENTATION_CONTEXT()REPRESENTATION_CONTEXT('2D SPACE',''));
#17531 = ORIENTED_EDGE('',*,*,#17395,.F.);
#17532 = ADVANCED_FACE('',(#17533),#17273,.F.);
#17533 = FACE_BOUND('',#17534,.F.);
#17534 = EDGE_LOOP('',(#17535,#17536,#17537,#17538));
#17535 = ORIENTED_EDGE('',*,*,#17257,.F.);
#17536 = ORIENTED_EDGE('',*,*,#17442,.T.);
#17537 = ORIENTED_EDGE('',*,*,#17372,.T.);
#17538 = ORIENTED_EDGE('',*,*,#17489,.F.);
#17539 = ADVANCED_FACE('',(#17540),#17327,.T.);
#17540 = FACE_BOUND('',#17541,.T.);
#17541 = EDGE_LOOP('',(#17542,#17543,#17544,#17545));
#17542 = ORIENTED_EDGE('',*,*,#17313,.F.);
#17543 = ORIENTED_EDGE('',*,*,#17464,.T.);
#17544 = ORIENTED_EDGE('',*,*,#17418,.T.);
#17545 = ORIENTED_EDGE('',*,*,#17511,.F.);
#17546 =(GEOMETRIC_REPRESENTATION_CONTEXT(3)GLOBAL_UNCERTAINTY_ASSIGNED_CONTEXT((#17550))GLOBAL_UNIT_ASSIGNED_CONTEXT((#17547,#17548,#17549))REPRESENTATION_CONTEXT('Context #1','3D Context with UNIT and UNCERTAINTY'));
#17547 =(LENGTH_UNIT()NAMED_UNIT(*)SI_UNIT(.MILLI.,.METRE.));
#17548 =(NAMED_UNIT(*)PLANE_ANGLE_UNIT()SI_UNIT($,.RADIAN.));
#17549 =(NAMED_UNIT(*)SI_UNIT($,.STERADIAN.)SOLID_ANGLE_UNIT());
#17550 = UNCERTAINTY_MEASURE_WITH_UNIT(LENGTH_MEASURE(1.E-07),#17547,'distance_accuracy_value','confusion accuracy');
#17551 = CONTEXT_DEPENDENT_SHAPE_REPRESENTATION(#17552,#17554);
#17552 =(REPRESENTATION_RELATIONSHIP('','',#17215,#10)REPRESENTATION_RELATIONSHIP_WITH_TRANSFORMATION(#17553)SHAPE_REPRESENTATION_RELATIONSHIP());
#17553 = ITEM_DEFINED_TRANSFORMATION('','',#11,#203);
#17554 = PRODUCT_DEFINITION_SHAPE('Placement','Placement of an item',#17555);
#17555 = NEXT_ASSEMBLY_USAGE_OCCURRENCE('48','base_rail_right','',#5,#17210,$);
#17556 = PRODUCT_RELATED_PRODUCT_CATEGORY('part',$,(#17212));
#17557 = SHAPE_DEFINITION_REPRESENTATION(#17558,#17564);
#17558 = PRODUCT_DEFINITION_SHAPE('','',#17559);
#17559 = PRODUCT_DEFINITION('design','',#17560,#17563);
#17560 = PRODUCT_DEFINITION_FORMATION('','',#17561);
#17561 = PRODUCT('base_spacer_right','base_spacer_right','',(#17562));
#17562 = PRODUCT_CONTEXT('',#2,'mechanical');
#17563 = PRODUCT_DEFINITION_CONTEXT('part definition',#2,'design');
#17564 = ADVANCED_BREP_SHAPE_REPRESENTATION('',(#11,#17565),#17891);
#17565 = MANIFOLD_SOLID_BREP('',#17566);
#17566 = CLOSED_SHELL('',(#17567,#17683,#17759,#17808,#17857,#17884));
#17567 = ADVANCED_FACE('',(#17568),#17582,.F.);
#17568 = FACE_BOUND('',#17569,.F.);
#17569 = EDGE_LOOP('',(#17570,#17605,#17631,#17659));
#17570 = ORIENTED_EDGE('',*,*,#17571,.F.);
#17571 = EDGE_CURVE('',#17572,#17574,#17576,.T.);
#17572 = VERTEX_POINT('',#17573);
#17573 = CARTESIAN_POINT('',(1.2573E+03,-18.,55.55));
#17574 = VERTEX_POINT('',#17575);
#17575 = CARTESIAN_POINT('',(1.2573E+03,-18.,144.45));
#17576 = SURFACE_CURVE('',#17577,(#17581,#17593),.PCURVE_S1.);
#17577 = LINE('',#17578,#17579);
#17578 = CARTESIAN_POINT('',(1.2573E+03,-18.,0.));
#17579 = VECTOR('',#17580,1.);
#17580 = DIRECTION('',(0.,0.,1.));
#17581 = PCURVE('',#17582,#17587);
#17582 = PLANE('',#17583);
#17583 = AXIS2_PLACEMENT_3D('',#17584,#17585,#17586);
#17584 = CARTESIAN_POINT('',(1.2573E+03,-18.,0.));
#17585 = DIRECTION('',(0.,-1.,0.));
#17586 = DIRECTION('',(0.,0.,1.));
#17587 = DEFINITIONAL_REPRESENTATION('',(#17588),#17592);
#17588 = LINE('',#17589,#17590);
#17589 = CARTESIAN_POINT('',(0.,0.));
#17590 = VECTOR('',#17591,1.);
#17591 = DIRECTION('',(1.,0.));
#17592 =(GEOMETRIC_REPRESENTATION_CONTEXT(2)PARAMETRIC_REPRESENTATION_CONTEXT()REPRESENTATION_CONTEXT('2D SPACE',''));
#17593 = PCURVE('',#17594,#17599);
#17594 = PLANE('',#17595);
#17595 = AXIS2_PLACEMENT_3D('',#17596,#17597,#17598);
#17596 = CARTESIAN_POINT('',(1.2573E+03,-97.87680034312,152.86306353085));
#17597 = DIRECTION('',(1.,0.,0.));
#17598 = DIRECTION('',(-0.,0.,1.));
#17599 = DEFINITIONAL_REPRESENTATION('',(#17600),#17604);
#17600 = LINE('',#17601,#17602);
#17601 = CARTESIAN_POINT('',(-152.8630635308,-79.87680034312));
#17602 = VECTOR('',#17603,1.);
#17603 = DIRECTION('',(1.,0.));
#17604 =(GEOMETRIC_REPRESENTATION_CONTEXT(2)PARAMETRIC_REPRESENTATION_CONTEXT()REPRESENTATION_CONTEXT('2D SPACE',''));
#17605 = ORIENTED_EDGE('',*,*,#17606,.F.);
#17606 = EDGE_CURVE('',#17607,#17572,#17609,.T.);
#17607 = VERTEX_POINT('',#17608);
#17608 = CARTESIAN_POINT('',(1.2954E+03,-18.,55.55));
#17609 = SURFACE_CURVE('',#17610,(#17614,#17620),.PCURVE_S1.);
#17610 = LINE('',#17611,#17612);
#17611 = CARTESIAN_POINT('',(1.2573E+03,-18.,55.55));
#17612 = VECTOR('',#17613,1.);
#17613 = DIRECTION('',(-1.,0.,0.));
#17614 = PCURVE('',#17582,#17615);
#17615 = DEFINITIONAL_REPRESENTATION('',(#17616),#17619);
#17616 = B_SPLINE_CURVE_WITH_KNOTS('',1,(#17617,#17618),.UNSPECIFIED.,.F.,.F.,(2,2),(-38.1,0.),.PIECEWISE_BEZIER_KNOTS.);
#17617 = CARTESIAN_POINT('',(55.55,-38.1));
#17618 = CARTESIAN_POINT('',(55.55,-2.273736754432E-13));
#17619 =(GEOMETRIC_REPRESENTATION_CONTEXT(2)PARAMETRIC_REPRESENTATION_CONTEXT()REPRESENTATION_CONTEXT('2D SPACE',''));
#17620 = PCURVE('',#17621,#17626);
#17621 = PLANE('',#17622);
#17622 = AXIS2_PLACEMENT_3D('',#17623,#17624,#17625);
#17623 = CARTESIAN_POINT('',(1.2573E+03,-159.0670842003,55.55));
#17624 = DIRECTION('',(0.,0.,1.));
#17625 = DIRECTION('',(1.,0.,0.));
#17626 = DEFINITIONAL_REPRESENTATION('',(#17627),#17630);
#17627 = B_SPLINE_CURVE_WITH_KNOTS('',1,(#17628,#17629),.UNSPECIFIED.,.F.,.F.,(2,2),(-38.1,0.),.PIECEWISE_BEZIER_KNOTS.);
#17628 = CARTESIAN_POINT('',(38.1,141.06708420036));
#17629 = CARTESIAN_POINT('',(0.,141.06708420036));
#17630 =(GEOMETRIC_REPRESENTATION_CONTEXT(2)PARAMETRIC_REPRESENTATION_CONTEXT()REPRESENTATION_CONTEXT('2D SPACE',''));
#17631 = ORIENTED_EDGE('',*,*,#17632,.T.);
#17632 = EDGE_CURVE('',#17607,#17633,#17635,.T.);
#17633 = VERTEX_POINT('',#17634);
#17634 = CARTESIAN_POINT('',(1.2954E+03,-18.,144.45));
#17635 = SURFACE_CURVE('',#17636,(#17640,#17647),.PCURVE_S1.);
#17636 = LINE('',#17637,#17638);
#17637 = CARTESIAN_POINT('',(1.2954E+03,-18.,0.));
#17638 = VECTOR('',#17639,1.);
#17639 = DIRECTION('',(0.,0.,1.));
#17640 = PCURVE('',#17582,#17641);
#17641 = DEFINITIONAL_REPRESENTATION('',(#17642),#17646);
#17642 = LINE('',#17643,#17644);
#17643 = CARTESIAN_POINT('',(0.,-38.1));
#17644 = VECTOR('',#17645,1.);
#17645 = DIRECTION('',(1.,0.));
#17646 =(GEOMETRIC_REPRESENTATION_CONTEXT(2)PARAMETRIC_REPRESENTATION_CONTEXT()REPRESENTATION_CONTEXT('2D SPACE',''));
#17647 = PCURVE('',#17648,#17653);
#17648 = PLANE('',#17649);
#17649 = AXIS2_PLACEMENT_3D('',#17650,#17651,#17652);
#17650 = CARTESIAN_POINT('',(1.2954E+03,-97.87680034312,152.86306353085));
#17651 = DIRECTION('',(1.,0.,0.));
#17652 = DIRECTION('',(-0.,0.,1.));
#17653 = DEFINITIONAL_REPRESENTATION('',(#17654),#17658);
#17654 = LINE('',#17655,#17656);
#17655 = CARTESIAN_POINT('',(-152.8630635308,-79.87680034312));
#17656 = VECTOR('',#17657,1.);
#17657 = DIRECTION('',(1.,0.));
#17658 =(GEOMETRIC_REPRESENTATION_CONTEXT(2)PARAMETRIC_REPRESENTATION_CONTEXT()REPRESENTATION_CONTEXT('2D SPACE',''));
#17659 = ORIENTED_EDGE('',*,*,#17660,.T.);
#17660 = EDGE_CURVE('',#17633,#17574,#17661,.T.);
#17661 = SURFACE_CURVE('',#17662,(#17666,#17672),.PCURVE_S1.);
#17662 = LINE('',#17663,#17664);
#17663 = CARTESIAN_POINT('',(1.2573E+03,-18.,144.45));
#17664 = VECTOR('',#17665,1.);
#17665 = DIRECTION('',(-1.,0.,0.));
#17666 = PCURVE('',#17582,#17667);
#17667 = DEFINITIONAL_REPRESENTATION('',(#17668),#17671);
#17668 = B_SPLINE_CURVE_WITH_KNOTS('',1,(#17669,#17670),.UNSPECIFIED.,.F.,.F.,(2,2),(-38.1,0.),.PIECEWISE_BEZIER_KNOTS.);
#17669 = CARTESIAN_POINT('',(144.45,-38.1));
#17670 = CARTESIAN_POINT('',(144.45,-2.273736754432E-13));
#17671 =(GEOMETRIC_REPRESENTATION_CONTEXT(2)PARAMETRIC_REPRESENTATION_CONTEXT()REPRESENTATION_CONTEXT('2D SPACE',''));
#17672 = PCURVE('',#17673,#17678);
#17673 = PLANE('',#17674);
#17674 = AXIS2_PLACEMENT_3D('',#17675,#17676,#17677);
#17675 = CARTESIAN_POINT('',(1.2573E+03,-159.0670842003,144.45));
#17676 = DIRECTION('',(0.,0.,1.));
#17677 = DIRECTION('',(1.,0.,0.));
#17678 = DEFINITIONAL_REPRESENTATION('',(#17679),#17682);
#17679 = B_SPLINE_CURVE_WITH_KNOTS('',1,(#17680,#17681),.UNSPECIFIED.,.F.,.F.,(2,2),(-38.1,0.),.PIECEWISE_BEZIER_KNOTS.);
#17680 = CARTESIAN_POINT('',(38.1,141.06708420036));
#17681 = CARTESIAN_POINT('',(0.,141.06708420036));
#17682 =(GEOMETRIC_REPRESENTATION_CONTEXT(2)PARAMETRIC_REPRESENTATION_CONTEXT()REPRESENTATION_CONTEXT('2D SPACE',''));
#17683 = ADVANCED_FACE('',(#17684),#17594,.F.);
#17684 = FACE_BOUND('',#17685,.F.);
#17685 = EDGE_LOOP('',(#17686,#17709,#17710,#17733));
#17686 = ORIENTED_EDGE('',*,*,#17687,.T.);
#17687 = EDGE_CURVE('',#17688,#17572,#17690,.T.);
#17688 = VERTEX_POINT('',#17689);
#17689 = CARTESIAN_POINT('',(1.2573E+03,-159.0670842003,55.55));
#17690 = SURFACE_CURVE('',#17691,(#17695,#17702),.PCURVE_S1.);
#17691 = LINE('',#17692,#17693);
#17692 = CARTESIAN_POINT('',(1.2573E+03,-159.0670842003,55.55));
#17693 = VECTOR('',#17694,1.);
#17694 = DIRECTION('',(0.,1.,0.));
#17695 = PCURVE('',#17594,#17696);
#17696 = DEFINITIONAL_REPRESENTATION('',(#17697),#17701);
#17697 = LINE('',#17698,#17699);
#17698 = CARTESIAN_POINT('',(-97.31306353085,61.190283857237));
#17699 = VECTOR('',#17700,1.);
#17700 = DIRECTION('',(0.,-1.));
#17701 =(GEOMETRIC_REPRESENTATION_CONTEXT(2)PARAMETRIC_REPRESENTATION_CONTEXT()REPRESENTATION_CONTEXT('2D SPACE',''));
#17702 = PCURVE('',#17621,#17703);
#17703 = DEFINITIONAL_REPRESENTATION('',(#17704),#17708);
#17704 = LINE('',#17705,#17706);
#17705 = CARTESIAN_POINT('',(0.,0.));
#17706 = VECTOR('',#17707,1.);
#17707 = DIRECTION('',(0.,1.));
#17708 =(GEOMETRIC_REPRESENTATION_CONTEXT(2)PARAMETRIC_REPRESENTATION_CONTEXT()REPRESENTATION_CONTEXT('2D SPACE',''));
#17709 = ORIENTED_EDGE('',*,*,#17571,.T.);
#17710 = ORIENTED_EDGE('',*,*,#17711,.F.);
#17711 = EDGE_CURVE('',#17712,#17574,#17714,.T.);
#17712 = VERTEX_POINT('',#17713);
#17713 = CARTESIAN_POINT('',(1.2573E+03,-159.0670842003,144.45));
#17714 = SURFACE_CURVE('',#17715,(#17719,#17726),.PCURVE_S1.);
#17715 = LINE('',#17716,#17717);
#17716 = CARTESIAN_POINT('',(1.2573E+03,-159.0670842003,144.45));
#17717 = VECTOR('',#17718,1.);
#17718 = DIRECTION('',(0.,1.,0.));
#17719 = PCURVE('',#17594,#17720);
#17720 = DEFINITIONAL_REPRESENTATION('',(#17721),#17725);
#17721 = LINE('',#17722,#17723);
#17722 = CARTESIAN_POINT('',(-8.413063530854,61.190283857237));
#17723 = VECTOR('',#17724,1.);
#17724 = DIRECTION('',(0.,-1.));
#17725 =(GEOMETRIC_REPRESENTATION_CONTEXT(2)PARAMETRIC_REPRESENTATION_CONTEXT()REPRESENTATION_CONTEXT('2D SPACE',''));
#17726 = PCURVE('',#17673,#17727);
#17727 = DEFINITIONAL_REPRESENTATION('',(#17728),#17732);
#17728 = LINE('',#17729,#17730);
#17729 = CARTESIAN_POINT('',(0.,0.));
#17730 = VECTOR('',#17731,1.);
#17731 = DIRECTION('',(0.,1.));
#17732 =(GEOMETRIC_REPRESENTATION_CONTEXT(2)PARAMETRIC_REPRESENTATION_CONTEXT()REPRESENTATION_CONTEXT('2D SPACE',''));
#17733 = ORIENTED_EDGE('',*,*,#17734,.F.);
#17734 = EDGE_CURVE('',#17688,#17712,#17735,.T.);
#17735 = SURFACE_CURVE('',#17736,(#17740,#17747),.PCURVE_S1.);
#17736 = LINE('',#17737,#17738);
#17737 = CARTESIAN_POINT('',(1.2573E+03,-159.0670842003,55.55));
#17738 = VECTOR('',#17739,1.);
#17739 = DIRECTION('',(0.,0.,1.));
#17740 = PCURVE('',#17594,#17741);
#17741 = DEFINITIONAL_REPRESENTATION('',(#17742),#17746);
#17742 = LINE('',#17743,#17744);
#17743 = CARTESIAN_POINT('',(-97.31306353085,61.190283857237));
#17744 = VECTOR('',#17745,1.);
#17745 = DIRECTION('',(1.,0.));
#17746 =(GEOMETRIC_REPRESENTATION_CONTEXT(2)PARAMETRIC_REPRESENTATION_CONTEXT()REPRESENTATION_CONTEXT('2D SPACE',''));
#17747 = PCURVE('',#17748,#17753);
#17748 = PLANE('',#17749);
#17749 = AXIS2_PLACEMENT_3D('',#17750,#17751,#17752);
#17750 = CARTESIAN_POINT('',(1.2573E+03,-159.0670842003,55.55));
#17751 = DIRECTION('',(0.,1.,0.));
#17752 = DIRECTION('',(0.,0.,1.));
#17753 = DEFINITIONAL_REPRESENTATION('',(#17754),#17758);
#17754 = LINE('',#17755,#17756);
#17755 = CARTESIAN_POINT('',(0.,0.));
#17756 = VECTOR('',#17757,1.);
#17757 = DIRECTION('',(1.,0.));
#17758 =(GEOMETRIC_REPRESENTATION_CONTEXT(2)PARAMETRIC_REPRESENTATION_CONTEXT()REPRESENTATION_CONTEXT('2D SPACE',''));
#17759 = ADVANCED_FACE('',(#17760),#17673,.T.);
#17760 = FACE_BOUND('',#17761,.T.);
#17761 = EDGE_LOOP('',(#17762,#17763,#17786,#17807));
#17762 = ORIENTED_EDGE('',*,*,#17711,.F.);
#17763 = ORIENTED_EDGE('',*,*,#17764,.T.);
#17764 = EDGE_CURVE('',#17712,#17765,#17767,.T.);
#17765 = VERTEX_POINT('',#17766);
#17766 = CARTESIAN_POINT('',(1.2954E+03,-159.0670842003,144.45));
#17767 = SURFACE_CURVE('',#17768,(#17772,#17779),.PCURVE_S1.);
#17768 = LINE('',#17769,#17770);
#17769 = CARTESIAN_POINT('',(1.2573E+03,-159.0670842003,144.45));
#17770 = VECTOR('',#17771,1.);
#17771 = DIRECTION('',(1.,0.,0.));
#17772 = PCURVE('',#17673,#17773);
#17773 = DEFINITIONAL_REPRESENTATION('',(#17774),#17778);
#17774 = LINE('',#17775,#17776);
#17775 = CARTESIAN_POINT('',(0.,0.));
#17776 = VECTOR('',#17777,1.);
#17777 = DIRECTION('',(1.,0.));
#17778 =(GEOMETRIC_REPRESENTATION_CONTEXT(2)PARAMETRIC_REPRESENTATION_CONTEXT()REPRESENTATION_CONTEXT('2D SPACE',''));
#17779 = PCURVE('',#17748,#17780);
#17780 = DEFINITIONAL_REPRESENTATION('',(#17781),#17785);
#17781 = LINE('',#17782,#17783);
#17782 = CARTESIAN_POINT('',(88.9,0.));
#17783 = VECTOR('',#17784,1.);
#17784 = DIRECTION('',(0.,1.));
#17785 =(GEOMETRIC_REPRESENTATION_CONTEXT(2)PARAMETRIC_REPRESENTATION_CONTEXT()REPRESENTATION_CONTEXT('2D SPACE',''));
#17786 = ORIENTED_EDGE('',*,*,#17787,.T.);
#17787 = EDGE_CURVE('',#17765,#17633,#17788,.T.);
#17788 = SURFACE_CURVE('',#17789,(#17793,#17800),.PCURVE_S1.);
#17789 = LINE('',#17790,#17791);
#17790 = CARTESIAN_POINT('',(1.2954E+03,-159.0670842003,144.45));
#17791 = VECTOR('',#17792,1.);
#17792 = DIRECTION('',(0.,1.,0.));
#17793 = PCURVE('',#17673,#17794);
#17794 = DEFINITIONAL_REPRESENTATION('',(#17795),#17799);
#17795 = LINE('',#17796,#17797);
#17796 = CARTESIAN_POINT('',(38.1,0.));
#17797 = VECTOR('',#17798,1.);
#17798 = DIRECTION('',(0.,1.));
#17799 =(GEOMETRIC_REPRESENTATION_CONTEXT(2)PARAMETRIC_REPRESENTATION_CONTEXT()REPRESENTATION_CONTEXT('2D SPACE',''));
#17800 = PCURVE('',#17648,#17801);
#17801 = DEFINITIONAL_REPRESENTATION('',(#17802),#17806);
#17802 = LINE('',#17803,#17804);
#17803 = CARTESIAN_POINT('',(-8.413063530854,61.190283857237));
#17804 = VECTOR('',#17805,1.);
#17805 = DIRECTION('',(0.,-1.));
#17806 =(GEOMETRIC_REPRESENTATION_CONTEXT(2)PARAMETRIC_REPRESENTATION_CONTEXT()REPRESENTATION_CONTEXT('2D SPACE',''));
#17807 = ORIENTED_EDGE('',*,*,#17660,.T.);
#17808 = ADVANCED_FACE('',(#17809),#17648,.T.);
#17809 = FACE_BOUND('',#17810,.T.);
#17810 = EDGE_LOOP('',(#17811,#17834,#17835,#17836));
#17811 = ORIENTED_EDGE('',*,*,#17812,.T.);
#17812 = EDGE_CURVE('',#17813,#17607,#17815,.T.);
#17813 = VERTEX_POINT('',#17814);
#17814 = CARTESIAN_POINT('',(1.2954E+03,-159.0670842003,55.55));
#17815 = SURFACE_CURVE('',#17816,(#17820,#17827),.PCURVE_S1.);
#17816 = LINE('',#17817,#17818);
#17817 = CARTESIAN_POINT('',(1.2954E+03,-159.0670842003,55.55));
#17818 = VECTOR('',#17819,1.);
#17819 = DIRECTION('',(0.,1.,0.));
#17820 = PCURVE('',#17648,#17821);
#17821 = DEFINITIONAL_REPRESENTATION('',(#17822),#17826);
#17822 = LINE('',#17823,#17824);
#17823 = CARTESIAN_POINT('',(-97.31306353085,61.190283857237));
#17824 = VECTOR('',#17825,1.);
#17825 = DIRECTION('',(0.,-1.));
#17826 =(GEOMETRIC_REPRESENTATION_CONTEXT(2)PARAMETRIC_REPRESENTATION_CONTEXT()REPRESENTATION_CONTEXT('2D SPACE',''));
#17827 = PCURVE('',#17621,#17828);
#17828 = DEFINITIONAL_REPRESENTATION('',(#17829),#17833);
#17829 = LINE('',#17830,#17831);
#17830 = CARTESIAN_POINT('',(38.1,0.));
#17831 = VECTOR('',#17832,1.);
#17832 = DIRECTION('',(0.,1.));
#17833 =(GEOMETRIC_REPRESENTATION_CONTEXT(2)PARAMETRIC_REPRESENTATION_CONTEXT()REPRESENTATION_CONTEXT('2D SPACE',''));
#17834 = ORIENTED_EDGE('',*,*,#17632,.T.);
#17835 = ORIENTED_EDGE('',*,*,#17787,.F.);
#17836 = ORIENTED_EDGE('',*,*,#17837,.F.);
#17837 = EDGE_CURVE('',#17813,#17765,#17838,.T.);
#17838 = SURFACE_CURVE('',#17839,(#17843,#17850),.PCURVE_S1.);
#17839 = LINE('',#17840,#17841);
#17840 = CARTESIAN_POINT('',(1.2954E+03,-159.0670842003,55.55));
#17841 = VECTOR('',#17842,1.);
#17842 = DIRECTION('',(0.,0.,1.));
#17843 = PCURVE('',#17648,#17844);
#17844 = DEFINITIONAL_REPRESENTATION('',(#17845),#17849);
#17845 = LINE('',#17846,#17847);
#17846 = CARTESIAN_POINT('',(-97.31306353085,61.190283857237));
#17847 = VECTOR('',#17848,1.);
#17848 = DIRECTION('',(1.,0.));
#17849 =(GEOMETRIC_REPRESENTATION_CONTEXT(2)PARAMETRIC_REPRESENTATION_CONTEXT()REPRESENTATION_CONTEXT('2D SPACE',''));
#17850 = PCURVE('',#17748,#17851);
#17851 = DEFINITIONAL_REPRESENTATION('',(#17852),#17856);
#17852 = LINE('',#17853,#17854);
#17853 = CARTESIAN_POINT('',(0.,38.1));
#17854 = VECTOR('',#17855,1.);
#17855 = DIRECTION('',(1.,0.));
#17856 =(GEOMETRIC_REPRESENTATION_CONTEXT(2)PARAMETRIC_REPRESENTATION_CONTEXT()REPRESENTATION_CONTEXT('2D SPACE',''));
#17857 = ADVANCED_FACE('',(#17858),#17621,.F.);
#17858 = FACE_BOUND('',#17859,.F.);
#17859 = EDGE_LOOP('',(#17860,#17861,#17882,#17883));
#17860 = ORIENTED_EDGE('',*,*,#17687,.F.);
#17861 = ORIENTED_EDGE('',*,*,#17862,.T.);
#17862 = EDGE_CURVE('',#17688,#17813,#17863,.T.);
#17863 = SURFACE_CURVE('',#17864,(#17868,#17875),.PCURVE_S1.);
#17864 = LINE('',#17865,#17866);
#17865 = CARTESIAN_POINT('',(1.2573E+03,-159.0670842003,55.55));
#17866 = VECTOR('',#17867,1.);
#17867 = DIRECTION('',(1.,0.,0.));
#17868 = PCURVE('',#17621,#17869);
#17869 = DEFINITIONAL_REPRESENTATION('',(#17870),#17874);
#17870 = LINE('',#17871,#17872);
#17871 = CARTESIAN_POINT('',(0.,0.));
#17872 = VECTOR('',#17873,1.);
#17873 = DIRECTION('',(1.,0.));
#17874 =(GEOMETRIC_REPRESENTATION_CONTEXT(2)PARAMETRIC_REPRESENTATION_CONTEXT()REPRESENTATION_CONTEXT('2D SPACE',''));
#17875 = PCURVE('',#17748,#17876);
#17876 = DEFINITIONAL_REPRESENTATION('',(#17877),#17881);
#17877 = LINE('',#17878,#17879);
#17878 = CARTESIAN_POINT('',(0.,0.));
#17879 = VECTOR('',#17880,1.);
#17880 = DIRECTION('',(0.,1.));
#17881 =(GEOMETRIC_REPRESENTATION_CONTEXT(2)PARAMETRIC_REPRESENTATION_CONTEXT()REPRESENTATION_CONTEXT('2D SPACE',''));
#17882 = ORIENTED_EDGE('',*,*,#17812,.T.);
#17883 = ORIENTED_EDGE('',*,*,#17606,.T.);
#17884 = ADVANCED_FACE('',(#17885),#17748,.F.);
#17885 = FACE_BOUND('',#17886,.F.);
#17886 = EDGE_LOOP('',(#17887,#17888,#17889,#17890));
#17887 = ORIENTED_EDGE('',*,*,#17862,.F.);
#17888 = ORIENTED_EDGE('',*,*,#17734,.T.);
#17889 = ORIENTED_EDGE('',*,*,#17764,.T.);
#17890 = ORIENTED_EDGE('',*,*,#17837,.F.);
#17891 =(GEOMETRIC_REPRESENTATION_CONTEXT(3)GLOBAL_UNCERTAINTY_ASSIGNED_CONTEXT((#17895))GLOBAL_UNIT_ASSIGNED_CONTEXT((#17892,#17893,#17894))REPRESENTATION_CONTEXT('Context #1','3D Context with UNIT and UNCERTAINTY'));
#17892 =(LENGTH_UNIT()NAMED_UNIT(*)SI_UNIT(.MILLI.,.METRE.));
#17893 =(NAMED_UNIT(*)PLANE_ANGLE_UNIT()SI_UNIT($,.RADIAN.));
#17894 =(NAMED_UNIT(*)SI_UNIT($,.STERADIAN.)SOLID_ANGLE_UNIT());
#17895 = UNCERTAINTY_MEASURE_WITH_UNIT(LENGTH_MEASURE(1.E-07),#17892,'distance_accuracy_value','confusion accuracy');
#17896 = CONTEXT_DEPENDENT_SHAPE_REPRESENTATION(#17897,#17899);
#17897 =(REPRESENTATION_RELATIONSHIP('','',#17564,#10)REPRESENTATION_RELATIONSHIP_WITH_TRANSFORMATION(#17898)SHAPE_REPRESENTATION_RELATIONSHIP());
#17898 = ITEM_DEFINED_TRANSFORMATION('','',#11,#207);
#17899 = PRODUCT_DEFINITION_SHAPE('Placement','Placement of an item',#17900);
#17900 = NEXT_ASSEMBLY_USAGE_OCCURRENCE('49','base_spacer_right','',#5,#17559,$);
#17901 = PRODUCT_RELATED_PRODUCT_CATEGORY('part',$,(#17561));
ENDSEC;
END-ISO-10303-21;
