part,kind,dimension_1_mm,dimension_2_mm,dimension_3_mm,description
main_lower_left,part,1219.2,1219.2,18.256249999999998,"Purchased 23/32 CAT face; unchanged main backplane; opt-in panel_grid_v2 datums; GEOMETRY CONCEPT ONLY; retention, service access and structural capacity unqualified; NOT build-ready"
main_lower_right,part,1219.2,1219.2,18.256249999999998,"Purchased 23/32 CAT face; unchanged main backplane; opt-in panel_grid_v2 datums; GEOMETRY CONCEPT ONLY; retention, service access and structural capacity unqualified; NOT build-ready"
main_upper_left,part,1219.2,1219.2,18.256249999999998,"Purchased 23/32 CAT face; unchanged main backplane; opt-in panel_grid_v2 datums; GEOMETRY CONCEPT ONLY; retention, service access and structural capacity unqualified; NOT build-ready"
main_upper_right,part,1219.2,1219.2,18.256249999999998,"Purchased 23/32 CAT face; unchanged main backplane; opt-in panel_grid_v2 datums; GEOMETRY CONCEPT ONLY; retention, service access and structural capacity unqualified; NOT build-ready"
kicker_left,part,1219.2,225.0,18.256249999999998,"225mm kicker; ten total active-zone T-nut holes; no main-grid LEDs in kicker; GEOMETRY CONCEPT ONLY; retention, service access and structural capacity unqualified; NOT build-ready"
kicker_right,part,1219.2,225.0,18.256249999999998,"225mm kicker; ten total active-zone T-nut holes; no main-grid LEDs in kicker; GEOMETRY CONCEPT ONLY; retention, service access and structural capacity unqualified; NOT build-ready"
base_side_left,part,2608.023990442487,139.7,38.1,"Single nominal 2x6 outer rim; grain along slope; level bearing cut; Direct commercial ML24Z rim-to-header angles replace plywood gussets and their eight bolts; selected SDS25112 screws retained; geometry, local stiffness, connection resistance and global stability require verification; NOT build-ready"
base_side_right,part,2608.023990442487,139.7,38.1,"Single nominal 2x6 outer rim; grain along slope; level bearing cut; Direct commercial ML24Z rim-to-header angles replace plywood gussets and their eight bolts; selected SDS25112 screws retained; geometry, local stiffness, connection resistance and global stability require verification; NOT build-ready"
base_rail_top,part,2362.2000000000003,139.7,38.1,"Single nominal 2x6 top crossmember; grain X; square cut; Direct commercial ML24Z rim-to-header angles replace plywood gussets and their eight bolts; selected SDS25112 screws retained; geometry, local stiffness, connection resistance and global stability require verification; NOT build-ready"
base_header,part,2438.4,234.95,38.1,"Single nominal 2x10 flat header; retained front datum and height; Direct commercial ML24Z rim-to-header angles replace plywood gussets and their eight bolts; selected SDS25112 screws retained; geometry, local stiffness, connection resistance and global stability require verification; NOT build-ready"
base_post_outer_left,part,186.9,234.95,38.1,"Single nominal 2x10 outer post; full-depth header support; retained gusset bolt grips; Direct commercial ML24Z rim-to-header angles replace plywood gussets and their eight bolts; selected SDS25112 screws retained; geometry, local stiffness, connection resistance and global stability require verification; NOT build-ready"
base_post_outer_right,part,186.9,234.95,38.1,"Single nominal 2x10 outer post; full-depth header support; retained gusset bolt grips; Direct commercial ML24Z rim-to-header angles replace plywood gussets and their eight bolts; selected SDS25112 screws retained; geometry, local stiffness, connection resistance and global stability require verification; NOT build-ready"
lumber_leg_left,part,1807.9717682704706,139.7,38.1,"Single nominal 2x6 leg; retained square top and level foot; relocated bolt group; Direct commercial ML24Z rim-to-header angles replace plywood gussets and their eight bolts; selected SDS25112 screws retained; geometry, local stiffness, connection resistance and global stability require verification; NOT build-ready"
lumber_leg_right,part,1807.9717682704706,139.7,38.1,"Single nominal 2x6 leg; retained square top and level foot; relocated bolt group; Direct commercial ML24Z rim-to-header angles replace plywood gussets and their eight bolts; selected SDS25112 screws retained; geometry, local stiffness, connection resistance and global stability require verification; NOT build-ready"
base_principal_left_1,part,2532.626011836657,139.7,38.1,"Independent single nominal 2x6 principal; no service pockets or lower housing; level full bearing cut; grain along slope; Direct commercial ML24Z rim-to-header angles replace plywood gussets and their eight bolts; selected SDS25112 screws retained; geometry, local stiffness, connection resistance and global stability require verification; NOT build-ready"
base_post_left_1,part,186.9,234.95,38.1,"Single nominal 2x10 vertical-grain post; full header-depth support beneath added principal; Direct commercial ML24Z rim-to-header angles replace plywood gussets and their eight bolts; selected SDS25112 screws retained; geometry, local stiffness, connection resistance and global stability require verification; NOT build-ready"
base_principal_left_2,part,2532.626011836657,139.7,38.1,"Independent single nominal 2x6 principal; no service pockets or lower housing; level full bearing cut; grain along slope; Direct commercial ML24Z rim-to-header angles replace plywood gussets and their eight bolts; selected SDS25112 screws retained; geometry, local stiffness, connection resistance and global stability require verification; NOT build-ready"
base_post_left_2,part,186.9,234.95,38.1,"Single nominal 2x10 vertical-grain post; full header-depth support beneath added principal; Direct commercial ML24Z rim-to-header angles replace plywood gussets and their eight bolts; selected SDS25112 screws retained; geometry, local stiffness, connection resistance and global stability require verification; NOT build-ready"
base_principal_right_1,part,2532.626011836657,139.7,38.1,"Independent single nominal 2x6 principal; no service pockets or lower housing; level full bearing cut; grain along slope; Direct commercial ML24Z rim-to-header angles replace plywood gussets and their eight bolts; selected SDS25112 screws retained; geometry, local stiffness, connection resistance and global stability require verification; NOT build-ready"
base_post_right_1,part,186.9,234.95,38.1,"Single nominal 2x10 vertical-grain post; full header-depth support beneath added principal; Direct commercial ML24Z rim-to-header angles replace plywood gussets and their eight bolts; selected SDS25112 screws retained; geometry, local stiffness, connection resistance and global stability require verification; NOT build-ready"
base_principal_right_2,part,2532.626011836657,139.7,38.1,"Independent single nominal 2x6 principal; no service pockets or lower housing; level full bearing cut; grain along slope; Direct commercial ML24Z rim-to-header angles replace plywood gussets and their eight bolts; selected SDS25112 screws retained; geometry, local stiffness, connection resistance and global stability require verification; NOT build-ready"
base_post_right_2,part,186.9,234.95,38.1,"Single nominal 2x10 vertical-grain post; full header-depth support beneath added principal; Direct commercial ML24Z rim-to-header angles replace plywood gussets and their eight bolts; selected SDS25112 screws retained; geometry, local stiffness, connection resistance and global stability require verification; NOT build-ready"
base_rail_bottom_left_1,part,392.0500000000002,139.7,38.1,"Independent square-cut single 2x6 bottom-rail segment; no service pockets; Direct commercial ML24Z rim-to-header angles replace plywood gussets and their eight bolts; selected SDS25112 screws retained; geometry, local stiffness, connection resistance and global stability require verification; NOT build-ready"
base_rail_bottom_left_2,part,361.90000000000003,139.7,38.1,"Independent square-cut single 2x6 bottom-rail segment; no service pockets; Direct commercial ML24Z rim-to-header angles replace plywood gussets and their eight bolts; selected SDS25112 screws retained; geometry, local stiffness, connection resistance and global stability require verification; NOT build-ready"
base_rail_bottom_left_3,part,261.9,139.7,38.1,"Shortened square-cut 2x6 bottom segment; no service pockets; Direct commercial ML24Z rim-to-header angles replace plywood gussets and their eight bolts; selected SDS25112 screws retained; geometry, local stiffness, connection resistance and global stability require verification; NOT build-ready"
base_rail_bottom_right_1,part,321.9,139.7,38.1,"Shortened square-cut 2x6 bottom segment; no service pockets; Direct commercial ML24Z rim-to-header angles replace plywood gussets and their eight bolts; selected SDS25112 screws retained; geometry, local stiffness, connection resistance and global stability require verification; NOT build-ready"
base_rail_bottom_right_2,part,361.90000000000003,139.7,38.1,"Independent square-cut single 2x6 bottom-rail segment; no service pockets; Direct commercial ML24Z rim-to-header angles replace plywood gussets and their eight bolts; selected SDS25112 screws retained; geometry, local stiffness, connection resistance and global stability require verification; NOT build-ready"
base_rail_bottom_right_3,part,332.0500000000002,139.7,38.1,"Independent square-cut single 2x6 bottom-rail segment; no service pockets; Direct commercial ML24Z rim-to-header angles replace plywood gussets and their eight bolts; selected SDS25112 screws retained; geometry, local stiffness, connection resistance and global stability require verification; NOT build-ready"
base_principal_center_left,part,2532.626011836657,139.7,38.1,"Independent single nominal 2x6 center principal; no service pockets or housing; level bearing cut; grain along slope; Direct commercial ML24Z rim-to-header angles replace plywood gussets and their eight bolts; selected SDS25112 screws retained; geometry, local stiffness, connection resistance and global stability require verification; NOT build-ready"
base_post_center_left,part,186.9,234.95,38.1,"Independent single nominal 2x10 center post; vertical grain; full-depth header support; Direct commercial ML24Z rim-to-header angles replace plywood gussets and their eight bolts; selected SDS25112 screws retained; geometry, local stiffness, connection resistance and global stability require verification; NOT build-ready"
base_principal_center_right,part,2532.626011836657,139.7,38.1,"Independent single nominal 2x6 center principal; no service pockets or housing; level bearing cut; grain along slope; Direct commercial ML24Z rim-to-header angles replace plywood gussets and their eight bolts; selected SDS25112 screws retained; geometry, local stiffness, connection resistance and global stability require verification; NOT build-ready"
base_post_center_right,part,186.9,234.95,38.1,"Independent single nominal 2x10 center post; vertical grain; full-depth header support; Direct commercial ML24Z rim-to-header angles replace plywood gussets and their eight bolts; selected SDS25112 screws retained; geometry, local stiffness, connection resistance and global stability require verification; NOT build-ready"
clip_single_top_left_1,part,101.6,53.35524,53.35524,"Purchased ML24Z; six separately purchased SDS25112 screws; Manufacturer nominal geometry; actual fit, installation and resistance unqualified; NOT build-ready"
clip_single_top_right_2,part,101.6,53.35524,53.35524,"Purchased ML24Z; six separately purchased SDS25112 screws; Manufacturer nominal geometry; actual fit, installation and resistance unqualified; NOT build-ready"
clip_timber_header_outer_left,part,101.6,53.35524,53.35524,"Purchased ML24Z; six separately purchased SDS25112 screws; Manufacturer nominal geometry; actual fit, installation and resistance unqualified; NOT build-ready"
clip_timber_header_outer_right,part,101.6,53.35524,53.35524,"Purchased ML24Z; six separately purchased SDS25112 screws; Manufacturer nominal geometry; actual fit, installation and resistance unqualified; NOT build-ready"
clip_vertical_bottom_left_1_1,part,101.6,53.35524,53.35524,"Purchased ML24Z; six separately purchased SDS25112 screws; Manufacturer nominal geometry; actual fit, installation and resistance unqualified; NOT build-ready"
clip_vertical_bottom_left_1_2,part,101.6,53.35524,53.35524,"Purchased ML24Z; six separately purchased SDS25112 screws; Manufacturer nominal geometry; actual fit, installation and resistance unqualified; NOT build-ready"
clip_vertical_bottom_left_2_1,part,101.6,53.35524,53.35524,"Purchased ML24Z; six separately purchased SDS25112 screws; Manufacturer nominal geometry; actual fit, installation and resistance unqualified; NOT build-ready"
clip_vertical_bottom_left_2_2,part,101.6,53.35524,53.35524,"Purchased ML24Z; six separately purchased SDS25112 screws; Manufacturer nominal geometry; actual fit, installation and resistance unqualified; NOT build-ready"
clip_vertical_bottom_left_3_1,part,101.6,53.35524,53.35524,"Purchased ML24Z; six separately purchased SDS25112 screws; Manufacturer nominal geometry; actual fit, installation and resistance unqualified; NOT build-ready"
clip_vertical_bottom_right_1_2,part,101.6,53.35524,53.35524,"Purchased ML24Z; six separately purchased SDS25112 screws; Manufacturer nominal geometry; actual fit, installation and resistance unqualified; NOT build-ready"
clip_vertical_bottom_right_2_1,part,101.6,53.35524,53.35524,"Purchased ML24Z; six separately purchased SDS25112 screws; Manufacturer nominal geometry; actual fit, installation and resistance unqualified; NOT build-ready"
clip_vertical_bottom_right_2_2,part,101.6,53.35524,53.35524,"Purchased ML24Z; six separately purchased SDS25112 screws; Manufacturer nominal geometry; actual fit, installation and resistance unqualified; NOT build-ready"
clip_vertical_bottom_right_3_1,part,101.6,53.35524,53.35524,"Purchased ML24Z; six separately purchased SDS25112 screws; Manufacturer nominal geometry; actual fit, installation and resistance unqualified; NOT build-ready"
clip_vertical_bottom_right_3_2,part,101.6,53.35524,53.35524,"Purchased ML24Z; six separately purchased SDS25112 screws; Manufacturer nominal geometry; actual fit, installation and resistance unqualified; NOT build-ready"
clip_vertical_top_left_1,part,101.6,53.35524,53.35524,"Purchased ML24Z; six separately purchased SDS25112 screws; Manufacturer nominal geometry; actual fit, installation and resistance unqualified; NOT build-ready"
clip_vertical_base_left_1,part,101.6,53.35524,53.35524,"Purchased ML24Z; six separately purchased SDS25112 screws; Manufacturer nominal geometry; actual fit, installation and resistance unqualified; NOT build-ready"
clip_vertical_header_left_1,part,101.6,53.35524,53.35524,"Purchased ML24Z; six separately purchased SDS25112 screws; Manufacturer nominal geometry; actual fit, installation and resistance unqualified; NOT build-ready"
clip_vertical_top_left_2,part,101.6,53.35524,53.35524,"Purchased ML24Z; six separately purchased SDS25112 screws; Manufacturer nominal geometry; actual fit, installation and resistance unqualified; NOT build-ready"
clip_vertical_base_left_2,part,101.6,53.35524,53.35524,"Purchased ML24Z; six separately purchased SDS25112 screws; Manufacturer nominal geometry; actual fit, installation and resistance unqualified; NOT build-ready"
clip_vertical_header_left_2,part,101.6,53.35524,53.35524,"Purchased ML24Z; six separately purchased SDS25112 screws; Manufacturer nominal geometry; actual fit, installation and resistance unqualified; NOT build-ready"
clip_vertical_top_right_1,part,101.6,53.35524,53.35524,"Purchased ML24Z; six separately purchased SDS25112 screws; Manufacturer nominal geometry; actual fit, installation and resistance unqualified; NOT build-ready"
clip_vertical_base_right_1,part,101.6,53.35524,53.35524,"Purchased ML24Z; six separately purchased SDS25112 screws; Manufacturer nominal geometry; actual fit, installation and resistance unqualified; NOT build-ready"
clip_vertical_header_right_1,part,101.6,53.35524,53.35524,"Purchased ML24Z; six separately purchased SDS25112 screws; Manufacturer nominal geometry; actual fit, installation and resistance unqualified; NOT build-ready"
clip_vertical_top_right_2,part,101.6,53.35524,53.35524,"Purchased ML24Z; six separately purchased SDS25112 screws; Manufacturer nominal geometry; actual fit, installation and resistance unqualified; NOT build-ready"
clip_vertical_base_right_2,part,101.6,53.35524,53.35524,"Purchased ML24Z; six separately purchased SDS25112 screws; Manufacturer nominal geometry; actual fit, installation and resistance unqualified; NOT build-ready"
clip_vertical_header_right_2,part,101.6,53.35524,53.35524,"Purchased ML24Z; six separately purchased SDS25112 screws; Manufacturer nominal geometry; actual fit, installation and resistance unqualified; NOT build-ready"
clip_split_top_center_left,part,101.6,53.35524,53.35524,"Purchased ML24Z; six separately purchased SDS25112 screws; Manufacturer nominal geometry; actual fit, installation and resistance unqualified; NOT build-ready"
clip_split_base_center_left,part,101.6,53.35524,53.35524,"Purchased ML24Z; six separately purchased SDS25112 screws; Manufacturer nominal geometry; actual fit, installation and resistance unqualified; NOT build-ready"
clip_split_header_center_left,part,101.6,53.35524,53.35524,"Purchased ML24Z; six separately purchased SDS25112 screws; Manufacturer nominal geometry; actual fit, installation and resistance unqualified; NOT build-ready"
clip_split_bottom_center_left,part,101.6,53.35524,53.35524,"Purchased ML24Z; six separately purchased SDS25112 screws; Manufacturer nominal geometry; actual fit, installation and resistance unqualified; NOT build-ready"
clip_split_top_center_right,part,101.6,53.35524,53.35524,"Purchased ML24Z; six separately purchased SDS25112 screws; Manufacturer nominal geometry; actual fit, installation and resistance unqualified; NOT build-ready"
clip_split_base_center_right,part,101.6,53.35524,53.35524,"Purchased ML24Z; six separately purchased SDS25112 screws; Manufacturer nominal geometry; actual fit, installation and resistance unqualified; NOT build-ready"
clip_split_header_center_right,part,101.6,53.35524,53.35524,"Purchased ML24Z; six separately purchased SDS25112 screws; Manufacturer nominal geometry; actual fit, installation and resistance unqualified; NOT build-ready"
clip_split_bottom_center_right,part,101.6,53.35524,53.35524,"Purchased ML24Z; six separately purchased SDS25112 screws; Manufacturer nominal geometry; actual fit, installation and resistance unqualified; NOT build-ready"
clip_angle_base_left,part,101.6,53.35524,53.35524,"Purchased ML24Z; six separately purchased SDS25112 screws; Manufacturer nominal geometry; actual fit, installation and resistance unqualified; NOT build-ready"
clip_angle_base_right,part,101.6,53.35524,53.35524,"Purchased ML24Z; six separately purchased SDS25112 screws; Manufacturer nominal geometry; actual fit, installation and resistance unqualified; NOT build-ready"
fastener_clip_single_top_left_1_beam_1,screw,38.1,6.35,6.35,"Simpson SDS25112, separately purchased; manufacturer nominal underhead/head geometry; simplified unthreaded shaft; no pilot instruction or capacity assignment; clip_single_top_left_1 + base_rail_top"
fastener_clip_single_top_left_1_beam_2,screw,38.1,6.35,6.35,"Simpson SDS25112, separately purchased; manufacturer nominal underhead/head geometry; simplified unthreaded shaft; no pilot instruction or capacity assignment; clip_single_top_left_1 + base_rail_top"
fastener_clip_single_top_left_1_beam_3,screw,38.1,6.35,6.35,"Simpson SDS25112, separately purchased; manufacturer nominal underhead/head geometry; simplified unthreaded shaft; no pilot instruction or capacity assignment; clip_single_top_left_1 + base_rail_top"
fastener_clip_single_top_left_1_upright_1,screw,38.1,6.35,6.35,"Simpson SDS25112, separately purchased; manufacturer nominal underhead/head geometry; simplified unthreaded shaft; no pilot instruction or capacity assignment; clip_single_top_left_1 + base_side_left"
fastener_clip_single_top_left_1_upright_2,screw,38.1,6.35,6.35,"Simpson SDS25112, separately purchased; manufacturer nominal underhead/head geometry; simplified unthreaded shaft; no pilot instruction or capacity assignment; clip_single_top_left_1 + base_side_left"
fastener_clip_single_top_left_1_upright_3,screw,38.1,6.35,6.35,"Simpson SDS25112, separately purchased; manufacturer nominal underhead/head geometry; simplified unthreaded shaft; no pilot instruction or capacity assignment; clip_single_top_left_1 + base_side_left"
fastener_clip_single_top_right_2_beam_1,screw,38.1,6.35,6.35,"Simpson SDS25112, separately purchased; manufacturer nominal underhead/head geometry; simplified unthreaded shaft; no pilot instruction or capacity assignment; clip_single_top_right_2 + base_rail_top"
fastener_clip_single_top_right_2_beam_2,screw,38.1,6.35,6.35,"Simpson SDS25112, separately purchased; manufacturer nominal underhead/head geometry; simplified unthreaded shaft; no pilot instruction or capacity assignment; clip_single_top_right_2 + base_rail_top"
fastener_clip_single_top_right_2_beam_3,screw,38.1,6.35,6.35,"Simpson SDS25112, separately purchased; manufacturer nominal underhead/head geometry; simplified unthreaded shaft; no pilot instruction or capacity assignment; clip_single_top_right_2 + base_rail_top"
fastener_clip_single_top_right_2_upright_1,screw,38.1,6.35,6.35,"Simpson SDS25112, separately purchased; manufacturer nominal underhead/head geometry; simplified unthreaded shaft; no pilot instruction or capacity assignment; clip_single_top_right_2 + base_side_right"
fastener_clip_single_top_right_2_upright_2,screw,38.1,6.35,6.35,"Simpson SDS25112, separately purchased; manufacturer nominal underhead/head geometry; simplified unthreaded shaft; no pilot instruction or capacity assignment; clip_single_top_right_2 + base_side_right"
fastener_clip_single_top_right_2_upright_3,screw,38.1,6.35,6.35,"Simpson SDS25112, separately purchased; manufacturer nominal underhead/head geometry; simplified unthreaded shaft; no pilot instruction or capacity assignment; clip_single_top_right_2 + base_side_right"
fastener_clip_timber_header_outer_left_beam_1,screw,38.1,6.35,6.35,"Simpson SDS25112, separately purchased; manufacturer nominal underhead/head geometry; simplified unthreaded shaft; no pilot instruction or capacity assignment; clip_timber_header_outer_left + base_header"
fastener_clip_timber_header_outer_left_beam_2,screw,38.1,6.35,6.35,"Simpson SDS25112, separately purchased; manufacturer nominal underhead/head geometry; simplified unthreaded shaft; no pilot instruction or capacity assignment; clip_timber_header_outer_left + base_header"
fastener_clip_timber_header_outer_left_beam_3,screw,38.1,6.35,6.35,"Simpson SDS25112, separately purchased; manufacturer nominal underhead/head geometry; simplified unthreaded shaft; no pilot instruction or capacity assignment; clip_timber_header_outer_left + base_header"
fastener_clip_timber_header_outer_left_upright_1,screw,38.1,6.35,6.35,"Simpson SDS25112, separately purchased; manufacturer nominal underhead/head geometry; simplified unthreaded shaft; no pilot instruction or capacity assignment; clip_timber_header_outer_left + base_post_outer_left"
fastener_clip_timber_header_outer_left_upright_2,screw,38.1,6.35,6.35,"Simpson SDS25112, separately purchased; manufacturer nominal underhead/head geometry; simplified unthreaded shaft; no pilot instruction or capacity assignment; clip_timber_header_outer_left + base_post_outer_left"
fastener_clip_timber_header_outer_left_upright_3,screw,38.1,6.35,6.35,"Simpson SDS25112, separately purchased; manufacturer nominal underhead/head geometry; simplified unthreaded shaft; no pilot instruction or capacity assignment; clip_timber_header_outer_left + base_post_outer_left"
fastener_clip_timber_header_outer_right_beam_1,screw,38.1,6.35,6.35,"Simpson SDS25112, separately purchased; manufacturer nominal underhead/head geometry; simplified unthreaded shaft; no pilot instruction or capacity assignment; clip_timber_header_outer_right + base_header"
fastener_clip_timber_header_outer_right_beam_2,screw,38.1,6.35,6.35,"Simpson SDS25112, separately purchased; manufacturer nominal underhead/head geometry; simplified unthreaded shaft; no pilot instruction or capacity assignment; clip_timber_header_outer_right + base_header"
fastener_clip_timber_header_outer_right_beam_3,screw,38.1,6.35,6.35,"Simpson SDS25112, separately purchased; manufacturer nominal underhead/head geometry; simplified unthreaded shaft; no pilot instruction or capacity assignment; clip_timber_header_outer_right + base_header"
fastener_clip_timber_header_outer_right_upright_1,screw,38.1,6.35,6.35,"Simpson SDS25112, separately purchased; manufacturer nominal underhead/head geometry; simplified unthreaded shaft; no pilot instruction or capacity assignment; clip_timber_header_outer_right + base_post_outer_right"
fastener_clip_timber_header_outer_right_upright_2,screw,38.1,6.35,6.35,"Simpson SDS25112, separately purchased; manufacturer nominal underhead/head geometry; simplified unthreaded shaft; no pilot instruction or capacity assignment; clip_timber_header_outer_right + base_post_outer_right"
fastener_clip_timber_header_outer_right_upright_3,screw,38.1,6.35,6.35,"Simpson SDS25112, separately purchased; manufacturer nominal underhead/head geometry; simplified unthreaded shaft; no pilot instruction or capacity assignment; clip_timber_header_outer_right + base_post_outer_right"
fastener_clip_vertical_bottom_left_1_1_beam_1,screw,38.1,6.35,6.35,"Simpson SDS25112, separately purchased; manufacturer nominal underhead/head geometry; simplified unthreaded shaft; no pilot instruction or capacity assignment; clip_vertical_bottom_left_1_1 + base_rail_bottom_left_1"
fastener_clip_vertical_bottom_left_1_1_beam_2,screw,38.1,6.35,6.35,"Simpson SDS25112, separately purchased; manufacturer nominal underhead/head geometry; simplified unthreaded shaft; no pilot instruction or capacity assignment; clip_vertical_bottom_left_1_1 + base_rail_bottom_left_1"
fastener_clip_vertical_bottom_left_1_1_beam_3,screw,38.1,6.35,6.35,"Simpson SDS25112, separately purchased; manufacturer nominal underhead/head geometry; simplified unthreaded shaft; no pilot instruction or capacity assignment; clip_vertical_bottom_left_1_1 + base_rail_bottom_left_1"
fastener_clip_vertical_bottom_left_1_1_upright_1,screw,38.1,6.35,6.35,"Simpson SDS25112, separately purchased; manufacturer nominal underhead/head geometry; simplified unthreaded shaft; no pilot instruction or capacity assignment; clip_vertical_bottom_left_1_1 + base_side_left"
fastener_clip_vertical_bottom_left_1_1_upright_2,screw,38.1,6.35,6.35,"Simpson SDS25112, separately purchased; manufacturer nominal underhead/head geometry; simplified unthreaded shaft; no pilot instruction or capacity assignment; clip_vertical_bottom_left_1_1 + base_side_left"
fastener_clip_vertical_bottom_left_1_1_upright_3,screw,38.1,6.35,6.35,"Simpson SDS25112, separately purchased; manufacturer nominal underhead/head geometry; simplified unthreaded shaft; no pilot instruction or capacity assignment; clip_vertical_bottom_left_1_1 + base_side_left"
fastener_clip_vertical_bottom_left_1_2_beam_1,screw,38.1,6.35,6.35,"Simpson SDS25112, separately purchased; manufacturer nominal underhead/head geometry; simplified unthreaded shaft; no pilot instruction or capacity assignment; clip_vertical_bottom_left_1_2 + base_rail_bottom_left_1"
fastener_clip_vertical_bottom_left_1_2_beam_2,screw,38.1,6.35,6.35,"Simpson SDS25112, separately purchased; manufacturer nominal underhead/head geometry; simplified unthreaded shaft; no pilot instruction or capacity assignment; clip_vertical_bottom_left_1_2 + base_rail_bottom_left_1"
fastener_clip_vertical_bottom_left_1_2_beam_3,screw,38.1,6.35,6.35,"Simpson SDS25112, separately purchased; manufacturer nominal underhead/head geometry; simplified unthreaded shaft; no pilot instruction or capacity assignment; clip_vertical_bottom_left_1_2 + base_rail_bottom_left_1"
fastener_clip_vertical_bottom_left_1_2_upright_1,screw,38.1,6.35,6.35,"Simpson SDS25112, separately purchased; manufacturer nominal underhead/head geometry; simplified unthreaded shaft; no pilot instruction or capacity assignment; clip_vertical_bottom_left_1_2 + base_principal_left_1"
fastener_clip_vertical_bottom_left_1_2_upright_2,screw,38.1,6.35,6.35,"Simpson SDS25112, separately purchased; manufacturer nominal underhead/head geometry; simplified unthreaded shaft; no pilot instruction or capacity assignment; clip_vertical_bottom_left_1_2 + base_principal_left_1"
fastener_clip_vertical_bottom_left_1_2_upright_3,screw,38.1,6.35,6.35,"Simpson SDS25112, separately purchased; manufacturer nominal underhead/head geometry; simplified unthreaded shaft; no pilot instruction or capacity assignment; clip_vertical_bottom_left_1_2 + base_principal_left_1"
fastener_clip_vertical_bottom_left_2_1_beam_1,screw,38.1,6.35,6.35,"Simpson SDS25112, separately purchased; manufacturer nominal underhead/head geometry; simplified unthreaded shaft; no pilot instruction or capacity assignment; clip_vertical_bottom_left_2_1 + base_rail_bottom_left_2"
fastener_clip_vertical_bottom_left_2_1_beam_2,screw,38.1,6.35,6.35,"Simpson SDS25112, separately purchased; manufacturer nominal underhead/head geometry; simplified unthreaded shaft; no pilot instruction or capacity assignment; clip_vertical_bottom_left_2_1 + base_rail_bottom_left_2"
fastener_clip_vertical_bottom_left_2_1_beam_3,screw,38.1,6.35,6.35,"Simpson SDS25112, separately purchased; manufacturer nominal underhead/head geometry; simplified unthreaded shaft; no pilot instruction or capacity assignment; clip_vertical_bottom_left_2_1 + base_rail_bottom_left_2"
fastener_clip_vertical_bottom_left_2_1_upright_1,screw,38.1,6.35,6.35,"Simpson SDS25112, separately purchased; manufacturer nominal underhead/head geometry; simplified unthreaded shaft; no pilot instruction or capacity assignment; clip_vertical_bottom_left_2_1 + base_principal_left_1"
fastener_clip_vertical_bottom_left_2_1_upright_2,screw,38.1,6.35,6.35,"Simpson SDS25112, separately purchased; manufacturer nominal underhead/head geometry; simplified unthreaded shaft; no pilot instruction or capacity assignment; clip_vertical_bottom_left_2_1 + base_principal_left_1"
fastener_clip_vertical_bottom_left_2_1_upright_3,screw,38.1,6.35,6.35,"Simpson SDS25112, separately purchased; manufacturer nominal underhead/head geometry; simplified unthreaded shaft; no pilot instruction or capacity assignment; clip_vertical_bottom_left_2_1 + base_principal_left_1"
fastener_clip_vertical_bottom_left_2_2_beam_1,screw,38.1,6.35,6.35,"Simpson SDS25112, separately purchased; manufacturer nominal underhead/head geometry; simplified unthreaded shaft; no pilot instruction or capacity assignment; clip_vertical_bottom_left_2_2 + base_rail_bottom_left_2"
fastener_clip_vertical_bottom_left_2_2_beam_2,screw,38.1,6.35,6.35,"Simpson SDS25112, separately purchased; manufacturer nominal underhead/head geometry; simplified unthreaded shaft; no pilot instruction or capacity assignment; clip_vertical_bottom_left_2_2 + base_rail_bottom_left_2"
fastener_clip_vertical_bottom_left_2_2_beam_3,screw,38.1,6.35,6.35,"Simpson SDS25112, separately purchased; manufacturer nominal underhead/head geometry; simplified unthreaded shaft; no pilot instruction or capacity assignment; clip_vertical_bottom_left_2_2 + base_rail_bottom_left_2"
fastener_clip_vertical_bottom_left_2_2_upright_1,screw,38.1,6.35,6.35,"Simpson SDS25112, separately purchased; manufacturer nominal underhead/head geometry; simplified unthreaded shaft; no pilot instruction or capacity assignment; clip_vertical_bottom_left_2_2 + base_principal_left_2"
fastener_clip_vertical_bottom_left_2_2_upright_2,screw,38.1,6.35,6.35,"Simpson SDS25112, separately purchased; manufacturer nominal underhead/head geometry; simplified unthreaded shaft; no pilot instruction or capacity assignment; clip_vertical_bottom_left_2_2 + base_principal_left_2"
fastener_clip_vertical_bottom_left_2_2_upright_3,screw,38.1,6.35,6.35,"Simpson SDS25112, separately purchased; manufacturer nominal underhead/head geometry; simplified unthreaded shaft; no pilot instruction or capacity assignment; clip_vertical_bottom_left_2_2 + base_principal_left_2"
fastener_clip_vertical_bottom_left_3_1_beam_1,screw,38.1,6.35,6.35,"Simpson SDS25112, separately purchased; manufacturer nominal underhead/head geometry; simplified unthreaded shaft; no pilot instruction or capacity assignment; clip_vertical_bottom_left_3_1 + base_rail_bottom_left_3"
fastener_clip_vertical_bottom_left_3_1_beam_2,screw,38.1,6.35,6.35,"Simpson SDS25112, separately purchased; manufacturer nominal underhead/head geometry; simplified unthreaded shaft; no pilot instruction or capacity assignment; clip_vertical_bottom_left_3_1 + base_rail_bottom_left_3"
fastener_clip_vertical_bottom_left_3_1_beam_3,screw,38.1,6.35,6.35,"Simpson SDS25112, separately purchased; manufacturer nominal underhead/head geometry; simplified unthreaded shaft; no pilot instruction or capacity assignment; clip_vertical_bottom_left_3_1 + base_rail_bottom_left_3"
fastener_clip_vertical_bottom_left_3_1_upright_1,screw,38.1,6.35,6.35,"Simpson SDS25112, separately purchased; manufacturer nominal underhead/head geometry; simplified unthreaded shaft; no pilot instruction or capacity assignment; clip_vertical_bottom_left_3_1 + base_principal_left_2"
fastener_clip_vertical_bottom_left_3_1_upright_2,screw,38.1,6.35,6.35,"Simpson SDS25112, separately purchased; manufacturer nominal underhead/head geometry; simplified unthreaded shaft; no pilot instruction or capacity assignment; clip_vertical_bottom_left_3_1 + base_principal_left_2"
fastener_clip_vertical_bottom_left_3_1_upright_3,screw,38.1,6.35,6.35,"Simpson SDS25112, separately purchased; manufacturer nominal underhead/head geometry; simplified unthreaded shaft; no pilot instruction or capacity assignment; clip_vertical_bottom_left_3_1 + base_principal_left_2"
fastener_clip_vertical_bottom_right_1_2_beam_1,screw,38.1,6.35,6.35,"Simpson SDS25112, separately purchased; manufacturer nominal underhead/head geometry; simplified unthreaded shaft; no pilot instruction or capacity assignment; clip_vertical_bottom_right_1_2 + base_rail_bottom_right_1"
fastener_clip_vertical_bottom_right_1_2_beam_2,screw,38.1,6.35,6.35,"Simpson SDS25112, separately purchased; manufacturer nominal underhead/head geometry; simplified unthreaded shaft; no pilot instruction or capacity assignment; clip_vertical_bottom_right_1_2 + base_rail_bottom_right_1"
fastener_clip_vertical_bottom_right_1_2_beam_3,screw,38.1,6.35,6.35,"Simpson SDS25112, separately purchased; manufacturer nominal underhead/head geometry; simplified unthreaded shaft; no pilot instruction or capacity assignment; clip_vertical_bottom_right_1_2 + base_rail_bottom_right_1"
fastener_clip_vertical_bottom_right_1_2_upright_1,screw,38.1,6.35,6.35,"Simpson SDS25112, separately purchased; manufacturer nominal underhead/head geometry; simplified unthreaded shaft; no pilot instruction or capacity assignment; clip_vertical_bottom_right_1_2 + base_principal_right_1"
fastener_clip_vertical_bottom_right_1_2_upright_2,screw,38.1,6.35,6.35,"Simpson SDS25112, separately purchased; manufacturer nominal underhead/head geometry; simplified unthreaded shaft; no pilot instruction or capacity assignment; clip_vertical_bottom_right_1_2 + base_principal_right_1"
fastener_clip_vertical_bottom_right_1_2_upright_3,screw,38.1,6.35,6.35,"Simpson SDS25112, separately purchased; manufacturer nominal underhead/head geometry; simplified unthreaded shaft; no pilot instruction or capacity assignment; clip_vertical_bottom_right_1_2 + base_principal_right_1"
fastener_clip_vertical_bottom_right_2_1_beam_1,screw,38.1,6.35,6.35,"Simpson SDS25112, separately purchased; manufacturer nominal underhead/head geometry; simplified unthreaded shaft; no pilot instruction or capacity assignment; clip_vertical_bottom_right_2_1 + base_rail_bottom_right_2"
fastener_clip_vertical_bottom_right_2_1_beam_2,screw,38.1,6.35,6.35,"Simpson SDS25112, separately purchased; manufacturer nominal underhead/head geometry; simplified unthreaded shaft; no pilot instruction or capacity assignment; clip_vertical_bottom_right_2_1 + base_rail_bottom_right_2"
fastener_clip_vertical_bottom_right_2_1_beam_3,screw,38.1,6.35,6.35,"Simpson SDS25112, separately purchased; manufacturer nominal underhead/head geometry; simplified unthreaded shaft; no pilot instruction or capacity assignment; clip_vertical_bottom_right_2_1 + base_rail_bottom_right_2"
fastener_clip_vertical_bottom_right_2_1_upright_1,screw,38.1,6.35,6.35,"Simpson SDS25112, separately purchased; manufacturer nominal underhead/head geometry; simplified unthreaded shaft; no pilot instruction or capacity assignment; clip_vertical_bottom_right_2_1 + base_principal_right_1"
fastener_clip_vertical_bottom_right_2_1_upright_2,screw,38.1,6.35,6.35,"Simpson SDS25112, separately purchased; manufacturer nominal underhead/head geometry; simplified unthreaded shaft; no pilot instruction or capacity assignment; clip_vertical_bottom_right_2_1 + base_principal_right_1"
fastener_clip_vertical_bottom_right_2_1_upright_3,screw,38.1,6.35,6.35,"Simpson SDS25112, separately purchased; manufacturer nominal underhead/head geometry; simplified unthreaded shaft; no pilot instruction or capacity assignment; clip_vertical_bottom_right_2_1 + base_principal_right_1"
fastener_clip_vertical_bottom_right_2_2_beam_1,screw,38.1,6.35,6.35,"Simpson SDS25112, separately purchased; manufacturer nominal underhead/head geometry; simplified unthreaded shaft; no pilot instruction or capacity assignment; clip_vertical_bottom_right_2_2 + base_rail_bottom_right_2"
fastener_clip_vertical_bottom_right_2_2_beam_2,screw,38.1,6.35,6.35,"Simpson SDS25112, separately purchased; manufacturer nominal underhead/head geometry; simplified unthreaded shaft; no pilot instruction or capacity assignment; clip_vertical_bottom_right_2_2 + base_rail_bottom_right_2"
fastener_clip_vertical_bottom_right_2_2_beam_3,screw,38.1,6.35,6.35,"Simpson SDS25112, separately purchased; manufacturer nominal underhead/head geometry; simplified unthreaded shaft; no pilot instruction or capacity assignment; clip_vertical_bottom_right_2_2 + base_rail_bottom_right_2"
fastener_clip_vertical_bottom_right_2_2_upright_1,screw,38.1,6.35,6.35,"Simpson SDS25112, separately purchased; manufacturer nominal underhead/head geometry; simplified unthreaded shaft; no pilot instruction or capacity assignment; clip_vertical_bottom_right_2_2 + base_principal_right_2"
fastener_clip_vertical_bottom_right_2_2_upright_2,screw,38.1,6.35,6.35,"Simpson SDS25112, separately purchased; manufacturer nominal underhead/head geometry; simplified unthreaded shaft; no pilot instruction or capacity assignment; clip_vertical_bottom_right_2_2 + base_principal_right_2"
fastener_clip_vertical_bottom_right_2_2_upright_3,screw,38.1,6.35,6.35,"Simpson SDS25112, separately purchased; manufacturer nominal underhead/head geometry; simplified unthreaded shaft; no pilot instruction or capacity assignment; clip_vertical_bottom_right_2_2 + base_principal_right_2"
fastener_clip_vertical_bottom_right_3_1_beam_1,screw,38.1,6.35,6.35,"Simpson SDS25112, separately purchased; manufacturer nominal underhead/head geometry; simplified unthreaded shaft; no pilot instruction or capacity assignment; clip_vertical_bottom_right_3_1 + base_rail_bottom_right_3"
fastener_clip_vertical_bottom_right_3_1_beam_2,screw,38.1,6.35,6.35,"Simpson SDS25112, separately purchased; manufacturer nominal underhead/head geometry; simplified unthreaded shaft; no pilot instruction or capacity assignment; clip_vertical_bottom_right_3_1 + base_rail_bottom_right_3"
fastener_clip_vertical_bottom_right_3_1_beam_3,screw,38.1,6.35,6.35,"Simpson SDS25112, separately purchased; manufacturer nominal underhead/head geometry; simplified unthreaded shaft; no pilot instruction or capacity assignment; clip_vertical_bottom_right_3_1 + base_rail_bottom_right_3"
fastener_clip_vertical_bottom_right_3_1_upright_1,screw,38.1,6.35,6.35,"Simpson SDS25112, separately purchased; manufacturer nominal underhead/head geometry; simplified unthreaded shaft; no pilot instruction or capacity assignment; clip_vertical_bottom_right_3_1 + base_principal_right_2"
fastener_clip_vertical_bottom_right_3_1_upright_2,screw,38.1,6.35,6.35,"Simpson SDS25112, separately purchased; manufacturer nominal underhead/head geometry; simplified unthreaded shaft; no pilot instruction or capacity assignment; clip_vertical_bottom_right_3_1 + base_principal_right_2"
fastener_clip_vertical_bottom_right_3_1_upright_3,screw,38.1,6.35,6.35,"Simpson SDS25112, separately purchased; manufacturer nominal underhead/head geometry; simplified unthreaded shaft; no pilot instruction or capacity assignment; clip_vertical_bottom_right_3_1 + base_principal_right_2"
fastener_clip_vertical_bottom_right_3_2_beam_1,screw,38.1,6.35,6.35,"Simpson SDS25112, separately purchased; manufacturer nominal underhead/head geometry; simplified unthreaded shaft; no pilot instruction or capacity assignment; clip_vertical_bottom_right_3_2 + base_rail_bottom_right_3"
fastener_clip_vertical_bottom_right_3_2_beam_2,screw,38.1,6.35,6.35,"Simpson SDS25112, separately purchased; manufacturer nominal underhead/head geometry; simplified unthreaded shaft; no pilot instruction or capacity assignment; clip_vertical_bottom_right_3_2 + base_rail_bottom_right_3"
fastener_clip_vertical_bottom_right_3_2_beam_3,screw,38.1,6.35,6.35,"Simpson SDS25112, separately purchased; manufacturer nominal underhead/head geometry; simplified unthreaded shaft; no pilot instruction or capacity assignment; clip_vertical_bottom_right_3_2 + base_rail_bottom_right_3"
fastener_clip_vertical_bottom_right_3_2_upright_1,screw,38.1,6.35,6.35,"Simpson SDS25112, separately purchased; manufacturer nominal underhead/head geometry; simplified unthreaded shaft; no pilot instruction or capacity assignment; clip_vertical_bottom_right_3_2 + base_side_right"
fastener_clip_vertical_bottom_right_3_2_upright_2,screw,38.1,6.35,6.35,"Simpson SDS25112, separately purchased; manufacturer nominal underhead/head geometry; simplified unthreaded shaft; no pilot instruction or capacity assignment; clip_vertical_bottom_right_3_2 + base_side_right"
fastener_clip_vertical_bottom_right_3_2_upright_3,screw,38.1,6.35,6.35,"Simpson SDS25112, separately purchased; manufacturer nominal underhead/head geometry; simplified unthreaded shaft; no pilot instruction or capacity assignment; clip_vertical_bottom_right_3_2 + base_side_right"
fastener_clip_vertical_top_left_1_beam_1,screw,38.1,6.35,6.35,"Simpson SDS25112, separately purchased; manufacturer nominal underhead/head geometry; simplified unthreaded shaft; no pilot instruction or capacity assignment; clip_vertical_top_left_1 + base_rail_top"
fastener_clip_vertical_top_left_1_beam_2,screw,38.1,6.35,6.35,"Simpson SDS25112, separately purchased; manufacturer nominal underhead/head geometry; simplified unthreaded shaft; no pilot instruction or capacity assignment; clip_vertical_top_left_1 + base_rail_top"
fastener_clip_vertical_top_left_1_beam_3,screw,38.1,6.35,6.35,"Simpson SDS25112, separately purchased; manufacturer nominal underhead/head geometry; simplified unthreaded shaft; no pilot instruction or capacity assignment; clip_vertical_top_left_1 + base_rail_top"
fastener_clip_vertical_top_left_1_upright_1,screw,38.1,6.35,6.35,"Simpson SDS25112, separately purchased; manufacturer nominal underhead/head geometry; simplified unthreaded shaft; no pilot instruction or capacity assignment; clip_vertical_top_left_1 + base_principal_left_1"
fastener_clip_vertical_top_left_1_upright_2,screw,38.1,6.35,6.35,"Simpson SDS25112, separately purchased; manufacturer nominal underhead/head geometry; simplified unthreaded shaft; no pilot instruction or capacity assignment; clip_vertical_top_left_1 + base_principal_left_1"
fastener_clip_vertical_top_left_1_upright_3,screw,38.1,6.35,6.35,"Simpson SDS25112, separately purchased; manufacturer nominal underhead/head geometry; simplified unthreaded shaft; no pilot instruction or capacity assignment; clip_vertical_top_left_1 + base_principal_left_1"
fastener_clip_vertical_base_left_1_beam_1,screw,38.1,6.35,6.35,"Simpson SDS25112, separately purchased; manufacturer nominal underhead/head geometry; simplified unthreaded shaft; no pilot instruction or capacity assignment; clip_vertical_base_left_1 + base_header"
fastener_clip_vertical_base_left_1_beam_2,screw,38.1,6.35,6.35,"Simpson SDS25112, separately purchased; manufacturer nominal underhead/head geometry; simplified unthreaded shaft; no pilot instruction or capacity assignment; clip_vertical_base_left_1 + base_header"
fastener_clip_vertical_base_left_1_beam_3,screw,38.1,6.35,6.35,"Simpson SDS25112, separately purchased; manufacturer nominal underhead/head geometry; simplified unthreaded shaft; no pilot instruction or capacity assignment; clip_vertical_base_left_1 + base_header"
fastener_clip_vertical_base_left_1_upright_1,screw,38.1,6.35,6.35,"Simpson SDS25112, separately purchased; manufacturer nominal underhead/head geometry; simplified unthreaded shaft; no pilot instruction or capacity assignment; clip_vertical_base_left_1 + base_principal_left_1"
fastener_clip_vertical_base_left_1_upright_2,screw,38.1,6.35,6.35,"Simpson SDS25112, separately purchased; manufacturer nominal underhead/head geometry; simplified unthreaded shaft; no pilot instruction or capacity assignment; clip_vertical_base_left_1 + base_principal_left_1"
fastener_clip_vertical_base_left_1_upright_3,screw,38.1,6.35,6.35,"Simpson SDS25112, separately purchased; manufacturer nominal underhead/head geometry; simplified unthreaded shaft; no pilot instruction or capacity assignment; clip_vertical_base_left_1 + base_principal_left_1"
fastener_clip_vertical_header_left_1_beam_1,screw,38.1,6.35,6.35,"Simpson SDS25112, separately purchased; manufacturer nominal underhead/head geometry; simplified unthreaded shaft; no pilot instruction or capacity assignment; clip_vertical_header_left_1 + base_header"
fastener_clip_vertical_header_left_1_beam_2,screw,38.1,6.35,6.35,"Simpson SDS25112, separately purchased; manufacturer nominal underhead/head geometry; simplified unthreaded shaft; no pilot instruction or capacity assignment; clip_vertical_header_left_1 + base_header"
fastener_clip_vertical_header_left_1_beam_3,screw,38.1,6.35,6.35,"Simpson SDS25112, separately purchased; manufacturer nominal underhead/head geometry; simplified unthreaded shaft; no pilot instruction or capacity assignment; clip_vertical_header_left_1 + base_header"
fastener_clip_vertical_header_left_1_upright_1,screw,38.1,6.35,6.35,"Simpson SDS25112, separately purchased; manufacturer nominal underhead/head geometry; simplified unthreaded shaft; no pilot instruction or capacity assignment; clip_vertical_header_left_1 + base_post_left_1"
fastener_clip_vertical_header_left_1_upright_2,screw,38.1,6.35,6.35,"Simpson SDS25112, separately purchased; manufacturer nominal underhead/head geometry; simplified unthreaded shaft; no pilot instruction or capacity assignment; clip_vertical_header_left_1 + base_post_left_1"
fastener_clip_vertical_header_left_1_upright_3,screw,38.1,6.35,6.35,"Simpson SDS25112, separately purchased; manufacturer nominal underhead/head geometry; simplified unthreaded shaft; no pilot instruction or capacity assignment; clip_vertical_header_left_1 + base_post_left_1"
fastener_clip_vertical_top_left_2_beam_1,screw,38.1,6.35,6.35,"Simpson SDS25112, separately purchased; manufacturer nominal underhead/head geometry; simplified unthreaded shaft; no pilot instruction or capacity assignment; clip_vertical_top_left_2 + base_rail_top"
fastener_clip_vertical_top_left_2_beam_2,screw,38.1,6.35,6.35,"Simpson SDS25112, separately purchased; manufacturer nominal underhead/head geometry; simplified unthreaded shaft; no pilot instruction or capacity assignment; clip_vertical_top_left_2 + base_rail_top"
fastener_clip_vertical_top_left_2_beam_3,screw,38.1,6.35,6.35,"Simpson SDS25112, separately purchased; manufacturer nominal underhead/head geometry; simplified unthreaded shaft; no pilot instruction or capacity assignment; clip_vertical_top_left_2 + base_rail_top"
fastener_clip_vertical_top_left_2_upright_1,screw,38.1,6.35,6.35,"Simpson SDS25112, separately purchased; manufacturer nominal underhead/head geometry; simplified unthreaded shaft; no pilot instruction or capacity assignment; clip_vertical_top_left_2 + base_principal_left_2"
fastener_clip_vertical_top_left_2_upright_2,screw,38.1,6.35,6.35,"Simpson SDS25112, separately purchased; manufacturer nominal underhead/head geometry; simplified unthreaded shaft; no pilot instruction or capacity assignment; clip_vertical_top_left_2 + base_principal_left_2"
fastener_clip_vertical_top_left_2_upright_3,screw,38.1,6.35,6.35,"Simpson SDS25112, separately purchased; manufacturer nominal underhead/head geometry; simplified unthreaded shaft; no pilot instruction or capacity assignment; clip_vertical_top_left_2 + base_principal_left_2"
fastener_clip_vertical_base_left_2_beam_1,screw,38.1,6.35,6.35,"Simpson SDS25112, separately purchased; manufacturer nominal underhead/head geometry; simplified unthreaded shaft; no pilot instruction or capacity assignment; clip_vertical_base_left_2 + base_header"
fastener_clip_vertical_base_left_2_beam_2,screw,38.1,6.35,6.35,"Simpson SDS25112, separately purchased; manufacturer nominal underhead/head geometry; simplified unthreaded shaft; no pilot instruction or capacity assignment; clip_vertical_base_left_2 + base_header"
fastener_clip_vertical_base_left_2_beam_3,screw,38.1,6.35,6.35,"Simpson SDS25112, separately purchased; manufacturer nominal underhead/head geometry; simplified unthreaded shaft; no pilot instruction or capacity assignment; clip_vertical_base_left_2 + base_header"
fastener_clip_vertical_base_left_2_upright_1,screw,38.1,6.35,6.35,"Simpson SDS25112, separately purchased; manufacturer nominal underhead/head geometry; simplified unthreaded shaft; no pilot instruction or capacity assignment; clip_vertical_base_left_2 + base_principal_left_2"
fastener_clip_vertical_base_left_2_upright_2,screw,38.1,6.35,6.35,"Simpson SDS25112, separately purchased; manufacturer nominal underhead/head geometry; simplified unthreaded shaft; no pilot instruction or capacity assignment; clip_vertical_base_left_2 + base_principal_left_2"
fastener_clip_vertical_base_left_2_upright_3,screw,38.1,6.35,6.35,"Simpson SDS25112, separately purchased; manufacturer nominal underhead/head geometry; simplified unthreaded shaft; no pilot instruction or capacity assignment; clip_vertical_base_left_2 + base_principal_left_2"
fastener_clip_vertical_header_left_2_beam_1,screw,38.1,6.35,6.35,"Simpson SDS25112, separately purchased; manufacturer nominal underhead/head geometry; simplified unthreaded shaft; no pilot instruction or capacity assignment; clip_vertical_header_left_2 + base_header"
fastener_clip_vertical_header_left_2_beam_2,screw,38.1,6.35,6.35,"Simpson SDS25112, separately purchased; manufacturer nominal underhead/head geometry; simplified unthreaded shaft; no pilot instruction or capacity assignment; clip_vertical_header_left_2 + base_header"
fastener_clip_vertical_header_left_2_beam_3,screw,38.1,6.35,6.35,"Simpson SDS25112, separately purchased; manufacturer nominal underhead/head geometry; simplified unthreaded shaft; no pilot instruction or capacity assignment; clip_vertical_header_left_2 + base_header"
fastener_clip_vertical_header_left_2_upright_1,screw,38.1,6.35,6.35,"Simpson SDS25112, separately purchased; manufacturer nominal underhead/head geometry; simplified unthreaded shaft; no pilot instruction or capacity assignment; clip_vertical_header_left_2 + base_post_left_2"
fastener_clip_vertical_header_left_2_upright_2,screw,38.1,6.35,6.35,"Simpson SDS25112, separately purchased; manufacturer nominal underhead/head geometry; simplified unthreaded shaft; no pilot instruction or capacity assignment; clip_vertical_header_left_2 + base_post_left_2"
fastener_clip_vertical_header_left_2_upright_3,screw,38.1,6.35,6.35,"Simpson SDS25112, separately purchased; manufacturer nominal underhead/head geometry; simplified unthreaded shaft; no pilot instruction or capacity assignment; clip_vertical_header_left_2 + base_post_left_2"
fastener_clip_vertical_top_right_1_beam_1,screw,38.1,6.35,6.35,"Simpson SDS25112, separately purchased; manufacturer nominal underhead/head geometry; simplified unthreaded shaft; no pilot instruction or capacity assignment; clip_vertical_top_right_1 + base_rail_top"
fastener_clip_vertical_top_right_1_beam_2,screw,38.1,6.35,6.35,"Simpson SDS25112, separately purchased; manufacturer nominal underhead/head geometry; simplified unthreaded shaft; no pilot instruction or capacity assignment; clip_vertical_top_right_1 + base_rail_top"
fastener_clip_vertical_top_right_1_beam_3,screw,38.1,6.35,6.35,"Simpson SDS25112, separately purchased; manufacturer nominal underhead/head geometry; simplified unthreaded shaft; no pilot instruction or capacity assignment; clip_vertical_top_right_1 + base_rail_top"
fastener_clip_vertical_top_right_1_upright_1,screw,38.1,6.35,6.35,"Simpson SDS25112, separately purchased; manufacturer nominal underhead/head geometry; simplified unthreaded shaft; no pilot instruction or capacity assignment; clip_vertical_top_right_1 + base_principal_right_1"
fastener_clip_vertical_top_right_1_upright_2,screw,38.1,6.35,6.35,"Simpson SDS25112, separately purchased; manufacturer nominal underhead/head geometry; simplified unthreaded shaft; no pilot instruction or capacity assignment; clip_vertical_top_right_1 + base_principal_right_1"
fastener_clip_vertical_top_right_1_upright_3,screw,38.1,6.35,6.35,"Simpson SDS25112, separately purchased; manufacturer nominal underhead/head geometry; simplified unthreaded shaft; no pilot instruction or capacity assignment; clip_vertical_top_right_1 + base_principal_right_1"
fastener_clip_vertical_base_right_1_beam_1,screw,38.1,6.35,6.35,"Simpson SDS25112, separately purchased; manufacturer nominal underhead/head geometry; simplified unthreaded shaft; no pilot instruction or capacity assignment; clip_vertical_base_right_1 + base_header"
fastener_clip_vertical_base_right_1_beam_2,screw,38.1,6.35,6.35,"Simpson SDS25112, separately purchased; manufacturer nominal underhead/head geometry; simplified unthreaded shaft; no pilot instruction or capacity assignment; clip_vertical_base_right_1 + base_header"
fastener_clip_vertical_base_right_1_beam_3,screw,38.1,6.35,6.35,"Simpson SDS25112, separately purchased; manufacturer nominal underhead/head geometry; simplified unthreaded shaft; no pilot instruction or capacity assignment; clip_vertical_base_right_1 + base_header"
fastener_clip_vertical_base_right_1_upright_1,screw,38.1,6.35,6.35,"Simpson SDS25112, separately purchased; manufacturer nominal underhead/head geometry; simplified unthreaded shaft; no pilot instruction or capacity assignment; clip_vertical_base_right_1 + base_principal_right_1"
fastener_clip_vertical_base_right_1_upright_2,screw,38.1,6.35,6.35,"Simpson SDS25112, separately purchased; manufacturer nominal underhead/head geometry; simplified unthreaded shaft; no pilot instruction or capacity assignment; clip_vertical_base_right_1 + base_principal_right_1"
fastener_clip_vertical_base_right_1_upright_3,screw,38.1,6.35,6.35,"Simpson SDS25112, separately purchased; manufacturer nominal underhead/head geometry; simplified unthreaded shaft; no pilot instruction or capacity assignment; clip_vertical_base_right_1 + base_principal_right_1"
fastener_clip_vertical_header_right_1_beam_1,screw,38.1,6.35,6.35,"Simpson SDS25112, separately purchased; manufacturer nominal underhead/head geometry; simplified unthreaded shaft; no pilot instruction or capacity assignment; clip_vertical_header_right_1 + base_header"
fastener_clip_vertical_header_right_1_beam_2,screw,38.1,6.35,6.35,"Simpson SDS25112, separately purchased; manufacturer nominal underhead/head geometry; simplified unthreaded shaft; no pilot instruction or capacity assignment; clip_vertical_header_right_1 + base_header"
fastener_clip_vertical_header_right_1_beam_3,screw,38.1,6.35,6.35,"Simpson SDS25112, separately purchased; manufacturer nominal underhead/head geometry; simplified unthreaded shaft; no pilot instruction or capacity assignment; clip_vertical_header_right_1 + base_header"
fastener_clip_vertical_header_right_1_upright_1,screw,38.1,6.35,6.35,"Simpson SDS25112, separately purchased; manufacturer nominal underhead/head geometry; simplified unthreaded shaft; no pilot instruction or capacity assignment; clip_vertical_header_right_1 + base_post_right_1"
fastener_clip_vertical_header_right_1_upright_2,screw,38.1,6.35,6.35,"Simpson SDS25112, separately purchased; manufacturer nominal underhead/head geometry; simplified unthreaded shaft; no pilot instruction or capacity assignment; clip_vertical_header_right_1 + base_post_right_1"
fastener_clip_vertical_header_right_1_upright_3,screw,38.1,6.35,6.35,"Simpson SDS25112, separately purchased; manufacturer nominal underhead/head geometry; simplified unthreaded shaft; no pilot instruction or capacity assignment; clip_vertical_header_right_1 + base_post_right_1"
fastener_clip_vertical_top_right_2_beam_1,screw,38.1,6.35,6.35,"Simpson SDS25112, separately purchased; manufacturer nominal underhead/head geometry; simplified unthreaded shaft; no pilot instruction or capacity assignment; clip_vertical_top_right_2 + base_rail_top"
fastener_clip_vertical_top_right_2_beam_2,screw,38.1,6.35,6.35,"Simpson SDS25112, separately purchased; manufacturer nominal underhead/head geometry; simplified unthreaded shaft; no pilot instruction or capacity assignment; clip_vertical_top_right_2 + base_rail_top"
fastener_clip_vertical_top_right_2_beam_3,screw,38.1,6.35,6.35,"Simpson SDS25112, separately purchased; manufacturer nominal underhead/head geometry; simplified unthreaded shaft; no pilot instruction or capacity assignment; clip_vertical_top_right_2 + base_rail_top"
fastener_clip_vertical_top_right_2_upright_1,screw,38.1,6.35,6.35,"Simpson SDS25112, separately purchased; manufacturer nominal underhead/head geometry; simplified unthreaded shaft; no pilot instruction or capacity assignment; clip_vertical_top_right_2 + base_principal_right_2"
fastener_clip_vertical_top_right_2_upright_2,screw,38.1,6.35,6.35,"Simpson SDS25112, separately purchased; manufacturer nominal underhead/head geometry; simplified unthreaded shaft; no pilot instruction or capacity assignment; clip_vertical_top_right_2 + base_principal_right_2"
fastener_clip_vertical_top_right_2_upright_3,screw,38.1,6.35,6.35,"Simpson SDS25112, separately purchased; manufacturer nominal underhead/head geometry; simplified unthreaded shaft; no pilot instruction or capacity assignment; clip_vertical_top_right_2 + base_principal_right_2"
fastener_clip_vertical_base_right_2_beam_1,screw,38.1,6.35,6.35,"Simpson SDS25112, separately purchased; manufacturer nominal underhead/head geometry; simplified unthreaded shaft; no pilot instruction or capacity assignment; clip_vertical_base_right_2 + base_header"
fastener_clip_vertical_base_right_2_beam_2,screw,38.1,6.35,6.35,"Simpson SDS25112, separately purchased; manufacturer nominal underhead/head geometry; simplified unthreaded shaft; no pilot instruction or capacity assignment; clip_vertical_base_right_2 + base_header"
fastener_clip_vertical_base_right_2_beam_3,screw,38.1,6.35,6.35,"Simpson SDS25112, separately purchased; manufacturer nominal underhead/head geometry; simplified unthreaded shaft; no pilot instruction or capacity assignment; clip_vertical_base_right_2 + base_header"
fastener_clip_vertical_base_right_2_upright_1,screw,38.1,6.35,6.35,"Simpson SDS25112, separately purchased; manufacturer nominal underhead/head geometry; simplified unthreaded shaft; no pilot instruction or capacity assignment; clip_vertical_base_right_2 + base_principal_right_2"
fastener_clip_vertical_base_right_2_upright_2,screw,38.1,6.35,6.35,"Simpson SDS25112, separately purchased; manufacturer nominal underhead/head geometry; simplified unthreaded shaft; no pilot instruction or capacity assignment; clip_vertical_base_right_2 + base_principal_right_2"
fastener_clip_vertical_base_right_2_upright_3,screw,38.1,6.35,6.35,"Simpson SDS25112, separately purchased; manufacturer nominal underhead/head geometry; simplified unthreaded shaft; no pilot instruction or capacity assignment; clip_vertical_base_right_2 + base_principal_right_2"
fastener_clip_vertical_header_right_2_beam_1,screw,38.1,6.35,6.35,"Simpson SDS25112, separately purchased; manufacturer nominal underhead/head geometry; simplified unthreaded shaft; no pilot instruction or capacity assignment; clip_vertical_header_right_2 + base_header"
fastener_clip_vertical_header_right_2_beam_2,screw,38.1,6.35,6.35,"Simpson SDS25112, separately purchased; manufacturer nominal underhead/head geometry; simplified unthreaded shaft; no pilot instruction or capacity assignment; clip_vertical_header_right_2 + base_header"
fastener_clip_vertical_header_right_2_beam_3,screw,38.1,6.35,6.35,"Simpson SDS25112, separately purchased; manufacturer nominal underhead/head geometry; simplified unthreaded shaft; no pilot instruction or capacity assignment; clip_vertical_header_right_2 + base_header"
fastener_clip_vertical_header_right_2_upright_1,screw,38.1,6.35,6.35,"Simpson SDS25112, separately purchased; manufacturer nominal underhead/head geometry; simplified unthreaded shaft; no pilot instruction or capacity assignment; clip_vertical_header_right_2 + base_post_right_2"
fastener_clip_vertical_header_right_2_upright_2,screw,38.1,6.35,6.35,"Simpson SDS25112, separately purchased; manufacturer nominal underhead/head geometry; simplified unthreaded shaft; no pilot instruction or capacity assignment; clip_vertical_header_right_2 + base_post_right_2"
fastener_clip_vertical_header_right_2_upright_3,screw,38.1,6.35,6.35,"Simpson SDS25112, separately purchased; manufacturer nominal underhead/head geometry; simplified unthreaded shaft; no pilot instruction or capacity assignment; clip_vertical_header_right_2 + base_post_right_2"
fastener_clip_split_top_center_left_beam_1,screw,38.1,6.35,6.35,"Simpson SDS25112, separately purchased; manufacturer nominal underhead/head geometry; simplified unthreaded shaft; no pilot instruction or capacity assignment; clip_split_top_center_left + base_rail_top"
fastener_clip_split_top_center_left_beam_2,screw,38.1,6.35,6.35,"Simpson SDS25112, separately purchased; manufacturer nominal underhead/head geometry; simplified unthreaded shaft; no pilot instruction or capacity assignment; clip_split_top_center_left + base_rail_top"
fastener_clip_split_top_center_left_beam_3,screw,38.1,6.35,6.35,"Simpson SDS25112, separately purchased; manufacturer nominal underhead/head geometry; simplified unthreaded shaft; no pilot instruction or capacity assignment; clip_split_top_center_left + base_rail_top"
fastener_clip_split_top_center_left_upright_1,screw,38.1,6.35,6.35,"Simpson SDS25112, separately purchased; manufacturer nominal underhead/head geometry; simplified unthreaded shaft; no pilot instruction or capacity assignment; clip_split_top_center_left + base_principal_center_left"
fastener_clip_split_top_center_left_upright_2,screw,38.1,6.35,6.35,"Simpson SDS25112, separately purchased; manufacturer nominal underhead/head geometry; simplified unthreaded shaft; no pilot instruction or capacity assignment; clip_split_top_center_left + base_principal_center_left"
fastener_clip_split_top_center_left_upright_3,screw,38.1,6.35,6.35,"Simpson SDS25112, separately purchased; manufacturer nominal underhead/head geometry; simplified unthreaded shaft; no pilot instruction or capacity assignment; clip_split_top_center_left + base_principal_center_left"
fastener_clip_split_base_center_left_beam_1,screw,38.1,6.35,6.35,"Simpson SDS25112, separately purchased; manufacturer nominal underhead/head geometry; simplified unthreaded shaft; no pilot instruction or capacity assignment; clip_split_base_center_left + base_header"
fastener_clip_split_base_center_left_beam_2,screw,38.1,6.35,6.35,"Simpson SDS25112, separately purchased; manufacturer nominal underhead/head geometry; simplified unthreaded shaft; no pilot instruction or capacity assignment; clip_split_base_center_left + base_header"
fastener_clip_split_base_center_left_beam_3,screw,38.1,6.35,6.35,"Simpson SDS25112, separately purchased; manufacturer nominal underhead/head geometry; simplified unthreaded shaft; no pilot instruction or capacity assignment; clip_split_base_center_left + base_header"
fastener_clip_split_base_center_left_upright_1,screw,38.1,6.35,6.35,"Simpson SDS25112, separately purchased; manufacturer nominal underhead/head geometry; simplified unthreaded shaft; no pilot instruction or capacity assignment; clip_split_base_center_left + base_principal_center_left"
fastener_clip_split_base_center_left_upright_2,screw,38.1,6.35,6.35,"Simpson SDS25112, separately purchased; manufacturer nominal underhead/head geometry; simplified unthreaded shaft; no pilot instruction or capacity assignment; clip_split_base_center_left + base_principal_center_left"
fastener_clip_split_base_center_left_upright_3,screw,38.1,6.35,6.35,"Simpson SDS25112, separately purchased; manufacturer nominal underhead/head geometry; simplified unthreaded shaft; no pilot instruction or capacity assignment; clip_split_base_center_left + base_principal_center_left"
fastener_clip_split_header_center_left_beam_1,screw,38.1,6.35,6.35,"Simpson SDS25112, separately purchased; manufacturer nominal underhead/head geometry; simplified unthreaded shaft; no pilot instruction or capacity assignment; clip_split_header_center_left + base_header"
fastener_clip_split_header_center_left_beam_2,screw,38.1,6.35,6.35,"Simpson SDS25112, separately purchased; manufacturer nominal underhead/head geometry; simplified unthreaded shaft; no pilot instruction or capacity assignment; clip_split_header_center_left + base_header"
fastener_clip_split_header_center_left_beam_3,screw,38.1,6.35,6.35,"Simpson SDS25112, separately purchased; manufacturer nominal underhead/head geometry; simplified unthreaded shaft; no pilot instruction or capacity assignment; clip_split_header_center_left + base_header"
fastener_clip_split_header_center_left_upright_1,screw,38.1,6.35,6.35,"Simpson SDS25112, separately purchased; manufacturer nominal underhead/head geometry; simplified unthreaded shaft; no pilot instruction or capacity assignment; clip_split_header_center_left + base_post_center_left"
fastener_clip_split_header_center_left_upright_2,screw,38.1,6.35,6.35,"Simpson SDS25112, separately purchased; manufacturer nominal underhead/head geometry; simplified unthreaded shaft; no pilot instruction or capacity assignment; clip_split_header_center_left + base_post_center_left"
fastener_clip_split_header_center_left_upright_3,screw,38.1,6.35,6.35,"Simpson SDS25112, separately purchased; manufacturer nominal underhead/head geometry; simplified unthreaded shaft; no pilot instruction or capacity assignment; clip_split_header_center_left + base_post_center_left"
fastener_clip_split_bottom_center_left_beam_1,screw,38.1,6.35,6.35,"Simpson SDS25112, separately purchased; manufacturer nominal underhead/head geometry; simplified unthreaded shaft; no pilot instruction or capacity assignment; clip_split_bottom_center_left + base_rail_bottom_left_3"
fastener_clip_split_bottom_center_left_beam_2,screw,38.1,6.35,6.35,"Simpson SDS25112, separately purchased; manufacturer nominal underhead/head geometry; simplified unthreaded shaft; no pilot instruction or capacity assignment; clip_split_bottom_center_left + base_rail_bottom_left_3"
fastener_clip_split_bottom_center_left_beam_3,screw,38.1,6.35,6.35,"Simpson SDS25112, separately purchased; manufacturer nominal underhead/head geometry; simplified unthreaded shaft; no pilot instruction or capacity assignment; clip_split_bottom_center_left + base_rail_bottom_left_3"
fastener_clip_split_bottom_center_left_upright_1,screw,38.1,6.35,6.35,"Simpson SDS25112, separately purchased; manufacturer nominal underhead/head geometry; simplified unthreaded shaft; no pilot instruction or capacity assignment; clip_split_bottom_center_left + base_principal_center_left"
fastener_clip_split_bottom_center_left_upright_2,screw,38.1,6.35,6.35,"Simpson SDS25112, separately purchased; manufacturer nominal underhead/head geometry; simplified unthreaded shaft; no pilot instruction or capacity assignment; clip_split_bottom_center_left + base_principal_center_left"
fastener_clip_split_bottom_center_left_upright_3,screw,38.1,6.35,6.35,"Simpson SDS25112, separately purchased; manufacturer nominal underhead/head geometry; simplified unthreaded shaft; no pilot instruction or capacity assignment; clip_split_bottom_center_left + base_principal_center_left"
fastener_clip_split_top_center_right_beam_1,screw,38.1,6.35,6.35,"Simpson SDS25112, separately purchased; manufacturer nominal underhead/head geometry; simplified unthreaded shaft; no pilot instruction or capacity assignment; clip_split_top_center_right + base_rail_top"
fastener_clip_split_top_center_right_beam_2,screw,38.1,6.35,6.35,"Simpson SDS25112, separately purchased; manufacturer nominal underhead/head geometry; simplified unthreaded shaft; no pilot instruction or capacity assignment; clip_split_top_center_right + base_rail_top"
fastener_clip_split_top_center_right_beam_3,screw,38.1,6.35,6.35,"Simpson SDS25112, separately purchased; manufacturer nominal underhead/head geometry; simplified unthreaded shaft; no pilot instruction or capacity assignment; clip_split_top_center_right + base_rail_top"
fastener_clip_split_top_center_right_upright_1,screw,38.1,6.35,6.35,"Simpson SDS25112, separately purchased; manufacturer nominal underhead/head geometry; simplified unthreaded shaft; no pilot instruction or capacity assignment; clip_split_top_center_right + base_principal_center_right"
fastener_clip_split_top_center_right_upright_2,screw,38.1,6.35,6.35,"Simpson SDS25112, separately purchased; manufacturer nominal underhead/head geometry; simplified unthreaded shaft; no pilot instruction or capacity assignment; clip_split_top_center_right + base_principal_center_right"
fastener_clip_split_top_center_right_upright_3,screw,38.1,6.35,6.35,"Simpson SDS25112, separately purchased; manufacturer nominal underhead/head geometry; simplified unthreaded shaft; no pilot instruction or capacity assignment; clip_split_top_center_right + base_principal_center_right"
fastener_clip_split_base_center_right_beam_1,screw,38.1,6.35,6.35,"Simpson SDS25112, separately purchased; manufacturer nominal underhead/head geometry; simplified unthreaded shaft; no pilot instruction or capacity assignment; clip_split_base_center_right + base_header"
fastener_clip_split_base_center_right_beam_2,screw,38.1,6.35,6.35,"Simpson SDS25112, separately purchased; manufacturer nominal underhead/head geometry; simplified unthreaded shaft; no pilot instruction or capacity assignment; clip_split_base_center_right + base_header"
fastener_clip_split_base_center_right_beam_3,screw,38.1,6.35,6.35,"Simpson SDS25112, separately purchased; manufacturer nominal underhead/head geometry; simplified unthreaded shaft; no pilot instruction or capacity assignment; clip_split_base_center_right + base_header"
fastener_clip_split_base_center_right_upright_1,screw,38.1,6.35,6.35,"Simpson SDS25112, separately purchased; manufacturer nominal underhead/head geometry; simplified unthreaded shaft; no pilot instruction or capacity assignment; clip_split_base_center_right + base_principal_center_right"
fastener_clip_split_base_center_right_upright_2,screw,38.1,6.35,6.35,"Simpson SDS25112, separately purchased; manufacturer nominal underhead/head geometry; simplified unthreaded shaft; no pilot instruction or capacity assignment; clip_split_base_center_right + base_principal_center_right"
fastener_clip_split_base_center_right_upright_3,screw,38.1,6.35,6.35,"Simpson SDS25112, separately purchased; manufacturer nominal underhead/head geometry; simplified unthreaded shaft; no pilot instruction or capacity assignment; clip_split_base_center_right + base_principal_center_right"
fastener_clip_split_header_center_right_beam_1,screw,38.1,6.35,6.35,"Simpson SDS25112, separately purchased; manufacturer nominal underhead/head geometry; simplified unthreaded shaft; no pilot instruction or capacity assignment; clip_split_header_center_right + base_header"
fastener_clip_split_header_center_right_beam_2,screw,38.1,6.35,6.35,"Simpson SDS25112, separately purchased; manufacturer nominal underhead/head geometry; simplified unthreaded shaft; no pilot instruction or capacity assignment; clip_split_header_center_right + base_header"
fastener_clip_split_header_center_right_beam_3,screw,38.1,6.35,6.35,"Simpson SDS25112, separately purchased; manufacturer nominal underhead/head geometry; simplified unthreaded shaft; no pilot instruction or capacity assignment; clip_split_header_center_right + base_header"
fastener_clip_split_header_center_right_upright_1,screw,38.1,6.35,6.35,"Simpson SDS25112, separately purchased; manufacturer nominal underhead/head geometry; simplified unthreaded shaft; no pilot instruction or capacity assignment; clip_split_header_center_right + base_post_center_right"
fastener_clip_split_header_center_right_upright_2,screw,38.1,6.35,6.35,"Simpson SDS25112, separately purchased; manufacturer nominal underhead/head geometry; simplified unthreaded shaft; no pilot instruction or capacity assignment; clip_split_header_center_right + base_post_center_right"
fastener_clip_split_header_center_right_upright_3,screw,38.1,6.35,6.35,"Simpson SDS25112, separately purchased; manufacturer nominal underhead/head geometry; simplified unthreaded shaft; no pilot instruction or capacity assignment; clip_split_header_center_right + base_post_center_right"
fastener_clip_split_bottom_center_right_beam_1,screw,38.1,6.35,6.35,"Simpson SDS25112, separately purchased; manufacturer nominal underhead/head geometry; simplified unthreaded shaft; no pilot instruction or capacity assignment; clip_split_bottom_center_right + base_rail_bottom_right_1"
fastener_clip_split_bottom_center_right_beam_2,screw,38.1,6.35,6.35,"Simpson SDS25112, separately purchased; manufacturer nominal underhead/head geometry; simplified unthreaded shaft; no pilot instruction or capacity assignment; clip_split_bottom_center_right + base_rail_bottom_right_1"
fastener_clip_split_bottom_center_right_beam_3,screw,38.1,6.35,6.35,"Simpson SDS25112, separately purchased; manufacturer nominal underhead/head geometry; simplified unthreaded shaft; no pilot instruction or capacity assignment; clip_split_bottom_center_right + base_rail_bottom_right_1"
fastener_clip_split_bottom_center_right_upright_1,screw,38.1,6.35,6.35,"Simpson SDS25112, separately purchased; manufacturer nominal underhead/head geometry; simplified unthreaded shaft; no pilot instruction or capacity assignment; clip_split_bottom_center_right + base_principal_center_right"
fastener_clip_split_bottom_center_right_upright_2,screw,38.1,6.35,6.35,"Simpson SDS25112, separately purchased; manufacturer nominal underhead/head geometry; simplified unthreaded shaft; no pilot instruction or capacity assignment; clip_split_bottom_center_right + base_principal_center_right"
fastener_clip_split_bottom_center_right_upright_3,screw,38.1,6.35,6.35,"Simpson SDS25112, separately purchased; manufacturer nominal underhead/head geometry; simplified unthreaded shaft; no pilot instruction or capacity assignment; clip_split_bottom_center_right + base_principal_center_right"
fastener_timber_panel_lower_left_1,screw,50.8,4.1402,4.1402,"SPAX XFT08P-2000 #8 x2 in; nominal geometry; head profile and capacity unqualified; fresh drilling; Direct commercial ML24Z rim-to-header angles replace plywood gussets and their eight bolts; selected SDS25112 screws retained; geometry, local stiffness, connection resistance and global stability require verification; NOT build-ready; main_lower_left + base_side_left"
fastener_timber_panel_lower_left_2,screw,50.8,4.1402,4.1402,"SPAX XFT08P-2000 #8 x2 in; nominal geometry; head profile and capacity unqualified; fresh drilling; Direct commercial ML24Z rim-to-header angles replace plywood gussets and their eight bolts; selected SDS25112 screws retained; geometry, local stiffness, connection resistance and global stability require verification; NOT build-ready; main_lower_left + base_side_left"
fastener_timber_panel_lower_left_3,screw,50.8,4.1402,4.1402,"SPAX XFT08P-2000 #8 x2 in; nominal geometry; head profile and capacity unqualified; fresh drilling; Direct commercial ML24Z rim-to-header angles replace plywood gussets and their eight bolts; selected SDS25112 screws retained; geometry, local stiffness, connection resistance and global stability require verification; NOT build-ready; main_lower_left + base_principal_center_left"
fastener_timber_panel_lower_left_4,screw,50.8,4.1402,4.1402,"SPAX XFT08P-2000 #8 x2 in; nominal geometry; head profile and capacity unqualified; fresh drilling; Direct commercial ML24Z rim-to-header angles replace plywood gussets and their eight bolts; selected SDS25112 screws retained; geometry, local stiffness, connection resistance and global stability require verification; NOT build-ready; main_lower_left + base_principal_center_left"
fastener_timber_panel_lower_left_5,screw,50.8,4.1402,4.1402,"SPAX XFT08P-2000 #8 x2 in; nominal geometry; head profile and capacity unqualified; fresh drilling; Direct commercial ML24Z rim-to-header angles replace plywood gussets and their eight bolts; selected SDS25112 screws retained; geometry, local stiffness, connection resistance and global stability require verification; NOT build-ready; main_lower_left + base_side_left"
fastener_timber_panel_lower_left_6,screw,50.8,4.1402,4.1402,"SPAX XFT08P-2000 #8 x2 in; nominal geometry; head profile and capacity unqualified; fresh drilling; Direct commercial ML24Z rim-to-header angles replace plywood gussets and their eight bolts; selected SDS25112 screws retained; geometry, local stiffness, connection resistance and global stability require verification; NOT build-ready; main_lower_left + base_side_left"
fastener_timber_panel_lower_left_7,screw,50.8,4.1402,4.1402,"SPAX XFT08P-2000 #8 x2 in; nominal geometry; head profile and capacity unqualified; fresh drilling; Direct commercial ML24Z rim-to-header angles replace plywood gussets and their eight bolts; selected SDS25112 screws retained; geometry, local stiffness, connection resistance and global stability require verification; NOT build-ready; main_lower_left + base_principal_center_left"
fastener_timber_panel_lower_left_8,screw,50.8,4.1402,4.1402,"SPAX XFT08P-2000 #8 x2 in; nominal geometry; head profile and capacity unqualified; fresh drilling; Direct commercial ML24Z rim-to-header angles replace plywood gussets and their eight bolts; selected SDS25112 screws retained; geometry, local stiffness, connection resistance and global stability require verification; NOT build-ready; main_lower_left + base_principal_center_left"
fastener_timber_panel_lower_left_9,screw,50.8,4.1402,4.1402,"SPAX XFT08P-2000 #8 x2 in; nominal geometry; head profile and capacity unqualified; fresh drilling; Direct commercial ML24Z rim-to-header angles replace plywood gussets and their eight bolts; selected SDS25112 screws retained; geometry, local stiffness, connection resistance and global stability require verification; NOT build-ready; main_lower_left + base_rail_bottom_left_1"
fastener_timber_panel_lower_left_10,screw,50.8,4.1402,4.1402,"SPAX XFT08P-2000 #8 x2 in; nominal geometry; head profile and capacity unqualified; fresh drilling; Direct commercial ML24Z rim-to-header angles replace plywood gussets and their eight bolts; selected SDS25112 screws retained; geometry, local stiffness, connection resistance and global stability require verification; NOT build-ready; main_lower_left + base_rail_bottom_left_2"
fastener_timber_panel_lower_right_1,screw,50.8,4.1402,4.1402,"SPAX XFT08P-2000 #8 x2 in; nominal geometry; head profile and capacity unqualified; fresh drilling; Direct commercial ML24Z rim-to-header angles replace plywood gussets and their eight bolts; selected SDS25112 screws retained; geometry, local stiffness, connection resistance and global stability require verification; NOT build-ready; main_lower_right + base_principal_center_right"
fastener_timber_panel_lower_right_2,screw,50.8,4.1402,4.1402,"SPAX XFT08P-2000 #8 x2 in; nominal geometry; head profile and capacity unqualified; fresh drilling; Direct commercial ML24Z rim-to-header angles replace plywood gussets and their eight bolts; selected SDS25112 screws retained; geometry, local stiffness, connection resistance and global stability require verification; NOT build-ready; main_lower_right + base_principal_center_right"
fastener_timber_panel_lower_right_3,screw,50.8,4.1402,4.1402,"SPAX XFT08P-2000 #8 x2 in; nominal geometry; head profile and capacity unqualified; fresh drilling; Direct commercial ML24Z rim-to-header angles replace plywood gussets and their eight bolts; selected SDS25112 screws retained; geometry, local stiffness, connection resistance and global stability require verification; NOT build-ready; main_lower_right + base_side_right"
fastener_timber_panel_lower_right_4,screw,50.8,4.1402,4.1402,"SPAX XFT08P-2000 #8 x2 in; nominal geometry; head profile and capacity unqualified; fresh drilling; Direct commercial ML24Z rim-to-header angles replace plywood gussets and their eight bolts; selected SDS25112 screws retained; geometry, local stiffness, connection resistance and global stability require verification; NOT build-ready; main_lower_right + base_side_right"
fastener_timber_panel_lower_right_5,screw,50.8,4.1402,4.1402,"SPAX XFT08P-2000 #8 x2 in; nominal geometry; head profile and capacity unqualified; fresh drilling; Direct commercial ML24Z rim-to-header angles replace plywood gussets and their eight bolts; selected SDS25112 screws retained; geometry, local stiffness, connection resistance and global stability require verification; NOT build-ready; main_lower_right + base_principal_center_right"
fastener_timber_panel_lower_right_6,screw,50.8,4.1402,4.1402,"SPAX XFT08P-2000 #8 x2 in; nominal geometry; head profile and capacity unqualified; fresh drilling; Direct commercial ML24Z rim-to-header angles replace plywood gussets and their eight bolts; selected SDS25112 screws retained; geometry, local stiffness, connection resistance and global stability require verification; NOT build-ready; main_lower_right + base_principal_center_right"
fastener_timber_panel_lower_right_7,screw,50.8,4.1402,4.1402,"SPAX XFT08P-2000 #8 x2 in; nominal geometry; head profile and capacity unqualified; fresh drilling; Direct commercial ML24Z rim-to-header angles replace plywood gussets and their eight bolts; selected SDS25112 screws retained; geometry, local stiffness, connection resistance and global stability require verification; NOT build-ready; main_lower_right + base_side_right"
fastener_timber_panel_lower_right_8,screw,50.8,4.1402,4.1402,"SPAX XFT08P-2000 #8 x2 in; nominal geometry; head profile and capacity unqualified; fresh drilling; Direct commercial ML24Z rim-to-header angles replace plywood gussets and their eight bolts; selected SDS25112 screws retained; geometry, local stiffness, connection resistance and global stability require verification; NOT build-ready; main_lower_right + base_side_right"
fastener_timber_panel_lower_right_9,screw,50.8,4.1402,4.1402,"SPAX XFT08P-2000 #8 x2 in; nominal geometry; head profile and capacity unqualified; fresh drilling; Direct commercial ML24Z rim-to-header angles replace plywood gussets and their eight bolts; selected SDS25112 screws retained; geometry, local stiffness, connection resistance and global stability require verification; NOT build-ready; main_lower_right + base_rail_bottom_right_1"
fastener_timber_panel_lower_right_10,screw,50.8,4.1402,4.1402,"SPAX XFT08P-2000 #8 x2 in; nominal geometry; head profile and capacity unqualified; fresh drilling; Direct commercial ML24Z rim-to-header angles replace plywood gussets and their eight bolts; selected SDS25112 screws retained; geometry, local stiffness, connection resistance and global stability require verification; NOT build-ready; main_lower_right + base_rail_bottom_right_2"
fastener_timber_panel_upper_left_1,screw,50.8,4.1402,4.1402,"SPAX XFT08P-2000 #8 x2 in; nominal geometry; head profile and capacity unqualified; fresh drilling; Direct commercial ML24Z rim-to-header angles replace plywood gussets and their eight bolts; selected SDS25112 screws retained; geometry, local stiffness, connection resistance and global stability require verification; NOT build-ready; main_upper_left + base_side_left"
fastener_timber_panel_upper_left_2,screw,50.8,4.1402,4.1402,"SPAX XFT08P-2000 #8 x2 in; nominal geometry; head profile and capacity unqualified; fresh drilling; Direct commercial ML24Z rim-to-header angles replace plywood gussets and their eight bolts; selected SDS25112 screws retained; geometry, local stiffness, connection resistance and global stability require verification; NOT build-ready; main_upper_left + base_side_left"
fastener_timber_panel_upper_left_3,screw,50.8,4.1402,4.1402,"SPAX XFT08P-2000 #8 x2 in; nominal geometry; head profile and capacity unqualified; fresh drilling; Direct commercial ML24Z rim-to-header angles replace plywood gussets and their eight bolts; selected SDS25112 screws retained; geometry, local stiffness, connection resistance and global stability require verification; NOT build-ready; main_upper_left + base_principal_center_left"
fastener_timber_panel_upper_left_4,screw,50.8,4.1402,4.1402,"SPAX XFT08P-2000 #8 x2 in; nominal geometry; head profile and capacity unqualified; fresh drilling; Direct commercial ML24Z rim-to-header angles replace plywood gussets and their eight bolts; selected SDS25112 screws retained; geometry, local stiffness, connection resistance and global stability require verification; NOT build-ready; main_upper_left + base_principal_center_left"
fastener_timber_panel_upper_left_5,screw,50.8,4.1402,4.1402,"SPAX XFT08P-2000 #8 x2 in; nominal geometry; head profile and capacity unqualified; fresh drilling; Direct commercial ML24Z rim-to-header angles replace plywood gussets and their eight bolts; selected SDS25112 screws retained; geometry, local stiffness, connection resistance and global stability require verification; NOT build-ready; main_upper_left + base_side_left"
fastener_timber_panel_upper_left_6,screw,50.8,4.1402,4.1402,"SPAX XFT08P-2000 #8 x2 in; nominal geometry; head profile and capacity unqualified; fresh drilling; Direct commercial ML24Z rim-to-header angles replace plywood gussets and their eight bolts; selected SDS25112 screws retained; geometry, local stiffness, connection resistance and global stability require verification; NOT build-ready; main_upper_left + base_side_left"
fastener_timber_panel_upper_left_7,screw,50.8,4.1402,4.1402,"SPAX XFT08P-2000 #8 x2 in; nominal geometry; head profile and capacity unqualified; fresh drilling; Direct commercial ML24Z rim-to-header angles replace plywood gussets and their eight bolts; selected SDS25112 screws retained; geometry, local stiffness, connection resistance and global stability require verification; NOT build-ready; main_upper_left + base_principal_center_left"
fastener_timber_panel_upper_left_8,screw,50.8,4.1402,4.1402,"SPAX XFT08P-2000 #8 x2 in; nominal geometry; head profile and capacity unqualified; fresh drilling; Direct commercial ML24Z rim-to-header angles replace plywood gussets and their eight bolts; selected SDS25112 screws retained; geometry, local stiffness, connection resistance and global stability require verification; NOT build-ready; main_upper_left + base_principal_center_left"
fastener_timber_panel_upper_left_11,screw,50.8,4.1402,4.1402,"SPAX XFT08P-2000 #8 x2 in; nominal geometry; head profile and capacity unqualified; fresh drilling; Direct commercial ML24Z rim-to-header angles replace plywood gussets and their eight bolts; selected SDS25112 screws retained; geometry, local stiffness, connection resistance and global stability require verification; NOT build-ready; main_upper_left + base_rail_top"
fastener_timber_panel_upper_left_12,screw,50.8,4.1402,4.1402,"SPAX XFT08P-2000 #8 x2 in; nominal geometry; head profile and capacity unqualified; fresh drilling; Direct commercial ML24Z rim-to-header angles replace plywood gussets and their eight bolts; selected SDS25112 screws retained; geometry, local stiffness, connection resistance and global stability require verification; NOT build-ready; main_upper_left + base_rail_top"
fastener_timber_panel_upper_right_1,screw,50.8,4.1402,4.1402,"SPAX XFT08P-2000 #8 x2 in; nominal geometry; head profile and capacity unqualified; fresh drilling; Direct commercial ML24Z rim-to-header angles replace plywood gussets and their eight bolts; selected SDS25112 screws retained; geometry, local stiffness, connection resistance and global stability require verification; NOT build-ready; main_upper_right + base_principal_center_right"
fastener_timber_panel_upper_right_2,screw,50.8,4.1402,4.1402,"SPAX XFT08P-2000 #8 x2 in; nominal geometry; head profile and capacity unqualified; fresh drilling; Direct commercial ML24Z rim-to-header angles replace plywood gussets and their eight bolts; selected SDS25112 screws retained; geometry, local stiffness, connection resistance and global stability require verification; NOT build-ready; main_upper_right + base_principal_center_right"
fastener_timber_panel_upper_right_3,screw,50.8,4.1402,4.1402,"SPAX XFT08P-2000 #8 x2 in; nominal geometry; head profile and capacity unqualified; fresh drilling; Direct commercial ML24Z rim-to-header angles replace plywood gussets and their eight bolts; selected SDS25112 screws retained; geometry, local stiffness, connection resistance and global stability require verification; NOT build-ready; main_upper_right + base_side_right"
fastener_timber_panel_upper_right_4,screw,50.8,4.1402,4.1402,"SPAX XFT08P-2000 #8 x2 in; nominal geometry; head profile and capacity unqualified; fresh drilling; Direct commercial ML24Z rim-to-header angles replace plywood gussets and their eight bolts; selected SDS25112 screws retained; geometry, local stiffness, connection resistance and global stability require verification; NOT build-ready; main_upper_right + base_side_right"
fastener_timber_panel_upper_right_5,screw,50.8,4.1402,4.1402,"SPAX XFT08P-2000 #8 x2 in; nominal geometry; head profile and capacity unqualified; fresh drilling; Direct commercial ML24Z rim-to-header angles replace plywood gussets and their eight bolts; selected SDS25112 screws retained; geometry, local stiffness, connection resistance and global stability require verification; NOT build-ready; main_upper_right + base_principal_center_right"
fastener_timber_panel_upper_right_6,screw,50.8,4.1402,4.1402,"SPAX XFT08P-2000 #8 x2 in; nominal geometry; head profile and capacity unqualified; fresh drilling; Direct commercial ML24Z rim-to-header angles replace plywood gussets and their eight bolts; selected SDS25112 screws retained; geometry, local stiffness, connection resistance and global stability require verification; NOT build-ready; main_upper_right + base_principal_center_right"
fastener_timber_panel_upper_right_7,screw,50.8,4.1402,4.1402,"SPAX XFT08P-2000 #8 x2 in; nominal geometry; head profile and capacity unqualified; fresh drilling; Direct commercial ML24Z rim-to-header angles replace plywood gussets and their eight bolts; selected SDS25112 screws retained; geometry, local stiffness, connection resistance and global stability require verification; NOT build-ready; main_upper_right + base_side_right"
fastener_timber_panel_upper_right_8,screw,50.8,4.1402,4.1402,"SPAX XFT08P-2000 #8 x2 in; nominal geometry; head profile and capacity unqualified; fresh drilling; Direct commercial ML24Z rim-to-header angles replace plywood gussets and their eight bolts; selected SDS25112 screws retained; geometry, local stiffness, connection resistance and global stability require verification; NOT build-ready; main_upper_right + base_side_right"
fastener_timber_panel_upper_right_11,screw,50.8,4.1402,4.1402,"SPAX XFT08P-2000 #8 x2 in; nominal geometry; head profile and capacity unqualified; fresh drilling; Direct commercial ML24Z rim-to-header angles replace plywood gussets and their eight bolts; selected SDS25112 screws retained; geometry, local stiffness, connection resistance and global stability require verification; NOT build-ready; main_upper_right + base_rail_top"
fastener_timber_panel_upper_right_12,screw,50.8,4.1402,4.1402,"SPAX XFT08P-2000 #8 x2 in; nominal geometry; head profile and capacity unqualified; fresh drilling; Direct commercial ML24Z rim-to-header angles replace plywood gussets and their eight bolts; selected SDS25112 screws retained; geometry, local stiffness, connection resistance and global stability require verification; NOT build-ready; main_upper_right + base_rail_top"
fastener_timber_kicker_left_0_1,screw,50.8,4.1402,4.1402,"SPAX XFT08P-2000 #8 x2 in; nominal geometry; head profile and capacity unqualified; fresh drilling; Direct commercial ML24Z rim-to-header angles replace plywood gussets and their eight bolts; selected SDS25112 screws retained; geometry, local stiffness, connection resistance and global stability require verification; NOT build-ready; kicker_left + base_post_outer_left"
fastener_timber_kicker_left_0_2,screw,50.8,4.1402,4.1402,"SPAX XFT08P-2000 #8 x2 in; nominal geometry; head profile and capacity unqualified; fresh drilling; Direct commercial ML24Z rim-to-header angles replace plywood gussets and their eight bolts; selected SDS25112 screws retained; geometry, local stiffness, connection resistance and global stability require verification; NOT build-ready; kicker_left + base_post_outer_left"
fastener_timber_kicker_left_1_1,screw,50.8,4.1402,4.1402,"SPAX XFT08P-2000 #8 x2 in; nominal geometry; head profile and capacity unqualified; fresh drilling; Direct commercial ML24Z rim-to-header angles replace plywood gussets and their eight bolts; selected SDS25112 screws retained; geometry, local stiffness, connection resistance and global stability require verification; NOT build-ready; kicker_left + base_post_center_left"
fastener_timber_kicker_left_1_2,screw,50.8,4.1402,4.1402,"SPAX XFT08P-2000 #8 x2 in; nominal geometry; head profile and capacity unqualified; fresh drilling; Direct commercial ML24Z rim-to-header angles replace plywood gussets and their eight bolts; selected SDS25112 screws retained; geometry, local stiffness, connection resistance and global stability require verification; NOT build-ready; kicker_left + base_post_center_left"
fastener_timber_kicker_right_0_1,screw,50.8,4.1402,4.1402,"SPAX XFT08P-2000 #8 x2 in; nominal geometry; head profile and capacity unqualified; fresh drilling; Direct commercial ML24Z rim-to-header angles replace plywood gussets and their eight bolts; selected SDS25112 screws retained; geometry, local stiffness, connection resistance and global stability require verification; NOT build-ready; kicker_right + base_post_center_right"
fastener_timber_kicker_right_0_2,screw,50.8,4.1402,4.1402,"SPAX XFT08P-2000 #8 x2 in; nominal geometry; head profile and capacity unqualified; fresh drilling; Direct commercial ML24Z rim-to-header angles replace plywood gussets and their eight bolts; selected SDS25112 screws retained; geometry, local stiffness, connection resistance and global stability require verification; NOT build-ready; kicker_right + base_post_center_right"
fastener_timber_kicker_right_1_1,screw,50.8,4.1402,4.1402,"SPAX XFT08P-2000 #8 x2 in; nominal geometry; head profile and capacity unqualified; fresh drilling; Direct commercial ML24Z rim-to-header angles replace plywood gussets and their eight bolts; selected SDS25112 screws retained; geometry, local stiffness, connection resistance and global stability require verification; NOT build-ready; kicker_right + base_post_outer_right"
fastener_timber_kicker_right_1_2,screw,50.8,4.1402,4.1402,"SPAX XFT08P-2000 #8 x2 in; nominal geometry; head profile and capacity unqualified; fresh drilling; Direct commercial ML24Z rim-to-header angles replace plywood gussets and their eight bolts; selected SDS25112 screws retained; geometry, local stiffness, connection resistance and global stability require verification; NOT build-ready; kicker_right + base_post_outer_right"
fastener_lumber_leg_bolt_left_1_shaft,bolt,95.25,9.855199999999968,9.855199999999968,"shaft of lumber_leg_bolt_left_1; Spread-group experiment; geometry only, NOT build-ready or strength-qualified; existing 3/8-16 x3.75in dimensional family; NEW 70x50 group, not retrofit drilling; Regular hex head/nut geometry within documented maximum flats/corners; no threads or chamfers modeled; hardware and joint resistance unqualified"
fastener_lumber_leg_bolt_left_1_near_washer,bolt,2.0319999999999254,21.00579999999991,21.00579999999991,"near washer of lumber_leg_bolt_left_1; Spread-group experiment; geometry only, NOT build-ready or strength-qualified; existing 3/8-16 x3.75in dimensional family; NEW 70x50 group, not retrofit drilling; Regular hex head/nut geometry within documented maximum flats/corners; no threads or chamfers modeled; hardware and joint resistance unqualified"
fastener_lumber_leg_bolt_left_1_far_washer,bolt,2.0319999999999254,21.00579999999991,21.00579999999991,"far washer of lumber_leg_bolt_left_1; Spread-group experiment; geometry only, NOT build-ready or strength-qualified; existing 3/8-16 x3.75in dimensional family; NEW 70x50 group, not retrofit drilling; Regular hex head/nut geometry within documented maximum flats/corners; no threads or chamfers modeled; hardware and joint resistance unqualified"
fastener_lumber_leg_bolt_left_1_head,bolt,6.807199999999966,14.274799999999914,16.483119245256148,"head of lumber_leg_bolt_left_1; Spread-group experiment; geometry only, NOT build-ready or strength-qualified; existing 3/8-16 x3.75in dimensional family; NEW 70x50 group, not retrofit drilling; Regular hex head/nut geometry within documented maximum flats/corners; no threads or chamfers modeled; hardware and joint resistance unqualified"
fastener_lumber_leg_bolt_left_1_nut,bolt,8.559799999999996,14.274799999999914,16.483119245256148,"nut of lumber_leg_bolt_left_1; Spread-group experiment; geometry only, NOT build-ready or strength-qualified; existing 3/8-16 x3.75in dimensional family; NEW 70x50 group, not retrofit drilling; Regular hex head/nut geometry within documented maximum flats/corners; no threads or chamfers modeled; hardware and joint resistance unqualified"
fastener_lumber_leg_bolt_left_2_shaft,bolt,95.25,9.855199999999968,9.855199999999968,"shaft of lumber_leg_bolt_left_2; Spread-group experiment; geometry only, NOT build-ready or strength-qualified; existing 3/8-16 x3.75in dimensional family; NEW 70x50 group, not retrofit drilling; Regular hex head/nut geometry within documented maximum flats/corners; no threads or chamfers modeled; hardware and joint resistance unqualified"
fastener_lumber_leg_bolt_left_2_near_washer,bolt,2.0319999999999254,21.00579999999991,21.00579999999991,"near washer of lumber_leg_bolt_left_2; Spread-group experiment; geometry only, NOT build-ready or strength-qualified; existing 3/8-16 x3.75in dimensional family; NEW 70x50 group, not retrofit drilling; Regular hex head/nut geometry within documented maximum flats/corners; no threads or chamfers modeled; hardware and joint resistance unqualified"
fastener_lumber_leg_bolt_left_2_far_washer,bolt,2.0319999999999254,21.00579999999991,21.00579999999991,"far washer of lumber_leg_bolt_left_2; Spread-group experiment; geometry only, NOT build-ready or strength-qualified; existing 3/8-16 x3.75in dimensional family; NEW 70x50 group, not retrofit drilling; Regular hex head/nut geometry within documented maximum flats/corners; no threads or chamfers modeled; hardware and joint resistance unqualified"
fastener_lumber_leg_bolt_left_2_head,bolt,6.807199999999966,14.274799999999914,16.483119245256148,"head of lumber_leg_bolt_left_2; Spread-group experiment; geometry only, NOT build-ready or strength-qualified; existing 3/8-16 x3.75in dimensional family; NEW 70x50 group, not retrofit drilling; Regular hex head/nut geometry within documented maximum flats/corners; no threads or chamfers modeled; hardware and joint resistance unqualified"
fastener_lumber_leg_bolt_left_2_nut,bolt,8.559799999999996,14.274799999999914,16.483119245256148,"nut of lumber_leg_bolt_left_2; Spread-group experiment; geometry only, NOT build-ready or strength-qualified; existing 3/8-16 x3.75in dimensional family; NEW 70x50 group, not retrofit drilling; Regular hex head/nut geometry within documented maximum flats/corners; no threads or chamfers modeled; hardware and joint resistance unqualified"
fastener_lumber_leg_bolt_left_3_shaft,bolt,95.25,9.855199999999968,9.855199999999968,"shaft of lumber_leg_bolt_left_3; Spread-group experiment; geometry only, NOT build-ready or strength-qualified; existing 3/8-16 x3.75in dimensional family; NEW 70x50 group, not retrofit drilling; Regular hex head/nut geometry within documented maximum flats/corners; no threads or chamfers modeled; hardware and joint resistance unqualified"
fastener_lumber_leg_bolt_left_3_near_washer,bolt,2.0319999999999254,21.00579999999991,21.00579999999991,"near washer of lumber_leg_bolt_left_3; Spread-group experiment; geometry only, NOT build-ready or strength-qualified; existing 3/8-16 x3.75in dimensional family; NEW 70x50 group, not retrofit drilling; Regular hex head/nut geometry within documented maximum flats/corners; no threads or chamfers modeled; hardware and joint resistance unqualified"
fastener_lumber_leg_bolt_left_3_far_washer,bolt,2.0319999999999254,21.00579999999991,21.00579999999991,"far washer of lumber_leg_bolt_left_3; Spread-group experiment; geometry only, NOT build-ready or strength-qualified; existing 3/8-16 x3.75in dimensional family; NEW 70x50 group, not retrofit drilling; Regular hex head/nut geometry within documented maximum flats/corners; no threads or chamfers modeled; hardware and joint resistance unqualified"
fastener_lumber_leg_bolt_left_3_head,bolt,6.807199999999966,14.274799999999914,16.483119245256148,"head of lumber_leg_bolt_left_3; Spread-group experiment; geometry only, NOT build-ready or strength-qualified; existing 3/8-16 x3.75in dimensional family; NEW 70x50 group, not retrofit drilling; Regular hex head/nut geometry within documented maximum flats/corners; no threads or chamfers modeled; hardware and joint resistance unqualified"
fastener_lumber_leg_bolt_left_3_nut,bolt,8.559799999999996,14.274799999999914,16.483119245256148,"nut of lumber_leg_bolt_left_3; Spread-group experiment; geometry only, NOT build-ready or strength-qualified; existing 3/8-16 x3.75in dimensional family; NEW 70x50 group, not retrofit drilling; Regular hex head/nut geometry within documented maximum flats/corners; no threads or chamfers modeled; hardware and joint resistance unqualified"
fastener_lumber_leg_bolt_left_4_shaft,bolt,95.25,9.855199999999968,9.855199999999968,"shaft of lumber_leg_bolt_left_4; Spread-group experiment; geometry only, NOT build-ready or strength-qualified; existing 3/8-16 x3.75in dimensional family; NEW 70x50 group, not retrofit drilling; Regular hex head/nut geometry within documented maximum flats/corners; no threads or chamfers modeled; hardware and joint resistance unqualified"
fastener_lumber_leg_bolt_left_4_near_washer,bolt,2.0319999999999254,21.00579999999991,21.00579999999991,"near washer of lumber_leg_bolt_left_4; Spread-group experiment; geometry only, NOT build-ready or strength-qualified; existing 3/8-16 x3.75in dimensional family; NEW 70x50 group, not retrofit drilling; Regular hex head/nut geometry within documented maximum flats/corners; no threads or chamfers modeled; hardware and joint resistance unqualified"
fastener_lumber_leg_bolt_left_4_far_washer,bolt,2.0319999999999254,21.00579999999991,21.00579999999991,"far washer of lumber_leg_bolt_left_4; Spread-group experiment; geometry only, NOT build-ready or strength-qualified; existing 3/8-16 x3.75in dimensional family; NEW 70x50 group, not retrofit drilling; Regular hex head/nut geometry within documented maximum flats/corners; no threads or chamfers modeled; hardware and joint resistance unqualified"
fastener_lumber_leg_bolt_left_4_head,bolt,6.807199999999966,14.274799999999914,16.483119245256148,"head of lumber_leg_bolt_left_4; Spread-group experiment; geometry only, NOT build-ready or strength-qualified; existing 3/8-16 x3.75in dimensional family; NEW 70x50 group, not retrofit drilling; Regular hex head/nut geometry within documented maximum flats/corners; no threads or chamfers modeled; hardware and joint resistance unqualified"
fastener_lumber_leg_bolt_left_4_nut,bolt,8.559799999999996,14.274799999999914,16.483119245256148,"nut of lumber_leg_bolt_left_4; Spread-group experiment; geometry only, NOT build-ready or strength-qualified; existing 3/8-16 x3.75in dimensional family; NEW 70x50 group, not retrofit drilling; Regular hex head/nut geometry within documented maximum flats/corners; no threads or chamfers modeled; hardware and joint resistance unqualified"
fastener_lumber_leg_bolt_right_1_shaft,bolt,95.25,9.855199999999968,9.855199999999968,"shaft of lumber_leg_bolt_right_1; Spread-group experiment; geometry only, NOT build-ready or strength-qualified; existing 3/8-16 x3.75in dimensional family; NEW 70x50 group, not retrofit drilling; Regular hex head/nut geometry within documented maximum flats/corners; no threads or chamfers modeled; hardware and joint resistance unqualified"
fastener_lumber_leg_bolt_right_1_near_washer,bolt,2.0319999999999254,21.00579999999991,21.00579999999991,"near washer of lumber_leg_bolt_right_1; Spread-group experiment; geometry only, NOT build-ready or strength-qualified; existing 3/8-16 x3.75in dimensional family; NEW 70x50 group, not retrofit drilling; Regular hex head/nut geometry within documented maximum flats/corners; no threads or chamfers modeled; hardware and joint resistance unqualified"
fastener_lumber_leg_bolt_right_1_far_washer,bolt,2.0319999999999254,21.00579999999991,21.00579999999991,"far washer of lumber_leg_bolt_right_1; Spread-group experiment; geometry only, NOT build-ready or strength-qualified; existing 3/8-16 x3.75in dimensional family; NEW 70x50 group, not retrofit drilling; Regular hex head/nut geometry within documented maximum flats/corners; no threads or chamfers modeled; hardware and joint resistance unqualified"
fastener_lumber_leg_bolt_right_1_head,bolt,6.807199999999966,14.274799999999914,16.483119245256148,"head of lumber_leg_bolt_right_1; Spread-group experiment; geometry only, NOT build-ready or strength-qualified; existing 3/8-16 x3.75in dimensional family; NEW 70x50 group, not retrofit drilling; Regular hex head/nut geometry within documented maximum flats/corners; no threads or chamfers modeled; hardware and joint resistance unqualified"
fastener_lumber_leg_bolt_right_1_nut,bolt,8.559799999999996,14.274799999999914,16.483119245256148,"nut of lumber_leg_bolt_right_1; Spread-group experiment; geometry only, NOT build-ready or strength-qualified; existing 3/8-16 x3.75in dimensional family; NEW 70x50 group, not retrofit drilling; Regular hex head/nut geometry within documented maximum flats/corners; no threads or chamfers modeled; hardware and joint resistance unqualified"
fastener_lumber_leg_bolt_right_2_shaft,bolt,95.25,9.855199999999968,9.855199999999968,"shaft of lumber_leg_bolt_right_2; Spread-group experiment; geometry only, NOT build-ready or strength-qualified; existing 3/8-16 x3.75in dimensional family; NEW 70x50 group, not retrofit drilling; Regular hex head/nut geometry within documented maximum flats/corners; no threads or chamfers modeled; hardware and joint resistance unqualified"
fastener_lumber_leg_bolt_right_2_near_washer,bolt,2.0319999999999254,21.00579999999991,21.00579999999991,"near washer of lumber_leg_bolt_right_2; Spread-group experiment; geometry only, NOT build-ready or strength-qualified; existing 3/8-16 x3.75in dimensional family; NEW 70x50 group, not retrofit drilling; Regular hex head/nut geometry within documented maximum flats/corners; no threads or chamfers modeled; hardware and joint resistance unqualified"
fastener_lumber_leg_bolt_right_2_far_washer,bolt,2.0319999999999254,21.00579999999991,21.00579999999991,"far washer of lumber_leg_bolt_right_2; Spread-group experiment; geometry only, NOT build-ready or strength-qualified; existing 3/8-16 x3.75in dimensional family; NEW 70x50 group, not retrofit drilling; Regular hex head/nut geometry within documented maximum flats/corners; no threads or chamfers modeled; hardware and joint resistance unqualified"
fastener_lumber_leg_bolt_right_2_head,bolt,6.807199999999966,14.274799999999914,16.483119245256148,"head of lumber_leg_bolt_right_2; Spread-group experiment; geometry only, NOT build-ready or strength-qualified; existing 3/8-16 x3.75in dimensional family; NEW 70x50 group, not retrofit drilling; Regular hex head/nut geometry within documented maximum flats/corners; no threads or chamfers modeled; hardware and joint resistance unqualified"
fastener_lumber_leg_bolt_right_2_nut,bolt,8.559799999999996,14.274799999999914,16.483119245256148,"nut of lumber_leg_bolt_right_2; Spread-group experiment; geometry only, NOT build-ready or strength-qualified; existing 3/8-16 x3.75in dimensional family; NEW 70x50 group, not retrofit drilling; Regular hex head/nut geometry within documented maximum flats/corners; no threads or chamfers modeled; hardware and joint resistance unqualified"
fastener_lumber_leg_bolt_right_3_shaft,bolt,95.25,9.855199999999968,9.855199999999968,"shaft of lumber_leg_bolt_right_3; Spread-group experiment; geometry only, NOT build-ready or strength-qualified; existing 3/8-16 x3.75in dimensional family; NEW 70x50 group, not retrofit drilling; Regular hex head/nut geometry within documented maximum flats/corners; no threads or chamfers modeled; hardware and joint resistance unqualified"
fastener_lumber_leg_bolt_right_3_near_washer,bolt,2.0319999999999254,21.00579999999991,21.00579999999991,"near washer of lumber_leg_bolt_right_3; Spread-group experiment; geometry only, NOT build-ready or strength-qualified; existing 3/8-16 x3.75in dimensional family; NEW 70x50 group, not retrofit drilling; Regular hex head/nut geometry within documented maximum flats/corners; no threads or chamfers modeled; hardware and joint resistance unqualified"
fastener_lumber_leg_bolt_right_3_far_washer,bolt,2.0319999999999254,21.00579999999991,21.00579999999991,"far washer of lumber_leg_bolt_right_3; Spread-group experiment; geometry only, NOT build-ready or strength-qualified; existing 3/8-16 x3.75in dimensional family; NEW 70x50 group, not retrofit drilling; Regular hex head/nut geometry within documented maximum flats/corners; no threads or chamfers modeled; hardware and joint resistance unqualified"
fastener_lumber_leg_bolt_right_3_head,bolt,6.807199999999966,14.274799999999914,16.483119245256148,"head of lumber_leg_bolt_right_3; Spread-group experiment; geometry only, NOT build-ready or strength-qualified; existing 3/8-16 x3.75in dimensional family; NEW 70x50 group, not retrofit drilling; Regular hex head/nut geometry within documented maximum flats/corners; no threads or chamfers modeled; hardware and joint resistance unqualified"
fastener_lumber_leg_bolt_right_3_nut,bolt,8.559799999999996,14.274799999999914,16.483119245256148,"nut of lumber_leg_bolt_right_3; Spread-group experiment; geometry only, NOT build-ready or strength-qualified; existing 3/8-16 x3.75in dimensional family; NEW 70x50 group, not retrofit drilling; Regular hex head/nut geometry within documented maximum flats/corners; no threads or chamfers modeled; hardware and joint resistance unqualified"
fastener_lumber_leg_bolt_right_4_shaft,bolt,95.25,9.855199999999968,9.855199999999968,"shaft of lumber_leg_bolt_right_4; Spread-group experiment; geometry only, NOT build-ready or strength-qualified; existing 3/8-16 x3.75in dimensional family; NEW 70x50 group, not retrofit drilling; Regular hex head/nut geometry within documented maximum flats/corners; no threads or chamfers modeled; hardware and joint resistance unqualified"
fastener_lumber_leg_bolt_right_4_near_washer,bolt,2.0319999999999254,21.00579999999991,21.00579999999991,"near washer of lumber_leg_bolt_right_4; Spread-group experiment; geometry only, NOT build-ready or strength-qualified; existing 3/8-16 x3.75in dimensional family; NEW 70x50 group, not retrofit drilling; Regular hex head/nut geometry within documented maximum flats/corners; no threads or chamfers modeled; hardware and joint resistance unqualified"
fastener_lumber_leg_bolt_right_4_far_washer,bolt,2.0319999999999254,21.00579999999991,21.00579999999991,"far washer of lumber_leg_bolt_right_4; Spread-group experiment; geometry only, NOT build-ready or strength-qualified; existing 3/8-16 x3.75in dimensional family; NEW 70x50 group, not retrofit drilling; Regular hex head/nut geometry within documented maximum flats/corners; no threads or chamfers modeled; hardware and joint resistance unqualified"
fastener_lumber_leg_bolt_right_4_head,bolt,6.807199999999966,14.274799999999914,16.483119245256148,"head of lumber_leg_bolt_right_4; Spread-group experiment; geometry only, NOT build-ready or strength-qualified; existing 3/8-16 x3.75in dimensional family; NEW 70x50 group, not retrofit drilling; Regular hex head/nut geometry within documented maximum flats/corners; no threads or chamfers modeled; hardware and joint resistance unqualified"
fastener_lumber_leg_bolt_right_4_nut,bolt,8.559799999999996,14.274799999999914,16.483119245256148,"nut of lumber_leg_bolt_right_4; Spread-group experiment; geometry only, NOT build-ready or strength-qualified; existing 3/8-16 x3.75in dimensional family; NEW 70x50 group, not retrofit drilling; Regular hex head/nut geometry within documented maximum flats/corners; no threads or chamfers modeled; hardware and joint resistance unqualified"
fastener_vertical_panel_lower_left_1_1,screw,50.8,4.1402,4.1402,"SPAX XFT08P-2000 #8 x2 in; nominal geometry; head profile and capacity unqualified; fresh drilling; Direct commercial ML24Z rim-to-header angles replace plywood gussets and their eight bolts; selected SDS25112 screws retained; geometry, local stiffness, connection resistance and global stability require verification; NOT build-ready; main_lower_left + base_principal_left_1"
fastener_vertical_panel_lower_left_1_2,screw,50.8,4.1402,4.1402,"SPAX XFT08P-2000 #8 x2 in; nominal geometry; head profile and capacity unqualified; fresh drilling; Direct commercial ML24Z rim-to-header angles replace plywood gussets and their eight bolts; selected SDS25112 screws retained; geometry, local stiffness, connection resistance and global stability require verification; NOT build-ready; main_lower_left + base_principal_left_1"
fastener_vertical_panel_lower_left_1_3,screw,50.8,4.1402,4.1402,"SPAX XFT08P-2000 #8 x2 in; nominal geometry; head profile and capacity unqualified; fresh drilling; Direct commercial ML24Z rim-to-header angles replace plywood gussets and their eight bolts; selected SDS25112 screws retained; geometry, local stiffness, connection resistance and global stability require verification; NOT build-ready; main_lower_left + base_principal_left_1"
fastener_vertical_panel_lower_left_1_4,screw,50.8,4.1402,4.1402,"SPAX XFT08P-2000 #8 x2 in; nominal geometry; head profile and capacity unqualified; fresh drilling; Direct commercial ML24Z rim-to-header angles replace plywood gussets and their eight bolts; selected SDS25112 screws retained; geometry, local stiffness, connection resistance and global stability require verification; NOT build-ready; main_lower_left + base_principal_left_1"
fastener_vertical_panel_upper_left_1_1,screw,50.8,4.1402,4.1402,"SPAX XFT08P-2000 #8 x2 in; nominal geometry; head profile and capacity unqualified; fresh drilling; Direct commercial ML24Z rim-to-header angles replace plywood gussets and their eight bolts; selected SDS25112 screws retained; geometry, local stiffness, connection resistance and global stability require verification; NOT build-ready; main_upper_left + base_principal_left_1"
fastener_vertical_panel_upper_left_1_2,screw,50.8,4.1402,4.1402,"SPAX XFT08P-2000 #8 x2 in; nominal geometry; head profile and capacity unqualified; fresh drilling; Direct commercial ML24Z rim-to-header angles replace plywood gussets and their eight bolts; selected SDS25112 screws retained; geometry, local stiffness, connection resistance and global stability require verification; NOT build-ready; main_upper_left + base_principal_left_1"
fastener_vertical_panel_upper_left_1_3,screw,50.8,4.1402,4.1402,"SPAX XFT08P-2000 #8 x2 in; nominal geometry; head profile and capacity unqualified; fresh drilling; Direct commercial ML24Z rim-to-header angles replace plywood gussets and their eight bolts; selected SDS25112 screws retained; geometry, local stiffness, connection resistance and global stability require verification; NOT build-ready; main_upper_left + base_principal_left_1"
fastener_vertical_panel_upper_left_1_4,screw,50.8,4.1402,4.1402,"SPAX XFT08P-2000 #8 x2 in; nominal geometry; head profile and capacity unqualified; fresh drilling; Direct commercial ML24Z rim-to-header angles replace plywood gussets and their eight bolts; selected SDS25112 screws retained; geometry, local stiffness, connection resistance and global stability require verification; NOT build-ready; main_upper_left + base_principal_left_1"
fastener_vertical_panel_lower_left_2_1,screw,50.8,4.1402,4.1402,"SPAX XFT08P-2000 #8 x2 in; nominal geometry; head profile and capacity unqualified; fresh drilling; Direct commercial ML24Z rim-to-header angles replace plywood gussets and their eight bolts; selected SDS25112 screws retained; geometry, local stiffness, connection resistance and global stability require verification; NOT build-ready; main_lower_left + base_principal_left_2"
fastener_vertical_panel_lower_left_2_2,screw,50.8,4.1402,4.1402,"SPAX XFT08P-2000 #8 x2 in; nominal geometry; head profile and capacity unqualified; fresh drilling; Direct commercial ML24Z rim-to-header angles replace plywood gussets and their eight bolts; selected SDS25112 screws retained; geometry, local stiffness, connection resistance and global stability require verification; NOT build-ready; main_lower_left + base_principal_left_2"
fastener_vertical_panel_lower_left_2_3,screw,50.8,4.1402,4.1402,"SPAX XFT08P-2000 #8 x2 in; nominal geometry; head profile and capacity unqualified; fresh drilling; Direct commercial ML24Z rim-to-header angles replace plywood gussets and their eight bolts; selected SDS25112 screws retained; geometry, local stiffness, connection resistance and global stability require verification; NOT build-ready; main_lower_left + base_principal_left_2"
fastener_vertical_panel_lower_left_2_4,screw,50.8,4.1402,4.1402,"SPAX XFT08P-2000 #8 x2 in; nominal geometry; head profile and capacity unqualified; fresh drilling; Direct commercial ML24Z rim-to-header angles replace plywood gussets and their eight bolts; selected SDS25112 screws retained; geometry, local stiffness, connection resistance and global stability require verification; NOT build-ready; main_lower_left + base_principal_left_2"
fastener_vertical_panel_upper_left_2_1,screw,50.8,4.1402,4.1402,"SPAX XFT08P-2000 #8 x2 in; nominal geometry; head profile and capacity unqualified; fresh drilling; Direct commercial ML24Z rim-to-header angles replace plywood gussets and their eight bolts; selected SDS25112 screws retained; geometry, local stiffness, connection resistance and global stability require verification; NOT build-ready; main_upper_left + base_principal_left_2"
fastener_vertical_panel_upper_left_2_2,screw,50.8,4.1402,4.1402,"SPAX XFT08P-2000 #8 x2 in; nominal geometry; head profile and capacity unqualified; fresh drilling; Direct commercial ML24Z rim-to-header angles replace plywood gussets and their eight bolts; selected SDS25112 screws retained; geometry, local stiffness, connection resistance and global stability require verification; NOT build-ready; main_upper_left + base_principal_left_2"
fastener_vertical_panel_upper_left_2_3,screw,50.8,4.1402,4.1402,"SPAX XFT08P-2000 #8 x2 in; nominal geometry; head profile and capacity unqualified; fresh drilling; Direct commercial ML24Z rim-to-header angles replace plywood gussets and their eight bolts; selected SDS25112 screws retained; geometry, local stiffness, connection resistance and global stability require verification; NOT build-ready; main_upper_left + base_principal_left_2"
fastener_vertical_panel_upper_left_2_4,screw,50.8,4.1402,4.1402,"SPAX XFT08P-2000 #8 x2 in; nominal geometry; head profile and capacity unqualified; fresh drilling; Direct commercial ML24Z rim-to-header angles replace plywood gussets and their eight bolts; selected SDS25112 screws retained; geometry, local stiffness, connection resistance and global stability require verification; NOT build-ready; main_upper_left + base_principal_left_2"
fastener_vertical_panel_lower_right_1_1,screw,50.8,4.1402,4.1402,"SPAX XFT08P-2000 #8 x2 in; nominal geometry; head profile and capacity unqualified; fresh drilling; Direct commercial ML24Z rim-to-header angles replace plywood gussets and their eight bolts; selected SDS25112 screws retained; geometry, local stiffness, connection resistance and global stability require verification; NOT build-ready; main_lower_right + base_principal_right_1"
fastener_vertical_panel_lower_right_1_2,screw,50.8,4.1402,4.1402,"SPAX XFT08P-2000 #8 x2 in; nominal geometry; head profile and capacity unqualified; fresh drilling; Direct commercial ML24Z rim-to-header angles replace plywood gussets and their eight bolts; selected SDS25112 screws retained; geometry, local stiffness, connection resistance and global stability require verification; NOT build-ready; main_lower_right + base_principal_right_1"
fastener_vertical_panel_lower_right_1_3,screw,50.8,4.1402,4.1402,"SPAX XFT08P-2000 #8 x2 in; nominal geometry; head profile and capacity unqualified; fresh drilling; Direct commercial ML24Z rim-to-header angles replace plywood gussets and their eight bolts; selected SDS25112 screws retained; geometry, local stiffness, connection resistance and global stability require verification; NOT build-ready; main_lower_right + base_principal_right_1"
fastener_vertical_panel_lower_right_1_4,screw,50.8,4.1402,4.1402,"SPAX XFT08P-2000 #8 x2 in; nominal geometry; head profile and capacity unqualified; fresh drilling; Direct commercial ML24Z rim-to-header angles replace plywood gussets and their eight bolts; selected SDS25112 screws retained; geometry, local stiffness, connection resistance and global stability require verification; NOT build-ready; main_lower_right + base_principal_right_1"
fastener_vertical_panel_upper_right_1_1,screw,50.8,4.1402,4.1402,"SPAX XFT08P-2000 #8 x2 in; nominal geometry; head profile and capacity unqualified; fresh drilling; Direct commercial ML24Z rim-to-header angles replace plywood gussets and their eight bolts; selected SDS25112 screws retained; geometry, local stiffness, connection resistance and global stability require verification; NOT build-ready; main_upper_right + base_principal_right_1"
fastener_vertical_panel_upper_right_1_2,screw,50.8,4.1402,4.1402,"SPAX XFT08P-2000 #8 x2 in; nominal geometry; head profile and capacity unqualified; fresh drilling; Direct commercial ML24Z rim-to-header angles replace plywood gussets and their eight bolts; selected SDS25112 screws retained; geometry, local stiffness, connection resistance and global stability require verification; NOT build-ready; main_upper_right + base_principal_right_1"
fastener_vertical_panel_upper_right_1_3,screw,50.8,4.1402,4.1402,"SPAX XFT08P-2000 #8 x2 in; nominal geometry; head profile and capacity unqualified; fresh drilling; Direct commercial ML24Z rim-to-header angles replace plywood gussets and their eight bolts; selected SDS25112 screws retained; geometry, local stiffness, connection resistance and global stability require verification; NOT build-ready; main_upper_right + base_principal_right_1"
fastener_vertical_panel_upper_right_1_4,screw,50.8,4.1402,4.1402,"SPAX XFT08P-2000 #8 x2 in; nominal geometry; head profile and capacity unqualified; fresh drilling; Direct commercial ML24Z rim-to-header angles replace plywood gussets and their eight bolts; selected SDS25112 screws retained; geometry, local stiffness, connection resistance and global stability require verification; NOT build-ready; main_upper_right + base_principal_right_1"
fastener_vertical_panel_lower_right_2_1,screw,50.8,4.1402,4.1402,"SPAX XFT08P-2000 #8 x2 in; nominal geometry; head profile and capacity unqualified; fresh drilling; Direct commercial ML24Z rim-to-header angles replace plywood gussets and their eight bolts; selected SDS25112 screws retained; geometry, local stiffness, connection resistance and global stability require verification; NOT build-ready; main_lower_right + base_principal_right_2"
fastener_vertical_panel_lower_right_2_2,screw,50.8,4.1402,4.1402,"SPAX XFT08P-2000 #8 x2 in; nominal geometry; head profile and capacity unqualified; fresh drilling; Direct commercial ML24Z rim-to-header angles replace plywood gussets and their eight bolts; selected SDS25112 screws retained; geometry, local stiffness, connection resistance and global stability require verification; NOT build-ready; main_lower_right + base_principal_right_2"
fastener_vertical_panel_lower_right_2_3,screw,50.8,4.1402,4.1402,"SPAX XFT08P-2000 #8 x2 in; nominal geometry; head profile and capacity unqualified; fresh drilling; Direct commercial ML24Z rim-to-header angles replace plywood gussets and their eight bolts; selected SDS25112 screws retained; geometry, local stiffness, connection resistance and global stability require verification; NOT build-ready; main_lower_right + base_principal_right_2"
fastener_vertical_panel_lower_right_2_4,screw,50.8,4.1402,4.1402,"SPAX XFT08P-2000 #8 x2 in; nominal geometry; head profile and capacity unqualified; fresh drilling; Direct commercial ML24Z rim-to-header angles replace plywood gussets and their eight bolts; selected SDS25112 screws retained; geometry, local stiffness, connection resistance and global stability require verification; NOT build-ready; main_lower_right + base_principal_right_2"
fastener_vertical_panel_upper_right_2_1,screw,50.8,4.1402,4.1402,"SPAX XFT08P-2000 #8 x2 in; nominal geometry; head profile and capacity unqualified; fresh drilling; Direct commercial ML24Z rim-to-header angles replace plywood gussets and their eight bolts; selected SDS25112 screws retained; geometry, local stiffness, connection resistance and global stability require verification; NOT build-ready; main_upper_right + base_principal_right_2"
fastener_vertical_panel_upper_right_2_2,screw,50.8,4.1402,4.1402,"SPAX XFT08P-2000 #8 x2 in; nominal geometry; head profile and capacity unqualified; fresh drilling; Direct commercial ML24Z rim-to-header angles replace plywood gussets and their eight bolts; selected SDS25112 screws retained; geometry, local stiffness, connection resistance and global stability require verification; NOT build-ready; main_upper_right + base_principal_right_2"
fastener_vertical_panel_upper_right_2_3,screw,50.8,4.1402,4.1402,"SPAX XFT08P-2000 #8 x2 in; nominal geometry; head profile and capacity unqualified; fresh drilling; Direct commercial ML24Z rim-to-header angles replace plywood gussets and their eight bolts; selected SDS25112 screws retained; geometry, local stiffness, connection resistance and global stability require verification; NOT build-ready; main_upper_right + base_principal_right_2"
fastener_vertical_panel_upper_right_2_4,screw,50.8,4.1402,4.1402,"SPAX XFT08P-2000 #8 x2 in; nominal geometry; head profile and capacity unqualified; fresh drilling; Direct commercial ML24Z rim-to-header angles replace plywood gussets and their eight bolts; selected SDS25112 screws retained; geometry, local stiffness, connection resistance and global stability require verification; NOT build-ready; main_upper_right + base_principal_right_2"
fastener_infill_main_lower_left_base_principal_center_left_1_1,screw,50.8,4.1402,4.1402,"SPAX XFT08P-2000 #8 x2 in; nominal geometry; head profile and capacity unqualified; interval infill; Interior-principal panel screws infilled to at most 150 mm between existing endpoint screws; retained geometry and old axes; screw spacing, repair reserves, connection resistance and load qualification require verification; NOT build-ready; main_lower_left + base_principal_center_left"
fastener_infill_main_lower_left_base_principal_center_left_1_2,screw,50.8,4.1402,4.1402,"SPAX XFT08P-2000 #8 x2 in; nominal geometry; head profile and capacity unqualified; interval infill; Interior-principal panel screws infilled to at most 150 mm between existing endpoint screws; retained geometry and old axes; screw spacing, repair reserves, connection resistance and load qualification require verification; NOT build-ready; main_lower_left + base_principal_center_left"
fastener_infill_main_lower_left_base_principal_center_left_2_1,screw,50.8,4.1402,4.1402,"SPAX XFT08P-2000 #8 x2 in; nominal geometry; head profile and capacity unqualified; interval infill; Interior-principal panel screws infilled to at most 150 mm between existing endpoint screws; retained geometry and old axes; screw spacing, repair reserves, connection resistance and load qualification require verification; NOT build-ready; main_lower_left + base_principal_center_left"
fastener_infill_main_lower_left_base_principal_center_left_2_2,screw,50.8,4.1402,4.1402,"SPAX XFT08P-2000 #8 x2 in; nominal geometry; head profile and capacity unqualified; interval infill; Interior-principal panel screws infilled to at most 150 mm between existing endpoint screws; retained geometry and old axes; screw spacing, repair reserves, connection resistance and load qualification require verification; NOT build-ready; main_lower_left + base_principal_center_left"
fastener_infill_main_lower_left_base_principal_center_left_3_1,screw,50.8,4.1402,4.1402,"SPAX XFT08P-2000 #8 x2 in; nominal geometry; head profile and capacity unqualified; interval infill; Interior-principal panel screws infilled to at most 150 mm between existing endpoint screws; retained geometry and old axes; screw spacing, repair reserves, connection resistance and load qualification require verification; NOT build-ready; main_lower_left + base_principal_center_left"
fastener_infill_main_lower_left_base_principal_center_left_3_2,screw,50.8,4.1402,4.1402,"SPAX XFT08P-2000 #8 x2 in; nominal geometry; head profile and capacity unqualified; interval infill; Interior-principal panel screws infilled to at most 150 mm between existing endpoint screws; retained geometry and old axes; screw spacing, repair reserves, connection resistance and load qualification require verification; NOT build-ready; main_lower_left + base_principal_center_left"
fastener_infill_main_lower_left_base_principal_left_1_1_1,screw,50.8,4.1402,4.1402,"SPAX XFT08P-2000 #8 x2 in; nominal geometry; head profile and capacity unqualified; interval infill; Interior-principal panel screws infilled to at most 150 mm between existing endpoint screws; retained geometry and old axes; screw spacing, repair reserves, connection resistance and load qualification require verification; NOT build-ready; main_lower_left + base_principal_left_1"
fastener_infill_main_lower_left_base_principal_left_1_1_2,screw,50.8,4.1402,4.1402,"SPAX XFT08P-2000 #8 x2 in; nominal geometry; head profile and capacity unqualified; interval infill; Interior-principal panel screws infilled to at most 150 mm between existing endpoint screws; retained geometry and old axes; screw spacing, repair reserves, connection resistance and load qualification require verification; NOT build-ready; main_lower_left + base_principal_left_1"
fastener_infill_main_lower_left_base_principal_left_1_2_1,screw,50.8,4.1402,4.1402,"SPAX XFT08P-2000 #8 x2 in; nominal geometry; head profile and capacity unqualified; interval infill; Interior-principal panel screws infilled to at most 150 mm between existing endpoint screws; retained geometry and old axes; screw spacing, repair reserves, connection resistance and load qualification require verification; NOT build-ready; main_lower_left + base_principal_left_1"
fastener_infill_main_lower_left_base_principal_left_1_2_2,screw,50.8,4.1402,4.1402,"SPAX XFT08P-2000 #8 x2 in; nominal geometry; head profile and capacity unqualified; interval infill; Interior-principal panel screws infilled to at most 150 mm between existing endpoint screws; retained geometry and old axes; screw spacing, repair reserves, connection resistance and load qualification require verification; NOT build-ready; main_lower_left + base_principal_left_1"
fastener_infill_main_lower_left_base_principal_left_1_3_1,screw,50.8,4.1402,4.1402,"SPAX XFT08P-2000 #8 x2 in; nominal geometry; head profile and capacity unqualified; interval infill; Interior-principal panel screws infilled to at most 150 mm between existing endpoint screws; retained geometry and old axes; screw spacing, repair reserves, connection resistance and load qualification require verification; NOT build-ready; main_lower_left + base_principal_left_1"
fastener_infill_main_lower_left_base_principal_left_1_3_2,screw,50.8,4.1402,4.1402,"SPAX XFT08P-2000 #8 x2 in; nominal geometry; head profile and capacity unqualified; interval infill; Interior-principal panel screws infilled to at most 150 mm between existing endpoint screws; retained geometry and old axes; screw spacing, repair reserves, connection resistance and load qualification require verification; NOT build-ready; main_lower_left + base_principal_left_1"
fastener_infill_main_lower_left_base_principal_left_2_1_1,screw,50.8,4.1402,4.1402,"SPAX XFT08P-2000 #8 x2 in; nominal geometry; head profile and capacity unqualified; interval infill; Interior-principal panel screws infilled to at most 150 mm between existing endpoint screws; retained geometry and old axes; screw spacing, repair reserves, connection resistance and load qualification require verification; NOT build-ready; main_lower_left + base_principal_left_2"
fastener_infill_main_lower_left_base_principal_left_2_1_2,screw,50.8,4.1402,4.1402,"SPAX XFT08P-2000 #8 x2 in; nominal geometry; head profile and capacity unqualified; interval infill; Interior-principal panel screws infilled to at most 150 mm between existing endpoint screws; retained geometry and old axes; screw spacing, repair reserves, connection resistance and load qualification require verification; NOT build-ready; main_lower_left + base_principal_left_2"
fastener_infill_main_lower_left_base_principal_left_2_2_1,screw,50.8,4.1402,4.1402,"SPAX XFT08P-2000 #8 x2 in; nominal geometry; head profile and capacity unqualified; interval infill; Interior-principal panel screws infilled to at most 150 mm between existing endpoint screws; retained geometry and old axes; screw spacing, repair reserves, connection resistance and load qualification require verification; NOT build-ready; main_lower_left + base_principal_left_2"
fastener_infill_main_lower_left_base_principal_left_2_2_2,screw,50.8,4.1402,4.1402,"SPAX XFT08P-2000 #8 x2 in; nominal geometry; head profile and capacity unqualified; interval infill; Interior-principal panel screws infilled to at most 150 mm between existing endpoint screws; retained geometry and old axes; screw spacing, repair reserves, connection resistance and load qualification require verification; NOT build-ready; main_lower_left + base_principal_left_2"
fastener_infill_main_lower_left_base_principal_left_2_3_1,screw,50.8,4.1402,4.1402,"SPAX XFT08P-2000 #8 x2 in; nominal geometry; head profile and capacity unqualified; interval infill; Interior-principal panel screws infilled to at most 150 mm between existing endpoint screws; retained geometry and old axes; screw spacing, repair reserves, connection resistance and load qualification require verification; NOT build-ready; main_lower_left + base_principal_left_2"
fastener_infill_main_lower_left_base_principal_left_2_3_2,screw,50.8,4.1402,4.1402,"SPAX XFT08P-2000 #8 x2 in; nominal geometry; head profile and capacity unqualified; interval infill; Interior-principal panel screws infilled to at most 150 mm between existing endpoint screws; retained geometry and old axes; screw spacing, repair reserves, connection resistance and load qualification require verification; NOT build-ready; main_lower_left + base_principal_left_2"
fastener_infill_main_lower_right_base_principal_center_right_1_1,screw,50.8,4.1402,4.1402,"SPAX XFT08P-2000 #8 x2 in; nominal geometry; head profile and capacity unqualified; interval infill; Interior-principal panel screws infilled to at most 150 mm between existing endpoint screws; retained geometry and old axes; screw spacing, repair reserves, connection resistance and load qualification require verification; NOT build-ready; main_lower_right + base_principal_center_right"
fastener_infill_main_lower_right_base_principal_center_right_1_2,screw,50.8,4.1402,4.1402,"SPAX XFT08P-2000 #8 x2 in; nominal geometry; head profile and capacity unqualified; interval infill; Interior-principal panel screws infilled to at most 150 mm between existing endpoint screws; retained geometry and old axes; screw spacing, repair reserves, connection resistance and load qualification require verification; NOT build-ready; main_lower_right + base_principal_center_right"
fastener_infill_main_lower_right_base_principal_center_right_2_1,screw,50.8,4.1402,4.1402,"SPAX XFT08P-2000 #8 x2 in; nominal geometry; head profile and capacity unqualified; interval infill; Interior-principal panel screws infilled to at most 150 mm between existing endpoint screws; retained geometry and old axes; screw spacing, repair reserves, connection resistance and load qualification require verification; NOT build-ready; main_lower_right + base_principal_center_right"
fastener_infill_main_lower_right_base_principal_center_right_2_2,screw,50.8,4.1402,4.1402,"SPAX XFT08P-2000 #8 x2 in; nominal geometry; head profile and capacity unqualified; interval infill; Interior-principal panel screws infilled to at most 150 mm between existing endpoint screws; retained geometry and old axes; screw spacing, repair reserves, connection resistance and load qualification require verification; NOT build-ready; main_lower_right + base_principal_center_right"
fastener_infill_main_lower_right_base_principal_center_right_3_1,screw,50.8,4.1402,4.1402,"SPAX XFT08P-2000 #8 x2 in; nominal geometry; head profile and capacity unqualified; interval infill; Interior-principal panel screws infilled to at most 150 mm between existing endpoint screws; retained geometry and old axes; screw spacing, repair reserves, connection resistance and load qualification require verification; NOT build-ready; main_lower_right + base_principal_center_right"
fastener_infill_main_lower_right_base_principal_center_right_3_2,screw,50.8,4.1402,4.1402,"SPAX XFT08P-2000 #8 x2 in; nominal geometry; head profile and capacity unqualified; interval infill; Interior-principal panel screws infilled to at most 150 mm between existing endpoint screws; retained geometry and old axes; screw spacing, repair reserves, connection resistance and load qualification require verification; NOT build-ready; main_lower_right + base_principal_center_right"
fastener_infill_main_lower_right_base_principal_right_1_1_1,screw,50.8,4.1402,4.1402,"SPAX XFT08P-2000 #8 x2 in; nominal geometry; head profile and capacity unqualified; interval infill; Interior-principal panel screws infilled to at most 150 mm between existing endpoint screws; retained geometry and old axes; screw spacing, repair reserves, connection resistance and load qualification require verification; NOT build-ready; main_lower_right + base_principal_right_1"
fastener_infill_main_lower_right_base_principal_right_1_1_2,screw,50.8,4.1402,4.1402,"SPAX XFT08P-2000 #8 x2 in; nominal geometry; head profile and capacity unqualified; interval infill; Interior-principal panel screws infilled to at most 150 mm between existing endpoint screws; retained geometry and old axes; screw spacing, repair reserves, connection resistance and load qualification require verification; NOT build-ready; main_lower_right + base_principal_right_1"
fastener_infill_main_lower_right_base_principal_right_1_2_1,screw,50.8,4.1402,4.1402,"SPAX XFT08P-2000 #8 x2 in; nominal geometry; head profile and capacity unqualified; interval infill; Interior-principal panel screws infilled to at most 150 mm between existing endpoint screws; retained geometry and old axes; screw spacing, repair reserves, connection resistance and load qualification require verification; NOT build-ready; main_lower_right + base_principal_right_1"
fastener_infill_main_lower_right_base_principal_right_1_2_2,screw,50.8,4.1402,4.1402,"SPAX XFT08P-2000 #8 x2 in; nominal geometry; head profile and capacity unqualified; interval infill; Interior-principal panel screws infilled to at most 150 mm between existing endpoint screws; retained geometry and old axes; screw spacing, repair reserves, connection resistance and load qualification require verification; NOT build-ready; main_lower_right + base_principal_right_1"
fastener_infill_main_lower_right_base_principal_right_1_3_1,screw,50.8,4.1402,4.1402,"SPAX XFT08P-2000 #8 x2 in; nominal geometry; head profile and capacity unqualified; interval infill; Interior-principal panel screws infilled to at most 150 mm between existing endpoint screws; retained geometry and old axes; screw spacing, repair reserves, connection resistance and load qualification require verification; NOT build-ready; main_lower_right + base_principal_right_1"
fastener_infill_main_lower_right_base_principal_right_1_3_2,screw,50.8,4.1402,4.1402,"SPAX XFT08P-2000 #8 x2 in; nominal geometry; head profile and capacity unqualified; interval infill; Interior-principal panel screws infilled to at most 150 mm between existing endpoint screws; retained geometry and old axes; screw spacing, repair reserves, connection resistance and load qualification require verification; NOT build-ready; main_lower_right + base_principal_right_1"
fastener_infill_main_lower_right_base_principal_right_2_1_1,screw,50.8,4.1402,4.1402,"SPAX XFT08P-2000 #8 x2 in; nominal geometry; head profile and capacity unqualified; interval infill; Interior-principal panel screws infilled to at most 150 mm between existing endpoint screws; retained geometry and old axes; screw spacing, repair reserves, connection resistance and load qualification require verification; NOT build-ready; main_lower_right + base_principal_right_2"
fastener_infill_main_lower_right_base_principal_right_2_1_2,screw,50.8,4.1402,4.1402,"SPAX XFT08P-2000 #8 x2 in; nominal geometry; head profile and capacity unqualified; interval infill; Interior-principal panel screws infilled to at most 150 mm between existing endpoint screws; retained geometry and old axes; screw spacing, repair reserves, connection resistance and load qualification require verification; NOT build-ready; main_lower_right + base_principal_right_2"
fastener_infill_main_lower_right_base_principal_right_2_2_1,screw,50.8,4.1402,4.1402,"SPAX XFT08P-2000 #8 x2 in; nominal geometry; head profile and capacity unqualified; interval infill; Interior-principal panel screws infilled to at most 150 mm between existing endpoint screws; retained geometry and old axes; screw spacing, repair reserves, connection resistance and load qualification require verification; NOT build-ready; main_lower_right + base_principal_right_2"
fastener_infill_main_lower_right_base_principal_right_2_2_2,screw,50.8,4.1402,4.1402,"SPAX XFT08P-2000 #8 x2 in; nominal geometry; head profile and capacity unqualified; interval infill; Interior-principal panel screws infilled to at most 150 mm between existing endpoint screws; retained geometry and old axes; screw spacing, repair reserves, connection resistance and load qualification require verification; NOT build-ready; main_lower_right + base_principal_right_2"
fastener_infill_main_lower_right_base_principal_right_2_3_1,screw,50.8,4.1402,4.1402,"SPAX XFT08P-2000 #8 x2 in; nominal geometry; head profile and capacity unqualified; interval infill; Interior-principal panel screws infilled to at most 150 mm between existing endpoint screws; retained geometry and old axes; screw spacing, repair reserves, connection resistance and load qualification require verification; NOT build-ready; main_lower_right + base_principal_right_2"
fastener_infill_main_lower_right_base_principal_right_2_3_2,screw,50.8,4.1402,4.1402,"SPAX XFT08P-2000 #8 x2 in; nominal geometry; head profile and capacity unqualified; interval infill; Interior-principal panel screws infilled to at most 150 mm between existing endpoint screws; retained geometry and old axes; screw spacing, repair reserves, connection resistance and load qualification require verification; NOT build-ready; main_lower_right + base_principal_right_2"
fastener_infill_main_upper_left_base_principal_center_left_1_1,screw,50.8,4.1402,4.1402,"SPAX XFT08P-2000 #8 x2 in; nominal geometry; head profile and capacity unqualified; interval infill; Interior-principal panel screws infilled to at most 150 mm between existing endpoint screws; retained geometry and old axes; screw spacing, repair reserves, connection resistance and load qualification require verification; NOT build-ready; main_upper_left + base_principal_center_left"
fastener_infill_main_upper_left_base_principal_center_left_1_2,screw,50.8,4.1402,4.1402,"SPAX XFT08P-2000 #8 x2 in; nominal geometry; head profile and capacity unqualified; interval infill; Interior-principal panel screws infilled to at most 150 mm between existing endpoint screws; retained geometry and old axes; screw spacing, repair reserves, connection resistance and load qualification require verification; NOT build-ready; main_upper_left + base_principal_center_left"
fastener_infill_main_upper_left_base_principal_center_left_2_1,screw,50.8,4.1402,4.1402,"SPAX XFT08P-2000 #8 x2 in; nominal geometry; head profile and capacity unqualified; interval infill; Interior-principal panel screws infilled to at most 150 mm between existing endpoint screws; retained geometry and old axes; screw spacing, repair reserves, connection resistance and load qualification require verification; NOT build-ready; main_upper_left + base_principal_center_left"
fastener_infill_main_upper_left_base_principal_center_left_2_2,screw,50.8,4.1402,4.1402,"SPAX XFT08P-2000 #8 x2 in; nominal geometry; head profile and capacity unqualified; interval infill; Interior-principal panel screws infilled to at most 150 mm between existing endpoint screws; retained geometry and old axes; screw spacing, repair reserves, connection resistance and load qualification require verification; NOT build-ready; main_upper_left + base_principal_center_left"
fastener_infill_main_upper_left_base_principal_center_left_3_1,screw,50.8,4.1402,4.1402,"SPAX XFT08P-2000 #8 x2 in; nominal geometry; head profile and capacity unqualified; interval infill; Interior-principal panel screws infilled to at most 150 mm between existing endpoint screws; retained geometry and old axes; screw spacing, repair reserves, connection resistance and load qualification require verification; NOT build-ready; main_upper_left + base_principal_center_left"
fastener_infill_main_upper_left_base_principal_left_1_1_1,screw,50.8,4.1402,4.1402,"SPAX XFT08P-2000 #8 x2 in; nominal geometry; head profile and capacity unqualified; interval infill; Interior-principal panel screws infilled to at most 150 mm between existing endpoint screws; retained geometry and old axes; screw spacing, repair reserves, connection resistance and load qualification require verification; NOT build-ready; main_upper_left + base_principal_left_1"
fastener_infill_main_upper_left_base_principal_left_1_1_2,screw,50.8,4.1402,4.1402,"SPAX XFT08P-2000 #8 x2 in; nominal geometry; head profile and capacity unqualified; interval infill; Interior-principal panel screws infilled to at most 150 mm between existing endpoint screws; retained geometry and old axes; screw spacing, repair reserves, connection resistance and load qualification require verification; NOT build-ready; main_upper_left + base_principal_left_1"
fastener_infill_main_upper_left_base_principal_left_1_2_1,screw,50.8,4.1402,4.1402,"SPAX XFT08P-2000 #8 x2 in; nominal geometry; head profile and capacity unqualified; interval infill; Interior-principal panel screws infilled to at most 150 mm between existing endpoint screws; retained geometry and old axes; screw spacing, repair reserves, connection resistance and load qualification require verification; NOT build-ready; main_upper_left + base_principal_left_1"
fastener_infill_main_upper_left_base_principal_left_1_2_2,screw,50.8,4.1402,4.1402,"SPAX XFT08P-2000 #8 x2 in; nominal geometry; head profile and capacity unqualified; interval infill; Interior-principal panel screws infilled to at most 150 mm between existing endpoint screws; retained geometry and old axes; screw spacing, repair reserves, connection resistance and load qualification require verification; NOT build-ready; main_upper_left + base_principal_left_1"
fastener_infill_main_upper_left_base_principal_left_1_3_1,screw,50.8,4.1402,4.1402,"SPAX XFT08P-2000 #8 x2 in; nominal geometry; head profile and capacity unqualified; interval infill; Interior-principal panel screws infilled to at most 150 mm between existing endpoint screws; retained geometry and old axes; screw spacing, repair reserves, connection resistance and load qualification require verification; NOT build-ready; main_upper_left + base_principal_left_1"
fastener_infill_main_upper_left_base_principal_left_1_3_2,screw,50.8,4.1402,4.1402,"SPAX XFT08P-2000 #8 x2 in; nominal geometry; head profile and capacity unqualified; interval infill; Interior-principal panel screws infilled to at most 150 mm between existing endpoint screws; retained geometry and old axes; screw spacing, repair reserves, connection resistance and load qualification require verification; NOT build-ready; main_upper_left + base_principal_left_1"
fastener_infill_main_upper_left_base_principal_left_2_1_1,screw,50.8,4.1402,4.1402,"SPAX XFT08P-2000 #8 x2 in; nominal geometry; head profile and capacity unqualified; interval infill; Interior-principal panel screws infilled to at most 150 mm between existing endpoint screws; retained geometry and old axes; screw spacing, repair reserves, connection resistance and load qualification require verification; NOT build-ready; main_upper_left + base_principal_left_2"
fastener_infill_main_upper_left_base_principal_left_2_1_2,screw,50.8,4.1402,4.1402,"SPAX XFT08P-2000 #8 x2 in; nominal geometry; head profile and capacity unqualified; interval infill; Interior-principal panel screws infilled to at most 150 mm between existing endpoint screws; retained geometry and old axes; screw spacing, repair reserves, connection resistance and load qualification require verification; NOT build-ready; main_upper_left + base_principal_left_2"
fastener_infill_main_upper_left_base_principal_left_2_2_1,screw,50.8,4.1402,4.1402,"SPAX XFT08P-2000 #8 x2 in; nominal geometry; head profile and capacity unqualified; interval infill; Interior-principal panel screws infilled to at most 150 mm between existing endpoint screws; retained geometry and old axes; screw spacing, repair reserves, connection resistance and load qualification require verification; NOT build-ready; main_upper_left + base_principal_left_2"
fastener_infill_main_upper_left_base_principal_left_2_2_2,screw,50.8,4.1402,4.1402,"SPAX XFT08P-2000 #8 x2 in; nominal geometry; head profile and capacity unqualified; interval infill; Interior-principal panel screws infilled to at most 150 mm between existing endpoint screws; retained geometry and old axes; screw spacing, repair reserves, connection resistance and load qualification require verification; NOT build-ready; main_upper_left + base_principal_left_2"
fastener_infill_main_upper_left_base_principal_left_2_3_1,screw,50.8,4.1402,4.1402,"SPAX XFT08P-2000 #8 x2 in; nominal geometry; head profile and capacity unqualified; interval infill; Interior-principal panel screws infilled to at most 150 mm between existing endpoint screws; retained geometry and old axes; screw spacing, repair reserves, connection resistance and load qualification require verification; NOT build-ready; main_upper_left + base_principal_left_2"
fastener_infill_main_upper_left_base_principal_left_2_3_2,screw,50.8,4.1402,4.1402,"SPAX XFT08P-2000 #8 x2 in; nominal geometry; head profile and capacity unqualified; interval infill; Interior-principal panel screws infilled to at most 150 mm between existing endpoint screws; retained geometry and old axes; screw spacing, repair reserves, connection resistance and load qualification require verification; NOT build-ready; main_upper_left + base_principal_left_2"
fastener_infill_main_upper_right_base_principal_center_right_1_1,screw,50.8,4.1402,4.1402,"SPAX XFT08P-2000 #8 x2 in; nominal geometry; head profile and capacity unqualified; interval infill; Interior-principal panel screws infilled to at most 150 mm between existing endpoint screws; retained geometry and old axes; screw spacing, repair reserves, connection resistance and load qualification require verification; NOT build-ready; main_upper_right + base_principal_center_right"
fastener_infill_main_upper_right_base_principal_center_right_1_2,screw,50.8,4.1402,4.1402,"SPAX XFT08P-2000 #8 x2 in; nominal geometry; head profile and capacity unqualified; interval infill; Interior-principal panel screws infilled to at most 150 mm between existing endpoint screws; retained geometry and old axes; screw spacing, repair reserves, connection resistance and load qualification require verification; NOT build-ready; main_upper_right + base_principal_center_right"
fastener_infill_main_upper_right_base_principal_center_right_2_1,screw,50.8,4.1402,4.1402,"SPAX XFT08P-2000 #8 x2 in; nominal geometry; head profile and capacity unqualified; interval infill; Interior-principal panel screws infilled to at most 150 mm between existing endpoint screws; retained geometry and old axes; screw spacing, repair reserves, connection resistance and load qualification require verification; NOT build-ready; main_upper_right + base_principal_center_right"
fastener_infill_main_upper_right_base_principal_center_right_2_2,screw,50.8,4.1402,4.1402,"SPAX XFT08P-2000 #8 x2 in; nominal geometry; head profile and capacity unqualified; interval infill; Interior-principal panel screws infilled to at most 150 mm between existing endpoint screws; retained geometry and old axes; screw spacing, repair reserves, connection resistance and load qualification require verification; NOT build-ready; main_upper_right + base_principal_center_right"
fastener_infill_main_upper_right_base_principal_center_right_3_1,screw,50.8,4.1402,4.1402,"SPAX XFT08P-2000 #8 x2 in; nominal geometry; head profile and capacity unqualified; interval infill; Interior-principal panel screws infilled to at most 150 mm between existing endpoint screws; retained geometry and old axes; screw spacing, repair reserves, connection resistance and load qualification require verification; NOT build-ready; main_upper_right + base_principal_center_right"
fastener_infill_main_upper_right_base_principal_center_right_3_2,screw,50.8,4.1402,4.1402,"SPAX XFT08P-2000 #8 x2 in; nominal geometry; head profile and capacity unqualified; interval infill; Interior-principal panel screws infilled to at most 150 mm between existing endpoint screws; retained geometry and old axes; screw spacing, repair reserves, connection resistance and load qualification require verification; NOT build-ready; main_upper_right + base_principal_center_right"
fastener_infill_main_upper_right_base_principal_right_1_1_1,screw,50.8,4.1402,4.1402,"SPAX XFT08P-2000 #8 x2 in; nominal geometry; head profile and capacity unqualified; interval infill; Interior-principal panel screws infilled to at most 150 mm between existing endpoint screws; retained geometry and old axes; screw spacing, repair reserves, connection resistance and load qualification require verification; NOT build-ready; main_upper_right + base_principal_right_1"
fastener_infill_main_upper_right_base_principal_right_1_1_2,screw,50.8,4.1402,4.1402,"SPAX XFT08P-2000 #8 x2 in; nominal geometry; head profile and capacity unqualified; interval infill; Interior-principal panel screws infilled to at most 150 mm between existing endpoint screws; retained geometry and old axes; screw spacing, repair reserves, connection resistance and load qualification require verification; NOT build-ready; main_upper_right + base_principal_right_1"
fastener_infill_main_upper_right_base_principal_right_1_2_1,screw,50.8,4.1402,4.1402,"SPAX XFT08P-2000 #8 x2 in; nominal geometry; head profile and capacity unqualified; interval infill; Interior-principal panel screws infilled to at most 150 mm between existing endpoint screws; retained geometry and old axes; screw spacing, repair reserves, connection resistance and load qualification require verification; NOT build-ready; main_upper_right + base_principal_right_1"
fastener_infill_main_upper_right_base_principal_right_1_2_2,screw,50.8,4.1402,4.1402,"SPAX XFT08P-2000 #8 x2 in; nominal geometry; head profile and capacity unqualified; interval infill; Interior-principal panel screws infilled to at most 150 mm between existing endpoint screws; retained geometry and old axes; screw spacing, repair reserves, connection resistance and load qualification require verification; NOT build-ready; main_upper_right + base_principal_right_1"
fastener_infill_main_upper_right_base_principal_right_1_3_1,screw,50.8,4.1402,4.1402,"SPAX XFT08P-2000 #8 x2 in; nominal geometry; head profile and capacity unqualified; interval infill; Interior-principal panel screws infilled to at most 150 mm between existing endpoint screws; retained geometry and old axes; screw spacing, repair reserves, connection resistance and load qualification require verification; NOT build-ready; main_upper_right + base_principal_right_1"
fastener_infill_main_upper_right_base_principal_right_1_3_2,screw,50.8,4.1402,4.1402,"SPAX XFT08P-2000 #8 x2 in; nominal geometry; head profile and capacity unqualified; interval infill; Interior-principal panel screws infilled to at most 150 mm between existing endpoint screws; retained geometry and old axes; screw spacing, repair reserves, connection resistance and load qualification require verification; NOT build-ready; main_upper_right + base_principal_right_1"
fastener_infill_main_upper_right_base_principal_right_2_1_1,screw,50.8,4.1402,4.1402,"SPAX XFT08P-2000 #8 x2 in; nominal geometry; head profile and capacity unqualified; interval infill; Interior-principal panel screws infilled to at most 150 mm between existing endpoint screws; retained geometry and old axes; screw spacing, repair reserves, connection resistance and load qualification require verification; NOT build-ready; main_upper_right + base_principal_right_2"
fastener_infill_main_upper_right_base_principal_right_2_1_2,screw,50.8,4.1402,4.1402,"SPAX XFT08P-2000 #8 x2 in; nominal geometry; head profile and capacity unqualified; interval infill; Interior-principal panel screws infilled to at most 150 mm between existing endpoint screws; retained geometry and old axes; screw spacing, repair reserves, connection resistance and load qualification require verification; NOT build-ready; main_upper_right + base_principal_right_2"
fastener_infill_main_upper_right_base_principal_right_2_2_1,screw,50.8,4.1402,4.1402,"SPAX XFT08P-2000 #8 x2 in; nominal geometry; head profile and capacity unqualified; interval infill; Interior-principal panel screws infilled to at most 150 mm between existing endpoint screws; retained geometry and old axes; screw spacing, repair reserves, connection resistance and load qualification require verification; NOT build-ready; main_upper_right + base_principal_right_2"
fastener_infill_main_upper_right_base_principal_right_2_2_2,screw,50.8,4.1402,4.1402,"SPAX XFT08P-2000 #8 x2 in; nominal geometry; head profile and capacity unqualified; interval infill; Interior-principal panel screws infilled to at most 150 mm between existing endpoint screws; retained geometry and old axes; screw spacing, repair reserves, connection resistance and load qualification require verification; NOT build-ready; main_upper_right + base_principal_right_2"
fastener_infill_main_upper_right_base_principal_right_2_3_1,screw,50.8,4.1402,4.1402,"SPAX XFT08P-2000 #8 x2 in; nominal geometry; head profile and capacity unqualified; interval infill; Interior-principal panel screws infilled to at most 150 mm between existing endpoint screws; retained geometry and old axes; screw spacing, repair reserves, connection resistance and load qualification require verification; NOT build-ready; main_upper_right + base_principal_right_2"
fastener_infill_main_upper_right_base_principal_right_2_3_2,screw,50.8,4.1402,4.1402,"SPAX XFT08P-2000 #8 x2 in; nominal geometry; head profile and capacity unqualified; interval infill; Interior-principal panel screws infilled to at most 150 mm between existing endpoint screws; retained geometry and old axes; screw spacing, repair reserves, connection resistance and load qualification require verification; NOT build-ready; main_upper_right + base_principal_right_2"
fastener_clip_angle_base_left_beam_1,screw,38.1,6.35,6.35,"Simpson SDS25112, separately purchased; manufacturer nominal underhead/head geometry; simplified unthreaded shaft; no pilot instruction or capacity assignment; clip_angle_base_left + base_header"
fastener_clip_angle_base_left_beam_2,screw,38.1,6.35,6.35,"Simpson SDS25112, separately purchased; manufacturer nominal underhead/head geometry; simplified unthreaded shaft; no pilot instruction or capacity assignment; clip_angle_base_left + base_header"
fastener_clip_angle_base_left_beam_3,screw,38.1,6.35,6.35,"Simpson SDS25112, separately purchased; manufacturer nominal underhead/head geometry; simplified unthreaded shaft; no pilot instruction or capacity assignment; clip_angle_base_left + base_header"
fastener_clip_angle_base_left_upright_1,screw,38.1,6.35,6.35,"Simpson SDS25112, separately purchased; manufacturer nominal underhead/head geometry; simplified unthreaded shaft; no pilot instruction or capacity assignment; clip_angle_base_left + base_side_left"
fastener_clip_angle_base_left_upright_2,screw,38.1,6.35,6.35,"Simpson SDS25112, separately purchased; manufacturer nominal underhead/head geometry; simplified unthreaded shaft; no pilot instruction or capacity assignment; clip_angle_base_left + base_side_left"
fastener_clip_angle_base_left_upright_3,screw,38.1,6.35,6.35,"Simpson SDS25112, separately purchased; manufacturer nominal underhead/head geometry; simplified unthreaded shaft; no pilot instruction or capacity assignment; clip_angle_base_left + base_side_left"
fastener_clip_angle_base_right_beam_1,screw,38.1,6.35,6.35,"Simpson SDS25112, separately purchased; manufacturer nominal underhead/head geometry; simplified unthreaded shaft; no pilot instruction or capacity assignment; clip_angle_base_right + base_header"
fastener_clip_angle_base_right_beam_2,screw,38.1,6.35,6.35,"Simpson SDS25112, separately purchased; manufacturer nominal underhead/head geometry; simplified unthreaded shaft; no pilot instruction or capacity assignment; clip_angle_base_right + base_header"
fastener_clip_angle_base_right_beam_3,screw,38.1,6.35,6.35,"Simpson SDS25112, separately purchased; manufacturer nominal underhead/head geometry; simplified unthreaded shaft; no pilot instruction or capacity assignment; clip_angle_base_right + base_header"
fastener_clip_angle_base_right_upright_1,screw,38.1,6.35,6.35,"Simpson SDS25112, separately purchased; manufacturer nominal underhead/head geometry; simplified unthreaded shaft; no pilot instruction or capacity assignment; clip_angle_base_right + base_side_right"
fastener_clip_angle_base_right_upright_2,screw,38.1,6.35,6.35,"Simpson SDS25112, separately purchased; manufacturer nominal underhead/head geometry; simplified unthreaded shaft; no pilot instruction or capacity assignment; clip_angle_base_right + base_side_right"
fastener_clip_angle_base_right_upright_3,screw,38.1,6.35,6.35,"Simpson SDS25112, separately purchased; manufacturer nominal underhead/head geometry; simplified unthreaded shaft; no pilot instruction or capacity assignment; clip_angle_base_right + base_side_right"
