part,connection,from_min_x_mm,from_min_s_mm,from_min_n_mm,from_min_x_in,from_min_s_in,from_min_n_in,axis_x,axis_s,axis_n,material_run_mm,status
wood_edge_principal_left,analysis_leg_wall_bolt_left_1,88.90000000000009,1425.6999999999994,39.975000000000136,3.500000000000004,56.1299212598425,1.5738188976378007,-1.0,0.0,0.0,88.90000000000009,Entry relative to this part's minimum X/S/N; see STEP for shaped parts; NOT machining approval
box_side_left,analysis_leg_wall_bolt_left_1,38.09999999999991,1539.9999999999995,96.07499999999997,1.4999999999999964,60.629921259842504,3.782480314960629,-1.0,0.0,0.0,38.09999999999991,Entry relative to this part's minimum X/S/N; see STEP for shaped parts; NOT machining approval
leg_left_inner,analysis_leg_wall_bolt_left_1,19.050000000000182,860.238727647356,1403.8115513120354,0.7500000000000072,33.867666442809295,55.26817131149746,-1.0,0.0,0.0,19.049999999999955,Entry relative to this part's minimum X/S/N; see STEP for shaped parts; NOT machining approval
leg_left_outer,analysis_leg_wall_bolt_left_1,19.049999999999955,860.238727647356,1403.8115513120354,0.7499999999999982,33.867666442809295,55.26817131149746,-1.0,0.0,0.0,19.049999999999955,Entry relative to this part's minimum X/S/N; see STEP for shaped parts; NOT machining approval
wood_edge_principal_left,analysis_leg_wall_bolt_left_2,88.90000000000009,1505.6999999999991,39.975000000000136,3.500000000000004,59.27952755905509,1.5738188976378007,-1.0,0.0,0.0,88.90000000000009,Entry relative to this part's minimum X/S/N; see STEP for shaped parts; NOT machining approval
box_side_left,analysis_leg_wall_bolt_left_2,38.09999999999991,1619.9999999999993,96.07499999999997,1.4999999999999964,63.7795275590551,3.782480314960629,-1.0,0.0,0.0,38.09999999999991,Entry relative to this part's minimum X/S/N; see STEP for shaped parts; NOT machining approval
leg_left_inner,analysis_leg_wall_bolt_left_2,19.050000000000182,940.2387276473557,1403.8115513120354,0.7500000000000072,37.01727274202188,55.26817131149746,-1.0,0.0,0.0,19.049999999999955,Entry relative to this part's minimum X/S/N; see STEP for shaped parts; NOT machining approval
leg_left_outer,analysis_leg_wall_bolt_left_2,19.049999999999955,940.2387276473557,1403.8115513120354,0.7499999999999982,37.01727274202188,55.26817131149746,-1.0,0.0,0.0,19.049999999999955,Entry relative to this part's minimum X/S/N; see STEP for shaped parts; NOT machining approval
wood_edge_principal_left,analysis_leg_wall_bolt_left_3,88.90000000000009,1625.6999999999991,39.97499999999991,3.500000000000004,64.00393700787399,1.5738188976377918,-1.0,0.0,0.0,88.90000000000009,Entry relative to this part's minimum X/S/N; see STEP for shaped parts; NOT machining approval
box_side_left,analysis_leg_wall_bolt_left_3,38.09999999999991,1739.9999999999993,96.07499999999975,1.4999999999999964,68.50393700787399,3.7824803149606203,-1.0,0.0,0.0,38.09999999999991,Entry relative to this part's minimum X/S/N; see STEP for shaped parts; NOT machining approval
leg_left_inner,analysis_leg_wall_bolt_left_3,19.050000000000182,1060.2387276473557,1403.8115513120351,0.7500000000000072,41.74168219084078,55.26817131149745,-1.0,0.0,0.0,19.049999999999955,Entry relative to this part's minimum X/S/N; see STEP for shaped parts; NOT machining approval
leg_left_outer,analysis_leg_wall_bolt_left_3,19.049999999999955,1060.2387276473557,1403.8115513120351,0.7499999999999982,41.74168219084078,55.26817131149745,-1.0,0.0,0.0,19.049999999999955,Entry relative to this part's minimum X/S/N; see STEP for shaped parts; NOT machining approval
wood_edge_principal_left,analysis_leg_wall_bolt_left_4,88.90000000000009,1705.6999999999991,39.975000000000136,3.500000000000004,67.15354330708658,1.5738188976378007,-1.0,0.0,0.0,88.90000000000009,Entry relative to this part's minimum X/S/N; see STEP for shaped parts; NOT machining approval
box_side_left,analysis_leg_wall_bolt_left_4,38.09999999999991,1819.9999999999993,96.07499999999997,1.4999999999999964,71.6535433070866,3.782480314960629,-1.0,0.0,0.0,38.09999999999991,Entry relative to this part's minimum X/S/N; see STEP for shaped parts; NOT machining approval
leg_left_inner,analysis_leg_wall_bolt_left_4,19.050000000000182,1140.2387276473557,1403.8115513120354,0.7500000000000072,44.89128849005338,55.26817131149746,-1.0,0.0,0.0,19.049999999999955,Entry relative to this part's minimum X/S/N; see STEP for shaped parts; NOT machining approval
leg_left_outer,analysis_leg_wall_bolt_left_4,19.049999999999955,1140.2387276473557,1403.8115513120354,0.7499999999999982,44.89128849005338,55.26817131149746,-1.0,0.0,0.0,19.049999999999955,Entry relative to this part's minimum X/S/N; see STEP for shaped parts; NOT machining approval
wood_edge_principal_right,analysis_leg_wall_bolt_right_1,0.0,1425.6999999999994,39.975000000000136,0.0,56.1299212598425,1.5738188976378007,1.0,0.0,0.0,88.90000000000009,Entry relative to this part's minimum X/S/N; see STEP for shaped parts; NOT machining approval
box_side_right,analysis_leg_wall_bolt_right_1,0.0,1539.9999999999995,96.07499999999997,0.0,60.629921259842504,3.782480314960629,1.0,0.0,0.0,38.09999999999991,Entry relative to this part's minimum X/S/N; see STEP for shaped parts; NOT machining approval
leg_right_inner,analysis_leg_wall_bolt_right_1,0.0,860.238727647356,1403.8115513120354,0.0,33.867666442809295,55.26817131149746,1.0,0.0,0.0,19.049999999999955,Entry relative to this part's minimum X/S/N; see STEP for shaped parts; NOT machining approval
leg_right_outer,analysis_leg_wall_bolt_right_1,2.2737367544323206e-13,860.238727647356,1403.8115513120354,8.951719505639057e-15,33.867666442809295,55.26817131149746,1.0,0.0,0.0,19.049999999999955,Entry relative to this part's minimum X/S/N; see STEP for shaped parts; NOT machining approval
wood_edge_principal_right,analysis_leg_wall_bolt_right_2,0.0,1505.6999999999991,39.975000000000136,0.0,59.27952755905509,1.5738188976378007,1.0,0.0,0.0,88.90000000000009,Entry relative to this part's minimum X/S/N; see STEP for shaped parts; NOT machining approval
box_side_right,analysis_leg_wall_bolt_right_2,0.0,1619.9999999999993,96.07499999999997,0.0,63.7795275590551,3.782480314960629,1.0,0.0,0.0,38.09999999999991,Entry relative to this part's minimum X/S/N; see STEP for shaped parts; NOT machining approval
leg_right_inner,analysis_leg_wall_bolt_right_2,0.0,940.2387276473557,1403.8115513120354,0.0,37.01727274202188,55.26817131149746,1.0,0.0,0.0,19.049999999999955,Entry relative to this part's minimum X/S/N; see STEP for shaped parts; NOT machining approval
leg_right_outer,analysis_leg_wall_bolt_right_2,2.2737367544323206e-13,940.2387276473557,1403.8115513120354,8.951719505639057e-15,37.01727274202188,55.26817131149746,1.0,0.0,0.0,19.049999999999955,Entry relative to this part's minimum X/S/N; see STEP for shaped parts; NOT machining approval
wood_edge_principal_right,analysis_leg_wall_bolt_right_3,0.0,1625.6999999999991,39.97499999999991,0.0,64.00393700787399,1.5738188976377918,1.0,0.0,0.0,88.90000000000009,Entry relative to this part's minimum X/S/N; see STEP for shaped parts; NOT machining approval
box_side_right,analysis_leg_wall_bolt_right_3,0.0,1739.9999999999993,96.07499999999975,0.0,68.50393700787399,3.7824803149606203,1.0,0.0,0.0,38.09999999999991,Entry relative to this part's minimum X/S/N; see STEP for shaped parts; NOT machining approval
leg_right_inner,analysis_leg_wall_bolt_right_3,0.0,1060.2387276473557,1403.8115513120351,0.0,41.74168219084078,55.26817131149745,1.0,0.0,0.0,19.049999999999955,Entry relative to this part's minimum X/S/N; see STEP for shaped parts; NOT machining approval
leg_right_outer,analysis_leg_wall_bolt_right_3,2.2737367544323206e-13,1060.2387276473557,1403.8115513120351,8.951719505639057e-15,41.74168219084078,55.26817131149745,1.0,0.0,0.0,19.049999999999955,Entry relative to this part's minimum X/S/N; see STEP for shaped parts; NOT machining approval
wood_edge_principal_right,analysis_leg_wall_bolt_right_4,0.0,1705.6999999999991,39.975000000000136,0.0,67.15354330708658,1.5738188976378007,1.0,0.0,0.0,88.90000000000009,Entry relative to this part's minimum X/S/N; see STEP for shaped parts; NOT machining approval
box_side_right,analysis_leg_wall_bolt_right_4,0.0,1819.9999999999993,96.07499999999997,0.0,71.6535433070866,3.782480314960629,1.0,0.0,0.0,38.09999999999991,Entry relative to this part's minimum X/S/N; see STEP for shaped parts; NOT machining approval
leg_right_inner,analysis_leg_wall_bolt_right_4,0.0,1140.2387276473557,1403.8115513120354,0.0,44.89128849005338,55.26817131149746,1.0,0.0,0.0,19.049999999999955,Entry relative to this part's minimum X/S/N; see STEP for shaped parts; NOT machining approval
leg_right_outer,analysis_leg_wall_bolt_right_4,2.2737367544323206e-13,1140.2387276473557,1403.8115513120354,8.951719505639057e-15,44.89128849005338,55.26817131149746,1.0,0.0,0.0,19.049999999999955,Entry relative to this part's minimum X/S/N; see STEP for shaped parts; NOT machining approval
kicker_left,kicker_left_bottom_0,50.0,30.886002377314952,16.069690242163517,1.968503937007874,1.2159843455635808,0.632664970163918,0.0,-0.6427876096865427,0.766044443118978,18.256249999999998,Entry relative to this part's minimum X/S/N; see STEP for shaped parts; NOT machining approval
kicker_batten_bottom,kicker_left_bottom_0,50.0,43.641319007032166,16.069690242163517,1.968503937007874,1.7181621656311878,0.632664970163918,0.0,-0.6427876096865427,0.766044443118978,32.54375,Entry relative to this part's minimum X/S/N; see STEP for shaped parts; NOT machining approval
kicker_left,kicker_left_top_0,50.0,164.94377992313562,128.55752193730788,1.968503937007874,6.493849603273056,5.061319761311334,0.0,-0.6427876096865427,0.766044443118978,18.256249999999998,Entry relative to this part's minimum X/S/N; see STEP for shaped parts; NOT machining approval
kicker_batten_top,kicker_left_top_0,50.0,43.64131900703169,16.069690242163485,1.968503937007874,1.718162165631169,0.6326649701639168,0.0,-0.6427876096865427,0.766044443118978,32.54375,Entry relative to this part's minimum X/S/N; see STEP for shaped parts; NOT machining approval
kicker_left,kicker_left_bottom_1,428.0666666666666,30.886002377314952,16.069690242163517,16.85301837270341,1.2159843455635808,0.632664970163918,0.0,-0.6427876096865427,0.766044443118978,18.256249999999998,Entry relative to this part's minimum X/S/N; see STEP for shaped parts; NOT machining approval
kicker_batten_bottom,kicker_left_bottom_1,428.0666666666666,43.641319007032166,16.069690242163517,16.85301837270341,1.7181621656311878,0.632664970163918,0.0,-0.6427876096865427,0.766044443118978,32.54375,Entry relative to this part's minimum X/S/N; see STEP for shaped parts; NOT machining approval
kicker_left,kicker_left_top_1,428.0666666666666,164.94377992313562,128.55752193730788,16.85301837270341,6.493849603273056,5.061319761311334,0.0,-0.6427876096865427,0.766044443118978,18.256249999999998,Entry relative to this part's minimum X/S/N; see STEP for shaped parts; NOT machining approval
kicker_batten_top,kicker_left_top_1,428.0666666666666,43.64131900703169,16.069690242163485,16.85301837270341,1.718162165631169,0.6326649701639168,0.0,-0.6427876096865427,0.766044443118978,32.54375,Entry relative to this part's minimum X/S/N; see STEP for shaped parts; NOT machining approval
kicker_left,kicker_left_bottom_2,772.1333333333333,30.886002377314952,16.069690242163517,30.398950131233597,1.2159843455635808,0.632664970163918,0.0,-0.6427876096865427,0.766044443118978,18.256249999999998,Entry relative to this part's minimum X/S/N; see STEP for shaped parts; NOT machining approval
kicker_batten_bottom,kicker_left_bottom_2,772.1333333333333,43.641319007032166,16.069690242163517,30.398950131233597,1.7181621656311878,0.632664970163918,0.0,-0.6427876096865427,0.766044443118978,32.54375,Entry relative to this part's minimum X/S/N; see STEP for shaped parts; NOT machining approval
kicker_left,kicker_left_top_2,772.1333333333333,164.94377992313562,128.55752193730788,30.398950131233597,6.493849603273056,5.061319761311334,0.0,-0.6427876096865427,0.766044443118978,18.256249999999998,Entry relative to this part's minimum X/S/N; see STEP for shaped parts; NOT machining approval
kicker_batten_top,kicker_left_top_2,772.1333333333333,43.64131900703169,16.069690242163485,30.398950131233597,1.718162165631169,0.6326649701639168,0.0,-0.6427876096865427,0.766044443118978,32.54375,Entry relative to this part's minimum X/S/N; see STEP for shaped parts; NOT machining approval
kicker_left,kicker_left_bottom_3,1169.2,30.886002377314952,16.069690242163517,46.03149606299213,1.2159843455635808,0.632664970163918,0.0,-0.6427876096865427,0.766044443118978,18.256249999999998,Entry relative to this part's minimum X/S/N; see STEP for shaped parts; NOT machining approval
kicker_batten_bottom,kicker_left_bottom_3,1169.2,43.641319007032166,16.069690242163517,46.03149606299213,1.7181621656311878,0.632664970163918,0.0,-0.6427876096865427,0.766044443118978,32.54375,Entry relative to this part's minimum X/S/N; see STEP for shaped parts; NOT machining approval
kicker_left,kicker_left_top_3,1169.2,164.94377992313562,128.55752193730788,46.03149606299213,6.493849603273056,5.061319761311334,0.0,-0.6427876096865427,0.766044443118978,18.256249999999998,Entry relative to this part's minimum X/S/N; see STEP for shaped parts; NOT machining approval
kicker_batten_top,kicker_left_top_3,1169.2,43.64131900703169,16.069690242163485,46.03149606299213,1.718162165631169,0.6326649701639168,0.0,-0.6427876096865427,0.766044443118978,32.54375,Entry relative to this part's minimum X/S/N; see STEP for shaped parts; NOT machining approval
kicker_right,kicker_right_bottom_0,50.0,30.886002377314952,16.069690242163517,1.968503937007874,1.2159843455635808,0.632664970163918,0.0,-0.6427876096865427,0.766044443118978,18.256249999999998,Entry relative to this part's minimum X/S/N; see STEP for shaped parts; NOT machining approval
kicker_batten_bottom,kicker_right_bottom_0,1269.2,43.641319007032166,16.069690242163517,49.96850393700788,1.7181621656311878,0.632664970163918,0.0,-0.6427876096865427,0.766044443118978,32.54375,Entry relative to this part's minimum X/S/N; see STEP for shaped parts; NOT machining approval
kicker_right,kicker_right_top_0,50.0,164.94377992313562,128.55752193730788,1.968503937007874,6.493849603273056,5.061319761311334,0.0,-0.6427876096865427,0.766044443118978,18.256249999999998,Entry relative to this part's minimum X/S/N; see STEP for shaped parts; NOT machining approval
kicker_batten_top,kicker_right_top_0,1269.2,43.64131900703169,16.069690242163485,49.96850393700788,1.718162165631169,0.6326649701639168,0.0,-0.6427876096865427,0.766044443118978,32.54375,Entry relative to this part's minimum X/S/N; see STEP for shaped parts; NOT machining approval
kicker_right,kicker_right_bottom_1,423.06666666666666,30.886002377314952,16.069690242163517,16.656167979002625,1.2159843455635808,0.632664970163918,0.0,-0.6427876096865427,0.766044443118978,18.256249999999998,Entry relative to this part's minimum X/S/N; see STEP for shaped parts; NOT machining approval
kicker_batten_bottom,kicker_right_bottom_1,1642.2666666666667,43.641319007032166,16.069690242163517,64.65616797900263,1.7181621656311878,0.632664970163918,0.0,-0.6427876096865427,0.766044443118978,32.54375,Entry relative to this part's minimum X/S/N; see STEP for shaped parts; NOT machining approval
kicker_right,kicker_right_top_1,423.06666666666666,164.94377992313562,128.55752193730788,16.656167979002625,6.493849603273056,5.061319761311334,0.0,-0.6427876096865427,0.766044443118978,18.256249999999998,Entry relative to this part's minimum X/S/N; see STEP for shaped parts; NOT machining approval
kicker_batten_top,kicker_right_top_1,1642.2666666666667,43.64131900703169,16.069690242163485,64.65616797900263,1.718162165631169,0.6326649701639168,0.0,-0.6427876096865427,0.766044443118978,32.54375,Entry relative to this part's minimum X/S/N; see STEP for shaped parts; NOT machining approval
kicker_right,kicker_right_bottom_2,809.1333333333333,30.886002377314952,16.069690242163517,31.855643044619423,1.2159843455635808,0.632664970163918,0.0,-0.6427876096865427,0.766044443118978,18.256249999999998,Entry relative to this part's minimum X/S/N; see STEP for shaped parts; NOT machining approval
kicker_batten_bottom,kicker_right_bottom_2,2028.3333333333335,43.641319007032166,16.069690242163517,79.85564304461943,1.7181621656311878,0.632664970163918,0.0,-0.6427876096865427,0.766044443118978,32.54375,Entry relative to this part's minimum X/S/N; see STEP for shaped parts; NOT machining approval
kicker_right,kicker_right_top_2,809.1333333333333,164.94377992313562,128.55752193730788,31.855643044619423,6.493849603273056,5.061319761311334,0.0,-0.6427876096865427,0.766044443118978,18.256249999999998,Entry relative to this part's minimum X/S/N; see STEP for shaped parts; NOT machining approval
kicker_batten_top,kicker_right_top_2,2028.3333333333335,43.64131900703169,16.069690242163485,79.85564304461943,1.718162165631169,0.6326649701639168,0.0,-0.6427876096865427,0.766044443118978,32.54375,Entry relative to this part's minimum X/S/N; see STEP for shaped parts; NOT machining approval
kicker_right,kicker_right_bottom_3,1169.2,30.886002377314952,16.069690242163517,46.03149606299213,1.2159843455635808,0.632664970163918,0.0,-0.6427876096865427,0.766044443118978,18.256249999999998,Entry relative to this part's minimum X/S/N; see STEP for shaped parts; NOT machining approval
kicker_batten_bottom,kicker_right_bottom_3,2388.4,43.641319007032166,16.069690242163517,94.03149606299213,1.7181621656311878,0.632664970163918,0.0,-0.6427876096865427,0.766044443118978,32.54375,Entry relative to this part's minimum X/S/N; see STEP for shaped parts; NOT machining approval
kicker_right,kicker_right_top_3,1169.2,164.94377992313562,128.55752193730788,46.03149606299213,6.493849603273056,5.061319761311334,0.0,-0.6427876096865427,0.766044443118978,18.256249999999998,Entry relative to this part's minimum X/S/N; see STEP for shaped parts; NOT machining approval
kicker_batten_top,kicker_right_top_3,2388.4,43.64131900703169,16.069690242163485,94.03149606299213,1.718162165631169,0.6326649701639168,0.0,-0.6427876096865427,0.766044443118978,32.54375,Entry relative to this part's minimum X/S/N; see STEP for shaped parts; NOT machining approval
cheek_splice_left_inner,cheek_splice_left_1,19.049999999999955,88.97839601454791,87.16428722535233,0.7499999999999982,3.503086457265666,3.431664851391824,-1.0,0.0,0.0,19.049999999999955,Entry relative to this part's minimum X/S/N; see STEP for shaped parts; NOT machining approval
cheek_splice_left_outer,cheek_splice_left_1,19.049999999999955,88.97839601454791,87.16428722535233,0.7499999999999982,3.503086457265666,3.431664851391824,-1.0,0.0,0.0,19.049999999999955,Entry relative to this part's minimum X/S/N; see STEP for shaped parts; NOT machining approval
kicker_cheek_left,cheek_splice_left_1,38.09999999999991,223.03617356036875,242.62721217947137,1.4999999999999964,8.780951714975147,9.552252448010684,-1.0,0.0,0.0,25.40000000000009,Entry relative to this part's minimum X/S/N; see STEP for shaped parts; NOT machining approval
cheek_splice_left_inner,cheek_splice_left_2,19.049999999999955,103.97839601454777,117.1642872253523,0.7499999999999982,4.093637638368023,4.612767213596547,-1.0,0.0,0.0,19.049999999999955,Entry relative to this part's minimum X/S/N; see STEP for shaped parts; NOT machining approval
cheek_splice_left_outer,cheek_splice_left_2,19.049999999999955,103.97839601454777,117.1642872253523,0.7499999999999982,4.093637638368023,4.612767213596547,-1.0,0.0,0.0,19.049999999999955,Entry relative to this part's minimum X/S/N; see STEP for shaped parts; NOT machining approval
kicker_cheek_left,cheek_splice_left_2,38.09999999999991,238.0361735603686,272.62721217947137,1.4999999999999964,9.371502896077505,10.73335481021541,-1.0,0.0,0.0,25.40000000000009,Entry relative to this part's minimum X/S/N; see STEP for shaped parts; NOT machining approval
cheek_splice_left_inner,cheek_splice_left_3,19.049999999999955,178.978396014548,72.16428722535235,0.7499999999999982,7.046393543879843,2.841113670289463,-1.0,0.0,0.0,19.049999999999955,Entry relative to this part's minimum X/S/N; see STEP for shaped parts; NOT machining approval
cheek_splice_left_outer,cheek_splice_left_3,19.049999999999955,178.978396014548,72.16428722535235,0.7499999999999982,7.046393543879843,2.841113670289463,-1.0,0.0,0.0,19.049999999999955,Entry relative to this part's minimum X/S/N; see STEP for shaped parts; NOT machining approval
box_side_left,cheek_splice_left_3,38.09999999999991,49.99999999999972,82.99999999999996,1.4999999999999964,1.9685039370078632,3.2677165354330695,-1.0,0.0,0.0,25.40000000000009,Entry relative to this part's minimum X/S/N; see STEP for shaped parts; NOT machining approval
cheek_splice_left_inner,cheek_splice_left_4,19.049999999999955,178.97839601454783,112.16428722535235,0.7499999999999982,7.046393543879836,4.415916819895762,-1.0,0.0,0.0,19.049999999999955,Entry relative to this part's minimum X/S/N; see STEP for shaped parts; NOT machining approval
cheek_splice_left_outer,cheek_splice_left_4,19.049999999999955,178.97839601454783,112.16428722535235,0.7499999999999982,7.046393543879836,4.415916819895762,-1.0,0.0,0.0,19.049999999999955,Entry relative to this part's minimum X/S/N; see STEP for shaped parts; NOT machining approval
box_side_left,cheek_splice_left_4,38.09999999999991,49.99999999999954,122.99999999999996,1.4999999999999964,1.9685039370078559,4.842519685039369,-1.0,0.0,0.0,25.40000000000009,Entry relative to this part's minimum X/S/N; see STEP for shaped parts; NOT machining approval
cheek_splice_right_inner,cheek_splice_right_1,0.0,88.97839601454791,87.16428722535233,0.0,3.503086457265666,3.431664851391824,1.0,0.0,0.0,19.049999999999955,Entry relative to this part's minimum X/S/N; see STEP for shaped parts; NOT machining approval
cheek_splice_right_outer,cheek_splice_right_1,2.2737367544323206e-13,88.97839601454791,87.16428722535233,8.951719505639057e-15,3.503086457265666,3.431664851391824,1.0,0.0,0.0,19.049999999999955,Entry relative to this part's minimum X/S/N; see STEP for shaped parts; NOT machining approval
kicker_cheek_right,cheek_splice_right_1,0.0,223.03617356036875,242.62721217947137,0.0,8.780951714975147,9.552252448010684,1.0,0.0,0.0,25.40000000000009,Entry relative to this part's minimum X/S/N; see STEP for shaped parts; NOT machining approval
cheek_splice_right_inner,cheek_splice_right_2,0.0,103.97839601454777,117.1642872253523,0.0,4.093637638368023,4.612767213596547,1.0,0.0,0.0,19.049999999999955,Entry relative to this part's minimum X/S/N; see STEP for shaped parts; NOT machining approval
cheek_splice_right_outer,cheek_splice_right_2,2.2737367544323206e-13,103.97839601454777,117.1642872253523,8.951719505639057e-15,4.093637638368023,4.612767213596547,1.0,0.0,0.0,19.049999999999955,Entry relative to this part's minimum X/S/N; see STEP for shaped parts; NOT machining approval
kicker_cheek_right,cheek_splice_right_2,0.0,238.0361735603686,272.62721217947137,0.0,9.371502896077505,10.73335481021541,1.0,0.0,0.0,25.40000000000009,Entry relative to this part's minimum X/S/N; see STEP for shaped parts; NOT machining approval
cheek_splice_right_inner,cheek_splice_right_3,0.0,178.978396014548,72.16428722535235,0.0,7.046393543879843,2.841113670289463,1.0,0.0,0.0,19.049999999999955,Entry relative to this part's minimum X/S/N; see STEP for shaped parts; NOT machining approval
cheek_splice_right_outer,cheek_splice_right_3,2.2737367544323206e-13,178.978396014548,72.16428722535235,8.951719505639057e-15,7.046393543879843,2.841113670289463,1.0,0.0,0.0,19.049999999999955,Entry relative to this part's minimum X/S/N; see STEP for shaped parts; NOT machining approval
box_side_right,cheek_splice_right_3,0.0,49.99999999999972,82.99999999999996,0.0,1.9685039370078632,3.2677165354330695,1.0,0.0,0.0,25.40000000000009,Entry relative to this part's minimum X/S/N; see STEP for shaped parts; NOT machining approval
cheek_splice_right_inner,cheek_splice_right_4,0.0,178.97839601454783,112.16428722535235,0.0,7.046393543879836,4.415916819895762,1.0,0.0,0.0,19.049999999999955,Entry relative to this part's minimum X/S/N; see STEP for shaped parts; NOT machining approval
cheek_splice_right_outer,cheek_splice_right_4,2.2737367544323206e-13,178.97839601454783,112.16428722535235,8.951719505639057e-15,7.046393543879836,4.415916819895762,1.0,0.0,0.0,19.049999999999955,Entry relative to this part's minimum X/S/N; see STEP for shaped parts; NOT machining approval
box_side_right,cheek_splice_right_4,0.0,49.99999999999954,122.99999999999996,0.0,1.9685039370078559,4.842519685039369,1.0,0.0,0.0,25.40000000000009,Entry relative to this part's minimum X/S/N; see STEP for shaped parts; NOT machining approval
leg_left_inner,leg_stitch_left_1,19.050000000000182,652.5753166609429,1134.6083162332052,0.7500000000000072,25.691941600824524,44.66961874933879,-1.0,0.0,0.0,19.049999999999955,Entry relative to this part's minimum X/S/N; see STEP for shaped parts; NOT machining approval
leg_left_outer,leg_stitch_left_1,19.049999999999955,652.5753166609429,1134.6083162332052,0.7499999999999982,25.691941600824524,44.66961874933879,-1.0,0.0,0.0,19.049999999999955,Entry relative to this part's minimum X/S/N; see STEP for shaped parts; NOT machining approval
leg_left_inner,leg_stitch_left_2,19.050000000000182,431.08020018132333,736.80346361496,0.7500000000000072,16.971661424461548,29.008010378541737,-1.0,0.0,0.0,19.049999999999955,Entry relative to this part's minimum X/S/N; see STEP for shaped parts; NOT machining approval
leg_left_outer,leg_stitch_left_2,19.049999999999955,431.08020018132333,736.80346361496,0.7499999999999982,16.971661424461548,29.008010378541737,-1.0,0.0,0.0,19.049999999999955,Entry relative to this part's minimum X/S/N; see STEP for shaped parts; NOT machining approval
leg_left_inner,leg_stitch_left_3,19.050000000000182,209.58508370170375,338.99861099671443,0.7500000000000072,8.251381248098573,13.346402007744663,-1.0,0.0,0.0,19.049999999999955,Entry relative to this part's minimum X/S/N; see STEP for shaped parts; NOT machining approval
leg_left_outer,leg_stitch_left_3,19.049999999999955,209.58508370170375,338.99861099671443,0.7499999999999982,8.251381248098573,13.346402007744663,-1.0,0.0,0.0,19.049999999999955,Entry relative to this part's minimum X/S/N; see STEP for shaped parts; NOT machining approval
leg_right_inner,leg_stitch_right_1,0.0,652.5753166609429,1134.6083162332052,0.0,25.691941600824524,44.66961874933879,1.0,0.0,0.0,19.049999999999955,Entry relative to this part's minimum X/S/N; see STEP for shaped parts; NOT machining approval
leg_right_outer,leg_stitch_right_1,2.2737367544323206e-13,652.5753166609429,1134.6083162332052,8.951719505639057e-15,25.691941600824524,44.66961874933879,1.0,0.0,0.0,19.049999999999955,Entry relative to this part's minimum X/S/N; see STEP for shaped parts; NOT machining approval
leg_right_inner,leg_stitch_right_2,0.0,431.08020018132333,736.80346361496,0.0,16.971661424461548,29.008010378541737,1.0,0.0,0.0,19.049999999999955,Entry relative to this part's minimum X/S/N; see STEP for shaped parts; NOT machining approval
leg_right_outer,leg_stitch_right_2,2.2737367544323206e-13,431.08020018132333,736.80346361496,8.951719505639057e-15,16.971661424461548,29.008010378541737,1.0,0.0,0.0,19.049999999999955,Entry relative to this part's minimum X/S/N; see STEP for shaped parts; NOT machining approval
leg_right_inner,leg_stitch_right_3,0.0,209.58508370170375,338.99861099671443,0.0,8.251381248098573,13.346402007744663,1.0,0.0,0.0,19.049999999999955,Entry relative to this part's minimum X/S/N; see STEP for shaped parts; NOT machining approval
leg_right_outer,leg_stitch_right_3,2.2737367544323206e-13,209.58508370170375,338.99861099671443,8.951719505639057e-15,8.251381248098573,13.346402007744663,1.0,0.0,0.0,19.049999999999955,Entry relative to this part's minimum X/S/N; see STEP for shaped parts; NOT machining approval
main_lower_left,wood_panel_lower_left_1,50.0,50.000000000000014,-6.394884621840902e-14,1.968503937007874,1.9685039370078747,-2.517671110960985e-15,0.0,-4.440892098500626e-15,0.9999999999999999,18.256250000000037,Entry relative to this part's minimum X/S/N; see STEP for shaped parts; NOT machining approval
wood_rail_lower,wood_panel_lower_left_1,50.0,50.000000000000014,4.263256414560601e-14,1.968503937007874,1.9685039370078747,1.6784474073073234e-15,0.0,-4.440892098500626e-15,0.9999999999999999,32.543749999999974,Entry relative to this part's minimum X/S/N; see STEP for shaped parts; NOT machining approval
main_lower_left,wood_panel_lower_left_2,423.0666666666666,50.000000000000014,-6.394884621840902e-14,16.656167979002625,1.9685039370078747,-2.517671110960985e-15,0.0,-4.440892098500626e-15,0.9999999999999999,18.256250000000037,Entry relative to this part's minimum X/S/N; see STEP for shaped parts; NOT machining approval
wood_rail_lower,wood_panel_lower_left_2,423.0666666666666,50.000000000000014,4.263256414560601e-14,16.656167979002625,1.9685039370078747,1.6784474073073234e-15,0.0,-4.440892098500626e-15,0.9999999999999999,32.543749999999974,Entry relative to this part's minimum X/S/N; see STEP for shaped parts; NOT machining approval
main_lower_left,wood_panel_lower_left_3,796.1333333333333,50.000000000000014,-6.394884621840902e-14,31.343832020997375,1.9685039370078747,-2.517671110960985e-15,0.0,-4.440892098500626e-15,0.9999999999999999,18.256250000000037,Entry relative to this part's minimum X/S/N; see STEP for shaped parts; NOT machining approval
wood_rail_lower,wood_panel_lower_left_3,796.1333333333333,50.000000000000014,4.263256414560601e-14,31.343832020997375,1.9685039370078747,1.6784474073073234e-15,0.0,-4.440892098500626e-15,0.9999999999999999,32.543749999999974,Entry relative to this part's minimum X/S/N; see STEP for shaped parts; NOT machining approval
main_lower_left,wood_panel_lower_left_4,1169.2,50.000000000000014,-6.394884621840902e-14,46.03149606299213,1.9685039370078747,-2.517671110960985e-15,0.0,-4.440892098500626e-15,0.9999999999999999,18.256250000000037,Entry relative to this part's minimum X/S/N; see STEP for shaped parts; NOT machining approval
wood_rail_lower,wood_panel_lower_left_4,1169.2,50.000000000000014,4.263256414560601e-14,46.03149606299213,1.9685039370078747,1.6784474073073234e-15,0.0,-4.440892098500626e-15,0.9999999999999999,32.543749999999974,Entry relative to this part's minimum X/S/N; see STEP for shaped parts; NOT machining approval
main_lower_left,wood_panel_lower_left_5,50.0,1169.2,-9.947598300641403e-14,1.968503937007874,46.03149606299213,-3.916377283717088e-15,0.0,-4.440892098500626e-15,0.9999999999999999,18.256250000000154,Entry relative to this part's minimum X/S/N; see STEP for shaped parts; NOT machining approval
wood_rail_mid,wood_panel_lower_left_5,50.0,19.850000000000136,1.1368683772161603e-13,1.968503937007874,0.7814960629921314,4.475859752819529e-15,0.0,-4.440892098500626e-15,0.9999999999999999,32.543749999999804,Entry relative to this part's minimum X/S/N; see STEP for shaped parts; NOT machining approval
main_lower_left,wood_panel_lower_left_6,426.0666666666666,1169.2,-9.947598300641403e-14,16.774278215223095,46.03149606299213,-3.916377283717088e-15,0.0,-4.440892098500626e-15,0.9999999999999999,18.256250000000154,Entry relative to this part's minimum X/S/N; see STEP for shaped parts; NOT machining approval
wood_rail_mid,wood_panel_lower_left_6,426.0666666666666,19.850000000000136,1.1368683772161603e-13,16.774278215223095,0.7814960629921314,4.475859752819529e-15,0.0,-4.440892098500626e-15,0.9999999999999999,32.543749999999804,Entry relative to this part's minimum X/S/N; see STEP for shaped parts; NOT machining approval
main_lower_left,wood_panel_lower_left_7,774.1333333333333,1169.2,-9.947598300641403e-14,30.477690288713912,46.03149606299213,-3.916377283717088e-15,0.0,-4.440892098500626e-15,0.9999999999999999,18.256250000000154,Entry relative to this part's minimum X/S/N; see STEP for shaped parts; NOT machining approval
wood_rail_mid,wood_panel_lower_left_7,774.1333333333333,19.850000000000136,1.1368683772161603e-13,30.477690288713912,0.7814960629921314,4.475859752819529e-15,0.0,-4.440892098500626e-15,0.9999999999999999,32.543749999999804,Entry relative to this part's minimum X/S/N; see STEP for shaped parts; NOT machining approval
main_lower_left,wood_panel_lower_left_8,1169.2,1169.2,-9.947598300641403e-14,46.03149606299213,46.03149606299213,-3.916377283717088e-15,0.0,-4.440892098500626e-15,0.9999999999999999,18.256250000000154,Entry relative to this part's minimum X/S/N; see STEP for shaped parts; NOT machining approval
wood_rail_mid,wood_panel_lower_left_8,1169.2,19.850000000000136,1.1368683772161603e-13,46.03149606299213,0.7814960629921314,4.475859752819529e-15,0.0,-4.440892098500626e-15,0.9999999999999999,32.543749999999804,Entry relative to this part's minimum X/S/N; see STEP for shaped parts; NOT machining approval
main_lower_left,wood_panel_lower_left_9,50.0,423.06666666666666,-4.263256414560601e-14,1.968503937007874,16.656167979002625,-1.6784474073073234e-15,0.0,-4.440892098500626e-15,0.9999999999999999,18.256249999999994,Entry relative to this part's minimum X/S/N; see STEP for shaped parts; NOT machining approval
wood_vertical_edge_left_lower,wood_panel_lower_left_9,50.0,188.11666666666667,-5.684341886080802e-14,1.968503937007874,7.406167979002626,-2.2379298764097643e-15,0.0,-4.440892098500626e-15,0.9999999999999999,32.54375000000019,Entry relative to this part's minimum X/S/N; see STEP for shaped parts; NOT machining approval
main_lower_left,wood_panel_lower_left_10,50.0,796.1333333333333,1.4210854715202004e-14,1.968503937007874,31.343832020997375,5.594824691024411e-16,0.0,-4.440892098500626e-15,0.9999999999999999,18.256249999999994,Entry relative to this part's minimum X/S/N; see STEP for shaped parts; NOT machining approval
wood_vertical_edge_left_lower,wood_panel_lower_left_10,50.0,561.1833333333335,8.526512829121202e-14,1.968503937007874,22.093832020997382,3.356894814614647e-15,0.0,-4.440892098500626e-15,0.9999999999999999,32.54375000000012,Entry relative to this part's minimum X/S/N; see STEP for shaped parts; NOT machining approval
main_lower_left,wood_panel_lower_left_11,1169.2,423.06666666666666,-4.263256414560601e-14,46.03149606299213,16.656167979002625,-1.6784474073073234e-15,0.0,-4.440892098500626e-15,0.9999999999999999,18.256249999999994,Entry relative to this part's minimum X/S/N; see STEP for shaped parts; NOT machining approval
wood_vertical_center_left_lower,wood_panel_lower_left_11,134.15,188.11666666666667,2.761920188566541e-13,5.281496062992127,7.406167979002626,1.0873701529789532e-14,0.0,-4.440892098500626e-15,0.9999999999999999,32.54375000000019,Entry relative to this part's minimum X/S/N; see STEP for shaped parts; NOT machining approval
main_lower_left,wood_panel_lower_left_12,1169.2,796.1333333333333,1.4210854715202004e-14,46.03149606299213,31.343832020997375,5.594824691024411e-16,0.0,-4.440892098500626e-15,0.9999999999999999,18.256249999999994,Entry relative to this part's minimum X/S/N; see STEP for shaped parts; NOT machining approval
wood_vertical_center_left_lower,wood_panel_lower_left_12,134.15,561.1833333333335,4.1830056600867414e-13,5.281496062992127,22.093832020997382,1.6468526220813942e-14,0.0,-4.440892098500626e-15,0.9999999999999999,32.54375000000012,Entry relative to this part's minimum X/S/N; see STEP for shaped parts; NOT machining approval
main_lower_right,wood_panel_lower_right_1,50.0,50.000000000000014,-6.394884621840902e-14,1.968503937007874,1.9685039370078747,-2.517671110960985e-15,0.0,-4.440892098500626e-15,0.9999999999999999,18.256250000000037,Entry relative to this part's minimum X/S/N; see STEP for shaped parts; NOT machining approval
wood_rail_lower,wood_panel_lower_right_1,1269.2,50.000000000000014,4.263256414560601e-14,49.96850393700788,1.9685039370078747,1.6784474073073234e-15,0.0,-4.440892098500626e-15,0.9999999999999999,32.543749999999974,Entry relative to this part's minimum X/S/N; see STEP for shaped parts; NOT machining approval
main_lower_right,wood_panel_lower_right_2,423.06666666666666,50.000000000000014,-6.394884621840902e-14,16.656167979002625,1.9685039370078747,-2.517671110960985e-15,0.0,-4.440892098500626e-15,0.9999999999999999,18.256250000000037,Entry relative to this part's minimum X/S/N; see STEP for shaped parts; NOT machining approval
wood_rail_lower,wood_panel_lower_right_2,1642.2666666666667,50.00000000000002,3.197442310920451e-14,64.65616797900263,1.968503937007875,1.2588355554804926e-15,0.0,-4.440892098500626e-15,0.9999999999999999,32.543749999999996,Entry relative to this part's minimum X/S/N; see STEP for shaped parts; NOT machining approval
main_lower_right,wood_panel_lower_right_3,796.1333333333333,50.000000000000014,-6.394884621840902e-14,31.343832020997375,1.9685039370078747,-2.517671110960985e-15,0.0,-4.440892098500626e-15,0.9999999999999999,18.256250000000037,Entry relative to this part's minimum X/S/N; see STEP for shaped parts; NOT machining approval
wood_rail_lower,wood_panel_lower_right_3,2015.3333333333335,50.00000000000002,3.197442310920451e-14,79.34383202099738,1.968503937007875,1.2588355554804926e-15,0.0,-4.440892098500626e-15,0.9999999999999999,32.543749999999996,Entry relative to this part's minimum X/S/N; see STEP for shaped parts; NOT machining approval
main_lower_right,wood_panel_lower_right_4,1169.2,50.000000000000014,-6.394884621840902e-14,46.03149606299213,1.9685039370078747,-2.517671110960985e-15,0.0,-4.440892098500626e-15,0.9999999999999999,18.256250000000037,Entry relative to this part's minimum X/S/N; see STEP for shaped parts; NOT machining approval
wood_rail_lower,wood_panel_lower_right_4,2388.4,50.000000000000014,4.263256414560601e-14,94.03149606299213,1.9685039370078747,1.6784474073073234e-15,0.0,-4.440892098500626e-15,0.9999999999999999,32.543749999999974,Entry relative to this part's minimum X/S/N; see STEP for shaped parts; NOT machining approval
main_lower_right,wood_panel_lower_right_5,50.0,1169.2,-9.947598300641403e-14,1.968503937007874,46.03149606299213,-3.916377283717088e-15,0.0,-4.440892098500626e-15,0.9999999999999999,18.256250000000154,Entry relative to this part's minimum X/S/N; see STEP for shaped parts; NOT machining approval
wood_rail_mid,wood_panel_lower_right_5,1269.2,19.850000000000136,1.1368683772161603e-13,49.96850393700788,0.7814960629921314,4.475859752819529e-15,0.0,-4.440892098500626e-15,0.9999999999999999,32.543749999999804,Entry relative to this part's minimum X/S/N; see STEP for shaped parts; NOT machining approval
main_lower_right,wood_panel_lower_right_6,423.06666666666666,1169.2,-9.947598300641403e-14,16.656167979002625,46.03149606299213,-3.916377283717088e-15,0.0,-4.440892098500626e-15,0.9999999999999999,18.256250000000154,Entry relative to this part's minimum X/S/N; see STEP for shaped parts; NOT machining approval
wood_rail_mid,wood_panel_lower_right_6,1642.2666666666667,19.850000000000136,1.1368683772161603e-13,64.65616797900263,0.7814960629921314,4.475859752819529e-15,0.0,-4.440892098500626e-15,0.9999999999999999,32.543749999999804,Entry relative to this part's minimum X/S/N; see STEP for shaped parts; NOT machining approval
main_lower_right,wood_panel_lower_right_7,807.1333333333333,1169.2,-9.947598300641403e-14,31.77690288713911,46.03149606299213,-3.916377283717088e-15,0.0,-4.440892098500626e-15,0.9999999999999999,18.256250000000154,Entry relative to this part's minimum X/S/N; see STEP for shaped parts; NOT machining approval
wood_rail_mid,wood_panel_lower_right_7,2026.3333333333335,19.850000000000136,1.1368683772161603e-13,79.77690288713912,0.7814960629921314,4.475859752819529e-15,0.0,-4.440892098500626e-15,0.9999999999999999,32.543749999999804,Entry relative to this part's minimum X/S/N; see STEP for shaped parts; NOT machining approval
main_lower_right,wood_panel_lower_right_8,1169.2,1169.2,-9.947598300641403e-14,46.03149606299213,46.03149606299213,-3.916377283717088e-15,0.0,-4.440892098500626e-15,0.9999999999999999,18.256250000000154,Entry relative to this part's minimum X/S/N; see STEP for shaped parts; NOT machining approval
wood_rail_mid,wood_panel_lower_right_8,2388.4,19.850000000000136,1.1368683772161603e-13,94.03149606299213,0.7814960629921314,4.475859752819529e-15,0.0,-4.440892098500626e-15,0.9999999999999999,32.543749999999804,Entry relative to this part's minimum X/S/N; see STEP for shaped parts; NOT machining approval
main_lower_right,wood_panel_lower_right_9,50.0,423.06666666666666,-4.263256414560601e-14,1.968503937007874,16.656167979002625,-1.6784474073073234e-15,0.0,-4.440892098500626e-15,0.9999999999999999,18.256249999999994,Entry relative to this part's minimum X/S/N; see STEP for shaped parts; NOT machining approval
wood_vertical_center_right_lower,wood_panel_lower_right_9,50.00000000001376,188.11666666666667,2.3250708353484195e-13,1.968503937008416,7.406167979002626,9.153822186411101e-15,0.0,-4.440892098500626e-15,0.9999999999999999,32.54375000000019,Entry relative to this part's minimum X/S/N; see STEP for shaped parts; NOT machining approval
main_lower_right,wood_panel_lower_right_10,50.0,796.1333333333333,1.4210854715202004e-14,1.968503937007874,31.343832020997375,5.594824691024411e-16,0.0,-4.440892098500626e-15,0.9999999999999999,18.256249999999994,Entry relative to this part's minimum X/S/N; see STEP for shaped parts; NOT machining approval
wood_vertical_center_right_lower,wood_panel_lower_right_10,50.00000000001376,561.1833333333335,3.74615630686862e-13,1.968503937008416,22.093832020997382,1.4748646877435512e-14,0.0,-4.440892098500626e-15,0.9999999999999999,32.54375000000012,Entry relative to this part's minimum X/S/N; see STEP for shaped parts; NOT machining approval
main_lower_right,wood_panel_lower_right_11,1169.2,423.06666666666666,-4.263256414560601e-14,46.03149606299213,16.656167979002625,-1.6784474073073234e-15,0.0,-4.440892098500626e-15,0.9999999999999999,18.256249999999994,Entry relative to this part's minimum X/S/N; see STEP for shaped parts; NOT machining approval
wood_vertical_edge_right_lower,wood_panel_lower_right_11,38.90000000000009,188.11666666666667,-5.684341886080802e-14,1.5314960629921297,7.406167979002626,-2.2379298764097643e-15,0.0,-4.440892098500626e-15,0.9999999999999999,32.54375000000019,Entry relative to this part's minimum X/S/N; see STEP for shaped parts; NOT machining approval
main_lower_right,wood_panel_lower_right_12,1169.2,796.1333333333333,1.4210854715202004e-14,46.03149606299213,31.343832020997375,5.594824691024411e-16,0.0,-4.440892098500626e-15,0.9999999999999999,18.256249999999994,Entry relative to this part's minimum X/S/N; see STEP for shaped parts; NOT machining approval
wood_vertical_edge_right_lower,wood_panel_lower_right_12,38.90000000000009,561.1833333333335,8.526512829121202e-14,1.5314960629921297,22.093832020997382,3.356894814614647e-15,0.0,-4.440892098500626e-15,0.9999999999999999,32.54375000000012,Entry relative to this part's minimum X/S/N; see STEP for shaped parts; NOT machining approval
main_upper_left,wood_panel_upper_left_1,50.0,49.99999999999977,-1.1368683772161603e-13,1.968503937007874,1.9685039370078652,-4.475859752819529e-15,0.0,-4.440892098500626e-15,0.9999999999999999,18.256250000000154,Entry relative to this part's minimum X/S/N; see STEP for shaped parts; NOT machining approval
wood_rail_mid,wood_panel_upper_left_1,50.0,119.85000000000014,1.1368683772161603e-13,1.968503937007874,4.718503937007879,4.475859752819529e-15,0.0,-4.440892098500626e-15,0.9999999999999999,32.543749999999804,Entry relative to this part's minimum X/S/N; see STEP for shaped parts; NOT machining approval
main_upper_left,wood_panel_upper_left_2,426.0666666666666,49.99999999999977,-1.1368683772161603e-13,16.774278215223095,1.9685039370078652,-4.475859752819529e-15,0.0,-4.440892098500626e-15,0.9999999999999999,18.256250000000154,Entry relative to this part's minimum X/S/N; see STEP for shaped parts; NOT machining approval
wood_rail_mid,wood_panel_upper_left_2,426.0666666666666,119.85000000000014,1.1368683772161603e-13,16.774278215223095,4.718503937007879,4.475859752819529e-15,0.0,-4.440892098500626e-15,0.9999999999999999,32.543749999999804,Entry relative to this part's minimum X/S/N; see STEP for shaped parts; NOT machining approval
main_upper_left,wood_panel_upper_left_3,774.1333333333333,49.99999999999977,-1.1368683772161603e-13,30.477690288713912,1.9685039370078652,-4.475859752819529e-15,0.0,-4.440892098500626e-15,0.9999999999999999,18.256250000000154,Entry relative to this part's minimum X/S/N; see STEP for shaped parts; NOT machining approval
wood_rail_mid,wood_panel_upper_left_3,774.1333333333333,119.85000000000014,1.1368683772161603e-13,30.477690288713912,4.718503937007879,4.475859752819529e-15,0.0,-4.440892098500626e-15,0.9999999999999999,32.543749999999804,Entry relative to this part's minimum X/S/N; see STEP for shaped parts; NOT machining approval
main_upper_left,wood_panel_upper_left_4,1169.2,49.99999999999977,-1.1368683772161603e-13,46.03149606299213,1.9685039370078652,-4.475859752819529e-15,0.0,-4.440892098500626e-15,0.9999999999999999,18.256250000000154,Entry relative to this part's minimum X/S/N; see STEP for shaped parts; NOT machining approval
wood_rail_mid,wood_panel_upper_left_4,1169.2,119.85000000000014,1.1368683772161603e-13,46.03149606299213,4.718503937007879,4.475859752819529e-15,0.0,-4.440892098500626e-15,0.9999999999999999,32.543749999999804,Entry relative to this part's minimum X/S/N; see STEP for shaped parts; NOT machining approval
main_upper_left,wood_panel_upper_left_5,50.0,1169.1999999999994,0.0,1.968503937007874,46.031496062992105,0.0,0.0,-4.440892098500626e-15,0.9999999999999999,18.256249999999923,Entry relative to this part's minimum X/S/N; see STEP for shaped parts; NOT machining approval
wood_rail_top,wood_panel_upper_left_5,50.0,38.900000000000546,-1.3500311979441904e-13,1.968503937007874,1.5314960629921475,-5.31508345647319e-15,0.0,-4.440892098500626e-15,0.9999999999999999,32.543750000000124,Entry relative to this part's minimum X/S/N; see STEP for shaped parts; NOT machining approval
main_upper_left,wood_panel_upper_left_6,423.0666666666666,1169.1999999999994,0.0,16.656167979002625,46.031496062992105,0.0,0.0,-4.440892098500626e-15,0.9999999999999999,18.256249999999923,Entry relative to this part's minimum X/S/N; see STEP for shaped parts; NOT machining approval
wood_rail_top,wood_panel_upper_left_6,423.0666666666666,38.900000000000546,-1.3500311979441904e-13,16.656167979002625,1.5314960629921475,-5.31508345647319e-15,0.0,-4.440892098500626e-15,0.9999999999999999,32.543750000000124,Entry relative to this part's minimum X/S/N; see STEP for shaped parts; NOT machining approval
main_upper_left,wood_panel_upper_left_7,796.1333333333333,1169.1999999999994,0.0,31.343832020997375,46.031496062992105,0.0,0.0,-4.440892098500626e-15,0.9999999999999999,18.256249999999923,Entry relative to this part's minimum X/S/N; see STEP for shaped parts; NOT machining approval
wood_rail_top,wood_panel_upper_left_7,796.1333333333333,38.900000000000546,-1.3500311979441904e-13,31.343832020997375,1.5314960629921475,-5.31508345647319e-15,0.0,-4.440892098500626e-15,0.9999999999999999,32.543750000000124,Entry relative to this part's minimum X/S/N; see STEP for shaped parts; NOT machining approval
main_upper_left,wood_panel_upper_left_8,1169.2,1169.1999999999994,0.0,46.03149606299213,46.031496062992105,0.0,0.0,-4.440892098500626e-15,0.9999999999999999,18.256249999999923,Entry relative to this part's minimum X/S/N; see STEP for shaped parts; NOT machining approval
wood_rail_top,wood_panel_upper_left_8,1169.2,38.900000000000546,-1.3500311979441904e-13,46.03149606299213,1.5314960629921475,-5.31508345647319e-15,0.0,-4.440892098500626e-15,0.9999999999999999,32.543750000000124,Entry relative to this part's minimum X/S/N; see STEP for shaped parts; NOT machining approval
main_upper_left,wood_panel_upper_left_9,50.0,423.0666666666666,0.0,1.968503937007874,16.656167979002625,0.0,0.0,-4.440892098500626e-15,0.9999999999999999,18.256250000000154,Entry relative to this part's minimum X/S/N; see STEP for shaped parts; NOT machining approval
wood_vertical_edge_left_upper,wood_panel_upper_left_9,50.0,353.21666666666647,-1.1368683772161603e-13,1.968503937007874,13.906167979002618,-4.475859752819529e-15,0.0,-4.440892098500626e-15,0.9999999999999999,32.54375000000003,Entry relative to this part's minimum X/S/N; see STEP for shaped parts; NOT machining approval
main_upper_left,wood_panel_upper_left_10,50.0,796.1333333333332,1.1368683772161603e-13,1.968503937007874,31.34383202099737,4.475859752819529e-15,0.0,-4.440892098500626e-15,0.9999999999999999,18.256250000000065,Entry relative to this part's minimum X/S/N; see STEP for shaped parts; NOT machining approval
wood_vertical_edge_left_upper,wood_panel_upper_left_10,50.0,726.2833333333333,-3.410605131648481e-13,1.968503937007874,28.593832020997375,-1.3427579258458588e-14,0.0,-4.440892098500626e-15,0.9999999999999999,32.543750000000124,Entry relative to this part's minimum X/S/N; see STEP for shaped parts; NOT machining approval
main_upper_left,wood_panel_upper_left_11,1169.2,423.0666666666666,0.0,46.03149606299213,16.656167979002625,0.0,0.0,-4.440892098500626e-15,0.9999999999999999,18.256250000000154,Entry relative to this part's minimum X/S/N; see STEP for shaped parts; NOT machining approval
wood_vertical_center_left_upper,wood_panel_upper_left_11,134.15,353.21666666666897,1.0658141036401503e-13,5.281496062992127,13.906167979002715,4.196118518268309e-15,0.0,-4.440892098500626e-15,0.9999999999999999,32.54375000000003,Entry relative to this part's minimum X/S/N; see STEP for shaped parts; NOT machining approval
main_upper_left,wood_panel_upper_left_12,1169.2,796.1333333333332,1.1368683772161603e-13,46.03149606299213,31.34383202099737,4.475859752819529e-15,0.0,-4.440892098500626e-15,0.9999999999999999,18.256250000000065,Entry relative to this part's minimum X/S/N; see STEP for shaped parts; NOT machining approval
wood_vertical_center_left_upper,wood_panel_upper_left_12,134.15,726.2833333333358,-1.2079226507921703e-13,5.281496062992127,28.593832020997475,-4.7556009873707495e-15,0.0,-4.440892098500626e-15,0.9999999999999999,32.543750000000124,Entry relative to this part's minimum X/S/N; see STEP for shaped parts; NOT machining approval
main_upper_right,wood_panel_upper_right_1,50.0,49.99999999999977,-1.1368683772161603e-13,1.968503937007874,1.9685039370078652,-4.475859752819529e-15,0.0,-4.440892098500626e-15,0.9999999999999999,18.256250000000154,Entry relative to this part's minimum X/S/N; see STEP for shaped parts; NOT machining approval
wood_rail_mid,wood_panel_upper_right_1,1269.2,119.85000000000014,1.1368683772161603e-13,49.96850393700788,4.718503937007879,4.475859752819529e-15,0.0,-4.440892098500626e-15,0.9999999999999999,32.543749999999804,Entry relative to this part's minimum X/S/N; see STEP for shaped parts; NOT machining approval
main_upper_right,wood_panel_upper_right_2,423.06666666666666,49.99999999999977,-1.1368683772161603e-13,16.656167979002625,1.9685039370078652,-4.475859752819529e-15,0.0,-4.440892098500626e-15,0.9999999999999999,18.256250000000154,Entry relative to this part's minimum X/S/N; see STEP for shaped parts; NOT machining approval
wood_rail_mid,wood_panel_upper_right_2,1642.2666666666667,119.85000000000014,1.1368683772161603e-13,64.65616797900263,4.718503937007879,4.475859752819529e-15,0.0,-4.440892098500626e-15,0.9999999999999999,32.543749999999804,Entry relative to this part's minimum X/S/N; see STEP for shaped parts; NOT machining approval
main_upper_right,wood_panel_upper_right_3,807.1333333333333,49.99999999999977,-1.1368683772161603e-13,31.77690288713911,1.9685039370078652,-4.475859752819529e-15,0.0,-4.440892098500626e-15,0.9999999999999999,18.256250000000154,Entry relative to this part's minimum X/S/N; see STEP for shaped parts; NOT machining approval
wood_rail_mid,wood_panel_upper_right_3,2026.3333333333335,119.85000000000014,1.1368683772161603e-13,79.77690288713912,4.718503937007879,4.475859752819529e-15,0.0,-4.440892098500626e-15,0.9999999999999999,32.543749999999804,Entry relative to this part's minimum X/S/N; see STEP for shaped parts; NOT machining approval
main_upper_right,wood_panel_upper_right_4,1169.2,49.99999999999977,-1.1368683772161603e-13,46.03149606299213,1.9685039370078652,-4.475859752819529e-15,0.0,-4.440892098500626e-15,0.9999999999999999,18.256250000000154,Entry relative to this part's minimum X/S/N; see STEP for shaped parts; NOT machining approval
wood_rail_mid,wood_panel_upper_right_4,2388.4,119.85000000000014,1.1368683772161603e-13,94.03149606299213,4.718503937007879,4.475859752819529e-15,0.0,-4.440892098500626e-15,0.9999999999999999,32.543749999999804,Entry relative to this part's minimum X/S/N; see STEP for shaped parts; NOT machining approval
main_upper_right,wood_panel_upper_right_5,50.0,1169.1999999999994,0.0,1.968503937007874,46.031496062992105,0.0,0.0,-4.440892098500626e-15,0.9999999999999999,18.256249999999923,Entry relative to this part's minimum X/S/N; see STEP for shaped parts; NOT machining approval
wood_rail_top,wood_panel_upper_right_5,1269.2,38.900000000000546,-1.3500311979441904e-13,49.96850393700788,1.5314960629921475,-5.31508345647319e-15,0.0,-4.440892098500626e-15,0.9999999999999999,32.543750000000124,Entry relative to this part's minimum X/S/N; see STEP for shaped parts; NOT machining approval
main_upper_right,wood_panel_upper_right_6,423.06666666666666,1169.1999999999994,0.0,16.656167979002625,46.031496062992105,0.0,0.0,-4.440892098500626e-15,0.9999999999999999,18.256249999999923,Entry relative to this part's minimum X/S/N; see STEP for shaped parts; NOT machining approval
wood_rail_top,wood_panel_upper_right_6,1642.2666666666667,38.900000000000546,-1.3500311979441904e-13,64.65616797900263,1.5314960629921475,-5.31508345647319e-15,0.0,-4.440892098500626e-15,0.9999999999999999,32.543750000000124,Entry relative to this part's minimum X/S/N; see STEP for shaped parts; NOT machining approval
main_upper_right,wood_panel_upper_right_7,796.1333333333333,1169.1999999999994,0.0,31.343832020997375,46.031496062992105,0.0,0.0,-4.440892098500626e-15,0.9999999999999999,18.256249999999923,Entry relative to this part's minimum X/S/N; see STEP for shaped parts; NOT machining approval
wood_rail_top,wood_panel_upper_right_7,2015.3333333333335,38.900000000000546,-1.3500311979441904e-13,79.34383202099738,1.5314960629921475,-5.31508345647319e-15,0.0,-4.440892098500626e-15,0.9999999999999999,32.543750000000124,Entry relative to this part's minimum X/S/N; see STEP for shaped parts; NOT machining approval
main_upper_right,wood_panel_upper_right_8,1169.2,1169.1999999999994,0.0,46.03149606299213,46.031496062992105,0.0,0.0,-4.440892098500626e-15,0.9999999999999999,18.256249999999923,Entry relative to this part's minimum X/S/N; see STEP for shaped parts; NOT machining approval
wood_rail_top,wood_panel_upper_right_8,2388.4,38.900000000000546,-1.3500311979441904e-13,94.03149606299213,1.5314960629921475,-5.31508345647319e-15,0.0,-4.440892098500626e-15,0.9999999999999999,32.543750000000124,Entry relative to this part's minimum X/S/N; see STEP for shaped parts; NOT machining approval
main_upper_right,wood_panel_upper_right_9,50.0,423.0666666666666,0.0,1.968503937007874,16.656167979002625,0.0,0.0,-4.440892098500626e-15,0.9999999999999999,18.256250000000154,Entry relative to this part's minimum X/S/N; see STEP for shaped parts; NOT machining approval
wood_vertical_center_right_upper,wood_panel_upper_right_9,50.00000000004461,353.2166666666669,1.7497114868092467e-13,1.9685039370096304,13.906167979002635,6.888627900823806e-15,0.0,-4.440892098500626e-15,0.9999999999999999,32.54375000000003,Entry relative to this part's minimum X/S/N; see STEP for shaped parts; NOT machining approval
main_upper_right,wood_panel_upper_right_10,50.0,796.1333333333332,1.1368683772161603e-13,1.968503937007874,31.34383202099737,4.475859752819529e-15,0.0,-4.440892098500626e-15,0.9999999999999999,18.256250000000065,Entry relative to this part's minimum X/S/N; see STEP for shaped parts; NOT machining approval
wood_vertical_center_right_upper,wood_panel_upper_right_10,50.00000000004461,726.2833333333338,-5.240252676230739e-14,1.9685039370096304,28.593832020997393,-2.063091604815252e-15,0.0,-4.440892098500626e-15,0.9999999999999999,32.543750000000124,Entry relative to this part's minimum X/S/N; see STEP for shaped parts; NOT machining approval
main_upper_right,wood_panel_upper_right_11,1169.2,423.0666666666666,0.0,46.03149606299213,16.656167979002625,0.0,0.0,-4.440892098500626e-15,0.9999999999999999,18.256250000000154,Entry relative to this part's minimum X/S/N; see STEP for shaped parts; NOT machining approval
wood_vertical_edge_right_upper,wood_panel_upper_right_11,38.90000000000009,353.21666666666647,-1.1368683772161603e-13,1.5314960629921297,13.906167979002618,-4.475859752819529e-15,0.0,-4.440892098500626e-15,0.9999999999999999,32.54375000000003,Entry relative to this part's minimum X/S/N; see STEP for shaped parts; NOT machining approval
main_upper_right,wood_panel_upper_right_12,1169.2,796.1333333333332,1.1368683772161603e-13,46.03149606299213,31.34383202099737,4.475859752819529e-15,0.0,-4.440892098500626e-15,0.9999999999999999,18.256250000000065,Entry relative to this part's minimum X/S/N; see STEP for shaped parts; NOT machining approval
wood_vertical_edge_right_upper,wood_panel_upper_right_12,38.90000000000009,726.2833333333333,-3.410605131648481e-13,1.5314960629921297,28.593832020997375,-1.3427579258458588e-14,0.0,-4.440892098500626e-15,0.9999999999999999,32.543750000000124,Entry relative to this part's minimum X/S/N; see STEP for shaped parts; NOT machining approval
kicker_batten_bottom,wood_kicker_block_face_left_bottom,38.09999999999991,43.641319007032166,16.069690242163517,1.4999999999999964,1.7181621656311878,0.632664970163918,0.0,-0.6427876096865427,0.766044443118978,38.099999999999994,Entry relative to this part's minimum X/S/N; see STEP for shaped parts; NOT machining approval
wood_kicker_block_left_bottom,wood_kicker_block_face_left_bottom,38.09999999999991,39.81109679143714,12.855752193730822,1.4999999999999964,1.567366015410911,0.5061319761311348,0.0,-0.6427876096865427,0.766044443118978,25.400000000000006,Entry relative to this part's minimum X/S/N; see STEP for shaped parts; NOT machining approval
kicker_cheek_left,wood_kicker_block_side_left_bottom,0.0,61.52179606863044,73.63793014255472,0.0,2.4221179554578915,2.8991311079745956,1.0,0.0,0.0,38.09999999999991,Entry relative to this part's minimum X/S/N; see STEP for shaped parts; NOT machining approval
wood_kicker_block_left_bottom,wood_kicker_block_side_left_bottom,0.0,27.565992826908513,27.44889883514736,0.0,1.0852753081460045,1.0806653084703686,1.0,0.0,0.0,25.40000000000009,Entry relative to this part's minimum X/S/N; see STEP for shaped parts; NOT machining approval
kicker_batten_top,wood_kicker_block_face_left_top,76.20000000000005,43.64131900703168,16.069690242163492,3.0000000000000018,1.7181621656311687,0.6326649701639171,0.0,-0.6427876096865427,0.766044443118978,38.099999999999994,Entry relative to this part's minimum X/S/N; see STEP for shaped parts; NOT machining approval
wood_kicker_block_left_top,wood_kicker_block_face_left_top,38.100000000000136,39.811096791436675,12.855752193730801,1.5000000000000056,1.5673660154108928,0.5061319761311339,0.0,-0.6427876096865427,0.766044443118978,25.400000000000006,Entry relative to this part's minimum X/S/N; see STEP for shaped parts; NOT machining approval
kicker_cheek_left,wood_kicker_block_side_left_top,0.0,195.5795736144511,186.1257618376991,0.0,7.699983213167367,7.327785899122012,1.0,0.0,0.0,38.09999999999991,Entry relative to this part's minimum X/S/N; see STEP for shaped parts; NOT machining approval
cheek_splice_left_outer,wood_kicker_block_side_left_top,0.0,61.521796068630266,30.66283688358004,0.0,2.4221179554578844,1.2071983025031514,1.0,0.0,0.0,19.049999999999955,Entry relative to this part's minimum X/S/N; see STEP for shaped parts; NOT machining approval
cheek_splice_left_inner,wood_kicker_block_side_left_top,0.0,61.521796068630266,30.66283688358004,0.0,2.4221179554578844,1.2071983025031514,1.0,0.0,0.0,19.049999999999955,Entry relative to this part's minimum X/S/N; see STEP for shaped parts; NOT machining approval
wood_kicker_block_left_top,wood_kicker_block_side_left_top,0.0,27.56599282690803,27.44889883514734,0.0,1.0852753081459854,1.0806653084703677,1.0,0.0,0.0,25.40000000000009,Entry relative to this part's minimum X/S/N; see STEP for shaped parts; NOT machining approval
kicker_batten_bottom,wood_kicker_block_face_right_bottom,2400.3,43.641319007032166,16.069690242163517,94.50000000000001,1.7181621656311878,0.632664970163918,0.0,-0.6427876096865427,0.766044443118978,38.099999999999994,Entry relative to this part's minimum X/S/N; see STEP for shaped parts; NOT machining approval
wood_kicker_block_right_bottom,wood_kicker_block_face_right_bottom,38.100000000000136,39.81109679143714,12.855752193730822,1.5000000000000056,1.567366015410911,0.5061319761311348,0.0,-0.6427876096865427,0.766044443118978,25.400000000000006,Entry relative to this part's minimum X/S/N; see STEP for shaped parts; NOT machining approval
kicker_cheek_right,wood_kicker_block_side_right_bottom,38.09999999999991,61.52179606863044,73.63793014255472,1.4999999999999964,2.4221179554578915,2.8991311079745956,-1.0,0.0,0.0,38.09999999999991,Entry relative to this part's minimum X/S/N; see STEP for shaped parts; NOT machining approval
wood_kicker_block_right_bottom,wood_kicker_block_side_right_bottom,76.20000000000005,27.565992826908513,27.44889883514736,3.0000000000000018,1.0852753081460045,1.0806653084703686,-1.0,0.0,0.0,25.40000000000009,Entry relative to this part's minimum X/S/N; see STEP for shaped parts; NOT machining approval
kicker_batten_top,wood_kicker_block_face_right_top,2362.2,43.64131900703168,16.069690242163492,93.0,1.7181621656311687,0.6326649701639171,0.0,-0.6427876096865427,0.766044443118978,38.099999999999994,Entry relative to this part's minimum X/S/N; see STEP for shaped parts; NOT machining approval
wood_kicker_block_right_top,wood_kicker_block_face_right_top,38.09999999999991,39.811096791436675,12.855752193730801,1.4999999999999964,1.5673660154108928,0.5061319761311339,0.0,-0.6427876096865427,0.766044443118978,25.400000000000006,Entry relative to this part's minimum X/S/N; see STEP for shaped parts; NOT machining approval
kicker_cheek_right,wood_kicker_block_side_right_top,38.09999999999991,195.5795736144511,186.1257618376991,1.4999999999999964,7.699983213167367,7.327785899122012,-1.0,0.0,0.0,38.09999999999991,Entry relative to this part's minimum X/S/N; see STEP for shaped parts; NOT machining approval
cheek_splice_right_outer,wood_kicker_block_side_right_top,19.050000000000182,61.521796068630266,30.66283688358004,0.7500000000000072,2.4221179554578844,1.2071983025031514,-1.0,0.0,0.0,19.049999999999955,Entry relative to this part's minimum X/S/N; see STEP for shaped parts; NOT machining approval
cheek_splice_right_inner,wood_kicker_block_side_right_top,19.049999999999955,61.521796068630266,30.66283688358004,0.7499999999999982,2.4221179554578844,1.2071983025031514,-1.0,0.0,0.0,19.049999999999955,Entry relative to this part's minimum X/S/N; see STEP for shaped parts; NOT machining approval
wood_kicker_block_right_top,wood_kicker_block_side_right_top,76.20000000000005,27.56599282690803,27.44889883514734,3.0000000000000018,1.0852753081459854,1.0806653084703677,-1.0,0.0,0.0,25.40000000000009,Entry relative to this part's minimum X/S/N; see STEP for shaped parts; NOT machining approval
wood_vertical_center_left_lower,bolted_ledge_center_left_1,82.4,85.05000000000001,3.8987885657827014e-13,3.244094488188977,3.3484251968503944,1.5349561282609062e-14,0.0,-4.440892098500626e-15,0.9999999999999999,38.099999999999895,Entry relative to this part's minimum X/S/N; see STEP for shaped parts; NOT machining approval
wood_principal_left,bolted_ledge_center_left_1,44.44999999999999,319.9999999999999,-2.842170943040401e-14,1.7499999999999996,12.598425196850389,-1.1189649382048822e-15,0.0,-4.440892098500626e-15,0.9999999999999999,139.7,Entry relative to this part's minimum X/S/N; see STEP for shaped parts; NOT machining approval
wood_vertical_center_left_lower,bolted_ledge_center_left_2,82.4,465.04999999999995,3.6145714714786613e-13,3.244094488188977,18.309055118110237,1.423059634440418e-14,0.0,-4.440892098500626e-15,0.9999999999999999,38.099999999999945,Entry relative to this part's minimum X/S/N; see STEP for shaped parts; NOT machining approval
wood_principal_left,bolted_ledge_center_left_2,44.44999999999999,699.9999999999998,1.4210854715202004e-13,1.7499999999999996,27.55905511811023,5.594824691024411e-15,0.0,-4.440892098500626e-15,0.9999999999999999,139.7,Entry relative to this part's minimum X/S/N; see STEP for shaped parts; NOT machining approval
wood_vertical_center_left_upper,bolted_ledge_center_left_3,82.4,310.9500000000023,2.2026824808563106e-13,3.244094488188977,12.242125984252061,8.671978271087837e-15,0.0,-4.440892098500626e-15,0.9999999999999999,38.099999999999945,Entry relative to this part's minimum X/S/N; see STEP for shaped parts; NOT machining approval
wood_principal_left,bolted_ledge_center_left_3,44.44999999999999,1600.0,-2.842170943040401e-14,1.7499999999999996,62.99212598425197,-1.1189649382048822e-15,0.0,-4.440892098500626e-15,0.9999999999999999,139.70000000000002,Entry relative to this part's minimum X/S/N; see STEP for shaped parts; NOT machining approval
wood_vertical_center_left_upper,bolted_ledge_center_left_4,82.4,810.9500000000023,-1.2079226507921703e-13,3.244094488188977,31.927165354330803,-4.7556009873707495e-15,0.0,-4.440892098500626e-15,0.9999999999999999,38.100000000000264,Entry relative to this part's minimum X/S/N; see STEP for shaped parts; NOT machining approval
wood_principal_left,bolted_ledge_center_left_4,44.44999999999999,2100.0,8.526512829121202e-14,1.7499999999999996,82.67716535433071,3.356894814614647e-15,0.0,-4.440892098500626e-15,0.9999999999999999,139.69999999999985,Entry relative to this part's minimum X/S/N; see STEP for shaped parts; NOT machining approval
wood_rail_lower,bolted_lower_center_left,1117.45,117.475,1.4210854715202004e-14,43.99409448818898,4.625,5.594824691024411e-16,0.0,-4.440892098500626e-15,0.9999999999999999,38.09999999999998,Entry relative to this part's minimum X/S/N; see STEP for shaped parts; NOT machining approval
wood_principal_left,bolted_lower_center_left,44.44999999999999,117.47499999999987,3.552713678800501e-14,1.7499999999999996,4.624999999999995,1.3987061727561028e-15,0.0,-4.440892098500626e-15,0.9999999999999999,139.70000000000002,Entry relative to this part's minimum X/S/N; see STEP for shaped parts; NOT machining approval
wood_vertical_center_right_lower,bolted_ledge_center_right_1,101.75000000001376,85.05000000000001,3.46193921256458e-13,4.005905511811566,3.3484251968503944,1.362968193923063e-14,0.0,-4.440892098500626e-15,0.9999999999999999,38.099999999999895,Entry relative to this part's minimum X/S/N; see STEP for shaped parts; NOT machining approval
wood_principal_right,bolted_ledge_center_right_1,44.449999999999996,319.9999999999999,-2.842170943040401e-14,1.75,12.598425196850389,-1.1189649382048822e-15,0.0,-4.440892098500626e-15,0.9999999999999999,139.7,Entry relative to this part's minimum X/S/N; see STEP for shaped parts; NOT machining approval
wood_vertical_center_right_lower,bolted_ledge_center_right_2,101.75000000001376,465.04999999999995,3.1777221182605397e-13,4.005905511811566,18.309055118110237,1.2510717001025748e-14,0.0,-4.440892098500626e-15,0.9999999999999999,38.099999999999945,Entry relative to this part's minimum X/S/N; see STEP for shaped parts; NOT machining approval
wood_principal_right,bolted_ledge_center_right_2,44.449999999999996,699.9999999999998,1.4210854715202004e-13,1.75,27.55905511811023,5.594824691024411e-15,0.0,-4.440892098500626e-15,0.9999999999999999,139.7,Entry relative to this part's minimum X/S/N; see STEP for shaped parts; NOT machining approval
wood_vertical_center_right_upper,bolted_ledge_center_right_3,101.75000000004461,310.9500000000003,2.886579864025407e-13,4.00590551181278,12.24212598425198,1.1364487653643335e-14,0.0,-4.440892098500626e-15,0.9999999999999999,38.099999999999945,Entry relative to this part's minimum X/S/N; see STEP for shaped parts; NOT machining approval
wood_principal_right,bolted_ledge_center_right_3,44.449999999999996,1600.0,-2.842170943040401e-14,1.75,62.99212598425197,-1.1189649382048822e-15,0.0,-4.440892098500626e-15,0.9999999999999999,139.70000000000002,Entry relative to this part's minimum X/S/N; see STEP for shaped parts; NOT machining approval
wood_vertical_center_right_upper,bolted_ledge_center_right_4,101.75000000004461,810.9500000000003,-5.240252676230739e-14,4.00590551181278,31.92716535433072,-2.063091604815252e-15,0.0,-4.440892098500626e-15,0.9999999999999999,38.100000000000264,Entry relative to this part's minimum X/S/N; see STEP for shaped parts; NOT machining approval
wood_principal_right,bolted_ledge_center_right_4,44.449999999999996,2100.0,8.526512829121202e-14,1.75,82.67716535433071,3.356894814614647e-15,0.0,-4.440892098500626e-15,0.9999999999999999,139.69999999999985,Entry relative to this part's minimum X/S/N; see STEP for shaped parts; NOT machining approval
wood_rail_lower,bolted_lower_center_right,1320.95,117.475,1.4210854715202004e-14,52.00590551181103,4.625,5.594824691024411e-16,0.0,-4.440892098500626e-15,0.9999999999999999,38.09999999999998,Entry relative to this part's minimum X/S/N; see STEP for shaped parts; NOT machining approval
wood_principal_right,bolted_lower_center_right,44.449999999999996,117.47499999999987,3.552713678800501e-14,1.75,4.624999999999995,1.3987061727561028e-15,0.0,-4.440892098500626e-15,0.9999999999999999,139.70000000000002,Entry relative to this part's minimum X/S/N; see STEP for shaped parts; NOT machining approval
wood_vertical_edge_left_lower,bolted_ledge_edge_left_1,44.450000000000045,85.05000000000001,5.684341886080802e-14,1.750000000000002,3.3484251968503944,2.2379298764097643e-15,0.0,-4.440892098500626e-15,0.9999999999999999,38.099999999999895,Entry relative to this part's minimum X/S/N; see STEP for shaped parts; NOT machining approval
wood_edge_principal_left,bolted_ledge_edge_left_1,44.450000000000045,205.69999999999968,-5.684341886080802e-14,1.750000000000002,8.098425196850382,-2.2379298764097643e-15,0.0,-4.440892098500626e-15,0.9999999999999999,139.70000000000007,Entry relative to this part's minimum X/S/N; see STEP for shaped parts; NOT machining approval
wood_vertical_edge_left_lower,bolted_ledge_edge_left_2,44.450000000000045,465.04999999999995,2.842170943040401e-14,1.750000000000002,18.309055118110237,1.1189649382048822e-15,0.0,-4.440892098500626e-15,0.9999999999999999,38.099999999999945,Entry relative to this part's minimum X/S/N; see STEP for shaped parts; NOT machining approval
wood_edge_principal_left,bolted_ledge_edge_left_2,44.450000000000045,585.6999999999997,-5.684341886080802e-14,1.750000000000002,23.059055118110226,-2.2379298764097643e-15,0.0,-4.440892098500626e-15,0.9999999999999999,139.70000000000002,Entry relative to this part's minimum X/S/N; see STEP for shaped parts; NOT machining approval
wood_vertical_edge_left_upper,bolted_ledge_edge_left_3,44.450000000000045,310.9499999999998,0.0,1.750000000000002,12.242125984251961,0.0,0.0,-4.440892098500626e-15,0.9999999999999999,38.099999999999945,Entry relative to this part's minimum X/S/N; see STEP for shaped parts; NOT machining approval
wood_edge_principal_left,bolted_ledge_edge_left_3,44.450000000000045,1485.6999999999998,0.0,1.750000000000002,58.49212598425196,0.0,0.0,-4.440892098500626e-15,0.9999999999999999,139.70000000000002,Entry relative to this part's minimum X/S/N; see STEP for shaped parts; NOT machining approval
wood_vertical_edge_left_upper,bolted_ledge_edge_left_4,44.450000000000045,810.9499999999998,-3.410605131648481e-13,1.750000000000002,31.927165354330704,-1.3427579258458588e-14,0.0,-4.440892098500626e-15,0.9999999999999999,38.100000000000264,Entry relative to this part's minimum X/S/N; see STEP for shaped parts; NOT machining approval
wood_edge_principal_left,bolted_ledge_edge_left_4,44.450000000000045,1985.6999999999998,1.1368683772161603e-13,1.750000000000002,78.17716535433071,4.475859752819529e-15,0.0,-4.440892098500626e-15,0.9999999999999999,139.70000000000002,Entry relative to this part's minimum X/S/N; see STEP for shaped parts; NOT machining approval
wood_vertical_edge_right_lower,bolted_ledge_edge_right_1,44.450000000000045,85.05000000000001,5.684341886080802e-14,1.750000000000002,3.3484251968503944,2.2379298764097643e-15,0.0,-4.440892098500626e-15,0.9999999999999999,38.099999999999895,Entry relative to this part's minimum X/S/N; see STEP for shaped parts; NOT machining approval
wood_edge_principal_right,bolted_ledge_edge_right_1,44.450000000000045,205.69999999999968,-5.684341886080802e-14,1.750000000000002,8.098425196850382,-2.2379298764097643e-15,0.0,-4.440892098500626e-15,0.9999999999999999,139.70000000000007,Entry relative to this part's minimum X/S/N; see STEP for shaped parts; NOT machining approval
wood_vertical_edge_right_lower,bolted_ledge_edge_right_2,44.450000000000045,465.04999999999995,2.842170943040401e-14,1.750000000000002,18.309055118110237,1.1189649382048822e-15,0.0,-4.440892098500626e-15,0.9999999999999999,38.099999999999945,Entry relative to this part's minimum X/S/N; see STEP for shaped parts; NOT machining approval
wood_edge_principal_right,bolted_ledge_edge_right_2,44.450000000000045,585.6999999999997,-5.684341886080802e-14,1.750000000000002,23.059055118110226,-2.2379298764097643e-15,0.0,-4.440892098500626e-15,0.9999999999999999,139.70000000000002,Entry relative to this part's minimum X/S/N; see STEP for shaped parts; NOT machining approval
wood_vertical_edge_right_upper,bolted_ledge_edge_right_3,44.450000000000045,310.9499999999998,0.0,1.750000000000002,12.242125984251961,0.0,0.0,-4.440892098500626e-15,0.9999999999999999,38.099999999999945,Entry relative to this part's minimum X/S/N; see STEP for shaped parts; NOT machining approval
wood_edge_principal_right,bolted_ledge_edge_right_3,44.450000000000045,1485.6999999999998,0.0,1.750000000000002,58.49212598425196,0.0,0.0,-4.440892098500626e-15,0.9999999999999999,139.70000000000002,Entry relative to this part's minimum X/S/N; see STEP for shaped parts; NOT machining approval
wood_vertical_edge_right_upper,bolted_ledge_edge_right_4,44.450000000000045,810.9499999999998,-3.410605131648481e-13,1.750000000000002,31.927165354330704,-1.3427579258458588e-14,0.0,-4.440892098500626e-15,0.9999999999999999,38.100000000000264,Entry relative to this part's minimum X/S/N; see STEP for shaped parts; NOT machining approval
wood_edge_principal_right,bolted_ledge_edge_right_4,44.450000000000045,1985.6999999999998,1.1368683772161603e-13,1.750000000000002,78.17716535433071,4.475859752819529e-15,0.0,-4.440892098500626e-15,0.9999999999999999,139.70000000000002,Entry relative to this part's minimum X/S/N; see STEP for shaped parts; NOT machining approval
wood_rail_lower,bolted_lower_span_left,369.20000000000005,144.45,1.4210854715202004e-14,14.535433070866144,5.687007874015748,5.594824691024411e-16,0.0,-4.440892098500626e-15,0.9999999999999999,38.09999999999998,Entry relative to this part's minimum X/S/N; see STEP for shaped parts; NOT machining approval
wood_beam_lower_left,bolted_lower_span_left,280.29999999999995,44.449999999999875,1.4210854715202004e-14,11.03543307086614,1.7499999999999951,5.594824691024411e-16,0.0,-4.440892098500626e-15,0.9999999999999999,139.70000000000002,Entry relative to this part's minimum X/S/N; see STEP for shaped parts; NOT machining approval
wood_rail_mid,bolted_rail_mid_left_1,819.2,69.85000000000014,0.0,32.251968503937015,2.7500000000000053,0.0,0.0,-4.440892098500626e-15,0.9999999999999999,38.10000000000018,Entry relative to this part's minimum X/S/N; see STEP for shaped parts; NOT machining approval
wood_beam_mid_left,bolted_rail_mid_left_1,730.3,44.450000000000045,-8.526512829121202e-14,28.751968503937007,1.750000000000002,-3.356894814614647e-15,0.0,-4.440892098500626e-15,0.9999999999999999,139.69999999999993,Entry relative to this part's minimum X/S/N; see STEP for shaped parts; NOT machining approval
wood_rail_mid,bolted_rail_mid_left_2,369.20000000000005,69.85000000000014,0.0,14.535433070866144,2.7500000000000053,0.0,0.0,-4.440892098500626e-15,0.9999999999999999,38.10000000000018,Entry relative to this part's minimum X/S/N; see STEP for shaped parts; NOT machining approval
wood_beam_mid_left,bolted_rail_mid_left_2,280.29999999999995,44.450000000000045,-8.526512829121202e-14,11.03543307086614,1.750000000000002,-3.356894814614647e-15,0.0,-4.440892098500626e-15,0.9999999999999999,139.69999999999993,Entry relative to this part's minimum X/S/N; see STEP for shaped parts; NOT machining approval
wood_rail_top,bolted_rail_top_left_1,819.2,44.45000000000027,3.197442310920451e-13,32.251968503937015,1.7500000000000109,1.2588355554804926e-14,0.0,-4.440892098500626e-15,0.9999999999999999,38.099999999999625,Entry relative to this part's minimum X/S/N; see STEP for shaped parts; NOT machining approval
wood_beam_top_left,bolted_rail_top_left_1,730.3,44.44999999999982,-4.547473508864641e-13,28.751968503937007,1.749999999999993,-1.7903439011278115e-14,0.0,-4.440892098500626e-15,0.9999999999999999,139.70000000000005,Entry relative to this part's minimum X/S/N; see STEP for shaped parts; NOT machining approval
wood_rail_top,bolted_rail_top_left_2,369.20000000000005,44.45000000000027,3.197442310920451e-13,14.535433070866144,1.7500000000000109,1.2588355554804926e-14,0.0,-4.440892098500626e-15,0.9999999999999999,38.099999999999625,Entry relative to this part's minimum X/S/N; see STEP for shaped parts; NOT machining approval
wood_beam_top_left,bolted_rail_top_left_2,280.29999999999995,44.44999999999982,-4.547473508864641e-13,11.03543307086614,1.749999999999993,-1.7903439011278115e-14,0.0,-4.440892098500626e-15,0.9999999999999999,139.70000000000005,Entry relative to this part's minimum X/S/N; see STEP for shaped parts; NOT machining approval
box_side_left,bolted_rim_left_1,0.0,349.99999999999955,125.94999999999996,0.0,13.7795275590551,4.958661417322833,1.0,0.0,0.0,38.09999999999991,Entry relative to this part's minimum X/S/N; see STEP for shaped parts; NOT machining approval
wood_edge_principal_left,bolted_rim_left_1,0.0,235.69999999999945,69.85000000000012,0.0,9.279527559055097,2.750000000000005,1.0,0.0,0.0,88.90000000000009,Entry relative to this part's minimum X/S/N; see STEP for shaped parts; NOT machining approval
box_side_left,bolted_rim_left_2,0.0,749.9999999999995,125.94999999999997,0.0,29.527559055118093,4.958661417322834,1.0,0.0,0.0,38.09999999999991,Entry relative to this part's minimum X/S/N; see STEP for shaped parts; NOT machining approval
wood_edge_principal_left,bolted_rim_left_2,0.0,635.6999999999995,69.85000000000014,0.0,25.02755905511809,2.7500000000000053,1.0,0.0,0.0,88.90000000000009,Entry relative to this part's minimum X/S/N; see STEP for shaped parts; NOT machining approval
box_side_left,bolted_rim_left_3,0.0,999.9999999999995,125.94999999999997,0.0,39.37007874015747,4.958661417322834,1.0,0.0,0.0,38.09999999999991,Entry relative to this part's minimum X/S/N; see STEP for shaped parts; NOT machining approval
wood_edge_principal_left,bolted_rim_left_3,0.0,885.6999999999995,69.85000000000014,0.0,34.87007874015746,2.7500000000000053,1.0,0.0,0.0,88.90000000000009,Entry relative to this part's minimum X/S/N; see STEP for shaped parts; NOT machining approval
box_side_left,bolted_rim_left_4,0.0,2199.9999999999995,125.94999999999986,0.0,86.61417322834644,4.95866141732283,1.0,0.0,0.0,38.09999999999991,Entry relative to this part's minimum X/S/N; see STEP for shaped parts; NOT machining approval
wood_edge_principal_left,bolted_rim_left_4,0.0,2085.6999999999994,69.85000000000002,0.0,82.11417322834643,2.750000000000001,1.0,0.0,0.0,88.90000000000009,Entry relative to this part's minimum X/S/N; see STEP for shaped parts; NOT machining approval
wood_rail_lower,bolted_lower_span_right,2069.2,144.45,1.4210854715202004e-14,81.46456692913385,5.687007874015748,5.594824691024411e-16,0.0,-4.440892098500626e-15,0.9999999999999999,38.09999999999998,Entry relative to this part's minimum X/S/N; see STEP for shaped parts; NOT machining approval
wood_beam_lower_right,bolted_lower_span_right,703.8,44.449999999999875,1.4210854715202004e-14,27.708661417322833,1.7499999999999951,5.594824691024411e-16,0.0,-4.440892098500626e-15,0.9999999999999999,139.70000000000002,Entry relative to this part's minimum X/S/N; see STEP for shaped parts; NOT machining approval
wood_rail_mid,bolted_rail_mid_right_1,1619.2,69.85000000000014,0.0,63.748031496063,2.7500000000000053,0.0,0.0,-4.440892098500626e-15,0.9999999999999999,38.10000000000018,Entry relative to this part's minimum X/S/N; see STEP for shaped parts; NOT machining approval
wood_beam_mid_right,bolted_rail_mid_right_1,253.79999999999995,44.450000000000045,-8.526512829121202e-14,9.992125984251967,1.750000000000002,-3.356894814614647e-15,0.0,-4.440892098500626e-15,0.9999999999999999,139.69999999999993,Entry relative to this part's minimum X/S/N; see STEP for shaped parts; NOT machining approval
wood_rail_mid,bolted_rail_mid_right_2,2069.2,69.85000000000014,0.0,81.46456692913385,2.7500000000000053,0.0,0.0,-4.440892098500626e-15,0.9999999999999999,38.10000000000018,Entry relative to this part's minimum X/S/N; see STEP for shaped parts; NOT machining approval
wood_beam_mid_right,bolted_rail_mid_right_2,703.8,44.450000000000045,-8.526512829121202e-14,27.708661417322833,1.750000000000002,-3.356894814614647e-15,0.0,-4.440892098500626e-15,0.9999999999999999,139.69999999999993,Entry relative to this part's minimum X/S/N; see STEP for shaped parts; NOT machining approval
wood_rail_top,bolted_rail_top_right_1,1619.2,44.45000000000027,3.197442310920451e-13,63.748031496063,1.7500000000000109,1.2588355554804926e-14,0.0,-4.440892098500626e-15,0.9999999999999999,38.099999999999625,Entry relative to this part's minimum X/S/N; see STEP for shaped parts; NOT machining approval
wood_beam_top_right,bolted_rail_top_right_1,253.79999999999995,44.44999999999982,-4.547473508864641e-13,9.992125984251967,1.749999999999993,-1.7903439011278115e-14,0.0,-4.440892098500626e-15,0.9999999999999999,139.70000000000005,Entry relative to this part's minimum X/S/N; see STEP for shaped parts; NOT machining approval
wood_rail_top,bolted_rail_top_right_2,2069.2,44.45000000000027,3.197442310920451e-13,81.46456692913385,1.7500000000000109,1.2588355554804926e-14,0.0,-4.440892098500626e-15,0.9999999999999999,38.099999999999625,Entry relative to this part's minimum X/S/N; see STEP for shaped parts; NOT machining approval
wood_beam_top_right,bolted_rail_top_right_2,703.8,44.44999999999982,-4.547473508864641e-13,27.708661417322833,1.749999999999993,-1.7903439011278115e-14,0.0,-4.440892098500626e-15,0.9999999999999999,139.70000000000005,Entry relative to this part's minimum X/S/N; see STEP for shaped parts; NOT machining approval
box_side_right,bolted_rim_right_1,38.09999999999991,349.99999999999955,125.94999999999996,1.4999999999999964,13.7795275590551,4.958661417322833,-1.0,0.0,0.0,38.09999999999991,Entry relative to this part's minimum X/S/N; see STEP for shaped parts; NOT machining approval
wood_edge_principal_right,bolted_rim_right_1,88.90000000000009,235.69999999999945,69.85000000000012,3.500000000000004,9.279527559055097,2.750000000000005,-1.0,0.0,0.0,88.90000000000009,Entry relative to this part's minimum X/S/N; see STEP for shaped parts; NOT machining approval
box_side_right,bolted_rim_right_2,38.09999999999991,749.9999999999995,125.94999999999997,1.4999999999999964,29.527559055118093,4.958661417322834,-1.0,0.0,0.0,38.09999999999991,Entry relative to this part's minimum X/S/N; see STEP for shaped parts; NOT machining approval
wood_edge_principal_right,bolted_rim_right_2,88.90000000000009,635.6999999999995,69.85000000000014,3.500000000000004,25.02755905511809,2.7500000000000053,-1.0,0.0,0.0,88.90000000000009,Entry relative to this part's minimum X/S/N; see STEP for shaped parts; NOT machining approval
box_side_right,bolted_rim_right_3,38.09999999999991,999.9999999999995,125.94999999999997,1.4999999999999964,39.37007874015747,4.958661417322834,-1.0,0.0,0.0,38.09999999999991,Entry relative to this part's minimum X/S/N; see STEP for shaped parts; NOT machining approval
wood_edge_principal_right,bolted_rim_right_3,88.90000000000009,885.6999999999995,69.85000000000014,3.500000000000004,34.87007874015746,2.7500000000000053,-1.0,0.0,0.0,88.90000000000009,Entry relative to this part's minimum X/S/N; see STEP for shaped parts; NOT machining approval
box_side_right,bolted_rim_right_4,38.09999999999991,2199.9999999999995,125.94999999999986,1.4999999999999964,86.61417322834644,4.95866141732283,-1.0,0.0,0.0,38.09999999999991,Entry relative to this part's minimum X/S/N; see STEP for shaped parts; NOT machining approval
wood_edge_principal_right,bolted_rim_right_4,88.90000000000009,2085.6999999999994,69.85000000000002,3.500000000000004,82.11417322834643,2.750000000000001,-1.0,0.0,0.0,88.90000000000009,Entry relative to this part's minimum X/S/N; see STEP for shaped parts; NOT machining approval
wood_joint_block_lower_left_1,wood_joint_block_lower_left_1_upright_1,88.90000000000009,44.44999999999965,49.85000000000017,3.500000000000004,1.7499999999999862,1.9625984251968573,-1.0,-0.0,0.0,88.90000000000009,Entry relative to this part's minimum X/S/N; see STEP for shaped parts; NOT machining approval
wood_edge_principal_left,wood_joint_block_lower_left_1_upright_1,88.90000000000009,119.04999999999953,49.84999999999992,3.500000000000004,4.6870078740157295,1.9625984251968476,-1.0,-0.0,0.0,88.90000000000009,Entry relative to this part's minimum X/S/N; see STEP for shaped parts; NOT machining approval
box_side_left,wood_joint_block_lower_left_1_upright_1,38.09999999999991,233.3499999999996,105.94999999999976,1.4999999999999964,9.187007874015732,4.171259842519676,-1.0,-0.0,0.0,38.09999999999991,Entry relative to this part's minimum X/S/N; see STEP for shaped parts; NOT machining approval
wood_joint_block_lower_left_1,wood_joint_block_lower_left_1_upright_2,88.90000000000009,44.44999999999948,89.85000000000016,3.500000000000004,1.7499999999999796,3.537401574803156,-1.0,-0.0,0.0,88.90000000000009,Entry relative to this part's minimum X/S/N; see STEP for shaped parts; NOT machining approval
wood_edge_principal_left,wood_joint_block_lower_left_1_upright_2,88.90000000000009,119.04999999999936,89.84999999999991,3.500000000000004,4.687007874015723,3.5374015748031464,-1.0,-0.0,0.0,88.90000000000009,Entry relative to this part's minimum X/S/N; see STEP for shaped parts; NOT machining approval
box_side_left,wood_joint_block_lower_left_1_upright_2,38.09999999999991,233.34999999999943,145.94999999999973,1.4999999999999964,9.187007874015727,5.7460629921259745,-1.0,-0.0,0.0,38.09999999999991,Entry relative to this part's minimum X/S/N; see STEP for shaped parts; NOT machining approval
wood_beam_lower_left,wood_joint_block_lower_left_1_beam,57.15000000000009,-4.263256414560601e-13,69.85000000000042,2.2500000000000036,-1.6784474073073234e-14,2.750000000000017,0.0,1.0,-4.440892098500626e-15,88.89999999999998,Entry relative to this part's minimum X/S/N; see STEP for shaped parts; NOT machining approval
wood_joint_block_lower_left_1,wood_joint_block_lower_left_1_beam,57.15000000000009,-3.979039320256561e-13,69.8500000000003,2.2500000000000036,-1.566550913486835e-14,2.7500000000000124,0.0,1.0,-4.440892098500626e-15,88.90000000000003,Entry relative to this part's minimum X/S/N; see STEP for shaped parts; NOT machining approval
wood_joint_block_lower_left_2,wood_joint_block_lower_left_2_upright_1,0.0,44.44999999999965,49.85000000000017,0.0,1.7499999999999862,1.9625984251968573,1.0,0.0,0.0,88.9,Entry relative to this part's minimum X/S/N; see STEP for shaped parts; NOT machining approval
wood_principal_left,wood_joint_block_lower_left_2_upright_1,0.0,233.34999999999968,49.849999999999895,0.0,9.187007874015736,1.9625984251968465,1.0,0.0,0.0,88.89999999999998,Entry relative to this part's minimum X/S/N; see STEP for shaped parts; NOT machining approval
wood_joint_block_lower_left_2,wood_joint_block_lower_left_2_upright_2,0.0,44.44999999999948,89.85000000000016,0.0,1.7499999999999796,3.537401574803156,1.0,0.0,0.0,88.9,Entry relative to this part's minimum X/S/N; see STEP for shaped parts; NOT machining approval
wood_principal_left,wood_joint_block_lower_left_2_upright_2,0.0,233.3499999999995,89.84999999999988,0.0,9.187007874015729,3.537401574803145,1.0,0.0,0.0,88.89999999999998,Entry relative to this part's minimum X/S/N; see STEP for shaped parts; NOT machining approval
wood_beam_lower_left,wood_joint_block_lower_left_2_beam,926.9499999999999,-4.263256414560601e-13,69.85000000000042,36.49409448818898,-1.6784474073073234e-14,2.750000000000017,0.0,1.0,-4.440892098500626e-15,88.89999999999998,Entry relative to this part's minimum X/S/N; see STEP for shaped parts; NOT machining approval
wood_joint_block_lower_left_2,wood_joint_block_lower_left_2_beam,31.75,-3.979039320256561e-13,69.8500000000003,1.25,-1.566550913486835e-14,2.7500000000000124,0.0,1.0,-4.440892098500626e-15,88.90000000000003,Entry relative to this part's minimum X/S/N; see STEP for shaped parts; NOT machining approval
wood_joint_block_lower_right_1,wood_joint_block_lower_right_1_upright_1,88.9,44.44999999999965,49.85000000000017,3.5000000000000004,1.7499999999999862,1.9625984251968573,-1.0,-0.0,0.0,88.9,Entry relative to this part's minimum X/S/N; see STEP for shaped parts; NOT machining approval
wood_principal_right,wood_joint_block_lower_right_1_upright_1,88.89999999999998,233.34999999999968,49.849999999999895,3.499999999999999,9.187007874015736,1.9625984251968465,-1.0,-0.0,0.0,88.89999999999998,Entry relative to this part's minimum X/S/N; see STEP for shaped parts; NOT machining approval
wood_joint_block_lower_right_1,wood_joint_block_lower_right_1_upright_2,88.9,44.44999999999948,89.85000000000016,3.5000000000000004,1.7499999999999796,3.537401574803156,-1.0,-0.0,0.0,88.9,Entry relative to this part's minimum X/S/N; see STEP for shaped parts; NOT machining approval
wood_principal_right,wood_joint_block_lower_right_1_upright_2,88.89999999999998,233.3499999999995,89.84999999999988,3.499999999999999,9.187007874015729,3.537401574803145,-1.0,-0.0,0.0,88.89999999999998,Entry relative to this part's minimum X/S/N; see STEP for shaped parts; NOT machining approval
wood_beam_lower_right,wood_joint_block_lower_right_1_beam,57.14999999999995,-4.263256414560601e-13,69.85000000000042,2.2499999999999982,-1.6784474073073234e-14,2.750000000000017,0.0,1.0,-4.440892098500626e-15,88.89999999999998,Entry relative to this part's minimum X/S/N; see STEP for shaped parts; NOT machining approval
wood_joint_block_lower_right_1,wood_joint_block_lower_right_1_beam,57.150000000000006,-3.979039320256561e-13,69.8500000000003,2.2500000000000004,-1.566550913486835e-14,2.7500000000000124,0.0,1.0,-4.440892098500626e-15,88.90000000000003,Entry relative to this part's minimum X/S/N; see STEP for shaped parts; NOT machining approval
wood_joint_block_lower_right_2,wood_joint_block_lower_right_2_upright_1,0.0,44.44999999999965,49.85000000000017,0.0,1.7499999999999862,1.9625984251968573,1.0,0.0,0.0,88.90000000000009,Entry relative to this part's minimum X/S/N; see STEP for shaped parts; NOT machining approval
wood_edge_principal_right,wood_joint_block_lower_right_2_upright_1,0.0,119.04999999999953,49.84999999999992,0.0,4.6870078740157295,1.9625984251968476,1.0,0.0,0.0,88.90000000000009,Entry relative to this part's minimum X/S/N; see STEP for shaped parts; NOT machining approval
box_side_right,wood_joint_block_lower_right_2_upright_1,0.0,233.3499999999996,105.94999999999976,0.0,9.187007874015732,4.171259842519676,1.0,0.0,0.0,38.09999999999991,Entry relative to this part's minimum X/S/N; see STEP for shaped parts; NOT machining approval
wood_joint_block_lower_right_2,wood_joint_block_lower_right_2_upright_2,0.0,44.44999999999948,89.85000000000016,0.0,1.7499999999999796,3.537401574803156,1.0,0.0,0.0,88.90000000000009,Entry relative to this part's minimum X/S/N; see STEP for shaped parts; NOT machining approval
wood_edge_principal_right,wood_joint_block_lower_right_2_upright_2,0.0,119.04999999999936,89.84999999999991,0.0,4.687007874015723,3.5374015748031464,1.0,0.0,0.0,88.90000000000009,Entry relative to this part's minimum X/S/N; see STEP for shaped parts; NOT machining approval
box_side_right,wood_joint_block_lower_right_2_upright_2,0.0,233.34999999999943,145.94999999999973,0.0,9.187007874015727,5.7460629921259745,1.0,0.0,0.0,38.09999999999991,Entry relative to this part's minimum X/S/N; see STEP for shaped parts; NOT machining approval
wood_beam_lower_right,wood_joint_block_lower_right_2_beam,926.9499999999998,-4.263256414560601e-13,69.85000000000042,36.49409448818897,-1.6784474073073234e-14,2.750000000000017,0.0,1.0,-4.440892098500626e-15,88.89999999999998,Entry relative to this part's minimum X/S/N; see STEP for shaped parts; NOT machining approval
wood_joint_block_lower_right_2,wood_joint_block_lower_right_2_beam,31.75,-3.979039320256561e-13,69.8500000000003,1.25,-1.566550913486835e-14,2.7500000000000124,0.0,1.0,-4.440892098500626e-15,88.90000000000003,Entry relative to this part's minimum X/S/N; see STEP for shaped parts; NOT machining approval
wood_joint_block_mid_left_1,wood_joint_block_mid_left_1_upright_1,88.90000000000009,44.44999999999982,49.850000000000136,3.500000000000004,1.749999999999993,1.9625984251968558,-1.0,-0.0,0.0,88.90000000000009,Entry relative to this part's minimum X/S/N; see STEP for shaped parts; NOT machining approval
wood_edge_principal_left,wood_joint_block_mid_left_1_upright_1,88.90000000000009,1015.9999999999994,49.85000000000025,3.500000000000004,39.99999999999998,1.9625984251968605,-1.0,-0.0,0.0,88.90000000000009,Entry relative to this part's minimum X/S/N; see STEP for shaped parts; NOT machining approval
box_side_left,wood_joint_block_mid_left_1_upright_1,38.09999999999991,1130.2999999999995,105.95000000000009,1.4999999999999964,44.499999999999986,4.171259842519689,-1.0,-0.0,0.0,38.09999999999991,Entry relative to this part's minimum X/S/N; see STEP for shaped parts; NOT machining approval
wood_joint_block_mid_left_1,wood_joint_block_mid_left_1_upright_2,88.90000000000009,44.44999999999959,89.85000000000008,3.500000000000004,1.749999999999984,3.537401574803153,-1.0,-0.0,0.0,88.90000000000009,Entry relative to this part's minimum X/S/N; see STEP for shaped parts; NOT machining approval
wood_edge_principal_left,wood_joint_block_mid_left_1_upright_2,88.90000000000009,1015.9999999999992,89.8500000000002,3.500000000000004,39.99999999999997,3.5374015748031575,-1.0,-0.0,0.0,88.90000000000009,Entry relative to this part's minimum X/S/N; see STEP for shaped parts; NOT machining approval
box_side_left,wood_joint_block_mid_left_1_upright_2,38.09999999999991,1130.2999999999993,145.95000000000002,1.4999999999999964,44.49999999999997,5.746062992125985,-1.0,-0.0,0.0,38.09999999999991,Entry relative to this part's minimum X/S/N; see STEP for shaped parts; NOT machining approval
wood_beam_mid_left,wood_joint_block_mid_left_1_beam,57.15000000000009,88.89999999999986,69.84999999999948,2.2500000000000036,3.4999999999999947,2.7499999999999796,-0.0,-1.0,4.440892098500626e-15,88.90000000000025,Entry relative to this part's minimum X/S/N; see STEP for shaped parts; NOT machining approval
wood_joint_block_mid_left_1,wood_joint_block_mid_left_1_beam,57.15000000000009,88.89999999999964,69.84999999999991,2.2500000000000036,3.499999999999986,2.7499999999999964,-0.0,-1.0,4.440892098500626e-15,88.89999999999988,Entry relative to this part's minimum X/S/N; see STEP for shaped parts; NOT machining approval
wood_joint_block_mid_left_2,wood_joint_block_mid_left_2_upright_1,0.0,44.44999999999982,49.850000000000136,0.0,1.749999999999993,1.9625984251968558,1.0,0.0,0.0,88.9,Entry relative to this part's minimum X/S/N; see STEP for shaped parts; NOT machining approval
wood_principal_left,wood_joint_block_mid_left_2_upright_1,0.0,1130.2999999999995,49.85000000000022,0.0,44.499999999999986,1.9625984251968593,1.0,0.0,0.0,88.89999999999998,Entry relative to this part's minimum X/S/N; see STEP for shaped parts; NOT machining approval
wood_joint_block_mid_left_2,wood_joint_block_mid_left_2_upright_2,0.0,44.44999999999959,89.85000000000008,0.0,1.749999999999984,3.537401574803153,1.0,0.0,0.0,88.9,Entry relative to this part's minimum X/S/N; see STEP for shaped parts; NOT machining approval
wood_principal_left,wood_joint_block_mid_left_2_upright_2,0.0,1130.2999999999993,89.85000000000016,0.0,44.49999999999997,3.537401574803156,1.0,0.0,0.0,88.89999999999998,Entry relative to this part's minimum X/S/N; see STEP for shaped parts; NOT machining approval
wood_beam_mid_left,wood_joint_block_mid_left_2_beam,926.9499999999999,88.89999999999986,69.84999999999948,36.49409448818898,3.4999999999999947,2.7499999999999796,-0.0,-1.0,4.440892098500626e-15,88.90000000000025,Entry relative to this part's minimum X/S/N; see STEP for shaped parts; NOT machining approval
wood_joint_block_mid_left_2,wood_joint_block_mid_left_2_beam,31.75,88.89999999999941,69.8499999999998,1.25,3.499999999999977,2.749999999999992,-0.0,-1.0,4.440892098500626e-15,88.89999999999993,Entry relative to this part's minimum X/S/N; see STEP for shaped parts; NOT machining approval
wood_joint_block_mid_right_1,wood_joint_block_mid_right_1_upright_1,88.9,44.44999999999982,49.850000000000136,3.5000000000000004,1.749999999999993,1.9625984251968558,-1.0,-0.0,0.0,88.9,Entry relative to this part's minimum X/S/N; see STEP for shaped parts; NOT machining approval
wood_principal_right,wood_joint_block_mid_right_1_upright_1,88.89999999999998,1130.2999999999995,49.85000000000022,3.499999999999999,44.499999999999986,1.9625984251968593,-1.0,-0.0,0.0,88.89999999999998,Entry relative to this part's minimum X/S/N; see STEP for shaped parts; NOT machining approval
wood_joint_block_mid_right_1,wood_joint_block_mid_right_1_upright_2,88.9,44.44999999999959,89.85000000000008,3.5000000000000004,1.749999999999984,3.537401574803153,-1.0,-0.0,0.0,88.9,Entry relative to this part's minimum X/S/N; see STEP for shaped parts; NOT machining approval
wood_principal_right,wood_joint_block_mid_right_1_upright_2,88.89999999999998,1130.2999999999993,89.85000000000016,3.499999999999999,44.49999999999997,3.537401574803156,-1.0,-0.0,0.0,88.89999999999998,Entry relative to this part's minimum X/S/N; see STEP for shaped parts; NOT machining approval
wood_beam_mid_right,wood_joint_block_mid_right_1_beam,57.14999999999995,88.89999999999986,69.84999999999948,2.2499999999999982,3.4999999999999947,2.7499999999999796,-0.0,-1.0,4.440892098500626e-15,88.90000000000025,Entry relative to this part's minimum X/S/N; see STEP for shaped parts; NOT machining approval
wood_joint_block_mid_right_1,wood_joint_block_mid_right_1_beam,57.150000000000006,88.89999999999941,69.8499999999998,2.2500000000000004,3.499999999999977,2.749999999999992,-0.0,-1.0,4.440892098500626e-15,88.89999999999993,Entry relative to this part's minimum X/S/N; see STEP for shaped parts; NOT machining approval
wood_joint_block_mid_right_2,wood_joint_block_mid_right_2_upright_1,0.0,44.44999999999982,49.850000000000136,0.0,1.749999999999993,1.9625984251968558,1.0,0.0,0.0,88.90000000000009,Entry relative to this part's minimum X/S/N; see STEP for shaped parts; NOT machining approval
wood_edge_principal_right,wood_joint_block_mid_right_2_upright_1,0.0,1015.9999999999994,49.85000000000025,0.0,39.99999999999998,1.9625984251968605,1.0,0.0,0.0,88.90000000000009,Entry relative to this part's minimum X/S/N; see STEP for shaped parts; NOT machining approval
box_side_right,wood_joint_block_mid_right_2_upright_1,0.0,1130.2999999999995,105.95000000000009,0.0,44.499999999999986,4.171259842519689,1.0,0.0,0.0,38.09999999999991,Entry relative to this part's minimum X/S/N; see STEP for shaped parts; NOT machining approval
wood_joint_block_mid_right_2,wood_joint_block_mid_right_2_upright_2,0.0,44.44999999999959,89.85000000000008,0.0,1.749999999999984,3.537401574803153,1.0,0.0,0.0,88.90000000000009,Entry relative to this part's minimum X/S/N; see STEP for shaped parts; NOT machining approval
wood_edge_principal_right,wood_joint_block_mid_right_2_upright_2,0.0,1015.9999999999992,89.8500000000002,0.0,39.99999999999997,3.5374015748031575,1.0,0.0,0.0,88.90000000000009,Entry relative to this part's minimum X/S/N; see STEP for shaped parts; NOT machining approval
box_side_right,wood_joint_block_mid_right_2_upright_2,0.0,1130.2999999999993,145.95000000000002,0.0,44.49999999999997,5.746062992125985,1.0,0.0,0.0,38.09999999999991,Entry relative to this part's minimum X/S/N; see STEP for shaped parts; NOT machining approval
wood_beam_mid_right,wood_joint_block_mid_right_2_beam,926.9499999999998,88.89999999999986,69.84999999999948,36.49409448818897,3.4999999999999947,2.7499999999999796,-0.0,-1.0,4.440892098500626e-15,88.90000000000025,Entry relative to this part's minimum X/S/N; see STEP for shaped parts; NOT machining approval
wood_joint_block_mid_right_2,wood_joint_block_mid_right_2_beam,31.75,88.89999999999964,69.84999999999991,1.25,3.499999999999986,2.7499999999999964,-0.0,-1.0,4.440892098500626e-15,88.89999999999988,Entry relative to this part's minimum X/S/N; see STEP for shaped parts; NOT machining approval
wood_joint_block_top_left_1,wood_joint_block_top_left_1_upright_1,88.90000000000009,44.44999999999982,49.84999999999977,3.500000000000004,1.749999999999993,1.9625984251968414,-1.0,-0.0,0.0,88.90000000000009,Entry relative to this part's minimum X/S/N; see STEP for shaped parts; NOT machining approval
wood_edge_principal_left,wood_joint_block_top_left_1_upright_1,88.90000000000009,2190.749999999999,49.84999999999991,3.500000000000004,86.24999999999997,1.962598425196847,-1.0,-0.0,0.0,88.90000000000009,Entry relative to this part's minimum X/S/N; see STEP for shaped parts; NOT machining approval
box_side_left,wood_joint_block_top_left_1_upright_1,38.09999999999991,2305.0499999999993,105.94999999999975,1.4999999999999964,90.74999999999997,4.171259842519675,-1.0,-0.0,0.0,38.09999999999991,Entry relative to this part's minimum X/S/N; see STEP for shaped parts; NOT machining approval
wood_joint_block_top_left_1,wood_joint_block_top_left_1_upright_2,88.90000000000009,44.44999999999982,89.85000000000022,3.500000000000004,1.749999999999993,3.5374015748031584,-1.0,-0.0,0.0,88.90000000000009,Entry relative to this part's minimum X/S/N; see STEP for shaped parts; NOT machining approval
wood_edge_principal_left,wood_joint_block_top_left_1_upright_2,88.90000000000009,2190.749999999999,89.85000000000036,3.500000000000004,86.24999999999997,3.537401574803164,-1.0,-0.0,0.0,88.90000000000009,Entry relative to this part's minimum X/S/N; see STEP for shaped parts; NOT machining approval
box_side_left,wood_joint_block_top_left_1_upright_2,38.09999999999991,2305.0499999999993,145.9500000000002,1.4999999999999964,90.74999999999997,5.746062992125992,-1.0,-0.0,0.0,38.09999999999991,Entry relative to this part's minimum X/S/N; see STEP for shaped parts; NOT machining approval
wood_beam_top_left,wood_joint_block_top_left_1_beam,57.15000000000009,88.89999999999918,69.84999999999945,2.2500000000000036,3.499999999999968,2.7499999999999787,-0.0,-1.0,4.440892098500626e-15,88.89999999999944,Entry relative to this part's minimum X/S/N; see STEP for shaped parts; NOT machining approval
wood_joint_block_top_left_1,wood_joint_block_top_left_1_beam,57.15000000000009,88.89999999999964,69.85,2.2500000000000036,3.499999999999986,2.75,-0.0,-1.0,4.440892098500626e-15,88.90000000000029,Entry relative to this part's minimum X/S/N; see STEP for shaped parts; NOT machining approval
wood_joint_block_top_left_2,wood_joint_block_top_left_2_upright_1,0.0,44.44999999999982,49.84999999999977,0.0,1.749999999999993,1.9625984251968414,1.0,0.0,0.0,88.9,Entry relative to this part's minimum X/S/N; see STEP for shaped parts; NOT machining approval
wood_principal_left,wood_joint_block_top_left_2_upright_1,0.0,2305.0499999999993,49.84999999999988,0.0,90.74999999999997,1.9625984251968458,1.0,0.0,0.0,88.89999999999998,Entry relative to this part's minimum X/S/N; see STEP for shaped parts; NOT machining approval
wood_joint_block_top_left_2,wood_joint_block_top_left_2_upright_2,0.0,44.44999999999982,89.85000000000022,0.0,1.749999999999993,3.5374015748031584,1.0,0.0,0.0,88.9,Entry relative to this part's minimum X/S/N; see STEP for shaped parts; NOT machining approval
wood_principal_left,wood_joint_block_top_left_2_upright_2,0.0,2305.0499999999993,89.85000000000034,0.0,90.74999999999997,3.537401574803163,1.0,0.0,0.0,88.89999999999998,Entry relative to this part's minimum X/S/N; see STEP for shaped parts; NOT machining approval
wood_beam_top_left,wood_joint_block_top_left_2_beam,926.9499999999999,88.89999999999918,69.84999999999945,36.49409448818898,3.499999999999968,2.7499999999999787,-0.0,-1.0,4.440892098500626e-15,88.89999999999944,Entry relative to this part's minimum X/S/N; see STEP for shaped parts; NOT machining approval
wood_joint_block_top_left_2,wood_joint_block_top_left_2_beam,31.75,88.89999999999964,69.85,1.25,3.499999999999986,2.75,-0.0,-1.0,4.440892098500626e-15,88.89999999999978,Entry relative to this part's minimum X/S/N; see STEP for shaped parts; NOT machining approval
wood_joint_block_top_right_1,wood_joint_block_top_right_1_upright_1,88.9,44.44999999999982,49.84999999999977,3.5000000000000004,1.749999999999993,1.9625984251968414,-1.0,-0.0,0.0,88.9,Entry relative to this part's minimum X/S/N; see STEP for shaped parts; NOT machining approval
wood_principal_right,wood_joint_block_top_right_1_upright_1,88.89999999999998,2305.0499999999993,49.84999999999988,3.499999999999999,90.74999999999997,1.9625984251968458,-1.0,-0.0,0.0,88.89999999999998,Entry relative to this part's minimum X/S/N; see STEP for shaped parts; NOT machining approval
wood_joint_block_top_right_1,wood_joint_block_top_right_1_upright_2,88.9,44.44999999999982,89.85000000000022,3.5000000000000004,1.749999999999993,3.5374015748031584,-1.0,-0.0,0.0,88.9,Entry relative to this part's minimum X/S/N; see STEP for shaped parts; NOT machining approval
wood_principal_right,wood_joint_block_top_right_1_upright_2,88.89999999999998,2305.0499999999993,89.85000000000034,3.499999999999999,90.74999999999997,3.537401574803163,-1.0,-0.0,0.0,88.89999999999998,Entry relative to this part's minimum X/S/N; see STEP for shaped parts; NOT machining approval
wood_beam_top_right,wood_joint_block_top_right_1_beam,57.14999999999995,88.89999999999918,69.84999999999945,2.2499999999999982,3.499999999999968,2.7499999999999787,-0.0,-1.0,4.440892098500626e-15,88.89999999999944,Entry relative to this part's minimum X/S/N; see STEP for shaped parts; NOT machining approval
wood_joint_block_top_right_1,wood_joint_block_top_right_1_beam,57.150000000000006,88.89999999999964,69.85,2.2500000000000004,3.499999999999986,2.75,-0.0,-1.0,4.440892098500626e-15,88.89999999999978,Entry relative to this part's minimum X/S/N; see STEP for shaped parts; NOT machining approval
wood_joint_block_top_right_2,wood_joint_block_top_right_2_upright_1,0.0,44.44999999999982,49.84999999999977,0.0,1.749999999999993,1.9625984251968414,1.0,0.0,0.0,88.90000000000009,Entry relative to this part's minimum X/S/N; see STEP for shaped parts; NOT machining approval
wood_edge_principal_right,wood_joint_block_top_right_2_upright_1,0.0,2190.749999999999,49.84999999999991,0.0,86.24999999999997,1.962598425196847,1.0,0.0,0.0,88.90000000000009,Entry relative to this part's minimum X/S/N; see STEP for shaped parts; NOT machining approval
box_side_right,wood_joint_block_top_right_2_upright_1,0.0,2305.0499999999993,105.94999999999975,0.0,90.74999999999997,4.171259842519675,1.0,0.0,0.0,38.09999999999991,Entry relative to this part's minimum X/S/N; see STEP for shaped parts; NOT machining approval
wood_joint_block_top_right_2,wood_joint_block_top_right_2_upright_2,0.0,44.44999999999982,89.85000000000022,0.0,1.749999999999993,3.5374015748031584,1.0,0.0,0.0,88.90000000000009,Entry relative to this part's minimum X/S/N; see STEP for shaped parts; NOT machining approval
wood_edge_principal_right,wood_joint_block_top_right_2_upright_2,0.0,2190.749999999999,89.85000000000036,0.0,86.24999999999997,3.537401574803164,1.0,0.0,0.0,88.90000000000009,Entry relative to this part's minimum X/S/N; see STEP for shaped parts; NOT machining approval
box_side_right,wood_joint_block_top_right_2_upright_2,0.0,2305.0499999999993,145.9500000000002,0.0,90.74999999999997,5.746062992125992,1.0,0.0,0.0,38.09999999999991,Entry relative to this part's minimum X/S/N; see STEP for shaped parts; NOT machining approval
wood_beam_top_right,wood_joint_block_top_right_2_beam,926.9499999999998,88.89999999999918,69.84999999999945,36.49409448818897,3.499999999999968,2.7499999999999787,-0.0,-1.0,4.440892098500626e-15,88.89999999999944,Entry relative to this part's minimum X/S/N; see STEP for shaped parts; NOT machining approval
wood_joint_block_top_right_2,wood_joint_block_top_right_2_beam,31.75,88.89999999999964,69.85,1.25,3.499999999999986,2.75,-0.0,-1.0,4.440892098500626e-15,88.90000000000029,Entry relative to this part's minimum X/S/N; see STEP for shaped parts; NOT machining approval
