part,connection,from_min_x_mm,from_min_s_mm,from_min_n_mm,from_min_x_in,from_min_s_in,from_min_n_in,axis_x,axis_s,axis_n,material_run_mm,status
lean_edge_left_upper,analysis_leg_wall_bolt_left_1,38.09999999999991,231.89999999999964,74.07500000000022,1.4999999999999964,9.129921259842506,2.916338582677174,-1.0,0.0,0.0,38.09999999999991,Entry relative to this part's minimum X/S/N; see STEP for shaped parts; NOT machining approval
box_side_left,analysis_leg_wall_bolt_left_1,38.09999999999991,1539.9999999999995,92.07499999999997,1.4999999999999964,60.629921259842504,3.624999999999999,-1.0,0.0,0.0,38.09999999999991,Entry relative to this part's minimum X/S/N; see STEP for shaped parts; NOT machining approval
leg_left_inner,analysis_leg_wall_bolt_left_1,19.050000000000182,860.238727647356,1399.8115513120354,0.7500000000000072,33.867666442809295,55.11069099653683,-1.0,0.0,0.0,19.049999999999955,Entry relative to this part's minimum X/S/N; see STEP for shaped parts; NOT machining approval
leg_left_outer,analysis_leg_wall_bolt_left_1,19.049999999999955,860.238727647356,1399.8115513120354,0.7499999999999982,33.867666442809295,55.11069099653683,-1.0,0.0,0.0,19.049999999999955,Entry relative to this part's minimum X/S/N; see STEP for shaped parts; NOT machining approval
lean_edge_left_upper,analysis_leg_wall_bolt_left_2,38.09999999999991,311.8999999999994,74.07500000000033,1.4999999999999964,12.279527559055095,2.9163385826771786,-1.0,0.0,0.0,38.09999999999991,Entry relative to this part's minimum X/S/N; see STEP for shaped parts; NOT machining approval
box_side_left,analysis_leg_wall_bolt_left_2,38.09999999999991,1619.9999999999993,92.07500000000009,1.4999999999999964,63.7795275590551,3.6250000000000036,-1.0,0.0,0.0,38.09999999999991,Entry relative to this part's minimum X/S/N; see STEP for shaped parts; NOT machining approval
leg_left_inner,analysis_leg_wall_bolt_left_2,19.050000000000182,940.2387276473557,1399.8115513120356,0.7500000000000072,37.01727274202188,55.11069099653684,-1.0,0.0,0.0,19.049999999999955,Entry relative to this part's minimum X/S/N; see STEP for shaped parts; NOT machining approval
leg_left_outer,analysis_leg_wall_bolt_left_2,19.049999999999955,940.2387276473557,1399.8115513120356,0.7499999999999982,37.01727274202188,55.11069099653684,-1.0,0.0,0.0,19.049999999999955,Entry relative to this part's minimum X/S/N; see STEP for shaped parts; NOT machining approval
lean_edge_left_upper,analysis_leg_wall_bolt_left_3,38.09999999999991,431.8999999999994,74.07499999999999,1.4999999999999964,17.003937007873994,2.9163385826771653,-1.0,0.0,0.0,38.09999999999991,Entry relative to this part's minimum X/S/N; see STEP for shaped parts; NOT machining approval
box_side_left,analysis_leg_wall_bolt_left_3,38.09999999999991,1739.9999999999993,92.07499999999975,1.4999999999999964,68.50393700787399,3.6249999999999902,-1.0,0.0,0.0,38.09999999999991,Entry relative to this part's minimum X/S/N; see STEP for shaped parts; NOT machining approval
leg_left_inner,analysis_leg_wall_bolt_left_3,19.050000000000182,1060.2387276473557,1399.8115513120351,0.7500000000000072,41.74168219084078,55.11069099653682,-1.0,0.0,0.0,19.049999999999955,Entry relative to this part's minimum X/S/N; see STEP for shaped parts; NOT machining approval
leg_left_outer,analysis_leg_wall_bolt_left_3,19.049999999999955,1060.2387276473557,1399.8115513120351,0.7499999999999982,41.74168219084078,55.11069099653682,-1.0,0.0,0.0,19.049999999999955,Entry relative to this part's minimum X/S/N; see STEP for shaped parts; NOT machining approval
lean_edge_left_upper,analysis_leg_wall_bolt_left_4,38.09999999999991,511.8999999999994,74.07500000000033,1.4999999999999964,20.153543307086593,2.9163385826771786,-1.0,0.0,0.0,38.09999999999991,Entry relative to this part's minimum X/S/N; see STEP for shaped parts; NOT machining approval
box_side_left,analysis_leg_wall_bolt_left_4,38.09999999999991,1819.9999999999993,92.07500000000009,1.4999999999999964,71.6535433070866,3.6250000000000036,-1.0,0.0,0.0,38.09999999999991,Entry relative to this part's minimum X/S/N; see STEP for shaped parts; NOT machining approval
leg_left_inner,analysis_leg_wall_bolt_left_4,19.050000000000182,1140.2387276473557,1399.8115513120356,0.7500000000000072,44.89128849005338,55.11069099653684,-1.0,0.0,0.0,19.049999999999955,Entry relative to this part's minimum X/S/N; see STEP for shaped parts; NOT machining approval
leg_left_outer,analysis_leg_wall_bolt_left_4,19.049999999999955,1140.2387276473557,1399.8115513120356,0.7499999999999982,44.89128849005338,55.11069099653684,-1.0,0.0,0.0,19.049999999999955,Entry relative to this part's minimum X/S/N; see STEP for shaped parts; NOT machining approval
lean_edge_right_upper,analysis_leg_wall_bolt_right_1,0.0,231.89999999999964,74.07500000000022,0.0,9.129921259842506,2.916338582677174,1.0,0.0,0.0,38.09999999999991,Entry relative to this part's minimum X/S/N; see STEP for shaped parts; NOT machining approval
box_side_right,analysis_leg_wall_bolt_right_1,0.0,1539.9999999999995,92.07499999999997,0.0,60.629921259842504,3.624999999999999,1.0,0.0,0.0,38.09999999999991,Entry relative to this part's minimum X/S/N; see STEP for shaped parts; NOT machining approval
leg_right_inner,analysis_leg_wall_bolt_right_1,0.0,860.238727647356,1399.8115513120354,0.0,33.867666442809295,55.11069099653683,1.0,0.0,0.0,19.049999999999955,Entry relative to this part's minimum X/S/N; see STEP for shaped parts; NOT machining approval
leg_right_outer,analysis_leg_wall_bolt_right_1,2.2737367544323206e-13,860.238727647356,1399.8115513120354,8.951719505639057e-15,33.867666442809295,55.11069099653683,1.0,0.0,0.0,19.049999999999955,Entry relative to this part's minimum X/S/N; see STEP for shaped parts; NOT machining approval
lean_edge_right_upper,analysis_leg_wall_bolt_right_2,0.0,311.8999999999994,74.07500000000033,0.0,12.279527559055095,2.9163385826771786,1.0,0.0,0.0,38.09999999999991,Entry relative to this part's minimum X/S/N; see STEP for shaped parts; NOT machining approval
box_side_right,analysis_leg_wall_bolt_right_2,0.0,1619.9999999999993,92.07500000000009,0.0,63.7795275590551,3.6250000000000036,1.0,0.0,0.0,38.09999999999991,Entry relative to this part's minimum X/S/N; see STEP for shaped parts; NOT machining approval
leg_right_inner,analysis_leg_wall_bolt_right_2,0.0,940.2387276473557,1399.8115513120356,0.0,37.01727274202188,55.11069099653684,1.0,0.0,0.0,19.049999999999955,Entry relative to this part's minimum X/S/N; see STEP for shaped parts; NOT machining approval
leg_right_outer,analysis_leg_wall_bolt_right_2,2.2737367544323206e-13,940.2387276473557,1399.8115513120356,8.951719505639057e-15,37.01727274202188,55.11069099653684,1.0,0.0,0.0,19.049999999999955,Entry relative to this part's minimum X/S/N; see STEP for shaped parts; NOT machining approval
lean_edge_right_upper,analysis_leg_wall_bolt_right_3,0.0,431.8999999999994,74.07499999999999,0.0,17.003937007873994,2.9163385826771653,1.0,0.0,0.0,38.09999999999991,Entry relative to this part's minimum X/S/N; see STEP for shaped parts; NOT machining approval
box_side_right,analysis_leg_wall_bolt_right_3,0.0,1739.9999999999993,92.07499999999975,0.0,68.50393700787399,3.6249999999999902,1.0,0.0,0.0,38.09999999999991,Entry relative to this part's minimum X/S/N; see STEP for shaped parts; NOT machining approval
leg_right_inner,analysis_leg_wall_bolt_right_3,0.0,1060.2387276473557,1399.8115513120351,0.0,41.74168219084078,55.11069099653682,1.0,0.0,0.0,19.049999999999955,Entry relative to this part's minimum X/S/N; see STEP for shaped parts; NOT machining approval
leg_right_outer,analysis_leg_wall_bolt_right_3,2.2737367544323206e-13,1060.2387276473557,1399.8115513120351,8.951719505639057e-15,41.74168219084078,55.11069099653682,1.0,0.0,0.0,19.049999999999955,Entry relative to this part's minimum X/S/N; see STEP for shaped parts; NOT machining approval
lean_edge_right_upper,analysis_leg_wall_bolt_right_4,0.0,511.8999999999994,74.07500000000033,0.0,20.153543307086593,2.9163385826771786,1.0,0.0,0.0,38.09999999999991,Entry relative to this part's minimum X/S/N; see STEP for shaped parts; NOT machining approval
box_side_right,analysis_leg_wall_bolt_right_4,0.0,1819.9999999999993,92.07500000000009,0.0,71.6535433070866,3.6250000000000036,1.0,0.0,0.0,38.09999999999991,Entry relative to this part's minimum X/S/N; see STEP for shaped parts; NOT machining approval
leg_right_inner,analysis_leg_wall_bolt_right_4,0.0,1140.2387276473557,1399.8115513120356,0.0,44.89128849005338,55.11069099653684,1.0,0.0,0.0,19.049999999999955,Entry relative to this part's minimum X/S/N; see STEP for shaped parts; NOT machining approval
leg_right_outer,analysis_leg_wall_bolt_right_4,2.2737367544323206e-13,1140.2387276473557,1399.8115513120356,8.951719505639057e-15,44.89128849005338,55.11069099653684,1.0,0.0,0.0,19.049999999999955,Entry relative to this part's minimum X/S/N; see STEP for shaped parts; NOT machining approval
kicker_left,kicker_left_bottom_0,50.0,30.886002377314952,16.069690242163517,1.968503937007874,1.2159843455635808,0.632664970163918,0.0,-0.6427876096865427,0.766044443118978,18.256249999999998,Entry relative to this part's minimum X/S/N; see STEP for shaped parts; NOT machining approval
kicker_batten_bottom,kicker_left_bottom_0,50.0,43.641319007032166,16.069690242163517,1.968503937007874,1.7181621656311878,0.632664970163918,0.0,-0.6427876096865427,0.766044443118978,32.54375,Entry relative to this part's minimum X/S/N; see STEP for shaped parts; NOT machining approval
kicker_left,kicker_left_top_0,50.0,164.94377992313562,128.55752193730788,1.968503937007874,6.493849603273056,5.061319761311334,0.0,-0.6427876096865427,0.766044443118978,18.256249999999998,Entry relative to this part's minimum X/S/N; see STEP for shaped parts; NOT machining approval
kicker_batten_top,kicker_left_top_0,50.0,43.64131900703169,16.069690242163485,1.968503937007874,1.718162165631169,0.6326649701639168,0.0,-0.6427876096865427,0.766044443118978,32.54375,Entry relative to this part's minimum X/S/N; see STEP for shaped parts; NOT machining approval
kicker_left,kicker_left_bottom_1,428.0666666666666,30.886002377314952,16.069690242163517,16.85301837270341,1.2159843455635808,0.632664970163918,0.0,-0.6427876096865427,0.766044443118978,18.256249999999998,Entry relative to this part's minimum X/S/N; see STEP for shaped parts; NOT machining approval
kicker_batten_bottom,kicker_left_bottom_1,428.0666666666666,43.641319007032166,16.069690242163517,16.85301837270341,1.7181621656311878,0.632664970163918,0.0,-0.6427876096865427,0.766044443118978,32.54375,Entry relative to this part's minimum X/S/N; see STEP for shaped parts; NOT machining approval
kicker_left,kicker_left_top_1,428.0666666666666,164.94377992313562,128.55752193730788,16.85301837270341,6.493849603273056,5.061319761311334,0.0,-0.6427876096865427,0.766044443118978,18.256249999999998,Entry relative to this part's minimum X/S/N; see STEP for shaped parts; NOT machining approval
kicker_batten_top,kicker_left_top_1,428.0666666666666,43.64131900703169,16.069690242163485,16.85301837270341,1.718162165631169,0.6326649701639168,0.0,-0.6427876096865427,0.766044443118978,32.54375,Entry relative to this part's minimum X/S/N; see STEP for shaped parts; NOT machining approval
kicker_left,kicker_left_bottom_2,772.1333333333333,30.886002377314952,16.069690242163517,30.398950131233597,1.2159843455635808,0.632664970163918,0.0,-0.6427876096865427,0.766044443118978,18.256249999999998,Entry relative to this part's minimum X/S/N; see STEP for shaped parts; NOT machining approval
kicker_batten_bottom,kicker_left_bottom_2,772.1333333333333,43.641319007032166,16.069690242163517,30.398950131233597,1.7181621656311878,0.632664970163918,0.0,-0.6427876096865427,0.766044443118978,32.54375,Entry relative to this part's minimum X/S/N; see STEP for shaped parts; NOT machining approval
kicker_left,kicker_left_top_2,772.1333333333333,164.94377992313562,128.55752193730788,30.398950131233597,6.493849603273056,5.061319761311334,0.0,-0.6427876096865427,0.766044443118978,18.256249999999998,Entry relative to this part's minimum X/S/N; see STEP for shaped parts; NOT machining approval
kicker_batten_top,kicker_left_top_2,772.1333333333333,43.64131900703169,16.069690242163485,30.398950131233597,1.718162165631169,0.6326649701639168,0.0,-0.6427876096865427,0.766044443118978,32.54375,Entry relative to this part's minimum X/S/N; see STEP for shaped parts; NOT machining approval
kicker_left,kicker_left_bottom_3,1169.2,30.886002377314952,16.069690242163517,46.03149606299213,1.2159843455635808,0.632664970163918,0.0,-0.6427876096865427,0.766044443118978,18.256249999999998,Entry relative to this part's minimum X/S/N; see STEP for shaped parts; NOT machining approval
kicker_batten_bottom,kicker_left_bottom_3,1169.2,43.641319007032166,16.069690242163517,46.03149606299213,1.7181621656311878,0.632664970163918,0.0,-0.6427876096865427,0.766044443118978,32.54375,Entry relative to this part's minimum X/S/N; see STEP for shaped parts; NOT machining approval
kicker_left,kicker_left_top_3,1169.2,164.94377992313562,128.55752193730788,46.03149606299213,6.493849603273056,5.061319761311334,0.0,-0.6427876096865427,0.766044443118978,18.256249999999998,Entry relative to this part's minimum X/S/N; see STEP for shaped parts; NOT machining approval
kicker_batten_top,kicker_left_top_3,1169.2,43.64131900703169,16.069690242163485,46.03149606299213,1.718162165631169,0.6326649701639168,0.0,-0.6427876096865427,0.766044443118978,32.54375,Entry relative to this part's minimum X/S/N; see STEP for shaped parts; NOT machining approval
kicker_right,kicker_right_bottom_0,50.0,30.886002377314952,16.069690242163517,1.968503937007874,1.2159843455635808,0.632664970163918,0.0,-0.6427876096865427,0.766044443118978,18.256249999999998,Entry relative to this part's minimum X/S/N; see STEP for shaped parts; NOT machining approval
kicker_batten_bottom,kicker_right_bottom_0,1269.2,43.641319007032166,16.069690242163517,49.96850393700788,1.7181621656311878,0.632664970163918,0.0,-0.6427876096865427,0.766044443118978,32.54375,Entry relative to this part's minimum X/S/N; see STEP for shaped parts; NOT machining approval
kicker_right,kicker_right_top_0,50.0,164.94377992313562,128.55752193730788,1.968503937007874,6.493849603273056,5.061319761311334,0.0,-0.6427876096865427,0.766044443118978,18.256249999999998,Entry relative to this part's minimum X/S/N; see STEP for shaped parts; NOT machining approval
kicker_batten_top,kicker_right_top_0,1269.2,43.64131900703169,16.069690242163485,49.96850393700788,1.718162165631169,0.6326649701639168,0.0,-0.6427876096865427,0.766044443118978,32.54375,Entry relative to this part's minimum X/S/N; see STEP for shaped parts; NOT machining approval
kicker_right,kicker_right_bottom_1,423.06666666666666,30.886002377314952,16.069690242163517,16.656167979002625,1.2159843455635808,0.632664970163918,0.0,-0.6427876096865427,0.766044443118978,18.256249999999998,Entry relative to this part's minimum X/S/N; see STEP for shaped parts; NOT machining approval
kicker_batten_bottom,kicker_right_bottom_1,1642.2666666666667,43.641319007032166,16.069690242163517,64.65616797900263,1.7181621656311878,0.632664970163918,0.0,-0.6427876096865427,0.766044443118978,32.54375,Entry relative to this part's minimum X/S/N; see STEP for shaped parts; NOT machining approval
kicker_right,kicker_right_top_1,423.06666666666666,164.94377992313562,128.55752193730788,16.656167979002625,6.493849603273056,5.061319761311334,0.0,-0.6427876096865427,0.766044443118978,18.256249999999998,Entry relative to this part's minimum X/S/N; see STEP for shaped parts; NOT machining approval
kicker_batten_top,kicker_right_top_1,1642.2666666666667,43.64131900703169,16.069690242163485,64.65616797900263,1.718162165631169,0.6326649701639168,0.0,-0.6427876096865427,0.766044443118978,32.54375,Entry relative to this part's minimum X/S/N; see STEP for shaped parts; NOT machining approval
kicker_right,kicker_right_bottom_2,809.1333333333333,30.886002377314952,16.069690242163517,31.855643044619423,1.2159843455635808,0.632664970163918,0.0,-0.6427876096865427,0.766044443118978,18.256249999999998,Entry relative to this part's minimum X/S/N; see STEP for shaped parts; NOT machining approval
kicker_batten_bottom,kicker_right_bottom_2,2028.3333333333335,43.641319007032166,16.069690242163517,79.85564304461943,1.7181621656311878,0.632664970163918,0.0,-0.6427876096865427,0.766044443118978,32.54375,Entry relative to this part's minimum X/S/N; see STEP for shaped parts; NOT machining approval
kicker_right,kicker_right_top_2,809.1333333333333,164.94377992313562,128.55752193730788,31.855643044619423,6.493849603273056,5.061319761311334,0.0,-0.6427876096865427,0.766044443118978,18.256249999999998,Entry relative to this part's minimum X/S/N; see STEP for shaped parts; NOT machining approval
kicker_batten_top,kicker_right_top_2,2028.3333333333335,43.64131900703169,16.069690242163485,79.85564304461943,1.718162165631169,0.6326649701639168,0.0,-0.6427876096865427,0.766044443118978,32.54375,Entry relative to this part's minimum X/S/N; see STEP for shaped parts; NOT machining approval
kicker_right,kicker_right_bottom_3,1169.2,30.886002377314952,16.069690242163517,46.03149606299213,1.2159843455635808,0.632664970163918,0.0,-0.6427876096865427,0.766044443118978,18.256249999999998,Entry relative to this part's minimum X/S/N; see STEP for shaped parts; NOT machining approval
kicker_batten_bottom,kicker_right_bottom_3,2388.4,43.641319007032166,16.069690242163517,94.03149606299213,1.7181621656311878,0.632664970163918,0.0,-0.6427876096865427,0.766044443118978,32.54375,Entry relative to this part's minimum X/S/N; see STEP for shaped parts; NOT machining approval
kicker_right,kicker_right_top_3,1169.2,164.94377992313562,128.55752193730788,46.03149606299213,6.493849603273056,5.061319761311334,0.0,-0.6427876096865427,0.766044443118978,18.256249999999998,Entry relative to this part's minimum X/S/N; see STEP for shaped parts; NOT machining approval
kicker_batten_top,kicker_right_top_3,2388.4,43.64131900703169,16.069690242163485,94.03149606299213,1.718162165631169,0.6326649701639168,0.0,-0.6427876096865427,0.766044443118978,32.54375,Entry relative to this part's minimum X/S/N; see STEP for shaped parts; NOT machining approval
cheek_splice_left_inner,cheek_splice_left_1,19.049999999999955,88.97839601454791,87.16428722535233,0.7499999999999982,3.503086457265666,3.431664851391824,-1.0,0.0,0.0,19.049999999999955,Entry relative to this part's minimum X/S/N; see STEP for shaped parts; NOT machining approval
cheek_splice_left_outer,cheek_splice_left_1,19.049999999999955,88.97839601454791,87.16428722535233,0.7499999999999982,3.503086457265666,3.431664851391824,-1.0,0.0,0.0,19.049999999999955,Entry relative to this part's minimum X/S/N; see STEP for shaped parts; NOT machining approval
kicker_cheek_left,cheek_splice_left_1,38.09999999999991,223.03617356036875,242.62721217947137,1.4999999999999964,8.780951714975147,9.552252448010684,-1.0,0.0,0.0,25.40000000000009,Entry relative to this part's minimum X/S/N; see STEP for shaped parts; NOT machining approval
cheek_splice_left_inner,cheek_splice_left_2,19.049999999999955,103.97839601454777,117.1642872253523,0.7499999999999982,4.093637638368023,4.612767213596547,-1.0,0.0,0.0,19.049999999999955,Entry relative to this part's minimum X/S/N; see STEP for shaped parts; NOT machining approval
cheek_splice_left_outer,cheek_splice_left_2,19.049999999999955,103.97839601454777,117.1642872253523,0.7499999999999982,4.093637638368023,4.612767213596547,-1.0,0.0,0.0,19.049999999999955,Entry relative to this part's minimum X/S/N; see STEP for shaped parts; NOT machining approval
kicker_cheek_left,cheek_splice_left_2,38.09999999999991,238.0361735603686,272.62721217947137,1.4999999999999964,9.371502896077505,10.73335481021541,-1.0,0.0,0.0,25.40000000000009,Entry relative to this part's minimum X/S/N; see STEP for shaped parts; NOT machining approval
cheek_splice_left_inner,cheek_splice_left_3,19.049999999999955,178.978396014548,72.16428722535235,0.7499999999999982,7.046393543879843,2.841113670289463,-1.0,0.0,0.0,19.049999999999955,Entry relative to this part's minimum X/S/N; see STEP for shaped parts; NOT machining approval
cheek_splice_left_outer,cheek_splice_left_3,19.049999999999955,178.978396014548,72.16428722535235,0.7499999999999982,7.046393543879843,2.841113670289463,-1.0,0.0,0.0,19.049999999999955,Entry relative to this part's minimum X/S/N; see STEP for shaped parts; NOT machining approval
box_side_left,cheek_splice_left_3,38.09999999999991,49.99999999999972,82.99999999999996,1.4999999999999964,1.9685039370078632,3.2677165354330695,-1.0,0.0,0.0,25.40000000000009,Entry relative to this part's minimum X/S/N; see STEP for shaped parts; NOT machining approval
cheek_splice_left_inner,cheek_splice_left_4,19.049999999999955,178.97839601454783,112.16428722535235,0.7499999999999982,7.046393543879836,4.415916819895762,-1.0,0.0,0.0,19.049999999999955,Entry relative to this part's minimum X/S/N; see STEP for shaped parts; NOT machining approval
cheek_splice_left_outer,cheek_splice_left_4,19.049999999999955,178.97839601454783,112.16428722535235,0.7499999999999982,7.046393543879836,4.415916819895762,-1.0,0.0,0.0,19.049999999999955,Entry relative to this part's minimum X/S/N; see STEP for shaped parts; NOT machining approval
box_side_left,cheek_splice_left_4,38.09999999999991,49.99999999999954,122.99999999999996,1.4999999999999964,1.9685039370078559,4.842519685039369,-1.0,0.0,0.0,25.40000000000009,Entry relative to this part's minimum X/S/N; see STEP for shaped parts; NOT machining approval
cheek_splice_right_inner,cheek_splice_right_1,0.0,88.97839601454791,87.16428722535233,0.0,3.503086457265666,3.431664851391824,1.0,0.0,0.0,19.049999999999955,Entry relative to this part's minimum X/S/N; see STEP for shaped parts; NOT machining approval
cheek_splice_right_outer,cheek_splice_right_1,2.2737367544323206e-13,88.97839601454791,87.16428722535233,8.951719505639057e-15,3.503086457265666,3.431664851391824,1.0,0.0,0.0,19.049999999999955,Entry relative to this part's minimum X/S/N; see STEP for shaped parts; NOT machining approval
kicker_cheek_right,cheek_splice_right_1,0.0,223.03617356036875,242.62721217947137,0.0,8.780951714975147,9.552252448010684,1.0,0.0,0.0,25.40000000000009,Entry relative to this part's minimum X/S/N; see STEP for shaped parts; NOT machining approval
cheek_splice_right_inner,cheek_splice_right_2,0.0,103.97839601454777,117.1642872253523,0.0,4.093637638368023,4.612767213596547,1.0,0.0,0.0,19.049999999999955,Entry relative to this part's minimum X/S/N; see STEP for shaped parts; NOT machining approval
cheek_splice_right_outer,cheek_splice_right_2,2.2737367544323206e-13,103.97839601454777,117.1642872253523,8.951719505639057e-15,4.093637638368023,4.612767213596547,1.0,0.0,0.0,19.049999999999955,Entry relative to this part's minimum X/S/N; see STEP for shaped parts; NOT machining approval
kicker_cheek_right,cheek_splice_right_2,0.0,238.0361735603686,272.62721217947137,0.0,9.371502896077505,10.73335481021541,1.0,0.0,0.0,25.40000000000009,Entry relative to this part's minimum X/S/N; see STEP for shaped parts; NOT machining approval
cheek_splice_right_inner,cheek_splice_right_3,0.0,178.978396014548,72.16428722535235,0.0,7.046393543879843,2.841113670289463,1.0,0.0,0.0,19.049999999999955,Entry relative to this part's minimum X/S/N; see STEP for shaped parts; NOT machining approval
cheek_splice_right_outer,cheek_splice_right_3,2.2737367544323206e-13,178.978396014548,72.16428722535235,8.951719505639057e-15,7.046393543879843,2.841113670289463,1.0,0.0,0.0,19.049999999999955,Entry relative to this part's minimum X/S/N; see STEP for shaped parts; NOT machining approval
box_side_right,cheek_splice_right_3,0.0,49.99999999999972,82.99999999999996,0.0,1.9685039370078632,3.2677165354330695,1.0,0.0,0.0,25.40000000000009,Entry relative to this part's minimum X/S/N; see STEP for shaped parts; NOT machining approval
cheek_splice_right_inner,cheek_splice_right_4,0.0,178.97839601454783,112.16428722535235,0.0,7.046393543879836,4.415916819895762,1.0,0.0,0.0,19.049999999999955,Entry relative to this part's minimum X/S/N; see STEP for shaped parts; NOT machining approval
cheek_splice_right_outer,cheek_splice_right_4,2.2737367544323206e-13,178.97839601454783,112.16428722535235,8.951719505639057e-15,7.046393543879836,4.415916819895762,1.0,0.0,0.0,19.049999999999955,Entry relative to this part's minimum X/S/N; see STEP for shaped parts; NOT machining approval
box_side_right,cheek_splice_right_4,0.0,49.99999999999954,122.99999999999996,0.0,1.9685039370078559,4.842519685039369,1.0,0.0,0.0,25.40000000000009,Entry relative to this part's minimum X/S/N; see STEP for shaped parts; NOT machining approval
leg_left_inner,leg_stitch_left_1,19.050000000000182,652.5753166609429,1134.6083162332052,0.7500000000000072,25.691941600824524,44.66961874933879,-1.0,0.0,0.0,19.049999999999955,Entry relative to this part's minimum X/S/N; see STEP for shaped parts; NOT machining approval
leg_left_outer,leg_stitch_left_1,19.049999999999955,652.5753166609429,1134.6083162332052,0.7499999999999982,25.691941600824524,44.66961874933879,-1.0,0.0,0.0,19.049999999999955,Entry relative to this part's minimum X/S/N; see STEP for shaped parts; NOT machining approval
leg_left_inner,leg_stitch_left_2,19.050000000000182,431.08020018132333,736.80346361496,0.7500000000000072,16.971661424461548,29.008010378541737,-1.0,0.0,0.0,19.049999999999955,Entry relative to this part's minimum X/S/N; see STEP for shaped parts; NOT machining approval
leg_left_outer,leg_stitch_left_2,19.049999999999955,431.08020018132333,736.80346361496,0.7499999999999982,16.971661424461548,29.008010378541737,-1.0,0.0,0.0,19.049999999999955,Entry relative to this part's minimum X/S/N; see STEP for shaped parts; NOT machining approval
leg_left_inner,leg_stitch_left_3,19.050000000000182,209.58508370170375,338.99861099671443,0.7500000000000072,8.251381248098573,13.346402007744663,-1.0,0.0,0.0,19.049999999999955,Entry relative to this part's minimum X/S/N; see STEP for shaped parts; NOT machining approval
leg_left_outer,leg_stitch_left_3,19.049999999999955,209.58508370170375,338.99861099671443,0.7499999999999982,8.251381248098573,13.346402007744663,-1.0,0.0,0.0,19.049999999999955,Entry relative to this part's minimum X/S/N; see STEP for shaped parts; NOT machining approval
leg_right_inner,leg_stitch_right_1,0.0,652.5753166609429,1134.6083162332052,0.0,25.691941600824524,44.66961874933879,1.0,0.0,0.0,19.049999999999955,Entry relative to this part's minimum X/S/N; see STEP for shaped parts; NOT machining approval
leg_right_outer,leg_stitch_right_1,2.2737367544323206e-13,652.5753166609429,1134.6083162332052,8.951719505639057e-15,25.691941600824524,44.66961874933879,1.0,0.0,0.0,19.049999999999955,Entry relative to this part's minimum X/S/N; see STEP for shaped parts; NOT machining approval
leg_right_inner,leg_stitch_right_2,0.0,431.08020018132333,736.80346361496,0.0,16.971661424461548,29.008010378541737,1.0,0.0,0.0,19.049999999999955,Entry relative to this part's minimum X/S/N; see STEP for shaped parts; NOT machining approval
leg_right_outer,leg_stitch_right_2,2.2737367544323206e-13,431.08020018132333,736.80346361496,8.951719505639057e-15,16.971661424461548,29.008010378541737,1.0,0.0,0.0,19.049999999999955,Entry relative to this part's minimum X/S/N; see STEP for shaped parts; NOT machining approval
leg_right_inner,leg_stitch_right_3,0.0,209.58508370170375,338.99861099671443,0.0,8.251381248098573,13.346402007744663,1.0,0.0,0.0,19.049999999999955,Entry relative to this part's minimum X/S/N; see STEP for shaped parts; NOT machining approval
leg_right_outer,leg_stitch_right_3,2.2737367544323206e-13,209.58508370170375,338.99861099671443,8.951719505639057e-15,8.251381248098573,13.346402007744663,1.0,0.0,0.0,19.049999999999955,Entry relative to this part's minimum X/S/N; see STEP for shaped parts; NOT machining approval
kicker_batten_bottom,wood_kicker_block_face_left_bottom,38.09999999999991,43.641319007032166,16.069690242163517,1.4999999999999964,1.7181621656311878,0.632664970163918,0.0,-0.6427876096865427,0.766044443118978,38.099999999999994,Entry relative to this part's minimum X/S/N; see STEP for shaped parts; NOT machining approval
wood_kicker_block_left_bottom,wood_kicker_block_face_left_bottom,38.09999999999991,39.81109679143714,12.855752193730822,1.4999999999999964,1.567366015410911,0.5061319761311348,0.0,-0.6427876096865427,0.766044443118978,25.400000000000006,Entry relative to this part's minimum X/S/N; see STEP for shaped parts; NOT machining approval
kicker_cheek_left,wood_kicker_block_side_left_bottom,0.0,61.52179606863044,73.63793014255472,0.0,2.4221179554578915,2.8991311079745956,1.0,0.0,0.0,38.09999999999991,Entry relative to this part's minimum X/S/N; see STEP for shaped parts; NOT machining approval
wood_kicker_block_left_bottom,wood_kicker_block_side_left_bottom,0.0,27.565992826908513,27.44889883514736,0.0,1.0852753081460045,1.0806653084703686,1.0,0.0,0.0,25.40000000000009,Entry relative to this part's minimum X/S/N; see STEP for shaped parts; NOT machining approval
kicker_batten_top,wood_kicker_block_face_left_top,76.20000000000005,43.64131900703168,16.069690242163492,3.0000000000000018,1.7181621656311687,0.6326649701639171,0.0,-0.6427876096865427,0.766044443118978,38.099999999999994,Entry relative to this part's minimum X/S/N; see STEP for shaped parts; NOT machining approval
wood_kicker_block_left_top,wood_kicker_block_face_left_top,38.100000000000136,39.811096791436675,12.855752193730801,1.5000000000000056,1.5673660154108928,0.5061319761311339,0.0,-0.6427876096865427,0.766044443118978,25.400000000000006,Entry relative to this part's minimum X/S/N; see STEP for shaped parts; NOT machining approval
kicker_cheek_left,wood_kicker_block_side_left_top,0.0,195.5795736144511,186.1257618376991,0.0,7.699983213167367,7.327785899122012,1.0,0.0,0.0,38.09999999999991,Entry relative to this part's minimum X/S/N; see STEP for shaped parts; NOT machining approval
cheek_splice_left_outer,wood_kicker_block_side_left_top,0.0,61.521796068630266,30.66283688358004,0.0,2.4221179554578844,1.2071983025031514,1.0,0.0,0.0,19.049999999999955,Entry relative to this part's minimum X/S/N; see STEP for shaped parts; NOT machining approval
cheek_splice_left_inner,wood_kicker_block_side_left_top,0.0,61.521796068630266,30.66283688358004,0.0,2.4221179554578844,1.2071983025031514,1.0,0.0,0.0,19.049999999999955,Entry relative to this part's minimum X/S/N; see STEP for shaped parts; NOT machining approval
wood_kicker_block_left_top,wood_kicker_block_side_left_top,0.0,27.56599282690803,27.44889883514734,0.0,1.0852753081459854,1.0806653084703677,1.0,0.0,0.0,25.40000000000009,Entry relative to this part's minimum X/S/N; see STEP for shaped parts; NOT machining approval
kicker_batten_bottom,wood_kicker_block_face_right_bottom,2400.3,43.641319007032166,16.069690242163517,94.50000000000001,1.7181621656311878,0.632664970163918,0.0,-0.6427876096865427,0.766044443118978,38.099999999999994,Entry relative to this part's minimum X/S/N; see STEP for shaped parts; NOT machining approval
wood_kicker_block_right_bottom,wood_kicker_block_face_right_bottom,38.100000000000136,39.81109679143714,12.855752193730822,1.5000000000000056,1.567366015410911,0.5061319761311348,0.0,-0.6427876096865427,0.766044443118978,25.400000000000006,Entry relative to this part's minimum X/S/N; see STEP for shaped parts; NOT machining approval
kicker_cheek_right,wood_kicker_block_side_right_bottom,38.09999999999991,61.52179606863044,73.63793014255472,1.4999999999999964,2.4221179554578915,2.8991311079745956,-1.0,0.0,0.0,38.09999999999991,Entry relative to this part's minimum X/S/N; see STEP for shaped parts; NOT machining approval
wood_kicker_block_right_bottom,wood_kicker_block_side_right_bottom,76.20000000000005,27.565992826908513,27.44889883514736,3.0000000000000018,1.0852753081460045,1.0806653084703686,-1.0,0.0,0.0,25.40000000000009,Entry relative to this part's minimum X/S/N; see STEP for shaped parts; NOT machining approval
kicker_batten_top,wood_kicker_block_face_right_top,2362.2,43.64131900703168,16.069690242163492,93.0,1.7181621656311687,0.6326649701639171,0.0,-0.6427876096865427,0.766044443118978,38.099999999999994,Entry relative to this part's minimum X/S/N; see STEP for shaped parts; NOT machining approval
wood_kicker_block_right_top,wood_kicker_block_face_right_top,38.09999999999991,39.811096791436675,12.855752193730801,1.4999999999999964,1.5673660154108928,0.5061319761311339,0.0,-0.6427876096865427,0.766044443118978,25.400000000000006,Entry relative to this part's minimum X/S/N; see STEP for shaped parts; NOT machining approval
kicker_cheek_right,wood_kicker_block_side_right_top,38.09999999999991,195.5795736144511,186.1257618376991,1.4999999999999964,7.699983213167367,7.327785899122012,-1.0,0.0,0.0,38.09999999999991,Entry relative to this part's minimum X/S/N; see STEP for shaped parts; NOT machining approval
cheek_splice_right_outer,wood_kicker_block_side_right_top,19.050000000000182,61.521796068630266,30.66283688358004,0.7500000000000072,2.4221179554578844,1.2071983025031514,-1.0,0.0,0.0,19.049999999999955,Entry relative to this part's minimum X/S/N; see STEP for shaped parts; NOT machining approval
cheek_splice_right_inner,wood_kicker_block_side_right_top,19.049999999999955,61.521796068630266,30.66283688358004,0.7499999999999982,2.4221179554578844,1.2071983025031514,-1.0,0.0,0.0,19.049999999999955,Entry relative to this part's minimum X/S/N; see STEP for shaped parts; NOT machining approval
wood_kicker_block_right_top,wood_kicker_block_side_right_top,76.20000000000005,27.56599282690803,27.44889883514734,3.0000000000000018,1.0852753081459854,1.0806653084703677,-1.0,0.0,0.0,25.40000000000009,Entry relative to this part's minimum X/S/N; see STEP for shaped parts; NOT machining approval
wood_rail_lower,easy_lower_corner_front_left,63.5,24.049999999999958,-2.842170943040401e-14,2.5,0.9468503937007858,-1.1189649382048822e-15,0.0,-4.440892098500626e-15,0.9999999999999999,38.10000000000003,Entry relative to this part's minimum X/S/N; see STEP for shaped parts; NOT machining approval
easy_lower_corner_left,easy_lower_corner_front_left,25.40000000000009,19.04999999999987,3.552713678800501e-14,1.0000000000000036,0.7499999999999949,1.3987061727561028e-15,0.0,-4.440892098500626e-15,0.9999999999999999,25.39999999999999,Entry relative to this part's minimum X/S/N; see STEP for shaped parts; NOT machining approval
box_side_left,easy_lower_corner_side_left,0.0,70.84999999999972,75.14999999999993,0.0,2.7893700787401468,2.958661417322832,1.0,0.0,0.0,38.09999999999991,Entry relative to this part's minimum X/S/N; see STEP for shaped parts; NOT machining approval
cheek_splice_left_outer,easy_lower_corner_side_left,0.0,199.828396014548,64.31428722535233,0.0,7.867259685612126,2.5320585521792256,1.0,0.0,0.0,19.049999999999955,Entry relative to this part's minimum X/S/N; see STEP for shaped parts; NOT machining approval
cheek_splice_left_inner,easy_lower_corner_side_left,0.0,199.828396014548,64.31428722535233,0.0,7.867259685612126,2.5320585521792256,1.0,0.0,0.0,19.049999999999955,Entry relative to this part's minimum X/S/N; see STEP for shaped parts; NOT machining approval
easy_lower_corner_left,easy_lower_corner_side_left,0.0,65.8499999999998,19.050000000000033,0.0,2.5925196850393624,0.7500000000000013,1.0,0.0,0.0,25.40000000000009,Entry relative to this part's minimum X/S/N; see STEP for shaped parts; NOT machining approval
wood_rail_lower,easy_lower_corner_front_right,2374.9,24.049999999999958,-2.842170943040401e-14,93.50000000000001,0.9468503937007858,-1.1189649382048822e-15,0.0,-4.440892098500626e-15,0.9999999999999999,38.10000000000003,Entry relative to this part's minimum X/S/N; see STEP for shaped parts; NOT machining approval
easy_lower_corner_right,easy_lower_corner_front_right,63.5,19.04999999999987,3.552713678800501e-14,2.5,0.7499999999999949,1.3987061727561028e-15,0.0,-4.440892098500626e-15,0.9999999999999999,25.39999999999999,Entry relative to this part's minimum X/S/N; see STEP for shaped parts; NOT machining approval
box_side_right,easy_lower_corner_side_right,38.09999999999991,70.84999999999972,75.14999999999993,1.4999999999999964,2.7893700787401468,2.958661417322832,-1.0,0.0,0.0,38.09999999999991,Entry relative to this part's minimum X/S/N; see STEP for shaped parts; NOT machining approval
cheek_splice_right_outer,easy_lower_corner_side_right,19.050000000000182,199.828396014548,64.31428722535233,0.7500000000000072,7.867259685612126,2.5320585521792256,-1.0,0.0,0.0,19.049999999999955,Entry relative to this part's minimum X/S/N; see STEP for shaped parts; NOT machining approval
cheek_splice_right_inner,easy_lower_corner_side_right,19.049999999999955,199.828396014548,64.31428722535233,0.7499999999999982,7.867259685612126,2.5320585521792256,-1.0,0.0,0.0,19.049999999999955,Entry relative to this part's minimum X/S/N; see STEP for shaped parts; NOT machining approval
easy_lower_corner_right,easy_lower_corner_side_right,88.90000000000009,65.8499999999998,19.050000000000033,3.500000000000004,2.5925196850393624,0.7500000000000013,-1.0,0.0,0.0,25.40000000000009,Entry relative to this part's minimum X/S/N; see STEP for shaped parts; NOT machining approval
main_lower_left,lean_panel_lower_left_1,19.049999999999955,19.049999999999997,-8.526512829121202e-14,0.7499999999999982,0.7499999999999999,-3.356894814614647e-15,0.0,-4.440892098500626e-15,0.9999999999999999,18.256250000000087,Entry relative to this part's minimum X/S/N; see STEP for shaped parts; NOT machining approval
wood_rail_lower,lean_panel_lower_left_1,19.049999999999955,19.04999999999996,1.7763568394002505e-14,0.7499999999999982,0.7499999999999986,6.993530863780514e-16,0.0,-4.440892098500626e-15,0.9999999999999999,32.54374999999995,Entry relative to this part's minimum X/S/N; see STEP for shaped parts; NOT machining approval
main_lower_left,lean_panel_lower_left_2,400.04999999999995,19.049999999999997,-8.526512829121202e-14,15.749999999999998,0.7499999999999999,-3.356894814614647e-15,0.0,-4.440892098500626e-15,0.9999999999999999,18.256250000000087,Entry relative to this part's minimum X/S/N; see STEP for shaped parts; NOT machining approval
wood_rail_lower,lean_panel_lower_left_2,400.04999999999995,19.04999999999996,1.7763568394002505e-14,15.749999999999998,0.7499999999999986,6.993530863780514e-16,0.0,-4.440892098500626e-15,0.9999999999999999,32.54374999999995,Entry relative to this part's minimum X/S/N; see STEP for shaped parts; NOT machining approval
main_lower_left,lean_panel_lower_left_3,781.05,19.049999999999997,-8.526512829121202e-14,30.75,0.7499999999999999,-3.356894814614647e-15,0.0,-4.440892098500626e-15,0.9999999999999999,18.256250000000087,Entry relative to this part's minimum X/S/N; see STEP for shaped parts; NOT machining approval
wood_rail_lower,lean_panel_lower_left_3,781.05,19.04999999999996,1.7763568394002505e-14,30.75,0.7499999999999986,6.993530863780514e-16,0.0,-4.440892098500626e-15,0.9999999999999999,32.54374999999995,Entry relative to this part's minimum X/S/N; see STEP for shaped parts; NOT machining approval
main_lower_left,lean_panel_lower_left_4,1162.05,19.049999999999997,-8.526512829121202e-14,45.75,0.7499999999999999,-3.356894814614647e-15,0.0,-4.440892098500626e-15,0.9999999999999999,18.256250000000087,Entry relative to this part's minimum X/S/N; see STEP for shaped parts; NOT machining approval
wood_rail_lower,lean_panel_lower_left_4,1162.05,19.04999999999996,1.7763568394002505e-14,45.75,0.7499999999999986,6.993530863780514e-16,0.0,-4.440892098500626e-15,0.9999999999999999,32.54374999999995,Entry relative to this part's minimum X/S/N; see STEP for shaped parts; NOT machining approval
main_lower_left,lean_panel_lower_left_5,19.049999999999955,1200.15,1.4210854715202004e-14,0.7499999999999982,47.25000000000001,5.594824691024411e-16,0.0,-4.440892098500626e-15,0.9999999999999999,18.256249999999923,Entry relative to this part's minimum X/S/N; see STEP for shaped parts; NOT machining approval
lean_beam_mid_lower_left,lean_panel_lower_left_5,19.049999999999955,19.05000000000041,-5.684341886080802e-14,0.7499999999999982,0.7500000000000162,-2.2379298764097643e-15,0.0,-4.440892098500626e-15,0.9999999999999999,32.54375000000003,Entry relative to this part's minimum X/S/N; see STEP for shaped parts; NOT machining approval
main_lower_left,lean_panel_lower_left_6,420.04999999999995,1200.15,1.4210854715202004e-14,16.537401574803148,47.25000000000001,5.594824691024411e-16,0.0,-4.440892098500626e-15,0.9999999999999999,18.256249999999923,Entry relative to this part's minimum X/S/N; see STEP for shaped parts; NOT machining approval
lean_beam_mid_lower_left,lean_panel_lower_left_6,420.04999999999995,19.05000000000041,-5.684341886080802e-14,16.537401574803148,0.7500000000000162,-2.2379298764097643e-15,0.0,-4.440892098500626e-15,0.9999999999999999,32.54375000000003,Entry relative to this part's minimum X/S/N; see STEP for shaped parts; NOT machining approval
main_lower_left,lean_panel_lower_left_7,780.05,1200.15,1.4210854715202004e-14,30.71062992125984,47.25000000000001,5.594824691024411e-16,0.0,-4.440892098500626e-15,0.9999999999999999,18.256249999999923,Entry relative to this part's minimum X/S/N; see STEP for shaped parts; NOT machining approval
lean_beam_mid_lower_left,lean_panel_lower_left_7,780.05,19.05000000000041,-5.684341886080802e-14,30.71062992125984,0.7500000000000162,-2.2379298764097643e-15,0.0,-4.440892098500626e-15,0.9999999999999999,32.54375000000003,Entry relative to this part's minimum X/S/N; see STEP for shaped parts; NOT machining approval
main_lower_left,lean_panel_lower_left_8,1162.05,1200.15,1.4210854715202004e-14,45.75,47.25000000000001,5.594824691024411e-16,0.0,-4.440892098500626e-15,0.9999999999999999,18.256249999999923,Entry relative to this part's minimum X/S/N; see STEP for shaped parts; NOT machining approval
lean_principal_left,lean_panel_lower_left_8,19.049999999999955,1060.4500000000003,1.1404995873135595e-13,0.7499999999999982,41.750000000000014,4.490155855565195e-15,0.0,-4.440892098500626e-15,0.9999999999999999,32.54375000000003,Entry relative to this part's minimum X/S/N; see STEP for shaped parts; NOT machining approval
main_lower_left,lean_panel_lower_left_9,19.049999999999955,412.75000000000006,-4.263256414560601e-14,0.7499999999999982,16.250000000000004,-1.6784474073073234e-15,0.0,-4.440892098500626e-15,0.9999999999999999,18.256250000000037,Entry relative to this part's minimum X/S/N; see STEP for shaped parts; NOT machining approval
lean_edge_left_lower,lean_panel_lower_left_9,19.049999999999955,222.25000000000006,8.526512829121202e-14,0.7499999999999982,8.750000000000004,3.356894814614647e-15,0.0,-4.440892098500626e-15,0.9999999999999999,32.54375,Entry relative to this part's minimum X/S/N; see STEP for shaped parts; NOT machining approval
main_lower_left,lean_panel_lower_left_10,19.049999999999955,806.45,-4.263256414560601e-14,0.7499999999999982,31.750000000000004,-1.6784474073073234e-15,0.0,-4.440892098500626e-15,0.9999999999999999,18.256250000000037,Entry relative to this part's minimum X/S/N; see STEP for shaped parts; NOT machining approval
lean_edge_left_lower,lean_panel_lower_left_10,19.049999999999955,615.95,5.684341886080802e-14,0.7499999999999982,24.250000000000004,2.2379298764097643e-15,0.0,-4.440892098500626e-15,0.9999999999999999,32.54375,Entry relative to this part's minimum X/S/N; see STEP for shaped parts; NOT machining approval
main_lower_left,lean_panel_lower_left_11,1162.05,412.75000000000006,-4.263256414560601e-14,45.75,16.250000000000004,-1.6784474073073234e-15,0.0,-4.440892098500626e-15,0.9999999999999999,18.256250000000037,Entry relative to this part's minimum X/S/N; see STEP for shaped parts; NOT machining approval
lean_principal_left,lean_panel_lower_left_11,19.050000000000047,273.05000000000024,1.4247166816175996e-13,0.7500000000000019,10.75000000000001,5.609120793770077e-15,0.0,-4.440892098500626e-15,0.9999999999999999,32.54375,Entry relative to this part's minimum X/S/N; see STEP for shaped parts; NOT machining approval
main_lower_left,lean_panel_lower_left_12,1162.05,806.45,-4.263256414560601e-14,45.75,31.750000000000004,-1.6784474073073234e-15,0.0,-4.440892098500626e-15,0.9999999999999999,18.256250000000037,Entry relative to this part's minimum X/S/N; see STEP for shaped parts; NOT machining approval
lean_principal_left,lean_panel_lower_left_12,19.050000000000047,666.7500000000002,1.1404995873135595e-13,0.7500000000000019,26.25000000000001,4.490155855565195e-15,0.0,-4.440892098500626e-15,0.9999999999999999,32.54375,Entry relative to this part's minimum X/S/N; see STEP for shaped parts; NOT machining approval
main_lower_right,lean_panel_lower_right_1,19.05,19.049999999999997,-8.526512829121202e-14,0.7500000000000001,0.7499999999999999,-3.356894814614647e-15,0.0,-4.440892098500626e-15,0.9999999999999999,18.256250000000087,Entry relative to this part's minimum X/S/N; see STEP for shaped parts; NOT machining approval
wood_rail_lower,lean_panel_lower_right_1,1238.25,19.049999999999958,2.3092638912203256e-14,48.75,0.7499999999999984,9.091590122914667e-16,0.0,-4.440892098500626e-15,0.9999999999999999,32.543749999999946,Entry relative to this part's minimum X/S/N; see STEP for shaped parts; NOT machining approval
main_lower_right,lean_panel_lower_right_2,412.75000000000006,19.049999999999997,-8.526512829121202e-14,16.250000000000004,0.7499999999999999,-3.356894814614647e-15,0.0,-4.440892098500626e-15,0.9999999999999999,18.256250000000087,Entry relative to this part's minimum X/S/N; see STEP for shaped parts; NOT machining approval
wood_rail_lower,lean_panel_lower_right_2,1631.95,19.049999999999958,2.3092638912203256e-14,64.25,0.7499999999999984,9.091590122914667e-16,0.0,-4.440892098500626e-15,0.9999999999999999,32.543749999999946,Entry relative to this part's minimum X/S/N; see STEP for shaped parts; NOT machining approval
main_lower_right,lean_panel_lower_right_3,806.45,19.049999999999997,-8.526512829121202e-14,31.750000000000004,0.7499999999999999,-3.356894814614647e-15,0.0,-4.440892098500626e-15,0.9999999999999999,18.256250000000087,Entry relative to this part's minimum X/S/N; see STEP for shaped parts; NOT machining approval
wood_rail_lower,lean_panel_lower_right_3,2025.65,19.04999999999996,1.7763568394002505e-14,79.75000000000001,0.7499999999999986,6.993530863780514e-16,0.0,-4.440892098500626e-15,0.9999999999999999,32.54374999999995,Entry relative to this part's minimum X/S/N; see STEP for shaped parts; NOT machining approval
main_lower_right,lean_panel_lower_right_4,1200.15,19.049999999999997,-8.526512829121202e-14,47.25000000000001,0.7499999999999999,-3.356894814614647e-15,0.0,-4.440892098500626e-15,0.9999999999999999,18.256250000000087,Entry relative to this part's minimum X/S/N; see STEP for shaped parts; NOT machining approval
wood_rail_lower,lean_panel_lower_right_4,2419.3500000000004,19.049999999999958,2.3092638912203256e-14,95.25000000000001,0.7499999999999984,9.091590122914667e-16,0.0,-4.440892098500626e-15,0.9999999999999999,32.543749999999946,Entry relative to this part's minimum X/S/N; see STEP for shaped parts; NOT machining approval
main_lower_right,lean_panel_lower_right_5,19.05,1200.15,1.4210854715202004e-14,0.7500000000000001,47.25000000000001,5.594824691024411e-16,0.0,-4.440892098500626e-15,0.9999999999999999,18.256249999999923,Entry relative to this part's minimum X/S/N; see STEP for shaped parts; NOT machining approval
lean_principal_right,lean_panel_lower_right_5,19.05000000005303,1060.4500000000003,1.1612932837579137e-13,0.7500000000020878,41.750000000000014,4.572020802196511e-15,0.0,-4.440892098500626e-15,0.9999999999999999,32.54375000000003,Entry relative to this part's minimum X/S/N; see STEP for shaped parts; NOT machining approval
main_lower_right,lean_panel_lower_right_6,412.75000000000006,1200.15,1.4210854715202004e-14,16.250000000000004,47.25000000000001,5.594824691024411e-16,0.0,-4.440892098500626e-15,0.9999999999999999,18.256249999999923,Entry relative to this part's minimum X/S/N; see STEP for shaped parts; NOT machining approval
lean_beam_mid_lower_right,lean_panel_lower_right_6,374.65000000000015,19.05000000000041,-5.684341886080802e-14,14.750000000000007,0.7500000000000162,-2.2379298764097643e-15,0.0,-4.440892098500626e-15,0.9999999999999999,32.54375000000003,Entry relative to this part's minimum X/S/N; see STEP for shaped parts; NOT machining approval
main_lower_right,lean_panel_lower_right_7,806.45,1200.15,1.4210854715202004e-14,31.750000000000004,47.25000000000001,5.594824691024411e-16,0.0,-4.440892098500626e-15,0.9999999999999999,18.256249999999923,Entry relative to this part's minimum X/S/N; see STEP for shaped parts; NOT machining approval
lean_beam_mid_lower_right,lean_panel_lower_right_7,768.3500000000001,19.05000000000041,-5.684341886080802e-14,30.250000000000007,0.7500000000000162,-2.2379298764097643e-15,0.0,-4.440892098500626e-15,0.9999999999999999,32.54375000000003,Entry relative to this part's minimum X/S/N; see STEP for shaped parts; NOT machining approval
main_lower_right,lean_panel_lower_right_8,1200.15,1200.15,1.4210854715202004e-14,47.25000000000001,47.25000000000001,5.594824691024411e-16,0.0,-4.440892098500626e-15,0.9999999999999999,18.256249999999923,Entry relative to this part's minimum X/S/N; see STEP for shaped parts; NOT machining approval
lean_beam_mid_lower_right,lean_panel_lower_right_8,1162.0500000000002,19.05000000000041,-5.684341886080802e-14,45.75000000000001,0.7500000000000162,-2.2379298764097643e-15,0.0,-4.440892098500626e-15,0.9999999999999999,32.54375000000003,Entry relative to this part's minimum X/S/N; see STEP for shaped parts; NOT machining approval
main_lower_right,lean_panel_lower_right_9,19.05,412.75000000000006,-4.263256414560601e-14,0.7500000000000001,16.250000000000004,-1.6784474073073234e-15,0.0,-4.440892098500626e-15,0.9999999999999999,18.256250000000037,Entry relative to this part's minimum X/S/N; see STEP for shaped parts; NOT machining approval
lean_principal_right,lean_panel_lower_right_9,19.05000000005303,273.05000000000024,1.4455103780619538e-13,0.7500000000020878,10.75000000000001,5.6909857404013935e-15,0.0,-4.440892098500626e-15,0.9999999999999999,32.54375,Entry relative to this part's minimum X/S/N; see STEP for shaped parts; NOT machining approval
main_lower_right,lean_panel_lower_right_10,19.05,806.45,-4.263256414560601e-14,0.7500000000000001,31.750000000000004,-1.6784474073073234e-15,0.0,-4.440892098500626e-15,0.9999999999999999,18.256250000000037,Entry relative to this part's minimum X/S/N; see STEP for shaped parts; NOT machining approval
lean_principal_right,lean_panel_lower_right_10,19.05000000005303,666.7500000000002,1.1612932837579137e-13,0.7500000000020878,26.25000000000001,4.572020802196511e-15,0.0,-4.440892098500626e-15,0.9999999999999999,32.54375,Entry relative to this part's minimum X/S/N; see STEP for shaped parts; NOT machining approval
main_lower_right,lean_panel_lower_right_11,1200.15,412.75000000000006,-4.263256414560601e-14,47.25000000000001,16.250000000000004,-1.6784474073073234e-15,0.0,-4.440892098500626e-15,0.9999999999999999,18.256250000000037,Entry relative to this part's minimum X/S/N; see STEP for shaped parts; NOT machining approval
lean_edge_right_lower,lean_panel_lower_right_11,19.049999999999955,222.25000000000006,8.526512829121202e-14,0.7499999999999982,8.750000000000004,3.356894814614647e-15,0.0,-4.440892098500626e-15,0.9999999999999999,32.54375,Entry relative to this part's minimum X/S/N; see STEP for shaped parts; NOT machining approval
main_lower_right,lean_panel_lower_right_12,1200.15,806.45,-4.263256414560601e-14,47.25000000000001,31.750000000000004,-1.6784474073073234e-15,0.0,-4.440892098500626e-15,0.9999999999999999,18.256250000000037,Entry relative to this part's minimum X/S/N; see STEP for shaped parts; NOT machining approval
lean_edge_right_lower,lean_panel_lower_right_12,19.049999999999955,615.95,5.684341886080802e-14,0.7499999999999982,24.250000000000004,2.2379298764097643e-15,0.0,-4.440892098500626e-15,0.9999999999999999,32.54375,Entry relative to this part's minimum X/S/N; see STEP for shaped parts; NOT machining approval
main_upper_left,lean_panel_upper_left_1,19.049999999999955,19.049999999999727,1.1368683772161603e-13,0.7499999999999982,0.7499999999999893,4.475859752819529e-15,0.0,-4.440892098500626e-15,0.9999999999999999,18.256250000000154,Entry relative to this part's minimum X/S/N; see STEP for shaped parts; NOT machining approval
lean_beam_mid_upper_left,lean_panel_upper_left_1,19.049999999999955,19.050000000000182,-1.1368683772161603e-13,0.7499999999999982,0.7500000000000072,-4.475859752819529e-15,0.0,-4.440892098500626e-15,0.9999999999999999,32.54375000000003,Entry relative to this part's minimum X/S/N; see STEP for shaped parts; NOT machining approval
main_upper_left,lean_panel_upper_left_2,400.04999999999995,19.049999999999727,1.1368683772161603e-13,15.749999999999998,0.7499999999999893,4.475859752819529e-15,0.0,-4.440892098500626e-15,0.9999999999999999,18.256250000000154,Entry relative to this part's minimum X/S/N; see STEP for shaped parts; NOT machining approval
lean_beam_mid_upper_left,lean_panel_upper_left_2,400.04999999999995,19.050000000000182,-1.1368683772161603e-13,15.749999999999998,0.7500000000000072,-4.475859752819529e-15,0.0,-4.440892098500626e-15,0.9999999999999999,32.54375000000003,Entry relative to this part's minimum X/S/N; see STEP for shaped parts; NOT machining approval
main_upper_left,lean_panel_upper_left_3,781.05,19.049999999999727,1.1368683772161603e-13,30.75,0.7499999999999893,4.475859752819529e-15,0.0,-4.440892098500626e-15,0.9999999999999999,18.256250000000154,Entry relative to this part's minimum X/S/N; see STEP for shaped parts; NOT machining approval
lean_beam_mid_upper_left,lean_panel_upper_left_3,781.05,19.050000000000182,-1.1368683772161603e-13,30.75,0.7500000000000072,-4.475859752819529e-15,0.0,-4.440892098500626e-15,0.9999999999999999,32.54375000000003,Entry relative to this part's minimum X/S/N; see STEP for shaped parts; NOT machining approval
main_upper_left,lean_panel_upper_left_4,1162.05,19.049999999999727,1.1368683772161603e-13,45.75,0.7499999999999893,4.475859752819529e-15,0.0,-4.440892098500626e-15,0.9999999999999999,18.256250000000154,Entry relative to this part's minimum X/S/N; see STEP for shaped parts; NOT machining approval
lean_principal_left,lean_panel_upper_left_4,19.049999999999955,1098.5500000000002,3.6312100973991817e-16,0.7499999999999982,43.25000000000001,1.429610274566607e-17,0.0,-4.440892098500626e-15,0.9999999999999999,32.54375000000012,Entry relative to this part's minimum X/S/N; see STEP for shaped parts; NOT machining approval
main_upper_left,lean_panel_upper_left_5,19.049999999999955,1200.1499999999996,-2.2737367544323206e-13,0.7499999999999982,47.249999999999986,-8.951719505639057e-15,0.0,-4.440892098500626e-15,0.9999999999999999,18.25625000000039,Entry relative to this part's minimum X/S/N; see STEP for shaped parts; NOT machining approval
lean_beam_top_full,lean_panel_upper_left_5,19.049999999999955,19.049999999999272,-6.821210263296962e-13,0.7499999999999982,0.7499999999999714,-2.6855158516917175e-14,0.0,-4.440892098500626e-15,0.9999999999999999,32.543749999999775,Entry relative to this part's minimum X/S/N; see STEP for shaped parts; NOT machining approval
main_upper_left,lean_panel_upper_left_6,400.04999999999995,1200.1499999999996,-2.2737367544323206e-13,15.749999999999998,47.249999999999986,-8.951719505639057e-15,0.0,-4.440892098500626e-15,0.9999999999999999,18.25625000000039,Entry relative to this part's minimum X/S/N; see STEP for shaped parts; NOT machining approval
lean_beam_top_full,lean_panel_upper_left_6,400.04999999999995,19.049999999999272,-6.821210263296962e-13,15.749999999999998,0.7499999999999714,-2.6855158516917175e-14,0.0,-4.440892098500626e-15,0.9999999999999999,32.543749999999775,Entry relative to this part's minimum X/S/N; see STEP for shaped parts; NOT machining approval
main_upper_left,lean_panel_upper_left_7,781.05,1200.1499999999996,-2.2737367544323206e-13,30.75,47.249999999999986,-8.951719505639057e-15,0.0,-4.440892098500626e-15,0.9999999999999999,18.25625000000039,Entry relative to this part's minimum X/S/N; see STEP for shaped parts; NOT machining approval
lean_beam_top_full,lean_panel_upper_left_7,781.05,19.049999999999272,-6.821210263296962e-13,30.75,0.7499999999999714,-2.6855158516917175e-14,0.0,-4.440892098500626e-15,0.9999999999999999,32.543749999999775,Entry relative to this part's minimum X/S/N; see STEP for shaped parts; NOT machining approval
main_upper_left,lean_panel_upper_left_8,1162.05,1200.1499999999996,-2.2737367544323206e-13,45.75,47.249999999999986,-8.951719505639057e-15,0.0,-4.440892098500626e-15,0.9999999999999999,18.25625000000039,Entry relative to this part's minimum X/S/N; see STEP for shaped parts; NOT machining approval
lean_beam_top_full,lean_panel_upper_left_8,1162.05,19.049999999999272,-6.821210263296962e-13,45.75,0.7499999999999714,-2.6855158516917175e-14,0.0,-4.440892098500626e-15,0.9999999999999999,32.543749999999775,Entry relative to this part's minimum X/S/N; see STEP for shaped parts; NOT machining approval
main_upper_left,lean_panel_upper_left_9,19.049999999999955,412.7499999999998,1.1368683772161603e-13,0.7499999999999982,16.249999999999993,4.475859752819529e-15,0.0,-4.440892098500626e-15,0.9999999999999999,18.256250000000154,Entry relative to this part's minimum X/S/N; see STEP for shaped parts; NOT machining approval
lean_edge_left_upper,lean_panel_upper_left_9,19.049999999999955,323.85000000000014,5.684341886080802e-14,0.7499999999999982,12.750000000000005,2.2379298764097643e-15,0.0,-4.440892098500626e-15,0.9999999999999999,32.54375000000012,Entry relative to this part's minimum X/S/N; see STEP for shaped parts; NOT machining approval
main_upper_left,lean_panel_upper_left_10,19.049999999999955,806.4499999999998,0.0,0.7499999999999982,31.749999999999993,0.0,0.0,-4.440892098500626e-15,0.9999999999999999,18.256250000000243,Entry relative to this part's minimum X/S/N; see STEP for shaped parts; NOT machining approval
lean_edge_left_upper,lean_panel_upper_left_10,19.049999999999955,717.55,2.8421709430404007e-13,0.7499999999999982,28.25,1.1189649382048822e-14,0.0,-4.440892098500626e-15,0.9999999999999999,32.543749999999946,Entry relative to this part's minimum X/S/N; see STEP for shaped parts; NOT machining approval
main_upper_left,lean_panel_upper_left_11,1162.05,412.7499999999998,1.1368683772161603e-13,45.75,16.249999999999993,4.475859752819529e-15,0.0,-4.440892098500626e-15,0.9999999999999999,18.256250000000154,Entry relative to this part's minimum X/S/N; see STEP for shaped parts; NOT machining approval
lean_principal_left,lean_panel_upper_left_11,19.050000000000047,1492.25,2.2773679645297195e-13,0.7500000000000019,58.75,8.966015608384723e-15,0.0,-4.440892098500626e-15,0.9999999999999999,32.54375000000003,Entry relative to this part's minimum X/S/N; see STEP for shaped parts; NOT machining approval
main_upper_left,lean_panel_upper_left_12,1162.05,806.4499999999998,0.0,45.75,31.749999999999993,0.0,0.0,-4.440892098500626e-15,0.9999999999999999,18.256250000000243,Entry relative to this part's minimum X/S/N; see STEP for shaped parts; NOT machining approval
lean_principal_left,lean_panel_upper_left_12,19.050000000000047,1885.9500000000003,3.41423634174588e-13,0.7500000000000019,74.25000000000001,1.3441875361204252e-14,0.0,-4.440892098500626e-15,0.9999999999999999,32.543749999999804,Entry relative to this part's minimum X/S/N; see STEP for shaped parts; NOT machining approval
main_upper_right,lean_panel_upper_right_1,19.05,19.049999999999727,1.1368683772161603e-13,0.7500000000000001,0.7499999999999893,4.475859752819529e-15,0.0,-4.440892098500626e-15,0.9999999999999999,18.256250000000154,Entry relative to this part's minimum X/S/N; see STEP for shaped parts; NOT machining approval
lean_principal_right,lean_panel_upper_right_1,19.05000000005303,1098.5500000000002,2.4424906541753444e-15,0.7500000000020878,43.25000000000001,9.616104937698206e-17,0.0,-4.440892098500626e-15,0.9999999999999999,32.54375000000012,Entry relative to this part's minimum X/S/N; see STEP for shaped parts; NOT machining approval
main_upper_right,lean_panel_upper_right_2,412.75000000000006,19.049999999999727,1.1368683772161603e-13,16.250000000000004,0.7499999999999893,4.475859752819529e-15,0.0,-4.440892098500626e-15,0.9999999999999999,18.256250000000154,Entry relative to this part's minimum X/S/N; see STEP for shaped parts; NOT machining approval
lean_beam_mid_upper_right,lean_panel_upper_right_2,374.65000000000015,19.050000000000182,-1.1368683772161603e-13,14.750000000000007,0.7500000000000072,-4.475859752819529e-15,0.0,-4.440892098500626e-15,0.9999999999999999,32.54375000000003,Entry relative to this part's minimum X/S/N; see STEP for shaped parts; NOT machining approval
main_upper_right,lean_panel_upper_right_3,806.45,19.049999999999727,1.1368683772161603e-13,31.750000000000004,0.7499999999999893,4.475859752819529e-15,0.0,-4.440892098500626e-15,0.9999999999999999,18.256250000000154,Entry relative to this part's minimum X/S/N; see STEP for shaped parts; NOT machining approval
lean_beam_mid_upper_right,lean_panel_upper_right_3,768.3500000000001,19.050000000000182,-1.1368683772161603e-13,30.250000000000007,0.7500000000000072,-4.475859752819529e-15,0.0,-4.440892098500626e-15,0.9999999999999999,32.54375000000003,Entry relative to this part's minimum X/S/N; see STEP for shaped parts; NOT machining approval
main_upper_right,lean_panel_upper_right_4,1200.15,19.049999999999727,1.1368683772161603e-13,47.25000000000001,0.7499999999999893,4.475859752819529e-15,0.0,-4.440892098500626e-15,0.9999999999999999,18.256250000000154,Entry relative to this part's minimum X/S/N; see STEP for shaped parts; NOT machining approval
lean_beam_mid_upper_right,lean_panel_upper_right_4,1162.0500000000002,19.050000000000182,-1.1368683772161603e-13,45.75000000000001,0.7500000000000072,-4.475859752819529e-15,0.0,-4.440892098500626e-15,0.9999999999999999,32.54375000000003,Entry relative to this part's minimum X/S/N; see STEP for shaped parts; NOT machining approval
main_upper_right,lean_panel_upper_right_5,19.05,1200.1499999999996,-2.2737367544323206e-13,0.7500000000000001,47.249999999999986,-8.951719505639057e-15,0.0,-4.440892098500626e-15,0.9999999999999999,18.25625000000039,Entry relative to this part's minimum X/S/N; see STEP for shaped parts; NOT machining approval
lean_beam_top_full,lean_panel_upper_right_5,1238.25,19.049999999999272,-6.821210263296962e-13,48.75,0.7499999999999714,-2.6855158516917175e-14,0.0,-4.440892098500626e-15,0.9999999999999999,32.543749999999775,Entry relative to this part's minimum X/S/N; see STEP for shaped parts; NOT machining approval
main_upper_right,lean_panel_upper_right_6,412.75000000000006,1200.1499999999996,-2.2737367544323206e-13,16.250000000000004,47.249999999999986,-8.951719505639057e-15,0.0,-4.440892098500626e-15,0.9999999999999999,18.25625000000039,Entry relative to this part's minimum X/S/N; see STEP for shaped parts; NOT machining approval
lean_beam_top_full,lean_panel_upper_right_6,1631.95,19.049999999999272,-6.821210263296962e-13,64.25,0.7499999999999714,-2.6855158516917175e-14,0.0,-4.440892098500626e-15,0.9999999999999999,32.543749999999775,Entry relative to this part's minimum X/S/N; see STEP for shaped parts; NOT machining approval
main_upper_right,lean_panel_upper_right_7,806.45,1200.1499999999996,-2.2737367544323206e-13,31.750000000000004,47.249999999999986,-8.951719505639057e-15,0.0,-4.440892098500626e-15,0.9999999999999999,18.25625000000039,Entry relative to this part's minimum X/S/N; see STEP for shaped parts; NOT machining approval
lean_beam_top_full,lean_panel_upper_right_7,2025.65,19.049999999999272,-6.821210263296962e-13,79.75000000000001,0.7499999999999714,-2.6855158516917175e-14,0.0,-4.440892098500626e-15,0.9999999999999999,32.543749999999775,Entry relative to this part's minimum X/S/N; see STEP for shaped parts; NOT machining approval
main_upper_right,lean_panel_upper_right_8,1200.15,1200.1499999999996,-2.2737367544323206e-13,47.25000000000001,47.249999999999986,-8.951719505639057e-15,0.0,-4.440892098500626e-15,0.9999999999999999,18.25625000000039,Entry relative to this part's minimum X/S/N; see STEP for shaped parts; NOT machining approval
lean_beam_top_full,lean_panel_upper_right_8,2419.3500000000004,19.049999999999272,-6.821210263296962e-13,95.25000000000001,0.7499999999999714,-2.6855158516917175e-14,0.0,-4.440892098500626e-15,0.9999999999999999,32.543749999999775,Entry relative to this part's minimum X/S/N; see STEP for shaped parts; NOT machining approval
main_upper_right,lean_panel_upper_right_9,19.05,412.7499999999998,1.1368683772161603e-13,0.7500000000000001,16.249999999999993,4.475859752819529e-15,0.0,-4.440892098500626e-15,0.9999999999999999,18.256250000000154,Entry relative to this part's minimum X/S/N; see STEP for shaped parts; NOT machining approval
lean_principal_right,lean_panel_upper_right_9,19.05000000005303,1492.25,2.298161660974074e-13,0.7500000000020878,58.75,9.04788055501604e-15,0.0,-4.440892098500626e-15,0.9999999999999999,32.54375000000003,Entry relative to this part's minimum X/S/N; see STEP for shaped parts; NOT machining approval
main_upper_right,lean_panel_upper_right_10,19.05,806.4499999999998,0.0,0.7500000000000001,31.749999999999993,0.0,0.0,-4.440892098500626e-15,0.9999999999999999,18.256250000000243,Entry relative to this part's minimum X/S/N; see STEP for shaped parts; NOT machining approval
lean_principal_right,lean_panel_upper_right_10,19.05000000005303,1885.9500000000003,3.4350300381902343e-13,0.7500000000020878,74.25000000000001,1.3523740307835568e-14,0.0,-4.440892098500626e-15,0.9999999999999999,32.543749999999804,Entry relative to this part's minimum X/S/N; see STEP for shaped parts; NOT machining approval
main_upper_right,lean_panel_upper_right_11,1200.15,412.7499999999998,1.1368683772161603e-13,47.25000000000001,16.249999999999993,4.475859752819529e-15,0.0,-4.440892098500626e-15,0.9999999999999999,18.256250000000154,Entry relative to this part's minimum X/S/N; see STEP for shaped parts; NOT machining approval
lean_edge_right_upper,lean_panel_upper_right_11,19.049999999999955,323.85000000000014,5.684341886080802e-14,0.7499999999999982,12.750000000000005,2.2379298764097643e-15,0.0,-4.440892098500626e-15,0.9999999999999999,32.54375000000012,Entry relative to this part's minimum X/S/N; see STEP for shaped parts; NOT machining approval
main_upper_right,lean_panel_upper_right_12,1200.15,806.4499999999998,0.0,47.25000000000001,31.749999999999993,0.0,0.0,-4.440892098500626e-15,0.9999999999999999,18.256250000000243,Entry relative to this part's minimum X/S/N; see STEP for shaped parts; NOT machining approval
lean_edge_right_upper,lean_panel_upper_right_12,19.049999999999955,717.55,2.8421709430404007e-13,0.7499999999999982,28.25,1.1189649382048822e-14,0.0,-4.440892098500626e-15,0.9999999999999999,32.543749999999946,Entry relative to this part's minimum X/S/N; see STEP for shaped parts; NOT machining approval
box_side_left,lean_edge_side_left_1,0.0,319.9999999999998,62.44999999999989,0.0,12.598425196850386,2.4586614173228303,1.0,0.0,0.0,38.09999999999991,Entry relative to this part's minimum X/S/N; see STEP for shaped parts; NOT machining approval
lean_edge_left_lower,lean_edge_side_left_1,0.0,129.49999999999983,44.45000000000002,0.0,5.098425196850387,1.7500000000000007,1.0,0.0,0.0,25.40000000000009,Entry relative to this part's minimum X/S/N; see STEP for shaped parts; NOT machining approval
box_side_left,lean_edge_side_left_2,0.0,699.9999999999998,62.44999999999986,0.0,27.55905511811023,2.4586614173228294,1.0,0.0,0.0,38.09999999999991,Entry relative to this part's minimum X/S/N; see STEP for shaped parts; NOT machining approval
lean_edge_left_lower,lean_edge_side_left_2,0.0,509.49999999999983,44.44999999999999,0.0,20.05905511811023,1.7499999999999996,1.0,0.0,0.0,25.40000000000009,Entry relative to this part's minimum X/S/N; see STEP for shaped parts; NOT machining approval
box_side_left,lean_edge_side_left_3,0.0,999.9999999999998,62.45000000000003,0.0,39.370078740157474,2.458661417322836,1.0,0.0,0.0,38.09999999999991,Entry relative to this part's minimum X/S/N; see STEP for shaped parts; NOT machining approval
lean_edge_left_lower,lean_edge_side_left_3,0.0,809.4999999999998,44.45000000000016,0.0,31.870078740157474,1.7500000000000064,1.0,0.0,0.0,25.40000000000009,Entry relative to this part's minimum X/S/N; see STEP for shaped parts; NOT machining approval
box_side_left,lean_edge_side_left_4,0.0,1499.9999999999995,127.99999999999993,0.0,59.05511811023621,5.039370078740155,1.0,0.0,0.0,38.09999999999991,Entry relative to this part's minimum X/S/N; see STEP for shaped parts; NOT machining approval
lean_edge_left_upper,lean_edge_side_left_4,0.0,191.89999999999964,110.00000000000017,0.0,7.555118110236206,4.330708661417329,1.0,0.0,0.0,25.40000000000009,Entry relative to this part's minimum X/S/N; see STEP for shaped parts; NOT machining approval
box_side_left,lean_edge_side_left_5,0.0,2099.9999999999995,127.99999999999947,0.0,82.6771653543307,5.039370078740137,1.0,0.0,0.0,38.09999999999991,Entry relative to this part's minimum X/S/N; see STEP for shaped parts; NOT machining approval
lean_edge_left_upper,lean_edge_side_left_5,0.0,791.8999999999996,109.99999999999972,0.0,31.177165354330697,4.330708661417312,1.0,0.0,0.0,25.40000000000009,Entry relative to this part's minimum X/S/N; see STEP for shaped parts; NOT machining approval
box_side_left,lean_edge_side_left_6,0.0,2299.9999999999995,127.99999999999993,0.0,90.5511811023622,5.039370078740155,1.0,0.0,0.0,38.09999999999991,Entry relative to this part's minimum X/S/N; see STEP for shaped parts; NOT machining approval
lean_edge_left_upper,lean_edge_side_left_6,0.0,991.8999999999996,110.00000000000017,0.0,39.05118110236219,4.330708661417329,1.0,0.0,0.0,25.40000000000009,Entry relative to this part's minimum X/S/N; see STEP for shaped parts; NOT machining approval
box_side_right,lean_edge_side_right_1,38.09999999999991,319.9999999999998,62.44999999999989,1.4999999999999964,12.598425196850386,2.4586614173228303,-1.0,0.0,0.0,38.09999999999991,Entry relative to this part's minimum X/S/N; see STEP for shaped parts; NOT machining approval
lean_edge_right_lower,lean_edge_side_right_1,38.09999999999991,129.49999999999983,44.45000000000002,1.4999999999999964,5.098425196850387,1.7500000000000007,-1.0,0.0,0.0,25.40000000000009,Entry relative to this part's minimum X/S/N; see STEP for shaped parts; NOT machining approval
box_side_right,lean_edge_side_right_2,38.09999999999991,699.9999999999998,62.44999999999986,1.4999999999999964,27.55905511811023,2.4586614173228294,-1.0,0.0,0.0,38.09999999999991,Entry relative to this part's minimum X/S/N; see STEP for shaped parts; NOT machining approval
lean_edge_right_lower,lean_edge_side_right_2,38.09999999999991,509.49999999999983,44.44999999999999,1.4999999999999964,20.05905511811023,1.7499999999999996,-1.0,0.0,0.0,25.40000000000009,Entry relative to this part's minimum X/S/N; see STEP for shaped parts; NOT machining approval
box_side_right,lean_edge_side_right_3,38.09999999999991,999.9999999999998,62.45000000000003,1.4999999999999964,39.370078740157474,2.458661417322836,-1.0,0.0,0.0,38.09999999999991,Entry relative to this part's minimum X/S/N; see STEP for shaped parts; NOT machining approval
lean_edge_right_lower,lean_edge_side_right_3,38.09999999999991,809.4999999999998,44.45000000000016,1.4999999999999964,31.870078740157474,1.7500000000000064,-1.0,0.0,0.0,25.40000000000009,Entry relative to this part's minimum X/S/N; see STEP for shaped parts; NOT machining approval
box_side_right,lean_edge_side_right_4,38.09999999999991,1499.9999999999995,127.99999999999993,1.4999999999999964,59.05511811023621,5.039370078740155,-1.0,0.0,0.0,38.09999999999991,Entry relative to this part's minimum X/S/N; see STEP for shaped parts; NOT machining approval
lean_edge_right_upper,lean_edge_side_right_4,38.09999999999991,191.89999999999964,110.00000000000017,1.4999999999999964,7.555118110236206,4.330708661417329,-1.0,0.0,0.0,25.40000000000009,Entry relative to this part's minimum X/S/N; see STEP for shaped parts; NOT machining approval
box_side_right,lean_edge_side_right_5,38.09999999999991,2099.9999999999995,127.99999999999947,1.4999999999999964,82.6771653543307,5.039370078740137,-1.0,0.0,0.0,38.09999999999991,Entry relative to this part's minimum X/S/N; see STEP for shaped parts; NOT machining approval
lean_edge_right_upper,lean_edge_side_right_5,38.09999999999991,791.8999999999996,109.99999999999972,1.4999999999999964,31.177165354330697,4.330708661417312,-1.0,0.0,0.0,25.40000000000009,Entry relative to this part's minimum X/S/N; see STEP for shaped parts; NOT machining approval
box_side_right,lean_edge_side_right_6,38.09999999999991,2299.9999999999995,127.99999999999993,1.4999999999999964,90.5511811023622,5.039370078740155,-1.0,0.0,0.0,38.09999999999991,Entry relative to this part's minimum X/S/N; see STEP for shaped parts; NOT machining approval
lean_edge_right_upper,lean_edge_side_right_6,38.09999999999991,991.8999999999996,110.00000000000017,1.4999999999999964,39.05118110236219,4.330708661417329,-1.0,0.0,0.0,25.40000000000009,Entry relative to this part's minimum X/S/N; see STEP for shaped parts; NOT machining approval
lean_beam_lower_full,clip_mvp_lean_lower_left_1_beam_1,18.0,38.09999999999974,16.79999999999997,0.7086614173228347,1.4999999999999898,0.6614173228346445,-0.0,-1.0,4.440892098500626e-15,35.40000000000001,Entry relative to this part's minimum X/S/N; see STEP for shaped parts; NOT machining approval
lean_beam_lower_full,clip_mvp_lean_lower_left_1_beam_2,34.0,38.099999999999596,50.79999999999998,1.3385826771653544,1.4999999999999842,1.9999999999999993,-0.0,-1.0,4.440892098500626e-15,35.4,Entry relative to this part's minimum X/S/N; see STEP for shaped parts; NOT machining approval
lean_beam_lower_full,clip_mvp_lean_lower_left_1_beam_3,18.0,38.099999999999426,84.79999999999998,0.7086614173228347,1.4999999999999776,3.3385826771653537,-0.0,-1.0,4.440892098500626e-15,35.400000000000006,Entry relative to this part's minimum X/S/N; see STEP for shaped parts; NOT machining approval
box_side_left,clip_mvp_lean_lower_left_1_upright_1,38.09999999999991,173.6999999999997,72.89999999999976,1.4999999999999964,6.838582677165343,2.870078740157471,-1.0,-0.0,0.0,35.399999999999864,Entry relative to this part's minimum X/S/N; see STEP for shaped parts; NOT machining approval
box_side_left,clip_mvp_lean_lower_left_1_upright_2,38.09999999999991,157.69999999999956,106.89999999999982,1.4999999999999964,6.208661417322817,4.208661417322828,-1.0,-0.0,0.0,35.399999999999864,Entry relative to this part's minimum X/S/N; see STEP for shaped parts; NOT machining approval
box_side_left,clip_mvp_lean_lower_left_1_upright_3,38.09999999999991,173.6999999999994,140.89999999999975,1.4999999999999964,6.838582677165331,5.547244094488179,-1.0,-0.0,0.0,35.399999999999864,Entry relative to this part's minimum X/S/N; see STEP for shaped parts; NOT machining approval
lean_beam_lower_full,clip_mvp_lean_lower_left_2_beam_1,1125.0,38.09999999999974,16.799999999999976,44.29133858267717,1.4999999999999898,0.6614173228346447,-0.0,-1.0,4.440892098500626e-15,35.4,Entry relative to this part's minimum X/S/N; see STEP for shaped parts; NOT machining approval
lean_beam_lower_full,clip_mvp_lean_lower_left_2_beam_2,1109.0,38.099999999999596,50.79999999999998,43.66141732283465,1.4999999999999842,1.9999999999999993,-0.0,-1.0,4.440892098500626e-15,35.4,Entry relative to this part's minimum X/S/N; see STEP for shaped parts; NOT machining approval
lean_beam_lower_full,clip_mvp_lean_lower_left_2_beam_3,1125.0,38.099999999999426,84.79999999999998,44.29133858267717,1.4999999999999776,3.3385826771653537,-0.0,-1.0,4.440892098500626e-15,35.400000000000006,Entry relative to this part's minimum X/S/N; see STEP for shaped parts; NOT machining approval
lean_principal_left,clip_mvp_lean_lower_left_2_upright_1,4.263256414560601e-14,33.99999999999997,54.89999999999995,1.6784474073073234e-15,1.3385826771653533,2.1614173228346436,1.0,0.0,0.0,35.4,Entry relative to this part's minimum X/S/N; see STEP for shaped parts; NOT machining approval
lean_principal_left,clip_mvp_lean_lower_left_2_upright_2,4.263256414560601e-14,17.99999999999983,88.9,1.6784474073073234e-15,0.708661417322828,3.5000000000000004,1.0,0.0,0.0,35.4,Entry relative to this part's minimum X/S/N; see STEP for shaped parts; NOT machining approval
lean_principal_left,clip_mvp_lean_lower_left_2_upright_3,4.263256414560601e-14,33.99999999999966,122.89999999999993,1.6784474073073234e-15,1.338582677165341,4.838582677165352,1.0,0.0,0.0,35.4,Entry relative to this part's minimum X/S/N; see STEP for shaped parts; NOT machining approval
lean_beam_lower_full,clip_mvp_lean_lower_right_1_beam_1,1275.3,38.09999999999974,16.799999999999976,50.20866141732284,1.4999999999999898,0.6614173228346447,-0.0,-1.0,4.440892098500626e-15,35.4,Entry relative to this part's minimum X/S/N; see STEP for shaped parts; NOT machining approval
lean_beam_lower_full,clip_mvp_lean_lower_right_1_beam_2,1291.3,38.099999999999596,50.79999999999998,50.838582677165356,1.4999999999999842,1.9999999999999993,-0.0,-1.0,4.440892098500626e-15,35.4,Entry relative to this part's minimum X/S/N; see STEP for shaped parts; NOT machining approval
lean_beam_lower_full,clip_mvp_lean_lower_right_1_beam_3,1275.3,38.09999999999951,84.79999999999998,50.20866141732284,1.499999999999981,3.3385826771653537,-0.0,-1.0,4.440892098500626e-15,35.40000000000006,Entry relative to this part's minimum X/S/N; see STEP for shaped parts; NOT machining approval
lean_principal_right,clip_mvp_lean_lower_right_1_upright_1,38.10000000005303,33.99999999999997,54.89999999999995,1.5000000000020879,1.3385826771653533,2.1614173228346436,-1.0,-0.0,0.0,35.4,Entry relative to this part's minimum X/S/N; see STEP for shaped parts; NOT machining approval
lean_principal_right,clip_mvp_lean_lower_right_1_upright_2,38.10000000005303,17.99999999999983,88.9,1.5000000000020879,0.708661417322828,3.5000000000000004,-1.0,-0.0,0.0,35.4,Entry relative to this part's minimum X/S/N; see STEP for shaped parts; NOT machining approval
lean_principal_right,clip_mvp_lean_lower_right_1_upright_3,38.10000000005303,33.99999999999966,122.89999999999993,1.5000000000020879,1.338582677165341,4.838582677165352,-1.0,-0.0,0.0,35.4,Entry relative to this part's minimum X/S/N; see STEP for shaped parts; NOT machining approval
lean_beam_lower_full,clip_mvp_lean_lower_right_2_beam_1,2420.4,38.09999999999974,16.79999999999997,95.29133858267717,1.4999999999999898,0.6614173228346445,-0.0,-1.0,4.440892098500626e-15,35.40000000000001,Entry relative to this part's minimum X/S/N; see STEP for shaped parts; NOT machining approval
lean_beam_lower_full,clip_mvp_lean_lower_right_2_beam_2,2404.4,38.099999999999596,50.79999999999998,94.66141732283465,1.4999999999999842,1.9999999999999993,-0.0,-1.0,4.440892098500626e-15,35.4,Entry relative to this part's minimum X/S/N; see STEP for shaped parts; NOT machining approval
lean_beam_lower_full,clip_mvp_lean_lower_right_2_beam_3,2420.4,38.099999999999426,84.79999999999998,95.29133858267717,1.4999999999999776,3.3385826771653537,-0.0,-1.0,4.440892098500626e-15,35.400000000000006,Entry relative to this part's minimum X/S/N; see STEP for shaped parts; NOT machining approval
box_side_right,clip_mvp_lean_lower_right_2_upright_1,0.0,173.6999999999997,72.89999999999976,0.0,6.838582677165343,2.870078740157471,1.0,0.0,0.0,35.399999999999864,Entry relative to this part's minimum X/S/N; see STEP for shaped parts; NOT machining approval
box_side_right,clip_mvp_lean_lower_right_2_upright_2,0.0,157.69999999999956,106.89999999999982,0.0,6.208661417322817,4.208661417322828,1.0,0.0,0.0,35.399999999999864,Entry relative to this part's minimum X/S/N; see STEP for shaped parts; NOT machining approval
box_side_right,clip_mvp_lean_lower_right_2_upright_3,0.0,173.6999999999994,140.89999999999975,0.0,6.838582677165331,5.547244094488179,1.0,0.0,0.0,35.399999999999864,Entry relative to this part's minimum X/S/N; see STEP for shaped parts; NOT machining approval
lean_beam_mid_lower_left,clip_mvp_lean_mid_lower_left_1_beam_1,18.0,2.2737367544323206e-13,35.84999999999985,0.7086614173228347,8.951719505639057e-15,1.4114173228346398,0.0,1.0,-4.440892098500626e-15,35.399999999999764,Entry relative to this part's minimum X/S/N; see STEP for shaped parts; NOT machining approval
lean_beam_mid_lower_left,clip_mvp_lean_mid_lower_left_1_beam_2,34.0,0.0,69.84999999999985,1.3385826771653544,0.0,2.7499999999999942,0.0,1.0,-4.440892098500626e-15,35.399999999999764,Entry relative to this part's minimum X/S/N; see STEP for shaped parts; NOT machining approval
lean_beam_mid_lower_left,clip_mvp_lean_mid_lower_left_1_beam_3,18.0,-2.2737367544323206e-13,103.84999999999997,0.7086614173228347,-8.951719505639057e-15,4.088582677165353,0.0,1.0,-4.440892098500626e-15,35.399999999999764,Entry relative to this part's minimum X/S/N; see STEP for shaped parts; NOT machining approval
box_side_left,clip_mvp_lean_mid_lower_left_1_upright_1,38.09999999999991,1147.0999999999995,53.84999999999984,1.4999999999999964,45.16141732283462,2.120078740157474,-1.0,-0.0,0.0,35.399999999999864,Entry relative to this part's minimum X/S/N; see STEP for shaped parts; NOT machining approval
box_side_left,clip_mvp_lean_mid_lower_left_1_upright_2,38.09999999999991,1163.0999999999995,87.84999999999995,1.4999999999999964,45.79133858267715,3.458661417322833,-1.0,-0.0,0.0,35.399999999999864,Entry relative to this part's minimum X/S/N; see STEP for shaped parts; NOT machining approval
box_side_left,clip_mvp_lean_mid_lower_left_1_upright_3,38.09999999999991,1147.0999999999992,121.84999999999995,1.4999999999999964,45.161417322834616,4.797244094488187,-1.0,-0.0,0.0,35.399999999999864,Entry relative to this part's minimum X/S/N; see STEP for shaped parts; NOT machining approval
lean_beam_mid_lower_left,clip_mvp_lean_mid_lower_left_2_beam_1,1125.0,2.2737367544323206e-13,35.84999999999974,44.29133858267717,8.951719505639057e-15,1.4114173228346354,0.0,1.0,-4.440892098500626e-15,35.399999999999686,Entry relative to this part's minimum X/S/N; see STEP for shaped parts; NOT machining approval
lean_beam_mid_lower_left,clip_mvp_lean_mid_lower_left_2_beam_2,1109.0,0.0,69.84999999999985,43.66141732283465,0.0,2.7499999999999942,0.0,1.0,-4.440892098500626e-15,35.399999999999764,Entry relative to this part's minimum X/S/N; see STEP for shaped parts; NOT machining approval
lean_beam_mid_lower_left,clip_mvp_lean_mid_lower_left_2_beam_3,1125.0,-2.2737367544323206e-13,103.84999999999997,44.29133858267717,-8.951719505639057e-15,4.088582677165353,0.0,1.0,-4.440892098500626e-15,35.399999999999764,Entry relative to this part's minimum X/S/N; see STEP for shaped parts; NOT machining approval
lean_principal_left,clip_mvp_lean_mid_lower_left_2_upright_1,4.263256414560601e-14,1007.3999999999996,35.85000000000002,1.6784474073073234e-15,39.66141732283463,1.4114173228346467,1.0,0.0,0.0,35.4,Entry relative to this part's minimum X/S/N; see STEP for shaped parts; NOT machining approval
lean_principal_left,clip_mvp_lean_mid_lower_left_2_upright_2,4.263256414560601e-14,1023.3999999999996,69.85000000000014,1.6784474073073234e-15,40.291338582677156,2.7500000000000053,1.0,0.0,0.0,35.4,Entry relative to this part's minimum X/S/N; see STEP for shaped parts; NOT machining approval
lean_principal_left,clip_mvp_lean_mid_lower_left_2_upright_3,4.263256414560601e-14,1007.3999999999994,103.85000000000014,1.6784474073073234e-15,39.66141732283462,4.08858267716536,1.0,0.0,0.0,35.4,Entry relative to this part's minimum X/S/N; see STEP for shaped parts; NOT machining approval
lean_beam_mid_lower_right,clip_mvp_lean_mid_lower_right_1_beam_1,18.000000000000092,2.2737367544323206e-13,35.84999999999985,0.7086614173228383,8.951719505639057e-15,1.4114173228346398,0.0,1.0,-4.440892098500626e-15,35.399999999999764,Entry relative to this part's minimum X/S/N; see STEP for shaped parts; NOT machining approval
lean_beam_mid_lower_right,clip_mvp_lean_mid_lower_right_1_beam_2,34.000000000000085,0.0,69.84999999999985,1.3385826771653577,0.0,2.7499999999999942,0.0,1.0,-4.440892098500626e-15,35.399999999999764,Entry relative to this part's minimum X/S/N; see STEP for shaped parts; NOT machining approval
lean_beam_mid_lower_right,clip_mvp_lean_mid_lower_right_1_beam_3,18.000000000000092,-2.2737367544323206e-13,103.84999999999997,0.7086614173228383,-8.951719505639057e-15,4.088582677165353,0.0,1.0,-4.440892098500626e-15,35.399999999999764,Entry relative to this part's minimum X/S/N; see STEP for shaped parts; NOT machining approval
lean_principal_right,clip_mvp_lean_mid_lower_right_1_upright_1,38.10000000005303,1007.3999999999996,35.85000000000002,1.5000000000020879,39.66141732283463,1.4114173228346467,-1.0,-0.0,0.0,35.4,Entry relative to this part's minimum X/S/N; see STEP for shaped parts; NOT machining approval
lean_principal_right,clip_mvp_lean_mid_lower_right_1_upright_2,38.10000000005303,1023.3999999999996,69.85000000000014,1.5000000000020879,40.291338582677156,2.7500000000000053,-1.0,-0.0,0.0,35.4,Entry relative to this part's minimum X/S/N; see STEP for shaped parts; NOT machining approval
lean_principal_right,clip_mvp_lean_mid_lower_right_1_upright_3,38.10000000005303,1007.3999999999994,103.85000000000014,1.5000000000020879,39.66141732283462,4.08858267716536,-1.0,-0.0,0.0,35.4,Entry relative to this part's minimum X/S/N; see STEP for shaped parts; NOT machining approval
lean_beam_mid_lower_right,clip_mvp_lean_mid_lower_right_2_beam_1,1163.1000000000001,2.2737367544323206e-13,35.84999999999985,45.79133858267717,8.951719505639057e-15,1.4114173228346398,0.0,1.0,-4.440892098500626e-15,35.399999999999764,Entry relative to this part's minimum X/S/N; see STEP for shaped parts; NOT machining approval
lean_beam_mid_lower_right,clip_mvp_lean_mid_lower_right_2_beam_2,1147.1000000000001,0.0,69.84999999999985,45.16141732283465,0.0,2.7499999999999942,0.0,1.0,-4.440892098500626e-15,35.399999999999764,Entry relative to this part's minimum X/S/N; see STEP for shaped parts; NOT machining approval
lean_beam_mid_lower_right,clip_mvp_lean_mid_lower_right_2_beam_3,1163.1000000000001,-2.2737367544323206e-13,103.84999999999997,45.79133858267717,-8.951719505639057e-15,4.088582677165353,0.0,1.0,-4.440892098500626e-15,35.399999999999764,Entry relative to this part's minimum X/S/N; see STEP for shaped parts; NOT machining approval
box_side_right,clip_mvp_lean_mid_lower_right_2_upright_1,0.0,1147.0999999999995,53.84999999999984,0.0,45.16141732283462,2.120078740157474,1.0,0.0,0.0,35.399999999999864,Entry relative to this part's minimum X/S/N; see STEP for shaped parts; NOT machining approval
box_side_right,clip_mvp_lean_mid_lower_right_2_upright_2,0.0,1163.0999999999995,87.84999999999995,0.0,45.79133858267715,3.458661417322833,1.0,0.0,0.0,35.399999999999864,Entry relative to this part's minimum X/S/N; see STEP for shaped parts; NOT machining approval
box_side_right,clip_mvp_lean_mid_lower_right_2_upright_3,0.0,1147.0999999999992,121.84999999999995,0.0,45.161417322834616,4.797244094488187,1.0,0.0,0.0,35.399999999999864,Entry relative to this part's minimum X/S/N; see STEP for shaped parts; NOT machining approval
lean_beam_mid_upper_left,clip_mvp_lean_mid_upper_left_1_beam_1,18.0,38.09999999999991,35.85000000000002,0.7086614173228347,1.4999999999999964,1.4114173228346467,-0.0,-1.0,4.440892098500626e-15,35.400000000000006,Entry relative to this part's minimum X/S/N; see STEP for shaped parts; NOT machining approval
lean_beam_mid_upper_left,clip_mvp_lean_mid_upper_left_1_beam_2,34.0,38.09999999999968,69.84999999999991,1.3385826771653544,1.4999999999999876,2.7499999999999964,-0.0,-1.0,4.440892098500626e-15,35.400000000000084,Entry relative to this part's minimum X/S/N; see STEP for shaped parts; NOT machining approval
lean_beam_mid_upper_left,clip_mvp_lean_mid_upper_left_1_beam_3,18.0,38.09999999999968,103.84999999999991,0.7086614173228347,1.4999999999999876,4.088582677165351,-0.0,-1.0,4.440892098500626e-15,35.400000000000006,Entry relative to this part's minimum X/S/N; see STEP for shaped parts; NOT machining approval
box_side_left,clip_mvp_lean_mid_upper_left_1_upright_1,38.09999999999991,1291.2999999999997,53.84999999999984,1.4999999999999964,50.83858267716535,2.120078740157474,-1.0,-0.0,0.0,35.399999999999864,Entry relative to this part's minimum X/S/N; see STEP for shaped parts; NOT machining approval
box_side_left,clip_mvp_lean_mid_upper_left_1_upright_2,38.09999999999991,1275.2999999999995,87.84999999999984,1.4999999999999964,50.208661417322816,3.4586614173228285,-1.0,-0.0,0.0,35.399999999999864,Entry relative to this part's minimum X/S/N; see STEP for shaped parts; NOT machining approval
box_side_left,clip_mvp_lean_mid_upper_left_1_upright_3,38.09999999999991,1291.2999999999995,121.84999999999984,1.4999999999999964,50.838582677165334,4.797244094488183,-1.0,-0.0,0.0,35.399999999999864,Entry relative to this part's minimum X/S/N; see STEP for shaped parts; NOT machining approval
lean_beam_mid_upper_left,clip_mvp_lean_mid_upper_left_2_beam_1,1125.0,38.09999999999991,35.85000000000002,44.29133858267717,1.4999999999999964,1.4114173228346467,-0.0,-1.0,4.440892098500626e-15,35.400000000000006,Entry relative to this part's minimum X/S/N; see STEP for shaped parts; NOT machining approval
lean_beam_mid_upper_left,clip_mvp_lean_mid_upper_left_2_beam_2,1109.0,38.09999999999968,69.84999999999991,43.66141732283465,1.4999999999999876,2.7499999999999964,-0.0,-1.0,4.440892098500626e-15,35.400000000000084,Entry relative to this part's minimum X/S/N; see STEP for shaped parts; NOT machining approval
lean_beam_mid_upper_left,clip_mvp_lean_mid_upper_left_2_beam_3,1125.0,38.09999999999968,103.84999999999991,44.29133858267717,1.4999999999999876,4.088582677165351,-0.0,-1.0,4.440892098500626e-15,35.400000000000006,Entry relative to this part's minimum X/S/N; see STEP for shaped parts; NOT machining approval
lean_principal_left,clip_mvp_lean_mid_upper_left_2_upright_1,4.263256414560601e-14,1151.6,35.85000000000002,1.6784474073073234e-15,45.338582677165356,1.4114173228346467,1.0,0.0,0.0,35.4,Entry relative to this part's minimum X/S/N; see STEP for shaped parts; NOT machining approval
lean_principal_left,clip_mvp_lean_mid_upper_left_2_upright_2,4.263256414560601e-14,1135.5999999999997,69.85000000000002,1.6784474073073234e-15,44.70866141732282,2.750000000000001,1.0,0.0,0.0,35.4,Entry relative to this part's minimum X/S/N; see STEP for shaped parts; NOT machining approval
lean_principal_left,clip_mvp_lean_mid_upper_left_2_upright_3,4.263256414560601e-14,1151.5999999999997,103.85000000000002,1.6784474073073234e-15,45.33858267716534,4.0885826771653555,1.0,0.0,0.0,35.4,Entry relative to this part's minimum X/S/N; see STEP for shaped parts; NOT machining approval
lean_beam_mid_upper_right,clip_mvp_lean_mid_upper_right_1_beam_1,18.000000000000092,38.09999999999991,35.85000000000002,0.7086614173228383,1.4999999999999964,1.4114173228346467,-0.0,-1.0,4.440892098500626e-15,35.400000000000006,Entry relative to this part's minimum X/S/N; see STEP for shaped parts; NOT machining approval
lean_beam_mid_upper_right,clip_mvp_lean_mid_upper_right_1_beam_2,34.000000000000085,38.09999999999968,69.84999999999991,1.3385826771653577,1.4999999999999876,2.7499999999999964,-0.0,-1.0,4.440892098500626e-15,35.400000000000084,Entry relative to this part's minimum X/S/N; see STEP for shaped parts; NOT machining approval
lean_beam_mid_upper_right,clip_mvp_lean_mid_upper_right_1_beam_3,18.000000000000092,38.09999999999968,103.84999999999991,0.7086614173228383,1.4999999999999876,4.088582677165351,-0.0,-1.0,4.440892098500626e-15,35.400000000000006,Entry relative to this part's minimum X/S/N; see STEP for shaped parts; NOT machining approval
lean_principal_right,clip_mvp_lean_mid_upper_right_1_upright_1,38.10000000005303,1151.6,35.85000000000002,1.5000000000020879,45.338582677165356,1.4114173228346467,-1.0,-0.0,0.0,35.4,Entry relative to this part's minimum X/S/N; see STEP for shaped parts; NOT machining approval
lean_principal_right,clip_mvp_lean_mid_upper_right_1_upright_2,38.10000000005303,1135.5999999999997,69.85000000000002,1.5000000000020879,44.70866141732282,2.750000000000001,-1.0,-0.0,0.0,35.4,Entry relative to this part's minimum X/S/N; see STEP for shaped parts; NOT machining approval
lean_principal_right,clip_mvp_lean_mid_upper_right_1_upright_3,38.10000000005303,1151.5999999999997,103.85000000000002,1.5000000000020879,45.33858267716534,4.0885826771653555,-1.0,-0.0,0.0,35.4,Entry relative to this part's minimum X/S/N; see STEP for shaped parts; NOT machining approval
lean_beam_mid_upper_right,clip_mvp_lean_mid_upper_right_2_beam_1,1163.1000000000001,38.09999999999991,35.85000000000002,45.79133858267717,1.4999999999999964,1.4114173228346467,-0.0,-1.0,4.440892098500626e-15,35.400000000000006,Entry relative to this part's minimum X/S/N; see STEP for shaped parts; NOT machining approval
lean_beam_mid_upper_right,clip_mvp_lean_mid_upper_right_2_beam_2,1147.1000000000001,38.09999999999968,69.84999999999991,45.16141732283465,1.4999999999999876,2.7499999999999964,-0.0,-1.0,4.440892098500626e-15,35.400000000000084,Entry relative to this part's minimum X/S/N; see STEP for shaped parts; NOT machining approval
lean_beam_mid_upper_right,clip_mvp_lean_mid_upper_right_2_beam_3,1163.1000000000001,38.09999999999968,103.84999999999991,45.79133858267717,1.4999999999999876,4.088582677165351,-0.0,-1.0,4.440892098500626e-15,35.400000000000006,Entry relative to this part's minimum X/S/N; see STEP for shaped parts; NOT machining approval
box_side_right,clip_mvp_lean_mid_upper_right_2_upright_1,0.0,1291.2999999999997,53.84999999999984,0.0,50.83858267716535,2.120078740157474,1.0,0.0,0.0,35.399999999999864,Entry relative to this part's minimum X/S/N; see STEP for shaped parts; NOT machining approval
box_side_right,clip_mvp_lean_mid_upper_right_2_upright_2,0.0,1275.2999999999995,87.84999999999984,0.0,50.208661417322816,3.4586614173228285,1.0,0.0,0.0,35.399999999999864,Entry relative to this part's minimum X/S/N; see STEP for shaped parts; NOT machining approval
box_side_right,clip_mvp_lean_mid_upper_right_2_upright_3,0.0,1291.2999999999995,121.84999999999984,0.0,50.838582677165334,4.797244094488183,1.0,0.0,0.0,35.399999999999864,Entry relative to this part's minimum X/S/N; see STEP for shaped parts; NOT machining approval
lean_beam_top_full,clip_mvp_lean_top_left_1_beam_1,18.0,0.0,35.84999999999923,0.7086614173228347,0.0,1.4114173228346154,0.0,1.0,-4.440892098500626e-15,35.399999999999615,Entry relative to this part's minimum X/S/N; see STEP for shaped parts; NOT machining approval
lean_beam_top_full,clip_mvp_lean_top_left_1_beam_2,34.0,0.0,69.84999999999923,1.3385826771653544,0.0,2.74999999999997,0.0,1.0,-4.440892098500626e-15,35.399999999999615,Entry relative to this part's minimum X/S/N; see STEP for shaped parts; NOT machining approval
lean_beam_top_full,clip_mvp_lean_top_left_1_beam_3,18.0,0.0,103.84999999999945,0.7086614173228347,0.0,4.088582677165333,0.0,1.0,-4.440892098500626e-15,35.399999999999764,Entry relative to this part's minimum X/S/N; see STEP for shaped parts; NOT machining approval
box_side_left,clip_mvp_lean_top_left_1_upright_1,38.09999999999991,2366.3,53.84999999999984,1.4999999999999964,93.16141732283465,2.120078740157474,-1.0,-0.0,0.0,35.399999999999864,Entry relative to this part's minimum X/S/N; see STEP for shaped parts; NOT machining approval
box_side_left,clip_mvp_lean_top_left_1_upright_2,38.09999999999991,2382.3,87.85000000000007,1.4999999999999964,93.79133858267718,3.4586614173228374,-1.0,-0.0,0.0,35.399999999999864,Entry relative to this part's minimum X/S/N; see STEP for shaped parts; NOT machining approval
box_side_left,clip_mvp_lean_top_left_1_upright_3,38.09999999999991,2366.3,121.85000000000007,1.4999999999999964,93.16141732283465,4.797244094488192,-1.0,-0.0,0.0,35.399999999999864,Entry relative to this part's minimum X/S/N; see STEP for shaped parts; NOT machining approval
lean_beam_top_full,clip_mvp_lean_top_left_2_beam_1,1125.0,0.0,35.84999999999923,44.29133858267717,0.0,1.4114173228346154,0.0,1.0,-4.440892098500626e-15,35.399999999999764,Entry relative to this part's minimum X/S/N; see STEP for shaped parts; NOT machining approval
lean_beam_top_full,clip_mvp_lean_top_left_2_beam_2,1109.0,0.0,69.84999999999945,43.66141732283465,0.0,2.7499999999999787,0.0,1.0,-4.440892098500626e-15,35.399999999999764,Entry relative to this part's minimum X/S/N; see STEP for shaped parts; NOT machining approval
lean_beam_top_full,clip_mvp_lean_top_left_2_beam_3,1125.0,0.0,103.84999999999945,44.29133858267717,0.0,4.088582677165333,0.0,1.0,-4.440892098500626e-15,35.399999999999764,Entry relative to this part's minimum X/S/N; see STEP for shaped parts; NOT machining approval
lean_principal_left,clip_mvp_lean_top_left_2_upright_1,4.263256414560601e-14,2226.6000000000004,35.85000000000002,1.6784474073073234e-15,87.66141732283467,1.4114173228346467,1.0,0.0,0.0,35.4,Entry relative to this part's minimum X/S/N; see STEP for shaped parts; NOT machining approval
lean_principal_left,clip_mvp_lean_top_left_2_upright_2,4.263256414560601e-14,2242.6000000000004,69.85000000000025,1.6784474073073234e-15,88.29133858267718,2.75000000000001,1.0,0.0,0.0,35.4,Entry relative to this part's minimum X/S/N; see STEP for shaped parts; NOT machining approval
lean_principal_left,clip_mvp_lean_top_left_2_upright_3,4.263256414560601e-14,2226.6000000000004,103.85000000000025,1.6784474073073234e-15,87.66141732283467,4.088582677165364,1.0,0.0,0.0,35.4,Entry relative to this part's minimum X/S/N; see STEP for shaped parts; NOT machining approval
lean_beam_top_full,clip_mvp_lean_top_right_1_beam_1,1275.3,0.0,35.84999999999923,50.20866141732284,0.0,1.4114173228346154,0.0,1.0,-4.440892098500626e-15,35.399999999999764,Entry relative to this part's minimum X/S/N; see STEP for shaped parts; NOT machining approval
lean_beam_top_full,clip_mvp_lean_top_right_1_beam_2,1291.3,0.0,69.84999999999945,50.838582677165356,0.0,2.7499999999999787,0.0,1.0,-4.440892098500626e-15,35.399999999999764,Entry relative to this part's minimum X/S/N; see STEP for shaped parts; NOT machining approval
lean_beam_top_full,clip_mvp_lean_top_right_1_beam_3,1275.3,0.0,103.84999999999945,50.20866141732284,0.0,4.088582677165333,0.0,1.0,-4.440892098500626e-15,35.399999999999764,Entry relative to this part's minimum X/S/N; see STEP for shaped parts; NOT machining approval
lean_principal_right,clip_mvp_lean_top_right_1_upright_1,38.10000000005303,2226.6000000000004,35.85000000000002,1.5000000000020879,87.66141732283467,1.4114173228346467,-1.0,-0.0,0.0,35.4,Entry relative to this part's minimum X/S/N; see STEP for shaped parts; NOT machining approval
lean_principal_right,clip_mvp_lean_top_right_1_upright_2,38.10000000005303,2242.6000000000004,69.85000000000025,1.5000000000020879,88.29133858267718,2.75000000000001,-1.0,-0.0,0.0,35.4,Entry relative to this part's minimum X/S/N; see STEP for shaped parts; NOT machining approval
lean_principal_right,clip_mvp_lean_top_right_1_upright_3,38.10000000005303,2226.6000000000004,103.85000000000025,1.5000000000020879,87.66141732283467,4.088582677165364,-1.0,-0.0,0.0,35.4,Entry relative to this part's minimum X/S/N; see STEP for shaped parts; NOT machining approval
lean_beam_top_full,clip_mvp_lean_top_right_2_beam_1,2420.4,0.0,35.84999999999923,95.29133858267717,0.0,1.4114173228346154,0.0,1.0,-4.440892098500626e-15,35.399999999999615,Entry relative to this part's minimum X/S/N; see STEP for shaped parts; NOT machining approval
lean_beam_top_full,clip_mvp_lean_top_right_2_beam_2,2404.4,0.0,69.84999999999923,94.66141732283465,0.0,2.74999999999997,0.0,1.0,-4.440892098500626e-15,35.399999999999615,Entry relative to this part's minimum X/S/N; see STEP for shaped parts; NOT machining approval
lean_beam_top_full,clip_mvp_lean_top_right_2_beam_3,2420.4,0.0,103.84999999999945,95.29133858267717,0.0,4.088582677165333,0.0,1.0,-4.440892098500626e-15,35.399999999999764,Entry relative to this part's minimum X/S/N; see STEP for shaped parts; NOT machining approval
box_side_right,clip_mvp_lean_top_right_2_upright_1,0.0,2366.3,53.84999999999984,0.0,93.16141732283465,2.120078740157474,1.0,0.0,0.0,35.399999999999864,Entry relative to this part's minimum X/S/N; see STEP for shaped parts; NOT machining approval
box_side_right,clip_mvp_lean_top_right_2_upright_2,0.0,2382.3,87.85000000000007,0.0,93.79133858267718,3.4586614173228374,1.0,0.0,0.0,35.399999999999864,Entry relative to this part's minimum X/S/N; see STEP for shaped parts; NOT machining approval
box_side_right,clip_mvp_lean_top_right_2_upright_3,0.0,2366.3,121.85000000000007,0.0,93.16141732283465,4.797244094488192,1.0,0.0,0.0,35.399999999999864,Entry relative to this part's minimum X/S/N; see STEP for shaped parts; NOT machining approval
lean_beam_lower_full,clip_mvp_ledge_1_beam_1,266.0,-2.7000623958883807e-13,18.0,10.47244094488189,-1.063016691294638e-14,0.7086614173228347,4.440892098500626e-15,1.0,-4.440892098500626e-15,35.39999999999984,Entry relative to this part's minimum X/S/N; see STEP for shaped parts; NOT machining approval
lean_beam_lower_full,clip_mvp_ledge_1_beam_2,300.0,-3.552713678800501e-13,34.0,11.811023622047244,-1.3987061727561028e-14,1.3385826771653544,4.440892098500626e-15,1.0,-4.440892098500626e-15,35.4,Entry relative to this part's minimum X/S/N; see STEP for shaped parts; NOT machining approval
lean_beam_lower_full,clip_mvp_ledge_1_beam_3,334.0,-2.7000623958883807e-13,17.999999999999993,13.1496062992126,-1.063016691294638e-14,0.7086614173228344,4.440892098500626e-15,1.0,-4.440892098500626e-15,35.400000000000134,Entry relative to this part's minimum X/S/N; see STEP for shaped parts; NOT machining approval
wood_rail_lower,clip_mvp_ledge_1_ledge_1,265.9999999999999,67.59999999999964,38.10000000000002,10.472440944881885,2.6614173228346316,1.5000000000000009,0.0,4.440892098500626e-15,-0.9999999999999999,35.399999999999885,Entry relative to this part's minimum X/S/N; see STEP for shaped parts; NOT machining approval
wood_rail_lower,clip_mvp_ledge_1_ledge_2,299.9999999999999,83.5999999999998,38.10000000000003,11.81102362204724,3.2913385826771573,1.5000000000000013,0.0,4.440892098500626e-15,-0.9999999999999999,35.39999999999996,Entry relative to this part's minimum X/S/N; see STEP for shaped parts; NOT machining approval
wood_rail_lower,clip_mvp_ledge_1_ledge_3,333.9999999999999,67.59999999999992,38.10000000000002,13.149606299212595,2.6614173228346427,1.5000000000000009,0.0,4.440892098500626e-15,-0.9999999999999999,35.39999999999989,Entry relative to this part's minimum X/S/N; see STEP for shaped parts; NOT machining approval
lean_beam_lower_full,clip_mvp_ledge_2_beam_1,666.0,-2.7000623958883807e-13,18.0,26.220472440944885,-1.063016691294638e-14,0.7086614173228347,4.440892098500626e-15,1.0,-4.440892098500626e-15,35.39999999999984,Entry relative to this part's minimum X/S/N; see STEP for shaped parts; NOT machining approval
lean_beam_lower_full,clip_mvp_ledge_2_beam_2,700.0,-3.552713678800501e-13,34.0,27.559055118110237,-1.3987061727561028e-14,1.3385826771653544,4.440892098500626e-15,1.0,-4.440892098500626e-15,35.4,Entry relative to this part's minimum X/S/N; see STEP for shaped parts; NOT machining approval
lean_beam_lower_full,clip_mvp_ledge_2_beam_3,734.0,-2.7000623958883807e-13,17.999999999999993,28.897637795275593,-1.063016691294638e-14,0.7086614173228344,4.440892098500626e-15,1.0,-4.440892098500626e-15,35.400000000000134,Entry relative to this part's minimum X/S/N; see STEP for shaped parts; NOT machining approval
wood_rail_lower,clip_mvp_ledge_2_ledge_1,665.9999999999999,67.59999999999964,38.10000000000002,26.220472440944878,2.6614173228346316,1.5000000000000009,0.0,4.440892098500626e-15,-0.9999999999999999,35.399999999999885,Entry relative to this part's minimum X/S/N; see STEP for shaped parts; NOT machining approval
wood_rail_lower,clip_mvp_ledge_2_ledge_2,699.9999999999999,83.5999999999998,38.10000000000003,27.559055118110233,3.2913385826771573,1.5000000000000013,0.0,4.440892098500626e-15,-0.9999999999999999,35.39999999999996,Entry relative to this part's minimum X/S/N; see STEP for shaped parts; NOT machining approval
wood_rail_lower,clip_mvp_ledge_2_ledge_3,733.9999999999998,67.59999999999992,38.10000000000002,28.897637795275582,2.6614173228346427,1.5000000000000009,0.0,4.440892098500626e-15,-0.9999999999999999,35.39999999999989,Entry relative to this part's minimum X/S/N; see STEP for shaped parts; NOT machining approval
lean_beam_lower_full,clip_mvp_ledge_3_beam_1,1666.0,-2.7000623958883807e-13,18.0,65.59055118110237,-1.063016691294638e-14,0.7086614173228347,4.440892098500626e-15,1.0,-4.440892098500626e-15,35.39999999999984,Entry relative to this part's minimum X/S/N; see STEP for shaped parts; NOT machining approval
lean_beam_lower_full,clip_mvp_ledge_3_beam_2,1700.0,-3.552713678800501e-13,34.0,66.92913385826772,-1.3987061727561028e-14,1.3385826771653544,4.440892098500626e-15,1.0,-4.440892098500626e-15,35.4,Entry relative to this part's minimum X/S/N; see STEP for shaped parts; NOT machining approval
lean_beam_lower_full,clip_mvp_ledge_3_beam_3,1734.0,-2.7000623958883807e-13,17.999999999999993,68.26771653543308,-1.063016691294638e-14,0.7086614173228344,4.440892098500626e-15,1.0,-4.440892098500626e-15,35.400000000000134,Entry relative to this part's minimum X/S/N; see STEP for shaped parts; NOT machining approval
wood_rail_lower,clip_mvp_ledge_3_ledge_1,1666.0,67.59999999999964,38.100000000000016,65.59055118110237,2.6614173228346316,1.5000000000000007,0.0,4.440892098500626e-15,-0.9999999999999999,35.39999999999988,Entry relative to this part's minimum X/S/N; see STEP for shaped parts; NOT machining approval
wood_rail_lower,clip_mvp_ledge_3_ledge_2,1700.0,83.5999999999998,38.10000000000003,66.92913385826772,3.2913385826771573,1.5000000000000013,0.0,4.440892098500626e-15,-0.9999999999999999,35.39999999999996,Entry relative to this part's minimum X/S/N; see STEP for shaped parts; NOT machining approval
wood_rail_lower,clip_mvp_ledge_3_ledge_3,1734.0,67.59999999999992,38.10000000000002,68.26771653543308,2.6614173228346427,1.5000000000000009,0.0,4.440892098500626e-15,-0.9999999999999999,35.39999999999989,Entry relative to this part's minimum X/S/N; see STEP for shaped parts; NOT machining approval
lean_beam_lower_full,clip_mvp_ledge_4_beam_1,2066.0,-2.7000623958883807e-13,18.0,81.33858267716536,-1.063016691294638e-14,0.7086614173228347,4.440892098500626e-15,1.0,-4.440892098500626e-15,35.39999999999984,Entry relative to this part's minimum X/S/N; see STEP for shaped parts; NOT machining approval
lean_beam_lower_full,clip_mvp_ledge_4_beam_2,2100.0,-3.552713678800501e-13,34.0,82.67716535433071,-1.3987061727561028e-14,1.3385826771653544,4.440892098500626e-15,1.0,-4.440892098500626e-15,35.4,Entry relative to this part's minimum X/S/N; see STEP for shaped parts; NOT machining approval
lean_beam_lower_full,clip_mvp_ledge_4_beam_3,2134.0,-2.7000623958883807e-13,17.999999999999993,84.01574803149607,-1.063016691294638e-14,0.7086614173228344,4.440892098500626e-15,1.0,-4.440892098500626e-15,35.400000000000134,Entry relative to this part's minimum X/S/N; see STEP for shaped parts; NOT machining approval
wood_rail_lower,clip_mvp_ledge_4_ledge_1,2066.0,67.59999999999964,38.100000000000016,81.33858267716536,2.6614173228346316,1.5000000000000007,0.0,4.440892098500626e-15,-0.9999999999999999,35.39999999999988,Entry relative to this part's minimum X/S/N; see STEP for shaped parts; NOT machining approval
wood_rail_lower,clip_mvp_ledge_4_ledge_2,2100.0,83.5999999999998,38.10000000000003,82.67716535433071,3.2913385826771573,1.5000000000000013,0.0,4.440892098500626e-15,-0.9999999999999999,35.39999999999996,Entry relative to this part's minimum X/S/N; see STEP for shaped parts; NOT machining approval
wood_rail_lower,clip_mvp_ledge_4_ledge_3,2134.0,67.59999999999992,38.10000000000002,84.01574803149607,2.6614173228346427,1.5000000000000009,0.0,4.440892098500626e-15,-0.9999999999999999,35.39999999999989,Entry relative to this part's minimum X/S/N; see STEP for shaped parts; NOT machining approval
