
************************************************************

CalculiX Version 2.21, Copyright(C) 1998-2023 Guido Dhondt
CalculiX comes with ABSOLUTELY NO WARRANTY. This is free
software, and you are welcome to redistribute it under
certain conditions, see gpl.htm

************************************************************

You are using an executable made on Sat Jul 29 10:52:01 CEST 2023

  The numbers below are estimated upper bounds

  number of:

   nodes:           35
   elements:           99
   one-dimensional elements:            0
   two-dimensional elements:            0
   integration points per element:            8
   degrees of freedom per node:            3
   layers per element:            1

   distributed facial loads:            0
   distributed volumetric loads:            0
   concentrated loads:           18
   single point constraints:           39
   multiple point constraints:            1
   terms in all multiple point constraints:            1
   tie constraints:            1
   dependent nodes tied by cyclic constraints:            0
   dependent nodes in pre-tension constraints:            0

   sets:            9
   terms in all sets:           94

   materials:            2
   constants per material and temperature:            8
   temperature points per material:            1
   plastic data points per material:            0

   orientations:            0
   amplitudes:            5
   data points in all amplitudes:            5
   print requests:           10
   transformations:            0
   property cards:            0

 *INFO reading *SURFACE BEHAVIOR: the tension
       value at large clearances
       (only relevant for node-to-surface contact)
       must be strictly positive
       the following default will be used:  0.10000000000000001     
       the user is advised to analyze the results
       carefully

 STEP            1

 *INFO reading *STEP: nonlinear geometric
       effects are turned on

 Static analysis was selected

 Newton-Raphson iterative procedure is active

 Nonlinear geometric effects are taken into account

 Decascading the MPC's

 Determining the structure of the matrix:
 Using up to 2 cpu(s) for setting up the structure of the matrix.
 number of equations
 75
 number of nonzero lower triangular matrix elements
 1143

 increment 1 attempt 1 
 increment size= 1.250000e-01
 sum of previous increments=0.000000e+00
 actual step time=1.250000e-01
 actual total time=1.250000e-01

 iteration 1

 Determining the structure of the matrix:

 Using up to 2 cpu(s) for setting up the structure of the matrix.
 number of equations
 75
 number of nonzero lower triangular matrix elements
 1143

 Using up to 2 cpu(s) for the stress calculation.

 Using up to 2 cpu(s) for the symmetric stiffness/mass contributions.

 Using up to 2 cpu(s) for the stress calculation.

 Using up to 2 cpu(s) for the symmetric stiffness/mass contributions.

 Factoring the system of equations using the unsymmetric spooles solver
 Using 1 cpu for spooles.

MORTAR_OBSERVER {"kind":"BEGIN","call_id":1,"step":1,"inc":1,"cutback":0,"iteration":1,"time":0.125,"dtime":0.125,"ttime":0,"tper":1,"theta":0,"dtheta":0.125,"icntrl":0,"nmethod":1,"iexpl":0,"ithermal":0,"uncoupled":0,"mortar":2,"iflagdualquad":2}
MORTAR_OBSERVER {"kind":"INVENTORY","call_id":1,"pair_count":1,"slave_count":9}
MORTAR_OBSERVER {"kind":"PAIR","call_id":1,"pair":0,"start":0,"end":9}
MORTAR_OBSERVER {"kind":"PRE_RAW","call_id":1,"pair":0,"slot":0,"node":1,"activity":1,"lambda_raw":[6.346030694642671e-05,6.346030694642629e-05,-0.0016483202441616553],"lambda_start":[0,0,0],"ddtil_count":1}
MORTAR_OBSERVER {"kind":"DDTIL","call_id":1,"pair":0,"column_slot":0,"source_slot":0,"destination_slot":0,"entry":0,"value":1333.3333532015426}
MORTAR_OBSERVER {"kind":"PRE_RAW","call_id":1,"pair":0,"slot":1,"node":2,"activity":1,"lambda_raw":[-8.1731687551247673e-06,3.2603120113742946e-05,-0.0015972034818648357],"lambda_start":[0,0,0],"ddtil_count":1}
MORTAR_OBSERVER {"kind":"DDTIL","call_id":1,"pair":0,"column_slot":1,"source_slot":1,"destination_slot":1,"entry":1,"value":666.66667660077144}
MORTAR_OBSERVER {"kind":"PRE_RAW","call_id":1,"pair":0,"slot":2,"node":3,"activity":1,"lambda_raw":[1.2697442084211028e-05,1.2697442084210048e-05,-0.0015711219570353934],"lambda_start":[0,0,0],"ddtil_count":1}
MORTAR_OBSERVER {"kind":"DDTIL","call_id":1,"pair":0,"column_slot":2,"source_slot":2,"destination_slot":2,"entry":2,"value":1333.3333532015431}
MORTAR_OBSERVER {"kind":"PRE_RAW","call_id":1,"pair":0,"slot":3,"node":4,"activity":1,"lambda_raw":[3.2603120113743583e-05,-8.1731687551245217e-06,-0.0015972034818648316],"lambda_start":[0,0,0],"ddtil_count":1}
MORTAR_OBSERVER {"kind":"DDTIL","call_id":1,"pair":0,"column_slot":3,"source_slot":3,"destination_slot":3,"entry":3,"value":666.6666766007711}
MORTAR_OBSERVER {"kind":"PRE_RAW","call_id":1,"pair":0,"slot":4,"node":17,"activity":1,"lambda_raw":[-9.2097281212231123e-05,-1.2124615081121118e-05,-0.0014125387672309692],"lambda_start":[0,0,0],"ddtil_count":1}
MORTAR_OBSERVER {"kind":"DDTIL","call_id":1,"pair":0,"column_slot":4,"source_slot":4,"destination_slot":4,"entry":4,"value":999.99999006588939}
MORTAR_OBSERVER {"kind":"PRE_RAW","call_id":1,"pair":0,"slot":5,"node":18,"activity":1,"lambda_raw":[3.9600577227461583e-05,-4.1459778433790853e-05,-0.001455793778162976],"lambda_start":[0,0,0],"ddtil_count":1}
MORTAR_OBSERVER {"kind":"DDTIL","call_id":1,"pair":0,"column_slot":5,"source_slot":5,"destination_slot":5,"entry":5,"value":999.99999006588848}
MORTAR_OBSERVER {"kind":"PRE_RAW","call_id":1,"pair":0,"slot":6,"node":19,"activity":1,"lambda_raw":[-2.0793612801462266e-05,-2.0793612801462043e-05,-0.0014205703273221641],"lambda_start":[0,0,0],"ddtil_count":1}
MORTAR_OBSERVER {"kind":"DDTIL","call_id":1,"pair":0,"column_slot":6,"source_slot":6,"destination_slot":6,"entry":6,"value":1999.9999801317781}
MORTAR_OBSERVER {"kind":"PRE_RAW","call_id":1,"pair":0,"slot":7,"node":23,"activity":1,"lambda_raw":[-4.1459778433790799e-05,3.9600577227461474e-05,-0.0014557937781629745],"lambda_start":[0,0,0],"ddtil_count":1}
MORTAR_OBSERVER {"kind":"DDTIL","call_id":1,"pair":0,"column_slot":7,"source_slot":7,"destination_slot":7,"entry":7,"value":999.99999006588996}
MORTAR_OBSERVER {"kind":"PRE_RAW","call_id":1,"pair":0,"slot":8,"node":24,"activity":1,"lambda_raw":[-1.2124615081119427e-05,-9.2097281212230689e-05,-0.00141253876723097],"lambda_start":[0,0,0],"ddtil_count":1}
MORTAR_OBSERVER {"kind":"DDTIL","call_id":1,"pair":0,"column_slot":8,"source_slot":8,"destination_slot":8,"entry":8,"value":999.99999006588905}
MORTAR_OBSERVER {"kind":"LAW","call_id":1,"pair":0,"slot":0,"node":1,"activity":1,"ndof":3,"normal":[0,0,-1],"tangents":[1,-0,0,-0,1,0],"ln":2.1977603582980452,"lt":[0.084613743856078269,0.084613743856077714],"lt_start":[0,0],"q":0.00021977603582979711,"ut":[0.00084613743856079137,0.00084613743856080275],"gn":0.00021977603582980451,"gt":[0.00084613743856078269,0.00084613743856077716],"b":0.65932808529037401,"constant_n":10000000000,"constant_t":100,"mu":0.29999999999999999,"normal_mode":1,"tangent_mode":1,"normal_inverse_stiffness":0.0001,"tangent_inverse_stiffness":0.01,"p0":0,"beta":0,"iwan":1,"rn":2.2199039495518491e-08,"rt":[8.6736173798840355e-18,2.5587171270657905e-17]}
MORTAR_OBSERVER {"kind":"LAW","call_id":1,"pair":0,"slot":1,"node":2,"activity":1,"ndof":3,"normal":[0,0,-1],"tangents":[1,-0,0,-0,1,0],"ln":1.0648023371100106,"lt":[-0.0054487792512762931,0.021735413733044776],"lt_start":[0,0],"q":0.00010648023371101091,"ut":[-5.4487792512750739e-05,0.00021735413733044794],"gn":0.00010648023371100107,"gt":[-5.448779251276293e-05,0.00021735413733044777],"b":0.31944073065040729,"constant_n":10000000000,"constant_t":100,"mu":0.29999999999999999,"normal_mode":1,"tangent_mode":1,"normal_inverse_stiffness":0.0001,"tangent_inverse_stiffness":0.01,"p0":0,"beta":0,"iwan":1,"rn":-2.951740413204007e-08,"rt":[1.219049817688389e-17,1.6263032587282567e-19]}
MORTAR_OBSERVER {"kind":"LAW","call_id":1,"pair":0,"slot":2,"node":3,"activity":1,"ndof":3,"normal":[0,0,-1],"tangents":[1,-0,0,-0,1,0],"ln":2.0948293072625717,"lt":[0.016929923031223478,0.016929923031222174],"lt_start":[0,0],"q":0.00020948293072627381,"ut":[0.00016929923031221855,0.00016929923031220917],"gn":0.00020948293072625717,"gt":[0.00016929923031223478,0.00016929923031222175],"b":0.62844884210628149,"constant_n":10000000000,"constant_t":100,"mu":0.29999999999999999,"normal_mode":1,"tangent_mode":1,"normal_inverse_stiffness":0.0001,"tangent_inverse_stiffness":0.01,"p0":0,"beta":0,"iwan":1,"rn":-4.9927510015201904e-08,"rt":[-1.6235927532970429e-17,-1.2576745200831851e-17]}
MORTAR_OBSERVER {"kind":"LAW","call_id":1,"pair":0,"slot":3,"node":4,"activity":1,"ndof":3,"normal":[0,0,-1],"tangents":[1,-0,0,-0,1,0],"ln":1.0648023371100073,"lt":[0.021735413733045189,-0.0054487792512761266],"lt_start":[0,0],"q":0.00010648023371099755,"ut":[0.0002173541373304568,-5.4487792512752237e-05],"gn":0.00010648023371100073,"gt":[0.00021735413733045189,-5.4487792512761269e-05],"b":0.31944069157847055,"constant_n":10000000000,"constant_t":100,"mu":0.29999999999999999,"normal_mode":1,"tangent_mode":1,"normal_inverse_stiffness":0.0001,"tangent_inverse_stiffness":0.01,"p0":0,"beta":0,"iwan":1,"rn":9.5545316103340383e-09,"rt":[4.9060148304969076e-18,9.0327593495198588e-18]}
MORTAR_OBSERVER {"kind":"LAW","call_id":1,"pair":0,"slot":4,"node":17,"activity":1,"ndof":3,"normal":[0,0,-1],"tangents":[1,-0,0,-0,1,0],"ln":1.4125387531986529,"lt":[-0.092097280297326542,-0.01212461496067385],"lt_start":[0,0],"q":0.0001412538753198647,"ut":[-0.0009209728029732719,-0.00012124614960672302],"gn":0.00014125387531986529,"gt":[-0.0009209728029732654,-0.00012124614960673851],"b":0.42376162417066227,"constant_n":10000000000,"constant_t":100,"mu":0.29999999999999999,"normal_mode":1,"tangent_mode":1,"normal_inverse_stiffness":0.0001,"tangent_inverse_stiffness":0.01,"p0":0,"beta":0,"iwan":1,"rn":1.7889335568455067e-09,"rt":[-6.5052130349130266e-18,1.5490538539386645e-17]}
MORTAR_OBSERVER {"kind":"LAW","call_id":1,"pair":0,"slot":5,"node":18,"activity":1,"ndof":3,"normal":[0,0,-1],"tangents":[1,-0,0,-0,1,0],"ln":1.4557937637009584,"lt":[0.039600576834065031,-0.041459778021924791],"lt_start":[0,0],"q":0.00014557937637009292,"ut":[0.00039600576834064783,-0.00041459778021925547],"gn":0.00014557937637009585,"gt":[0.00039600576834065033,-0.00041459778021924793],"b":0.43673812032824988,"constant_n":10000000000,"constant_t":100,"mu":0.29999999999999999,"normal_mode":1,"tangent_mode":1,"normal_inverse_stiffness":0.0001,"tangent_inverse_stiffness":0.01,"p0":0,"beta":0,"iwan":1,"rn":8.7820375971325859e-09,"rt":[-2.4936649967166602e-18,-7.5352050987742558e-18]}
MORTAR_OBSERVER {"kind":"LAW","call_id":1,"pair":0,"slot":6,"node":19,"activity":1,"ndof":3,"normal":[0,0,-1],"tangents":[1,-0,0,-0,1,0],"ln":2.8411406264201218,"lt":[-0.041587225189792416,-0.041587225189791972],"lt_start":[0,0],"q":0.00028411406264202375,"ut":[-0.00041587225189792642,-0.00041587225189795938],"gn":0.00028411406264201221,"gt":[-0.0004158722518979242,-0.00041587225189791975],"b":0.85234222256629599,"constant_n":10000000000,"constant_t":100,"mu":0.29999999999999999,"normal_mode":1,"tangent_mode":1,"normal_inverse_stiffness":0.0001,"tangent_inverse_stiffness":0.01,"p0":0,"beta":0,"iwan":1,"rn":-3.4640259438667442e-08,"rt":[-2.2226144535952841e-18,-3.9627589404345187e-17]}
MORTAR_OBSERVER {"kind":"LAW","call_id":1,"pair":0,"slot":7,"node":23,"activity":1,"ndof":3,"normal":[0,0,-1],"tangents":[1,-0,0,-0,1,0],"ln":1.455793763700959,"lt":[-0.041459778021924798,0.039600576834064982],"lt_start":[0,0],"q":0.0001455793763701016,"ut":[-0.0004145977802192456,0.000396005768340639],"gn":0.00014557937637009591,"gt":[-0.00041459778021924799,0.00039600576834064984],"b":0.43673814618647189,"constant_n":10000000000,"constant_t":100,"mu":0.29999999999999999,"normal_mode":1,"tangent_mode":1,"normal_inverse_stiffness":0.0001,"tangent_inverse_stiffness":0.01,"p0":0,"beta":0,"iwan":1,"rn":-1.7076184188891119e-08,"rt":[2.3852447794681098e-18,-1.0842021724855044e-17]}
MORTAR_OBSERVER {"kind":"LAW","call_id":1,"pair":0,"slot":8,"node":24,"activity":1,"ndof":3,"normal":[0,0,-1],"tangents":[1,-0,0,-0,1,0],"ln":1.4125387531986533,"lt":[-0.012124614960672155,-0.092097280297326084],"lt_start":[0,0],"q":0.00014125387531987131,"ut":[-0.00012124614960672695,-0.00092097280297327787],"gn":0.00014125387531986535,"gt":[-0.00012124614960672155,-0.00092097280297326084],"b":0.42376164384893183,"constant_n":10000000000,"constant_t":100,"mu":0.29999999999999999,"normal_mode":1,"tangent_mode":1,"normal_inverse_stiffness":0.0001,"tangent_inverse_stiffness":0.01,"p0":0,"beta":0,"iwan":1,"rn":-1.7889335846010823e-08,"rt":[-5.3939058081153846e-18,-1.702197410802242e-17]}
MORTAR_OBSERVER {"kind":"POST_RAW_AFTER_ACTIVE_LOOP","call_id":1,"pair":0,"slot":0,"node":1,"activity":1,"lambda_raw":[6.346030694642671e-05,6.346030694642629e-05,-0.0016483202441616553],"gap":-0.00021977603582979711}
MORTAR_OBSERVER {"kind":"POST_RAW_AFTER_ACTIVE_LOOP","call_id":1,"pair":0,"slot":1,"node":2,"activity":1,"lambda_raw":[-8.1731687551247673e-06,3.2603120113742946e-05,-0.0015972034818648357],"gap":-0.00010648023371101091}
MORTAR_OBSERVER {"kind":"POST_RAW_AFTER_ACTIVE_LOOP","call_id":1,"pair":0,"slot":2,"node":3,"activity":1,"lambda_raw":[1.2697442084211028e-05,1.2697442084210048e-05,-0.0015711219570353934],"gap":-0.00020948293072627381}
MORTAR_OBSERVER {"kind":"POST_RAW_AFTER_ACTIVE_LOOP","call_id":1,"pair":0,"slot":3,"node":4,"activity":1,"lambda_raw":[3.2603120113743583e-05,-8.1731687551245217e-06,-0.0015972034818648316],"gap":-0.00010648023371099755}
MORTAR_OBSERVER {"kind":"POST_RAW_AFTER_ACTIVE_LOOP","call_id":1,"pair":0,"slot":4,"node":17,"activity":1,"lambda_raw":[-9.2097281212231123e-05,-1.2124615081121118e-05,-0.0014125387672309692],"gap":-0.0001412538753198647}
MORTAR_OBSERVER {"kind":"POST_RAW_AFTER_ACTIVE_LOOP","call_id":1,"pair":0,"slot":5,"node":18,"activity":1,"lambda_raw":[3.9600577227461583e-05,-4.1459778433790853e-05,-0.001455793778162976],"gap":-0.00014557937637009292}
MORTAR_OBSERVER {"kind":"POST_RAW_AFTER_ACTIVE_LOOP","call_id":1,"pair":0,"slot":6,"node":19,"activity":1,"lambda_raw":[-2.0793612801462266e-05,-2.0793612801462043e-05,-0.0014205703273221641],"gap":-0.00028411406264202375}
MORTAR_OBSERVER {"kind":"POST_RAW_AFTER_ACTIVE_LOOP","call_id":1,"pair":0,"slot":7,"node":23,"activity":1,"lambda_raw":[-4.1459778433790799e-05,3.9600577227461474e-05,-0.0014557937781629745],"gap":-0.0001455793763701016}
MORTAR_OBSERVER {"kind":"POST_RAW_AFTER_ACTIVE_LOOP","call_id":1,"pair":0,"slot":8,"node":24,"activity":1,"lambda_raw":[-1.2124615081119427e-05,-9.2097281212230689e-05,-0.00141253876723097],"gap":-0.00014125387531987131}
MORTAR_OBSERVER {"kind":"SUMMARY_PRE_OVERRIDE","call_id":1,"ndiverg":14,"flag":0,"keepset":0,"max_n":4.9927510015201904e-08,"max_t":[1.6235927532970429e-17,3.9627589404345187e-17],"lm_t_av":[0.35559733517540415,0.35559733517540248],"nstick":9,"nslip":0,"ninactive":0,"nnogap":0,"nolm":0}
MORTAR_OBSERVER {"kind":"SUMMARY_POST_OVERRIDE","call_id":1,"flag":0}
MORTAR_OBSERVER {"kind":"RETURN","call_id":1}
 Using up to 2 cpu(s) for the stress calculation.

 average force= 0.583723
 time avg. forc= 0.583723
 largest residual force= 0.000002 in node 19 and dof 3
 largest increment of disp= 4.640047e-05
 largest correction to disp= 4.640047e-05 in node 8 and dof 3

MORTAR_OBSERVER {"kind":"PRE_CHECK","call_id":1,"step":1,"inc":1,"cutback":0,"iteration":1,"time":0.125,"dtime":0.125,"ttime":0,"tper":1,"theta":0,"dtheta":0.125,"icntrl":0,"nmethod":1,"iexpl":0,"ithermal":0,"uncoupled":0,"mortar":2,"iflagdualquad":2}
 no convergence

MORTAR_OBSERVER {"kind":"POST_CHECK","call_id":1,"step":1,"inc":1,"cutback":0,"iteration":2,"time":0.125,"dtime":0.125,"ttime":0,"tper":1,"theta":0,"dtheta":0.125,"icntrl":0,"nmethod":1,"iexpl":0,"ithermal":0,"uncoupled":0,"mortar":2,"iflagdualquad":2}
 iteration 2

 Determining the structure of the matrix:

 Using up to 2 cpu(s) for setting up the structure of the matrix.
 number of equations
 75
 number of nonzero lower triangular matrix elements
 1143

 Using up to 2 cpu(s) for the stress calculation.

 Using up to 2 cpu(s) for the symmetric stiffness/mass contributions.

 Using up to 2 cpu(s) for the stress calculation.

 Using up to 2 cpu(s) for the symmetric stiffness/mass contributions.

 Factoring the system of equations using the unsymmetric spooles solver
 Using 1 cpu for spooles.

MORTAR_OBSERVER {"kind":"BEGIN","call_id":2,"step":1,"inc":1,"cutback":0,"iteration":2,"time":0.125,"dtime":0.125,"ttime":0,"tper":1,"theta":0,"dtheta":0.125,"icntrl":0,"nmethod":1,"iexpl":0,"ithermal":0,"uncoupled":0,"mortar":2,"iflagdualquad":2}
MORTAR_OBSERVER {"kind":"INVENTORY","call_id":2,"pair_count":1,"slave_count":9}
MORTAR_OBSERVER {"kind":"PAIR","call_id":2,"pair":0,"start":0,"end":9}
MORTAR_OBSERVER {"kind":"PRE_RAW","call_id":2,"pair":0,"slot":0,"node":1,"activity":1,"lambda_raw":[6.3460334953534261e-05,6.3460334953534234e-05,-0.0016483203268774791],"lambda_start":[0,0,0],"ddtil_count":1}
MORTAR_OBSERVER {"kind":"DDTIL","call_id":2,"pair":0,"column_slot":0,"source_slot":0,"destination_slot":0,"entry":0,"value":1333.3333532015426}
MORTAR_OBSERVER {"kind":"PRE_RAW","call_id":2,"pair":0,"slot":1,"node":2,"activity":1,"lambda_raw":[-8.1731685680145591e-06,3.2603129716154484e-05,-0.0015972034858837212],"lambda_start":[0,0,0],"ddtil_count":1}
MORTAR_OBSERVER {"kind":"DDTIL","call_id":2,"pair":0,"column_slot":1,"source_slot":1,"destination_slot":1,"entry":1,"value":666.66667660077144}
MORTAR_OBSERVER {"kind":"PRE_RAW","call_id":2,"pair":0,"slot":2,"node":3,"activity":1,"lambda_raw":[1.2697450403087914e-05,1.269745040308787e-05,-0.0015711219394838774],"lambda_start":[0,0,0],"ddtil_count":1}
MORTAR_OBSERVER {"kind":"DDTIL","call_id":2,"pair":0,"column_slot":2,"source_slot":2,"destination_slot":2,"entry":2,"value":1333.3333532015431}
MORTAR_OBSERVER {"kind":"PRE_RAW","call_id":2,"pair":0,"slot":3,"node":4,"activity":1,"lambda_raw":[3.2603129716154579e-05,-8.1731685680145489e-06,-0.0015972034858837236],"lambda_start":[0,0,0],"ddtil_count":1}
MORTAR_OBSERVER {"kind":"DDTIL","call_id":2,"pair":0,"column_slot":3,"source_slot":3,"destination_slot":3,"entry":3,"value":666.6666766007711}
MORTAR_OBSERVER {"kind":"PRE_RAW","call_id":2,"pair":0,"slot":4,"node":17,"activity":1,"lambda_raw":[-9.2097293532809071e-05,-1.2124623475717812e-05,-0.0014125387235691832],"lambda_start":[0,0,0],"ddtil_count":1}
MORTAR_OBSERVER {"kind":"DDTIL","call_id":2,"pair":0,"column_slot":4,"source_slot":4,"destination_slot":4,"entry":4,"value":999.99999006588939}
MORTAR_OBSERVER {"kind":"PRE_RAW","call_id":2,"pair":0,"slot":5,"node":18,"activity":1,"lambda_raw":[3.9600594251638715e-05,-4.1459789106204761e-05,-0.0014557937804597783],"lambda_start":[0,0,0],"ddtil_count":1}
MORTAR_OBSERVER {"kind":"DDTIL","call_id":2,"pair":0,"column_slot":5,"source_slot":5,"destination_slot":5,"entry":5,"value":999.99999006588848}
MORTAR_OBSERVER {"kind":"PRE_RAW","call_id":2,"pair":0,"slot":6,"node":19,"activity":1,"lambda_raw":[-2.0793615648605584e-05,-2.0793615648605899e-05,-0.0014205703225650273],"lambda_start":[0,0,0],"ddtil_count":1}
MORTAR_OBSERVER {"kind":"DDTIL","call_id":2,"pair":0,"column_slot":6,"source_slot":6,"destination_slot":6,"entry":6,"value":1999.9999801317781}
MORTAR_OBSERVER {"kind":"PRE_RAW","call_id":2,"pair":0,"slot":7,"node":23,"activity":1,"lambda_raw":[-4.1459789106204368e-05,3.9600594251638878e-05,-0.0014557937804597779],"lambda_start":[0,0,0],"ddtil_count":1}
MORTAR_OBSERVER {"kind":"DDTIL","call_id":2,"pair":0,"column_slot":7,"source_slot":7,"destination_slot":7,"entry":7,"value":999.99999006588996}
MORTAR_OBSERVER {"kind":"PRE_RAW","call_id":2,"pair":0,"slot":8,"node":24,"activity":1,"lambda_raw":[-1.2124623475717653e-05,-9.209729353280922e-05,-0.0014125387235691829],"lambda_start":[0,0,0],"ddtil_count":1}
MORTAR_OBSERVER {"kind":"DDTIL","call_id":2,"pair":0,"column_slot":8,"source_slot":8,"destination_slot":8,"entry":8,"value":999.99999006588905}
MORTAR_OBSERVER {"kind":"LAW","call_id":2,"pair":0,"slot":0,"node":1,"activity":1,"ndof":3,"normal":[0,0,-1],"tangents":[1,-0,0,-0,1,0],"ln":2.1977604685858121,"lt":[0.084613781198888904,0.084613781198888863],"lt_start":[0,0],"q":0.00021977604685858123,"ut":[0.00084613781198888917,0.00084613781198888884],"gn":0.00021977604685858123,"gt":[0.00084613781198888906,0.00084613781198888862],"b":0.65932814057574363,"constant_n":10000000000,"constant_t":100,"mu":0.29999999999999999,"normal_mode":1,"tangent_mode":1,"normal_inverse_stiffness":0.0001,"tangent_inverse_stiffness":0.01,"p0":0,"beta":0,"iwan":1,"rn":0,"rt":[1.0842021724855044e-19,2.1684043449710089e-19]}
MORTAR_OBSERVER {"kind":"LAW","call_id":2,"pair":0,"slot":1,"node":2,"activity":1,"ndof":3,"normal":[0,0,-1],"tangents":[1,-0,0,-0,1,0],"ln":1.0648023397892676,"lt":[-0.0054487791265361522,0.021735420134652562],"lt_start":[0,0],"q":0.00010648023397892673,"ut":[-5.448779126536151e-05,0.00021735420134652561],"gn":0.00010648023397892677,"gt":[-5.4487791265361523e-05,0.00021735420134652561],"b":0.31944070181480749,"constant_n":10000000000,"constant_t":100,"mu":0.29999999999999999,"normal_mode":1,"tangent_mode":1,"normal_inverse_stiffness":0.0001,"tangent_inverse_stiffness":0.01,"p0":0,"beta":0,"iwan":1,"rn":1.2197276522130096e-10,"rt":[1.3552527156068805e-20,0]}
MORTAR_OBSERVER {"kind":"LAW","call_id":2,"pair":0,"slot":2,"node":3,"activity":1,"ndof":3,"normal":[0,0,-1],"tangents":[1,-0,0,-0,1,0],"ln":2.09482928386055,"lt":[0.016929934123059494,0.016929934123059435],"lt_start":[0,0],"q":0.00020948292838605506,"ut":[0.00016929934123059497,0.00016929934123059438],"gn":0.000209482928386055,"gt":[0.00016929934123059495,0.00016929934123059435],"b":0.62844878532079529,"constant_n":10000000000,"constant_t":100,"mu":0.29999999999999999,"normal_mode":1,"tangent_mode":1,"normal_inverse_stiffness":0.0001,"tangent_inverse_stiffness":0.01,"p0":0,"beta":0,"iwan":1,"rn":-1.6263035362840128e-10,"rt":[2.7105054312137611e-20,2.7105054312137611e-20]}
MORTAR_OBSERVER {"kind":"LAW","call_id":2,"pair":0,"slot":3,"node":4,"activity":1,"ndof":3,"normal":[0,0,-1],"tangents":[1,-0,0,-0,1,0],"ln":1.0648023397892685,"lt":[0.021735420134652614,-0.0054487791265361426],"lt_start":[0,0],"q":0.00010648023397892685,"ut":[0.00021735420134652613,-5.4487791265361428e-05],"gn":0.00010648023397892686,"gt":[0.00021735420134652616,-5.4487791265361428e-05],"b":0.31944070189612295,"constant_n":10000000000,"constant_t":100,"mu":0.29999999999999999,"normal_mode":1,"tangent_mode":1,"normal_inverse_stiffness":0.0001,"tangent_inverse_stiffness":0.01,"p0":0,"beta":0,"iwan":1,"rn":4.065758840710032e-11,"rt":[-2.7105054312137611e-20,0]}
MORTAR_OBSERVER {"kind":"LAW","call_id":2,"pair":0,"slot":4,"node":17,"activity":1,"ndof":3,"normal":[0,0,-1],"tangents":[1,-0,0,-0,1,0],"ln":1.4125387095368673,"lt":[-0.092097292617904364,-0.012124623355270462],"lt_start":[0,0],"q":0.00014125387095368673,"ut":[-0.00092097292617904377,-0.00012124623355270463],"gn":0.00014125387095368673,"gt":[-0.00092097292617904366,-0.00012124623355270463],"b":0.42376161286106018,"constant_n":10000000000,"constant_t":100,"mu":0.29999999999999999,"normal_mode":1,"tangent_mode":1,"normal_inverse_stiffness":0.0001,"tangent_inverse_stiffness":0.01,"p0":0,"beta":0,"iwan":1,"rn":0,"rt":[-1.0842021724855044e-19,0]}
MORTAR_OBSERVER {"kind":"LAW","call_id":2,"pair":0,"slot":5,"node":18,"activity":1,"ndof":3,"normal":[0,0,-1],"tangents":[1,-0,0,-0,1,0],"ln":1.4557937659977607,"lt":[0.039600593858241995,-0.041459788694338591],"lt_start":[0,0],"q":0.00014557937659977606,"ut":[0.00039600593858242001,-0.00041459788694338598],"gn":0.00014557937659977609,"gt":[0.00039600593858241996,-0.00041459788694338593],"b":0.43673812971801301,"constant_n":10000000000,"constant_t":100,"mu":0.29999999999999999,"normal_mode":1,"tangent_mode":1,"normal_inverse_stiffness":0.0001,"tangent_inverse_stiffness":0.01,"p0":0,"beta":0,"iwan":1,"rn":8.131517681420064e-11,"rt":[5.4210108624275222e-20,-5.4210108624275222e-20]}
MORTAR_OBSERVER {"kind":"LAW","call_id":2,"pair":0,"slot":6,"node":19,"activity":1,"ndof":3,"normal":[0,0,-1],"tangents":[1,-0,0,-0,1,0],"ln":2.8411406169058484,"lt":[-0.041587230884079,-0.041587230884079632],"lt_start":[0,0],"q":0.00028411406169058474,"ut":[-0.00041587230884078988,-0.00041587230884079622],"gn":0.00028411406169058485,"gt":[-0.00041587230884079004,-0.00041587230884079633],"b":0.85234218474649392,"constant_n":10000000000,"constant_t":100,"mu":0.29999999999999999,"normal_mode":1,"tangent_mode":1,"normal_inverse_stiffness":0.0001,"tangent_inverse_stiffness":0.01,"p0":0,"beta":0,"iwan":1,"rn":3.252605962345001e-10,"rt":[1.6263032587282567e-19,1.0842021724855044e-19]}
MORTAR_OBSERVER {"kind":"LAW","call_id":2,"pair":0,"slot":7,"node":23,"activity":1,"ndof":3,"normal":[0,0,-1],"tangents":[1,-0,0,-0,1,0],"ln":1.4557937659977622,"lt":[-0.041459788694338258,0.039600593858242217],"lt_start":[0,0],"q":0.00014557937659977622,"ut":[-0.00041459788694338262,0.00039600593858242218],"gn":0.00014557937659977622,"gt":[-0.00041459788694338256,0.00039600593858242218],"b":0.43673812979932863,"constant_n":10000000000,"constant_t":100,"mu":0.29999999999999999,"normal_mode":1,"tangent_mode":1,"normal_inverse_stiffness":0.0001,"tangent_inverse_stiffness":0.01,"p0":0,"beta":0,"iwan":1,"rn":0,"rt":[-5.4210108624275222e-20,0]}
MORTAR_OBSERVER {"kind":"LAW","call_id":2,"pair":0,"slot":8,"node":24,"activity":1,"ndof":3,"normal":[0,0,-1],"tangents":[1,-0,0,-0,1,0],"ln":1.4125387095368664,"lt":[-0.012124623355270297,-0.092097292617904489],"lt_start":[0,0],"q":0.00014125387095368662,"ut":[-0.00012124623355270296,-0.00092097292617904453],"gn":0.00014125387095368665,"gt":[-0.00012124623355270297,-0.00092097292617904485],"b":0.42376161277974478,"constant_n":10000000000,"constant_t":100,"mu":0.29999999999999999,"normal_mode":1,"tangent_mode":1,"normal_inverse_stiffness":0.0001,"tangent_inverse_stiffness":0.01,"p0":0,"beta":0,"iwan":1,"rn":8.1315121303049409e-11,"rt":[1.3552527156068805e-20,3.2526065174565133e-19]}
MORTAR_OBSERVER {"kind":"POST_RAW_AFTER_ACTIVE_LOOP","call_id":2,"pair":0,"slot":0,"node":1,"activity":1,"lambda_raw":[6.3460334953534261e-05,6.3460334953534234e-05,-0.0016483203268774791],"gap":-0.00021977604685858123}
MORTAR_OBSERVER {"kind":"POST_RAW_AFTER_ACTIVE_LOOP","call_id":2,"pair":0,"slot":1,"node":2,"activity":1,"lambda_raw":[-8.1731685680145591e-06,3.2603129716154484e-05,-0.0015972034858837212],"gap":-0.00010648023397892673}
MORTAR_OBSERVER {"kind":"POST_RAW_AFTER_ACTIVE_LOOP","call_id":2,"pair":0,"slot":2,"node":3,"activity":1,"lambda_raw":[1.2697450403087914e-05,1.269745040308787e-05,-0.0015711219394838774],"gap":-0.00020948292838605506}
MORTAR_OBSERVER {"kind":"POST_RAW_AFTER_ACTIVE_LOOP","call_id":2,"pair":0,"slot":3,"node":4,"activity":1,"lambda_raw":[3.2603129716154579e-05,-8.1731685680145489e-06,-0.0015972034858837236],"gap":-0.00010648023397892685}
MORTAR_OBSERVER {"kind":"POST_RAW_AFTER_ACTIVE_LOOP","call_id":2,"pair":0,"slot":4,"node":17,"activity":1,"lambda_raw":[-9.2097293532809071e-05,-1.2124623475717812e-05,-0.0014125387235691832],"gap":-0.00014125387095368673}
MORTAR_OBSERVER {"kind":"POST_RAW_AFTER_ACTIVE_LOOP","call_id":2,"pair":0,"slot":5,"node":18,"activity":1,"lambda_raw":[3.9600594251638715e-05,-4.1459789106204761e-05,-0.0014557937804597783],"gap":-0.00014557937659977606}
MORTAR_OBSERVER {"kind":"POST_RAW_AFTER_ACTIVE_LOOP","call_id":2,"pair":0,"slot":6,"node":19,"activity":1,"lambda_raw":[-2.0793615648605584e-05,-2.0793615648605899e-05,-0.0014205703225650273],"gap":-0.00028411406169058474}
MORTAR_OBSERVER {"kind":"POST_RAW_AFTER_ACTIVE_LOOP","call_id":2,"pair":0,"slot":7,"node":23,"activity":1,"lambda_raw":[-4.1459789106204368e-05,3.9600594251638878e-05,-0.0014557937804597779],"gap":-0.00014557937659977622}
MORTAR_OBSERVER {"kind":"POST_RAW_AFTER_ACTIVE_LOOP","call_id":2,"pair":0,"slot":8,"node":24,"activity":1,"lambda_raw":[-1.2124623475717653e-05,-9.209729353280922e-05,-0.0014125387235691829],"gap":-0.00014125387095368662}
MORTAR_OBSERVER {"kind":"SUMMARY_PRE_OVERRIDE","call_id":2,"ndiverg":14,"flag":0,"keepset":0,"max_n":3.252605962345001e-10,"max_t":[1.6263032587282567e-19,3.2526065174565133e-19],"lm_t_av":[0.35559744399297105,0.35559744399297238],"nstick":9,"nslip":0,"ninactive":0,"nnogap":0,"nolm":0}
MORTAR_OBSERVER {"kind":"SUMMARY_POST_OVERRIDE","call_id":2,"flag":0}
MORTAR_OBSERVER {"kind":"RETURN","call_id":2}
 Using up to 2 cpu(s) for the stress calculation.

 average force= 0.583723
 time avg. forc= 0.583723
 largest residual force= 0.000000 in node 20 and dof 3
 largest increment of disp= 4.640047e-05
 largest correction to disp= 1.861084e-11 in node 6 and dof 3

MORTAR_OBSERVER {"kind":"PRE_CHECK","call_id":2,"step":1,"inc":1,"cutback":0,"iteration":2,"time":0.125,"dtime":0.125,"ttime":0,"tper":1,"theta":0,"dtheta":0.125,"icntrl":0,"nmethod":1,"iexpl":0,"ithermal":0,"uncoupled":0,"mortar":2,"iflagdualquad":2}
 convergence

MORTAR_OBSERVER {"kind":"POST_CHECK","call_id":2,"step":1,"inc":1,"cutback":0,"iteration":2,"time":0.125,"dtime":0.125,"ttime":0,"tper":1,"theta":0.125,"dtheta":0.125,"icntrl":1,"nmethod":1,"iexpl":0,"ithermal":0,"uncoupled":0,"mortar":2,"iflagdualquad":2}
 Using up to 2 cpu(s) for the stress calculation.

 increment 2 attempt 1 
 increment size= 1.250000e-01
 sum of previous increments=1.250000e-01
 actual step time=2.500000e-01
 actual total time=2.500000e-01

 iteration 1

 Determining the structure of the matrix:

 Using up to 2 cpu(s) for setting up the structure of the matrix.
 number of equations
 75
 number of nonzero lower triangular matrix elements
 1143

 Using up to 2 cpu(s) for the stress calculation.

 Using up to 2 cpu(s) for the symmetric stiffness/mass contributions.

 Using up to 2 cpu(s) for the stress calculation.

 Using up to 2 cpu(s) for the symmetric stiffness/mass contributions.

 Factoring the system of equations using the unsymmetric spooles solver
 Using 1 cpu for spooles.

MORTAR_OBSERVER {"kind":"BEGIN","call_id":3,"step":1,"inc":2,"cutback":0,"iteration":1,"time":0.25,"dtime":0.125,"ttime":0,"tper":1,"theta":0.125,"dtheta":0.125,"icntrl":0,"nmethod":1,"iexpl":0,"ithermal":0,"uncoupled":0,"mortar":2,"iflagdualquad":2}
MORTAR_OBSERVER {"kind":"INVENTORY","call_id":3,"pair_count":1,"slave_count":9}
MORTAR_OBSERVER {"kind":"PAIR","call_id":3,"pair":0,"start":0,"end":9}
MORTAR_OBSERVER {"kind":"PRE_RAW","call_id":3,"pair":0,"slot":0,"node":1,"activity":1,"lambda_raw":[0.00016359702957213811,0.00016359702957213784,-0.0032994744990176915],"lambda_start":[6.3460334953534261e-05,6.3460334953534234e-05,-0.0016483203268774791],"ddtil_count":1}
MORTAR_OBSERVER {"kind":"DDTIL","call_id":3,"pair":0,"column_slot":0,"source_slot":0,"destination_slot":0,"entry":0,"value":1333.3335997433437}
MORTAR_OBSERVER {"kind":"PRE_RAW","call_id":3,"pair":0,"slot":1,"node":2,"activity":1,"lambda_raw":[-7.8334655511174281e-06,9.0895061360906403e-05,-0.0032015769452801972],"lambda_start":[-8.1731685680145591e-06,3.2603129716154484e-05,-0.0015972034858837212],"ddtil_count":1}
MORTAR_OBSERVER {"kind":"DDTIL","call_id":3,"pair":0,"column_slot":1,"source_slot":1,"destination_slot":1,"entry":1,"value":666.66682818762149}
MORTAR_OBSERVER {"kind":"PRE_RAW","call_id":3,"pair":0,"slot":2,"node":3,"activity":1,"lambda_raw":[3.2402754456002594e-05,3.2402754456002852e-05,-0.0031437620966923],"lambda_start":[1.2697450403087914e-05,1.269745040308787e-05,-0.0015711219394838774],"ddtil_count":1}
MORTAR_OBSERVER {"kind":"DDTIL","call_id":3,"pair":0,"column_slot":2,"source_slot":2,"destination_slot":2,"entry":2,"value":1333.3336919101241}
MORTAR_OBSERVER {"kind":"PRE_RAW","call_id":3,"pair":0,"slot":3,"node":4,"activity":1,"lambda_raw":[9.0895061360906282e-05,-7.8334655511177652e-06,-0.0032015769452801981],"lambda_start":[3.2603129716154579e-05,-8.1731685680145489e-06,-0.0015972034858837236],"ddtil_count":1}
MORTAR_OBSERVER {"kind":"DDTIL","call_id":3,"pair":0,"column_slot":3,"source_slot":3,"destination_slot":3,"entry":3,"value":666.66682818762126}
MORTAR_OBSERVER {"kind":"PRE_RAW","call_id":3,"pair":0,"slot":4,"node":17,"activity":1,"lambda_raw":[-0.00024261898190964997,-2.9151530663829535e-05,-0.0028222371670838004],"lambda_start":[-9.2097293532809071e-05,-1.2124623475717812e-05,-0.0014125387235691832],"ddtil_count":1}
MORTAR_OBSERVER {"kind":"DDTIL","call_id":3,"pair":0,"column_slot":4,"source_slot":4,"destination_slot":4,"entry":4,"value":1000.0001987296232}
MORTAR_OBSERVER {"kind":"PRE_RAW","call_id":3,"pair":0,"slot":5,"node":18,"activity":1,"lambda_raw":[0.00010475253148762346,-0.00010628064535355092,-0.0029131961691831955],"lambda_start":[3.9600594251638715e-05,-4.1459789106204761e-05,-0.0014557937804597783],"ddtil_count":1}
MORTAR_OBSERVER {"kind":"DDTIL","call_id":3,"pair":0,"column_slot":5,"source_slot":5,"destination_slot":5,"entry":5,"value":1000.0002278349235}
MORTAR_OBSERVER {"kind":"PRE_RAW","call_id":3,"pair":0,"slot":6,"node":19,"activity":1,"lambda_raw":[-5.0868532796438189e-05,-5.0868532796438412e-05,-0.0028346876297352663],"lambda_start":[-2.0793615648605584e-05,-2.0793615648605899e-05,-0.0014205703225650273],"ddtil_count":1}
MORTAR_OBSERVER {"kind":"DDTIL","call_id":3,"pair":0,"column_slot":6,"source_slot":6,"destination_slot":6,"entry":6,"value":2000.0004199023301}
MORTAR_OBSERVER {"kind":"PRE_RAW","call_id":3,"pair":0,"slot":7,"node":23,"activity":1,"lambda_raw":[-0.00010628064535355063,0.0001047525314876237,-0.0029131961691832016],"lambda_start":[-4.1459789106204368e-05,3.9600594251638878e-05,-0.0014557937804597779],"ddtil_count":1}
MORTAR_OBSERVER {"kind":"DDTIL","call_id":3,"pair":0,"column_slot":7,"source_slot":7,"destination_slot":7,"entry":7,"value":1000.0002278349226}
MORTAR_OBSERVER {"kind":"PRE_RAW","call_id":3,"pair":0,"slot":8,"node":24,"activity":1,"lambda_raw":[-2.9151530663829739e-05,-0.00024261898190965011,-0.0028222371670837973],"lambda_start":[-1.2124623475717653e-05,-9.209729353280922e-05,-0.0014125387235691829],"ddtil_count":1}
MORTAR_OBSERVER {"kind":"DDTIL","call_id":3,"pair":0,"column_slot":8,"source_slot":8,"destination_slot":8,"entry":8,"value":1000.0001987296235}
MORTAR_OBSERVER {"kind":"LAW","call_id":3,"pair":0,"slot":0,"node":1,"activity":1,"ndof":3,"normal":[1.8536227970263206e-08,1.853622797026307e-08,-0.99999999999999967],"tangents":[0.99999999999999989,-3.4359174736556559e-16,1.8536227970263202e-08,4.9303806576313238e-32,0.99999999999999989,1.8536227970263073e-08],"ln":4.3993002191232158,"lt":[0.21812933480030541,0.21812933480030514],"lt_start":[0.084613756106317523,0.084613756106317523],"q":0.00043993002191232129,"ut":[0.0004875631142998595,0.00048756311429985863],"gn":0.00043993002191232162,"gt":[0.0013351557869398789,0.0013351557869398761],"b":1.3197900647611829,"constant_n":10000000000,"constant_t":100,"mu":0.29999999999999999,"normal_mode":1,"tangent_mode":1,"normal_inverse_stiffness":0.0001,"tangent_inverse_stiffness":0.01,"p0":0,"beta":0,"iwan":1,"rn":9.7578189972580276e-10,"rt":[-0.00084759267264001941,-0.00084759267264001745]}
MORTAR_OBSERVER {"kind":"LAW","call_id":3,"pair":0,"slot":1,"node":2,"activity":1,"ndof":3,"normal":[1.7098236791290398e-08,-1.0256700926213141e-08,-0.99999999999999978],"tangents":[0.99999999999999989,1.7537150113383989e-16,1.7098236791290398e-08,-0,1,-1.0256700926213143e-08],"ln":2.1343851465977477,"lt":[-0.0052223481269030956,0.060596744147144818],"lt_start":[-0.0054487985717277072,0.021735435998219924],"q":0.00021343851465977496,"ut":[5.69969100132625e-05,0.00017028310911619435],"gn":0.00021343851465977477,"gt":[2.2645044482461161e-06,0.000388613081489249],"b":0.64031554454853046,"constant_n":10000000000,"constant_t":100,"mu":0.29999999999999999,"normal_mode":1,"tangent_mode":1,"normal_inverse_stiffness":0.0001,"tangent_inverse_stiffness":0.01,"p0":0,"beta":0,"iwan":1,"rn":-5.6920612667710202e-10,"rt":[5.4732405565016382e-05,-0.00021832997237305465]}
MORTAR_OBSERVER {"kind":"LAW","call_id":3,"pair":0,"slot":2,"node":3,"activity":1,"ndof":3,"normal":[-1.1301785620334323e-08,-1.1301785620333918e-08,-0.99999999999999989],"tangents":[1,-1.2773035820799112e-16,-1.1301785620334323e-08,-0,1,-1.130178562033392e-08],"ln":4.1916839218932989,"lt":[0.043203731600392245,0.043203731600392592],"lt_start":[0.016929962099112388,0.016929962099112336],"q":0.00041916839218933026,"ut":[9.3274709837255302e-05,9.3274709837260208e-05],"gn":0.00041916839218932993,"gt":[0.00026273769501279859,0.00026273769501280255],"b":1.2575051775437716,"constant_n":10000000000,"constant_t":100,"mu":0.29999999999999999,"normal_mode":1,"tangent_mode":1,"normal_inverse_stiffness":0.0001,"tangent_inverse_stiffness":0.01,"p0":0,"beta":0,"iwan":1,"rn":-9.7578189972580276e-10,"rt":[-0.0001694629851755433,-0.00016946298517554233]}
MORTAR_OBSERVER {"kind":"LAW","call_id":3,"pair":0,"slot":3,"node":4,"activity":1,"ndof":3,"normal":[-1.0256700926212734e-08,1.7098236791290398e-08,-0.99999999999999978],"tangents":[1,1.7537150113383291e-16,-1.0256700926212734e-08,2.4651903288156619e-32,0.99999999999999989,1.7098236791290402e-08],"ln":2.1343851465977477,"lt":[0.060596744147144714,-0.0052223481269033289],"lt_start":[0.02173543599821998,-0.005448798571727702],"q":0.00021343851465977469,"ut":[0.0001702831091161909,5.6996910013259234e-05],"gn":0.00021343851465977477,"gt":[0.00038861308148924732,2.2645044482437309e-06],"b":0.6403155437353788,"constant_n":10000000000,"constant_t":100,"mu":0.29999999999999999,"normal_mode":1,"tangent_mode":1,"normal_inverse_stiffness":0.0001,"tangent_inverse_stiffness":0.01,"p0":0,"beta":0,"iwan":1,"rn":2.4394553044260192e-10,"rt":[-0.00021832997237305641,5.4732405565015501e-05]}
MORTAR_OBSERVER {"kind":"LAW","call_id":3,"pair":0,"slot":4,"node":17,"activity":1,"ndof":3,"normal":[1.8107305806547941e-08,3.8496898137645676e-09,-0.99999999999999989],"tangents":[0.99999999999999989,-6.9707510718187628e-17,1.8107305806547941e-08,-0,1,3.8496898137645684e-09],"ln":2.8222377234405274,"lt":[-0.24261908122835041,-0.029151547321842074],"lt_start":[-0.092097337412545208,-0.012124631323076682],"q":0.00028222377234405282,"ut":[-0.00058609617627093007,-4.9266698129526444e-05],"gn":0.00028222377234405277,"gt":[-0.0015052174381580518,-0.00017026915998765395],"b":0.8466713171947885,"constant_n":10000000000,"constant_t":100,"mu":0.29999999999999999,"normal_mode":1,"tangent_mode":1,"normal_inverse_stiffness":0.0001,"tangent_inverse_stiffness":0.01,"p0":0,"beta":0,"iwan":1,"rn":-1.6263035362840128e-10,"rt":[0.00091912126188712175,0.0001210024618581275]}
MORTAR_OBSERVER {"kind":"LAW","call_id":3,"pair":0,"slot":5,"node":18,"activity":1,"ndof":3,"normal":[2.9918468245123481e-09,-1.0872864232227885e-08,-1],"tangents":[1,3.252994432654489e-17,2.9918468245123481e-09,-0,1,-1.0872864232227885e-08],"ln":2.9131968343800008,"lt":[0.10475254663806977,-0.10628063789319997],"lt_start":[0.039600598918524084,-0.041459782723540908],"q":0.00029131968343800037,"ut":[0.00025507587006708804,-0.00023315244938340444],"gn":0.0002913196834380001,"gt":[0.0006515194771954569,-0.00064820855169659059],"b":0.87395905112715189,"constant_n":10000000000,"constant_t":100,"mu":0.29999999999999999,"normal_mode":1,"tangent_mode":1,"normal_inverse_stiffness":0.0001,"tangent_inverse_stiffness":0.01,"p0":0,"beta":0,"iwan":1,"rn":-8.1315165711970394e-10,"rt":[-0.00039644360712836886,0.00041505610231318615]}
MORTAR_OBSERVER {"kind":"LAW","call_id":3,"pair":0,"slot":6,"node":19,"activity":1,"ndof":3,"normal":[3.6172206659980017e-09,3.6172206659981373e-09,-1],"tangents":[1,-1.3084285346523517e-17,3.6172206659980017e-09,-0,1,3.6172206659981373e-09],"ln":5.669376449026462,"lt":[-0.10173710746007748,-0.10173710746007793],"lt_start":[-0.041587250305533646,-0.041587250305534271],"q":0.00056693764490264604,"ut":[-0.00018751529250538311,-0.00018751529250537292],"gn":0.00056693764490264626,"gt":[-0.00060149857154543837,-0.00060149857154543653],"b":1.7008129340574174,"constant_n":10000000000,"constant_t":100,"mu":0.29999999999999999,"normal_mode":1,"tangent_mode":1,"normal_inverse_stiffness":0.0001,"tangent_inverse_stiffness":0.01,"p0":0,"beta":0,"iwan":1,"rn":6.505211924690002e-10,"rt":[0.00041398327904005526,0.00041398327904006361]}
MORTAR_OBSERVER {"kind":"LAW","call_id":3,"pair":0,"slot":7,"node":23,"activity":1,"ndof":3,"normal":[-1.0872864232227953e-08,2.9918468245126194e-09,-1],"tangents":[1,3.2529944326548046e-17,-1.0872864232227955e-08,-0,1.0000000000000002,2.9918468245126198e-09],"ln":2.9131968343800039,"lt":[-0.10628063789319959,0.10475254663806995],"lt_start":[-0.041459782723540478,0.039600598918524216],"q":0.00029131968343800026,"ut":[-0.00023315244938340772,0.00025507587006708864],"gn":0.00029131968343800043,"gt":[-0.00064820855169659113,0.00065151947719545734],"b":0.87395904982611017,"constant_n":10000000000,"constant_t":100,"mu":0.29999999999999999,"normal_mode":1,"tangent_mode":1,"normal_inverse_stiffness":0.0001,"tangent_inverse_stiffness":0.01,"p0":0,"beta":0,"iwan":1,"rn":4.8789094986290138e-10,"rt":[0.00041505610231318344,-0.0003964436071283687]}
MORTAR_OBSERVER {"kind":"LAW","call_id":3,"pair":0,"slot":8,"node":24,"activity":1,"ndof":3,"normal":[3.8496898137647032e-09,1.8107305806548011e-08,-0.99999999999999989],"tangents":[1,-6.970751071819034e-17,3.8496898137647024e-09,-0,0.99999999999999989,1.8107305806548011e-08],"ln":2.8222377234405251,"lt":[-0.029151547321842268,-0.2426190812283506],"lt_start":[-0.012124631323076521,-0.092097337412545388],"q":0.00028222377234405244,"ut":[-4.9266698129528016e-05,-0.00058609617627093007],"gn":0.00028222377234405255,"gt":[-0.00017026915998765747,-0.0015052174381580523],"b":0.84667131670689688,"constant_n":10000000000,"constant_t":100,"mu":0.29999999999999999,"normal_mode":1,"tangent_mode":1,"normal_inverse_stiffness":0.0001,"tangent_inverse_stiffness":0.01,"p0":0,"beta":0,"iwan":1,"rn":3.252605962345001e-10,"rt":[0.00012100246185812945,0.00091912126188712219]}
MORTAR_OBSERVER {"kind":"POST_RAW_AFTER_ACTIVE_LOOP","call_id":3,"pair":0,"slot":0,"node":1,"activity":1,"lambda_raw":[0.00016359702957213811,0.00016359702957213784,-0.0032994744990176915],"gap":-0.00043993002191232129}
MORTAR_OBSERVER {"kind":"POST_RAW_AFTER_ACTIVE_LOOP","call_id":3,"pair":0,"slot":1,"node":2,"activity":1,"lambda_raw":[-7.8334655511174281e-06,9.0895061360906403e-05,-0.0032015769452801972],"gap":-0.00021343851465977496}
MORTAR_OBSERVER {"kind":"POST_RAW_AFTER_ACTIVE_LOOP","call_id":3,"pair":0,"slot":2,"node":3,"activity":1,"lambda_raw":[3.2402754456002594e-05,3.2402754456002852e-05,-0.0031437620966923],"gap":-0.00041916839218933026}
MORTAR_OBSERVER {"kind":"POST_RAW_AFTER_ACTIVE_LOOP","call_id":3,"pair":0,"slot":3,"node":4,"activity":1,"lambda_raw":[9.0895061360906282e-05,-7.8334655511177652e-06,-0.0032015769452801981],"gap":-0.00021343851465977469}
MORTAR_OBSERVER {"kind":"POST_RAW_AFTER_ACTIVE_LOOP","call_id":3,"pair":0,"slot":4,"node":17,"activity":1,"lambda_raw":[-0.00024261898190964997,-2.9151530663829535e-05,-0.0028222371670838004],"gap":-0.00028222377234405282}
MORTAR_OBSERVER {"kind":"POST_RAW_AFTER_ACTIVE_LOOP","call_id":3,"pair":0,"slot":5,"node":18,"activity":1,"lambda_raw":[0.00010475253148762346,-0.00010628064535355092,-0.0029131961691831955],"gap":-0.00029131968343800037}
MORTAR_OBSERVER {"kind":"POST_RAW_AFTER_ACTIVE_LOOP","call_id":3,"pair":0,"slot":6,"node":19,"activity":1,"lambda_raw":[-5.0868532796438189e-05,-5.0868532796438412e-05,-0.0028346876297352663],"gap":-0.00056693764490264604}
MORTAR_OBSERVER {"kind":"POST_RAW_AFTER_ACTIVE_LOOP","call_id":3,"pair":0,"slot":7,"node":23,"activity":1,"lambda_raw":[-0.00010628064535355063,0.0001047525314876237,-0.0029131961691832016],"gap":-0.00029131968343800026}
MORTAR_OBSERVER {"kind":"POST_RAW_AFTER_ACTIVE_LOOP","call_id":3,"pair":0,"slot":8,"node":24,"activity":1,"lambda_raw":[-2.9151530663829739e-05,-0.00024261898190965011,-0.0028222371670837973],"gap":-0.00028222377234405244}
MORTAR_OBSERVER {"kind":"SUMMARY_PRE_OVERRIDE","call_id":3,"ndiverg":14,"flag":1,"keepset":0,"max_n":9.7578189972580276e-10,"max_t":[0.00091912126188712175,0.00091912126188712219],"lm_t_av":[0.91169307921628495,0.9116930792162864],"nstick":9,"nslip":0,"ninactive":0,"nnogap":0,"nolm":0}
MORTAR_OBSERVER {"kind":"SUMMARY_POST_OVERRIDE","call_id":3,"flag":1}
MORTAR_OBSERVER {"kind":"RETURN","call_id":3}
 Using up to 2 cpu(s) for the stress calculation.

 average force= 1.168598
 time avg. forc= 0.876160
 largest residual force= 0.000000 in node 17 and dof 1
 largest increment of disp= 4.640049e-05
 largest correction to disp= 3.523457e-07 in node 17 and dof 1

MORTAR_OBSERVER {"kind":"PRE_CHECK","call_id":3,"step":1,"inc":2,"cutback":0,"iteration":1,"time":0.25,"dtime":0.125,"ttime":0,"tper":1,"theta":0.125,"dtheta":0.125,"icntrl":0,"nmethod":1,"iexpl":0,"ithermal":0,"uncoupled":0,"mortar":2,"iflagdualquad":2}
 no convergence

MORTAR_OBSERVER {"kind":"POST_CHECK","call_id":3,"step":1,"inc":2,"cutback":0,"iteration":2,"time":0.25,"dtime":0.125,"ttime":0,"tper":1,"theta":0.125,"dtheta":0.125,"icntrl":0,"nmethod":1,"iexpl":0,"ithermal":0,"uncoupled":0,"mortar":2,"iflagdualquad":2}
 iteration 2

 Determining the structure of the matrix:

 Using up to 2 cpu(s) for setting up the structure of the matrix.
 number of equations
 75
 number of nonzero lower triangular matrix elements
 1143

 Using up to 2 cpu(s) for the stress calculation.

 Using up to 2 cpu(s) for the symmetric stiffness/mass contributions.

 Using up to 2 cpu(s) for the stress calculation.

 Using up to 2 cpu(s) for the symmetric stiffness/mass contributions.

 Factoring the system of equations using the unsymmetric spooles solver
 Using 1 cpu for spooles.

MORTAR_OBSERVER {"kind":"BEGIN","call_id":4,"step":1,"inc":2,"cutback":0,"iteration":2,"time":0.25,"dtime":0.125,"ttime":0,"tper":1,"theta":0.125,"dtheta":0.125,"icntrl":0,"nmethod":1,"iexpl":0,"ithermal":0,"uncoupled":0,"mortar":2,"iflagdualquad":2}
MORTAR_OBSERVER {"kind":"INVENTORY","call_id":4,"pair_count":1,"slave_count":9}
MORTAR_OBSERVER {"kind":"PAIR","call_id":4,"pair":0,"start":0,"end":9}
MORTAR_OBSERVER {"kind":"PRE_RAW","call_id":4,"pair":0,"slot":0,"node":1,"activity":1,"lambda_raw":[0.00012697976748628567,0.00012697976747693879,-0.0032947996419588075],"lambda_start":[6.3460334953534261e-05,6.3460334953534234e-05,-0.0016483203268774791],"ddtil_count":1}
MORTAR_OBSERVER {"kind":"DDTIL","call_id":4,"pair":0,"column_slot":0,"source_slot":0,"destination_slot":0,"entry":0,"value":1333.3335997433437}
MORTAR_OBSERVER {"kind":"PRE_RAW","call_id":4,"pair":0,"slot":1,"node":2,"activity":1,"lambda_raw":[-1.6662300690660844e-05,6.5276315072398039e-05,-0.003192386600339831],"lambda_start":[-8.1731685680145591e-06,3.2603129716154484e-05,-0.0015972034858837212],"ddtil_count":1}
MORTAR_OBSERVER {"kind":"DDTIL","call_id":4,"pair":0,"column_slot":1,"source_slot":1,"destination_slot":1,"entry":1,"value":666.66682818762149}
MORTAR_OBSERVER {"kind":"PRE_RAW","call_id":4,"pair":0,"slot":2,"node":3,"activity":1,"lambda_raw":[2.5235277492342921e-05,2.5235277504931233e-05,-0.0031416267972272606],"lambda_start":[1.2697450403087914e-05,1.269745040308787e-05,-0.0015711219394838774],"ddtil_count":1}
MORTAR_OBSERVER {"kind":"DDTIL","call_id":4,"pair":0,"column_slot":2,"source_slot":2,"destination_slot":2,"entry":2,"value":1333.3336919101241}
MORTAR_OBSERVER {"kind":"PRE_RAW","call_id":4,"pair":0,"slot":3,"node":4,"activity":1,"lambda_raw":[6.5276315039380843e-05,-1.6662300690994528e-05,-0.0031923866003332551],"lambda_start":[3.2603129716154579e-05,-8.1731685680145489e-06,-0.0015972034858837236],"ddtil_count":1}
MORTAR_OBSERVER {"kind":"DDTIL","call_id":4,"pair":0,"column_slot":3,"source_slot":3,"destination_slot":3,"entry":3,"value":666.66682818762126}
MORTAR_OBSERVER {"kind":"PRE_RAW","call_id":4,"pair":0,"slot":4,"node":17,"activity":1,"lambda_raw":[-0.00018394299178873838,-2.4252356708439124e-05,-0.0028271602089293998],"lambda_start":[-9.2097293532809071e-05,-1.2124623475717812e-05,-0.0014125387235691832],"ddtil_count":1}
MORTAR_OBSERVER {"kind":"DDTIL","call_id":4,"pair":0,"column_slot":4,"source_slot":4,"destination_slot":4,"entry":4,"value":1000.0001987296232}
MORTAR_OBSERVER {"kind":"PRE_RAW","call_id":4,"pair":0,"slot":5,"node":18,"activity":1,"lambda_raw":[7.9017110279523922e-05,-8.2772163770559627e-05,-0.0029122531132628614],"lambda_start":[3.9600594251638715e-05,-4.1459789106204761e-05,-0.0014557937804597783],"ddtil_count":1}
MORTAR_OBSERVER {"kind":"DDTIL","call_id":4,"pair":0,"column_slot":5,"source_slot":5,"destination_slot":5,"entry":5,"value":1000.0002278349235}
MORTAR_OBSERVER {"kind":"PRE_RAW","call_id":4,"pair":0,"slot":6,"node":19,"activity":1,"lambda_raw":[-4.1490306354997784e-05,-4.1490306349372218e-05,-0.0028413746451092536],"lambda_start":[-2.0793615648605584e-05,-2.0793615648605899e-05,-0.0014205703225650273],"ddtil_count":1}
MORTAR_OBSERVER {"kind":"DDTIL","call_id":4,"pair":0,"column_slot":6,"source_slot":6,"destination_slot":6,"entry":6,"value":2000.0004199023301}
MORTAR_OBSERVER {"kind":"PRE_RAW","call_id":4,"pair":0,"slot":7,"node":23,"activity":1,"lambda_raw":[-8.2772163739076537e-05,7.901711024636185e-05,-0.0029122531132621744],"lambda_start":[-4.1459789106204368e-05,3.9600594251638878e-05,-0.0014557937804597779],"ddtil_count":1}
MORTAR_OBSERVER {"kind":"DDTIL","call_id":4,"pair":0,"column_slot":7,"source_slot":7,"destination_slot":7,"entry":7,"value":1000.0002278349226}
MORTAR_OBSERVER {"kind":"PRE_RAW","call_id":4,"pair":0,"slot":8,"node":24,"activity":1,"lambda_raw":[-2.4252356704930727e-05,-0.00018394299176065183,-0.0028271602089334625],"lambda_start":[-1.2124623475717653e-05,-9.209729353280922e-05,-0.0014125387235691829],"ddtil_count":1}
MORTAR_OBSERVER {"kind":"DDTIL","call_id":4,"pair":0,"column_slot":8,"source_slot":8,"destination_slot":8,"entry":8,"value":1000.0001987296235}
MORTAR_OBSERVER {"kind":"LAW","call_id":4,"pair":0,"slot":0,"node":1,"activity":1,"ndof":3,"normal":[1.8536227970263206e-08,1.853622797026307e-08,-0.99999999999999967],"tangents":[0.99999999999999989,-3.4359174736556559e-16,1.8536227970263202e-08,4.9303806576313238e-32,0.99999999999999989,1.8536227970263073e-08],"ln":4.3930670733226194,"lt":[0.16930630904616933,0.16930630903370689],"lt_start":[0.084613756106317523,0.084613756106317523],"q":0.00043930670733226208,"ut":[0.00084572461886912626,0.00084572461874450166],"gn":0.00043930670733226197,"gt":[0.00084692552939851819,0.0008469255292738937],"b":1.3179201223220465,"constant_n":10000000000,"constant_t":100,"mu":0.29999999999999999,"normal_mode":1,"tangent_mode":1,"normal_inverse_stiffness":0.0001,"tangent_inverse_stiffness":0.01,"p0":0,"beta":0,"iwan":1,"rn":-3.2526070725680256e-10,"rt":[-1.2009105293919308e-06,-1.2009105293920392e-06]}
MORTAR_OBSERVER {"kind":"LAW","call_id":4,"pair":0,"slot":1,"node":2,"activity":1,"ndof":3,"normal":[1.7098236791290398e-08,-1.0256700926213141e-08,-0.99999999999999978],"tangents":[0.99999999999999989,1.7537150113383989e-16,1.7098236791290398e-08,-0,1,-1.0256700926213143e-08],"ln":2.1282582485609414,"lt":[-0.01110823954121477,0.043517575753999782],"lt_start":[-0.0054487985717277072,0.021735435998219924],"q":0.00021282582485609414,"ut":[-5.6437296545779999e-05,0.00021719466629783801],"gn":0.00021282582485609414,"gt":[-5.6594409694870627e-05,0.00021782139755779857],"b":0.63847747456828241,"constant_n":10000000000,"constant_t":100,"mu":0.29999999999999999,"normal_mode":1,"tangent_mode":1,"normal_inverse_stiffness":0.0001,"tangent_inverse_stiffness":0.01,"p0":0,"beta":0,"iwan":1,"rn":0,"rt":[1.5711314909062733e-07,-6.2673125996056105e-07]}
MORTAR_OBSERVER {"kind":"LAW","call_id":4,"pair":0,"slot":2,"node":3,"activity":1,"ndof":3,"normal":[-1.1301785620334323e-08,-1.1301785620333918e-08,-0.99999999999999989],"tangents":[1,-1.2773035820799112e-16,-1.1301785620334323e-08,-0,1,-1.130178562033392e-08],"ln":4.1888368553902575,"lt":[0.033647093046578189,0.033647093063362617],"lt_start":[0.016929962099112388,0.016929962099112336],"q":0.00041888368553902588,"ut":[0.00016705620706035162,0.00016705620722819604],"gn":0.00041888368553902577,"gt":[0.00016717130947465801,0.0001671713096425028],"b":1.2566510569423379,"constant_n":10000000000,"constant_t":100,"mu":0.29999999999999999,"normal_mode":1,"tangent_mode":1,"normal_inverse_stiffness":0.0001,"tangent_inverse_stiffness":0.01,"p0":0,"beta":0,"iwan":1,"rn":-3.2526070725680256e-10,"rt":[-1.1510241430638668e-07,-1.1510241430676615e-07]}
MORTAR_OBSERVER {"kind":"LAW","call_id":4,"pair":0,"slot":3,"node":4,"activity":1,"ndof":3,"normal":[-1.0256700926212734e-08,1.7098236791290398e-08,-0.99999999999999978],"tangents":[1,1.7537150113383291e-16,-1.0256700926212734e-08,2.4651903288156619e-32,0.99999999999999989,1.7098236791290402e-08],"ln":2.1282582485565569,"lt":[0.043517575731988299,-0.011108239541437229],"lt_start":[0.02173543599821998,-0.005448798571727702],"q":0.00021282582485565566,"ut":[0.00021719466635374042,-5.643729661719849e-05],"gn":0.00021282582485565569,"gt":[0.0002178213973376832,-5.6594409697095274e-05],"b":0.63847747448565184,"constant_n":10000000000,"constant_t":100,"mu":0.29999999999999999,"normal_mode":1,"tangent_mode":1,"normal_inverse_stiffness":0.0001,"tangent_inverse_stiffness":0.01,"p0":0,"beta":0,"iwan":1,"rn":8.131517681420064e-11,"rt":[-6.2673098394277278e-07,1.571130798967837e-07]}
MORTAR_OBSERVER {"kind":"LAW","call_id":4,"pair":0,"slot":4,"node":17,"activity":1,"ndof":3,"normal":[1.8107305806547941e-08,3.8496898137645676e-09,-0.99999999999999989],"tangents":[0.99999999999999989,-6.9707510718187628e-17,1.8107305806547941e-08,-0,1,3.8496898137645684e-09],"ln":2.8271607673458057,"lt":[-0.18394307953592445,-0.024252372411792854],"lt_start":[-0.092097337412545208,-0.012124631323076682],"q":0.00028271607673458063,"ut":[-0.00092006071417748624,-0.00012148848466089726],"gn":0.00028271607673458057,"gt":[-0.00091845742123379244,-0.00012127741088716172],"b":0.84814823036637199,"constant_n":10000000000,"constant_t":100,"mu":0.29999999999999999,"normal_mode":1,"tangent_mode":1,"normal_inverse_stiffness":0.0001,"tangent_inverse_stiffness":0.01,"p0":0,"beta":0,"iwan":1,"rn":-1.6263035362840128e-10,"rt":[-1.6032929436938029e-06,-2.1107377373553548e-07]}
MORTAR_OBSERVER {"kind":"LAW","call_id":4,"pair":0,"slot":5,"node":18,"activity":1,"ndof":3,"normal":[2.9918468245123481e-09,-1.0872864232227885e-08,-1],"tangents":[1,3.252994432654489e-17,2.9918468245123481e-09,-0,1,-1.0872864232227885e-08],"ln":2.9122537779122042,"lt":[0.079017119569363983,-0.082772150964409305],"lt_start":[0.039600598918524084,-0.041459782723540908],"q":0.00029122537779122044,"ut":[0.00039403686990662135,-0.00041298932057572623],"gn":0.00029122537779122044,"gt":[0.00039416520650839901,-0.00041312368240868397],"b":0.87367613337366123,"constant_n":10000000000,"constant_t":100,"mu":0.29999999999999999,"normal_mode":1,"tangent_mode":1,"normal_inverse_stiffness":0.0001,"tangent_inverse_stiffness":0.01,"p0":0,"beta":0,"iwan":1,"rn":0,"rt":[-1.2833660177765608e-07,1.3436183295774309e-07]}
MORTAR_OBSERVER {"kind":"LAW","call_id":4,"pair":0,"slot":6,"node":19,"activity":1,"ndof":3,"normal":[3.6172206659980017e-09,3.6172206659981373e-09,-1],"tangents":[1,-1.3084285346523517e-17,3.6172206659980017e-09,-0,1,3.6172206659981373e-09],"ln":5.6827504827180224,"lt":[-0.082980650687634369,-0.08298065067638323],"lt_start":[-0.041587250305533646,-0.041587250305534271],"q":0.00056827504827180238,"ut":[-0.00041491058868377056,-0.00041491058857125288],"gn":0.00056827504827180228,"gt":[-0.00041393400382100723,-0.0004139340037084896],"b":1.7048251451406673,"constant_n":10000000000,"constant_t":100,"mu":0.29999999999999999,"normal_mode":1,"tangent_mode":1,"normal_inverse_stiffness":0.0001,"tangent_inverse_stiffness":0.01,"p0":0,"beta":0,"iwan":1,"rn":-3.2526070725680256e-10,"rt":[-9.7658486276333469e-07,-9.7658486276328048e-07]}
MORTAR_OBSERVER {"kind":"LAW","call_id":4,"pair":0,"slot":7,"node":23,"activity":1,"ndof":3,"normal":[-1.0872864232227953e-08,2.9918468245126194e-09,-1],"tangents":[1,3.2529944326548046e-17,-1.0872864232227955e-08,-0,1.0000000000000002,2.9918468245126198e-09],"ln":2.912253777911515,"lt":[-0.082772150932926142,0.079017119536201857],"lt_start":[-0.041459782723540478,0.039600598918524216],"q":0.00029122537779115154,"ut":[-0.00041298932087848535,0.00039403687016488964],"gn":0.00029122537779115149,"gt":[-0.00041312368209385665,0.00039416520617677642],"b":0.87367613353608475,"constant_n":10000000000,"constant_t":100,"mu":0.29999999999999999,"normal_mode":1,"tangent_mode":1,"normal_inverse_stiffness":0.0001,"tangent_inverse_stiffness":0.01,"p0":0,"beta":0,"iwan":1,"rn":-1.6263024260609882e-10,"rt":[1.343612153713032e-07,-1.2833601188678122e-07]}
MORTAR_OBSERVER {"kind":"LAW","call_id":4,"pair":0,"slot":8,"node":24,"activity":1,"ndof":3,"normal":[3.8496898137647032e-09,1.8107305806548011e-08,-0.99999999999999989],"tangents":[1,-6.970751071819034e-17,3.8496898137647024e-09,-0,0.99999999999999989,1.8107305806548011e-08],"ln":2.8271607673498695,"lt":[-0.024252372408284453,-0.18394307950783795],"lt_start":[-0.012124631323076521,-0.092097337412545388],"q":0.00028271607673498698,"ut":[-0.00012148848469583745,-0.00092006071442850745],"gn":0.00028271607673498698,"gt":[-0.00012127741085207932,-0.00091845742095292564],"b":0.84814823020496088,"constant_n":10000000000,"constant_t":100,"mu":0.29999999999999999,"normal_mode":1,"tangent_mode":1,"normal_inverse_stiffness":0.0001,"tangent_inverse_stiffness":0.01,"p0":0,"beta":0,"iwan":1,"rn":0,"rt":[-2.1107384375812293e-07,-1.6032934755818131e-06]}
MORTAR_OBSERVER {"kind":"POST_RAW_AFTER_ACTIVE_LOOP","call_id":4,"pair":0,"slot":0,"node":1,"activity":1,"lambda_raw":[0.00012697976748628567,0.00012697976747693879,-0.0032947996419588075],"gap":-0.00043930670733226208}
MORTAR_OBSERVER {"kind":"POST_RAW_AFTER_ACTIVE_LOOP","call_id":4,"pair":0,"slot":1,"node":2,"activity":1,"lambda_raw":[-1.6662300690660844e-05,6.5276315072398039e-05,-0.003192386600339831],"gap":-0.00021282582485609414}
MORTAR_OBSERVER {"kind":"POST_RAW_AFTER_ACTIVE_LOOP","call_id":4,"pair":0,"slot":2,"node":3,"activity":1,"lambda_raw":[2.5235277492342921e-05,2.5235277504931233e-05,-0.0031416267972272606],"gap":-0.00041888368553902588}
MORTAR_OBSERVER {"kind":"POST_RAW_AFTER_ACTIVE_LOOP","call_id":4,"pair":0,"slot":3,"node":4,"activity":1,"lambda_raw":[6.5276315039380843e-05,-1.6662300690994528e-05,-0.0031923866003332551],"gap":-0.00021282582485565566}
MORTAR_OBSERVER {"kind":"POST_RAW_AFTER_ACTIVE_LOOP","call_id":4,"pair":0,"slot":4,"node":17,"activity":1,"lambda_raw":[-0.00018394299178873838,-2.4252356708439124e-05,-0.0028271602089293998],"gap":-0.00028271607673458063}
MORTAR_OBSERVER {"kind":"POST_RAW_AFTER_ACTIVE_LOOP","call_id":4,"pair":0,"slot":5,"node":18,"activity":1,"lambda_raw":[7.9017110279523922e-05,-8.2772163770559627e-05,-0.0029122531132628614],"gap":-0.00029122537779122044}
MORTAR_OBSERVER {"kind":"POST_RAW_AFTER_ACTIVE_LOOP","call_id":4,"pair":0,"slot":6,"node":19,"activity":1,"lambda_raw":[-4.1490306354997784e-05,-4.1490306349372218e-05,-0.0028413746451092536],"gap":-0.00056827504827180238}
MORTAR_OBSERVER {"kind":"POST_RAW_AFTER_ACTIVE_LOOP","call_id":4,"pair":0,"slot":7,"node":23,"activity":1,"lambda_raw":[-8.2772163739076537e-05,7.901711024636185e-05,-0.0029122531132621744],"gap":-0.00029122537779115154}
MORTAR_OBSERVER {"kind":"POST_RAW_AFTER_ACTIVE_LOOP","call_id":4,"pair":0,"slot":8,"node":24,"activity":1,"lambda_raw":[-2.4252356704930727e-05,-0.00018394299176065183,-0.0028271602089334625],"gap":-0.00028271607673498698}
MORTAR_OBSERVER {"kind":"SUMMARY_PRE_OVERRIDE","call_id":4,"ndiverg":14,"flag":0,"keepset":0,"max_n":3.2526070725680256e-10,"max_t":[1.6032929436938029e-06,1.6032934755818131e-06],"lm_t_av":[0.71054459050008401,0.71054459048913166],"nstick":9,"nslip":0,"ninactive":0,"nnogap":0,"nolm":0}
MORTAR_OBSERVER {"kind":"SUMMARY_POST_OVERRIDE","call_id":4,"flag":0}
MORTAR_OBSERVER {"kind":"RETURN","call_id":4}
 Using up to 2 cpu(s) for the stress calculation.

 average force= 1.167521
 time avg. forc= 0.875622
 largest residual force= 0.000000 in node 24 and dof 2
 largest increment of disp= 4.640049e-05
 largest correction to disp= 3.504334e-07 in node 24 and dof 2

MORTAR_OBSERVER {"kind":"PRE_CHECK","call_id":4,"step":1,"inc":2,"cutback":0,"iteration":2,"time":0.25,"dtime":0.125,"ttime":0,"tper":1,"theta":0.125,"dtheta":0.125,"icntrl":0,"nmethod":1,"iexpl":0,"ithermal":0,"uncoupled":0,"mortar":2,"iflagdualquad":2}
 convergence; the increment size is increased to 1.875000e-01

 the increment size exceeds the maximum allowed and is decreased to 1.250000e-01

MORTAR_OBSERVER {"kind":"POST_CHECK","call_id":4,"step":1,"inc":2,"cutback":0,"iteration":2,"time":0.25,"dtime":0.125,"ttime":0,"tper":1,"theta":0.25,"dtheta":0.125,"icntrl":1,"nmethod":1,"iexpl":0,"ithermal":0,"uncoupled":0,"mortar":2,"iflagdualquad":2}
 Using up to 2 cpu(s) for the stress calculation.

 increment 3 attempt 1 
 increment size= 1.250000e-01
 sum of previous increments=2.500000e-01
 actual step time=3.750000e-01
 actual total time=3.750000e-01

 iteration 1

 Determining the structure of the matrix:

 Using up to 2 cpu(s) for setting up the structure of the matrix.
 number of equations
 75
 number of nonzero lower triangular matrix elements
 1143

 Using up to 2 cpu(s) for the stress calculation.

 Using up to 2 cpu(s) for the symmetric stiffness/mass contributions.

 Using up to 2 cpu(s) for the stress calculation.

 Using up to 2 cpu(s) for the symmetric stiffness/mass contributions.

 Factoring the system of equations using the unsymmetric spooles solver
 Using 1 cpu for spooles.

MORTAR_OBSERVER {"kind":"BEGIN","call_id":5,"step":1,"inc":3,"cutback":0,"iteration":1,"time":0.375,"dtime":0.125,"ttime":0,"tper":1,"theta":0.25,"dtheta":0.125,"icntrl":0,"nmethod":1,"iexpl":0,"ithermal":0,"uncoupled":0,"mortar":2,"iflagdualquad":2}
MORTAR_OBSERVER {"kind":"INVENTORY","call_id":5,"pair_count":1,"slave_count":9}
MORTAR_OBSERVER {"kind":"PAIR","call_id":5,"pair":0,"start":0,"end":9}
MORTAR_OBSERVER {"kind":"PRE_RAW","call_id":5,"pair":0,"slot":0,"node":1,"activity":1,"lambda_raw":[0.00020881528674444232,0.00020881528673603967,-0.0049427462394207424],"lambda_start":[0.00012697976748628567,0.00012697976747693879,-0.0032947996419588075],"ddtil_count":1}
MORTAR_OBSERVER {"kind":"DDTIL","call_id":5,"pair":0,"column_slot":0,"source_slot":0,"destination_slot":0,"entry":0,"value":1333.3337229953329}
MORTAR_OBSERVER {"kind":"PRE_RAW","call_id":5,"pair":0,"slot":1,"node":2,"activity":1,"lambda_raw":[-2.0880604795113238e-05,0.00011073321922584119,-0.0047911660697920223],"lambda_start":[-1.6662300690660844e-05,6.5276315072398039e-05,-0.003192386600339831],"ddtil_count":1}
MORTAR_OBSERVER {"kind":"DDTIL","call_id":5,"pair":0,"column_slot":1,"source_slot":1,"destination_slot":1,"entry":1,"value":666.66690391216184}
MORTAR_OBSERVER {"kind":"PRE_RAW","call_id":5,"pair":0,"slot":2,"node":3,"activity":1,"lambda_raw":[4.1259969493668484e-05,4.1259969505026844e-05,-0.0047128710337567244],"lambda_start":[2.5235277492342921e-05,2.5235277504931233e-05,-0.0031416267972272606],"ddtil_count":1}
MORTAR_OBSERVER {"kind":"DDTIL","call_id":5,"pair":0,"column_slot":2,"source_slot":2,"destination_slot":2,"entry":2,"value":1333.3338610133112}
MORTAR_OBSERVER {"kind":"PRE_RAW","call_id":5,"pair":0,"slot":3,"node":4,"activity":1,"lambda_raw":[0.00011073321919949616,-2.0880604796256096e-05,-0.0047911660697867002],"lambda_start":[6.5276315039380843e-05,-1.6662300690994528e-05,-0.0031923866003332551],"ddtil_count":1}
MORTAR_OBSERVER {"kind":"DDTIL","call_id":5,"pair":0,"column_slot":3,"source_slot":3,"destination_slot":3,"entry":3,"value":666.66690391216241}
MORTAR_OBSERVER {"kind":"PRE_RAW","call_id":5,"pair":0,"slot":4,"node":17,"activity":1,"lambda_raw":[-0.00030506424228981681,-3.8809711154212992e-05,-0.0042403328492723897],"lambda_start":[-0.00018394299178873838,-2.4252356708439124e-05,-0.0028271602089293998],"ddtil_count":1}
MORTAR_OBSERVER {"kind":"DDTIL","call_id":5,"pair":0,"column_slot":4,"source_slot":4,"destination_slot":4,"entry":4,"value":1000.0003029959159}
MORTAR_OBSERVER {"kind":"PRE_RAW","call_id":5,"pair":0,"slot":5,"node":18,"activity":1,"lambda_raw":[0.00013117519428591887,-0.00013566568533798787,-0.0043695128962434682],"lambda_start":[7.9017110279523922e-05,-8.2772163770559627e-05,-0.0029122531132628614],"ddtil_count":1}
MORTAR_OBSERVER {"kind":"DDTIL","call_id":5,"pair":0,"column_slot":5,"source_slot":5,"destination_slot":5,"entry":5,"value":1000.0003465805414}
MORTAR_OBSERVER {"kind":"PRE_RAW","call_id":5,"pair":0,"slot":6,"node":19,"activity":1,"lambda_raw":[-6.6814971935292802e-05,-6.6814971929869812e-05,-0.0042589578548702855],"lambda_start":[-4.1490306354997784e-05,-4.1490306349372218e-05,-0.0028413746451092536],"ddtil_count":1}
MORTAR_OBSERVER {"kind":"DDTIL","call_id":5,"pair":0,"column_slot":6,"source_slot":6,"destination_slot":6,"entry":6,"value":2000.0006395848768}
MORTAR_OBSERVER {"kind":"PRE_RAW","call_id":5,"pair":0,"slot":7,"node":23,"activity":1,"lambda_raw":[-0.00013566568531185998,0.00013117519425887139,-0.0043695128962435974],"lambda_start":[-8.2772163739076537e-05,7.901711024636185e-05,-0.0029122531132621744],"ddtil_count":1}
MORTAR_OBSERVER {"kind":"DDTIL","call_id":5,"pair":0,"column_slot":7,"source_slot":7,"destination_slot":7,"entry":7,"value":1000.0003465805395}
MORTAR_OBSERVER {"kind":"PRE_RAW","call_id":5,"pair":0,"slot":8,"node":24,"activity":1,"lambda_raw":[-3.8809711151171121e-05,-0.00030506424226691201,-0.0042403328492759294],"lambda_start":[-2.4252356704930727e-05,-0.00018394299176065183,-0.0028271602089334625],"ddtil_count":1}
MORTAR_OBSERVER {"kind":"DDTIL","call_id":5,"pair":0,"column_slot":8,"source_slot":8,"destination_slot":8,"entry":8,"value":1000.0003029959161}
MORTAR_OBSERVER {"kind":"LAW","call_id":5,"pair":0,"slot":0,"node":1,"activity":1,"ndof":3,"normal":[2.8529739496521351e-08,2.8529739496628415e-08,-0.99999999999999922],"tangents":[0.99999999999999967,-8.1394603574242527e-16,2.8529739496521341e-08,9.8607613152626476e-32,0.99999999999999967,2.8529739496628428e-08],"ln":6.5903302611145609,"lt":[0.27842027567289984,0.27842027566169653],"lt_start":[0.16930628079450022,0.16930628078203785],"q":0.00065903302611145615,"ut":[0.00066813725357327595,0.00066813725364819768],"gn":0.00065903302611145615,"gt":[0.0010911399487839963,0.0010911399487965867],"b":1.9770990783343683,"constant_n":10000000000,"constant_t":100,"mu":0.29999999999999999,"normal_mode":1,"tangent_mode":1,"normal_inverse_stiffness":0.0001,"tangent_inverse_stiffness":0.01,"p0":0,"beta":0,"iwan":1,"rn":0,"rt":[-0.00042300269521072039,-0.00042300269514838906]}
MORTAR_OBSERVER {"kind":"LAW","call_id":5,"pair":0,"slot":1,"node":2,"activity":1,"ndof":3,"normal":[2.4240110997546493e-08,-1.4361752024560313e-08,-0.99999999999999967],"tangents":[0.99999999999999978,3.4813046319458016e-16,2.4240110997546493e-08,-0,1,-1.4361752024560318e-08],"ln":3.1941118484795994,"lt":[-0.013920485576197333,0.073822218294560538],"lt_start":[-0.011108256002718376,0.043517589433631078],"q":0.00031941118484796004,"ut":[1.4207685138692679e-07,0.00019427299201506401],"gn":0.00031941118484795993,"gt":[-2.8122295734789565e-05,0.00030304628860929462],"b":0.95823355486914041,"constant_n":10000000000,"constant_t":100,"mu":0.29999999999999999,"normal_mode":1,"tangent_mode":1,"normal_inverse_stiffness":0.0001,"tangent_inverse_stiffness":0.01,"p0":0,"beta":0,"iwan":1,"rn":-3.252605962345001e-10,"rt":[2.8264372586176493e-05,-0.00010877329659423062]}
MORTAR_OBSERVER {"kind":"LAW","call_id":5,"pair":0,"slot":2,"node":3,"activity":1,"ndof":3,"normal":[-1.7482410921267949e-08,-1.7482410921137569e-08,-0.99999999999999967],"tangents":[0.99999999999999989,-3.0563469161778958e-16,-1.7482410921267946e-08,4.9303806576313238e-32,0.99999999999999989,-1.7482410921137572e-08],"ln":6.2838305299731161,"lt":[0.055013424286791929,0.055013424301936432],"lt_start":[0.033647123203584373,0.033647123220368801],"q":0.00062838305299731155,"ut":[0.00013011198525917619,0.00013011198515883236],"gn":0.00062838305299731166,"gt":[0.00021366301083207556,0.00021366301081567632],"b":1.8851491586666742,"constant_n":10000000000,"constant_t":100,"mu":0.29999999999999999,"normal_mode":1,"tangent_mode":1,"normal_inverse_stiffness":0.0001,"tangent_inverse_stiffness":0.01,"p0":0,"beta":0,"iwan":1,"rn":3.2526048521219764e-10,"rt":[-8.3551025572899362e-05,-8.3551025656843959e-05]}
MORTAR_OBSERVER {"kind":"LAW","call_id":5,"pair":0,"slot":3,"node":4,"activity":1,"ndof":3,"normal":[-1.4361752024714805e-08,2.42401109977243e-08,-0.99999999999999967],"tangents":[0.99999999999999989,3.4813046320087862e-16,-1.4361752024714802e-08,-0,0.99999999999999978,2.4240110997724303e-08],"ln":3.1941118484760542,"lt":[0.073822218276997226,-0.013920485576959277],"lt_start":[0.04351758941161963,-0.011108256002940856],"q":0.00031941118484760551,"ut":[0.00019427299203124003,1.4207688183892684e-07],"gn":0.00031941118484760545,"gt":[0.00030304628865377597,-2.812229574018421e-05],"b":0.95823355470544658,"constant_n":10000000000,"constant_t":100,"mu":0.29999999999999999,"normal_mode":1,"tangent_mode":1,"normal_inverse_stiffness":0.0001,"tangent_inverse_stiffness":0.01,"p0":0,"beta":0,"iwan":1,"rn":-1.6263035362840128e-10,"rt":[-0.00010877329662253594,2.8264372622023138e-05]}
MORTAR_OBSERVER {"kind":"LAW","call_id":5,"pair":0,"slot":4,"node":17,"activity":1,"ndof":3,"normal":[2.7248059374248322e-08,6.2208588641501325e-09,-0.99999999999999967],"tangents":[0.99999999999999967,-1.6950633168918185e-16,2.7248059374248325e-08,-0,1,6.220858864150135e-09],"ln":4.2403341255220823,"lt":[-0.30506445026391249,-0.038809749291917162],"lt_start":[-0.18394312455736619,-0.024252381644174131],"q":0.00042403341255220825,"ut":[-0.00075131545431278055,-8.4846936944338989e-05],"gn":0.00042403341255220825,"gt":[-0.0012112132570654629,-0.0001455736764774303],"b":1.2721002376566246,"constant_n":10000000000,"constant_t":100,"mu":0.29999999999999999,"normal_mode":1,"tangent_mode":1,"normal_inverse_stiffness":0.0001,"tangent_inverse_stiffness":0.01,"p0":0,"beta":0,"iwan":1,"rn":0,"rt":[0.00045989780275268238,6.0726739533091315e-05]}
MORTAR_OBSERVER {"kind":"LAW","call_id":5,"pair":0,"slot":5,"node":18,"activity":1,"ndof":3,"normal":[3.6575017405667946e-09,-1.620073258785837e-08,-0.99999999999999989],"tangents":[1,5.9254207638549177e-17,3.6575017405667942e-09,1.2325951644078309e-32,0.99999999999999989,-1.620073258785837e-08],"ln":4.3695144133092709,"lt":[0.13117522376718216,-0.13566566156774001],"lt_start":[0.079017127013742264,-0.082772145277130685],"q":0.00043695144133092708,"ut":[0.00032440918022129389,-0.00032227977513460762],"gn":0.00043695144133092714,"gt":[0.00052158096753439896,-0.00052893516290609336],"b":1.3108543238301509,"constant_n":10000000000,"constant_t":100,"mu":0.29999999999999999,"normal_mode":1,"tangent_mode":1,"normal_inverse_stiffness":0.0001,"tangent_inverse_stiffness":0.01,"p0":0,"beta":0,"iwan":1,"rn":1.6263035362840128e-10,"rt":[-0.00019717178731310506,0.00020665538777148574]}
MORTAR_OBSERVER {"kind":"LAW","call_id":5,"pair":0,"slot":6,"node":19,"activity":1,"ndof":3,"normal":[5.5236631119423031e-09,5.5236631120610234e-09,-1],"tangents":[1,-3.05108541748879e-17,5.5236631119423031e-09,-0,1,5.5236631120610234e-09],"ln":8.5179184322293526,"lt":[-0.13363003365454304,-0.13363003364369705],"lt_start":[-0.08298067063617072,-0.082980670624919581],"q":0.00085179184322293545,"ut":[-0.00029949158925736684,-0.00029949158931755643],"gn":0.00085179184322293534,"gt":[-0.00050649363018372324,-0.00050649363018777469],"b":2.5553755299940666,"constant_n":10000000000,"constant_t":100,"mu":0.29999999999999999,"normal_mode":1,"tangent_mode":1,"normal_inverse_stiffness":0.0001,"tangent_inverse_stiffness":0.01,"p0":0,"beta":0,"iwan":1,"rn":-3.2526070725680256e-10,"rt":[0.0002070020409263564,0.00020700204087021826]}
MORTAR_OBSERVER {"kind":"LAW","call_id":5,"pair":0,"slot":7,"node":23,"activity":1,"ndof":3,"normal":[-1.620073258800081e-08,3.657501740720888e-09,-0.99999999999999989],"tangents":[0.99999999999999989,5.9254207641566595e-17,-1.620073258800081e-08,-0,1,3.6575017407208885e-09],"ln":4.3695144133093917,"lt":[-0.13566566154161186,0.13117522374013443],"lt_start":[-0.082772145245647424,0.079017126980580027],"q":0.00043695144133093923,"ut":[-0.00032227977503649719,0.00032440918015304651],"gn":0.00043695144133093917,"gt":[-0.00052893516295964439,0.00052158096759554406],"b":1.310854324155448,"constant_n":10000000000,"constant_t":100,"mu":0.29999999999999999,"normal_mode":1,"tangent_mode":1,"normal_inverse_stiffness":0.0001,"tangent_inverse_stiffness":0.01,"p0":0,"beta":0,"iwan":1,"rn":-1.6263057567300621e-10,"rt":[0.0002066553879231472,-0.00019717178744249755]}
MORTAR_OBSERVER {"kind":"LAW","call_id":5,"pair":0,"slot":8,"node":24,"activity":1,"ndof":3,"normal":[6.220858864019562e-09,2.7248059374390686e-08,-0.99999999999999967],"tangents":[1,-1.6950633168650961e-16,6.2208588640195595e-09,-0,0.99999999999999967,2.7248059374390686e-08],"ln":4.2403341255256226,"lt":[-0.038809749288875241,-0.3050644502410077],"lt_start":[-0.024252381640665704,-0.18394312452927963],"q":0.00042403341255256235,"ut":[-8.4846936931650828e-05,-0.00075131545423995556],"gn":0.0004240334125525623,"gt":[-0.00014557367648209535,-0.0012112132571172806],"b":1.2721002378203172,"constant_n":10000000000,"constant_t":100,"mu":0.29999999999999999,"normal_mode":1,"tangent_mode":1,"normal_inverse_stiffness":0.0001,"tangent_inverse_stiffness":0.01,"p0":0,"beta":0,"iwan":1,"rn":-1.6263057567300621e-10,"rt":[6.0726739550444526e-05,0.00045989780287732508]}
MORTAR_OBSERVER {"kind":"POST_RAW_AFTER_ACTIVE_LOOP","call_id":5,"pair":0,"slot":0,"node":1,"activity":1,"lambda_raw":[0.00020881528674444232,0.00020881528673603967,-0.0049427462394207424],"gap":-0.00065903302611145615}
MORTAR_OBSERVER {"kind":"POST_RAW_AFTER_ACTIVE_LOOP","call_id":5,"pair":0,"slot":1,"node":2,"activity":1,"lambda_raw":[-2.0880604795113238e-05,0.00011073321922584119,-0.0047911660697920223],"gap":-0.00031941118484796004}
MORTAR_OBSERVER {"kind":"POST_RAW_AFTER_ACTIVE_LOOP","call_id":5,"pair":0,"slot":2,"node":3,"activity":1,"lambda_raw":[4.1259969493668484e-05,4.1259969505026844e-05,-0.0047128710337567244],"gap":-0.00062838305299731155}
MORTAR_OBSERVER {"kind":"POST_RAW_AFTER_ACTIVE_LOOP","call_id":5,"pair":0,"slot":3,"node":4,"activity":1,"lambda_raw":[0.00011073321919949616,-2.0880604796256096e-05,-0.0047911660697867002],"gap":-0.00031941118484760551}
MORTAR_OBSERVER {"kind":"POST_RAW_AFTER_ACTIVE_LOOP","call_id":5,"pair":0,"slot":4,"node":17,"activity":1,"lambda_raw":[-0.00030506424228981681,-3.8809711154212992e-05,-0.0042403328492723897],"gap":-0.00042403341255220825}
MORTAR_OBSERVER {"kind":"POST_RAW_AFTER_ACTIVE_LOOP","call_id":5,"pair":0,"slot":5,"node":18,"activity":1,"lambda_raw":[0.00013117519428591887,-0.00013566568533798787,-0.0043695128962434682],"gap":-0.00043695144133092708}
MORTAR_OBSERVER {"kind":"POST_RAW_AFTER_ACTIVE_LOOP","call_id":5,"pair":0,"slot":6,"node":19,"activity":1,"lambda_raw":[-6.6814971935292802e-05,-6.6814971929869812e-05,-0.0042589578548702855],"gap":-0.00085179184322293545}
MORTAR_OBSERVER {"kind":"POST_RAW_AFTER_ACTIVE_LOOP","call_id":5,"pair":0,"slot":7,"node":23,"activity":1,"lambda_raw":[-0.00013566568531185998,0.00013117519425887139,-0.0043695128962435974],"gap":-0.00043695144133093923}
MORTAR_OBSERVER {"kind":"POST_RAW_AFTER_ACTIVE_LOOP","call_id":5,"pair":0,"slot":8,"node":24,"activity":1,"lambda_raw":[-3.8809711151171121e-05,-0.00030506424226691201,-0.0042403328492759294],"gap":-0.00042403341255256235}
MORTAR_OBSERVER {"kind":"SUMMARY_PRE_OVERRIDE","call_id":5,"ndiverg":14,"flag":1,"keepset":0,"max_n":3.2526070725680256e-10,"max_t":[0.00045989780275268238,0.00045989780287732508],"lm_t_av":[1.1655215223290112,1.1655215223196493],"nstick":9,"nslip":0,"ninactive":0,"nnogap":0,"nolm":0}
MORTAR_OBSERVER {"kind":"SUMMARY_POST_OVERRIDE","call_id":5,"flag":1}
MORTAR_OBSERVER {"kind":"RETURN","call_id":5}
 Using up to 2 cpu(s) for the stress calculation.

 average force= 1.751882
 time avg. forc= 1.167709
 largest residual force= 0.000000 in node 24 and dof 2
 largest increment of disp= 4.662608e-05
 largest correction to disp= 1.771260e-07 in node 24 and dof 2

MORTAR_OBSERVER {"kind":"PRE_CHECK","call_id":5,"step":1,"inc":3,"cutback":0,"iteration":1,"time":0.375,"dtime":0.125,"ttime":0,"tper":1,"theta":0.25,"dtheta":0.125,"icntrl":0,"nmethod":1,"iexpl":0,"ithermal":0,"uncoupled":0,"mortar":2,"iflagdualquad":2}
 no convergence

MORTAR_OBSERVER {"kind":"POST_CHECK","call_id":5,"step":1,"inc":3,"cutback":0,"iteration":2,"time":0.375,"dtime":0.125,"ttime":0,"tper":1,"theta":0.25,"dtheta":0.125,"icntrl":0,"nmethod":1,"iexpl":0,"ithermal":0,"uncoupled":0,"mortar":2,"iflagdualquad":2}
 iteration 2

 Determining the structure of the matrix:

 Using up to 2 cpu(s) for setting up the structure of the matrix.
 number of equations
 75
 number of nonzero lower triangular matrix elements
 1143

 Using up to 2 cpu(s) for the stress calculation.

 Using up to 2 cpu(s) for the symmetric stiffness/mass contributions.

 Using up to 2 cpu(s) for the stress calculation.

 Using up to 2 cpu(s) for the symmetric stiffness/mass contributions.

 Factoring the system of equations using the unsymmetric spooles solver
 Using 1 cpu for spooles.

MORTAR_OBSERVER {"kind":"BEGIN","call_id":6,"step":1,"inc":3,"cutback":0,"iteration":2,"time":0.375,"dtime":0.125,"ttime":0,"tper":1,"theta":0.25,"dtheta":0.125,"icntrl":0,"nmethod":1,"iexpl":0,"ithermal":0,"uncoupled":0,"mortar":2,"iflagdualquad":2}
MORTAR_OBSERVER {"kind":"INVENTORY","call_id":6,"pair_count":1,"slave_count":9}
MORTAR_OBSERVER {"kind":"PAIR","call_id":6,"pair":0,"start":0,"end":9}
MORTAR_OBSERVER {"kind":"PRE_RAW","call_id":6,"pair":0,"slot":0,"node":1,"activity":1,"lambda_raw":[0.00019051156819774681,0.00019051156818940333,-0.004940409279417031],"lambda_start":[0.00012697976748628567,0.00012697976747693879,-0.0032947996419588075],"ddtil_count":1}
MORTAR_OBSERVER {"kind":"DDTIL","call_id":6,"pair":0,"column_slot":0,"source_slot":0,"destination_slot":0,"entry":0,"value":1333.3337229953329}
MORTAR_OBSERVER {"kind":"PRE_RAW","call_id":6,"pair":0,"slot":1,"node":2,"activity":1,"lambda_raw":[-2.5221644829440906e-05,9.7932883169888903e-05,-0.0047866019771623178],"lambda_start":[-1.6662300690660844e-05,6.5276315072398039e-05,-0.003192386600339831],"ddtil_count":1}
MORTAR_OBSERVER {"kind":"DDTIL","call_id":6,"pair":0,"column_slot":1,"source_slot":1,"destination_slot":1,"entry":1,"value":666.66690391216184}
MORTAR_OBSERVER {"kind":"PRE_RAW","call_id":6,"pair":0,"slot":2,"node":3,"activity":1,"lambda_raw":[3.7705851542462133e-05,3.7705851553742057e-05,-0.0047118171614467042],"lambda_start":[2.5235277492342921e-05,2.5235277504931233e-05,-0.0031416267972272606],"ddtil_count":1}
MORTAR_OBSERVER {"kind":"DDTIL","call_id":6,"pair":0,"column_slot":2,"source_slot":2,"destination_slot":2,"entry":2,"value":1333.3338610133112}
MORTAR_OBSERVER {"kind":"PRE_RAW","call_id":6,"pair":0,"slot":3,"node":4,"activity":1,"lambda_raw":[9.7932883136715447e-05,-2.5221644828133799e-05,-0.0047866019771566201],"lambda_start":[6.5276315039380843e-05,-1.6662300690994528e-05,-0.0031923866003332551],"ddtil_count":1}
MORTAR_OBSERVER {"kind":"DDTIL","call_id":6,"pair":0,"column_slot":3,"source_slot":3,"destination_slot":3,"entry":3,"value":666.66690391216241}
MORTAR_OBSERVER {"kind":"PRE_RAW","call_id":6,"pair":0,"slot":4,"node":17,"activity":1,"lambda_raw":[-0.00027576318843113072,-3.6358456536555223e-05,-0.0042427821307164737],"lambda_start":[-0.00018394299178873838,-2.4252356708439124e-05,-0.0028271602089293998],"ddtil_count":1}
MORTAR_OBSERVER {"kind":"DDTIL","call_id":6,"pair":0,"column_slot":4,"source_slot":4,"destination_slot":4,"entry":4,"value":1000.0003029959159}
MORTAR_OBSERVER {"kind":"PRE_RAW","call_id":6,"pair":0,"slot":5,"node":18,"activity":1,"lambda_raw":[0.00011835856842591007,-0.00012397125010704118,-0.0043690397633452515],"lambda_start":[7.9017110279523922e-05,-8.2772163770559627e-05,-0.0029122531132628614],"ddtil_count":1}
MORTAR_OBSERVER {"kind":"DDTIL","call_id":6,"pair":0,"column_slot":5,"source_slot":5,"destination_slot":5,"entry":5,"value":1000.0003465805414}
MORTAR_OBSERVER {"kind":"PRE_RAW","call_id":6,"pair":0,"slot":6,"node":19,"activity":1,"lambda_raw":[-6.2147262759294127e-05,-6.2147262754503024e-05,-0.0042622849897945275],"lambda_start":[-4.1490306354997784e-05,-4.1490306349372218e-05,-0.0028413746451092536],"ddtil_count":1}
MORTAR_OBSERVER {"kind":"DDTIL","call_id":6,"pair":0,"column_slot":6,"source_slot":6,"destination_slot":6,"entry":6,"value":2000.0006395848768}
MORTAR_OBSERVER {"kind":"PRE_RAW","call_id":6,"pair":0,"slot":7,"node":23,"activity":1,"lambda_raw":[-0.00012397125007745932,0.00011835856839536236,-0.0043690397633447077],"lambda_start":[-8.2772163739076537e-05,7.901711024636185e-05,-0.0029122531132621744],"ddtil_count":1}
MORTAR_OBSERVER {"kind":"DDTIL","call_id":6,"pair":0,"column_slot":7,"source_slot":7,"destination_slot":7,"entry":7,"value":1000.0003465805395}
MORTAR_OBSERVER {"kind":"PRE_RAW","call_id":6,"pair":0,"slot":8,"node":24,"activity":1,"lambda_raw":[-3.6358456533110788e-05,-0.00027576318840633789,-0.004242782130720049],"lambda_start":[-2.4252356704930727e-05,-0.00018394299176065183,-0.0028271602089334625],"ddtil_count":1}
MORTAR_OBSERVER {"kind":"DDTIL","call_id":6,"pair":0,"column_slot":8,"source_slot":8,"destination_slot":8,"entry":8,"value":1000.0003029959161}
MORTAR_OBSERVER {"kind":"LAW","call_id":6,"pair":0,"slot":0,"node":1,"activity":1,"ndof":3,"normal":[2.8529739496521351e-08,2.8529739496628415e-08,-0.99999999999999922],"tangents":[0.99999999999999967,-8.1394603574242527e-16,2.8529739496521341e-08,9.8607613152626476e-32,0.99999999999999967,2.8529739496628428e-08],"ln":6.5872143121397864,"lt":[0.25401531056727278,0.25401531055614834],"lt_start":[0.16930628079450022,0.16930628078203785],"q":0.00065872143121397872,"ut":[0.00084689029943291487,0.00084689029944632244],"gn":0.00065872143121397872,"gt":[0.00084709029772772561,0.00084709029774110488],"b":1.9761642936419359,"constant_n":10000000000,"constant_t":100,"mu":0.29999999999999999,"normal_mode":1,"tangent_mode":1,"normal_inverse_stiffness":0.0001,"tangent_inverse_stiffness":0.01,"p0":0,"beta":0,"iwan":1,"rn":0,"rt":[-1.9999829481073816e-07,-1.9999829478244049e-07]}
MORTAR_OBSERVER {"kind":"LAW","call_id":6,"pair":0,"slot":1,"node":2,"activity":1,"ndof":3,"normal":[2.4240110997546493e-08,-1.4361752024560313e-08,-0.99999999999999967],"tangents":[0.99999999999999978,3.4813046319458016e-16,2.4240110997546493e-08,-0,1,-1.4361752024560318e-08],"ln":3.1910691190293914,"lt":[-0.016814513221885208,0.065288657843404707],"lt_start":[-0.011108256002718376,0.043517589433631078],"q":0.00031910691190293922,"ut":[-5.7035647377023481e-05,0.00021760706598839528],"gn":0.00031910691190293916,"gt":[-5.7062572191668318e-05,0.0002177106840977363],"b":0.95732073587144773,"constant_n":10000000000,"constant_t":100,"mu":0.29999999999999999,"normal_mode":1,"tangent_mode":1,"normal_inverse_stiffness":0.0001,"tangent_inverse_stiffness":0.01,"p0":0,"beta":0,"iwan":1,"rn":-1.6263035362840128e-10,"rt":[2.6924814644836996e-08,-1.0361810934102276e-07]}
MORTAR_OBSERVER {"kind":"LAW","call_id":6,"pair":0,"slot":2,"node":3,"activity":1,"ndof":3,"normal":[-1.7482410921267949e-08,-1.7482410921137569e-08,-0.99999999999999967],"tangents":[0.99999999999999989,-3.0563469161778958e-16,-1.7482410921267946e-08,4.9303806576313238e-32,0.99999999999999989,-1.7482410921137572e-08],"ln":6.2824253665026744,"lt":[0.050274598451847598,0.050274598466887518],"lt_start":[0.033647123203584373,0.033647123220368801],"q":0.00062824253665026729,"ut":[0.00016625606917188289,0.000166256069154419],"gn":0.00062824253665026751,"gt":[0.00016627475248263225,0.00016627475246518719],"b":1.8847276093002809,"constant_n":10000000000,"constant_t":100,"mu":0.29999999999999999,"normal_mode":1,"tangent_mode":1,"normal_inverse_stiffness":0.0001,"tangent_inverse_stiffness":0.01,"p0":0,"beta":0,"iwan":1,"rn":6.505211924690002e-10,"rt":[-1.8683310749358344e-08,-1.8683310768196357e-08]}
MORTAR_OBSERVER {"kind":"LAW","call_id":6,"pair":0,"slot":3,"node":4,"activity":1,"ndof":3,"normal":[-1.4361752024714805e-08,2.42401109977243e-08,-0.99999999999999967],"tangents":[0.99999999999999989,3.4813046320087862e-16,-1.4361752024714802e-08,-0,0.99999999999999978,2.4240110997724303e-08],"ln":3.1910691190255958,"lt":[0.065288657821289092,-0.016814513221013839],"lt_start":[0.04351758941161963,-0.011108256002940856],"q":0.00031910691190255964,"ut":[0.00021760706600576122,-5.7035647370841157e-05],"gn":0.00031910691190255958,"gt":[0.00021771068409669463,-5.7062572180729829e-05],"b":0.95732073587030897,"constant_n":10000000000,"constant_t":100,"mu":0.29999999999999999,"normal_mode":1,"tangent_mode":1,"normal_inverse_stiffness":0.0001,"tangent_inverse_stiffness":0.01,"p0":0,"beta":0,"iwan":1,"rn":-1.6263024260609882e-10,"rt":[-1.0361809093341117e-07,2.6924809888672458e-08]}
MORTAR_OBSERVER {"kind":"LAW","call_id":6,"pair":0,"slot":4,"node":17,"activity":1,"ndof":3,"normal":[2.7248059374248322e-08,6.2208588641501325e-09,-0.99999999999999967],"tangents":[0.99999999999999967,-1.6950633168918185e-16,2.7248059374248325e-08,-0,1,6.220858864150135e-09],"ln":4.2427834085219347,"lt":[-0.27576338759386487,-0.036358493946775892],"lt_start":[-0.18394312455736619,-0.024252381644174131],"q":0.00042427834085219352,"ut":[-0.00091846827449505015,-0.00012109619973610035],"gn":0.00042427834085219347,"gt":[-0.00091820263036498679,-0.00012106112302601762],"b":1.2728350227192109,"constant_n":10000000000,"constant_t":100,"mu":0.29999999999999999,"normal_mode":1,"tangent_mode":1,"normal_inverse_stiffness":0.0001,"tangent_inverse_stiffness":0.01,"p0":0,"beta":0,"iwan":1,"rn":-1.6263057567300621e-10,"rt":[-2.6564413006335916e-07,-3.5076710082725788e-08]}
MORTAR_OBSERVER {"kind":"LAW","call_id":6,"pair":0,"slot":5,"node":18,"activity":1,"ndof":3,"normal":[3.6575017405667946e-09,-1.620073258785837e-08,-0.99999999999999989],"tangents":[1,5.9254207638549177e-17,3.6575017405667942e-09,1.2325951644078309e-32,0.99999999999999989,-1.620073258785837e-08],"ln":4.3690412800107401,"lt":[0.1183585934669107,-0.12397122229139475],"lt_start":[0.079017127013742264,-0.082772145277130685],"q":0.00043690412800107399,"ut":[0.00039339331469222656,-0.00041196839341515703],"gn":0.00043690412800107404,"gt":[0.00039341466453168437,-0.00041199077014264062],"b":1.3107123838405916,"constant_n":10000000000,"constant_t":100,"mu":0.29999999999999999,"normal_mode":1,"tangent_mode":1,"normal_inverse_stiffness":0.0001,"tangent_inverse_stiffness":0.01,"p0":0,"beta":0,"iwan":1,"rn":1.6263035362840128e-10,"rt":[-2.1349839457809622e-08,2.2376727483593931e-08]}
MORTAR_OBSERVER {"kind":"LAW","call_id":6,"pair":0,"slot":6,"node":19,"activity":1,"ndof":3,"normal":[5.5236631119423031e-09,5.5236631120610234e-09,-1],"tangents":[1,-3.05108541748879e-17,5.5236631119423031e-09,-0,1,5.5236631120610234e-09],"ln":8.5245727043089534,"lt":[-0.12429461235390545,-0.12429461234432324],"lt_start":[-0.08298067063617072,-0.082980670624919581],"q":0.00085245727043089538,"ut":[-0.00041330112894856301,-0.00041330112896520904],"gn":0.00085245727043089538,"gt":[-0.00041313941717734728,-0.00041313941719403656],"b":2.5573718112926858,"constant_n":10000000000,"constant_t":100,"mu":0.29999999999999999,"normal_mode":1,"tangent_mode":1,"normal_inverse_stiffness":0.0001,"tangent_inverse_stiffness":0.01,"p0":0,"beta":0,"iwan":1,"rn":0,"rt":[-1.6171177121573855e-07,-1.6171177117247889e-07]}
MORTAR_OBSERVER {"kind":"LAW","call_id":6,"pair":0,"slot":7,"node":23,"activity":1,"ndof":3,"normal":[-1.620073258800081e-08,3.657501740720888e-09,-0.99999999999999989],"tangents":[0.99999999999999989,5.9254207641566595e-17,-1.620073258800081e-08,-0,1,3.6575017407208885e-09],"ln":4.3690412800101877,"lt":[-0.12397122226181262,0.11835859343636278],"lt_start":[-0.082772145245647424,0.079017126980580027],"q":0.00043690412800101875,"ut":[-0.00041196839338284916,0.00039339331466940649],"gn":0.0004369041280010188,"gt":[-0.00041199077016165195,0.00039341466455782752],"b":1.3107123838404258,"constant_n":10000000000,"constant_t":100,"mu":0.29999999999999999,"normal_mode":1,"tangent_mode":1,"normal_inverse_stiffness":0.0001,"tangent_inverse_stiffness":0.01,"p0":0,"beta":0,"iwan":1,"rn":1.6263057567300621e-10,"rt":[2.2376778802785883e-08,-2.1349888421030253e-08]}
MORTAR_OBSERVER {"kind":"LAW","call_id":6,"pair":0,"slot":8,"node":24,"activity":1,"ndof":3,"normal":[6.220858864019562e-09,2.7248059374390686e-08,-0.99999999999999967],"tangents":[1,-1.6950633168650961e-16,6.2208588640195595e-09,-0,0.99999999999999967,2.7248059374390686e-08],"ln":4.2427834085255105,"lt":[-0.036358493943331412,-0.27576338756907209],"lt_start":[-0.024252381640665704,-0.18394312452927963],"q":0.00042427834085255104,"ut":[-0.00012109619972898232,-0.00091846827446923486],"gn":0.00042427834085255109,"gt":[-0.00012106112302665707,-0.00091820263039792463],"b":1.2728350223950227,"constant_n":10000000000,"constant_t":100,"mu":0.29999999999999999,"normal_mode":1,"tangent_mode":1,"normal_inverse_stiffness":0.0001,"tangent_inverse_stiffness":0.01,"p0":0,"beta":0,"iwan":1,"rn":1.6263035362840128e-10,"rt":[-3.5076702325245691e-08,-2.656440713102266e-07]}
MORTAR_OBSERVER {"kind":"POST_RAW_AFTER_ACTIVE_LOOP","call_id":6,"pair":0,"slot":0,"node":1,"activity":1,"lambda_raw":[0.00019051156819774681,0.00019051156818940333,-0.004940409279417031],"gap":-0.00065872143121397872}
MORTAR_OBSERVER {"kind":"POST_RAW_AFTER_ACTIVE_LOOP","call_id":6,"pair":0,"slot":1,"node":2,"activity":1,"lambda_raw":[-2.5221644829440906e-05,9.7932883169888903e-05,-0.0047866019771623178],"gap":-0.00031910691190293922}
MORTAR_OBSERVER {"kind":"POST_RAW_AFTER_ACTIVE_LOOP","call_id":6,"pair":0,"slot":2,"node":3,"activity":1,"lambda_raw":[3.7705851542462133e-05,3.7705851553742057e-05,-0.0047118171614467042],"gap":-0.00062824253665026729}
MORTAR_OBSERVER {"kind":"POST_RAW_AFTER_ACTIVE_LOOP","call_id":6,"pair":0,"slot":3,"node":4,"activity":1,"lambda_raw":[9.7932883136715447e-05,-2.5221644828133799e-05,-0.0047866019771566201],"gap":-0.00031910691190255964}
MORTAR_OBSERVER {"kind":"POST_RAW_AFTER_ACTIVE_LOOP","call_id":6,"pair":0,"slot":4,"node":17,"activity":1,"lambda_raw":[-0.00027576318843113072,-3.6358456536555223e-05,-0.0042427821307164737],"gap":-0.00042427834085219352}
MORTAR_OBSERVER {"kind":"POST_RAW_AFTER_ACTIVE_LOOP","call_id":6,"pair":0,"slot":5,"node":18,"activity":1,"lambda_raw":[0.00011835856842591007,-0.00012397125010704118,-0.0043690397633452515],"gap":-0.00043690412800107399}
MORTAR_OBSERVER {"kind":"POST_RAW_AFTER_ACTIVE_LOOP","call_id":6,"pair":0,"slot":6,"node":19,"activity":1,"lambda_raw":[-6.2147262759294127e-05,-6.2147262754503024e-05,-0.0042622849897945275],"gap":-0.00085245727043089538}
MORTAR_OBSERVER {"kind":"POST_RAW_AFTER_ACTIVE_LOOP","call_id":6,"pair":0,"slot":7,"node":23,"activity":1,"lambda_raw":[-0.00012397125007745932,0.00011835856839536236,-0.0043690397633447077],"gap":-0.00043690412800101875}
MORTAR_OBSERVER {"kind":"POST_RAW_AFTER_ACTIVE_LOOP","call_id":6,"pair":0,"slot":8,"node":24,"activity":1,"lambda_raw":[-3.6358456533110788e-05,-0.00027576318840633789,-0.004242782130720049],"gap":-0.00042427834085255104}
MORTAR_OBSERVER {"kind":"SUMMARY_PRE_OVERRIDE","call_id":6,"ndiverg":14,"flag":0,"keepset":0,"max_n":6.505211924690002e-10,"max_t":[2.6564413006335916e-07,2.656440713102266e-07],"lm_t_av":[1.0651393896821197,1.0651393896753831],"nstick":9,"nslip":0,"ninactive":0,"nnogap":0,"nolm":0}
MORTAR_OBSERVER {"kind":"SUMMARY_POST_OVERRIDE","call_id":6,"flag":0}
MORTAR_OBSERVER {"kind":"RETURN","call_id":6}
 Using up to 2 cpu(s) for the stress calculation.

 average force= 1.751353
 time avg. forc= 1.167532
 largest residual force= 0.000000 in node 17 and dof 1
 largest increment of disp= 4.662608e-05
 largest correction to disp= 1.752558e-07 in node 24 and dof 2

MORTAR_OBSERVER {"kind":"PRE_CHECK","call_id":6,"step":1,"inc":3,"cutback":0,"iteration":2,"time":0.375,"dtime":0.125,"ttime":0,"tper":1,"theta":0.25,"dtheta":0.125,"icntrl":0,"nmethod":1,"iexpl":0,"ithermal":0,"uncoupled":0,"mortar":2,"iflagdualquad":2}
 convergence; the increment size is increased to 1.875000e-01

 the increment size exceeds the maximum allowed and is decreased to 1.250000e-01

MORTAR_OBSERVER {"kind":"POST_CHECK","call_id":6,"step":1,"inc":3,"cutback":0,"iteration":2,"time":0.375,"dtime":0.125,"ttime":0,"tper":1,"theta":0.375,"dtheta":0.125,"icntrl":1,"nmethod":1,"iexpl":0,"ithermal":0,"uncoupled":0,"mortar":2,"iflagdualquad":2}
 Using up to 2 cpu(s) for the stress calculation.

 increment 4 attempt 1 
 increment size= 1.250000e-01
 sum of previous increments=3.750000e-01
 actual step time=5.000000e-01
 actual total time=5.000000e-01

 iteration 1

 Determining the structure of the matrix:

 Using up to 2 cpu(s) for setting up the structure of the matrix.
 number of equations
 75
 number of nonzero lower triangular matrix elements
 1143

 Using up to 2 cpu(s) for the stress calculation.

 Using up to 2 cpu(s) for the symmetric stiffness/mass contributions.

 Using up to 2 cpu(s) for the stress calculation.

 Using up to 2 cpu(s) for the symmetric stiffness/mass contributions.

 Factoring the system of equations using the unsymmetric spooles solver
 Using 1 cpu for spooles.

MORTAR_OBSERVER {"kind":"BEGIN","call_id":7,"step":1,"inc":4,"cutback":0,"iteration":1,"time":0.5,"dtime":0.125,"ttime":0,"tper":1,"theta":0.375,"dtheta":0.125,"icntrl":0,"nmethod":1,"iexpl":0,"ithermal":0,"uncoupled":0,"mortar":2,"iflagdualquad":2}
MORTAR_OBSERVER {"kind":"INVENTORY","call_id":7,"pair_count":1,"slave_count":9}
MORTAR_OBSERVER {"kind":"PAIR","call_id":7,"pair":0,"start":0,"end":9}
MORTAR_OBSERVER {"kind":"PRE_RAW","call_id":7,"pair":0,"slot":0,"node":1,"activity":1,"lambda_raw":[0.0002662208131093759,0.00026622081310096439,-0.0065887999862400863],"lambda_start":[0.00019051156819774681,0.00019051156818940333,-0.004940409279417031],"ddtil_count":1}
MORTAR_OBSERVER {"kind":"DDTIL","call_id":7,"pair":0,"column_slot":0,"source_slot":0,"destination_slot":0,"entry":0,"value":1333.3338462523764}
MORTAR_OBSERVER {"kind":"PRE_RAW","call_id":7,"pair":0,"slot":1,"node":2,"activity":1,"lambda_raw":[-3.0750231610439292e-05,0.00013910435615663088,-0.0063852051348787129],"lambda_start":[-2.5221644829440906e-05,9.7932883169888903e-05,-0.0047866019771623178],"ddtil_count":1}
MORTAR_OBSERVER {"kind":"DDTIL","call_id":7,"pair":0,"column_slot":1,"source_slot":1,"destination_slot":1,"entry":1,"value":666.66697961928855}
MORTAR_OBSERVER {"kind":"PRE_RAW","call_id":7,"pair":0,"slot":2,"node":3,"activity":1,"lambda_raw":[5.2633137269328861e-05,5.2633137280734112e-05,-0.0062831317354967945],"lambda_start":[3.7705851542462133e-05,3.7705851553742057e-05,-0.0047118171614467042],"ddtil_count":1}
MORTAR_OBSERVER {"kind":"DDTIL","call_id":7,"pair":0,"column_slot":2,"source_slot":2,"destination_slot":2,"entry":2,"value":1333.3340301070202}
MORTAR_OBSERVER {"kind":"PRE_RAW","call_id":7,"pair":0,"slot":3,"node":4,"activity":1,"lambda_raw":[0.00013910435612351076,-3.0750231609196525e-05,-0.0063852051348729311],"lambda_start":[9.7932883136715447e-05,-2.5221644828133799e-05,-0.0047866019771566201],"ddtil_count":1}
MORTAR_OBSERVER {"kind":"DDTIL","call_id":7,"pair":0,"column_slot":3,"source_slot":3,"destination_slot":3,"entry":3,"value":666.66697961928855}
MORTAR_OBSERVER {"kind":"PRE_RAW","call_id":7,"pair":0,"slot":4,"node":17,"activity":1,"lambda_raw":[-0.00038720191852516592,-5.0110300982558592e-05,-0.0056553644722199849],"lambda_start":[-0.00027576318843113072,-3.6358456536555223e-05,-0.0042427821307164737],"ddtil_count":1}
MORTAR_OBSERVER {"kind":"DDTIL","call_id":7,"pair":0,"column_slot":4,"source_slot":4,"destination_slot":4,"entry":4,"value":1000.000407251258}
MORTAR_OBSERVER {"kind":"PRE_RAW","call_id":7,"pair":0,"slot":5,"node":18,"activity":1,"lambda_raw":[0.00016633648816911345,-0.0001730701808218674,-0.0058256880977727299],"lambda_start":[0.00011835856842591007,-0.00012397125010704118,-0.0043690397633452515],"ddtil_count":1}
MORTAR_OBSERVER {"kind":"DDTIL","call_id":7,"pair":0,"column_slot":5,"source_slot":5,"destination_slot":5,"entry":5,"value":1000.0004653106191}
MORTAR_OBSERVER {"kind":"PRE_RAW","call_id":7,"pair":0,"slot":6,"node":19,"activity":1,"lambda_raw":[-8.5971883944871517e-05,-8.5971883940033522e-05,-0.0056808428607027185],"lambda_start":[-6.2147262759294127e-05,-6.2147262754503024e-05,-0.0042622849897945275],"ddtil_count":1}
MORTAR_OBSERVER {"kind":"DDTIL","call_id":7,"pair":0,"column_slot":6,"source_slot":6,"destination_slot":6,"entry":6,"value":2000.0008592615286}
MORTAR_OBSERVER {"kind":"PRE_RAW","call_id":7,"pair":0,"slot":7,"node":23,"activity":1,"lambda_raw":[-0.00017307018079204555,0.00016633648813826324,-0.0058256880977721349],"lambda_start":[-0.00012397125007745932,0.00011835856839536236,-0.0043690397633447077],"ddtil_count":1}
MORTAR_OBSERVER {"kind":"DDTIL","call_id":7,"pair":0,"column_slot":7,"source_slot":7,"destination_slot":7,"entry":7,"value":1000.0004653106179}
MORTAR_OBSERVER {"kind":"PRE_RAW","call_id":7,"pair":0,"slot":8,"node":24,"activity":1,"lambda_raw":[-5.011030097909649e-05,-0.00038720191850000402,-0.0056553644722235341],"lambda_start":[-3.6358456533110788e-05,-0.00027576318840633789,-0.004242782130720049],"ddtil_count":1}
MORTAR_OBSERVER {"kind":"DDTIL","call_id":7,"pair":0,"column_slot":8,"source_slot":8,"destination_slot":8,"entry":8,"value":1000.0004072512577}
MORTAR_OBSERVER {"kind":"LAW","call_id":7,"pair":0,"slot":0,"node":1,"activity":1,"ndof":3,"normal":[3.852344618010403e-08,3.8523446180057675e-08,-0.99999999999999856],"tangents":[0.99999999999999933,-1.4840559055895872e-15,3.852344618010401e-08,-1.9721522630525295e-31,0.99999999999999933,3.8523446180057708e-08],"ln":8.7850700551897454,"lt":[0.3549608822643861,0.35496088225317124],"lt_start":[0.25401526821845422,0.25401526820732995],"q":0.00087850700551897454,"ut":[0.00072688719962533228,0.00072688719961995268],"gn":0.00087850700551897454,"gt":[0.0010094561404593188,0.0010094561404584129],"b":2.6355210165569236,"constant_n":10000000000,"constant_t":100,"mu":0.29999999999999999,"normal_mode":1,"tangent_mode":1,"normal_inverse_stiffness":0.0001,"tangent_inverse_stiffness":0.01,"p0":0,"beta":0,"iwan":1,"rn":0,"rt":[-0.00028256894083398653,-0.00028256894083846017]}
MORTAR_OBSERVER {"kind":"LAW","call_id":7,"pair":0,"slot":1,"node":2,"activity":1,"ndof":3,"normal":[3.1412084981559134e-08,-1.8480742967530014e-08,-0.99999999999999933],"tangents":[0.99999999999999956,5.8051866861840445e-16,3.1412084981559134e-08,9.8607613152626476e-32,0.99999999999999989,-1.8480742967530027e-08],"ln":4.2568054191613722,"lt":[-0.020500297745458716,0.09273635963975374],"lt_start":[-0.016814538017619542,0.06528867840161337],"q":0.00042568054191613713,"ut":[-1.7809140617867253e-05,0.00020180158551770562],"gn":0.00042568054191613724,"gt":[-3.6857597278391747e-05,0.00027447681238140369],"b":1.2770416254231509,"constant_n":10000000000,"constant_t":100,"mu":0.29999999999999999,"normal_mode":1,"tangent_mode":1,"normal_inverse_stiffness":0.0001,"tangent_inverse_stiffness":0.01,"p0":0,"beta":0,"iwan":1,"rn":3.2526070725680256e-10,"rt":[1.9048456660524494e-05,-7.2675226863698066e-05]}
MORTAR_OBSERVER {"kind":"LAW","call_id":7,"pair":0,"slot":2,"node":3,"activity":1,"ndof":3,"normal":[-2.3658941409145873e-08,-2.3658941409155359e-08,-0.99999999999999944],"tangents":[0.99999999999999978,-5.5974550860162196e-16,-2.3658941409145866e-08,9.8607613152626476e-32,0.99999999999999978,-2.3658941409155366e-08],"ln":8.3775133552625984,"lt":[0.070177751235587893,0.070177751250794951],"lt_start":[0.050274643631280543,0.050274643646320477],"q":0.00083775133552625996,"ut":[0.00014358736605173542,0.00014358736605922997],"gn":0.00083775133552625985,"gt":[0.00019903107604307352,0.00019903107604474473],"b":2.5132540069040403,"constant_n":10000000000,"constant_t":100,"mu":0.29999999999999999,"normal_mode":1,"tangent_mode":1,"normal_inverse_stiffness":0.0001,"tangent_inverse_stiffness":0.01,"p0":0,"beta":0,"iwan":1,"rn":-3.2526070725680256e-10,"rt":[-5.5443709991338092e-05,-5.5443709985514761e-05]}
MORTAR_OBSERVER {"kind":"LAW","call_id":7,"pair":0,"slot":3,"node":4,"activity":1,"ndof":3,"normal":[-1.8480742967562257e-08,3.1412084981628525e-08,-0.99999999999999933],"tangents":[0.99999999999999989,5.8051866862069944e-16,-1.8480742967562247e-08,-0,0.99999999999999956,3.1412084981628531e-08],"ln":4.2568054191575175,"lt":[0.092736359617673639,-0.020500297744630261],"lt_start":[0.065288678379497714,-0.016814538016748176],"q":0.00042568054191575202,"ut":[0.00020180158551217877,-1.7809140620338465e-05],"gn":0.00042568054191575175,"gt":[0.00027447681238175925,-3.6857597278820847e-05],"b":1.277041626560407,"constant_n":10000000000,"constant_t":100,"mu":0.29999999999999999,"normal_mode":1,"tangent_mode":1,"normal_inverse_stiffness":0.0001,"tangent_inverse_stiffness":0.01,"p0":0,"beta":0,"iwan":1,"rn":-8.131517681420064e-10,"rt":[-7.2675226869580486e-05,1.9048456658482382e-05]}
MORTAR_OBSERVER {"kind":"LAW","call_id":7,"pair":0,"slot":4,"node":17,"activity":1,"ndof":3,"normal":[3.6395254573828774e-08,8.5938611947089734e-09,-0.99999999999999933],"tangents":[0.99999999999999933,-3.1277576595358157e-16,3.6395254573828774e-08,-0,1,8.5938611947089801e-09],"ln":5.6553667608513178,"lt":[-0.38720228204214757,-0.050110369991478776],"lt_start":[-0.27576345515323458,-0.036358507805477946],"q":0.00056553667608513173,"ut":[-0.0008085954738921464,-9.7201120893300761e-05],"gn":0.00056553667608513184,"gt":[-0.0011143882688891299,-0.00013751862186000831],"b":1.6966100279301346,"constant_n":10000000000,"constant_t":100,"mu":0.29999999999999999,"normal_mode":1,"tangent_mode":1,"normal_inverse_stiffness":0.0001,"tangent_inverse_stiffness":0.01,"p0":0,"beta":0,"iwan":1,"rn":3.2526070725680256e-10,"rt":[0.00030579279499698354,4.0317500966707544e-05]}
MORTAR_OBSERVER {"kind":"LAW","call_id":7,"pair":0,"slot":5,"node":18,"activity":1,"ndof":3,"normal":[4.3374836272374236e-09,-2.1530753022143245e-08,-0.99999999999999978],"tangents":[1,9.3389288715638999e-17,4.3374836272374228e-09,1.2325951644078309e-32,0.99999999999999978,-2.1530753022143245e-08],"ln":5.82569081297508,"lt":[0.16633654029840922,-0.17307013592175038],"lt_start":[0.11835860454876154,-0.12397121372342043],"q":0.0005825690812975078,"ut":[0.00034862106750402751,-0.00035363795619764847],"gn":0.00058256908129750802,"gt":[0.00047977935749647676,-0.00049098922198329952],"b":1.7477072432420027,"constant_n":10000000000,"constant_t":100,"mu":0.29999999999999999,"normal_mode":1,"tangent_mode":1,"normal_inverse_stiffness":0.0001,"tangent_inverse_stiffness":0.01,"p0":0,"beta":0,"iwan":1,"rn":6.505211924690002e-10,"rt":[-0.00013115828999244925,0.00013735126578565105]}
MORTAR_OBSERVER {"kind":"LAW","call_id":7,"pair":0,"slot":6,"node":19,"activity":1,"ndof":3,"normal":[7.432250268429438e-09,7.4322502684015206e-09,-1],"tangents":[1,-5.5238344052361961e-17,7.432250268429438e-09,-0,1,7.4322502684015206e-09],"ln":11.361690600179298,"lt":[-0.17194392620500348,-0.1719439261953275],"lt_start":[-0.12429464227610498,-0.12429464226652277],"q":0.0011361690600179297,"ut":[-0.00033893947582143733,-0.00033893947581495803],"gn":0.0011361690600179299,"gt":[-0.00047649283928898501,-0.00047649283928804728],"b":3.408507179403268,"constant_n":10000000000,"constant_t":100,"mu":0.29999999999999999,"normal_mode":1,"tangent_mode":1,"normal_inverse_stiffness":0.0001,"tangent_inverse_stiffness":0.01,"p0":0,"beta":0,"iwan":1,"rn":6.5052141451360512e-10,"rt":[0.00013755336346754767,0.00013755336347308925]}
MORTAR_OBSERVER {"kind":"LAW","call_id":7,"pair":0,"slot":7,"node":23,"activity":1,"ndof":3,"normal":[-2.1530753022154501e-08,4.3374836272672418e-09,-0.99999999999999978],"tangents":[0.99999999999999978,9.3389288716329856e-17,-2.1530753022154501e-08,-0,1,4.3374836272672426e-09],"ln":5.8256908129744778,"lt":[-0.17307013589192827,0.16633654026755881],"lt_start":[-0.12397121369383839,0.11835860451821369],"q":0.00058256908129744817,"ut":[-0.00035363795620600626,0.00034862106750859758],"gn":0.00058256908129744784,"gt":[-0.00049098922198089878,0.00047977935749345129],"b":1.7477072448681252,"constant_n":10000000000,"constant_t":100,"mu":0.29999999999999999,"normal_mode":1,"tangent_mode":1,"normal_inverse_stiffness":0.0001,"tangent_inverse_stiffness":0.01,"p0":0,"beta":0,"iwan":1,"rn":-9.7578189972580276e-10,"rt":[0.00013735126577489251,-0.00013115828998485371]}
MORTAR_OBSERVER {"kind":"LAW","call_id":7,"pair":0,"slot":8,"node":24,"activity":1,"ndof":3,"normal":[8.593861194716433e-09,3.6395254573840024e-08,-0.99999999999999933],"tangents":[1,-3.1277576595394957e-16,8.5938611947164296e-09,-4.9303806576313238e-32,0.99999999999999944,3.6395254573840024e-08],"ln":5.6553667608548652,"lt":[-0.050110369988016545,-0.38720228201698559],"lt_start":[-0.03635850780203341,-0.27576345512844164],"q":0.00056553667608548659,"ut":[-9.7201120895529217e-05,-0.00080859547389731457],"gn":0.00056553667608548659,"gt":[-0.00013751862185983136,-0.0011143882688854395],"b":1.6966100282564596,"constant_n":10000000000,"constant_t":100,"mu":0.29999999999999999,"normal_mode":1,"tangent_mode":1,"normal_inverse_stiffness":0.0001,"tangent_inverse_stiffness":0.01,"p0":0,"beta":0,"iwan":1,"rn":0,"rt":[4.0317500964302146e-05,0.00030579279498812496]}
MORTAR_OBSERVER {"kind":"POST_RAW_AFTER_ACTIVE_LOOP","call_id":7,"pair":0,"slot":0,"node":1,"activity":1,"lambda_raw":[0.0002662208131093759,0.00026622081310096439,-0.0065887999862400863],"gap":-0.00087850700551897454}
MORTAR_OBSERVER {"kind":"POST_RAW_AFTER_ACTIVE_LOOP","call_id":7,"pair":0,"slot":1,"node":2,"activity":1,"lambda_raw":[-3.0750231610439292e-05,0.00013910435615663088,-0.0063852051348787129],"gap":-0.00042568054191613713}
MORTAR_OBSERVER {"kind":"POST_RAW_AFTER_ACTIVE_LOOP","call_id":7,"pair":0,"slot":2,"node":3,"activity":1,"lambda_raw":[5.2633137269328861e-05,5.2633137280734112e-05,-0.0062831317354967945],"gap":-0.00083775133552625996}
MORTAR_OBSERVER {"kind":"POST_RAW_AFTER_ACTIVE_LOOP","call_id":7,"pair":0,"slot":3,"node":4,"activity":1,"lambda_raw":[0.00013910435612351076,-3.0750231609196525e-05,-0.0063852051348729311],"gap":-0.00042568054191575202}
MORTAR_OBSERVER {"kind":"POST_RAW_AFTER_ACTIVE_LOOP","call_id":7,"pair":0,"slot":4,"node":17,"activity":1,"lambda_raw":[-0.00038720191852516592,-5.0110300982558592e-05,-0.0056553644722199849],"gap":-0.00056553667608513173}
MORTAR_OBSERVER {"kind":"POST_RAW_AFTER_ACTIVE_LOOP","call_id":7,"pair":0,"slot":5,"node":18,"activity":1,"lambda_raw":[0.00016633648816911345,-0.0001730701808218674,-0.0058256880977727299],"gap":-0.0005825690812975078}
MORTAR_OBSERVER {"kind":"POST_RAW_AFTER_ACTIVE_LOOP","call_id":7,"pair":0,"slot":6,"node":19,"activity":1,"lambda_raw":[-8.5971883944871517e-05,-8.5971883940033522e-05,-0.0056808428607027185],"gap":-0.0011361690600179297}
MORTAR_OBSERVER {"kind":"POST_RAW_AFTER_ACTIVE_LOOP","call_id":7,"pair":0,"slot":7,"node":23,"activity":1,"lambda_raw":[-0.00017307018079204555,0.00016633648813826324,-0.0058256880977721349],"gap":-0.00058256908129744817}
MORTAR_OBSERVER {"kind":"POST_RAW_AFTER_ACTIVE_LOOP","call_id":7,"pair":0,"slot":8,"node":24,"activity":1,"lambda_raw":[-5.011030097909649e-05,-0.00038720191850000402,-0.0056553644722235341],"gap":-0.00056553667608548659}
MORTAR_OBSERVER {"kind":"SUMMARY_PRE_OVERRIDE","call_id":7,"ndiverg":14,"flag":1,"keepset":0,"max_n":9.7578189972580276e-10,"max_t":[0.00030579279499698354,0.00030579279498812496],"lm_t_av":[1.4870385452886115,1.4870385452814512],"nstick":9,"nslip":0,"ninactive":0,"nnogap":0,"nolm":0}
MORTAR_OBSERVER {"kind":"SUMMARY_POST_OVERRIDE","call_id":7,"flag":1}
MORTAR_OBSERVER {"kind":"RETURN","call_id":7}
 Using up to 2 cpu(s) for the stress calculation.

 average force= 2.335488
 time avg. forc= 1.459521
 largest residual force= 0.000000 in node 17 and dof 1
 largest increment of disp= 4.673881e-05
 largest correction to disp= 2.117639e-07 in node 7 and dof 3

MORTAR_OBSERVER {"kind":"PRE_CHECK","call_id":7,"step":1,"inc":4,"cutback":0,"iteration":1,"time":0.5,"dtime":0.125,"ttime":0,"tper":1,"theta":0.375,"dtheta":0.125,"icntrl":0,"nmethod":1,"iexpl":0,"ithermal":0,"uncoupled":0,"mortar":2,"iflagdualquad":2}
 no convergence

MORTAR_OBSERVER {"kind":"POST_CHECK","call_id":7,"step":1,"inc":4,"cutback":0,"iteration":2,"time":0.5,"dtime":0.125,"ttime":0,"tper":1,"theta":0.375,"dtheta":0.125,"icntrl":0,"nmethod":1,"iexpl":0,"ithermal":0,"uncoupled":0,"mortar":2,"iflagdualquad":2}
 iteration 2

 Determining the structure of the matrix:

 Using up to 2 cpu(s) for setting up the structure of the matrix.
 number of equations
 75
 number of nonzero lower triangular matrix elements
 1143

 Using up to 2 cpu(s) for the stress calculation.

 Using up to 2 cpu(s) for the symmetric stiffness/mass contributions.

 Using up to 2 cpu(s) for the stress calculation.

 Using up to 2 cpu(s) for the symmetric stiffness/mass contributions.

 Factoring the system of equations using the unsymmetric spooles solver
 Using 1 cpu for spooles.

MORTAR_OBSERVER {"kind":"BEGIN","call_id":8,"step":1,"inc":4,"cutback":0,"iteration":2,"time":0.5,"dtime":0.125,"ttime":0,"tper":1,"theta":0.375,"dtheta":0.125,"icntrl":0,"nmethod":1,"iexpl":0,"ithermal":0,"uncoupled":0,"mortar":2,"iflagdualquad":2}
MORTAR_OBSERVER {"kind":"INVENTORY","call_id":8,"pair_count":1,"slave_count":9}
MORTAR_OBSERVER {"kind":"PAIR","call_id":8,"pair":0,"start":0,"end":9}
MORTAR_OBSERVER {"kind":"PRE_RAW","call_id":8,"pair":0,"slot":0,"node":1,"activity":1,"lambda_raw":[0.00025401085243800141,0.00025401085243071482,-0.0065872519066819887],"lambda_start":[0.00019051156819774681,0.00019051156818940333,-0.004940409279417031],"ddtil_count":1}
MORTAR_OBSERVER {"kind":"DDTIL","call_id":8,"pair":0,"column_slot":0,"source_slot":0,"destination_slot":0,"entry":0,"value":1333.3338462523764}
MORTAR_OBSERVER {"kind":"PRE_RAW","call_id":8,"pair":0,"slot":1,"node":2,"activity":1,"lambda_raw":[-3.360272415393483e-05,0.00013056457962725456,-0.0063821759685846798],"lambda_start":[-2.5221644829440906e-05,9.7932883169888903e-05,-0.0047866019771623178],"ddtil_count":1}
MORTAR_OBSERVER {"kind":"DDTIL","call_id":8,"pair":0,"column_slot":1,"source_slot":1,"destination_slot":1,"entry":1,"value":666.66697961928855}
MORTAR_OBSERVER {"kind":"PRE_RAW","call_id":8,"pair":0,"slot":2,"node":3,"activity":1,"lambda_raw":[5.0278601163541252e-05,5.0278601172292281e-05,-0.0062824285750964163],"lambda_start":[3.7705851542462133e-05,3.7705851553742057e-05,-0.0047118171614467042],"ddtil_count":1}
MORTAR_OBSERVER {"kind":"DDTIL","call_id":8,"pair":0,"column_slot":2,"source_slot":2,"destination_slot":2,"entry":2,"value":1333.3340301070202}
MORTAR_OBSERVER {"kind":"PRE_RAW","call_id":8,"pair":0,"slot":3,"node":4,"activity":1,"lambda_raw":[0.00013056457960134959,-3.3602724153946986e-05,-0.0063821759685803005],"lambda_start":[9.7932883136715447e-05,-2.5221644828133799e-05,-0.0047866019771566201],"ddtil_count":1}
MORTAR_OBSERVER {"kind":"DDTIL","call_id":8,"pair":0,"column_slot":3,"source_slot":3,"destination_slot":3,"entry":3,"value":666.66697961928855}
MORTAR_OBSERVER {"kind":"PRE_RAW","call_id":8,"pair":0,"slot":4,"node":17,"activity":1,"lambda_raw":[-0.00036771145519532447,-4.847240557917786e-05,-0.0056569934196745806],"lambda_start":[-0.00027576318843113072,-3.6358456536555223e-05,-0.0042427821307164737],"ddtil_count":1}
MORTAR_OBSERVER {"kind":"DDTIL","call_id":8,"pair":0,"column_slot":4,"source_slot":4,"destination_slot":4,"entry":4,"value":1000.000407251258}
MORTAR_OBSERVER {"kind":"PRE_RAW","call_id":8,"pair":0,"slot":5,"node":18,"activity":1,"lambda_raw":[0.00015781809294998977,-0.00016528746590303609,-0.0058253720658617732],"lambda_start":[0.00011835856842591007,-0.00012397125010704118,-0.0043690397633452515],"ddtil_count":1}
MORTAR_OBSERVER {"kind":"DDTIL","call_id":8,"pair":0,"column_slot":5,"source_slot":5,"destination_slot":5,"entry":5,"value":1000.0004653106191}
MORTAR_OBSERVER {"kind":"PRE_RAW","call_id":8,"pair":0,"slot":6,"node":19,"activity":1,"lambda_raw":[-8.2865747241200652e-05,-8.2865747237710022e-05,-0.0056830502161191385],"lambda_start":[-6.2147262759294127e-05,-6.2147262754503024e-05,-0.0042622849897945275],"ddtil_count":1}
MORTAR_OBSERVER {"kind":"DDTIL","call_id":8,"pair":0,"column_slot":6,"source_slot":6,"destination_slot":6,"entry":6,"value":2000.0008592615286}
MORTAR_OBSERVER {"kind":"PRE_RAW","call_id":8,"pair":0,"slot":7,"node":23,"activity":1,"lambda_raw":[-0.0001652874658803014,0.00015781809292609116,-0.0058253720658612857],"lambda_start":[-0.00012397125007745932,0.00011835856839536236,-0.0043690397633447077],"ddtil_count":1}
MORTAR_OBSERVER {"kind":"DDTIL","call_id":8,"pair":0,"column_slot":7,"source_slot":7,"destination_slot":7,"entry":7,"value":1000.0004653106179}
MORTAR_OBSERVER {"kind":"PRE_RAW","call_id":8,"pair":0,"slot":8,"node":24,"activity":1,"lambda_raw":[-4.8472405576146174e-05,-0.00036771145517354274,-0.0056569934196775496],"lambda_start":[-3.6358456533110788e-05,-0.00027576318840633789,-0.004242782130720049],"ddtil_count":1}
MORTAR_OBSERVER {"kind":"DDTIL","call_id":8,"pair":0,"column_slot":8,"source_slot":8,"destination_slot":8,"entry":8,"value":1000.0004072512577}
MORTAR_OBSERVER {"kind":"LAW","call_id":8,"pair":0,"slot":0,"node":1,"activity":1,"ndof":3,"normal":[3.852344618010403e-08,3.8523446180057675e-08,-0.99999999999999856],"tangents":[0.99999999999999933,-1.4840559055895872e-15,3.852344618010401e-08,-1.9721522630525295e-31,0.99999999999999933,3.8523446180057708e-08],"ln":8.7830059470639217,"lt":[0.33868092851934861,0.33868092850963361],"lt_start":[0.25401526821845422,0.25401526820732995],"q":0.00087830059470639247,"ut":[0.00084659021163776345,0.00084659021165185526],"gn":0.00087830059470639225,"gt":[0.00084665660300894399,0.00084665660302303655],"b":2.6349017847696978,"constant_n":10000000000,"constant_t":100,"mu":0.29999999999999999,"normal_mode":1,"tangent_mode":1,"normal_inverse_stiffness":0.0001,"tangent_inverse_stiffness":0.01,"p0":0,"beta":0,"iwan":1,"rn":-6.5052141451360512e-10,"rt":[-6.6391371180535806e-08,-6.6391371181294748e-08]}
MORTAR_OBSERVER {"kind":"LAW","call_id":8,"pair":0,"slot":1,"node":2,"activity":1,"ndof":3,"normal":[3.1412084981559134e-08,-1.8480742967530014e-08,-0.99999999999999933],"tangents":[0.99999999999999956,5.8051866861840445e-16,3.1412084981559134e-08,9.8607613152626476e-32,0.99999999999999989,-1.8480742967530027e-08],"ln":4.2547859740628438,"lt":[-0.022401960270382451,0.087043172576969904],"lt_start":[-0.016814538017619542,0.06528867840161337],"q":0.0004254785974062844,"ut":[-5.5865185870322132e-05,0.00021751046436090452],"gn":0.0004254785974062844,"gt":[-5.5874222527629096e-05,0.00021754494175356534],"b":1.2764357922188532,"constant_n":10000000000,"constant_t":100,"mu":0.29999999999999999,"normal_mode":1,"tangent_mode":1,"normal_inverse_stiffness":0.0001,"tangent_inverse_stiffness":0.01,"p0":0,"beta":0,"iwan":1,"rn":0,"rt":[9.0366573069636052e-09,-3.4477392660823333e-08]}
MORTAR_OBSERVER {"kind":"LAW","call_id":8,"pair":0,"slot":2,"node":3,"activity":1,"ndof":3,"normal":[-2.3658941409145873e-08,-2.3658941409155359e-08,-0.99999999999999944],"tangents":[0.99999999999999978,-5.5974550860162196e-16,-2.3658941409145866e-08,9.8607613152626476e-32,0.99999999999999978,-2.3658941409155366e-08],"ln":8.3765758077207,"lt":[0.06703836809844424,0.067038368110112323],"lt_start":[0.050274643631280543,0.050274643646320477],"q":0.00083765758077206998,"ut":[0.00016763103982636652,0.00016763103979264862],"gn":0.00083765758077207009,"gt":[0.00016763724467163698,0.00016763724463791845],"b":2.5129727419909491,"constant_n":10000000000,"constant_t":100,"mu":0.29999999999999999,"normal_mode":1,"tangent_mode":1,"normal_inverse_stiffness":0.0001,"tangent_inverse_stiffness":0.01,"p0":0,"beta":0,"iwan":1,"rn":3.2526070725680256e-10,"rt":[-6.2048452704522618e-09,-6.2048452698288455e-09]}
MORTAR_OBSERVER {"kind":"LAW","call_id":8,"pair":0,"slot":3,"node":4,"activity":1,"ndof":3,"normal":[-1.8480742967562257e-08,3.1412084981628525e-08,-0.99999999999999933],"tangents":[0.99999999999999989,5.8051866862069944e-16,-1.8480742967562247e-08,-0,0.99999999999999956,3.1412084981628531e-08],"ln":4.2547859740599243,"lt":[0.0870431725596999,-0.022401960270390611],"lt_start":[0.065288678379497714,-0.016814538016748176],"q":0.00042547859740599243,"ut":[0.00021751046434461882,-5.5865185862150053e-05],"gn":0.00042547859740599243,"gt":[0.00021754494180202186,-5.5874222536424354e-05],"b":1.2764357922179772,"constant_n":10000000000,"constant_t":100,"mu":0.29999999999999999,"normal_mode":1,"tangent_mode":1,"normal_inverse_stiffness":0.0001,"tangent_inverse_stiffness":0.01,"p0":0,"beta":0,"iwan":1,"rn":0,"rt":[-3.4477457403034491e-08,9.0366742743007e-09]}
MORTAR_OBSERVER {"kind":"LAW","call_id":8,"pair":0,"slot":4,"node":17,"activity":1,"ndof":3,"normal":[3.6395254573828774e-08,8.5938611947089734e-09,-0.99999999999999933],"tangents":[0.99999999999999933,-3.1277576595358157e-16,3.6395254573828774e-08,-0,1,8.5938611947089801e-09],"ln":5.6569957096927412,"lt":[-0.36771181083407645,-0.048472473935062037],"lt_start":[-0.27576345515323458,-0.036358507805477946],"q":0.00056569957096927405,"ut":[-0.00091957163618007107,-0.00012115127419257981],"gn":0.00056569957096927416,"gt":[-0.00091948355680841862,-0.0001211396612958409],"b":1.6970987125825616,"constant_n":10000000000,"constant_t":100,"mu":0.29999999999999999,"normal_mode":1,"tangent_mode":1,"normal_inverse_stiffness":0.0001,"tangent_inverse_stiffness":0.01,"p0":0,"beta":0,"iwan":1,"rn":3.2526070725680256e-10,"rt":[-8.8079371652455794e-08,-1.1612896738905174e-08]}
MORTAR_OBSERVER {"kind":"LAW","call_id":8,"pair":0,"slot":5,"node":18,"activity":1,"ndof":3,"normal":[4.3374836272374236e-09,-2.1530753022143245e-08,-0.99999999999999978],"tangents":[1,9.3389288715638999e-17,4.3374836272374228e-09,1.2325951644078309e-32,0.99999999999999978,-2.1530753022143245e-08],"ln":5.8253747807125542,"lt":[0.15781814111695655,-0.16528741738834357],"lt_start":[0.11835860454876154,-0.12397121372342043],"q":0.00058253747807125559,"ut":[0.00039458825065163429,-0.00041315458566447085],"gn":0.00058253747807125549,"gt":[0.00039459536568195008,-0.00041316203664923141],"b":1.7476124345390269,"constant_n":10000000000,"constant_t":100,"mu":0.29999999999999999,"normal_mode":1,"tangent_mode":1,"normal_inverse_stiffness":0.0001,"tangent_inverse_stiffness":0.01,"p0":0,"beta":0,"iwan":1,"rn":-3.2526070725680256e-10,"rt":[-7.1150303157865857e-09,7.4509847605513067e-09]}
MORTAR_OBSERVER {"kind":"LAW","call_id":8,"pair":0,"slot":6,"node":19,"activity":1,"ndof":3,"normal":[7.432250268429438e-09,7.4322502684015206e-09,-1],"tangents":[1,-5.5238344052361961e-17,7.432250268429438e-09,-0,1,7.4322502684015206e-09],"ln":11.366105313001176,"lt":[-0.16573165016148925,-0.16573165015450797],"lt_start":[-0.12429464227610498,-0.12429464226652277],"q":0.0011366105313001175,"ut":[-0.00041442352678841034,-0.00041442352681442192],"gn":0.0011366105313001178,"gt":[-0.00041437007885384262,-0.00041437007887985198],"b":3.4098315932498315,"constant_n":10000000000,"constant_t":100,"mu":0.29999999999999999,"normal_mode":1,"tangent_mode":1,"normal_inverse_stiffness":0.0001,"tangent_inverse_stiffness":0.01,"p0":0,"beta":0,"iwan":1,"rn":6.5052141451360512e-10,"rt":[-5.3447934567714319e-08,-5.3447934569936933e-08]}
MORTAR_OBSERVER {"kind":"LAW","call_id":8,"pair":0,"slot":7,"node":23,"activity":1,"ndof":3,"normal":[-2.1530753022154501e-08,4.3374836272672418e-09,-0.99999999999999978],"tangents":[0.99999999999999978,9.3389288716329856e-17,-2.1530753022154501e-08,-0,1,4.3374836272672426e-09],"ln":5.8253747807120595,"lt":[-0.16528741736560865,0.15781814109305778],"lt_start":[-0.12397121369383839,0.11835860451821369],"q":0.00058253747807120605,"ut":[-0.0004131545856051419,0.00039458825059608677],"gn":0.00058253747807120594,"gt":[-0.00041316203671770262,0.00039459536574844095],"b":1.7476124345388784,"constant_n":10000000000,"constant_t":100,"mu":0.29999999999999999,"normal_mode":1,"tangent_mode":1,"normal_inverse_stiffness":0.0001,"tangent_inverse_stiffness":0.01,"p0":0,"beta":0,"iwan":1,"rn":-3.2526048521219764e-10,"rt":[7.4511125607197581e-09,-7.1151523541794319e-09]}
MORTAR_OBSERVER {"kind":"LAW","call_id":8,"pair":0,"slot":8,"node":24,"activity":1,"ndof":3,"normal":[8.593861194716433e-09,3.6395254573840024e-08,-0.99999999999999933],"tangents":[1,-3.1277576595394957e-16,8.5938611947164296e-09,-4.9303806576313238e-32,0.99999999999999944,3.6395254573840024e-08],"ln":5.6569957096957086,"lt":[-0.048472473932030212,-0.36771181081229459],"lt_start":[-0.03635850780203341,-0.27576345512844164],"q":0.00056569957096957069,"ut":[-0.00012115127418897047,-0.00091957163615150712],"gn":0.00056569957096957091,"gt":[-0.00012113966129996803,-0.00091948355683852962],"b":1.6970987122581913,"constant_n":10000000000,"constant_t":100,"mu":0.29999999999999999,"normal_mode":1,"tangent_mode":1,"normal_inverse_stiffness":0.0001,"tangent_inverse_stiffness":0.01,"p0":0,"beta":0,"iwan":1,"rn":6.505211924690002e-10,"rt":[-1.1612889002445047e-08,-8.8079312977494204e-08]}
MORTAR_OBSERVER {"kind":"POST_RAW_AFTER_ACTIVE_LOOP","call_id":8,"pair":0,"slot":0,"node":1,"activity":1,"lambda_raw":[0.00025401085243800141,0.00025401085243071482,-0.0065872519066819887],"gap":-0.00087830059470639247}
MORTAR_OBSERVER {"kind":"POST_RAW_AFTER_ACTIVE_LOOP","call_id":8,"pair":0,"slot":1,"node":2,"activity":1,"lambda_raw":[-3.360272415393483e-05,0.00013056457962725456,-0.0063821759685846798],"gap":-0.0004254785974062844}
MORTAR_OBSERVER {"kind":"POST_RAW_AFTER_ACTIVE_LOOP","call_id":8,"pair":0,"slot":2,"node":3,"activity":1,"lambda_raw":[5.0278601163541252e-05,5.0278601172292281e-05,-0.0062824285750964163],"gap":-0.00083765758077206998}
MORTAR_OBSERVER {"kind":"POST_RAW_AFTER_ACTIVE_LOOP","call_id":8,"pair":0,"slot":3,"node":4,"activity":1,"lambda_raw":[0.00013056457960134959,-3.3602724153946986e-05,-0.0063821759685803005],"gap":-0.00042547859740599243}
MORTAR_OBSERVER {"kind":"POST_RAW_AFTER_ACTIVE_LOOP","call_id":8,"pair":0,"slot":4,"node":17,"activity":1,"lambda_raw":[-0.00036771145519532447,-4.847240557917786e-05,-0.0056569934196745806],"gap":-0.00056569957096927405}
MORTAR_OBSERVER {"kind":"POST_RAW_AFTER_ACTIVE_LOOP","call_id":8,"pair":0,"slot":5,"node":18,"activity":1,"lambda_raw":[0.00015781809294998977,-0.00016528746590303609,-0.0058253720658617732],"gap":-0.00058253747807125559}
MORTAR_OBSERVER {"kind":"POST_RAW_AFTER_ACTIVE_LOOP","call_id":8,"pair":0,"slot":6,"node":19,"activity":1,"lambda_raw":[-8.2865747241200652e-05,-8.2865747237710022e-05,-0.0056830502161191385],"gap":-0.0011366105313001175}
MORTAR_OBSERVER {"kind":"POST_RAW_AFTER_ACTIVE_LOOP","call_id":8,"pair":0,"slot":7,"node":23,"activity":1,"lambda_raw":[-0.0001652874658803014,0.00015781809292609116,-0.0058253720658612857],"gap":-0.00058253747807120605}
MORTAR_OBSERVER {"kind":"POST_RAW_AFTER_ACTIVE_LOOP","call_id":8,"pair":0,"slot":8,"node":24,"activity":1,"lambda_raw":[-4.8472405576146174e-05,-0.00036771145517354274,-0.0056569934196775496],"gap":-0.00056569957096957069}
MORTAR_OBSERVER {"kind":"SUMMARY_PRE_OVERRIDE","call_id":8,"ndiverg":14,"flag":0,"keepset":0,"max_n":6.5052141451360512e-10,"max_t":[8.8079371652455794e-08,8.8079312977494204e-08],"lm_t_av":[1.4201859228580362,1.4201859228503724],"nstick":9,"nslip":0,"ninactive":0,"nnogap":0,"nolm":0}
MORTAR_OBSERVER {"kind":"SUMMARY_POST_OVERRIDE","call_id":8,"flag":0}
MORTAR_OBSERVER {"kind":"RETURN","call_id":8}
 Using up to 2 cpu(s) for the stress calculation.

 average force= 2.335135
 time avg. forc= 1.459433
 largest residual force= 0.000000 in node 24 and dof 2
 largest increment of disp= 4.673881e-05
 largest correction to disp= 1.164427e-07 in node 17 and dof 1

MORTAR_OBSERVER {"kind":"PRE_CHECK","call_id":8,"step":1,"inc":4,"cutback":0,"iteration":2,"time":0.5,"dtime":0.125,"ttime":0,"tper":1,"theta":0.375,"dtheta":0.125,"icntrl":0,"nmethod":1,"iexpl":0,"ithermal":0,"uncoupled":0,"mortar":2,"iflagdualquad":2}
 convergence; the increment size is increased to 1.875000e-01

 the increment size exceeds the maximum allowed and is decreased to 1.250000e-01

MORTAR_OBSERVER {"kind":"POST_CHECK","call_id":8,"step":1,"inc":4,"cutback":0,"iteration":2,"time":0.5,"dtime":0.125,"ttime":0,"tper":1,"theta":0.5,"dtheta":0.125,"icntrl":1,"nmethod":1,"iexpl":0,"ithermal":0,"uncoupled":0,"mortar":2,"iflagdualquad":2}
 Using up to 2 cpu(s) for the stress calculation.

 increment 5 attempt 1 
 increment size= 1.250000e-01
 sum of previous increments=5.000000e-01
 actual step time=6.250000e-01
 actual total time=6.250000e-01

 iteration 1

 Determining the structure of the matrix:

 Using up to 2 cpu(s) for setting up the structure of the matrix.
 number of equations
 75
 number of nonzero lower triangular matrix elements
 1143

 Using up to 2 cpu(s) for the stress calculation.

 Using up to 2 cpu(s) for the symmetric stiffness/mass contributions.

 Using up to 2 cpu(s) for the stress calculation.

 Using up to 2 cpu(s) for the symmetric stiffness/mass contributions.

 Factoring the system of equations using the unsymmetric spooles solver
 Using 1 cpu for spooles.

MORTAR_OBSERVER {"kind":"BEGIN","call_id":9,"step":1,"inc":5,"cutback":0,"iteration":1,"time":0.625,"dtime":0.125,"ttime":0,"tper":1,"theta":0.5,"dtheta":0.125,"icntrl":0,"nmethod":1,"iexpl":0,"ithermal":0,"uncoupled":0,"mortar":2,"iflagdualquad":2}
MORTAR_OBSERVER {"kind":"INVENTORY","call_id":9,"pair_count":1,"slave_count":9}
MORTAR_OBSERVER {"kind":"PAIR","call_id":9,"pair":0,"start":0,"end":9}
MORTAR_OBSERVER {"kind":"PRE_RAW","call_id":9,"pair":0,"slot":0,"node":1,"activity":1,"lambda_raw":[0.00032660753601967258,0.00032660753601232754,-0.0082376864094959729],"lambda_start":[0.00025401085243800141,0.00025401085243071482,-0.0065872519066819887],"ddtil_count":1}
MORTAR_OBSERVER {"kind":"DDTIL","call_id":9,"pair":0,"column_slot":0,"source_slot":0,"destination_slot":0,"entry":0,"value":1333.3339695226202}
MORTAR_OBSERVER {"kind":"PRE_RAW","call_id":9,"pair":0,"slot":1,"node":2,"activity":1,"lambda_raw":[-3.9487275858502494e-05,0.00016956010161858868,-0.0079827113803654197],"lambda_start":[-3.360272415393483e-05,0.00013056457962725456,-0.0063821759685846798],"ddtil_count":1}
MORTAR_OBSERVER {"kind":"DDTIL","call_id":9,"pair":0,"column_slot":1,"source_slot":1,"destination_slot":1,"entry":1,"value":666.66705540663202}
MORTAR_OBSERVER {"kind":"PRE_RAW","call_id":9,"pair":0,"slot":2,"node":3,"activity":1,"lambda_raw":[6.482976654973528e-05,6.4829766558597548e-05,-0.0078544088471613656],"lambda_start":[5.0278601163541252e-05,5.0278601172292281e-05,-0.0062824285750964163],"ddtil_count":1}
MORTAR_OBSERVER {"kind":"DDTIL","call_id":9,"pair":0,"column_slot":2,"source_slot":2,"destination_slot":2,"entry":2,"value":1333.3341994425891}
MORTAR_OBSERVER {"kind":"PRE_RAW","call_id":9,"pair":0,"slot":3,"node":4,"activity":1,"lambda_raw":[0.00016956010159196417,-3.9487275858399034e-05,-0.007982711380360847],"lambda_start":[0.00013056457960134959,-3.3602724153946986e-05,-0.0063821759685803005],"ddtil_count":1}
MORTAR_OBSERVER {"kind":"DDTIL","call_id":9,"pair":0,"column_slot":3,"source_slot":3,"destination_slot":3,"entry":3,"value":666.66705540663179}
MORTAR_OBSERVER {"kind":"PRE_RAW","call_id":9,"pair":0,"slot":4,"node":17,"activity":1,"lambda_raw":[-0.00047451822617909059,-6.1833310319722761e-05,-0.0070672145138805983],"lambda_start":[-0.00036771145519532447,-4.847240557917786e-05,-0.0056569934196745806],"ddtil_count":1}
MORTAR_OBSERVER {"kind":"DDTIL","call_id":9,"pair":0,"column_slot":4,"source_slot":4,"destination_slot":4,"entry":4,"value":1000.0005115778334}
MORTAR_OBSERVER {"kind":"PRE_RAW","call_id":9,"pair":0,"slot":5,"node":18,"activity":1,"lambda_raw":[0.0002039105306660684,-0.00021269601640551072,-0.007281047898239414],"lambda_start":[0.00015781809294998977,-0.00016528746590303609,-0.0058253720658617732],"ddtil_count":1}
MORTAR_OBSERVER {"kind":"DDTIL","call_id":9,"pair":0,"column_slot":5,"source_slot":5,"destination_slot":5,"entry":5,"value":1000.0005841841364}
MORTAR_OBSERVER {"kind":"PRE_RAW","call_id":9,"pair":0,"slot":6,"node":19,"activity":1,"lambda_raw":[-0.00010604655999220153,-0.00010604655998868379,-0.007101845670763115],"lambda_start":[-8.2865747241200652e-05,-8.2865747237710022e-05,-0.0056830502161191385],"ddtil_count":1}
MORTAR_OBSERVER {"kind":"DDTIL","call_id":9,"pair":0,"column_slot":6,"source_slot":6,"destination_slot":6,"entry":6,"value":2000.0010791320765}
MORTAR_OBSERVER {"kind":"PRE_RAW","call_id":9,"pair":0,"slot":7,"node":23,"activity":1,"lambda_raw":[-0.0002126960163822164,0.00020391053064154917,-0.007281047898238825],"lambda_start":[-0.0001652874658803014,0.00015781809292609116,-0.0058253720658612857],"ddtil_count":1}
MORTAR_OBSERVER {"kind":"DDTIL","call_id":9,"pair":0,"column_slot":7,"source_slot":7,"destination_slot":7,"entry":7,"value":1000.0005841841369}
MORTAR_OBSERVER {"kind":"PRE_RAW","call_id":9,"pair":0,"slot":8,"node":24,"activity":1,"lambda_raw":[-6.1833310316714981e-05,-0.00047451822615697515,-0.0070672145138836427],"lambda_start":[-4.8472405576146174e-05,-0.00036771145517354274,-0.0056569934196775496],"ddtil_count":1}
MORTAR_OBSERVER {"kind":"DDTIL","call_id":9,"pair":0,"column_slot":8,"source_slot":8,"destination_slot":8,"entry":8,"value":1000.0005115778322}
MORTAR_OBSERVER {"kind":"LAW","call_id":9,"pair":0,"slot":0,"node":1,"activity":1,"ndof":3,"normal":[4.7846048278392359e-08,4.784604827836037e-08,-0.99999999999999778],"tangents":[0.99999999999999889,-2.2892443358567247e-15,4.7846048278392313e-08,-0,0.999999999999999,4.784604827836043e-08],"ln":10.983587161727481,"lt":[0.43547639695587109,0.43547639694607876],"lt_start":[0.33868087795081964,0.33868087794110496],"q":0.0010983587161727483,"ut":[0.00075584221777528181,0.00075584221777097297],"gn":0.0010983587161727481,"gt":[0.00096795519005051455,0.00096795519004973794],"b":3.2950761491687657,"constant_n":10000000000,"constant_t":100,"mu":0.29999999999999999,"normal_mode":1,"tangent_mode":1,"normal_inverse_stiffness":0.0001,"tangent_inverse_stiffness":0.01,"p0":0,"beta":0,"iwan":1,"rn":-6.5052141451360512e-10,"rt":[-0.00021211297227523274,-0.00021211297227876496]}
MORTAR_OBSERVER {"kind":"LAW","call_id":9,"pair":0,"slot":1,"node":2,"activity":1,"ndof":3,"normal":[3.9870498198534768e-08,-2.3540145899130504e-08,-0.999999999999999],"tangents":[0.99999999999999922,9.3855734466452911e-16,3.9870498198534761e-08,-0,0.99999999999999978,-2.354014589913052e-08],"ln":5.3218106863986527,"lt":[-0.026325078105860652,0.11304025893671388],"lt_start":[-0.022401998805800832,0.087043203998800556],"q":0.00053218106863986555,"ut":[-2.5220798533580811e-05,0.00020542281457663553],"gn":0.00053218106863986534,"gt":[-3.92307930005982e-05,0.00025997054937913322],"b":1.5965432065701171,"constant_n":10000000000,"constant_t":100,"mu":0.29999999999999999,"normal_mode":1,"tangent_mode":1,"normal_inverse_stiffness":0.0001,"tangent_inverse_stiffness":0.01,"p0":0,"beta":0,"iwan":1,"rn":-6.505211924690002e-10,"rt":[1.4009994467017389e-05,-5.4547734802497689e-05]}
MORTAR_OBSERVER {"kind":"LAW","call_id":9,"pair":0,"slot":2,"node":3,"activity":1,"ndof":3,"normal":[-2.9350668441865288e-08,-2.9350668441867988e-08,-0.99999999999999911],"tangents":[0.99999999999999956,-8.6146173798438651e-16,-2.9350668441865275e-08,-9.8607613152626476e-32,0.99999999999999956,-2.9350668441868001e-08],"ln":10.472551927250553,"lt":[0.086440052259040626,0.086440052270857062],"lt_start":[0.067038424289613957,0.067038424301282054],"q":0.0010472551927250551,"ut":[0.00015207182833817321,0.00015207182834809329],"gn":0.0010472551927250553,"gt":[0.0001940162796942667,0.00019401627969575007],"b":3.1417655775246445,"constant_n":10000000000,"constant_t":100,"mu":0.29999999999999999,"normal_mode":1,"tangent_mode":1,"normal_inverse_stiffness":0.0001,"tangent_inverse_stiffness":0.01,"p0":0,"beta":0,"iwan":1,"rn":6.5052141451360512e-10,"rt":[-4.1944451356093482e-05,-4.194445134765679e-05]}
MORTAR_OBSERVER {"kind":"LAW","call_id":9,"pair":0,"slot":3,"node":4,"activity":1,"ndof":3,"normal":[-2.3540145899159227e-08,3.9870498198592776e-08,-0.999999999999999],"tangents":[0.99999999999999978,9.3855734466703946e-16,-2.354014589915921e-08,-0,0.99999999999999933,3.9870498198592789e-08],"ln":5.3218106863956027,"lt":[0.11304025891896413,-0.02632507810579178],"lt_start":[0.087043203981530509,-0.022401998805809016],"q":0.00053218106863956046,"ut":[0.00020542281457589193,-2.5220798534851374e-05],"gn":0.00053218106863956035,"gt":[0.00025997054937433622,-3.9230792999827637e-05],"b":1.5965432062439413,"constant_n":10000000000,"constant_t":100,"mu":0.29999999999999999,"normal_mode":1,"tangent_mode":1,"normal_inverse_stiffness":0.0001,"tangent_inverse_stiffness":0.01,"p0":0,"beta":0,"iwan":1,"rn":-3.2526048521219764e-10,"rt":[-5.4547734798444291e-05,1.4009994464976263e-05]}
MORTAR_OBSERVER {"kind":"LAW","call_id":9,"pair":0,"slot":4,"node":17,"activity":1,"ndof":3,"normal":[4.5457025789124004e-08,1.0554196500306807e-08,-0.99999999999999889],"tangents":[0.999999999999999,-4.7976238249792933e-16,4.5457025789124004e-08,-0,1,1.0554196500306819e-08],"ln":7.0672181070880802,"lt":[-0.47451879018681287,-0.061833416541082535],"lt_start":[-0.36771190045858099,-0.048472490081636781],"q":0.00070672181070880824,"ut":[-0.00083883087571746614,-0.00010340769088026586],"gn":0.00070672181070880803,"gt":[-0.0010680688972823189,-0.00013360926459445754],"b":2.120165432776945,"constant_n":10000000000,"constant_t":100,"mu":0.29999999999999999,"normal_mode":1,"tangent_mode":1,"normal_inverse_stiffness":0.0001,"tangent_inverse_stiffness":0.01,"p0":0,"beta":0,"iwan":1,"rn":-6.5052097042439527e-10,"rt":[0.00022923802156485276,3.0201573714191678e-05]}
MORTAR_OBSERVER {"kind":"LAW","call_id":9,"pair":0,"slot":5,"node":18,"activity":1,"ndof":3,"normal":[5.7761602641541146e-09,-2.6961650951877069e-08,-0.99999999999999967],"tangents":[1,1.5573481688422527e-16,5.776160264154113e-09,2.4651903288156619e-32,0.99999999999999967,-2.6961650951877069e-08],"ln":7.2810521586245498,"lt":[0.20391060773084152,-0.21269594434996261],"lt_start":[0.15781815149651376,-0.16528740539961151],"q":0.00072810521586245524,"ut":[0.00036232278713976487,-0.00037084405033341024],"gn":0.00072810521586245502,"gt":[0.00046092456234327756,-0.00047408538950351105],"b":2.1843156482378863,"constant_n":10000000000,"constant_t":100,"mu":0.29999999999999999,"normal_mode":1,"tangent_mode":1,"normal_inverse_stiffness":0.0001,"tangent_inverse_stiffness":0.01,"p0":0,"beta":0,"iwan":1,"rn":-6.5052141451360512e-10,"rt":[-9.8601775203512683e-05,0.00010324133917010081]}
MORTAR_OBSERVER {"kind":"LAW","call_id":9,"pair":0,"slot":6,"node":19,"activity":1,"ndof":3,"normal":[9.2476866318508249e-09,9.2476866318332076e-09,-1],"tangents":[1,-8.5519708040749542e-17,9.2476866318508266e-09,-1.2325951644078309e-32,1,9.2476866318332076e-09],"ln":14.203699001432952,"lt":[-0.21209336577400492,-0.21209336576696947],"lt_start":[-0.16573168901567892,-0.16573168900869767],"q":0.0014203699001432953,"ut":[-0.0003601542450068649,-0.00036015424499982892],"gn":0.0014203699001432953,"gt":[-0.00046361676758326006,-0.00046361676758271795],"b":4.261109700429885,"constant_n":10000000000,"constant_t":100,"mu":0.29999999999999999,"normal_mode":1,"tangent_mode":1,"normal_inverse_stiffness":0.0001,"tangent_inverse_stiffness":0.01,"p0":0,"beta":0,"iwan":1,"rn":0,"rt":[0.00010346252257639515,0.00010346252258288904]}
MORTAR_OBSERVER {"kind":"LAW","call_id":9,"pair":0,"slot":7,"node":23,"activity":1,"ndof":3,"normal":[-2.6961650951890085e-08,5.7761602641817623e-09,-0.99999999999999967],"tangents":[0.99999999999999967,1.5573481688504596e-16,-2.6961650951890088e-08,-0,1,5.7761602641817648e-09],"ln":7.2810521586239645,"lt":[-0.21269594432666836,0.20391060770632238],"lt_start":[-0.16528740537687683,0.15781815147261524],"q":0.00072810521586239637,"ut":[-0.00037084405034263805,0.00036232278714743614],"gn":0.00072810521586239648,"gt":[-0.00047408538949791527,0.00046092456233707142],"b":2.1843156472619287,"constant_n":10000000000,"constant_t":100,"mu":0.29999999999999999,"normal_mode":1,"tangent_mode":1,"normal_inverse_stiffness":0.0001,"tangent_inverse_stiffness":0.01,"p0":0,"beta":0,"iwan":1,"rn":3.2526070725680256e-10,"rt":[0.00010324133915527722,-9.8601775189635275e-05]}
MORTAR_OBSERVER {"kind":"LAW","call_id":9,"pair":0,"slot":8,"node":24,"activity":1,"ndof":3,"normal":[1.0554196500308705e-08,4.5457025789137014e-08,-0.99999999999999889],"tangents":[1,-4.7976238249815248e-16,1.0554196500308695e-08,-0,0.999999999999999,4.545702578913702e-08],"ln":7.067218107091116,"lt":[-0.061833416538074448,-0.47451879016469689],"lt_start":[-0.048472490078604859,-0.3677119004367988],"q":0.00070672181070911182,"ut":[-0.0001034076908814178,-0.00083883087572135626],"gn":0.0007067218107091116,"gt":[-0.0001336092645946959,-0.0010680688972789809],"b":2.1201654327778559,"constant_n":10000000000,"constant_t":100,"mu":0.29999999999999999,"normal_mode":1,"tangent_mode":1,"normal_inverse_stiffness":0.0001,"tangent_inverse_stiffness":0.01,"p0":0,"beta":0,"iwan":1,"rn":-6.5052097042439527e-10,"rt":[3.0201573713278102e-05,0.0002292380215576246]}
MORTAR_OBSERVER {"kind":"POST_RAW_AFTER_ACTIVE_LOOP","call_id":9,"pair":0,"slot":0,"node":1,"activity":1,"lambda_raw":[0.00032660753601967258,0.00032660753601232754,-0.0082376864094959729],"gap":-0.0010983587161727483}
MORTAR_OBSERVER {"kind":"POST_RAW_AFTER_ACTIVE_LOOP","call_id":9,"pair":0,"slot":1,"node":2,"activity":1,"lambda_raw":[-3.9487275858502494e-05,0.00016956010161858868,-0.0079827113803654197],"gap":-0.00053218106863986555}
MORTAR_OBSERVER {"kind":"POST_RAW_AFTER_ACTIVE_LOOP","call_id":9,"pair":0,"slot":2,"node":3,"activity":1,"lambda_raw":[6.482976654973528e-05,6.4829766558597548e-05,-0.0078544088471613656],"gap":-0.0010472551927250551}
MORTAR_OBSERVER {"kind":"POST_RAW_AFTER_ACTIVE_LOOP","call_id":9,"pair":0,"slot":3,"node":4,"activity":1,"lambda_raw":[0.00016956010159196417,-3.9487275858399034e-05,-0.007982711380360847],"gap":-0.00053218106863956046}
MORTAR_OBSERVER {"kind":"POST_RAW_AFTER_ACTIVE_LOOP","call_id":9,"pair":0,"slot":4,"node":17,"activity":1,"lambda_raw":[-0.00047451822617909059,-6.1833310319722761e-05,-0.0070672145138805983],"gap":-0.00070672181070880824}
MORTAR_OBSERVER {"kind":"POST_RAW_AFTER_ACTIVE_LOOP","call_id":9,"pair":0,"slot":5,"node":18,"activity":1,"lambda_raw":[0.0002039105306660684,-0.00021269601640551072,-0.007281047898239414],"gap":-0.00072810521586245524}
MORTAR_OBSERVER {"kind":"POST_RAW_AFTER_ACTIVE_LOOP","call_id":9,"pair":0,"slot":6,"node":19,"activity":1,"lambda_raw":[-0.00010604655999220153,-0.00010604655998868379,-0.007101845670763115],"gap":-0.0014203699001432953}
MORTAR_OBSERVER {"kind":"POST_RAW_AFTER_ACTIVE_LOOP","call_id":9,"pair":0,"slot":7,"node":23,"activity":1,"lambda_raw":[-0.0002126960163822164,0.00020391053064154917,-0.007281047898238825],"gap":-0.00072810521586239637}
MORTAR_OBSERVER {"kind":"POST_RAW_AFTER_ACTIVE_LOOP","call_id":9,"pair":0,"slot":8,"node":24,"activity":1,"lambda_raw":[-6.1833310316714981e-05,-0.00047451822615697515,-0.0070672145138836427],"gap":-0.00070672181070911182}
MORTAR_OBSERVER {"kind":"SUMMARY_PRE_OVERRIDE","call_id":9,"ndiverg":14,"flag":1,"keepset":0,"max_n":6.5052141451360512e-10,"max_t":[0.00022923802156485276,0.0002292380215576246],"lm_t_av":[1.8263339107961385,1.8263339107884753],"nstick":9,"nslip":0,"ninactive":0,"nnogap":0,"nolm":0}
MORTAR_OBSERVER {"kind":"SUMMARY_POST_OVERRIDE","call_id":9,"flag":1}
MORTAR_OBSERVER {"kind":"RETURN","call_id":9}
 Using up to 2 cpu(s) for the stress calculation.

 average force= 2.919086
 time avg. forc= 1.751364
 largest residual force= 0.000000 in node 17 and dof 1
 largest increment of disp= 4.658850e-05
 largest correction to disp= 3.524026e-07 in node 7 and dof 3

MORTAR_OBSERVER {"kind":"PRE_CHECK","call_id":9,"step":1,"inc":5,"cutback":0,"iteration":1,"time":0.625,"dtime":0.125,"ttime":0,"tper":1,"theta":0.5,"dtheta":0.125,"icntrl":0,"nmethod":1,"iexpl":0,"ithermal":0,"uncoupled":0,"mortar":2,"iflagdualquad":2}
 no convergence

MORTAR_OBSERVER {"kind":"POST_CHECK","call_id":9,"step":1,"inc":5,"cutback":0,"iteration":2,"time":0.625,"dtime":0.125,"ttime":0,"tper":1,"theta":0.5,"dtheta":0.125,"icntrl":0,"nmethod":1,"iexpl":0,"ithermal":0,"uncoupled":0,"mortar":2,"iflagdualquad":2}
 iteration 2

 Determining the structure of the matrix:

 Using up to 2 cpu(s) for setting up the structure of the matrix.
 number of equations
 75
 number of nonzero lower triangular matrix elements
 1143

 Using up to 2 cpu(s) for the stress calculation.

 Using up to 2 cpu(s) for the symmetric stiffness/mass contributions.

 Using up to 2 cpu(s) for the stress calculation.

 Using up to 2 cpu(s) for the symmetric stiffness/mass contributions.

 Factoring the system of equations using the unsymmetric spooles solver
 Using 1 cpu for spooles.

MORTAR_OBSERVER {"kind":"BEGIN","call_id":10,"step":1,"inc":5,"cutback":0,"iteration":2,"time":0.625,"dtime":0.125,"ttime":0,"tper":1,"theta":0.5,"dtheta":0.125,"icntrl":0,"nmethod":1,"iexpl":0,"ithermal":0,"uncoupled":0,"mortar":2,"iflagdualquad":2}
MORTAR_OBSERVER {"kind":"INVENTORY","call_id":10,"pair_count":1,"slave_count":9}
MORTAR_OBSERVER {"kind":"PAIR","call_id":10,"pair":0,"start":0,"end":9}
MORTAR_OBSERVER {"kind":"PRE_RAW","call_id":10,"pair":0,"slot":0,"node":1,"activity":1,"lambda_raw":[0.00031744752587186146,0.00031744752586456608,-0.0082365259704897022],"lambda_start":[0.00025401085243800141,0.00025401085243071482,-0.0065872519066819887],"ddtil_count":1}
MORTAR_OBSERVER {"kind":"DDTIL","call_id":10,"pair":0,"column_slot":0,"source_slot":0,"destination_slot":0,"entry":0,"value":1333.3339695226202}
MORTAR_OBSERVER {"kind":"PRE_RAW","call_id":10,"pair":0,"slot":1,"node":2,"activity":1,"lambda_raw":[-4.164463794901757e-05,0.00016315254768796785,-0.0079804311779819292],"lambda_start":[-3.360272415393483e-05,0.00013056457962725456,-0.0063821759685846798],"ddtil_count":1}
MORTAR_OBSERVER {"kind":"DDTIL","call_id":10,"pair":0,"column_slot":1,"source_slot":1,"destination_slot":1,"entry":1,"value":666.66705540663202}
MORTAR_OBSERVER {"kind":"PRE_RAW","call_id":10,"pair":0,"slot":2,"node":3,"activity":1,"lambda_raw":[6.3054701375795953e-05,6.3054701385523198e-05,-0.0078538769956656446],"lambda_start":[5.0278601163541252e-05,5.0278601172292281e-05,-0.0062824285750964163],"ddtil_count":1}
MORTAR_OBSERVER {"kind":"DDTIL","call_id":10,"pair":0,"column_slot":2,"source_slot":2,"destination_slot":2,"entry":2,"value":1333.3341994425891}
MORTAR_OBSERVER {"kind":"PRE_RAW","call_id":10,"pair":0,"slot":3,"node":4,"activity":1,"lambda_raw":[0.00016315254766035843,-4.1644637948498955e-05,-0.0079804311779769696],"lambda_start":[0.00013056457960134959,-3.3602724153946986e-05,-0.0063821759685803005],"ddtil_count":1}
MORTAR_OBSERVER {"kind":"DDTIL","call_id":10,"pair":0,"column_slot":3,"source_slot":3,"destination_slot":3,"entry":3,"value":666.66705540663179}
MORTAR_OBSERVER {"kind":"PRE_RAW","call_id":10,"pair":0,"slot":4,"node":17,"activity":1,"lambda_raw":[-0.00045990004073956576,-6.0605090159766778e-05,-0.0070684385188136221],"lambda_start":[-0.00036771145519532447,-4.847240557917786e-05,-0.0056569934196745806],"ddtil_count":1}
MORTAR_OBSERVER {"kind":"DDTIL","call_id":10,"pair":0,"column_slot":4,"source_slot":4,"destination_slot":4,"entry":4,"value":1000.0005115778334}
MORTAR_OBSERVER {"kind":"PRE_RAW","call_id":10,"pair":0,"slot":5,"node":18,"activity":1,"lambda_raw":[0.0001975092191379122,-0.00020684175386762824,-0.0072808122031579351],"lambda_start":[0.00015781809294998977,-0.00016528746590303609,-0.0058253720658617732],"ddtil_count":1}
MORTAR_OBSERVER {"kind":"DDTIL","call_id":10,"pair":0,"column_slot":5,"source_slot":5,"destination_slot":5,"entry":5,"value":1000.0005841841364}
MORTAR_OBSERVER {"kind":"PRE_RAW","call_id":10,"pair":0,"slot":6,"node":19,"activity":1,"lambda_raw":[-0.00010370661805389147,-0.00010370661804971328,-0.0071035056896036203],"lambda_start":[-8.2865747241200652e-05,-8.2865747237710022e-05,-0.0056830502161191385],"ddtil_count":1}
MORTAR_OBSERVER {"kind":"DDTIL","call_id":10,"pair":0,"column_slot":6,"source_slot":6,"destination_slot":6,"entry":6,"value":2000.0010791320765}
MORTAR_OBSERVER {"kind":"PRE_RAW","call_id":10,"pair":0,"slot":7,"node":23,"activity":1,"lambda_raw":[-0.00020684175384252923,0.00019750921911178157,-0.0072808122031574312],"lambda_start":[-0.0001652874658803014,0.00015781809292609116,-0.0058253720658612857],"ddtil_count":1}
MORTAR_OBSERVER {"kind":"DDTIL","call_id":10,"pair":0,"column_slot":7,"source_slot":7,"destination_slot":7,"entry":7,"value":1000.0005841841369}
MORTAR_OBSERVER {"kind":"PRE_RAW","call_id":10,"pair":0,"slot":8,"node":24,"activity":1,"lambda_raw":[-6.0605090156842163e-05,-0.0004599000407177753,-0.0070684385188167472],"lambda_start":[-4.8472405576146174e-05,-0.00036771145517354274,-0.0056569934196775496],"ddtil_count":1}
MORTAR_OBSERVER {"kind":"DDTIL","call_id":10,"pair":0,"column_slot":8,"source_slot":8,"destination_slot":8,"entry":8,"value":1000.0005115778322}
MORTAR_OBSERVER {"kind":"LAW","call_id":10,"pair":0,"slot":0,"node":1,"activity":1,"ndof":3,"normal":[4.7846048278392359e-08,4.784604827836037e-08,-0.99999999999999778],"tangents":[0.99999999999999889,-2.2892443358567247e-15,4.7846048278392313e-08,-0,0.999999999999999,4.784604827836043e-08],"ln":10.98203990781214,"lt":[0.42326304433865264,0.42326304432892642],"lt_start":[0.33868087795081964,0.33868087794110496],"q":0.0010982039907812139,"ut":[0.0008457917835594591,0.00084579178355934407],"gn":0.0010982039907812141,"gt":[0.00084582166387832999,0.00084582166387821463],"b":3.2946119716931208,"constant_n":10000000000,"constant_t":100,"mu":0.29999999999999999,"normal_mode":1,"tangent_mode":1,"normal_inverse_stiffness":0.0001,"tangent_inverse_stiffness":0.01,"p0":0,"beta":0,"iwan":1,"rn":6.5052141451360512e-10,"rt":[-2.9880318870882314e-08,-2.9880318870557053e-08]}
MORTAR_OBSERVER {"kind":"LAW","call_id":10,"pair":0,"slot":1,"node":2,"activity":1,"ndof":3,"normal":[3.9870498198534768e-08,-2.3540145899130504e-08,-0.999999999999999],"tangents":[0.99999999999999922,9.3855734466452911e-16,3.9870498198534761e-08,-0,0.99999999999999978,-2.354014589913052e-08],"ln":5.3202905506331337,"lt":[-0.027763320277581667,0.10876855378964348],"lt_start":[-0.022401998805800832,0.087043203998800556],"q":0.00053202905506331344,"ut":[-5.360921286105501e-05,0.00021723791673019231],"gn":0.00053202905506331344,"gt":[-5.3613214717808356e-05,0.00021725349790842924],"b":1.59608716518994,"constant_n":10000000000,"constant_t":100,"mu":0.29999999999999999,"normal_mode":1,"tangent_mode":1,"normal_inverse_stiffness":0.0001,"tangent_inverse_stiffness":0.01,"p0":0,"beta":0,"iwan":1,"rn":0,"rt":[4.001856753346278e-09,-1.5581178236929961e-08]}
MORTAR_OBSERVER {"kind":"LAW","call_id":10,"pair":0,"slot":2,"node":3,"activity":1,"ndof":3,"normal":[-2.9350668441865288e-08,-2.9350668441867988e-08,-0.99999999999999911],"tangents":[0.99999999999999956,-8.6146173798438651e-16,-2.9350668441865275e-08,-9.8607613152626476e-32,0.99999999999999956,-2.9350668441868001e-08],"ln":10.471842791601214,"lt":[0.08407329713557421,0.084073297148543946],"lt_start":[0.067038424289613957,0.067038424301282054],"q":0.0010471842791601215,"ut":[0.00017034588825264914,0.00017034588826566607],"gn":0.0010471842791601215,"gt":[0.00017034872845960252,0.00017034872847261891],"b":3.1415528374803641,"constant_n":10000000000,"constant_t":100,"mu":0.29999999999999999,"normal_mode":1,"tangent_mode":1,"normal_inverse_stiffness":0.0001,"tangent_inverse_stiffness":0.01,"p0":0,"beta":0,"iwan":1,"rn":0,"rt":[-2.8402069533869836e-09,-2.8402069528448825e-09]}
MORTAR_OBSERVER {"kind":"LAW","call_id":10,"pair":0,"slot":3,"node":4,"activity":1,"ndof":3,"normal":[-2.3540145899159227e-08,3.9870498198592776e-08,-0.999999999999999],"tangents":[0.99999999999999978,9.3855734466703946e-16,-2.354014589915921e-08,-0,0.99999999999999933,3.9870498198592789e-08],"ln":5.3202905506298253,"lt":[0.10876855377123712,-0.027763320277236016],"lt_start":[0.087043203981530509,-0.022401998805809016],"q":0.00053202905506298265,"ut":[0.00021723791672993755,-5.3609212860370133e-05],"gn":0.00053202905506298255,"gt":[0.00021725349789706612,-5.3613214714270008e-05],"b":1.5960871655142082,"constant_n":10000000000,"constant_t":100,"mu":0.29999999999999999,"normal_mode":1,"tangent_mode":1,"normal_inverse_stiffness":0.0001,"tangent_inverse_stiffness":0.01,"p0":0,"beta":0,"iwan":1,"rn":-3.2526070725680256e-10,"rt":[-1.5581167128573973e-08,4.0018538998752378e-09]}
MORTAR_OBSERVER {"kind":"LAW","call_id":10,"pair":0,"slot":4,"node":17,"activity":1,"ndof":3,"normal":[4.5457025789124004e-08,1.0554196500306807e-08,-0.99999999999999889],"tangents":[0.999999999999999,-4.7976238249792933e-16,4.5457025789124004e-08,-0,1,1.0554196500306819e-08],"ln":7.0684421133247399,"lt":[-0.45990059732458816,-0.060605195765714735],"lt_start":[-0.36771190045858099,-0.048472490081636781],"q":0.00070684421133247397,"ut":[-0.00092192667144929666,-0.00012133228759049204],"gn":0.00070684421133247407,"gt":[-0.00092188696866007166,-0.00012132705684077955],"b":2.1205326336721613,"constant_n":10000000000,"constant_t":100,"mu":0.29999999999999999,"normal_mode":1,"tangent_mode":1,"normal_inverse_stiffness":0.0001,"tangent_inverse_stiffness":0.01,"p0":0,"beta":0,"iwan":1,"rn":3.2526070725680256e-10,"rt":[-3.9702789224999556e-08,-5.2307497124936403e-09]}
MORTAR_OBSERVER {"kind":"LAW","call_id":10,"pair":0,"slot":5,"node":18,"activity":1,"ndof":3,"normal":[5.7761602641541146e-09,-2.6961650951877069e-08,-0.99999999999999967],"tangents":[1,1.5573481688422527e-16,5.776160264154113e-09,2.4651903288156619e-32,0.99999999999999967,-2.6961650951877069e-08],"ln":7.2808164632105656,"lt":[0.19750929246450208,-0.20684167839846762],"lt_start":[0.15781815149651376,-0.16528740539961151],"q":0.00072808164632105678,"ut":[0.00039690821780602833,-0.00041553938792569627],"gn":0.00072808164632105657,"gt":[0.00039691140967988313,-0.00041554272998856111],"b":2.1842449396136909,"constant_n":10000000000,"constant_t":100,"mu":0.29999999999999999,"normal_mode":1,"tangent_mode":1,"normal_inverse_stiffness":0.0001,"tangent_inverse_stiffness":0.01,"p0":0,"beta":0,"iwan":1,"rn":-6.5052141451360512e-10,"rt":[-3.1918738547967278e-09,3.3420628648426001e-09]}
MORTAR_OBSERVER {"kind":"LAW","call_id":10,"pair":0,"slot":6,"node":19,"activity":1,"ndof":3,"normal":[9.2476866318508249e-09,9.2476866318332076e-09,-1],"tangents":[1,-8.5519708040749542e-17,9.2476866318508266e-09,-1.2325951644078309e-32,1,9.2476866318332076e-09],"ln":14.207019040991899,"lt":[-0.2074134794029811,-0.20741347939462473],"lt_start":[-0.16573168901567892,-0.16573168900869767],"q":0.0014207019040991897,"ut":[-0.00041684208769075706,-0.00041684208767700721],"gn":0.00142070190409919,"gt":[-0.00041681790387302188,-0.00041681790385927068],"b":4.262105711647048,"constant_n":10000000000,"constant_t":100,"mu":0.29999999999999999,"normal_mode":1,"tangent_mode":1,"normal_inverse_stiffness":0.0001,"tangent_inverse_stiffness":0.01,"p0":0,"beta":0,"iwan":1,"rn":6.5052141451360512e-10,"rt":[-2.4183817735174383e-08,-2.4183817736529636e-08]}
MORTAR_OBSERVER {"kind":"LAW","call_id":10,"pair":0,"slot":7,"node":23,"activity":1,"ndof":3,"normal":[-2.6961650951890085e-08,5.7761602641817623e-09,-0.99999999999999967],"tangents":[0.99999999999999967,1.5573481688504596e-16,-2.6961650951890088e-08,-0,1,5.7761602641817648e-09],"ln":7.2808164632100656,"lt":[-0.20684167837336864,0.19750929243837154],"lt_start":[-0.16528740537687683,0.15781815147261524],"q":0.00072808164632100648,"ut":[-0.00041553938794817286,0.00039690821782775422],"gn":0.00072808164632100659,"gt":[-0.00041554272996491807,0.00039691140965756293],"b":2.1842449386377591,"constant_n":10000000000,"constant_t":100,"mu":0.29999999999999999,"normal_mode":1,"tangent_mode":1,"normal_inverse_stiffness":0.0001,"tangent_inverse_stiffness":0.01,"p0":0,"beta":0,"iwan":1,"rn":3.2526026316759271e-10,"rt":[3.3420167452132173e-09,-3.1918298087039998e-09]}
MORTAR_OBSERVER {"kind":"LAW","call_id":10,"pair":0,"slot":8,"node":24,"activity":1,"ndof":3,"normal":[1.0554196500308705e-08,4.5457025789137014e-08,-0.99999999999999889],"tangents":[1,-4.7976238249815248e-16,1.0554196500308695e-08,-0,0.999999999999999,4.545702578913702e-08],"ln":7.0684421133278565,"lt":[-0.060605195762789825,-0.45990059730279714],"lt_start":[-0.048472490078604859,-0.3677119004367988],"q":0.00070684421133278578,"ut":[-0.00012133228759156251,-0.00092192667144920981],"gn":0.00070684421133278567,"gt":[-0.00012132705684184967,-0.0009218869686599834],"b":2.1205326343236175,"constant_n":10000000000,"constant_t":100,"mu":0.29999999999999999,"normal_mode":1,"tangent_mode":1,"normal_inverse_stiffness":0.0001,"tangent_inverse_stiffness":0.01,"p0":0,"beta":0,"iwan":1,"rn":-3.2526070725680256e-10,"rt":[-5.230749712846006e-09,-3.9702789226409019e-08]}
MORTAR_OBSERVER {"kind":"POST_RAW_AFTER_ACTIVE_LOOP","call_id":10,"pair":0,"slot":0,"node":1,"activity":1,"lambda_raw":[0.00031744752587186146,0.00031744752586456608,-0.0082365259704897022],"gap":-0.0010982039907812139}
MORTAR_OBSERVER {"kind":"POST_RAW_AFTER_ACTIVE_LOOP","call_id":10,"pair":0,"slot":1,"node":2,"activity":1,"lambda_raw":[-4.164463794901757e-05,0.00016315254768796785,-0.0079804311779819292],"gap":-0.00053202905506331344}
MORTAR_OBSERVER {"kind":"POST_RAW_AFTER_ACTIVE_LOOP","call_id":10,"pair":0,"slot":2,"node":3,"activity":1,"lambda_raw":[6.3054701375795953e-05,6.3054701385523198e-05,-0.0078538769956656446],"gap":-0.0010471842791601215}
MORTAR_OBSERVER {"kind":"POST_RAW_AFTER_ACTIVE_LOOP","call_id":10,"pair":0,"slot":3,"node":4,"activity":1,"lambda_raw":[0.00016315254766035843,-4.1644637948498955e-05,-0.0079804311779769696],"gap":-0.00053202905506298265}
MORTAR_OBSERVER {"kind":"POST_RAW_AFTER_ACTIVE_LOOP","call_id":10,"pair":0,"slot":4,"node":17,"activity":1,"lambda_raw":[-0.00045990004073956576,-6.0605090159766778e-05,-0.0070684385188136221],"gap":-0.00070684421133247397}
MORTAR_OBSERVER {"kind":"POST_RAW_AFTER_ACTIVE_LOOP","call_id":10,"pair":0,"slot":5,"node":18,"activity":1,"lambda_raw":[0.0001975092191379122,-0.00020684175386762824,-0.0072808122031579351],"gap":-0.00072808164632105678}
MORTAR_OBSERVER {"kind":"POST_RAW_AFTER_ACTIVE_LOOP","call_id":10,"pair":0,"slot":6,"node":19,"activity":1,"lambda_raw":[-0.00010370661805389147,-0.00010370661804971328,-0.0071035056896036203],"gap":-0.0014207019040991897}
MORTAR_OBSERVER {"kind":"POST_RAW_AFTER_ACTIVE_LOOP","call_id":10,"pair":0,"slot":7,"node":23,"activity":1,"lambda_raw":[-0.00020684175384252923,0.00019750921911178157,-0.0072808122031574312],"gap":-0.00072808164632100648}
MORTAR_OBSERVER {"kind":"POST_RAW_AFTER_ACTIVE_LOOP","call_id":10,"pair":0,"slot":8,"node":24,"activity":1,"lambda_raw":[-6.0605090156842163e-05,-0.0004599000407177753,-0.0070684385188167472],"gap":-0.00070684421133278578}
MORTAR_OBSERVER {"kind":"SUMMARY_PRE_OVERRIDE","call_id":10,"ndiverg":14,"flag":0,"keepset":0,"max_n":6.5052141451360512e-10,"max_t":[3.9702789224999556e-08,3.9702789226409019e-08],"lm_t_av":[1.7761384588512754,1.7761384588443256],"nstick":9,"nslip":0,"ninactive":0,"nnogap":0,"nolm":0}
MORTAR_OBSERVER {"kind":"SUMMARY_POST_OVERRIDE","call_id":10,"flag":0}
MORTAR_OBSERVER {"kind":"RETURN","call_id":10}
 Using up to 2 cpu(s) for the stress calculation.

 average force= 2.918820
 time avg. forc= 1.751310
 largest residual force= 0.000000 in node 24 and dof 2
 largest increment of disp= 4.658850e-05
 largest correction to disp= 8.724308e-08 in node 17 and dof 1

MORTAR_OBSERVER {"kind":"PRE_CHECK","call_id":10,"step":1,"inc":5,"cutback":0,"iteration":2,"time":0.625,"dtime":0.125,"ttime":0,"tper":1,"theta":0.5,"dtheta":0.125,"icntrl":0,"nmethod":1,"iexpl":0,"ithermal":0,"uncoupled":0,"mortar":2,"iflagdualquad":2}
 convergence; the increment size is increased to 1.875000e-01

 the increment size exceeds the maximum allowed and is decreased to 1.250000e-01

MORTAR_OBSERVER {"kind":"POST_CHECK","call_id":10,"step":1,"inc":5,"cutback":0,"iteration":2,"time":0.625,"dtime":0.125,"ttime":0,"tper":1,"theta":0.625,"dtheta":0.125,"icntrl":1,"nmethod":1,"iexpl":0,"ithermal":0,"uncoupled":0,"mortar":2,"iflagdualquad":2}
 Using up to 2 cpu(s) for the stress calculation.

 increment 6 attempt 1 
 increment size= 1.250000e-01
 sum of previous increments=6.250000e-01
 actual step time=7.500000e-01
 actual total time=7.500000e-01

 iteration 1

 Determining the structure of the matrix:

 Using up to 2 cpu(s) for setting up the structure of the matrix.
 number of equations
 75
 number of nonzero lower triangular matrix elements
 1143

 Using up to 2 cpu(s) for the stress calculation.

 Using up to 2 cpu(s) for the symmetric stiffness/mass contributions.

 Using up to 2 cpu(s) for the stress calculation.

 Using up to 2 cpu(s) for the symmetric stiffness/mass contributions.

 Factoring the system of equations using the unsymmetric spooles solver
 Using 1 cpu for spooles.

MORTAR_OBSERVER {"kind":"BEGIN","call_id":11,"step":1,"inc":6,"cutback":0,"iteration":1,"time":0.75,"dtime":0.125,"ttime":0,"tper":1,"theta":0.625,"dtheta":0.125,"icntrl":0,"nmethod":1,"iexpl":0,"ithermal":0,"uncoupled":0,"mortar":2,"iflagdualquad":2}
MORTAR_OBSERVER {"kind":"INVENTORY","call_id":11,"pair_count":1,"slave_count":9}
MORTAR_OBSERVER {"kind":"PAIR","call_id":11,"pair":0,"start":0,"end":9}
MORTAR_OBSERVER {"kind":"PRE_RAW","call_id":11,"pair":0,"slot":0,"node":1,"activity":1,"lambda_raw":[0.00038817845189841635,0.0003881784518911195,-0.0098879944268795757],"lambda_start":[0.00031744752587186146,0.00031744752586456608,-0.0082365259704897022],"ddtil_count":1}
MORTAR_OBSERVER {"kind":"DDTIL","call_id":11,"pair":0,"column_slot":0,"source_slot":0,"destination_slot":0,"entry":0,"value":1333.3340928080574}
MORTAR_OBSERVER {"kind":"PRE_RAW","call_id":11,"pair":0,"slot":1,"node":2,"activity":1,"lambda_raw":[-4.7740566538653969e-05,0.00020084231703620958,-0.0095819180844260565],"lambda_start":[-4.164463794901757e-05,0.00016315254768796785,-0.0079804311779819292],"ddtil_count":1}
MORTAR_OBSERVER {"kind":"DDTIL","call_id":11,"pair":0,"column_slot":1,"source_slot":1,"destination_slot":1,"entry":1,"value":666.66713127715229}
MORTAR_OBSERVER {"kind":"PRE_RAW","call_id":11,"pair":0,"slot":2,"node":3,"activity":1,"lambda_raw":[7.737556568572035e-05,7.737556569540775e-05,-0.009426191159591181],"lambda_start":[6.3054701375795953e-05,6.3054701385523198e-05,-0.0078538769956656446],"ddtil_count":1}
MORTAR_OBSERVER {"kind":"DDTIL","call_id":11,"pair":0,"column_slot":2,"source_slot":2,"destination_slot":2,"entry":2,"value":1333.334369039731}
MORTAR_OBSERVER {"kind":"PRE_RAW","call_id":11,"pair":0,"slot":3,"node":4,"activity":1,"lambda_raw":[0.00020084231700872739,-4.7740566538171425e-05,-0.0095819180844211264],"lambda_start":[0.00016315254766035843,-4.1644637948498955e-05,-0.0079804311779769696],"ddtil_count":1}
MORTAR_OBSERVER {"kind":"DDTIL","call_id":11,"pair":0,"column_slot":3,"source_slot":3,"destination_slot":3,"entry":3,"value":666.66713127715184}
MORTAR_OBSERVER {"kind":"PRE_RAW","call_id":11,"pair":0,"slot":4,"node":17,"activity":1,"lambda_raw":[-0.00056393596809190894,-7.3727358055189089e-05,-0.0084774716011319362],"lambda_start":[-0.00045990004073956576,-6.0605090159766778e-05,-0.0070684385188136221],"ddtil_count":1}
MORTAR_OBSERVER {"kind":"DDTIL","call_id":11,"pair":0,"column_slot":4,"source_slot":4,"destination_slot":4,"entry":4,"value":1000.0006159792288}
MORTAR_OBSERVER {"kind":"PRE_RAW","call_id":11,"pair":0,"slot":5,"node":18,"activity":1,"lambda_raw":[0.0002424701907031748,-0.00025322969648100194,-0.008735978963155356],"lambda_start":[0.0001975092191379122,-0.00020684175386762824,-0.0072808122031579351],"ddtil_count":1}
MORTAR_OBSERVER {"kind":"DDTIL","call_id":11,"pair":0,"column_slot":5,"source_slot":5,"destination_slot":5,"entry":5,"value":1000.0007032102822}
MORTAR_OBSERVER {"kind":"PRE_RAW","call_id":11,"pair":0,"slot":6,"node":19,"activity":1,"lambda_raw":[-0.00012649715123383938,-0.00012649715122967951,-0.0085224503322847735],"lambda_start":[-0.00010370661805389147,-0.00010370661804971328,-0.0071035056896036203],"ddtil_count":1}
MORTAR_OBSERVER {"kind":"DDTIL","call_id":11,"pair":0,"column_slot":6,"source_slot":6,"destination_slot":6,"entry":6,"value":2000.0012992124066}
MORTAR_OBSERVER {"kind":"PRE_RAW","call_id":11,"pair":0,"slot":7,"node":23,"activity":1,"lambda_raw":[-0.00025322969645605466,0.00024247019067720309,-0.0087359789631548841],"lambda_start":[-0.00020684175384252923,0.00019750921911178157,-0.0072808122031574312],"ddtil_count":1}
MORTAR_OBSERVER {"kind":"DDTIL","call_id":11,"pair":0,"column_slot":7,"source_slot":7,"destination_slot":7,"entry":7,"value":1000.0007032102831}
MORTAR_OBSERVER {"kind":"PRE_RAW","call_id":11,"pair":0,"slot":8,"node":24,"activity":1,"lambda_raw":[-7.3727358052223132e-05,-0.00056393596807013371,-0.0084774716011350951],"lambda_start":[-6.0605090156842163e-05,-0.0004599000407177753,-0.0070684385188167472],"ddtil_count":1}
MORTAR_OBSERVER {"kind":"DDTIL","call_id":11,"pair":0,"column_slot":8,"source_slot":8,"destination_slot":8,"entry":8,"value":1000.0006159792297}
MORTAR_OBSERVER {"kind":"LAW","call_id":11,"pair":0,"slot":0,"node":1,"activity":1,"ndof":3,"normal":[5.6433431026838452e-08,5.6433431026876939e-08,-0.99999999999999689],"tangents":[0.99999999999999845,-3.1847321374631101e-15,5.6433431026838366e-08,3.944304526105059e-31,0.99999999999999856,5.6433431026877032e-08],"ln":13.184000137271244,"lt":[0.51757081999124954,0.5175708199815221],"lt_start":[0.42326298916827204,0.42326298915854627],"q":0.0013184000137271246,"ut":[0.00077349241906077976,0.00077349241906078865],"gn":0.0013184000137271244,"gt":[0.00094307830822977501,0.00094307830822975842],"b":3.9552000418318944,"constant_n":10000000000,"constant_t":100,"mu":0.29999999999999999,"normal_mode":1,"tangent_mode":1,"normal_inverse_stiffness":0.0001,"tangent_inverse_stiffness":0.01,"p0":0,"beta":0,"iwan":1,"rn":-6.5052141451360512e-10,"rt":[-0.00016958588916899525,-0.00016958588916896977]}
MORTAR_OBSERVER {"kind":"LAW","call_id":11,"pair":0,"slot":1,"node":2,"activity":1,"ndof":3,"normal":[4.9720752210338391e-08,-2.9619855683609901e-08,-0.99999999999999833],"tangents":[0.99999999999999878,1.4727215049507529e-15,4.9720752210338364e-08,-1.9721522630525295e-31,0.99999999999999956,-2.9619855683609937e-08],"ln":6.38794983592856,"lt":[-0.031827384153541409,0.13389516054773853],"lt_start":[-0.02776337584342542,0.10876859851395262],"q":0.00063879498359285585,"ut":[-2.9881959801315121e-05,0.00020767101858255388],"gn":0.00063879498359285607,"gt":[-4.0640083101159896e-05,0.00025126562033785913],"b":1.9163849501280468,"constant_n":10000000000,"constant_t":100,"mu":0.29999999999999999,"normal_mode":1,"tangent_mode":1,"normal_inverse_stiffness":0.0001,"tangent_inverse_stiffness":0.01,"p0":0,"beta":0,"iwan":1,"rn":6.505211924690002e-10,"rt":[1.0758123299844775e-05,-4.3594601755305243e-05]}
MORTAR_OBSERVER {"kind":"LAW","call_id":11,"pair":0,"slot":2,"node":3,"activity":1,"ndof":3,"normal":[-3.4507500506356613e-08,-3.450750050630511e-08,-0.99999999999999889],"tangents":[0.99999999999999944,-1.1907675911944254e-15,-3.4507500506356593e-08,-0,0.99999999999999956,-3.450750050630513e-08],"ln":12.568264635101277,"lt":[0.10316793475206053,0.10316793476497721],"lt_start":[0.084073361831051976,0.084073361844021741],"q":0.0012568264635101278,"ut":[0.0001568431722902393,0.0001568431722871026],"gn":0.0012568264635101278,"gt":[0.00019094572921008553,0.0001909457292095547],"b":3.7704793905303831,"constant_n":10000000000,"constant_t":100,"mu":0.29999999999999999,"normal_mode":1,"tangent_mode":1,"normal_inverse_stiffness":0.0001,"tangent_inverse_stiffness":0.01,"p0":0,"beta":0,"iwan":1,"rn":0,"rt":[-3.4102556919846224e-05,-3.4102556922452104e-05]}
MORTAR_OBSERVER {"kind":"LAW","call_id":11,"pair":0,"slot":3,"node":4,"activity":1,"ndof":3,"normal":[-2.9619855683673869e-08,4.9720752210415371e-08,-0.99999999999999833],"tangents":[0.99999999999999956,1.4727215049562124e-15,-2.9619855683673832e-08,-0,0.99999999999999878,4.9720752210415398e-08],"ln":6.3879498359252684,"lt":[0.13389516052941691,-0.031827384153219895],"lt_start":[0.10876859849554621,-0.027763375843079818],"q":0.00063879498359252691,"ut":[0.00020767101858342569,-2.9881959801686538e-05],"gn":0.00063879498359252691,"gt":[0.00025126562033870703,-4.0640083101400778e-05],"b":1.9163849507775805,"constant_n":10000000000,"constant_t":100,"mu":0.29999999999999999,"normal_mode":1,"tangent_mode":1,"normal_inverse_stiffness":0.0001,"tangent_inverse_stiffness":0.01,"p0":0,"beta":0,"iwan":1,"rn":0,"rt":[-4.3594601755281336e-05,1.0758123299714241e-05]}
MORTAR_OBSERVER {"kind":"LAW","call_id":11,"pair":0,"slot":4,"node":17,"activity":1,"ndof":3,"normal":[5.4424718128880552e-08,1.2059158373652722e-08,-0.99999999999999845],"tangents":[0.99999999999999856,-6.5631629535758006e-16,5.4424718128880552e-08,-0,1,1.2059158373652741e-08],"ln":8.4774767914971765,"lt":[-0.56393677684903742,-0.073727505700945856],"lt_start":[-0.45990070872644839,-0.060605212730715528],"q":0.00084774767914971784,"ut":[-0.00085658242362852488,-0.00010703636791157771],"gn":0.00084774767914971773,"gt":[-0.0010403606812258903,-0.00013122292970230327],"b":2.5432430377744137,"constant_n":10000000000,"constant_t":100,"mu":0.29999999999999999,"normal_mode":1,"tangent_mode":1,"normal_inverse_stiffness":0.0001,"tangent_inverse_stiffness":0.01,"p0":0,"beta":0,"iwan":1,"rn":-3.2526070725680256e-10,"rt":[0.00018377825759736542,2.4186561790725568e-05]}
MORTAR_OBSERVER {"kind":"LAW","call_id":11,"pair":0,"slot":5,"node":18,"activity":1,"ndof":3,"normal":[8.0417448706090286e-09,-3.2498794688818825e-08,-0.99999999999999944],"tangents":[1,2.613470154897848e-16,8.0417448706090253e-09,-0,0.99999999999999956,-3.2498794688818825e-08],"ln":8.7359851165651321,"lt":[0.24247029095814254,-0.25322959064574174],"lt_start":[0.19750929947795051,-0.2068416627030889],"q":0.00087359851165651344,"ut":[0.00037028254061227347,-0.00038082821867818298],"gn":0.00087359851165651323,"gt":[0.00044960991480192032,-0.00046387927942652841],"b":2.620795535620061,"constant_n":10000000000,"constant_t":100,"mu":0.29999999999999999,"normal_mode":1,"tangent_mode":1,"normal_inverse_stiffness":0.0001,"tangent_inverse_stiffness":0.01,"p0":0,"beta":0,"iwan":1,"rn":-6.5052141451360512e-10,"rt":[-7.9327374189646846e-05,8.3051060748345429e-05]}
MORTAR_OBSERVER {"kind":"LAW","call_id":11,"pair":0,"slot":6,"node":19,"activity":1,"ndof":3,"normal":[1.0962960610129938e-08,1.0962960610174933e-08,-0.99999999999999989],"tangents":[1,-1.2018650533975389e-16,1.0962960610129938e-08,-0,1,1.0962960610174935e-08],"ln":17.044911731495613,"lt":[-0.25299465367704299,-0.25299465366872331],"lt_start":[-0.20741352659571505,-0.2074135265873587],"q":0.0017044911731495611,"ut":[-0.00037254591730525054,-0.00037254591730836371],"gn":0.0017044911731495613,"gt":[-0.00045581127081327944,-0.00045581127081364612],"b":5.1134735187981617,"constant_n":10000000000,"constant_t":100,"mu":0.29999999999999999,"normal_mode":1,"tangent_mode":1,"normal_inverse_stiffness":0.0001,"tangent_inverse_stiffness":0.01,"p0":0,"beta":0,"iwan":1,"rn":6.5052230269202482e-10,"rt":[8.3265353508028904e-05,8.3265353505282403e-05]}
MORTAR_OBSERVER {"kind":"LAW","call_id":11,"pair":0,"slot":7,"node":23,"activity":1,"ndof":3,"normal":[-3.2498794688876834e-08,8.0417448706735372e-09,-0.99999999999999944],"tangents":[0.99999999999999944,2.613470154923478e-16,-3.2498794688876834e-08,-0,1,8.0417448706735405e-09],"ln":8.7359851165646685,"lt":[-0.25322959062079459,0.24247029093217107],"lt_start":[-0.20684166267798998,0.19750929945182008],"q":0.00087359851165646726,"ut":[-0.00038082821867520066,0.00037028254060951445],"gn":0.00087359851165646693,"gt":[-0.00046387927942804607,0.00044960991480350986],"b":2.6207955359451827,"constant_n":10000000000,"constant_t":100,"mu":0.29999999999999999,"normal_mode":1,"tangent_mode":1,"normal_inverse_stiffness":0.0001,"tangent_inverse_stiffness":0.01,"p0":0,"beta":0,"iwan":1,"rn":-9.7578212177040768e-10,"rt":[8.305106075284541e-05,-7.9327374193995418e-05]}
MORTAR_OBSERVER {"kind":"LAW","call_id":11,"pair":0,"slot":8,"node":24,"activity":1,"ndof":3,"normal":[1.2059158373601624e-08,5.4424718128938415e-08,-0.99999999999999845],"tangents":[1,-6.5631629535549589e-16,1.2059158373601608e-08,-0,0.99999999999999856,5.4424718128938421e-08],"ln":8.4774767915003437,"lt":[-0.07372750569797959,-0.56393677682726273],"lt_start":[-0.060605212727790674,-0.45990070870465838],"q":0.00084774767915003443,"ut":[-0.00010703636791096158,-0.00085658242362877013],"gn":0.00084774767915003443,"gt":[-0.00013122292970188916,-0.0010403606812260436],"b":2.5432430374501029,"constant_n":10000000000,"constant_t":100,"mu":0.29999999999999999,"normal_mode":1,"tangent_mode":1,"normal_inverse_stiffness":0.0001,"tangent_inverse_stiffness":0.01,"p0":0,"beta":0,"iwan":1,"rn":0,"rt":[2.4186561790927582e-05,0.00018377825759727348]}
MORTAR_OBSERVER {"kind":"POST_RAW_AFTER_ACTIVE_LOOP","call_id":11,"pair":0,"slot":0,"node":1,"activity":1,"lambda_raw":[0.00038817845189841635,0.0003881784518911195,-0.0098879944268795757],"gap":-0.0013184000137271246}
MORTAR_OBSERVER {"kind":"POST_RAW_AFTER_ACTIVE_LOOP","call_id":11,"pair":0,"slot":1,"node":2,"activity":1,"lambda_raw":[-4.7740566538653969e-05,0.00020084231703620958,-0.0095819180844260565],"gap":-0.00063879498359285585}
MORTAR_OBSERVER {"kind":"POST_RAW_AFTER_ACTIVE_LOOP","call_id":11,"pair":0,"slot":2,"node":3,"activity":1,"lambda_raw":[7.737556568572035e-05,7.737556569540775e-05,-0.009426191159591181],"gap":-0.0012568264635101278}
MORTAR_OBSERVER {"kind":"POST_RAW_AFTER_ACTIVE_LOOP","call_id":11,"pair":0,"slot":3,"node":4,"activity":1,"lambda_raw":[0.00020084231700872739,-4.7740566538171425e-05,-0.0095819180844211264],"gap":-0.00063879498359252691}
MORTAR_OBSERVER {"kind":"POST_RAW_AFTER_ACTIVE_LOOP","call_id":11,"pair":0,"slot":4,"node":17,"activity":1,"lambda_raw":[-0.00056393596809190894,-7.3727358055189089e-05,-0.0084774716011319362],"gap":-0.00084774767914971784}
MORTAR_OBSERVER {"kind":"POST_RAW_AFTER_ACTIVE_LOOP","call_id":11,"pair":0,"slot":5,"node":18,"activity":1,"lambda_raw":[0.0002424701907031748,-0.00025322969648100194,-0.008735978963155356],"gap":-0.00087359851165651344}
MORTAR_OBSERVER {"kind":"POST_RAW_AFTER_ACTIVE_LOOP","call_id":11,"pair":0,"slot":6,"node":19,"activity":1,"lambda_raw":[-0.00012649715123383938,-0.00012649715122967951,-0.0085224503322847735],"gap":-0.0017044911731495611}
MORTAR_OBSERVER {"kind":"POST_RAW_AFTER_ACTIVE_LOOP","call_id":11,"pair":0,"slot":7,"node":23,"activity":1,"lambda_raw":[-0.00025322969645605466,0.00024247019067720309,-0.0087359789631548841],"gap":-0.00087359851165646726}
MORTAR_OBSERVER {"kind":"POST_RAW_AFTER_ACTIVE_LOOP","call_id":11,"pair":0,"slot":8,"node":24,"activity":1,"lambda_raw":[-7.3727358052223132e-05,-0.00056393596807013371,-0.0084774716011350951],"gap":-0.00084774767915003443}
MORTAR_OBSERVER {"kind":"SUMMARY_PRE_OVERRIDE","call_id":11,"ndiverg":14,"flag":0,"keepset":0,"max_n":9.7578212177040768e-10,"max_t":[0.00018377825759736542,0.00018377825759727348],"lm_t_av":[2.1728201172292652,2.1728201172223027],"nstick":9,"nslip":0,"ninactive":0,"nnogap":0,"nolm":0}
MORTAR_OBSERVER {"kind":"SUMMARY_POST_OVERRIDE","call_id":11,"flag":0}
MORTAR_OBSERVER {"kind":"RETURN","call_id":11}
 Using up to 2 cpu(s) for the stress calculation.

 average force= 3.502669
 time avg. forc= 2.043203
 largest residual force= 0.000000 in node 17 and dof 1
 largest increment of disp= 4.628319e-05
 largest correction to disp= 1.993697e-07 in node 7 and dof 3

MORTAR_OBSERVER {"kind":"PRE_CHECK","call_id":11,"step":1,"inc":6,"cutback":0,"iteration":1,"time":0.75,"dtime":0.125,"ttime":0,"tper":1,"theta":0.625,"dtheta":0.125,"icntrl":0,"nmethod":1,"iexpl":0,"ithermal":0,"uncoupled":0,"mortar":2,"iflagdualquad":2}
 no convergence

MORTAR_OBSERVER {"kind":"POST_CHECK","call_id":11,"step":1,"inc":6,"cutback":0,"iteration":2,"time":0.75,"dtime":0.125,"ttime":0,"tper":1,"theta":0.625,"dtheta":0.125,"icntrl":0,"nmethod":1,"iexpl":0,"ithermal":0,"uncoupled":0,"mortar":2,"iflagdualquad":2}
 iteration 2

 Determining the structure of the matrix:

 Using up to 2 cpu(s) for setting up the structure of the matrix.
 number of equations
 75
 number of nonzero lower triangular matrix elements
 1143

 Using up to 2 cpu(s) for the stress calculation.

 Using up to 2 cpu(s) for the symmetric stiffness/mass contributions.

 Using up to 2 cpu(s) for the stress calculation.

 Using up to 2 cpu(s) for the symmetric stiffness/mass contributions.

 Factoring the system of equations using the unsymmetric spooles solver
 Using 1 cpu for spooles.

MORTAR_OBSERVER {"kind":"BEGIN","call_id":12,"step":1,"inc":6,"cutback":0,"iteration":2,"time":0.75,"dtime":0.125,"ttime":0,"tper":1,"theta":0.625,"dtheta":0.125,"icntrl":0,"nmethod":1,"iexpl":0,"ithermal":0,"uncoupled":0,"mortar":2,"iflagdualquad":2}
MORTAR_OBSERVER {"kind":"INVENTORY","call_id":12,"pair_count":1,"slave_count":9}
MORTAR_OBSERVER {"kind":"PAIR","call_id":12,"pair":0,"start":0,"end":9}
MORTAR_OBSERVER {"kind":"PRE_RAW","call_id":12,"pair":0,"slot":0,"node":1,"activity":1,"lambda_raw":[0.00038085139076919492,0.00038085139076150223,-0.0098870616764605464],"lambda_start":[0.00031744752587186146,0.00031744752586456608,-0.0082365259704897022],"ddtil_count":1}
MORTAR_OBSERVER {"kind":"DDTIL","call_id":12,"pair":0,"column_slot":0,"source_slot":0,"destination_slot":0,"entry":0,"value":1333.3340928080574}
MORTAR_OBSERVER {"kind":"PRE_RAW","call_id":12,"pair":0,"slot":1,"node":2,"activity":1,"lambda_raw":[-4.9511289846105349e-05,0.00019571721992106341,-0.0095800769032456622],"lambda_start":[-4.164463794901757e-05,0.00016315254768796785,-0.0079804311779819292],"ddtil_count":1}
MORTAR_OBSERVER {"kind":"DDTIL","call_id":12,"pair":0,"column_slot":1,"source_slot":1,"destination_slot":1,"entry":1,"value":666.66713127715229}
MORTAR_OBSERVER {"kind":"PRE_RAW","call_id":12,"pair":0,"slot":2,"node":3,"activity":1,"lambda_raw":[7.5937655657694521e-05,7.593765566729177e-05,-0.00942576087920176],"lambda_start":[6.3054701375795953e-05,6.3054701385523198e-05,-0.0078538769956656446],"ddtil_count":1}
MORTAR_OBSERVER {"kind":"DDTIL","call_id":12,"pair":0,"column_slot":2,"source_slot":2,"destination_slot":2,"entry":2,"value":1333.334369039731}
MORTAR_OBSERVER {"kind":"PRE_RAW","call_id":12,"pair":0,"slot":3,"node":4,"activity":1,"lambda_raw":[0.00019571721989465596,-4.9511289846592237e-05,-0.0095800769032407095],"lambda_start":[0.00016315254766035843,-4.1644637948498955e-05,-0.0079804311779769696],"ddtil_count":1}
MORTAR_OBSERVER {"kind":"DDTIL","call_id":12,"pair":0,"column_slot":3,"source_slot":3,"destination_slot":3,"entry":3,"value":666.66713127715184}
MORTAR_OBSERVER {"kind":"PRE_RAW","call_id":12,"pair":0,"slot":4,"node":17,"activity":1,"lambda_raw":[-0.00055221366957395571,-7.2747575527608576e-05,-0.0084784562189044056],"lambda_start":[-0.00045990004073956576,-6.0605090159766778e-05,-0.0070684385188136221],"ddtil_count":1}
MORTAR_OBSERVER {"kind":"DDTIL","call_id":12,"pair":0,"column_slot":4,"source_slot":4,"destination_slot":4,"entry":4,"value":1000.0006159792288}
MORTAR_OBSERVER {"kind":"PRE_RAW","call_id":12,"pair":0,"slot":5,"node":18,"activity":1,"lambda_raw":[0.00023732069427045339,-0.00024852006753510122,-0.0087357915775226162],"lambda_start":[0.0001975092191379122,-0.00020684175386762824,-0.0072808122031579351],"ddtil_count":1}
MORTAR_OBSERVER {"kind":"DDTIL","call_id":12,"pair":0,"column_slot":5,"source_slot":5,"destination_slot":5,"entry":5,"value":1000.0007032102822}
MORTAR_OBSERVER {"kind":"PRE_RAW","call_id":12,"pair":0,"slot":6,"node":19,"activity":1,"lambda_raw":[-0.00012461185389931292,-0.00012461185389526152,-0.0085237892415588844],"lambda_start":[-0.00010370661805389147,-0.00010370661804971328,-0.0071035056896036203],"ddtil_count":1}
MORTAR_OBSERVER {"kind":"DDTIL","call_id":12,"pair":0,"column_slot":6,"source_slot":6,"destination_slot":6,"entry":6,"value":2000.0012992124066}
MORTAR_OBSERVER {"kind":"PRE_RAW","call_id":12,"pair":0,"slot":7,"node":23,"activity":1,"lambda_raw":[-0.00024852006751082019,0.00023732069424476339,-0.0087357915775220663],"lambda_start":[-0.00020684175384252923,0.00019750921911178157,-0.0072808122031574312],"ddtil_count":1}
MORTAR_OBSERVER {"kind":"DDTIL","call_id":12,"pair":0,"column_slot":7,"source_slot":7,"destination_slot":7,"entry":7,"value":1000.0007032102831}
MORTAR_OBSERVER {"kind":"PRE_RAW","call_id":12,"pair":0,"slot":8,"node":24,"activity":1,"lambda_raw":[-7.2747575524587595e-05,-0.00055221366955085505,-0.0084784562189076495],"lambda_start":[-6.0605090156842163e-05,-0.0004599000407177753,-0.0070684385188167472],"ddtil_count":1}
MORTAR_OBSERVER {"kind":"DDTIL","call_id":12,"pair":0,"column_slot":8,"source_slot":8,"destination_slot":8,"entry":8,"value":1000.0006159792297}
MORTAR_OBSERVER {"kind":"LAW","call_id":12,"pair":0,"slot":0,"node":1,"activity":1,"ndof":3,"normal":[5.6433431026838452e-08,5.6433431026876939e-08,-0.99999999999999689],"tangents":[0.99999999999999845,-3.1847321374631101e-15,5.6433431026838366e-08,3.944304526105059e-31,0.99999999999999856,5.6433431026877032e-08],"ln":13.182756468234828,"lt":[0.50780139965775439,0.50780139964749915],"lt_start":[0.42326298916827204,0.42326298915854627],"q":0.0013182756468234831,"ut":[0.00084536810754311893,0.00084536810753782509],"gn":0.0013182756468234828,"gt":[0.00084538410489482354,0.00084538410488952883],"b":3.9548269411209693,"constant_n":10000000000,"constant_t":100,"mu":0.29999999999999999,"normal_mode":1,"tangent_mode":1,"normal_inverse_stiffness":0.0001,"tangent_inverse_stiffness":0.01,"p0":0,"beta":0,"iwan":1,"rn":-6.5052097042439527e-10,"rt":[-1.5997351704606644e-08,-1.5997351703739282e-08]}
MORTAR_OBSERVER {"kind":"LAW","call_id":12,"pair":0,"slot":1,"node":2,"activity":1,"ndof":3,"normal":[4.9720752210338391e-08,-2.9619855683609901e-08,-0.99999999999999833],"tangents":[0.99999999999999878,1.4727215049507529e-15,4.9720752210338364e-08,-1.9721522630525295e-31,0.99999999999999956,-2.9619855683609937e-08],"ln":6.3867223809953728,"lt":[-0.033007867120175637,0.1304784267201102],"lt_start":[-0.02776337584342542,0.10876859851395262],"q":0.00063867223809953744,"ut":[-5.2442845580293113e-05,0.00021708990530285843],"gn":0.00063867223809953733,"gt":[-5.2444912767502167e-05,0.00021709828206157577],"b":1.9160167146238725,"constant_n":10000000000,"constant_t":100,"mu":0.29999999999999999,"normal_mode":1,"tangent_mode":1,"normal_inverse_stiffness":0.0001,"tangent_inverse_stiffness":0.01,"p0":0,"beta":0,"iwan":1,"rn":-3.2526070725680256e-10,"rt":[2.0671872090545387e-09,-8.3767587173407335e-09]}
MORTAR_OBSERVER {"kind":"LAW","call_id":12,"pair":0,"slot":2,"node":3,"activity":1,"ndof":3,"normal":[-3.4507500506356613e-08,-3.450750050630511e-08,-0.99999999999999889],"tangents":[0.99999999999999944,-1.1907675911944254e-15,-3.4507500506356593e-08,-0,0.99999999999999956,-3.450750050630513e-08],"ln":12.567690927602056,"lt":[0.10125071987230959,0.10125071988510606],"lt_start":[0.084073361831051976,0.084073361844021741],"q":0.0012567690927602056,"ut":[0.00017177202372251434,0.00017177202372078144],"gn":0.0012567690927602058,"gt":[0.00017177358041257611,0.0001717735804108432],"b":3.7703072776300957,"constant_n":10000000000,"constant_t":100,"mu":0.29999999999999999,"normal_mode":1,"tangent_mode":1,"normal_inverse_stiffness":0.0001,"tangent_inverse_stiffness":0.01,"p0":0,"beta":0,"iwan":1,"rn":6.5052097042439527e-10,"rt":[-1.5566900617668394e-09,-1.5566900617668394e-09]}
MORTAR_OBSERVER {"kind":"LAW","call_id":12,"pair":0,"slot":3,"node":4,"activity":1,"ndof":3,"normal":[-2.9619855683673869e-08,4.9720752210415371e-08,-0.99999999999999833],"tangents":[0.99999999999999956,1.4727215049562124e-15,-2.9619855683673832e-08,-0,0.99999999999999878,4.9720752210415398e-08],"ln":6.386722380992067,"lt":[0.13047842670250506,-0.033007867120500398],"lt_start":[0.10876859849554621,-0.027763375843079818],"q":0.00063867223809920687,"ut":[0.0002170899052960758,-5.2442845583345508e-05],"gn":0.00063867223809920676,"gt":[0.00021709828206958854,-5.2444912774205803e-05],"b":1.9160167146228806,"constant_n":10000000000,"constant_t":100,"mu":0.29999999999999999,"normal_mode":1,"tangent_mode":1,"normal_inverse_stiffness":0.0001,"tangent_inverse_stiffness":0.01,"p0":0,"beta":0,"iwan":1,"rn":-3.2526048521219764e-10,"rt":[-8.37677351274305e-09,2.0671908602950899e-09]}
MORTAR_OBSERVER {"kind":"LAW","call_id":12,"pair":0,"slot":4,"node":17,"activity":1,"ndof":3,"normal":[5.4424718128880552e-08,1.2059158373652722e-08,-0.99999999999999845],"tangents":[0.99999999999999856,-6.5631629535758006e-16,5.4424718128880552e-08,-0,1,1.2059158373652741e-08],"ln":8.4784614105259486,"lt":[-0.55221447116397937,-0.072747722581713331],"lt_start":[-0.45990070872644839,-0.060605212730715528],"q":0.00084784614105259514,"ut":[-0.00092315896933144301,-0.00012142790766219873],"gn":0.00084784614105259492,"gt":[-0.00092313762437530979,-0.00012142509850997803],"b":2.5435384238083056,"constant_n":10000000000,"constant_t":100,"mu":0.29999999999999999,"normal_mode":1,"tangent_mode":1,"normal_inverse_stiffness":0.0001,"tangent_inverse_stiffness":0.01,"p0":0,"beta":0,"iwan":1,"rn":-6.5052097042439527e-10,"rt":[-2.1344956133216401e-08,-2.8091522206948093e-09]}
MORTAR_OBSERVER {"kind":"LAW","call_id":12,"pair":0,"slot":5,"node":18,"activity":1,"ndof":3,"normal":[8.0417448706090286e-09,-3.2498794688818825e-08,-0.99999999999999944],"tangents":[1,2.613470154897848e-16,8.0417448706090253e-09,-0,0.99999999999999956,-3.2498794688818825e-08],"ln":8.7357977306061532,"lt":[0.23732079090574923,-0.24851995839407137],"lt_start":[0.19750929947795051,-0.2068416627030889],"q":0.00087357977306061539,"ut":[0.00039811321269449089,-0.00041678117545272133],"gn":0.00087357977306061539,"gt":[0.00039811491427798717,-0.00041678295690982469],"b":2.6207393191818458,"constant_n":10000000000,"constant_t":100,"mu":0.29999999999999999,"normal_mode":1,"tangent_mode":1,"normal_inverse_stiffness":0.0001,"tangent_inverse_stiffness":0.01,"p0":0,"beta":0,"iwan":1,"rn":0,"rt":[-1.701583496284062e-09,1.7814571033614168e-09]}
MORTAR_OBSERVER {"kind":"LAW","call_id":12,"pair":0,"slot":6,"node":19,"activity":1,"ndof":3,"normal":[1.0962960610129938e-08,1.0962960610174933e-08,-0.99999999999999989],"tangents":[1,-1.2018650533975389e-16,1.0962960610129938e-08,-0,1,1.0962960610174935e-08],"ln":17.047589551866036,"lt":[-0.24922405658794519,-0.24922405657984245],"lt_start":[-0.20741352659571505,-0.2074135265873587],"q":0.0017047589551866034,"ut":[-0.0004181183812361777,-0.00041811838123871316],"gn":0.0017047589551866037,"gt":[-0.00041810529992230145,-0.00041810529992483746],"b":5.1142768649092885,"constant_n":10000000000,"constant_t":100,"mu":0.29999999999999999,"normal_mode":1,"tangent_mode":1,"normal_inverse_stiffness":0.0001,"tangent_inverse_stiffness":0.01,"p0":0,"beta":0,"iwan":1,"rn":6.5052230269202482e-10,"rt":[-1.3081313876247332e-08,-1.3081313875705231e-08]}
MORTAR_OBSERVER {"kind":"LAW","call_id":12,"pair":0,"slot":7,"node":23,"activity":1,"ndof":3,"normal":[-3.2498794688876834e-08,8.0417448706735372e-09,-0.99999999999999944],"tangents":[0.99999999999999944,2.613470154923478e-16,-3.2498794688876834e-08,-0,1,8.0417448706735405e-09],"ln":8.7357977306056114,"lt":[-0.24851995836979046,0.23732079088005947],"lt_start":[-0.20684166267798998,0.19750929945182008],"q":0.00087357977306056097,"ut":[-0.00041678117545059288,0.00039811321268905237],"gn":0.00087357977306056118,"gt":[-0.00041678295691800483,0.00039811491428239391],"b":2.6207393185311623,"constant_n":10000000000,"constant_t":100,"mu":0.29999999999999999,"normal_mode":1,"tangent_mode":1,"normal_inverse_stiffness":0.0001,"tangent_inverse_stiffness":0.01,"p0":0,"beta":0,"iwan":1,"rn":6.5052097042439527e-10,"rt":[1.7814674119556728e-09,-1.7015933415445196e-09]}
MORTAR_OBSERVER {"kind":"LAW","call_id":12,"pair":0,"slot":8,"node":24,"activity":1,"ndof":3,"normal":[1.2059158373601624e-08,5.4424718128938415e-08,-0.99999999999999845],"tangents":[1,-6.5631629535549589e-16,1.2059158373601608e-08,-0,0.99999999999999856,5.4424718128938421e-08],"ln":8.4784614105291993,"lt":[-0.072747722578692053,-0.55221447114087918],"lt_start":[-0.060605212727790674,-0.45990070870465838],"q":0.00084784614105291986,"ut":[-0.00012142790766432823,-0.00092315896934184961],"gn":0.00084784614105291997,"gt":[-0.0001214250985090138,-0.00092313762436220807],"b":2.5435384228334987,"constant_n":10000000000,"constant_t":100,"mu":0.29999999999999999,"normal_mode":1,"tangent_mode":1,"normal_inverse_stiffness":0.0001,"tangent_inverse_stiffness":0.01,"p0":0,"beta":0,"iwan":1,"rn":3.2526115134601241e-10,"rt":[-2.8091553144386034e-09,-2.1344979641538427e-08]}
MORTAR_OBSERVER {"kind":"POST_RAW_AFTER_ACTIVE_LOOP","call_id":12,"pair":0,"slot":0,"node":1,"activity":1,"lambda_raw":[0.00038085139076919492,0.00038085139076150223,-0.0098870616764605464],"gap":-0.0013182756468234831}
MORTAR_OBSERVER {"kind":"POST_RAW_AFTER_ACTIVE_LOOP","call_id":12,"pair":0,"slot":1,"node":2,"activity":1,"lambda_raw":[-4.9511289846105349e-05,0.00019571721992106341,-0.0095800769032456622],"gap":-0.00063867223809953744}
MORTAR_OBSERVER {"kind":"POST_RAW_AFTER_ACTIVE_LOOP","call_id":12,"pair":0,"slot":2,"node":3,"activity":1,"lambda_raw":[7.5937655657694521e-05,7.593765566729177e-05,-0.00942576087920176],"gap":-0.0012567690927602056}
MORTAR_OBSERVER {"kind":"POST_RAW_AFTER_ACTIVE_LOOP","call_id":12,"pair":0,"slot":3,"node":4,"activity":1,"lambda_raw":[0.00019571721989465596,-4.9511289846592237e-05,-0.0095800769032407095],"gap":-0.00063867223809920687}
MORTAR_OBSERVER {"kind":"POST_RAW_AFTER_ACTIVE_LOOP","call_id":12,"pair":0,"slot":4,"node":17,"activity":1,"lambda_raw":[-0.00055221366957395571,-7.2747575527608576e-05,-0.0084784562189044056],"gap":-0.00084784614105259514}
MORTAR_OBSERVER {"kind":"POST_RAW_AFTER_ACTIVE_LOOP","call_id":12,"pair":0,"slot":5,"node":18,"activity":1,"lambda_raw":[0.00023732069427045339,-0.00024852006753510122,-0.0087357915775226162],"gap":-0.00087357977306061539}
MORTAR_OBSERVER {"kind":"POST_RAW_AFTER_ACTIVE_LOOP","call_id":12,"pair":0,"slot":6,"node":19,"activity":1,"lambda_raw":[-0.00012461185389931292,-0.00012461185389526152,-0.0085237892415588844],"gap":-0.0017047589551866034}
MORTAR_OBSERVER {"kind":"POST_RAW_AFTER_ACTIVE_LOOP","call_id":12,"pair":0,"slot":7,"node":23,"activity":1,"lambda_raw":[-0.00024852006751082019,0.00023732069424476339,-0.0087357915775220663],"gap":-0.00087357977306056097}
MORTAR_OBSERVER {"kind":"POST_RAW_AFTER_ACTIVE_LOOP","call_id":12,"pair":0,"slot":8,"node":24,"activity":1,"lambda_raw":[-7.2747575524587595e-05,-0.00055221366955085505,-0.0084784562189076495],"gap":-0.00084784614105291986}
MORTAR_OBSERVER {"kind":"SUMMARY_PRE_OVERRIDE","call_id":12,"ndiverg":14,"flag":0,"keepset":0,"max_n":6.5052230269202482e-10,"max_t":[2.1344956133216401e-08,2.1344979641538427e-08],"lm_t_av":[2.1325654129589009,2.1325654129497815],"nstick":9,"nslip":0,"ninactive":0,"nnogap":0,"nolm":0}
MORTAR_OBSERVER {"kind":"SUMMARY_POST_OVERRIDE","call_id":12,"flag":0}
MORTAR_OBSERVER {"kind":"RETURN","call_id":12}
 Using up to 2 cpu(s) for the stress calculation.

 average force= 3.502455
 time avg. forc= 2.043168
 largest residual force= 0.000000 in node 24 and dof 2
 largest increment of disp= 4.628319e-05
 largest correction to disp= 6.991675e-08 in node 24 and dof 2

MORTAR_OBSERVER {"kind":"PRE_CHECK","call_id":12,"step":1,"inc":6,"cutback":0,"iteration":2,"time":0.75,"dtime":0.125,"ttime":0,"tper":1,"theta":0.625,"dtheta":0.125,"icntrl":0,"nmethod":1,"iexpl":0,"ithermal":0,"uncoupled":0,"mortar":2,"iflagdualquad":2}
 convergence; the increment size is increased to 1.875000e-01

 the increment size exceeds the maximum allowed and is decreased to 1.250000e-01

MORTAR_OBSERVER {"kind":"POST_CHECK","call_id":12,"step":1,"inc":6,"cutback":0,"iteration":2,"time":0.75,"dtime":0.125,"ttime":0,"tper":1,"theta":0.75,"dtheta":0.125,"icntrl":1,"nmethod":1,"iexpl":0,"ithermal":0,"uncoupled":0,"mortar":2,"iflagdualquad":2}
 Using up to 2 cpu(s) for the stress calculation.

 increment 7 attempt 1 
 increment size= 1.250000e-01
 sum of previous increments=7.500000e-01
 actual step time=8.750000e-01
 actual total time=8.750000e-01

 iteration 1

 Determining the structure of the matrix:

 Using up to 2 cpu(s) for setting up the structure of the matrix.
 number of equations
 75
 number of nonzero lower triangular matrix elements
 1143

 Using up to 2 cpu(s) for the stress calculation.

 Using up to 2 cpu(s) for the symmetric stiffness/mass contributions.

 Using up to 2 cpu(s) for the stress calculation.

 Using up to 2 cpu(s) for the symmetric stiffness/mass contributions.

 Factoring the system of equations using the unsymmetric spooles solver
 Using 1 cpu for spooles.

MORTAR_OBSERVER {"kind":"BEGIN","call_id":13,"step":1,"inc":7,"cutback":0,"iteration":1,"time":0.875,"dtime":0.125,"ttime":0,"tper":1,"theta":0.75,"dtheta":0.125,"icntrl":0,"nmethod":1,"iexpl":0,"ithermal":0,"uncoupled":0,"mortar":2,"iflagdualquad":2}
MORTAR_OBSERVER {"kind":"INVENTORY","call_id":13,"pair_count":1,"slave_count":9}
MORTAR_OBSERVER {"kind":"PAIR","call_id":13,"pair":0,"start":0,"end":9}
MORTAR_OBSERVER {"kind":"PRE_RAW","call_id":13,"pair":0,"slot":0,"node":1,"activity":1,"lambda_raw":[0.00045037261950409368,0.00045037261949641314,-0.011537856857762334],"lambda_start":[0.00038085139076919492,0.00038085139076150223,-0.0098870616764605464],"ddtil_count":1}
MORTAR_OBSERVER {"kind":"DDTIL","call_id":13,"pair":0,"column_slot":0,"source_slot":0,"destination_slot":0,"entry":0,"value":1333.3342160937627}
MORTAR_OBSERVER {"kind":"PRE_RAW","call_id":13,"pair":0,"slot":1,"node":2,"activity":1,"lambda_raw":[-5.5949465620576928e-05,0.00023255955232491583,-0.011180690266564292],"lambda_start":[-4.9511289846105349e-05,0.00019571721992106341,-0.0095800769032456622],"ddtil_count":1}
MORTAR_OBSERVER {"kind":"DDTIL","call_id":13,"pair":0,"column_slot":1,"source_slot":1,"destination_slot":1,"entry":1,"value":666.66720715004931}
MORTAR_OBSERVER {"kind":"PRE_RAW","call_id":13,"pair":0,"slot":2,"node":3,"activity":1,"lambda_raw":[8.9984040033261981e-05,8.9984040042857238e-05,-0.010997824438575233],"lambda_start":[7.5937655657694521e-05,7.593765566729177e-05,-0.00942576087920176],"ddtil_count":1}
MORTAR_OBSERVER {"kind":"DDTIL","call_id":13,"pair":0,"column_slot":2,"source_slot":2,"destination_slot":2,"entry":2,"value":1333.3345386447509}
MORTAR_OBSERVER {"kind":"PRE_RAW","call_id":13,"pair":0,"slot":3,"node":4,"activity":1,"lambda_raw":[0.00023255955229842826,-5.5949465621043162e-05,-0.011180690266559308],"lambda_start":[0.00019571721989465596,-4.9511289846592237e-05,-0.0095800769032407095],"ddtil_count":1}
MORTAR_OBSERVER {"kind":"DDTIL","call_id":13,"pair":0,"column_slot":3,"source_slot":3,"destination_slot":3,"entry":3,"value":666.66720715004999}
MORTAR_OBSERVER {"kind":"PRE_RAW","call_id":13,"pair":0,"slot":4,"node":17,"activity":1,"lambda_raw":[-0.00065426588090508457,-8.5700223109462365e-05,-0.0098882425018877885],"lambda_start":[-0.00055221366957395571,-7.2747575527608576e-05,-0.0084784562189044056],"ddtil_count":1}
MORTAR_OBSERVER {"kind":"DDTIL","call_id":13,"pair":0,"column_slot":4,"source_slot":4,"destination_slot":4,"entry":4,"value":1000.0007203827201}
MORTAR_OBSERVER {"kind":"PRE_RAW","call_id":13,"pair":0,"slot":5,"node":18,"activity":1,"lambda_raw":[0.00028138887862197041,-0.00029408248646567453,-0.010191117715724647],"lambda_start":[0.00023732069427045339,-0.00024852006753510122,-0.0087357915775226162],"ddtil_count":1}
MORTAR_OBSERVER {"kind":"DDTIL","call_id":13,"pair":0,"column_slot":5,"source_slot":5,"destination_slot":5,"entry":5,"value":1000.0008222409251}
MORTAR_OBSERVER {"kind":"PRE_RAW","call_id":13,"pair":0,"slot":6,"node":19,"activity":1,"lambda_raw":[-0.00014706684899396858,-0.00014706684898991481,-0.0099430179209114254],"lambda_start":[-0.00012461185389931292,-0.00012461185389526152,-0.0085237892415588844],"ddtil_count":1}
MORTAR_OBSERVER {"kind":"DDTIL","call_id":13,"pair":0,"column_slot":6,"source_slot":6,"destination_slot":6,"entry":6,"value":2000.0015192988972}
MORTAR_OBSERVER {"kind":"PRE_RAW","call_id":13,"pair":0,"slot":7,"node":23,"activity":1,"lambda_raw":[-0.00029408248644135837,0.00028138887859624977,-0.010191117715724094],"lambda_start":[-0.00024852006751082019,0.00023732069424476339,-0.0087357915775220663],"ddtil_count":1}
MORTAR_OBSERVER {"kind":"DDTIL","call_id":13,"pair":0,"column_slot":7,"source_slot":7,"destination_slot":7,"entry":7,"value":1000.0008222409257}
MORTAR_OBSERVER {"kind":"PRE_RAW","call_id":13,"pair":0,"slot":8,"node":24,"activity":1,"lambda_raw":[-8.5700223106466959e-05,-0.00065426588088203898,-0.0098882425018910498],"lambda_start":[-7.2747575524587595e-05,-0.00055221366955085505,-0.0084784562189076495],"ddtil_count":1}
MORTAR_OBSERVER {"kind":"DDTIL","call_id":13,"pair":0,"column_slot":8,"source_slot":8,"destination_slot":8,"entry":8,"value":1000.0007203827199}
MORTAR_OBSERVER {"kind":"LAW","call_id":13,"pair":0,"slot":0,"node":1,"activity":1,"ndof":3,"normal":[6.4997003717806564e-08,6.4997003717837481e-08,-0.99999999999999578],"tangents":[0.99999999999999789,-4.2246104922945784e-15,6.4997003717806418e-08,-0,0.99999999999999789,6.4997003717837626e-08],"ln":15.383819406907561,"lt":[0.60049622367441935,0.60049622366418121],"lt_start":[0.50780133371971392,0.50780133370945912],"q":0.0015383819406907568,"ut":[0.00078580183519442407,0.00078580183519547477],"gn":0.0015383819406907561,"gt":[0.00092694889954705428,0.00092694889954722081],"b":4.6151458240238314,"constant_n":10000000000,"constant_t":100,"mu":0.29999999999999999,"normal_mode":1,"tangent_mode":1,"normal_inverse_stiffness":0.0001,"tangent_inverse_stiffness":0.01,"p0":0,"beta":0,"iwan":1,"rn":-1.9515633553623957e-09,"rt":[-0.00014114706435263021,-0.00014114706435174604]}
MORTAR_OBSERVER {"kind":"LAW","call_id":13,"pair":0,"slot":1,"node":2,"activity":1,"ndof":3,"normal":[5.9602699165975333e-08,-3.5725373676889625e-08,-0.99999999999999767],"tangents":[0.99999999999999822,2.1293286998557103e-15,5.96026991659753e-08,-0,0.99999999999999944,-3.5725373676889684e-08],"ln":7.4537995462581224,"lt":[-0.037300118253379783,0.15504009353429168],"lt_start":[-0.033007933990035696,0.13047848056401706],"q":0.00074537995462581243,"ut":[-3.4159832849522918e-05,0.0002093453308744753],"gn":0.00074537995462581222,"gt":[-4.2921842633440872e-05,0.0002456161297027462],"b":2.2361398645279578,"constant_n":10000000000,"constant_t":100,"mu":0.29999999999999999,"normal_mode":1,"tangent_mode":1,"normal_inverse_stiffness":0.0001,"tangent_inverse_stiffness":0.01,"p0":0,"beta":0,"iwan":1,"rn":-6.5052097042439527e-10,"rt":[8.7620097839179539e-06,-3.6270798828270896e-05]}
MORTAR_OBSERVER {"kind":"LAW","call_id":13,"pair":0,"slot":2,"node":3,"activity":1,"ndof":3,"normal":[-3.9645592682318906e-08,-3.964559268228204e-08,-0.99999999999999845],"tangents":[0.99999999999999922,-1.571773019130878e-15,-3.9645592682318879e-08,-1.9721522630525295e-31,0.99999999999999922,-3.9645592682282067e-08],"ln":14.663779164390389,"lt":[0.11997940985735617,0.11997940987015006],"lt_start":[0.10125079732573497,0.10125079733853147],"q":0.0014663779164390389,"ut":[0.00015863734296818168,0.00015863734296844427],"gn":0.0014663779164390391,"gt":[0.00018728612531621197,0.00018728612531618589],"b":4.3991337486665953,"constant_n":10000000000,"constant_t":100,"mu":0.29999999999999999,"normal_mode":1,"tangent_mode":1,"normal_inverse_stiffness":0.0001,"tangent_inverse_stiffness":0.01,"p0":0,"beta":0,"iwan":1,"rn":6.5052141451360512e-10,"rt":[-2.8648782348030286e-05,-2.8648782347741618e-05]}
MORTAR_OBSERVER {"kind":"LAW","call_id":13,"pair":0,"slot":3,"node":4,"activity":1,"ndof":3,"normal":[-3.5725373676928661e-08,5.9602699166019789e-08,-0.99999999999999767],"tangents":[0.99999999999999944,2.1293286998596227e-15,-3.5725373676928602e-08,-0,0.99999999999999833,5.9602699166019829e-08],"ln":7.4537995462548068,"lt":[0.15504009351663336,-0.037300118253690978],"lt_start":[0.13047848054641212,-0.033007933990360602],"q":0.00074537995462548067,"ut":[0.00020934533087505646,-3.4159832848871339e-05],"gn":0.00074537995462548067,"gt":[0.0002456161297022125,-4.2921842633303761e-05],"b":2.236139863876442,"constant_n":10000000000,"constant_t":100,"mu":0.29999999999999999,"normal_mode":1,"tangent_mode":1,"normal_inverse_stiffness":0.0001,"tangent_inverse_stiffness":0.01,"p0":0,"beta":0,"iwan":1,"rn":0,"rt":[-3.6270798827156038e-05,8.7620097844324214e-06]}
MORTAR_OBSERVER {"kind":"LAW","call_id":13,"pair":0,"slot":4,"node":17,"activity":1,"ndof":3,"normal":[6.3388176517174086e-08,1.3547486441550492e-08,-0.99999999999999789],"tangents":[0.999999999999998,-8.5875046192102689e-16,6.3388176517174086e-08,-9.8607613152626476e-32,0.99999999999999989,1.354748644155052e-08],"ln":9.8882495825730246,"lt":[-0.65426697902503073,-0.085700418807349923],"lt_start":[-0.55221460481340645,-0.072747742795558318],"q":0.00098882495825730241,"ut":[-0.00086702209605012787,-0.00010933588907842896],"gn":0.00098882495825730241,"gt":[-0.0010205237421162428,-0.00012952676011791607],"b":2.9664748747719072,"constant_n":10000000000,"constant_t":100,"mu":0.29999999999999999,"normal_mode":1,"tangent_mode":1,"normal_inverse_stiffness":0.0001,"tangent_inverse_stiffness":0.01,"p0":0,"beta":0,"iwan":1,"rn":0,"rt":[0.00015350164606611489,2.0190871039487115e-05]}
MORTAR_OBSERVER {"kind":"LAW","call_id":13,"pair":0,"slot":5,"node":18,"activity":1,"ndof":3,"normal":[1.0329848476258064e-08,-3.8036774999914942e-08,-0.99999999999999922],"tangents":[1,3.9291412227464222e-16,1.0329848476258057e-08,-0,0.99999999999999933,-3.8036774999914949e-08],"ln":10.191126109371364,"lt":[0.28138900471863382,-0.2940823406347598],"lt_start":[0.23732079916576299,-0.24851993959685939],"q":0.0010191126109371364,"ut":[0.00037435897207144345,-0.00038619096513541393],"gn":0.0010191126109371364,"gt":[0.00044068205552870833,-0.00045562401037900409],"b":3.0573378328114091,"constant_n":10000000000,"constant_t":100,"mu":0.29999999999999999,"normal_mode":1,"tangent_mode":1,"normal_inverse_stiffness":0.0001,"tangent_inverse_stiffness":0.01,"p0":0,"beta":0,"iwan":1,"rn":0,"rt":[-6.6323083457264884e-05,6.9433045243590162e-05]}
MORTAR_OBSERVER {"kind":"LAW","call_id":13,"pair":0,"slot":6,"node":19,"activity":1,"ndof":3,"normal":[1.2675699271001857e-08,1.267569927103601e-08,-0.99999999999999989],"tangents":[1,-1.6067335200930995e-16,1.2675699271001857e-08,-0,1,1.2675699271036012e-08],"ln":19.886050940782305,"lt":[-0.2941341734960401,-0.29413417348793264],"lt_start":[-0.24922411321142032,-0.24922411320331755],"q":0.0019886050940782305,"ut":[-0.00037948301307639539,-0.00037948301307592566],"gn":0.0019886050940782305,"gt":[-0.00044910060284619773,-0.00044910060284615084],"b":5.9658152822346908,"constant_n":10000000000,"constant_t":100,"mu":0.29999999999999999,"normal_mode":1,"tangent_mode":1,"normal_inverse_stiffness":0.0001,"tangent_inverse_stiffness":0.01,"p0":0,"beta":0,"iwan":1,"rn":0,"rt":[6.9617589769802339e-05,6.9617589770225178e-05]}
MORTAR_OBSERVER {"kind":"LAW","call_id":13,"pair":0,"slot":7,"node":23,"activity":1,"ndof":3,"normal":[-3.8036774999952893e-08,1.0329848476298994e-08,-0.99999999999999922],"tangents":[0.99999999999999933,3.9291412227659134e-16,-3.8036774999952893e-08,-0,1,1.0329848476299003e-08],"ln":10.191126109370817,"lt":[-0.29408234061044364,0.28138900469291339],"lt_start":[-0.2485199395725784,0.2373207991400732],"q":0.0010191126109370819,"ut":[-0.00038619096513541268,0.00037435897207203911],"gn":0.0010191126109370817,"gt":[-0.00045562401037865243,0.00044068205552840188],"b":3.0573378334617662,"constant_n":10000000000,"constant_t":100,"mu":0.29999999999999999,"normal_mode":1,"tangent_mode":1,"normal_inverse_stiffness":0.0001,"tangent_inverse_stiffness":0.01,"p0":0,"beta":0,"iwan":1,"rn":-6.5052141451360512e-10,"rt":[6.9433045243239748e-05,-6.6323083456362774e-05]}
MORTAR_OBSERVER {"kind":"LAW","call_id":13,"pair":0,"slot":8,"node":24,"activity":1,"ndof":3,"normal":[1.3547486441515667e-08,6.3388176517211911e-08,-0.99999999999999789],"tangents":[0.99999999999999989,-8.5875046191933025e-16,1.3547486441515641e-08,-0,0.999999999999998,6.3388176517211911e-08],"ln":9.8882495825762842,"lt":[-0.085700418804353931,-0.65426697900198505],"lt_start":[-0.072747742792536846,-0.55221460479030571],"q":0.00098882495825762832,"ut":[-0.00010933588907833607,-0.00086702209604900681],"gn":0.00098882495825762854,"gt":[-0.00012952676011817086,-0.0010205237421167935],"b":2.9664748741223641,"constant_n":10000000000,"constant_t":100,"mu":0.29999999999999999,"normal_mode":1,"tangent_mode":1,"normal_inverse_stiffness":0.0001,"tangent_inverse_stiffness":0.01,"p0":0,"beta":0,"iwan":1,"rn":6.5052097042439527e-10,"rt":[2.0190871039834791e-05,0.00015350164606778673]}
MORTAR_OBSERVER {"kind":"POST_RAW_AFTER_ACTIVE_LOOP","call_id":13,"pair":0,"slot":0,"node":1,"activity":1,"lambda_raw":[0.00045037261950409368,0.00045037261949641314,-0.011537856857762334],"gap":-0.0015383819406907568}
MORTAR_OBSERVER {"kind":"POST_RAW_AFTER_ACTIVE_LOOP","call_id":13,"pair":0,"slot":1,"node":2,"activity":1,"lambda_raw":[-5.5949465620576928e-05,0.00023255955232491583,-0.011180690266564292],"gap":-0.00074537995462581243}
MORTAR_OBSERVER {"kind":"POST_RAW_AFTER_ACTIVE_LOOP","call_id":13,"pair":0,"slot":2,"node":3,"activity":1,"lambda_raw":[8.9984040033261981e-05,8.9984040042857238e-05,-0.010997824438575233],"gap":-0.0014663779164390389}
MORTAR_OBSERVER {"kind":"POST_RAW_AFTER_ACTIVE_LOOP","call_id":13,"pair":0,"slot":3,"node":4,"activity":1,"lambda_raw":[0.00023255955229842826,-5.5949465621043162e-05,-0.011180690266559308],"gap":-0.00074537995462548067}
MORTAR_OBSERVER {"kind":"POST_RAW_AFTER_ACTIVE_LOOP","call_id":13,"pair":0,"slot":4,"node":17,"activity":1,"lambda_raw":[-0.00065426588090508457,-8.5700223109462365e-05,-0.0098882425018877885],"gap":-0.00098882495825730241}
MORTAR_OBSERVER {"kind":"POST_RAW_AFTER_ACTIVE_LOOP","call_id":13,"pair":0,"slot":5,"node":18,"activity":1,"lambda_raw":[0.00028138887862197041,-0.00029408248646567453,-0.010191117715724647],"gap":-0.0010191126109371364}
MORTAR_OBSERVER {"kind":"POST_RAW_AFTER_ACTIVE_LOOP","call_id":13,"pair":0,"slot":6,"node":19,"activity":1,"lambda_raw":[-0.00014706684899396858,-0.00014706684898991481,-0.0099430179209114254],"gap":-0.0019886050940782305}
MORTAR_OBSERVER {"kind":"POST_RAW_AFTER_ACTIVE_LOOP","call_id":13,"pair":0,"slot":7,"node":23,"activity":1,"lambda_raw":[-0.00029408248644135837,0.00028138887859624977,-0.010191117715724094],"gap":-0.0010191126109370819}
MORTAR_OBSERVER {"kind":"POST_RAW_AFTER_ACTIVE_LOOP","call_id":13,"pair":0,"slot":8,"node":24,"activity":1,"lambda_raw":[-8.5700223106466959e-05,-0.00065426588088203898,-0.0098882425018910498],"gap":-0.00098882495825762832}
MORTAR_OBSERVER {"kind":"SUMMARY_PRE_OVERRIDE","call_id":13,"ndiverg":14,"flag":0,"keepset":0,"max_n":1.9515633553623957e-09,"max_t":[0.00015350164606611489,0.00015350164606778673],"lm_t_av":[2.5223887619562908,2.5223887619472549],"nstick":9,"nslip":0,"ninactive":0,"nnogap":0,"nolm":0}
MORTAR_OBSERVER {"kind":"SUMMARY_POST_OVERRIDE","call_id":13,"flag":0}
MORTAR_OBSERVER {"kind":"RETURN","call_id":13}
 Using up to 2 cpu(s) for the stress calculation.

 average force= 4.086289
 time avg. forc= 2.335042
 largest residual force= 0.000000 in node 17 and dof 1
 largest increment of disp= 4.612118e-05
 largest correction to disp= 7.596528e-08 in node 3 and dof 3

MORTAR_OBSERVER {"kind":"PRE_CHECK","call_id":13,"step":1,"inc":7,"cutback":0,"iteration":1,"time":0.875,"dtime":0.125,"ttime":0,"tper":1,"theta":0.75,"dtheta":0.125,"icntrl":0,"nmethod":1,"iexpl":0,"ithermal":0,"uncoupled":0,"mortar":2,"iflagdualquad":2}
 no convergence

MORTAR_OBSERVER {"kind":"POST_CHECK","call_id":13,"step":1,"inc":7,"cutback":0,"iteration":2,"time":0.875,"dtime":0.125,"ttime":0,"tper":1,"theta":0.75,"dtheta":0.125,"icntrl":0,"nmethod":1,"iexpl":0,"ithermal":0,"uncoupled":0,"mortar":2,"iflagdualquad":2}
 iteration 2

 Determining the structure of the matrix:

 Using up to 2 cpu(s) for setting up the structure of the matrix.
 number of equations
 75
 number of nonzero lower triangular matrix elements
 1143

 Using up to 2 cpu(s) for the stress calculation.

 Using up to 2 cpu(s) for the symmetric stiffness/mass contributions.

 Using up to 2 cpu(s) for the stress calculation.

 Using up to 2 cpu(s) for the symmetric stiffness/mass contributions.

 Factoring the system of equations using the unsymmetric spooles solver
 Using 1 cpu for spooles.

MORTAR_OBSERVER {"kind":"BEGIN","call_id":14,"step":1,"inc":7,"cutback":0,"iteration":2,"time":0.875,"dtime":0.125,"ttime":0,"tper":1,"theta":0.75,"dtheta":0.125,"icntrl":0,"nmethod":1,"iexpl":0,"ithermal":0,"uncoupled":0,"mortar":2,"iflagdualquad":2}
MORTAR_OBSERVER {"kind":"INVENTORY","call_id":14,"pair_count":1,"slave_count":9}
MORTAR_OBSERVER {"kind":"PAIR","call_id":14,"pair":0,"start":0,"end":9}
MORTAR_OBSERVER {"kind":"PRE_RAW","call_id":14,"pair":0,"slot":0,"node":1,"activity":1,"lambda_raw":[0.00044426863180136984,0.00044426863179308974,-0.011537075990767745],"lambda_start":[0.00038085139076919492,0.00038085139076150223,-0.0098870616764605464],"ddtil_count":1}
MORTAR_OBSERVER {"kind":"DDTIL","call_id":14,"pair":0,"column_slot":0,"source_slot":0,"destination_slot":0,"entry":0,"value":1333.3342160937627}
MORTAR_OBSERVER {"kind":"PRE_RAW","call_id":14,"pair":0,"slot":1,"node":2,"activity":1,"lambda_raw":[-5.7449883550035217e-05,0.00022829088626356015,-0.0111791473487164],"lambda_start":[-4.9511289846105349e-05,0.00019571721992106341,-0.0095800769032456622],"ddtil_count":1}
MORTAR_OBSERVER {"kind":"DDTIL","call_id":14,"pair":0,"column_slot":1,"source_slot":1,"destination_slot":1,"entry":1,"value":666.66720715004931}
MORTAR_OBSERVER {"kind":"PRE_RAW","call_id":14,"pair":0,"slot":2,"node":3,"activity":1,"lambda_raw":[8.877700569485814e-05,8.8777005704073994e-05,-0.010997464509520083],"lambda_start":[7.5937655657694521e-05,7.593765566729177e-05,-0.00942576087920176],"ddtil_count":1}
MORTAR_OBSERVER {"kind":"DDTIL","call_id":14,"pair":0,"column_slot":2,"source_slot":2,"destination_slot":2,"entry":2,"value":1333.3345386447509}
MORTAR_OBSERVER {"kind":"PRE_RAW","call_id":14,"pair":0,"slot":3,"node":4,"activity":1,"lambda_raw":[0.00022829088623662515,-5.7449883550988258e-05,-0.011179147348711671],"lambda_start":[0.00019571721989465596,-4.9511289846592237e-05,-0.0095800769032407095],"ddtil_count":1}
MORTAR_OBSERVER {"kind":"DDTIL","call_id":14,"pair":0,"column_slot":3,"source_slot":3,"destination_slot":3,"entry":3,"value":666.66720715004999}
MORTAR_OBSERVER {"kind":"PRE_RAW","call_id":14,"pair":0,"slot":4,"node":17,"activity":1,"lambda_raw":[-0.0006444765822797812,-8.4885852873884605e-05,-0.0098890659499587721],"lambda_start":[-0.00055221366957395571,-7.2747575527608576e-05,-0.0084784562189044056],"ddtil_count":1}
MORTAR_OBSERVER {"kind":"DDTIL","call_id":14,"pair":0,"column_slot":4,"source_slot":4,"destination_slot":4,"entry":4,"value":1000.0007203827201}
MORTAR_OBSERVER {"kind":"PRE_RAW","call_id":14,"pair":0,"slot":5,"node":18,"activity":1,"lambda_raw":[0.00027708264709866816,-0.00029014695079151743,-0.01019096171949868],"lambda_start":[0.00023732069427045339,-0.00024852006753510122,-0.0087357915775226162],"ddtil_count":1}
MORTAR_OBSERVER {"kind":"DDTIL","call_id":14,"pair":0,"column_slot":5,"source_slot":5,"destination_slot":5,"entry":5,"value":1000.0008222409251}
MORTAR_OBSERVER {"kind":"PRE_RAW","call_id":14,"pair":0,"slot":6,"node":19,"activity":1,"lambda_raw":[-0.00014549084708175437,-0.00014549084707820998,-0.0099441396117431261],"lambda_start":[-0.00012461185389931292,-0.00012461185389526152,-0.0085237892415588844],"ddtil_count":1}
MORTAR_OBSERVER {"kind":"DDTIL","call_id":14,"pair":0,"column_slot":6,"source_slot":6,"destination_slot":6,"entry":6,"value":2000.0015192988972}
MORTAR_OBSERVER {"kind":"PRE_RAW","call_id":14,"pair":0,"slot":7,"node":23,"activity":1,"lambda_raw":[-0.0002901469507679073,0.00027708264707344902,-0.010190961719498112],"lambda_start":[-0.00024852006751082019,0.00023732069424476339,-0.0087357915775220663],"ddtil_count":1}
MORTAR_OBSERVER {"kind":"DDTIL","call_id":14,"pair":0,"column_slot":7,"source_slot":7,"destination_slot":7,"entry":7,"value":1000.0008222409257}
MORTAR_OBSERVER {"kind":"PRE_RAW","call_id":14,"pair":0,"slot":8,"node":24,"activity":1,"lambda_raw":[-8.4885852870466102e-05,-0.00064447658225493746,-0.0098890659499621565],"lambda_start":[-7.2747575524587595e-05,-0.00055221366955085505,-0.0084784562189076495],"ddtil_count":1}
MORTAR_OBSERVER {"kind":"DDTIL","call_id":14,"pair":0,"column_slot":8,"source_slot":8,"destination_slot":8,"entry":8,"value":1000.0007203827199}
MORTAR_OBSERVER {"kind":"LAW","call_id":14,"pair":0,"slot":0,"node":1,"activity":1,"ndof":3,"normal":[6.4997003717806564e-08,6.4997003717837481e-08,-0.99999999999999578],"tangents":[0.99999999999999789,-4.2246104922945784e-15,6.4997003717806418e-08,-0,0.99999999999999789,6.4997003717837626e-08],"ln":15.38277824916748,"lt":[0.59235756808343409,0.59235756807239648],"lt_start":[0.50780133371971392,0.50780133370945912],"q":0.0015382778249167484,"ut":[0.0008455527909199765,0.00084555279091214812],"gn":0.001538277824916748,"gt":[0.00084556234363720171,0.00084556234362937355],"b":4.6148334760512864,"constant_n":10000000000,"constant_t":100,"mu":0.29999999999999999,"normal_mode":1,"tangent_mode":1,"normal_inverse_stiffness":0.0001,"tangent_inverse_stiffness":0.01,"p0":0,"beta":0,"iwan":1,"rn":-1.3010428290272102e-09,"rt":[-9.5527172252118583e-09,-9.5527172254286988e-09]}
MORTAR_OBSERVER {"kind":"LAW","call_id":14,"pair":0,"slot":1,"node":2,"activity":1,"ndof":3,"normal":[5.9602699165975333e-08,-3.5725373676889625e-08,-0.99999999999999767],"tangents":[0.99999999999999822,2.1293286998557103e-15,5.96026991659753e-08,-0,0.99999999999999944,-3.5725373676889684e-08],"ln":7.4527709335676535,"lt":[-0.038300397622661506,0.15219431381616391],"lt_start":[-0.033007933990035696,0.13047848056401706],"q":0.00074527709335676538,"ut":[-5.2923427180050503e-05,0.0002171533271973553],"gn":0.00074527709335676538,"gt":[-5.2924636326258101e-05,0.00021715833252146849],"b":2.235831280070296,"constant_n":10000000000,"constant_t":100,"mu":0.29999999999999999,"normal_mode":1,"tangent_mode":1,"normal_inverse_stiffness":0.0001,"tangent_inverse_stiffness":0.01,"p0":0,"beta":0,"iwan":1,"rn":0,"rt":[1.2091462075976321e-09,-5.0053241131909135e-09]}
MORTAR_OBSERVER {"kind":"LAW","call_id":14,"pair":0,"slot":2,"node":3,"activity":1,"ndof":3,"normal":[-3.9645592682318906e-08,-3.964559268228204e-08,-0.99999999999999845],"tangents":[0.99999999999999922,-1.571773019130878e-15,-3.9645592682318879e-08,-1.9721522630525295e-31,0.99999999999999922,-3.9645592682282067e-08],"ln":14.663299258677304,"lt":[0.11837002926560598,0.11837002927789399],"lt_start":[0.10125079732573497,0.10125079733853147],"q":0.0014663299258677305,"ut":[0.00017119138180601696,0.00017119138180093183],"gn":0.0014663299258677305,"gt":[0.00017119231939871014,0.00017119231939362518],"b":4.398989777603191,"constant_n":10000000000,"constant_t":100,"mu":0.29999999999999999,"normal_mode":1,"tangent_mode":1,"normal_inverse_stiffness":0.0001,"tangent_inverse_stiffness":0.01,"p0":0,"beta":0,"iwan":1,"rn":0,"rt":[-9.3759269318154266e-10,-9.3759269334417299e-10]}
MORTAR_OBSERVER {"kind":"LAW","call_id":14,"pair":0,"slot":3,"node":4,"activity":1,"ndof":3,"normal":[-3.5725373676928661e-08,5.9602699166019789e-08,-0.99999999999999767],"tangents":[0.99999999999999944,2.1293286998596227e-15,-3.5725373676928602e-08,-0,0.99999999999999833,5.9602699166019829e-08],"ln":7.4527709335645085,"lt":[0.1521943137982073,-0.03830039762329724],"lt_start":[0.13047848054641212,-0.033007933990360602],"q":0.00074527709335645085,"ut":[0.0002171533272043899,-5.2923427185707416e-05],"gn":0.00074527709335645085,"gt":[0.00021715833251795185,-5.292463632936638e-05],"b":2.2358312800693523,"constant_n":10000000000,"constant_t":100,"mu":0.29999999999999999,"normal_mode":1,"tangent_mode":1,"normal_inverse_stiffness":0.0001,"tangent_inverse_stiffness":0.01,"p0":0,"beta":0,"iwan":1,"rn":0,"rt":[-5.0053135619522113e-09,1.2091436589635853e-09]}
MORTAR_OBSERVER {"kind":"LAW","call_id":14,"pair":0,"slot":4,"node":17,"activity":1,"ndof":3,"normal":[6.3388176517174086e-08,1.3547486441550492e-08,-0.99999999999999789],"tangents":[0.999999999999998,-8.5875046192102689e-16,6.3388176517174086e-08,-9.8607613152626476e-32,0.99999999999999989,1.354748644155052e-08],"ln":9.8890730318687652,"lt":[-0.64447767339988271,-0.084886047996269573],"lt_start":[-0.55221460481340645,-0.072747742795558318],"q":0.00098890730318687624,"ut":[-0.00092264346879679826,-0.00012138473341274456],"gn":0.00098890730318687667,"gt":[-0.00092263068586476257,-0.00012138305200711255],"b":2.9667219082595868,"constant_n":10000000000,"constant_t":100,"mu":0.29999999999999999,"normal_mode":1,"tangent_mode":1,"normal_inverse_stiffness":0.0001,"tangent_inverse_stiffness":0.01,"p0":0,"beta":0,"iwan":1,"rn":1.3010428290272102e-09,"rt":[-1.2782932035690191e-08,-1.6814056320082474e-09]}
MORTAR_OBSERVER {"kind":"LAW","call_id":14,"pair":0,"slot":5,"node":18,"activity":1,"ndof":3,"normal":[1.0329848476258064e-08,-3.8036774999914942e-08,-0.99999999999999922],"tangents":[1,3.9291412227464222e-16,1.0329848476258057e-08,-0,0.99999999999999933,-3.8036774999914949e-08],"ln":10.190970112822953,"lt":[0.27708276965618317,-0.29014680173057783],"lt_start":[0.23732079916576299,-0.24851993959685939],"q":0.001019097011282295,"ut":[0.00039761868969037949,-0.00041626755851887595],"gn":0.0010190970112822953,"gt":[0.00039761970490420184,-0.00041626862133718441],"b":3.0572910331963645,"constant_n":10000000000,"constant_t":100,"mu":0.29999999999999999,"normal_mode":1,"tangent_mode":1,"normal_inverse_stiffness":0.0001,"tangent_inverse_stiffness":0.01,"p0":0,"beta":0,"iwan":1,"rn":6.5052141451360512e-10,"rt":[-1.0152138223509279e-09,1.0628183084592131e-09]}
MORTAR_OBSERVER {"kind":"LAW","call_id":14,"pair":0,"slot":6,"node":19,"activity":1,"ndof":3,"normal":[1.2675699271001857e-08,1.267569927103601e-08,-0.99999999999999989],"tangents":[1,-1.6067335200930995e-16,1.2675699271001857e-08,-0,1,1.2675699271036012e-08],"ln":19.888294324229797,"lt":[-0.29098216730563015,-0.29098216729854143],"lt_start":[-0.24922411321142032,-0.24922411320331755],"q":0.0019888294324229799,"ut":[-0.00041758839463557459,-0.00041758839464571502],"gn":0.0019888294324229799,"gt":[-0.00041758054094209827,-0.00041758054095223876],"b":5.9664882972689393,"constant_n":10000000000,"constant_t":100,"mu":0.29999999999999999,"normal_mode":1,"tangent_mode":1,"normal_inverse_stiffness":0.0001,"tangent_inverse_stiffness":0.01,"p0":0,"beta":0,"iwan":1,"rn":0,"rt":[-7.8536934763179765e-09,-7.8536934762637664e-09]}
MORTAR_OBSERVER {"kind":"LAW","call_id":14,"pair":0,"slot":7,"node":23,"activity":1,"ndof":3,"normal":[-3.8036774999952893e-08,1.0329848476298994e-08,-0.99999999999999922],"tangents":[0.99999999999999933,3.9291412227659134e-16,-3.8036774999952893e-08,-0,1,1.0329848476299003e-08],"ln":10.190970112822392,"lt":[-0.29014680170696772,0.27708276963096429],"lt_start":[-0.2485199395725784,0.2373207991400732],"q":0.0010190970112822391,"ut":[-0.00041626755851081253,0.00039761868968097523],"gn":0.0010190970112822393,"gt":[-0.00041626862134389319,0.00039761970490891085],"b":3.0572910331961962,"constant_n":10000000000,"constant_t":100,"mu":0.29999999999999999,"normal_mode":1,"tangent_mode":1,"normal_inverse_stiffness":0.0001,"tangent_inverse_stiffness":0.01,"p0":0,"beta":0,"iwan":1,"rn":6.5052097042439527e-10,"rt":[1.0628330806596031e-09,-1.0152279356274475e-09]}
MORTAR_OBSERVER {"kind":"LAW","call_id":14,"pair":0,"slot":8,"node":24,"activity":1,"ndof":3,"normal":[1.3547486441515667e-08,6.3388176517211911e-08,-0.99999999999999789],"tangents":[0.99999999999999989,-8.5875046191933025e-16,1.3547486441515641e-08,-0,0.999999999999998,6.3388176517211911e-08],"ln":9.8890730318721474,"lt":[-0.084886047992850489,-0.64447767337503892],"lt_start":[-0.072747742792536846,-0.55221460479030571],"q":0.00098890730318721494,"ut":[-0.00012138473341319682,-0.00092264346881303506],"gn":0.00098890730318721472,"gt":[-0.00012138305200313643,-0.00092263068584733207],"b":2.9667219102121654,"constant_n":10000000000,"constant_t":100,"mu":0.29999999999999999,"normal_mode":1,"tangent_mode":1,"normal_inverse_stiffness":0.0001,"tangent_inverse_stiffness":0.01,"p0":0,"beta":0,"iwan":1,"rn":-6.5052141451360512e-10,"rt":[-1.6814100603913633e-09,-1.2782965702986572e-08]}
MORTAR_OBSERVER {"kind":"POST_RAW_AFTER_ACTIVE_LOOP","call_id":14,"pair":0,"slot":0,"node":1,"activity":1,"lambda_raw":[0.00044426863180136984,0.00044426863179308974,-0.011537075990767745],"gap":-0.0015382778249167484}
MORTAR_OBSERVER {"kind":"POST_RAW_AFTER_ACTIVE_LOOP","call_id":14,"pair":0,"slot":1,"node":2,"activity":1,"lambda_raw":[-5.7449883550035217e-05,0.00022829088626356015,-0.0111791473487164],"gap":-0.00074527709335676538}
MORTAR_OBSERVER {"kind":"POST_RAW_AFTER_ACTIVE_LOOP","call_id":14,"pair":0,"slot":2,"node":3,"activity":1,"lambda_raw":[8.877700569485814e-05,8.8777005704073994e-05,-0.010997464509520083],"gap":-0.0014663299258677305}
MORTAR_OBSERVER {"kind":"POST_RAW_AFTER_ACTIVE_LOOP","call_id":14,"pair":0,"slot":3,"node":4,"activity":1,"lambda_raw":[0.00022829088623662515,-5.7449883550988258e-05,-0.011179147348711671],"gap":-0.00074527709335645085}
MORTAR_OBSERVER {"kind":"POST_RAW_AFTER_ACTIVE_LOOP","call_id":14,"pair":0,"slot":4,"node":17,"activity":1,"lambda_raw":[-0.0006444765822797812,-8.4885852873884605e-05,-0.0098890659499587721],"gap":-0.00098890730318687624}
MORTAR_OBSERVER {"kind":"POST_RAW_AFTER_ACTIVE_LOOP","call_id":14,"pair":0,"slot":5,"node":18,"activity":1,"lambda_raw":[0.00027708264709866816,-0.00029014695079151743,-0.01019096171949868],"gap":-0.001019097011282295}
MORTAR_OBSERVER {"kind":"POST_RAW_AFTER_ACTIVE_LOOP","call_id":14,"pair":0,"slot":6,"node":19,"activity":1,"lambda_raw":[-0.00014549084708175437,-0.00014549084707820998,-0.0099441396117431261],"gap":-0.0019888294324229799}
MORTAR_OBSERVER {"kind":"POST_RAW_AFTER_ACTIVE_LOOP","call_id":14,"pair":0,"slot":7,"node":23,"activity":1,"lambda_raw":[-0.0002901469507679073,0.00027708264707344902,-0.010190961719498112],"gap":-0.0010190970112822391}
MORTAR_OBSERVER {"kind":"POST_RAW_AFTER_ACTIVE_LOOP","call_id":14,"pair":0,"slot":8,"node":24,"activity":1,"lambda_raw":[-8.4885852870466102e-05,-0.00064447658225493746,-0.0098890659499621565],"gap":-0.00098890730318721494}
MORTAR_OBSERVER {"kind":"SUMMARY_PRE_OVERRIDE","call_id":14,"ndiverg":14,"flag":0,"keepset":0,"max_n":1.3010428290272102e-09,"max_t":[1.2782932035690191e-08,1.2782965702986572e-08],"lm_t_av":[2.4887977688314233,2.4887977688211436],"nstick":9,"nslip":0,"ninactive":0,"nnogap":0,"nolm":0}
MORTAR_OBSERVER {"kind":"SUMMARY_POST_OVERRIDE","call_id":14,"flag":0}
MORTAR_OBSERVER {"kind":"RETURN","call_id":14}
 Using up to 2 cpu(s) for the stress calculation.

 average force= 4.086111
 time avg. forc= 2.335017
 largest residual force= 0.000000 in node 17 and dof 1
 largest increment of disp= 4.612118e-05
 largest correction to disp= 5.839855e-08 in node 24 and dof 2

MORTAR_OBSERVER {"kind":"PRE_CHECK","call_id":14,"step":1,"inc":7,"cutback":0,"iteration":2,"time":0.875,"dtime":0.125,"ttime":0,"tper":1,"theta":0.75,"dtheta":0.125,"icntrl":0,"nmethod":1,"iexpl":0,"ithermal":0,"uncoupled":0,"mortar":2,"iflagdualquad":2}
 convergence; the increment size is increased to 1.875000e-01

 the increment size exceeds the maximum allowed and is decreased to 1.250000e-01

MORTAR_OBSERVER {"kind":"POST_CHECK","call_id":14,"step":1,"inc":7,"cutback":0,"iteration":2,"time":0.875,"dtime":0.125,"ttime":0,"tper":1,"theta":0.875,"dtheta":0.125,"icntrl":1,"nmethod":1,"iexpl":0,"ithermal":0,"uncoupled":0,"mortar":2,"iflagdualquad":2}
 Using up to 2 cpu(s) for the stress calculation.

 increment 8 attempt 1 
 increment size= 1.250000e-01
 sum of previous increments=8.750000e-01
 actual step time=1.000000e+00
 actual total time=1.000000e+00

 iteration 1

 Determining the structure of the matrix:

 Using up to 2 cpu(s) for setting up the structure of the matrix.
 number of equations
 75
 number of nonzero lower triangular matrix elements
 1143

 Using up to 2 cpu(s) for the stress calculation.

 Using up to 2 cpu(s) for the symmetric stiffness/mass contributions.

 Using up to 2 cpu(s) for the stress calculation.

 Using up to 2 cpu(s) for the symmetric stiffness/mass contributions.

 Factoring the system of equations using the unsymmetric spooles solver
 Using 1 cpu for spooles.

MORTAR_OBSERVER {"kind":"BEGIN","call_id":15,"step":1,"inc":8,"cutback":0,"iteration":1,"time":1,"dtime":0.125,"ttime":0,"tper":1,"theta":0.875,"dtheta":0.125,"icntrl":0,"nmethod":1,"iexpl":0,"ithermal":0,"uncoupled":0,"mortar":2,"iflagdualquad":2}
MORTAR_OBSERVER {"kind":"INVENTORY","call_id":15,"pair_count":1,"slave_count":9}
MORTAR_OBSERVER {"kind":"PAIR","call_id":15,"pair":0,"start":0,"end":9}
MORTAR_OBSERVER {"kind":"PRE_RAW","call_id":15,"pair":0,"slot":0,"node":1,"activity":1,"lambda_raw":[0.00051293188932751441,0.00051293188931925246,-0.013187204262927191],"lambda_start":[0.00044426863180136984,0.00044426863179308974,-0.011537075990767745],"ddtil_count":1}
MORTAR_OBSERVER {"kind":"DDTIL","call_id":15,"pair":0,"column_slot":0,"source_slot":0,"destination_slot":0,"entry":0,"value":1333.3343393698678}
MORTAR_OBSERVER {"kind":"PRE_RAW","call_id":15,"pair":0,"slot":1,"node":2,"activity":1,"lambda_raw":[-6.4183162147243486e-05,0.00026453288913862177,-0.012778925676886738],"lambda_start":[-5.7449883550035217e-05,0.00022829088626356015,-0.0111791473487164],"ddtil_count":1}
MORTAR_OBSERVER {"kind":"DDTIL","call_id":15,"pair":0,"column_slot":1,"source_slot":1,"destination_slot":1,"entry":1,"value":666.66728297039617}
MORTAR_OBSERVER {"kind":"PRE_RAW","call_id":15,"pair":0,"slot":2,"node":3,"activity":1,"lambda_raw":[0.00010260113949919491,0.00010260113950842704,-0.012569282579044334],"lambda_start":[8.877700569485814e-05,8.8777005704073994e-05,-0.010997464509520083],"ddtil_count":1}
MORTAR_OBSERVER {"kind":"DDTIL","call_id":15,"pair":0,"column_slot":2,"source_slot":2,"destination_slot":2,"entry":2,"value":1333.3347080837996}
MORTAR_OBSERVER {"kind":"PRE_RAW","call_id":15,"pair":0,"slot":3,"node":4,"activity":1,"lambda_raw":[0.00026453288911172738,-6.4183162148195497e-05,-0.01277892567688196],"lambda_start":[0.00022829088623662515,-5.7449883550988258e-05,-0.011179147348711671],"ddtil_count":1}
MORTAR_OBSERVER {"kind":"DDTIL","call_id":15,"pair":0,"column_slot":3,"source_slot":3,"destination_slot":3,"entry":3,"value":666.66728297039731}
MORTAR_OBSERVER {"kind":"PRE_RAW","call_id":15,"pair":0,"slot":4,"node":17,"activity":1,"lambda_raw":[-0.00074507537018261632,-9.7717706245586006e-05,-0.011299595102175999],"lambda_start":[-0.0006444765822797812,-8.4885852873884605e-05,-0.0098890659499587721],"ddtil_count":1}
MORTAR_OBSERVER {"kind":"DDTIL","call_id":15,"pair":0,"column_slot":4,"source_slot":4,"destination_slot":4,"entry":4,"value":1000.0008247389126}
MORTAR_OBSERVER {"kind":"PRE_RAW","call_id":15,"pair":0,"slot":5,"node":18,"activity":1,"lambda_raw":[0.00032047948426201794,-0.00033508777329661486,-0.011646467387754546],"lambda_start":[0.00027708264709866816,-0.00029014695079151743,-0.01019096171949868],"ddtil_count":1}
MORTAR_OBSERVER {"kind":"DDTIL","call_id":15,"pair":0,"column_slot":5,"source_slot":5,"destination_slot":5,"entry":5,"value":1000.0009411748882}
MORTAR_OBSERVER {"kind":"PRE_RAW","call_id":15,"pair":0,"slot":6,"node":19,"activity":1,"lambda_raw":[-0.00016768968558765343,-0.00016768968558409091,-0.011363609185909352],"lambda_start":[-0.00014549084708175437,-0.00014549084707820998,-0.0099441396117431261],"ddtil_count":1}
MORTAR_OBSERVER {"kind":"DDTIL","call_id":15,"pair":0,"column_slot":6,"source_slot":6,"destination_slot":6,"entry":6,"value":2000.0017392523434}
MORTAR_OBSERVER {"kind":"PRE_RAW","call_id":15,"pair":0,"slot":7,"node":23,"activity":1,"lambda_raw":[-0.00033508777327297991,0.00032047948423677604,-0.011646467387753988],"lambda_start":[-0.0002901469507679073,0.00027708264707344902,-0.010190961719498112],"ddtil_count":1}
MORTAR_OBSERVER {"kind":"DDTIL","call_id":15,"pair":0,"column_slot":7,"source_slot":7,"destination_slot":7,"entry":7,"value":1000.0009411748875}
MORTAR_OBSERVER {"kind":"PRE_RAW","call_id":15,"pair":0,"slot":8,"node":24,"activity":1,"lambda_raw":[-9.7717706242215059e-05,-0.00074507537015784447,-0.011299595102179386],"lambda_start":[-8.4885852870466102e-05,-0.00064447658225493746,-0.0098890659499621565],"ddtil_count":1}
MORTAR_OBSERVER {"kind":"DDTIL","call_id":15,"pair":0,"column_slot":8,"source_slot":8,"destination_slot":8,"entry":8,"value":1000.0008247389121}
MORTAR_OBSERVER {"kind":"LAW","call_id":15,"pair":0,"slot":0,"node":1,"activity":1,"ndof":3,"normal":[7.4028195551110233e-08,7.4028195551089627e-08,-0.99999999999999456],"tangents":[0.99999999999999734,-5.4801737365519065e-15,7.4028195551110048e-08,-1.5777218104420236e-30,0.99999999999999734,7.4028195551089838e-08],"ln":17.58295238530264,"lt":[0.683908400164004,0.68390840015299181],"lt_start":[0.59235748392621379,0.59235748391517684],"q":0.0017582952385302632,"ut":[0.00079457117964871669,0.00079457117965008473],"gn":0.0017582952385302641,"gt":[0.00091550916237790215,0.00091550916237814978],"b":5.2748857129887066,"constant_n":10000000000,"constant_t":100,"mu":0.29999999999999999,"normal_mode":1,"tangent_mode":1,"normal_inverse_stiffness":0.0001,"tangent_inverse_stiffness":0.01,"p0":0,"beta":0,"iwan":1,"rn":2.6020856580544205e-09,"rt":[-0.00012093798272918546,-0.00012093798272806505]}
MORTAR_OBSERVER {"kind":"LAW","call_id":15,"pair":0,"slot":1,"node":2,"activity":1,"ndof":3,"normal":[6.8602196774264589e-08,-4.1183500839440805e-08,-0.99999999999999678],"tangents":[0.99999999999999767,2.8252786284404156e-15,6.8602196774264523e-08,-3.944304526105059e-31,0.99999999999999911,-4.1183500839440898e-08],"ln":8.5192916500923452,"lt":[-0.042789398763273451,0.17635577331260907],"lt_start":[-0.038300469049783889,0.15219437180346448],"q":0.00085192916500923443,"ut":[-3.731575344691947e-05,0.00021053854797267965],"gn":0.00085192916500923454,"gt":[-4.4889297134895617e-05,0.00024161401509144588],"b":2.5557874947024426,"constant_n":10000000000,"constant_t":100,"mu":0.29999999999999999,"normal_mode":1,"tangent_mode":1,"normal_inverse_stiffness":0.0001,"tangent_inverse_stiffness":0.01,"p0":0,"beta":0,"iwan":1,"rn":3.2526070725680256e-10,"rt":[7.5735436879761472e-06,-3.1075467118766231e-05]}
MORTAR_OBSERVER {"kind":"LAW","call_id":15,"pair":0,"slot":2,"node":3,"activity":1,"ndof":3,"normal":[-4.5124234991114022e-08,-4.5124234991125404e-08,-0.999999999999998],"tangents":[0.999999999999999,-2.0361965835337948e-15,-4.5124234991113976e-08,3.944304526105059e-31,0.999999999999999,-4.512423499112545e-08],"ln":16.759060706006689,"lt":[0.13680241662301793,0.13680241663532772],"lt_start":[0.11837012464295313,0.11837012465524117],"q":0.001675906070600669,"ut":[0.00015985530361016853,0.00015985530361111174],"gn":0.001675906070600669,"gt":[0.00018432291980064797,0.00018432291980086544],"b":5.0277182118020063,"constant_n":10000000000,"constant_t":100,"mu":0.29999999999999999,"normal_mode":1,"tangent_mode":1,"normal_inverse_stiffness":0.0001,"tangent_inverse_stiffness":0.01,"p0":0,"beta":0,"iwan":1,"rn":0,"rt":[-2.4467616190479441e-05,-2.4467616189753703e-05]}
MORTAR_OBSERVER {"kind":"LAW","call_id":15,"pair":0,"slot":3,"node":4,"activity":1,"ndof":3,"normal":[-4.1183500839436987e-08,6.8602196774269473e-08,-0.99999999999999678],"tangents":[0.99999999999999922,2.8252786284403505e-15,-4.1183500839436894e-08,3.944304526105059e-31,0.99999999999999767,6.8602196774269539e-08],"ln":8.5192916500891744,"lt":[0.17635577329467966,-0.0427893987639087],"lt_start":[0.15219437178550799,-0.038300469050419748],"q":0.00085192916500891752,"ut":[0.00021053854797193209,-3.731575344610047e-05],"gn":0.00085192916500891752,"gt":[0.00024161401509171677,-4.4889297134889511e-05],"b":2.5557874950267521,"constant_n":10000000000,"constant_t":100,"mu":0.29999999999999999,"normal_mode":1,"tangent_mode":1,"normal_inverse_stiffness":0.0001,"tangent_inverse_stiffness":0.01,"p0":0,"beta":0,"iwan":1,"rn":0,"rt":[-3.1075467119784676e-05,7.5735436887890413e-06]}
MORTAR_OBSERVER {"kind":"LAW","call_id":15,"pair":0,"slot":4,"node":17,"activity":1,"ndof":3,"normal":[7.2411717584124792e-08,1.5325821459066503e-08,-0.99999999999999734],"tangents":[0.99999999999999745,-1.1097690552386459e-15,7.2411717584124792e-08,-0,1,1.5325821459066543e-08],"ln":11.29960436594191,"lt":[-0.74507680289902911,-0.097717960012900715],"lt_start":[-0.64447782988953639,-0.084886074440734732],"q":0.0011299604365941911,"ut":[-0.00087438825722760307,-0.00011100511510971787],"gn":0.0011299604365941911,"gt":[-0.0010059897300949273,-0.00012831885572165983],"b":3.3898813097825728,"constant_n":10000000000,"constant_t":100,"mu":0.29999999999999999,"normal_mode":1,"tangent_mode":1,"normal_inverse_stiffness":0.0001,"tangent_inverse_stiffness":0.01,"p0":0,"beta":0,"iwan":1,"rn":0,"rt":[0.00013160147286732425,1.7313740611941961e-05]}
MORTAR_OBSERVER {"kind":"LAW","call_id":15,"pair":0,"slot":5,"node":18,"activity":1,"ndof":3,"normal":[1.2092886890136963e-08,-4.3507769415077032e-08,-0.999999999999999],"tangents":[1,5.2613453437868704e-16,1.2092886890136953e-08,-0,0.99999999999999911,-4.3507769415077038e-08],"ln":11.646478367571637,"lt":[0.32047964504971521,-0.33508758196051763],"lt_start":[0.27708278464363406,-0.29014678048411124],"q":0.0011646478367571638,"ut":[0.00037717942737203788,-0.00038995534677801542],"gn":0.0011646478367571638,"gt":[0.00043396860406081153,-0.00044940801476406388],"b":3.4939435102714911,"constant_n":10000000000,"constant_t":100,"mu":0.29999999999999999,"normal_mode":1,"tangent_mode":1,"normal_inverse_stiffness":0.0001,"tangent_inverse_stiffness":0.01,"p0":0,"beta":0,"iwan":1,"rn":0,"rt":[-5.6789176688773653e-05,5.9452667986048459e-05]}
MORTAR_OBSERVER {"kind":"LAW","call_id":15,"pair":0,"slot":6,"node":19,"activity":1,"ndof":3,"normal":[1.4451972149491197e-08,1.4451972149474935e-08,-0.99999999999999978],"tangents":[0.99999999999999989,-2.0885949900943421e-16,1.4451972149491196e-08,-0,0.99999999999999989,1.4451972149474937e-08],"ln":22.727238126308812,"lt":[-0.33537999128339796,-0.33537999127627294],"lt_start":[-0.29098223463391276,-0.29098223462682399],"q":0.0022727238126308818,"ut":[-0.00038436918319345175,-0.00038436918319164303],"gn":0.0022727238126308814,"gt":[-0.00044397756649485197,-0.00044397756649448952],"b":6.8181714391936863,"constant_n":10000000000,"constant_t":100,"mu":0.29999999999999999,"normal_mode":1,"tangent_mode":1,"normal_inverse_stiffness":0.0001,"tangent_inverse_stiffness":0.01,"p0":0,"beta":0,"iwan":1,"rn":-1.3010428290272102e-09,"rt":[5.9608383301400225e-05,5.9608383302846497e-05]}
MORTAR_OBSERVER {"kind":"LAW","call_id":15,"pair":0,"slot":7,"node":23,"activity":1,"ndof":3,"normal":[-4.3507769415069442e-08,1.2092886890133707e-08,-0.999999999999999],"tangents":[0.99999999999999911,5.2613453437845403e-16,-4.3507769415069442e-08,-0,1,1.209288689013372e-08],"ln":11.646478367571071,"lt":[-0.33508758193688226,0.32047964502447324],"lt_start":[-0.29014678046050069,0.27708278461841485],"q":0.0011646478367571072,"ut":[-0.00038995534677891547,0.00037717942737315108],"gn":0.0011646478367571072,"gt":[-0.00044940801476381576,0.0004339686040605839],"b":3.493943510271321,"constant_n":10000000000,"constant_t":100,"mu":0.29999999999999999,"normal_mode":1,"tangent_mode":1,"normal_inverse_stiffness":0.0001,"tangent_inverse_stiffness":0.01,"p0":0,"beta":0,"iwan":1,"rn":0,"rt":[5.9452667984900289e-05,-5.678917668743282e-05]}
MORTAR_OBSERVER {"kind":"LAW","call_id":15,"pair":0,"slot":8,"node":24,"activity":1,"ndof":3,"normal":[1.532582145907896e-08,7.2411717584116931e-08,-0.99999999999999734],"tangents":[0.99999999999999989,-1.1097690552394247e-15,1.5325821459078924e-08,-1.9721522630525295e-31,0.99999999999999745,7.2411717584116931e-08],"ln":11.29960436594529,"lt":[-0.09771796000952887,-0.74507680287425704],"lt_start":[-0.084886074437315454,-0.64447782986469249],"q":0.0011299604365945289,"ut":[-0.00011100511511013331,-0.00087438825722604833],"gn":0.0011299604365945291,"gt":[-0.00012831885572213417,-0.0010059897300956455],"b":3.3898813091330657,"constant_n":10000000000,"constant_t":100,"mu":0.29999999999999999,"normal_mode":1,"tangent_mode":1,"normal_inverse_stiffness":0.0001,"tangent_inverse_stiffness":0.01,"p0":0,"beta":0,"iwan":1,"rn":6.5052141451360512e-10,"rt":[1.731374061200086e-05,0.00013160147286959717]}
MORTAR_OBSERVER {"kind":"POST_RAW_AFTER_ACTIVE_LOOP","call_id":15,"pair":0,"slot":0,"node":1,"activity":1,"lambda_raw":[0.00051293188932751441,0.00051293188931925246,-0.013187204262927191],"gap":-0.0017582952385302632}
MORTAR_OBSERVER {"kind":"POST_RAW_AFTER_ACTIVE_LOOP","call_id":15,"pair":0,"slot":1,"node":2,"activity":1,"lambda_raw":[-6.4183162147243486e-05,0.00026453288913862177,-0.012778925676886738],"gap":-0.00085192916500923443}
MORTAR_OBSERVER {"kind":"POST_RAW_AFTER_ACTIVE_LOOP","call_id":15,"pair":0,"slot":2,"node":3,"activity":1,"lambda_raw":[0.00010260113949919491,0.00010260113950842704,-0.012569282579044334],"gap":-0.001675906070600669}
MORTAR_OBSERVER {"kind":"POST_RAW_AFTER_ACTIVE_LOOP","call_id":15,"pair":0,"slot":3,"node":4,"activity":1,"lambda_raw":[0.00026453288911172738,-6.4183162148195497e-05,-0.01277892567688196],"gap":-0.00085192916500891752}
MORTAR_OBSERVER {"kind":"POST_RAW_AFTER_ACTIVE_LOOP","call_id":15,"pair":0,"slot":4,"node":17,"activity":1,"lambda_raw":[-0.00074507537018261632,-9.7717706245586006e-05,-0.011299595102175999],"gap":-0.0011299604365941911}
MORTAR_OBSERVER {"kind":"POST_RAW_AFTER_ACTIVE_LOOP","call_id":15,"pair":0,"slot":5,"node":18,"activity":1,"lambda_raw":[0.00032047948426201794,-0.00033508777329661486,-0.011646467387754546],"gap":-0.0011646478367571638}
MORTAR_OBSERVER {"kind":"POST_RAW_AFTER_ACTIVE_LOOP","call_id":15,"pair":0,"slot":6,"node":19,"activity":1,"lambda_raw":[-0.00016768968558765343,-0.00016768968558409091,-0.011363609185909352],"gap":-0.0022727238126308818}
MORTAR_OBSERVER {"kind":"POST_RAW_AFTER_ACTIVE_LOOP","call_id":15,"pair":0,"slot":7,"node":23,"activity":1,"lambda_raw":[-0.00033508777327297991,0.00032047948423677604,-0.011646467387753988],"gap":-0.0011646478367571072}
MORTAR_OBSERVER {"kind":"POST_RAW_AFTER_ACTIVE_LOOP","call_id":15,"pair":0,"slot":8,"node":24,"activity":1,"lambda_raw":[-9.7717706242215059e-05,-0.00074507537015784447,-0.011299595102179386],"gap":-0.0011299604365945289}
MORTAR_OBSERVER {"kind":"SUMMARY_PRE_OVERRIDE","call_id":15,"ndiverg":14,"flag":0,"keepset":0,"max_n":2.6020856580544205e-09,"max_t":[0.00013160147286732425,0.00013160147286959717],"lm_t_av":[2.8735979700235288,2.8735979700132588],"nstick":9,"nslip":0,"ninactive":0,"nnogap":0,"nolm":0}
MORTAR_OBSERVER {"kind":"SUMMARY_POST_OVERRIDE","call_id":15,"flag":0}
MORTAR_OBSERVER {"kind":"RETURN","call_id":15}
 Using up to 2 cpu(s) for the stress calculation.

 average force= 4.669942
 time avg. forc= 2.626882
 largest residual force= 0.000000 in node 17 and dof 1
 largest increment of disp= 4.618698e-05
 largest correction to disp= 8.215864e-08 in node 3 and dof 3

MORTAR_OBSERVER {"kind":"PRE_CHECK","call_id":15,"step":1,"inc":8,"cutback":0,"iteration":1,"time":1,"dtime":0.125,"ttime":0,"tper":1,"theta":0.875,"dtheta":0.125,"icntrl":0,"nmethod":1,"iexpl":0,"ithermal":0,"uncoupled":0,"mortar":2,"iflagdualquad":2}
 no convergence

MORTAR_OBSERVER {"kind":"POST_CHECK","call_id":15,"step":1,"inc":8,"cutback":0,"iteration":2,"time":1,"dtime":0.125,"ttime":0,"tper":1,"theta":0.875,"dtheta":0.125,"icntrl":0,"nmethod":1,"iexpl":0,"ithermal":0,"uncoupled":0,"mortar":2,"iflagdualquad":2}
 iteration 2

 Determining the structure of the matrix:

 Using up to 2 cpu(s) for setting up the structure of the matrix.
 number of equations
 75
 number of nonzero lower triangular matrix elements
 1143

 Using up to 2 cpu(s) for the stress calculation.

 Using up to 2 cpu(s) for the symmetric stiffness/mass contributions.

 Using up to 2 cpu(s) for the stress calculation.

 Using up to 2 cpu(s) for the symmetric stiffness/mass contributions.

 Factoring the system of equations using the unsymmetric spooles solver
 Using 1 cpu for spooles.

MORTAR_OBSERVER {"kind":"BEGIN","call_id":16,"step":1,"inc":8,"cutback":0,"iteration":2,"time":1,"dtime":0.125,"ttime":0,"tper":1,"theta":0.875,"dtheta":0.125,"icntrl":0,"nmethod":1,"iexpl":0,"ithermal":0,"uncoupled":0,"mortar":2,"iflagdualquad":2}
MORTAR_OBSERVER {"kind":"INVENTORY","call_id":16,"pair_count":1,"slave_count":9}
MORTAR_OBSERVER {"kind":"PAIR","call_id":16,"pair":0,"start":0,"end":9}
MORTAR_OBSERVER {"kind":"PRE_RAW","call_id":16,"pair":0,"slot":0,"node":1,"activity":1,"lambda_raw":[0.00050770041307053907,0.00050770041306182371,-0.013186534862260218],"lambda_start":[0.00044426863180136984,0.00044426863179308974,-0.011537075990767745],"ddtil_count":1}
MORTAR_OBSERVER {"kind":"DDTIL","call_id":16,"pair":0,"column_slot":0,"source_slot":0,"destination_slot":0,"entry":0,"value":1333.3343393698678}
MORTAR_OBSERVER {"kind":"PRE_RAW","call_id":16,"pair":0,"slot":1,"node":2,"activity":1,"lambda_raw":[-6.5464962046610109e-05,0.00026087484315341598,-0.012777605225325181],"lambda_start":[-5.7449883550035217e-05,0.00022829088626356015,-0.0111791473487164],"ddtil_count":1}
MORTAR_OBSERVER {"kind":"DDTIL","call_id":16,"pair":0,"column_slot":1,"source_slot":1,"destination_slot":1,"entry":1,"value":666.66728297039617}
MORTAR_OBSERVER {"kind":"PRE_RAW","call_id":16,"pair":0,"slot":2,"node":3,"activity":1,"lambda_raw":[0.00010156884359217413,0.00010156884360142738,-0.012568975157651359],"lambda_start":[8.877700569485814e-05,8.8777005704073994e-05,-0.010997464509520083],"ddtil_count":1}
MORTAR_OBSERVER {"kind":"DDTIL","call_id":16,"pair":0,"column_slot":2,"source_slot":2,"destination_slot":2,"entry":2,"value":1333.3347080837996}
MORTAR_OBSERVER {"kind":"PRE_RAW","call_id":16,"pair":0,"slot":3,"node":4,"activity":1,"lambda_raw":[0.00026087484312670427,-6.5464962048225706e-05,-0.012777605225320413],"lambda_start":[0.00022829088623662515,-5.7449883550988258e-05,-0.011179147348711671],"ddtil_count":1}
MORTAR_OBSERVER {"kind":"DDTIL","call_id":16,"pair":0,"column_slot":3,"source_slot":3,"destination_slot":3,"entry":3,"value":666.66728297039731}
MORTAR_OBSERVER {"kind":"PRE_RAW","call_id":16,"pair":0,"slot":4,"node":17,"activity":1,"lambda_raw":[-0.00073668481887303799,-9.7019711702975403e-05,-0.011300300351502958],"lambda_start":[-0.0006444765822797812,-8.4885852873884605e-05,-0.0098890659499587721],"ddtil_count":1}
MORTAR_OBSERVER {"kind":"DDTIL","call_id":16,"pair":0,"column_slot":4,"source_slot":4,"destination_slot":4,"entry":4,"value":1000.0008247389126}
MORTAR_OBSERVER {"kind":"PRE_RAW","call_id":16,"pair":0,"slot":5,"node":18,"activity":1,"lambda_raw":[0.00031679164735302451,-0.00033171886194272466,-0.011646333315327854],"lambda_start":[0.00027708264709866816,-0.00029014695079151743,-0.01019096171949868],"ddtil_count":1}
MORTAR_OBSERVER {"kind":"DDTIL","call_id":16,"pair":0,"column_slot":5,"source_slot":5,"destination_slot":5,"entry":5,"value":1000.0009411748882}
MORTAR_OBSERVER {"kind":"PRE_RAW","call_id":16,"pair":0,"slot":6,"node":19,"activity":1,"lambda_raw":[-0.00016634120876597442,-0.00016634120876249758,-0.011364569524827929],"lambda_start":[-0.00014549084708175437,-0.00014549084707820998,-0.0099441396117431261],"ddtil_count":1}
MORTAR_OBSERVER {"kind":"DDTIL","call_id":16,"pair":0,"column_slot":6,"source_slot":6,"destination_slot":6,"entry":6,"value":2000.0017392523434}
MORTAR_OBSERVER {"kind":"PRE_RAW","call_id":16,"pair":0,"slot":7,"node":23,"activity":1,"lambda_raw":[-0.00033171886191928003,0.00031679164732769906,-0.011646333315327273],"lambda_start":[-0.0002901469507679073,0.00027708264707344902,-0.010190961719498112],"ddtil_count":1}
MORTAR_OBSERVER {"kind":"DDTIL","call_id":16,"pair":0,"column_slot":7,"source_slot":7,"destination_slot":7,"entry":7,"value":1000.0009411748875}
MORTAR_OBSERVER {"kind":"PRE_RAW","call_id":16,"pair":0,"slot":8,"node":24,"activity":1,"lambda_raw":[-9.7019711699403892e-05,-0.00073668481884682697,-0.011300300351506478],"lambda_start":[-8.4885852870466102e-05,-0.00064447658225493746,-0.0098890659499621565],"ddtil_count":1}
MORTAR_OBSERVER {"kind":"DDTIL","call_id":16,"pair":0,"column_slot":8,"source_slot":8,"destination_slot":8,"entry":8,"value":1000.0008247389121}
MORTAR_OBSERVER {"kind":"LAW","call_id":16,"pair":0,"slot":0,"node":1,"activity":1,"ndof":3,"normal":[7.4028195551110233e-08,7.4028195551089627e-08,-0.99999999999999456],"tangents":[0.99999999999999734,-5.4801737365519065e-15,7.4028195551110048e-08,-1.5777218104420236e-30,0.99999999999999734,7.4028195551089838e-08],"ln":17.582059849373827,"lt":[0.67693309329105356,0.67693309327943674],"lt_start":[0.59235748392621379,0.59235748391517684],"q":0.0017582059849373826,"ut":[0.00084574995472226665,0.00084574995471646823],"gn":0.0017582059849373828,"gt":[0.00084575609364839766,0.00084575609364259902],"b":5.2746179541616263,"constant_n":10000000000,"constant_t":100,"mu":0.29999999999999999,"normal_mode":1,"tangent_mode":1,"normal_inverse_stiffness":0.0001,"tangent_inverse_stiffness":0.01,"p0":0,"beta":0,"iwan":1,"rn":6.5052141451360512e-10,"rt":[-6.1389261310018997e-09,-6.1389261307850593e-09]}
MORTAR_OBSERVER {"kind":"LAW","call_id":16,"pair":0,"slot":1,"node":2,"activity":1,"ndof":3,"normal":[6.8602196774264589e-08,-4.1183500839440805e-08,-0.99999999999999678],"tangents":[0.99999999999999767,2.8252786284404156e-15,6.8602196774264523e-08,-3.944304526105059e-31,0.99999999999999911,-4.1183500839440898e-08],"ln":8.5184113482793187,"lt":[-0.043643932759105282,0.17391707369841727],"lt_start":[-0.038300469049783889,0.15219437180346448],"q":0.00085184113482793212,"ut":[-5.3433854516879926e-05,0.00021722380791303782],"gn":0.00085184113482793191,"gt":[-5.3434637093213929e-05,0.00021722701894952789],"b":2.5555234051343168,"constant_n":10000000000,"constant_t":100,"mu":0.29999999999999999,"normal_mode":1,"tangent_mode":1,"normal_inverse_stiffness":0.0001,"tangent_inverse_stiffness":0.01,"p0":0,"beta":0,"iwan":1,"rn":-6.5052141451360512e-10,"rt":[7.8257633400326092e-10,-3.2110364900611154e-09]}
MORTAR_OBSERVER {"kind":"LAW","call_id":16,"pair":0,"slot":2,"node":3,"activity":1,"ndof":3,"normal":[-4.5124234991114022e-08,-4.5124234991125404e-08,-0.999999999999998],"tangents":[0.999999999999999,-2.0361965835337948e-15,-4.5124234991113976e-08,3.944304526105059e-31,0.999999999999999,-4.512423499112545e-08],"ln":16.758650810517651,"lt":[0.13542602064267803,0.13542602065501599],"lt_start":[0.11837012464295313,0.11837012465524117],"q":0.0016758650810517644,"ut":[0.00017055836156481405,0.00017055836156531289],"gn":0.001675865081051765,"gt":[0.00017055895999724903,0.0001705589599977482],"b":5.0275952412037306,"constant_n":10000000000,"constant_t":100,"mu":0.29999999999999999,"normal_mode":1,"tangent_mode":1,"normal_inverse_stiffness":0.0001,"tangent_inverse_stiffness":0.01,"p0":0,"beta":0,"iwan":1,"rn":1.9515642435408154e-09,"rt":[-5.9843243498092745e-10,-5.984324353061881e-10]}
MORTAR_OBSERVER {"kind":"LAW","call_id":16,"pair":0,"slot":3,"node":4,"activity":1,"ndof":3,"normal":[-4.1183500839436987e-08,6.8602196774269473e-08,-0.99999999999999678],"tangents":[0.99999999999999922,2.8252786284403505e-15,-4.1183500839436894e-08,3.944304526105059e-31,0.99999999999999767,6.8602196774269539e-08],"ln":8.518411348276155,"lt":[0.17391707368060966,-0.043643932760182913],"lt_start":[0.15219437178550799,-0.038300469050419748],"q":0.00085184113482761564,"ut":[0.00021722380791057257,-5.3433854520333902e-05],"gn":0.00085184113482761553,"gt":[0.00021722701895101671,-5.3434637097631646e-05],"b":2.5555234048081075,"constant_n":10000000000,"constant_t":100,"mu":0.29999999999999999,"normal_mode":1,"tangent_mode":1,"normal_inverse_stiffness":0.0001,"tangent_inverse_stiffness":0.01,"p0":0,"beta":0,"iwan":1,"rn":-3.2526115134601241e-10,"rt":[-3.2110404441464385e-09,7.8257729774379578e-10]}
MORTAR_OBSERVER {"kind":"LAW","call_id":16,"pair":0,"slot":4,"node":17,"activity":1,"ndof":3,"normal":[7.2411717584124792e-08,1.5325821459066503e-08,-0.99999999999999734],"tangents":[0.99999999999999745,-1.1097690552386459e-15,7.2411717584124792e-08,-0,1,1.5325821459066543e-08],"ln":11.300309616468786,"lt":[-0.73668624472050492,-0.09701996490543538],"lt_start":[-0.64447782988953639,-0.084886074440734732],"q":0.0011300309616468788,"ut":[-0.00092209236204930808,-0.00012133998526224695],"gn":0.0011300309616468786,"gt":[-0.00092208414830968538,-0.00012133890464700647],"b":3.390092885591157,"constant_n":10000000000,"constant_t":100,"mu":0.29999999999999999,"normal_mode":1,"tangent_mode":1,"normal_inverse_stiffness":0.0001,"tangent_inverse_stiffness":0.01,"p0":0,"beta":0,"iwan":1,"rn":-6.5052141451360512e-10,"rt":[-8.2137396226981269e-09,-1.080615240478121e-09]}
MORTAR_OBSERVER {"kind":"LAW","call_id":16,"pair":0,"slot":5,"node":18,"activity":1,"ndof":3,"normal":[1.2092886890136963e-08,-4.3507769415077032e-08,-0.999999999999999],"tangents":[1,5.2613453437868704e-16,1.2092886890136953e-08,-0,0.99999999999999911,-4.3507769415077038e-08],"ln":11.646344294827589,"lt":[0.31679180467144358,-0.3317186674417259],"lt_start":[0.27708278464363406,-0.29014678048411124],"q":0.0011646344294827589,"ut":[0.0003970895465284804,-0.00041571818516476528],"gn":0.0011646344294827589,"gt":[0.00039709020027809517,-0.00041571886957614658],"b":3.4939032884482768,"constant_n":10000000000,"constant_t":100,"mu":0.29999999999999999,"normal_mode":1,"tangent_mode":1,"normal_inverse_stiffness":0.0001,"tangent_inverse_stiffness":0.01,"p0":0,"beta":0,"iwan":1,"rn":0,"rt":[-6.5374961477279725e-10,6.8441138130134749e-10]}
MORTAR_OBSERVER {"kind":"LAW","call_id":16,"pair":0,"slot":6,"node":19,"activity":1,"ndof":3,"normal":[1.4451972149491197e-08,1.4451972149474935e-08,-0.99999999999999978],"tangents":[0.99999999999999989,-2.0885949900943421e-16,1.4451972149491196e-08,-0,0.99999999999999989,1.4451972149474937e-08],"ln":22.72915880589419,"lt":[-0.33268303532245608,-0.33268303531550247],"lt_start":[-0.29098223463391276,-0.29098223462682399],"q":0.002272915880589419,"ut":[-0.00041701304438034438,-0.00041701304438169552],"gn":0.002272915880589419,"gt":[-0.00041700800688543316,-0.00041700800688678489],"b":6.8187476417682573,"constant_n":10000000000,"constant_t":100,"mu":0.29999999999999999,"normal_mode":1,"tangent_mode":1,"normal_inverse_stiffness":0.0001,"tangent_inverse_stiffness":0.01,"p0":0,"beta":0,"iwan":1,"rn":0,"rt":[-5.037494911225987e-09,-5.0374949106296758e-09]}
MORTAR_OBSERVER {"kind":"LAW","call_id":16,"pair":0,"slot":7,"node":23,"activity":1,"ndof":3,"normal":[-4.3507769415069442e-08,1.2092886890133707e-08,-0.999999999999999],"tangents":[0.99999999999999911,5.2613453437845403e-16,-4.3507769415069442e-08,-0,1,1.209288689013372e-08],"ln":11.646344294827001,"lt":[-0.33171866741828088,0.31679180464611806],"lt_start":[-0.29014678046050069,0.27708278461841485],"q":0.0011646344294827002,"ut":[-0.00041571818516642097,0.00039708954652741712],"gn":0.0011646344294827002,"gt":[-0.00041571886957780194,0.00039709020027703211],"b":3.4939032884481001,"constant_n":10000000000,"constant_t":100,"mu":0.29999999999999999,"normal_mode":1,"tangent_mode":1,"normal_inverse_stiffness":0.0001,"tangent_inverse_stiffness":0.01,"p0":0,"beta":0,"iwan":1,"rn":0,"rt":[6.8441138097608684e-10,-6.5374961498963768e-10]}
MORTAR_OBSERVER {"kind":"LAW","call_id":16,"pair":0,"slot":8,"node":24,"activity":1,"ndof":3,"normal":[1.532582145907896e-08,7.2411717584116931e-08,-0.99999999999999734],"tangents":[0.99999999999999989,-1.1097690552394247e-15,1.5325821459078924e-08,-1.9721522630525295e-31,0.99999999999999745,7.2411717584116931e-08],"ln":11.300309616472301,"lt":[-0.097019964901862987,-0.73668624469429367],"lt_start":[-0.084886074437315454,-0.64447782986469249],"q":0.0011300309616472303,"ut":[-0.00012133998526403877,-0.0009220923620608879],"gn":0.0011300309616472301,"gt":[-0.00012133890464547533,-0.00092208414829601185],"b":3.3900928855922117,"constant_n":10000000000,"constant_t":100,"mu":0.29999999999999999,"normal_mode":1,"tangent_mode":1,"normal_inverse_stiffness":0.0001,"tangent_inverse_stiffness":0.01,"p0":0,"beta":0,"iwan":1,"rn":-6.5052141451360512e-10,"rt":[-1.0806185634358069e-09,-8.2137648760435486e-09]}
MORTAR_OBSERVER {"kind":"POST_RAW_AFTER_ACTIVE_LOOP","call_id":16,"pair":0,"slot":0,"node":1,"activity":1,"lambda_raw":[0.00050770041307053907,0.00050770041306182371,-0.013186534862260218],"gap":-0.0017582059849373826}
MORTAR_OBSERVER {"kind":"POST_RAW_AFTER_ACTIVE_LOOP","call_id":16,"pair":0,"slot":1,"node":2,"activity":1,"lambda_raw":[-6.5464962046610109e-05,0.00026087484315341598,-0.012777605225325181],"gap":-0.00085184113482793212}
MORTAR_OBSERVER {"kind":"POST_RAW_AFTER_ACTIVE_LOOP","call_id":16,"pair":0,"slot":2,"node":3,"activity":1,"lambda_raw":[0.00010156884359217413,0.00010156884360142738,-0.012568975157651359],"gap":-0.0016758650810517644}
MORTAR_OBSERVER {"kind":"POST_RAW_AFTER_ACTIVE_LOOP","call_id":16,"pair":0,"slot":3,"node":4,"activity":1,"lambda_raw":[0.00026087484312670427,-6.5464962048225706e-05,-0.012777605225320413],"gap":-0.00085184113482761564}
MORTAR_OBSERVER {"kind":"POST_RAW_AFTER_ACTIVE_LOOP","call_id":16,"pair":0,"slot":4,"node":17,"activity":1,"lambda_raw":[-0.00073668481887303799,-9.7019711702975403e-05,-0.011300300351502958],"gap":-0.0011300309616468788}
MORTAR_OBSERVER {"kind":"POST_RAW_AFTER_ACTIVE_LOOP","call_id":16,"pair":0,"slot":5,"node":18,"activity":1,"lambda_raw":[0.00031679164735302451,-0.00033171886194272466,-0.011646333315327854],"gap":-0.0011646344294827589}
MORTAR_OBSERVER {"kind":"POST_RAW_AFTER_ACTIVE_LOOP","call_id":16,"pair":0,"slot":6,"node":19,"activity":1,"lambda_raw":[-0.00016634120876597442,-0.00016634120876249758,-0.011364569524827929],"gap":-0.002272915880589419}
MORTAR_OBSERVER {"kind":"POST_RAW_AFTER_ACTIVE_LOOP","call_id":16,"pair":0,"slot":7,"node":23,"activity":1,"lambda_raw":[-0.00033171886191928003,0.00031679164732769906,-0.011646333315327273],"gap":-0.0011646344294827002}
MORTAR_OBSERVER {"kind":"POST_RAW_AFTER_ACTIVE_LOOP","call_id":16,"pair":0,"slot":8,"node":24,"activity":1,"lambda_raw":[-9.7019711699403892e-05,-0.00073668481884682697,-0.011300300351506478],"gap":-0.0011300309616472303}
MORTAR_OBSERVER {"kind":"SUMMARY_PRE_OVERRIDE","call_id":16,"ndiverg":14,"flag":0,"keepset":0,"max_n":1.9515642435408154e-09,"max_t":[8.2137396226981269e-09,8.2137648760435486e-09],"lm_t_av":[2.8448198374079947,2.8448198373961278],"nstick":9,"nslip":0,"ninactive":0,"nnogap":0,"nolm":0}
MORTAR_OBSERVER {"kind":"SUMMARY_POST_OVERRIDE","call_id":16,"flag":0}
MORTAR_OBSERVER {"kind":"RETURN","call_id":16}
 Using up to 2 cpu(s) for the stress calculation.

 average force= 4.669788
 time avg. forc= 2.626863
 largest residual force= 0.000000 in node 17 and dof 1
 largest increment of disp= 4.618698e-05
 largest correction to disp= 5.007386e-08 in node 24 and dof 2

MORTAR_OBSERVER {"kind":"PRE_CHECK","call_id":16,"step":1,"inc":8,"cutback":0,"iteration":2,"time":1,"dtime":0.125,"ttime":0,"tper":1,"theta":0.875,"dtheta":0.125,"icntrl":0,"nmethod":1,"iexpl":0,"ithermal":0,"uncoupled":0,"mortar":2,"iflagdualquad":2}
 convergence; the increment size is increased to 1.875000e-01

 the increment size exceeds the maximum allowed and is decreased to 1.250000e-01

 the increment size exceeds the remainder of the step and is decreased to 0.000000e+00

MORTAR_OBSERVER {"kind":"POST_CHECK","call_id":16,"step":1,"inc":8,"cutback":0,"iteration":2,"time":1,"dtime":0.125,"ttime":0,"tper":1,"theta":1,"dtheta":0,"icntrl":1,"nmethod":1,"iexpl":0,"ithermal":0,"uncoupled":0,"mortar":2,"iflagdualquad":2}
 Using up to 2 cpu(s) for the stress calculation.


 STEP            2

 *INFO reading *STEP: nonlinear geometric
       effects are turned on

 Static analysis was selected

 Newton-Raphson iterative procedure is active

 Nonlinear geometric effects are taken into account

 Determining the structure of the matrix:
 Using up to 2 cpu(s) for setting up the structure of the matrix.
 number of equations
 75
 number of nonzero lower triangular matrix elements
 1143

 increment 1 attempt 1 
 increment size= 1.250000e-01
 sum of previous increments=0.000000e+00
 actual step time=1.250000e-01
 actual total time=1.125000e+00

 iteration 1

 Determining the structure of the matrix:

 Using up to 2 cpu(s) for setting up the structure of the matrix.
 number of equations
 75
 number of nonzero lower triangular matrix elements
 1143

 Using up to 2 cpu(s) for the stress calculation.

 Using up to 2 cpu(s) for the symmetric stiffness/mass contributions.

 Using up to 2 cpu(s) for the stress calculation.

 Using up to 2 cpu(s) for the symmetric stiffness/mass contributions.

 Factoring the system of equations using the unsymmetric spooles solver
 Using 1 cpu for spooles.

MORTAR_OBSERVER {"kind":"BEGIN","call_id":17,"step":2,"inc":1,"cutback":0,"iteration":1,"time":0.125,"dtime":0.125,"ttime":1,"tper":1,"theta":0,"dtheta":0.125,"icntrl":0,"nmethod":1,"iexpl":0,"ithermal":0,"uncoupled":0,"mortar":2,"iflagdualquad":2}
MORTAR_OBSERVER {"kind":"INVENTORY","call_id":17,"pair_count":1,"slave_count":9}
MORTAR_OBSERVER {"kind":"PAIR","call_id":17,"pair":0,"start":0,"end":9}
MORTAR_OBSERVER {"kind":"PRE_RAW","call_id":17,"pair":0,"slot":0,"node":1,"activity":1,"lambda_raw":[0.47396453966893759,-0.011154485544858928,1.3006600437048568],"lambda_start":[0.00050770041307053907,0.00050770041306182371,-0.013186534862260218],"ddtil_count":1}
MORTAR_OBSERVER {"kind":"DDTIL","call_id":17,"pair":0,"column_slot":0,"source_slot":0,"destination_slot":0,"entry":0,"value":1333.3343393676209}
MORTAR_OBSERVER {"kind":"PRE_RAW","call_id":17,"pair":0,"slot":1,"node":2,"activity":1,"lambda_raw":[0.6244957545485279,0.021789088672012603,-2.0656865165898708],"lambda_start":[-6.5464962046610109e-05,0.00026087484315341598,-0.012777605225325181],"ddtil_count":1}
MORTAR_OBSERVER {"kind":"DDTIL","call_id":17,"pair":0,"column_slot":1,"source_slot":1,"destination_slot":1,"entry":1,"value":666.66728295766052}
MORTAR_OBSERVER {"kind":"PRE_RAW","call_id":17,"pair":0,"slot":2,"node":3,"activity":1,"lambda_raw":[0.54126912204580613,-0.0065372949321714979,-1.2804884619161108],"lambda_start":[0.00010156884359217413,0.00010156884360142738,-0.012568975157651359],"ddtil_count":1}
MORTAR_OBSERVER {"kind":"DDTIL","call_id":17,"pair":0,"column_slot":2,"source_slot":2,"destination_slot":2,"entry":2,"value":1333.3347080434842}
MORTAR_OBSERVER {"kind":"PRE_RAW","call_id":17,"pair":0,"slot":3,"node":4,"activity":1,"lambda_raw":[0.46448594046045028,0.0064177754542991145,2.0268903320588083],"lambda_start":[0.00026087484312670427,-6.5464962048225706e-05,-0.012777605225320413],"ddtil_count":1}
MORTAR_OBSERVER {"kind":"DDTIL","call_id":17,"pair":0,"column_slot":3,"source_slot":3,"destination_slot":3,"entry":3,"value":666.66728295766029}
MORTAR_OBSERVER {"kind":"PRE_RAW","call_id":17,"pair":0,"slot":4,"node":17,"activity":1,"lambda_raw":[0.27830207402677642,-0.03247345162376903,-0.2317693413834101],"lambda_start":[-0.00073668481887303799,-9.7019711702975403e-05,-0.011300300351502958],"ddtil_count":1}
MORTAR_OBSERVER {"kind":"DDTIL","call_id":17,"pair":0,"column_slot":4,"source_slot":4,"destination_slot":4,"entry":4,"value":1000.0008247274735}
MORTAR_OBSERVER {"kind":"PRE_RAW","call_id":17,"pair":0,"slot":5,"node":18,"activity":1,"lambda_raw":[0.71682197778244627,0.028092678500739474,-1.8966173850468744],"lambda_start":[0.00031679164735302451,-0.00033171886194272466,-0.011646333315327854],"ddtil_count":1}
MORTAR_OBSERVER {"kind":"DDTIL","call_id":17,"pair":0,"column_slot":5,"source_slot":5,"destination_slot":5,"entry":5,"value":1000.0009411514271}
MORTAR_OBSERVER {"kind":"PRE_RAW","call_id":17,"pair":0,"slot":6,"node":19,"activity":1,"lambda_raw":[0.48454821716365892,0.028724278422763337,-0.15032921262092486],"lambda_start":[-0.00016634120876597442,-0.00016634120876249758,-0.011364569524827929],"ddtil_count":1}
MORTAR_OBSERVER {"kind":"DDTIL","call_id":17,"pair":0,"column_slot":6,"source_slot":6,"destination_slot":6,"entry":6,"value":2000.0017392200903}
MORTAR_OBSERVER {"kind":"PRE_RAW","call_id":17,"pair":0,"slot":7,"node":23,"activity":1,"lambda_raw":[0.34492793548329692,0.01035240172242302,0.38868300739226253],"lambda_start":[-0.00033171886191928003,0.00031679164732769906,-0.011646333315327273],"ddtil_count":1}
MORTAR_OBSERVER {"kind":"DDTIL","call_id":17,"pair":0,"column_slot":7,"source_slot":7,"destination_slot":7,"entry":7,"value":1000.0009411514277}
MORTAR_OBSERVER {"kind":"PRE_RAW","call_id":17,"pair":0,"slot":8,"node":24,"activity":1,"lambda_raw":[0.60415135763477468,-0.012288559331448422,1.9193315894884118],"lambda_start":[-9.7019711699403892e-05,-0.00073668481884682697,-0.011300300351506478],"ddtil_count":1}
MORTAR_OBSERVER {"kind":"DDTIL","call_id":17,"pair":0,"column_slot":8,"source_slot":8,"destination_slot":8,"entry":8,"value":1000.0008247274731}
MORTAR_OBSERVER {"kind":"LAW","call_id":17,"pair":0,"slot":0,"node":1,"activity":1,"ndof":3,"normal":[7.4142375520434235e-08,7.4142375520434791e-08,-0.99999999999999456],"tangents":[0.99999999999999722,-5.4970918478131419e-15,7.414237552043405e-08,-1.5777218104420236e-30,0.99999999999999734,7.414237552043499e-08],"ln":-1734.2146543632498,"lt":[631.95332496195749,-14.872530036142587],"lt_start":[0.67693309128239354,0.67693309127077694],"q":-0.17342146543638187,"ut":[6.3127639187068336,-0.15549463127416463],"gn":-0.173421465436325,"gt":[6.312763918706751,-0.15549463127413365],"b":-520.26456692249826,"constant_n":10000000000,"constant_t":100,"mu":0.29999999999999999,"normal_mode":1,"tangent_mode":1,"normal_inverse_stiffness":0.0001,"tangent_inverse_stiffness":0.01,"p0":0,"beta":0,"iwan":1,"rn":-520.26439630897494,"rt":[8.2600593032111647e-14,-3.0975222387041867e-14]}
MORTAR_OBSERVER {"kind":"LAW","call_id":17,"pair":0,"slot":1,"node":2,"activity":1,"ndof":3,"normal":[6.8390467289122116e-08,-4.1027436962417973e-08,-0.99999999999999689],"tangents":[0.99999999999999767,2.8058855855347727e-15,6.8390467289122063e-08,-0,0.99999999999999922,-4.1027436962418072e-08],"ln":1377.1256453343356,"lt":[416.33079372119579,14.526129043028631],"lt_start":[-0.043643930954672693,0.17391707236567855],"q":0.13771256453344027,"ut":[4.1637443765215423,0.14352211970665307],"gn":0.13771256453343356,"gt":[4.163744376521505,0.14352211970662951],"b":413.13771375084855,"constant_n":10000000000,"constant_t":100,"mu":0.29999999999999999,"normal_mode":1,"tangent_mode":1,"normal_inverse_stiffness":0.0001,"tangent_inverse_stiffness":0.01,"p0":0,"beta":0,"iwan":1,"rn":-2.0150547868524882e-05,"rt":[3.730349362740526e-14,2.3564483697668948e-14]}
MORTAR_OBSERVER {"kind":"LAW","call_id":17,"pair":0,"slot":2,"node":3,"activity":1,"ndof":3,"normal":[-4.5207793914620201e-08,-4.5207793914609362e-08,-0.999999999999998],"tangents":[0.999999999999999,-2.0437446306262833e-15,-4.5207793914620155e-08,-0,0.999999999999999,-4.5207793914609408e-08],"ln":1707.3196772898696,"lt":[721.69298400005482,-8.7163250456234493],"lt_start":[0.13542602203891804,0.13542602205125598],"q":0.17073196772903118,"ut":[7.2155755797801495,-0.088517510676755215],"gn":0.17073196772898697,"gt":[7.2155755797801593,-0.088517510676747055],"b":512.19603583085666,"constant_n":10000000000,"constant_t":100,"mu":0.29999999999999999,"normal_mode":1,"tangent_mode":1,"normal_inverse_stiffness":0.0001,"tangent_inverse_stiffness":0.01,"p0":0,"beta":0,"iwan":1,"rn":-0.00013264389576761459,"rt":[-9.7699626167013776e-15,-8.1601392309949006e-15]}
MORTAR_OBSERVER {"kind":"LAW","call_id":17,"pair":0,"slot":3,"node":4,"activity":1,"ndof":3,"normal":[-4.1027436962437514e-08,6.8390467289151391e-08,-0.99999999999999689],"tangents":[0.99999999999999922,2.8058855855373057e-15,-4.1027436962437428e-08,7.8886090522101181e-31,0.99999999999999778,6.8390467289151457e-08],"ln":-1351.2614829386382,"lt":[309.65752446000693,4.2786133381533435],"lt_start":[0.17391707234787057,-0.043643930955750233],"q":-0.13512614829387165,"ut":[3.0948360738765528,0.043222572691101059],"gn":-0.13512614829386382,"gt":[3.0948360738765905,0.043222572691090935],"b":-405.37846836280841,"constant_n":10000000000,"constant_t":100,"mu":0.29999999999999999,"normal_mode":1,"tangent_mode":1,"normal_inverse_stiffness":0.0001,"tangent_inverse_stiffness":0.01,"p0":0,"beta":0,"iwan":1,"rn":-405.37844488159146,"rt":[-3.7747582837255322e-14,1.0123846205800646e-14]}
MORTAR_OBSERVER {"kind":"LAW","call_id":17,"pair":0,"slot":4,"node":17,"activity":1,"ndof":3,"normal":[7.2426709089877482e-08,1.5397177074202342e-08,-0.99999999999999734],"tangents":[0.99999999999999745,-1.115166864758587e-15,7.2426709089877482e-08,-0,1,1.5397177074202381e-08],"ln":231.76955218647294,"lt":[278.30228676383763,-32.473481974113277],"lt_start":[-0.7366862448814866,-0.097019965710666123],"q":0.023176955218670345,"ut":[2.7903897300871847,-0.32376462008398477],"gn":0.023176955218647294,"gt":[2.7903897300871909,-0.32376462008402612],"b":69.53093480895852,"constant_n":10000000000,"constant_t":100,"mu":0.29999999999999999,"normal_mode":1,"tangent_mode":1,"normal_inverse_stiffness":0.0001,"tangent_inverse_stiffness":0.01,"p0":0,"beta":0,"iwan":1,"rn":-6.9153016639234011e-05,"rt":[-6.2172489379008766e-15,4.1355807667287081e-14]}
MORTAR_OBSERVER {"kind":"LAW","call_id":17,"pair":0,"slot":5,"node":18,"activity":1,"ndof":3,"normal":[1.1965865623755442e-08,-4.3492139893534207e-08,-0.999999999999999],"tangents":[1,5.2042110165560376e-16,1.1965865623755432e-08,-9.8607613152626476e-32,0.99999999999999911,-4.3492139893534214e-08],"ln":1896.6191774066228,"lt":[716.8226297257836,28.092787428230181],"lt_start":[0.31679180614334473,-0.33171866761597019],"q":0.18966191774064453,"ut":[7.1650583791963776,0.28424506095847468],"gn":0.18966191774066229,"gt":[7.1650583791964024,0.28424506095846153],"b":568.9856999312816,"constant_n":10000000000,"constant_t":100,"mu":0.29999999999999999,"normal_mode":1,"tangent_mode":1,"normal_inverse_stiffness":0.0001,"tangent_inverse_stiffness":0.01,"p0":0,"beta":0,"iwan":1,"rn":5.3290705182007514e-05,"rt":[-2.4868995751603507e-14,1.3156142841808105e-14]}
MORTAR_OBSERVER {"kind":"LAW","call_id":17,"pair":0,"slot":6,"node":19,"activity":1,"ndof":3,"normal":[1.4467282659565779e-08,1.4467282659570933e-08,-0.99999999999999978],"tangents":[0.99999999999999989,-2.0930226755184727e-16,1.4467282659565778e-08,-0,0.99999999999999989,1.4467282659570934e-08],"ln":300.65870154876586,"lt":[969.09727271359748,57.448602453654573],"lt_start":[-0.33268303566508606,-0.3326830356581324],"q":0.030065870154863169,"ut":[9.6942995574926965,0.57781285489313727],"gn":0.030065870154876589,"gt":[9.6942995574926254,0.57781285489312706],"b":90.197570205167324,"constant_n":10000000000,"constant_t":100,"mu":0.29999999999999999,"normal_mode":1,"tangent_mode":1,"normal_inverse_stiffness":0.0001,"tangent_inverse_stiffness":0.01,"p0":0,"beta":0,"iwan":1,"rn":4.0259462437575166e-05,"rt":[7.1054273576010019e-14,1.021405182655144e-14]}
MORTAR_OBSERVER {"kind":"LAW","call_id":17,"pair":0,"slot":7,"node":23,"activity":1,"ndof":3,"normal":[-4.3492139893549387e-08,1.1965865623775503e-08,-0.999999999999999],"tangents":[0.99999999999999911,5.2042110165665827e-16,-4.3492139893549387e-08,-0,1,1.1965865623775516e-08],"ln":-388.68338807962203,"lt":[344.92824320804391,10.352416116533696],"lt_start":[-0.33171866759252555,0.3167918061180196],"q":-0.038868338807971338,"ut":[3.4525996187563788,0.10035624310412788],"gn":-0.038868338807962206,"gt":[3.4525996187563641,0.10035624310415678],"b":-116.60504381863974,"constant_n":10000000000,"constant_t":100,"mu":0.29999999999999999,"normal_mode":1,"tangent_mode":1,"normal_inverse_stiffness":0.0001,"tangent_inverse_stiffness":0.01,"p0":0,"beta":0,"iwan":1,"rn":-116.60501642388661,"rt":[1.4654943925052066e-14,-2.8893554215869699e-14]}
MORTAR_OBSERVER {"kind":"LAW","call_id":17,"pair":0,"slot":8,"node":24,"activity":1,"ndof":3,"normal":[1.5397177074192042e-08,7.2426709089892398e-08,-0.99999999999999734],"tangents":[0.99999999999999989,-1.1151668647580677e-15,1.5397177074192005e-08,-1.9721522630525295e-31,0.99999999999999745,7.2426709089892398e-08],"ln":-1919.3331640016859,"lt":[604.15188544730984,-12.288430455175549],"lt_start":[-0.09701996570709373,-0.73668624485527534],"q":-0.19193331640017777,"ut":[6.0424890541301703,-0.11551744210320145],"gn":-0.19193331640016859,"gt":[6.0424890541301695,-0.11551744210320272],"b":-575.79997676179232,"constant_n":10000000000,"constant_t":100,"mu":0.29999999999999999,"normal_mode":1,"tangent_mode":1,"normal_inverse_stiffness":0.0001,"tangent_inverse_stiffness":0.01,"p0":0,"beta":0,"iwan":1,"rn":-575.79994920050569,"rt":[8.8817841970012523e-16,1.27675647831893e-15]}
MORTAR_OBSERVER {"kind":"POST_RAW_AFTER_ACTIVE_LOOP","call_id":17,"pair":0,"slot":0,"node":1,"activity":0,"lambda_raw":[0,0,0],"gap":0.17342146543638187}
MORTAR_OBSERVER {"kind":"POST_RAW_AFTER_ACTIVE_LOOP","call_id":17,"pair":0,"slot":1,"node":2,"activity":2,"lambda_raw":[0.6244957545485279,0.021789088672012603,-2.0656865165898708],"gap":-0.13771256453344027}
MORTAR_OBSERVER {"kind":"POST_RAW_AFTER_ACTIVE_LOOP","call_id":17,"pair":0,"slot":2,"node":3,"activity":2,"lambda_raw":[0.54126912204580613,-0.0065372949321714979,-1.2804884619161108],"gap":-0.17073196772903118}
MORTAR_OBSERVER {"kind":"POST_RAW_AFTER_ACTIVE_LOOP","call_id":17,"pair":0,"slot":3,"node":4,"activity":0,"lambda_raw":[0,0,0],"gap":0.13512614829387165}
MORTAR_OBSERVER {"kind":"POST_RAW_AFTER_ACTIVE_LOOP","call_id":17,"pair":0,"slot":4,"node":17,"activity":2,"lambda_raw":[0.27830207402677642,-0.03247345162376903,-0.2317693413834101],"gap":-0.023176955218670345}
MORTAR_OBSERVER {"kind":"POST_RAW_AFTER_ACTIVE_LOOP","call_id":17,"pair":0,"slot":5,"node":18,"activity":2,"lambda_raw":[0.71682197778244627,0.028092678500739474,-1.8966173850468744],"gap":-0.18966191774064453}
MORTAR_OBSERVER {"kind":"POST_RAW_AFTER_ACTIVE_LOOP","call_id":17,"pair":0,"slot":6,"node":19,"activity":2,"lambda_raw":[0.48454821716365892,0.028724278422763337,-0.15032921262092486],"gap":-0.030065870154863169}
MORTAR_OBSERVER {"kind":"POST_RAW_AFTER_ACTIVE_LOOP","call_id":17,"pair":0,"slot":7,"node":23,"activity":0,"lambda_raw":[0,0,0],"gap":0.038868338807971338}
MORTAR_OBSERVER {"kind":"POST_RAW_AFTER_ACTIVE_LOOP","call_id":17,"pair":0,"slot":8,"node":24,"activity":0,"lambda_raw":[0,0,0],"gap":0.19193331640017777}
MORTAR_OBSERVER {"kind":"SUMMARY_PRE_OVERRIDE","call_id":17,"ndiverg":14,"flag":1,"keepset":0,"max_n":575.79994920050569,"max_t":[8.2600593032111647e-14,4.1355807667287081e-14],"lm_t_av":[3102.245966924469,141.25732594465012],"nstick":0,"nslip":5,"ninactive":4,"nnogap":0,"nolm":0}
MORTAR_OBSERVER {"kind":"SUMMARY_POST_OVERRIDE","call_id":17,"flag":1}
MORTAR_OBSERVER {"kind":"RETURN","call_id":17}
 Using up to 2 cpu(s) for the stress calculation.

 average force= 477.522135
 time avg. forc= 477.522135
 largest residual force= 3187.636929 in node 24 and dof 3
 largest increment of disp= 7.862330e-02
 largest correction to disp= 7.862330e-02 in node 27 and dof 1

MORTAR_OBSERVER {"kind":"PRE_CHECK","call_id":17,"step":2,"inc":1,"cutback":0,"iteration":1,"time":0.125,"dtime":0.125,"ttime":1,"tper":1,"theta":0,"dtheta":0.125,"icntrl":0,"nmethod":1,"iexpl":0,"ithermal":0,"uncoupled":0,"mortar":2,"iflagdualquad":2}
 no convergence

MORTAR_OBSERVER {"kind":"POST_CHECK","call_id":17,"step":2,"inc":1,"cutback":0,"iteration":2,"time":0.125,"dtime":0.125,"ttime":1,"tper":1,"theta":0,"dtheta":0.125,"icntrl":0,"nmethod":1,"iexpl":0,"ithermal":0,"uncoupled":0,"mortar":2,"iflagdualquad":2}
 iteration 2

 Determining the structure of the matrix:

 Using up to 2 cpu(s) for setting up the structure of the matrix.
 number of equations
 75
 number of nonzero lower triangular matrix elements
 1143

 Using up to 2 cpu(s) for the stress calculation.

 Using up to 2 cpu(s) for the symmetric stiffness/mass contributions.

 Using up to 2 cpu(s) for the stress calculation.

 Using up to 2 cpu(s) for the symmetric stiffness/mass contributions.

 Factoring the system of equations using the unsymmetric spooles solver
 Using 1 cpu for spooles.

MORTAR_OBSERVER {"kind":"BEGIN","call_id":18,"step":2,"inc":1,"cutback":0,"iteration":2,"time":0.125,"dtime":0.125,"ttime":1,"tper":1,"theta":0,"dtheta":0.125,"icntrl":0,"nmethod":1,"iexpl":0,"ithermal":0,"uncoupled":0,"mortar":2,"iflagdualquad":2}
MORTAR_OBSERVER {"kind":"INVENTORY","call_id":18,"pair_count":1,"slave_count":9}
MORTAR_OBSERVER {"kind":"PAIR","call_id":18,"pair":0,"start":0,"end":9}
MORTAR_OBSERVER {"kind":"PRE_RAW","call_id":18,"pair":0,"slot":0,"node":1,"activity":0,"lambda_raw":[2.3021567268262727e-15,2.7218207134873123e-15,0],"lambda_start":[0.00050770041307053907,0.00050770041306182371,-0.013186534862260218],"ddtil_count":1}
MORTAR_OBSERVER {"kind":"DDTIL","call_id":18,"pair":0,"column_slot":0,"source_slot":0,"destination_slot":0,"entry":0,"value":1333.3343393676209}
MORTAR_OBSERVER {"kind":"PRE_RAW","call_id":18,"pair":0,"slot":1,"node":2,"activity":2,"lambda_raw":[0.034192693678378988,-0.1423143383488559,-0.097364815511876132],"lambda_start":[-6.5464962046610109e-05,0.00026087484315341598,-0.012777605225325181],"ddtil_count":1}
MORTAR_OBSERVER {"kind":"DDTIL","call_id":18,"pair":0,"column_slot":1,"source_slot":1,"destination_slot":1,"entry":1,"value":666.66728295766052}
MORTAR_OBSERVER {"kind":"PRE_RAW","call_id":18,"pair":0,"slot":2,"node":3,"activity":2,"lambda_raw":[0.018703416347048533,0.082928285357317319,-0.059001846990673741],"lambda_start":[0.00010156884359217413,0.00010156884360142738,-0.012568975157651359],"ddtil_count":1}
MORTAR_OBSERVER {"kind":"DDTIL","call_id":18,"pair":0,"column_slot":2,"source_slot":2,"destination_slot":2,"entry":2,"value":1333.3347080434842}
MORTAR_OBSERVER {"kind":"PRE_RAW","call_id":18,"pair":0,"slot":3,"node":4,"activity":0,"lambda_raw":[8.5265049469088934e-15,-2.1023163759722242e-15,-1.364240791505423e-15],"lambda_start":[0.00026087484312670427,-6.5464962048225706e-05,-0.012777605225320413],"ddtil_count":1}
MORTAR_OBSERVER {"kind":"DDTIL","call_id":18,"pair":0,"column_slot":3,"source_slot":3,"destination_slot":3,"entry":3,"value":666.66728295766029}
MORTAR_OBSERVER {"kind":"PRE_RAW","call_id":18,"pair":0,"slot":4,"node":17,"activity":2,"lambda_raw":[0.031569034100505836,0.29360058762767027,0.0089046503719451067],"lambda_start":[-0.00073668481887303799,-9.7019711702975403e-05,-0.011300300351502958],"ddtil_count":1}
MORTAR_OBSERVER {"kind":"DDTIL","call_id":18,"pair":0,"column_slot":4,"source_slot":4,"destination_slot":4,"entry":4,"value":1000.0008247274735}
MORTAR_OBSERVER {"kind":"PRE_RAW","call_id":18,"pair":0,"slot":5,"node":18,"activity":2,"lambda_raw":[0.017048060546621561,-0.17720538462813221,-0.033651677177809917],"lambda_start":[0.00031679164735302451,-0.00033171886194272466,-0.011646333315327854],"ddtil_count":1}
MORTAR_OBSERVER {"kind":"DDTIL","call_id":18,"pair":0,"column_slot":5,"source_slot":5,"destination_slot":5,"entry":5,"value":1000.0009411514271}
MORTAR_OBSERVER {"kind":"PRE_RAW","call_id":18,"pair":0,"slot":6,"node":19,"activity":2,"lambda_raw":[-0.0036893616815767321,-0.06026073214901962,0.02416307827633022],"lambda_start":[-0.00016634120876597442,-0.00016634120876249758,-0.011364569524827929],"ddtil_count":1}
MORTAR_OBSERVER {"kind":"DDTIL","call_id":18,"pair":0,"column_slot":6,"source_slot":6,"destination_slot":6,"entry":6,"value":2000.0017392200903}
MORTAR_OBSERVER {"kind":"PRE_RAW","call_id":18,"pair":0,"slot":7,"node":23,"activity":0,"lambda_raw":[-1.7053009608778063e-15,4.2223962333401515e-15,7.3896374971371606e-16],"lambda_start":[-0.00033171886191928003,0.00031679164732769906,-0.011646333315327273],"ddtil_count":1}
MORTAR_OBSERVER {"kind":"DDTIL","call_id":18,"pair":0,"column_slot":7,"source_slot":7,"destination_slot":7,"entry":7,"value":1000.0009411514277}
MORTAR_OBSERVER {"kind":"PRE_RAW","call_id":18,"pair":0,"slot":8,"node":24,"activity":0,"lambda_raw":[-8.412819053116587e-15,-2.7515744749319243e-15,4.0927227825972585e-15],"lambda_start":[-9.7019711699403892e-05,-0.00073668481884682697,-0.011300300351506478],"ddtil_count":1}
MORTAR_OBSERVER {"kind":"DDTIL","call_id":18,"pair":0,"column_slot":8,"source_slot":8,"destination_slot":8,"entry":8,"value":1000.0008247274731}
MORTAR_OBSERVER {"kind":"LAW","call_id":18,"pair":0,"slot":0,"node":1,"activity":0,"ndof":3,"normal":[7.4142375520434235e-08,7.4142375520434791e-08,-0.99999999999999456],"tangents":[0.99999999999999722,-5.4970918478131419e-15,7.414237552043405e-08,-1.5777218104420236e-30,0.99999999999999734,7.414237552043499e-08],"ln":4.9665320405189324e-19,"lt":[3.0695446184836045e-12,3.6290970228947024e-12],"lt_start":[0.67693309128239354,0.67693309127077694],"q":-1.3397492488030007,"ut":[164.22668548226946,-2.586506054187883],"gn":4.9665320405189325e-23,"gt":[-0.0067693309127932399,-0.0067693309126714788],"b":-4019247746.4090018,"constant_n":10000000000,"constant_t":100,"mu":0.29999999999999999,"normal_mode":1,"tangent_mode":1,"normal_inverse_stiffness":0.0001,"tangent_inverse_stiffness":0.01,"p0":0,"beta":0,"iwan":1,"rn":1.4899596121556798e-19,"rt":[3.0695446184836045e-12,3.6290970228947024e-12]}
MORTAR_OBSERVER {"kind":"LAW","call_id":18,"pair":0,"slot":1,"node":2,"activity":2,"ndof":3,"normal":[6.8390467289122116e-08,-4.1027436962417973e-08,-0.99999999999999689],"tangents":[0.99999999999999767,2.8058855855347727e-15,6.8390467289122063e-08,-0,0.99999999999999922,-4.1027436962418072e-08],"ln":64.909942464479073,"lt":[22.795145752347253,-94.876310609860525],"lt_start":[-0.043643930954672693,0.17391707236567855],"q":0.0064909942464725368,"ut":[82.035755728769786,1.8958441174455443],"gn":0.006490994246447908,"gt":[0.22838789683301927,-0.95050227682226207],"b":19.473056625553372,"constant_n":10000000000,"constant_t":100,"mu":0.29999999999999999,"normal_mode":1,"tangent_mode":1,"normal_inverse_stiffness":0.0001,"tangent_inverse_stiffness":0.01,"p0":0,"beta":0,"iwan":1,"rn":-7.3886209651874424e-05,"rt":[3.327296633560394,-95.326627198671019]}
MORTAR_OBSERVER {"kind":"LAW","call_id":18,"pair":0,"slot":2,"node":3,"activity":2,"ndof":3,"normal":[-4.5207793914620201e-08,-4.5207793914609362e-08,-0.999999999999998],"tangents":[0.999999999999999,-2.0437446306262833e-15,-4.5207793914620155e-08,-0,0.999999999999999,-4.5207793914609408e-08],"ln":78.669204305269787,"lt":[24.937917730968888,110.57116470190677],"lt_start":[0.13542602203891804,0.13542602205125598],"q":0.0078669204305020779,"ut":[161.08249062177401,-0.38453741275386227],"gn":0.0078669204305269799,"gt":[0.24802491708929972,1.104357386798555],"b":23.600686585714445,"constant_n":10000000000,"constant_t":100,"mu":0.29999999999999999,"normal_mode":1,"tangent_mode":1,"normal_inverse_stiffness":0.0001,"tangent_inverse_stiffness":0.01,"p0":0,"beta":0,"iwan":1,"rn":7.4705866488500305e-05,"rt":[1.3372979183694369,110.62730540247273]}
MORTAR_OBSERVER {"kind":"LAW","call_id":18,"pair":0,"slot":3,"node":4,"activity":0,"ndof":3,"normal":[-4.1027436962437514e-08,6.8390467289151391e-08,-0.99999999999999689],"tangents":[0.99999999999999922,2.8058855855373057e-15,-4.1027436962437428e-08,7.8886090522101181e-31,0.99999999999999778,6.8390467289151457e-08],"ln":9.0949437270659217e-13,"lt":[5.6843419233950296e-12,-1.4015456084875624e-12],"lt_start":[0.17391707234787057,-0.043643930955750233],"q":-0.57188323688165066,"ut":[80.666495285318291,-0.45311390283290048],"gn":9.0949437270659221e-17,"gt":[-0.0017391707234218623,0.00043643930954348687],"b":-1715649710.6449521,"constant_n":10000000000,"constant_t":100,"mu":0.29999999999999999,"normal_mode":1,"tangent_mode":1,"normal_inverse_stiffness":0.0001,"tangent_inverse_stiffness":0.01,"p0":0,"beta":0,"iwan":1,"rn":2.7284831181197766e-13,"rt":[5.6843419233950296e-12,-1.4015456084875624e-12]}
MORTAR_OBSERVER {"kind":"LAW","call_id":18,"pair":0,"slot":4,"node":17,"activity":2,"ndof":3,"normal":[7.2426709089877482e-08,1.5397177074202342e-08,-0.99999999999999734],"tangents":[0.99999999999999745,-1.115166864758587e-15,7.2426709089877482e-08,-0,1,1.5397177074202381e-08],"ln":-8.9046509087877865,"lt":[31.569060781290215,293.60082990524774],"lt_start":[-0.7366862448814866,-0.097019965710666123],"q":-0.00089046509086873615,"ut":[122.43492357665704,-2.3046508837690776],"gn":-0.00089046509087877868,"gt":[0.32305747026171699,2.9369784987095842],"b":-2.6713651450432074,"constant_n":10000000000,"constant_t":100,"mu":0.29999999999999999,"normal_mode":1,"tangent_mode":1,"normal_inverse_stiffness":0.0001,"tangent_inverse_stiffness":0.01,"p0":0,"beta":0,"iwan":1,"rn":-2.6713952726363357,"rt":[34.239952333347581,293.55053025017628]}
MORTAR_OBSERVER {"kind":"LAW","call_id":18,"pair":0,"slot":5,"node":18,"activity":2,"ndof":3,"normal":[1.1965865623755442e-08,-4.3492139893534207e-08,-0.999999999999999],"tangents":[1,5.2042110165560376e-16,1.1965865623755432e-08,-9.8607613152626476e-32,0.99999999999999911,-4.3492139893534214e-08],"ln":33.651716760177507,"lt":[17.048076188756156,-177.20554994164786],"lt_start":[0.31679180614334473,-0.33171866761597019],"q":0.0033651716760365047,"ut":[121.68879759323075,2.5298936732991972],"gn":0.003365171676017751,"gt":[0.1673128438261281,-1.7687383127403189],"b":10.095571289038705,"constant_n":10000000000,"constant_t":100,"mu":0.29999999999999999,"normal_mode":1,"tangent_mode":1,"normal_inverse_stiffness":0.0001,"tangent_inverse_stiffness":0.01,"p0":0,"beta":0,"iwan":1,"rn":-5.6260985454414936e-05,"rt":[6.9546801118375896,-177.41510968613034]}
MORTAR_OBSERVER {"kind":"LAW","call_id":18,"pair":0,"slot":6,"node":19,"activity":2,"ndof":3,"normal":[1.4467282659565779e-08,1.4467282659570933e-08,-0.99999999999999978],"tangents":[0.99999999999999989,-2.0930226755184727e-16,1.4467282659565778e-08,-0,0.99999999999999989,1.4467282659570934e-08],"ln":-48.326200427941387,"lt":[-7.3787290806166208,-120.52156840556647],"lt_start":[-0.33268303566508606,-0.3326830356581324],"q":-0.0048326200427826795,"ut":[242.92364937361205,1.4790872284458285],"gn":-0.004832620042794139,"gt":[-0.070460460449515344,-1.2018888536990833],"b":-14.497825749632568,"constant_n":10000000000,"constant_t":100,"mu":0.29999999999999999,"normal_mode":1,"tangent_mode":1,"normal_inverse_stiffness":0.0001,"tangent_inverse_stiffness":0.01,"p0":0,"beta":0,"iwan":1,"rn":-14.497860128382415,"rt":[7.1188291437129898,-120.43349457924982]}
MORTAR_OBSERVER {"kind":"LAW","call_id":18,"pair":0,"slot":7,"node":23,"activity":0,"ndof":3,"normal":[-4.3492139893549387e-08,1.1965865623775503e-08,-0.999999999999999],"tangents":[0.99999999999999911,5.2042110165665827e-16,-4.3492139893549387e-08,-0,1,1.1965865623775516e-08],"ln":-7.3896432049857215e-13,"lt":[-1.7053025979633817e-12,4.2224002160967437e-12],"lt_start":[-0.33171866759252555,0.3167918061180196],"q":-0.10765694271363829,"ut":[121.08309688766809,0.40530748672617212],"gn":-7.3896432049857224e-17,"gt":[0.0033171866759082024,-0.0031679180611379719],"b":-322970828.14091468,"constant_n":10000000000,"constant_t":100,"mu":0.29999999999999999,"normal_mode":1,"tangent_mode":1,"normal_inverse_stiffness":0.0001,"tangent_inverse_stiffness":0.01,"p0":0,"beta":0,"iwan":1,"rn":-2.2168929614957163e-13,"rt":[-1.7053025979633817e-12,4.2224002160967437e-12]}
MORTAR_OBSERVER {"kind":"LAW","call_id":18,"pair":0,"slot":8,"node":24,"activity":0,"ndof":3,"normal":[1.5397177074192042e-08,7.2426709089892398e-08,-0.99999999999999734],"tangents":[0.99999999999999989,-1.1151668647580677e-15,1.5397177074192005e-08,-1.9721522630525295e-31,0.99999999999999745,7.2426709089892398e-08],"ln":-4.0927264867995853e-12,"lt":[-8.4128259283831512e-12,-2.7515764478082943e-12],"lt_start":[-0.09701996570709373,-0.73668624485527534],"q":-1.0033040891342098,"ut":[121.76396644988465,-1.1500318721040603],"gn":-4.0927264867995853e-16,"gt":[0.00097019965698680907,0.0073668624485252378],"b":-3009912267.4026275,"constant_n":10000000000,"constant_t":100,"mu":0.29999999999999999,"normal_mode":1,"tangent_mode":1,"normal_inverse_stiffness":0.0001,"tangent_inverse_stiffness":0.01,"p0":0,"beta":0,"iwan":1,"rn":-1.2278179460398756e-12,"rt":[-8.4128259283831512e-12,-2.7515764478082943e-12]}
MORTAR_OBSERVER {"kind":"POST_RAW_AFTER_ACTIVE_LOOP","call_id":18,"pair":0,"slot":0,"node":1,"activity":0,"lambda_raw":[0,0,0],"gap":1.3397492488030007}
MORTAR_OBSERVER {"kind":"POST_RAW_AFTER_ACTIVE_LOOP","call_id":18,"pair":0,"slot":1,"node":2,"activity":2,"lambda_raw":[0.034192693678378988,-0.1423143383488559,-0.097364815511876132],"gap":-0.0064909942464725368}
MORTAR_OBSERVER {"kind":"POST_RAW_AFTER_ACTIVE_LOOP","call_id":18,"pair":0,"slot":2,"node":3,"activity":2,"lambda_raw":[0.018703416347048533,0.082928285357317319,-0.059001846990673741],"gap":-0.0078669204305020779}
MORTAR_OBSERVER {"kind":"POST_RAW_AFTER_ACTIVE_LOOP","call_id":18,"pair":0,"slot":3,"node":4,"activity":0,"lambda_raw":[0,0,0],"gap":0.57188323688165066}
MORTAR_OBSERVER {"kind":"POST_RAW_AFTER_ACTIVE_LOOP","call_id":18,"pair":0,"slot":4,"node":17,"activity":0,"lambda_raw":[0,0,0],"gap":0.00089046509086873615}
MORTAR_OBSERVER {"kind":"POST_RAW_AFTER_ACTIVE_LOOP","call_id":18,"pair":0,"slot":5,"node":18,"activity":2,"lambda_raw":[0.017048060546621561,-0.17720538462813221,-0.033651677177809917],"gap":-0.0033651716760365047}
MORTAR_OBSERVER {"kind":"POST_RAW_AFTER_ACTIVE_LOOP","call_id":18,"pair":0,"slot":6,"node":19,"activity":0,"lambda_raw":[0,0,0],"gap":0.0048326200427826795}
MORTAR_OBSERVER {"kind":"POST_RAW_AFTER_ACTIVE_LOOP","call_id":18,"pair":0,"slot":7,"node":23,"activity":0,"lambda_raw":[0,0,0],"gap":0.10765694271363829}
MORTAR_OBSERVER {"kind":"POST_RAW_AFTER_ACTIVE_LOOP","call_id":18,"pair":0,"slot":8,"node":24,"activity":0,"lambda_raw":[0,0,0],"gap":1.0033040891342098}
MORTAR_OBSERVER {"kind":"SUMMARY_PRE_OVERRIDE","call_id":18,"ndiverg":14,"flag":1,"keepset":0,"max_n":14.497860128382415,"max_t":[34.239952333347581,293.55053025017628],"lm_t_av":[64.7811396720723,382.65302525341514],"nstick":0,"nslip":3,"ninactive":6,"nnogap":0,"nolm":0}
MORTAR_OBSERVER {"kind":"SUMMARY_POST_OVERRIDE","call_id":18,"flag":1}
MORTAR_OBSERVER {"kind":"RETURN","call_id":18}
 Using up to 2 cpu(s) for the stress calculation.

 average force= 23.130253
 time avg. forc= 23.130253
 largest residual force= 492.180594 in node 17 and dof 2
 largest increment of disp= 8.626191e-02
 largest correction to disp= 8.626191e-02 in node 17 and dof 1

MORTAR_OBSERVER {"kind":"PRE_CHECK","call_id":18,"step":2,"inc":1,"cutback":0,"iteration":2,"time":0.125,"dtime":0.125,"ttime":1,"tper":1,"theta":0,"dtheta":0.125,"icntrl":0,"nmethod":1,"iexpl":0,"ithermal":0,"uncoupled":0,"mortar":2,"iflagdualquad":2}
 no convergence

MORTAR_OBSERVER {"kind":"POST_CHECK","call_id":18,"step":2,"inc":1,"cutback":0,"iteration":3,"time":0.125,"dtime":0.125,"ttime":1,"tper":1,"theta":0,"dtheta":0.125,"icntrl":0,"nmethod":1,"iexpl":0,"ithermal":0,"uncoupled":0,"mortar":2,"iflagdualquad":2}
 iteration 3

 Determining the structure of the matrix:

 Using up to 2 cpu(s) for setting up the structure of the matrix.
 number of equations
 75
 number of nonzero lower triangular matrix elements
 1143

 Using up to 2 cpu(s) for the stress calculation.

 Using up to 2 cpu(s) for the symmetric stiffness/mass contributions.

 Using up to 2 cpu(s) for the stress calculation.

 Using up to 2 cpu(s) for the symmetric stiffness/mass contributions.

 Factoring the system of equations using the unsymmetric spooles solver
 Using 1 cpu for spooles.

MORTAR_OBSERVER {"kind":"BEGIN","call_id":19,"step":2,"inc":1,"cutback":0,"iteration":3,"time":0.125,"dtime":0.125,"ttime":1,"tper":1,"theta":0,"dtheta":0.125,"icntrl":0,"nmethod":1,"iexpl":0,"ithermal":0,"uncoupled":0,"mortar":2,"iflagdualquad":2}
MORTAR_OBSERVER {"kind":"INVENTORY","call_id":19,"pair_count":1,"slave_count":9}
MORTAR_OBSERVER {"kind":"PAIR","call_id":19,"pair":0,"start":0,"end":9}
MORTAR_OBSERVER {"kind":"PRE_RAW","call_id":19,"pair":0,"slot":0,"node":1,"activity":0,"lambda_raw":[3.1341572337145872e-15,7.5306370939730946e-16,7.5193128276663678e-15],"lambda_start":[0.00050770041307053907,0.00050770041306182371,-0.013186534862260218],"ddtil_count":1}
MORTAR_OBSERVER {"kind":"DDTIL","call_id":19,"pair":0,"column_slot":0,"source_slot":0,"destination_slot":0,"entry":0,"value":1333.3343393676209}
MORTAR_OBSERVER {"kind":"PRE_RAW","call_id":19,"pair":0,"slot":1,"node":2,"activity":2,"lambda_raw":[0.026983527497519821,0.015181351938036708,-0.048895312675097308],"lambda_start":[-6.5464962046610109e-05,0.00026087484315341598,-0.012777605225325181],"ddtil_count":1}
MORTAR_OBSERVER {"kind":"DDTIL","call_id":19,"pair":0,"column_slot":1,"source_slot":1,"destination_slot":1,"entry":1,"value":666.66728295766052}
MORTAR_OBSERVER {"kind":"PRE_RAW","call_id":19,"pair":0,"slot":2,"node":3,"activity":2,"lambda_raw":[0.016539825919308842,-0.0099476592496339448,-0.028497132498356489],"lambda_start":[0.00010156884359217413,0.00010156884360142738,-0.012568975157651359],"ddtil_count":1}
MORTAR_OBSERVER {"kind":"DDTIL","call_id":19,"pair":0,"column_slot":2,"source_slot":2,"destination_slot":2,"entry":2,"value":1333.3347080434842}
MORTAR_OBSERVER {"kind":"PRE_RAW","call_id":19,"pair":0,"slot":3,"node":4,"activity":0,"lambda_raw":[-1.9600969379905798e-15,4.4788792695468231e-15,-3.1458140321700978e-15],"lambda_start":[0.00026087484312670427,-6.5464962048225706e-05,-0.012777605225320413],"ddtil_count":1}
MORTAR_OBSERVER {"kind":"DDTIL","call_id":19,"pair":0,"column_slot":3,"source_slot":3,"destination_slot":3,"entry":3,"value":666.66728295766029}
MORTAR_OBSERVER {"kind":"PRE_RAW","call_id":19,"pair":0,"slot":4,"node":17,"activity":0,"lambda_raw":[-7.2404245060184109e-15,-3.5811324347726e-15,-1.271870448064078e-15],"lambda_start":[-0.00073668481887303799,-9.7019711702975403e-05,-0.011300300351502958],"ddtil_count":1}
MORTAR_OBSERVER {"kind":"DDTIL","call_id":19,"pair":0,"column_slot":4,"source_slot":4,"destination_slot":4,"entry":4,"value":1000.0008247274735}
MORTAR_OBSERVER {"kind":"PRE_RAW","call_id":19,"pair":0,"slot":5,"node":18,"activity":2,"lambda_raw":[0.020009263891086114,0.005794658726282347,-0.049406832410407761],"lambda_start":[0.00031679164735302451,-0.00033171886194272466,-0.011646333315327854],"ddtil_count":1}
MORTAR_OBSERVER {"kind":"DDTIL","call_id":19,"pair":0,"column_slot":5,"source_slot":5,"destination_slot":5,"entry":5,"value":1000.0009411514271}
MORTAR_OBSERVER {"kind":"PRE_RAW","call_id":19,"pair":0,"slot":6,"node":19,"activity":0,"lambda_raw":[-2.3048209948263353e-16,-2.2666293559910626e-15,3.9079816482604526e-15],"lambda_start":[-0.00016634120876597442,-0.00016634120876249758,-0.011364569524827929],"ddtil_count":1}
MORTAR_OBSERVER {"kind":"DDTIL","call_id":19,"pair":0,"column_slot":6,"source_slot":6,"destination_slot":6,"entry":6,"value":2000.0017392200903}
MORTAR_OBSERVER {"kind":"PRE_RAW","call_id":19,"pair":0,"slot":7,"node":23,"activity":0,"lambda_raw":[-6.9483242601912442e-16,1.5256670445561728e-15,-5.229589613358606e-15],"lambda_start":[-0.00033171886191928003,0.00031679164732769906,-0.011646333315327273],"ddtil_count":1}
MORTAR_OBSERVER {"kind":"DDTIL","call_id":19,"pair":0,"column_slot":7,"source_slot":7,"destination_slot":7,"entry":7,"value":1000.0009411514277}
MORTAR_OBSERVER {"kind":"PRE_RAW","call_id":19,"pair":0,"slot":8,"node":24,"activity":0,"lambda_raw":[5.3552673649457836e-15,-2.9720368302255036e-15,1.9051411390345311e-15],"lambda_start":[-9.7019711699403892e-05,-0.00073668481884682697,-0.011300300351506478],"ddtil_count":1}
MORTAR_OBSERVER {"kind":"DDTIL","call_id":19,"pair":0,"column_slot":8,"source_slot":8,"destination_slot":8,"entry":8,"value":1000.0008247274731}
MORTAR_OBSERVER {"kind":"LAW","call_id":19,"pair":0,"slot":0,"node":1,"activity":0,"ndof":3,"normal":[7.4142375520434235e-08,7.4142375520434791e-08,-0.99999999999999456],"tangents":[0.99999999999999722,-5.4970918478131419e-15,7.414237552043405e-08,-1.5777218104420236e-30,0.99999999999999734,7.414237552043499e-08],"ln":-1.0025757617297608e-11,"lt":[4.1788802080225866e-12,1.0040864468045037e-12],"lt_start":[0.67693309128239354,0.67693309127077694],"q":89.749232675895456,"ut":[254.62506181645486,-0.12517026860871663],"gn":-1.0025757617297609e-15,"gt":[-0.0067693309127821464,-0.0067693309126977286],"b":269247698027.68637,"constant_n":10000000000,"constant_t":100,"mu":0.29999999999999999,"normal_mode":1,"tangent_mode":1,"normal_inverse_stiffness":0.0001,"tangent_inverse_stiffness":0.01,"p0":0,"beta":0,"iwan":1,"rn":-269247698027.68637,"rt":[4.1788802080225866e-12,1.0040864468045037e-12]}
MORTAR_OBSERVER {"kind":"LAW","call_id":19,"pair":0,"slot":1,"node":2,"activity":2,"ndof":3,"normal":[6.8390467289122116e-08,-4.1027436962417973e-08,-0.99999999999999689],"tangents":[0.99999999999999767,2.8058855855347727e-15,6.8390467289122063e-08,-0,0.99999999999999922,-4.1027436962418072e-08],"ln":32.596906065515768,"lt":[17.989032732067262,10.120911985522415],"lt_start":[-0.043643930954672693,0.17391707236567855],"q":0.003259690606538951,"ut":[127.17293935927529,-0.23722922824369022],"gn":0.0032596906065515767,"gt":[0.18032676663021935,0.09946994913156737],"b":9.7790339424013126,"constant_n":10000000000,"constant_t":100,"mu":0.29999999999999999,"normal_mode":1,"tangent_mode":1,"normal_inverse_stiffness":0.0001,"tangent_inverse_stiffness":0.01,"p0":0,"beta":0,"iwan":1,"rn":3.7877253417306633e-05,"rt":[8.2100155554379111,10.139020155642045]}
MORTAR_OBSERVER {"kind":"LAW","call_id":19,"pair":0,"slot":2,"node":3,"activity":2,"ndof":3,"normal":[-4.5207793914620201e-08,-4.5207793914609362e-08,-0.999999999999998],"tangents":[0.999999999999999,-2.0437446306262833e-15,-4.5207793914620155e-08,-0,0.999999999999999,-4.5207793914609408e-08],"ln":37.996215442415725,"lt":[22.053125680936809,-13.263557623601633],"lt_start":[0.13542602203891804,0.13542602205125598],"q":0.0037996215442513389,"ut":[254.31395982418775,0.21675364322250279],"gn":0.0037996215442415728,"gt":[0.21917699658897893,-0.1339898364565289],"b":11.398893930903183,"constant_n":10000000000,"constant_t":100,"mu":0.29999999999999999,"normal_mode":1,"tangent_mode":1,"normal_inverse_stiffness":0.0001,"tangent_inverse_stiffness":0.01,"p0":0,"beta":0,"iwan":1,"rn":-2.9298178466419245e-05,"rt":[10.654235942120344,-13.273333629232525]}
MORTAR_OBSERVER {"kind":"LAW","call_id":19,"pair":0,"slot":3,"node":4,"activity":0,"ndof":3,"normal":[-4.1027436962437514e-08,6.8390467289151391e-08,-0.99999999999999689],"tangents":[0.99999999999999922,2.8058855855373057e-15,-4.1027436962437428e-08,7.8886090522101181e-31,0.99999999999999778,6.8390467289151457e-08],"ln":2.0972115513374192e-12,"lt":[-1.306732413940596e-12,2.9859221298949042e-12],"lt_start":[0.17391707234787057,-0.043643930955750233],"q":44.915612927288812,"ut":[127.30836047464054,-0.073008728884750865],"gn":2.0972115513374192e-16,"gt":[-0.0017391707234917732,0.00043643930958736161],"b":134746838781.86642,"constant_n":10000000000,"constant_t":100,"mu":0.29999999999999999,"normal_mode":1,"tangent_mode":1,"normal_inverse_stiffness":0.0001,"tangent_inverse_stiffness":0.01,"p0":0,"beta":0,"iwan":1,"rn":-134746838781.86642,"rt":[-1.306732413940596e-12,2.9859221298949042e-12]}
MORTAR_OBSERVER {"kind":"LAW","call_id":19,"pair":0,"slot":4,"node":17,"activity":0,"ndof":3,"normal":[7.2426709089877482e-08,1.5397177074202342e-08,-0.99999999999999734],"tangents":[0.99999999999999745,-1.115166864758587e-15,7.2426709089877482e-08,-0,1,1.5397177074202381e-08],"ln":1.2718709174706483e-12,"lt":[-7.2404305695128655e-12,-3.5811354078141361e-12],"lt_start":[-0.7366862448814866,-0.097019965710666123],"q":33.805842690486543,"ut":[190.84515682949328,-0.15308537900362137],"gn":1.2718709174706484e-16,"gt":[0.0073668624487424617,0.00097019965707084992],"b":101417528071.45963,"constant_n":10000000000,"constant_t":100,"mu":0.29999999999999999,"normal_mode":1,"tangent_mode":1,"normal_inverse_stiffness":0.0001,"tangent_inverse_stiffness":0.01,"p0":0,"beta":0,"iwan":1,"rn":-101417528071.45963,"rt":[-7.2404305695128655e-12,-3.5811354078141361e-12]}
MORTAR_OBSERVER {"kind":"LAW","call_id":19,"pair":0,"slot":5,"node":18,"activity":2,"ndof":3,"normal":[1.1965865623755442e-08,-4.3492139893534207e-08,-0.999999999999999],"tangents":[1,5.2042110165560376e-16,1.1965865623755432e-08,-9.8607613152626476e-32,0.99999999999999911,-4.3492139893534214e-08],"ln":49.406878897124585,"lt":[20.00928213163731,5.7946663287445608],"lt_start":[0.31679180614334473,-0.33171866761597019],"q":0.0049406878897093956,"ut":[190.88743950617618,-0.12651865922666081],"gn":0.0049406878897124591,"gt":[0.19692490325493964,0.061263849963605309],"b":14.822054478572397,"constant_n":10000000000,"constant_t":100,"mu":0.29999999999999999,"normal_mode":1,"tangent_mode":1,"normal_inverse_stiffness":0.0001,"tangent_inverse_stiffness":0.01,"p0":0,"beta":0,"iwan":1,"rn":9.1905649775014808e-06,"rt":[5.1872310815191955,5.8047476709440229]}
MORTAR_OBSERVER {"kind":"LAW","call_id":19,"pair":0,"slot":6,"node":19,"activity":0,"ndof":3,"normal":[1.4467282659565779e-08,1.4467282659570933e-08,-0.99999999999999978],"tangents":[0.99999999999999989,-2.0930226755184727e-16,1.4467282659565778e-08,-0,0.99999999999999989,1.4467282659570934e-08],"ln":-7.8159701656139957e-12,"lt":[-4.6096448674851525e-13,-4.5332625410735893e-12],"lt_start":[-0.33268303566508606,-0.3326830356581324],"q":67.86122973623992,"ut":[382.00611016983993,-0.36724987586533331],"gn":-7.8159701656139965e-16,"gt":[0.003326830356646251,0.0033268303565359915],"b":203583689208.71976,"constant_n":10000000000,"constant_t":100,"mu":0.29999999999999999,"normal_mode":1,"tangent_mode":1,"normal_inverse_stiffness":0.0001,"tangent_inverse_stiffness":0.01,"p0":0,"beta":0,"iwan":1,"rn":-203583689208.71976,"rt":[-4.6096448674851525e-13,-4.5332625410735893e-12]}
MORTAR_OBSERVER {"kind":"LAW","call_id":19,"pair":0,"slot":7,"node":23,"activity":0,"ndof":3,"normal":[-4.3492139893549387e-08,1.1965865623775503e-08,-0.999999999999999],"tangents":[0.99999999999999911,5.2042110165665827e-16,-4.3492139893549387e-08,-0,1,1.1965865623775516e-08],"ln":5.2295945836700536e-12,"lt":[-6.9483285251539567e-13,1.5256684178632644e-12],"lt_start":[-0.33171866759252555,0.3167918061180196],"q":33.826935074153099,"ut":[190.83370477085452,-0.073241312344837689],"gn":5.2295945836700539e-16,"gt":[0.0033171866759183072,-0.0031679180611649395],"b":101480805222.4593,"constant_n":10000000000,"constant_t":100,"mu":0.29999999999999999,"normal_mode":1,"tangent_mode":1,"normal_inverse_stiffness":0.0001,"tangent_inverse_stiffness":0.01,"p0":0,"beta":0,"iwan":1,"rn":-101480805222.4593,"rt":[-6.9483285251539567e-13,1.5256684178632644e-12]}
MORTAR_OBSERVER {"kind":"LAW","call_id":19,"pair":0,"slot":8,"node":24,"activity":0,"ndof":3,"normal":[1.5397177074192042e-08,7.2426709089892398e-08,-0.99999999999999734],"tangents":[0.99999999999999989,-1.1151668647580677e-15,1.5397177074192005e-08,-1.9721522630525295e-31,0.99999999999999745,7.2426709089892398e-08],"ln":-1.9051428430557199e-12,"lt":[5.3552718109157273e-12,-2.9720391433627038e-12],"lt_start":[-0.09701996570709373,-0.73668624485527534],"q":67.351423568406005,"ut":[191.05162372252835,-0.13227233576329783],"gn":-1.9051428430557201e-16,"gt":[0.00097019965712449006,0.007366862448523033],"b":202054270705.21802,"constant_n":10000000000,"constant_t":100,"mu":0.29999999999999999,"normal_mode":1,"tangent_mode":1,"normal_inverse_stiffness":0.0001,"tangent_inverse_stiffness":0.01,"p0":0,"beta":0,"iwan":1,"rn":-202054270705.21802,"rt":[5.3552718109157273e-12,-2.9720391433627038e-12]}
MORTAR_OBSERVER {"kind":"POST_RAW_AFTER_ACTIVE_LOOP","call_id":19,"pair":0,"slot":0,"node":1,"activity":1,"lambda_raw":[3.1341572337145872e-15,7.5306370939730946e-16,7.5193128276663678e-15],"gap":-89.749232675895456}
MORTAR_OBSERVER {"kind":"POST_RAW_AFTER_ACTIVE_LOOP","call_id":19,"pair":0,"slot":1,"node":2,"activity":2,"lambda_raw":[0.026983527497519821,0.015181351938036708,-0.048895312675097308],"gap":-0.003259690606538951}
MORTAR_OBSERVER {"kind":"POST_RAW_AFTER_ACTIVE_LOOP","call_id":19,"pair":0,"slot":2,"node":3,"activity":2,"lambda_raw":[0.016539825919308842,-0.0099476592496339448,-0.028497132498356489],"gap":-0.0037996215442513389}
MORTAR_OBSERVER {"kind":"POST_RAW_AFTER_ACTIVE_LOOP","call_id":19,"pair":0,"slot":3,"node":4,"activity":1,"lambda_raw":[-1.9600969379905798e-15,4.4788792695468231e-15,-3.1458140321700978e-15],"gap":-44.915612927288812}
MORTAR_OBSERVER {"kind":"POST_RAW_AFTER_ACTIVE_LOOP","call_id":19,"pair":0,"slot":4,"node":17,"activity":1,"lambda_raw":[-7.2404245060184109e-15,-3.5811324347726e-15,-1.271870448064078e-15],"gap":-33.805842690486543}
MORTAR_OBSERVER {"kind":"POST_RAW_AFTER_ACTIVE_LOOP","call_id":19,"pair":0,"slot":5,"node":18,"activity":2,"lambda_raw":[0.020009263891086114,0.005794658726282347,-0.049406832410407761],"gap":-0.0049406878897093956}
MORTAR_OBSERVER {"kind":"POST_RAW_AFTER_ACTIVE_LOOP","call_id":19,"pair":0,"slot":6,"node":19,"activity":1,"lambda_raw":[-2.3048209948263353e-16,-2.2666293559910626e-15,3.9079816482604526e-15],"gap":-67.86122973623992}
MORTAR_OBSERVER {"kind":"POST_RAW_AFTER_ACTIVE_LOOP","call_id":19,"pair":0,"slot":7,"node":23,"activity":1,"lambda_raw":[-6.9483242601912442e-16,1.5256670445561728e-15,-5.229589613358606e-15],"gap":-33.826935074153099}
MORTAR_OBSERVER {"kind":"POST_RAW_AFTER_ACTIVE_LOOP","call_id":19,"pair":0,"slot":8,"node":24,"activity":1,"lambda_raw":[5.3552673649457836e-15,-2.9720368302255036e-15,1.9051411390345311e-15],"gap":-67.351423568406005}
MORTAR_OBSERVER {"kind":"SUMMARY_PRE_OVERRIDE","call_id":19,"ndiverg":14,"flag":1,"keepset":0,"max_n":269247698027.68637,"max_t":[10.654235942120344,13.273333629232525],"lm_t_av":[60.051440544660629,29.17913593788521],"nstick":6,"nslip":3,"ninactive":0,"nnogap":0,"nolm":0}
MORTAR_OBSERVER {"kind":"SUMMARY_POST_OVERRIDE","call_id":19,"flag":1}
MORTAR_OBSERVER {"kind":"RETURN","call_id":19}
 Using up to 2 cpu(s) for the stress calculation.

 average force= 7.301730
 time avg. forc= 7.301730
 largest residual force= 10.698886 in node 19 and dof 3
 largest increment of disp= 8.626191e-02
 largest correction to disp= 6.942323e-02 in node 4 and dof 1

MORTAR_OBSERVER {"kind":"PRE_CHECK","call_id":19,"step":2,"inc":1,"cutback":0,"iteration":3,"time":0.125,"dtime":0.125,"ttime":1,"tper":1,"theta":0,"dtheta":0.125,"icntrl":0,"nmethod":1,"iexpl":0,"ithermal":0,"uncoupled":0,"mortar":2,"iflagdualquad":2}
 no convergence

MORTAR_OBSERVER {"kind":"POST_CHECK","call_id":19,"step":2,"inc":1,"cutback":0,"iteration":4,"time":0.125,"dtime":0.125,"ttime":1,"tper":1,"theta":0,"dtheta":0.125,"icntrl":0,"nmethod":1,"iexpl":0,"ithermal":0,"uncoupled":0,"mortar":2,"iflagdualquad":2}
 iteration 4

 Determining the structure of the matrix:

 Using up to 2 cpu(s) for setting up the structure of the matrix.
 number of equations
 75
 number of nonzero lower triangular matrix elements
 1143

 Using up to 2 cpu(s) for the stress calculation.

 Using up to 2 cpu(s) for the symmetric stiffness/mass contributions.

 Using up to 2 cpu(s) for the stress calculation.

 Using up to 2 cpu(s) for the symmetric stiffness/mass contributions.

 Factoring the system of equations using the unsymmetric spooles solver
 Using 1 cpu for spooles.

MORTAR_OBSERVER {"kind":"BEGIN","call_id":20,"step":2,"inc":1,"cutback":0,"iteration":4,"time":0.125,"dtime":0.125,"ttime":1,"tper":1,"theta":0,"dtheta":0.125,"icntrl":0,"nmethod":1,"iexpl":0,"ithermal":0,"uncoupled":0,"mortar":2,"iflagdualquad":2}
MORTAR_OBSERVER {"kind":"INVENTORY","call_id":20,"pair_count":1,"slave_count":9}
MORTAR_OBSERVER {"kind":"PAIR","call_id":20,"pair":0,"start":0,"end":9}
MORTAR_OBSERVER {"kind":"PRE_RAW","call_id":20,"pair":0,"slot":0,"node":1,"activity":1,"lambda_raw":[-0.26765758620791441,-7.8327881874249214e-05,-0.70480951774730072],"lambda_start":[0.00050770041307053907,0.00050770041306182371,-0.013186534862260218],"ddtil_count":1}
MORTAR_OBSERVER {"kind":"DDTIL","call_id":20,"pair":0,"column_slot":0,"source_slot":0,"destination_slot":0,"entry":0,"value":1333.3343393676209}
MORTAR_OBSERVER {"kind":"PRE_RAW","call_id":20,"pair":0,"slot":1,"node":2,"activity":2,"lambda_raw":[-0.31493100978240257,0.00073715049101601051,1.0496580607811274],"lambda_start":[-6.5464962046610109e-05,0.00026087484315341598,-0.012777605225325181],"ddtil_count":1}
MORTAR_OBSERVER {"kind":"DDTIL","call_id":20,"pair":0,"column_slot":1,"source_slot":1,"destination_slot":1,"entry":1,"value":666.66728295766052}
MORTAR_OBSERVER {"kind":"PRE_RAW","call_id":20,"pair":0,"slot":2,"node":3,"activity":2,"lambda_raw":[-0.19066401235900601,-0.00026964526467984537,0.63543219454936983],"lambda_start":[0.00010156884359217413,0.00010156884360142738,-0.012568975157651359],"ddtil_count":1}
MORTAR_OBSERVER {"kind":"DDTIL","call_id":20,"pair":0,"column_slot":2,"source_slot":2,"destination_slot":2,"entry":2,"value":1333.3347080434842}
MORTAR_OBSERVER {"kind":"PRE_RAW","call_id":20,"pair":0,"slot":3,"node":4,"activity":1,"lambda_raw":[-0.27364933759954235,-0.0033547448763962227,-1.0967406850518331],"lambda_start":[0.00026087484312670427,-6.5464962048225706e-05,-0.012777605225320413],"ddtil_count":1}
MORTAR_OBSERVER {"kind":"DDTIL","call_id":20,"pair":0,"column_slot":3,"source_slot":3,"destination_slot":3,"entry":3,"value":666.66728295766029}
MORTAR_OBSERVER {"kind":"PRE_RAW","call_id":20,"pair":0,"slot":4,"node":17,"activity":1,"lambda_raw":[-0.16161385367695255,0.0097744192848812396,0.12502663274343334],"lambda_start":[-0.00073668481887303799,-9.7019711702975403e-05,-0.011300300351502958],"ddtil_count":1}
MORTAR_OBSERVER {"kind":"DDTIL","call_id":20,"pair":0,"column_slot":4,"source_slot":4,"destination_slot":4,"entry":4,"value":1000.0008247274735}
MORTAR_OBSERVER {"kind":"PRE_RAW","call_id":20,"pair":0,"slot":5,"node":18,"activity":2,"lambda_raw":[-0.28241494247158361,0.00031398535821880957,0.94132968493924396],"lambda_start":[0.00031679164735302451,-0.00033171886194272466,-0.011646333315327854],"ddtil_count":1}
MORTAR_OBSERVER {"kind":"DDTIL","call_id":20,"pair":0,"column_slot":5,"source_slot":5,"destination_slot":5,"entry":5,"value":1000.0009411514271}
MORTAR_OBSERVER {"kind":"PRE_RAW","call_id":20,"pair":0,"slot":6,"node":19,"activity":1,"lambda_raw":[-0.27921784925520504,-0.021210416766017579,0.078268647437762684],"lambda_start":[-0.00016634120876597442,-0.00016634120876249758,-0.011364569524827929],"ddtil_count":1}
MORTAR_OBSERVER {"kind":"DDTIL","call_id":20,"pair":0,"column_slot":6,"source_slot":6,"destination_slot":6,"entry":6,"value":2000.0017392200903}
MORTAR_OBSERVER {"kind":"PRE_RAW","call_id":20,"pair":0,"slot":7,"node":23,"activity":1,"lambda_raw":[-0.24751248780088481,0.0069639672179594003,-0.18261236159583299],"lambda_start":[-0.00033171886191928003,0.00031679164732769906,-0.011646333315327273],"ddtil_count":1}
MORTAR_OBSERVER {"kind":"DDTIL","call_id":20,"pair":0,"column_slot":7,"source_slot":7,"destination_slot":7,"entry":7,"value":1000.0009411514277}
MORTAR_OBSERVER {"kind":"PRE_RAW","call_id":20,"pair":0,"slot":8,"node":24,"activity":1,"lambda_raw":[-0.34438981933114537,0.0033399845181071451,-1.0363899712085594],"lambda_start":[-9.7019711699403892e-05,-0.00073668481884682697,-0.011300300351506478],"ddtil_count":1}
MORTAR_OBSERVER {"kind":"DDTIL","call_id":20,"pair":0,"column_slot":8,"source_slot":8,"destination_slot":8,"entry":8,"value":1000.0008247274731}
MORTAR_OBSERVER {"kind":"LAW","call_id":20,"pair":0,"slot":0,"node":1,"activity":1,"ndof":3,"normal":[7.4142375520434235e-08,7.4142375520434791e-08,-0.99999999999999456],"tangents":[0.99999999999999722,-5.4970918478131419e-15,7.414237552043405e-08,-1.5777218104420236e-30,0.99999999999999734,7.414237552043499e-08],"ln":939.74670625814804,"lt":[-356.87712055831582,-0.1045069296880187],"lt_start":[0.67693309128239354,0.67693309127077694],"q":0.093974670625840417,"ut":[251.05629034425169,-0.12621533778159638],"gn":0.093974670625814813,"gt":[-3.5755405364959825,-0.0078144002095879555],"b":281.92408869099995,"constant_n":10000000000,"constant_t":100,"mu":0.29999999999999999,"normal_mode":1,"tangent_mode":1,"normal_inverse_stiffness":0.0001,"tangent_inverse_stiffness":0.01,"p0":0,"beta":0,"iwan":1,"rn":-7.6813555551780155e-05,"rt":[254.63183088074769,-0.11840093757200842]}
MORTAR_OBSERVER {"kind":"LAW","call_id":20,"pair":0,"slot":1,"node":2,"activity":2,"ndof":3,"normal":[6.8390467289122116e-08,-4.1027436962417973e-08,-0.99999999999999689],"tangents":[0.99999999999999767,2.8058855855347727e-15,6.8390467289122063e-08,-0,0.99999999999999922,-4.1027436962418072e-08],"ln":-699.77270179458708,"lt":[-209.95415275296517,0.4914054050967277],"lt_start":[-0.043643930954672693,0.17391707236567855],"q":-0.069977270179462647,"ut":[124.87225514916797,-0.030374426201315186],"gn":-0.069977270179458706,"gt":[-2.0991050882201052,0.0031748833273104915],"b":-209.93182236225132,"constant_n":10000000000,"constant_t":100,"mu":0.29999999999999999,"normal_mode":1,"tangent_mode":1,"normal_inverse_stiffness":0.0001,"tangent_inverse_stiffness":0.01,"p0":0,"beta":0,"iwan":1,"rn":-209.93181053837611,"rt":[-0.022335910490596689,0.44326442925220227]}
MORTAR_OBSERVER {"kind":"LAW","call_id":20,"pair":0,"slot":2,"node":3,"activity":2,"ndof":3,"normal":[-4.5207793914620201e-08,-4.5207793914609362e-08,-0.999999999999998],"tangents":[0.999999999999999,-2.0437446306262833e-15,-4.5207793914620155e-08,-0,0.999999999999999,-4.5207793914609408e-08],"ln":-847.24378809198163,"lt":[-254.21898355511738,-0.35956569228029711],"lt_start":[0.13542602203891804,0.13542602205125598],"q":-0.084724378809185166,"ut":[247.15170321213563,0.7492280171932908],"gn":-0.08472437880919817,"gt":[-2.5435440957715629,-0.0049499171433155312],"b":-254.17309741713296,"constant_n":10000000000,"constant_t":100,"mu":0.29999999999999999,"normal_mode":1,"tangent_mode":1,"normal_inverse_stiffness":0.0001,"tangent_inverse_stiffness":0.01,"p0":0,"beta":0,"iwan":1,"rn":-254.17313642759447,"rt":[-0.047058228679873082,0.41233227457980115]}
MORTAR_OBSERVER {"kind":"LAW","call_id":20,"pair":0,"slot":3,"node":4,"activity":1,"ndof":3,"normal":[-4.1027436962437514e-08,6.8390467289151391e-08,-0.99999999999999689],"tangents":[0.99999999999999922,2.8058855855373057e-15,-4.1027436962437428e-08,7.8886090522101181e-31,0.99999999999999778,6.8390467289151457e-08],"ln":731.16113994443208,"lt":[-182.43303038298299,-2.2365486562147199],"lt_start":[0.17391707234787057,-0.043643930955750233],"q":0.073116113994451837,"ut":[125.48402996356833,-0.095374215327380676],"gn":0.073116113994443205,"gt":[-1.8260694745533088,-0.021929047252589699],"b":219.34836787928168,"constant_n":10000000000,"constant_t":100,"mu":0.29999999999999999,"normal_mode":1,"tangent_mode":1,"normal_inverse_stiffness":0.0001,"tangent_inverse_stiffness":0.01,"p0":0,"beta":0,"iwan":1,"rn":-2.5895952063592631e-05,"rt":[127.31009943812164,-0.073445168074790984]}
MORTAR_OBSERVER {"kind":"LAW","call_id":20,"pair":0,"slot":4,"node":17,"activity":1,"ndof":3,"normal":[7.2426709089877482e-08,1.5397177074202342e-08,-0.99999999999999734],"tangents":[0.99999999999999745,-1.115166864758587e-15,7.2426709089877482e-08,-0,1,1.5397177074202381e-08],"ln":-125.02674741100259,"lt":[-161.61397790906233,9.7744292711721528],"lt_start":[-0.7366862448814866,-0.097019965710666123],"q":-0.012502674741128317,"ut":[189.22901712098172,-0.055341086348851688],"gn":-0.012502674741100259,"gt":[-1.6087729166418083,0.098714492368828191],"b":-37.508108395553279,"constant_n":10000000000,"constant_t":100,"mu":0.29999999999999999,"normal_mode":1,"tangent_mode":1,"normal_inverse_stiffness":0.0001,"tangent_inverse_stiffness":0.01,"p0":0,"beta":0,"iwan":1,"rn":-37.508024223300772,"rt":[190.83779003762353,-0.15405557871767989]}
MORTAR_OBSERVER {"kind":"LAW","call_id":20,"pair":0,"slot":5,"node":18,"activity":2,"ndof":3,"normal":[1.1965865623755442e-08,-4.3492139893534207e-08,-0.999999999999999],"tangents":[1,5.2042110165560376e-16,1.1965865623755432e-08,-9.8607613152626476e-32,0.99999999999999911,-4.3492139893534214e-08],"ln":-941.33057426601772,"lt":[-282.41519700297465,0.31394471324570278],"lt_start":[0.31679180614334473,-0.33171866761597019],"q":-0.094133057426586342,"ut":[185.63530386150339,-0.01799613496968901],"gn":-0.094133057426601774,"gt":[-2.8273198880911798,0.0064566338086167298],"b":-282.3991259835052,"constant_n":10000000000,"constant_t":100,"mu":0.29999999999999999,"normal_mode":1,"tangent_mode":1,"normal_inverse_stiffness":0.0001,"tangent_inverse_stiffness":0.01,"p0":0,"beta":0,"iwan":1,"rn":-282.39917227980533,"rt":[-0.016072880697777236,0.28152221317216686]}
MORTAR_OBSERVER {"kind":"LAW","call_id":20,"pair":0,"slot":6,"node":19,"activity":1,"ndof":3,"normal":[1.4467282659565779e-08,1.4467282659570933e-08,-0.99999999999999978],"tangents":[0.99999999999999989,-2.0930226755184727e-16,1.4467282659565778e-08,-0,0.99999999999999989,1.4467282659570934e-08],"ln":-156.53743969469826,"lt":[-558.43618186703168,-42.420868156946852],"lt_start":[-0.33268303566508606,-0.3326830356581324],"q":-0.015653743969522793,"ut":[376.42174843928717,-0.79145855752027672],"gn":-0.015653743969469829,"gt":[-5.5810349883136654,-0.42088185121288718],"b":-46.961390802140983,"constant_n":10000000000,"constant_t":100,"mu":0.29999999999999999,"normal_mode":1,"tangent_mode":1,"normal_inverse_stiffness":0.0001,"tangent_inverse_stiffness":0.01,"p0":0,"beta":0,"iwan":1,"rn":-46.961231908409481,"rt":[382.00278342760083,-0.37057670630738954]}
MORTAR_OBSERVER {"kind":"LAW","call_id":20,"pair":0,"slot":7,"node":23,"activity":1,"ndof":3,"normal":[-4.3492139893549387e-08,1.1965865623775503e-08,-0.999999999999999],"tangents":[0.99999999999999911,5.2042110165665827e-16,-4.3492139893549387e-08,-0,1,1.1965865623775516e-08],"ln":182.6125443099055,"lt":[-247.51271280540598,6.9639715869900529],"lt_start":[-0.33171866759252555,0.3167918061180196],"q":0.018261254430989027,"ut":[188.35857753978192,-0.0036015964371306089],"gn":0.01826125443099055,"gt":[-2.4718099413781345,0.06647179780872034],"b":54.783758723710015,"constant_n":10000000000,"constant_t":100,"mu":0.29999999999999999,"normal_mode":1,"tangent_mode":1,"normal_inverse_stiffness":0.0001,"tangent_inverse_stiffness":0.01,"p0":0,"beta":0,"iwan":1,"rn":4.569261633946553e-06,"rt":[190.83038748116005,-0.070073394245850948]}
MORTAR_OBSERVER {"kind":"LAW","call_id":20,"pair":0,"slot":8,"node":24,"activity":1,"ndof":3,"normal":[1.5397177074192042e-08,7.2426709089892398e-08,-0.99999999999999734],"tangents":[0.99999999999999989,-1.1151668647580677e-15,1.5397177074192005e-08,-1.9721522630525295e-31,0.99999999999999745,7.2426709089892398e-08],"ln":1036.3908208871076,"lt":[-344.39011931638385,3.3399122103072743],"lt_start":[-0.09701996570709373,-0.73668624485527534],"q":0.10363908208879025,"ut":[187.60772223537941,-0.098873213445295288],"gn":0.10363908208871077,"gt":[-3.4429309935067676,0.0407659845516255],"b":310.91748470040454,"constant_n":10000000000,"constant_t":100,"mu":0.29999999999999999,"normal_mode":1,"tangent_mode":1,"normal_inverse_stiffness":0.0001,"tangent_inverse_stiffness":0.01,"p0":0,"beta":0,"iwan":1,"rn":-0.00023843427226211134,"rt":[191.05065322888618,-0.13963919799692079]}
MORTAR_OBSERVER {"kind":"POST_RAW_AFTER_ACTIVE_LOOP","call_id":20,"pair":0,"slot":0,"node":1,"activity":2,"lambda_raw":[-0.26765758620791441,-7.8327881874249214e-05,-0.70480951774730072],"gap":-0.093974670625840417}
MORTAR_OBSERVER {"kind":"POST_RAW_AFTER_ACTIVE_LOOP","call_id":20,"pair":0,"slot":1,"node":2,"activity":0,"lambda_raw":[0,0,0],"gap":0.069977270179462647}
MORTAR_OBSERVER {"kind":"POST_RAW_AFTER_ACTIVE_LOOP","call_id":20,"pair":0,"slot":2,"node":3,"activity":0,"lambda_raw":[0,0,0],"gap":0.084724378809185166}
MORTAR_OBSERVER {"kind":"POST_RAW_AFTER_ACTIVE_LOOP","call_id":20,"pair":0,"slot":3,"node":4,"activity":2,"lambda_raw":[-0.27364933759954235,-0.0033547448763962227,-1.0967406850518331],"gap":-0.073116113994451837}
MORTAR_OBSERVER {"kind":"POST_RAW_AFTER_ACTIVE_LOOP","call_id":20,"pair":0,"slot":4,"node":17,"activity":0,"lambda_raw":[0,0,0],"gap":0.012502674741128317}
MORTAR_OBSERVER {"kind":"POST_RAW_AFTER_ACTIVE_LOOP","call_id":20,"pair":0,"slot":5,"node":18,"activity":0,"lambda_raw":[0,0,0],"gap":0.094133057426586342}
MORTAR_OBSERVER {"kind":"POST_RAW_AFTER_ACTIVE_LOOP","call_id":20,"pair":0,"slot":6,"node":19,"activity":0,"lambda_raw":[0,0,0],"gap":0.015653743969522793}
MORTAR_OBSERVER {"kind":"POST_RAW_AFTER_ACTIVE_LOOP","call_id":20,"pair":0,"slot":7,"node":23,"activity":2,"lambda_raw":[-0.24751248780088481,0.0069639672179594003,-0.18261236159583299],"gap":-0.018261254430989027}
MORTAR_OBSERVER {"kind":"POST_RAW_AFTER_ACTIVE_LOOP","call_id":20,"pair":0,"slot":8,"node":24,"activity":2,"lambda_raw":[-0.34438981933114537,0.0033399845181071451,-1.0363899712085594],"gap":-0.10363908208879025}
MORTAR_OBSERVER {"kind":"SUMMARY_PRE_OVERRIDE","call_id":20,"ndiverg":14,"flag":1,"keepset":0,"max_n":282.39917227980533,"max_t":[382.00278342760083,0.44326442925220227],"lm_t_av":[1131.2129830630886,12.644939383200066],"nstick":0,"nslip":4,"ninactive":5,"nnogap":0,"nolm":0}
MORTAR_OBSERVER {"kind":"SUMMARY_POST_OVERRIDE","call_id":20,"flag":1}
MORTAR_OBSERVER {"kind":"RETURN","call_id":20}
 Using up to 2 cpu(s) for the stress calculation.

 average force= 248.069563
 time avg. forc= 248.069563
 largest residual force= 1570.801301 in node 18 and dof 3
 largest increment of disp= 8.626191e-02
 largest correction to disp= 5.641052e-02 in node 4 and dof 3

MORTAR_OBSERVER {"kind":"PRE_CHECK","call_id":20,"step":2,"inc":1,"cutback":0,"iteration":4,"time":0.125,"dtime":0.125,"ttime":1,"tper":1,"theta":0,"dtheta":0.125,"icntrl":0,"nmethod":1,"iexpl":0,"ithermal":0,"uncoupled":0,"mortar":2,"iflagdualquad":2}
 no convergence

MORTAR_OBSERVER {"kind":"POST_CHECK","call_id":20,"step":2,"inc":1,"cutback":0,"iteration":5,"time":0.125,"dtime":0.125,"ttime":1,"tper":1,"theta":0,"dtheta":0.125,"icntrl":0,"nmethod":1,"iexpl":0,"ithermal":0,"uncoupled":0,"mortar":2,"iflagdualquad":2}
 iteration 5

 Determining the structure of the matrix:

 Using up to 2 cpu(s) for setting up the structure of the matrix.
 number of equations
 75
 number of nonzero lower triangular matrix elements
 1143

 Using up to 2 cpu(s) for the stress calculation.

 Using up to 2 cpu(s) for the symmetric stiffness/mass contributions.

 Using up to 2 cpu(s) for the stress calculation.

 Using up to 2 cpu(s) for the symmetric stiffness/mass contributions.

 Factoring the system of equations using the unsymmetric spooles solver
 Using 1 cpu for spooles.

MORTAR_OBSERVER {"kind":"BEGIN","call_id":21,"step":2,"inc":1,"cutback":0,"iteration":5,"time":0.125,"dtime":0.125,"ttime":1,"tper":1,"theta":0,"dtheta":0.125,"icntrl":0,"nmethod":1,"iexpl":0,"ithermal":0,"uncoupled":0,"mortar":2,"iflagdualquad":2}
MORTAR_OBSERVER {"kind":"INVENTORY","call_id":21,"pair_count":1,"slave_count":9}
MORTAR_OBSERVER {"kind":"PAIR","call_id":21,"pair":0,"start":0,"end":9}
MORTAR_OBSERVER {"kind":"PRE_RAW","call_id":21,"pair":0,"slot":0,"node":1,"activity":2,"lambda_raw":[-0.084753241630096982,-0.0066383143912841711,0.017693562838989894],"lambda_start":[0.00050770041307053907,0.00050770041306182371,-0.013186534862260218],"ddtil_count":1}
MORTAR_OBSERVER {"kind":"DDTIL","call_id":21,"pair":0,"column_slot":0,"source_slot":0,"destination_slot":0,"entry":0,"value":1333.3343393676209}
MORTAR_OBSERVER {"kind":"PRE_RAW","call_id":21,"pair":0,"slot":1,"node":2,"activity":0,"lambda_raw":[2.9842767314181114e-15,-1.1031165775063376e-15,-2.0463611872581334e-15],"lambda_start":[-6.5464962046610109e-05,0.00026087484315341598,-0.012777605225325181],"ddtil_count":1}
MORTAR_OBSERVER {"kind":"DDTIL","call_id":21,"pair":0,"column_slot":1,"source_slot":1,"destination_slot":1,"entry":1,"value":666.66728295766052}
MORTAR_OBSERVER {"kind":"PRE_RAW","call_id":21,"pair":0,"slot":2,"node":3,"activity":0,"lambda_raw":[-5.9685528266122242e-16,-6.353244708014966e-17,-4.263252019008732e-16],"lambda_start":[0.00010156884359217413,0.00010156884360142738,-0.012568975157651359],"ddtil_count":1}
MORTAR_OBSERVER {"kind":"DDTIL","call_id":21,"pair":0,"column_slot":2,"source_slot":2,"destination_slot":2,"entry":2,"value":1333.3347080434842}
MORTAR_OBSERVER {"kind":"PRE_RAW","call_id":21,"pair":0,"slot":3,"node":4,"activity":2,"lambda_raw":[0.05366988097175996,-0.010468409683988969,-0.5698950008622482],"lambda_start":[0.00026087484312670427,-6.5464962048225706e-05,-0.012777605225320413],"ddtil_count":1}
MORTAR_OBSERVER {"kind":"DDTIL","call_id":21,"pair":0,"column_slot":3,"source_slot":3,"destination_slot":3,"entry":3,"value":666.66728295766029}
MORTAR_OBSERVER {"kind":"PRE_RAW","call_id":21,"pair":0,"slot":4,"node":17,"activity":0,"lambda_raw":[-5.9685540579543324e-16,1.9824125978205463e-15,-8.2422889371750306e-16],"lambda_start":[-0.00073668481887303799,-9.7019711702975403e-05,-0.011300300351502958],"ddtil_count":1}
MORTAR_OBSERVER {"kind":"DDTIL","call_id":21,"pair":0,"column_slot":4,"source_slot":4,"destination_slot":4,"entry":4,"value":1000.0008247274735}
MORTAR_OBSERVER {"kind":"PRE_RAW","call_id":21,"pair":0,"slot":5,"node":18,"activity":0,"lambda_raw":[-1.4779274994274333e-15,8.6952585453092389e-16,-1.3642407687022462e-15],"lambda_start":[0.00031679164735302451,-0.00033171886194272466,-0.011646333315327854],"ddtil_count":1}
MORTAR_OBSERVER {"kind":"DDTIL","call_id":21,"pair":0,"column_slot":5,"source_slot":5,"destination_slot":5,"entry":5,"value":1000.0009411514271}
MORTAR_OBSERVER {"kind":"PRE_RAW","call_id":21,"pair":0,"slot":6,"node":19,"activity":0,"lambda_raw":[-2.50110825488669e-15,5.4711743075646345e-16,2.7000600478890403e-16],"lambda_start":[-0.00016634120876597442,-0.00016634120876249758,-0.011364569524827929],"ddtil_count":1}
MORTAR_OBSERVER {"kind":"DDTIL","call_id":21,"pair":0,"column_slot":6,"source_slot":6,"destination_slot":6,"entry":6,"value":2000.0017392200903}
MORTAR_OBSERVER {"kind":"PRE_RAW","call_id":21,"pair":0,"slot":7,"node":23,"activity":2,"lambda_raw":[-0.15759932532152629,-0.0016740316441023445,0.45567030957018817],"lambda_start":[-0.00033171886191928003,0.00031679164732769906,-0.011646333315327273],"ddtil_count":1}
MORTAR_OBSERVER {"kind":"DDTIL","call_id":21,"pair":0,"column_slot":7,"source_slot":7,"destination_slot":7,"entry":7,"value":1000.0009411514277}
MORTAR_OBSERVER {"kind":"PRE_RAW","call_id":21,"pair":0,"slot":8,"node":24,"activity":2,"lambda_raw":[-0.053018726534862004,-0.0084907026197699256,-0.21933164065912633],"lambda_start":[-9.7019711699403892e-05,-0.00073668481884682697,-0.011300300351506478],"ddtil_count":1}
MORTAR_OBSERVER {"kind":"DDTIL","call_id":21,"pair":0,"column_slot":8,"source_slot":8,"destination_slot":8,"entry":8,"value":1000.0008247274731}
MORTAR_OBSERVER {"kind":"LAW","call_id":21,"pair":0,"slot":0,"node":1,"activity":2,"ndof":3,"normal":[7.4142375520434235e-08,7.4142375520434791e-08,-0.99999999999999456],"tangents":[0.99999999999999722,-5.4970918478131419e-15,7.414237552043405e-08,-1.5777218104420236e-30,0.99999999999999734,7.414237552043499e-08],"ln":-23.591443953640187,"lt":[-113.00440568900432,-8.8510907842924009],"lt_start":[0.67693309128239354,0.67693309127077694],"q":-0.0023591443953798613,"ut":[203.88860948854645,-7.997603030902531],"gn":-0.002359144395364019,"gt":[-1.136813387802867,-0.095280238755631783],"b":-7.0774807131784891,"constant_n":10000000000,"constant_t":100,"mu":0.29999999999999999,"normal_mode":1,"tangent_mode":1,"normal_inverse_stiffness":0.0001,"tangent_inverse_stiffness":0.01,"p0":0,"beta":0,"iwan":1,"rn":-7.0774331860920556,"rt":[-105.93235395515303,-9.1282505200849862]}
MORTAR_OBSERVER {"kind":"LAW","call_id":21,"pair":0,"slot":1,"node":2,"activity":0,"ndof":3,"normal":[6.8390467289122116e-08,-4.1027436962417973e-08,-0.99999999999999689],"tangents":[0.99999999999999767,2.8058855855347727e-15,6.8390467289122063e-08,-0,0.99999999999999922,-4.1027436962418072e-08],"ln":1.3642422188956255e-12,"lt":[1.9895195668271227e-12,-7.3541167554034821e-13],"lt_start":[-0.043643930954672693,0.17391707236567855],"q":-15.883077914142454,"ut":[101.24467907976053,-4.7117157110713919],"gn":1.3642422188956255e-16,"gt":[0.00043643930956662212,-0.0017391707236641396],"b":-47649233742.427361,"constant_n":10000000000,"constant_t":100,"mu":0.29999999999999999,"normal_mode":1,"tangent_mode":1,"normal_inverse_stiffness":0.0001,"tangent_inverse_stiffness":0.01,"p0":0,"beta":0,"iwan":1,"rn":4.0927266566868765e-13,"rt":[1.9895195668271227e-12,-7.3541167554034821e-13]}
MORTAR_OBSERVER {"kind":"LAW","call_id":21,"pair":0,"slot":2,"node":3,"activity":0,"ndof":3,"normal":[-4.5207793914620201e-08,-4.5207793914609362e-08,-0.999999999999998],"tangents":[0.999999999999999,-2.0437446306262833e-15,-4.5207793914620155e-08,-0,0.999999999999999,-4.5207793914609408e-08],"ln":5.6843422841434999e-13,"lt":[-7.9580783835365552e-13,-8.4709991081243719e-14],"lt_start":[0.13542602203891804,0.13542602205125598],"q":-20.296021299516934,"ut":[204.88587350838282,-10.908054906858078],"gn":5.6843422841435002e-17,"gt":[-0.0013542602203971386,-0.0013542602205134069],"b":-60888063898.550804,"constant_n":10000000000,"constant_t":100,"mu":0.29999999999999999,"normal_mode":1,"tangent_mode":1,"normal_inverse_stiffness":0.0001,"tangent_inverse_stiffness":0.01,"p0":0,"beta":0,"iwan":1,"rn":1.7053026852430499e-13,"rt":[-7.9580783835365552e-13,-8.4709991081243719e-14]}
MORTAR_OBSERVER {"kind":"LAW","call_id":21,"pair":0,"slot":3,"node":4,"activity":2,"ndof":3,"normal":[-4.1027436962437514e-08,6.8390467289151391e-08,-0.99999999999999689],"tangents":[0.99999999999999922,2.8058855855373057e-15,-4.1027436962437428e-08,7.8886090522101181e-31,0.99999999999999778,6.8390467289151457e-08],"ln":379.9303498507341,"lt":[35.779969311672751,-6.9789722245268671],"lt_start":[0.17391707234787057,-0.043643930955750233],"q":0.037993034985074621,"ut":[101.05932234433209,-3.7891369013892668],"gn":0.037993034985073414,"gt":[0.35606052239324881,-0.069353282935711177],"b":113.97910857732285,"constant_n":10000000000,"constant_t":100,"mu":0.29999999999999999,"normal_mode":1,"tangent_mode":1,"normal_inverse_stiffness":0.0001,"tangent_inverse_stiffness":0.01,"p0":0,"beta":0,"iwan":1,"rn":-3.6221026249450006e-06,"rt":[-78.119091265855815,-2.7080014171309754]}
MORTAR_OBSERVER {"kind":"LAW","call_id":21,"pair":0,"slot":4,"node":17,"activity":0,"ndof":3,"normal":[7.2426709089877482e-08,1.5397177074202342e-08,-0.99999999999999734],"tangents":[0.99999999999999745,-1.115166864758587e-15,7.2426709089877482e-08,-0,1,1.5397177074202381e-08],"ln":8.242295607769885e-13,"lt":[-5.9685595773472037e-13,1.982414220079871e-12],"lt_start":[-0.7366862448814866,-0.097019965710666123],"q":-11.80805286822706,"ut":[152.16519312004678,-6.5544860719252718],"gn":8.2422956077698851e-17,"gt":[0.0073668624488088972,0.00097019965712648543],"b":-35424158604.681175,"constant_n":10000000000,"constant_t":100,"mu":0.29999999999999999,"normal_mode":1,"tangent_mode":1,"normal_inverse_stiffness":0.0001,"tangent_inverse_stiffness":0.01,"p0":0,"beta":0,"iwan":1,"rn":2.4726886823309655e-13,"rt":[-5.9685595773472037e-13,1.982414220079871e-12]}
MORTAR_OBSERVER {"kind":"LAW","call_id":21,"pair":0,"slot":5,"node":18,"activity":0,"ndof":3,"normal":[1.1965865623755442e-08,-4.3492139893534207e-08,-0.999999999999999],"tangents":[1,5.2042110165560376e-16,1.1965865623755432e-08,-9.8607613152626476e-32,0.99999999999999911,-4.3492139893534214e-08],"ln":1.3642419971571169e-12,"lt":[-1.4779289067053453e-12,8.6952673222022819e-13],"lt_start":[0.31679180614334473,-0.33171866761597019],"q":-19.858392681435419,"ut":[152.14240673179668,-7.1198841267293353],"gn":1.364241997157117e-16,"gt":[-0.0031679180614482268,0.0033171866761683971],"b":-59575178044.306252,"constant_n":10000000000,"constant_t":100,"mu":0.29999999999999999,"normal_mode":1,"tangent_mode":1,"normal_inverse_stiffness":0.0001,"tangent_inverse_stiffness":0.01,"p0":0,"beta":0,"iwan":1,"rn":4.0927259914713505e-13,"rt":[-1.4779289067053453e-12,8.6952673222022819e-13]}
MORTAR_OBSERVER {"kind":"LAW","call_id":21,"pair":0,"slot":6,"node":19,"activity":0,"ndof":3,"normal":[1.4467282659565779e-08,1.4467282659570933e-08,-0.99999999999999978],"tangents":[0.99999999999999989,-2.0930226755184727e-16,1.4467282659565778e-08,-0,0.99999999999999989,1.4467282659570934e-08],"ln":-5.4001253571560026e-13,"lt":[-5.0022208519385904e-12,1.0942358208830672e-12],"lt_start":[-0.33268303566508606,-0.3326830356581324],"q":-18.024639597706926,"ut":[302.6520397359734,-12.280545887795578],"gn":-5.4001253571560025e-17,"gt":[0.0033268303566008385,0.0033268303565922664],"b":-54073918793.120781,"constant_n":10000000000,"constant_t":100,"mu":0.29999999999999999,"normal_mode":1,"tangent_mode":1,"normal_inverse_stiffness":0.0001,"tangent_inverse_stiffness":0.01,"p0":0,"beta":0,"iwan":1,"rn":-1.6200376071468008e-13,"rt":[-5.0022208519385904e-12,1.0942358208830672e-12]}
MORTAR_OBSERVER {"kind":"LAW","call_id":21,"pair":0,"slot":7,"node":23,"activity":2,"ndof":3,"normal":[-4.3492139893549387e-08,1.1965865623775503e-08,-0.999999999999999],"tangents":[0.99999999999999911,5.2042110165665827e-16,-4.3492139893549387e-08,-0,1,1.1965865623775516e-08],"ln":-455.67073159064302,"lt":[-157.59949346445168,-1.6740277671247916],"lt_start":[-0.33171866759252555,0.3167918061180196],"q":-0.045567073159061236,"ut":[152.42567066905377,-6.7708582002684325],"gn":-0.045567073159064303,"gt":[-1.5726777479685916,-0.019908195732428111],"b":-136.7012102762196,"constant_n":10000000000,"constant_t":100,"mu":0.29999999999999999,"normal_mode":1,"tangent_mode":1,"normal_inverse_stiffness":0.0001,"tangent_inverse_stiffness":0.01,"p0":0,"beta":0,"iwan":1,"rn":-136.70121947719289,"rt":[-21.032833413355149,-7.7377109276670062]}
MORTAR_OBSERVER {"kind":"LAW","call_id":21,"pair":0,"slot":8,"node":24,"activity":2,"ndof":3,"normal":[1.5397177074192042e-08,7.2426709089892398e-08,-0.99999999999999734],"tangents":[0.99999999999999989,-1.1151668647580677e-15,1.5397177074192005e-08,-1.9721522630525295e-31,0.99999999999999745,7.2426709089892398e-08],"ln":219.33182011666193,"lt":[-53.018773637953238,-8.4907255077676549],"lt_start":[-0.09701996570709373,-0.73668624485527534],"q":0.021933182011661986,"ut":[151.7580082387818,-5.5472967084607889],"gn":0.021933182011666195,"gt":[-0.52921753672246152,-0.077540392629123794],"b":65.799533409681118,"constant_n":10000000000,"constant_t":100,"mu":0.29999999999999999,"normal_mode":1,"tangent_mode":1,"normal_inverse_stiffness":0.0001,"tangent_inverse_stiffness":0.01,"p0":0,"beta":0,"iwan":1,"rn":1.2625317452830132e-05,"rt":[-118.77427442585758,-6.0839199353018341]}
MORTAR_OBSERVER {"kind":"POST_RAW_AFTER_ACTIVE_LOOP","call_id":21,"pair":0,"slot":0,"node":1,"activity":0,"lambda_raw":[0,0,0],"gap":0.0023591443953798613}
MORTAR_OBSERVER {"kind":"POST_RAW_AFTER_ACTIVE_LOOP","call_id":21,"pair":0,"slot":1,"node":2,"activity":0,"lambda_raw":[0,0,0],"gap":15.883077914142454}
MORTAR_OBSERVER {"kind":"POST_RAW_AFTER_ACTIVE_LOOP","call_id":21,"pair":0,"slot":2,"node":3,"activity":0,"lambda_raw":[0,0,0],"gap":20.296021299516934}
MORTAR_OBSERVER {"kind":"POST_RAW_AFTER_ACTIVE_LOOP","call_id":21,"pair":0,"slot":3,"node":4,"activity":2,"lambda_raw":[0.05366988097175996,-0.010468409683988969,-0.5698950008622482],"gap":-0.037993034985074621}
MORTAR_OBSERVER {"kind":"POST_RAW_AFTER_ACTIVE_LOOP","call_id":21,"pair":0,"slot":4,"node":17,"activity":0,"lambda_raw":[0,0,0],"gap":11.80805286822706}
MORTAR_OBSERVER {"kind":"POST_RAW_AFTER_ACTIVE_LOOP","call_id":21,"pair":0,"slot":5,"node":18,"activity":0,"lambda_raw":[0,0,0],"gap":19.858392681435419}
MORTAR_OBSERVER {"kind":"POST_RAW_AFTER_ACTIVE_LOOP","call_id":21,"pair":0,"slot":6,"node":19,"activity":0,"lambda_raw":[0,0,0],"gap":18.024639597706926}
MORTAR_OBSERVER {"kind":"POST_RAW_AFTER_ACTIVE_LOOP","call_id":21,"pair":0,"slot":7,"node":23,"activity":0,"lambda_raw":[0,0,0],"gap":0.045567073159061236}
MORTAR_OBSERVER {"kind":"POST_RAW_AFTER_ACTIVE_LOOP","call_id":21,"pair":0,"slot":8,"node":24,"activity":2,"lambda_raw":[-0.053018726534862004,-0.0084907026197699256,-0.21933164065912633],"gap":-0.021933182011661986}
MORTAR_OBSERVER {"kind":"SUMMARY_PRE_OVERRIDE","call_id":21,"ndiverg":14,"flag":1,"keepset":0,"max_n":136.70121947719289,"max_t":[118.77427442585758,9.1282505200849862],"lm_t_av":[88.798742949625989,15.469697732294522],"nstick":0,"nslip":2,"ninactive":7,"nnogap":0,"nolm":0}
MORTAR_OBSERVER {"kind":"SUMMARY_POST_OVERRIDE","call_id":21,"flag":1}
MORTAR_OBSERVER {"kind":"RETURN","call_id":21}
 Using up to 2 cpu(s) for the stress calculation.

 average force= 49.973901
 time avg. forc= 49.973901
 largest residual force= 759.842975 in node 23 and dof 3
 largest increment of disp= 8.626191e-02
 largest correction to disp= 2.109861e-02 in node 17 and dof 1

MORTAR_OBSERVER {"kind":"PRE_CHECK","call_id":21,"step":2,"inc":1,"cutback":0,"iteration":5,"time":0.125,"dtime":0.125,"ttime":1,"tper":1,"theta":0,"dtheta":0.125,"icntrl":0,"nmethod":1,"iexpl":0,"ithermal":0,"uncoupled":0,"mortar":2,"iflagdualquad":2}
 no convergence

MORTAR_OBSERVER {"kind":"POST_CHECK","call_id":21,"step":2,"inc":1,"cutback":0,"iteration":6,"time":0.125,"dtime":0.125,"ttime":1,"tper":1,"theta":0,"dtheta":0.125,"icntrl":0,"nmethod":1,"iexpl":0,"ithermal":0,"uncoupled":0,"mortar":2,"iflagdualquad":2}
 iteration 6

 Determining the structure of the matrix:

 Using up to 2 cpu(s) for setting up the structure of the matrix.
 number of equations
 75
 number of nonzero lower triangular matrix elements
 1143

 Using up to 2 cpu(s) for the stress calculation.

 Using up to 2 cpu(s) for the symmetric stiffness/mass contributions.

 Using up to 2 cpu(s) for the stress calculation.

 Using up to 2 cpu(s) for the symmetric stiffness/mass contributions.

 Factoring the system of equations using the unsymmetric spooles solver
 Using 1 cpu for spooles.

MORTAR_OBSERVER {"kind":"BEGIN","call_id":22,"step":2,"inc":1,"cutback":0,"iteration":6,"time":0.125,"dtime":0.125,"ttime":1,"tper":1,"theta":0,"dtheta":0.125,"icntrl":0,"nmethod":1,"iexpl":0,"ithermal":0,"uncoupled":0,"mortar":2,"iflagdualquad":2}
MORTAR_OBSERVER {"kind":"INVENTORY","call_id":22,"pair_count":1,"slave_count":9}
MORTAR_OBSERVER {"kind":"PAIR","call_id":22,"pair":0,"start":0,"end":9}
MORTAR_OBSERVER {"kind":"PRE_RAW","call_id":22,"pair":0,"slot":0,"node":1,"activity":0,"lambda_raw":[-1.5347711512175152e-15,2.0490260682053284e-15,1.0551551664620417e-15],"lambda_start":[0.00050770041307053907,0.00050770041306182371,-0.013186534862260218],"ddtil_count":1}
MORTAR_OBSERVER {"kind":"DDTIL","call_id":22,"pair":0,"column_slot":0,"source_slot":0,"destination_slot":0,"entry":0,"value":1333.3343393676209}
MORTAR_OBSERVER {"kind":"PRE_RAW","call_id":22,"pair":0,"slot":1,"node":2,"activity":0,"lambda_raw":[1.6779895282237104e-15,-1.179055762189745e-16,-2.5452949532920991e-15],"lambda_start":[-6.5464962046610109e-05,0.00026087484315341598,-0.012777605225325181],"ddtil_count":1}
MORTAR_OBSERVER {"kind":"DDTIL","call_id":22,"pair":0,"column_slot":1,"source_slot":1,"destination_slot":1,"entry":1,"value":666.66728295766052}
MORTAR_OBSERVER {"kind":"PRE_RAW","call_id":22,"pair":0,"slot":2,"node":3,"activity":0,"lambda_raw":[-3.4792133273879074e-15,-5.2055701868333304e-16,-1.0810924333749974e-15],"lambda_start":[0.00010156884359217413,0.00010156884360142738,-0.012568975157651359],"ddtil_count":1}
MORTAR_OBSERVER {"kind":"DDTIL","call_id":22,"pair":0,"column_slot":2,"source_slot":2,"destination_slot":2,"entry":2,"value":1333.3347080434842}
MORTAR_OBSERVER {"kind":"PRE_RAW","call_id":22,"pair":0,"slot":3,"node":4,"activity":2,"lambda_raw":[-0.056357615112279782,0.0037052224850398635,-0.0012116283091596631],"lambda_start":[0.00026087484312670427,-6.5464962048225706e-05,-0.012777605225320413],"ddtil_count":1}
MORTAR_OBSERVER {"kind":"DDTIL","call_id":22,"pair":0,"column_slot":3,"source_slot":3,"destination_slot":3,"entry":3,"value":666.66728295766029}
MORTAR_OBSERVER {"kind":"PRE_RAW","call_id":22,"pair":0,"slot":4,"node":17,"activity":0,"lambda_raw":[8.5620329045654413e-15,-1.7728026636423882e-15,2.1276296496770245e-15],"lambda_start":[-0.00073668481887303799,-9.7019711702975403e-05,-0.011300300351502958],"ddtil_count":1}
MORTAR_OBSERVER {"kind":"DDTIL","call_id":22,"pair":0,"column_slot":4,"source_slot":4,"destination_slot":4,"entry":4,"value":1000.0008247274735}
MORTAR_OBSERVER {"kind":"PRE_RAW","call_id":22,"pair":0,"slot":5,"node":18,"activity":0,"lambda_raw":[-3.6645651996207184e-15,-7.3194159569187285e-16,7.5465673739731559e-15],"lambda_start":[0.00031679164735302451,-0.00033171886194272466,-0.011646333315327854],"ddtil_count":1}
MORTAR_OBSERVER {"kind":"DDTIL","call_id":22,"pair":0,"column_slot":5,"source_slot":5,"destination_slot":5,"entry":5,"value":1000.0009411514271}
MORTAR_OBSERVER {"kind":"PRE_RAW","call_id":22,"pair":0,"slot":6,"node":19,"activity":0,"lambda_raw":[3.0724805681919715e-15,-3.1832148102618656e-18,-1.708132149128159e-15],"lambda_start":[-0.00016634120876597442,-0.00016634120876249758,-0.011364569524827929],"ddtil_count":1}
MORTAR_OBSERVER {"kind":"DDTIL","call_id":22,"pair":0,"column_slot":6,"source_slot":6,"destination_slot":6,"entry":6,"value":2000.0017392200903}
MORTAR_OBSERVER {"kind":"PRE_RAW","call_id":22,"pair":0,"slot":7,"node":23,"activity":0,"lambda_raw":[5.229589613358606e-15,1.1204360219517463e-15,1.6484575955152128e-15],"lambda_start":[-0.00033171886191928003,0.00031679164732769906,-0.011646333315327273],"ddtil_count":1}
MORTAR_OBSERVER {"kind":"DDTIL","call_id":22,"pair":0,"column_slot":7,"source_slot":7,"destination_slot":7,"entry":7,"value":1000.0009411514277}
MORTAR_OBSERVER {"kind":"PRE_RAW","call_id":22,"pair":0,"slot":8,"node":24,"activity":2,"lambda_raw":[-0.022471330157998747,-0.0020878957603453312,-0.11919214874621609],"lambda_start":[-9.7019711699403892e-05,-0.00073668481884682697,-0.011300300351506478],"ddtil_count":1}
MORTAR_OBSERVER {"kind":"DDTIL","call_id":22,"pair":0,"column_slot":8,"source_slot":8,"destination_slot":8,"entry":8,"value":1000.0008247274731}
MORTAR_OBSERVER {"kind":"LAW","call_id":22,"pair":0,"slot":0,"node":1,"activity":0,"ndof":3,"normal":[7.4142375520434235e-08,7.4142375520434791e-08,-0.99999999999999456],"tangents":[0.99999999999999722,-5.4970918478131419e-15,7.414237552043405e-08,-1.5777218104420236e-30,0.99999999999999734,7.414237552043499e-08],"ln":-1.4068745659675109e-12,"lt":[-2.0463629746800716e-12,2.7320369233066042e-12],"lt_start":[0.67693309128239354,0.67693309127077694],"q":2.5343275199189907,"ut":[102.73107725765855,2.9439604461522122],"gn":-1.406874565967511e-16,"gt":[-0.0067693309128443995,-0.0067693309126804491],"b":7602982559.7569723,"constant_n":10000000000,"constant_t":100,"mu":0.29999999999999999,"normal_mode":1,"tangent_mode":1,"normal_inverse_stiffness":0.0001,"tangent_inverse_stiffness":0.01,"p0":0,"beta":0,"iwan":1,"rn":-7602982559.7569723,"rt":[-2.0463629746800716e-12,2.7320369233066042e-12]}
MORTAR_OBSERVER {"kind":"LAW","call_id":22,"pair":0,"slot":1,"node":2,"activity":0,"ndof":3,"normal":[6.8390467289122116e-08,-4.1027436962417973e-08,-0.99999999999999689],"tangents":[0.99999999999999767,2.8058855855347727e-15,6.8390467289122063e-08,-0,0.99999999999999922,-4.1027436962418072e-08],"ln":1.6968649505677251e-12,"lt":[1.1186606035629235e-12,-7.8603720525444497e-14],"lt_start":[-0.043643930954672693,0.17391707236567855],"q":33.784969150152151,"ut":[51.391408485891994,1.1422250997389212],"gn":1.6968649505677251e-16,"gt":[0.00043643930955791354,-0.0017391707236575715],"b":101354907450.45644,"constant_n":10000000000,"constant_t":100,"mu":0.29999999999999999,"normal_mode":1,"tangent_mode":1,"normal_inverse_stiffness":0.0001,"tangent_inverse_stiffness":0.01,"p0":0,"beta":0,"iwan":1,"rn":-101354907450.45644,"rt":[1.1186606035629235e-12,-7.8603720525444497e-14]}
MORTAR_OBSERVER {"kind":"LAW","call_id":22,"pair":0,"slot":2,"node":3,"activity":0,"ndof":3,"normal":[-4.5207793914620201e-08,-4.5207793914609362e-08,-0.999999999999998],"tangents":[0.999999999999999,-2.0437446306262833e-15,-4.5207793914620155e-08,-0,0.999999999999999,-4.5207793914609408e-08],"ln":1.4414583051167091e-12,"lt":[-4.6389558209286092e-12,-6.9407667536098861e-13],"lt_start":[0.13542602203891804,0.13542602205125598],"q":64.868198220243173,"ut":[103.48052935259213,2.2637453854186749],"gn":1.4414583051167091e-16,"gt":[-0.0013542602204355701,-0.0013542602205195006],"b":194604594660.72952,"constant_n":10000000000,"constant_t":100,"mu":0.29999999999999999,"normal_mode":1,"tangent_mode":1,"normal_inverse_stiffness":0.0001,"tangent_inverse_stiffness":0.01,"p0":0,"beta":0,"iwan":1,"rn":-194604594660.72952,"rt":[-4.6389558209286092e-12,-6.9407667536098861e-13]}
MORTAR_OBSERVER {"kind":"LAW","call_id":22,"pair":0,"slot":3,"node":4,"activity":2,"ndof":3,"normal":[-4.1027436962437514e-08,6.8390467289151391e-08,-0.99999999999999689],"tangents":[0.99999999999999922,2.8058855855373057e-15,-4.1027436962437428e-08,7.8886090522101181e-31,0.99999999999999778,6.8390467289151457e-08],"ln":0.80775466323056755,"lt":[-37.571778107737067,2.4701505516125484],"lt_start":[0.17391707234787057,-0.043643930955750233],"q":8.0775466322104139e-05,"ut":[52.082382006481986,1.4193661650734322],"gn":8.077546632305676e-05,"gt":[-0.37745695180084937,0.025137944825682986],"b":0.2423235411071113,"constant_n":10000000000,"constant_t":100,"mu":0.29999999999999999,"normal_mode":1,"tangent_mode":1,"normal_inverse_stiffness":0.0001,"tangent_inverse_stiffness":0.01,"p0":0,"beta":0,"iwan":1,"rn":2.8578620589470027e-06,"rt":[-37.814011774643369,2.463551370465098]}
MORTAR_OBSERVER {"kind":"LAW","call_id":22,"pair":0,"slot":4,"node":17,"activity":0,"ndof":3,"normal":[7.2426709089877482e-08,1.5397177074202342e-08,-0.99999999999999734],"tangents":[0.99999999999999745,-1.115166864758587e-15,7.2426709089877482e-08,-0,1,1.5397177074202381e-08],"ln":-2.1276308115674455e-12,"lt":[8.5620401200065269e-12,-1.7728040929619326e-12],"lt_start":[-0.7366862448814866,-0.097019965710666123],"q":26.316571051291376,"ut":[77.096695934695902,1.9736864112211392],"gn":-2.1276308115674455e-16,"gt":[0.0073668624489004863,0.00097019965708893322],"b":78949713153.87413,"constant_n":10000000000,"constant_t":100,"mu":0.29999999999999999,"normal_mode":1,"tangent_mode":1,"normal_inverse_stiffness":0.0001,"tangent_inverse_stiffness":0.01,"p0":0,"beta":0,"iwan":1,"rn":-78949713153.87413,"rt":[8.5620401200065269e-12,-1.7728040929619326e-12]}
MORTAR_OBSERVER {"kind":"LAW","call_id":22,"pair":0,"slot":5,"node":18,"activity":0,"ndof":3,"normal":[1.1965865623755442e-08,-4.3492139893534207e-08,-0.999999999999999],"tangents":[1,5.2042110165560376e-16,1.1965865623755432e-08,-9.8607613152626476e-32,0.99999999999999911,-4.3492139893534214e-08],"ln":-7.5465744884518017e-12,"lt":[-3.6645685582301894e-12,-7.3194261277642242e-13],"lt_start":[0.31679180614334473,-0.33171866761597019],"q":49.61523948450737,"ut":[77.31893130902148,1.7412737192719663],"gn":-7.546574488451802e-16,"gt":[-0.0031679180614700929,0.0033171866761523821],"b":148845718453.52213,"constant_n":10000000000,"constant_t":100,"mu":0.29999999999999999,"normal_mode":1,"tangent_mode":1,"normal_inverse_stiffness":0.0001,"tangent_inverse_stiffness":0.01,"p0":0,"beta":0,"iwan":1,"rn":-148845718453.52213,"rt":[-3.6645685582301894e-12,-7.3194261277642242e-13]}
MORTAR_OBSERVER {"kind":"LAW","call_id":22,"pair":0,"slot":6,"node":19,"activity":0,"ndof":3,"normal":[1.4467282659565779e-08,1.4467282659570933e-08,-0.99999999999999978],"tangents":[0.99999999999999989,-2.0930226755184727e-16,1.4467282659565778e-08,-0,0.99999999999999989,1.4467282659570934e-08],"ln":3.4162673578829299e-12,"lt":[6.1449664306797688e-12,-6.3664845809391019e-15],"lt_start":[-0.33268303566508606,-0.3326830356581324],"q":50.466247091306599,"ut":[154.71862083561541,3.8424054953912972],"gn":3.4162673578829301e-16,"gt":[0.0033268303567123105,0.0033268303565812604],"b":151398741273.9198,"constant_n":10000000000,"constant_t":100,"mu":0.29999999999999999,"normal_mode":1,"tangent_mode":1,"normal_inverse_stiffness":0.0001,"tangent_inverse_stiffness":0.01,"p0":0,"beta":0,"iwan":1,"rn":-151398741273.9198,"rt":[6.1449664306797688e-12,-6.3664845809391019e-15]}
MORTAR_OBSERVER {"kind":"LAW","call_id":22,"pair":0,"slot":7,"node":23,"activity":0,"ndof":3,"normal":[-4.3492139893549387e-08,1.1965865623775503e-08,-0.999999999999999],"tangents":[0.99999999999999911,5.2042110165665827e-16,-4.3492139893549387e-08,-0,1,1.1965865623775516e-08],"ln":-1.6484593610026882e-12,"lt":[5.2295944634993165e-12,1.1204370961769487e-12],"lt_start":[-0.33171866759252555,0.3167918061180196],"q":24.502837927396314,"ut":[77.654662214456593,1.7686652336664104],"gn":-1.6484593610026882e-16,"gt":[0.0033171866759775515,-0.0031679180611689918],"b":73508513782.188934,"constant_n":10000000000,"constant_t":100,"mu":0.29999999999999999,"normal_mode":1,"tangent_mode":1,"normal_inverse_stiffness":0.0001,"tangent_inverse_stiffness":0.01,"p0":0,"beta":0,"iwan":1,"rn":-73508513782.188934,"rt":[5.2295944634993165e-12,1.1204370961769487e-12]}
MORTAR_OBSERVER {"kind":"LAW","call_id":22,"pair":0,"slot":8,"node":24,"activity":2,"ndof":3,"normal":[1.5397177074192042e-08,7.2426709089892398e-08,-0.99999999999999734],"tangents":[0.99999999999999989,-1.1151668647580677e-15,1.5397177074192005e-08,-1.9721522630525295e-31,0.99999999999999745,7.2426709089892398e-08],"ln":119.19224655004054,"lt":[-22.47135052594621,-2.0879061149925233],"lt_start":[-0.09701996570709373,-0.73668624485527534],"q":0.011919224655001651,"ut":[77.472943129899207,2.2687875471468359],"gn":0.011919224655004054,"gt":[-0.22374330560239117,-0.01351219870137248],"b":35.757666757236116,"constant_n":10000000000,"constant_t":100,"mu":0.29999999999999999,"normal_mode":1,"tangent_mode":1,"normal_inverse_stiffness":0.0001,"tangent_inverse_stiffness":0.01,"p0":0,"beta":0,"iwan":1,"rn":7.2077760435718119e-06,"rt":[-58.21379305663433,-3.1312343768572122]}
MORTAR_OBSERVER {"kind":"POST_RAW_AFTER_ACTIVE_LOOP","call_id":22,"pair":0,"slot":0,"node":1,"activity":1,"lambda_raw":[-1.5347711512175152e-15,2.0490260682053284e-15,1.0551551664620417e-15],"gap":-2.5343275199189907}
MORTAR_OBSERVER {"kind":"POST_RAW_AFTER_ACTIVE_LOOP","call_id":22,"pair":0,"slot":1,"node":2,"activity":1,"lambda_raw":[1.6779895282237104e-15,-1.179055762189745e-16,-2.5452949532920991e-15],"gap":-33.784969150152151}
MORTAR_OBSERVER {"kind":"POST_RAW_AFTER_ACTIVE_LOOP","call_id":22,"pair":0,"slot":2,"node":3,"activity":1,"lambda_raw":[-3.4792133273879074e-15,-5.2055701868333304e-16,-1.0810924333749974e-15],"gap":-64.868198220243173}
MORTAR_OBSERVER {"kind":"POST_RAW_AFTER_ACTIVE_LOOP","call_id":22,"pair":0,"slot":3,"node":4,"activity":2,"lambda_raw":[-0.056357615112279782,0.0037052224850398635,-0.0012116283091596631],"gap":-8.0775466322104139e-05}
MORTAR_OBSERVER {"kind":"POST_RAW_AFTER_ACTIVE_LOOP","call_id":22,"pair":0,"slot":4,"node":17,"activity":1,"lambda_raw":[8.5620329045654413e-15,-1.7728026636423882e-15,2.1276296496770245e-15],"gap":-26.316571051291376}
MORTAR_OBSERVER {"kind":"POST_RAW_AFTER_ACTIVE_LOOP","call_id":22,"pair":0,"slot":5,"node":18,"activity":1,"lambda_raw":[-3.6645651996207184e-15,-7.3194159569187285e-16,7.5465673739731559e-15],"gap":-49.61523948450737}
MORTAR_OBSERVER {"kind":"POST_RAW_AFTER_ACTIVE_LOOP","call_id":22,"pair":0,"slot":6,"node":19,"activity":1,"lambda_raw":[3.0724805681919715e-15,-3.1832148102618656e-18,-1.708132149128159e-15],"gap":-50.466247091306599}
MORTAR_OBSERVER {"kind":"POST_RAW_AFTER_ACTIVE_LOOP","call_id":22,"pair":0,"slot":7,"node":23,"activity":1,"lambda_raw":[5.229589613358606e-15,1.1204360219517463e-15,1.6484575955152128e-15],"gap":-24.502837927396314}
MORTAR_OBSERVER {"kind":"POST_RAW_AFTER_ACTIVE_LOOP","call_id":22,"pair":0,"slot":8,"node":24,"activity":2,"lambda_raw":[-0.022471330157998747,-0.0020878957603453312,-0.11919214874621609],"gap":-0.011919224655001651}
MORTAR_OBSERVER {"kind":"SUMMARY_PRE_OVERRIDE","call_id":22,"ndiverg":14,"flag":1,"keepset":0,"max_n":194604594660.72952,"max_t":[58.21379305663433,3.1312343768572122],"lm_t_av":[60.043128633714687,4.5580566666122078],"nstick":7,"nslip":2,"ninactive":0,"nnogap":0,"nolm":0}
MORTAR_OBSERVER {"kind":"SUMMARY_POST_OVERRIDE","call_id":22,"flag":1}
MORTAR_OBSERVER {"kind":"RETURN","call_id":22}
 Using up to 2 cpu(s) for the stress calculation.

 average force= 9.359981
 time avg. forc= 9.359981
 largest residual force= 12.311791 in node 31 and dof 3
 largest increment of disp= 8.626191e-02
 largest correction to disp= 7.486559e-02 in node 6 and dof 3

MORTAR_OBSERVER {"kind":"PRE_CHECK","call_id":22,"step":2,"inc":1,"cutback":0,"iteration":6,"time":0.125,"dtime":0.125,"ttime":1,"tper":1,"theta":0,"dtheta":0.125,"icntrl":0,"nmethod":1,"iexpl":0,"ithermal":0,"uncoupled":0,"mortar":2,"iflagdualquad":2}
 no convergence

MORTAR_OBSERVER {"kind":"POST_CHECK","call_id":22,"step":2,"inc":1,"cutback":0,"iteration":7,"time":0.125,"dtime":0.125,"ttime":1,"tper":1,"theta":0,"dtheta":0.125,"icntrl":0,"nmethod":1,"iexpl":0,"ithermal":0,"uncoupled":0,"mortar":2,"iflagdualquad":2}
 iteration 7

 Determining the structure of the matrix:

 Using up to 2 cpu(s) for setting up the structure of the matrix.
 number of equations
 75
 number of nonzero lower triangular matrix elements
 1143

 Using up to 2 cpu(s) for the stress calculation.

 Using up to 2 cpu(s) for the symmetric stiffness/mass contributions.

 Using up to 2 cpu(s) for the stress calculation.

 Using up to 2 cpu(s) for the symmetric stiffness/mass contributions.

 Factoring the system of equations using the unsymmetric spooles solver
 Using 1 cpu for spooles.

MORTAR_OBSERVER {"kind":"BEGIN","call_id":23,"step":2,"inc":1,"cutback":0,"iteration":7,"time":0.125,"dtime":0.125,"ttime":1,"tper":1,"theta":0,"dtheta":0.125,"icntrl":0,"nmethod":1,"iexpl":0,"ithermal":0,"uncoupled":0,"mortar":2,"iflagdualquad":2}
MORTAR_OBSERVER {"kind":"INVENTORY","call_id":23,"pair_count":1,"slave_count":9}
MORTAR_OBSERVER {"kind":"PAIR","call_id":23,"pair":0,"start":0,"end":9}
MORTAR_OBSERVER {"kind":"PRE_RAW","call_id":23,"pair":0,"slot":0,"node":1,"activity":1,"lambda_raw":[0.24493195670158441,-0.0017933373474962805,0.4619693684109441],"lambda_start":[0.00050770041307053907,0.00050770041306182371,-0.013186534862260218],"ddtil_count":1}
MORTAR_OBSERVER {"kind":"DDTIL","call_id":23,"pair":0,"column_slot":0,"source_slot":0,"destination_slot":0,"entry":0,"value":1333.3343393676209}
MORTAR_OBSERVER {"kind":"PRE_RAW","call_id":23,"pair":0,"slot":1,"node":2,"activity":1,"lambda_raw":[0.25281617969681786,-0.016975521792103945,-0.83806936310222513],"lambda_start":[-6.5464962046610109e-05,0.00026087484315341598,-0.012777605225325181],"ddtil_count":1}
MORTAR_OBSERVER {"kind":"DDTIL","call_id":23,"pair":0,"column_slot":1,"source_slot":1,"destination_slot":1,"entry":1,"value":666.66728295766052}
MORTAR_OBSERVER {"kind":"PRE_RAW","call_id":23,"pair":0,"slot":2,"node":3,"activity":1,"lambda_raw":[0.26882311282924903,-0.0074747842476895537,-0.44612305774654859],"lambda_start":[0.00010156884359217413,0.00010156884360142738,-0.012568975157651359],"ddtil_count":1}
MORTAR_OBSERVER {"kind":"DDTIL","call_id":23,"pair":0,"column_slot":2,"source_slot":2,"destination_slot":2,"entry":2,"value":1333.3347080434842}
MORTAR_OBSERVER {"kind":"PRE_RAW","call_id":23,"pair":0,"slot":3,"node":4,"activity":2,"lambda_raw":[-0.22431167303749108,-0.0061070928162555507,0.74821636073958186],"lambda_start":[0.00026087484312670427,-6.5464962048225706e-05,-0.012777605225320413],"ddtil_count":1}
MORTAR_OBSERVER {"kind":"DDTIL","call_id":23,"pair":0,"column_slot":3,"source_slot":3,"destination_slot":3,"entry":3,"value":666.66728295766029}
MORTAR_OBSERVER {"kind":"PRE_RAW","call_id":23,"pair":0,"slot":4,"node":17,"activity":1,"lambda_raw":[0.13850140692795618,-0.022790249465128098,-0.11519238343334773],"lambda_start":[-0.00073668481887303799,-9.7019711702975403e-05,-0.011300300351502958],"ddtil_count":1}
MORTAR_OBSERVER {"kind":"DDTIL","call_id":23,"pair":0,"column_slot":4,"source_slot":4,"destination_slot":4,"entry":4,"value":1000.0008247274735}
MORTAR_OBSERVER {"kind":"PRE_RAW","call_id":23,"pair":0,"slot":5,"node":18,"activity":1,"lambda_raw":[0.30362962379737202,-0.011030660422397269,-0.72649451694352452],"lambda_start":[0.00031679164735302451,-0.00033171886194272466,-0.011646333315327854],"ddtil_count":1}
MORTAR_OBSERVER {"kind":"DDTIL","call_id":23,"pair":0,"column_slot":5,"source_slot":5,"destination_slot":5,"entry":5,"value":1000.0009411514271}
MORTAR_OBSERVER {"kind":"PRE_RAW","call_id":23,"pair":0,"slot":6,"node":19,"activity":1,"lambda_raw":[0.30748334517196574,-0.0073121118796464438,-0.040102480684597944],"lambda_start":[-0.00016634120876597442,-0.00016634120876249758,-0.011364569524827929],"ddtil_count":1}
MORTAR_OBSERVER {"kind":"DDTIL","call_id":23,"pair":0,"column_slot":6,"source_slot":6,"destination_slot":6,"entry":6,"value":2000.0017392200903}
MORTAR_OBSERVER {"kind":"PRE_RAW","call_id":23,"pair":0,"slot":7,"node":23,"activity":1,"lambda_raw":[0.26670711784797091,0.015330878493542824,0.17034368167101671],"lambda_start":[-0.00033171886191928003,0.00031679164732769906,-0.011646333315327273],"ddtil_count":1}
MORTAR_OBSERVER {"kind":"DDTIL","call_id":23,"pair":0,"column_slot":7,"source_slot":7,"destination_slot":7,"entry":7,"value":1000.0009411514277}
MORTAR_OBSERVER {"kind":"PRE_RAW","call_id":23,"pair":0,"slot":8,"node":24,"activity":2,"lambda_raw":[-0.19559881068461057,-0.0052832660135289826,0.67032210667788272],"lambda_start":[-9.7019711699403892e-05,-0.00073668481884682697,-0.011300300351506478],"ddtil_count":1}
MORTAR_OBSERVER {"kind":"DDTIL","call_id":23,"pair":0,"column_slot":8,"source_slot":8,"destination_slot":8,"entry":8,"value":1000.0008247274731}
MORTAR_OBSERVER {"kind":"LAW","call_id":23,"pair":0,"slot":0,"node":1,"activity":1,"ndof":3,"normal":[7.4142375520434235e-08,7.4142375520434791e-08,-0.99999999999999456],"tangents":[0.99999999999999722,-5.4970918478131419e-15,7.414237552043405e-08,-1.5777218104420236e-30,0.99999999999999734,7.414237552043499e-08],"ln":-615.95959860242874,"lt":[326.57623434743454,-2.3910725987775816],"lt_start":[0.67693309128239354,0.67693309127077694],"q":-0.061595959860226479,"ut":[105.99684209814102,2.9200497918808583],"gn":-0.061595959860242876,"gt":[3.2589930125615214,-0.030680056900483584],"b":-184.78783039090973,"constant_n":10000000000,"constant_t":100,"mu":0.29999999999999999,"normal_mode":1,"tangent_mode":1,"normal_inverse_stiffness":0.0001,"tangent_inverse_stiffness":0.01,"p0":0,"beta":0,"iwan":1,"rn":-184.78787958072863,"rt":[102.7378490855795,2.950729848781342]}
MORTAR_OBSERVER {"kind":"LAW","call_id":23,"pair":0,"slot":1,"node":2,"activity":1,"ndof":3,"normal":[6.8390467289122116e-08,-4.1027436962417973e-08,-0.99999999999999689],"tangents":[0.99999999999999767,2.8058855855347727e-15,6.8390467289122063e-08,-0,0.99999999999999922,-4.1027436962418072e-08],"ln":558.7134372205461,"lt":[168.54423739554053,-11.31700206735065],"lt_start":[-0.043643930954672693,0.17391707236567855],"q":0.05587134372208169,"ut":[53.076850774860361,1.0290550771736229],"gn":0.055871343722054614,"gt":[1.685878813264952,-0.1149091913971633],"b":167.61411239285587,"constant_n":10000000000,"constant_t":100,"mu":0.29999999999999999,"normal_mode":1,"tangent_mode":1,"normal_inverse_stiffness":0.0001,"tangent_inverse_stiffness":0.01,"p0":0,"beta":0,"iwan":1,"rn":-8.1226692060454297e-05,"rt":[51.390971961595412,1.1439642685707863]}
MORTAR_OBSERVER {"kind":"LAW","call_id":23,"pair":0,"slot":2,"node":3,"activity":1,"ndof":3,"normal":[-4.5207793914620201e-08,-4.5207793914609362e-08,-0.999999999999998],"tangents":[0.999999999999999,-2.0437446306262833e-15,-4.5207793914620155e-08,-0,0.999999999999999,-4.5207793914609408e-08],"ln":594.83134119863485,"lt":[358.43121355054046,-9.9663623815677767],"lt_start":[0.13542602203891804,0.13542602205125598],"q":0.059483134119830083,"ut":[107.06484139320627,2.1640817595259514],"gn":0.059483134119863487,"gt":[3.5829578752850155,-0.10101788403619033],"b":178.44930214808468,"constant_n":10000000000,"constant_t":100,"mu":0.29999999999999999,"normal_mode":1,"tangent_mode":1,"normal_inverse_stiffness":0.0001,"tangent_inverse_stiffness":0.01,"p0":0,"beta":0,"iwan":1,"rn":0.00010021150575312276,"rt":[103.48188351792125,2.2650996435621416]}
MORTAR_OBSERVER {"kind":"LAW","call_id":23,"pair":0,"slot":3,"node":4,"activity":2,"ndof":3,"normal":[-4.1027436962437514e-08,6.8390467289151391e-08,-0.99999999999999689],"tangents":[0.99999999999999922,2.8058855855373057e-15,-4.1027436962437428e-08,7.8886090522101181e-31,0.99999999999999778,6.8390467289151457e-08],"ln":-498.81136242187461,"lt":[-149.5412740645431,-4.0713648606407586],"lt_start":[0.17391707234787057,-0.043643930955750233],"q":-0.049881136242185903,"ut":[57.086465922463312,2.5804898580433879],"gn":-0.049881136242187464,"gt":[-1.4971519113689098,-0.040277209296850087],"b":-149.64340404280898,"constant_n":10000000000,"constant_t":100,"mu":0.29999999999999999,"normal_mode":1,"tangent_mode":1,"normal_inverse_stiffness":0.0001,"tangent_inverse_stiffness":0.01,"p0":0,"beta":0,"iwan":1,"rn":-149.64340872656237,"rt":[-0.050460535415453478,2.6847467369396352]}
MORTAR_OBSERVER {"kind":"LAW","call_id":23,"pair":0,"slot":4,"node":17,"activity":1,"ndof":3,"normal":[7.2426709089877482e-08,1.5397177074202342e-08,-0.99999999999999734],"tangents":[0.99999999999999745,-1.115166864758587e-15,7.2426709089877482e-08,-0,1,1.5397177074202381e-08],"ln":115.19248811597437,"lt":[138.50151281085914,-22.790270034511948],"lt_start":[-0.7366862448814866,-0.097019965710666123],"q":0.011519248811616478,"ut":[78.481711029061088,1.7457837100125349],"gn":0.011519248811597438,"gt":[1.3923819905574064,-0.22693250068801285],"b":34.557803555766924,"constant_n":10000000000,"constant_t":100,"mu":0.29999999999999999,"normal_mode":1,"tangent_mode":1,"normal_inverse_stiffness":0.0001,"tangent_inverse_stiffness":0.01,"p0":0,"beta":0,"iwan":1,"rn":-5.7120974616964304e-05,"rt":[77.089329038503678,1.9727162107005478]}
MORTAR_OBSERVER {"kind":"LAW","call_id":23,"pair":0,"slot":5,"node":18,"activity":1,"ndof":3,"normal":[1.1965865623755442e-08,-4.3492139893534207e-08,-0.999999999999999],"tangents":[1,5.2042110165560376e-16,1.1965865623755432e-08,-9.8607613152626476e-32,0.99999999999999911,-4.3492139893534214e-08],"ln":726.49520479781745,"lt":[303.6299008656818,-11.030639207088157],"lt_start":[0.31679180614334473,-0.33171866761597019],"q":0.072649520479785679,"ut":[80.355230204458806,1.6309673246562899],"gn":0.072649520479781751,"gt":[3.033131090595385,-0.10698920539472187],"b":217.94857322158705,"constant_n":10000000000,"constant_t":100,"mu":0.29999999999999999,"normal_mode":1,"tangent_mode":1,"normal_inverse_stiffness":0.0001,"tangent_inverse_stiffness":0.01,"p0":0,"beta":0,"iwan":1,"rn":-1.1782241813307337e-05,"rt":[77.322099113863416,1.7379565300510118]}
MORTAR_OBSERVER {"kind":"LAW","call_id":23,"pair":0,"slot":6,"node":19,"activity":1,"ndof":3,"normal":[1.4467282659565779e-08,1.4467282659570933e-08,-0.99999999999999978],"tangents":[0.99999999999999989,-2.0930226755184727e-16,1.4467282659565778e-08,-0,0.99999999999999989,1.4467282659570934e-08],"ln":80.205039801567651,"lt":[614.9672239647939,-14.624237637013625],"lt_start":[-0.33268303566508606,-0.3326830356581324],"q":0.0080205039802052625,"ut":[160.86829305067477,3.6961631184109849],"gn":0.0080205039801567648,"gt":[6.15299907000459,-0.14291554601355494],"b":24.061657433462951,"constant_n":10000000000,"constant_t":100,"mu":0.29999999999999999,"normal_mode":1,"tangent_mode":1,"normal_inverse_stiffness":0.0001,"tangent_inverse_stiffness":0.01,"p0":0,"beta":0,"iwan":1,"rn":-0.00014549299265809168,"rt":[154.71529398067017,3.83907866442454]}
MORTAR_OBSERVER {"kind":"LAW","call_id":23,"pair":0,"slot":7,"node":23,"activity":1,"ndof":3,"normal":[-4.3492139893549387e-08,1.1965865623775503e-08,-0.999999999999999],"tangents":[0.99999999999999911,5.2042110165665827e-16,-4.3492139893549387e-08,-0,1,1.1965865623775516e-08],"ln":-170.34385340644252,"lt":[266.70736145113722,15.330894960532529],"lt_start":[-0.33171866759252555,0.3167918061180196],"q":-0.017034385340636504,"ut":[80.321735882951188,1.9219741845034868],"gn":-0.017034385340644251,"gt":[2.6703908011872972,0.1501410315441451],"b":-51.103132780107622,"constant_n":10000000000,"constant_t":100,"mu":0.29999999999999999,"normal_mode":1,"tangent_mode":1,"normal_inverse_stiffness":0.0001,"tangent_inverse_stiffness":0.01,"p0":0,"beta":0,"iwan":1,"rn":-51.103156021932755,"rt":[77.651345081763893,1.7718331529593416]}
MORTAR_OBSERVER {"kind":"LAW","call_id":23,"pair":0,"slot":8,"node":24,"activity":2,"ndof":3,"normal":[1.5397177074192042e-08,7.2426709089892398e-08,-0.99999999999999734],"tangents":[0.99999999999999989,-1.1151668647580677e-15,1.5397177074192005e-08,-1.9721522630525295e-31,0.99999999999999745,7.2426709089892398e-08],"ln":-670.3226629052599,"lt":[-195.59896167924674,-5.2832218215193416],"lt_start":[-0.09701996570709373,-0.73668624485527534],"q":-0.067032266290528109,"ut":[84.66847111384709,3.1139161707796026],"gn":-0.067032266290525999,"gt":[-1.9550194171353965,-0.045465355766640667],"b":-201.0968051998492,"constant_n":10000000000,"constant_t":100,"mu":0.29999999999999999,"normal_mode":1,"tangent_mode":1,"normal_inverse_stiffness":0.0001,"tangent_inverse_stiffness":0.01,"p0":0,"beta":0,"iwan":1,"rn":-201.09679887157796,"rt":[5.3626175936663856,2.0902927897611407]}
MORTAR_OBSERVER {"kind":"POST_RAW_AFTER_ACTIVE_LOOP","call_id":23,"pair":0,"slot":0,"node":1,"activity":0,"lambda_raw":[0,0,0],"gap":0.061595959860226479}
MORTAR_OBSERVER {"kind":"POST_RAW_AFTER_ACTIVE_LOOP","call_id":23,"pair":0,"slot":1,"node":2,"activity":2,"lambda_raw":[0.25281617969681786,-0.016975521792103945,-0.83806936310222513],"gap":-0.05587134372208169}
MORTAR_OBSERVER {"kind":"POST_RAW_AFTER_ACTIVE_LOOP","call_id":23,"pair":0,"slot":2,"node":3,"activity":2,"lambda_raw":[0.26882311282924903,-0.0074747842476895537,-0.44612305774654859],"gap":-0.059483134119830083}
MORTAR_OBSERVER {"kind":"POST_RAW_AFTER_ACTIVE_LOOP","call_id":23,"pair":0,"slot":3,"node":4,"activity":0,"lambda_raw":[0,0,0],"gap":0.049881136242185903}
MORTAR_OBSERVER {"kind":"POST_RAW_AFTER_ACTIVE_LOOP","call_id":23,"pair":0,"slot":4,"node":17,"activity":2,"lambda_raw":[0.13850140692795618,-0.022790249465128098,-0.11519238343334773],"gap":-0.011519248811616478}
MORTAR_OBSERVER {"kind":"POST_RAW_AFTER_ACTIVE_LOOP","call_id":23,"pair":0,"slot":5,"node":18,"activity":2,"lambda_raw":[0.30362962379737202,-0.011030660422397269,-0.72649451694352452],"gap":-0.072649520479785679}
MORTAR_OBSERVER {"kind":"POST_RAW_AFTER_ACTIVE_LOOP","call_id":23,"pair":0,"slot":6,"node":19,"activity":2,"lambda_raw":[0.30748334517196574,-0.0073121118796464438,-0.040102480684597944],"gap":-0.0080205039802052625}
MORTAR_OBSERVER {"kind":"POST_RAW_AFTER_ACTIVE_LOOP","call_id":23,"pair":0,"slot":7,"node":23,"activity":0,"lambda_raw":[0,0,0],"gap":0.017034385340636504}
MORTAR_OBSERVER {"kind":"POST_RAW_AFTER_ACTIVE_LOOP","call_id":23,"pair":0,"slot":8,"node":24,"activity":0,"lambda_raw":[0,0,0],"gap":0.067032266290528109}
MORTAR_OBSERVER {"kind":"SUMMARY_PRE_OVERRIDE","call_id":23,"ndiverg":14,"flag":1,"keepset":0,"max_n":201.09679887157796,"max_t":[154.71529398067017,3.83907866442454],"lm_t_av":[1584.0740885874159,69.728511327532161],"nstick":0,"nslip":5,"ninactive":4,"nnogap":0,"nolm":0}
MORTAR_OBSERVER {"kind":"SUMMARY_POST_OVERRIDE","call_id":23,"flag":1}
MORTAR_OBSERVER {"kind":"RETURN","call_id":23}
 Using up to 2 cpu(s) for the stress calculation.

 average force= 187.689253
 time avg. forc= 187.689253
 largest residual force= 1117.906625 in node 24 and dof 3
 largest increment of disp= 8.626191e-02
 largest correction to disp= 4.208874e-02 in node 2 and dof 3

MORTAR_OBSERVER {"kind":"PRE_CHECK","call_id":23,"step":2,"inc":1,"cutback":0,"iteration":7,"time":0.125,"dtime":0.125,"ttime":1,"tper":1,"theta":0,"dtheta":0.125,"icntrl":0,"nmethod":1,"iexpl":0,"ithermal":0,"uncoupled":0,"mortar":2,"iflagdualquad":2}
 no convergence

MORTAR_OBSERVER {"kind":"POST_CHECK","call_id":23,"step":2,"inc":1,"cutback":0,"iteration":8,"time":0.125,"dtime":0.125,"ttime":1,"tper":1,"theta":0,"dtheta":0.125,"icntrl":0,"nmethod":1,"iexpl":0,"ithermal":0,"uncoupled":0,"mortar":2,"iflagdualquad":2}
 iteration 8

 Determining the structure of the matrix:

 Using up to 2 cpu(s) for setting up the structure of the matrix.
 number of equations
 75
 number of nonzero lower triangular matrix elements
 1143

 Using up to 2 cpu(s) for the stress calculation.

 Using up to 2 cpu(s) for the symmetric stiffness/mass contributions.

 Using up to 2 cpu(s) for the stress calculation.

 Using up to 2 cpu(s) for the symmetric stiffness/mass contributions.

 Factoring the system of equations using the unsymmetric spooles solver
 Using 1 cpu for spooles.

MORTAR_OBSERVER {"kind":"BEGIN","call_id":24,"step":2,"inc":1,"cutback":0,"iteration":8,"time":0.125,"dtime":0.125,"ttime":1,"tper":1,"theta":0,"dtheta":0.125,"icntrl":0,"nmethod":1,"iexpl":0,"ithermal":0,"uncoupled":0,"mortar":2,"iflagdualquad":2}
MORTAR_OBSERVER {"kind":"INVENTORY","call_id":24,"pair_count":1,"slave_count":9}
MORTAR_OBSERVER {"kind":"PAIR","call_id":24,"pair":0,"start":0,"end":9}
MORTAR_OBSERVER {"kind":"PRE_RAW","call_id":24,"pair":0,"slot":0,"node":1,"activity":0,"lambda_raw":[7.2475304363049333e-16,-2.5313065862094434e-16,5.9685544769570035e-16],"lambda_start":[0.00050770041307053907,0.00050770041306182371,-0.013186534862260218],"ddtil_count":1}
MORTAR_OBSERVER {"kind":"DDTIL","call_id":24,"pair":0,"column_slot":0,"source_slot":0,"destination_slot":0,"entry":0,"value":1333.3343393676209}
MORTAR_OBSERVER {"kind":"PRE_RAW","call_id":24,"pair":0,"slot":1,"node":2,"activity":2,"lambda_raw":[0.0068708499635682851,0.0041092270145682138,-0.021413290949276319],"lambda_start":[-6.5464962046610109e-05,0.00026087484315341598,-0.012777605225325181],"ddtil_count":1}
MORTAR_OBSERVER {"kind":"DDTIL","call_id":24,"pair":0,"column_slot":1,"source_slot":1,"destination_slot":1,"entry":1,"value":666.66728295766052}
MORTAR_OBSERVER {"kind":"PRE_RAW","call_id":24,"pair":0,"slot":2,"node":3,"activity":2,"lambda_raw":[0.0079557189218287354,-0.00073191565861674185,-0.026183580448150282],"lambda_start":[0.00010156884359217413,0.00010156884360142738,-0.012568975157651359],"ddtil_count":1}
MORTAR_OBSERVER {"kind":"DDTIL","call_id":24,"pair":0,"column_slot":2,"source_slot":2,"destination_slot":2,"entry":2,"value":1333.3347080434842}
MORTAR_OBSERVER {"kind":"PRE_RAW","call_id":24,"pair":0,"slot":3,"node":4,"activity":0,"lambda_raw":[2.1316262367272234e-16,6.2882973983453095e-16,-3.4106019787635575e-16],"lambda_start":[0.00026087484312670427,-6.5464962048225706e-05,-0.012777605225320413],"ddtil_count":1}
MORTAR_OBSERVER {"kind":"DDTIL","call_id":24,"pair":0,"column_slot":3,"source_slot":3,"destination_slot":3,"entry":3,"value":666.66728295766029}
MORTAR_OBSERVER {"kind":"PRE_RAW","call_id":24,"pair":0,"slot":4,"node":17,"activity":2,"lambda_raw":[0.0041666475304178632,0.002503294115181865,-0.012922900925118311],"lambda_start":[-0.00073668481887303799,-9.7019711702975403e-05,-0.011300300351502958],"ddtil_count":1}
MORTAR_OBSERVER {"kind":"DDTIL","call_id":24,"pair":0,"column_slot":4,"source_slot":4,"destination_slot":4,"entry":4,"value":1000.0008247274735}
MORTAR_OBSERVER {"kind":"PRE_RAW","call_id":24,"pair":0,"slot":5,"node":18,"activity":2,"lambda_raw":[0.0075076104186388472,-0.00033283154192664284,-0.024364339879033938],"lambda_start":[0.00031679164735302451,-0.00033171886194272466,-0.011646333315327854],"ddtil_count":1}
MORTAR_OBSERVER {"kind":"DDTIL","call_id":24,"pair":0,"column_slot":5,"source_slot":5,"destination_slot":5,"entry":5,"value":1000.0009411514271}
MORTAR_OBSERVER {"kind":"PRE_RAW","call_id":24,"pair":0,"slot":6,"node":19,"activity":2,"lambda_raw":[0.0050379444151972081,-2.7255611344378962e-05,-0.016762839682240731],"lambda_start":[-0.00016634120876597442,-0.00016634120876249758,-0.011364569524827929],"ddtil_count":1}
MORTAR_OBSERVER {"kind":"DDTIL","call_id":24,"pair":0,"column_slot":6,"source_slot":6,"destination_slot":6,"entry":6,"value":2000.0017392200903}
MORTAR_OBSERVER {"kind":"PRE_RAW","call_id":24,"pair":0,"slot":7,"node":23,"activity":0,"lambda_raw":[1.1368673072518709e-15,1.1901579622793024e-16,2.8421682681296772e-16],"lambda_start":[-0.00033171886191928003,0.00031679164732769906,-0.011646333315327273],"ddtil_count":1}
MORTAR_OBSERVER {"kind":"DDTIL","call_id":24,"pair":0,"column_slot":7,"source_slot":7,"destination_slot":7,"entry":7,"value":1000.0009411514277}
MORTAR_OBSERVER {"kind":"PRE_RAW","call_id":24,"pair":0,"slot":8,"node":24,"activity":0,"lambda_raw":[-1.9610963333278532e-15,-1.0009762534694251e-15,2.0463613912986293e-15],"lambda_start":[-9.7019711699403892e-05,-0.00073668481884682697,-0.011300300351506478],"ddtil_count":1}
MORTAR_OBSERVER {"kind":"DDTIL","call_id":24,"pair":0,"column_slot":8,"source_slot":8,"destination_slot":8,"entry":8,"value":1000.0008247274731}
MORTAR_OBSERVER {"kind":"LAW","call_id":24,"pair":0,"slot":0,"node":1,"activity":0,"ndof":3,"normal":[7.4142375520434235e-08,7.4142375520434791e-08,-0.99999999999999456],"tangents":[0.99999999999999722,-5.4970918478131419e-15,7.414237552043405e-08,-1.5777218104420236e-30,0.99999999999999734,7.414237552043499e-08],"ln":-7.9580781742833408e-13,"lt":[9.6633817963682116e-13,-3.3750774048296116e-13],"lt_start":[0.67693309128239354,0.67693309127077694],"q":0.16532976115005857,"ut":[165.72815445420977,-0.20372531873729927],"gn":-7.9580781742833416e-17,"gt":[-0.0067693309128142726,-0.006769330912711145],"b":495989283.45017594,"constant_n":10000000000,"constant_t":100,"mu":0.29999999999999999,"normal_mode":1,"tangent_mode":1,"normal_inverse_stiffness":0.0001,"tangent_inverse_stiffness":0.01,"p0":0,"beta":0,"iwan":1,"rn":-495989283.45017594,"rt":[9.6633817963682116e-13,-3.3750774048296116e-13]}
MORTAR_OBSERVER {"kind":"LAW","call_id":24,"pair":0,"slot":1,"node":2,"activity":2,"ndof":3,"normal":[6.8390467289122116e-08,-4.1027436962417973e-08,-0.99999999999999689],"tangents":[0.99999999999999767,2.8058855855347727e-15,6.8390467289122063e-08,-0,0.99999999999999922,-4.1027436962418072e-08],"ln":14.275540697209106,"lt":[4.5805699005109215,2.7394877945472458],"lt_start":[-0.043643930954672693,0.17391707236567855],"q":0.0014275540697222255,"ut":[82.798898073215057,-0.1189889252224977],"gn":0.0014275540697209106,"gt":[0.046242138314655942,0.025655707221815673],"b":4.2826661539239161,"constant_n":10000000000,"constant_t":100,"mu":0.29999999999999999,"normal_mode":1,"tangent_mode":1,"normal_inverse_stiffness":0.0001,"tangent_inverse_stiffness":0.01,"p0":0,"beta":0,"iwan":1,"rn":-3.9447611843712593e-06,"rt":[0.29790804059571308,2.745552412678641]}
MORTAR_OBSERVER {"kind":"LAW","call_id":24,"pair":0,"slot":2,"node":3,"activity":2,"ndof":3,"normal":[-4.5207793914620201e-08,-4.5207793914609362e-08,-0.999999999999998],"tangents":[0.999999999999999,-2.0437446306262833e-15,-4.5207793914620155e-08,-0,0.999999999999999,-4.5207793914609408e-08],"ln":34.911476156937404,"lt":[10.60763774418337,-0.97588697272336788],"lt_start":[0.13542602203891804,0.13542602205125598],"q":0.0034911476156872928,"ut":[165.58044101925702,-0.17342527067619853],"gn":0.0034911476156937403,"gt":[0.10472211722144453,-0.011113129947746238],"b":10.473423504480783,"constant_n":10000000000,"constant_t":100,"mu":0.29999999999999999,"normal_mode":1,"tangent_mode":1,"normal_inverse_stiffness":0.0001,"tangent_inverse_stiffness":0.01,"p0":0,"beta":0,"iwan":1,"rn":1.9342600438676527e-05,"rt":[0.13421989491030928,-0.96500309754127289]}
MORTAR_OBSERVER {"kind":"LAW","call_id":24,"pair":0,"slot":3,"node":4,"activity":0,"ndof":3,"normal":[-4.1027436962437514e-08,6.8390467289151391e-08,-0.99999999999999689],"tangents":[0.99999999999999922,2.8058855855373057e-15,-4.1027436962437428e-08,7.8886090522101181e-31,0.99999999999999778,6.8390467289151457e-08],"ln":2.2737369828354821e-13,"lt":[1.4210855648058027e-13,4.1922019854826634e-13],"lt_start":[0.17391707234787057,-0.043643930955750233],"q":0.086514973022979502,"ut":[82.855536988403657,-0.093649440576514378],"gn":2.2737369828354821e-17,"gt":[-0.0017391707234772848,0.00043643930956169453],"b":259544919.0689384,"constant_n":10000000000,"constant_t":100,"mu":0.29999999999999999,"normal_mode":1,"tangent_mode":1,"normal_inverse_stiffness":0.0001,"tangent_inverse_stiffness":0.01,"p0":0,"beta":0,"iwan":1,"rn":-259544919.0689384,"rt":[1.4210855648058027e-13,4.1922019854826634e-13]}
MORTAR_OBSERVER {"kind":"LAW","call_id":24,"pair":0,"slot":4,"node":17,"activity":2,"ndof":3,"normal":[7.2426709089877482e-08,1.5397177074202342e-08,-0.99999999999999734],"tangents":[0.99999999999999745,-1.115166864758587e-15,7.2426709089877482e-08,-0,1,1.5397177074202381e-08],"ln":12.922911923310219,"lt":[4.1666500308025824,2.5032959807409378],"lt_start":[-0.7366862448814866,-0.097019965710666123],"q":0.001292291192330583,"ut":[124.22154047350105,-0.18180950478350896],"gn":0.0012922911923310219,"gt":[0.049033362756840691,0.026003159464516038],"b":3.8768722603379473,"constant_n":10000000000,"constant_t":100,"mu":0.29999999999999999,"normal_mode":1,"tangent_mode":1,"normal_inverse_stiffness":0.0001,"tangent_inverse_stiffness":0.01,"p0":0,"beta":0,"iwan":1,"rn":1.3166551182663966e-06,"rt":[0.28978196771062992,2.5090007467763025]}
MORTAR_OBSERVER {"kind":"LAW","call_id":24,"pair":0,"slot":5,"node":18,"activity":2,"ndof":3,"normal":[1.1965865623755442e-08,-4.3492139893534207e-08,-0.999999999999999],"tangents":[1,5.2042110165560376e-16,1.1965865623755432e-08,-9.8607613152626476e-32,0.99999999999999911,-4.3492139893534214e-08],"ln":24.364362913877873,"lt":[7.5076171928964159,-0.33283079551324751],"lt_start":[0.31679180614334473,-0.33171866761597019],"q":0.0024364362913924797,"ut":[124.21575201429806,-0.13710186805456212],"gn":0.0024364362913877873,"gt":[0.071908253867530719,-1.1121278972773263e-05],"b":7.3093229514443694,"constant_n":10000000000,"constant_t":100,"mu":0.29999999999999999,"normal_mode":1,"tangent_mode":1,"normal_inverse_stiffness":0.0001,"tangent_inverse_stiffness":0.01,"p0":0,"beta":0,"iwan":1,"rn":-1.407728100755179e-05,"rt":[0.19829891152141865,-0.32456822517085887]}
MORTAR_OBSERVER {"kind":"LAW","call_id":24,"pair":0,"slot":6,"node":19,"activity":2,"ndof":3,"normal":[1.4467282659565779e-08,1.4467282659570933e-08,-0.99999999999999978],"tangents":[0.99999999999999989,-2.0930226755184727e-16,1.4467282659565778e-08,-0,0.99999999999999989,1.4467282659570934e-08],"ln":33.52570866373123,"lt":[10.075897107462653,-0.054511755118166243],"lt_start":[-0.33268303566508606,-0.3326830356581324],"q":0.0033525708663714859,"ut":[248.46482055305492,-0.2917467509744644],"gn":0.003352570866373123,"gt":[0.10408580143127739,0.0027817128053996614],"b":10.057707687683529,"constant_n":10000000000,"constant_t":100,"mu":0.29999999999999999,"normal_mode":1,"tangent_mode":1,"normal_inverse_stiffness":0.0001,"tangent_inverse_stiffness":0.01,"p0":0,"beta":0,"iwan":1,"rn":4.9114358393609336e-06,"rt":[0.018196512469900838,-0.042567201094707997]}
MORTAR_OBSERVER {"kind":"LAW","call_id":24,"pair":0,"slot":7,"node":23,"activity":0,"ndof":3,"normal":[-4.3492139893549387e-08,1.1965865623775503e-08,-0.999999999999999],"tangents":[0.99999999999999911,5.2042110165665827e-16,-4.3492139893549387e-08,-0,1,1.1965865623775516e-08],"ln":-2.8421714232474987e-13,"lt":[1.1368683648549495e-12,1.1901591164072034e-13],"lt_start":[-0.33171866759252555,0.3167918061180196],"q":0.16167347753364747,"ut":[124.22413933513035,-0.13278762298269936],"gn":-2.8421714232474991e-17,"gt":[0.0033171866759366241,-0.0031679180611790059],"b":485020432.60094243,"constant_n":10000000000,"constant_t":100,"mu":0.29999999999999999,"normal_mode":1,"tangent_mode":1,"normal_inverse_stiffness":0.0001,"tangent_inverse_stiffness":0.01,"p0":0,"beta":0,"iwan":1,"rn":-485020432.60094243,"rt":[1.1368683648549495e-12,1.1901591164072034e-13]}
MORTAR_OBSERVER {"kind":"LAW","call_id":24,"pair":0,"slot":8,"node":24,"activity":0,"ndof":3,"normal":[1.5397177074192042e-08,7.2426709089892398e-08,-0.99999999999999734],"tangents":[0.99999999999999989,-1.1151668647580677e-15,1.5397177074192005e-08,-1.9721522630525295e-31,0.99999999999999745,7.2426709089892398e-08],"ln":-2.0463631816819311e-12,"lt":[-1.9610979191896602e-12,-1.0009769307906951e-12],"lt_start":[-0.09701996570709373,-0.73668624485527534],"q":0.084035439341336032,"ut":[124.2919940277138,-0.13859895294309207],"gn":-2.0463631816819312e-16,"gt":[0.00097019965705132636,0.0073668624485427438],"b":252106318.02400869,"constant_n":10000000000,"constant_t":100,"mu":0.29999999999999999,"normal_mode":1,"tangent_mode":1,"normal_inverse_stiffness":0.0001,"tangent_inverse_stiffness":0.01,"p0":0,"beta":0,"iwan":1,"rn":-252106318.02400869,"rt":[-1.9610979191896602e-12,-1.0009769307906951e-12]}
MORTAR_OBSERVER {"kind":"POST_RAW_AFTER_ACTIVE_LOOP","call_id":24,"pair":0,"slot":0,"node":1,"activity":1,"lambda_raw":[7.2475304363049333e-16,-2.5313065862094434e-16,5.9685544769570035e-16],"gap":-0.16532976115005857}
MORTAR_OBSERVER {"kind":"POST_RAW_AFTER_ACTIVE_LOOP","call_id":24,"pair":0,"slot":1,"node":2,"activity":2,"lambda_raw":[0.0068708499635682851,0.0041092270145682138,-0.021413290949276319],"gap":-0.0014275540697222255}
MORTAR_OBSERVER {"kind":"POST_RAW_AFTER_ACTIVE_LOOP","call_id":24,"pair":0,"slot":2,"node":3,"activity":2,"lambda_raw":[0.0079557189218287354,-0.00073191565861674185,-0.026183580448150282],"gap":-0.0034911476156872928}
MORTAR_OBSERVER {"kind":"POST_RAW_AFTER_ACTIVE_LOOP","call_id":24,"pair":0,"slot":3,"node":4,"activity":1,"lambda_raw":[2.1316262367272234e-16,6.2882973983453095e-16,-3.4106019787635575e-16],"gap":-0.086514973022979502}
MORTAR_OBSERVER {"kind":"POST_RAW_AFTER_ACTIVE_LOOP","call_id":24,"pair":0,"slot":4,"node":17,"activity":2,"lambda_raw":[0.0041666475304178632,0.002503294115181865,-0.012922900925118311],"gap":-0.001292291192330583}
MORTAR_OBSERVER {"kind":"POST_RAW_AFTER_ACTIVE_LOOP","call_id":24,"pair":0,"slot":5,"node":18,"activity":2,"lambda_raw":[0.0075076104186388472,-0.00033283154192664284,-0.024364339879033938],"gap":-0.0024364362913924797}
MORTAR_OBSERVER {"kind":"POST_RAW_AFTER_ACTIVE_LOOP","call_id":24,"pair":0,"slot":6,"node":19,"activity":2,"lambda_raw":[0.0050379444151972081,-2.7255611344378962e-05,-0.016762839682240731],"gap":-0.0033525708663714859}
MORTAR_OBSERVER {"kind":"POST_RAW_AFTER_ACTIVE_LOOP","call_id":24,"pair":0,"slot":7,"node":23,"activity":1,"lambda_raw":[1.1368673072518709e-15,1.1901579622793024e-16,2.8421682681296772e-16],"gap":-0.16167347753364747}
MORTAR_OBSERVER {"kind":"POST_RAW_AFTER_ACTIVE_LOOP","call_id":24,"pair":0,"slot":8,"node":24,"activity":1,"lambda_raw":[-1.9610963333278532e-15,-1.0009762534694251e-15,2.0463613912986293e-15],"gap":-0.084035439341336032}
MORTAR_OBSERVER {"kind":"SUMMARY_PRE_OVERRIDE","call_id":24,"ndiverg":14,"flag":1,"keepset":0,"max_n":495989283.45017594,"max_t":[0.29790804059571308,2.745552412678641],"lm_t_av":[36.93837197586015,6.6060132986448421],"nstick":4,"nslip":5,"ninactive":0,"nnogap":0,"nolm":0}
MORTAR_OBSERVER {"kind":"SUMMARY_POST_OVERRIDE","call_id":24,"flag":1}
MORTAR_OBSERVER {"kind":"RETURN","call_id":24}
 Using up to 2 cpu(s) for the stress calculation.

 average force= 6.138687
 time avg. forc= 6.138687
 largest residual force= 2.382648 in node 31 and dof 3
 largest increment of disp= 8.626191e-02
 largest correction to disp= 3.310202e-02 in node 17 and dof 1

MORTAR_OBSERVER {"kind":"PRE_CHECK","call_id":24,"step":2,"inc":1,"cutback":0,"iteration":8,"time":0.125,"dtime":0.125,"ttime":1,"tper":1,"theta":0,"dtheta":0.125,"icntrl":0,"nmethod":1,"iexpl":0,"ithermal":0,"uncoupled":0,"mortar":2,"iflagdualquad":2}
 no convergence

MORTAR_OBSERVER {"kind":"POST_CHECK","call_id":24,"step":2,"inc":1,"cutback":0,"iteration":9,"time":0.125,"dtime":0.125,"ttime":1,"tper":1,"theta":0,"dtheta":0.125,"icntrl":0,"nmethod":1,"iexpl":0,"ithermal":0,"uncoupled":0,"mortar":2,"iflagdualquad":2}
 iteration 9

 Determining the structure of the matrix:

 Using up to 2 cpu(s) for setting up the structure of the matrix.
 number of equations
 75
 number of nonzero lower triangular matrix elements
 1143

 Using up to 2 cpu(s) for the stress calculation.

 Using up to 2 cpu(s) for the symmetric stiffness/mass contributions.

 Using up to 2 cpu(s) for the stress calculation.

 Using up to 2 cpu(s) for the symmetric stiffness/mass contributions.

 Factoring the system of equations using the unsymmetric spooles solver
 Using 1 cpu for spooles.

MORTAR_OBSERVER {"kind":"BEGIN","call_id":25,"step":2,"inc":1,"cutback":0,"iteration":9,"time":0.125,"dtime":0.125,"ttime":1,"tper":1,"theta":0,"dtheta":0.125,"icntrl":0,"nmethod":1,"iexpl":0,"ithermal":0,"uncoupled":0,"mortar":2,"iflagdualquad":2}
MORTAR_OBSERVER {"kind":"INVENTORY","call_id":25,"pair_count":1,"slave_count":9}
MORTAR_OBSERVER {"kind":"PAIR","call_id":25,"pair":0,"start":0,"end":9}
MORTAR_OBSERVER {"kind":"PRE_RAW","call_id":25,"pair":0,"slot":0,"node":1,"activity":1,"lambda_raw":[0.00039266153646657341,0.00098455175187753458,-0.0036583965484071079],"lambda_start":[0.00050770041307053907,0.00050770041306182371,-0.013186534862260218],"ddtil_count":1}
MORTAR_OBSERVER {"kind":"DDTIL","call_id":25,"pair":0,"column_slot":0,"source_slot":0,"destination_slot":0,"entry":0,"value":1333.3343393676209}
MORTAR_OBSERVER {"kind":"PRE_RAW","call_id":25,"pair":0,"slot":1,"node":2,"activity":2,"lambda_raw":[0.007427193960432594,-6.8641336833038031e-06,-0.024756565781536514],"lambda_start":[-6.5464962046610109e-05,0.00026087484315341598,-0.012777605225325181],"ddtil_count":1}
MORTAR_OBSERVER {"kind":"DDTIL","call_id":25,"pair":0,"column_slot":1,"source_slot":1,"destination_slot":1,"entry":1,"value":666.66728295766052}
MORTAR_OBSERVER {"kind":"PRE_RAW","call_id":25,"pair":0,"slot":2,"node":3,"activity":2,"lambda_raw":[0.0065737274041129928,-3.7118367114750627e-06,-0.021912430962717923],"lambda_start":[0.00010156884359217413,0.00010156884360142738,-0.012568975157651359],"ddtil_count":1}
MORTAR_OBSERVER {"kind":"DDTIL","call_id":25,"pair":0,"column_slot":2,"source_slot":2,"destination_slot":2,"entry":2,"value":1333.3347080434842}
MORTAR_OBSERVER {"kind":"PRE_RAW","call_id":25,"pair":0,"slot":3,"node":4,"activity":1,"lambda_raw":[-0.00084783438551478329,0.0013926970309521519,-0.0030962870339251167],"lambda_start":[0.00026087484312670427,-6.5464962048225706e-05,-0.012777605225320413],"ddtil_count":1}
MORTAR_OBSERVER {"kind":"DDTIL","call_id":25,"pair":0,"column_slot":3,"source_slot":3,"destination_slot":3,"entry":3,"value":666.66728295766029}
MORTAR_OBSERVER {"kind":"PRE_RAW","call_id":25,"pair":0,"slot":4,"node":17,"activity":2,"lambda_raw":[0.0030511461842912388,-2.7689292677769806e-06,-0.010170283854340687],"lambda_start":[-0.00073668481887303799,-9.7019711702975403e-05,-0.011300300351502958],"ddtil_count":1}
MORTAR_OBSERVER {"kind":"DDTIL","call_id":25,"pair":0,"column_slot":4,"source_slot":4,"destination_slot":4,"entry":4,"value":1000.0008247274735}
MORTAR_OBSERVER {"kind":"PRE_RAW","call_id":25,"pair":0,"slot":5,"node":18,"activity":2,"lambda_raw":[0.0071840326948826262,-5.1624806314742909e-06,-0.023946777356547159],"lambda_start":[0.00031679164735302451,-0.00033171886194272466,-0.011646333315327854],"ddtil_count":1}
MORTAR_OBSERVER {"kind":"DDTIL","call_id":25,"pair":0,"column_slot":5,"source_slot":5,"destination_slot":5,"entry":5,"value":1000.0009411514271}
MORTAR_OBSERVER {"kind":"PRE_RAW","call_id":25,"pair":0,"slot":6,"node":19,"activity":2,"lambda_raw":[0.0035256208631821145,-2.7249599994521902e-06,-0.011752071415644813],"lambda_start":[-0.00016634120876597442,-0.00016634120876249758,-0.011364569524827929],"ddtil_count":1}
MORTAR_OBSERVER {"kind":"DDTIL","call_id":25,"pair":0,"column_slot":6,"source_slot":6,"destination_slot":6,"entry":6,"value":2000.0017392200903}
MORTAR_OBSERVER {"kind":"PRE_RAW","call_id":25,"pair":0,"slot":7,"node":23,"activity":1,"lambda_raw":[0.00026156895412204477,0.0024868054407619715,-0.0097532104085719749],"lambda_start":[-0.00033171886191928003,0.00031679164732769906,-0.011646333315327273],"ddtil_count":1}
MORTAR_OBSERVER {"kind":"DDTIL","call_id":25,"pair":0,"column_slot":7,"source_slot":7,"destination_slot":7,"entry":7,"value":1000.0009411514277}
MORTAR_OBSERVER {"kind":"PRE_RAW","call_id":25,"pair":0,"slot":8,"node":24,"activity":1,"lambda_raw":[0.00015812430114529432,3.5540328740084689e-05,3.7531158056486468e-05],"lambda_start":[-9.7019711699403892e-05,-0.00073668481884682697,-0.011300300351506478],"ddtil_count":1}
MORTAR_OBSERVER {"kind":"DDTIL","call_id":25,"pair":0,"column_slot":8,"source_slot":8,"destination_slot":8,"entry":8,"value":1000.0008247274731}
MORTAR_OBSERVER {"kind":"LAW","call_id":25,"pair":0,"slot":0,"node":1,"activity":1,"ndof":3,"normal":[7.4142375520434235e-08,7.4142375520434791e-08,-0.99999999999999456],"tangents":[0.99999999999999722,-5.4970918478131419e-15,7.414237552043405e-08,-1.5777218104420236e-30,0.99999999999999734,7.414237552043499e-08],"ln":4.8778658811617381,"lt":[0.52354874866317114,1.3127362980063091],"lt_start":[0.67693309128239354,0.67693309127077694],"q":0.00048778658811612918,"ut":[165.73338945271448,-0.19059795517613756],"gn":0.00048778658811617385,"gt":[-0.0015338434261922241,0.0063580320673553214],"b":1.4633596303411329,"constant_n":10000000000,"constant_t":100,"mu":0.29999999999999999,"normal_mode":1,"tangent_mode":1,"normal_inverse_stiffness":0.0001,"tangent_inverse_stiffness":0.01,"p0":0,"beta":0,"iwan":1,"rn":1.3400738851920835e-07,"rt":[165.73492329614066,-0.19695598724349289]}
MORTAR_OBSERVER {"kind":"LAW","call_id":25,"pair":0,"slot":1,"node":2,"activity":2,"ndof":3,"normal":[6.8390467289122116e-08,-4.1027436962417973e-08,-0.99999999999999689],"tangents":[0.99999999999999767,2.8058855855347727e-15,6.8390467289122063e-08,-0,0.99999999999999922,-4.1027436962418072e-08],"ln":16.504392783760395,"lt":[4.9514660888580204,-0.0045754162195856636],"lt_start":[-0.043643930954672693,0.17391707236567855],"q":0.0016504392783760278,"ut":[82.819298546907476,-0.061462156853707942],"gn":0.0016504392783760395,"gt":[0.04995110019812693,-0.0017849248858526421],"b":4.951317799999968,"constant_n":10000000000,"constant_t":100,"mu":0.29999999999999999,"normal_mode":1,"tangent_mode":1,"normal_inverse_stiffness":0.0001,"tangent_inverse_stiffness":0.01,"p0":0,"beta":0,"iwan":1,"rn":3.5128150166485739e-08,"rt":[0.00014957626292222415,-0.0010048840982552773]}
MORTAR_OBSERVER {"kind":"LAW","call_id":25,"pair":0,"slot":2,"node":3,"activity":2,"ndof":3,"normal":[-4.5207793914620201e-08,-4.5207793914609362e-08,-0.999999999999998],"tangents":[0.999999999999999,-2.0437446306262833e-15,-4.5207793914620155e-08,-0,0.999999999999999,-4.5207793914609408e-08],"ln":29.216604344176826,"lt":[8.7649802299386845,-0.004947799899753704],"lt_start":[0.13542602203891804,0.13542602205125598],"q":0.0029216604344176589,"ut":[165.57795449635023,-0.10741201679957378],"gn":0.0029216604344176828,"gt":[0.086295542078997672,-0.0014037382195100968],"b":8.7649812316957032,"constant_n":10000000000,"constant_t":100,"mu":0.29999999999999999,"normal_mode":1,"tangent_mode":1,"normal_inverse_stiffness":0.0001,"tangent_inverse_stiffness":0.01,"p0":0,"beta":0,"iwan":1,"rn":7.1557344938355527e-08,"rt":[7.9625919369163967e-07,0.00066639224888194893]}
MORTAR_OBSERVER {"kind":"LAW","call_id":25,"pair":0,"slot":3,"node":4,"activity":1,"ndof":3,"normal":[-4.1027436962437514e-08,6.8390467289151391e-08,-0.99999999999999689],"tangents":[0.99999999999999922,2.8058855855373057e-15,-4.1027436962437428e-08,7.8886090522101181e-31,0.99999999999999778,6.8390467289151457e-08],"ln":2.0641933508517463,"lt":[-0.565223361500656,0.9284654044369276],"lt_start":[0.17391707234787057,-0.043643930955750233],"q":0.00020641933508518118,"ut":[82.849884557096345,-0.084364786307665973],"gn":0.00020641933508517464,"gt":[-0.0073914043384852657,0.0097210933539267786],"b":0.61925802485247816,"constant_n":10000000000,"constant_t":100,"mu":0.29999999999999999,"normal_mode":1,"tangent_mode":1,"normal_inverse_stiffness":0.0001,"tangent_inverse_stiffness":0.01,"p0":0,"beta":0,"iwan":1,"rn":-1.959695428155328e-08,"rt":[82.857275961434837,-0.09408587966159275]}
MORTAR_OBSERVER {"kind":"LAW","call_id":25,"pair":0,"slot":4,"node":17,"activity":2,"ndof":3,"normal":[7.2426709089877482e-08,1.5397177074202342e-08,-0.99999999999999734],"tangents":[0.99999999999999745,-1.115166864758587e-15,7.2426709089877482e-08,-0,1,1.5397177074202381e-08],"ln":10.170292462995194,"lt":[3.0511479640545169,-0.0027690881451795674],"lt_start":[-0.7366862448814866,-0.097019965710666123],"q":0.0010170292462995353,"ut":[124.23524460456751,-0.11967300822526715],"gn":0.0010170292462995194,"gt":[0.037878342089360036,0.00094250877565486564],"b":3.051087786386613,"constant_n":10000000000,"constant_t":100,"mu":0.29999999999999999,"normal_mode":1,"tangent_mode":1,"normal_inverse_stiffness":0.0001,"tangent_inverse_stiffness":0.01,"p0":0,"beta":0,"iwan":1,"rn":-4.7488054821798187e-08,"rt":[6.1616440050205057e-05,0.00019395727741421424]}
MORTAR_OBSERVER {"kind":"LAW","call_id":25,"pair":0,"slot":5,"node":18,"activity":2,"ndof":3,"normal":[1.1965865623755442e-08,-4.3492139893534207e-08,-0.999999999999999],"tangents":[1,5.2042110165560376e-16,1.1965865623755432e-08,-9.8607613152626476e-32,0.99999999999999911,-4.3492139893534214e-08],"ln":23.946799980278598,"lt":[7.1840391696010606,-0.0051614439925793043],"lt_start":[0.31679180614334473,-0.33171866761597019],"q":0.0023946799980278707,"ut":[124.22346983955424,-0.087145592646347497],"gn":0.0023946799980278598,"gt":[0.068672473634577166,0.0032655722362339092],"b":7.1840400266096447,"constant_n":10000000000,"constant_t":100,"mu":0.29999999999999999,"normal_mode":1,"tangent_mode":1,"normal_inverse_stiffness":0.0001,"tangent_inverse_stiffness":0.01,"p0":0,"beta":0,"iwan":1,"rn":-3.2526065396609738e-08,"rt":[1.0477895902027967e-06,7.0027026751805915e-05]}
MORTAR_OBSERVER {"kind":"LAW","call_id":25,"pair":0,"slot":6,"node":19,"activity":2,"ndof":3,"normal":[1.4467282659565779e-08,1.4467282659570933e-08,-0.99999999999999978],"tangents":[0.99999999999999989,-2.0930226755184727e-16,1.4467282659565778e-08,-0,0.99999999999999989,1.4467282659570934e-08],"ln":23.504163372661882,"lt":[7.0512475181534899,-0.0054502647795832701],"lt_start":[-0.33268303566508606,-0.3326830356581324],"q":0.0023504163372661687,"ut":[248.48309595718459,-0.21961643177809609],"gn":0.0023504163372661882,"gt":[0.073839305538185768,0.0032723277087854915],"b":7.0512489532516467,"constant_n":10000000000,"constant_t":100,"mu":0.29999999999999999,"normal_mode":1,"tangent_mode":1,"normal_inverse_stiffness":0.0001,"tangent_inverse_stiffness":0.01,"p0":0,"beta":0,"iwan":1,"rn":5.8546917536261844e-08,"rt":[1.4030981043688939e-06,0.00087631792986270825]}
MORTAR_OBSERVER {"kind":"LAW","call_id":25,"pair":0,"slot":7,"node":23,"activity":1,"ndof":3,"normal":[-4.3492139893549387e-08,1.1965865623775503e-08,-0.999999999999999],"tangents":[0.99999999999999911,5.2042110165665827e-16,-4.3492139893549387e-08,-0,1,1.1965865623775516e-08],"ln":9.7532196062004708,"lt":[0.26156962448643117,2.4868076645167476],"lt_start":[-0.33171866759252555,0.3167918061180196],"q":0.00097532196062000143,"ut":[124.22675428199258,-0.1079195455555805],"gn":0.00097532196062004707,"gt":[0.0059328829207895674,0.021700158583987279],"b":2.9259657449254068,"constant_n":10000000000,"constant_t":100,"mu":0.29999999999999999,"normal_mode":1,"tangent_mode":1,"normal_inverse_stiffness":0.0001,"tangent_inverse_stiffness":0.01,"p0":0,"beta":0,"iwan":1,"rn":1.3693473421838576e-07,"rt":[124.2208213990718,-0.12961970413956778]}
MORTAR_OBSERVER {"kind":"LAW","call_id":25,"pair":0,"slot":8,"node":24,"activity":1,"ndof":3,"normal":[1.5397177074192042e-08,7.2426709089892398e-08,-0.99999999999999734],"tangents":[0.99999999999999989,-1.1151668647580677e-15,1.5397177074192005e-08,-1.9721522630525295e-31,0.99999999999999745,7.2426709089892398e-08],"ln":-0.037531184000722466,"lt":[0.15812443213262395,0.035540360769430616],"lt_start":[-0.09701996570709373,-0.73668624485527534],"q":-3.7531184001043938e-06,"ut":[124.29357527758616,-0.13824354934190672],"gn":-3.7531184000722468e-06,"gt":[0.0025514439783971767,0.0077222660562470593],"b":-0.011259451641270532,"constant_n":10000000000,"constant_t":100,"mu":0.29999999999999999,"normal_mode":1,"tangent_mode":1,"normal_inverse_stiffness":0.0001,"tangent_inverse_stiffness":0.01,"p0":0,"beta":0,"iwan":1,"rn":-0.011259355200216739,"rt":[124.29102383360777,-0.14596581539815379]}
MORTAR_OBSERVER {"kind":"POST_RAW_AFTER_ACTIVE_LOOP","call_id":25,"pair":0,"slot":0,"node":1,"activity":2,"lambda_raw":[0.00039266153646657341,0.00098455175187753458,-0.0036583965484071079],"gap":-0.00048778658811612918}
MORTAR_OBSERVER {"kind":"POST_RAW_AFTER_ACTIVE_LOOP","call_id":25,"pair":0,"slot":1,"node":2,"activity":2,"lambda_raw":[0.007427193960432594,-6.8641336833038031e-06,-0.024756565781536514],"gap":-0.0016504392783760278}
MORTAR_OBSERVER {"kind":"POST_RAW_AFTER_ACTIVE_LOOP","call_id":25,"pair":0,"slot":2,"node":3,"activity":2,"lambda_raw":[0.0065737274041129928,-3.7118367114750627e-06,-0.021912430962717923],"gap":-0.0029216604344176589}
MORTAR_OBSERVER {"kind":"POST_RAW_AFTER_ACTIVE_LOOP","call_id":25,"pair":0,"slot":3,"node":4,"activity":2,"lambda_raw":[-0.00084783438551478329,0.0013926970309521519,-0.0030962870339251167],"gap":-0.00020641933508518118}
MORTAR_OBSERVER {"kind":"POST_RAW_AFTER_ACTIVE_LOOP","call_id":25,"pair":0,"slot":4,"node":17,"activity":2,"lambda_raw":[0.0030511461842912388,-2.7689292677769806e-06,-0.010170283854340687],"gap":-0.0010170292462995353}
MORTAR_OBSERVER {"kind":"POST_RAW_AFTER_ACTIVE_LOOP","call_id":25,"pair":0,"slot":5,"node":18,"activity":2,"lambda_raw":[0.0071840326948826262,-5.1624806314742909e-06,-0.023946777356547159],"gap":-0.0023946799980278707}
MORTAR_OBSERVER {"kind":"POST_RAW_AFTER_ACTIVE_LOOP","call_id":25,"pair":0,"slot":6,"node":19,"activity":2,"lambda_raw":[0.0035256208631821145,-2.7249599994521902e-06,-0.011752071415644813],"gap":-0.0023504163372661687}
MORTAR_OBSERVER {"kind":"POST_RAW_AFTER_ACTIVE_LOOP","call_id":25,"pair":0,"slot":7,"node":23,"activity":2,"lambda_raw":[0.00026156895412204477,0.0024868054407619715,-0.0097532104085719749],"gap":-0.00097532196062000143}
MORTAR_OBSERVER {"kind":"POST_RAW_AFTER_ACTIVE_LOOP","call_id":25,"pair":0,"slot":8,"node":24,"activity":0,"lambda_raw":[0,0,0],"gap":3.7531184001043938e-06}
MORTAR_OBSERVER {"kind":"SUMMARY_PRE_OVERRIDE","call_id":25,"ndiverg":14,"flag":1,"keepset":0,"max_n":0.011259355200216739,"max_t":[165.73492329614066,0.19695598724349289],"lm_t_av":[32.353222705256037,4.7509133799966659],"nstick":0,"nslip":8,"ninactive":1,"nnogap":0,"nolm":0}
MORTAR_OBSERVER {"kind":"SUMMARY_POST_OVERRIDE","call_id":25,"flag":1}
MORTAR_OBSERVER {"kind":"RETURN","call_id":25}
 Using up to 2 cpu(s) for the stress calculation.

 average force= 5.794296
 time avg. forc= 5.794296
 largest residual force= 0.263557 in node 24 and dof 1
 largest increment of disp= 8.626191e-02
 largest correction to disp= 1.544096e-04 in node 23 and dof 3

MORTAR_OBSERVER {"kind":"PRE_CHECK","call_id":25,"step":2,"inc":1,"cutback":0,"iteration":9,"time":0.125,"dtime":0.125,"ttime":1,"tper":1,"theta":0,"dtheta":0.125,"icntrl":0,"nmethod":1,"iexpl":0,"ithermal":0,"uncoupled":0,"mortar":2,"iflagdualquad":2}
 no convergence

MORTAR_OBSERVER {"kind":"POST_CHECK","call_id":25,"step":2,"inc":1,"cutback":0,"iteration":10,"time":0.125,"dtime":0.125,"ttime":1,"tper":1,"theta":0,"dtheta":0.125,"icntrl":0,"nmethod":1,"iexpl":0,"ithermal":0,"uncoupled":0,"mortar":2,"iflagdualquad":2}
 iteration 10

 Determining the structure of the matrix:

 Using up to 2 cpu(s) for setting up the structure of the matrix.
 number of equations
 75
 number of nonzero lower triangular matrix elements
 1143

 Using up to 2 cpu(s) for the stress calculation.

 Using up to 2 cpu(s) for the symmetric stiffness/mass contributions.

 Using up to 2 cpu(s) for the stress calculation.

 Using up to 2 cpu(s) for the symmetric stiffness/mass contributions.

 Factoring the system of equations using the unsymmetric spooles solver
 Using 1 cpu for spooles.

MORTAR_OBSERVER {"kind":"BEGIN","call_id":26,"step":2,"inc":1,"cutback":0,"iteration":10,"time":0.125,"dtime":0.125,"ttime":1,"tper":1,"theta":0,"dtheta":0.125,"icntrl":0,"nmethod":1,"iexpl":0,"ithermal":0,"uncoupled":0,"mortar":2,"iflagdualquad":2}
MORTAR_OBSERVER {"kind":"INVENTORY","call_id":26,"pair_count":1,"slave_count":9}
MORTAR_OBSERVER {"kind":"PAIR","call_id":26,"pair":0,"start":0,"end":9}
MORTAR_OBSERVER {"kind":"PRE_RAW","call_id":26,"pair":0,"slot":0,"node":1,"activity":2,"lambda_raw":[0.0009188075397913762,1.2732175693775686e-06,-0.00306526718670567],"lambda_start":[0.00050770041307053907,0.00050770041306182371,-0.013186534862260218],"ddtil_count":1}
MORTAR_OBSERVER {"kind":"DDTIL","call_id":26,"pair":0,"column_slot":0,"source_slot":0,"destination_slot":0,"entry":0,"value":1333.3343393676209}
MORTAR_OBSERVER {"kind":"PRE_RAW","call_id":26,"pair":0,"slot":1,"node":2,"activity":2,"lambda_raw":[0.0086605807945877075,-9.7509462671874259e-07,-0.028868590310587475],"lambda_start":[-6.5464962046610109e-05,0.00026087484315341598,-0.012777605225325181],"ddtil_count":1}
MORTAR_OBSERVER {"kind":"DDTIL","call_id":26,"pair":0,"column_slot":1,"source_slot":1,"destination_slot":1,"entry":1,"value":666.66728295766052}
MORTAR_OBSERVER {"kind":"PRE_RAW","call_id":26,"pair":0,"slot":2,"node":3,"activity":2,"lambda_raw":[0.0065512398239504586,8.6158941322487408e-07,-0.021837463345507738],"lambda_start":[0.00010156884359217413,0.00010156884360142738,-0.012568975157651359],"ddtil_count":1}
MORTAR_OBSERVER {"kind":"DDTIL","call_id":26,"pair":0,"column_slot":2,"source_slot":2,"destination_slot":2,"entry":2,"value":1333.3347080434842}
MORTAR_OBSERVER {"kind":"PRE_RAW","call_id":26,"pair":0,"slot":3,"node":4,"activity":2,"lambda_raw":[-0.00066097394239953778,2.3519042294770814e-06,0.0021991329833062684],"lambda_start":[0.00026087484312670427,-6.5464962048225706e-05,-0.012777605225320413],"ddtil_count":1}
MORTAR_OBSERVER {"kind":"DDTIL","call_id":26,"pair":0,"column_slot":3,"source_slot":3,"destination_slot":3,"entry":3,"value":666.66728295766029}
MORTAR_OBSERVER {"kind":"PRE_RAW","call_id":26,"pair":0,"slot":4,"node":17,"activity":2,"lambda_raw":[0.0035960773360303334,-8.3934440225396788e-07,-0.011986918364229413],"lambda_start":[-0.00073668481887303799,-9.7019711702975403e-05,-0.011300300351502958],"ddtil_count":1}
MORTAR_OBSERVER {"kind":"DDTIL","call_id":26,"pair":0,"column_slot":4,"source_slot":4,"destination_slot":4,"entry":4,"value":1000.0008247274735}
MORTAR_OBSERVER {"kind":"PRE_RAW","call_id":26,"pair":0,"slot":5,"node":18,"activity":2,"lambda_raw":[0.0078754259079968341,-2.657487483395543e-07,-0.026251412233921592],"lambda_start":[0.00031679164735302451,-0.00033171886194272466,-0.011646333315327854],"ddtil_count":1}
MORTAR_OBSERVER {"kind":"DDTIL","call_id":26,"pair":0,"column_slot":5,"source_slot":5,"destination_slot":5,"entry":5,"value":1000.0009411514271}
MORTAR_OBSERVER {"kind":"PRE_RAW","call_id":26,"pair":0,"slot":6,"node":19,"activity":2,"lambda_raw":[0.0034644998871792877,1.2178665683415032e-07,-0.011548327338264146],"lambda_start":[-0.00016634120876597442,-0.00016634120876249758,-0.011364569524827929],"ddtil_count":1}
MORTAR_OBSERVER {"kind":"DDTIL","call_id":26,"pair":0,"column_slot":6,"source_slot":6,"destination_slot":6,"entry":6,"value":2000.0017392200903}
MORTAR_OBSERVER {"kind":"PRE_RAW","call_id":26,"pair":0,"slot":7,"node":23,"activity":2,"lambda_raw":[0.0023019177317134235,3.3543190311947861e-06,-0.0076816243502728894],"lambda_start":[-0.00033171886191928003,0.00031679164732769906,-0.011646333315327273],"ddtil_count":1}
MORTAR_OBSERVER {"kind":"DDTIL","call_id":26,"pair":0,"column_slot":7,"source_slot":7,"destination_slot":7,"entry":7,"value":1000.0009411514277}
MORTAR_OBSERVER {"kind":"PRE_RAW","call_id":26,"pair":0,"slot":8,"node":24,"activity":0,"lambda_raw":[-4.1633329087293076e-19,-5.6482549795094272e-18,3.1988274515403512e-18],"lambda_start":[-9.7019711699403892e-05,-0.00073668481884682697,-0.011300300351506478],"ddtil_count":1}
MORTAR_OBSERVER {"kind":"DDTIL","call_id":26,"pair":0,"column_slot":8,"source_slot":8,"destination_slot":8,"entry":8,"value":1000.0008247274731}
MORTAR_OBSERVER {"kind":"LAW","call_id":26,"pair":0,"slot":0,"node":1,"activity":2,"ndof":3,"normal":[7.4142375520434235e-08,7.4142375520434791e-08,-0.99999999999999456],"tangents":[0.99999999999999722,-5.4970918478131419e-15,7.414237552043405e-08,-1.5777218104420236e-30,0.99999999999999734,7.414237552043499e-08],"ln":4.0870260903274609,"lt":[1.225077341051904,0.0016973216849208769],"lt_start":[0.67693309128239354,0.67693309127077694],"q":0.00040870260903271189,"ut":[165.55167812850934,-0.0075241655336210781],"gn":0.0004087026090327461,"gt":[0.0054814424976951052,-0.0067523576958585605],"b":1.2261077244785026,"constant_n":10000000000,"constant_t":100,"mu":0.29999999999999999,"normal_mode":1,"tangent_mode":1,"normal_inverse_stiffness":0.0001,"tangent_inverse_stiffness":0.01,"p0":0,"beta":0,"iwan":1,"rn":1.0261973559799742e-07,"rt":[-0.0010303834138547519,0.0017029119074289903]}
MORTAR_OBSERVER {"kind":"LAW","call_id":26,"pair":0,"slot":1,"node":2,"activity":2,"ndof":3,"normal":[6.8390467289122116e-08,-4.1027436962417973e-08,-0.99999999999999689],"tangents":[0.99999999999999767,2.8058855855347727e-15,6.8390467289122063e-08,-0,0.99999999999999922,-4.1027436962418072e-08],"ln":19.24574506007162,"lt":[5.7737245509375992,-0.00064927408184515243],"lt_start":[-0.043643930954672693,0.17391707236567855],"q":0.0019245745060071332,"ut":[82.725621680572146,-0.0025928500394147413],"gn":0.001924574506007162,"gt":[0.058173684818922718,-0.0017456634644752371],"b":5.7737234315021526,"constant_n":10000000000,"constant_t":100,"mu":0.29999999999999999,"normal_mode":1,"tangent_mode":1,"normal_inverse_stiffness":0.0001,"tangent_inverse_stiffness":0.01,"p0":0,"beta":0,"iwan":1,"rn":8.6519333031276346e-08,"rt":[1.1197428726461567e-06,-0.00058969236856469076]}
MORTAR_OBSERVER {"kind":"LAW","call_id":26,"pair":0,"slot":2,"node":3,"activity":2,"ndof":3,"normal":[-4.5207793914620201e-08,-4.5207793914609362e-08,-0.999999999999998],"tangents":[0.999999999999999,-2.0437446306262833e-15,-4.5207793914620155e-08,-0,0.999999999999999,-4.5207793914609408e-08],"ln":29.116647419250985,"lt":[8.7349967542892362,0.0011501033681494115],"lt_start":[0.13542602203891804,0.13542602205125598],"q":0.0029116647419250583,"ut":[165.4365040665682,0.020089399787639389],"gn":0.0029116647419250986,"gt":[0.085995707322503195,-0.0013427591868310656],"b":8.7349941047783322,"constant_n":10000000000,"constant_t":100,"mu":0.29999999999999999,"normal_mode":1,"tangent_mode":1,"normal_inverse_stiffness":0.0001,"tangent_inverse_stiffness":0.01,"p0":0,"beta":0,"iwan":1,"rn":1.2099696355960532e-07,"rt":[2.7228880217222695e-06,1.7894307436045658e-05]}
MORTAR_OBSERVER {"kind":"LAW","call_id":26,"pair":0,"slot":3,"node":4,"activity":2,"ndof":3,"normal":[-4.1027436962437514e-08,6.8390467289151391e-08,-0.99999999999999689],"tangents":[0.99999999999999922,2.8058855855373057e-15,-4.1027436962437428e-08,7.8886090522101181e-31,0.99999999999999778,6.8390467289151457e-08],"ln":-1.4660899926573991,"lt":[-0.44064976243522808,0.0015680378690230415],"lt_start":[0.17391707234787057,-0.043643930955750233],"q":-0.00014660899926576101,"ut":[82.77747415777327,0.0032685899464011507],"gn":-0.00014660899926573993,"gt":[-0.0061456683478309862,0.00045211968824773274],"b":-0.43982706106041647,"constant_n":10000000000,"constant_t":100,"mu":0.29999999999999999,"normal_mode":1,"tangent_mode":1,"normal_inverse_stiffness":0.0001,"tangent_inverse_stiffness":0.01,"p0":0,"beta":0,"iwan":1,"rn":-0.43982699779721973,"rt":[-0.00082270163223147064,0.0015830858072706673]}
MORTAR_OBSERVER {"kind":"LAW","call_id":26,"pair":0,"slot":4,"node":17,"activity":2,"ndof":3,"normal":[7.2426709089877482e-08,1.5397177074202342e-08,-0.99999999999999734],"tangents":[0.99999999999999745,-1.115166864758587e-15,7.2426709089877482e-08,-0,1,1.5397177074202381e-08],"ln":11.986928510609616,"lt":[3.5960794336403348,-0.00083952965934119979],"lt_start":[-0.7366862448814866,-0.097019965710666123],"q":0.0011986928510609514,"ut":[124.09371867302382,-0.011534003714521743],"gn":0.0011986928510609616,"gt":[0.043327656785218209,0.00096180436051324927],"b":3.5960785226083831,"constant_n":10000000000,"constant_t":100,"mu":0.29999999999999999,"normal_mode":1,"tangent_mode":1,"normal_inverse_stiffness":0.0001,"tangent_inverse_stiffness":0.01,"p0":0,"beta":0,"iwan":1,"rn":3.0574501597158132e-08,"rt":[9.292903713209455e-07,-0.00047715219959142325]}
MORTAR_OBSERVER {"kind":"LAW","call_id":26,"pair":0,"slot":5,"node":18,"activity":2,"ndof":3,"normal":[1.1965865623755442e-08,-4.3492139893534207e-08,-0.999999999999999],"tangents":[1,5.2042110165560376e-16,1.1965865623755432e-08,-9.8607613152626476e-32,0.99999999999999911,-4.3492139893534214e-08],"ln":26.25143703472359,"lt":[7.8754330058439992,-0.00026460726728154638],"lt_start":[0.31679180614334473,-0.33171866761597019],"q":0.0026251437034723467,"ut":[124.10885963265127,0.0075301071005360026],"gn":0.0026251437034723593,"gt":[0.075586411997006553,0.0033145406034868863],"b":7.8754310726868404,"constant_n":10000000000,"constant_t":100,"mu":0.29999999999999999,"normal_mode":1,"tangent_mode":1,"normal_inverse_stiffness":0.0001,"tangent_inverse_stiffness":0.01,"p0":0,"beta":0,"iwan":1,"rn":3.7730236712718579e-08,"rt":[1.9376943090065879e-06,-0.00053193481846685426]}
MORTAR_OBSERVER {"kind":"LAW","call_id":26,"pair":0,"slot":6,"node":19,"activity":2,"ndof":3,"normal":[1.4467282659565779e-08,1.4467282659570933e-08,-0.99999999999999978],"tangents":[0.99999999999999989,-2.0930226755184727e-16,1.4467282659565778e-08,-0,0.99999999999999989,1.4467282659570934e-08],"ln":23.096674861858613,"lt":[6.9290054657402589,0.00024323937935982848],"lt_start":[-0.33268303566508606,-0.3326830356581324],"q":0.0023096674861858429,"ut":[248.25181448875563,0.0082121656779870003],"gn":0.0023096674861858616,"gt":[0.072616885014053459,0.0033292627503749223],"b":6.9290024026127517,"constant_n":10000000000,"constant_t":100,"mu":0.29999999999999999,"normal_mode":1,"tangent_mode":1,"normal_inverse_stiffness":0.0001,"tangent_inverse_stiffness":0.01,"p0":0,"beta":0,"iwan":1,"rn":5.5944831878207424e-08,"rt":[3.0644692099457416e-06,0.00010688205250427074]}
MORTAR_OBSERVER {"kind":"LAW","call_id":26,"pair":0,"slot":7,"node":23,"activity":2,"ndof":3,"normal":[-4.3492139893549387e-08,1.1965865623775503e-08,-0.999999999999999],"tangents":[0.99999999999999911,5.2042110165665827e-16,-4.3492139893549387e-08,-0,1,1.1965865623775516e-08],"ln":7.6816314797693206,"lt":[2.3019202322571761,0.0033542302707456756],"lt_start":[-0.33171866759252555,0.3167918061180196],"q":0.00076816314797692844,"ut":[124.10699665187573,0.0151171258827336],"gn":0.00076816314797693212,"gt":[0.02633638899849702,-0.0031343757584727395],"b":2.3044894328719341,"constant_n":10000000000,"constant_t":100,"mu":0.29999999999999999,"normal_mode":1,"tangent_mode":1,"normal_inverse_stiffness":0.0001,"tangent_inverse_stiffness":0.01,"p0":0,"beta":0,"iwan":1,"rn":1.1058861826285238e-08,"rt":[-0.0025691756016641421,0.0030146940839656639]}
MORTAR_OBSERVER {"kind":"LAW","call_id":26,"pair":0,"slot":8,"node":24,"activity":0,"ndof":3,"normal":[1.5397177074192042e-08,7.2426709089892398e-08,-0.99999999999999734],"tangents":[0.99999999999999989,-1.1151668647580677e-15,1.5397177074192005e-08,-1.9721522630525295e-31,0.99999999999999745,7.2426709089892398e-08],"ln":-3.1988305051964436e-15,"lt":[-4.1633358498147404e-16,-5.6482594060997337e-15],"lt_start":[-0.09701996570709373,-0.73668624485527534],"q":-0.018895982575204501,"ut":[124.18243330804837,-0.003609178192314033],"gn":-3.1988305051964437e-19,"gt":[0.00097019965707093318,0.0073668624485526968],"b":-56687947.725613497,"constant_n":10000000000,"constant_t":100,"mu":0.29999999999999999,"normal_mode":1,"tangent_mode":1,"normal_inverse_stiffness":0.0001,"tangent_inverse_stiffness":0.01,"p0":0,"beta":0,"iwan":1,"rn":-9.59649151558933e-16,"rt":[-4.1633358498147404e-16,-5.6482594060997337e-15]}
MORTAR_OBSERVER {"kind":"POST_RAW_AFTER_ACTIVE_LOOP","call_id":26,"pair":0,"slot":0,"node":1,"activity":2,"lambda_raw":[0.0009188075397913762,1.2732175693775686e-06,-0.00306526718670567],"gap":-0.00040870260903271189}
MORTAR_OBSERVER {"kind":"POST_RAW_AFTER_ACTIVE_LOOP","call_id":26,"pair":0,"slot":1,"node":2,"activity":2,"lambda_raw":[0.0086605807945877075,-9.7509462671874259e-07,-0.028868590310587475],"gap":-0.0019245745060071332}
MORTAR_OBSERVER {"kind":"POST_RAW_AFTER_ACTIVE_LOOP","call_id":26,"pair":0,"slot":2,"node":3,"activity":2,"lambda_raw":[0.0065512398239504586,8.6158941322487408e-07,-0.021837463345507738],"gap":-0.0029116647419250583}
MORTAR_OBSERVER {"kind":"POST_RAW_AFTER_ACTIVE_LOOP","call_id":26,"pair":0,"slot":3,"node":4,"activity":0,"lambda_raw":[0,0,0],"gap":0.00014660899926576101}
MORTAR_OBSERVER {"kind":"POST_RAW_AFTER_ACTIVE_LOOP","call_id":26,"pair":0,"slot":4,"node":17,"activity":2,"lambda_raw":[0.0035960773360303334,-8.3934440225396788e-07,-0.011986918364229413],"gap":-0.0011986928510609514}
MORTAR_OBSERVER {"kind":"POST_RAW_AFTER_ACTIVE_LOOP","call_id":26,"pair":0,"slot":5,"node":18,"activity":2,"lambda_raw":[0.0078754259079968341,-2.657487483395543e-07,-0.026251412233921592],"gap":-0.0026251437034723467}
MORTAR_OBSERVER {"kind":"POST_RAW_AFTER_ACTIVE_LOOP","call_id":26,"pair":0,"slot":6,"node":19,"activity":2,"lambda_raw":[0.0034644998871792877,1.2178665683415032e-07,-0.011548327338264146],"gap":-0.0023096674861858429}
MORTAR_OBSERVER {"kind":"POST_RAW_AFTER_ACTIVE_LOOP","call_id":26,"pair":0,"slot":7,"node":23,"activity":2,"lambda_raw":[0.0023019177317134235,3.3543190311947861e-06,-0.0076816243502728894],"gap":-0.00076816314797692844}
MORTAR_OBSERVER {"kind":"POST_RAW_AFTER_ACTIVE_LOOP","call_id":26,"pair":0,"slot":8,"node":24,"activity":0,"lambda_raw":[0,0,0],"gap":0.018895982575204501}
MORTAR_OBSERVER {"kind":"SUMMARY_PRE_OVERRIDE","call_id":26,"ndiverg":14,"flag":1,"keepset":0,"max_n":0.43982699779721973,"max_t":[0.0025691756016641421,0.0030146940839656639],"lm_t_av":[36.436236783760506,0.0081983057116436914],"nstick":0,"nslip":7,"ninactive":2,"nnogap":0,"nolm":0}
MORTAR_OBSERVER {"kind":"SUMMARY_POST_OVERRIDE","call_id":26,"flag":1}
MORTAR_OBSERVER {"kind":"RETURN","call_id":26}
 Using up to 2 cpu(s) for the stress calculation.

 average force= 5.926577
 time avg. forc= 5.926577
 largest residual force= 1.466090 in node 4 and dof 3
 largest increment of disp= 8.626191e-02
 largest correction to disp= 1.059492e-04

MORTAR_OBSERVER {"kind":"PRE_CHECK","call_id":26,"step":2,"inc":1,"cutback":0,"iteration":10,"time":0.125,"dtime":0.125,"ttime":1,"tper":1,"theta":0,"dtheta":0.125,"icntrl":0,"nmethod":1,"iexpl":0,"ithermal":0,"uncoupled":0,"mortar":2,"iflagdualquad":2}
 no convergence

MORTAR_OBSERVER {"kind":"POST_CHECK","call_id":26,"step":2,"inc":1,"cutback":0,"iteration":11,"time":0.125,"dtime":0.125,"ttime":1,"tper":1,"theta":0,"dtheta":0.125,"icntrl":0,"nmethod":1,"iexpl":0,"ithermal":0,"uncoupled":0,"mortar":2,"iflagdualquad":2}
 iteration 11

 Determining the structure of the matrix:

 Using up to 2 cpu(s) for setting up the structure of the matrix.
 number of equations
 75
 number of nonzero lower triangular matrix elements
 1143

 Using up to 2 cpu(s) for the stress calculation.

 Using up to 2 cpu(s) for the symmetric stiffness/mass contributions.

 Using up to 2 cpu(s) for the stress calculation.

 Using up to 2 cpu(s) for the symmetric stiffness/mass contributions.

 Factoring the system of equations using the unsymmetric spooles solver
 Using 1 cpu for spooles.

MORTAR_OBSERVER {"kind":"BEGIN","call_id":27,"step":2,"inc":1,"cutback":0,"iteration":11,"time":0.125,"dtime":0.125,"ttime":1,"tper":1,"theta":0,"dtheta":0.125,"icntrl":0,"nmethod":1,"iexpl":0,"ithermal":0,"uncoupled":0,"mortar":2,"iflagdualquad":2}
MORTAR_OBSERVER {"kind":"INVENTORY","call_id":27,"pair_count":1,"slave_count":9}
MORTAR_OBSERVER {"kind":"PAIR","call_id":27,"pair":0,"start":0,"end":9}
MORTAR_OBSERVER {"kind":"PRE_RAW","call_id":27,"pair":0,"slot":0,"node":1,"activity":2,"lambda_raw":[0.00079285704686029364,1.0334070255826081e-07,-0.0026428564458765963],"lambda_start":[0.00050770041307053907,0.00050770041306182371,-0.013186534862260218],"ddtil_count":1}
MORTAR_OBSERVER {"kind":"DDTIL","call_id":27,"pair":0,"column_slot":0,"source_slot":0,"destination_slot":0,"entry":0,"value":1333.3343393676209}
MORTAR_OBSERVER {"kind":"PRE_RAW","call_id":27,"pair":0,"slot":1,"node":2,"activity":2,"lambda_raw":[0.0089046865688255355,5.2263332043041877e-07,-0.029682281167582647],"lambda_start":[-6.5464962046610109e-05,0.00026087484315341598,-0.012777605225325181],"ddtil_count":1}
MORTAR_OBSERVER {"kind":"DDTIL","call_id":27,"pair":0,"column_slot":1,"source_slot":1,"destination_slot":1,"entry":1,"value":666.66728295766052}
MORTAR_OBSERVER {"kind":"PRE_RAW","call_id":27,"pair":0,"slot":2,"node":3,"activity":2,"lambda_raw":[0.0065181527110992543,1.39071645216871e-06,-0.021727179691303937],"lambda_start":[0.00010156884359217413,0.00010156884360142738,-0.012568975157651359],"ddtil_count":1}
MORTAR_OBSERVER {"kind":"DDTIL","call_id":27,"pair":0,"column_slot":2,"source_slot":2,"destination_slot":2,"entry":2,"value":1333.3347080434842}
MORTAR_OBSERVER {"kind":"PRE_RAW","call_id":27,"pair":0,"slot":3,"node":4,"activity":0,"lambda_raw":[-4.1633324936078582e-19,-3.5908742757367776e-19,-9.9919979846588605e-19],"lambda_start":[0.00026087484312670427,-6.5464962048225706e-05,-0.012777605225320413],"ddtil_count":1}
MORTAR_OBSERVER {"kind":"DDTIL","call_id":27,"pair":0,"column_slot":3,"source_slot":3,"destination_slot":3,"entry":3,"value":666.66728295766029}
MORTAR_OBSERVER {"kind":"PRE_RAW","call_id":27,"pair":0,"slot":4,"node":17,"activity":2,"lambda_raw":[0.0037151660050140072,-2.5480386835012485e-08,-0.012383883370318842],"lambda_start":[-0.00073668481887303799,-9.7019711702975403e-05,-0.011300300351502958],"ddtil_count":1}
MORTAR_OBSERVER {"kind":"DDTIL","call_id":27,"pair":0,"column_slot":4,"source_slot":4,"destination_slot":4,"entry":4,"value":1000.0008247274735}
MORTAR_OBSERVER {"kind":"PRE_RAW","call_id":27,"pair":0,"slot":5,"node":18,"activity":2,"lambda_raw":[0.0080303228258331635,9.234369236305683e-07,-0.026767741678266798],"lambda_start":[0.00031679164735302451,-0.00033171886194272466,-0.011646333315327854],"ddtil_count":1}
MORTAR_OBSERVER {"kind":"DDTIL","call_id":27,"pair":0,"column_slot":5,"source_slot":5,"destination_slot":5,"entry":5,"value":1000.0009411514271}
MORTAR_OBSERVER {"kind":"PRE_RAW","call_id":27,"pair":0,"slot":6,"node":19,"activity":2,"lambda_raw":[0.0032746664793513532,4.3509971674088802e-07,-0.01091555438381225],"lambda_start":[-0.00016634120876597442,-0.00016634120876249758,-0.011364569524827929],"ddtil_count":1}
MORTAR_OBSERVER {"kind":"DDTIL","call_id":27,"pair":0,"column_slot":6,"source_slot":6,"destination_slot":6,"entry":6,"value":2000.0017392200903}
MORTAR_OBSERVER {"kind":"PRE_RAW","call_id":27,"pair":0,"slot":7,"node":23,"activity":2,"lambda_raw":[0.0020206749210061074,5.5694609378819384e-07,-0.0067355856726081546],"lambda_start":[-0.00033171886191928003,0.00031679164732769906,-0.011646333315327273],"ddtil_count":1}
MORTAR_OBSERVER {"kind":"DDTIL","call_id":27,"pair":0,"column_slot":7,"source_slot":7,"destination_slot":7,"entry":7,"value":1000.0009411514277}
MORTAR_OBSERVER {"kind":"PRE_RAW","call_id":27,"pair":0,"slot":8,"node":24,"activity":0,"lambda_raw":[-3.9502195949605304e-20,-8.1596014118895183e-19,-2.445402430723332e-18],"lambda_start":[-9.7019711699403892e-05,-0.00073668481884682697,-0.011300300351506478],"ddtil_count":1}
MORTAR_OBSERVER {"kind":"DDTIL","call_id":27,"pair":0,"column_slot":8,"source_slot":8,"destination_slot":8,"entry":8,"value":1000.0008247274731}
MORTAR_OBSERVER {"kind":"LAW","call_id":27,"pair":0,"slot":0,"node":1,"activity":2,"ndof":3,"normal":[7.4142375520434235e-08,7.4142375520434791e-08,-0.99999999999999456],"tangents":[0.99999999999999722,-5.4970918478131419e-15,7.414237552043405e-08,-1.5777218104420236e-30,0.99999999999999734,7.414237552043499e-08],"ln":3.5238113316956596,"lt":[1.0571432655246924,0.00013752644363809833],"lt_start":[0.67693309128239354,0.67693309127077694],"q":0.00035238113316957246,"ut":[165.53004777776565,0.011666578190841456],"gn":0.000352381133169566,"gt":[0.0038021017424229885,-0.0067679556482713888],"b":1.0571434188617066,"constant_n":10000000000,"constant_t":100,"mu":0.29999999999999999,"normal_mode":1,"tangent_mode":1,"normal_inverse_stiffness":0.0001,"tangent_inverse_stiffness":0.01,"p0":0,"beta":0,"iwan":1,"rn":-1.9353008751110679e-08,"rt":[-1.4678094051312485e-07,1.979191062549786e-05]}
MORTAR_OBSERVER {"kind":"LAW","call_id":27,"pair":0,"slot":1,"node":2,"activity":2,"ndof":3,"normal":[6.8390467289122116e-08,-4.1027436962417973e-08,-0.99999999999999689],"tangents":[0.99999999999999767,2.8058855855347727e-15,6.8390467289122063e-08,-0,0.99999999999999922,-4.1027436962418072e-08],"ln":19.788206143960796,"lt":[5.9364618471038408,0.00034923439507800164],"lt_start":[-0.043643930954672693,0.17391707236567855],"q":0.0019788206143960792,"ut":[82.713541228173312,0.0032900362257022612],"gn":0.0019788206143960796,"gt":[0.059801057780585136,-0.0017356783797060054],"b":5.9364618418871959,"constant_n":10000000000,"constant_t":100,"mu":0.29999999999999999,"normal_mode":1,"tangent_mode":1,"normal_inverse_stiffness":0.0001,"tangent_inverse_stiffness":0.01,"p0":0,"beta":0,"iwan":1,"rn":1.3010428290272102e-09,"rt":[1.6190218055101013e-08,-1.1720439961091216e-05]}
MORTAR_OBSERVER {"kind":"LAW","call_id":27,"pair":0,"slot":2,"node":3,"activity":2,"ndof":3,"normal":[-4.5207793914620201e-08,-4.5207793914609362e-08,-0.999999999999998],"tangents":[0.999999999999999,-2.0437446306262833e-15,-4.5207793914620155e-08,-0,0.999999999999999,-4.5207793914609408e-08],"ln":28.969602397333691,"lt":[8.690880551688192,0.0018556001665563677],"lt_start":[0.13542602203891804,0.13542602205125598],"q":0.0028969602397333691,"ut":[165.41868616864551,0.033896133590169825],"gn":0.0028969602397333691,"gt":[0.085554545296492743,-0.0013357042188469961],"b":8.6908807192001074,"constant_n":10000000000,"constant_t":100,"mu":0.29999999999999999,"normal_mode":1,"tangent_mode":1,"normal_inverse_stiffness":0.0001,"tangent_inverse_stiffness":0.01,"p0":0,"beta":0,"iwan":1,"rn":0,"rt":[2.9814616553380802e-08,3.6059331891453734e-06]}
MORTAR_OBSERVER {"kind":"LAW","call_id":27,"pair":0,"slot":3,"node":4,"activity":0,"ndof":3,"normal":[-4.1027436962437514e-08,6.8390467289151391e-08,-0.99999999999999689],"tangents":[0.99999999999999922,2.8058855855373057e-15,-4.1027436962437428e-08,7.8886090522101181e-31,0.99999999999999778,6.8390467289151457e-08],"ln":6.6613380979037347e-16,"lt":[-2.7755572882652656e-16,-2.3939188524200171e-16],"lt_start":[0.17391707234787057,-0.043643930955750233],"q":-0.028815835701921286,"ut":[82.760571715348277,0.013654573182569393],"gn":6.6613380979037346e-20,"gt":[-0.0017391707234787085,0.00043643930955749991],"b":-86447507.105763853,"constant_n":10000000000,"constant_t":100,"mu":0.29999999999999999,"normal_mode":1,"tangent_mode":1,"normal_inverse_stiffness":0.0001,"tangent_inverse_stiffness":0.01,"p0":0,"beta":0,"iwan":1,"rn":1.9984014293711203e-16,"rt":[-2.7755572882652656e-16,-2.3939188524200171e-16]}
MORTAR_OBSERVER {"kind":"LAW","call_id":27,"pair":0,"slot":4,"node":17,"activity":2,"ndof":3,"normal":[7.2426709089877482e-08,1.5397177074202342e-08,-0.99999999999999734],"tangents":[0.99999999999999745,-1.115166864758587e-15,7.2426709089877482e-08,-0,1,1.5397177074202381e-08],"ln":12.383893852724729,"lt":[3.7151681720888128,-2.5671084851763045e-05],"lt_start":[-0.7366862448814866,-0.097019965710666123],"q":0.0012383893852724757,"ut":[124.07488539558541,0.00050288556202945109],"gn":0.0012383893852724729,"gt":[0.044518544169702995,0.00096994294625814357],"b":3.7151681642741954,"constant_n":10000000000,"constant_t":100,"mu":0.29999999999999999,"normal_mode":1,"tangent_mode":1,"normal_inverse_stiffness":0.0001,"tangent_inverse_stiffness":0.01,"p0":0,"beta":0,"iwan":1,"rn":-8.456777056409237e-09,"rt":[7.840970983608031e-09,-1.1677491127460097e-05]}
MORTAR_OBSERVER {"kind":"LAW","call_id":27,"pair":0,"slot":5,"node":18,"activity":2,"ndof":3,"normal":[1.1965865623755442e-08,-4.3492139893534207e-08,-0.999999999999999],"tangents":[1,5.2042110165560376e-16,1.1965865623755432e-08,-9.8607613152626476e-32,0.99999999999999911,-4.3492139893534214e-08],"ln":26.767766966814744,"lt":[8.0303300632834507,0.00092460198018592683],"lt_start":[0.31679180614334473,-0.33171866761597019],"q":0.0026767766966814756,"ut":[124.09356462930238,0.017806005801493847],"gn":0.0026767766966814743,"gt":[0.077135382571401068,0.0033264326959615608],"b":8.0303300939475495,"constant_n":10000000000,"constant_t":100,"mu":0.29999999999999999,"normal_mode":1,"tangent_mode":1,"normal_inverse_stiffness":0.0001,"tangent_inverse_stiffness":0.01,"p0":0,"beta":0,"iwan":1,"rn":-3.9031267107247913e-09,"rt":[2.4068830484225145e-08,-1.2973063625246455e-05]}
MORTAR_OBSERVER {"kind":"LAW","call_id":27,"pair":0,"slot":6,"node":19,"activity":2,"ndof":3,"normal":[1.4467282659565779e-08,1.4467282659570933e-08,-0.99999999999999978],"tangents":[0.99999999999999989,-2.0930226755184727e-16,1.4467282659565778e-08,-0,0.99999999999999989,1.4467282659570934e-08],"ln":21.831127846939701,"lt":[6.5493383382313395,0.00086988435311997664],"lt_start":[-0.33268303566508606,-0.3326830356581324],"q":0.0021831127846939653,"ut":[248.21768129849463,0.034759054833983873],"gn":0.00218311278469397,"gt":[0.068820213738964256,0.0033355292001125236],"b":6.5493383397704417,"constant_n":10000000000,"constant_t":100,"mu":0.29999999999999999,"normal_mode":1,"tangent_mode":1,"normal_inverse_stiffness":0.0001,"tangent_inverse_stiffness":0.01,"p0":0,"beta":0,"iwan":1,"rn":1.4311468454764054e-08,"rt":[5.0973540055565536e-08,4.0519461372913977e-05]}
MORTAR_OBSERVER {"kind":"LAW","call_id":27,"pair":0,"slot":7,"node":23,"activity":2,"ndof":3,"normal":[-4.3492139893549387e-08,1.1965865623775503e-08,-0.999999999999999],"tangents":[0.99999999999999911,5.2042110165665827e-16,-4.3492139893549387e-08,-0,1,1.1965865623775516e-08],"ln":6.7355919239373243,"lt":[2.0206771157125027,0.00055686602076989518],"lt_start":[-0.33171866759252555,0.3167918061180196],"q":0.00067355919239372856,"ut":[124.08760387723159,0.029044681026023252],"gn":0.00067355919239373246,"gt":[0.023523957833050283,-0.0031623494009724975],"b":2.0206775654718139,"constant_n":10000000000,"constant_t":100,"mu":0.29999999999999999,"normal_mode":1,"tangent_mode":1,"normal_inverse_stiffness":0.0001,"tangent_inverse_stiffness":0.01,"p0":0,"beta":0,"iwan":1,"rn":1.1709383240798843e-08,"rt":[-3.8166905635961257e-07,3.2292959637570534e-05]}
MORTAR_OBSERVER {"kind":"LAW","call_id":27,"pair":0,"slot":8,"node":24,"activity":0,"ndof":3,"normal":[1.5397177074192042e-08,7.2426709089892398e-08,-0.99999999999999734],"tangents":[0.99999999999999989,-1.1151668647580677e-15,1.5397177074192005e-08,-1.9721522630525295e-31,0.99999999999999745,7.2426709089892398e-08],"ln":2.4454043878083131e-15,"lt":[-3.9502266180475932e-17,-8.1596099124629163e-16],"lt_start":[-0.09701996570709373,-0.73668624485527534],"q":-0.032685698239959621,"ut":[124.16407539645564,0.010101741058818569],"gn":2.4454043878083131e-19,"gt":[0.00097019965707093687,0.0073668624485527454],"b":-98057094.719878867,"constant_n":10000000000,"constant_t":100,"mu":0.29999999999999999,"normal_mode":1,"tangent_mode":1,"normal_inverse_stiffness":0.0001,"tangent_inverse_stiffness":0.01,"p0":0,"beta":0,"iwan":1,"rn":7.3362131634249388e-16,"rt":[-3.9502266180475932e-17,-8.1596099124629163e-16]}
MORTAR_OBSERVER {"kind":"POST_RAW_AFTER_ACTIVE_LOOP","call_id":27,"pair":0,"slot":0,"node":1,"activity":2,"lambda_raw":[0.00079285704686029364,1.0334070255826081e-07,-0.0026428564458765963],"gap":-0.00035238113316957246}
MORTAR_OBSERVER {"kind":"POST_RAW_AFTER_ACTIVE_LOOP","call_id":27,"pair":0,"slot":1,"node":2,"activity":2,"lambda_raw":[0.0089046865688255355,5.2263332043041877e-07,-0.029682281167582647],"gap":-0.0019788206143960792}
MORTAR_OBSERVER {"kind":"POST_RAW_AFTER_ACTIVE_LOOP","call_id":27,"pair":0,"slot":2,"node":3,"activity":2,"lambda_raw":[0.0065181527110992543,1.39071645216871e-06,-0.021727179691303937],"gap":-0.0028969602397333691}
MORTAR_OBSERVER {"kind":"POST_RAW_AFTER_ACTIVE_LOOP","call_id":27,"pair":0,"slot":3,"node":4,"activity":0,"lambda_raw":[0,0,0],"gap":0.028815835701921286}
MORTAR_OBSERVER {"kind":"POST_RAW_AFTER_ACTIVE_LOOP","call_id":27,"pair":0,"slot":4,"node":17,"activity":2,"lambda_raw":[0.0037151660050140072,-2.5480386835012485e-08,-0.012383883370318842],"gap":-0.0012383893852724757}
MORTAR_OBSERVER {"kind":"POST_RAW_AFTER_ACTIVE_LOOP","call_id":27,"pair":0,"slot":5,"node":18,"activity":2,"lambda_raw":[0.0080303228258331635,9.234369236305683e-07,-0.026767741678266798],"gap":-0.0026767766966814756}
MORTAR_OBSERVER {"kind":"POST_RAW_AFTER_ACTIVE_LOOP","call_id":27,"pair":0,"slot":6,"node":19,"activity":2,"lambda_raw":[0.0032746664793513532,4.3509971674088802e-07,-0.01091555438381225],"gap":-0.0021831127846939653}
MORTAR_OBSERVER {"kind":"POST_RAW_AFTER_ACTIVE_LOOP","call_id":27,"pair":0,"slot":7,"node":23,"activity":2,"lambda_raw":[0.0020206749210061074,5.5694609378819384e-07,-0.0067355856726081546],"gap":-0.00067355919239372856}
MORTAR_OBSERVER {"kind":"POST_RAW_AFTER_ACTIVE_LOOP","call_id":27,"pair":0,"slot":8,"node":24,"activity":0,"lambda_raw":[0,0,0],"gap":0.032685698239959621}
MORTAR_OBSERVER {"kind":"SUMMARY_PRE_OVERRIDE","call_id":27,"ndiverg":14,"flag":1,"keepset":0,"max_n":1.9353008751110679e-08,"max_t":[3.8166905635961257e-07,4.0519461372913977e-05],"lm_t_av":[35.99999935363283,0.0047193844442000293],"nstick":0,"nslip":7,"ninactive":2,"nnogap":0,"nolm":0}
MORTAR_OBSERVER {"kind":"SUMMARY_POST_OVERRIDE","call_id":27,"flag":1}
MORTAR_OBSERVER {"kind":"RETURN","call_id":27}
 Using up to 2 cpu(s) for the stress calculation.

 average force= 5.901025
 time avg. forc= 5.901025
 largest residual force= 0.000002 in node 23 and dof 3
 largest increment of disp= 8.626191e-02
 largest correction to disp= 4.071957e-05 in node 4 and dof 3

MORTAR_OBSERVER {"kind":"PRE_CHECK","call_id":27,"step":2,"inc":1,"cutback":0,"iteration":11,"time":0.125,"dtime":0.125,"ttime":1,"tper":1,"theta":0,"dtheta":0.125,"icntrl":0,"nmethod":1,"iexpl":0,"ithermal":0,"uncoupled":0,"mortar":2,"iflagdualquad":2}
 no convergence

MORTAR_OBSERVER {"kind":"POST_CHECK","call_id":27,"step":2,"inc":1,"cutback":0,"iteration":12,"time":0.125,"dtime":0.125,"ttime":1,"tper":1,"theta":0,"dtheta":0.125,"icntrl":0,"nmethod":1,"iexpl":0,"ithermal":0,"uncoupled":0,"mortar":2,"iflagdualquad":2}
 iteration 12

 Determining the structure of the matrix:

 Using up to 2 cpu(s) for setting up the structure of the matrix.
 number of equations
 75
 number of nonzero lower triangular matrix elements
 1143

 Using up to 2 cpu(s) for the stress calculation.

 Using up to 2 cpu(s) for the symmetric stiffness/mass contributions.

 Using up to 2 cpu(s) for the stress calculation.

 Using up to 2 cpu(s) for the symmetric stiffness/mass contributions.

 Factoring the system of equations using the unsymmetric spooles solver
 Using 1 cpu for spooles.

MORTAR_OBSERVER {"kind":"BEGIN","call_id":28,"step":2,"inc":1,"cutback":0,"iteration":12,"time":0.125,"dtime":0.125,"ttime":1,"tper":1,"theta":0,"dtheta":0.125,"icntrl":0,"nmethod":1,"iexpl":0,"ithermal":0,"uncoupled":0,"mortar":2,"iflagdualquad":2}
MORTAR_OBSERVER {"kind":"INVENTORY","call_id":28,"pair_count":1,"slave_count":9}
MORTAR_OBSERVER {"kind":"PAIR","call_id":28,"pair":0,"start":0,"end":9}
MORTAR_OBSERVER {"kind":"PRE_RAW","call_id":28,"pair":0,"slot":0,"node":1,"activity":2,"lambda_raw":[0.00079286026066497858,8.8510733048878501e-08,-0.0026428668399927002],"lambda_start":[0.00050770041307053907,0.00050770041306182371,-0.013186534862260218],"ddtil_count":1}
MORTAR_OBSERVER {"kind":"DDTIL","call_id":28,"pair":0,"column_slot":0,"source_slot":0,"destination_slot":0,"entry":0,"value":1333.3343393676209}
MORTAR_OBSERVER {"kind":"PRE_RAW","call_id":28,"pair":0,"slot":1,"node":2,"activity":2,"lambda_raw":[0.0089046968409882046,5.4026536342818973e-07,-0.029682315482573246],"lambda_start":[-6.5464962046610109e-05,0.00026087484315341598,-0.012777605225325181],"ddtil_count":1}
MORTAR_OBSERVER {"kind":"DDTIL","call_id":28,"pair":0,"column_slot":1,"source_slot":1,"destination_slot":1,"entry":1,"value":666.66728295766052}
MORTAR_OBSERVER {"kind":"PRE_RAW","call_id":28,"pair":0,"slot":2,"node":3,"activity":2,"lambda_raw":[0.0065181480150855236,1.3880553115575744e-06,-0.021727164112489736],"lambda_start":[0.00010156884359217413,0.00010156884360142738,-0.012568975157651359],"ddtil_count":1}
MORTAR_OBSERVER {"kind":"DDTIL","call_id":28,"pair":0,"column_slot":2,"source_slot":2,"destination_slot":2,"entry":2,"value":1333.3347080434842}
MORTAR_OBSERVER {"kind":"PRE_RAW","call_id":28,"pair":0,"slot":3,"node":4,"activity":0,"lambda_raw":[-2.3663961088087879e-23,-2.7952061419486355e-23,1.2387845401817816e-22],"lambda_start":[0.00026087484312670427,-6.5464962048225706e-05,-0.012777605225320413],"ddtil_count":1}
MORTAR_OBSERVER {"kind":"DDTIL","call_id":28,"pair":0,"column_slot":3,"source_slot":3,"destination_slot":3,"entry":3,"value":666.66728295766029}
MORTAR_OBSERVER {"kind":"PRE_RAW","call_id":28,"pair":0,"slot":4,"node":17,"activity":2,"lambda_raw":[0.0037151735834511442,-1.3759700254663227e-08,-0.012383908686094363],"lambda_start":[-0.00073668481887303799,-9.7019711702975403e-05,-0.011300300351502958],"ddtil_count":1}
MORTAR_OBSERVER {"kind":"DDTIL","call_id":28,"pair":0,"column_slot":4,"source_slot":4,"destination_slot":4,"entry":4,"value":1000.0008247274735}
MORTAR_OBSERVER {"kind":"PRE_RAW","call_id":28,"pair":0,"slot":5,"node":18,"activity":2,"lambda_raw":[0.0080303264969915286,9.3646255528813018e-07,-0.026767754008721514],"lambda_start":[0.00031679164735302451,-0.00033171886194272466,-0.011646333315327854],"ddtil_count":1}
MORTAR_OBSERVER {"kind":"DDTIL","call_id":28,"pair":0,"column_slot":5,"source_slot":5,"destination_slot":5,"entry":5,"value":1000.0009411514271}
MORTAR_OBSERVER {"kind":"PRE_RAW","call_id":28,"pair":0,"slot":6,"node":19,"activity":2,"lambda_raw":[0.0032746638402710751,4.148865587189957e-07,-0.010915545648001868],"lambda_start":[-0.00016634120876597442,-0.00016634120876249758,-0.011364569524827929],"ddtil_count":1}
MORTAR_OBSERVER {"kind":"DDTIL","call_id":28,"pair":0,"column_slot":6,"source_slot":6,"destination_slot":6,"entry":6,"value":2000.0017392200903}
MORTAR_OBSERVER {"kind":"PRE_RAW","call_id":28,"pair":0,"slot":7,"node":23,"activity":2,"lambda_raw":[0.0020206644728784553,5.2468079121724661e-07,-0.0067355495342755574],"lambda_start":[-0.00033171886191928003,0.00031679164732769906,-0.011646333315327273],"ddtil_count":1}
MORTAR_OBSERVER {"kind":"DDTIL","call_id":28,"pair":0,"column_slot":7,"source_slot":7,"destination_slot":7,"entry":7,"value":1000.0009411514277}
MORTAR_OBSERVER {"kind":"PRE_RAW","call_id":28,"pair":0,"slot":8,"node":24,"activity":0,"lambda_raw":[3.816939070630176e-23,9.2220636075419792e-23,-3.6422386693391973e-23],"lambda_start":[-9.7019711699403892e-05,-0.00073668481884682697,-0.011300300351506478],"ddtil_count":1}
MORTAR_OBSERVER {"kind":"DDTIL","call_id":28,"pair":0,"column_slot":8,"source_slot":8,"destination_slot":8,"entry":8,"value":1000.0008247274731}
MORTAR_OBSERVER {"kind":"LAW","call_id":28,"pair":0,"slot":0,"node":1,"activity":2,"ndof":3,"normal":[7.4142375520434235e-08,7.4142375520434791e-08,-0.99999999999999456],"tangents":[0.99999999999999722,-5.4970918478131419e-15,7.414237552043405e-08,-1.5777218104420236e-30,0.99999999999999734,7.414237552043499e-08],"ln":3.5238251905264395,"lt":[1.0571475505998114,0.00011775313501193747],"lt_start":[0.67693309128239354,0.67693309127077694],"q":0.00035238251905264395,"ut":[165.53004677870254,0.011669418756388631],"gn":0.00035238251905264395,"gt":[0.0038021445931741781,-0.0067681533813576502],"b":1.0571475571579318,"constant_n":10000000000,"constant_t":100,"mu":0.29999999999999999,"normal_mode":1,"tangent_mode":1,"normal_inverse_stiffness":0.0001,"tangent_inverse_stiffness":0.01,"p0":0,"beta":0,"iwan":1,"rn":0,"rt":[-6.6613381477509392e-16,4.8288033727833524e-14]}
MORTAR_OBSERVER {"kind":"LAW","call_id":28,"pair":0,"slot":1,"node":2,"activity":2,"ndof":3,"normal":[6.8390467289122116e-08,-4.1027436962417973e-08,-0.99999999999999689],"tangents":[0.99999999999999767,2.8058855855347727e-15,6.8390467289122063e-08,-0,0.99999999999999922,-4.1027436962418072e-08],"ln":19.78822902064233,"lt":[5.9364686952170524,0.00036098910221488985],"lt_start":[-0.043643930954672693,0.17391707236567855],"q":0.0019788229020642331,"ut":[82.713540609464744,0.0032905078208215585],"gn":0.0019788229020642331,"gt":[0.059801126261717255,-0.0017355608326346367],"b":5.9364687061926986,"constant_n":10000000000,"constant_t":100,"mu":0.29999999999999999,"normal_mode":1,"tangent_mode":1,"normal_inverse_stiffness":0.0001,"tangent_inverse_stiffness":0.01,"p0":0,"beta":0,"iwan":1,"rn":0,"rt":[-3.5527136788005009e-15,-1.2706074256976785e-13]}
MORTAR_OBSERVER {"kind":"LAW","call_id":28,"pair":0,"slot":2,"node":3,"activity":2,"ndof":3,"normal":[-4.5207793914620201e-08,-4.5207793914609362e-08,-0.999999999999998],"tangents":[0.999999999999999,-2.0437446306262833e-15,-4.5207793914620155e-08,-0,0.999999999999999,-4.5207793914609408e-08],"ln":28.969581625560451,"lt":[8.6908742903291571,0.0018520519744775104],"lt_start":[0.13542602203891804,0.13542602205125598],"q":0.0028969581625560453,"ut":[165.41868679033297,0.033897258027995501],"gn":0.0028969581625560453,"gt":[0.085554482682902402,-0.0013357397007677846],"b":8.6908744876681343,"constant_n":10000000000,"constant_t":100,"mu":0.29999999999999999,"normal_mode":1,"tangent_mode":1,"normal_inverse_stiffness":0.0001,"tangent_inverse_stiffness":0.01,"p0":0,"beta":0,"iwan":1,"rn":0,"rt":[-1.7763568394002505e-15,2.9018454306140029e-14]}
MORTAR_OBSERVER {"kind":"LAW","call_id":28,"pair":0,"slot":3,"node":4,"activity":0,"ndof":3,"normal":[-4.1027436962437514e-08,6.8390467289151391e-08,-0.99999999999999689],"tangents":[0.99999999999999922,2.8058855855373057e-15,-4.1027436962437428e-08,7.8886090522101181e-31,0.99999999999999778,6.8390467289151457e-08],"ln":-8.2585712984483192e-20,"lt":[-1.577599203089149e-20,-1.8634719191519108e-20],"lt_start":[0.17391707234787057,-0.043643930955750233],"q":-0.028816207086211784,"ut":[82.76057184281153,0.013655944763946597],"gn":-8.2585712984483202e-24,"gt":[-0.0017391707234787057,0.00043643930955750235],"b":-86448621.258635342,"constant_n":10000000000,"constant_t":100,"mu":0.29999999999999999,"normal_mode":1,"tangent_mode":1,"normal_inverse_stiffness":0.0001,"tangent_inverse_stiffness":0.01,"p0":0,"beta":0,"iwan":1,"rn":-2.4775713895344957e-20,"rt":[-1.577599203089149e-20,-1.8634719191519108e-20]}
MORTAR_OBSERVER {"kind":"LAW","call_id":28,"pair":0,"slot":4,"node":17,"activity":2,"ndof":3,"normal":[7.2426709089877482e-08,1.5397177074202342e-08,-0.99999999999999734],"tangents":[0.99999999999999745,-1.115166864758587e-15,7.2426709089877482e-08,-0,1,1.5397177074202381e-08],"ln":12.383919168521858,"lt":[3.7151757505303662,-1.3950388994833356e-05],"lt_start":[-0.7366862448814866,-0.097019965710666123],"q":0.0012383919168521859,"ut":[124.07488449366133,0.00050432933837206396],"gn":0.0012383919168521859,"gt":[0.04451861995411853,0.00097006015321671288],"b":3.7151757505565572,"constant_n":10000000000,"constant_t":100,"mu":0.29999999999999999,"normal_mode":1,"tangent_mode":1,"normal_inverse_stiffness":0.0001,"tangent_inverse_stiffness":0.01,"p0":0,"beta":0,"iwan":1,"rn":0,"rt":[4.4408920985006262e-16,-1.7348724860128881e-13]}
MORTAR_OBSERVER {"kind":"LAW","call_id":28,"pair":0,"slot":5,"node":18,"activity":2,"ndof":3,"normal":[1.1965865623755442e-08,-4.3492139893534207e-08,-0.999999999999999],"tangents":[1,5.2042110165560376e-16,1.1965865623755432e-08,-9.8607613152626476e-32,0.99999999999999911,-4.3492139893534214e-08],"ln":26.767779297280544,"lt":[8.030333734445124,0.00093762762463885888],"lt_start":[0.31679180614334473,-0.33171866761597019],"q":0.0026767779297280536,"ut":[124.09356437368045,0.017806811662897139],"gn":0.0026767779297280545,"gt":[0.0771354192830178,0.0033265629524060901],"b":8.0303337865820783,"constant_n":10000000000,"constant_t":100,"mu":0.29999999999999999,"normal_mode":1,"tangent_mode":1,"normal_inverse_stiffness":0.0001,"tangent_inverse_stiffness":0.01,"p0":0,"beta":0,"iwan":1,"rn":2.6020838816975811e-09,"rt":[2.6020874344112599e-09,2.5300399796035489e-13]}
MORTAR_OBSERVER {"kind":"LAW","call_id":28,"pair":0,"slot":6,"node":19,"activity":2,"ndof":3,"normal":[1.4467282659565779e-08,1.4467282659570933e-08,-0.99999999999999978],"tangents":[0.99999999999999989,-2.0930226755184727e-16,1.4467282659565778e-08,-0,0.99999999999999989,1.4467282659570934e-08],"ln":21.831110375303084,"lt":[6.5493330600664459,0.00082945800217382854],"lt_start":[-0.33268303566508606,-0.3326830356581324],"q":0.0021831110375303089,"ut":[248.21768077659473,0.034762608657550577],"gn":0.0021831110375303085,"gt":[0.068820160957315329,0.0033351249366030621],"b":6.5493331138919677,"constant_n":10000000000,"constant_t":100,"mu":0.29999999999999999,"normal_mode":1,"tangent_mode":1,"normal_inverse_stiffness":0.0001,"tangent_inverse_stiffness":0.01,"p0":0,"beta":0,"iwan":1,"rn":-1.3010428290272102e-09,"rt":[-1.3010454935624693e-09,-5.0059782708000711e-15]}
MORTAR_OBSERVER {"kind":"LAW","call_id":28,"pair":0,"slot":7,"node":23,"activity":2,"ndof":3,"normal":[-4.3492139893549387e-08,1.1965865623775503e-08,-0.999999999999999],"tangents":[0.99999999999999911,5.2042110165665827e-16,-4.3492139893549387e-08,-0,1,1.1965865623775516e-08],"ln":6.7355557855707842,"lt":[2.0206666675734453,0.00052460068826483928],"lt_start":[-0.33171866759252555,0.3167918061180196],"q":0.0006735555785570786,"ut":[124.08760424228088,0.02904655027661001],"gn":0.00067355557855707849,"gt":[0.023523853351659709,-0.0031626720542975478],"b":2.0206667359964956,"constant_n":10000000000,"constant_t":100,"mu":0.29999999999999999,"normal_mode":1,"tangent_mode":1,"normal_inverse_stiffness":0.0001,"tangent_inverse_stiffness":0.01,"p0":0,"beta":0,"iwan":1,"rn":-3.2526026316759271e-10,"rt":[-3.2525804272154346e-10,-1.6348467718474424e-14]}
MORTAR_OBSERVER {"kind":"LAW","call_id":28,"pair":0,"slot":8,"node":24,"activity":0,"ndof":3,"normal":[1.5397177074192042e-08,7.2426709089892398e-08,-0.99999999999999734],"tangents":[0.99999999999999989,-1.1151668647580677e-15,1.5397177074192005e-08,-1.9721522630525295e-31,0.99999999999999745,7.2426709089892398e-08],"ln":3.642242399887886e-20,"lt":[3.8169421624844396e-20,9.222070949435593e-20],"lt_start":[-0.09701996570709373,-0.73668624485527534],"q":-0.032685871362412328,"ut":[124.16407515941829,0.010103857835327771],"gn":3.6422423998878864e-24,"gt":[0.0009701996570709373,0.0073668624485527532],"b":-98057614.087236986,"constant_n":10000000000,"constant_t":100,"mu":0.29999999999999999,"normal_mode":1,"tangent_mode":1,"normal_inverse_stiffness":0.0001,"tangent_inverse_stiffness":0.01,"p0":0,"beta":0,"iwan":1,"rn":1.0926727199663658e-20,"rt":[3.8169421624844396e-20,9.222070949435593e-20]}
MORTAR_OBSERVER {"kind":"POST_RAW_AFTER_ACTIVE_LOOP","call_id":28,"pair":0,"slot":0,"node":1,"activity":2,"lambda_raw":[0.00079286026066497858,8.8510733048878501e-08,-0.0026428668399927002],"gap":-0.00035238251905264395}
MORTAR_OBSERVER {"kind":"POST_RAW_AFTER_ACTIVE_LOOP","call_id":28,"pair":0,"slot":1,"node":2,"activity":2,"lambda_raw":[0.0089046968409882046,5.4026536342818973e-07,-0.029682315482573246],"gap":-0.0019788229020642331}
MORTAR_OBSERVER {"kind":"POST_RAW_AFTER_ACTIVE_LOOP","call_id":28,"pair":0,"slot":2,"node":3,"activity":2,"lambda_raw":[0.0065181480150855236,1.3880553115575744e-06,-0.021727164112489736],"gap":-0.0028969581625560453}
MORTAR_OBSERVER {"kind":"POST_RAW_AFTER_ACTIVE_LOOP","call_id":28,"pair":0,"slot":3,"node":4,"activity":0,"lambda_raw":[0,0,0],"gap":0.028816207086211784}
MORTAR_OBSERVER {"kind":"POST_RAW_AFTER_ACTIVE_LOOP","call_id":28,"pair":0,"slot":4,"node":17,"activity":2,"lambda_raw":[0.0037151735834511442,-1.3759700254663227e-08,-0.012383908686094363],"gap":-0.0012383919168521859}
MORTAR_OBSERVER {"kind":"POST_RAW_AFTER_ACTIVE_LOOP","call_id":28,"pair":0,"slot":5,"node":18,"activity":2,"lambda_raw":[0.0080303264969915286,9.3646255528813018e-07,-0.026767754008721514],"gap":-0.0026767779297280536}
MORTAR_OBSERVER {"kind":"POST_RAW_AFTER_ACTIVE_LOOP","call_id":28,"pair":0,"slot":6,"node":19,"activity":2,"lambda_raw":[0.0032746638402710751,4.148865587189957e-07,-0.010915545648001868],"gap":-0.0021831110375303089}
MORTAR_OBSERVER {"kind":"POST_RAW_AFTER_ACTIVE_LOOP","call_id":28,"pair":0,"slot":7,"node":23,"activity":2,"lambda_raw":[0.0020206644728784553,5.2468079121724661e-07,-0.0067355495342755574],"gap":-0.0006735555785570786}
MORTAR_OBSERVER {"kind":"POST_RAW_AFTER_ACTIVE_LOOP","call_id":28,"pair":0,"slot":8,"node":24,"activity":0,"lambda_raw":[0,0,0],"gap":0.032685871362412328}
MORTAR_OBSERVER {"kind":"SUMMARY_PRE_OVERRIDE","call_id":28,"ndiverg":14,"flag":0,"keepset":0,"max_n":2.6020838816975811e-09,"max_t":[2.6020874344112599e-09,2.5300399796035489e-13],"lm_t_av":[35.999999748761404,0.0046364309157766979],"nstick":0,"nslip":7,"ninactive":2,"nnogap":0,"nolm":0}
MORTAR_OBSERVER {"kind":"SUMMARY_POST_OVERRIDE","call_id":28,"flag":0}
MORTAR_OBSERVER {"kind":"RETURN","call_id":28}
 Using up to 2 cpu(s) for the stress calculation.

 average force= 5.901024
 time avg. forc= 5.901024
 largest residual force= 0.000000 in node 20 and dof 1
 largest increment of disp= 8.626191e-02
 largest correction to disp= 1.539641e-09 in node 1 and dof 2

MORTAR_OBSERVER {"kind":"PRE_CHECK","call_id":28,"step":2,"inc":1,"cutback":0,"iteration":12,"time":0.125,"dtime":0.125,"ttime":1,"tper":1,"theta":0,"dtheta":0.125,"icntrl":0,"nmethod":1,"iexpl":0,"ithermal":0,"uncoupled":0,"mortar":2,"iflagdualquad":2}
convergence

MORTAR_OBSERVER {"kind":"POST_CHECK","call_id":28,"step":2,"inc":1,"cutback":0,"iteration":12,"time":0.125,"dtime":0.125,"ttime":1,"tper":1,"theta":0.125,"dtheta":0.125,"icntrl":1,"nmethod":1,"iexpl":0,"ithermal":0,"uncoupled":0,"mortar":2,"iflagdualquad":2}
 Using up to 2 cpu(s) for the stress calculation.

 increment 2 attempt 1 
 increment size= 1.250000e-01
 sum of previous increments=1.250000e-01
 actual step time=2.500000e-01
 actual total time=1.250000e+00

 iteration 1

 Determining the structure of the matrix:

 Using up to 2 cpu(s) for setting up the structure of the matrix.
 number of equations
 75
 number of nonzero lower triangular matrix elements
 1143

 Using up to 2 cpu(s) for the stress calculation.

 Using up to 2 cpu(s) for the symmetric stiffness/mass contributions.

 Using up to 2 cpu(s) for the stress calculation.

 Using up to 2 cpu(s) for the symmetric stiffness/mass contributions.

 Factoring the system of equations using the unsymmetric spooles solver
 Using 1 cpu for spooles.

MORTAR_OBSERVER {"kind":"BEGIN","call_id":29,"step":2,"inc":2,"cutback":0,"iteration":1,"time":0.25,"dtime":0.125,"ttime":1,"tper":1,"theta":0.125,"dtheta":0.125,"icntrl":0,"nmethod":1,"iexpl":0,"ithermal":0,"uncoupled":0,"mortar":2,"iflagdualquad":2}
MORTAR_OBSERVER {"kind":"INVENTORY","call_id":29,"pair_count":1,"slave_count":9}
MORTAR_OBSERVER {"kind":"PAIR","call_id":29,"pair":0,"start":0,"end":9}
MORTAR_OBSERVER {"kind":"PRE_RAW","call_id":29,"pair":0,"slot":0,"node":1,"activity":2,"lambda_raw":[0.0007873387377277714,6.6873160379315403e-09,-0.0026245286388577706],"lambda_start":[0.00079286026066497858,8.8510733048878501e-08,-0.0026428668399927002],"ddtil_count":1}
MORTAR_OBSERVER {"kind":"DDTIL","call_id":29,"pair":0,"column_slot":0,"source_slot":0,"destination_slot":0,"entry":0,"value":1333.3317606315686}
MORTAR_OBSERVER {"kind":"PRE_RAW","call_id":29,"pair":0,"slot":1,"node":2,"activity":2,"lambda_raw":[0.0089006526229939691,9.5786873973555766e-08,-0.029669518981732299],"lambda_start":[0.0089046968409882046,5.4026536342818973e-07,-0.029682315482573246],"ddtil_count":1}
MORTAR_OBSERVER {"kind":"DDTIL","call_id":29,"pair":0,"column_slot":1,"source_slot":1,"destination_slot":1,"entry":1,"value":666.66812686480489}
MORTAR_OBSERVER {"kind":"PRE_RAW","call_id":29,"pair":0,"slot":2,"node":3,"activity":2,"lambda_raw":[0.006517771102431306,5.079403900601005e-08,-0.021726366720954085],"lambda_start":[0.0065181480150855236,1.3880553115575744e-06,-0.021727164112489736],"ddtil_count":1}
MORTAR_OBSERVER {"kind":"DDTIL","call_id":29,"pair":0,"column_slot":2,"source_slot":2,"destination_slot":2,"entry":2,"value":1333.3351831101022}
MORTAR_OBSERVER {"kind":"PRE_RAW","call_id":29,"pair":0,"slot":3,"node":4,"activity":0,"lambda_raw":[6.2908089767818903e-17,-8.2330077773568408e-18,1.0658154189650323e-17],"lambda_start":[0,0,0],"ddtil_count":1}
MORTAR_OBSERVER {"kind":"DDTIL","call_id":29,"pair":0,"column_slot":3,"source_slot":3,"destination_slot":3,"entry":3,"value":666.66584393203641}
MORTAR_OBSERVER {"kind":"PRE_RAW","call_id":29,"pair":0,"slot":4,"node":17,"activity":2,"lambda_raw":[0.0037293476286838576,3.3589057642825393e-08,-0.012431441433374098],"lambda_start":[0.0037151735834511442,-1.3759700254663227e-08,-0.012383908686094363],"ddtil_count":1}
MORTAR_OBSERVER {"kind":"DDTIL","call_id":29,"pair":0,"column_slot":4,"source_slot":4,"destination_slot":4,"entry":4,"value":1000.0007593163174}
MORTAR_OBSERVER {"kind":"PRE_RAW","call_id":29,"pair":0,"slot":5,"node":18,"activity":2,"lambda_raw":[0.0080251413803397453,7.3078507374801359e-08,-0.026751065738581225],"lambda_start":[0.0080303264969915286,9.3646255528813018e-07,-0.026767754008721514],"ddtil_count":1}
MORTAR_OBSERVER {"kind":"DDTIL","call_id":29,"pair":0,"column_slot":5,"source_slot":5,"destination_slot":5,"entry":5,"value":1000.0018696688086}
MORTAR_OBSERVER {"kind":"PRE_RAW","call_id":29,"pair":0,"slot":6,"node":19,"activity":2,"lambda_raw":[0.0032740034600912773,3.484970491869643e-08,-0.010913598787514977],"lambda_start":[0.0032746638402710751,4.148865587189957e-07,-0.010915545648001868],"ddtil_count":1}
MORTAR_OBSERVER {"kind":"DDTIL","call_id":29,"pair":0,"column_slot":6,"source_slot":6,"destination_slot":6,"entry":6,"value":2000.000197523404}
MORTAR_OBSERVER {"kind":"PRE_RAW","call_id":29,"pair":0,"slot":7,"node":23,"activity":2,"lambda_raw":[0.00202273497039639,1.8010807599927029e-08,-0.0067426163193399198],"lambda_start":[0.0020206644728784553,5.2468079121724661e-07,-0.0067355495342755574],"ddtil_count":1}
MORTAR_OBSERVER {"kind":"DDTIL","call_id":29,"pair":0,"column_slot":7,"source_slot":7,"destination_slot":7,"entry":7,"value":999.99972374903859}
MORTAR_OBSERVER {"kind":"PRE_RAW","call_id":29,"pair":0,"slot":8,"node":24,"activity":0,"lambda_raw":[-4.3021199313313344e-18,3.2862645152879355e-17,-2.1316310369435259e-17],"lambda_start":[0,0,0],"ddtil_count":1}
MORTAR_OBSERVER {"kind":"DDTIL","call_id":29,"pair":0,"column_slot":8,"source_slot":8,"destination_slot":8,"entry":8,"value":999.99867253611148}
MORTAR_OBSERVER {"kind":"LAW","call_id":29,"pair":0,"slot":0,"node":1,"activity":2,"ndof":3,"normal":[-6.9407423926798455e-06,5.4316985200285488e-07,-0.99999999997576561],"tangents":[0.99999999997591305,3.7700020183126606e-12,-6.9407423926788223e-06,-0,0.99999999999985256,5.4316985201593825e-07],"ln":3.4993601045176987,"lt":[1.0498080335703177,7.0156599989020439e-06],"lt_start":[1.0571702251768147,0.00011610013966798595],"q":0.00034993601045153852,"ut":[166.65773251213747,0.0013039224739170979],"gn":0.00034993601045176989,"gt":[-7.3621916064969817e-05,-1.0908447966908391e-06],"b":1.0498073372490786,"constant_n":10000000000,"constant_t":100,"mu":0.29999999999999999,"normal_mode":1,"tangent_mode":1,"normal_inverse_stiffness":0.0001,"tangent_inverse_stiffness":0.01,"p0":0,"beta":0,"iwan":1,"rn":6.9410623093624224e-07,"rt":[6.9635342403451261e-07,-1.2047764813452951e-06]}
MORTAR_OBSERVER {"kind":"LAW","call_id":29,"pair":0,"slot":1,"node":2,"activity":2,"ndof":3,"normal":[-6.279441525421471e-06,1.6093676180327939e-07,-0.99999999998027134],"tangents":[0.99999999998028433,1.0105929850543011e-12,-6.2794415254213889e-06,-0,0.99999999999998701,1.6093676180645238e-07],"ln":19.779685383317894,"lt":[5.9339056175404492,6.0674771338344117e-05],"lt_start":[5.9366018223452821,0.00035699304038014666],"q":0.0019779685383318618,"ut":[83.328906640395786,0.00088089848294024473],"gn":0.0019779685383317894,"gt":[-2.6962048048329025e-05,-2.9631826904180255e-06],"b":5.9339058322694838,"constant_n":10000000000,"constant_t":100,"mu":0.29999999999999999,"normal_mode":1,"tangent_mode":1,"normal_inverse_stiffness":0.0001,"tangent_inverse_stiffness":0.01,"p0":0,"beta":0,"iwan":1,"rn":-2.172741160322289e-07,"rt":[-2.1439525088595701e-07,-2.2639622362344601e-06]}
MORTAR_OBSERVER {"kind":"LAW","call_id":29,"pair":0,"slot":2,"node":3,"activity":2,"ndof":3,"normal":[-5.8711560832323528e-06,8.0528974919850548e-08,-0.99999999998276157],"tangents":[0.99999999998276479,4.7279818098529496e-13,-5.8711560832323342e-06,-0,0.99999999999999678,8.052897492123849e-08],"ln":28.968478127167231,"lt":[8.6905436049363392,6.5392673341538193e-05],"lt_start":[8.6910461620813155,0.0018484100914275047],"q":0.0028968478127169061,"ut":[166.65771406551255,0.0014915864098552789],"gn":0.0028968478127167231,"gt":[-5.0255714497637881e-06,-1.7830174180859664e-05],"b":8.69054398719015,"constant_n":10000000000,"constant_t":100,"mu":0.29999999999999999,"normal_mode":1,"tangent_mode":1,"normal_inverse_stiffness":0.0001,"tangent_inverse_stiffness":0.01,"p0":0,"beta":0,"iwan":1,"rn":-5.4903998147892707e-07,"rt":[-3.8189743634120532e-07,-1.3310518646086425e-05]}
MORTAR_OBSERVER {"kind":"LAW","call_id":29,"pair":0,"slot":3,"node":4,"activity":0,"ndof":3,"normal":[-7.8157247158339348e-06,1.6499003750921855e-07,-0.99999999996944366],"tangents":[0.99999999996945721,1.2895167140665527e-12,-7.8157247158338298e-06,4.0389678347315804e-28,0.99999999999998646,1.6499003751425779e-07],"ln":-7.1057560440957765e-15,"lt":[4.1938619219863074e-14,-5.4886639056658172e-15],"lt_start":[0,0],"q":0.013744073047163359,"ut":[83.328832941278534,0.00095729245797644073],"gn":-7.1057560440957766e-19,"gt":[4.1938619219863077e-16,-5.4886639056658175e-17],"b":41232219.141490072,"constant_n":10000000000,"constant_t":100,"mu":0.29999999999999999,"normal_mode":1,"tangent_mode":1,"normal_inverse_stiffness":0.0001,"tangent_inverse_stiffness":0.01,"p0":0,"beta":0,"iwan":1,"rn":-41232219.141490072,"rt":[4.1938619219863074e-14,-5.4886639056658172e-15]}
MORTAR_OBSERVER {"kind":"LAW","call_id":29,"pair":0,"slot":4,"node":17,"activity":2,"ndof":3,"normal":[-6.2582777677366106e-06,2.3875961279220718e-10,-0.999999999980417],"tangents":[0.999999999980417,1.4942239766001333e-15,-6.2582777677366106e-06,-0,1,2.3875961279688282e-10],"ln":12.431427533215917,"lt":[3.7294282598379516,3.3586115019148062e-05],"lt_start":[3.7152539063695702,-1.3762667482116086e-05],"q":0.0012431427533216048,"ut":[124.9933587161746,0.0011161340639173659],"gn":0.0012431427533215918,"gt":[0.00014174353468381364,4.7348782501264153e-07],"b":3.7294282989960532,"constant_n":10000000000,"constant_t":100,"mu":0.29999999999999999,"normal_mode":1,"tangent_mode":1,"normal_inverse_stiffness":0.0001,"tangent_inverse_stiffness":0.01,"p0":0,"beta":0,"iwan":1,"rn":-3.903127820947816e-08,"rt":[-3.9009540042655999e-08,2.9801075818949461e-07]}
MORTAR_OBSERVER {"kind":"LAW","call_id":29,"pair":0,"slot":5,"node":18,"activity":2,"ndof":3,"normal":[-6.1187435766964094e-06,1.6417719431976369e-07,-0.99999999998126698],"tangents":[0.99999999998128053,1.0045581532028971e-12,-6.1187435766963272e-06,-0,0.99999999999998657,1.6417719432283702e-07],"ln":26.751066649851222,"lt":[8.0253200677637331,6.8686720877873819e-05],"lt_start":[8.0305052962213068,0.00093206964319492299],"q":0.0026751066649850861,"ut":[124.99337400568515,0.0011683322575990239],"gn":0.0026751066649851221,"gt":[-5.185228457573743e-05,-8.6338292231704908e-06],"b":8.0253198869688305,"constant_n":10000000000,"constant_t":100,"mu":0.29999999999999999,"normal_mode":1,"tangent_mode":1,"normal_inverse_stiffness":0.0001,"tangent_inverse_stiffness":0.01,"p0":0,"beta":0,"iwan":1,"rn":1.0798653526933322e-07,"rt":[1.8115064470691777e-07,-6.8770727407803676e-06]}
MORTAR_OBSERVER {"kind":"LAW","call_id":29,"pair":0,"slot":6,"node":19,"activity":2,"ndof":3,"normal":[-6.405948950674593e-06,3.1184841037631914e-07,-0.99999999997943334],"tangents":[0.99999999997948197,1.9976849972607103e-12,-6.4059489506742821e-06,-0,0.99999999999995148,3.1184841038271768e-07],"ln":21.827157784091757,"lt":[6.5481473906677214,6.2892639181890352e-05],"lt_start":[6.5494681761007127,0.000822965207597809],"q":0.002182715778409213,"ut":[249.98670180670038,0.0026045418961541493],"gn":0.0021827157784091757,"gt":[-1.3207854329913004e-05,-7.6007256841591858e-06],"b":6.5481474471171914,"constant_n":10000000000,"constant_t":100,"mu":0.29999999999999999,"normal_mode":1,"tangent_mode":1,"normal_inverse_stiffness":0.0001,"tangent_inverse_stiffness":0.01,"p0":0,"beta":0,"iwan":1,"rn":-1.1188966464459327e-07,"rt":[-5.6092007483243833e-08,-5.5283288510741304e-06]}
MORTAR_OBSERVER {"kind":"LAW","call_id":29,"pair":0,"slot":7,"node":23,"activity":2,"ndof":3,"normal":[-6.7999947940284295e-06,7.93147982008045e-08,-0.99999999997687694],"tangents":[0.99999999997688005,5.393402148673556e-13,-6.7999947940284083e-06,-0,0.99999999999999689,7.9314798202638247e-08],"ln":6.7426007019477288,"lt":[2.0227802613103476,1.747601351943384e-05],"lt_start":[2.0207097163103498,0.00052414641766915823],"q":0.00067426007019479527,"ut":[124.99325748278329,0.0012727861723797773],"gn":0.00067426007019477294,"gt":[2.0705449999978143e-05,-5.0667040414972438e-06],"b":2.022780277588013,"constant_n":10000000000,"constant_t":100,"mu":0.29999999999999999,"normal_mode":1,"tangent_mode":1,"normal_inverse_stiffness":0.0001,"tangent_inverse_stiffness":0.01,"p0":0,"beta":0,"iwan":1,"rn":-6.7003694592671081e-08,"rt":[-1.6171962879951707e-08,-3.2031117731104168e-06]}
MORTAR_OBSERVER {"kind":"LAW","call_id":29,"pair":0,"slot":8,"node":24,"activity":0,"ndof":3,"normal":[-7.7300484672293878e-06,7.0589452597773916e-07,-0.9999999999698741],"tangents":[0.99999999997012323,5.456598898722864e-12,-7.7300484672274633e-06,8.0779356694631609e-28,0.99999999999975098,7.0589452599882912e-07],"ln":2.1316338525242799e-14,"lt":[-4.3019494442210666e-15,3.286258648184962e-14],"lt_start":[0,0],"q":0.015953837517094085,"ut":[124.99327311693133,0.001199043914607483],"gn":2.1316338525242798e-18,"gt":[-4.3019494442210665e-17,3.286258648184962e-16],"b":47861512.551282242,"constant_n":10000000000,"constant_t":100,"mu":0.29999999999999999,"normal_mode":1,"tangent_mode":1,"normal_inverse_stiffness":0.0001,"tangent_inverse_stiffness":0.01,"p0":0,"beta":0,"iwan":1,"rn":-47861512.551282242,"rt":[-4.3019494442210666e-15,3.286258648184962e-14]}
MORTAR_OBSERVER {"kind":"POST_RAW_AFTER_ACTIVE_LOOP","call_id":29,"pair":0,"slot":0,"node":1,"activity":2,"lambda_raw":[0.0007873387377277714,6.6873160379315403e-09,-0.0026245286388577706],"gap":-0.00034993601045153852}
MORTAR_OBSERVER {"kind":"POST_RAW_AFTER_ACTIVE_LOOP","call_id":29,"pair":0,"slot":1,"node":2,"activity":2,"lambda_raw":[0.0089006526229939691,9.5786873973555766e-08,-0.029669518981732299],"gap":-0.0019779685383318618}
MORTAR_OBSERVER {"kind":"POST_RAW_AFTER_ACTIVE_LOOP","call_id":29,"pair":0,"slot":2,"node":3,"activity":2,"lambda_raw":[0.006517771102431306,5.079403900601005e-08,-0.021726366720954085],"gap":-0.0028968478127169061}
MORTAR_OBSERVER {"kind":"POST_RAW_AFTER_ACTIVE_LOOP","call_id":29,"pair":0,"slot":3,"node":4,"activity":1,"lambda_raw":[6.2908089767818903e-17,-8.2330077773568408e-18,1.0658154189650323e-17],"gap":-0.013744073047163359}
MORTAR_OBSERVER {"kind":"POST_RAW_AFTER_ACTIVE_LOOP","call_id":29,"pair":0,"slot":4,"node":17,"activity":2,"lambda_raw":[0.0037293476286838576,3.3589057642825393e-08,-0.012431441433374098],"gap":-0.0012431427533216048}
MORTAR_OBSERVER {"kind":"POST_RAW_AFTER_ACTIVE_LOOP","call_id":29,"pair":0,"slot":5,"node":18,"activity":2,"lambda_raw":[0.0080251413803397453,7.3078507374801359e-08,-0.026751065738581225],"gap":-0.0026751066649850861}
MORTAR_OBSERVER {"kind":"POST_RAW_AFTER_ACTIVE_LOOP","call_id":29,"pair":0,"slot":6,"node":19,"activity":2,"lambda_raw":[0.0032740034600912773,3.484970491869643e-08,-0.010913598787514977],"gap":-0.002182715778409213}
MORTAR_OBSERVER {"kind":"POST_RAW_AFTER_ACTIVE_LOOP","call_id":29,"pair":0,"slot":7,"node":23,"activity":2,"lambda_raw":[0.00202273497039639,1.8010807599927029e-08,-0.0067426163193399198],"gap":-0.00067426007019479527}
MORTAR_OBSERVER {"kind":"POST_RAW_AFTER_ACTIVE_LOOP","call_id":29,"pair":0,"slot":8,"node":24,"activity":1,"lambda_raw":[-4.3021199313313344e-18,3.2862645152879355e-17,-2.1316310369435259e-17],"gap":-0.015953837517094085}
MORTAR_OBSERVER {"kind":"SUMMARY_PRE_OVERRIDE","call_id":29,"ndiverg":14,"flag":1,"keepset":0,"max_n":47861512.551282242,"max_t":[6.9635342403451261e-07,1.3310518646086425e-05],"lm_t_av":[35.999933235626905,0.00031572459331548168],"nstick":2,"nslip":7,"ninactive":0,"nnogap":0,"nolm":0}
MORTAR_OBSERVER {"kind":"SUMMARY_POST_OVERRIDE","call_id":29,"flag":1}
MORTAR_OBSERVER {"kind":"RETURN","call_id":29}
 Using up to 2 cpu(s) for the stress calculation.

 average force= 5.903107
 time avg. forc= 5.902066
 largest residual force= 0.000995 in node 31 and dof 3
 largest increment of disp= 1.246562e-01
 largest correction to disp= 6.733958e-04 in node 17 and dof 1

MORTAR_OBSERVER {"kind":"PRE_CHECK","call_id":29,"step":2,"inc":2,"cutback":0,"iteration":1,"time":0.25,"dtime":0.125,"ttime":1,"tper":1,"theta":0.125,"dtheta":0.125,"icntrl":0,"nmethod":1,"iexpl":0,"ithermal":0,"uncoupled":0,"mortar":2,"iflagdualquad":2}
 no convergence

MORTAR_OBSERVER {"kind":"POST_CHECK","call_id":29,"step":2,"inc":2,"cutback":0,"iteration":2,"time":0.25,"dtime":0.125,"ttime":1,"tper":1,"theta":0.125,"dtheta":0.125,"icntrl":0,"nmethod":1,"iexpl":0,"ithermal":0,"uncoupled":0,"mortar":2,"iflagdualquad":2}
 iteration 2

 Determining the structure of the matrix:

 Using up to 2 cpu(s) for setting up the structure of the matrix.
 number of equations
 75
 number of nonzero lower triangular matrix elements
 1143

 Using up to 2 cpu(s) for the stress calculation.

 Using up to 2 cpu(s) for the symmetric stiffness/mass contributions.

 Using up to 2 cpu(s) for the stress calculation.

 Using up to 2 cpu(s) for the symmetric stiffness/mass contributions.

 Factoring the system of equations using the unsymmetric spooles solver
 Using 1 cpu for spooles.

MORTAR_OBSERVER {"kind":"BEGIN","call_id":30,"step":2,"inc":2,"cutback":0,"iteration":2,"time":0.25,"dtime":0.125,"ttime":1,"tper":1,"theta":0.125,"dtheta":0.125,"icntrl":0,"nmethod":1,"iexpl":0,"ithermal":0,"uncoupled":0,"mortar":2,"iflagdualquad":2}
MORTAR_OBSERVER {"kind":"INVENTORY","call_id":30,"pair_count":1,"slave_count":9}
MORTAR_OBSERVER {"kind":"PAIR","call_id":30,"pair":0,"start":0,"end":9}
MORTAR_OBSERVER {"kind":"PRE_RAW","call_id":30,"pair":0,"slot":0,"node":1,"activity":2,"lambda_raw":[0.00066134810323947694,1.9833940821665334e-08,-0.0022045492721487797],"lambda_start":[0.00079286026066497858,8.8510733048878501e-08,-0.0026428668399927002],"ddtil_count":1}
MORTAR_OBSERVER {"kind":"DDTIL","call_id":30,"pair":0,"column_slot":0,"source_slot":0,"destination_slot":0,"entry":0,"value":1333.3317606315686}
MORTAR_OBSERVER {"kind":"PRE_RAW","call_id":30,"pair":0,"slot":1,"node":2,"activity":2,"lambda_raw":[0.0089727835873470562,1.6300271785103205e-07,-0.029909961031933909],"lambda_start":[0.0089046968409882046,5.4026536342818973e-07,-0.029682315482573246],"ddtil_count":1}
MORTAR_OBSERVER {"kind":"DDTIL","call_id":30,"pair":0,"column_slot":1,"source_slot":1,"destination_slot":1,"entry":1,"value":666.66812686480489}
MORTAR_OBSERVER {"kind":"PRE_RAW","call_id":30,"pair":0,"slot":2,"node":3,"activity":2,"lambda_raw":[0.0064661880526516221,1.4837100724629449e-07,-0.021554419974226611],"lambda_start":[0.0065181480150855236,1.3880553115575744e-06,-0.021727164112489736],"ddtil_count":1}
MORTAR_OBSERVER {"kind":"DDTIL","call_id":30,"pair":0,"column_slot":2,"source_slot":2,"destination_slot":2,"entry":2,"value":1333.3351831101022}
MORTAR_OBSERVER {"kind":"PRE_RAW","call_id":30,"pair":0,"slot":3,"node":4,"activity":1,"lambda_raw":[-6.0794190558008142e-05,9.9720388140763441e-05,-0.00097989509364654857],"lambda_start":[0,0,0],"ddtil_count":1}
MORTAR_OBSERVER {"kind":"DDTIL","call_id":30,"pair":0,"column_slot":3,"source_slot":3,"destination_slot":3,"entry":3,"value":666.66584393203641}
MORTAR_OBSERVER {"kind":"PRE_RAW","call_id":30,"pair":0,"slot":4,"node":17,"activity":2,"lambda_raw":[0.0037602661511205193,9.9724806819526676e-08,-0.01253450552038206],"lambda_start":[0.0037151735834511442,-1.3759700254663227e-08,-0.012383908686094363],"ddtil_count":1}
MORTAR_OBSERVER {"kind":"DDTIL","call_id":30,"pair":0,"column_slot":4,"source_slot":4,"destination_slot":4,"entry":4,"value":1000.0007593163174}
MORTAR_OBSERVER {"kind":"PRE_RAW","call_id":30,"pair":0,"slot":5,"node":18,"activity":2,"lambda_raw":[0.0080625913491093812,1.9561294733613217e-07,-0.026875901990580413],"lambda_start":[0.0080303264969915286,9.3646255528813018e-07,-0.026767754008721514],"ddtil_count":1}
MORTAR_OBSERVER {"kind":"DDTIL","call_id":30,"pair":0,"column_slot":5,"source_slot":5,"destination_slot":5,"entry":5,"value":1000.0018696688086}
MORTAR_OBSERVER {"kind":"PRE_RAW","call_id":30,"pair":0,"slot":6,"node":19,"activity":2,"lambda_raw":[0.0031286017714120167,1.0094935764434398e-07,-0.01042891530616835],"lambda_start":[0.0032746638402710751,4.148865587189957e-07,-0.010915545648001868],"ddtil_count":1}
MORTAR_OBSERVER {"kind":"DDTIL","call_id":30,"pair":0,"column_slot":6,"source_slot":6,"destination_slot":6,"entry":6,"value":2000.000197523404}
MORTAR_OBSERVER {"kind":"PRE_RAW","call_id":30,"pair":0,"slot":7,"node":23,"activity":2,"lambda_raw":[0.0019191183214508272,4.3977407096334928e-08,-0.0063972191261635423],"lambda_start":[0.0020206644728784553,5.2468079121724661e-07,-0.0067355495342755574],"ddtil_count":1}
MORTAR_OBSERVER {"kind":"DDTIL","call_id":30,"pair":0,"column_slot":7,"source_slot":7,"destination_slot":7,"entry":7,"value":999.99972374903859}
MORTAR_OBSERVER {"kind":"PRE_RAW","call_id":30,"pair":0,"slot":8,"node":24,"activity":1,"lambda_raw":[5.1970543665708736e-06,0.00012058352749840485,-0.0010625417506858581],"lambda_start":[0,0,0],"ddtil_count":1}
MORTAR_OBSERVER {"kind":"DDTIL","call_id":30,"pair":0,"column_slot":8,"source_slot":8,"destination_slot":8,"entry":8,"value":999.99867253611148}
MORTAR_OBSERVER {"kind":"LAW","call_id":30,"pair":0,"slot":0,"node":1,"activity":2,"ndof":3,"normal":[-6.9407423926798455e-06,5.4316985200285488e-07,-0.99999999997576561],"tangents":[0.99999999997591305,3.7700020183126606e-12,-6.9407423926788223e-06,-0,0.99999999999985256,5.4316985201593825e-07],"ln":2.939389442054436,"lt":[0.8818168324487895,2.4848632183346345e-05],"lt_start":[1.0571702251768147,0.00011610013966798595],"q":0.00029393894420544516,"ut":[166.66105997122094,0.0041526910526881065],"gn":0.00029393894420544359,"gt":[-0.001753533927280252,-9.1251507484639608e-07],"b":0.88181683733261029,"constant_n":10000000000,"constant_t":100,"mu":0.29999999999999999,"normal_mode":1,"tangent_mode":1,"normal_inverse_stiffness":0.0001,"tangent_inverse_stiffness":0.01,"p0":0,"beta":0,"iwan":1,"rn":-4.7162794780675199e-09,"rt":[-4.6099616346495509e-09,2.8716667983843675e-06]}
MORTAR_OBSERVER {"kind":"LAW","call_id":30,"pair":0,"slot":1,"node":2,"activity":2,"ndof":3,"normal":[-6.279441525421471e-06,1.6093676180327939e-07,-0.99999999998027134],"tangents":[0.99999999998028433,1.0105929850543011e-12,-6.2794415254213889e-06,-0,0.99999999999998701,1.6093676180645238e-07],"ln":19.939980132587277,"lt":[5.9819940389971267,0.00010545963470529966],"lt_start":[5.9366018223452821,0.00035699304038014666],"q":0.0019939980132587277,"ut":[83.330083205992864,0.0014712825375651298],"gn":0.0019939980132587277,"gt":[0.00045392216651844562,-2.5153340567484698e-06],"b":5.9819940397761826,"constant_n":10000000000,"constant_t":100,"mu":0.29999999999999999,"normal_mode":1,"tangent_mode":1,"normal_inverse_stiffness":0.0001,"tangent_inverse_stiffness":0.01,"p0":0,"beta":0,"iwan":1,"rn":0,"rt":[1.5654499918582587e-10,-3.3982498219030702e-07]}
MORTAR_OBSERVER {"kind":"LAW","call_id":30,"pair":0,"slot":2,"node":3,"activity":2,"ndof":3,"normal":[-5.8711560832323528e-06,8.0528974919850548e-08,-0.99999999998276157],"tangents":[0.99999999998276479,4.7279818098529496e-13,-5.8711560832323342e-06,-0,0.99999999999999678,8.052897492123849e-08],"ln":28.739215883952006,"lt":[8.6217647637773673,0.00019551394044347938],"lt_start":[8.6910461620813155,0.0018484100914275047],"q":0.0028739215883952013,"ut":[166.66156574214207,0.0037448029828709866],"gn":0.0028739215883952008,"gt":[-0.00069281398303948198,-1.6528961509840251e-05],"b":8.6217647664866437,"constant_n":10000000000,"constant_t":100,"mu":0.29999999999999999,"normal_mode":1,"tangent_mode":1,"normal_inverse_stiffness":0.0001,"tangent_inverse_stiffness":0.01,"p0":0,"beta":0,"iwan":1,"rn":-1.3010428290272102e-09,"rt":[-5.1355542041164881e-10,9.3239633843818096e-07]}
MORTAR_OBSERVER {"kind":"LAW","call_id":30,"pair":0,"slot":3,"node":4,"activity":1,"ndof":3,"normal":[-7.8157247158339348e-06,1.6499003750921855e-07,-0.99999999996944366],"tangents":[0.99999999996945721,1.2895167140665527e-12,-7.8157247158338298e-06,4.0389678347315804e-28,0.99999999999998646,1.6499003751425779e-07],"ln":0.65326291728605779,"lt":[-0.040524304632628697,0.066480068935272224],"lt_start":[0,0],"q":6.5326291728598843e-05,"ut":[83.328427302165935,0.0016220931427791752],"gn":6.5326291728605781e-05,"gt":[-0.000405243046326287,0.00066480068935272226],"b":0.19597885436913562,"constant_n":10000000000,"constant_t":100,"mu":0.29999999999999999,"normal_mode":1,"tangent_mode":1,"normal_inverse_stiffness":0.0001,"tangent_inverse_stiffness":0.01,"p0":0,"beta":0,"iwan":1,"rn":2.0816681711721685e-08,"rt":[83.328832545212265,0.00095729245342645296]}
MORTAR_OBSERVER {"kind":"LAW","call_id":30,"pair":0,"slot":4,"node":17,"activity":2,"ndof":3,"normal":[-6.2582777677366106e-06,2.3875961279220718e-10,-0.999999999980417],"tangents":[0.999999999980417,1.4942239766001333e-15,-6.2582777677366106e-06,-0,1,2.3875961279688282e-10],"ln":12.534491504983269,"lt":[3.7603474507551202,9.9721889806242661e-05],"lt_start":[3.7152539063695702,-1.3762667482116086e-05],"q":0.0012534491504983284,"ut":[124.994775546011,0.0033341126469654155],"gn":0.0012534491504983269,"gt":[0.00045093544385550022,1.1348455728835876e-06],"b":3.7603474560486294,"constant_n":10000000000,"constant_t":100,"mu":0.29999999999999999,"normal_mode":1,"tangent_mode":1,"normal_inverse_stiffness":0.0001,"tangent_inverse_stiffness":0.01,"p0":0,"beta":0,"iwan":1,"rn":-4.5536490134168162e-09,"rt":[-3.9566647735966853e-09,-5.4773470992090637e-07]}
MORTAR_OBSERVER {"kind":"LAW","call_id":30,"pair":0,"slot":5,"node":18,"activity":2,"ndof":3,"normal":[-6.1187435766964094e-06,1.6417719431976369e-07,-0.99999999998126698],"tangents":[0.99999999998128053,1.0045581532028971e-12,-6.1187435766963272e-06,-0,0.99999999999998657,1.6417719432283702e-07],"ln":26.87590290612345,"lt":[8.0627708703941501,0.000191200894634101],"lt_start":[8.0305052962213068,0.00093206964319492299],"q":0.0026875902906123451,"ut":[124.9955751061115,0.0029650462562941416],"gn":0.0026875902906123451,"gt":[0.00032265574172843261,-7.4086874856082206e-06],"b":8.062770871837035,"constant_n":10000000000,"constant_t":100,"mu":0.29999999999999999,"normal_mode":1,"tangent_mode":1,"normal_inverse_stiffness":0.0001,"tangent_inverse_stiffness":0.01,"p0":0,"beta":0,"iwan":1,"rn":0,"rt":[8.36912761315034e-10,-5.3582703688290082e-07]}
MORTAR_OBSERVER {"kind":"LAW","call_id":30,"pair":0,"slot":6,"node":19,"activity":2,"ndof":3,"normal":[-6.405948950674593e-06,3.1184841037631914e-07,-0.99999999997943334],"tangents":[0.99999999997948197,1.9976849972607103e-12,-6.4059489506742821e-06,-0,0.99999999999995148,3.1184841038271768e-07],"ln":20.857792588595107,"lt":[6.2573377748790397,0.00019539425326565611],"lt_start":[6.5494681761007127,0.000822965207597809],"q":0.0020857792588595105,"ut":[249.98927654819789,0.0075692941868719518],"gn":0.0020857792588595109,"gt":[-0.0029213040122167302,-6.2757095433215281e-06],"b":6.257337775277489,"constant_n":10000000000,"constant_t":100,"mu":0.29999999999999999,"normal_mode":1,"tangent_mode":1,"normal_inverse_stiffness":0.0001,"tangent_inverse_stiffness":0.01,"p0":0,"beta":0,"iwan":1,"rn":1.3010428290272102e-09,"rt":[2.4746054094748615e-09,5.7752913657474654e-06]}
MORTAR_OBSERVER {"kind":"LAW","call_id":30,"pair":0,"slot":7,"node":23,"activity":2,"ndof":3,"normal":[-6.7999947940284295e-06,7.93147982008045e-08,-0.99999999997687694],"tangents":[0.99999999997688005,5.393402148673556e-13,-6.7999947940284083e-06,-0,0.99999999999999689,7.9314798202638247e-08],"ln":6.3972043087901831,"lt":[1.9191612922929131,4.3470000943652202e-05],"lt_start":[2.0207097163103498,0.00052414641766915823],"q":0.00063972043087901561,"ut":[124.99302125162556,0.0027467921024869973],"gn":0.00063972043087901832,"gt":[-0.0010154842401743668,-4.8067641672550607e-06],"b":1.9191612845055386,"constant_n":10000000000,"constant_t":100,"mu":0.29999999999999999,"normal_mode":1,"tangent_mode":1,"normal_inverse_stiffness":0.0001,"tangent_inverse_stiffness":0.01,"p0":0,"beta":0,"iwan":1,"rn":8.1315163491524345e-09,"rt":[8.2524000966088806e-09,1.2217017573840896e-06]}
MORTAR_OBSERVER {"kind":"LAW","call_id":30,"pair":0,"slot":8,"node":24,"activity":1,"ndof":3,"normal":[-7.7300484672293878e-06,7.0589452597773916e-07,-0.9999999999698741],"tangents":[0.99999999997012323,5.456598898722864e-12,-7.7300484672274633e-06,8.0779356694631609e-28,0.99999999999975098,7.0589452599882912e-07],"ln":1.0625403851137543,"lt":[0.0052052609564997108,0.12058261738668671],"lt_start":[0,0],"q":0.00010625403851137125,"ut":[124.9933243370741,0.0024048700804882688],"gn":0.00010625403851137543,"gt":[5.2052609564997107e-05,0.0012058261738668672],"b":0.3187621029709336,"constant_n":10000000000,"constant_t":100,"mu":0.29999999999999999,"normal_mode":1,"tangent_mode":1,"normal_inverse_stiffness":0.0001,"tangent_inverse_stiffness":0.01,"p0":0,"beta":0,"iwan":1,"rn":1.2563192652859101e-08,"rt":[124.99327228446454,0.0011990439066214015]}
MORTAR_OBSERVER {"kind":"POST_RAW_AFTER_ACTIVE_LOOP","call_id":30,"pair":0,"slot":0,"node":1,"activity":2,"lambda_raw":[0.00066134810323947694,1.9833940821665334e-08,-0.0022045492721487797],"gap":-0.00029393894420544516}
MORTAR_OBSERVER {"kind":"POST_RAW_AFTER_ACTIVE_LOOP","call_id":30,"pair":0,"slot":1,"node":2,"activity":2,"lambda_raw":[0.0089727835873470562,1.6300271785103205e-07,-0.029909961031933909],"gap":-0.0019939980132587277}
MORTAR_OBSERVER {"kind":"POST_RAW_AFTER_ACTIVE_LOOP","call_id":30,"pair":0,"slot":2,"node":3,"activity":2,"lambda_raw":[0.0064661880526516221,1.4837100724629449e-07,-0.021554419974226611],"gap":-0.0028739215883952013}
MORTAR_OBSERVER {"kind":"POST_RAW_AFTER_ACTIVE_LOOP","call_id":30,"pair":0,"slot":3,"node":4,"activity":2,"lambda_raw":[-6.0794190558008142e-05,9.9720388140763441e-05,-0.00097989509364654857],"gap":-6.5326291728598843e-05}
MORTAR_OBSERVER {"kind":"POST_RAW_AFTER_ACTIVE_LOOP","call_id":30,"pair":0,"slot":4,"node":17,"activity":2,"lambda_raw":[0.0037602661511205193,9.9724806819526676e-08,-0.01253450552038206],"gap":-0.0012534491504983284}
MORTAR_OBSERVER {"kind":"POST_RAW_AFTER_ACTIVE_LOOP","call_id":30,"pair":0,"slot":5,"node":18,"activity":2,"lambda_raw":[0.0080625913491093812,1.9561294733613217e-07,-0.026875901990580413],"gap":-0.0026875902906123451}
MORTAR_OBSERVER {"kind":"POST_RAW_AFTER_ACTIVE_LOOP","call_id":30,"pair":0,"slot":6,"node":19,"activity":2,"lambda_raw":[0.0031286017714120167,1.0094935764434398e-07,-0.01042891530616835],"gap":-0.0020857792588595105}
MORTAR_OBSERVER {"kind":"POST_RAW_AFTER_ACTIVE_LOOP","call_id":30,"pair":0,"slot":7,"node":23,"activity":2,"lambda_raw":[0.0019191183214508272,4.3977407096334928e-08,-0.0063972191261635423],"gap":-0.00063972043087901561}
MORTAR_OBSERVER {"kind":"POST_RAW_AFTER_ACTIVE_LOOP","call_id":30,"pair":0,"slot":8,"node":24,"activity":2,"lambda_raw":[5.1970543665708736e-06,0.00012058352749840485,-0.0010625417506858581],"gap":-0.00010625403851137125}
MORTAR_OBSERVER {"kind":"SUMMARY_PRE_OVERRIDE","call_id":30,"ndiverg":14,"flag":1,"keepset":0,"max_n":2.0816681711721685e-08,"max_t":[124.99327228446454,0.0011990439066214015],"lm_t_av":[35.530922589133638,0.18791829556794071],"nstick":0,"nslip":9,"ninactive":0,"nnogap":0,"nolm":0}
MORTAR_OBSERVER {"kind":"SUMMARY_POST_OVERRIDE","call_id":30,"flag":1}
MORTAR_OBSERVER {"kind":"RETURN","call_id":30}
 Using up to 2 cpu(s) for the stress calculation.

 average force= 5.872803
 time avg. forc= 5.886913
 largest residual force= 0.000000 in node 19 and dof 3
 largest increment of disp= 1.246562e-01
 largest correction to disp= 1.605444e-05 in node 4 and dof 3

MORTAR_OBSERVER {"kind":"PRE_CHECK","call_id":30,"step":2,"inc":2,"cutback":0,"iteration":2,"time":0.25,"dtime":0.125,"ttime":1,"tper":1,"theta":0.125,"dtheta":0.125,"icntrl":0,"nmethod":1,"iexpl":0,"ithermal":0,"uncoupled":0,"mortar":2,"iflagdualquad":2}
 no convergence

MORTAR_OBSERVER {"kind":"POST_CHECK","call_id":30,"step":2,"inc":2,"cutback":0,"iteration":3,"time":0.25,"dtime":0.125,"ttime":1,"tper":1,"theta":0.125,"dtheta":0.125,"icntrl":0,"nmethod":1,"iexpl":0,"ithermal":0,"uncoupled":0,"mortar":2,"iflagdualquad":2}
 iteration 3

 Determining the structure of the matrix:

 Using up to 2 cpu(s) for setting up the structure of the matrix.
 number of equations
 75
 number of nonzero lower triangular matrix elements
 1143

 Using up to 2 cpu(s) for the stress calculation.

 Using up to 2 cpu(s) for the symmetric stiffness/mass contributions.

 Using up to 2 cpu(s) for the stress calculation.

 Using up to 2 cpu(s) for the symmetric stiffness/mass contributions.

 Factoring the system of equations using the unsymmetric spooles solver
 Using 1 cpu for spooles.

MORTAR_OBSERVER {"kind":"BEGIN","call_id":31,"step":2,"inc":2,"cutback":0,"iteration":3,"time":0.25,"dtime":0.125,"ttime":1,"tper":1,"theta":0.125,"dtheta":0.125,"icntrl":0,"nmethod":1,"iexpl":0,"ithermal":0,"uncoupled":0,"mortar":2,"iflagdualquad":2}
MORTAR_OBSERVER {"kind":"INVENTORY","call_id":31,"pair_count":1,"slave_count":9}
MORTAR_OBSERVER {"kind":"PAIR","call_id":31,"pair":0,"start":0,"end":9}
MORTAR_OBSERVER {"kind":"PRE_RAW","call_id":31,"pair":0,"slot":0,"node":1,"activity":2,"lambda_raw":[0.00063722735227725921,4.5662630730481198e-08,-0.0021241447439078842],"lambda_start":[0.00079286026066497858,8.8510733048878501e-08,-0.0026428668399927002],"ddtil_count":1}
MORTAR_OBSERVER {"kind":"DDTIL","call_id":31,"pair":0,"column_slot":0,"source_slot":0,"destination_slot":0,"entry":0,"value":1333.3317606315686}
MORTAR_OBSERVER {"kind":"PRE_RAW","call_id":31,"pair":0,"slot":1,"node":2,"activity":2,"lambda_raw":[0.0090605161798612641,4.4937680881344241e-07,-0.030202409696815005],"lambda_start":[0.0089046968409882046,5.4026536342818973e-07,-0.029682315482573246],"ddtil_count":1}
MORTAR_OBSERVER {"kind":"DDTIL","call_id":31,"pair":0,"column_slot":1,"source_slot":1,"destination_slot":1,"entry":1,"value":666.66812686480489}
MORTAR_OBSERVER {"kind":"PRE_RAW","call_id":31,"pair":0,"slot":2,"node":3,"activity":2,"lambda_raw":[0.0064964253762323596,3.256810506229689e-07,-0.021655213218253051],"lambda_start":[0.0065181480150855236,1.3880553115575744e-06,-0.021727164112489736],"ddtil_count":1}
MORTAR_OBSERVER {"kind":"DDTIL","call_id":31,"pair":0,"column_slot":2,"source_slot":2,"destination_slot":2,"entry":2,"value":1333.3351831101022}
MORTAR_OBSERVER {"kind":"PRE_RAW","call_id":31,"pair":0,"slot":3,"node":4,"activity":2,"lambda_raw":[0.0001951980063380257,2.9255658811607115e-08,-0.00065081782160267179],"lambda_start":[0,0,0],"ddtil_count":1}
MORTAR_OBSERVER {"kind":"DDTIL","call_id":31,"pair":0,"column_slot":3,"source_slot":3,"destination_slot":3,"entry":3,"value":666.66584393203641}
MORTAR_OBSERVER {"kind":"PRE_RAW","call_id":31,"pair":0,"slot":4,"node":17,"activity":2,"lambda_raw":[0.0037887586913837685,2.3129215296162205e-07,-0.012629482827824719],"lambda_start":[0.0037151735834511442,-1.3759700254663227e-08,-0.012383908686094363],"ddtil_count":1}
MORTAR_OBSERVER {"kind":"DDTIL","call_id":31,"pair":0,"column_slot":4,"source_slot":4,"destination_slot":4,"entry":4,"value":1000.0007593163174}
MORTAR_OBSERVER {"kind":"PRE_RAW","call_id":31,"pair":0,"slot":5,"node":18,"activity":2,"lambda_raw":[0.0081254087970046331,4.5368733002461984e-07,-0.027085298161833415],"lambda_start":[0.0080303264969915286,9.3646255528813018e-07,-0.026767754008721514],"ddtil_count":1}
MORTAR_OBSERVER {"kind":"DDTIL","call_id":31,"pair":0,"column_slot":5,"source_slot":5,"destination_slot":5,"entry":5,"value":1000.0018696688086}
MORTAR_OBSERVER {"kind":"PRE_RAW","call_id":31,"pair":0,"slot":6,"node":19,"activity":2,"lambda_raw":[0.0031333290778080593,2.1964729699210459e-07,-0.010444673375115397],"lambda_start":[0.0032746638402710751,4.148865587189957e-07,-0.010915545648001868],"ddtil_count":1}
MORTAR_OBSERVER {"kind":"DDTIL","call_id":31,"pair":0,"column_slot":6,"source_slot":6,"destination_slot":6,"entry":6,"value":2000.000197523404}
MORTAR_OBSERVER {"kind":"PRE_RAW","call_id":31,"pair":0,"slot":7,"node":23,"activity":2,"lambda_raw":[0.0018879231711554532,1.0918446482313423e-07,-0.006293232727993656],"lambda_start":[0.0020206644728784553,5.2468079121724661e-07,-0.0067355495342755574],"ddtil_count":1}
MORTAR_OBSERVER {"kind":"DDTIL","call_id":31,"pair":0,"column_slot":7,"source_slot":7,"destination_slot":7,"entry":7,"value":999.99972374903859}
MORTAR_OBSERVER {"kind":"PRE_RAW","call_id":31,"pair":0,"slot":8,"node":24,"activity":2,"lambda_raw":[0.00024831788737089542,3.4719016133634423e-08,-0.00082787083167815394],"lambda_start":[0,0,0],"ddtil_count":1}
MORTAR_OBSERVER {"kind":"DDTIL","call_id":31,"pair":0,"column_slot":8,"source_slot":8,"destination_slot":8,"entry":8,"value":999.99867253611148}
MORTAR_OBSERVER {"kind":"LAW","call_id":31,"pair":0,"slot":0,"node":1,"activity":2,"ndof":3,"normal":[-6.9407423926798455e-06,5.4316985200285488e-07,-0.99999999997576561],"tangents":[0.99999999997591305,3.7700020183126606e-12,-6.9407423926788223e-06,-0,0.99999999999985256,5.4316985201593825e-07],"ln":2.8321837540945181,"lt":[0.84965512501274232,5.9345075793192477e-05],"lt_start":[1.0571702251768147,0.00011610013966798595],"q":0.00028321837540945137,"ut":[166.64398899411009,0.011366632168964963],"gn":0.0002832183754094518,"gt":[-0.0020751510016407239,-5.6755063874793471e-07],"b":0.84965512492731277,"constant_n":10000000000,"constant_t":100,"mu":0.29999999999999999,"normal_mode":1,"tangent_mode":1,"normal_inverse_stiffness":0.0001,"tangent_inverse_stiffness":0.01,"p0":0,"beta":0,"iwan":1,"rn":1.3010426069826053e-09,"rt":[2.0620832819062684e-09,1.3886438570808382e-06]}
MORTAR_OBSERVER {"kind":"LAW","call_id":31,"pair":0,"slot":1,"node":2,"activity":2,"ndof":3,"normal":[-6.279441525421471e-06,1.6093676180327939e-07,-0.99999999998027134],"tangents":[0.99999999998028433,1.0105929850543011e-12,-6.2794415254213889e-06,-0,0.99999999999998701,1.6093676180645238e-07],"ln":20.134945968959286,"lt":[6.0404837863912881,0.00029634473628034619],"lt_start":[5.9366018223452821,0.00035699304038014666],"q":0.0020134945968959283,"ut":[83.321209497646777,0.0041129210945667913],"gn":0.0020134945968959287,"gt":[0.0010388196404600603,-6.0648304099800474e-07],"b":6.0404837893867436,"constant_n":10000000000,"constant_t":100,"mu":0.29999999999999999,"normal_mode":1,"tangent_mode":1,"normal_inverse_stiffness":0.0001,"tangent_inverse_stiffness":0.01,"p0":0,"beta":0,"iwan":1,"rn":1.3010419408487905e-09,"rt":[4.3660444148940769e-09,-1.8733693317282869e-06]}
MORTAR_OBSERVER {"kind":"LAW","call_id":31,"pair":0,"slot":2,"node":3,"activity":2,"ndof":3,"normal":[-5.8711560832323528e-06,8.0528974919850548e-08,-0.99999999998276157],"tangents":[0.99999999998276479,4.7279818098529496e-13,-5.8711560832323342e-06,-0,0.99999999999999678,8.052897492123849e-08],"ln":28.873606825744595,"lt":[8.6620820401815397,0.00043191683721253548],"lt_start":[8.6910461620813155,0.0018484100914275047],"q":0.0028873606825744595,"ut":[166.6455669541636,0.0083170043921184118],"gn":0.0028873606825744595,"gt":[-0.00028964121899775817,-1.4164932542149692e-05],"b":8.6620820477233789,"constant_n":10000000000,"constant_t":100,"mu":0.29999999999999999,"normal_mode":1,"tangent_mode":1,"normal_inverse_stiffness":0.0001,"tangent_inverse_stiffness":0.01,"p0":0,"beta":0,"iwan":1,"rn":0,"rt":[3.2828140206220269e-09,-1.1282795119108837e-06]}
MORTAR_OBSERVER {"kind":"LAW","call_id":31,"pair":0,"slot":3,"node":4,"activity":2,"ndof":3,"normal":[-7.8157247158339348e-06,1.6499003750921855e-07,-0.99999999996944366],"tangents":[0.99999999996945721,1.2895167140665527e-12,-7.8157247158338298e-06,4.0389678347315804e-28,0.99999999999998646,1.6499003751425779e-07],"ln":0.4338769952000483,"lt":[0.1301352346963206,1.9432162921904039e-05],"lt_start":[0,0],"q":4.3387699520004397e-05,"ut":[83.318609873357232,0.00547687917676458],"gn":4.3387699520004831e-05,"gt":[0.001301352346963206,1.9432162921904038e-07],"b":0.13016309725897188,"constant_n":10000000000,"constant_t":100,"mu":0.29999999999999999,"normal_mode":1,"tangent_mode":1,"normal_inverse_stiffness":0.0001,"tangent_inverse_stiffness":0.01,"p0":0,"beta":0,"iwan":1,"rn":1.3010426069826053e-09,"rt":[-2.7862281435170333e-05,1.0876000541083771e-05]}
MORTAR_OBSERVER {"kind":"LAW","call_id":31,"pair":0,"slot":4,"node":17,"activity":2,"ndof":3,"normal":[-6.2582777677366106e-06,2.3875961279220718e-10,-0.999999999980417],"tangents":[0.999999999980417,1.4942239766001333e-15,-6.2582777677366106e-06,-0,1,2.3875961279688282e-10],"ln":12.629468706227552,"lt":[3.7888406070474852,0.00023128931317280843],"lt_start":[3.7152539063695702,-1.3762667482116086e-05],"q":0.0012629468706227553,"ut":[124.98134009034729,0.0076649116539132377],"gn":0.0012629468706227553,"gt":[0.00073586700677914958,2.4505198065492455e-06],"b":3.7888406118682654,"constant_n":10000000000,"constant_t":100,"mu":0.29999999999999999,"normal_mode":1,"tangent_mode":1,"normal_inverse_stiffness":0.0001,"tangent_inverse_stiffness":0.01,"p0":0,"beta":0,"iwan":1,"rn":0,"rt":[2.2999828708236691e-09,-1.0011780163571478e-06]}
MORTAR_OBSERVER {"kind":"LAW","call_id":31,"pair":0,"slot":5,"node":18,"activity":2,"ndof":3,"normal":[-6.1187435766964094e-06,1.6417719431976369e-07,-0.99999999998126698],"tangents":[0.99999999998128053,1.0045581532028971e-12,-6.1187435766963272e-06,-0,0.99999999999998657,1.6417719432283702e-07],"ln":27.085299084551814,"lt":[8.1255897169799205,0.00044924138169603493],"lt_start":[8.0305052962213068,0.00093206964319492299],"q":0.0027085299084551816,"ut":[124.98298748414311,0.0069361834059531993],"gn":0.0027085299084551816,"gt":[0.00095084420758613682,-4.8282826149888803e-06],"b":8.1255897253655434,"constant_n":10000000000,"constant_t":100,"mu":0.29999999999999999,"normal_mode":1,"tangent_mode":1,"normal_inverse_stiffness":0.0001,"tangent_inverse_stiffness":0.01,"p0":0,"beta":0,"iwan":1,"rn":0,"rt":[4.145002563404887e-09,-2.0206596263560163e-06]}
MORTAR_OBSERVER {"kind":"LAW","call_id":31,"pair":0,"slot":6,"node":19,"activity":2,"ndof":3,"normal":[-6.405948950674593e-06,3.1184841037631914e-07,-0.99999999997943334],"tangents":[0.99999999997948197,1.9976849972607103e-12,-6.4059489506742821e-06,-0,0.99999999999995148,3.1184841038271768e-07],"ln":20.889308669109404,"lt":[6.2667925904954762,0.00043278032714831252],"lt_start":[6.5494681761007127,0.000822965207597809],"q":0.0020889308669109416,"ut":[249.96235810796938,0.017274181145418392],"gn":0.0020889308669109403,"gt":[-0.0028267558560523655,-3.9018488044949646e-06],"b":6.2667926046359481,"constant_n":10000000000,"constant_t":100,"mu":0.29999999999999999,"normal_mode":1,"tangent_mode":1,"normal_inverse_stiffness":0.0001,"tangent_inverse_stiffness":0.01,"p0":0,"beta":0,"iwan":1,"rn":-3.9031267107247913e-09,"rt":[8.3040330167705179e-10,-3.9254822876971926e-07]}
MORTAR_OBSERVER {"kind":"LAW","call_id":31,"pair":0,"slot":7,"node":23,"activity":2,"ndof":3,"normal":[-6.7999947940284295e-06,7.93147982008045e-08,-0.99999999997687694],"tangents":[0.99999999997688005,5.393402148673556e-13,-6.7999947940284083e-06,-0,0.99999999999999689,7.9314798202638247e-08],"ln":6.2932181514810166,"lt":[1.8879654435091797,0.00010868528831484716],"lt_start":[2.0207097163103498,0.00052414641766915823],"q":0.00062932181514809959,"ut":[124.98041424444749,0.0071189136830031021],"gn":0.00062932181514810165,"gt":[-0.0013274427280117007,-4.154611293543111e-06],"b":1.8879654392643526,"constant_n":10000000000,"constant_t":100,"mu":0.29999999999999999,"normal_mode":1,"tangent_mode":1,"normal_inverse_stiffness":0.0001,"tangent_inverse_stiffness":0.01,"p0":0,"beta":0,"iwan":1,"rn":6.179952327656224e-09,"rt":[7.3110693055156162e-09,1.0845537294504808e-06]}
MORTAR_OBSERVER {"kind":"LAW","call_id":31,"pair":0,"slot":8,"node":24,"activity":2,"ndof":3,"normal":[-7.7300484672293878e-06,7.0589452597773916e-07,-0.9999999999698741],"tangents":[0.99999999997012323,5.456598898722864e-12,-7.7300484672274633e-06,8.0779356694631609e-28,0.99999999999975098,7.0589452599882912e-07],"ln":0.8278678132023316,"lt":[0.24832395720360673,3.4134581332825847e-05],"lt_start":[0,0],"q":8.2786781320231783e-05,"ut":[124.97881948572544,0.0084291165466253686],"gn":8.2786781320233165e-05,"gt":[0.0024832395720360673,3.4134581332825849e-07],"b":0.24836033981362615,"constant_n":10000000000,"constant_t":100,"mu":0.29999999999999999,"normal_mode":1,"tangent_mode":1,"normal_inverse_stiffness":0.0001,"tangent_inverse_stiffness":0.01,"p0":0,"beta":0,"iwan":1,"rn":4.1470733236348423e-09,"rt":[-3.638204515590826e-05,1.7384077097775512e-05]}
MORTAR_OBSERVER {"kind":"POST_RAW_AFTER_ACTIVE_LOOP","call_id":31,"pair":0,"slot":0,"node":1,"activity":2,"lambda_raw":[0.00063722735227725921,4.5662630730481198e-08,-0.0021241447439078842],"gap":-0.00028321837540945137}
MORTAR_OBSERVER {"kind":"POST_RAW_AFTER_ACTIVE_LOOP","call_id":31,"pair":0,"slot":1,"node":2,"activity":2,"lambda_raw":[0.0090605161798612641,4.4937680881344241e-07,-0.030202409696815005],"gap":-0.0020134945968959283}
MORTAR_OBSERVER {"kind":"POST_RAW_AFTER_ACTIVE_LOOP","call_id":31,"pair":0,"slot":2,"node":3,"activity":2,"lambda_raw":[0.0064964253762323596,3.256810506229689e-07,-0.021655213218253051],"gap":-0.0028873606825744595}
MORTAR_OBSERVER {"kind":"POST_RAW_AFTER_ACTIVE_LOOP","call_id":31,"pair":0,"slot":3,"node":4,"activity":2,"lambda_raw":[0.0001951980063380257,2.9255658811607115e-08,-0.00065081782160267179],"gap":-4.3387699520004397e-05}
MORTAR_OBSERVER {"kind":"POST_RAW_AFTER_ACTIVE_LOOP","call_id":31,"pair":0,"slot":4,"node":17,"activity":2,"lambda_raw":[0.0037887586913837685,2.3129215296162205e-07,-0.012629482827824719],"gap":-0.0012629468706227553}
MORTAR_OBSERVER {"kind":"POST_RAW_AFTER_ACTIVE_LOOP","call_id":31,"pair":0,"slot":5,"node":18,"activity":2,"lambda_raw":[0.0081254087970046331,4.5368733002461984e-07,-0.027085298161833415],"gap":-0.0027085299084551816}
MORTAR_OBSERVER {"kind":"POST_RAW_AFTER_ACTIVE_LOOP","call_id":31,"pair":0,"slot":6,"node":19,"activity":2,"lambda_raw":[0.0031333290778080593,2.1964729699210459e-07,-0.010444673375115397],"gap":-0.0020889308669109416}
MORTAR_OBSERVER {"kind":"POST_RAW_AFTER_ACTIVE_LOOP","call_id":31,"pair":0,"slot":7,"node":23,"activity":2,"lambda_raw":[0.0018879231711554532,1.0918446482313423e-07,-0.006293232727993656],"gap":-0.00062932181514809959}
MORTAR_OBSERVER {"kind":"POST_RAW_AFTER_ACTIVE_LOOP","call_id":31,"pair":0,"slot":8,"node":24,"activity":2,"lambda_raw":[0.00024831788737089542,3.4719016133634423e-08,-0.00082787083167815394],"gap":-8.2786781320231783e-05}
MORTAR_OBSERVER {"kind":"SUMMARY_PRE_OVERRIDE","call_id":31,"ndiverg":14,"flag":1,"keepset":0,"max_n":6.179952327656224e-09,"max_t":[3.638204515590826e-05,1.7384077097775512e-05],"lm_t_av":[35.999868501517561,0.0020631697038728074],"nstick":0,"nslip":9,"ninactive":0,"nnogap":0,"nolm":0}
MORTAR_OBSERVER {"kind":"SUMMARY_POST_OVERRIDE","call_id":31,"flag":1}
MORTAR_OBSERVER {"kind":"RETURN","call_id":31}
 Using up to 2 cpu(s) for the stress calculation.

 average force= 5.897190
 time avg. forc= 5.899107
 largest residual force= 0.000000 in node 31 and dof 3
 largest increment of disp= 1.246562e-01
 largest correction to disp= 1.063656e-05 in node 24 and dof 1

MORTAR_OBSERVER {"kind":"PRE_CHECK","call_id":31,"step":2,"inc":2,"cutback":0,"iteration":3,"time":0.25,"dtime":0.125,"ttime":1,"tper":1,"theta":0.125,"dtheta":0.125,"icntrl":0,"nmethod":1,"iexpl":0,"ithermal":0,"uncoupled":0,"mortar":2,"iflagdualquad":2}
 no convergence

MORTAR_OBSERVER {"kind":"POST_CHECK","call_id":31,"step":2,"inc":2,"cutback":0,"iteration":4,"time":0.25,"dtime":0.125,"ttime":1,"tper":1,"theta":0.125,"dtheta":0.125,"icntrl":0,"nmethod":1,"iexpl":0,"ithermal":0,"uncoupled":0,"mortar":2,"iflagdualquad":2}
 iteration 4

 Determining the structure of the matrix:

 Using up to 2 cpu(s) for setting up the structure of the matrix.
 number of equations
 75
 number of nonzero lower triangular matrix elements
 1143

 Using up to 2 cpu(s) for the stress calculation.

 Using up to 2 cpu(s) for the symmetric stiffness/mass contributions.

 Using up to 2 cpu(s) for the stress calculation.

 Using up to 2 cpu(s) for the symmetric stiffness/mass contributions.

 Factoring the system of equations using the unsymmetric spooles solver
 Using 1 cpu for spooles.

MORTAR_OBSERVER {"kind":"BEGIN","call_id":32,"step":2,"inc":2,"cutback":0,"iteration":4,"time":0.25,"dtime":0.125,"ttime":1,"tper":1,"theta":0.125,"dtheta":0.125,"icntrl":0,"nmethod":1,"iexpl":0,"ithermal":0,"uncoupled":0,"mortar":2,"iflagdualquad":2}
MORTAR_OBSERVER {"kind":"INVENTORY","call_id":32,"pair_count":1,"slave_count":9}
MORTAR_OBSERVER {"kind":"PAIR","call_id":32,"pair":0,"start":0,"end":9}
MORTAR_OBSERVER {"kind":"PRE_RAW","call_id":32,"pair":0,"slot":0,"node":1,"activity":2,"lambda_raw":[0.00063722482063651429,4.46251357717374e-08,-0.0021241363067967256],"lambda_start":[0.00079286026066497858,8.8510733048878501e-08,-0.0026428668399927002],"ddtil_count":1}
MORTAR_OBSERVER {"kind":"DDTIL","call_id":32,"pair":0,"column_slot":0,"source_slot":0,"destination_slot":0,"entry":0,"value":1333.3317606315686}
MORTAR_OBSERVER {"kind":"PRE_RAW","call_id":32,"pair":0,"slot":1,"node":2,"activity":2,"lambda_raw":[0.0090605266748340473,4.5221510768854979e-07,-0.03020244469618524],"lambda_start":[0.0089046968409882046,5.4026536342818973e-07,-0.029682315482573246],"ddtil_count":1}
MORTAR_OBSERVER {"kind":"DDTIL","call_id":32,"pair":0,"column_slot":1,"source_slot":1,"destination_slot":1,"entry":1,"value":666.66812686480489}
MORTAR_OBSERVER {"kind":"PRE_RAW","call_id":32,"pair":0,"slot":2,"node":3,"activity":2,"lambda_raw":[0.0064964287909945462,3.2654505379262603e-07,-0.021655224609246557],"lambda_start":[0.0065181480150855236,1.3880553115575744e-06,-0.021727164112489736],"ddtil_count":1}
MORTAR_OBSERVER {"kind":"DDTIL","call_id":32,"pair":0,"column_slot":2,"source_slot":2,"destination_slot":2,"entry":2,"value":1333.3351831101022}
MORTAR_OBSERVER {"kind":"PRE_RAW","call_id":32,"pair":0,"slot":3,"node":4,"activity":2,"lambda_raw":[0.00019522751993797396,1.2942212420070921e-08,-0.00065077688135361806],"lambda_start":[0,0,0],"ddtil_count":1}
MORTAR_OBSERVER {"kind":"DDTIL","call_id":32,"pair":0,"column_slot":3,"source_slot":3,"destination_slot":3,"entry":3,"value":666.66584393203641}
MORTAR_OBSERVER {"kind":"PRE_RAW","call_id":32,"pair":0,"slot":4,"node":17,"activity":2,"lambda_raw":[0.0037887621166660993,2.3231024350438253e-07,-0.01262949425336231],"lambda_start":[0.0037151735834511442,-1.3759700254663227e-08,-0.012383908686094363],"ddtil_count":1}
MORTAR_OBSERVER {"kind":"DDTIL","call_id":32,"pair":0,"column_slot":4,"source_slot":4,"destination_slot":4,"entry":4,"value":1000.0007593163174}
MORTAR_OBSERVER {"kind":"PRE_RAW","call_id":32,"pair":0,"slot":5,"node":18,"activity":2,"lambda_raw":[0.0081254161477840817,4.5573402705917739e-07,-0.027085322678797697],"lambda_start":[0.0080303264969915286,9.3646255528813018e-07,-0.026767754008721514],"ddtil_count":1}
MORTAR_OBSERVER {"kind":"DDTIL","call_id":32,"pair":0,"column_slot":5,"source_slot":5,"destination_slot":5,"entry":5,"value":1000.0018696688086}
MORTAR_OBSERVER {"kind":"PRE_RAW","call_id":32,"pair":0,"slot":6,"node":19,"activity":2,"lambda_raw":[0.0031333296262609236,2.1985910446670887e-07,-0.010444675211227055],"lambda_start":[0.0032746638402710751,4.148865587189957e-07,-0.010915545648001868],"ddtil_count":1}
MORTAR_OBSERVER {"kind":"DDTIL","call_id":32,"pair":0,"column_slot":6,"source_slot":6,"destination_slot":6,"entry":6,"value":2000.000197523404}
MORTAR_OBSERVER {"kind":"PRE_RAW","call_id":32,"pair":0,"slot":7,"node":23,"activity":2,"lambda_raw":[0.0018879193498934352,1.0810829666274276e-07,-0.0062932199939110603],"lambda_start":[0.0020206644728784553,5.2468079121724661e-07,-0.0067355495342755574],"ddtil_count":1}
MORTAR_OBSERVER {"kind":"DDTIL","call_id":32,"pair":0,"column_slot":7,"source_slot":7,"destination_slot":7,"entry":7,"value":999.99972374903859}
MORTAR_OBSERVER {"kind":"PRE_RAW","call_id":32,"pair":0,"slot":8,"node":24,"activity":2,"lambda_raw":[0.00024834621611516524,1.733615259580408e-08,-0.00082784397289845503],"lambda_start":[0,0,0],"ddtil_count":1}
MORTAR_OBSERVER {"kind":"DDTIL","call_id":32,"pair":0,"column_slot":8,"source_slot":8,"destination_slot":8,"entry":8,"value":999.99867253611148}
MORTAR_OBSERVER {"kind":"LAW","call_id":32,"pair":0,"slot":0,"node":1,"activity":2,"ndof":3,"normal":[-6.9407423926798455e-06,5.4316985200285488e-07,-0.99999999997576561],"tangents":[0.99999999997591305,3.7700020183126606e-12,-6.9407423926788223e-06,-0,0.99999999999985256,5.4316985201593825e-07],"ln":2.832172504648919,"lt":[0.84965174941765098,5.7961756923576453e-05],"lt_start":[1.0571702251768147,0.00011610013966798595],"q":0.00028321725046489193,"ut":[166.64398686629957,0.011367721618992592],"gn":0.00028321725046489193,"gt":[-0.0020751847575916373,-5.8138382744409497e-07],"b":0.84965175139467564,"constant_n":10000000000,"constant_t":100,"mu":0.29999999999999999,"normal_mode":1,"tangent_mode":1,"normal_inverse_stiffness":0.0001,"tangent_inverse_stiffness":0.01,"p0":0,"beta":0,"iwan":1,"rn":0,"rt":[1.1102230246251565e-16,3.9714705048904397e-14]}
MORTAR_OBSERVER {"kind":"LAW","call_id":32,"pair":0,"slot":1,"node":2,"activity":2,"ndof":3,"normal":[-6.279441525421471e-06,1.6093676180327939e-07,-0.99999999998027134],"tangents":[0.99999999998028433,1.0105929850543011e-12,-6.2794415254213889e-06,-0,0.99999999999998701,1.6093676180645238e-07],"ln":20.13496930188025,"lt":[6.0404907832016539,0.00029823693591976471],"lt_start":[5.9366018223452821,0.00035699304038014666],"q":0.0020134969301880252,"ut":[83.321208395630023,0.0041131761958287461],"gn":0.0020134969301880252,"gt":[0.0010388896085637177,-5.8756104460381943e-07],"b":6.0404907905640748,"constant_n":10000000000,"constant_t":100,"mu":0.29999999999999999,"normal_mode":1,"tangent_mode":1,"normal_inverse_stiffness":0.0001,"tangent_inverse_stiffness":0.01,"p0":0,"beta":0,"iwan":1,"rn":0,"rt":[-8.8817841970012523e-16,-4.6428301741369138e-14]}
MORTAR_OBSERVER {"kind":"LAW","call_id":32,"pair":0,"slot":2,"node":3,"activity":2,"ndof":3,"normal":[-5.8711560832323528e-06,8.0528974919850548e-08,-0.99999999998276157],"tangents":[0.99999999998276479,4.7279818098529496e-13,-5.8711560832323342e-06,-0,0.99999999999999678,8.052897492123849e-08],"ln":28.873622013730365,"lt":[8.6620865932932762,0.00043306884181388292],"lt_start":[8.6910461620813155,0.0018484100914275047],"q":0.0028873622013730373,"ut":[166.64556520685611,0.0083174565938472882],"gn":0.0028873622013730368,"gt":[-0.00028959568788039291,-1.4153412496136218e-05],"b":8.6620866054201517,"constant_n":10000000000,"constant_t":100,"mu":0.29999999999999999,"normal_mode":1,"tangent_mode":1,"normal_inverse_stiffness":0.0001,"tangent_inverse_stiffness":0.01,"p0":0,"beta":0,"iwan":1,"rn":-1.3010428290272102e-09,"rt":[-1.3010428290272102e-09,-8.9476711630231964e-14]}
MORTAR_OBSERVER {"kind":"LAW","call_id":32,"pair":0,"slot":3,"node":4,"activity":2,"ndof":3,"normal":[-7.8157247158339348e-06,1.6499003750921855e-07,-0.99999999996944366],"tangents":[0.99999999996945721,1.2895167140665527e-12,-7.8157247158338298e-06,4.0389678347315804e-28,0.99999999999998646,1.6499003751425779e-07],"ln":0.43384970157878866,"lt":[0.13015491019201875,8.5565499190006027e-06],"lt_start":[0,0],"q":4.3384970157878874e-05,"ut":[83.318608800964867,0.0054774715592457038],"gn":4.3384970157878868e-05,"gt":[0.0013015491019201875,8.556549919000603e-08],"b":0.13015491049396538,"constant_n":10000000000,"constant_t":100,"mu":0.29999999999999999,"normal_mode":1,"tangent_mode":1,"normal_inverse_stiffness":0.0001,"tangent_inverse_stiffness":0.01,"p0":0,"beta":0,"iwan":1,"rn":-2.032879420355016e-11,"rt":[-2.0687396240504086e-11,1.9684513588092475e-13]}
MORTAR_OBSERVER {"kind":"LAW","call_id":32,"pair":0,"slot":4,"node":17,"activity":2,"ndof":3,"normal":[-6.2582777677366106e-06,2.3875961279220718e-10,-0.999999999980417],"tangents":[0.999999999980417,1.4942239766001333e-15,-6.2582777677366106e-06,-0,1,2.3875961279688282e-10],"ln":12.629480131752382,"lt":[3.7888440324039205,0.00023230740448589371],"lt_start":[3.7152539063695702,-1.3762667482116086e-05],"q":0.0012629480131752381,"ut":[124.9813384242251,0.0076654626977580341],"gn":0.0012629480131752383,"gt":[0.00073590126034350333,2.4607007196800982e-06],"b":3.7888440388751934,"constant_n":10000000000,"constant_t":100,"mu":0.29999999999999999,"normal_mode":1,"tangent_mode":1,"normal_inverse_stiffness":0.0001,"tangent_inverse_stiffness":0.01,"p0":0,"beta":0,"iwan":1,"rn":6.5052097042439527e-10,"rt":[6.5052052633518542e-10,1.1209918627033688e-14]}
MORTAR_OBSERVER {"kind":"LAW","call_id":32,"pair":0,"slot":5,"node":18,"activity":2,"ndof":3,"normal":[-6.1187435766964094e-06,1.6417719431976369e-07,-0.99999999998126698],"tangents":[0.99999999998128053,1.0045581532028971e-12,-6.1187435766963272e-06,-0,0.99999999999998657,1.6417719432283702e-07],"ln":27.085323601517292,"lt":[8.1255970679231257,0.0004512880785321041],"lt_start":[8.0305052962213068,0.00093206964319492299],"q":0.0027085323601517292,"ut":[124.98298601630857,0.0069365777840944866],"gn":0.0027085323601517292,"gt":[0.00095091771701818931,-4.8078156466281894e-06],"b":8.1255970804551865,"constant_n":10000000000,"constant_t":100,"mu":0.29999999999999999,"normal_mode":1,"tangent_mode":1,"normal_inverse_stiffness":0.0001,"tangent_inverse_stiffness":0.01,"p0":0,"beta":0,"iwan":1,"rn":0,"rt":[0,-4.7214836207398747e-14]}
MORTAR_OBSERVER {"kind":"LAW","call_id":32,"pair":0,"slot":6,"node":19,"activity":2,"ndof":3,"normal":[-6.405948950674593e-06,3.1184841037631914e-07,-0.99999999997943334],"tangents":[0.99999999997948197,1.9976849972607103e-12,-6.4059489506742821e-06,-0,0.99999999999995148,3.1184841038271768e-07],"ln":20.889312341326185,"lt":[6.2667936874248369,0.0004332039409941808],"lt_start":[6.5494681761007127,0.000822965207597809],"q":0.0020889312341326187,"ut":[249.9623549704246,0.017275417334365935],"gn":0.0020889312341326187,"gt":[-0.0028267448867587588,-3.8976126660362824e-06],"b":6.2667937023978553,"constant_n":10000000000,"constant_t":100,"mu":0.29999999999999999,"normal_mode":1,"tangent_mode":1,"normal_inverse_stiffness":0.0001,"tangent_inverse_stiffness":0.01,"p0":0,"beta":0,"iwan":1,"rn":0,"rt":[8.8817841970012523e-16,-1.0743359327158863e-14]}
MORTAR_OBSERVER {"kind":"LAW","call_id":32,"pair":0,"slot":7,"node":23,"activity":2,"ndof":3,"normal":[-6.7999947940284295e-06,7.93147982008045e-08,-0.99999999997687694],"tangents":[0.99999999997688005,5.393402148673556e-13,-6.7999947940284083e-06,-0,0.99999999999999689,7.9314798202638247e-08],"ln":6.2932054174278385,"lt":[1.8879616221616256,0.00010760912146174908],"lt_start":[2.0207097163103498,0.00052414641766915823],"q":0.00062932054174278393,"ut":[124.98041287107706,0.0071194832841499729],"gn":0.00062932054174278382,"gt":[-0.0013274809414872424,-4.1653729620740916e-06],"b":1.887961625553612,"constant_n":10000000000,"constant_t":100,"mu":0.29999999999999999,"normal_mode":1,"tangent_mode":1,"normal_inverse_stiffness":0.0001,"tangent_inverse_stiffness":0.01,"p0":0,"beta":0,"iwan":1,"rn":-3.2526048521219764e-10,"rt":[-3.2526026316759271e-10,1.0664063490768705e-14]}
MORTAR_OBSERVER {"kind":"LAW","call_id":32,"pair":0,"slot":8,"node":24,"activity":2,"ndof":3,"normal":[-7.7300484672293878e-06,7.0589452597773916e-07,-0.9999999999698741],"tangents":[0.99999999997012323,5.456598898722864e-12,-7.7300484672274633e-06,8.0779356694631609e-28,0.99999999999975098,7.0589452599882912e-07],"ln":0.82784095422703485,"lt":[0.24835228570265083,1.6751759829563857e-05],"lt_start":[0,0],"q":8.2784095422703483e-05,"ut":[124.97881779178992,0.0084300214784460304],"gn":8.2784095422703483e-05,"gt":[0.0024835228570265085,1.6751759829563859e-07],"b":0.24835228626811046,"constant_n":10000000000,"constant_t":100,"mu":0.29999999999999999,"normal_mode":1,"tangent_mode":1,"normal_inverse_stiffness":0.0001,"tangent_inverse_stiffness":0.01,"p0":0,"beta":0,"iwan":1,"rn":0,"rt":[-4.9313331196287891e-13,2.9390755440831216e-13]}
MORTAR_OBSERVER {"kind":"POST_RAW_AFTER_ACTIVE_LOOP","call_id":32,"pair":0,"slot":0,"node":1,"activity":2,"lambda_raw":[0.00063722482063651429,4.46251357717374e-08,-0.0021241363067967256],"gap":-0.00028321725046489193}
MORTAR_OBSERVER {"kind":"POST_RAW_AFTER_ACTIVE_LOOP","call_id":32,"pair":0,"slot":1,"node":2,"activity":2,"lambda_raw":[0.0090605266748340473,4.5221510768854979e-07,-0.03020244469618524],"gap":-0.0020134969301880252}
MORTAR_OBSERVER {"kind":"POST_RAW_AFTER_ACTIVE_LOOP","call_id":32,"pair":0,"slot":2,"node":3,"activity":2,"lambda_raw":[0.0064964287909945462,3.2654505379262603e-07,-0.021655224609246557],"gap":-0.0028873622013730373}
MORTAR_OBSERVER {"kind":"POST_RAW_AFTER_ACTIVE_LOOP","call_id":32,"pair":0,"slot":3,"node":4,"activity":2,"lambda_raw":[0.00019522751993797396,1.2942212420070921e-08,-0.00065077688135361806],"gap":-4.3384970157878874e-05}
MORTAR_OBSERVER {"kind":"POST_RAW_AFTER_ACTIVE_LOOP","call_id":32,"pair":0,"slot":4,"node":17,"activity":2,"lambda_raw":[0.0037887621166660993,2.3231024350438253e-07,-0.01262949425336231],"gap":-0.0012629480131752381}
MORTAR_OBSERVER {"kind":"POST_RAW_AFTER_ACTIVE_LOOP","call_id":32,"pair":0,"slot":5,"node":18,"activity":2,"lambda_raw":[0.0081254161477840817,4.5573402705917739e-07,-0.027085322678797697],"gap":-0.0027085323601517292}
MORTAR_OBSERVER {"kind":"POST_RAW_AFTER_ACTIVE_LOOP","call_id":32,"pair":0,"slot":6,"node":19,"activity":2,"lambda_raw":[0.0031333296262609236,2.1985910446670887e-07,-0.010444675211227055],"gap":-0.0020889312341326187}
MORTAR_OBSERVER {"kind":"POST_RAW_AFTER_ACTIVE_LOOP","call_id":32,"pair":0,"slot":7,"node":23,"activity":2,"lambda_raw":[0.0018879193498934352,1.0810829666274276e-07,-0.0062932199939110603],"gap":-0.00062932054174278393}
MORTAR_OBSERVER {"kind":"POST_RAW_AFTER_ACTIVE_LOOP","call_id":32,"pair":0,"slot":8,"node":24,"activity":2,"lambda_raw":[0.00024834621611516524,1.733615259580408e-08,-0.00082784397289845503],"gap":-8.2784095422703483e-05}
MORTAR_OBSERVER {"kind":"SUMMARY_PRE_OVERRIDE","call_id":32,"ndiverg":14,"flag":0,"keepset":0,"max_n":1.3010428290272102e-09,"max_t":[1.3010428290272102e-09,2.9390755440831216e-13],"lm_t_av":[35.999932731720762,0.0020389843898797164],"nstick":0,"nslip":9,"ninactive":0,"nnogap":0,"nolm":0}
MORTAR_OBSERVER {"kind":"SUMMARY_POST_OVERRIDE","call_id":32,"flag":0}
MORTAR_OBSERVER {"kind":"RETURN","call_id":32}
 Using up to 2 cpu(s) for the stress calculation.

 average force= 5.897193
 time avg. forc= 5.899109
 largest residual force= 0.000000 in node 21 and dof 1
 largest increment of disp= 1.246562e-01
 largest correction to disp= 1.242806e-09 in node 24 and dof 1

MORTAR_OBSERVER {"kind":"PRE_CHECK","call_id":32,"step":2,"inc":2,"cutback":0,"iteration":4,"time":0.25,"dtime":0.125,"ttime":1,"tper":1,"theta":0.125,"dtheta":0.125,"icntrl":0,"nmethod":1,"iexpl":0,"ithermal":0,"uncoupled":0,"mortar":2,"iflagdualquad":2}
 convergence

MORTAR_OBSERVER {"kind":"POST_CHECK","call_id":32,"step":2,"inc":2,"cutback":0,"iteration":4,"time":0.25,"dtime":0.125,"ttime":1,"tper":1,"theta":0.25,"dtheta":0.125,"icntrl":1,"nmethod":1,"iexpl":0,"ithermal":0,"uncoupled":0,"mortar":2,"iflagdualquad":2}
 Using up to 2 cpu(s) for the stress calculation.

 increment 3 attempt 1 
 increment size= 1.250000e-01
 sum of previous increments=2.500000e-01
 actual step time=3.750000e-01
 actual total time=1.375000e+00

 iteration 1

 Determining the structure of the matrix:

 Using up to 2 cpu(s) for setting up the structure of the matrix.
 number of equations
 75
 number of nonzero lower triangular matrix elements
 1143

 Using up to 2 cpu(s) for the stress calculation.

 Using up to 2 cpu(s) for the symmetric stiffness/mass contributions.

 Using up to 2 cpu(s) for the stress calculation.

 Using up to 2 cpu(s) for the symmetric stiffness/mass contributions.

 Factoring the system of equations using the unsymmetric spooles solver
 Using 1 cpu for spooles.

MORTAR_OBSERVER {"kind":"BEGIN","call_id":33,"step":2,"inc":3,"cutback":0,"iteration":1,"time":0.375,"dtime":0.125,"ttime":1,"tper":1,"theta":0.25,"dtheta":0.125,"icntrl":0,"nmethod":1,"iexpl":0,"ithermal":0,"uncoupled":0,"mortar":2,"iflagdualquad":2}
MORTAR_OBSERVER {"kind":"INVENTORY","call_id":33,"pair_count":1,"slave_count":9}
MORTAR_OBSERVER {"kind":"PAIR","call_id":33,"pair":0,"start":0,"end":9}
MORTAR_OBSERVER {"kind":"PRE_RAW","call_id":33,"pair":0,"slot":0,"node":1,"activity":2,"lambda_raw":[0.00071555433253104141,-1.0895053244565806e-08,-0.0023852151132553396],"lambda_start":[0.00063722482063651429,4.46251357717374e-08,-0.0021241363067967256],"ddtil_count":1}
MORTAR_OBSERVER {"kind":"DDTIL","call_id":33,"pair":0,"column_slot":0,"source_slot":0,"destination_slot":0,"entry":0,"value":1333.3331036000113}
MORTAR_OBSERVER {"kind":"PRE_RAW","call_id":33,"pair":0,"slot":1,"node":2,"activity":2,"lambda_raw":[0.0089702376452052424,-1.2908009503274837e-07,-0.029901150081714345],"lambda_start":[0.0090605266748340473,4.5221510768854979e-07,-0.03020244469618524],"ddtil_count":1}
MORTAR_OBSERVER {"kind":"DDTIL","call_id":33,"pair":0,"column_slot":1,"source_slot":1,"destination_slot":1,"entry":1,"value":666.66774075282819}
MORTAR_OBSERVER {"kind":"PRE_RAW","call_id":33,"pair":0,"slot":2,"node":3,"activity":2,"lambda_raw":[0.0065089178872779737,-1.04610935485281e-07,-0.021696629078298679],"lambda_start":[0.0064964287909945462,3.2654505379262603e-07,-0.021655224609246557],"ddtil_count":1}
MORTAR_OBSERVER {"kind":"DDTIL","call_id":33,"pair":0,"column_slot":2,"source_slot":2,"destination_slot":2,"entry":2,"value":1333.335022548164}
MORTAR_OBSERVER {"kind":"PRE_RAW","call_id":33,"pair":0,"slot":3,"node":4,"activity":2,"lambda_raw":[7.9730601359287274e-05,-1.1998882474822107e-08,-0.00026577339292745399],"lambda_start":[0.00019522751993797396,1.2942212420070921e-08,-0.00065077688135361806],"ddtil_count":1}
MORTAR_OBSERVER {"kind":"DDTIL","call_id":33,"pair":0,"column_slot":3,"source_slot":3,"destination_slot":3,"entry":3,"value":666.66661089275249}
MORTAR_OBSERVER {"kind":"PRE_RAW","call_id":33,"pair":0,"slot":4,"node":17,"activity":2,"lambda_raw":[0.0037628500174546123,-8.7232571019630495e-08,-0.012542981873427662],"lambda_start":[0.0037887621166660993,2.3231024350438253e-07,-0.01262949425336231],"ddtil_count":1}
MORTAR_OBSERVER {"kind":"DDTIL","call_id":33,"pair":0,"column_slot":4,"source_slot":4,"destination_slot":4,"entry":4,"value":1000.0008202014096}
MORTAR_OBSERVER {"kind":"PRE_RAW","call_id":33,"pair":0,"slot":5,"node":18,"activity":2,"lambda_raw":[0.0080659051339315013,-1.5361362206913996e-07,-0.026886661997870112],"lambda_start":[0.0081254161477840817,4.5573402705917739e-07,-0.027085322678797697],"ddtil_count":1}
MORTAR_OBSERVER {"kind":"DDTIL","call_id":33,"pair":0,"column_slot":5,"source_slot":5,"destination_slot":5,"entry":5,"value":1000.0014499035814}
MORTAR_OBSERVER {"kind":"PRE_RAW","call_id":33,"pair":0,"slot":6,"node":19,"activity":2,"lambda_raw":[0.0032112473407784462,-7.0657086124126818e-08,-0.010704292335130929],"lambda_start":[0.0031333296262609236,2.1985910446670887e-07,-0.010444675211227055],"ddtil_count":1}
MORTAR_OBSERVER {"kind":"DDTIL","call_id":33,"pair":0,"column_slot":6,"source_slot":6,"destination_slot":6,"entry":6,"value":2000.0010677221335}
MORTAR_OBSERVER {"kind":"PRE_RAW","call_id":33,"pair":0,"slot":7,"node":23,"activity":2,"lambda_raw":[0.0019649537486239972,-3.1487762112028797e-08,-0.00654993863479223],"lambda_start":[0.0018879193498934352,1.0810829666274276e-07,-0.0062932199939110603],"ddtil_count":1}
MORTAR_OBSERVER {"kind":"DDTIL","call_id":33,"pair":0,"column_slot":7,"source_slot":7,"destination_slot":7,"entry":7,"value":1000.0004060580253}
MORTAR_OBSERVER {"kind":"PRE_RAW","call_id":33,"pair":0,"slot":8,"node":24,"activity":2,"lambda_raw":[0.00011738599846919715,-1.4850114093456004e-08,-0.00039129342383374319],"lambda_start":[0.00024834621611516524,1.733615259580408e-08,-0.00082784397289845503],"ddtil_count":1}
MORTAR_OBSERVER {"kind":"DDTIL","call_id":33,"pair":0,"column_slot":8,"source_slot":8,"destination_slot":8,"entry":8,"value":999.99982379299024}
MORTAR_OBSERVER {"kind":"LAW","call_id":33,"pair":0,"slot":0,"node":1,"activity":2,"ndof":3,"normal":[-3.9251725110546769e-06,6.200121942126568e-07,-0.99999999999210432],"tangents":[0.9999999999922965,2.4336548212609617e-12,-3.9251725110539222e-06,-0,0.99999999999980782,6.2001219421743301e-07],"ln":3.1802825247779944,"lt":[0.95408476215294147,-1.6498551424784222e-05],"lt_start":[0.84964406458370523,5.7744183863122394e-05],"q":0.00031802825247781051,"ut":[166.66874442261448,-0.0046324078576141202],"gn":0.00031802825247779945,"gt":[0.0010444069756923625,-7.4242735287906624e-07],"b":0.95408479060998486,"constant_n":10000000000,"constant_t":100,"mu":0.29999999999999999,"normal_mode":1,"tangent_mode":1,"normal_inverse_stiffness":0.0001,"tangent_inverse_stiffness":0.01,"p0":0,"beta":0,"iwan":1,"rn":-3.3176586589078738e-08,"rt":[-2.8088651737867565e-08,1.0014720139959308e-05]}
MORTAR_OBSERVER {"kind":"LAW","call_id":33,"pair":0,"slot":1,"node":2,"activity":2,"ndof":3,"normal":[-3.2956613913834314e-06,1.287806852754915e-07,-0.99999999999456102],"tangents":[0.99999999999456934,4.2441753242064299e-13,-3.2956613913834043e-06,5.0487097934144756e-29,0.99999999999999178,1.2878068527619088e-07],"ln":19.934112462159238,"lt":[5.9802337610622391,-8.86206665329951e-05],"lt_start":[6.0404272064370641,0.00029888422564937692],"q":0.0019934112462159218,"ut":[83.334847564013302,-0.0011845421565182777],"gn":0.001993411246215924,"gt":[-0.00060193445374824963,-3.8750489218237201e-06],"b":5.9802337321425574,"constant_n":10000000000,"constant_t":100,"mu":0.29999999999999999,"normal_mode":1,"tangent_mode":1,"normal_inverse_stiffness":0.0001,"tangent_inverse_stiffness":0.01,"p0":0,"beta":0,"iwan":1,"rn":6.5052141451360512e-09,"rt":[2.9519903854691165e-08,-3.8920419411193696e-06]}
MORTAR_OBSERVER {"kind":"LAW","call_id":33,"pair":0,"slot":2,"node":3,"activity":2,"ndof":3,"normal":[-2.996226348300327e-06,5.9901726202263581e-08,-0.99999999999550959],"tangents":[0.99999999999551137,1.7947913035669988e-13,-2.996226348300322e-06,-2.5243548967072378e-29,0.99999999999999833,5.9901726202532461e-08],"ln":28.928849418239622,"lt":[8.6786548554177347,-0.00014121431359888728],"lt_start":[8.6620025405333809,0.00043366437402316048],"q":0.0028928849418239648,"ut":[166.6678209816919,-0.0027372941896388683],"gn":0.0028928849418239622,"gt":[0.00016652314884353815,-5.7487868762204778e-06],"b":8.6786548332781415,"constant_n":10000000000,"constant_t":100,"mu":0.29999999999999999,"normal_mode":1,"tangent_mode":1,"normal_inverse_stiffness":0.0001,"tangent_inverse_stiffness":0.01,"p0":0,"beta":0,"iwan":1,"rn":-7.8062551978064221e-09,"rt":[2.3305151586328066e-08,1.0211499271621863e-06]}
MORTAR_OBSERVER {"kind":"LAW","call_id":33,"pair":0,"slot":3,"node":4,"activity":2,"ndof":3,"normal":[-4.8945666768139889e-06,2.3862777102613189e-07,-0.99999999998799316],"tangents":[0.99999999998802158,1.1679795362408944e-12,-4.8945666768138499e-06,-0,0.99999999999997158,2.3862777102899026e-07],"ln":0.17718198695990275,"lt":[0.053154597022322947,-8.0415349186880303e-06],"lt_start":[0.13015379258220136,8.5246119424474392e-06],"q":1.7718198695983178e-05,"ut":[83.336246519820335,-0.0019062351028561453],"gn":1.7718198695990276e-05,"gt":[-0.00076999195559878417,-1.6566146861135471e-07],"b":0.053154574793562531,"constant_n":10000000000,"constant_t":100,"mu":0.29999999999999999,"normal_mode":1,"tangent_mode":1,"normal_inverse_stiffness":0.0001,"tangent_inverse_stiffness":0.01,"p0":0,"beta":0,"iwan":1,"rn":2.1294408292238387e-08,"rt":[2.2242664529659173e-08,-6.8257493878857528e-06]}
MORTAR_OBSERVER {"kind":"LAW","call_id":33,"pair":0,"slot":4,"node":17,"activity":2,"ndof":3,"normal":[-3.2595487007675655e-06,2.3527975208216305e-08,-0.99999999999468747],"tangents":[0.99999999999468769,7.6690581022040359e-14,-3.2595487007675651e-06,-0,0.99999999999999978,2.3527975208341295e-08],"ln":12.542979895927443,"lt":[3.7628939882233143,-8.7527753776515303e-05],"lt_start":[3.7888063906793508,0.00023201328737416474],"q":0.0012542979895927427,"ut":[125.00253563560122,-0.0028366129667294049],"gn":0.0012542979895927445,"gt":[-0.00025912402456036433,-3.1954104115068007e-06],"b":3.7628939635740624,"constant_n":10000000000,"constant_t":100,"mu":0.29999999999999999,"normal_mode":1,"tangent_mode":1,"normal_inverse_stiffness":0.0001,"tangent_inverse_stiffness":0.01,"p0":0,"beta":0,"iwan":1,"rn":5.2041704279304213e-09,"rt":[2.5615927157218721e-08,-2.2341896855386989e-06]}
MORTAR_OBSERVER {"kind":"LAW","call_id":33,"pair":0,"slot":5,"node":18,"activity":2,"ndof":3,"normal":[-3.1904087314310974e-06,1.3880589908075086e-07,-0.99999999999490108],"tangents":[0.99999999999491063,4.4284755240362507e-13,-3.1904087314310669e-06,-0,0.99999999999999045,1.3880589908145732e-07],"ln":26.886675247207741,"lt":[8.0660026082407619,-0.00015734587749707265],"lt_start":[8.1255143421879605,0.00045197507981216791],"q":0.0026886675247207751,"ut":[125.00162484407323,-0.002374335973052756],"gn":0.0026886675247207743,"gt":[-0.0005951173394719867,-6.0932095730924056e-06],"b":8.0660025767644061,"constant_n":10000000000,"constant_t":100,"mu":0.29999999999999999,"normal_mode":1,"tangent_mode":1,"normal_inverse_stiffness":0.0001,"tangent_inverse_stiffness":0.01,"p0":0,"beta":0,"iwan":1,"rn":-2.6020838816975811e-09,"rt":[3.2924001303058503e-08,-4.5276520641093787e-06]}
MORTAR_OBSERVER {"kind":"LAW","call_id":33,"pair":0,"slot":6,"node":19,"activity":2,"ndof":3,"normal":[-3.4606993069316219e-06,3.399564822896655e-07,-0.99999999999395406],"tangents":[0.99999999999401179,1.1764871626538026e-12,-3.4606993069314224e-06,2.0194839173657902e-28,0.99999999999994227,3.3995648229170124e-07],"ln":21.408573872959472,"lt":[6.4225721989519791,-0.00014859223871116045],"lt_start":[6.2667348898088377,0.00043261696980364991],"q":0.0021408573872959413,"ut":[250.00516752112787,-0.0063592647971230818],"gn":0.0021408573872959474,"gt":[0.0015583730914314131,-5.8120920851481035e-06],"b":6.4225721436732446,"constant_n":10000000000,"constant_t":100,"mu":0.29999999999999999,"normal_mode":1,"tangent_mode":1,"normal_inverse_stiffness":0.0001,"tangent_inverse_stiffness":0.01,"p0":0,"beta":0,"iwan":1,"rn":1.8214596941845684e-08,"rt":[5.7352626647855232e-08,1.4623681526192589e-05]}
MORTAR_OBSERVER {"kind":"LAW","call_id":33,"pair":0,"slot":7,"node":23,"activity":2,"ndof":3,"normal":[-3.9009311274600348e-06,1.047998379386735e-07,-0.99999999999238587],"tangents":[0.99999999999239142,4.0881694997084908e-13,-3.9009311274600136e-06,-0,0.99999999999999456,1.0479983793947089e-07],"ln":6.5499336292418517,"lt":[1.9649800973641642,-3.2174207684058265e-05],"lt_start":[1.8879446659116088,0.00010744881185769752],"q":0.00065499336292418428,"ut":[125.00294288414894,-0.0024204730962549027],"gn":0.00065499336292418515,"gt":[0.00077035431452555426,-1.3962301954175578e-06],"b":1.9649800861704703,"constant_n":10000000000,"constant_t":100,"mu":0.29999999999999999,"normal_mode":1,"tangent_mode":1,"normal_inverse_stiffness":0.0001,"tangent_inverse_stiffness":0.01,"p0":0,"beta":0,"iwan":1,"rn":2.6020852139652106e-09,"rt":[1.1561629209566604e-08,5.85171447877e-06]}
MORTAR_OBSERVER {"kind":"LAW","call_id":33,"pair":0,"slot":8,"node":24,"activity":2,"ndof":3,"normal":[-4.7607382117651492e-06,7.8018837069683422e-07,-0.99999999998836342],"tangents":[0.99999999998866773,3.7142725887933033e-12,-4.7607382117637008e-06,-0,0.9999999999996958,7.8018837070567555e-07],"ln":0.3912927960250499,"lt":[0.11738784062885768,-1.5155394001773051e-05],"lt_start":[0.24835011349974753,1.6690275414440604e-05],"q":3.9129279602527489e-05,"ut":[125.0037759864438,-0.0031795332606488814],"gn":3.9129279602504992e-05,"gt":[-0.0013096227287088984,-3.1845669416213654e-07],"b":0.1173879062991002,"constant_n":10000000000,"constant_t":100,"mu":0.29999999999999999,"normal_mode":1,"tangent_mode":1,"normal_inverse_stiffness":0.0001,"tangent_inverse_stiffness":0.01,"p0":0,"beta":0,"iwan":1,"rn":-6.7491585237222651e-08,"rt":[-6.5632275128568729e-08,-1.2169790228648142e-05]}
MORTAR_OBSERVER {"kind":"POST_RAW_AFTER_ACTIVE_LOOP","call_id":33,"pair":0,"slot":0,"node":1,"activity":2,"lambda_raw":[0.00071555433253104141,-1.0895053244565806e-08,-0.0023852151132553396],"gap":-0.00031802825247781051}
MORTAR_OBSERVER {"kind":"POST_RAW_AFTER_ACTIVE_LOOP","call_id":33,"pair":0,"slot":1,"node":2,"activity":2,"lambda_raw":[0.0089702376452052424,-1.2908009503274837e-07,-0.029901150081714345],"gap":-0.0019934112462159218}
MORTAR_OBSERVER {"kind":"POST_RAW_AFTER_ACTIVE_LOOP","call_id":33,"pair":0,"slot":2,"node":3,"activity":2,"lambda_raw":[0.0065089178872779737,-1.04610935485281e-07,-0.021696629078298679],"gap":-0.0028928849418239648}
MORTAR_OBSERVER {"kind":"POST_RAW_AFTER_ACTIVE_LOOP","call_id":33,"pair":0,"slot":3,"node":4,"activity":2,"lambda_raw":[7.9730601359287274e-05,-1.1998882474822107e-08,-0.00026577339292745399],"gap":-1.7718198695983178e-05}
MORTAR_OBSERVER {"kind":"POST_RAW_AFTER_ACTIVE_LOOP","call_id":33,"pair":0,"slot":4,"node":17,"activity":2,"lambda_raw":[0.0037628500174546123,-8.7232571019630495e-08,-0.012542981873427662],"gap":-0.0012542979895927427}
MORTAR_OBSERVER {"kind":"POST_RAW_AFTER_ACTIVE_LOOP","call_id":33,"pair":0,"slot":5,"node":18,"activity":2,"lambda_raw":[0.0080659051339315013,-1.5361362206913996e-07,-0.026886661997870112],"gap":-0.0026886675247207751}
MORTAR_OBSERVER {"kind":"POST_RAW_AFTER_ACTIVE_LOOP","call_id":33,"pair":0,"slot":6,"node":19,"activity":2,"lambda_raw":[0.0032112473407784462,-7.0657086124126818e-08,-0.010704292335130929],"gap":-0.0021408573872959413}
MORTAR_OBSERVER {"kind":"POST_RAW_AFTER_ACTIVE_LOOP","call_id":33,"pair":0,"slot":7,"node":23,"activity":2,"lambda_raw":[0.0019649537486239972,-3.1487762112028797e-08,-0.00654993863479223],"gap":-0.00065499336292418428}
MORTAR_OBSERVER {"kind":"POST_RAW_AFTER_ACTIVE_LOOP","call_id":33,"pair":0,"slot":8,"node":24,"activity":2,"lambda_raw":[0.00011738599846919715,-1.4850114093456004e-08,-0.00039129342383374319],"gap":-3.9129279602527489e-05}
MORTAR_OBSERVER {"kind":"SUMMARY_PRE_OVERRIDE","call_id":33,"ndiverg":14,"flag":1,"keepset":0,"max_n":6.7491585237222651e-08,"max_t":[6.5632275128568729e-08,1.4623681526192589e-05],"lm_t_av":[35.999964709064308,0.00069517053814593434],"nstick":0,"nslip":9,"ninactive":0,"nnogap":0,"nolm":0}
MORTAR_OBSERVER {"kind":"SUMMARY_POST_OVERRIDE","call_id":33,"flag":1}
MORTAR_OBSERVER {"kind":"RETURN","call_id":33}
 Using up to 2 cpu(s) for the stress calculation.

 average force= 5.901799
 time avg. forc= 5.900005
 largest residual force= 0.000003 in node 19 and dof 3
 largest increment of disp= 1.249922e-01
 largest correction to disp= 3.155918e-05 in node 4 and dof 3

MORTAR_OBSERVER {"kind":"PRE_CHECK","call_id":33,"step":2,"inc":3,"cutback":0,"iteration":1,"time":0.375,"dtime":0.125,"ttime":1,"tper":1,"theta":0.25,"dtheta":0.125,"icntrl":0,"nmethod":1,"iexpl":0,"ithermal":0,"uncoupled":0,"mortar":2,"iflagdualquad":2}
 no convergence

MORTAR_OBSERVER {"kind":"POST_CHECK","call_id":33,"step":2,"inc":3,"cutback":0,"iteration":2,"time":0.375,"dtime":0.125,"ttime":1,"tper":1,"theta":0.25,"dtheta":0.125,"icntrl":0,"nmethod":1,"iexpl":0,"ithermal":0,"uncoupled":0,"mortar":2,"iflagdualquad":2}
 iteration 2

 Determining the structure of the matrix:

 Using up to 2 cpu(s) for setting up the structure of the matrix.
 number of equations
 75
 number of nonzero lower triangular matrix elements
 1143

 Using up to 2 cpu(s) for the stress calculation.

 Using up to 2 cpu(s) for the symmetric stiffness/mass contributions.

 Using up to 2 cpu(s) for the stress calculation.

 Using up to 2 cpu(s) for the symmetric stiffness/mass contributions.

 Factoring the system of equations using the unsymmetric spooles solver
 Using 1 cpu for spooles.

MORTAR_OBSERVER {"kind":"BEGIN","call_id":34,"step":2,"inc":3,"cutback":0,"iteration":2,"time":0.375,"dtime":0.125,"ttime":1,"tper":1,"theta":0.25,"dtheta":0.125,"icntrl":0,"nmethod":1,"iexpl":0,"ithermal":0,"uncoupled":0,"mortar":2,"iflagdualquad":2}
MORTAR_OBSERVER {"kind":"INVENTORY","call_id":34,"pair_count":1,"slave_count":9}
MORTAR_OBSERVER {"kind":"PAIR","call_id":34,"pair":0,"start":0,"end":9}
MORTAR_OBSERVER {"kind":"PRE_RAW","call_id":34,"pair":0,"slot":0,"node":1,"activity":2,"lambda_raw":[0.00071555446117149419,-1.8405809039911628e-08,-0.0023852155547876004],"lambda_start":[0.00063722482063651429,4.46251357717374e-08,-0.0021241363067967256],"ddtil_count":1}
MORTAR_OBSERVER {"kind":"DDTIL","call_id":34,"pair":0,"column_slot":0,"source_slot":0,"destination_slot":0,"entry":0,"value":1333.3331036000113}
MORTAR_OBSERVER {"kind":"PRE_RAW","call_id":34,"pair":0,"slot":1,"node":2,"activity":2,"lambda_raw":[0.0089702374930906124,-1.2324428400465192e-07,-0.029901149689733387],"lambda_start":[0.0090605266748340473,4.5221510768854979e-07,-0.03020244469618524],"ddtil_count":1}
MORTAR_OBSERVER {"kind":"DDTIL","call_id":34,"pair":0,"column_slot":1,"source_slot":1,"destination_slot":1,"entry":1,"value":666.66774075282819}
MORTAR_OBSERVER {"kind":"PRE_RAW","call_id":34,"pair":0,"slot":2,"node":3,"activity":2,"lambda_raw":[0.0065089177627011881,-1.0537640864248566e-07,-0.021696628740817424],"lambda_start":[0.0064964287909945462,3.2654505379262603e-07,-0.021655224609246557],"ddtil_count":1}
MORTAR_OBSERVER {"kind":"DDTIL","call_id":34,"pair":0,"column_slot":2,"source_slot":2,"destination_slot":2,"entry":2,"value":1333.335022548164}
MORTAR_OBSERVER {"kind":"PRE_RAW","call_id":34,"pair":0,"slot":3,"node":4,"activity":2,"lambda_raw":[7.9730679419688327e-05,-1.7603341620339893e-09,-0.00026577365787233963],"lambda_start":[0.00019522751993797396,1.2942212420070921e-08,-0.00065077688135361806],"ddtil_count":1}
MORTAR_OBSERVER {"kind":"DDTIL","call_id":34,"pair":0,"column_slot":3,"source_slot":3,"destination_slot":3,"entry":3,"value":666.66661089275249}
MORTAR_OBSERVER {"kind":"PRE_RAW","call_id":34,"pair":0,"slot":4,"node":17,"activity":2,"lambda_raw":[0.0037628503294857571,-8.4996953477166804e-08,-0.012542982981583514],"lambda_start":[0.0037887621166660993,2.3231024350438253e-07,-0.01262949425336231],"ddtil_count":1}
MORTAR_OBSERVER {"kind":"DDTIL","call_id":34,"pair":0,"column_slot":4,"source_slot":4,"destination_slot":4,"entry":4,"value":1000.0008202014096}
MORTAR_OBSERVER {"kind":"PRE_RAW","call_id":34,"pair":0,"slot":5,"node":18,"activity":2,"lambda_raw":[0.0080659053000174084,-1.4908709639315727e-07,-0.02688666266991703],"lambda_start":[0.0081254161477840817,4.5573402705917739e-07,-0.027085322678797697],"ddtil_count":1}
MORTAR_OBSERVER {"kind":"DDTIL","call_id":34,"pair":0,"column_slot":5,"source_slot":5,"destination_slot":5,"entry":5,"value":1000.0014499035814}
MORTAR_OBSERVER {"kind":"PRE_RAW","call_id":34,"pair":0,"slot":6,"node":19,"activity":2,"lambda_raw":[0.0032112473751035064,-7.7965949005329331e-08,-0.010704292514782233],"lambda_start":[0.0031333296262609236,2.1985910446670887e-07,-0.010444675211227055],"ddtil_count":1}
MORTAR_OBSERVER {"kind":"DDTIL","call_id":34,"pair":0,"column_slot":6,"source_slot":6,"destination_slot":6,"entry":6,"value":2000.0010677221335}
MORTAR_OBSERVER {"kind":"PRE_RAW","call_id":34,"pair":0,"slot":7,"node":23,"activity":2,"lambda_raw":[0.0019649531540870827,-3.7337495914015698e-08,-0.0065499366828404354],"lambda_start":[0.0018879193498934352,1.0810829666274276e-07,-0.0062932199939110603],"ddtil_count":1}
MORTAR_OBSERVER {"kind":"DDTIL","call_id":34,"pair":0,"column_slot":7,"source_slot":7,"destination_slot":7,"entry":7,"value":1000.0004060580253}
MORTAR_OBSERVER {"kind":"PRE_RAW","call_id":34,"pair":0,"slot":8,"node":24,"activity":2,"lambda_raw":[0.00011738592413466048,-2.6803823338343614e-09,-0.00039129318223597877],"lambda_start":[0.00024834621611516524,1.733615259580408e-08,-0.00082784397289845503],"ddtil_count":1}
MORTAR_OBSERVER {"kind":"DDTIL","call_id":34,"pair":0,"column_slot":8,"source_slot":8,"destination_slot":8,"entry":8,"value":999.99982379299024}
MORTAR_OBSERVER {"kind":"LAW","call_id":34,"pair":0,"slot":0,"node":1,"activity":2,"ndof":3,"normal":[-3.9251725110546769e-06,6.200121942126568e-07,-0.99999999999210432],"tangents":[0.9999999999922965,2.4336548212609617e-12,-3.9251725110539222e-06,-0,0.99999999999980782,6.2001219421743301e-07],"ln":3.1802831134806913,"lt":[0.95408493367582625,-2.6512891124779636e-05],"lt_start":[0.84964406458370523,5.7744183863122394e-05],"q":0.00031802831134806916,"ut":[166.66874446816058,-0.0046323406997517049],"gn":0.00031802831134806916,"gt":[0.0010444086909212104,-8.4257074987902027e-07],"b":0.95408493404420736,"constant_n":10000000000,"constant_t":100,"mu":0.29999999999999999,"normal_mode":1,"tangent_mode":1,"normal_inverse_stiffness":0.0001,"tangent_inverse_stiffness":0.01,"p0":0,"beta":0,"iwan":1,"rn":0,"rt":[-1.1102230246251565e-16,-2.794192286402486e-15]}
MORTAR_OBSERVER {"kind":"LAW","call_id":34,"pair":0,"slot":1,"node":2,"activity":2,"ndof":3,"normal":[-3.2956613913834314e-06,1.287806852754915e-07,-0.99999999999456102],"tangents":[0.99999999999456934,4.2441753242064299e-13,-3.2956613913834043e-06,5.0487097934144756e-29,0.99999999999999178,1.2878068527619088e-07],"ln":19.934112200839014,"lt":[5.9802336596514607,-8.4730119545780525e-05],"lt_start":[6.0404272064370641,0.00029888422564937692],"q":0.0019934112200839012,"ut":[83.334847548720361,-0.0011845630178508955],"gn":0.0019934112200839017,"gt":[-0.00060193546785603403,-3.8361434519515744e-06],"b":5.9802336589506613,"constant_n":10000000000,"constant_t":100,"mu":0.29999999999999999,"normal_mode":1,"tangent_mode":1,"normal_inverse_stiffness":0.0001,"tangent_inverse_stiffness":0.01,"p0":0,"beta":0,"iwan":1,"rn":1.3010428290272102e-09,"rt":[1.3010437172056299e-09,-1.9165062332265892e-14]}
MORTAR_OBSERVER {"kind":"LAW","call_id":34,"pair":0,"slot":2,"node":3,"activity":2,"ndof":3,"normal":[-2.996226348300327e-06,5.9901726202263581e-08,-0.99999999999550959],"tangents":[0.99999999999551137,1.7947913035669988e-13,-2.996226348300322e-06,-2.5243548967072378e-29,0.99999999999999833,5.9901726202532461e-08],"ln":28.928848968264482,"lt":[8.6786546893137952,-0.00014223494574125444],"lt_start":[8.6620025405333809,0.00043366437402316048],"q":0.0028928848968264478,"ut":[166.66782102734277,-0.0027372842864676816],"gn":0.0028928848968264483,"gt":[0.00016652148780414323,-5.75899319764415e-06],"b":8.6786546891783019,"constant_n":10000000000,"constant_t":100,"mu":0.29999999999999999,"normal_mode":1,"tangent_mode":1,"normal_inverse_stiffness":0.0001,"tangent_inverse_stiffness":0.01,"p0":0,"beta":0,"iwan":1,"rn":1.3010428290272102e-09,"rt":[1.3010410526703708e-09,-2.1593702303687734e-14]}
MORTAR_OBSERVER {"kind":"LAW","call_id":34,"pair":0,"slot":3,"node":4,"activity":2,"ndof":3,"normal":[-4.8945666768139889e-06,2.3862777102613189e-07,-0.99999999998799316],"tangents":[0.99999999998802158,1.1679795362408944e-12,-4.8945666768138499e-06,-0,0.99999999999997158,2.3862777102899026e-07],"ln":0.17718216359118583,"lt":[0.053154649063450493,-1.2158366566888621e-06],"lt_start":[0.13015379258220136,8.5246119424474392e-06],"q":1.7718216359118581e-05,"ut":[83.336246484006949,-0.0019063125904858693],"gn":1.7718216359118584e-05,"gt":[-0.00076999143518750868,-9.7404485991363009e-08],"b":0.053154649067191355,"constant_n":10000000000,"constant_t":100,"mu":0.29999999999999999,"normal_mode":1,"tangent_mode":1,"normal_inverse_stiffness":0.0001,"tangent_inverse_stiffness":0.01,"p0":0,"beta":0,"iwan":1,"rn":1.0164390162881176e-11,"rt":[1.016439710177508e-11,-3.096543449781987e-15]}
MORTAR_OBSERVER {"kind":"LAW","call_id":34,"pair":0,"slot":4,"node":17,"activity":2,"ndof":3,"normal":[-3.2595487007675655e-06,2.3527975208216305e-08,-0.99999999999468747],"tangents":[0.99999999999468769,7.6690581022040359e-14,-3.2595487007675651e-06,-0,0.99999999999999978,2.3527975208341295e-08],"ln":12.54298100408324,"lt":[3.7628943002583268,-8.5292134426467647e-05],"lt_start":[3.7888063906793508,0.00023201328737416474],"q":0.0012542981004083238,"ut":[125.00253562312514,-0.002836565204567786],"gn":0.0012542981004083241,"gt":[-0.0002591209042102394,-3.1730542180063238e-06],"b":3.7628943005744504,"constant_n":10000000000,"constant_t":100,"mu":0.29999999999999999,"normal_mode":1,"tangent_mode":1,"normal_inverse_stiffness":0.0001,"tangent_inverse_stiffness":0.01,"p0":0,"beta":0,"iwan":1,"rn":6.5052141451360512e-10,"rt":[6.5051919406755587e-10,-1.5097149333627435e-14]}
MORTAR_OBSERVER {"kind":"LAW","call_id":34,"pair":0,"slot":5,"node":18,"activity":2,"ndof":3,"normal":[-3.1904087314310974e-06,1.3880589908075086e-07,-0.99999999999490108],"tangents":[0.99999999999491063,4.4284755240362507e-13,-3.1904087314310669e-06,-0,0.99999999999999045,1.3880589908145732e-07],"ln":26.886675919255733,"lt":[8.0660027743290534,-0.0001528193453513484],"lt_start":[8.1255143421879605,0.00045197507981216791],"q":0.0026886675919255737,"ut":[125.00162484418057,-0.0023743532816278513],"gn":0.0026886675919255733,"gt":[-0.00059511567858907101,-6.0479442516351636e-06],"b":8.0660027770777614,"constant_n":10000000000,"constant_t":100,"mu":0.29999999999999999,"normal_mode":1,"tangent_mode":1,"normal_inverse_stiffness":0.0001,"tangent_inverse_stiffness":0.01,"p0":0,"beta":0,"iwan":1,"rn":-1.3010410526703708e-09,"rt":[-1.3010410526703708e-09,2.4681103515111769e-14]}
MORTAR_OBSERVER {"kind":"LAW","call_id":34,"pair":0,"slot":6,"node":19,"activity":2,"ndof":3,"normal":[-3.4606993069316219e-06,3.399564822896655e-07,-0.99999999999395406],"tangents":[0.99999999999401179,1.1764871626538026e-12,-3.4606993069314224e-06,2.0194839173657902e-28,0.99999999999994227,3.3995648229170124e-07],"ln":21.408574232257063,"lt":[6.4225722676033801,-0.00016320997239954664],"lt_start":[6.2667348898088377,0.00043261696980364991],"q":0.0021408574232257061,"ut":[250.00516753613968,-0.0063590330891084837],"gn":0.0021408574232257066,"gt":[0.0015583737779454232,-5.9582694220319658e-06],"b":6.4225722683760766,"constant_n":10000000000,"constant_t":100,"mu":0.29999999999999999,"normal_mode":1,"tangent_mode":1,"normal_inverse_stiffness":0.0001,"tangent_inverse_stiffness":0.01,"p0":0,"beta":0,"iwan":1,"rn":1.3010419408487905e-09,"rt":[1.3010437172056299e-09,-3.4055982860159428e-14]}
MORTAR_OBSERVER {"kind":"LAW","call_id":34,"pair":0,"slot":7,"node":23,"activity":2,"ndof":3,"normal":[-3.9009311274600348e-06,1.047998379386735e-07,-0.99999999999238587],"tangents":[0.99999999999239142,4.0881694997084908e-13,-3.9009311274600136e-06,-0,0.99999999999999456,1.0479983793947089e-07],"ln":6.5499316772909708,"lt":[1.9649795028193939,-3.8023943656812174e-05],"lt_start":[1.8879446659116088,0.00010744881185769752],"q":0.00065499316772909709,"ut":[125.00294288858072,-0.0024203479317210751],"gn":0.00065499316772909709,"gt":[0.0007703483690778512,-1.4547275551450969e-06],"b":1.9649795031872912,"constant_n":10000000000,"constant_t":100,"mu":0.29999999999999999,"normal_mode":1,"tangent_mode":1,"normal_inverse_stiffness":0.0001,"tangent_inverse_stiffness":0.01,"p0":0,"beta":0,"iwan":1,"rn":0,"rt":[-2.2204460492503131e-16,3.7640111296907697e-16]}
MORTAR_OBSERVER {"kind":"LAW","call_id":34,"pair":0,"slot":8,"node":24,"activity":2,"ndof":3,"normal":[-4.7607382117651492e-06,7.8018837069683422e-07,-0.99999999998836342],"tangents":[0.99999999998866773,3.7142725887933033e-12,-4.7607382117637008e-06,-0,0.9999999999996958,7.8018837070567555e-07],"ln":0.39129255443717664,"lt":[0.11738776629318395,-2.9856641980554205e-06],"lt_start":[0.24835011349974753,1.6690275414440604e-05],"q":3.9129255443717656e-05,"ut":[125.00377599395462,-0.0031796013989949523],"gn":3.9129255443717669e-05,"gt":[-0.0013096234720656357,-1.9675939612496026e-07],"b":0.11738776629049541,"constant_n":10000000000,"constant_t":100,"mu":0.29999999999999999,"normal_mode":1,"tangent_mode":1,"normal_inverse_stiffness":0.0001,"tangent_inverse_stiffness":0.01,"p0":0,"beta":0,"iwan":1,"rn":4.0657574529312512e-11,"rt":[4.0657546773736897e-11,-3.790175977431455e-16]}
MORTAR_OBSERVER {"kind":"POST_RAW_AFTER_ACTIVE_LOOP","call_id":34,"pair":0,"slot":0,"node":1,"activity":2,"lambda_raw":[0.00071555446117149419,-1.8405809039911628e-08,-0.0023852155547876004],"gap":-0.00031802831134806916}
MORTAR_OBSERVER {"kind":"POST_RAW_AFTER_ACTIVE_LOOP","call_id":34,"pair":0,"slot":1,"node":2,"activity":2,"lambda_raw":[0.0089702374930906124,-1.2324428400465192e-07,-0.029901149689733387],"gap":-0.0019934112200839012}
MORTAR_OBSERVER {"kind":"POST_RAW_AFTER_ACTIVE_LOOP","call_id":34,"pair":0,"slot":2,"node":3,"activity":2,"lambda_raw":[0.0065089177627011881,-1.0537640864248566e-07,-0.021696628740817424],"gap":-0.0028928848968264478}
MORTAR_OBSERVER {"kind":"POST_RAW_AFTER_ACTIVE_LOOP","call_id":34,"pair":0,"slot":3,"node":4,"activity":2,"lambda_raw":[7.9730679419688327e-05,-1.7603341620339893e-09,-0.00026577365787233963],"gap":-1.7718216359118581e-05}
MORTAR_OBSERVER {"kind":"POST_RAW_AFTER_ACTIVE_LOOP","call_id":34,"pair":0,"slot":4,"node":17,"activity":2,"lambda_raw":[0.0037628503294857571,-8.4996953477166804e-08,-0.012542982981583514],"gap":-0.0012542981004083238}
MORTAR_OBSERVER {"kind":"POST_RAW_AFTER_ACTIVE_LOOP","call_id":34,"pair":0,"slot":5,"node":18,"activity":2,"lambda_raw":[0.0080659053000174084,-1.4908709639315727e-07,-0.02688666266991703],"gap":-0.0026886675919255737}
MORTAR_OBSERVER {"kind":"POST_RAW_AFTER_ACTIVE_LOOP","call_id":34,"pair":0,"slot":6,"node":19,"activity":2,"lambda_raw":[0.0032112473751035064,-7.7965949005329331e-08,-0.010704292514782233],"gap":-0.0021408574232257061}
MORTAR_OBSERVER {"kind":"POST_RAW_AFTER_ACTIVE_LOOP","call_id":34,"pair":0,"slot":7,"node":23,"activity":2,"lambda_raw":[0.0019649531540870827,-3.7337495914015698e-08,-0.0065499366828404354],"gap":-0.00065499316772909709}
MORTAR_OBSERVER {"kind":"POST_RAW_AFTER_ACTIVE_LOOP","call_id":34,"pair":0,"slot":8,"node":24,"activity":2,"lambda_raw":[0.00011738592413466048,-2.6803823338343614e-09,-0.00039129318223597877],"gap":-3.9129255443717656e-05}
MORTAR_OBSERVER {"kind":"SUMMARY_PRE_OVERRIDE","call_id":34,"ndiverg":14,"flag":0,"keepset":0,"max_n":1.3010428290272102e-09,"max_t":[1.3010437172056299e-09,3.4055982860159428e-14],"lm_t_av":[35.999964543007877,0.0006970248531007338],"nstick":0,"nslip":9,"ninactive":0,"nnogap":0,"nolm":0}
MORTAR_OBSERVER {"kind":"SUMMARY_POST_OVERRIDE","call_id":34,"flag":0}
MORTAR_OBSERVER {"kind":"RETURN","call_id":34}
 Using up to 2 cpu(s) for the stress calculation.

 average force= 5.901799
 time avg. forc= 5.900006
 largest residual force= 0.000000 in node 20 and dof 1
 largest increment of disp= 1.249922e-01
 largest correction to disp= 1.150180e-10 in node 23 and dof 2

MORTAR_OBSERVER {"kind":"PRE_CHECK","call_id":34,"step":2,"inc":3,"cutback":0,"iteration":2,"time":0.375,"dtime":0.125,"ttime":1,"tper":1,"theta":0.25,"dtheta":0.125,"icntrl":0,"nmethod":1,"iexpl":0,"ithermal":0,"uncoupled":0,"mortar":2,"iflagdualquad":2}
 convergence; the increment size is increased to 1.875000e-01

 the increment size exceeds the maximum allowed and is decreased to 1.250000e-01

MORTAR_OBSERVER {"kind":"POST_CHECK","call_id":34,"step":2,"inc":3,"cutback":0,"iteration":2,"time":0.375,"dtime":0.125,"ttime":1,"tper":1,"theta":0.375,"dtheta":0.125,"icntrl":1,"nmethod":1,"iexpl":0,"ithermal":0,"uncoupled":0,"mortar":2,"iflagdualquad":2}
 Using up to 2 cpu(s) for the stress calculation.

 increment 4 attempt 1 
 increment size= 1.250000e-01
 sum of previous increments=3.750000e-01
 actual step time=5.000000e-01
 actual total time=1.500000e+00

 iteration 1

 Determining the structure of the matrix:

 Using up to 2 cpu(s) for setting up the structure of the matrix.
 number of equations
 75
 number of nonzero lower triangular matrix elements
 1143

 Using up to 2 cpu(s) for the stress calculation.

 Using up to 2 cpu(s) for the symmetric stiffness/mass contributions.

 Using up to 2 cpu(s) for the stress calculation.

 Using up to 2 cpu(s) for the symmetric stiffness/mass contributions.

 Factoring the system of equations using the unsymmetric spooles solver
 Using 1 cpu for spooles.

MORTAR_OBSERVER {"kind":"BEGIN","call_id":35,"step":2,"inc":4,"cutback":0,"iteration":1,"time":0.5,"dtime":0.125,"ttime":1,"tper":1,"theta":0.375,"dtheta":0.125,"icntrl":0,"nmethod":1,"iexpl":0,"ithermal":0,"uncoupled":0,"mortar":2,"iflagdualquad":2}
MORTAR_OBSERVER {"kind":"INVENTORY","call_id":35,"pair_count":1,"slave_count":9}
MORTAR_OBSERVER {"kind":"PAIR","call_id":35,"pair":0,"start":0,"end":9}
MORTAR_OBSERVER {"kind":"PRE_RAW","call_id":35,"pair":0,"slot":0,"node":1,"activity":2,"lambda_raw":[0.00094739081609082826,-7.4438412787075661e-08,-0.0031580099539069706],"lambda_start":[0.00071555446117149419,-1.8405809039911628e-08,-0.0023852155547876004],"ddtil_count":1}
MORTAR_OBSERVER {"kind":"DDTIL","call_id":35,"pair":0,"column_slot":0,"source_slot":0,"destination_slot":0,"entry":0,"value":1333.3330465856498}
MORTAR_OBSERVER {"kind":"PRE_RAW","call_id":35,"pair":0,"slot":1,"node":2,"activity":2,"lambda_raw":[0.0087243564926244715,-5.424173307290536e-07,-0.029081532768494626],"lambda_start":[0.0089702374930906124,-1.2324428400465192e-07,-0.029901149689733387],"ddtil_count":1}
MORTAR_OBSERVER {"kind":"DDTIL","call_id":35,"pair":0,"column_slot":1,"source_slot":1,"destination_slot":1,"entry":1,"value":666.66770134129331}
MORTAR_OBSERVER {"kind":"PRE_RAW","call_id":35,"pair":0,"slot":2,"node":3,"activity":2,"lambda_raw":[0.0065423596106256284,-4.289568825828427e-07,-0.021808111651642804],"lambda_start":[0.0065089177627011881,-1.0537640864248566e-07,-0.021696628740817424],"ddtil_count":1}
MORTAR_OBSERVER {"kind":"DDTIL","call_id":35,"pair":0,"column_slot":2,"source_slot":2,"destination_slot":2,"entry":2,"value":1333.3349398974974}
MORTAR_OBSERVER {"kind":"PRE_RAW","call_id":35,"pair":0,"slot":3,"node":4,"activity":2,"lambda_raw":[-0.00023099804863386988,1.9095542482773599e-10,0.00077000469397077171],"lambda_start":[7.9730679419688327e-05,-1.7603341620339893e-09,-0.00026577365787233963],"ddtil_count":1}
MORTAR_OBSERVER {"kind":"DDTIL","call_id":35,"pair":0,"column_slot":3,"source_slot":3,"destination_slot":3,"entry":3,"value":666.66655928276168}
MORTAR_OBSERVER {"kind":"PRE_RAW","call_id":35,"pair":0,"slot":4,"node":17,"activity":2,"lambda_raw":[0.003666382340636978,-3.0997453910883893e-07,-0.012221417547302214],"lambda_start":[0.0037628503294857571,-8.4996953477166804e-08,-0.012542982981583514],"ddtil_count":1}
MORTAR_OBSERVER {"kind":"DDTIL","call_id":35,"pair":0,"column_slot":4,"source_slot":4,"destination_slot":4,"entry":4,"value":1000.0007885188077}
MORTAR_OBSERVER {"kind":"PRE_RAW","call_id":35,"pair":0,"slot":5,"node":18,"activity":2,"lambda_raw":[0.0079111310474671501,-5.8467464815772816e-07,-0.02637074413956789],"lambda_start":[0.0080659053000174084,-1.4908709639315727e-07,-0.02688666266991703],"ddtil_count":1}
MORTAR_OBSERVER {"kind":"DDTIL","call_id":35,"pair":0,"column_slot":5,"source_slot":5,"destination_slot":5,"entry":5,"value":1000.0014017076035}
MORTAR_OBSERVER {"kind":"PRE_RAW","call_id":35,"pair":0,"slot":6,"node":19,"activity":2,"lambda_raw":[0.0034285370139277866,-2.9951501157256175e-07,-0.011428594656022683],"lambda_start":[0.0032112473751035064,-7.7965949005329331e-08,-0.010704292514782233],"ddtil_count":1}
MORTAR_OBSERVER {"kind":"DDTIL","call_id":35,"pair":0,"column_slot":6,"source_slot":6,"destination_slot":6,"entry":6,"value":2000.0009613006148}
MORTAR_OBSERVER {"kind":"PRE_RAW","call_id":35,"pair":0,"slot":7,"node":23,"activity":2,"lambda_raw":[0.0021750467085723825,-1.5047365342674628e-07,-0.0072502487487130741],"lambda_start":[0.0019649531540870827,-3.7337495914015698e-08,-0.0065499366828404354],"ddtil_count":1}
MORTAR_OBSERVER {"kind":"DDTIL","call_id":35,"pair":0,"column_slot":7,"source_slot":7,"destination_slot":7,"entry":7,"value":1000.0003263542729}
MORTAR_OBSERVER {"kind":"PRE_RAW","call_id":35,"pair":0,"slot":8,"node":24,"activity":2,"lambda_raw":[-0.00025866781740228612,-1.5279034811587674e-09,0.00086223841552159097],"lambda_start":[0.00011738592413466048,-2.6803823338343614e-09,-0.00039129318223597877],"ddtil_count":1}
MORTAR_OBSERVER {"kind":"DDTIL","call_id":35,"pair":0,"column_slot":8,"source_slot":8,"destination_slot":8,"entry":8,"value":999.99974376716659}
MORTAR_OBSERVER {"kind":"LAW","call_id":35,"pair":0,"slot":0,"node":1,"activity":2,"ndof":3,"normal":[-3.5350530054027954e-06,3.2063660798518737e-07,-0.99999999999370037],"tangents":[0.99999999999375178,1.133467404707277e-12,-3.5350530054026142e-06,-0,0.99999999999994871,3.2063660798719087e-07],"ln":4.2106745674975308,"lt":[1.2632023680913267,-0.00010060129354684758],"lt_start":[0.95408365218791624,-2.5560789789163959e-05],"q":0.00042106745674975072,"ut":[166.68725478742232,-0.016074310338832352],"gn":0.0004210674567497531,"gt":[0.0030911871590341045,-7.5040503757683611e-07],"b":1.2632023630935247,"constant_n":10000000000,"constant_t":100,"mu":0.29999999999999999,"normal_mode":1,"tangent_mode":1,"normal_inverse_stiffness":0.0001,"tangent_inverse_stiffness":0.01,"p0":0,"beta":0,"iwan":1,"rn":7.1557344494266317e-09,"rt":[1.0870895517101076e-08,2.1209263873899002e-05]}
MORTAR_OBSERVER {"kind":"LAW","call_id":35,"pair":0,"slot":1,"node":2,"activity":2,"ndof":3,"normal":[-3.2597784495992912e-06,7.4623270274952817e-08,-0.99999999999468425],"tangents":[0.99999999999468692,2.4325532828220697e-13,-3.2597784495992823e-06,-0,0.99999999999999734,7.4623270275349294e-08],"ln":19.387699642448151,"lt":[5.8163098882563284,-0.00036305889001009566],"lt_start":[5.9802325908222,-8.3650533546086856e-05],"q":0.001938769964244815,"ut":[83.345000621213273,-0.0050946725389502696],"gn":0.0019387699642448152,"gt":[-0.0016392270256587161,-2.7940835646400881e-06],"b":5.8163098920839236,"constant_n":10000000000,"constant_t":100,"mu":0.29999999999999999,"normal_mode":1,"tangent_mode":1,"normal_inverse_stiffness":0.0001,"tangent_inverse_stiffness":0.01,"p0":0,"beta":0,"iwan":1,"rn":6.5052141451360512e-10,"rt":[7.0269230434405472e-09,-7.7189268791624886e-06]}
MORTAR_OBSERVER {"kind":"LAW","call_id":35,"pair":0,"slot":2,"node":3,"activity":2,"ndof":3,"normal":[-3.1079566781331492e-06,5.3282865069562185e-08,-0.99999999999516886],"tangents":[0.99999999999517031,1.6560083632381309e-13,-3.1079566781331446e-06,-0,0.99999999999999856,5.3282865069819524e-08],"ln":29.07749012695713,"lt":[8.7232470298430904,-0.00057349253268478635],"lt_start":[8.6786573835716112,-0.00014204346073011404],"q":0.0029077490126957085,"ut":[166.68486397046402,-0.011004062948975662],"gn":0.0029077490126957132,"gt":[0.00044589646271479214,-4.3144907195467232e-06],"b":8.7232470237756701,"constant_n":10000000000,"constant_t":100,"mu":0.29999999999999999,"normal_mode":1,"tangent_mode":1,"normal_inverse_stiffness":0.0001,"tangent_inverse_stiffness":0.01,"p0":0,"beta":0,"iwan":1,"rn":1.4311469342942473e-08,"rt":[2.5061662967118536e-08,2.1661577981643525e-06]}
MORTAR_OBSERVER {"kind":"LAW","call_id":35,"pair":0,"slot":3,"node":4,"activity":2,"ndof":3,"normal":[-4.0028067746000985e-06,1.232008031931481e-07,-0.99999999999198119],"tangents":[0.99999999999198874,4.9314900966165737e-13,-4.0028067746000689e-06,1.0097419586828951e-28,0.99999999999999245,1.2320080319413507e-07],"ln":-0.51333576353000154,"lt":[-0.15400072906887971,1.9054705036625741e-07],"lt_start":[0.053154486944525944,-1.19538493422011e-06],"q":-5.133357635300588e-05,"ut":[83.348853020778378,-0.0071322012735605383],"gn":-5.1333576353000154e-05,"gt":[-0.0020715521601340566,1.3859319845863674e-08],"b":-0.15400074623682861,"constant_n":10000000000,"constant_t":100,"mu":0.29999999999999999,"normal_mode":1,"tangent_mode":1,"normal_inverse_stiffness":0.0001,"tangent_inverse_stiffness":0.01,"p0":0,"beta":0,"iwan":1,"rn":-0.15400072905900045,"rt":[1.6604133845632418e-08,-1.2987308563611969e-05]}
MORTAR_OBSERVER {"kind":"LAW","call_id":35,"pair":0,"slot":4,"node":17,"activity":2,"ndof":3,"normal":[-3.2217138260378725e-06,2.1927901749438891e-08,-0.99999999999481004],"tangents":[0.99999999999481026,7.064542424253397e-14,-3.2217138260378721e-06,-0,0.99999999999999978,2.1927901749552691e-08],"ln":12.221415372005588,"lt":[3.6664246055703154,-0.00031024277378412555],"lt_start":[3.7628937064780392,-8.5272062014204908e-05],"q":0.0012221415372005552,"ut":[125.01817988124414,-0.010381545571275363],"gn":0.0012221415372005587,"gt":[-0.00096469100907723869,-2.2497071176992063e-06],"b":3.6664246011933352,"constant_n":10000000000,"constant_t":100,"mu":0.29999999999999999,"normal_mode":1,"tangent_mode":1,"normal_inverse_stiffness":0.0001,"tangent_inverse_stiffness":0.01,"p0":0,"beta":0,"iwan":1,"rn":1.0408340855860843e-08,"rt":[1.7012712127950635e-08,-5.8484338066048711e-06]}
MORTAR_OBSERVER {"kind":"LAW","call_id":35,"pair":0,"slot":5,"node":18,"activity":2,"ndof":3,"normal":[-3.2070831221132446e-06,8.7168538276457733e-08,-0.99999999999485356],"tangents":[0.99999999999485734,2.7955674788714763e-13,-3.2070831221132328e-06,-0,0.99999999999999623,8.7168538276906012e-08],"ln":26.370755731763357,"lt":[7.9112267098060007,-0.00058697417014265038],"lt_start":[8.0660028338996419,-0.00015143097973889578],"q":0.002637075573176335,"ut":[125.01565746423121,-0.0091467546758125171],"gn":0.0026370755731763358,"gt":[-0.0015477612409364116,-4.355431904037546e-06],"b":7.9112267169269215,"constant_n":10000000000,"constant_t":100,"mu":0.29999999999999999,"normal_mode":1,"tangent_mode":1,"normal_inverse_stiffness":0.0001,"tangent_inverse_stiffness":0.01,"p0":0,"beta":0,"iwan":1,"rn":2.6020847698760008e-09,"rt":[1.4033572526273019e-08,-8.4277247337956329e-06]}
MORTAR_OBSERVER {"kind":"LAW","call_id":35,"pair":0,"slot":6,"node":19,"activity":2,"ndof":3,"normal":[-3.321504798977729e-06,1.8695949468617249e-07,-0.99999999999446632],"tangents":[0.99999999999448386,6.2098685881799874e-13,-3.321504798977671e-06,-1.0097419586828951e-28,0.99999999999998257,1.869594946872038e-07],"ln":22.857177522306721,"lt":[6.8571532439729692,-0.00060330368168682355],"lt_start":[6.4225689458977548,-0.00015993451312228731],"q":0.0022857177522306706,"ut":[250.036640317056,-0.023059002197444771],"gn":0.0022857177522306723,"gt":[0.0043458429807521435,-4.4336916856453627e-06],"b":6.8571532514878459,"constant_n":10000000000,"constant_t":100,"mu":0.29999999999999999,"normal_mode":1,"tangent_mode":1,"normal_inverse_stiffness":0.0001,"tangent_inverse_stiffness":0.01,"p0":0,"beta":0,"iwan":1,"rn":5.2041704279304213e-09,"rt":[2.1634194879993629e-08,2.896153475039694e-05]}
MORTAR_OBSERVER {"kind":"LAW","call_id":35,"pair":0,"slot":7,"node":23,"activity":2,"ndof":3,"normal":[-3.5321659325065133e-06,6.5026262605296812e-08,-0.99999999999375977],"tangents":[0.99999999999376188,2.2968354949408441e-13,-3.5321659325065057e-06,-0,0.99999999999999789,6.5026262605702461e-08],"ln":7.250243432179313,"lt":[2.1750730274845913,-0.00015094515926741809],"lt_start":[1.9649769308164446,-3.7763426141056183e-05],"q":0.00072502434321793238,"ut":[125.01937073376662,-0.0093450070118913705],"gn":0.00072502434321793129,"gt":[0.0021009609666814665,-1.1318173312636191e-06],"b":2.1750730329064001,"constant_n":10000000000,"constant_t":100,"mu":0.29999999999999999,"normal_mode":1,"tangent_mode":1,"normal_inverse_stiffness":0.0001,"tangent_inverse_stiffness":0.01,"p0":0,"beta":0,"iwan":1,"rn":-3.2526061843896059e-09,"rt":[6.532028251626798e-10,1.1619246527101588e-05]}
MORTAR_OBSERVER {"kind":"LAW","call_id":35,"pair":0,"slot":8,"node":24,"activity":2,"ndof":3,"normal":[-3.944632004399885e-06,3.9762070852080187e-07,-0.99999999999214095],"tangents":[0.99999999999222,1.5684673724555161e-12,-3.9446320043995733e-06,-2.0194839173657902e-28,0.99999999999992106,3.9762070852389545e-07],"ln":-0.86223717423254032,"lt":[-0.25867115233346372,-1.1850593278112435e-06],"lt_start":[0.11738743756283353,-2.835967879527118e-06],"q":-8.6223717423252605e-05,"ut":[125.0217703779993,-0.011449319381363031],"gn":-8.6223717423254041e-05,"gt":[-0.0037605858989629725,1.6509085517158745e-08],"b":-0.25867114796005847,"constant_n":10000000000,"constant_t":100,"mu":0.29999999999999999,"normal_mode":1,"tangent_mode":1,"normal_inverse_stiffness":0.0001,"tangent_inverse_stiffness":0.01,"p0":0,"beta":0,"iwan":1,"rn":-0.25867115226976206,"rt":[-5.4580812647309074e-09,-2.4873638483105773e-05]}
MORTAR_OBSERVER {"kind":"POST_RAW_AFTER_ACTIVE_LOOP","call_id":35,"pair":0,"slot":0,"node":1,"activity":2,"lambda_raw":[0.00094739081609082826,-7.4438412787075661e-08,-0.0031580099539069706],"gap":-0.00042106745674975072}
MORTAR_OBSERVER {"kind":"POST_RAW_AFTER_ACTIVE_LOOP","call_id":35,"pair":0,"slot":1,"node":2,"activity":2,"lambda_raw":[0.0087243564926244715,-5.424173307290536e-07,-0.029081532768494626],"gap":-0.001938769964244815}
MORTAR_OBSERVER {"kind":"POST_RAW_AFTER_ACTIVE_LOOP","call_id":35,"pair":0,"slot":2,"node":3,"activity":2,"lambda_raw":[0.0065423596106256284,-4.289568825828427e-07,-0.021808111651642804],"gap":-0.0029077490126957085}
MORTAR_OBSERVER {"kind":"POST_RAW_AFTER_ACTIVE_LOOP","call_id":35,"pair":0,"slot":3,"node":4,"activity":0,"lambda_raw":[0,0,0],"gap":5.133357635300588e-05}
MORTAR_OBSERVER {"kind":"POST_RAW_AFTER_ACTIVE_LOOP","call_id":35,"pair":0,"slot":4,"node":17,"activity":2,"lambda_raw":[0.003666382340636978,-3.0997453910883893e-07,-0.012221417547302214],"gap":-0.0012221415372005552}
MORTAR_OBSERVER {"kind":"POST_RAW_AFTER_ACTIVE_LOOP","call_id":35,"pair":0,"slot":5,"node":18,"activity":2,"lambda_raw":[0.0079111310474671501,-5.8467464815772816e-07,-0.02637074413956789],"gap":-0.002637075573176335}
MORTAR_OBSERVER {"kind":"POST_RAW_AFTER_ACTIVE_LOOP","call_id":35,"pair":0,"slot":6,"node":19,"activity":2,"lambda_raw":[0.0034285370139277866,-2.9951501157256175e-07,-0.011428594656022683],"gap":-0.0022857177522306706}
MORTAR_OBSERVER {"kind":"POST_RAW_AFTER_ACTIVE_LOOP","call_id":35,"pair":0,"slot":7,"node":23,"activity":2,"lambda_raw":[0.0021750467085723825,-1.5047365342674628e-07,-0.0072502487487130741],"gap":-0.00072502434321793238}
MORTAR_OBSERVER {"kind":"POST_RAW_AFTER_ACTIVE_LOOP","call_id":35,"pair":0,"slot":8,"node":24,"activity":0,"lambda_raw":[0,0,0],"gap":8.6223717423252605e-05}
MORTAR_OBSERVER {"kind":"SUMMARY_PRE_OVERRIDE","call_id":35,"ndiverg":14,"flag":1,"keepset":0,"max_n":0.25867115226976206,"max_t":[2.5061662967118536e-08,2.896153475039694e-05],"lm_t_av":[36.412636873024624,0.0026886185011227473],"nstick":0,"nslip":7,"ninactive":2,"nnogap":0,"nolm":0}
MORTAR_OBSERVER {"kind":"SUMMARY_POST_OVERRIDE","call_id":35,"flag":1}
MORTAR_OBSERVER {"kind":"RETURN","call_id":35}
 Using up to 2 cpu(s) for the stress calculation.

 average force= 5.915174
 time avg. forc= 5.903798
 largest residual force= 1.437064 in node 24 and dof 3
 largest increment of disp= 1.250047e-01
 largest correction to disp= 2.107447e-05 in node 4 and dof 3

MORTAR_OBSERVER {"kind":"PRE_CHECK","call_id":35,"step":2,"inc":4,"cutback":0,"iteration":1,"time":0.5,"dtime":0.125,"ttime":1,"tper":1,"theta":0.375,"dtheta":0.125,"icntrl":0,"nmethod":1,"iexpl":0,"ithermal":0,"uncoupled":0,"mortar":2,"iflagdualquad":2}
 no convergence

MORTAR_OBSERVER {"kind":"POST_CHECK","call_id":35,"step":2,"inc":4,"cutback":0,"iteration":2,"time":0.5,"dtime":0.125,"ttime":1,"tper":1,"theta":0.375,"dtheta":0.125,"icntrl":0,"nmethod":1,"iexpl":0,"ithermal":0,"uncoupled":0,"mortar":2,"iflagdualquad":2}
 iteration 2

 Determining the structure of the matrix:

 Using up to 2 cpu(s) for setting up the structure of the matrix.
 number of equations
 75
 number of nonzero lower triangular matrix elements
 1143

 Using up to 2 cpu(s) for the stress calculation.

 Using up to 2 cpu(s) for the symmetric stiffness/mass contributions.

 Using up to 2 cpu(s) for the stress calculation.

 Using up to 2 cpu(s) for the symmetric stiffness/mass contributions.

 Factoring the system of equations using the unsymmetric spooles solver
 Using 1 cpu for spooles.

MORTAR_OBSERVER {"kind":"BEGIN","call_id":36,"step":2,"inc":4,"cutback":0,"iteration":2,"time":0.5,"dtime":0.125,"ttime":1,"tper":1,"theta":0.375,"dtheta":0.125,"icntrl":0,"nmethod":1,"iexpl":0,"ithermal":0,"uncoupled":0,"mortar":2,"iflagdualquad":2}
MORTAR_OBSERVER {"kind":"INVENTORY","call_id":36,"pair_count":1,"slave_count":9}
MORTAR_OBSERVER {"kind":"PAIR","call_id":36,"pair":0,"start":0,"end":9}
MORTAR_OBSERVER {"kind":"PRE_RAW","call_id":36,"pair":0,"slot":0,"node":1,"activity":2,"lambda_raw":[0.00078574481090688407,-1.0731695881642558e-08,-0.0026191830020538612],"lambda_start":[0.00071555446117149419,-1.8405809039911628e-08,-0.0023852155547876004],"ddtil_count":1}
MORTAR_OBSERVER {"kind":"DDTIL","call_id":36,"pair":0,"column_slot":0,"source_slot":0,"destination_slot":0,"entry":0,"value":1333.3330465856498}
MORTAR_OBSERVER {"kind":"PRE_RAW","call_id":36,"pair":0,"slot":1,"node":2,"activity":2,"lambda_raw":[0.0089010192260607617,-1.6275042358315841e-07,-0.029670415477058121],"lambda_start":[0.0089702374930906124,-1.2324428400465192e-07,-0.029901149689733387],"ddtil_count":1}
MORTAR_OBSERVER {"kind":"DDTIL","call_id":36,"pair":0,"column_slot":1,"source_slot":1,"destination_slot":1,"entry":1,"value":666.66770134129331}
MORTAR_OBSERVER {"kind":"PRE_RAW","call_id":36,"pair":0,"slot":2,"node":3,"activity":2,"lambda_raw":[0.0065187366057787837,-1.2681272924401419e-07,-0.021729367373164235],"lambda_start":[0.0065089177627011881,-1.0537640864248566e-07,-0.021696628740817424],"ddtil_count":1}
MORTAR_OBSERVER {"kind":"DDTIL","call_id":36,"pair":0,"column_slot":2,"source_slot":2,"destination_slot":2,"entry":2,"value":1333.3349398974974}
MORTAR_OBSERVER {"kind":"PRE_RAW","call_id":36,"pair":0,"slot":3,"node":4,"activity":0,"lambda_raw":[7.4940066233233497e-19,-1.0017607229678291e-18,-1.6653348051829665e-19],"lambda_start":[7.9730679419688327e-05,-1.7603341620339893e-09,-0.00026577365787233963],"ddtil_count":1}
MORTAR_OBSERVER {"kind":"DDTIL","call_id":36,"pair":0,"column_slot":3,"source_slot":3,"destination_slot":3,"entry":3,"value":666.66655928276168}
MORTAR_OBSERVER {"kind":"PRE_RAW","call_id":36,"pair":0,"slot":4,"node":17,"activity":2,"lambda_raw":[0.0037332414651571671,-9.4601180933940241e-08,-0.012444283867734589],"lambda_start":[0.0037628503294857571,-8.4996953477166804e-08,-0.012542982981583514],"ddtil_count":1}
MORTAR_OBSERVER {"kind":"DDTIL","call_id":36,"pair":0,"column_slot":4,"source_slot":4,"destination_slot":4,"entry":4,"value":1000.0007885188077}
MORTAR_OBSERVER {"kind":"PRE_RAW","call_id":36,"pair":0,"slot":5,"node":18,"activity":2,"lambda_raw":[0.0080220017847311715,-1.7639044472067146e-07,-0.026740317509812213],"lambda_start":[0.0080659053000174084,-1.4908709639315727e-07,-0.02688666266991703],"ddtil_count":1}
MORTAR_OBSERVER {"kind":"DDTIL","call_id":36,"pair":0,"column_slot":5,"source_slot":5,"destination_slot":5,"entry":5,"value":1000.0014017076035}
MORTAR_OBSERVER {"kind":"PRE_RAW","call_id":36,"pair":0,"slot":6,"node":19,"activity":2,"lambda_raw":[0.0032740842269430941,-7.4879946256232941e-08,-0.010913745775489215],"lambda_start":[0.0032112473751035064,-7.7965949005329331e-08,-0.010704292514782233],"ddtil_count":1}
MORTAR_OBSERVER {"kind":"DDTIL","call_id":36,"pair":0,"column_slot":6,"source_slot":6,"destination_slot":6,"entry":6,"value":2000.0009613006148}
MORTAR_OBSERVER {"kind":"PRE_RAW","call_id":36,"pair":0,"slot":7,"node":23,"activity":2,"lambda_raw":[0.0020228054656112647,-3.4522183844564923e-08,-0.0067427714087598374],"lambda_start":[0.0019649531540870827,-3.7337495914015698e-08,-0.0065499366828404354],"ddtil_count":1}
MORTAR_OBSERVER {"kind":"DDTIL","call_id":36,"pair":0,"column_slot":7,"source_slot":7,"destination_slot":7,"entry":7,"value":1000.0003263542729}
MORTAR_OBSERVER {"kind":"PRE_RAW","call_id":36,"pair":0,"slot":8,"node":24,"activity":0,"lambda_raw":[5.5511165455041033e-19,2.8222361528532736e-19,1.7763572945613132e-18],"lambda_start":[0.00011738592413466048,-2.6803823338343614e-09,-0.00039129318223597877],"ddtil_count":1}
MORTAR_OBSERVER {"kind":"DDTIL","call_id":36,"pair":0,"column_slot":8,"source_slot":8,"destination_slot":8,"entry":8,"value":999.99974376716659}
MORTAR_OBSERVER {"kind":"LAW","call_id":36,"pair":0,"slot":0,"node":1,"activity":2,"ndof":3,"normal":[-3.5350530054027954e-06,3.2063660798518737e-07,-0.99999999999370037],"tangents":[0.99999999999375178,1.133467404707277e-12,-3.5350530054026142e-06,-0,0.99999999999994871,3.2063660798719087e-07],"ln":3.4922395481352915,"lt":[1.0476718678237975,-1.5428665795389675e-05],"lt_start":[0.95408365218791624,-2.5560789789163959e-05],"q":0.00034922395481353722,"ut":[166.67204019598458,-0.0047772351840139598],"gn":0.00034922395481352915,"gt":[0.00093588215635881269,1.0132123993774284e-07],"b":1.047671888672506,"constant_n":10000000000,"constant_t":100,"mu":0.29999999999999999,"normal_mode":1,"tangent_mode":1,"normal_inverse_stiffness":0.0001,"tangent_inverse_stiffness":0.01,"p0":0,"beta":0,"iwan":1,"rn":-2.4231918693828902e-08,"rt":[-2.0418360557883375e-08,1.4600103838404976e-05]}
MORTAR_OBSERVER {"kind":"LAW","call_id":36,"pair":0,"slot":1,"node":2,"activity":2,"ndof":3,"normal":[-3.2597784495992912e-06,7.4623270274952817e-08,-0.99999999999468425],"tangents":[0.99999999999468692,2.4325532828220697e-13,-3.2597784495992823e-06,-0,0.99999999999999734,7.4623270275349294e-08],"ln":19.780288340221102,"lt":[5.9340865064217727,-0.00010997652202893334],"lt_start":[5.9802325908222,-8.3650533546086856e-05],"q":0.0019780288340221098,"ut":[83.336482195540555,-0.0014724937973571489],"gn":0.0019780288340221102,"gt":[-0.00046146084400427333,-2.6325988482846481e-07],"b":5.9340865007652877,"constant_n":10000000000,"constant_t":100,"mu":0.29999999999999999,"normal_mode":1,"tangent_mode":1,"normal_inverse_stiffness":0.0001,"tangent_inverse_stiffness":0.01,"p0":0,"beta":0,"iwan":1,"rn":1.3010428290272102e-09,"rt":[6.582527412035688e-09,-5.141282555360657e-06]}
MORTAR_OBSERVER {"kind":"LAW","call_id":36,"pair":0,"slot":2,"node":3,"activity":2,"ndof":3,"normal":[-3.1079566781331492e-06,5.3282865069562185e-08,-0.99999999999516886],"tangents":[0.99999999999517031,1.6560083632381309e-13,-3.1079566781331446e-06,-0,0.99999999999999856,5.3282865069819524e-08],"ln":28.972497727059093,"lt":[8.6917493257834408,-0.00017062758185128554],"lt_start":[8.6786573835716112,-0.00014204346073011404],"q":0.0028972497727059046,"ut":[166.67147482031123,-0.0032995077684243321],"gn":0.0028972497727059094,"gt":[0.00013091942211829633,-2.8584121121171506e-07],"b":8.6917493038062599,"constant_n":10000000000,"constant_t":100,"mu":0.29999999999999999,"normal_mode":1,"tangent_mode":1,"normal_inverse_stiffness":0.0001,"tangent_inverse_stiffness":0.01,"p0":0,"beta":0,"iwan":1,"rn":1.4311467566585634e-08,"rt":[2.3680023275574058e-08,1.4229070728014471e-06]}
MORTAR_OBSERVER {"kind":"LAW","call_id":36,"pair":0,"slot":3,"node":4,"activity":0,"ndof":3,"normal":[-4.0028067746000985e-06,1.232008031931481e-07,-0.99999999999198119],"tangents":[0.99999999999198874,4.9314900966165737e-13,-4.0028067746000689e-06,1.0097419586828951e-28,0.99999999999999245,1.2320080319413507e-07],"ln":1.1102022037944493e-16,"lt":[4.9960080547781317e-16,-6.6784038808360625e-16],"lt_start":[0.053154486944525944,-1.19538493422011e-06],"q":-0.015520001756195953,"ut":[83.337500542483909,-0.0019837195748776699],"gn":1.1102022037944493e-20,"gt":[-0.00053154486944525451,1.1953849335522696e-08],"b":-46560005.268587857,"constant_n":10000000000,"constant_t":100,"mu":0.29999999999999999,"normal_mode":1,"tangent_mode":1,"normal_inverse_stiffness":0.0001,"tangent_inverse_stiffness":0.01,"p0":0,"beta":0,"iwan":1,"rn":3.3306066113833479e-17,"rt":[4.9960080547781317e-16,-6.6784038808360625e-16]}
MORTAR_OBSERVER {"kind":"LAW","call_id":36,"pair":0,"slot":4,"node":17,"activity":2,"ndof":3,"normal":[-3.2217138260378725e-06,2.1927901749438891e-08,-0.99999999999481004],"tangents":[0.99999999999481026,7.064542424253397e-14,-3.2217138260378721e-06,-0,0.99999999999999978,2.1927901749552691e-08],"ln":12.444281652774681,"lt":[3.7332845008219064,-9.4874132777914504e-05],"lt_start":[3.7628937064780392,-8.5272062014204908e-05],"q":0.0012444281652774691,"ut":[125.00487913119774,-0.003044694361195819],"gn":0.001244428165277468,"gt":[-0.00029609205656132786,-9.602070763709597e-08],"b":3.7332844990850109,"constant_n":10000000000,"constant_t":100,"mu":0.29999999999999999,"normal_mode":1,"tangent_mode":1,"normal_inverse_stiffness":0.0001,"tangent_inverse_stiffness":0.01,"p0":0,"beta":0,"iwan":1,"rn":-3.2526070725680256e-09,"rt":[2.8442239674575376e-09,-3.9459045773276516e-06]}
MORTAR_OBSERVER {"kind":"LAW","call_id":36,"pair":0,"slot":5,"node":18,"activity":2,"ndof":3,"normal":[-3.2070831221132446e-06,8.7168538276457733e-08,-0.99999999999485356],"tangents":[0.99999999999485734,2.7955674788714763e-13,-3.2070831221132328e-06,-0,0.99999999999999623,8.7168538276906012e-08],"ln":26.740329264503,"lt":[8.0220987877319878,-0.00017872160962614943],"lt_start":[8.0660028338996419,-0.00015143097973889578],"q":0.0026740329264502991,"ut":[125.00420530322272,-0.0026954638194041755],"gn":0.0026740329264503,"gt":[-0.00043904046167654088,-2.7290629887253647e-07],"b":8.0220987767488143,"constant_n":10000000000,"constant_t":100,"mu":0.29999999999999999,"normal_mode":1,"tangent_mode":1,"normal_inverse_stiffness":0.0001,"tangent_inverse_stiffness":0.01,"p0":0,"beta":0,"iwan":1,"rn":2.6020856580544205e-09,"rt":[1.2847849006902834e-08,-5.7556405713937817e-06]}
MORTAR_OBSERVER {"kind":"LAW","call_id":36,"pair":0,"slot":6,"node":19,"activity":2,"ndof":3,"normal":[-3.321504798977729e-06,1.8695949468617249e-07,-0.99999999999446632],"tangents":[0.99999999999448386,6.2098685881799874e-13,-3.321504798977671e-06,-1.0097419586828951e-28,0.99999999999998257,1.869594946872038e-07],"ln":21.827480292436775,"lt":[6.5482441013820312,-0.00015384082324672687],"lt_start":[6.4225689458977548,-0.00015993451312228731],"q":0.0021827480292436817,"ut":[250.00986669415573,-0.0066459407072860096],"gn":0.0021827480292436778,"gt":[0.0012567515548427633,6.0936898755604435e-08],"b":6.5482440994404154,"constant_n":10000000000,"constant_t":100,"mu":0.29999999999999999,"normal_mode":1,"tangent_mode":1,"normal_inverse_stiffness":0.0001,"tangent_inverse_stiffness":0.01,"p0":0,"beta":0,"iwan":1,"rn":-1.1709382796709633e-08,"rt":[4.2551686618708118e-09,2.0226448151706425e-05]}
MORTAR_OBSERVER {"kind":"LAW","call_id":36,"pair":0,"slot":7,"node":23,"activity":2,"ndof":3,"normal":[-3.5321659325065133e-06,6.5026262605296812e-08,-0.99999999999375977],"tangents":[0.99999999999376188,2.2968354949408441e-13,-3.5321659325065057e-06,-0,0.99999999999999789,6.5026262605702461e-08],"ln":6.7427664643608916,"lt":[2.0228299423450866,-3.4960652478435685e-05],"lt_start":[1.9649769308164446,-3.7763426141056183e-05],"q":0.00067427664643608903,"ut":[125.00518802826116,-0.002662556000591561],"gn":0.00067427664643608914,"gt":[0.00057853011528641979,2.8027736626204976e-08],"b":2.0228299389830067,"constant_n":10000000000,"constant_t":100,"mu":0.29999999999999999,"normal_mode":1,"tangent_mode":1,"normal_inverse_stiffness":0.0001,"tangent_inverse_stiffness":0.01,"p0":0,"beta":0,"iwan":1,"rn":3.2526070725680256e-10,"rt":[3.820916028018928e-09,8.1240815294200615e-06]}
MORTAR_OBSERVER {"kind":"LAW","call_id":36,"pair":0,"slot":8,"node":24,"activity":0,"ndof":3,"normal":[-3.944632004399885e-06,3.9762070852080187e-07,-0.99999999999214095],"tangents":[0.99999999999222,1.5684673724555161e-12,-3.9446320043995733e-06,-2.0194839173657902e-28,0.99999999999992106,3.9762070852389545e-07],"ln":-1.7763589168790025e-15,"lt":[5.5510450523466212e-16,2.8222424928661356e-16],"lt_start":[0.11738743756283353,-2.835967879527118e-06],"q":-0.017192803533018591,"ut":[125.00595146224778,-0.0033350290176751103],"gn":-1.7763589168790025e-19,"gt":[-0.0011738743756283298,2.8359678798093422e-08],"b":-51578410.599055775,"constant_n":10000000000,"constant_t":100,"mu":0.29999999999999999,"normal_mode":1,"tangent_mode":1,"normal_inverse_stiffness":0.0001,"tangent_inverse_stiffness":0.01,"p0":0,"beta":0,"iwan":1,"rn":-5.3290767506370075e-16,"rt":[5.5510450523466212e-16,2.8222424928661356e-16]}
MORTAR_OBSERVER {"kind":"POST_RAW_AFTER_ACTIVE_LOOP","call_id":36,"pair":0,"slot":0,"node":1,"activity":2,"lambda_raw":[0.00078574481090688407,-1.0731695881642558e-08,-0.0026191830020538612],"gap":-0.00034922395481353722}
MORTAR_OBSERVER {"kind":"POST_RAW_AFTER_ACTIVE_LOOP","call_id":36,"pair":0,"slot":1,"node":2,"activity":2,"lambda_raw":[0.0089010192260607617,-1.6275042358315841e-07,-0.029670415477058121],"gap":-0.0019780288340221098}
MORTAR_OBSERVER {"kind":"POST_RAW_AFTER_ACTIVE_LOOP","call_id":36,"pair":0,"slot":2,"node":3,"activity":2,"lambda_raw":[0.0065187366057787837,-1.2681272924401419e-07,-0.021729367373164235],"gap":-0.0028972497727059046}
MORTAR_OBSERVER {"kind":"POST_RAW_AFTER_ACTIVE_LOOP","call_id":36,"pair":0,"slot":3,"node":4,"activity":0,"lambda_raw":[0,0,0],"gap":0.015520001756195953}
MORTAR_OBSERVER {"kind":"POST_RAW_AFTER_ACTIVE_LOOP","call_id":36,"pair":0,"slot":4,"node":17,"activity":2,"lambda_raw":[0.0037332414651571671,-9.4601180933940241e-08,-0.012444283867734589],"gap":-0.0012444281652774691}
MORTAR_OBSERVER {"kind":"POST_RAW_AFTER_ACTIVE_LOOP","call_id":36,"pair":0,"slot":5,"node":18,"activity":2,"lambda_raw":[0.0080220017847311715,-1.7639044472067146e-07,-0.026740317509812213],"gap":-0.0026740329264502991}
MORTAR_OBSERVER {"kind":"POST_RAW_AFTER_ACTIVE_LOOP","call_id":36,"pair":0,"slot":6,"node":19,"activity":2,"lambda_raw":[0.0032740842269430941,-7.4879946256232941e-08,-0.010913745775489215],"gap":-0.0021827480292436817}
MORTAR_OBSERVER {"kind":"POST_RAW_AFTER_ACTIVE_LOOP","call_id":36,"pair":0,"slot":7,"node":23,"activity":2,"lambda_raw":[0.0020228054656112647,-3.4522183844564923e-08,-0.0067427714087598374],"gap":-0.00067427664643608903}
MORTAR_OBSERVER {"kind":"POST_RAW_AFTER_ACTIVE_LOOP","call_id":36,"pair":0,"slot":8,"node":24,"activity":0,"lambda_raw":[0,0,0],"gap":0.017192803533018591}
MORTAR_OBSERVER {"kind":"SUMMARY_PRE_OVERRIDE","call_id":36,"ndiverg":14,"flag":1,"keepset":0,"max_n":2.4231918693828902e-08,"max_t":[2.3680023275574058e-08,2.0226448151706425e-05],"lm_t_av":[35.999965032310023,0.00075842998780483502],"nstick":0,"nslip":7,"ninactive":2,"nnogap":0,"nolm":0}
MORTAR_OBSERVER {"kind":"SUMMARY_POST_OVERRIDE","call_id":36,"flag":1}
MORTAR_OBSERVER {"kind":"RETURN","call_id":36}
 Using up to 2 cpu(s) for the stress calculation.

 average force= 5.905732
 time avg. forc= 5.901437
 largest residual force= 0.000001 in node 19 and dof 3
 largest increment of disp= 1.250047e-01
 largest correction to disp= 2.192389e-05 in node 4 and dof 3

MORTAR_OBSERVER {"kind":"PRE_CHECK","call_id":36,"step":2,"inc":4,"cutback":0,"iteration":2,"time":0.5,"dtime":0.125,"ttime":1,"tper":1,"theta":0.375,"dtheta":0.125,"icntrl":0,"nmethod":1,"iexpl":0,"ithermal":0,"uncoupled":0,"mortar":2,"iflagdualquad":2}
 no convergence

MORTAR_OBSERVER {"kind":"POST_CHECK","call_id":36,"step":2,"inc":4,"cutback":0,"iteration":3,"time":0.5,"dtime":0.125,"ttime":1,"tper":1,"theta":0.375,"dtheta":0.125,"icntrl":0,"nmethod":1,"iexpl":0,"ithermal":0,"uncoupled":0,"mortar":2,"iflagdualquad":2}
 iteration 3

 Determining the structure of the matrix:

 Using up to 2 cpu(s) for setting up the structure of the matrix.
 number of equations
 75
 number of nonzero lower triangular matrix elements
 1143

 Using up to 2 cpu(s) for the stress calculation.

 Using up to 2 cpu(s) for the symmetric stiffness/mass contributions.

 Using up to 2 cpu(s) for the stress calculation.

 Using up to 2 cpu(s) for the symmetric stiffness/mass contributions.

 Factoring the system of equations using the unsymmetric spooles solver
 Using 1 cpu for spooles.

MORTAR_OBSERVER {"kind":"BEGIN","call_id":37,"step":2,"inc":4,"cutback":0,"iteration":3,"time":0.5,"dtime":0.125,"ttime":1,"tper":1,"theta":0.375,"dtheta":0.125,"icntrl":0,"nmethod":1,"iexpl":0,"ithermal":0,"uncoupled":0,"mortar":2,"iflagdualquad":2}
MORTAR_OBSERVER {"kind":"INVENTORY","call_id":37,"pair_count":1,"slave_count":9}
MORTAR_OBSERVER {"kind":"PAIR","call_id":37,"pair":0,"start":0,"end":9}
MORTAR_OBSERVER {"kind":"PRE_RAW","call_id":37,"pair":0,"slot":0,"node":1,"activity":2,"lambda_raw":[0.00078574635540904424,-2.1674545302021801e-08,-0.0026191881599973467],"lambda_start":[0.00071555446117149419,-1.8405809039911628e-08,-0.0023852155547876004],"ddtil_count":1}
MORTAR_OBSERVER {"kind":"DDTIL","call_id":37,"pair":0,"column_slot":0,"source_slot":0,"destination_slot":0,"entry":0,"value":1333.3330465856498}
MORTAR_OBSERVER {"kind":"PRE_RAW","call_id":37,"pair":0,"slot":1,"node":2,"activity":2,"lambda_raw":[0.0089010245407248213,-1.5501455144545786e-07,-0.029670433219220478],"lambda_start":[0.0089702374930906124,-1.2324428400465192e-07,-0.029901149689733387],"ddtil_count":1}
MORTAR_OBSERVER {"kind":"DDTIL","call_id":37,"pair":0,"column_slot":1,"source_slot":1,"destination_slot":1,"entry":1,"value":666.66770134129331}
MORTAR_OBSERVER {"kind":"PRE_RAW","call_id":37,"pair":0,"slot":2,"node":3,"activity":2,"lambda_raw":[0.0065187342506695441,-1.2785921814286092e-07,-0.021729359546131758],"lambda_start":[0.0065089177627011881,-1.0537640864248566e-07,-0.021696628740817424],"ddtil_count":1}
MORTAR_OBSERVER {"kind":"DDTIL","call_id":37,"pair":0,"column_slot":2,"source_slot":2,"destination_slot":2,"entry":2,"value":1333.3349398974974}
MORTAR_OBSERVER {"kind":"PRE_RAW","call_id":37,"pair":0,"slot":3,"node":4,"activity":0,"lambda_raw":[1.9455291141024913e-23,2.922264138733538e-23,6.9880229404497643e-24],"lambda_start":[7.9730679419688327e-05,-1.7603341620339893e-09,-0.00026577365787233963],"ddtil_count":1}
MORTAR_OBSERVER {"kind":"DDTIL","call_id":37,"pair":0,"column_slot":3,"source_slot":3,"destination_slot":3,"entry":3,"value":666.66655928276168}
MORTAR_OBSERVER {"kind":"PRE_RAW","call_id":37,"pair":0,"slot":4,"node":17,"activity":2,"lambda_raw":[0.0037332453705839286,-9.0633048752858385e-08,-0.012444296906297253],"lambda_start":[0.0037628503294857571,-8.4996953477166804e-08,-0.012542982981583514],"ddtil_count":1}
MORTAR_OBSERVER {"kind":"DDTIL","call_id":37,"pair":0,"column_slot":4,"source_slot":4,"destination_slot":4,"entry":4,"value":1000.0007885188077}
MORTAR_OBSERVER {"kind":"PRE_RAW","call_id":37,"pair":0,"slot":5,"node":18,"activity":2,"lambda_raw":[0.008022003353795739,-1.7061031569237603e-07,-0.026740322774238993],"lambda_start":[0.0080659053000174084,-1.4908709639315727e-07,-0.02688666266991703],"ddtil_count":1}
MORTAR_OBSERVER {"kind":"DDTIL","call_id":37,"pair":0,"column_slot":5,"source_slot":5,"destination_slot":5,"entry":5,"value":1000.0014017076035}
MORTAR_OBSERVER {"kind":"PRE_RAW","call_id":37,"pair":0,"slot":6,"node":19,"activity":2,"lambda_raw":[0.0032740827143940797,-8.4970691179985877e-08,-0.010913740760206087],"lambda_start":[0.0032112473751035064,-7.7965949005329331e-08,-0.010704292514782233],"ddtil_count":1}
MORTAR_OBSERVER {"kind":"DDTIL","call_id":37,"pair":0,"column_slot":6,"source_slot":6,"destination_slot":6,"entry":6,"value":2000.0009613006148}
MORTAR_OBSERVER {"kind":"PRE_RAW","call_id":37,"pair":0,"slot":7,"node":23,"activity":2,"lambda_raw":[0.0020228004996520653,-4.2632582577263953e-08,-0.0067427548670019452],"lambda_start":[0.0019649531540870827,-3.7337495914015698e-08,-0.0065499366828404354],"ddtil_count":1}
MORTAR_OBSERVER {"kind":"DDTIL","call_id":37,"pair":0,"column_slot":7,"source_slot":7,"destination_slot":7,"entry":7,"value":1000.0003263542729}
MORTAR_OBSERVER {"kind":"PRE_RAW","call_id":37,"pair":0,"slot":8,"node":24,"activity":0,"lambda_raw":[1.3287832764830875e-23,-3.2346078961401055e-23,4.2351658214600397e-24],"lambda_start":[0.00011738592413466048,-2.6803823338343614e-09,-0.00039129318223597877],"ddtil_count":1}
MORTAR_OBSERVER {"kind":"DDTIL","call_id":37,"pair":0,"column_slot":8,"source_slot":8,"destination_slot":8,"entry":8,"value":999.99974376716659}
MORTAR_OBSERVER {"kind":"LAW","call_id":37,"pair":0,"slot":0,"node":1,"activity":2,"ndof":3,"normal":[-3.5350530054027954e-06,3.2063660798518737e-07,-0.99999999999370037],"tangents":[0.99999999999375178,1.133467404707277e-12,-3.5350530054026142e-06,-0,0.99999999999994871,3.2063660798719087e-07],"ln":3.4922464253798347,"lt":[1.0476739271838795,-3.0019130756491387e-05],"lt_start":[0.95408365218791624,-2.5560789789163959e-05],"q":0.00034922464253798346,"ut":[166.67203963729591,-0.0047756923603772053],"gn":0.00034922464253798346,"gt":[0.00093590274995963287,-4.4583409673274287e-08],"b":1.0476739276139504,"constant_n":10000000000,"constant_t":100,"mu":0.29999999999999999,"normal_mode":1,"tangent_mode":1,"normal_inverse_stiffness":0.0001,"tangent_inverse_stiffness":0.01,"p0":0,"beta":0,"iwan":1,"rn":0,"rt":[0,3.0036093241498502e-14]}
MORTAR_OBSERVER {"kind":"LAW","call_id":37,"pair":0,"slot":1,"node":2,"activity":2,"ndof":3,"normal":[-3.2597784495992912e-06,7.4623270274952817e-08,-0.99999999999468425],"tangents":[0.99999999999468692,2.4325532828220697e-13,-3.2597784495992823e-06,-0,0.99999999999999734,7.4623270275349294e-08],"ln":19.780300168336534,"lt":[5.9340900495752011,-0.00010481926681567585],"lt_start":[5.9802325908222,-8.3650533546086856e-05],"q":0.0019780300168336534,"ut":[83.336481873768761,-0.0014722684340019842],"gn":0.0019780300168336534,"gt":[-0.00046142541246998905,-2.1168733269588994e-07],"b":5.9340900505009602,"constant_n":10000000000,"constant_t":100,"mu":0.29999999999999999,"normal_mode":1,"tangent_mode":1,"normal_inverse_stiffness":0.0001,"tangent_inverse_stiffness":0.01,"p0":0,"beta":0,"iwan":1,"rn":0,"rt":[0,-2.9491234215979489e-14]}
MORTAR_OBSERVER {"kind":"LAW","call_id":37,"pair":0,"slot":2,"node":3,"activity":2,"ndof":3,"normal":[-3.1079566781331492e-06,5.3282865069562185e-08,-0.99999999999516886],"tangents":[0.99999999999517031,1.6560083632381309e-13,-3.1079566781331446e-06,-0,0.99999999999999856,5.3282865069819524e-08],"ln":28.9724872910129,"lt":[8.6917461856015699,-0.00017202290150826981],"lt_start":[8.6786573835716112,-0.00014204346073011404],"q":0.0028972487291012905,"ut":[166.67147516572126,-0.0032989796718291406],"gn":0.00289724872910129,"gt":[0.00013088802029958657,-2.9979440778155774e-07],"b":8.6917461886049114,"constant_n":10000000000,"constant_t":100,"mu":0.29999999999999999,"normal_mode":1,"tangent_mode":1,"normal_inverse_stiffness":0.0001,"tangent_inverse_stiffness":0.01,"p0":0,"beta":0,"iwan":1,"rn":-1.3010410526703708e-09,"rt":[-1.301046381740889e-09,3.2729027821254419e-14]}
MORTAR_OBSERVER {"kind":"LAW","call_id":37,"pair":0,"slot":3,"node":4,"activity":0,"ndof":3,"normal":[-4.0028067746000985e-06,1.232008031931481e-07,-0.99999999999198119],"tangents":[0.99999999999198874,4.9314900966165737e-13,-4.0028067746000689e-06,1.0097419586828951e-28,0.99999999999999245,1.2320080319413507e-07],"ln":-4.6587307268655121e-21,"lt":[1.2970173356936467e-20,1.9481758360802028e-20],"lt_start":[0.053154486944525944,-1.19538493422011e-06],"q":-0.015520184856733576,"ut":[83.337500630236477,-0.0019830162070077939],"gn":-4.6587307268655124e-25,"gt":[-0.0005315448694452595,1.1953849342201295e-08],"b":-46560554.570200726,"constant_n":10000000000,"constant_t":100,"mu":0.29999999999999999,"normal_mode":1,"tangent_mode":1,"normal_inverse_stiffness":0.0001,"tangent_inverse_stiffness":0.01,"p0":0,"beta":0,"iwan":1,"rn":-1.3976192180596537e-21,"rt":[1.2970173356936467e-20,1.9481758360802028e-20]}
MORTAR_OBSERVER {"kind":"LAW","call_id":37,"pair":0,"slot":4,"node":17,"activity":2,"ndof":3,"normal":[-3.2217138260378725e-06,2.1927901749438891e-08,-0.99999999999481004],"tangents":[0.99999999999481026,7.064542424253397e-14,-3.2217138260378721e-06,-0,0.99999999999999978,2.1927901749552691e-08],"ln":12.444294691335129,"lt":[3.7332884062937537,-9.0905997753794364e-05],"lt_start":[3.7628937064780392,-8.5272062014204908e-05],"q":0.0012444294691335133,"ut":[125.00487865610663,-0.0030439465749345644],"gn":0.0012444294691335129,"gt":[-0.00029605300184285536,-5.6339357395894568e-08],"b":3.733288408701581,"constant_n":10000000000,"constant_t":100,"mu":0.29999999999999999,"normal_mode":1,"tangent_mode":1,"normal_inverse_stiffness":0.0001,"tangent_inverse_stiffness":0.01,"p0":0,"beta":0,"iwan":1,"rn":-1.3010423849380004e-09,"rt":[-1.3010419408487905e-09,-6.7694737619292122e-15]}
MORTAR_OBSERVER {"kind":"LAW","call_id":37,"pair":0,"slot":5,"node":18,"activity":2,"ndof":3,"normal":[-3.2070831221132446e-06,8.7168538276457733e-08,-0.99999999999485356],"tangents":[0.99999999999485734,2.7955674788714763e-13,-3.2070831221132328e-06,-0,0.99999999999999623,8.7168538276906012e-08],"ln":26.740334528932632,"lt":[8.0221003568156384,-0.00017294147295469626],"lt_start":[8.0660028338996419,-0.00015143097973889578],"q":0.0026740334528932634,"ut":[125.0042051966871,-0.002695081328869202],"gn":0.0026740334528932634,"gt":[-0.00043902477084003524,-2.151049321580048e-07],"b":8.0221003586797899,"constant_n":10000000000,"constant_t":100,"mu":0.29999999999999999,"normal_mode":1,"tangent_mode":1,"normal_inverse_stiffness":0.0001,"tangent_inverse_stiffness":0.01,"p0":0,"beta":0,"iwan":1,"rn":0,"rt":[-5.3290705182007514e-15,-9.7606113729636901e-15]}
MORTAR_OBSERVER {"kind":"LAW","call_id":37,"pair":0,"slot":6,"node":19,"activity":2,"ndof":3,"normal":[-3.321504798977729e-06,1.8695949468617249e-07,-0.99999999999446632],"tangents":[0.99999999999448386,6.2098685881799874e-13,-3.321504798977671e-06,-1.0097419586828951e-28,0.99999999999998257,1.869594946872038e-07],"ln":21.827470261871969,"lt":[6.5482410762492318,-0.00017402232091916117],"lt_start":[6.4225689458977548,-0.00015993451312228731],"q":0.002182747026187197,"ut":[250.00986647384244,-0.0066442271329862513],"gn":0.002182747026187197,"gt":[0.0012567213035147694,-1.4087807796873855e-07],"b":6.548241078561591,"constant_n":10000000000,"constant_t":100,"mu":0.29999999999999999,"normal_mode":1,"tangent_mode":1,"normal_inverse_stiffness":0.0001,"tangent_inverse_stiffness":0.01,"p0":0,"beta":0,"iwan":1,"rn":0,"rt":[8.8817841970012523e-16,3.8483322431503986e-14]}
MORTAR_OBSERVER {"kind":"LAW","call_id":37,"pair":0,"slot":7,"node":23,"activity":2,"ndof":3,"normal":[-3.5321659325065133e-06,6.5026262605296812e-08,-0.99999999999375977],"tangents":[0.99999999999376188,2.2968354949408441e-13,-3.5321659325065057e-06,-0,0.99999999999999789,6.5026262605702461e-08],"ln":6.7427499226146139,"lt":[2.0228249763258384,-4.3071052782348941e-05],"lt_start":[1.9649769308164446,-3.7763426141056183e-05],"q":0.00067427499226146135,"ut":[125.00518822604906,-0.0026617169423752674],"gn":0.00067427499226146146,"gt":[0.00057848045509393707,-5.3076266412927586e-08],"b":2.0228249764591233,"constant_n":10000000000,"constant_t":100,"mu":0.29999999999999999,"normal_mode":1,"tangent_mode":1,"normal_inverse_stiffness":0.0001,"tangent_inverse_stiffness":0.01,"p0":0,"beta":0,"iwan":1,"rn":3.2526070725680256e-10,"rt":[3.2526070725680256e-10,1.3546902857299037e-14]}
MORTAR_OBSERVER {"kind":"LAW","call_id":37,"pair":0,"slot":8,"node":24,"activity":0,"ndof":3,"normal":[-3.944632004399885e-06,3.9762070852080187e-07,-0.99999999999214095],"tangents":[0.99999999999222,1.5684673724555161e-12,-3.9446320043995733e-06,-2.0194839173657902e-28,0.99999999999992106,3.9762070852389545e-07],"ln":-4.2352300133027192e-21,"lt":[1.328781265373136e-20,-3.234606898928184e-20],"lt_start":[0.11738743756283353,-2.835967879527118e-06],"q":-0.017192899736764768,"ut":[125.00595133549199,-0.0033339288677705341],"gn":-4.2352300133027198e-25,"gt":[-0.0011738743756283354,2.835967879527086e-08],"b":-51578699.210294299,"constant_n":10000000000,"constant_t":100,"mu":0.29999999999999999,"normal_mode":1,"tangent_mode":1,"normal_inverse_stiffness":0.0001,"tangent_inverse_stiffness":0.01,"p0":0,"beta":0,"iwan":1,"rn":-1.2705690039908157e-21,"rt":[1.328781265373136e-20,-3.234606898928184e-20]}
MORTAR_OBSERVER {"kind":"POST_RAW_AFTER_ACTIVE_LOOP","call_id":37,"pair":0,"slot":0,"node":1,"activity":2,"lambda_raw":[0.00078574635540904424,-2.1674545302021801e-08,-0.0026191881599973467],"gap":-0.00034922464253798346}
MORTAR_OBSERVER {"kind":"POST_RAW_AFTER_ACTIVE_LOOP","call_id":37,"pair":0,"slot":1,"node":2,"activity":2,"lambda_raw":[0.0089010245407248213,-1.5501455144545786e-07,-0.029670433219220478],"gap":-0.0019780300168336534}
MORTAR_OBSERVER {"kind":"POST_RAW_AFTER_ACTIVE_LOOP","call_id":37,"pair":0,"slot":2,"node":3,"activity":2,"lambda_raw":[0.0065187342506695441,-1.2785921814286092e-07,-0.021729359546131758],"gap":-0.0028972487291012905}
MORTAR_OBSERVER {"kind":"POST_RAW_AFTER_ACTIVE_LOOP","call_id":37,"pair":0,"slot":3,"node":4,"activity":0,"lambda_raw":[0,0,0],"gap":0.015520184856733576}
MORTAR_OBSERVER {"kind":"POST_RAW_AFTER_ACTIVE_LOOP","call_id":37,"pair":0,"slot":4,"node":17,"activity":2,"lambda_raw":[0.0037332453705839286,-9.0633048752858385e-08,-0.012444296906297253],"gap":-0.0012444294691335133}
MORTAR_OBSERVER {"kind":"POST_RAW_AFTER_ACTIVE_LOOP","call_id":37,"pair":0,"slot":5,"node":18,"activity":2,"lambda_raw":[0.008022003353795739,-1.7061031569237603e-07,-0.026740322774238993],"gap":-0.0026740334528932634}
MORTAR_OBSERVER {"kind":"POST_RAW_AFTER_ACTIVE_LOOP","call_id":37,"pair":0,"slot":6,"node":19,"activity":2,"lambda_raw":[0.0032740827143940797,-8.4970691179985877e-08,-0.010913740760206087],"gap":-0.002182747026187197}
MORTAR_OBSERVER {"kind":"POST_RAW_AFTER_ACTIVE_LOOP","call_id":37,"pair":0,"slot":7,"node":23,"activity":2,"lambda_raw":[0.0020228004996520653,-4.2632582577263953e-08,-0.0067427548670019452],"gap":-0.00067427499226146135}
MORTAR_OBSERVER {"kind":"POST_RAW_AFTER_ACTIVE_LOOP","call_id":37,"pair":0,"slot":8,"node":24,"activity":0,"lambda_raw":[0,0,0],"gap":0.017192899736764768}
MORTAR_OBSERVER {"kind":"SUMMARY_PRE_OVERRIDE","call_id":37,"ndiverg":14,"flag":0,"keepset":0,"max_n":1.3010423849380004e-09,"max_t":[1.301046381740889e-09,3.8483322431503986e-14],"lm_t_av":[35.999964978045107,0.00078780214349043773],"nstick":0,"nslip":7,"ninactive":2,"nnogap":0,"nolm":0}
MORTAR_OBSERVER {"kind":"SUMMARY_POST_OVERRIDE","call_id":37,"flag":0}
MORTAR_OBSERVER {"kind":"RETURN","call_id":37}
 Using up to 2 cpu(s) for the stress calculation.

 average force= 5.905732
 time avg. forc= 5.901437
 largest residual force= 0.000000 in node 19 and dof 1
 largest increment of disp= 1.250047e-01
 largest correction to disp= 8.418128e-10 in node 1 and dof 2

MORTAR_OBSERVER {"kind":"PRE_CHECK","call_id":37,"step":2,"inc":4,"cutback":0,"iteration":3,"time":0.5,"dtime":0.125,"ttime":1,"tper":1,"theta":0.375,"dtheta":0.125,"icntrl":0,"nmethod":1,"iexpl":0,"ithermal":0,"uncoupled":0,"mortar":2,"iflagdualquad":2}
 convergence; the increment size is increased to 1.875000e-01

 the increment size exceeds the maximum allowed and is decreased to 1.250000e-01

MORTAR_OBSERVER {"kind":"POST_CHECK","call_id":37,"step":2,"inc":4,"cutback":0,"iteration":3,"time":0.5,"dtime":0.125,"ttime":1,"tper":1,"theta":0.5,"dtheta":0.125,"icntrl":1,"nmethod":1,"iexpl":0,"ithermal":0,"uncoupled":0,"mortar":2,"iflagdualquad":2}
 Using up to 2 cpu(s) for the stress calculation.

 increment 5 attempt 1 
 increment size= 1.250000e-01
 sum of previous increments=5.000000e-01
 actual step time=6.250000e-01
 actual total time=1.625000e+00

 iteration 1

 Determining the structure of the matrix:

 Using up to 2 cpu(s) for setting up the structure of the matrix.
 number of equations
 75
 number of nonzero lower triangular matrix elements
 1143

 Using up to 2 cpu(s) for the stress calculation.

 Using up to 2 cpu(s) for the symmetric stiffness/mass contributions.

 Using up to 2 cpu(s) for the stress calculation.

 Using up to 2 cpu(s) for the symmetric stiffness/mass contributions.

 Factoring the system of equations using the unsymmetric spooles solver
 Using 1 cpu for spooles.

MORTAR_OBSERVER {"kind":"BEGIN","call_id":38,"step":2,"inc":5,"cutback":0,"iteration":1,"time":0.625,"dtime":0.125,"ttime":1,"tper":1,"theta":0.5,"dtheta":0.125,"icntrl":0,"nmethod":1,"iexpl":0,"ithermal":0,"uncoupled":0,"mortar":2,"iflagdualquad":2}
MORTAR_OBSERVER {"kind":"INVENTORY","call_id":38,"pair_count":1,"slave_count":9}
MORTAR_OBSERVER {"kind":"PAIR","call_id":38,"pair":0,"start":0,"end":9}
MORTAR_OBSERVER {"kind":"PRE_RAW","call_id":38,"pair":0,"slot":0,"node":1,"activity":2,"lambda_raw":[0.00079041842246733779,-5.7377880607451201e-09,-0.0026347609758498127],"lambda_start":[0.00078574635540904424,-2.1674545302021801e-08,-0.0026191881599973467],"ddtil_count":1}
MORTAR_OBSERVER {"kind":"DDTIL","call_id":38,"pair":0,"column_slot":0,"source_slot":0,"destination_slot":0,"entry":0,"value":1333.3330375915043}
MORTAR_OBSERVER {"kind":"PRE_RAW","call_id":38,"pair":0,"slot":1,"node":2,"activity":2,"lambda_raw":[0.0089047920646736414,-5.3431885327797374e-08,-0.029682985799919025],"lambda_start":[0.0089010245407248213,-1.5501455144545786e-07,-0.029670433219220478],"ddtil_count":1}
MORTAR_OBSERVER {"kind":"DDTIL","call_id":38,"pair":0,"column_slot":1,"source_slot":1,"destination_slot":1,"entry":1,"value":666.66769604519322}
MORTAR_OBSERVER {"kind":"PRE_RAW","call_id":38,"pair":0,"slot":2,"node":3,"activity":2,"lambda_raw":[0.0065186495646816934,-5.0736484984767559e-08,-0.021729075117590275],"lambda_start":[0.0065187342506695441,-1.2785921814286092e-07,-0.021729359546131758],"ddtil_count":1}
MORTAR_OBSERVER {"kind":"DDTIL","call_id":38,"pair":0,"column_slot":2,"source_slot":2,"destination_slot":2,"entry":2,"value":1333.3349295915541}
MORTAR_OBSERVER {"kind":"PRE_RAW","call_id":38,"pair":0,"slot":3,"node":4,"activity":0,"lambda_raw":[8.3266740928247384e-20,-3.831123256779783e-19,1.6653348185649477e-18],"lambda_start":[0,0,0],"ddtil_count":1}
MORTAR_OBSERVER {"kind":"DDTIL","call_id":38,"pair":0,"column_slot":3,"source_slot":3,"destination_slot":3,"entry":3,"value":666.6665539256893}
MORTAR_OBSERVER {"kind":"PRE_RAW","call_id":38,"pair":0,"slot":4,"node":17,"activity":2,"lambda_raw":[0.0037226265695730816,-2.5268669449380985e-08,-0.012408898591724622],"lambda_start":[0.0037332453705839286,-9.0633048752858385e-08,-0.012444296906297253],"ddtil_count":1}
MORTAR_OBSERVER {"kind":"DDTIL","call_id":38,"pair":0,"column_slot":4,"source_slot":4,"destination_slot":4,"entry":4,"value":1000.000784645608}
MORTAR_OBSERVER {"kind":"PRE_RAW","call_id":38,"pair":0,"slot":5,"node":18,"activity":2,"lambda_raw":[0.0080258387972920973,-5.2744518870801809e-08,-0.026753103297181655],"lambda_start":[0.008022003353795739,-1.7061031569237603e-07,-0.026740322774238993],"ddtil_count":1}
MORTAR_OBSERVER {"kind":"DDTIL","call_id":38,"pair":0,"column_slot":5,"source_slot":5,"destination_slot":5,"entry":5,"value":1000.0013950815936}
MORTAR_OBSERVER {"kind":"PRE_RAW","call_id":38,"pair":0,"slot":6,"node":19,"activity":2,"lambda_raw":[0.0032738855912099627,-1.9447564864427189e-08,-0.010913081187711761],"lambda_start":[0.0032740827143940797,-8.4970691179985877e-08,-0.010913740760206087],"ddtil_count":1}
MORTAR_OBSERVER {"kind":"DDTIL","call_id":38,"pair":0,"column_slot":6,"source_slot":6,"destination_slot":6,"entry":6,"value":2000.0009467463578}
MORTAR_OBSERVER {"kind":"PRE_RAW","call_id":38,"pair":0,"slot":7,"node":23,"activity":2,"lambda_raw":[0.0020213566440663521,-1.3975071863587755e-08,-0.0067379397536918859],"lambda_start":[0.0020228004996520653,-4.2632582577263953e-08,-0.0067427548670019452],"ddtil_count":1}
MORTAR_OBSERVER {"kind":"DDTIL","call_id":38,"pair":0,"column_slot":7,"source_slot":7,"destination_slot":7,"entry":7,"value":1000.0003173782241}
MORTAR_OBSERVER {"kind":"PRE_RAW","call_id":38,"pair":0,"slot":8,"node":24,"activity":0,"lambda_raw":[-1.3877791515033215e-19,3.9016084390566146e-19,8.8817865696212578e-19],"lambda_start":[0,0,0],"ddtil_count":1}
MORTAR_OBSERVER {"kind":"DDTIL","call_id":38,"pair":0,"column_slot":8,"source_slot":8,"destination_slot":8,"entry":8,"value":999.99973286680699}
MORTAR_OBSERVER {"kind":"LAW","call_id":38,"pair":0,"slot":0,"node":1,"activity":2,"ndof":3,"normal":[-3.4369128054362138e-06,2.5376875698881336e-07,-0.99999999999406164],"tangents":[0.99999999999409384,8.7218109051963449e-13,-3.4369128054361032e-06,1.0097419586828951e-28,0.9999999999999678,2.5376875699031213e-07],"ln":3.5130102331031239,"lt":[1.053903070112741,-8.5418755434277231e-06],"lt_start":[1.0476735773869141,-2.9785611294303324e-05],"q":0.00035130102331031097,"ut":[166.66933116991751,-0.0013302217632285239],"gn":0.00035130102331031238,"gt":[6.229492725826847e-05,2.1243735750875603e-07],"b":1.0539030657025488,"constant_n":10000000000,"constant_t":100,"mu":0.29999999999999999,"normal_mode":1,"tangent_mode":1,"normal_inverse_stiffness":0.0001,"tangent_inverse_stiffness":0.01,"p0":0,"beta":0,"iwan":1,"rn":4.2283883061600136e-09,"rt":[4.4437695745358496e-09,-1.2910663413019435e-07]}
MORTAR_OBSERVER {"kind":"LAW","call_id":38,"pair":0,"slot":1,"node":2,"activity":2,"ndof":3,"normal":[-3.2043742295411945e-06,5.7713441426751478e-08,-0.99999999999486433],"tangents":[0.999999999994866,1.8493546440696708e-13,-3.204374229541189e-06,-0,0.99999999999999833,5.7713441427047781e-08],"ln":19.78866873198367,"lt":[5.9366006198480958,-3.6763385158498418e-05],"lt_start":[5.9340889065218692,-0.00010448478416812079],"q":0.001978866873198367,"ut":[83.334810839095397,-0.00051496340644826633],"gn":0.001978866873198367,"gt":[2.5117133262266833e-05,6.7721399009622377e-07],"b":5.9366006195951009,"constant_n":10000000000,"constant_t":100,"mu":0.29999999999999999,"normal_mode":1,"tangent_mode":1,"normal_inverse_stiffness":0.0001,"tangent_inverse_stiffness":0.01,"p0":0,"beta":0,"iwan":1,"rn":0,"rt":[3.66639163473792e-10,-3.0174752320542722e-08]}
MORTAR_OBSERVER {"kind":"LAW","call_id":38,"pair":0,"slot":2,"node":3,"activity":2,"ndof":3,"normal":[-3.080931437551529e-06,3.7311316890611327e-08,-0.99999999999525324],"tangents":[0.99999999999525391,1.1495360918527738e-13,-3.0809314375515269e-06,-0,0.99999999999999933,3.731131689078841e-08],"ln":28.972108063813213,"lt":[8.6916324194766776,-6.872971613898054e-05],"lt_start":[8.691745335430733,-0.00017156016427412332],"q":0.0028972108063813188,"ut":[166.66954883440988,-0.00131692647943974],"gn":0.0028972108063813214,"gt":[-1.1291595405538146e-06,1.0283044813514278e-06],"b":8.6916324113377073,"constant_n":10000000000,"constant_t":100,"mu":0.29999999999999999,"normal_mode":1,"tangent_mode":1,"normal_inverse_stiffness":0.0001,"tangent_inverse_stiffness":0.01,"p0":0,"beta":0,"iwan":1,"rn":7.8062569741632615e-09,"rt":[8.4107121267606999e-09,1.6586004173823471e-10]}
MORTAR_OBSERVER {"kind":"LAW","call_id":38,"pair":0,"slot":3,"node":4,"activity":0,"ndof":3,"normal":[-3.841595920050807e-06,1.2249569394155217e-07,-0.99999999999261358],"tangents":[0.99999999999262112,4.7057895807313162e-13,-3.8415959200507782e-06,-0,0.99999999999999256,1.2249569394245606e-07],"ln":-1.1102232691547698e-15,"lt":[5.5506886202486292e-17,-2.5540803792865242e-16],"lt_start":[0,0],"q":-0.020364263324974548,"ut":[83.334697014880177,-0.00052058682571739026],"gn":-1.1102232691547698e-19,"gt":[5.5506886202486294e-19,-2.5540803792865245e-18],"b":-61092789.97492364,"constant_n":10000000000,"constant_t":100,"mu":0.29999999999999999,"normal_mode":1,"tangent_mode":1,"normal_inverse_stiffness":0.0001,"tangent_inverse_stiffness":0.01,"p0":0,"beta":0,"iwan":1,"rn":-3.3306698074643094e-16,"rt":[5.5506886202486292e-17,-2.5540803792865242e-16]}
MORTAR_OBSERVER {"kind":"LAW","call_id":38,"pair":0,"slot":4,"node":17,"activity":2,"ndof":3,"normal":[-3.1797584046984866e-06,1.4855881374931894e-08,-0.99999999999494449],"tangents":[0.9999999999949446,4.7238113661382209e-14,-3.1797584046984866e-06,-0,1,1.4855881375006997e-08],"ln":12.408896491186882,"lt":[3.7226689478274002,-2.5453034546450233e-05],"lt_start":[3.7332878697283656,-9.0817991011375563e-05],"q":0.0012408896491186878,"ut":[125.00212492499413,-0.00086020612718847088],"gn":0.0012408896491186883,"gt":[-0.00010618921900965362,6.5364956464925339e-07],"b":3.722668946055022,"constant_n":10000000000,"constant_t":100,"mu":0.29999999999999999,"normal_mode":1,"tangent_mode":1,"normal_inverse_stiffness":0.0001,"tangent_inverse_stiffness":0.01,"p0":0,"beta":0,"iwan":1,"rn":1.3010423849380004e-09,"rt":[1.8606560736600386e-09,1.840207181074972e-07]}
MORTAR_OBSERVER {"kind":"LAW","call_id":38,"pair":0,"slot":5,"node":18,"activity":2,"ndof":3,"normal":[-3.1615166976375122e-06,6.6376170201733026e-08,-0.99999999999500022],"tangents":[0.99999999999500244,2.0984937041905721e-13,-3.1615166976375054e-06,-2.5243548967072378e-29,0.99999999999999789,6.6376170202064745e-08],"ln":26.753115245947608,"lt":[8.0259345744527515,-5.452036346893829e-05],"lt_start":[8.0220990851997627,-0.00017238547639956636],"q":0.002675311524594761,"ut":[125.00216843828815,-0.0008470509373369224],"gn":0.002675311524594761,"gt":[3.8354892529888219e-05,1.1786511293062809e-06],"b":8.0259345737842818,"constant_n":10000000000,"constant_t":100,"mu":0.29999999999999999,"normal_mode":1,"tangent_mode":1,"normal_inverse_stiffness":0.0001,"tangent_inverse_stiffness":0.01,"p0":0,"beta":0,"iwan":1,"rn":0,"rt":[8.5325169152383751e-10,-5.8572482912697143e-08]}
MORTAR_OBSERVER {"kind":"LAW","call_id":38,"pair":0,"slot":6,"node":19,"activity":2,"ndof":3,"normal":[-3.2589220840073822e-06,1.4553983441470624e-07,-0.99999999999467915],"tangents":[0.99999999999468969,4.7430298047938252e-13,-3.2589220840073475e-06,-1.0097419586828951e-28,0.99999999999998945,1.4553983441547911e-07],"ln":21.826151368535385,"lt":[6.5478454117206599,-4.2071725702515575e-05],"lt_start":[6.5482396625745096,-0.00017311823235564687],"q":0.0021826151368535386,"ut":[250.0040920954003,-0.0016052243494046852],"gn":0.0021826151368535386,"gt":[-3.9425085384969807e-06,1.310465066531313e-06],"b":6.5478454105606154,"constant_n":10000000000,"constant_t":100,"mu":0.29999999999999999,"normal_mode":1,"tangent_mode":1,"normal_inverse_stiffness":0.0001,"tangent_inverse_stiffness":0.01,"p0":0,"beta":0,"iwan":1,"rn":0,"rt":[1.2952385830544699e-09,4.9500568540515079e-09]}
MORTAR_OBSERVER {"kind":"LAW","call_id":38,"pair":0,"slot":7,"node":23,"activity":2,"ndof":3,"normal":[-3.4423996152416837e-06,6.1039622865194751e-08,-0.99999999999407307],"tangents":[0.99999999999407496,2.1012277426688887e-13,-3.4423996152416774e-06,2.5243548967072378e-29,0.99999999999999811,6.1039622865556421e-08],"ln":6.7379349338069083,"lt":[2.0213804802775344,-1.4386357730959139e-05],"lt_start":[2.0228243528970373,-4.3044171452698925e-05],"q":0.00067379349338069069,"ut":[125.00205094542461,-0.00089058660848436008],"gn":0.00067379349338069091,"gt":[-1.4438726195029616e-05,2.8657813721739787e-07],"b":2.0213804794915511,"constant_n":10000000000,"constant_t":100,"mu":0.29999999999999999,"normal_mode":1,"tangent_mode":1,"normal_inverse_stiffness":0.0001,"tangent_inverse_stiffness":0.01,"p0":0,"beta":0,"iwan":1,"rn":6.5052141451360512e-10,"rt":[8.3731821476362711e-10,1.9750394764178356e-08]}
MORTAR_OBSERVER {"kind":"LAW","call_id":38,"pair":0,"slot":8,"node":24,"activity":0,"ndof":3,"normal":[-3.7801396305373441e-06,3.2901742581461784e-07,-0.9999999999928012],"tangents":[0.99999999999285527,1.2437318104681036e-12,-3.7801396305371396e-06,-0,0.99999999999994593,3.2901742581696857e-07],"ln":-8.8817776672429244e-16,"lt":[-1.3878123551511109e-16,3.9016103190690565e-16],"lt_start":[0,0],"q":-0.023273359714963721,"ut":[125.00201326953344,-0.00088659099899592269],"gn":-8.8817776672429254e-20,"gt":[-1.387812355151111e-18,3.9016103190690564e-18],"b":-69820079.144891158,"constant_n":10000000000,"constant_t":100,"mu":0.29999999999999999,"normal_mode":1,"tangent_mode":1,"normal_inverse_stiffness":0.0001,"tangent_inverse_stiffness":0.01,"p0":0,"beta":0,"iwan":1,"rn":-2.664533300172877e-16,"rt":[-1.3878123551511109e-16,3.9016103190690565e-16]}
MORTAR_OBSERVER {"kind":"POST_RAW_AFTER_ACTIVE_LOOP","call_id":38,"pair":0,"slot":0,"node":1,"activity":2,"lambda_raw":[0.00079041842246733779,-5.7377880607451201e-09,-0.0026347609758498127],"gap":-0.00035130102331031097}
MORTAR_OBSERVER {"kind":"POST_RAW_AFTER_ACTIVE_LOOP","call_id":38,"pair":0,"slot":1,"node":2,"activity":2,"lambda_raw":[0.0089047920646736414,-5.3431885327797374e-08,-0.029682985799919025],"gap":-0.001978866873198367}
MORTAR_OBSERVER {"kind":"POST_RAW_AFTER_ACTIVE_LOOP","call_id":38,"pair":0,"slot":2,"node":3,"activity":2,"lambda_raw":[0.0065186495646816934,-5.0736484984767559e-08,-0.021729075117590275],"gap":-0.0028972108063813188}
MORTAR_OBSERVER {"kind":"POST_RAW_AFTER_ACTIVE_LOOP","call_id":38,"pair":0,"slot":3,"node":4,"activity":0,"lambda_raw":[0,0,0],"gap":0.020364263324974548}
MORTAR_OBSERVER {"kind":"POST_RAW_AFTER_ACTIVE_LOOP","call_id":38,"pair":0,"slot":4,"node":17,"activity":2,"lambda_raw":[0.0037226265695730816,-2.5268669449380985e-08,-0.012408898591724622],"gap":-0.0012408896491186878}
MORTAR_OBSERVER {"kind":"POST_RAW_AFTER_ACTIVE_LOOP","call_id":38,"pair":0,"slot":5,"node":18,"activity":2,"lambda_raw":[0.0080258387972920973,-5.2744518870801809e-08,-0.026753103297181655],"gap":-0.002675311524594761}
MORTAR_OBSERVER {"kind":"POST_RAW_AFTER_ACTIVE_LOOP","call_id":38,"pair":0,"slot":6,"node":19,"activity":2,"lambda_raw":[0.0032738855912099627,-1.9447564864427189e-08,-0.010913081187711761],"gap":-0.0021826151368535386}
MORTAR_OBSERVER {"kind":"POST_RAW_AFTER_ACTIVE_LOOP","call_id":38,"pair":0,"slot":7,"node":23,"activity":2,"lambda_raw":[0.0020213566440663521,-1.3975071863587755e-08,-0.0067379397536918859],"gap":-0.00067379349338069069}
MORTAR_OBSERVER {"kind":"POST_RAW_AFTER_ACTIVE_LOOP","call_id":38,"pair":0,"slot":8,"node":24,"activity":0,"lambda_raw":[0,0,0],"gap":0.023273359714963721}
MORTAR_OBSERVER {"kind":"SUMMARY_PRE_OVERRIDE","call_id":38,"ndiverg":14,"flag":1,"keepset":0,"max_n":7.8062569741632615e-09,"max_t":[8.4107121267606999e-09,1.840207181074972e-07],"lm_t_av":[35.999965523715865,0.00025046645828976993],"nstick":0,"nslip":7,"ninactive":2,"nnogap":0,"nolm":0}
MORTAR_OBSERVER {"kind":"SUMMARY_POST_OVERRIDE","call_id":38,"flag":1}
MORTAR_OBSERVER {"kind":"RETURN","call_id":38}
 Using up to 2 cpu(s) for the stress calculation.

 average force= 5.906547
 time avg. forc= 5.902459
 largest residual force= 0.000000 in node 19 and dof 3
 largest increment of disp= 1.250066e-01
 largest correction to disp= 7.386732e-06 in node 4 and dof 3

MORTAR_OBSERVER {"kind":"PRE_CHECK","call_id":38,"step":2,"inc":5,"cutback":0,"iteration":1,"time":0.625,"dtime":0.125,"ttime":1,"tper":1,"theta":0.5,"dtheta":0.125,"icntrl":0,"nmethod":1,"iexpl":0,"ithermal":0,"uncoupled":0,"mortar":2,"iflagdualquad":2}
 no convergence

MORTAR_OBSERVER {"kind":"POST_CHECK","call_id":38,"step":2,"inc":5,"cutback":0,"iteration":2,"time":0.625,"dtime":0.125,"ttime":1,"tper":1,"theta":0.5,"dtheta":0.125,"icntrl":0,"nmethod":1,"iexpl":0,"ithermal":0,"uncoupled":0,"mortar":2,"iflagdualquad":2}
 iteration 2

 Determining the structure of the matrix:

 Using up to 2 cpu(s) for setting up the structure of the matrix.
 number of equations
 75
 number of nonzero lower triangular matrix elements
 1143

 Using up to 2 cpu(s) for the stress calculation.

 Using up to 2 cpu(s) for the symmetric stiffness/mass contributions.

 Using up to 2 cpu(s) for the stress calculation.

 Using up to 2 cpu(s) for the symmetric stiffness/mass contributions.

 Factoring the system of equations using the unsymmetric spooles solver
 Using 1 cpu for spooles.

MORTAR_OBSERVER {"kind":"BEGIN","call_id":39,"step":2,"inc":5,"cutback":0,"iteration":2,"time":0.625,"dtime":0.125,"ttime":1,"tper":1,"theta":0.5,"dtheta":0.125,"icntrl":0,"nmethod":1,"iexpl":0,"ithermal":0,"uncoupled":0,"mortar":2,"iflagdualquad":2}
MORTAR_OBSERVER {"kind":"INVENTORY","call_id":39,"pair_count":1,"slave_count":9}
MORTAR_OBSERVER {"kind":"PAIR","call_id":39,"pair":0,"start":0,"end":9}
MORTAR_OBSERVER {"kind":"PRE_RAW","call_id":39,"pair":0,"slot":0,"node":1,"activity":2,"lambda_raw":[0.00079041842308315454,-5.6409714405385905e-09,-0.0026347609784409961],"lambda_start":[0.00078574635540904424,-2.1674545302021801e-08,-0.0026191881599973467],"ddtil_count":1}
MORTAR_OBSERVER {"kind":"DDTIL","call_id":39,"pair":0,"column_slot":0,"source_slot":0,"destination_slot":0,"entry":0,"value":1333.3330375915043}
MORTAR_OBSERVER {"kind":"PRE_RAW","call_id":39,"pair":0,"slot":1,"node":2,"activity":2,"lambda_raw":[0.0089047920571806317,-5.3386656554986466e-08,-0.029682985776775243],"lambda_start":[0.0089010245407248213,-1.5501455144545786e-07,-0.029670433219220478],"ddtil_count":1}
MORTAR_OBSERVER {"kind":"DDTIL","call_id":39,"pair":0,"column_slot":1,"source_slot":1,"destination_slot":1,"entry":1,"value":666.66769604519322}
MORTAR_OBSERVER {"kind":"PRE_RAW","call_id":39,"pair":0,"slot":2,"node":3,"activity":2,"lambda_raw":[0.0065186495645846937,-5.073664118804694e-08,-0.021729075118778099],"lambda_start":[0.0065187342506695441,-1.2785921814286092e-07,-0.021729359546131758],"ddtil_count":1}
MORTAR_OBSERVER {"kind":"DDTIL","call_id":39,"pair":0,"column_slot":2,"source_slot":2,"destination_slot":2,"entry":2,"value":1333.3349295915541}
MORTAR_OBSERVER {"kind":"PRE_RAW","call_id":39,"pair":0,"slot":3,"node":4,"activity":0,"lambda_raw":[-4.9630845146326652e-27,3.9704676117061321e-26,0],"lambda_start":[0,0,0],"ddtil_count":1}
MORTAR_OBSERVER {"kind":"DDTIL","call_id":39,"pair":0,"column_slot":3,"source_slot":3,"destination_slot":3,"entry":3,"value":666.6665539256893}
MORTAR_OBSERVER {"kind":"PRE_RAW","call_id":39,"pair":0,"slot":4,"node":17,"activity":2,"lambda_raw":[0.003722626569692715,-2.5452663159878833e-08,-0.012408898593988806],"lambda_start":[0.0037332453705839286,-9.0633048752858385e-08,-0.012444296906297253],"ddtil_count":1}
MORTAR_OBSERVER {"kind":"DDTIL","call_id":39,"pair":0,"column_slot":4,"source_slot":4,"destination_slot":4,"entry":4,"value":1000.000784645608}
MORTAR_OBSERVER {"kind":"PRE_RAW","call_id":39,"pair":0,"slot":5,"node":18,"activity":2,"lambda_raw":[0.0080258387946621455,-5.2685997018721011e-08,-0.026753103291259236],"lambda_start":[0.008022003353795739,-1.7061031569237603e-07,-0.026740322774238993],"ddtil_count":1}
MORTAR_OBSERVER {"kind":"DDTIL","call_id":39,"pair":0,"column_slot":5,"source_slot":5,"destination_slot":5,"entry":5,"value":1000.0013950815936}
MORTAR_OBSERVER {"kind":"PRE_RAW","call_id":39,"pair":0,"slot":6,"node":19,"activity":2,"lambda_raw":[0.0032738855912402688,-1.9450035563169208e-08,-0.010913081189971533],"lambda_start":[0.0032740827143940797,-8.4970691179985877e-08,-0.010913740760206087],"ddtil_count":1}
MORTAR_OBSERVER {"kind":"DDTIL","call_id":39,"pair":0,"column_slot":6,"source_slot":6,"destination_slot":6,"entry":6,"value":2000.0009467463578}
MORTAR_OBSERVER {"kind":"PRE_RAW","call_id":39,"pair":0,"slot":7,"node":23,"activity":2,"lambda_raw":[0.0020213566467382725,-1.3994825254691531e-08,-0.0067379397632210628],"lambda_start":[0.0020228004996520653,-4.2632582577263953e-08,-0.0067427548670019452],"ddtil_count":1}
MORTAR_OBSERVER {"kind":"DDTIL","call_id":39,"pair":0,"column_slot":7,"source_slot":7,"destination_slot":7,"entry":7,"value":1000.0003173782241}
MORTAR_OBSERVER {"kind":"PRE_RAW","call_id":39,"pair":0,"slot":8,"node":24,"activity":0,"lambda_raw":[-1.0587914669062207e-25,1.6543616670409698e-26,5.9557020013474912e-26],"lambda_start":[0,0,0],"ddtil_count":1}
MORTAR_OBSERVER {"kind":"DDTIL","call_id":39,"pair":0,"column_slot":8,"source_slot":8,"destination_slot":8,"entry":8,"value":999.99973286680699}
MORTAR_OBSERVER {"kind":"LAW","call_id":39,"pair":0,"slot":0,"node":1,"activity":2,"ndof":3,"normal":[-3.4369128054362138e-06,2.5376875698881336e-07,-0.99999999999406164],"tangents":[0.99999999999409384,8.7218109051963449e-13,-3.4369128054361032e-06,1.0097419586828951e-28,0.9999999999999678,2.5376875699031213e-07],"ln":3.5130102365580638,"lt":[1.0539030709338415,-8.412786745995161e-06],"lt_start":[1.0476735773869141,-2.9785611294303324e-05],"q":0.00035130102365580642,"ut":[166.66933117121098,-0.0013302245775512701],"gn":0.00035130102365580642,"gt":[6.2294935469273669e-05,2.1372824548308164e-07],"b":1.0539030709674191,"constant_n":10000000000,"constant_t":100,"mu":0.29999999999999999,"normal_mode":1,"tangent_mode":1,"normal_inverse_stiffness":0.0001,"tangent_inverse_stiffness":0.01,"p0":0,"beta":0,"iwan":1,"rn":0,"rt":[2.2204460492503131e-16,1.0842021724855044e-18]}
MORTAR_OBSERVER {"kind":"LAW","call_id":39,"pair":0,"slot":1,"node":2,"activity":2,"ndof":3,"normal":[-3.2043742295411945e-06,5.7713441426751478e-08,-0.99999999999486433],"tangents":[0.999999999994866,1.8493546440696708e-13,-3.204374229541189e-06,-0,0.99999999999999833,5.7713441427047781e-08],"ln":19.788668716554476,"lt":[5.9366006148526989,-3.6733232595843142e-05],"lt_start":[5.9340889065218692,-0.00010448478416812079],"q":0.001978866871655448,"ut":[83.334810839536146,-0.00051496371856173194],"gn":0.0019788668716554476,"gt":[2.5117083308296985e-05,6.7751551572277653e-07],"b":5.936600616267385,"constant_n":10000000000,"constant_t":100,"mu":0.29999999999999999,"normal_mode":1,"tangent_mode":1,"normal_inverse_stiffness":0.0001,"tangent_inverse_stiffness":0.01,"p0":0,"beta":0,"iwan":1,"rn":-1.3010428290272102e-09,"rt":[-1.3010419408487905e-09,8.0504789575115698e-15]}
MORTAR_OBSERVER {"kind":"LAW","call_id":39,"pair":0,"slot":2,"node":3,"activity":2,"ndof":3,"normal":[-3.080931437551529e-06,3.7311316890611327e-08,-0.99999999999525324],"tangents":[0.99999999999525391,1.1495360918527738e-13,-3.0809314375515269e-06,-0,0.99999999999999933,3.731131689078841e-08],"ln":28.972108065396984,"lt":[8.69163241934735,-6.8729924410328136e-05],"lt_start":[8.691745335430733,-0.00017156016427412332],"q":0.0028972108065396982,"ut":[166.66954883525599,-0.0013169272918875212],"gn":0.0028972108065396986,"gt":[-1.1291608338304117e-06,1.0283023986379519e-06],"b":8.6916324183180524,"constant_n":10000000000,"constant_t":100,"mu":0.29999999999999999,"normal_mode":1,"tangent_mode":1,"normal_inverse_stiffness":0.0001,"tangent_inverse_stiffness":0.01,"p0":0,"beta":0,"iwan":1,"rn":1.3010428290272102e-09,"rt":[1.3010392763135314e-09,-1.0288089282405044e-14]}
MORTAR_OBSERVER {"kind":"LAW","call_id":39,"pair":0,"slot":3,"node":4,"activity":0,"ndof":3,"normal":[-3.841595920050807e-06,1.2249569394155217e-07,-0.99999999999261358],"tangents":[0.99999999999262112,4.7057895807313162e-13,-3.8415959200507782e-06,-0,0.99999999999999256,1.2249569394245606e-07],"ln":1.595320868610516e-29,"lt":[-3.3087224501752406e-24,2.6469779601696695e-23],"lt_start":[0,0],"q":-0.020364262957704521,"ut":[83.334697015064947,-0.00052058761683068916],"gn":1.5953208686105161e-33,"gt":[-3.3087224501752405e-26,2.6469779601696693e-25],"b":-61092788.873113558,"constant_n":10000000000,"constant_t":100,"mu":0.29999999999999999,"normal_mode":1,"tangent_mode":1,"normal_inverse_stiffness":0.0001,"tangent_inverse_stiffness":0.01,"p0":0,"beta":0,"iwan":1,"rn":4.7859626058315478e-30,"rt":[-3.3087224501752406e-24,2.6469779601696695e-23]}
MORTAR_OBSERVER {"kind":"LAW","call_id":39,"pair":0,"slot":4,"node":17,"activity":2,"ndof":3,"normal":[-3.1797584046984866e-06,1.4855881374931894e-08,-0.99999999999494449],"tangents":[0.9999999999949446,4.7238113661382209e-14,-3.1797584046984866e-06,-0,1,1.4855881375006997e-08],"ln":12.408896493451065,"lt":[3.722668947947041,-2.5637028401351572e-05],"lt_start":[3.7332878697283656,-9.0817991011375563e-05],"q":0.0012408896493451066,"ut":[125.0021249259775,-0.00086020522443804785],"gn":0.0012408896493451066,"gt":[-0.0001061892178132462,6.5180962610023992e-07],"b":3.7226689480353192,"constant_n":10000000000,"constant_t":100,"mu":0.29999999999999999,"normal_mode":1,"tangent_mode":1,"normal_inverse_stiffness":0.0001,"tangent_inverse_stiffness":0.01,"p0":0,"beta":0,"iwan":1,"rn":0,"rt":[0,-1.4602848010664138e-18]}
MORTAR_OBSERVER {"kind":"LAW","call_id":39,"pair":0,"slot":5,"node":18,"activity":2,"ndof":3,"normal":[-3.1615166976375122e-06,6.6376170201733026e-08,-0.99999999999500022],"tangents":[0.99999999999500244,2.0984937041905721e-13,-3.1615166976375054e-06,-2.5243548967072378e-29,0.99999999999999789,6.6376170202064745e-08],"ln":26.753115240025192,"lt":[8.0259345718227753,-5.4461841534821631e-05],"lt_start":[8.0220990851997627,-0.00017238547639956636],"q":0.0026753115240025194,"ut":[125.00216843872307,-0.00084705172531941654],"gn":0.0026753115240025194,"gt":[3.8354866230125849e-05,1.1792363486474474e-06],"b":8.0259345720075572,"constant_n":10000000000,"constant_t":100,"mu":0.29999999999999999,"normal_mode":1,"tangent_mode":1,"normal_inverse_stiffness":0.0001,"tangent_inverse_stiffness":0.01,"p0":0,"beta":0,"iwan":1,"rn":0,"rt":[0,1.8295911660692887e-19]}
MORTAR_OBSERVER {"kind":"LAW","call_id":39,"pair":0,"slot":6,"node":19,"activity":2,"ndof":3,"normal":[-3.2589220840073822e-06,1.4553983441470624e-07,-0.99999999999467915],"tangents":[0.99999999999468969,4.7430298047938252e-13,-3.2589220840073475e-06,-1.0097419586828951e-28,0.99999999999998945,1.4553983441547911e-07],"ln":21.82615137305493,"lt":[6.547845411781287,-4.2076667102996516e-05],"lt_start":[6.5482396625745096,-0.00017311823235564687],"q":0.0021826151373054931,"ut":[250.00409209595779,-0.0016052240184788974],"gn":0.0021826151373054931,"gt":[-3.9425079322263911e-06,1.3104156525265036e-06],"b":6.5478454119164793,"constant_n":10000000000,"constant_t":100,"mu":0.29999999999999999,"normal_mode":1,"tangent_mode":1,"normal_inverse_stiffness":0.0001,"tangent_inverse_stiffness":0.01,"p0":0,"beta":0,"iwan":1,"rn":0,"rt":[0,-1.3552527156068805e-20]}
MORTAR_OBSERVER {"kind":"LAW","call_id":39,"pair":0,"slot":7,"node":23,"activity":2,"ndof":3,"normal":[-3.4423996152416837e-06,6.1039622865194751e-08,-0.99999999999407307],"tangents":[0.99999999999407496,2.1012277426688887e-13,-3.4423996152416774e-06,2.5243548967072378e-29,0.99999999999999811,6.1039622865556421e-08],"ln":6.7379349433360778,"lt":[2.0213804829494886,-1.4406111128913867e-05],"lt_start":[2.0228243528970373,-4.3044171452698925e-05],"q":0.0006737934943336078,"ut":[125.00205094566621,-0.00089058679268638708],"gn":0.0006737934943336078,"gt":[-1.4438699475487483e-05,2.8638060323785057e-07],"b":2.0213804830008231,"constant_n":10000000000,"constant_t":100,"mu":0.29999999999999999,"normal_mode":1,"tangent_mode":1,"normal_inverse_stiffness":0.0001,"tangent_inverse_stiffness":0.01,"p0":0,"beta":0,"iwan":1,"rn":0,"rt":[8.8817841970012523e-16,-3.3881317890172014e-20]}
MORTAR_OBSERVER {"kind":"LAW","call_id":39,"pair":0,"slot":8,"node":24,"activity":0,"ndof":3,"normal":[-3.7801396305373441e-06,3.2901742581461784e-07,-0.9999999999928012],"tangents":[0.99999999999285527,1.2437318104681036e-12,-3.7801396305371396e-06,-0,0.99999999999994593,3.2901742581696857e-07],"ln":-5.9556598422401006e-23,"lt":[-1.0587934353980198e-22,1.6543631846351839e-23],"lt_start":[0,0],"q":-0.023273359412698036,"ut":[125.00201327035511,-0.00088659246373716429],"gn":-5.9556598422401011e-27,"gt":[-1.0587934353980198e-24,1.6543631846351838e-25],"b":-69820078.238094106,"constant_n":10000000000,"constant_t":100,"mu":0.29999999999999999,"normal_mode":1,"tangent_mode":1,"normal_inverse_stiffness":0.0001,"tangent_inverse_stiffness":0.01,"p0":0,"beta":0,"iwan":1,"rn":-1.7866979526720301e-23,"rt":[-1.0587934353980198e-22,1.6543631846351839e-23]}
MORTAR_OBSERVER {"kind":"POST_RAW_AFTER_ACTIVE_LOOP","call_id":39,"pair":0,"slot":0,"node":1,"activity":2,"lambda_raw":[0.00079041842308315454,-5.6409714405385905e-09,-0.0026347609784409961],"gap":-0.00035130102365580642}
MORTAR_OBSERVER {"kind":"POST_RAW_AFTER_ACTIVE_LOOP","call_id":39,"pair":0,"slot":1,"node":2,"activity":2,"lambda_raw":[0.0089047920571806317,-5.3386656554986466e-08,-0.029682985776775243],"gap":-0.001978866871655448}
MORTAR_OBSERVER {"kind":"POST_RAW_AFTER_ACTIVE_LOOP","call_id":39,"pair":0,"slot":2,"node":3,"activity":2,"lambda_raw":[0.0065186495645846937,-5.073664118804694e-08,-0.021729075118778099],"gap":-0.0028972108065396982}
MORTAR_OBSERVER {"kind":"POST_RAW_AFTER_ACTIVE_LOOP","call_id":39,"pair":0,"slot":3,"node":4,"activity":0,"lambda_raw":[0,0,0],"gap":0.020364262957704521}
MORTAR_OBSERVER {"kind":"POST_RAW_AFTER_ACTIVE_LOOP","call_id":39,"pair":0,"slot":4,"node":17,"activity":2,"lambda_raw":[0.003722626569692715,-2.5452663159878833e-08,-0.012408898593988806],"gap":-0.0012408896493451066}
MORTAR_OBSERVER {"kind":"POST_RAW_AFTER_ACTIVE_LOOP","call_id":39,"pair":0,"slot":5,"node":18,"activity":2,"lambda_raw":[0.0080258387946621455,-5.2685997018721011e-08,-0.026753103291259236],"gap":-0.0026753115240025194}
MORTAR_OBSERVER {"kind":"POST_RAW_AFTER_ACTIVE_LOOP","call_id":39,"pair":0,"slot":6,"node":19,"activity":2,"lambda_raw":[0.0032738855912402688,-1.9450035563169208e-08,-0.010913081189971533],"gap":-0.0021826151373054931}
MORTAR_OBSERVER {"kind":"POST_RAW_AFTER_ACTIVE_LOOP","call_id":39,"pair":0,"slot":7,"node":23,"activity":2,"lambda_raw":[0.0020213566467382725,-1.3994825254691531e-08,-0.0067379397632210628],"gap":-0.0006737934943336078}
MORTAR_OBSERVER {"kind":"POST_RAW_AFTER_ACTIVE_LOOP","call_id":39,"pair":0,"slot":8,"node":24,"activity":0,"lambda_raw":[0,0,0],"gap":0.023273359412698036}
MORTAR_OBSERVER {"kind":"SUMMARY_PRE_OVERRIDE","call_id":39,"ndiverg":14,"flag":0,"keepset":0,"max_n":1.3010428290272102e-09,"max_t":[1.3010419408487905e-09,1.0288089282405044e-14],"lm_t_av":[35.999965519634486,0.00025045759192025],"nstick":0,"nslip":7,"ninactive":2,"nnogap":0,"nolm":0}
MORTAR_OBSERVER {"kind":"SUMMARY_POST_OVERRIDE","call_id":39,"flag":0}
MORTAR_OBSERVER {"kind":"RETURN","call_id":39}
 Using up to 2 cpu(s) for the stress calculation.

 average force= 5.906547
 time avg. forc= 5.902459
 largest residual force= 0.000000 in node 33 and dof 1
 largest increment of disp= 1.250066e-01
 largest correction to disp= 1.830524e-12 in node 1 and dof 2

MORTAR_OBSERVER {"kind":"PRE_CHECK","call_id":39,"step":2,"inc":5,"cutback":0,"iteration":2,"time":0.625,"dtime":0.125,"ttime":1,"tper":1,"theta":0.5,"dtheta":0.125,"icntrl":0,"nmethod":1,"iexpl":0,"ithermal":0,"uncoupled":0,"mortar":2,"iflagdualquad":2}
 convergence; the increment size is increased to 1.875000e-01

 the increment size exceeds the maximum allowed and is decreased to 1.250000e-01

MORTAR_OBSERVER {"kind":"POST_CHECK","call_id":39,"step":2,"inc":5,"cutback":0,"iteration":2,"time":0.625,"dtime":0.125,"ttime":1,"tper":1,"theta":0.625,"dtheta":0.125,"icntrl":1,"nmethod":1,"iexpl":0,"ithermal":0,"uncoupled":0,"mortar":2,"iflagdualquad":2}
 Using up to 2 cpu(s) for the stress calculation.

 increment 6 attempt 1 
 increment size= 1.250000e-01
 sum of previous increments=6.250000e-01
 actual step time=7.500000e-01
 actual total time=1.750000e+00

 iteration 1

 Determining the structure of the matrix:

 Using up to 2 cpu(s) for setting up the structure of the matrix.
 number of equations
 75
 number of nonzero lower triangular matrix elements
 1143

 Using up to 2 cpu(s) for the stress calculation.

 Using up to 2 cpu(s) for the symmetric stiffness/mass contributions.

 Using up to 2 cpu(s) for the stress calculation.

 Using up to 2 cpu(s) for the symmetric stiffness/mass contributions.

 Factoring the system of equations using the unsymmetric spooles solver
 Using 1 cpu for spooles.

MORTAR_OBSERVER {"kind":"BEGIN","call_id":40,"step":2,"inc":6,"cutback":0,"iteration":1,"time":0.75,"dtime":0.125,"ttime":1,"tper":1,"theta":0.625,"dtheta":0.125,"icntrl":0,"nmethod":1,"iexpl":0,"ithermal":0,"uncoupled":0,"mortar":2,"iflagdualquad":2}
MORTAR_OBSERVER {"kind":"INVENTORY","call_id":40,"pair_count":1,"slave_count":9}
MORTAR_OBSERVER {"kind":"PAIR","call_id":40,"pair":0,"start":0,"end":9}
MORTAR_OBSERVER {"kind":"PRE_RAW","call_id":40,"pair":0,"slot":0,"node":1,"activity":2,"lambda_raw":[0.00079379776129837238,-4.2024059939623629e-09,-0.0026460260529635477],"lambda_start":[0.00079041842308315454,-5.6409714405385905e-09,-0.0026347609784409961],"ddtil_count":1}
MORTAR_OBSERVER {"kind":"DDTIL","call_id":40,"pair":0,"column_slot":0,"source_slot":0,"destination_slot":0,"entry":0,"value":1333.3330502964147}
MORTAR_OBSERVER {"kind":"PRE_RAW","call_id":40,"pair":0,"slot":1,"node":2,"activity":2,"lambda_raw":[0.0089073832930042646,-3.8868710789330398e-08,-0.029691617594274283],"lambda_start":[0.0089047920571806317,-5.3386656554986466e-08,-0.029682985776775243],"ddtil_count":1}
MORTAR_OBSERVER {"kind":"DDTIL","call_id":40,"pair":0,"column_slot":1,"source_slot":1,"destination_slot":1,"entry":1,"value":666.66770529924781}
MORTAR_OBSERVER {"kind":"PRE_RAW","call_id":40,"pair":0,"slot":2,"node":3,"activity":2,"lambda_raw":[0.006518499157510879,-4.026985465200004e-08,-0.021728567855932114],"lambda_start":[0.0065186495645846937,-5.073664118804694e-08,-0.021729075118778099],"ddtil_count":1}
MORTAR_OBSERVER {"kind":"DDTIL","call_id":40,"pair":0,"column_slot":2,"source_slot":2,"destination_slot":2,"entry":2,"value":1333.3349465355277}
MORTAR_OBSERVER {"kind":"PRE_RAW","call_id":40,"pair":0,"slot":3,"node":4,"activity":0,"lambda_raw":[3.6182597858090323e-21,-4.386032571057692e-20,-1.4691365227910776e-20],"lambda_start":[0,0,0],"ddtil_count":1}
MORTAR_OBSERVER {"kind":"DDTIL","call_id":40,"pair":0,"column_slot":3,"source_slot":3,"destination_slot":3,"entry":3,"value":666.66656346506807}
MORTAR_OBSERVER {"kind":"PRE_RAW","call_id":40,"pair":0,"slot":4,"node":17,"activity":2,"lambda_raw":[0.0037148575730652699,-1.9567142840055981e-08,-0.012382999970137641],"lambda_start":[0.003722626569692715,-2.5452663159878833e-08,-0.012408898593988806],"ddtil_count":1}
MORTAR_OBSERVER {"kind":"DDTIL","call_id":40,"pair":0,"column_slot":4,"source_slot":4,"destination_slot":4,"entry":4,"value":1000.0007925012015}
MORTAR_OBSERVER {"kind":"PRE_RAW","call_id":40,"pair":0,"slot":5,"node":18,"activity":2,"lambda_raw":[0.0080288246922454974,-3.9948021332199855e-08,-0.026763050454128488],"lambda_start":[0.0080258387946621455,-5.2685997018721011e-08,-0.026753103291259236],"ddtil_count":1}
MORTAR_OBSERVER {"kind":"DDTIL","call_id":40,"pair":0,"column_slot":5,"source_slot":5,"destination_slot":5,"entry":5,"value":1000.0014061772436}
MORTAR_OBSERVER {"kind":"PRE_RAW","call_id":40,"pair":0,"slot":6,"node":19,"activity":2,"lambda_raw":[0.0032739127596903678,-1.3822677313783101e-08,-0.010913171246544175],"lambda_start":[0.0032738855912402688,-1.9450035563169208e-08,-0.010913081189971533],"ddtil_count":1}
MORTAR_OBSERVER {"kind":"DDTIL","call_id":40,"pair":0,"column_slot":6,"source_slot":6,"destination_slot":6,"entry":6,"value":2000.0009692963531}
MORTAR_OBSERVER {"kind":"PRE_RAW","call_id":40,"pair":0,"slot":7,"node":23,"activity":2,"lambda_raw":[0.0020200579462597281,-1.0647007035908632e-08,-0.0067336114002474259],"lambda_start":[0.0020213566467382725,-1.3994825254691531e-08,-0.0067379397632210628],"ddtil_count":1}
MORTAR_OBSERVER {"kind":"DDTIL","call_id":40,"pair":0,"column_slot":7,"source_slot":7,"destination_slot":7,"entry":7,"value":1000.0003326779511}
MORTAR_OBSERVER {"kind":"PRE_RAW","call_id":40,"pair":0,"slot":8,"node":24,"activity":0,"lambda_raw":[2.0323389388291905e-20,-4.348051291081611e-20,-5.6337022510674028e-20],"lambda_start":[0,0,0],"ddtil_count":1}
MORTAR_OBSERVER {"kind":"DDTIL","call_id":40,"pair":0,"column_slot":8,"source_slot":8,"destination_slot":8,"entry":8,"value":999.99974872929681}
MORTAR_OBSERVER {"kind":"LAW","call_id":40,"pair":0,"slot":0,"node":1,"activity":2,"ndof":3,"normal":[-3.4861300070764486e-06,3.0888551419205285e-07,-0.99999999999387579],"tangents":[0.99999999999392353,1.076815059782697e-12,-3.4861300070762826e-06,-0,0.99999999999995237,3.0888551419392982e-07],"ln":3.5280302986295222,"lt":[1.0584090895691456,-6.6929653951022623e-06],"lt_start":[1.0539032538766855,-8.6064127599064291e-06],"q":0.00035280302986295223,"ut":[166.66833683468593,-0.0010527442029661695],"gn":0.00035280302986295223,"gt":[4.5058356924601028e-05,1.9134473648041667e-08],"b":1.0584090895888567,"constant_n":10000000000,"constant_t":100,"mu":0.29999999999999999,"normal_mode":1,"tangent_mode":1,"normal_inverse_stiffness":0.0001,"tangent_inverse_stiffness":0.01,"p0":0,"beta":0,"iwan":1,"rn":0,"rt":[1.4033219031261979e-12,-7.5043931229659783e-09]}
MORTAR_OBSERVER {"kind":"LAW","call_id":40,"pair":0,"slot":1,"node":2,"activity":2,"ndof":3,"normal":[-3.1512085441958875e-06,5.8488143177587634e-08,-0.99999999999503331],"tangents":[0.99999999999503497,1.8430833651628169e-13,-3.1512085441958828e-06,-0,0.99999999999999845,5.8488143177878034e-08],"ln":19.794423855387066,"lt":[5.9383271565550748,-2.7070254420917998e-05],"lt_start":[5.9365996451808538,-3.6748563436990635e-05],"q":0.001979442385538707,"ut":[83.334293701130832,-0.00037974788177723472],"gn":0.0019794423855387065,"gt":[1.7275113742210024e-05,9.6783090160726364e-08],"b":5.9383271579171621,"constant_n":10000000000,"constant_t":100,"mu":0.29999999999999999,"normal_mode":1,"tangent_mode":1,"normal_inverse_stiffness":0.0001,"tangent_inverse_stiffness":0.01,"p0":0,"beta":0,"iwan":1,"rn":-1.3010428290272102e-09,"rt":[-1.3003997878513474e-09,-2.8560407030595763e-09]}
MORTAR_OBSERVER {"kind":"LAW","call_id":40,"pair":0,"slot":2,"node":3,"activity":2,"ndof":3,"normal":[-3.0061976788271814e-06,2.0604651522092331e-08,-0.99999999999548117],"tangents":[0.99999999999548139,6.1941655579036802e-14,-3.006197678827181e-06,1.2621774483536189e-29,0.99999999999999978,2.0604651522185435e-08],"ln":28.971432732456478,"lt":[8.691429819564755,-5.4290151313327513e-05],"lt_start":[8.6916303646057234,-6.8245897515748809e-05],"q":0.0028971432732456488,"ut":[166.66852219933332,-0.001040943589712945],"gn":0.0028971432732456479,"gt":[-2.0054504096833626e-06,1.3955746202421296e-07],"b":8.6914298223390283,"constant_n":10000000000,"constant_t":100,"mu":0.29999999999999999,"normal_mode":1,"tangent_mode":1,"normal_inverse_stiffness":0.0001,"tangent_inverse_stiffness":0.01,"p0":0,"beta":0,"iwan":1,"rn":-2.6020856580544205e-09,"rt":[-2.6047128898198935e-09,2.5015357617101924e-10]}
MORTAR_OBSERVER {"kind":"LAW","call_id":40,"pair":0,"slot":3,"node":4,"activity":0,"ndof":3,"normal":[-3.9786308640279483e-06,1.1769653037451145e-07,-0.99999999999207834],"tangents":[0.99999999999208533,4.682710483407404e-13,-3.9786308640279212e-06,1.0097419586828951e-28,0.99999999999999312,1.17696530375443e-07],"ln":9.7942289304070942e-18,"lt":[2.4122117847697653e-18,-2.9240213766676976e-17],"lt_start":[0,0],"q":-0.021695200421318363,"ut":[83.334192752259582,-0.00038017498651023569],"gn":9.7942289304070945e-22,"gt":[2.4122117847697653e-20,-2.9240213766676975e-19],"b":-65085601.263955086,"constant_n":10000000000,"constant_t":100,"mu":0.29999999999999999,"normal_mode":1,"tangent_mode":1,"normal_inverse_stiffness":0.0001,"tangent_inverse_stiffness":0.01,"p0":0,"beta":0,"iwan":1,"rn":2.9382686791221283e-18,"rt":[2.4122117847697653e-18,-2.9240213766676976e-17]}
MORTAR_OBSERVER {"kind":"LAW","call_id":40,"pair":0,"slot":4,"node":17,"activity":2,"ndof":3,"normal":[-3.1426604877038369e-06,7.6779294079083363e-09,-0.99999999999506184],"tangents":[0.99999999999506184,2.4129125377731997e-14,-3.1426604877038369e-06,-0,1,7.677929407946251e-09],"ln":12.382998109073331,"lt":[3.7148994326715816,-1.9662234222017194e-05],"lt_start":[3.7226685168465736,-2.5547958054085251e-05],"q":0.001238299810907333,"ut":[125.00136290806513,-0.00066196217285161376],"gn":0.001238299810907333,"gt":[-7.7690841749920021e-05,5.8857238320680571e-08],"b":3.7148994327219991,"constant_n":10000000000,"constant_t":100,"mu":0.29999999999999999,"normal_mode":1,"tangent_mode":1,"normal_inverse_stiffness":0.0001,"tangent_inverse_stiffness":0.01,"p0":0,"beta":0,"iwan":1,"rn":0,"rt":[1.6817658377021871e-12,1.2267780341682381e-08]}
MORTAR_OBSERVER {"kind":"LAW","call_id":40,"pair":0,"slot":5,"node":18,"activity":2,"ndof":3,"normal":[-3.1003983467239816e-06,6.1241544017091153e-08,-0.99999999999519196],"tangents":[0.99999999999519384,1.8987318182232593e-13,-3.1003983467239761e-06,-0,0.99999999999999822,6.124154401738551e-08],"ln":26.763063195000075,"lt":[8.0289189583915448,-4.1587090343363643e-05],"lt_start":[8.0259330257692945,-5.4324474761266992e-05],"q":0.0026763063195000079,"ut":[125.00139724310428,-0.00064726203479764091],"gn":0.0026763063195000079,"gt":[2.9859326222503312e-05,1.2737384417903349e-07],"b":8.0289189585000216,"constant_n":10000000000,"constant_t":100,"mu":0.29999999999999999,"normal_mode":1,"tangent_mode":1,"normal_inverse_stiffness":0.0001,"tangent_inverse_stiffness":0.01,"p0":0,"beta":0,"iwan":1,"rn":0,"rt":[-7.9936057773011271e-13,-4.8453301871174601e-09]}
MORTAR_OBSERVER {"kind":"LAW","call_id":40,"pair":0,"slot":6,"node":19,"activity":2,"ndof":3,"normal":[-3.2461637882223956e-06,1.647448159061541e-07,-0.99999999999471767],"tangents":[0.99999999999473121,5.3478865569474009e-13,-3.2461637882223515e-06,-0,0.99999999999998646,1.6474481590702212e-07],"ln":21.826331815741199,"lt":[6.5478995446549035,-3.1241146544470645e-05],"lt_start":[6.5478452071436948,-4.2495838825099196e-05],"q":0.0021826331815741201,"ut":[250.0025824724155,-0.0011926864467992407],"gn":0.0021826331815741201,"gt":[5.4337511208757409e-07,1.1254692280628552e-07],"b":6.5478995447223598,"constant_n":10000000000,"constant_t":100,"mu":0.29999999999999999,"normal_mode":1,"tangent_mode":1,"normal_inverse_stiffness":0.0001,"tangent_inverse_stiffness":0.01,"p0":0,"beta":0,"iwan":1,"rn":0,"rt":[7.0716765776523971e-12,-1.5719997208113587e-10]}
MORTAR_OBSERVER {"kind":"LAW","call_id":40,"pair":0,"slot":7,"node":23,"activity":2,"ndof":3,"normal":[-3.470718784108283e-06,4.7455335067183664e-08,-0.99999999999397593],"tangents":[0.99999999999397704,1.6470412282481885e-13,-3.4707187841082792e-06,2.5243548967072378e-29,0.99999999999999889,4.7455335067469484e-08],"ln":6.733606629275009,"lt":[2.0200819887556465,-1.0966556469451816e-05],"lt_start":[2.0213807046887675,-1.4314581205963559e-05],"q":0.000673360662927501,"ut":[125.00129567722915,-0.00067870472814676253],"gn":0.00067336066292750089,"gt":[-1.2987159331210307e-05,3.3480247365117425e-08],"b":2.020081989107763,"constant_n":10000000000,"constant_t":100,"mu":0.29999999999999999,"normal_mode":1,"tangent_mode":1,"normal_inverse_stiffness":0.0001,"tangent_inverse_stiffness":0.01,"p0":0,"beta":0,"iwan":1,"rn":-3.2526026316759271e-10,"rt":[-3.223372679883596e-10,2.1829831826909827e-09]}
MORTAR_OBSERVER {"kind":"LAW","call_id":40,"pair":0,"slot":8,"node":24,"activity":0,"ndof":3,"normal":[-3.9083894031856437e-06,3.8929988634805048e-07,-0.9999999999922865],"tangents":[0.99999999999236222,1.521535550475717e-12,-3.9083894031853472e-06,-0,0.99999999999992428,3.8929988635102383e-07],"ln":5.6336911995741974e-17,"lt":[2.0323604468364638e-17,-4.3480523917424712e-17],"lt_start":[0,0],"q":-0.024641268383886812,"ut":[125.00125985265662,-0.00067604981519091788],"gn":5.6336911995741975e-21,"gt":[2.0323604468364639e-19,-4.3480523917424708e-19],"b":-73923805.151660427,"constant_n":10000000000,"constant_t":100,"mu":0.29999999999999999,"normal_mode":1,"tangent_mode":1,"normal_inverse_stiffness":0.0001,"tangent_inverse_stiffness":0.01,"p0":0,"beta":0,"iwan":1,"rn":1.6901073598722593e-17,"rt":[2.0323604468364638e-17,-4.3480523917424712e-17]}
MORTAR_OBSERVER {"kind":"POST_RAW_AFTER_ACTIVE_LOOP","call_id":40,"pair":0,"slot":0,"node":1,"activity":2,"lambda_raw":[0.00079379776129837238,-4.2024059939623629e-09,-0.0026460260529635477],"gap":-0.00035280302986295223}
MORTAR_OBSERVER {"kind":"POST_RAW_AFTER_ACTIVE_LOOP","call_id":40,"pair":0,"slot":1,"node":2,"activity":2,"lambda_raw":[0.0089073832930042646,-3.8868710789330398e-08,-0.029691617594274283],"gap":-0.001979442385538707}
MORTAR_OBSERVER {"kind":"POST_RAW_AFTER_ACTIVE_LOOP","call_id":40,"pair":0,"slot":2,"node":3,"activity":2,"lambda_raw":[0.006518499157510879,-4.026985465200004e-08,-0.021728567855932114],"gap":-0.0028971432732456488}
MORTAR_OBSERVER {"kind":"POST_RAW_AFTER_ACTIVE_LOOP","call_id":40,"pair":0,"slot":3,"node":4,"activity":0,"lambda_raw":[0,0,0],"gap":0.021695200421318363}
MORTAR_OBSERVER {"kind":"POST_RAW_AFTER_ACTIVE_LOOP","call_id":40,"pair":0,"slot":4,"node":17,"activity":2,"lambda_raw":[0.0037148575730652699,-1.9567142840055981e-08,-0.012382999970137641],"gap":-0.001238299810907333}
MORTAR_OBSERVER {"kind":"POST_RAW_AFTER_ACTIVE_LOOP","call_id":40,"pair":0,"slot":5,"node":18,"activity":2,"lambda_raw":[0.0080288246922454974,-3.9948021332199855e-08,-0.026763050454128488],"gap":-0.0026763063195000079}
MORTAR_OBSERVER {"kind":"POST_RAW_AFTER_ACTIVE_LOOP","call_id":40,"pair":0,"slot":6,"node":19,"activity":2,"lambda_raw":[0.0032739127596903678,-1.3822677313783101e-08,-0.010913171246544175],"gap":-0.0021826331815741201}
MORTAR_OBSERVER {"kind":"POST_RAW_AFTER_ACTIVE_LOOP","call_id":40,"pair":0,"slot":7,"node":23,"activity":2,"lambda_raw":[0.0020200579462597281,-1.0647007035908632e-08,-0.0067336114002474259],"gap":-0.000673360662927501}
MORTAR_OBSERVER {"kind":"POST_RAW_AFTER_ACTIVE_LOOP","call_id":40,"pair":0,"slot":8,"node":24,"activity":0,"lambda_raw":[0,0,0],"gap":0.024641268383886812}
MORTAR_OBSERVER {"kind":"SUMMARY_PRE_OVERRIDE","call_id":40,"ndiverg":14,"flag":0,"keepset":0,"max_n":2.6020856580544205e-09,"max_t":[2.6047128898198935e-09,1.2267780341682381e-08],"lm_t_av":[35.999965990162657,0.00019151039870865107],"nstick":0,"nslip":7,"ninactive":2,"nnogap":0,"nolm":0}
MORTAR_OBSERVER {"kind":"SUMMARY_POST_OVERRIDE","call_id":40,"flag":0}
MORTAR_OBSERVER {"kind":"RETURN","call_id":40}
 Using up to 2 cpu(s) for the stress calculation.

 average force= 5.907520
 time avg. forc= 5.903303
 largest residual force= 0.000000 in node 31 and dof 3
 largest increment of disp= 1.250025e-01
 largest correction to disp= 7.743220e-07 in node 2 and dof 1

MORTAR_OBSERVER {"kind":"PRE_CHECK","call_id":40,"step":2,"inc":6,"cutback":0,"iteration":1,"time":0.75,"dtime":0.125,"ttime":1,"tper":1,"theta":0.625,"dtheta":0.125,"icntrl":0,"nmethod":1,"iexpl":0,"ithermal":0,"uncoupled":0,"mortar":2,"iflagdualquad":2}
 no convergence

MORTAR_OBSERVER {"kind":"POST_CHECK","call_id":40,"step":2,"inc":6,"cutback":0,"iteration":2,"time":0.75,"dtime":0.125,"ttime":1,"tper":1,"theta":0.625,"dtheta":0.125,"icntrl":0,"nmethod":1,"iexpl":0,"ithermal":0,"uncoupled":0,"mortar":2,"iflagdualquad":2}
 iteration 2

 Determining the structure of the matrix:

 Using up to 2 cpu(s) for setting up the structure of the matrix.
 number of equations
 75
 number of nonzero lower triangular matrix elements
 1143

 Using up to 2 cpu(s) for the stress calculation.

 Using up to 2 cpu(s) for the symmetric stiffness/mass contributions.

 Using up to 2 cpu(s) for the stress calculation.

 Using up to 2 cpu(s) for the symmetric stiffness/mass contributions.

 Factoring the system of equations using the unsymmetric spooles solver
 Using 1 cpu for spooles.

MORTAR_OBSERVER {"kind":"BEGIN","call_id":41,"step":2,"inc":6,"cutback":0,"iteration":2,"time":0.75,"dtime":0.125,"ttime":1,"tper":1,"theta":0.625,"dtheta":0.125,"icntrl":0,"nmethod":1,"iexpl":0,"ithermal":0,"uncoupled":0,"mortar":2,"iflagdualquad":2}
MORTAR_OBSERVER {"kind":"INVENTORY","call_id":41,"pair_count":1,"slave_count":9}
MORTAR_OBSERVER {"kind":"PAIR","call_id":41,"pair":0,"start":0,"end":9}
MORTAR_OBSERVER {"kind":"PRE_RAW","call_id":41,"pair":0,"slot":0,"node":1,"activity":2,"lambda_raw":[0.00079379776119087905,-4.1967783255762673e-09,-0.0026460260526087387],"lambda_start":[0.00079041842308315454,-5.6409714405385905e-09,-0.0026347609784409961],"ddtil_count":1}
MORTAR_OBSERVER {"kind":"DDTIL","call_id":41,"pair":0,"column_slot":0,"source_slot":0,"destination_slot":0,"entry":0,"value":1333.3330502964147}
MORTAR_OBSERVER {"kind":"PRE_RAW","call_id":41,"pair":0,"slot":1,"node":2,"activity":2,"lambda_raw":[0.0089073832927414592,-3.8864431062634551e-08,-0.029691617593401463],"lambda_start":[0.0089047920571806317,-5.3386656554986466e-08,-0.029682985776775243],"ddtil_count":1}
MORTAR_OBSERVER {"kind":"DDTIL","call_id":41,"pair":0,"column_slot":1,"source_slot":1,"destination_slot":1,"entry":1,"value":666.66770529924781}
MORTAR_OBSERVER {"kind":"PRE_RAW","call_id":41,"pair":0,"slot":2,"node":3,"activity":2,"lambda_raw":[0.0065184991574930053,-4.0270044805391818e-08,-0.021728567855865969],"lambda_start":[0.0065186495645846937,-5.073664118804694e-08,-0.021729075118778099],"ddtil_count":1}
MORTAR_OBSERVER {"kind":"DDTIL","call_id":41,"pair":0,"column_slot":2,"source_slot":2,"destination_slot":2,"entry":2,"value":1333.3349465355277}
MORTAR_OBSERVER {"kind":"PRE_RAW","call_id":41,"pair":0,"slot":3,"node":4,"activity":0,"lambda_raw":[1.1244488192566454e-27,6.5915965266768877e-27,-6.203855554519423e-28],"lambda_start":[0,0,0],"ddtil_count":1}
MORTAR_OBSERVER {"kind":"DDTIL","call_id":41,"pair":0,"column_slot":3,"source_slot":3,"destination_slot":3,"entry":3,"value":666.66656346506807}
MORTAR_OBSERVER {"kind":"PRE_RAW","call_id":41,"pair":0,"slot":4,"node":17,"activity":2,"lambda_raw":[0.0037148575730191818,-1.9579408520257215e-08,-0.012382999969989617],"lambda_start":[0.003722626569692715,-2.5452663159878833e-08,-0.012408898593988806],"ddtil_count":1}
MORTAR_OBSERVER {"kind":"DDTIL","call_id":41,"pair":0,"column_slot":4,"source_slot":4,"destination_slot":4,"entry":4,"value":1000.0007925012015}
MORTAR_OBSERVER {"kind":"PRE_RAW","call_id":41,"pair":0,"slot":5,"node":18,"activity":2,"lambda_raw":[0.0080288246923079509,-3.9943180812087558e-08,-0.026763050454333998],"lambda_start":[0.0080258387946621455,-5.2685997018721011e-08,-0.026753103291259236],"ddtil_count":1}
MORTAR_OBSERVER {"kind":"DDTIL","call_id":41,"pair":0,"column_slot":5,"source_slot":5,"destination_slot":5,"entry":5,"value":1000.0014061772436}
MORTAR_OBSERVER {"kind":"PRE_RAW","call_id":41,"pair":0,"slot":6,"node":19,"activity":2,"lambda_raw":[0.0032739127598197687,-1.3822598269203444e-08,-0.010913171246987303],"lambda_start":[0.0032738855912402688,-1.9450035563169208e-08,-0.010913081189971533],"ddtil_count":1}
MORTAR_OBSERVER {"kind":"DDTIL","call_id":41,"pair":0,"column_slot":6,"source_slot":6,"destination_slot":6,"entry":6,"value":2000.0009692963531}
MORTAR_OBSERVER {"kind":"PRE_RAW","call_id":41,"pair":0,"slot":7,"node":23,"activity":2,"lambda_raw":[0.0020200579463166423,-1.0649189940994493e-08,-0.006733611400446887],"lambda_start":[0.0020213566467382725,-1.3994825254691531e-08,-0.0067379397632210628],"ddtil_count":1}
MORTAR_OBSERVER {"kind":"DDTIL","call_id":41,"pair":0,"column_slot":7,"source_slot":7,"destination_slot":7,"entry":7,"value":1000.0003326779511}
MORTAR_OBSERVER {"kind":"PRE_RAW","call_id":41,"pair":0,"slot":8,"node":24,"activity":0,"lambda_raw":[6.7208441657445892e-28,-2.4556930605605233e-28,0],"lambda_start":[0,0,0],"ddtil_count":1}
MORTAR_OBSERVER {"kind":"DDTIL","call_id":41,"pair":0,"column_slot":8,"source_slot":8,"destination_slot":8,"entry":8,"value":999.99974872929681}
MORTAR_OBSERVER {"kind":"LAW","call_id":41,"pair":0,"slot":0,"node":1,"activity":2,"ndof":3,"normal":[-3.4861300070764486e-06,3.0888551419205285e-07,-0.99999999999387579],"tangents":[0.99999999999392353,1.076815059782697e-12,-3.4861300070762826e-06,-0,0.99999999999995237,3.0888551419392982e-07],"ln":3.5280302981564464,"lt":[1.0584090894258196,-6.6854618387008457e-06],"lt_start":[1.0539032538766855,-8.6064127599064291e-06],"q":0.00035280302981564464,"ut":[166.66833683471134,-0.0010527443348748991],"gn":0.00035280302981564464,"gt":[4.5058355491340854e-05,1.9209509212055834e-08],"b":1.0584090894469338,"constant_n":10000000000,"constant_t":100,"mu":0.29999999999999999,"normal_mode":1,"tangent_mode":1,"normal_inverse_stiffness":0.0001,"tangent_inverse_stiffness":0.01,"p0":0,"beta":0,"iwan":1,"rn":0,"rt":[2.2204460492503131e-16,8.4703294725430034e-22]}
MORTAR_OBSERVER {"kind":"LAW","call_id":41,"pair":0,"slot":1,"node":2,"activity":2,"ndof":3,"normal":[-3.1512085441958875e-06,5.8488143177587634e-08,-0.99999999999503331],"tangents":[0.99999999999503497,1.8430833651628169e-13,-3.1512085441958828e-06,-0,0.99999999999999845,5.8488143177878034e-08],"ln":19.794423854805185,"lt":[5.9383271563798692,-2.7067401265308338e-05],"lt_start":[5.9365996451808538,-3.6748563436990635e-05],"q":0.0019794423854805187,"ut":[83.334293701123102,-0.00037974792238786151],"gn":0.0019794423854805187,"gt":[1.7275111990153746e-05,9.6811621716822975e-08],"b":5.938327156441555,"constant_n":10000000000,"constant_t":100,"mu":0.29999999999999999,"normal_mode":1,"tangent_mode":1,"normal_inverse_stiffness":0.0001,"tangent_inverse_stiffness":0.01,"p0":0,"beta":0,"iwan":1,"rn":0,"rt":[1.7763568394002505e-15,-1.6940658945086007e-20]}
MORTAR_OBSERVER {"kind":"LAW","call_id":41,"pair":0,"slot":2,"node":3,"activity":2,"ndof":3,"normal":[-3.0061976788271814e-06,2.0604651522092331e-08,-0.99999999999548117],"tangents":[0.99999999999548139,6.1941655579036802e-14,-3.006197678827181e-06,1.2621774483536189e-29,0.99999999999999978,2.0604651522185435e-08],"ln":28.971432732368285,"lt":[8.6914298195409234,-5.429040485148816e-05],"lt_start":[8.6916303646057234,-6.8245897515748809e-05],"q":0.002897143273236829,"ut":[166.66852219936743,-0.0010409436549654628],"gn":0.0028971432732368286,"gt":[-2.0054506479993963e-06,1.395549266426065e-07],"b":8.6914298210115284,"constant_n":10000000000,"constant_t":100,"mu":0.29999999999999999,"normal_mode":1,"tangent_mode":1,"normal_inverse_stiffness":0.0001,"tangent_inverse_stiffness":0.01,"p0":0,"beta":0,"iwan":1,"rn":-1.3010428290272102e-09,"rt":[-1.3010446053840496e-09,8.1268745530903297e-15]}
MORTAR_OBSERVER {"kind":"LAW","call_id":41,"pair":0,"slot":3,"node":4,"activity":0,"ndof":3,"normal":[-3.9786308640279483e-06,1.1769653037451145e-07,-0.99999999999207834],"tangents":[0.99999999999208533,4.682710483407404e-13,-3.9786308640279212e-06,1.0097419586828951e-28,0.99999999999999312,1.17696530375443e-07],"ln":4.1358784096779479e-25,"lt":[7.4963407564546352e-25,4.3943969555097856e-24],"lt_start":[0,0],"q":-0.02169520041707184,"ut":[83.334192752252207,-0.0003801750165625872],"gn":4.1358784096779483e-29,"gt":[7.4963407564546357e-27,4.3943969555097855e-26],"b":-65085601.251215518,"constant_n":10000000000,"constant_t":100,"mu":0.29999999999999999,"normal_mode":1,"tangent_mode":1,"normal_inverse_stiffness":0.0001,"tangent_inverse_stiffness":0.01,"p0":0,"beta":0,"iwan":1,"rn":1.2407635229033842e-25,"rt":[7.4963407564546352e-25,4.3943969555097856e-24]}
MORTAR_OBSERVER {"kind":"LAW","call_id":41,"pair":0,"slot":4,"node":17,"activity":2,"ndof":3,"normal":[-3.1426604877038369e-06,7.6779294079083363e-09,-0.99999999999506184],"tangents":[0.99999999999506184,2.4129125377731997e-14,-3.1426604877038369e-06,-0,1,7.677929407946251e-09],"ln":12.382998108925307,"lt":[3.7148994326254932,-1.967449991193786e-05],"lt_start":[3.7226685168465736,-2.5547958054085251e-05],"q":0.0012382998108925306,"ut":[125.00136290807882,-0.00066196210249880219],"gn":0.0012382998108925306,"gt":[-7.7690842210804688e-05,5.8734581421473912e-08],"b":3.7148994326775919,"constant_n":10000000000,"constant_t":100,"mu":0.29999999999999999,"normal_mode":1,"tangent_mode":1,"normal_inverse_stiffness":0.0001,"tangent_inverse_stiffness":0.01,"p0":0,"beta":0,"iwan":1,"rn":0,"rt":[4.4408920985006262e-16,-6.7762635780344027e-21]}
MORTAR_OBSERVER {"kind":"LAW","call_id":41,"pair":0,"slot":5,"node":18,"activity":2,"ndof":3,"normal":[-3.1003983467239816e-06,6.1241544017091153e-08,-0.99999999999519196],"tangents":[0.99999999999519384,1.8987318182232593e-13,-3.1003983467239761e-06,-0,0.99999999999999822,6.124154401738551e-08],"ln":26.763063195205586,"lt":[8.0289189584539997,-4.1582249816457298e-05],"lt_start":[8.0259330257692945,-5.4324474761266992e-05],"q":0.0026763063195205587,"ut":[125.00139724310063,-0.00064726210962243755],"gn":0.0026763063195205587,"gt":[2.9859326847052614e-05,1.2742224944809694e-07],"b":8.0289189585616754,"constant_n":10000000000,"constant_t":100,"mu":0.29999999999999999,"normal_mode":1,"tangent_mode":1,"normal_inverse_stiffness":0.0001,"tangent_inverse_stiffness":0.01,"p0":0,"beta":0,"iwan":1,"rn":0,"rt":[3.5527136788005009e-15,2.0328790734103208e-20]}
MORTAR_OBSERVER {"kind":"LAW","call_id":41,"pair":0,"slot":6,"node":19,"activity":2,"ndof":3,"normal":[-3.2461637882223956e-06,1.647448159061541e-07,-0.99999999999471767],"tangents":[0.99999999999473121,5.3478865569474009e-13,-3.2461637882223515e-06,-0,0.99999999999998646,1.6474481590702212e-07],"ln":21.826331816627455,"lt":[6.5478995449137081,-3.1240988455380723e-05],"lt_start":[6.5478452071436948,-4.2495838825099196e-05],"q":0.002182633181662745,"ut":[250.00258247238742,-0.0011926864127947375],"gn":0.0021826331816627454,"gt":[5.4337770013290768e-07,1.1254850369718473e-07],"b":6.5478995436871941,"constant_n":10000000000,"constant_t":100,"mu":0.29999999999999999,"normal_mode":1,"tangent_mode":1,"normal_inverse_stiffness":0.0001,"tangent_inverse_stiffness":0.01,"p0":0,"beta":0,"iwan":1,"rn":1.3010419408487905e-09,"rt":[1.3010410526703708e-09,-6.207470789557773e-15]}
MORTAR_OBSERVER {"kind":"LAW","call_id":41,"pair":0,"slot":7,"node":23,"activity":2,"ndof":3,"normal":[-3.470718784108283e-06,4.7455335067183664e-08,-0.99999999999397593],"tangents":[0.99999999999397704,1.6470412282481885e-13,-3.4707187841082792e-06,2.5243548967072378e-29,0.99999999999999889,4.7455335067469484e-08],"ln":6.7336066294744699,"lt":[2.0200819888125614,-1.0968739375273348e-05],"lt_start":[2.0213807046887675,-1.4314581205963559e-05],"q":0.00067336066294744706,"ut":[125.00129567722938,-0.0006787047234481289],"gn":0.00067336066294744706,"gt":[-1.2987158762061135e-05,3.3458418306902108e-08],"b":2.0200819888423407,"constant_n":10000000000,"constant_t":100,"mu":0.29999999999999999,"normal_mode":1,"tangent_mode":1,"normal_inverse_stiffness":0.0001,"tangent_inverse_stiffness":0.01,"p0":0,"beta":0,"iwan":1,"rn":0,"rt":[0,-1.6940658945086007e-21]}
MORTAR_OBSERVER {"kind":"LAW","call_id":41,"pair":0,"slot":8,"node":24,"activity":0,"ndof":3,"normal":[-3.9083894031856437e-06,3.8929988634805048e-07,-0.9999999999922865],"tangents":[0.99999999999236222,1.521535550475717e-12,-3.9083894031853472e-06,-0,0.99999999999992428,3.8929988635102383e-07],"ln":-2.7223670306727619e-30,"lt":[6.7208424769382807e-25,-2.4556924435166149e-25],"lt_start":[0,0],"q":-0.02464126838127921,"ut":[125.00125985266867,-0.00067604987153186953],"gn":-2.722367030672762e-34,"gt":[6.7208424769382804e-27,-2.4556924435166151e-27],"b":-73923805.143837631,"constant_n":10000000000,"constant_t":100,"mu":0.29999999999999999,"normal_mode":1,"tangent_mode":1,"normal_inverse_stiffness":0.0001,"tangent_inverse_stiffness":0.01,"p0":0,"beta":0,"iwan":1,"rn":-8.1671010920182849e-31,"rt":[6.7208424769382807e-25,-2.4556924435166149e-25]}
MORTAR_OBSERVER {"kind":"POST_RAW_AFTER_ACTIVE_LOOP","call_id":41,"pair":0,"slot":0,"node":1,"activity":2,"lambda_raw":[0.00079379776119087905,-4.1967783255762673e-09,-0.0026460260526087387],"gap":-0.00035280302981564464}
MORTAR_OBSERVER {"kind":"POST_RAW_AFTER_ACTIVE_LOOP","call_id":41,"pair":0,"slot":1,"node":2,"activity":2,"lambda_raw":[0.0089073832927414592,-3.8864431062634551e-08,-0.029691617593401463],"gap":-0.0019794423854805187}
MORTAR_OBSERVER {"kind":"POST_RAW_AFTER_ACTIVE_LOOP","call_id":41,"pair":0,"slot":2,"node":3,"activity":2,"lambda_raw":[0.0065184991574930053,-4.0270044805391818e-08,-0.021728567855865969],"gap":-0.002897143273236829}
MORTAR_OBSERVER {"kind":"POST_RAW_AFTER_ACTIVE_LOOP","call_id":41,"pair":0,"slot":3,"node":4,"activity":0,"lambda_raw":[0,0,0],"gap":0.02169520041707184}
MORTAR_OBSERVER {"kind":"POST_RAW_AFTER_ACTIVE_LOOP","call_id":41,"pair":0,"slot":4,"node":17,"activity":2,"lambda_raw":[0.0037148575730191818,-1.9579408520257215e-08,-0.012382999969989617],"gap":-0.0012382998108925306}
MORTAR_OBSERVER {"kind":"POST_RAW_AFTER_ACTIVE_LOOP","call_id":41,"pair":0,"slot":5,"node":18,"activity":2,"lambda_raw":[0.0080288246923079509,-3.9943180812087558e-08,-0.026763050454333998],"gap":-0.0026763063195205587}
MORTAR_OBSERVER {"kind":"POST_RAW_AFTER_ACTIVE_LOOP","call_id":41,"pair":0,"slot":6,"node":19,"activity":2,"lambda_raw":[0.0032739127598197687,-1.3822598269203444e-08,-0.010913171246987303],"gap":-0.002182633181662745}
MORTAR_OBSERVER {"kind":"POST_RAW_AFTER_ACTIVE_LOOP","call_id":41,"pair":0,"slot":7,"node":23,"activity":2,"lambda_raw":[0.0020200579463166423,-1.0649189940994493e-08,-0.006733611400446887],"gap":-0.00067336066294744706}
MORTAR_OBSERVER {"kind":"POST_RAW_AFTER_ACTIVE_LOOP","call_id":41,"pair":0,"slot":8,"node":24,"activity":0,"lambda_raw":[0,0,0],"gap":0.02464126838127921}
MORTAR_OBSERVER {"kind":"SUMMARY_PRE_OVERRIDE","call_id":41,"ndiverg":14,"flag":0,"keepset":0,"max_n":1.3010428290272102e-09,"max_t":[1.3010446053840496e-09,8.1268745530903297e-15],"lm_t_av":[35.999965990152376,0.00019150974551454655],"nstick":0,"nslip":7,"ninactive":2,"nnogap":0,"nolm":0}
MORTAR_OBSERVER {"kind":"SUMMARY_POST_OVERRIDE","call_id":41,"flag":0}
MORTAR_OBSERVER {"kind":"RETURN","call_id":41}
 Using up to 2 cpu(s) for the stress calculation.

 average force= 5.907520
 time avg. forc= 5.903303
 largest residual force= 0.000000 in node 20 and dof 1
 largest increment of disp= 1.250025e-01
 largest correction to disp= 8.924717e-14 in node 1 and dof 2

MORTAR_OBSERVER {"kind":"PRE_CHECK","call_id":41,"step":2,"inc":6,"cutback":0,"iteration":2,"time":0.75,"dtime":0.125,"ttime":1,"tper":1,"theta":0.625,"dtheta":0.125,"icntrl":0,"nmethod":1,"iexpl":0,"ithermal":0,"uncoupled":0,"mortar":2,"iflagdualquad":2}
 convergence; the increment size is increased to 1.875000e-01

 the increment size exceeds the maximum allowed and is decreased to 1.250000e-01

MORTAR_OBSERVER {"kind":"POST_CHECK","call_id":41,"step":2,"inc":6,"cutback":0,"iteration":2,"time":0.75,"dtime":0.125,"ttime":1,"tper":1,"theta":0.75,"dtheta":0.125,"icntrl":1,"nmethod":1,"iexpl":0,"ithermal":0,"uncoupled":0,"mortar":2,"iflagdualquad":2}
 Using up to 2 cpu(s) for the stress calculation.

 increment 7 attempt 1 
 increment size= 1.250000e-01
 sum of previous increments=7.500000e-01
 actual step time=8.750000e-01
 actual total time=1.875000e+00

 iteration 1

 Determining the structure of the matrix:

 Using up to 2 cpu(s) for setting up the structure of the matrix.
 number of equations
 75
 number of nonzero lower triangular matrix elements
 1143

 Using up to 2 cpu(s) for the stress calculation.

 Using up to 2 cpu(s) for the symmetric stiffness/mass contributions.

 Using up to 2 cpu(s) for the stress calculation.

 Using up to 2 cpu(s) for the symmetric stiffness/mass contributions.

 Factoring the system of equations using the unsymmetric spooles solver
 Using 1 cpu for spooles.

MORTAR_OBSERVER {"kind":"BEGIN","call_id":42,"step":2,"inc":7,"cutback":0,"iteration":1,"time":0.875,"dtime":0.125,"ttime":1,"tper":1,"theta":0.75,"dtheta":0.125,"icntrl":0,"nmethod":1,"iexpl":0,"ithermal":0,"uncoupled":0,"mortar":2,"iflagdualquad":2}
MORTAR_OBSERVER {"kind":"INVENTORY","call_id":42,"pair_count":1,"slave_count":9}
MORTAR_OBSERVER {"kind":"PAIR","call_id":42,"pair":0,"start":0,"end":9}
MORTAR_OBSERVER {"kind":"PRE_RAW","call_id":42,"pair":0,"slot":0,"node":1,"activity":2,"lambda_raw":[0.00079454267597113928,-8.5478006642061446e-10,-0.0026485090712942932],"lambda_start":[0.00079379776119087905,-4.1967783255762673e-09,-0.0026460260526087387],"ddtil_count":1}
MORTAR_OBSERVER {"kind":"DDTIL","call_id":42,"pair":0,"column_slot":0,"source_slot":0,"destination_slot":0,"entry":0,"value":1333.3330504524938}
MORTAR_OBSERVER {"kind":"PRE_RAW","call_id":42,"pair":0,"slot":1,"node":2,"activity":2,"lambda_raw":[0.0089079157593271539,-2.6902700721603072e-09,-0.029693391100230022],"lambda_start":[0.0089073832927414592,-3.8864431062634551e-08,-0.029691617593401463],"ddtil_count":1}
MORTAR_OBSERVER {"kind":"DDTIL","call_id":42,"pair":0,"column_slot":1,"source_slot":1,"destination_slot":1,"entry":1,"value":666.66770556287986}
MORTAR_OBSERVER {"kind":"PRE_RAW","call_id":42,"pair":0,"slot":2,"node":3,"activity":2,"lambda_raw":[0.0065184977406648314,-1.2116288882426039e-08,-0.021728562290124896],"lambda_start":[0.0065184991574930053,-4.0270044805391818e-08,-0.021728567855865969],"ddtil_count":1}
MORTAR_OBSERVER {"kind":"DDTIL","call_id":42,"pair":0,"column_slot":2,"source_slot":2,"destination_slot":2,"entry":2,"value":1333.3349464819098}
MORTAR_OBSERVER {"kind":"PRE_RAW","call_id":42,"pair":0,"slot":3,"node":4,"activity":0,"lambda_raw":[-5.4678524659543137e-20,-5.986988617265839e-20,6.1760146366379321e-20],"lambda_start":[0,0,0],"ddtil_count":1}
MORTAR_OBSERVER {"kind":"DDTIL","call_id":42,"pair":0,"column_slot":3,"source_slot":3,"destination_slot":3,"entry":3,"value":666.66656339885333}
MORTAR_OBSERVER {"kind":"PRE_RAW","call_id":42,"pair":0,"slot":4,"node":17,"activity":2,"lambda_raw":[0.0037130243326566679,-4.5931087980929964e-09,-0.012376888709396067],"lambda_start":[0.0037148575730191818,-1.9579408520257215e-08,-0.012382999969989617],"ddtil_count":1}
MORTAR_OBSERVER {"kind":"DDTIL","call_id":42,"pair":0,"column_slot":4,"source_slot":4,"destination_slot":4,"entry":4,"value":1000.0007928400543}
MORTAR_OBSERVER {"kind":"PRE_RAW","call_id":42,"pair":0,"slot":5,"node":18,"activity":2,"lambda_raw":[0.0080294668381559239,-7.6517430318122269e-09,-0.026765189774592305],"lambda_start":[0.0080288246923079509,-3.9943180812087558e-08,-0.026763050454333998],"ddtil_count":1}
MORTAR_OBSERVER {"kind":"DDTIL","call_id":42,"pair":0,"column_slot":5,"source_slot":5,"destination_slot":5,"entry":5,"value":1000.0014063665078}
MORTAR_OBSERVER {"kind":"PRE_RAW","call_id":42,"pair":0,"slot":6,"node":19,"activity":2,"lambda_raw":[0.0032740326535981665,-3.4660117354858804e-10,-0.01091357055821005],"lambda_start":[0.0032739127598197687,-1.3822598269203444e-08,-0.010913171246987303],"ddtil_count":1}
MORTAR_OBSERVER {"kind":"DDTIL","call_id":42,"pair":0,"column_slot":6,"source_slot":6,"destination_slot":6,"entry":6,"value":2000.0009693847412}
MORTAR_OBSERVER {"kind":"PRE_RAW","call_id":42,"pair":0,"slot":7,"node":23,"activity":2,"lambda_raw":[0.0020196643251891924,-1.9428069225556206e-09,-0.0067322990938150874],"lambda_start":[0.0020200579463166423,-1.0649189940994493e-08,-0.006733611400446887],"ddtil_count":1}
MORTAR_OBSERVER {"kind":"DDTIL","call_id":42,"pair":0,"column_slot":7,"source_slot":7,"destination_slot":7,"entry":7,"value":1000.000332603182}
MORTAR_OBSERVER {"kind":"PRE_RAW","call_id":42,"pair":0,"slot":8,"node":24,"activity":0,"lambda_raw":[-2.3518751180210977e-19,6.862360577235596e-20,1.1875659015486275e-19],"lambda_start":[0,0,0],"ddtil_count":1}
MORTAR_OBSERVER {"kind":"DDTIL","call_id":42,"pair":0,"column_slot":8,"source_slot":8,"destination_slot":8,"entry":8,"value":999.99974863737646}
MORTAR_OBSERVER {"kind":"LAW","call_id":42,"pair":0,"slot":0,"node":1,"activity":2,"ndof":3,"normal":[-3.4796910017155893e-06,3.0533289767983714e-07,-0.99999999999389932],"tangents":[0.99999999999394595,1.0624641365907082e-12,-3.4796910017154275e-06,2.0194839173657902e-28,0.99999999999995348,3.0533289768168568e-07],"ln":3.5313409928081452,"lt":[1.0594022978491768,-2.2179422170333385e-06],"lt_start":[1.0584090668327102,-6.6729280876808493e-06],"q":0.00035313409928081383,"ut":[166.66577051846966,-0.00034821235393905209],"gn":0.00035313409928081454,"gt":[9.9323101646664478e-06,4.4549858706475108e-08],"b":1.0594022957282492,"constant_n":10000000000,"constant_t":100,"mu":0.29999999999999999,"normal_mode":1,"tangent_mode":1,"normal_inverse_stiffness":0.0001,"tangent_inverse_stiffness":0.01,"p0":0,"beta":0,"iwan":1,"rn":2.1141943751246117e-09,"rt":[2.1232404723292575e-09,-4.264931003418261e-09]}
MORTAR_OBSERVER {"kind":"LAW","call_id":42,"pair":0,"slot":1,"node":2,"activity":2,"ndof":3,"normal":[-3.1382173467849864e-06,5.5529936836643083e-08,-0.99999999999507427],"tangents":[0.99999999999507583,1.7426501104748606e-13,-3.1382173467849818e-06,-0,0.99999999999999856,5.5529936836916523e-08],"ln":19.79560627839443,"lt":[5.9386818835623094,-2.8927659775383616e-06],"lt_start":[5.9383269015748983,-2.7008845230469599e-05],"q":0.0019795606278394419,"ut":[83.332969118647497,-4.032516225238721e-05],"gn":0.0019795606278394432,"gt":[3.5498198741112931e-06,2.4116079252931241e-07],"b":5.9386818796152019,"constant_n":10000000000,"constant_t":100,"mu":0.29999999999999999,"normal_mode":1,"tangent_mode":1,"normal_inverse_stiffness":0.0001,"tangent_inverse_stiffness":0.01,"p0":0,"beta":0,"iwan":1,"rn":3.9031267107247913e-09,"rt":[3.9478109670199046e-09,-1.8260669138194111e-09]}
MORTAR_OBSERVER {"kind":"LAW","call_id":42,"pair":0,"slot":2,"node":3,"activity":2,"ndof":3,"normal":[-2.99552794371056e-06,1.4280115582164105e-08,-0.99999999999551337],"tangents":[0.99999999999551348,4.2776485265981087e-14,-2.99552794371056e-06,-0,1,1.4280115582228175e-08],"ln":28.971425402947965,"lt":[8.6914276209451522,-1.6568787063731752e-05],"lt_start":[8.691429510073899,-5.4107173816516778e-05],"q":0.0028971425402947977,"ut":[166.66587746203854,-0.00031733465126111818],"gn":0.0028971425402947964,"gt":[-1.8891287467681651e-08,3.7538386752785025e-07],"b":8.6914276247875168,"constant_n":10000000000,"constant_t":100,"mu":0.29999999999999999,"normal_mode":1,"tangent_mode":1,"normal_inverse_stiffness":0.0001,"tangent_inverse_stiffness":0.01,"p0":0,"beta":0,"iwan":1,"rn":-3.9031284870816307e-09,"rt":[-3.8265728363739981e-09,-5.8565008452613615e-10]}
MORTAR_OBSERVER {"kind":"LAW","call_id":42,"pair":0,"slot":3,"node":4,"activity":0,"ndof":3,"normal":[-3.9705513801219668e-06,1.1264739576197181e-07,-0.99999999999211109],"tangents":[0.99999999999211742,4.4727227271336827e-13,-3.9705513801219422e-06,5.0487097934144756e-29,0.99999999999999378,1.1264739576285978e-07],"ln":-4.1173284292977996e-17,"lt":[-3.6452507607425196e-17,-3.9913246627727407e-17],"lt_start":[0,0],"q":-0.025235253369745074,"ut":[83.332893983994452,-2.5029319278033225e-05],"gn":-4.1173284292977997e-21,"gt":[-3.6452507607425196e-19,-3.9913246627727408e-19],"b":-75705760.109235212,"constant_n":10000000000,"constant_t":100,"mu":0.29999999999999999,"normal_mode":1,"tangent_mode":1,"normal_inverse_stiffness":0.0001,"tangent_inverse_stiffness":0.01,"p0":0,"beta":0,"iwan":1,"rn":-1.2351985287893399e-17,"rt":[-3.6452507607425196e-17,-3.9913246627727407e-17]}
MORTAR_OBSERVER {"kind":"LAW","call_id":42,"pair":0,"slot":4,"node":17,"activity":2,"ndof":3,"normal":[-3.1340024444151596e-06,5.4795802384083536e-09,-0.99999999999508904],"tangents":[0.99999999999508904,1.717301786162512e-14,-3.1340024444151596e-06,-0,1,5.4795802384352643e-09],"ln":12.376886885591816,"lt":[3.7130660657030696,-4.6609326482494796e-06],"lt_start":[3.714899326671762,-1.9647277739321711e-05],"q":0.0012376886885591808,"ut":[124.99940635235049,-0.0001570005663024883],"gn":0.0012376886885591817,"gt":[-1.8332609686924072e-05,1.4986345091072232e-07],"b":3.7130660630754595,"constant_n":10000000000,"constant_t":100,"mu":0.29999999999999999,"normal_mode":1,"tangent_mode":1,"normal_inverse_stiffness":0.0001,"tangent_inverse_stiffness":0.01,"p0":0,"beta":0,"iwan":1,"rn":2.6020852139652106e-09,"rt":[2.6305451150676618e-09,7.1661282212742952e-09]}
MORTAR_OBSERVER {"kind":"LAW","call_id":42,"pair":0,"slot":5,"node":18,"activity":2,"ndof":3,"normal":[-3.0881670027110065e-06,5.6199295360966277e-08,-0.99999999999523004],"tangents":[0.99999999999523159,1.7355280951017336e-13,-3.0881670027110019e-06,2.5243548967072378e-29,0.99999999999999845,5.6199295361234257e-08],"ln":26.765202619761265,"lt":[8.0295607859829996,-9.155940713944272e-06],"lt_start":[8.0289186326253503,-4.1447303679355979e-05],"q":0.0026765202619761261,"ut":[124.99942792544468,-0.00014216302816140612],"gn":0.0026765202619761265,"gt":[6.4215335764927776e-06,3.2291362965411707e-07],"b":8.0295607846273374,"constant_n":10000000000,"constant_t":100,"mu":0.29999999999999999,"normal_mode":1,"tangent_mode":1,"normal_inverse_stiffness":0.0001,"tangent_inverse_stiffness":0.01,"p0":0,"beta":0,"iwan":1,"rn":1.3010410526703708e-09,"rt":[1.3608794091624077e-09,-3.100118954310331e-09]}
MORTAR_OBSERVER {"kind":"LAW","call_id":42,"pair":0,"slot":6,"node":19,"activity":2,"ndof":3,"normal":[-3.2376094173280757e-06,1.5980623722863546e-07,-0.9999999999947462],"tangents":[0.99999999999475897,5.1739017860190636e-13,-3.2376094173280346e-06,-0,0.99999999999998723,1.5980623722947301e-07],"ln":21.827130495665905,"lt":[6.5481391487511953,-4.1813176650407712e-06],"lt_start":[6.5478993584925487,-3.1133197294866257e-05],"q":0.0021827130495665915,"ut":[249.99871554793711,-0.00015931356484389039],"gn":0.0021827130495665906,"gt":[2.3979025864662165e-06,2.6951879629825488e-07],"b":6.5481391513018563,"constant_n":10000000000,"constant_t":100,"mu":0.29999999999999999,"normal_mode":1,"tangent_mode":1,"normal_inverse_stiffness":0.0001,"tangent_inverse_stiffness":0.01,"p0":0,"beta":0,"iwan":1,"rn":-2.6020847698760008e-09,"rt":[-2.5493278599242331e-09,-1.4068294049586128e-09]}
MORTAR_OBSERVER {"kind":"LAW","call_id":42,"pair":0,"slot":7,"node":23,"activity":2,"ndof":3,"normal":[-3.4617450528100826e-06,4.2169377606842597e-08,-0.99999999999400735],"tangents":[0.99999999999400824,1.4597963431144234e-13,-3.4617450528100796e-06,-0,0.99999999999999922,4.2169377607095271e-08],"ln":6.73229434139345,"lt":[2.0196883024347057,-2.2267045258153768e-06],"lt_start":[2.0200819282359452,-1.0933145779197236e-05],"q":0.00067322943413934591,"ut":[124.9993457972852,-0.00013782168152445595],"gn":0.00067322943413934504,"gt":[-3.9362580123958325e-06,8.7064412533818603e-08],"b":2.0196883050201202,"constant_n":10000000000,"constant_t":100,"mu":0.29999999999999999,"normal_mode":1,"tangent_mode":1,"normal_inverse_stiffness":0.0001,"tangent_inverse_stiffness":0.01,"p0":0,"beta":0,"iwan":1,"rn":-2.6020852139652106e-09,"rt":[-2.5841853101837842e-09,1.5682631913454631e-09]}
MORTAR_OBSERVER {"kind":"LAW","call_id":42,"pair":0,"slot":8,"node":24,"activity":0,"ndof":3,"normal":[-3.9000730958500294e-06,3.8394194760288301e-07,-0.99999999999232103],"tangents":[0.99999999999239475,1.497401660225654e-12,-3.9000730958497422e-06,-0,0.99999999999992639,3.83941947605803e-07],"ln":-1.1875561670725182e-16,"lt":[-2.3518791584213422e-16,6.8623634118566371e-17],"lt_start":[0,0],"q":-0.028707968240962778,"ut":[124.99932392028329,-0.00014767953992794166],"gn":-1.1875561670725181e-20,"gt":[-2.3518791584213423e-18,6.8623634118566374e-19],"b":-86123904.722888336,"constant_n":10000000000,"constant_t":100,"mu":0.29999999999999999,"normal_mode":1,"tangent_mode":1,"normal_inverse_stiffness":0.0001,"tangent_inverse_stiffness":0.01,"p0":0,"beta":0,"iwan":1,"rn":-3.5626685012175542e-17,"rt":[-2.3518791584213422e-16,6.8623634118566371e-17]}
MORTAR_OBSERVER {"kind":"POST_RAW_AFTER_ACTIVE_LOOP","call_id":42,"pair":0,"slot":0,"node":1,"activity":2,"lambda_raw":[0.00079454267597113928,-8.5478006642061446e-10,-0.0026485090712942932],"gap":-0.00035313409928081383}
MORTAR_OBSERVER {"kind":"POST_RAW_AFTER_ACTIVE_LOOP","call_id":42,"pair":0,"slot":1,"node":2,"activity":2,"lambda_raw":[0.0089079157593271539,-2.6902700721603072e-09,-0.029693391100230022],"gap":-0.0019795606278394419}
MORTAR_OBSERVER {"kind":"POST_RAW_AFTER_ACTIVE_LOOP","call_id":42,"pair":0,"slot":2,"node":3,"activity":2,"lambda_raw":[0.0065184977406648314,-1.2116288882426039e-08,-0.021728562290124896],"gap":-0.0028971425402947977}
MORTAR_OBSERVER {"kind":"POST_RAW_AFTER_ACTIVE_LOOP","call_id":42,"pair":0,"slot":3,"node":4,"activity":0,"lambda_raw":[0,0,0],"gap":0.025235253369745074}
MORTAR_OBSERVER {"kind":"POST_RAW_AFTER_ACTIVE_LOOP","call_id":42,"pair":0,"slot":4,"node":17,"activity":2,"lambda_raw":[0.0037130243326566679,-4.5931087980929964e-09,-0.012376888709396067],"gap":-0.0012376886885591808}
MORTAR_OBSERVER {"kind":"POST_RAW_AFTER_ACTIVE_LOOP","call_id":42,"pair":0,"slot":5,"node":18,"activity":2,"lambda_raw":[0.0080294668381559239,-7.6517430318122269e-09,-0.026765189774592305],"gap":-0.0026765202619761261}
MORTAR_OBSERVER {"kind":"POST_RAW_AFTER_ACTIVE_LOOP","call_id":42,"pair":0,"slot":6,"node":19,"activity":2,"lambda_raw":[0.0032740326535981665,-3.4660117354858804e-10,-0.01091357055821005],"gap":-0.0021827130495665915}
MORTAR_OBSERVER {"kind":"POST_RAW_AFTER_ACTIVE_LOOP","call_id":42,"pair":0,"slot":7,"node":23,"activity":2,"lambda_raw":[0.0020196643251891924,-1.9428069225556206e-09,-0.0067322990938150874],"gap":-0.00067322943413934591}
MORTAR_OBSERVER {"kind":"POST_RAW_AFTER_ACTIVE_LOOP","call_id":42,"pair":0,"slot":8,"node":24,"activity":0,"lambda_raw":[0,0,0],"gap":0.028707968240962778}
MORTAR_OBSERVER {"kind":"SUMMARY_PRE_OVERRIDE","call_id":42,"ndiverg":14,"flag":0,"keepset":0,"max_n":3.9031284870816307e-09,"max_t":[3.9478109670199046e-09,7.1661282212742952e-09],"lm_t_av":[35.999966105228616,4.1904390811353349e-05],"nstick":0,"nslip":7,"ninactive":2,"nnogap":0,"nolm":0}
MORTAR_OBSERVER {"kind":"SUMMARY_POST_OVERRIDE","call_id":42,"flag":0}
MORTAR_OBSERVER {"kind":"RETURN","call_id":42}
 Using up to 2 cpu(s) for the stress calculation.

 average force= 5.908701
 time avg. forc= 5.904074
 largest residual force= 0.000000 in node 21 and dof 1
 largest increment of disp= 1.250017e-01
 largest correction to disp= 1.986652e-06 in node 3 and dof 1

MORTAR_OBSERVER {"kind":"PRE_CHECK","call_id":42,"step":2,"inc":7,"cutback":0,"iteration":1,"time":0.875,"dtime":0.125,"ttime":1,"tper":1,"theta":0.75,"dtheta":0.125,"icntrl":0,"nmethod":1,"iexpl":0,"ithermal":0,"uncoupled":0,"mortar":2,"iflagdualquad":2}
 no convergence

MORTAR_OBSERVER {"kind":"POST_CHECK","call_id":42,"step":2,"inc":7,"cutback":0,"iteration":2,"time":0.875,"dtime":0.125,"ttime":1,"tper":1,"theta":0.75,"dtheta":0.125,"icntrl":0,"nmethod":1,"iexpl":0,"ithermal":0,"uncoupled":0,"mortar":2,"iflagdualquad":2}
 iteration 2

 Determining the structure of the matrix:

 Using up to 2 cpu(s) for setting up the structure of the matrix.
 number of equations
 75
 number of nonzero lower triangular matrix elements
 1143

 Using up to 2 cpu(s) for the stress calculation.

 Using up to 2 cpu(s) for the symmetric stiffness/mass contributions.

 Using up to 2 cpu(s) for the stress calculation.

 Using up to 2 cpu(s) for the symmetric stiffness/mass contributions.

 Factoring the system of equations using the unsymmetric spooles solver
 Using 1 cpu for spooles.

MORTAR_OBSERVER {"kind":"BEGIN","call_id":43,"step":2,"inc":7,"cutback":0,"iteration":2,"time":0.875,"dtime":0.125,"ttime":1,"tper":1,"theta":0.75,"dtheta":0.125,"icntrl":0,"nmethod":1,"iexpl":0,"ithermal":0,"uncoupled":0,"mortar":2,"iflagdualquad":2}
MORTAR_OBSERVER {"kind":"INVENTORY","call_id":43,"pair_count":1,"slave_count":9}
MORTAR_OBSERVER {"kind":"PAIR","call_id":43,"pair":0,"start":0,"end":9}
MORTAR_OBSERVER {"kind":"PRE_RAW","call_id":43,"pair":0,"slot":0,"node":1,"activity":2,"lambda_raw":[0.00079454267586842576,-8.5158207395587391e-10,-0.002648509070974526],"lambda_start":[0.00079379776119087905,-4.1967783255762673e-09,-0.0026460260526087387],"ddtil_count":1}
MORTAR_OBSERVER {"kind":"DDTIL","call_id":43,"pair":0,"column_slot":0,"source_slot":0,"destination_slot":0,"entry":0,"value":1333.3330504524938}
MORTAR_OBSERVER {"kind":"PRE_RAW","call_id":43,"pair":0,"slot":1,"node":2,"activity":2,"lambda_raw":[0.0089079157586602724,-2.6875374662301799e-09,-0.029693391098230482],"lambda_start":[0.0089073832927414592,-3.8864431062634551e-08,-0.029691617593401463],"ddtil_count":1}
MORTAR_OBSERVER {"kind":"DDTIL","call_id":43,"pair":0,"column_slot":1,"source_slot":1,"destination_slot":1,"entry":1,"value":666.66770556287986}
MORTAR_OBSERVER {"kind":"PRE_RAW","call_id":43,"pair":0,"slot":2,"node":3,"activity":2,"lambda_raw":[0.0065184977407955367,-1.2115854216960318e-08,-0.021728562290751978],"lambda_start":[0.0065184991574930053,-4.0270044805391818e-08,-0.021728567855865969],"ddtil_count":1}
MORTAR_OBSERVER {"kind":"DDTIL","call_id":43,"pair":0,"column_slot":2,"source_slot":2,"destination_slot":2,"entry":2,"value":1333.3349464819098}
MORTAR_OBSERVER {"kind":"PRE_RAW","call_id":43,"pair":0,"slot":3,"node":4,"activity":0,"lambda_raw":[-6.2038555551356034e-28,2.1713494442974612e-27,5.583469999622043e-27],"lambda_start":[0,0,0],"ddtil_count":1}
MORTAR_OBSERVER {"kind":"DDTIL","call_id":43,"pair":0,"column_slot":3,"source_slot":3,"destination_slot":3,"entry":3,"value":666.66656339885333}
MORTAR_OBSERVER {"kind":"PRE_RAW","call_id":43,"pair":0,"slot":4,"node":17,"activity":2,"lambda_raw":[0.0037130243322728075,-4.6002753378436949e-09,-0.012376888708211384],"lambda_start":[0.0037148575730191818,-1.9579408520257215e-08,-0.012382999969989617],"ddtil_count":1}
MORTAR_OBSERVER {"kind":"DDTIL","call_id":43,"pair":0,"column_slot":4,"source_slot":4,"destination_slot":4,"entry":4,"value":1000.0007928400543}
MORTAR_OBSERVER {"kind":"PRE_RAW","call_id":43,"pair":0,"slot":5,"node":18,"activity":2,"lambda_raw":[0.0080294668379917722,-7.6486493970962406e-09,-0.026765189774244587],"lambda_start":[0.0080288246923079509,-3.9943180812087558e-08,-0.026763050454333998],"ddtil_count":1}
MORTAR_OBSERVER {"kind":"DDTIL","call_id":43,"pair":0,"column_slot":5,"source_slot":5,"destination_slot":5,"entry":5,"value":1000.0014063665078}
MORTAR_OBSERVER {"kind":"PRE_RAW","call_id":43,"pair":0,"slot":6,"node":19,"activity":2,"lambda_raw":[0.0032740326537715695,-3.4589908975392839e-10,-0.010913570558875995],"lambda_start":[0.0032739127598197687,-1.3822598269203444e-08,-0.010913171246987303],"ddtil_count":1}
MORTAR_OBSERVER {"kind":"DDTIL","call_id":43,"pair":0,"column_slot":6,"source_slot":6,"destination_slot":6,"entry":6,"value":2000.0009693847412}
MORTAR_OBSERVER {"kind":"PRE_RAW","call_id":43,"pair":0,"slot":7,"node":23,"activity":2,"lambda_raw":[0.0020196643255084297,-1.9443759996237753e-09,-0.0067322990949388907],"lambda_start":[0.0020200579463166423,-1.0649189940994493e-08,-0.006733611400446887],"ddtil_count":1}
MORTAR_OBSERVER {"kind":"DDTIL","call_id":43,"pair":0,"column_slot":7,"source_slot":7,"destination_slot":7,"entry":7,"value":1000.000332603182}
MORTAR_OBSERVER {"kind":"PRE_RAW","call_id":43,"pair":0,"slot":8,"node":24,"activity":0,"lambda_raw":[-1.6543616409507378e-27,-2.6366388652652382e-27,4.9630849228522133e-27],"lambda_start":[0,0,0],"ddtil_count":1}
MORTAR_OBSERVER {"kind":"DDTIL","call_id":43,"pair":0,"column_slot":8,"source_slot":8,"destination_slot":8,"entry":8,"value":999.99974863737646}
MORTAR_OBSERVER {"kind":"LAW","call_id":43,"pair":0,"slot":0,"node":1,"activity":2,"ndof":3,"normal":[-3.4796910017155893e-06,3.0533289767983714e-07,-0.99999999999389932],"tangents":[0.99999999999394595,1.0624641365907082e-12,-3.4796910017154275e-06,2.0194839173657902e-28,0.99999999999995348,3.0533289768168568e-07],"ln":3.5313409923817907,"lt":[1.0594022977122244,-2.2136782278548214e-06],"lt_start":[1.0584090668327102,-6.6729280876808493e-06],"q":0.0003531340992381791,"ut":[166.66577051851235,-0.00034821250146398577],"gn":0.0003531340992381791,"gt":[9.9323087951419538e-06,4.4592498598260284e-08],"b":1.0594022977145372,"constant_n":10000000000,"constant_t":100,"mu":0.29999999999999999,"normal_mode":1,"tangent_mode":1,"normal_inverse_stiffness":0.0001,"tangent_inverse_stiffness":0.01,"p0":0,"beta":0,"iwan":1,"rn":0,"rt":[0,2.541098841762901e-21]}
MORTAR_OBSERVER {"kind":"LAW","call_id":43,"pair":0,"slot":1,"node":2,"activity":2,"ndof":3,"normal":[-3.1382173467849864e-06,5.5529936836643083e-08,-0.99999999999507427],"tangents":[0.99999999999507583,1.7426501104748606e-13,-3.1382173467849818e-06,-0,0.99999999999999856,5.5529936836916523e-08],"ln":19.795606277061403,"lt":[5.9386818831177166,-2.8909442373386937e-06],"lt_start":[5.9383269015748983,-2.7008845230469599e-05],"q":0.0019795606277061401,"ut":[83.33296911864673,-4.0325222985166333e-05],"gn":0.0019795606277061405,"gt":[3.5498154281832229e-06,2.4117900993130907e-07],"b":5.9386818818173781,"constant_n":10000000000,"constant_t":100,"mu":0.29999999999999999,"normal_mode":1,"tangent_mode":1,"normal_inverse_stiffness":0.0001,"tangent_inverse_stiffness":0.01,"p0":0,"beta":0,"iwan":1,"rn":1.3010428290272102e-09,"rt":[1.3010419408487905e-09,-6.3334389883745908e-16]}
MORTAR_OBSERVER {"kind":"LAW","call_id":43,"pair":0,"slot":2,"node":3,"activity":2,"ndof":3,"normal":[-2.99552794371056e-06,1.4280115582164105e-08,-0.99999999999551337],"tangents":[0.99999999999551348,4.2776485265981087e-14,-2.99552794371056e-06,-0,1,1.4280115582228175e-08],"ln":28.971425403784075,"lt":[8.691427621119427,-1.6568207509088219e-05],"lt_start":[8.691429510073899,-5.4107173816516778e-05],"q":0.0028971425403784079,"ut":[166.66587746205727,-0.00031733476834120355],"gn":0.0028971425403784075,"gt":[-1.8889544719513652e-08,3.7538966307428555e-07],"b":8.6914276224362652,"constant_n":10000000000,"constant_t":100,"mu":0.29999999999999999,"normal_mode":1,"tangent_mode":1,"normal_inverse_stiffness":0.0001,"tangent_inverse_stiffness":0.01,"p0":0,"beta":0,"iwan":1,"rn":-1.3010428290272102e-09,"rt":[-1.3010481580977284e-09,2.4801294102195365e-15]}
MORTAR_OBSERVER {"kind":"LAW","call_id":43,"pair":0,"slot":3,"node":4,"activity":0,"ndof":3,"normal":[-3.9705513801219668e-06,1.1264739576197181e-07,-0.99999999999211109],"tangents":[0.99999999999211742,4.4727227271336827e-13,-3.9705513801219422e-06,5.0487097934144756e-29,0.99999999999999378,1.1264739576285978e-07],"ln":-3.7223109512131498e-24,"lt":[-4.1360508590665869e-25,1.4475664912766276e-24],"lt_start":[0,0],"q":-0.025235253354356512,"ut":[83.332893984007072,-2.5029374771237695e-05],"gn":-3.7223109512131499e-28,"gt":[-4.136050859066587e-27,1.4475664912766278e-26],"b":-75705760.063069537,"constant_n":10000000000,"constant_t":100,"mu":0.29999999999999999,"normal_mode":1,"tangent_mode":1,"normal_inverse_stiffness":0.0001,"tangent_inverse_stiffness":0.01,"p0":0,"beta":0,"iwan":1,"rn":-1.1166932853639449e-24,"rt":[-4.1360508590665869e-25,1.4475664912766276e-24]}
MORTAR_OBSERVER {"kind":"LAW","call_id":43,"pair":0,"slot":4,"node":17,"activity":2,"ndof":3,"normal":[-3.1340024444151596e-06,5.4795802384083536e-09,-0.99999999999508904],"tangents":[0.99999999999508904,1.717301786162512e-14,-3.1340024444151596e-06,-0,1,5.4795802384352643e-09],"ln":12.376886884407133,"lt":[3.7130660653192051,-4.6680991936756064e-06],"lt_start":[3.714899326671762,-1.9647277739321711e-05],"q":0.0012376886884407131,"ut":[124.99940635237435,-0.00015700058025666964],"gn":0.0012376886884407133,"gt":[-1.8332613525569029e-05,1.4979178545646106e-07],"b":3.7130660646716187,"constant_n":10000000000,"constant_t":100,"mu":0.29999999999999999,"normal_mode":1,"tangent_mode":1,"normal_inverse_stiffness":0.0001,"tangent_inverse_stiffness":0.01,"p0":0,"beta":0,"iwan":1,"rn":6.5052097042439527e-10,"rt":[6.5052097042439527e-10,-8.1784249782602264e-16]}
MORTAR_OBSERVER {"kind":"LAW","call_id":43,"pair":0,"slot":5,"node":18,"activity":2,"ndof":3,"normal":[-3.0881670027110065e-06,5.6199295360966277e-08,-0.99999999999523004],"tangents":[0.99999999999523159,1.7355280951017336e-13,-3.0881670027110019e-06,2.5243548967072378e-29,0.99999999999999845,5.6199295361234257e-08],"ln":26.765202619413547,"lt":[8.0295607858188465,-9.1528470748579615e-06],"lt_start":[8.0289186326253503,-4.1447303679355979e-05],"q":0.0026765202619413553,"ut":[124.99942792544641,-0.0001421631290796839],"gn":0.0026765202619413548,"gt":[6.4215319349614225e-06,3.229445660449802e-07],"b":8.0295607871251065,"constant_n":10000000000,"constant_t":100,"mu":0.29999999999999999,"normal_mode":1,"tangent_mode":1,"normal_inverse_stiffness":0.0001,"tangent_inverse_stiffness":0.01,"p0":0,"beta":0,"iwan":1,"rn":-1.3010428290272102e-09,"rt":[-1.3010428290272102e-09,1.4830513526227149e-15]}
MORTAR_OBSERVER {"kind":"LAW","call_id":43,"pair":0,"slot":6,"node":19,"activity":2,"ndof":3,"normal":[-3.2376094173280757e-06,1.5980623722863546e-07,-0.9999999999947462],"tangents":[0.99999999999475897,5.1739017860190636e-13,-3.2376094173280346e-06,-0,0.99999999999998723,1.5980623722947301e-07],"ln":21.827130496997796,"lt":[6.5481391490980059,-4.179913496983707e-06],"lt_start":[6.5478993584925487,-3.1133197294866257e-05],"q":0.0021827130496997792,"ut":[249.998715547947,-0.00015931366653070865],"gn":0.0021827130496997796,"gt":[2.3979060545720188e-06,2.6953283797882553e-07],"b":6.5481391477982962,"constant_n":10000000000,"constant_t":100,"mu":0.29999999999999999,"normal_mode":1,"tangent_mode":1,"normal_inverse_stiffness":0.0001,"tangent_inverse_stiffness":0.01,"p0":0,"beta":0,"iwan":1,"rn":1.3010428290272102e-09,"rt":[1.3010437172056299e-09,-8.3050140522273816e-16]}
MORTAR_OBSERVER {"kind":"LAW","call_id":43,"pair":0,"slot":7,"node":23,"activity":2,"ndof":3,"normal":[-3.4617450528100826e-06,4.2169377606842597e-08,-0.99999999999400735],"tangents":[0.99999999999400824,1.4597963431144234e-13,-3.4617450528100796e-06,-0,0.99999999999999922,4.2169377607095271e-08],"ln":6.7322943425172523,"lt":[2.0196883027539472,-2.2282736034528018e-06],"lt_start":[2.0200819282359452,-1.0933145779197236e-05],"q":0.00067322943425172531,"ut":[124.99934579729968,-0.00013782173209370355],"gn":0.00067322943425172531,"gt":[-3.9362548199806113e-06,8.7048721757444345e-08],"b":2.0196883027551755,"constant_n":10000000000,"constant_t":100,"mu":0.29999999999999999,"normal_mode":1,"tangent_mode":1,"normal_inverse_stiffness":0.0001,"tangent_inverse_stiffness":0.01,"p0":0,"beta":0,"iwan":1,"rn":0,"rt":[8.8817841970012523e-16,-8.4703294725430034e-22]}
MORTAR_OBSERVER {"kind":"LAW","call_id":43,"pair":0,"slot":8,"node":24,"activity":0,"ndof":3,"normal":[-3.9000730958500294e-06,3.8394194760288301e-07,-0.99999999999232103],"tangents":[0.99999999999239475,1.497401660225654e-12,-3.9000730958497422e-06,-0,0.99999999999992639,3.83941947605803e-07],"ln":-4.9630782354663571e-24,"lt":[-1.6543805814865364e-24,-2.6366362969765691e-24],"lt_start":[0,0],"q":-0.028707968229593518,"ut":[124.99932392031258,-0.00014767962973900479],"gn":-4.9630782354663571e-28,"gt":[-1.6543805814865365e-26,-2.636636296976569e-26],"b":-86123904.688780546,"constant_n":10000000000,"constant_t":100,"mu":0.29999999999999999,"normal_mode":1,"tangent_mode":1,"normal_inverse_stiffness":0.0001,"tangent_inverse_stiffness":0.01,"p0":0,"beta":0,"iwan":1,"rn":-1.4889234706399071e-24,"rt":[-1.6543805814865364e-24,-2.6366362969765691e-24]}
MORTAR_OBSERVER {"kind":"POST_RAW_AFTER_ACTIVE_LOOP","call_id":43,"pair":0,"slot":0,"node":1,"activity":2,"lambda_raw":[0.00079454267586842576,-8.5158207395587391e-10,-0.002648509070974526],"gap":-0.0003531340992381791}
MORTAR_OBSERVER {"kind":"POST_RAW_AFTER_ACTIVE_LOOP","call_id":43,"pair":0,"slot":1,"node":2,"activity":2,"lambda_raw":[0.0089079157586602724,-2.6875374662301799e-09,-0.029693391098230482],"gap":-0.0019795606277061401}
MORTAR_OBSERVER {"kind":"POST_RAW_AFTER_ACTIVE_LOOP","call_id":43,"pair":0,"slot":2,"node":3,"activity":2,"lambda_raw":[0.0065184977407955367,-1.2115854216960318e-08,-0.021728562290751978],"gap":-0.0028971425403784079}
MORTAR_OBSERVER {"kind":"POST_RAW_AFTER_ACTIVE_LOOP","call_id":43,"pair":0,"slot":3,"node":4,"activity":0,"lambda_raw":[0,0,0],"gap":0.025235253354356512}
MORTAR_OBSERVER {"kind":"POST_RAW_AFTER_ACTIVE_LOOP","call_id":43,"pair":0,"slot":4,"node":17,"activity":2,"lambda_raw":[0.0037130243322728075,-4.6002753378436949e-09,-0.012376888708211384],"gap":-0.0012376886884407131}
MORTAR_OBSERVER {"kind":"POST_RAW_AFTER_ACTIVE_LOOP","call_id":43,"pair":0,"slot":5,"node":18,"activity":2,"lambda_raw":[0.0080294668379917722,-7.6486493970962406e-09,-0.026765189774244587],"gap":-0.0026765202619413553}
MORTAR_OBSERVER {"kind":"POST_RAW_AFTER_ACTIVE_LOOP","call_id":43,"pair":0,"slot":6,"node":19,"activity":2,"lambda_raw":[0.0032740326537715695,-3.4589908975392839e-10,-0.010913570558875995],"gap":-0.0021827130496997792}
MORTAR_OBSERVER {"kind":"POST_RAW_AFTER_ACTIVE_LOOP","call_id":43,"pair":0,"slot":7,"node":23,"activity":2,"lambda_raw":[0.0020196643255084297,-1.9443759996237753e-09,-0.0067322990949388907],"gap":-0.00067322943425172531}
MORTAR_OBSERVER {"kind":"POST_RAW_AFTER_ACTIVE_LOOP","call_id":43,"pair":0,"slot":8,"node":24,"activity":0,"lambda_raw":[0,0,0],"gap":0.028707968229593518}
MORTAR_OBSERVER {"kind":"SUMMARY_PRE_OVERRIDE","call_id":43,"ndiverg":14,"flag":0,"keepset":0,"max_n":1.3010428290272102e-09,"max_t":[1.3010481580977284e-09,2.4801294102195365e-15],"lm_t_av":[35.999966104939375,4.1901963343251806e-05],"nstick":0,"nslip":7,"ninactive":2,"nnogap":0,"nolm":0}
MORTAR_OBSERVER {"kind":"SUMMARY_POST_OVERRIDE","call_id":43,"flag":0}
MORTAR_OBSERVER {"kind":"RETURN","call_id":43}
 Using up to 2 cpu(s) for the stress calculation.

 average force= 5.908701
 time avg. forc= 5.904074
 largest residual force= 0.000000 in node 17 and dof 1
 largest increment of disp= 1.250017e-01
 largest correction to disp= 9.341921e-14 in node 1 and dof 2

MORTAR_OBSERVER {"kind":"PRE_CHECK","call_id":43,"step":2,"inc":7,"cutback":0,"iteration":2,"time":0.875,"dtime":0.125,"ttime":1,"tper":1,"theta":0.75,"dtheta":0.125,"icntrl":0,"nmethod":1,"iexpl":0,"ithermal":0,"uncoupled":0,"mortar":2,"iflagdualquad":2}
 convergence; the increment size is increased to 1.875000e-01

 the increment size exceeds the maximum allowed and is decreased to 1.250000e-01

MORTAR_OBSERVER {"kind":"POST_CHECK","call_id":43,"step":2,"inc":7,"cutback":0,"iteration":2,"time":0.875,"dtime":0.125,"ttime":1,"tper":1,"theta":0.875,"dtheta":0.125,"icntrl":1,"nmethod":1,"iexpl":0,"ithermal":0,"uncoupled":0,"mortar":2,"iflagdualquad":2}
 Using up to 2 cpu(s) for the stress calculation.

 increment 8 attempt 1 
 increment size= 1.250000e-01
 sum of previous increments=8.750000e-01
 actual step time=1.000000e+00
 actual total time=2.000000e+00

 iteration 1

 Determining the structure of the matrix:

 Using up to 2 cpu(s) for setting up the structure of the matrix.
 number of equations
 75
 number of nonzero lower triangular matrix elements
 1143

 Using up to 2 cpu(s) for the stress calculation.

 Using up to 2 cpu(s) for the symmetric stiffness/mass contributions.

 Using up to 2 cpu(s) for the stress calculation.

 Using up to 2 cpu(s) for the symmetric stiffness/mass contributions.

 Factoring the system of equations using the unsymmetric spooles solver
 Using 1 cpu for spooles.

MORTAR_OBSERVER {"kind":"BEGIN","call_id":44,"step":2,"inc":8,"cutback":0,"iteration":1,"time":1,"dtime":0.125,"ttime":1,"tper":1,"theta":0.875,"dtheta":0.125,"icntrl":0,"nmethod":1,"iexpl":0,"ithermal":0,"uncoupled":0,"mortar":2,"iflagdualquad":2}
MORTAR_OBSERVER {"kind":"INVENTORY","call_id":44,"pair_count":1,"slave_count":9}
MORTAR_OBSERVER {"kind":"PAIR","call_id":44,"pair":0,"start":0,"end":9}
MORTAR_OBSERVER {"kind":"PRE_RAW","call_id":44,"pair":0,"slot":0,"node":1,"activity":2,"lambda_raw":[0.00079478095044027881,-4.1527084154753461e-11,-0.0026493035189958849],"lambda_start":[0.00079454267586842576,-8.5158207395587391e-10,-0.002648509070974526],"ddtil_count":1}
MORTAR_OBSERVER {"kind":"DDTIL","call_id":44,"pair":0,"column_slot":0,"source_slot":0,"destination_slot":0,"entry":0,"value":1333.3330503224486}
MORTAR_OBSERVER {"kind":"PRE_RAW","call_id":44,"pair":0,"slot":1,"node":2,"activity":2,"lambda_raw":[0.0089081408752752396,6.0568109303691332e-09,-0.029694144264612241],"lambda_start":[0.0089079157586602724,-2.6875374662301799e-09,-0.029693391098230482],"ddtil_count":1}
MORTAR_OBSERVER {"kind":"DDTIL","call_id":44,"pair":0,"column_slot":1,"source_slot":1,"destination_slot":1,"entry":1,"value":666.66770529874145}
MORTAR_OBSERVER {"kind":"PRE_RAW","call_id":44,"pair":0,"slot":2,"node":3,"activity":2,"lambda_raw":[0.0065185306931206007,-5.1424084584939953e-09,-0.02172867400379962],"lambda_start":[0.0065184977407955367,-1.2115854216960318e-08,-0.021728562290751978],"ddtil_count":1}
MORTAR_OBSERVER {"kind":"DDTIL","call_id":44,"pair":0,"column_slot":2,"source_slot":2,"destination_slot":2,"entry":2,"value":1333.3349463311988}
MORTAR_OBSERVER {"kind":"PRE_RAW","call_id":44,"pair":0,"slot":3,"node":4,"activity":0,"lambda_raw":[4.6777964240016494e-21,-2.8825276813419415e-20,-1.2662297489670978e-20],"lambda_start":[0,0,0],"ddtil_count":1}
MORTAR_OBSERVER {"kind":"DDTIL","call_id":44,"pair":0,"column_slot":3,"source_slot":3,"destination_slot":3,"entry":3,"value":666.66656341176395}
MORTAR_OBSERVER {"kind":"PRE_RAW","call_id":44,"pair":0,"slot":4,"node":17,"activity":2,"lambda_raw":[0.0037124352706718621,-9.7282489199428802e-10,-0.01237492612910074],"lambda_start":[0.0037130243322728075,-4.6002753378436949e-09,-0.012376888708211384],"ddtil_count":1}
MORTAR_OBSERVER {"kind":"DDTIL","call_id":44,"pair":0,"column_slot":4,"source_slot":4,"destination_slot":4,"entry":4,"value":1000.0007925270082}
MORTAR_OBSERVER {"kind":"PRE_RAW","call_id":44,"pair":0,"slot":5,"node":18,"activity":2,"lambda_raw":[0.0080295873593922151,2.4775409805408528e-10,-0.026765593959230609],"lambda_start":[0.0080294668379917722,-7.6486493970962406e-09,-0.026765189774244587],"ddtil_count":1}
MORTAR_OBSERVER {"kind":"DDTIL","call_id":44,"pair":0,"column_slot":5,"source_slot":5,"destination_slot":5,"entry":5,"value":1000.0014061034116}
MORTAR_OBSERVER {"kind":"PRE_RAW","call_id":44,"pair":0,"slot":6,"node":19,"activity":2,"lambda_raw":[0.0032740812196790947,2.9079837655423416e-09,-0.010913733307101155],"lambda_start":[0.0032740326537715695,-3.4589908975392839e-10,-0.010913570558875995],"ddtil_count":1}
MORTAR_OBSERVER {"kind":"DDTIL","call_id":44,"pair":0,"column_slot":6,"source_slot":6,"destination_slot":6,"entry":6,"value":2000.0009691654232}
MORTAR_OBSERVER {"kind":"PRE_RAW","call_id":44,"pair":0,"slot":7,"node":23,"activity":2,"lambda_raw":[0.0020195209429958172,1.6359774332428763e-10,-0.0067318216921765399],"lambda_start":[0.0020196643255084297,-1.9443759996237753e-09,-0.0067322990949388907],"ddtil_count":1}
MORTAR_OBSERVER {"kind":"DDTIL","call_id":44,"pair":0,"column_slot":7,"source_slot":7,"destination_slot":7,"entry":7,"value":1000.0003325704232}
MORTAR_OBSERVER {"kind":"PRE_RAW","call_id":44,"pair":0,"slot":8,"node":24,"activity":0,"lambda_raw":[2.8275727126297827e-20,-1.3783476138605012e-20,-8.4974366625361145e-21],"lambda_start":[0,0,0],"ddtil_count":1}
MORTAR_OBSERVER {"kind":"DDTIL","call_id":44,"pair":0,"column_slot":8,"source_slot":8,"destination_slot":8,"entry":8,"value":999.99974866762079}
MORTAR_OBSERVER {"kind":"LAW","call_id":44,"pair":0,"slot":0,"node":1,"activity":2,"ndof":3,"normal":[-3.4993683874444989e-06,3.0859539990110624e-07,-0.9999999999938296],"tangents":[0.99999999999387723,1.0798889869313363e-12,-3.499368387444332e-06,-2.0194839173657902e-28,0.99999999999995237,3.0859539990299571e-07],"ln":3.53240023388331,"lt":[1.0597200701649103,-1.1454530409531234e-06],"lt_start":[1.059402367096455,-2.2251992474964323e-06],"q":0.00035324002338833115,"ut":[166.66519095840525,-0.00018008694870804345],"gn":0.00035324002338833104,"gt":[3.1770306845535502e-06,1.0797462065433089e-08],"b":1.0597200704902536,"constant_n":10000000000,"constant_t":100,"mu":0.29999999999999999,"normal_mode":1,"tangent_mode":1,"normal_inverse_stiffness":0.0001,"tangent_inverse_stiffness":0.01,"p0":0,"beta":0,"iwan":1,"rn":-3.2526070725680256e-10,"rt":[-3.2472469158051354e-10,-3.2368168410748765e-10]}
MORTAR_OBSERVER {"kind":"LAW","call_id":44,"pair":0,"slot":1,"node":2,"activity":2,"ndof":3,"normal":[-3.163883579651504e-06,5.8227100043110061e-08,-0.99999999999499323],"tangents":[0.999999999994995,1.8422376571804338e-13,-3.1638835796514989e-06,-0,0.99999999999999833,5.82271000434015e-08],"ln":19.796108228023581,"lt":[5.9388324684091547,2.8852091760460855e-06],"lt_start":[5.9386823888434073,-2.9443362673391091e-06],"q":0.0019796108228023585,"ut":[83.33267104404112,4.0545390952206595e-05],"gn":0.0019796108228023581,"gt":[1.5007956574741855e-06,5.8295454433851949e-08],"b":5.9388324697081165,"constant_n":10000000000,"constant_t":100,"mu":0.29999999999999999,"normal_mode":1,"tangent_mode":1,"normal_inverse_stiffness":0.0001,"tangent_inverse_stiffness":0.01,"p0":0,"beta":0,"iwan":1,"rn":-1.3010428290272102e-09,"rt":[-1.2982610542167095e-09,-1.6661677529522634e-10]}
MORTAR_OBSERVER {"kind":"LAW","call_id":44,"pair":0,"slot":2,"node":3,"activity":2,"ndof":3,"normal":[-3.0192246409699373e-06,1.8793238532556092e-08,-0.99999999999544198],"tangents":[0.9999999999954422,5.6741008861377677e-14,-3.0192246409699368e-06,-0,0.99999999999999989,1.8793238532641748e-08],"ln":28.971574145329029,"lt":[8.6914722436003906,-7.4010231027589027e-06],"lt_start":[8.691428306664104,-1.6698959229597132e-05],"q":0.0028971574145329028,"ut":[166.66528279214003,-0.00014182546507600995],"gn":0.0028971574145329033,"gt":[4.3936936286570474e-07,9.2979361268382298e-08],"b":8.6914722422976656,"constant_n":10000000000,"constant_t":100,"mu":0.29999999999999999,"normal_mode":1,"tangent_mode":1,"normal_inverse_stiffness":0.0001,"tangent_inverse_stiffness":0.01,"p0":0,"beta":0,"iwan":1,"rn":1.3010428290272102e-09,"rt":[1.3058762959872183e-09,-8.0266556014022754e-11]}
MORTAR_OBSERVER {"kind":"LAW","call_id":44,"pair":0,"slot":3,"node":4,"activity":0,"ndof":3,"normal":[-3.9922848293357493e-06,1.1668170020688352e-07,-0.99999999999202405],"tangents":[0.99999999999203082,4.6582658160075527e-13,-3.9922848293357222e-06,-0,0.99999999999999323,1.1668170020781338e-07],"ln":8.4415156599526329e-18,"lt":[3.1185641672887763e-18,-1.9216849217567107e-17],"lt_start":[0,0],"q":-0.028776369777116794,"ut":[83.332601540094316,5.91433220797808e-05],"gn":8.4415156599526332e-22,"gt":[3.1185641672887763e-20,-1.9216849217567107e-19],"b":-86329109.331350371,"constant_n":10000000000,"constant_t":100,"mu":0.29999999999999999,"normal_mode":1,"tangent_mode":1,"normal_inverse_stiffness":0.0001,"tangent_inverse_stiffness":0.01,"p0":0,"beta":0,"iwan":1,"rn":2.5324546979857898e-18,"rt":[3.1185641672887763e-18,-1.9216849217567107e-17]}
MORTAR_OBSERVER {"kind":"LAW","call_id":44,"pair":0,"slot":4,"node":17,"activity":2,"ndof":3,"normal":[-3.1558413007966267e-06,7.62645640771199e-09,-0.99999999999502032],"tangents":[0.99999999999502032,2.4067886110302426e-14,-3.1558413007966267e-06,-0,1,7.6264564077499675e-09],"ln":12.374924220636453,"lt":[3.7124772661925172,-1.0672025724531926e-06],"lt_start":[3.7130663344538997,-4.694670860690945e-06],"q":0.0012374924220636451,"ut":[124.99896527001987,-3.5915130385104017e-05],"gn":0.0012374924220636453,"gt":[-5.8906826138249717e-06,3.6274682882377525e-08],"b":3.7124772655404144,"constant_n":10000000000,"constant_t":100,"mu":0.29999999999999999,"normal_mode":1,"tangent_mode":1,"normal_inverse_stiffness":0.0001,"tangent_inverse_stiffness":0.01,"p0":0,"beta":0,"iwan":1,"rn":6.5052141451360512e-10,"rt":[6.5225691514569917e-10,5.5624259457363866e-10]}
MORTAR_OBSERVER {"kind":"LAW","call_id":44,"pair":0,"slot":5,"node":18,"activity":2,"ndof":3,"normal":[-3.1132829518057918e-06,6.0238921899840057e-08,-0.99999999999515199],"tangents":[0.99999999999515377,1.8754080858684151e-13,-3.1132829518057867e-06,-2.5243548967072378e-29,0.99999999999999833,6.0238921900131992e-08],"ln":26.765606595881259,"lt":[8.0296819787680196,-1.3645783448022205e-06],"lt_start":[8.029561455939767,-9.2609685954103845e-06],"q":0.0026765606595881256,"ut":[124.99898625946454,-2.1161323088022783e-05],"gn":0.002676560659588126,"gt":[1.2052282825258942e-06,7.8963902506081639e-08],"b":8.0296819774633352,"constant_n":10000000000,"constant_t":100,"mu":0.29999999999999999,"normal_mode":1,"tangent_mode":1,"normal_inverse_stiffness":0.0001,"tangent_inverse_stiffness":0.01,"p0":0,"beta":0,"iwan":1,"rn":1.3010428290272102e-09,"rt":[1.3047998237425418e-09,-1.4517578784300472e-10]}
MORTAR_OBSERVER {"kind":"LAW","call_id":44,"pair":0,"slot":6,"node":19,"activity":2,"ndof":3,"normal":[-3.259296459861224e-06,1.6369405163525246e-07,-0.99999999999467515],"tangents":[0.99999999999468847,5.3352744299795256e-13,-3.2592964598611803e-06,-0,0.99999999999998668,1.6369405163612194e-07],"ln":21.827455848886995,"lt":[6.5482367546688574,2.2429421709441178e-06],"lt_start":[6.5481396217458494,-4.2647734113405246e-06],"q":0.0021827455848886994,"ut":[249.99784744256257,8.5700387302751783e-05],"gn":0.0021827455848886998,"gt":[9.7132923007947632e-07,6.5077155822846425e-08],"b":6.5482367533650558,"constant_n":10000000000,"constant_t":100,"mu":0.29999999999999999,"normal_mode":1,"tangent_mode":1,"normal_inverse_stiffness":0.0001,"tangent_inverse_stiffness":0.01,"p0":0,"beta":0,"iwan":1,"rn":1.3010428290272102e-09,"rt":[1.3041852042761093e-09,-1.1826121994128509e-10]}
MORTAR_OBSERVER {"kind":"LAW","call_id":44,"pair":0,"slot":7,"node":23,"activity":2,"ndof":3,"normal":[-3.4840256416727891e-06,4.6008607379834338e-08,-0.99999999999392974],"tangents":[0.99999999999393085,1.602951678499716e-13,-3.4840256416727857e-06,2.5243548967072378e-29,0.999999999999999,4.6008607380113581e-08],"ln":6.7318168948753829,"lt":[2.0195450684636858,-1.4612404646051458e-07],"lt_start":[2.0196884526872663,-2.2541204551018552e-06],"q":0.00067318168948753805,"ut":[124.99890655968284,-9.0318999240875697e-06],"gn":0.00067318168948753837,"gt":[-1.4338422358051162e-06,2.1079964086413407e-08],"b":2.0195450674868329,"constant_n":10000000000,"constant_t":100,"mu":0.29999999999999999,"normal_mode":1,"tangent_mode":1,"normal_inverse_stiffness":0.0001,"tangent_inverse_stiffness":0.01,"p0":0,"beta":0,"iwan":1,"rn":9.7578167768119783e-10,"rt":[9.7685814992587439e-10,1.4041566108480676e-10]}
MORTAR_OBSERVER {"kind":"LAW","call_id":44,"pair":0,"slot":8,"node":24,"activity":0,"ndof":3,"normal":[-3.9216114704233354e-06,3.8842330832523954e-07,-0.9999999999922351],"tangents":[0.99999999999231048,1.5232453013197522e-12,-3.9216114704230398e-06,-0,0.99999999999992462,3.8842330832822634e-07],"ln":8.4973182865791391e-18,"lt":[2.8275753343090342e-17,-1.3783475974971753e-17],"lt_start":[0,0],"q":-0.032775397479602904,"ut":[124.99888870937531,-2.2625082808191535e-05],"gn":8.4973182865791395e-22,"gt":[2.827575334309034e-19,-1.3783475974971752e-19],"b":-98326192.438808709,"constant_n":10000000000,"constant_t":100,"mu":0.29999999999999999,"normal_mode":1,"tangent_mode":1,"normal_inverse_stiffness":0.0001,"tangent_inverse_stiffness":0.01,"p0":0,"beta":0,"iwan":1,"rn":2.5491954859737416e-18,"rt":[2.8275753343090342e-17,-1.3783475974971753e-17]}
MORTAR_OBSERVER {"kind":"POST_RAW_AFTER_ACTIVE_LOOP","call_id":44,"pair":0,"slot":0,"node":1,"activity":2,"lambda_raw":[0.00079478095044027881,-4.1527084154753461e-11,-0.0026493035189958849],"gap":-0.00035324002338833115}
MORTAR_OBSERVER {"kind":"POST_RAW_AFTER_ACTIVE_LOOP","call_id":44,"pair":0,"slot":1,"node":2,"activity":2,"lambda_raw":[0.0089081408752752396,6.0568109303691332e-09,-0.029694144264612241],"gap":-0.0019796108228023585}
MORTAR_OBSERVER {"kind":"POST_RAW_AFTER_ACTIVE_LOOP","call_id":44,"pair":0,"slot":2,"node":3,"activity":2,"lambda_raw":[0.0065185306931206007,-5.1424084584939953e-09,-0.02172867400379962],"gap":-0.0028971574145329028}
MORTAR_OBSERVER {"kind":"POST_RAW_AFTER_ACTIVE_LOOP","call_id":44,"pair":0,"slot":3,"node":4,"activity":0,"lambda_raw":[0,0,0],"gap":0.028776369777116794}
MORTAR_OBSERVER {"kind":"POST_RAW_AFTER_ACTIVE_LOOP","call_id":44,"pair":0,"slot":4,"node":17,"activity":2,"lambda_raw":[0.0037124352706718621,-9.7282489199428802e-10,-0.01237492612910074],"gap":-0.0012374924220636451}
MORTAR_OBSERVER {"kind":"POST_RAW_AFTER_ACTIVE_LOOP","call_id":44,"pair":0,"slot":5,"node":18,"activity":2,"lambda_raw":[0.0080295873593922151,2.4775409805408528e-10,-0.026765593959230609],"gap":-0.0026765606595881256}
MORTAR_OBSERVER {"kind":"POST_RAW_AFTER_ACTIVE_LOOP","call_id":44,"pair":0,"slot":6,"node":19,"activity":2,"lambda_raw":[0.0032740812196790947,2.9079837655423416e-09,-0.010913733307101155],"gap":-0.0021827455848886994}
MORTAR_OBSERVER {"kind":"POST_RAW_AFTER_ACTIVE_LOOP","call_id":44,"pair":0,"slot":7,"node":23,"activity":2,"lambda_raw":[0.0020195209429958172,1.6359774332428763e-10,-0.0067318216921765399],"gap":-0.00067318168948753805}
MORTAR_OBSERVER {"kind":"POST_RAW_AFTER_ACTIVE_LOOP","call_id":44,"pair":0,"slot":8,"node":24,"activity":0,"lambda_raw":[0,0,0],"gap":0.032775397479602904}
MORTAR_OBSERVER {"kind":"SUMMARY_PRE_OVERRIDE","call_id":44,"ndiverg":14,"flag":0,"keepset":0,"max_n":1.3010428290272102e-09,"max_t":[1.3058762959872183e-09,5.5624259457363866e-10],"lm_t_av":[35.999965850267536,1.6252532454418158e-05],"nstick":0,"nslip":7,"ninactive":2,"nnogap":0,"nolm":0}
MORTAR_OBSERVER {"kind":"SUMMARY_POST_OVERRIDE","call_id":44,"flag":0}
MORTAR_OBSERVER {"kind":"RETURN","call_id":44}
 Using up to 2 cpu(s) for the stress calculation.

 average force= 5.909910
 time avg. forc= 5.904803
 largest residual force= 0.000000 in node 21 and dof 1
 largest increment of disp= 1.249999e-01
 largest correction to disp= 4.585611e-07 in node 2 and dof 3

MORTAR_OBSERVER {"kind":"PRE_CHECK","call_id":44,"step":2,"inc":8,"cutback":0,"iteration":1,"time":1,"dtime":0.125,"ttime":1,"tper":1,"theta":0.875,"dtheta":0.125,"icntrl":0,"nmethod":1,"iexpl":0,"ithermal":0,"uncoupled":0,"mortar":2,"iflagdualquad":2}
 no convergence

MORTAR_OBSERVER {"kind":"POST_CHECK","call_id":44,"step":2,"inc":8,"cutback":0,"iteration":2,"time":1,"dtime":0.125,"ttime":1,"tper":1,"theta":0.875,"dtheta":0.125,"icntrl":0,"nmethod":1,"iexpl":0,"ithermal":0,"uncoupled":0,"mortar":2,"iflagdualquad":2}
 iteration 2

 Determining the structure of the matrix:

 Using up to 2 cpu(s) for setting up the structure of the matrix.
 number of equations
 75
 number of nonzero lower triangular matrix elements
 1143

 Using up to 2 cpu(s) for the stress calculation.

 Using up to 2 cpu(s) for the symmetric stiffness/mass contributions.

 Using up to 2 cpu(s) for the stress calculation.

 Using up to 2 cpu(s) for the symmetric stiffness/mass contributions.

 Factoring the system of equations using the unsymmetric spooles solver
 Using 1 cpu for spooles.

MORTAR_OBSERVER {"kind":"BEGIN","call_id":45,"step":2,"inc":8,"cutback":0,"iteration":2,"time":1,"dtime":0.125,"ttime":1,"tper":1,"theta":0.875,"dtheta":0.125,"icntrl":0,"nmethod":1,"iexpl":0,"ithermal":0,"uncoupled":0,"mortar":2,"iflagdualquad":2}
MORTAR_OBSERVER {"kind":"INVENTORY","call_id":45,"pair_count":1,"slave_count":9}
MORTAR_OBSERVER {"kind":"PAIR","call_id":45,"pair":0,"start":0,"end":9}
MORTAR_OBSERVER {"kind":"PRE_RAW","call_id":45,"pair":0,"slot":0,"node":1,"activity":2,"lambda_raw":[0.00079478095043384179,-4.1284366321627285e-11,-0.0026493035189757686],"lambda_start":[0.00079454267586842576,-8.5158207395587391e-10,-0.002648509070974526],"ddtil_count":1}
MORTAR_OBSERVER {"kind":"DDTIL","call_id":45,"pair":0,"column_slot":0,"source_slot":0,"destination_slot":0,"entry":0,"value":1333.3330503224486}
MORTAR_OBSERVER {"kind":"PRE_RAW","call_id":45,"pair":0,"slot":1,"node":2,"activity":2,"lambda_raw":[0.008908140875238937,6.0570604365890087e-09,-0.029694144264505139],"lambda_start":[0.0089079157586602724,-2.6875374662301799e-09,-0.029693391098230482],"ddtil_count":1}
MORTAR_OBSERVER {"kind":"DDTIL","call_id":45,"pair":0,"column_slot":1,"source_slot":1,"destination_slot":1,"entry":1,"value":666.66770529874145}
MORTAR_OBSERVER {"kind":"PRE_RAW","call_id":45,"pair":0,"slot":2,"node":3,"activity":2,"lambda_raw":[0.0065185306931301156,-5.1423485527193481e-09,-0.021728674003843422],"lambda_start":[0.0065184977407955367,-1.2115854216960318e-08,-0.021728562290751978],"ddtil_count":1}
MORTAR_OBSERVER {"kind":"DDTIL","call_id":45,"pair":0,"column_slot":2,"source_slot":2,"destination_slot":2,"entry":2,"value":1333.3349463311988}
MORTAR_OBSERVER {"kind":"PRE_RAW","call_id":45,"pair":0,"slot":3,"node":4,"activity":0,"lambda_raw":[-2.908057291413497e-29,-4.846762152355828e-28,-1.1632229165653988e-28],"lambda_start":[0,0,0],"ddtil_count":1}
MORTAR_OBSERVER {"kind":"DDTIL","call_id":45,"pair":0,"column_slot":3,"source_slot":3,"destination_slot":3,"entry":3,"value":666.66656341176395}
MORTAR_OBSERVER {"kind":"PRE_RAW","call_id":45,"pair":0,"slot":4,"node":17,"activity":2,"lambda_raw":[0.0037124352706513742,-9.7338112451460623e-10,-0.012374926129038229],"lambda_start":[0.0037130243322728075,-4.6002753378436949e-09,-0.012376888708211384],"ddtil_count":1}
MORTAR_OBSERVER {"kind":"DDTIL","call_id":45,"pair":0,"column_slot":4,"source_slot":4,"destination_slot":4,"entry":4,"value":1000.0007925270082}
MORTAR_OBSERVER {"kind":"PRE_RAW","call_id":45,"pair":0,"slot":5,"node":18,"activity":2,"lambda_raw":[0.0080295873593757717,2.4789890265393827e-10,-0.026765593959188316],"lambda_start":[0.0080294668379917722,-7.6486493970962406e-09,-0.026765189774244587],"ddtil_count":1}
MORTAR_OBSERVER {"kind":"DDTIL","call_id":45,"pair":0,"column_slot":5,"source_slot":5,"destination_slot":5,"entry":5,"value":1000.0014061034116}
MORTAR_OBSERVER {"kind":"PRE_RAW","call_id":45,"pair":0,"slot":6,"node":19,"activity":2,"lambda_raw":[0.0032740812196910048,2.9080428324891852e-09,-0.010913733307146093],"lambda_start":[0.0032740326537715695,-3.4589908975392839e-10,-0.010913570558875995],"ddtil_count":1}
MORTAR_OBSERVER {"kind":"DDTIL","call_id":45,"pair":0,"column_slot":6,"source_slot":6,"destination_slot":6,"entry":6,"value":2000.0009691654232}
MORTAR_OBSERVER {"kind":"PRE_RAW","call_id":45,"pair":0,"slot":7,"node":23,"activity":2,"lambda_raw":[0.0020195209430111782,1.6345729057937224e-10,-0.006731821692231332],"lambda_start":[0.0020196643255084297,-1.9443759996237753e-09,-0.0067322990949388907],"ddtil_count":1}
MORTAR_OBSERVER {"kind":"DDTIL","call_id":45,"pair":0,"column_slot":7,"source_slot":7,"destination_slot":7,"entry":7,"value":1000.0003325704232}
MORTAR_OBSERVER {"kind":"PRE_RAW","call_id":45,"pair":0,"slot":8,"node":24,"activity":0,"lambda_raw":[-2.5849400639073474e-28,3.2957985814818682e-28,3.3604220830795518e-28],"lambda_start":[0,0,0],"ddtil_count":1}
MORTAR_OBSERVER {"kind":"DDTIL","call_id":45,"pair":0,"column_slot":8,"source_slot":8,"destination_slot":8,"entry":8,"value":999.99974866762079}
MORTAR_OBSERVER {"kind":"LAW","call_id":45,"pair":0,"slot":0,"node":1,"activity":2,"ndof":3,"normal":[-3.4993683874444989e-06,3.0859539990110624e-07,-0.9999999999938296],"tangents":[0.99999999999387723,1.0798889869313363e-12,-3.499368387444332e-06,-2.0194839173657902e-28,0.99999999999995237,3.0859539990299571e-07],"ln":3.5324002338564884,"lt":[1.0597200701563276,-1.1451294172360365e-06],"lt_start":[1.059402367096455,-2.2251992474964323e-06],"q":0.00035324002338564878,"ut":[166.66519095840792,-0.00018008695788191269],"gn":0.00035324002338564883,"gt":[3.1770305987266489e-06,1.0800698302603958e-08],"b":1.0597200699943161,"constant_n":10000000000,"constant_t":100,"mu":0.29999999999999999,"normal_mode":1,"tangent_mode":1,"normal_inverse_stiffness":0.0001,"tangent_inverse_stiffness":0.01,"p0":0,"beta":0,"iwan":1,"rn":1.6263035362840128e-10,"rt":[1.6263013158379636e-10,-1.7573794897334915e-16]}
MORTAR_OBSERVER {"kind":"LAW","call_id":45,"pair":0,"slot":1,"node":2,"activity":2,"ndof":3,"normal":[-3.163883579651504e-06,5.8227100043110061e-08,-0.99999999999499323],"tangents":[0.999999999994995,1.8422376571804338e-13,-3.1638835796514989e-06,-0,0.99999999999999833,5.82271000434015e-08],"ln":19.796108227952182,"lt":[5.9388324683849527,2.8853755137893051e-06],"lt_start":[5.9386823888434073,-2.9443362673391091e-06],"q":0.0019796108227952184,"ut":[83.332671044040836,4.0545387043108459e-05],"gn":0.0019796108227952184,"gt":[1.5007954154544479e-06,5.8297117811284143e-08],"b":5.9388324683856544,"constant_n":10000000000,"constant_t":100,"mu":0.29999999999999999,"normal_mode":1,"tangent_mode":1,"normal_inverse_stiffness":0.0001,"tangent_inverse_stiffness":0.01,"p0":0,"beta":0,"iwan":1,"rn":0,"rt":[-8.8817841970012523e-16,-2.1175823681357508e-21]}
MORTAR_OBSERVER {"kind":"LAW","call_id":45,"pair":0,"slot":2,"node":3,"activity":2,"ndof":3,"normal":[-3.0192246409699373e-06,1.8793238532556092e-08,-0.99999999999544198],"tangents":[0.9999999999954422,5.6741008861377677e-14,-3.0192246409699368e-06,-0,0.99999999999999989,1.8793238532641748e-08],"ln":28.971574145387432,"lt":[8.6914722436130774,-7.4009432282971758e-06],"lt_start":[8.691428306664104,-1.6698959229597132e-05],"q":0.0028971574145387428,"ut":[166.6652827921418,-0.00014182547257708331],"gn":0.0028971574145387432,"gt":[4.3936948973311019e-07,9.2980160012999574e-08],"b":8.6914722423151876,"constant_n":10000000000,"constant_t":100,"mu":0.29999999999999999,"normal_mode":1,"tangent_mode":1,"normal_inverse_stiffness":0.0001,"tangent_inverse_stiffness":0.01,"p0":0,"beta":0,"iwan":1,"rn":1.3010410526703708e-09,"rt":[1.3010410526703708e-09,-1.107859802702317e-15]}
MORTAR_OBSERVER {"kind":"LAW","call_id":45,"pair":0,"slot":3,"node":4,"activity":0,"ndof":3,"normal":[-3.9922848293357493e-06,1.1668170020688352e-07,-0.99999999999202405],"tangents":[0.99999999999203082,4.6582658160075527e-13,-3.9922848293357222e-06,-0,0.99999999999999323,1.1668170020781338e-07],"ln":7.7548222122945156e-26,"lt":[-1.9386736012275356e-26,-3.2311743582697795e-25],"lt_start":[0,0],"q":-0.028776369776317017,"ut":[83.332601540094842,5.9143318830041469e-05],"gn":7.7548222122945165e-30,"gt":[-1.9386736012275358e-28,-3.2311743582697793e-27],"b":-86329109.328951046,"constant_n":10000000000,"constant_t":100,"mu":0.29999999999999999,"normal_mode":1,"tangent_mode":1,"normal_inverse_stiffness":0.0001,"tangent_inverse_stiffness":0.01,"p0":0,"beta":0,"iwan":1,"rn":2.3264466636883544e-26,"rt":[-1.9386736012275356e-26,-3.2311743582697795e-25]}
MORTAR_OBSERVER {"kind":"LAW","call_id":45,"pair":0,"slot":4,"node":17,"activity":2,"ndof":3,"normal":[-3.1558413007966267e-06,7.62645640771199e-09,-0.99999999999502032],"tangents":[0.99999999999502032,2.4067886110302426e-14,-3.1558413007966267e-06,-0,1,7.6264564077499675e-09],"ln":12.374924220573943,"lt":[3.7124772661720291,-1.0677588054138632e-06],"lt_start":[3.7130663344538997,-4.694670860690945e-06],"q":0.001237492422057394,"ut":[124.99896527002143,-3.5915130054515142e-05],"gn":0.0012374924220573944,"gt":[-5.890682818705528e-06,3.6269120552770813e-08],"b":3.7124772648711404,"constant_n":10000000000,"constant_t":100,"mu":0.29999999999999999,"normal_mode":1,"tangent_mode":1,"normal_inverse_stiffness":0.0001,"tangent_inverse_stiffness":0.01,"p0":0,"beta":0,"iwan":1,"rn":1.3010423849380004e-09,"rt":[1.3010423849380004e-09,-3.7419755675679491e-16]}
MORTAR_OBSERVER {"kind":"LAW","call_id":45,"pair":0,"slot":5,"node":18,"activity":2,"ndof":3,"normal":[-3.1132829518057918e-06,6.0238921899840057e-08,-0.99999999999515199],"tangents":[0.99999999999515377,1.8754080858684151e-13,-3.1132829518057867e-06,-2.5243548967072378e-29,0.99999999999999833,6.0238921900131992e-08],"ln":26.765606595838964,"lt":[8.0296819787515759,-1.3644335399962094e-06],"lt_start":[8.029561455939767,-9.2609685954103845e-06],"q":0.0026765606595838968,"ut":[124.99898625946497,-2.116132886343945e-05],"gn":0.0026765606595838963,"gt":[1.2052281180885417e-06,7.8965350554141744e-08],"b":8.0296819800527306,"constant_n":10000000000,"constant_t":100,"mu":0.29999999999999999,"normal_mode":1,"tangent_mode":1,"normal_inverse_stiffness":0.0001,"tangent_inverse_stiffness":0.01,"p0":0,"beta":0,"iwan":1,"rn":-1.3010410526703708e-09,"rt":[-1.3010392763135314e-09,2.2107792857397734e-16]}
MORTAR_OBSERVER {"kind":"LAW","call_id":45,"pair":0,"slot":6,"node":19,"activity":2,"ndof":3,"normal":[-3.259296459861224e-06,1.6369405163525246e-07,-0.99999999999467515],"tangents":[0.99999999999468847,5.3352744299795256e-13,-3.2592964598611803e-06,-0,0.99999999999998668,1.6369405163612194e-07],"ln":21.827455848976872,"lt":[6.5482367546926774,2.243060304880338e-06],"lt_start":[6.5481396217458494,-4.2647734113405246e-06],"q":0.0021827455848976874,"ut":[249.99784744256229,8.5700382424683578e-05],"gn":0.0021827455848976874,"gt":[9.7132946828004654e-07,6.5078337162208623e-08],"b":6.5482367546930611,"constant_n":10000000000,"constant_t":100,"mu":0.29999999999999999,"normal_mode":1,"tangent_mode":1,"normal_inverse_stiffness":0.0001,"tangent_inverse_stiffness":0.01,"p0":0,"beta":0,"iwan":1,"rn":0,"rt":[8.8817841970012523e-16,0]}
MORTAR_OBSERVER {"kind":"LAW","call_id":45,"pair":0,"slot":7,"node":23,"activity":2,"ndof":3,"normal":[-3.4840256416727891e-06,4.6008607379834338e-08,-0.99999999999392974],"tangents":[0.99999999999393085,1.602951678499716e-13,-3.4840256416727857e-06,2.5243548967072378e-29,0.999999999999999,4.6008607380113581e-08],"ln":6.7318168949301755,"lt":[2.0195450684790472,-1.4626449925466133e-07],"lt_start":[2.0196884526872663,-2.2541204551018552e-06],"q":0.00067318168949301739,"ut":[124.99890655968353,-9.0319022183459571e-06],"gn":0.0006731816894930176,"gt":[-1.4338420821902177e-06,2.1078559558471942e-08],"b":2.0195450678285312,"constant_n":10000000000,"constant_t":100,"mu":0.29999999999999999,"normal_mode":1,"tangent_mode":1,"normal_inverse_stiffness":0.0001,"tangent_inverse_stiffness":0.01,"p0":0,"beta":0,"iwan":1,"rn":6.5052141451360512e-10,"rt":[6.5052141451360512e-10,-4.71137724712971e-17]}
MORTAR_OBSERVER {"kind":"LAW","call_id":45,"pair":0,"slot":8,"node":24,"activity":0,"ndof":3,"normal":[-3.9216114704233354e-06,3.8842330832523954e-07,-0.9999999999922351],"tangents":[0.99999999999231048,1.5232453013197522e-12,-3.9216114704230398e-06,-0,0.99999999999992462,3.8842330832822634e-07],"ln":-3.360409821177857e-25,"lt":[-2.5849525924697883e-25,3.2957990584066555e-25],"lt_start":[0,0],"q":-0.032775397479015721,"ut":[124.99888870937684,-2.262508812574374e-05],"gn":-3.3604098211778573e-29,"gt":[-2.5849525924697884e-27,3.2957990584066553e-27],"b":-98326192.437047154,"constant_n":10000000000,"constant_t":100,"mu":0.29999999999999999,"normal_mode":1,"tangent_mode":1,"normal_inverse_stiffness":0.0001,"tangent_inverse_stiffness":0.01,"p0":0,"beta":0,"iwan":1,"rn":-1.0081229463533571e-25,"rt":[-2.5849525924697883e-25,3.2957990584066555e-25]}
MORTAR_OBSERVER {"kind":"POST_RAW_AFTER_ACTIVE_LOOP","call_id":45,"pair":0,"slot":0,"node":1,"activity":2,"lambda_raw":[0.00079478095043384179,-4.1284366321627285e-11,-0.0026493035189757686],"gap":-0.00035324002338564878}
MORTAR_OBSERVER {"kind":"POST_RAW_AFTER_ACTIVE_LOOP","call_id":45,"pair":0,"slot":1,"node":2,"activity":2,"lambda_raw":[0.008908140875238937,6.0570604365890087e-09,-0.029694144264505139],"gap":-0.0019796108227952184}
MORTAR_OBSERVER {"kind":"POST_RAW_AFTER_ACTIVE_LOOP","call_id":45,"pair":0,"slot":2,"node":3,"activity":2,"lambda_raw":[0.0065185306931301156,-5.1423485527193481e-09,-0.021728674003843422],"gap":-0.0028971574145387428}
MORTAR_OBSERVER {"kind":"POST_RAW_AFTER_ACTIVE_LOOP","call_id":45,"pair":0,"slot":3,"node":4,"activity":0,"lambda_raw":[0,0,0],"gap":0.028776369776317017}
MORTAR_OBSERVER {"kind":"POST_RAW_AFTER_ACTIVE_LOOP","call_id":45,"pair":0,"slot":4,"node":17,"activity":2,"lambda_raw":[0.0037124352706513742,-9.7338112451460623e-10,-0.012374926129038229],"gap":-0.001237492422057394}
MORTAR_OBSERVER {"kind":"POST_RAW_AFTER_ACTIVE_LOOP","call_id":45,"pair":0,"slot":5,"node":18,"activity":2,"lambda_raw":[0.0080295873593757717,2.4789890265393827e-10,-0.026765593959188316],"gap":-0.0026765606595838968}
MORTAR_OBSERVER {"kind":"POST_RAW_AFTER_ACTIVE_LOOP","call_id":45,"pair":0,"slot":6,"node":19,"activity":2,"lambda_raw":[0.0032740812196910048,2.9080428324891852e-09,-0.010913733307146093],"gap":-0.0021827455848976874}
MORTAR_OBSERVER {"kind":"POST_RAW_AFTER_ACTIVE_LOOP","call_id":45,"pair":0,"slot":7,"node":23,"activity":2,"lambda_raw":[0.0020195209430111782,1.6345729057937224e-10,-0.006731821692231332],"gap":-0.00067318168949301739}
MORTAR_OBSERVER {"kind":"POST_RAW_AFTER_ACTIVE_LOOP","call_id":45,"pair":0,"slot":8,"node":24,"activity":0,"lambda_raw":[0,0,0],"gap":0.032775397479015721}
MORTAR_OBSERVER {"kind":"SUMMARY_PRE_OVERRIDE","call_id":45,"ndiverg":14,"flag":0,"keepset":0,"max_n":1.3010423849380004e-09,"max_t":[1.3010423849380004e-09,1.107859802702317e-15],"lm_t_av":[35.999965850249687,1.6252965308867589e-05],"nstick":0,"nslip":7,"ninactive":2,"nnogap":0,"nolm":0}
MORTAR_OBSERVER {"kind":"SUMMARY_POST_OVERRIDE","call_id":45,"flag":0}
MORTAR_OBSERVER {"kind":"RETURN","call_id":45}
 Using up to 2 cpu(s) for the stress calculation.

 average force= 5.909910
 time avg. forc= 5.904803
 largest residual force= 0.000000 in node 20 and dof 1
 largest increment of disp= 1.249999e-01
 largest correction to disp= 5.879290e-15 in node 1 and dof 2

MORTAR_OBSERVER {"kind":"PRE_CHECK","call_id":45,"step":2,"inc":8,"cutback":0,"iteration":2,"time":1,"dtime":0.125,"ttime":1,"tper":1,"theta":0.875,"dtheta":0.125,"icntrl":0,"nmethod":1,"iexpl":0,"ithermal":0,"uncoupled":0,"mortar":2,"iflagdualquad":2}
 convergence; the increment size is increased to 1.875000e-01

 the increment size exceeds the maximum allowed and is decreased to 1.250000e-01

 the increment size exceeds the remainder of the step and is decreased to 0.000000e+00

MORTAR_OBSERVER {"kind":"POST_CHECK","call_id":45,"step":2,"inc":8,"cutback":0,"iteration":2,"time":1,"dtime":0.125,"ttime":1,"tper":1,"theta":1,"dtheta":0,"icntrl":1,"nmethod":1,"iexpl":0,"ithermal":0,"uncoupled":0,"mortar":2,"iflagdualquad":2}
 Using up to 2 cpu(s) for the stress calculation.


 Job finished

________________________________________

Total CalculiX Time: 0.415471
________________________________________
