ISO-10303-21;
HEADER;
FILE_DESCRIPTION(('Open CASCADE Model'),'2;1');
FILE_NAME('Open CASCADE Shape Model','2026-09-12T15:32:08',('Author'),(
    'Open CASCADE'),'Open CASCADE STEP processor 7.9','Open CASCADE 7.9'
  ,'Unknown');
FILE_SCHEMA(('AUTOMOTIVE_DESIGN { 1 0 10303 214 1 1 1 1 }'));
ENDSEC;
DATA;
#1 = APPLICATION_PROTOCOL_DEFINITION('international standard',
  'automotive_design',2000,#2);
#2 = APPLICATION_CONTEXT(
  'core data for automotive mechanical design processes');
#3 = SHAPE_DEFINITION_REPRESENTATION(#4,#10);
#4 = PRODUCT_DEFINITION_SHAPE('','',#5);
#5 = PRODUCT_DEFINITION('design','',#6,#9);
#6 = PRODUCT_DEFINITION_FORMATION('','',#7);
#7 = PRODUCT('leg_smooth_hardware_review','leg_smooth_hardware_review',
  '',(#8));
#8 = PRODUCT_CONTEXT('',#2,'mechanical');
#9 = PRODUCT_DEFINITION_CONTEXT('part definition',#2,'design');
#10 = SHAPE_REPRESENTATION('',(#11,#15,#19,#23,#27,#31,#35,#39,#43,#47,
    #51,#55,#59,#63,#67,#71,#75,#79,#83,#87,#91,#95,#99,#103,#107,#111,
    #115,#119,#123,#127,#131,#135,#139,#143,#147,#151,#155,#159,#163,
    #167,#171,#175,#179,#183,#187,#191,#195,#199,#203),#207);
#11 = AXIS2_PLACEMENT_3D('',#12,#13,#14);
#12 = CARTESIAN_POINT('',(0.,0.,0.));
#13 = DIRECTION('',(0.,0.,1.));
#14 = DIRECTION('',(1.,0.,-0.));
#15 = AXIS2_PLACEMENT_3D('',#16,#17,#18);
#16 = CARTESIAN_POINT('',(0.,0.,0.));
#17 = DIRECTION('',(0.,0.,1.));
#18 = DIRECTION('',(1.,0.,-0.));
#19 = AXIS2_PLACEMENT_3D('',#20,#21,#22);
#20 = CARTESIAN_POINT('',(0.,0.,0.));
#21 = DIRECTION('',(0.,0.,1.));
#22 = DIRECTION('',(1.,0.,-0.));
#23 = AXIS2_PLACEMENT_3D('',#24,#25,#26);
#24 = CARTESIAN_POINT('',(0.,0.,0.));
#25 = DIRECTION('',(0.,0.,1.));
#26 = DIRECTION('',(1.,0.,-0.));
#27 = AXIS2_PLACEMENT_3D('',#28,#29,#30);
#28 = CARTESIAN_POINT('',(0.,0.,0.));
#29 = DIRECTION('',(0.,0.,1.));
#30 = DIRECTION('',(1.,0.,-0.));
#31 = AXIS2_PLACEMENT_3D('',#32,#33,#34);
#32 = CARTESIAN_POINT('',(0.,0.,0.));
#33 = DIRECTION('',(0.,0.,1.));
#34 = DIRECTION('',(1.,0.,-0.));
#35 = AXIS2_PLACEMENT_3D('',#36,#37,#38);
#36 = CARTESIAN_POINT('',(0.,0.,0.));
#37 = DIRECTION('',(0.,0.,1.));
#38 = DIRECTION('',(1.,0.,-0.));
#39 = AXIS2_PLACEMENT_3D('',#40,#41,#42);
#40 = CARTESIAN_POINT('',(0.,0.,0.));
#41 = DIRECTION('',(0.,0.,1.));
#42 = DIRECTION('',(1.,0.,-0.));
#43 = AXIS2_PLACEMENT_3D('',#44,#45,#46);
#44 = CARTESIAN_POINT('',(0.,0.,0.));
#45 = DIRECTION('',(0.,0.,1.));
#46 = DIRECTION('',(1.,0.,-0.));
#47 = AXIS2_PLACEMENT_3D('',#48,#49,#50);
#48 = CARTESIAN_POINT('',(0.,0.,0.));
#49 = DIRECTION('',(0.,0.,1.));
#50 = DIRECTION('',(1.,0.,-0.));
#51 = AXIS2_PLACEMENT_3D('',#52,#53,#54);
#52 = CARTESIAN_POINT('',(0.,0.,0.));
#53 = DIRECTION('',(0.,0.,1.));
#54 = DIRECTION('',(1.,0.,-0.));
#55 = AXIS2_PLACEMENT_3D('',#56,#57,#58);
#56 = CARTESIAN_POINT('',(0.,0.,0.));
#57 = DIRECTION('',(0.,0.,1.));
#58 = DIRECTION('',(1.,0.,-0.));
#59 = AXIS2_PLACEMENT_3D('',#60,#61,#62);
#60 = CARTESIAN_POINT('',(0.,0.,0.));
#61 = DIRECTION('',(0.,0.,1.));
#62 = DIRECTION('',(1.,0.,-0.));
#63 = AXIS2_PLACEMENT_3D('',#64,#65,#66);
#64 = CARTESIAN_POINT('',(0.,0.,0.));
#65 = DIRECTION('',(0.,0.,1.));
#66 = DIRECTION('',(1.,0.,-0.));
#67 = AXIS2_PLACEMENT_3D('',#68,#69,#70);
#68 = CARTESIAN_POINT('',(0.,0.,0.));
#69 = DIRECTION('',(0.,0.,1.));
#70 = DIRECTION('',(1.,0.,-0.));
#71 = AXIS2_PLACEMENT_3D('',#72,#73,#74);
#72 = CARTESIAN_POINT('',(0.,0.,0.));
#73 = DIRECTION('',(0.,0.,1.));
#74 = DIRECTION('',(1.,0.,-0.));
#75 = AXIS2_PLACEMENT_3D('',#76,#77,#78);
#76 = CARTESIAN_POINT('',(0.,0.,0.));
#77 = DIRECTION('',(0.,0.,1.));
#78 = DIRECTION('',(1.,0.,-0.));
#79 = AXIS2_PLACEMENT_3D('',#80,#81,#82);
#80 = CARTESIAN_POINT('',(0.,0.,0.));
#81 = DIRECTION('',(0.,0.,1.));
#82 = DIRECTION('',(1.,0.,-0.));
#83 = AXIS2_PLACEMENT_3D('',#84,#85,#86);
#84 = CARTESIAN_POINT('',(0.,0.,0.));
#85 = DIRECTION('',(0.,0.,1.));
#86 = DIRECTION('',(1.,0.,-0.));
#87 = AXIS2_PLACEMENT_3D('',#88,#89,#90);
#88 = CARTESIAN_POINT('',(0.,0.,0.));
#89 = DIRECTION('',(0.,0.,1.));
#90 = DIRECTION('',(1.,0.,-0.));
#91 = AXIS2_PLACEMENT_3D('',#92,#93,#94);
#92 = CARTESIAN_POINT('',(0.,0.,0.));
#93 = DIRECTION('',(0.,0.,1.));
#94 = DIRECTION('',(1.,0.,-0.));
#95 = AXIS2_PLACEMENT_3D('',#96,#97,#98);
#96 = CARTESIAN_POINT('',(0.,0.,0.));
#97 = DIRECTION('',(0.,0.,1.));
#98 = DIRECTION('',(1.,0.,-0.));
#99 = AXIS2_PLACEMENT_3D('',#100,#101,#102);
#100 = CARTESIAN_POINT('',(0.,0.,0.));
#101 = DIRECTION('',(0.,0.,1.));
#102 = DIRECTION('',(1.,0.,-0.));
#103 = AXIS2_PLACEMENT_3D('',#104,#105,#106);
#104 = CARTESIAN_POINT('',(0.,0.,0.));
#105 = DIRECTION('',(0.,0.,1.));
#106 = DIRECTION('',(1.,0.,-0.));
#107 = AXIS2_PLACEMENT_3D('',#108,#109,#110);
#108 = CARTESIAN_POINT('',(0.,0.,0.));
#109 = DIRECTION('',(0.,0.,1.));
#110 = DIRECTION('',(1.,0.,-0.));
#111 = AXIS2_PLACEMENT_3D('',#112,#113,#114);
#112 = CARTESIAN_POINT('',(0.,0.,0.));
#113 = DIRECTION('',(0.,0.,1.));
#114 = DIRECTION('',(1.,0.,-0.));
#115 = AXIS2_PLACEMENT_3D('',#116,#117,#118);
#116 = CARTESIAN_POINT('',(0.,0.,0.));
#117 = DIRECTION('',(0.,0.,1.));
#118 = DIRECTION('',(1.,0.,-0.));
#119 = AXIS2_PLACEMENT_3D('',#120,#121,#122);
#120 = CARTESIAN_POINT('',(0.,0.,0.));
#121 = DIRECTION('',(0.,0.,1.));
#122 = DIRECTION('',(1.,0.,-0.));
#123 = AXIS2_PLACEMENT_3D('',#124,#125,#126);
#124 = CARTESIAN_POINT('',(0.,0.,0.));
#125 = DIRECTION('',(0.,0.,1.));
#126 = DIRECTION('',(1.,0.,-0.));
#127 = AXIS2_PLACEMENT_3D('',#128,#129,#130);
#128 = CARTESIAN_POINT('',(0.,0.,0.));
#129 = DIRECTION('',(0.,0.,1.));
#130 = DIRECTION('',(1.,0.,-0.));
#131 = AXIS2_PLACEMENT_3D('',#132,#133,#134);
#132 = CARTESIAN_POINT('',(0.,0.,0.));
#133 = DIRECTION('',(0.,0.,1.));
#134 = DIRECTION('',(1.,0.,-0.));
#135 = AXIS2_PLACEMENT_3D('',#136,#137,#138);
#136 = CARTESIAN_POINT('',(0.,0.,0.));
#137 = DIRECTION('',(0.,0.,1.));
#138 = DIRECTION('',(1.,0.,-0.));
#139 = AXIS2_PLACEMENT_3D('',#140,#141,#142);
#140 = CARTESIAN_POINT('',(0.,0.,0.));
#141 = DIRECTION('',(0.,0.,1.));
#142 = DIRECTION('',(1.,0.,-0.));
#143 = AXIS2_PLACEMENT_3D('',#144,#145,#146);
#144 = CARTESIAN_POINT('',(0.,0.,0.));
#145 = DIRECTION('',(0.,0.,1.));
#146 = DIRECTION('',(1.,0.,-0.));
#147 = AXIS2_PLACEMENT_3D('',#148,#149,#150);
#148 = CARTESIAN_POINT('',(0.,0.,0.));
#149 = DIRECTION('',(0.,0.,1.));
#150 = DIRECTION('',(1.,0.,-0.));
#151 = AXIS2_PLACEMENT_3D('',#152,#153,#154);
#152 = CARTESIAN_POINT('',(0.,0.,0.));
#153 = DIRECTION('',(0.,0.,1.));
#154 = DIRECTION('',(1.,0.,-0.));
#155 = AXIS2_PLACEMENT_3D('',#156,#157,#158);
#156 = CARTESIAN_POINT('',(0.,0.,0.));
#157 = DIRECTION('',(0.,0.,1.));
#158 = DIRECTION('',(1.,0.,-0.));
#159 = AXIS2_PLACEMENT_3D('',#160,#161,#162);
#160 = CARTESIAN_POINT('',(0.,0.,0.));
#161 = DIRECTION('',(0.,0.,1.));
#162 = DIRECTION('',(1.,0.,-0.));
#163 = AXIS2_PLACEMENT_3D('',#164,#165,#166);
#164 = CARTESIAN_POINT('',(0.,0.,0.));
#165 = DIRECTION('',(0.,0.,1.));
#166 = DIRECTION('',(1.,0.,-0.));
#167 = AXIS2_PLACEMENT_3D('',#168,#169,#170);
#168 = CARTESIAN_POINT('',(0.,0.,0.));
#169 = DIRECTION('',(0.,0.,1.));
#170 = DIRECTION('',(1.,0.,-0.));
#171 = AXIS2_PLACEMENT_3D('',#172,#173,#174);
#172 = CARTESIAN_POINT('',(0.,0.,0.));
#173 = DIRECTION('',(0.,0.,1.));
#174 = DIRECTION('',(1.,0.,-0.));
#175 = AXIS2_PLACEMENT_3D('',#176,#177,#178);
#176 = CARTESIAN_POINT('',(0.,0.,0.));
#177 = DIRECTION('',(0.,0.,1.));
#178 = DIRECTION('',(1.,0.,-0.));
#179 = AXIS2_PLACEMENT_3D('',#180,#181,#182);
#180 = CARTESIAN_POINT('',(0.,0.,0.));
#181 = DIRECTION('',(0.,0.,1.));
#182 = DIRECTION('',(1.,0.,-0.));
#183 = AXIS2_PLACEMENT_3D('',#184,#185,#186);
#184 = CARTESIAN_POINT('',(0.,0.,0.));
#185 = DIRECTION('',(0.,0.,1.));
#186 = DIRECTION('',(1.,0.,-0.));
#187 = AXIS2_PLACEMENT_3D('',#188,#189,#190);
#188 = CARTESIAN_POINT('',(0.,0.,0.));
#189 = DIRECTION('',(0.,0.,1.));
#190 = DIRECTION('',(1.,0.,-0.));
#191 = AXIS2_PLACEMENT_3D('',#192,#193,#194);
#192 = CARTESIAN_POINT('',(0.,0.,0.));
#193 = DIRECTION('',(0.,0.,1.));
#194 = DIRECTION('',(1.,0.,-0.));
#195 = AXIS2_PLACEMENT_3D('',#196,#197,#198);
#196 = CARTESIAN_POINT('',(0.,0.,0.));
#197 = DIRECTION('',(0.,0.,1.));
#198 = DIRECTION('',(1.,0.,-0.));
#199 = AXIS2_PLACEMENT_3D('',#200,#201,#202);
#200 = CARTESIAN_POINT('',(0.,0.,0.));
#201 = DIRECTION('',(0.,0.,1.));
#202 = DIRECTION('',(1.,0.,-0.));
#203 = AXIS2_PLACEMENT_3D('',#204,#205,#206);
#204 = CARTESIAN_POINT('',(0.,0.,0.));
#205 = DIRECTION('',(0.,0.,1.));
#206 = DIRECTION('',(1.,0.,-0.));
#207 = ( GEOMETRIC_REPRESENTATION_CONTEXT(3) 
GLOBAL_UNCERTAINTY_ASSIGNED_CONTEXT((#211)) GLOBAL_UNIT_ASSIGNED_CONTEXT
((#208,#209,#210)) REPRESENTATION_CONTEXT('Context #1',
  '3D Context with UNIT and UNCERTAINTY') );
#208 = ( LENGTH_UNIT() NAMED_UNIT(*) SI_UNIT(.MILLI.,.METRE.) );
#209 = ( NAMED_UNIT(*) PLANE_ANGLE_UNIT() SI_UNIT($,.RADIAN.) );
#210 = ( NAMED_UNIT(*) SI_UNIT($,.STERADIAN.) SOLID_ANGLE_UNIT() );
#211 = UNCERTAINTY_MEASURE_WITH_UNIT(LENGTH_MEASURE(1.E-07),#208,
  'distance_accuracy_value','confusion accuracy');
#212 = PRODUCT_RELATED_PRODUCT_CATEGORY('part',$,(#7));
#213 = SHAPE_DEFINITION_REPRESENTATION(#214,#220);
#214 = PRODUCT_DEFINITION_SHAPE('','',#215);
#215 = PRODUCT_DEFINITION('design','',#216,#219);
#216 = PRODUCT_DEFINITION_FORMATION('','',#217);
#217 = PRODUCT('lumber_leg_bolt_left_1_shaft',
  'lumber_leg_bolt_left_1_shaft','',(#218));
#218 = PRODUCT_CONTEXT('',#2,'mechanical');
#219 = PRODUCT_DEFINITION_CONTEXT('part definition',#2,'design');
#220 = ADVANCED_BREP_SHAPE_REPRESENTATION('',(#11,#221),#319);
#221 = MANIFOLD_SOLID_BREP('',#222);
#222 = CLOSED_SHELL('',(#223,#311,#315));
#223 = ADVANCED_FACE('',(#224),#237,.T.);
#224 = FACE_BOUND('',#225,.T.);
#225 = EDGE_LOOP('',(#226,#260,#283,#310));
#226 = ORIENTED_EDGE('',*,*,#227,.F.);
#227 = EDGE_CURVE('',#228,#228,#230,.T.);
#228 = VERTEX_POINT('',#229);
#229 = CARTESIAN_POINT('',(-1.13665E+03,977.64834482069,
    1.50851908742E+03));
#230 = SURFACE_CURVE('',#231,(#236,#248),.PCURVE_S1.);
#231 = CIRCLE('',#232,4.9276);
#232 = AXIS2_PLACEMENT_3D('',#233,#234,#235);
#233 = CARTESIAN_POINT('',(-1.13665E+03,977.64834482069,
    1.50359148742E+03));
#234 = DIRECTION('',(1.,0.,-0.));
#235 = DIRECTION('',(0.,0.,1.));
#236 = PCURVE('',#237,#242);
#237 = CYLINDRICAL_SURFACE('',#238,4.9276);
#238 = AXIS2_PLACEMENT_3D('',#239,#240,#241);
#239 = CARTESIAN_POINT('',(-1.26365E+03,977.64834482069,
    1.50359148742E+03));
#240 = DIRECTION('',(1.,-0.,-0.));
#241 = DIRECTION('',(0.,0.,1.));
#242 = DEFINITIONAL_REPRESENTATION('',(#243),#247);
#243 = LINE('',#244,#245);
#244 = CARTESIAN_POINT('',(0.,127.));
#245 = VECTOR('',#246,1.);
#246 = DIRECTION('',(1.,0.));
#247 = ( GEOMETRIC_REPRESENTATION_CONTEXT(2) 
PARAMETRIC_REPRESENTATION_CONTEXT() REPRESENTATION_CONTEXT('2D SPACE',''
  ) );
#248 = PCURVE('',#249,#254);
#249 = PLANE('',#250);
#250 = AXIS2_PLACEMENT_3D('',#251,#252,#253);
#251 = CARTESIAN_POINT('',(-1.13665E+03,977.64834482069,
    1.50359148742E+03));
#252 = DIRECTION('',(1.,-0.,-0.));
#253 = DIRECTION('',(0.,0.,1.));
#254 = DEFINITIONAL_REPRESENTATION('',(#255),#259);
#255 = CIRCLE('',#256,4.9276);
#256 = AXIS2_PLACEMENT_2D('',#257,#258);
#257 = CARTESIAN_POINT('',(0.,0.));
#258 = DIRECTION('',(1.,0.));
#259 = ( GEOMETRIC_REPRESENTATION_CONTEXT(2) 
PARAMETRIC_REPRESENTATION_CONTEXT() REPRESENTATION_CONTEXT('2D SPACE',''
  ) );
#260 = ORIENTED_EDGE('',*,*,#261,.F.);
#261 = EDGE_CURVE('',#262,#228,#264,.T.);
#262 = VERTEX_POINT('',#263);
#263 = CARTESIAN_POINT('',(-1.26365E+03,977.64834482069,
    1.50851908742E+03));
#264 = SEAM_CURVE('',#265,(#269,#276),.PCURVE_S1.);
#265 = LINE('',#266,#267);
#266 = CARTESIAN_POINT('',(-1.26365E+03,977.64834482069,
    1.50851908742E+03));
#267 = VECTOR('',#268,1.);
#268 = DIRECTION('',(1.,0.,0.));
#269 = PCURVE('',#237,#270);
#270 = DEFINITIONAL_REPRESENTATION('',(#271),#275);
#271 = LINE('',#272,#273);
#272 = CARTESIAN_POINT('',(6.28318530718,-0.));
#273 = VECTOR('',#274,1.);
#274 = DIRECTION('',(0.,1.));
#275 = ( GEOMETRIC_REPRESENTATION_CONTEXT(2) 
PARAMETRIC_REPRESENTATION_CONTEXT() REPRESENTATION_CONTEXT('2D SPACE',''
  ) );
#276 = PCURVE('',#237,#277);
#277 = DEFINITIONAL_REPRESENTATION('',(#278),#282);
#278 = LINE('',#279,#280);
#279 = CARTESIAN_POINT('',(0.,-0.));
#280 = VECTOR('',#281,1.);
#281 = DIRECTION('',(0.,1.));
#282 = ( GEOMETRIC_REPRESENTATION_CONTEXT(2) 
PARAMETRIC_REPRESENTATION_CONTEXT() REPRESENTATION_CONTEXT('2D SPACE',''
  ) );
#283 = ORIENTED_EDGE('',*,*,#284,.T.);
#284 = EDGE_CURVE('',#262,#262,#285,.T.);
#285 = SURFACE_CURVE('',#286,(#291,#298),.PCURVE_S1.);
#286 = CIRCLE('',#287,4.9276);
#287 = AXIS2_PLACEMENT_3D('',#288,#289,#290);
#288 = CARTESIAN_POINT('',(-1.26365E+03,977.64834482069,
    1.50359148742E+03));
#289 = DIRECTION('',(1.,0.,-0.));
#290 = DIRECTION('',(0.,0.,1.));
#291 = PCURVE('',#237,#292);
#292 = DEFINITIONAL_REPRESENTATION('',(#293),#297);
#293 = LINE('',#294,#295);
#294 = CARTESIAN_POINT('',(0.,0.));
#295 = VECTOR('',#296,1.);
#296 = DIRECTION('',(1.,0.));
#297 = ( GEOMETRIC_REPRESENTATION_CONTEXT(2) 
PARAMETRIC_REPRESENTATION_CONTEXT() REPRESENTATION_CONTEXT('2D SPACE',''
  ) );
#298 = PCURVE('',#299,#304);
#299 = PLANE('',#300);
#300 = AXIS2_PLACEMENT_3D('',#301,#302,#303);
#301 = CARTESIAN_POINT('',(-1.26365E+03,977.64834482069,
    1.50359148742E+03));
#302 = DIRECTION('',(1.,-0.,-0.));
#303 = DIRECTION('',(0.,0.,1.));
#304 = DEFINITIONAL_REPRESENTATION('',(#305),#309);
#305 = CIRCLE('',#306,4.9276);
#306 = AXIS2_PLACEMENT_2D('',#307,#308);
#307 = CARTESIAN_POINT('',(0.,0.));
#308 = DIRECTION('',(1.,0.));
#309 = ( GEOMETRIC_REPRESENTATION_CONTEXT(2) 
PARAMETRIC_REPRESENTATION_CONTEXT() REPRESENTATION_CONTEXT('2D SPACE',''
  ) );
#310 = ORIENTED_EDGE('',*,*,#261,.T.);
#311 = ADVANCED_FACE('',(#312),#249,.T.);
#312 = FACE_BOUND('',#313,.T.);
#313 = EDGE_LOOP('',(#314));
#314 = ORIENTED_EDGE('',*,*,#227,.T.);
#315 = ADVANCED_FACE('',(#316),#299,.F.);
#316 = FACE_BOUND('',#317,.T.);
#317 = EDGE_LOOP('',(#318));
#318 = ORIENTED_EDGE('',*,*,#284,.F.);
#319 = ( GEOMETRIC_REPRESENTATION_CONTEXT(3) 
GLOBAL_UNCERTAINTY_ASSIGNED_CONTEXT((#323)) GLOBAL_UNIT_ASSIGNED_CONTEXT
((#320,#321,#322)) REPRESENTATION_CONTEXT('Context #1',
  '3D Context with UNIT and UNCERTAINTY') );
#320 = ( LENGTH_UNIT() NAMED_UNIT(*) SI_UNIT(.MILLI.,.METRE.) );
#321 = ( NAMED_UNIT(*) PLANE_ANGLE_UNIT() SI_UNIT($,.RADIAN.) );
#322 = ( NAMED_UNIT(*) SI_UNIT($,.STERADIAN.) SOLID_ANGLE_UNIT() );
#323 = UNCERTAINTY_MEASURE_WITH_UNIT(LENGTH_MEASURE(1.E-07),#320,
  'distance_accuracy_value','confusion accuracy');
#324 = CONTEXT_DEPENDENT_SHAPE_REPRESENTATION(#325,#327);
#325 = ( REPRESENTATION_RELATIONSHIP('','',#220,#10) 
REPRESENTATION_RELATIONSHIP_WITH_TRANSFORMATION(#326) 
SHAPE_REPRESENTATION_RELATIONSHIP() );
#326 = ITEM_DEFINED_TRANSFORMATION('','',#11,#15);
#327 = PRODUCT_DEFINITION_SHAPE('Placement','Placement of an item',#328
  );
#328 = NEXT_ASSEMBLY_USAGE_OCCURRENCE('1','lumber_leg_bolt_left_1_shaft'
  ,'',#5,#215,$);
#329 = PRODUCT_RELATED_PRODUCT_CATEGORY('part',$,(#217));
#330 = SHAPE_DEFINITION_REPRESENTATION(#331,#337);
#331 = PRODUCT_DEFINITION_SHAPE('','',#332);
#332 = PRODUCT_DEFINITION('design','',#333,#336);
#333 = PRODUCT_DEFINITION_FORMATION('','',#334);
#334 = PRODUCT('lumber_leg_bolt_left_1_head_plate',
  'lumber_leg_bolt_left_1_head_plate','',(#335));
#335 = PRODUCT_CONTEXT('',#2,'mechanical');
#336 = PRODUCT_DEFINITION_CONTEXT('part definition',#2,'design');
#337 = ADVANCED_BREP_SHAPE_REPRESENTATION('',(#11,#338),#520);
#338 = MANIFOLD_SOLID_BREP('',#339);
#339 = CLOSED_SHELL('',(#340,#428,#463,#493));
#340 = ADVANCED_FACE('',(#341),#354,.T.);
#341 = FACE_BOUND('',#342,.T.);
#342 = EDGE_LOOP('',(#343,#377,#400,#427));
#343 = ORIENTED_EDGE('',*,*,#344,.F.);
#344 = EDGE_CURVE('',#345,#345,#347,.T.);
#345 = VERTEX_POINT('',#346);
#346 = CARTESIAN_POINT('',(-1.2573E+03,977.64834482069,1.52264148742E+03
    ));
#347 = SURFACE_CURVE('',#348,(#353,#365),.PCURVE_S1.);
#348 = CIRCLE('',#349,19.05);
#349 = AXIS2_PLACEMENT_3D('',#350,#351,#352);
#350 = CARTESIAN_POINT('',(-1.2573E+03,977.64834482069,1.50359148742E+03
    ));
#351 = DIRECTION('',(1.,0.,-0.));
#352 = DIRECTION('',(0.,0.,1.));
#353 = PCURVE('',#354,#359);
#354 = CYLINDRICAL_SURFACE('',#355,19.05);
#355 = AXIS2_PLACEMENT_3D('',#356,#357,#358);
#356 = CARTESIAN_POINT('',(-1.26365E+03,977.64834482069,
    1.50359148742E+03));
#357 = DIRECTION('',(1.,-0.,-0.));
#358 = DIRECTION('',(0.,0.,1.));
#359 = DEFINITIONAL_REPRESENTATION('',(#360),#364);
#360 = LINE('',#361,#362);
#361 = CARTESIAN_POINT('',(0.,6.35));
#362 = VECTOR('',#363,1.);
#363 = DIRECTION('',(1.,0.));
#364 = ( GEOMETRIC_REPRESENTATION_CONTEXT(2) 
PARAMETRIC_REPRESENTATION_CONTEXT() REPRESENTATION_CONTEXT('2D SPACE',''
  ) );
#365 = PCURVE('',#366,#371);
#366 = PLANE('',#367);
#367 = AXIS2_PLACEMENT_3D('',#368,#369,#370);
#368 = CARTESIAN_POINT('',(-1.2573E+03,977.64834482069,1.50359148742E+03
    ));
#369 = DIRECTION('',(1.,-0.,-0.));
#370 = DIRECTION('',(0.,0.,1.));
#371 = DEFINITIONAL_REPRESENTATION('',(#372),#376);
#372 = CIRCLE('',#373,19.05);
#373 = AXIS2_PLACEMENT_2D('',#374,#375);
#374 = CARTESIAN_POINT('',(0.,0.));
#375 = DIRECTION('',(1.,0.));
#376 = ( GEOMETRIC_REPRESENTATION_CONTEXT(2) 
PARAMETRIC_REPRESENTATION_CONTEXT() REPRESENTATION_CONTEXT('2D SPACE',''
  ) );
#377 = ORIENTED_EDGE('',*,*,#378,.F.);
#378 = EDGE_CURVE('',#379,#345,#381,.T.);
#379 = VERTEX_POINT('',#380);
#380 = CARTESIAN_POINT('',(-1.26365E+03,977.64834482069,
    1.52264148742E+03));
#381 = SEAM_CURVE('',#382,(#386,#393),.PCURVE_S1.);
#382 = LINE('',#383,#384);
#383 = CARTESIAN_POINT('',(-1.26365E+03,977.64834482069,
    1.52264148742E+03));
#384 = VECTOR('',#385,1.);
#385 = DIRECTION('',(1.,0.,0.));
#386 = PCURVE('',#354,#387);
#387 = DEFINITIONAL_REPRESENTATION('',(#388),#392);
#388 = LINE('',#389,#390);
#389 = CARTESIAN_POINT('',(6.28318530718,-0.));
#390 = VECTOR('',#391,1.);
#391 = DIRECTION('',(0.,1.));
#392 = ( GEOMETRIC_REPRESENTATION_CONTEXT(2) 
PARAMETRIC_REPRESENTATION_CONTEXT() REPRESENTATION_CONTEXT('2D SPACE',''
  ) );
#393 = PCURVE('',#354,#394);
#394 = DEFINITIONAL_REPRESENTATION('',(#395),#399);
#395 = LINE('',#396,#397);
#396 = CARTESIAN_POINT('',(0.,-0.));
#397 = VECTOR('',#398,1.);
#398 = DIRECTION('',(0.,1.));
#399 = ( GEOMETRIC_REPRESENTATION_CONTEXT(2) 
PARAMETRIC_REPRESENTATION_CONTEXT() REPRESENTATION_CONTEXT('2D SPACE',''
  ) );
#400 = ORIENTED_EDGE('',*,*,#401,.T.);
#401 = EDGE_CURVE('',#379,#379,#402,.T.);
#402 = SURFACE_CURVE('',#403,(#408,#415),.PCURVE_S1.);
#403 = CIRCLE('',#404,19.05);
#404 = AXIS2_PLACEMENT_3D('',#405,#406,#407);
#405 = CARTESIAN_POINT('',(-1.26365E+03,977.64834482069,
    1.50359148742E+03));
#406 = DIRECTION('',(1.,0.,-0.));
#407 = DIRECTION('',(0.,0.,1.));
#408 = PCURVE('',#354,#409);
#409 = DEFINITIONAL_REPRESENTATION('',(#410),#414);
#410 = LINE('',#411,#412);
#411 = CARTESIAN_POINT('',(0.,0.));
#412 = VECTOR('',#413,1.);
#413 = DIRECTION('',(1.,0.));
#414 = ( GEOMETRIC_REPRESENTATION_CONTEXT(2) 
PARAMETRIC_REPRESENTATION_CONTEXT() REPRESENTATION_CONTEXT('2D SPACE',''
  ) );
#415 = PCURVE('',#416,#421);
#416 = PLANE('',#417);
#417 = AXIS2_PLACEMENT_3D('',#418,#419,#420);
#418 = CARTESIAN_POINT('',(-1.26365E+03,977.64834482069,
    1.50359148742E+03));
#419 = DIRECTION('',(1.,-0.,-0.));
#420 = DIRECTION('',(0.,0.,1.));
#421 = DEFINITIONAL_REPRESENTATION('',(#422),#426);
#422 = CIRCLE('',#423,19.05);
#423 = AXIS2_PLACEMENT_2D('',#424,#425);
#424 = CARTESIAN_POINT('',(0.,0.));
#425 = DIRECTION('',(1.,0.));
#426 = ( GEOMETRIC_REPRESENTATION_CONTEXT(2) 
PARAMETRIC_REPRESENTATION_CONTEXT() REPRESENTATION_CONTEXT('2D SPACE',''
  ) );
#427 = ORIENTED_EDGE('',*,*,#378,.T.);
#428 = ADVANCED_FACE('',(#429,#432),#366,.T.);
#429 = FACE_BOUND('',#430,.T.);
#430 = EDGE_LOOP('',(#431));
#431 = ORIENTED_EDGE('',*,*,#344,.T.);
#432 = FACE_BOUND('',#433,.T.);
#433 = EDGE_LOOP('',(#434));
#434 = ORIENTED_EDGE('',*,*,#435,.F.);
#435 = EDGE_CURVE('',#436,#436,#438,.T.);
#436 = VERTEX_POINT('',#437);
#437 = CARTESIAN_POINT('',(-1.2573E+03,977.64834482069,1.50914773742E+03
    ));
#438 = SURFACE_CURVE('',#439,(#444,#451),.PCURVE_S1.);
#439 = CIRCLE('',#440,5.55625);
#440 = AXIS2_PLACEMENT_3D('',#441,#442,#443);
#441 = CARTESIAN_POINT('',(-1.2573E+03,977.64834482069,1.50359148742E+03
    ));
#442 = DIRECTION('',(1.,0.,-0.));
#443 = DIRECTION('',(0.,0.,1.));
#444 = PCURVE('',#366,#445);
#445 = DEFINITIONAL_REPRESENTATION('',(#446),#450);
#446 = CIRCLE('',#447,5.55625);
#447 = AXIS2_PLACEMENT_2D('',#448,#449);
#448 = CARTESIAN_POINT('',(0.,0.));
#449 = DIRECTION('',(1.,0.));
#450 = ( GEOMETRIC_REPRESENTATION_CONTEXT(2) 
PARAMETRIC_REPRESENTATION_CONTEXT() REPRESENTATION_CONTEXT('2D SPACE',''
  ) );
#451 = PCURVE('',#452,#457);
#452 = CYLINDRICAL_SURFACE('',#453,5.55625);
#453 = AXIS2_PLACEMENT_3D('',#454,#455,#456);
#454 = CARTESIAN_POINT('',(-1.26365E+03,977.64834482069,
    1.50359148742E+03));
#455 = DIRECTION('',(1.,-0.,-0.));
#456 = DIRECTION('',(0.,0.,1.));
#457 = DEFINITIONAL_REPRESENTATION('',(#458),#462);
#458 = LINE('',#459,#460);
#459 = CARTESIAN_POINT('',(0.,6.35));
#460 = VECTOR('',#461,1.);
#461 = DIRECTION('',(1.,0.));
#462 = ( GEOMETRIC_REPRESENTATION_CONTEXT(2) 
PARAMETRIC_REPRESENTATION_CONTEXT() REPRESENTATION_CONTEXT('2D SPACE',''
  ) );
#463 = ADVANCED_FACE('',(#464,#467),#416,.F.);
#464 = FACE_BOUND('',#465,.F.);
#465 = EDGE_LOOP('',(#466));
#466 = ORIENTED_EDGE('',*,*,#401,.T.);
#467 = FACE_BOUND('',#468,.F.);
#468 = EDGE_LOOP('',(#469));
#469 = ORIENTED_EDGE('',*,*,#470,.F.);
#470 = EDGE_CURVE('',#471,#471,#473,.T.);
#471 = VERTEX_POINT('',#472);
#472 = CARTESIAN_POINT('',(-1.26365E+03,977.64834482069,
    1.50914773742E+03));
#473 = SURFACE_CURVE('',#474,(#479,#486),.PCURVE_S1.);
#474 = CIRCLE('',#475,5.55625);
#475 = AXIS2_PLACEMENT_3D('',#476,#477,#478);
#476 = CARTESIAN_POINT('',(-1.26365E+03,977.64834482069,
    1.50359148742E+03));
#477 = DIRECTION('',(1.,0.,-0.));
#478 = DIRECTION('',(0.,0.,1.));
#479 = PCURVE('',#416,#480);
#480 = DEFINITIONAL_REPRESENTATION('',(#481),#485);
#481 = CIRCLE('',#482,5.55625);
#482 = AXIS2_PLACEMENT_2D('',#483,#484);
#483 = CARTESIAN_POINT('',(0.,0.));
#484 = DIRECTION('',(1.,0.));
#485 = ( GEOMETRIC_REPRESENTATION_CONTEXT(2) 
PARAMETRIC_REPRESENTATION_CONTEXT() REPRESENTATION_CONTEXT('2D SPACE',''
  ) );
#486 = PCURVE('',#452,#487);
#487 = DEFINITIONAL_REPRESENTATION('',(#488),#492);
#488 = LINE('',#489,#490);
#489 = CARTESIAN_POINT('',(0.,0.));
#490 = VECTOR('',#491,1.);
#491 = DIRECTION('',(1.,0.));
#492 = ( GEOMETRIC_REPRESENTATION_CONTEXT(2) 
PARAMETRIC_REPRESENTATION_CONTEXT() REPRESENTATION_CONTEXT('2D SPACE',''
  ) );
#493 = ADVANCED_FACE('',(#494),#452,.F.);
#494 = FACE_BOUND('',#495,.F.);
#495 = EDGE_LOOP('',(#496,#497,#518,#519));
#496 = ORIENTED_EDGE('',*,*,#435,.F.);
#497 = ORIENTED_EDGE('',*,*,#498,.F.);
#498 = EDGE_CURVE('',#471,#436,#499,.T.);
#499 = SEAM_CURVE('',#500,(#504,#511),.PCURVE_S1.);
#500 = LINE('',#501,#502);
#501 = CARTESIAN_POINT('',(-1.26365E+03,977.64834482069,
    1.50914773742E+03));
#502 = VECTOR('',#503,1.);
#503 = DIRECTION('',(1.,0.,0.));
#504 = PCURVE('',#452,#505);
#505 = DEFINITIONAL_REPRESENTATION('',(#506),#510);
#506 = LINE('',#507,#508);
#507 = CARTESIAN_POINT('',(6.28318530718,-0.));
#508 = VECTOR('',#509,1.);
#509 = DIRECTION('',(0.,1.));
#510 = ( GEOMETRIC_REPRESENTATION_CONTEXT(2) 
PARAMETRIC_REPRESENTATION_CONTEXT() REPRESENTATION_CONTEXT('2D SPACE',''
  ) );
#511 = PCURVE('',#452,#512);
#512 = DEFINITIONAL_REPRESENTATION('',(#513),#517);
#513 = LINE('',#514,#515);
#514 = CARTESIAN_POINT('',(0.,-0.));
#515 = VECTOR('',#516,1.);
#516 = DIRECTION('',(0.,1.));
#517 = ( GEOMETRIC_REPRESENTATION_CONTEXT(2) 
PARAMETRIC_REPRESENTATION_CONTEXT() REPRESENTATION_CONTEXT('2D SPACE',''
  ) );
#518 = ORIENTED_EDGE('',*,*,#470,.T.);
#519 = ORIENTED_EDGE('',*,*,#498,.T.);
#520 = ( GEOMETRIC_REPRESENTATION_CONTEXT(3) 
GLOBAL_UNCERTAINTY_ASSIGNED_CONTEXT((#524)) GLOBAL_UNIT_ASSIGNED_CONTEXT
((#521,#522,#523)) REPRESENTATION_CONTEXT('Context #1',
  '3D Context with UNIT and UNCERTAINTY') );
#521 = ( LENGTH_UNIT() NAMED_UNIT(*) SI_UNIT(.MILLI.,.METRE.) );
#522 = ( NAMED_UNIT(*) PLANE_ANGLE_UNIT() SI_UNIT($,.RADIAN.) );
#523 = ( NAMED_UNIT(*) SI_UNIT($,.STERADIAN.) SOLID_ANGLE_UNIT() );
#524 = UNCERTAINTY_MEASURE_WITH_UNIT(LENGTH_MEASURE(1.E-07),#521,
  'distance_accuracy_value','confusion accuracy');
#525 = CONTEXT_DEPENDENT_SHAPE_REPRESENTATION(#526,#528);
#526 = ( REPRESENTATION_RELATIONSHIP('','',#337,#10) 
REPRESENTATION_RELATIONSHIP_WITH_TRANSFORMATION(#527) 
SHAPE_REPRESENTATION_RELATIONSHIP() );
#527 = ITEM_DEFINED_TRANSFORMATION('','',#11,#19);
#528 = PRODUCT_DEFINITION_SHAPE('Placement','Placement of an item',#529
  );
#529 = NEXT_ASSEMBLY_USAGE_OCCURRENCE('2',
  'lumber_leg_bolt_left_1_head_plate','',#5,#332,$);
#530 = PRODUCT_RELATED_PRODUCT_CATEGORY('part',$,(#334));
#531 = SHAPE_DEFINITION_REPRESENTATION(#532,#538);
#532 = PRODUCT_DEFINITION_SHAPE('','',#533);
#533 = PRODUCT_DEFINITION('design','',#534,#537);
#534 = PRODUCT_DEFINITION_FORMATION('','',#535);
#535 = PRODUCT('lumber_leg_bolt_left_1_nut_plate',
  'lumber_leg_bolt_left_1_nut_plate','',(#536));
#536 = PRODUCT_CONTEXT('',#2,'mechanical');
#537 = PRODUCT_DEFINITION_CONTEXT('part definition',#2,'design');
#538 = ADVANCED_BREP_SHAPE_REPRESENTATION('',(#11,#539),#721);
#539 = MANIFOLD_SOLID_BREP('',#540);
#540 = CLOSED_SHELL('',(#541,#629,#664,#694));
#541 = ADVANCED_FACE('',(#542),#555,.T.);
#542 = FACE_BOUND('',#543,.T.);
#543 = EDGE_LOOP('',(#544,#578,#601,#628));
#544 = ORIENTED_EDGE('',*,*,#545,.F.);
#545 = EDGE_CURVE('',#546,#546,#548,.T.);
#546 = VERTEX_POINT('',#547);
#547 = CARTESIAN_POINT('',(-1.17475E+03,977.64834482069,
    1.52264148742E+03));
#548 = SURFACE_CURVE('',#549,(#554,#566),.PCURVE_S1.);
#549 = CIRCLE('',#550,19.05);
#550 = AXIS2_PLACEMENT_3D('',#551,#552,#553);
#551 = CARTESIAN_POINT('',(-1.17475E+03,977.64834482069,
    1.50359148742E+03));
#552 = DIRECTION('',(1.,0.,-0.));
#553 = DIRECTION('',(0.,0.,1.));
#554 = PCURVE('',#555,#560);
#555 = CYLINDRICAL_SURFACE('',#556,19.05);
#556 = AXIS2_PLACEMENT_3D('',#557,#558,#559);
#557 = CARTESIAN_POINT('',(-1.1811E+03,977.64834482069,1.50359148742E+03
    ));
#558 = DIRECTION('',(1.,-0.,-0.));
#559 = DIRECTION('',(0.,0.,1.));
#560 = DEFINITIONAL_REPRESENTATION('',(#561),#565);
#561 = LINE('',#562,#563);
#562 = CARTESIAN_POINT('',(0.,6.35));
#563 = VECTOR('',#564,1.);
#564 = DIRECTION('',(1.,0.));
#565 = ( GEOMETRIC_REPRESENTATION_CONTEXT(2) 
PARAMETRIC_REPRESENTATION_CONTEXT() REPRESENTATION_CONTEXT('2D SPACE',''
  ) );
#566 = PCURVE('',#567,#572);
#567 = PLANE('',#568);
#568 = AXIS2_PLACEMENT_3D('',#569,#570,#571);
#569 = CARTESIAN_POINT('',(-1.17475E+03,977.64834482069,
    1.50359148742E+03));
#570 = DIRECTION('',(1.,-0.,-0.));
#571 = DIRECTION('',(0.,0.,1.));
#572 = DEFINITIONAL_REPRESENTATION('',(#573),#577);
#573 = CIRCLE('',#574,19.05);
#574 = AXIS2_PLACEMENT_2D('',#575,#576);
#575 = CARTESIAN_POINT('',(0.,0.));
#576 = DIRECTION('',(1.,0.));
#577 = ( GEOMETRIC_REPRESENTATION_CONTEXT(2) 
PARAMETRIC_REPRESENTATION_CONTEXT() REPRESENTATION_CONTEXT('2D SPACE',''
  ) );
#578 = ORIENTED_EDGE('',*,*,#579,.F.);
#579 = EDGE_CURVE('',#580,#546,#582,.T.);
#580 = VERTEX_POINT('',#581);
#581 = CARTESIAN_POINT('',(-1.1811E+03,977.64834482069,1.52264148742E+03
    ));
#582 = SEAM_CURVE('',#583,(#587,#594),.PCURVE_S1.);
#583 = LINE('',#584,#585);
#584 = CARTESIAN_POINT('',(-1.1811E+03,977.64834482069,1.52264148742E+03
    ));
#585 = VECTOR('',#586,1.);
#586 = DIRECTION('',(1.,0.,0.));
#587 = PCURVE('',#555,#588);
#588 = DEFINITIONAL_REPRESENTATION('',(#589),#593);
#589 = LINE('',#590,#591);
#590 = CARTESIAN_POINT('',(6.28318530718,-0.));
#591 = VECTOR('',#592,1.);
#592 = DIRECTION('',(0.,1.));
#593 = ( GEOMETRIC_REPRESENTATION_CONTEXT(2) 
PARAMETRIC_REPRESENTATION_CONTEXT() REPRESENTATION_CONTEXT('2D SPACE',''
  ) );
#594 = PCURVE('',#555,#595);
#595 = DEFINITIONAL_REPRESENTATION('',(#596),#600);
#596 = LINE('',#597,#598);
#597 = CARTESIAN_POINT('',(0.,-0.));
#598 = VECTOR('',#599,1.);
#599 = DIRECTION('',(0.,1.));
#600 = ( GEOMETRIC_REPRESENTATION_CONTEXT(2) 
PARAMETRIC_REPRESENTATION_CONTEXT() REPRESENTATION_CONTEXT('2D SPACE',''
  ) );
#601 = ORIENTED_EDGE('',*,*,#602,.T.);
#602 = EDGE_CURVE('',#580,#580,#603,.T.);
#603 = SURFACE_CURVE('',#604,(#609,#616),.PCURVE_S1.);
#604 = CIRCLE('',#605,19.05);
#605 = AXIS2_PLACEMENT_3D('',#606,#607,#608);
#606 = CARTESIAN_POINT('',(-1.1811E+03,977.64834482069,1.50359148742E+03
    ));
#607 = DIRECTION('',(1.,0.,-0.));
#608 = DIRECTION('',(0.,0.,1.));
#609 = PCURVE('',#555,#610);
#610 = DEFINITIONAL_REPRESENTATION('',(#611),#615);
#611 = LINE('',#612,#613);
#612 = CARTESIAN_POINT('',(0.,0.));
#613 = VECTOR('',#614,1.);
#614 = DIRECTION('',(1.,0.));
#615 = ( GEOMETRIC_REPRESENTATION_CONTEXT(2) 
PARAMETRIC_REPRESENTATION_CONTEXT() REPRESENTATION_CONTEXT('2D SPACE',''
  ) );
#616 = PCURVE('',#617,#622);
#617 = PLANE('',#618);
#618 = AXIS2_PLACEMENT_3D('',#619,#620,#621);
#619 = CARTESIAN_POINT('',(-1.1811E+03,977.64834482069,1.50359148742E+03
    ));
#620 = DIRECTION('',(1.,-0.,-0.));
#621 = DIRECTION('',(0.,0.,1.));
#622 = DEFINITIONAL_REPRESENTATION('',(#623),#627);
#623 = CIRCLE('',#624,19.05);
#624 = AXIS2_PLACEMENT_2D('',#625,#626);
#625 = CARTESIAN_POINT('',(0.,0.));
#626 = DIRECTION('',(1.,0.));
#627 = ( GEOMETRIC_REPRESENTATION_CONTEXT(2) 
PARAMETRIC_REPRESENTATION_CONTEXT() REPRESENTATION_CONTEXT('2D SPACE',''
  ) );
#628 = ORIENTED_EDGE('',*,*,#579,.T.);
#629 = ADVANCED_FACE('',(#630,#633),#567,.T.);
#630 = FACE_BOUND('',#631,.T.);
#631 = EDGE_LOOP('',(#632));
#632 = ORIENTED_EDGE('',*,*,#545,.T.);
#633 = FACE_BOUND('',#634,.T.);
#634 = EDGE_LOOP('',(#635));
#635 = ORIENTED_EDGE('',*,*,#636,.F.);
#636 = EDGE_CURVE('',#637,#637,#639,.T.);
#637 = VERTEX_POINT('',#638);
#638 = CARTESIAN_POINT('',(-1.17475E+03,977.64834482069,
    1.50914773742E+03));
#639 = SURFACE_CURVE('',#640,(#645,#652),.PCURVE_S1.);
#640 = CIRCLE('',#641,5.55625);
#641 = AXIS2_PLACEMENT_3D('',#642,#643,#644);
#642 = CARTESIAN_POINT('',(-1.17475E+03,977.64834482069,
    1.50359148742E+03));
#643 = DIRECTION('',(1.,0.,-0.));
#644 = DIRECTION('',(0.,0.,1.));
#645 = PCURVE('',#567,#646);
#646 = DEFINITIONAL_REPRESENTATION('',(#647),#651);
#647 = CIRCLE('',#648,5.55625);
#648 = AXIS2_PLACEMENT_2D('',#649,#650);
#649 = CARTESIAN_POINT('',(0.,0.));
#650 = DIRECTION('',(1.,0.));
#651 = ( GEOMETRIC_REPRESENTATION_CONTEXT(2) 
PARAMETRIC_REPRESENTATION_CONTEXT() REPRESENTATION_CONTEXT('2D SPACE',''
  ) );
#652 = PCURVE('',#653,#658);
#653 = CYLINDRICAL_SURFACE('',#654,5.55625);
#654 = AXIS2_PLACEMENT_3D('',#655,#656,#657);
#655 = CARTESIAN_POINT('',(-1.1811E+03,977.64834482069,1.50359148742E+03
    ));
#656 = DIRECTION('',(1.,-0.,-0.));
#657 = DIRECTION('',(0.,0.,1.));
#658 = DEFINITIONAL_REPRESENTATION('',(#659),#663);
#659 = LINE('',#660,#661);
#660 = CARTESIAN_POINT('',(0.,6.35));
#661 = VECTOR('',#662,1.);
#662 = DIRECTION('',(1.,0.));
#663 = ( GEOMETRIC_REPRESENTATION_CONTEXT(2) 
PARAMETRIC_REPRESENTATION_CONTEXT() REPRESENTATION_CONTEXT('2D SPACE',''
  ) );
#664 = ADVANCED_FACE('',(#665,#668),#617,.F.);
#665 = FACE_BOUND('',#666,.F.);
#666 = EDGE_LOOP('',(#667));
#667 = ORIENTED_EDGE('',*,*,#602,.T.);
#668 = FACE_BOUND('',#669,.F.);
#669 = EDGE_LOOP('',(#670));
#670 = ORIENTED_EDGE('',*,*,#671,.F.);
#671 = EDGE_CURVE('',#672,#672,#674,.T.);
#672 = VERTEX_POINT('',#673);
#673 = CARTESIAN_POINT('',(-1.1811E+03,977.64834482069,1.50914773742E+03
    ));
#674 = SURFACE_CURVE('',#675,(#680,#687),.PCURVE_S1.);
#675 = CIRCLE('',#676,5.55625);
#676 = AXIS2_PLACEMENT_3D('',#677,#678,#679);
#677 = CARTESIAN_POINT('',(-1.1811E+03,977.64834482069,1.50359148742E+03
    ));
#678 = DIRECTION('',(1.,0.,-0.));
#679 = DIRECTION('',(0.,0.,1.));
#680 = PCURVE('',#617,#681);
#681 = DEFINITIONAL_REPRESENTATION('',(#682),#686);
#682 = CIRCLE('',#683,5.55625);
#683 = AXIS2_PLACEMENT_2D('',#684,#685);
#684 = CARTESIAN_POINT('',(0.,0.));
#685 = DIRECTION('',(1.,0.));
#686 = ( GEOMETRIC_REPRESENTATION_CONTEXT(2) 
PARAMETRIC_REPRESENTATION_CONTEXT() REPRESENTATION_CONTEXT('2D SPACE',''
  ) );
#687 = PCURVE('',#653,#688);
#688 = DEFINITIONAL_REPRESENTATION('',(#689),#693);
#689 = LINE('',#690,#691);
#690 = CARTESIAN_POINT('',(0.,0.));
#691 = VECTOR('',#692,1.);
#692 = DIRECTION('',(1.,0.));
#693 = ( GEOMETRIC_REPRESENTATION_CONTEXT(2) 
PARAMETRIC_REPRESENTATION_CONTEXT() REPRESENTATION_CONTEXT('2D SPACE',''
  ) );
#694 = ADVANCED_FACE('',(#695),#653,.F.);
#695 = FACE_BOUND('',#696,.F.);
#696 = EDGE_LOOP('',(#697,#698,#719,#720));
#697 = ORIENTED_EDGE('',*,*,#636,.F.);
#698 = ORIENTED_EDGE('',*,*,#699,.F.);
#699 = EDGE_CURVE('',#672,#637,#700,.T.);
#700 = SEAM_CURVE('',#701,(#705,#712),.PCURVE_S1.);
#701 = LINE('',#702,#703);
#702 = CARTESIAN_POINT('',(-1.1811E+03,977.64834482069,1.50914773742E+03
    ));
#703 = VECTOR('',#704,1.);
#704 = DIRECTION('',(1.,0.,0.));
#705 = PCURVE('',#653,#706);
#706 = DEFINITIONAL_REPRESENTATION('',(#707),#711);
#707 = LINE('',#708,#709);
#708 = CARTESIAN_POINT('',(6.28318530718,-0.));
#709 = VECTOR('',#710,1.);
#710 = DIRECTION('',(0.,1.));
#711 = ( GEOMETRIC_REPRESENTATION_CONTEXT(2) 
PARAMETRIC_REPRESENTATION_CONTEXT() REPRESENTATION_CONTEXT('2D SPACE',''
  ) );
#712 = PCURVE('',#653,#713);
#713 = DEFINITIONAL_REPRESENTATION('',(#714),#718);
#714 = LINE('',#715,#716);
#715 = CARTESIAN_POINT('',(0.,-0.));
#716 = VECTOR('',#717,1.);
#717 = DIRECTION('',(0.,1.));
#718 = ( GEOMETRIC_REPRESENTATION_CONTEXT(2) 
PARAMETRIC_REPRESENTATION_CONTEXT() REPRESENTATION_CONTEXT('2D SPACE',''
  ) );
#719 = ORIENTED_EDGE('',*,*,#671,.T.);
#720 = ORIENTED_EDGE('',*,*,#699,.T.);
#721 = ( GEOMETRIC_REPRESENTATION_CONTEXT(3) 
GLOBAL_UNCERTAINTY_ASSIGNED_CONTEXT((#725)) GLOBAL_UNIT_ASSIGNED_CONTEXT
((#722,#723,#724)) REPRESENTATION_CONTEXT('Context #1',
  '3D Context with UNIT and UNCERTAINTY') );
#722 = ( LENGTH_UNIT() NAMED_UNIT(*) SI_UNIT(.MILLI.,.METRE.) );
#723 = ( NAMED_UNIT(*) PLANE_ANGLE_UNIT() SI_UNIT($,.RADIAN.) );
#724 = ( NAMED_UNIT(*) SI_UNIT($,.STERADIAN.) SOLID_ANGLE_UNIT() );
#725 = UNCERTAINTY_MEASURE_WITH_UNIT(LENGTH_MEASURE(1.E-07),#722,
  'distance_accuracy_value','confusion accuracy');
#726 = CONTEXT_DEPENDENT_SHAPE_REPRESENTATION(#727,#729);
#727 = ( REPRESENTATION_RELATIONSHIP('','',#538,#10) 
REPRESENTATION_RELATIONSHIP_WITH_TRANSFORMATION(#728) 
SHAPE_REPRESENTATION_RELATIONSHIP() );
#728 = ITEM_DEFINED_TRANSFORMATION('','',#11,#23);
#729 = PRODUCT_DEFINITION_SHAPE('Placement','Placement of an item',#730
  );
#730 = NEXT_ASSEMBLY_USAGE_OCCURRENCE('3',
  'lumber_leg_bolt_left_1_nut_plate','',#5,#533,$);
#731 = PRODUCT_RELATED_PRODUCT_CATEGORY('part',$,(#535));
#732 = SHAPE_DEFINITION_REPRESENTATION(#733,#739);
#733 = PRODUCT_DEFINITION_SHAPE('','',#734);
#734 = PRODUCT_DEFINITION('design','',#735,#738);
#735 = PRODUCT_DEFINITION_FORMATION('','',#736);
#736 = PRODUCT('lumber_leg_bolt_left_1_spacer',
  'lumber_leg_bolt_left_1_spacer','',(#737));
#737 = PRODUCT_CONTEXT('',#2,'mechanical');
#738 = PRODUCT_DEFINITION_CONTEXT('part definition',#2,'design');
#739 = ADVANCED_BREP_SHAPE_REPRESENTATION('',(#11,#740),#922);
#740 = MANIFOLD_SOLID_BREP('',#741);
#741 = CLOSED_SHELL('',(#742,#830,#865,#895));
#742 = ADVANCED_FACE('',(#743),#756,.T.);
#743 = FACE_BOUND('',#744,.T.);
#744 = EDGE_LOOP('',(#745,#779,#802,#829));
#745 = ORIENTED_EDGE('',*,*,#746,.F.);
#746 = EDGE_CURVE('',#747,#747,#749,.T.);
#747 = VERTEX_POINT('',#748);
#748 = CARTESIAN_POINT('',(-1.1557E+03,977.64834482069,1.51359148742E+03
    ));
#749 = SURFACE_CURVE('',#750,(#755,#767),.PCURVE_S1.);
#750 = CIRCLE('',#751,10.);
#751 = AXIS2_PLACEMENT_3D('',#752,#753,#754);
#752 = CARTESIAN_POINT('',(-1.1557E+03,977.64834482069,1.50359148742E+03
    ));
#753 = DIRECTION('',(1.,0.,-0.));
#754 = DIRECTION('',(0.,0.,1.));
#755 = PCURVE('',#756,#761);
#756 = CYLINDRICAL_SURFACE('',#757,10.);
#757 = AXIS2_PLACEMENT_3D('',#758,#759,#760);
#758 = CARTESIAN_POINT('',(-1.17475E+03,977.64834482069,
    1.50359148742E+03));
#759 = DIRECTION('',(1.,-0.,-0.));
#760 = DIRECTION('',(0.,0.,1.));
#761 = DEFINITIONAL_REPRESENTATION('',(#762),#766);
#762 = LINE('',#763,#764);
#763 = CARTESIAN_POINT('',(0.,19.05));
#764 = VECTOR('',#765,1.);
#765 = DIRECTION('',(1.,0.));
#766 = ( GEOMETRIC_REPRESENTATION_CONTEXT(2) 
PARAMETRIC_REPRESENTATION_CONTEXT() REPRESENTATION_CONTEXT('2D SPACE',''
  ) );
#767 = PCURVE('',#768,#773);
#768 = PLANE('',#769);
#769 = AXIS2_PLACEMENT_3D('',#770,#771,#772);
#770 = CARTESIAN_POINT('',(-1.1557E+03,977.64834482069,1.50359148742E+03
    ));
#771 = DIRECTION('',(1.,-0.,-0.));
#772 = DIRECTION('',(0.,0.,1.));
#773 = DEFINITIONAL_REPRESENTATION('',(#774),#778);
#774 = CIRCLE('',#775,10.);
#775 = AXIS2_PLACEMENT_2D('',#776,#777);
#776 = CARTESIAN_POINT('',(0.,0.));
#777 = DIRECTION('',(1.,0.));
#778 = ( GEOMETRIC_REPRESENTATION_CONTEXT(2) 
PARAMETRIC_REPRESENTATION_CONTEXT() REPRESENTATION_CONTEXT('2D SPACE',''
  ) );
#779 = ORIENTED_EDGE('',*,*,#780,.F.);
#780 = EDGE_CURVE('',#781,#747,#783,.T.);
#781 = VERTEX_POINT('',#782);
#782 = CARTESIAN_POINT('',(-1.17475E+03,977.64834482069,
    1.51359148742E+03));
#783 = SEAM_CURVE('',#784,(#788,#795),.PCURVE_S1.);
#784 = LINE('',#785,#786);
#785 = CARTESIAN_POINT('',(-1.17475E+03,977.64834482069,
    1.51359148742E+03));
#786 = VECTOR('',#787,1.);
#787 = DIRECTION('',(1.,0.,0.));
#788 = PCURVE('',#756,#789);
#789 = DEFINITIONAL_REPRESENTATION('',(#790),#794);
#790 = LINE('',#791,#792);
#791 = CARTESIAN_POINT('',(6.28318530718,-0.));
#792 = VECTOR('',#793,1.);
#793 = DIRECTION('',(0.,1.));
#794 = ( GEOMETRIC_REPRESENTATION_CONTEXT(2) 
PARAMETRIC_REPRESENTATION_CONTEXT() REPRESENTATION_CONTEXT('2D SPACE',''
  ) );
#795 = PCURVE('',#756,#796);
#796 = DEFINITIONAL_REPRESENTATION('',(#797),#801);
#797 = LINE('',#798,#799);
#798 = CARTESIAN_POINT('',(0.,-0.));
#799 = VECTOR('',#800,1.);
#800 = DIRECTION('',(0.,1.));
#801 = ( GEOMETRIC_REPRESENTATION_CONTEXT(2) 
PARAMETRIC_REPRESENTATION_CONTEXT() REPRESENTATION_CONTEXT('2D SPACE',''
  ) );
#802 = ORIENTED_EDGE('',*,*,#803,.T.);
#803 = EDGE_CURVE('',#781,#781,#804,.T.);
#804 = SURFACE_CURVE('',#805,(#810,#817),.PCURVE_S1.);
#805 = CIRCLE('',#806,10.);
#806 = AXIS2_PLACEMENT_3D('',#807,#808,#809);
#807 = CARTESIAN_POINT('',(-1.17475E+03,977.64834482069,
    1.50359148742E+03));
#808 = DIRECTION('',(1.,0.,-0.));
#809 = DIRECTION('',(0.,0.,1.));
#810 = PCURVE('',#756,#811);
#811 = DEFINITIONAL_REPRESENTATION('',(#812),#816);
#812 = LINE('',#813,#814);
#813 = CARTESIAN_POINT('',(0.,0.));
#814 = VECTOR('',#815,1.);
#815 = DIRECTION('',(1.,0.));
#816 = ( GEOMETRIC_REPRESENTATION_CONTEXT(2) 
PARAMETRIC_REPRESENTATION_CONTEXT() REPRESENTATION_CONTEXT('2D SPACE',''
  ) );
#817 = PCURVE('',#818,#823);
#818 = PLANE('',#819);
#819 = AXIS2_PLACEMENT_3D('',#820,#821,#822);
#820 = CARTESIAN_POINT('',(-1.17475E+03,977.64834482069,
    1.50359148742E+03));
#821 = DIRECTION('',(1.,-0.,-0.));
#822 = DIRECTION('',(0.,0.,1.));
#823 = DEFINITIONAL_REPRESENTATION('',(#824),#828);
#824 = CIRCLE('',#825,10.);
#825 = AXIS2_PLACEMENT_2D('',#826,#827);
#826 = CARTESIAN_POINT('',(0.,0.));
#827 = DIRECTION('',(1.,0.));
#828 = ( GEOMETRIC_REPRESENTATION_CONTEXT(2) 
PARAMETRIC_REPRESENTATION_CONTEXT() REPRESENTATION_CONTEXT('2D SPACE',''
  ) );
#829 = ORIENTED_EDGE('',*,*,#780,.T.);
#830 = ADVANCED_FACE('',(#831,#834),#768,.T.);
#831 = FACE_BOUND('',#832,.T.);
#832 = EDGE_LOOP('',(#833));
#833 = ORIENTED_EDGE('',*,*,#746,.T.);
#834 = FACE_BOUND('',#835,.T.);
#835 = EDGE_LOOP('',(#836));
#836 = ORIENTED_EDGE('',*,*,#837,.F.);
#837 = EDGE_CURVE('',#838,#838,#840,.T.);
#838 = VERTEX_POINT('',#839);
#839 = CARTESIAN_POINT('',(-1.1557E+03,977.64834482069,1.50914773742E+03
    ));
#840 = SURFACE_CURVE('',#841,(#846,#853),.PCURVE_S1.);
#841 = CIRCLE('',#842,5.55625);
#842 = AXIS2_PLACEMENT_3D('',#843,#844,#845);
#843 = CARTESIAN_POINT('',(-1.1557E+03,977.64834482069,1.50359148742E+03
    ));
#844 = DIRECTION('',(1.,0.,-0.));
#845 = DIRECTION('',(0.,0.,1.));
#846 = PCURVE('',#768,#847);
#847 = DEFINITIONAL_REPRESENTATION('',(#848),#852);
#848 = CIRCLE('',#849,5.55625);
#849 = AXIS2_PLACEMENT_2D('',#850,#851);
#850 = CARTESIAN_POINT('',(0.,0.));
#851 = DIRECTION('',(1.,0.));
#852 = ( GEOMETRIC_REPRESENTATION_CONTEXT(2) 
PARAMETRIC_REPRESENTATION_CONTEXT() REPRESENTATION_CONTEXT('2D SPACE',''
  ) );
#853 = PCURVE('',#854,#859);
#854 = CYLINDRICAL_SURFACE('',#855,5.55625);
#855 = AXIS2_PLACEMENT_3D('',#856,#857,#858);
#856 = CARTESIAN_POINT('',(-1.17475E+03,977.64834482069,
    1.50359148742E+03));
#857 = DIRECTION('',(1.,-0.,-0.));
#858 = DIRECTION('',(0.,0.,1.));
#859 = DEFINITIONAL_REPRESENTATION('',(#860),#864);
#860 = LINE('',#861,#862);
#861 = CARTESIAN_POINT('',(0.,19.05));
#862 = VECTOR('',#863,1.);
#863 = DIRECTION('',(1.,0.));
#864 = ( GEOMETRIC_REPRESENTATION_CONTEXT(2) 
PARAMETRIC_REPRESENTATION_CONTEXT() REPRESENTATION_CONTEXT('2D SPACE',''
  ) );
#865 = ADVANCED_FACE('',(#866,#869),#818,.F.);
#866 = FACE_BOUND('',#867,.F.);
#867 = EDGE_LOOP('',(#868));
#868 = ORIENTED_EDGE('',*,*,#803,.T.);
#869 = FACE_BOUND('',#870,.F.);
#870 = EDGE_LOOP('',(#871));
#871 = ORIENTED_EDGE('',*,*,#872,.F.);
#872 = EDGE_CURVE('',#873,#873,#875,.T.);
#873 = VERTEX_POINT('',#874);
#874 = CARTESIAN_POINT('',(-1.17475E+03,977.64834482069,
    1.50914773742E+03));
#875 = SURFACE_CURVE('',#876,(#881,#888),.PCURVE_S1.);
#876 = CIRCLE('',#877,5.55625);
#877 = AXIS2_PLACEMENT_3D('',#878,#879,#880);
#878 = CARTESIAN_POINT('',(-1.17475E+03,977.64834482069,
    1.50359148742E+03));
#879 = DIRECTION('',(1.,0.,-0.));
#880 = DIRECTION('',(0.,0.,1.));
#881 = PCURVE('',#818,#882);
#882 = DEFINITIONAL_REPRESENTATION('',(#883),#887);
#883 = CIRCLE('',#884,5.55625);
#884 = AXIS2_PLACEMENT_2D('',#885,#886);
#885 = CARTESIAN_POINT('',(0.,0.));
#886 = DIRECTION('',(1.,0.));
#887 = ( GEOMETRIC_REPRESENTATION_CONTEXT(2) 
PARAMETRIC_REPRESENTATION_CONTEXT() REPRESENTATION_CONTEXT('2D SPACE',''
  ) );
#888 = PCURVE('',#854,#889);
#889 = DEFINITIONAL_REPRESENTATION('',(#890),#894);
#890 = LINE('',#891,#892);
#891 = CARTESIAN_POINT('',(0.,0.));
#892 = VECTOR('',#893,1.);
#893 = DIRECTION('',(1.,0.));
#894 = ( GEOMETRIC_REPRESENTATION_CONTEXT(2) 
PARAMETRIC_REPRESENTATION_CONTEXT() REPRESENTATION_CONTEXT('2D SPACE',''
  ) );
#895 = ADVANCED_FACE('',(#896),#854,.F.);
#896 = FACE_BOUND('',#897,.F.);
#897 = EDGE_LOOP('',(#898,#899,#920,#921));
#898 = ORIENTED_EDGE('',*,*,#837,.F.);
#899 = ORIENTED_EDGE('',*,*,#900,.F.);
#900 = EDGE_CURVE('',#873,#838,#901,.T.);
#901 = SEAM_CURVE('',#902,(#906,#913),.PCURVE_S1.);
#902 = LINE('',#903,#904);
#903 = CARTESIAN_POINT('',(-1.17475E+03,977.64834482069,
    1.50914773742E+03));
#904 = VECTOR('',#905,1.);
#905 = DIRECTION('',(1.,0.,0.));
#906 = PCURVE('',#854,#907);
#907 = DEFINITIONAL_REPRESENTATION('',(#908),#912);
#908 = LINE('',#909,#910);
#909 = CARTESIAN_POINT('',(6.28318530718,-0.));
#910 = VECTOR('',#911,1.);
#911 = DIRECTION('',(0.,1.));
#912 = ( GEOMETRIC_REPRESENTATION_CONTEXT(2) 
PARAMETRIC_REPRESENTATION_CONTEXT() REPRESENTATION_CONTEXT('2D SPACE',''
  ) );
#913 = PCURVE('',#854,#914);
#914 = DEFINITIONAL_REPRESENTATION('',(#915),#919);
#915 = LINE('',#916,#917);
#916 = CARTESIAN_POINT('',(0.,-0.));
#917 = VECTOR('',#918,1.);
#918 = DIRECTION('',(0.,1.));
#919 = ( GEOMETRIC_REPRESENTATION_CONTEXT(2) 
PARAMETRIC_REPRESENTATION_CONTEXT() REPRESENTATION_CONTEXT('2D SPACE',''
  ) );
#920 = ORIENTED_EDGE('',*,*,#872,.T.);
#921 = ORIENTED_EDGE('',*,*,#900,.T.);
#922 = ( GEOMETRIC_REPRESENTATION_CONTEXT(3) 
GLOBAL_UNCERTAINTY_ASSIGNED_CONTEXT((#926)) GLOBAL_UNIT_ASSIGNED_CONTEXT
((#923,#924,#925)) REPRESENTATION_CONTEXT('Context #1',
  '3D Context with UNIT and UNCERTAINTY') );
#923 = ( LENGTH_UNIT() NAMED_UNIT(*) SI_UNIT(.MILLI.,.METRE.) );
#924 = ( NAMED_UNIT(*) PLANE_ANGLE_UNIT() SI_UNIT($,.RADIAN.) );
#925 = ( NAMED_UNIT(*) SI_UNIT($,.STERADIAN.) SOLID_ANGLE_UNIT() );
#926 = UNCERTAINTY_MEASURE_WITH_UNIT(LENGTH_MEASURE(1.E-07),#923,
  'distance_accuracy_value','confusion accuracy');
#927 = CONTEXT_DEPENDENT_SHAPE_REPRESENTATION(#928,#930);
#928 = ( REPRESENTATION_RELATIONSHIP('','',#739,#10) 
REPRESENTATION_RELATIONSHIP_WITH_TRANSFORMATION(#929) 
SHAPE_REPRESENTATION_RELATIONSHIP() );
#929 = ITEM_DEFINED_TRANSFORMATION('','',#11,#27);
#930 = PRODUCT_DEFINITION_SHAPE('Placement','Placement of an item',#931
  );
#931 = NEXT_ASSEMBLY_USAGE_OCCURRENCE('4',
  'lumber_leg_bolt_left_1_spacer','',#5,#734,$);
#932 = PRODUCT_RELATED_PRODUCT_CATEGORY('part',$,(#736));
#933 = SHAPE_DEFINITION_REPRESENTATION(#934,#940);
#934 = PRODUCT_DEFINITION_SHAPE('','',#935);
#935 = PRODUCT_DEFINITION('design','',#936,#939);
#936 = PRODUCT_DEFINITION_FORMATION('','',#937);
#937 = PRODUCT('lumber_leg_bolt_left_1_head',
  'lumber_leg_bolt_left_1_head','',(#938));
#938 = PRODUCT_CONTEXT('',#2,'mechanical');
#939 = PRODUCT_DEFINITION_CONTEXT('part definition',#2,'design');
#940 = ADVANCED_BREP_SHAPE_REPRESENTATION('',(#11,#941),#1039);
#941 = MANIFOLD_SOLID_BREP('',#942);
#942 = CLOSED_SHELL('',(#943,#1031,#1035));
#943 = ADVANCED_FACE('',(#944),#957,.T.);
#944 = FACE_BOUND('',#945,.T.);
#945 = EDGE_LOOP('',(#946,#980,#1003,#1030));
#946 = ORIENTED_EDGE('',*,*,#947,.F.);
#947 = EDGE_CURVE('',#948,#948,#950,.T.);
#948 = VERTEX_POINT('',#949);
#949 = CARTESIAN_POINT('',(-1.2704572E+03,977.64834482069,
    1.49533648742E+03));
#950 = SURFACE_CURVE('',#951,(#956,#968),.PCURVE_S1.);
#951 = CIRCLE('',#952,8.255);
#952 = AXIS2_PLACEMENT_3D('',#953,#954,#955);
#953 = CARTESIAN_POINT('',(-1.2704572E+03,977.64834482069,
    1.50359148742E+03));
#954 = DIRECTION('',(-1.,0.,0.));
#955 = DIRECTION('',(0.,0.,-1.));
#956 = PCURVE('',#957,#962);
#957 = CYLINDRICAL_SURFACE('',#958,8.255);
#958 = AXIS2_PLACEMENT_3D('',#959,#960,#961);
#959 = CARTESIAN_POINT('',(-1.26365E+03,977.64834482069,
    1.50359148742E+03));
#960 = DIRECTION('',(-1.,0.,0.));
#961 = DIRECTION('',(0.,0.,-1.));
#962 = DEFINITIONAL_REPRESENTATION('',(#963),#967);
#963 = LINE('',#964,#965);
#964 = CARTESIAN_POINT('',(0.,6.8072));
#965 = VECTOR('',#966,1.);
#966 = DIRECTION('',(1.,0.));
#967 = ( GEOMETRIC_REPRESENTATION_CONTEXT(2) 
PARAMETRIC_REPRESENTATION_CONTEXT() REPRESENTATION_CONTEXT('2D SPACE',''
  ) );
#968 = PCURVE('',#969,#974);
#969 = PLANE('',#970);
#970 = AXIS2_PLACEMENT_3D('',#971,#972,#973);
#971 = CARTESIAN_POINT('',(-1.2704572E+03,977.64834482069,
    1.50359148742E+03));
#972 = DIRECTION('',(-1.,0.,0.));
#973 = DIRECTION('',(0.,0.,-1.));
#974 = DEFINITIONAL_REPRESENTATION('',(#975),#979);
#975 = CIRCLE('',#976,8.255);
#976 = AXIS2_PLACEMENT_2D('',#977,#978);
#977 = CARTESIAN_POINT('',(0.,0.));
#978 = DIRECTION('',(1.,0.));
#979 = ( GEOMETRIC_REPRESENTATION_CONTEXT(2) 
PARAMETRIC_REPRESENTATION_CONTEXT() REPRESENTATION_CONTEXT('2D SPACE',''
  ) );
#980 = ORIENTED_EDGE('',*,*,#981,.F.);
#981 = EDGE_CURVE('',#982,#948,#984,.T.);
#982 = VERTEX_POINT('',#983);
#983 = CARTESIAN_POINT('',(-1.26365E+03,977.64834482069,
    1.49533648742E+03));
#984 = SEAM_CURVE('',#985,(#989,#996),.PCURVE_S1.);
#985 = LINE('',#986,#987);
#986 = CARTESIAN_POINT('',(-1.26365E+03,977.64834482069,
    1.49533648742E+03));
#987 = VECTOR('',#988,1.);
#988 = DIRECTION('',(-1.,0.,0.));
#989 = PCURVE('',#957,#990);
#990 = DEFINITIONAL_REPRESENTATION('',(#991),#995);
#991 = LINE('',#992,#993);
#992 = CARTESIAN_POINT('',(6.28318530718,-0.));
#993 = VECTOR('',#994,1.);
#994 = DIRECTION('',(0.,1.));
#995 = ( GEOMETRIC_REPRESENTATION_CONTEXT(2) 
PARAMETRIC_REPRESENTATION_CONTEXT() REPRESENTATION_CONTEXT('2D SPACE',''
  ) );
#996 = PCURVE('',#957,#997);
#997 = DEFINITIONAL_REPRESENTATION('',(#998),#1002);
#998 = LINE('',#999,#1000);
#999 = CARTESIAN_POINT('',(0.,-0.));
#1000 = VECTOR('',#1001,1.);
#1001 = DIRECTION('',(0.,1.));
#1002 = ( GEOMETRIC_REPRESENTATION_CONTEXT(2) 
PARAMETRIC_REPRESENTATION_CONTEXT() REPRESENTATION_CONTEXT('2D SPACE',''
  ) );
#1003 = ORIENTED_EDGE('',*,*,#1004,.T.);
#1004 = EDGE_CURVE('',#982,#982,#1005,.T.);
#1005 = SURFACE_CURVE('',#1006,(#1011,#1018),.PCURVE_S1.);
#1006 = CIRCLE('',#1007,8.255);
#1007 = AXIS2_PLACEMENT_3D('',#1008,#1009,#1010);
#1008 = CARTESIAN_POINT('',(-1.26365E+03,977.64834482069,
    1.50359148742E+03));
#1009 = DIRECTION('',(-1.,0.,0.));
#1010 = DIRECTION('',(0.,0.,-1.));
#1011 = PCURVE('',#957,#1012);
#1012 = DEFINITIONAL_REPRESENTATION('',(#1013),#1017);
#1013 = LINE('',#1014,#1015);
#1014 = CARTESIAN_POINT('',(0.,0.));
#1015 = VECTOR('',#1016,1.);
#1016 = DIRECTION('',(1.,0.));
#1017 = ( GEOMETRIC_REPRESENTATION_CONTEXT(2) 
PARAMETRIC_REPRESENTATION_CONTEXT() REPRESENTATION_CONTEXT('2D SPACE',''
  ) );
#1018 = PCURVE('',#1019,#1024);
#1019 = PLANE('',#1020);
#1020 = AXIS2_PLACEMENT_3D('',#1021,#1022,#1023);
#1021 = CARTESIAN_POINT('',(-1.26365E+03,977.64834482069,
    1.50359148742E+03));
#1022 = DIRECTION('',(-1.,0.,0.));
#1023 = DIRECTION('',(0.,0.,-1.));
#1024 = DEFINITIONAL_REPRESENTATION('',(#1025),#1029);
#1025 = CIRCLE('',#1026,8.255);
#1026 = AXIS2_PLACEMENT_2D('',#1027,#1028);
#1027 = CARTESIAN_POINT('',(0.,0.));
#1028 = DIRECTION('',(1.,0.));
#1029 = ( GEOMETRIC_REPRESENTATION_CONTEXT(2) 
PARAMETRIC_REPRESENTATION_CONTEXT() REPRESENTATION_CONTEXT('2D SPACE',''
  ) );
#1030 = ORIENTED_EDGE('',*,*,#981,.T.);
#1031 = ADVANCED_FACE('',(#1032),#969,.T.);
#1032 = FACE_BOUND('',#1033,.T.);
#1033 = EDGE_LOOP('',(#1034));
#1034 = ORIENTED_EDGE('',*,*,#947,.T.);
#1035 = ADVANCED_FACE('',(#1036),#1019,.F.);
#1036 = FACE_BOUND('',#1037,.T.);
#1037 = EDGE_LOOP('',(#1038));
#1038 = ORIENTED_EDGE('',*,*,#1004,.F.);
#1039 = ( GEOMETRIC_REPRESENTATION_CONTEXT(3) 
GLOBAL_UNCERTAINTY_ASSIGNED_CONTEXT((#1043)) 
GLOBAL_UNIT_ASSIGNED_CONTEXT((#1040,#1041,#1042)) REPRESENTATION_CONTEXT
('Context #1','3D Context with UNIT and UNCERTAINTY') );
#1040 = ( LENGTH_UNIT() NAMED_UNIT(*) SI_UNIT(.MILLI.,.METRE.) );
#1041 = ( NAMED_UNIT(*) PLANE_ANGLE_UNIT() SI_UNIT($,.RADIAN.) );
#1042 = ( NAMED_UNIT(*) SI_UNIT($,.STERADIAN.) SOLID_ANGLE_UNIT() );
#1043 = UNCERTAINTY_MEASURE_WITH_UNIT(LENGTH_MEASURE(1.E-07),#1040,
  'distance_accuracy_value','confusion accuracy');
#1044 = CONTEXT_DEPENDENT_SHAPE_REPRESENTATION(#1045,#1047);
#1045 = ( REPRESENTATION_RELATIONSHIP('','',#940,#10) 
REPRESENTATION_RELATIONSHIP_WITH_TRANSFORMATION(#1046) 
SHAPE_REPRESENTATION_RELATIONSHIP() );
#1046 = ITEM_DEFINED_TRANSFORMATION('','',#11,#31);
#1047 = PRODUCT_DEFINITION_SHAPE('Placement','Placement of an item',
  #1048);
#1048 = NEXT_ASSEMBLY_USAGE_OCCURRENCE('5','lumber_leg_bolt_left_1_head'
  ,'',#5,#935,$);
#1049 = PRODUCT_RELATED_PRODUCT_CATEGORY('part',$,(#937));
#1050 = SHAPE_DEFINITION_REPRESENTATION(#1051,#1057);
#1051 = PRODUCT_DEFINITION_SHAPE('','',#1052);
#1052 = PRODUCT_DEFINITION('design','',#1053,#1056);
#1053 = PRODUCT_DEFINITION_FORMATION('','',#1054);
#1054 = PRODUCT('lumber_leg_bolt_left_1_nut',
  'lumber_leg_bolt_left_1_nut','',(#1055));
#1055 = PRODUCT_CONTEXT('',#2,'mechanical');
#1056 = PRODUCT_DEFINITION_CONTEXT('part definition',#2,'design');
#1057 = ADVANCED_BREP_SHAPE_REPRESENTATION('',(#11,#1058),#1240);
#1058 = MANIFOLD_SOLID_BREP('',#1059);
#1059 = CLOSED_SHELL('',(#1060,#1148,#1183,#1213));
#1060 = ADVANCED_FACE('',(#1061),#1074,.T.);
#1061 = FACE_BOUND('',#1062,.T.);
#1062 = EDGE_LOOP('',(#1063,#1097,#1120,#1147));
#1063 = ORIENTED_EDGE('',*,*,#1064,.F.);
#1064 = EDGE_CURVE('',#1065,#1065,#1067,.T.);
#1065 = VERTEX_POINT('',#1066);
#1066 = CARTESIAN_POINT('',(-1.1471402E+03,977.64834482069,
    1.51184648742E+03));
#1067 = SURFACE_CURVE('',#1068,(#1073,#1085),.PCURVE_S1.);
#1068 = CIRCLE('',#1069,8.255);
#1069 = AXIS2_PLACEMENT_3D('',#1070,#1071,#1072);
#1070 = CARTESIAN_POINT('',(-1.1471402E+03,977.64834482069,
    1.50359148742E+03));
#1071 = DIRECTION('',(1.,0.,-0.));
#1072 = DIRECTION('',(0.,0.,1.));
#1073 = PCURVE('',#1074,#1079);
#1074 = CYLINDRICAL_SURFACE('',#1075,8.255);
#1075 = AXIS2_PLACEMENT_3D('',#1076,#1077,#1078);
#1076 = CARTESIAN_POINT('',(-1.1557E+03,977.64834482069,
    1.50359148742E+03));
#1077 = DIRECTION('',(1.,-0.,-0.));
#1078 = DIRECTION('',(0.,0.,1.));
#1079 = DEFINITIONAL_REPRESENTATION('',(#1080),#1084);
#1080 = LINE('',#1081,#1082);
#1081 = CARTESIAN_POINT('',(0.,8.5598));
#1082 = VECTOR('',#1083,1.);
#1083 = DIRECTION('',(1.,0.));
#1084 = ( GEOMETRIC_REPRESENTATION_CONTEXT(2) 
PARAMETRIC_REPRESENTATION_CONTEXT() REPRESENTATION_CONTEXT('2D SPACE',''
  ) );
#1085 = PCURVE('',#1086,#1091);
#1086 = PLANE('',#1087);
#1087 = AXIS2_PLACEMENT_3D('',#1088,#1089,#1090);
#1088 = CARTESIAN_POINT('',(-1.1471402E+03,977.64834482069,
    1.50359148742E+03));
#1089 = DIRECTION('',(1.,-0.,-0.));
#1090 = DIRECTION('',(0.,0.,1.));
#1091 = DEFINITIONAL_REPRESENTATION('',(#1092),#1096);
#1092 = CIRCLE('',#1093,8.255);
#1093 = AXIS2_PLACEMENT_2D('',#1094,#1095);
#1094 = CARTESIAN_POINT('',(0.,0.));
#1095 = DIRECTION('',(1.,0.));
#1096 = ( GEOMETRIC_REPRESENTATION_CONTEXT(2) 
PARAMETRIC_REPRESENTATION_CONTEXT() REPRESENTATION_CONTEXT('2D SPACE',''
  ) );
#1097 = ORIENTED_EDGE('',*,*,#1098,.F.);
#1098 = EDGE_CURVE('',#1099,#1065,#1101,.T.);
#1099 = VERTEX_POINT('',#1100);
#1100 = CARTESIAN_POINT('',(-1.1557E+03,977.64834482069,
    1.51184648742E+03));
#1101 = SEAM_CURVE('',#1102,(#1106,#1113),.PCURVE_S1.);
#1102 = LINE('',#1103,#1104);
#1103 = CARTESIAN_POINT('',(-1.1557E+03,977.64834482069,
    1.51184648742E+03));
#1104 = VECTOR('',#1105,1.);
#1105 = DIRECTION('',(1.,0.,0.));
#1106 = PCURVE('',#1074,#1107);
#1107 = DEFINITIONAL_REPRESENTATION('',(#1108),#1112);
#1108 = LINE('',#1109,#1110);
#1109 = CARTESIAN_POINT('',(6.28318530718,-0.));
#1110 = VECTOR('',#1111,1.);
#1111 = DIRECTION('',(0.,1.));
#1112 = ( GEOMETRIC_REPRESENTATION_CONTEXT(2) 
PARAMETRIC_REPRESENTATION_CONTEXT() REPRESENTATION_CONTEXT('2D SPACE',''
  ) );
#1113 = PCURVE('',#1074,#1114);
#1114 = DEFINITIONAL_REPRESENTATION('',(#1115),#1119);
#1115 = LINE('',#1116,#1117);
#1116 = CARTESIAN_POINT('',(0.,-0.));
#1117 = VECTOR('',#1118,1.);
#1118 = DIRECTION('',(0.,1.));
#1119 = ( GEOMETRIC_REPRESENTATION_CONTEXT(2) 
PARAMETRIC_REPRESENTATION_CONTEXT() REPRESENTATION_CONTEXT('2D SPACE',''
  ) );
#1120 = ORIENTED_EDGE('',*,*,#1121,.T.);
#1121 = EDGE_CURVE('',#1099,#1099,#1122,.T.);
#1122 = SURFACE_CURVE('',#1123,(#1128,#1135),.PCURVE_S1.);
#1123 = CIRCLE('',#1124,8.255);
#1124 = AXIS2_PLACEMENT_3D('',#1125,#1126,#1127);
#1125 = CARTESIAN_POINT('',(-1.1557E+03,977.64834482069,
    1.50359148742E+03));
#1126 = DIRECTION('',(1.,0.,-0.));
#1127 = DIRECTION('',(0.,0.,1.));
#1128 = PCURVE('',#1074,#1129);
#1129 = DEFINITIONAL_REPRESENTATION('',(#1130),#1134);
#1130 = LINE('',#1131,#1132);
#1131 = CARTESIAN_POINT('',(0.,0.));
#1132 = VECTOR('',#1133,1.);
#1133 = DIRECTION('',(1.,0.));
#1134 = ( GEOMETRIC_REPRESENTATION_CONTEXT(2) 
PARAMETRIC_REPRESENTATION_CONTEXT() REPRESENTATION_CONTEXT('2D SPACE',''
  ) );
#1135 = PCURVE('',#1136,#1141);
#1136 = PLANE('',#1137);
#1137 = AXIS2_PLACEMENT_3D('',#1138,#1139,#1140);
#1138 = CARTESIAN_POINT('',(-1.1557E+03,977.64834482069,
    1.50359148742E+03));
#1139 = DIRECTION('',(1.,-0.,-0.));
#1140 = DIRECTION('',(0.,0.,1.));
#1141 = DEFINITIONAL_REPRESENTATION('',(#1142),#1146);
#1142 = CIRCLE('',#1143,8.255);
#1143 = AXIS2_PLACEMENT_2D('',#1144,#1145);
#1144 = CARTESIAN_POINT('',(0.,0.));
#1145 = DIRECTION('',(1.,0.));
#1146 = ( GEOMETRIC_REPRESENTATION_CONTEXT(2) 
PARAMETRIC_REPRESENTATION_CONTEXT() REPRESENTATION_CONTEXT('2D SPACE',''
  ) );
#1147 = ORIENTED_EDGE('',*,*,#1098,.T.);
#1148 = ADVANCED_FACE('',(#1149,#1152),#1086,.T.);
#1149 = FACE_BOUND('',#1150,.T.);
#1150 = EDGE_LOOP('',(#1151));
#1151 = ORIENTED_EDGE('',*,*,#1064,.T.);
#1152 = FACE_BOUND('',#1153,.T.);
#1153 = EDGE_LOOP('',(#1154));
#1154 = ORIENTED_EDGE('',*,*,#1155,.F.);
#1155 = EDGE_CURVE('',#1156,#1156,#1158,.T.);
#1156 = VERTEX_POINT('',#1157);
#1157 = CARTESIAN_POINT('',(-1.1471402E+03,977.64834482069,
    1.50851908742E+03));
#1158 = SURFACE_CURVE('',#1159,(#1164,#1171),.PCURVE_S1.);
#1159 = CIRCLE('',#1160,4.9276);
#1160 = AXIS2_PLACEMENT_3D('',#1161,#1162,#1163);
#1161 = CARTESIAN_POINT('',(-1.1471402E+03,977.64834482069,
    1.50359148742E+03));
#1162 = DIRECTION('',(1.,0.,-0.));
#1163 = DIRECTION('',(0.,0.,1.));
#1164 = PCURVE('',#1086,#1165);
#1165 = DEFINITIONAL_REPRESENTATION('',(#1166),#1170);
#1166 = CIRCLE('',#1167,4.9276);
#1167 = AXIS2_PLACEMENT_2D('',#1168,#1169);
#1168 = CARTESIAN_POINT('',(0.,0.));
#1169 = DIRECTION('',(1.,0.));
#1170 = ( GEOMETRIC_REPRESENTATION_CONTEXT(2) 
PARAMETRIC_REPRESENTATION_CONTEXT() REPRESENTATION_CONTEXT('2D SPACE',''
  ) );
#1171 = PCURVE('',#1172,#1177);
#1172 = CYLINDRICAL_SURFACE('',#1173,4.9276);
#1173 = AXIS2_PLACEMENT_3D('',#1174,#1175,#1176);
#1174 = CARTESIAN_POINT('',(-1.1557E+03,977.64834482069,
    1.50359148742E+03));
#1175 = DIRECTION('',(1.,-0.,-0.));
#1176 = DIRECTION('',(0.,0.,1.));
#1177 = DEFINITIONAL_REPRESENTATION('',(#1178),#1182);
#1178 = LINE('',#1179,#1180);
#1179 = CARTESIAN_POINT('',(0.,8.5598));
#1180 = VECTOR('',#1181,1.);
#1181 = DIRECTION('',(1.,0.));
#1182 = ( GEOMETRIC_REPRESENTATION_CONTEXT(2) 
PARAMETRIC_REPRESENTATION_CONTEXT() REPRESENTATION_CONTEXT('2D SPACE',''
  ) );
#1183 = ADVANCED_FACE('',(#1184,#1187),#1136,.F.);
#1184 = FACE_BOUND('',#1185,.F.);
#1185 = EDGE_LOOP('',(#1186));
#1186 = ORIENTED_EDGE('',*,*,#1121,.T.);
#1187 = FACE_BOUND('',#1188,.F.);
#1188 = EDGE_LOOP('',(#1189));
#1189 = ORIENTED_EDGE('',*,*,#1190,.F.);
#1190 = EDGE_CURVE('',#1191,#1191,#1193,.T.);
#1191 = VERTEX_POINT('',#1192);
#1192 = CARTESIAN_POINT('',(-1.1557E+03,977.64834482069,
    1.50851908742E+03));
#1193 = SURFACE_CURVE('',#1194,(#1199,#1206),.PCURVE_S1.);
#1194 = CIRCLE('',#1195,4.9276);
#1195 = AXIS2_PLACEMENT_3D('',#1196,#1197,#1198);
#1196 = CARTESIAN_POINT('',(-1.1557E+03,977.64834482069,
    1.50359148742E+03));
#1197 = DIRECTION('',(1.,0.,-0.));
#1198 = DIRECTION('',(0.,0.,1.));
#1199 = PCURVE('',#1136,#1200);
#1200 = DEFINITIONAL_REPRESENTATION('',(#1201),#1205);
#1201 = CIRCLE('',#1202,4.9276);
#1202 = AXIS2_PLACEMENT_2D('',#1203,#1204);
#1203 = CARTESIAN_POINT('',(0.,0.));
#1204 = DIRECTION('',(1.,0.));
#1205 = ( GEOMETRIC_REPRESENTATION_CONTEXT(2) 
PARAMETRIC_REPRESENTATION_CONTEXT() REPRESENTATION_CONTEXT('2D SPACE',''
  ) );
#1206 = PCURVE('',#1172,#1207);
#1207 = DEFINITIONAL_REPRESENTATION('',(#1208),#1212);
#1208 = LINE('',#1209,#1210);
#1209 = CARTESIAN_POINT('',(0.,0.));
#1210 = VECTOR('',#1211,1.);
#1211 = DIRECTION('',(1.,0.));
#1212 = ( GEOMETRIC_REPRESENTATION_CONTEXT(2) 
PARAMETRIC_REPRESENTATION_CONTEXT() REPRESENTATION_CONTEXT('2D SPACE',''
  ) );
#1213 = ADVANCED_FACE('',(#1214),#1172,.F.);
#1214 = FACE_BOUND('',#1215,.F.);
#1215 = EDGE_LOOP('',(#1216,#1217,#1238,#1239));
#1216 = ORIENTED_EDGE('',*,*,#1155,.F.);
#1217 = ORIENTED_EDGE('',*,*,#1218,.F.);
#1218 = EDGE_CURVE('',#1191,#1156,#1219,.T.);
#1219 = SEAM_CURVE('',#1220,(#1224,#1231),.PCURVE_S1.);
#1220 = LINE('',#1221,#1222);
#1221 = CARTESIAN_POINT('',(-1.1557E+03,977.64834482069,
    1.50851908742E+03));
#1222 = VECTOR('',#1223,1.);
#1223 = DIRECTION('',(1.,0.,0.));
#1224 = PCURVE('',#1172,#1225);
#1225 = DEFINITIONAL_REPRESENTATION('',(#1226),#1230);
#1226 = LINE('',#1227,#1228);
#1227 = CARTESIAN_POINT('',(6.28318530718,-0.));
#1228 = VECTOR('',#1229,1.);
#1229 = DIRECTION('',(0.,1.));
#1230 = ( GEOMETRIC_REPRESENTATION_CONTEXT(2) 
PARAMETRIC_REPRESENTATION_CONTEXT() REPRESENTATION_CONTEXT('2D SPACE',''
  ) );
#1231 = PCURVE('',#1172,#1232);
#1232 = DEFINITIONAL_REPRESENTATION('',(#1233),#1237);
#1233 = LINE('',#1234,#1235);
#1234 = CARTESIAN_POINT('',(0.,-0.));
#1235 = VECTOR('',#1236,1.);
#1236 = DIRECTION('',(0.,1.));
#1237 = ( GEOMETRIC_REPRESENTATION_CONTEXT(2) 
PARAMETRIC_REPRESENTATION_CONTEXT() REPRESENTATION_CONTEXT('2D SPACE',''
  ) );
#1238 = ORIENTED_EDGE('',*,*,#1190,.T.);
#1239 = ORIENTED_EDGE('',*,*,#1218,.T.);
#1240 = ( GEOMETRIC_REPRESENTATION_CONTEXT(3) 
GLOBAL_UNCERTAINTY_ASSIGNED_CONTEXT((#1244)) 
GLOBAL_UNIT_ASSIGNED_CONTEXT((#1241,#1242,#1243)) REPRESENTATION_CONTEXT
('Context #1','3D Context with UNIT and UNCERTAINTY') );
#1241 = ( LENGTH_UNIT() NAMED_UNIT(*) SI_UNIT(.MILLI.,.METRE.) );
#1242 = ( NAMED_UNIT(*) PLANE_ANGLE_UNIT() SI_UNIT($,.RADIAN.) );
#1243 = ( NAMED_UNIT(*) SI_UNIT($,.STERADIAN.) SOLID_ANGLE_UNIT() );
#1244 = UNCERTAINTY_MEASURE_WITH_UNIT(LENGTH_MEASURE(1.E-07),#1241,
  'distance_accuracy_value','confusion accuracy');
#1245 = CONTEXT_DEPENDENT_SHAPE_REPRESENTATION(#1246,#1248);
#1246 = ( REPRESENTATION_RELATIONSHIP('','',#1057,#10) 
REPRESENTATION_RELATIONSHIP_WITH_TRANSFORMATION(#1247) 
SHAPE_REPRESENTATION_RELATIONSHIP() );
#1247 = ITEM_DEFINED_TRANSFORMATION('','',#11,#35);
#1248 = PRODUCT_DEFINITION_SHAPE('Placement','Placement of an item',
  #1249);
#1249 = NEXT_ASSEMBLY_USAGE_OCCURRENCE('6','lumber_leg_bolt_left_1_nut',
  '',#5,#1052,$);
#1250 = PRODUCT_RELATED_PRODUCT_CATEGORY('part',$,(#1054));
#1251 = SHAPE_DEFINITION_REPRESENTATION(#1252,#1258);
#1252 = PRODUCT_DEFINITION_SHAPE('','',#1253);
#1253 = PRODUCT_DEFINITION('design','',#1254,#1257);
#1254 = PRODUCT_DEFINITION_FORMATION('','',#1255);
#1255 = PRODUCT('lumber_leg_bolt_left_2_shaft',
  'lumber_leg_bolt_left_2_shaft','',(#1256));
#1256 = PRODUCT_CONTEXT('',#2,'mechanical');
#1257 = PRODUCT_DEFINITION_CONTEXT('part definition',#2,'design');
#1258 = ADVANCED_BREP_SHAPE_REPRESENTATION('',(#11,#1259),#1357);
#1259 = MANIFOLD_SOLID_BREP('',#1260);
#1260 = CLOSED_SHELL('',(#1261,#1349,#1353));
#1261 = ADVANCED_FACE('',(#1262),#1275,.T.);
#1262 = FACE_BOUND('',#1263,.T.);
#1263 = EDGE_LOOP('',(#1264,#1298,#1321,#1348));
#1264 = ORIENTED_EDGE('',*,*,#1265,.F.);
#1265 = EDGE_CURVE('',#1266,#1266,#1268,.T.);
#1266 = VERTEX_POINT('',#1267);
#1267 = CARTESIAN_POINT('',(-1.13665E+03,1.009787725305E+03,
    1.546821309576E+03));
#1268 = SURFACE_CURVE('',#1269,(#1274,#1286),.PCURVE_S1.);
#1269 = CIRCLE('',#1270,4.9276);
#1270 = AXIS2_PLACEMENT_3D('',#1271,#1272,#1273);
#1271 = CARTESIAN_POINT('',(-1.13665E+03,1.009787725305E+03,
    1.541893709576E+03));
#1272 = DIRECTION('',(1.,0.,-0.));
#1273 = DIRECTION('',(0.,0.,1.));
#1274 = PCURVE('',#1275,#1280);
#1275 = CYLINDRICAL_SURFACE('',#1276,4.9276);
#1276 = AXIS2_PLACEMENT_3D('',#1277,#1278,#1279);
#1277 = CARTESIAN_POINT('',(-1.26365E+03,1.009787725305E+03,
    1.541893709576E+03));
#1278 = DIRECTION('',(1.,-0.,-0.));
#1279 = DIRECTION('',(0.,0.,1.));
#1280 = DEFINITIONAL_REPRESENTATION('',(#1281),#1285);
#1281 = LINE('',#1282,#1283);
#1282 = CARTESIAN_POINT('',(0.,127.));
#1283 = VECTOR('',#1284,1.);
#1284 = DIRECTION('',(1.,0.));
#1285 = ( GEOMETRIC_REPRESENTATION_CONTEXT(2) 
PARAMETRIC_REPRESENTATION_CONTEXT() REPRESENTATION_CONTEXT('2D SPACE',''
  ) );
#1286 = PCURVE('',#1287,#1292);
#1287 = PLANE('',#1288);
#1288 = AXIS2_PLACEMENT_3D('',#1289,#1290,#1291);
#1289 = CARTESIAN_POINT('',(-1.13665E+03,1.009787725305E+03,
    1.541893709576E+03));
#1290 = DIRECTION('',(1.,-0.,-0.));
#1291 = DIRECTION('',(0.,0.,1.));
#1292 = DEFINITIONAL_REPRESENTATION('',(#1293),#1297);
#1293 = CIRCLE('',#1294,4.9276);
#1294 = AXIS2_PLACEMENT_2D('',#1295,#1296);
#1295 = CARTESIAN_POINT('',(0.,0.));
#1296 = DIRECTION('',(1.,0.));
#1297 = ( GEOMETRIC_REPRESENTATION_CONTEXT(2) 
PARAMETRIC_REPRESENTATION_CONTEXT() REPRESENTATION_CONTEXT('2D SPACE',''
  ) );
#1298 = ORIENTED_EDGE('',*,*,#1299,.F.);
#1299 = EDGE_CURVE('',#1300,#1266,#1302,.T.);
#1300 = VERTEX_POINT('',#1301);
#1301 = CARTESIAN_POINT('',(-1.26365E+03,1.009787725305E+03,
    1.546821309576E+03));
#1302 = SEAM_CURVE('',#1303,(#1307,#1314),.PCURVE_S1.);
#1303 = LINE('',#1304,#1305);
#1304 = CARTESIAN_POINT('',(-1.26365E+03,1.009787725305E+03,
    1.546821309576E+03));
#1305 = VECTOR('',#1306,1.);
#1306 = DIRECTION('',(1.,0.,0.));
#1307 = PCURVE('',#1275,#1308);
#1308 = DEFINITIONAL_REPRESENTATION('',(#1309),#1313);
#1309 = LINE('',#1310,#1311);
#1310 = CARTESIAN_POINT('',(6.28318530718,-0.));
#1311 = VECTOR('',#1312,1.);
#1312 = DIRECTION('',(0.,1.));
#1313 = ( GEOMETRIC_REPRESENTATION_CONTEXT(2) 
PARAMETRIC_REPRESENTATION_CONTEXT() REPRESENTATION_CONTEXT('2D SPACE',''
  ) );
#1314 = PCURVE('',#1275,#1315);
#1315 = DEFINITIONAL_REPRESENTATION('',(#1316),#1320);
#1316 = LINE('',#1317,#1318);
#1317 = CARTESIAN_POINT('',(0.,-0.));
#1318 = VECTOR('',#1319,1.);
#1319 = DIRECTION('',(0.,1.));
#1320 = ( GEOMETRIC_REPRESENTATION_CONTEXT(2) 
PARAMETRIC_REPRESENTATION_CONTEXT() REPRESENTATION_CONTEXT('2D SPACE',''
  ) );
#1321 = ORIENTED_EDGE('',*,*,#1322,.T.);
#1322 = EDGE_CURVE('',#1300,#1300,#1323,.T.);
#1323 = SURFACE_CURVE('',#1324,(#1329,#1336),.PCURVE_S1.);
#1324 = CIRCLE('',#1325,4.9276);
#1325 = AXIS2_PLACEMENT_3D('',#1326,#1327,#1328);
#1326 = CARTESIAN_POINT('',(-1.26365E+03,1.009787725305E+03,
    1.541893709576E+03));
#1327 = DIRECTION('',(1.,0.,-0.));
#1328 = DIRECTION('',(0.,0.,1.));
#1329 = PCURVE('',#1275,#1330);
#1330 = DEFINITIONAL_REPRESENTATION('',(#1331),#1335);
#1331 = LINE('',#1332,#1333);
#1332 = CARTESIAN_POINT('',(0.,0.));
#1333 = VECTOR('',#1334,1.);
#1334 = DIRECTION('',(1.,0.));
#1335 = ( GEOMETRIC_REPRESENTATION_CONTEXT(2) 
PARAMETRIC_REPRESENTATION_CONTEXT() REPRESENTATION_CONTEXT('2D SPACE',''
  ) );
#1336 = PCURVE('',#1337,#1342);
#1337 = PLANE('',#1338);
#1338 = AXIS2_PLACEMENT_3D('',#1339,#1340,#1341);
#1339 = CARTESIAN_POINT('',(-1.26365E+03,1.009787725305E+03,
    1.541893709576E+03));
#1340 = DIRECTION('',(1.,-0.,-0.));
#1341 = DIRECTION('',(0.,0.,1.));
#1342 = DEFINITIONAL_REPRESENTATION('',(#1343),#1347);
#1343 = CIRCLE('',#1344,4.9276);
#1344 = AXIS2_PLACEMENT_2D('',#1345,#1346);
#1345 = CARTESIAN_POINT('',(0.,0.));
#1346 = DIRECTION('',(1.,0.));
#1347 = ( GEOMETRIC_REPRESENTATION_CONTEXT(2) 
PARAMETRIC_REPRESENTATION_CONTEXT() REPRESENTATION_CONTEXT('2D SPACE',''
  ) );
#1348 = ORIENTED_EDGE('',*,*,#1299,.T.);
#1349 = ADVANCED_FACE('',(#1350),#1287,.T.);
#1350 = FACE_BOUND('',#1351,.T.);
#1351 = EDGE_LOOP('',(#1352));
#1352 = ORIENTED_EDGE('',*,*,#1265,.T.);
#1353 = ADVANCED_FACE('',(#1354),#1337,.F.);
#1354 = FACE_BOUND('',#1355,.T.);
#1355 = EDGE_LOOP('',(#1356));
#1356 = ORIENTED_EDGE('',*,*,#1322,.F.);
#1357 = ( GEOMETRIC_REPRESENTATION_CONTEXT(3) 
GLOBAL_UNCERTAINTY_ASSIGNED_CONTEXT((#1361)) 
GLOBAL_UNIT_ASSIGNED_CONTEXT((#1358,#1359,#1360)) REPRESENTATION_CONTEXT
('Context #1','3D Context with UNIT and UNCERTAINTY') );
#1358 = ( LENGTH_UNIT() NAMED_UNIT(*) SI_UNIT(.MILLI.,.METRE.) );
#1359 = ( NAMED_UNIT(*) PLANE_ANGLE_UNIT() SI_UNIT($,.RADIAN.) );
#1360 = ( NAMED_UNIT(*) SI_UNIT($,.STERADIAN.) SOLID_ANGLE_UNIT() );
#1361 = UNCERTAINTY_MEASURE_WITH_UNIT(LENGTH_MEASURE(1.E-07),#1358,
  'distance_accuracy_value','confusion accuracy');
#1362 = CONTEXT_DEPENDENT_SHAPE_REPRESENTATION(#1363,#1365);
#1363 = ( REPRESENTATION_RELATIONSHIP('','',#1258,#10) 
REPRESENTATION_RELATIONSHIP_WITH_TRANSFORMATION(#1364) 
SHAPE_REPRESENTATION_RELATIONSHIP() );
#1364 = ITEM_DEFINED_TRANSFORMATION('','',#11,#39);
#1365 = PRODUCT_DEFINITION_SHAPE('Placement','Placement of an item',
  #1366);
#1366 = NEXT_ASSEMBLY_USAGE_OCCURRENCE('7',
  'lumber_leg_bolt_left_2_shaft','',#5,#1253,$);
#1367 = PRODUCT_RELATED_PRODUCT_CATEGORY('part',$,(#1255));
#1368 = SHAPE_DEFINITION_REPRESENTATION(#1369,#1375);
#1369 = PRODUCT_DEFINITION_SHAPE('','',#1370);
#1370 = PRODUCT_DEFINITION('design','',#1371,#1374);
#1371 = PRODUCT_DEFINITION_FORMATION('','',#1372);
#1372 = PRODUCT('lumber_leg_bolt_left_2_head_plate',
  'lumber_leg_bolt_left_2_head_plate','',(#1373));
#1373 = PRODUCT_CONTEXT('',#2,'mechanical');
#1374 = PRODUCT_DEFINITION_CONTEXT('part definition',#2,'design');
#1375 = ADVANCED_BREP_SHAPE_REPRESENTATION('',(#11,#1376),#1558);
#1376 = MANIFOLD_SOLID_BREP('',#1377);
#1377 = CLOSED_SHELL('',(#1378,#1466,#1501,#1531));
#1378 = ADVANCED_FACE('',(#1379),#1392,.T.);
#1379 = FACE_BOUND('',#1380,.T.);
#1380 = EDGE_LOOP('',(#1381,#1415,#1438,#1465));
#1381 = ORIENTED_EDGE('',*,*,#1382,.F.);
#1382 = EDGE_CURVE('',#1383,#1383,#1385,.T.);
#1383 = VERTEX_POINT('',#1384);
#1384 = CARTESIAN_POINT('',(-1.2573E+03,1.009787725305E+03,
    1.560943709576E+03));
#1385 = SURFACE_CURVE('',#1386,(#1391,#1403),.PCURVE_S1.);
#1386 = CIRCLE('',#1387,19.05);
#1387 = AXIS2_PLACEMENT_3D('',#1388,#1389,#1390);
#1388 = CARTESIAN_POINT('',(-1.2573E+03,1.009787725305E+03,
    1.541893709576E+03));
#1389 = DIRECTION('',(1.,0.,-0.));
#1390 = DIRECTION('',(0.,0.,1.));
#1391 = PCURVE('',#1392,#1397);
#1392 = CYLINDRICAL_SURFACE('',#1393,19.05);
#1393 = AXIS2_PLACEMENT_3D('',#1394,#1395,#1396);
#1394 = CARTESIAN_POINT('',(-1.26365E+03,1.009787725305E+03,
    1.541893709576E+03));
#1395 = DIRECTION('',(1.,-0.,-0.));
#1396 = DIRECTION('',(0.,0.,1.));
#1397 = DEFINITIONAL_REPRESENTATION('',(#1398),#1402);
#1398 = LINE('',#1399,#1400);
#1399 = CARTESIAN_POINT('',(0.,6.35));
#1400 = VECTOR('',#1401,1.);
#1401 = DIRECTION('',(1.,0.));
#1402 = ( GEOMETRIC_REPRESENTATION_CONTEXT(2) 
PARAMETRIC_REPRESENTATION_CONTEXT() REPRESENTATION_CONTEXT('2D SPACE',''
  ) );
#1403 = PCURVE('',#1404,#1409);
#1404 = PLANE('',#1405);
#1405 = AXIS2_PLACEMENT_3D('',#1406,#1407,#1408);
#1406 = CARTESIAN_POINT('',(-1.2573E+03,1.009787725305E+03,
    1.541893709576E+03));
#1407 = DIRECTION('',(1.,-0.,-0.));
#1408 = DIRECTION('',(0.,0.,1.));
#1409 = DEFINITIONAL_REPRESENTATION('',(#1410),#1414);
#1410 = CIRCLE('',#1411,19.05);
#1411 = AXIS2_PLACEMENT_2D('',#1412,#1413);
#1412 = CARTESIAN_POINT('',(0.,0.));
#1413 = DIRECTION('',(1.,0.));
#1414 = ( GEOMETRIC_REPRESENTATION_CONTEXT(2) 
PARAMETRIC_REPRESENTATION_CONTEXT() REPRESENTATION_CONTEXT('2D SPACE',''
  ) );
#1415 = ORIENTED_EDGE('',*,*,#1416,.F.);
#1416 = EDGE_CURVE('',#1417,#1383,#1419,.T.);
#1417 = VERTEX_POINT('',#1418);
#1418 = CARTESIAN_POINT('',(-1.26365E+03,1.009787725305E+03,
    1.560943709576E+03));
#1419 = SEAM_CURVE('',#1420,(#1424,#1431),.PCURVE_S1.);
#1420 = LINE('',#1421,#1422);
#1421 = CARTESIAN_POINT('',(-1.26365E+03,1.009787725305E+03,
    1.560943709576E+03));
#1422 = VECTOR('',#1423,1.);
#1423 = DIRECTION('',(1.,0.,0.));
#1424 = PCURVE('',#1392,#1425);
#1425 = DEFINITIONAL_REPRESENTATION('',(#1426),#1430);
#1426 = LINE('',#1427,#1428);
#1427 = CARTESIAN_POINT('',(6.28318530718,-0.));
#1428 = VECTOR('',#1429,1.);
#1429 = DIRECTION('',(0.,1.));
#1430 = ( GEOMETRIC_REPRESENTATION_CONTEXT(2) 
PARAMETRIC_REPRESENTATION_CONTEXT() REPRESENTATION_CONTEXT('2D SPACE',''
  ) );
#1431 = PCURVE('',#1392,#1432);
#1432 = DEFINITIONAL_REPRESENTATION('',(#1433),#1437);
#1433 = LINE('',#1434,#1435);
#1434 = CARTESIAN_POINT('',(0.,-0.));
#1435 = VECTOR('',#1436,1.);
#1436 = DIRECTION('',(0.,1.));
#1437 = ( GEOMETRIC_REPRESENTATION_CONTEXT(2) 
PARAMETRIC_REPRESENTATION_CONTEXT() REPRESENTATION_CONTEXT('2D SPACE',''
  ) );
#1438 = ORIENTED_EDGE('',*,*,#1439,.T.);
#1439 = EDGE_CURVE('',#1417,#1417,#1440,.T.);
#1440 = SURFACE_CURVE('',#1441,(#1446,#1453),.PCURVE_S1.);
#1441 = CIRCLE('',#1442,19.05);
#1442 = AXIS2_PLACEMENT_3D('',#1443,#1444,#1445);
#1443 = CARTESIAN_POINT('',(-1.26365E+03,1.009787725305E+03,
    1.541893709576E+03));
#1444 = DIRECTION('',(1.,0.,-0.));
#1445 = DIRECTION('',(0.,0.,1.));
#1446 = PCURVE('',#1392,#1447);
#1447 = DEFINITIONAL_REPRESENTATION('',(#1448),#1452);
#1448 = LINE('',#1449,#1450);
#1449 = CARTESIAN_POINT('',(0.,0.));
#1450 = VECTOR('',#1451,1.);
#1451 = DIRECTION('',(1.,0.));
#1452 = ( GEOMETRIC_REPRESENTATION_CONTEXT(2) 
PARAMETRIC_REPRESENTATION_CONTEXT() REPRESENTATION_CONTEXT('2D SPACE',''
  ) );
#1453 = PCURVE('',#1454,#1459);
#1454 = PLANE('',#1455);
#1455 = AXIS2_PLACEMENT_3D('',#1456,#1457,#1458);
#1456 = CARTESIAN_POINT('',(-1.26365E+03,1.009787725305E+03,
    1.541893709576E+03));
#1457 = DIRECTION('',(1.,-0.,-0.));
#1458 = DIRECTION('',(0.,0.,1.));
#1459 = DEFINITIONAL_REPRESENTATION('',(#1460),#1464);
#1460 = CIRCLE('',#1461,19.05);
#1461 = AXIS2_PLACEMENT_2D('',#1462,#1463);
#1462 = CARTESIAN_POINT('',(0.,0.));
#1463 = DIRECTION('',(1.,0.));
#1464 = ( GEOMETRIC_REPRESENTATION_CONTEXT(2) 
PARAMETRIC_REPRESENTATION_CONTEXT() REPRESENTATION_CONTEXT('2D SPACE',''
  ) );
#1465 = ORIENTED_EDGE('',*,*,#1416,.T.);
#1466 = ADVANCED_FACE('',(#1467,#1470),#1404,.T.);
#1467 = FACE_BOUND('',#1468,.T.);
#1468 = EDGE_LOOP('',(#1469));
#1469 = ORIENTED_EDGE('',*,*,#1382,.T.);
#1470 = FACE_BOUND('',#1471,.T.);
#1471 = EDGE_LOOP('',(#1472));
#1472 = ORIENTED_EDGE('',*,*,#1473,.F.);
#1473 = EDGE_CURVE('',#1474,#1474,#1476,.T.);
#1474 = VERTEX_POINT('',#1475);
#1475 = CARTESIAN_POINT('',(-1.2573E+03,1.009787725305E+03,
    1.547449959576E+03));
#1476 = SURFACE_CURVE('',#1477,(#1482,#1489),.PCURVE_S1.);
#1477 = CIRCLE('',#1478,5.55625);
#1478 = AXIS2_PLACEMENT_3D('',#1479,#1480,#1481);
#1479 = CARTESIAN_POINT('',(-1.2573E+03,1.009787725305E+03,
    1.541893709576E+03));
#1480 = DIRECTION('',(1.,0.,-0.));
#1481 = DIRECTION('',(0.,0.,1.));
#1482 = PCURVE('',#1404,#1483);
#1483 = DEFINITIONAL_REPRESENTATION('',(#1484),#1488);
#1484 = CIRCLE('',#1485,5.55625);
#1485 = AXIS2_PLACEMENT_2D('',#1486,#1487);
#1486 = CARTESIAN_POINT('',(0.,0.));
#1487 = DIRECTION('',(1.,0.));
#1488 = ( GEOMETRIC_REPRESENTATION_CONTEXT(2) 
PARAMETRIC_REPRESENTATION_CONTEXT() REPRESENTATION_CONTEXT('2D SPACE',''
  ) );
#1489 = PCURVE('',#1490,#1495);
#1490 = CYLINDRICAL_SURFACE('',#1491,5.55625);
#1491 = AXIS2_PLACEMENT_3D('',#1492,#1493,#1494);
#1492 = CARTESIAN_POINT('',(-1.26365E+03,1.009787725305E+03,
    1.541893709576E+03));
#1493 = DIRECTION('',(1.,-0.,-0.));
#1494 = DIRECTION('',(0.,0.,1.));
#1495 = DEFINITIONAL_REPRESENTATION('',(#1496),#1500);
#1496 = LINE('',#1497,#1498);
#1497 = CARTESIAN_POINT('',(0.,6.35));
#1498 = VECTOR('',#1499,1.);
#1499 = DIRECTION('',(1.,0.));
#1500 = ( GEOMETRIC_REPRESENTATION_CONTEXT(2) 
PARAMETRIC_REPRESENTATION_CONTEXT() REPRESENTATION_CONTEXT('2D SPACE',''
  ) );
#1501 = ADVANCED_FACE('',(#1502,#1505),#1454,.F.);
#1502 = FACE_BOUND('',#1503,.F.);
#1503 = EDGE_LOOP('',(#1504));
#1504 = ORIENTED_EDGE('',*,*,#1439,.T.);
#1505 = FACE_BOUND('',#1506,.F.);
#1506 = EDGE_LOOP('',(#1507));
#1507 = ORIENTED_EDGE('',*,*,#1508,.F.);
#1508 = EDGE_CURVE('',#1509,#1509,#1511,.T.);
#1509 = VERTEX_POINT('',#1510);
#1510 = CARTESIAN_POINT('',(-1.26365E+03,1.009787725305E+03,
    1.547449959576E+03));
#1511 = SURFACE_CURVE('',#1512,(#1517,#1524),.PCURVE_S1.);
#1512 = CIRCLE('',#1513,5.55625);
#1513 = AXIS2_PLACEMENT_3D('',#1514,#1515,#1516);
#1514 = CARTESIAN_POINT('',(-1.26365E+03,1.009787725305E+03,
    1.541893709576E+03));
#1515 = DIRECTION('',(1.,0.,-0.));
#1516 = DIRECTION('',(0.,0.,1.));
#1517 = PCURVE('',#1454,#1518);
#1518 = DEFINITIONAL_REPRESENTATION('',(#1519),#1523);
#1519 = CIRCLE('',#1520,5.55625);
#1520 = AXIS2_PLACEMENT_2D('',#1521,#1522);
#1521 = CARTESIAN_POINT('',(0.,0.));
#1522 = DIRECTION('',(1.,0.));
#1523 = ( GEOMETRIC_REPRESENTATION_CONTEXT(2) 
PARAMETRIC_REPRESENTATION_CONTEXT() REPRESENTATION_CONTEXT('2D SPACE',''
  ) );
#1524 = PCURVE('',#1490,#1525);
#1525 = DEFINITIONAL_REPRESENTATION('',(#1526),#1530);
#1526 = LINE('',#1527,#1528);
#1527 = CARTESIAN_POINT('',(0.,0.));
#1528 = VECTOR('',#1529,1.);
#1529 = DIRECTION('',(1.,0.));
#1530 = ( GEOMETRIC_REPRESENTATION_CONTEXT(2) 
PARAMETRIC_REPRESENTATION_CONTEXT() REPRESENTATION_CONTEXT('2D SPACE',''
  ) );
#1531 = ADVANCED_FACE('',(#1532),#1490,.F.);
#1532 = FACE_BOUND('',#1533,.F.);
#1533 = EDGE_LOOP('',(#1534,#1535,#1556,#1557));
#1534 = ORIENTED_EDGE('',*,*,#1473,.F.);
#1535 = ORIENTED_EDGE('',*,*,#1536,.F.);
#1536 = EDGE_CURVE('',#1509,#1474,#1537,.T.);
#1537 = SEAM_CURVE('',#1538,(#1542,#1549),.PCURVE_S1.);
#1538 = LINE('',#1539,#1540);
#1539 = CARTESIAN_POINT('',(-1.26365E+03,1.009787725305E+03,
    1.547449959576E+03));
#1540 = VECTOR('',#1541,1.);
#1541 = DIRECTION('',(1.,0.,0.));
#1542 = PCURVE('',#1490,#1543);
#1543 = DEFINITIONAL_REPRESENTATION('',(#1544),#1548);
#1544 = LINE('',#1545,#1546);
#1545 = CARTESIAN_POINT('',(6.28318530718,-0.));
#1546 = VECTOR('',#1547,1.);
#1547 = DIRECTION('',(0.,1.));
#1548 = ( GEOMETRIC_REPRESENTATION_CONTEXT(2) 
PARAMETRIC_REPRESENTATION_CONTEXT() REPRESENTATION_CONTEXT('2D SPACE',''
  ) );
#1549 = PCURVE('',#1490,#1550);
#1550 = DEFINITIONAL_REPRESENTATION('',(#1551),#1555);
#1551 = LINE('',#1552,#1553);
#1552 = CARTESIAN_POINT('',(0.,-0.));
#1553 = VECTOR('',#1554,1.);
#1554 = DIRECTION('',(0.,1.));
#1555 = ( GEOMETRIC_REPRESENTATION_CONTEXT(2) 
PARAMETRIC_REPRESENTATION_CONTEXT() REPRESENTATION_CONTEXT('2D SPACE',''
  ) );
#1556 = ORIENTED_EDGE('',*,*,#1508,.T.);
#1557 = ORIENTED_EDGE('',*,*,#1536,.T.);
#1558 = ( GEOMETRIC_REPRESENTATION_CONTEXT(3) 
GLOBAL_UNCERTAINTY_ASSIGNED_CONTEXT((#1562)) 
GLOBAL_UNIT_ASSIGNED_CONTEXT((#1559,#1560,#1561)) REPRESENTATION_CONTEXT
('Context #1','3D Context with UNIT and UNCERTAINTY') );
#1559 = ( LENGTH_UNIT() NAMED_UNIT(*) SI_UNIT(.MILLI.,.METRE.) );
#1560 = ( NAMED_UNIT(*) PLANE_ANGLE_UNIT() SI_UNIT($,.RADIAN.) );
#1561 = ( NAMED_UNIT(*) SI_UNIT($,.STERADIAN.) SOLID_ANGLE_UNIT() );
#1562 = UNCERTAINTY_MEASURE_WITH_UNIT(LENGTH_MEASURE(1.E-07),#1559,
  'distance_accuracy_value','confusion accuracy');
#1563 = CONTEXT_DEPENDENT_SHAPE_REPRESENTATION(#1564,#1566);
#1564 = ( REPRESENTATION_RELATIONSHIP('','',#1375,#10) 
REPRESENTATION_RELATIONSHIP_WITH_TRANSFORMATION(#1565) 
SHAPE_REPRESENTATION_RELATIONSHIP() );
#1565 = ITEM_DEFINED_TRANSFORMATION('','',#11,#43);
#1566 = PRODUCT_DEFINITION_SHAPE('Placement','Placement of an item',
  #1567);
#1567 = NEXT_ASSEMBLY_USAGE_OCCURRENCE('8',
  'lumber_leg_bolt_left_2_head_plate','',#5,#1370,$);
#1568 = PRODUCT_RELATED_PRODUCT_CATEGORY('part',$,(#1372));
#1569 = SHAPE_DEFINITION_REPRESENTATION(#1570,#1576);
#1570 = PRODUCT_DEFINITION_SHAPE('','',#1571);
#1571 = PRODUCT_DEFINITION('design','',#1572,#1575);
#1572 = PRODUCT_DEFINITION_FORMATION('','',#1573);
#1573 = PRODUCT('lumber_leg_bolt_left_2_nut_plate',
  'lumber_leg_bolt_left_2_nut_plate','',(#1574));
#1574 = PRODUCT_CONTEXT('',#2,'mechanical');
#1575 = PRODUCT_DEFINITION_CONTEXT('part definition',#2,'design');
#1576 = ADVANCED_BREP_SHAPE_REPRESENTATION('',(#11,#1577),#1759);
#1577 = MANIFOLD_SOLID_BREP('',#1578);
#1578 = CLOSED_SHELL('',(#1579,#1667,#1702,#1732));
#1579 = ADVANCED_FACE('',(#1580),#1593,.T.);
#1580 = FACE_BOUND('',#1581,.T.);
#1581 = EDGE_LOOP('',(#1582,#1616,#1639,#1666));
#1582 = ORIENTED_EDGE('',*,*,#1583,.F.);
#1583 = EDGE_CURVE('',#1584,#1584,#1586,.T.);
#1584 = VERTEX_POINT('',#1585);
#1585 = CARTESIAN_POINT('',(-1.17475E+03,1.009787725305E+03,
    1.560943709576E+03));
#1586 = SURFACE_CURVE('',#1587,(#1592,#1604),.PCURVE_S1.);
#1587 = CIRCLE('',#1588,19.05);
#1588 = AXIS2_PLACEMENT_3D('',#1589,#1590,#1591);
#1589 = CARTESIAN_POINT('',(-1.17475E+03,1.009787725305E+03,
    1.541893709576E+03));
#1590 = DIRECTION('',(1.,0.,-0.));
#1591 = DIRECTION('',(0.,0.,1.));
#1592 = PCURVE('',#1593,#1598);
#1593 = CYLINDRICAL_SURFACE('',#1594,19.05);
#1594 = AXIS2_PLACEMENT_3D('',#1595,#1596,#1597);
#1595 = CARTESIAN_POINT('',(-1.1811E+03,1.009787725305E+03,
    1.541893709576E+03));
#1596 = DIRECTION('',(1.,-0.,-0.));
#1597 = DIRECTION('',(0.,0.,1.));
#1598 = DEFINITIONAL_REPRESENTATION('',(#1599),#1603);
#1599 = LINE('',#1600,#1601);
#1600 = CARTESIAN_POINT('',(0.,6.35));
#1601 = VECTOR('',#1602,1.);
#1602 = DIRECTION('',(1.,0.));
#1603 = ( GEOMETRIC_REPRESENTATION_CONTEXT(2) 
PARAMETRIC_REPRESENTATION_CONTEXT() REPRESENTATION_CONTEXT('2D SPACE',''
  ) );
#1604 = PCURVE('',#1605,#1610);
#1605 = PLANE('',#1606);
#1606 = AXIS2_PLACEMENT_3D('',#1607,#1608,#1609);
#1607 = CARTESIAN_POINT('',(-1.17475E+03,1.009787725305E+03,
    1.541893709576E+03));
#1608 = DIRECTION('',(1.,-0.,-0.));
#1609 = DIRECTION('',(0.,0.,1.));
#1610 = DEFINITIONAL_REPRESENTATION('',(#1611),#1615);
#1611 = CIRCLE('',#1612,19.05);
#1612 = AXIS2_PLACEMENT_2D('',#1613,#1614);
#1613 = CARTESIAN_POINT('',(0.,0.));
#1614 = DIRECTION('',(1.,0.));
#1615 = ( GEOMETRIC_REPRESENTATION_CONTEXT(2) 
PARAMETRIC_REPRESENTATION_CONTEXT() REPRESENTATION_CONTEXT('2D SPACE',''
  ) );
#1616 = ORIENTED_EDGE('',*,*,#1617,.F.);
#1617 = EDGE_CURVE('',#1618,#1584,#1620,.T.);
#1618 = VERTEX_POINT('',#1619);
#1619 = CARTESIAN_POINT('',(-1.1811E+03,1.009787725305E+03,
    1.560943709576E+03));
#1620 = SEAM_CURVE('',#1621,(#1625,#1632),.PCURVE_S1.);
#1621 = LINE('',#1622,#1623);
#1622 = CARTESIAN_POINT('',(-1.1811E+03,1.009787725305E+03,
    1.560943709576E+03));
#1623 = VECTOR('',#1624,1.);
#1624 = DIRECTION('',(1.,0.,0.));
#1625 = PCURVE('',#1593,#1626);
#1626 = DEFINITIONAL_REPRESENTATION('',(#1627),#1631);
#1627 = LINE('',#1628,#1629);
#1628 = CARTESIAN_POINT('',(6.28318530718,-0.));
#1629 = VECTOR('',#1630,1.);
#1630 = DIRECTION('',(0.,1.));
#1631 = ( GEOMETRIC_REPRESENTATION_CONTEXT(2) 
PARAMETRIC_REPRESENTATION_CONTEXT() REPRESENTATION_CONTEXT('2D SPACE',''
  ) );
#1632 = PCURVE('',#1593,#1633);
#1633 = DEFINITIONAL_REPRESENTATION('',(#1634),#1638);
#1634 = LINE('',#1635,#1636);
#1635 = CARTESIAN_POINT('',(0.,-0.));
#1636 = VECTOR('',#1637,1.);
#1637 = DIRECTION('',(0.,1.));
#1638 = ( GEOMETRIC_REPRESENTATION_CONTEXT(2) 
PARAMETRIC_REPRESENTATION_CONTEXT() REPRESENTATION_CONTEXT('2D SPACE',''
  ) );
#1639 = ORIENTED_EDGE('',*,*,#1640,.T.);
#1640 = EDGE_CURVE('',#1618,#1618,#1641,.T.);
#1641 = SURFACE_CURVE('',#1642,(#1647,#1654),.PCURVE_S1.);
#1642 = CIRCLE('',#1643,19.05);
#1643 = AXIS2_PLACEMENT_3D('',#1644,#1645,#1646);
#1644 = CARTESIAN_POINT('',(-1.1811E+03,1.009787725305E+03,
    1.541893709576E+03));
#1645 = DIRECTION('',(1.,0.,-0.));
#1646 = DIRECTION('',(0.,0.,1.));
#1647 = PCURVE('',#1593,#1648);
#1648 = DEFINITIONAL_REPRESENTATION('',(#1649),#1653);
#1649 = LINE('',#1650,#1651);
#1650 = CARTESIAN_POINT('',(0.,0.));
#1651 = VECTOR('',#1652,1.);
#1652 = DIRECTION('',(1.,0.));
#1653 = ( GEOMETRIC_REPRESENTATION_CONTEXT(2) 
PARAMETRIC_REPRESENTATION_CONTEXT() REPRESENTATION_CONTEXT('2D SPACE',''
  ) );
#1654 = PCURVE('',#1655,#1660);
#1655 = PLANE('',#1656);
#1656 = AXIS2_PLACEMENT_3D('',#1657,#1658,#1659);
#1657 = CARTESIAN_POINT('',(-1.1811E+03,1.009787725305E+03,
    1.541893709576E+03));
#1658 = DIRECTION('',(1.,-0.,-0.));
#1659 = DIRECTION('',(0.,0.,1.));
#1660 = DEFINITIONAL_REPRESENTATION('',(#1661),#1665);
#1661 = CIRCLE('',#1662,19.05);
#1662 = AXIS2_PLACEMENT_2D('',#1663,#1664);
#1663 = CARTESIAN_POINT('',(0.,0.));
#1664 = DIRECTION('',(1.,0.));
#1665 = ( GEOMETRIC_REPRESENTATION_CONTEXT(2) 
PARAMETRIC_REPRESENTATION_CONTEXT() REPRESENTATION_CONTEXT('2D SPACE',''
  ) );
#1666 = ORIENTED_EDGE('',*,*,#1617,.T.);
#1667 = ADVANCED_FACE('',(#1668,#1671),#1605,.T.);
#1668 = FACE_BOUND('',#1669,.T.);
#1669 = EDGE_LOOP('',(#1670));
#1670 = ORIENTED_EDGE('',*,*,#1583,.T.);
#1671 = FACE_BOUND('',#1672,.T.);
#1672 = EDGE_LOOP('',(#1673));
#1673 = ORIENTED_EDGE('',*,*,#1674,.F.);
#1674 = EDGE_CURVE('',#1675,#1675,#1677,.T.);
#1675 = VERTEX_POINT('',#1676);
#1676 = CARTESIAN_POINT('',(-1.17475E+03,1.009787725305E+03,
    1.547449959576E+03));
#1677 = SURFACE_CURVE('',#1678,(#1683,#1690),.PCURVE_S1.);
#1678 = CIRCLE('',#1679,5.55625);
#1679 = AXIS2_PLACEMENT_3D('',#1680,#1681,#1682);
#1680 = CARTESIAN_POINT('',(-1.17475E+03,1.009787725305E+03,
    1.541893709576E+03));
#1681 = DIRECTION('',(1.,0.,-0.));
#1682 = DIRECTION('',(0.,0.,1.));
#1683 = PCURVE('',#1605,#1684);
#1684 = DEFINITIONAL_REPRESENTATION('',(#1685),#1689);
#1685 = CIRCLE('',#1686,5.55625);
#1686 = AXIS2_PLACEMENT_2D('',#1687,#1688);
#1687 = CARTESIAN_POINT('',(0.,0.));
#1688 = DIRECTION('',(1.,0.));
#1689 = ( GEOMETRIC_REPRESENTATION_CONTEXT(2) 
PARAMETRIC_REPRESENTATION_CONTEXT() REPRESENTATION_CONTEXT('2D SPACE',''
  ) );
#1690 = PCURVE('',#1691,#1696);
#1691 = CYLINDRICAL_SURFACE('',#1692,5.55625);
#1692 = AXIS2_PLACEMENT_3D('',#1693,#1694,#1695);
#1693 = CARTESIAN_POINT('',(-1.1811E+03,1.009787725305E+03,
    1.541893709576E+03));
#1694 = DIRECTION('',(1.,-0.,-0.));
#1695 = DIRECTION('',(0.,0.,1.));
#1696 = DEFINITIONAL_REPRESENTATION('',(#1697),#1701);
#1697 = LINE('',#1698,#1699);
#1698 = CARTESIAN_POINT('',(0.,6.35));
#1699 = VECTOR('',#1700,1.);
#1700 = DIRECTION('',(1.,0.));
#1701 = ( GEOMETRIC_REPRESENTATION_CONTEXT(2) 
PARAMETRIC_REPRESENTATION_CONTEXT() REPRESENTATION_CONTEXT('2D SPACE',''
  ) );
#1702 = ADVANCED_FACE('',(#1703,#1706),#1655,.F.);
#1703 = FACE_BOUND('',#1704,.F.);
#1704 = EDGE_LOOP('',(#1705));
#1705 = ORIENTED_EDGE('',*,*,#1640,.T.);
#1706 = FACE_BOUND('',#1707,.F.);
#1707 = EDGE_LOOP('',(#1708));
#1708 = ORIENTED_EDGE('',*,*,#1709,.F.);
#1709 = EDGE_CURVE('',#1710,#1710,#1712,.T.);
#1710 = VERTEX_POINT('',#1711);
#1711 = CARTESIAN_POINT('',(-1.1811E+03,1.009787725305E+03,
    1.547449959576E+03));
#1712 = SURFACE_CURVE('',#1713,(#1718,#1725),.PCURVE_S1.);
#1713 = CIRCLE('',#1714,5.55625);
#1714 = AXIS2_PLACEMENT_3D('',#1715,#1716,#1717);
#1715 = CARTESIAN_POINT('',(-1.1811E+03,1.009787725305E+03,
    1.541893709576E+03));
#1716 = DIRECTION('',(1.,0.,-0.));
#1717 = DIRECTION('',(0.,0.,1.));
#1718 = PCURVE('',#1655,#1719);
#1719 = DEFINITIONAL_REPRESENTATION('',(#1720),#1724);
#1720 = CIRCLE('',#1721,5.55625);
#1721 = AXIS2_PLACEMENT_2D('',#1722,#1723);
#1722 = CARTESIAN_POINT('',(0.,0.));
#1723 = DIRECTION('',(1.,0.));
#1724 = ( GEOMETRIC_REPRESENTATION_CONTEXT(2) 
PARAMETRIC_REPRESENTATION_CONTEXT() REPRESENTATION_CONTEXT('2D SPACE',''
  ) );
#1725 = PCURVE('',#1691,#1726);
#1726 = DEFINITIONAL_REPRESENTATION('',(#1727),#1731);
#1727 = LINE('',#1728,#1729);
#1728 = CARTESIAN_POINT('',(0.,0.));
#1729 = VECTOR('',#1730,1.);
#1730 = DIRECTION('',(1.,0.));
#1731 = ( GEOMETRIC_REPRESENTATION_CONTEXT(2) 
PARAMETRIC_REPRESENTATION_CONTEXT() REPRESENTATION_CONTEXT('2D SPACE',''
  ) );
#1732 = ADVANCED_FACE('',(#1733),#1691,.F.);
#1733 = FACE_BOUND('',#1734,.F.);
#1734 = EDGE_LOOP('',(#1735,#1736,#1757,#1758));
#1735 = ORIENTED_EDGE('',*,*,#1674,.F.);
#1736 = ORIENTED_EDGE('',*,*,#1737,.F.);
#1737 = EDGE_CURVE('',#1710,#1675,#1738,.T.);
#1738 = SEAM_CURVE('',#1739,(#1743,#1750),.PCURVE_S1.);
#1739 = LINE('',#1740,#1741);
#1740 = CARTESIAN_POINT('',(-1.1811E+03,1.009787725305E+03,
    1.547449959576E+03));
#1741 = VECTOR('',#1742,1.);
#1742 = DIRECTION('',(1.,0.,0.));
#1743 = PCURVE('',#1691,#1744);
#1744 = DEFINITIONAL_REPRESENTATION('',(#1745),#1749);
#1745 = LINE('',#1746,#1747);
#1746 = CARTESIAN_POINT('',(6.28318530718,-0.));
#1747 = VECTOR('',#1748,1.);
#1748 = DIRECTION('',(0.,1.));
#1749 = ( GEOMETRIC_REPRESENTATION_CONTEXT(2) 
PARAMETRIC_REPRESENTATION_CONTEXT() REPRESENTATION_CONTEXT('2D SPACE',''
  ) );
#1750 = PCURVE('',#1691,#1751);
#1751 = DEFINITIONAL_REPRESENTATION('',(#1752),#1756);
#1752 = LINE('',#1753,#1754);
#1753 = CARTESIAN_POINT('',(0.,-0.));
#1754 = VECTOR('',#1755,1.);
#1755 = DIRECTION('',(0.,1.));
#1756 = ( GEOMETRIC_REPRESENTATION_CONTEXT(2) 
PARAMETRIC_REPRESENTATION_CONTEXT() REPRESENTATION_CONTEXT('2D SPACE',''
  ) );
#1757 = ORIENTED_EDGE('',*,*,#1709,.T.);
#1758 = ORIENTED_EDGE('',*,*,#1737,.T.);
#1759 = ( GEOMETRIC_REPRESENTATION_CONTEXT(3) 
GLOBAL_UNCERTAINTY_ASSIGNED_CONTEXT((#1763)) 
GLOBAL_UNIT_ASSIGNED_CONTEXT((#1760,#1761,#1762)) REPRESENTATION_CONTEXT
('Context #1','3D Context with UNIT and UNCERTAINTY') );
#1760 = ( LENGTH_UNIT() NAMED_UNIT(*) SI_UNIT(.MILLI.,.METRE.) );
#1761 = ( NAMED_UNIT(*) PLANE_ANGLE_UNIT() SI_UNIT($,.RADIAN.) );
#1762 = ( NAMED_UNIT(*) SI_UNIT($,.STERADIAN.) SOLID_ANGLE_UNIT() );
#1763 = UNCERTAINTY_MEASURE_WITH_UNIT(LENGTH_MEASURE(1.E-07),#1760,
  'distance_accuracy_value','confusion accuracy');
#1764 = CONTEXT_DEPENDENT_SHAPE_REPRESENTATION(#1765,#1767);
#1765 = ( REPRESENTATION_RELATIONSHIP('','',#1576,#10) 
REPRESENTATION_RELATIONSHIP_WITH_TRANSFORMATION(#1766) 
SHAPE_REPRESENTATION_RELATIONSHIP() );
#1766 = ITEM_DEFINED_TRANSFORMATION('','',#11,#47);
#1767 = PRODUCT_DEFINITION_SHAPE('Placement','Placement of an item',
  #1768);
#1768 = NEXT_ASSEMBLY_USAGE_OCCURRENCE('9',
  'lumber_leg_bolt_left_2_nut_plate','',#5,#1571,$);
#1769 = PRODUCT_RELATED_PRODUCT_CATEGORY('part',$,(#1573));
#1770 = SHAPE_DEFINITION_REPRESENTATION(#1771,#1777);
#1771 = PRODUCT_DEFINITION_SHAPE('','',#1772);
#1772 = PRODUCT_DEFINITION('design','',#1773,#1776);
#1773 = PRODUCT_DEFINITION_FORMATION('','',#1774);
#1774 = PRODUCT('lumber_leg_bolt_left_2_spacer',
  'lumber_leg_bolt_left_2_spacer','',(#1775));
#1775 = PRODUCT_CONTEXT('',#2,'mechanical');
#1776 = PRODUCT_DEFINITION_CONTEXT('part definition',#2,'design');
#1777 = ADVANCED_BREP_SHAPE_REPRESENTATION('',(#11,#1778),#1960);
#1778 = MANIFOLD_SOLID_BREP('',#1779);
#1779 = CLOSED_SHELL('',(#1780,#1868,#1903,#1933));
#1780 = ADVANCED_FACE('',(#1781),#1794,.T.);
#1781 = FACE_BOUND('',#1782,.T.);
#1782 = EDGE_LOOP('',(#1783,#1817,#1840,#1867));
#1783 = ORIENTED_EDGE('',*,*,#1784,.F.);
#1784 = EDGE_CURVE('',#1785,#1785,#1787,.T.);
#1785 = VERTEX_POINT('',#1786);
#1786 = CARTESIAN_POINT('',(-1.1557E+03,1.009787725305E+03,
    1.551893709576E+03));
#1787 = SURFACE_CURVE('',#1788,(#1793,#1805),.PCURVE_S1.);
#1788 = CIRCLE('',#1789,10.);
#1789 = AXIS2_PLACEMENT_3D('',#1790,#1791,#1792);
#1790 = CARTESIAN_POINT('',(-1.1557E+03,1.009787725305E+03,
    1.541893709576E+03));
#1791 = DIRECTION('',(1.,0.,-0.));
#1792 = DIRECTION('',(0.,0.,1.));
#1793 = PCURVE('',#1794,#1799);
#1794 = CYLINDRICAL_SURFACE('',#1795,10.);
#1795 = AXIS2_PLACEMENT_3D('',#1796,#1797,#1798);
#1796 = CARTESIAN_POINT('',(-1.17475E+03,1.009787725305E+03,
    1.541893709576E+03));
#1797 = DIRECTION('',(1.,-0.,-0.));
#1798 = DIRECTION('',(0.,0.,1.));
#1799 = DEFINITIONAL_REPRESENTATION('',(#1800),#1804);
#1800 = LINE('',#1801,#1802);
#1801 = CARTESIAN_POINT('',(0.,19.05));
#1802 = VECTOR('',#1803,1.);
#1803 = DIRECTION('',(1.,0.));
#1804 = ( GEOMETRIC_REPRESENTATION_CONTEXT(2) 
PARAMETRIC_REPRESENTATION_CONTEXT() REPRESENTATION_CONTEXT('2D SPACE',''
  ) );
#1805 = PCURVE('',#1806,#1811);
#1806 = PLANE('',#1807);
#1807 = AXIS2_PLACEMENT_3D('',#1808,#1809,#1810);
#1808 = CARTESIAN_POINT('',(-1.1557E+03,1.009787725305E+03,
    1.541893709576E+03));
#1809 = DIRECTION('',(1.,-0.,-0.));
#1810 = DIRECTION('',(0.,0.,1.));
#1811 = DEFINITIONAL_REPRESENTATION('',(#1812),#1816);
#1812 = CIRCLE('',#1813,10.);
#1813 = AXIS2_PLACEMENT_2D('',#1814,#1815);
#1814 = CARTESIAN_POINT('',(0.,0.));
#1815 = DIRECTION('',(1.,0.));
#1816 = ( GEOMETRIC_REPRESENTATION_CONTEXT(2) 
PARAMETRIC_REPRESENTATION_CONTEXT() REPRESENTATION_CONTEXT('2D SPACE',''
  ) );
#1817 = ORIENTED_EDGE('',*,*,#1818,.F.);
#1818 = EDGE_CURVE('',#1819,#1785,#1821,.T.);
#1819 = VERTEX_POINT('',#1820);
#1820 = CARTESIAN_POINT('',(-1.17475E+03,1.009787725305E+03,
    1.551893709576E+03));
#1821 = SEAM_CURVE('',#1822,(#1826,#1833),.PCURVE_S1.);
#1822 = LINE('',#1823,#1824);
#1823 = CARTESIAN_POINT('',(-1.17475E+03,1.009787725305E+03,
    1.551893709576E+03));
#1824 = VECTOR('',#1825,1.);
#1825 = DIRECTION('',(1.,0.,0.));
#1826 = PCURVE('',#1794,#1827);
#1827 = DEFINITIONAL_REPRESENTATION('',(#1828),#1832);
#1828 = LINE('',#1829,#1830);
#1829 = CARTESIAN_POINT('',(6.28318530718,-0.));
#1830 = VECTOR('',#1831,1.);
#1831 = DIRECTION('',(0.,1.));
#1832 = ( GEOMETRIC_REPRESENTATION_CONTEXT(2) 
PARAMETRIC_REPRESENTATION_CONTEXT() REPRESENTATION_CONTEXT('2D SPACE',''
  ) );
#1833 = PCURVE('',#1794,#1834);
#1834 = DEFINITIONAL_REPRESENTATION('',(#1835),#1839);
#1835 = LINE('',#1836,#1837);
#1836 = CARTESIAN_POINT('',(0.,-0.));
#1837 = VECTOR('',#1838,1.);
#1838 = DIRECTION('',(0.,1.));
#1839 = ( GEOMETRIC_REPRESENTATION_CONTEXT(2) 
PARAMETRIC_REPRESENTATION_CONTEXT() REPRESENTATION_CONTEXT('2D SPACE',''
  ) );
#1840 = ORIENTED_EDGE('',*,*,#1841,.T.);
#1841 = EDGE_CURVE('',#1819,#1819,#1842,.T.);
#1842 = SURFACE_CURVE('',#1843,(#1848,#1855),.PCURVE_S1.);
#1843 = CIRCLE('',#1844,10.);
#1844 = AXIS2_PLACEMENT_3D('',#1845,#1846,#1847);
#1845 = CARTESIAN_POINT('',(-1.17475E+03,1.009787725305E+03,
    1.541893709576E+03));
#1846 = DIRECTION('',(1.,0.,-0.));
#1847 = DIRECTION('',(0.,0.,1.));
#1848 = PCURVE('',#1794,#1849);
#1849 = DEFINITIONAL_REPRESENTATION('',(#1850),#1854);
#1850 = LINE('',#1851,#1852);
#1851 = CARTESIAN_POINT('',(0.,0.));
#1852 = VECTOR('',#1853,1.);
#1853 = DIRECTION('',(1.,0.));
#1854 = ( GEOMETRIC_REPRESENTATION_CONTEXT(2) 
PARAMETRIC_REPRESENTATION_CONTEXT() REPRESENTATION_CONTEXT('2D SPACE',''
  ) );
#1855 = PCURVE('',#1856,#1861);
#1856 = PLANE('',#1857);
#1857 = AXIS2_PLACEMENT_3D('',#1858,#1859,#1860);
#1858 = CARTESIAN_POINT('',(-1.17475E+03,1.009787725305E+03,
    1.541893709576E+03));
#1859 = DIRECTION('',(1.,-0.,-0.));
#1860 = DIRECTION('',(0.,0.,1.));
#1861 = DEFINITIONAL_REPRESENTATION('',(#1862),#1866);
#1862 = CIRCLE('',#1863,10.);
#1863 = AXIS2_PLACEMENT_2D('',#1864,#1865);
#1864 = CARTESIAN_POINT('',(0.,0.));
#1865 = DIRECTION('',(1.,0.));
#1866 = ( GEOMETRIC_REPRESENTATION_CONTEXT(2) 
PARAMETRIC_REPRESENTATION_CONTEXT() REPRESENTATION_CONTEXT('2D SPACE',''
  ) );
#1867 = ORIENTED_EDGE('',*,*,#1818,.T.);
#1868 = ADVANCED_FACE('',(#1869,#1872),#1806,.T.);
#1869 = FACE_BOUND('',#1870,.T.);
#1870 = EDGE_LOOP('',(#1871));
#1871 = ORIENTED_EDGE('',*,*,#1784,.T.);
#1872 = FACE_BOUND('',#1873,.T.);
#1873 = EDGE_LOOP('',(#1874));
#1874 = ORIENTED_EDGE('',*,*,#1875,.F.);
#1875 = EDGE_CURVE('',#1876,#1876,#1878,.T.);
#1876 = VERTEX_POINT('',#1877);
#1877 = CARTESIAN_POINT('',(-1.1557E+03,1.009787725305E+03,
    1.547449959576E+03));
#1878 = SURFACE_CURVE('',#1879,(#1884,#1891),.PCURVE_S1.);
#1879 = CIRCLE('',#1880,5.55625);
#1880 = AXIS2_PLACEMENT_3D('',#1881,#1882,#1883);
#1881 = CARTESIAN_POINT('',(-1.1557E+03,1.009787725305E+03,
    1.541893709576E+03));
#1882 = DIRECTION('',(1.,0.,-0.));
#1883 = DIRECTION('',(0.,0.,1.));
#1884 = PCURVE('',#1806,#1885);
#1885 = DEFINITIONAL_REPRESENTATION('',(#1886),#1890);
#1886 = CIRCLE('',#1887,5.55625);
#1887 = AXIS2_PLACEMENT_2D('',#1888,#1889);
#1888 = CARTESIAN_POINT('',(0.,0.));
#1889 = DIRECTION('',(1.,0.));
#1890 = ( GEOMETRIC_REPRESENTATION_CONTEXT(2) 
PARAMETRIC_REPRESENTATION_CONTEXT() REPRESENTATION_CONTEXT('2D SPACE',''
  ) );
#1891 = PCURVE('',#1892,#1897);
#1892 = CYLINDRICAL_SURFACE('',#1893,5.55625);
#1893 = AXIS2_PLACEMENT_3D('',#1894,#1895,#1896);
#1894 = CARTESIAN_POINT('',(-1.17475E+03,1.009787725305E+03,
    1.541893709576E+03));
#1895 = DIRECTION('',(1.,-0.,-0.));
#1896 = DIRECTION('',(0.,0.,1.));
#1897 = DEFINITIONAL_REPRESENTATION('',(#1898),#1902);
#1898 = LINE('',#1899,#1900);
#1899 = CARTESIAN_POINT('',(0.,19.05));
#1900 = VECTOR('',#1901,1.);
#1901 = DIRECTION('',(1.,0.));
#1902 = ( GEOMETRIC_REPRESENTATION_CONTEXT(2) 
PARAMETRIC_REPRESENTATION_CONTEXT() REPRESENTATION_CONTEXT('2D SPACE',''
  ) );
#1903 = ADVANCED_FACE('',(#1904,#1907),#1856,.F.);
#1904 = FACE_BOUND('',#1905,.F.);
#1905 = EDGE_LOOP('',(#1906));
#1906 = ORIENTED_EDGE('',*,*,#1841,.T.);
#1907 = FACE_BOUND('',#1908,.F.);
#1908 = EDGE_LOOP('',(#1909));
#1909 = ORIENTED_EDGE('',*,*,#1910,.F.);
#1910 = EDGE_CURVE('',#1911,#1911,#1913,.T.);
#1911 = VERTEX_POINT('',#1912);
#1912 = CARTESIAN_POINT('',(-1.17475E+03,1.009787725305E+03,
    1.547449959576E+03));
#1913 = SURFACE_CURVE('',#1914,(#1919,#1926),.PCURVE_S1.);
#1914 = CIRCLE('',#1915,5.55625);
#1915 = AXIS2_PLACEMENT_3D('',#1916,#1917,#1918);
#1916 = CARTESIAN_POINT('',(-1.17475E+03,1.009787725305E+03,
    1.541893709576E+03));
#1917 = DIRECTION('',(1.,0.,-0.));
#1918 = DIRECTION('',(0.,0.,1.));
#1919 = PCURVE('',#1856,#1920);
#1920 = DEFINITIONAL_REPRESENTATION('',(#1921),#1925);
#1921 = CIRCLE('',#1922,5.55625);
#1922 = AXIS2_PLACEMENT_2D('',#1923,#1924);
#1923 = CARTESIAN_POINT('',(0.,0.));
#1924 = DIRECTION('',(1.,0.));
#1925 = ( GEOMETRIC_REPRESENTATION_CONTEXT(2) 
PARAMETRIC_REPRESENTATION_CONTEXT() REPRESENTATION_CONTEXT('2D SPACE',''
  ) );
#1926 = PCURVE('',#1892,#1927);
#1927 = DEFINITIONAL_REPRESENTATION('',(#1928),#1932);
#1928 = LINE('',#1929,#1930);
#1929 = CARTESIAN_POINT('',(0.,0.));
#1930 = VECTOR('',#1931,1.);
#1931 = DIRECTION('',(1.,0.));
#1932 = ( GEOMETRIC_REPRESENTATION_CONTEXT(2) 
PARAMETRIC_REPRESENTATION_CONTEXT() REPRESENTATION_CONTEXT('2D SPACE',''
  ) );
#1933 = ADVANCED_FACE('',(#1934),#1892,.F.);
#1934 = FACE_BOUND('',#1935,.F.);
#1935 = EDGE_LOOP('',(#1936,#1937,#1958,#1959));
#1936 = ORIENTED_EDGE('',*,*,#1875,.F.);
#1937 = ORIENTED_EDGE('',*,*,#1938,.F.);
#1938 = EDGE_CURVE('',#1911,#1876,#1939,.T.);
#1939 = SEAM_CURVE('',#1940,(#1944,#1951),.PCURVE_S1.);
#1940 = LINE('',#1941,#1942);
#1941 = CARTESIAN_POINT('',(-1.17475E+03,1.009787725305E+03,
    1.547449959576E+03));
#1942 = VECTOR('',#1943,1.);
#1943 = DIRECTION('',(1.,0.,0.));
#1944 = PCURVE('',#1892,#1945);
#1945 = DEFINITIONAL_REPRESENTATION('',(#1946),#1950);
#1946 = LINE('',#1947,#1948);
#1947 = CARTESIAN_POINT('',(6.28318530718,-0.));
#1948 = VECTOR('',#1949,1.);
#1949 = DIRECTION('',(0.,1.));
#1950 = ( GEOMETRIC_REPRESENTATION_CONTEXT(2) 
PARAMETRIC_REPRESENTATION_CONTEXT() REPRESENTATION_CONTEXT('2D SPACE',''
  ) );
#1951 = PCURVE('',#1892,#1952);
#1952 = DEFINITIONAL_REPRESENTATION('',(#1953),#1957);
#1953 = LINE('',#1954,#1955);
#1954 = CARTESIAN_POINT('',(0.,-0.));
#1955 = VECTOR('',#1956,1.);
#1956 = DIRECTION('',(0.,1.));
#1957 = ( GEOMETRIC_REPRESENTATION_CONTEXT(2) 
PARAMETRIC_REPRESENTATION_CONTEXT() REPRESENTATION_CONTEXT('2D SPACE',''
  ) );
#1958 = ORIENTED_EDGE('',*,*,#1910,.T.);
#1959 = ORIENTED_EDGE('',*,*,#1938,.T.);
#1960 = ( GEOMETRIC_REPRESENTATION_CONTEXT(3) 
GLOBAL_UNCERTAINTY_ASSIGNED_CONTEXT((#1964)) 
GLOBAL_UNIT_ASSIGNED_CONTEXT((#1961,#1962,#1963)) REPRESENTATION_CONTEXT
('Context #1','3D Context with UNIT and UNCERTAINTY') );
#1961 = ( LENGTH_UNIT() NAMED_UNIT(*) SI_UNIT(.MILLI.,.METRE.) );
#1962 = ( NAMED_UNIT(*) PLANE_ANGLE_UNIT() SI_UNIT($,.RADIAN.) );
#1963 = ( NAMED_UNIT(*) SI_UNIT($,.STERADIAN.) SOLID_ANGLE_UNIT() );
#1964 = UNCERTAINTY_MEASURE_WITH_UNIT(LENGTH_MEASURE(1.E-07),#1961,
  'distance_accuracy_value','confusion accuracy');
#1965 = CONTEXT_DEPENDENT_SHAPE_REPRESENTATION(#1966,#1968);
#1966 = ( REPRESENTATION_RELATIONSHIP('','',#1777,#10) 
REPRESENTATION_RELATIONSHIP_WITH_TRANSFORMATION(#1967) 
SHAPE_REPRESENTATION_RELATIONSHIP() );
#1967 = ITEM_DEFINED_TRANSFORMATION('','',#11,#51);
#1968 = PRODUCT_DEFINITION_SHAPE('Placement','Placement of an item',
  #1969);
#1969 = NEXT_ASSEMBLY_USAGE_OCCURRENCE('10',
  'lumber_leg_bolt_left_2_spacer','',#5,#1772,$);
#1970 = PRODUCT_RELATED_PRODUCT_CATEGORY('part',$,(#1774));
#1971 = SHAPE_DEFINITION_REPRESENTATION(#1972,#1978);
#1972 = PRODUCT_DEFINITION_SHAPE('','',#1973);
#1973 = PRODUCT_DEFINITION('design','',#1974,#1977);
#1974 = PRODUCT_DEFINITION_FORMATION('','',#1975);
#1975 = PRODUCT('lumber_leg_bolt_left_2_head',
  'lumber_leg_bolt_left_2_head','',(#1976));
#1976 = PRODUCT_CONTEXT('',#2,'mechanical');
#1977 = PRODUCT_DEFINITION_CONTEXT('part definition',#2,'design');
#1978 = ADVANCED_BREP_SHAPE_REPRESENTATION('',(#11,#1979),#2077);
#1979 = MANIFOLD_SOLID_BREP('',#1980);
#1980 = CLOSED_SHELL('',(#1981,#2069,#2073));
#1981 = ADVANCED_FACE('',(#1982),#1995,.T.);
#1982 = FACE_BOUND('',#1983,.T.);
#1983 = EDGE_LOOP('',(#1984,#2018,#2041,#2068));
#1984 = ORIENTED_EDGE('',*,*,#1985,.F.);
#1985 = EDGE_CURVE('',#1986,#1986,#1988,.T.);
#1986 = VERTEX_POINT('',#1987);
#1987 = CARTESIAN_POINT('',(-1.2704572E+03,1.009787725305E+03,
    1.533638709576E+03));
#1988 = SURFACE_CURVE('',#1989,(#1994,#2006),.PCURVE_S1.);
#1989 = CIRCLE('',#1990,8.255);
#1990 = AXIS2_PLACEMENT_3D('',#1991,#1992,#1993);
#1991 = CARTESIAN_POINT('',(-1.2704572E+03,1.009787725305E+03,
    1.541893709576E+03));
#1992 = DIRECTION('',(-1.,0.,0.));
#1993 = DIRECTION('',(0.,0.,-1.));
#1994 = PCURVE('',#1995,#2000);
#1995 = CYLINDRICAL_SURFACE('',#1996,8.255);
#1996 = AXIS2_PLACEMENT_3D('',#1997,#1998,#1999);
#1997 = CARTESIAN_POINT('',(-1.26365E+03,1.009787725305E+03,
    1.541893709576E+03));
#1998 = DIRECTION('',(-1.,0.,0.));
#1999 = DIRECTION('',(0.,0.,-1.));
#2000 = DEFINITIONAL_REPRESENTATION('',(#2001),#2005);
#2001 = LINE('',#2002,#2003);
#2002 = CARTESIAN_POINT('',(0.,6.8072));
#2003 = VECTOR('',#2004,1.);
#2004 = DIRECTION('',(1.,0.));
#2005 = ( GEOMETRIC_REPRESENTATION_CONTEXT(2) 
PARAMETRIC_REPRESENTATION_CONTEXT() REPRESENTATION_CONTEXT('2D SPACE',''
  ) );
#2006 = PCURVE('',#2007,#2012);
#2007 = PLANE('',#2008);
#2008 = AXIS2_PLACEMENT_3D('',#2009,#2010,#2011);
#2009 = CARTESIAN_POINT('',(-1.2704572E+03,1.009787725305E+03,
    1.541893709576E+03));
#2010 = DIRECTION('',(-1.,0.,0.));
#2011 = DIRECTION('',(0.,0.,-1.));
#2012 = DEFINITIONAL_REPRESENTATION('',(#2013),#2017);
#2013 = CIRCLE('',#2014,8.255);
#2014 = AXIS2_PLACEMENT_2D('',#2015,#2016);
#2015 = CARTESIAN_POINT('',(0.,0.));
#2016 = DIRECTION('',(1.,0.));
#2017 = ( GEOMETRIC_REPRESENTATION_CONTEXT(2) 
PARAMETRIC_REPRESENTATION_CONTEXT() REPRESENTATION_CONTEXT('2D SPACE',''
  ) );
#2018 = ORIENTED_EDGE('',*,*,#2019,.F.);
#2019 = EDGE_CURVE('',#2020,#1986,#2022,.T.);
#2020 = VERTEX_POINT('',#2021);
#2021 = CARTESIAN_POINT('',(-1.26365E+03,1.009787725305E+03,
    1.533638709576E+03));
#2022 = SEAM_CURVE('',#2023,(#2027,#2034),.PCURVE_S1.);
#2023 = LINE('',#2024,#2025);
#2024 = CARTESIAN_POINT('',(-1.26365E+03,1.009787725305E+03,
    1.533638709576E+03));
#2025 = VECTOR('',#2026,1.);
#2026 = DIRECTION('',(-1.,0.,0.));
#2027 = PCURVE('',#1995,#2028);
#2028 = DEFINITIONAL_REPRESENTATION('',(#2029),#2033);
#2029 = LINE('',#2030,#2031);
#2030 = CARTESIAN_POINT('',(6.28318530718,-0.));
#2031 = VECTOR('',#2032,1.);
#2032 = DIRECTION('',(0.,1.));
#2033 = ( GEOMETRIC_REPRESENTATION_CONTEXT(2) 
PARAMETRIC_REPRESENTATION_CONTEXT() REPRESENTATION_CONTEXT('2D SPACE',''
  ) );
#2034 = PCURVE('',#1995,#2035);
#2035 = DEFINITIONAL_REPRESENTATION('',(#2036),#2040);
#2036 = LINE('',#2037,#2038);
#2037 = CARTESIAN_POINT('',(0.,-0.));
#2038 = VECTOR('',#2039,1.);
#2039 = DIRECTION('',(0.,1.));
#2040 = ( GEOMETRIC_REPRESENTATION_CONTEXT(2) 
PARAMETRIC_REPRESENTATION_CONTEXT() REPRESENTATION_CONTEXT('2D SPACE',''
  ) );
#2041 = ORIENTED_EDGE('',*,*,#2042,.T.);
#2042 = EDGE_CURVE('',#2020,#2020,#2043,.T.);
#2043 = SURFACE_CURVE('',#2044,(#2049,#2056),.PCURVE_S1.);
#2044 = CIRCLE('',#2045,8.255);
#2045 = AXIS2_PLACEMENT_3D('',#2046,#2047,#2048);
#2046 = CARTESIAN_POINT('',(-1.26365E+03,1.009787725305E+03,
    1.541893709576E+03));
#2047 = DIRECTION('',(-1.,0.,0.));
#2048 = DIRECTION('',(0.,0.,-1.));
#2049 = PCURVE('',#1995,#2050);
#2050 = DEFINITIONAL_REPRESENTATION('',(#2051),#2055);
#2051 = LINE('',#2052,#2053);
#2052 = CARTESIAN_POINT('',(0.,0.));
#2053 = VECTOR('',#2054,1.);
#2054 = DIRECTION('',(1.,0.));
#2055 = ( GEOMETRIC_REPRESENTATION_CONTEXT(2) 
PARAMETRIC_REPRESENTATION_CONTEXT() REPRESENTATION_CONTEXT('2D SPACE',''
  ) );
#2056 = PCURVE('',#2057,#2062);
#2057 = PLANE('',#2058);
#2058 = AXIS2_PLACEMENT_3D('',#2059,#2060,#2061);
#2059 = CARTESIAN_POINT('',(-1.26365E+03,1.009787725305E+03,
    1.541893709576E+03));
#2060 = DIRECTION('',(-1.,0.,0.));
#2061 = DIRECTION('',(0.,0.,-1.));
#2062 = DEFINITIONAL_REPRESENTATION('',(#2063),#2067);
#2063 = CIRCLE('',#2064,8.255);
#2064 = AXIS2_PLACEMENT_2D('',#2065,#2066);
#2065 = CARTESIAN_POINT('',(0.,0.));
#2066 = DIRECTION('',(1.,0.));
#2067 = ( GEOMETRIC_REPRESENTATION_CONTEXT(2) 
PARAMETRIC_REPRESENTATION_CONTEXT() REPRESENTATION_CONTEXT('2D SPACE',''
  ) );
#2068 = ORIENTED_EDGE('',*,*,#2019,.T.);
#2069 = ADVANCED_FACE('',(#2070),#2007,.T.);
#2070 = FACE_BOUND('',#2071,.T.);
#2071 = EDGE_LOOP('',(#2072));
#2072 = ORIENTED_EDGE('',*,*,#1985,.T.);
#2073 = ADVANCED_FACE('',(#2074),#2057,.F.);
#2074 = FACE_BOUND('',#2075,.T.);
#2075 = EDGE_LOOP('',(#2076));
#2076 = ORIENTED_EDGE('',*,*,#2042,.F.);
#2077 = ( GEOMETRIC_REPRESENTATION_CONTEXT(3) 
GLOBAL_UNCERTAINTY_ASSIGNED_CONTEXT((#2081)) 
GLOBAL_UNIT_ASSIGNED_CONTEXT((#2078,#2079,#2080)) REPRESENTATION_CONTEXT
('Context #1','3D Context with UNIT and UNCERTAINTY') );
#2078 = ( LENGTH_UNIT() NAMED_UNIT(*) SI_UNIT(.MILLI.,.METRE.) );
#2079 = ( NAMED_UNIT(*) PLANE_ANGLE_UNIT() SI_UNIT($,.RADIAN.) );
#2080 = ( NAMED_UNIT(*) SI_UNIT($,.STERADIAN.) SOLID_ANGLE_UNIT() );
#2081 = UNCERTAINTY_MEASURE_WITH_UNIT(LENGTH_MEASURE(1.E-07),#2078,
  'distance_accuracy_value','confusion accuracy');
#2082 = CONTEXT_DEPENDENT_SHAPE_REPRESENTATION(#2083,#2085);
#2083 = ( REPRESENTATION_RELATIONSHIP('','',#1978,#10) 
REPRESENTATION_RELATIONSHIP_WITH_TRANSFORMATION(#2084) 
SHAPE_REPRESENTATION_RELATIONSHIP() );
#2084 = ITEM_DEFINED_TRANSFORMATION('','',#11,#55);
#2085 = PRODUCT_DEFINITION_SHAPE('Placement','Placement of an item',
  #2086);
#2086 = NEXT_ASSEMBLY_USAGE_OCCURRENCE('11',
  'lumber_leg_bolt_left_2_head','',#5,#1973,$);
#2087 = PRODUCT_RELATED_PRODUCT_CATEGORY('part',$,(#1975));
#2088 = SHAPE_DEFINITION_REPRESENTATION(#2089,#2095);
#2089 = PRODUCT_DEFINITION_SHAPE('','',#2090);
#2090 = PRODUCT_DEFINITION('design','',#2091,#2094);
#2091 = PRODUCT_DEFINITION_FORMATION('','',#2092);
#2092 = PRODUCT('lumber_leg_bolt_left_2_nut',
  'lumber_leg_bolt_left_2_nut','',(#2093));
#2093 = PRODUCT_CONTEXT('',#2,'mechanical');
#2094 = PRODUCT_DEFINITION_CONTEXT('part definition',#2,'design');
#2095 = ADVANCED_BREP_SHAPE_REPRESENTATION('',(#11,#2096),#2278);
#2096 = MANIFOLD_SOLID_BREP('',#2097);
#2097 = CLOSED_SHELL('',(#2098,#2186,#2221,#2251));
#2098 = ADVANCED_FACE('',(#2099),#2112,.T.);
#2099 = FACE_BOUND('',#2100,.T.);
#2100 = EDGE_LOOP('',(#2101,#2135,#2158,#2185));
#2101 = ORIENTED_EDGE('',*,*,#2102,.F.);
#2102 = EDGE_CURVE('',#2103,#2103,#2105,.T.);
#2103 = VERTEX_POINT('',#2104);
#2104 = CARTESIAN_POINT('',(-1.1471402E+03,1.009787725305E+03,
    1.550148709576E+03));
#2105 = SURFACE_CURVE('',#2106,(#2111,#2123),.PCURVE_S1.);
#2106 = CIRCLE('',#2107,8.255);
#2107 = AXIS2_PLACEMENT_3D('',#2108,#2109,#2110);
#2108 = CARTESIAN_POINT('',(-1.1471402E+03,1.009787725305E+03,
    1.541893709576E+03));
#2109 = DIRECTION('',(1.,0.,-0.));
#2110 = DIRECTION('',(0.,0.,1.));
#2111 = PCURVE('',#2112,#2117);
#2112 = CYLINDRICAL_SURFACE('',#2113,8.255);
#2113 = AXIS2_PLACEMENT_3D('',#2114,#2115,#2116);
#2114 = CARTESIAN_POINT('',(-1.1557E+03,1.009787725305E+03,
    1.541893709576E+03));
#2115 = DIRECTION('',(1.,-0.,-0.));
#2116 = DIRECTION('',(0.,0.,1.));
#2117 = DEFINITIONAL_REPRESENTATION('',(#2118),#2122);
#2118 = LINE('',#2119,#2120);
#2119 = CARTESIAN_POINT('',(0.,8.5598));
#2120 = VECTOR('',#2121,1.);
#2121 = DIRECTION('',(1.,0.));
#2122 = ( GEOMETRIC_REPRESENTATION_CONTEXT(2) 
PARAMETRIC_REPRESENTATION_CONTEXT() REPRESENTATION_CONTEXT('2D SPACE',''
  ) );
#2123 = PCURVE('',#2124,#2129);
#2124 = PLANE('',#2125);
#2125 = AXIS2_PLACEMENT_3D('',#2126,#2127,#2128);
#2126 = CARTESIAN_POINT('',(-1.1471402E+03,1.009787725305E+03,
    1.541893709576E+03));
#2127 = DIRECTION('',(1.,-0.,-0.));
#2128 = DIRECTION('',(0.,0.,1.));
#2129 = DEFINITIONAL_REPRESENTATION('',(#2130),#2134);
#2130 = CIRCLE('',#2131,8.255);
#2131 = AXIS2_PLACEMENT_2D('',#2132,#2133);
#2132 = CARTESIAN_POINT('',(0.,0.));
#2133 = DIRECTION('',(1.,0.));
#2134 = ( GEOMETRIC_REPRESENTATION_CONTEXT(2) 
PARAMETRIC_REPRESENTATION_CONTEXT() REPRESENTATION_CONTEXT('2D SPACE',''
  ) );
#2135 = ORIENTED_EDGE('',*,*,#2136,.F.);
#2136 = EDGE_CURVE('',#2137,#2103,#2139,.T.);
#2137 = VERTEX_POINT('',#2138);
#2138 = CARTESIAN_POINT('',(-1.1557E+03,1.009787725305E+03,
    1.550148709576E+03));
#2139 = SEAM_CURVE('',#2140,(#2144,#2151),.PCURVE_S1.);
#2140 = LINE('',#2141,#2142);
#2141 = CARTESIAN_POINT('',(-1.1557E+03,1.009787725305E+03,
    1.550148709576E+03));
#2142 = VECTOR('',#2143,1.);
#2143 = DIRECTION('',(1.,0.,0.));
#2144 = PCURVE('',#2112,#2145);
#2145 = DEFINITIONAL_REPRESENTATION('',(#2146),#2150);
#2146 = LINE('',#2147,#2148);
#2147 = CARTESIAN_POINT('',(6.28318530718,-0.));
#2148 = VECTOR('',#2149,1.);
#2149 = DIRECTION('',(0.,1.));
#2150 = ( GEOMETRIC_REPRESENTATION_CONTEXT(2) 
PARAMETRIC_REPRESENTATION_CONTEXT() REPRESENTATION_CONTEXT('2D SPACE',''
  ) );
#2151 = PCURVE('',#2112,#2152);
#2152 = DEFINITIONAL_REPRESENTATION('',(#2153),#2157);
#2153 = LINE('',#2154,#2155);
#2154 = CARTESIAN_POINT('',(0.,-0.));
#2155 = VECTOR('',#2156,1.);
#2156 = DIRECTION('',(0.,1.));
#2157 = ( GEOMETRIC_REPRESENTATION_CONTEXT(2) 
PARAMETRIC_REPRESENTATION_CONTEXT() REPRESENTATION_CONTEXT('2D SPACE',''
  ) );
#2158 = ORIENTED_EDGE('',*,*,#2159,.T.);
#2159 = EDGE_CURVE('',#2137,#2137,#2160,.T.);
#2160 = SURFACE_CURVE('',#2161,(#2166,#2173),.PCURVE_S1.);
#2161 = CIRCLE('',#2162,8.255);
#2162 = AXIS2_PLACEMENT_3D('',#2163,#2164,#2165);
#2163 = CARTESIAN_POINT('',(-1.1557E+03,1.009787725305E+03,
    1.541893709576E+03));
#2164 = DIRECTION('',(1.,0.,-0.));
#2165 = DIRECTION('',(0.,0.,1.));
#2166 = PCURVE('',#2112,#2167);
#2167 = DEFINITIONAL_REPRESENTATION('',(#2168),#2172);
#2168 = LINE('',#2169,#2170);
#2169 = CARTESIAN_POINT('',(0.,0.));
#2170 = VECTOR('',#2171,1.);
#2171 = DIRECTION('',(1.,0.));
#2172 = ( GEOMETRIC_REPRESENTATION_CONTEXT(2) 
PARAMETRIC_REPRESENTATION_CONTEXT() REPRESENTATION_CONTEXT('2D SPACE',''
  ) );
#2173 = PCURVE('',#2174,#2179);
#2174 = PLANE('',#2175);
#2175 = AXIS2_PLACEMENT_3D('',#2176,#2177,#2178);
#2176 = CARTESIAN_POINT('',(-1.1557E+03,1.009787725305E+03,
    1.541893709576E+03));
#2177 = DIRECTION('',(1.,-0.,-0.));
#2178 = DIRECTION('',(0.,0.,1.));
#2179 = DEFINITIONAL_REPRESENTATION('',(#2180),#2184);
#2180 = CIRCLE('',#2181,8.255);
#2181 = AXIS2_PLACEMENT_2D('',#2182,#2183);
#2182 = CARTESIAN_POINT('',(0.,0.));
#2183 = DIRECTION('',(1.,0.));
#2184 = ( GEOMETRIC_REPRESENTATION_CONTEXT(2) 
PARAMETRIC_REPRESENTATION_CONTEXT() REPRESENTATION_CONTEXT('2D SPACE',''
  ) );
#2185 = ORIENTED_EDGE('',*,*,#2136,.T.);
#2186 = ADVANCED_FACE('',(#2187,#2190),#2124,.T.);
#2187 = FACE_BOUND('',#2188,.T.);
#2188 = EDGE_LOOP('',(#2189));
#2189 = ORIENTED_EDGE('',*,*,#2102,.T.);
#2190 = FACE_BOUND('',#2191,.T.);
#2191 = EDGE_LOOP('',(#2192));
#2192 = ORIENTED_EDGE('',*,*,#2193,.F.);
#2193 = EDGE_CURVE('',#2194,#2194,#2196,.T.);
#2194 = VERTEX_POINT('',#2195);
#2195 = CARTESIAN_POINT('',(-1.1471402E+03,1.009787725305E+03,
    1.546821309576E+03));
#2196 = SURFACE_CURVE('',#2197,(#2202,#2209),.PCURVE_S1.);
#2197 = CIRCLE('',#2198,4.9276);
#2198 = AXIS2_PLACEMENT_3D('',#2199,#2200,#2201);
#2199 = CARTESIAN_POINT('',(-1.1471402E+03,1.009787725305E+03,
    1.541893709576E+03));
#2200 = DIRECTION('',(1.,0.,-0.));
#2201 = DIRECTION('',(0.,0.,1.));
#2202 = PCURVE('',#2124,#2203);
#2203 = DEFINITIONAL_REPRESENTATION('',(#2204),#2208);
#2204 = CIRCLE('',#2205,4.9276);
#2205 = AXIS2_PLACEMENT_2D('',#2206,#2207);
#2206 = CARTESIAN_POINT('',(0.,0.));
#2207 = DIRECTION('',(1.,0.));
#2208 = ( GEOMETRIC_REPRESENTATION_CONTEXT(2) 
PARAMETRIC_REPRESENTATION_CONTEXT() REPRESENTATION_CONTEXT('2D SPACE',''
  ) );
#2209 = PCURVE('',#2210,#2215);
#2210 = CYLINDRICAL_SURFACE('',#2211,4.9276);
#2211 = AXIS2_PLACEMENT_3D('',#2212,#2213,#2214);
#2212 = CARTESIAN_POINT('',(-1.1557E+03,1.009787725305E+03,
    1.541893709576E+03));
#2213 = DIRECTION('',(1.,-0.,-0.));
#2214 = DIRECTION('',(0.,0.,1.));
#2215 = DEFINITIONAL_REPRESENTATION('',(#2216),#2220);
#2216 = LINE('',#2217,#2218);
#2217 = CARTESIAN_POINT('',(0.,8.5598));
#2218 = VECTOR('',#2219,1.);
#2219 = DIRECTION('',(1.,0.));
#2220 = ( GEOMETRIC_REPRESENTATION_CONTEXT(2) 
PARAMETRIC_REPRESENTATION_CONTEXT() REPRESENTATION_CONTEXT('2D SPACE',''
  ) );
#2221 = ADVANCED_FACE('',(#2222,#2225),#2174,.F.);
#2222 = FACE_BOUND('',#2223,.F.);
#2223 = EDGE_LOOP('',(#2224));
#2224 = ORIENTED_EDGE('',*,*,#2159,.T.);
#2225 = FACE_BOUND('',#2226,.F.);
#2226 = EDGE_LOOP('',(#2227));
#2227 = ORIENTED_EDGE('',*,*,#2228,.F.);
#2228 = EDGE_CURVE('',#2229,#2229,#2231,.T.);
#2229 = VERTEX_POINT('',#2230);
#2230 = CARTESIAN_POINT('',(-1.1557E+03,1.009787725305E+03,
    1.546821309576E+03));
#2231 = SURFACE_CURVE('',#2232,(#2237,#2244),.PCURVE_S1.);
#2232 = CIRCLE('',#2233,4.9276);
#2233 = AXIS2_PLACEMENT_3D('',#2234,#2235,#2236);
#2234 = CARTESIAN_POINT('',(-1.1557E+03,1.009787725305E+03,
    1.541893709576E+03));
#2235 = DIRECTION('',(1.,0.,-0.));
#2236 = DIRECTION('',(0.,0.,1.));
#2237 = PCURVE('',#2174,#2238);
#2238 = DEFINITIONAL_REPRESENTATION('',(#2239),#2243);
#2239 = CIRCLE('',#2240,4.9276);
#2240 = AXIS2_PLACEMENT_2D('',#2241,#2242);
#2241 = CARTESIAN_POINT('',(0.,0.));
#2242 = DIRECTION('',(1.,0.));
#2243 = ( GEOMETRIC_REPRESENTATION_CONTEXT(2) 
PARAMETRIC_REPRESENTATION_CONTEXT() REPRESENTATION_CONTEXT('2D SPACE',''
  ) );
#2244 = PCURVE('',#2210,#2245);
#2245 = DEFINITIONAL_REPRESENTATION('',(#2246),#2250);
#2246 = LINE('',#2247,#2248);
#2247 = CARTESIAN_POINT('',(0.,0.));
#2248 = VECTOR('',#2249,1.);
#2249 = DIRECTION('',(1.,0.));
#2250 = ( GEOMETRIC_REPRESENTATION_CONTEXT(2) 
PARAMETRIC_REPRESENTATION_CONTEXT() REPRESENTATION_CONTEXT('2D SPACE',''
  ) );
#2251 = ADVANCED_FACE('',(#2252),#2210,.F.);
#2252 = FACE_BOUND('',#2253,.F.);
#2253 = EDGE_LOOP('',(#2254,#2255,#2276,#2277));
#2254 = ORIENTED_EDGE('',*,*,#2193,.F.);
#2255 = ORIENTED_EDGE('',*,*,#2256,.F.);
#2256 = EDGE_CURVE('',#2229,#2194,#2257,.T.);
#2257 = SEAM_CURVE('',#2258,(#2262,#2269),.PCURVE_S1.);
#2258 = LINE('',#2259,#2260);
#2259 = CARTESIAN_POINT('',(-1.1557E+03,1.009787725305E+03,
    1.546821309576E+03));
#2260 = VECTOR('',#2261,1.);
#2261 = DIRECTION('',(1.,0.,0.));
#2262 = PCURVE('',#2210,#2263);
#2263 = DEFINITIONAL_REPRESENTATION('',(#2264),#2268);
#2264 = LINE('',#2265,#2266);
#2265 = CARTESIAN_POINT('',(6.28318530718,-0.));
#2266 = VECTOR('',#2267,1.);
#2267 = DIRECTION('',(0.,1.));
#2268 = ( GEOMETRIC_REPRESENTATION_CONTEXT(2) 
PARAMETRIC_REPRESENTATION_CONTEXT() REPRESENTATION_CONTEXT('2D SPACE',''
  ) );
#2269 = PCURVE('',#2210,#2270);
#2270 = DEFINITIONAL_REPRESENTATION('',(#2271),#2275);
#2271 = LINE('',#2272,#2273);
#2272 = CARTESIAN_POINT('',(0.,-0.));
#2273 = VECTOR('',#2274,1.);
#2274 = DIRECTION('',(0.,1.));
#2275 = ( GEOMETRIC_REPRESENTATION_CONTEXT(2) 
PARAMETRIC_REPRESENTATION_CONTEXT() REPRESENTATION_CONTEXT('2D SPACE',''
  ) );
#2276 = ORIENTED_EDGE('',*,*,#2228,.T.);
#2277 = ORIENTED_EDGE('',*,*,#2256,.T.);
#2278 = ( GEOMETRIC_REPRESENTATION_CONTEXT(3) 
GLOBAL_UNCERTAINTY_ASSIGNED_CONTEXT((#2282)) 
GLOBAL_UNIT_ASSIGNED_CONTEXT((#2279,#2280,#2281)) REPRESENTATION_CONTEXT
('Context #1','3D Context with UNIT and UNCERTAINTY') );
#2279 = ( LENGTH_UNIT() NAMED_UNIT(*) SI_UNIT(.MILLI.,.METRE.) );
#2280 = ( NAMED_UNIT(*) PLANE_ANGLE_UNIT() SI_UNIT($,.RADIAN.) );
#2281 = ( NAMED_UNIT(*) SI_UNIT($,.STERADIAN.) SOLID_ANGLE_UNIT() );
#2282 = UNCERTAINTY_MEASURE_WITH_UNIT(LENGTH_MEASURE(1.E-07),#2279,
  'distance_accuracy_value','confusion accuracy');
#2283 = CONTEXT_DEPENDENT_SHAPE_REPRESENTATION(#2284,#2286);
#2284 = ( REPRESENTATION_RELATIONSHIP('','',#2095,#10) 
REPRESENTATION_RELATIONSHIP_WITH_TRANSFORMATION(#2285) 
SHAPE_REPRESENTATION_RELATIONSHIP() );
#2285 = ITEM_DEFINED_TRANSFORMATION('','',#11,#59);
#2286 = PRODUCT_DEFINITION_SHAPE('Placement','Placement of an item',
  #2287);
#2287 = NEXT_ASSEMBLY_USAGE_OCCURRENCE('12','lumber_leg_bolt_left_2_nut'
  ,'',#5,#2090,$);
#2288 = PRODUCT_RELATED_PRODUCT_CATEGORY('part',$,(#2092));
#2289 = SHAPE_DEFINITION_REPRESENTATION(#2290,#2296);
#2290 = PRODUCT_DEFINITION_SHAPE('','',#2291);
#2291 = PRODUCT_DEFINITION('design','',#2292,#2295);
#2292 = PRODUCT_DEFINITION_FORMATION('','',#2293);
#2293 = PRODUCT('lumber_leg_bolt_left_3_shaft',
  'lumber_leg_bolt_left_3_shaft','',(#2294));
#2294 = PRODUCT_CONTEXT('',#2,'mechanical');
#2295 = PRODUCT_DEFINITION_CONTEXT('part definition',#2,'design');
#2296 = ADVANCED_BREP_SHAPE_REPRESENTATION('',(#11,#2297),#2395);
#2297 = MANIFOLD_SOLID_BREP('',#2298);
#2298 = CLOSED_SHELL('',(#2299,#2387,#2391));
#2299 = ADVANCED_FACE('',(#2300),#2313,.T.);
#2300 = FACE_BOUND('',#2301,.T.);
#2301 = EDGE_LOOP('',(#2302,#2336,#2359,#2386));
#2302 = ORIENTED_EDGE('',*,*,#2303,.F.);
#2303 = EDGE_CURVE('',#2304,#2304,#2306,.T.);
#2304 = VERTEX_POINT('',#2305);
#2305 = CARTESIAN_POINT('',(-1.13665E+03,959.43732276569,
    1.576108721801E+03));
#2306 = SURFACE_CURVE('',#2307,(#2312,#2324),.PCURVE_S1.);
#2307 = CIRCLE('',#2308,4.9276);
#2308 = AXIS2_PLACEMENT_3D('',#2309,#2310,#2311);
#2309 = CARTESIAN_POINT('',(-1.13665E+03,959.43732276569,
    1.571181121801E+03));
#2310 = DIRECTION('',(1.,0.,-0.));
#2311 = DIRECTION('',(0.,0.,1.));
#2312 = PCURVE('',#2313,#2318);
#2313 = CYLINDRICAL_SURFACE('',#2314,4.9276);
#2314 = AXIS2_PLACEMENT_3D('',#2315,#2316,#2317);
#2315 = CARTESIAN_POINT('',(-1.26365E+03,959.43732276569,
    1.571181121801E+03));
#2316 = DIRECTION('',(1.,-0.,-0.));
#2317 = DIRECTION('',(0.,0.,1.));
#2318 = DEFINITIONAL_REPRESENTATION('',(#2319),#2323);
#2319 = LINE('',#2320,#2321);
#2320 = CARTESIAN_POINT('',(0.,127.));
#2321 = VECTOR('',#2322,1.);
#2322 = DIRECTION('',(1.,0.));
#2323 = ( GEOMETRIC_REPRESENTATION_CONTEXT(2) 
PARAMETRIC_REPRESENTATION_CONTEXT() REPRESENTATION_CONTEXT('2D SPACE',''
  ) );
#2324 = PCURVE('',#2325,#2330);
#2325 = PLANE('',#2326);
#2326 = AXIS2_PLACEMENT_3D('',#2327,#2328,#2329);
#2327 = CARTESIAN_POINT('',(-1.13665E+03,959.43732276569,
    1.571181121801E+03));
#2328 = DIRECTION('',(1.,-0.,-0.));
#2329 = DIRECTION('',(0.,0.,1.));
#2330 = DEFINITIONAL_REPRESENTATION('',(#2331),#2335);
#2331 = CIRCLE('',#2332,4.9276);
#2332 = AXIS2_PLACEMENT_2D('',#2333,#2334);
#2333 = CARTESIAN_POINT('',(0.,0.));
#2334 = DIRECTION('',(1.,0.));
#2335 = ( GEOMETRIC_REPRESENTATION_CONTEXT(2) 
PARAMETRIC_REPRESENTATION_CONTEXT() REPRESENTATION_CONTEXT('2D SPACE',''
  ) );
#2336 = ORIENTED_EDGE('',*,*,#2337,.F.);
#2337 = EDGE_CURVE('',#2338,#2304,#2340,.T.);
#2338 = VERTEX_POINT('',#2339);
#2339 = CARTESIAN_POINT('',(-1.26365E+03,959.43732276569,
    1.576108721801E+03));
#2340 = SEAM_CURVE('',#2341,(#2345,#2352),.PCURVE_S1.);
#2341 = LINE('',#2342,#2343);
#2342 = CARTESIAN_POINT('',(-1.26365E+03,959.43732276569,
    1.576108721801E+03));
#2343 = VECTOR('',#2344,1.);
#2344 = DIRECTION('',(1.,0.,0.));
#2345 = PCURVE('',#2313,#2346);
#2346 = DEFINITIONAL_REPRESENTATION('',(#2347),#2351);
#2347 = LINE('',#2348,#2349);
#2348 = CARTESIAN_POINT('',(6.28318530718,-0.));
#2349 = VECTOR('',#2350,1.);
#2350 = DIRECTION('',(0.,1.));
#2351 = ( GEOMETRIC_REPRESENTATION_CONTEXT(2) 
PARAMETRIC_REPRESENTATION_CONTEXT() REPRESENTATION_CONTEXT('2D SPACE',''
  ) );
#2352 = PCURVE('',#2313,#2353);
#2353 = DEFINITIONAL_REPRESENTATION('',(#2354),#2358);
#2354 = LINE('',#2355,#2356);
#2355 = CARTESIAN_POINT('',(0.,-0.));
#2356 = VECTOR('',#2357,1.);
#2357 = DIRECTION('',(0.,1.));
#2358 = ( GEOMETRIC_REPRESENTATION_CONTEXT(2) 
PARAMETRIC_REPRESENTATION_CONTEXT() REPRESENTATION_CONTEXT('2D SPACE',''
  ) );
#2359 = ORIENTED_EDGE('',*,*,#2360,.T.);
#2360 = EDGE_CURVE('',#2338,#2338,#2361,.T.);
#2361 = SURFACE_CURVE('',#2362,(#2367,#2374),.PCURVE_S1.);
#2362 = CIRCLE('',#2363,4.9276);
#2363 = AXIS2_PLACEMENT_3D('',#2364,#2365,#2366);
#2364 = CARTESIAN_POINT('',(-1.26365E+03,959.43732276569,
    1.571181121801E+03));
#2365 = DIRECTION('',(1.,0.,-0.));
#2366 = DIRECTION('',(0.,0.,1.));
#2367 = PCURVE('',#2313,#2368);
#2368 = DEFINITIONAL_REPRESENTATION('',(#2369),#2373);
#2369 = LINE('',#2370,#2371);
#2370 = CARTESIAN_POINT('',(0.,0.));
#2371 = VECTOR('',#2372,1.);
#2372 = DIRECTION('',(1.,0.));
#2373 = ( GEOMETRIC_REPRESENTATION_CONTEXT(2) 
PARAMETRIC_REPRESENTATION_CONTEXT() REPRESENTATION_CONTEXT('2D SPACE',''
  ) );
#2374 = PCURVE('',#2375,#2380);
#2375 = PLANE('',#2376);
#2376 = AXIS2_PLACEMENT_3D('',#2377,#2378,#2379);
#2377 = CARTESIAN_POINT('',(-1.26365E+03,959.43732276569,
    1.571181121801E+03));
#2378 = DIRECTION('',(1.,-0.,-0.));
#2379 = DIRECTION('',(0.,0.,1.));
#2380 = DEFINITIONAL_REPRESENTATION('',(#2381),#2385);
#2381 = CIRCLE('',#2382,4.9276);
#2382 = AXIS2_PLACEMENT_2D('',#2383,#2384);
#2383 = CARTESIAN_POINT('',(0.,0.));
#2384 = DIRECTION('',(1.,0.));
#2385 = ( GEOMETRIC_REPRESENTATION_CONTEXT(2) 
PARAMETRIC_REPRESENTATION_CONTEXT() REPRESENTATION_CONTEXT('2D SPACE',''
  ) );
#2386 = ORIENTED_EDGE('',*,*,#2337,.T.);
#2387 = ADVANCED_FACE('',(#2388),#2325,.T.);
#2388 = FACE_BOUND('',#2389,.T.);
#2389 = EDGE_LOOP('',(#2390));
#2390 = ORIENTED_EDGE('',*,*,#2303,.T.);
#2391 = ADVANCED_FACE('',(#2392),#2375,.F.);
#2392 = FACE_BOUND('',#2393,.T.);
#2393 = EDGE_LOOP('',(#2394));
#2394 = ORIENTED_EDGE('',*,*,#2360,.F.);
#2395 = ( GEOMETRIC_REPRESENTATION_CONTEXT(3) 
GLOBAL_UNCERTAINTY_ASSIGNED_CONTEXT((#2399)) 
GLOBAL_UNIT_ASSIGNED_CONTEXT((#2396,#2397,#2398)) REPRESENTATION_CONTEXT
('Context #1','3D Context with UNIT and UNCERTAINTY') );
#2396 = ( LENGTH_UNIT() NAMED_UNIT(*) SI_UNIT(.MILLI.,.METRE.) );
#2397 = ( NAMED_UNIT(*) PLANE_ANGLE_UNIT() SI_UNIT($,.RADIAN.) );
#2398 = ( NAMED_UNIT(*) SI_UNIT($,.STERADIAN.) SOLID_ANGLE_UNIT() );
#2399 = UNCERTAINTY_MEASURE_WITH_UNIT(LENGTH_MEASURE(1.E-07),#2396,
  'distance_accuracy_value','confusion accuracy');
#2400 = CONTEXT_DEPENDENT_SHAPE_REPRESENTATION(#2401,#2403);
#2401 = ( REPRESENTATION_RELATIONSHIP('','',#2296,#10) 
REPRESENTATION_RELATIONSHIP_WITH_TRANSFORMATION(#2402) 
SHAPE_REPRESENTATION_RELATIONSHIP() );
#2402 = ITEM_DEFINED_TRANSFORMATION('','',#11,#63);
#2403 = PRODUCT_DEFINITION_SHAPE('Placement','Placement of an item',
  #2404);
#2404 = NEXT_ASSEMBLY_USAGE_OCCURRENCE('13',
  'lumber_leg_bolt_left_3_shaft','',#5,#2291,$);
#2405 = PRODUCT_RELATED_PRODUCT_CATEGORY('part',$,(#2293));
#2406 = SHAPE_DEFINITION_REPRESENTATION(#2407,#2413);
#2407 = PRODUCT_DEFINITION_SHAPE('','',#2408);
#2408 = PRODUCT_DEFINITION('design','',#2409,#2412);
#2409 = PRODUCT_DEFINITION_FORMATION('','',#2410);
#2410 = PRODUCT('lumber_leg_bolt_left_3_head_plate',
  'lumber_leg_bolt_left_3_head_plate','',(#2411));
#2411 = PRODUCT_CONTEXT('',#2,'mechanical');
#2412 = PRODUCT_DEFINITION_CONTEXT('part definition',#2,'design');
#2413 = ADVANCED_BREP_SHAPE_REPRESENTATION('',(#11,#2414),#2596);
#2414 = MANIFOLD_SOLID_BREP('',#2415);
#2415 = CLOSED_SHELL('',(#2416,#2504,#2539,#2569));
#2416 = ADVANCED_FACE('',(#2417),#2430,.T.);
#2417 = FACE_BOUND('',#2418,.T.);
#2418 = EDGE_LOOP('',(#2419,#2453,#2476,#2503));
#2419 = ORIENTED_EDGE('',*,*,#2420,.F.);
#2420 = EDGE_CURVE('',#2421,#2421,#2423,.T.);
#2421 = VERTEX_POINT('',#2422);
#2422 = CARTESIAN_POINT('',(-1.2573E+03,959.43732276569,
    1.590231121801E+03));
#2423 = SURFACE_CURVE('',#2424,(#2429,#2441),.PCURVE_S1.);
#2424 = CIRCLE('',#2425,19.05);
#2425 = AXIS2_PLACEMENT_3D('',#2426,#2427,#2428);
#2426 = CARTESIAN_POINT('',(-1.2573E+03,959.43732276569,
    1.571181121801E+03));
#2427 = DIRECTION('',(1.,0.,-0.));
#2428 = DIRECTION('',(0.,0.,1.));
#2429 = PCURVE('',#2430,#2435);
#2430 = CYLINDRICAL_SURFACE('',#2431,19.05);
#2431 = AXIS2_PLACEMENT_3D('',#2432,#2433,#2434);
#2432 = CARTESIAN_POINT('',(-1.26365E+03,959.43732276569,
    1.571181121801E+03));
#2433 = DIRECTION('',(1.,-0.,-0.));
#2434 = DIRECTION('',(0.,0.,1.));
#2435 = DEFINITIONAL_REPRESENTATION('',(#2436),#2440);
#2436 = LINE('',#2437,#2438);
#2437 = CARTESIAN_POINT('',(0.,6.35));
#2438 = VECTOR('',#2439,1.);
#2439 = DIRECTION('',(1.,0.));
#2440 = ( GEOMETRIC_REPRESENTATION_CONTEXT(2) 
PARAMETRIC_REPRESENTATION_CONTEXT() REPRESENTATION_CONTEXT('2D SPACE',''
  ) );
#2441 = PCURVE('',#2442,#2447);
#2442 = PLANE('',#2443);
#2443 = AXIS2_PLACEMENT_3D('',#2444,#2445,#2446);
#2444 = CARTESIAN_POINT('',(-1.2573E+03,959.43732276569,
    1.571181121801E+03));
#2445 = DIRECTION('',(1.,-0.,-0.));
#2446 = DIRECTION('',(0.,0.,1.));
#2447 = DEFINITIONAL_REPRESENTATION('',(#2448),#2452);
#2448 = CIRCLE('',#2449,19.05);
#2449 = AXIS2_PLACEMENT_2D('',#2450,#2451);
#2450 = CARTESIAN_POINT('',(0.,0.));
#2451 = DIRECTION('',(1.,0.));
#2452 = ( GEOMETRIC_REPRESENTATION_CONTEXT(2) 
PARAMETRIC_REPRESENTATION_CONTEXT() REPRESENTATION_CONTEXT('2D SPACE',''
  ) );
#2453 = ORIENTED_EDGE('',*,*,#2454,.F.);
#2454 = EDGE_CURVE('',#2455,#2421,#2457,.T.);
#2455 = VERTEX_POINT('',#2456);
#2456 = CARTESIAN_POINT('',(-1.26365E+03,959.43732276569,
    1.590231121801E+03));
#2457 = SEAM_CURVE('',#2458,(#2462,#2469),.PCURVE_S1.);
#2458 = LINE('',#2459,#2460);
#2459 = CARTESIAN_POINT('',(-1.26365E+03,959.43732276569,
    1.590231121801E+03));
#2460 = VECTOR('',#2461,1.);
#2461 = DIRECTION('',(1.,0.,0.));
#2462 = PCURVE('',#2430,#2463);
#2463 = DEFINITIONAL_REPRESENTATION('',(#2464),#2468);
#2464 = LINE('',#2465,#2466);
#2465 = CARTESIAN_POINT('',(6.28318530718,-0.));
#2466 = VECTOR('',#2467,1.);
#2467 = DIRECTION('',(0.,1.));
#2468 = ( GEOMETRIC_REPRESENTATION_CONTEXT(2) 
PARAMETRIC_REPRESENTATION_CONTEXT() REPRESENTATION_CONTEXT('2D SPACE',''
  ) );
#2469 = PCURVE('',#2430,#2470);
#2470 = DEFINITIONAL_REPRESENTATION('',(#2471),#2475);
#2471 = LINE('',#2472,#2473);
#2472 = CARTESIAN_POINT('',(0.,-0.));
#2473 = VECTOR('',#2474,1.);
#2474 = DIRECTION('',(0.,1.));
#2475 = ( GEOMETRIC_REPRESENTATION_CONTEXT(2) 
PARAMETRIC_REPRESENTATION_CONTEXT() REPRESENTATION_CONTEXT('2D SPACE',''
  ) );
#2476 = ORIENTED_EDGE('',*,*,#2477,.T.);
#2477 = EDGE_CURVE('',#2455,#2455,#2478,.T.);
#2478 = SURFACE_CURVE('',#2479,(#2484,#2491),.PCURVE_S1.);
#2479 = CIRCLE('',#2480,19.05);
#2480 = AXIS2_PLACEMENT_3D('',#2481,#2482,#2483);
#2481 = CARTESIAN_POINT('',(-1.26365E+03,959.43732276569,
    1.571181121801E+03));
#2482 = DIRECTION('',(1.,0.,-0.));
#2483 = DIRECTION('',(0.,0.,1.));
#2484 = PCURVE('',#2430,#2485);
#2485 = DEFINITIONAL_REPRESENTATION('',(#2486),#2490);
#2486 = LINE('',#2487,#2488);
#2487 = CARTESIAN_POINT('',(0.,0.));
#2488 = VECTOR('',#2489,1.);
#2489 = DIRECTION('',(1.,0.));
#2490 = ( GEOMETRIC_REPRESENTATION_CONTEXT(2) 
PARAMETRIC_REPRESENTATION_CONTEXT() REPRESENTATION_CONTEXT('2D SPACE',''
  ) );
#2491 = PCURVE('',#2492,#2497);
#2492 = PLANE('',#2493);
#2493 = AXIS2_PLACEMENT_3D('',#2494,#2495,#2496);
#2494 = CARTESIAN_POINT('',(-1.26365E+03,959.43732276569,
    1.571181121801E+03));
#2495 = DIRECTION('',(1.,-0.,-0.));
#2496 = DIRECTION('',(0.,0.,1.));
#2497 = DEFINITIONAL_REPRESENTATION('',(#2498),#2502);
#2498 = CIRCLE('',#2499,19.05);
#2499 = AXIS2_PLACEMENT_2D('',#2500,#2501);
#2500 = CARTESIAN_POINT('',(0.,0.));
#2501 = DIRECTION('',(1.,0.));
#2502 = ( GEOMETRIC_REPRESENTATION_CONTEXT(2) 
PARAMETRIC_REPRESENTATION_CONTEXT() REPRESENTATION_CONTEXT('2D SPACE',''
  ) );
#2503 = ORIENTED_EDGE('',*,*,#2454,.T.);
#2504 = ADVANCED_FACE('',(#2505,#2508),#2442,.T.);
#2505 = FACE_BOUND('',#2506,.T.);
#2506 = EDGE_LOOP('',(#2507));
#2507 = ORIENTED_EDGE('',*,*,#2420,.T.);
#2508 = FACE_BOUND('',#2509,.T.);
#2509 = EDGE_LOOP('',(#2510));
#2510 = ORIENTED_EDGE('',*,*,#2511,.F.);
#2511 = EDGE_CURVE('',#2512,#2512,#2514,.T.);
#2512 = VERTEX_POINT('',#2513);
#2513 = CARTESIAN_POINT('',(-1.2573E+03,959.43732276569,
    1.576737371801E+03));
#2514 = SURFACE_CURVE('',#2515,(#2520,#2527),.PCURVE_S1.);
#2515 = CIRCLE('',#2516,5.55625);
#2516 = AXIS2_PLACEMENT_3D('',#2517,#2518,#2519);
#2517 = CARTESIAN_POINT('',(-1.2573E+03,959.43732276569,
    1.571181121801E+03));
#2518 = DIRECTION('',(1.,0.,-0.));
#2519 = DIRECTION('',(0.,0.,1.));
#2520 = PCURVE('',#2442,#2521);
#2521 = DEFINITIONAL_REPRESENTATION('',(#2522),#2526);
#2522 = CIRCLE('',#2523,5.55625);
#2523 = AXIS2_PLACEMENT_2D('',#2524,#2525);
#2524 = CARTESIAN_POINT('',(0.,0.));
#2525 = DIRECTION('',(1.,0.));
#2526 = ( GEOMETRIC_REPRESENTATION_CONTEXT(2) 
PARAMETRIC_REPRESENTATION_CONTEXT() REPRESENTATION_CONTEXT('2D SPACE',''
  ) );
#2527 = PCURVE('',#2528,#2533);
#2528 = CYLINDRICAL_SURFACE('',#2529,5.55625);
#2529 = AXIS2_PLACEMENT_3D('',#2530,#2531,#2532);
#2530 = CARTESIAN_POINT('',(-1.26365E+03,959.43732276569,
    1.571181121801E+03));
#2531 = DIRECTION('',(1.,-0.,-0.));
#2532 = DIRECTION('',(0.,0.,1.));
#2533 = DEFINITIONAL_REPRESENTATION('',(#2534),#2538);
#2534 = LINE('',#2535,#2536);
#2535 = CARTESIAN_POINT('',(0.,6.35));
#2536 = VECTOR('',#2537,1.);
#2537 = DIRECTION('',(1.,0.));
#2538 = ( GEOMETRIC_REPRESENTATION_CONTEXT(2) 
PARAMETRIC_REPRESENTATION_CONTEXT() REPRESENTATION_CONTEXT('2D SPACE',''
  ) );
#2539 = ADVANCED_FACE('',(#2540,#2543),#2492,.F.);
#2540 = FACE_BOUND('',#2541,.F.);
#2541 = EDGE_LOOP('',(#2542));
#2542 = ORIENTED_EDGE('',*,*,#2477,.T.);
#2543 = FACE_BOUND('',#2544,.F.);
#2544 = EDGE_LOOP('',(#2545));
#2545 = ORIENTED_EDGE('',*,*,#2546,.F.);
#2546 = EDGE_CURVE('',#2547,#2547,#2549,.T.);
#2547 = VERTEX_POINT('',#2548);
#2548 = CARTESIAN_POINT('',(-1.26365E+03,959.43732276569,
    1.576737371801E+03));
#2549 = SURFACE_CURVE('',#2550,(#2555,#2562),.PCURVE_S1.);
#2550 = CIRCLE('',#2551,5.55625);
#2551 = AXIS2_PLACEMENT_3D('',#2552,#2553,#2554);
#2552 = CARTESIAN_POINT('',(-1.26365E+03,959.43732276569,
    1.571181121801E+03));
#2553 = DIRECTION('',(1.,0.,-0.));
#2554 = DIRECTION('',(0.,0.,1.));
#2555 = PCURVE('',#2492,#2556);
#2556 = DEFINITIONAL_REPRESENTATION('',(#2557),#2561);
#2557 = CIRCLE('',#2558,5.55625);
#2558 = AXIS2_PLACEMENT_2D('',#2559,#2560);
#2559 = CARTESIAN_POINT('',(0.,0.));
#2560 = DIRECTION('',(1.,0.));
#2561 = ( GEOMETRIC_REPRESENTATION_CONTEXT(2) 
PARAMETRIC_REPRESENTATION_CONTEXT() REPRESENTATION_CONTEXT('2D SPACE',''
  ) );
#2562 = PCURVE('',#2528,#2563);
#2563 = DEFINITIONAL_REPRESENTATION('',(#2564),#2568);
#2564 = LINE('',#2565,#2566);
#2565 = CARTESIAN_POINT('',(0.,0.));
#2566 = VECTOR('',#2567,1.);
#2567 = DIRECTION('',(1.,0.));
#2568 = ( GEOMETRIC_REPRESENTATION_CONTEXT(2) 
PARAMETRIC_REPRESENTATION_CONTEXT() REPRESENTATION_CONTEXT('2D SPACE',''
  ) );
#2569 = ADVANCED_FACE('',(#2570),#2528,.F.);
#2570 = FACE_BOUND('',#2571,.F.);
#2571 = EDGE_LOOP('',(#2572,#2573,#2594,#2595));
#2572 = ORIENTED_EDGE('',*,*,#2511,.F.);
#2573 = ORIENTED_EDGE('',*,*,#2574,.F.);
#2574 = EDGE_CURVE('',#2547,#2512,#2575,.T.);
#2575 = SEAM_CURVE('',#2576,(#2580,#2587),.PCURVE_S1.);
#2576 = LINE('',#2577,#2578);
#2577 = CARTESIAN_POINT('',(-1.26365E+03,959.43732276569,
    1.576737371801E+03));
#2578 = VECTOR('',#2579,1.);
#2579 = DIRECTION('',(1.,0.,0.));
#2580 = PCURVE('',#2528,#2581);
#2581 = DEFINITIONAL_REPRESENTATION('',(#2582),#2586);
#2582 = LINE('',#2583,#2584);
#2583 = CARTESIAN_POINT('',(6.28318530718,-0.));
#2584 = VECTOR('',#2585,1.);
#2585 = DIRECTION('',(0.,1.));
#2586 = ( GEOMETRIC_REPRESENTATION_CONTEXT(2) 
PARAMETRIC_REPRESENTATION_CONTEXT() REPRESENTATION_CONTEXT('2D SPACE',''
  ) );
#2587 = PCURVE('',#2528,#2588);
#2588 = DEFINITIONAL_REPRESENTATION('',(#2589),#2593);
#2589 = LINE('',#2590,#2591);
#2590 = CARTESIAN_POINT('',(0.,-0.));
#2591 = VECTOR('',#2592,1.);
#2592 = DIRECTION('',(0.,1.));
#2593 = ( GEOMETRIC_REPRESENTATION_CONTEXT(2) 
PARAMETRIC_REPRESENTATION_CONTEXT() REPRESENTATION_CONTEXT('2D SPACE',''
  ) );
#2594 = ORIENTED_EDGE('',*,*,#2546,.T.);
#2595 = ORIENTED_EDGE('',*,*,#2574,.T.);
#2596 = ( GEOMETRIC_REPRESENTATION_CONTEXT(3) 
GLOBAL_UNCERTAINTY_ASSIGNED_CONTEXT((#2600)) 
GLOBAL_UNIT_ASSIGNED_CONTEXT((#2597,#2598,#2599)) REPRESENTATION_CONTEXT
('Context #1','3D Context with UNIT and UNCERTAINTY') );
#2597 = ( LENGTH_UNIT() NAMED_UNIT(*) SI_UNIT(.MILLI.,.METRE.) );
#2598 = ( NAMED_UNIT(*) PLANE_ANGLE_UNIT() SI_UNIT($,.RADIAN.) );
#2599 = ( NAMED_UNIT(*) SI_UNIT($,.STERADIAN.) SOLID_ANGLE_UNIT() );
#2600 = UNCERTAINTY_MEASURE_WITH_UNIT(LENGTH_MEASURE(1.E-07),#2597,
  'distance_accuracy_value','confusion accuracy');
#2601 = CONTEXT_DEPENDENT_SHAPE_REPRESENTATION(#2602,#2604);
#2602 = ( REPRESENTATION_RELATIONSHIP('','',#2413,#10) 
REPRESENTATION_RELATIONSHIP_WITH_TRANSFORMATION(#2603) 
SHAPE_REPRESENTATION_RELATIONSHIP() );
#2603 = ITEM_DEFINED_TRANSFORMATION('','',#11,#67);
#2604 = PRODUCT_DEFINITION_SHAPE('Placement','Placement of an item',
  #2605);
#2605 = NEXT_ASSEMBLY_USAGE_OCCURRENCE('14',
  'lumber_leg_bolt_left_3_head_plate','',#5,#2408,$);
#2606 = PRODUCT_RELATED_PRODUCT_CATEGORY('part',$,(#2410));
#2607 = SHAPE_DEFINITION_REPRESENTATION(#2608,#2614);
#2608 = PRODUCT_DEFINITION_SHAPE('','',#2609);
#2609 = PRODUCT_DEFINITION('design','',#2610,#2613);
#2610 = PRODUCT_DEFINITION_FORMATION('','',#2611);
#2611 = PRODUCT('lumber_leg_bolt_left_3_nut_plate',
  'lumber_leg_bolt_left_3_nut_plate','',(#2612));
#2612 = PRODUCT_CONTEXT('',#2,'mechanical');
#2613 = PRODUCT_DEFINITION_CONTEXT('part definition',#2,'design');
#2614 = ADVANCED_BREP_SHAPE_REPRESENTATION('',(#11,#2615),#2797);
#2615 = MANIFOLD_SOLID_BREP('',#2616);
#2616 = CLOSED_SHELL('',(#2617,#2705,#2740,#2770));
#2617 = ADVANCED_FACE('',(#2618),#2631,.T.);
#2618 = FACE_BOUND('',#2619,.T.);
#2619 = EDGE_LOOP('',(#2620,#2654,#2677,#2704));
#2620 = ORIENTED_EDGE('',*,*,#2621,.F.);
#2621 = EDGE_CURVE('',#2622,#2622,#2624,.T.);
#2622 = VERTEX_POINT('',#2623);
#2623 = CARTESIAN_POINT('',(-1.17475E+03,959.43732276569,
    1.590231121801E+03));
#2624 = SURFACE_CURVE('',#2625,(#2630,#2642),.PCURVE_S1.);
#2625 = CIRCLE('',#2626,19.05);
#2626 = AXIS2_PLACEMENT_3D('',#2627,#2628,#2629);
#2627 = CARTESIAN_POINT('',(-1.17475E+03,959.43732276569,
    1.571181121801E+03));
#2628 = DIRECTION('',(1.,0.,-0.));
#2629 = DIRECTION('',(0.,0.,1.));
#2630 = PCURVE('',#2631,#2636);
#2631 = CYLINDRICAL_SURFACE('',#2632,19.05);
#2632 = AXIS2_PLACEMENT_3D('',#2633,#2634,#2635);
#2633 = CARTESIAN_POINT('',(-1.1811E+03,959.43732276569,
    1.571181121801E+03));
#2634 = DIRECTION('',(1.,-0.,-0.));
#2635 = DIRECTION('',(0.,0.,1.));
#2636 = DEFINITIONAL_REPRESENTATION('',(#2637),#2641);
#2637 = LINE('',#2638,#2639);
#2638 = CARTESIAN_POINT('',(0.,6.35));
#2639 = VECTOR('',#2640,1.);
#2640 = DIRECTION('',(1.,0.));
#2641 = ( GEOMETRIC_REPRESENTATION_CONTEXT(2) 
PARAMETRIC_REPRESENTATION_CONTEXT() REPRESENTATION_CONTEXT('2D SPACE',''
  ) );
#2642 = PCURVE('',#2643,#2648);
#2643 = PLANE('',#2644);
#2644 = AXIS2_PLACEMENT_3D('',#2645,#2646,#2647);
#2645 = CARTESIAN_POINT('',(-1.17475E+03,959.43732276569,
    1.571181121801E+03));
#2646 = DIRECTION('',(1.,-0.,-0.));
#2647 = DIRECTION('',(0.,0.,1.));
#2648 = DEFINITIONAL_REPRESENTATION('',(#2649),#2653);
#2649 = CIRCLE('',#2650,19.05);
#2650 = AXIS2_PLACEMENT_2D('',#2651,#2652);
#2651 = CARTESIAN_POINT('',(0.,0.));
#2652 = DIRECTION('',(1.,0.));
#2653 = ( GEOMETRIC_REPRESENTATION_CONTEXT(2) 
PARAMETRIC_REPRESENTATION_CONTEXT() REPRESENTATION_CONTEXT('2D SPACE',''
  ) );
#2654 = ORIENTED_EDGE('',*,*,#2655,.F.);
#2655 = EDGE_CURVE('',#2656,#2622,#2658,.T.);
#2656 = VERTEX_POINT('',#2657);
#2657 = CARTESIAN_POINT('',(-1.1811E+03,959.43732276569,
    1.590231121801E+03));
#2658 = SEAM_CURVE('',#2659,(#2663,#2670),.PCURVE_S1.);
#2659 = LINE('',#2660,#2661);
#2660 = CARTESIAN_POINT('',(-1.1811E+03,959.43732276569,
    1.590231121801E+03));
#2661 = VECTOR('',#2662,1.);
#2662 = DIRECTION('',(1.,0.,0.));
#2663 = PCURVE('',#2631,#2664);
#2664 = DEFINITIONAL_REPRESENTATION('',(#2665),#2669);
#2665 = LINE('',#2666,#2667);
#2666 = CARTESIAN_POINT('',(6.28318530718,-0.));
#2667 = VECTOR('',#2668,1.);
#2668 = DIRECTION('',(0.,1.));
#2669 = ( GEOMETRIC_REPRESENTATION_CONTEXT(2) 
PARAMETRIC_REPRESENTATION_CONTEXT() REPRESENTATION_CONTEXT('2D SPACE',''
  ) );
#2670 = PCURVE('',#2631,#2671);
#2671 = DEFINITIONAL_REPRESENTATION('',(#2672),#2676);
#2672 = LINE('',#2673,#2674);
#2673 = CARTESIAN_POINT('',(0.,-0.));
#2674 = VECTOR('',#2675,1.);
#2675 = DIRECTION('',(0.,1.));
#2676 = ( GEOMETRIC_REPRESENTATION_CONTEXT(2) 
PARAMETRIC_REPRESENTATION_CONTEXT() REPRESENTATION_CONTEXT('2D SPACE',''
  ) );
#2677 = ORIENTED_EDGE('',*,*,#2678,.T.);
#2678 = EDGE_CURVE('',#2656,#2656,#2679,.T.);
#2679 = SURFACE_CURVE('',#2680,(#2685,#2692),.PCURVE_S1.);
#2680 = CIRCLE('',#2681,19.05);
#2681 = AXIS2_PLACEMENT_3D('',#2682,#2683,#2684);
#2682 = CARTESIAN_POINT('',(-1.1811E+03,959.43732276569,
    1.571181121801E+03));
#2683 = DIRECTION('',(1.,0.,-0.));
#2684 = DIRECTION('',(0.,0.,1.));
#2685 = PCURVE('',#2631,#2686);
#2686 = DEFINITIONAL_REPRESENTATION('',(#2687),#2691);
#2687 = LINE('',#2688,#2689);
#2688 = CARTESIAN_POINT('',(0.,0.));
#2689 = VECTOR('',#2690,1.);
#2690 = DIRECTION('',(1.,0.));
#2691 = ( GEOMETRIC_REPRESENTATION_CONTEXT(2) 
PARAMETRIC_REPRESENTATION_CONTEXT() REPRESENTATION_CONTEXT('2D SPACE',''
  ) );
#2692 = PCURVE('',#2693,#2698);
#2693 = PLANE('',#2694);
#2694 = AXIS2_PLACEMENT_3D('',#2695,#2696,#2697);
#2695 = CARTESIAN_POINT('',(-1.1811E+03,959.43732276569,
    1.571181121801E+03));
#2696 = DIRECTION('',(1.,-0.,-0.));
#2697 = DIRECTION('',(0.,0.,1.));
#2698 = DEFINITIONAL_REPRESENTATION('',(#2699),#2703);
#2699 = CIRCLE('',#2700,19.05);
#2700 = AXIS2_PLACEMENT_2D('',#2701,#2702);
#2701 = CARTESIAN_POINT('',(0.,0.));
#2702 = DIRECTION('',(1.,0.));
#2703 = ( GEOMETRIC_REPRESENTATION_CONTEXT(2) 
PARAMETRIC_REPRESENTATION_CONTEXT() REPRESENTATION_CONTEXT('2D SPACE',''
  ) );
#2704 = ORIENTED_EDGE('',*,*,#2655,.T.);
#2705 = ADVANCED_FACE('',(#2706,#2709),#2643,.T.);
#2706 = FACE_BOUND('',#2707,.T.);
#2707 = EDGE_LOOP('',(#2708));
#2708 = ORIENTED_EDGE('',*,*,#2621,.T.);
#2709 = FACE_BOUND('',#2710,.T.);
#2710 = EDGE_LOOP('',(#2711));
#2711 = ORIENTED_EDGE('',*,*,#2712,.F.);
#2712 = EDGE_CURVE('',#2713,#2713,#2715,.T.);
#2713 = VERTEX_POINT('',#2714);
#2714 = CARTESIAN_POINT('',(-1.17475E+03,959.43732276569,
    1.576737371801E+03));
#2715 = SURFACE_CURVE('',#2716,(#2721,#2728),.PCURVE_S1.);
#2716 = CIRCLE('',#2717,5.55625);
#2717 = AXIS2_PLACEMENT_3D('',#2718,#2719,#2720);
#2718 = CARTESIAN_POINT('',(-1.17475E+03,959.43732276569,
    1.571181121801E+03));
#2719 = DIRECTION('',(1.,0.,-0.));
#2720 = DIRECTION('',(0.,0.,1.));
#2721 = PCURVE('',#2643,#2722);
#2722 = DEFINITIONAL_REPRESENTATION('',(#2723),#2727);
#2723 = CIRCLE('',#2724,5.55625);
#2724 = AXIS2_PLACEMENT_2D('',#2725,#2726);
#2725 = CARTESIAN_POINT('',(0.,0.));
#2726 = DIRECTION('',(1.,0.));
#2727 = ( GEOMETRIC_REPRESENTATION_CONTEXT(2) 
PARAMETRIC_REPRESENTATION_CONTEXT() REPRESENTATION_CONTEXT('2D SPACE',''
  ) );
#2728 = PCURVE('',#2729,#2734);
#2729 = CYLINDRICAL_SURFACE('',#2730,5.55625);
#2730 = AXIS2_PLACEMENT_3D('',#2731,#2732,#2733);
#2731 = CARTESIAN_POINT('',(-1.1811E+03,959.43732276569,
    1.571181121801E+03));
#2732 = DIRECTION('',(1.,-0.,-0.));
#2733 = DIRECTION('',(0.,0.,1.));
#2734 = DEFINITIONAL_REPRESENTATION('',(#2735),#2739);
#2735 = LINE('',#2736,#2737);
#2736 = CARTESIAN_POINT('',(0.,6.35));
#2737 = VECTOR('',#2738,1.);
#2738 = DIRECTION('',(1.,0.));
#2739 = ( GEOMETRIC_REPRESENTATION_CONTEXT(2) 
PARAMETRIC_REPRESENTATION_CONTEXT() REPRESENTATION_CONTEXT('2D SPACE',''
  ) );
#2740 = ADVANCED_FACE('',(#2741,#2744),#2693,.F.);
#2741 = FACE_BOUND('',#2742,.F.);
#2742 = EDGE_LOOP('',(#2743));
#2743 = ORIENTED_EDGE('',*,*,#2678,.T.);
#2744 = FACE_BOUND('',#2745,.F.);
#2745 = EDGE_LOOP('',(#2746));
#2746 = ORIENTED_EDGE('',*,*,#2747,.F.);
#2747 = EDGE_CURVE('',#2748,#2748,#2750,.T.);
#2748 = VERTEX_POINT('',#2749);
#2749 = CARTESIAN_POINT('',(-1.1811E+03,959.43732276569,
    1.576737371801E+03));
#2750 = SURFACE_CURVE('',#2751,(#2756,#2763),.PCURVE_S1.);
#2751 = CIRCLE('',#2752,5.55625);
#2752 = AXIS2_PLACEMENT_3D('',#2753,#2754,#2755);
#2753 = CARTESIAN_POINT('',(-1.1811E+03,959.43732276569,
    1.571181121801E+03));
#2754 = DIRECTION('',(1.,0.,-0.));
#2755 = DIRECTION('',(0.,0.,1.));
#2756 = PCURVE('',#2693,#2757);
#2757 = DEFINITIONAL_REPRESENTATION('',(#2758),#2762);
#2758 = CIRCLE('',#2759,5.55625);
#2759 = AXIS2_PLACEMENT_2D('',#2760,#2761);
#2760 = CARTESIAN_POINT('',(0.,0.));
#2761 = DIRECTION('',(1.,0.));
#2762 = ( GEOMETRIC_REPRESENTATION_CONTEXT(2) 
PARAMETRIC_REPRESENTATION_CONTEXT() REPRESENTATION_CONTEXT('2D SPACE',''
  ) );
#2763 = PCURVE('',#2729,#2764);
#2764 = DEFINITIONAL_REPRESENTATION('',(#2765),#2769);
#2765 = LINE('',#2766,#2767);
#2766 = CARTESIAN_POINT('',(0.,0.));
#2767 = VECTOR('',#2768,1.);
#2768 = DIRECTION('',(1.,0.));
#2769 = ( GEOMETRIC_REPRESENTATION_CONTEXT(2) 
PARAMETRIC_REPRESENTATION_CONTEXT() REPRESENTATION_CONTEXT('2D SPACE',''
  ) );
#2770 = ADVANCED_FACE('',(#2771),#2729,.F.);
#2771 = FACE_BOUND('',#2772,.F.);
#2772 = EDGE_LOOP('',(#2773,#2774,#2795,#2796));
#2773 = ORIENTED_EDGE('',*,*,#2712,.F.);
#2774 = ORIENTED_EDGE('',*,*,#2775,.F.);
#2775 = EDGE_CURVE('',#2748,#2713,#2776,.T.);
#2776 = SEAM_CURVE('',#2777,(#2781,#2788),.PCURVE_S1.);
#2777 = LINE('',#2778,#2779);
#2778 = CARTESIAN_POINT('',(-1.1811E+03,959.43732276569,
    1.576737371801E+03));
#2779 = VECTOR('',#2780,1.);
#2780 = DIRECTION('',(1.,0.,0.));
#2781 = PCURVE('',#2729,#2782);
#2782 = DEFINITIONAL_REPRESENTATION('',(#2783),#2787);
#2783 = LINE('',#2784,#2785);
#2784 = CARTESIAN_POINT('',(6.28318530718,-0.));
#2785 = VECTOR('',#2786,1.);
#2786 = DIRECTION('',(0.,1.));
#2787 = ( GEOMETRIC_REPRESENTATION_CONTEXT(2) 
PARAMETRIC_REPRESENTATION_CONTEXT() REPRESENTATION_CONTEXT('2D SPACE',''
  ) );
#2788 = PCURVE('',#2729,#2789);
#2789 = DEFINITIONAL_REPRESENTATION('',(#2790),#2794);
#2790 = LINE('',#2791,#2792);
#2791 = CARTESIAN_POINT('',(0.,-0.));
#2792 = VECTOR('',#2793,1.);
#2793 = DIRECTION('',(0.,1.));
#2794 = ( GEOMETRIC_REPRESENTATION_CONTEXT(2) 
PARAMETRIC_REPRESENTATION_CONTEXT() REPRESENTATION_CONTEXT('2D SPACE',''
  ) );
#2795 = ORIENTED_EDGE('',*,*,#2747,.T.);
#2796 = ORIENTED_EDGE('',*,*,#2775,.T.);
#2797 = ( GEOMETRIC_REPRESENTATION_CONTEXT(3) 
GLOBAL_UNCERTAINTY_ASSIGNED_CONTEXT((#2801)) 
GLOBAL_UNIT_ASSIGNED_CONTEXT((#2798,#2799,#2800)) REPRESENTATION_CONTEXT
('Context #1','3D Context with UNIT and UNCERTAINTY') );
#2798 = ( LENGTH_UNIT() NAMED_UNIT(*) SI_UNIT(.MILLI.,.METRE.) );
#2799 = ( NAMED_UNIT(*) PLANE_ANGLE_UNIT() SI_UNIT($,.RADIAN.) );
#2800 = ( NAMED_UNIT(*) SI_UNIT($,.STERADIAN.) SOLID_ANGLE_UNIT() );
#2801 = UNCERTAINTY_MEASURE_WITH_UNIT(LENGTH_MEASURE(1.E-07),#2798,
  'distance_accuracy_value','confusion accuracy');
#2802 = CONTEXT_DEPENDENT_SHAPE_REPRESENTATION(#2803,#2805);
#2803 = ( REPRESENTATION_RELATIONSHIP('','',#2614,#10) 
REPRESENTATION_RELATIONSHIP_WITH_TRANSFORMATION(#2804) 
SHAPE_REPRESENTATION_RELATIONSHIP() );
#2804 = ITEM_DEFINED_TRANSFORMATION('','',#11,#71);
#2805 = PRODUCT_DEFINITION_SHAPE('Placement','Placement of an item',
  #2806);
#2806 = NEXT_ASSEMBLY_USAGE_OCCURRENCE('15',
  'lumber_leg_bolt_left_3_nut_plate','',#5,#2609,$);
#2807 = PRODUCT_RELATED_PRODUCT_CATEGORY('part',$,(#2611));
#2808 = SHAPE_DEFINITION_REPRESENTATION(#2809,#2815);
#2809 = PRODUCT_DEFINITION_SHAPE('','',#2810);
#2810 = PRODUCT_DEFINITION('design','',#2811,#2814);
#2811 = PRODUCT_DEFINITION_FORMATION('','',#2812);
#2812 = PRODUCT('lumber_leg_bolt_left_3_spacer',
  'lumber_leg_bolt_left_3_spacer','',(#2813));
#2813 = PRODUCT_CONTEXT('',#2,'mechanical');
#2814 = PRODUCT_DEFINITION_CONTEXT('part definition',#2,'design');
#2815 = ADVANCED_BREP_SHAPE_REPRESENTATION('',(#11,#2816),#2998);
#2816 = MANIFOLD_SOLID_BREP('',#2817);
#2817 = CLOSED_SHELL('',(#2818,#2906,#2941,#2971));
#2818 = ADVANCED_FACE('',(#2819),#2832,.T.);
#2819 = FACE_BOUND('',#2820,.T.);
#2820 = EDGE_LOOP('',(#2821,#2855,#2878,#2905));
#2821 = ORIENTED_EDGE('',*,*,#2822,.F.);
#2822 = EDGE_CURVE('',#2823,#2823,#2825,.T.);
#2823 = VERTEX_POINT('',#2824);
#2824 = CARTESIAN_POINT('',(-1.1557E+03,959.43732276569,
    1.581181121801E+03));
#2825 = SURFACE_CURVE('',#2826,(#2831,#2843),.PCURVE_S1.);
#2826 = CIRCLE('',#2827,10.);
#2827 = AXIS2_PLACEMENT_3D('',#2828,#2829,#2830);
#2828 = CARTESIAN_POINT('',(-1.1557E+03,959.43732276569,
    1.571181121801E+03));
#2829 = DIRECTION('',(1.,0.,-0.));
#2830 = DIRECTION('',(0.,0.,1.));
#2831 = PCURVE('',#2832,#2837);
#2832 = CYLINDRICAL_SURFACE('',#2833,10.);
#2833 = AXIS2_PLACEMENT_3D('',#2834,#2835,#2836);
#2834 = CARTESIAN_POINT('',(-1.17475E+03,959.43732276569,
    1.571181121801E+03));
#2835 = DIRECTION('',(1.,-0.,-0.));
#2836 = DIRECTION('',(0.,0.,1.));
#2837 = DEFINITIONAL_REPRESENTATION('',(#2838),#2842);
#2838 = LINE('',#2839,#2840);
#2839 = CARTESIAN_POINT('',(0.,19.05));
#2840 = VECTOR('',#2841,1.);
#2841 = DIRECTION('',(1.,0.));
#2842 = ( GEOMETRIC_REPRESENTATION_CONTEXT(2) 
PARAMETRIC_REPRESENTATION_CONTEXT() REPRESENTATION_CONTEXT('2D SPACE',''
  ) );
#2843 = PCURVE('',#2844,#2849);
#2844 = PLANE('',#2845);
#2845 = AXIS2_PLACEMENT_3D('',#2846,#2847,#2848);
#2846 = CARTESIAN_POINT('',(-1.1557E+03,959.43732276569,
    1.571181121801E+03));
#2847 = DIRECTION('',(1.,-0.,-0.));
#2848 = DIRECTION('',(0.,0.,1.));
#2849 = DEFINITIONAL_REPRESENTATION('',(#2850),#2854);
#2850 = CIRCLE('',#2851,10.);
#2851 = AXIS2_PLACEMENT_2D('',#2852,#2853);
#2852 = CARTESIAN_POINT('',(0.,0.));
#2853 = DIRECTION('',(1.,0.));
#2854 = ( GEOMETRIC_REPRESENTATION_CONTEXT(2) 
PARAMETRIC_REPRESENTATION_CONTEXT() REPRESENTATION_CONTEXT('2D SPACE',''
  ) );
#2855 = ORIENTED_EDGE('',*,*,#2856,.F.);
#2856 = EDGE_CURVE('',#2857,#2823,#2859,.T.);
#2857 = VERTEX_POINT('',#2858);
#2858 = CARTESIAN_POINT('',(-1.17475E+03,959.43732276569,
    1.581181121801E+03));
#2859 = SEAM_CURVE('',#2860,(#2864,#2871),.PCURVE_S1.);
#2860 = LINE('',#2861,#2862);
#2861 = CARTESIAN_POINT('',(-1.17475E+03,959.43732276569,
    1.581181121801E+03));
#2862 = VECTOR('',#2863,1.);
#2863 = DIRECTION('',(1.,0.,0.));
#2864 = PCURVE('',#2832,#2865);
#2865 = DEFINITIONAL_REPRESENTATION('',(#2866),#2870);
#2866 = LINE('',#2867,#2868);
#2867 = CARTESIAN_POINT('',(6.28318530718,-0.));
#2868 = VECTOR('',#2869,1.);
#2869 = DIRECTION('',(0.,1.));
#2870 = ( GEOMETRIC_REPRESENTATION_CONTEXT(2) 
PARAMETRIC_REPRESENTATION_CONTEXT() REPRESENTATION_CONTEXT('2D SPACE',''
  ) );
#2871 = PCURVE('',#2832,#2872);
#2872 = DEFINITIONAL_REPRESENTATION('',(#2873),#2877);
#2873 = LINE('',#2874,#2875);
#2874 = CARTESIAN_POINT('',(0.,-0.));
#2875 = VECTOR('',#2876,1.);
#2876 = DIRECTION('',(0.,1.));
#2877 = ( GEOMETRIC_REPRESENTATION_CONTEXT(2) 
PARAMETRIC_REPRESENTATION_CONTEXT() REPRESENTATION_CONTEXT('2D SPACE',''
  ) );
#2878 = ORIENTED_EDGE('',*,*,#2879,.T.);
#2879 = EDGE_CURVE('',#2857,#2857,#2880,.T.);
#2880 = SURFACE_CURVE('',#2881,(#2886,#2893),.PCURVE_S1.);
#2881 = CIRCLE('',#2882,10.);
#2882 = AXIS2_PLACEMENT_3D('',#2883,#2884,#2885);
#2883 = CARTESIAN_POINT('',(-1.17475E+03,959.43732276569,
    1.571181121801E+03));
#2884 = DIRECTION('',(1.,0.,-0.));
#2885 = DIRECTION('',(0.,0.,1.));
#2886 = PCURVE('',#2832,#2887);
#2887 = DEFINITIONAL_REPRESENTATION('',(#2888),#2892);
#2888 = LINE('',#2889,#2890);
#2889 = CARTESIAN_POINT('',(0.,0.));
#2890 = VECTOR('',#2891,1.);
#2891 = DIRECTION('',(1.,0.));
#2892 = ( GEOMETRIC_REPRESENTATION_CONTEXT(2) 
PARAMETRIC_REPRESENTATION_CONTEXT() REPRESENTATION_CONTEXT('2D SPACE',''
  ) );
#2893 = PCURVE('',#2894,#2899);
#2894 = PLANE('',#2895);
#2895 = AXIS2_PLACEMENT_3D('',#2896,#2897,#2898);
#2896 = CARTESIAN_POINT('',(-1.17475E+03,959.43732276569,
    1.571181121801E+03));
#2897 = DIRECTION('',(1.,-0.,-0.));
#2898 = DIRECTION('',(0.,0.,1.));
#2899 = DEFINITIONAL_REPRESENTATION('',(#2900),#2904);
#2900 = CIRCLE('',#2901,10.);
#2901 = AXIS2_PLACEMENT_2D('',#2902,#2903);
#2902 = CARTESIAN_POINT('',(0.,0.));
#2903 = DIRECTION('',(1.,0.));
#2904 = ( GEOMETRIC_REPRESENTATION_CONTEXT(2) 
PARAMETRIC_REPRESENTATION_CONTEXT() REPRESENTATION_CONTEXT('2D SPACE',''
  ) );
#2905 = ORIENTED_EDGE('',*,*,#2856,.T.);
#2906 = ADVANCED_FACE('',(#2907,#2910),#2844,.T.);
#2907 = FACE_BOUND('',#2908,.T.);
#2908 = EDGE_LOOP('',(#2909));
#2909 = ORIENTED_EDGE('',*,*,#2822,.T.);
#2910 = FACE_BOUND('',#2911,.T.);
#2911 = EDGE_LOOP('',(#2912));
#2912 = ORIENTED_EDGE('',*,*,#2913,.F.);
#2913 = EDGE_CURVE('',#2914,#2914,#2916,.T.);
#2914 = VERTEX_POINT('',#2915);
#2915 = CARTESIAN_POINT('',(-1.1557E+03,959.43732276569,
    1.576737371801E+03));
#2916 = SURFACE_CURVE('',#2917,(#2922,#2929),.PCURVE_S1.);
#2917 = CIRCLE('',#2918,5.55625);
#2918 = AXIS2_PLACEMENT_3D('',#2919,#2920,#2921);
#2919 = CARTESIAN_POINT('',(-1.1557E+03,959.43732276569,
    1.571181121801E+03));
#2920 = DIRECTION('',(1.,0.,-0.));
#2921 = DIRECTION('',(0.,0.,1.));
#2922 = PCURVE('',#2844,#2923);
#2923 = DEFINITIONAL_REPRESENTATION('',(#2924),#2928);
#2924 = CIRCLE('',#2925,5.55625);
#2925 = AXIS2_PLACEMENT_2D('',#2926,#2927);
#2926 = CARTESIAN_POINT('',(0.,0.));
#2927 = DIRECTION('',(1.,0.));
#2928 = ( GEOMETRIC_REPRESENTATION_CONTEXT(2) 
PARAMETRIC_REPRESENTATION_CONTEXT() REPRESENTATION_CONTEXT('2D SPACE',''
  ) );
#2929 = PCURVE('',#2930,#2935);
#2930 = CYLINDRICAL_SURFACE('',#2931,5.55625);
#2931 = AXIS2_PLACEMENT_3D('',#2932,#2933,#2934);
#2932 = CARTESIAN_POINT('',(-1.17475E+03,959.43732276569,
    1.571181121801E+03));
#2933 = DIRECTION('',(1.,-0.,-0.));
#2934 = DIRECTION('',(0.,0.,1.));
#2935 = DEFINITIONAL_REPRESENTATION('',(#2936),#2940);
#2936 = LINE('',#2937,#2938);
#2937 = CARTESIAN_POINT('',(0.,19.05));
#2938 = VECTOR('',#2939,1.);
#2939 = DIRECTION('',(1.,0.));
#2940 = ( GEOMETRIC_REPRESENTATION_CONTEXT(2) 
PARAMETRIC_REPRESENTATION_CONTEXT() REPRESENTATION_CONTEXT('2D SPACE',''
  ) );
#2941 = ADVANCED_FACE('',(#2942,#2945),#2894,.F.);
#2942 = FACE_BOUND('',#2943,.F.);
#2943 = EDGE_LOOP('',(#2944));
#2944 = ORIENTED_EDGE('',*,*,#2879,.T.);
#2945 = FACE_BOUND('',#2946,.F.);
#2946 = EDGE_LOOP('',(#2947));
#2947 = ORIENTED_EDGE('',*,*,#2948,.F.);
#2948 = EDGE_CURVE('',#2949,#2949,#2951,.T.);
#2949 = VERTEX_POINT('',#2950);
#2950 = CARTESIAN_POINT('',(-1.17475E+03,959.43732276569,
    1.576737371801E+03));
#2951 = SURFACE_CURVE('',#2952,(#2957,#2964),.PCURVE_S1.);
#2952 = CIRCLE('',#2953,5.55625);
#2953 = AXIS2_PLACEMENT_3D('',#2954,#2955,#2956);
#2954 = CARTESIAN_POINT('',(-1.17475E+03,959.43732276569,
    1.571181121801E+03));
#2955 = DIRECTION('',(1.,0.,-0.));
#2956 = DIRECTION('',(0.,0.,1.));
#2957 = PCURVE('',#2894,#2958);
#2958 = DEFINITIONAL_REPRESENTATION('',(#2959),#2963);
#2959 = CIRCLE('',#2960,5.55625);
#2960 = AXIS2_PLACEMENT_2D('',#2961,#2962);
#2961 = CARTESIAN_POINT('',(0.,0.));
#2962 = DIRECTION('',(1.,0.));
#2963 = ( GEOMETRIC_REPRESENTATION_CONTEXT(2) 
PARAMETRIC_REPRESENTATION_CONTEXT() REPRESENTATION_CONTEXT('2D SPACE',''
  ) );
#2964 = PCURVE('',#2930,#2965);
#2965 = DEFINITIONAL_REPRESENTATION('',(#2966),#2970);
#2966 = LINE('',#2967,#2968);
#2967 = CARTESIAN_POINT('',(0.,0.));
#2968 = VECTOR('',#2969,1.);
#2969 = DIRECTION('',(1.,0.));
#2970 = ( GEOMETRIC_REPRESENTATION_CONTEXT(2) 
PARAMETRIC_REPRESENTATION_CONTEXT() REPRESENTATION_CONTEXT('2D SPACE',''
  ) );
#2971 = ADVANCED_FACE('',(#2972),#2930,.F.);
#2972 = FACE_BOUND('',#2973,.F.);
#2973 = EDGE_LOOP('',(#2974,#2975,#2996,#2997));
#2974 = ORIENTED_EDGE('',*,*,#2913,.F.);
#2975 = ORIENTED_EDGE('',*,*,#2976,.F.);
#2976 = EDGE_CURVE('',#2949,#2914,#2977,.T.);
#2977 = SEAM_CURVE('',#2978,(#2982,#2989),.PCURVE_S1.);
#2978 = LINE('',#2979,#2980);
#2979 = CARTESIAN_POINT('',(-1.17475E+03,959.43732276569,
    1.576737371801E+03));
#2980 = VECTOR('',#2981,1.);
#2981 = DIRECTION('',(1.,0.,0.));
#2982 = PCURVE('',#2930,#2983);
#2983 = DEFINITIONAL_REPRESENTATION('',(#2984),#2988);
#2984 = LINE('',#2985,#2986);
#2985 = CARTESIAN_POINT('',(6.28318530718,-0.));
#2986 = VECTOR('',#2987,1.);
#2987 = DIRECTION('',(0.,1.));
#2988 = ( GEOMETRIC_REPRESENTATION_CONTEXT(2) 
PARAMETRIC_REPRESENTATION_CONTEXT() REPRESENTATION_CONTEXT('2D SPACE',''
  ) );
#2989 = PCURVE('',#2930,#2990);
#2990 = DEFINITIONAL_REPRESENTATION('',(#2991),#2995);
#2991 = LINE('',#2992,#2993);
#2992 = CARTESIAN_POINT('',(0.,-0.));
#2993 = VECTOR('',#2994,1.);
#2994 = DIRECTION('',(0.,1.));
#2995 = ( GEOMETRIC_REPRESENTATION_CONTEXT(2) 
PARAMETRIC_REPRESENTATION_CONTEXT() REPRESENTATION_CONTEXT('2D SPACE',''
  ) );
#2996 = ORIENTED_EDGE('',*,*,#2948,.T.);
#2997 = ORIENTED_EDGE('',*,*,#2976,.T.);
#2998 = ( GEOMETRIC_REPRESENTATION_CONTEXT(3) 
GLOBAL_UNCERTAINTY_ASSIGNED_CONTEXT((#3002)) 
GLOBAL_UNIT_ASSIGNED_CONTEXT((#2999,#3000,#3001)) REPRESENTATION_CONTEXT
('Context #1','3D Context with UNIT and UNCERTAINTY') );
#2999 = ( LENGTH_UNIT() NAMED_UNIT(*) SI_UNIT(.MILLI.,.METRE.) );
#3000 = ( NAMED_UNIT(*) PLANE_ANGLE_UNIT() SI_UNIT($,.RADIAN.) );
#3001 = ( NAMED_UNIT(*) SI_UNIT($,.STERADIAN.) SOLID_ANGLE_UNIT() );
#3002 = UNCERTAINTY_MEASURE_WITH_UNIT(LENGTH_MEASURE(1.E-07),#2999,
  'distance_accuracy_value','confusion accuracy');
#3003 = CONTEXT_DEPENDENT_SHAPE_REPRESENTATION(#3004,#3006);
#3004 = ( REPRESENTATION_RELATIONSHIP('','',#2815,#10) 
REPRESENTATION_RELATIONSHIP_WITH_TRANSFORMATION(#3005) 
SHAPE_REPRESENTATION_RELATIONSHIP() );
#3005 = ITEM_DEFINED_TRANSFORMATION('','',#11,#75);
#3006 = PRODUCT_DEFINITION_SHAPE('Placement','Placement of an item',
  #3007);
#3007 = NEXT_ASSEMBLY_USAGE_OCCURRENCE('16',
  'lumber_leg_bolt_left_3_spacer','',#5,#2810,$);
#3008 = PRODUCT_RELATED_PRODUCT_CATEGORY('part',$,(#2812));
#3009 = SHAPE_DEFINITION_REPRESENTATION(#3010,#3016);
#3010 = PRODUCT_DEFINITION_SHAPE('','',#3011);
#3011 = PRODUCT_DEFINITION('design','',#3012,#3015);
#3012 = PRODUCT_DEFINITION_FORMATION('','',#3013);
#3013 = PRODUCT('lumber_leg_bolt_left_3_head',
  'lumber_leg_bolt_left_3_head','',(#3014));
#3014 = PRODUCT_CONTEXT('',#2,'mechanical');
#3015 = PRODUCT_DEFINITION_CONTEXT('part definition',#2,'design');
#3016 = ADVANCED_BREP_SHAPE_REPRESENTATION('',(#11,#3017),#3115);
#3017 = MANIFOLD_SOLID_BREP('',#3018);
#3018 = CLOSED_SHELL('',(#3019,#3107,#3111));
#3019 = ADVANCED_FACE('',(#3020),#3033,.T.);
#3020 = FACE_BOUND('',#3021,.T.);
#3021 = EDGE_LOOP('',(#3022,#3056,#3079,#3106));
#3022 = ORIENTED_EDGE('',*,*,#3023,.F.);
#3023 = EDGE_CURVE('',#3024,#3024,#3026,.T.);
#3024 = VERTEX_POINT('',#3025);
#3025 = CARTESIAN_POINT('',(-1.2704572E+03,959.43732276569,
    1.562926121801E+03));
#3026 = SURFACE_CURVE('',#3027,(#3032,#3044),.PCURVE_S1.);
#3027 = CIRCLE('',#3028,8.255);
#3028 = AXIS2_PLACEMENT_3D('',#3029,#3030,#3031);
#3029 = CARTESIAN_POINT('',(-1.2704572E+03,959.43732276569,
    1.571181121801E+03));
#3030 = DIRECTION('',(-1.,0.,0.));
#3031 = DIRECTION('',(0.,0.,-1.));
#3032 = PCURVE('',#3033,#3038);
#3033 = CYLINDRICAL_SURFACE('',#3034,8.255);
#3034 = AXIS2_PLACEMENT_3D('',#3035,#3036,#3037);
#3035 = CARTESIAN_POINT('',(-1.26365E+03,959.43732276569,
    1.571181121801E+03));
#3036 = DIRECTION('',(-1.,0.,0.));
#3037 = DIRECTION('',(0.,0.,-1.));
#3038 = DEFINITIONAL_REPRESENTATION('',(#3039),#3043);
#3039 = LINE('',#3040,#3041);
#3040 = CARTESIAN_POINT('',(0.,6.8072));
#3041 = VECTOR('',#3042,1.);
#3042 = DIRECTION('',(1.,0.));
#3043 = ( GEOMETRIC_REPRESENTATION_CONTEXT(2) 
PARAMETRIC_REPRESENTATION_CONTEXT() REPRESENTATION_CONTEXT('2D SPACE',''
  ) );
#3044 = PCURVE('',#3045,#3050);
#3045 = PLANE('',#3046);
#3046 = AXIS2_PLACEMENT_3D('',#3047,#3048,#3049);
#3047 = CARTESIAN_POINT('',(-1.2704572E+03,959.43732276569,
    1.571181121801E+03));
#3048 = DIRECTION('',(-1.,0.,0.));
#3049 = DIRECTION('',(0.,0.,-1.));
#3050 = DEFINITIONAL_REPRESENTATION('',(#3051),#3055);
#3051 = CIRCLE('',#3052,8.255);
#3052 = AXIS2_PLACEMENT_2D('',#3053,#3054);
#3053 = CARTESIAN_POINT('',(0.,0.));
#3054 = DIRECTION('',(1.,0.));
#3055 = ( GEOMETRIC_REPRESENTATION_CONTEXT(2) 
PARAMETRIC_REPRESENTATION_CONTEXT() REPRESENTATION_CONTEXT('2D SPACE',''
  ) );
#3056 = ORIENTED_EDGE('',*,*,#3057,.F.);
#3057 = EDGE_CURVE('',#3058,#3024,#3060,.T.);
#3058 = VERTEX_POINT('',#3059);
#3059 = CARTESIAN_POINT('',(-1.26365E+03,959.43732276569,
    1.562926121801E+03));
#3060 = SEAM_CURVE('',#3061,(#3065,#3072),.PCURVE_S1.);
#3061 = LINE('',#3062,#3063);
#3062 = CARTESIAN_POINT('',(-1.26365E+03,959.43732276569,
    1.562926121801E+03));
#3063 = VECTOR('',#3064,1.);
#3064 = DIRECTION('',(-1.,0.,0.));
#3065 = PCURVE('',#3033,#3066);
#3066 = DEFINITIONAL_REPRESENTATION('',(#3067),#3071);
#3067 = LINE('',#3068,#3069);
#3068 = CARTESIAN_POINT('',(6.28318530718,-0.));
#3069 = VECTOR('',#3070,1.);
#3070 = DIRECTION('',(0.,1.));
#3071 = ( GEOMETRIC_REPRESENTATION_CONTEXT(2) 
PARAMETRIC_REPRESENTATION_CONTEXT() REPRESENTATION_CONTEXT('2D SPACE',''
  ) );
#3072 = PCURVE('',#3033,#3073);
#3073 = DEFINITIONAL_REPRESENTATION('',(#3074),#3078);
#3074 = LINE('',#3075,#3076);
#3075 = CARTESIAN_POINT('',(0.,-0.));
#3076 = VECTOR('',#3077,1.);
#3077 = DIRECTION('',(0.,1.));
#3078 = ( GEOMETRIC_REPRESENTATION_CONTEXT(2) 
PARAMETRIC_REPRESENTATION_CONTEXT() REPRESENTATION_CONTEXT('2D SPACE',''
  ) );
#3079 = ORIENTED_EDGE('',*,*,#3080,.T.);
#3080 = EDGE_CURVE('',#3058,#3058,#3081,.T.);
#3081 = SURFACE_CURVE('',#3082,(#3087,#3094),.PCURVE_S1.);
#3082 = CIRCLE('',#3083,8.255);
#3083 = AXIS2_PLACEMENT_3D('',#3084,#3085,#3086);
#3084 = CARTESIAN_POINT('',(-1.26365E+03,959.43732276569,
    1.571181121801E+03));
#3085 = DIRECTION('',(-1.,0.,0.));
#3086 = DIRECTION('',(0.,0.,-1.));
#3087 = PCURVE('',#3033,#3088);
#3088 = DEFINITIONAL_REPRESENTATION('',(#3089),#3093);
#3089 = LINE('',#3090,#3091);
#3090 = CARTESIAN_POINT('',(0.,0.));
#3091 = VECTOR('',#3092,1.);
#3092 = DIRECTION('',(1.,0.));
#3093 = ( GEOMETRIC_REPRESENTATION_CONTEXT(2) 
PARAMETRIC_REPRESENTATION_CONTEXT() REPRESENTATION_CONTEXT('2D SPACE',''
  ) );
#3094 = PCURVE('',#3095,#3100);
#3095 = PLANE('',#3096);
#3096 = AXIS2_PLACEMENT_3D('',#3097,#3098,#3099);
#3097 = CARTESIAN_POINT('',(-1.26365E+03,959.43732276569,
    1.571181121801E+03));
#3098 = DIRECTION('',(-1.,0.,0.));
#3099 = DIRECTION('',(0.,0.,-1.));
#3100 = DEFINITIONAL_REPRESENTATION('',(#3101),#3105);
#3101 = CIRCLE('',#3102,8.255);
#3102 = AXIS2_PLACEMENT_2D('',#3103,#3104);
#3103 = CARTESIAN_POINT('',(0.,0.));
#3104 = DIRECTION('',(1.,0.));
#3105 = ( GEOMETRIC_REPRESENTATION_CONTEXT(2) 
PARAMETRIC_REPRESENTATION_CONTEXT() REPRESENTATION_CONTEXT('2D SPACE',''
  ) );
#3106 = ORIENTED_EDGE('',*,*,#3057,.T.);
#3107 = ADVANCED_FACE('',(#3108),#3045,.T.);
#3108 = FACE_BOUND('',#3109,.T.);
#3109 = EDGE_LOOP('',(#3110));
#3110 = ORIENTED_EDGE('',*,*,#3023,.T.);
#3111 = ADVANCED_FACE('',(#3112),#3095,.F.);
#3112 = FACE_BOUND('',#3113,.T.);
#3113 = EDGE_LOOP('',(#3114));
#3114 = ORIENTED_EDGE('',*,*,#3080,.F.);
#3115 = ( GEOMETRIC_REPRESENTATION_CONTEXT(3) 
GLOBAL_UNCERTAINTY_ASSIGNED_CONTEXT((#3119)) 
GLOBAL_UNIT_ASSIGNED_CONTEXT((#3116,#3117,#3118)) REPRESENTATION_CONTEXT
('Context #1','3D Context with UNIT and UNCERTAINTY') );
#3116 = ( LENGTH_UNIT() NAMED_UNIT(*) SI_UNIT(.MILLI.,.METRE.) );
#3117 = ( NAMED_UNIT(*) PLANE_ANGLE_UNIT() SI_UNIT($,.RADIAN.) );
#3118 = ( NAMED_UNIT(*) SI_UNIT($,.STERADIAN.) SOLID_ANGLE_UNIT() );
#3119 = UNCERTAINTY_MEASURE_WITH_UNIT(LENGTH_MEASURE(1.E-07),#3116,
  'distance_accuracy_value','confusion accuracy');
#3120 = CONTEXT_DEPENDENT_SHAPE_REPRESENTATION(#3121,#3123);
#3121 = ( REPRESENTATION_RELATIONSHIP('','',#3016,#10) 
REPRESENTATION_RELATIONSHIP_WITH_TRANSFORMATION(#3122) 
SHAPE_REPRESENTATION_RELATIONSHIP() );
#3122 = ITEM_DEFINED_TRANSFORMATION('','',#11,#79);
#3123 = PRODUCT_DEFINITION_SHAPE('Placement','Placement of an item',
  #3124);
#3124 = NEXT_ASSEMBLY_USAGE_OCCURRENCE('17',
  'lumber_leg_bolt_left_3_head','',#5,#3011,$);
#3125 = PRODUCT_RELATED_PRODUCT_CATEGORY('part',$,(#3013));
#3126 = SHAPE_DEFINITION_REPRESENTATION(#3127,#3133);
#3127 = PRODUCT_DEFINITION_SHAPE('','',#3128);
#3128 = PRODUCT_DEFINITION('design','',#3129,#3132);
#3129 = PRODUCT_DEFINITION_FORMATION('','',#3130);
#3130 = PRODUCT('lumber_leg_bolt_left_3_nut',
  'lumber_leg_bolt_left_3_nut','',(#3131));
#3131 = PRODUCT_CONTEXT('',#2,'mechanical');
#3132 = PRODUCT_DEFINITION_CONTEXT('part definition',#2,'design');
#3133 = ADVANCED_BREP_SHAPE_REPRESENTATION('',(#11,#3134),#3316);
#3134 = MANIFOLD_SOLID_BREP('',#3135);
#3135 = CLOSED_SHELL('',(#3136,#3224,#3259,#3289));
#3136 = ADVANCED_FACE('',(#3137),#3150,.T.);
#3137 = FACE_BOUND('',#3138,.T.);
#3138 = EDGE_LOOP('',(#3139,#3173,#3196,#3223));
#3139 = ORIENTED_EDGE('',*,*,#3140,.F.);
#3140 = EDGE_CURVE('',#3141,#3141,#3143,.T.);
#3141 = VERTEX_POINT('',#3142);
#3142 = CARTESIAN_POINT('',(-1.1471402E+03,959.43732276569,
    1.579436121801E+03));
#3143 = SURFACE_CURVE('',#3144,(#3149,#3161),.PCURVE_S1.);
#3144 = CIRCLE('',#3145,8.255);
#3145 = AXIS2_PLACEMENT_3D('',#3146,#3147,#3148);
#3146 = CARTESIAN_POINT('',(-1.1471402E+03,959.43732276569,
    1.571181121801E+03));
#3147 = DIRECTION('',(1.,0.,-0.));
#3148 = DIRECTION('',(0.,0.,1.));
#3149 = PCURVE('',#3150,#3155);
#3150 = CYLINDRICAL_SURFACE('',#3151,8.255);
#3151 = AXIS2_PLACEMENT_3D('',#3152,#3153,#3154);
#3152 = CARTESIAN_POINT('',(-1.1557E+03,959.43732276569,
    1.571181121801E+03));
#3153 = DIRECTION('',(1.,-0.,-0.));
#3154 = DIRECTION('',(0.,0.,1.));
#3155 = DEFINITIONAL_REPRESENTATION('',(#3156),#3160);
#3156 = LINE('',#3157,#3158);
#3157 = CARTESIAN_POINT('',(0.,8.5598));
#3158 = VECTOR('',#3159,1.);
#3159 = DIRECTION('',(1.,0.));
#3160 = ( GEOMETRIC_REPRESENTATION_CONTEXT(2) 
PARAMETRIC_REPRESENTATION_CONTEXT() REPRESENTATION_CONTEXT('2D SPACE',''
  ) );
#3161 = PCURVE('',#3162,#3167);
#3162 = PLANE('',#3163);
#3163 = AXIS2_PLACEMENT_3D('',#3164,#3165,#3166);
#3164 = CARTESIAN_POINT('',(-1.1471402E+03,959.43732276569,
    1.571181121801E+03));
#3165 = DIRECTION('',(1.,-0.,-0.));
#3166 = DIRECTION('',(0.,0.,1.));
#3167 = DEFINITIONAL_REPRESENTATION('',(#3168),#3172);
#3168 = CIRCLE('',#3169,8.255);
#3169 = AXIS2_PLACEMENT_2D('',#3170,#3171);
#3170 = CARTESIAN_POINT('',(0.,0.));
#3171 = DIRECTION('',(1.,0.));
#3172 = ( GEOMETRIC_REPRESENTATION_CONTEXT(2) 
PARAMETRIC_REPRESENTATION_CONTEXT() REPRESENTATION_CONTEXT('2D SPACE',''
  ) );
#3173 = ORIENTED_EDGE('',*,*,#3174,.F.);
#3174 = EDGE_CURVE('',#3175,#3141,#3177,.T.);
#3175 = VERTEX_POINT('',#3176);
#3176 = CARTESIAN_POINT('',(-1.1557E+03,959.43732276569,
    1.579436121801E+03));
#3177 = SEAM_CURVE('',#3178,(#3182,#3189),.PCURVE_S1.);
#3178 = LINE('',#3179,#3180);
#3179 = CARTESIAN_POINT('',(-1.1557E+03,959.43732276569,
    1.579436121801E+03));
#3180 = VECTOR('',#3181,1.);
#3181 = DIRECTION('',(1.,0.,0.));
#3182 = PCURVE('',#3150,#3183);
#3183 = DEFINITIONAL_REPRESENTATION('',(#3184),#3188);
#3184 = LINE('',#3185,#3186);
#3185 = CARTESIAN_POINT('',(6.28318530718,-0.));
#3186 = VECTOR('',#3187,1.);
#3187 = DIRECTION('',(0.,1.));
#3188 = ( GEOMETRIC_REPRESENTATION_CONTEXT(2) 
PARAMETRIC_REPRESENTATION_CONTEXT() REPRESENTATION_CONTEXT('2D SPACE',''
  ) );
#3189 = PCURVE('',#3150,#3190);
#3190 = DEFINITIONAL_REPRESENTATION('',(#3191),#3195);
#3191 = LINE('',#3192,#3193);
#3192 = CARTESIAN_POINT('',(0.,-0.));
#3193 = VECTOR('',#3194,1.);
#3194 = DIRECTION('',(0.,1.));
#3195 = ( GEOMETRIC_REPRESENTATION_CONTEXT(2) 
PARAMETRIC_REPRESENTATION_CONTEXT() REPRESENTATION_CONTEXT('2D SPACE',''
  ) );
#3196 = ORIENTED_EDGE('',*,*,#3197,.T.);
#3197 = EDGE_CURVE('',#3175,#3175,#3198,.T.);
#3198 = SURFACE_CURVE('',#3199,(#3204,#3211),.PCURVE_S1.);
#3199 = CIRCLE('',#3200,8.255);
#3200 = AXIS2_PLACEMENT_3D('',#3201,#3202,#3203);
#3201 = CARTESIAN_POINT('',(-1.1557E+03,959.43732276569,
    1.571181121801E+03));
#3202 = DIRECTION('',(1.,0.,-0.));
#3203 = DIRECTION('',(0.,0.,1.));
#3204 = PCURVE('',#3150,#3205);
#3205 = DEFINITIONAL_REPRESENTATION('',(#3206),#3210);
#3206 = LINE('',#3207,#3208);
#3207 = CARTESIAN_POINT('',(0.,0.));
#3208 = VECTOR('',#3209,1.);
#3209 = DIRECTION('',(1.,0.));
#3210 = ( GEOMETRIC_REPRESENTATION_CONTEXT(2) 
PARAMETRIC_REPRESENTATION_CONTEXT() REPRESENTATION_CONTEXT('2D SPACE',''
  ) );
#3211 = PCURVE('',#3212,#3217);
#3212 = PLANE('',#3213);
#3213 = AXIS2_PLACEMENT_3D('',#3214,#3215,#3216);
#3214 = CARTESIAN_POINT('',(-1.1557E+03,959.43732276569,
    1.571181121801E+03));
#3215 = DIRECTION('',(1.,-0.,-0.));
#3216 = DIRECTION('',(0.,0.,1.));
#3217 = DEFINITIONAL_REPRESENTATION('',(#3218),#3222);
#3218 = CIRCLE('',#3219,8.255);
#3219 = AXIS2_PLACEMENT_2D('',#3220,#3221);
#3220 = CARTESIAN_POINT('',(0.,0.));
#3221 = DIRECTION('',(1.,0.));
#3222 = ( GEOMETRIC_REPRESENTATION_CONTEXT(2) 
PARAMETRIC_REPRESENTATION_CONTEXT() REPRESENTATION_CONTEXT('2D SPACE',''
  ) );
#3223 = ORIENTED_EDGE('',*,*,#3174,.T.);
#3224 = ADVANCED_FACE('',(#3225,#3228),#3162,.T.);
#3225 = FACE_BOUND('',#3226,.T.);
#3226 = EDGE_LOOP('',(#3227));
#3227 = ORIENTED_EDGE('',*,*,#3140,.T.);
#3228 = FACE_BOUND('',#3229,.T.);
#3229 = EDGE_LOOP('',(#3230));
#3230 = ORIENTED_EDGE('',*,*,#3231,.F.);
#3231 = EDGE_CURVE('',#3232,#3232,#3234,.T.);
#3232 = VERTEX_POINT('',#3233);
#3233 = CARTESIAN_POINT('',(-1.1471402E+03,959.43732276569,
    1.576108721801E+03));
#3234 = SURFACE_CURVE('',#3235,(#3240,#3247),.PCURVE_S1.);
#3235 = CIRCLE('',#3236,4.9276);
#3236 = AXIS2_PLACEMENT_3D('',#3237,#3238,#3239);
#3237 = CARTESIAN_POINT('',(-1.1471402E+03,959.43732276569,
    1.571181121801E+03));
#3238 = DIRECTION('',(1.,0.,-0.));
#3239 = DIRECTION('',(0.,0.,1.));
#3240 = PCURVE('',#3162,#3241);
#3241 = DEFINITIONAL_REPRESENTATION('',(#3242),#3246);
#3242 = CIRCLE('',#3243,4.9276);
#3243 = AXIS2_PLACEMENT_2D('',#3244,#3245);
#3244 = CARTESIAN_POINT('',(0.,0.));
#3245 = DIRECTION('',(1.,0.));
#3246 = ( GEOMETRIC_REPRESENTATION_CONTEXT(2) 
PARAMETRIC_REPRESENTATION_CONTEXT() REPRESENTATION_CONTEXT('2D SPACE',''
  ) );
#3247 = PCURVE('',#3248,#3253);
#3248 = CYLINDRICAL_SURFACE('',#3249,4.9276);
#3249 = AXIS2_PLACEMENT_3D('',#3250,#3251,#3252);
#3250 = CARTESIAN_POINT('',(-1.1557E+03,959.43732276569,
    1.571181121801E+03));
#3251 = DIRECTION('',(1.,-0.,-0.));
#3252 = DIRECTION('',(0.,0.,1.));
#3253 = DEFINITIONAL_REPRESENTATION('',(#3254),#3258);
#3254 = LINE('',#3255,#3256);
#3255 = CARTESIAN_POINT('',(0.,8.5598));
#3256 = VECTOR('',#3257,1.);
#3257 = DIRECTION('',(1.,0.));
#3258 = ( GEOMETRIC_REPRESENTATION_CONTEXT(2) 
PARAMETRIC_REPRESENTATION_CONTEXT() REPRESENTATION_CONTEXT('2D SPACE',''
  ) );
#3259 = ADVANCED_FACE('',(#3260,#3263),#3212,.F.);
#3260 = FACE_BOUND('',#3261,.F.);
#3261 = EDGE_LOOP('',(#3262));
#3262 = ORIENTED_EDGE('',*,*,#3197,.T.);
#3263 = FACE_BOUND('',#3264,.F.);
#3264 = EDGE_LOOP('',(#3265));
#3265 = ORIENTED_EDGE('',*,*,#3266,.F.);
#3266 = EDGE_CURVE('',#3267,#3267,#3269,.T.);
#3267 = VERTEX_POINT('',#3268);
#3268 = CARTESIAN_POINT('',(-1.1557E+03,959.43732276569,
    1.576108721801E+03));
#3269 = SURFACE_CURVE('',#3270,(#3275,#3282),.PCURVE_S1.);
#3270 = CIRCLE('',#3271,4.9276);
#3271 = AXIS2_PLACEMENT_3D('',#3272,#3273,#3274);
#3272 = CARTESIAN_POINT('',(-1.1557E+03,959.43732276569,
    1.571181121801E+03));
#3273 = DIRECTION('',(1.,0.,-0.));
#3274 = DIRECTION('',(0.,0.,1.));
#3275 = PCURVE('',#3212,#3276);
#3276 = DEFINITIONAL_REPRESENTATION('',(#3277),#3281);
#3277 = CIRCLE('',#3278,4.9276);
#3278 = AXIS2_PLACEMENT_2D('',#3279,#3280);
#3279 = CARTESIAN_POINT('',(0.,0.));
#3280 = DIRECTION('',(1.,0.));
#3281 = ( GEOMETRIC_REPRESENTATION_CONTEXT(2) 
PARAMETRIC_REPRESENTATION_CONTEXT() REPRESENTATION_CONTEXT('2D SPACE',''
  ) );
#3282 = PCURVE('',#3248,#3283);
#3283 = DEFINITIONAL_REPRESENTATION('',(#3284),#3288);
#3284 = LINE('',#3285,#3286);
#3285 = CARTESIAN_POINT('',(0.,0.));
#3286 = VECTOR('',#3287,1.);
#3287 = DIRECTION('',(1.,0.));
#3288 = ( GEOMETRIC_REPRESENTATION_CONTEXT(2) 
PARAMETRIC_REPRESENTATION_CONTEXT() REPRESENTATION_CONTEXT('2D SPACE',''
  ) );
#3289 = ADVANCED_FACE('',(#3290),#3248,.F.);
#3290 = FACE_BOUND('',#3291,.F.);
#3291 = EDGE_LOOP('',(#3292,#3293,#3314,#3315));
#3292 = ORIENTED_EDGE('',*,*,#3231,.F.);
#3293 = ORIENTED_EDGE('',*,*,#3294,.F.);
#3294 = EDGE_CURVE('',#3267,#3232,#3295,.T.);
#3295 = SEAM_CURVE('',#3296,(#3300,#3307),.PCURVE_S1.);
#3296 = LINE('',#3297,#3298);
#3297 = CARTESIAN_POINT('',(-1.1557E+03,959.43732276569,
    1.576108721801E+03));
#3298 = VECTOR('',#3299,1.);
#3299 = DIRECTION('',(1.,0.,0.));
#3300 = PCURVE('',#3248,#3301);
#3301 = DEFINITIONAL_REPRESENTATION('',(#3302),#3306);
#3302 = LINE('',#3303,#3304);
#3303 = CARTESIAN_POINT('',(6.28318530718,-0.));
#3304 = VECTOR('',#3305,1.);
#3305 = DIRECTION('',(0.,1.));
#3306 = ( GEOMETRIC_REPRESENTATION_CONTEXT(2) 
PARAMETRIC_REPRESENTATION_CONTEXT() REPRESENTATION_CONTEXT('2D SPACE',''
  ) );
#3307 = PCURVE('',#3248,#3308);
#3308 = DEFINITIONAL_REPRESENTATION('',(#3309),#3313);
#3309 = LINE('',#3310,#3311);
#3310 = CARTESIAN_POINT('',(0.,-0.));
#3311 = VECTOR('',#3312,1.);
#3312 = DIRECTION('',(0.,1.));
#3313 = ( GEOMETRIC_REPRESENTATION_CONTEXT(2) 
PARAMETRIC_REPRESENTATION_CONTEXT() REPRESENTATION_CONTEXT('2D SPACE',''
  ) );
#3314 = ORIENTED_EDGE('',*,*,#3266,.T.);
#3315 = ORIENTED_EDGE('',*,*,#3294,.T.);
#3316 = ( GEOMETRIC_REPRESENTATION_CONTEXT(3) 
GLOBAL_UNCERTAINTY_ASSIGNED_CONTEXT((#3320)) 
GLOBAL_UNIT_ASSIGNED_CONTEXT((#3317,#3318,#3319)) REPRESENTATION_CONTEXT
('Context #1','3D Context with UNIT and UNCERTAINTY') );
#3317 = ( LENGTH_UNIT() NAMED_UNIT(*) SI_UNIT(.MILLI.,.METRE.) );
#3318 = ( NAMED_UNIT(*) PLANE_ANGLE_UNIT() SI_UNIT($,.RADIAN.) );
#3319 = ( NAMED_UNIT(*) SI_UNIT($,.STERADIAN.) SOLID_ANGLE_UNIT() );
#3320 = UNCERTAINTY_MEASURE_WITH_UNIT(LENGTH_MEASURE(1.E-07),#3317,
  'distance_accuracy_value','confusion accuracy');
#3321 = CONTEXT_DEPENDENT_SHAPE_REPRESENTATION(#3322,#3324);
#3322 = ( REPRESENTATION_RELATIONSHIP('','',#3133,#10) 
REPRESENTATION_RELATIONSHIP_WITH_TRANSFORMATION(#3323) 
SHAPE_REPRESENTATION_RELATIONSHIP() );
#3323 = ITEM_DEFINED_TRANSFORMATION('','',#11,#83);
#3324 = PRODUCT_DEFINITION_SHAPE('Placement','Placement of an item',
  #3325);
#3325 = NEXT_ASSEMBLY_USAGE_OCCURRENCE('18','lumber_leg_bolt_left_3_nut'
  ,'',#5,#3128,$);
#3326 = PRODUCT_RELATED_PRODUCT_CATEGORY('part',$,(#3130));
#3327 = SHAPE_DEFINITION_REPRESENTATION(#3328,#3334);
#3328 = PRODUCT_DEFINITION_SHAPE('','',#3329);
#3329 = PRODUCT_DEFINITION('design','',#3330,#3333);
#3330 = PRODUCT_DEFINITION_FORMATION('','',#3331);
#3331 = PRODUCT('lumber_leg_bolt_left_4_shaft',
  'lumber_leg_bolt_left_4_shaft','',(#3332));
#3332 = PRODUCT_CONTEXT('',#2,'mechanical');
#3333 = PRODUCT_DEFINITION_CONTEXT('part definition',#2,'design');
#3334 = ADVANCED_BREP_SHAPE_REPRESENTATION('',(#11,#3335),#3433);
#3335 = MANIFOLD_SOLID_BREP('',#3336);
#3336 = CLOSED_SHELL('',(#3337,#3425,#3429));
#3337 = ADVANCED_FACE('',(#3338),#3351,.T.);
#3338 = FACE_BOUND('',#3339,.T.);
#3339 = EDGE_LOOP('',(#3340,#3374,#3397,#3424));
#3340 = ORIENTED_EDGE('',*,*,#3341,.F.);
#3341 = EDGE_CURVE('',#3342,#3342,#3344,.T.);
#3342 = VERTEX_POINT('',#3343);
#3343 = CARTESIAN_POINT('',(-1.13665E+03,991.57670325002,
    1.614410943957E+03));
#3344 = SURFACE_CURVE('',#3345,(#3350,#3362),.PCURVE_S1.);
#3345 = CIRCLE('',#3346,4.9276);
#3346 = AXIS2_PLACEMENT_3D('',#3347,#3348,#3349);
#3347 = CARTESIAN_POINT('',(-1.13665E+03,991.57670325002,
    1.609483343957E+03));
#3348 = DIRECTION('',(1.,0.,-0.));
#3349 = DIRECTION('',(0.,0.,1.));
#3350 = PCURVE('',#3351,#3356);
#3351 = CYLINDRICAL_SURFACE('',#3352,4.9276);
#3352 = AXIS2_PLACEMENT_3D('',#3353,#3354,#3355);
#3353 = CARTESIAN_POINT('',(-1.26365E+03,991.57670325002,
    1.609483343957E+03));
#3354 = DIRECTION('',(1.,-0.,-0.));
#3355 = DIRECTION('',(0.,0.,1.));
#3356 = DEFINITIONAL_REPRESENTATION('',(#3357),#3361);
#3357 = LINE('',#3358,#3359);
#3358 = CARTESIAN_POINT('',(0.,127.));
#3359 = VECTOR('',#3360,1.);
#3360 = DIRECTION('',(1.,0.));
#3361 = ( GEOMETRIC_REPRESENTATION_CONTEXT(2) 
PARAMETRIC_REPRESENTATION_CONTEXT() REPRESENTATION_CONTEXT('2D SPACE',''
  ) );
#3362 = PCURVE('',#3363,#3368);
#3363 = PLANE('',#3364);
#3364 = AXIS2_PLACEMENT_3D('',#3365,#3366,#3367);
#3365 = CARTESIAN_POINT('',(-1.13665E+03,991.57670325002,
    1.609483343957E+03));
#3366 = DIRECTION('',(1.,-0.,-0.));
#3367 = DIRECTION('',(0.,0.,1.));
#3368 = DEFINITIONAL_REPRESENTATION('',(#3369),#3373);
#3369 = CIRCLE('',#3370,4.9276);
#3370 = AXIS2_PLACEMENT_2D('',#3371,#3372);
#3371 = CARTESIAN_POINT('',(0.,0.));
#3372 = DIRECTION('',(1.,0.));
#3373 = ( GEOMETRIC_REPRESENTATION_CONTEXT(2) 
PARAMETRIC_REPRESENTATION_CONTEXT() REPRESENTATION_CONTEXT('2D SPACE',''
  ) );
#3374 = ORIENTED_EDGE('',*,*,#3375,.F.);
#3375 = EDGE_CURVE('',#3376,#3342,#3378,.T.);
#3376 = VERTEX_POINT('',#3377);
#3377 = CARTESIAN_POINT('',(-1.26365E+03,991.57670325002,
    1.614410943957E+03));
#3378 = SEAM_CURVE('',#3379,(#3383,#3390),.PCURVE_S1.);
#3379 = LINE('',#3380,#3381);
#3380 = CARTESIAN_POINT('',(-1.26365E+03,991.57670325002,
    1.614410943957E+03));
#3381 = VECTOR('',#3382,1.);
#3382 = DIRECTION('',(1.,0.,0.));
#3383 = PCURVE('',#3351,#3384);
#3384 = DEFINITIONAL_REPRESENTATION('',(#3385),#3389);
#3385 = LINE('',#3386,#3387);
#3386 = CARTESIAN_POINT('',(6.28318530718,-0.));
#3387 = VECTOR('',#3388,1.);
#3388 = DIRECTION('',(0.,1.));
#3389 = ( GEOMETRIC_REPRESENTATION_CONTEXT(2) 
PARAMETRIC_REPRESENTATION_CONTEXT() REPRESENTATION_CONTEXT('2D SPACE',''
  ) );
#3390 = PCURVE('',#3351,#3391);
#3391 = DEFINITIONAL_REPRESENTATION('',(#3392),#3396);
#3392 = LINE('',#3393,#3394);
#3393 = CARTESIAN_POINT('',(0.,-0.));
#3394 = VECTOR('',#3395,1.);
#3395 = DIRECTION('',(0.,1.));
#3396 = ( GEOMETRIC_REPRESENTATION_CONTEXT(2) 
PARAMETRIC_REPRESENTATION_CONTEXT() REPRESENTATION_CONTEXT('2D SPACE',''
  ) );
#3397 = ORIENTED_EDGE('',*,*,#3398,.T.);
#3398 = EDGE_CURVE('',#3376,#3376,#3399,.T.);
#3399 = SURFACE_CURVE('',#3400,(#3405,#3412),.PCURVE_S1.);
#3400 = CIRCLE('',#3401,4.9276);
#3401 = AXIS2_PLACEMENT_3D('',#3402,#3403,#3404);
#3402 = CARTESIAN_POINT('',(-1.26365E+03,991.57670325002,
    1.609483343957E+03));
#3403 = DIRECTION('',(1.,0.,-0.));
#3404 = DIRECTION('',(0.,0.,1.));
#3405 = PCURVE('',#3351,#3406);
#3406 = DEFINITIONAL_REPRESENTATION('',(#3407),#3411);
#3407 = LINE('',#3408,#3409);
#3408 = CARTESIAN_POINT('',(0.,0.));
#3409 = VECTOR('',#3410,1.);
#3410 = DIRECTION('',(1.,0.));
#3411 = ( GEOMETRIC_REPRESENTATION_CONTEXT(2) 
PARAMETRIC_REPRESENTATION_CONTEXT() REPRESENTATION_CONTEXT('2D SPACE',''
  ) );
#3412 = PCURVE('',#3413,#3418);
#3413 = PLANE('',#3414);
#3414 = AXIS2_PLACEMENT_3D('',#3415,#3416,#3417);
#3415 = CARTESIAN_POINT('',(-1.26365E+03,991.57670325002,
    1.609483343957E+03));
#3416 = DIRECTION('',(1.,-0.,-0.));
#3417 = DIRECTION('',(0.,0.,1.));
#3418 = DEFINITIONAL_REPRESENTATION('',(#3419),#3423);
#3419 = CIRCLE('',#3420,4.9276);
#3420 = AXIS2_PLACEMENT_2D('',#3421,#3422);
#3421 = CARTESIAN_POINT('',(0.,0.));
#3422 = DIRECTION('',(1.,0.));
#3423 = ( GEOMETRIC_REPRESENTATION_CONTEXT(2) 
PARAMETRIC_REPRESENTATION_CONTEXT() REPRESENTATION_CONTEXT('2D SPACE',''
  ) );
#3424 = ORIENTED_EDGE('',*,*,#3375,.T.);
#3425 = ADVANCED_FACE('',(#3426),#3363,.T.);
#3426 = FACE_BOUND('',#3427,.T.);
#3427 = EDGE_LOOP('',(#3428));
#3428 = ORIENTED_EDGE('',*,*,#3341,.T.);
#3429 = ADVANCED_FACE('',(#3430),#3413,.F.);
#3430 = FACE_BOUND('',#3431,.T.);
#3431 = EDGE_LOOP('',(#3432));
#3432 = ORIENTED_EDGE('',*,*,#3398,.F.);
#3433 = ( GEOMETRIC_REPRESENTATION_CONTEXT(3) 
GLOBAL_UNCERTAINTY_ASSIGNED_CONTEXT((#3437)) 
GLOBAL_UNIT_ASSIGNED_CONTEXT((#3434,#3435,#3436)) REPRESENTATION_CONTEXT
('Context #1','3D Context with UNIT and UNCERTAINTY') );
#3434 = ( LENGTH_UNIT() NAMED_UNIT(*) SI_UNIT(.MILLI.,.METRE.) );
#3435 = ( NAMED_UNIT(*) PLANE_ANGLE_UNIT() SI_UNIT($,.RADIAN.) );
#3436 = ( NAMED_UNIT(*) SI_UNIT($,.STERADIAN.) SOLID_ANGLE_UNIT() );
#3437 = UNCERTAINTY_MEASURE_WITH_UNIT(LENGTH_MEASURE(1.E-07),#3434,
  'distance_accuracy_value','confusion accuracy');
#3438 = CONTEXT_DEPENDENT_SHAPE_REPRESENTATION(#3439,#3441);
#3439 = ( REPRESENTATION_RELATIONSHIP('','',#3334,#10) 
REPRESENTATION_RELATIONSHIP_WITH_TRANSFORMATION(#3440) 
SHAPE_REPRESENTATION_RELATIONSHIP() );
#3440 = ITEM_DEFINED_TRANSFORMATION('','',#11,#87);
#3441 = PRODUCT_DEFINITION_SHAPE('Placement','Placement of an item',
  #3442);
#3442 = NEXT_ASSEMBLY_USAGE_OCCURRENCE('19',
  'lumber_leg_bolt_left_4_shaft','',#5,#3329,$);
#3443 = PRODUCT_RELATED_PRODUCT_CATEGORY('part',$,(#3331));
#3444 = SHAPE_DEFINITION_REPRESENTATION(#3445,#3451);
#3445 = PRODUCT_DEFINITION_SHAPE('','',#3446);
#3446 = PRODUCT_DEFINITION('design','',#3447,#3450);
#3447 = PRODUCT_DEFINITION_FORMATION('','',#3448);
#3448 = PRODUCT('lumber_leg_bolt_left_4_head_plate',
  'lumber_leg_bolt_left_4_head_plate','',(#3449));
#3449 = PRODUCT_CONTEXT('',#2,'mechanical');
#3450 = PRODUCT_DEFINITION_CONTEXT('part definition',#2,'design');
#3451 = ADVANCED_BREP_SHAPE_REPRESENTATION('',(#11,#3452),#3634);
#3452 = MANIFOLD_SOLID_BREP('',#3453);
#3453 = CLOSED_SHELL('',(#3454,#3542,#3577,#3607));
#3454 = ADVANCED_FACE('',(#3455),#3468,.T.);
#3455 = FACE_BOUND('',#3456,.T.);
#3456 = EDGE_LOOP('',(#3457,#3491,#3514,#3541));
#3457 = ORIENTED_EDGE('',*,*,#3458,.F.);
#3458 = EDGE_CURVE('',#3459,#3459,#3461,.T.);
#3459 = VERTEX_POINT('',#3460);
#3460 = CARTESIAN_POINT('',(-1.2573E+03,991.57670325002,
    1.628533343957E+03));
#3461 = SURFACE_CURVE('',#3462,(#3467,#3479),.PCURVE_S1.);
#3462 = CIRCLE('',#3463,19.05);
#3463 = AXIS2_PLACEMENT_3D('',#3464,#3465,#3466);
#3464 = CARTESIAN_POINT('',(-1.2573E+03,991.57670325002,
    1.609483343957E+03));
#3465 = DIRECTION('',(1.,0.,-0.));
#3466 = DIRECTION('',(0.,0.,1.));
#3467 = PCURVE('',#3468,#3473);
#3468 = CYLINDRICAL_SURFACE('',#3469,19.05);
#3469 = AXIS2_PLACEMENT_3D('',#3470,#3471,#3472);
#3470 = CARTESIAN_POINT('',(-1.26365E+03,991.57670325002,
    1.609483343957E+03));
#3471 = DIRECTION('',(1.,-0.,-0.));
#3472 = DIRECTION('',(0.,0.,1.));
#3473 = DEFINITIONAL_REPRESENTATION('',(#3474),#3478);
#3474 = LINE('',#3475,#3476);
#3475 = CARTESIAN_POINT('',(0.,6.35));
#3476 = VECTOR('',#3477,1.);
#3477 = DIRECTION('',(1.,0.));
#3478 = ( GEOMETRIC_REPRESENTATION_CONTEXT(2) 
PARAMETRIC_REPRESENTATION_CONTEXT() REPRESENTATION_CONTEXT('2D SPACE',''
  ) );
#3479 = PCURVE('',#3480,#3485);
#3480 = PLANE('',#3481);
#3481 = AXIS2_PLACEMENT_3D('',#3482,#3483,#3484);
#3482 = CARTESIAN_POINT('',(-1.2573E+03,991.57670325002,
    1.609483343957E+03));
#3483 = DIRECTION('',(1.,-0.,-0.));
#3484 = DIRECTION('',(0.,0.,1.));
#3485 = DEFINITIONAL_REPRESENTATION('',(#3486),#3490);
#3486 = CIRCLE('',#3487,19.05);
#3487 = AXIS2_PLACEMENT_2D('',#3488,#3489);
#3488 = CARTESIAN_POINT('',(0.,0.));
#3489 = DIRECTION('',(1.,0.));
#3490 = ( GEOMETRIC_REPRESENTATION_CONTEXT(2) 
PARAMETRIC_REPRESENTATION_CONTEXT() REPRESENTATION_CONTEXT('2D SPACE',''
  ) );
#3491 = ORIENTED_EDGE('',*,*,#3492,.F.);
#3492 = EDGE_CURVE('',#3493,#3459,#3495,.T.);
#3493 = VERTEX_POINT('',#3494);
#3494 = CARTESIAN_POINT('',(-1.26365E+03,991.57670325002,
    1.628533343957E+03));
#3495 = SEAM_CURVE('',#3496,(#3500,#3507),.PCURVE_S1.);
#3496 = LINE('',#3497,#3498);
#3497 = CARTESIAN_POINT('',(-1.26365E+03,991.57670325002,
    1.628533343957E+03));
#3498 = VECTOR('',#3499,1.);
#3499 = DIRECTION('',(1.,0.,0.));
#3500 = PCURVE('',#3468,#3501);
#3501 = DEFINITIONAL_REPRESENTATION('',(#3502),#3506);
#3502 = LINE('',#3503,#3504);
#3503 = CARTESIAN_POINT('',(6.28318530718,-0.));
#3504 = VECTOR('',#3505,1.);
#3505 = DIRECTION('',(0.,1.));
#3506 = ( GEOMETRIC_REPRESENTATION_CONTEXT(2) 
PARAMETRIC_REPRESENTATION_CONTEXT() REPRESENTATION_CONTEXT('2D SPACE',''
  ) );
#3507 = PCURVE('',#3468,#3508);
#3508 = DEFINITIONAL_REPRESENTATION('',(#3509),#3513);
#3509 = LINE('',#3510,#3511);
#3510 = CARTESIAN_POINT('',(0.,-0.));
#3511 = VECTOR('',#3512,1.);
#3512 = DIRECTION('',(0.,1.));
#3513 = ( GEOMETRIC_REPRESENTATION_CONTEXT(2) 
PARAMETRIC_REPRESENTATION_CONTEXT() REPRESENTATION_CONTEXT('2D SPACE',''
  ) );
#3514 = ORIENTED_EDGE('',*,*,#3515,.T.);
#3515 = EDGE_CURVE('',#3493,#3493,#3516,.T.);
#3516 = SURFACE_CURVE('',#3517,(#3522,#3529),.PCURVE_S1.);
#3517 = CIRCLE('',#3518,19.05);
#3518 = AXIS2_PLACEMENT_3D('',#3519,#3520,#3521);
#3519 = CARTESIAN_POINT('',(-1.26365E+03,991.57670325002,
    1.609483343957E+03));
#3520 = DIRECTION('',(1.,0.,-0.));
#3521 = DIRECTION('',(0.,0.,1.));
#3522 = PCURVE('',#3468,#3523);
#3523 = DEFINITIONAL_REPRESENTATION('',(#3524),#3528);
#3524 = LINE('',#3525,#3526);
#3525 = CARTESIAN_POINT('',(0.,0.));
#3526 = VECTOR('',#3527,1.);
#3527 = DIRECTION('',(1.,0.));
#3528 = ( GEOMETRIC_REPRESENTATION_CONTEXT(2) 
PARAMETRIC_REPRESENTATION_CONTEXT() REPRESENTATION_CONTEXT('2D SPACE',''
  ) );
#3529 = PCURVE('',#3530,#3535);
#3530 = PLANE('',#3531);
#3531 = AXIS2_PLACEMENT_3D('',#3532,#3533,#3534);
#3532 = CARTESIAN_POINT('',(-1.26365E+03,991.57670325002,
    1.609483343957E+03));
#3533 = DIRECTION('',(1.,-0.,-0.));
#3534 = DIRECTION('',(0.,0.,1.));
#3535 = DEFINITIONAL_REPRESENTATION('',(#3536),#3540);
#3536 = CIRCLE('',#3537,19.05);
#3537 = AXIS2_PLACEMENT_2D('',#3538,#3539);
#3538 = CARTESIAN_POINT('',(0.,0.));
#3539 = DIRECTION('',(1.,0.));
#3540 = ( GEOMETRIC_REPRESENTATION_CONTEXT(2) 
PARAMETRIC_REPRESENTATION_CONTEXT() REPRESENTATION_CONTEXT('2D SPACE',''
  ) );
#3541 = ORIENTED_EDGE('',*,*,#3492,.T.);
#3542 = ADVANCED_FACE('',(#3543,#3546),#3480,.T.);
#3543 = FACE_BOUND('',#3544,.T.);
#3544 = EDGE_LOOP('',(#3545));
#3545 = ORIENTED_EDGE('',*,*,#3458,.T.);
#3546 = FACE_BOUND('',#3547,.T.);
#3547 = EDGE_LOOP('',(#3548));
#3548 = ORIENTED_EDGE('',*,*,#3549,.F.);
#3549 = EDGE_CURVE('',#3550,#3550,#3552,.T.);
#3550 = VERTEX_POINT('',#3551);
#3551 = CARTESIAN_POINT('',(-1.2573E+03,991.57670325002,
    1.615039593957E+03));
#3552 = SURFACE_CURVE('',#3553,(#3558,#3565),.PCURVE_S1.);
#3553 = CIRCLE('',#3554,5.55625);
#3554 = AXIS2_PLACEMENT_3D('',#3555,#3556,#3557);
#3555 = CARTESIAN_POINT('',(-1.2573E+03,991.57670325002,
    1.609483343957E+03));
#3556 = DIRECTION('',(1.,0.,-0.));
#3557 = DIRECTION('',(0.,0.,1.));
#3558 = PCURVE('',#3480,#3559);
#3559 = DEFINITIONAL_REPRESENTATION('',(#3560),#3564);
#3560 = CIRCLE('',#3561,5.55625);
#3561 = AXIS2_PLACEMENT_2D('',#3562,#3563);
#3562 = CARTESIAN_POINT('',(0.,0.));
#3563 = DIRECTION('',(1.,0.));
#3564 = ( GEOMETRIC_REPRESENTATION_CONTEXT(2) 
PARAMETRIC_REPRESENTATION_CONTEXT() REPRESENTATION_CONTEXT('2D SPACE',''
  ) );
#3565 = PCURVE('',#3566,#3571);
#3566 = CYLINDRICAL_SURFACE('',#3567,5.55625);
#3567 = AXIS2_PLACEMENT_3D('',#3568,#3569,#3570);
#3568 = CARTESIAN_POINT('',(-1.26365E+03,991.57670325002,
    1.609483343957E+03));
#3569 = DIRECTION('',(1.,-0.,-0.));
#3570 = DIRECTION('',(0.,0.,1.));
#3571 = DEFINITIONAL_REPRESENTATION('',(#3572),#3576);
#3572 = LINE('',#3573,#3574);
#3573 = CARTESIAN_POINT('',(0.,6.35));
#3574 = VECTOR('',#3575,1.);
#3575 = DIRECTION('',(1.,0.));
#3576 = ( GEOMETRIC_REPRESENTATION_CONTEXT(2) 
PARAMETRIC_REPRESENTATION_CONTEXT() REPRESENTATION_CONTEXT('2D SPACE',''
  ) );
#3577 = ADVANCED_FACE('',(#3578,#3581),#3530,.F.);
#3578 = FACE_BOUND('',#3579,.F.);
#3579 = EDGE_LOOP('',(#3580));
#3580 = ORIENTED_EDGE('',*,*,#3515,.T.);
#3581 = FACE_BOUND('',#3582,.F.);
#3582 = EDGE_LOOP('',(#3583));
#3583 = ORIENTED_EDGE('',*,*,#3584,.F.);
#3584 = EDGE_CURVE('',#3585,#3585,#3587,.T.);
#3585 = VERTEX_POINT('',#3586);
#3586 = CARTESIAN_POINT('',(-1.26365E+03,991.57670325002,
    1.615039593957E+03));
#3587 = SURFACE_CURVE('',#3588,(#3593,#3600),.PCURVE_S1.);
#3588 = CIRCLE('',#3589,5.55625);
#3589 = AXIS2_PLACEMENT_3D('',#3590,#3591,#3592);
#3590 = CARTESIAN_POINT('',(-1.26365E+03,991.57670325002,
    1.609483343957E+03));
#3591 = DIRECTION('',(1.,0.,-0.));
#3592 = DIRECTION('',(0.,0.,1.));
#3593 = PCURVE('',#3530,#3594);
#3594 = DEFINITIONAL_REPRESENTATION('',(#3595),#3599);
#3595 = CIRCLE('',#3596,5.55625);
#3596 = AXIS2_PLACEMENT_2D('',#3597,#3598);
#3597 = CARTESIAN_POINT('',(0.,0.));
#3598 = DIRECTION('',(1.,0.));
#3599 = ( GEOMETRIC_REPRESENTATION_CONTEXT(2) 
PARAMETRIC_REPRESENTATION_CONTEXT() REPRESENTATION_CONTEXT('2D SPACE',''
  ) );
#3600 = PCURVE('',#3566,#3601);
#3601 = DEFINITIONAL_REPRESENTATION('',(#3602),#3606);
#3602 = LINE('',#3603,#3604);
#3603 = CARTESIAN_POINT('',(0.,0.));
#3604 = VECTOR('',#3605,1.);
#3605 = DIRECTION('',(1.,0.));
#3606 = ( GEOMETRIC_REPRESENTATION_CONTEXT(2) 
PARAMETRIC_REPRESENTATION_CONTEXT() REPRESENTATION_CONTEXT('2D SPACE',''
  ) );
#3607 = ADVANCED_FACE('',(#3608),#3566,.F.);
#3608 = FACE_BOUND('',#3609,.F.);
#3609 = EDGE_LOOP('',(#3610,#3611,#3632,#3633));
#3610 = ORIENTED_EDGE('',*,*,#3549,.F.);
#3611 = ORIENTED_EDGE('',*,*,#3612,.F.);
#3612 = EDGE_CURVE('',#3585,#3550,#3613,.T.);
#3613 = SEAM_CURVE('',#3614,(#3618,#3625),.PCURVE_S1.);
#3614 = LINE('',#3615,#3616);
#3615 = CARTESIAN_POINT('',(-1.26365E+03,991.57670325002,
    1.615039593957E+03));
#3616 = VECTOR('',#3617,1.);
#3617 = DIRECTION('',(1.,0.,0.));
#3618 = PCURVE('',#3566,#3619);
#3619 = DEFINITIONAL_REPRESENTATION('',(#3620),#3624);
#3620 = LINE('',#3621,#3622);
#3621 = CARTESIAN_POINT('',(6.28318530718,-0.));
#3622 = VECTOR('',#3623,1.);
#3623 = DIRECTION('',(0.,1.));
#3624 = ( GEOMETRIC_REPRESENTATION_CONTEXT(2) 
PARAMETRIC_REPRESENTATION_CONTEXT() REPRESENTATION_CONTEXT('2D SPACE',''
  ) );
#3625 = PCURVE('',#3566,#3626);
#3626 = DEFINITIONAL_REPRESENTATION('',(#3627),#3631);
#3627 = LINE('',#3628,#3629);
#3628 = CARTESIAN_POINT('',(0.,-0.));
#3629 = VECTOR('',#3630,1.);
#3630 = DIRECTION('',(0.,1.));
#3631 = ( GEOMETRIC_REPRESENTATION_CONTEXT(2) 
PARAMETRIC_REPRESENTATION_CONTEXT() REPRESENTATION_CONTEXT('2D SPACE',''
  ) );
#3632 = ORIENTED_EDGE('',*,*,#3584,.T.);
#3633 = ORIENTED_EDGE('',*,*,#3612,.T.);
#3634 = ( GEOMETRIC_REPRESENTATION_CONTEXT(3) 
GLOBAL_UNCERTAINTY_ASSIGNED_CONTEXT((#3638)) 
GLOBAL_UNIT_ASSIGNED_CONTEXT((#3635,#3636,#3637)) REPRESENTATION_CONTEXT
('Context #1','3D Context with UNIT and UNCERTAINTY') );
#3635 = ( LENGTH_UNIT() NAMED_UNIT(*) SI_UNIT(.MILLI.,.METRE.) );
#3636 = ( NAMED_UNIT(*) PLANE_ANGLE_UNIT() SI_UNIT($,.RADIAN.) );
#3637 = ( NAMED_UNIT(*) SI_UNIT($,.STERADIAN.) SOLID_ANGLE_UNIT() );
#3638 = UNCERTAINTY_MEASURE_WITH_UNIT(LENGTH_MEASURE(1.E-07),#3635,
  'distance_accuracy_value','confusion accuracy');
#3639 = CONTEXT_DEPENDENT_SHAPE_REPRESENTATION(#3640,#3642);
#3640 = ( REPRESENTATION_RELATIONSHIP('','',#3451,#10) 
REPRESENTATION_RELATIONSHIP_WITH_TRANSFORMATION(#3641) 
SHAPE_REPRESENTATION_RELATIONSHIP() );
#3641 = ITEM_DEFINED_TRANSFORMATION('','',#11,#91);
#3642 = PRODUCT_DEFINITION_SHAPE('Placement','Placement of an item',
  #3643);
#3643 = NEXT_ASSEMBLY_USAGE_OCCURRENCE('20',
  'lumber_leg_bolt_left_4_head_plate','',#5,#3446,$);
#3644 = PRODUCT_RELATED_PRODUCT_CATEGORY('part',$,(#3448));
#3645 = SHAPE_DEFINITION_REPRESENTATION(#3646,#3652);
#3646 = PRODUCT_DEFINITION_SHAPE('','',#3647);
#3647 = PRODUCT_DEFINITION('design','',#3648,#3651);
#3648 = PRODUCT_DEFINITION_FORMATION('','',#3649);
#3649 = PRODUCT('lumber_leg_bolt_left_4_nut_plate',
  'lumber_leg_bolt_left_4_nut_plate','',(#3650));
#3650 = PRODUCT_CONTEXT('',#2,'mechanical');
#3651 = PRODUCT_DEFINITION_CONTEXT('part definition',#2,'design');
#3652 = ADVANCED_BREP_SHAPE_REPRESENTATION('',(#11,#3653),#3835);
#3653 = MANIFOLD_SOLID_BREP('',#3654);
#3654 = CLOSED_SHELL('',(#3655,#3743,#3778,#3808));
#3655 = ADVANCED_FACE('',(#3656),#3669,.T.);
#3656 = FACE_BOUND('',#3657,.T.);
#3657 = EDGE_LOOP('',(#3658,#3692,#3715,#3742));
#3658 = ORIENTED_EDGE('',*,*,#3659,.F.);
#3659 = EDGE_CURVE('',#3660,#3660,#3662,.T.);
#3660 = VERTEX_POINT('',#3661);
#3661 = CARTESIAN_POINT('',(-1.17475E+03,991.57670325002,
    1.628533343957E+03));
#3662 = SURFACE_CURVE('',#3663,(#3668,#3680),.PCURVE_S1.);
#3663 = CIRCLE('',#3664,19.05);
#3664 = AXIS2_PLACEMENT_3D('',#3665,#3666,#3667);
#3665 = CARTESIAN_POINT('',(-1.17475E+03,991.57670325002,
    1.609483343957E+03));
#3666 = DIRECTION('',(1.,0.,-0.));
#3667 = DIRECTION('',(0.,0.,1.));
#3668 = PCURVE('',#3669,#3674);
#3669 = CYLINDRICAL_SURFACE('',#3670,19.05);
#3670 = AXIS2_PLACEMENT_3D('',#3671,#3672,#3673);
#3671 = CARTESIAN_POINT('',(-1.1811E+03,991.57670325002,
    1.609483343957E+03));
#3672 = DIRECTION('',(1.,-0.,-0.));
#3673 = DIRECTION('',(0.,0.,1.));
#3674 = DEFINITIONAL_REPRESENTATION('',(#3675),#3679);
#3675 = LINE('',#3676,#3677);
#3676 = CARTESIAN_POINT('',(0.,6.35));
#3677 = VECTOR('',#3678,1.);
#3678 = DIRECTION('',(1.,0.));
#3679 = ( GEOMETRIC_REPRESENTATION_CONTEXT(2) 
PARAMETRIC_REPRESENTATION_CONTEXT() REPRESENTATION_CONTEXT('2D SPACE',''
  ) );
#3680 = PCURVE('',#3681,#3686);
#3681 = PLANE('',#3682);
#3682 = AXIS2_PLACEMENT_3D('',#3683,#3684,#3685);
#3683 = CARTESIAN_POINT('',(-1.17475E+03,991.57670325002,
    1.609483343957E+03));
#3684 = DIRECTION('',(1.,-0.,-0.));
#3685 = DIRECTION('',(0.,0.,1.));
#3686 = DEFINITIONAL_REPRESENTATION('',(#3687),#3691);
#3687 = CIRCLE('',#3688,19.05);
#3688 = AXIS2_PLACEMENT_2D('',#3689,#3690);
#3689 = CARTESIAN_POINT('',(0.,0.));
#3690 = DIRECTION('',(1.,0.));
#3691 = ( GEOMETRIC_REPRESENTATION_CONTEXT(2) 
PARAMETRIC_REPRESENTATION_CONTEXT() REPRESENTATION_CONTEXT('2D SPACE',''
  ) );
#3692 = ORIENTED_EDGE('',*,*,#3693,.F.);
#3693 = EDGE_CURVE('',#3694,#3660,#3696,.T.);
#3694 = VERTEX_POINT('',#3695);
#3695 = CARTESIAN_POINT('',(-1.1811E+03,991.57670325002,
    1.628533343957E+03));
#3696 = SEAM_CURVE('',#3697,(#3701,#3708),.PCURVE_S1.);
#3697 = LINE('',#3698,#3699);
#3698 = CARTESIAN_POINT('',(-1.1811E+03,991.57670325002,
    1.628533343957E+03));
#3699 = VECTOR('',#3700,1.);
#3700 = DIRECTION('',(1.,0.,0.));
#3701 = PCURVE('',#3669,#3702);
#3702 = DEFINITIONAL_REPRESENTATION('',(#3703),#3707);
#3703 = LINE('',#3704,#3705);
#3704 = CARTESIAN_POINT('',(6.28318530718,-0.));
#3705 = VECTOR('',#3706,1.);
#3706 = DIRECTION('',(0.,1.));
#3707 = ( GEOMETRIC_REPRESENTATION_CONTEXT(2) 
PARAMETRIC_REPRESENTATION_CONTEXT() REPRESENTATION_CONTEXT('2D SPACE',''
  ) );
#3708 = PCURVE('',#3669,#3709);
#3709 = DEFINITIONAL_REPRESENTATION('',(#3710),#3714);
#3710 = LINE('',#3711,#3712);
#3711 = CARTESIAN_POINT('',(0.,-0.));
#3712 = VECTOR('',#3713,1.);
#3713 = DIRECTION('',(0.,1.));
#3714 = ( GEOMETRIC_REPRESENTATION_CONTEXT(2) 
PARAMETRIC_REPRESENTATION_CONTEXT() REPRESENTATION_CONTEXT('2D SPACE',''
  ) );
#3715 = ORIENTED_EDGE('',*,*,#3716,.T.);
#3716 = EDGE_CURVE('',#3694,#3694,#3717,.T.);
#3717 = SURFACE_CURVE('',#3718,(#3723,#3730),.PCURVE_S1.);
#3718 = CIRCLE('',#3719,19.05);
#3719 = AXIS2_PLACEMENT_3D('',#3720,#3721,#3722);
#3720 = CARTESIAN_POINT('',(-1.1811E+03,991.57670325002,
    1.609483343957E+03));
#3721 = DIRECTION('',(1.,0.,-0.));
#3722 = DIRECTION('',(0.,0.,1.));
#3723 = PCURVE('',#3669,#3724);
#3724 = DEFINITIONAL_REPRESENTATION('',(#3725),#3729);
#3725 = LINE('',#3726,#3727);
#3726 = CARTESIAN_POINT('',(0.,0.));
#3727 = VECTOR('',#3728,1.);
#3728 = DIRECTION('',(1.,0.));
#3729 = ( GEOMETRIC_REPRESENTATION_CONTEXT(2) 
PARAMETRIC_REPRESENTATION_CONTEXT() REPRESENTATION_CONTEXT('2D SPACE',''
  ) );
#3730 = PCURVE('',#3731,#3736);
#3731 = PLANE('',#3732);
#3732 = AXIS2_PLACEMENT_3D('',#3733,#3734,#3735);
#3733 = CARTESIAN_POINT('',(-1.1811E+03,991.57670325002,
    1.609483343957E+03));
#3734 = DIRECTION('',(1.,-0.,-0.));
#3735 = DIRECTION('',(0.,0.,1.));
#3736 = DEFINITIONAL_REPRESENTATION('',(#3737),#3741);
#3737 = CIRCLE('',#3738,19.05);
#3738 = AXIS2_PLACEMENT_2D('',#3739,#3740);
#3739 = CARTESIAN_POINT('',(0.,0.));
#3740 = DIRECTION('',(1.,0.));
#3741 = ( GEOMETRIC_REPRESENTATION_CONTEXT(2) 
PARAMETRIC_REPRESENTATION_CONTEXT() REPRESENTATION_CONTEXT('2D SPACE',''
  ) );
#3742 = ORIENTED_EDGE('',*,*,#3693,.T.);
#3743 = ADVANCED_FACE('',(#3744,#3747),#3681,.T.);
#3744 = FACE_BOUND('',#3745,.T.);
#3745 = EDGE_LOOP('',(#3746));
#3746 = ORIENTED_EDGE('',*,*,#3659,.T.);
#3747 = FACE_BOUND('',#3748,.T.);
#3748 = EDGE_LOOP('',(#3749));
#3749 = ORIENTED_EDGE('',*,*,#3750,.F.);
#3750 = EDGE_CURVE('',#3751,#3751,#3753,.T.);
#3751 = VERTEX_POINT('',#3752);
#3752 = CARTESIAN_POINT('',(-1.17475E+03,991.57670325002,
    1.615039593957E+03));
#3753 = SURFACE_CURVE('',#3754,(#3759,#3766),.PCURVE_S1.);
#3754 = CIRCLE('',#3755,5.55625);
#3755 = AXIS2_PLACEMENT_3D('',#3756,#3757,#3758);
#3756 = CARTESIAN_POINT('',(-1.17475E+03,991.57670325002,
    1.609483343957E+03));
#3757 = DIRECTION('',(1.,0.,-0.));
#3758 = DIRECTION('',(0.,0.,1.));
#3759 = PCURVE('',#3681,#3760);
#3760 = DEFINITIONAL_REPRESENTATION('',(#3761),#3765);
#3761 = CIRCLE('',#3762,5.55625);
#3762 = AXIS2_PLACEMENT_2D('',#3763,#3764);
#3763 = CARTESIAN_POINT('',(0.,0.));
#3764 = DIRECTION('',(1.,0.));
#3765 = ( GEOMETRIC_REPRESENTATION_CONTEXT(2) 
PARAMETRIC_REPRESENTATION_CONTEXT() REPRESENTATION_CONTEXT('2D SPACE',''
  ) );
#3766 = PCURVE('',#3767,#3772);
#3767 = CYLINDRICAL_SURFACE('',#3768,5.55625);
#3768 = AXIS2_PLACEMENT_3D('',#3769,#3770,#3771);
#3769 = CARTESIAN_POINT('',(-1.1811E+03,991.57670325002,
    1.609483343957E+03));
#3770 = DIRECTION('',(1.,-0.,-0.));
#3771 = DIRECTION('',(0.,0.,1.));
#3772 = DEFINITIONAL_REPRESENTATION('',(#3773),#3777);
#3773 = LINE('',#3774,#3775);
#3774 = CARTESIAN_POINT('',(0.,6.35));
#3775 = VECTOR('',#3776,1.);
#3776 = DIRECTION('',(1.,0.));
#3777 = ( GEOMETRIC_REPRESENTATION_CONTEXT(2) 
PARAMETRIC_REPRESENTATION_CONTEXT() REPRESENTATION_CONTEXT('2D SPACE',''
  ) );
#3778 = ADVANCED_FACE('',(#3779,#3782),#3731,.F.);
#3779 = FACE_BOUND('',#3780,.F.);
#3780 = EDGE_LOOP('',(#3781));
#3781 = ORIENTED_EDGE('',*,*,#3716,.T.);
#3782 = FACE_BOUND('',#3783,.F.);
#3783 = EDGE_LOOP('',(#3784));
#3784 = ORIENTED_EDGE('',*,*,#3785,.F.);
#3785 = EDGE_CURVE('',#3786,#3786,#3788,.T.);
#3786 = VERTEX_POINT('',#3787);
#3787 = CARTESIAN_POINT('',(-1.1811E+03,991.57670325002,
    1.615039593957E+03));
#3788 = SURFACE_CURVE('',#3789,(#3794,#3801),.PCURVE_S1.);
#3789 = CIRCLE('',#3790,5.55625);
#3790 = AXIS2_PLACEMENT_3D('',#3791,#3792,#3793);
#3791 = CARTESIAN_POINT('',(-1.1811E+03,991.57670325002,
    1.609483343957E+03));
#3792 = DIRECTION('',(1.,0.,-0.));
#3793 = DIRECTION('',(0.,0.,1.));
#3794 = PCURVE('',#3731,#3795);
#3795 = DEFINITIONAL_REPRESENTATION('',(#3796),#3800);
#3796 = CIRCLE('',#3797,5.55625);
#3797 = AXIS2_PLACEMENT_2D('',#3798,#3799);
#3798 = CARTESIAN_POINT('',(0.,0.));
#3799 = DIRECTION('',(1.,0.));
#3800 = ( GEOMETRIC_REPRESENTATION_CONTEXT(2) 
PARAMETRIC_REPRESENTATION_CONTEXT() REPRESENTATION_CONTEXT('2D SPACE',''
  ) );
#3801 = PCURVE('',#3767,#3802);
#3802 = DEFINITIONAL_REPRESENTATION('',(#3803),#3807);
#3803 = LINE('',#3804,#3805);
#3804 = CARTESIAN_POINT('',(0.,0.));
#3805 = VECTOR('',#3806,1.);
#3806 = DIRECTION('',(1.,0.));
#3807 = ( GEOMETRIC_REPRESENTATION_CONTEXT(2) 
PARAMETRIC_REPRESENTATION_CONTEXT() REPRESENTATION_CONTEXT('2D SPACE',''
  ) );
#3808 = ADVANCED_FACE('',(#3809),#3767,.F.);
#3809 = FACE_BOUND('',#3810,.F.);
#3810 = EDGE_LOOP('',(#3811,#3812,#3833,#3834));
#3811 = ORIENTED_EDGE('',*,*,#3750,.F.);
#3812 = ORIENTED_EDGE('',*,*,#3813,.F.);
#3813 = EDGE_CURVE('',#3786,#3751,#3814,.T.);
#3814 = SEAM_CURVE('',#3815,(#3819,#3826),.PCURVE_S1.);
#3815 = LINE('',#3816,#3817);
#3816 = CARTESIAN_POINT('',(-1.1811E+03,991.57670325002,
    1.615039593957E+03));
#3817 = VECTOR('',#3818,1.);
#3818 = DIRECTION('',(1.,0.,0.));
#3819 = PCURVE('',#3767,#3820);
#3820 = DEFINITIONAL_REPRESENTATION('',(#3821),#3825);
#3821 = LINE('',#3822,#3823);
#3822 = CARTESIAN_POINT('',(6.28318530718,-0.));
#3823 = VECTOR('',#3824,1.);
#3824 = DIRECTION('',(0.,1.));
#3825 = ( GEOMETRIC_REPRESENTATION_CONTEXT(2) 
PARAMETRIC_REPRESENTATION_CONTEXT() REPRESENTATION_CONTEXT('2D SPACE',''
  ) );
#3826 = PCURVE('',#3767,#3827);
#3827 = DEFINITIONAL_REPRESENTATION('',(#3828),#3832);
#3828 = LINE('',#3829,#3830);
#3829 = CARTESIAN_POINT('',(0.,-0.));
#3830 = VECTOR('',#3831,1.);
#3831 = DIRECTION('',(0.,1.));
#3832 = ( GEOMETRIC_REPRESENTATION_CONTEXT(2) 
PARAMETRIC_REPRESENTATION_CONTEXT() REPRESENTATION_CONTEXT('2D SPACE',''
  ) );
#3833 = ORIENTED_EDGE('',*,*,#3785,.T.);
#3834 = ORIENTED_EDGE('',*,*,#3813,.T.);
#3835 = ( GEOMETRIC_REPRESENTATION_CONTEXT(3) 
GLOBAL_UNCERTAINTY_ASSIGNED_CONTEXT((#3839)) 
GLOBAL_UNIT_ASSIGNED_CONTEXT((#3836,#3837,#3838)) REPRESENTATION_CONTEXT
('Context #1','3D Context with UNIT and UNCERTAINTY') );
#3836 = ( LENGTH_UNIT() NAMED_UNIT(*) SI_UNIT(.MILLI.,.METRE.) );
#3837 = ( NAMED_UNIT(*) PLANE_ANGLE_UNIT() SI_UNIT($,.RADIAN.) );
#3838 = ( NAMED_UNIT(*) SI_UNIT($,.STERADIAN.) SOLID_ANGLE_UNIT() );
#3839 = UNCERTAINTY_MEASURE_WITH_UNIT(LENGTH_MEASURE(1.E-07),#3836,
  'distance_accuracy_value','confusion accuracy');
#3840 = CONTEXT_DEPENDENT_SHAPE_REPRESENTATION(#3841,#3843);
#3841 = ( REPRESENTATION_RELATIONSHIP('','',#3652,#10) 
REPRESENTATION_RELATIONSHIP_WITH_TRANSFORMATION(#3842) 
SHAPE_REPRESENTATION_RELATIONSHIP() );
#3842 = ITEM_DEFINED_TRANSFORMATION('','',#11,#95);
#3843 = PRODUCT_DEFINITION_SHAPE('Placement','Placement of an item',
  #3844);
#3844 = NEXT_ASSEMBLY_USAGE_OCCURRENCE('21',
  'lumber_leg_bolt_left_4_nut_plate','',#5,#3647,$);
#3845 = PRODUCT_RELATED_PRODUCT_CATEGORY('part',$,(#3649));
#3846 = SHAPE_DEFINITION_REPRESENTATION(#3847,#3853);
#3847 = PRODUCT_DEFINITION_SHAPE('','',#3848);
#3848 = PRODUCT_DEFINITION('design','',#3849,#3852);
#3849 = PRODUCT_DEFINITION_FORMATION('','',#3850);
#3850 = PRODUCT('lumber_leg_bolt_left_4_spacer',
  'lumber_leg_bolt_left_4_spacer','',(#3851));
#3851 = PRODUCT_CONTEXT('',#2,'mechanical');
#3852 = PRODUCT_DEFINITION_CONTEXT('part definition',#2,'design');
#3853 = ADVANCED_BREP_SHAPE_REPRESENTATION('',(#11,#3854),#4036);
#3854 = MANIFOLD_SOLID_BREP('',#3855);
#3855 = CLOSED_SHELL('',(#3856,#3944,#3979,#4009));
#3856 = ADVANCED_FACE('',(#3857),#3870,.T.);
#3857 = FACE_BOUND('',#3858,.T.);
#3858 = EDGE_LOOP('',(#3859,#3893,#3916,#3943));
#3859 = ORIENTED_EDGE('',*,*,#3860,.F.);
#3860 = EDGE_CURVE('',#3861,#3861,#3863,.T.);
#3861 = VERTEX_POINT('',#3862);
#3862 = CARTESIAN_POINT('',(-1.1557E+03,991.57670325002,
    1.619483343957E+03));
#3863 = SURFACE_CURVE('',#3864,(#3869,#3881),.PCURVE_S1.);
#3864 = CIRCLE('',#3865,10.);
#3865 = AXIS2_PLACEMENT_3D('',#3866,#3867,#3868);
#3866 = CARTESIAN_POINT('',(-1.1557E+03,991.57670325002,
    1.609483343957E+03));
#3867 = DIRECTION('',(1.,0.,-0.));
#3868 = DIRECTION('',(0.,0.,1.));
#3869 = PCURVE('',#3870,#3875);
#3870 = CYLINDRICAL_SURFACE('',#3871,10.);
#3871 = AXIS2_PLACEMENT_3D('',#3872,#3873,#3874);
#3872 = CARTESIAN_POINT('',(-1.17475E+03,991.57670325002,
    1.609483343957E+03));
#3873 = DIRECTION('',(1.,-0.,-0.));
#3874 = DIRECTION('',(0.,0.,1.));
#3875 = DEFINITIONAL_REPRESENTATION('',(#3876),#3880);
#3876 = LINE('',#3877,#3878);
#3877 = CARTESIAN_POINT('',(0.,19.05));
#3878 = VECTOR('',#3879,1.);
#3879 = DIRECTION('',(1.,0.));
#3880 = ( GEOMETRIC_REPRESENTATION_CONTEXT(2) 
PARAMETRIC_REPRESENTATION_CONTEXT() REPRESENTATION_CONTEXT('2D SPACE',''
  ) );
#3881 = PCURVE('',#3882,#3887);
#3882 = PLANE('',#3883);
#3883 = AXIS2_PLACEMENT_3D('',#3884,#3885,#3886);
#3884 = CARTESIAN_POINT('',(-1.1557E+03,991.57670325002,
    1.609483343957E+03));
#3885 = DIRECTION('',(1.,-0.,-0.));
#3886 = DIRECTION('',(0.,0.,1.));
#3887 = DEFINITIONAL_REPRESENTATION('',(#3888),#3892);
#3888 = CIRCLE('',#3889,10.);
#3889 = AXIS2_PLACEMENT_2D('',#3890,#3891);
#3890 = CARTESIAN_POINT('',(0.,0.));
#3891 = DIRECTION('',(1.,0.));
#3892 = ( GEOMETRIC_REPRESENTATION_CONTEXT(2) 
PARAMETRIC_REPRESENTATION_CONTEXT() REPRESENTATION_CONTEXT('2D SPACE',''
  ) );
#3893 = ORIENTED_EDGE('',*,*,#3894,.F.);
#3894 = EDGE_CURVE('',#3895,#3861,#3897,.T.);
#3895 = VERTEX_POINT('',#3896);
#3896 = CARTESIAN_POINT('',(-1.17475E+03,991.57670325002,
    1.619483343957E+03));
#3897 = SEAM_CURVE('',#3898,(#3902,#3909),.PCURVE_S1.);
#3898 = LINE('',#3899,#3900);
#3899 = CARTESIAN_POINT('',(-1.17475E+03,991.57670325002,
    1.619483343957E+03));
#3900 = VECTOR('',#3901,1.);
#3901 = DIRECTION('',(1.,0.,0.));
#3902 = PCURVE('',#3870,#3903);
#3903 = DEFINITIONAL_REPRESENTATION('',(#3904),#3908);
#3904 = LINE('',#3905,#3906);
#3905 = CARTESIAN_POINT('',(6.28318530718,-0.));
#3906 = VECTOR('',#3907,1.);
#3907 = DIRECTION('',(0.,1.));
#3908 = ( GEOMETRIC_REPRESENTATION_CONTEXT(2) 
PARAMETRIC_REPRESENTATION_CONTEXT() REPRESENTATION_CONTEXT('2D SPACE',''
  ) );
#3909 = PCURVE('',#3870,#3910);
#3910 = DEFINITIONAL_REPRESENTATION('',(#3911),#3915);
#3911 = LINE('',#3912,#3913);
#3912 = CARTESIAN_POINT('',(0.,-0.));
#3913 = VECTOR('',#3914,1.);
#3914 = DIRECTION('',(0.,1.));
#3915 = ( GEOMETRIC_REPRESENTATION_CONTEXT(2) 
PARAMETRIC_REPRESENTATION_CONTEXT() REPRESENTATION_CONTEXT('2D SPACE',''
  ) );
#3916 = ORIENTED_EDGE('',*,*,#3917,.T.);
#3917 = EDGE_CURVE('',#3895,#3895,#3918,.T.);
#3918 = SURFACE_CURVE('',#3919,(#3924,#3931),.PCURVE_S1.);
#3919 = CIRCLE('',#3920,10.);
#3920 = AXIS2_PLACEMENT_3D('',#3921,#3922,#3923);
#3921 = CARTESIAN_POINT('',(-1.17475E+03,991.57670325002,
    1.609483343957E+03));
#3922 = DIRECTION('',(1.,0.,-0.));
#3923 = DIRECTION('',(0.,0.,1.));
#3924 = PCURVE('',#3870,#3925);
#3925 = DEFINITIONAL_REPRESENTATION('',(#3926),#3930);
#3926 = LINE('',#3927,#3928);
#3927 = CARTESIAN_POINT('',(0.,0.));
#3928 = VECTOR('',#3929,1.);
#3929 = DIRECTION('',(1.,0.));
#3930 = ( GEOMETRIC_REPRESENTATION_CONTEXT(2) 
PARAMETRIC_REPRESENTATION_CONTEXT() REPRESENTATION_CONTEXT('2D SPACE',''
  ) );
#3931 = PCURVE('',#3932,#3937);
#3932 = PLANE('',#3933);
#3933 = AXIS2_PLACEMENT_3D('',#3934,#3935,#3936);
#3934 = CARTESIAN_POINT('',(-1.17475E+03,991.57670325002,
    1.609483343957E+03));
#3935 = DIRECTION('',(1.,-0.,-0.));
#3936 = DIRECTION('',(0.,0.,1.));
#3937 = DEFINITIONAL_REPRESENTATION('',(#3938),#3942);
#3938 = CIRCLE('',#3939,10.);
#3939 = AXIS2_PLACEMENT_2D('',#3940,#3941);
#3940 = CARTESIAN_POINT('',(0.,0.));
#3941 = DIRECTION('',(1.,0.));
#3942 = ( GEOMETRIC_REPRESENTATION_CONTEXT(2) 
PARAMETRIC_REPRESENTATION_CONTEXT() REPRESENTATION_CONTEXT('2D SPACE',''
  ) );
#3943 = ORIENTED_EDGE('',*,*,#3894,.T.);
#3944 = ADVANCED_FACE('',(#3945,#3948),#3882,.T.);
#3945 = FACE_BOUND('',#3946,.T.);
#3946 = EDGE_LOOP('',(#3947));
#3947 = ORIENTED_EDGE('',*,*,#3860,.T.);
#3948 = FACE_BOUND('',#3949,.T.);
#3949 = EDGE_LOOP('',(#3950));
#3950 = ORIENTED_EDGE('',*,*,#3951,.F.);
#3951 = EDGE_CURVE('',#3952,#3952,#3954,.T.);
#3952 = VERTEX_POINT('',#3953);
#3953 = CARTESIAN_POINT('',(-1.1557E+03,991.57670325002,
    1.615039593957E+03));
#3954 = SURFACE_CURVE('',#3955,(#3960,#3967),.PCURVE_S1.);
#3955 = CIRCLE('',#3956,5.55625);
#3956 = AXIS2_PLACEMENT_3D('',#3957,#3958,#3959);
#3957 = CARTESIAN_POINT('',(-1.1557E+03,991.57670325002,
    1.609483343957E+03));
#3958 = DIRECTION('',(1.,0.,-0.));
#3959 = DIRECTION('',(0.,0.,1.));
#3960 = PCURVE('',#3882,#3961);
#3961 = DEFINITIONAL_REPRESENTATION('',(#3962),#3966);
#3962 = CIRCLE('',#3963,5.55625);
#3963 = AXIS2_PLACEMENT_2D('',#3964,#3965);
#3964 = CARTESIAN_POINT('',(0.,0.));
#3965 = DIRECTION('',(1.,0.));
#3966 = ( GEOMETRIC_REPRESENTATION_CONTEXT(2) 
PARAMETRIC_REPRESENTATION_CONTEXT() REPRESENTATION_CONTEXT('2D SPACE',''
  ) );
#3967 = PCURVE('',#3968,#3973);
#3968 = CYLINDRICAL_SURFACE('',#3969,5.55625);
#3969 = AXIS2_PLACEMENT_3D('',#3970,#3971,#3972);
#3970 = CARTESIAN_POINT('',(-1.17475E+03,991.57670325002,
    1.609483343957E+03));
#3971 = DIRECTION('',(1.,-0.,-0.));
#3972 = DIRECTION('',(0.,0.,1.));
#3973 = DEFINITIONAL_REPRESENTATION('',(#3974),#3978);
#3974 = LINE('',#3975,#3976);
#3975 = CARTESIAN_POINT('',(0.,19.05));
#3976 = VECTOR('',#3977,1.);
#3977 = DIRECTION('',(1.,0.));
#3978 = ( GEOMETRIC_REPRESENTATION_CONTEXT(2) 
PARAMETRIC_REPRESENTATION_CONTEXT() REPRESENTATION_CONTEXT('2D SPACE',''
  ) );
#3979 = ADVANCED_FACE('',(#3980,#3983),#3932,.F.);
#3980 = FACE_BOUND('',#3981,.F.);
#3981 = EDGE_LOOP('',(#3982));
#3982 = ORIENTED_EDGE('',*,*,#3917,.T.);
#3983 = FACE_BOUND('',#3984,.F.);
#3984 = EDGE_LOOP('',(#3985));
#3985 = ORIENTED_EDGE('',*,*,#3986,.F.);
#3986 = EDGE_CURVE('',#3987,#3987,#3989,.T.);
#3987 = VERTEX_POINT('',#3988);
#3988 = CARTESIAN_POINT('',(-1.17475E+03,991.57670325002,
    1.615039593957E+03));
#3989 = SURFACE_CURVE('',#3990,(#3995,#4002),.PCURVE_S1.);
#3990 = CIRCLE('',#3991,5.55625);
#3991 = AXIS2_PLACEMENT_3D('',#3992,#3993,#3994);
#3992 = CARTESIAN_POINT('',(-1.17475E+03,991.57670325002,
    1.609483343957E+03));
#3993 = DIRECTION('',(1.,0.,-0.));
#3994 = DIRECTION('',(0.,0.,1.));
#3995 = PCURVE('',#3932,#3996);
#3996 = DEFINITIONAL_REPRESENTATION('',(#3997),#4001);
#3997 = CIRCLE('',#3998,5.55625);
#3998 = AXIS2_PLACEMENT_2D('',#3999,#4000);
#3999 = CARTESIAN_POINT('',(0.,0.));
#4000 = DIRECTION('',(1.,0.));
#4001 = ( GEOMETRIC_REPRESENTATION_CONTEXT(2) 
PARAMETRIC_REPRESENTATION_CONTEXT() REPRESENTATION_CONTEXT('2D SPACE',''
  ) );
#4002 = PCURVE('',#3968,#4003);
#4003 = DEFINITIONAL_REPRESENTATION('',(#4004),#4008);
#4004 = LINE('',#4005,#4006);
#4005 = CARTESIAN_POINT('',(0.,0.));
#4006 = VECTOR('',#4007,1.);
#4007 = DIRECTION('',(1.,0.));
#4008 = ( GEOMETRIC_REPRESENTATION_CONTEXT(2) 
PARAMETRIC_REPRESENTATION_CONTEXT() REPRESENTATION_CONTEXT('2D SPACE',''
  ) );
#4009 = ADVANCED_FACE('',(#4010),#3968,.F.);
#4010 = FACE_BOUND('',#4011,.F.);
#4011 = EDGE_LOOP('',(#4012,#4013,#4034,#4035));
#4012 = ORIENTED_EDGE('',*,*,#3951,.F.);
#4013 = ORIENTED_EDGE('',*,*,#4014,.F.);
#4014 = EDGE_CURVE('',#3987,#3952,#4015,.T.);
#4015 = SEAM_CURVE('',#4016,(#4020,#4027),.PCURVE_S1.);
#4016 = LINE('',#4017,#4018);
#4017 = CARTESIAN_POINT('',(-1.17475E+03,991.57670325002,
    1.615039593957E+03));
#4018 = VECTOR('',#4019,1.);
#4019 = DIRECTION('',(1.,0.,0.));
#4020 = PCURVE('',#3968,#4021);
#4021 = DEFINITIONAL_REPRESENTATION('',(#4022),#4026);
#4022 = LINE('',#4023,#4024);
#4023 = CARTESIAN_POINT('',(6.28318530718,-0.));
#4024 = VECTOR('',#4025,1.);
#4025 = DIRECTION('',(0.,1.));
#4026 = ( GEOMETRIC_REPRESENTATION_CONTEXT(2) 
PARAMETRIC_REPRESENTATION_CONTEXT() REPRESENTATION_CONTEXT('2D SPACE',''
  ) );
#4027 = PCURVE('',#3968,#4028);
#4028 = DEFINITIONAL_REPRESENTATION('',(#4029),#4033);
#4029 = LINE('',#4030,#4031);
#4030 = CARTESIAN_POINT('',(0.,-0.));
#4031 = VECTOR('',#4032,1.);
#4032 = DIRECTION('',(0.,1.));
#4033 = ( GEOMETRIC_REPRESENTATION_CONTEXT(2) 
PARAMETRIC_REPRESENTATION_CONTEXT() REPRESENTATION_CONTEXT('2D SPACE',''
  ) );
#4034 = ORIENTED_EDGE('',*,*,#3986,.T.);
#4035 = ORIENTED_EDGE('',*,*,#4014,.T.);
#4036 = ( GEOMETRIC_REPRESENTATION_CONTEXT(3) 
GLOBAL_UNCERTAINTY_ASSIGNED_CONTEXT((#4040)) 
GLOBAL_UNIT_ASSIGNED_CONTEXT((#4037,#4038,#4039)) REPRESENTATION_CONTEXT
('Context #1','3D Context with UNIT and UNCERTAINTY') );
#4037 = ( LENGTH_UNIT() NAMED_UNIT(*) SI_UNIT(.MILLI.,.METRE.) );
#4038 = ( NAMED_UNIT(*) PLANE_ANGLE_UNIT() SI_UNIT($,.RADIAN.) );
#4039 = ( NAMED_UNIT(*) SI_UNIT($,.STERADIAN.) SOLID_ANGLE_UNIT() );
#4040 = UNCERTAINTY_MEASURE_WITH_UNIT(LENGTH_MEASURE(1.E-07),#4037,
  'distance_accuracy_value','confusion accuracy');
#4041 = CONTEXT_DEPENDENT_SHAPE_REPRESENTATION(#4042,#4044);
#4042 = ( REPRESENTATION_RELATIONSHIP('','',#3853,#10) 
REPRESENTATION_RELATIONSHIP_WITH_TRANSFORMATION(#4043) 
SHAPE_REPRESENTATION_RELATIONSHIP() );
#4043 = ITEM_DEFINED_TRANSFORMATION('','',#11,#99);
#4044 = PRODUCT_DEFINITION_SHAPE('Placement','Placement of an item',
  #4045);
#4045 = NEXT_ASSEMBLY_USAGE_OCCURRENCE('22',
  'lumber_leg_bolt_left_4_spacer','',#5,#3848,$);
#4046 = PRODUCT_RELATED_PRODUCT_CATEGORY('part',$,(#3850));
#4047 = SHAPE_DEFINITION_REPRESENTATION(#4048,#4054);
#4048 = PRODUCT_DEFINITION_SHAPE('','',#4049);
#4049 = PRODUCT_DEFINITION('design','',#4050,#4053);
#4050 = PRODUCT_DEFINITION_FORMATION('','',#4051);
#4051 = PRODUCT('lumber_leg_bolt_left_4_head',
  'lumber_leg_bolt_left_4_head','',(#4052));
#4052 = PRODUCT_CONTEXT('',#2,'mechanical');
#4053 = PRODUCT_DEFINITION_CONTEXT('part definition',#2,'design');
#4054 = ADVANCED_BREP_SHAPE_REPRESENTATION('',(#11,#4055),#4153);
#4055 = MANIFOLD_SOLID_BREP('',#4056);
#4056 = CLOSED_SHELL('',(#4057,#4145,#4149));
#4057 = ADVANCED_FACE('',(#4058),#4071,.T.);
#4058 = FACE_BOUND('',#4059,.T.);
#4059 = EDGE_LOOP('',(#4060,#4094,#4117,#4144));
#4060 = ORIENTED_EDGE('',*,*,#4061,.F.);
#4061 = EDGE_CURVE('',#4062,#4062,#4064,.T.);
#4062 = VERTEX_POINT('',#4063);
#4063 = CARTESIAN_POINT('',(-1.2704572E+03,991.57670325002,
    1.601228343957E+03));
#4064 = SURFACE_CURVE('',#4065,(#4070,#4082),.PCURVE_S1.);
#4065 = CIRCLE('',#4066,8.255);
#4066 = AXIS2_PLACEMENT_3D('',#4067,#4068,#4069);
#4067 = CARTESIAN_POINT('',(-1.2704572E+03,991.57670325002,
    1.609483343957E+03));
#4068 = DIRECTION('',(-1.,0.,0.));
#4069 = DIRECTION('',(0.,0.,-1.));
#4070 = PCURVE('',#4071,#4076);
#4071 = CYLINDRICAL_SURFACE('',#4072,8.255);
#4072 = AXIS2_PLACEMENT_3D('',#4073,#4074,#4075);
#4073 = CARTESIAN_POINT('',(-1.26365E+03,991.57670325002,
    1.609483343957E+03));
#4074 = DIRECTION('',(-1.,0.,0.));
#4075 = DIRECTION('',(0.,0.,-1.));
#4076 = DEFINITIONAL_REPRESENTATION('',(#4077),#4081);
#4077 = LINE('',#4078,#4079);
#4078 = CARTESIAN_POINT('',(0.,6.8072));
#4079 = VECTOR('',#4080,1.);
#4080 = DIRECTION('',(1.,0.));
#4081 = ( GEOMETRIC_REPRESENTATION_CONTEXT(2) 
PARAMETRIC_REPRESENTATION_CONTEXT() REPRESENTATION_CONTEXT('2D SPACE',''
  ) );
#4082 = PCURVE('',#4083,#4088);
#4083 = PLANE('',#4084);
#4084 = AXIS2_PLACEMENT_3D('',#4085,#4086,#4087);
#4085 = CARTESIAN_POINT('',(-1.2704572E+03,991.57670325002,
    1.609483343957E+03));
#4086 = DIRECTION('',(-1.,0.,0.));
#4087 = DIRECTION('',(0.,0.,-1.));
#4088 = DEFINITIONAL_REPRESENTATION('',(#4089),#4093);
#4089 = CIRCLE('',#4090,8.255);
#4090 = AXIS2_PLACEMENT_2D('',#4091,#4092);
#4091 = CARTESIAN_POINT('',(0.,0.));
#4092 = DIRECTION('',(1.,0.));
#4093 = ( GEOMETRIC_REPRESENTATION_CONTEXT(2) 
PARAMETRIC_REPRESENTATION_CONTEXT() REPRESENTATION_CONTEXT('2D SPACE',''
  ) );
#4094 = ORIENTED_EDGE('',*,*,#4095,.F.);
#4095 = EDGE_CURVE('',#4096,#4062,#4098,.T.);
#4096 = VERTEX_POINT('',#4097);
#4097 = CARTESIAN_POINT('',(-1.26365E+03,991.57670325002,
    1.601228343957E+03));
#4098 = SEAM_CURVE('',#4099,(#4103,#4110),.PCURVE_S1.);
#4099 = LINE('',#4100,#4101);
#4100 = CARTESIAN_POINT('',(-1.26365E+03,991.57670325002,
    1.601228343957E+03));
#4101 = VECTOR('',#4102,1.);
#4102 = DIRECTION('',(-1.,0.,0.));
#4103 = PCURVE('',#4071,#4104);
#4104 = DEFINITIONAL_REPRESENTATION('',(#4105),#4109);
#4105 = LINE('',#4106,#4107);
#4106 = CARTESIAN_POINT('',(6.28318530718,-0.));
#4107 = VECTOR('',#4108,1.);
#4108 = DIRECTION('',(0.,1.));
#4109 = ( GEOMETRIC_REPRESENTATION_CONTEXT(2) 
PARAMETRIC_REPRESENTATION_CONTEXT() REPRESENTATION_CONTEXT('2D SPACE',''
  ) );
#4110 = PCURVE('',#4071,#4111);
#4111 = DEFINITIONAL_REPRESENTATION('',(#4112),#4116);
#4112 = LINE('',#4113,#4114);
#4113 = CARTESIAN_POINT('',(0.,-0.));
#4114 = VECTOR('',#4115,1.);
#4115 = DIRECTION('',(0.,1.));
#4116 = ( GEOMETRIC_REPRESENTATION_CONTEXT(2) 
PARAMETRIC_REPRESENTATION_CONTEXT() REPRESENTATION_CONTEXT('2D SPACE',''
  ) );
#4117 = ORIENTED_EDGE('',*,*,#4118,.T.);
#4118 = EDGE_CURVE('',#4096,#4096,#4119,.T.);
#4119 = SURFACE_CURVE('',#4120,(#4125,#4132),.PCURVE_S1.);
#4120 = CIRCLE('',#4121,8.255);
#4121 = AXIS2_PLACEMENT_3D('',#4122,#4123,#4124);
#4122 = CARTESIAN_POINT('',(-1.26365E+03,991.57670325002,
    1.609483343957E+03));
#4123 = DIRECTION('',(-1.,0.,0.));
#4124 = DIRECTION('',(0.,0.,-1.));
#4125 = PCURVE('',#4071,#4126);
#4126 = DEFINITIONAL_REPRESENTATION('',(#4127),#4131);
#4127 = LINE('',#4128,#4129);
#4128 = CARTESIAN_POINT('',(0.,0.));
#4129 = VECTOR('',#4130,1.);
#4130 = DIRECTION('',(1.,0.));
#4131 = ( GEOMETRIC_REPRESENTATION_CONTEXT(2) 
PARAMETRIC_REPRESENTATION_CONTEXT() REPRESENTATION_CONTEXT('2D SPACE',''
  ) );
#4132 = PCURVE('',#4133,#4138);
#4133 = PLANE('',#4134);
#4134 = AXIS2_PLACEMENT_3D('',#4135,#4136,#4137);
#4135 = CARTESIAN_POINT('',(-1.26365E+03,991.57670325002,
    1.609483343957E+03));
#4136 = DIRECTION('',(-1.,0.,0.));
#4137 = DIRECTION('',(0.,0.,-1.));
#4138 = DEFINITIONAL_REPRESENTATION('',(#4139),#4143);
#4139 = CIRCLE('',#4140,8.255);
#4140 = AXIS2_PLACEMENT_2D('',#4141,#4142);
#4141 = CARTESIAN_POINT('',(0.,0.));
#4142 = DIRECTION('',(1.,0.));
#4143 = ( GEOMETRIC_REPRESENTATION_CONTEXT(2) 
PARAMETRIC_REPRESENTATION_CONTEXT() REPRESENTATION_CONTEXT('2D SPACE',''
  ) );
#4144 = ORIENTED_EDGE('',*,*,#4095,.T.);
#4145 = ADVANCED_FACE('',(#4146),#4083,.T.);
#4146 = FACE_BOUND('',#4147,.T.);
#4147 = EDGE_LOOP('',(#4148));
#4148 = ORIENTED_EDGE('',*,*,#4061,.T.);
#4149 = ADVANCED_FACE('',(#4150),#4133,.F.);
#4150 = FACE_BOUND('',#4151,.T.);
#4151 = EDGE_LOOP('',(#4152));
#4152 = ORIENTED_EDGE('',*,*,#4118,.F.);
#4153 = ( GEOMETRIC_REPRESENTATION_CONTEXT(3) 
GLOBAL_UNCERTAINTY_ASSIGNED_CONTEXT((#4157)) 
GLOBAL_UNIT_ASSIGNED_CONTEXT((#4154,#4155,#4156)) REPRESENTATION_CONTEXT
('Context #1','3D Context with UNIT and UNCERTAINTY') );
#4154 = ( LENGTH_UNIT() NAMED_UNIT(*) SI_UNIT(.MILLI.,.METRE.) );
#4155 = ( NAMED_UNIT(*) PLANE_ANGLE_UNIT() SI_UNIT($,.RADIAN.) );
#4156 = ( NAMED_UNIT(*) SI_UNIT($,.STERADIAN.) SOLID_ANGLE_UNIT() );
#4157 = UNCERTAINTY_MEASURE_WITH_UNIT(LENGTH_MEASURE(1.E-07),#4154,
  'distance_accuracy_value','confusion accuracy');
#4158 = CONTEXT_DEPENDENT_SHAPE_REPRESENTATION(#4159,#4161);
#4159 = ( REPRESENTATION_RELATIONSHIP('','',#4054,#10) 
REPRESENTATION_RELATIONSHIP_WITH_TRANSFORMATION(#4160) 
SHAPE_REPRESENTATION_RELATIONSHIP() );
#4160 = ITEM_DEFINED_TRANSFORMATION('','',#11,#103);
#4161 = PRODUCT_DEFINITION_SHAPE('Placement','Placement of an item',
  #4162);
#4162 = NEXT_ASSEMBLY_USAGE_OCCURRENCE('23',
  'lumber_leg_bolt_left_4_head','',#5,#4049,$);
#4163 = PRODUCT_RELATED_PRODUCT_CATEGORY('part',$,(#4051));
#4164 = SHAPE_DEFINITION_REPRESENTATION(#4165,#4171);
#4165 = PRODUCT_DEFINITION_SHAPE('','',#4166);
#4166 = PRODUCT_DEFINITION('design','',#4167,#4170);
#4167 = PRODUCT_DEFINITION_FORMATION('','',#4168);
#4168 = PRODUCT('lumber_leg_bolt_left_4_nut',
  'lumber_leg_bolt_left_4_nut','',(#4169));
#4169 = PRODUCT_CONTEXT('',#2,'mechanical');
#4170 = PRODUCT_DEFINITION_CONTEXT('part definition',#2,'design');
#4171 = ADVANCED_BREP_SHAPE_REPRESENTATION('',(#11,#4172),#4354);
#4172 = MANIFOLD_SOLID_BREP('',#4173);
#4173 = CLOSED_SHELL('',(#4174,#4262,#4297,#4327));
#4174 = ADVANCED_FACE('',(#4175),#4188,.T.);
#4175 = FACE_BOUND('',#4176,.T.);
#4176 = EDGE_LOOP('',(#4177,#4211,#4234,#4261));
#4177 = ORIENTED_EDGE('',*,*,#4178,.F.);
#4178 = EDGE_CURVE('',#4179,#4179,#4181,.T.);
#4179 = VERTEX_POINT('',#4180);
#4180 = CARTESIAN_POINT('',(-1.1471402E+03,991.57670325002,
    1.617738343957E+03));
#4181 = SURFACE_CURVE('',#4182,(#4187,#4199),.PCURVE_S1.);
#4182 = CIRCLE('',#4183,8.255);
#4183 = AXIS2_PLACEMENT_3D('',#4184,#4185,#4186);
#4184 = CARTESIAN_POINT('',(-1.1471402E+03,991.57670325002,
    1.609483343957E+03));
#4185 = DIRECTION('',(1.,0.,-0.));
#4186 = DIRECTION('',(0.,0.,1.));
#4187 = PCURVE('',#4188,#4193);
#4188 = CYLINDRICAL_SURFACE('',#4189,8.255);
#4189 = AXIS2_PLACEMENT_3D('',#4190,#4191,#4192);
#4190 = CARTESIAN_POINT('',(-1.1557E+03,991.57670325002,
    1.609483343957E+03));
#4191 = DIRECTION('',(1.,-0.,-0.));
#4192 = DIRECTION('',(0.,0.,1.));
#4193 = DEFINITIONAL_REPRESENTATION('',(#4194),#4198);
#4194 = LINE('',#4195,#4196);
#4195 = CARTESIAN_POINT('',(0.,8.5598));
#4196 = VECTOR('',#4197,1.);
#4197 = DIRECTION('',(1.,0.));
#4198 = ( GEOMETRIC_REPRESENTATION_CONTEXT(2) 
PARAMETRIC_REPRESENTATION_CONTEXT() REPRESENTATION_CONTEXT('2D SPACE',''
  ) );
#4199 = PCURVE('',#4200,#4205);
#4200 = PLANE('',#4201);
#4201 = AXIS2_PLACEMENT_3D('',#4202,#4203,#4204);
#4202 = CARTESIAN_POINT('',(-1.1471402E+03,991.57670325002,
    1.609483343957E+03));
#4203 = DIRECTION('',(1.,-0.,-0.));
#4204 = DIRECTION('',(0.,0.,1.));
#4205 = DEFINITIONAL_REPRESENTATION('',(#4206),#4210);
#4206 = CIRCLE('',#4207,8.255);
#4207 = AXIS2_PLACEMENT_2D('',#4208,#4209);
#4208 = CARTESIAN_POINT('',(0.,0.));
#4209 = DIRECTION('',(1.,0.));
#4210 = ( GEOMETRIC_REPRESENTATION_CONTEXT(2) 
PARAMETRIC_REPRESENTATION_CONTEXT() REPRESENTATION_CONTEXT('2D SPACE',''
  ) );
#4211 = ORIENTED_EDGE('',*,*,#4212,.F.);
#4212 = EDGE_CURVE('',#4213,#4179,#4215,.T.);
#4213 = VERTEX_POINT('',#4214);
#4214 = CARTESIAN_POINT('',(-1.1557E+03,991.57670325002,
    1.617738343957E+03));
#4215 = SEAM_CURVE('',#4216,(#4220,#4227),.PCURVE_S1.);
#4216 = LINE('',#4217,#4218);
#4217 = CARTESIAN_POINT('',(-1.1557E+03,991.57670325002,
    1.617738343957E+03));
#4218 = VECTOR('',#4219,1.);
#4219 = DIRECTION('',(1.,0.,0.));
#4220 = PCURVE('',#4188,#4221);
#4221 = DEFINITIONAL_REPRESENTATION('',(#4222),#4226);
#4222 = LINE('',#4223,#4224);
#4223 = CARTESIAN_POINT('',(6.28318530718,-0.));
#4224 = VECTOR('',#4225,1.);
#4225 = DIRECTION('',(0.,1.));
#4226 = ( GEOMETRIC_REPRESENTATION_CONTEXT(2) 
PARAMETRIC_REPRESENTATION_CONTEXT() REPRESENTATION_CONTEXT('2D SPACE',''
  ) );
#4227 = PCURVE('',#4188,#4228);
#4228 = DEFINITIONAL_REPRESENTATION('',(#4229),#4233);
#4229 = LINE('',#4230,#4231);
#4230 = CARTESIAN_POINT('',(0.,-0.));
#4231 = VECTOR('',#4232,1.);
#4232 = DIRECTION('',(0.,1.));
#4233 = ( GEOMETRIC_REPRESENTATION_CONTEXT(2) 
PARAMETRIC_REPRESENTATION_CONTEXT() REPRESENTATION_CONTEXT('2D SPACE',''
  ) );
#4234 = ORIENTED_EDGE('',*,*,#4235,.T.);
#4235 = EDGE_CURVE('',#4213,#4213,#4236,.T.);
#4236 = SURFACE_CURVE('',#4237,(#4242,#4249),.PCURVE_S1.);
#4237 = CIRCLE('',#4238,8.255);
#4238 = AXIS2_PLACEMENT_3D('',#4239,#4240,#4241);
#4239 = CARTESIAN_POINT('',(-1.1557E+03,991.57670325002,
    1.609483343957E+03));
#4240 = DIRECTION('',(1.,0.,-0.));
#4241 = DIRECTION('',(0.,0.,1.));
#4242 = PCURVE('',#4188,#4243);
#4243 = DEFINITIONAL_REPRESENTATION('',(#4244),#4248);
#4244 = LINE('',#4245,#4246);
#4245 = CARTESIAN_POINT('',(0.,0.));
#4246 = VECTOR('',#4247,1.);
#4247 = DIRECTION('',(1.,0.));
#4248 = ( GEOMETRIC_REPRESENTATION_CONTEXT(2) 
PARAMETRIC_REPRESENTATION_CONTEXT() REPRESENTATION_CONTEXT('2D SPACE',''
  ) );
#4249 = PCURVE('',#4250,#4255);
#4250 = PLANE('',#4251);
#4251 = AXIS2_PLACEMENT_3D('',#4252,#4253,#4254);
#4252 = CARTESIAN_POINT('',(-1.1557E+03,991.57670325002,
    1.609483343957E+03));
#4253 = DIRECTION('',(1.,-0.,-0.));
#4254 = DIRECTION('',(0.,0.,1.));
#4255 = DEFINITIONAL_REPRESENTATION('',(#4256),#4260);
#4256 = CIRCLE('',#4257,8.255);
#4257 = AXIS2_PLACEMENT_2D('',#4258,#4259);
#4258 = CARTESIAN_POINT('',(0.,0.));
#4259 = DIRECTION('',(1.,0.));
#4260 = ( GEOMETRIC_REPRESENTATION_CONTEXT(2) 
PARAMETRIC_REPRESENTATION_CONTEXT() REPRESENTATION_CONTEXT('2D SPACE',''
  ) );
#4261 = ORIENTED_EDGE('',*,*,#4212,.T.);
#4262 = ADVANCED_FACE('',(#4263,#4266),#4200,.T.);
#4263 = FACE_BOUND('',#4264,.T.);
#4264 = EDGE_LOOP('',(#4265));
#4265 = ORIENTED_EDGE('',*,*,#4178,.T.);
#4266 = FACE_BOUND('',#4267,.T.);
#4267 = EDGE_LOOP('',(#4268));
#4268 = ORIENTED_EDGE('',*,*,#4269,.F.);
#4269 = EDGE_CURVE('',#4270,#4270,#4272,.T.);
#4270 = VERTEX_POINT('',#4271);
#4271 = CARTESIAN_POINT('',(-1.1471402E+03,991.57670325002,
    1.614410943957E+03));
#4272 = SURFACE_CURVE('',#4273,(#4278,#4285),.PCURVE_S1.);
#4273 = CIRCLE('',#4274,4.9276);
#4274 = AXIS2_PLACEMENT_3D('',#4275,#4276,#4277);
#4275 = CARTESIAN_POINT('',(-1.1471402E+03,991.57670325002,
    1.609483343957E+03));
#4276 = DIRECTION('',(1.,0.,-0.));
#4277 = DIRECTION('',(0.,0.,1.));
#4278 = PCURVE('',#4200,#4279);
#4279 = DEFINITIONAL_REPRESENTATION('',(#4280),#4284);
#4280 = CIRCLE('',#4281,4.9276);
#4281 = AXIS2_PLACEMENT_2D('',#4282,#4283);
#4282 = CARTESIAN_POINT('',(0.,0.));
#4283 = DIRECTION('',(1.,0.));
#4284 = ( GEOMETRIC_REPRESENTATION_CONTEXT(2) 
PARAMETRIC_REPRESENTATION_CONTEXT() REPRESENTATION_CONTEXT('2D SPACE',''
  ) );
#4285 = PCURVE('',#4286,#4291);
#4286 = CYLINDRICAL_SURFACE('',#4287,4.9276);
#4287 = AXIS2_PLACEMENT_3D('',#4288,#4289,#4290);
#4288 = CARTESIAN_POINT('',(-1.1557E+03,991.57670325002,
    1.609483343957E+03));
#4289 = DIRECTION('',(1.,-0.,-0.));
#4290 = DIRECTION('',(0.,0.,1.));
#4291 = DEFINITIONAL_REPRESENTATION('',(#4292),#4296);
#4292 = LINE('',#4293,#4294);
#4293 = CARTESIAN_POINT('',(0.,8.5598));
#4294 = VECTOR('',#4295,1.);
#4295 = DIRECTION('',(1.,0.));
#4296 = ( GEOMETRIC_REPRESENTATION_CONTEXT(2) 
PARAMETRIC_REPRESENTATION_CONTEXT() REPRESENTATION_CONTEXT('2D SPACE',''
  ) );
#4297 = ADVANCED_FACE('',(#4298,#4301),#4250,.F.);
#4298 = FACE_BOUND('',#4299,.F.);
#4299 = EDGE_LOOP('',(#4300));
#4300 = ORIENTED_EDGE('',*,*,#4235,.T.);
#4301 = FACE_BOUND('',#4302,.F.);
#4302 = EDGE_LOOP('',(#4303));
#4303 = ORIENTED_EDGE('',*,*,#4304,.F.);
#4304 = EDGE_CURVE('',#4305,#4305,#4307,.T.);
#4305 = VERTEX_POINT('',#4306);
#4306 = CARTESIAN_POINT('',(-1.1557E+03,991.57670325002,
    1.614410943957E+03));
#4307 = SURFACE_CURVE('',#4308,(#4313,#4320),.PCURVE_S1.);
#4308 = CIRCLE('',#4309,4.9276);
#4309 = AXIS2_PLACEMENT_3D('',#4310,#4311,#4312);
#4310 = CARTESIAN_POINT('',(-1.1557E+03,991.57670325002,
    1.609483343957E+03));
#4311 = DIRECTION('',(1.,0.,-0.));
#4312 = DIRECTION('',(0.,0.,1.));
#4313 = PCURVE('',#4250,#4314);
#4314 = DEFINITIONAL_REPRESENTATION('',(#4315),#4319);
#4315 = CIRCLE('',#4316,4.9276);
#4316 = AXIS2_PLACEMENT_2D('',#4317,#4318);
#4317 = CARTESIAN_POINT('',(0.,0.));
#4318 = DIRECTION('',(1.,0.));
#4319 = ( GEOMETRIC_REPRESENTATION_CONTEXT(2) 
PARAMETRIC_REPRESENTATION_CONTEXT() REPRESENTATION_CONTEXT('2D SPACE',''
  ) );
#4320 = PCURVE('',#4286,#4321);
#4321 = DEFINITIONAL_REPRESENTATION('',(#4322),#4326);
#4322 = LINE('',#4323,#4324);
#4323 = CARTESIAN_POINT('',(0.,0.));
#4324 = VECTOR('',#4325,1.);
#4325 = DIRECTION('',(1.,0.));
#4326 = ( GEOMETRIC_REPRESENTATION_CONTEXT(2) 
PARAMETRIC_REPRESENTATION_CONTEXT() REPRESENTATION_CONTEXT('2D SPACE',''
  ) );
#4327 = ADVANCED_FACE('',(#4328),#4286,.F.);
#4328 = FACE_BOUND('',#4329,.F.);
#4329 = EDGE_LOOP('',(#4330,#4331,#4352,#4353));
#4330 = ORIENTED_EDGE('',*,*,#4269,.F.);
#4331 = ORIENTED_EDGE('',*,*,#4332,.F.);
#4332 = EDGE_CURVE('',#4305,#4270,#4333,.T.);
#4333 = SEAM_CURVE('',#4334,(#4338,#4345),.PCURVE_S1.);
#4334 = LINE('',#4335,#4336);
#4335 = CARTESIAN_POINT('',(-1.1557E+03,991.57670325002,
    1.614410943957E+03));
#4336 = VECTOR('',#4337,1.);
#4337 = DIRECTION('',(1.,0.,0.));
#4338 = PCURVE('',#4286,#4339);
#4339 = DEFINITIONAL_REPRESENTATION('',(#4340),#4344);
#4340 = LINE('',#4341,#4342);
#4341 = CARTESIAN_POINT('',(6.28318530718,-0.));
#4342 = VECTOR('',#4343,1.);
#4343 = DIRECTION('',(0.,1.));
#4344 = ( GEOMETRIC_REPRESENTATION_CONTEXT(2) 
PARAMETRIC_REPRESENTATION_CONTEXT() REPRESENTATION_CONTEXT('2D SPACE',''
  ) );
#4345 = PCURVE('',#4286,#4346);
#4346 = DEFINITIONAL_REPRESENTATION('',(#4347),#4351);
#4347 = LINE('',#4348,#4349);
#4348 = CARTESIAN_POINT('',(0.,-0.));
#4349 = VECTOR('',#4350,1.);
#4350 = DIRECTION('',(0.,1.));
#4351 = ( GEOMETRIC_REPRESENTATION_CONTEXT(2) 
PARAMETRIC_REPRESENTATION_CONTEXT() REPRESENTATION_CONTEXT('2D SPACE',''
  ) );
#4352 = ORIENTED_EDGE('',*,*,#4304,.T.);
#4353 = ORIENTED_EDGE('',*,*,#4332,.T.);
#4354 = ( GEOMETRIC_REPRESENTATION_CONTEXT(3) 
GLOBAL_UNCERTAINTY_ASSIGNED_CONTEXT((#4358)) 
GLOBAL_UNIT_ASSIGNED_CONTEXT((#4355,#4356,#4357)) REPRESENTATION_CONTEXT
('Context #1','3D Context with UNIT and UNCERTAINTY') );
#4355 = ( LENGTH_UNIT() NAMED_UNIT(*) SI_UNIT(.MILLI.,.METRE.) );
#4356 = ( NAMED_UNIT(*) PLANE_ANGLE_UNIT() SI_UNIT($,.RADIAN.) );
#4357 = ( NAMED_UNIT(*) SI_UNIT($,.STERADIAN.) SOLID_ANGLE_UNIT() );
#4358 = UNCERTAINTY_MEASURE_WITH_UNIT(LENGTH_MEASURE(1.E-07),#4355,
  'distance_accuracy_value','confusion accuracy');
#4359 = CONTEXT_DEPENDENT_SHAPE_REPRESENTATION(#4360,#4362);
#4360 = ( REPRESENTATION_RELATIONSHIP('','',#4171,#10) 
REPRESENTATION_RELATIONSHIP_WITH_TRANSFORMATION(#4361) 
SHAPE_REPRESENTATION_RELATIONSHIP() );
#4361 = ITEM_DEFINED_TRANSFORMATION('','',#11,#107);
#4362 = PRODUCT_DEFINITION_SHAPE('Placement','Placement of an item',
  #4363);
#4363 = NEXT_ASSEMBLY_USAGE_OCCURRENCE('24','lumber_leg_bolt_left_4_nut'
  ,'',#5,#4166,$);
#4364 = PRODUCT_RELATED_PRODUCT_CATEGORY('part',$,(#4168));
#4365 = SHAPE_DEFINITION_REPRESENTATION(#4366,#4372);
#4366 = PRODUCT_DEFINITION_SHAPE('','',#4367);
#4367 = PRODUCT_DEFINITION('design','',#4368,#4371);
#4368 = PRODUCT_DEFINITION_FORMATION('','',#4369);
#4369 = PRODUCT('lumber_leg_bolt_right_1_shaft',
  'lumber_leg_bolt_right_1_shaft','',(#4370));
#4370 = PRODUCT_CONTEXT('',#2,'mechanical');
#4371 = PRODUCT_DEFINITION_CONTEXT('part definition',#2,'design');
#4372 = ADVANCED_BREP_SHAPE_REPRESENTATION('',(#11,#4373),#4471);
#4373 = MANIFOLD_SOLID_BREP('',#4374);
#4374 = CLOSED_SHELL('',(#4375,#4463,#4467));
#4375 = ADVANCED_FACE('',(#4376),#4389,.T.);
#4376 = FACE_BOUND('',#4377,.T.);
#4377 = EDGE_LOOP('',(#4378,#4412,#4435,#4462));
#4378 = ORIENTED_EDGE('',*,*,#4379,.F.);
#4379 = EDGE_CURVE('',#4380,#4380,#4382,.T.);
#4380 = VERTEX_POINT('',#4381);
#4381 = CARTESIAN_POINT('',(1.13665E+03,977.64834482069,
    1.49866388742E+03));
#4382 = SURFACE_CURVE('',#4383,(#4388,#4400),.PCURVE_S1.);
#4383 = CIRCLE('',#4384,4.9276);
#4384 = AXIS2_PLACEMENT_3D('',#4385,#4386,#4387);
#4385 = CARTESIAN_POINT('',(1.13665E+03,977.64834482069,
    1.50359148742E+03));
#4386 = DIRECTION('',(-1.,-0.,-0.));
#4387 = DIRECTION('',(0.,0.,-1.));
#4388 = PCURVE('',#4389,#4394);
#4389 = CYLINDRICAL_SURFACE('',#4390,4.9276);
#4390 = AXIS2_PLACEMENT_3D('',#4391,#4392,#4393);
#4391 = CARTESIAN_POINT('',(1.26365E+03,977.64834482069,
    1.50359148742E+03));
#4392 = DIRECTION('',(-1.,-0.,-0.));
#4393 = DIRECTION('',(0.,0.,-1.));
#4394 = DEFINITIONAL_REPRESENTATION('',(#4395),#4399);
#4395 = LINE('',#4396,#4397);
#4396 = CARTESIAN_POINT('',(0.,127.));
#4397 = VECTOR('',#4398,1.);
#4398 = DIRECTION('',(1.,0.));
#4399 = ( GEOMETRIC_REPRESENTATION_CONTEXT(2) 
PARAMETRIC_REPRESENTATION_CONTEXT() REPRESENTATION_CONTEXT('2D SPACE',''
  ) );
#4400 = PCURVE('',#4401,#4406);
#4401 = PLANE('',#4402);
#4402 = AXIS2_PLACEMENT_3D('',#4403,#4404,#4405);
#4403 = CARTESIAN_POINT('',(1.13665E+03,977.64834482069,
    1.50359148742E+03));
#4404 = DIRECTION('',(-1.,-0.,-0.));
#4405 = DIRECTION('',(0.,0.,-1.));
#4406 = DEFINITIONAL_REPRESENTATION('',(#4407),#4411);
#4407 = CIRCLE('',#4408,4.9276);
#4408 = AXIS2_PLACEMENT_2D('',#4409,#4410);
#4409 = CARTESIAN_POINT('',(0.,0.));
#4410 = DIRECTION('',(1.,0.));
#4411 = ( GEOMETRIC_REPRESENTATION_CONTEXT(2) 
PARAMETRIC_REPRESENTATION_CONTEXT() REPRESENTATION_CONTEXT('2D SPACE',''
  ) );
#4412 = ORIENTED_EDGE('',*,*,#4413,.F.);
#4413 = EDGE_CURVE('',#4414,#4380,#4416,.T.);
#4414 = VERTEX_POINT('',#4415);
#4415 = CARTESIAN_POINT('',(1.26365E+03,977.64834482069,
    1.49866388742E+03));
#4416 = SEAM_CURVE('',#4417,(#4421,#4428),.PCURVE_S1.);
#4417 = LINE('',#4418,#4419);
#4418 = CARTESIAN_POINT('',(1.26365E+03,977.64834482069,
    1.49866388742E+03));
#4419 = VECTOR('',#4420,1.);
#4420 = DIRECTION('',(-1.,0.,-0.));
#4421 = PCURVE('',#4389,#4422);
#4422 = DEFINITIONAL_REPRESENTATION('',(#4423),#4427);
#4423 = LINE('',#4424,#4425);
#4424 = CARTESIAN_POINT('',(6.28318530718,-0.));
#4425 = VECTOR('',#4426,1.);
#4426 = DIRECTION('',(0.,1.));
#4427 = ( GEOMETRIC_REPRESENTATION_CONTEXT(2) 
PARAMETRIC_REPRESENTATION_CONTEXT() REPRESENTATION_CONTEXT('2D SPACE',''
  ) );
#4428 = PCURVE('',#4389,#4429);
#4429 = DEFINITIONAL_REPRESENTATION('',(#4430),#4434);
#4430 = LINE('',#4431,#4432);
#4431 = CARTESIAN_POINT('',(0.,-0.));
#4432 = VECTOR('',#4433,1.);
#4433 = DIRECTION('',(0.,1.));
#4434 = ( GEOMETRIC_REPRESENTATION_CONTEXT(2) 
PARAMETRIC_REPRESENTATION_CONTEXT() REPRESENTATION_CONTEXT('2D SPACE',''
  ) );
#4435 = ORIENTED_EDGE('',*,*,#4436,.T.);
#4436 = EDGE_CURVE('',#4414,#4414,#4437,.T.);
#4437 = SURFACE_CURVE('',#4438,(#4443,#4450),.PCURVE_S1.);
#4438 = CIRCLE('',#4439,4.9276);
#4439 = AXIS2_PLACEMENT_3D('',#4440,#4441,#4442);
#4440 = CARTESIAN_POINT('',(1.26365E+03,977.64834482069,
    1.50359148742E+03));
#4441 = DIRECTION('',(-1.,-0.,-0.));
#4442 = DIRECTION('',(0.,0.,-1.));
#4443 = PCURVE('',#4389,#4444);
#4444 = DEFINITIONAL_REPRESENTATION('',(#4445),#4449);
#4445 = LINE('',#4446,#4447);
#4446 = CARTESIAN_POINT('',(0.,0.));
#4447 = VECTOR('',#4448,1.);
#4448 = DIRECTION('',(1.,0.));
#4449 = ( GEOMETRIC_REPRESENTATION_CONTEXT(2) 
PARAMETRIC_REPRESENTATION_CONTEXT() REPRESENTATION_CONTEXT('2D SPACE',''
  ) );
#4450 = PCURVE('',#4451,#4456);
#4451 = PLANE('',#4452);
#4452 = AXIS2_PLACEMENT_3D('',#4453,#4454,#4455);
#4453 = CARTESIAN_POINT('',(1.26365E+03,977.64834482069,
    1.50359148742E+03));
#4454 = DIRECTION('',(-1.,-0.,-0.));
#4455 = DIRECTION('',(0.,0.,-1.));
#4456 = DEFINITIONAL_REPRESENTATION('',(#4457),#4461);
#4457 = CIRCLE('',#4458,4.9276);
#4458 = AXIS2_PLACEMENT_2D('',#4459,#4460);
#4459 = CARTESIAN_POINT('',(0.,0.));
#4460 = DIRECTION('',(1.,0.));
#4461 = ( GEOMETRIC_REPRESENTATION_CONTEXT(2) 
PARAMETRIC_REPRESENTATION_CONTEXT() REPRESENTATION_CONTEXT('2D SPACE',''
  ) );
#4462 = ORIENTED_EDGE('',*,*,#4413,.T.);
#4463 = ADVANCED_FACE('',(#4464),#4401,.T.);
#4464 = FACE_BOUND('',#4465,.T.);
#4465 = EDGE_LOOP('',(#4466));
#4466 = ORIENTED_EDGE('',*,*,#4379,.T.);
#4467 = ADVANCED_FACE('',(#4468),#4451,.F.);
#4468 = FACE_BOUND('',#4469,.T.);
#4469 = EDGE_LOOP('',(#4470));
#4470 = ORIENTED_EDGE('',*,*,#4436,.F.);
#4471 = ( GEOMETRIC_REPRESENTATION_CONTEXT(3) 
GLOBAL_UNCERTAINTY_ASSIGNED_CONTEXT((#4475)) 
GLOBAL_UNIT_ASSIGNED_CONTEXT((#4472,#4473,#4474)) REPRESENTATION_CONTEXT
('Context #1','3D Context with UNIT and UNCERTAINTY') );
#4472 = ( LENGTH_UNIT() NAMED_UNIT(*) SI_UNIT(.MILLI.,.METRE.) );
#4473 = ( NAMED_UNIT(*) PLANE_ANGLE_UNIT() SI_UNIT($,.RADIAN.) );
#4474 = ( NAMED_UNIT(*) SI_UNIT($,.STERADIAN.) SOLID_ANGLE_UNIT() );
#4475 = UNCERTAINTY_MEASURE_WITH_UNIT(LENGTH_MEASURE(1.E-07),#4472,
  'distance_accuracy_value','confusion accuracy');
#4476 = CONTEXT_DEPENDENT_SHAPE_REPRESENTATION(#4477,#4479);
#4477 = ( REPRESENTATION_RELATIONSHIP('','',#4372,#10) 
REPRESENTATION_RELATIONSHIP_WITH_TRANSFORMATION(#4478) 
SHAPE_REPRESENTATION_RELATIONSHIP() );
#4478 = ITEM_DEFINED_TRANSFORMATION('','',#11,#111);
#4479 = PRODUCT_DEFINITION_SHAPE('Placement','Placement of an item',
  #4480);
#4480 = NEXT_ASSEMBLY_USAGE_OCCURRENCE('25',
  'lumber_leg_bolt_right_1_shaft','',#5,#4367,$);
#4481 = PRODUCT_RELATED_PRODUCT_CATEGORY('part',$,(#4369));
#4482 = SHAPE_DEFINITION_REPRESENTATION(#4483,#4489);
#4483 = PRODUCT_DEFINITION_SHAPE('','',#4484);
#4484 = PRODUCT_DEFINITION('design','',#4485,#4488);
#4485 = PRODUCT_DEFINITION_FORMATION('','',#4486);
#4486 = PRODUCT('lumber_leg_bolt_right_1_head_plate',
  'lumber_leg_bolt_right_1_head_plate','',(#4487));
#4487 = PRODUCT_CONTEXT('',#2,'mechanical');
#4488 = PRODUCT_DEFINITION_CONTEXT('part definition',#2,'design');
#4489 = ADVANCED_BREP_SHAPE_REPRESENTATION('',(#11,#4490),#4672);
#4490 = MANIFOLD_SOLID_BREP('',#4491);
#4491 = CLOSED_SHELL('',(#4492,#4580,#4615,#4645));
#4492 = ADVANCED_FACE('',(#4493),#4506,.T.);
#4493 = FACE_BOUND('',#4494,.T.);
#4494 = EDGE_LOOP('',(#4495,#4529,#4552,#4579));
#4495 = ORIENTED_EDGE('',*,*,#4496,.F.);
#4496 = EDGE_CURVE('',#4497,#4497,#4499,.T.);
#4497 = VERTEX_POINT('',#4498);
#4498 = CARTESIAN_POINT('',(1.2573E+03,977.64834482069,1.48454148742E+03
    ));
#4499 = SURFACE_CURVE('',#4500,(#4505,#4517),.PCURVE_S1.);
#4500 = CIRCLE('',#4501,19.05);
#4501 = AXIS2_PLACEMENT_3D('',#4502,#4503,#4504);
#4502 = CARTESIAN_POINT('',(1.2573E+03,977.64834482069,1.50359148742E+03
    ));
#4503 = DIRECTION('',(-1.,-0.,-0.));
#4504 = DIRECTION('',(0.,0.,-1.));
#4505 = PCURVE('',#4506,#4511);
#4506 = CYLINDRICAL_SURFACE('',#4507,19.05);
#4507 = AXIS2_PLACEMENT_3D('',#4508,#4509,#4510);
#4508 = CARTESIAN_POINT('',(1.26365E+03,977.64834482069,
    1.50359148742E+03));
#4509 = DIRECTION('',(-1.,-0.,-0.));
#4510 = DIRECTION('',(0.,0.,-1.));
#4511 = DEFINITIONAL_REPRESENTATION('',(#4512),#4516);
#4512 = LINE('',#4513,#4514);
#4513 = CARTESIAN_POINT('',(0.,6.35));
#4514 = VECTOR('',#4515,1.);
#4515 = DIRECTION('',(1.,0.));
#4516 = ( GEOMETRIC_REPRESENTATION_CONTEXT(2) 
PARAMETRIC_REPRESENTATION_CONTEXT() REPRESENTATION_CONTEXT('2D SPACE',''
  ) );
#4517 = PCURVE('',#4518,#4523);
#4518 = PLANE('',#4519);
#4519 = AXIS2_PLACEMENT_3D('',#4520,#4521,#4522);
#4520 = CARTESIAN_POINT('',(1.2573E+03,977.64834482069,1.50359148742E+03
    ));
#4521 = DIRECTION('',(-1.,-0.,-0.));
#4522 = DIRECTION('',(0.,0.,-1.));
#4523 = DEFINITIONAL_REPRESENTATION('',(#4524),#4528);
#4524 = CIRCLE('',#4525,19.05);
#4525 = AXIS2_PLACEMENT_2D('',#4526,#4527);
#4526 = CARTESIAN_POINT('',(0.,0.));
#4527 = DIRECTION('',(1.,0.));
#4528 = ( GEOMETRIC_REPRESENTATION_CONTEXT(2) 
PARAMETRIC_REPRESENTATION_CONTEXT() REPRESENTATION_CONTEXT('2D SPACE',''
  ) );
#4529 = ORIENTED_EDGE('',*,*,#4530,.F.);
#4530 = EDGE_CURVE('',#4531,#4497,#4533,.T.);
#4531 = VERTEX_POINT('',#4532);
#4532 = CARTESIAN_POINT('',(1.26365E+03,977.64834482069,
    1.48454148742E+03));
#4533 = SEAM_CURVE('',#4534,(#4538,#4545),.PCURVE_S1.);
#4534 = LINE('',#4535,#4536);
#4535 = CARTESIAN_POINT('',(1.26365E+03,977.64834482069,
    1.48454148742E+03));
#4536 = VECTOR('',#4537,1.);
#4537 = DIRECTION('',(-1.,0.,-0.));
#4538 = PCURVE('',#4506,#4539);
#4539 = DEFINITIONAL_REPRESENTATION('',(#4540),#4544);
#4540 = LINE('',#4541,#4542);
#4541 = CARTESIAN_POINT('',(6.28318530718,-0.));
#4542 = VECTOR('',#4543,1.);
#4543 = DIRECTION('',(0.,1.));
#4544 = ( GEOMETRIC_REPRESENTATION_CONTEXT(2) 
PARAMETRIC_REPRESENTATION_CONTEXT() REPRESENTATION_CONTEXT('2D SPACE',''
  ) );
#4545 = PCURVE('',#4506,#4546);
#4546 = DEFINITIONAL_REPRESENTATION('',(#4547),#4551);
#4547 = LINE('',#4548,#4549);
#4548 = CARTESIAN_POINT('',(0.,-0.));
#4549 = VECTOR('',#4550,1.);
#4550 = DIRECTION('',(0.,1.));
#4551 = ( GEOMETRIC_REPRESENTATION_CONTEXT(2) 
PARAMETRIC_REPRESENTATION_CONTEXT() REPRESENTATION_CONTEXT('2D SPACE',''
  ) );
#4552 = ORIENTED_EDGE('',*,*,#4553,.T.);
#4553 = EDGE_CURVE('',#4531,#4531,#4554,.T.);
#4554 = SURFACE_CURVE('',#4555,(#4560,#4567),.PCURVE_S1.);
#4555 = CIRCLE('',#4556,19.05);
#4556 = AXIS2_PLACEMENT_3D('',#4557,#4558,#4559);
#4557 = CARTESIAN_POINT('',(1.26365E+03,977.64834482069,
    1.50359148742E+03));
#4558 = DIRECTION('',(-1.,-0.,-0.));
#4559 = DIRECTION('',(0.,0.,-1.));
#4560 = PCURVE('',#4506,#4561);
#4561 = DEFINITIONAL_REPRESENTATION('',(#4562),#4566);
#4562 = LINE('',#4563,#4564);
#4563 = CARTESIAN_POINT('',(0.,0.));
#4564 = VECTOR('',#4565,1.);
#4565 = DIRECTION('',(1.,0.));
#4566 = ( GEOMETRIC_REPRESENTATION_CONTEXT(2) 
PARAMETRIC_REPRESENTATION_CONTEXT() REPRESENTATION_CONTEXT('2D SPACE',''
  ) );
#4567 = PCURVE('',#4568,#4573);
#4568 = PLANE('',#4569);
#4569 = AXIS2_PLACEMENT_3D('',#4570,#4571,#4572);
#4570 = CARTESIAN_POINT('',(1.26365E+03,977.64834482069,
    1.50359148742E+03));
#4571 = DIRECTION('',(-1.,-0.,-0.));
#4572 = DIRECTION('',(0.,0.,-1.));
#4573 = DEFINITIONAL_REPRESENTATION('',(#4574),#4578);
#4574 = CIRCLE('',#4575,19.05);
#4575 = AXIS2_PLACEMENT_2D('',#4576,#4577);
#4576 = CARTESIAN_POINT('',(0.,0.));
#4577 = DIRECTION('',(1.,0.));
#4578 = ( GEOMETRIC_REPRESENTATION_CONTEXT(2) 
PARAMETRIC_REPRESENTATION_CONTEXT() REPRESENTATION_CONTEXT('2D SPACE',''
  ) );
#4579 = ORIENTED_EDGE('',*,*,#4530,.T.);
#4580 = ADVANCED_FACE('',(#4581,#4584),#4518,.T.);
#4581 = FACE_BOUND('',#4582,.T.);
#4582 = EDGE_LOOP('',(#4583));
#4583 = ORIENTED_EDGE('',*,*,#4496,.T.);
#4584 = FACE_BOUND('',#4585,.T.);
#4585 = EDGE_LOOP('',(#4586));
#4586 = ORIENTED_EDGE('',*,*,#4587,.F.);
#4587 = EDGE_CURVE('',#4588,#4588,#4590,.T.);
#4588 = VERTEX_POINT('',#4589);
#4589 = CARTESIAN_POINT('',(1.2573E+03,977.64834482069,1.49803523742E+03
    ));
#4590 = SURFACE_CURVE('',#4591,(#4596,#4603),.PCURVE_S1.);
#4591 = CIRCLE('',#4592,5.55625);
#4592 = AXIS2_PLACEMENT_3D('',#4593,#4594,#4595);
#4593 = CARTESIAN_POINT('',(1.2573E+03,977.64834482069,1.50359148742E+03
    ));
#4594 = DIRECTION('',(-1.,-0.,-0.));
#4595 = DIRECTION('',(0.,0.,-1.));
#4596 = PCURVE('',#4518,#4597);
#4597 = DEFINITIONAL_REPRESENTATION('',(#4598),#4602);
#4598 = CIRCLE('',#4599,5.55625);
#4599 = AXIS2_PLACEMENT_2D('',#4600,#4601);
#4600 = CARTESIAN_POINT('',(0.,0.));
#4601 = DIRECTION('',(1.,0.));
#4602 = ( GEOMETRIC_REPRESENTATION_CONTEXT(2) 
PARAMETRIC_REPRESENTATION_CONTEXT() REPRESENTATION_CONTEXT('2D SPACE',''
  ) );
#4603 = PCURVE('',#4604,#4609);
#4604 = CYLINDRICAL_SURFACE('',#4605,5.55625);
#4605 = AXIS2_PLACEMENT_3D('',#4606,#4607,#4608);
#4606 = CARTESIAN_POINT('',(1.26365E+03,977.64834482069,
    1.50359148742E+03));
#4607 = DIRECTION('',(-1.,-0.,-0.));
#4608 = DIRECTION('',(0.,0.,-1.));
#4609 = DEFINITIONAL_REPRESENTATION('',(#4610),#4614);
#4610 = LINE('',#4611,#4612);
#4611 = CARTESIAN_POINT('',(0.,6.35));
#4612 = VECTOR('',#4613,1.);
#4613 = DIRECTION('',(1.,0.));
#4614 = ( GEOMETRIC_REPRESENTATION_CONTEXT(2) 
PARAMETRIC_REPRESENTATION_CONTEXT() REPRESENTATION_CONTEXT('2D SPACE',''
  ) );
#4615 = ADVANCED_FACE('',(#4616,#4619),#4568,.F.);
#4616 = FACE_BOUND('',#4617,.F.);
#4617 = EDGE_LOOP('',(#4618));
#4618 = ORIENTED_EDGE('',*,*,#4553,.T.);
#4619 = FACE_BOUND('',#4620,.F.);
#4620 = EDGE_LOOP('',(#4621));
#4621 = ORIENTED_EDGE('',*,*,#4622,.F.);
#4622 = EDGE_CURVE('',#4623,#4623,#4625,.T.);
#4623 = VERTEX_POINT('',#4624);
#4624 = CARTESIAN_POINT('',(1.26365E+03,977.64834482069,
    1.49803523742E+03));
#4625 = SURFACE_CURVE('',#4626,(#4631,#4638),.PCURVE_S1.);
#4626 = CIRCLE('',#4627,5.55625);
#4627 = AXIS2_PLACEMENT_3D('',#4628,#4629,#4630);
#4628 = CARTESIAN_POINT('',(1.26365E+03,977.64834482069,
    1.50359148742E+03));
#4629 = DIRECTION('',(-1.,-0.,-0.));
#4630 = DIRECTION('',(0.,0.,-1.));
#4631 = PCURVE('',#4568,#4632);
#4632 = DEFINITIONAL_REPRESENTATION('',(#4633),#4637);
#4633 = CIRCLE('',#4634,5.55625);
#4634 = AXIS2_PLACEMENT_2D('',#4635,#4636);
#4635 = CARTESIAN_POINT('',(0.,0.));
#4636 = DIRECTION('',(1.,0.));
#4637 = ( GEOMETRIC_REPRESENTATION_CONTEXT(2) 
PARAMETRIC_REPRESENTATION_CONTEXT() REPRESENTATION_CONTEXT('2D SPACE',''
  ) );
#4638 = PCURVE('',#4604,#4639);
#4639 = DEFINITIONAL_REPRESENTATION('',(#4640),#4644);
#4640 = LINE('',#4641,#4642);
#4641 = CARTESIAN_POINT('',(0.,0.));
#4642 = VECTOR('',#4643,1.);
#4643 = DIRECTION('',(1.,0.));
#4644 = ( GEOMETRIC_REPRESENTATION_CONTEXT(2) 
PARAMETRIC_REPRESENTATION_CONTEXT() REPRESENTATION_CONTEXT('2D SPACE',''
  ) );
#4645 = ADVANCED_FACE('',(#4646),#4604,.F.);
#4646 = FACE_BOUND('',#4647,.F.);
#4647 = EDGE_LOOP('',(#4648,#4649,#4670,#4671));
#4648 = ORIENTED_EDGE('',*,*,#4587,.F.);
#4649 = ORIENTED_EDGE('',*,*,#4650,.F.);
#4650 = EDGE_CURVE('',#4623,#4588,#4651,.T.);
#4651 = SEAM_CURVE('',#4652,(#4656,#4663),.PCURVE_S1.);
#4652 = LINE('',#4653,#4654);
#4653 = CARTESIAN_POINT('',(1.26365E+03,977.64834482069,
    1.49803523742E+03));
#4654 = VECTOR('',#4655,1.);
#4655 = DIRECTION('',(-1.,0.,-0.));
#4656 = PCURVE('',#4604,#4657);
#4657 = DEFINITIONAL_REPRESENTATION('',(#4658),#4662);
#4658 = LINE('',#4659,#4660);
#4659 = CARTESIAN_POINT('',(6.28318530718,-0.));
#4660 = VECTOR('',#4661,1.);
#4661 = DIRECTION('',(0.,1.));
#4662 = ( GEOMETRIC_REPRESENTATION_CONTEXT(2) 
PARAMETRIC_REPRESENTATION_CONTEXT() REPRESENTATION_CONTEXT('2D SPACE',''
  ) );
#4663 = PCURVE('',#4604,#4664);
#4664 = DEFINITIONAL_REPRESENTATION('',(#4665),#4669);
#4665 = LINE('',#4666,#4667);
#4666 = CARTESIAN_POINT('',(0.,-0.));
#4667 = VECTOR('',#4668,1.);
#4668 = DIRECTION('',(0.,1.));
#4669 = ( GEOMETRIC_REPRESENTATION_CONTEXT(2) 
PARAMETRIC_REPRESENTATION_CONTEXT() REPRESENTATION_CONTEXT('2D SPACE',''
  ) );
#4670 = ORIENTED_EDGE('',*,*,#4622,.T.);
#4671 = ORIENTED_EDGE('',*,*,#4650,.T.);
#4672 = ( GEOMETRIC_REPRESENTATION_CONTEXT(3) 
GLOBAL_UNCERTAINTY_ASSIGNED_CONTEXT((#4676)) 
GLOBAL_UNIT_ASSIGNED_CONTEXT((#4673,#4674,#4675)) REPRESENTATION_CONTEXT
('Context #1','3D Context with UNIT and UNCERTAINTY') );
#4673 = ( LENGTH_UNIT() NAMED_UNIT(*) SI_UNIT(.MILLI.,.METRE.) );
#4674 = ( NAMED_UNIT(*) PLANE_ANGLE_UNIT() SI_UNIT($,.RADIAN.) );
#4675 = ( NAMED_UNIT(*) SI_UNIT($,.STERADIAN.) SOLID_ANGLE_UNIT() );
#4676 = UNCERTAINTY_MEASURE_WITH_UNIT(LENGTH_MEASURE(1.E-07),#4673,
  'distance_accuracy_value','confusion accuracy');
#4677 = CONTEXT_DEPENDENT_SHAPE_REPRESENTATION(#4678,#4680);
#4678 = ( REPRESENTATION_RELATIONSHIP('','',#4489,#10) 
REPRESENTATION_RELATIONSHIP_WITH_TRANSFORMATION(#4679) 
SHAPE_REPRESENTATION_RELATIONSHIP() );
#4679 = ITEM_DEFINED_TRANSFORMATION('','',#11,#115);
#4680 = PRODUCT_DEFINITION_SHAPE('Placement','Placement of an item',
  #4681);
#4681 = NEXT_ASSEMBLY_USAGE_OCCURRENCE('26',
  'lumber_leg_bolt_right_1_head_plate','',#5,#4484,$);
#4682 = PRODUCT_RELATED_PRODUCT_CATEGORY('part',$,(#4486));
#4683 = SHAPE_DEFINITION_REPRESENTATION(#4684,#4690);
#4684 = PRODUCT_DEFINITION_SHAPE('','',#4685);
#4685 = PRODUCT_DEFINITION('design','',#4686,#4689);
#4686 = PRODUCT_DEFINITION_FORMATION('','',#4687);
#4687 = PRODUCT('lumber_leg_bolt_right_1_nut_plate',
  'lumber_leg_bolt_right_1_nut_plate','',(#4688));
#4688 = PRODUCT_CONTEXT('',#2,'mechanical');
#4689 = PRODUCT_DEFINITION_CONTEXT('part definition',#2,'design');
#4690 = ADVANCED_BREP_SHAPE_REPRESENTATION('',(#11,#4691),#4873);
#4691 = MANIFOLD_SOLID_BREP('',#4692);
#4692 = CLOSED_SHELL('',(#4693,#4781,#4816,#4846));
#4693 = ADVANCED_FACE('',(#4694),#4707,.T.);
#4694 = FACE_BOUND('',#4695,.T.);
#4695 = EDGE_LOOP('',(#4696,#4730,#4753,#4780));
#4696 = ORIENTED_EDGE('',*,*,#4697,.F.);
#4697 = EDGE_CURVE('',#4698,#4698,#4700,.T.);
#4698 = VERTEX_POINT('',#4699);
#4699 = CARTESIAN_POINT('',(1.17475E+03,977.64834482069,
    1.48454148742E+03));
#4700 = SURFACE_CURVE('',#4701,(#4706,#4718),.PCURVE_S1.);
#4701 = CIRCLE('',#4702,19.05);
#4702 = AXIS2_PLACEMENT_3D('',#4703,#4704,#4705);
#4703 = CARTESIAN_POINT('',(1.17475E+03,977.64834482069,
    1.50359148742E+03));
#4704 = DIRECTION('',(-1.,-0.,-0.));
#4705 = DIRECTION('',(0.,0.,-1.));
#4706 = PCURVE('',#4707,#4712);
#4707 = CYLINDRICAL_SURFACE('',#4708,19.05);
#4708 = AXIS2_PLACEMENT_3D('',#4709,#4710,#4711);
#4709 = CARTESIAN_POINT('',(1.1811E+03,977.64834482069,1.50359148742E+03
    ));
#4710 = DIRECTION('',(-1.,-0.,-0.));
#4711 = DIRECTION('',(0.,0.,-1.));
#4712 = DEFINITIONAL_REPRESENTATION('',(#4713),#4717);
#4713 = LINE('',#4714,#4715);
#4714 = CARTESIAN_POINT('',(0.,6.35));
#4715 = VECTOR('',#4716,1.);
#4716 = DIRECTION('',(1.,0.));
#4717 = ( GEOMETRIC_REPRESENTATION_CONTEXT(2) 
PARAMETRIC_REPRESENTATION_CONTEXT() REPRESENTATION_CONTEXT('2D SPACE',''
  ) );
#4718 = PCURVE('',#4719,#4724);
#4719 = PLANE('',#4720);
#4720 = AXIS2_PLACEMENT_3D('',#4721,#4722,#4723);
#4721 = CARTESIAN_POINT('',(1.17475E+03,977.64834482069,
    1.50359148742E+03));
#4722 = DIRECTION('',(-1.,-0.,-0.));
#4723 = DIRECTION('',(0.,0.,-1.));
#4724 = DEFINITIONAL_REPRESENTATION('',(#4725),#4729);
#4725 = CIRCLE('',#4726,19.05);
#4726 = AXIS2_PLACEMENT_2D('',#4727,#4728);
#4727 = CARTESIAN_POINT('',(0.,0.));
#4728 = DIRECTION('',(1.,0.));
#4729 = ( GEOMETRIC_REPRESENTATION_CONTEXT(2) 
PARAMETRIC_REPRESENTATION_CONTEXT() REPRESENTATION_CONTEXT('2D SPACE',''
  ) );
#4730 = ORIENTED_EDGE('',*,*,#4731,.F.);
#4731 = EDGE_CURVE('',#4732,#4698,#4734,.T.);
#4732 = VERTEX_POINT('',#4733);
#4733 = CARTESIAN_POINT('',(1.1811E+03,977.64834482069,1.48454148742E+03
    ));
#4734 = SEAM_CURVE('',#4735,(#4739,#4746),.PCURVE_S1.);
#4735 = LINE('',#4736,#4737);
#4736 = CARTESIAN_POINT('',(1.1811E+03,977.64834482069,1.48454148742E+03
    ));
#4737 = VECTOR('',#4738,1.);
#4738 = DIRECTION('',(-1.,0.,-0.));
#4739 = PCURVE('',#4707,#4740);
#4740 = DEFINITIONAL_REPRESENTATION('',(#4741),#4745);
#4741 = LINE('',#4742,#4743);
#4742 = CARTESIAN_POINT('',(6.28318530718,-0.));
#4743 = VECTOR('',#4744,1.);
#4744 = DIRECTION('',(0.,1.));
#4745 = ( GEOMETRIC_REPRESENTATION_CONTEXT(2) 
PARAMETRIC_REPRESENTATION_CONTEXT() REPRESENTATION_CONTEXT('2D SPACE',''
  ) );
#4746 = PCURVE('',#4707,#4747);
#4747 = DEFINITIONAL_REPRESENTATION('',(#4748),#4752);
#4748 = LINE('',#4749,#4750);
#4749 = CARTESIAN_POINT('',(0.,-0.));
#4750 = VECTOR('',#4751,1.);
#4751 = DIRECTION('',(0.,1.));
#4752 = ( GEOMETRIC_REPRESENTATION_CONTEXT(2) 
PARAMETRIC_REPRESENTATION_CONTEXT() REPRESENTATION_CONTEXT('2D SPACE',''
  ) );
#4753 = ORIENTED_EDGE('',*,*,#4754,.T.);
#4754 = EDGE_CURVE('',#4732,#4732,#4755,.T.);
#4755 = SURFACE_CURVE('',#4756,(#4761,#4768),.PCURVE_S1.);
#4756 = CIRCLE('',#4757,19.05);
#4757 = AXIS2_PLACEMENT_3D('',#4758,#4759,#4760);
#4758 = CARTESIAN_POINT('',(1.1811E+03,977.64834482069,1.50359148742E+03
    ));
#4759 = DIRECTION('',(-1.,-0.,-0.));
#4760 = DIRECTION('',(0.,0.,-1.));
#4761 = PCURVE('',#4707,#4762);
#4762 = DEFINITIONAL_REPRESENTATION('',(#4763),#4767);
#4763 = LINE('',#4764,#4765);
#4764 = CARTESIAN_POINT('',(0.,0.));
#4765 = VECTOR('',#4766,1.);
#4766 = DIRECTION('',(1.,0.));
#4767 = ( GEOMETRIC_REPRESENTATION_CONTEXT(2) 
PARAMETRIC_REPRESENTATION_CONTEXT() REPRESENTATION_CONTEXT('2D SPACE',''
  ) );
#4768 = PCURVE('',#4769,#4774);
#4769 = PLANE('',#4770);
#4770 = AXIS2_PLACEMENT_3D('',#4771,#4772,#4773);
#4771 = CARTESIAN_POINT('',(1.1811E+03,977.64834482069,1.50359148742E+03
    ));
#4772 = DIRECTION('',(-1.,-0.,-0.));
#4773 = DIRECTION('',(0.,0.,-1.));
#4774 = DEFINITIONAL_REPRESENTATION('',(#4775),#4779);
#4775 = CIRCLE('',#4776,19.05);
#4776 = AXIS2_PLACEMENT_2D('',#4777,#4778);
#4777 = CARTESIAN_POINT('',(0.,0.));
#4778 = DIRECTION('',(1.,0.));
#4779 = ( GEOMETRIC_REPRESENTATION_CONTEXT(2) 
PARAMETRIC_REPRESENTATION_CONTEXT() REPRESENTATION_CONTEXT('2D SPACE',''
  ) );
#4780 = ORIENTED_EDGE('',*,*,#4731,.T.);
#4781 = ADVANCED_FACE('',(#4782,#4785),#4719,.T.);
#4782 = FACE_BOUND('',#4783,.T.);
#4783 = EDGE_LOOP('',(#4784));
#4784 = ORIENTED_EDGE('',*,*,#4697,.T.);
#4785 = FACE_BOUND('',#4786,.T.);
#4786 = EDGE_LOOP('',(#4787));
#4787 = ORIENTED_EDGE('',*,*,#4788,.F.);
#4788 = EDGE_CURVE('',#4789,#4789,#4791,.T.);
#4789 = VERTEX_POINT('',#4790);
#4790 = CARTESIAN_POINT('',(1.17475E+03,977.64834482069,
    1.49803523742E+03));
#4791 = SURFACE_CURVE('',#4792,(#4797,#4804),.PCURVE_S1.);
#4792 = CIRCLE('',#4793,5.55625);
#4793 = AXIS2_PLACEMENT_3D('',#4794,#4795,#4796);
#4794 = CARTESIAN_POINT('',(1.17475E+03,977.64834482069,
    1.50359148742E+03));
#4795 = DIRECTION('',(-1.,-0.,-0.));
#4796 = DIRECTION('',(0.,0.,-1.));
#4797 = PCURVE('',#4719,#4798);
#4798 = DEFINITIONAL_REPRESENTATION('',(#4799),#4803);
#4799 = CIRCLE('',#4800,5.55625);
#4800 = AXIS2_PLACEMENT_2D('',#4801,#4802);
#4801 = CARTESIAN_POINT('',(0.,0.));
#4802 = DIRECTION('',(1.,0.));
#4803 = ( GEOMETRIC_REPRESENTATION_CONTEXT(2) 
PARAMETRIC_REPRESENTATION_CONTEXT() REPRESENTATION_CONTEXT('2D SPACE',''
  ) );
#4804 = PCURVE('',#4805,#4810);
#4805 = CYLINDRICAL_SURFACE('',#4806,5.55625);
#4806 = AXIS2_PLACEMENT_3D('',#4807,#4808,#4809);
#4807 = CARTESIAN_POINT('',(1.1811E+03,977.64834482069,1.50359148742E+03
    ));
#4808 = DIRECTION('',(-1.,-0.,-0.));
#4809 = DIRECTION('',(0.,0.,-1.));
#4810 = DEFINITIONAL_REPRESENTATION('',(#4811),#4815);
#4811 = LINE('',#4812,#4813);
#4812 = CARTESIAN_POINT('',(0.,6.35));
#4813 = VECTOR('',#4814,1.);
#4814 = DIRECTION('',(1.,0.));
#4815 = ( GEOMETRIC_REPRESENTATION_CONTEXT(2) 
PARAMETRIC_REPRESENTATION_CONTEXT() REPRESENTATION_CONTEXT('2D SPACE',''
  ) );
#4816 = ADVANCED_FACE('',(#4817,#4820),#4769,.F.);
#4817 = FACE_BOUND('',#4818,.F.);
#4818 = EDGE_LOOP('',(#4819));
#4819 = ORIENTED_EDGE('',*,*,#4754,.T.);
#4820 = FACE_BOUND('',#4821,.F.);
#4821 = EDGE_LOOP('',(#4822));
#4822 = ORIENTED_EDGE('',*,*,#4823,.F.);
#4823 = EDGE_CURVE('',#4824,#4824,#4826,.T.);
#4824 = VERTEX_POINT('',#4825);
#4825 = CARTESIAN_POINT('',(1.1811E+03,977.64834482069,1.49803523742E+03
    ));
#4826 = SURFACE_CURVE('',#4827,(#4832,#4839),.PCURVE_S1.);
#4827 = CIRCLE('',#4828,5.55625);
#4828 = AXIS2_PLACEMENT_3D('',#4829,#4830,#4831);
#4829 = CARTESIAN_POINT('',(1.1811E+03,977.64834482069,1.50359148742E+03
    ));
#4830 = DIRECTION('',(-1.,-0.,-0.));
#4831 = DIRECTION('',(0.,0.,-1.));
#4832 = PCURVE('',#4769,#4833);
#4833 = DEFINITIONAL_REPRESENTATION('',(#4834),#4838);
#4834 = CIRCLE('',#4835,5.55625);
#4835 = AXIS2_PLACEMENT_2D('',#4836,#4837);
#4836 = CARTESIAN_POINT('',(0.,0.));
#4837 = DIRECTION('',(1.,0.));
#4838 = ( GEOMETRIC_REPRESENTATION_CONTEXT(2) 
PARAMETRIC_REPRESENTATION_CONTEXT() REPRESENTATION_CONTEXT('2D SPACE',''
  ) );
#4839 = PCURVE('',#4805,#4840);
#4840 = DEFINITIONAL_REPRESENTATION('',(#4841),#4845);
#4841 = LINE('',#4842,#4843);
#4842 = CARTESIAN_POINT('',(0.,0.));
#4843 = VECTOR('',#4844,1.);
#4844 = DIRECTION('',(1.,0.));
#4845 = ( GEOMETRIC_REPRESENTATION_CONTEXT(2) 
PARAMETRIC_REPRESENTATION_CONTEXT() REPRESENTATION_CONTEXT('2D SPACE',''
  ) );
#4846 = ADVANCED_FACE('',(#4847),#4805,.F.);
#4847 = FACE_BOUND('',#4848,.F.);
#4848 = EDGE_LOOP('',(#4849,#4850,#4871,#4872));
#4849 = ORIENTED_EDGE('',*,*,#4788,.F.);
#4850 = ORIENTED_EDGE('',*,*,#4851,.F.);
#4851 = EDGE_CURVE('',#4824,#4789,#4852,.T.);
#4852 = SEAM_CURVE('',#4853,(#4857,#4864),.PCURVE_S1.);
#4853 = LINE('',#4854,#4855);
#4854 = CARTESIAN_POINT('',(1.1811E+03,977.64834482069,1.49803523742E+03
    ));
#4855 = VECTOR('',#4856,1.);
#4856 = DIRECTION('',(-1.,0.,-0.));
#4857 = PCURVE('',#4805,#4858);
#4858 = DEFINITIONAL_REPRESENTATION('',(#4859),#4863);
#4859 = LINE('',#4860,#4861);
#4860 = CARTESIAN_POINT('',(6.28318530718,-0.));
#4861 = VECTOR('',#4862,1.);
#4862 = DIRECTION('',(0.,1.));
#4863 = ( GEOMETRIC_REPRESENTATION_CONTEXT(2) 
PARAMETRIC_REPRESENTATION_CONTEXT() REPRESENTATION_CONTEXT('2D SPACE',''
  ) );
#4864 = PCURVE('',#4805,#4865);
#4865 = DEFINITIONAL_REPRESENTATION('',(#4866),#4870);
#4866 = LINE('',#4867,#4868);
#4867 = CARTESIAN_POINT('',(0.,-0.));
#4868 = VECTOR('',#4869,1.);
#4869 = DIRECTION('',(0.,1.));
#4870 = ( GEOMETRIC_REPRESENTATION_CONTEXT(2) 
PARAMETRIC_REPRESENTATION_CONTEXT() REPRESENTATION_CONTEXT('2D SPACE',''
  ) );
#4871 = ORIENTED_EDGE('',*,*,#4823,.T.);
#4872 = ORIENTED_EDGE('',*,*,#4851,.T.);
#4873 = ( GEOMETRIC_REPRESENTATION_CONTEXT(3) 
GLOBAL_UNCERTAINTY_ASSIGNED_CONTEXT((#4877)) 
GLOBAL_UNIT_ASSIGNED_CONTEXT((#4874,#4875,#4876)) REPRESENTATION_CONTEXT
('Context #1','3D Context with UNIT and UNCERTAINTY') );
#4874 = ( LENGTH_UNIT() NAMED_UNIT(*) SI_UNIT(.MILLI.,.METRE.) );
#4875 = ( NAMED_UNIT(*) PLANE_ANGLE_UNIT() SI_UNIT($,.RADIAN.) );
#4876 = ( NAMED_UNIT(*) SI_UNIT($,.STERADIAN.) SOLID_ANGLE_UNIT() );
#4877 = UNCERTAINTY_MEASURE_WITH_UNIT(LENGTH_MEASURE(1.E-07),#4874,
  'distance_accuracy_value','confusion accuracy');
#4878 = CONTEXT_DEPENDENT_SHAPE_REPRESENTATION(#4879,#4881);
#4879 = ( REPRESENTATION_RELATIONSHIP('','',#4690,#10) 
REPRESENTATION_RELATIONSHIP_WITH_TRANSFORMATION(#4880) 
SHAPE_REPRESENTATION_RELATIONSHIP() );
#4880 = ITEM_DEFINED_TRANSFORMATION('','',#11,#119);
#4881 = PRODUCT_DEFINITION_SHAPE('Placement','Placement of an item',
  #4882);
#4882 = NEXT_ASSEMBLY_USAGE_OCCURRENCE('27',
  'lumber_leg_bolt_right_1_nut_plate','',#5,#4685,$);
#4883 = PRODUCT_RELATED_PRODUCT_CATEGORY('part',$,(#4687));
#4884 = SHAPE_DEFINITION_REPRESENTATION(#4885,#4891);
#4885 = PRODUCT_DEFINITION_SHAPE('','',#4886);
#4886 = PRODUCT_DEFINITION('design','',#4887,#4890);
#4887 = PRODUCT_DEFINITION_FORMATION('','',#4888);
#4888 = PRODUCT('lumber_leg_bolt_right_1_spacer',
  'lumber_leg_bolt_right_1_spacer','',(#4889));
#4889 = PRODUCT_CONTEXT('',#2,'mechanical');
#4890 = PRODUCT_DEFINITION_CONTEXT('part definition',#2,'design');
#4891 = ADVANCED_BREP_SHAPE_REPRESENTATION('',(#11,#4892),#5074);
#4892 = MANIFOLD_SOLID_BREP('',#4893);
#4893 = CLOSED_SHELL('',(#4894,#4982,#5017,#5047));
#4894 = ADVANCED_FACE('',(#4895),#4908,.T.);
#4895 = FACE_BOUND('',#4896,.T.);
#4896 = EDGE_LOOP('',(#4897,#4931,#4954,#4981));
#4897 = ORIENTED_EDGE('',*,*,#4898,.F.);
#4898 = EDGE_CURVE('',#4899,#4899,#4901,.T.);
#4899 = VERTEX_POINT('',#4900);
#4900 = CARTESIAN_POINT('',(1.1557E+03,977.64834482069,1.49359148742E+03
    ));
#4901 = SURFACE_CURVE('',#4902,(#4907,#4919),.PCURVE_S1.);
#4902 = CIRCLE('',#4903,10.);
#4903 = AXIS2_PLACEMENT_3D('',#4904,#4905,#4906);
#4904 = CARTESIAN_POINT('',(1.1557E+03,977.64834482069,1.50359148742E+03
    ));
#4905 = DIRECTION('',(-1.,-0.,-0.));
#4906 = DIRECTION('',(0.,0.,-1.));
#4907 = PCURVE('',#4908,#4913);
#4908 = CYLINDRICAL_SURFACE('',#4909,10.);
#4909 = AXIS2_PLACEMENT_3D('',#4910,#4911,#4912);
#4910 = CARTESIAN_POINT('',(1.17475E+03,977.64834482069,
    1.50359148742E+03));
#4911 = DIRECTION('',(-1.,-0.,-0.));
#4912 = DIRECTION('',(0.,0.,-1.));
#4913 = DEFINITIONAL_REPRESENTATION('',(#4914),#4918);
#4914 = LINE('',#4915,#4916);
#4915 = CARTESIAN_POINT('',(0.,19.05));
#4916 = VECTOR('',#4917,1.);
#4917 = DIRECTION('',(1.,0.));
#4918 = ( GEOMETRIC_REPRESENTATION_CONTEXT(2) 
PARAMETRIC_REPRESENTATION_CONTEXT() REPRESENTATION_CONTEXT('2D SPACE',''
  ) );
#4919 = PCURVE('',#4920,#4925);
#4920 = PLANE('',#4921);
#4921 = AXIS2_PLACEMENT_3D('',#4922,#4923,#4924);
#4922 = CARTESIAN_POINT('',(1.1557E+03,977.64834482069,1.50359148742E+03
    ));
#4923 = DIRECTION('',(-1.,-0.,-0.));
#4924 = DIRECTION('',(0.,0.,-1.));
#4925 = DEFINITIONAL_REPRESENTATION('',(#4926),#4930);
#4926 = CIRCLE('',#4927,10.);
#4927 = AXIS2_PLACEMENT_2D('',#4928,#4929);
#4928 = CARTESIAN_POINT('',(0.,0.));
#4929 = DIRECTION('',(1.,0.));
#4930 = ( GEOMETRIC_REPRESENTATION_CONTEXT(2) 
PARAMETRIC_REPRESENTATION_CONTEXT() REPRESENTATION_CONTEXT('2D SPACE',''
  ) );
#4931 = ORIENTED_EDGE('',*,*,#4932,.F.);
#4932 = EDGE_CURVE('',#4933,#4899,#4935,.T.);
#4933 = VERTEX_POINT('',#4934);
#4934 = CARTESIAN_POINT('',(1.17475E+03,977.64834482069,
    1.49359148742E+03));
#4935 = SEAM_CURVE('',#4936,(#4940,#4947),.PCURVE_S1.);
#4936 = LINE('',#4937,#4938);
#4937 = CARTESIAN_POINT('',(1.17475E+03,977.64834482069,
    1.49359148742E+03));
#4938 = VECTOR('',#4939,1.);
#4939 = DIRECTION('',(-1.,0.,-0.));
#4940 = PCURVE('',#4908,#4941);
#4941 = DEFINITIONAL_REPRESENTATION('',(#4942),#4946);
#4942 = LINE('',#4943,#4944);
#4943 = CARTESIAN_POINT('',(6.28318530718,-0.));
#4944 = VECTOR('',#4945,1.);
#4945 = DIRECTION('',(0.,1.));
#4946 = ( GEOMETRIC_REPRESENTATION_CONTEXT(2) 
PARAMETRIC_REPRESENTATION_CONTEXT() REPRESENTATION_CONTEXT('2D SPACE',''
  ) );
#4947 = PCURVE('',#4908,#4948);
#4948 = DEFINITIONAL_REPRESENTATION('',(#4949),#4953);
#4949 = LINE('',#4950,#4951);
#4950 = CARTESIAN_POINT('',(0.,-0.));
#4951 = VECTOR('',#4952,1.);
#4952 = DIRECTION('',(0.,1.));
#4953 = ( GEOMETRIC_REPRESENTATION_CONTEXT(2) 
PARAMETRIC_REPRESENTATION_CONTEXT() REPRESENTATION_CONTEXT('2D SPACE',''
  ) );
#4954 = ORIENTED_EDGE('',*,*,#4955,.T.);
#4955 = EDGE_CURVE('',#4933,#4933,#4956,.T.);
#4956 = SURFACE_CURVE('',#4957,(#4962,#4969),.PCURVE_S1.);
#4957 = CIRCLE('',#4958,10.);
#4958 = AXIS2_PLACEMENT_3D('',#4959,#4960,#4961);
#4959 = CARTESIAN_POINT('',(1.17475E+03,977.64834482069,
    1.50359148742E+03));
#4960 = DIRECTION('',(-1.,-0.,-0.));
#4961 = DIRECTION('',(0.,0.,-1.));
#4962 = PCURVE('',#4908,#4963);
#4963 = DEFINITIONAL_REPRESENTATION('',(#4964),#4968);
#4964 = LINE('',#4965,#4966);
#4965 = CARTESIAN_POINT('',(0.,0.));
#4966 = VECTOR('',#4967,1.);
#4967 = DIRECTION('',(1.,0.));
#4968 = ( GEOMETRIC_REPRESENTATION_CONTEXT(2) 
PARAMETRIC_REPRESENTATION_CONTEXT() REPRESENTATION_CONTEXT('2D SPACE',''
  ) );
#4969 = PCURVE('',#4970,#4975);
#4970 = PLANE('',#4971);
#4971 = AXIS2_PLACEMENT_3D('',#4972,#4973,#4974);
#4972 = CARTESIAN_POINT('',(1.17475E+03,977.64834482069,
    1.50359148742E+03));
#4973 = DIRECTION('',(-1.,-0.,-0.));
#4974 = DIRECTION('',(0.,0.,-1.));
#4975 = DEFINITIONAL_REPRESENTATION('',(#4976),#4980);
#4976 = CIRCLE('',#4977,10.);
#4977 = AXIS2_PLACEMENT_2D('',#4978,#4979);
#4978 = CARTESIAN_POINT('',(0.,0.));
#4979 = DIRECTION('',(1.,0.));
#4980 = ( GEOMETRIC_REPRESENTATION_CONTEXT(2) 
PARAMETRIC_REPRESENTATION_CONTEXT() REPRESENTATION_CONTEXT('2D SPACE',''
  ) );
#4981 = ORIENTED_EDGE('',*,*,#4932,.T.);
#4982 = ADVANCED_FACE('',(#4983,#4986),#4920,.T.);
#4983 = FACE_BOUND('',#4984,.T.);
#4984 = EDGE_LOOP('',(#4985));
#4985 = ORIENTED_EDGE('',*,*,#4898,.T.);
#4986 = FACE_BOUND('',#4987,.T.);
#4987 = EDGE_LOOP('',(#4988));
#4988 = ORIENTED_EDGE('',*,*,#4989,.F.);
#4989 = EDGE_CURVE('',#4990,#4990,#4992,.T.);
#4990 = VERTEX_POINT('',#4991);
#4991 = CARTESIAN_POINT('',(1.1557E+03,977.64834482069,1.49803523742E+03
    ));
#4992 = SURFACE_CURVE('',#4993,(#4998,#5005),.PCURVE_S1.);
#4993 = CIRCLE('',#4994,5.55625);
#4994 = AXIS2_PLACEMENT_3D('',#4995,#4996,#4997);
#4995 = CARTESIAN_POINT('',(1.1557E+03,977.64834482069,1.50359148742E+03
    ));
#4996 = DIRECTION('',(-1.,-0.,-0.));
#4997 = DIRECTION('',(0.,0.,-1.));
#4998 = PCURVE('',#4920,#4999);
#4999 = DEFINITIONAL_REPRESENTATION('',(#5000),#5004);
#5000 = CIRCLE('',#5001,5.55625);
#5001 = AXIS2_PLACEMENT_2D('',#5002,#5003);
#5002 = CARTESIAN_POINT('',(0.,0.));
#5003 = DIRECTION('',(1.,0.));
#5004 = ( GEOMETRIC_REPRESENTATION_CONTEXT(2) 
PARAMETRIC_REPRESENTATION_CONTEXT() REPRESENTATION_CONTEXT('2D SPACE',''
  ) );
#5005 = PCURVE('',#5006,#5011);
#5006 = CYLINDRICAL_SURFACE('',#5007,5.55625);
#5007 = AXIS2_PLACEMENT_3D('',#5008,#5009,#5010);
#5008 = CARTESIAN_POINT('',(1.17475E+03,977.64834482069,
    1.50359148742E+03));
#5009 = DIRECTION('',(-1.,-0.,-0.));
#5010 = DIRECTION('',(0.,0.,-1.));
#5011 = DEFINITIONAL_REPRESENTATION('',(#5012),#5016);
#5012 = LINE('',#5013,#5014);
#5013 = CARTESIAN_POINT('',(0.,19.05));
#5014 = VECTOR('',#5015,1.);
#5015 = DIRECTION('',(1.,0.));
#5016 = ( GEOMETRIC_REPRESENTATION_CONTEXT(2) 
PARAMETRIC_REPRESENTATION_CONTEXT() REPRESENTATION_CONTEXT('2D SPACE',''
  ) );
#5017 = ADVANCED_FACE('',(#5018,#5021),#4970,.F.);
#5018 = FACE_BOUND('',#5019,.F.);
#5019 = EDGE_LOOP('',(#5020));
#5020 = ORIENTED_EDGE('',*,*,#4955,.T.);
#5021 = FACE_BOUND('',#5022,.F.);
#5022 = EDGE_LOOP('',(#5023));
#5023 = ORIENTED_EDGE('',*,*,#5024,.F.);
#5024 = EDGE_CURVE('',#5025,#5025,#5027,.T.);
#5025 = VERTEX_POINT('',#5026);
#5026 = CARTESIAN_POINT('',(1.17475E+03,977.64834482069,
    1.49803523742E+03));
#5027 = SURFACE_CURVE('',#5028,(#5033,#5040),.PCURVE_S1.);
#5028 = CIRCLE('',#5029,5.55625);
#5029 = AXIS2_PLACEMENT_3D('',#5030,#5031,#5032);
#5030 = CARTESIAN_POINT('',(1.17475E+03,977.64834482069,
    1.50359148742E+03));
#5031 = DIRECTION('',(-1.,-0.,-0.));
#5032 = DIRECTION('',(0.,0.,-1.));
#5033 = PCURVE('',#4970,#5034);
#5034 = DEFINITIONAL_REPRESENTATION('',(#5035),#5039);
#5035 = CIRCLE('',#5036,5.55625);
#5036 = AXIS2_PLACEMENT_2D('',#5037,#5038);
#5037 = CARTESIAN_POINT('',(0.,0.));
#5038 = DIRECTION('',(1.,0.));
#5039 = ( GEOMETRIC_REPRESENTATION_CONTEXT(2) 
PARAMETRIC_REPRESENTATION_CONTEXT() REPRESENTATION_CONTEXT('2D SPACE',''
  ) );
#5040 = PCURVE('',#5006,#5041);
#5041 = DEFINITIONAL_REPRESENTATION('',(#5042),#5046);
#5042 = LINE('',#5043,#5044);
#5043 = CARTESIAN_POINT('',(0.,0.));
#5044 = VECTOR('',#5045,1.);
#5045 = DIRECTION('',(1.,0.));
#5046 = ( GEOMETRIC_REPRESENTATION_CONTEXT(2) 
PARAMETRIC_REPRESENTATION_CONTEXT() REPRESENTATION_CONTEXT('2D SPACE',''
  ) );
#5047 = ADVANCED_FACE('',(#5048),#5006,.F.);
#5048 = FACE_BOUND('',#5049,.F.);
#5049 = EDGE_LOOP('',(#5050,#5051,#5072,#5073));
#5050 = ORIENTED_EDGE('',*,*,#4989,.F.);
#5051 = ORIENTED_EDGE('',*,*,#5052,.F.);
#5052 = EDGE_CURVE('',#5025,#4990,#5053,.T.);
#5053 = SEAM_CURVE('',#5054,(#5058,#5065),.PCURVE_S1.);
#5054 = LINE('',#5055,#5056);
#5055 = CARTESIAN_POINT('',(1.17475E+03,977.64834482069,
    1.49803523742E+03));
#5056 = VECTOR('',#5057,1.);
#5057 = DIRECTION('',(-1.,0.,-0.));
#5058 = PCURVE('',#5006,#5059);
#5059 = DEFINITIONAL_REPRESENTATION('',(#5060),#5064);
#5060 = LINE('',#5061,#5062);
#5061 = CARTESIAN_POINT('',(6.28318530718,-0.));
#5062 = VECTOR('',#5063,1.);
#5063 = DIRECTION('',(0.,1.));
#5064 = ( GEOMETRIC_REPRESENTATION_CONTEXT(2) 
PARAMETRIC_REPRESENTATION_CONTEXT() REPRESENTATION_CONTEXT('2D SPACE',''
  ) );
#5065 = PCURVE('',#5006,#5066);
#5066 = DEFINITIONAL_REPRESENTATION('',(#5067),#5071);
#5067 = LINE('',#5068,#5069);
#5068 = CARTESIAN_POINT('',(0.,-0.));
#5069 = VECTOR('',#5070,1.);
#5070 = DIRECTION('',(0.,1.));
#5071 = ( GEOMETRIC_REPRESENTATION_CONTEXT(2) 
PARAMETRIC_REPRESENTATION_CONTEXT() REPRESENTATION_CONTEXT('2D SPACE',''
  ) );
#5072 = ORIENTED_EDGE('',*,*,#5024,.T.);
#5073 = ORIENTED_EDGE('',*,*,#5052,.T.);
#5074 = ( GEOMETRIC_REPRESENTATION_CONTEXT(3) 
GLOBAL_UNCERTAINTY_ASSIGNED_CONTEXT((#5078)) 
GLOBAL_UNIT_ASSIGNED_CONTEXT((#5075,#5076,#5077)) REPRESENTATION_CONTEXT
('Context #1','3D Context with UNIT and UNCERTAINTY') );
#5075 = ( LENGTH_UNIT() NAMED_UNIT(*) SI_UNIT(.MILLI.,.METRE.) );
#5076 = ( NAMED_UNIT(*) PLANE_ANGLE_UNIT() SI_UNIT($,.RADIAN.) );
#5077 = ( NAMED_UNIT(*) SI_UNIT($,.STERADIAN.) SOLID_ANGLE_UNIT() );
#5078 = UNCERTAINTY_MEASURE_WITH_UNIT(LENGTH_MEASURE(1.E-07),#5075,
  'distance_accuracy_value','confusion accuracy');
#5079 = CONTEXT_DEPENDENT_SHAPE_REPRESENTATION(#5080,#5082);
#5080 = ( REPRESENTATION_RELATIONSHIP('','',#4891,#10) 
REPRESENTATION_RELATIONSHIP_WITH_TRANSFORMATION(#5081) 
SHAPE_REPRESENTATION_RELATIONSHIP() );
#5081 = ITEM_DEFINED_TRANSFORMATION('','',#11,#123);
#5082 = PRODUCT_DEFINITION_SHAPE('Placement','Placement of an item',
  #5083);
#5083 = NEXT_ASSEMBLY_USAGE_OCCURRENCE('28',
  'lumber_leg_bolt_right_1_spacer','',#5,#4886,$);
#5084 = PRODUCT_RELATED_PRODUCT_CATEGORY('part',$,(#4888));
#5085 = SHAPE_DEFINITION_REPRESENTATION(#5086,#5092);
#5086 = PRODUCT_DEFINITION_SHAPE('','',#5087);
#5087 = PRODUCT_DEFINITION('design','',#5088,#5091);
#5088 = PRODUCT_DEFINITION_FORMATION('','',#5089);
#5089 = PRODUCT('lumber_leg_bolt_right_1_head',
  'lumber_leg_bolt_right_1_head','',(#5090));
#5090 = PRODUCT_CONTEXT('',#2,'mechanical');
#5091 = PRODUCT_DEFINITION_CONTEXT('part definition',#2,'design');
#5092 = ADVANCED_BREP_SHAPE_REPRESENTATION('',(#11,#5093),#5191);
#5093 = MANIFOLD_SOLID_BREP('',#5094);
#5094 = CLOSED_SHELL('',(#5095,#5183,#5187));
#5095 = ADVANCED_FACE('',(#5096),#5109,.T.);
#5096 = FACE_BOUND('',#5097,.T.);
#5097 = EDGE_LOOP('',(#5098,#5132,#5155,#5182));
#5098 = ORIENTED_EDGE('',*,*,#5099,.F.);
#5099 = EDGE_CURVE('',#5100,#5100,#5102,.T.);
#5100 = VERTEX_POINT('',#5101);
#5101 = CARTESIAN_POINT('',(1.2704572E+03,977.64834482069,
    1.51184648742E+03));
#5102 = SURFACE_CURVE('',#5103,(#5108,#5120),.PCURVE_S1.);
#5103 = CIRCLE('',#5104,8.255);
#5104 = AXIS2_PLACEMENT_3D('',#5105,#5106,#5107);
#5105 = CARTESIAN_POINT('',(1.2704572E+03,977.64834482069,
    1.50359148742E+03));
#5106 = DIRECTION('',(1.,0.,0.));
#5107 = DIRECTION('',(-0.,0.,1.));
#5108 = PCURVE('',#5109,#5114);
#5109 = CYLINDRICAL_SURFACE('',#5110,8.255);
#5110 = AXIS2_PLACEMENT_3D('',#5111,#5112,#5113);
#5111 = CARTESIAN_POINT('',(1.26365E+03,977.64834482069,
    1.50359148742E+03));
#5112 = DIRECTION('',(1.,0.,0.));
#5113 = DIRECTION('',(-0.,0.,1.));
#5114 = DEFINITIONAL_REPRESENTATION('',(#5115),#5119);
#5115 = LINE('',#5116,#5117);
#5116 = CARTESIAN_POINT('',(0.,6.8072));
#5117 = VECTOR('',#5118,1.);
#5118 = DIRECTION('',(1.,0.));
#5119 = ( GEOMETRIC_REPRESENTATION_CONTEXT(2) 
PARAMETRIC_REPRESENTATION_CONTEXT() REPRESENTATION_CONTEXT('2D SPACE',''
  ) );
#5120 = PCURVE('',#5121,#5126);
#5121 = PLANE('',#5122);
#5122 = AXIS2_PLACEMENT_3D('',#5123,#5124,#5125);
#5123 = CARTESIAN_POINT('',(1.2704572E+03,977.64834482069,
    1.50359148742E+03));
#5124 = DIRECTION('',(1.,0.,0.));
#5125 = DIRECTION('',(-0.,0.,1.));
#5126 = DEFINITIONAL_REPRESENTATION('',(#5127),#5131);
#5127 = CIRCLE('',#5128,8.255);
#5128 = AXIS2_PLACEMENT_2D('',#5129,#5130);
#5129 = CARTESIAN_POINT('',(0.,0.));
#5130 = DIRECTION('',(1.,0.));
#5131 = ( GEOMETRIC_REPRESENTATION_CONTEXT(2) 
PARAMETRIC_REPRESENTATION_CONTEXT() REPRESENTATION_CONTEXT('2D SPACE',''
  ) );
#5132 = ORIENTED_EDGE('',*,*,#5133,.F.);
#5133 = EDGE_CURVE('',#5134,#5100,#5136,.T.);
#5134 = VERTEX_POINT('',#5135);
#5135 = CARTESIAN_POINT('',(1.26365E+03,977.64834482069,
    1.51184648742E+03));
#5136 = SEAM_CURVE('',#5137,(#5141,#5148),.PCURVE_S1.);
#5137 = LINE('',#5138,#5139);
#5138 = CARTESIAN_POINT('',(1.26365E+03,977.64834482069,
    1.51184648742E+03));
#5139 = VECTOR('',#5140,1.);
#5140 = DIRECTION('',(1.,0.,0.));
#5141 = PCURVE('',#5109,#5142);
#5142 = DEFINITIONAL_REPRESENTATION('',(#5143),#5147);
#5143 = LINE('',#5144,#5145);
#5144 = CARTESIAN_POINT('',(6.28318530718,-0.));
#5145 = VECTOR('',#5146,1.);
#5146 = DIRECTION('',(0.,1.));
#5147 = ( GEOMETRIC_REPRESENTATION_CONTEXT(2) 
PARAMETRIC_REPRESENTATION_CONTEXT() REPRESENTATION_CONTEXT('2D SPACE',''
  ) );
#5148 = PCURVE('',#5109,#5149);
#5149 = DEFINITIONAL_REPRESENTATION('',(#5150),#5154);
#5150 = LINE('',#5151,#5152);
#5151 = CARTESIAN_POINT('',(0.,-0.));
#5152 = VECTOR('',#5153,1.);
#5153 = DIRECTION('',(0.,1.));
#5154 = ( GEOMETRIC_REPRESENTATION_CONTEXT(2) 
PARAMETRIC_REPRESENTATION_CONTEXT() REPRESENTATION_CONTEXT('2D SPACE',''
  ) );
#5155 = ORIENTED_EDGE('',*,*,#5156,.T.);
#5156 = EDGE_CURVE('',#5134,#5134,#5157,.T.);
#5157 = SURFACE_CURVE('',#5158,(#5163,#5170),.PCURVE_S1.);
#5158 = CIRCLE('',#5159,8.255);
#5159 = AXIS2_PLACEMENT_3D('',#5160,#5161,#5162);
#5160 = CARTESIAN_POINT('',(1.26365E+03,977.64834482069,
    1.50359148742E+03));
#5161 = DIRECTION('',(1.,0.,0.));
#5162 = DIRECTION('',(-0.,0.,1.));
#5163 = PCURVE('',#5109,#5164);
#5164 = DEFINITIONAL_REPRESENTATION('',(#5165),#5169);
#5165 = LINE('',#5166,#5167);
#5166 = CARTESIAN_POINT('',(0.,0.));
#5167 = VECTOR('',#5168,1.);
#5168 = DIRECTION('',(1.,0.));
#5169 = ( GEOMETRIC_REPRESENTATION_CONTEXT(2) 
PARAMETRIC_REPRESENTATION_CONTEXT() REPRESENTATION_CONTEXT('2D SPACE',''
  ) );
#5170 = PCURVE('',#5171,#5176);
#5171 = PLANE('',#5172);
#5172 = AXIS2_PLACEMENT_3D('',#5173,#5174,#5175);
#5173 = CARTESIAN_POINT('',(1.26365E+03,977.64834482069,
    1.50359148742E+03));
#5174 = DIRECTION('',(1.,0.,0.));
#5175 = DIRECTION('',(-0.,0.,1.));
#5176 = DEFINITIONAL_REPRESENTATION('',(#5177),#5181);
#5177 = CIRCLE('',#5178,8.255);
#5178 = AXIS2_PLACEMENT_2D('',#5179,#5180);
#5179 = CARTESIAN_POINT('',(0.,0.));
#5180 = DIRECTION('',(1.,0.));
#5181 = ( GEOMETRIC_REPRESENTATION_CONTEXT(2) 
PARAMETRIC_REPRESENTATION_CONTEXT() REPRESENTATION_CONTEXT('2D SPACE',''
  ) );
#5182 = ORIENTED_EDGE('',*,*,#5133,.T.);
#5183 = ADVANCED_FACE('',(#5184),#5121,.T.);
#5184 = FACE_BOUND('',#5185,.T.);
#5185 = EDGE_LOOP('',(#5186));
#5186 = ORIENTED_EDGE('',*,*,#5099,.T.);
#5187 = ADVANCED_FACE('',(#5188),#5171,.F.);
#5188 = FACE_BOUND('',#5189,.T.);
#5189 = EDGE_LOOP('',(#5190));
#5190 = ORIENTED_EDGE('',*,*,#5156,.F.);
#5191 = ( GEOMETRIC_REPRESENTATION_CONTEXT(3) 
GLOBAL_UNCERTAINTY_ASSIGNED_CONTEXT((#5195)) 
GLOBAL_UNIT_ASSIGNED_CONTEXT((#5192,#5193,#5194)) REPRESENTATION_CONTEXT
('Context #1','3D Context with UNIT and UNCERTAINTY') );
#5192 = ( LENGTH_UNIT() NAMED_UNIT(*) SI_UNIT(.MILLI.,.METRE.) );
#5193 = ( NAMED_UNIT(*) PLANE_ANGLE_UNIT() SI_UNIT($,.RADIAN.) );
#5194 = ( NAMED_UNIT(*) SI_UNIT($,.STERADIAN.) SOLID_ANGLE_UNIT() );
#5195 = UNCERTAINTY_MEASURE_WITH_UNIT(LENGTH_MEASURE(1.E-07),#5192,
  'distance_accuracy_value','confusion accuracy');
#5196 = CONTEXT_DEPENDENT_SHAPE_REPRESENTATION(#5197,#5199);
#5197 = ( REPRESENTATION_RELATIONSHIP('','',#5092,#10) 
REPRESENTATION_RELATIONSHIP_WITH_TRANSFORMATION(#5198) 
SHAPE_REPRESENTATION_RELATIONSHIP() );
#5198 = ITEM_DEFINED_TRANSFORMATION('','',#11,#127);
#5199 = PRODUCT_DEFINITION_SHAPE('Placement','Placement of an item',
  #5200);
#5200 = NEXT_ASSEMBLY_USAGE_OCCURRENCE('29',
  'lumber_leg_bolt_right_1_head','',#5,#5087,$);
#5201 = PRODUCT_RELATED_PRODUCT_CATEGORY('part',$,(#5089));
#5202 = SHAPE_DEFINITION_REPRESENTATION(#5203,#5209);
#5203 = PRODUCT_DEFINITION_SHAPE('','',#5204);
#5204 = PRODUCT_DEFINITION('design','',#5205,#5208);
#5205 = PRODUCT_DEFINITION_FORMATION('','',#5206);
#5206 = PRODUCT('lumber_leg_bolt_right_1_nut',
  'lumber_leg_bolt_right_1_nut','',(#5207));
#5207 = PRODUCT_CONTEXT('',#2,'mechanical');
#5208 = PRODUCT_DEFINITION_CONTEXT('part definition',#2,'design');
#5209 = ADVANCED_BREP_SHAPE_REPRESENTATION('',(#11,#5210),#5392);
#5210 = MANIFOLD_SOLID_BREP('',#5211);
#5211 = CLOSED_SHELL('',(#5212,#5300,#5335,#5365));
#5212 = ADVANCED_FACE('',(#5213),#5226,.T.);
#5213 = FACE_BOUND('',#5214,.T.);
#5214 = EDGE_LOOP('',(#5215,#5249,#5272,#5299));
#5215 = ORIENTED_EDGE('',*,*,#5216,.F.);
#5216 = EDGE_CURVE('',#5217,#5217,#5219,.T.);
#5217 = VERTEX_POINT('',#5218);
#5218 = CARTESIAN_POINT('',(1.1471402E+03,977.64834482069,
    1.49533648742E+03));
#5219 = SURFACE_CURVE('',#5220,(#5225,#5237),.PCURVE_S1.);
#5220 = CIRCLE('',#5221,8.255);
#5221 = AXIS2_PLACEMENT_3D('',#5222,#5223,#5224);
#5222 = CARTESIAN_POINT('',(1.1471402E+03,977.64834482069,
    1.50359148742E+03));
#5223 = DIRECTION('',(-1.,-0.,-0.));
#5224 = DIRECTION('',(0.,0.,-1.));
#5225 = PCURVE('',#5226,#5231);
#5226 = CYLINDRICAL_SURFACE('',#5227,8.255);
#5227 = AXIS2_PLACEMENT_3D('',#5228,#5229,#5230);
#5228 = CARTESIAN_POINT('',(1.1557E+03,977.64834482069,1.50359148742E+03
    ));
#5229 = DIRECTION('',(-1.,-0.,-0.));
#5230 = DIRECTION('',(0.,0.,-1.));
#5231 = DEFINITIONAL_REPRESENTATION('',(#5232),#5236);
#5232 = LINE('',#5233,#5234);
#5233 = CARTESIAN_POINT('',(0.,8.5598));
#5234 = VECTOR('',#5235,1.);
#5235 = DIRECTION('',(1.,0.));
#5236 = ( GEOMETRIC_REPRESENTATION_CONTEXT(2) 
PARAMETRIC_REPRESENTATION_CONTEXT() REPRESENTATION_CONTEXT('2D SPACE',''
  ) );
#5237 = PCURVE('',#5238,#5243);
#5238 = PLANE('',#5239);
#5239 = AXIS2_PLACEMENT_3D('',#5240,#5241,#5242);
#5240 = CARTESIAN_POINT('',(1.1471402E+03,977.64834482069,
    1.50359148742E+03));
#5241 = DIRECTION('',(-1.,-0.,-0.));
#5242 = DIRECTION('',(0.,0.,-1.));
#5243 = DEFINITIONAL_REPRESENTATION('',(#5244),#5248);
#5244 = CIRCLE('',#5245,8.255);
#5245 = AXIS2_PLACEMENT_2D('',#5246,#5247);
#5246 = CARTESIAN_POINT('',(0.,0.));
#5247 = DIRECTION('',(1.,0.));
#5248 = ( GEOMETRIC_REPRESENTATION_CONTEXT(2) 
PARAMETRIC_REPRESENTATION_CONTEXT() REPRESENTATION_CONTEXT('2D SPACE',''
  ) );
#5249 = ORIENTED_EDGE('',*,*,#5250,.F.);
#5250 = EDGE_CURVE('',#5251,#5217,#5253,.T.);
#5251 = VERTEX_POINT('',#5252);
#5252 = CARTESIAN_POINT('',(1.1557E+03,977.64834482069,1.49533648742E+03
    ));
#5253 = SEAM_CURVE('',#5254,(#5258,#5265),.PCURVE_S1.);
#5254 = LINE('',#5255,#5256);
#5255 = CARTESIAN_POINT('',(1.1557E+03,977.64834482069,1.49533648742E+03
    ));
#5256 = VECTOR('',#5257,1.);
#5257 = DIRECTION('',(-1.,0.,-0.));
#5258 = PCURVE('',#5226,#5259);
#5259 = DEFINITIONAL_REPRESENTATION('',(#5260),#5264);
#5260 = LINE('',#5261,#5262);
#5261 = CARTESIAN_POINT('',(6.28318530718,-0.));
#5262 = VECTOR('',#5263,1.);
#5263 = DIRECTION('',(0.,1.));
#5264 = ( GEOMETRIC_REPRESENTATION_CONTEXT(2) 
PARAMETRIC_REPRESENTATION_CONTEXT() REPRESENTATION_CONTEXT('2D SPACE',''
  ) );
#5265 = PCURVE('',#5226,#5266);
#5266 = DEFINITIONAL_REPRESENTATION('',(#5267),#5271);
#5267 = LINE('',#5268,#5269);
#5268 = CARTESIAN_POINT('',(0.,-0.));
#5269 = VECTOR('',#5270,1.);
#5270 = DIRECTION('',(0.,1.));
#5271 = ( GEOMETRIC_REPRESENTATION_CONTEXT(2) 
PARAMETRIC_REPRESENTATION_CONTEXT() REPRESENTATION_CONTEXT('2D SPACE',''
  ) );
#5272 = ORIENTED_EDGE('',*,*,#5273,.T.);
#5273 = EDGE_CURVE('',#5251,#5251,#5274,.T.);
#5274 = SURFACE_CURVE('',#5275,(#5280,#5287),.PCURVE_S1.);
#5275 = CIRCLE('',#5276,8.255);
#5276 = AXIS2_PLACEMENT_3D('',#5277,#5278,#5279);
#5277 = CARTESIAN_POINT('',(1.1557E+03,977.64834482069,1.50359148742E+03
    ));
#5278 = DIRECTION('',(-1.,-0.,-0.));
#5279 = DIRECTION('',(0.,0.,-1.));
#5280 = PCURVE('',#5226,#5281);
#5281 = DEFINITIONAL_REPRESENTATION('',(#5282),#5286);
#5282 = LINE('',#5283,#5284);
#5283 = CARTESIAN_POINT('',(0.,0.));
#5284 = VECTOR('',#5285,1.);
#5285 = DIRECTION('',(1.,0.));
#5286 = ( GEOMETRIC_REPRESENTATION_CONTEXT(2) 
PARAMETRIC_REPRESENTATION_CONTEXT() REPRESENTATION_CONTEXT('2D SPACE',''
  ) );
#5287 = PCURVE('',#5288,#5293);
#5288 = PLANE('',#5289);
#5289 = AXIS2_PLACEMENT_3D('',#5290,#5291,#5292);
#5290 = CARTESIAN_POINT('',(1.1557E+03,977.64834482069,1.50359148742E+03
    ));
#5291 = DIRECTION('',(-1.,-0.,-0.));
#5292 = DIRECTION('',(0.,0.,-1.));
#5293 = DEFINITIONAL_REPRESENTATION('',(#5294),#5298);
#5294 = CIRCLE('',#5295,8.255);
#5295 = AXIS2_PLACEMENT_2D('',#5296,#5297);
#5296 = CARTESIAN_POINT('',(0.,0.));
#5297 = DIRECTION('',(1.,0.));
#5298 = ( GEOMETRIC_REPRESENTATION_CONTEXT(2) 
PARAMETRIC_REPRESENTATION_CONTEXT() REPRESENTATION_CONTEXT('2D SPACE',''
  ) );
#5299 = ORIENTED_EDGE('',*,*,#5250,.T.);
#5300 = ADVANCED_FACE('',(#5301,#5304),#5238,.T.);
#5301 = FACE_BOUND('',#5302,.T.);
#5302 = EDGE_LOOP('',(#5303));
#5303 = ORIENTED_EDGE('',*,*,#5216,.T.);
#5304 = FACE_BOUND('',#5305,.T.);
#5305 = EDGE_LOOP('',(#5306));
#5306 = ORIENTED_EDGE('',*,*,#5307,.F.);
#5307 = EDGE_CURVE('',#5308,#5308,#5310,.T.);
#5308 = VERTEX_POINT('',#5309);
#5309 = CARTESIAN_POINT('',(1.1471402E+03,977.64834482069,
    1.49866388742E+03));
#5310 = SURFACE_CURVE('',#5311,(#5316,#5323),.PCURVE_S1.);
#5311 = CIRCLE('',#5312,4.9276);
#5312 = AXIS2_PLACEMENT_3D('',#5313,#5314,#5315);
#5313 = CARTESIAN_POINT('',(1.1471402E+03,977.64834482069,
    1.50359148742E+03));
#5314 = DIRECTION('',(-1.,-0.,-0.));
#5315 = DIRECTION('',(0.,0.,-1.));
#5316 = PCURVE('',#5238,#5317);
#5317 = DEFINITIONAL_REPRESENTATION('',(#5318),#5322);
#5318 = CIRCLE('',#5319,4.9276);
#5319 = AXIS2_PLACEMENT_2D('',#5320,#5321);
#5320 = CARTESIAN_POINT('',(0.,0.));
#5321 = DIRECTION('',(1.,0.));
#5322 = ( GEOMETRIC_REPRESENTATION_CONTEXT(2) 
PARAMETRIC_REPRESENTATION_CONTEXT() REPRESENTATION_CONTEXT('2D SPACE',''
  ) );
#5323 = PCURVE('',#5324,#5329);
#5324 = CYLINDRICAL_SURFACE('',#5325,4.9276);
#5325 = AXIS2_PLACEMENT_3D('',#5326,#5327,#5328);
#5326 = CARTESIAN_POINT('',(1.1557E+03,977.64834482069,1.50359148742E+03
    ));
#5327 = DIRECTION('',(-1.,-0.,-0.));
#5328 = DIRECTION('',(0.,0.,-1.));
#5329 = DEFINITIONAL_REPRESENTATION('',(#5330),#5334);
#5330 = LINE('',#5331,#5332);
#5331 = CARTESIAN_POINT('',(0.,8.5598));
#5332 = VECTOR('',#5333,1.);
#5333 = DIRECTION('',(1.,0.));
#5334 = ( GEOMETRIC_REPRESENTATION_CONTEXT(2) 
PARAMETRIC_REPRESENTATION_CONTEXT() REPRESENTATION_CONTEXT('2D SPACE',''
  ) );
#5335 = ADVANCED_FACE('',(#5336,#5339),#5288,.F.);
#5336 = FACE_BOUND('',#5337,.F.);
#5337 = EDGE_LOOP('',(#5338));
#5338 = ORIENTED_EDGE('',*,*,#5273,.T.);
#5339 = FACE_BOUND('',#5340,.F.);
#5340 = EDGE_LOOP('',(#5341));
#5341 = ORIENTED_EDGE('',*,*,#5342,.F.);
#5342 = EDGE_CURVE('',#5343,#5343,#5345,.T.);
#5343 = VERTEX_POINT('',#5344);
#5344 = CARTESIAN_POINT('',(1.1557E+03,977.64834482069,1.49866388742E+03
    ));
#5345 = SURFACE_CURVE('',#5346,(#5351,#5358),.PCURVE_S1.);
#5346 = CIRCLE('',#5347,4.9276);
#5347 = AXIS2_PLACEMENT_3D('',#5348,#5349,#5350);
#5348 = CARTESIAN_POINT('',(1.1557E+03,977.64834482069,1.50359148742E+03
    ));
#5349 = DIRECTION('',(-1.,-0.,-0.));
#5350 = DIRECTION('',(0.,0.,-1.));
#5351 = PCURVE('',#5288,#5352);
#5352 = DEFINITIONAL_REPRESENTATION('',(#5353),#5357);
#5353 = CIRCLE('',#5354,4.9276);
#5354 = AXIS2_PLACEMENT_2D('',#5355,#5356);
#5355 = CARTESIAN_POINT('',(0.,0.));
#5356 = DIRECTION('',(1.,0.));
#5357 = ( GEOMETRIC_REPRESENTATION_CONTEXT(2) 
PARAMETRIC_REPRESENTATION_CONTEXT() REPRESENTATION_CONTEXT('2D SPACE',''
  ) );
#5358 = PCURVE('',#5324,#5359);
#5359 = DEFINITIONAL_REPRESENTATION('',(#5360),#5364);
#5360 = LINE('',#5361,#5362);
#5361 = CARTESIAN_POINT('',(0.,0.));
#5362 = VECTOR('',#5363,1.);
#5363 = DIRECTION('',(1.,0.));
#5364 = ( GEOMETRIC_REPRESENTATION_CONTEXT(2) 
PARAMETRIC_REPRESENTATION_CONTEXT() REPRESENTATION_CONTEXT('2D SPACE',''
  ) );
#5365 = ADVANCED_FACE('',(#5366),#5324,.F.);
#5366 = FACE_BOUND('',#5367,.F.);
#5367 = EDGE_LOOP('',(#5368,#5369,#5390,#5391));
#5368 = ORIENTED_EDGE('',*,*,#5307,.F.);
#5369 = ORIENTED_EDGE('',*,*,#5370,.F.);
#5370 = EDGE_CURVE('',#5343,#5308,#5371,.T.);
#5371 = SEAM_CURVE('',#5372,(#5376,#5383),.PCURVE_S1.);
#5372 = LINE('',#5373,#5374);
#5373 = CARTESIAN_POINT('',(1.1557E+03,977.64834482069,1.49866388742E+03
    ));
#5374 = VECTOR('',#5375,1.);
#5375 = DIRECTION('',(-1.,0.,-0.));
#5376 = PCURVE('',#5324,#5377);
#5377 = DEFINITIONAL_REPRESENTATION('',(#5378),#5382);
#5378 = LINE('',#5379,#5380);
#5379 = CARTESIAN_POINT('',(6.28318530718,-0.));
#5380 = VECTOR('',#5381,1.);
#5381 = DIRECTION('',(0.,1.));
#5382 = ( GEOMETRIC_REPRESENTATION_CONTEXT(2) 
PARAMETRIC_REPRESENTATION_CONTEXT() REPRESENTATION_CONTEXT('2D SPACE',''
  ) );
#5383 = PCURVE('',#5324,#5384);
#5384 = DEFINITIONAL_REPRESENTATION('',(#5385),#5389);
#5385 = LINE('',#5386,#5387);
#5386 = CARTESIAN_POINT('',(0.,-0.));
#5387 = VECTOR('',#5388,1.);
#5388 = DIRECTION('',(0.,1.));
#5389 = ( GEOMETRIC_REPRESENTATION_CONTEXT(2) 
PARAMETRIC_REPRESENTATION_CONTEXT() REPRESENTATION_CONTEXT('2D SPACE',''
  ) );
#5390 = ORIENTED_EDGE('',*,*,#5342,.T.);
#5391 = ORIENTED_EDGE('',*,*,#5370,.T.);
#5392 = ( GEOMETRIC_REPRESENTATION_CONTEXT(3) 
GLOBAL_UNCERTAINTY_ASSIGNED_CONTEXT((#5396)) 
GLOBAL_UNIT_ASSIGNED_CONTEXT((#5393,#5394,#5395)) REPRESENTATION_CONTEXT
('Context #1','3D Context with UNIT and UNCERTAINTY') );
#5393 = ( LENGTH_UNIT() NAMED_UNIT(*) SI_UNIT(.MILLI.,.METRE.) );
#5394 = ( NAMED_UNIT(*) PLANE_ANGLE_UNIT() SI_UNIT($,.RADIAN.) );
#5395 = ( NAMED_UNIT(*) SI_UNIT($,.STERADIAN.) SOLID_ANGLE_UNIT() );
#5396 = UNCERTAINTY_MEASURE_WITH_UNIT(LENGTH_MEASURE(1.E-07),#5393,
  'distance_accuracy_value','confusion accuracy');
#5397 = CONTEXT_DEPENDENT_SHAPE_REPRESENTATION(#5398,#5400);
#5398 = ( REPRESENTATION_RELATIONSHIP('','',#5209,#10) 
REPRESENTATION_RELATIONSHIP_WITH_TRANSFORMATION(#5399) 
SHAPE_REPRESENTATION_RELATIONSHIP() );
#5399 = ITEM_DEFINED_TRANSFORMATION('','',#11,#131);
#5400 = PRODUCT_DEFINITION_SHAPE('Placement','Placement of an item',
  #5401);
#5401 = NEXT_ASSEMBLY_USAGE_OCCURRENCE('30',
  'lumber_leg_bolt_right_1_nut','',#5,#5204,$);
#5402 = PRODUCT_RELATED_PRODUCT_CATEGORY('part',$,(#5206));
#5403 = SHAPE_DEFINITION_REPRESENTATION(#5404,#5410);
#5404 = PRODUCT_DEFINITION_SHAPE('','',#5405);
#5405 = PRODUCT_DEFINITION('design','',#5406,#5409);
#5406 = PRODUCT_DEFINITION_FORMATION('','',#5407);
#5407 = PRODUCT('lumber_leg_bolt_right_2_shaft',
  'lumber_leg_bolt_right_2_shaft','',(#5408));
#5408 = PRODUCT_CONTEXT('',#2,'mechanical');
#5409 = PRODUCT_DEFINITION_CONTEXT('part definition',#2,'design');
#5410 = ADVANCED_BREP_SHAPE_REPRESENTATION('',(#11,#5411),#5509);
#5411 = MANIFOLD_SOLID_BREP('',#5412);
#5412 = CLOSED_SHELL('',(#5413,#5501,#5505));
#5413 = ADVANCED_FACE('',(#5414),#5427,.T.);
#5414 = FACE_BOUND('',#5415,.T.);
#5415 = EDGE_LOOP('',(#5416,#5450,#5473,#5500));
#5416 = ORIENTED_EDGE('',*,*,#5417,.F.);
#5417 = EDGE_CURVE('',#5418,#5418,#5420,.T.);
#5418 = VERTEX_POINT('',#5419);
#5419 = CARTESIAN_POINT('',(1.13665E+03,1.009787725305E+03,
    1.536966109576E+03));
#5420 = SURFACE_CURVE('',#5421,(#5426,#5438),.PCURVE_S1.);
#5421 = CIRCLE('',#5422,4.9276);
#5422 = AXIS2_PLACEMENT_3D('',#5423,#5424,#5425);
#5423 = CARTESIAN_POINT('',(1.13665E+03,1.009787725305E+03,
    1.541893709576E+03));
#5424 = DIRECTION('',(-1.,-0.,-0.));
#5425 = DIRECTION('',(0.,0.,-1.));
#5426 = PCURVE('',#5427,#5432);
#5427 = CYLINDRICAL_SURFACE('',#5428,4.9276);
#5428 = AXIS2_PLACEMENT_3D('',#5429,#5430,#5431);
#5429 = CARTESIAN_POINT('',(1.26365E+03,1.009787725305E+03,
    1.541893709576E+03));
#5430 = DIRECTION('',(-1.,-0.,-0.));
#5431 = DIRECTION('',(0.,0.,-1.));
#5432 = DEFINITIONAL_REPRESENTATION('',(#5433),#5437);
#5433 = LINE('',#5434,#5435);
#5434 = CARTESIAN_POINT('',(0.,127.));
#5435 = VECTOR('',#5436,1.);
#5436 = DIRECTION('',(1.,0.));
#5437 = ( GEOMETRIC_REPRESENTATION_CONTEXT(2) 
PARAMETRIC_REPRESENTATION_CONTEXT() REPRESENTATION_CONTEXT('2D SPACE',''
  ) );
#5438 = PCURVE('',#5439,#5444);
#5439 = PLANE('',#5440);
#5440 = AXIS2_PLACEMENT_3D('',#5441,#5442,#5443);
#5441 = CARTESIAN_POINT('',(1.13665E+03,1.009787725305E+03,
    1.541893709576E+03));
#5442 = DIRECTION('',(-1.,-0.,-0.));
#5443 = DIRECTION('',(0.,0.,-1.));
#5444 = DEFINITIONAL_REPRESENTATION('',(#5445),#5449);
#5445 = CIRCLE('',#5446,4.9276);
#5446 = AXIS2_PLACEMENT_2D('',#5447,#5448);
#5447 = CARTESIAN_POINT('',(0.,0.));
#5448 = DIRECTION('',(1.,0.));
#5449 = ( GEOMETRIC_REPRESENTATION_CONTEXT(2) 
PARAMETRIC_REPRESENTATION_CONTEXT() REPRESENTATION_CONTEXT('2D SPACE',''
  ) );
#5450 = ORIENTED_EDGE('',*,*,#5451,.F.);
#5451 = EDGE_CURVE('',#5452,#5418,#5454,.T.);
#5452 = VERTEX_POINT('',#5453);
#5453 = CARTESIAN_POINT('',(1.26365E+03,1.009787725305E+03,
    1.536966109576E+03));
#5454 = SEAM_CURVE('',#5455,(#5459,#5466),.PCURVE_S1.);
#5455 = LINE('',#5456,#5457);
#5456 = CARTESIAN_POINT('',(1.26365E+03,1.009787725305E+03,
    1.536966109576E+03));
#5457 = VECTOR('',#5458,1.);
#5458 = DIRECTION('',(-1.,0.,-0.));
#5459 = PCURVE('',#5427,#5460);
#5460 = DEFINITIONAL_REPRESENTATION('',(#5461),#5465);
#5461 = LINE('',#5462,#5463);
#5462 = CARTESIAN_POINT('',(6.28318530718,-0.));
#5463 = VECTOR('',#5464,1.);
#5464 = DIRECTION('',(0.,1.));
#5465 = ( GEOMETRIC_REPRESENTATION_CONTEXT(2) 
PARAMETRIC_REPRESENTATION_CONTEXT() REPRESENTATION_CONTEXT('2D SPACE',''
  ) );
#5466 = PCURVE('',#5427,#5467);
#5467 = DEFINITIONAL_REPRESENTATION('',(#5468),#5472);
#5468 = LINE('',#5469,#5470);
#5469 = CARTESIAN_POINT('',(0.,-0.));
#5470 = VECTOR('',#5471,1.);
#5471 = DIRECTION('',(0.,1.));
#5472 = ( GEOMETRIC_REPRESENTATION_CONTEXT(2) 
PARAMETRIC_REPRESENTATION_CONTEXT() REPRESENTATION_CONTEXT('2D SPACE',''
  ) );
#5473 = ORIENTED_EDGE('',*,*,#5474,.T.);
#5474 = EDGE_CURVE('',#5452,#5452,#5475,.T.);
#5475 = SURFACE_CURVE('',#5476,(#5481,#5488),.PCURVE_S1.);
#5476 = CIRCLE('',#5477,4.9276);
#5477 = AXIS2_PLACEMENT_3D('',#5478,#5479,#5480);
#5478 = CARTESIAN_POINT('',(1.26365E+03,1.009787725305E+03,
    1.541893709576E+03));
#5479 = DIRECTION('',(-1.,-0.,-0.));
#5480 = DIRECTION('',(0.,0.,-1.));
#5481 = PCURVE('',#5427,#5482);
#5482 = DEFINITIONAL_REPRESENTATION('',(#5483),#5487);
#5483 = LINE('',#5484,#5485);
#5484 = CARTESIAN_POINT('',(0.,0.));
#5485 = VECTOR('',#5486,1.);
#5486 = DIRECTION('',(1.,0.));
#5487 = ( GEOMETRIC_REPRESENTATION_CONTEXT(2) 
PARAMETRIC_REPRESENTATION_CONTEXT() REPRESENTATION_CONTEXT('2D SPACE',''
  ) );
#5488 = PCURVE('',#5489,#5494);
#5489 = PLANE('',#5490);
#5490 = AXIS2_PLACEMENT_3D('',#5491,#5492,#5493);
#5491 = CARTESIAN_POINT('',(1.26365E+03,1.009787725305E+03,
    1.541893709576E+03));
#5492 = DIRECTION('',(-1.,-0.,-0.));
#5493 = DIRECTION('',(0.,0.,-1.));
#5494 = DEFINITIONAL_REPRESENTATION('',(#5495),#5499);
#5495 = CIRCLE('',#5496,4.9276);
#5496 = AXIS2_PLACEMENT_2D('',#5497,#5498);
#5497 = CARTESIAN_POINT('',(0.,0.));
#5498 = DIRECTION('',(1.,0.));
#5499 = ( GEOMETRIC_REPRESENTATION_CONTEXT(2) 
PARAMETRIC_REPRESENTATION_CONTEXT() REPRESENTATION_CONTEXT('2D SPACE',''
  ) );
#5500 = ORIENTED_EDGE('',*,*,#5451,.T.);
#5501 = ADVANCED_FACE('',(#5502),#5439,.T.);
#5502 = FACE_BOUND('',#5503,.T.);
#5503 = EDGE_LOOP('',(#5504));
#5504 = ORIENTED_EDGE('',*,*,#5417,.T.);
#5505 = ADVANCED_FACE('',(#5506),#5489,.F.);
#5506 = FACE_BOUND('',#5507,.T.);
#5507 = EDGE_LOOP('',(#5508));
#5508 = ORIENTED_EDGE('',*,*,#5474,.F.);
#5509 = ( GEOMETRIC_REPRESENTATION_CONTEXT(3) 
GLOBAL_UNCERTAINTY_ASSIGNED_CONTEXT((#5513)) 
GLOBAL_UNIT_ASSIGNED_CONTEXT((#5510,#5511,#5512)) REPRESENTATION_CONTEXT
('Context #1','3D Context with UNIT and UNCERTAINTY') );
#5510 = ( LENGTH_UNIT() NAMED_UNIT(*) SI_UNIT(.MILLI.,.METRE.) );
#5511 = ( NAMED_UNIT(*) PLANE_ANGLE_UNIT() SI_UNIT($,.RADIAN.) );
#5512 = ( NAMED_UNIT(*) SI_UNIT($,.STERADIAN.) SOLID_ANGLE_UNIT() );
#5513 = UNCERTAINTY_MEASURE_WITH_UNIT(LENGTH_MEASURE(1.E-07),#5510,
  'distance_accuracy_value','confusion accuracy');
#5514 = CONTEXT_DEPENDENT_SHAPE_REPRESENTATION(#5515,#5517);
#5515 = ( REPRESENTATION_RELATIONSHIP('','',#5410,#10) 
REPRESENTATION_RELATIONSHIP_WITH_TRANSFORMATION(#5516) 
SHAPE_REPRESENTATION_RELATIONSHIP() );
#5516 = ITEM_DEFINED_TRANSFORMATION('','',#11,#135);
#5517 = PRODUCT_DEFINITION_SHAPE('Placement','Placement of an item',
  #5518);
#5518 = NEXT_ASSEMBLY_USAGE_OCCURRENCE('31',
  'lumber_leg_bolt_right_2_shaft','',#5,#5405,$);
#5519 = PRODUCT_RELATED_PRODUCT_CATEGORY('part',$,(#5407));
#5520 = SHAPE_DEFINITION_REPRESENTATION(#5521,#5527);
#5521 = PRODUCT_DEFINITION_SHAPE('','',#5522);
#5522 = PRODUCT_DEFINITION('design','',#5523,#5526);
#5523 = PRODUCT_DEFINITION_FORMATION('','',#5524);
#5524 = PRODUCT('lumber_leg_bolt_right_2_head_plate',
  'lumber_leg_bolt_right_2_head_plate','',(#5525));
#5525 = PRODUCT_CONTEXT('',#2,'mechanical');
#5526 = PRODUCT_DEFINITION_CONTEXT('part definition',#2,'design');
#5527 = ADVANCED_BREP_SHAPE_REPRESENTATION('',(#11,#5528),#5710);
#5528 = MANIFOLD_SOLID_BREP('',#5529);
#5529 = CLOSED_SHELL('',(#5530,#5618,#5653,#5683));
#5530 = ADVANCED_FACE('',(#5531),#5544,.T.);
#5531 = FACE_BOUND('',#5532,.T.);
#5532 = EDGE_LOOP('',(#5533,#5567,#5590,#5617));
#5533 = ORIENTED_EDGE('',*,*,#5534,.F.);
#5534 = EDGE_CURVE('',#5535,#5535,#5537,.T.);
#5535 = VERTEX_POINT('',#5536);
#5536 = CARTESIAN_POINT('',(1.2573E+03,1.009787725305E+03,
    1.522843709576E+03));
#5537 = SURFACE_CURVE('',#5538,(#5543,#5555),.PCURVE_S1.);
#5538 = CIRCLE('',#5539,19.05);
#5539 = AXIS2_PLACEMENT_3D('',#5540,#5541,#5542);
#5540 = CARTESIAN_POINT('',(1.2573E+03,1.009787725305E+03,
    1.541893709576E+03));
#5541 = DIRECTION('',(-1.,-0.,-0.));
#5542 = DIRECTION('',(0.,0.,-1.));
#5543 = PCURVE('',#5544,#5549);
#5544 = CYLINDRICAL_SURFACE('',#5545,19.05);
#5545 = AXIS2_PLACEMENT_3D('',#5546,#5547,#5548);
#5546 = CARTESIAN_POINT('',(1.26365E+03,1.009787725305E+03,
    1.541893709576E+03));
#5547 = DIRECTION('',(-1.,-0.,-0.));
#5548 = DIRECTION('',(0.,0.,-1.));
#5549 = DEFINITIONAL_REPRESENTATION('',(#5550),#5554);
#5550 = LINE('',#5551,#5552);
#5551 = CARTESIAN_POINT('',(0.,6.35));
#5552 = VECTOR('',#5553,1.);
#5553 = DIRECTION('',(1.,0.));
#5554 = ( GEOMETRIC_REPRESENTATION_CONTEXT(2) 
PARAMETRIC_REPRESENTATION_CONTEXT() REPRESENTATION_CONTEXT('2D SPACE',''
  ) );
#5555 = PCURVE('',#5556,#5561);
#5556 = PLANE('',#5557);
#5557 = AXIS2_PLACEMENT_3D('',#5558,#5559,#5560);
#5558 = CARTESIAN_POINT('',(1.2573E+03,1.009787725305E+03,
    1.541893709576E+03));
#5559 = DIRECTION('',(-1.,-0.,-0.));
#5560 = DIRECTION('',(0.,0.,-1.));
#5561 = DEFINITIONAL_REPRESENTATION('',(#5562),#5566);
#5562 = CIRCLE('',#5563,19.05);
#5563 = AXIS2_PLACEMENT_2D('',#5564,#5565);
#5564 = CARTESIAN_POINT('',(0.,0.));
#5565 = DIRECTION('',(1.,0.));
#5566 = ( GEOMETRIC_REPRESENTATION_CONTEXT(2) 
PARAMETRIC_REPRESENTATION_CONTEXT() REPRESENTATION_CONTEXT('2D SPACE',''
  ) );
#5567 = ORIENTED_EDGE('',*,*,#5568,.F.);
#5568 = EDGE_CURVE('',#5569,#5535,#5571,.T.);
#5569 = VERTEX_POINT('',#5570);
#5570 = CARTESIAN_POINT('',(1.26365E+03,1.009787725305E+03,
    1.522843709576E+03));
#5571 = SEAM_CURVE('',#5572,(#5576,#5583),.PCURVE_S1.);
#5572 = LINE('',#5573,#5574);
#5573 = CARTESIAN_POINT('',(1.26365E+03,1.009787725305E+03,
    1.522843709576E+03));
#5574 = VECTOR('',#5575,1.);
#5575 = DIRECTION('',(-1.,0.,-0.));
#5576 = PCURVE('',#5544,#5577);
#5577 = DEFINITIONAL_REPRESENTATION('',(#5578),#5582);
#5578 = LINE('',#5579,#5580);
#5579 = CARTESIAN_POINT('',(6.28318530718,-0.));
#5580 = VECTOR('',#5581,1.);
#5581 = DIRECTION('',(0.,1.));
#5582 = ( GEOMETRIC_REPRESENTATION_CONTEXT(2) 
PARAMETRIC_REPRESENTATION_CONTEXT() REPRESENTATION_CONTEXT('2D SPACE',''
  ) );
#5583 = PCURVE('',#5544,#5584);
#5584 = DEFINITIONAL_REPRESENTATION('',(#5585),#5589);
#5585 = LINE('',#5586,#5587);
#5586 = CARTESIAN_POINT('',(0.,-0.));
#5587 = VECTOR('',#5588,1.);
#5588 = DIRECTION('',(0.,1.));
#5589 = ( GEOMETRIC_REPRESENTATION_CONTEXT(2) 
PARAMETRIC_REPRESENTATION_CONTEXT() REPRESENTATION_CONTEXT('2D SPACE',''
  ) );
#5590 = ORIENTED_EDGE('',*,*,#5591,.T.);
#5591 = EDGE_CURVE('',#5569,#5569,#5592,.T.);
#5592 = SURFACE_CURVE('',#5593,(#5598,#5605),.PCURVE_S1.);
#5593 = CIRCLE('',#5594,19.05);
#5594 = AXIS2_PLACEMENT_3D('',#5595,#5596,#5597);
#5595 = CARTESIAN_POINT('',(1.26365E+03,1.009787725305E+03,
    1.541893709576E+03));
#5596 = DIRECTION('',(-1.,-0.,-0.));
#5597 = DIRECTION('',(0.,0.,-1.));
#5598 = PCURVE('',#5544,#5599);
#5599 = DEFINITIONAL_REPRESENTATION('',(#5600),#5604);
#5600 = LINE('',#5601,#5602);
#5601 = CARTESIAN_POINT('',(0.,0.));
#5602 = VECTOR('',#5603,1.);
#5603 = DIRECTION('',(1.,0.));
#5604 = ( GEOMETRIC_REPRESENTATION_CONTEXT(2) 
PARAMETRIC_REPRESENTATION_CONTEXT() REPRESENTATION_CONTEXT('2D SPACE',''
  ) );
#5605 = PCURVE('',#5606,#5611);
#5606 = PLANE('',#5607);
#5607 = AXIS2_PLACEMENT_3D('',#5608,#5609,#5610);
#5608 = CARTESIAN_POINT('',(1.26365E+03,1.009787725305E+03,
    1.541893709576E+03));
#5609 = DIRECTION('',(-1.,-0.,-0.));
#5610 = DIRECTION('',(0.,0.,-1.));
#5611 = DEFINITIONAL_REPRESENTATION('',(#5612),#5616);
#5612 = CIRCLE('',#5613,19.05);
#5613 = AXIS2_PLACEMENT_2D('',#5614,#5615);
#5614 = CARTESIAN_POINT('',(0.,0.));
#5615 = DIRECTION('',(1.,0.));
#5616 = ( GEOMETRIC_REPRESENTATION_CONTEXT(2) 
PARAMETRIC_REPRESENTATION_CONTEXT() REPRESENTATION_CONTEXT('2D SPACE',''
  ) );
#5617 = ORIENTED_EDGE('',*,*,#5568,.T.);
#5618 = ADVANCED_FACE('',(#5619,#5622),#5556,.T.);
#5619 = FACE_BOUND('',#5620,.T.);
#5620 = EDGE_LOOP('',(#5621));
#5621 = ORIENTED_EDGE('',*,*,#5534,.T.);
#5622 = FACE_BOUND('',#5623,.T.);
#5623 = EDGE_LOOP('',(#5624));
#5624 = ORIENTED_EDGE('',*,*,#5625,.F.);
#5625 = EDGE_CURVE('',#5626,#5626,#5628,.T.);
#5626 = VERTEX_POINT('',#5627);
#5627 = CARTESIAN_POINT('',(1.2573E+03,1.009787725305E+03,
    1.536337459576E+03));
#5628 = SURFACE_CURVE('',#5629,(#5634,#5641),.PCURVE_S1.);
#5629 = CIRCLE('',#5630,5.55625);
#5630 = AXIS2_PLACEMENT_3D('',#5631,#5632,#5633);
#5631 = CARTESIAN_POINT('',(1.2573E+03,1.009787725305E+03,
    1.541893709576E+03));
#5632 = DIRECTION('',(-1.,-0.,-0.));
#5633 = DIRECTION('',(0.,0.,-1.));
#5634 = PCURVE('',#5556,#5635);
#5635 = DEFINITIONAL_REPRESENTATION('',(#5636),#5640);
#5636 = CIRCLE('',#5637,5.55625);
#5637 = AXIS2_PLACEMENT_2D('',#5638,#5639);
#5638 = CARTESIAN_POINT('',(0.,0.));
#5639 = DIRECTION('',(1.,0.));
#5640 = ( GEOMETRIC_REPRESENTATION_CONTEXT(2) 
PARAMETRIC_REPRESENTATION_CONTEXT() REPRESENTATION_CONTEXT('2D SPACE',''
  ) );
#5641 = PCURVE('',#5642,#5647);
#5642 = CYLINDRICAL_SURFACE('',#5643,5.55625);
#5643 = AXIS2_PLACEMENT_3D('',#5644,#5645,#5646);
#5644 = CARTESIAN_POINT('',(1.26365E+03,1.009787725305E+03,
    1.541893709576E+03));
#5645 = DIRECTION('',(-1.,-0.,-0.));
#5646 = DIRECTION('',(0.,0.,-1.));
#5647 = DEFINITIONAL_REPRESENTATION('',(#5648),#5652);
#5648 = LINE('',#5649,#5650);
#5649 = CARTESIAN_POINT('',(0.,6.35));
#5650 = VECTOR('',#5651,1.);
#5651 = DIRECTION('',(1.,0.));
#5652 = ( GEOMETRIC_REPRESENTATION_CONTEXT(2) 
PARAMETRIC_REPRESENTATION_CONTEXT() REPRESENTATION_CONTEXT('2D SPACE',''
  ) );
#5653 = ADVANCED_FACE('',(#5654,#5657),#5606,.F.);
#5654 = FACE_BOUND('',#5655,.F.);
#5655 = EDGE_LOOP('',(#5656));
#5656 = ORIENTED_EDGE('',*,*,#5591,.T.);
#5657 = FACE_BOUND('',#5658,.F.);
#5658 = EDGE_LOOP('',(#5659));
#5659 = ORIENTED_EDGE('',*,*,#5660,.F.);
#5660 = EDGE_CURVE('',#5661,#5661,#5663,.T.);
#5661 = VERTEX_POINT('',#5662);
#5662 = CARTESIAN_POINT('',(1.26365E+03,1.009787725305E+03,
    1.536337459576E+03));
#5663 = SURFACE_CURVE('',#5664,(#5669,#5676),.PCURVE_S1.);
#5664 = CIRCLE('',#5665,5.55625);
#5665 = AXIS2_PLACEMENT_3D('',#5666,#5667,#5668);
#5666 = CARTESIAN_POINT('',(1.26365E+03,1.009787725305E+03,
    1.541893709576E+03));
#5667 = DIRECTION('',(-1.,-0.,-0.));
#5668 = DIRECTION('',(0.,0.,-1.));
#5669 = PCURVE('',#5606,#5670);
#5670 = DEFINITIONAL_REPRESENTATION('',(#5671),#5675);
#5671 = CIRCLE('',#5672,5.55625);
#5672 = AXIS2_PLACEMENT_2D('',#5673,#5674);
#5673 = CARTESIAN_POINT('',(0.,0.));
#5674 = DIRECTION('',(1.,0.));
#5675 = ( GEOMETRIC_REPRESENTATION_CONTEXT(2) 
PARAMETRIC_REPRESENTATION_CONTEXT() REPRESENTATION_CONTEXT('2D SPACE',''
  ) );
#5676 = PCURVE('',#5642,#5677);
#5677 = DEFINITIONAL_REPRESENTATION('',(#5678),#5682);
#5678 = LINE('',#5679,#5680);
#5679 = CARTESIAN_POINT('',(0.,0.));
#5680 = VECTOR('',#5681,1.);
#5681 = DIRECTION('',(1.,0.));
#5682 = ( GEOMETRIC_REPRESENTATION_CONTEXT(2) 
PARAMETRIC_REPRESENTATION_CONTEXT() REPRESENTATION_CONTEXT('2D SPACE',''
  ) );
#5683 = ADVANCED_FACE('',(#5684),#5642,.F.);
#5684 = FACE_BOUND('',#5685,.F.);
#5685 = EDGE_LOOP('',(#5686,#5687,#5708,#5709));
#5686 = ORIENTED_EDGE('',*,*,#5625,.F.);
#5687 = ORIENTED_EDGE('',*,*,#5688,.F.);
#5688 = EDGE_CURVE('',#5661,#5626,#5689,.T.);
#5689 = SEAM_CURVE('',#5690,(#5694,#5701),.PCURVE_S1.);
#5690 = LINE('',#5691,#5692);
#5691 = CARTESIAN_POINT('',(1.26365E+03,1.009787725305E+03,
    1.536337459576E+03));
#5692 = VECTOR('',#5693,1.);
#5693 = DIRECTION('',(-1.,0.,-0.));
#5694 = PCURVE('',#5642,#5695);
#5695 = DEFINITIONAL_REPRESENTATION('',(#5696),#5700);
#5696 = LINE('',#5697,#5698);
#5697 = CARTESIAN_POINT('',(6.28318530718,-0.));
#5698 = VECTOR('',#5699,1.);
#5699 = DIRECTION('',(0.,1.));
#5700 = ( GEOMETRIC_REPRESENTATION_CONTEXT(2) 
PARAMETRIC_REPRESENTATION_CONTEXT() REPRESENTATION_CONTEXT('2D SPACE',''
  ) );
#5701 = PCURVE('',#5642,#5702);
#5702 = DEFINITIONAL_REPRESENTATION('',(#5703),#5707);
#5703 = LINE('',#5704,#5705);
#5704 = CARTESIAN_POINT('',(0.,-0.));
#5705 = VECTOR('',#5706,1.);
#5706 = DIRECTION('',(0.,1.));
#5707 = ( GEOMETRIC_REPRESENTATION_CONTEXT(2) 
PARAMETRIC_REPRESENTATION_CONTEXT() REPRESENTATION_CONTEXT('2D SPACE',''
  ) );
#5708 = ORIENTED_EDGE('',*,*,#5660,.T.);
#5709 = ORIENTED_EDGE('',*,*,#5688,.T.);
#5710 = ( GEOMETRIC_REPRESENTATION_CONTEXT(3) 
GLOBAL_UNCERTAINTY_ASSIGNED_CONTEXT((#5714)) 
GLOBAL_UNIT_ASSIGNED_CONTEXT((#5711,#5712,#5713)) REPRESENTATION_CONTEXT
('Context #1','3D Context with UNIT and UNCERTAINTY') );
#5711 = ( LENGTH_UNIT() NAMED_UNIT(*) SI_UNIT(.MILLI.,.METRE.) );
#5712 = ( NAMED_UNIT(*) PLANE_ANGLE_UNIT() SI_UNIT($,.RADIAN.) );
#5713 = ( NAMED_UNIT(*) SI_UNIT($,.STERADIAN.) SOLID_ANGLE_UNIT() );
#5714 = UNCERTAINTY_MEASURE_WITH_UNIT(LENGTH_MEASURE(1.E-07),#5711,
  'distance_accuracy_value','confusion accuracy');
#5715 = CONTEXT_DEPENDENT_SHAPE_REPRESENTATION(#5716,#5718);
#5716 = ( REPRESENTATION_RELATIONSHIP('','',#5527,#10) 
REPRESENTATION_RELATIONSHIP_WITH_TRANSFORMATION(#5717) 
SHAPE_REPRESENTATION_RELATIONSHIP() );
#5717 = ITEM_DEFINED_TRANSFORMATION('','',#11,#139);
#5718 = PRODUCT_DEFINITION_SHAPE('Placement','Placement of an item',
  #5719);
#5719 = NEXT_ASSEMBLY_USAGE_OCCURRENCE('32',
  'lumber_leg_bolt_right_2_head_plate','',#5,#5522,$);
#5720 = PRODUCT_RELATED_PRODUCT_CATEGORY('part',$,(#5524));
#5721 = SHAPE_DEFINITION_REPRESENTATION(#5722,#5728);
#5722 = PRODUCT_DEFINITION_SHAPE('','',#5723);
#5723 = PRODUCT_DEFINITION('design','',#5724,#5727);
#5724 = PRODUCT_DEFINITION_FORMATION('','',#5725);
#5725 = PRODUCT('lumber_leg_bolt_right_2_nut_plate',
  'lumber_leg_bolt_right_2_nut_plate','',(#5726));
#5726 = PRODUCT_CONTEXT('',#2,'mechanical');
#5727 = PRODUCT_DEFINITION_CONTEXT('part definition',#2,'design');
#5728 = ADVANCED_BREP_SHAPE_REPRESENTATION('',(#11,#5729),#5911);
#5729 = MANIFOLD_SOLID_BREP('',#5730);
#5730 = CLOSED_SHELL('',(#5731,#5819,#5854,#5884));
#5731 = ADVANCED_FACE('',(#5732),#5745,.T.);
#5732 = FACE_BOUND('',#5733,.T.);
#5733 = EDGE_LOOP('',(#5734,#5768,#5791,#5818));
#5734 = ORIENTED_EDGE('',*,*,#5735,.F.);
#5735 = EDGE_CURVE('',#5736,#5736,#5738,.T.);
#5736 = VERTEX_POINT('',#5737);
#5737 = CARTESIAN_POINT('',(1.17475E+03,1.009787725305E+03,
    1.522843709576E+03));
#5738 = SURFACE_CURVE('',#5739,(#5744,#5756),.PCURVE_S1.);
#5739 = CIRCLE('',#5740,19.05);
#5740 = AXIS2_PLACEMENT_3D('',#5741,#5742,#5743);
#5741 = CARTESIAN_POINT('',(1.17475E+03,1.009787725305E+03,
    1.541893709576E+03));
#5742 = DIRECTION('',(-1.,-0.,-0.));
#5743 = DIRECTION('',(0.,0.,-1.));
#5744 = PCURVE('',#5745,#5750);
#5745 = CYLINDRICAL_SURFACE('',#5746,19.05);
#5746 = AXIS2_PLACEMENT_3D('',#5747,#5748,#5749);
#5747 = CARTESIAN_POINT('',(1.1811E+03,1.009787725305E+03,
    1.541893709576E+03));
#5748 = DIRECTION('',(-1.,-0.,-0.));
#5749 = DIRECTION('',(0.,0.,-1.));
#5750 = DEFINITIONAL_REPRESENTATION('',(#5751),#5755);
#5751 = LINE('',#5752,#5753);
#5752 = CARTESIAN_POINT('',(0.,6.35));
#5753 = VECTOR('',#5754,1.);
#5754 = DIRECTION('',(1.,0.));
#5755 = ( GEOMETRIC_REPRESENTATION_CONTEXT(2) 
PARAMETRIC_REPRESENTATION_CONTEXT() REPRESENTATION_CONTEXT('2D SPACE',''
  ) );
#5756 = PCURVE('',#5757,#5762);
#5757 = PLANE('',#5758);
#5758 = AXIS2_PLACEMENT_3D('',#5759,#5760,#5761);
#5759 = CARTESIAN_POINT('',(1.17475E+03,1.009787725305E+03,
    1.541893709576E+03));
#5760 = DIRECTION('',(-1.,-0.,-0.));
#5761 = DIRECTION('',(0.,0.,-1.));
#5762 = DEFINITIONAL_REPRESENTATION('',(#5763),#5767);
#5763 = CIRCLE('',#5764,19.05);
#5764 = AXIS2_PLACEMENT_2D('',#5765,#5766);
#5765 = CARTESIAN_POINT('',(0.,0.));
#5766 = DIRECTION('',(1.,0.));
#5767 = ( GEOMETRIC_REPRESENTATION_CONTEXT(2) 
PARAMETRIC_REPRESENTATION_CONTEXT() REPRESENTATION_CONTEXT('2D SPACE',''
  ) );
#5768 = ORIENTED_EDGE('',*,*,#5769,.F.);
#5769 = EDGE_CURVE('',#5770,#5736,#5772,.T.);
#5770 = VERTEX_POINT('',#5771);
#5771 = CARTESIAN_POINT('',(1.1811E+03,1.009787725305E+03,
    1.522843709576E+03));
#5772 = SEAM_CURVE('',#5773,(#5777,#5784),.PCURVE_S1.);
#5773 = LINE('',#5774,#5775);
#5774 = CARTESIAN_POINT('',(1.1811E+03,1.009787725305E+03,
    1.522843709576E+03));
#5775 = VECTOR('',#5776,1.);
#5776 = DIRECTION('',(-1.,0.,-0.));
#5777 = PCURVE('',#5745,#5778);
#5778 = DEFINITIONAL_REPRESENTATION('',(#5779),#5783);
#5779 = LINE('',#5780,#5781);
#5780 = CARTESIAN_POINT('',(6.28318530718,-0.));
#5781 = VECTOR('',#5782,1.);
#5782 = DIRECTION('',(0.,1.));
#5783 = ( GEOMETRIC_REPRESENTATION_CONTEXT(2) 
PARAMETRIC_REPRESENTATION_CONTEXT() REPRESENTATION_CONTEXT('2D SPACE',''
  ) );
#5784 = PCURVE('',#5745,#5785);
#5785 = DEFINITIONAL_REPRESENTATION('',(#5786),#5790);
#5786 = LINE('',#5787,#5788);
#5787 = CARTESIAN_POINT('',(0.,-0.));
#5788 = VECTOR('',#5789,1.);
#5789 = DIRECTION('',(0.,1.));
#5790 = ( GEOMETRIC_REPRESENTATION_CONTEXT(2) 
PARAMETRIC_REPRESENTATION_CONTEXT() REPRESENTATION_CONTEXT('2D SPACE',''
  ) );
#5791 = ORIENTED_EDGE('',*,*,#5792,.T.);
#5792 = EDGE_CURVE('',#5770,#5770,#5793,.T.);
#5793 = SURFACE_CURVE('',#5794,(#5799,#5806),.PCURVE_S1.);
#5794 = CIRCLE('',#5795,19.05);
#5795 = AXIS2_PLACEMENT_3D('',#5796,#5797,#5798);
#5796 = CARTESIAN_POINT('',(1.1811E+03,1.009787725305E+03,
    1.541893709576E+03));
#5797 = DIRECTION('',(-1.,-0.,-0.));
#5798 = DIRECTION('',(0.,0.,-1.));
#5799 = PCURVE('',#5745,#5800);
#5800 = DEFINITIONAL_REPRESENTATION('',(#5801),#5805);
#5801 = LINE('',#5802,#5803);
#5802 = CARTESIAN_POINT('',(0.,0.));
#5803 = VECTOR('',#5804,1.);
#5804 = DIRECTION('',(1.,0.));
#5805 = ( GEOMETRIC_REPRESENTATION_CONTEXT(2) 
PARAMETRIC_REPRESENTATION_CONTEXT() REPRESENTATION_CONTEXT('2D SPACE',''
  ) );
#5806 = PCURVE('',#5807,#5812);
#5807 = PLANE('',#5808);
#5808 = AXIS2_PLACEMENT_3D('',#5809,#5810,#5811);
#5809 = CARTESIAN_POINT('',(1.1811E+03,1.009787725305E+03,
    1.541893709576E+03));
#5810 = DIRECTION('',(-1.,-0.,-0.));
#5811 = DIRECTION('',(0.,0.,-1.));
#5812 = DEFINITIONAL_REPRESENTATION('',(#5813),#5817);
#5813 = CIRCLE('',#5814,19.05);
#5814 = AXIS2_PLACEMENT_2D('',#5815,#5816);
#5815 = CARTESIAN_POINT('',(0.,0.));
#5816 = DIRECTION('',(1.,0.));
#5817 = ( GEOMETRIC_REPRESENTATION_CONTEXT(2) 
PARAMETRIC_REPRESENTATION_CONTEXT() REPRESENTATION_CONTEXT('2D SPACE',''
  ) );
#5818 = ORIENTED_EDGE('',*,*,#5769,.T.);
#5819 = ADVANCED_FACE('',(#5820,#5823),#5757,.T.);
#5820 = FACE_BOUND('',#5821,.T.);
#5821 = EDGE_LOOP('',(#5822));
#5822 = ORIENTED_EDGE('',*,*,#5735,.T.);
#5823 = FACE_BOUND('',#5824,.T.);
#5824 = EDGE_LOOP('',(#5825));
#5825 = ORIENTED_EDGE('',*,*,#5826,.F.);
#5826 = EDGE_CURVE('',#5827,#5827,#5829,.T.);
#5827 = VERTEX_POINT('',#5828);
#5828 = CARTESIAN_POINT('',(1.17475E+03,1.009787725305E+03,
    1.536337459576E+03));
#5829 = SURFACE_CURVE('',#5830,(#5835,#5842),.PCURVE_S1.);
#5830 = CIRCLE('',#5831,5.55625);
#5831 = AXIS2_PLACEMENT_3D('',#5832,#5833,#5834);
#5832 = CARTESIAN_POINT('',(1.17475E+03,1.009787725305E+03,
    1.541893709576E+03));
#5833 = DIRECTION('',(-1.,-0.,-0.));
#5834 = DIRECTION('',(0.,0.,-1.));
#5835 = PCURVE('',#5757,#5836);
#5836 = DEFINITIONAL_REPRESENTATION('',(#5837),#5841);
#5837 = CIRCLE('',#5838,5.55625);
#5838 = AXIS2_PLACEMENT_2D('',#5839,#5840);
#5839 = CARTESIAN_POINT('',(0.,0.));
#5840 = DIRECTION('',(1.,0.));
#5841 = ( GEOMETRIC_REPRESENTATION_CONTEXT(2) 
PARAMETRIC_REPRESENTATION_CONTEXT() REPRESENTATION_CONTEXT('2D SPACE',''
  ) );
#5842 = PCURVE('',#5843,#5848);
#5843 = CYLINDRICAL_SURFACE('',#5844,5.55625);
#5844 = AXIS2_PLACEMENT_3D('',#5845,#5846,#5847);
#5845 = CARTESIAN_POINT('',(1.1811E+03,1.009787725305E+03,
    1.541893709576E+03));
#5846 = DIRECTION('',(-1.,-0.,-0.));
#5847 = DIRECTION('',(0.,0.,-1.));
#5848 = DEFINITIONAL_REPRESENTATION('',(#5849),#5853);
#5849 = LINE('',#5850,#5851);
#5850 = CARTESIAN_POINT('',(0.,6.35));
#5851 = VECTOR('',#5852,1.);
#5852 = DIRECTION('',(1.,0.));
#5853 = ( GEOMETRIC_REPRESENTATION_CONTEXT(2) 
PARAMETRIC_REPRESENTATION_CONTEXT() REPRESENTATION_CONTEXT('2D SPACE',''
  ) );
#5854 = ADVANCED_FACE('',(#5855,#5858),#5807,.F.);
#5855 = FACE_BOUND('',#5856,.F.);
#5856 = EDGE_LOOP('',(#5857));
#5857 = ORIENTED_EDGE('',*,*,#5792,.T.);
#5858 = FACE_BOUND('',#5859,.F.);
#5859 = EDGE_LOOP('',(#5860));
#5860 = ORIENTED_EDGE('',*,*,#5861,.F.);
#5861 = EDGE_CURVE('',#5862,#5862,#5864,.T.);
#5862 = VERTEX_POINT('',#5863);
#5863 = CARTESIAN_POINT('',(1.1811E+03,1.009787725305E+03,
    1.536337459576E+03));
#5864 = SURFACE_CURVE('',#5865,(#5870,#5877),.PCURVE_S1.);
#5865 = CIRCLE('',#5866,5.55625);
#5866 = AXIS2_PLACEMENT_3D('',#5867,#5868,#5869);
#5867 = CARTESIAN_POINT('',(1.1811E+03,1.009787725305E+03,
    1.541893709576E+03));
#5868 = DIRECTION('',(-1.,-0.,-0.));
#5869 = DIRECTION('',(0.,0.,-1.));
#5870 = PCURVE('',#5807,#5871);
#5871 = DEFINITIONAL_REPRESENTATION('',(#5872),#5876);
#5872 = CIRCLE('',#5873,5.55625);
#5873 = AXIS2_PLACEMENT_2D('',#5874,#5875);
#5874 = CARTESIAN_POINT('',(0.,0.));
#5875 = DIRECTION('',(1.,0.));
#5876 = ( GEOMETRIC_REPRESENTATION_CONTEXT(2) 
PARAMETRIC_REPRESENTATION_CONTEXT() REPRESENTATION_CONTEXT('2D SPACE',''
  ) );
#5877 = PCURVE('',#5843,#5878);
#5878 = DEFINITIONAL_REPRESENTATION('',(#5879),#5883);
#5879 = LINE('',#5880,#5881);
#5880 = CARTESIAN_POINT('',(0.,0.));
#5881 = VECTOR('',#5882,1.);
#5882 = DIRECTION('',(1.,0.));
#5883 = ( GEOMETRIC_REPRESENTATION_CONTEXT(2) 
PARAMETRIC_REPRESENTATION_CONTEXT() REPRESENTATION_CONTEXT('2D SPACE',''
  ) );
#5884 = ADVANCED_FACE('',(#5885),#5843,.F.);
#5885 = FACE_BOUND('',#5886,.F.);
#5886 = EDGE_LOOP('',(#5887,#5888,#5909,#5910));
#5887 = ORIENTED_EDGE('',*,*,#5826,.F.);
#5888 = ORIENTED_EDGE('',*,*,#5889,.F.);
#5889 = EDGE_CURVE('',#5862,#5827,#5890,.T.);
#5890 = SEAM_CURVE('',#5891,(#5895,#5902),.PCURVE_S1.);
#5891 = LINE('',#5892,#5893);
#5892 = CARTESIAN_POINT('',(1.1811E+03,1.009787725305E+03,
    1.536337459576E+03));
#5893 = VECTOR('',#5894,1.);
#5894 = DIRECTION('',(-1.,0.,-0.));
#5895 = PCURVE('',#5843,#5896);
#5896 = DEFINITIONAL_REPRESENTATION('',(#5897),#5901);
#5897 = LINE('',#5898,#5899);
#5898 = CARTESIAN_POINT('',(6.28318530718,-0.));
#5899 = VECTOR('',#5900,1.);
#5900 = DIRECTION('',(0.,1.));
#5901 = ( GEOMETRIC_REPRESENTATION_CONTEXT(2) 
PARAMETRIC_REPRESENTATION_CONTEXT() REPRESENTATION_CONTEXT('2D SPACE',''
  ) );
#5902 = PCURVE('',#5843,#5903);
#5903 = DEFINITIONAL_REPRESENTATION('',(#5904),#5908);
#5904 = LINE('',#5905,#5906);
#5905 = CARTESIAN_POINT('',(0.,-0.));
#5906 = VECTOR('',#5907,1.);
#5907 = DIRECTION('',(0.,1.));
#5908 = ( GEOMETRIC_REPRESENTATION_CONTEXT(2) 
PARAMETRIC_REPRESENTATION_CONTEXT() REPRESENTATION_CONTEXT('2D SPACE',''
  ) );
#5909 = ORIENTED_EDGE('',*,*,#5861,.T.);
#5910 = ORIENTED_EDGE('',*,*,#5889,.T.);
#5911 = ( GEOMETRIC_REPRESENTATION_CONTEXT(3) 
GLOBAL_UNCERTAINTY_ASSIGNED_CONTEXT((#5915)) 
GLOBAL_UNIT_ASSIGNED_CONTEXT((#5912,#5913,#5914)) REPRESENTATION_CONTEXT
('Context #1','3D Context with UNIT and UNCERTAINTY') );
#5912 = ( LENGTH_UNIT() NAMED_UNIT(*) SI_UNIT(.MILLI.,.METRE.) );
#5913 = ( NAMED_UNIT(*) PLANE_ANGLE_UNIT() SI_UNIT($,.RADIAN.) );
#5914 = ( NAMED_UNIT(*) SI_UNIT($,.STERADIAN.) SOLID_ANGLE_UNIT() );
#5915 = UNCERTAINTY_MEASURE_WITH_UNIT(LENGTH_MEASURE(1.E-07),#5912,
  'distance_accuracy_value','confusion accuracy');
#5916 = CONTEXT_DEPENDENT_SHAPE_REPRESENTATION(#5917,#5919);
#5917 = ( REPRESENTATION_RELATIONSHIP('','',#5728,#10) 
REPRESENTATION_RELATIONSHIP_WITH_TRANSFORMATION(#5918) 
SHAPE_REPRESENTATION_RELATIONSHIP() );
#5918 = ITEM_DEFINED_TRANSFORMATION('','',#11,#143);
#5919 = PRODUCT_DEFINITION_SHAPE('Placement','Placement of an item',
  #5920);
#5920 = NEXT_ASSEMBLY_USAGE_OCCURRENCE('33',
  'lumber_leg_bolt_right_2_nut_plate','',#5,#5723,$);
#5921 = PRODUCT_RELATED_PRODUCT_CATEGORY('part',$,(#5725));
#5922 = SHAPE_DEFINITION_REPRESENTATION(#5923,#5929);
#5923 = PRODUCT_DEFINITION_SHAPE('','',#5924);
#5924 = PRODUCT_DEFINITION('design','',#5925,#5928);
#5925 = PRODUCT_DEFINITION_FORMATION('','',#5926);
#5926 = PRODUCT('lumber_leg_bolt_right_2_spacer',
  'lumber_leg_bolt_right_2_spacer','',(#5927));
#5927 = PRODUCT_CONTEXT('',#2,'mechanical');
#5928 = PRODUCT_DEFINITION_CONTEXT('part definition',#2,'design');
#5929 = ADVANCED_BREP_SHAPE_REPRESENTATION('',(#11,#5930),#6112);
#5930 = MANIFOLD_SOLID_BREP('',#5931);
#5931 = CLOSED_SHELL('',(#5932,#6020,#6055,#6085));
#5932 = ADVANCED_FACE('',(#5933),#5946,.T.);
#5933 = FACE_BOUND('',#5934,.T.);
#5934 = EDGE_LOOP('',(#5935,#5969,#5992,#6019));
#5935 = ORIENTED_EDGE('',*,*,#5936,.F.);
#5936 = EDGE_CURVE('',#5937,#5937,#5939,.T.);
#5937 = VERTEX_POINT('',#5938);
#5938 = CARTESIAN_POINT('',(1.1557E+03,1.009787725305E+03,
    1.531893709576E+03));
#5939 = SURFACE_CURVE('',#5940,(#5945,#5957),.PCURVE_S1.);
#5940 = CIRCLE('',#5941,10.);
#5941 = AXIS2_PLACEMENT_3D('',#5942,#5943,#5944);
#5942 = CARTESIAN_POINT('',(1.1557E+03,1.009787725305E+03,
    1.541893709576E+03));
#5943 = DIRECTION('',(-1.,-0.,-0.));
#5944 = DIRECTION('',(0.,0.,-1.));
#5945 = PCURVE('',#5946,#5951);
#5946 = CYLINDRICAL_SURFACE('',#5947,10.);
#5947 = AXIS2_PLACEMENT_3D('',#5948,#5949,#5950);
#5948 = CARTESIAN_POINT('',(1.17475E+03,1.009787725305E+03,
    1.541893709576E+03));
#5949 = DIRECTION('',(-1.,-0.,-0.));
#5950 = DIRECTION('',(0.,0.,-1.));
#5951 = DEFINITIONAL_REPRESENTATION('',(#5952),#5956);
#5952 = LINE('',#5953,#5954);
#5953 = CARTESIAN_POINT('',(0.,19.05));
#5954 = VECTOR('',#5955,1.);
#5955 = DIRECTION('',(1.,0.));
#5956 = ( GEOMETRIC_REPRESENTATION_CONTEXT(2) 
PARAMETRIC_REPRESENTATION_CONTEXT() REPRESENTATION_CONTEXT('2D SPACE',''
  ) );
#5957 = PCURVE('',#5958,#5963);
#5958 = PLANE('',#5959);
#5959 = AXIS2_PLACEMENT_3D('',#5960,#5961,#5962);
#5960 = CARTESIAN_POINT('',(1.1557E+03,1.009787725305E+03,
    1.541893709576E+03));
#5961 = DIRECTION('',(-1.,-0.,-0.));
#5962 = DIRECTION('',(0.,0.,-1.));
#5963 = DEFINITIONAL_REPRESENTATION('',(#5964),#5968);
#5964 = CIRCLE('',#5965,10.);
#5965 = AXIS2_PLACEMENT_2D('',#5966,#5967);
#5966 = CARTESIAN_POINT('',(0.,0.));
#5967 = DIRECTION('',(1.,0.));
#5968 = ( GEOMETRIC_REPRESENTATION_CONTEXT(2) 
PARAMETRIC_REPRESENTATION_CONTEXT() REPRESENTATION_CONTEXT('2D SPACE',''
  ) );
#5969 = ORIENTED_EDGE('',*,*,#5970,.F.);
#5970 = EDGE_CURVE('',#5971,#5937,#5973,.T.);
#5971 = VERTEX_POINT('',#5972);
#5972 = CARTESIAN_POINT('',(1.17475E+03,1.009787725305E+03,
    1.531893709576E+03));
#5973 = SEAM_CURVE('',#5974,(#5978,#5985),.PCURVE_S1.);
#5974 = LINE('',#5975,#5976);
#5975 = CARTESIAN_POINT('',(1.17475E+03,1.009787725305E+03,
    1.531893709576E+03));
#5976 = VECTOR('',#5977,1.);
#5977 = DIRECTION('',(-1.,0.,-0.));
#5978 = PCURVE('',#5946,#5979);
#5979 = DEFINITIONAL_REPRESENTATION('',(#5980),#5984);
#5980 = LINE('',#5981,#5982);
#5981 = CARTESIAN_POINT('',(6.28318530718,-0.));
#5982 = VECTOR('',#5983,1.);
#5983 = DIRECTION('',(0.,1.));
#5984 = ( GEOMETRIC_REPRESENTATION_CONTEXT(2) 
PARAMETRIC_REPRESENTATION_CONTEXT() REPRESENTATION_CONTEXT('2D SPACE',''
  ) );
#5985 = PCURVE('',#5946,#5986);
#5986 = DEFINITIONAL_REPRESENTATION('',(#5987),#5991);
#5987 = LINE('',#5988,#5989);
#5988 = CARTESIAN_POINT('',(0.,-0.));
#5989 = VECTOR('',#5990,1.);
#5990 = DIRECTION('',(0.,1.));
#5991 = ( GEOMETRIC_REPRESENTATION_CONTEXT(2) 
PARAMETRIC_REPRESENTATION_CONTEXT() REPRESENTATION_CONTEXT('2D SPACE',''
  ) );
#5992 = ORIENTED_EDGE('',*,*,#5993,.T.);
#5993 = EDGE_CURVE('',#5971,#5971,#5994,.T.);
#5994 = SURFACE_CURVE('',#5995,(#6000,#6007),.PCURVE_S1.);
#5995 = CIRCLE('',#5996,10.);
#5996 = AXIS2_PLACEMENT_3D('',#5997,#5998,#5999);
#5997 = CARTESIAN_POINT('',(1.17475E+03,1.009787725305E+03,
    1.541893709576E+03));
#5998 = DIRECTION('',(-1.,-0.,-0.));
#5999 = DIRECTION('',(0.,0.,-1.));
#6000 = PCURVE('',#5946,#6001);
#6001 = DEFINITIONAL_REPRESENTATION('',(#6002),#6006);
#6002 = LINE('',#6003,#6004);
#6003 = CARTESIAN_POINT('',(0.,0.));
#6004 = VECTOR('',#6005,1.);
#6005 = DIRECTION('',(1.,0.));
#6006 = ( GEOMETRIC_REPRESENTATION_CONTEXT(2) 
PARAMETRIC_REPRESENTATION_CONTEXT() REPRESENTATION_CONTEXT('2D SPACE',''
  ) );
#6007 = PCURVE('',#6008,#6013);
#6008 = PLANE('',#6009);
#6009 = AXIS2_PLACEMENT_3D('',#6010,#6011,#6012);
#6010 = CARTESIAN_POINT('',(1.17475E+03,1.009787725305E+03,
    1.541893709576E+03));
#6011 = DIRECTION('',(-1.,-0.,-0.));
#6012 = DIRECTION('',(0.,0.,-1.));
#6013 = DEFINITIONAL_REPRESENTATION('',(#6014),#6018);
#6014 = CIRCLE('',#6015,10.);
#6015 = AXIS2_PLACEMENT_2D('',#6016,#6017);
#6016 = CARTESIAN_POINT('',(0.,0.));
#6017 = DIRECTION('',(1.,0.));
#6018 = ( GEOMETRIC_REPRESENTATION_CONTEXT(2) 
PARAMETRIC_REPRESENTATION_CONTEXT() REPRESENTATION_CONTEXT('2D SPACE',''
  ) );
#6019 = ORIENTED_EDGE('',*,*,#5970,.T.);
#6020 = ADVANCED_FACE('',(#6021,#6024),#5958,.T.);
#6021 = FACE_BOUND('',#6022,.T.);
#6022 = EDGE_LOOP('',(#6023));
#6023 = ORIENTED_EDGE('',*,*,#5936,.T.);
#6024 = FACE_BOUND('',#6025,.T.);
#6025 = EDGE_LOOP('',(#6026));
#6026 = ORIENTED_EDGE('',*,*,#6027,.F.);
#6027 = EDGE_CURVE('',#6028,#6028,#6030,.T.);
#6028 = VERTEX_POINT('',#6029);
#6029 = CARTESIAN_POINT('',(1.1557E+03,1.009787725305E+03,
    1.536337459576E+03));
#6030 = SURFACE_CURVE('',#6031,(#6036,#6043),.PCURVE_S1.);
#6031 = CIRCLE('',#6032,5.55625);
#6032 = AXIS2_PLACEMENT_3D('',#6033,#6034,#6035);
#6033 = CARTESIAN_POINT('',(1.1557E+03,1.009787725305E+03,
    1.541893709576E+03));
#6034 = DIRECTION('',(-1.,-0.,-0.));
#6035 = DIRECTION('',(0.,0.,-1.));
#6036 = PCURVE('',#5958,#6037);
#6037 = DEFINITIONAL_REPRESENTATION('',(#6038),#6042);
#6038 = CIRCLE('',#6039,5.55625);
#6039 = AXIS2_PLACEMENT_2D('',#6040,#6041);
#6040 = CARTESIAN_POINT('',(0.,0.));
#6041 = DIRECTION('',(1.,0.));
#6042 = ( GEOMETRIC_REPRESENTATION_CONTEXT(2) 
PARAMETRIC_REPRESENTATION_CONTEXT() REPRESENTATION_CONTEXT('2D SPACE',''
  ) );
#6043 = PCURVE('',#6044,#6049);
#6044 = CYLINDRICAL_SURFACE('',#6045,5.55625);
#6045 = AXIS2_PLACEMENT_3D('',#6046,#6047,#6048);
#6046 = CARTESIAN_POINT('',(1.17475E+03,1.009787725305E+03,
    1.541893709576E+03));
#6047 = DIRECTION('',(-1.,-0.,-0.));
#6048 = DIRECTION('',(0.,0.,-1.));
#6049 = DEFINITIONAL_REPRESENTATION('',(#6050),#6054);
#6050 = LINE('',#6051,#6052);
#6051 = CARTESIAN_POINT('',(0.,19.05));
#6052 = VECTOR('',#6053,1.);
#6053 = DIRECTION('',(1.,0.));
#6054 = ( GEOMETRIC_REPRESENTATION_CONTEXT(2) 
PARAMETRIC_REPRESENTATION_CONTEXT() REPRESENTATION_CONTEXT('2D SPACE',''
  ) );
#6055 = ADVANCED_FACE('',(#6056,#6059),#6008,.F.);
#6056 = FACE_BOUND('',#6057,.F.);
#6057 = EDGE_LOOP('',(#6058));
#6058 = ORIENTED_EDGE('',*,*,#5993,.T.);
#6059 = FACE_BOUND('',#6060,.F.);
#6060 = EDGE_LOOP('',(#6061));
#6061 = ORIENTED_EDGE('',*,*,#6062,.F.);
#6062 = EDGE_CURVE('',#6063,#6063,#6065,.T.);
#6063 = VERTEX_POINT('',#6064);
#6064 = CARTESIAN_POINT('',(1.17475E+03,1.009787725305E+03,
    1.536337459576E+03));
#6065 = SURFACE_CURVE('',#6066,(#6071,#6078),.PCURVE_S1.);
#6066 = CIRCLE('',#6067,5.55625);
#6067 = AXIS2_PLACEMENT_3D('',#6068,#6069,#6070);
#6068 = CARTESIAN_POINT('',(1.17475E+03,1.009787725305E+03,
    1.541893709576E+03));
#6069 = DIRECTION('',(-1.,-0.,-0.));
#6070 = DIRECTION('',(0.,0.,-1.));
#6071 = PCURVE('',#6008,#6072);
#6072 = DEFINITIONAL_REPRESENTATION('',(#6073),#6077);
#6073 = CIRCLE('',#6074,5.55625);
#6074 = AXIS2_PLACEMENT_2D('',#6075,#6076);
#6075 = CARTESIAN_POINT('',(0.,0.));
#6076 = DIRECTION('',(1.,0.));
#6077 = ( GEOMETRIC_REPRESENTATION_CONTEXT(2) 
PARAMETRIC_REPRESENTATION_CONTEXT() REPRESENTATION_CONTEXT('2D SPACE',''
  ) );
#6078 = PCURVE('',#6044,#6079);
#6079 = DEFINITIONAL_REPRESENTATION('',(#6080),#6084);
#6080 = LINE('',#6081,#6082);
#6081 = CARTESIAN_POINT('',(0.,0.));
#6082 = VECTOR('',#6083,1.);
#6083 = DIRECTION('',(1.,0.));
#6084 = ( GEOMETRIC_REPRESENTATION_CONTEXT(2) 
PARAMETRIC_REPRESENTATION_CONTEXT() REPRESENTATION_CONTEXT('2D SPACE',''
  ) );
#6085 = ADVANCED_FACE('',(#6086),#6044,.F.);
#6086 = FACE_BOUND('',#6087,.F.);
#6087 = EDGE_LOOP('',(#6088,#6089,#6110,#6111));
#6088 = ORIENTED_EDGE('',*,*,#6027,.F.);
#6089 = ORIENTED_EDGE('',*,*,#6090,.F.);
#6090 = EDGE_CURVE('',#6063,#6028,#6091,.T.);
#6091 = SEAM_CURVE('',#6092,(#6096,#6103),.PCURVE_S1.);
#6092 = LINE('',#6093,#6094);
#6093 = CARTESIAN_POINT('',(1.17475E+03,1.009787725305E+03,
    1.536337459576E+03));
#6094 = VECTOR('',#6095,1.);
#6095 = DIRECTION('',(-1.,0.,-0.));
#6096 = PCURVE('',#6044,#6097);
#6097 = DEFINITIONAL_REPRESENTATION('',(#6098),#6102);
#6098 = LINE('',#6099,#6100);
#6099 = CARTESIAN_POINT('',(6.28318530718,-0.));
#6100 = VECTOR('',#6101,1.);
#6101 = DIRECTION('',(0.,1.));
#6102 = ( GEOMETRIC_REPRESENTATION_CONTEXT(2) 
PARAMETRIC_REPRESENTATION_CONTEXT() REPRESENTATION_CONTEXT('2D SPACE',''
  ) );
#6103 = PCURVE('',#6044,#6104);
#6104 = DEFINITIONAL_REPRESENTATION('',(#6105),#6109);
#6105 = LINE('',#6106,#6107);
#6106 = CARTESIAN_POINT('',(0.,-0.));
#6107 = VECTOR('',#6108,1.);
#6108 = DIRECTION('',(0.,1.));
#6109 = ( GEOMETRIC_REPRESENTATION_CONTEXT(2) 
PARAMETRIC_REPRESENTATION_CONTEXT() REPRESENTATION_CONTEXT('2D SPACE',''
  ) );
#6110 = ORIENTED_EDGE('',*,*,#6062,.T.);
#6111 = ORIENTED_EDGE('',*,*,#6090,.T.);
#6112 = ( GEOMETRIC_REPRESENTATION_CONTEXT(3) 
GLOBAL_UNCERTAINTY_ASSIGNED_CONTEXT((#6116)) 
GLOBAL_UNIT_ASSIGNED_CONTEXT((#6113,#6114,#6115)) REPRESENTATION_CONTEXT
('Context #1','3D Context with UNIT and UNCERTAINTY') );
#6113 = ( LENGTH_UNIT() NAMED_UNIT(*) SI_UNIT(.MILLI.,.METRE.) );
#6114 = ( NAMED_UNIT(*) PLANE_ANGLE_UNIT() SI_UNIT($,.RADIAN.) );
#6115 = ( NAMED_UNIT(*) SI_UNIT($,.STERADIAN.) SOLID_ANGLE_UNIT() );
#6116 = UNCERTAINTY_MEASURE_WITH_UNIT(LENGTH_MEASURE(1.E-07),#6113,
  'distance_accuracy_value','confusion accuracy');
#6117 = CONTEXT_DEPENDENT_SHAPE_REPRESENTATION(#6118,#6120);
#6118 = ( REPRESENTATION_RELATIONSHIP('','',#5929,#10) 
REPRESENTATION_RELATIONSHIP_WITH_TRANSFORMATION(#6119) 
SHAPE_REPRESENTATION_RELATIONSHIP() );
#6119 = ITEM_DEFINED_TRANSFORMATION('','',#11,#147);
#6120 = PRODUCT_DEFINITION_SHAPE('Placement','Placement of an item',
  #6121);
#6121 = NEXT_ASSEMBLY_USAGE_OCCURRENCE('34',
  'lumber_leg_bolt_right_2_spacer','',#5,#5924,$);
#6122 = PRODUCT_RELATED_PRODUCT_CATEGORY('part',$,(#5926));
#6123 = SHAPE_DEFINITION_REPRESENTATION(#6124,#6130);
#6124 = PRODUCT_DEFINITION_SHAPE('','',#6125);
#6125 = PRODUCT_DEFINITION('design','',#6126,#6129);
#6126 = PRODUCT_DEFINITION_FORMATION('','',#6127);
#6127 = PRODUCT('lumber_leg_bolt_right_2_head',
  'lumber_leg_bolt_right_2_head','',(#6128));
#6128 = PRODUCT_CONTEXT('',#2,'mechanical');
#6129 = PRODUCT_DEFINITION_CONTEXT('part definition',#2,'design');
#6130 = ADVANCED_BREP_SHAPE_REPRESENTATION('',(#11,#6131),#6229);
#6131 = MANIFOLD_SOLID_BREP('',#6132);
#6132 = CLOSED_SHELL('',(#6133,#6221,#6225));
#6133 = ADVANCED_FACE('',(#6134),#6147,.T.);
#6134 = FACE_BOUND('',#6135,.T.);
#6135 = EDGE_LOOP('',(#6136,#6170,#6193,#6220));
#6136 = ORIENTED_EDGE('',*,*,#6137,.F.);
#6137 = EDGE_CURVE('',#6138,#6138,#6140,.T.);
#6138 = VERTEX_POINT('',#6139);
#6139 = CARTESIAN_POINT('',(1.2704572E+03,1.009787725305E+03,
    1.550148709576E+03));
#6140 = SURFACE_CURVE('',#6141,(#6146,#6158),.PCURVE_S1.);
#6141 = CIRCLE('',#6142,8.255);
#6142 = AXIS2_PLACEMENT_3D('',#6143,#6144,#6145);
#6143 = CARTESIAN_POINT('',(1.2704572E+03,1.009787725305E+03,
    1.541893709576E+03));
#6144 = DIRECTION('',(1.,0.,0.));
#6145 = DIRECTION('',(-0.,0.,1.));
#6146 = PCURVE('',#6147,#6152);
#6147 = CYLINDRICAL_SURFACE('',#6148,8.255);
#6148 = AXIS2_PLACEMENT_3D('',#6149,#6150,#6151);
#6149 = CARTESIAN_POINT('',(1.26365E+03,1.009787725305E+03,
    1.541893709576E+03));
#6150 = DIRECTION('',(1.,0.,0.));
#6151 = DIRECTION('',(-0.,0.,1.));
#6152 = DEFINITIONAL_REPRESENTATION('',(#6153),#6157);
#6153 = LINE('',#6154,#6155);
#6154 = CARTESIAN_POINT('',(0.,6.8072));
#6155 = VECTOR('',#6156,1.);
#6156 = DIRECTION('',(1.,0.));
#6157 = ( GEOMETRIC_REPRESENTATION_CONTEXT(2) 
PARAMETRIC_REPRESENTATION_CONTEXT() REPRESENTATION_CONTEXT('2D SPACE',''
  ) );
#6158 = PCURVE('',#6159,#6164);
#6159 = PLANE('',#6160);
#6160 = AXIS2_PLACEMENT_3D('',#6161,#6162,#6163);
#6161 = CARTESIAN_POINT('',(1.2704572E+03,1.009787725305E+03,
    1.541893709576E+03));
#6162 = DIRECTION('',(1.,0.,0.));
#6163 = DIRECTION('',(-0.,0.,1.));
#6164 = DEFINITIONAL_REPRESENTATION('',(#6165),#6169);
#6165 = CIRCLE('',#6166,8.255);
#6166 = AXIS2_PLACEMENT_2D('',#6167,#6168);
#6167 = CARTESIAN_POINT('',(0.,0.));
#6168 = DIRECTION('',(1.,0.));
#6169 = ( GEOMETRIC_REPRESENTATION_CONTEXT(2) 
PARAMETRIC_REPRESENTATION_CONTEXT() REPRESENTATION_CONTEXT('2D SPACE',''
  ) );
#6170 = ORIENTED_EDGE('',*,*,#6171,.F.);
#6171 = EDGE_CURVE('',#6172,#6138,#6174,.T.);
#6172 = VERTEX_POINT('',#6173);
#6173 = CARTESIAN_POINT('',(1.26365E+03,1.009787725305E+03,
    1.550148709576E+03));
#6174 = SEAM_CURVE('',#6175,(#6179,#6186),.PCURVE_S1.);
#6175 = LINE('',#6176,#6177);
#6176 = CARTESIAN_POINT('',(1.26365E+03,1.009787725305E+03,
    1.550148709576E+03));
#6177 = VECTOR('',#6178,1.);
#6178 = DIRECTION('',(1.,0.,0.));
#6179 = PCURVE('',#6147,#6180);
#6180 = DEFINITIONAL_REPRESENTATION('',(#6181),#6185);
#6181 = LINE('',#6182,#6183);
#6182 = CARTESIAN_POINT('',(6.28318530718,-0.));
#6183 = VECTOR('',#6184,1.);
#6184 = DIRECTION('',(0.,1.));
#6185 = ( GEOMETRIC_REPRESENTATION_CONTEXT(2) 
PARAMETRIC_REPRESENTATION_CONTEXT() REPRESENTATION_CONTEXT('2D SPACE',''
  ) );
#6186 = PCURVE('',#6147,#6187);
#6187 = DEFINITIONAL_REPRESENTATION('',(#6188),#6192);
#6188 = LINE('',#6189,#6190);
#6189 = CARTESIAN_POINT('',(0.,-0.));
#6190 = VECTOR('',#6191,1.);
#6191 = DIRECTION('',(0.,1.));
#6192 = ( GEOMETRIC_REPRESENTATION_CONTEXT(2) 
PARAMETRIC_REPRESENTATION_CONTEXT() REPRESENTATION_CONTEXT('2D SPACE',''
  ) );
#6193 = ORIENTED_EDGE('',*,*,#6194,.T.);
#6194 = EDGE_CURVE('',#6172,#6172,#6195,.T.);
#6195 = SURFACE_CURVE('',#6196,(#6201,#6208),.PCURVE_S1.);
#6196 = CIRCLE('',#6197,8.255);
#6197 = AXIS2_PLACEMENT_3D('',#6198,#6199,#6200);
#6198 = CARTESIAN_POINT('',(1.26365E+03,1.009787725305E+03,
    1.541893709576E+03));
#6199 = DIRECTION('',(1.,0.,0.));
#6200 = DIRECTION('',(-0.,0.,1.));
#6201 = PCURVE('',#6147,#6202);
#6202 = DEFINITIONAL_REPRESENTATION('',(#6203),#6207);
#6203 = LINE('',#6204,#6205);
#6204 = CARTESIAN_POINT('',(0.,0.));
#6205 = VECTOR('',#6206,1.);
#6206 = DIRECTION('',(1.,0.));
#6207 = ( GEOMETRIC_REPRESENTATION_CONTEXT(2) 
PARAMETRIC_REPRESENTATION_CONTEXT() REPRESENTATION_CONTEXT('2D SPACE',''
  ) );
#6208 = PCURVE('',#6209,#6214);
#6209 = PLANE('',#6210);
#6210 = AXIS2_PLACEMENT_3D('',#6211,#6212,#6213);
#6211 = CARTESIAN_POINT('',(1.26365E+03,1.009787725305E+03,
    1.541893709576E+03));
#6212 = DIRECTION('',(1.,0.,0.));
#6213 = DIRECTION('',(-0.,0.,1.));
#6214 = DEFINITIONAL_REPRESENTATION('',(#6215),#6219);
#6215 = CIRCLE('',#6216,8.255);
#6216 = AXIS2_PLACEMENT_2D('',#6217,#6218);
#6217 = CARTESIAN_POINT('',(0.,0.));
#6218 = DIRECTION('',(1.,0.));
#6219 = ( GEOMETRIC_REPRESENTATION_CONTEXT(2) 
PARAMETRIC_REPRESENTATION_CONTEXT() REPRESENTATION_CONTEXT('2D SPACE',''
  ) );
#6220 = ORIENTED_EDGE('',*,*,#6171,.T.);
#6221 = ADVANCED_FACE('',(#6222),#6159,.T.);
#6222 = FACE_BOUND('',#6223,.T.);
#6223 = EDGE_LOOP('',(#6224));
#6224 = ORIENTED_EDGE('',*,*,#6137,.T.);
#6225 = ADVANCED_FACE('',(#6226),#6209,.F.);
#6226 = FACE_BOUND('',#6227,.T.);
#6227 = EDGE_LOOP('',(#6228));
#6228 = ORIENTED_EDGE('',*,*,#6194,.F.);
#6229 = ( GEOMETRIC_REPRESENTATION_CONTEXT(3) 
GLOBAL_UNCERTAINTY_ASSIGNED_CONTEXT((#6233)) 
GLOBAL_UNIT_ASSIGNED_CONTEXT((#6230,#6231,#6232)) REPRESENTATION_CONTEXT
('Context #1','3D Context with UNIT and UNCERTAINTY') );
#6230 = ( LENGTH_UNIT() NAMED_UNIT(*) SI_UNIT(.MILLI.,.METRE.) );
#6231 = ( NAMED_UNIT(*) PLANE_ANGLE_UNIT() SI_UNIT($,.RADIAN.) );
#6232 = ( NAMED_UNIT(*) SI_UNIT($,.STERADIAN.) SOLID_ANGLE_UNIT() );
#6233 = UNCERTAINTY_MEASURE_WITH_UNIT(LENGTH_MEASURE(1.E-07),#6230,
  'distance_accuracy_value','confusion accuracy');
#6234 = CONTEXT_DEPENDENT_SHAPE_REPRESENTATION(#6235,#6237);
#6235 = ( REPRESENTATION_RELATIONSHIP('','',#6130,#10) 
REPRESENTATION_RELATIONSHIP_WITH_TRANSFORMATION(#6236) 
SHAPE_REPRESENTATION_RELATIONSHIP() );
#6236 = ITEM_DEFINED_TRANSFORMATION('','',#11,#151);
#6237 = PRODUCT_DEFINITION_SHAPE('Placement','Placement of an item',
  #6238);
#6238 = NEXT_ASSEMBLY_USAGE_OCCURRENCE('35',
  'lumber_leg_bolt_right_2_head','',#5,#6125,$);
#6239 = PRODUCT_RELATED_PRODUCT_CATEGORY('part',$,(#6127));
#6240 = SHAPE_DEFINITION_REPRESENTATION(#6241,#6247);
#6241 = PRODUCT_DEFINITION_SHAPE('','',#6242);
#6242 = PRODUCT_DEFINITION('design','',#6243,#6246);
#6243 = PRODUCT_DEFINITION_FORMATION('','',#6244);
#6244 = PRODUCT('lumber_leg_bolt_right_2_nut',
  'lumber_leg_bolt_right_2_nut','',(#6245));
#6245 = PRODUCT_CONTEXT('',#2,'mechanical');
#6246 = PRODUCT_DEFINITION_CONTEXT('part definition',#2,'design');
#6247 = ADVANCED_BREP_SHAPE_REPRESENTATION('',(#11,#6248),#6430);
#6248 = MANIFOLD_SOLID_BREP('',#6249);
#6249 = CLOSED_SHELL('',(#6250,#6338,#6373,#6403));
#6250 = ADVANCED_FACE('',(#6251),#6264,.T.);
#6251 = FACE_BOUND('',#6252,.T.);
#6252 = EDGE_LOOP('',(#6253,#6287,#6310,#6337));
#6253 = ORIENTED_EDGE('',*,*,#6254,.F.);
#6254 = EDGE_CURVE('',#6255,#6255,#6257,.T.);
#6255 = VERTEX_POINT('',#6256);
#6256 = CARTESIAN_POINT('',(1.1471402E+03,1.009787725305E+03,
    1.533638709576E+03));
#6257 = SURFACE_CURVE('',#6258,(#6263,#6275),.PCURVE_S1.);
#6258 = CIRCLE('',#6259,8.255);
#6259 = AXIS2_PLACEMENT_3D('',#6260,#6261,#6262);
#6260 = CARTESIAN_POINT('',(1.1471402E+03,1.009787725305E+03,
    1.541893709576E+03));
#6261 = DIRECTION('',(-1.,-0.,-0.));
#6262 = DIRECTION('',(0.,0.,-1.));
#6263 = PCURVE('',#6264,#6269);
#6264 = CYLINDRICAL_SURFACE('',#6265,8.255);
#6265 = AXIS2_PLACEMENT_3D('',#6266,#6267,#6268);
#6266 = CARTESIAN_POINT('',(1.1557E+03,1.009787725305E+03,
    1.541893709576E+03));
#6267 = DIRECTION('',(-1.,-0.,-0.));
#6268 = DIRECTION('',(0.,0.,-1.));
#6269 = DEFINITIONAL_REPRESENTATION('',(#6270),#6274);
#6270 = LINE('',#6271,#6272);
#6271 = CARTESIAN_POINT('',(0.,8.5598));
#6272 = VECTOR('',#6273,1.);
#6273 = DIRECTION('',(1.,0.));
#6274 = ( GEOMETRIC_REPRESENTATION_CONTEXT(2) 
PARAMETRIC_REPRESENTATION_CONTEXT() REPRESENTATION_CONTEXT('2D SPACE',''
  ) );
#6275 = PCURVE('',#6276,#6281);
#6276 = PLANE('',#6277);
#6277 = AXIS2_PLACEMENT_3D('',#6278,#6279,#6280);
#6278 = CARTESIAN_POINT('',(1.1471402E+03,1.009787725305E+03,
    1.541893709576E+03));
#6279 = DIRECTION('',(-1.,-0.,-0.));
#6280 = DIRECTION('',(0.,0.,-1.));
#6281 = DEFINITIONAL_REPRESENTATION('',(#6282),#6286);
#6282 = CIRCLE('',#6283,8.255);
#6283 = AXIS2_PLACEMENT_2D('',#6284,#6285);
#6284 = CARTESIAN_POINT('',(0.,0.));
#6285 = DIRECTION('',(1.,0.));
#6286 = ( GEOMETRIC_REPRESENTATION_CONTEXT(2) 
PARAMETRIC_REPRESENTATION_CONTEXT() REPRESENTATION_CONTEXT('2D SPACE',''
  ) );
#6287 = ORIENTED_EDGE('',*,*,#6288,.F.);
#6288 = EDGE_CURVE('',#6289,#6255,#6291,.T.);
#6289 = VERTEX_POINT('',#6290);
#6290 = CARTESIAN_POINT('',(1.1557E+03,1.009787725305E+03,
    1.533638709576E+03));
#6291 = SEAM_CURVE('',#6292,(#6296,#6303),.PCURVE_S1.);
#6292 = LINE('',#6293,#6294);
#6293 = CARTESIAN_POINT('',(1.1557E+03,1.009787725305E+03,
    1.533638709576E+03));
#6294 = VECTOR('',#6295,1.);
#6295 = DIRECTION('',(-1.,0.,-0.));
#6296 = PCURVE('',#6264,#6297);
#6297 = DEFINITIONAL_REPRESENTATION('',(#6298),#6302);
#6298 = LINE('',#6299,#6300);
#6299 = CARTESIAN_POINT('',(6.28318530718,-0.));
#6300 = VECTOR('',#6301,1.);
#6301 = DIRECTION('',(0.,1.));
#6302 = ( GEOMETRIC_REPRESENTATION_CONTEXT(2) 
PARAMETRIC_REPRESENTATION_CONTEXT() REPRESENTATION_CONTEXT('2D SPACE',''
  ) );
#6303 = PCURVE('',#6264,#6304);
#6304 = DEFINITIONAL_REPRESENTATION('',(#6305),#6309);
#6305 = LINE('',#6306,#6307);
#6306 = CARTESIAN_POINT('',(0.,-0.));
#6307 = VECTOR('',#6308,1.);
#6308 = DIRECTION('',(0.,1.));
#6309 = ( GEOMETRIC_REPRESENTATION_CONTEXT(2) 
PARAMETRIC_REPRESENTATION_CONTEXT() REPRESENTATION_CONTEXT('2D SPACE',''
  ) );
#6310 = ORIENTED_EDGE('',*,*,#6311,.T.);
#6311 = EDGE_CURVE('',#6289,#6289,#6312,.T.);
#6312 = SURFACE_CURVE('',#6313,(#6318,#6325),.PCURVE_S1.);
#6313 = CIRCLE('',#6314,8.255);
#6314 = AXIS2_PLACEMENT_3D('',#6315,#6316,#6317);
#6315 = CARTESIAN_POINT('',(1.1557E+03,1.009787725305E+03,
    1.541893709576E+03));
#6316 = DIRECTION('',(-1.,-0.,-0.));
#6317 = DIRECTION('',(0.,0.,-1.));
#6318 = PCURVE('',#6264,#6319);
#6319 = DEFINITIONAL_REPRESENTATION('',(#6320),#6324);
#6320 = LINE('',#6321,#6322);
#6321 = CARTESIAN_POINT('',(0.,0.));
#6322 = VECTOR('',#6323,1.);
#6323 = DIRECTION('',(1.,0.));
#6324 = ( GEOMETRIC_REPRESENTATION_CONTEXT(2) 
PARAMETRIC_REPRESENTATION_CONTEXT() REPRESENTATION_CONTEXT('2D SPACE',''
  ) );
#6325 = PCURVE('',#6326,#6331);
#6326 = PLANE('',#6327);
#6327 = AXIS2_PLACEMENT_3D('',#6328,#6329,#6330);
#6328 = CARTESIAN_POINT('',(1.1557E+03,1.009787725305E+03,
    1.541893709576E+03));
#6329 = DIRECTION('',(-1.,-0.,-0.));
#6330 = DIRECTION('',(0.,0.,-1.));
#6331 = DEFINITIONAL_REPRESENTATION('',(#6332),#6336);
#6332 = CIRCLE('',#6333,8.255);
#6333 = AXIS2_PLACEMENT_2D('',#6334,#6335);
#6334 = CARTESIAN_POINT('',(0.,0.));
#6335 = DIRECTION('',(1.,0.));
#6336 = ( GEOMETRIC_REPRESENTATION_CONTEXT(2) 
PARAMETRIC_REPRESENTATION_CONTEXT() REPRESENTATION_CONTEXT('2D SPACE',''
  ) );
#6337 = ORIENTED_EDGE('',*,*,#6288,.T.);
#6338 = ADVANCED_FACE('',(#6339,#6342),#6276,.T.);
#6339 = FACE_BOUND('',#6340,.T.);
#6340 = EDGE_LOOP('',(#6341));
#6341 = ORIENTED_EDGE('',*,*,#6254,.T.);
#6342 = FACE_BOUND('',#6343,.T.);
#6343 = EDGE_LOOP('',(#6344));
#6344 = ORIENTED_EDGE('',*,*,#6345,.F.);
#6345 = EDGE_CURVE('',#6346,#6346,#6348,.T.);
#6346 = VERTEX_POINT('',#6347);
#6347 = CARTESIAN_POINT('',(1.1471402E+03,1.009787725305E+03,
    1.536966109576E+03));
#6348 = SURFACE_CURVE('',#6349,(#6354,#6361),.PCURVE_S1.);
#6349 = CIRCLE('',#6350,4.9276);
#6350 = AXIS2_PLACEMENT_3D('',#6351,#6352,#6353);
#6351 = CARTESIAN_POINT('',(1.1471402E+03,1.009787725305E+03,
    1.541893709576E+03));
#6352 = DIRECTION('',(-1.,-0.,-0.));
#6353 = DIRECTION('',(0.,0.,-1.));
#6354 = PCURVE('',#6276,#6355);
#6355 = DEFINITIONAL_REPRESENTATION('',(#6356),#6360);
#6356 = CIRCLE('',#6357,4.9276);
#6357 = AXIS2_PLACEMENT_2D('',#6358,#6359);
#6358 = CARTESIAN_POINT('',(0.,0.));
#6359 = DIRECTION('',(1.,0.));
#6360 = ( GEOMETRIC_REPRESENTATION_CONTEXT(2) 
PARAMETRIC_REPRESENTATION_CONTEXT() REPRESENTATION_CONTEXT('2D SPACE',''
  ) );
#6361 = PCURVE('',#6362,#6367);
#6362 = CYLINDRICAL_SURFACE('',#6363,4.9276);
#6363 = AXIS2_PLACEMENT_3D('',#6364,#6365,#6366);
#6364 = CARTESIAN_POINT('',(1.1557E+03,1.009787725305E+03,
    1.541893709576E+03));
#6365 = DIRECTION('',(-1.,-0.,-0.));
#6366 = DIRECTION('',(0.,0.,-1.));
#6367 = DEFINITIONAL_REPRESENTATION('',(#6368),#6372);
#6368 = LINE('',#6369,#6370);
#6369 = CARTESIAN_POINT('',(0.,8.5598));
#6370 = VECTOR('',#6371,1.);
#6371 = DIRECTION('',(1.,0.));
#6372 = ( GEOMETRIC_REPRESENTATION_CONTEXT(2) 
PARAMETRIC_REPRESENTATION_CONTEXT() REPRESENTATION_CONTEXT('2D SPACE',''
  ) );
#6373 = ADVANCED_FACE('',(#6374,#6377),#6326,.F.);
#6374 = FACE_BOUND('',#6375,.F.);
#6375 = EDGE_LOOP('',(#6376));
#6376 = ORIENTED_EDGE('',*,*,#6311,.T.);
#6377 = FACE_BOUND('',#6378,.F.);
#6378 = EDGE_LOOP('',(#6379));
#6379 = ORIENTED_EDGE('',*,*,#6380,.F.);
#6380 = EDGE_CURVE('',#6381,#6381,#6383,.T.);
#6381 = VERTEX_POINT('',#6382);
#6382 = CARTESIAN_POINT('',(1.1557E+03,1.009787725305E+03,
    1.536966109576E+03));
#6383 = SURFACE_CURVE('',#6384,(#6389,#6396),.PCURVE_S1.);
#6384 = CIRCLE('',#6385,4.9276);
#6385 = AXIS2_PLACEMENT_3D('',#6386,#6387,#6388);
#6386 = CARTESIAN_POINT('',(1.1557E+03,1.009787725305E+03,
    1.541893709576E+03));
#6387 = DIRECTION('',(-1.,-0.,-0.));
#6388 = DIRECTION('',(0.,0.,-1.));
#6389 = PCURVE('',#6326,#6390);
#6390 = DEFINITIONAL_REPRESENTATION('',(#6391),#6395);
#6391 = CIRCLE('',#6392,4.9276);
#6392 = AXIS2_PLACEMENT_2D('',#6393,#6394);
#6393 = CARTESIAN_POINT('',(0.,0.));
#6394 = DIRECTION('',(1.,0.));
#6395 = ( GEOMETRIC_REPRESENTATION_CONTEXT(2) 
PARAMETRIC_REPRESENTATION_CONTEXT() REPRESENTATION_CONTEXT('2D SPACE',''
  ) );
#6396 = PCURVE('',#6362,#6397);
#6397 = DEFINITIONAL_REPRESENTATION('',(#6398),#6402);
#6398 = LINE('',#6399,#6400);
#6399 = CARTESIAN_POINT('',(0.,0.));
#6400 = VECTOR('',#6401,1.);
#6401 = DIRECTION('',(1.,0.));
#6402 = ( GEOMETRIC_REPRESENTATION_CONTEXT(2) 
PARAMETRIC_REPRESENTATION_CONTEXT() REPRESENTATION_CONTEXT('2D SPACE',''
  ) );
#6403 = ADVANCED_FACE('',(#6404),#6362,.F.);
#6404 = FACE_BOUND('',#6405,.F.);
#6405 = EDGE_LOOP('',(#6406,#6407,#6428,#6429));
#6406 = ORIENTED_EDGE('',*,*,#6345,.F.);
#6407 = ORIENTED_EDGE('',*,*,#6408,.F.);
#6408 = EDGE_CURVE('',#6381,#6346,#6409,.T.);
#6409 = SEAM_CURVE('',#6410,(#6414,#6421),.PCURVE_S1.);
#6410 = LINE('',#6411,#6412);
#6411 = CARTESIAN_POINT('',(1.1557E+03,1.009787725305E+03,
    1.536966109576E+03));
#6412 = VECTOR('',#6413,1.);
#6413 = DIRECTION('',(-1.,0.,-0.));
#6414 = PCURVE('',#6362,#6415);
#6415 = DEFINITIONAL_REPRESENTATION('',(#6416),#6420);
#6416 = LINE('',#6417,#6418);
#6417 = CARTESIAN_POINT('',(6.28318530718,-0.));
#6418 = VECTOR('',#6419,1.);
#6419 = DIRECTION('',(0.,1.));
#6420 = ( GEOMETRIC_REPRESENTATION_CONTEXT(2) 
PARAMETRIC_REPRESENTATION_CONTEXT() REPRESENTATION_CONTEXT('2D SPACE',''
  ) );
#6421 = PCURVE('',#6362,#6422);
#6422 = DEFINITIONAL_REPRESENTATION('',(#6423),#6427);
#6423 = LINE('',#6424,#6425);
#6424 = CARTESIAN_POINT('',(0.,-0.));
#6425 = VECTOR('',#6426,1.);
#6426 = DIRECTION('',(0.,1.));
#6427 = ( GEOMETRIC_REPRESENTATION_CONTEXT(2) 
PARAMETRIC_REPRESENTATION_CONTEXT() REPRESENTATION_CONTEXT('2D SPACE',''
  ) );
#6428 = ORIENTED_EDGE('',*,*,#6380,.T.);
#6429 = ORIENTED_EDGE('',*,*,#6408,.T.);
#6430 = ( GEOMETRIC_REPRESENTATION_CONTEXT(3) 
GLOBAL_UNCERTAINTY_ASSIGNED_CONTEXT((#6434)) 
GLOBAL_UNIT_ASSIGNED_CONTEXT((#6431,#6432,#6433)) REPRESENTATION_CONTEXT
('Context #1','3D Context with UNIT and UNCERTAINTY') );
#6431 = ( LENGTH_UNIT() NAMED_UNIT(*) SI_UNIT(.MILLI.,.METRE.) );
#6432 = ( NAMED_UNIT(*) PLANE_ANGLE_UNIT() SI_UNIT($,.RADIAN.) );
#6433 = ( NAMED_UNIT(*) SI_UNIT($,.STERADIAN.) SOLID_ANGLE_UNIT() );
#6434 = UNCERTAINTY_MEASURE_WITH_UNIT(LENGTH_MEASURE(1.E-07),#6431,
  'distance_accuracy_value','confusion accuracy');
#6435 = CONTEXT_DEPENDENT_SHAPE_REPRESENTATION(#6436,#6438);
#6436 = ( REPRESENTATION_RELATIONSHIP('','',#6247,#10) 
REPRESENTATION_RELATIONSHIP_WITH_TRANSFORMATION(#6437) 
SHAPE_REPRESENTATION_RELATIONSHIP() );
#6437 = ITEM_DEFINED_TRANSFORMATION('','',#11,#155);
#6438 = PRODUCT_DEFINITION_SHAPE('Placement','Placement of an item',
  #6439);
#6439 = NEXT_ASSEMBLY_USAGE_OCCURRENCE('36',
  'lumber_leg_bolt_right_2_nut','',#5,#6242,$);
#6440 = PRODUCT_RELATED_PRODUCT_CATEGORY('part',$,(#6244));
#6441 = SHAPE_DEFINITION_REPRESENTATION(#6442,#6448);
#6442 = PRODUCT_DEFINITION_SHAPE('','',#6443);
#6443 = PRODUCT_DEFINITION('design','',#6444,#6447);
#6444 = PRODUCT_DEFINITION_FORMATION('','',#6445);
#6445 = PRODUCT('lumber_leg_bolt_right_3_shaft',
  'lumber_leg_bolt_right_3_shaft','',(#6446));
#6446 = PRODUCT_CONTEXT('',#2,'mechanical');
#6447 = PRODUCT_DEFINITION_CONTEXT('part definition',#2,'design');
#6448 = ADVANCED_BREP_SHAPE_REPRESENTATION('',(#11,#6449),#6547);
#6449 = MANIFOLD_SOLID_BREP('',#6450);
#6450 = CLOSED_SHELL('',(#6451,#6539,#6543));
#6451 = ADVANCED_FACE('',(#6452),#6465,.T.);
#6452 = FACE_BOUND('',#6453,.T.);
#6453 = EDGE_LOOP('',(#6454,#6488,#6511,#6538));
#6454 = ORIENTED_EDGE('',*,*,#6455,.F.);
#6455 = EDGE_CURVE('',#6456,#6456,#6458,.T.);
#6456 = VERTEX_POINT('',#6457);
#6457 = CARTESIAN_POINT('',(1.13665E+03,959.43732276569,
    1.566253521801E+03));
#6458 = SURFACE_CURVE('',#6459,(#6464,#6476),.PCURVE_S1.);
#6459 = CIRCLE('',#6460,4.9276);
#6460 = AXIS2_PLACEMENT_3D('',#6461,#6462,#6463);
#6461 = CARTESIAN_POINT('',(1.13665E+03,959.43732276569,
    1.571181121801E+03));
#6462 = DIRECTION('',(-1.,-0.,-0.));
#6463 = DIRECTION('',(0.,0.,-1.));
#6464 = PCURVE('',#6465,#6470);
#6465 = CYLINDRICAL_SURFACE('',#6466,4.9276);
#6466 = AXIS2_PLACEMENT_3D('',#6467,#6468,#6469);
#6467 = CARTESIAN_POINT('',(1.26365E+03,959.43732276569,
    1.571181121801E+03));
#6468 = DIRECTION('',(-1.,-0.,-0.));
#6469 = DIRECTION('',(0.,0.,-1.));
#6470 = DEFINITIONAL_REPRESENTATION('',(#6471),#6475);
#6471 = LINE('',#6472,#6473);
#6472 = CARTESIAN_POINT('',(0.,127.));
#6473 = VECTOR('',#6474,1.);
#6474 = DIRECTION('',(1.,0.));
#6475 = ( GEOMETRIC_REPRESENTATION_CONTEXT(2) 
PARAMETRIC_REPRESENTATION_CONTEXT() REPRESENTATION_CONTEXT('2D SPACE',''
  ) );
#6476 = PCURVE('',#6477,#6482);
#6477 = PLANE('',#6478);
#6478 = AXIS2_PLACEMENT_3D('',#6479,#6480,#6481);
#6479 = CARTESIAN_POINT('',(1.13665E+03,959.43732276569,
    1.571181121801E+03));
#6480 = DIRECTION('',(-1.,-0.,-0.));
#6481 = DIRECTION('',(0.,0.,-1.));
#6482 = DEFINITIONAL_REPRESENTATION('',(#6483),#6487);
#6483 = CIRCLE('',#6484,4.9276);
#6484 = AXIS2_PLACEMENT_2D('',#6485,#6486);
#6485 = CARTESIAN_POINT('',(0.,0.));
#6486 = DIRECTION('',(1.,0.));
#6487 = ( GEOMETRIC_REPRESENTATION_CONTEXT(2) 
PARAMETRIC_REPRESENTATION_CONTEXT() REPRESENTATION_CONTEXT('2D SPACE',''
  ) );
#6488 = ORIENTED_EDGE('',*,*,#6489,.F.);
#6489 = EDGE_CURVE('',#6490,#6456,#6492,.T.);
#6490 = VERTEX_POINT('',#6491);
#6491 = CARTESIAN_POINT('',(1.26365E+03,959.43732276569,
    1.566253521801E+03));
#6492 = SEAM_CURVE('',#6493,(#6497,#6504),.PCURVE_S1.);
#6493 = LINE('',#6494,#6495);
#6494 = CARTESIAN_POINT('',(1.26365E+03,959.43732276569,
    1.566253521801E+03));
#6495 = VECTOR('',#6496,1.);
#6496 = DIRECTION('',(-1.,0.,-0.));
#6497 = PCURVE('',#6465,#6498);
#6498 = DEFINITIONAL_REPRESENTATION('',(#6499),#6503);
#6499 = LINE('',#6500,#6501);
#6500 = CARTESIAN_POINT('',(6.28318530718,-0.));
#6501 = VECTOR('',#6502,1.);
#6502 = DIRECTION('',(0.,1.));
#6503 = ( GEOMETRIC_REPRESENTATION_CONTEXT(2) 
PARAMETRIC_REPRESENTATION_CONTEXT() REPRESENTATION_CONTEXT('2D SPACE',''
  ) );
#6504 = PCURVE('',#6465,#6505);
#6505 = DEFINITIONAL_REPRESENTATION('',(#6506),#6510);
#6506 = LINE('',#6507,#6508);
#6507 = CARTESIAN_POINT('',(0.,-0.));
#6508 = VECTOR('',#6509,1.);
#6509 = DIRECTION('',(0.,1.));
#6510 = ( GEOMETRIC_REPRESENTATION_CONTEXT(2) 
PARAMETRIC_REPRESENTATION_CONTEXT() REPRESENTATION_CONTEXT('2D SPACE',''
  ) );
#6511 = ORIENTED_EDGE('',*,*,#6512,.T.);
#6512 = EDGE_CURVE('',#6490,#6490,#6513,.T.);
#6513 = SURFACE_CURVE('',#6514,(#6519,#6526),.PCURVE_S1.);
#6514 = CIRCLE('',#6515,4.9276);
#6515 = AXIS2_PLACEMENT_3D('',#6516,#6517,#6518);
#6516 = CARTESIAN_POINT('',(1.26365E+03,959.43732276569,
    1.571181121801E+03));
#6517 = DIRECTION('',(-1.,-0.,-0.));
#6518 = DIRECTION('',(0.,0.,-1.));
#6519 = PCURVE('',#6465,#6520);
#6520 = DEFINITIONAL_REPRESENTATION('',(#6521),#6525);
#6521 = LINE('',#6522,#6523);
#6522 = CARTESIAN_POINT('',(0.,0.));
#6523 = VECTOR('',#6524,1.);
#6524 = DIRECTION('',(1.,0.));
#6525 = ( GEOMETRIC_REPRESENTATION_CONTEXT(2) 
PARAMETRIC_REPRESENTATION_CONTEXT() REPRESENTATION_CONTEXT('2D SPACE',''
  ) );
#6526 = PCURVE('',#6527,#6532);
#6527 = PLANE('',#6528);
#6528 = AXIS2_PLACEMENT_3D('',#6529,#6530,#6531);
#6529 = CARTESIAN_POINT('',(1.26365E+03,959.43732276569,
    1.571181121801E+03));
#6530 = DIRECTION('',(-1.,-0.,-0.));
#6531 = DIRECTION('',(0.,0.,-1.));
#6532 = DEFINITIONAL_REPRESENTATION('',(#6533),#6537);
#6533 = CIRCLE('',#6534,4.9276);
#6534 = AXIS2_PLACEMENT_2D('',#6535,#6536);
#6535 = CARTESIAN_POINT('',(0.,0.));
#6536 = DIRECTION('',(1.,0.));
#6537 = ( GEOMETRIC_REPRESENTATION_CONTEXT(2) 
PARAMETRIC_REPRESENTATION_CONTEXT() REPRESENTATION_CONTEXT('2D SPACE',''
  ) );
#6538 = ORIENTED_EDGE('',*,*,#6489,.T.);
#6539 = ADVANCED_FACE('',(#6540),#6477,.T.);
#6540 = FACE_BOUND('',#6541,.T.);
#6541 = EDGE_LOOP('',(#6542));
#6542 = ORIENTED_EDGE('',*,*,#6455,.T.);
#6543 = ADVANCED_FACE('',(#6544),#6527,.F.);
#6544 = FACE_BOUND('',#6545,.T.);
#6545 = EDGE_LOOP('',(#6546));
#6546 = ORIENTED_EDGE('',*,*,#6512,.F.);
#6547 = ( GEOMETRIC_REPRESENTATION_CONTEXT(3) 
GLOBAL_UNCERTAINTY_ASSIGNED_CONTEXT((#6551)) 
GLOBAL_UNIT_ASSIGNED_CONTEXT((#6548,#6549,#6550)) REPRESENTATION_CONTEXT
('Context #1','3D Context with UNIT and UNCERTAINTY') );
#6548 = ( LENGTH_UNIT() NAMED_UNIT(*) SI_UNIT(.MILLI.,.METRE.) );
#6549 = ( NAMED_UNIT(*) PLANE_ANGLE_UNIT() SI_UNIT($,.RADIAN.) );
#6550 = ( NAMED_UNIT(*) SI_UNIT($,.STERADIAN.) SOLID_ANGLE_UNIT() );
#6551 = UNCERTAINTY_MEASURE_WITH_UNIT(LENGTH_MEASURE(1.E-07),#6548,
  'distance_accuracy_value','confusion accuracy');
#6552 = CONTEXT_DEPENDENT_SHAPE_REPRESENTATION(#6553,#6555);
#6553 = ( REPRESENTATION_RELATIONSHIP('','',#6448,#10) 
REPRESENTATION_RELATIONSHIP_WITH_TRANSFORMATION(#6554) 
SHAPE_REPRESENTATION_RELATIONSHIP() );
#6554 = ITEM_DEFINED_TRANSFORMATION('','',#11,#159);
#6555 = PRODUCT_DEFINITION_SHAPE('Placement','Placement of an item',
  #6556);
#6556 = NEXT_ASSEMBLY_USAGE_OCCURRENCE('37',
  'lumber_leg_bolt_right_3_shaft','',#5,#6443,$);
#6557 = PRODUCT_RELATED_PRODUCT_CATEGORY('part',$,(#6445));
#6558 = SHAPE_DEFINITION_REPRESENTATION(#6559,#6565);
#6559 = PRODUCT_DEFINITION_SHAPE('','',#6560);
#6560 = PRODUCT_DEFINITION('design','',#6561,#6564);
#6561 = PRODUCT_DEFINITION_FORMATION('','',#6562);
#6562 = PRODUCT('lumber_leg_bolt_right_3_head_plate',
  'lumber_leg_bolt_right_3_head_plate','',(#6563));
#6563 = PRODUCT_CONTEXT('',#2,'mechanical');
#6564 = PRODUCT_DEFINITION_CONTEXT('part definition',#2,'design');
#6565 = ADVANCED_BREP_SHAPE_REPRESENTATION('',(#11,#6566),#6748);
#6566 = MANIFOLD_SOLID_BREP('',#6567);
#6567 = CLOSED_SHELL('',(#6568,#6656,#6691,#6721));
#6568 = ADVANCED_FACE('',(#6569),#6582,.T.);
#6569 = FACE_BOUND('',#6570,.T.);
#6570 = EDGE_LOOP('',(#6571,#6605,#6628,#6655));
#6571 = ORIENTED_EDGE('',*,*,#6572,.F.);
#6572 = EDGE_CURVE('',#6573,#6573,#6575,.T.);
#6573 = VERTEX_POINT('',#6574);
#6574 = CARTESIAN_POINT('',(1.2573E+03,959.43732276569,
    1.552131121801E+03));
#6575 = SURFACE_CURVE('',#6576,(#6581,#6593),.PCURVE_S1.);
#6576 = CIRCLE('',#6577,19.05);
#6577 = AXIS2_PLACEMENT_3D('',#6578,#6579,#6580);
#6578 = CARTESIAN_POINT('',(1.2573E+03,959.43732276569,
    1.571181121801E+03));
#6579 = DIRECTION('',(-1.,-0.,-0.));
#6580 = DIRECTION('',(0.,0.,-1.));
#6581 = PCURVE('',#6582,#6587);
#6582 = CYLINDRICAL_SURFACE('',#6583,19.05);
#6583 = AXIS2_PLACEMENT_3D('',#6584,#6585,#6586);
#6584 = CARTESIAN_POINT('',(1.26365E+03,959.43732276569,
    1.571181121801E+03));
#6585 = DIRECTION('',(-1.,-0.,-0.));
#6586 = DIRECTION('',(0.,0.,-1.));
#6587 = DEFINITIONAL_REPRESENTATION('',(#6588),#6592);
#6588 = LINE('',#6589,#6590);
#6589 = CARTESIAN_POINT('',(0.,6.35));
#6590 = VECTOR('',#6591,1.);
#6591 = DIRECTION('',(1.,0.));
#6592 = ( GEOMETRIC_REPRESENTATION_CONTEXT(2) 
PARAMETRIC_REPRESENTATION_CONTEXT() REPRESENTATION_CONTEXT('2D SPACE',''
  ) );
#6593 = PCURVE('',#6594,#6599);
#6594 = PLANE('',#6595);
#6595 = AXIS2_PLACEMENT_3D('',#6596,#6597,#6598);
#6596 = CARTESIAN_POINT('',(1.2573E+03,959.43732276569,
    1.571181121801E+03));
#6597 = DIRECTION('',(-1.,-0.,-0.));
#6598 = DIRECTION('',(0.,0.,-1.));
#6599 = DEFINITIONAL_REPRESENTATION('',(#6600),#6604);
#6600 = CIRCLE('',#6601,19.05);
#6601 = AXIS2_PLACEMENT_2D('',#6602,#6603);
#6602 = CARTESIAN_POINT('',(0.,0.));
#6603 = DIRECTION('',(1.,0.));
#6604 = ( GEOMETRIC_REPRESENTATION_CONTEXT(2) 
PARAMETRIC_REPRESENTATION_CONTEXT() REPRESENTATION_CONTEXT('2D SPACE',''
  ) );
#6605 = ORIENTED_EDGE('',*,*,#6606,.F.);
#6606 = EDGE_CURVE('',#6607,#6573,#6609,.T.);
#6607 = VERTEX_POINT('',#6608);
#6608 = CARTESIAN_POINT('',(1.26365E+03,959.43732276569,
    1.552131121801E+03));
#6609 = SEAM_CURVE('',#6610,(#6614,#6621),.PCURVE_S1.);
#6610 = LINE('',#6611,#6612);
#6611 = CARTESIAN_POINT('',(1.26365E+03,959.43732276569,
    1.552131121801E+03));
#6612 = VECTOR('',#6613,1.);
#6613 = DIRECTION('',(-1.,0.,-0.));
#6614 = PCURVE('',#6582,#6615);
#6615 = DEFINITIONAL_REPRESENTATION('',(#6616),#6620);
#6616 = LINE('',#6617,#6618);
#6617 = CARTESIAN_POINT('',(6.28318530718,-0.));
#6618 = VECTOR('',#6619,1.);
#6619 = DIRECTION('',(0.,1.));
#6620 = ( GEOMETRIC_REPRESENTATION_CONTEXT(2) 
PARAMETRIC_REPRESENTATION_CONTEXT() REPRESENTATION_CONTEXT('2D SPACE',''
  ) );
#6621 = PCURVE('',#6582,#6622);
#6622 = DEFINITIONAL_REPRESENTATION('',(#6623),#6627);
#6623 = LINE('',#6624,#6625);
#6624 = CARTESIAN_POINT('',(0.,-0.));
#6625 = VECTOR('',#6626,1.);
#6626 = DIRECTION('',(0.,1.));
#6627 = ( GEOMETRIC_REPRESENTATION_CONTEXT(2) 
PARAMETRIC_REPRESENTATION_CONTEXT() REPRESENTATION_CONTEXT('2D SPACE',''
  ) );
#6628 = ORIENTED_EDGE('',*,*,#6629,.T.);
#6629 = EDGE_CURVE('',#6607,#6607,#6630,.T.);
#6630 = SURFACE_CURVE('',#6631,(#6636,#6643),.PCURVE_S1.);
#6631 = CIRCLE('',#6632,19.05);
#6632 = AXIS2_PLACEMENT_3D('',#6633,#6634,#6635);
#6633 = CARTESIAN_POINT('',(1.26365E+03,959.43732276569,
    1.571181121801E+03));
#6634 = DIRECTION('',(-1.,-0.,-0.));
#6635 = DIRECTION('',(0.,0.,-1.));
#6636 = PCURVE('',#6582,#6637);
#6637 = DEFINITIONAL_REPRESENTATION('',(#6638),#6642);
#6638 = LINE('',#6639,#6640);
#6639 = CARTESIAN_POINT('',(0.,0.));
#6640 = VECTOR('',#6641,1.);
#6641 = DIRECTION('',(1.,0.));
#6642 = ( GEOMETRIC_REPRESENTATION_CONTEXT(2) 
PARAMETRIC_REPRESENTATION_CONTEXT() REPRESENTATION_CONTEXT('2D SPACE',''
  ) );
#6643 = PCURVE('',#6644,#6649);
#6644 = PLANE('',#6645);
#6645 = AXIS2_PLACEMENT_3D('',#6646,#6647,#6648);
#6646 = CARTESIAN_POINT('',(1.26365E+03,959.43732276569,
    1.571181121801E+03));
#6647 = DIRECTION('',(-1.,-0.,-0.));
#6648 = DIRECTION('',(0.,0.,-1.));
#6649 = DEFINITIONAL_REPRESENTATION('',(#6650),#6654);
#6650 = CIRCLE('',#6651,19.05);
#6651 = AXIS2_PLACEMENT_2D('',#6652,#6653);
#6652 = CARTESIAN_POINT('',(0.,0.));
#6653 = DIRECTION('',(1.,0.));
#6654 = ( GEOMETRIC_REPRESENTATION_CONTEXT(2) 
PARAMETRIC_REPRESENTATION_CONTEXT() REPRESENTATION_CONTEXT('2D SPACE',''
  ) );
#6655 = ORIENTED_EDGE('',*,*,#6606,.T.);
#6656 = ADVANCED_FACE('',(#6657,#6660),#6594,.T.);
#6657 = FACE_BOUND('',#6658,.T.);
#6658 = EDGE_LOOP('',(#6659));
#6659 = ORIENTED_EDGE('',*,*,#6572,.T.);
#6660 = FACE_BOUND('',#6661,.T.);
#6661 = EDGE_LOOP('',(#6662));
#6662 = ORIENTED_EDGE('',*,*,#6663,.F.);
#6663 = EDGE_CURVE('',#6664,#6664,#6666,.T.);
#6664 = VERTEX_POINT('',#6665);
#6665 = CARTESIAN_POINT('',(1.2573E+03,959.43732276569,
    1.565624871801E+03));
#6666 = SURFACE_CURVE('',#6667,(#6672,#6679),.PCURVE_S1.);
#6667 = CIRCLE('',#6668,5.55625);
#6668 = AXIS2_PLACEMENT_3D('',#6669,#6670,#6671);
#6669 = CARTESIAN_POINT('',(1.2573E+03,959.43732276569,
    1.571181121801E+03));
#6670 = DIRECTION('',(-1.,-0.,-0.));
#6671 = DIRECTION('',(0.,0.,-1.));
#6672 = PCURVE('',#6594,#6673);
#6673 = DEFINITIONAL_REPRESENTATION('',(#6674),#6678);
#6674 = CIRCLE('',#6675,5.55625);
#6675 = AXIS2_PLACEMENT_2D('',#6676,#6677);
#6676 = CARTESIAN_POINT('',(0.,0.));
#6677 = DIRECTION('',(1.,0.));
#6678 = ( GEOMETRIC_REPRESENTATION_CONTEXT(2) 
PARAMETRIC_REPRESENTATION_CONTEXT() REPRESENTATION_CONTEXT('2D SPACE',''
  ) );
#6679 = PCURVE('',#6680,#6685);
#6680 = CYLINDRICAL_SURFACE('',#6681,5.55625);
#6681 = AXIS2_PLACEMENT_3D('',#6682,#6683,#6684);
#6682 = CARTESIAN_POINT('',(1.26365E+03,959.43732276569,
    1.571181121801E+03));
#6683 = DIRECTION('',(-1.,-0.,-0.));
#6684 = DIRECTION('',(0.,0.,-1.));
#6685 = DEFINITIONAL_REPRESENTATION('',(#6686),#6690);
#6686 = LINE('',#6687,#6688);
#6687 = CARTESIAN_POINT('',(0.,6.35));
#6688 = VECTOR('',#6689,1.);
#6689 = DIRECTION('',(1.,0.));
#6690 = ( GEOMETRIC_REPRESENTATION_CONTEXT(2) 
PARAMETRIC_REPRESENTATION_CONTEXT() REPRESENTATION_CONTEXT('2D SPACE',''
  ) );
#6691 = ADVANCED_FACE('',(#6692,#6695),#6644,.F.);
#6692 = FACE_BOUND('',#6693,.F.);
#6693 = EDGE_LOOP('',(#6694));
#6694 = ORIENTED_EDGE('',*,*,#6629,.T.);
#6695 = FACE_BOUND('',#6696,.F.);
#6696 = EDGE_LOOP('',(#6697));
#6697 = ORIENTED_EDGE('',*,*,#6698,.F.);
#6698 = EDGE_CURVE('',#6699,#6699,#6701,.T.);
#6699 = VERTEX_POINT('',#6700);
#6700 = CARTESIAN_POINT('',(1.26365E+03,959.43732276569,
    1.565624871801E+03));
#6701 = SURFACE_CURVE('',#6702,(#6707,#6714),.PCURVE_S1.);
#6702 = CIRCLE('',#6703,5.55625);
#6703 = AXIS2_PLACEMENT_3D('',#6704,#6705,#6706);
#6704 = CARTESIAN_POINT('',(1.26365E+03,959.43732276569,
    1.571181121801E+03));
#6705 = DIRECTION('',(-1.,-0.,-0.));
#6706 = DIRECTION('',(0.,0.,-1.));
#6707 = PCURVE('',#6644,#6708);
#6708 = DEFINITIONAL_REPRESENTATION('',(#6709),#6713);
#6709 = CIRCLE('',#6710,5.55625);
#6710 = AXIS2_PLACEMENT_2D('',#6711,#6712);
#6711 = CARTESIAN_POINT('',(0.,0.));
#6712 = DIRECTION('',(1.,0.));
#6713 = ( GEOMETRIC_REPRESENTATION_CONTEXT(2) 
PARAMETRIC_REPRESENTATION_CONTEXT() REPRESENTATION_CONTEXT('2D SPACE',''
  ) );
#6714 = PCURVE('',#6680,#6715);
#6715 = DEFINITIONAL_REPRESENTATION('',(#6716),#6720);
#6716 = LINE('',#6717,#6718);
#6717 = CARTESIAN_POINT('',(0.,0.));
#6718 = VECTOR('',#6719,1.);
#6719 = DIRECTION('',(1.,0.));
#6720 = ( GEOMETRIC_REPRESENTATION_CONTEXT(2) 
PARAMETRIC_REPRESENTATION_CONTEXT() REPRESENTATION_CONTEXT('2D SPACE',''
  ) );
#6721 = ADVANCED_FACE('',(#6722),#6680,.F.);
#6722 = FACE_BOUND('',#6723,.F.);
#6723 = EDGE_LOOP('',(#6724,#6725,#6746,#6747));
#6724 = ORIENTED_EDGE('',*,*,#6663,.F.);
#6725 = ORIENTED_EDGE('',*,*,#6726,.F.);
#6726 = EDGE_CURVE('',#6699,#6664,#6727,.T.);
#6727 = SEAM_CURVE('',#6728,(#6732,#6739),.PCURVE_S1.);
#6728 = LINE('',#6729,#6730);
#6729 = CARTESIAN_POINT('',(1.26365E+03,959.43732276569,
    1.565624871801E+03));
#6730 = VECTOR('',#6731,1.);
#6731 = DIRECTION('',(-1.,0.,-0.));
#6732 = PCURVE('',#6680,#6733);
#6733 = DEFINITIONAL_REPRESENTATION('',(#6734),#6738);
#6734 = LINE('',#6735,#6736);
#6735 = CARTESIAN_POINT('',(6.28318530718,-0.));
#6736 = VECTOR('',#6737,1.);
#6737 = DIRECTION('',(0.,1.));
#6738 = ( GEOMETRIC_REPRESENTATION_CONTEXT(2) 
PARAMETRIC_REPRESENTATION_CONTEXT() REPRESENTATION_CONTEXT('2D SPACE',''
  ) );
#6739 = PCURVE('',#6680,#6740);
#6740 = DEFINITIONAL_REPRESENTATION('',(#6741),#6745);
#6741 = LINE('',#6742,#6743);
#6742 = CARTESIAN_POINT('',(0.,-0.));
#6743 = VECTOR('',#6744,1.);
#6744 = DIRECTION('',(0.,1.));
#6745 = ( GEOMETRIC_REPRESENTATION_CONTEXT(2) 
PARAMETRIC_REPRESENTATION_CONTEXT() REPRESENTATION_CONTEXT('2D SPACE',''
  ) );
#6746 = ORIENTED_EDGE('',*,*,#6698,.T.);
#6747 = ORIENTED_EDGE('',*,*,#6726,.T.);
#6748 = ( GEOMETRIC_REPRESENTATION_CONTEXT(3) 
GLOBAL_UNCERTAINTY_ASSIGNED_CONTEXT((#6752)) 
GLOBAL_UNIT_ASSIGNED_CONTEXT((#6749,#6750,#6751)) REPRESENTATION_CONTEXT
('Context #1','3D Context with UNIT and UNCERTAINTY') );
#6749 = ( LENGTH_UNIT() NAMED_UNIT(*) SI_UNIT(.MILLI.,.METRE.) );
#6750 = ( NAMED_UNIT(*) PLANE_ANGLE_UNIT() SI_UNIT($,.RADIAN.) );
#6751 = ( NAMED_UNIT(*) SI_UNIT($,.STERADIAN.) SOLID_ANGLE_UNIT() );
#6752 = UNCERTAINTY_MEASURE_WITH_UNIT(LENGTH_MEASURE(1.E-07),#6749,
  'distance_accuracy_value','confusion accuracy');
#6753 = CONTEXT_DEPENDENT_SHAPE_REPRESENTATION(#6754,#6756);
#6754 = ( REPRESENTATION_RELATIONSHIP('','',#6565,#10) 
REPRESENTATION_RELATIONSHIP_WITH_TRANSFORMATION(#6755) 
SHAPE_REPRESENTATION_RELATIONSHIP() );
#6755 = ITEM_DEFINED_TRANSFORMATION('','',#11,#163);
#6756 = PRODUCT_DEFINITION_SHAPE('Placement','Placement of an item',
  #6757);
#6757 = NEXT_ASSEMBLY_USAGE_OCCURRENCE('38',
  'lumber_leg_bolt_right_3_head_plate','',#5,#6560,$);
#6758 = PRODUCT_RELATED_PRODUCT_CATEGORY('part',$,(#6562));
#6759 = SHAPE_DEFINITION_REPRESENTATION(#6760,#6766);
#6760 = PRODUCT_DEFINITION_SHAPE('','',#6761);
#6761 = PRODUCT_DEFINITION('design','',#6762,#6765);
#6762 = PRODUCT_DEFINITION_FORMATION('','',#6763);
#6763 = PRODUCT('lumber_leg_bolt_right_3_nut_plate',
  'lumber_leg_bolt_right_3_nut_plate','',(#6764));
#6764 = PRODUCT_CONTEXT('',#2,'mechanical');
#6765 = PRODUCT_DEFINITION_CONTEXT('part definition',#2,'design');
#6766 = ADVANCED_BREP_SHAPE_REPRESENTATION('',(#11,#6767),#6949);
#6767 = MANIFOLD_SOLID_BREP('',#6768);
#6768 = CLOSED_SHELL('',(#6769,#6857,#6892,#6922));
#6769 = ADVANCED_FACE('',(#6770),#6783,.T.);
#6770 = FACE_BOUND('',#6771,.T.);
#6771 = EDGE_LOOP('',(#6772,#6806,#6829,#6856));
#6772 = ORIENTED_EDGE('',*,*,#6773,.F.);
#6773 = EDGE_CURVE('',#6774,#6774,#6776,.T.);
#6774 = VERTEX_POINT('',#6775);
#6775 = CARTESIAN_POINT('',(1.17475E+03,959.43732276569,
    1.552131121801E+03));
#6776 = SURFACE_CURVE('',#6777,(#6782,#6794),.PCURVE_S1.);
#6777 = CIRCLE('',#6778,19.05);
#6778 = AXIS2_PLACEMENT_3D('',#6779,#6780,#6781);
#6779 = CARTESIAN_POINT('',(1.17475E+03,959.43732276569,
    1.571181121801E+03));
#6780 = DIRECTION('',(-1.,-0.,-0.));
#6781 = DIRECTION('',(0.,0.,-1.));
#6782 = PCURVE('',#6783,#6788);
#6783 = CYLINDRICAL_SURFACE('',#6784,19.05);
#6784 = AXIS2_PLACEMENT_3D('',#6785,#6786,#6787);
#6785 = CARTESIAN_POINT('',(1.1811E+03,959.43732276569,
    1.571181121801E+03));
#6786 = DIRECTION('',(-1.,-0.,-0.));
#6787 = DIRECTION('',(0.,0.,-1.));
#6788 = DEFINITIONAL_REPRESENTATION('',(#6789),#6793);
#6789 = LINE('',#6790,#6791);
#6790 = CARTESIAN_POINT('',(0.,6.35));
#6791 = VECTOR('',#6792,1.);
#6792 = DIRECTION('',(1.,0.));
#6793 = ( GEOMETRIC_REPRESENTATION_CONTEXT(2) 
PARAMETRIC_REPRESENTATION_CONTEXT() REPRESENTATION_CONTEXT('2D SPACE',''
  ) );
#6794 = PCURVE('',#6795,#6800);
#6795 = PLANE('',#6796);
#6796 = AXIS2_PLACEMENT_3D('',#6797,#6798,#6799);
#6797 = CARTESIAN_POINT('',(1.17475E+03,959.43732276569,
    1.571181121801E+03));
#6798 = DIRECTION('',(-1.,-0.,-0.));
#6799 = DIRECTION('',(0.,0.,-1.));
#6800 = DEFINITIONAL_REPRESENTATION('',(#6801),#6805);
#6801 = CIRCLE('',#6802,19.05);
#6802 = AXIS2_PLACEMENT_2D('',#6803,#6804);
#6803 = CARTESIAN_POINT('',(0.,0.));
#6804 = DIRECTION('',(1.,0.));
#6805 = ( GEOMETRIC_REPRESENTATION_CONTEXT(2) 
PARAMETRIC_REPRESENTATION_CONTEXT() REPRESENTATION_CONTEXT('2D SPACE',''
  ) );
#6806 = ORIENTED_EDGE('',*,*,#6807,.F.);
#6807 = EDGE_CURVE('',#6808,#6774,#6810,.T.);
#6808 = VERTEX_POINT('',#6809);
#6809 = CARTESIAN_POINT('',(1.1811E+03,959.43732276569,
    1.552131121801E+03));
#6810 = SEAM_CURVE('',#6811,(#6815,#6822),.PCURVE_S1.);
#6811 = LINE('',#6812,#6813);
#6812 = CARTESIAN_POINT('',(1.1811E+03,959.43732276569,
    1.552131121801E+03));
#6813 = VECTOR('',#6814,1.);
#6814 = DIRECTION('',(-1.,0.,-0.));
#6815 = PCURVE('',#6783,#6816);
#6816 = DEFINITIONAL_REPRESENTATION('',(#6817),#6821);
#6817 = LINE('',#6818,#6819);
#6818 = CARTESIAN_POINT('',(6.28318530718,-0.));
#6819 = VECTOR('',#6820,1.);
#6820 = DIRECTION('',(0.,1.));
#6821 = ( GEOMETRIC_REPRESENTATION_CONTEXT(2) 
PARAMETRIC_REPRESENTATION_CONTEXT() REPRESENTATION_CONTEXT('2D SPACE',''
  ) );
#6822 = PCURVE('',#6783,#6823);
#6823 = DEFINITIONAL_REPRESENTATION('',(#6824),#6828);
#6824 = LINE('',#6825,#6826);
#6825 = CARTESIAN_POINT('',(0.,-0.));
#6826 = VECTOR('',#6827,1.);
#6827 = DIRECTION('',(0.,1.));
#6828 = ( GEOMETRIC_REPRESENTATION_CONTEXT(2) 
PARAMETRIC_REPRESENTATION_CONTEXT() REPRESENTATION_CONTEXT('2D SPACE',''
  ) );
#6829 = ORIENTED_EDGE('',*,*,#6830,.T.);
#6830 = EDGE_CURVE('',#6808,#6808,#6831,.T.);
#6831 = SURFACE_CURVE('',#6832,(#6837,#6844),.PCURVE_S1.);
#6832 = CIRCLE('',#6833,19.05);
#6833 = AXIS2_PLACEMENT_3D('',#6834,#6835,#6836);
#6834 = CARTESIAN_POINT('',(1.1811E+03,959.43732276569,
    1.571181121801E+03));
#6835 = DIRECTION('',(-1.,-0.,-0.));
#6836 = DIRECTION('',(0.,0.,-1.));
#6837 = PCURVE('',#6783,#6838);
#6838 = DEFINITIONAL_REPRESENTATION('',(#6839),#6843);
#6839 = LINE('',#6840,#6841);
#6840 = CARTESIAN_POINT('',(0.,0.));
#6841 = VECTOR('',#6842,1.);
#6842 = DIRECTION('',(1.,0.));
#6843 = ( GEOMETRIC_REPRESENTATION_CONTEXT(2) 
PARAMETRIC_REPRESENTATION_CONTEXT() REPRESENTATION_CONTEXT('2D SPACE',''
  ) );
#6844 = PCURVE('',#6845,#6850);
#6845 = PLANE('',#6846);
#6846 = AXIS2_PLACEMENT_3D('',#6847,#6848,#6849);
#6847 = CARTESIAN_POINT('',(1.1811E+03,959.43732276569,
    1.571181121801E+03));
#6848 = DIRECTION('',(-1.,-0.,-0.));
#6849 = DIRECTION('',(0.,0.,-1.));
#6850 = DEFINITIONAL_REPRESENTATION('',(#6851),#6855);
#6851 = CIRCLE('',#6852,19.05);
#6852 = AXIS2_PLACEMENT_2D('',#6853,#6854);
#6853 = CARTESIAN_POINT('',(0.,0.));
#6854 = DIRECTION('',(1.,0.));
#6855 = ( GEOMETRIC_REPRESENTATION_CONTEXT(2) 
PARAMETRIC_REPRESENTATION_CONTEXT() REPRESENTATION_CONTEXT('2D SPACE',''
  ) );
#6856 = ORIENTED_EDGE('',*,*,#6807,.T.);
#6857 = ADVANCED_FACE('',(#6858,#6861),#6795,.T.);
#6858 = FACE_BOUND('',#6859,.T.);
#6859 = EDGE_LOOP('',(#6860));
#6860 = ORIENTED_EDGE('',*,*,#6773,.T.);
#6861 = FACE_BOUND('',#6862,.T.);
#6862 = EDGE_LOOP('',(#6863));
#6863 = ORIENTED_EDGE('',*,*,#6864,.F.);
#6864 = EDGE_CURVE('',#6865,#6865,#6867,.T.);
#6865 = VERTEX_POINT('',#6866);
#6866 = CARTESIAN_POINT('',(1.17475E+03,959.43732276569,
    1.565624871801E+03));
#6867 = SURFACE_CURVE('',#6868,(#6873,#6880),.PCURVE_S1.);
#6868 = CIRCLE('',#6869,5.55625);
#6869 = AXIS2_PLACEMENT_3D('',#6870,#6871,#6872);
#6870 = CARTESIAN_POINT('',(1.17475E+03,959.43732276569,
    1.571181121801E+03));
#6871 = DIRECTION('',(-1.,-0.,-0.));
#6872 = DIRECTION('',(0.,0.,-1.));
#6873 = PCURVE('',#6795,#6874);
#6874 = DEFINITIONAL_REPRESENTATION('',(#6875),#6879);
#6875 = CIRCLE('',#6876,5.55625);
#6876 = AXIS2_PLACEMENT_2D('',#6877,#6878);
#6877 = CARTESIAN_POINT('',(0.,0.));
#6878 = DIRECTION('',(1.,0.));
#6879 = ( GEOMETRIC_REPRESENTATION_CONTEXT(2) 
PARAMETRIC_REPRESENTATION_CONTEXT() REPRESENTATION_CONTEXT('2D SPACE',''
  ) );
#6880 = PCURVE('',#6881,#6886);
#6881 = CYLINDRICAL_SURFACE('',#6882,5.55625);
#6882 = AXIS2_PLACEMENT_3D('',#6883,#6884,#6885);
#6883 = CARTESIAN_POINT('',(1.1811E+03,959.43732276569,
    1.571181121801E+03));
#6884 = DIRECTION('',(-1.,-0.,-0.));
#6885 = DIRECTION('',(0.,0.,-1.));
#6886 = DEFINITIONAL_REPRESENTATION('',(#6887),#6891);
#6887 = LINE('',#6888,#6889);
#6888 = CARTESIAN_POINT('',(0.,6.35));
#6889 = VECTOR('',#6890,1.);
#6890 = DIRECTION('',(1.,0.));
#6891 = ( GEOMETRIC_REPRESENTATION_CONTEXT(2) 
PARAMETRIC_REPRESENTATION_CONTEXT() REPRESENTATION_CONTEXT('2D SPACE',''
  ) );
#6892 = ADVANCED_FACE('',(#6893,#6896),#6845,.F.);
#6893 = FACE_BOUND('',#6894,.F.);
#6894 = EDGE_LOOP('',(#6895));
#6895 = ORIENTED_EDGE('',*,*,#6830,.T.);
#6896 = FACE_BOUND('',#6897,.F.);
#6897 = EDGE_LOOP('',(#6898));
#6898 = ORIENTED_EDGE('',*,*,#6899,.F.);
#6899 = EDGE_CURVE('',#6900,#6900,#6902,.T.);
#6900 = VERTEX_POINT('',#6901);
#6901 = CARTESIAN_POINT('',(1.1811E+03,959.43732276569,
    1.565624871801E+03));
#6902 = SURFACE_CURVE('',#6903,(#6908,#6915),.PCURVE_S1.);
#6903 = CIRCLE('',#6904,5.55625);
#6904 = AXIS2_PLACEMENT_3D('',#6905,#6906,#6907);
#6905 = CARTESIAN_POINT('',(1.1811E+03,959.43732276569,
    1.571181121801E+03));
#6906 = DIRECTION('',(-1.,-0.,-0.));
#6907 = DIRECTION('',(0.,0.,-1.));
#6908 = PCURVE('',#6845,#6909);
#6909 = DEFINITIONAL_REPRESENTATION('',(#6910),#6914);
#6910 = CIRCLE('',#6911,5.55625);
#6911 = AXIS2_PLACEMENT_2D('',#6912,#6913);
#6912 = CARTESIAN_POINT('',(0.,0.));
#6913 = DIRECTION('',(1.,0.));
#6914 = ( GEOMETRIC_REPRESENTATION_CONTEXT(2) 
PARAMETRIC_REPRESENTATION_CONTEXT() REPRESENTATION_CONTEXT('2D SPACE',''
  ) );
#6915 = PCURVE('',#6881,#6916);
#6916 = DEFINITIONAL_REPRESENTATION('',(#6917),#6921);
#6917 = LINE('',#6918,#6919);
#6918 = CARTESIAN_POINT('',(0.,0.));
#6919 = VECTOR('',#6920,1.);
#6920 = DIRECTION('',(1.,0.));
#6921 = ( GEOMETRIC_REPRESENTATION_CONTEXT(2) 
PARAMETRIC_REPRESENTATION_CONTEXT() REPRESENTATION_CONTEXT('2D SPACE',''
  ) );
#6922 = ADVANCED_FACE('',(#6923),#6881,.F.);
#6923 = FACE_BOUND('',#6924,.F.);
#6924 = EDGE_LOOP('',(#6925,#6926,#6947,#6948));
#6925 = ORIENTED_EDGE('',*,*,#6864,.F.);
#6926 = ORIENTED_EDGE('',*,*,#6927,.F.);
#6927 = EDGE_CURVE('',#6900,#6865,#6928,.T.);
#6928 = SEAM_CURVE('',#6929,(#6933,#6940),.PCURVE_S1.);
#6929 = LINE('',#6930,#6931);
#6930 = CARTESIAN_POINT('',(1.1811E+03,959.43732276569,
    1.565624871801E+03));
#6931 = VECTOR('',#6932,1.);
#6932 = DIRECTION('',(-1.,0.,-0.));
#6933 = PCURVE('',#6881,#6934);
#6934 = DEFINITIONAL_REPRESENTATION('',(#6935),#6939);
#6935 = LINE('',#6936,#6937);
#6936 = CARTESIAN_POINT('',(6.28318530718,-0.));
#6937 = VECTOR('',#6938,1.);
#6938 = DIRECTION('',(0.,1.));
#6939 = ( GEOMETRIC_REPRESENTATION_CONTEXT(2) 
PARAMETRIC_REPRESENTATION_CONTEXT() REPRESENTATION_CONTEXT('2D SPACE',''
  ) );
#6940 = PCURVE('',#6881,#6941);
#6941 = DEFINITIONAL_REPRESENTATION('',(#6942),#6946);
#6942 = LINE('',#6943,#6944);
#6943 = CARTESIAN_POINT('',(0.,-0.));
#6944 = VECTOR('',#6945,1.);
#6945 = DIRECTION('',(0.,1.));
#6946 = ( GEOMETRIC_REPRESENTATION_CONTEXT(2) 
PARAMETRIC_REPRESENTATION_CONTEXT() REPRESENTATION_CONTEXT('2D SPACE',''
  ) );
#6947 = ORIENTED_EDGE('',*,*,#6899,.T.);
#6948 = ORIENTED_EDGE('',*,*,#6927,.T.);
#6949 = ( GEOMETRIC_REPRESENTATION_CONTEXT(3) 
GLOBAL_UNCERTAINTY_ASSIGNED_CONTEXT((#6953)) 
GLOBAL_UNIT_ASSIGNED_CONTEXT((#6950,#6951,#6952)) REPRESENTATION_CONTEXT
('Context #1','3D Context with UNIT and UNCERTAINTY') );
#6950 = ( LENGTH_UNIT() NAMED_UNIT(*) SI_UNIT(.MILLI.,.METRE.) );
#6951 = ( NAMED_UNIT(*) PLANE_ANGLE_UNIT() SI_UNIT($,.RADIAN.) );
#6952 = ( NAMED_UNIT(*) SI_UNIT($,.STERADIAN.) SOLID_ANGLE_UNIT() );
#6953 = UNCERTAINTY_MEASURE_WITH_UNIT(LENGTH_MEASURE(1.E-07),#6950,
  'distance_accuracy_value','confusion accuracy');
#6954 = CONTEXT_DEPENDENT_SHAPE_REPRESENTATION(#6955,#6957);
#6955 = ( REPRESENTATION_RELATIONSHIP('','',#6766,#10) 
REPRESENTATION_RELATIONSHIP_WITH_TRANSFORMATION(#6956) 
SHAPE_REPRESENTATION_RELATIONSHIP() );
#6956 = ITEM_DEFINED_TRANSFORMATION('','',#11,#167);
#6957 = PRODUCT_DEFINITION_SHAPE('Placement','Placement of an item',
  #6958);
#6958 = NEXT_ASSEMBLY_USAGE_OCCURRENCE('39',
  'lumber_leg_bolt_right_3_nut_plate','',#5,#6761,$);
#6959 = PRODUCT_RELATED_PRODUCT_CATEGORY('part',$,(#6763));
#6960 = SHAPE_DEFINITION_REPRESENTATION(#6961,#6967);
#6961 = PRODUCT_DEFINITION_SHAPE('','',#6962);
#6962 = PRODUCT_DEFINITION('design','',#6963,#6966);
#6963 = PRODUCT_DEFINITION_FORMATION('','',#6964);
#6964 = PRODUCT('lumber_leg_bolt_right_3_spacer',
  'lumber_leg_bolt_right_3_spacer','',(#6965));
#6965 = PRODUCT_CONTEXT('',#2,'mechanical');
#6966 = PRODUCT_DEFINITION_CONTEXT('part definition',#2,'design');
#6967 = ADVANCED_BREP_SHAPE_REPRESENTATION('',(#11,#6968),#7150);
#6968 = MANIFOLD_SOLID_BREP('',#6969);
#6969 = CLOSED_SHELL('',(#6970,#7058,#7093,#7123));
#6970 = ADVANCED_FACE('',(#6971),#6984,.T.);
#6971 = FACE_BOUND('',#6972,.T.);
#6972 = EDGE_LOOP('',(#6973,#7007,#7030,#7057));
#6973 = ORIENTED_EDGE('',*,*,#6974,.F.);
#6974 = EDGE_CURVE('',#6975,#6975,#6977,.T.);
#6975 = VERTEX_POINT('',#6976);
#6976 = CARTESIAN_POINT('',(1.1557E+03,959.43732276569,
    1.561181121801E+03));
#6977 = SURFACE_CURVE('',#6978,(#6983,#6995),.PCURVE_S1.);
#6978 = CIRCLE('',#6979,10.);
#6979 = AXIS2_PLACEMENT_3D('',#6980,#6981,#6982);
#6980 = CARTESIAN_POINT('',(1.1557E+03,959.43732276569,
    1.571181121801E+03));
#6981 = DIRECTION('',(-1.,-0.,-0.));
#6982 = DIRECTION('',(0.,0.,-1.));
#6983 = PCURVE('',#6984,#6989);
#6984 = CYLINDRICAL_SURFACE('',#6985,10.);
#6985 = AXIS2_PLACEMENT_3D('',#6986,#6987,#6988);
#6986 = CARTESIAN_POINT('',(1.17475E+03,959.43732276569,
    1.571181121801E+03));
#6987 = DIRECTION('',(-1.,-0.,-0.));
#6988 = DIRECTION('',(0.,0.,-1.));
#6989 = DEFINITIONAL_REPRESENTATION('',(#6990),#6994);
#6990 = LINE('',#6991,#6992);
#6991 = CARTESIAN_POINT('',(0.,19.05));
#6992 = VECTOR('',#6993,1.);
#6993 = DIRECTION('',(1.,0.));
#6994 = ( GEOMETRIC_REPRESENTATION_CONTEXT(2) 
PARAMETRIC_REPRESENTATION_CONTEXT() REPRESENTATION_CONTEXT('2D SPACE',''
  ) );
#6995 = PCURVE('',#6996,#7001);
#6996 = PLANE('',#6997);
#6997 = AXIS2_PLACEMENT_3D('',#6998,#6999,#7000);
#6998 = CARTESIAN_POINT('',(1.1557E+03,959.43732276569,
    1.571181121801E+03));
#6999 = DIRECTION('',(-1.,-0.,-0.));
#7000 = DIRECTION('',(0.,0.,-1.));
#7001 = DEFINITIONAL_REPRESENTATION('',(#7002),#7006);
#7002 = CIRCLE('',#7003,10.);
#7003 = AXIS2_PLACEMENT_2D('',#7004,#7005);
#7004 = CARTESIAN_POINT('',(0.,0.));
#7005 = DIRECTION('',(1.,0.));
#7006 = ( GEOMETRIC_REPRESENTATION_CONTEXT(2) 
PARAMETRIC_REPRESENTATION_CONTEXT() REPRESENTATION_CONTEXT('2D SPACE',''
  ) );
#7007 = ORIENTED_EDGE('',*,*,#7008,.F.);
#7008 = EDGE_CURVE('',#7009,#6975,#7011,.T.);
#7009 = VERTEX_POINT('',#7010);
#7010 = CARTESIAN_POINT('',(1.17475E+03,959.43732276569,
    1.561181121801E+03));
#7011 = SEAM_CURVE('',#7012,(#7016,#7023),.PCURVE_S1.);
#7012 = LINE('',#7013,#7014);
#7013 = CARTESIAN_POINT('',(1.17475E+03,959.43732276569,
    1.561181121801E+03));
#7014 = VECTOR('',#7015,1.);
#7015 = DIRECTION('',(-1.,0.,-0.));
#7016 = PCURVE('',#6984,#7017);
#7017 = DEFINITIONAL_REPRESENTATION('',(#7018),#7022);
#7018 = LINE('',#7019,#7020);
#7019 = CARTESIAN_POINT('',(6.28318530718,-0.));
#7020 = VECTOR('',#7021,1.);
#7021 = DIRECTION('',(0.,1.));
#7022 = ( GEOMETRIC_REPRESENTATION_CONTEXT(2) 
PARAMETRIC_REPRESENTATION_CONTEXT() REPRESENTATION_CONTEXT('2D SPACE',''
  ) );
#7023 = PCURVE('',#6984,#7024);
#7024 = DEFINITIONAL_REPRESENTATION('',(#7025),#7029);
#7025 = LINE('',#7026,#7027);
#7026 = CARTESIAN_POINT('',(0.,-0.));
#7027 = VECTOR('',#7028,1.);
#7028 = DIRECTION('',(0.,1.));
#7029 = ( GEOMETRIC_REPRESENTATION_CONTEXT(2) 
PARAMETRIC_REPRESENTATION_CONTEXT() REPRESENTATION_CONTEXT('2D SPACE',''
  ) );
#7030 = ORIENTED_EDGE('',*,*,#7031,.T.);
#7031 = EDGE_CURVE('',#7009,#7009,#7032,.T.);
#7032 = SURFACE_CURVE('',#7033,(#7038,#7045),.PCURVE_S1.);
#7033 = CIRCLE('',#7034,10.);
#7034 = AXIS2_PLACEMENT_3D('',#7035,#7036,#7037);
#7035 = CARTESIAN_POINT('',(1.17475E+03,959.43732276569,
    1.571181121801E+03));
#7036 = DIRECTION('',(-1.,-0.,-0.));
#7037 = DIRECTION('',(0.,0.,-1.));
#7038 = PCURVE('',#6984,#7039);
#7039 = DEFINITIONAL_REPRESENTATION('',(#7040),#7044);
#7040 = LINE('',#7041,#7042);
#7041 = CARTESIAN_POINT('',(0.,0.));
#7042 = VECTOR('',#7043,1.);
#7043 = DIRECTION('',(1.,0.));
#7044 = ( GEOMETRIC_REPRESENTATION_CONTEXT(2) 
PARAMETRIC_REPRESENTATION_CONTEXT() REPRESENTATION_CONTEXT('2D SPACE',''
  ) );
#7045 = PCURVE('',#7046,#7051);
#7046 = PLANE('',#7047);
#7047 = AXIS2_PLACEMENT_3D('',#7048,#7049,#7050);
#7048 = CARTESIAN_POINT('',(1.17475E+03,959.43732276569,
    1.571181121801E+03));
#7049 = DIRECTION('',(-1.,-0.,-0.));
#7050 = DIRECTION('',(0.,0.,-1.));
#7051 = DEFINITIONAL_REPRESENTATION('',(#7052),#7056);
#7052 = CIRCLE('',#7053,10.);
#7053 = AXIS2_PLACEMENT_2D('',#7054,#7055);
#7054 = CARTESIAN_POINT('',(0.,0.));
#7055 = DIRECTION('',(1.,0.));
#7056 = ( GEOMETRIC_REPRESENTATION_CONTEXT(2) 
PARAMETRIC_REPRESENTATION_CONTEXT() REPRESENTATION_CONTEXT('2D SPACE',''
  ) );
#7057 = ORIENTED_EDGE('',*,*,#7008,.T.);
#7058 = ADVANCED_FACE('',(#7059,#7062),#6996,.T.);
#7059 = FACE_BOUND('',#7060,.T.);
#7060 = EDGE_LOOP('',(#7061));
#7061 = ORIENTED_EDGE('',*,*,#6974,.T.);
#7062 = FACE_BOUND('',#7063,.T.);
#7063 = EDGE_LOOP('',(#7064));
#7064 = ORIENTED_EDGE('',*,*,#7065,.F.);
#7065 = EDGE_CURVE('',#7066,#7066,#7068,.T.);
#7066 = VERTEX_POINT('',#7067);
#7067 = CARTESIAN_POINT('',(1.1557E+03,959.43732276569,
    1.565624871801E+03));
#7068 = SURFACE_CURVE('',#7069,(#7074,#7081),.PCURVE_S1.);
#7069 = CIRCLE('',#7070,5.55625);
#7070 = AXIS2_PLACEMENT_3D('',#7071,#7072,#7073);
#7071 = CARTESIAN_POINT('',(1.1557E+03,959.43732276569,
    1.571181121801E+03));
#7072 = DIRECTION('',(-1.,-0.,-0.));
#7073 = DIRECTION('',(0.,0.,-1.));
#7074 = PCURVE('',#6996,#7075);
#7075 = DEFINITIONAL_REPRESENTATION('',(#7076),#7080);
#7076 = CIRCLE('',#7077,5.55625);
#7077 = AXIS2_PLACEMENT_2D('',#7078,#7079);
#7078 = CARTESIAN_POINT('',(0.,0.));
#7079 = DIRECTION('',(1.,0.));
#7080 = ( GEOMETRIC_REPRESENTATION_CONTEXT(2) 
PARAMETRIC_REPRESENTATION_CONTEXT() REPRESENTATION_CONTEXT('2D SPACE',''
  ) );
#7081 = PCURVE('',#7082,#7087);
#7082 = CYLINDRICAL_SURFACE('',#7083,5.55625);
#7083 = AXIS2_PLACEMENT_3D('',#7084,#7085,#7086);
#7084 = CARTESIAN_POINT('',(1.17475E+03,959.43732276569,
    1.571181121801E+03));
#7085 = DIRECTION('',(-1.,-0.,-0.));
#7086 = DIRECTION('',(0.,0.,-1.));
#7087 = DEFINITIONAL_REPRESENTATION('',(#7088),#7092);
#7088 = LINE('',#7089,#7090);
#7089 = CARTESIAN_POINT('',(0.,19.05));
#7090 = VECTOR('',#7091,1.);
#7091 = DIRECTION('',(1.,0.));
#7092 = ( GEOMETRIC_REPRESENTATION_CONTEXT(2) 
PARAMETRIC_REPRESENTATION_CONTEXT() REPRESENTATION_CONTEXT('2D SPACE',''
  ) );
#7093 = ADVANCED_FACE('',(#7094,#7097),#7046,.F.);
#7094 = FACE_BOUND('',#7095,.F.);
#7095 = EDGE_LOOP('',(#7096));
#7096 = ORIENTED_EDGE('',*,*,#7031,.T.);
#7097 = FACE_BOUND('',#7098,.F.);
#7098 = EDGE_LOOP('',(#7099));
#7099 = ORIENTED_EDGE('',*,*,#7100,.F.);
#7100 = EDGE_CURVE('',#7101,#7101,#7103,.T.);
#7101 = VERTEX_POINT('',#7102);
#7102 = CARTESIAN_POINT('',(1.17475E+03,959.43732276569,
    1.565624871801E+03));
#7103 = SURFACE_CURVE('',#7104,(#7109,#7116),.PCURVE_S1.);
#7104 = CIRCLE('',#7105,5.55625);
#7105 = AXIS2_PLACEMENT_3D('',#7106,#7107,#7108);
#7106 = CARTESIAN_POINT('',(1.17475E+03,959.43732276569,
    1.571181121801E+03));
#7107 = DIRECTION('',(-1.,-0.,-0.));
#7108 = DIRECTION('',(0.,0.,-1.));
#7109 = PCURVE('',#7046,#7110);
#7110 = DEFINITIONAL_REPRESENTATION('',(#7111),#7115);
#7111 = CIRCLE('',#7112,5.55625);
#7112 = AXIS2_PLACEMENT_2D('',#7113,#7114);
#7113 = CARTESIAN_POINT('',(0.,0.));
#7114 = DIRECTION('',(1.,0.));
#7115 = ( GEOMETRIC_REPRESENTATION_CONTEXT(2) 
PARAMETRIC_REPRESENTATION_CONTEXT() REPRESENTATION_CONTEXT('2D SPACE',''
  ) );
#7116 = PCURVE('',#7082,#7117);
#7117 = DEFINITIONAL_REPRESENTATION('',(#7118),#7122);
#7118 = LINE('',#7119,#7120);
#7119 = CARTESIAN_POINT('',(0.,0.));
#7120 = VECTOR('',#7121,1.);
#7121 = DIRECTION('',(1.,0.));
#7122 = ( GEOMETRIC_REPRESENTATION_CONTEXT(2) 
PARAMETRIC_REPRESENTATION_CONTEXT() REPRESENTATION_CONTEXT('2D SPACE',''
  ) );
#7123 = ADVANCED_FACE('',(#7124),#7082,.F.);
#7124 = FACE_BOUND('',#7125,.F.);
#7125 = EDGE_LOOP('',(#7126,#7127,#7148,#7149));
#7126 = ORIENTED_EDGE('',*,*,#7065,.F.);
#7127 = ORIENTED_EDGE('',*,*,#7128,.F.);
#7128 = EDGE_CURVE('',#7101,#7066,#7129,.T.);
#7129 = SEAM_CURVE('',#7130,(#7134,#7141),.PCURVE_S1.);
#7130 = LINE('',#7131,#7132);
#7131 = CARTESIAN_POINT('',(1.17475E+03,959.43732276569,
    1.565624871801E+03));
#7132 = VECTOR('',#7133,1.);
#7133 = DIRECTION('',(-1.,0.,-0.));
#7134 = PCURVE('',#7082,#7135);
#7135 = DEFINITIONAL_REPRESENTATION('',(#7136),#7140);
#7136 = LINE('',#7137,#7138);
#7137 = CARTESIAN_POINT('',(6.28318530718,-0.));
#7138 = VECTOR('',#7139,1.);
#7139 = DIRECTION('',(0.,1.));
#7140 = ( GEOMETRIC_REPRESENTATION_CONTEXT(2) 
PARAMETRIC_REPRESENTATION_CONTEXT() REPRESENTATION_CONTEXT('2D SPACE',''
  ) );
#7141 = PCURVE('',#7082,#7142);
#7142 = DEFINITIONAL_REPRESENTATION('',(#7143),#7147);
#7143 = LINE('',#7144,#7145);
#7144 = CARTESIAN_POINT('',(0.,-0.));
#7145 = VECTOR('',#7146,1.);
#7146 = DIRECTION('',(0.,1.));
#7147 = ( GEOMETRIC_REPRESENTATION_CONTEXT(2) 
PARAMETRIC_REPRESENTATION_CONTEXT() REPRESENTATION_CONTEXT('2D SPACE',''
  ) );
#7148 = ORIENTED_EDGE('',*,*,#7100,.T.);
#7149 = ORIENTED_EDGE('',*,*,#7128,.T.);
#7150 = ( GEOMETRIC_REPRESENTATION_CONTEXT(3) 
GLOBAL_UNCERTAINTY_ASSIGNED_CONTEXT((#7154)) 
GLOBAL_UNIT_ASSIGNED_CONTEXT((#7151,#7152,#7153)) REPRESENTATION_CONTEXT
('Context #1','3D Context with UNIT and UNCERTAINTY') );
#7151 = ( LENGTH_UNIT() NAMED_UNIT(*) SI_UNIT(.MILLI.,.METRE.) );
#7152 = ( NAMED_UNIT(*) PLANE_ANGLE_UNIT() SI_UNIT($,.RADIAN.) );
#7153 = ( NAMED_UNIT(*) SI_UNIT($,.STERADIAN.) SOLID_ANGLE_UNIT() );
#7154 = UNCERTAINTY_MEASURE_WITH_UNIT(LENGTH_MEASURE(1.E-07),#7151,
  'distance_accuracy_value','confusion accuracy');
#7155 = CONTEXT_DEPENDENT_SHAPE_REPRESENTATION(#7156,#7158);
#7156 = ( REPRESENTATION_RELATIONSHIP('','',#6967,#10) 
REPRESENTATION_RELATIONSHIP_WITH_TRANSFORMATION(#7157) 
SHAPE_REPRESENTATION_RELATIONSHIP() );
#7157 = ITEM_DEFINED_TRANSFORMATION('','',#11,#171);
#7158 = PRODUCT_DEFINITION_SHAPE('Placement','Placement of an item',
  #7159);
#7159 = NEXT_ASSEMBLY_USAGE_OCCURRENCE('40',
  'lumber_leg_bolt_right_3_spacer','',#5,#6962,$);
#7160 = PRODUCT_RELATED_PRODUCT_CATEGORY('part',$,(#6964));
#7161 = SHAPE_DEFINITION_REPRESENTATION(#7162,#7168);
#7162 = PRODUCT_DEFINITION_SHAPE('','',#7163);
#7163 = PRODUCT_DEFINITION('design','',#7164,#7167);
#7164 = PRODUCT_DEFINITION_FORMATION('','',#7165);
#7165 = PRODUCT('lumber_leg_bolt_right_3_head',
  'lumber_leg_bolt_right_3_head','',(#7166));
#7166 = PRODUCT_CONTEXT('',#2,'mechanical');
#7167 = PRODUCT_DEFINITION_CONTEXT('part definition',#2,'design');
#7168 = ADVANCED_BREP_SHAPE_REPRESENTATION('',(#11,#7169),#7267);
#7169 = MANIFOLD_SOLID_BREP('',#7170);
#7170 = CLOSED_SHELL('',(#7171,#7259,#7263));
#7171 = ADVANCED_FACE('',(#7172),#7185,.T.);
#7172 = FACE_BOUND('',#7173,.T.);
#7173 = EDGE_LOOP('',(#7174,#7208,#7231,#7258));
#7174 = ORIENTED_EDGE('',*,*,#7175,.F.);
#7175 = EDGE_CURVE('',#7176,#7176,#7178,.T.);
#7176 = VERTEX_POINT('',#7177);
#7177 = CARTESIAN_POINT('',(1.2704572E+03,959.43732276569,
    1.579436121801E+03));
#7178 = SURFACE_CURVE('',#7179,(#7184,#7196),.PCURVE_S1.);
#7179 = CIRCLE('',#7180,8.255);
#7180 = AXIS2_PLACEMENT_3D('',#7181,#7182,#7183);
#7181 = CARTESIAN_POINT('',(1.2704572E+03,959.43732276569,
    1.571181121801E+03));
#7182 = DIRECTION('',(1.,0.,0.));
#7183 = DIRECTION('',(-0.,0.,1.));
#7184 = PCURVE('',#7185,#7190);
#7185 = CYLINDRICAL_SURFACE('',#7186,8.255);
#7186 = AXIS2_PLACEMENT_3D('',#7187,#7188,#7189);
#7187 = CARTESIAN_POINT('',(1.26365E+03,959.43732276569,
    1.571181121801E+03));
#7188 = DIRECTION('',(1.,0.,0.));
#7189 = DIRECTION('',(-0.,0.,1.));
#7190 = DEFINITIONAL_REPRESENTATION('',(#7191),#7195);
#7191 = LINE('',#7192,#7193);
#7192 = CARTESIAN_POINT('',(0.,6.8072));
#7193 = VECTOR('',#7194,1.);
#7194 = DIRECTION('',(1.,0.));
#7195 = ( GEOMETRIC_REPRESENTATION_CONTEXT(2) 
PARAMETRIC_REPRESENTATION_CONTEXT() REPRESENTATION_CONTEXT('2D SPACE',''
  ) );
#7196 = PCURVE('',#7197,#7202);
#7197 = PLANE('',#7198);
#7198 = AXIS2_PLACEMENT_3D('',#7199,#7200,#7201);
#7199 = CARTESIAN_POINT('',(1.2704572E+03,959.43732276569,
    1.571181121801E+03));
#7200 = DIRECTION('',(1.,0.,0.));
#7201 = DIRECTION('',(-0.,0.,1.));
#7202 = DEFINITIONAL_REPRESENTATION('',(#7203),#7207);
#7203 = CIRCLE('',#7204,8.255);
#7204 = AXIS2_PLACEMENT_2D('',#7205,#7206);
#7205 = CARTESIAN_POINT('',(0.,0.));
#7206 = DIRECTION('',(1.,0.));
#7207 = ( GEOMETRIC_REPRESENTATION_CONTEXT(2) 
PARAMETRIC_REPRESENTATION_CONTEXT() REPRESENTATION_CONTEXT('2D SPACE',''
  ) );
#7208 = ORIENTED_EDGE('',*,*,#7209,.F.);
#7209 = EDGE_CURVE('',#7210,#7176,#7212,.T.);
#7210 = VERTEX_POINT('',#7211);
#7211 = CARTESIAN_POINT('',(1.26365E+03,959.43732276569,
    1.579436121801E+03));
#7212 = SEAM_CURVE('',#7213,(#7217,#7224),.PCURVE_S1.);
#7213 = LINE('',#7214,#7215);
#7214 = CARTESIAN_POINT('',(1.26365E+03,959.43732276569,
    1.579436121801E+03));
#7215 = VECTOR('',#7216,1.);
#7216 = DIRECTION('',(1.,0.,0.));
#7217 = PCURVE('',#7185,#7218);
#7218 = DEFINITIONAL_REPRESENTATION('',(#7219),#7223);
#7219 = LINE('',#7220,#7221);
#7220 = CARTESIAN_POINT('',(6.28318530718,-0.));
#7221 = VECTOR('',#7222,1.);
#7222 = DIRECTION('',(0.,1.));
#7223 = ( GEOMETRIC_REPRESENTATION_CONTEXT(2) 
PARAMETRIC_REPRESENTATION_CONTEXT() REPRESENTATION_CONTEXT('2D SPACE',''
  ) );
#7224 = PCURVE('',#7185,#7225);
#7225 = DEFINITIONAL_REPRESENTATION('',(#7226),#7230);
#7226 = LINE('',#7227,#7228);
#7227 = CARTESIAN_POINT('',(0.,-0.));
#7228 = VECTOR('',#7229,1.);
#7229 = DIRECTION('',(0.,1.));
#7230 = ( GEOMETRIC_REPRESENTATION_CONTEXT(2) 
PARAMETRIC_REPRESENTATION_CONTEXT() REPRESENTATION_CONTEXT('2D SPACE',''
  ) );
#7231 = ORIENTED_EDGE('',*,*,#7232,.T.);
#7232 = EDGE_CURVE('',#7210,#7210,#7233,.T.);
#7233 = SURFACE_CURVE('',#7234,(#7239,#7246),.PCURVE_S1.);
#7234 = CIRCLE('',#7235,8.255);
#7235 = AXIS2_PLACEMENT_3D('',#7236,#7237,#7238);
#7236 = CARTESIAN_POINT('',(1.26365E+03,959.43732276569,
    1.571181121801E+03));
#7237 = DIRECTION('',(1.,0.,0.));
#7238 = DIRECTION('',(-0.,0.,1.));
#7239 = PCURVE('',#7185,#7240);
#7240 = DEFINITIONAL_REPRESENTATION('',(#7241),#7245);
#7241 = LINE('',#7242,#7243);
#7242 = CARTESIAN_POINT('',(0.,0.));
#7243 = VECTOR('',#7244,1.);
#7244 = DIRECTION('',(1.,0.));
#7245 = ( GEOMETRIC_REPRESENTATION_CONTEXT(2) 
PARAMETRIC_REPRESENTATION_CONTEXT() REPRESENTATION_CONTEXT('2D SPACE',''
  ) );
#7246 = PCURVE('',#7247,#7252);
#7247 = PLANE('',#7248);
#7248 = AXIS2_PLACEMENT_3D('',#7249,#7250,#7251);
#7249 = CARTESIAN_POINT('',(1.26365E+03,959.43732276569,
    1.571181121801E+03));
#7250 = DIRECTION('',(1.,0.,0.));
#7251 = DIRECTION('',(-0.,0.,1.));
#7252 = DEFINITIONAL_REPRESENTATION('',(#7253),#7257);
#7253 = CIRCLE('',#7254,8.255);
#7254 = AXIS2_PLACEMENT_2D('',#7255,#7256);
#7255 = CARTESIAN_POINT('',(0.,0.));
#7256 = DIRECTION('',(1.,0.));
#7257 = ( GEOMETRIC_REPRESENTATION_CONTEXT(2) 
PARAMETRIC_REPRESENTATION_CONTEXT() REPRESENTATION_CONTEXT('2D SPACE',''
  ) );
#7258 = ORIENTED_EDGE('',*,*,#7209,.T.);
#7259 = ADVANCED_FACE('',(#7260),#7197,.T.);
#7260 = FACE_BOUND('',#7261,.T.);
#7261 = EDGE_LOOP('',(#7262));
#7262 = ORIENTED_EDGE('',*,*,#7175,.T.);
#7263 = ADVANCED_FACE('',(#7264),#7247,.F.);
#7264 = FACE_BOUND('',#7265,.T.);
#7265 = EDGE_LOOP('',(#7266));
#7266 = ORIENTED_EDGE('',*,*,#7232,.F.);
#7267 = ( GEOMETRIC_REPRESENTATION_CONTEXT(3) 
GLOBAL_UNCERTAINTY_ASSIGNED_CONTEXT((#7271)) 
GLOBAL_UNIT_ASSIGNED_CONTEXT((#7268,#7269,#7270)) REPRESENTATION_CONTEXT
('Context #1','3D Context with UNIT and UNCERTAINTY') );
#7268 = ( LENGTH_UNIT() NAMED_UNIT(*) SI_UNIT(.MILLI.,.METRE.) );
#7269 = ( NAMED_UNIT(*) PLANE_ANGLE_UNIT() SI_UNIT($,.RADIAN.) );
#7270 = ( NAMED_UNIT(*) SI_UNIT($,.STERADIAN.) SOLID_ANGLE_UNIT() );
#7271 = UNCERTAINTY_MEASURE_WITH_UNIT(LENGTH_MEASURE(1.E-07),#7268,
  'distance_accuracy_value','confusion accuracy');
#7272 = CONTEXT_DEPENDENT_SHAPE_REPRESENTATION(#7273,#7275);
#7273 = ( REPRESENTATION_RELATIONSHIP('','',#7168,#10) 
REPRESENTATION_RELATIONSHIP_WITH_TRANSFORMATION(#7274) 
SHAPE_REPRESENTATION_RELATIONSHIP() );
#7274 = ITEM_DEFINED_TRANSFORMATION('','',#11,#175);
#7275 = PRODUCT_DEFINITION_SHAPE('Placement','Placement of an item',
  #7276);
#7276 = NEXT_ASSEMBLY_USAGE_OCCURRENCE('41',
  'lumber_leg_bolt_right_3_head','',#5,#7163,$);
#7277 = PRODUCT_RELATED_PRODUCT_CATEGORY('part',$,(#7165));
#7278 = SHAPE_DEFINITION_REPRESENTATION(#7279,#7285);
#7279 = PRODUCT_DEFINITION_SHAPE('','',#7280);
#7280 = PRODUCT_DEFINITION('design','',#7281,#7284);
#7281 = PRODUCT_DEFINITION_FORMATION('','',#7282);
#7282 = PRODUCT('lumber_leg_bolt_right_3_nut',
  'lumber_leg_bolt_right_3_nut','',(#7283));
#7283 = PRODUCT_CONTEXT('',#2,'mechanical');
#7284 = PRODUCT_DEFINITION_CONTEXT('part definition',#2,'design');
#7285 = ADVANCED_BREP_SHAPE_REPRESENTATION('',(#11,#7286),#7468);
#7286 = MANIFOLD_SOLID_BREP('',#7287);
#7287 = CLOSED_SHELL('',(#7288,#7376,#7411,#7441));
#7288 = ADVANCED_FACE('',(#7289),#7302,.T.);
#7289 = FACE_BOUND('',#7290,.T.);
#7290 = EDGE_LOOP('',(#7291,#7325,#7348,#7375));
#7291 = ORIENTED_EDGE('',*,*,#7292,.F.);
#7292 = EDGE_CURVE('',#7293,#7293,#7295,.T.);
#7293 = VERTEX_POINT('',#7294);
#7294 = CARTESIAN_POINT('',(1.1471402E+03,959.43732276569,
    1.562926121801E+03));
#7295 = SURFACE_CURVE('',#7296,(#7301,#7313),.PCURVE_S1.);
#7296 = CIRCLE('',#7297,8.255);
#7297 = AXIS2_PLACEMENT_3D('',#7298,#7299,#7300);
#7298 = CARTESIAN_POINT('',(1.1471402E+03,959.43732276569,
    1.571181121801E+03));
#7299 = DIRECTION('',(-1.,-0.,-0.));
#7300 = DIRECTION('',(0.,0.,-1.));
#7301 = PCURVE('',#7302,#7307);
#7302 = CYLINDRICAL_SURFACE('',#7303,8.255);
#7303 = AXIS2_PLACEMENT_3D('',#7304,#7305,#7306);
#7304 = CARTESIAN_POINT('',(1.1557E+03,959.43732276569,
    1.571181121801E+03));
#7305 = DIRECTION('',(-1.,-0.,-0.));
#7306 = DIRECTION('',(0.,0.,-1.));
#7307 = DEFINITIONAL_REPRESENTATION('',(#7308),#7312);
#7308 = LINE('',#7309,#7310);
#7309 = CARTESIAN_POINT('',(0.,8.5598));
#7310 = VECTOR('',#7311,1.);
#7311 = DIRECTION('',(1.,0.));
#7312 = ( GEOMETRIC_REPRESENTATION_CONTEXT(2) 
PARAMETRIC_REPRESENTATION_CONTEXT() REPRESENTATION_CONTEXT('2D SPACE',''
  ) );
#7313 = PCURVE('',#7314,#7319);
#7314 = PLANE('',#7315);
#7315 = AXIS2_PLACEMENT_3D('',#7316,#7317,#7318);
#7316 = CARTESIAN_POINT('',(1.1471402E+03,959.43732276569,
    1.571181121801E+03));
#7317 = DIRECTION('',(-1.,-0.,-0.));
#7318 = DIRECTION('',(0.,0.,-1.));
#7319 = DEFINITIONAL_REPRESENTATION('',(#7320),#7324);
#7320 = CIRCLE('',#7321,8.255);
#7321 = AXIS2_PLACEMENT_2D('',#7322,#7323);
#7322 = CARTESIAN_POINT('',(0.,0.));
#7323 = DIRECTION('',(1.,0.));
#7324 = ( GEOMETRIC_REPRESENTATION_CONTEXT(2) 
PARAMETRIC_REPRESENTATION_CONTEXT() REPRESENTATION_CONTEXT('2D SPACE',''
  ) );
#7325 = ORIENTED_EDGE('',*,*,#7326,.F.);
#7326 = EDGE_CURVE('',#7327,#7293,#7329,.T.);
#7327 = VERTEX_POINT('',#7328);
#7328 = CARTESIAN_POINT('',(1.1557E+03,959.43732276569,
    1.562926121801E+03));
#7329 = SEAM_CURVE('',#7330,(#7334,#7341),.PCURVE_S1.);
#7330 = LINE('',#7331,#7332);
#7331 = CARTESIAN_POINT('',(1.1557E+03,959.43732276569,
    1.562926121801E+03));
#7332 = VECTOR('',#7333,1.);
#7333 = DIRECTION('',(-1.,0.,-0.));
#7334 = PCURVE('',#7302,#7335);
#7335 = DEFINITIONAL_REPRESENTATION('',(#7336),#7340);
#7336 = LINE('',#7337,#7338);
#7337 = CARTESIAN_POINT('',(6.28318530718,-0.));
#7338 = VECTOR('',#7339,1.);
#7339 = DIRECTION('',(0.,1.));
#7340 = ( GEOMETRIC_REPRESENTATION_CONTEXT(2) 
PARAMETRIC_REPRESENTATION_CONTEXT() REPRESENTATION_CONTEXT('2D SPACE',''
  ) );
#7341 = PCURVE('',#7302,#7342);
#7342 = DEFINITIONAL_REPRESENTATION('',(#7343),#7347);
#7343 = LINE('',#7344,#7345);
#7344 = CARTESIAN_POINT('',(0.,-0.));
#7345 = VECTOR('',#7346,1.);
#7346 = DIRECTION('',(0.,1.));
#7347 = ( GEOMETRIC_REPRESENTATION_CONTEXT(2) 
PARAMETRIC_REPRESENTATION_CONTEXT() REPRESENTATION_CONTEXT('2D SPACE',''
  ) );
#7348 = ORIENTED_EDGE('',*,*,#7349,.T.);
#7349 = EDGE_CURVE('',#7327,#7327,#7350,.T.);
#7350 = SURFACE_CURVE('',#7351,(#7356,#7363),.PCURVE_S1.);
#7351 = CIRCLE('',#7352,8.255);
#7352 = AXIS2_PLACEMENT_3D('',#7353,#7354,#7355);
#7353 = CARTESIAN_POINT('',(1.1557E+03,959.43732276569,
    1.571181121801E+03));
#7354 = DIRECTION('',(-1.,-0.,-0.));
#7355 = DIRECTION('',(0.,0.,-1.));
#7356 = PCURVE('',#7302,#7357);
#7357 = DEFINITIONAL_REPRESENTATION('',(#7358),#7362);
#7358 = LINE('',#7359,#7360);
#7359 = CARTESIAN_POINT('',(0.,0.));
#7360 = VECTOR('',#7361,1.);
#7361 = DIRECTION('',(1.,0.));
#7362 = ( GEOMETRIC_REPRESENTATION_CONTEXT(2) 
PARAMETRIC_REPRESENTATION_CONTEXT() REPRESENTATION_CONTEXT('2D SPACE',''
  ) );
#7363 = PCURVE('',#7364,#7369);
#7364 = PLANE('',#7365);
#7365 = AXIS2_PLACEMENT_3D('',#7366,#7367,#7368);
#7366 = CARTESIAN_POINT('',(1.1557E+03,959.43732276569,
    1.571181121801E+03));
#7367 = DIRECTION('',(-1.,-0.,-0.));
#7368 = DIRECTION('',(0.,0.,-1.));
#7369 = DEFINITIONAL_REPRESENTATION('',(#7370),#7374);
#7370 = CIRCLE('',#7371,8.255);
#7371 = AXIS2_PLACEMENT_2D('',#7372,#7373);
#7372 = CARTESIAN_POINT('',(0.,0.));
#7373 = DIRECTION('',(1.,0.));
#7374 = ( GEOMETRIC_REPRESENTATION_CONTEXT(2) 
PARAMETRIC_REPRESENTATION_CONTEXT() REPRESENTATION_CONTEXT('2D SPACE',''
  ) );
#7375 = ORIENTED_EDGE('',*,*,#7326,.T.);
#7376 = ADVANCED_FACE('',(#7377,#7380),#7314,.T.);
#7377 = FACE_BOUND('',#7378,.T.);
#7378 = EDGE_LOOP('',(#7379));
#7379 = ORIENTED_EDGE('',*,*,#7292,.T.);
#7380 = FACE_BOUND('',#7381,.T.);
#7381 = EDGE_LOOP('',(#7382));
#7382 = ORIENTED_EDGE('',*,*,#7383,.F.);
#7383 = EDGE_CURVE('',#7384,#7384,#7386,.T.);
#7384 = VERTEX_POINT('',#7385);
#7385 = CARTESIAN_POINT('',(1.1471402E+03,959.43732276569,
    1.566253521801E+03));
#7386 = SURFACE_CURVE('',#7387,(#7392,#7399),.PCURVE_S1.);
#7387 = CIRCLE('',#7388,4.9276);
#7388 = AXIS2_PLACEMENT_3D('',#7389,#7390,#7391);
#7389 = CARTESIAN_POINT('',(1.1471402E+03,959.43732276569,
    1.571181121801E+03));
#7390 = DIRECTION('',(-1.,-0.,-0.));
#7391 = DIRECTION('',(0.,0.,-1.));
#7392 = PCURVE('',#7314,#7393);
#7393 = DEFINITIONAL_REPRESENTATION('',(#7394),#7398);
#7394 = CIRCLE('',#7395,4.9276);
#7395 = AXIS2_PLACEMENT_2D('',#7396,#7397);
#7396 = CARTESIAN_POINT('',(0.,0.));
#7397 = DIRECTION('',(1.,0.));
#7398 = ( GEOMETRIC_REPRESENTATION_CONTEXT(2) 
PARAMETRIC_REPRESENTATION_CONTEXT() REPRESENTATION_CONTEXT('2D SPACE',''
  ) );
#7399 = PCURVE('',#7400,#7405);
#7400 = CYLINDRICAL_SURFACE('',#7401,4.9276);
#7401 = AXIS2_PLACEMENT_3D('',#7402,#7403,#7404);
#7402 = CARTESIAN_POINT('',(1.1557E+03,959.43732276569,
    1.571181121801E+03));
#7403 = DIRECTION('',(-1.,-0.,-0.));
#7404 = DIRECTION('',(0.,0.,-1.));
#7405 = DEFINITIONAL_REPRESENTATION('',(#7406),#7410);
#7406 = LINE('',#7407,#7408);
#7407 = CARTESIAN_POINT('',(0.,8.5598));
#7408 = VECTOR('',#7409,1.);
#7409 = DIRECTION('',(1.,0.));
#7410 = ( GEOMETRIC_REPRESENTATION_CONTEXT(2) 
PARAMETRIC_REPRESENTATION_CONTEXT() REPRESENTATION_CONTEXT('2D SPACE',''
  ) );
#7411 = ADVANCED_FACE('',(#7412,#7415),#7364,.F.);
#7412 = FACE_BOUND('',#7413,.F.);
#7413 = EDGE_LOOP('',(#7414));
#7414 = ORIENTED_EDGE('',*,*,#7349,.T.);
#7415 = FACE_BOUND('',#7416,.F.);
#7416 = EDGE_LOOP('',(#7417));
#7417 = ORIENTED_EDGE('',*,*,#7418,.F.);
#7418 = EDGE_CURVE('',#7419,#7419,#7421,.T.);
#7419 = VERTEX_POINT('',#7420);
#7420 = CARTESIAN_POINT('',(1.1557E+03,959.43732276569,
    1.566253521801E+03));
#7421 = SURFACE_CURVE('',#7422,(#7427,#7434),.PCURVE_S1.);
#7422 = CIRCLE('',#7423,4.9276);
#7423 = AXIS2_PLACEMENT_3D('',#7424,#7425,#7426);
#7424 = CARTESIAN_POINT('',(1.1557E+03,959.43732276569,
    1.571181121801E+03));
#7425 = DIRECTION('',(-1.,-0.,-0.));
#7426 = DIRECTION('',(0.,0.,-1.));
#7427 = PCURVE('',#7364,#7428);
#7428 = DEFINITIONAL_REPRESENTATION('',(#7429),#7433);
#7429 = CIRCLE('',#7430,4.9276);
#7430 = AXIS2_PLACEMENT_2D('',#7431,#7432);
#7431 = CARTESIAN_POINT('',(0.,0.));
#7432 = DIRECTION('',(1.,0.));
#7433 = ( GEOMETRIC_REPRESENTATION_CONTEXT(2) 
PARAMETRIC_REPRESENTATION_CONTEXT() REPRESENTATION_CONTEXT('2D SPACE',''
  ) );
#7434 = PCURVE('',#7400,#7435);
#7435 = DEFINITIONAL_REPRESENTATION('',(#7436),#7440);
#7436 = LINE('',#7437,#7438);
#7437 = CARTESIAN_POINT('',(0.,0.));
#7438 = VECTOR('',#7439,1.);
#7439 = DIRECTION('',(1.,0.));
#7440 = ( GEOMETRIC_REPRESENTATION_CONTEXT(2) 
PARAMETRIC_REPRESENTATION_CONTEXT() REPRESENTATION_CONTEXT('2D SPACE',''
  ) );
#7441 = ADVANCED_FACE('',(#7442),#7400,.F.);
#7442 = FACE_BOUND('',#7443,.F.);
#7443 = EDGE_LOOP('',(#7444,#7445,#7466,#7467));
#7444 = ORIENTED_EDGE('',*,*,#7383,.F.);
#7445 = ORIENTED_EDGE('',*,*,#7446,.F.);
#7446 = EDGE_CURVE('',#7419,#7384,#7447,.T.);
#7447 = SEAM_CURVE('',#7448,(#7452,#7459),.PCURVE_S1.);
#7448 = LINE('',#7449,#7450);
#7449 = CARTESIAN_POINT('',(1.1557E+03,959.43732276569,
    1.566253521801E+03));
#7450 = VECTOR('',#7451,1.);
#7451 = DIRECTION('',(-1.,0.,-0.));
#7452 = PCURVE('',#7400,#7453);
#7453 = DEFINITIONAL_REPRESENTATION('',(#7454),#7458);
#7454 = LINE('',#7455,#7456);
#7455 = CARTESIAN_POINT('',(6.28318530718,-0.));
#7456 = VECTOR('',#7457,1.);
#7457 = DIRECTION('',(0.,1.));
#7458 = ( GEOMETRIC_REPRESENTATION_CONTEXT(2) 
PARAMETRIC_REPRESENTATION_CONTEXT() REPRESENTATION_CONTEXT('2D SPACE',''
  ) );
#7459 = PCURVE('',#7400,#7460);
#7460 = DEFINITIONAL_REPRESENTATION('',(#7461),#7465);
#7461 = LINE('',#7462,#7463);
#7462 = CARTESIAN_POINT('',(0.,-0.));
#7463 = VECTOR('',#7464,1.);
#7464 = DIRECTION('',(0.,1.));
#7465 = ( GEOMETRIC_REPRESENTATION_CONTEXT(2) 
PARAMETRIC_REPRESENTATION_CONTEXT() REPRESENTATION_CONTEXT('2D SPACE',''
  ) );
#7466 = ORIENTED_EDGE('',*,*,#7418,.T.);
#7467 = ORIENTED_EDGE('',*,*,#7446,.T.);
#7468 = ( GEOMETRIC_REPRESENTATION_CONTEXT(3) 
GLOBAL_UNCERTAINTY_ASSIGNED_CONTEXT((#7472)) 
GLOBAL_UNIT_ASSIGNED_CONTEXT((#7469,#7470,#7471)) REPRESENTATION_CONTEXT
('Context #1','3D Context with UNIT and UNCERTAINTY') );
#7469 = ( LENGTH_UNIT() NAMED_UNIT(*) SI_UNIT(.MILLI.,.METRE.) );
#7470 = ( NAMED_UNIT(*) PLANE_ANGLE_UNIT() SI_UNIT($,.RADIAN.) );
#7471 = ( NAMED_UNIT(*) SI_UNIT($,.STERADIAN.) SOLID_ANGLE_UNIT() );
#7472 = UNCERTAINTY_MEASURE_WITH_UNIT(LENGTH_MEASURE(1.E-07),#7469,
  'distance_accuracy_value','confusion accuracy');
#7473 = CONTEXT_DEPENDENT_SHAPE_REPRESENTATION(#7474,#7476);
#7474 = ( REPRESENTATION_RELATIONSHIP('','',#7285,#10) 
REPRESENTATION_RELATIONSHIP_WITH_TRANSFORMATION(#7475) 
SHAPE_REPRESENTATION_RELATIONSHIP() );
#7475 = ITEM_DEFINED_TRANSFORMATION('','',#11,#179);
#7476 = PRODUCT_DEFINITION_SHAPE('Placement','Placement of an item',
  #7477);
#7477 = NEXT_ASSEMBLY_USAGE_OCCURRENCE('42',
  'lumber_leg_bolt_right_3_nut','',#5,#7280,$);
#7478 = PRODUCT_RELATED_PRODUCT_CATEGORY('part',$,(#7282));
#7479 = SHAPE_DEFINITION_REPRESENTATION(#7480,#7486);
#7480 = PRODUCT_DEFINITION_SHAPE('','',#7481);
#7481 = PRODUCT_DEFINITION('design','',#7482,#7485);
#7482 = PRODUCT_DEFINITION_FORMATION('','',#7483);
#7483 = PRODUCT('lumber_leg_bolt_right_4_shaft',
  'lumber_leg_bolt_right_4_shaft','',(#7484));
#7484 = PRODUCT_CONTEXT('',#2,'mechanical');
#7485 = PRODUCT_DEFINITION_CONTEXT('part definition',#2,'design');
#7486 = ADVANCED_BREP_SHAPE_REPRESENTATION('',(#11,#7487),#7585);
#7487 = MANIFOLD_SOLID_BREP('',#7488);
#7488 = CLOSED_SHELL('',(#7489,#7577,#7581));
#7489 = ADVANCED_FACE('',(#7490),#7503,.T.);
#7490 = FACE_BOUND('',#7491,.T.);
#7491 = EDGE_LOOP('',(#7492,#7526,#7549,#7576));
#7492 = ORIENTED_EDGE('',*,*,#7493,.F.);
#7493 = EDGE_CURVE('',#7494,#7494,#7496,.T.);
#7494 = VERTEX_POINT('',#7495);
#7495 = CARTESIAN_POINT('',(1.13665E+03,991.57670325002,
    1.604555743957E+03));
#7496 = SURFACE_CURVE('',#7497,(#7502,#7514),.PCURVE_S1.);
#7497 = CIRCLE('',#7498,4.9276);
#7498 = AXIS2_PLACEMENT_3D('',#7499,#7500,#7501);
#7499 = CARTESIAN_POINT('',(1.13665E+03,991.57670325002,
    1.609483343957E+03));
#7500 = DIRECTION('',(-1.,-0.,-0.));
#7501 = DIRECTION('',(0.,0.,-1.));
#7502 = PCURVE('',#7503,#7508);
#7503 = CYLINDRICAL_SURFACE('',#7504,4.9276);
#7504 = AXIS2_PLACEMENT_3D('',#7505,#7506,#7507);
#7505 = CARTESIAN_POINT('',(1.26365E+03,991.57670325002,
    1.609483343957E+03));
#7506 = DIRECTION('',(-1.,-0.,-0.));
#7507 = DIRECTION('',(0.,0.,-1.));
#7508 = DEFINITIONAL_REPRESENTATION('',(#7509),#7513);
#7509 = LINE('',#7510,#7511);
#7510 = CARTESIAN_POINT('',(0.,127.));
#7511 = VECTOR('',#7512,1.);
#7512 = DIRECTION('',(1.,0.));
#7513 = ( GEOMETRIC_REPRESENTATION_CONTEXT(2) 
PARAMETRIC_REPRESENTATION_CONTEXT() REPRESENTATION_CONTEXT('2D SPACE',''
  ) );
#7514 = PCURVE('',#7515,#7520);
#7515 = PLANE('',#7516);
#7516 = AXIS2_PLACEMENT_3D('',#7517,#7518,#7519);
#7517 = CARTESIAN_POINT('',(1.13665E+03,991.57670325002,
    1.609483343957E+03));
#7518 = DIRECTION('',(-1.,-0.,-0.));
#7519 = DIRECTION('',(0.,0.,-1.));
#7520 = DEFINITIONAL_REPRESENTATION('',(#7521),#7525);
#7521 = CIRCLE('',#7522,4.9276);
#7522 = AXIS2_PLACEMENT_2D('',#7523,#7524);
#7523 = CARTESIAN_POINT('',(0.,0.));
#7524 = DIRECTION('',(1.,0.));
#7525 = ( GEOMETRIC_REPRESENTATION_CONTEXT(2) 
PARAMETRIC_REPRESENTATION_CONTEXT() REPRESENTATION_CONTEXT('2D SPACE',''
  ) );
#7526 = ORIENTED_EDGE('',*,*,#7527,.F.);
#7527 = EDGE_CURVE('',#7528,#7494,#7530,.T.);
#7528 = VERTEX_POINT('',#7529);
#7529 = CARTESIAN_POINT('',(1.26365E+03,991.57670325002,
    1.604555743957E+03));
#7530 = SEAM_CURVE('',#7531,(#7535,#7542),.PCURVE_S1.);
#7531 = LINE('',#7532,#7533);
#7532 = CARTESIAN_POINT('',(1.26365E+03,991.57670325002,
    1.604555743957E+03));
#7533 = VECTOR('',#7534,1.);
#7534 = DIRECTION('',(-1.,0.,-0.));
#7535 = PCURVE('',#7503,#7536);
#7536 = DEFINITIONAL_REPRESENTATION('',(#7537),#7541);
#7537 = LINE('',#7538,#7539);
#7538 = CARTESIAN_POINT('',(6.28318530718,-0.));
#7539 = VECTOR('',#7540,1.);
#7540 = DIRECTION('',(0.,1.));
#7541 = ( GEOMETRIC_REPRESENTATION_CONTEXT(2) 
PARAMETRIC_REPRESENTATION_CONTEXT() REPRESENTATION_CONTEXT('2D SPACE',''
  ) );
#7542 = PCURVE('',#7503,#7543);
#7543 = DEFINITIONAL_REPRESENTATION('',(#7544),#7548);
#7544 = LINE('',#7545,#7546);
#7545 = CARTESIAN_POINT('',(0.,-0.));
#7546 = VECTOR('',#7547,1.);
#7547 = DIRECTION('',(0.,1.));
#7548 = ( GEOMETRIC_REPRESENTATION_CONTEXT(2) 
PARAMETRIC_REPRESENTATION_CONTEXT() REPRESENTATION_CONTEXT('2D SPACE',''
  ) );
#7549 = ORIENTED_EDGE('',*,*,#7550,.T.);
#7550 = EDGE_CURVE('',#7528,#7528,#7551,.T.);
#7551 = SURFACE_CURVE('',#7552,(#7557,#7564),.PCURVE_S1.);
#7552 = CIRCLE('',#7553,4.9276);
#7553 = AXIS2_PLACEMENT_3D('',#7554,#7555,#7556);
#7554 = CARTESIAN_POINT('',(1.26365E+03,991.57670325002,
    1.609483343957E+03));
#7555 = DIRECTION('',(-1.,-0.,-0.));
#7556 = DIRECTION('',(0.,0.,-1.));
#7557 = PCURVE('',#7503,#7558);
#7558 = DEFINITIONAL_REPRESENTATION('',(#7559),#7563);
#7559 = LINE('',#7560,#7561);
#7560 = CARTESIAN_POINT('',(0.,0.));
#7561 = VECTOR('',#7562,1.);
#7562 = DIRECTION('',(1.,0.));
#7563 = ( GEOMETRIC_REPRESENTATION_CONTEXT(2) 
PARAMETRIC_REPRESENTATION_CONTEXT() REPRESENTATION_CONTEXT('2D SPACE',''
  ) );
#7564 = PCURVE('',#7565,#7570);
#7565 = PLANE('',#7566);
#7566 = AXIS2_PLACEMENT_3D('',#7567,#7568,#7569);
#7567 = CARTESIAN_POINT('',(1.26365E+03,991.57670325002,
    1.609483343957E+03));
#7568 = DIRECTION('',(-1.,-0.,-0.));
#7569 = DIRECTION('',(0.,0.,-1.));
#7570 = DEFINITIONAL_REPRESENTATION('',(#7571),#7575);
#7571 = CIRCLE('',#7572,4.9276);
#7572 = AXIS2_PLACEMENT_2D('',#7573,#7574);
#7573 = CARTESIAN_POINT('',(0.,0.));
#7574 = DIRECTION('',(1.,0.));
#7575 = ( GEOMETRIC_REPRESENTATION_CONTEXT(2) 
PARAMETRIC_REPRESENTATION_CONTEXT() REPRESENTATION_CONTEXT('2D SPACE',''
  ) );
#7576 = ORIENTED_EDGE('',*,*,#7527,.T.);
#7577 = ADVANCED_FACE('',(#7578),#7515,.T.);
#7578 = FACE_BOUND('',#7579,.T.);
#7579 = EDGE_LOOP('',(#7580));
#7580 = ORIENTED_EDGE('',*,*,#7493,.T.);
#7581 = ADVANCED_FACE('',(#7582),#7565,.F.);
#7582 = FACE_BOUND('',#7583,.T.);
#7583 = EDGE_LOOP('',(#7584));
#7584 = ORIENTED_EDGE('',*,*,#7550,.F.);
#7585 = ( GEOMETRIC_REPRESENTATION_CONTEXT(3) 
GLOBAL_UNCERTAINTY_ASSIGNED_CONTEXT((#7589)) 
GLOBAL_UNIT_ASSIGNED_CONTEXT((#7586,#7587,#7588)) REPRESENTATION_CONTEXT
('Context #1','3D Context with UNIT and UNCERTAINTY') );
#7586 = ( LENGTH_UNIT() NAMED_UNIT(*) SI_UNIT(.MILLI.,.METRE.) );
#7587 = ( NAMED_UNIT(*) PLANE_ANGLE_UNIT() SI_UNIT($,.RADIAN.) );
#7588 = ( NAMED_UNIT(*) SI_UNIT($,.STERADIAN.) SOLID_ANGLE_UNIT() );
#7589 = UNCERTAINTY_MEASURE_WITH_UNIT(LENGTH_MEASURE(1.E-07),#7586,
  'distance_accuracy_value','confusion accuracy');
#7590 = CONTEXT_DEPENDENT_SHAPE_REPRESENTATION(#7591,#7593);
#7591 = ( REPRESENTATION_RELATIONSHIP('','',#7486,#10) 
REPRESENTATION_RELATIONSHIP_WITH_TRANSFORMATION(#7592) 
SHAPE_REPRESENTATION_RELATIONSHIP() );
#7592 = ITEM_DEFINED_TRANSFORMATION('','',#11,#183);
#7593 = PRODUCT_DEFINITION_SHAPE('Placement','Placement of an item',
  #7594);
#7594 = NEXT_ASSEMBLY_USAGE_OCCURRENCE('43',
  'lumber_leg_bolt_right_4_shaft','',#5,#7481,$);
#7595 = PRODUCT_RELATED_PRODUCT_CATEGORY('part',$,(#7483));
#7596 = SHAPE_DEFINITION_REPRESENTATION(#7597,#7603);
#7597 = PRODUCT_DEFINITION_SHAPE('','',#7598);
#7598 = PRODUCT_DEFINITION('design','',#7599,#7602);
#7599 = PRODUCT_DEFINITION_FORMATION('','',#7600);
#7600 = PRODUCT('lumber_leg_bolt_right_4_head_plate',
  'lumber_leg_bolt_right_4_head_plate','',(#7601));
#7601 = PRODUCT_CONTEXT('',#2,'mechanical');
#7602 = PRODUCT_DEFINITION_CONTEXT('part definition',#2,'design');
#7603 = ADVANCED_BREP_SHAPE_REPRESENTATION('',(#11,#7604),#7786);
#7604 = MANIFOLD_SOLID_BREP('',#7605);
#7605 = CLOSED_SHELL('',(#7606,#7694,#7729,#7759));
#7606 = ADVANCED_FACE('',(#7607),#7620,.T.);
#7607 = FACE_BOUND('',#7608,.T.);
#7608 = EDGE_LOOP('',(#7609,#7643,#7666,#7693));
#7609 = ORIENTED_EDGE('',*,*,#7610,.F.);
#7610 = EDGE_CURVE('',#7611,#7611,#7613,.T.);
#7611 = VERTEX_POINT('',#7612);
#7612 = CARTESIAN_POINT('',(1.2573E+03,991.57670325002,
    1.590433343957E+03));
#7613 = SURFACE_CURVE('',#7614,(#7619,#7631),.PCURVE_S1.);
#7614 = CIRCLE('',#7615,19.05);
#7615 = AXIS2_PLACEMENT_3D('',#7616,#7617,#7618);
#7616 = CARTESIAN_POINT('',(1.2573E+03,991.57670325002,
    1.609483343957E+03));
#7617 = DIRECTION('',(-1.,-0.,-0.));
#7618 = DIRECTION('',(0.,0.,-1.));
#7619 = PCURVE('',#7620,#7625);
#7620 = CYLINDRICAL_SURFACE('',#7621,19.05);
#7621 = AXIS2_PLACEMENT_3D('',#7622,#7623,#7624);
#7622 = CARTESIAN_POINT('',(1.26365E+03,991.57670325002,
    1.609483343957E+03));
#7623 = DIRECTION('',(-1.,-0.,-0.));
#7624 = DIRECTION('',(0.,0.,-1.));
#7625 = DEFINITIONAL_REPRESENTATION('',(#7626),#7630);
#7626 = LINE('',#7627,#7628);
#7627 = CARTESIAN_POINT('',(0.,6.35));
#7628 = VECTOR('',#7629,1.);
#7629 = DIRECTION('',(1.,0.));
#7630 = ( GEOMETRIC_REPRESENTATION_CONTEXT(2) 
PARAMETRIC_REPRESENTATION_CONTEXT() REPRESENTATION_CONTEXT('2D SPACE',''
  ) );
#7631 = PCURVE('',#7632,#7637);
#7632 = PLANE('',#7633);
#7633 = AXIS2_PLACEMENT_3D('',#7634,#7635,#7636);
#7634 = CARTESIAN_POINT('',(1.2573E+03,991.57670325002,
    1.609483343957E+03));
#7635 = DIRECTION('',(-1.,-0.,-0.));
#7636 = DIRECTION('',(0.,0.,-1.));
#7637 = DEFINITIONAL_REPRESENTATION('',(#7638),#7642);
#7638 = CIRCLE('',#7639,19.05);
#7639 = AXIS2_PLACEMENT_2D('',#7640,#7641);
#7640 = CARTESIAN_POINT('',(0.,0.));
#7641 = DIRECTION('',(1.,0.));
#7642 = ( GEOMETRIC_REPRESENTATION_CONTEXT(2) 
PARAMETRIC_REPRESENTATION_CONTEXT() REPRESENTATION_CONTEXT('2D SPACE',''
  ) );
#7643 = ORIENTED_EDGE('',*,*,#7644,.F.);
#7644 = EDGE_CURVE('',#7645,#7611,#7647,.T.);
#7645 = VERTEX_POINT('',#7646);
#7646 = CARTESIAN_POINT('',(1.26365E+03,991.57670325002,
    1.590433343957E+03));
#7647 = SEAM_CURVE('',#7648,(#7652,#7659),.PCURVE_S1.);
#7648 = LINE('',#7649,#7650);
#7649 = CARTESIAN_POINT('',(1.26365E+03,991.57670325002,
    1.590433343957E+03));
#7650 = VECTOR('',#7651,1.);
#7651 = DIRECTION('',(-1.,0.,-0.));
#7652 = PCURVE('',#7620,#7653);
#7653 = DEFINITIONAL_REPRESENTATION('',(#7654),#7658);
#7654 = LINE('',#7655,#7656);
#7655 = CARTESIAN_POINT('',(6.28318530718,-0.));
#7656 = VECTOR('',#7657,1.);
#7657 = DIRECTION('',(0.,1.));
#7658 = ( GEOMETRIC_REPRESENTATION_CONTEXT(2) 
PARAMETRIC_REPRESENTATION_CONTEXT() REPRESENTATION_CONTEXT('2D SPACE',''
  ) );
#7659 = PCURVE('',#7620,#7660);
#7660 = DEFINITIONAL_REPRESENTATION('',(#7661),#7665);
#7661 = LINE('',#7662,#7663);
#7662 = CARTESIAN_POINT('',(0.,-0.));
#7663 = VECTOR('',#7664,1.);
#7664 = DIRECTION('',(0.,1.));
#7665 = ( GEOMETRIC_REPRESENTATION_CONTEXT(2) 
PARAMETRIC_REPRESENTATION_CONTEXT() REPRESENTATION_CONTEXT('2D SPACE',''
  ) );
#7666 = ORIENTED_EDGE('',*,*,#7667,.T.);
#7667 = EDGE_CURVE('',#7645,#7645,#7668,.T.);
#7668 = SURFACE_CURVE('',#7669,(#7674,#7681),.PCURVE_S1.);
#7669 = CIRCLE('',#7670,19.05);
#7670 = AXIS2_PLACEMENT_3D('',#7671,#7672,#7673);
#7671 = CARTESIAN_POINT('',(1.26365E+03,991.57670325002,
    1.609483343957E+03));
#7672 = DIRECTION('',(-1.,-0.,-0.));
#7673 = DIRECTION('',(0.,0.,-1.));
#7674 = PCURVE('',#7620,#7675);
#7675 = DEFINITIONAL_REPRESENTATION('',(#7676),#7680);
#7676 = LINE('',#7677,#7678);
#7677 = CARTESIAN_POINT('',(0.,0.));
#7678 = VECTOR('',#7679,1.);
#7679 = DIRECTION('',(1.,0.));
#7680 = ( GEOMETRIC_REPRESENTATION_CONTEXT(2) 
PARAMETRIC_REPRESENTATION_CONTEXT() REPRESENTATION_CONTEXT('2D SPACE',''
  ) );
#7681 = PCURVE('',#7682,#7687);
#7682 = PLANE('',#7683);
#7683 = AXIS2_PLACEMENT_3D('',#7684,#7685,#7686);
#7684 = CARTESIAN_POINT('',(1.26365E+03,991.57670325002,
    1.609483343957E+03));
#7685 = DIRECTION('',(-1.,-0.,-0.));
#7686 = DIRECTION('',(0.,0.,-1.));
#7687 = DEFINITIONAL_REPRESENTATION('',(#7688),#7692);
#7688 = CIRCLE('',#7689,19.05);
#7689 = AXIS2_PLACEMENT_2D('',#7690,#7691);
#7690 = CARTESIAN_POINT('',(0.,0.));
#7691 = DIRECTION('',(1.,0.));
#7692 = ( GEOMETRIC_REPRESENTATION_CONTEXT(2) 
PARAMETRIC_REPRESENTATION_CONTEXT() REPRESENTATION_CONTEXT('2D SPACE',''
  ) );
#7693 = ORIENTED_EDGE('',*,*,#7644,.T.);
#7694 = ADVANCED_FACE('',(#7695,#7698),#7632,.T.);
#7695 = FACE_BOUND('',#7696,.T.);
#7696 = EDGE_LOOP('',(#7697));
#7697 = ORIENTED_EDGE('',*,*,#7610,.T.);
#7698 = FACE_BOUND('',#7699,.T.);
#7699 = EDGE_LOOP('',(#7700));
#7700 = ORIENTED_EDGE('',*,*,#7701,.F.);
#7701 = EDGE_CURVE('',#7702,#7702,#7704,.T.);
#7702 = VERTEX_POINT('',#7703);
#7703 = CARTESIAN_POINT('',(1.2573E+03,991.57670325002,
    1.603927093957E+03));
#7704 = SURFACE_CURVE('',#7705,(#7710,#7717),.PCURVE_S1.);
#7705 = CIRCLE('',#7706,5.55625);
#7706 = AXIS2_PLACEMENT_3D('',#7707,#7708,#7709);
#7707 = CARTESIAN_POINT('',(1.2573E+03,991.57670325002,
    1.609483343957E+03));
#7708 = DIRECTION('',(-1.,-0.,-0.));
#7709 = DIRECTION('',(0.,0.,-1.));
#7710 = PCURVE('',#7632,#7711);
#7711 = DEFINITIONAL_REPRESENTATION('',(#7712),#7716);
#7712 = CIRCLE('',#7713,5.55625);
#7713 = AXIS2_PLACEMENT_2D('',#7714,#7715);
#7714 = CARTESIAN_POINT('',(0.,0.));
#7715 = DIRECTION('',(1.,0.));
#7716 = ( GEOMETRIC_REPRESENTATION_CONTEXT(2) 
PARAMETRIC_REPRESENTATION_CONTEXT() REPRESENTATION_CONTEXT('2D SPACE',''
  ) );
#7717 = PCURVE('',#7718,#7723);
#7718 = CYLINDRICAL_SURFACE('',#7719,5.55625);
#7719 = AXIS2_PLACEMENT_3D('',#7720,#7721,#7722);
#7720 = CARTESIAN_POINT('',(1.26365E+03,991.57670325002,
    1.609483343957E+03));
#7721 = DIRECTION('',(-1.,-0.,-0.));
#7722 = DIRECTION('',(0.,0.,-1.));
#7723 = DEFINITIONAL_REPRESENTATION('',(#7724),#7728);
#7724 = LINE('',#7725,#7726);
#7725 = CARTESIAN_POINT('',(0.,6.35));
#7726 = VECTOR('',#7727,1.);
#7727 = DIRECTION('',(1.,0.));
#7728 = ( GEOMETRIC_REPRESENTATION_CONTEXT(2) 
PARAMETRIC_REPRESENTATION_CONTEXT() REPRESENTATION_CONTEXT('2D SPACE',''
  ) );
#7729 = ADVANCED_FACE('',(#7730,#7733),#7682,.F.);
#7730 = FACE_BOUND('',#7731,.F.);
#7731 = EDGE_LOOP('',(#7732));
#7732 = ORIENTED_EDGE('',*,*,#7667,.T.);
#7733 = FACE_BOUND('',#7734,.F.);
#7734 = EDGE_LOOP('',(#7735));
#7735 = ORIENTED_EDGE('',*,*,#7736,.F.);
#7736 = EDGE_CURVE('',#7737,#7737,#7739,.T.);
#7737 = VERTEX_POINT('',#7738);
#7738 = CARTESIAN_POINT('',(1.26365E+03,991.57670325002,
    1.603927093957E+03));
#7739 = SURFACE_CURVE('',#7740,(#7745,#7752),.PCURVE_S1.);
#7740 = CIRCLE('',#7741,5.55625);
#7741 = AXIS2_PLACEMENT_3D('',#7742,#7743,#7744);
#7742 = CARTESIAN_POINT('',(1.26365E+03,991.57670325002,
    1.609483343957E+03));
#7743 = DIRECTION('',(-1.,-0.,-0.));
#7744 = DIRECTION('',(0.,0.,-1.));
#7745 = PCURVE('',#7682,#7746);
#7746 = DEFINITIONAL_REPRESENTATION('',(#7747),#7751);
#7747 = CIRCLE('',#7748,5.55625);
#7748 = AXIS2_PLACEMENT_2D('',#7749,#7750);
#7749 = CARTESIAN_POINT('',(0.,0.));
#7750 = DIRECTION('',(1.,0.));
#7751 = ( GEOMETRIC_REPRESENTATION_CONTEXT(2) 
PARAMETRIC_REPRESENTATION_CONTEXT() REPRESENTATION_CONTEXT('2D SPACE',''
  ) );
#7752 = PCURVE('',#7718,#7753);
#7753 = DEFINITIONAL_REPRESENTATION('',(#7754),#7758);
#7754 = LINE('',#7755,#7756);
#7755 = CARTESIAN_POINT('',(0.,0.));
#7756 = VECTOR('',#7757,1.);
#7757 = DIRECTION('',(1.,0.));
#7758 = ( GEOMETRIC_REPRESENTATION_CONTEXT(2) 
PARAMETRIC_REPRESENTATION_CONTEXT() REPRESENTATION_CONTEXT('2D SPACE',''
  ) );
#7759 = ADVANCED_FACE('',(#7760),#7718,.F.);
#7760 = FACE_BOUND('',#7761,.F.);
#7761 = EDGE_LOOP('',(#7762,#7763,#7784,#7785));
#7762 = ORIENTED_EDGE('',*,*,#7701,.F.);
#7763 = ORIENTED_EDGE('',*,*,#7764,.F.);
#7764 = EDGE_CURVE('',#7737,#7702,#7765,.T.);
#7765 = SEAM_CURVE('',#7766,(#7770,#7777),.PCURVE_S1.);
#7766 = LINE('',#7767,#7768);
#7767 = CARTESIAN_POINT('',(1.26365E+03,991.57670325002,
    1.603927093957E+03));
#7768 = VECTOR('',#7769,1.);
#7769 = DIRECTION('',(-1.,0.,-0.));
#7770 = PCURVE('',#7718,#7771);
#7771 = DEFINITIONAL_REPRESENTATION('',(#7772),#7776);
#7772 = LINE('',#7773,#7774);
#7773 = CARTESIAN_POINT('',(6.28318530718,-0.));
#7774 = VECTOR('',#7775,1.);
#7775 = DIRECTION('',(0.,1.));
#7776 = ( GEOMETRIC_REPRESENTATION_CONTEXT(2) 
PARAMETRIC_REPRESENTATION_CONTEXT() REPRESENTATION_CONTEXT('2D SPACE',''
  ) );
#7777 = PCURVE('',#7718,#7778);
#7778 = DEFINITIONAL_REPRESENTATION('',(#7779),#7783);
#7779 = LINE('',#7780,#7781);
#7780 = CARTESIAN_POINT('',(0.,-0.));
#7781 = VECTOR('',#7782,1.);
#7782 = DIRECTION('',(0.,1.));
#7783 = ( GEOMETRIC_REPRESENTATION_CONTEXT(2) 
PARAMETRIC_REPRESENTATION_CONTEXT() REPRESENTATION_CONTEXT('2D SPACE',''
  ) );
#7784 = ORIENTED_EDGE('',*,*,#7736,.T.);
#7785 = ORIENTED_EDGE('',*,*,#7764,.T.);
#7786 = ( GEOMETRIC_REPRESENTATION_CONTEXT(3) 
GLOBAL_UNCERTAINTY_ASSIGNED_CONTEXT((#7790)) 
GLOBAL_UNIT_ASSIGNED_CONTEXT((#7787,#7788,#7789)) REPRESENTATION_CONTEXT
('Context #1','3D Context with UNIT and UNCERTAINTY') );
#7787 = ( LENGTH_UNIT() NAMED_UNIT(*) SI_UNIT(.MILLI.,.METRE.) );
#7788 = ( NAMED_UNIT(*) PLANE_ANGLE_UNIT() SI_UNIT($,.RADIAN.) );
#7789 = ( NAMED_UNIT(*) SI_UNIT($,.STERADIAN.) SOLID_ANGLE_UNIT() );
#7790 = UNCERTAINTY_MEASURE_WITH_UNIT(LENGTH_MEASURE(1.E-07),#7787,
  'distance_accuracy_value','confusion accuracy');
#7791 = CONTEXT_DEPENDENT_SHAPE_REPRESENTATION(#7792,#7794);
#7792 = ( REPRESENTATION_RELATIONSHIP('','',#7603,#10) 
REPRESENTATION_RELATIONSHIP_WITH_TRANSFORMATION(#7793) 
SHAPE_REPRESENTATION_RELATIONSHIP() );
#7793 = ITEM_DEFINED_TRANSFORMATION('','',#11,#187);
#7794 = PRODUCT_DEFINITION_SHAPE('Placement','Placement of an item',
  #7795);
#7795 = NEXT_ASSEMBLY_USAGE_OCCURRENCE('44',
  'lumber_leg_bolt_right_4_head_plate','',#5,#7598,$);
#7796 = PRODUCT_RELATED_PRODUCT_CATEGORY('part',$,(#7600));
#7797 = SHAPE_DEFINITION_REPRESENTATION(#7798,#7804);
#7798 = PRODUCT_DEFINITION_SHAPE('','',#7799);
#7799 = PRODUCT_DEFINITION('design','',#7800,#7803);
#7800 = PRODUCT_DEFINITION_FORMATION('','',#7801);
#7801 = PRODUCT('lumber_leg_bolt_right_4_nut_plate',
  'lumber_leg_bolt_right_4_nut_plate','',(#7802));
#7802 = PRODUCT_CONTEXT('',#2,'mechanical');
#7803 = PRODUCT_DEFINITION_CONTEXT('part definition',#2,'design');
#7804 = ADVANCED_BREP_SHAPE_REPRESENTATION('',(#11,#7805),#7987);
#7805 = MANIFOLD_SOLID_BREP('',#7806);
#7806 = CLOSED_SHELL('',(#7807,#7895,#7930,#7960));
#7807 = ADVANCED_FACE('',(#7808),#7821,.T.);
#7808 = FACE_BOUND('',#7809,.T.);
#7809 = EDGE_LOOP('',(#7810,#7844,#7867,#7894));
#7810 = ORIENTED_EDGE('',*,*,#7811,.F.);
#7811 = EDGE_CURVE('',#7812,#7812,#7814,.T.);
#7812 = VERTEX_POINT('',#7813);
#7813 = CARTESIAN_POINT('',(1.17475E+03,991.57670325002,
    1.590433343957E+03));
#7814 = SURFACE_CURVE('',#7815,(#7820,#7832),.PCURVE_S1.);
#7815 = CIRCLE('',#7816,19.05);
#7816 = AXIS2_PLACEMENT_3D('',#7817,#7818,#7819);
#7817 = CARTESIAN_POINT('',(1.17475E+03,991.57670325002,
    1.609483343957E+03));
#7818 = DIRECTION('',(-1.,-0.,-0.));
#7819 = DIRECTION('',(0.,0.,-1.));
#7820 = PCURVE('',#7821,#7826);
#7821 = CYLINDRICAL_SURFACE('',#7822,19.05);
#7822 = AXIS2_PLACEMENT_3D('',#7823,#7824,#7825);
#7823 = CARTESIAN_POINT('',(1.1811E+03,991.57670325002,
    1.609483343957E+03));
#7824 = DIRECTION('',(-1.,-0.,-0.));
#7825 = DIRECTION('',(0.,0.,-1.));
#7826 = DEFINITIONAL_REPRESENTATION('',(#7827),#7831);
#7827 = LINE('',#7828,#7829);
#7828 = CARTESIAN_POINT('',(0.,6.35));
#7829 = VECTOR('',#7830,1.);
#7830 = DIRECTION('',(1.,0.));
#7831 = ( GEOMETRIC_REPRESENTATION_CONTEXT(2) 
PARAMETRIC_REPRESENTATION_CONTEXT() REPRESENTATION_CONTEXT('2D SPACE',''
  ) );
#7832 = PCURVE('',#7833,#7838);
#7833 = PLANE('',#7834);
#7834 = AXIS2_PLACEMENT_3D('',#7835,#7836,#7837);
#7835 = CARTESIAN_POINT('',(1.17475E+03,991.57670325002,
    1.609483343957E+03));
#7836 = DIRECTION('',(-1.,-0.,-0.));
#7837 = DIRECTION('',(0.,0.,-1.));
#7838 = DEFINITIONAL_REPRESENTATION('',(#7839),#7843);
#7839 = CIRCLE('',#7840,19.05);
#7840 = AXIS2_PLACEMENT_2D('',#7841,#7842);
#7841 = CARTESIAN_POINT('',(0.,0.));
#7842 = DIRECTION('',(1.,0.));
#7843 = ( GEOMETRIC_REPRESENTATION_CONTEXT(2) 
PARAMETRIC_REPRESENTATION_CONTEXT() REPRESENTATION_CONTEXT('2D SPACE',''
  ) );
#7844 = ORIENTED_EDGE('',*,*,#7845,.F.);
#7845 = EDGE_CURVE('',#7846,#7812,#7848,.T.);
#7846 = VERTEX_POINT('',#7847);
#7847 = CARTESIAN_POINT('',(1.1811E+03,991.57670325002,
    1.590433343957E+03));
#7848 = SEAM_CURVE('',#7849,(#7853,#7860),.PCURVE_S1.);
#7849 = LINE('',#7850,#7851);
#7850 = CARTESIAN_POINT('',(1.1811E+03,991.57670325002,
    1.590433343957E+03));
#7851 = VECTOR('',#7852,1.);
#7852 = DIRECTION('',(-1.,0.,-0.));
#7853 = PCURVE('',#7821,#7854);
#7854 = DEFINITIONAL_REPRESENTATION('',(#7855),#7859);
#7855 = LINE('',#7856,#7857);
#7856 = CARTESIAN_POINT('',(6.28318530718,-0.));
#7857 = VECTOR('',#7858,1.);
#7858 = DIRECTION('',(0.,1.));
#7859 = ( GEOMETRIC_REPRESENTATION_CONTEXT(2) 
PARAMETRIC_REPRESENTATION_CONTEXT() REPRESENTATION_CONTEXT('2D SPACE',''
  ) );
#7860 = PCURVE('',#7821,#7861);
#7861 = DEFINITIONAL_REPRESENTATION('',(#7862),#7866);
#7862 = LINE('',#7863,#7864);
#7863 = CARTESIAN_POINT('',(0.,-0.));
#7864 = VECTOR('',#7865,1.);
#7865 = DIRECTION('',(0.,1.));
#7866 = ( GEOMETRIC_REPRESENTATION_CONTEXT(2) 
PARAMETRIC_REPRESENTATION_CONTEXT() REPRESENTATION_CONTEXT('2D SPACE',''
  ) );
#7867 = ORIENTED_EDGE('',*,*,#7868,.T.);
#7868 = EDGE_CURVE('',#7846,#7846,#7869,.T.);
#7869 = SURFACE_CURVE('',#7870,(#7875,#7882),.PCURVE_S1.);
#7870 = CIRCLE('',#7871,19.05);
#7871 = AXIS2_PLACEMENT_3D('',#7872,#7873,#7874);
#7872 = CARTESIAN_POINT('',(1.1811E+03,991.57670325002,
    1.609483343957E+03));
#7873 = DIRECTION('',(-1.,-0.,-0.));
#7874 = DIRECTION('',(0.,0.,-1.));
#7875 = PCURVE('',#7821,#7876);
#7876 = DEFINITIONAL_REPRESENTATION('',(#7877),#7881);
#7877 = LINE('',#7878,#7879);
#7878 = CARTESIAN_POINT('',(0.,0.));
#7879 = VECTOR('',#7880,1.);
#7880 = DIRECTION('',(1.,0.));
#7881 = ( GEOMETRIC_REPRESENTATION_CONTEXT(2) 
PARAMETRIC_REPRESENTATION_CONTEXT() REPRESENTATION_CONTEXT('2D SPACE',''
  ) );
#7882 = PCURVE('',#7883,#7888);
#7883 = PLANE('',#7884);
#7884 = AXIS2_PLACEMENT_3D('',#7885,#7886,#7887);
#7885 = CARTESIAN_POINT('',(1.1811E+03,991.57670325002,
    1.609483343957E+03));
#7886 = DIRECTION('',(-1.,-0.,-0.));
#7887 = DIRECTION('',(0.,0.,-1.));
#7888 = DEFINITIONAL_REPRESENTATION('',(#7889),#7893);
#7889 = CIRCLE('',#7890,19.05);
#7890 = AXIS2_PLACEMENT_2D('',#7891,#7892);
#7891 = CARTESIAN_POINT('',(0.,0.));
#7892 = DIRECTION('',(1.,0.));
#7893 = ( GEOMETRIC_REPRESENTATION_CONTEXT(2) 
PARAMETRIC_REPRESENTATION_CONTEXT() REPRESENTATION_CONTEXT('2D SPACE',''
  ) );
#7894 = ORIENTED_EDGE('',*,*,#7845,.T.);
#7895 = ADVANCED_FACE('',(#7896,#7899),#7833,.T.);
#7896 = FACE_BOUND('',#7897,.T.);
#7897 = EDGE_LOOP('',(#7898));
#7898 = ORIENTED_EDGE('',*,*,#7811,.T.);
#7899 = FACE_BOUND('',#7900,.T.);
#7900 = EDGE_LOOP('',(#7901));
#7901 = ORIENTED_EDGE('',*,*,#7902,.F.);
#7902 = EDGE_CURVE('',#7903,#7903,#7905,.T.);
#7903 = VERTEX_POINT('',#7904);
#7904 = CARTESIAN_POINT('',(1.17475E+03,991.57670325002,
    1.603927093957E+03));
#7905 = SURFACE_CURVE('',#7906,(#7911,#7918),.PCURVE_S1.);
#7906 = CIRCLE('',#7907,5.55625);
#7907 = AXIS2_PLACEMENT_3D('',#7908,#7909,#7910);
#7908 = CARTESIAN_POINT('',(1.17475E+03,991.57670325002,
    1.609483343957E+03));
#7909 = DIRECTION('',(-1.,-0.,-0.));
#7910 = DIRECTION('',(0.,0.,-1.));
#7911 = PCURVE('',#7833,#7912);
#7912 = DEFINITIONAL_REPRESENTATION('',(#7913),#7917);
#7913 = CIRCLE('',#7914,5.55625);
#7914 = AXIS2_PLACEMENT_2D('',#7915,#7916);
#7915 = CARTESIAN_POINT('',(0.,0.));
#7916 = DIRECTION('',(1.,0.));
#7917 = ( GEOMETRIC_REPRESENTATION_CONTEXT(2) 
PARAMETRIC_REPRESENTATION_CONTEXT() REPRESENTATION_CONTEXT('2D SPACE',''
  ) );
#7918 = PCURVE('',#7919,#7924);
#7919 = CYLINDRICAL_SURFACE('',#7920,5.55625);
#7920 = AXIS2_PLACEMENT_3D('',#7921,#7922,#7923);
#7921 = CARTESIAN_POINT('',(1.1811E+03,991.57670325002,
    1.609483343957E+03));
#7922 = DIRECTION('',(-1.,-0.,-0.));
#7923 = DIRECTION('',(0.,0.,-1.));
#7924 = DEFINITIONAL_REPRESENTATION('',(#7925),#7929);
#7925 = LINE('',#7926,#7927);
#7926 = CARTESIAN_POINT('',(0.,6.35));
#7927 = VECTOR('',#7928,1.);
#7928 = DIRECTION('',(1.,0.));
#7929 = ( GEOMETRIC_REPRESENTATION_CONTEXT(2) 
PARAMETRIC_REPRESENTATION_CONTEXT() REPRESENTATION_CONTEXT('2D SPACE',''
  ) );
#7930 = ADVANCED_FACE('',(#7931,#7934),#7883,.F.);
#7931 = FACE_BOUND('',#7932,.F.);
#7932 = EDGE_LOOP('',(#7933));
#7933 = ORIENTED_EDGE('',*,*,#7868,.T.);
#7934 = FACE_BOUND('',#7935,.F.);
#7935 = EDGE_LOOP('',(#7936));
#7936 = ORIENTED_EDGE('',*,*,#7937,.F.);
#7937 = EDGE_CURVE('',#7938,#7938,#7940,.T.);
#7938 = VERTEX_POINT('',#7939);
#7939 = CARTESIAN_POINT('',(1.1811E+03,991.57670325002,
    1.603927093957E+03));
#7940 = SURFACE_CURVE('',#7941,(#7946,#7953),.PCURVE_S1.);
#7941 = CIRCLE('',#7942,5.55625);
#7942 = AXIS2_PLACEMENT_3D('',#7943,#7944,#7945);
#7943 = CARTESIAN_POINT('',(1.1811E+03,991.57670325002,
    1.609483343957E+03));
#7944 = DIRECTION('',(-1.,-0.,-0.));
#7945 = DIRECTION('',(0.,0.,-1.));
#7946 = PCURVE('',#7883,#7947);
#7947 = DEFINITIONAL_REPRESENTATION('',(#7948),#7952);
#7948 = CIRCLE('',#7949,5.55625);
#7949 = AXIS2_PLACEMENT_2D('',#7950,#7951);
#7950 = CARTESIAN_POINT('',(0.,0.));
#7951 = DIRECTION('',(1.,0.));
#7952 = ( GEOMETRIC_REPRESENTATION_CONTEXT(2) 
PARAMETRIC_REPRESENTATION_CONTEXT() REPRESENTATION_CONTEXT('2D SPACE',''
  ) );
#7953 = PCURVE('',#7919,#7954);
#7954 = DEFINITIONAL_REPRESENTATION('',(#7955),#7959);
#7955 = LINE('',#7956,#7957);
#7956 = CARTESIAN_POINT('',(0.,0.));
#7957 = VECTOR('',#7958,1.);
#7958 = DIRECTION('',(1.,0.));
#7959 = ( GEOMETRIC_REPRESENTATION_CONTEXT(2) 
PARAMETRIC_REPRESENTATION_CONTEXT() REPRESENTATION_CONTEXT('2D SPACE',''
  ) );
#7960 = ADVANCED_FACE('',(#7961),#7919,.F.);
#7961 = FACE_BOUND('',#7962,.F.);
#7962 = EDGE_LOOP('',(#7963,#7964,#7985,#7986));
#7963 = ORIENTED_EDGE('',*,*,#7902,.F.);
#7964 = ORIENTED_EDGE('',*,*,#7965,.F.);
#7965 = EDGE_CURVE('',#7938,#7903,#7966,.T.);
#7966 = SEAM_CURVE('',#7967,(#7971,#7978),.PCURVE_S1.);
#7967 = LINE('',#7968,#7969);
#7968 = CARTESIAN_POINT('',(1.1811E+03,991.57670325002,
    1.603927093957E+03));
#7969 = VECTOR('',#7970,1.);
#7970 = DIRECTION('',(-1.,0.,-0.));
#7971 = PCURVE('',#7919,#7972);
#7972 = DEFINITIONAL_REPRESENTATION('',(#7973),#7977);
#7973 = LINE('',#7974,#7975);
#7974 = CARTESIAN_POINT('',(6.28318530718,-0.));
#7975 = VECTOR('',#7976,1.);
#7976 = DIRECTION('',(0.,1.));
#7977 = ( GEOMETRIC_REPRESENTATION_CONTEXT(2) 
PARAMETRIC_REPRESENTATION_CONTEXT() REPRESENTATION_CONTEXT('2D SPACE',''
  ) );
#7978 = PCURVE('',#7919,#7979);
#7979 = DEFINITIONAL_REPRESENTATION('',(#7980),#7984);
#7980 = LINE('',#7981,#7982);
#7981 = CARTESIAN_POINT('',(0.,-0.));
#7982 = VECTOR('',#7983,1.);
#7983 = DIRECTION('',(0.,1.));
#7984 = ( GEOMETRIC_REPRESENTATION_CONTEXT(2) 
PARAMETRIC_REPRESENTATION_CONTEXT() REPRESENTATION_CONTEXT('2D SPACE',''
  ) );
#7985 = ORIENTED_EDGE('',*,*,#7937,.T.);
#7986 = ORIENTED_EDGE('',*,*,#7965,.T.);
#7987 = ( GEOMETRIC_REPRESENTATION_CONTEXT(3) 
GLOBAL_UNCERTAINTY_ASSIGNED_CONTEXT((#7991)) 
GLOBAL_UNIT_ASSIGNED_CONTEXT((#7988,#7989,#7990)) REPRESENTATION_CONTEXT
('Context #1','3D Context with UNIT and UNCERTAINTY') );
#7988 = ( LENGTH_UNIT() NAMED_UNIT(*) SI_UNIT(.MILLI.,.METRE.) );
#7989 = ( NAMED_UNIT(*) PLANE_ANGLE_UNIT() SI_UNIT($,.RADIAN.) );
#7990 = ( NAMED_UNIT(*) SI_UNIT($,.STERADIAN.) SOLID_ANGLE_UNIT() );
#7991 = UNCERTAINTY_MEASURE_WITH_UNIT(LENGTH_MEASURE(1.E-07),#7988,
  'distance_accuracy_value','confusion accuracy');
#7992 = CONTEXT_DEPENDENT_SHAPE_REPRESENTATION(#7993,#7995);
#7993 = ( REPRESENTATION_RELATIONSHIP('','',#7804,#10) 
REPRESENTATION_RELATIONSHIP_WITH_TRANSFORMATION(#7994) 
SHAPE_REPRESENTATION_RELATIONSHIP() );
#7994 = ITEM_DEFINED_TRANSFORMATION('','',#11,#191);
#7995 = PRODUCT_DEFINITION_SHAPE('Placement','Placement of an item',
  #7996);
#7996 = NEXT_ASSEMBLY_USAGE_OCCURRENCE('45',
  'lumber_leg_bolt_right_4_nut_plate','',#5,#7799,$);
#7997 = PRODUCT_RELATED_PRODUCT_CATEGORY('part',$,(#7801));
#7998 = SHAPE_DEFINITION_REPRESENTATION(#7999,#8005);
#7999 = PRODUCT_DEFINITION_SHAPE('','',#8000);
#8000 = PRODUCT_DEFINITION('design','',#8001,#8004);
#8001 = PRODUCT_DEFINITION_FORMATION('','',#8002);
#8002 = PRODUCT('lumber_leg_bolt_right_4_spacer',
  'lumber_leg_bolt_right_4_spacer','',(#8003));
#8003 = PRODUCT_CONTEXT('',#2,'mechanical');
#8004 = PRODUCT_DEFINITION_CONTEXT('part definition',#2,'design');
#8005 = ADVANCED_BREP_SHAPE_REPRESENTATION('',(#11,#8006),#8188);
#8006 = MANIFOLD_SOLID_BREP('',#8007);
#8007 = CLOSED_SHELL('',(#8008,#8096,#8131,#8161));
#8008 = ADVANCED_FACE('',(#8009),#8022,.T.);
#8009 = FACE_BOUND('',#8010,.T.);
#8010 = EDGE_LOOP('',(#8011,#8045,#8068,#8095));
#8011 = ORIENTED_EDGE('',*,*,#8012,.F.);
#8012 = EDGE_CURVE('',#8013,#8013,#8015,.T.);
#8013 = VERTEX_POINT('',#8014);
#8014 = CARTESIAN_POINT('',(1.1557E+03,991.57670325002,
    1.599483343957E+03));
#8015 = SURFACE_CURVE('',#8016,(#8021,#8033),.PCURVE_S1.);
#8016 = CIRCLE('',#8017,10.);
#8017 = AXIS2_PLACEMENT_3D('',#8018,#8019,#8020);
#8018 = CARTESIAN_POINT('',(1.1557E+03,991.57670325002,
    1.609483343957E+03));
#8019 = DIRECTION('',(-1.,-0.,-0.));
#8020 = DIRECTION('',(0.,0.,-1.));
#8021 = PCURVE('',#8022,#8027);
#8022 = CYLINDRICAL_SURFACE('',#8023,10.);
#8023 = AXIS2_PLACEMENT_3D('',#8024,#8025,#8026);
#8024 = CARTESIAN_POINT('',(1.17475E+03,991.57670325002,
    1.609483343957E+03));
#8025 = DIRECTION('',(-1.,-0.,-0.));
#8026 = DIRECTION('',(0.,0.,-1.));
#8027 = DEFINITIONAL_REPRESENTATION('',(#8028),#8032);
#8028 = LINE('',#8029,#8030);
#8029 = CARTESIAN_POINT('',(0.,19.05));
#8030 = VECTOR('',#8031,1.);
#8031 = DIRECTION('',(1.,0.));
#8032 = ( GEOMETRIC_REPRESENTATION_CONTEXT(2) 
PARAMETRIC_REPRESENTATION_CONTEXT() REPRESENTATION_CONTEXT('2D SPACE',''
  ) );
#8033 = PCURVE('',#8034,#8039);
#8034 = PLANE('',#8035);
#8035 = AXIS2_PLACEMENT_3D('',#8036,#8037,#8038);
#8036 = CARTESIAN_POINT('',(1.1557E+03,991.57670325002,
    1.609483343957E+03));
#8037 = DIRECTION('',(-1.,-0.,-0.));
#8038 = DIRECTION('',(0.,0.,-1.));
#8039 = DEFINITIONAL_REPRESENTATION('',(#8040),#8044);
#8040 = CIRCLE('',#8041,10.);
#8041 = AXIS2_PLACEMENT_2D('',#8042,#8043);
#8042 = CARTESIAN_POINT('',(0.,0.));
#8043 = DIRECTION('',(1.,0.));
#8044 = ( GEOMETRIC_REPRESENTATION_CONTEXT(2) 
PARAMETRIC_REPRESENTATION_CONTEXT() REPRESENTATION_CONTEXT('2D SPACE',''
  ) );
#8045 = ORIENTED_EDGE('',*,*,#8046,.F.);
#8046 = EDGE_CURVE('',#8047,#8013,#8049,.T.);
#8047 = VERTEX_POINT('',#8048);
#8048 = CARTESIAN_POINT('',(1.17475E+03,991.57670325002,
    1.599483343957E+03));
#8049 = SEAM_CURVE('',#8050,(#8054,#8061),.PCURVE_S1.);
#8050 = LINE('',#8051,#8052);
#8051 = CARTESIAN_POINT('',(1.17475E+03,991.57670325002,
    1.599483343957E+03));
#8052 = VECTOR('',#8053,1.);
#8053 = DIRECTION('',(-1.,0.,-0.));
#8054 = PCURVE('',#8022,#8055);
#8055 = DEFINITIONAL_REPRESENTATION('',(#8056),#8060);
#8056 = LINE('',#8057,#8058);
#8057 = CARTESIAN_POINT('',(6.28318530718,-0.));
#8058 = VECTOR('',#8059,1.);
#8059 = DIRECTION('',(0.,1.));
#8060 = ( GEOMETRIC_REPRESENTATION_CONTEXT(2) 
PARAMETRIC_REPRESENTATION_CONTEXT() REPRESENTATION_CONTEXT('2D SPACE',''
  ) );
#8061 = PCURVE('',#8022,#8062);
#8062 = DEFINITIONAL_REPRESENTATION('',(#8063),#8067);
#8063 = LINE('',#8064,#8065);
#8064 = CARTESIAN_POINT('',(0.,-0.));
#8065 = VECTOR('',#8066,1.);
#8066 = DIRECTION('',(0.,1.));
#8067 = ( GEOMETRIC_REPRESENTATION_CONTEXT(2) 
PARAMETRIC_REPRESENTATION_CONTEXT() REPRESENTATION_CONTEXT('2D SPACE',''
  ) );
#8068 = ORIENTED_EDGE('',*,*,#8069,.T.);
#8069 = EDGE_CURVE('',#8047,#8047,#8070,.T.);
#8070 = SURFACE_CURVE('',#8071,(#8076,#8083),.PCURVE_S1.);
#8071 = CIRCLE('',#8072,10.);
#8072 = AXIS2_PLACEMENT_3D('',#8073,#8074,#8075);
#8073 = CARTESIAN_POINT('',(1.17475E+03,991.57670325002,
    1.609483343957E+03));
#8074 = DIRECTION('',(-1.,-0.,-0.));
#8075 = DIRECTION('',(0.,0.,-1.));
#8076 = PCURVE('',#8022,#8077);
#8077 = DEFINITIONAL_REPRESENTATION('',(#8078),#8082);
#8078 = LINE('',#8079,#8080);
#8079 = CARTESIAN_POINT('',(0.,0.));
#8080 = VECTOR('',#8081,1.);
#8081 = DIRECTION('',(1.,0.));
#8082 = ( GEOMETRIC_REPRESENTATION_CONTEXT(2) 
PARAMETRIC_REPRESENTATION_CONTEXT() REPRESENTATION_CONTEXT('2D SPACE',''
  ) );
#8083 = PCURVE('',#8084,#8089);
#8084 = PLANE('',#8085);
#8085 = AXIS2_PLACEMENT_3D('',#8086,#8087,#8088);
#8086 = CARTESIAN_POINT('',(1.17475E+03,991.57670325002,
    1.609483343957E+03));
#8087 = DIRECTION('',(-1.,-0.,-0.));
#8088 = DIRECTION('',(0.,0.,-1.));
#8089 = DEFINITIONAL_REPRESENTATION('',(#8090),#8094);
#8090 = CIRCLE('',#8091,10.);
#8091 = AXIS2_PLACEMENT_2D('',#8092,#8093);
#8092 = CARTESIAN_POINT('',(0.,0.));
#8093 = DIRECTION('',(1.,0.));
#8094 = ( GEOMETRIC_REPRESENTATION_CONTEXT(2) 
PARAMETRIC_REPRESENTATION_CONTEXT() REPRESENTATION_CONTEXT('2D SPACE',''
  ) );
#8095 = ORIENTED_EDGE('',*,*,#8046,.T.);
#8096 = ADVANCED_FACE('',(#8097,#8100),#8034,.T.);
#8097 = FACE_BOUND('',#8098,.T.);
#8098 = EDGE_LOOP('',(#8099));
#8099 = ORIENTED_EDGE('',*,*,#8012,.T.);
#8100 = FACE_BOUND('',#8101,.T.);
#8101 = EDGE_LOOP('',(#8102));
#8102 = ORIENTED_EDGE('',*,*,#8103,.F.);
#8103 = EDGE_CURVE('',#8104,#8104,#8106,.T.);
#8104 = VERTEX_POINT('',#8105);
#8105 = CARTESIAN_POINT('',(1.1557E+03,991.57670325002,
    1.603927093957E+03));
#8106 = SURFACE_CURVE('',#8107,(#8112,#8119),.PCURVE_S1.);
#8107 = CIRCLE('',#8108,5.55625);
#8108 = AXIS2_PLACEMENT_3D('',#8109,#8110,#8111);
#8109 = CARTESIAN_POINT('',(1.1557E+03,991.57670325002,
    1.609483343957E+03));
#8110 = DIRECTION('',(-1.,-0.,-0.));
#8111 = DIRECTION('',(0.,0.,-1.));
#8112 = PCURVE('',#8034,#8113);
#8113 = DEFINITIONAL_REPRESENTATION('',(#8114),#8118);
#8114 = CIRCLE('',#8115,5.55625);
#8115 = AXIS2_PLACEMENT_2D('',#8116,#8117);
#8116 = CARTESIAN_POINT('',(0.,0.));
#8117 = DIRECTION('',(1.,0.));
#8118 = ( GEOMETRIC_REPRESENTATION_CONTEXT(2) 
PARAMETRIC_REPRESENTATION_CONTEXT() REPRESENTATION_CONTEXT('2D SPACE',''
  ) );
#8119 = PCURVE('',#8120,#8125);
#8120 = CYLINDRICAL_SURFACE('',#8121,5.55625);
#8121 = AXIS2_PLACEMENT_3D('',#8122,#8123,#8124);
#8122 = CARTESIAN_POINT('',(1.17475E+03,991.57670325002,
    1.609483343957E+03));
#8123 = DIRECTION('',(-1.,-0.,-0.));
#8124 = DIRECTION('',(0.,0.,-1.));
#8125 = DEFINITIONAL_REPRESENTATION('',(#8126),#8130);
#8126 = LINE('',#8127,#8128);
#8127 = CARTESIAN_POINT('',(0.,19.05));
#8128 = VECTOR('',#8129,1.);
#8129 = DIRECTION('',(1.,0.));
#8130 = ( GEOMETRIC_REPRESENTATION_CONTEXT(2) 
PARAMETRIC_REPRESENTATION_CONTEXT() REPRESENTATION_CONTEXT('2D SPACE',''
  ) );
#8131 = ADVANCED_FACE('',(#8132,#8135),#8084,.F.);
#8132 = FACE_BOUND('',#8133,.F.);
#8133 = EDGE_LOOP('',(#8134));
#8134 = ORIENTED_EDGE('',*,*,#8069,.T.);
#8135 = FACE_BOUND('',#8136,.F.);
#8136 = EDGE_LOOP('',(#8137));
#8137 = ORIENTED_EDGE('',*,*,#8138,.F.);
#8138 = EDGE_CURVE('',#8139,#8139,#8141,.T.);
#8139 = VERTEX_POINT('',#8140);
#8140 = CARTESIAN_POINT('',(1.17475E+03,991.57670325002,
    1.603927093957E+03));
#8141 = SURFACE_CURVE('',#8142,(#8147,#8154),.PCURVE_S1.);
#8142 = CIRCLE('',#8143,5.55625);
#8143 = AXIS2_PLACEMENT_3D('',#8144,#8145,#8146);
#8144 = CARTESIAN_POINT('',(1.17475E+03,991.57670325002,
    1.609483343957E+03));
#8145 = DIRECTION('',(-1.,-0.,-0.));
#8146 = DIRECTION('',(0.,0.,-1.));
#8147 = PCURVE('',#8084,#8148);
#8148 = DEFINITIONAL_REPRESENTATION('',(#8149),#8153);
#8149 = CIRCLE('',#8150,5.55625);
#8150 = AXIS2_PLACEMENT_2D('',#8151,#8152);
#8151 = CARTESIAN_POINT('',(0.,0.));
#8152 = DIRECTION('',(1.,0.));
#8153 = ( GEOMETRIC_REPRESENTATION_CONTEXT(2) 
PARAMETRIC_REPRESENTATION_CONTEXT() REPRESENTATION_CONTEXT('2D SPACE',''
  ) );
#8154 = PCURVE('',#8120,#8155);
#8155 = DEFINITIONAL_REPRESENTATION('',(#8156),#8160);
#8156 = LINE('',#8157,#8158);
#8157 = CARTESIAN_POINT('',(0.,0.));
#8158 = VECTOR('',#8159,1.);
#8159 = DIRECTION('',(1.,0.));
#8160 = ( GEOMETRIC_REPRESENTATION_CONTEXT(2) 
PARAMETRIC_REPRESENTATION_CONTEXT() REPRESENTATION_CONTEXT('2D SPACE',''
  ) );
#8161 = ADVANCED_FACE('',(#8162),#8120,.F.);
#8162 = FACE_BOUND('',#8163,.F.);
#8163 = EDGE_LOOP('',(#8164,#8165,#8186,#8187));
#8164 = ORIENTED_EDGE('',*,*,#8103,.F.);
#8165 = ORIENTED_EDGE('',*,*,#8166,.F.);
#8166 = EDGE_CURVE('',#8139,#8104,#8167,.T.);
#8167 = SEAM_CURVE('',#8168,(#8172,#8179),.PCURVE_S1.);
#8168 = LINE('',#8169,#8170);
#8169 = CARTESIAN_POINT('',(1.17475E+03,991.57670325002,
    1.603927093957E+03));
#8170 = VECTOR('',#8171,1.);
#8171 = DIRECTION('',(-1.,0.,-0.));
#8172 = PCURVE('',#8120,#8173);
#8173 = DEFINITIONAL_REPRESENTATION('',(#8174),#8178);
#8174 = LINE('',#8175,#8176);
#8175 = CARTESIAN_POINT('',(6.28318530718,-0.));
#8176 = VECTOR('',#8177,1.);
#8177 = DIRECTION('',(0.,1.));
#8178 = ( GEOMETRIC_REPRESENTATION_CONTEXT(2) 
PARAMETRIC_REPRESENTATION_CONTEXT() REPRESENTATION_CONTEXT('2D SPACE',''
  ) );
#8179 = PCURVE('',#8120,#8180);
#8180 = DEFINITIONAL_REPRESENTATION('',(#8181),#8185);
#8181 = LINE('',#8182,#8183);
#8182 = CARTESIAN_POINT('',(0.,-0.));
#8183 = VECTOR('',#8184,1.);
#8184 = DIRECTION('',(0.,1.));
#8185 = ( GEOMETRIC_REPRESENTATION_CONTEXT(2) 
PARAMETRIC_REPRESENTATION_CONTEXT() REPRESENTATION_CONTEXT('2D SPACE',''
  ) );
#8186 = ORIENTED_EDGE('',*,*,#8138,.T.);
#8187 = ORIENTED_EDGE('',*,*,#8166,.T.);
#8188 = ( GEOMETRIC_REPRESENTATION_CONTEXT(3) 
GLOBAL_UNCERTAINTY_ASSIGNED_CONTEXT((#8192)) 
GLOBAL_UNIT_ASSIGNED_CONTEXT((#8189,#8190,#8191)) REPRESENTATION_CONTEXT
('Context #1','3D Context with UNIT and UNCERTAINTY') );
#8189 = ( LENGTH_UNIT() NAMED_UNIT(*) SI_UNIT(.MILLI.,.METRE.) );
#8190 = ( NAMED_UNIT(*) PLANE_ANGLE_UNIT() SI_UNIT($,.RADIAN.) );
#8191 = ( NAMED_UNIT(*) SI_UNIT($,.STERADIAN.) SOLID_ANGLE_UNIT() );
#8192 = UNCERTAINTY_MEASURE_WITH_UNIT(LENGTH_MEASURE(1.E-07),#8189,
  'distance_accuracy_value','confusion accuracy');
#8193 = CONTEXT_DEPENDENT_SHAPE_REPRESENTATION(#8194,#8196);
#8194 = ( REPRESENTATION_RELATIONSHIP('','',#8005,#10) 
REPRESENTATION_RELATIONSHIP_WITH_TRANSFORMATION(#8195) 
SHAPE_REPRESENTATION_RELATIONSHIP() );
#8195 = ITEM_DEFINED_TRANSFORMATION('','',#11,#195);
#8196 = PRODUCT_DEFINITION_SHAPE('Placement','Placement of an item',
  #8197);
#8197 = NEXT_ASSEMBLY_USAGE_OCCURRENCE('46',
  'lumber_leg_bolt_right_4_spacer','',#5,#8000,$);
#8198 = PRODUCT_RELATED_PRODUCT_CATEGORY('part',$,(#8002));
#8199 = SHAPE_DEFINITION_REPRESENTATION(#8200,#8206);
#8200 = PRODUCT_DEFINITION_SHAPE('','',#8201);
#8201 = PRODUCT_DEFINITION('design','',#8202,#8205);
#8202 = PRODUCT_DEFINITION_FORMATION('','',#8203);
#8203 = PRODUCT('lumber_leg_bolt_right_4_head',
  'lumber_leg_bolt_right_4_head','',(#8204));
#8204 = PRODUCT_CONTEXT('',#2,'mechanical');
#8205 = PRODUCT_DEFINITION_CONTEXT('part definition',#2,'design');
#8206 = ADVANCED_BREP_SHAPE_REPRESENTATION('',(#11,#8207),#8305);
#8207 = MANIFOLD_SOLID_BREP('',#8208);
#8208 = CLOSED_SHELL('',(#8209,#8297,#8301));
#8209 = ADVANCED_FACE('',(#8210),#8223,.T.);
#8210 = FACE_BOUND('',#8211,.T.);
#8211 = EDGE_LOOP('',(#8212,#8246,#8269,#8296));
#8212 = ORIENTED_EDGE('',*,*,#8213,.F.);
#8213 = EDGE_CURVE('',#8214,#8214,#8216,.T.);
#8214 = VERTEX_POINT('',#8215);
#8215 = CARTESIAN_POINT('',(1.2704572E+03,991.57670325002,
    1.617738343957E+03));
#8216 = SURFACE_CURVE('',#8217,(#8222,#8234),.PCURVE_S1.);
#8217 = CIRCLE('',#8218,8.255);
#8218 = AXIS2_PLACEMENT_3D('',#8219,#8220,#8221);
#8219 = CARTESIAN_POINT('',(1.2704572E+03,991.57670325002,
    1.609483343957E+03));
#8220 = DIRECTION('',(1.,0.,0.));
#8221 = DIRECTION('',(-0.,0.,1.));
#8222 = PCURVE('',#8223,#8228);
#8223 = CYLINDRICAL_SURFACE('',#8224,8.255);
#8224 = AXIS2_PLACEMENT_3D('',#8225,#8226,#8227);
#8225 = CARTESIAN_POINT('',(1.26365E+03,991.57670325002,
    1.609483343957E+03));
#8226 = DIRECTION('',(1.,0.,0.));
#8227 = DIRECTION('',(-0.,0.,1.));
#8228 = DEFINITIONAL_REPRESENTATION('',(#8229),#8233);
#8229 = LINE('',#8230,#8231);
#8230 = CARTESIAN_POINT('',(0.,6.8072));
#8231 = VECTOR('',#8232,1.);
#8232 = DIRECTION('',(1.,0.));
#8233 = ( GEOMETRIC_REPRESENTATION_CONTEXT(2) 
PARAMETRIC_REPRESENTATION_CONTEXT() REPRESENTATION_CONTEXT('2D SPACE',''
  ) );
#8234 = PCURVE('',#8235,#8240);
#8235 = PLANE('',#8236);
#8236 = AXIS2_PLACEMENT_3D('',#8237,#8238,#8239);
#8237 = CARTESIAN_POINT('',(1.2704572E+03,991.57670325002,
    1.609483343957E+03));
#8238 = DIRECTION('',(1.,0.,0.));
#8239 = DIRECTION('',(-0.,0.,1.));
#8240 = DEFINITIONAL_REPRESENTATION('',(#8241),#8245);
#8241 = CIRCLE('',#8242,8.255);
#8242 = AXIS2_PLACEMENT_2D('',#8243,#8244);
#8243 = CARTESIAN_POINT('',(0.,0.));
#8244 = DIRECTION('',(1.,0.));
#8245 = ( GEOMETRIC_REPRESENTATION_CONTEXT(2) 
PARAMETRIC_REPRESENTATION_CONTEXT() REPRESENTATION_CONTEXT('2D SPACE',''
  ) );
#8246 = ORIENTED_EDGE('',*,*,#8247,.F.);
#8247 = EDGE_CURVE('',#8248,#8214,#8250,.T.);
#8248 = VERTEX_POINT('',#8249);
#8249 = CARTESIAN_POINT('',(1.26365E+03,991.57670325002,
    1.617738343957E+03));
#8250 = SEAM_CURVE('',#8251,(#8255,#8262),.PCURVE_S1.);
#8251 = LINE('',#8252,#8253);
#8252 = CARTESIAN_POINT('',(1.26365E+03,991.57670325002,
    1.617738343957E+03));
#8253 = VECTOR('',#8254,1.);
#8254 = DIRECTION('',(1.,0.,0.));
#8255 = PCURVE('',#8223,#8256);
#8256 = DEFINITIONAL_REPRESENTATION('',(#8257),#8261);
#8257 = LINE('',#8258,#8259);
#8258 = CARTESIAN_POINT('',(6.28318530718,-0.));
#8259 = VECTOR('',#8260,1.);
#8260 = DIRECTION('',(0.,1.));
#8261 = ( GEOMETRIC_REPRESENTATION_CONTEXT(2) 
PARAMETRIC_REPRESENTATION_CONTEXT() REPRESENTATION_CONTEXT('2D SPACE',''
  ) );
#8262 = PCURVE('',#8223,#8263);
#8263 = DEFINITIONAL_REPRESENTATION('',(#8264),#8268);
#8264 = LINE('',#8265,#8266);
#8265 = CARTESIAN_POINT('',(0.,-0.));
#8266 = VECTOR('',#8267,1.);
#8267 = DIRECTION('',(0.,1.));
#8268 = ( GEOMETRIC_REPRESENTATION_CONTEXT(2) 
PARAMETRIC_REPRESENTATION_CONTEXT() REPRESENTATION_CONTEXT('2D SPACE',''
  ) );
#8269 = ORIENTED_EDGE('',*,*,#8270,.T.);
#8270 = EDGE_CURVE('',#8248,#8248,#8271,.T.);
#8271 = SURFACE_CURVE('',#8272,(#8277,#8284),.PCURVE_S1.);
#8272 = CIRCLE('',#8273,8.255);
#8273 = AXIS2_PLACEMENT_3D('',#8274,#8275,#8276);
#8274 = CARTESIAN_POINT('',(1.26365E+03,991.57670325002,
    1.609483343957E+03));
#8275 = DIRECTION('',(1.,0.,0.));
#8276 = DIRECTION('',(-0.,0.,1.));
#8277 = PCURVE('',#8223,#8278);
#8278 = DEFINITIONAL_REPRESENTATION('',(#8279),#8283);
#8279 = LINE('',#8280,#8281);
#8280 = CARTESIAN_POINT('',(0.,0.));
#8281 = VECTOR('',#8282,1.);
#8282 = DIRECTION('',(1.,0.));
#8283 = ( GEOMETRIC_REPRESENTATION_CONTEXT(2) 
PARAMETRIC_REPRESENTATION_CONTEXT() REPRESENTATION_CONTEXT('2D SPACE',''
  ) );
#8284 = PCURVE('',#8285,#8290);
#8285 = PLANE('',#8286);
#8286 = AXIS2_PLACEMENT_3D('',#8287,#8288,#8289);
#8287 = CARTESIAN_POINT('',(1.26365E+03,991.57670325002,
    1.609483343957E+03));
#8288 = DIRECTION('',(1.,0.,0.));
#8289 = DIRECTION('',(-0.,0.,1.));
#8290 = DEFINITIONAL_REPRESENTATION('',(#8291),#8295);
#8291 = CIRCLE('',#8292,8.255);
#8292 = AXIS2_PLACEMENT_2D('',#8293,#8294);
#8293 = CARTESIAN_POINT('',(0.,0.));
#8294 = DIRECTION('',(1.,0.));
#8295 = ( GEOMETRIC_REPRESENTATION_CONTEXT(2) 
PARAMETRIC_REPRESENTATION_CONTEXT() REPRESENTATION_CONTEXT('2D SPACE',''
  ) );
#8296 = ORIENTED_EDGE('',*,*,#8247,.T.);
#8297 = ADVANCED_FACE('',(#8298),#8235,.T.);
#8298 = FACE_BOUND('',#8299,.T.);
#8299 = EDGE_LOOP('',(#8300));
#8300 = ORIENTED_EDGE('',*,*,#8213,.T.);
#8301 = ADVANCED_FACE('',(#8302),#8285,.F.);
#8302 = FACE_BOUND('',#8303,.T.);
#8303 = EDGE_LOOP('',(#8304));
#8304 = ORIENTED_EDGE('',*,*,#8270,.F.);
#8305 = ( GEOMETRIC_REPRESENTATION_CONTEXT(3) 
GLOBAL_UNCERTAINTY_ASSIGNED_CONTEXT((#8309)) 
GLOBAL_UNIT_ASSIGNED_CONTEXT((#8306,#8307,#8308)) REPRESENTATION_CONTEXT
('Context #1','3D Context with UNIT and UNCERTAINTY') );
#8306 = ( LENGTH_UNIT() NAMED_UNIT(*) SI_UNIT(.MILLI.,.METRE.) );
#8307 = ( NAMED_UNIT(*) PLANE_ANGLE_UNIT() SI_UNIT($,.RADIAN.) );
#8308 = ( NAMED_UNIT(*) SI_UNIT($,.STERADIAN.) SOLID_ANGLE_UNIT() );
#8309 = UNCERTAINTY_MEASURE_WITH_UNIT(LENGTH_MEASURE(1.E-07),#8306,
  'distance_accuracy_value','confusion accuracy');
#8310 = CONTEXT_DEPENDENT_SHAPE_REPRESENTATION(#8311,#8313);
#8311 = ( REPRESENTATION_RELATIONSHIP('','',#8206,#10) 
REPRESENTATION_RELATIONSHIP_WITH_TRANSFORMATION(#8312) 
SHAPE_REPRESENTATION_RELATIONSHIP() );
#8312 = ITEM_DEFINED_TRANSFORMATION('','',#11,#199);
#8313 = PRODUCT_DEFINITION_SHAPE('Placement','Placement of an item',
  #8314);
#8314 = NEXT_ASSEMBLY_USAGE_OCCURRENCE('47',
  'lumber_leg_bolt_right_4_head','',#5,#8201,$);
#8315 = PRODUCT_RELATED_PRODUCT_CATEGORY('part',$,(#8203));
#8316 = SHAPE_DEFINITION_REPRESENTATION(#8317,#8323);
#8317 = PRODUCT_DEFINITION_SHAPE('','',#8318);
#8318 = PRODUCT_DEFINITION('design','',#8319,#8322);
#8319 = PRODUCT_DEFINITION_FORMATION('','',#8320);
#8320 = PRODUCT('lumber_leg_bolt_right_4_nut',
  'lumber_leg_bolt_right_4_nut','',(#8321));
#8321 = PRODUCT_CONTEXT('',#2,'mechanical');
#8322 = PRODUCT_DEFINITION_CONTEXT('part definition',#2,'design');
#8323 = ADVANCED_BREP_SHAPE_REPRESENTATION('',(#11,#8324),#8506);
#8324 = MANIFOLD_SOLID_BREP('',#8325);
#8325 = CLOSED_SHELL('',(#8326,#8414,#8449,#8479));
#8326 = ADVANCED_FACE('',(#8327),#8340,.T.);
#8327 = FACE_BOUND('',#8328,.T.);
#8328 = EDGE_LOOP('',(#8329,#8363,#8386,#8413));
#8329 = ORIENTED_EDGE('',*,*,#8330,.F.);
#8330 = EDGE_CURVE('',#8331,#8331,#8333,.T.);
#8331 = VERTEX_POINT('',#8332);
#8332 = CARTESIAN_POINT('',(1.1471402E+03,991.57670325002,
    1.601228343957E+03));
#8333 = SURFACE_CURVE('',#8334,(#8339,#8351),.PCURVE_S1.);
#8334 = CIRCLE('',#8335,8.255);
#8335 = AXIS2_PLACEMENT_3D('',#8336,#8337,#8338);
#8336 = CARTESIAN_POINT('',(1.1471402E+03,991.57670325002,
    1.609483343957E+03));
#8337 = DIRECTION('',(-1.,-0.,-0.));
#8338 = DIRECTION('',(0.,0.,-1.));
#8339 = PCURVE('',#8340,#8345);
#8340 = CYLINDRICAL_SURFACE('',#8341,8.255);
#8341 = AXIS2_PLACEMENT_3D('',#8342,#8343,#8344);
#8342 = CARTESIAN_POINT('',(1.1557E+03,991.57670325002,
    1.609483343957E+03));
#8343 = DIRECTION('',(-1.,-0.,-0.));
#8344 = DIRECTION('',(0.,0.,-1.));
#8345 = DEFINITIONAL_REPRESENTATION('',(#8346),#8350);
#8346 = LINE('',#8347,#8348);
#8347 = CARTESIAN_POINT('',(0.,8.5598));
#8348 = VECTOR('',#8349,1.);
#8349 = DIRECTION('',(1.,0.));
#8350 = ( GEOMETRIC_REPRESENTATION_CONTEXT(2) 
PARAMETRIC_REPRESENTATION_CONTEXT() REPRESENTATION_CONTEXT('2D SPACE',''
  ) );
#8351 = PCURVE('',#8352,#8357);
#8352 = PLANE('',#8353);
#8353 = AXIS2_PLACEMENT_3D('',#8354,#8355,#8356);
#8354 = CARTESIAN_POINT('',(1.1471402E+03,991.57670325002,
    1.609483343957E+03));
#8355 = DIRECTION('',(-1.,-0.,-0.));
#8356 = DIRECTION('',(0.,0.,-1.));
#8357 = DEFINITIONAL_REPRESENTATION('',(#8358),#8362);
#8358 = CIRCLE('',#8359,8.255);
#8359 = AXIS2_PLACEMENT_2D('',#8360,#8361);
#8360 = CARTESIAN_POINT('',(0.,0.));
#8361 = DIRECTION('',(1.,0.));
#8362 = ( GEOMETRIC_REPRESENTATION_CONTEXT(2) 
PARAMETRIC_REPRESENTATION_CONTEXT() REPRESENTATION_CONTEXT('2D SPACE',''
  ) );
#8363 = ORIENTED_EDGE('',*,*,#8364,.F.);
#8364 = EDGE_CURVE('',#8365,#8331,#8367,.T.);
#8365 = VERTEX_POINT('',#8366);
#8366 = CARTESIAN_POINT('',(1.1557E+03,991.57670325002,
    1.601228343957E+03));
#8367 = SEAM_CURVE('',#8368,(#8372,#8379),.PCURVE_S1.);
#8368 = LINE('',#8369,#8370);
#8369 = CARTESIAN_POINT('',(1.1557E+03,991.57670325002,
    1.601228343957E+03));
#8370 = VECTOR('',#8371,1.);
#8371 = DIRECTION('',(-1.,0.,-0.));
#8372 = PCURVE('',#8340,#8373);
#8373 = DEFINITIONAL_REPRESENTATION('',(#8374),#8378);
#8374 = LINE('',#8375,#8376);
#8375 = CARTESIAN_POINT('',(6.28318530718,-0.));
#8376 = VECTOR('',#8377,1.);
#8377 = DIRECTION('',(0.,1.));
#8378 = ( GEOMETRIC_REPRESENTATION_CONTEXT(2) 
PARAMETRIC_REPRESENTATION_CONTEXT() REPRESENTATION_CONTEXT('2D SPACE',''
  ) );
#8379 = PCURVE('',#8340,#8380);
#8380 = DEFINITIONAL_REPRESENTATION('',(#8381),#8385);
#8381 = LINE('',#8382,#8383);
#8382 = CARTESIAN_POINT('',(0.,-0.));
#8383 = VECTOR('',#8384,1.);
#8384 = DIRECTION('',(0.,1.));
#8385 = ( GEOMETRIC_REPRESENTATION_CONTEXT(2) 
PARAMETRIC_REPRESENTATION_CONTEXT() REPRESENTATION_CONTEXT('2D SPACE',''
  ) );
#8386 = ORIENTED_EDGE('',*,*,#8387,.T.);
#8387 = EDGE_CURVE('',#8365,#8365,#8388,.T.);
#8388 = SURFACE_CURVE('',#8389,(#8394,#8401),.PCURVE_S1.);
#8389 = CIRCLE('',#8390,8.255);
#8390 = AXIS2_PLACEMENT_3D('',#8391,#8392,#8393);
#8391 = CARTESIAN_POINT('',(1.1557E+03,991.57670325002,
    1.609483343957E+03));
#8392 = DIRECTION('',(-1.,-0.,-0.));
#8393 = DIRECTION('',(0.,0.,-1.));
#8394 = PCURVE('',#8340,#8395);
#8395 = DEFINITIONAL_REPRESENTATION('',(#8396),#8400);
#8396 = LINE('',#8397,#8398);
#8397 = CARTESIAN_POINT('',(0.,0.));
#8398 = VECTOR('',#8399,1.);
#8399 = DIRECTION('',(1.,0.));
#8400 = ( GEOMETRIC_REPRESENTATION_CONTEXT(2) 
PARAMETRIC_REPRESENTATION_CONTEXT() REPRESENTATION_CONTEXT('2D SPACE',''
  ) );
#8401 = PCURVE('',#8402,#8407);
#8402 = PLANE('',#8403);
#8403 = AXIS2_PLACEMENT_3D('',#8404,#8405,#8406);
#8404 = CARTESIAN_POINT('',(1.1557E+03,991.57670325002,
    1.609483343957E+03));
#8405 = DIRECTION('',(-1.,-0.,-0.));
#8406 = DIRECTION('',(0.,0.,-1.));
#8407 = DEFINITIONAL_REPRESENTATION('',(#8408),#8412);
#8408 = CIRCLE('',#8409,8.255);
#8409 = AXIS2_PLACEMENT_2D('',#8410,#8411);
#8410 = CARTESIAN_POINT('',(0.,0.));
#8411 = DIRECTION('',(1.,0.));
#8412 = ( GEOMETRIC_REPRESENTATION_CONTEXT(2) 
PARAMETRIC_REPRESENTATION_CONTEXT() REPRESENTATION_CONTEXT('2D SPACE',''
  ) );
#8413 = ORIENTED_EDGE('',*,*,#8364,.T.);
#8414 = ADVANCED_FACE('',(#8415,#8418),#8352,.T.);
#8415 = FACE_BOUND('',#8416,.T.);
#8416 = EDGE_LOOP('',(#8417));
#8417 = ORIENTED_EDGE('',*,*,#8330,.T.);
#8418 = FACE_BOUND('',#8419,.T.);
#8419 = EDGE_LOOP('',(#8420));
#8420 = ORIENTED_EDGE('',*,*,#8421,.F.);
#8421 = EDGE_CURVE('',#8422,#8422,#8424,.T.);
#8422 = VERTEX_POINT('',#8423);
#8423 = CARTESIAN_POINT('',(1.1471402E+03,991.57670325002,
    1.604555743957E+03));
#8424 = SURFACE_CURVE('',#8425,(#8430,#8437),.PCURVE_S1.);
#8425 = CIRCLE('',#8426,4.9276);
#8426 = AXIS2_PLACEMENT_3D('',#8427,#8428,#8429);
#8427 = CARTESIAN_POINT('',(1.1471402E+03,991.57670325002,
    1.609483343957E+03));
#8428 = DIRECTION('',(-1.,-0.,-0.));
#8429 = DIRECTION('',(0.,0.,-1.));
#8430 = PCURVE('',#8352,#8431);
#8431 = DEFINITIONAL_REPRESENTATION('',(#8432),#8436);
#8432 = CIRCLE('',#8433,4.9276);
#8433 = AXIS2_PLACEMENT_2D('',#8434,#8435);
#8434 = CARTESIAN_POINT('',(0.,0.));
#8435 = DIRECTION('',(1.,0.));
#8436 = ( GEOMETRIC_REPRESENTATION_CONTEXT(2) 
PARAMETRIC_REPRESENTATION_CONTEXT() REPRESENTATION_CONTEXT('2D SPACE',''
  ) );
#8437 = PCURVE('',#8438,#8443);
#8438 = CYLINDRICAL_SURFACE('',#8439,4.9276);
#8439 = AXIS2_PLACEMENT_3D('',#8440,#8441,#8442);
#8440 = CARTESIAN_POINT('',(1.1557E+03,991.57670325002,
    1.609483343957E+03));
#8441 = DIRECTION('',(-1.,-0.,-0.));
#8442 = DIRECTION('',(0.,0.,-1.));
#8443 = DEFINITIONAL_REPRESENTATION('',(#8444),#8448);
#8444 = LINE('',#8445,#8446);
#8445 = CARTESIAN_POINT('',(0.,8.5598));
#8446 = VECTOR('',#8447,1.);
#8447 = DIRECTION('',(1.,0.));
#8448 = ( GEOMETRIC_REPRESENTATION_CONTEXT(2) 
PARAMETRIC_REPRESENTATION_CONTEXT() REPRESENTATION_CONTEXT('2D SPACE',''
  ) );
#8449 = ADVANCED_FACE('',(#8450,#8453),#8402,.F.);
#8450 = FACE_BOUND('',#8451,.F.);
#8451 = EDGE_LOOP('',(#8452));
#8452 = ORIENTED_EDGE('',*,*,#8387,.T.);
#8453 = FACE_BOUND('',#8454,.F.);
#8454 = EDGE_LOOP('',(#8455));
#8455 = ORIENTED_EDGE('',*,*,#8456,.F.);
#8456 = EDGE_CURVE('',#8457,#8457,#8459,.T.);
#8457 = VERTEX_POINT('',#8458);
#8458 = CARTESIAN_POINT('',(1.1557E+03,991.57670325002,
    1.604555743957E+03));
#8459 = SURFACE_CURVE('',#8460,(#8465,#8472),.PCURVE_S1.);
#8460 = CIRCLE('',#8461,4.9276);
#8461 = AXIS2_PLACEMENT_3D('',#8462,#8463,#8464);
#8462 = CARTESIAN_POINT('',(1.1557E+03,991.57670325002,
    1.609483343957E+03));
#8463 = DIRECTION('',(-1.,-0.,-0.));
#8464 = DIRECTION('',(0.,0.,-1.));
#8465 = PCURVE('',#8402,#8466);
#8466 = DEFINITIONAL_REPRESENTATION('',(#8467),#8471);
#8467 = CIRCLE('',#8468,4.9276);
#8468 = AXIS2_PLACEMENT_2D('',#8469,#8470);
#8469 = CARTESIAN_POINT('',(0.,0.));
#8470 = DIRECTION('',(1.,0.));
#8471 = ( GEOMETRIC_REPRESENTATION_CONTEXT(2) 
PARAMETRIC_REPRESENTATION_CONTEXT() REPRESENTATION_CONTEXT('2D SPACE',''
  ) );
#8472 = PCURVE('',#8438,#8473);
#8473 = DEFINITIONAL_REPRESENTATION('',(#8474),#8478);
#8474 = LINE('',#8475,#8476);
#8475 = CARTESIAN_POINT('',(0.,0.));
#8476 = VECTOR('',#8477,1.);
#8477 = DIRECTION('',(1.,0.));
#8478 = ( GEOMETRIC_REPRESENTATION_CONTEXT(2) 
PARAMETRIC_REPRESENTATION_CONTEXT() REPRESENTATION_CONTEXT('2D SPACE',''
  ) );
#8479 = ADVANCED_FACE('',(#8480),#8438,.F.);
#8480 = FACE_BOUND('',#8481,.F.);
#8481 = EDGE_LOOP('',(#8482,#8483,#8504,#8505));
#8482 = ORIENTED_EDGE('',*,*,#8421,.F.);
#8483 = ORIENTED_EDGE('',*,*,#8484,.F.);
#8484 = EDGE_CURVE('',#8457,#8422,#8485,.T.);
#8485 = SEAM_CURVE('',#8486,(#8490,#8497),.PCURVE_S1.);
#8486 = LINE('',#8487,#8488);
#8487 = CARTESIAN_POINT('',(1.1557E+03,991.57670325002,
    1.604555743957E+03));
#8488 = VECTOR('',#8489,1.);
#8489 = DIRECTION('',(-1.,0.,-0.));
#8490 = PCURVE('',#8438,#8491);
#8491 = DEFINITIONAL_REPRESENTATION('',(#8492),#8496);
#8492 = LINE('',#8493,#8494);
#8493 = CARTESIAN_POINT('',(6.28318530718,-0.));
#8494 = VECTOR('',#8495,1.);
#8495 = DIRECTION('',(0.,1.));
#8496 = ( GEOMETRIC_REPRESENTATION_CONTEXT(2) 
PARAMETRIC_REPRESENTATION_CONTEXT() REPRESENTATION_CONTEXT('2D SPACE',''
  ) );
#8497 = PCURVE('',#8438,#8498);
#8498 = DEFINITIONAL_REPRESENTATION('',(#8499),#8503);
#8499 = LINE('',#8500,#8501);
#8500 = CARTESIAN_POINT('',(0.,-0.));
#8501 = VECTOR('',#8502,1.);
#8502 = DIRECTION('',(0.,1.));
#8503 = ( GEOMETRIC_REPRESENTATION_CONTEXT(2) 
PARAMETRIC_REPRESENTATION_CONTEXT() REPRESENTATION_CONTEXT('2D SPACE',''
  ) );
#8504 = ORIENTED_EDGE('',*,*,#8456,.T.);
#8505 = ORIENTED_EDGE('',*,*,#8484,.T.);
#8506 = ( GEOMETRIC_REPRESENTATION_CONTEXT(3) 
GLOBAL_UNCERTAINTY_ASSIGNED_CONTEXT((#8510)) 
GLOBAL_UNIT_ASSIGNED_CONTEXT((#8507,#8508,#8509)) REPRESENTATION_CONTEXT
('Context #1','3D Context with UNIT and UNCERTAINTY') );
#8507 = ( LENGTH_UNIT() NAMED_UNIT(*) SI_UNIT(.MILLI.,.METRE.) );
#8508 = ( NAMED_UNIT(*) PLANE_ANGLE_UNIT() SI_UNIT($,.RADIAN.) );
#8509 = ( NAMED_UNIT(*) SI_UNIT($,.STERADIAN.) SOLID_ANGLE_UNIT() );
#8510 = UNCERTAINTY_MEASURE_WITH_UNIT(LENGTH_MEASURE(1.E-07),#8507,
  'distance_accuracy_value','confusion accuracy');
#8511 = CONTEXT_DEPENDENT_SHAPE_REPRESENTATION(#8512,#8514);
#8512 = ( REPRESENTATION_RELATIONSHIP('','',#8323,#10) 
REPRESENTATION_RELATIONSHIP_WITH_TRANSFORMATION(#8513) 
SHAPE_REPRESENTATION_RELATIONSHIP() );
#8513 = ITEM_DEFINED_TRANSFORMATION('','',#11,#203);
#8514 = PRODUCT_DEFINITION_SHAPE('Placement','Placement of an item',
  #8515);
#8515 = NEXT_ASSEMBLY_USAGE_OCCURRENCE('48',
  'lumber_leg_bolt_right_4_nut','',#5,#8318,$);
#8516 = PRODUCT_RELATED_PRODUCT_CATEGORY('part',$,(#8320));
ENDSEC;
END-ISO-10303-21;
