part,kind,dimension_1_mm,dimension_2_mm,dimension_3_mm,description
main_lower_left,part,1219.2,1219.2,18.256249999999998,"Purchased 23/32 CAT face; unchanged main backplane; opt-in panel_grid_v2 datums; GEOMETRY CONCEPT ONLY; retention, service access and structural capacity unqualified; NOT build-ready"
main_lower_right,part,1219.2,1219.2,18.256249999999998,"Purchased 23/32 CAT face; unchanged main backplane; opt-in panel_grid_v2 datums; GEOMETRY CONCEPT ONLY; retention, service access and structural capacity unqualified; NOT build-ready"
main_upper_left,part,1219.2,1219.2,18.256249999999998,"Purchased 23/32 CAT face; unchanged main backplane; opt-in panel_grid_v2 datums; GEOMETRY CONCEPT ONLY; retention, service access and structural capacity unqualified; NOT build-ready"
main_upper_right,part,1219.2,1219.2,18.256249999999998,"Purchased 23/32 CAT face; unchanged main backplane; opt-in panel_grid_v2 datums; GEOMETRY CONCEPT ONLY; retention, service access and structural capacity unqualified; NOT build-ready"
kicker_left,part,1219.2,225.0,18.256249999999998,"225mm kicker; ten total active-zone T-nut holes; no main-grid LEDs in kicker; GEOMETRY CONCEPT ONLY; retention, service access and structural capacity unqualified; NOT build-ready"
kicker_right,part,1219.2,225.0,18.256249999999998,"225mm kicker; ten total active-zone T-nut holes; no main-grid LEDs in kicker; GEOMETRY CONCEPT ONLY; retention, service access and structural capacity unqualified; NOT build-ready"
base_side_left,part,2608.023990442487,139.7,38.1,"Single nominal 2x6 outer rim; grain along slope; level bearing cut; Enclosed provisional 25.4 mm round strand passages; measured maximum harness diameter 12.7 mm; lights installed after panels; feeding access, bore residual sections, connections and stability unqualified; NOT build-ready"
base_side_right,part,2608.023990442487,139.7,38.1,"Single nominal 2x6 outer rim; grain along slope; level bearing cut; Enclosed provisional 25.4 mm round strand passages; measured maximum harness diameter 12.7 mm; lights installed after panels; feeding access, bore residual sections, connections and stability unqualified; NOT build-ready"
base_rail_top,part,2362.2000000000003,139.7,38.1,"Single nominal 2x6 top crossmember; grain X; square cut; Enclosed provisional 25.4 mm round strand passages; measured maximum harness diameter 12.7 mm; lights installed after panels; feeding access, bore residual sections, connections and stability unqualified; NOT build-ready"
base_header,part,2438.4,234.95,38.1,"Single nominal 2x10 flat header; retained front datum and height; Enclosed provisional 25.4 mm round strand passages; measured maximum harness diameter 12.7 mm; lights installed after panels; feeding access, bore residual sections, connections and stability unqualified; NOT build-ready"
base_post_outer_left,part,186.9,234.95,38.1,"Single nominal 2x10 outer post; full-depth header support; retained gusset bolt grips; Enclosed provisional 25.4 mm round strand passages; measured maximum harness diameter 12.7 mm; lights installed after panels; feeding access, bore residual sections, connections and stability unqualified; NOT build-ready"
base_post_outer_right,part,186.9,234.95,38.1,"Single nominal 2x10 outer post; full-depth header support; retained gusset bolt grips; Enclosed provisional 25.4 mm round strand passages; measured maximum harness diameter 12.7 mm; lights installed after panels; feeding access, bore residual sections, connections and stability unqualified; NOT build-ready"
lumber_leg_left,part,1807.9717682704706,139.7,38.1,"Single nominal 2x6 leg; retained square top and level foot; relocated bolt group; Enclosed provisional 25.4 mm round strand passages; measured maximum harness diameter 12.7 mm; lights installed after panels; feeding access, bore residual sections, connections and stability unqualified; NOT build-ready"
lumber_leg_right,part,1807.9717682704706,139.7,38.1,"Single nominal 2x6 leg; retained square top and level foot; relocated bolt group; Enclosed provisional 25.4 mm round strand passages; measured maximum harness diameter 12.7 mm; lights installed after panels; feeding access, bore residual sections, connections and stability unqualified; NOT build-ready"
base_principal_center_left,part,2532.626011836657,139.7,38.1,"Independent single nominal 2x6 center principal; no service pockets or housing; level bearing cut; grain along slope; Enclosed provisional 25.4 mm round strand passages; measured maximum harness diameter 12.7 mm; lights installed after panels; feeding access, bore residual sections, connections and stability unqualified; NOT build-ready; enclosed round strand passage, provisional diameter"
base_post_center_left,part,186.9,234.95,38.1,"Independent single nominal 2x10 center post; vertical grain; full-depth header support; Enclosed provisional 25.4 mm round strand passages; measured maximum harness diameter 12.7 mm; lights installed after panels; feeding access, bore residual sections, connections and stability unqualified; NOT build-ready"
base_principal_center_right,part,2532.626011836657,139.7,38.1,"Independent single nominal 2x6 center principal; no service pockets or housing; level bearing cut; grain along slope; Enclosed provisional 25.4 mm round strand passages; measured maximum harness diameter 12.7 mm; lights installed after panels; feeding access, bore residual sections, connections and stability unqualified; NOT build-ready; enclosed round strand passage, provisional diameter"
base_post_center_right,part,186.9,234.95,38.1,"Independent single nominal 2x10 center post; vertical grain; full-depth header support; Enclosed provisional 25.4 mm round strand passages; measured maximum harness diameter 12.7 mm; lights installed after panels; feeding access, bore residual sections, connections and stability unqualified; NOT build-ready"
base_rail_bottom_left,part,1092.0500000000002,139.7,38.1,"Independent square-cut single 2x6 horizontal rail; grain X; no inherited service pockets; Enclosed provisional 25.4 mm round strand passages; measured maximum harness diameter 12.7 mm; lights installed after panels; feeding access, bore residual sections, connections and stability unqualified; NOT build-ready; enclosed round strand passage, provisional diameter; enclosed round strand passage, provisional diameter; enclosed round strand passage, provisional diameter; enclosed round strand passage, provisional diameter; enclosed round strand passage, provisional diameter"
base_rail_service_lower_left,part,1092.0500000000002,139.7,38.1,"Independent square-cut single 2x6 horizontal rail; grain X; no inherited service pockets; Enclosed provisional 25.4 mm round strand passages; measured maximum harness diameter 12.7 mm; lights installed after panels; feeding access, bore residual sections, connections and stability unqualified; NOT build-ready; enclosed round strand passage, provisional diameter; enclosed round strand passage, provisional diameter; enclosed round strand passage, provisional diameter; enclosed round strand passage, provisional diameter; enclosed round strand passage, provisional diameter"
base_rail_service_upper_left,part,1092.0500000000002,139.7,38.1,"Independent square-cut single 2x6 horizontal rail; grain X; no inherited service pockets; Enclosed provisional 25.4 mm round strand passages; measured maximum harness diameter 12.7 mm; lights installed after panels; feeding access, bore residual sections, connections and stability unqualified; NOT build-ready; enclosed round strand passage, provisional diameter; enclosed round strand passage, provisional diameter; enclosed round strand passage, provisional diameter; enclosed round strand passage, provisional diameter; enclosed round strand passage, provisional diameter"
base_rail_bottom_right,part,1092.0500000000002,139.7,38.1,"Independent square-cut single 2x6 horizontal rail; grain X; no inherited service pockets; Enclosed provisional 25.4 mm round strand passages; measured maximum harness diameter 12.7 mm; lights installed after panels; feeding access, bore residual sections, connections and stability unqualified; NOT build-ready; enclosed round strand passage, provisional diameter; enclosed round strand passage, provisional diameter; enclosed round strand passage, provisional diameter; enclosed round strand passage, provisional diameter; enclosed round strand passage, provisional diameter"
base_rail_service_lower_right,part,1092.0500000000002,139.7,38.1,"Independent square-cut single 2x6 horizontal rail; grain X; no inherited service pockets; Enclosed provisional 25.4 mm round strand passages; measured maximum harness diameter 12.7 mm; lights installed after panels; feeding access, bore residual sections, connections and stability unqualified; NOT build-ready; enclosed round strand passage, provisional diameter; enclosed round strand passage, provisional diameter; enclosed round strand passage, provisional diameter; enclosed round strand passage, provisional diameter; enclosed round strand passage, provisional diameter"
base_rail_service_upper_right,part,1092.0500000000002,139.7,38.1,"Independent square-cut single 2x6 horizontal rail; grain X; no inherited service pockets; Enclosed provisional 25.4 mm round strand passages; measured maximum harness diameter 12.7 mm; lights installed after panels; feeding access, bore residual sections, connections and stability unqualified; NOT build-ready; enclosed round strand passage, provisional diameter; enclosed round strand passage, provisional diameter; enclosed round strand passage, provisional diameter; enclosed round strand passage, provisional diameter; enclosed round strand passage, provisional diameter"
clip_single_top_left_1,part,101.6,53.35524,53.35524,"Purchased ML24Z; six separately purchased SDS25112 screws; Manufacturer nominal geometry; actual fit, installation and resistance unqualified; NOT build-ready"
clip_single_top_right_2,part,101.6,53.35524,53.35524,"Purchased ML24Z; six separately purchased SDS25112 screws; Manufacturer nominal geometry; actual fit, installation and resistance unqualified; NOT build-ready"
clip_timber_header_outer_left,part,101.6,53.35524,53.35524,"Purchased ML24Z; six separately purchased SDS25112 screws; Manufacturer nominal geometry; actual fit, installation and resistance unqualified; NOT build-ready"
clip_timber_header_outer_right,part,101.6,53.35524,53.35524,"Purchased ML24Z; six separately purchased SDS25112 screws; Manufacturer nominal geometry; actual fit, installation and resistance unqualified; NOT build-ready"
clip_split_top_center_left,part,101.6,53.35524,53.35524,"Purchased ML24Z; six separately purchased SDS25112 screws; Manufacturer nominal geometry; actual fit, installation and resistance unqualified; NOT build-ready"
clip_split_base_center_left,part,101.6,53.35524,53.35524,"Purchased ML24Z; six separately purchased SDS25112 screws; Manufacturer nominal geometry; actual fit, installation and resistance unqualified; NOT build-ready"
clip_split_header_center_left,part,101.6,53.35524,53.35524,"Purchased ML24Z; six separately purchased SDS25112 screws; Manufacturer nominal geometry; actual fit, installation and resistance unqualified; NOT build-ready"
clip_split_top_center_right,part,101.6,53.35524,53.35524,"Purchased ML24Z; six separately purchased SDS25112 screws; Manufacturer nominal geometry; actual fit, installation and resistance unqualified; NOT build-ready"
clip_split_base_center_right,part,101.6,53.35524,53.35524,"Purchased ML24Z; six separately purchased SDS25112 screws; Manufacturer nominal geometry; actual fit, installation and resistance unqualified; NOT build-ready"
clip_split_header_center_right,part,101.6,53.35524,53.35524,"Purchased ML24Z; six separately purchased SDS25112 screws; Manufacturer nominal geometry; actual fit, installation and resistance unqualified; NOT build-ready"
clip_angle_base_left,part,101.6,53.35524,53.35524,"Purchased ML24Z; six separately purchased SDS25112 screws; Manufacturer nominal geometry; actual fit, installation and resistance unqualified; NOT build-ready"
clip_angle_base_right,part,101.6,53.35524,53.35524,"Purchased ML24Z; six separately purchased SDS25112 screws; Manufacturer nominal geometry; actual fit, installation and resistance unqualified; NOT build-ready"
clip_horizontal_bottom_left_1,part,101.6,53.35524,53.35524,"Purchased ML24Z; six separately purchased SDS25112 screws; Manufacturer nominal geometry; actual fit, installation and resistance unqualified; NOT build-ready"
clip_horizontal_bottom_left_2,part,101.6,53.35524,53.35524,"Purchased ML24Z; six separately purchased SDS25112 screws; Manufacturer nominal geometry; actual fit, installation and resistance unqualified; NOT build-ready"
clip_horizontal_lower_left_1,part,101.6,53.35524,53.35524,"Purchased ML24Z; six separately purchased SDS25112 screws; Manufacturer nominal geometry; actual fit, installation and resistance unqualified; NOT build-ready"
clip_horizontal_lower_left_2,part,101.6,53.35524,53.35524,"Purchased ML24Z; six separately purchased SDS25112 screws; Manufacturer nominal geometry; actual fit, installation and resistance unqualified; NOT build-ready"
clip_horizontal_upper_left_1,part,101.6,53.35524,53.35524,"Purchased ML24Z; six separately purchased SDS25112 screws; Manufacturer nominal geometry; actual fit, installation and resistance unqualified; NOT build-ready"
clip_horizontal_upper_left_2,part,101.6,53.35524,53.35524,"Purchased ML24Z; six separately purchased SDS25112 screws; Manufacturer nominal geometry; actual fit, installation and resistance unqualified; NOT build-ready"
clip_horizontal_bottom_right_1,part,101.6,53.35524,53.35524,"Purchased ML24Z; six separately purchased SDS25112 screws; Manufacturer nominal geometry; actual fit, installation and resistance unqualified; NOT build-ready"
clip_horizontal_bottom_right_2,part,101.6,53.35524,53.35524,"Purchased ML24Z; six separately purchased SDS25112 screws; Manufacturer nominal geometry; actual fit, installation and resistance unqualified; NOT build-ready"
clip_horizontal_lower_right_1,part,101.6,53.35524,53.35524,"Purchased ML24Z; six separately purchased SDS25112 screws; Manufacturer nominal geometry; actual fit, installation and resistance unqualified; NOT build-ready"
clip_horizontal_lower_right_2,part,101.6,53.35524,53.35524,"Purchased ML24Z; six separately purchased SDS25112 screws; Manufacturer nominal geometry; actual fit, installation and resistance unqualified; NOT build-ready"
clip_horizontal_upper_right_1,part,101.6,53.35524,53.35524,"Purchased ML24Z; six separately purchased SDS25112 screws; Manufacturer nominal geometry; actual fit, installation and resistance unqualified; NOT build-ready"
clip_horizontal_upper_right_2,part,101.6,53.35524,53.35524,"Purchased ML24Z; six separately purchased SDS25112 screws; Manufacturer nominal geometry; actual fit, installation and resistance unqualified; NOT build-ready"
light_A1,light,12.699999999999932,31.34103482513763,29.177107043189352,"Provisional light envelope; unknown mass excluded; Enclosed provisional 25.4 mm round strand passages; measured maximum harness diameter 12.7 mm; lights installed after panels; feeding access, bore residual sections, connections and stability unqualified; NOT build-ready"
light_A2,light,12.699999999999932,31.34103482513764,29.17710704318938,"Provisional light envelope; unknown mass excluded; Enclosed provisional 25.4 mm round strand passages; measured maximum harness diameter 12.7 mm; lights installed after panels; feeding access, bore residual sections, connections and stability unqualified; NOT build-ready"
light_A3,light,12.699999999999932,31.341034825137598,29.177107043189267,"Provisional light envelope; unknown mass excluded; Enclosed provisional 25.4 mm round strand passages; measured maximum harness diameter 12.7 mm; lights installed after panels; feeding access, bore residual sections, connections and stability unqualified; NOT build-ready"
light_A4,light,12.699999999999932,31.341034825137626,29.177107043189267,"Provisional light envelope; unknown mass excluded; Enclosed provisional 25.4 mm round strand passages; measured maximum harness diameter 12.7 mm; lights installed after panels; feeding access, bore residual sections, connections and stability unqualified; NOT build-ready"
light_A5,light,12.699999999999932,31.341034825137626,29.177107043189267,"Provisional light envelope; unknown mass excluded; Enclosed provisional 25.4 mm round strand passages; measured maximum harness diameter 12.7 mm; lights installed after panels; feeding access, bore residual sections, connections and stability unqualified; NOT build-ready"
light_A6,light,12.699999999999932,31.341034825137626,29.177107043189267,"Provisional light envelope; unknown mass excluded; Enclosed provisional 25.4 mm round strand passages; measured maximum harness diameter 12.7 mm; lights installed after panels; feeding access, bore residual sections, connections and stability unqualified; NOT build-ready"
light_A7,light,12.699999999999932,31.341034825137626,29.177107043189608,"Provisional light envelope; unknown mass excluded; Enclosed provisional 25.4 mm round strand passages; measured maximum harness diameter 12.7 mm; lights installed after panels; feeding access, bore residual sections, connections and stability unqualified; NOT build-ready"
light_A8,light,12.699999999999932,31.341034825137626,29.177107043189608,"Provisional light envelope; unknown mass excluded; Enclosed provisional 25.4 mm round strand passages; measured maximum harness diameter 12.7 mm; lights installed after panels; feeding access, bore residual sections, connections and stability unqualified; NOT build-ready"
light_A9,light,12.699999999999932,31.341034825137626,29.177107043189608,"Provisional light envelope; unknown mass excluded; Enclosed provisional 25.4 mm round strand passages; measured maximum harness diameter 12.7 mm; lights installed after panels; feeding access, bore residual sections, connections and stability unqualified; NOT build-ready"
light_A10,light,12.699999999999932,31.34103482513774,29.177107043189608,"Provisional light envelope; unknown mass excluded; Enclosed provisional 25.4 mm round strand passages; measured maximum harness diameter 12.7 mm; lights installed after panels; feeding access, bore residual sections, connections and stability unqualified; NOT build-ready"
light_A11,light,12.699999999999932,31.34103482513774,29.177107043189608,"Provisional light envelope; unknown mass excluded; Enclosed provisional 25.4 mm round strand passages; measured maximum harness diameter 12.7 mm; lights installed after panels; feeding access, bore residual sections, connections and stability unqualified; NOT build-ready"
light_A12,light,12.699999999999932,31.34103482513774,29.177107043189608,"Provisional light envelope; unknown mass excluded; Enclosed provisional 25.4 mm round strand passages; measured maximum harness diameter 12.7 mm; lights installed after panels; feeding access, bore residual sections, connections and stability unqualified; NOT build-ready"
light_B1,light,12.700000000000045,31.34103482513763,29.177107043189352,"Provisional light envelope; unknown mass excluded; Enclosed provisional 25.4 mm round strand passages; measured maximum harness diameter 12.7 mm; lights installed after panels; feeding access, bore residual sections, connections and stability unqualified; NOT build-ready"
light_B2,light,12.700000000000045,31.34103482513764,29.17710704318938,"Provisional light envelope; unknown mass excluded; Enclosed provisional 25.4 mm round strand passages; measured maximum harness diameter 12.7 mm; lights installed after panels; feeding access, bore residual sections, connections and stability unqualified; NOT build-ready"
light_B3,light,12.700000000000045,31.341034825137598,29.177107043189267,"Provisional light envelope; unknown mass excluded; Enclosed provisional 25.4 mm round strand passages; measured maximum harness diameter 12.7 mm; lights installed after panels; feeding access, bore residual sections, connections and stability unqualified; NOT build-ready"
light_B4,light,12.700000000000045,31.341034825137626,29.177107043189267,"Provisional light envelope; unknown mass excluded; Enclosed provisional 25.4 mm round strand passages; measured maximum harness diameter 12.7 mm; lights installed after panels; feeding access, bore residual sections, connections and stability unqualified; NOT build-ready"
light_B5,light,12.700000000000045,31.341034825137626,29.177107043189267,"Provisional light envelope; unknown mass excluded; Enclosed provisional 25.4 mm round strand passages; measured maximum harness diameter 12.7 mm; lights installed after panels; feeding access, bore residual sections, connections and stability unqualified; NOT build-ready"
light_B6,light,12.700000000000045,31.341034825137626,29.177107043189267,"Provisional light envelope; unknown mass excluded; Enclosed provisional 25.4 mm round strand passages; measured maximum harness diameter 12.7 mm; lights installed after panels; feeding access, bore residual sections, connections and stability unqualified; NOT build-ready"
light_B7,light,12.700000000000045,31.341034825137626,29.177107043189608,"Provisional light envelope; unknown mass excluded; Enclosed provisional 25.4 mm round strand passages; measured maximum harness diameter 12.7 mm; lights installed after panels; feeding access, bore residual sections, connections and stability unqualified; NOT build-ready"
light_B8,light,12.700000000000045,31.341034825137626,29.177107043189608,"Provisional light envelope; unknown mass excluded; Enclosed provisional 25.4 mm round strand passages; measured maximum harness diameter 12.7 mm; lights installed after panels; feeding access, bore residual sections, connections and stability unqualified; NOT build-ready"
light_B9,light,12.700000000000045,31.341034825137626,29.177107043189608,"Provisional light envelope; unknown mass excluded; Enclosed provisional 25.4 mm round strand passages; measured maximum harness diameter 12.7 mm; lights installed after panels; feeding access, bore residual sections, connections and stability unqualified; NOT build-ready"
light_B10,light,12.700000000000045,31.34103482513774,29.177107043189608,"Provisional light envelope; unknown mass excluded; Enclosed provisional 25.4 mm round strand passages; measured maximum harness diameter 12.7 mm; lights installed after panels; feeding access, bore residual sections, connections and stability unqualified; NOT build-ready"
light_B11,light,12.700000000000045,31.34103482513774,29.177107043189608,"Provisional light envelope; unknown mass excluded; Enclosed provisional 25.4 mm round strand passages; measured maximum harness diameter 12.7 mm; lights installed after panels; feeding access, bore residual sections, connections and stability unqualified; NOT build-ready"
light_B12,light,12.700000000000045,31.34103482513774,29.177107043189608,"Provisional light envelope; unknown mass excluded; Enclosed provisional 25.4 mm round strand passages; measured maximum harness diameter 12.7 mm; lights installed after panels; feeding access, bore residual sections, connections and stability unqualified; NOT build-ready"
light_C1,light,12.700000000000045,31.34103482513763,29.177107043189352,"Provisional light envelope; unknown mass excluded; Enclosed provisional 25.4 mm round strand passages; measured maximum harness diameter 12.7 mm; lights installed after panels; feeding access, bore residual sections, connections and stability unqualified; NOT build-ready"
light_C2,light,12.700000000000045,31.34103482513764,29.17710704318938,"Provisional light envelope; unknown mass excluded; Enclosed provisional 25.4 mm round strand passages; measured maximum harness diameter 12.7 mm; lights installed after panels; feeding access, bore residual sections, connections and stability unqualified; NOT build-ready"
light_C3,light,12.700000000000045,31.341034825137598,29.177107043189267,"Provisional light envelope; unknown mass excluded; Enclosed provisional 25.4 mm round strand passages; measured maximum harness diameter 12.7 mm; lights installed after panels; feeding access, bore residual sections, connections and stability unqualified; NOT build-ready"
light_C4,light,12.700000000000045,31.341034825137626,29.177107043189267,"Provisional light envelope; unknown mass excluded; Enclosed provisional 25.4 mm round strand passages; measured maximum harness diameter 12.7 mm; lights installed after panels; feeding access, bore residual sections, connections and stability unqualified; NOT build-ready"
light_C5,light,12.700000000000045,31.341034825137626,29.177107043189267,"Provisional light envelope; unknown mass excluded; Enclosed provisional 25.4 mm round strand passages; measured maximum harness diameter 12.7 mm; lights installed after panels; feeding access, bore residual sections, connections and stability unqualified; NOT build-ready"
light_C6,light,12.700000000000045,31.341034825137626,29.177107043189267,"Provisional light envelope; unknown mass excluded; Enclosed provisional 25.4 mm round strand passages; measured maximum harness diameter 12.7 mm; lights installed after panels; feeding access, bore residual sections, connections and stability unqualified; NOT build-ready"
light_C7,light,12.700000000000045,31.341034825137626,29.177107043189608,"Provisional light envelope; unknown mass excluded; Enclosed provisional 25.4 mm round strand passages; measured maximum harness diameter 12.7 mm; lights installed after panels; feeding access, bore residual sections, connections and stability unqualified; NOT build-ready"
light_C8,light,12.700000000000045,31.341034825137626,29.177107043189608,"Provisional light envelope; unknown mass excluded; Enclosed provisional 25.4 mm round strand passages; measured maximum harness diameter 12.7 mm; lights installed after panels; feeding access, bore residual sections, connections and stability unqualified; NOT build-ready"
light_C9,light,12.700000000000045,31.341034825137626,29.177107043189608,"Provisional light envelope; unknown mass excluded; Enclosed provisional 25.4 mm round strand passages; measured maximum harness diameter 12.7 mm; lights installed after panels; feeding access, bore residual sections, connections and stability unqualified; NOT build-ready"
light_C10,light,12.700000000000045,31.34103482513774,29.177107043189608,"Provisional light envelope; unknown mass excluded; Enclosed provisional 25.4 mm round strand passages; measured maximum harness diameter 12.7 mm; lights installed after panels; feeding access, bore residual sections, connections and stability unqualified; NOT build-ready"
light_C11,light,12.700000000000045,31.34103482513774,29.177107043189608,"Provisional light envelope; unknown mass excluded; Enclosed provisional 25.4 mm round strand passages; measured maximum harness diameter 12.7 mm; lights installed after panels; feeding access, bore residual sections, connections and stability unqualified; NOT build-ready"
light_C12,light,12.700000000000045,31.34103482513774,29.177107043189608,"Provisional light envelope; unknown mass excluded; Enclosed provisional 25.4 mm round strand passages; measured maximum harness diameter 12.7 mm; lights installed after panels; feeding access, bore residual sections, connections and stability unqualified; NOT build-ready"
light_D1,light,12.700000000000045,31.34103482513763,29.177107043189352,"Provisional light envelope; unknown mass excluded; Enclosed provisional 25.4 mm round strand passages; measured maximum harness diameter 12.7 mm; lights installed after panels; feeding access, bore residual sections, connections and stability unqualified; NOT build-ready"
light_D2,light,12.700000000000045,31.34103482513764,29.17710704318938,"Provisional light envelope; unknown mass excluded; Enclosed provisional 25.4 mm round strand passages; measured maximum harness diameter 12.7 mm; lights installed after panels; feeding access, bore residual sections, connections and stability unqualified; NOT build-ready"
light_D3,light,12.700000000000045,31.341034825137598,29.177107043189267,"Provisional light envelope; unknown mass excluded; Enclosed provisional 25.4 mm round strand passages; measured maximum harness diameter 12.7 mm; lights installed after panels; feeding access, bore residual sections, connections and stability unqualified; NOT build-ready"
light_D4,light,12.700000000000045,31.341034825137626,29.177107043189267,"Provisional light envelope; unknown mass excluded; Enclosed provisional 25.4 mm round strand passages; measured maximum harness diameter 12.7 mm; lights installed after panels; feeding access, bore residual sections, connections and stability unqualified; NOT build-ready"
light_D5,light,12.700000000000045,31.341034825137626,29.177107043189267,"Provisional light envelope; unknown mass excluded; Enclosed provisional 25.4 mm round strand passages; measured maximum harness diameter 12.7 mm; lights installed after panels; feeding access, bore residual sections, connections and stability unqualified; NOT build-ready"
light_D6,light,12.700000000000045,31.341034825137626,29.177107043189267,"Provisional light envelope; unknown mass excluded; Enclosed provisional 25.4 mm round strand passages; measured maximum harness diameter 12.7 mm; lights installed after panels; feeding access, bore residual sections, connections and stability unqualified; NOT build-ready"
light_D7,light,12.700000000000045,31.341034825137626,29.177107043189608,"Provisional light envelope; unknown mass excluded; Enclosed provisional 25.4 mm round strand passages; measured maximum harness diameter 12.7 mm; lights installed after panels; feeding access, bore residual sections, connections and stability unqualified; NOT build-ready"
light_D8,light,12.700000000000045,31.341034825137626,29.177107043189608,"Provisional light envelope; unknown mass excluded; Enclosed provisional 25.4 mm round strand passages; measured maximum harness diameter 12.7 mm; lights installed after panels; feeding access, bore residual sections, connections and stability unqualified; NOT build-ready"
light_D9,light,12.700000000000045,31.341034825137626,29.177107043189608,"Provisional light envelope; unknown mass excluded; Enclosed provisional 25.4 mm round strand passages; measured maximum harness diameter 12.7 mm; lights installed after panels; feeding access, bore residual sections, connections and stability unqualified; NOT build-ready"
light_D10,light,12.700000000000045,31.34103482513774,29.177107043189608,"Provisional light envelope; unknown mass excluded; Enclosed provisional 25.4 mm round strand passages; measured maximum harness diameter 12.7 mm; lights installed after panels; feeding access, bore residual sections, connections and stability unqualified; NOT build-ready"
light_D11,light,12.700000000000045,31.34103482513774,29.177107043189608,"Provisional light envelope; unknown mass excluded; Enclosed provisional 25.4 mm round strand passages; measured maximum harness diameter 12.7 mm; lights installed after panels; feeding access, bore residual sections, connections and stability unqualified; NOT build-ready"
light_D12,light,12.700000000000045,31.34103482513774,29.177107043189608,"Provisional light envelope; unknown mass excluded; Enclosed provisional 25.4 mm round strand passages; measured maximum harness diameter 12.7 mm; lights installed after panels; feeding access, bore residual sections, connections and stability unqualified; NOT build-ready"
light_E1,light,12.699999999999989,31.34103482513763,29.177107043189352,"Provisional light envelope; unknown mass excluded; Enclosed provisional 25.4 mm round strand passages; measured maximum harness diameter 12.7 mm; lights installed after panels; feeding access, bore residual sections, connections and stability unqualified; NOT build-ready"
light_E2,light,12.699999999999989,31.34103482513764,29.17710704318938,"Provisional light envelope; unknown mass excluded; Enclosed provisional 25.4 mm round strand passages; measured maximum harness diameter 12.7 mm; lights installed after panels; feeding access, bore residual sections, connections and stability unqualified; NOT build-ready"
light_E3,light,12.699999999999989,31.341034825137598,29.177107043189267,"Provisional light envelope; unknown mass excluded; Enclosed provisional 25.4 mm round strand passages; measured maximum harness diameter 12.7 mm; lights installed after panels; feeding access, bore residual sections, connections and stability unqualified; NOT build-ready"
light_E4,light,12.699999999999989,31.341034825137626,29.177107043189267,"Provisional light envelope; unknown mass excluded; Enclosed provisional 25.4 mm round strand passages; measured maximum harness diameter 12.7 mm; lights installed after panels; feeding access, bore residual sections, connections and stability unqualified; NOT build-ready"
light_E5,light,12.699999999999989,31.341034825137626,29.177107043189267,"Provisional light envelope; unknown mass excluded; Enclosed provisional 25.4 mm round strand passages; measured maximum harness diameter 12.7 mm; lights installed after panels; feeding access, bore residual sections, connections and stability unqualified; NOT build-ready"
light_E6,light,12.699999999999989,31.341034825137626,29.177107043189267,"Provisional light envelope; unknown mass excluded; Enclosed provisional 25.4 mm round strand passages; measured maximum harness diameter 12.7 mm; lights installed after panels; feeding access, bore residual sections, connections and stability unqualified; NOT build-ready"
light_E7,light,12.699999999999989,31.341034825137626,29.177107043189608,"Provisional light envelope; unknown mass excluded; Enclosed provisional 25.4 mm round strand passages; measured maximum harness diameter 12.7 mm; lights installed after panels; feeding access, bore residual sections, connections and stability unqualified; NOT build-ready"
light_E8,light,12.699999999999989,31.341034825137626,29.177107043189608,"Provisional light envelope; unknown mass excluded; Enclosed provisional 25.4 mm round strand passages; measured maximum harness diameter 12.7 mm; lights installed after panels; feeding access, bore residual sections, connections and stability unqualified; NOT build-ready"
light_E9,light,12.699999999999989,31.341034825137626,29.177107043189608,"Provisional light envelope; unknown mass excluded; Enclosed provisional 25.4 mm round strand passages; measured maximum harness diameter 12.7 mm; lights installed after panels; feeding access, bore residual sections, connections and stability unqualified; NOT build-ready"
light_E10,light,12.699999999999989,31.34103482513774,29.177107043189608,"Provisional light envelope; unknown mass excluded; Enclosed provisional 25.4 mm round strand passages; measured maximum harness diameter 12.7 mm; lights installed after panels; feeding access, bore residual sections, connections and stability unqualified; NOT build-ready"
light_E11,light,12.699999999999989,31.34103482513774,29.177107043189608,"Provisional light envelope; unknown mass excluded; Enclosed provisional 25.4 mm round strand passages; measured maximum harness diameter 12.7 mm; lights installed after panels; feeding access, bore residual sections, connections and stability unqualified; NOT build-ready"
light_E12,light,12.699999999999989,31.34103482513774,29.177107043189608,"Provisional light envelope; unknown mass excluded; Enclosed provisional 25.4 mm round strand passages; measured maximum harness diameter 12.7 mm; lights installed after panels; feeding access, bore residual sections, connections and stability unqualified; NOT build-ready"
light_F1,light,12.700000000000001,31.34103482513763,29.177107043189352,"Provisional light envelope; unknown mass excluded; Enclosed provisional 25.4 mm round strand passages; measured maximum harness diameter 12.7 mm; lights installed after panels; feeding access, bore residual sections, connections and stability unqualified; NOT build-ready"
light_F2,light,12.700000000000001,31.34103482513764,29.17710704318938,"Provisional light envelope; unknown mass excluded; Enclosed provisional 25.4 mm round strand passages; measured maximum harness diameter 12.7 mm; lights installed after panels; feeding access, bore residual sections, connections and stability unqualified; NOT build-ready"
light_F3,light,12.700000000000001,31.341034825137598,29.177107043189267,"Provisional light envelope; unknown mass excluded; Enclosed provisional 25.4 mm round strand passages; measured maximum harness diameter 12.7 mm; lights installed after panels; feeding access, bore residual sections, connections and stability unqualified; NOT build-ready"
light_F4,light,12.700000000000001,31.341034825137626,29.177107043189267,"Provisional light envelope; unknown mass excluded; Enclosed provisional 25.4 mm round strand passages; measured maximum harness diameter 12.7 mm; lights installed after panels; feeding access, bore residual sections, connections and stability unqualified; NOT build-ready"
light_F5,light,12.700000000000001,31.341034825137626,29.177107043189267,"Provisional light envelope; unknown mass excluded; Enclosed provisional 25.4 mm round strand passages; measured maximum harness diameter 12.7 mm; lights installed after panels; feeding access, bore residual sections, connections and stability unqualified; NOT build-ready"
light_F6,light,12.700000000000001,31.341034825137626,29.177107043189267,"Provisional light envelope; unknown mass excluded; Enclosed provisional 25.4 mm round strand passages; measured maximum harness diameter 12.7 mm; lights installed after panels; feeding access, bore residual sections, connections and stability unqualified; NOT build-ready"
light_F7,light,12.700000000000001,31.341034825137626,29.177107043189608,"Provisional light envelope; unknown mass excluded; Enclosed provisional 25.4 mm round strand passages; measured maximum harness diameter 12.7 mm; lights installed after panels; feeding access, bore residual sections, connections and stability unqualified; NOT build-ready"
light_F8,light,12.700000000000001,31.341034825137626,29.177107043189608,"Provisional light envelope; unknown mass excluded; Enclosed provisional 25.4 mm round strand passages; measured maximum harness diameter 12.7 mm; lights installed after panels; feeding access, bore residual sections, connections and stability unqualified; NOT build-ready"
light_F9,light,12.700000000000001,31.341034825137626,29.177107043189608,"Provisional light envelope; unknown mass excluded; Enclosed provisional 25.4 mm round strand passages; measured maximum harness diameter 12.7 mm; lights installed after panels; feeding access, bore residual sections, connections and stability unqualified; NOT build-ready"
light_F10,light,12.700000000000001,31.34103482513774,29.177107043189608,"Provisional light envelope; unknown mass excluded; Enclosed provisional 25.4 mm round strand passages; measured maximum harness diameter 12.7 mm; lights installed after panels; feeding access, bore residual sections, connections and stability unqualified; NOT build-ready"
light_F11,light,12.700000000000001,31.34103482513774,29.177107043189608,"Provisional light envelope; unknown mass excluded; Enclosed provisional 25.4 mm round strand passages; measured maximum harness diameter 12.7 mm; lights installed after panels; feeding access, bore residual sections, connections and stability unqualified; NOT build-ready"
light_F12,light,12.700000000000001,31.34103482513774,29.177107043189608,"Provisional light envelope; unknown mass excluded; Enclosed provisional 25.4 mm round strand passages; measured maximum harness diameter 12.7 mm; lights installed after panels; feeding access, bore residual sections, connections and stability unqualified; NOT build-ready"
light_G1,light,12.699999999999989,31.34103482513763,29.177107043189352,"Provisional light envelope; unknown mass excluded; Enclosed provisional 25.4 mm round strand passages; measured maximum harness diameter 12.7 mm; lights installed after panels; feeding access, bore residual sections, connections and stability unqualified; NOT build-ready"
light_G2,light,12.699999999999989,31.34103482513764,29.17710704318938,"Provisional light envelope; unknown mass excluded; Enclosed provisional 25.4 mm round strand passages; measured maximum harness diameter 12.7 mm; lights installed after panels; feeding access, bore residual sections, connections and stability unqualified; NOT build-ready"
light_G3,light,12.699999999999989,31.341034825137598,29.177107043189267,"Provisional light envelope; unknown mass excluded; Enclosed provisional 25.4 mm round strand passages; measured maximum harness diameter 12.7 mm; lights installed after panels; feeding access, bore residual sections, connections and stability unqualified; NOT build-ready"
light_G4,light,12.699999999999989,31.341034825137626,29.177107043189267,"Provisional light envelope; unknown mass excluded; Enclosed provisional 25.4 mm round strand passages; measured maximum harness diameter 12.7 mm; lights installed after panels; feeding access, bore residual sections, connections and stability unqualified; NOT build-ready"
light_G5,light,12.699999999999989,31.341034825137626,29.177107043189267,"Provisional light envelope; unknown mass excluded; Enclosed provisional 25.4 mm round strand passages; measured maximum harness diameter 12.7 mm; lights installed after panels; feeding access, bore residual sections, connections and stability unqualified; NOT build-ready"
light_G6,light,12.699999999999989,31.341034825137626,29.177107043189267,"Provisional light envelope; unknown mass excluded; Enclosed provisional 25.4 mm round strand passages; measured maximum harness diameter 12.7 mm; lights installed after panels; feeding access, bore residual sections, connections and stability unqualified; NOT build-ready"
light_G7,light,12.699999999999989,31.341034825137626,29.177107043189608,"Provisional light envelope; unknown mass excluded; Enclosed provisional 25.4 mm round strand passages; measured maximum harness diameter 12.7 mm; lights installed after panels; feeding access, bore residual sections, connections and stability unqualified; NOT build-ready"
light_G8,light,12.699999999999989,31.341034825137626,29.177107043189608,"Provisional light envelope; unknown mass excluded; Enclosed provisional 25.4 mm round strand passages; measured maximum harness diameter 12.7 mm; lights installed after panels; feeding access, bore residual sections, connections and stability unqualified; NOT build-ready"
light_G9,light,12.699999999999989,31.341034825137626,29.177107043189608,"Provisional light envelope; unknown mass excluded; Enclosed provisional 25.4 mm round strand passages; measured maximum harness diameter 12.7 mm; lights installed after panels; feeding access, bore residual sections, connections and stability unqualified; NOT build-ready"
light_G10,light,12.699999999999989,31.34103482513774,29.177107043189608,"Provisional light envelope; unknown mass excluded; Enclosed provisional 25.4 mm round strand passages; measured maximum harness diameter 12.7 mm; lights installed after panels; feeding access, bore residual sections, connections and stability unqualified; NOT build-ready"
light_G11,light,12.699999999999989,31.34103482513774,29.177107043189608,"Provisional light envelope; unknown mass excluded; Enclosed provisional 25.4 mm round strand passages; measured maximum harness diameter 12.7 mm; lights installed after panels; feeding access, bore residual sections, connections and stability unqualified; NOT build-ready"
light_G12,light,12.699999999999989,31.34103482513774,29.177107043189608,"Provisional light envelope; unknown mass excluded; Enclosed provisional 25.4 mm round strand passages; measured maximum harness diameter 12.7 mm; lights installed after panels; feeding access, bore residual sections, connections and stability unqualified; NOT build-ready"
light_H1,light,12.700000000000045,31.34103482513763,29.177107043189352,"Provisional light envelope; unknown mass excluded; Enclosed provisional 25.4 mm round strand passages; measured maximum harness diameter 12.7 mm; lights installed after panels; feeding access, bore residual sections, connections and stability unqualified; NOT build-ready"
light_H2,light,12.700000000000045,31.34103482513764,29.17710704318938,"Provisional light envelope; unknown mass excluded; Enclosed provisional 25.4 mm round strand passages; measured maximum harness diameter 12.7 mm; lights installed after panels; feeding access, bore residual sections, connections and stability unqualified; NOT build-ready"
light_H3,light,12.700000000000045,31.341034825137598,29.177107043189267,"Provisional light envelope; unknown mass excluded; Enclosed provisional 25.4 mm round strand passages; measured maximum harness diameter 12.7 mm; lights installed after panels; feeding access, bore residual sections, connections and stability unqualified; NOT build-ready"
light_H4,light,12.700000000000045,31.341034825137626,29.177107043189267,"Provisional light envelope; unknown mass excluded; Enclosed provisional 25.4 mm round strand passages; measured maximum harness diameter 12.7 mm; lights installed after panels; feeding access, bore residual sections, connections and stability unqualified; NOT build-ready"
light_H5,light,12.700000000000045,31.341034825137626,29.177107043189267,"Provisional light envelope; unknown mass excluded; Enclosed provisional 25.4 mm round strand passages; measured maximum harness diameter 12.7 mm; lights installed after panels; feeding access, bore residual sections, connections and stability unqualified; NOT build-ready"
light_H6,light,12.700000000000045,31.341034825137626,29.177107043189267,"Provisional light envelope; unknown mass excluded; Enclosed provisional 25.4 mm round strand passages; measured maximum harness diameter 12.7 mm; lights installed after panels; feeding access, bore residual sections, connections and stability unqualified; NOT build-ready"
light_H7,light,12.700000000000045,31.341034825137626,29.177107043189608,"Provisional light envelope; unknown mass excluded; Enclosed provisional 25.4 mm round strand passages; measured maximum harness diameter 12.7 mm; lights installed after panels; feeding access, bore residual sections, connections and stability unqualified; NOT build-ready"
light_H8,light,12.700000000000045,31.341034825137626,29.177107043189608,"Provisional light envelope; unknown mass excluded; Enclosed provisional 25.4 mm round strand passages; measured maximum harness diameter 12.7 mm; lights installed after panels; feeding access, bore residual sections, connections and stability unqualified; NOT build-ready"
light_H9,light,12.700000000000045,31.341034825137626,29.177107043189608,"Provisional light envelope; unknown mass excluded; Enclosed provisional 25.4 mm round strand passages; measured maximum harness diameter 12.7 mm; lights installed after panels; feeding access, bore residual sections, connections and stability unqualified; NOT build-ready"
light_H10,light,12.700000000000045,31.34103482513774,29.177107043189608,"Provisional light envelope; unknown mass excluded; Enclosed provisional 25.4 mm round strand passages; measured maximum harness diameter 12.7 mm; lights installed after panels; feeding access, bore residual sections, connections and stability unqualified; NOT build-ready"
light_H11,light,12.700000000000045,31.34103482513774,29.177107043189608,"Provisional light envelope; unknown mass excluded; Enclosed provisional 25.4 mm round strand passages; measured maximum harness diameter 12.7 mm; lights installed after panels; feeding access, bore residual sections, connections and stability unqualified; NOT build-ready"
light_H12,light,12.700000000000045,31.34103482513774,29.177107043189608,"Provisional light envelope; unknown mass excluded; Enclosed provisional 25.4 mm round strand passages; measured maximum harness diameter 12.7 mm; lights installed after panels; feeding access, bore residual sections, connections and stability unqualified; NOT build-ready"
light_I1,light,12.700000000000045,31.34103482513763,29.177107043189352,"Provisional light envelope; unknown mass excluded; Enclosed provisional 25.4 mm round strand passages; measured maximum harness diameter 12.7 mm; lights installed after panels; feeding access, bore residual sections, connections and stability unqualified; NOT build-ready"
light_I2,light,12.700000000000045,31.34103482513764,29.17710704318938,"Provisional light envelope; unknown mass excluded; Enclosed provisional 25.4 mm round strand passages; measured maximum harness diameter 12.7 mm; lights installed after panels; feeding access, bore residual sections, connections and stability unqualified; NOT build-ready"
light_I3,light,12.700000000000045,31.341034825137598,29.177107043189267,"Provisional light envelope; unknown mass excluded; Enclosed provisional 25.4 mm round strand passages; measured maximum harness diameter 12.7 mm; lights installed after panels; feeding access, bore residual sections, connections and stability unqualified; NOT build-ready"
light_I4,light,12.700000000000045,31.341034825137626,29.177107043189267,"Provisional light envelope; unknown mass excluded; Enclosed provisional 25.4 mm round strand passages; measured maximum harness diameter 12.7 mm; lights installed after panels; feeding access, bore residual sections, connections and stability unqualified; NOT build-ready"
light_I5,light,12.700000000000045,31.341034825137626,29.177107043189267,"Provisional light envelope; unknown mass excluded; Enclosed provisional 25.4 mm round strand passages; measured maximum harness diameter 12.7 mm; lights installed after panels; feeding access, bore residual sections, connections and stability unqualified; NOT build-ready"
light_I6,light,12.700000000000045,31.341034825137626,29.177107043189267,"Provisional light envelope; unknown mass excluded; Enclosed provisional 25.4 mm round strand passages; measured maximum harness diameter 12.7 mm; lights installed after panels; feeding access, bore residual sections, connections and stability unqualified; NOT build-ready"
light_I7,light,12.700000000000045,31.341034825137626,29.177107043189608,"Provisional light envelope; unknown mass excluded; Enclosed provisional 25.4 mm round strand passages; measured maximum harness diameter 12.7 mm; lights installed after panels; feeding access, bore residual sections, connections and stability unqualified; NOT build-ready"
light_I8,light,12.700000000000045,31.341034825137626,29.177107043189608,"Provisional light envelope; unknown mass excluded; Enclosed provisional 25.4 mm round strand passages; measured maximum harness diameter 12.7 mm; lights installed after panels; feeding access, bore residual sections, connections and stability unqualified; NOT build-ready"
light_I9,light,12.700000000000045,31.341034825137626,29.177107043189608,"Provisional light envelope; unknown mass excluded; Enclosed provisional 25.4 mm round strand passages; measured maximum harness diameter 12.7 mm; lights installed after panels; feeding access, bore residual sections, connections and stability unqualified; NOT build-ready"
light_I10,light,12.700000000000045,31.34103482513774,29.177107043189608,"Provisional light envelope; unknown mass excluded; Enclosed provisional 25.4 mm round strand passages; measured maximum harness diameter 12.7 mm; lights installed after panels; feeding access, bore residual sections, connections and stability unqualified; NOT build-ready"
light_I11,light,12.700000000000045,31.34103482513774,29.177107043189608,"Provisional light envelope; unknown mass excluded; Enclosed provisional 25.4 mm round strand passages; measured maximum harness diameter 12.7 mm; lights installed after panels; feeding access, bore residual sections, connections and stability unqualified; NOT build-ready"
light_I12,light,12.700000000000045,31.34103482513774,29.177107043189608,"Provisional light envelope; unknown mass excluded; Enclosed provisional 25.4 mm round strand passages; measured maximum harness diameter 12.7 mm; lights installed after panels; feeding access, bore residual sections, connections and stability unqualified; NOT build-ready"
light_J1,light,12.700000000000045,31.34103482513763,29.177107043189352,"Provisional light envelope; unknown mass excluded; Enclosed provisional 25.4 mm round strand passages; measured maximum harness diameter 12.7 mm; lights installed after panels; feeding access, bore residual sections, connections and stability unqualified; NOT build-ready"
light_J2,light,12.700000000000045,31.34103482513764,29.17710704318938,"Provisional light envelope; unknown mass excluded; Enclosed provisional 25.4 mm round strand passages; measured maximum harness diameter 12.7 mm; lights installed after panels; feeding access, bore residual sections, connections and stability unqualified; NOT build-ready"
light_J3,light,12.700000000000045,31.341034825137598,29.177107043189267,"Provisional light envelope; unknown mass excluded; Enclosed provisional 25.4 mm round strand passages; measured maximum harness diameter 12.7 mm; lights installed after panels; feeding access, bore residual sections, connections and stability unqualified; NOT build-ready"
light_J4,light,12.700000000000045,31.341034825137626,29.177107043189267,"Provisional light envelope; unknown mass excluded; Enclosed provisional 25.4 mm round strand passages; measured maximum harness diameter 12.7 mm; lights installed after panels; feeding access, bore residual sections, connections and stability unqualified; NOT build-ready"
light_J5,light,12.700000000000045,31.341034825137626,29.177107043189267,"Provisional light envelope; unknown mass excluded; Enclosed provisional 25.4 mm round strand passages; measured maximum harness diameter 12.7 mm; lights installed after panels; feeding access, bore residual sections, connections and stability unqualified; NOT build-ready"
light_J6,light,12.700000000000045,31.341034825137626,29.177107043189267,"Provisional light envelope; unknown mass excluded; Enclosed provisional 25.4 mm round strand passages; measured maximum harness diameter 12.7 mm; lights installed after panels; feeding access, bore residual sections, connections and stability unqualified; NOT build-ready"
light_J7,light,12.700000000000045,31.341034825137626,29.177107043189608,"Provisional light envelope; unknown mass excluded; Enclosed provisional 25.4 mm round strand passages; measured maximum harness diameter 12.7 mm; lights installed after panels; feeding access, bore residual sections, connections and stability unqualified; NOT build-ready"
light_J8,light,12.700000000000045,31.341034825137626,29.177107043189608,"Provisional light envelope; unknown mass excluded; Enclosed provisional 25.4 mm round strand passages; measured maximum harness diameter 12.7 mm; lights installed after panels; feeding access, bore residual sections, connections and stability unqualified; NOT build-ready"
light_J9,light,12.700000000000045,31.341034825137626,29.177107043189608,"Provisional light envelope; unknown mass excluded; Enclosed provisional 25.4 mm round strand passages; measured maximum harness diameter 12.7 mm; lights installed after panels; feeding access, bore residual sections, connections and stability unqualified; NOT build-ready"
light_J10,light,12.700000000000045,31.34103482513774,29.177107043189608,"Provisional light envelope; unknown mass excluded; Enclosed provisional 25.4 mm round strand passages; measured maximum harness diameter 12.7 mm; lights installed after panels; feeding access, bore residual sections, connections and stability unqualified; NOT build-ready"
light_J11,light,12.700000000000045,31.34103482513774,29.177107043189608,"Provisional light envelope; unknown mass excluded; Enclosed provisional 25.4 mm round strand passages; measured maximum harness diameter 12.7 mm; lights installed after panels; feeding access, bore residual sections, connections and stability unqualified; NOT build-ready"
light_J12,light,12.700000000000045,31.34103482513774,29.177107043189608,"Provisional light envelope; unknown mass excluded; Enclosed provisional 25.4 mm round strand passages; measured maximum harness diameter 12.7 mm; lights installed after panels; feeding access, bore residual sections, connections and stability unqualified; NOT build-ready"
light_K1,light,12.700000000000045,31.34103482513763,29.177107043189352,"Provisional light envelope; unknown mass excluded; Enclosed provisional 25.4 mm round strand passages; measured maximum harness diameter 12.7 mm; lights installed after panels; feeding access, bore residual sections, connections and stability unqualified; NOT build-ready"
light_K2,light,12.700000000000045,31.34103482513764,29.17710704318938,"Provisional light envelope; unknown mass excluded; Enclosed provisional 25.4 mm round strand passages; measured maximum harness diameter 12.7 mm; lights installed after panels; feeding access, bore residual sections, connections and stability unqualified; NOT build-ready"
light_K3,light,12.700000000000045,31.341034825137598,29.177107043189267,"Provisional light envelope; unknown mass excluded; Enclosed provisional 25.4 mm round strand passages; measured maximum harness diameter 12.7 mm; lights installed after panels; feeding access, bore residual sections, connections and stability unqualified; NOT build-ready"
light_K4,light,12.700000000000045,31.341034825137626,29.177107043189267,"Provisional light envelope; unknown mass excluded; Enclosed provisional 25.4 mm round strand passages; measured maximum harness diameter 12.7 mm; lights installed after panels; feeding access, bore residual sections, connections and stability unqualified; NOT build-ready"
light_K5,light,12.700000000000045,31.341034825137626,29.177107043189267,"Provisional light envelope; unknown mass excluded; Enclosed provisional 25.4 mm round strand passages; measured maximum harness diameter 12.7 mm; lights installed after panels; feeding access, bore residual sections, connections and stability unqualified; NOT build-ready"
light_K6,light,12.700000000000045,31.341034825137626,29.177107043189267,"Provisional light envelope; unknown mass excluded; Enclosed provisional 25.4 mm round strand passages; measured maximum harness diameter 12.7 mm; lights installed after panels; feeding access, bore residual sections, connections and stability unqualified; NOT build-ready"
light_K7,light,12.700000000000045,31.341034825137626,29.177107043189608,"Provisional light envelope; unknown mass excluded; Enclosed provisional 25.4 mm round strand passages; measured maximum harness diameter 12.7 mm; lights installed after panels; feeding access, bore residual sections, connections and stability unqualified; NOT build-ready"
light_K8,light,12.700000000000045,31.341034825137626,29.177107043189608,"Provisional light envelope; unknown mass excluded; Enclosed provisional 25.4 mm round strand passages; measured maximum harness diameter 12.7 mm; lights installed after panels; feeding access, bore residual sections, connections and stability unqualified; NOT build-ready"
light_K9,light,12.700000000000045,31.341034825137626,29.177107043189608,"Provisional light envelope; unknown mass excluded; Enclosed provisional 25.4 mm round strand passages; measured maximum harness diameter 12.7 mm; lights installed after panels; feeding access, bore residual sections, connections and stability unqualified; NOT build-ready"
light_K10,light,12.700000000000045,31.34103482513774,29.177107043189608,"Provisional light envelope; unknown mass excluded; Enclosed provisional 25.4 mm round strand passages; measured maximum harness diameter 12.7 mm; lights installed after panels; feeding access, bore residual sections, connections and stability unqualified; NOT build-ready"
light_K11,light,12.700000000000045,31.34103482513774,29.177107043189608,"Provisional light envelope; unknown mass excluded; Enclosed provisional 25.4 mm round strand passages; measured maximum harness diameter 12.7 mm; lights installed after panels; feeding access, bore residual sections, connections and stability unqualified; NOT build-ready"
light_K12,light,12.700000000000045,31.34103482513774,29.177107043189608,"Provisional light envelope; unknown mass excluded; Enclosed provisional 25.4 mm round strand passages; measured maximum harness diameter 12.7 mm; lights installed after panels; feeding access, bore residual sections, connections and stability unqualified; NOT build-ready"
wire_001_A1_A2,wire,33.49188714636,126.15028495955065,143.0840844160008,"Provisional wire envelope; unknown mass excluded; Enclosed provisional 25.4 mm round strand passages; measured maximum harness diameter 12.7 mm; lights installed after panels; feeding access, bore residual sections, connections and stability unqualified; NOT build-ready"
wire_002_A2_A3,wire,33.491887146359886,139.0060371532816,158.40497327838062,"Provisional wire envelope; unknown mass excluded; Enclosed provisional 25.4 mm round strand passages; measured maximum harness diameter 12.7 mm; lights installed after panels; feeding access, bore residual sections, connections and stability unqualified; NOT build-ready"
wire_003_A3_A4,wire,33.49188714636034,139.00603715328103,158.40497327838023,"Provisional wire envelope; unknown mass excluded; Enclosed provisional 25.4 mm round strand passages; measured maximum harness diameter 12.7 mm; lights installed after panels; feeding access, bore residual sections, connections and stability unqualified; NOT build-ready"
wire_004_A4_A5,wire,33.49188714636023,139.0060371532811,158.40497327838057,"Provisional wire envelope; unknown mass excluded; Enclosed provisional 25.4 mm round strand passages; measured maximum harness diameter 12.7 mm; lights installed after panels; feeding access, bore residual sections, connections and stability unqualified; NOT build-ready"
wire_005_A5_A6,wire,33.49188714636034,139.00603715328117,158.40497327838057,"Provisional wire envelope; unknown mass excluded; Enclosed provisional 25.4 mm round strand passages; measured maximum harness diameter 12.7 mm; lights installed after panels; feeding access, bore residual sections, connections and stability unqualified; NOT build-ready"
wire_006_A6_A7,wire,33.49188714636023,139.0060371532809,158.40497327838057,"Provisional wire envelope; unknown mass excluded; Enclosed provisional 25.4 mm round strand passages; measured maximum harness diameter 12.7 mm; lights installed after panels; feeding access, bore residual sections, connections and stability unqualified; NOT build-ready"
wire_007_A7_A8,wire,33.49188714636023,151.86178934701206,173.72586214076046,"Provisional wire envelope; unknown mass excluded; Enclosed provisional 25.4 mm round strand passages; measured maximum harness diameter 12.7 mm; lights installed after panels; feeding access, bore residual sections, connections and stability unqualified; NOT build-ready"
wire_008_A8_A9,wire,33.49188714636,139.00603715328066,158.40497327837988,"Provisional wire envelope; unknown mass excluded; Enclosed provisional 25.4 mm round strand passages; measured maximum harness diameter 12.7 mm; lights installed after panels; feeding access, bore residual sections, connections and stability unqualified; NOT build-ready"
wire_009_A9_A10,wire,33.49188714635841,139.00603715328293,158.40497327837966,"Provisional wire envelope; unknown mass excluded; Enclosed provisional 25.4 mm round strand passages; measured maximum harness diameter 12.7 mm; lights installed after panels; feeding access, bore residual sections, connections and stability unqualified; NOT build-ready"
wire_010_A10_A11,wire,33.49188714635909,139.00603715328316,158.4049732783801,"Provisional wire envelope; unknown mass excluded; Enclosed provisional 25.4 mm round strand passages; measured maximum harness diameter 12.7 mm; lights installed after panels; feeding access, bore residual sections, connections and stability unqualified; NOT build-ready"
wire_011_A11_A12,wire,33.491887146359204,139.00603715328248,158.4049732783801,"Provisional wire envelope; unknown mass excluded; Enclosed provisional 25.4 mm round strand passages; measured maximum harness diameter 12.7 mm; lights installed after panels; feeding access, bore residual sections, connections and stability unqualified; NOT build-ready"
wire_012_A12_B12,wire,203.21422877338034,24.25937929628799,21.06781990417062,"Provisional wire envelope; unknown mass excluded; Enclosed provisional 25.4 mm round strand passages; measured maximum harness diameter 12.7 mm; lights installed after panels; feeding access, bore residual sections, connections and stability unqualified; NOT build-ready"
wire_013_B12_B11,wire,33.491887146359545,139.0060371532827,158.40497327838193,"Provisional wire envelope; unknown mass excluded; Enclosed provisional 25.4 mm round strand passages; measured maximum harness diameter 12.7 mm; lights installed after panels; feeding access, bore residual sections, connections and stability unqualified; NOT build-ready"
wire_014_B11_B10,wire,33.49188714635909,139.0060371532834,158.40497327838216,"Provisional wire envelope; unknown mass excluded; Enclosed provisional 25.4 mm round strand passages; measured maximum harness diameter 12.7 mm; lights installed after panels; feeding access, bore residual sections, connections and stability unqualified; NOT build-ready"
wire_015_B10_B9,wire,33.49188714635886,139.00603715328293,158.40497327838216,"Provisional wire envelope; unknown mass excluded; Enclosed provisional 25.4 mm round strand passages; measured maximum harness diameter 12.7 mm; lights installed after panels; feeding access, bore residual sections, connections and stability unqualified; NOT build-ready"
wire_016_B9_B8,wire,33.491887146358636,139.0060371532827,158.40497327838216,"Provisional wire envelope; unknown mass excluded; Enclosed provisional 25.4 mm round strand passages; measured maximum harness diameter 12.7 mm; lights installed after panels; feeding access, bore residual sections, connections and stability unqualified; NOT build-ready"
wire_017_B8_B7,wire,33.491887146358636,151.8617893470133,173.72586214076182,"Provisional wire envelope; unknown mass excluded; Enclosed provisional 25.4 mm round strand passages; measured maximum harness diameter 12.7 mm; lights installed after panels; feeding access, bore residual sections, connections and stability unqualified; NOT build-ready"
wire_018_B7_B6,wire,33.49188714635875,139.0060371532827,158.40497327838216,"Provisional wire envelope; unknown mass excluded; Enclosed provisional 25.4 mm round strand passages; measured maximum harness diameter 12.7 mm; lights installed after panels; feeding access, bore residual sections, connections and stability unqualified; NOT build-ready"
wire_019_B6_B5,wire,33.49188714636,139.00603715328248,158.40497327837932,"Provisional wire envelope; unknown mass excluded; Enclosed provisional 25.4 mm round strand passages; measured maximum harness diameter 12.7 mm; lights installed after panels; feeding access, bore residual sections, connections and stability unqualified; NOT build-ready"
wire_020_B5_B4,wire,33.49188714636,139.00603715328253,158.40497327837966,"Provisional wire envelope; unknown mass excluded; Enclosed provisional 25.4 mm round strand passages; measured maximum harness diameter 12.7 mm; lights installed after panels; feeding access, bore residual sections, connections and stability unqualified; NOT build-ready"
wire_021_B4_B3,wire,33.491887146359886,139.00603715328268,158.40497327837943,"Provisional wire envelope; unknown mass excluded; Enclosed provisional 25.4 mm round strand passages; measured maximum harness diameter 12.7 mm; lights installed after panels; feeding access, bore residual sections, connections and stability unqualified; NOT build-ready"
wire_022_B3_B2,wire,33.49188714636011,139.00603715328242,158.4049732783796,"Provisional wire envelope; unknown mass excluded; Enclosed provisional 25.4 mm round strand passages; measured maximum harness diameter 12.7 mm; lights installed after panels; feeding access, bore residual sections, connections and stability unqualified; NOT build-ready"
wire_023_B2_B1,wire,33.491887146359886,126.15028495955158,143.0840844160001,"Provisional wire envelope; unknown mass excluded; Enclosed provisional 25.4 mm round strand passages; measured maximum harness diameter 12.7 mm; lights installed after panels; feeding access, bore residual sections, connections and stability unqualified; NOT build-ready"
wire_024_B1_C1,wire,203.21422877337932,24.25937929628708,21.067819904170335,"Provisional wire envelope; unknown mass excluded; Enclosed provisional 25.4 mm round strand passages; measured maximum harness diameter 12.7 mm; lights installed after panels; feeding access, bore residual sections, connections and stability unqualified; NOT build-ready"
wire_025_C1_C2,wire,33.491887146359886,126.15028495955059,143.08408441600102,"Provisional wire envelope; unknown mass excluded; Enclosed provisional 25.4 mm round strand passages; measured maximum harness diameter 12.7 mm; lights installed after panels; feeding access, bore residual sections, connections and stability unqualified; NOT build-ready"
wire_026_C2_C3,wire,33.491887146359886,139.00603715328143,158.4049732783805,"Provisional wire envelope; unknown mass excluded; Enclosed provisional 25.4 mm round strand passages; measured maximum harness diameter 12.7 mm; lights installed after panels; feeding access, bore residual sections, connections and stability unqualified; NOT build-ready"
wire_027_C3_C4,wire,33.491887146360455,139.00603715328126,158.40497327838034,"Provisional wire envelope; unknown mass excluded; Enclosed provisional 25.4 mm round strand passages; measured maximum harness diameter 12.7 mm; lights installed after panels; feeding access, bore residual sections, connections and stability unqualified; NOT build-ready"
wire_028_C4_C5,wire,33.49188714636023,139.0060371532811,158.40497327838057,"Provisional wire envelope; unknown mass excluded; Enclosed provisional 25.4 mm round strand passages; measured maximum harness diameter 12.7 mm; lights installed after panels; feeding access, bore residual sections, connections and stability unqualified; NOT build-ready"
wire_029_C5_C6,wire,33.49188714636023,139.00603715328106,158.4049732783808,"Provisional wire envelope; unknown mass excluded; Enclosed provisional 25.4 mm round strand passages; measured maximum harness diameter 12.7 mm; lights installed after panels; feeding access, bore residual sections, connections and stability unqualified; NOT build-ready"
wire_030_C6_C7,wire,33.49188714636023,139.00603715328123,158.4049732783809,"Provisional wire envelope; unknown mass excluded; Enclosed provisional 25.4 mm round strand passages; measured maximum harness diameter 12.7 mm; lights installed after panels; feeding access, bore residual sections, connections and stability unqualified; NOT build-ready"
wire_031_C7_C8,wire,33.49188714636023,151.86178934701206,173.72586214076046,"Provisional wire envelope; unknown mass excluded; Enclosed provisional 25.4 mm round strand passages; measured maximum harness diameter 12.7 mm; lights installed after panels; feeding access, bore residual sections, connections and stability unqualified; NOT build-ready"
wire_032_C8_C9,wire,33.49188714636,139.0060371532809,158.40497327838034,"Provisional wire envelope; unknown mass excluded; Enclosed provisional 25.4 mm round strand passages; measured maximum harness diameter 12.7 mm; lights installed after panels; feeding access, bore residual sections, connections and stability unqualified; NOT build-ready"
wire_033_C9_C10,wire,33.491887146358636,139.0060371532835,158.40497327838034,"Provisional wire envelope; unknown mass excluded; Enclosed provisional 25.4 mm round strand passages; measured maximum harness diameter 12.7 mm; lights installed after panels; feeding access, bore residual sections, connections and stability unqualified; NOT build-ready"
wire_034_C10_C11,wire,33.49188714635909,139.00603715328316,158.40497327838034,"Provisional wire envelope; unknown mass excluded; Enclosed provisional 25.4 mm round strand passages; measured maximum harness diameter 12.7 mm; lights installed after panels; feeding access, bore residual sections, connections and stability unqualified; NOT build-ready"
wire_035_C11_C12,wire,33.491887146359545,139.00603715328293,158.4049732783808,"Provisional wire envelope; unknown mass excluded; Enclosed provisional 25.4 mm round strand passages; measured maximum harness diameter 12.7 mm; lights installed after panels; feeding access, bore residual sections, connections and stability unqualified; NOT build-ready"
wire_036_C12_D12,wire,203.21422877337972,24.25937929628776,21.067819904170392,"Provisional wire envelope; unknown mass excluded; Enclosed provisional 25.4 mm round strand passages; measured maximum harness diameter 12.7 mm; lights installed after panels; feeding access, bore residual sections, connections and stability unqualified; NOT build-ready"
wire_037_D12_D11,wire,33.49188714635898,139.00603715328202,158.4049732783833,"Provisional wire envelope; unknown mass excluded; Enclosed provisional 25.4 mm round strand passages; measured maximum harness diameter 12.7 mm; lights installed after panels; feeding access, bore residual sections, connections and stability unqualified; NOT build-ready"
wire_038_D11_D10,wire,33.491887146359204,139.00603715328316,158.40497327838307,"Provisional wire envelope; unknown mass excluded; Enclosed provisional 25.4 mm round strand passages; measured maximum harness diameter 12.7 mm; lights installed after panels; feeding access, bore residual sections, connections and stability unqualified; NOT build-ready"
wire_039_D10_D9,wire,33.491887146359204,139.00603715328282,158.40497327838352,"Provisional wire envelope; unknown mass excluded; Enclosed provisional 25.4 mm round strand passages; measured maximum harness diameter 12.7 mm; lights installed after panels; feeding access, bore residual sections, connections and stability unqualified; NOT build-ready"
wire_040_D9_D8,wire,33.491887146358806,139.00603715328305,158.40497327838352,"Provisional wire envelope; unknown mass excluded; Enclosed provisional 25.4 mm round strand passages; measured maximum harness diameter 12.7 mm; lights installed after panels; feeding access, bore residual sections, connections and stability unqualified; NOT build-ready"
wire_041_D8_D7,wire,33.49188714635892,151.86178934701388,173.72586214076296,"Provisional wire envelope; unknown mass excluded; Enclosed provisional 25.4 mm round strand passages; measured maximum harness diameter 12.7 mm; lights installed after panels; feeding access, bore residual sections, connections and stability unqualified; NOT build-ready"
wire_042_D7_D6,wire,33.49188714635909,139.00603715328316,158.40497327838375,"Provisional wire envelope; unknown mass excluded; Enclosed provisional 25.4 mm round strand passages; measured maximum harness diameter 12.7 mm; lights installed after panels; feeding access, bore residual sections, connections and stability unqualified; NOT build-ready"
wire_043_D6_D5,wire,33.49188714635886,139.00603715328225,158.4049732783801,"Provisional wire envelope; unknown mass excluded; Enclosed provisional 25.4 mm round strand passages; measured maximum harness diameter 12.7 mm; lights installed after panels; feeding access, bore residual sections, connections and stability unqualified; NOT build-ready"
wire_044_D5_D4,wire,33.49188714635892,139.00603715328253,158.40497327838068,"Provisional wire envelope; unknown mass excluded; Enclosed provisional 25.4 mm round strand passages; measured maximum harness diameter 12.7 mm; lights installed after panels; feeding access, bore residual sections, connections and stability unqualified; NOT build-ready"
wire_045_D4_D3,wire,33.49188714635892,139.00603715328245,158.40497327838057,"Provisional wire envelope; unknown mass excluded; Enclosed provisional 25.4 mm round strand passages; measured maximum harness diameter 12.7 mm; lights installed after panels; feeding access, bore residual sections, connections and stability unqualified; NOT build-ready"
wire_046_D3_D2,wire,33.49188714635886,139.00603715328253,158.40497327838045,"Provisional wire envelope; unknown mass excluded; Enclosed provisional 25.4 mm round strand passages; measured maximum harness diameter 12.7 mm; lights installed after panels; feeding access, bore residual sections, connections and stability unqualified; NOT build-ready"
wire_047_D2_D1,wire,33.49188714635892,126.15028495955175,143.0840844160009,"Provisional wire envelope; unknown mass excluded; Enclosed provisional 25.4 mm round strand passages; measured maximum harness diameter 12.7 mm; lights installed after panels; feeding access, bore residual sections, connections and stability unqualified; NOT build-ready"
wire_048_D1_E1,wire,203.21422877337938,24.259379296287058,21.067819904170335,"Provisional wire envelope; unknown mass excluded; Enclosed provisional 25.4 mm round strand passages; measured maximum harness diameter 12.7 mm; lights installed after panels; feeding access, bore residual sections, connections and stability unqualified; NOT build-ready"
wire_049_E1_E2,wire,33.49188714635889,126.15028495955181,143.0840844160009,"Provisional wire envelope; unknown mass excluded; Enclosed provisional 25.4 mm round strand passages; measured maximum harness diameter 12.7 mm; lights installed after panels; feeding access, bore residual sections, connections and stability unqualified; NOT build-ready"
wire_050_E2_E3,wire,37.84188704635878,139.0060371532827,158.40497327838023,"Provisional wire envelope; unknown mass excluded; Enclosed provisional 25.4 mm round strand passages; measured maximum harness diameter 12.7 mm; lights installed after panels; feeding access, bore residual sections, connections and stability unqualified; NOT build-ready"
wire_051_E3_E4,wire,33.49188714635909,139.00603715328216,158.40497327838045,"Provisional wire envelope; unknown mass excluded; Enclosed provisional 25.4 mm round strand passages; measured maximum harness diameter 12.7 mm; lights installed after panels; feeding access, bore residual sections, connections and stability unqualified; NOT build-ready"
wire_052_E4_E5,wire,33.491887146359176,139.00603715328214,158.40497327838034,"Provisional wire envelope; unknown mass excluded; Enclosed provisional 25.4 mm round strand passages; measured maximum harness diameter 12.7 mm; lights installed after panels; feeding access, bore residual sections, connections and stability unqualified; NOT build-ready"
wire_053_E5_E6,wire,33.491887146359346,139.00603715328242,158.40497327838034,"Provisional wire envelope; unknown mass excluded; Enclosed provisional 25.4 mm round strand passages; measured maximum harness diameter 12.7 mm; lights installed after panels; feeding access, bore residual sections, connections and stability unqualified; NOT build-ready"
wire_054_E6_E7,wire,33.49188714635923,139.00603715328202,158.40497327838034,"Provisional wire envelope; unknown mass excluded; Enclosed provisional 25.4 mm round strand passages; measured maximum harness diameter 12.7 mm; lights installed after panels; feeding access, bore residual sections, connections and stability unqualified; NOT build-ready"
wire_055_E7_E8,wire,33.49188714635923,151.86178934701286,173.72586214076,"Provisional wire envelope; unknown mass excluded; Enclosed provisional 25.4 mm round strand passages; measured maximum harness diameter 12.7 mm; lights installed after panels; feeding access, bore residual sections, connections and stability unqualified; NOT build-ready"
wire_056_E8_E9,wire,33.49188714635915,139.00603715328214,158.40497327838034,"Provisional wire envelope; unknown mass excluded; Enclosed provisional 25.4 mm round strand passages; measured maximum harness diameter 12.7 mm; lights installed after panels; feeding access, bore residual sections, connections and stability unqualified; NOT build-ready"
wire_057_E9_E10,wire,33.49188714635895,139.00603715328418,158.40497327838034,"Provisional wire envelope; unknown mass excluded; Enclosed provisional 25.4 mm round strand passages; measured maximum harness diameter 12.7 mm; lights installed after panels; feeding access, bore residual sections, connections and stability unqualified; NOT build-ready"
wire_058_E10_E11,wire,33.49188714635889,139.00603715328452,158.40497327838057,"Provisional wire envelope; unknown mass excluded; Enclosed provisional 25.4 mm round strand passages; measured maximum harness diameter 12.7 mm; lights installed after panels; feeding access, bore residual sections, connections and stability unqualified; NOT build-ready"
wire_059_E11_E12,wire,33.491887146359346,139.00603715328407,158.40497327838057,"Provisional wire envelope; unknown mass excluded; Enclosed provisional 25.4 mm round strand passages; measured maximum harness diameter 12.7 mm; lights installed after panels; feeding access, bore residual sections, connections and stability unqualified; NOT build-ready"
wire_060_E12_F12,wire,203.21422877337972,24.259379296287534,21.067819904170392,"Provisional wire envelope; unknown mass excluded; Enclosed provisional 25.4 mm round strand passages; measured maximum harness diameter 12.7 mm; lights installed after panels; feeding access, bore residual sections, connections and stability unqualified; NOT build-ready"
wire_061_F12_F11,wire,33.49188714635894,139.00603715328157,158.40497327838284,"Provisional wire envelope; unknown mass excluded; Enclosed provisional 25.4 mm round strand passages; measured maximum harness diameter 12.7 mm; lights installed after panels; feeding access, bore residual sections, connections and stability unqualified; NOT build-ready"
wire_062_F11_F10,wire,33.49188714635899,139.00603715328225,158.4049732783833,"Provisional wire envelope; unknown mass excluded; Enclosed provisional 25.4 mm round strand passages; measured maximum harness diameter 12.7 mm; lights installed after panels; feeding access, bore residual sections, connections and stability unqualified; NOT build-ready"
wire_063_F10_F9,wire,33.491887146359076,139.00603715328282,158.40497327838307,"Provisional wire envelope; unknown mass excluded; Enclosed provisional 25.4 mm round strand passages; measured maximum harness diameter 12.7 mm; lights installed after panels; feeding access, bore residual sections, connections and stability unqualified; NOT build-ready"
wire_064_F9_F8,wire,33.49188714635883,139.00603715328305,158.40497327838307,"Provisional wire envelope; unknown mass excluded; Enclosed provisional 25.4 mm round strand passages; measured maximum harness diameter 12.7 mm; lights installed after panels; feeding access, bore residual sections, connections and stability unqualified; NOT build-ready"
wire_065_F8_F7,wire,33.49188714635899,151.86178934701388,173.72586214076273,"Provisional wire envelope; unknown mass excluded; Enclosed provisional 25.4 mm round strand passages; measured maximum harness diameter 12.7 mm; lights installed after panels; feeding access, bore residual sections, connections and stability unqualified; NOT build-ready"
wire_066_F7_F6,wire,33.49188714635915,139.0060371532835,158.4049732783834,"Provisional wire envelope; unknown mass excluded; Enclosed provisional 25.4 mm round strand passages; measured maximum harness diameter 12.7 mm; lights installed after panels; feeding access, bore residual sections, connections and stability unqualified; NOT build-ready"
wire_067_F6_F5,wire,33.491887146359026,139.00603715328242,158.40497327838034,"Provisional wire envelope; unknown mass excluded; Enclosed provisional 25.4 mm round strand passages; measured maximum harness diameter 12.7 mm; lights installed after panels; feeding access, bore residual sections, connections and stability unqualified; NOT build-ready"
wire_068_F5_F4,wire,33.49188714635904,139.0060371532827,158.40497327838045,"Provisional wire envelope; unknown mass excluded; Enclosed provisional 25.4 mm round strand passages; measured maximum harness diameter 12.7 mm; lights installed after panels; feeding access, bore residual sections, connections and stability unqualified; NOT build-ready"
wire_069_F4_F3,wire,33.491887146358934,139.00603715328268,158.40497327838045,"Provisional wire envelope; unknown mass excluded; Enclosed provisional 25.4 mm round strand passages; measured maximum harness diameter 12.7 mm; lights installed after panels; feeding access, bore residual sections, connections and stability unqualified; NOT build-ready"
wire_070_F3_F2,wire,33.49188714635885,139.00603715328253,158.40497327838023,"Provisional wire envelope; unknown mass excluded; Enclosed provisional 25.4 mm round strand passages; measured maximum harness diameter 12.7 mm; lights installed after panels; feeding access, bore residual sections, connections and stability unqualified; NOT build-ready"
wire_071_F2_F1,wire,33.49188714635894,126.1502849595517,143.0840844160009,"Provisional wire envelope; unknown mass excluded; Enclosed provisional 25.4 mm round strand passages; measured maximum harness diameter 12.7 mm; lights installed after panels; feeding access, bore residual sections, connections and stability unqualified; NOT build-ready"
wire_072_F1_G1,wire,203.2142287733792,24.25937929628695,21.06781990417045,"Provisional wire envelope; unknown mass excluded; Enclosed provisional 25.4 mm round strand passages; measured maximum harness diameter 12.7 mm; lights installed after panels; feeding access, bore residual sections, connections and stability unqualified; NOT build-ready"
wire_073_G1_G2,wire,33.49188714635889,126.15028495955181,143.0840844160009,"Provisional wire envelope; unknown mass excluded; Enclosed provisional 25.4 mm round strand passages; measured maximum harness diameter 12.7 mm; lights installed after panels; feeding access, bore residual sections, connections and stability unqualified; NOT build-ready"
wire_074_G2_G3,wire,33.491887146358806,139.00603715328256,158.40497327838023,"Provisional wire envelope; unknown mass excluded; Enclosed provisional 25.4 mm round strand passages; measured maximum harness diameter 12.7 mm; lights installed after panels; feeding access, bore residual sections, connections and stability unqualified; NOT build-ready"
wire_075_G3_G4,wire,33.49188714635912,139.00603715328228,158.40497327838045,"Provisional wire envelope; unknown mass excluded; Enclosed provisional 25.4 mm round strand passages; measured maximum harness diameter 12.7 mm; lights installed after panels; feeding access, bore residual sections, connections and stability unqualified; NOT build-ready"
wire_076_G4_G5,wire,33.49188714635926,139.00603715328236,158.40497327838034,"Provisional wire envelope; unknown mass excluded; Enclosed provisional 25.4 mm round strand passages; measured maximum harness diameter 12.7 mm; lights installed after panels; feeding access, bore residual sections, connections and stability unqualified; NOT build-ready"
wire_077_G5_G6,wire,33.49188714635932,139.0060371532823,158.40497327838023,"Provisional wire envelope; unknown mass excluded; Enclosed provisional 25.4 mm round strand passages; measured maximum harness diameter 12.7 mm; lights installed after panels; feeding access, bore residual sections, connections and stability unqualified; NOT build-ready"
wire_078_G6_G7,wire,33.491887146359204,139.00603715328225,158.40497327838045,"Provisional wire envelope; unknown mass excluded; Enclosed provisional 25.4 mm round strand passages; measured maximum harness diameter 12.7 mm; lights installed after panels; feeding access, bore residual sections, connections and stability unqualified; NOT build-ready"
wire_079_G7_G8,wire,33.491887146359346,151.86178934701286,173.72586214075977,"Provisional wire envelope; unknown mass excluded; Enclosed provisional 25.4 mm round strand passages; measured maximum harness diameter 12.7 mm; lights installed after panels; feeding access, bore residual sections, connections and stability unqualified; NOT build-ready"
wire_080_G8_G9,wire,33.49188714635909,139.00603715328202,158.40497327838034,"Provisional wire envelope; unknown mass excluded; Enclosed provisional 25.4 mm round strand passages; measured maximum harness diameter 12.7 mm; lights installed after panels; feeding access, bore residual sections, connections and stability unqualified; NOT build-ready"
wire_081_G9_G10,wire,33.49188714635895,139.0060371532843,158.40497327838057,"Provisional wire envelope; unknown mass excluded; Enclosed provisional 25.4 mm round strand passages; measured maximum harness diameter 12.7 mm; lights installed after panels; feeding access, bore residual sections, connections and stability unqualified; NOT build-ready"
wire_082_G10_G11,wire,33.49188714635909,139.00603715328407,158.40497327838057,"Provisional wire envelope; unknown mass excluded; Enclosed provisional 25.4 mm round strand passages; measured maximum harness diameter 12.7 mm; lights installed after panels; feeding access, bore residual sections, connections and stability unqualified; NOT build-ready"
wire_083_G11_G12,wire,33.491887146359545,139.00603715328384,158.4049732783808,"Provisional wire envelope; unknown mass excluded; Enclosed provisional 25.4 mm round strand passages; measured maximum harness diameter 12.7 mm; lights installed after panels; feeding access, bore residual sections, connections and stability unqualified; NOT build-ready"
wire_084_G12_H12,wire,203.21422877338003,24.25937929628776,21.06781990417062,"Provisional wire envelope; unknown mass excluded; Enclosed provisional 25.4 mm round strand passages; measured maximum harness diameter 12.7 mm; lights installed after panels; feeding access, bore residual sections, connections and stability unqualified; NOT build-ready"
wire_085_H12_H11,wire,33.49188714635898,139.00603715328202,158.4049732783833,"Provisional wire envelope; unknown mass excluded; Enclosed provisional 25.4 mm round strand passages; measured maximum harness diameter 12.7 mm; lights installed after panels; feeding access, bore residual sections, connections and stability unqualified; NOT build-ready"
wire_086_H11_H10,wire,33.49188714635915,139.00603715328316,158.40497327838352,"Provisional wire envelope; unknown mass excluded; Enclosed provisional 25.4 mm round strand passages; measured maximum harness diameter 12.7 mm; lights installed after panels; feeding access, bore residual sections, connections and stability unqualified; NOT build-ready"
wire_087_H10_H9,wire,33.49188714635915,139.0060371532827,158.40497327838307,"Provisional wire envelope; unknown mass excluded; Enclosed provisional 25.4 mm round strand passages; measured maximum harness diameter 12.7 mm; lights installed after panels; feeding access, bore residual sections, connections and stability unqualified; NOT build-ready"
wire_088_H9_H8,wire,33.49188714635898,139.00603715328316,158.4049732783833,"Provisional wire envelope; unknown mass excluded; Enclosed provisional 25.4 mm round strand passages; measured maximum harness diameter 12.7 mm; lights installed after panels; feeding access, bore residual sections, connections and stability unqualified; NOT build-ready"
wire_089_H8_H7,wire,33.491887146358806,151.86178934701366,173.72586214076273,"Provisional wire envelope; unknown mass excluded; Enclosed provisional 25.4 mm round strand passages; measured maximum harness diameter 12.7 mm; lights installed after panels; feeding access, bore residual sections, connections and stability unqualified; NOT build-ready"
wire_090_H7_H6,wire,33.49188714635903,139.00603715328316,158.40497327838375,"Provisional wire envelope; unknown mass excluded; Enclosed provisional 25.4 mm round strand passages; measured maximum harness diameter 12.7 mm; lights installed after panels; feeding access, bore residual sections, connections and stability unqualified; NOT build-ready"
wire_091_H6_H5,wire,33.49188714635898,139.0060371532826,158.40497327838057,"Provisional wire envelope; unknown mass excluded; Enclosed provisional 25.4 mm round strand passages; measured maximum harness diameter 12.7 mm; lights installed after panels; feeding access, bore residual sections, connections and stability unqualified; NOT build-ready"
wire_092_H5_H4,wire,33.49188714635892,139.00603715328265,158.4049732783809,"Provisional wire envelope; unknown mass excluded; Enclosed provisional 25.4 mm round strand passages; measured maximum harness diameter 12.7 mm; lights installed after panels; feeding access, bore residual sections, connections and stability unqualified; NOT build-ready"
wire_093_H4_H3,wire,33.49188714635898,139.0060371532825,158.40497327838068,"Provisional wire envelope; unknown mass excluded; Enclosed provisional 25.4 mm round strand passages; measured maximum harness diameter 12.7 mm; lights installed after panels; feeding access, bore residual sections, connections and stability unqualified; NOT build-ready"
wire_094_H3_H2,wire,33.491887146358806,139.00603715328248,158.4049732783805,"Provisional wire envelope; unknown mass excluded; Enclosed provisional 25.4 mm round strand passages; measured maximum harness diameter 12.7 mm; lights installed after panels; feeding access, bore residual sections, connections and stability unqualified; NOT build-ready"
wire_095_H2_H1,wire,33.49188714635886,126.15028495955171,143.08408441600096,"Provisional wire envelope; unknown mass excluded; Enclosed provisional 25.4 mm round strand passages; measured maximum harness diameter 12.7 mm; lights installed after panels; feeding access, bore residual sections, connections and stability unqualified; NOT build-ready"
wire_096_H1_I1,wire,203.21422877337892,24.259379296286987,21.06781990417022,"Provisional wire envelope; unknown mass excluded; Enclosed provisional 25.4 mm round strand passages; measured maximum harness diameter 12.7 mm; lights installed after panels; feeding access, bore residual sections, connections and stability unqualified; NOT build-ready"
wire_097_I1_I2,wire,33.49188714636,126.15028495955073,143.08408441600096,"Provisional wire envelope; unknown mass excluded; Enclosed provisional 25.4 mm round strand passages; measured maximum harness diameter 12.7 mm; lights installed after panels; feeding access, bore residual sections, connections and stability unqualified; NOT build-ready"
wire_098_I2_I3,wire,33.491887146359886,139.00603715328162,158.40497327838068,"Provisional wire envelope; unknown mass excluded; Enclosed provisional 25.4 mm round strand passages; measured maximum harness diameter 12.7 mm; lights installed after panels; feeding access, bore residual sections, connections and stability unqualified; NOT build-ready"
wire_099_I3_I4,wire,33.49188714636023,139.00603715328108,158.40497327838068,"Provisional wire envelope; unknown mass excluded; Enclosed provisional 25.4 mm round strand passages; measured maximum harness diameter 12.7 mm; lights installed after panels; feeding access, bore residual sections, connections and stability unqualified; NOT build-ready"
wire_100_I4_I5,wire,37.84188704636017,139.00603715328106,158.40497327838068,"Provisional wire envelope; unknown mass excluded; Enclosed provisional 25.4 mm round strand passages; measured maximum harness diameter 12.7 mm; lights installed after panels; feeding access, bore residual sections, connections and stability unqualified; NOT build-ready"
wire_101_I5_I6,wire,33.491887146360455,139.0060371532814,158.40497327838045,"Provisional wire envelope; unknown mass excluded; Enclosed provisional 25.4 mm round strand passages; measured maximum harness diameter 12.7 mm; lights installed after panels; feeding access, bore residual sections, connections and stability unqualified; NOT build-ready"
wire_102_I6_I7,wire,33.49188714636011,139.006037153281,158.40497327838057,"Provisional wire envelope; unknown mass excluded; Enclosed provisional 25.4 mm round strand passages; measured maximum harness diameter 12.7 mm; lights installed after panels; feeding access, bore residual sections, connections and stability unqualified; NOT build-ready"
wire_103_I7_I8,wire,33.49188714636034,151.86178934701195,173.72586214076,"Provisional wire envelope; unknown mass excluded; Enclosed provisional 25.4 mm round strand passages; measured maximum harness diameter 12.7 mm; lights installed after panels; feeding access, bore residual sections, connections and stability unqualified; NOT build-ready"
wire_104_I8_I9,wire,33.49188714636011,139.006037153281,158.40497327838057,"Provisional wire envelope; unknown mass excluded; Enclosed provisional 25.4 mm round strand passages; measured maximum harness diameter 12.7 mm; lights installed after panels; feeding access, bore residual sections, connections and stability unqualified; NOT build-ready"
wire_105_I9_I10,wire,33.49188714635852,139.00603715328361,158.4049732783801,"Provisional wire envelope; unknown mass excluded; Enclosed provisional 25.4 mm round strand passages; measured maximum harness diameter 12.7 mm; lights installed after panels; feeding access, bore residual sections, connections and stability unqualified; NOT build-ready"
wire_106_I10_I11,wire,33.49188714635909,139.00603715328293,158.4049732783801,"Provisional wire envelope; unknown mass excluded; Enclosed provisional 25.4 mm round strand passages; measured maximum harness diameter 12.7 mm; lights installed after panels; feeding access, bore residual sections, connections and stability unqualified; NOT build-ready"
wire_107_I11_I12,wire,33.49188714635943,139.00603715328293,158.40497327838057,"Provisional wire envelope; unknown mass excluded; Enclosed provisional 25.4 mm round strand passages; measured maximum harness diameter 12.7 mm; lights installed after panels; feeding access, bore residual sections, connections and stability unqualified; NOT build-ready"
wire_108_I12_J12,wire,203.21422877337966,24.259379296287534,21.067819904170392,"Provisional wire envelope; unknown mass excluded; Enclosed provisional 25.4 mm round strand passages; measured maximum harness diameter 12.7 mm; lights installed after panels; feeding access, bore residual sections, connections and stability unqualified; NOT build-ready"
wire_109_J12_J11,wire,33.49188714635943,139.00603715328293,158.40497327838193,"Provisional wire envelope; unknown mass excluded; Enclosed provisional 25.4 mm round strand passages; measured maximum harness diameter 12.7 mm; lights installed after panels; feeding access, bore residual sections, connections and stability unqualified; NOT build-ready"
wire_110_J11_J10,wire,33.49188714635898,139.00603715328316,158.40497327838216,"Provisional wire envelope; unknown mass excluded; Enclosed provisional 25.4 mm round strand passages; measured maximum harness diameter 12.7 mm; lights installed after panels; feeding access, bore residual sections, connections and stability unqualified; NOT build-ready"
wire_111_J10_J9,wire,33.49188714635886,139.00603715328293,158.40497327838239,"Provisional wire envelope; unknown mass excluded; Enclosed provisional 25.4 mm round strand passages; measured maximum harness diameter 12.7 mm; lights installed after panels; feeding access, bore residual sections, connections and stability unqualified; NOT build-ready"
wire_112_J9_J8,wire,33.49188714635852,139.0060371532826,158.40497327838216,"Provisional wire envelope; unknown mass excluded; Enclosed provisional 25.4 mm round strand passages; measured maximum harness diameter 12.7 mm; lights installed after panels; feeding access, bore residual sections, connections and stability unqualified; NOT build-ready"
wire_113_J8_J7,wire,33.49188714635852,151.8617893470133,173.7258621407616,"Provisional wire envelope; unknown mass excluded; Enclosed provisional 25.4 mm round strand passages; measured maximum harness diameter 12.7 mm; lights installed after panels; feeding access, bore residual sections, connections and stability unqualified; NOT build-ready"
wire_114_J7_J6,wire,33.49188714635886,139.00603715328282,158.40497327838239,"Provisional wire envelope; unknown mass excluded; Enclosed provisional 25.4 mm round strand passages; measured maximum harness diameter 12.7 mm; lights installed after panels; feeding access, bore residual sections, connections and stability unqualified; NOT build-ready"
wire_115_J6_J5,wire,33.49188714636,139.00603715328276,158.40497327837966,"Provisional wire envelope; unknown mass excluded; Enclosed provisional 25.4 mm round strand passages; measured maximum harness diameter 12.7 mm; lights installed after panels; feeding access, bore residual sections, connections and stability unqualified; NOT build-ready"
wire_116_J5_J4,wire,33.491887146359886,139.00603715328265,158.40497327837954,"Provisional wire envelope; unknown mass excluded; Enclosed provisional 25.4 mm round strand passages; measured maximum harness diameter 12.7 mm; lights installed after panels; feeding access, bore residual sections, connections and stability unqualified; NOT build-ready"
wire_117_J4_J3,wire,33.49188714636,139.00603715328276,158.40497327837954,"Provisional wire envelope; unknown mass excluded; Enclosed provisional 25.4 mm round strand passages; measured maximum harness diameter 12.7 mm; lights installed after panels; feeding access, bore residual sections, connections and stability unqualified; NOT build-ready"
wire_118_J3_J2,wire,33.49188714636,139.00603715328256,158.4049732783795,"Provisional wire envelope; unknown mass excluded; Enclosed provisional 25.4 mm round strand passages; measured maximum harness diameter 12.7 mm; lights installed after panels; feeding access, bore residual sections, connections and stability unqualified; NOT build-ready"
wire_119_J2_J1,wire,33.491887146359886,126.15028495955178,143.08408441600017,"Provisional wire envelope; unknown mass excluded; Enclosed provisional 25.4 mm round strand passages; measured maximum harness diameter 12.7 mm; lights installed after panels; feeding access, bore residual sections, connections and stability unqualified; NOT build-ready"
wire_120_J1_K1,wire,203.21422877337886,24.259379296287,21.06781990417028,"Provisional wire envelope; unknown mass excluded; Enclosed provisional 25.4 mm round strand passages; measured maximum harness diameter 12.7 mm; lights installed after panels; feeding access, bore residual sections, connections and stability unqualified; NOT build-ready"
wire_121_K1_K2,wire,33.491887146359886,126.15028495955056,143.08408441600074,"Provisional wire envelope; unknown mass excluded; Enclosed provisional 25.4 mm round strand passages; measured maximum harness diameter 12.7 mm; lights installed after panels; feeding access, bore residual sections, connections and stability unqualified; NOT build-ready"
wire_122_K2_K3,wire,33.491887146359886,139.00603715328162,158.40497327838068,"Provisional wire envelope; unknown mass excluded; Enclosed provisional 25.4 mm round strand passages; measured maximum harness diameter 12.7 mm; lights installed after panels; feeding access, bore residual sections, connections and stability unqualified; NOT build-ready"
wire_123_K3_K4,wire,33.491887146360455,139.0060371532814,158.40497327838057,"Provisional wire envelope; unknown mass excluded; Enclosed provisional 25.4 mm round strand passages; measured maximum harness diameter 12.7 mm; lights installed after panels; feeding access, bore residual sections, connections and stability unqualified; NOT build-ready"
wire_124_K4_K5,wire,33.49188714636023,139.00603715328106,158.40497327838045,"Provisional wire envelope; unknown mass excluded; Enclosed provisional 25.4 mm round strand passages; measured maximum harness diameter 12.7 mm; lights installed after panels; feeding access, bore residual sections, connections and stability unqualified; NOT build-ready"
wire_125_K5_K6,wire,33.49188714636034,139.00603715328128,158.4049732783808,"Provisional wire envelope; unknown mass excluded; Enclosed provisional 25.4 mm round strand passages; measured maximum harness diameter 12.7 mm; lights installed after panels; feeding access, bore residual sections, connections and stability unqualified; NOT build-ready"
wire_126_K6_K7,wire,33.49188714636034,139.0060371532811,158.40497327838045,"Provisional wire envelope; unknown mass excluded; Enclosed provisional 25.4 mm round strand passages; measured maximum harness diameter 12.7 mm; lights installed after panels; feeding access, bore residual sections, connections and stability unqualified; NOT build-ready"
wire_127_K7_K8,wire,33.49188714636034,151.86178934701195,173.72586214075977,"Provisional wire envelope; unknown mass excluded; Enclosed provisional 25.4 mm round strand passages; measured maximum harness diameter 12.7 mm; lights installed after panels; feeding access, bore residual sections, connections and stability unqualified; NOT build-ready"
wire_128_K8_K9,wire,33.49188714636023,139.0060371532811,158.4049732783801,"Provisional wire envelope; unknown mass excluded; Enclosed provisional 25.4 mm round strand passages; measured maximum harness diameter 12.7 mm; lights installed after panels; feeding access, bore residual sections, connections and stability unqualified; NOT build-ready"
wire_129_K9_K10,wire,33.491887146358636,139.00603715328293,158.40497327837988,"Provisional wire envelope; unknown mass excluded; Enclosed provisional 25.4 mm round strand passages; measured maximum harness diameter 12.7 mm; lights installed after panels; feeding access, bore residual sections, connections and stability unqualified; NOT build-ready"
wire_130_K10_K11,wire,33.49188714635932,139.00603715328293,158.40497327838057,"Provisional wire envelope; unknown mass excluded; Enclosed provisional 25.4 mm round strand passages; measured maximum harness diameter 12.7 mm; lights installed after panels; feeding access, bore residual sections, connections and stability unqualified; NOT build-ready"
wire_131_K11_K12,wire,33.49188714635943,139.00603715328316,158.4049732783808,"Provisional wire envelope; unknown mass excluded; Enclosed provisional 25.4 mm round strand passages; measured maximum harness diameter 12.7 mm; lights installed after panels; feeding access, bore residual sections, connections and stability unqualified; NOT build-ready"
fastener_clip_single_top_left_1_beam_1,screw,38.1,6.35,6.35,"Simpson SDS25112, separately purchased; manufacturer nominal underhead/head geometry; simplified unthreaded shaft; no pilot instruction or capacity assignment; clip_single_top_left_1 + base_rail_top"
fastener_clip_single_top_left_1_beam_2,screw,38.1,6.35,6.35,"Simpson SDS25112, separately purchased; manufacturer nominal underhead/head geometry; simplified unthreaded shaft; no pilot instruction or capacity assignment; clip_single_top_left_1 + base_rail_top"
fastener_clip_single_top_left_1_beam_3,screw,38.1,6.35,6.35,"Simpson SDS25112, separately purchased; manufacturer nominal underhead/head geometry; simplified unthreaded shaft; no pilot instruction or capacity assignment; clip_single_top_left_1 + base_rail_top"
fastener_clip_single_top_left_1_upright_1,screw,38.1,6.35,6.35,"Simpson SDS25112, separately purchased; manufacturer nominal underhead/head geometry; simplified unthreaded shaft; no pilot instruction or capacity assignment; clip_single_top_left_1 + base_side_left"
fastener_clip_single_top_left_1_upright_2,screw,38.1,6.35,6.35,"Simpson SDS25112, separately purchased; manufacturer nominal underhead/head geometry; simplified unthreaded shaft; no pilot instruction or capacity assignment; clip_single_top_left_1 + base_side_left"
fastener_clip_single_top_left_1_upright_3,screw,38.1,6.35,6.35,"Simpson SDS25112, separately purchased; manufacturer nominal underhead/head geometry; simplified unthreaded shaft; no pilot instruction or capacity assignment; clip_single_top_left_1 + base_side_left"
fastener_clip_single_top_right_2_beam_1,screw,38.1,6.35,6.35,"Simpson SDS25112, separately purchased; manufacturer nominal underhead/head geometry; simplified unthreaded shaft; no pilot instruction or capacity assignment; clip_single_top_right_2 + base_rail_top"
fastener_clip_single_top_right_2_beam_2,screw,38.1,6.35,6.35,"Simpson SDS25112, separately purchased; manufacturer nominal underhead/head geometry; simplified unthreaded shaft; no pilot instruction or capacity assignment; clip_single_top_right_2 + base_rail_top"
fastener_clip_single_top_right_2_beam_3,screw,38.1,6.35,6.35,"Simpson SDS25112, separately purchased; manufacturer nominal underhead/head geometry; simplified unthreaded shaft; no pilot instruction or capacity assignment; clip_single_top_right_2 + base_rail_top"
fastener_clip_single_top_right_2_upright_1,screw,38.1,6.35,6.35,"Simpson SDS25112, separately purchased; manufacturer nominal underhead/head geometry; simplified unthreaded shaft; no pilot instruction or capacity assignment; clip_single_top_right_2 + base_side_right"
fastener_clip_single_top_right_2_upright_2,screw,38.1,6.35,6.35,"Simpson SDS25112, separately purchased; manufacturer nominal underhead/head geometry; simplified unthreaded shaft; no pilot instruction or capacity assignment; clip_single_top_right_2 + base_side_right"
fastener_clip_single_top_right_2_upright_3,screw,38.1,6.35,6.35,"Simpson SDS25112, separately purchased; manufacturer nominal underhead/head geometry; simplified unthreaded shaft; no pilot instruction or capacity assignment; clip_single_top_right_2 + base_side_right"
fastener_clip_timber_header_outer_left_beam_1,screw,38.1,6.35,6.35,"Simpson SDS25112, separately purchased; manufacturer nominal underhead/head geometry; simplified unthreaded shaft; no pilot instruction or capacity assignment; clip_timber_header_outer_left + base_header"
fastener_clip_timber_header_outer_left_beam_2,screw,38.1,6.35,6.35,"Simpson SDS25112, separately purchased; manufacturer nominal underhead/head geometry; simplified unthreaded shaft; no pilot instruction or capacity assignment; clip_timber_header_outer_left + base_header"
fastener_clip_timber_header_outer_left_beam_3,screw,38.1,6.35,6.35,"Simpson SDS25112, separately purchased; manufacturer nominal underhead/head geometry; simplified unthreaded shaft; no pilot instruction or capacity assignment; clip_timber_header_outer_left + base_header"
fastener_clip_timber_header_outer_left_upright_1,screw,38.1,6.35,6.35,"Simpson SDS25112, separately purchased; manufacturer nominal underhead/head geometry; simplified unthreaded shaft; no pilot instruction or capacity assignment; clip_timber_header_outer_left + base_post_outer_left"
fastener_clip_timber_header_outer_left_upright_2,screw,38.1,6.35,6.35,"Simpson SDS25112, separately purchased; manufacturer nominal underhead/head geometry; simplified unthreaded shaft; no pilot instruction or capacity assignment; clip_timber_header_outer_left + base_post_outer_left"
fastener_clip_timber_header_outer_left_upright_3,screw,38.1,6.35,6.35,"Simpson SDS25112, separately purchased; manufacturer nominal underhead/head geometry; simplified unthreaded shaft; no pilot instruction or capacity assignment; clip_timber_header_outer_left + base_post_outer_left"
fastener_clip_timber_header_outer_right_beam_1,screw,38.1,6.35,6.35,"Simpson SDS25112, separately purchased; manufacturer nominal underhead/head geometry; simplified unthreaded shaft; no pilot instruction or capacity assignment; clip_timber_header_outer_right + base_header"
fastener_clip_timber_header_outer_right_beam_2,screw,38.1,6.35,6.35,"Simpson SDS25112, separately purchased; manufacturer nominal underhead/head geometry; simplified unthreaded shaft; no pilot instruction or capacity assignment; clip_timber_header_outer_right + base_header"
fastener_clip_timber_header_outer_right_beam_3,screw,38.1,6.35,6.35,"Simpson SDS25112, separately purchased; manufacturer nominal underhead/head geometry; simplified unthreaded shaft; no pilot instruction or capacity assignment; clip_timber_header_outer_right + base_header"
fastener_clip_timber_header_outer_right_upright_1,screw,38.1,6.35,6.35,"Simpson SDS25112, separately purchased; manufacturer nominal underhead/head geometry; simplified unthreaded shaft; no pilot instruction or capacity assignment; clip_timber_header_outer_right + base_post_outer_right"
fastener_clip_timber_header_outer_right_upright_2,screw,38.1,6.35,6.35,"Simpson SDS25112, separately purchased; manufacturer nominal underhead/head geometry; simplified unthreaded shaft; no pilot instruction or capacity assignment; clip_timber_header_outer_right + base_post_outer_right"
fastener_clip_timber_header_outer_right_upright_3,screw,38.1,6.35,6.35,"Simpson SDS25112, separately purchased; manufacturer nominal underhead/head geometry; simplified unthreaded shaft; no pilot instruction or capacity assignment; clip_timber_header_outer_right + base_post_outer_right"
fastener_clip_split_top_center_left_beam_1,screw,38.1,6.35,6.35,"Simpson SDS25112, separately purchased; manufacturer nominal underhead/head geometry; simplified unthreaded shaft; no pilot instruction or capacity assignment; clip_split_top_center_left + base_rail_top"
fastener_clip_split_top_center_left_beam_2,screw,38.1,6.35,6.35,"Simpson SDS25112, separately purchased; manufacturer nominal underhead/head geometry; simplified unthreaded shaft; no pilot instruction or capacity assignment; clip_split_top_center_left + base_rail_top"
fastener_clip_split_top_center_left_beam_3,screw,38.1,6.35,6.35,"Simpson SDS25112, separately purchased; manufacturer nominal underhead/head geometry; simplified unthreaded shaft; no pilot instruction or capacity assignment; clip_split_top_center_left + base_rail_top"
fastener_clip_split_top_center_left_upright_1,screw,38.1,6.35,6.35,"Simpson SDS25112, separately purchased; manufacturer nominal underhead/head geometry; simplified unthreaded shaft; no pilot instruction or capacity assignment; clip_split_top_center_left + base_principal_center_left"
fastener_clip_split_top_center_left_upright_2,screw,38.1,6.35,6.35,"Simpson SDS25112, separately purchased; manufacturer nominal underhead/head geometry; simplified unthreaded shaft; no pilot instruction or capacity assignment; clip_split_top_center_left + base_principal_center_left"
fastener_clip_split_top_center_left_upright_3,screw,38.1,6.35,6.35,"Simpson SDS25112, separately purchased; manufacturer nominal underhead/head geometry; simplified unthreaded shaft; no pilot instruction or capacity assignment; clip_split_top_center_left + base_principal_center_left"
fastener_clip_split_base_center_left_beam_1,screw,38.1,6.35,6.35,"Simpson SDS25112, separately purchased; manufacturer nominal underhead/head geometry; simplified unthreaded shaft; no pilot instruction or capacity assignment; clip_split_base_center_left + base_header"
fastener_clip_split_base_center_left_beam_2,screw,38.1,6.35,6.35,"Simpson SDS25112, separately purchased; manufacturer nominal underhead/head geometry; simplified unthreaded shaft; no pilot instruction or capacity assignment; clip_split_base_center_left + base_header"
fastener_clip_split_base_center_left_beam_3,screw,38.1,6.35,6.35,"Simpson SDS25112, separately purchased; manufacturer nominal underhead/head geometry; simplified unthreaded shaft; no pilot instruction or capacity assignment; clip_split_base_center_left + base_header"
fastener_clip_split_base_center_left_upright_1,screw,38.1,6.35,6.35,"Simpson SDS25112, separately purchased; manufacturer nominal underhead/head geometry; simplified unthreaded shaft; no pilot instruction or capacity assignment; clip_split_base_center_left + base_principal_center_left"
fastener_clip_split_base_center_left_upright_2,screw,38.1,6.35,6.35,"Simpson SDS25112, separately purchased; manufacturer nominal underhead/head geometry; simplified unthreaded shaft; no pilot instruction or capacity assignment; clip_split_base_center_left + base_principal_center_left"
fastener_clip_split_base_center_left_upright_3,screw,38.1,6.35,6.35,"Simpson SDS25112, separately purchased; manufacturer nominal underhead/head geometry; simplified unthreaded shaft; no pilot instruction or capacity assignment; clip_split_base_center_left + base_principal_center_left"
fastener_clip_split_header_center_left_beam_1,screw,38.1,6.35,6.35,"Simpson SDS25112, separately purchased; manufacturer nominal underhead/head geometry; simplified unthreaded shaft; no pilot instruction or capacity assignment; clip_split_header_center_left + base_header"
fastener_clip_split_header_center_left_beam_2,screw,38.1,6.35,6.35,"Simpson SDS25112, separately purchased; manufacturer nominal underhead/head geometry; simplified unthreaded shaft; no pilot instruction or capacity assignment; clip_split_header_center_left + base_header"
fastener_clip_split_header_center_left_beam_3,screw,38.1,6.35,6.35,"Simpson SDS25112, separately purchased; manufacturer nominal underhead/head geometry; simplified unthreaded shaft; no pilot instruction or capacity assignment; clip_split_header_center_left + base_header"
fastener_clip_split_header_center_left_upright_1,screw,38.1,6.35,6.35,"Simpson SDS25112, separately purchased; manufacturer nominal underhead/head geometry; simplified unthreaded shaft; no pilot instruction or capacity assignment; clip_split_header_center_left + base_post_center_left"
fastener_clip_split_header_center_left_upright_2,screw,38.1,6.35,6.35,"Simpson SDS25112, separately purchased; manufacturer nominal underhead/head geometry; simplified unthreaded shaft; no pilot instruction or capacity assignment; clip_split_header_center_left + base_post_center_left"
fastener_clip_split_header_center_left_upright_3,screw,38.1,6.35,6.35,"Simpson SDS25112, separately purchased; manufacturer nominal underhead/head geometry; simplified unthreaded shaft; no pilot instruction or capacity assignment; clip_split_header_center_left + base_post_center_left"
fastener_clip_split_top_center_right_beam_1,screw,38.1,6.35,6.35,"Simpson SDS25112, separately purchased; manufacturer nominal underhead/head geometry; simplified unthreaded shaft; no pilot instruction or capacity assignment; clip_split_top_center_right + base_rail_top"
fastener_clip_split_top_center_right_beam_2,screw,38.1,6.35,6.35,"Simpson SDS25112, separately purchased; manufacturer nominal underhead/head geometry; simplified unthreaded shaft; no pilot instruction or capacity assignment; clip_split_top_center_right + base_rail_top"
fastener_clip_split_top_center_right_beam_3,screw,38.1,6.35,6.35,"Simpson SDS25112, separately purchased; manufacturer nominal underhead/head geometry; simplified unthreaded shaft; no pilot instruction or capacity assignment; clip_split_top_center_right + base_rail_top"
fastener_clip_split_top_center_right_upright_1,screw,38.1,6.35,6.35,"Simpson SDS25112, separately purchased; manufacturer nominal underhead/head geometry; simplified unthreaded shaft; no pilot instruction or capacity assignment; clip_split_top_center_right + base_principal_center_right"
fastener_clip_split_top_center_right_upright_2,screw,38.1,6.35,6.35,"Simpson SDS25112, separately purchased; manufacturer nominal underhead/head geometry; simplified unthreaded shaft; no pilot instruction or capacity assignment; clip_split_top_center_right + base_principal_center_right"
fastener_clip_split_top_center_right_upright_3,screw,38.1,6.35,6.35,"Simpson SDS25112, separately purchased; manufacturer nominal underhead/head geometry; simplified unthreaded shaft; no pilot instruction or capacity assignment; clip_split_top_center_right + base_principal_center_right"
fastener_clip_split_base_center_right_beam_1,screw,38.1,6.35,6.35,"Simpson SDS25112, separately purchased; manufacturer nominal underhead/head geometry; simplified unthreaded shaft; no pilot instruction or capacity assignment; clip_split_base_center_right + base_header"
fastener_clip_split_base_center_right_beam_2,screw,38.1,6.35,6.35,"Simpson SDS25112, separately purchased; manufacturer nominal underhead/head geometry; simplified unthreaded shaft; no pilot instruction or capacity assignment; clip_split_base_center_right + base_header"
fastener_clip_split_base_center_right_beam_3,screw,38.1,6.35,6.35,"Simpson SDS25112, separately purchased; manufacturer nominal underhead/head geometry; simplified unthreaded shaft; no pilot instruction or capacity assignment; clip_split_base_center_right + base_header"
fastener_clip_split_base_center_right_upright_1,screw,38.1,6.35,6.35,"Simpson SDS25112, separately purchased; manufacturer nominal underhead/head geometry; simplified unthreaded shaft; no pilot instruction or capacity assignment; clip_split_base_center_right + base_principal_center_right"
fastener_clip_split_base_center_right_upright_2,screw,38.1,6.35,6.35,"Simpson SDS25112, separately purchased; manufacturer nominal underhead/head geometry; simplified unthreaded shaft; no pilot instruction or capacity assignment; clip_split_base_center_right + base_principal_center_right"
fastener_clip_split_base_center_right_upright_3,screw,38.1,6.35,6.35,"Simpson SDS25112, separately purchased; manufacturer nominal underhead/head geometry; simplified unthreaded shaft; no pilot instruction or capacity assignment; clip_split_base_center_right + base_principal_center_right"
fastener_clip_split_header_center_right_beam_1,screw,38.1,6.35,6.35,"Simpson SDS25112, separately purchased; manufacturer nominal underhead/head geometry; simplified unthreaded shaft; no pilot instruction or capacity assignment; clip_split_header_center_right + base_header"
fastener_clip_split_header_center_right_beam_2,screw,38.1,6.35,6.35,"Simpson SDS25112, separately purchased; manufacturer nominal underhead/head geometry; simplified unthreaded shaft; no pilot instruction or capacity assignment; clip_split_header_center_right + base_header"
fastener_clip_split_header_center_right_beam_3,screw,38.1,6.35,6.35,"Simpson SDS25112, separately purchased; manufacturer nominal underhead/head geometry; simplified unthreaded shaft; no pilot instruction or capacity assignment; clip_split_header_center_right + base_header"
fastener_clip_split_header_center_right_upright_1,screw,38.1,6.35,6.35,"Simpson SDS25112, separately purchased; manufacturer nominal underhead/head geometry; simplified unthreaded shaft; no pilot instruction or capacity assignment; clip_split_header_center_right + base_post_center_right"
fastener_clip_split_header_center_right_upright_2,screw,38.1,6.35,6.35,"Simpson SDS25112, separately purchased; manufacturer nominal underhead/head geometry; simplified unthreaded shaft; no pilot instruction or capacity assignment; clip_split_header_center_right + base_post_center_right"
fastener_clip_split_header_center_right_upright_3,screw,38.1,6.35,6.35,"Simpson SDS25112, separately purchased; manufacturer nominal underhead/head geometry; simplified unthreaded shaft; no pilot instruction or capacity assignment; clip_split_header_center_right + base_post_center_right"
fastener_clip_angle_base_left_beam_1,screw,38.1,6.35,6.35,"Simpson SDS25112, separately purchased; manufacturer nominal underhead/head geometry; simplified unthreaded shaft; no pilot instruction or capacity assignment; clip_angle_base_left + base_header"
fastener_clip_angle_base_left_beam_2,screw,38.1,6.35,6.35,"Simpson SDS25112, separately purchased; manufacturer nominal underhead/head geometry; simplified unthreaded shaft; no pilot instruction or capacity assignment; clip_angle_base_left + base_header"
fastener_clip_angle_base_left_beam_3,screw,38.1,6.35,6.35,"Simpson SDS25112, separately purchased; manufacturer nominal underhead/head geometry; simplified unthreaded shaft; no pilot instruction or capacity assignment; clip_angle_base_left + base_header"
fastener_clip_angle_base_left_upright_1,screw,38.1,6.35,6.35,"Simpson SDS25112, separately purchased; manufacturer nominal underhead/head geometry; simplified unthreaded shaft; no pilot instruction or capacity assignment; clip_angle_base_left + base_side_left"
fastener_clip_angle_base_left_upright_2,screw,38.1,6.35,6.35,"Simpson SDS25112, separately purchased; manufacturer nominal underhead/head geometry; simplified unthreaded shaft; no pilot instruction or capacity assignment; clip_angle_base_left + base_side_left"
fastener_clip_angle_base_left_upright_3,screw,38.1,6.35,6.35,"Simpson SDS25112, separately purchased; manufacturer nominal underhead/head geometry; simplified unthreaded shaft; no pilot instruction or capacity assignment; clip_angle_base_left + base_side_left"
fastener_clip_angle_base_right_beam_1,screw,38.1,6.35,6.35,"Simpson SDS25112, separately purchased; manufacturer nominal underhead/head geometry; simplified unthreaded shaft; no pilot instruction or capacity assignment; clip_angle_base_right + base_header"
fastener_clip_angle_base_right_beam_2,screw,38.1,6.35,6.35,"Simpson SDS25112, separately purchased; manufacturer nominal underhead/head geometry; simplified unthreaded shaft; no pilot instruction or capacity assignment; clip_angle_base_right + base_header"
fastener_clip_angle_base_right_beam_3,screw,38.1,6.35,6.35,"Simpson SDS25112, separately purchased; manufacturer nominal underhead/head geometry; simplified unthreaded shaft; no pilot instruction or capacity assignment; clip_angle_base_right + base_header"
fastener_clip_angle_base_right_upright_1,screw,38.1,6.35,6.35,"Simpson SDS25112, separately purchased; manufacturer nominal underhead/head geometry; simplified unthreaded shaft; no pilot instruction or capacity assignment; clip_angle_base_right + base_side_right"
fastener_clip_angle_base_right_upright_2,screw,38.1,6.35,6.35,"Simpson SDS25112, separately purchased; manufacturer nominal underhead/head geometry; simplified unthreaded shaft; no pilot instruction or capacity assignment; clip_angle_base_right + base_side_right"
fastener_clip_angle_base_right_upright_3,screw,38.1,6.35,6.35,"Simpson SDS25112, separately purchased; manufacturer nominal underhead/head geometry; simplified unthreaded shaft; no pilot instruction or capacity assignment; clip_angle_base_right + base_side_right"
fastener_clip_horizontal_bottom_left_1_beam_1,screw,38.1,6.35,6.35,"Simpson SDS25112, separately purchased; manufacturer nominal underhead/head geometry; simplified unthreaded shaft; no pilot instruction or capacity assignment; clip_horizontal_bottom_left_1 + base_rail_bottom_left"
fastener_clip_horizontal_bottom_left_1_beam_2,screw,38.1,6.35,6.35,"Simpson SDS25112, separately purchased; manufacturer nominal underhead/head geometry; simplified unthreaded shaft; no pilot instruction or capacity assignment; clip_horizontal_bottom_left_1 + base_rail_bottom_left"
fastener_clip_horizontal_bottom_left_1_beam_3,screw,38.1,6.35,6.35,"Simpson SDS25112, separately purchased; manufacturer nominal underhead/head geometry; simplified unthreaded shaft; no pilot instruction or capacity assignment; clip_horizontal_bottom_left_1 + base_rail_bottom_left"
fastener_clip_horizontal_bottom_left_1_upright_1,screw,38.1,6.35,6.35,"Simpson SDS25112, separately purchased; manufacturer nominal underhead/head geometry; simplified unthreaded shaft; no pilot instruction or capacity assignment; clip_horizontal_bottom_left_1 + base_side_left"
fastener_clip_horizontal_bottom_left_1_upright_2,screw,38.1,6.35,6.35,"Simpson SDS25112, separately purchased; manufacturer nominal underhead/head geometry; simplified unthreaded shaft; no pilot instruction or capacity assignment; clip_horizontal_bottom_left_1 + base_side_left"
fastener_clip_horizontal_bottom_left_1_upright_3,screw,38.1,6.35,6.35,"Simpson SDS25112, separately purchased; manufacturer nominal underhead/head geometry; simplified unthreaded shaft; no pilot instruction or capacity assignment; clip_horizontal_bottom_left_1 + base_side_left"
fastener_clip_horizontal_bottom_left_2_beam_1,screw,38.1,6.35,6.35,"Simpson SDS25112, separately purchased; manufacturer nominal underhead/head geometry; simplified unthreaded shaft; no pilot instruction or capacity assignment; clip_horizontal_bottom_left_2 + base_rail_bottom_left"
fastener_clip_horizontal_bottom_left_2_beam_2,screw,38.1,6.35,6.35,"Simpson SDS25112, separately purchased; manufacturer nominal underhead/head geometry; simplified unthreaded shaft; no pilot instruction or capacity assignment; clip_horizontal_bottom_left_2 + base_rail_bottom_left"
fastener_clip_horizontal_bottom_left_2_beam_3,screw,38.1,6.35,6.35,"Simpson SDS25112, separately purchased; manufacturer nominal underhead/head geometry; simplified unthreaded shaft; no pilot instruction or capacity assignment; clip_horizontal_bottom_left_2 + base_rail_bottom_left"
fastener_clip_horizontal_bottom_left_2_upright_1,screw,38.1,6.35,6.35,"Simpson SDS25112, separately purchased; manufacturer nominal underhead/head geometry; simplified unthreaded shaft; no pilot instruction or capacity assignment; clip_horizontal_bottom_left_2 + base_principal_center_left"
fastener_clip_horizontal_bottom_left_2_upright_2,screw,38.1,6.35,6.35,"Simpson SDS25112, separately purchased; manufacturer nominal underhead/head geometry; simplified unthreaded shaft; no pilot instruction or capacity assignment; clip_horizontal_bottom_left_2 + base_principal_center_left"
fastener_clip_horizontal_bottom_left_2_upright_3,screw,38.1,6.35,6.35,"Simpson SDS25112, separately purchased; manufacturer nominal underhead/head geometry; simplified unthreaded shaft; no pilot instruction or capacity assignment; clip_horizontal_bottom_left_2 + base_principal_center_left"
fastener_clip_horizontal_lower_left_1_beam_1,screw,38.1,6.35,6.35,"Simpson SDS25112, separately purchased; manufacturer nominal underhead/head geometry; simplified unthreaded shaft; no pilot instruction or capacity assignment; clip_horizontal_lower_left_1 + base_rail_service_lower_left"
fastener_clip_horizontal_lower_left_1_beam_2,screw,38.1,6.35,6.35,"Simpson SDS25112, separately purchased; manufacturer nominal underhead/head geometry; simplified unthreaded shaft; no pilot instruction or capacity assignment; clip_horizontal_lower_left_1 + base_rail_service_lower_left"
fastener_clip_horizontal_lower_left_1_beam_3,screw,38.1,6.35,6.35,"Simpson SDS25112, separately purchased; manufacturer nominal underhead/head geometry; simplified unthreaded shaft; no pilot instruction or capacity assignment; clip_horizontal_lower_left_1 + base_rail_service_lower_left"
fastener_clip_horizontal_lower_left_1_upright_1,screw,38.1,6.35,6.35,"Simpson SDS25112, separately purchased; manufacturer nominal underhead/head geometry; simplified unthreaded shaft; no pilot instruction or capacity assignment; clip_horizontal_lower_left_1 + base_side_left"
fastener_clip_horizontal_lower_left_1_upright_2,screw,38.1,6.35,6.35,"Simpson SDS25112, separately purchased; manufacturer nominal underhead/head geometry; simplified unthreaded shaft; no pilot instruction or capacity assignment; clip_horizontal_lower_left_1 + base_side_left"
fastener_clip_horizontal_lower_left_1_upright_3,screw,38.1,6.35,6.35,"Simpson SDS25112, separately purchased; manufacturer nominal underhead/head geometry; simplified unthreaded shaft; no pilot instruction or capacity assignment; clip_horizontal_lower_left_1 + base_side_left"
fastener_clip_horizontal_lower_left_2_beam_1,screw,38.1,6.35,6.35,"Simpson SDS25112, separately purchased; manufacturer nominal underhead/head geometry; simplified unthreaded shaft; no pilot instruction or capacity assignment; clip_horizontal_lower_left_2 + base_rail_service_lower_left"
fastener_clip_horizontal_lower_left_2_beam_2,screw,38.1,6.35,6.35,"Simpson SDS25112, separately purchased; manufacturer nominal underhead/head geometry; simplified unthreaded shaft; no pilot instruction or capacity assignment; clip_horizontal_lower_left_2 + base_rail_service_lower_left"
fastener_clip_horizontal_lower_left_2_beam_3,screw,38.1,6.35,6.35,"Simpson SDS25112, separately purchased; manufacturer nominal underhead/head geometry; simplified unthreaded shaft; no pilot instruction or capacity assignment; clip_horizontal_lower_left_2 + base_rail_service_lower_left"
fastener_clip_horizontal_lower_left_2_upright_1,screw,38.1,6.35,6.35,"Simpson SDS25112, separately purchased; manufacturer nominal underhead/head geometry; simplified unthreaded shaft; no pilot instruction or capacity assignment; clip_horizontal_lower_left_2 + base_principal_center_left"
fastener_clip_horizontal_lower_left_2_upright_2,screw,38.1,6.35,6.35,"Simpson SDS25112, separately purchased; manufacturer nominal underhead/head geometry; simplified unthreaded shaft; no pilot instruction or capacity assignment; clip_horizontal_lower_left_2 + base_principal_center_left"
fastener_clip_horizontal_lower_left_2_upright_3,screw,38.1,6.35,6.35,"Simpson SDS25112, separately purchased; manufacturer nominal underhead/head geometry; simplified unthreaded shaft; no pilot instruction or capacity assignment; clip_horizontal_lower_left_2 + base_principal_center_left"
fastener_clip_horizontal_upper_left_1_beam_1,screw,38.1,6.35,6.35,"Simpson SDS25112, separately purchased; manufacturer nominal underhead/head geometry; simplified unthreaded shaft; no pilot instruction or capacity assignment; clip_horizontal_upper_left_1 + base_rail_service_upper_left"
fastener_clip_horizontal_upper_left_1_beam_2,screw,38.1,6.35,6.35,"Simpson SDS25112, separately purchased; manufacturer nominal underhead/head geometry; simplified unthreaded shaft; no pilot instruction or capacity assignment; clip_horizontal_upper_left_1 + base_rail_service_upper_left"
fastener_clip_horizontal_upper_left_1_beam_3,screw,38.1,6.35,6.35,"Simpson SDS25112, separately purchased; manufacturer nominal underhead/head geometry; simplified unthreaded shaft; no pilot instruction or capacity assignment; clip_horizontal_upper_left_1 + base_rail_service_upper_left"
fastener_clip_horizontal_upper_left_1_upright_1,screw,38.1,6.35,6.35,"Simpson SDS25112, separately purchased; manufacturer nominal underhead/head geometry; simplified unthreaded shaft; no pilot instruction or capacity assignment; clip_horizontal_upper_left_1 + base_side_left"
fastener_clip_horizontal_upper_left_1_upright_2,screw,38.1,6.35,6.35,"Simpson SDS25112, separately purchased; manufacturer nominal underhead/head geometry; simplified unthreaded shaft; no pilot instruction or capacity assignment; clip_horizontal_upper_left_1 + base_side_left"
fastener_clip_horizontal_upper_left_1_upright_3,screw,38.1,6.35,6.35,"Simpson SDS25112, separately purchased; manufacturer nominal underhead/head geometry; simplified unthreaded shaft; no pilot instruction or capacity assignment; clip_horizontal_upper_left_1 + base_side_left"
fastener_clip_horizontal_upper_left_2_beam_1,screw,38.1,6.35,6.35,"Simpson SDS25112, separately purchased; manufacturer nominal underhead/head geometry; simplified unthreaded shaft; no pilot instruction or capacity assignment; clip_horizontal_upper_left_2 + base_rail_service_upper_left"
fastener_clip_horizontal_upper_left_2_beam_2,screw,38.1,6.35,6.35,"Simpson SDS25112, separately purchased; manufacturer nominal underhead/head geometry; simplified unthreaded shaft; no pilot instruction or capacity assignment; clip_horizontal_upper_left_2 + base_rail_service_upper_left"
fastener_clip_horizontal_upper_left_2_beam_3,screw,38.1,6.35,6.35,"Simpson SDS25112, separately purchased; manufacturer nominal underhead/head geometry; simplified unthreaded shaft; no pilot instruction or capacity assignment; clip_horizontal_upper_left_2 + base_rail_service_upper_left"
fastener_clip_horizontal_upper_left_2_upright_1,screw,38.1,6.35,6.35,"Simpson SDS25112, separately purchased; manufacturer nominal underhead/head geometry; simplified unthreaded shaft; no pilot instruction or capacity assignment; clip_horizontal_upper_left_2 + base_principal_center_left"
fastener_clip_horizontal_upper_left_2_upright_2,screw,38.1,6.35,6.35,"Simpson SDS25112, separately purchased; manufacturer nominal underhead/head geometry; simplified unthreaded shaft; no pilot instruction or capacity assignment; clip_horizontal_upper_left_2 + base_principal_center_left"
fastener_clip_horizontal_upper_left_2_upright_3,screw,38.1,6.35,6.35,"Simpson SDS25112, separately purchased; manufacturer nominal underhead/head geometry; simplified unthreaded shaft; no pilot instruction or capacity assignment; clip_horizontal_upper_left_2 + base_principal_center_left"
fastener_clip_horizontal_bottom_right_1_beam_1,screw,38.1,6.35,6.35,"Simpson SDS25112, separately purchased; manufacturer nominal underhead/head geometry; simplified unthreaded shaft; no pilot instruction or capacity assignment; clip_horizontal_bottom_right_1 + base_rail_bottom_right"
fastener_clip_horizontal_bottom_right_1_beam_2,screw,38.1,6.35,6.35,"Simpson SDS25112, separately purchased; manufacturer nominal underhead/head geometry; simplified unthreaded shaft; no pilot instruction or capacity assignment; clip_horizontal_bottom_right_1 + base_rail_bottom_right"
fastener_clip_horizontal_bottom_right_1_beam_3,screw,38.1,6.35,6.35,"Simpson SDS25112, separately purchased; manufacturer nominal underhead/head geometry; simplified unthreaded shaft; no pilot instruction or capacity assignment; clip_horizontal_bottom_right_1 + base_rail_bottom_right"
fastener_clip_horizontal_bottom_right_1_upright_1,screw,38.1,6.35,6.35,"Simpson SDS25112, separately purchased; manufacturer nominal underhead/head geometry; simplified unthreaded shaft; no pilot instruction or capacity assignment; clip_horizontal_bottom_right_1 + base_principal_center_right"
fastener_clip_horizontal_bottom_right_1_upright_2,screw,38.1,6.35,6.35,"Simpson SDS25112, separately purchased; manufacturer nominal underhead/head geometry; simplified unthreaded shaft; no pilot instruction or capacity assignment; clip_horizontal_bottom_right_1 + base_principal_center_right"
fastener_clip_horizontal_bottom_right_1_upright_3,screw,38.1,6.35,6.35,"Simpson SDS25112, separately purchased; manufacturer nominal underhead/head geometry; simplified unthreaded shaft; no pilot instruction or capacity assignment; clip_horizontal_bottom_right_1 + base_principal_center_right"
fastener_clip_horizontal_bottom_right_2_beam_1,screw,38.1,6.35,6.35,"Simpson SDS25112, separately purchased; manufacturer nominal underhead/head geometry; simplified unthreaded shaft; no pilot instruction or capacity assignment; clip_horizontal_bottom_right_2 + base_rail_bottom_right"
fastener_clip_horizontal_bottom_right_2_beam_2,screw,38.1,6.35,6.35,"Simpson SDS25112, separately purchased; manufacturer nominal underhead/head geometry; simplified unthreaded shaft; no pilot instruction or capacity assignment; clip_horizontal_bottom_right_2 + base_rail_bottom_right"
fastener_clip_horizontal_bottom_right_2_beam_3,screw,38.1,6.35,6.35,"Simpson SDS25112, separately purchased; manufacturer nominal underhead/head geometry; simplified unthreaded shaft; no pilot instruction or capacity assignment; clip_horizontal_bottom_right_2 + base_rail_bottom_right"
fastener_clip_horizontal_bottom_right_2_upright_1,screw,38.1,6.35,6.35,"Simpson SDS25112, separately purchased; manufacturer nominal underhead/head geometry; simplified unthreaded shaft; no pilot instruction or capacity assignment; clip_horizontal_bottom_right_2 + base_side_right"
fastener_clip_horizontal_bottom_right_2_upright_2,screw,38.1,6.35,6.35,"Simpson SDS25112, separately purchased; manufacturer nominal underhead/head geometry; simplified unthreaded shaft; no pilot instruction or capacity assignment; clip_horizontal_bottom_right_2 + base_side_right"
fastener_clip_horizontal_bottom_right_2_upright_3,screw,38.1,6.35,6.35,"Simpson SDS25112, separately purchased; manufacturer nominal underhead/head geometry; simplified unthreaded shaft; no pilot instruction or capacity assignment; clip_horizontal_bottom_right_2 + base_side_right"
fastener_clip_horizontal_lower_right_1_beam_1,screw,38.1,6.35,6.35,"Simpson SDS25112, separately purchased; manufacturer nominal underhead/head geometry; simplified unthreaded shaft; no pilot instruction or capacity assignment; clip_horizontal_lower_right_1 + base_rail_service_lower_right"
fastener_clip_horizontal_lower_right_1_beam_2,screw,38.1,6.35,6.35,"Simpson SDS25112, separately purchased; manufacturer nominal underhead/head geometry; simplified unthreaded shaft; no pilot instruction or capacity assignment; clip_horizontal_lower_right_1 + base_rail_service_lower_right"
fastener_clip_horizontal_lower_right_1_beam_3,screw,38.1,6.35,6.35,"Simpson SDS25112, separately purchased; manufacturer nominal underhead/head geometry; simplified unthreaded shaft; no pilot instruction or capacity assignment; clip_horizontal_lower_right_1 + base_rail_service_lower_right"
fastener_clip_horizontal_lower_right_1_upright_1,screw,38.1,6.35,6.35,"Simpson SDS25112, separately purchased; manufacturer nominal underhead/head geometry; simplified unthreaded shaft; no pilot instruction or capacity assignment; clip_horizontal_lower_right_1 + base_principal_center_right"
fastener_clip_horizontal_lower_right_1_upright_2,screw,38.1,6.35,6.35,"Simpson SDS25112, separately purchased; manufacturer nominal underhead/head geometry; simplified unthreaded shaft; no pilot instruction or capacity assignment; clip_horizontal_lower_right_1 + base_principal_center_right"
fastener_clip_horizontal_lower_right_1_upright_3,screw,38.1,6.35,6.35,"Simpson SDS25112, separately purchased; manufacturer nominal underhead/head geometry; simplified unthreaded shaft; no pilot instruction or capacity assignment; clip_horizontal_lower_right_1 + base_principal_center_right"
fastener_clip_horizontal_lower_right_2_beam_1,screw,38.1,6.35,6.35,"Simpson SDS25112, separately purchased; manufacturer nominal underhead/head geometry; simplified unthreaded shaft; no pilot instruction or capacity assignment; clip_horizontal_lower_right_2 + base_rail_service_lower_right"
fastener_clip_horizontal_lower_right_2_beam_2,screw,38.1,6.35,6.35,"Simpson SDS25112, separately purchased; manufacturer nominal underhead/head geometry; simplified unthreaded shaft; no pilot instruction or capacity assignment; clip_horizontal_lower_right_2 + base_rail_service_lower_right"
fastener_clip_horizontal_lower_right_2_beam_3,screw,38.1,6.35,6.35,"Simpson SDS25112, separately purchased; manufacturer nominal underhead/head geometry; simplified unthreaded shaft; no pilot instruction or capacity assignment; clip_horizontal_lower_right_2 + base_rail_service_lower_right"
fastener_clip_horizontal_lower_right_2_upright_1,screw,38.1,6.35,6.35,"Simpson SDS25112, separately purchased; manufacturer nominal underhead/head geometry; simplified unthreaded shaft; no pilot instruction or capacity assignment; clip_horizontal_lower_right_2 + base_side_right"
fastener_clip_horizontal_lower_right_2_upright_2,screw,38.1,6.35,6.35,"Simpson SDS25112, separately purchased; manufacturer nominal underhead/head geometry; simplified unthreaded shaft; no pilot instruction or capacity assignment; clip_horizontal_lower_right_2 + base_side_right"
fastener_clip_horizontal_lower_right_2_upright_3,screw,38.1,6.35,6.35,"Simpson SDS25112, separately purchased; manufacturer nominal underhead/head geometry; simplified unthreaded shaft; no pilot instruction or capacity assignment; clip_horizontal_lower_right_2 + base_side_right"
fastener_clip_horizontal_upper_right_1_beam_1,screw,38.1,6.35,6.35,"Simpson SDS25112, separately purchased; manufacturer nominal underhead/head geometry; simplified unthreaded shaft; no pilot instruction or capacity assignment; clip_horizontal_upper_right_1 + base_rail_service_upper_right"
fastener_clip_horizontal_upper_right_1_beam_2,screw,38.1,6.35,6.35,"Simpson SDS25112, separately purchased; manufacturer nominal underhead/head geometry; simplified unthreaded shaft; no pilot instruction or capacity assignment; clip_horizontal_upper_right_1 + base_rail_service_upper_right"
fastener_clip_horizontal_upper_right_1_beam_3,screw,38.1,6.35,6.35,"Simpson SDS25112, separately purchased; manufacturer nominal underhead/head geometry; simplified unthreaded shaft; no pilot instruction or capacity assignment; clip_horizontal_upper_right_1 + base_rail_service_upper_right"
fastener_clip_horizontal_upper_right_1_upright_1,screw,38.1,6.35,6.35,"Simpson SDS25112, separately purchased; manufacturer nominal underhead/head geometry; simplified unthreaded shaft; no pilot instruction or capacity assignment; clip_horizontal_upper_right_1 + base_principal_center_right"
fastener_clip_horizontal_upper_right_1_upright_2,screw,38.1,6.35,6.35,"Simpson SDS25112, separately purchased; manufacturer nominal underhead/head geometry; simplified unthreaded shaft; no pilot instruction or capacity assignment; clip_horizontal_upper_right_1 + base_principal_center_right"
fastener_clip_horizontal_upper_right_1_upright_3,screw,38.1,6.35,6.35,"Simpson SDS25112, separately purchased; manufacturer nominal underhead/head geometry; simplified unthreaded shaft; no pilot instruction or capacity assignment; clip_horizontal_upper_right_1 + base_principal_center_right"
fastener_clip_horizontal_upper_right_2_beam_1,screw,38.1,6.35,6.35,"Simpson SDS25112, separately purchased; manufacturer nominal underhead/head geometry; simplified unthreaded shaft; no pilot instruction or capacity assignment; clip_horizontal_upper_right_2 + base_rail_service_upper_right"
fastener_clip_horizontal_upper_right_2_beam_2,screw,38.1,6.35,6.35,"Simpson SDS25112, separately purchased; manufacturer nominal underhead/head geometry; simplified unthreaded shaft; no pilot instruction or capacity assignment; clip_horizontal_upper_right_2 + base_rail_service_upper_right"
fastener_clip_horizontal_upper_right_2_beam_3,screw,38.1,6.35,6.35,"Simpson SDS25112, separately purchased; manufacturer nominal underhead/head geometry; simplified unthreaded shaft; no pilot instruction or capacity assignment; clip_horizontal_upper_right_2 + base_rail_service_upper_right"
fastener_clip_horizontal_upper_right_2_upright_1,screw,38.1,6.35,6.35,"Simpson SDS25112, separately purchased; manufacturer nominal underhead/head geometry; simplified unthreaded shaft; no pilot instruction or capacity assignment; clip_horizontal_upper_right_2 + base_side_right"
fastener_clip_horizontal_upper_right_2_upright_2,screw,38.1,6.35,6.35,"Simpson SDS25112, separately purchased; manufacturer nominal underhead/head geometry; simplified unthreaded shaft; no pilot instruction or capacity assignment; clip_horizontal_upper_right_2 + base_side_right"
fastener_clip_horizontal_upper_right_2_upright_3,screw,38.1,6.35,6.35,"Simpson SDS25112, separately purchased; manufacturer nominal underhead/head geometry; simplified unthreaded shaft; no pilot instruction or capacity assignment; clip_horizontal_upper_right_2 + base_side_right"
fastener_lumber_leg_bolt_left_1_shaft,bolt,95.25,9.855199999999968,9.855199999999968,"shaft of lumber_leg_bolt_left_1; Spread-group experiment; geometry only, NOT build-ready or strength-qualified; existing 3/8-16 x3.75in dimensional family; NEW 70x50 group, not retrofit drilling; Regular hex head/nut geometry within documented maximum flats/corners; no threads or chamfers modeled; hardware and joint resistance unqualified; head outside, nut inside; two washers retained"
fastener_lumber_leg_bolt_left_1_near_washer,bolt,2.0319999999999254,21.00579999999991,21.00579999999991,"near washer of lumber_leg_bolt_left_1; Spread-group experiment; geometry only, NOT build-ready or strength-qualified; existing 3/8-16 x3.75in dimensional family; NEW 70x50 group, not retrofit drilling; Regular hex head/nut geometry within documented maximum flats/corners; no threads or chamfers modeled; hardware and joint resistance unqualified; head outside, nut inside; two washers retained"
fastener_lumber_leg_bolt_left_1_far_washer,bolt,2.0319999999999254,21.00579999999991,21.00579999999991,"far washer of lumber_leg_bolt_left_1; Spread-group experiment; geometry only, NOT build-ready or strength-qualified; existing 3/8-16 x3.75in dimensional family; NEW 70x50 group, not retrofit drilling; Regular hex head/nut geometry within documented maximum flats/corners; no threads or chamfers modeled; hardware and joint resistance unqualified; head outside, nut inside; two washers retained"
fastener_lumber_leg_bolt_left_1_head,bolt,6.807199999999966,14.274799999999914,16.483119245256148,"head of lumber_leg_bolt_left_1; Spread-group experiment; geometry only, NOT build-ready or strength-qualified; existing 3/8-16 x3.75in dimensional family; NEW 70x50 group, not retrofit drilling; Regular hex head/nut geometry within documented maximum flats/corners; no threads or chamfers modeled; hardware and joint resistance unqualified; head outside, nut inside; two washers retained"
fastener_lumber_leg_bolt_left_1_nut,bolt,8.559799999999996,14.274799999999914,16.483119245256148,"nut of lumber_leg_bolt_left_1; Spread-group experiment; geometry only, NOT build-ready or strength-qualified; existing 3/8-16 x3.75in dimensional family; NEW 70x50 group, not retrofit drilling; Regular hex head/nut geometry within documented maximum flats/corners; no threads or chamfers modeled; hardware and joint resistance unqualified; head outside, nut inside; two washers retained"
fastener_lumber_leg_bolt_left_2_shaft,bolt,95.25,9.855199999999968,9.855199999999968,"shaft of lumber_leg_bolt_left_2; Spread-group experiment; geometry only, NOT build-ready or strength-qualified; existing 3/8-16 x3.75in dimensional family; NEW 70x50 group, not retrofit drilling; Regular hex head/nut geometry within documented maximum flats/corners; no threads or chamfers modeled; hardware and joint resistance unqualified; head outside, nut inside; two washers retained"
fastener_lumber_leg_bolt_left_2_near_washer,bolt,2.0319999999999254,21.00579999999991,21.00579999999991,"near washer of lumber_leg_bolt_left_2; Spread-group experiment; geometry only, NOT build-ready or strength-qualified; existing 3/8-16 x3.75in dimensional family; NEW 70x50 group, not retrofit drilling; Regular hex head/nut geometry within documented maximum flats/corners; no threads or chamfers modeled; hardware and joint resistance unqualified; head outside, nut inside; two washers retained"
fastener_lumber_leg_bolt_left_2_far_washer,bolt,2.0319999999999254,21.00579999999991,21.00579999999991,"far washer of lumber_leg_bolt_left_2; Spread-group experiment; geometry only, NOT build-ready or strength-qualified; existing 3/8-16 x3.75in dimensional family; NEW 70x50 group, not retrofit drilling; Regular hex head/nut geometry within documented maximum flats/corners; no threads or chamfers modeled; hardware and joint resistance unqualified; head outside, nut inside; two washers retained"
fastener_lumber_leg_bolt_left_2_head,bolt,6.807199999999966,14.274799999999914,16.483119245256148,"head of lumber_leg_bolt_left_2; Spread-group experiment; geometry only, NOT build-ready or strength-qualified; existing 3/8-16 x3.75in dimensional family; NEW 70x50 group, not retrofit drilling; Regular hex head/nut geometry within documented maximum flats/corners; no threads or chamfers modeled; hardware and joint resistance unqualified; head outside, nut inside; two washers retained"
fastener_lumber_leg_bolt_left_2_nut,bolt,8.559799999999996,14.274799999999914,16.483119245256148,"nut of lumber_leg_bolt_left_2; Spread-group experiment; geometry only, NOT build-ready or strength-qualified; existing 3/8-16 x3.75in dimensional family; NEW 70x50 group, not retrofit drilling; Regular hex head/nut geometry within documented maximum flats/corners; no threads or chamfers modeled; hardware and joint resistance unqualified; head outside, nut inside; two washers retained"
fastener_lumber_leg_bolt_left_3_shaft,bolt,95.25,9.855199999999968,9.855199999999968,"shaft of lumber_leg_bolt_left_3; Spread-group experiment; geometry only, NOT build-ready or strength-qualified; existing 3/8-16 x3.75in dimensional family; NEW 70x50 group, not retrofit drilling; Regular hex head/nut geometry within documented maximum flats/corners; no threads or chamfers modeled; hardware and joint resistance unqualified; head outside, nut inside; two washers retained"
fastener_lumber_leg_bolt_left_3_near_washer,bolt,2.0319999999999254,21.00579999999991,21.00579999999991,"near washer of lumber_leg_bolt_left_3; Spread-group experiment; geometry only, NOT build-ready or strength-qualified; existing 3/8-16 x3.75in dimensional family; NEW 70x50 group, not retrofit drilling; Regular hex head/nut geometry within documented maximum flats/corners; no threads or chamfers modeled; hardware and joint resistance unqualified; head outside, nut inside; two washers retained"
fastener_lumber_leg_bolt_left_3_far_washer,bolt,2.0319999999999254,21.00579999999991,21.00579999999991,"far washer of lumber_leg_bolt_left_3; Spread-group experiment; geometry only, NOT build-ready or strength-qualified; existing 3/8-16 x3.75in dimensional family; NEW 70x50 group, not retrofit drilling; Regular hex head/nut geometry within documented maximum flats/corners; no threads or chamfers modeled; hardware and joint resistance unqualified; head outside, nut inside; two washers retained"
fastener_lumber_leg_bolt_left_3_head,bolt,6.807199999999966,14.274799999999914,16.483119245256148,"head of lumber_leg_bolt_left_3; Spread-group experiment; geometry only, NOT build-ready or strength-qualified; existing 3/8-16 x3.75in dimensional family; NEW 70x50 group, not retrofit drilling; Regular hex head/nut geometry within documented maximum flats/corners; no threads or chamfers modeled; hardware and joint resistance unqualified; head outside, nut inside; two washers retained"
fastener_lumber_leg_bolt_left_3_nut,bolt,8.559799999999996,14.274799999999914,16.483119245256148,"nut of lumber_leg_bolt_left_3; Spread-group experiment; geometry only, NOT build-ready or strength-qualified; existing 3/8-16 x3.75in dimensional family; NEW 70x50 group, not retrofit drilling; Regular hex head/nut geometry within documented maximum flats/corners; no threads or chamfers modeled; hardware and joint resistance unqualified; head outside, nut inside; two washers retained"
fastener_lumber_leg_bolt_left_4_shaft,bolt,95.25,9.855199999999968,9.855199999999968,"shaft of lumber_leg_bolt_left_4; Spread-group experiment; geometry only, NOT build-ready or strength-qualified; existing 3/8-16 x3.75in dimensional family; NEW 70x50 group, not retrofit drilling; Regular hex head/nut geometry within documented maximum flats/corners; no threads or chamfers modeled; hardware and joint resistance unqualified; head outside, nut inside; two washers retained"
fastener_lumber_leg_bolt_left_4_near_washer,bolt,2.0319999999999254,21.00579999999991,21.00579999999991,"near washer of lumber_leg_bolt_left_4; Spread-group experiment; geometry only, NOT build-ready or strength-qualified; existing 3/8-16 x3.75in dimensional family; NEW 70x50 group, not retrofit drilling; Regular hex head/nut geometry within documented maximum flats/corners; no threads or chamfers modeled; hardware and joint resistance unqualified; head outside, nut inside; two washers retained"
fastener_lumber_leg_bolt_left_4_far_washer,bolt,2.0319999999999254,21.00579999999991,21.00579999999991,"far washer of lumber_leg_bolt_left_4; Spread-group experiment; geometry only, NOT build-ready or strength-qualified; existing 3/8-16 x3.75in dimensional family; NEW 70x50 group, not retrofit drilling; Regular hex head/nut geometry within documented maximum flats/corners; no threads or chamfers modeled; hardware and joint resistance unqualified; head outside, nut inside; two washers retained"
fastener_lumber_leg_bolt_left_4_head,bolt,6.807199999999966,14.274799999999914,16.483119245256148,"head of lumber_leg_bolt_left_4; Spread-group experiment; geometry only, NOT build-ready or strength-qualified; existing 3/8-16 x3.75in dimensional family; NEW 70x50 group, not retrofit drilling; Regular hex head/nut geometry within documented maximum flats/corners; no threads or chamfers modeled; hardware and joint resistance unqualified; head outside, nut inside; two washers retained"
fastener_lumber_leg_bolt_left_4_nut,bolt,8.559799999999996,14.274799999999914,16.483119245256148,"nut of lumber_leg_bolt_left_4; Spread-group experiment; geometry only, NOT build-ready or strength-qualified; existing 3/8-16 x3.75in dimensional family; NEW 70x50 group, not retrofit drilling; Regular hex head/nut geometry within documented maximum flats/corners; no threads or chamfers modeled; hardware and joint resistance unqualified; head outside, nut inside; two washers retained"
fastener_lumber_leg_bolt_right_1_shaft,bolt,95.25,9.855199999999968,9.855199999999968,"shaft of lumber_leg_bolt_right_1; Spread-group experiment; geometry only, NOT build-ready or strength-qualified; existing 3/8-16 x3.75in dimensional family; NEW 70x50 group, not retrofit drilling; Regular hex head/nut geometry within documented maximum flats/corners; no threads or chamfers modeled; hardware and joint resistance unqualified; head outside, nut inside; two washers retained"
fastener_lumber_leg_bolt_right_1_near_washer,bolt,2.0319999999999254,21.00579999999991,21.00579999999991,"near washer of lumber_leg_bolt_right_1; Spread-group experiment; geometry only, NOT build-ready or strength-qualified; existing 3/8-16 x3.75in dimensional family; NEW 70x50 group, not retrofit drilling; Regular hex head/nut geometry within documented maximum flats/corners; no threads or chamfers modeled; hardware and joint resistance unqualified; head outside, nut inside; two washers retained"
fastener_lumber_leg_bolt_right_1_far_washer,bolt,2.0319999999999254,21.00579999999991,21.00579999999991,"far washer of lumber_leg_bolt_right_1; Spread-group experiment; geometry only, NOT build-ready or strength-qualified; existing 3/8-16 x3.75in dimensional family; NEW 70x50 group, not retrofit drilling; Regular hex head/nut geometry within documented maximum flats/corners; no threads or chamfers modeled; hardware and joint resistance unqualified; head outside, nut inside; two washers retained"
fastener_lumber_leg_bolt_right_1_head,bolt,6.807199999999966,14.274799999999914,16.483119245256148,"head of lumber_leg_bolt_right_1; Spread-group experiment; geometry only, NOT build-ready or strength-qualified; existing 3/8-16 x3.75in dimensional family; NEW 70x50 group, not retrofit drilling; Regular hex head/nut geometry within documented maximum flats/corners; no threads or chamfers modeled; hardware and joint resistance unqualified; head outside, nut inside; two washers retained"
fastener_lumber_leg_bolt_right_1_nut,bolt,8.559799999999996,14.274799999999914,16.483119245256148,"nut of lumber_leg_bolt_right_1; Spread-group experiment; geometry only, NOT build-ready or strength-qualified; existing 3/8-16 x3.75in dimensional family; NEW 70x50 group, not retrofit drilling; Regular hex head/nut geometry within documented maximum flats/corners; no threads or chamfers modeled; hardware and joint resistance unqualified; head outside, nut inside; two washers retained"
fastener_lumber_leg_bolt_right_2_shaft,bolt,95.25,9.855199999999968,9.855199999999968,"shaft of lumber_leg_bolt_right_2; Spread-group experiment; geometry only, NOT build-ready or strength-qualified; existing 3/8-16 x3.75in dimensional family; NEW 70x50 group, not retrofit drilling; Regular hex head/nut geometry within documented maximum flats/corners; no threads or chamfers modeled; hardware and joint resistance unqualified; head outside, nut inside; two washers retained"
fastener_lumber_leg_bolt_right_2_near_washer,bolt,2.0319999999999254,21.00579999999991,21.00579999999991,"near washer of lumber_leg_bolt_right_2; Spread-group experiment; geometry only, NOT build-ready or strength-qualified; existing 3/8-16 x3.75in dimensional family; NEW 70x50 group, not retrofit drilling; Regular hex head/nut geometry within documented maximum flats/corners; no threads or chamfers modeled; hardware and joint resistance unqualified; head outside, nut inside; two washers retained"
fastener_lumber_leg_bolt_right_2_far_washer,bolt,2.0319999999999254,21.00579999999991,21.00579999999991,"far washer of lumber_leg_bolt_right_2; Spread-group experiment; geometry only, NOT build-ready or strength-qualified; existing 3/8-16 x3.75in dimensional family; NEW 70x50 group, not retrofit drilling; Regular hex head/nut geometry within documented maximum flats/corners; no threads or chamfers modeled; hardware and joint resistance unqualified; head outside, nut inside; two washers retained"
fastener_lumber_leg_bolt_right_2_head,bolt,6.807199999999966,14.274799999999914,16.483119245256148,"head of lumber_leg_bolt_right_2; Spread-group experiment; geometry only, NOT build-ready or strength-qualified; existing 3/8-16 x3.75in dimensional family; NEW 70x50 group, not retrofit drilling; Regular hex head/nut geometry within documented maximum flats/corners; no threads or chamfers modeled; hardware and joint resistance unqualified; head outside, nut inside; two washers retained"
fastener_lumber_leg_bolt_right_2_nut,bolt,8.559799999999996,14.274799999999914,16.483119245256148,"nut of lumber_leg_bolt_right_2; Spread-group experiment; geometry only, NOT build-ready or strength-qualified; existing 3/8-16 x3.75in dimensional family; NEW 70x50 group, not retrofit drilling; Regular hex head/nut geometry within documented maximum flats/corners; no threads or chamfers modeled; hardware and joint resistance unqualified; head outside, nut inside; two washers retained"
fastener_lumber_leg_bolt_right_3_shaft,bolt,95.25,9.855199999999968,9.855199999999968,"shaft of lumber_leg_bolt_right_3; Spread-group experiment; geometry only, NOT build-ready or strength-qualified; existing 3/8-16 x3.75in dimensional family; NEW 70x50 group, not retrofit drilling; Regular hex head/nut geometry within documented maximum flats/corners; no threads or chamfers modeled; hardware and joint resistance unqualified; head outside, nut inside; two washers retained"
fastener_lumber_leg_bolt_right_3_near_washer,bolt,2.0319999999999254,21.00579999999991,21.00579999999991,"near washer of lumber_leg_bolt_right_3; Spread-group experiment; geometry only, NOT build-ready or strength-qualified; existing 3/8-16 x3.75in dimensional family; NEW 70x50 group, not retrofit drilling; Regular hex head/nut geometry within documented maximum flats/corners; no threads or chamfers modeled; hardware and joint resistance unqualified; head outside, nut inside; two washers retained"
fastener_lumber_leg_bolt_right_3_far_washer,bolt,2.0319999999999254,21.00579999999991,21.00579999999991,"far washer of lumber_leg_bolt_right_3; Spread-group experiment; geometry only, NOT build-ready or strength-qualified; existing 3/8-16 x3.75in dimensional family; NEW 70x50 group, not retrofit drilling; Regular hex head/nut geometry within documented maximum flats/corners; no threads or chamfers modeled; hardware and joint resistance unqualified; head outside, nut inside; two washers retained"
fastener_lumber_leg_bolt_right_3_head,bolt,6.807199999999966,14.274799999999914,16.483119245256148,"head of lumber_leg_bolt_right_3; Spread-group experiment; geometry only, NOT build-ready or strength-qualified; existing 3/8-16 x3.75in dimensional family; NEW 70x50 group, not retrofit drilling; Regular hex head/nut geometry within documented maximum flats/corners; no threads or chamfers modeled; hardware and joint resistance unqualified; head outside, nut inside; two washers retained"
fastener_lumber_leg_bolt_right_3_nut,bolt,8.559799999999996,14.274799999999914,16.483119245256148,"nut of lumber_leg_bolt_right_3; Spread-group experiment; geometry only, NOT build-ready or strength-qualified; existing 3/8-16 x3.75in dimensional family; NEW 70x50 group, not retrofit drilling; Regular hex head/nut geometry within documented maximum flats/corners; no threads or chamfers modeled; hardware and joint resistance unqualified; head outside, nut inside; two washers retained"
fastener_lumber_leg_bolt_right_4_shaft,bolt,95.25,9.855199999999968,9.855199999999968,"shaft of lumber_leg_bolt_right_4; Spread-group experiment; geometry only, NOT build-ready or strength-qualified; existing 3/8-16 x3.75in dimensional family; NEW 70x50 group, not retrofit drilling; Regular hex head/nut geometry within documented maximum flats/corners; no threads or chamfers modeled; hardware and joint resistance unqualified; head outside, nut inside; two washers retained"
fastener_lumber_leg_bolt_right_4_near_washer,bolt,2.0319999999999254,21.00579999999991,21.00579999999991,"near washer of lumber_leg_bolt_right_4; Spread-group experiment; geometry only, NOT build-ready or strength-qualified; existing 3/8-16 x3.75in dimensional family; NEW 70x50 group, not retrofit drilling; Regular hex head/nut geometry within documented maximum flats/corners; no threads or chamfers modeled; hardware and joint resistance unqualified; head outside, nut inside; two washers retained"
fastener_lumber_leg_bolt_right_4_far_washer,bolt,2.0319999999999254,21.00579999999991,21.00579999999991,"far washer of lumber_leg_bolt_right_4; Spread-group experiment; geometry only, NOT build-ready or strength-qualified; existing 3/8-16 x3.75in dimensional family; NEW 70x50 group, not retrofit drilling; Regular hex head/nut geometry within documented maximum flats/corners; no threads or chamfers modeled; hardware and joint resistance unqualified; head outside, nut inside; two washers retained"
fastener_lumber_leg_bolt_right_4_head,bolt,6.807199999999966,14.274799999999914,16.483119245256148,"head of lumber_leg_bolt_right_4; Spread-group experiment; geometry only, NOT build-ready or strength-qualified; existing 3/8-16 x3.75in dimensional family; NEW 70x50 group, not retrofit drilling; Regular hex head/nut geometry within documented maximum flats/corners; no threads or chamfers modeled; hardware and joint resistance unqualified; head outside, nut inside; two washers retained"
fastener_lumber_leg_bolt_right_4_nut,bolt,8.559799999999996,14.274799999999914,16.483119245256148,"nut of lumber_leg_bolt_right_4; Spread-group experiment; geometry only, NOT build-ready or strength-qualified; existing 3/8-16 x3.75in dimensional family; NEW 70x50 group, not retrofit drilling; Regular hex head/nut geometry within documented maximum flats/corners; no threads or chamfers modeled; hardware and joint resistance unqualified; head outside, nut inside; two washers retained"
fastener_round_panel_lower_left_rim_1,screw,50.8,4.1402,4.1402,"SPAX XFT08P-2000 #8 x2 in; nominal geometry; head profile and capacity unqualified; mirrored12-per-face comparison hypothesis; not qualified; US CP-XF_08 nominal 90-degree flat head and 0.115-inch shank; sharp head/neck and shank/thread transitions idealized; ribs, thread helices and tapered tip omitted; occupied geometry is not a pilot-drilling specification; main_lower_left + base_side_left"
fastener_round_panel_lower_left_rim_2,screw,50.8,4.1402,4.1402,"SPAX XFT08P-2000 #8 x2 in; nominal geometry; head profile and capacity unqualified; mirrored12-per-face comparison hypothesis; not qualified; US CP-XF_08 nominal 90-degree flat head and 0.115-inch shank; sharp head/neck and shank/thread transitions idealized; ribs, thread helices and tapered tip omitted; occupied geometry is not a pilot-drilling specification; main_lower_left + base_side_left"
fastener_round_panel_lower_left_rim_3,screw,50.8,4.1402,4.1402,"SPAX XFT08P-2000 #8 x2 in; nominal geometry; head profile and capacity unqualified; mirrored12-per-face comparison hypothesis; not qualified; US CP-XF_08 nominal 90-degree flat head and 0.115-inch shank; sharp head/neck and shank/thread transitions idealized; ribs, thread helices and tapered tip omitted; occupied geometry is not a pilot-drilling specification; main_lower_left + base_side_left"
fastener_round_panel_lower_left_rim_4,screw,50.8,4.1402,4.1402,"SPAX XFT08P-2000 #8 x2 in; nominal geometry; head profile and capacity unqualified; mirrored12-per-face comparison hypothesis; not qualified; US CP-XF_08 nominal 90-degree flat head and 0.115-inch shank; sharp head/neck and shank/thread transitions idealized; ribs, thread helices and tapered tip omitted; occupied geometry is not a pilot-drilling specification; main_lower_left + base_side_left"
fastener_round_panel_lower_left_center_1,screw,50.8,4.1402,4.1402,"SPAX XFT08P-2000 #8 x2 in; nominal geometry; head profile and capacity unqualified; mirrored12-per-face comparison hypothesis; not qualified; US CP-XF_08 nominal 90-degree flat head and 0.115-inch shank; sharp head/neck and shank/thread transitions idealized; ribs, thread helices and tapered tip omitted; occupied geometry is not a pilot-drilling specification; main_lower_left + base_principal_center_left"
fastener_round_panel_lower_left_center_2,screw,50.8,4.1402,4.1402,"SPAX XFT08P-2000 #8 x2 in; nominal geometry; head profile and capacity unqualified; mirrored12-per-face comparison hypothesis; not qualified; US CP-XF_08 nominal 90-degree flat head and 0.115-inch shank; sharp head/neck and shank/thread transitions idealized; ribs, thread helices and tapered tip omitted; occupied geometry is not a pilot-drilling specification; main_lower_left + base_principal_center_left"
fastener_round_panel_lower_left_center_3,screw,50.8,4.1402,4.1402,"SPAX XFT08P-2000 #8 x2 in; nominal geometry; head profile and capacity unqualified; mirrored12-per-face comparison hypothesis; not qualified; US CP-XF_08 nominal 90-degree flat head and 0.115-inch shank; sharp head/neck and shank/thread transitions idealized; ribs, thread helices and tapered tip omitted; occupied geometry is not a pilot-drilling specification; main_lower_left + base_principal_center_left"
fastener_round_panel_lower_left_center_4,screw,50.8,4.1402,4.1402,"SPAX XFT08P-2000 #8 x2 in; nominal geometry; head profile and capacity unqualified; mirrored12-per-face comparison hypothesis; not qualified; US CP-XF_08 nominal 90-degree flat head and 0.115-inch shank; sharp head/neck and shank/thread transitions idealized; ribs, thread helices and tapered tip omitted; occupied geometry is not a pilot-drilling specification; main_lower_left + base_principal_center_left"
fastener_round_panel_lower_left_edge_1,screw,50.8,4.1402,4.1402,"SPAX XFT08P-2000 #8 x2 in; nominal geometry; head profile and capacity unqualified; mirrored12-per-face comparison hypothesis; not qualified; US CP-XF_08 nominal 90-degree flat head and 0.115-inch shank; sharp head/neck and shank/thread transitions idealized; ribs, thread helices and tapered tip omitted; occupied geometry is not a pilot-drilling specification; main_lower_left + base_rail_bottom_left"
fastener_round_panel_lower_left_edge_2,screw,50.8,4.1402,4.1402,"SPAX XFT08P-2000 #8 x2 in; nominal geometry; head profile and capacity unqualified; mirrored12-per-face comparison hypothesis; not qualified; US CP-XF_08 nominal 90-degree flat head and 0.115-inch shank; sharp head/neck and shank/thread transitions idealized; ribs, thread helices and tapered tip omitted; occupied geometry is not a pilot-drilling specification; main_lower_left + base_rail_bottom_left"
fastener_round_panel_lower_left_service_1,screw,50.8,4.1402,4.1402,"SPAX XFT08P-2000 #8 x2 in; nominal geometry; head profile and capacity unqualified; mirrored12-per-face comparison hypothesis; not qualified; US CP-XF_08 nominal 90-degree flat head and 0.115-inch shank; sharp head/neck and shank/thread transitions idealized; ribs, thread helices and tapered tip omitted; occupied geometry is not a pilot-drilling specification; main_lower_left + base_rail_service_lower_left"
fastener_round_panel_lower_left_service_2,screw,50.8,4.1402,4.1402,"SPAX XFT08P-2000 #8 x2 in; nominal geometry; head profile and capacity unqualified; mirrored12-per-face comparison hypothesis; not qualified; US CP-XF_08 nominal 90-degree flat head and 0.115-inch shank; sharp head/neck and shank/thread transitions idealized; ribs, thread helices and tapered tip omitted; occupied geometry is not a pilot-drilling specification; main_lower_left + base_rail_service_lower_left"
fastener_round_panel_upper_left_rim_1,screw,50.8,4.1402,4.1402,"SPAX XFT08P-2000 #8 x2 in; nominal geometry; head profile and capacity unqualified; mirrored12-per-face comparison hypothesis; not qualified; US CP-XF_08 nominal 90-degree flat head and 0.115-inch shank; sharp head/neck and shank/thread transitions idealized; ribs, thread helices and tapered tip omitted; occupied geometry is not a pilot-drilling specification; main_upper_left + base_side_left"
fastener_round_panel_upper_left_rim_2,screw,50.8,4.1402,4.1402,"SPAX XFT08P-2000 #8 x2 in; nominal geometry; head profile and capacity unqualified; mirrored12-per-face comparison hypothesis; not qualified; US CP-XF_08 nominal 90-degree flat head and 0.115-inch shank; sharp head/neck and shank/thread transitions idealized; ribs, thread helices and tapered tip omitted; occupied geometry is not a pilot-drilling specification; main_upper_left + base_side_left"
fastener_round_panel_upper_left_rim_3,screw,50.8,4.1402,4.1402,"SPAX XFT08P-2000 #8 x2 in; nominal geometry; head profile and capacity unqualified; mirrored12-per-face comparison hypothesis; not qualified; US CP-XF_08 nominal 90-degree flat head and 0.115-inch shank; sharp head/neck and shank/thread transitions idealized; ribs, thread helices and tapered tip omitted; occupied geometry is not a pilot-drilling specification; main_upper_left + base_side_left"
fastener_round_panel_upper_left_rim_4,screw,50.8,4.1402,4.1402,"SPAX XFT08P-2000 #8 x2 in; nominal geometry; head profile and capacity unqualified; mirrored12-per-face comparison hypothesis; not qualified; US CP-XF_08 nominal 90-degree flat head and 0.115-inch shank; sharp head/neck and shank/thread transitions idealized; ribs, thread helices and tapered tip omitted; occupied geometry is not a pilot-drilling specification; main_upper_left + base_side_left"
fastener_round_panel_upper_left_center_1,screw,50.8,4.1402,4.1402,"SPAX XFT08P-2000 #8 x2 in; nominal geometry; head profile and capacity unqualified; mirrored12-per-face comparison hypothesis; not qualified; US CP-XF_08 nominal 90-degree flat head and 0.115-inch shank; sharp head/neck and shank/thread transitions idealized; ribs, thread helices and tapered tip omitted; occupied geometry is not a pilot-drilling specification; main_upper_left + base_principal_center_left"
fastener_round_panel_upper_left_center_2,screw,50.8,4.1402,4.1402,"SPAX XFT08P-2000 #8 x2 in; nominal geometry; head profile and capacity unqualified; mirrored12-per-face comparison hypothesis; not qualified; US CP-XF_08 nominal 90-degree flat head and 0.115-inch shank; sharp head/neck and shank/thread transitions idealized; ribs, thread helices and tapered tip omitted; occupied geometry is not a pilot-drilling specification; main_upper_left + base_principal_center_left"
fastener_round_panel_upper_left_center_3,screw,50.8,4.1402,4.1402,"SPAX XFT08P-2000 #8 x2 in; nominal geometry; head profile and capacity unqualified; mirrored12-per-face comparison hypothesis; not qualified; US CP-XF_08 nominal 90-degree flat head and 0.115-inch shank; sharp head/neck and shank/thread transitions idealized; ribs, thread helices and tapered tip omitted; occupied geometry is not a pilot-drilling specification; main_upper_left + base_principal_center_left"
fastener_round_panel_upper_left_center_4,screw,50.8,4.1402,4.1402,"SPAX XFT08P-2000 #8 x2 in; nominal geometry; head profile and capacity unqualified; mirrored12-per-face comparison hypothesis; not qualified; US CP-XF_08 nominal 90-degree flat head and 0.115-inch shank; sharp head/neck and shank/thread transitions idealized; ribs, thread helices and tapered tip omitted; occupied geometry is not a pilot-drilling specification; main_upper_left + base_principal_center_left"
fastener_round_panel_upper_left_edge_1,screw,50.8,4.1402,4.1402,"SPAX XFT08P-2000 #8 x2 in; nominal geometry; head profile and capacity unqualified; mirrored12-per-face comparison hypothesis; not qualified; US CP-XF_08 nominal 90-degree flat head and 0.115-inch shank; sharp head/neck and shank/thread transitions idealized; ribs, thread helices and tapered tip omitted; occupied geometry is not a pilot-drilling specification; main_upper_left + base_rail_top"
fastener_round_panel_upper_left_edge_2,screw,50.8,4.1402,4.1402,"SPAX XFT08P-2000 #8 x2 in; nominal geometry; head profile and capacity unqualified; mirrored12-per-face comparison hypothesis; not qualified; US CP-XF_08 nominal 90-degree flat head and 0.115-inch shank; sharp head/neck and shank/thread transitions idealized; ribs, thread helices and tapered tip omitted; occupied geometry is not a pilot-drilling specification; main_upper_left + base_rail_top"
fastener_round_panel_upper_left_service_1,screw,50.8,4.1402,4.1402,"SPAX XFT08P-2000 #8 x2 in; nominal geometry; head profile and capacity unqualified; mirrored12-per-face comparison hypothesis; not qualified; US CP-XF_08 nominal 90-degree flat head and 0.115-inch shank; sharp head/neck and shank/thread transitions idealized; ribs, thread helices and tapered tip omitted; occupied geometry is not a pilot-drilling specification; main_upper_left + base_rail_service_upper_left"
fastener_round_panel_upper_left_service_2,screw,50.8,4.1402,4.1402,"SPAX XFT08P-2000 #8 x2 in; nominal geometry; head profile and capacity unqualified; mirrored12-per-face comparison hypothesis; not qualified; US CP-XF_08 nominal 90-degree flat head and 0.115-inch shank; sharp head/neck and shank/thread transitions idealized; ribs, thread helices and tapered tip omitted; occupied geometry is not a pilot-drilling specification; main_upper_left + base_rail_service_upper_left"
fastener_round_kicker_left_rim_1,screw,50.8,4.1402,4.1402,"SPAX XFT08P-2000 #8 x2 in; nominal geometry; head profile and capacity unqualified; mirrored12-per-face comparison hypothesis; not qualified; US CP-XF_08 nominal 90-degree flat head and 0.115-inch shank; sharp head/neck and shank/thread transitions idealized; ribs, thread helices and tapered tip omitted; occupied geometry is not a pilot-drilling specification; kicker_left + base_post_outer_left"
fastener_round_kicker_left_rim_2,screw,50.8,4.1402,4.1402,"SPAX XFT08P-2000 #8 x2 in; nominal geometry; head profile and capacity unqualified; mirrored12-per-face comparison hypothesis; not qualified; US CP-XF_08 nominal 90-degree flat head and 0.115-inch shank; sharp head/neck and shank/thread transitions idealized; ribs, thread helices and tapered tip omitted; occupied geometry is not a pilot-drilling specification; kicker_left + base_post_outer_left"
fastener_round_kicker_left_center_1,screw,50.8,4.1402,4.1402,"SPAX XFT08P-2000 #8 x2 in; nominal geometry; head profile and capacity unqualified; mirrored12-per-face comparison hypothesis; not qualified; US CP-XF_08 nominal 90-degree flat head and 0.115-inch shank; sharp head/neck and shank/thread transitions idealized; ribs, thread helices and tapered tip omitted; occupied geometry is not a pilot-drilling specification; kicker_left + base_post_center_left"
fastener_round_kicker_left_center_2,screw,50.8,4.1402,4.1402,"SPAX XFT08P-2000 #8 x2 in; nominal geometry; head profile and capacity unqualified; mirrored12-per-face comparison hypothesis; not qualified; US CP-XF_08 nominal 90-degree flat head and 0.115-inch shank; sharp head/neck and shank/thread transitions idealized; ribs, thread helices and tapered tip omitted; occupied geometry is not a pilot-drilling specification; kicker_left + base_post_center_left"
fastener_round_panel_lower_right_rim_1,screw,50.8,4.1402,4.1402,"SPAX XFT08P-2000 #8 x2 in; nominal geometry; head profile and capacity unqualified; mirrored12-per-face comparison hypothesis; not qualified; US CP-XF_08 nominal 90-degree flat head and 0.115-inch shank; sharp head/neck and shank/thread transitions idealized; ribs, thread helices and tapered tip omitted; occupied geometry is not a pilot-drilling specification; main_lower_right + base_side_right"
fastener_round_panel_lower_right_rim_2,screw,50.8,4.1402,4.1402,"SPAX XFT08P-2000 #8 x2 in; nominal geometry; head profile and capacity unqualified; mirrored12-per-face comparison hypothesis; not qualified; US CP-XF_08 nominal 90-degree flat head and 0.115-inch shank; sharp head/neck and shank/thread transitions idealized; ribs, thread helices and tapered tip omitted; occupied geometry is not a pilot-drilling specification; main_lower_right + base_side_right"
fastener_round_panel_lower_right_rim_3,screw,50.8,4.1402,4.1402,"SPAX XFT08P-2000 #8 x2 in; nominal geometry; head profile and capacity unqualified; mirrored12-per-face comparison hypothesis; not qualified; US CP-XF_08 nominal 90-degree flat head and 0.115-inch shank; sharp head/neck and shank/thread transitions idealized; ribs, thread helices and tapered tip omitted; occupied geometry is not a pilot-drilling specification; main_lower_right + base_side_right"
fastener_round_panel_lower_right_rim_4,screw,50.8,4.1402,4.1402,"SPAX XFT08P-2000 #8 x2 in; nominal geometry; head profile and capacity unqualified; mirrored12-per-face comparison hypothesis; not qualified; US CP-XF_08 nominal 90-degree flat head and 0.115-inch shank; sharp head/neck and shank/thread transitions idealized; ribs, thread helices and tapered tip omitted; occupied geometry is not a pilot-drilling specification; main_lower_right + base_side_right"
fastener_round_panel_lower_right_center_1,screw,50.8,4.1402,4.1402,"SPAX XFT08P-2000 #8 x2 in; nominal geometry; head profile and capacity unqualified; mirrored12-per-face comparison hypothesis; not qualified; US CP-XF_08 nominal 90-degree flat head and 0.115-inch shank; sharp head/neck and shank/thread transitions idealized; ribs, thread helices and tapered tip omitted; occupied geometry is not a pilot-drilling specification; main_lower_right + base_principal_center_right"
fastener_round_panel_lower_right_center_2,screw,50.8,4.1402,4.1402,"SPAX XFT08P-2000 #8 x2 in; nominal geometry; head profile and capacity unqualified; mirrored12-per-face comparison hypothesis; not qualified; US CP-XF_08 nominal 90-degree flat head and 0.115-inch shank; sharp head/neck and shank/thread transitions idealized; ribs, thread helices and tapered tip omitted; occupied geometry is not a pilot-drilling specification; main_lower_right + base_principal_center_right"
fastener_round_panel_lower_right_center_3,screw,50.8,4.1402,4.1402,"SPAX XFT08P-2000 #8 x2 in; nominal geometry; head profile and capacity unqualified; mirrored12-per-face comparison hypothesis; not qualified; US CP-XF_08 nominal 90-degree flat head and 0.115-inch shank; sharp head/neck and shank/thread transitions idealized; ribs, thread helices and tapered tip omitted; occupied geometry is not a pilot-drilling specification; main_lower_right + base_principal_center_right"
fastener_round_panel_lower_right_center_4,screw,50.8,4.1402,4.1402,"SPAX XFT08P-2000 #8 x2 in; nominal geometry; head profile and capacity unqualified; mirrored12-per-face comparison hypothesis; not qualified; US CP-XF_08 nominal 90-degree flat head and 0.115-inch shank; sharp head/neck and shank/thread transitions idealized; ribs, thread helices and tapered tip omitted; occupied geometry is not a pilot-drilling specification; main_lower_right + base_principal_center_right"
fastener_round_panel_lower_right_edge_1,screw,50.8,4.1402,4.1402,"SPAX XFT08P-2000 #8 x2 in; nominal geometry; head profile and capacity unqualified; mirrored12-per-face comparison hypothesis; not qualified; US CP-XF_08 nominal 90-degree flat head and 0.115-inch shank; sharp head/neck and shank/thread transitions idealized; ribs, thread helices and tapered tip omitted; occupied geometry is not a pilot-drilling specification; main_lower_right + base_rail_bottom_right"
fastener_round_panel_lower_right_edge_2,screw,50.8,4.1402,4.1402,"SPAX XFT08P-2000 #8 x2 in; nominal geometry; head profile and capacity unqualified; mirrored12-per-face comparison hypothesis; not qualified; US CP-XF_08 nominal 90-degree flat head and 0.115-inch shank; sharp head/neck and shank/thread transitions idealized; ribs, thread helices and tapered tip omitted; occupied geometry is not a pilot-drilling specification; main_lower_right + base_rail_bottom_right"
fastener_round_panel_lower_right_service_1,screw,50.8,4.1402,4.1402,"SPAX XFT08P-2000 #8 x2 in; nominal geometry; head profile and capacity unqualified; mirrored12-per-face comparison hypothesis; not qualified; US CP-XF_08 nominal 90-degree flat head and 0.115-inch shank; sharp head/neck and shank/thread transitions idealized; ribs, thread helices and tapered tip omitted; occupied geometry is not a pilot-drilling specification; main_lower_right + base_rail_service_lower_right"
fastener_round_panel_lower_right_service_2,screw,50.8,4.1402,4.1402,"SPAX XFT08P-2000 #8 x2 in; nominal geometry; head profile and capacity unqualified; mirrored12-per-face comparison hypothesis; not qualified; US CP-XF_08 nominal 90-degree flat head and 0.115-inch shank; sharp head/neck and shank/thread transitions idealized; ribs, thread helices and tapered tip omitted; occupied geometry is not a pilot-drilling specification; main_lower_right + base_rail_service_lower_right"
fastener_round_panel_upper_right_rim_1,screw,50.8,4.1402,4.1402,"SPAX XFT08P-2000 #8 x2 in; nominal geometry; head profile and capacity unqualified; mirrored12-per-face comparison hypothesis; not qualified; US CP-XF_08 nominal 90-degree flat head and 0.115-inch shank; sharp head/neck and shank/thread transitions idealized; ribs, thread helices and tapered tip omitted; occupied geometry is not a pilot-drilling specification; main_upper_right + base_side_right"
fastener_round_panel_upper_right_rim_2,screw,50.8,4.1402,4.1402,"SPAX XFT08P-2000 #8 x2 in; nominal geometry; head profile and capacity unqualified; mirrored12-per-face comparison hypothesis; not qualified; US CP-XF_08 nominal 90-degree flat head and 0.115-inch shank; sharp head/neck and shank/thread transitions idealized; ribs, thread helices and tapered tip omitted; occupied geometry is not a pilot-drilling specification; main_upper_right + base_side_right"
fastener_round_panel_upper_right_rim_3,screw,50.8,4.1402,4.1402,"SPAX XFT08P-2000 #8 x2 in; nominal geometry; head profile and capacity unqualified; mirrored12-per-face comparison hypothesis; not qualified; US CP-XF_08 nominal 90-degree flat head and 0.115-inch shank; sharp head/neck and shank/thread transitions idealized; ribs, thread helices and tapered tip omitted; occupied geometry is not a pilot-drilling specification; main_upper_right + base_side_right"
fastener_round_panel_upper_right_rim_4,screw,50.8,4.1402,4.1402,"SPAX XFT08P-2000 #8 x2 in; nominal geometry; head profile and capacity unqualified; mirrored12-per-face comparison hypothesis; not qualified; US CP-XF_08 nominal 90-degree flat head and 0.115-inch shank; sharp head/neck and shank/thread transitions idealized; ribs, thread helices and tapered tip omitted; occupied geometry is not a pilot-drilling specification; main_upper_right + base_side_right"
fastener_round_panel_upper_right_center_1,screw,50.8,4.1402,4.1402,"SPAX XFT08P-2000 #8 x2 in; nominal geometry; head profile and capacity unqualified; mirrored12-per-face comparison hypothesis; not qualified; US CP-XF_08 nominal 90-degree flat head and 0.115-inch shank; sharp head/neck and shank/thread transitions idealized; ribs, thread helices and tapered tip omitted; occupied geometry is not a pilot-drilling specification; main_upper_right + base_principal_center_right"
fastener_round_panel_upper_right_center_2,screw,50.8,4.1402,4.1402,"SPAX XFT08P-2000 #8 x2 in; nominal geometry; head profile and capacity unqualified; mirrored12-per-face comparison hypothesis; not qualified; US CP-XF_08 nominal 90-degree flat head and 0.115-inch shank; sharp head/neck and shank/thread transitions idealized; ribs, thread helices and tapered tip omitted; occupied geometry is not a pilot-drilling specification; main_upper_right + base_principal_center_right"
fastener_round_panel_upper_right_center_3,screw,50.8,4.1402,4.1402,"SPAX XFT08P-2000 #8 x2 in; nominal geometry; head profile and capacity unqualified; mirrored12-per-face comparison hypothesis; not qualified; US CP-XF_08 nominal 90-degree flat head and 0.115-inch shank; sharp head/neck and shank/thread transitions idealized; ribs, thread helices and tapered tip omitted; occupied geometry is not a pilot-drilling specification; main_upper_right + base_principal_center_right"
fastener_round_panel_upper_right_center_4,screw,50.8,4.1402,4.1402,"SPAX XFT08P-2000 #8 x2 in; nominal geometry; head profile and capacity unqualified; mirrored12-per-face comparison hypothesis; not qualified; US CP-XF_08 nominal 90-degree flat head and 0.115-inch shank; sharp head/neck and shank/thread transitions idealized; ribs, thread helices and tapered tip omitted; occupied geometry is not a pilot-drilling specification; main_upper_right + base_principal_center_right"
fastener_round_panel_upper_right_edge_1,screw,50.8,4.1402,4.1402,"SPAX XFT08P-2000 #8 x2 in; nominal geometry; head profile and capacity unqualified; mirrored12-per-face comparison hypothesis; not qualified; US CP-XF_08 nominal 90-degree flat head and 0.115-inch shank; sharp head/neck and shank/thread transitions idealized; ribs, thread helices and tapered tip omitted; occupied geometry is not a pilot-drilling specification; main_upper_right + base_rail_top"
fastener_round_panel_upper_right_edge_2,screw,50.8,4.1402,4.1402,"SPAX XFT08P-2000 #8 x2 in; nominal geometry; head profile and capacity unqualified; mirrored12-per-face comparison hypothesis; not qualified; US CP-XF_08 nominal 90-degree flat head and 0.115-inch shank; sharp head/neck and shank/thread transitions idealized; ribs, thread helices and tapered tip omitted; occupied geometry is not a pilot-drilling specification; main_upper_right + base_rail_top"
fastener_round_panel_upper_right_service_1,screw,50.8,4.1402,4.1402,"SPAX XFT08P-2000 #8 x2 in; nominal geometry; head profile and capacity unqualified; mirrored12-per-face comparison hypothesis; not qualified; US CP-XF_08 nominal 90-degree flat head and 0.115-inch shank; sharp head/neck and shank/thread transitions idealized; ribs, thread helices and tapered tip omitted; occupied geometry is not a pilot-drilling specification; main_upper_right + base_rail_service_upper_right"
fastener_round_panel_upper_right_service_2,screw,50.8,4.1402,4.1402,"SPAX XFT08P-2000 #8 x2 in; nominal geometry; head profile and capacity unqualified; mirrored12-per-face comparison hypothesis; not qualified; US CP-XF_08 nominal 90-degree flat head and 0.115-inch shank; sharp head/neck and shank/thread transitions idealized; ribs, thread helices and tapered tip omitted; occupied geometry is not a pilot-drilling specification; main_upper_right + base_rail_service_upper_right"
fastener_round_kicker_right_rim_1,screw,50.8,4.1402,4.1402,"SPAX XFT08P-2000 #8 x2 in; nominal geometry; head profile and capacity unqualified; mirrored12-per-face comparison hypothesis; not qualified; US CP-XF_08 nominal 90-degree flat head and 0.115-inch shank; sharp head/neck and shank/thread transitions idealized; ribs, thread helices and tapered tip omitted; occupied geometry is not a pilot-drilling specification; kicker_right + base_post_outer_right"
fastener_round_kicker_right_rim_2,screw,50.8,4.1402,4.1402,"SPAX XFT08P-2000 #8 x2 in; nominal geometry; head profile and capacity unqualified; mirrored12-per-face comparison hypothesis; not qualified; US CP-XF_08 nominal 90-degree flat head and 0.115-inch shank; sharp head/neck and shank/thread transitions idealized; ribs, thread helices and tapered tip omitted; occupied geometry is not a pilot-drilling specification; kicker_right + base_post_outer_right"
fastener_round_kicker_right_center_1,screw,50.8,4.1402,4.1402,"SPAX XFT08P-2000 #8 x2 in; nominal geometry; head profile and capacity unqualified; mirrored12-per-face comparison hypothesis; not qualified; US CP-XF_08 nominal 90-degree flat head and 0.115-inch shank; sharp head/neck and shank/thread transitions idealized; ribs, thread helices and tapered tip omitted; occupied geometry is not a pilot-drilling specification; kicker_right + base_post_center_right"
fastener_round_kicker_right_center_2,screw,50.8,4.1402,4.1402,"SPAX XFT08P-2000 #8 x2 in; nominal geometry; head profile and capacity unqualified; mirrored12-per-face comparison hypothesis; not qualified; US CP-XF_08 nominal 90-degree flat head and 0.115-inch shank; sharp head/neck and shank/thread transitions idealized; ribs, thread helices and tapered tip omitted; occupied geometry is not a pilot-drilling specification; kicker_right + base_post_center_right"
