
                        S T E P       1


                                INCREMENT     1


 displacements (vx,vy,vz) for set TOP and time  0.1000000E+01

     17692 -2.239271E-02  4.553893E-01 -4.340209E-01
     17737 -1.299073E-02  5.763604E-01 -5.199800E-01
     18174 -1.331307E-03  6.287764E-01 -5.591889E-01
     21602  8.223529E-03  6.086202E-01 -5.425902E-01
     22791  1.908635E-02  4.401496E-01 -4.146674E-01

 forces (fx,fy,fz) for set FEET and time  0.1000000E+01

       151 -5.319404E-01 -1.561057E-02 -2.868094E+00
       155  8.105158E-01  1.111076E+01 -7.930415E+00
       156 -2.450141E-03  2.186602E-02 -9.372634E-01
       160  2.585566E-02  2.246395E+00  1.790794E-01
       161  5.841560E-01  2.016403E-01 -2.138609E+00
       165 -5.707961E-01  9.662815E+00 -5.385772E+00
       194  2.257488E+01  1.336559E+01  2.517526E+01
       195 -3.645007E-01  2.417219E-01  4.615507E-01
       196  1.256710E+00  1.802484E+00 -7.426592E-02
       197 -2.117339E+01  9.395427E+00  2.058729E+01
       221 -1.174306E+00  1.692064E+00 -7.248426E-02
       222  1.927559E+01  8.406123E+00  1.857998E+01
       225  2.865767E-01  1.563689E-01  4.515829E-01
       226 -2.075196E+01  1.241628E+01  2.327589E+01
       234  1.219344E+00  3.108755E-01  2.384713E+00
       236 -1.148077E+00  2.826648E-01  2.137335E+00
       242 -5.814967E+00  3.908033E+00 -5.317340E+00
       245 -9.190347E+00  6.516499E+00  7.743442E+00
       246  9.169963E+00  6.645562E+00  8.330694E+00
       253  5.197166E+00  3.469588E+00 -4.732849E+00
       254 -8.350475E+00  6.086102E+00  7.634130E+00
       255  8.286294E+00  5.838205E+00  6.931692E+00
      2448  3.014809E+00 -2.287970E+00 -2.201410E+01
      2464 -4.314054E-02 -1.761699E+00 -4.046183E+00
      2473  1.026177E+00 -5.494512E-03 -9.173126E-01
      2474  1.196520E-01  8.282751E-01 -5.786022E-01
      2475  1.054994E-01  4.340241E-01 -2.182703E-01
      2476  2.228403E-01  2.371316E-01 -6.172071E-01
      2477  2.395673E-01  3.849451E-02 -9.803924E-01
      2478  1.312422E-01 -5.159823E-02 -3.963270E-01
      2479  9.649186E-02 -5.563936E-02 -6.731241E-01
      2480  2.771941E-02 -2.205763E-02 -5.748974E-01
      2481  1.618904E-02 -2.732637E-02 -6.362422E-01
      2482  1.696297E-02  1.722414E-03 -5.271277E-01
      2483  3.627872E-02 -4.937447E-02 -1.006429E+00
      2484  3.831552E-02  3.897640E-03 -8.403703E-01
      2485  1.203313E-01  6.894499E-01 -7.337417E-01
      2486  1.735287E-03 -2.872723E-02 -1.246327E+00
      2487  1.298206E-02  5.858997E-02 -8.101428E-01
      2488 -3.088116E-02 -3.210905E-02 -8.667558E-01
      2489  4.891207E-02 -3.686613E-03 -7.159767E-01
      2490  9.479390E-03 -3.852708E-02 -1.080003E+00
      2491 -1.353087E-02 -1.496317E-02 -8.915371E-01
      2492  2.306064E-02  3.447958E-01 -1.242415E+00
      2493  5.802733E+00  3.827630E-01 -2.344292E+01
      2494  5.277171E+00 -1.261459E+00 -1.457891E+01
      2495  4.744826E+00 -1.319032E+00 -9.740238E+00
      2496  3.898973E+00 -1.115442E+00 -5.868667E+00
      2497  4.582686E+00 -8.900674E-01 -4.407937E+00
      2498  3.676105E+00 -1.061655E+00 -2.858789E+00
      2499  2.807212E+00 -7.673225E-01 -1.609627E+00
      2500  2.262882E+00 -6.631011E-01 -1.193094E+00
      2501  1.812453E+00 -5.902097E-01 -1.102834E+00
      2502  1.491484E+00 -6.117952E-01 -1.232454E+00
      2503  1.223195E+00 -9.384535E-01 -1.550722E+00
      2504  1.175939E+00 -9.526264E-01 -1.733019E+00
      2505  1.092475E+00 -7.293918E-01 -1.783153E+00
      2506  8.213116E-01 -7.157633E-01 -1.850601E+00
      2507  9.061945E-01 -8.435321E-01 -1.903949E+00
      2508  6.874857E-01 -5.664462E-01 -1.803903E+00
      2509  4.612716E-01 -1.311741E+00 -2.026925E+00
      2510  2.926011E-01 -9.903296E-01 -2.019204E+00
      2511  1.847938E-01 -8.871150E-01 -2.129968E+00
      2512  8.523558E-02 -7.499364E-01 -2.231447E+00
      2513  1.179314E-02 -7.168400E-01 -2.371238E+00
      2637  6.240404E-01  8.910329E+00 -3.264847E+00
      2638  2.562644E-01  5.959246E+00 -1.498762E+00
      2639  1.459216E-01  4.310044E+00 -2.607535E-01
      2640 -1.967651E-02  2.658301E+00 -1.138495E-01
      2641  3.142432E-02  1.923575E+00 -1.798935E-01
      2642  3.282487E-02  2.103401E+00  2.525778E-01
      2643  2.824002E-02  1.637669E+00  2.997529E-02
      2644  4.169012E-02  1.629942E+00  1.785939E-01
      2645  1.762454E-02  1.621603E+00  1.741600E-01
      2646  3.256707E-02  2.022536E+00  2.916949E-01
      2647  2.659686E-02  2.511183E+00 -9.856353E-02
      2648 -2.270279E-03  2.267015E+00  1.107675E-01
      2649 -7.551164E-02  1.249366E+00 -1.070834E-01
      2650  2.605126E-01  3.967646E+00 -2.073496E-01
      2651  3.203245E-02  1.848217E+00  1.204936E-01
      2652  1.127058E-01  2.265651E+00  1.537885E-01
      2653 -4.271022E-02  3.244592E+00  3.561491E-01
      2654 -3.790571E-03  2.377425E+00 -1.238519E-01
      2655  2.479461E-03  2.280078E+00  1.027718E-01
      2656 -2.593042E-01  2.248281E+00  3.352423E-01
      2657  4.216544E+00  1.167247E+01 -2.277385E+01
      2658  3.321707E+00  7.399422E+00 -1.350837E+01
      2659  2.988741E+00  5.404771E+00 -8.367431E+00
      2660  2.551971E+00  3.728277E+00 -5.334052E+00
      2661  1.900969E+00  1.661052E+00 -3.323271E+00
      2662  1.552788E+00  1.984848E+00 -1.580674E+00
      2663  1.117573E+00  1.335543E+00 -1.141480E+00
      2664  8.065054E-01  1.301027E+00 -9.253426E-01
      2665  6.202423E-01  1.188098E+00 -1.017710E+00
      2666  5.374181E-01  1.288103E+00 -1.189433E+00
      2667  5.396811E-01  2.059847E+00 -1.174775E+00
      2668  3.907369E-01  2.091161E+00 -1.411943E+00
      2669  4.166893E-01  1.635660E+00 -1.689220E+00
      2670  4.622048E-01  1.233602E+00 -1.590340E+00
      2671  1.816136E-01  1.795999E+00 -1.536811E+00
      2672  2.364608E-01  1.260901E+00 -1.809117E+00
      2673  2.496302E-01  2.940324E+00 -1.264211E+00
      2674  9.970666E-02  2.074729E+00 -1.613877E+00
      2675  1.443201E-02  1.949778E+00 -1.786426E+00
      2676  2.486378E-02  1.715741E+00 -1.959429E+00
      2677  3.148249E-03  1.600273E+00 -2.015804E+00
      2685 -3.055166E+00 -1.852287E+00 -2.207554E+01
      2694 -5.500598E-02  3.518603E-01 -1.184155E+00
      2695 -1.628316E-02 -1.651237E-03 -8.404455E-01
      2696 -9.092223E-03  6.459187E-05 -6.604845E-01
      2697  1.568755E-02 -2.373154E-02 -8.689356E-01
      2698 -6.455394E-05 -1.031165E-02 -8.339444E-01
      2699 -2.292035E-02 -1.412918E-02 -8.348622E-01
      2700 -6.823928E-02 -5.538614E-02 -1.082017E+00
      2701 -1.780000E-02  3.461321E-03 -6.269930E-01
      2702 -5.839794E-02 -1.611143E-02 -1.019558E+00
      2703 -3.227455E-02 -1.008193E-02 -5.965536E-01
      2704 -5.416438E-02 -4.665721E-02 -8.714969E-01
      2705 -7.238803E-02 -4.053707E-02 -6.013733E-01
      2706 -5.356447E-02 -9.424075E-03 -4.287364E-01
      2707 -8.865819E-02 -5.594124E-02 -6.585313E-01
      2708 -1.625502E-01 -4.826702E-02 -5.791302E-01
      2709 -2.788039E-01 -3.876447E-01 -1.042768E+00
      2710 -5.349591E-02  2.072882E-01 -1.362309E-01
      2711 -4.376321E-01 -2.385298E-01 -1.214641E+00
      2712 -2.487247E-01  7.906001E-01 -1.292491E+00
      2713 -9.471507E-01  2.509058E-01 -2.132793E+00
      2714 -4.401771E-03 -7.291905E-01 -2.516374E+00
      2715 -7.958264E-02 -8.344395E-01 -2.336779E+00
      2716 -1.476928E-01 -7.758717E-01 -2.117414E+00
      2717 -3.425418E-01 -9.016572E-01 -1.969633E+00
      2718 -5.177911E-01 -7.548142E-01 -1.778118E+00
      2719 -7.253395E-01 -7.762733E-01 -1.687452E+00
      2720 -9.260591E-01 -8.628549E-01 -1.670626E+00
      2721 -1.015753E+00 -1.152146E+00 -1.794221E+00
      2722 -1.281169E+00 -4.049896E-01 -1.570488E+00
      2723 -1.313817E+00 -1.054336E+00 -1.726974E+00
      2724 -1.491301E+00 -7.538908E-01 -1.478386E+00
      2725 -1.615958E+00 -7.232792E-01 -1.381616E+00
      2726 -1.875775E+00 -5.868306E-01 -1.254954E+00
      2727 -2.321360E+00 -6.585187E-01 -1.310834E+00
      2728 -2.807137E+00 -6.539701E-01 -1.626250E+00
      2729 -3.590489E+00 -8.339551E-01 -2.548678E+00
      2730 -4.382284E+00 -1.162631E+00 -4.157724E+00
      2731 -3.902585E+00 -8.155602E-01 -5.602022E+00
      2732 -4.353981E+00 -1.174770E+00 -8.325172E+00
      2733 -4.792514E+00 -1.265969E+00 -1.250351E+01
      2734 -5.329632E+00 -1.541524E-01 -1.990508E+01
      2858  3.000689E-01  2.208392E+00  2.055638E-01
      2859  4.384420E-02  2.200187E+00  7.720970E-02
      2860  1.579333E-02  2.283626E+00  3.231603E-01
      2861 -3.930068E-02  2.263480E+00  1.258022E-01
      2862 -2.994053E-02  2.136327E+00  1.490703E-01
      2863 -2.863889E-02  2.181739E+00  1.436618E-01
      2864  2.204108E-02  2.828644E+00 -8.937779E-02
      2865 -7.768551E-03  2.027865E+00  3.756471E-01
      2866 -3.611913E-03  1.990809E+00 -2.488332E-02
      2867 -8.150352E-02  2.599679E+00  2.884987E-01
      2868 -1.466564E-02  1.947816E+00 -6.161079E-02
      2869  1.681761E-02  1.746256E+00  1.273794E-01
      2870  8.999099E-04  1.622908E+00  2.889996E-01
      2871 -2.850442E-02  1.562329E+00  8.037502E-03
      2872  3.426084E-02  1.629594E+00  1.267249E-01
      2873 -1.076367E-02  2.039332E+00 -3.840378E-03
      2874 -6.509786E-02  2.685176E+00  9.387477E-03
      2875 -1.493090E-01  3.771481E+00 -9.771854E-01
      2876 -8.655671E-02  5.381998E+00 -9.911448E-01
      2877 -3.736435E-01  8.003037E+00 -2.338776E+00
      2878 -4.547465E-02  1.707866E+00 -1.942011E+00
      2879 -9.147777E-02  1.710133E+00 -1.906867E+00
      2880 -6.110737E-02  1.737932E+00 -1.852936E+00
      2881 -9.438263E-02  1.980547E+00 -1.663334E+00
      2882 -1.716123E-01  1.654288E+00 -1.648663E+00
      2883 -2.314189E-01  1.683653E+00 -1.548426E+00
      2884 -2.878796E-01  1.848259E+00 -1.497364E+00
      2885 -5.693078E-01  2.431953E+00 -1.224535E+00
      2886 -4.284076E-01  1.173717E+00 -1.636587E+00
      2887 -4.605664E-01  2.324896E+00 -1.142746E+00
      2888 -5.606269E-01  1.658099E+00 -1.322966E+00
      2889 -6.566750E-01  1.540944E+00 -1.137725E+00
      2890 -7.301060E-01  1.202568E+00 -1.097589E+00
      2891 -8.413626E-01  1.327342E+00 -9.973787E-01
      2892 -1.119666E+00  1.159112E+00 -1.213107E+00
      2893 -1.474758E+00  1.516651E+00 -1.779667E+00
      2894 -1.942964E+00  2.201134E+00 -2.910803E+00
      2895 -2.330951E+00  3.201757E+00 -4.649054E+00
      2896 -2.895065E+00  4.685862E+00 -8.112995E+00
      2897 -3.196516E+00  6.633644E+00 -1.293809E+01
      2898 -3.945400E+00  1.067468E+01 -2.195820E+01
      3382  3.626096E+00 -1.854827E+00  3.676111E+00
      3383  8.924741E+00 -1.144377E+00  4.605175E+00
      3384  1.819197E+01  3.056279E-01  8.254127E+00
      3385 -1.002754E+00 -5.663921E-01 -3.293232E+00
      3386  6.096844E+00 -3.693043E+00  1.161200E+01
      3387  1.756452E+01 -5.220451E+00  3.126097E+01
      3388  3.661865E+01 -5.973966E+00  5.647282E+01
      3489 -1.196819E+00  2.564292E+00 -4.894046E+00
      3490 -3.793435E+00  2.598434E+01  9.833287E+01
      3491  2.885286E+00 -1.950641E+00 -4.357448E+00
      3492  5.531868E-01 -3.420494E-01 -3.440877E+00
      3493 -8.847747E+00  1.912828E-01  1.654446E-01
      3494  6.361771E+00  1.606019E+00 -1.275743E+01
      3495  2.059422E+00 -3.158445E+00 -4.007610E+00
      3496 -7.511062E+00 -5.423296E+00  1.405911E+01
      3497 -2.710628E+01 -7.406971E+00  4.456537E+01
      3995 -2.550871E+00 -1.956714E+00 -4.202088E+00
      3996 -8.546594E-01 -3.030628E-01 -3.565258E+00
      3997  7.750736E+00  1.437634E-01 -2.345635E-01
      3998 -6.013783E+00  1.597880E+00 -1.191154E+01
      3999 -2.176106E+00 -2.872806E+00 -4.206022E+00
      4000  6.509351E+00 -4.976711E+00  1.220422E+01
      4001  2.444714E+01 -6.819753E+00  4.024919E+01
      4107  1.200381E+00  2.282612E+00 -4.387495E+00
      4108  3.799586E+00  2.376668E+01  8.997511E+01
      4109 -3.809396E+00 -1.669582E+00  3.600422E+00
      4110 -8.595494E+00 -1.094336E+00  4.533457E+00
      4111 -1.708398E+01  3.047180E-01  7.896200E+00
      4112  5.680686E-01 -6.892584E-01 -2.576128E+00
      4113 -5.946060E+00 -3.420880E+00  1.134898E+01
      4114 -1.651760E+01 -4.788526E+00  2.940567E+01
      4115 -3.389827E+01 -5.430403E+00  5.226165E+01
      4536  2.371667E+00  4.438283E-01 -8.264749E+00
      4539 -2.238280E+00  4.220449E-01 -7.447666E+00
      4541 -5.214673E-01  3.575365E+00  4.314497E+00
      4542  2.025133E-01  2.280443E+00  1.545580E+00
      4543  4.990732E-01  1.281734E+00  8.771754E-01
      4544  4.305420E-01  7.784103E-01  1.255276E+00
      4545  4.590839E-01  4.611873E-01  9.265048E-01
      4546 -1.486914E-02  3.401222E-01  7.568902E-01
      4547  8.064202E-03  3.826142E-01  8.098304E-01
      4548  1.051589E-02  4.449583E-01  9.220588E-01
      4549  1.544392E-02  5.033832E-01  1.037071E+00
      4550  9.724644E-03  5.770215E-01  1.193458E+00
      4551 -3.686153E-03  6.261283E-01  1.298181E+00
      4552 -8.358847E-03  6.587948E-01  1.355941E+00
      4553 -1.559364E-02  6.941973E-01  1.368898E+00
      4554  7.915330E-03  6.788681E-01  1.389612E+00
      4555 -9.112056E-03  6.625187E-01  1.358053E+00
      4556 -6.086379E-03  6.782507E-01  1.418852E+00
      4557 -4.209766E-03  6.639587E-01  1.376867E+00
      4558 -3.359376E-05  6.541963E-01  1.384479E+00
      4559  8.306131E-03  6.666125E-01  1.410825E+00
      4560 -1.142170E-03  6.941328E-01  1.444201E+00
      4561  2.846010E-03  6.939613E-01  1.451203E+00
      4562 -2.811025E-03  6.641256E-01  1.418175E+00
      4563 -4.889542E-03  6.630519E-01  1.407876E+00
      4564  2.001501E-03  6.582474E-01  1.396392E+00
      4565  1.805295E-03  6.531539E-01  1.371657E+00
      4566  5.176397E-03  6.378016E-01  1.342007E+00
      4567  1.131153E-02  6.621146E-01  1.374338E+00
      4568  1.392460E-02  6.505832E-01  1.372417E+00
      4569 -1.171610E-02  6.708794E-01  1.348957E+00
      4570  9.845125E-03  6.088959E-01  1.273520E+00
      4571 -7.525831E-03  5.708752E-01  1.172079E+00
      4572 -2.744016E-03  4.945899E-01  1.035304E+00
      4573 -9.071235E-03  4.440250E-01  9.271078E-01
      4574 -6.181879E-03  3.771841E-01  8.063031E-01
      4575  1.446973E-02  3.225705E-01  7.234572E-01
      4576 -6.045353E-02  4.880622E-01  7.798242E-01
      4577 -4.200314E-01  6.734754E-01  1.095412E+00
      4578 -1.154240E-01  9.370588E-01  9.348006E-01
      4579 -2.268727E-01  2.045956E+00  1.410826E+00
      4580  4.791189E-01  3.245930E+00  3.935980E+00
      4581  1.422412E+00  2.850921E+00  6.657065E+00
      4582  8.750912E-01  1.686634E+00  4.605147E+00
      4583  1.157172E+00  7.630863E-01  2.402998E+00
      4584  1.187664E+00  4.255284E-01  1.409838E+00
      4585  2.172831E+00  2.723572E-01  1.531636E+00
      4586  1.942519E+00  3.817368E-01  1.647389E+00
      4587  1.605194E+00  5.824962E-01  1.942162E+00
      4588  1.313461E+00  7.454579E-01  2.282493E+00
      4589  1.081004E+00  8.676585E-01  2.573195E+00
      4590  9.297954E-01  9.762422E-01  2.881695E+00
      4591  8.049933E-01  1.042953E+00  3.167861E+00
      4592  7.165013E-01  1.091760E+00  3.304447E+00
      4593  6.206166E-01  1.072418E+00  3.356732E+00
      4594  5.228943E-01  9.764441E-01  3.411593E+00
      4595  4.395676E-01  1.138289E+00  3.436618E+00
      4596  3.395623E-01  1.119758E+00  3.427505E+00
      4597  2.317025E-01  1.070560E+00  3.436178E+00
      4598  1.406972E-01  1.074187E+00  3.329136E+00
      4599  8.242998E-02  1.054862E+00  3.279029E+00
      4600  3.852367E-02  1.069472E+00  3.296517E+00
      4601 -3.603819E-03  1.030094E+00  3.347562E+00
      4602 -5.316929E-02  1.082059E+00  3.315514E+00
      4603 -8.417053E-02  1.089083E+00  3.334800E+00
      4604 -1.594187E-01  1.097893E+00  3.367376E+00
      4605 -2.533825E-01  1.127828E+00  3.402569E+00
      4606 -3.730193E-01  1.142064E+00  3.400258E+00
      4607 -4.619305E-01  1.149037E+00  3.431654E+00
      4608 -5.998284E-01  1.146575E+00  3.494126E+00
      4609 -6.703739E-01  1.163914E+00  3.462947E+00
      4610 -8.487529E-01  1.067510E+00  3.304270E+00
      4611 -9.186109E-01  1.034225E+00  3.120701E+00
      4612 -1.045891E+00  9.429277E-01  2.819049E+00
      4613 -1.165321E+00  8.481758E-01  2.524575E+00
      4614 -1.377503E+00  7.107938E-01  2.207367E+00
      4615 -1.636775E+00  5.502302E-01  1.837472E+00
      4616 -1.951250E+00  3.593829E-01  1.519247E+00
      4617 -2.302336E+00  2.734065E-01  1.473003E+00
      4618 -1.174337E+00  3.665793E-01  1.222858E+00
      4619 -1.192906E+00  7.089334E-01  2.205969E+00
      4620 -8.704189E-01  1.534054E+00  4.172513E+00
      4621 -1.389586E+00  2.589441E+00  6.016899E+00
      4871  1.079525E-01  1.097110E+01 -2.215194E+01
      4890 -1.567608E-01  1.880778E+01  4.212927E+01
      4902 -4.116739E+00 -7.897349E-01  1.716288E+00
      4903 -1.566497E+01  7.324960E-01  2.683256E+01
      4904 -3.341470E+00  3.278411E-01  7.401332E+00
      4905  6.060904E+00 -9.393975E-01  2.046674E+00
      4906 -1.397127E+00 -6.677550E-01  9.429623E-02
      4907  1.487974E+01  7.897331E-01  2.913419E+01
      4908  3.870242E+00 -4.426748E-01  7.444298E+00
      4909 -6.876151E+00  4.680266E-02 -1.367363E+01
      4939 -1.011186E-01  9.844096E+00 -1.988006E+01
      4958  1.686866E-01  1.705030E+01  3.819118E+01
      4970 -5.641521E+00 -8.761197E-01  2.020472E+00
      4971  1.131876E+00 -5.944001E-01  2.223733E-01
      4972 -1.366962E+01  7.053506E-01  2.676267E+01
      4973 -3.689536E+00 -3.970936E-01  7.082194E+00
      4974  6.012421E+00  3.598105E-02 -1.200005E+01
      4975  3.607991E+00 -6.971024E-01  1.448934E+00
      4976  1.403414E+01  6.815990E-01  2.404694E+01
      4977  2.998584E+00  3.193613E-01  6.611701E+00
     24218  6.395984E+00  2.639175E-01 -3.287063E+01
     24219  6.578787E+00 -4.617376E+00 -2.551614E+01
     24220 -4.937741E-02 -7.629675E-01 -4.051633E+00
     24221  1.503768E-01 -2.180462E+00 -3.623266E+00
     24222  5.946797E+00 -1.385416E+00 -2.100404E+01
     24223  5.954635E+00 -3.201758E+00 -1.721179E+01
     24224  5.225504E+00 -1.356149E+00 -1.384315E+01
     24225  4.436804E+00 -1.078268E+00 -8.988047E+00
     24226  4.284773E+00 -1.730953E+00 -6.814482E+00
     24227  5.189986E+00 -2.407290E+00 -1.193416E+01
     24228  3.106672E+00 -1.456685E+00 -4.000847E+00
     24229  3.638423E+00 -4.740821E-01 -5.373115E+00
     24230  2.671708E+00 -9.994751E-01 -3.729375E+00
     24231  1.870096E+00 -1.349102E+00 -2.061096E+00
     24232  2.067573E+00 -7.407867E-01 -2.569839E+00
     24233  2.562857E+00 -1.486031E+00 -3.325655E+00
     24234  1.551535E+00 -7.813862E-01 -2.279687E+00
     24235  1.232014E+00 -7.195242E-01 -2.292499E+00
     24236  1.482124E+00 -1.397693E+00 -2.214434E+00
     24237  1.001004E+00 -7.399740E-01 -2.530117E+00
     24238  1.172915E+00 -1.435014E+00 -2.348692E+00
     24239  8.660545E-01 -1.050185E+00 -3.033322E+00
     24240  8.784032E-01 -1.843553E+00 -2.748890E+00
     24241  9.368410E-01 -1.663001E+00 -3.078460E+00
     24242  8.044477E-01 -1.060661E+00 -3.305863E+00
     24243  8.614678E-01 -1.805455E+00 -3.271693E+00
     24244  7.761520E-01 -8.131907E-01 -3.332720E+00
     24245  5.557167E-01 -8.650777E-01 -3.251236E+00
     24246  6.269057E-01 -1.800405E+00 -3.165947E+00
     24247  7.362573E-01 -1.528044E+00 -3.241066E+00
     24248  6.098629E-01 -1.142411E+00 -3.510372E+00
     24249  6.082435E-01 -1.680774E+00 -3.342552E+00
     24250  4.564768E-01 -6.625297E-01 -3.318147E+00
     24251  2.780306E-01 -1.864811E+00 -3.446541E+00
     24252  2.919682E-01 -1.516889E+00 -3.876094E+00
     24253  2.373619E-01 -1.077962E+00 -3.596792E+00
     24254  1.800402E-01 -1.868209E+00 -3.180460E+00
     24255  3.693875E-01 -2.199038E+00 -4.125081E+00
     24256  9.376601E-02 -9.735238E-01 -3.717939E+00
     24257  8.899767E-02 -1.810083E+00 -3.699687E+00
     24258  4.871728E-02 -9.452612E-01 -3.953847E+00
     25138  1.593406E-02 -8.540299E-01 -4.007773E+00
     25139 -1.859655E-01 -2.165834E+00 -3.574877E+00
     25140 -5.970773E+00  6.478819E-01 -2.977738E+01
     25141 -6.323886E+00 -4.320932E+00 -2.248592E+01
     25142 -5.367843E-02 -8.778536E-01 -3.927336E+00
     25143 -1.084910E-01 -1.779490E+00 -3.704573E+00
     25144 -1.326544E-01 -8.730692E-01 -3.670662E+00
     25145 -2.553236E-01 -1.849894E+00 -3.418741E+00
     25146 -2.096668E-01 -1.022950E+00 -3.620221E+00
     25147 -1.995251E-01 -1.874450E+00 -4.007890E+00
     25148 -4.395169E-01 -1.798404E+00 -3.265461E+00
     25149 -3.305375E-01 -8.757057E-01 -3.360899E+00
     25150 -4.811894E-01 -9.241208E-01 -3.292880E+00
     25151 -6.045957E-01 -1.833387E+00 -3.225639E+00
     25152 -8.037976E-01 -1.984957E+00 -2.929646E+00
     25153 -6.380253E-01 -9.831293E-01 -3.278652E+00
     25154 -7.456899E-01 -1.249914E+00 -3.551297E+00
     25155 -1.126735E+00 -1.644076E+00 -2.723745E+00
     25156 -8.271396E-01 -5.161018E-01 -3.021835E+00
     25157 -6.903985E-01 -1.752448E+00 -3.619093E+00
     25158 -9.501785E-01 -1.240445E+00 -3.374993E+00
     25159 -1.014156E+00 -8.892088E-01 -2.882477E+00
     25160 -1.142957E+00 -1.569702E+00 -2.399081E+00
     25161 -9.858761E-01 -1.885698E+00 -3.459635E+00
     25162 -1.156444E+00 -8.379980E-01 -2.677785E+00
     25163 -1.351631E+00 -6.767397E-01 -2.376730E+00
     25164 -1.284288E+00 -1.462259E+00 -2.505532E+00
     25165 -1.594801E+00 -7.651945E-01 -2.372349E+00
     25166 -1.870430E+00 -1.275107E+00 -2.090885E+00
     25167 -1.575009E+00 -1.385660E+00 -2.604995E+00
     25168 -2.062633E+00 -6.236888E-01 -2.520027E+00
     25169 -2.461012E+00 -1.288147E+00 -2.844974E+00
     25170 -2.666324E+00 -6.174616E-01 -3.364678E+00
     25171 -3.123183E+00 -1.453958E+00 -4.077299E+00
     25172 -3.418960E+00 -7.831995E-01 -5.122491E+00
     25173 -4.148810E+00 -1.051140E+00 -8.013744E+00
     25174 -4.708963E+00 -2.273574E+00 -9.287860E+00
     25175 -4.019189E+00 -1.704320E+00 -6.900138E+00
     25176 -5.001601E+00 -1.015169E+00 -1.260159E+01
     25177 -5.612720E+00 -2.950396E+00 -1.520484E+01
     25178 -5.691530E+00 -9.934723E-01 -1.916121E+01
     27517  6.083538E-01 -1.343679E-01 -8.235102E-03
     27518  1.909209E-01  1.965362E+00  3.129511E+00
     27519 -9.136946E-01  3.991967E+00  1.126389E-01
     27520 -1.776407E+00  2.763426E+00  5.055753E-01
     27521 -3.799677E+00 -1.833408E+01  8.985925E+01
     27522 -3.081105E+00 -1.939560E+01  8.156191E+01
     27523  7.620175E-01 -1.055345E+01  6.891061E+01
     27524 -1.150514E+00  2.264708E+00 -1.536685E+01
     27525 -2.306488E+00  7.656634E-01 -6.810879E+00
     27526 -5.460821E+00 -3.224192E+00 -8.177335E+00
     27527  1.366553E+00  1.205961E+00 -1.436892E+01
     27528 -7.742997E+00 -1.347043E+01  6.276859E+01
     27529 -1.429342E+00 -4.827434E+00  7.583815E+00
     27530 -2.944963E+00 -6.964068E+00  1.619345E+01
     27531 -2.507124E+00 -3.790405E+00 -4.887666E+00
     27532 -2.167313E+00 -5.246756E+00 -4.803532E+00
     27533 -5.541360E-03 -8.126156E+00  3.203248E+01
     27534 -4.973199E+00 -1.225463E+01  4.021311E+01
     27535 -4.742090E+00 -6.534104E+00  1.927142E+01
     27536 -1.876721E+00 -6.354594E+00  4.547244E+00
     27537 -4.328211E+00 -9.938643E+00  2.136815E+01
     27538 -3.590893E+00 -1.001497E+01  5.243513E+01
     27539  4.933485E-01 -9.664271E+00  3.190360E+01
     30230 -5.967403E-01 -1.399028E-01 -2.169083E-03
     30231 -1.124565E-01  1.682829E+00  2.758171E+00
     30232  1.607634E+00  2.547747E+00  4.610456E-01
     30233  7.624352E-01  3.621563E+00  1.107392E-01
     30234  2.318164E+00  5.137796E-01 -5.663710E+00
     30235  1.192829E+00  2.091784E+00 -1.432442E+01
     30236 -1.282106E+00  1.286360E+00 -1.331736E+01
     30237  3.135341E+00 -1.773956E+01  7.428178E+01
     30238  3.784018E+00 -1.681498E+01  8.264764E+01
     30239  7.341577E+00 -1.245842E+01  5.702711E+01
     30240  5.363790E+00 -3.161784E+00 -6.737360E+00
     30241 -4.313120E-01 -9.483643E+00  6.359415E+01
     30242  2.117150E+00 -4.801882E+00 -4.723201E+00
     30243  1.846103E+00 -5.805487E+00  3.759578E+00
     30244  2.496980E+00 -3.460617E+00 -4.178833E+00
     30245  1.451762E+00 -4.406514E+00  7.584603E+00
     30246  4.133158E+00 -9.170288E+00  1.912517E+01
     30247 -2.113939E-01 -8.820162E+00  2.879847E+01
     30248  4.792090E+00 -6.052790E+00  1.790485E+01
     30249  2.827572E+00 -6.452640E+00  1.540509E+01
     30250  2.099128E-01 -7.410498E+00  2.997208E+01
     30251  3.617097E+00 -9.212186E+00  4.816161E+01
     30252  4.785780E+00 -1.135108E+01  3.737858E+01
     32550 -2.924031E-01  4.568340E-01 -3.699307E-02
     32551  2.658667E-01  4.173802E-01 -4.666708E-02
     32552  5.220311E-02  1.485116E-01  1.542319E-01
     32553 -6.496088E-02  1.549454E-01  1.765704E-01
     32554  6.967685E-02  6.470979E-02  1.404978E-01
     32555 -5.917320E-02  7.578571E-02  1.707200E-01
     32556 -4.120867E-02  4.587504E-02  1.255308E-01
     32557  1.887011E-02  2.856166E-02  9.740929E-02
     32558  5.158388E+00 -7.943577E-01 -1.352482E+01
     32559  3.642003E+00 -6.770451E-01 -6.098238E-02
     32560  4.085448E+00 -1.296696E+00 -9.840988E+00
     32561 -9.403227E-02 -5.301305E-01  1.593393E+00
     32562  1.543997E-01 -5.799738E-01  1.648387E+00
     32563  6.197330E-02 -5.033030E-01  1.607856E+00
     32564 -1.871552E-01 -5.713174E-01  1.662100E+00
     32565 -3.451620E+00 -5.847673E-01 -9.758162E-02
     32566 -4.814652E+00 -6.431122E-01 -1.228832E+01
     32567 -3.898256E+00 -1.183692E+00 -8.948057E+00
     32568  3.327400E+00 -1.186120E+00  3.897157E+00
     32569 -3.204733E+00 -1.038667E+00  3.503700E+00
     32570  3.823527E+00 -2.113863E+00 -6.299223E+00
     32571  4.088622E+00 -1.878122E+00 -7.056415E+00
     32572  2.614575E+00 -4.127821E+00 -2.166140E+00
     32573  2.075440E+00 -1.581608E+00  3.147440E+00
     32574  3.699863E+00 -1.708997E+00 -4.238625E+00
     32575  3.881817E+00 -1.858023E+00 -4.892334E+00
     32576  3.022605E+00 -3.896338E+00 -7.935995E-01
     32577  2.529833E+00 -1.240985E+00  2.787499E+00
     32578  2.482650E+00 -1.409113E+00  1.523590E+00
     32579  3.279048E+00 -1.233158E+00 -2.619361E+00
     32580  3.445319E+00 -1.395233E+00 -3.162655E+00
     32581  2.785456E+00 -2.342677E+00 -5.976192E-01
     32582  2.727087E+00 -9.905366E-01  1.457624E+00
     32583  2.466726E+00 -9.796532E-01  9.133114E-01
     32584  4.920589E+00 -1.337456E+00 -6.489342E-01
     32585  3.765599E+00 -1.680188E+00 -1.234371E+00
     32586  2.597035E+00 -6.101106E-01  9.849316E-01
     32587  4.159787E+00 -9.666663E-01  2.362481E-01
     32588  4.111211E+00 -1.109122E+00 -2.561849E-02
     32589  3.464516E+00 -6.012980E-01  9.059456E-01
     32590  3.484965E+00 -5.598881E-01  6.160994E-01
     32591  2.823934E+00 -3.919372E-01  1.330738E+00
     32592  2.779034E+00 -2.822203E-01  1.130095E+00
     32593  2.337316E+00 -3.168604E-01  1.566652E+00
     32594  2.220497E+00 -1.691074E-01  1.469476E+00
     32595  2.012235E+00 -3.319187E-01  1.725562E+00
     32596  1.817215E+00 -1.687895E-01  1.641252E+00
     32597  1.791788E+00 -4.838986E-01  1.841530E+00
     32598  1.519176E+00 -2.679313E-01  1.770835E+00
     32599  1.619084E+00 -5.072915E-01  1.844302E+00
     32600  1.299356E+00 -3.573112E-01  1.889421E+00
     32601  1.449996E+00 -4.442763E-01  1.875958E+00
     32602  1.181607E+00 -3.051141E-01  1.930049E+00
     32603  1.291044E+00 -6.837957E-01  1.993040E+00
     32604  1.007053E+00 -4.447127E-01  1.938764E+00
     32605  1.178333E+00 -5.848186E-01  1.912442E+00
     32606  8.445248E-01 -6.877059E-01  2.058496E+00
     32607  9.275845E-01 -3.836700E-01  1.949371E+00
     32608  6.676097E-01 -2.994261E-01  1.956693E+00
     32609  7.323275E-01 -6.914887E-01  1.883013E+00
     32610  4.195348E-01 -5.466229E-01  1.925822E+00
     32611  5.335534E-01 -5.737587E-01  1.786774E+00
     32612  2.219592E-01 -5.428636E-01  1.928631E+00
     32613  3.536091E-01 -5.256534E-01  1.652369E+00
     32614  6.423276E-02 -4.828984E-01  1.754661E+00
     32615  2.155577E-01 -5.032919E-01  1.598264E+00
     32616 -3.003401E-02 -4.827504E-01  1.655840E+00
     32617 -2.448520E-01 -4.867651E-01  1.628670E+00
     32618  8.410337E-03 -4.341176E-01  1.690630E+00
     32619 -1.089139E-01 -4.305497E-01  1.783999E+00
     32620 -3.781175E-01 -4.744326E-01  1.711692E+00
     32621 -5.408833E-01 -4.820150E-01  1.799183E+00
     32622 -2.683696E-01 -4.060400E-01  1.882243E+00
     32623 -7.454366E-01 -3.994100E-01  1.913586E+00
     32624 -4.888072E-01 -3.138638E-01  1.968830E+00
     32625 -9.872912E-01 -3.727059E-01  1.952589E+00
     32626 -7.036541E-01 -3.026090E-01  2.015233E+00
     32627 -1.205357E+00 -4.286895E-01  1.997896E+00
     32628 -9.185456E-01 -3.456905E-01  2.113411E+00
     32629 -1.460400E+00 -5.403845E-01  2.026137E+00
     32630 -1.127121E+00 -3.801974E-01  2.013466E+00
     32631 -1.602433E+00 -3.179717E-01  2.060344E+00
     32632 -1.410888E+00 -2.604917E-01  2.056925E+00
     32633 -1.529350E+00 -3.598464E-01  1.862447E+00
     32634 -1.858663E+00 -5.310451E-01  1.879208E+00
     32635 -2.015251E+00 -4.326828E-01  1.814021E+00
     32636 -1.759802E+00 -2.593027E-01  1.715828E+00
     32637 -2.229266E+00 -3.903306E-01  1.634946E+00
     32638 -2.002232E+00 -2.117768E-01  1.530895E+00
     32639 -2.366220E+00 -2.055921E-01  1.342793E+00
     32640 -2.490530E+00 -3.602311E-01  1.470183E+00
     32641 -2.912699E+00 -4.188541E-01  1.214517E+00
     32642 -2.858140E+00 -3.039847E-01  9.946868E-01
     32643 -3.518180E+00 -5.248157E-01  4.803877E-01
     32644 -3.482665E+00 -5.516717E-01  8.060627E-01
     32645 -3.919124E+00 -7.610351E-01  2.059247E-01
     32646 -4.190185E+00 -8.663124E-01  1.936873E-01
     32647 -3.660151E+00 -1.579828E+00 -1.169924E+00
     32648 -4.927943E+00 -1.324784E+00 -5.834004E-01
     32649 -3.433494E+00 -1.110859E+00 -2.880454E+00
     32650 -3.142990E+00 -1.080060E+00 -2.381870E+00
     32651 -2.510605E+00 -5.888737E-01  8.299422E-01
     32652 -3.695001E+00 -1.668191E+00 -4.476139E+00
     32653 -3.641830E+00 -1.517768E+00 -3.765318E+00
     32654 -2.139654E+00 -1.488766E+00 -6.887535E-01
     32655 -2.793757E+00 -7.615770E-01  1.370587E+00
     32656 -2.474317E+00 -8.195484E-01  8.247406E-01
     32657 -3.873738E+00 -1.699945E+00 -6.421518E+00
     32658 -3.640304E+00 -1.965288E+00 -5.767203E+00
     32659 -2.865304E+00 -3.505875E+00 -7.778647E-01
     32660 -2.445399E+00 -1.112011E+00  2.507425E+00
     32661 -2.456309E+00 -1.289885E+00  1.349227E+00
     32662 -2.511508E+00 -3.683964E+00 -2.019388E+00
     32663 -2.050383E+00 -1.466671E+00  2.844129E+00
     33308  2.991722E-01 -2.451426E-01  2.657158E-01
     33309 -1.498776E-01  6.963054E-01  4.451181E-01
     33310  1.449034E+00  1.105610E+00 -9.429956E-01
     33311  5.638938E-01  2.303713E-01 -6.807867E-01
     33312  1.325160E+00  1.507311E+00 -1.017099E+01
     33313  5.065896E-01  7.685989E-01 -2.148327E+01
     33314  1.074699E+00  7.653896E-01 -4.033282E+00
     33315  9.369075E-01  7.461657E-01 -8.666169E+00
     33316  7.092679E-01  1.911526E-01 -7.737708E+00
     33317 -3.494593E-01  1.228540E+00 -2.641753E+01
     33318 -9.947568E-01  1.323048E+00  1.744519E+01
     33319 -2.067526E+00  1.541820E+00  6.293816E+00
     33320  5.215123E-01  1.278652E+00 -4.086523E-01
     33321 -1.906803E-01  2.398546E+00 -5.814441E+00
     33322  2.142681E+00  9.312918E-02  5.549949E+00
     33323 -1.572009E+00  6.068119E-01 -1.359321E+01
     33324  3.035043E-01  3.841115E+00  5.089948E+01
     33325  6.400458E-01  4.322788E+00  4.740549E+01
     33326 -2.267928E+00  1.243056E+00  3.426841E+01
     33327  2.580772E+00  2.318344E+00  3.740070E+01
     33328 -1.019566E+00  3.489113E+00  2.389533E+01
     33329 -1.556362E+00  2.151727E+00  1.622137E+01
     33606 -2.764058E-01 -2.214649E-01  2.413135E-01
     33607  1.180541E-01  6.269101E-01  3.932419E-01
     33608 -1.329003E+00  1.018077E+00 -8.536313E-01
     33609 -5.971507E-01  2.078809E-01 -6.641339E-01
     33610 -4.806653E-01  6.837082E-01 -1.930009E+01
     33611 -1.203214E+00  1.362440E+00 -9.149479E+00
     33612 -8.717467E-01  6.881789E-01 -7.773141E+00
     33613 -9.971632E-01  7.008911E-01 -3.565089E+00
     33614 -6.654578E-01  1.879944E-01 -6.875724E+00
     33615  3.097086E-01  1.088574E+00 -2.356165E+01
     33616 -4.710997E-01  1.159105E+00 -1.560248E-01
     33617  1.947718E-01  2.160226E+00 -5.095595E+00
     33618 -1.906376E+00  9.578538E-02  5.361015E+00
     33619  1.954706E+00  1.447449E+00  5.728872E+00
     33620  9.327148E-01  1.244891E+00  1.576451E+01
     33621  1.416477E+00  5.326393E-01 -1.196964E+01
     33622 -4.931736E-01  3.926592E+00  4.282996E+01
     33623 -2.180571E-01  3.492856E+00  4.636715E+01
     33624 -2.293966E+00  2.114383E+00  3.419754E+01
     33625  2.115484E+00  1.088677E+00  3.089026E+01
     33626  1.468653E+00  1.944094E+00  1.496766E+01
     33627  1.066369E+00  3.181701E+00  2.170429E+01

 total force (fx,fy,fz) for set FEET and time  0.1000000E+01

        4.365510E-10  1.955224E-09  1.200000E+03

                        S T E P       2


                                INCREMENT     1


 displacements (vx,vy,vz) for set TOP and time  0.2000000E+01

     17692 -4.478543E-02  9.107787E-01 -8.680418E-01
     17737 -2.598147E-02  1.152721E+00 -1.039960E+00
     18174 -2.662615E-03  1.257553E+00 -1.118378E+00
     21602  1.644706E-02  1.217240E+00 -1.085180E+00
     22791  3.817270E-02  8.802993E-01 -8.293349E-01

 forces (fx,fy,fz) for set FEET and time  0.2000000E+01

       151 -1.063881E+00 -3.122115E-02 -5.736188E+00
       155  1.621032E+00  2.222153E+01 -1.586083E+01
       156 -4.900282E-03  4.373204E-02 -1.874527E+00
       160  5.171132E-02  4.492789E+00  3.581588E-01
       161  1.168312E+00  4.032806E-01 -4.277218E+00
       165 -1.141592E+00  1.932563E+01 -1.077154E+01
       194  4.514976E+01  2.673117E+01  5.035052E+01
       195 -7.290014E-01  4.834438E-01  9.231014E-01
       196  2.513420E+00  3.604968E+00 -1.485318E-01
       197 -4.234678E+01  1.879085E+01  4.117458E+01
       221 -2.348612E+00  3.384128E+00 -1.449685E-01
       222  3.855118E+01  1.681225E+01  3.715996E+01
       225  5.731533E-01  3.127378E-01  9.031657E-01
       226 -4.150392E+01  2.483255E+01  4.655177E+01
       234  2.438688E+00  6.217510E-01  4.769425E+00
       236 -2.296155E+00  5.653297E-01  4.274670E+00
       242 -1.162993E+01  7.816067E+00 -1.063468E+01
       245 -1.838069E+01  1.303300E+01  1.548688E+01
       246  1.833993E+01  1.329112E+01  1.666139E+01
       253  1.039433E+01  6.939176E+00 -9.465698E+00
       254 -1.670095E+01  1.217220E+01  1.526826E+01
       255  1.657259E+01  1.167641E+01  1.386338E+01
      2448  6.029619E+00 -4.575940E+00 -4.402820E+01
      2464 -8.628109E-02 -3.523397E+00 -8.092366E+00
      2473  2.052353E+00 -1.098902E-02 -1.834625E+00
      2474  2.393041E-01  1.656550E+00 -1.157204E+00
      2475  2.109987E-01  8.680482E-01 -4.365406E-01
      2476  4.456806E-01  4.742633E-01 -1.234414E+00
      2477  4.791346E-01  7.698902E-02 -1.960785E+00
      2478  2.624844E-01 -1.031965E-01 -7.926540E-01
      2479  1.929837E-01 -1.112787E-01 -1.346248E+00
      2480  5.543882E-02 -4.411525E-02 -1.149795E+00
      2481  3.237807E-02 -5.465273E-02 -1.272484E+00
      2482  3.392593E-02  3.444829E-03 -1.054255E+00
      2483  7.255743E-02 -9.874894E-02 -2.012859E+00
      2484  7.663103E-02  7.795280E-03 -1.680741E+00
      2485  2.406626E-01  1.378900E+00 -1.467483E+00
      2486  3.470574E-03 -5.745447E-02 -2.492654E+00
      2487  2.596413E-02  1.171799E-01 -1.620286E+00
      2488 -6.176232E-02 -6.421810E-02 -1.733512E+00
      2489  9.782414E-02 -7.373226E-03 -1.431953E+00
      2490  1.895878E-02 -7.705416E-02 -2.160007E+00
      2491 -2.706174E-02 -2.992635E-02 -1.783074E+00
      2492  4.612128E-02  6.895917E-01 -2.484830E+00
      2493  1.160547E+01  7.655260E-01 -4.688585E+01
      2494  1.055434E+01 -2.522918E+00 -2.915781E+01
      2495  9.489652E+00 -2.638063E+00 -1.948048E+01
      2496  7.797947E+00 -2.230885E+00 -1.173733E+01
      2497  9.165372E+00 -1.780135E+00 -8.815875E+00
      2498  7.352210E+00 -2.123311E+00 -5.717577E+00
      2499  5.614424E+00 -1.534645E+00 -3.219254E+00
      2500  4.525764E+00 -1.326202E+00 -2.386187E+00
      2501  3.624905E+00 -1.180419E+00 -2.205668E+00
      2502  2.982968E+00 -1.223590E+00 -2.464908E+00
      2503  2.446390E+00 -1.876907E+00 -3.101443E+00
      2504  2.351878E+00 -1.905253E+00 -3.466037E+00
      2505  2.184951E+00 -1.458784E+00 -3.566307E+00
      2506  1.642623E+00 -1.431527E+00 -3.701202E+00
      2507  1.812389E+00 -1.687064E+00 -3.807897E+00
      2508  1.374971E+00 -1.132892E+00 -3.607806E+00
      2509  9.225431E-01 -2.623482E+00 -4.053850E+00
      2510  5.852022E-01 -1.980659E+00 -4.038407E+00
      2511  3.695875E-01 -1.774230E+00 -4.259935E+00
      2512  1.704712E-01 -1.499873E+00 -4.462894E+00
      2513  2.358629E-02 -1.433680E+00 -4.742476E+00
      2637  1.248081E+00  1.782066E+01 -6.529693E+00
      2638  5.125287E-01  1.191849E+01 -2.997524E+00
      2639  2.918432E-01  8.620089E+00 -5.215071E-01
      2640 -3.935303E-02  5.316601E+00 -2.276990E-01
      2641  6.284864E-02  3.847149E+00 -3.597870E-01
      2642  6.564973E-02  4.206802E+00  5.051556E-01
      2643  5.648003E-02  3.275338E+00  5.995058E-02
      2644  8.338023E-02  3.259884E+00  3.571878E-01
      2645  3.524908E-02  3.243205E+00  3.483200E-01
      2646  6.513414E-02  4.045073E+00  5.833898E-01
      2647  5.319372E-02  5.022365E+00 -1.971271E-01
      2648 -4.540558E-03  4.534031E+00  2.215349E-01
      2649 -1.510233E-01  2.498732E+00 -2.141667E-01
      2650  5.210253E-01  7.935293E+00 -4.146991E-01
      2651  6.406491E-02  3.696434E+00  2.409873E-01
      2652  2.254116E-01  4.531303E+00  3.075770E-01
      2653 -8.542045E-02  6.489183E+00  7.122981E-01
      2654 -7.581141E-03  4.754851E+00 -2.477037E-01
      2655  4.958923E-03  4.560156E+00  2.055436E-01
      2656 -5.186083E-01  4.496562E+00  6.704847E-01
      2657  8.433087E+00  2.334493E+01 -4.554770E+01
      2658  6.643414E+00  1.479884E+01 -2.701674E+01
      2659  5.977481E+00  1.080954E+01 -1.673486E+01
      2660  5.103942E+00  7.456554E+00 -1.066810E+01
      2661  3.801939E+00  3.322105E+00 -6.646542E+00
      2662  3.105576E+00  3.969696E+00 -3.161347E+00
      2663  2.235145E+00  2.671086E+00 -2.282961E+00
      2664  1.613011E+00  2.602053E+00 -1.850685E+00
      2665  1.240485E+00  2.376196E+00 -2.035421E+00
      2666  1.074836E+00  2.576205E+00 -2.378865E+00
      2667  1.079362E+00  4.119695E+00 -2.349551E+00
      2668  7.814739E-01  4.182322E+00 -2.823885E+00
      2669  8.333786E-01  3.271320E+00 -3.378439E+00
      2670  9.244096E-01  2.467203E+00 -3.180679E+00
      2671  3.632271E-01  3.591998E+00 -3.073621E+00
      2672  4.729215E-01  2.521802E+00 -3.618234E+00
      2673  4.992604E-01  5.880648E+00 -2.528423E+00
      2674  1.994133E-01  4.149457E+00 -3.227755E+00
      2675  2.886402E-02  3.899556E+00 -3.572851E+00
      2676  4.972757E-02  3.431483E+00 -3.918858E+00
      2677  6.296498E-03  3.200546E+00 -4.031609E+00
      2685 -6.110333E+00 -3.704574E+00 -4.415107E+01
      2694 -1.100120E-01  7.037207E-01 -2.368310E+00
      2695 -3.256632E-02 -3.302474E-03 -1.680891E+00
      2696 -1.818445E-02  1.291837E-04 -1.320969E+00
      2697  3.137511E-02 -4.746309E-02 -1.737871E+00
      2698 -1.291079E-04 -2.062330E-02 -1.667889E+00
      2699 -4.584070E-02 -2.825836E-02 -1.669724E+00
      2700 -1.364786E-01 -1.107723E-01 -2.164033E+00
      2701 -3.560001E-02  6.922641E-03 -1.253986E+00
      2702 -1.167959E-01 -3.222287E-02 -2.039115E+00
      2703 -6.454910E-02 -2.016387E-02 -1.193107E+00
      2704 -1.083288E-01 -9.331442E-02 -1.742994E+00
      2705 -1.447761E-01 -8.107414E-02 -1.202747E+00
      2706 -1.071289E-01 -1.884815E-02 -8.574728E-01
      2707 -1.773164E-01 -1.118825E-01 -1.317063E+00
      2708 -3.251004E-01 -9.653404E-02 -1.158260E+00
      2709 -5.576079E-01 -7.752895E-01 -2.085535E+00
      2710 -1.069918E-01  4.145765E-01 -2.724617E-01
      2711 -8.752642E-01 -4.770596E-01 -2.429283E+00
      2712 -4.974494E-01  1.581200E+00 -2.584981E+00
      2713 -1.894301E+00  5.018117E-01 -4.265586E+00
      2714 -8.803542E-03 -1.458381E+00 -5.032748E+00
      2715 -1.591653E-01 -1.668879E+00 -4.673557E+00
      2716 -2.953855E-01 -1.551743E+00 -4.234828E+00
      2717 -6.850837E-01 -1.803314E+00 -3.939265E+00
      2718 -1.035582E+00 -1.509628E+00 -3.556235E+00
      2719 -1.450679E+00 -1.552547E+00 -3.374904E+00
      2720 -1.852118E+00 -1.725710E+00 -3.341252E+00
      2721 -2.031507E+00 -2.304292E+00 -3.588441E+00
      2722 -2.562337E+00 -8.099792E-01 -3.140976E+00
      2723 -2.627634E+00 -2.108672E+00 -3.453947E+00
      2724 -2.982602E+00 -1.507782E+00 -2.956773E+00
      2725 -3.231915E+00 -1.446558E+00 -2.763232E+00
      2726 -3.751551E+00 -1.173661E+00 -2.509907E+00
      2727 -4.642719E+00 -1.317037E+00 -2.621668E+00
      2728 -5.614275E+00 -1.307940E+00 -3.252500E+00
      2729 -7.180978E+00 -1.667910E+00 -5.097355E+00
      2730 -8.764568E+00 -2.325262E+00 -8.315449E+00
      2731 -7.805169E+00 -1.631120E+00 -1.120404E+01
      2732 -8.707962E+00 -2.349541E+00 -1.665034E+01
      2733 -9.585028E+00 -2.531938E+00 -2.500702E+01
      2734 -1.065926E+01 -3.083047E-01 -3.981015E+01
      2858  6.001377E-01  4.416785E+00  4.111276E-01
      2859  8.768839E-02  4.400375E+00  1.544194E-01
      2860  3.158665E-02  4.567252E+00  6.463206E-01
      2861 -7.860136E-02  4.526960E+00  2.516044E-01
      2862 -5.988107E-02  4.272654E+00  2.981406E-01
      2863 -5.727778E-02  4.363478E+00  2.873237E-01
      2864  4.408217E-02  5.657289E+00 -1.787556E-01
      2865 -1.553710E-02  4.055729E+00  7.512942E-01
      2866 -7.223825E-03  3.981617E+00 -4.976665E-02
      2867 -1.630070E-01  5.199358E+00  5.769974E-01
      2868 -2.933128E-02  3.895632E+00 -1.232216E-01
      2869  3.363522E-02  3.492512E+00  2.547589E-01
      2870  1.799820E-03  3.245816E+00  5.779991E-01
      2871 -5.700885E-02  3.124657E+00  1.607500E-02
      2872  6.852168E-02  3.259188E+00  2.534497E-01
      2873 -2.152734E-02  4.078664E+00 -7.680756E-03
      2874 -1.301957E-01  5.370353E+00  1.877495E-02
      2875 -2.986179E-01  7.542963E+00 -1.954371E+00
      2876 -1.731134E-01  1.076400E+01 -1.982290E+00
      2877 -7.472869E-01  1.600607E+01 -4.677551E+00
      2878 -9.094931E-02  3.415733E+00 -3.884021E+00
      2879 -1.829555E-01  3.420265E+00 -3.813733E+00
      2880 -1.222147E-01  3.475864E+00 -3.705872E+00
      2881 -1.887653E-01  3.961093E+00 -3.326669E+00
      2882 -3.432247E-01  3.308576E+00 -3.297325E+00
      2883 -4.628377E-01  3.367307E+00 -3.096851E+00
      2884 -5.757592E-01  3.696518E+00 -2.994728E+00
      2885 -1.138616E+00  4.863905E+00 -2.449071E+00
      2886 -8.568152E-01  2.347433E+00 -3.273175E+00
      2887 -9.211327E-01  4.649791E+00 -2.285492E+00
      2888 -1.121254E+00  3.316198E+00 -2.645933E+00
      2889 -1.313350E+00  3.081889E+00 -2.275450E+00
      2890 -1.460212E+00  2.405136E+00 -2.195179E+00
      2891 -1.682725E+00  2.654684E+00 -1.994757E+00
      2892 -2.239331E+00  2.318224E+00 -2.426213E+00
      2893 -2.949517E+00  3.033302E+00 -3.559334E+00
      2894 -3.885927E+00  4.402268E+00 -5.821606E+00
      2895 -4.661902E+00  6.403513E+00 -9.298108E+00
      2896 -5.790130E+00  9.371723E+00 -1.622599E+01
      2897 -6.393032E+00  1.326729E+01 -2.587618E+01
      2898 -7.890800E+00  2.134936E+01 -4.391639E+01
      3382  7.252192E+00 -3.709654E+00  7.352222E+00
      3383  1.784948E+01 -2.288755E+00  9.210350E+00
      3384  3.638395E+01  6.112558E-01  1.650825E+01
      3385 -2.005507E+00 -1.132784E+00 -6.586464E+00
      3386  1.219369E+01 -7.386085E+00  2.322399E+01
      3387  3.512903E+01 -1.044090E+01  6.252195E+01
      3388  7.323730E+01 -1.194793E+01  1.129456E+02
      3489 -2.393638E+00  5.128584E+00 -9.788092E+00
      3490 -7.586871E+00  5.196867E+01  1.966657E+02
      3491  5.770573E+00 -3.901282E+00 -8.714896E+00
      3492  1.106374E+00 -6.840988E-01 -6.881754E+00
      3493 -1.769549E+01  3.825656E-01  3.308891E-01
      3494  1.272354E+01  3.212038E+00 -2.551485E+01
      3495  4.118844E+00 -6.316891E+00 -8.015221E+00
      3496 -1.502212E+01 -1.084659E+01  2.811821E+01
      3497 -5.421255E+01 -1.481394E+01  8.913074E+01
      3995 -5.101743E+00 -3.913428E+00 -8.404176E+00
      3996 -1.709319E+00 -6.061257E-01 -7.130516E+00
      3997  1.550147E+01  2.875268E-01 -4.691270E-01
      3998 -1.202757E+01  3.195759E+00 -2.382308E+01
      3999 -4.352213E+00 -5.745612E+00 -8.412045E+00
      4000  1.301870E+01 -9.953421E+00  2.440845E+01
      4001  4.889427E+01 -1.363951E+01  8.049838E+01
      4107  2.400761E+00  4.565224E+00 -8.774989E+00
      4108  7.599173E+00  4.753336E+01  1.799502E+02
      4109 -7.618792E+00 -3.339164E+00  7.200844E+00
      4110 -1.719099E+01 -2.188672E+00  9.066915E+00
      4111 -3.416796E+01  6.094360E-01  1.579240E+01
      4112  1.136137E+00 -1.378517E+00 -5.152257E+00
      4113 -1.189212E+01 -6.841760E+00  2.269796E+01
      4114 -3.303521E+01 -9.577052E+00  5.881134E+01
      4115 -6.779654E+01 -1.086081E+01  1.045233E+02
      4536  4.743333E+00  8.876566E-01 -1.652950E+01
      4539 -4.476560E+00  8.440898E-01 -1.489533E+01
      4541 -1.042935E+00  7.150730E+00  8.628994E+00
      4542  4.050266E-01  4.560887E+00  3.091161E+00
      4543  9.981463E-01  2.563467E+00  1.754351E+00
      4544  8.610840E-01  1.556821E+00  2.510551E+00
      4545  9.181678E-01  9.223745E-01  1.853010E+00
      4546 -2.973827E-02  6.802444E-01  1.513780E+00
      4547  1.612840E-02  7.652283E-01  1.619661E+00
      4548  2.103177E-02  8.899166E-01  1.844118E+00
      4549  3.088784E-02  1.006766E+00  2.074141E+00
      4550  1.944929E-02  1.154043E+00  2.386915E+00
      4551 -7.372306E-03  1.252257E+00  2.596362E+00
      4552 -1.671769E-02  1.317590E+00  2.711882E+00
      4553 -3.118728E-02  1.388395E+00  2.737795E+00
      4554  1.583066E-02  1.357736E+00  2.779225E+00
      4555 -1.822411E-02  1.325037E+00  2.716107E+00
      4556 -1.217276E-02  1.356501E+00  2.837704E+00
      4557 -8.419531E-03  1.327917E+00  2.753733E+00
      4558 -6.718753E-05  1.308393E+00  2.768958E+00
      4559  1.661226E-02  1.333225E+00  2.821649E+00
      4560 -2.284341E-03  1.388266E+00  2.888402E+00
      4561  5.692020E-03  1.387923E+00  2.902407E+00
      4562 -5.622049E-03  1.328251E+00  2.836351E+00
      4563 -9.779084E-03  1.326104E+00  2.815751E+00
      4564  4.003003E-03  1.316495E+00  2.792784E+00
      4565  3.610590E-03  1.306308E+00  2.743313E+00
      4566  1.035279E-02  1.275603E+00  2.684013E+00
      4567  2.262305E-02  1.324229E+00  2.748676E+00
      4568  2.784921E-02  1.301166E+00  2.744834E+00
      4569 -2.343221E-02  1.341759E+00  2.697914E+00
      4570  1.969025E-02  1.217792E+00  2.547040E+00
      4571 -1.505166E-02  1.141750E+00  2.344158E+00
      4572 -5.488033E-03  9.891799E-01  2.070608E+00
      4573 -1.814247E-02  8.880500E-01  1.854216E+00
      4574 -1.236376E-02  7.543683E-01  1.612606E+00
      4575  2.893945E-02  6.451410E-01  1.446914E+00
      4576 -1.209071E-01  9.761244E-01  1.559648E+00
      4577 -8.400628E-01  1.346951E+00  2.190825E+00
      4578 -2.308480E-01  1.874118E+00  1.869601E+00
      4579 -4.537454E-01  4.091912E+00  2.821653E+00
      4580  9.582378E-01  6.491860E+00  7.871960E+00
      4581  2.844824E+00  5.701842E+00  1.331413E+01
      4582  1.750182E+00  3.373269E+00  9.210295E+00
      4583  2.314344E+00  1.526173E+00  4.805995E+00
      4584  2.375327E+00  8.510568E-01  2.819676E+00
      4585  4.345661E+00  5.447144E-01  3.063273E+00
      4586  3.885039E+00  7.634736E-01  3.294778E+00
      4587  3.210388E+00  1.164992E+00  3.884323E+00
      4588  2.626922E+00  1.490916E+00  4.564987E+00
      4589  2.162007E+00  1.735317E+00  5.146389E+00
      4590  1.859591E+00  1.952484E+00  5.763389E+00
      4591  1.609987E+00  2.085905E+00  6.335723E+00
      4592  1.433003E+00  2.183519E+00  6.608894E+00
      4593  1.241233E+00  2.144836E+00  6.713463E+00
      4594  1.045789E+00  1.952888E+00  6.823187E+00
      4595  8.791353E-01  2.276578E+00  6.873236E+00
      4596  6.791245E-01  2.239515E+00  6.855009E+00
      4597  4.634051E-01  2.141119E+00  6.872357E+00
      4598  2.813943E-01  2.148373E+00  6.658272E+00
      4599  1.648600E-01  2.109724E+00  6.558057E+00
      4600  7.704733E-02  2.138944E+00  6.593035E+00
      4601 -7.207639E-03  2.060189E+00  6.695124E+00
      4602 -1.063386E-01  2.164118E+00  6.631027E+00
      4603 -1.683411E-01  2.178166E+00  6.669600E+00
      4604 -3.188374E-01  2.195786E+00  6.734751E+00
      4605 -5.067650E-01  2.255655E+00  6.805138E+00
      4606 -7.460387E-01  2.284128E+00  6.800516E+00
      4607 -9.238611E-01  2.298074E+00  6.863309E+00
      4608 -1.199657E+00  2.293149E+00  6.988252E+00
      4609 -1.340748E+00  2.327827E+00  6.925894E+00
      4610 -1.697506E+00  2.135020E+00  6.608539E+00
      4611 -1.837222E+00  2.068450E+00  6.241402E+00
      4612 -2.091782E+00  1.885855E+00  5.638099E+00
      4613 -2.330642E+00  1.696352E+00  5.049150E+00
      4614 -2.755006E+00  1.421588E+00  4.414735E+00
      4615 -3.273550E+00  1.100460E+00  3.674944E+00
      4616 -3.902500E+00  7.187658E-01  3.038494E+00
      4617 -4.604671E+00  5.468130E-01  2.946005E+00
      4618 -2.348674E+00  7.331586E-01  2.445717E+00
      4619 -2.385812E+00  1.417867E+00  4.411938E+00
      4620 -1.740838E+00  3.068108E+00  8.345025E+00
      4621 -2.779172E+00  5.178883E+00  1.203380E+01
      4871  2.159050E-01  2.194220E+01 -4.430388E+01
      4890 -3.135216E-01  3.761556E+01  8.425853E+01
      4902 -8.233478E+00 -1.579470E+00  3.432577E+00
      4903 -3.132993E+01  1.464992E+00  5.366512E+01
      4904 -6.682940E+00  6.556823E-01  1.480266E+01
      4905  1.212181E+01 -1.878795E+00  4.093349E+00
      4906 -2.794254E+00 -1.335510E+00  1.885925E-01
      4907  2.975947E+01  1.579466E+00  5.826838E+01
      4908  7.740485E+00 -8.853496E-01  1.488860E+01
      4909 -1.375230E+01  9.360532E-02 -2.734726E+01
      4939 -2.022371E-01  1.968819E+01 -3.976012E+01
      4958  3.373732E-01  3.410059E+01  7.638236E+01
      4970 -1.128304E+01 -1.752239E+00  4.040943E+00
      4971  2.263752E+00 -1.188800E+00  4.447465E-01
      4972 -2.733923E+01  1.410701E+00  5.352534E+01
      4973 -7.379072E+00 -7.941871E-01  1.416439E+01
      4974  1.202484E+01  7.196210E-02 -2.400010E+01
      4975  7.215982E+00 -1.394205E+00  2.897867E+00
      4976  2.806827E+01  1.363198E+00  4.809387E+01
      4977  5.997167E+00  6.387226E-01  1.322340E+01
     24218  1.279197E+01  5.278350E-01 -6.574127E+01
     24219  1.315757E+01 -9.234753E+00 -5.103228E+01
     24220 -9.875482E-02 -1.525935E+00 -8.103267E+00
     24221  3.007536E-01 -4.360924E+00 -7.246532E+00
     24222  1.189359E+01 -2.770832E+00 -4.200807E+01
     24223  1.190927E+01 -6.403517E+00 -3.442359E+01
     24224  1.045101E+01 -2.712299E+00 -2.768629E+01
     24225  8.873608E+00 -2.156535E+00 -1.797609E+01
     24226  8.569546E+00 -3.461906E+00 -1.362896E+01
     24227  1.037997E+01 -4.814579E+00 -2.386832E+01
     24228  6.213343E+00 -2.913371E+00 -8.001695E+00
     24229  7.276845E+00 -9.481641E-01 -1.074623E+01
     24230  5.343417E+00 -1.998950E+00 -7.458750E+00
     24231  3.740192E+00 -2.698204E+00 -4.122191E+00
     24232  4.135147E+00 -1.481573E+00 -5.139679E+00
     24233  5.125713E+00 -2.972062E+00 -6.651311E+00
     24234  3.103070E+00 -1.562772E+00 -4.559374E+00
     24235  2.464028E+00 -1.439048E+00 -4.584998E+00
     24236  2.964248E+00 -2.795386E+00 -4.428867E+00
     24237  2.002008E+00 -1.479948E+00 -5.060235E+00
     24238  2.345831E+00 -2.870027E+00 -4.697384E+00
     24239  1.732109E+00 -2.100369E+00 -6.066645E+00
     24240  1.756806E+00 -3.687105E+00 -5.497779E+00
     24241  1.873682E+00 -3.326002E+00 -6.156920E+00
     24242  1.608895E+00 -2.121322E+00 -6.611727E+00
     24243  1.722936E+00 -3.610910E+00 -6.543387E+00
     24244  1.552304E+00 -1.626381E+00 -6.665440E+00
     24245  1.111433E+00 -1.730155E+00 -6.502472E+00
     24246  1.253811E+00 -3.600810E+00 -6.331893E+00
     24247  1.472515E+00 -3.056088E+00 -6.482133E+00
     24248  1.219726E+00 -2.284823E+00 -7.020744E+00
     24249  1.216487E+00 -3.361547E+00 -6.685104E+00
     24250  9.129537E-01 -1.325059E+00 -6.636293E+00
     24251  5.560611E-01 -3.729621E+00 -6.893083E+00
     24252  5.839365E-01 -3.033778E+00 -7.752189E+00
     24253  4.747238E-01 -2.155925E+00 -7.193584E+00
     24254  3.600803E-01 -3.736417E+00 -6.360919E+00
     24255  7.387751E-01 -4.398077E+00 -8.250162E+00
     24256  1.875320E-01 -1.947048E+00 -7.435879E+00
     24257  1.779953E-01 -3.620166E+00 -7.399375E+00
     24258  9.743456E-02 -1.890522E+00 -7.907694E+00
     25138  3.186811E-02 -1.708060E+00 -8.015545E+00
     25139 -3.719310E-01 -4.331669E+00 -7.149753E+00
     25140 -1.194155E+01  1.295764E+00 -5.955476E+01
     25141 -1.264777E+01 -8.641864E+00 -4.497185E+01
     25142 -1.073569E-01 -1.755707E+00 -7.854673E+00
     25143 -2.169821E-01 -3.558979E+00 -7.409146E+00
     25144 -2.653088E-01 -1.746138E+00 -7.341324E+00
     25145 -5.106472E-01 -3.699789E+00 -6.837483E+00
     25146 -4.193336E-01 -2.045899E+00 -7.240442E+00
     25147 -3.990502E-01 -3.748899E+00 -8.015779E+00
     25148 -8.790338E-01 -3.596808E+00 -6.530922E+00
     25149 -6.610749E-01 -1.751411E+00 -6.721797E+00
     25150 -9.623789E-01 -1.848242E+00 -6.585760E+00
     25151 -1.209191E+00 -3.666774E+00 -6.451278E+00
     25152 -1.607595E+00 -3.969913E+00 -5.859292E+00
     25153 -1.276051E+00 -1.966259E+00 -6.557304E+00
     25154 -1.491380E+00 -2.499827E+00 -7.102593E+00
     25155 -2.253470E+00 -3.288152E+00 -5.447490E+00
     25156 -1.654279E+00 -1.032204E+00 -6.043670E+00
     25157 -1.380797E+00 -3.504896E+00 -7.238186E+00
     25158 -1.900357E+00 -2.480890E+00 -6.749986E+00
     25159 -2.028312E+00 -1.778418E+00 -5.764955E+00
     25160 -2.285914E+00 -3.139403E+00 -4.798163E+00
     25161 -1.971752E+00 -3.771395E+00 -6.919270E+00
     25162 -2.312887E+00 -1.675996E+00 -5.355570E+00
     25163 -2.703263E+00 -1.353479E+00 -4.753459E+00
     25164 -2.568575E+00 -2.924518E+00 -5.011065E+00
     25165 -3.189602E+00 -1.530389E+00 -4.744699E+00
     25166 -3.740860E+00 -2.550215E+00 -4.181769E+00
     25167 -3.150018E+00 -2.771321E+00 -5.209990E+00
     25168 -4.125266E+00 -1.247378E+00 -5.040053E+00
     25169 -4.922025E+00 -2.576293E+00 -5.689947E+00
     25170 -5.332647E+00 -1.234923E+00 -6.729356E+00
     25171 -6.246367E+00 -2.907917E+00 -8.154599E+00
     25172 -6.837921E+00 -1.566399E+00 -1.024498E+01
     25173 -8.297621E+00 -2.102281E+00 -1.602749E+01
     25174 -9.417926E+00 -4.547149E+00 -1.857572E+01
     25175 -8.038379E+00 -3.408641E+00 -1.380028E+01
     25176 -1.000320E+01 -2.030339E+00 -2.520319E+01
     25177 -1.122544E+01 -5.900792E+00 -3.040968E+01
     25178 -1.138306E+01 -1.986945E+00 -3.832242E+01
     27517  1.216708E+00 -2.687357E-01 -1.647020E-02
     27518  3.818418E-01  3.930723E+00  6.259022E+00
     27519 -1.827389E+00  7.983934E+00  2.252777E-01
     27520 -3.552813E+00  5.526851E+00  1.011151E+00
     27521 -7.599353E+00 -3.666816E+01  1.797185E+02
     27522 -6.162210E+00 -3.879121E+01  1.631238E+02
     27523  1.524035E+00 -2.110691E+01  1.378212E+02
     27524 -2.301028E+00  4.529415E+00 -3.073371E+01
     27525 -4.612976E+00  1.531327E+00 -1.362176E+01
     27526 -1.092164E+01 -6.448384E+00 -1.635467E+01
     27527  2.733107E+00  2.411921E+00 -2.873783E+01
     27528 -1.548599E+01 -2.694086E+01  1.255372E+02
     27529 -2.858683E+00 -9.654869E+00  1.516763E+01
     27530 -5.889926E+00 -1.392814E+01  3.238689E+01
     27531 -5.014248E+00 -7.580810E+00 -9.775333E+00
     27532 -4.334626E+00 -1.049351E+01 -9.607063E+00
     27533 -1.108272E-02 -1.625231E+01  6.406496E+01
     27534 -9.946399E+00 -2.450926E+01  8.042622E+01
     27535 -9.484179E+00 -1.306821E+01  3.854283E+01
     27536 -3.753442E+00 -1.270919E+01  9.094488E+00
     27537 -8.656422E+00 -1.987729E+01  4.273630E+01
     27538 -7.181785E+00 -2.002994E+01  1.048703E+02
     27539  9.866970E-01 -1.932854E+01  6.380721E+01
     30230 -1.193481E+00 -2.798056E-01 -4.338165E-03
     30231 -2.249129E-01  3.365658E+00  5.516342E+00
     30232  3.215268E+00  5.095493E+00  9.220912E-01
     30233  1.524870E+00  7.243127E+00  2.214784E-01
     30234  4.636328E+00  1.027559E+00 -1.132742E+01
     30235  2.385657E+00  4.183568E+00 -2.864884E+01
     30236 -2.564212E+00  2.572719E+00 -2.663471E+01
     30237  6.270682E+00 -3.547912E+01  1.485636E+02
     30238  7.568036E+00 -3.362995E+01  1.652953E+02
     30239  1.468315E+01 -2.491685E+01  1.140542E+02
     30240  1.072758E+01 -6.323569E+00 -1.347472E+01
     30241 -8.626239E-01 -1.896729E+01  1.271883E+02
     30242  4.234300E+00 -9.603764E+00 -9.446401E+00
     30243  3.692206E+00 -1.161097E+01  7.519157E+00
     30244  4.993960E+00 -6.921234E+00 -8.357666E+00
     30245  2.903525E+00 -8.813028E+00  1.516921E+01
     30246  8.266316E+00 -1.834058E+01  3.825034E+01
     30247 -4.227878E-01 -1.764032E+01  5.759693E+01
     30248  9.584180E+00 -1.210558E+01  3.580970E+01
     30249  5.655144E+00 -1.290528E+01  3.081018E+01
     30250  4.198256E-01 -1.482100E+01  5.994417E+01
     30251  7.234193E+00 -1.842437E+01  9.632322E+01
     30252  9.571561E+00 -2.270215E+01  7.475717E+01
     32550 -5.848062E-01  9.136680E-01 -7.398615E-02
     32551  5.317334E-01  8.347604E-01 -9.333416E-02
     32552  1.044062E-01  2.970231E-01  3.084638E-01
     32553 -1.299218E-01  3.098909E-01  3.531409E-01
     32554  1.393537E-01  1.294196E-01  2.809956E-01
     32555 -1.183464E-01  1.515714E-01  3.414401E-01
     32556 -8.241734E-02  9.175008E-02  2.510617E-01
     32557  3.774023E-02  5.712333E-02  1.948186E-01
     32558  1.031678E+01 -1.588715E+00 -2.704964E+01
     32559  7.284007E+00 -1.354090E+00 -1.219648E-01
     32560  8.170896E+00 -2.593391E+00 -1.968198E+01
     32561 -1.880645E-01 -1.060261E+00  3.186785E+00
     32562  3.087993E-01 -1.159948E+00  3.296773E+00
     32563  1.239466E-01 -1.006606E+00  3.215713E+00
     32564 -3.743104E-01 -1.142635E+00  3.324200E+00
     32565 -6.903240E+00 -1.169535E+00 -1.951632E-01
     32566 -9.629304E+00 -1.286224E+00 -2.457665E+01
     32567 -7.796512E+00 -2.367384E+00 -1.789611E+01
     32568  6.654800E+00 -2.372239E+00  7.794314E+00
     32569 -6.409466E+00 -2.077334E+00  7.007400E+00
     32570  7.647054E+00 -4.227725E+00 -1.259845E+01
     32571  8.177245E+00 -3.756244E+00 -1.411283E+01
     32572  5.229151E+00 -8.255643E+00 -4.332279E+00
     32573  4.150881E+00 -3.163216E+00  6.294879E+00
     32574  7.399726E+00 -3.417994E+00 -8.477249E+00
     32575  7.763634E+00 -3.716047E+00 -9.784668E+00
     32576  6.045210E+00 -7.792677E+00 -1.587199E+00
     32577  5.059666E+00 -2.481970E+00  5.574998E+00
     32578  4.965301E+00 -2.818226E+00  3.047180E+00
     32579  6.558097E+00 -2.466316E+00 -5.238722E+00
     32580  6.890637E+00 -2.790466E+00 -6.325310E+00
     32581  5.570911E+00 -4.685354E+00 -1.195238E+00
     32582  5.454174E+00 -1.981073E+00  2.915247E+00
     32583  4.933452E+00 -1.959306E+00  1.826623E+00
     32584  9.841178E+00 -2.674912E+00 -1.297868E+00
     32585  7.531197E+00 -3.360377E+00 -2.468742E+00
     32586  5.194070E+00 -1.220221E+00  1.969863E+00
     32587  8.319575E+00 -1.933333E+00  4.724963E-01
     32588  8.222423E+00 -2.218244E+00 -5.123698E-02
     32589  6.929033E+00 -1.202596E+00  1.811891E+00
     32590  6.969930E+00 -1.119776E+00  1.232199E+00
     32591  5.647869E+00 -7.838743E-01  2.661476E+00
     32592  5.558068E+00 -5.644405E-01  2.260189E+00
     32593  4.674632E+00 -6.337208E-01  3.133304E+00
     32594  4.440994E+00 -3.382147E-01  2.938951E+00
     32595  4.024470E+00 -6.638373E-01  3.451125E+00
     32596  3.634431E+00 -3.375791E-01  3.282505E+00
     32597  3.583577E+00 -9.677972E-01  3.683060E+00
     32598  3.038353E+00 -5.358625E-01  3.541670E+00
     32599  3.238168E+00 -1.014583E+00  3.688604E+00
     32600  2.598712E+00 -7.146225E-01  3.778842E+00
     32601  2.899993E+00 -8.885527E-01  3.751917E+00
     32602  2.363213E+00 -6.102282E-01  3.860098E+00
     32603  2.582087E+00 -1.367591E+00  3.986080E+00
     32604  2.014106E+00 -8.894253E-01  3.877528E+00
     32605  2.356666E+00 -1.169637E+00  3.824884E+00
     32606  1.689050E+00 -1.375412E+00  4.116992E+00
     32607  1.855169E+00 -7.673401E-01  3.898741E+00
     32608  1.335219E+00 -5.988523E-01  3.913386E+00
     32609  1.464655E+00 -1.382977E+00  3.766026E+00
     32610  8.390696E-01 -1.093246E+00  3.851644E+00
     32611  1.067107E+00 -1.147517E+00  3.573548E+00
     32612  4.439183E-01 -1.085727E+00  3.857263E+00
     32613  7.072182E-01 -1.051307E+00  3.304737E+00
     32614  1.284655E-01 -9.657967E-01  3.509322E+00
     32615  4.311155E-01 -1.006584E+00  3.196529E+00
     32616 -6.006802E-02 -9.655008E-01  3.311679E+00
     32617 -4.897041E-01 -9.735303E-01  3.257340E+00
     32618  1.682067E-02 -8.682352E-01  3.381260E+00
     32619 -2.178278E-01 -8.610995E-01  3.567998E+00
     32620 -7.562351E-01 -9.488653E-01  3.423385E+00
     32621 -1.081767E+00 -9.640301E-01  3.598365E+00
     32622 -5.367391E-01 -8.120801E-01  3.764485E+00
     32623 -1.490873E+00 -7.988200E-01  3.827171E+00
     32624 -9.776144E-01 -6.277276E-01  3.937660E+00
     32625 -1.974582E+00 -7.454118E-01  3.905179E+00
     32626 -1.407308E+00 -6.052180E-01  4.030466E+00
     32627 -2.410714E+00 -8.573791E-01  3.995792E+00
     32628 -1.837091E+00 -6.913811E-01  4.226821E+00
     32629 -2.920800E+00 -1.080769E+00  4.052273E+00
     32630 -2.254241E+00 -7.603948E-01  4.026931E+00
     32631 -3.204866E+00 -6.359434E-01  4.120688E+00
     32632 -2.821776E+00 -5.209833E-01  4.113851E+00
     32633 -3.058701E+00 -7.196927E-01  3.724893E+00
     32634 -3.717327E+00 -1.062090E+00  3.758416E+00
     32635 -4.030503E+00 -8.653656E-01  3.628042E+00
     32636 -3.519605E+00 -5.186054E-01  3.431656E+00
     32637 -4.458532E+00 -7.806613E-01  3.269892E+00
     32638 -4.004464E+00 -4.235536E-01  3.061790E+00
     32639 -4.732440E+00 -4.111843E-01  2.685585E+00
     32640 -4.981061E+00 -7.204621E-01  2.940366E+00
     32641 -5.825398E+00 -8.377083E-01  2.429034E+00
     32642 -5.716280E+00 -6.079694E-01  1.989374E+00
     32643 -7.036360E+00 -1.049631E+00  9.607753E-01
     32644 -6.965330E+00 -1.103343E+00  1.612125E+00
     32645 -7.838247E+00 -1.522070E+00  4.118493E-01
     32646 -8.380370E+00 -1.732625E+00  3.873745E-01
     32647 -7.320302E+00 -3.159656E+00 -2.339849E+00
     32648 -9.855887E+00 -2.649569E+00 -1.166801E+00
     32649 -6.866987E+00 -2.221718E+00 -5.760908E+00
     32650 -6.285981E+00 -2.160119E+00 -4.763741E+00
     32651 -5.021211E+00 -1.177747E+00  1.659884E+00
     32652 -7.390002E+00 -3.336382E+00 -8.952278E+00
     32653 -7.283660E+00 -3.035536E+00 -7.530636E+00
     32654 -4.279309E+00 -2.977532E+00 -1.377507E+00
     32655 -5.587514E+00 -1.523154E+00  2.741173E+00
     32656 -4.948634E+00 -1.639097E+00  1.649481E+00
     32657 -7.747476E+00 -3.399890E+00 -1.284304E+01
     32658 -7.280609E+00 -3.930575E+00 -1.153441E+01
     32659 -5.730607E+00 -7.011750E+00 -1.555729E+00
     32660 -4.890798E+00 -2.224023E+00  5.014849E+00
     32661 -4.912618E+00 -2.579770E+00  2.698454E+00
     32662 -5.023016E+00 -7.367927E+00 -4.038775E+00
     32663 -4.100766E+00 -2.933342E+00  5.688259E+00
     33308  5.983443E-01 -4.902852E-01  5.314316E-01
     33309 -2.997552E-01  1.392611E+00  8.902362E-01
     33310  2.898067E+00  2.211221E+00 -1.885991E+00
     33311  1.127788E+00  4.607426E-01 -1.361573E+00
     33312  2.650320E+00  3.014622E+00 -2.034198E+01
     33313  1.013179E+00  1.537198E+00 -4.296655E+01
     33314  2.149398E+00  1.530779E+00 -8.066564E+00
     33315  1.873815E+00  1.492331E+00 -1.733234E+01
     33316  1.418536E+00  3.823053E-01 -1.547542E+01
     33317 -6.989187E-01  2.457079E+00 -5.283505E+01
     33318 -1.989514E+00  2.646096E+00  3.489039E+01
     33319 -4.135052E+00  3.083639E+00  1.258763E+01
     33320  1.043025E+00  2.557305E+00 -8.173045E-01
     33321 -3.813605E-01  4.797093E+00 -1.162888E+01
     33322  4.285362E+00  1.862584E-01  1.109990E+01
     33323 -3.144019E+00  1.213624E+00 -2.718642E+01
     33324  6.070086E-01  7.682231E+00  1.017990E+02
     33325  1.280092E+00  8.645577E+00  9.481098E+01
     33326 -4.535856E+00  2.486113E+00  6.853682E+01
     33327  5.161543E+00  4.636688E+00  7.480140E+01
     33328 -2.039133E+00  6.978226E+00  4.779066E+01
     33329 -3.112723E+00  4.303455E+00  3.244274E+01
     33606 -5.528117E-01 -4.429298E-01  4.826271E-01
     33607  2.361081E-01  1.253820E+00  7.864838E-01
     33608 -2.658006E+00  2.036154E+00 -1.707263E+00
     33609 -1.194301E+00  4.157617E-01 -1.328268E+00
     33610 -9.613306E-01  1.367416E+00 -3.860017E+01
     33611 -2.406428E+00  2.724881E+00 -1.829896E+01
     33612 -1.743493E+00  1.376358E+00 -1.554628E+01
     33613 -1.994326E+00  1.401782E+00 -7.130177E+00
     33614 -1.330916E+00  3.759888E-01 -1.375145E+01
     33615  6.194173E-01  2.177148E+00 -4.712329E+01
     33616 -9.421995E-01  2.318209E+00 -3.120496E-01
     33617  3.895435E-01  4.320452E+00 -1.019119E+01
     33618 -3.812752E+00  1.915708E-01  1.072203E+01
     33619  3.909411E+00  2.894897E+00  1.145774E+01
     33620  1.865430E+00  2.489782E+00  3.152902E+01
     33621  2.832953E+00  1.065279E+00 -2.393928E+01
     33622 -9.863472E-01  7.853185E+00  8.565993E+01
     33623 -4.361142E-01  6.985712E+00  9.273431E+01
     33624 -4.587931E+00  4.228767E+00  6.839509E+01
     33625  4.230968E+00  2.177354E+00  6.178052E+01
     33626  2.937306E+00  3.888188E+00  2.993532E+01
     33627  2.132739E+00  6.363403E+00  4.340858E+01

 total force (fx,fy,fz) for set FEET and time  0.2000000E+01

        8.738077E-10  3.910824E-09  2.400000E+03

                        S T E P       3


                                INCREMENT     1


 displacements (vx,vy,vz) for set TOP and time  0.3000000E+01

     17692 -2.830046E-02  5.914845E-01 -5.512079E-01
     17737 -1.612045E-02  7.482576E-01 -6.625761E-01
     18174 -1.057257E-03  8.159108E-01 -7.137509E-01
     21602  1.129225E-02  7.907787E-01 -6.927263E-01
     22791  2.532784E-02  5.717600E-01 -5.275103E-01

 forces (fx,fy,fz) for set FEET and time  0.3000000E+01

       151 -3.609191E-01 -4.516934E-02 -2.106019E+00
       155  5.443788E-01  8.628812E+00 -4.754811E+00
       156 -3.583600E-03  7.409118E-03 -5.778952E-01
       160  1.620884E-02  1.336816E+00 -5.038036E-02
       161  4.026384E-01  1.229955E-02 -1.459609E+00
       165 -4.405857E-01  7.564040E+00 -3.067129E+00
       194  2.793249E+01  1.666698E+01  3.118965E+01
       195 -1.980371E-01  4.856077E-02  7.497033E-01
       196  1.358136E+00  2.071509E+00  5.889846E-02
       197 -2.603814E+01  1.146652E+01  2.510716E+01
       221 -1.286888E+00  1.964330E+00  4.248509E-02
       222  2.373191E+01  1.024961E+01  2.266451E+01
       225  1.239004E-01 -3.689373E-02  7.202829E-01
       226 -2.573261E+01  1.552892E+01  2.891731E+01
       234  7.476353E-01 -3.148837E-01  5.345749E-01
       236 -7.177292E-01 -2.818365E-01  4.698952E-01
       242 -4.437844E+00  3.131576E+00 -3.735985E+00
       245 -5.809387E+00  4.551695E+00  4.563712E+00
       246  4.877129E+00  3.542316E+00  3.555235E+00
       253  3.966600E+00  2.777879E+00 -3.315417E+00
       254 -4.494307E+00  3.289988E+00  3.317815E+00
       255  5.272541E+00  4.103925E+00  4.112863E+00
      2448  1.736174E+00 -2.422912E+00 -1.920351E+01
      2464 -1.554141E-02 -9.096099E-01 -2.989874E+00
      2473  3.304646E-01  2.445702E-01 -9.121012E-01
      2474  1.103969E-01  1.004283E+00 -5.890357E-01
      2475  9.796966E-02  5.776418E-01 -1.296259E-01
      2476  1.702648E-01  3.492192E-01 -4.394752E-01
      2477  2.796052E-01  1.227011E-01 -4.520984E-01
      2478  9.111995E-02 -6.071094E-02 -2.507138E-03
      2479  8.436363E-02 -4.549299E-02 -9.980665E-02
      2480  1.749093E-02 -3.523271E-02 -1.289545E-01
      2481  1.038976E-02 -2.981138E-02 -2.243533E-01
      2482  1.355705E-02 -1.419069E-02 -2.214999E-01
      2483  3.090663E-02 -2.681731E-02 -4.898210E-01
      2484  3.354051E-02 -4.252610E-03 -4.591678E-01
      2485  7.940713E-02  2.961438E-01 -3.906405E-01
      2486  2.215902E-02 -1.488362E-02 -6.730970E-01
      2487  2.495474E-02  2.057468E-02 -4.583914E-01
      2488 -7.541711E-03 -2.074686E-02 -4.827357E-01
      2489  2.501197E-02 -1.173826E-02 -3.938630E-01
      2490  6.566214E-04 -2.119475E-02 -6.256118E-01
      2491 -1.555959E-02 -1.145003E-02 -5.399749E-01
      2492  3.500699E-04  1.339073E-01 -7.003697E-01
      2493  4.243294E+00 -1.059140E+00 -2.121108E+01
      2494  4.948325E+00 -1.301571E+00 -1.531973E+01
      2495  5.086020E+00 -1.112690E+00 -1.072237E+01
      2496  4.462956E+00 -8.098676E-01 -6.231947E+00
      2497  5.301716E+00 -9.169286E-01 -4.680631E+00
      2498  4.187668E+00 -6.067986E-01 -2.590626E+00
      2499  3.133496E+00 -3.589902E-01 -1.124776E+00
      2500  2.446877E+00 -2.608442E-01 -6.191431E-01
      2501  1.910033E+00 -2.344804E-01 -5.426195E-01
      2502  1.555189E+00 -2.610613E-01 -7.310774E-01
      2503  1.300697E+00 -4.142201E-01 -1.078542E+00
      2504  1.219709E+00 -4.539464E-01 -1.301012E+00
      2505  1.148201E+00 -3.808603E-01 -1.425996E+00
      2506  9.629673E-01 -3.883796E-01 -1.501481E+00
      2507  9.322429E-01 -4.561781E-01 -1.513457E+00
      2508  7.355965E-01 -3.306976E-01 -1.467900E+00
      2509  5.008216E-01 -6.926249E-01 -1.609953E+00
      2510  2.873690E-01 -5.498057E-01 -1.706804E+00
      2511  1.605974E-01 -5.162730E-01 -1.878286E+00
      2512  6.392095E-02 -4.606876E-01 -2.057919E+00
      2513  2.101216E-02 -4.542170E-01 -2.209592E+00
      2637  1.419544E-01  7.694529E+00 -2.838733E+00
      2638  1.634334E-01  5.247332E+00 -1.822902E+00
      2639  1.108510E-01  3.072895E+00 -5.565444E-01
      2640  6.781708E-03  1.808519E+00 -2.618985E-01
      2641  2.601812E-02  9.184989E-01 -1.981777E-01
      2642  6.762893E-02  5.546100E-01  6.876972E-02
      2643  2.043871E-02  4.369142E-01  7.273814E-02
      2644  2.706414E-02  4.837286E-01  9.001492E-02
      2645  2.638824E-03  5.942231E-01  7.177749E-02
      2646  1.179265E-02  8.587092E-01  9.084158E-02
      2647  2.344932E-02  1.167244E+00 -1.069849E-01
      2648  3.207065E-03  1.152433E+00 -1.526685E-02
      2649 -3.588835E-02  7.386621E-01 -1.125085E-01
      2650  1.637577E-01  1.977113E+00 -1.837535E-01
      2651  1.320026E-02  1.034336E+00 -3.613654E-03
      2652  5.254055E-02  1.227624E+00  8.557943E-03
      2653 -1.257751E-02  1.691311E+00  1.284053E-01
      2654 -5.194750E-03  1.330146E+00 -1.577011E-01
      2655  2.592164E-03  1.309233E+00 -4.461134E-02
      2656 -1.227657E-01  1.349348E+00  1.845238E-02
      2657  2.710790E+00  1.003801E+01 -1.883548E+01
      2658  3.120388E+00  7.344040E+00 -1.368173E+01
      2659  3.255510E+00  5.074611E+00 -9.168216E+00
      2660  3.006478E+00  2.888597E+00 -5.854162E+00
      2661  2.191268E+00  1.276741E+00 -3.043516E+00
      2662  1.702692E+00  7.964800E-01 -1.220722E+00
      2663  1.255395E+00  3.679476E-01 -5.295658E-01
      2664  8.888186E-01  3.555725E-01 -2.679002E-01
      2665  6.691392E-01  3.945302E-01 -3.657472E-01
      2666  5.511986E-01  5.442890E-01 -5.960046E-01
      2667  5.325359E-01  9.647298E-01 -7.463848E-01
      2668  4.473523E-01  1.078280E+00 -1.002157E+00
      2669  4.391420E-01  9.503721E-01 -1.200637E+00
      2670  4.378631E-01  7.798971E-01 -1.170641E+00
      2671  2.871048E-01  1.050892E+00 -1.147245E+00
      2672  2.612057E-01  7.811191E-01 -1.266106E+00
      2673  2.291434E-01  1.591179E+00 -1.040168E+00
      2674  1.098230E-01  1.212826E+00 -1.248645E+00
      2675  2.415587E-02  1.192433E+00 -1.431542E+00
      2676  1.037576E-02  1.116246E+00 -1.605123E+00
      2677  3.249614E-03  1.098580E+00 -1.686524E+00
      2685 -1.799106E+00 -1.960770E+00 -1.906735E+01
      2694 -1.976384E-02  1.347204E-01 -6.737185E-01
      2695 -3.842850E-03 -6.359475E-03 -5.144942E-01
      2696 -4.199717E-05 -7.153468E-03 -3.937210E-01
      2697  1.081686E-02 -1.607655E-02 -5.132951E-01
      2698 -3.861382E-03 -9.689047E-03 -4.879649E-01
      2699 -2.305282E-02 -1.140131E-02 -4.821808E-01
      2700 -5.610296E-02 -3.160865E-02 -6.130652E-01
      2701 -3.128894E-02 -3.718966E-03 -3.508352E-01
      2702 -5.944882E-02 -1.196732E-02 -5.525415E-01
      2703 -3.553800E-02 -1.617943E-02 -3.079495E-01
      2704 -4.935423E-02 -2.844216E-02 -4.073522E-01
      2705 -5.605811E-02 -3.460652E-02 -2.176986E-01
      2706 -3.798699E-02 -3.448806E-02 -1.122900E-01
      2707 -8.594257E-02 -4.281367E-02 -1.480985E-01
      2708 -1.252920E-01 -3.006052E-02 -1.303067E-01
      2709 -2.195623E-01 -1.357923E-01 -4.549774E-01
      2710 -2.599281E-02  2.857746E-01  2.377978E-02
      2711 -3.730711E-01  7.470936E-02 -7.998413E-01
      2712 -1.461597E-01  9.273653E-01 -1.265288E+00
      2713 -2.123339E-01  3.254634E-01 -1.686225E+00
      2714  1.270207E-02 -4.557961E-01 -2.274612E+00
      2715 -3.058815E-02 -4.985051E-01 -2.124862E+00
      2716 -1.063404E-01 -4.695300E-01 -1.893120E+00
      2717 -2.991524E-01 -5.257002E-01 -1.668759E+00
      2718 -4.991385E-01 -4.439294E-01 -1.458970E+00
      2719 -7.272965E-01 -4.465086E-01 -1.337042E+00
      2720 -9.482271E-01 -4.835624E-01 -1.288336E+00
      2721 -1.091027E+00 -6.138240E-01 -1.331423E+00
      2722 -1.335536E+00 -2.291403E-01 -1.199632E+00
      2723 -1.416964E+00 -5.325043E-01 -1.253783E+00
      2724 -1.592656E+00 -3.673271E-01 -1.062821E+00
      2725 -1.747573E+00 -3.283930E-01 -9.452433E-01
      2726 -2.033464E+00 -2.642664E-01 -8.139883E-01
      2727 -2.525529E+00 -2.809529E-01 -8.544538E-01
      2728 -3.132063E+00 -3.442399E-01 -1.273791E+00
      2729 -4.078186E+00 -5.392263E-01 -2.391711E+00
      2730 -5.041164E+00 -9.161852E-01 -4.406565E+00
      2731 -4.404940E+00 -6.258645E-01 -6.121474E+00
      2732 -4.763179E+00 -1.063653E+00 -9.222637E+00
      2733 -4.689764E+00 -1.324092E+00 -1.333320E+01
      2734 -4.080351E+00 -1.324001E+00 -1.854763E+01
      2858  1.515494E-01  1.345146E+00 -3.653364E-02
      2859  2.932376E-02  1.299225E+00 -6.548528E-02
      2860  9.620705E-03  1.315542E+00  1.054085E-01
      2861 -2.061925E-02  1.298282E+00  5.521947E-03
      2862 -1.792628E-02  1.226912E+00  2.972456E-02
      2863 -1.840135E-02  1.238820E+00  2.966255E-02
      2864 -4.825928E-03  1.553198E+00 -9.812513E-02
      2865  4.018183E-03  1.117097E+00  1.485667E-01
      2866 -2.978463E-03  1.077964E+00 -7.113014E-02
      2867 -4.900004E-02  1.289575E+00  9.842713E-02
      2868 -1.080475E-02  9.110009E-01 -6.709981E-02
      2869  1.587632E-02  7.243383E-01  2.809056E-02
      2870  4.751440E-04  5.660617E-01  9.911899E-02
      2871 -1.668100E-02  4.919632E-01  2.928108E-02
      2872  2.371785E-02  5.719243E-01  5.388196E-02
      2873 -3.661562E-02  9.082095E-01 -4.310062E-02
      2874 -5.682190E-02  1.617216E+00 -2.144241E-01
      2875 -1.738330E-01  3.064201E+00 -1.147610E+00
      2876 -7.054041E-02  4.807382E+00 -1.295176E+00
      2877 -3.292990E-02  7.003847E+00 -2.104826E+00
      2878 -1.768318E-02  1.153899E+00 -1.658145E+00
      2879 -3.667848E-02  1.134114E+00 -1.586699E+00
      2880 -4.135135E-02  1.118710E+00 -1.466398E+00
      2881 -8.743969E-02  1.206207E+00 -1.295908E+00
      2882 -1.700085E-01  1.016528E+00 -1.212966E+00
      2883 -2.516608E-01  1.017514E+00 -1.114115E+00
      2884 -3.313278E-01  1.092647E+00 -1.063475E+00
      2885 -5.342451E-01  1.366734E+00 -9.170266E-01
      2886 -4.648635E-01  7.039475E-01 -1.106549E+00
      2887 -5.523828E-01  1.240919E+00 -8.259782E-01
      2888 -6.007283E-01  8.614452E-01 -8.584641E-01
      2889 -6.882578E-01  7.144592E-01 -6.621913E-01
      2890 -7.731322E-01  4.844888E-01 -5.288322E-01
      2891 -9.286914E-01  4.540240E-01 -4.522197E-01
      2892 -1.236989E+00  4.129341E-01 -6.660787E-01
      2893 -1.687949E+00  6.924519E-01 -1.365371E+00
      2894 -2.238250E+00  1.388152E+00 -2.831700E+00
      2895 -2.662967E+00  2.719269E+00 -4.917288E+00
      2896 -3.130101E+00  4.543254E+00 -8.847576E+00
      2897 -2.998915E+00  6.506141E+00 -1.305545E+01
      2898 -2.537625E+00  9.013535E+00 -1.796508E+01
      3382  5.229325E+00 -2.215445E+00  5.029908E+00
      3383  1.176912E+01 -1.419311E+00  6.079892E+00
      3384  2.304700E+01  4.388108E-01  1.058880E+01
      3385 -2.995968E-01 -1.180560E+00 -2.280908E+00
      3386  8.472435E+00 -4.903703E+00  1.617991E+01
      3387  2.259515E+01 -6.620167E+00  4.021371E+01
      3388  4.582296E+01 -7.425218E+00  7.067559E+01
      3489 -1.558354E+00  2.247127E+00 -4.509968E+00
      3490 -4.930193E+00  3.199007E+01  1.213728E+02
      3491  3.210172E+00 -2.386181E+00 -5.433958E+00
      3492  5.619122E-01 -4.026971E-01 -4.378641E+00
      3493 -1.088323E+01  2.276536E-01  1.064244E-04
      3494  7.240856E+00  1.654362E+00 -1.452414E+01
      3495  2.161111E+00 -4.191448E+00 -4.131621E+00
      3496 -9.500784E+00 -6.870575E+00  1.780373E+01
      3497 -3.344213E+01 -9.248858E+00  5.505484E+01
      3995 -2.868654E+00 -2.405561E+00 -5.294108E+00
      3996 -1.001259E+00 -3.561561E-01 -4.583000E+00
      3997  9.497358E+00  1.660105E-01 -5.282623E-01
      3998 -6.922752E+00  1.697984E+00 -1.368568E+01
      3999 -2.397367E+00 -3.808140E+00 -4.566004E+00
      4000  8.195641E+00 -6.309061E+00  1.538743E+01
      4001  3.015777E+01 -8.530971E+00  4.972339E+01
      4107  1.571902E+00  2.005939E+00 -4.064733E+00
      4108  4.964670E+00  2.931097E+01  1.112431E+02
      4109 -5.442639E+00 -2.005601E+00  4.931663E+00
      4110 -1.135418E+01 -1.360377E+00  5.994653E+00
      4111 -2.170829E+01  4.361186E-01  1.016737E+01
      4112 -1.649520E-01 -1.292640E+00 -1.556309E+00
      4113 -8.238494E+00 -4.539624E+00  1.576206E+01
      4114 -2.129123E+01 -6.077657E+00  3.790464E+01
      4115 -4.251919E+01 -6.754357E+00  6.555778E+01
      4536  2.208808E+00 -1.764212E+00 -9.330895E+00
      4539 -2.097529E+00 -1.570807E+00 -8.421558E+00
      4541  1.932988E-02  2.501635E+00  2.793284E+00
      4542  2.480130E-01  2.137201E+00  9.413659E-01
      4543  4.426417E-01  1.062634E+00  3.133138E-01
      4544  3.087158E-01  3.896290E-01  3.880264E-01
      4545  4.240863E-01  1.561238E-02  6.014949E-02
      4546 -6.769296E-03 -9.021193E-02 -9.286868E-02
      4547  1.461112E-02 -2.082455E-02 -9.391624E-05
      4548  1.833289E-02  6.543274E-02  1.575721E-01
      4549  1.763408E-02  1.491928E-01  3.263622E-01
      4550  1.016433E-02  2.283606E-01  4.973540E-01
      4551 -2.048035E-03  2.820114E-01  6.162860E-01
      4552 -8.143647E-03  3.199298E-01  6.948738E-01
      4553 -1.484696E-02  3.428006E-01  7.164425E-01
      4554 -4.490616E-03  3.395802E-01  7.318890E-01
      4555 -1.079703E-02  3.317355E-01  7.143800E-01
      4556 -7.004929E-03  3.390754E-01  7.410606E-01
      4557 -2.627072E-03  3.359308E-01  7.303786E-01
      4558  1.424100E-03  3.387398E-01  7.532166E-01
      4559  5.540017E-03  3.515654E-01  7.855168E-01
      4560  3.082847E-04  3.693909E-01  8.160730E-01
      4561  1.786479E-03  3.716854E-01  8.239345E-01
      4562 -1.710527E-03  3.582213E-01  8.053524E-01
      4563 -2.349955E-03  3.553782E-01  7.907180E-01
      4564  2.280662E-03  3.506462E-01  7.752166E-01
      4565  4.021451E-03  3.470652E-01  7.581442E-01
      4566  7.169658E-03  3.387258E-01  7.408790E-01
      4567  1.148251E-02  3.494199E-01  7.548818E-01
      4568  1.208140E-02  3.394429E-01  7.456930E-01
      4569 -6.160822E-04  3.382116E-01  7.128844E-01
      4570  6.374597E-03  2.896482E-01  6.376333E-01
      4571 -3.970824E-03  2.451825E-01  5.311839E-01
      4572 -8.099229E-03  1.696953E-01  3.824506E-01
      4573 -1.373456E-02  9.267468E-02  2.237392E-01
      4574 -9.424176E-03  7.489938E-03  6.503016E-02
      4575  6.272382E-03 -6.204882E-02 -4.147137E-02
      4576 -5.569948E-02 -8.932163E-02 -6.738741E-03
      4577 -3.393397E-01  3.345345E-01  3.597122E-01
      4578 -1.176782E-01  5.434140E-01  4.668664E-01
      4579 -2.769167E-01  1.925346E+00  8.690149E-01
      4580 -1.221885E-02  2.276610E+00  2.560415E+00
      4581  2.063733E+00  2.266632E-01  1.356984E+00
      4582  1.233745E+00  7.100456E-01  2.580510E+00
      4583  1.336565E+00  1.028833E-01  1.024763E+00
      4584  1.366331E+00 -2.673850E-01 -5.842356E-02
      4585  2.573532E+00 -7.449731E-01 -1.024561E+00
      4586  2.234836E+00 -5.341033E-01 -8.167723E-01
      4587  1.822898E+00 -2.532591E-01 -3.437573E-01
      4588  1.466012E+00 -2.542683E-02  1.377487E-01
      4589  1.194756E+00  1.458769E-01  5.554298E-01
      4590  1.008313E+00  2.783827E-01  9.218884E-01
      4591  8.710769E-01  3.640682E-01  1.210420E+00
      4592  7.801481E-01  4.196698E-01  1.383847E+00
      4593  6.844300E-01  4.334677E-01  1.479362E+00
      4594  5.920037E-01  3.979510E-01  1.528153E+00
      4595  4.923757E-01  4.728401E-01  1.548717E+00
      4596  3.756546E-01  4.574260E-01  1.534015E+00
      4597  2.560327E-01  4.209192E-01  1.517097E+00
      4598  1.534799E-01  4.096560E-01  1.453103E+00
      4599  8.253927E-02  3.886211E-01  1.420108E+00
      4600  3.764438E-02  3.883415E-01  1.425644E+00
      4601  7.737110E-03  3.683715E-01  1.452010E+00
      4602 -2.356794E-02  4.045799E-01  1.463003E+00
      4603 -6.172965E-02  4.270835E-01  1.505500E+00
      4604 -1.398519E-01  4.564513E-01  1.564110E+00
      4605 -2.452007E-01  4.968482E-01  1.625118E+00
      4606 -3.770950E-01  5.252677E-01  1.662264E+00
      4607 -4.988944E-01  5.412988E-01  1.698384E+00
      4608 -6.446565E-01  5.432969E-01  1.729315E+00
      4609 -7.546387E-01  5.375462E-01  1.673672E+00
      4610 -9.090468E-01  4.661773E-01  1.523011E+00
      4611 -1.007445E+00  4.036751E-01  1.313585E+00
      4612 -1.142630E+00  3.008358E-01  1.007258E+00
      4613 -1.300673E+00  1.650478E-01  6.360450E-01
      4614 -1.536154E+00 -1.403273E-02  2.052556E-01
      4615 -1.845696E+00 -2.315821E-01 -2.682510E-01
      4616 -2.220473E+00 -4.914905E-01 -7.101837E-01
      4617 -2.594093E+00 -6.619565E-01 -8.701394E-01
      4618 -1.339769E+00 -2.625214E-01 -8.175327E-02
      4619 -1.344707E+00  1.033206E-01  9.348549E-01
      4620 -1.202061E+00  6.468929E-01  2.338895E+00
      4621 -1.969508E+00  2.223168E-01  1.239574E+00
      4871 -2.078939E-01  7.859873E+00 -1.638104E+01
      4890 -1.329714E-01  9.830020E+00  2.315394E+01
      4902 -3.035301E+00 -7.792353E-01  1.655218E+00
      4903 -1.097785E+01 -1.343640E+00  1.883155E+01
      4904 -1.600722E+00 -1.576916E+00  3.739828E+00
      4905  2.753221E+00 -2.894578E-01  2.735590E-01
      4906 -2.392946E+00 -2.855740E-01 -6.549556E-01
      4907  7.679998E+00 -7.307627E-01  1.527659E+01
      4908  8.315046E-01 -1.825064E+00  1.530220E+00
      4909 -6.732981E+00 -8.614105E-01 -1.313320E+01
      4939  1.739346E-01  7.066494E+00 -1.473028E+01
      4958  1.520875E-01  9.005134E+00  2.118779E+01
      4970 -2.650376E+00 -2.774161E-01  3.948688E-01
      4971  2.037382E+00 -2.596065E-01 -4.512964E-01
      4972 -7.171122E+00 -6.477925E-01  1.426047E+01
      4973 -9.614895E-01 -1.640271E+00  1.746463E+00
      4974  5.892644E+00 -7.718350E-01 -1.153338E+01
      4975  2.679225E+00 -6.833518E-01  1.418413E+00
      4976  9.908227E+00 -1.203692E+00  1.700119E+01
      4977  1.448809E+00 -1.400269E+00  3.359126E+00
     24218  4.422572E+00 -8.331911E-01 -2.878909E+01
     24219  5.368138E+00 -3.763542E+00 -2.410762E+01
     24220 -2.285373E-02 -3.843981E-01 -2.984400E+00
     24221  7.394964E-02 -1.113583E+00 -2.748833E+00
     24222  5.546917E+00 -1.223293E+00 -2.117473E+01
     24223  5.924964E+00 -2.355315E+00 -1.769770E+01
     24224  5.653631E+00 -7.923584E-01 -1.440713E+01
     24225  5.006588E+00 -3.604834E-01 -8.722392E+00
     24226  4.758451E+00 -8.337320E-01 -6.339560E+00
     24227  5.766658E+00 -1.321454E+00 -1.197415E+01
     24228  3.662948E+00 -5.344892E-01 -3.158311E+00
     24229  4.108412E+00 -1.847438E-01 -4.711055E+00
     24230  3.062132E+00 -2.520296E-01 -2.279478E+00
     24231  2.041924E+00 -3.516322E-01 -7.800473E-01
     24232  2.285642E+00 -1.856843E-01 -1.083953E+00
     24233  2.837482E+00 -3.241043E-01 -1.655004E+00
     24234  1.681660E+00 -2.493107E-01 -7.286520E-01
     24235  1.301595E+00 -2.526554E-01 -8.286650E-01
     24236  1.571476E+00 -4.128073E-01 -7.233191E-01
     24237  1.052098E+00 -2.855736E-01 -1.169233E+00
     24238  1.229720E+00 -5.086633E-01 -9.553904E-01
     24239  9.078339E-01 -4.323729E-01 -1.641939E+00
     24240  9.143840E-01 -8.097869E-01 -1.613782E+00
     24241  1.011022E+00 -6.640656E-01 -1.536476E+00
     24242  8.387510E-01 -4.644057E-01 -1.981433E+00
     24243  8.800808E-01 -8.406315E-01 -2.037613E+00
     24244  8.056001E-01 -3.826645E-01 -2.136511E+00
     24245  6.743358E-01 -4.130295E-01 -2.150552E+00
     24246  7.142606E-01 -8.984703E-01 -2.067905E+00
     24247  8.128427E-01 -7.464862E-01 -2.160145E+00
     24248  6.430666E-01 -5.509844E-01 -2.273035E+00
     24249  6.342994E-01 -8.483622E-01 -2.190029E+00
     24250  5.041062E-01 -3.328831E-01 -2.184603E+00
     24251  3.889198E-01 -9.390931E-01 -2.253010E+00
     24252  3.284479E-01 -7.343306E-01 -2.477413E+00
     24253  2.236794E-01 -5.351275E-01 -2.439442E+00
     24254  1.583850E-01 -9.563899E-01 -2.254519E+00
     24255  3.329066E-01 -1.085184E+00 -2.670727E+00
     24256  8.093268E-02 -4.813280E-01 -2.623569E+00
     24257  6.174413E-02 -9.245270E-01 -2.675601E+00
     24258  2.513529E-02 -4.610682E-01 -2.857022E+00
     25138  4.720644E-03 -4.331345E-01 -2.977052E+00
     25139 -8.499324E-02 -1.118170E+00 -2.752589E+00
     25140 -4.133933E+00 -2.862415E-01 -2.604990E+01
     25141 -5.293587E+00 -3.506156E+00 -2.157789E+01
     25142 -2.670059E-02 -4.474743E-01 -2.876452E+00
     25143 -6.011933E-02 -9.311061E-01 -2.716672E+00
     25144 -9.333351E-02 -4.547639E-01 -2.642346E+00
     25145 -2.560012E-01 -9.826755E-01 -2.332916E+00
     25146 -1.839280E-01 -5.275666E-01 -2.491577E+00
     25147 -1.509955E-01 -9.769579E-01 -2.783832E+00
     25148 -4.410865E-01 -9.629574E-01 -2.172491E+00
     25149 -3.270344E-01 -4.614371E-01 -2.263469E+00
     25150 -4.928551E-01 -4.884273E-01 -2.160840E+00
     25151 -6.197114E-01 -9.788031E-01 -2.099838E+00
     25152 -8.029767E-01 -1.049341E+00 -1.890161E+00
     25153 -6.590624E-01 -5.177916E-01 -2.116704E+00
     25154 -7.923476E-01 -6.363386E-01 -2.219470E+00
     25155 -1.100135E+00 -8.260917E-01 -1.712629E+00
     25156 -9.075437E-01 -2.665835E-01 -1.923563E+00
     25157 -8.379378E-01 -9.115375E-01 -2.265498E+00
     25158 -1.013198E+00 -5.907221E-01 -2.018897E+00
     25159 -1.095714E+00 -4.029699E-01 -1.668081E+00
     25160 -1.216939E+00 -6.884537E-01 -1.359061E+00
     25161 -1.097485E+00 -8.879698E-01 -2.020454E+00
     25162 -1.233418E+00 -3.408717E-01 -1.402516E+00
     25163 -1.439815E+00 -2.463828E-01 -1.096284E+00
     25164 -1.380860E+00 -5.727379E-01 -1.253775E+00
     25165 -1.741146E+00 -2.583011E-01 -9.972021E-01
     25166 -2.066717E+00 -3.694789E-01 -9.920520E-01
     25167 -1.682106E+00 -4.503996E-01 -1.107922E+00
     25168 -2.280787E+00 -1.757739E-01 -1.256515E+00
     25169 -2.725278E+00 -3.643558E-01 -1.648562E+00
     25170 -3.002595E+00 -1.550673E-01 -2.265848E+00
     25171 -3.530299E+00 -4.382109E-01 -3.150039E+00
     25172 -3.874677E+00 -2.144103E-01 -4.424605E+00
     25173 -4.729558E+00 -6.192879E-01 -7.997324E+00
     25174 -5.215899E+00 -1.462389E+00 -9.661540E+00
     25175 -4.584542E+00 -7.324400E-01 -6.339373E+00
     25176 -5.327604E+00 -5.922914E-01 -1.319271E+01
     25177 -5.645386E+00 -2.194763E+00 -1.572458E+01
     25178 -5.195880E+00 -7.506706E-01 -1.929307E+01
     27517  7.768801E-01 -1.765661E-01 -2.414336E-02
     27518  2.039937E-01  2.432745E+00  3.790459E+00
     27519 -1.071876E+00  4.863623E+00  1.154845E-01
     27520 -2.215813E+00  3.368319E+00  5.000446E-01
     27521 -4.892201E+00 -2.272822E+01  1.117783E+02
     27522 -4.097170E+00 -2.399664E+01  1.009153E+02
     27523  7.079916E-01 -1.311796E+01  8.637481E+01
     27524 -1.634481E+00  1.785379E+00 -1.660877E+01
     27525 -2.876975E+00 -1.691477E-01 -5.512196E+00
     27526 -6.673548E+00 -5.076962E+00 -7.639132E+00
     27527  1.414314E+00  7.013344E-01 -1.554685E+01
     27528 -9.768227E+00 -1.693064E+01  7.805957E+01
     27529 -1.854407E+00 -6.645901E+00  1.189271E+01
     27530 -3.738943E+00 -9.197322E+00  2.232842E+01
     27531 -3.261614E+00 -5.429798E+00 -3.660175E+00
     27532 -2.897858E+00 -7.120310E+00 -4.136789E+00
     27533 -1.690567E-01 -1.045678E+01  4.159729E+01
     27534 -6.128050E+00 -1.557926E+01  5.137031E+01
     27535 -6.111506E+00 -8.611206E+00  2.563654E+01
     27536 -2.560643E+00 -8.414612E+00  7.226967E+00
     27537 -5.564913E+00 -1.271237E+01  2.767147E+01
     27538 -4.689300E+00 -1.264903E+01  6.605061E+01
     27539  2.382382E-01 -1.224415E+01  4.045187E+01
     30230 -7.674414E-01 -1.843825E-01 -1.516556E-02
     30231 -1.114332E-01  2.082244E+00  3.345803E+00
     30232  2.003662E+00  3.115860E+00  4.620375E-01
     30233  8.819372E-01  4.416879E+00  1.174392E-01
     30234  2.921653E+00 -3.656976E-01 -4.383797E+00
     30235  1.688960E+00  1.697917E+00 -1.566352E+01
     30236 -1.328977E+00  9.191277E-01 -1.454770E+01
     30237  4.182317E+00 -2.197920E+01  9.200079E+01
     30238  4.902730E+00 -2.088278E+01  1.030076E+02
     30239  9.300131E+00 -1.568947E+01  7.095721E+01
     30240  6.610915E+00 -4.912846E+00 -6.118080E+00
     30241 -2.890839E-01 -1.178141E+01  7.986515E+01
     30242  2.838231E+00 -6.505814E+00 -4.320612E+00
     30243  2.519498E+00 -7.679849E+00  6.006697E+00
     30244  3.274275E+00 -4.937794E+00 -3.035960E+00
     30245  1.904621E+00 -6.052607E+00  1.170327E+01
     30246  5.331338E+00 -1.173856E+01  2.472195E+01
     30247  1.016866E-01 -1.117731E+01  3.649173E+01
     30248  6.221756E+00 -7.970549E+00  2.380202E+01
     30249  3.614221E+00 -8.522336E+00  2.120094E+01
     30250  4.328992E-01 -9.534907E+00  3.896342E+01
     30251  4.747953E+00 -1.164834E+01  6.074083E+01
     30252  5.943150E+00 -1.445428E+01  4.782117E+01
     32550 -2.788530E-01  2.112980E-01  6.683184E-02
     32551  2.534119E-01  1.915631E-01  4.783555E-02
     32552  2.201825E-02  1.055871E-01  1.520870E-01
     32553 -3.035400E-02  1.104204E-01  1.745142E-01
     32554  6.332298E-02  4.237512E-02  1.542309E-01
     32555 -4.688418E-02  4.852601E-02  1.852162E-01
     32556 -3.869508E-02  9.504498E-03  1.450592E-01
     32557  1.655017E-02 -1.495983E-03  1.220439E-01
     32558  4.307770E+00 -2.733878E+00 -1.375924E+01
     32559  3.772577E+00 -1.933597E+00 -3.715871E+00
     32560  3.717476E+00 -2.420351E+00 -1.033309E+01
     32561  7.808344E-03 -5.667197E-01  1.463978E-01
     32562  5.973389E-02 -5.928539E-01  1.655646E-01
     32563  9.705150E-03 -5.543640E-01  1.685725E-01
     32564 -4.579003E-02 -5.923385E-01  1.733159E-01
     32565 -3.577124E+00 -1.727384E+00 -3.385861E+00
     32566 -4.065760E+00 -2.385931E+00 -1.250158E+01
     32567 -3.574535E+00 -2.176650E+00 -9.395405E+00
     32568  3.860524E+00 -2.340874E+00 -2.895933E-01
     32569 -3.693979E+00 -2.093305E+00 -2.772580E-01
     32570  3.890192E+00 -2.285735E+00 -7.605752E+00
     32571  4.056912E+00 -2.338117E+00 -8.359917E+00
     32572  2.927693E+00 -4.454343E+00 -3.682300E+00
     32573  2.322356E+00 -2.028469E+00  1.094875E+00
     32574  4.015552E+00 -1.749173E+00 -5.486747E+00
     32575  4.164196E+00 -1.954932E+00 -6.060639E+00
     32576  3.486066E+00 -4.554885E+00 -2.071257E+00
     32577  2.951213E+00 -1.777401E+00  5.876662E-01
     32578  2.602592E+00 -1.671954E+00  1.222058E-01
     32579  3.690849E+00 -1.202551E+00 -3.559109E+00
     32580  3.879752E+00 -1.396030E+00 -4.083921E+00
     32581  3.258045E+00 -2.953657E+00 -1.841981E+00
     32582  3.021522E+00 -1.431243E+00 -3.316477E-01
     32583  2.665540E+00 -1.182250E+00 -5.351823E-01
     32584  5.548019E+00 -1.510963E+00 -2.712696E+00
     32585  4.413505E+00 -2.098932E+00 -2.649526E+00
     32586  2.889133E+00 -1.015166E+00 -8.152394E-01
     32587  4.611940E+00 -8.996740E-01 -1.522749E+00
     32588  4.778028E+00 -1.389361E+00 -2.123176E+00
     32589  3.721580E+00 -4.861010E-01 -6.150008E-01
     32590  4.079401E+00 -6.268764E-01 -1.204143E+00
     32591  2.956110E+00 -2.774012E-01 -4.670259E-02
     32592  3.204355E+00 -2.873252E-01 -4.533036E-01
     32593  2.390039E+00 -2.102997E-01  2.628553E-01
     32594  2.532662E+00 -1.546612E-01 -2.549370E-03
     32595  2.007818E+00 -2.290984E-01  4.286793E-01
     32596  2.057821E+00 -1.459691E-01  2.434483E-01
     32597  1.756479E+00 -3.219160E-01  5.099553E-01
     32598  1.734921E+00 -2.146063E-01  3.760974E-01
     32599  1.584625E+00 -3.681698E-01  5.143368E-01
     32600  1.517770E+00 -2.924405E-01  4.518350E-01
     32601  1.436559E+00 -3.599100E-01  5.444565E-01
     32602  1.382592E+00 -2.960944E-01  4.985571E-01
     32603  1.283911E+00 -4.856341E-01  6.018746E-01
     32604  1.219171E+00 -3.791010E-01  5.219233E-01
     32605  1.122663E+00 -4.369669E-01  5.757949E-01
     32606  1.049819E+00 -4.850225E-01  5.999919E-01
     32607  8.806368E-01 -3.555038E-01  5.860829E-01
     32608  8.464097E-01 -3.146973E-01  5.680883E-01
     32609  6.442803E-01 -5.212786E-01  5.147412E-01
     32610  5.921047E-01 -4.457512E-01  5.360958E-01
     32611  4.196348E-01 -4.987526E-01  4.081933E-01
     32612  3.670674E-01 -4.700747E-01  4.891716E-01
     32613  2.339109E-01 -5.157793E-01  2.686237E-01
     32614  1.845364E-01 -4.803896E-01  3.421008E-01
     32615  1.124923E-01 -5.379369E-01  1.767728E-01
     32616  7.072834E-02 -5.168757E-01  2.244784E-01
     32617 -9.568379E-02 -5.316585E-01  2.124599E-01
     32618 -4.536643E-02 -4.912399E-01  2.775456E-01
     32619 -1.637839E-01 -4.477182E-01  4.218668E-01
     32620 -2.132249E-01 -4.903109E-01  3.408713E-01
     32621 -3.909046E-01 -4.489534E-01  4.887782E-01
     32622 -3.434741E-01 -3.928072E-01  5.670751E-01
     32623 -6.228829E-01 -3.681636E-01  6.402503E-01
     32624 -5.834678E-01 -3.103261E-01  6.886827E-01
     32625 -8.924772E-01 -3.254841E-01  7.304251E-01
     32626 -8.363416E-01 -2.792105E-01  7.579031E-01
     32627 -1.151247E+00 -3.347373E-01  7.901650E-01
     32628 -1.090046E+00 -2.857338E-01  8.200110E-01
     32629 -1.422437E+00 -3.801970E-01  8.158341E-01
     32630 -1.333669E+00 -2.968908E-01  7.506295E-01
     32631 -1.621915E+00 -2.623253E-01  8.049374E-01
     32632 -1.599074E+00 -2.286260E-01  7.242018E-01
     32633 -1.775773E+00 -2.801624E-01  5.583237E-01
     32634 -1.858696E+00 -3.612081E-01  6.756016E-01
     32635 -2.042534E+00 -3.081665E-01  5.845677E-01
     32636 -2.009841E+00 -2.230138E-01  4.062453E-01
     32637 -2.274825E+00 -2.780639E-01  4.213395E-01
     32638 -2.290365E+00 -1.988438E-01  2.010958E-01
     32639 -2.701551E+00 -2.186393E-01 -7.380673E-02
     32640 -2.588611E+00 -2.704595E-01  2.137684E-01
     32641 -3.068679E+00 -3.329648E-01 -1.084050E-01
     32642 -3.282261E+00 -3.410510E-01 -5.088820E-01
     32643 -4.069370E+00 -6.396345E-01 -1.187927E+00
     32644 -3.739329E+00 -5.074710E-01 -6.309032E-01
     32645 -4.633515E+00 -1.029965E+00 -1.873490E+00
     32646 -4.690692E+00 -9.074600E-01 -1.537750E+00
     32647 -4.278361E+00 -1.955041E+00 -2.497100E+00
     32648 -5.442302E+00 -1.426679E+00 -2.467355E+00
     32649 -3.861033E+00 -1.197756E+00 -3.813742E+00
     32650 -3.541521E+00 -1.105621E+00 -3.269385E+00
     32651 -2.789589E+00 -9.649742E-01 -7.762523E-01
     32652 -3.961896E+00 -1.795976E+00 -5.548561E+00
     32653 -3.914680E+00 -1.606652E+00 -4.924035E+00
     32654 -2.613550E+00 -1.873841E+00 -1.866467E+00
     32655 -3.030098E+00 -1.226154E+00 -2.618817E-01
     32656 -2.724897E+00 -1.089859E+00 -5.588614E-01
     32657 -3.859596E+00 -2.115882E+00 -7.610268E+00
     32658 -3.721002E+00 -2.116716E+00 -6.955761E+00
     32659 -3.303913E+00 -4.111124E+00 -1.923990E+00
     32660 -2.844349E+00 -1.605601E+00  5.173290E-01
     32661 -2.568757E+00 -1.548293E+00  8.631925E-02
     32662 -2.813759E+00 -4.001976E+00 -3.403187E+00
     32663 -2.281332E+00 -1.869295E+00  9.875952E-01
     33308  2.599836E-01 -9.986968E-02  2.149734E-01
     33309 -1.897208E-01  5.001226E-01  3.501324E-01
     33310  6.545047E-01  4.693455E-01 -4.673645E-01
     33311  1.363786E-01  4.465677E-01 -4.929894E-01
     33312  9.357004E-01  5.253713E-01 -8.907371E+00
     33313  2.932581E-02  2.904170E-01 -1.731934E+01
     33314  1.133069E+00 -1.197312E+00 -5.672047E+00
     33315  8.042837E-01 -6.444957E-01 -8.508794E+00
     33316  4.061226E-01 -9.373893E-01 -7.820985E+00
     33317 -5.919966E-01  3.918113E-01 -2.217679E+01
     33318 -1.134084E-01 -2.595692E+00  9.633261E+00
     33319 -5.775875E-01 -2.613277E+00  1.552289E+00
     33320  8.656804E-01 -1.572465E+00 -4.088957E+00
     33321  2.094823E-01 -2.169490E-02 -6.995523E+00
     33322  2.208376E+00 -2.879956E+00 -1.234177E+00
     33323 -1.250444E+00 -1.060092E+00 -1.357733E+01
     33324  2.193469E-01  9.518324E-01  2.887412E+01
     33325  1.381330E+00  1.014934E+00  2.952378E+01
     33326 -1.073165E+00 -2.239457E+00  2.233201E+01
     33327  1.905995E+00 -1.405078E+00  2.069874E+01
     33328  2.322342E-01 -8.803873E-01  1.360823E+01
     33329 -5.820377E-01 -1.888975E+00  6.897168E+00
     33606 -2.428648E-01 -9.561929E-02  1.988948E-01
     33607  1.545990E-01  4.503799E-01  3.079530E-01
     33608 -6.130534E-01  4.464593E-01 -4.310724E-01
     33609 -2.198955E-01  3.962027E-01 -4.979890E-01
     33610 -6.269299E-02  2.573459E-01 -1.559236E+01
     33611 -8.626295E-01  4.782309E-01 -8.029784E+00
     33612 -7.605479E-01 -5.645324E-01 -7.644934E+00
     33613 -1.057005E+00 -1.062104E+00 -5.050854E+00
     33614 -3.991367E-01 -8.243749E-01 -6.966044E+00
     33615  5.233256E-01  3.441776E-01 -1.979504E+01
     33616 -7.862754E-01 -1.394547E+00 -3.480148E+00
     33617 -1.671864E-01  5.438625E-03 -6.180909E+00
     33618 -1.967255E+00 -2.567556E+00 -7.583755E-01
     33619  6.190848E-01 -2.305375E+00  1.502609E+00
     33620  1.332115E-01 -2.297567E+00  8.802346E+00
     33621  1.125562E+00 -9.538793E-01 -1.198362E+01
     33622 -1.178926E+00  9.568436E-01  2.686867E+01
     33623 -1.470592E-01  9.108467E-01  2.659296E+01
     33624 -1.695505E+00 -1.230808E+00  1.919050E+01
     33625  1.035134E+00 -2.066458E+00  2.029187E+01
     33626  5.808977E-01 -1.701061E+00  6.581492E+00
     33627 -9.324917E-02 -7.554983E-01  1.250708E+01

 total force (fx,fy,fz) for set FEET and time  0.3000000E+01

        5.819744E-10 -3.000000E+02  1.200000E+03

                        S T E P       4


                                INCREMENT     1


 displacements (vx,vy,vz) for set TOP and time  0.4000000E+01

     17692 -1.648497E-02  3.192942E-01 -3.168340E-01
     17737 -9.861020E-03  4.044633E-01 -3.773839E-01
     18174 -1.605358E-03  4.416421E-01 -4.046268E-01
     21602  5.154807E-03  4.264616E-01 -3.924542E-01
     22791  1.284486E-02  3.085393E-01 -3.018246E-01

 forces (fx,fy,fz) for set FEET and time  0.4000000E+01

       151 -7.029618E-01  1.394819E-02 -3.630169E+00
       155  1.076653E+00  1.359271E+01 -1.110602E+01
       156 -1.316682E-03  3.632292E-02 -1.296632E+00
       160  3.550248E-02  3.155973E+00  4.085391E-01
       161  7.656736E-01  3.909811E-01 -2.817609E+00
       165 -7.010064E-01  1.176159E+01 -7.704414E+00
       194  1.721727E+01  1.006419E+01  1.916087E+01
       195 -5.309643E-01  4.348830E-01  1.733980E-01
       196  1.155284E+00  1.533459E+00 -2.074303E-01
       197 -1.630864E+01  7.324336E+00  1.606741E+01
       221 -1.061723E+00  1.419798E+00 -1.874536E-01
       222  1.481927E+01  6.562638E+00  1.449544E+01
       225  4.492529E-01  3.496316E-01  1.828828E-01
       226 -1.577131E+01  9.303633E+00  1.763446E+01
       234  1.691053E+00  9.366347E-01  4.234851E+00
       236 -1.578425E+00  8.471662E-01  3.804774E+00
       242 -7.192089E+00  4.684490E+00 -6.898694E+00
       245 -1.257131E+01  8.481303E+00  1.092317E+01
       246  1.346280E+01  9.748809E+00  1.310615E+01
       253  6.427732E+00  4.161298E+00 -6.150281E+00
       254 -1.220664E+01  8.882217E+00  1.195045E+01
       255  1.130005E+01  7.572485E+00  9.750521E+00
      2448  4.293444E+00 -2.153028E+00 -2.482469E+01
      2464 -7.073968E-02 -2.613787E+00 -5.102492E+00
      2473  1.721889E+00 -2.555592E-01 -9.225240E-01
      2474  1.289072E-01  6.522677E-01 -5.681686E-01
      2475  1.130291E-01  2.904064E-01 -3.069147E-01
      2476  2.754158E-01  1.250441E-01 -7.949391E-01
      2477  1.995294E-01 -4.571207E-02 -1.508686E+00
      2478  1.713644E-01 -4.248551E-02 -7.901469E-01
      2479  1.086201E-01 -6.578573E-02 -1.246442E+00
      2480  3.794789E-02 -8.882541E-03 -1.020840E+00
      2481  2.198831E-02 -2.484136E-02 -1.048131E+00
      2482  2.036888E-02  1.763552E-02 -8.327554E-01
      2483  4.165080E-02 -7.193163E-02 -1.523038E+00
      2484  4.309052E-02  1.204789E-02 -1.221573E+00
      2485  1.612554E-01  1.082756E+00 -1.076843E+00
      2486 -1.868844E-02 -4.257084E-02 -1.819557E+00
      2487  1.009388E-03  9.660526E-02 -1.161894E+00
      2488 -5.422061E-02 -4.347124E-02 -1.250776E+00
      2489  7.281217E-02  4.365032E-03 -1.038090E+00
      2490  1.830216E-02 -5.585941E-02 -1.534395E+00
      2491 -1.150215E-02 -1.847632E-02 -1.243099E+00
      2492  4.577121E-02  5.556844E-01 -1.784461E+00
      2493  7.362173E+00  1.824667E+00 -2.567477E+01
      2494  5.606016E+00 -1.221348E+00 -1.383809E+01
      2495  4.403632E+00 -1.525373E+00 -8.758106E+00
      2496  3.334991E+00 -1.421017E+00 -5.505387E+00
      2497  3.863655E+00 -8.632061E-01 -4.135244E+00
      2498  3.164543E+00 -1.516512E+00 -3.126951E+00
      2499  2.480928E+00 -1.175655E+00 -2.094477E+00
      2500  2.078887E+00 -1.065358E+00 -1.767044E+00
      2501  1.714872E+00 -9.459391E-01 -1.663048E+00
      2502  1.427779E+00 -9.625290E-01 -1.733831E+00
      2503  1.145693E+00 -1.462687E+00 -2.022901E+00
      2504  1.132169E+00 -1.451307E+00 -2.165025E+00
      2505  1.036750E+00 -1.077923E+00 -2.140311E+00
      2506  6.796560E-01 -1.043147E+00 -2.199721E+00
      2507  8.801461E-01 -1.230886E+00 -2.294441E+00
      2508  6.393749E-01 -8.021949E-01 -2.139907E+00
      2509  4.217216E-01 -1.930858E+00 -2.443897E+00
      2510  2.978332E-01 -1.430854E+00 -2.331603E+00
      2511  2.089901E-01 -1.257957E+00 -2.381650E+00
      2512  1.065502E-01 -1.039185E+00 -2.404975E+00
      2513  2.574123E-03 -9.794630E-01 -2.532884E+00
      2637  1.106126E+00  1.012613E+01 -3.690960E+00
      2638  3.490953E-01  6.671160E+00 -1.174621E+00
      2639  1.809922E-01  5.547194E+00  3.503729E-02
      2640 -4.613474E-02  3.508082E+00  3.419944E-02
      2641  3.683052E-02  2.928650E+00 -1.616093E-01
      2642 -1.979195E-03  3.652192E+00  4.363859E-01
      2643  3.604132E-02  2.838424E+00 -1.278755E-02
      2644  5.631610E-02  2.776156E+00  2.671728E-01
      2645  3.261026E-02  2.648982E+00  2.765425E-01
      2646  5.334149E-02  3.186363E+00  4.925483E-01
      2647  2.974440E-02  3.855121E+00 -9.014214E-02
      2648 -7.747622E-03  3.381598E+00  2.368017E-01
      2649 -1.151349E-01  1.760070E+00 -1.016582E-01
      2650  3.572676E-01  5.958180E+00 -2.309456E-01
      2651  5.086465E-02  2.662099E+00  2.446009E-01
      2652  1.728711E-01  3.303679E+00  2.990191E-01
      2653 -7.284294E-02  4.797872E+00  5.838928E-01
      2654 -2.386391E-03  3.424705E+00 -9.000258E-02
      2655  2.366759E-03  3.250923E+00  2.501549E-01
      2656 -3.958426E-01  3.147213E+00  6.520323E-01
      2657  5.722297E+00  1.330692E+01 -2.671222E+01
      2658  3.523026E+00  7.454804E+00 -1.333501E+01
      2659  2.721971E+00  5.734931E+00 -7.566647E+00
      2660  2.097464E+00  4.567957E+00 -4.813943E+00
      2661  1.610670E+00  2.045364E+00 -3.603026E+00
      2662  1.402884E+00  3.173216E+00 -1.940626E+00
      2663  9.797502E-01  2.303138E+00 -1.753395E+00
      2664  7.241922E-01  2.246481E+00 -1.582785E+00
      2665  5.713454E-01  1.981666E+00 -1.669674E+00
      2666  5.236376E-01  2.031916E+00 -1.782861E+00
      2667  5.468262E-01  3.154965E+00 -1.603166E+00
      2668  3.341216E-01  3.104042E+00 -1.821728E+00
      2669  3.942366E-01  2.320947E+00 -2.177802E+00
      2670  4.865465E-01  1.687306E+00 -2.010038E+00
      2671  7.612236E-02  2.541106E+00 -1.926377E+00
      2672  2.117158E-01  1.740683E+00 -2.352127E+00
      2673  2.701170E-01  4.289470E+00 -1.488255E+00
      2674  8.959035E-02  2.936631E+00 -1.979109E+00
      2675  4.708158E-03  2.707123E+00 -2.141309E+00
      2676  3.935180E-02  2.315237E+00 -2.313735E+00
      2677  3.046885E-03  2.101966E+00 -2.345085E+00
      2685 -4.311227E+00 -1.743804E+00 -2.508372E+01
      2694 -9.024811E-02  5.690003E-01 -1.694592E+00
      2695 -2.872347E-02  3.057001E-03 -1.166397E+00
      2696 -1.814245E-02  7.282652E-03 -9.272480E-01
      2697  2.055825E-02 -3.138654E-02 -1.224576E+00
      2698  3.732274E-03 -1.093426E-02 -1.179924E+00
      2699 -2.278788E-02 -1.685705E-02 -1.187544E+00
      2700 -8.037560E-02 -7.916362E-02 -1.550968E+00
      2701 -4.311066E-03  1.064161E-02 -9.031508E-01
      2702 -5.734706E-02 -2.025555E-02 -1.486574E+00
      2703 -2.901110E-02 -3.984441E-03 -8.851578E-01
      2704 -5.897453E-02 -6.487227E-02 -1.335642E+00
      2705 -8.871795E-02 -4.646763E-02 -9.850480E-01
      2706 -6.914196E-02  1.563991E-02 -7.451829E-01
      2707 -9.137382E-02 -6.906882E-02 -1.168964E+00
      2708 -1.998084E-01 -6.647352E-02 -1.027954E+00
      2709 -3.380455E-01 -6.394972E-01 -1.630558E+00
      2710 -8.099901E-02  1.288018E-01 -2.962415E-01
      2711 -5.021930E-01 -5.517689E-01 -1.629442E+00
      2712 -3.512897E-01  6.538348E-01 -1.319694E+00
      2713 -1.681968E+00  1.763483E-01 -2.579361E+00
      2714 -2.150561E-02 -1.002585E+00 -2.758136E+00
      2715 -1.285771E-01 -1.170374E+00 -2.548695E+00
      2716 -1.890451E-01 -1.082213E+00 -2.341708E+00
      2717 -3.859313E-01 -1.277614E+00 -2.270506E+00
      2718 -5.364436E-01 -1.065699E+00 -2.097265E+00
      2719 -7.233824E-01 -1.106038E+00 -2.037862E+00
      2720 -9.038910E-01 -1.242147E+00 -2.052916E+00
      2721 -9.404796E-01 -1.690468E+00 -2.257018E+00
      2722 -1.226801E+00 -5.808389E-01 -1.941344E+00
      2723 -1.210670E+00 -1.576167E+00 -2.200164E+00
      2724 -1.389946E+00 -1.140454E+00 -1.893952E+00
      2725 -1.484343E+00 -1.118165E+00 -1.817988E+00
      2726 -1.718087E+00 -9.093948E-01 -1.695919E+00
      2727 -2.117190E+00 -1.036085E+00 -1.767214E+00
      2728 -2.482212E+00 -9.637004E-01 -1.978709E+00
      2729 -3.102793E+00 -1.128684E+00 -2.705645E+00
      2730 -3.723404E+00 -1.409077E+00 -3.908884E+00
      2731 -3.400229E+00 -1.005256E+00 -5.082570E+00
      2732 -3.944783E+00 -1.285888E+00 -7.427707E+00
      2733 -4.895263E+00 -1.207846E+00 -1.167382E+01
      2734 -6.578913E+00  1.015696E+00 -2.126252E+01
      2858  4.485883E-01  3.071639E+00  4.476613E-01
      2859  5.836464E-02  3.101150E+00  2.199047E-01
      2860  2.196595E-02  3.251710E+00  5.409122E-01
      2861 -5.798211E-02  3.228678E+00  2.460825E-01
      2862 -4.195479E-02  3.045742E+00  2.684161E-01
      2863 -3.887643E-02  3.124658E+00  2.576611E-01
      2864  4.890810E-02  4.104090E+00 -8.063046E-02
      2865 -1.955528E-02  2.938633E+00  6.027275E-01
      2866 -4.245362E-03  2.903653E+00  2.136350E-02
      2867 -1.140070E-01  3.909783E+00  4.785703E-01
      2868 -1.852653E-02  2.984631E+00 -5.612178E-02
      2869  1.775890E-02  2.768174E+00  2.266683E-01
      2870  1.324676E-03  2.679755E+00  4.788801E-01
      2871 -4.032785E-02  2.632694E+00 -1.320608E-02
      2872  4.480384E-02  2.687264E+00  1.995678E-01
      2873  1.508827E-02  3.170454E+00  3.541986E-02
      2874 -7.337382E-02  3.753137E+00  2.331990E-01
      2875 -1.247849E-01  4.478761E+00 -8.067606E-01
      2876 -1.025730E-01  5.956615E+00 -6.871135E-01
      2877 -7.143570E-01  9.002227E+00 -2.572725E+00
      2878 -7.326612E-02  2.261833E+00 -2.225876E+00
      2879 -1.462771E-01  2.286152E+00 -2.227034E+00
      2880 -8.086339E-02  2.357155E+00 -2.239474E+00
      2881 -1.013256E-01  2.754886E+00 -2.030761E+00
      2882 -1.732162E-01  2.292047E+00 -2.084359E+00
      2883 -2.111770E-01  2.349793E+00 -1.982736E+00
      2884 -2.444313E-01  2.603871E+00 -1.931253E+00
      2885 -6.043706E-01  3.497171E+00 -1.532044E+00
      2886 -3.919518E-01  1.643486E+00 -2.166626E+00
      2887 -3.687499E-01  3.408872E+00 -1.459513E+00
      2888 -5.205255E-01  2.454753E+00 -1.787469E+00
      2889 -6.250923E-01  2.367429E+00 -1.613258E+00
      2890 -6.870797E-01  1.920647E+00 -1.666346E+00
      2891 -7.540337E-01  2.200660E+00 -1.542538E+00
      2892 -1.002343E+00  1.905290E+00 -1.760135E+00
      2893 -1.261567E+00  2.340850E+00 -2.193963E+00
      2894 -1.647678E+00  3.014116E+00 -2.989906E+00
      2895 -1.998934E+00  3.684245E+00 -4.380820E+00
      2896 -2.660029E+00  4.828469E+00 -7.378414E+00
      2897 -3.394118E+00  6.761147E+00 -1.282072E+01
      2898 -5.353176E+00  1.233582E+01 -2.595131E+01
      3382  2.022867E+00 -1.494209E+00  2.322314E+00
      3383  6.080362E+00 -8.694440E-01  3.130458E+00
      3384  1.333695E+01  1.724450E-01  5.919453E+00
      3385 -1.705910E+00  4.777572E-02 -4.305556E+00
      3386  3.721254E+00 -2.482382E+00  7.044085E+00
      3387  1.253389E+01 -3.820734E+00  2.230824E+01
      3388  2.741434E+01 -4.522714E+00  4.227005E+01
      3489 -8.352836E-01  2.881457E+00 -5.278124E+00
      3490 -2.656677E+00  1.997861E+01  7.529292E+01
      3491  2.560401E+00 -1.515101E+00 -3.280938E+00
      3492  5.444614E-01 -2.814017E-01 -2.503112E+00
      3493 -6.812259E+00  1.549120E-01  3.307827E-01
      3494  5.482687E+00  1.557676E+00 -1.099071E+01
      3495  1.957733E+00 -2.125443E+00 -3.883599E+00
      3496 -5.521340E+00 -3.976018E+00  1.031448E+01
      3497 -2.077043E+01 -5.565084E+00  3.407590E+01
      3995 -2.233089E+00 -1.507866E+00 -3.110068E+00
      3996 -7.080596E-01 -2.499696E-01 -2.547516E+00
      3997  6.004114E+00  1.215163E-01  5.913537E-02
      3998 -5.104813E+00  1.497775E+00 -1.013740E+01
      3999 -1.954846E+00 -1.937472E+00 -3.846041E+00
      4000  4.823062E+00 -3.644360E+00  9.021020E+00
      4001  1.873651E+01 -5.108535E+00  3.077500E+01
      4107  8.288596E-01  2.559285E+00 -4.710257E+00
      4108  2.634503E+00  1.822239E+01  6.870710E+01
      4109 -2.176153E+00 -1.333563E+00  2.269181E+00
      4110 -5.836808E+00 -8.282952E-01  3.072262E+00
      4111 -1.245967E+01  1.733174E-01  5.625034E+00
      4112  1.301089E+00 -8.587707E-02 -3.595948E+00
      4113 -3.653626E+00 -2.302136E+00  6.935897E+00
      4114 -1.174398E+01 -3.499395E+00  2.090670E+01
      4115 -2.527735E+01 -4.106449E+00  3.896552E+01
      4536  2.534525E+00  2.651869E+00 -7.198602E+00
      4539 -2.379031E+00  2.414897E+00 -6.473774E+00
      4541 -1.062264E+00  4.649094E+00  5.835710E+00
      4542  1.570136E-01  2.423685E+00  2.149795E+00
      4543  5.555046E-01  1.500834E+00  1.441037E+00
      4544  5.523682E-01  1.167192E+00  2.122525E+00
      4545  4.940815E-01  9.067621E-01  1.792860E+00
      4546 -2.296898E-02  7.704564E-01  1.606649E+00
      4547  1.517282E-03  7.860529E-01  1.619755E+00
      4548  2.698885E-03  8.244839E-01  1.686545E+00
      4549  1.325377E-02  8.575735E-01  1.747779E+00
      4550  9.284957E-03  9.256823E-01  1.889561E+00
      4551 -5.324271E-03  9.702452E-01  1.980076E+00
      4552 -8.574047E-03  9.976598E-01  2.017008E+00
      4553 -1.634032E-02  1.045594E+00  2.021353E+00
      4554  2.032128E-02  1.018156E+00  2.047336E+00
      4555 -7.427085E-03  9.933019E-01  2.001727E+00
      4556 -5.167828E-03  1.017426E+00  2.096644E+00
      4557 -5.792460E-03  9.919866E-01  2.023354E+00
      4558 -1.491287E-03  9.696529E-01  2.015741E+00
      4559  1.107225E-02  9.816597E-01  2.036133E+00
      4560 -2.592625E-03  1.018875E+00  2.072329E+00
      4561  3.905542E-03  1.016237E+00  2.078472E+00
      4562 -3.911522E-03  9.700299E-01  2.030998E+00
      4563 -7.429129E-03  9.707257E-01  2.025033E+00
      4564  1.722341E-03  9.658487E-01  2.017567E+00
      4565 -4.108612E-04  9.592426E-01  1.985169E+00
      4566  3.183137E-03  9.368773E-01  1.943134E+00
      4567  1.114055E-02  9.748093E-01  1.993794E+00
      4568  1.576781E-02  9.617236E-01  1.999141E+00
      4569 -2.281613E-02  1.003547E+00  1.985029E+00
      4570  1.331565E-02  9.281435E-01  1.909407E+00
      4571 -1.108084E-02  8.965679E-01  1.812974E+00
      4572  2.611196E-03  8.194846E-01  1.688158E+00
      4573 -4.407908E-03  7.953753E-01  1.630476E+00
      4574 -2.939582E-03  7.468783E-01  1.547576E+00
      4575  2.266707E-02  7.071898E-01  1.488386E+00
      4576 -6.520757E-02  1.065446E+00  1.566387E+00
      4577 -5.007231E-01  1.012416E+00  1.831113E+00
      4578 -1.131697E-01  1.330704E+00  1.402735E+00
      4579 -1.768287E-01  2.166566E+00  1.952638E+00
      4580  9.704567E-01  4.215250E+00  5.311545E+00
      4581  7.810917E-01  5.475179E+00  1.195715E+01
      4582  5.164375E-01  2.663223E+00  6.629785E+00
      4583  9.777784E-01  1.423289E+00  3.781232E+00
      4584  1.008997E+00  1.118442E+00  2.878099E+00
      4585  1.772129E+00  1.289688E+00  4.087834E+00
      4586  1.650203E+00  1.297577E+00  4.111550E+00
      4587  1.387491E+00  1.418251E+00  4.228080E+00
      4588  1.160910E+00  1.516343E+00  4.427238E+00
      4589  9.672514E-01  1.589440E+00  4.590959E+00
      4590  8.512774E-01  1.674102E+00  4.841501E+00
      4591  7.389096E-01  1.721837E+00  5.125303E+00
      4592  6.528545E-01  1.763849E+00  5.225048E+00
      4593  5.568032E-01  1.711368E+00  5.234101E+00
      4594  4.537849E-01  1.554937E+00  5.295034E+00
      4595  3.867596E-01  1.803738E+00  5.324519E+00
      4596  3.034699E-01  1.782089E+00  5.320994E+00
      4597  2.073724E-01  1.720200E+00  5.355260E+00
      4598  1.279144E-01  1.738717E+00  5.205169E+00
      4599  8.232069E-02  1.721103E+00  5.137949E+00
      4600  3.940296E-02  1.750602E+00  5.167391E+00
      4601 -1.494475E-02  1.691817E+00  5.243114E+00
      4602 -8.277064E-02  1.759538E+00  5.168025E+00
      4603 -1.066114E-01  1.751083E+00  5.164100E+00
      4604 -1.789855E-01  1.739334E+00  5.170641E+00
      4605 -2.615643E-01  1.758807E+00  5.180020E+00
      4606 -3.689436E-01  1.758860E+00  5.138251E+00
      4607 -4.249666E-01  1.756775E+00  5.164924E+00
      4608 -5.550003E-01  1.749853E+00  5.258937E+00
      4609 -5.861091E-01  1.790281E+00  5.252222E+00
      4610 -7.884591E-01  1.668843E+00  5.085528E+00
      4611 -8.297769E-01  1.664775E+00  4.927817E+00
      4612 -9.491522E-01  1.585020E+00  4.630841E+00
      4613 -1.029969E+00  1.531304E+00  4.413105E+00
      4614 -1.218852E+00  1.435620E+00  4.209479E+00
      4615 -1.427854E+00  1.332043E+00  3.943195E+00
      4616 -1.682027E+00  1.210256E+00  3.748678E+00
      4617 -2.010578E+00  1.208770E+00  3.816145E+00
      4618 -1.008905E+00  9.956800E-01  2.527470E+00
      4619 -1.041104E+00  1.314546E+00  3.477083E+00
      4620 -5.387766E-01  2.421216E+00  6.006131E+00
      4621 -8.096643E-01  4.956566E+00  1.079422E+01
      4871  4.237989E-01  1.408232E+01 -2.792284E+01
      4890 -1.805502E-01  2.778554E+01  6.110459E+01
      4902 -5.198177E+00 -8.002346E-01  1.777359E+00
      4903 -2.035209E+01  2.808632E+00  3.483357E+01
      4904 -5.082218E+00  2.232598E+00  1.106284E+01
      4905  9.368587E+00 -1.589337E+00  3.819790E+00
      4906 -4.013077E-01 -1.049936E+00  8.435481E-01
      4907  2.207947E+01  2.310229E+00  4.299179E+01
      4908  6.908980E+00  9.397145E-01  1.335838E+01
      4909 -7.019321E+00  9.550158E-01 -1.421405E+01
      4939 -3.761718E-01  1.262170E+01 -2.502984E+01
      4958  1.852857E-01  2.509546E+01  5.519458E+01
      4970 -8.632666E+00 -1.474823E+00  3.646074E+00
      4971  2.263702E-01 -9.291936E-01  8.960429E-01
      4972 -2.016811E+01  2.058494E+00  3.926487E+01
      4973 -6.417582E+00  8.460843E-01  1.241792E+01
      4974  6.132198E+00  8.437971E-01 -1.246672E+01
      4975  4.536757E+00 -7.108531E-01  1.479454E+00
      4976  1.816005E+01  2.566890E+00  3.109268E+01
      4977  4.548358E+00  2.038992E+00  9.864275E+00
     24218  8.369395E+00  1.361026E+00 -3.695218E+01
     24219  7.789437E+00 -5.471211E+00 -2.692466E+01
     24220 -7.590108E-02 -1.141537E+00 -5.118867E+00
     24221  2.268039E-01 -3.247341E+00 -4.497699E+00
     24222  6.346677E+00 -1.547539E+00 -2.083334E+01
     24223  5.984306E+00 -4.048202E+00 -1.672589E+01
     24224  4.797377E+00 -1.919940E+00 -1.327916E+01
     24225  3.867019E+00 -1.796052E+00 -9.253701E+00
     24226  3.811095E+00 -2.628174E+00 -7.289404E+00
     24227  4.613314E+00 -3.493126E+00 -1.189418E+01
     24228  2.550395E+00 -2.378881E+00 -4.843383E+00
     24229  3.168434E+00 -7.634204E-01 -6.035174E+00
     24230  2.281285E+00 -1.746921E+00 -5.179272E+00
     24231  1.698268E+00 -2.346572E+00 -3.342144E+00
     24232  1.849505E+00 -1.295889E+00 -4.055726E+00
     24233  2.288232E+00 -2.647957E+00 -4.996307E+00
     24234  1.421411E+00 -1.313462E+00 -3.830722E+00
     24235  1.162432E+00 -1.186393E+00 -3.756333E+00
     24236  1.392772E+00 -2.382579E+00 -3.705548E+00
     24237  9.499099E-01 -1.194374E+00 -3.891002E+00
     24238  1.116111E+00 -2.361364E+00 -3.741994E+00
     24239  8.242750E-01 -1.667996E+00 -4.424706E+00
     24240  8.424224E-01 -2.877319E+00 -3.883998E+00
     24241  8.626603E-01 -2.661937E+00 -4.620444E+00
     24242  7.701443E-01 -1.656917E+00 -4.630294E+00
     24243  8.428548E-01 -2.770279E+00 -4.505774E+00
     24244  7.467038E-01 -1.243717E+00 -4.528929E+00
     24245  4.370976E-01 -1.317126E+00 -4.351920E+00
     24246  5.395508E-01 -2.702340E+00 -4.263988E+00
     24247  6.596719E-01 -2.309602E+00 -4.321988E+00
     24248  5.766593E-01 -1.733838E+00 -4.747708E+00
     24249  5.821877E-01 -2.513185E+00 -4.495075E+00
     24250  4.088475E-01 -9.921763E-01 -4.451690E+00
     24251  1.671414E-01 -2.790528E+00 -4.640072E+00
     24252  2.554886E-01 -2.299447E+00 -5.274775E+00
     24253  2.510445E-01 -1.620797E+00 -4.754142E+00
     24254  2.016953E-01 -2.780027E+00 -4.106401E+00
     24255  4.058685E-01 -3.312893E+00 -5.579435E+00
     24256  1.065993E-01 -1.465720E+00 -4.812309E+00
     24257  1.162512E-01 -2.695639E+00 -4.723774E+00
     24258  7.229927E-02 -1.429454E+00 -5.050673E+00
     25138  2.714747E-02 -1.274925E+00 -5.038493E+00
     25139 -2.869378E-01 -3.213499E+00 -4.397165E+00
     25140 -7.807614E+00  1.582005E+00 -3.350486E+01
     25141 -7.354185E+00 -5.135708E+00 -2.339395E+01
     25142 -8.065626E-02 -1.308233E+00 -4.978221E+00
     25143 -1.568628E-01 -2.627873E+00 -4.692474E+00
     25144 -1.719753E-01 -1.291374E+00 -4.698979E+00
     25145 -2.546459E-01 -2.717113E+00 -4.504566E+00
     25146 -2.354056E-01 -1.518333E+00 -4.748865E+00
     25147 -2.480547E-01 -2.771942E+00 -5.231947E+00
     25148 -4.379473E-01 -2.633850E+00 -4.358431E+00
     25149 -3.340405E-01 -1.289974E+00 -4.458329E+00
     25150 -4.695238E-01 -1.359814E+00 -4.424920E+00
     25151 -5.894799E-01 -2.687971E+00 -4.351440E+00
     25152 -8.046185E-01 -2.920572E+00 -3.969131E+00
     25153 -6.169882E-01 -1.448467E+00 -4.440599E+00
     25154 -6.990323E-01 -1.863489E+00 -4.883123E+00
     25155 -1.153335E+00 -2.462061E+00 -3.734861E+00
     25156 -7.467355E-01 -7.656201E-01 -4.120107E+00
     25157 -5.428593E-01 -2.593359E+00 -4.972688E+00
     25158 -8.871595E-01 -1.890168E+00 -4.731089E+00
     25159 -9.325982E-01 -1.375448E+00 -4.096874E+00
     25160 -1.068975E+00 -2.450950E+00 -3.439102E+00
     25161 -8.742677E-01 -2.883426E+00 -4.898816E+00
     25162 -1.079469E+00 -1.335124E+00 -3.953054E+00
     25163 -1.263448E+00 -1.107097E+00 -3.657175E+00
     25164 -1.187715E+00 -2.351780E+00 -3.757290E+00
     25165 -1.448457E+00 -1.272088E+00 -3.747497E+00
     25166 -1.674142E+00 -2.180736E+00 -3.189717E+00
     25167 -1.467912E+00 -2.320921E+00 -4.102068E+00
     25168 -1.844479E+00 -1.071604E+00 -3.783538E+00
     25169 -2.196746E+00 -2.211937E+00 -4.041385E+00
     25170 -2.330052E+00 -1.079856E+00 -4.463509E+00
     25171 -2.716068E+00 -2.469706E+00 -5.004560E+00
     25172 -2.963244E+00 -1.351989E+00 -5.820377E+00
     25173 -3.568063E+00 -1.482993E+00 -8.030163E+00
     25174 -4.202027E+00 -3.084760E+00 -8.914180E+00
     25175 -3.453836E+00 -2.676201E+00 -7.460903E+00
     25176 -4.675597E+00 -1.438047E+00 -1.201048E+01
     25177 -5.580054E+00 -3.706029E+00 -1.468510E+01
     25178 -6.187180E+00 -1.236274E+00 -1.902935E+01
     27517  4.398276E-01 -9.216966E-02  7.673155E-03
     27518  1.778481E-01  1.497978E+00  2.468564E+00
     27519 -7.555135E-01  3.120311E+00  1.097932E-01
     27520 -1.337001E+00  2.158532E+00  5.111060E-01
     27521 -2.707153E+00 -1.393994E+01  6.794016E+01
     27522 -2.065040E+00 -1.479456E+01  6.220857E+01
     27523  8.160434E-01 -7.988950E+00  5.144640E+01
     27524 -6.665476E-01  2.744036E+00 -1.412493E+01
     27525 -1.736002E+00  1.700474E+00 -8.109563E+00
     27526 -4.248094E+00 -1.371422E+00 -8.715537E+00
     27527  1.318792E+00  1.710587E+00 -1.319099E+01
     27528 -5.717767E+00 -1.001022E+01  4.747762E+01
     27529 -1.004276E+00 -3.008968E+00  3.274922E+00
     27530 -2.150983E+00 -4.730814E+00  1.005847E+01
     27531 -1.752634E+00 -2.151012E+00 -6.115157E+00
     27532 -1.436768E+00 -3.373202E+00 -5.470274E+00
     27533  1.579740E-01 -5.795527E+00  2.246767E+01
     27534 -3.818349E+00 -8.930004E+00  2.905591E+01
     27535 -3.372674E+00 -4.457001E+00  1.290629E+01
     27536 -1.192799E+00 -4.294575E+00  1.867521E+00
     27537 -3.091510E+00 -7.164915E+00  1.506484E+01
     27538 -2.492486E+00 -7.380910E+00  3.881966E+01
     27539  7.484588E-01 -7.084396E+00  2.335534E+01
     30230 -4.260392E-01 -9.542305E-02  1.082739E-02
     30231 -1.134798E-01  1.283414E+00  2.170540E+00
     30232  1.211606E+00  1.979633E+00  4.600537E-01
     30233  6.429332E-01  2.826248E+00  1.040392E-01
     30234  1.714675E+00  1.393257E+00 -6.943624E+00
     30235  6.966978E-01  2.485651E+00 -1.298533E+01
     30236 -1.235235E+00  1.653591E+00 -1.208701E+01
     30237  2.088365E+00 -1.349992E+01  5.656278E+01
     30238  2.665306E+00 -1.274717E+01  6.228772E+01
     30239  5.383023E+00 -9.227384E+00  4.309702E+01
     30240  4.116665E+00 -1.410722E+00 -7.356640E+00
     30241 -5.735400E-01 -7.185874E+00  4.732315E+01
     30242  1.396069E+00 -3.097950E+00 -5.125789E+00
     30243  1.172708E+00 -3.931124E+00  1.512460E+00
     30244  1.719685E+00 -1.983440E+00 -5.321706E+00
     30245  9.989036E-01 -2.760420E+00  3.465933E+00
     30246  2.934978E+00 -6.602018E+00  1.352840E+01
     30247 -5.244744E-01 -6.463011E+00  2.110520E+01
     30248  3.362423E+00 -4.135032E+00  1.200768E+01
     30249  2.040922E+00 -4.382944E+00  9.609239E+00
     30250 -1.307365E-02 -5.286089E+00  2.098075E+01
     30251  2.486240E+00 -6.776029E+00  3.558240E+01
     30252  3.628411E+00 -8.247878E+00  2.693599E+01
     32550 -3.059532E-01  7.023700E-01 -1.408180E-01
     32551  2.783216E-01  6.431973E-01 -1.411697E-01
     32552  8.238796E-02  1.914360E-01  1.563768E-01
     32553 -9.956776E-02  1.994705E-01  1.786267E-01
     32554  7.603072E-02  8.704446E-02  1.267647E-01
     32555 -7.146222E-02  1.030454E-01  1.562239E-01
     32556 -4.372226E-02  8.224558E-02  1.060025E-01
     32557  2.119006E-02  5.861931E-02  7.277473E-02
     32558  6.009006E+00  1.145162E+00 -1.329040E+01
     32559  3.511430E+00  5.795069E-01  3.593907E+00
     32560  4.453420E+00 -1.730403E-01 -9.348890E+00
     32561 -1.958729E-01 -4.935412E-01  3.040388E+00
     32562  2.490654E-01 -5.670937E-01  3.131209E+00
     32563  1.142414E-01 -4.522420E-01  3.047140E+00
     32564 -3.285203E-01 -5.502962E-01  3.150884E+00
     32565 -3.326117E+00  5.578498E-01  3.190698E+00
     32566 -5.563543E+00  1.099707E+00 -1.207507E+01
     32567 -4.221977E+00 -1.907340E-01 -8.500709E+00
     32568  2.794276E+00 -3.136522E-02  8.083908E+00
     32569 -2.715487E+00  1.597148E-02  7.284658E+00
     32570  3.756862E+00 -1.941990E+00 -4.992693E+00
     32571  4.120333E+00 -1.418126E+00 -5.752913E+00
     32572  2.301458E+00 -3.801300E+00 -6.499793E-01
     32573  1.828525E+00 -1.134747E+00  5.200004E+00
     32574  3.384174E+00 -1.668821E+00 -2.990502E+00
     32575  3.599438E+00 -1.761115E+00 -3.724029E+00
     32576  2.559144E+00 -3.237792E+00  4.840577E-01
     32577  2.108453E+00 -7.045692E-01  4.987332E+00
     32578  2.362708E+00 -1.146271E+00  2.924974E+00
     32579  2.867248E+00 -1.263766E+00 -1.679614E+00
     32580  3.010886E+00 -1.394436E+00 -2.241389E+00
     32581  2.312867E+00 -1.731697E+00  6.467429E-01
     32582  2.432652E+00 -5.498306E-01  3.246895E+00
     32583  2.267912E+00 -7.770567E-01  2.361805E+00
     32584  4.293159E+00 -1.163950E+00  1.414827E+00
     32585  3.117692E+00 -1.261444E+00  1.807842E-01
     32586  2.304937E+00 -2.050553E-01  2.785103E+00
     32587  3.707634E+00 -1.033659E+00  1.995245E+00
     32588  3.444395E+00 -8.288822E-01  2.071939E+00
     32589  3.207453E+00 -7.164951E-01  2.426892E+00
     32590  2.890529E+00 -4.928999E-01  2.436342E+00
     32591  2.691759E+00 -5.064731E-01  2.708179E+00
     32592  2.353712E+00 -2.771153E-01  2.713493E+00
     32593  2.284593E+00 -4.234211E-01  2.870448E+00
     32594  1.908332E+00 -1.835535E-01  2.941501E+00
     32595  2.016652E+00 -4.347389E-01  3.022446E+00
     32596  1.576610E+00 -1.916099E-01  3.039057E+00
     32597  1.827098E+00 -6.458812E-01  3.173104E+00
     32598  1.303431E+00 -3.212562E-01  3.165573E+00
     32599  1.653542E+00 -6.464131E-01  3.174267E+00
     32600  1.080942E+00 -4.221820E-01  3.327007E+00
     32601  1.463434E+00 -5.286427E-01  3.207460E+00
     32602  9.806219E-01 -3.141339E-01  3.361541E+00
     32603  1.298176E+00 -8.819574E-01  3.384205E+00
     32604  7.949349E-01 -5.103244E-01  3.355605E+00
     32605  1.234003E+00 -7.326703E-01  3.249089E+00
     32606  6.392309E-01 -8.903893E-01  3.517000E+00
     32607  9.745322E-01 -4.118363E-01  3.312658E+00
     32608  4.888096E-01 -2.841550E-01  3.345298E+00
     32609  8.203746E-01 -8.616989E-01  3.251285E+00
     32610  2.469650E-01 -6.474945E-01  3.315548E+00
     32611  6.474720E-01 -6.487647E-01  3.165354E+00
     32612  7.685088E-02 -6.156526E-01  3.368091E+00
     32613  4.733073E-01 -5.355275E-01  3.036113E+00
     32614 -5.607089E-02 -4.854071E-01  3.167222E+00
     32615  3.186231E-01 -4.686470E-01  3.019756E+00
     32616 -1.307964E-01 -4.486251E-01  3.087201E+00
     32617 -3.940203E-01 -4.418718E-01  3.044880E+00
     32618  6.218711E-02 -3.769953E-01  3.103714E+00
     32619 -5.404396E-02 -4.133812E-01  3.146131E+00
     32620 -5.430102E-01 -4.585544E-01  3.082513E+00
     32621 -6.908619E-01 -5.150766E-01  3.109587E+00
     32622 -1.932650E-01 -4.192729E-01  3.197410E+00
     32623 -8.679902E-01 -4.306565E-01  3.186921E+00
     32624 -3.941465E-01 -3.174016E-01  3.248977E+00
     32625 -1.082105E+00 -4.199277E-01  3.174754E+00
     32626 -5.709667E-01 -3.260075E-01  3.272563E+00
     32627 -1.259467E+00 -5.226418E-01  3.205627E+00
     32628 -7.470450E-01 -4.056473E-01  3.406810E+00
     32629 -1.498362E+00 -7.005720E-01  3.236439E+00
     32630 -9.205724E-01 -4.635041E-01  3.276302E+00
     32631 -1.582951E+00 -3.736181E-01  3.315750E+00
     32632 -1.222702E+00 -2.923573E-01  3.389649E+00
     32633 -1.282928E+00 -4.395303E-01  3.166570E+00
     32634 -1.858630E+00 -7.008821E-01  3.082815E+00
     32635 -1.987969E+00 -5.571990E-01  3.043475E+00
     32636 -1.509763E+00 -2.955916E-01  3.025411E+00
     32637 -2.183707E+00 -5.025974E-01  2.848552E+00
     32638 -1.714099E+00 -2.247098E-01  2.860694E+00
     32639 -2.030889E+00 -1.925450E-01  2.759392E+00
     32640 -2.392449E+00 -4.500026E-01  2.726598E+00
     32641 -2.756719E+00 -5.047435E-01  2.537439E+00
     32642 -2.434019E+00 -2.669184E-01  2.498256E+00
     32643 -2.966990E+00 -4.099969E-01  2.148703E+00
     32644 -3.226001E+00 -5.958724E-01  2.243029E+00
     32645 -3.204732E+00 -4.921047E-01  2.285339E+00
     32646 -3.689678E+00 -8.251647E-01  1.925125E+00
     32647 -3.041941E+00 -1.204615E+00  1.572516E-01
     32648 -4.413585E+00 -1.222890E+00  1.300554E+00
     32649 -3.005954E+00 -1.023962E+00 -1.947165E+00
     32650 -2.744460E+00 -1.054499E+00 -1.494356E+00
     32651 -2.231621E+00 -2.127733E-01  2.436137E+00
     32652 -3.428107E+00 -1.540407E+00 -3.403717E+00
     32653 -3.368980E+00 -1.428884E+00 -2.606602E+00
     32654 -1.665759E+00 -1.103691E+00  4.889601E-01
     32655 -2.557415E+00 -2.969999E-01  3.003055E+00
     32656 -2.223737E+00 -5.492376E-01  2.208343E+00
     32657 -3.887881E+00 -1.284008E+00 -5.232767E+00
     32658 -3.559607E+00 -1.813860E+00 -4.578646E+00
     32659 -2.426694E+00 -2.900626E+00  3.682611E-01
     32660 -2.046450E+00 -6.184218E-01  4.497520E+00
     32661 -2.343860E+00 -1.031476E+00  2.612134E+00
     32662 -2.209257E+00 -3.365951E+00 -6.355884E-01
     32663 -1.819434E+00 -1.064047E+00  4.700664E+00
     33308  3.383607E-01 -3.904155E-01  3.164583E-01
     33309 -1.100344E-01  8.924881E-01  5.401037E-01
     33310  2.243562E+00  1.741875E+00 -1.418627E+00
     33311  9.914090E-01  1.417496E-02 -8.685840E-01
     33312  1.714620E+00  2.489251E+00 -1.143461E+01
     33313  9.838533E-01  1.246781E+00 -2.564721E+01
     33314  1.016329E+00  2.728091E+00 -2.394516E+00
     33315  1.069531E+00  2.136827E+00 -8.823543E+00
     33316  1.012413E+00  1.319695E+00 -7.654431E+00
     33317 -1.069221E-01  2.065268E+00 -3.065826E+01
     33318 -1.876105E+00  5.241788E+00  2.525713E+01
     33319 -3.557464E+00  5.696916E+00  1.103534E+01
     33320  1.773442E-01  4.129770E+00  3.271653E+00
     33321 -5.908428E-01  4.818787E+00 -4.633359E+00
     33322  2.076986E+00  3.066214E+00  1.233408E+01
     33323 -1.893575E+00  2.273716E+00 -1.360909E+01
     33324  3.876617E-01  6.730398E+00  7.292483E+01
     33325 -1.012386E-01  7.630643E+00  6.528720E+01
     33326 -3.462691E+00  4.725570E+00  4.620480E+01
     33327  3.255548E+00  6.041766E+00  5.410266E+01
     33328 -2.271367E+00  7.858613E+00  3.418243E+01
     33329 -2.530686E+00  6.192430E+00  2.554557E+01
     33606 -3.099468E-01 -3.473105E-01  2.837322E-01
     33607  8.150914E-02  8.034403E-01  4.785308E-01
     33608 -2.044952E+00  1.589695E+00 -1.276190E+00
     33609 -9.744060E-01  1.955902E-02 -8.302788E-01
     33610 -8.986376E-01  1.110070E+00 -2.300782E+01
     33611 -1.543798E+00  2.246650E+00 -1.026917E+01
     33612 -9.829456E-01  1.940890E+00 -7.901347E+00
     33613 -9.373213E-01  2.463886E+00 -2.079323E+00
     33614 -9.317790E-01  1.200364E+00 -6.785405E+00
     33615  9.609168E-02  1.832970E+00 -2.732825E+01
     33616 -1.559241E-01  3.712757E+00  3.168098E+00
     33617  5.567299E-01  4.315013E+00 -4.010280E+00
     33618 -1.845496E+00  2.759127E+00  1.148041E+01
     33619  3.290326E+00  5.200273E+00  9.955134E+00
     33620  1.732218E+00  4.787349E+00  2.272668E+01
     33621  1.707391E+00  2.019158E+00 -1.195566E+01
     33622  1.925788E-01  6.896341E+00  5.879126E+01
     33623 -2.890550E-01  6.074865E+00  6.614135E+01
     33624 -2.892426E+00  5.459575E+00  4.920458E+01
     33625  3.195834E+00  4.243813E+00  4.148865E+01
     33626  2.356408E+00  5.589249E+00  2.335383E+01
     33627  2.225988E+00  7.118901E+00  3.090150E+01

 total force (fx,fy,fz) for set FEET and time  0.4000000E+01

        2.930265E-10  3.000000E+02  1.200000E+03

                        S T E P       5


                                INCREMENT     1


 displacements (vx,vy,vz) for set TOP and time  0.5000000E+01

     17692 -3.249614E-02  7.097385E-01 -6.380649E-01
     17737 -1.794028E-02  8.972007E-01 -7.711764E-01
     18174 -1.600816E-05  9.775825E-01 -8.330453E-01
     21602  1.468909E-02  9.493797E-01 -8.088138E-01
     22791  3.139350E-02  6.862002E-01 -6.123138E-01

 forces (fx,fy,fz) for set FEET and time  0.5000000E+01

       151  1.821151E-01 -1.006076E-01  4.915570E-01
       155 -2.945015E-01 -4.632768E-01  4.633043E+00
       156 -5.048040E-03 -3.024331E-02  4.987067E-01
       160 -1.293986E-02 -1.343155E+00 -5.879955E-01
       161 -1.807140E-01 -4.505619E-01  7.059061E-01
       165  3.208697E-02 -2.198815E-01  3.642826E+00
       194  3.092752E+01  1.870730E+01  3.461152E+01
       195  2.757775E-01 -4.365041E-01  1.179630E+00
       196  1.118585E+00  1.982954E+00  3.603021E-01
       197 -2.851645E+01  1.238546E+01  2.708295E+01
       221 -1.099802E+00  1.921909E+00  3.056945E-01
       222  2.604507E+01  1.105212E+01  2.445872E+01
       225 -3.142609E-01 -4.916791E-01  1.113617E+00
       226 -2.860070E+01  1.751872E+01  3.224779E+01
       234 -6.616203E-01 -1.717610E+00 -4.136287E+00
       236  5.806931E-01 -1.548039E+00 -3.735479E+00
       242  4.819592E-01  1.328326E-01  1.427632E+00
       245  4.452419E+00 -1.831784E+00 -4.765869E+00
       246 -7.259667E+00 -5.237214E+00 -9.277988E+00
       253 -4.299992E-01  1.106869E-01  1.301048E+00
       254  6.448401E+00 -4.655722E+00 -8.318833E+00
       255 -3.908348E+00 -1.561417E+00 -4.181787E+00
      2448 -1.980083E+00 -1.884166E+00 -5.538233E+00
      2464  5.683846E-02  1.478553E+00  6.358821E-01
      2473 -1.472172E+00  7.627109E-01 -5.736686E-01
      2474  4.855155E-02  1.071723E+00 -4.038886E-01
      2475  4.474134E-02  7.190555E-01  1.313207E-01
      2476 -1.786163E-02  4.958814E-01  1.478693E-01
      2477  2.766742E-01  2.827677E-01  9.886027E-01
      2478 -3.858085E-02 -6.108969E-02  9.519800E-01
      2479  2.486070E-02 -4.673998E-03  1.324071E+00
      2480 -1.352419E-02 -5.454917E-02  9.969115E-01
      2481 -7.363896E-03 -2.517956E-02  8.531321E-01
      2482  4.672525E-04 -4.765344E-02  5.976666E-01
      2483  6.858498E-03  3.738186E-02  9.360595E-01
      2484  9.997279E-03 -2.246846E-02  6.278926E-01
      2485 -4.805140E-02 -7.619899E-01  5.796833E-01
      2486  6.369737E-02  2.395377E-02  9.553553E-01
      2487  4.503112E-02 -7.882470E-02  5.570790E-01
      2488  5.166619E-02  1.417646E-02  6.195660E-01
      2489 -4.179408E-02 -2.704138E-02  5.267926E-01
      2490 -2.094130E-02  2.834460E-02  6.981237E-01
      2491 -1.491384E-02  1.146748E-03  5.041801E-01
      2492 -5.476613E-02 -4.245695E-01  8.623144E-01
      2493 -1.048474E+00 -4.172213E+00 -8.230051E+00
      2494  2.384459E+00 -9.337588E-01 -1.164114E+01
      2495  4.095395E+00 -2.155891E-01 -9.270331E+00
      2496  4.234355E+00  2.193428E-01 -4.885461E+00
      2497  5.148931E+00 -6.544320E-01 -3.668949E+00
      2498  3.930473E+00  7.113433E-01 -1.015895E+00
      2499  2.804233E+00  7.579775E-01  4.510206E-01
      2500  2.018346E+00  8.063535E-01  9.917807E-01
      2501  1.464026E+00  7.106384E-01  1.007709E+00
      2502  1.153912E+00  6.814566E-01  7.441011E-01
      2503  1.023735E+00  1.003118E+00  4.500563E-01
      2504  8.899971E-01  9.157079E-01  2.097817E-01
      2505  8.729826E-01  5.991185E-01 -5.179560E-02
      2506  9.619871E-01  5.430780E-01 -1.197778E-01
      2507  6.623075E-01  6.447095E-01 -2.729742E-02
      2508  5.893273E-01  3.582712E-01 -1.299525E-01
      2509  4.176879E-01  1.053911E+00 -2.520530E-02
      2510  1.720484E-01  7.132719E-01 -3.406723E-01
      2511  4.464127E-02  5.660991E-01 -5.979190E-01
      2512 -1.052343E-02  4.042600E-01 -9.026247E-01
      2513  3.582920E-02  3.439477E-01 -1.028891E+00
      2637 -1.076072E+00  2.002022E+00 -7.929154E-01
      2638 -1.197269E-01  1.649098E+00 -1.956610E+00
      2639 -1.366586E-02 -1.020402E+00 -1.073965E+00
      2640  6.842488E-02 -8.951581E-01 -5.268294E-01
      2641  3.633613E-03 -1.843281E+00 -1.716593E-01
      2642  1.277452E-01 -3.393731E+00 -4.008668E-01
      2643 -5.752247E-03 -2.626653E+00  1.503007E-01
      2644 -1.801871E-02 -2.464496E+00 -1.566237E-01
      2645 -3.459006E-02 -2.105727E+00 -2.017703E-01
      2646 -4.272282E-02 -2.266112E+00 -4.279525E-01
      2647  7.451502E-03 -2.503910E+00 -8.916005E-02
      2648  1.532425E-02 -1.958069E+00 -3.149915E-01
      2649  7.287487E-02 -7.618108E-01 -8.545560E-02
      2650 -1.290201E-01 -3.548994E+00 -6.097919E-02
      2651 -3.711512E-02 -1.305867E+00 -3.028350E-01
      2652 -1.119112E-01 -1.724369E+00 -3.461589E-01
      2653  6.487838E-02 -2.673945E+00 -4.689192E-01
      2654 -6.739187E-03 -1.680870E+00 -1.833307E-01
      2655  1.939107E-03 -1.509236E+00 -3.855477E-01
      2656  2.517007E-01 -1.309322E+00 -7.552111E-01
      2657 -1.903554E+00  2.494668E+00 -2.570884E+00
      2658  1.518276E+00  4.586557E+00 -9.214224E+00
      2659  2.738556E+00  2.462450E+00 -7.832227E+00
      2660  3.033064E+00 -1.764374E-01 -5.022371E+00
      2661  2.111448E+00 -1.098950E-01 -1.278938E+00
      2662  1.457445E+00 -2.365535E+00  8.691924E-02
      2663  1.140674E+00 -2.106414E+00  1.141286E+00
      2664  7.706339E-01 -2.060756E+00  1.419722E+00
      2665  5.485128E-01 -1.667938E+00  1.343560E+00
      2666  3.876715E-01 -1.451201E+00  1.053816E+00
      2667  3.250063E-01 -2.031591E+00  5.575341E-01
      2668  4.246405E-01 -1.759476E+00  3.480760E-01
      2669  3.366418E-01 -1.048461E+00  4.112954E-01
      2670  2.225122E-01 -5.972875E-01  2.637807E-01
      2671  4.399827E-01 -1.128694E+00  2.058573E-01
      2672  2.278170E-01 -6.596451E-01  5.010028E-01
      2673  9.768399E-02 -2.244018E+00 -1.261102E-01
      2674  9.508836E-02 -1.307414E+00  8.175486E-02
      2675  3.907234E-02 -1.067347E+00 -6.086683E-02
      2676 -2.841174E-02 -7.341033E-01 -1.738408E-01
      2677  2.334255E-03 -5.086421E-01 -2.867593E-01
      2685  1.884969E+00 -1.523039E+00 -4.972272E+00
      2694  7.263101E-02 -4.391841E-01  8.029085E-01
      2695  2.765271E-02 -1.548827E-02  4.585447E-01
      2696  2.188713E-02 -2.207590E-02  3.928594E-01
      2697 -4.840904E-03  8.201925E-03  5.312046E-01
      2698 -1.167565E-02 -4.720431E-03  5.240937E-01
      2699 -1.513882E-02 -7.233765E-04  5.440396E-01
      2700 -6.675522E-03  3.725691E-02  7.414434E-01
      2701 -5.277413E-02 -1.977678E-02  4.431734E-01
      2702 -4.075756E-02  2.342065E-03  7.756613E-01
      2703 -3.074546E-02 -2.516435E-02  5.008772E-01
      2704 -2.007703E-02  2.582349E-02  8.620344E-01
      2705  3.507661E-03 -7.884455E-03  7.890922E-01
      2706  1.330161E-02 -8.285819E-02  6.940617E-01
      2707 -4.866724E-02  4.266885E-03  1.140761E+00
      2708  9.680540E-03  2.476252E-02  1.003017E+00
      2709  2.315060E-03  5.225474E-01  1.130816E+00
      2710  4.988787E-02  3.737386E-01  4.027335E-01
      2711 -8.347824E-02  8.064964E-01  4.902648E-01
      2712  1.544003E-01  9.272609E-01 -7.474421E-01
      2713  1.642793E+00  3.897369E-01 -2.568018E-03
      2714  4.957981E-02  3.690144E-01 -8.766915E-01
      2715  9.897307E-02  4.929952E-01 -8.527022E-01
      2716  3.177593E-02  4.399647E-01 -6.737712E-01
      2717 -8.722871E-02  5.724249E-01 -3.441249E-01
      2718 -2.756751E-01  4.674211E-01 -1.650260E-01
      2719 -4.722360E-01  5.114788E-01 -1.095596E-02
      2720 -6.631860E-01  6.075873E-01  9.754712E-02
      2721 -8.835654E-01  9.089287E-01  2.647919E-01
      2722 -9.901112E-01  2.785112E-01  1.268787E-01
      2723 -1.160566E+00  9.212707E-01  3.398620E-01
      2724 -1.269160E+00  6.999082E-01  3.230773E-01
      2725 -1.442009E+00  7.450866E-01  4.490374E-01
      2726 -1.688910E+00  6.111866E-01  5.445276E-01
      2727 -2.117752E+00  7.336411E-01  5.558415E-01
      2728 -2.800023E+00  5.287046E-01  3.466455E-02
      2729 -3.802311E+00  3.670452E-01 -1.157283E+00
      2730 -4.835804E+00  7.828827E-03 -3.435026E+00
      2731 -4.047839E+00  5.702933E-02 -5.192605E+00
      2732 -4.052542E+00 -4.146434E-01 -8.101310E+00
      2733 -2.765726E+00 -9.918473E-01 -1.057941E+01
      2734  4.021973E-01 -3.683711E+00 -8.635289E+00
      2858 -2.622095E-01 -1.225614E+00 -6.096958E-01
      2859 -1.631070E-02 -1.346457E+00 -3.876134E-01
      2860 -8.762253E-03 -1.498495E+00 -4.595070E-01
      2861  3.198122E-02 -1.502600E+00 -2.876960E-01
      2862  1.756840E-02 -1.413406E+00 -2.698761E-01
      2863  1.296092E-02 -1.486875E+00 -2.569701E-01
      2864 -6.815757E-02 -2.089976E+00 -8.425433E-02
      2865  3.112312E-02 -1.487269E+00 -4.543534E-01
      2866 -3.806918E-04 -1.517450E+00 -1.577032E-01
      2867  4.720698E-02 -2.343349E+00 -3.969697E-01
      2868  2.403571E-03 -1.924954E+00 -5.642196E-02
      2869  7.925880E-03 -2.008866E+00 -2.223608E-01
      2870 -7.231073E-04 -2.195180E+00 -3.960625E-01
      2871  1.790678E-02 -2.275545E+00  7.026050E-02
      2872 -1.028316E-02 -2.193405E+00 -1.417464E-01
      2873 -8.613371E-02 -2.155103E+00 -1.227689E-01
      2874 -1.648510E-02 -1.546422E+00 -6.797642E-01
      2875 -1.711200E-01  2.570295E-01 -1.150335E+00
      2876 -6.560771E-03  1.698756E+00 -1.568702E+00
      2877  8.038335E-01  2.082558E+00 -7.864738E-01
      2878  5.592746E-02 -5.996578E-01 -3.784850E-01
      2879  1.091140E-01 -6.657725E-01 -2.446593E-01
      2880  2.125690E-02 -7.802862E-01 -6.623062E-03
      2881 -3.939356E-02 -1.099643E+00  5.668923E-02
      2882 -1.053958E-01 -8.908530E-01  2.753111E-01
      2883 -2.107780E-01 -9.589377E-01  3.354966E-01
      2884 -3.181786E-01 -1.127291E+00  3.670255E-01
      2885 -2.585055E-01 -1.700791E+00  1.551455E-01
      2886 -3.870823E-01 -6.850054E-01  5.721550E-01
      2887 -5.773883E-01 -1.827082E+00  2.360894E-01
      2888 -4.832419E-01 -1.375284E+00  5.729313E-01
      2889 -5.188777E-01 -1.541997E+00  7.258039E-01
      2890 -6.011433E-01 -1.427326E+00  1.037256E+00
      2891 -8.084085E-01 -1.822803E+00  1.029362E+00
      2892 -1.079206E+00 -1.541359E+00  8.964209E-01
      2893 -1.601211E+00 -1.550608E+00  1.255278E-01
      2894 -2.153722E+00 -1.076260E+00 -1.628643E+00
      2895 -2.515664E+00  5.796204E-01 -3.810270E+00
      2896 -2.581103E+00  2.575039E+00 -7.465820E+00
      2897 -1.449195E+00  3.873333E+00 -8.676069E+00
      2898  1.777620E+00  1.771512E+00 -1.878833E+00
      3382  7.243387E+00 -2.297258E+00  6.511234E+00
      3383  1.445240E+01 -1.578036E+00  7.478945E+00
      3384  2.657022E+01  6.045498E-01  1.245951E+01
      3385  1.510040E+00 -2.245989E+00  9.850916E-01
      3386  1.119821E+01 -6.083521E+00  2.146094E+01
      3387  2.670500E+01 -7.644621E+00  4.752694E+01
      3388  5.174167E+01 -8.286884E+00  7.981984E+01
      3489 -1.877108E+00  6.764452E-01 -1.968949E+00
      3490 -5.921601E+00  3.510504E+01  1.338057E+02
      3491  2.850134E+00 -2.588419E+00 -6.099532E+00
      3492  3.823178E-01 -4.057005E-01 -5.085230E+00
      3493 -1.192432E+01  2.344008E-01 -4.002797E-01
      3494  6.782939E+00  1.180461E+00 -1.361385E+01
      3495  1.635364E+00 -5.195514E+00 -2.956034E+00
      3496 -1.092488E+01 -7.920746E+00  2.051122E+01
      3497 -3.683775E+01 -1.040498E+01  6.078766E+01
      3995 -2.613412E+00 -2.633100E+00 -6.047195E+00
      3996 -9.985723E-01 -3.574922E-01 -5.410246E+00
      3997  1.033404E+01  1.605783E-01 -1.050720E+00
      3998 -6.650830E+00  1.333836E+00 -1.309288E+01
      3999 -2.076756E+00 -4.712634E+00 -3.806628E+00
      4000  9.351221E+00 -7.281526E+00  1.759862E+01
      4001  3.321270E+01 -9.627129E+00  5.490230E+01
      4107  1.909996E+00  6.194598E-01 -1.831227E+00
      4108  6.012350E+00  3.226561E+01  1.230039E+02
      4109 -7.453180E+00 -2.102808E+00  6.393465E+00
      4110 -1.397818E+01 -1.518622E+00  7.391414E+00
      4111 -2.515109E+01  5.985037E-01  1.203484E+01
      4112 -1.880958E+00 -2.291914E+00  1.469005E+00
      4113 -1.084648E+01 -5.626930E+00  2.081745E+01
      4114 -2.524455E+01 -7.028131E+00  4.494395E+01
      4115 -4.820541E+01 -7.547425E+00  7.433485E+01
      4536  1.025451E+00 -6.480541E+00 -8.579339E+00
      4539 -1.007453E+00 -5.835167E+00 -7.771445E+00
      4541  1.321906E+00 -9.918982E-01 -1.887963E+00
      4542  2.695923E-01  1.026922E+00 -8.579409E-01
      4543  1.478820E-01  1.525211E-01 -1.163935E+00
      4544 -9.655005E-02 -6.909426E-01 -1.850530E+00
      4545  1.878546E-01 -1.068875E+00 -2.059121E+00
      4546  1.526165E-02 -1.099994E+00 -2.117293E+00
      4547  2.524450E-02 -9.902683E-01 -1.961203E+00
      4548  3.071216E-02 -8.769201E-01 -1.749835E+00
      4549  1.663819E-02 -7.617337E-01 -1.511121E+00
      4550  7.598160E-03 -6.974566E-01 -1.365846E+00
      4551  2.650073E-03 -6.519678E-01 -1.254992E+00
      4552 -4.713553E-03 -6.148774E-01 -1.154046E+00
      4553 -7.735426E-03 -6.305206E-01 -1.119328E+00
      4554 -3.292615E-02 -6.032704E-01 -1.122156E+00
      4555 -1.102017E-02 -5.877196E-01 -1.099390E+00
      4556 -6.726850E-03 -6.033222E-01 -1.164853E+00
      4557  2.143671E-03 -5.783513E-01 -1.095921E+00
      4558  4.445038E-03 -5.461055E-01 -1.044374E+00
      4559 -3.136788E-03 -5.368703E-01 -1.009194E+00
      4560  3.710279E-03 -5.488870E-01 -9.963813E-01
      4561 -1.417212E-03 -5.414410E-01 -9.892481E-01
      4562  1.565229E-03 -5.104534E-01 -9.662129E-01
      4563  4.638810E-03 -5.165655E-01 -9.861157E-01
      4564  2.141937E-03 -5.194315E-01 -1.005808E+00
      4565  7.951118E-03 -5.180710E-01 -9.982273E-01
      4566  9.435028E-03 -5.064504E-01 -9.793370E-01
      4567  7.794823E-03 -5.325532E-01 -1.014716E+00
      4568  3.302665E-03 -5.352026E-01 -1.038222E+00
      4569  2.648147E-02 -5.881203E-01 -1.081946E+00
      4570 -4.305992E-03 -5.868408E-01 -1.129867E+00
      4571  6.055663E-03 -6.310288E-01 -1.210418E+00
      4572 -1.817314E-02 -6.776186E-01 -1.334979E+00
      4573 -2.012014E-02 -7.911861E-01 -1.559313E+00
      4574 -1.390861E-02 -8.903594E-01 -1.753110E+00
      4575 -1.581716E-02 -9.711977E-01 -1.878848E+00
      4576 -2.429154E-02 -1.455486E+00 -1.908907E+00
      4577 -2.273726E-02 -6.056734E-01 -1.550199E+00
      4578 -8.110052E-02 -6.038680E-01 -8.329555E-01
      4579 -2.991746E-01  9.455436E-01 -7.533449E-01
      4580 -1.197575E+00 -8.837261E-01 -1.684976E+00
      4581  2.879429E+00 -6.208656E+00 -1.196131E+01
      4582  1.661477E+00 -1.908294E+00 -3.243717E+00
      4583  1.293509E+00 -1.532477E+00 -2.678539E+00
      4584  1.310884E+00 -1.849686E+00 -3.592788E+00
      4585  2.624489E+00 -2.942213E+00 -6.848127E+00
      4586  2.144338E+00 -2.560921E+00 -6.491707E+00
      4587  1.698881E+00 -2.186481E+00 -5.756064E+00
      4588  1.311721E+00 -1.882957E+00 -5.104721E+00
      4589  1.043413E+00 -1.653947E+00 -4.528772E+00
      4590  8.382541E-01 -1.510849E+00 -4.152877E+00
      4591  7.199317E-01 -1.409825E+00 -3.961686E+00
      4592  6.555832E-01 -1.357633E+00 -3.761004E+00
      4593  5.944603E-01 -1.268520E+00 -3.594929E+00
      4594  5.478734E-01 -1.144960E+00 -3.578267E+00
      4595  4.443619E-01 -1.307376E+00 -3.575849E+00
      4596  3.288598E-01 -1.309736E+00 -3.598831E+00
      4597  2.234874E-01 -1.302471E+00 -3.671674E+00
      4598  1.296070E-01 -1.345766E+00 -3.608572E+00
      4599  5.331984E-02 -1.363428E+00 -3.588344E+00
      4600  2.206823E-02 -1.399661E+00 -3.613730E+00
      4601  3.243413E-02 -1.365505E+00 -3.656538E+00
      4602  5.652724E-02 -1.380382E+00 -3.545252E+00
      4603  1.465908E-02 -1.328435E+00 -3.461732E+00
      4604 -4.251620E-02 -1.259779E+00 -3.361020E+00
      4605 -1.378007E-01 -1.208479E+00 -3.259297E+00
      4606 -2.522609E-01 -1.155868E+00 -3.139878E+00
      4607 -4.101872E-01 -1.123631E+00 -3.105223E+00
      4608 -5.229235E-01 -1.111547E+00 -3.161714E+00
      4609 -6.891103E-01 -1.171152E+00 -3.256719E+00
      4610 -7.303189E-01 -1.156409E+00 -3.334150E+00
      4611 -8.626747E-01 -1.267330E+00 -3.531377E+00
      4612 -9.687107E-01 -1.361381E+00 -3.739601E+00
      4613 -1.163797E+00 -1.548029E+00 -4.164026E+00
      4614 -1.371578E+00 -1.764108E+00 -4.715958E+00
      4615 -1.692270E+00 -2.041931E+00 -5.271206E+00
      4616 -2.079186E+00 -2.376221E+00 -5.854819E+00
      4617 -2.373910E+00 -2.690376E+00 -6.232976E+00
      4618 -1.261762E+00 -1.692044E+00 -3.211524E+00
      4619 -1.231931E+00 -1.400011E+00 -2.476950E+00
      4620 -1.575706E+00 -1.732349E+00 -2.936491E+00
      4621 -2.670192E+00 -5.588830E+00 -1.077099E+01
      4871 -8.984189E-01 -2.481261E+00  3.444057E+00
      4890 -2.786892E-02 -1.542004E+01 -3.106360E+01
      4902  6.675300E-01 -4.754591E-01  9.160787E-01
      4903  4.292922E+00 -5.890811E+00 -7.268876E+00
      4904  3.186105E+00 -5.625782E+00 -6.462017E+00
      4905 -6.239456E+00  1.387698E+00 -4.117564E+00
      4906 -3.949424E+00  7.418458E-01 -2.235228E+00
      4907 -1.249677E+01 -4.151439E+00 -2.373506E+01
      4908 -6.823489E+00 -4.520433E+00 -1.333668E+01
      4909 -3.981206E+00 -2.752842E+00 -7.133282E+00
      4939  7.778142E-01 -2.183406E+00  3.001190E+00
      4958  5.756718E-02 -1.369209E+01 -2.755261E+01
      4970  5.539099E+00  1.271375E+00 -3.682402E+00
      4971  3.502186E+00  6.437939E-01 -1.921305E+00
      4972  1.112588E+01 -3.692880E+00 -2.110625E+01
      4973  5.987631E+00 -4.064565E+00 -1.179728E+01
      4974  3.497691E+00 -2.452164E+00 -6.283535E+00
      4975 -5.267312E-01 -4.059544E-01  8.378367E-01
      4976 -3.621551E+00 -5.338743E+00 -6.132346E+00
      4977 -2.821332E+00 -5.063973E+00 -5.716547E+00
     24218 -1.935624E+00 -3.192093E+00 -8.622253E+00
     24219  5.191177E-01 -3.516905E-01 -1.208551E+01
     24220  4.953407E-02  6.695779E-01  6.658531E-01
     24221 -1.375260E-01  1.867532E+00  3.504274E-01
     24222  2.597224E+00 -3.937550E-01 -1.402419E+01
     24223  3.736649E+00  5.356029E-01 -1.255243E+01
     24224  4.670747E+00  8.558395E-01 -1.062635E+01
     24225  4.597843E+00  1.506322E+00 -4.963393E+00
     24226  4.205632E+00  1.636609E+00 -2.925020E+00
     24227  5.103085E+00  1.779819E+00 -7.793652E+00
     24228  3.701459E+00  1.889434E+00  9.984430E-03
     24229  3.778863E+00  5.818499E-01 -1.425102E+00
     24230  2.913669E+00  1.647856E+00  2.045546E+00
     24231  1.728586E+00  2.189239E+00  2.600513E+00
     24232  1.997211E+00  1.224764E+00  2.901159E+00
     24233  2.488873E+00  2.605147E+00  2.981482E+00
     24234  1.396032E+00  1.128108E+00  3.287293E+00
     24235  1.005134E+00  9.680679E-01  3.011858E+00
     24236  1.226482E+00  2.119446E+00  3.145629E+00
     24237  7.999939E-01  9.167174E-01  2.543665E+00
     24238  9.279956E-01  1.916093E+00  2.759614E+00
     24239  6.847088E-01  1.218039E+00  2.313664E+00
     24240  6.748782E-01  1.982629E+00  1.711220E+00
     24241  8.294925E-01  1.991960E+00  2.746117E+00
     24242  6.222006E-01  1.145253E+00  1.933322E+00
     24243  6.107744E-01  1.795867E+00  1.678439E+00
     24244  5.891353E-01  7.965000E-01  1.523166E+00
     24245  7.206777E-01  8.290949E-01  1.282838E+00
     24246  6.706382E-01  1.606411E+00  1.329563E+00
     24247  7.079284E-01  1.412625E+00  1.228817E+00
     24248  4.937543E-01  1.077909E+00  1.534995E+00
     24249  4.708113E-01  1.470276E+00  1.382986E+00
     24250  4.393624E-01  5.842299E-01  1.340515E+00
     24251  5.184988E-01  1.637886E+00  1.441797E+00
     24252  2.994538E-01  1.422860E+00  1.794301E+00
     24253  1.106475E-01  9.704417E-01  1.234353E+00
     24254  4.937237E-02  1.593113E+00  7.928872E-01
     24255  1.256536E-01  1.999535E+00  1.804849E+00
     24256  2.094803E-02  8.824065E-01  9.634985E-01
     24257 -2.630309E-02  1.550002E+00  7.598701E-01
     24258 -4.094454E-02  8.760513E-01  8.193844E-01
     25138 -2.411767E-02  7.407385E-01  5.821631E-01
     25139  1.898606E-01  1.818059E+00  2.217504E-01
     25140  1.790467E+00 -2.445870E+00 -7.718870E+00
     25141 -9.078958E-01 -2.808236E-01 -1.167131E+01
     25142  4.816105E-02  7.544852E-01  6.956550E-01
     25143  7.848283E-02  1.455764E+00  6.458517E-01
     25144  3.521756E-02  7.205637E-01  7.914884E-01
     25145 -1.661953E-01  1.468224E+00  1.129637E+00
     25146 -5.590296E-02  8.604022E-01  1.131333E+00
     25147  2.045118E-02  1.545201E+00  1.174508E+00
     25148 -2.873256E-01  1.403964E+00  1.250057E+00
     25149 -2.017315E-01  7.064997E-01  1.202376E+00
     25150 -3.450482E-01  7.410290E-01  1.352149E+00
     25151 -4.349439E-01  1.440119E+00  1.376254E+00
     25152 -5.141557E-01  1.590986E+00  1.302027E+00
     25153 -4.745761E-01  7.939342E-01  1.452937E+00
     25154 -6.222876E-01  1.076674E+00  1.798223E+00
     25155 -6.427441E-01  1.449658E+00  1.347450E+00
     25156 -7.780475E-01  4.328246E-01  1.422902E+00
     25157 -8.958661E-01  1.450248E+00  1.821347E+00
     25158 -8.038645E-01  1.193524E+00  1.985915E+00
     25159 -9.017953E-01  9.183499E-01  1.868306E+00
     25160 -9.613722E-01  1.691316E+00  1.644707E+00
     25161 -9.756969E-01  1.845113E+00  2.186095E+00
     25162 -9.792104E-01  9.846288E-01  2.186404E+00
     25163 -1.139021E+00  8.836903E-01  2.395781E+00
     25164 -1.121439E+00  1.785728E+00  2.225082E+00
     25165 -1.473544E+00  1.061354E+00  2.688779E+00
     25166 -1.803748E+00  1.955383E+00  2.023024E+00
     25167 -1.340560E+00  1.975120E+00  2.912839E+00
     25168 -1.994298E+00  9.715916E-01  2.251783E+00
     25169 -2.391666E+00  2.002654E+00  1.837303E+00
     25170 -2.744276E+00  1.019962E+00  1.204239E+00
     25171 -3.255017E+00  2.177845E+00  2.204545E-01
     25172 -3.594061E+00  1.239440E+00 -1.154227E+00
     25173 -4.446318E+00  6.476125E-01 -5.100823E+00
     25174 -4.580206E+00  1.024191E+00 -7.115143E+00
     25175 -4.315827E+00  1.882498E+00 -2.717039E+00
     25176 -4.213899E+00  6.432346E-01 -9.911424E+00
     25177 -3.707881E+00  4.189155E-01 -1.136605E+01
     25178 -2.139686E+00  1.053959E-01 -1.272063E+01
     27517  9.074367E-01 -2.156728E-01 -5.403915E-02
     27518  1.627789E-01  2.695457E+00  4.036872E+00
     27519 -1.072007E+00  5.236897E+00  8.112233E-02
     27520 -2.488270E+00  3.629798E+00  3.080305E-01
     27521 -5.790073E+00 -2.524934E+01  1.249244E+02
     27522 -5.093900E+00 -2.656566E+01  1.117291E+02
     27523  3.242704E-01 -1.464173E+01  9.780831E+01
     27524 -2.222496E+00 -1.302215E-02 -1.368308E+01
     27525 -3.230654E+00 -2.372268E+00 -3.985515E-01
     27526 -7.226159E+00 -7.749688E+00 -3.607141E+00
     27527  1.024751E+00 -7.710878E-01 -1.284554E+01
     27528 -1.118277E+01 -1.926132E+01  8.720114E+01
     27529 -2.221239E+00 -8.675119E+00  1.807800E+01
     27530 -4.325882E+00 -1.131950E+01  2.920760E+01
     27531 -3.923441E+00 -7.459816E+00  6.195194E-01
     27532 -3.631641E+00 -9.113452E+00 -1.044633E+00
     27533 -5.046020E-01 -1.236485E+01  4.989835E+01
     27534 -6.735377E+00 -1.806437E+01  6.003612E+01
     27535 -7.244291E+00 -1.056465E+01  3.189130E+01
     27536 -3.301991E+00 -1.039692E+01  1.113406E+01
     27537 -6.571594E+00 -1.488763E+01  3.304966E+01
     27538 -5.673896E+00 -1.450873E+01  7.542489E+01
     27539 -4.645850E-01 -1.411727E+01  4.670065E+01
     30230 -9.066358E-01 -2.262216E-01 -4.121777E-02
     30231 -6.914998E-02  2.305581E+00  3.573526E+00
     30232  2.246867E+00  3.378460E+00  2.993938E-01
     30233  8.562592E-01  4.764884E+00  9.171176E-02
     30234  3.339285E+00 -2.364624E+00  2.813198E-01
     30235  2.286969E+00  1.376953E-01 -1.331079E+01
     30236 -9.677430E-01 -2.984076E-01 -1.233023E+01
     30237  5.223479E+00 -2.439378E+01  1.020416E+02
     30238  5.860253E+00 -2.327294E+01  1.155113E+02
     30239  1.072043E+01 -1.790860E+01  7.934061E+01
     30240  7.269191E+00 -7.397921E+00 -2.433107E+00
     30241  1.585702E-01 -1.313674E+01  9.073477E+01
     30242  3.570399E+00 -8.307741E+00 -1.802412E+00
     30243  3.250054E+00 -9.475075E+00  9.302181E+00
     30244  3.986798E+00 -6.750775E+00  8.158642E-01
     30245  2.320815E+00 -7.876376E+00  1.749562E+01
     30246  6.328178E+00 -1.376418E+01  2.944293E+01
     30247  8.234529E-01 -1.289222E+01  4.208482E+01
     30248  7.461048E+00 -9.767010E+00  2.957900E+01
     30249  4.227962E+00 -1.048959E+01  2.766172E+01
     30250  8.181994E-01 -1.127294E+01  4.681673E+01
     30251  5.790170E+00 -1.338630E+01  6.950264E+01
     30252  6.622626E+00 -1.680508E+01  5.602444E+01
     32550 -1.464332E-01 -4.587188E-01  2.943593E-01
     32551  1.327319E-01 -4.236570E-01  2.595758E-01
     32552 -5.893625E-02 -3.606681E-02  9.256603E-02
     32553  6.428559E-02 -3.683574E-02  1.071965E-01
     32554  2.531802E-02 -2.684275E-02  1.323909E-01
     32555 -3.800588E-04 -3.481447E-02  1.541554E-01
     32556 -1.878634E-02 -8.195790E-02  1.405279E-01
     32557  5.020743E-03 -7.374289E-02  1.380982E-01
     32558  7.093034E-01 -6.453637E+00 -9.411889E+00
     32559  2.741135E+00 -4.285495E+00 -1.123843E+01
     32560  1.498544E+00 -4.276580E+00 -7.833540E+00
     32561  2.516150E-01 -4.528773E-01 -3.409637E+00
     32562 -1.908266E-01 -4.122669E-01 -3.484068E+00
     32563 -1.203232E-01 -4.799769E-01 -3.376711E+00
     32564  3.128669E-01 -4.316482E-01 -3.493521E+00
     32565 -2.603224E+00 -3.877063E+00 -1.013860E+01
     32566 -8.000618E-01 -5.753691E+00 -8.552227E+00
     32567 -1.513812E+00 -3.803462E+00 -7.122454E+00
     32568  3.772398E+00 -4.300796E+00 -1.032390E+01
     32569 -3.559098E+00 -3.899242E+00 -9.333392E+00
     32570  2.661988E+00 -1.885412E+00 -8.052500E+00
     32571  2.530949E+00 -2.616742E+00 -8.529937E+00
     32572  2.640063E+00 -3.653833E+00 -6.038153E+00
     32573  2.090659E+00 -2.385900E+00 -4.266288E+00
     32574  3.345554E+00 -1.221629E+00 -6.549005E+00
     32575  3.360444E+00 -1.491261E+00 -6.724625E+00
     32576  3.363019E+00 -4.522421E+00 -4.425085E+00
     32577  2.917329E+00 -2.441364E+00 -4.948909E+00
     32578  1.963341E+00 -1.711153E+00 -3.314746E+00
     32579  3.369561E+00 -6.988721E-01 -4.563246E+00
     32580  3.545788E+00 -8.992797E-01 -4.855839E+00
     32581  3.238553E+00 -3.377996E+00 -4.197089E+00
     32582  2.655139E+00 -1.987106E+00 -4.545703E+00
     32583  2.194782E+00 -1.250501E+00 -3.851377E+00
     32584  5.085451E+00 -1.391355E+00 -6.740859E+00
     32585  4.405780E+00 -2.363110E+00 -5.129726E+00
     32586  2.564383E+00 -1.633333E+00 -4.882942E+00
     32587  4.059337E+00 -4.160848E-01 -5.238021E+00
     32588  4.685881E+00 -1.571634E+00 -6.443756E+00
     32589  3.014636E+00 -3.352261E-02 -4.078119E+00
     32590  4.061550E+00 -5.651531E-01 -5.181525E+00
     32591  2.220198E+00  9.902629E-02 -3.365341E+00
     32592  3.089589E+00 -1.970502E-01 -4.125403E+00
     32593  1.663949E+00  1.228471E-01 -2.988040E+00
     32594  2.383838E+00 -6.443463E-02 -3.565986E+00
     32595  1.279905E+00  1.017063E-01 -2.864710E+00
     32596  1.905340E+00 -3.857006E-02 -3.228144E+00
     32597  1.043545E+00  1.852995E-01 -2.896468E+00
     32598  1.637589E+00 -8.825817E-03 -3.135453E+00
     32599  9.351399E-01  1.002127E-01 -2.889755E+00
     32600  1.504469E+00 -3.089968E-02 -3.190523E+00
     32601  8.908652E-01 -2.706183E-02 -2.874116E+00
     32602  1.375375E+00 -1.684855E-01 -3.145734E+00
     32603  8.080104E-01  1.676672E-01 -2.981677E+00
     32604  1.297289E+00 -8.480987E-02 -3.095239E+00
     32605  5.868343E-01  7.712984E-02 -2.866431E+00
     32606  1.171907E+00  1.790092E-01 -3.145941E+00
     32607  4.523838E-01 -1.603120E-01 -2.924325E+00
     32608  9.770062E-01 -2.392610E-01 -2.997194E+00
     32609  2.009388E-01  7.707378E-02 -2.982250E+00
     32610  7.984564E-01 -4.227378E-02 -3.020474E+00
     32611 -6.105338E-03 -1.389730E-01 -3.075700E+00
     32612  5.873101E-01 -1.259078E-01 -3.171061E+00
     32613 -1.394810E-01 -3.076274E-01 -3.177918E+00
     32614  4.099198E-01 -3.027139E-01 -3.200462E+00
     32615 -1.772528E-01 -4.296681E-01 -3.328359E+00
     32616  2.894483E-01 -4.148719E-01 -3.321592E+00
     32617  2.996902E-01 -4.504479E-01 -3.292630E+00
     32618 -1.593755E-01 -4.540784E-01 -3.243225E+00
     32619 -2.381398E-01 -3.293594E-01 -3.027083E+00
     32620  2.622110E-01 -3.536131E-01 -3.100185E+00
     32621  1.118883E-01 -2.085267E-01 -2.858819E+00
     32622 -4.026384E-01 -2.204497E-01 -2.820025E+00
     32623 -1.036312E-01 -1.609911E-01 -2.671697E+00
     32624 -6.042562E-01 -1.909075E-01 -2.657059E+00
     32625 -3.440916E-01 -9.487479E-02 -2.489828E+00
     32626 -8.588781E-01 -1.228162E-01 -2.557315E+00
     32627 -6.089857E-01  1.233012E-02 -2.416480E+00
     32628 -1.115938E+00 -3.848733E-02 -2.604733E+00
     32629 -8.224028E-01  1.434904E-01 -2.406207E+00
     32630 -1.357400E+00  1.088020E-02 -2.575324E+00
     32631 -1.089720E+00 -3.387775E-02 -2.522425E+00
     32632 -1.483535E+00 -6.979874E-02 -2.761536E+00
     32633 -1.738130E+00  1.286106E-02 -2.798907E+00
     32634 -1.194826E+00  1.790615E-01 -2.480133E+00
     32635 -1.378976E+00  1.034168E-01 -2.601234E+00
     32636 -1.897343E+00 -5.548103E-02 -2.909881E+00
     32637 -1.572546E+00  9.310549E-02 -2.667783E+00
     32638 -2.169901E+00 -9.649849E-02 -3.090701E+00
     32639 -2.548491E+00 -1.721309E-01 -3.477582E+00
     32640 -1.901420E+00  4.352392E-02 -2.904863E+00
     32641 -2.350198E+00 -6.054120E-03 -3.272992E+00
     32642 -3.136759E+00 -3.089754E-01 -3.967830E+00
     32643 -3.950386E+00 -6.891703E-01 -4.803227E+00
     32644 -3.025077E+00 -2.191689E-01 -3.884992E+00
     32645 -4.708186E+00 -1.313234E+00 -6.239329E+00
     32646 -4.227041E+00 -6.829385E-01 -5.180933E+00
     32647 -4.247005E+00 -2.165214E+00 -4.818716E+00
     32648 -4.743707E+00 -1.163778E+00 -6.147775E+00
     32649 -3.517065E+00 -9.803147E-01 -4.711281E+00
     32650 -3.241444E+00 -7.725718E-01 -4.250538E+00
     32651 -2.468643E+00 -1.530959E+00 -4.388189E+00
     32652 -3.192913E+00 -1.463847E+00 -6.163299E+00
     32653 -3.176985E+00 -1.247960E+00 -5.970813E+00
     32654 -2.827443E+00 -2.136898E+00 -4.051446E+00
     32655 -2.519985E+00 -1.913079E+00 -4.121177E+00
     32656 -2.358282E+00 -1.355076E+00 -3.709470E+00
     32657 -2.446655E+00 -2.367209E+00 -7.770215E+00
     32658 -2.587213E+00 -1.727265E+00 -7.349037E+00
     32659 -3.185760E+00 -4.108124E+00 -4.011935E+00
     32660 -2.794324E+00 -2.227233E+00 -4.486265E+00
     32661 -1.923448E+00 -1.620931E+00 -3.002507E+00
     32662 -2.540517E+00 -3.342453E+00 -5.538244E+00
     32663 -2.025630E+00 -2.176470E+00 -3.860580E+00
     33308  7.222356E-02  2.875675E-01  1.531501E-02
     33309 -2.184262E-01 -1.535622E-01 -4.936489E-03
     33310 -1.503157E+00 -1.238956E+00  8.512723E-01
     33311 -9.475187E-01  8.105439E-01  1.378431E-01
     33312 -3.415771E-01 -2.039957E+00 -2.665826E+00
     33313 -1.136792E+00 -9.711885E-01 -1.050148E+00
     33314  8.696589E-01 -5.522084E+00 -7.614012E+00
     33315  1.958495E-01 -3.781608E+00 -5.088282E+00
     33316 -4.729824E-01 -3.335182E+00 -5.228878E+00
     33317 -9.678053E-01 -1.774194E+00 -3.986499E+00
     33318  2.061191E+00 -1.115728E+01 -1.272360E+01
     33319  3.236456E+00 -1.174089E+01 -1.048330E+01
     33320  1.389814E+00 -7.914429E+00 -1.153978E+01
     33321  1.103602E+00 -5.874293E+00 -7.356496E+00
     33322  1.578590E+00 -9.050198E+00 -1.722033E+01
     33323 -2.513455E-02 -4.717640E+00 -8.688893E+00
     33324 -6.278447E-02 -6.384255E+00 -3.477205E+01
     33325  2.682841E+00 -7.357220E+00 -2.432108E+01
     33326  2.203171E+00 -9.872019E+00 -1.454793E+01
     33327 -4.087468E-01 -9.919024E+00 -2.713707E+01
     33328  3.180375E+00 -1.114617E+01 -1.616189E+01
     33329  1.985092E+00 -1.099833E+01 -1.814412E+01
     33606 -7.489472E-02  2.432584E-01  2.513490E-02
     33607  1.878639E-01 -1.379498E-01 -8.569386E-03
     33608  1.339530E+00 -1.097132E+00  7.460919E-01
     33609  7.721361E-01  7.106748E-01  8.220054E-02
     33610  9.717757E-01 -8.669706E-01 -1.044717E+00
     33611  2.702002E-01 -1.833615E+00 -2.450227E+00
     33612 -2.196150E-01 -3.396177E+00 -4.603632E+00
     33613 -8.243304E-01 -4.951606E+00 -6.844245E+00
     33614  3.883072E-01 -2.981239E+00 -4.696385E+00
     33615  8.536372E-01 -1.581241E+00 -3.603586E+00
     33616 -1.268571E+00 -7.079786E+00 -1.028600E+01
     33617 -9.839073E-01 -5.214085E+00 -6.600981E+00
     33618 -1.411940E+00 -8.099382E+00 -1.530491E+01
     33619 -2.836119E+00 -1.056892E+01 -9.267571E+00
     33620 -1.850283E+00 -1.005452E+01 -1.120008E+01
     33621  1.908042E-02 -4.212583E+00 -7.736778E+00
     33622 -2.418273E+00 -6.575873E+00 -2.137767E+01
     33623  7.738574E-02 -5.666571E+00 -3.078741E+01
     33624  3.592575E-01 -8.891162E+00 -2.400248E+01
     33625 -1.950578E+00 -8.968108E+00 -1.261949E+01
     33626 -1.776208E+00 -9.919764E+00 -1.607568E+01
     33627 -2.867829E+00 -1.001912E+01 -1.423064E+01

 total force (fx,fy,fz) for set FEET and time  0.5000000E+01

        7.232583E-10 -9.192533E+02  7.713451E+02

                        S T E P       6


                                INCREMENT     1


 displacements (vx,vy,vz) for set TOP and time  0.6000000E+01

     17692  3.249614E-02 -7.097385E-01  6.380649E-01
     17737  1.794028E-02 -8.972007E-01  7.711764E-01
     18174  1.600816E-05 -9.775825E-01  8.330453E-01
     21602 -1.468909E-02 -9.493797E-01  8.088138E-01
     22791 -3.139350E-02 -6.862002E-01  6.123138E-01

 forces (fx,fy,fz) for set FEET and time  0.6000000E+01

       151 -1.821151E-01  1.006076E-01 -4.915570E-01
       155  2.945015E-01  4.632768E-01 -4.633043E+00
       156  5.048040E-03  3.024331E-02 -4.987067E-01
       160  1.293986E-02  1.343155E+00  5.879955E-01
       161  1.807140E-01  4.505619E-01 -7.059061E-01
       165 -3.208697E-02  2.198815E-01 -3.642826E+00
       194 -3.092752E+01 -1.870730E+01 -3.461152E+01
       195 -2.757775E-01  4.365041E-01 -1.179630E+00
       196 -1.118585E+00 -1.982954E+00 -3.603021E-01
       197  2.851645E+01 -1.238546E+01 -2.708295E+01
       221  1.099802E+00 -1.921909E+00 -3.056945E-01
       222 -2.604507E+01 -1.105212E+01 -2.445872E+01
       225  3.142609E-01  4.916791E-01 -1.113617E+00
       226  2.860070E+01 -1.751872E+01 -3.224779E+01
       234  6.616203E-01  1.717610E+00  4.136287E+00
       236 -5.806931E-01  1.548039E+00  3.735479E+00
       242 -4.819592E-01 -1.328326E-01 -1.427632E+00
       245 -4.452419E+00  1.831784E+00  4.765869E+00
       246  7.259667E+00  5.237214E+00  9.277988E+00
       253  4.299992E-01 -1.106869E-01 -1.301048E+00
       254 -6.448401E+00  4.655722E+00  8.318833E+00
       255  3.908348E+00  1.561417E+00  4.181787E+00
      2448  1.980083E+00  1.884166E+00  5.538233E+00
      2464 -5.683846E-02 -1.478553E+00 -6.358821E-01
      2473  1.472172E+00 -7.627109E-01  5.736686E-01
      2474 -4.855155E-02 -1.071723E+00  4.038886E-01
      2475 -4.474134E-02 -7.190555E-01 -1.313207E-01
      2476  1.786163E-02 -4.958814E-01 -1.478693E-01
      2477 -2.766742E-01 -2.827677E-01 -9.886027E-01
      2478  3.858085E-02  6.108969E-02 -9.519800E-01
      2479 -2.486070E-02  4.673998E-03 -1.324071E+00
      2480  1.352419E-02  5.454917E-02 -9.969115E-01
      2481  7.363896E-03  2.517956E-02 -8.531321E-01
      2482 -4.672525E-04  4.765344E-02 -5.976666E-01
      2483 -6.858498E-03 -3.738186E-02 -9.360595E-01
      2484 -9.997279E-03  2.246846E-02 -6.278926E-01
      2485  4.805140E-02  7.619899E-01 -5.796833E-01
      2486 -6.369737E-02 -2.395377E-02 -9.553553E-01
      2487 -4.503112E-02  7.882470E-02 -5.570790E-01
      2488 -5.166619E-02 -1.417646E-02 -6.195660E-01
      2489  4.179408E-02  2.704138E-02 -5.267926E-01
      2490  2.094130E-02 -2.834460E-02 -6.981237E-01
      2491  1.491384E-02 -1.146748E-03 -5.041801E-01
      2492  5.476613E-02  4.245695E-01 -8.623144E-01
      2493  1.048474E+00  4.172213E+00  8.230051E+00
      2494 -2.384459E+00  9.337588E-01  1.164114E+01
      2495 -4.095395E+00  2.155891E-01  9.270331E+00
      2496 -4.234355E+00 -2.193428E-01  4.885461E+00
      2497 -5.148931E+00  6.544320E-01  3.668949E+00
      2498 -3.930473E+00 -7.113433E-01  1.015895E+00
      2499 -2.804233E+00 -7.579775E-01 -4.510206E-01
      2500 -2.018346E+00 -8.063535E-01 -9.917807E-01
      2501 -1.464026E+00 -7.106384E-01 -1.007709E+00
      2502 -1.153912E+00 -6.814566E-01 -7.441011E-01
      2503 -1.023735E+00 -1.003118E+00 -4.500563E-01
      2504 -8.899971E-01 -9.157079E-01 -2.097817E-01
      2505 -8.729826E-01 -5.991185E-01  5.179560E-02
      2506 -9.619871E-01 -5.430780E-01  1.197778E-01
      2507 -6.623075E-01 -6.447095E-01  2.729742E-02
      2508 -5.893273E-01 -3.582712E-01  1.299525E-01
      2509 -4.176879E-01 -1.053911E+00  2.520530E-02
      2510 -1.720484E-01 -7.132719E-01  3.406723E-01
      2511 -4.464127E-02 -5.660991E-01  5.979190E-01
      2512  1.052343E-02 -4.042600E-01  9.026247E-01
      2513 -3.582920E-02 -3.439477E-01  1.028891E+00
      2637  1.076072E+00 -2.002022E+00  7.929154E-01
      2638  1.197269E-01 -1.649098E+00  1.956610E+00
      2639  1.366586E-02  1.020402E+00  1.073965E+00
      2640 -6.842488E-02  8.951581E-01  5.268294E-01
      2641 -3.633613E-03  1.843281E+00  1.716593E-01
      2642 -1.277452E-01  3.393731E+00  4.008668E-01
      2643  5.752247E-03  2.626653E+00 -1.503007E-01
      2644  1.801871E-02  2.464496E+00  1.566237E-01
      2645  3.459006E-02  2.105727E+00  2.017703E-01
      2646  4.272282E-02  2.266112E+00  4.279525E-01
      2647 -7.451502E-03  2.503910E+00  8.916005E-02
      2648 -1.532425E-02  1.958069E+00  3.149915E-01
      2649 -7.287487E-02  7.618108E-01  8.545560E-02
      2650  1.290201E-01  3.548994E+00  6.097919E-02
      2651  3.711512E-02  1.305867E+00  3.028350E-01
      2652  1.119112E-01  1.724369E+00  3.461589E-01
      2653 -6.487838E-02  2.673945E+00  4.689192E-01
      2654  6.739187E-03  1.680870E+00  1.833307E-01
      2655 -1.939107E-03  1.509236E+00  3.855477E-01
      2656 -2.517007E-01  1.309322E+00  7.552111E-01
      2657  1.903554E+00 -2.494668E+00  2.570884E+00
      2658 -1.518276E+00 -4.586557E+00  9.214224E+00
      2659 -2.738556E+00 -2.462450E+00  7.832227E+00
      2660 -3.033064E+00  1.764374E-01  5.022371E+00
      2661 -2.111448E+00  1.098950E-01  1.278938E+00
      2662 -1.457445E+00  2.365535E+00 -8.691924E-02
      2663 -1.140674E+00  2.106414E+00 -1.141286E+00
      2664 -7.706339E-01  2.060756E+00 -1.419722E+00
      2665 -5.485128E-01  1.667938E+00 -1.343560E+00
      2666 -3.876715E-01  1.451201E+00 -1.053816E+00
      2667 -3.250063E-01  2.031591E+00 -5.575341E-01
      2668 -4.246405E-01  1.759476E+00 -3.480760E-01
      2669 -3.366418E-01  1.048461E+00 -4.112954E-01
      2670 -2.225122E-01  5.972875E-01 -2.637807E-01
      2671 -4.399827E-01  1.128694E+00 -2.058573E-01
      2672 -2.278170E-01  6.596451E-01 -5.010028E-01
      2673 -9.768399E-02  2.244018E+00  1.261102E-01
      2674 -9.508836E-02  1.307414E+00 -8.175486E-02
      2675 -3.907234E-02  1.067347E+00  6.086683E-02
      2676  2.841174E-02  7.341033E-01  1.738408E-01
      2677 -2.334255E-03  5.086421E-01  2.867593E-01
      2685 -1.884969E+00  1.523039E+00  4.972272E+00
      2694 -7.263101E-02  4.391841E-01 -8.029085E-01
      2695 -2.765271E-02  1.548827E-02 -4.585447E-01
      2696 -2.188713E-02  2.207590E-02 -3.928594E-01
      2697  4.840904E-03 -8.201925E-03 -5.312046E-01
      2698  1.167565E-02  4.720431E-03 -5.240937E-01
      2699  1.513882E-02  7.233765E-04 -5.440396E-01
      2700  6.675522E-03 -3.725691E-02 -7.414434E-01
      2701  5.277413E-02  1.977678E-02 -4.431734E-01
      2702  4.075756E-02 -2.342065E-03 -7.756613E-01
      2703  3.074546E-02  2.516435E-02 -5.008772E-01
      2704  2.007703E-02 -2.582349E-02 -8.620344E-01
      2705 -3.507661E-03  7.884455E-03 -7.890922E-01
      2706 -1.330161E-02  8.285819E-02 -6.940617E-01
      2707  4.866724E-02 -4.266885E-03 -1.140761E+00
      2708 -9.680540E-03 -2.476252E-02 -1.003017E+00
      2709 -2.315060E-03 -5.225474E-01 -1.130816E+00
      2710 -4.988787E-02 -3.737386E-01 -4.027335E-01
      2711  8.347824E-02 -8.064964E-01 -4.902648E-01
      2712 -1.544003E-01 -9.272609E-01  7.474421E-01
      2713 -1.642793E+00 -3.897369E-01  2.568018E-03
      2714 -4.957981E-02 -3.690144E-01  8.766915E-01
      2715 -9.897307E-02 -4.929952E-01  8.527022E-01
      2716 -3.177593E-02 -4.399647E-01  6.737712E-01
      2717  8.722871E-02 -5.724249E-01  3.441249E-01
      2718  2.756751E-01 -4.674211E-01  1.650260E-01
      2719  4.722360E-01 -5.114788E-01  1.095596E-02
      2720  6.631860E-01 -6.075873E-01 -9.754712E-02
      2721  8.835654E-01 -9.089287E-01 -2.647919E-01
      2722  9.901112E-01 -2.785112E-01 -1.268787E-01
      2723  1.160566E+00 -9.212707E-01 -3.398620E-01
      2724  1.269160E+00 -6.999082E-01 -3.230773E-01
      2725  1.442009E+00 -7.450866E-01 -4.490374E-01
      2726  1.688910E+00 -6.111866E-01 -5.445276E-01
      2727  2.117752E+00 -7.336411E-01 -5.558415E-01
      2728  2.800023E+00 -5.287046E-01 -3.466455E-02
      2729  3.802311E+00 -3.670452E-01  1.157283E+00
      2730  4.835804E+00 -7.828827E-03  3.435026E+00
      2731  4.047839E+00 -5.702933E-02  5.192605E+00
      2732  4.052542E+00  4.146434E-01  8.101310E+00
      2733  2.765726E+00  9.918473E-01  1.057941E+01
      2734 -4.021973E-01  3.683711E+00  8.635289E+00
      2858  2.622095E-01  1.225614E+00  6.096958E-01
      2859  1.631070E-02  1.346457E+00  3.876134E-01
      2860  8.762253E-03  1.498495E+00  4.595070E-01
      2861 -3.198122E-02  1.502600E+00  2.876960E-01
      2862 -1.756840E-02  1.413406E+00  2.698761E-01
      2863 -1.296092E-02  1.486875E+00  2.569701E-01
      2864  6.815757E-02  2.089976E+00  8.425433E-02
      2865 -3.112312E-02  1.487269E+00  4.543534E-01
      2866  3.806918E-04  1.517450E+00  1.577032E-01
      2867 -4.720698E-02  2.343349E+00  3.969697E-01
      2868 -2.403571E-03  1.924954E+00  5.642196E-02
      2869 -7.925880E-03  2.008866E+00  2.223608E-01
      2870  7.231073E-04  2.195180E+00  3.960625E-01
      2871 -1.790678E-02  2.275545E+00 -7.026050E-02
      2872  1.028316E-02  2.193405E+00  1.417464E-01
      2873  8.613371E-02  2.155103E+00  1.227689E-01
      2874  1.648510E-02  1.546422E+00  6.797642E-01
      2875  1.711200E-01 -2.570295E-01  1.150335E+00
      2876  6.560771E-03 -1.698756E+00  1.568702E+00
      2877 -8.038335E-01 -2.082558E+00  7.864738E-01
      2878 -5.592746E-02  5.996578E-01  3.784850E-01
      2879 -1.091140E-01  6.657725E-01  2.446593E-01
      2880 -2.125690E-02  7.802862E-01  6.623062E-03
      2881  3.939356E-02  1.099643E+00 -5.668923E-02
      2882  1.053958E-01  8.908530E-01 -2.753111E-01
      2883  2.107780E-01  9.589377E-01 -3.354966E-01
      2884  3.181786E-01  1.127291E+00 -3.670255E-01
      2885  2.585055E-01  1.700791E+00 -1.551455E-01
      2886  3.870823E-01  6.850054E-01 -5.721550E-01
      2887  5.773883E-01  1.827082E+00 -2.360894E-01
      2888  4.832419E-01  1.375284E+00 -5.729313E-01
      2889  5.188777E-01  1.541997E+00 -7.258039E-01
      2890  6.011433E-01  1.427326E+00 -1.037256E+00
      2891  8.084085E-01  1.822803E+00 -1.029362E+00
      2892  1.079206E+00  1.541359E+00 -8.964209E-01
      2893  1.601211E+00  1.550608E+00 -1.255278E-01
      2894  2.153722E+00  1.076260E+00  1.628643E+00
      2895  2.515664E+00 -5.796204E-01  3.810270E+00
      2896  2.581103E+00 -2.575039E+00  7.465820E+00
      2897  1.449195E+00 -3.873333E+00  8.676069E+00
      2898 -1.777620E+00 -1.771512E+00  1.878833E+00
      3382 -7.243387E+00  2.297258E+00 -6.511234E+00
      3383 -1.445240E+01  1.578036E+00 -7.478945E+00
      3384 -2.657022E+01 -6.045498E-01 -1.245951E+01
      3385 -1.510040E+00  2.245989E+00 -9.850916E-01
      3386 -1.119821E+01  6.083521E+00 -2.146094E+01
      3387 -2.670500E+01  7.644621E+00 -4.752694E+01
      3388 -5.174167E+01  8.286884E+00 -7.981984E+01
      3489  1.877108E+00 -6.764452E-01  1.968949E+00
      3490  5.921601E+00 -3.510504E+01 -1.338057E+02
      3491 -2.850134E+00  2.588419E+00  6.099532E+00
      3492 -3.823178E-01  4.057005E-01  5.085230E+00
      3493  1.192432E+01 -2.344008E-01  4.002797E-01
      3494 -6.782939E+00 -1.180461E+00  1.361385E+01
      3495 -1.635364E+00  5.195514E+00  2.956034E+00
      3496  1.092488E+01  7.920746E+00 -2.051122E+01
      3497  3.683775E+01  1.040498E+01 -6.078766E+01
      3995  2.613412E+00  2.633100E+00  6.047195E+00
      3996  9.985723E-01  3.574922E-01  5.410246E+00
      3997 -1.033404E+01 -1.605783E-01  1.050720E+00
      3998  6.650830E+00 -1.333836E+00  1.309288E+01
      3999  2.076756E+00  4.712634E+00  3.806628E+00
      4000 -9.351221E+00  7.281526E+00 -1.759862E+01
      4001 -3.321270E+01  9.627129E+00 -5.490230E+01
      4107 -1.909996E+00 -6.194598E-01  1.831227E+00
      4108 -6.012350E+00 -3.226561E+01 -1.230039E+02
      4109  7.453180E+00  2.102808E+00 -6.393465E+00
      4110  1.397818E+01  1.518622E+00 -7.391414E+00
      4111  2.515109E+01 -5.985037E-01 -1.203484E+01
      4112  1.880958E+00  2.291914E+00 -1.469005E+00
      4113  1.084648E+01  5.626930E+00 -2.081745E+01
      4114  2.524455E+01  7.028131E+00 -4.494395E+01
      4115  4.820541E+01  7.547425E+00 -7.433485E+01
      4536 -1.025451E+00  6.480541E+00  8.579339E+00
      4539  1.007453E+00  5.835167E+00  7.771445E+00
      4541 -1.321906E+00  9.918982E-01  1.887963E+00
      4542 -2.695923E-01 -1.026922E+00  8.579409E-01
      4543 -1.478820E-01 -1.525211E-01  1.163935E+00
      4544  9.655005E-02  6.909426E-01  1.850530E+00
      4545 -1.878546E-01  1.068875E+00  2.059121E+00
      4546 -1.526165E-02  1.099994E+00  2.117293E+00
      4547 -2.524450E-02  9.902683E-01  1.961203E+00
      4548 -3.071216E-02  8.769201E-01  1.749835E+00
      4549 -1.663819E-02  7.617337E-01  1.511121E+00
      4550 -7.598160E-03  6.974566E-01  1.365846E+00
      4551 -2.650073E-03  6.519678E-01  1.254992E+00
      4552  4.713553E-03  6.148774E-01  1.154046E+00
      4553  7.735426E-03  6.305206E-01  1.119328E+00
      4554  3.292615E-02  6.032704E-01  1.122156E+00
      4555  1.102017E-02  5.877196E-01  1.099390E+00
      4556  6.726850E-03  6.033222E-01  1.164853E+00
      4557 -2.143671E-03  5.783513E-01  1.095921E+00
      4558 -4.445038E-03  5.461055E-01  1.044374E+00
      4559  3.136788E-03  5.368703E-01  1.009194E+00
      4560 -3.710279E-03  5.488870E-01  9.963813E-01
      4561  1.417212E-03  5.414410E-01  9.892481E-01
      4562 -1.565229E-03  5.104534E-01  9.662129E-01
      4563 -4.638810E-03  5.165655E-01  9.861157E-01
      4564 -2.141937E-03  5.194315E-01  1.005808E+00
      4565 -7.951118E-03  5.180710E-01  9.982273E-01
      4566 -9.435028E-03  5.064504E-01  9.793370E-01
      4567 -7.794823E-03  5.325532E-01  1.014716E+00
      4568 -3.302665E-03  5.352026E-01  1.038222E+00
      4569 -2.648147E-02  5.881203E-01  1.081946E+00
      4570  4.305992E-03  5.868408E-01  1.129867E+00
      4571 -6.055663E-03  6.310288E-01  1.210418E+00
      4572  1.817314E-02  6.776186E-01  1.334979E+00
      4573  2.012014E-02  7.911861E-01  1.559313E+00
      4574  1.390861E-02  8.903594E-01  1.753110E+00
      4575  1.581716E-02  9.711977E-01  1.878848E+00
      4576  2.429154E-02  1.455486E+00  1.908907E+00
      4577  2.273726E-02  6.056734E-01  1.550199E+00
      4578  8.110052E-02  6.038680E-01  8.329555E-01
      4579  2.991746E-01 -9.455436E-01  7.533449E-01
      4580  1.197575E+00  8.837261E-01  1.684976E+00
      4581 -2.879429E+00  6.208656E+00  1.196131E+01
      4582 -1.661477E+00  1.908294E+00  3.243717E+00
      4583 -1.293509E+00  1.532477E+00  2.678539E+00
      4584 -1.310884E+00  1.849686E+00  3.592788E+00
      4585 -2.624489E+00  2.942213E+00  6.848127E+00
      4586 -2.144338E+00  2.560921E+00  6.491707E+00
      4587 -1.698881E+00  2.186481E+00  5.756064E+00
      4588 -1.311721E+00  1.882957E+00  5.104721E+00
      4589 -1.043413E+00  1.653947E+00  4.528772E+00
      4590 -8.382541E-01  1.510849E+00  4.152877E+00
      4591 -7.199317E-01  1.409825E+00  3.961686E+00
      4592 -6.555832E-01  1.357633E+00  3.761004E+00
      4593 -5.944603E-01  1.268520E+00  3.594929E+00
      4594 -5.478734E-01  1.144960E+00  3.578267E+00
      4595 -4.443619E-01  1.307376E+00  3.575849E+00
      4596 -3.288598E-01  1.309736E+00  3.598831E+00
      4597 -2.234874E-01  1.302471E+00  3.671674E+00
      4598 -1.296070E-01  1.345766E+00  3.608572E+00
      4599 -5.331984E-02  1.363428E+00  3.588344E+00
      4600 -2.206823E-02  1.399661E+00  3.613730E+00
      4601 -3.243413E-02  1.365505E+00  3.656538E+00
      4602 -5.652724E-02  1.380382E+00  3.545252E+00
      4603 -1.465908E-02  1.328435E+00  3.461732E+00
      4604  4.251620E-02  1.259779E+00  3.361020E+00
      4605  1.378007E-01  1.208479E+00  3.259297E+00
      4606  2.522609E-01  1.155868E+00  3.139878E+00
      4607  4.101872E-01  1.123631E+00  3.105223E+00
      4608  5.229235E-01  1.111547E+00  3.161714E+00
      4609  6.891103E-01  1.171152E+00  3.256719E+00
      4610  7.303189E-01  1.156409E+00  3.334150E+00
      4611  8.626747E-01  1.267330E+00  3.531377E+00
      4612  9.687107E-01  1.361381E+00  3.739601E+00
      4613  1.163797E+00  1.548029E+00  4.164026E+00
      4614  1.371578E+00  1.764108E+00  4.715958E+00
      4615  1.692270E+00  2.041931E+00  5.271206E+00
      4616  2.079186E+00  2.376221E+00  5.854819E+00
      4617  2.373910E+00  2.690376E+00  6.232976E+00
      4618  1.261762E+00  1.692044E+00  3.211524E+00
      4619  1.231931E+00  1.400011E+00  2.476950E+00
      4620  1.575706E+00  1.732349E+00  2.936491E+00
      4621  2.670192E+00  5.588830E+00  1.077099E+01
      4871  8.984189E-01  2.481261E+00 -3.444057E+00
      4890  2.786892E-02  1.542004E+01  3.106360E+01
      4902 -6.675300E-01  4.754591E-01 -9.160787E-01
      4903 -4.292922E+00  5.890811E+00  7.268876E+00
      4904 -3.186105E+00  5.625782E+00  6.462017E+00
      4905  6.239456E+00 -1.387698E+00  4.117564E+00
      4906  3.949424E+00 -7.418458E-01  2.235228E+00
      4907  1.249677E+01  4.151439E+00  2.373506E+01
      4908  6.823489E+00  4.520433E+00  1.333668E+01
      4909  3.981206E+00  2.752842E+00  7.133282E+00
      4939 -7.778142E-01  2.183406E+00 -3.001190E+00
      4958 -5.756718E-02  1.369209E+01  2.755261E+01
      4970 -5.539099E+00 -1.271375E+00  3.682402E+00
      4971 -3.502186E+00 -6.437939E-01  1.921305E+00
      4972 -1.112588E+01  3.692880E+00  2.110625E+01
      4973 -5.987631E+00  4.064565E+00  1.179728E+01
      4974 -3.497691E+00  2.452164E+00  6.283535E+00
      4975  5.267312E-01  4.059544E-01 -8.378367E-01
      4976  3.621551E+00  5.338743E+00  6.132346E+00
      4977  2.821332E+00  5.063973E+00  5.716547E+00
     24218  1.935624E+00  3.192093E+00  8.622253E+00
     24219 -5.191177E-01  3.516905E-01  1.208551E+01
     24220 -4.953407E-02 -6.695779E-01 -6.658531E-01
     24221  1.375260E-01 -1.867532E+00 -3.504274E-01
     24222 -2.597224E+00  3.937550E-01  1.402419E+01
     24223 -3.736649E+00 -5.356029E-01  1.255243E+01
     24224 -4.670747E+00 -8.558395E-01  1.062635E+01
     24225 -4.597843E+00 -1.506322E+00  4.963393E+00
     24226 -4.205632E+00 -1.636609E+00  2.925020E+00
     24227 -5.103085E+00 -1.779819E+00  7.793652E+00
     24228 -3.701459E+00 -1.889434E+00 -9.984430E-03
     24229 -3.778863E+00 -5.818499E-01  1.425102E+00
     24230 -2.913669E+00 -1.647856E+00 -2.045546E+00
     24231 -1.728586E+00 -2.189239E+00 -2.600513E+00
     24232 -1.997211E+00 -1.224764E+00 -2.901159E+00
     24233 -2.488873E+00 -2.605147E+00 -2.981482E+00
     24234 -1.396032E+00 -1.128108E+00 -3.287293E+00
     24235 -1.005134E+00 -9.680679E-01 -3.011858E+00
     24236 -1.226482E+00 -2.119446E+00 -3.145629E+00
     24237 -7.999939E-01 -9.167174E-01 -2.543665E+00
     24238 -9.279956E-01 -1.916093E+00 -2.759614E+00
     24239 -6.847088E-01 -1.218039E+00 -2.313664E+00
     24240 -6.748782E-01 -1.982629E+00 -1.711220E+00
     24241 -8.294925E-01 -1.991960E+00 -2.746117E+00
     24242 -6.222006E-01 -1.145253E+00 -1.933322E+00
     24243 -6.107744E-01 -1.795867E+00 -1.678439E+00
     24244 -5.891353E-01 -7.965000E-01 -1.523166E+00
     24245 -7.206777E-01 -8.290949E-01 -1.282838E+00
     24246 -6.706382E-01 -1.606411E+00 -1.329563E+00
     24247 -7.079284E-01 -1.412625E+00 -1.228817E+00
     24248 -4.937543E-01 -1.077909E+00 -1.534995E+00
     24249 -4.708113E-01 -1.470276E+00 -1.382986E+00
     24250 -4.393624E-01 -5.842299E-01 -1.340515E+00
     24251 -5.184988E-01 -1.637886E+00 -1.441797E+00
     24252 -2.994538E-01 -1.422860E+00 -1.794301E+00
     24253 -1.106475E-01 -9.704417E-01 -1.234353E+00
     24254 -4.937237E-02 -1.593113E+00 -7.928872E-01
     24255 -1.256536E-01 -1.999535E+00 -1.804849E+00
     24256 -2.094803E-02 -8.824065E-01 -9.634985E-01
     24257  2.630309E-02 -1.550002E+00 -7.598701E-01
     24258  4.094454E-02 -8.760513E-01 -8.193844E-01
     25138  2.411767E-02 -7.407385E-01 -5.821631E-01
     25139 -1.898606E-01 -1.818059E+00 -2.217504E-01
     25140 -1.790467E+00  2.445870E+00  7.718870E+00
     25141  9.078958E-01  2.808236E-01  1.167131E+01
     25142 -4.816105E-02 -7.544852E-01 -6.956550E-01
     25143 -7.848283E-02 -1.455764E+00 -6.458517E-01
     25144 -3.521756E-02 -7.205637E-01 -7.914884E-01
     25145  1.661953E-01 -1.468224E+00 -1.129637E+00
     25146  5.590296E-02 -8.604022E-01 -1.131333E+00
     25147 -2.045118E-02 -1.545201E+00 -1.174508E+00
     25148  2.873256E-01 -1.403964E+00 -1.250057E+00
     25149  2.017315E-01 -7.064997E-01 -1.202376E+00
     25150  3.450482E-01 -7.410290E-01 -1.352149E+00
     25151  4.349439E-01 -1.440119E+00 -1.376254E+00
     25152  5.141557E-01 -1.590986E+00 -1.302027E+00
     25153  4.745761E-01 -7.939342E-01 -1.452937E+00
     25154  6.222876E-01 -1.076674E+00 -1.798223E+00
     25155  6.427441E-01 -1.449658E+00 -1.347450E+00
     25156  7.780475E-01 -4.328246E-01 -1.422902E+00
     25157  8.958661E-01 -1.450248E+00 -1.821347E+00
     25158  8.038645E-01 -1.193524E+00 -1.985915E+00
     25159  9.017953E-01 -9.183499E-01 -1.868306E+00
     25160  9.613722E-01 -1.691316E+00 -1.644707E+00
     25161  9.756969E-01 -1.845113E+00 -2.186095E+00
     25162  9.792104E-01 -9.846288E-01 -2.186404E+00
     25163  1.139021E+00 -8.836903E-01 -2.395781E+00
     25164  1.121439E+00 -1.785728E+00 -2.225082E+00
     25165  1.473544E+00 -1.061354E+00 -2.688779E+00
     25166  1.803748E+00 -1.955383E+00 -2.023024E+00
     25167  1.340560E+00 -1.975120E+00 -2.912839E+00
     25168  1.994298E+00 -9.715916E-01 -2.251783E+00
     25169  2.391666E+00 -2.002654E+00 -1.837303E+00
     25170  2.744276E+00 -1.019962E+00 -1.204239E+00
     25171  3.255017E+00 -2.177845E+00 -2.204545E-01
     25172  3.594061E+00 -1.239440E+00  1.154227E+00
     25173  4.446318E+00 -6.476125E-01  5.100823E+00
     25174  4.580206E+00 -1.024191E+00  7.115143E+00
     25175  4.315827E+00 -1.882498E+00  2.717039E+00
     25176  4.213899E+00 -6.432346E-01  9.911424E+00
     25177  3.707881E+00 -4.189155E-01  1.136605E+01
     25178  2.139686E+00 -1.053959E-01  1.272063E+01
     27517 -9.074367E-01  2.156728E-01  5.403915E-02
     27518 -1.627789E-01 -2.695457E+00 -4.036872E+00
     27519  1.072007E+00 -5.236897E+00 -8.112233E-02
     27520  2.488270E+00 -3.629798E+00 -3.080305E-01
     27521  5.790073E+00  2.524934E+01 -1.249244E+02
     27522  5.093900E+00  2.656566E+01 -1.117291E+02
     27523 -3.242704E-01  1.464173E+01 -9.780831E+01
     27524  2.222496E+00  1.302215E-02  1.368308E+01
     27525  3.230654E+00  2.372268E+00  3.985515E-01
     27526  7.226159E+00  7.749688E+00  3.607141E+00
     27527 -1.024751E+00  7.710878E-01  1.284554E+01
     27528  1.118277E+01  1.926132E+01 -8.720114E+01
     27529  2.221239E+00  8.675119E+00 -1.807800E+01
     27530  4.325882E+00  1.131950E+01 -2.920760E+01
     27531  3.923441E+00  7.459816E+00 -6.195194E-01
     27532  3.631641E+00  9.113452E+00  1.044633E+00
     27533  5.046020E-01  1.236485E+01 -4.989835E+01
     27534  6.735377E+00  1.806437E+01 -6.003612E+01
     27535  7.244291E+00  1.056465E+01 -3.189130E+01
     27536  3.301991E+00  1.039692E+01 -1.113406E+01
     27537  6.571594E+00  1.488763E+01 -3.304966E+01
     27538  5.673896E+00  1.450873E+01 -7.542489E+01
     27539  4.645850E-01  1.411727E+01 -4.670065E+01
     30230  9.066358E-01  2.262216E-01  4.121777E-02
     30231  6.914998E-02 -2.305581E+00 -3.573526E+00
     30232 -2.246867E+00 -3.378460E+00 -2.993938E-01
     30233 -8.562592E-01 -4.764884E+00 -9.171176E-02
     30234 -3.339285E+00  2.364624E+00 -2.813198E-01
     30235 -2.286969E+00 -1.376953E-01  1.331079E+01
     30236  9.677430E-01  2.984076E-01  1.233023E+01
     30237 -5.223479E+00  2.439378E+01 -1.020416E+02
     30238 -5.860253E+00  2.327294E+01 -1.155113E+02
     30239 -1.072043E+01  1.790860E+01 -7.934061E+01
     30240 -7.269191E+00  7.397921E+00  2.433107E+00
     30241 -1.585702E-01  1.313674E+01 -9.073477E+01
     30242 -3.570399E+00  8.307741E+00  1.802412E+00
     30243 -3.250054E+00  9.475075E+00 -9.302181E+00
     30244 -3.986798E+00  6.750775E+00 -8.158642E-01
     30245 -2.320815E+00  7.876376E+00 -1.749562E+01
     30246 -6.328178E+00  1.376418E+01 -2.944293E+01
     30247 -8.234529E-01  1.289222E+01 -4.208482E+01
     30248 -7.461048E+00  9.767010E+00 -2.957900E+01
     30249 -4.227962E+00  1.048959E+01 -2.766172E+01
     30250 -8.181994E-01  1.127294E+01 -4.681673E+01
     30251 -5.790170E+00  1.338630E+01 -6.950264E+01
     30252 -6.622626E+00  1.680508E+01 -5.602444E+01
     32550  1.464332E-01  4.587188E-01 -2.943593E-01
     32551 -1.327319E-01  4.236570E-01 -2.595758E-01
     32552  5.893625E-02  3.606681E-02 -9.256603E-02
     32553 -6.428559E-02  3.683574E-02 -1.071965E-01
     32554 -2.531802E-02  2.684275E-02 -1.323909E-01
     32555  3.800588E-04  3.481447E-02 -1.541554E-01
     32556  1.878634E-02  8.195790E-02 -1.405279E-01
     32557 -5.020743E-03  7.374289E-02 -1.380982E-01
     32558 -7.093034E-01  6.453637E+00  9.411889E+00
     32559 -2.741135E+00  4.285495E+00  1.123843E+01
     32560 -1.498544E+00  4.276580E+00  7.833540E+00
     32561 -2.516150E-01  4.528773E-01  3.409637E+00
     32562  1.908266E-01  4.122669E-01  3.484068E+00
     32563  1.203232E-01  4.799769E-01  3.376711E+00
     32564 -3.128669E-01  4.316482E-01  3.493521E+00
     32565  2.603224E+00  3.877063E+00  1.013860E+01
     32566  8.000618E-01  5.753691E+00  8.552227E+00
     32567  1.513812E+00  3.803462E+00  7.122454E+00
     32568 -3.772398E+00  4.300796E+00  1.032390E+01
     32569  3.559098E+00  3.899242E+00  9.333392E+00
     32570 -2.661988E+00  1.885412E+00  8.052500E+00
     32571 -2.530949E+00  2.616742E+00  8.529937E+00
     32572 -2.640063E+00  3.653833E+00  6.038153E+00
     32573 -2.090659E+00  2.385900E+00  4.266288E+00
     32574 -3.345554E+00  1.221629E+00  6.549005E+00
     32575 -3.360444E+00  1.491261E+00  6.724625E+00
     32576 -3.363019E+00  4.522421E+00  4.425085E+00
     32577 -2.917329E+00  2.441364E+00  4.948909E+00
     32578 -1.963341E+00  1.711153E+00  3.314746E+00
     32579 -3.369561E+00  6.988721E-01  4.563246E+00
     32580 -3.545788E+00  8.992797E-01  4.855839E+00
     32581 -3.238553E+00  3.377996E+00  4.197089E+00
     32582 -2.655139E+00  1.987106E+00  4.545703E+00
     32583 -2.194782E+00  1.250501E+00  3.851377E+00
     32584 -5.085451E+00  1.391355E+00  6.740859E+00
     32585 -4.405780E+00  2.363110E+00  5.129726E+00
     32586 -2.564383E+00  1.633333E+00  4.882942E+00
     32587 -4.059337E+00  4.160848E-01  5.238021E+00
     32588 -4.685881E+00  1.571634E+00  6.443756E+00
     32589 -3.014636E+00  3.352261E-02  4.078119E+00
     32590 -4.061550E+00  5.651531E-01  5.181525E+00
     32591 -2.220198E+00 -9.902629E-02  3.365341E+00
     32592 -3.089589E+00  1.970502E-01  4.125403E+00
     32593 -1.663949E+00 -1.228471E-01  2.988040E+00
     32594 -2.383838E+00  6.443463E-02  3.565986E+00
     32595 -1.279905E+00 -1.017063E-01  2.864710E+00
     32596 -1.905340E+00  3.857006E-02  3.228144E+00
     32597 -1.043545E+00 -1.852995E-01  2.896468E+00
     32598 -1.637589E+00  8.825817E-03  3.135453E+00
     32599 -9.351399E-01 -1.002127E-01  2.889755E+00
     32600 -1.504469E+00  3.089968E-02  3.190523E+00
     32601 -8.908652E-01  2.706183E-02  2.874116E+00
     32602 -1.375375E+00  1.684855E-01  3.145734E+00
     32603 -8.080104E-01 -1.676672E-01  2.981677E+00
     32604 -1.297289E+00  8.480987E-02  3.095239E+00
     32605 -5.868343E-01 -7.712984E-02  2.866431E+00
     32606 -1.171907E+00 -1.790092E-01  3.145941E+00
     32607 -4.523838E-01  1.603120E-01  2.924325E+00
     32608 -9.770062E-01  2.392610E-01  2.997194E+00
     32609 -2.009388E-01 -7.707378E-02  2.982250E+00
     32610 -7.984564E-01  4.227378E-02  3.020474E+00
     32611  6.105338E-03  1.389730E-01  3.075700E+00
     32612 -5.873101E-01  1.259078E-01  3.171061E+00
     32613  1.394810E-01  3.076274E-01  3.177918E+00
     32614 -4.099198E-01  3.027139E-01  3.200462E+00
     32615  1.772528E-01  4.296681E-01  3.328359E+00
     32616 -2.894483E-01  4.148719E-01  3.321592E+00
     32617 -2.996902E-01  4.504479E-01  3.292630E+00
     32618  1.593755E-01  4.540784E-01  3.243225E+00
     32619  2.381398E-01  3.293594E-01  3.027083E+00
     32620 -2.622110E-01  3.536131E-01  3.100185E+00
     32621 -1.118883E-01  2.085267E-01  2.858819E+00
     32622  4.026384E-01  2.204497E-01  2.820025E+00
     32623  1.036312E-01  1.609911E-01  2.671697E+00
     32624  6.042562E-01  1.909075E-01  2.657059E+00
     32625  3.440916E-01  9.487479E-02  2.489828E+00
     32626  8.588781E-01  1.228162E-01  2.557315E+00
     32627  6.089857E-01 -1.233012E-02  2.416480E+00
     32628  1.115938E+00  3.848733E-02  2.604733E+00
     32629  8.224028E-01 -1.434904E-01  2.406207E+00
     32630  1.357400E+00 -1.088020E-02  2.575324E+00
     32631  1.089720E+00  3.387775E-02  2.522425E+00
     32632  1.483535E+00  6.979874E-02  2.761536E+00
     32633  1.738130E+00 -1.286106E-02  2.798907E+00
     32634  1.194826E+00 -1.790615E-01  2.480133E+00
     32635  1.378976E+00 -1.034168E-01  2.601234E+00
     32636  1.897343E+00  5.548103E-02  2.909881E+00
     32637  1.572546E+00 -9.310549E-02  2.667783E+00
     32638  2.169901E+00  9.649849E-02  3.090701E+00
     32639  2.548491E+00  1.721309E-01  3.477582E+00
     32640  1.901420E+00 -4.352392E-02  2.904863E+00
     32641  2.350198E+00  6.054120E-03  3.272992E+00
     32642  3.136759E+00  3.089754E-01  3.967830E+00
     32643  3.950386E+00  6.891703E-01  4.803227E+00
     32644  3.025077E+00  2.191689E-01  3.884992E+00
     32645  4.708186E+00  1.313234E+00  6.239329E+00
     32646  4.227041E+00  6.829385E-01  5.180933E+00
     32647  4.247005E+00  2.165214E+00  4.818716E+00
     32648  4.743707E+00  1.163778E+00  6.147775E+00
     32649  3.517065E+00  9.803147E-01  4.711281E+00
     32650  3.241444E+00  7.725718E-01  4.250538E+00
     32651  2.468643E+00  1.530959E+00  4.388189E+00
     32652  3.192913E+00  1.463847E+00  6.163299E+00
     32653  3.176985E+00  1.247960E+00  5.970813E+00
     32654  2.827443E+00  2.136898E+00  4.051446E+00
     32655  2.519985E+00  1.913079E+00  4.121177E+00
     32656  2.358282E+00  1.355076E+00  3.709470E+00
     32657  2.446655E+00  2.367209E+00  7.770215E+00
     32658  2.587213E+00  1.727265E+00  7.349037E+00
     32659  3.185760E+00  4.108124E+00  4.011935E+00
     32660  2.794324E+00  2.227233E+00  4.486265E+00
     32661  1.923448E+00  1.620931E+00  3.002507E+00
     32662  2.540517E+00  3.342453E+00  5.538244E+00
     32663  2.025630E+00  2.176470E+00  3.860580E+00
     33308 -7.222356E-02 -2.875675E-01 -1.531501E-02
     33309  2.184262E-01  1.535622E-01  4.936489E-03
     33310  1.503157E+00  1.238956E+00 -8.512723E-01
     33311  9.475187E-01 -8.105439E-01 -1.378431E-01
     33312  3.415771E-01  2.039957E+00  2.665826E+00
     33313  1.136792E+00  9.711885E-01  1.050148E+00
     33314 -8.696589E-01  5.522084E+00  7.614012E+00
     33315 -1.958495E-01  3.781608E+00  5.088282E+00
     33316  4.729824E-01  3.335182E+00  5.228878E+00
     33317  9.678053E-01  1.774194E+00  3.986499E+00
     33318 -2.061191E+00  1.115728E+01  1.272360E+01
     33319 -3.236456E+00  1.174089E+01  1.048330E+01
     33320 -1.389814E+00  7.914429E+00  1.153978E+01
     33321 -1.103602E+00  5.874293E+00  7.356496E+00
     33322 -1.578590E+00  9.050198E+00  1.722033E+01
     33323  2.513455E-02  4.717640E+00  8.688893E+00
     33324  6.278447E-02  6.384255E+00  3.477205E+01
     33325 -2.682841E+00  7.357220E+00  2.432108E+01
     33326 -2.203171E+00  9.872019E+00  1.454793E+01
     33327  4.087468E-01  9.919024E+00  2.713707E+01
     33328 -3.180375E+00  1.114617E+01  1.616189E+01
     33329 -1.985092E+00  1.099833E+01  1.814412E+01
     33606  7.489472E-02 -2.432584E-01 -2.513490E-02
     33607 -1.878639E-01  1.379498E-01  8.569386E-03
     33608 -1.339530E+00  1.097132E+00 -7.460919E-01
     33609 -7.721361E-01 -7.106748E-01 -8.220054E-02
     33610 -9.717757E-01  8.669706E-01  1.044717E+00
     33611 -2.702002E-01  1.833615E+00  2.450227E+00
     33612  2.196150E-01  3.396177E+00  4.603632E+00
     33613  8.243304E-01  4.951606E+00  6.844245E+00
     33614 -3.883072E-01  2.981239E+00  4.696385E+00
     33615 -8.536372E-01  1.581241E+00  3.603586E+00
     33616  1.268571E+00  7.079786E+00  1.028600E+01
     33617  9.839073E-01  5.214085E+00  6.600981E+00
     33618  1.411940E+00  8.099382E+00  1.530491E+01
     33619  2.836119E+00  1.056892E+01  9.267571E+00
     33620  1.850283E+00  1.005452E+01  1.120008E+01
     33621 -1.908042E-02  4.212583E+00  7.736778E+00
     33622  2.418273E+00  6.575873E+00  2.137767E+01
     33623 -7.738574E-02  5.666571E+00  3.078741E+01
     33624 -3.592575E-01  8.891162E+00  2.400248E+01
     33625  1.950578E+00  8.968108E+00  1.261949E+01
     33626  1.776208E+00  9.919764E+00  1.607568E+01
     33627  2.867829E+00  1.001912E+01  1.423064E+01

 total force (fx,fy,fz) for set FEET and time  0.6000000E+01

       -7.237571E-10  9.192533E+02 -7.713451E+02
