
                        S T E P       1


                                INCREMENT     1


 displacements (vx,vy,vz) for set TOP and time  0.1000000E+01

     34613 -1.286975E-02  5.773608E-01 -5.215906E-01
     35398 -1.339126E-03  6.269743E-01 -5.578859E-01
     36840 -2.243202E-02  4.535819E-01 -4.329648E-01
     43270  8.097311E-03  6.120818E-01 -5.461785E-01
     45923  1.891512E-02  4.429206E-01 -4.169580E-01

 forces (fx,fy,fz) for set FEET and time  0.1000000E+01

       151 -1.755943E-01  2.322014E-01 -1.676522E+00
       155  3.027913E-01  4.899275E+00 -4.258009E+00
       156 -8.773147E-03 -4.805195E-03 -7.835928E-01
       160  3.356335E-03  4.849421E-01 -2.520535E-01
       161  1.716203E-01  1.956358E-01 -1.513028E+00
       165 -2.695213E-01  4.408080E+00 -3.862829E+00
       194  1.403008E+01  9.287888E+00  1.963789E+01
       195 -2.068503E-01  3.692615E-02  3.069440E-01
       196  6.869653E-01  1.088731E+00 -4.699238E-01
       197 -1.285772E+01  6.570398E+00  1.555471E+01
       221 -6.388886E-01  1.027529E+00 -4.502973E-01
       222  1.166879E+01  5.863848E+00  1.396553E+01
       225  1.563611E-01 -2.249630E-02  3.235470E-01
       226 -1.286344E+01  8.609437E+00  1.813335E+01
       234  6.513874E-02  3.914979E-01  2.056992E+00
       236 -6.349076E-02  3.664411E-01  1.851227E+00
       242 -3.597167E+00  2.793207E+00 -4.276049E+00
       245 -4.340134E+00  4.078478E+00  5.456344E+00
       246  5.598749E+00  4.623217E+00  6.594906E+00
       253  3.204449E+00  2.470888E+00 -3.787251E+00
       254 -5.083197E+00  4.220179E+00  6.020809E+00
       255  3.887287E+00  3.633677E+00  4.852151E+00
      3486  1.406377E+00  1.241661E+00 -1.298142E+01
      3512 -4.072155E-03 -1.317151E-01 -1.175703E+00
      3525  1.569942E-01  1.018848E+00 -2.301978E+00
      3526  3.612795E-01  6.844602E-01 -1.063756E+00
      3527  5.843195E-01  4.962076E-01 -2.323394E+00
      3528  5.115117E-01  3.679490E-01 -1.765205E+00
      3529  3.949449E-01  2.003887E-01 -1.219817E+00
      3530  3.583218E-01  1.212608E-01 -9.448042E-01
      3531  2.503854E-01  5.252769E-02 -6.648146E-01
      3532  2.382724E-01  2.455755E-02 -5.628050E-01
      3533  1.777257E-01 -1.756904E-02 -4.043975E-01
      3534  1.071024E-01 -1.607326E-02 -4.102039E-01
      3535  1.348064E-01 -3.933313E-02 -4.152497E-01
      3536  5.290081E-02 -1.208782E-02 -4.257390E-01
      3537  1.026210E-01 -3.025237E-02 -4.606151E-01
      3538  2.682258E-02  2.576141E-03 -4.936260E-01
      3539  8.921065E-02 -1.284395E-02 -5.324878E-01
      3540  1.695695E-02  1.701039E-02 -5.631795E-01
      3541  8.700027E-02  2.331125E-03 -5.929980E-01
      3542  1.480188E-02  2.546483E-02 -6.091232E-01
      3543  8.720659E-02  1.093315E-02 -6.252236E-01
      3544  1.276395E-02  2.559343E-02 -6.284109E-01
      3545  1.815812E-02  5.899113E-02 -6.527734E-01
      3546  5.571618E-02 -5.691400E-03 -5.689287E-01
      3547  3.245111E-03  2.020234E-02 -6.353214E-01
      3548  2.350927E-02  7.430521E-02 -6.472404E-01
      3549  1.660558E-02  8.962433E-03 -5.764889E-01
      3550 -2.935046E-02  2.852003E-02 -6.562625E-01
      3551  1.568787E-02  7.660836E-02 -7.269397E-01
      3552  1.863598E-02  5.324350E-03 -6.151822E-01
      3553 -1.095131E-05  1.289729E-02 -6.360986E-01
      3554 -6.050590E-02  6.569961E-02 -7.354084E-01
      3555  2.842133E+00  5.221777E-01 -1.200305E+01
      3556  2.754136E+00 -2.756365E-01 -7.895665E+00
      3557  3.871135E+00 -8.607793E-01 -8.251815E+00
      3558  3.725783E+00 -9.674244E-01 -6.485027E+00
      3559  3.401049E+00 -6.533954E-01 -4.691637E+00
      3560  3.077572E+00 -6.276470E-01 -3.512273E+00
      3561  2.652134E+00 -4.110841E-01 -2.368056E+00
      3562  2.304419E+00 -3.836511E-01 -1.710321E+00
      3563  1.944799E+00 -2.725710E-01 -1.107037E+00
      3564  1.618613E+00 -2.042131E-01 -7.262254E-01
      3565  1.387267E+00 -2.177235E-01 -6.261941E-01
      3566  1.158352E+00 -1.490887E-01 -4.276165E-01
      3567  1.016594E+00 -1.915083E-01 -5.241766E-01
      3568  8.721277E-01 -1.386185E-01 -4.415105E-01
      3569  7.967062E-01 -1.988586E-01 -6.253905E-01
      3570  7.108525E-01 -1.482300E-01 -5.689851E-01
      3571  6.757075E-01 -2.168077E-01 -7.676903E-01
      3572  6.213288E-01 -1.632754E-01 -6.846387E-01
      3573  5.992383E-01 -2.335429E-01 -8.585869E-01
      3574  5.488262E-01 -1.749194E-01 -7.350453E-01
      3575  5.324893E-01 -2.073965E-01 -8.264858E-01
      3576  4.731848E-01 -1.863087E-01 -8.320843E-01
      3577  3.845536E-01 -1.900708E-01 -7.300678E-01
      3578  3.403615E-01 -2.141236E-01 -8.406766E-01
      3579  2.628226E-01 -2.056632E-01 -7.965387E-01
      3580  1.831652E-01 -2.001514E-01 -8.014779E-01
      3581  1.258695E-01 -2.735697E-01 -9.899923E-01
      3582  8.372839E-02 -2.091099E-01 -1.012110E+00
      3583  2.680091E-02 -2.288336E-01 -9.556021E-01
      3584  1.590013E-02 -2.202404E-01 -1.004540E+00
      3585  2.848928E-02 -2.674725E-01 -1.149496E+00
      3769  5.022406E-01  4.566699E+00 -2.577561E+00
      3770  1.213138E-02  3.656563E+00 -1.413192E+00
      3771 -2.385206E-01  2.515134E+00 -1.076531E+00
      3772  1.226123E-01  1.789068E+00 -8.265801E-01
      3773 -1.404692E-01  1.358598E+00 -5.179778E-01
      3774  5.291136E-02  9.453265E-01 -3.784838E-01
      3775 -8.626063E-02  7.273000E-01 -2.256087E-01
      3776 -4.056171E-04  4.398798E-01 -2.222109E-01
      3777 -2.454647E-02  5.014644E-01 -2.426001E-02
      3778 -5.222450E-02  3.767265E-01 -6.717707E-02
      3779  6.252875E-03  3.394417E-01 -5.180287E-02
      3780 -4.361557E-02  3.669813E-01 -6.361524E-02
      3781  8.935854E-03  3.720476E-01 -6.244152E-02
      3782 -4.351502E-02  4.213750E-01 -8.695048E-02
      3783  1.461021E-02  4.396015E-01 -9.132604E-02
      3784 -4.553522E-02  4.872245E-01 -1.135351E-01
      3785  2.045998E-02  4.995707E-01 -1.165763E-01
      3786 -4.673828E-02  5.332707E-01 -1.293606E-01
      3787  2.513268E-02  5.328813E-01 -1.278497E-01
      3788 -4.589317E-02  5.475081E-01 -1.335834E-01
      3789 -7.347063E-02  5.553287E-01 -1.238488E-01
      3790 -1.112093E-02  6.509482E-01 -7.746681E-03
      3791 -4.626991E-02  5.457584E-01 -1.237467E-01
      3792 -8.571310E-02  5.715824E-01 -1.365444E-01
      3793  2.525725E-03  6.565927E-01 -3.649299E-02
      3794 -4.492574E-02  5.657415E-01 -1.368678E-01
      3795 -1.625739E-03  4.810999E-01 -2.386340E-01
      3796  6.158355E-03  7.023242E-01 -3.536102E-02
      3797 -5.476848E-03  7.334387E-01 -6.087072E-02
      3798 -4.135385E-02  6.172178E-01 -1.625737E-01
      3799  1.523311E+00  7.626513E+00 -1.142952E+01
      3800  1.339235E+00  5.700133E+00 -7.861850E+00
      3801  1.114674E+00  4.392292E+00 -5.562898E+00
      3802  9.614324E-01  2.209081E+00 -3.891415E+00
      3803  8.778323E-01  2.289200E+00 -2.940200E+00
      3804  7.359238E-01  1.149317E+00 -2.025685E+00
      3805  6.404996E-01  1.150239E+00 -1.463990E+00
      3806  5.218386E-01  5.750928E-01 -1.021945E+00
      3807  4.500729E-01  4.949712E-01 -7.569947E-01
      3808  3.680482E-01  4.545754E-01 -5.472089E-01
      3809  2.933577E-01  2.921828E-01 -5.148075E-01
      3810  2.456994E-01  3.703627E-01 -4.540104E-01
      3811  2.082999E-01  3.001964E-01 -5.239637E-01
      3812  1.797069E-01  4.235880E-01 -5.218449E-01
      3813  1.612678E-01  3.643274E-01 -6.288428E-01
      3814  1.466674E-01  5.142593E-01 -6.373259E-01
      3815  1.385449E-01  4.314154E-01 -7.372663E-01
      3816  1.316226E-01  5.855714E-01 -7.271120E-01
      3817  1.260441E-01  4.729072E-01 -8.021843E-01
      3818  1.192013E-01  6.165953E-01 -7.656287E-01
      3819  1.121335E-01  4.979552E-01 -8.126560E-01
      3820  1.161716E-01  5.571511E-01 -8.230549E-01
      3821  9.354769E-02  6.118261E-01 -7.522538E-01
      3822  7.014916E-02  5.007664E-01 -8.126728E-01
      3823  7.982854E-02  5.791787E-01 -8.293842E-01
      3824  4.503643E-02  6.535572E-01 -7.845274E-01
      3825  2.135914E-02  5.139633E-01 -8.806134E-01
      3826  2.872136E-02  6.039559E-01 -8.953226E-01
      3827  2.215910E-02  7.131460E-01 -8.662656E-01
      3828  6.914645E-03  7.627001E-01 -8.907592E-01
      3829 -6.325240E-03  6.292920E-01 -9.918255E-01
      3843 -1.295553E+00  1.132038E+00 -1.165656E+01
      3856  1.660762E-02  2.026910E-02 -6.578433E-01
      3857 -4.943171E-03  7.043221E-03 -6.348395E-01
      3858 -1.926294E-03  3.005235E-03 -6.311542E-01
      3859 -9.601693E-03  9.692806E-05 -6.161405E-01
      3860 -1.521462E-02 -9.315148E-03 -6.143510E-01
      3861 -1.370072E-02 -1.019005E-02 -5.984440E-01
      3862 -2.783573E-02 -1.123240E-02 -5.872151E-01
      3863 -3.346284E-02 -8.107176E-03 -5.671999E-01
      3864 -4.425207E-02 -9.687665E-03 -5.670901E-01
      3865 -5.354979E-02 -1.016352E-02 -5.610300E-01
      3866 -5.956910E-02 -1.009139E-02 -5.567185E-01
      3867 -6.455219E-02 -1.131868E-02 -5.498076E-01
      3868 -6.816677E-02 -1.152973E-02 -5.402229E-01
      3869 -7.072467E-02 -1.222445E-02 -5.268641E-01
      3870 -7.255363E-02 -1.347312E-02 -5.079232E-01
      3871 -7.450169E-02 -1.669183E-02 -4.848391E-01
      3872 -7.806095E-02 -2.030626E-02 -4.563586E-01
      3873 -8.413005E-02 -2.537971E-02 -4.268630E-01
      3874 -9.448789E-02 -2.960126E-02 -3.984442E-01
      3875 -1.143440E-01 -3.190464E-02 -3.771439E-01
      3876 -1.387811E-01 -3.067147E-02 -3.776466E-01
      3877 -1.723878E-01 -2.246480E-02 -4.063619E-01
      3878 -2.209488E-01 -4.232604E-03 -4.734540E-01
      3879 -2.781262E-01  2.875234E-02 -5.984786E-01
      3880 -3.456402E-01  8.015770E-02 -7.963313E-01
      3881 -4.218963E-01  1.559009E-01 -1.084233E+00
      3882 -5.066422E-01  2.651915E-01 -1.485724E+00
      3883 -6.079427E-01  4.147635E-01 -2.046234E+00
      3884 -3.522796E-01  5.945482E-01 -9.833080E-01
      3885 -2.206653E-01  6.968995E-01 -1.860599E+00
      3886 -3.347432E-02 -2.312717E-01 -1.103533E+00
      3887 -3.333577E-02 -2.526877E-01 -9.949968E-01
      3888 -5.688665E-02 -2.438846E-01 -9.691512E-01
      3889 -8.864570E-02 -2.352619E-01 -8.988540E-01
      3890 -1.395416E-01 -2.248532E-01 -8.368041E-01
      3891 -1.938411E-01 -2.159864E-01 -7.704790E-01
      3892 -2.681083E-01 -2.146515E-01 -7.109623E-01
      3893 -3.330869E-01 -1.962914E-01 -6.892400E-01
      3894 -4.142180E-01 -1.905264E-01 -6.511092E-01
      3895 -4.849126E-01 -1.857692E-01 -6.333491E-01
      3896 -5.543835E-01 -1.797537E-01 -6.244908E-01
      3897 -6.188602E-01 -1.782774E-01 -6.204701E-01
      3898 -6.771953E-01 -1.748884E-01 -6.166462E-01
      3899 -7.310769E-01 -1.700472E-01 -6.090569E-01
      3900 -7.815578E-01 -1.640966E-01 -5.932052E-01
      3901 -8.341461E-01 -1.592127E-01 -5.691439E-01
      3902 -8.933074E-01 -1.538095E-01 -5.362646E-01
      3903 -9.699055E-01 -1.507131E-01 -5.041211E-01
      3904 -1.070596E+00 -1.519731E-01 -4.843728E-01
      3905 -1.207003E+00 -1.618092E-01 -4.917820E-01
      3906 -1.385747E+00 -1.761333E-01 -5.742738E-01
      3907 -1.608891E+00 -2.025408E-01 -7.494867E-01
      3908 -1.878458E+00 -2.483186E-01 -1.039245E+00
      3909 -2.193159E+00 -3.115218E-01 -1.502757E+00
      3910 -2.538611E+00 -3.948339E-01 -2.170837E+00
      3911 -2.891668E+00 -4.998780E-01 -3.076809E+00
      3912 -3.218799E+00 -6.229576E-01 -4.246606E+00
      3913 -3.477339E+00 -7.488800E-01 -5.698257E+00
      3914 -3.646624E+00 -8.157320E-01 -7.463928E+00
      3915 -2.533170E+00 -2.699130E-01 -7.097637E+00
      3916 -2.629691E+00  5.800614E-01 -1.073911E+01
      4100 -4.832280E-03  7.150674E-01 -3.954458E-02
      4101  5.434180E-04  7.696198E-01 -3.254415E-02
      4102  7.566667E-03  7.479984E-01 -3.079139E-02
      4103  9.527045E-03  7.312002E-01 -2.886261E-02
      4104  1.001306E-02  7.206181E-01 -2.180759E-02
      4105  1.467703E-02  6.974641E-01 -2.364245E-02
      4106  9.399096E-03  6.742787E-01 -1.215274E-02
      4107  8.232613E-03  6.420870E-01 -1.547001E-02
      4108  1.530817E-02  6.372040E-01 -2.291279E-02
      4109  1.696049E-02  6.310903E-01 -2.080645E-02
      4110  2.152137E-02  6.261795E-01 -2.368172E-02
      4111  2.296804E-02  6.234038E-01 -1.911314E-02
      4112  2.440857E-02  6.131515E-01 -1.989907E-02
      4113  2.540773E-02  5.975169E-01 -1.998365E-02
      4114  2.687603E-02  5.758719E-01 -1.904414E-02
      4115  2.778453E-02  5.498833E-01 -1.445565E-02
      4116  2.851885E-02  5.180292E-01 -1.008711E-02
      4117  3.061225E-02  4.865107E-01 -3.680838E-03
      4118  3.015071E-02  4.618923E-01 -1.050162E-03
      4119  3.562916E-02  4.489317E-01  2.803385E-03
      4120  3.892395E-02  4.556877E-01 -9.417081E-05
      4121  4.155767E-02  5.041339E-01 -2.705144E-02
      4122  4.916257E-02  6.093263E-01 -7.032158E-02
      4123  5.651047E-02  7.808610E-01 -1.386923E-01
      4124  6.532990E-02  1.042990E+00 -2.395313E-01
      4125  7.446979E-02  1.411828E+00 -3.812014E-01
      4126  8.188142E-02  1.906216E+00 -5.758246E-01
      4127  8.828640E-02  2.571525E+00 -8.488128E-01
      4128  7.001714E-02  3.544922E+00 -1.304703E+00
      4129 -2.184674E-01  4.302371E+00 -2.091459E+00
      4130  4.523875E-03  6.659739E-01 -9.665213E-01
      4131  6.940363E-03  7.672377E-01 -8.510395E-01
      4132 -1.390523E-02  7.899154E-01 -8.095388E-01
      4133 -3.841606E-02  7.492125E-01 -7.938354E-01
      4134 -4.957476E-02  7.133429E-01 -7.716497E-01
      4135 -5.371163E-02  7.429238E-01 -7.247187E-01
      4136 -6.265663E-02  6.621050E-01 -7.234036E-01
      4137 -6.740102E-02  6.448894E-01 -6.916785E-01
      4138 -1.078710E-01  6.192629E-01 -6.984908E-01
      4139 -1.245360E-01  6.139256E-01 -6.896494E-01
      4140 -1.380490E-01  6.068697E-01 -6.876273E-01
      4141 -1.517556E-01  6.079881E-01 -6.741528E-01
      4142 -1.644252E-01  6.001283E-01 -6.652344E-01
      4143 -1.749227E-01  5.885853E-01 -6.536902E-01
      4144 -1.836176E-01  5.700483E-01 -6.360057E-01
      4145 -1.926635E-01  5.444805E-01 -6.079581E-01
      4146 -2.033917E-01  5.119384E-01 -5.719172E-01
      4147 -2.180571E-01  4.759389E-01 -5.323138E-01
      4148 -2.397633E-01  4.429544E-01 -4.930107E-01
      4149 -2.615656E-01  4.240227E-01 -4.797026E-01
      4150 -2.942333E-01  4.288669E-01 -4.835040E-01
      4151 -3.587108E-01  4.795636E-01 -5.364266E-01
      4152 -4.387037E-01  5.930453E-01 -6.867877E-01
      4153 -5.240362E-01  7.913869E-01 -9.380038E-01
      4154 -6.210720E-01  1.101936E+00 -1.326478E+00
      4155 -7.268243E-01  1.550583E+00 -1.883781E+00
      4156 -8.358105E-01  2.156381E+00 -2.645358E+00
      4157 -9.439207E-01  2.959561E+00 -3.660964E+00
      4158 -1.046300E+00  4.077515E+00 -5.032591E+00
      4159 -1.232152E+00  6.007856E+00 -7.222855E+00
      4160 -1.358883E+00  7.181636E+00 -1.042109E+01
      4882  1.084638E+00 -8.319048E-01  1.514145E+00
      4883  3.366680E+00 -1.111331E-01  2.956344E+00
      4884  6.534662E+00  8.544761E-02  4.626969E+00
      4885  1.349422E+01 -1.818486E-01  5.781862E+00
      4886 -1.105988E+00 -1.425824E-01 -2.895945E+00
      4887  2.377253E+00 -2.396639E+00  5.731784E+00
      4888  6.653770E+00 -3.662048E+00  1.617407E+01
      4889  1.459894E+01 -4.353759E+00  2.943916E+01
      4890  2.381361E+01 -4.223859E+00  4.863598E+01
      5039 -7.837091E-01  2.087052E+00 -4.163042E+00
      5040 -3.107745E+00  1.995584E+01  8.254893E+01
      5041  3.382622E+00 -1.330344E+00 -2.004074E+00
      5042  1.250277E+00 -6.362123E-01 -9.160906E-01
      5043 -1.282707E+00 -5.030852E-01  4.753354E-01
      5044 -8.186127E+00 -3.658572E-01  2.736511E+00
      5045  3.821985E+00  1.620765E+00 -9.674035E+00
      5046  2.884150E+00 -1.789145E+00 -6.046859E+00
      5047 -1.713688E+00 -3.442991E+00  3.554435E+00
      5048 -9.296694E+00 -4.728778E+00  1.772777E+01
      5049 -1.867278E+01 -5.730157E+00  3.992517E+01
      5789 -3.281725E+00 -1.203472E+00 -1.926352E+00
      5790 -1.378829E+00 -5.795899E-01 -9.802940E-01
      5791  9.217339E-01 -4.557771E-01  2.933236E-01
      5792  7.257102E+00 -3.556127E-01  2.323129E+00
      5793 -3.559585E+00  1.532867E+00 -9.011065E+00
      5794 -2.825721E+00 -1.622994E+00 -5.937736E+00
      5795  1.358276E+00 -3.147428E+00  2.742206E+00
      5796  8.202862E+00 -4.336974E+00  1.563928E+01
      5797  1.686315E+01 -5.289935E+00  3.602168E+01
      5955  7.874417E-01  1.850206E+00 -3.702010E+00
      5956  3.106862E+00  1.820328E+01  7.531034E+01
      5957 -1.168303E+00 -7.525274E-01  1.555490E+00
      5958 -3.271225E+00 -9.436075E-02  2.907045E+00
      5959 -6.194643E+00  8.611600E-02  4.443173E+00
      5960 -1.260064E+01 -1.501400E-01  5.416324E+00
      5961  8.608272E-01 -2.361663E-01 -2.268990E+00
      5962 -2.413610E+00 -2.242604E+00  5.827589E+00
      5963 -6.328596E+00 -3.372400E+00  1.541071E+01
      5964 -1.364374E+01 -3.976902E+00  2.750326E+01
      5965 -2.193436E+01 -3.804442E+00  4.483204E+01
      6592  1.888904E+00  5.919547E-01 -6.406295E+00
      6597 -1.763583E+00  5.610266E-01 -5.737609E+00
      6599 -5.119983E-02  2.245234E+00  3.105491E+00
      6600 -4.171426E-01  1.778982E+00  3.394692E+00
      6601 -2.487387E-01  1.219831E+00  2.310684E+00
      6602 -1.016767E-01  8.187616E-01  1.573563E+00
      6603 -1.876373E-02  5.811394E-01  1.118006E+00
      6604  2.845045E-02  4.117193E-01  8.006330E-01
      6605  5.892668E-02  3.308704E-01  6.291580E-01
      6606  7.446072E-02  2.801293E-01  5.306304E-01
      6607  7.973377E-02  2.719280E-01  4.975536E-01
      6608  8.359958E-02  2.979197E-01  5.218738E-01
      6609  7.639139E-02  3.134405E-01  5.490907E-01
      6610  7.405664E-02  3.587426E-01  6.125952E-01
      6611  6.396187E-02  3.798919E-01  6.568240E-01
      6612  6.047409E-02  4.267094E-01  7.244643E-01
      6613  5.036651E-02  4.409985E-01  7.609637E-01
      6614  4.721935E-02  4.806215E-01  8.154416E-01
      6615  3.808896E-02  4.823945E-01  8.322770E-01
      6616  3.592662E-02  5.118425E-01  8.668747E-01
      6617  2.837071E-02  5.022465E-01  8.642390E-01
      6618  2.433740E-02  5.219234E-01  8.779229E-01
      6619  2.501747E-02  5.318810E-01  8.751395E-01
      6620  1.942004E-02  5.096608E-01  8.700246E-01
      6621  1.643222E-02  5.245494E-01  8.784761E-01
      6622  1.436072E-02  5.128322E-01  8.763033E-01
      6623  1.038871E-02  5.138360E-01  8.744400E-01
      6624  5.523522E-03  5.394197E-01  8.886371E-01
      6625  1.522993E-02  5.538511E-01  8.933132E-01
      6626  7.195095E-03  5.292209E-01  9.058318E-01
      6627  5.744905E-03  5.354097E-01  9.170171E-01
      6628  1.871478E-03  5.758510E-01  9.253417E-01
      6629 -7.055784E-03  5.702701E-01  9.239262E-01
      6630 -3.849130E-03  5.305538E-01  9.207898E-01
      6631 -5.304740E-03  5.379232E-01  9.210609E-01
      6632 -8.715054E-03  5.311063E-01  9.139008E-01
      6633 -8.725302E-03  5.295126E-01  9.087833E-01
      6634 -1.344196E-02  5.352553E-01  9.125438E-01
      6635 -1.805449E-02  5.184296E-01  8.962561E-01
      6636 -1.760073E-02  5.167833E-01  8.837543E-01
      6637 -2.333735E-02  5.095462E-01  8.787147E-01
      6638 -2.775702E-02  5.071055E-01  8.768735E-01
      6639 -3.215068E-02  5.031767E-01  8.709265E-01
      6640 -3.661239E-02  4.961340E-01  8.619403E-01
      6641 -4.125820E-02  4.865006E-01  8.476036E-01
      6642 -4.622129E-02  4.738986E-01  8.276516E-01
      6643 -5.175745E-02  4.575592E-01  8.003589E-01
      6644 -5.733826E-02  4.359514E-01  7.633246E-01
      6645 -6.360214E-02  4.101159E-01  7.193400E-01
      6646 -6.998767E-02  3.797030E-01  6.665481E-01
      6647 -7.610150E-02  3.461918E-01  6.103091E-01
      6648 -8.075172E-02  3.104354E-01  5.558891E-01
      6649 -8.315754E-02  2.833252E-01  5.115716E-01
      6650 -8.249447E-02  2.674610E-01  4.902900E-01
      6651 -7.618796E-02  2.674828E-01  5.082732E-01
      6652 -6.117466E-02  3.004090E-01  5.851980E-01
      6653 -3.449856E-02  3.776739E-01  7.446792E-01
      6654  9.719247E-03  5.159205E-01  1.015375E+00
      6655  8.544638E-02  7.380115E-01  1.437794E+00
      6656  2.200723E-01  1.083998E+00  2.088427E+00
      6657  3.682537E-01  1.606279E+00  3.087728E+00
      6658  3.095737E-02  2.022861E+00  2.816225E+00
      6659  9.914693E-01  1.939279E+00  4.211472E+00
      6660  5.224734E-01  1.751514E+00  4.192137E+00
      6661  1.506756E+00  7.742569E-01  3.694169E+00
      6662  1.731616E+00  3.468105E-01  2.312689E+00
      6663  1.765918E+00  1.859819E-01  1.559056E+00
      6664  1.684534E+00  1.276321E-01  1.166695E+00
      6665  1.545247E+00  1.491663E-01  9.996809E-01
      6666  1.380695E+00  1.999320E-01  9.814334E-01
      6667  1.217649E+00  2.707362E-01  1.045569E+00
      6668  1.067909E+00  3.480983E-01  1.174254E+00
      6669  9.295399E-01  4.226952E-01  1.328183E+00
      6670  8.135171E-01  4.876489E-01  1.474198E+00
      6671  7.152157E-01  5.436908E-01  1.617752E+00
      6672  6.375689E-01  5.879515E-01  1.738567E+00
      6673  5.720925E-01  6.246122E-01  1.848107E+00
      6674  5.223022E-01  6.500270E-01  1.930177E+00
      6675  4.776454E-01  6.704566E-01  1.999388E+00
      6676  4.427804E-01  6.822898E-01  2.043113E+00
      6677  4.062094E-01  6.917097E-01  2.077920E+00
      6678  3.751763E-01  6.953284E-01  2.096240E+00
      6679  3.334207E-01  7.015540E-01  2.118263E+00
      6680  2.860604E-01  7.050668E-01  2.116025E+00
      6681  2.497957E-01  6.936314E-01  2.105587E+00
      6682  1.982310E-01  6.929079E-01  2.101967E+00
      6683  1.552084E-01  6.825481E-01  2.083568E+00
      6684  1.184950E-01  6.775952E-01  2.086459E+00
      6685  8.095287E-02  6.705034E-01  2.090677E+00
      6686  4.332021E-02  6.663753E-01  2.080533E+00
      6687  2.545811E-02  6.565387E-01  2.069016E+00
      6688  1.109550E-02  6.581029E-01  2.089240E+00
      6689 -8.972464E-03  6.827981E-01  2.070320E+00
      6690 -2.901260E-02  6.598851E-01  2.088453E+00
      6691 -3.453980E-02  6.649818E-01  2.091379E+00
      6692 -5.989758E-02  6.736262E-01  2.108400E+00
      6693 -8.792774E-02  6.849591E-01  2.126999E+00
      6694 -1.198675E-01  6.999255E-01  2.160328E+00
      6695 -1.796773E-01  7.093402E-01  2.172045E+00
      6696 -2.244677E-01  7.092432E-01  2.153374E+00
      6697 -2.703457E-01  7.187191E-01  2.153972E+00
      6698 -3.175401E-01  7.183475E-01  2.150060E+00
      6699 -3.695378E-01  7.188484E-01  2.145052E+00
      6700 -4.193776E-01  7.132107E-01  2.126207E+00
      6701 -4.668338E-01  7.035454E-01  2.095419E+00
      6702 -5.115562E-01  6.887938E-01  2.050516E+00
      6703 -5.551455E-01  6.690109E-01  1.991320E+00
      6704 -6.004472E-01  6.429113E-01  1.914354E+00
      6705 -6.477390E-01  6.102945E-01  1.820288E+00
      6706 -7.043704E-01  5.706052E-01  1.707958E+00
      6707 -7.716554E-01  5.217511E-01  1.576965E+00
      6708 -8.548903E-01  4.646939E-01  1.431136E+00
      6709 -9.564747E-01  3.995464E-01  1.277084E+00
      6710 -1.075413E+00  3.271923E-01  1.125732E+00
      6711 -1.210725E+00  2.531155E-01  9.969683E-01
      6712 -1.357027E+00  1.855372E-01  9.189117E-01
      6713 -1.502831E+00  1.353235E-01  9.267172E-01
      6714 -1.629563E+00  1.189029E-01  1.068743E+00
      6715 -1.704946E+00  1.619932E-01  1.414027E+00
      6716 -1.671228E+00  3.155588E-01  2.089501E+00
      6717 -1.464748E+00  6.924039E-01  3.343489E+00
      6718 -5.270925E-01  1.588099E+00  3.802314E+00
      6719 -9.468995E-01  1.759319E+00  3.811082E+00
      7093 -1.413495E-01  9.082281E+00 -2.166217E+01
      7122 -2.303827E-01  1.481655E+01  3.717134E+01
      7140 -2.952754E+00 -2.334846E-01  1.913329E+00
      7141 -1.281677E+00 -1.950232E-01  1.003281E+00
      7142 -8.300012E+00  1.440098E+00  1.990241E+01
      7143 -4.272700E+00  4.232444E-01  1.021617E+01
      7144 -1.270345E+00  2.532223E-01  3.034585E+00
      7145  4.420788E+00 -5.629728E-02  2.145732E+00
      7146  1.649296E+00 -2.066622E-01  5.396404E-01
      7147 -1.558521E+00 -2.594315E-01 -9.279977E-01
      7148  1.048207E+01  1.402176E+00  2.468237E+01
      7149  4.852756E+00  1.108086E-01  1.163834E+01
      7150 -2.537301E-01 -1.157988E-02  1.459376E-01
      7151 -5.434815E+00  4.419978E-01 -1.282614E+01
      7191  1.170762E-01  8.120823E+00 -1.937201E+01
      7220  2.362136E-01  1.337618E+01  3.355153E+01
      7238 -4.074613E+00 -4.731054E-02  2.021088E+00
      7239 -1.580567E+00 -1.827862E-01  5.716427E-01
      7240  1.310387E+00 -2.323981E-01 -7.326398E-01
      7241 -9.563449E+00  1.272635E+00  2.252184E+01
      7242 -4.497907E+00  9.436081E-02  1.077648E+01
      7243  1.013738E-01 -1.063637E-02  4.293150E-01
      7244  4.763761E+00  3.848599E-01 -1.127525E+01
      7245  2.624405E+00 -2.020338E-01  1.664931E+00
      7246  1.125076E+00 -1.743264E-01  8.478668E-01
      7247  7.461078E+00  1.286684E+00  1.780912E+01
      7248  3.838855E+00  3.777008E-01  9.098013E+00
      7249  1.108083E+00  2.372387E-01  2.633918E+00
     49076 -2.067075E-02  9.288660E-02  3.985023E-02
     49077 -1.044217E-02  7.271551E-02  2.759464E-02
     49078 -8.477832E-03  8.010174E-02  2.976246E-02
     49079 -1.064905E-02  8.087080E-02  2.940012E-02
     49080 -7.401176E-03  8.673200E-02  3.205878E-02
     49081 -1.359056E-02  6.412209E-02  6.836304E-03
     49082 -9.716467E-03  6.420435E-02  6.117054E-03
     49083  3.321299E-03  9.974176E-02 -1.963383E-02
     49084  2.615858E-03  9.742024E-02 -1.694474E-02
     49085  9.152055E-04  8.814489E-02 -1.434248E-02
     49086 -6.758410E-03  9.048357E-02  3.347944E-02
     49087 -1.376309E-02  6.456565E-02  7.095760E-03
     49088 -1.655274E-02  7.320630E-02  7.373862E-03
     49089 -9.349826E-03  5.030515E-02  2.952632E-02
     49090  1.286178E-03  8.394618E-02 -1.434253E-02
     49091  1.165915E-03  9.048706E-02 -1.446130E-02
     49092 -1.960936E-02  4.584141E-01  4.662444E-02
     49093 -4.980830E-02  1.383853E-01  7.974743E-02
     49094 -5.275552E-03  7.544237E-02  5.910337E-02
     49095 -4.080123E-02  2.414418E-01  1.005523E-01
     49096 -3.238407E-02  1.413887E-01  5.932435E-02
     49097  3.229950E-03  6.526108E-02 -1.245051E-02
     49098 -1.387173E-02  6.895585E-02  2.684143E-02
     49099  4.790989E-03  9.159638E-02  3.610063E-02
     49100 -1.574052E-02  7.374829E-02  1.066122E-02
     49101  1.097183E-03  7.787949E-02 -1.427865E-02
     49102  6.843211E-03  1.015405E-01 -2.071464E-02
     49103 -5.312108E-03  4.673139E-02  8.802056E-03
     49104  4.263899E-04  6.960248E-02 -1.293902E-02
     49105 -1.476460E-02  4.761435E-02  6.717250E-03
     49106  4.948322E-03  9.786786E-02 -1.959399E-02
     49107  2.062778E+00 -2.137198E-01 -1.332352E+01
     49108  1.726552E+00  8.682694E-01 -1.075355E+01
     49109  2.353978E+00  4.410133E-02 -9.106710E+00
     49110  2.366568E+00  8.304459E-01 -1.288853E+01
     49111  2.537389E-02 -1.514238E-01 -9.518518E-01
     49112 -3.249013E-04 -5.572641E-02 -1.299640E+00
     49113 -4.512907E-02 -1.170877E-01 -9.394897E-01
     49114  7.266276E-03 -4.042490E-02 -1.330349E+00
     49115  2.138907E+00 -2.056673E-01 -7.879023E+00
     49116  1.990358E+00 -4.687784E-01 -6.976451E+00
     49117  2.067240E+00 -1.301339E+00 -9.172296E+00
     49118  2.343937E+00 -4.973729E-01 -9.752957E+00
     49119  1.973659E+00 -4.762557E-01 -5.898517E+00
     49120  1.815134E+00 -4.647496E-01 -5.216524E+00
     49121  2.269682E+00 -9.739033E-01 -7.225373E+00
     49122  2.391069E+00 -1.709618E-01 -8.888326E+00
     49123  2.166051E+00 -6.152578E-01 -7.242318E+00
     49124  1.801927E+00 -1.677832E-01 -4.257811E+00
     49125  1.799172E+00 -1.732746E-01 -3.690467E+00
     49126  2.277657E+00 -9.280196E-01 -5.194554E+00
     49127  2.215856E+00 -3.819363E-01 -6.614284E+00
     49128  2.050039E+00  1.683928E-01 -5.608858E+00
     49129  1.625636E+00 -2.986973E-01 -3.260186E+00
     49130  1.504325E+00 -3.183879E-01 -2.875033E+00
     49131  1.699872E+00 -6.773250E-01 -3.763604E+00
     49132  1.745795E+00 -3.704809E-01 -3.975714E+00
     49133  1.796971E+00  2.069647E-01 -5.013222E+00
     49134  1.432611E+00 -1.295909E-01 -2.292636E+00
     49135  1.389819E+00 -1.337474E-01 -1.963160E+00
     49136  1.756775E+00 -5.711220E-01 -2.842082E+00
     49137  1.729462E+00 -1.919216E-01 -3.621765E+00
     49138  1.565653E+00  5.255495E-02 -2.981688E+00
     49139  1.234291E+00 -2.069277E-01 -1.705256E+00
     49140  1.133850E+00 -2.175497E-01 -1.491657E+00
     49141  1.302725E+00 -4.074237E-01 -2.003198E+00
     49142  1.395118E+00  8.982097E-02 -2.634281E+00
     49143  1.326106E+00 -2.105601E-01 -2.108106E+00
     49144  1.040779E+00 -1.013641E-01 -1.164378E+00
     49145  9.912987E-01 -1.060562E-01 -1.017725E+00
     49146  1.279354E+00 -3.764022E-01 -1.488923E+00
     49147  1.114442E+00 -1.667479E-03 -1.517578E+00
     49148  1.254606E+00 -1.114770E-01 -1.902972E+00
     49149  8.410398E-01 -1.049167E-01 -8.234368E-01
     49150  8.087439E-01 -1.749288E-01 -8.189477E-01
     49151  9.779337E-01 -2.792604E-01 -1.007105E+00
     49152  1.005681E+00  3.118803E-02 -1.356728E+00
     49153  9.191778E-01 -6.864044E-02 -1.125512E+00
     49154  7.364744E-01 -1.699282E-01 -6.960499E-01
     49155  6.686688E-01 -1.508619E-01 -6.336621E-01
     49156  8.045977E-01 -3.066233E-01 -8.652855E-01
     49157  7.932571E-01 -1.198803E-01 -9.347556E-01
     49158  8.276741E-01  2.265410E-04 -1.047898E+00
     49159  5.908987E-01 -8.031166E-02 -5.248487E-01
     49160  5.903151E-01 -8.048457E-02 -5.072411E-01
     49161  7.629011E-01 -2.831169E-01 -6.897503E-01
     49162  6.991157E-01 -7.397421E-02 -8.782625E-01
     49163  6.239330E-01 -3.629883E-02 -7.321533E-01
     49164  5.151592E-01 -1.438968E-01 -5.344872E-01
     49165  4.754040E-01 -1.441836E-01 -5.365611E-01
     49166  4.877006E-01 -2.533133E-01 -6.303062E-01
     49167  5.704627E-01 -2.323273E-02 -7.129848E-01
     49168  5.677580E-01 -8.014144E-02 -7.908131E-01
     49169  4.134186E-01 -7.828646E-02 -4.895465E-01
     49170  4.388403E-01 -7.734341E-02 -5.085457E-01
     49171  5.670053E-01 -2.942044E-01 -6.297839E-01
     49172  4.432453E-01 -3.900445E-02 -7.122471E-01
     49173  4.729996E-01 -8.289075E-02 -7.792712E-01
     49174  3.844015E-01 -1.507691E-01 -5.800876E-01
     49175  3.576827E-01 -1.502156E-01 -6.036365E-01
     49176  3.255235E-01 -2.778643E-01 -6.662162E-01
     49177  4.070922E-01 -3.001427E-02 -7.324647E-01
     49178  4.321567E-01 -8.149672E-02 -8.712897E-01
     49179  3.085767E-01 -8.116168E-02 -5.735249E-01
     49180  3.568046E-01 -7.985183E-02 -6.030572E-01
     49181  4.595807E-01 -3.217572E-01 -7.179881E-01
     49182  3.431504E-01 -3.657227E-02 -8.410280E-01
     49183  3.417797E-01 -9.469144E-02 -8.803830E-01
     49184  3.136043E-01 -1.612180E-01 -6.907436E-01
     49185  2.939247E-01 -1.607901E-01 -7.155224E-01
     49186  2.341255E-01 -3.111818E-01 -7.830639E-01
     49187  3.157037E-01 -3.013896E-02 -8.725124E-01
     49188  3.605707E-01 -9.161905E-02 -1.019606E+00
     49189  2.536211E-01 -8.546542E-02 -6.781020E-01
     49190  3.159364E-01 -8.440625E-02 -7.015939E-01
     49191  4.080647E-01 -3.505323E-01 -8.394955E-01
     49192  2.948186E-01 -3.426053E-02 -9.874365E-01
     49193  2.741070E-01 -1.050267E-01 -1.031381E+00
     49194  2.768669E-01 -1.704594E-01 -7.864842E-01
     49195  2.594500E-01 -1.707961E-01 -8.018774E-01
     49196  1.865128E-01 -3.399062E-01 -8.911786E-01
     49197  2.701972E-01 -2.867456E-02 -1.012575E+00
     49198  3.251868E-01 -1.023407E-01 -1.141797E+00
     49199  2.221223E-01 -9.011426E-02 -7.471525E-01
     49200  2.905517E-01 -8.978382E-02 -7.582450E-01
     49201  3.822060E-01 -3.718988E-01 -9.267548E-01
     49202  2.395812E-01 -1.105217E-01 -1.146882E+00
     49203  2.685981E-01 -3.464300E-02 -1.081908E+00
     49204  2.487568E-01 -1.775849E-01 -8.334972E-01
     49205  2.295499E-01 -1.771324E-01 -8.382267E-01
     49206  1.545926E-01 -3.598133E-01 -9.488566E-01
     49207  2.437177E-01 -2.895118E-02 -1.093892E+00
     49208  2.972642E-01 -1.092529E-01 -1.200594E+00
     49209  1.839928E-01 -9.212813E-02 -7.642280E-01
     49210  2.309499E-01 -1.721290E-01 -8.606370E-01
     49211  3.600718E-01 -3.768209E-01 -9.565228E-01
     49212  2.423586E-01 -4.424275E-02 -1.108640E+00
     49213  2.099329E-01 -1.129879E-01 -1.197953E+00
     49214  1.335662E-01 -9.835523E-02 -7.654749E-01
     49215  1.983675E-01 -2.133423E-01 -9.191180E-01
     49216  3.793766E-01 -4.536017E-01 -9.620153E-01
     49217  1.910823E-01 -8.776214E-03 -1.141391E+00
     49218  2.154837E-01 -1.002690E-01 -1.111416E+00
     49219  1.854852E-01 -2.081662E-01 -8.511972E-01
     49220  1.555539E-01 -1.832059E-01 -8.437698E-01
     49221  2.167886E-01 -4.221210E-01 -1.030465E+00
     49222  1.582535E-01 -4.229040E-03 -1.179636E+00
     49223  2.162991E-01 -1.352225E-01 -1.195230E+00
     49224  1.030914E-01 -9.491680E-02 -7.656930E-01
     49225  1.469339E-01 -1.724665E-01 -8.707589E-01
     49226  2.850234E-01 -3.781012E-01 -9.566590E-01
     49227  1.598056E-01 -4.507444E-02 -1.110675E+00
     49228  1.367000E-01 -1.054120E-01 -1.209786E+00
     49229  4.812989E-02 -1.096178E-01 -7.757110E-01
     49230  1.027774E-01 -1.981947E-01 -8.885991E-01
     49231  2.938250E-01 -4.813967E-01 -9.597015E-01
     49232  1.085486E-01 -1.139901E-02 -1.145456E+00
     49233  1.309592E-01 -1.317216E-01 -1.143978E+00
     49234  9.429344E-02 -2.059720E-01 -8.843141E-01
     49235  6.468911E-02 -1.794254E-01 -8.780944E-01
     49236  1.007406E-01 -4.095990E-01 -1.035028E+00
     49237  5.006030E-02 -3.534936E-02 -1.221652E+00
     49238  1.189437E-01 -1.440150E-01 -1.240939E+00
     49239  8.637134E-03 -9.994771E-02 -8.192845E-01
     49240  7.297336E-02 -1.045646E-01 -8.543098E-01
     49241  1.732706E-01 -3.880222E-01 -1.017555E+00
     49242  6.236508E-02 -3.091634E-02 -1.182645E+00
     49243  4.205038E-02 -1.176962E-01 -1.256607E+00
     49244 -3.815499E-02 -9.641756E-02 -8.482729E-01
     49245  3.277511E-02 -2.031680E-01 -1.027043E+00
     49246  5.823884E-02 -3.881774E-01 -9.631091E-01
     49247  3.614431E-02 -2.609657E-02 -1.215119E+00
     49248  3.919649E-02 -1.001251E-01 -1.212457E+00
     49249  2.801412E-02 -2.227871E-01 -9.791661E-01
     49250 -5.698746E-03 -2.144479E-01 -1.016556E+00
     49251  3.879431E-02 -4.242020E-01 -1.146320E+00
     49252  3.648056E-02 -1.598524E-01 -1.336611E+00
     49253 -3.884796E-02  1.741245E-04 -1.300622E+00
     49254  1.803307E-02 -2.062269E-01 -1.001453E+00
     49255 -8.796999E-03 -1.906368E-01 -9.999129E-01
     49256  2.528017E-02 -4.145708E-01 -1.165565E+00
     49257  3.442925E-02 -1.605396E-01 -1.379624E+00
     49258 -5.009601E-02 -7.389155E-02 -1.390748E+00
     49259  1.117593E-01 -3.930629E-01 -1.123246E+00
     49260 -3.760381E-02 -1.239589E-01 -1.399123E+00
     51119 -3.096682E-02  2.372702E-01  7.081976E-02
     51120  9.723510E-03  5.943286E-02  5.460314E-02
     51121  9.231496E-03  5.024529E-02  3.940305E-02
     51122 -1.237202E-03  9.763245E-02 -2.157062E-02
     51123 -3.815919E-03  6.866366E-02 -1.604572E-02
     51124  6.665414E-04  4.643005E-02  5.436531E-03
     51125 -3.629695E-03  1.297183E-01 -3.558278E-02
     51126 -1.961466E-03  8.945986E-02 -1.973513E-02
     51127 -6.136831E-04  5.079901E-02 -1.891120E-03
     51128  2.548175E-03  1.275649E-01 -3.063955E-02
     51129 -5.801566E-03  6.270808E-02  5.474345E-03
     51130 -2.140894E-03  8.370658E-02 -1.856719E-02
     51131  1.458656E-03  1.316810E-01 -2.950058E-02
     51132  1.624296E-03  1.335196E-01 -3.663155E-02
     51133 -1.577555E-03  9.388471E-02 -2.066299E-02
     51134 -1.117864E-03  6.791970E-02 -1.248529E-02
     51135 -1.782127E-03  5.701249E-02 -7.704106E-03
     51136  5.573097E-04  1.011571E-01 -2.232469E-02
     51137 -1.714378E-03  6.696987E-02 -1.454194E-02
     51138  1.828877E-03  1.214751E-01 -2.874283E-02
     51139  5.155244E-03  4.503789E-02  2.597793E-02
     51140  2.160130E-04  1.173772E-01 -2.474619E-02
     51141 -4.999077E-04  1.046506E-01 -2.351977E-02
     51142 -8.052182E-03  1.207895E-01 -3.267026E-02
     51143  5.921862E-04  1.053881E-01 -2.308817E-02
     51144 -7.098155E-06  1.057178E-01 -2.376601E-02
     51145 -2.437225E-03  7.957811E-02 -1.773658E-02
     51146 -9.151870E-04  1.018674E-01 -2.269638E-02
     51147  9.431307E-04  1.052063E-01 -2.361570E-02
     51148  8.558804E-04  2.718779E-02  9.298718E-02
     51149  2.277158E-03  4.421098E-02  1.460346E-02
     51150 -1.649503E-02 -7.286663E-02 -1.307183E+00
     51151 -2.595432E-02 -1.528034E-01 -9.478999E-01
     51152 -3.965067E-03 -2.174271E-01 -1.043483E+00
     51153 -2.503735E-02 -4.377928E-02 -1.329471E+00
     51154 -1.647083E+00  7.933282E-01 -9.673144E+00
     51155 -1.839999E+00 -2.628719E-01 -1.199907E+01
     51156 -1.948227E+00  1.115424E-01 -8.754355E+00
     51157 -2.358341E+00  2.556235E-01 -1.123071E+01
     51158  5.241105E-03 -2.299282E-01 -1.035131E+00
     51159 -3.199538E-02 -2.304783E-01 -1.034514E+00
     51160 -2.113919E-02 -3.861603E-01 -1.217084E+00
     51161  3.400488E-02 -1.414740E-01 -1.413857E+00
     51162 -1.316771E-02 -2.069525E-01 -9.884664E-01
     51163 -3.483077E-02 -2.096069E-01 -9.767085E-01
     51164  5.014918E-03 -4.214053E-01 -1.173892E+00
     51165 -8.373861E-02 -9.012596E-02 -1.435213E+00
     51166 -1.798605E-03 -1.832291E-01 -1.385933E+00
     51167 -2.072750E-02 -2.143812E-01 -9.883953E-01
     51168 -5.188044E-02 -2.107643E-01 -9.411484E-01
     51169 -4.752505E-02 -4.159120E-01 -1.144366E+00
     51170  1.521327E-02 -9.963259E-02 -1.386251E+00
     51171 -4.391621E-02 -1.823341E-01 -1.374406E+00
     51172 -4.131028E-02 -2.105697E-01 -9.510872E-01
     51173 -7.730060E-02 -2.058020E-01 -9.098478E-01
     51174 -6.370988E-02 -4.172430E-01 -1.107248E+00
     51175 -7.202115E-02 -1.821440E-01 -1.314873E+00
     51176 -4.755403E-03 -9.276521E-02 -1.337044E+00
     51177 -6.171310E-02 -2.116043E-01 -9.221303E-01
     51178 -1.036945E-01 -2.006681E-01 -8.699293E-01
     51179 -9.021078E-02 -4.152520E-01 -1.071814E+00
     51180 -2.638992E-02 -1.128286E-01 -1.312009E+00
     51181 -9.704090E-02 -1.699741E-01 -1.272796E+00
     51182 -9.571857E-02 -2.064730E-01 -8.820349E-01
     51183 -1.363152E-01 -2.104751E-01 -8.721401E-01
     51184 -1.179883E-01 -4.114266E-01 -1.030964E+00
     51185 -1.298694E-01 -1.767948E-01 -1.238289E+00
     51186 -5.644590E-02 -9.128679E-02 -1.251311E+00
     51187 -1.286157E-01 -1.938753E-01 -8.339264E-01
     51188 -1.605754E-01 -1.967065E-01 -8.176733E-01
     51189 -1.140760E-01 -4.099805E-01 -1.003168E+00
     51190 -1.849823E-01 -1.040956E-01 -1.238956E+00
     51191 -1.265138E-01 -1.611474E-01 -1.193498E+00
     51192 -1.629499E-01 -1.961512E-01 -8.354293E-01
     51193 -1.967805E-01 -1.929334E-01 -8.024699E-01
     51194 -1.821370E-01 -3.956340E-01 -9.680998E-01
     51195 -1.804192E-01 -1.560736E-01 -1.183571E+00
     51196 -1.357221E-01 -8.315891E-02 -1.196603E+00
     51197 -1.959216E-01 -1.885525E-01 -8.183329E-01
     51198 -2.272722E-01 -1.924402E-01 -7.934075E-01
     51199 -2.113456E-01 -3.961232E-01 -9.545097E-01
     51200 -1.731651E-01 -8.932990E-02 -1.180873E+00
     51201 -2.221038E-01 -1.543165E-01 -1.146879E+00
     51202 -2.263632E-01 -1.846853E-01 -8.091627E-01
     51203 -2.569211E-01 -1.869054E-01 -7.828954E-01
     51204 -2.414929E-01 -3.947446E-01 -9.448238E-01
     51205 -2.064159E-01 -8.857606E-02 -1.165844E+00
     51206 -2.572849E-01 -1.563658E-01 -1.138810E+00
     51207 -2.547924E-01 -1.827751E-01 -8.015500E-01
     51208 -2.839772E-01 -1.875733E-01 -7.769288E-01
     51209 -2.724361E-01 -3.881976E-01 -9.345093E-01
     51210 -2.883170E-01 -1.483818E-01 -1.125831E+00
     51211 -2.372475E-01 -9.197034E-02 -1.157496E+00
     51212 -2.795265E-01 -1.820752E-01 -7.949285E-01
     51213 -3.083415E-01 -1.850388E-01 -7.667083E-01
     51214 -2.985522E-01 -3.856294E-01 -9.270863E-01
     51215 -2.629571E-01 -8.804140E-02 -1.144414E+00
     51216 -3.182010E-01 -1.528000E-01 -1.118942E+00
     51217 -3.025941E-01 -1.777719E-01 -7.813014E-01
     51218 -3.303431E-01 -1.812147E-01 -7.514817E-01
     51219 -3.209446E-01 -3.779662E-01 -9.127175E-01
     51220 -3.438170E-01 -1.499054E-01 -1.103133E+00
     51221 -2.871844E-01 -8.661465E-02 -1.122654E+00
     51222 -3.238065E-01 -1.722132E-01 -7.607197E-01
     51223 -3.506444E-01 -1.757854E-01 -7.275653E-01
     51224 -3.408039E-01 -3.682898E-01 -8.910943E-01
     51225 -3.092367E-01 -8.501299E-02 -1.090638E+00
     51226 -3.659598E-01 -1.459631E-01 -1.080950E+00
     51227 -3.453591E-01 -1.659937E-01 -7.314186E-01
     51228 -3.720569E-01 -1.709121E-01 -6.964829E-01
     51229 -3.600750E-01 -3.558243E-01 -8.592544E-01
     51230 -3.856625E-01 -1.393098E-01 -1.047716E+00
     51231 -3.319347E-01 -8.319750E-02 -1.047304E+00
     51232 -3.688488E-01 -1.600475E-01 -6.952333E-01
     51233 -3.971700E-01 -1.649917E-01 -6.575431E-01
     51234 -3.811547E-01 -3.434427E-01 -8.197707E-01
     51235 -3.564811E-01 -7.998579E-02 -9.941241E-01
     51236 -4.063038E-01 -1.333045E-01 -1.004236E+00
     51237 -3.995281E-01 -1.525716E-01 -6.528861E-01
     51238 -4.305157E-01 -1.588471E-01 -6.168742E-01
     51239 -4.071809E-01 -3.279952E-01 -7.718520E-01
     51240 -4.311200E-01 -1.256733E-01 -9.502637E-01
     51241 -3.889859E-01 -7.581635E-02 -9.330473E-01
     51242 -4.399712E-01 -1.482664E-01 -6.149793E-01
     51243 -4.763057E-01 -1.549420E-01 -5.836870E-01
     51244 -4.448037E-01 -3.134799E-01 -7.251951E-01
     51245 -4.639267E-01 -1.181672E-01 -8.921812E-01
     51246 -4.337960E-01 -7.184130E-02 -8.767198E-01
     51247 -4.954254E-01 -1.444503E-01 -5.888800E-01
     51248 -5.405664E-01 -1.557694E-01 -5.868149E-01
     51249 -4.967588E-01 -3.019771E-01 -6.907774E-01
     51250 -4.956738E-01 -7.173853E-02 -8.269737E-01
     51251 -5.112930E-01 -1.144974E-01 -8.415491E-01
     51252 -5.707949E-01 -1.437794E-01 -5.848118E-01
     51253 -6.238238E-01 -1.548869E-01 -6.138098E-01
     51254 -5.528416E-01 -2.930842E-01 -6.840730E-01
     51255 -5.945167E-01 -7.098578E-02 -8.376608E-01
     51256 -5.977643E-01 -1.066448E-01 -8.032577E-01
     51257 -6.665709E-01 -1.499499E-01 -6.465083E-01
     51258 -7.294539E-01 -1.575754E-01 -6.871240E-01
     51259 -6.511164E-01 -2.811623E-01 -7.261818E-01
     51260 -7.094290E-01 -1.023951E-01 -8.745187E-01
     51261 -6.783537E-01 -6.877208E-02 -8.613830E-01
     51262 -7.832958E-01 -1.624859E-01 -7.919883E-01
     51263 -8.610628E-01 -1.702270E-01 -8.608573E-01
     51264 -7.906278E-01 -2.802894E-01 -8.441479E-01
     51265 -7.752114E-01 -1.205978E-01 -9.275467E-01
     51266 -8.343718E-01 -6.780017E-02 -1.046192E+00
     51267 -9.233582E-01 -1.842108E-01 -1.029331E+00
     51268 -1.015869E+00 -1.908431E-01 -1.150168E+00
     51269 -9.420786E-01 -2.991192E-01 -1.068920E+00
     51270 -1.003390E+00 -7.766679E-02 -1.326413E+00
     51271 -9.229179E-01 -1.408460E-01 -1.112228E+00
     51272 -1.081595E+00 -2.166857E-01 -1.397519E+00
     51273 -1.188866E+00 -2.227273E-01 -1.583101E+00
     51274 -1.119337E+00 -3.302541E-01 -1.428917E+00
     51275 -1.199200E+00 -9.906996E-02 -1.771429E+00
     51276 -1.090727E+00 -1.700474E-01 -1.443705E+00
     51277 -1.249614E+00 -2.631591E-01 -1.925850E+00
     51278 -1.370839E+00 -2.676153E-01 -2.187441E+00
     51279 -1.316215E+00 -3.836491E-01 -1.958965E+00
     51280 -1.280456E+00 -2.143979E-01 -1.952295E+00
     51281 -1.413598E+00 -1.335698E-01 -2.419337E+00
     51282 -1.415696E+00 -3.242172E-01 -2.641142E+00
     51283 -1.549137E+00 -3.246228E-01 -2.989245E+00
     51284 -1.522823E+00 -4.642596E-01 -2.691266E+00
     51285 -1.635020E+00 -1.819433E-01 -3.307632E+00
     51286 -1.481686E+00 -2.781630E-01 -2.674261E+00
     51287 -1.566617E+00 -3.982525E-01 -3.572389E+00
     51288 -1.711417E+00 -3.897020E-01 -4.019981E+00
     51289 -1.729200E+00 -5.746546E-01 -3.660159E+00
     51290 -1.853586E+00 -2.481058E-01 -4.481608E+00
     51291 -1.680670E+00 -3.590602E-01 -3.646565E+00
     51292 -1.695120E+00 -4.768132E-01 -4.770240E+00
     51293 -1.852957E+00 -4.413538E-01 -5.338125E+00
     51294 -1.932908E+00 -7.165897E-01 -4.919632E+00
     51295 -2.079439E+00 -3.553215E-01 -6.015276E+00
     51296 -1.865128E+00 -4.600714E-01 -4.914912E+00
     51297 -1.843141E+00 -4.932049E-01 -6.319725E+00
     51298 -1.991286E+00 -3.422548E-01 -7.151941E+00
     51299 -2.127119E+00 -8.977725E-01 -6.568463E+00
     51300 -2.029028E+00 -5.979030E-01 -6.561545E+00
     51301 -2.346576E+00 -5.353593E-01 -8.066665E+00
     51302 -2.158387E+00 -6.559781E-01 -8.827547E+00
     51303 -2.127841E+00 -9.361896E-01 -8.731480E+00
     55744 -1.218393E+00  3.425449E+00  2.284750E+00
     55745  4.711411E-01  3.467930E-01  8.215163E-01
     55746  3.410857E-01  1.955882E+00  5.059734E-01
     55747 -3.835013E-01  9.057616E-01  5.232050E-01
     55748  6.724393E-01  3.463754E-01 -3.242803E-02
     55749 -1.405062E+00 -1.258726E+01  7.950880E+01
     55750 -3.915860E+00 -1.365895E+01  7.268941E+01
     55751  2.930727E+00 -7.341016E+00  6.132324E+01
     55752 -6.447967E-01  2.800718E+00 -1.182674E+01
     55753 -1.640997E+00  1.263023E+00 -5.786585E+00
     55754 -2.658293E+00 -1.211568E+00 -5.126251E+00
     55755  6.384677E-01  2.815418E+00 -1.130095E+01
     55756 -6.587038E+00 -9.329246E+00  5.372375E+01
     55757 -9.063997E-01 -3.366733E+00  1.614082E+00
     55758 -2.573491E+00 -4.601503E+00  7.558420E+00
     55759 -1.267230E+00 -2.476799E+00 -8.361455E+00
     55760  5.939202E-01 -5.946983E+00  1.664039E+01
     55761 -1.598440E+00 -6.858630E+00  2.397755E+01
     55762 -8.520274E-01 -5.379820E+00  5.107729E+00
     55763  1.297577E+00 -7.120581E+00  3.586690E+01
     55764 -3.521390E+00 -7.815040E+00  4.401239E+01
     55765 -4.750024E-01 -7.776120E+00  2.322870E+01
     55766 -1.603546E+00 -9.474355E+00  4.729556E+01
     55767 -8.662693E-01 -3.067975E+00 -2.900706E+00
     55768 -2.128850E+00 -2.595642E+00 -9.877284E+00
     55769 -2.165480E+00 -5.957236E+00  1.251390E+01
     55770 -2.817171E+00 -5.683785E+00  3.700887E+00
     55771  7.838042E-01 -7.182329E+00  3.328009E+01
     55772 -4.906149E+00 -8.077832E+00  2.234712E+01
     60680 -3.636721E-01  1.804087E+00  4.709613E-01
     60681  1.080214E+00  3.095894E+00  2.082449E+00
     60682  3.297128E-01  7.851381E-01  4.193318E-01
     60683 -6.542408E-01  3.174752E-01 -2.348768E-02
     60684 -5.018046E-01  3.067097E-01  7.423865E-01
     60685  1.598150E+00  1.013660E+00 -4.855606E+00
     60686  7.092927E-01  2.556476E+00 -1.088885E+01
     60687 -4.191008E-01  2.715716E+00 -1.040677E+01
     60688  3.793089E+00 -1.245616E+01  6.601731E+01
     60689  1.508616E+00 -1.149748E+01  7.291420E+01
     60690  6.159306E+00 -8.617038E+00  4.857294E+01
     60691  2.529445E+00 -1.287397E+00 -4.203164E+00
     60692 -2.494711E+00 -6.567721E+00  5.652158E+01
     60693  2.104081E+00 -2.420742E+00 -9.422696E+00
     60694  1.025092E+00 -2.762114E+00 -2.972357E+00
     60695  1.250140E+00 -2.332077E+00 -7.559467E+00
     60696  2.718053E+00 -5.232976E+00  2.898636E+00
     60697  2.148520E+00 -5.415681E+00  1.095196E+01
     60698  8.512650E-01 -4.953379E+00  4.742552E+00
     60699  4.682385E+00 -7.449953E+00  1.990474E+01
     60700 -5.078082E-01 -6.587294E+00  2.991028E+01
     60701  5.212925E-01 -7.123736E+00  2.126199E+01
     60702  1.551062E+00 -8.654685E+00  4.325463E+01
     60703  2.494031E+00 -4.281839E+00  7.504944E+00
     60704  9.048349E-01 -3.160124E+00  2.099349E+00
     60705  1.592245E+00 -6.317574E+00  2.251092E+01
     60706 -4.826676E-01 -5.470360E+00  1.586631E+01
     60707  3.432197E+00 -7.186046E+00  4.074402E+01
     60708 -1.046028E+00 -6.492983E+00  3.337943E+01
     65199  1.646420E-01  3.186797E-01  2.651891E-03
     65200 -1.702279E-01  3.603093E-01  2.129557E-02
     65201  1.796694E-01  6.805953E-01 -2.279318E-01
     65202 -2.026350E-01  7.593413E-01 -2.523410E-01
     65203  3.084600E+00 -1.509408E-01 -1.014950E+01
     65204  2.324594E+00 -4.109538E-01 -8.378713E-01
     65205  2.990117E+00 -4.729315E-01 -8.359716E+00
     65206 -2.278497E-02 -4.011495E-01  1.122436E+00
     65207  1.348393E-03 -3.987725E-01  1.052546E+00
     65208 -2.376993E-02 -3.695256E-01  1.059874E+00
     65209 -7.525097E-03 -3.932813E-01  1.130635E+00
     65210 -2.192420E+00 -3.434611E-01 -7.544083E-01
     65211 -2.872375E+00 -8.313022E-02 -9.121609E+00
     65212 -2.838915E+00 -3.449347E-01 -7.471700E+00
     65213  2.652075E+00 -9.643126E-01  1.830861E+00
     65214 -2.504612E+00 -8.570108E-01  1.654432E+00
     65215  2.469670E+00 -1.392730E+00 -5.204920E+00
     65216  3.348156E+00 -2.062922E+00 -4.822674E+00
     65217  2.562665E+00 -1.772597E+00 -1.250744E+00
     65218  1.007098E+00 -1.464650E+00  1.540023E+00
     65219  3.927184E+00 -2.786367E+00 -2.261335E+00
     65220  3.407009E+00 -2.987493E+00 -3.348956E+00
     65221  1.642154E+00 -8.657457E-01  2.665560E+00
     65222  4.074268E+00 -2.336949E+00 -2.052578E+00
     65223  4.189843E+00 -2.893277E+00 -1.873803E+00
     65224  3.988632E+00 -1.755039E+00 -1.533057E+00
     65225  4.116426E+00 -2.173807E+00 -1.554501E+00
     65226  3.695640E+00 -1.354598E+00 -1.054941E+00
     65227  3.850178E+00 -1.592960E+00 -1.137576E+00
     65228  3.355889E+00 -9.546934E-01 -5.215164E-01
     65229  3.468095E+00 -1.102431E+00 -6.617963E-01
     65230  2.962730E+00 -6.996232E-01 -1.015163E-01
     65231  3.050658E+00 -7.496877E-01 -2.411187E-01
     65232  2.591566E+00 -4.744494E-01  2.779852E-01
     65233  2.639187E+00 -4.777979E-01  1.450384E-01
     65234  2.248543E+00 -3.171801E-01  5.872420E-01
     65235  2.268584E+00 -2.819574E-01  4.571294E-01
     65236  1.942964E+00 -2.513548E-01  7.878721E-01
     65237  1.944853E+00 -1.884997E-01  6.927189E-01
     65238  1.704375E+00 -1.802014E-01  9.765670E-01
     65239  1.662171E+00 -1.044913E-01  8.965511E-01
     65240  1.485540E+00 -1.787503E-01  1.059576E+00
     65241  1.447280E+00 -1.009878E-01  1.006490E+00
     65242  1.333422E+00 -1.567346E-01  1.158426E+00
     65243  1.260903E+00 -7.764165E-02  1.114840E+00
     65244  1.188417E+00 -1.895482E-01  1.171103E+00
     65245  1.131822E+00 -1.180248E-01  1.147220E+00
     65246  1.099300E+00 -1.848135E-01  1.223787E+00
     65247  1.013582E+00 -1.159859E-01  1.203934E+00
     65248  1.001998E+00 -2.269453E-01  1.204331E+00
     65249  9.400502E-01 -1.690451E-01  1.197416E+00
     65250  9.484632E-01 -2.178879E-01  1.243527E+00
     65251  8.591860E-01 -1.641445E-01  1.235261E+00
     65252  8.707488E-01 -2.542692E-01  1.217976E+00
     65253  8.085977E-01 -2.100925E-01  1.217866E+00
     65254  8.257596E-01 -2.350003E-01  1.261096E+00
     65255  7.349679E-01 -1.929275E-01  1.255899E+00
     65256  7.564182E-01 -2.451847E-01  1.272213E+00
     65257  6.820966E-01 -2.237533E-01  1.253256E+00
     65258  6.505123E-01 -2.334636E-01  1.274157E+00
     65259  6.121286E-01 -2.196593E-01  1.286619E+00
     65260  5.771965E-01 -2.358158E-01  1.287825E+00
     65261  5.089550E-01 -2.032072E-01  1.296670E+00
     65262  4.932842E-01 -2.560980E-01  1.256481E+00
     65263  4.264758E-01 -2.341478E-01  1.256857E+00
     65264  3.938558E-01 -2.604359E-01  1.240350E+00
     65265  3.263076E-01 -2.293430E-01  1.258158E+00
     65266  3.062075E-01 -2.609178E-01  1.226458E+00
     65267  2.436420E-01 -2.428465E-01  1.231015E+00
     65268  2.196576E-01 -3.123328E-01  1.179362E+00
     65269  1.768699E-01 -2.963494E-01  1.186100E+00
     65270  1.312981E-01 -3.212091E-01  1.141460E+00
     65271  1.139001E-01 -3.045490E-01  1.169343E+00
     65272  7.896552E-02 -3.252572E-01  1.111842E+00
     65273  3.871100E-02 -3.048288E-01  1.141793E+00
     65274  4.689312E-02 -3.385770E-01  1.084835E+00
     65275  6.592291E-03 -3.351276E-01  1.092110E+00
     65276 -3.239317E-02 -3.325940E-01  1.101894E+00
     65277 -7.888892E-02 -3.429280E-01  1.084912E+00
     65278 -7.622400E-02 -3.185372E-01  1.143823E+00
     65279 -1.111223E-01 -3.310073E-01  1.123484E+00
     65280 -1.229046E-01 -2.904209E-01  1.198480E+00
     65281 -1.640971E-01 -3.097902E-01  1.174002E+00
     65282 -1.904276E-01 -2.707144E-01  1.261128E+00
     65283 -2.316047E-01 -2.907855E-01  1.230254E+00
     65284 -2.855938E-01 -2.420783E-01  1.321202E+00
     65285 -3.051000E-01 -2.636226E-01  1.300018E+00
     65286 -3.709586E-01 -2.147236E-01  1.336282E+00
     65287 -4.184137E-01 -2.422172E-01  1.334143E+00
     65288 -4.635403E-01 -1.901299E-01  1.349584E+00
     65289 -5.143302E-01 -2.252142E-01  1.341941E+00
     65290 -5.600799E-01 -1.721267E-01  1.362992E+00
     65291 -6.161984E-01 -2.043403E-01  1.359998E+00
     65292 -6.588466E-01 -1.613929E-01  1.368908E+00
     65293 -7.126247E-01 -2.001929E-01  1.371425E+00
     65294 -7.570935E-01 -1.551598E-01  1.358826E+00
     65295 -8.124578E-01 -1.956522E-01  1.369907E+00
     65296 -8.488835E-01 -1.504425E-01  1.336902E+00
     65297 -9.069225E-01 -1.951536E-01  1.354739E+00
     65298 -9.352779E-01 -1.463410E-01  1.305115E+00
     65299 -9.952292E-01 -1.939639E-01  1.329249E+00
     65300 -1.017575E+00 -1.411818E-01  1.266397E+00
     65301 -1.077477E+00 -1.923020E-01  1.296182E+00
     65302 -1.098982E+00 -1.334055E-01  1.221935E+00
     65303 -1.156627E+00 -1.888723E-01  1.257433E+00
     65304 -1.183759E+00 -1.252999E-01  1.169690E+00
     65305 -1.239453E+00 -1.848993E-01  1.211571E+00
     65306 -1.281001E+00 -1.150962E-01  1.110459E+00
     65307 -1.329852E+00 -1.798679E-01  1.159338E+00
     65308 -1.399957E+00 -1.102063E-01  1.036024E+00
     65309 -1.440596E+00 -1.776029E-01  1.094813E+00
     65310 -1.549584E+00 -1.140253E-01  9.401804E-01
     65311 -1.578615E+00 -1.837817E-01  1.011048E+00
     65312 -1.741415E+00 -1.343290E-01  8.108948E-01
     65313 -1.754386E+00 -2.018249E-01  9.000325E-01
     65314 -1.981374E+00 -1.922626E-01  6.350076E-01
     65315 -1.971654E+00 -2.473867E-01  7.404331E-01
     65316 -2.268722E+00 -2.937004E-01  4.083559E-01
     65317 -2.234609E+00 -3.288951E-01  5.287462E-01
     65318 -2.602329E+00 -4.489112E-01  1.268459E-01
     65319 -2.540989E+00 -4.537540E-01  2.624426E-01
     65320 -2.971908E+00 -6.814942E-01 -2.142989E-01
     65321 -2.877888E+00 -6.362275E-01 -7.216994E-02
     65322 -3.351602E+00 -1.002250E+00 -6.060729E-01
     65323 -3.225968E+00 -8.845824E-01 -4.704670E-01
     65324 -3.698131E+00 -1.423938E+00 -1.026099E+00
     65325 -3.550323E+00 -1.206081E+00 -9.203718E-01
     65326 -3.942568E+00 -1.955993E+00 -1.424409E+00
     65327 -3.798969E+00 -1.602554E+00 -1.392956E+00
     65328 -4.007585E+00 -2.585395E+00 -1.695796E+00
     65329 -3.895126E+00 -2.067717E+00 -1.821723E+00
     65330 -3.234400E+00 -2.698102E+00 -3.034218E+00
     65331 -3.736852E+00 -2.532831E+00 -2.065648E+00
     65332 -3.109771E+00 -1.839860E+00 -4.434601E+00
     65333 -2.310984E+00 -1.269019E+00 -4.702162E+00
     65334 -1.597465E+00 -7.853833E-01  2.429157E+00
     65335 -2.419294E+00 -1.554291E+00 -1.145142E+00
     65336 -1.014605E+00 -1.289802E+00  1.396507E+00
     66201  1.875280E-01  2.383461E-01  2.517970E-01
     66202 -3.762097E-01  7.060749E-01  5.317181E-01
     66203  1.973701E-01  1.214626E+00 -1.125895E+00
     66204  3.229919E-03  5.141846E-01 -3.110404E-01
     66205  4.100333E-01  3.594818E-01  1.920865E-01
     66206  1.011845E+00  1.289119E+00 -1.045677E+01
     66207  6.973106E-01  1.548208E+00 -1.997489E+01
     66208  1.398987E+00  5.566570E-01 -3.129021E+00
     66209  1.018229E+00  8.709994E-01 -8.211052E+00
     66210  2.694715E-01  4.781220E-01 -8.301626E+00
     66211 -6.470106E-01  2.238176E+00 -2.454090E+01
     66212 -4.450210E-01  9.365982E-01  7.223946E+00
     66213  1.868534E-01  1.175360E+00  1.868452E+00
     66214  3.181844E-01  5.941865E-01 -2.136716E+00
     66215 -1.553600E+00  1.218972E+00 -1.384739E+01
     66216  6.115157E-01  5.182587E+00  4.386239E+01
     66217 -1.607040E+00  4.391537E+00  3.934261E+01
     66218 -2.222936E+00  2.679506E+00  2.542896E+01
     66219  2.486347E+00  2.821374E+00  2.974397E+01
     66220 -1.664031E+00  1.486474E+00  1.893428E+01
     66221 -1.341808E+00  1.282476E+00  1.298592E+01
     66222 -6.962113E-02  9.664841E-01  1.956179E+01
     66223 -4.472092E-01  6.181780E-01  9.031061E+00
     66224  1.562671E+00  9.277018E-01  1.384318E+01
     66225 -4.163138E-01  2.080274E+00  1.924908E+01
     66226  2.949400E-01  6.523737E-01 -2.319322E+00
     66227 -7.422303E-01  1.150642E+00  4.832760E+00
     66228 -1.453977E-01  1.585124E+00 -6.715832E+00
     66701 -1.879282E-01  2.161228E-01  2.310780E-01
     66702  3.271282E-01  6.354727E-01  4.689742E-01
     66703 -2.071307E-01  1.103875E+00 -1.022436E+00
     66704 -2.738238E-02  4.719260E-01 -2.895812E-01
     66705 -3.676553E-01  3.126290E-01  1.816372E-01
     66706 -6.563548E-01  1.380444E+00 -1.787465E+01
     66707 -9.331504E-01  1.163985E+00 -9.357119E+00
     66708 -9.524536E-01  7.973693E-01 -7.330123E+00
     66709 -1.303682E+00  5.257845E-01 -2.775149E+00
     66710 -2.754603E-01  4.349057E-01 -7.359947E+00
     66711  5.630873E-01  1.982499E+00 -2.182871E+01
     66712 -1.779926E-01  1.096236E+00  1.646238E+00
     66713  4.276219E-01  8.622295E-01  6.450254E+00
     66714 -2.954777E-01  5.470563E-01 -1.846150E+00
     66715  1.375527E+00  1.074778E+00 -1.220763E+01
     66716  1.451696E+00  3.976461E+00  3.540316E+01
     66717 -5.099530E-01  4.685650E+00  3.976051E+01
     66718 -2.215905E+00  2.560759E+00  2.706826E+01
     66719  2.055449E+00  2.419351E+00  2.283821E+01
     66720  4.288685E-01  1.873807E+00  1.759700E+01
     66721 -1.396857E+00  8.365203E-01  1.277950E+01
     66722  3.033700E-02  8.536740E-01  1.768196E+01
     66723  7.202992E-01  1.031632E+00  4.619928E+00
     66724 -2.748023E-01  6.023022E-01 -1.766396E+00
     66725  4.167902E-01  5.636072E-01  8.229796E+00
     66726  1.668932E-01  1.411806E+00 -5.881056E+00
     66727  1.254734E+00  1.162916E+00  1.161898E+01
     66728  1.503397E+00  1.345691E+00  1.696590E+01

 total force (fx,fy,fz) for set FEET and time  0.1000000E+01

       -1.357685E-09  5.873466E-10  1.200000E+03

                        S T E P       2


                                INCREMENT     1


 displacements (vx,vy,vz) for set TOP and time  0.2000000E+01

     34613 -2.573949E-02  1.154722E+00 -1.043181E+00
     35398 -2.678251E-03  1.253949E+00 -1.115772E+00
     36840 -4.486404E-02  9.071638E-01 -8.659297E-01
     43270  1.619462E-02  1.224164E+00 -1.092357E+00
     45923  3.783024E-02  8.858412E-01 -8.339159E-01

 forces (fx,fy,fz) for set FEET and time  0.2000000E+01

       151 -3.511886E-01  4.644029E-01 -3.353045E+00
       155  6.055826E-01  9.798550E+00 -8.516019E+00
       156 -1.754629E-02 -9.610389E-03 -1.567186E+00
       160  6.712669E-03  9.698842E-01 -5.041071E-01
       161  3.432406E-01  3.912716E-01 -3.026056E+00
       165 -5.390427E-01  8.816159E+00 -7.725658E+00
       194  2.806016E+01  1.857578E+01  3.927578E+01
       195 -4.137007E-01  7.385230E-02  6.138880E-01
       196  1.373931E+00  2.177462E+00 -9.398476E-01
       197 -2.571544E+01  1.314080E+01  3.110941E+01
       221 -1.277777E+00  2.055058E+00 -9.005946E-01
       222  2.333758E+01  1.172770E+01  2.793105E+01
       225  3.127223E-01 -4.499259E-02  6.470941E-01
       226 -2.572689E+01  1.721887E+01  3.626671E+01
       234  1.302775E-01  7.829957E-01  4.113985E+00
       236 -1.269815E-01  7.328823E-01  3.702454E+00
       242 -7.194333E+00  5.586414E+00 -8.552098E+00
       245 -8.680269E+00  8.156956E+00  1.091269E+01
       246  1.119750E+01  9.246433E+00  1.318981E+01
       253  6.408899E+00  4.941776E+00 -7.574503E+00
       254 -1.016639E+01  8.440358E+00  1.204162E+01
       255  7.774575E+00  7.267355E+00  9.704303E+00
      3486  2.812755E+00  2.483321E+00 -2.596284E+01
      3512 -8.144310E-03 -2.634302E-01 -2.351405E+00
      3525  3.139885E-01  2.037696E+00 -4.603955E+00
      3526  7.225590E-01  1.368920E+00 -2.127512E+00
      3527  1.168639E+00  9.924152E-01 -4.646788E+00
      3528  1.023023E+00  7.358980E-01 -3.530411E+00
      3529  7.898897E-01  4.007773E-01 -2.439633E+00
      3530  7.166437E-01  2.425216E-01 -1.889608E+00
      3531  5.007709E-01  1.050554E-01 -1.329629E+00
      3532  4.765449E-01  4.911510E-02 -1.125610E+00
      3533  3.554513E-01 -3.513808E-02 -8.087950E-01
      3534  2.142048E-01 -3.214652E-02 -8.204078E-01
      3535  2.696127E-01 -7.866626E-02 -8.304995E-01
      3536  1.058016E-01 -2.417564E-02 -8.514779E-01
      3537  2.052420E-01 -6.050474E-02 -9.212302E-01
      3538  5.364516E-02  5.152282E-03 -9.872520E-01
      3539  1.784213E-01 -2.568790E-02 -1.064976E+00
      3540  3.391390E-02  3.402077E-02 -1.126359E+00
      3541  1.740005E-01  4.662249E-03 -1.185996E+00
      3542  2.960376E-02  5.092966E-02 -1.218246E+00
      3543  1.744132E-01  2.186630E-02 -1.250447E+00
      3544  2.552791E-02  5.118686E-02 -1.256822E+00
      3545  3.631624E-02  1.179823E-01 -1.305547E+00
      3546  1.114324E-01 -1.138280E-02 -1.137857E+00
      3547  6.490221E-03  4.040468E-02 -1.270643E+00
      3548  4.701853E-02  1.486104E-01 -1.294481E+00
      3549  3.321116E-02  1.792487E-02 -1.152978E+00
      3550 -5.870091E-02  5.704005E-02 -1.312525E+00
      3551  3.137574E-02  1.532167E-01 -1.453879E+00
      3552  3.727197E-02  1.064870E-02 -1.230364E+00
      3553 -2.190262E-05  2.579458E-02 -1.272197E+00
      3554 -1.210118E-01  1.313992E-01 -1.470817E+00
      3555  5.684267E+00  1.044355E+00 -2.400610E+01
      3556  5.508272E+00 -5.512730E-01 -1.579133E+01
      3557  7.742270E+00 -1.721559E+00 -1.650363E+01
      3558  7.451567E+00 -1.934849E+00 -1.297005E+01
      3559  6.802099E+00 -1.306791E+00 -9.383274E+00
      3560  6.155144E+00 -1.255294E+00 -7.024546E+00
      3561  5.304267E+00 -8.221683E-01 -4.736113E+00
      3562  4.608838E+00 -7.673022E-01 -3.420641E+00
      3563  3.889598E+00 -5.451420E-01 -2.214075E+00
      3564  3.237226E+00 -4.084262E-01 -1.452451E+00
      3565  2.774534E+00 -4.354470E-01 -1.252388E+00
      3566  2.316704E+00 -2.981774E-01 -8.552330E-01
      3567  2.033187E+00 -3.830167E-01 -1.048353E+00
      3568  1.744255E+00 -2.772370E-01 -8.830210E-01
      3569  1.593412E+00 -3.977172E-01 -1.250781E+00
      3570  1.421705E+00 -2.964601E-01 -1.137970E+00
      3571  1.351415E+00 -4.336154E-01 -1.535381E+00
      3572  1.242658E+00 -3.265508E-01 -1.369277E+00
      3573  1.198477E+00 -4.670859E-01 -1.717174E+00
      3574  1.097652E+00 -3.498387E-01 -1.470091E+00
      3575  1.064979E+00 -4.147931E-01 -1.652972E+00
      3576  9.463696E-01 -3.726175E-01 -1.664169E+00
      3577  7.691071E-01 -3.801416E-01 -1.460136E+00
      3578  6.807230E-01 -4.282472E-01 -1.681353E+00
      3579  5.256451E-01 -4.113264E-01 -1.593077E+00
      3580  3.663303E-01 -4.003029E-01 -1.602956E+00
      3581  2.517389E-01 -5.471394E-01 -1.979985E+00
      3582  1.674568E-01 -4.182197E-01 -2.024219E+00
      3583  5.360181E-02 -4.576672E-01 -1.911204E+00
      3584  3.180026E-02 -4.404808E-01 -2.009080E+00
      3585  5.697856E-02 -5.349450E-01 -2.298993E+00
      3769  1.004481E+00  9.133398E+00 -5.155122E+00
      3770  2.426277E-02  7.313125E+00 -2.826383E+00
      3771 -4.770412E-01  5.030267E+00 -2.153062E+00
      3772  2.452247E-01  3.578136E+00 -1.653160E+00
      3773 -2.809384E-01  2.717196E+00 -1.035956E+00
      3774  1.058227E-01  1.890653E+00 -7.569676E-01
      3775 -1.725213E-01  1.454600E+00 -4.512174E-01
      3776 -8.112341E-04  8.797597E-01 -4.444218E-01
      3777 -4.909294E-02  1.002929E+00 -4.852002E-02
      3778 -1.044490E-01  7.534529E-01 -1.343541E-01
      3779  1.250575E-02  6.788834E-01 -1.036057E-01
      3780 -8.723114E-02  7.339626E-01 -1.272305E-01
      3781  1.787171E-02  7.440951E-01 -1.248830E-01
      3782 -8.703005E-02  8.427499E-01 -1.739010E-01
      3783  2.922042E-02  8.792031E-01 -1.826521E-01
      3784 -9.107044E-02  9.744490E-01 -2.270702E-01
      3785  4.091997E-02  9.991414E-01 -2.331526E-01
      3786 -9.347655E-02  1.066541E+00 -2.587211E-01
      3787  5.026537E-02  1.065763E+00 -2.556994E-01
      3788 -9.178634E-02  1.095016E+00 -2.671668E-01
      3789 -1.469413E-01  1.110657E+00 -2.476975E-01
      3790 -2.224186E-02  1.301896E+00 -1.549336E-02
      3791 -9.253982E-02  1.091517E+00 -2.474935E-01
      3792 -1.714262E-01  1.143165E+00 -2.730888E-01
      3793  5.051451E-03  1.313185E+00 -7.298598E-02
      3794 -8.985147E-02  1.131483E+00 -2.737356E-01
      3795 -3.251479E-03  9.621999E-01 -4.772681E-01
      3796  1.231671E-02  1.404648E+00 -7.072204E-02
      3797 -1.095370E-02  1.466877E+00 -1.217414E-01
      3798 -8.270771E-02  1.234436E+00 -3.251474E-01
      3799  3.046623E+00  1.525303E+01 -2.285904E+01
      3800  2.678470E+00  1.140027E+01 -1.572370E+01
      3801  2.229347E+00  8.784583E+00 -1.112580E+01
      3802  1.922865E+00  4.418163E+00 -7.782830E+00
      3803  1.755665E+00  4.578400E+00 -5.880400E+00
      3804  1.471848E+00  2.298635E+00 -4.051369E+00
      3805  1.280999E+00  2.300477E+00 -2.927980E+00
      3806  1.043677E+00  1.150186E+00 -2.043890E+00
      3807  9.001457E-01  9.899423E-01 -1.513989E+00
      3808  7.360965E-01  9.091509E-01 -1.094418E+00
      3809  5.867154E-01  5.843656E-01 -1.029615E+00
      3810  4.913989E-01  7.407255E-01 -9.080208E-01
      3811  4.165999E-01  6.003929E-01 -1.047927E+00
      3812  3.594138E-01  8.471760E-01 -1.043690E+00
      3813  3.225356E-01  7.286547E-01 -1.257686E+00
      3814  2.933347E-01  1.028519E+00 -1.274652E+00
      3815  2.770898E-01  8.628308E-01 -1.474533E+00
      3816  2.632452E-01  1.171143E+00 -1.454224E+00
      3817  2.520881E-01  9.458144E-01 -1.604369E+00
      3818  2.384025E-01  1.233191E+00 -1.531257E+00
      3819  2.242670E-01  9.959105E-01 -1.625312E+00
      3820  2.323432E-01  1.114302E+00 -1.646110E+00
      3821  1.870954E-01  1.223652E+00 -1.504508E+00
      3822  1.402983E-01  1.001533E+00 -1.625346E+00
      3823  1.596571E-01  1.158357E+00 -1.658768E+00
      3824  9.007287E-02  1.307114E+00 -1.569055E+00
      3825  4.271828E-02  1.027927E+00 -1.761227E+00
      3826  5.744273E-02  1.207912E+00 -1.790645E+00
      3827  4.431820E-02  1.426292E+00 -1.732531E+00
      3828  1.382929E-02  1.525400E+00 -1.781518E+00
      3829 -1.265048E-02  1.258584E+00 -1.983651E+00
      3843 -2.591105E+00  2.264077E+00 -2.331312E+01
      3856  3.321525E-02  4.053820E-02 -1.315687E+00
      3857 -9.886341E-03  1.408644E-02 -1.269679E+00
      3858 -3.852589E-03  6.010470E-03 -1.262308E+00
      3859 -1.920339E-02  1.938561E-04 -1.232281E+00
      3860 -3.042924E-02 -1.863030E-02 -1.228702E+00
      3861 -2.740145E-02 -2.038010E-02 -1.196888E+00
      3862 -5.567145E-02 -2.246479E-02 -1.174430E+00
      3863 -6.692568E-02 -1.621435E-02 -1.134400E+00
      3864 -8.850414E-02 -1.937533E-02 -1.134180E+00
      3865 -1.070996E-01 -2.032705E-02 -1.122060E+00
      3866 -1.191382E-01 -2.018277E-02 -1.113437E+00
      3867 -1.291044E-01 -2.263735E-02 -1.099615E+00
      3868 -1.363335E-01 -2.305947E-02 -1.080446E+00
      3869 -1.414493E-01 -2.444890E-02 -1.053728E+00
      3870 -1.451073E-01 -2.694623E-02 -1.015846E+00
      3871 -1.490034E-01 -3.338366E-02 -9.696783E-01
      3872 -1.561219E-01 -4.061251E-02 -9.127171E-01
      3873 -1.682601E-01 -5.075943E-02 -8.537260E-01
      3874 -1.889758E-01 -5.920253E-02 -7.968885E-01
      3875 -2.286880E-01 -6.380929E-02 -7.542879E-01
      3876 -2.775623E-01 -6.134293E-02 -7.552932E-01
      3877 -3.447756E-01 -4.492960E-02 -8.127238E-01
      3878 -4.418977E-01 -8.465209E-03 -9.469079E-01
      3879 -5.562523E-01  5.750469E-02 -1.196957E+00
      3880 -6.912803E-01  1.603154E-01 -1.592663E+00
      3881 -8.437926E-01  3.118019E-01 -2.168466E+00
      3882 -1.013284E+00  5.303830E-01 -2.971448E+00
      3883 -1.215885E+00  8.295270E-01 -4.092467E+00
      3884 -7.045593E-01  1.189096E+00 -1.966616E+00
      3885 -4.413305E-01  1.393799E+00 -3.721198E+00
      3886 -6.694865E-02 -4.625433E-01 -2.207066E+00
      3887 -6.667154E-02 -5.053754E-01 -1.989994E+00
      3888 -1.137733E-01 -4.877692E-01 -1.938302E+00
      3889 -1.772914E-01 -4.705237E-01 -1.797708E+00
      3890 -2.790831E-01 -4.497064E-01 -1.673608E+00
      3891 -3.876822E-01 -4.319728E-01 -1.540958E+00
      3892 -5.362166E-01 -4.293029E-01 -1.421925E+00
      3893 -6.661738E-01 -3.925827E-01 -1.378480E+00
      3894 -8.284361E-01 -3.810527E-01 -1.302218E+00
      3895 -9.698252E-01 -3.715383E-01 -1.266698E+00
      3896 -1.108767E+00 -3.595074E-01 -1.248982E+00
      3897 -1.237720E+00 -3.565548E-01 -1.240940E+00
      3898 -1.354391E+00 -3.497769E-01 -1.233292E+00
      3899 -1.462154E+00 -3.400945E-01 -1.218114E+00
      3900 -1.563116E+00 -3.281933E-01 -1.186410E+00
      3901 -1.668292E+00 -3.184253E-01 -1.138288E+00
      3902 -1.786615E+00 -3.076190E-01 -1.072529E+00
      3903 -1.939811E+00 -3.014261E-01 -1.008242E+00
      3904 -2.141192E+00 -3.039462E-01 -9.687456E-01
      3905 -2.414006E+00 -3.236185E-01 -9.835641E-01
      3906 -2.771495E+00 -3.522666E-01 -1.148548E+00
      3907 -3.217783E+00 -4.050815E-01 -1.498973E+00
      3908 -3.756917E+00 -4.966371E-01 -2.078489E+00
      3909 -4.386318E+00 -6.230437E-01 -3.005514E+00
      3910 -5.077222E+00 -7.896678E-01 -4.341674E+00
      3911 -5.783337E+00 -9.997560E-01 -6.153619E+00
      3912 -6.437598E+00 -1.245915E+00 -8.493213E+00
      3913 -6.954679E+00 -1.497760E+00 -1.139651E+01
      3914 -7.293247E+00 -1.631464E+00 -1.492786E+01
      3915 -5.066341E+00 -5.398259E-01 -1.419527E+01
      3916 -5.259381E+00  1.160123E+00 -2.147822E+01
      4100 -9.664561E-03  1.430135E+00 -7.908915E-02
      4101  1.086836E-03  1.539240E+00 -6.508829E-02
      4102  1.513333E-02  1.495997E+00 -6.158278E-02
      4103  1.905409E-02  1.462400E+00 -5.772522E-02
      4104  2.002612E-02  1.441236E+00 -4.361519E-02
      4105  2.935406E-02  1.394928E+00 -4.728490E-02
      4106  1.879819E-02  1.348557E+00 -2.430547E-02
      4107  1.646523E-02  1.284174E+00 -3.094002E-02
      4108  3.061633E-02  1.274408E+00 -4.582557E-02
      4109  3.392098E-02  1.262181E+00 -4.161290E-02
      4110  4.304273E-02  1.252359E+00 -4.736345E-02
      4111  4.593609E-02  1.246808E+00 -3.822628E-02
      4112  4.881713E-02  1.226303E+00 -3.979814E-02
      4113  5.081545E-02  1.195034E+00 -3.996731E-02
      4114  5.375206E-02  1.151744E+00 -3.808827E-02
      4115  5.556905E-02  1.099767E+00 -2.891130E-02
      4116  5.703770E-02  1.036058E+00 -2.017422E-02
      4117  6.122449E-02  9.730214E-01 -7.361675E-03
      4118  6.030142E-02  9.237846E-01 -2.100323E-03
      4119  7.125832E-02  8.978634E-01  5.606770E-03
      4120  7.784790E-02  9.113754E-01 -1.883416E-04
      4121  8.311533E-02  1.008268E+00 -5.410288E-02
      4122  9.832515E-02  1.218653E+00 -1.406432E-01
      4123  1.130209E-01  1.561722E+00 -2.773846E-01
      4124  1.306598E-01  2.085980E+00 -4.790626E-01
      4125  1.489396E-01  2.823656E+00 -7.624029E-01
      4126  1.637628E-01  3.812432E+00 -1.151649E+00
      4127  1.765728E-01  5.143051E+00 -1.697626E+00
      4128  1.400343E-01  7.089844E+00 -2.609406E+00
      4129 -4.369348E-01  8.604742E+00 -4.182919E+00
      4130  9.047750E-03  1.331948E+00 -1.933043E+00
      4131  1.388073E-02  1.534475E+00 -1.702079E+00
      4132 -2.781046E-02  1.579831E+00 -1.619078E+00
      4133 -7.683213E-02  1.498425E+00 -1.587671E+00
      4134 -9.914952E-02  1.426686E+00 -1.543299E+00
      4135 -1.074233E-01  1.485848E+00 -1.449437E+00
      4136 -1.253133E-01  1.324210E+00 -1.446807E+00
      4137 -1.348020E-01  1.289779E+00 -1.383357E+00
      4138 -2.157420E-01  1.238526E+00 -1.396982E+00
      4139 -2.490720E-01  1.227851E+00 -1.379299E+00
      4140 -2.760980E-01  1.213739E+00 -1.375255E+00
      4141 -3.035112E-01  1.215976E+00 -1.348306E+00
      4142 -3.288504E-01  1.200257E+00 -1.330469E+00
      4143 -3.498455E-01  1.177171E+00 -1.307380E+00
      4144 -3.672352E-01  1.140097E+00 -1.272011E+00
      4145 -3.853269E-01  1.088961E+00 -1.215916E+00
      4146 -4.067834E-01  1.023877E+00 -1.143834E+00
      4147 -4.361142E-01  9.518779E-01 -1.064628E+00
      4148 -4.795266E-01  8.859089E-01 -9.860215E-01
      4149 -5.231312E-01  8.480455E-01 -9.594053E-01
      4150 -5.884666E-01  8.577338E-01 -9.670079E-01
      4151 -7.174217E-01  9.591273E-01 -1.072853E+00
      4152 -8.774075E-01  1.186091E+00 -1.373575E+00
      4153 -1.048072E+00  1.582774E+00 -1.876008E+00
      4154 -1.242144E+00  2.203872E+00 -2.652955E+00
      4155 -1.453649E+00  3.101166E+00 -3.767561E+00
      4156 -1.671621E+00  4.312762E+00 -5.290716E+00
      4157 -1.887841E+00  5.919123E+00 -7.321929E+00
      4158 -2.092601E+00  8.155029E+00 -1.006518E+01
      4159 -2.464304E+00  1.201571E+01 -1.444571E+01
      4160 -2.717766E+00  1.436327E+01 -2.084218E+01
      4882  2.169277E+00 -1.663810E+00  3.028289E+00
      4883  6.733359E+00 -2.222661E-01  5.912688E+00
      4884  1.306932E+01  1.708952E-01  9.253938E+00
      4885  2.698844E+01 -3.636972E-01  1.156372E+01
      4886 -2.211976E+00 -2.851649E-01 -5.791890E+00
      4887  4.754507E+00 -4.793278E+00  1.146357E+01
      4888  1.330754E+01 -7.324096E+00  3.234814E+01
      4889  2.919787E+01 -8.707519E+00  5.887833E+01
      4890  4.762722E+01 -8.447718E+00  9.727195E+01
      5039 -1.567418E+00  4.174103E+00 -8.326084E+00
      5040 -6.215490E+00  3.991167E+01  1.650979E+02
      5041  6.765244E+00 -2.660688E+00 -4.008149E+00
      5042  2.500554E+00 -1.272425E+00 -1.832181E+00
      5043 -2.565414E+00 -1.006170E+00  9.506709E-01
      5044 -1.637225E+01 -7.317143E-01  5.473022E+00
      5045  7.643970E+00  3.241531E+00 -1.934807E+01
      5046  5.768299E+00 -3.578290E+00 -1.209372E+01
      5047 -3.427376E+00 -6.885981E+00  7.108869E+00
      5048 -1.859339E+01 -9.457556E+00  3.545554E+01
      5049 -3.734555E+01 -1.146031E+01  7.985035E+01
      5789 -6.563450E+00 -2.406943E+00 -3.852704E+00
      5790 -2.757658E+00 -1.159180E+00 -1.960588E+00
      5791  1.843468E+00 -9.115542E-01  5.866472E-01
      5792  1.451420E+01 -7.112254E-01  4.646259E+00
      5793 -7.119169E+00  3.065734E+00 -1.802213E+01
      5794 -5.651442E+00 -3.245987E+00 -1.187547E+01
      5795  2.716553E+00 -6.294855E+00  5.484412E+00
      5796  1.640572E+01 -8.673947E+00  3.127857E+01
      5797  3.372629E+01 -1.057987E+01  7.204336E+01
      5955  1.574883E+00  3.700413E+00 -7.404020E+00
      5956  6.213724E+00  3.640655E+01  1.506207E+02
      5957 -2.336605E+00 -1.505055E+00  3.110980E+00
      5958 -6.542451E+00 -1.887215E-01  5.814090E+00
      5959 -1.238929E+01  1.722320E-01  8.886345E+00
      5960 -2.520128E+01 -3.002801E-01  1.083265E+01
      5961  1.721654E+00 -4.723326E-01 -4.537980E+00
      5962 -4.827221E+00 -4.485209E+00  1.165518E+01
      5963 -1.265719E+01 -6.744800E+00  3.082142E+01
      5964 -2.728748E+01 -7.953804E+00  5.500653E+01
      5965 -4.386872E+01 -7.608884E+00  8.966408E+01
      6592  3.777808E+00  1.183909E+00 -1.281259E+01
      6597 -3.527165E+00  1.122053E+00 -1.147522E+01
      6599 -1.023997E-01  4.490468E+00  6.210982E+00
      6600 -8.342852E-01  3.557964E+00  6.789385E+00
      6601 -4.974773E-01  2.439661E+00  4.621367E+00
      6602 -2.033534E-01  1.637523E+00  3.147125E+00
      6603 -3.752747E-02  1.162279E+00  2.236012E+00
      6604  5.690090E-02  8.234386E-01  1.601266E+00
      6605  1.178534E-01  6.617408E-01  1.258316E+00
      6606  1.489214E-01  5.602587E-01  1.061261E+00
      6607  1.594675E-01  5.438561E-01  9.951072E-01
      6608  1.671992E-01  5.958395E-01  1.043748E+00
      6609  1.527828E-01  6.268809E-01  1.098181E+00
      6610  1.481133E-01  7.174853E-01  1.225190E+00
      6611  1.279237E-01  7.597839E-01  1.313648E+00
      6612  1.209482E-01  8.534189E-01  1.448929E+00
      6613  1.007330E-01  8.819970E-01  1.521927E+00
      6614  9.443870E-02  9.612430E-01  1.630883E+00
      6615  7.617791E-02  9.647891E-01  1.664554E+00
      6616  7.185323E-02  1.023685E+00  1.733749E+00
      6617  5.674142E-02  1.004493E+00  1.728478E+00
      6618  4.867480E-02  1.043847E+00  1.755846E+00
      6619  5.003495E-02  1.063762E+00  1.750279E+00
      6620  3.884008E-02  1.019322E+00  1.740049E+00
      6621  3.286444E-02  1.049099E+00  1.756952E+00
      6622  2.872144E-02  1.025664E+00  1.752607E+00
      6623  2.077743E-02  1.027672E+00  1.748880E+00
      6624  1.104704E-02  1.078839E+00  1.777274E+00
      6625  3.045986E-02  1.107702E+00  1.786626E+00
      6626  1.439019E-02  1.058442E+00  1.811664E+00
      6627  1.148981E-02  1.070819E+00  1.834034E+00
      6628  3.742955E-03  1.151702E+00  1.850683E+00
      6629 -1.411157E-02  1.140540E+00  1.847852E+00
      6630 -7.698260E-03  1.061108E+00  1.841580E+00
      6631 -1.060948E-02  1.075846E+00  1.842122E+00
      6632 -1.743011E-02  1.062213E+00  1.827802E+00
      6633 -1.745060E-02  1.059025E+00  1.817567E+00
      6634 -2.688393E-02  1.070511E+00  1.825088E+00
      6635 -3.610898E-02  1.036859E+00  1.792512E+00
      6636 -3.520147E-02  1.033567E+00  1.767509E+00
      6637 -4.667469E-02  1.019092E+00  1.757429E+00
      6638 -5.551403E-02  1.014211E+00  1.753747E+00
      6639 -6.430136E-02  1.006353E+00  1.741853E+00
      6640 -7.322478E-02  9.922680E-01  1.723881E+00
      6641 -8.251640E-02  9.730013E-01  1.695207E+00
      6642 -9.244257E-02  9.477971E-01  1.655303E+00
      6643 -1.035149E-01  9.151185E-01  1.600718E+00
      6644 -1.146765E-01  8.719029E-01  1.526649E+00
      6645 -1.272043E-01  8.202318E-01  1.438680E+00
      6646 -1.399753E-01  7.594061E-01  1.333096E+00
      6647 -1.522030E-01  6.923835E-01  1.220618E+00
      6648 -1.615034E-01  6.208708E-01  1.111778E+00
      6649 -1.663151E-01  5.666504E-01  1.023143E+00
      6650 -1.649889E-01  5.349219E-01  9.805800E-01
      6651 -1.523759E-01  5.349656E-01  1.016546E+00
      6652 -1.223493E-01  6.008180E-01  1.170396E+00
      6653 -6.899712E-02  7.553478E-01  1.489358E+00
      6654  1.943849E-02  1.031841E+00  2.030750E+00
      6655  1.708928E-01  1.476023E+00  2.875588E+00
      6656  4.401445E-01  2.167996E+00  4.176855E+00
      6657  7.365074E-01  3.212558E+00  6.175456E+00
      6658  6.191474E-02  4.045722E+00  5.632450E+00
      6659  1.982939E+00  3.878557E+00  8.422944E+00
      6660  1.044947E+00  3.503028E+00  8.384275E+00
      6661  3.013511E+00  1.548514E+00  7.388338E+00
      6662  3.463231E+00  6.936210E-01  4.625377E+00
      6663  3.531837E+00  3.719637E-01  3.118111E+00
      6664  3.369067E+00  2.552642E-01  2.333391E+00
      6665  3.090494E+00  2.983326E-01  1.999362E+00
      6666  2.761389E+00  3.998640E-01  1.962867E+00
      6667  2.435297E+00  5.414725E-01  2.091138E+00
      6668  2.135818E+00  6.961967E-01  2.348508E+00
      6669  1.859080E+00  8.453903E-01  2.656365E+00
      6670  1.627034E+00  9.752979E-01  2.948397E+00
      6671  1.430431E+00  1.087382E+00  3.235505E+00
      6672  1.275138E+00  1.175903E+00  3.477135E+00
      6673  1.144185E+00  1.249224E+00  3.696214E+00
      6674  1.044604E+00  1.300054E+00  3.860354E+00
      6675  9.552908E-01  1.340913E+00  3.998776E+00
      6676  8.855608E-01  1.364580E+00  4.086227E+00
      6677  8.124188E-01  1.383419E+00  4.155840E+00
      6678  7.503525E-01  1.390657E+00  4.192480E+00
      6679  6.668414E-01  1.403108E+00  4.236525E+00
      6680  5.721208E-01  1.410134E+00  4.232051E+00
      6681  4.995913E-01  1.387263E+00  4.211174E+00
      6682  3.964619E-01  1.385816E+00  4.203934E+00
      6683  3.104168E-01  1.365096E+00  4.167135E+00
      6684  2.369901E-01  1.355190E+00  4.172918E+00
      6685  1.619057E-01  1.341007E+00  4.181355E+00
      6686  8.664043E-02  1.332751E+00  4.161066E+00
      6687  5.091623E-02  1.313077E+00  4.138031E+00
      6688  2.219100E-02  1.316206E+00  4.178481E+00
      6689 -1.794493E-02  1.365596E+00  4.140641E+00
      6690 -5.802519E-02  1.319770E+00  4.176906E+00
      6691 -6.907960E-02  1.329964E+00  4.182757E+00
      6692 -1.197952E-01  1.347252E+00  4.216800E+00
      6693 -1.758555E-01  1.369918E+00  4.253998E+00
      6694 -2.397350E-01  1.399851E+00  4.320656E+00
      6695 -3.593547E-01  1.418680E+00  4.344089E+00
      6696 -4.489354E-01  1.418486E+00  4.306748E+00
      6697 -5.406913E-01  1.437438E+00  4.307945E+00
      6698 -6.350802E-01  1.436695E+00  4.300120E+00
      6699 -7.390757E-01  1.437697E+00  4.290104E+00
      6700 -8.387552E-01  1.426421E+00  4.252414E+00
      6701 -9.336675E-01  1.407091E+00  4.190839E+00
      6702 -1.023112E+00  1.377588E+00  4.101032E+00
      6703 -1.110291E+00  1.338022E+00  3.982639E+00
      6704 -1.200894E+00  1.285823E+00  3.828707E+00
      6705 -1.295478E+00  1.220589E+00  3.640577E+00
      6706 -1.408741E+00  1.141210E+00  3.415916E+00
      6707 -1.543311E+00  1.043502E+00  3.153930E+00
      6708 -1.709781E+00  9.293877E-01  2.862272E+00
      6709 -1.912949E+00  7.990929E-01  2.554168E+00
      6710 -2.150827E+00  6.543846E-01  2.251465E+00
      6711 -2.421449E+00  5.062311E-01  1.993937E+00
      6712 -2.714055E+00  3.710744E-01  1.837823E+00
      6713 -3.005661E+00  2.706470E-01  1.853434E+00
      6714 -3.259125E+00  2.378059E-01  2.137485E+00
      6715 -3.409892E+00  3.239863E-01  2.828055E+00
      6716 -3.342456E+00  6.311176E-01  4.179003E+00
      6717 -2.929496E+00  1.384808E+00  6.686978E+00
      6718 -1.054185E+00  3.176198E+00  7.604628E+00
      6719 -1.893799E+00  3.518639E+00  7.622163E+00
      7093 -2.826990E-01  1.816456E+01 -4.332435E+01
      7122 -4.607654E-01  2.963309E+01  7.434269E+01
      7140 -5.905509E+00 -4.669692E-01  3.826659E+00
      7141 -2.563353E+00 -3.900465E-01  2.006562E+00
      7142 -1.660002E+01  2.880196E+00  3.980482E+01
      7143 -8.545401E+00  8.464888E-01  2.043234E+01
      7144 -2.540691E+00  5.064447E-01  6.069171E+00
      7145  8.841577E+00 -1.125946E-01  4.291465E+00
      7146  3.298591E+00 -4.133243E-01  1.079281E+00
      7147 -3.117041E+00 -5.188630E-01 -1.855995E+00
      7148  2.096415E+01  2.804351E+00  4.936475E+01
      7149  9.705512E+00  2.216172E-01  2.327668E+01
      7150 -5.074603E-01 -2.315976E-02  2.918752E-01
      7151 -1.086963E+01  8.839956E-01 -2.565228E+01
      7191  2.341524E-01  1.624165E+01 -3.874402E+01
      7220  4.724273E-01  2.675235E+01  6.710307E+01
      7238 -8.149226E+00 -9.462107E-02  4.042176E+00
      7239 -3.161135E+00 -3.655724E-01  1.143285E+00
      7240  2.620774E+00 -4.647962E-01 -1.465280E+00
      7241 -1.912690E+01  2.545270E+00  4.504368E+01
      7242 -8.995813E+00  1.887216E-01  2.155296E+01
      7243  2.027476E-01 -2.127273E-02  8.586301E-01
      7244  9.527522E+00  7.697198E-01 -2.255051E+01
      7245  5.248811E+00 -4.040676E-01  3.329863E+00
      7246  2.250153E+00 -3.486528E-01  1.695734E+00
      7247  1.492216E+01  2.573369E+00  3.561824E+01
      7248  7.677709E+00  7.554017E-01  1.819603E+01
      7249  2.216165E+00  4.744774E-01  5.267836E+00
     49076 -4.134151E-02  1.857732E-01  7.970047E-02
     49077 -2.088433E-02  1.454310E-01  5.518928E-02
     49078 -1.695566E-02  1.602035E-01  5.952492E-02
     49079 -2.129811E-02  1.617416E-01  5.880025E-02
     49080 -1.480235E-02  1.734640E-01  6.411757E-02
     49081 -2.718113E-02  1.282442E-01  1.367261E-02
     49082 -1.943293E-02  1.284087E-01  1.223411E-02
     49083  6.642599E-03  1.994835E-01 -3.926766E-02
     49084  5.231716E-03  1.948405E-01 -3.388947E-02
     49085  1.830411E-03  1.762898E-01 -2.868496E-02
     49086 -1.351682E-02  1.809671E-01  6.695888E-02
     49087 -2.752619E-02  1.291313E-01  1.419152E-02
     49088 -3.310549E-02  1.464126E-01  1.474772E-02
     49089 -1.869965E-02  1.006103E-01  5.905265E-02
     49090  2.572356E-03  1.678924E-01 -2.868506E-02
     49091  2.331829E-03  1.809741E-01 -2.892261E-02
     49092 -3.921871E-02  9.168282E-01  9.324888E-02
     49093 -9.961660E-02  2.767706E-01  1.594949E-01
     49094 -1.055110E-02  1.508847E-01  1.182067E-01
     49095 -8.160246E-02  4.828836E-01  2.011046E-01
     49096 -6.476814E-02  2.827775E-01  1.186487E-01
     49097  6.459899E-03  1.305222E-01 -2.490102E-02
     49098 -2.774345E-02  1.379117E-01  5.368285E-02
     49099  9.581979E-03  1.831928E-01  7.220126E-02
     49100 -3.148105E-02  1.474966E-01  2.132245E-02
     49101  2.194366E-03  1.557590E-01 -2.855730E-02
     49102  1.368642E-02  2.030811E-01 -4.142929E-02
     49103 -1.062422E-02  9.346277E-02  1.760411E-02
     49104  8.527799E-04  1.392050E-01 -2.587803E-02
     49105 -2.952920E-02  9.522870E-02  1.343450E-02
     49106  9.896644E-03  1.957357E-01 -3.918798E-02
     49107  4.125556E+00 -4.274397E-01 -2.664704E+01
     49108  3.453105E+00  1.736539E+00 -2.150710E+01
     49109  4.707956E+00  8.820265E-02 -1.821342E+01
     49110  4.733136E+00  1.660892E+00 -2.577706E+01
     49111  5.074779E-02 -3.028477E-01 -1.903704E+00
     49112 -6.498025E-04 -1.114528E-01 -2.599280E+00
     49113 -9.025814E-02 -2.341754E-01 -1.878979E+00
     49114  1.453255E-02 -8.084980E-02 -2.660697E+00
     49115  4.277813E+00 -4.113346E-01 -1.575805E+01
     49116  3.980715E+00 -9.375568E-01 -1.395290E+01
     49117  4.134479E+00 -2.602678E+00 -1.834459E+01
     49118  4.687875E+00 -9.947458E-01 -1.950591E+01
     49119  3.947318E+00 -9.525115E-01 -1.179703E+01
     49120  3.630268E+00 -9.294993E-01 -1.043305E+01
     49121  4.539364E+00 -1.947807E+00 -1.445075E+01
     49122  4.782137E+00 -3.419236E-01 -1.777665E+01
     49123  4.332103E+00 -1.230516E+00 -1.448464E+01
     49124  3.603853E+00 -3.355665E-01 -8.515621E+00
     49125  3.598344E+00 -3.465492E-01 -7.380934E+00
     49126  4.555315E+00 -1.856039E+00 -1.038911E+01
     49127  4.431713E+00 -7.638727E-01 -1.322857E+01
     49128  4.100078E+00  3.367856E-01 -1.121772E+01
     49129  3.251272E+00 -5.973946E-01 -6.520371E+00
     49130  3.008651E+00 -6.367759E-01 -5.750067E+00
     49131  3.399745E+00 -1.354650E+00 -7.527209E+00
     49132  3.491589E+00 -7.409619E-01 -7.951427E+00
     49133  3.593941E+00  4.139294E-01 -1.002644E+01
     49134  2.865222E+00 -2.591818E-01 -4.585273E+00
     49135  2.779638E+00 -2.674948E-01 -3.926321E+00
     49136  3.513550E+00 -1.142244E+00 -5.684164E+00
     49137  3.458924E+00 -3.838432E-01 -7.243529E+00
     49138  3.131306E+00  1.051099E-01 -5.963377E+00
     49139  2.468581E+00 -4.138554E-01 -3.410511E+00
     49140  2.267699E+00 -4.350995E-01 -2.983315E+00
     49141  2.605449E+00 -8.148473E-01 -4.006395E+00
     49142  2.790236E+00  1.796419E-01 -5.268563E+00
     49143  2.652212E+00 -4.211201E-01 -4.216212E+00
     49144  2.081559E+00 -2.027283E-01 -2.328756E+00
     49145  1.982597E+00 -2.121123E-01 -2.035449E+00
     49146  2.558709E+00 -7.528044E-01 -2.977846E+00
     49147  2.228884E+00 -3.334957E-03 -3.035157E+00
     49148  2.509212E+00 -2.229540E-01 -3.805944E+00
     49149  1.682080E+00 -2.098334E-01 -1.646874E+00
     49150  1.617488E+00 -3.498576E-01 -1.637895E+00
     49151  1.955867E+00 -5.585207E-01 -2.014209E+00
     49152  2.011362E+00  6.237606E-02 -2.713456E+00
     49153  1.838356E+00 -1.372809E-01 -2.251023E+00
     49154  1.472949E+00 -3.398564E-01 -1.392100E+00
     49155  1.337338E+00 -3.017237E-01 -1.267324E+00
     49156  1.609195E+00 -6.132465E-01 -1.730571E+00
     49157  1.586514E+00 -2.397606E-01 -1.869511E+00
     49158  1.655348E+00  4.530819E-04 -2.095795E+00
     49159  1.181797E+00 -1.606233E-01 -1.049697E+00
     49160  1.180630E+00 -1.609691E-01 -1.014482E+00
     49161  1.525802E+00 -5.662338E-01 -1.379501E+00
     49162  1.398231E+00 -1.479484E-01 -1.756525E+00
     49163  1.247866E+00 -7.259766E-02 -1.464307E+00
     49164  1.030318E+00 -2.877936E-01 -1.068974E+00
     49165  9.508081E-01 -2.883672E-01 -1.073122E+00
     49166  9.754011E-01 -5.066265E-01 -1.260612E+00
     49167  1.140925E+00 -4.646547E-02 -1.425970E+00
     49168  1.135516E+00 -1.602829E-01 -1.581626E+00
     49169  8.268373E-01 -1.565729E-01 -9.790930E-01
     49170  8.776806E-01 -1.546868E-01 -1.017091E+00
     49171  1.134011E+00 -5.884087E-01 -1.259568E+00
     49172  8.864906E-01 -7.800891E-02 -1.424494E+00
     49173  9.459992E-01 -1.657815E-01 -1.558542E+00
     49174  7.688030E-01 -3.015382E-01 -1.160175E+00
     49175  7.153654E-01 -3.004312E-01 -1.207273E+00
     49176  6.510470E-01 -5.557286E-01 -1.332432E+00
     49177  8.141844E-01 -6.002853E-02 -1.464929E+00
     49178  8.643134E-01 -1.629934E-01 -1.742579E+00
     49179  6.171534E-01 -1.623234E-01 -1.147050E+00
     49180  7.136093E-01 -1.597037E-01 -1.206114E+00
     49181  9.191613E-01 -6.435143E-01 -1.435976E+00
     49182  6.863008E-01 -7.314453E-02 -1.682056E+00
     49183  6.835594E-01 -1.893829E-01 -1.760766E+00
     49184  6.272085E-01 -3.224360E-01 -1.381487E+00
     49185  5.878494E-01 -3.215802E-01 -1.431045E+00
     49186  4.682510E-01 -6.223636E-01 -1.566128E+00
     49187  6.314074E-01 -6.027793E-02 -1.745025E+00
     49188  7.211414E-01 -1.832381E-01 -2.039212E+00
     49189  5.072421E-01 -1.709308E-01 -1.356204E+00
     49190  6.318728E-01 -1.688125E-01 -1.403188E+00
     49191  8.161295E-01 -7.010647E-01 -1.678991E+00
     49192  5.896372E-01 -6.852107E-02 -1.974873E+00
     49193  5.482139E-01 -2.100535E-01 -2.062763E+00
     49194  5.537338E-01 -3.409188E-01 -1.572968E+00
     49195  5.189001E-01 -3.415921E-01 -1.603755E+00
     49196  3.730257E-01 -6.798124E-01 -1.782357E+00
     49197  5.403945E-01 -5.734912E-02 -2.025150E+00
     49198  6.503736E-01 -2.046813E-01 -2.283595E+00
     49199  4.442446E-01 -1.802285E-01 -1.494305E+00
     49200  5.811035E-01 -1.795676E-01 -1.516490E+00
     49201  7.644121E-01 -7.437976E-01 -1.853510E+00
     49202  4.791624E-01 -2.210434E-01 -2.293764E+00
     49203  5.371963E-01 -6.928601E-02 -2.163815E+00
     49204  4.975135E-01 -3.551698E-01 -1.666994E+00
     49205  4.590997E-01 -3.542649E-01 -1.676453E+00
     49206  3.091852E-01 -7.196265E-01 -1.897713E+00
     49207  4.874354E-01 -5.790235E-02 -2.187783E+00
     49208  5.945283E-01 -2.185059E-01 -2.401188E+00
     49209  3.679856E-01 -1.842563E-01 -1.528456E+00
     49210  4.618998E-01 -3.442581E-01 -1.721274E+00
     49211  7.201436E-01 -7.536418E-01 -1.913046E+00
     49212  4.847172E-01 -8.848550E-02 -2.217281E+00
     49213  4.198658E-01 -2.259757E-01 -2.395907E+00
     49214  2.671324E-01 -1.967105E-01 -1.530950E+00
     49215  3.967351E-01 -4.266847E-01 -1.838236E+00
     49216  7.587533E-01 -9.072035E-01 -1.924031E+00
     49217  3.821647E-01 -1.755243E-02 -2.282781E+00
     49218  4.309674E-01 -2.005379E-01 -2.222833E+00
     49219  3.709704E-01 -4.163324E-01 -1.702394E+00
     49220  3.111078E-01 -3.664118E-01 -1.687540E+00
     49221  4.335772E-01 -8.442419E-01 -2.060929E+00
     49222  3.165069E-01 -8.458079E-03 -2.359271E+00
     49223  4.325982E-01 -2.704450E-01 -2.390460E+00
     49224  2.061828E-01 -1.898336E-01 -1.531386E+00
     49225  2.938678E-01 -3.449330E-01 -1.741518E+00
     49226  5.700468E-01 -7.562024E-01 -1.913318E+00
     49227  3.196111E-01 -9.014889E-02 -2.221349E+00
     49228  2.733999E-01 -2.108239E-01 -2.419572E+00
     49229  9.625978E-02 -2.192356E-01 -1.551422E+00
     49230  2.055547E-01 -3.963894E-01 -1.777198E+00
     49231  5.876500E-01 -9.627933E-01 -1.919403E+00
     49232  2.170972E-01 -2.279803E-02 -2.290911E+00
     49233  2.619183E-01 -2.634432E-01 -2.287956E+00
     49234  1.885869E-01 -4.119440E-01 -1.768628E+00
     49235  1.293782E-01 -3.588509E-01 -1.756189E+00
     49236  2.014811E-01 -8.191980E-01 -2.070056E+00
     49237  1.001206E-01 -7.069871E-02 -2.443303E+00
     49238  2.378875E-01 -2.880300E-01 -2.481878E+00
     49239  1.727427E-02 -1.998954E-01 -1.638569E+00
     49240  1.459467E-01 -2.091293E-01 -1.708620E+00
     49241  3.465413E-01 -7.760444E-01 -2.035111E+00
     49242  1.247302E-01 -6.183268E-02 -2.365290E+00
     49243  8.410076E-02 -2.353924E-01 -2.513214E+00
     49244 -7.630998E-02 -1.928351E-01 -1.696546E+00
     49245  6.555022E-02 -4.063361E-01 -2.054085E+00
     49246  1.164777E-01 -7.763548E-01 -1.926218E+00
     49247  7.228863E-02 -5.219314E-02 -2.430237E+00
     49248  7.839299E-02 -2.002502E-01 -2.424915E+00
     49249  5.602823E-02 -4.455741E-01 -1.958332E+00
     49250 -1.139749E-02 -4.288959E-01 -2.033112E+00
     49251  7.758862E-02 -8.484039E-01 -2.292640E+00
     49252  7.296112E-02 -3.197049E-01 -2.673222E+00
     49253 -7.769592E-02  3.482490E-04 -2.601243E+00
     49254  3.606614E-02 -4.124538E-01 -2.002906E+00
     49255 -1.759400E-02 -3.812736E-01 -1.999826E+00
     49256  5.056033E-02 -8.291416E-01 -2.331131E+00
     49257  6.885850E-02 -3.210791E-01 -2.759247E+00
     49258 -1.001920E-01 -1.477831E-01 -2.781496E+00
     49259  2.235187E-01 -7.861258E-01 -2.246493E+00
     49260 -7.520762E-02 -2.479177E-01 -2.798247E+00
     51119 -6.193364E-02  4.745404E-01  1.416395E-01
     51120  1.944702E-02  1.188657E-01  1.092063E-01
     51121  1.846299E-02  1.004906E-01  7.880610E-02
     51122 -2.474404E-03  1.952649E-01 -4.314124E-02
     51123 -7.631837E-03  1.373273E-01 -3.209143E-02
     51124  1.333083E-03  9.286011E-02  1.087306E-02
     51125 -7.259391E-03  2.594366E-01 -7.116556E-02
     51126 -3.922931E-03  1.789197E-01 -3.947027E-02
     51127 -1.227366E-03  1.015980E-01 -3.782241E-03
     51128  5.096349E-03  2.551299E-01 -6.127909E-02
     51129 -1.160313E-02  1.254162E-01  1.094869E-02
     51130 -4.281788E-03  1.674132E-01 -3.713438E-02
     51131  2.917312E-03  2.633621E-01 -5.900117E-02
     51132  3.248591E-03  2.670392E-01 -7.326309E-02
     51133 -3.155110E-03  1.877694E-01 -4.132598E-02
     51134 -2.235728E-03  1.358394E-01 -2.497058E-02
     51135 -3.564255E-03  1.140250E-01 -1.540821E-02
     51136  1.114619E-03  2.023143E-01 -4.464937E-02
     51137 -3.428756E-03  1.339397E-01 -2.908387E-02
     51138  3.657753E-03  2.429503E-01 -5.748565E-02
     51139  1.031049E-02  9.007578E-02  5.195585E-02
     51140  4.320261E-04  2.347544E-01 -4.949237E-02
     51141 -9.998155E-04  2.093011E-01 -4.703954E-02
     51142 -1.610436E-02  2.415790E-01 -6.534052E-02
     51143  1.184372E-03  2.107762E-01 -4.617633E-02
     51144 -1.419631E-05  2.114356E-01 -4.753202E-02
     51145 -4.874449E-03  1.591562E-01 -3.547316E-02
     51146 -1.830374E-03  2.037348E-01 -4.539276E-02
     51147  1.886261E-03  2.104126E-01 -4.723140E-02
     51148  1.711761E-03  5.437559E-02  1.859744E-01
     51149  4.554317E-03  8.842195E-02  2.920692E-02
     51150 -3.299007E-02 -1.457333E-01 -2.614366E+00
     51151 -5.190864E-02 -3.056069E-01 -1.895800E+00
     51152 -7.930133E-03 -4.348543E-01 -2.086966E+00
     51153 -5.007471E-02 -8.755855E-02 -2.658941E+00
     51154 -3.294165E+00  1.586656E+00 -1.934629E+01
     51155 -3.679999E+00 -5.257438E-01 -2.399814E+01
     51156 -3.896453E+00  2.230847E-01 -1.750871E+01
     51157 -4.716682E+00  5.112470E-01 -2.246142E+01
     51158  1.048221E-02 -4.598563E-01 -2.070263E+00
     51159 -6.399076E-02 -4.609566E-01 -2.069028E+00
     51160 -4.227838E-02 -7.723207E-01 -2.434167E+00
     51161  6.800977E-02 -2.829480E-01 -2.827713E+00
     51162 -2.633541E-02 -4.139050E-01 -1.976933E+00
     51163 -6.966155E-02 -4.192138E-01 -1.953417E+00
     51164  1.002984E-02 -8.428106E-01 -2.347784E+00
     51165 -1.674772E-01 -1.802519E-01 -2.870426E+00
     51166 -3.597209E-03 -3.664581E-01 -2.771866E+00
     51167 -4.145500E-02 -4.287624E-01 -1.976791E+00
     51168 -1.037609E-01 -4.215285E-01 -1.882297E+00
     51169 -9.505011E-02 -8.318241E-01 -2.288733E+00
     51170  3.042654E-02 -1.992652E-01 -2.772502E+00
     51171 -8.783242E-02 -3.646682E-01 -2.748812E+00
     51172 -8.262056E-02 -4.211394E-01 -1.902174E+00
     51173 -1.546012E-01 -4.116040E-01 -1.819696E+00
     51174 -1.274198E-01 -8.344860E-01 -2.214497E+00
     51175 -1.440423E-01 -3.642881E-01 -2.629747E+00
     51176 -9.510806E-03 -1.855304E-01 -2.674087E+00
     51177 -1.234262E-01 -4.232087E-01 -1.844261E+00
     51178 -2.073889E-01 -4.013363E-01 -1.739859E+00
     51179 -1.804216E-01 -8.305039E-01 -2.143628E+00
     51180 -5.277983E-02 -2.256573E-01 -2.624018E+00
     51181 -1.940818E-01 -3.399481E-01 -2.545592E+00
     51182 -1.914371E-01 -4.129461E-01 -1.764070E+00
     51183 -2.726304E-01 -4.209502E-01 -1.744280E+00
     51184 -2.359766E-01 -8.228532E-01 -2.061927E+00
     51185 -2.597388E-01 -3.535897E-01 -2.476577E+00
     51186 -1.128918E-01 -1.825736E-01 -2.502622E+00
     51187 -2.572313E-01 -3.877507E-01 -1.667853E+00
     51188 -3.211508E-01 -3.934131E-01 -1.635347E+00
     51189 -2.281520E-01 -8.199610E-01 -2.006336E+00
     51190 -3.699645E-01 -2.081912E-01 -2.477913E+00
     51191 -2.530277E-01 -3.222948E-01 -2.386996E+00
     51192 -3.258998E-01 -3.923023E-01 -1.670859E+00
     51193 -3.935610E-01 -3.858668E-01 -1.604940E+00
     51194 -3.642739E-01 -7.912680E-01 -1.936200E+00
     51195 -3.608384E-01 -3.121472E-01 -2.367143E+00
     51196 -2.714443E-01 -1.663178E-01 -2.393206E+00
     51197 -3.918432E-01 -3.771051E-01 -1.636666E+00
     51198 -4.545444E-01 -3.848805E-01 -1.586815E+00
     51199 -4.226912E-01 -7.922463E-01 -1.909019E+00
     51200 -3.463302E-01 -1.786598E-01 -2.361746E+00
     51201 -4.442076E-01 -3.086330E-01 -2.293758E+00
     51202 -4.527264E-01 -3.693706E-01 -1.618325E+00
     51203 -5.138421E-01 -3.738108E-01 -1.565791E+00
     51204 -4.829858E-01 -7.894893E-01 -1.889648E+00
     51205 -4.128319E-01 -1.771521E-01 -2.331688E+00
     51206 -5.145699E-01 -3.127316E-01 -2.277620E+00
     51207 -5.095847E-01 -3.655502E-01 -1.603100E+00
     51208 -5.679545E-01 -3.751466E-01 -1.553858E+00
     51209 -5.448723E-01 -7.763952E-01 -1.869019E+00
     51210 -5.766340E-01 -2.967636E-01 -2.251662E+00
     51211 -4.744951E-01 -1.839407E-01 -2.314991E+00
     51212 -5.590531E-01 -3.641503E-01 -1.589857E+00
     51213 -6.166829E-01 -3.700775E-01 -1.533417E+00
     51214 -5.971043E-01 -7.712589E-01 -1.854173E+00
     51215 -5.259141E-01 -1.760828E-01 -2.288827E+00
     51216 -6.364020E-01 -3.056000E-01 -2.237884E+00
     51217 -6.051883E-01 -3.555438E-01 -1.562603E+00
     51218 -6.606863E-01 -3.624295E-01 -1.502963E+00
     51219 -6.418892E-01 -7.559323E-01 -1.825435E+00
     51220 -6.876340E-01 -2.998108E-01 -2.206267E+00
     51221 -5.743688E-01 -1.732293E-01 -2.245308E+00
     51222 -6.476131E-01 -3.444264E-01 -1.521439E+00
     51223 -7.012888E-01 -3.515708E-01 -1.455131E+00
     51224 -6.816078E-01 -7.365795E-01 -1.782189E+00
     51225 -6.184733E-01 -1.700260E-01 -2.181276E+00
     51226 -7.319195E-01 -2.919263E-01 -2.161899E+00
     51227 -6.907183E-01 -3.319873E-01 -1.462837E+00
     51228 -7.441137E-01 -3.418242E-01 -1.392966E+00
     51229 -7.201499E-01 -7.116486E-01 -1.718509E+00
     51230 -7.713251E-01 -2.786196E-01 -2.095433E+00
     51231 -6.638693E-01 -1.663950E-01 -2.094609E+00
     51232 -7.376975E-01 -3.200949E-01 -1.390467E+00
     51233 -7.943401E-01 -3.299835E-01 -1.315086E+00
     51234 -7.623094E-01 -6.868854E-01 -1.639541E+00
     51235 -7.129623E-01 -1.599716E-01 -1.988248E+00
     51236 -8.126077E-01 -2.666091E-01 -2.008471E+00
     51237 -7.990562E-01 -3.051431E-01 -1.305772E+00
     51238 -8.610314E-01 -3.176942E-01 -1.233748E+00
     51239 -8.143618E-01 -6.559904E-01 -1.543704E+00
     51240 -8.622401E-01 -2.513466E-01 -1.900527E+00
     51241 -7.779718E-01 -1.516327E-01 -1.866095E+00
     51242 -8.799425E-01 -2.965328E-01 -1.229959E+00
     51243 -9.526114E-01 -3.098841E-01 -1.167374E+00
     51244 -8.896075E-01 -6.269598E-01 -1.450390E+00
     51245 -9.278534E-01 -2.363345E-01 -1.784362E+00
     51246 -8.675920E-01 -1.436826E-01 -1.753440E+00
     51247 -9.908508E-01 -2.889005E-01 -1.177760E+00
     51248 -1.081133E+00 -3.115388E-01 -1.173630E+00
     51249 -9.935176E-01 -6.039543E-01 -1.381555E+00
     51250 -9.913477E-01 -1.434771E-01 -1.653947E+00
     51251 -1.022586E+00 -2.289948E-01 -1.683098E+00
     51252 -1.141590E+00 -2.875588E-01 -1.169624E+00
     51253 -1.247648E+00 -3.097739E-01 -1.227620E+00
     51254 -1.105683E+00 -5.861684E-01 -1.368146E+00
     51255 -1.189033E+00 -1.419716E-01 -1.675322E+00
     51256 -1.195529E+00 -2.132897E-01 -1.606515E+00
     51257 -1.333142E+00 -2.998997E-01 -1.293017E+00
     51258 -1.458908E+00 -3.151508E-01 -1.374248E+00
     51259 -1.302233E+00 -5.623246E-01 -1.452364E+00
     51260 -1.418858E+00 -2.047903E-01 -1.749037E+00
     51261 -1.356707E+00 -1.375442E-01 -1.722766E+00
     51262 -1.566592E+00 -3.249718E-01 -1.583977E+00
     51263 -1.722126E+00 -3.404540E-01 -1.721715E+00
     51264 -1.581256E+00 -5.605787E-01 -1.688296E+00
     51265 -1.550423E+00 -2.411957E-01 -1.855093E+00
     51266 -1.668744E+00 -1.356003E-01 -2.092384E+00
     51267 -1.846716E+00 -3.684216E-01 -2.058662E+00
     51268 -2.031738E+00 -3.816861E-01 -2.300336E+00
     51269 -1.884157E+00 -5.982385E-01 -2.137840E+00
     51270 -2.006779E+00 -1.553336E-01 -2.652827E+00
     51271 -1.845836E+00 -2.816921E-01 -2.224456E+00
     51272 -2.163190E+00 -4.333713E-01 -2.795038E+00
     51273 -2.377733E+00 -4.454547E-01 -3.166201E+00
     51274 -2.238675E+00 -6.605083E-01 -2.857833E+00
     51275 -2.398399E+00 -1.981399E-01 -3.542858E+00
     51276 -2.181453E+00 -3.400948E-01 -2.887410E+00
     51277 -2.499229E+00 -5.263182E-01 -3.851699E+00
     51278 -2.741678E+00 -5.352306E-01 -4.374881E+00
     51279 -2.632430E+00 -7.672981E-01 -3.917930E+00
     51280 -2.560913E+00 -4.287958E-01 -3.904590E+00
     51281 -2.827196E+00 -2.671396E-01 -4.838674E+00
     51282 -2.831392E+00 -6.484344E-01 -5.282283E+00
     51283 -3.098273E+00 -6.492457E-01 -5.978490E+00
     51284 -3.045647E+00 -9.285191E-01 -5.382532E+00
     51285 -3.270039E+00 -3.638865E-01 -6.615265E+00
     51286 -2.963371E+00 -5.563260E-01 -5.348522E+00
     51287 -3.133234E+00 -7.965050E-01 -7.144778E+00
     51288 -3.422834E+00 -7.794040E-01 -8.039962E+00
     51289 -3.458401E+00 -1.149309E+00 -7.320318E+00
     51290 -3.707172E+00 -4.962115E-01 -8.963216E+00
     51291 -3.361340E+00 -7.181204E-01 -7.293130E+00
     51292 -3.390241E+00 -9.536265E-01 -9.540481E+00
     51293 -3.705913E+00 -8.827076E-01 -1.067625E+01
     51294 -3.865816E+00 -1.433179E+00 -9.839264E+00
     51295 -4.158878E+00 -7.106429E-01 -1.203055E+01
     51296 -3.730257E+00 -9.201429E-01 -9.829824E+00
     51297 -3.686283E+00 -9.864097E-01 -1.263945E+01
     51298 -3.982572E+00 -6.845096E-01 -1.430388E+01
     51299 -4.254238E+00 -1.795545E+00 -1.313693E+01
     51300 -4.058055E+00 -1.195806E+00 -1.312309E+01
     51301 -4.693151E+00 -1.070719E+00 -1.613333E+01
     51302 -4.316775E+00 -1.311956E+00 -1.765509E+01
     51303 -4.255681E+00 -1.872379E+00 -1.746296E+01
     55744 -2.436785E+00  6.850898E+00  4.569500E+00
     55745  9.422822E-01  6.935859E-01  1.643033E+00
     55746  6.821714E-01  3.911763E+00  1.011947E+00
     55747 -7.670027E-01  1.811523E+00  1.046410E+00
     55748  1.344879E+00  6.927509E-01 -6.485606E-02
     55749 -2.810125E+00 -2.517451E+01  1.590176E+02
     55750 -7.831720E+00 -2.731790E+01  1.453788E+02
     55751  5.861453E+00 -1.468203E+01  1.226465E+02
     55752 -1.289593E+00  5.601437E+00 -2.365349E+01
     55753 -3.281993E+00  2.526045E+00 -1.157317E+01
     55754 -5.316586E+00 -2.423136E+00 -1.025250E+01
     55755  1.276935E+00  5.630837E+00 -2.260191E+01
     55756 -1.317408E+01 -1.865849E+01  1.074475E+02
     55757 -1.812799E+00 -6.733467E+00  3.228164E+00
     55758 -5.146982E+00 -9.203006E+00  1.511684E+01
     55759 -2.534459E+00 -4.953598E+00 -1.672291E+01
     55760  1.187840E+00 -1.189397E+01  3.328078E+01
     55761 -3.196879E+00 -1.371726E+01  4.795510E+01
     55762 -1.704055E+00 -1.075964E+01  1.021546E+01
     55763  2.595153E+00 -1.424116E+01  7.173379E+01
     55764 -7.042779E+00 -1.563008E+01  8.802478E+01
     55765 -9.500047E-01 -1.555224E+01  4.645740E+01
     55766 -3.207092E+00 -1.894871E+01  9.459111E+01
     55767 -1.732539E+00 -6.135949E+00 -5.801412E+00
     55768 -4.257701E+00 -5.191285E+00 -1.975457E+01
     55769 -4.330960E+00 -1.191447E+01  2.502781E+01
     55770 -5.634342E+00 -1.136757E+01  7.401773E+00
     55771  1.567608E+00 -1.436466E+01  6.656019E+01
     55772 -9.812298E+00 -1.615566E+01  4.469424E+01
     60680 -7.273443E-01  3.608174E+00  9.419227E-01
     60681  2.160428E+00  6.191789E+00  4.164898E+00
     60682  6.594256E-01  1.570276E+00  8.386636E-01
     60683 -1.308482E+00  6.349503E-01 -4.697535E-02
     60684 -1.003609E+00  6.134194E-01  1.484773E+00
     60685  3.196300E+00  2.027320E+00 -9.711212E+00
     60686  1.418585E+00  5.112951E+00 -2.177769E+01
     60687 -8.382016E-01  5.431432E+00 -2.081354E+01
     60688  7.586177E+00 -2.491232E+01  1.320346E+02
     60689  3.017232E+00 -2.299496E+01  1.458284E+02
     60690  1.231861E+01 -1.723408E+01  9.714587E+01
     60691  5.058890E+00 -2.574793E+00 -8.406328E+00
     60692 -4.989422E+00 -1.313544E+01  1.130432E+02
     60693  4.208162E+00 -4.841483E+00 -1.884539E+01
     60694  2.050185E+00 -5.524228E+00 -5.944714E+00
     60695  2.500280E+00 -4.664155E+00 -1.511893E+01
     60696  5.436105E+00 -1.046595E+01  5.797272E+00
     60697  4.297039E+00 -1.083136E+01  2.190392E+01
     60698  1.702530E+00 -9.906759E+00  9.485104E+00
     60699  9.364771E+00 -1.489991E+01  3.980948E+01
     60700 -1.015616E+00 -1.317459E+01  5.982057E+01
     60701  1.042585E+00 -1.424747E+01  4.252397E+01
     60702  3.102124E+00 -1.730937E+01  8.650927E+01
     60703  4.988062E+00 -8.563677E+00  1.500989E+01
     60704  1.809670E+00 -6.320248E+00  4.198698E+00
     60705  3.184490E+00 -1.263515E+01  4.502183E+01
     60706 -9.653352E-01 -1.094072E+01  3.173261E+01
     60707  6.864395E+00 -1.437209E+01  8.148804E+01
     60708 -2.092057E+00 -1.298597E+01  6.675885E+01
     65199  3.292841E-01  6.373595E-01  5.303782E-03
     65200 -3.404558E-01  7.206186E-01  4.259115E-02
     65201  3.593388E-01  1.361191E+00 -4.558637E-01
     65202 -4.052700E-01  1.518683E+00 -5.046820E-01
     65203  6.169199E+00 -3.018817E-01 -2.029901E+01
     65204  4.649189E+00 -8.219076E-01 -1.675743E+00
     65205  5.980233E+00 -9.458630E-01 -1.671943E+01
     65206 -4.556994E-02 -8.022991E-01  2.244871E+00
     65207  2.696787E-03 -7.975450E-01  2.105092E+00
     65208 -4.753986E-02 -7.390513E-01  2.119748E+00
     65209 -1.505019E-02 -7.865627E-01  2.261270E+00
     65210 -4.384840E+00 -6.869222E-01 -1.508817E+00
     65211 -5.744749E+00 -1.662604E-01 -1.824322E+01
     65212 -5.677831E+00 -6.898694E-01 -1.494340E+01
     65213  5.304150E+00 -1.928625E+00  3.661722E+00
     65214 -5.009224E+00 -1.714022E+00  3.308864E+00
     65215  4.939341E+00 -2.785459E+00 -1.040984E+01
     65216  6.696312E+00 -4.125845E+00 -9.645348E+00
     65217  5.125331E+00 -3.545193E+00 -2.501487E+00
     65218  2.014195E+00 -2.929300E+00  3.080047E+00
     65219  7.854368E+00 -5.572735E+00 -4.522669E+00
     65220  6.814018E+00 -5.974986E+00 -6.697912E+00
     65221  3.284309E+00 -1.731491E+00  5.331121E+00
     65222  8.148537E+00 -4.673898E+00 -4.105157E+00
     65223  8.379686E+00 -5.786555E+00 -3.747606E+00
     65224  7.977265E+00 -3.510077E+00 -3.066113E+00
     65225  8.232851E+00 -4.347614E+00 -3.109001E+00
     65226  7.391280E+00 -2.709197E+00 -2.109882E+00
     65227  7.700355E+00 -3.185919E+00 -2.275152E+00
     65228  6.711778E+00 -1.909387E+00 -1.043033E+00
     65229  6.936189E+00 -2.204862E+00 -1.323593E+00
     65230  5.925460E+00 -1.399246E+00 -2.030326E-01
     65231  6.101316E+00 -1.499375E+00 -4.822374E-01
     65232  5.183132E+00 -9.488987E-01  5.559704E-01
     65233  5.278374E+00 -9.555959E-01  2.900768E-01
     65234  4.497085E+00 -6.343602E-01  1.174484E+00
     65235  4.537167E+00 -5.639148E-01  9.142588E-01
     65236  3.885927E+00 -5.027097E-01  1.575744E+00
     65237  3.889706E+00 -3.769995E-01  1.385438E+00
     65238  3.408750E+00 -3.604027E-01  1.953134E+00
     65239  3.324341E+00 -2.089826E-01  1.793102E+00
     65240  2.971081E+00 -3.575006E-01  2.119152E+00
     65241  2.894561E+00 -2.019756E-01  2.012979E+00
     65242  2.666844E+00 -3.134692E-01  2.316852E+00
     65243  2.521805E+00 -1.552833E-01  2.229680E+00
     65244  2.376834E+00 -3.790965E-01  2.342206E+00
     65245  2.263645E+00 -2.360496E-01  2.294441E+00
     65246  2.198600E+00 -3.696270E-01  2.447573E+00
     65247  2.027163E+00 -2.319717E-01  2.407867E+00
     65248  2.003995E+00 -4.538906E-01  2.408662E+00
     65249  1.880100E+00 -3.380902E-01  2.394832E+00
     65250  1.896926E+00 -4.357758E-01  2.487055E+00
     65251  1.718372E+00 -3.282890E-01  2.470522E+00
     65252  1.741498E+00 -5.085384E-01  2.435952E+00
     65253  1.617195E+00 -4.201851E-01  2.435732E+00
     65254  1.651519E+00 -4.700006E-01  2.522192E+00
     65255  1.469936E+00 -3.858550E-01  2.511797E+00
     65256  1.512836E+00 -4.903694E-01  2.544426E+00
     65257  1.364193E+00 -4.475066E-01  2.506512E+00
     65258  1.301025E+00 -4.669272E-01  2.548313E+00
     65259  1.224257E+00 -4.393186E-01  2.573239E+00
     65260  1.154393E+00 -4.716316E-01  2.575650E+00
     65261  1.017910E+00 -4.064145E-01  2.593340E+00
     65262  9.865683E-01 -5.121959E-01  2.512962E+00
     65263  8.529517E-01 -4.682955E-01  2.513714E+00
     65264  7.877116E-01 -5.208718E-01  2.480699E+00
     65265  6.526152E-01 -4.586860E-01  2.516316E+00
     65266  6.124149E-01 -5.218356E-01  2.452916E+00
     65267  4.872839E-01 -4.856930E-01  2.462031E+00
     65268  4.393152E-01 -6.246656E-01  2.358725E+00
     65269  3.537398E-01 -5.926988E-01  2.372201E+00
     65270  2.625962E-01 -6.424183E-01  2.282919E+00
     65271  2.278003E-01 -6.090979E-01  2.338686E+00
     65272  1.579310E-01 -6.505144E-01  2.223683E+00
     65273  7.742200E-02 -6.096576E-01  2.283586E+00
     65274  9.378624E-02 -6.771540E-01  2.169670E+00
     65275  1.318458E-02 -6.702552E-01  2.184219E+00
     65276 -6.478633E-02 -6.651879E-01  2.203788E+00
     65277 -1.577778E-01 -6.858559E-01  2.169825E+00
     65278 -1.524480E-01 -6.370743E-01  2.287647E+00
     65279 -2.222445E-01 -6.620146E-01  2.246968E+00
     65280 -2.458091E-01 -5.808417E-01  2.396959E+00
     65281 -3.281943E-01 -6.195804E-01  2.348003E+00
     65282 -3.808551E-01 -5.414289E-01  2.522257E+00
     65283 -4.632094E-01 -5.815710E-01  2.460507E+00
     65284 -5.711876E-01 -4.841565E-01  2.642404E+00
     65285 -6.101999E-01 -5.272452E-01  2.600036E+00
     65286 -7.419172E-01 -4.294472E-01  2.672565E+00
     65287 -8.368274E-01 -4.844344E-01  2.668285E+00
     65288 -9.270806E-01 -3.802597E-01  2.699169E+00
     65289 -1.028660E+00 -4.504285E-01  2.683881E+00
     65290 -1.120160E+00 -3.442534E-01  2.725984E+00
     65291 -1.232397E+00 -4.086805E-01  2.719995E+00
     65292 -1.317693E+00 -3.227858E-01  2.737817E+00
     65293 -1.425249E+00 -4.003858E-01  2.742850E+00
     65294 -1.514187E+00 -3.103196E-01  2.717651E+00
     65295 -1.624916E+00 -3.913044E-01  2.739815E+00
     65296 -1.697767E+00 -3.008850E-01  2.673803E+00
     65297 -1.813845E+00 -3.903072E-01  2.709479E+00
     65298 -1.870556E+00 -2.926821E-01  2.610231E+00
     65299 -1.990458E+00 -3.879279E-01  2.658498E+00
     65300 -2.035151E+00 -2.823636E-01  2.532795E+00
     65301 -2.154954E+00 -3.846040E-01  2.592363E+00
     65302 -2.197963E+00 -2.668110E-01  2.443870E+00
     65303 -2.313254E+00 -3.777445E-01  2.514866E+00
     65304 -2.367518E+00 -2.505999E-01  2.339379E+00
     65305 -2.478906E+00 -3.697987E-01  2.423142E+00
     65306 -2.562002E+00 -2.301924E-01  2.220918E+00
     65307 -2.659704E+00 -3.597358E-01  2.318677E+00
     65308 -2.799914E+00 -2.204126E-01  2.072048E+00
     65309 -2.881191E+00 -3.552058E-01  2.189626E+00
     65310 -3.099167E+00 -2.280507E-01  1.880361E+00
     65311 -3.157229E+00 -3.675633E-01  2.022096E+00
     65312 -3.482830E+00 -2.686580E-01  1.621790E+00
     65313 -3.508772E+00 -4.036498E-01  1.800065E+00
     65314 -3.962748E+00 -3.845251E-01  1.270015E+00
     65315 -3.943308E+00 -4.947735E-01  1.480866E+00
     65316 -4.537445E+00 -5.874008E-01  8.167118E-01
     65317 -4.469218E+00 -6.577902E-01  1.057492E+00
     65318 -5.204658E+00 -8.978225E-01  2.536918E-01
     65319 -5.081977E+00 -9.075080E-01  5.248853E-01
     65320 -5.943816E+00 -1.362988E+00 -4.285979E-01
     65321 -5.755776E+00 -1.272455E+00 -1.443399E-01
     65322 -6.703204E+00 -2.004500E+00 -1.212146E+00
     65323 -6.451936E+00 -1.769165E+00 -9.409339E-01
     65324 -7.396262E+00 -2.847875E+00 -2.052198E+00
     65325 -7.100646E+00 -2.412163E+00 -1.840744E+00
     65326 -7.885136E+00 -3.911985E+00 -2.848817E+00
     65327 -7.597939E+00 -3.205109E+00 -2.785912E+00
     65328 -8.015170E+00 -5.170790E+00 -3.391592E+00
     65329 -7.790252E+00 -4.135435E+00 -3.643445E+00
     65330 -6.468800E+00 -5.396204E+00 -6.068435E+00
     65331 -7.473705E+00 -5.065661E+00 -4.131296E+00
     65332 -6.219542E+00 -3.679720E+00 -8.869202E+00
     65333 -4.621968E+00 -2.538037E+00 -9.404324E+00
     65334 -3.194930E+00 -1.570767E+00  4.858314E+00
     65335 -4.838588E+00 -3.108582E+00 -2.290284E+00
     65336 -2.029211E+00 -2.579604E+00  2.793014E+00
     66201  3.750560E-01  4.766922E-01  5.035939E-01
     66202 -7.524194E-01  1.412150E+00  1.063436E+00
     66203  3.947403E-01  2.429252E+00 -2.251791E+00
     66204  6.459839E-03  1.028369E+00 -6.220809E-01
     66205  8.200667E-01  7.189635E-01  3.841731E-01
     66206  2.023691E+00  2.578237E+00 -2.091355E+01
     66207  1.394621E+00  3.096416E+00 -3.994978E+01
     66208  2.797973E+00  1.113314E+00 -6.258041E+00
     66209  2.036458E+00  1.741999E+00 -1.642210E+01
     66210  5.389431E-01  9.562440E-01 -1.660325E+01
     66211 -1.294021E+00  4.476352E+00 -4.908180E+01
     66212 -8.900419E-01  1.873196E+00  1.444789E+01
     66213  3.737068E-01  2.350719E+00  3.736904E+00
     66214  6.363688E-01  1.188373E+00 -4.273433E+00
     66215 -3.107201E+00  2.437944E+00 -2.769478E+01
     66216  1.223031E+00  1.036517E+01  8.772477E+01
     66217 -3.214081E+00  8.783075E+00  7.868521E+01
     66218 -4.445872E+00  5.359012E+00  5.085791E+01
     66219  4.972694E+00  5.642748E+00  5.948793E+01
     66220 -3.328062E+00  2.972949E+00  3.786855E+01
     66221 -2.683616E+00  2.564953E+00  2.597184E+01
     66222 -1.392423E-01  1.932968E+00  3.912359E+01
     66223 -8.944184E-01  1.236356E+00  1.806212E+01
     66224  3.125343E+00  1.855404E+00  2.768636E+01
     66225 -8.326277E-01  4.160549E+00  3.849815E+01
     66226  5.898800E-01  1.304747E+00 -4.638645E+00
     66227 -1.484461E+00  2.301284E+00  9.665521E+00
     66228 -2.907954E-01  3.170247E+00 -1.343166E+01
     66701 -3.758563E-01  4.322456E-01  4.621560E-01
     66702  6.542563E-01  1.270945E+00  9.379484E-01
     66703 -4.142613E-01  2.207750E+00 -2.044872E+00
     66704 -5.476477E-02  9.438520E-01 -5.791623E-01
     66705 -7.353106E-01  6.252581E-01  3.632744E-01
     66706 -1.312710E+00  2.760889E+00 -3.574930E+01
     66707 -1.866301E+00  2.327971E+00 -1.871424E+01
     66708 -1.904907E+00  1.594739E+00 -1.466025E+01
     66709 -2.607364E+00  1.051569E+00 -5.550297E+00
     66710 -5.509206E-01  8.698113E-01 -1.471989E+01
     66711  1.126175E+00  3.964999E+00 -4.365741E+01
     66712 -3.559853E-01  2.192471E+00  3.292476E+00
     66713  8.552437E-01  1.724459E+00  1.290051E+01
     66714 -5.909555E-01  1.094113E+00 -3.692299E+00
     66715  2.751054E+00  2.149556E+00 -2.441525E+01
     66716  2.903392E+00  7.952921E+00  7.080631E+01
     66717 -1.019906E+00  9.371300E+00  7.952101E+01
     66718 -4.431810E+00  5.121517E+00  5.413651E+01
     66719  4.110897E+00  4.838703E+00  4.567642E+01
     66720  8.577371E-01  3.747614E+00  3.519400E+01
     66721 -2.793714E+00  1.673041E+00  2.555900E+01
     66722  6.067399E-02  1.707348E+00  3.536391E+01
     66723  1.440598E+00  2.063264E+00  9.239855E+00
     66724 -5.496046E-01  1.204604E+00 -3.532793E+00
     66725  8.335803E-01  1.127214E+00  1.645959E+01
     66726  3.337863E-01  2.823611E+00 -1.176211E+01
     66727  2.509467E+00  2.325832E+00  2.323796E+01
     66728  3.006795E+00  2.691383E+00  3.393180E+01

 total force (fx,fy,fz) for set FEET and time  0.2000000E+01

       -2.715371E-09  1.174693E-09  2.400000E+03

                        S T E P       3


                                INCREMENT     1


 displacements (vx,vy,vz) for set TOP and time  0.3000000E+01

     34613 -1.595142E-02  7.499037E-01 -6.644134E-01
     35398 -1.039212E-03  8.138435E-01 -7.120539E-01
     36840 -2.832441E-02  5.892593E-01 -5.497810E-01
     43270  1.113912E-02  7.955966E-01 -6.971246E-01
     45923  2.513309E-02  5.756376E-01 -5.304347E-01

 forces (fx,fy,fz) for set FEET and time  0.3000000E+01

       151 -2.242865E-01  2.593329E-01 -1.258902E+00
       155  1.891525E-01  3.792007E+00 -2.744021E+00
       156 -4.655834E-03  4.476884E-02 -5.358978E-01
       160  1.523398E-03  3.581456E-01 -1.922441E-01
       161  2.126635E-01  2.247771E-01 -1.140422E+00
       165 -1.738963E-01  3.421152E+00 -2.506975E+00
       194  1.735885E+01  1.157744E+01  2.434947E+01
       195 -1.001497E-01 -1.316362E-01  5.494448E-01
       196  7.267789E-01  1.232344E+00 -4.573979E-01
       197 -1.580787E+01  8.020118E+00  1.895808E+01
       221 -6.857923E-01  1.177675E+00 -4.523671E-01
       222  1.436314E+01  7.152113E+00  1.702182E+01
       225  5.294291E-02 -1.906552E-01  5.552332E-01
       226 -1.595110E+01  1.076447E+01  2.255057E+01
       234  1.443068E-01 -1.331177E-01  6.159452E-01
       236 -1.335833E-01 -1.084512E-01  5.560382E-01
       242 -2.675223E+00  2.216266E+00 -2.967916E+00
       245 -2.605139E+00  2.686960E+00  3.260684E+00
       246  2.886104E+00  2.376339E+00  2.816062E+00
       253  2.385230E+00  1.958361E+00 -2.622961E+00
       254 -2.654374E+00  2.203882E+00  2.626437E+00
       255  2.351809E+00  2.408932E+00  2.919626E+00
      3486  8.306794E-01  5.568580E-01 -1.066592E+01
      3512 -1.261237E-03 -5.552123E-02 -9.284601E-01
      3525  9.481796E-03  8.380619E-01 -1.830621E+00
      3526  2.779961E-01  6.864707E-01 -1.027958E+00
      3527  6.114999E-01  5.571349E-01 -2.242661E+00
      3528  5.275257E-01  4.473819E-01 -1.684715E+00
      3529  4.795038E-01  2.443581E-01 -1.064525E+00
      3530  3.832498E-01  1.607971E-01 -7.304202E-01
      3531  3.147343E-01  6.068546E-02 -3.865410E-01
      3532  2.402565E-01 -2.530205E-03 -2.275309E-01
      3533  1.973955E-01 -2.041848E-02 -1.120866E-01
      3534  1.370936E-01 -2.627089E-02 -7.116551E-02
      3535  1.138871E-01 -4.389876E-02 -8.034908E-02
      3536  7.344104E-02 -2.133995E-02 -9.923485E-02
      3537  7.601769E-02 -3.164966E-02 -1.446266E-01
      3538  4.433463E-02 -1.581866E-03 -1.906457E-01
      3539  6.268923E-02 -9.486706E-03 -2.400444E-01
      3540  3.618424E-02  1.749586E-02 -2.812405E-01
      3541  6.335384E-02  9.158412E-03 -3.179765E-01
      3542  3.731341E-02  2.814852E-02 -3.393174E-01
      3543  6.685029E-02  1.856599E-02 -3.583362E-01
      3544  3.643931E-02  2.894839E-02 -3.607964E-01
      3545  3.851347E-02  4.264386E-02 -3.714101E-01
      3546  5.106347E-02  1.019850E-02 -3.327609E-01
      3547  2.211897E-02  2.438038E-02 -3.650010E-01
      3548  2.589021E-02  4.868363E-02 -3.715617E-01
      3549  1.556539E-02  1.844244E-02 -3.434789E-01
      3550 -8.734903E-03  3.307073E-02 -3.914867E-01
      3551  5.668609E-03  5.670432E-02 -4.328691E-01
      3552  2.471710E-03  2.736569E-02 -3.921716E-01
      3553 -4.514894E-03  3.337937E-02 -4.129090E-01
      3554 -2.401925E-02  6.249128E-02 -4.713636E-01
      3555  2.108229E+00 -3.660131E-01 -1.090149E+01
      3556  2.299346E+00 -4.858768E-01 -7.979736E+00
      3557  3.839582E+00 -9.638634E-01 -9.238675E+00
      3558  3.992841E+00 -1.000985E+00 -7.431245E+00
      3559  3.788840E+00 -7.047762E-01 -5.512366E+00
      3560  3.494490E+00 -6.472828E-01 -4.008909E+00
      3561  3.037876E+00 -4.381991E-01 -2.702835E+00
      3562  2.629228E+00 -3.515219E-01 -1.775218E+00
      3563  2.198092E+00 -2.507378E-01 -1.080997E+00
      3564  1.813448E+00 -1.645875E-01 -6.252134E-01
      3565  1.527210E+00 -1.287970E-01 -3.928447E-01
      3566  1.255631E+00 -8.892282E-02 -2.540884E-01
      3567  1.082462E+00 -9.074100E-02 -2.730076E-01
      3568  9.191696E-01 -7.061721E-02 -2.851062E-01
      3569  8.324403E-01 -9.716900E-02 -4.143333E-01
      3570  7.439463E-01 -7.970215E-02 -4.591120E-01
      3571  7.097300E-01 -1.184804E-01 -6.025478E-01
      3572  6.597524E-01 -9.619169E-02 -6.113926E-01
      3573  6.416353E-01 -1.379038E-01 -7.185594E-01
      3574  5.940849E-01 -1.091370E-01 -6.733873E-01
      3575  5.655855E-01 -1.304657E-01 -7.187585E-01
      3576  5.054960E-01 -1.246168E-01 -7.160562E-01
      3577  4.214419E-01 -1.243301E-01 -6.671354E-01
      3578  3.566983E-01 -1.405091E-01 -7.281002E-01
      3579  2.723088E-01 -1.409970E-01 -7.270163E-01
      3580  1.864502E-01 -1.387773E-01 -7.603738E-01
      3581  1.208965E-01 -1.820780E-01 -8.968533E-01
      3582  7.013246E-02 -1.566641E-01 -9.529000E-01
      3583  2.434958E-02 -1.655793E-01 -9.751009E-01
      3584  9.373991E-03 -1.646990E-01 -1.038908E+00
      3585  1.086285E-02 -2.009373E-01 -1.127517E+00
      3769  2.699416E-01  3.848731E+00 -1.933007E+00
      3770 -3.624171E-02  3.503664E+00 -1.394952E+00
      3771 -2.300069E-01  2.564977E+00 -1.185243E+00
      3772  1.158597E-01  1.817722E+00 -9.246398E-01
      3773 -1.422626E-01  1.323065E+00 -5.679099E-01
      3774  4.487763E-02  8.284668E-01 -3.935084E-01
      3775 -8.183540E-02  5.539461E-01 -2.052577E-01
      3776  4.402803E-03  2.693808E-01 -1.255271E-01
      3777 -3.247760E-02  1.975887E-01 -2.768764E-02
      3778 -3.815813E-02  1.229326E-01 -1.455606E-02
      3779 -1.246204E-02  7.801953E-02  5.989476E-03
      3780 -2.977914E-02  1.125565E-01 -1.353765E-02
      3781 -9.004288E-03  1.248125E-01 -1.366762E-02
      3782 -3.025372E-02  1.866216E-01 -4.816926E-02
      3783 -1.904514E-03  2.138119E-01 -5.474149E-02
      3784 -3.303173E-02  2.728132E-01 -8.539834E-02
      3785  5.081690E-03  2.905941E-01 -8.941577E-02
      3786 -3.485356E-02  3.310851E-01 -1.071454E-01
      3787  1.034114E-02  3.311848E-01 -1.050176E-01
      3788 -3.426444E-02  3.492665E-01 -1.108180E-01
      3789 -4.633664E-02  3.503617E-01 -1.036753E-01
      3790 -1.110535E-02  3.947785E-01 -4.338255E-02
      3791 -3.325231E-02  3.475429E-01 -1.021090E-01
      3792 -5.021666E-02  3.587518E-01 -1.066095E-01
      3793 -2.906868E-03  4.091672E-01 -5.824569E-02
      3794 -3.243670E-02  3.759988E-01 -1.184776E-01
      3795  5.470156E-06  3.390481E-01 -1.753784E-01
      3796  2.815404E-03  4.685372E-01 -7.638649E-02
      3797 -3.475172E-03  5.037626E-01 -9.583989E-02
      3798 -2.969016E-02  4.481379E-01 -1.561228E-01
      3799  9.326386E-01  5.945575E+00 -8.859838E+00
      3800  9.993194E-01  5.221193E+00 -7.185084E+00
      3801  1.034852E+00  4.506323E+00 -5.712611E+00
      3802  1.017670E+00  2.345694E+00 -4.119835E+00
      3803  9.834318E-01  2.429415E+00 -3.138268E+00
      3804  8.420425E-01  1.140831E+00 -2.007193E+00
      3805  7.391228E-01  1.058355E+00 -1.357968E+00
      3806  5.993998E-01  4.292506E-01 -7.660295E-01
      3807  4.950251E-01  2.839694E-01 -4.309263E-01
      3808  4.050002E-01  1.891207E-01 -2.285324E-01
      3809  3.213364E-01  7.817677E-02 -1.421366E-01
      3810  2.624375E-01  9.698745E-02 -1.163409E-01
      3811  2.186444E-01  9.398374E-02 -1.665410E-01
      3812  1.850648E-01  1.753039E-01 -2.174279E-01
      3813  1.656791E-01  1.799532E-01 -3.100971E-01
      3814  1.500587E-01  2.979500E-01 -3.748054E-01
      3815  1.438873E-01  2.667673E-01 -4.535394E-01
      3816  1.379199E-01  3.915091E-01 -4.938058E-01
      3817  1.344954E-01  3.181635E-01 -5.366049E-01
      3818  1.287261E-01  4.299543E-01 -5.417778E-01
      3819  1.203822E-01  3.394807E-01 -5.547925E-01
      3820  1.151562E-01  3.820083E-01 -5.603065E-01
      3821  9.663108E-02  4.261506E-01 -5.300814E-01
      3822  7.426196E-02  3.403617E-01 -5.531697E-01
      3823  6.645159E-02  3.992082E-01 -5.725421E-01
      3824  4.023324E-02  4.686988E-01 -5.747122E-01
      3825  2.084167E-02  3.726441E-01 -6.313993E-01
      3826  1.378927E-02  4.593668E-01 -6.758667E-01
      3827  9.286216E-03  5.614658E-01 -6.962451E-01
      3828 -3.884306E-04  6.070629E-01 -7.324174E-01
      3829 -5.815078E-03  5.040426E-01 -7.811847E-01
      3843 -7.904567E-01  5.182744E-01 -9.604672E+00
      3856  6.491237E-03  4.155704E-02 -4.359306E-01
      3857  1.614826E-03  2.943588E-02 -4.190003E-01
      3858  3.396251E-03  2.435628E-02 -4.084058E-01
      3859 -2.120359E-03  1.930669E-02 -3.912198E-01
      3860 -8.608656E-03  1.119688E-02 -3.802406E-01
      3861 -1.259564E-02  7.531117E-03 -3.643016E-01
      3862 -2.498793E-02  4.615183E-03 -3.522517E-01
      3863 -3.329522E-02  4.553869E-03 -3.377648E-01
      3864 -4.407349E-02  2.756592E-03 -3.340322E-01
      3865 -5.323739E-02  1.974137E-03 -3.281414E-01
      3866 -6.000978E-02  1.744656E-03 -3.230322E-01
      3867 -6.525846E-02  9.837795E-04 -3.155231E-01
      3868 -6.890589E-02  6.224413E-04 -3.047548E-01
      3869 -7.111314E-02 -3.730072E-04 -2.891337E-01
      3870 -7.232095E-02 -2.349426E-03 -2.671147E-01
      3871 -7.342983E-02 -6.284635E-03 -2.387657E-01
      3872 -7.617209E-02 -1.140900E-02 -2.040767E-01
      3873 -8.232572E-02 -1.784222E-02 -1.665243E-01
      3874 -9.432983E-02 -2.385650E-02 -1.307308E-01
      3875 -1.154135E-01 -2.796921E-02 -1.055478E-01
      3876 -1.461690E-01 -2.675899E-02 -1.028541E-01
      3877 -1.897788E-01 -1.630303E-02 -1.351761E-01
      3878 -2.470316E-01  6.962361E-03 -2.201574E-01
      3879 -3.168820E-01  4.872158E-02 -3.762422E-01
      3880 -3.967658E-01  1.139316E-01 -6.214592E-01
      3881 -4.796214E-01  2.074022E-01 -9.695384E-01
      3882 -5.550896E-01  3.315426E-01 -1.427289E+00
      3883 -6.078017E-01  4.789823E-01 -1.989219E+00
      3884 -2.784769E-01  5.983911E-01 -9.478568E-01
      3885 -9.702809E-02  6.583200E-01 -1.518354E+00
      3886 -8.001097E-03 -1.817366E-01 -1.102858E+00
      3887 -1.212305E-02 -1.799989E-01 -1.033034E+00
      3888 -2.978056E-02 -1.762121E-01 -9.825311E-01
      3889 -6.221121E-02 -1.666887E-01 -8.980086E-01
      3890 -1.144056E-01 -1.565393E-01 -8.134459E-01
      3891 -1.778656E-01 -1.472694E-01 -7.296541E-01
      3892 -2.578997E-01 -1.404093E-01 -6.557534E-01
      3893 -3.381670E-01 -1.275412E-01 -6.112443E-01
      3894 -4.269628E-01 -1.204582E-01 -5.684903E-01
      3895 -5.093259E-01 -1.149754E-01 -5.450379E-01
      3896 -5.883789E-01 -1.094885E-01 -5.325622E-01
      3897 -6.606046E-01 -1.066531E-01 -5.264784E-01
      3898 -7.256037E-01 -1.029308E-01 -5.213530E-01
      3899 -7.842304E-01 -9.835194E-02 -5.120582E-01
      3900 -8.385651E-01 -9.308857E-02 -4.936603E-01
      3901 -8.939575E-01 -8.850121E-02 -4.645811E-01
      3902 -9.578959E-01 -8.432517E-02 -4.254372E-01
      3903 -1.041724E+00 -8.308716E-02 -3.861043E-01
      3904 -1.156626E+00 -8.705525E-02 -3.624632E-01
      3905 -1.314979E+00 -1.001247E-01 -3.792665E-01
      3906 -1.525940E+00 -1.243105E-01 -4.766086E-01
      3907 -1.794703E+00 -1.646062E-01 -6.911639E-01
      3908 -2.121085E+00 -2.250327E-01 -1.066759E+00
      3909 -2.495667E+00 -3.083713E-01 -1.653826E+00
      3910 -2.894144E+00 -4.134957E-01 -2.491450E+00
      3911 -3.275799E+00 -5.368319E-01 -3.605913E+00
      3912 -3.580938E+00 -6.683867E-01 -4.996639E+00
      3913 -3.725641E+00 -7.947679E-01 -6.619483E+00
      3914 -3.636344E+00 -9.103924E-01 -8.366507E+00
      3915 -2.143605E+00 -4.741917E-01 -7.195992E+00
      3916 -1.974060E+00 -2.440212E-01 -9.773826E+00
      4100  2.005638E-03  5.004011E-01 -9.102251E-02
      4101  5.525216E-04  5.375160E-01 -8.594966E-02
      4102  6.116739E-03  5.141404E-01 -7.747753E-02
      4103  7.948725E-03  4.903566E-01 -6.828759E-02
      4104  9.931520E-03  4.723289E-01 -5.730268E-02
      4105  1.225300E-02  4.491979E-01 -5.153976E-02
      4106  9.852129E-03  4.249351E-01 -4.090436E-02
      4107  1.134151E-02  4.001729E-01 -3.919738E-02
      4108  1.631483E-02  3.921106E-01 -4.100009E-02
      4109  1.838036E-02  3.850938E-01 -3.926570E-02
      4110  2.168147E-02  3.795905E-01 -4.062451E-02
      4111  2.358485E-02  3.739602E-01 -3.885582E-02
      4112  2.522531E-02  3.622173E-01 -3.927002E-02
      4113  2.655968E-02  3.443900E-01 -3.846007E-02
      4114  2.799463E-02  3.195822E-01 -3.577061E-02
      4115  2.914824E-02  2.881111E-01 -2.959984E-02
      4116  3.025703E-02  2.501721E-01 -2.183400E-02
      4117  3.210876E-02  2.109224E-01 -1.239688E-02
      4118  3.363372E-02  1.779276E-01 -5.095214E-03
      4119  3.737677E-02  1.625367E-01 -7.738433E-04
      4120  4.028955E-02  1.736717E-01 -6.720800E-03
      4121  4.686257E-02  2.323179E-01 -3.502514E-02
      4122  5.426164E-02  3.599393E-01 -8.619722E-02
      4123  6.315042E-02  5.744580E-01 -1.695106E-01
      4124  7.345251E-02  8.975500E-01 -2.947624E-01
      4125  8.410881E-02  1.341190E+00 -4.687445E-01
      4126  9.331466E-02  1.905173E+00 -6.938505E-01
      4127  1.066281E-01  2.582510E+00 -9.673663E-01
      4128  1.004284E-01  3.405741E+00 -1.294631E+00
      4129 -7.433062E-02  3.733295E+00 -1.553713E+00
      4130  3.561372E-03  5.336849E-01 -7.766830E-01
      4131  7.154960E-03  6.370773E-01 -7.232648E-01
      4132 -3.942105E-03  6.243384E-01 -6.767249E-01
      4133 -1.836423E-02  5.829423E-01 -6.428341E-01
      4134 -3.012748E-02  5.374290E-01 -6.015959E-01
      4135 -4.166681E-02  5.339355E-01 -5.520172E-01
      4136 -5.643001E-02  4.718684E-01 -5.289673E-01
      4137 -7.035016E-02  4.441948E-01 -4.943931E-01
      4138 -1.014170E-01  4.195809E-01 -4.867068E-01
      4139 -1.202135E-01  4.113214E-01 -4.751877E-01
      4140 -1.367155E-01  4.028308E-01 -4.694621E-01
      4141 -1.517516E-01  4.018541E-01 -4.592896E-01
      4142 -1.652035E-01  3.934147E-01 -4.498934E-01
      4143 -1.762006E-01  3.799128E-01 -4.356666E-01
      4144 -1.854160E-01  3.580087E-01 -4.127245E-01
      4145 -1.944027E-01  3.272617E-01 -3.777642E-01
      4146 -2.054482E-01  2.873035E-01 -3.317282E-01
      4147 -2.212597E-01  2.419355E-01 -2.792731E-01
      4148 -2.454230E-01  1.996236E-01 -2.286319E-01
      4149 -2.781819E-01  1.730124E-01 -1.995156E-01
      4150 -3.268019E-01  1.769080E-01 -2.051776E-01
      4151 -3.971690E-01  2.371038E-01 -2.790798E-01
      4152 -4.850871E-01  3.787458E-01 -4.578146E-01
      4153 -5.878229E-01  6.266588E-01 -7.698649E-01
      4154 -7.022180E-01  1.012993E+00 -1.253156E+00
      4155 -8.192592E-01  1.563354E+00 -1.938267E+00
      4156 -9.233928E-01  2.281081E+00 -2.840083E+00
      4157 -9.899102E-01  3.158650E+00 -3.945192E+00
      4158 -9.826348E-01  4.188502E+00 -5.181581E+00
      4159 -9.262033E-01  5.555978E+00 -6.623130E+00
      4160 -8.476888E-01  5.628351E+00 -8.116125E+00
      4882  1.792563E+00 -1.017352E+00  2.177904E+00
      4883  4.538300E+00 -1.229739E-01  3.951876E+00
      4884  8.431191E+00  1.239914E-01  5.988559E+00
      4885  1.701846E+01 -1.737125E-01  7.339445E+00
      4886 -7.880048E-01 -5.729969E-01 -2.134798E+00
      4887  3.575377E+00 -3.271993E+00  8.592381E+00
      4888  8.776198E+00 -4.731405E+00  2.134517E+01
      4889  1.858490E+01 -5.495909E+00  3.748340E+01
      4890  2.970808E+01 -5.234594E+00  6.070217E+01
      5039 -1.022322E+00  1.843776E+00 -3.862774E+00
      5040 -4.032412E+00  2.456567E+01  1.018388E+02
      5041  3.971862E+00 -1.597431E+00 -2.317339E+00
      5042  1.459219E+00 -7.458711E-01 -1.046245E+00
      5043 -1.623424E+00 -5.931536E-01  6.021260E-01
      5044 -1.007290E+01 -4.570731E-01  3.318702E+00
      5045  4.281585E+00  1.715470E+00 -1.089229E+01
      5046  3.157129E+00 -2.478943E+00 -6.653962E+00
      5047 -2.365670E+00 -4.443798E+00  4.932112E+00
      5048 -1.162853E+01 -5.957128E+00  2.216715E+01
      5049 -2.304387E+01 -7.165341E+00  4.926267E+01
      5789 -3.907242E+00 -1.447256E+00 -2.258280E+00
      5790 -1.665602E+00 -6.819095E-01 -1.158496E+00
      5791  1.138422E+00 -5.385848E-01  3.560454E-01
      5792  8.913657E+00 -4.476765E-01  2.794477E+00
      5793 -4.029250E+00  1.653692E+00 -1.024865E+01
      5794 -3.168468E+00 -2.241670E+00 -6.692277E+00
      5795  1.869029E+00 -4.061766E+00  3.794937E+00
      5796  1.023536E+01 -5.470223E+00  1.950773E+01
      5797  2.081978E+01 -6.630027E+00  4.446100E+01
      5955  1.032325E+00  1.639491E+00 -3.447818E+00
      5956  4.052892E+00  2.244904E+01  9.307042E+01
      5957 -1.866537E+00 -9.214397E-01  2.217632E+00
      5958 -4.408036E+00 -1.033130E-01  3.889149E+00
      5959 -8.012830E+00  1.238122E-01  5.768654E+00
      5960 -1.594017E+01 -1.390054E-01  6.895647E+00
      5961  5.393820E-01 -6.544025E-01 -1.495166E+00
      5962 -3.579342E+00 -3.055651E+00  8.617226E+00
      5963 -8.354647E+00 -4.359443E+00  2.035683E+01
      5964 -1.741171E+01 -5.025023E+00  3.510350E+01
      5965 -2.742752E+01 -4.715615E+00  5.608821E+01
      6592  1.746845E+00 -1.223563E+00 -7.266209E+00
      6597 -1.649680E+00 -1.068856E+00 -6.519751E+00
      6599  1.158505E-01  1.407303E+00  1.510342E+00
      6600 -1.669488E-01  1.430390E+00  2.726897E+00
      6601 -1.802930E-01  9.924597E-01  1.936822E+00
      6602 -1.039132E-01  5.972128E-01  1.217064E+00
      6603 -3.545762E-02  3.127032E-01  6.823554E-01
      6604  2.288258E-02  1.159437E-01  3.041013E-01
      6605  6.030883E-02  7.185607E-03  8.552229E-02
      6606  8.249626E-02 -4.601392E-02 -2.791232E-02
      6607  9.206549E-02 -5.184011E-02 -5.645377E-02
      6608  9.417764E-02 -2.785774E-02 -2.817195E-02
      6609  8.873552E-02  6.140398E-03  2.370180E-02
      6610  8.333936E-02  5.400438E-02  1.002702E-01
      6611  7.361454E-02  9.534794E-02  1.723694E-01
      6612  6.665997E-02  1.430785E-01  2.511582E-01
      6613  5.692663E-02  1.749413E-01  3.108530E-01
      6614  5.075455E-02  2.115491E-01  3.700868E-01
      6615  4.240770E-02  2.274700E-01  4.033840E-01
      6616  3.781025E-02  2.501254E-01  4.362190E-01
      6617  3.116495E-02  2.516543E-01  4.438968E-01
      6618  2.675476E-02  2.628534E-01  4.535998E-01
      6619  2.458393E-02  2.676598E-01  4.517837E-01
      6620  1.980778E-02  2.578336E-01  4.473899E-01
      6621  1.683965E-02  2.649653E-01  4.500259E-01
      6622  1.435892E-02  2.609351E-01  4.500449E-01
      6623  1.105484E-02  2.641819E-01  4.534639E-01
      6624  7.657016E-03  2.801840E-01  4.674553E-01
      6625  1.117046E-02  2.909058E-01  4.790480E-01
      6626  6.557988E-03  2.859544E-01  4.953345E-01
      6627  5.372990E-03  2.937412E-01  5.096295E-01
      6628  1.068007E-02  3.352174E-01  4.919375E-01
      6629 -1.016970E-02  3.338439E-01  4.940649E-01
      6630 -2.816174E-03  2.958607E-01  5.190691E-01
      6631 -3.976261E-03  2.967205E-01  5.143449E-01
      6632 -6.610659E-03  2.905431E-01  5.050162E-01
      6633 -7.824761E-03  2.865828E-01  4.965970E-01
      6634 -1.142209E-02  2.867614E-01  4.942797E-01
      6635 -1.558296E-02  2.770804E-01  4.838075E-01
      6636 -1.765466E-02  2.749591E-01  4.766544E-01
      6637 -2.287301E-02  2.699201E-01  4.725857E-01
      6638 -2.764387E-02  2.670940E-01  4.703812E-01
      6639 -3.263003E-02  2.627229E-01  4.647769E-01
      6640 -3.777601E-02  2.554925E-01  4.552108E-01
      6641 -4.318736E-02  2.450964E-01  4.394815E-01
      6642 -4.899830E-02  2.307333E-01  4.162475E-01
      6643 -5.543900E-02  2.113262E-01  3.833871E-01
      6644 -6.223907E-02  1.856286E-01  3.387195E-01
      6645 -6.989713E-02  1.536854E-01  2.831052E-01
      6646 -7.760412E-02  1.154981E-01  2.161403E-01
      6647 -8.506552E-02  7.306444E-02  1.431460E-01
      6648 -9.111991E-02  2.908796E-02  7.076685E-02
      6649 -9.414947E-02 -8.491791E-03  1.052146E-02
      6650 -9.235976E-02 -3.221149E-02 -2.126089E-02
      6651 -8.304135E-02 -3.175085E-02 -3.975988E-03
      6652 -6.241435E-02  8.338593E-03  8.844965E-02
      6653 -2.751890E-02  1.045697E-01  2.855337E-01
      6654  2.335037E-02  2.744150E-01  6.170727E-01
      6655  8.907174E-02  5.310820E-01  1.104320E+00
      6656  1.584351E-01  8.794778E-01  1.745351E+00
      6657  1.460531E-01  1.289878E+00  2.482215E+00
      6658 -1.264895E-01  1.271160E+00  1.391050E+00
      6659  1.426680E+00 -1.190487E-01  2.882560E-01
      6660  9.088915E-01  6.858159E-01  2.064730E+00
      6661  1.822357E+00 -1.118291E-03  1.833017E+00
      6662  1.942038E+00 -2.784398E-01  8.106647E-01
      6663  1.967241E+00 -4.297014E-01  6.689255E-02
      6664  1.896448E+00 -5.002075E-01 -3.862926E-01
      6665  1.754565E+00 -4.685760E-01 -5.747472E-01
      6666  1.573170E+00 -3.983016E-01 -5.834184E-01
      6667  1.384261E+00 -2.967046E-01 -4.713609E-01
      6668  1.200964E+00 -1.865348E-01 -2.888227E-01
      6669  1.035609E+00 -8.641211E-02 -8.479257E-02
      6670  8.962480E-01  4.020608E-03  1.173003E-01
      6671  7.805640E-01  7.857471E-02  3.064438E-01
      6672  6.890936E-01  1.395684E-01  4.699721E-01
      6673  6.163947E-01  1.862509E-01  6.091457E-01
      6674  5.607842E-01  2.216191E-01  7.179990E-01
      6675  5.153555E-01  2.463717E-01  8.026965E-01
      6676  4.783527E-01  2.637548E-01  8.610336E-01
      6677  4.423795E-01  2.743308E-01  9.016038E-01
      6678  4.073102E-01  2.806801E-01  9.243716E-01
      6679  3.647005E-01  2.847429E-01  9.396845E-01
      6680  3.171062E-01  2.841349E-01  9.370406E-01
      6681  2.710283E-01  2.769037E-01  9.285586E-01
      6682  2.165846E-01  2.721121E-01  9.200102E-01
      6683  1.671467E-01  2.617361E-01  9.045815E-01
      6684  1.223615E-01  2.542438E-01  9.007835E-01
      6685  8.227999E-02  2.452410E-01  8.985436E-01
      6686  4.789924E-02  2.390339E-01  8.927992E-01
      6687  2.751591E-02  2.318512E-01  8.895600E-01
      6688  1.270536E-02  2.310185E-01  9.036347E-01
      6689  4.588827E-04  2.487397E-01  9.121441E-01
      6690 -1.171030E-02  2.368825E-01  9.173128E-01
      6691 -2.248327E-02  2.458278E-01  9.272272E-01
      6692 -4.508416E-02  2.577152E-01  9.464128E-01
      6693 -7.503905E-02  2.726275E-01  9.687854E-01
      6694 -1.123005E-01  2.902654E-01  1.000429E+00
      6695 -1.679638E-01  3.058426E-01  1.023605E+00
      6696 -2.208427E-01  3.153787E-01  1.030574E+00
      6697 -2.766220E-01  3.271561E-01  1.042319E+00
      6698 -3.332766E-01  3.315187E-01  1.046389E+00
      6699 -3.920422E-01  3.333031E-01  1.043922E+00
      6700 -4.485128E-01  3.285845E-01  1.026578E+00
      6701 -5.020279E-01  3.181511E-01  9.940965E-01
      6702 -5.524851E-01  3.011899E-01  9.440127E-01
      6703 -6.013788E-01  2.773032E-01  8.747094E-01
      6704 -6.514529E-01  2.451942E-01  7.826880E-01
      6705 -7.052086E-01  2.041546E-01  6.669630E-01
      6706 -7.692115E-01  1.525613E-01  5.250270E-01
      6707 -8.469289E-01  8.892847E-02  3.573218E-01
      6708 -9.444028E-01  1.302284E-02  1.675518E-01
      6709 -1.064223E+00 -7.528885E-02 -3.644427E-02
      6710 -1.206050E+00 -1.729149E-01 -2.383962E-01
      6711 -1.366907E+00 -2.731731E-01 -4.132142E-01
      6712 -1.536817E+00 -3.659788E-01 -5.257288E-01
      6713 -1.698846E+00 -4.343513E-01 -5.271458E-01
      6714 -1.828638E+00 -4.557246E-01 -3.587618E-01
      6715 -1.896926E+00 -4.044124E-01  3.833865E-02
      6716 -1.871838E+00 -2.579835E-01  7.076392E-01
      6717 -1.754100E+00 -1.388904E-02  1.644712E+00
      6718 -8.742257E-01  6.297449E-01  1.888832E+00
      6719 -1.340446E+00 -8.992180E-02  2.874874E-01
      7093 -3.878946E-01  6.430396E+00 -1.600391E+01
      7122 -1.839543E-01  7.625986E+00  2.023753E+01
      7140 -2.139509E+00 -2.057830E-01  1.641529E+00
      7141 -7.912851E-01 -1.817929E-01  7.310700E-01
      7142 -5.573951E+00  6.161455E-02  1.338777E+01
      7143 -2.784506E+00 -9.298844E-01  6.731874E+00
      7144 -3.779080E-01 -9.451444E-01  9.924887E-01
      7145  2.133128E+00 -1.707665E-02  7.757862E-01
      7146  3.273413E-01 -1.242825E-01 -1.235176E-01
      7147 -1.880456E+00 -2.070167E-01 -1.202684E+00
      7148  5.403674E+00  2.659202E-02  1.289346E+01
      7149  2.138229E+00 -1.069132E+00  5.144973E+00
      7150 -1.290010E+00 -1.146235E+00 -2.698115E+00
      7151 -4.948343E+00 -2.654404E-01 -1.157224E+01
      7191  3.320628E-01  5.767204E+00 -1.435029E+01
      7220  1.973189E-01  6.962722E+00  1.845603E+01
      7238 -2.014333E+00 -1.100404E-02  7.763073E-01
      7239 -3.883789E-01 -1.082174E-01 -2.987251E-02
      7240  1.603864E+00 -1.836213E-01 -9.824439E-01
      7241 -5.003185E+00  4.755955E-02  1.193981E+01
      7242 -2.059442E+00 -9.533685E-01  4.941770E+00
      7243  1.034634E+00 -1.021031E+00 -2.134102E+00
      7244  4.335864E+00 -2.406520E-01 -1.016919E+01
      7245  1.916935E+00 -1.815404E-01  1.446415E+00
      7246  6.946214E-01 -1.643633E-01  6.198960E-01
      7247  5.047148E+00  5.626352E-02  1.206398E+01
      7248  2.519786E+00 -8.386699E-01  6.034576E+00
      7249  3.175114E-01 -8.446750E-01  8.283501E-01
     49076 -2.499415E-02  4.120688E-02  2.061671E-02
     49077 -1.107067E-02  2.236404E-02  9.154860E-03
     49078 -8.941945E-03  3.298958E-02  1.238825E-02
     49079 -5.574307E-03  4.663956E-02  1.686596E-02
     49080 -7.959446E-03  4.234323E-02  1.552486E-02
     49081 -7.254056E-03  3.645080E-02  4.410607E-03
     49082 -4.755785E-03  3.446094E-02  4.042524E-03
     49083  1.615917E-03  4.071314E-02 -2.323562E-03
     49084  6.332580E-05  4.051455E-02 -2.031620E-03
     49085  1.005529E-03  3.646739E-02 -2.987646E-03
     49086 -7.468352E-03  4.784516E-02  1.752019E-02
     49087 -7.581878E-03  3.697618E-02  4.570978E-03
     49088 -8.453206E-03  3.863141E-02  4.414864E-03
     49089 -1.044768E-02 -1.228374E-02  5.044814E-02
     49090  1.422428E-03  3.187062E-02 -3.423388E-03
     49091  8.451212E-04  3.925608E-02 -3.086794E-03
     49092 -1.745785E-02  3.205098E-01  5.637969E-02
     49093 -4.470376E-02  7.936050E-02  9.171401E-02
     49094  3.042781E-03  1.276044E-02  8.314269E-02
     49095 -4.724446E-02  2.145312E-01  8.839589E-02
     49096 -3.757502E-02  1.018355E-01  4.583603E-02
     49097  1.502477E-03  3.931393E-03  1.417861E-03
     49098 -1.514383E-02  1.632562E-02  8.064470E-03
     49099  1.449257E-03  5.167892E-02  2.010357E-02
     49100 -6.020935E-03  3.941227E-02  6.415997E-03
     49101  1.254779E-03  2.489037E-02 -3.837481E-03
     49102  3.800039E-03  4.589990E-02 -6.649284E-03
     49103 -7.231603E-03 -1.505806E-02  2.425866E-02
     49104  2.802944E-04  1.479647E-02 -2.574230E-03
     49105 -1.040371E-02  1.355754E-02  5.335815E-03
     49106  3.107782E-03  4.316043E-02 -5.214731E-03
     49107  1.249488E+00 -2.252508E-01 -1.094945E+01
     49108  1.124127E+00  2.582515E-01 -9.137582E+00
     49109  1.675933E+00 -2.837868E-01 -8.149595E+00
     49110  1.531230E+00  5.059104E-01 -1.081613E+01
     49111  1.260561E-02 -7.660634E-02 -7.806758E-01
     49112  3.005406E-03 -3.056048E-02 -1.006792E+00
     49113 -2.428615E-02 -6.883611E-02 -7.629743E-01
     49114  7.518291E-03 -4.162234E-03 -1.041012E+00
     49115  1.655091E+00 -3.568534E-01 -7.446183E+00
     49116  1.667558E+00 -4.767979E-01 -6.889942E+00
     49117  1.483686E+00 -1.093155E+00 -8.402087E+00
     49118  1.787270E+00 -3.713837E-01 -9.057368E+00
     49119  1.853333E+00 -4.455225E-01 -6.116074E+00
     49120  1.791701E+00 -4.035816E-01 -5.500541E+00
     49121  1.942730E+00 -8.030557E-01 -7.168103E+00
     49122  1.914115E+00 -1.989787E-01 -8.459653E+00
     49123  2.025641E+00 -5.370002E-01 -7.354042E+00
     49124  1.882579E+00 -1.205929E-01 -4.590944E+00
     49125  1.931252E+00 -1.309323E-01 -3.998955E+00
     49126  2.231394E+00 -7.953729E-01 -5.444656E+00
     49127  2.161215E+00 -3.745159E-01 -6.757611E+00
     49128  2.134380E+00  2.283754E-01 -5.950298E+00
     49129  1.796621E+00 -2.304554E-01 -3.496454E+00
     49130  1.685309E+00 -2.572970E-01 -3.046008E+00
     49131  1.912045E+00 -5.418860E-01 -3.975855E+00
     49132  1.908358E+00 -3.578738E-01 -4.100151E+00
     49133  1.914607E+00  2.741274E-01 -5.325352E+00
     49134  1.647363E+00 -9.692968E-02 -2.402174E+00
     49135  1.567194E+00 -1.046038E-01 -1.999208E+00
     49136  1.907969E+00 -4.265454E-01 -2.921139E+00
     49137  1.971247E+00 -1.563913E-01 -3.685529E+00
     49138  1.778593E+00  9.629982E-02 -3.024679E+00
     49139  1.411633E+00 -1.318832E-01 -1.638171E+00
     49140  1.301030E+00 -1.457498E-01 -1.368584E+00
     49141  1.565507E+00 -2.426023E-01 -1.911670E+00
     49142  1.598653E+00  1.375163E-01 -2.598483E+00
     49143  1.490605E+00 -1.804257E-01 -1.866929E+00
     49144  1.214420E+00 -6.757924E-02 -1.013288E+00
     49145  1.120461E+00 -6.510317E-02 -8.040718E-01
     49146  1.390119E+00 -1.997823E-01 -1.271068E+00
     49147  1.272109E+00  2.531264E-02 -1.222896E+00
     49148  1.475326E+00 -5.940602E-02 -1.610457E+00
     49149  9.974341E-01 -6.578380E-02 -5.929670E-01
     49150  9.099211E-01 -8.247294E-02 -5.043539E-01
     49151  1.103412E+00 -9.751467E-02 -7.406619E-01
     49152  1.155267E+00  5.819647E-02 -1.001408E+00
     49153  1.039655E+00 -2.512177E-03 -7.115151E-01
     49154  8.195740E-01 -7.071980E-02 -3.624940E-01
     49155  7.468462E-01 -6.337946E-02 -2.929429E-01
     49156  9.009128E-01 -8.041672E-02 -4.625127E-01
     49157  8.638290E-01 -4.616752E-02 -4.079760E-01
     49158  9.747246E-01  1.448885E-02 -5.553968E-01
     49159  6.731647E-01 -3.791131E-02 -2.102225E-01
     49160  6.202944E-01 -3.741992E-02 -1.857161E-01
     49161  7.696784E-01 -8.729359E-02 -2.763108E-01
     49162  8.028103E-01 -1.707865E-02 -3.299723E-01
     49163  6.808303E-01 -1.479871E-02 -2.434952E-01
     49164  5.526178E-01 -5.203858E-02 -1.753690E-01
     49165  5.111383E-01 -5.153901E-02 -1.782469E-01
     49166  5.967000E-01 -5.236591E-02 -2.032555E-01
     49167  6.267929E-01 -1.577100E-04 -2.173641E-01
     49168  5.820832E-01 -2.023591E-02 -2.332229E-01
     49169  4.579050E-01 -3.335655E-02 -1.723146E-01
     49170  4.397895E-01 -3.157208E-02 -1.969766E-01
     49171  5.336174E-01 -9.796342E-02 -2.060774E-01
     49172  4.624770E-01 -1.526604E-02 -2.308136E-01
     49173  5.328277E-01 -2.722702E-02 -2.207841E-01
     49174  3.988476E-01 -5.960361E-02 -2.431496E-01
     49175  3.741443E-01 -5.803807E-02 -2.732416E-01
     49176  4.035541E-01 -8.305413E-02 -2.593766E-01
     49177  4.300826E-01 -6.751228E-03 -2.569767E-01
     49178  4.225423E-01 -2.335024E-02 -3.490708E-01
     49179  3.389831E-01 -3.546307E-02 -2.881637E-01
     49180  3.479583E-01 -3.321559E-02 -3.255892E-01
     49181  4.111561E-01 -1.321479E-01 -3.286397E-01
     49182  3.498182E-01 -1.014347E-02 -4.066001E-01
     49183  3.804512E-01 -4.334803E-02 -3.625844E-01
     49184  3.222700E-01 -7.181218E-02 -3.910077E-01
     49185  3.066142E-01 -7.052454E-02 -4.221619E-01
     49186  3.019679E-01 -1.234826E-01 -4.162211E-01
     49187  3.268731E-01 -4.606052E-03 -4.464467E-01
     49188  3.451410E-01 -3.747300E-02 -5.468733E-01
     49189  2.838024E-01 -3.997734E-02 -4.263710E-01
     49190  3.092584E-01 -3.819495E-02 -4.550685E-01
     49191  3.601161E-01 -1.673291E-01 -4.896924E-01
     49192  3.032867E-01 -5.793519E-03 -5.997824E-01
     49193  3.095817E-01 -5.729845E-02 -5.631472E-01
     49194  2.890084E-01 -8.260750E-02 -5.152695E-01
     49195  2.760867E-01 -8.242782E-02 -5.337110E-01
     49196  2.565730E-01 -1.576839E-01 -5.570999E-01
     49197  2.827640E-01 -9.358931E-04 -6.304350E-01
     49198  3.140013E-01 -5.220552E-02 -7.054484E-01
     49199  2.577815E-01 -4.489631E-02 -5.148903E-01
     49200  2.888753E-01 -4.409994E-02 -5.270642E-01
     49201  3.410903E-01 -1.924909E-01 -6.020008E-01
     49202  2.807461E-01 -6.466502E-02 -7.122470E-01
     49203  2.838403E-01 -5.213404E-03 -7.201470E-01
     49204  2.652733E-01 -9.029582E-02 -5.731472E-01
     49205  2.498175E-01 -9.041799E-02 -5.777426E-01
     49206  2.299092E-01 -1.798690E-01 -6.293643E-01
     49207  2.617110E-01  1.351817E-04 -7.332472E-01
     49208  2.917713E-01 -6.178446E-02 -7.781029E-01
     49209  2.239189E-01 -4.776426E-02 -5.383366E-01
     49210  2.402437E-01 -8.858244E-02 -5.907810E-01
     49211  3.215173E-01 -2.007221E-01 -6.415341E-01
     49212  2.582212E-01 -1.073380E-02 -7.535181E-01
     49213  2.559221E-01 -6.685059E-02 -7.744980E-01
     49214  1.892887E-01 -5.846943E-02 -5.362920E-01
     49215  2.108992E-01 -1.107204E-01 -6.150874E-01
     49216  3.185607E-01 -2.383997E-01 -6.466712E-01
     49217  2.294953E-01  1.673685E-03 -7.544414E-01
     49218  2.331531E-01 -4.140172E-02 -7.536131E-01
     49219  1.979228E-01 -1.101141E-01 -5.840072E-01
     49220  1.723356E-01 -9.685109E-02 -5.799702E-01
     49221  2.181174E-01 -2.115943E-01 -6.831289E-01
     49222  2.028665E-01 -6.332025E-03 -7.697064E-01
     49223  2.157651E-01 -7.468158E-02 -7.798294E-01
     49224  1.369847E-01 -5.219763E-02 -5.386477E-01
     49225  1.481376E-01 -9.100153E-02 -5.983523E-01
     49226  2.388720E-01 -2.037519E-01 -6.420913E-01
     49227  1.690306E-01 -1.187425E-02 -7.531609E-01
     49228  1.762482E-01 -6.424822E-02 -7.815938E-01
     49229  9.146297E-02 -6.684485E-02 -5.501638E-01
     49230  1.062797E-01 -1.060438E-01 -6.190952E-01
     49231  2.183941E-01 -2.518151E-01 -6.526489E-01
     49232  1.357922E-01 -2.038434E-03 -7.592409E-01
     49233  1.327198E-01 -5.395506E-02 -7.797206E-01
     49234  9.338445E-02 -1.123046E-01 -6.282569E-01
     49235  6.711960E-02 -9.721189E-02 -6.333470E-01
     49236  9.954770E-02 -2.092229E-01 -7.106043E-01
     49237  8.836535E-02 -2.343632E-02 -8.060353E-01
     49238  1.017528E-01 -7.899950E-02 -8.336945E-01
     49239  3.163058E-02 -5.721292E-02 -6.123121E-01
     49240  5.565558E-02 -5.604930E-02 -6.406330E-01
     49241  1.187460E-01 -2.116958E-01 -7.141285E-01
     49242  6.120665E-02 -5.052046E-04 -8.465945E-01
     49243  6.516359E-02 -7.485685E-02 -8.446237E-01
     49244 -2.889316E-03 -6.661628E-02 -6.506749E-01
     49245  2.280935E-02 -1.109858E-01 -7.577455E-01
     49246  4.134107E-02 -2.174910E-01 -7.084612E-01
     49247  3.145096E-02  4.705756E-03 -8.762008E-01
     49248  3.297197E-02 -2.951203E-02 -9.003639E-01
     49249  2.055647E-02 -1.231377E-01 -7.551104E-01
     49250 -3.733522E-03 -1.193830E-01 -7.822909E-01
     49251  2.048497E-02 -2.196290E-01 -8.481609E-01
     49252  1.597808E-02 -9.028417E-02 -9.776931E-01
     49253 -7.794096E-03 -1.150880E-02 -9.313871E-01
     49254  1.142448E-02 -1.165795E-01 -7.910077E-01
     49255 -7.120819E-03 -1.054389E-01 -7.960876E-01
     49256  9.998316E-03 -2.159944E-01 -8.864344E-01
     49257  1.111723E-02 -9.404142E-02 -1.025225E+00
     49258 -1.761506E-02 -5.994115E-02 -1.005331E+00
     49259  5.510120E-02 -2.182032E-01 -8.735732E-01
     49260 -1.268909E-02 -8.647190E-02 -1.035763E+00
     51119 -3.137717E-02  1.397492E-01  6.712802E-02
     51120  4.332039E-03 -2.988759E-03  7.979570E-02
     51121  5.350126E-03 -1.352700E-02  6.526572E-02
     51122 -2.774181E-03  4.211455E-02 -7.116098E-03
     51123 -6.029427E-03  2.999027E-03  2.878911E-03
     51124  3.839416E-06 -1.966638E-02  2.551945E-02
     51125 -2.723414E-03  5.872246E-02 -1.307590E-02
     51126 -3.557393E-03  3.341438E-02 -5.442493E-03
     51127 -1.442899E-03 -1.383190E-02  1.621109E-02
     51128  5.119928E-04  5.422072E-02 -8.743935E-03
     51129  5.957916E-05  3.241730E-02  7.049769E-03
     51130 -3.745816E-03  2.782751E-02 -4.476081E-03
     51131 -7.152554E-04  5.090262E-02 -5.718733E-03
     51132 -2.636857E-04  5.629079E-02 -1.095472E-02
     51133 -3.208869E-03  3.803576E-02 -6.261176E-03
     51134 -2.553163E-03  1.405149E-02 -7.722406E-04
     51135 -3.033383E-03 -6.783798E-03  9.150037E-03
     51136 -8.399860E-04  4.946356E-02 -8.859670E-03
     51137 -4.125775E-03  9.034752E-03  2.194092E-04
     51138  1.018388E-04  5.390964E-02 -9.083734E-03
     51139  3.657572E-03 -2.125625E-02  5.055719E-02
     51140 -1.214293E-03  5.456640E-02 -8.743780E-03
     51141 -2.040571E-03  4.892421E-02 -8.861934E-03
     51142 -5.435967E-03  5.869880E-02 -1.362492E-02
     51143 -8.275002E-04  5.174540E-02 -9.288194E-03
     51144 -1.582200E-03  5.066247E-02 -9.316479E-03
     51145 -4.084503E-03  2.229772E-02 -3.465685E-03
     51146 -2.451156E-03  4.600638E-02 -8.064502E-03
     51147 -4.946668E-04  5.162511E-02 -9.415937E-03
     51148 -1.026287E-02 -3.809982E-02  1.124065E-01
     51149  1.556761E-03 -2.311685E-02  3.710165E-02
     51150 -1.170092E-02 -4.063316E-02 -1.011701E+00
     51151 -8.940340E-03 -7.793888E-02 -7.795611E-01
     51152 -2.209659E-04 -1.164896E-01 -8.276356E-01
     51153 -9.982311E-03 -2.305367E-02 -1.027616E+00
     51154 -1.113796E+00  2.422127E-01 -8.243007E+00
     51155 -1.127005E+00 -2.586726E-01 -9.893075E+00
     51156 -1.416297E+00 -2.270708E-01 -7.783715E+00
     51157 -1.556361E+00  7.346034E-02 -9.500646E+00
     51158  7.749258E-03 -1.290644E-01 -8.168833E-01
     51159 -1.690288E-02 -1.316656E-01 -8.097440E-01
     51160 -8.686075E-03 -2.046549E-01 -9.359900E-01
     51161  1.027221E-02 -1.071947E-01 -1.050080E+00
     51162 -2.502377E-03 -1.183296E-01 -7.776038E-01
     51163 -2.099933E-02 -1.208833E-01 -7.612501E-01
     51164  4.284643E-03 -2.230514E-01 -8.980249E-01
     51165 -2.830592E-02 -7.752495E-02 -1.053996E+00
     51166 -3.119104E-03 -1.193519E-01 -1.018523E+00
     51167 -1.254942E-02 -1.219072E-01 -7.494822E-01
     51168 -3.734956E-02 -1.212346E-01 -7.158935E-01
     51169 -2.366285E-02 -2.213768E-01 -8.577585E-01
     51170 -3.934787E-03 -8.279689E-02 -9.843803E-01
     51171 -1.638122E-02 -1.123267E-01 -1.004031E+00
     51172 -3.392573E-02 -1.189675E-01 -7.024478E-01
     51173 -6.230827E-02 -1.181174E-01 -6.709070E-01
     51174 -4.139145E-02 -2.223691E-01 -8.091004E-01
     51175 -3.911083E-02 -1.091876E-01 -9.451741E-01
     51176 -2.446022E-02 -7.448777E-02 -9.282370E-01
     51177 -5.987299E-02 -1.190102E-01 -6.602896E-01
     51178 -9.211178E-02 -1.156173E-01 -6.252471E-01
     51179 -6.945382E-02 -2.216673E-01 -7.611265E-01
     51180 -5.252647E-02 -8.378168E-02 -8.846194E-01
     51181 -6.608111E-02 -9.982937E-02 -8.913374E-01
     51182 -9.528822E-02 -1.153444E-01 -6.165970E-01
     51183 -1.278686E-01 -1.193923E-01 -6.033918E-01
     51184 -1.013107E-01 -2.201799E-01 -7.144335E-01
     51185 -1.014339E-01 -1.048219E-01 -8.441436E-01
     51186 -8.559911E-02 -6.755594E-02 -8.288168E-01
     51187 -1.328545E-01 -1.072678E-01 -5.741279E-01
     51188 -1.607752E-01 -1.107806E-01 -5.602516E-01
     51189 -1.209023E-01 -2.191907E-01 -6.786293E-01
     51190 -1.495301E-01 -6.655898E-02 -8.178098E-01
     51191 -1.405165E-01 -9.579965E-02 -7.807690E-01
     51192 -1.709726E-01 -1.080891E-01 -5.612090E-01
     51193 -1.998423E-01 -1.080522E-01 -5.410059E-01
     51194 -1.765711E-01 -2.118226E-01 -6.450871E-01
     51195 -1.714866E-01 -8.915275E-02 -7.730407E-01
     51196 -1.678130E-01 -5.513826E-02 -7.659585E-01
     51197 -2.081271E-01 -1.033648E-01 -5.436770E-01
     51198 -2.352666E-01 -1.069288E-01 -5.288698E-01
     51199 -2.126353E-01 -2.110840E-01 -6.270080E-01
     51200 -2.084510E-01 -5.726032E-02 -7.475944E-01
     51201 -2.158322E-01 -8.610863E-02 -7.420284E-01
     51202 -2.427565E-01 -1.003332E-01 -5.329866E-01
     51203 -2.687154E-01 -1.031254E-01 -5.183544E-01
     51204 -2.477837E-01 -2.089604E-01 -6.145435E-01
     51205 -2.453219E-01 -5.567391E-02 -7.324059E-01
     51206 -2.553750E-01 -8.670770E-02 -7.291129E-01
     51207 -2.744850E-01 -9.798120E-02 -5.242648E-01
     51208 -2.988995E-01 -1.022276E-01 -5.104805E-01
     51209 -2.812319E-01 -2.034356E-01 -6.034053E-01
     51210 -2.907378E-01 -8.160712E-02 -7.161240E-01
     51211 -2.797531E-01 -5.805430E-02 -7.207038E-01
     51212 -3.023732E-01 -9.567162E-02 -5.150222E-01
     51213 -3.255924E-01 -9.922871E-02 -4.988840E-01
     51214 -3.097888E-01 -1.987974E-01 -5.931639E-01
     51215 -3.090200E-01 -5.583167E-02 -7.046562E-01
     51216 -3.235246E-01 -8.319517E-02 -7.059735E-01
     51217 -3.273693E-01 -9.107115E-02 -4.994917E-01
     51218 -3.490918E-01 -9.507365E-02 -4.810524E-01
     51219 -3.341527E-01 -1.904641E-01 -5.767110E-01
     51220 -3.512946E-01 -7.988786E-02 -6.887697E-01
     51221 -3.351043E-01 -5.456768E-02 -6.797871E-01
     51222 -3.499142E-01 -8.527163E-02 -4.756490E-01
     51223 -3.705004E-01 -8.961415E-02 -4.535171E-01
     51224 -3.552003E-01 -1.797351E-01 -5.515799E-01
     51225 -3.581578E-01 -5.261251E-02 -6.429574E-01
     51226 -3.748930E-01 -7.509179E-02 -6.631345E-01
     51227 -3.721926E-01 -7.859497E-02 -4.413506E-01
     51228 -3.925690E-01 -8.399705E-02 -4.158941E-01
     51229 -3.748790E-01 -1.662013E-01 -5.146940E-01
     51230 -3.956293E-01 -6.804036E-02 -6.246236E-01
     51231 -3.810759E-01 -5.026102E-02 -5.919636E-01
     51232 -3.970881E-01 -7.184731E-02 -3.973854E-01
     51233 -4.191069E-01 -7.768200E-02 -3.688391E-01
     51234 -3.964059E-01 -1.514098E-01 -4.666177E-01
     51235 -4.065835E-01 -4.629778E-02 -5.276128E-01
     51236 -4.167401E-01 -6.053186E-02 -5.721937E-01
     51237 -4.298238E-01 -6.452119E-02 -3.465084E-01
     51238 -4.554010E-01 -7.131691E-02 -3.185513E-01
     51239 -4.241949E-01 -1.341617E-01 -4.089090E-01
     51240 -4.425610E-01 -5.184536E-02 -5.066368E-01
     51241 -4.409413E-01 -4.107449E-02 -4.534678E-01
     51242 -4.754008E-01 -5.916325E-02 -2.988312E-01
     51243 -5.074696E-01 -6.664712E-02 -2.767874E-01
     51244 -4.651859E-01 -1.165457E-01 -3.506173E-01
     51245 -4.782663E-01 -4.327667E-02 -4.345671E-01
     51246 -4.911332E-01 -3.565659E-02 -3.819442E-01
     51247 -5.399485E-01 -5.559936E-02 -2.682364E-01
     51248 -5.802795E-01 -6.363640E-02 -2.631112E-01
     51249 -5.250240E-01 -1.009621E-01 -3.066932E-01
     51250 -5.641442E-01 -3.179273E-02 -3.283713E-01
     51251 -5.318015E-01 -3.732809E-02 -3.700834E-01
     51252 -6.283608E-01 -5.680998E-02 -2.751869E-01
     51253 -6.790437E-01 -6.469398E-02 -2.946483E-01
     51254 -6.080470E-01 -9.011187E-02 -2.991942E-01
     51255 -6.113039E-01 -2.365857E-02 -3.382814E-01
     51256 -6.688556E-01 -3.571922E-02 -3.195387E-01
     51257 -7.426783E-01 -6.483948E-02 -3.499329E-01
     51258 -8.089481E-01 -7.363325E-02 -4.039122E-01
     51259 -7.257051E-01 -8.183391E-02 -3.519043E-01
     51260 -8.015939E-01 -3.114438E-02 -3.965894E-01
     51261 -7.126566E-01 -2.813406E-02 -3.571912E-01
     51262 -8.846066E-01 -8.174528E-02 -5.196514E-01
     51263 -9.683023E-01 -9.016696E-02 -6.242460E-01
     51264 -8.765942E-01 -8.237098E-02 -4.979866E-01
     51265 -8.499447E-01 -4.890710E-02 -4.637399E-01
     51266 -9.698687E-01 -2.948118E-02 -5.891043E-01
     51267 -1.052594E+00 -1.097782E-01 -8.184010E-01
     51268 -1.153089E+00 -1.169850E-01 -9.886755E-01
     51269 -1.059537E+00 -1.016857E-01 -7.790613E-01
     51270 -1.174032E+00 -4.242902E-02 -9.406378E-01
     51271 -1.025065E+00 -7.175560E-02 -7.035006E-01
     51272 -1.237691E+00 -1.505339E-01 -1.279571E+00
     51273 -1.353056E+00 -1.561241E-01 -1.528787E+00
     51274 -1.269732E+00 -1.406076E-01 -1.230376E+00
     51275 -1.404886E+00 -6.832361E-02 -1.496046E+00
     51276 -1.226567E+00 -1.083682E-01 -1.119504E+00
     51277 -1.423957E+00 -2.049302E-01 -1.930891E+00
     51278 -1.548736E+00 -2.077394E-01 -2.267577E+00
     51279 -1.493108E+00 -2.043250E-01 -1.885706E+00
     51280 -1.447406E+00 -1.623834E-01 -1.752086E+00
     51281 -1.644991E+00 -1.108561E-01 -2.292185E+00
     51282 -1.586106E+00 -2.710678E-01 -2.785941E+00
     51283 -1.709885E+00 -2.697301E-01 -3.209739E+00
     51284 -1.705168E+00 -2.962756E-01 -2.766374E+00
     51285 -1.863078E+00 -1.692482E-01 -3.349692E+00
     51286 -1.666295E+00 -2.358355E-01 -2.633948E+00
     51287 -1.687825E+00 -3.442655E-01 -3.833988E+00
     51288 -1.792515E+00 -3.381902E-01 -4.325433E+00
     51289 -1.868252E+00 -4.149194E-01 -3.868253E+00
     51290 -2.014119E+00 -2.461291E-01 -4.656939E+00
     51291 -1.850272E+00 -3.226401E-01 -3.777377E+00
     51292 -1.684872E+00 -4.221968E-01 -5.021308E+00
     51293 -1.752695E+00 -4.237490E-01 -5.548218E+00
     51294 -1.930816E+00 -5.564252E-01 -5.148824E+00
     51295 -2.047570E+00 -3.616145E-01 -6.140372E+00
     51296 -1.951248E+00 -4.175476E-01 -5.153551E+00
     51297 -1.566706E+00 -4.794355E-01 -6.245095E+00
     51298 -1.569922E+00 -4.725302E-01 -6.797440E+00
     51299 -1.830014E+00 -7.451494E-01 -6.521947E+00
     51300 -1.916181E+00 -5.313619E-01 -6.679550E+00
     51301 -1.922770E+00 -5.656615E-01 -7.684988E+00
     51302 -1.528243E+00 -7.342074E-01 -7.992348E+00
     51303 -1.650193E+00 -7.697659E-01 -8.169905E+00
     55744 -1.478622E+00  4.186431E+00  2.770422E+00
     55745  7.053883E-01  4.083235E-01  9.476999E-01
     55746  4.491663E-01  2.402548E+00  5.747956E-01
     55747 -3.911455E-01  1.062035E+00  5.283153E-01
     55748  8.565452E-01  3.980991E-01 -7.418214E-02
     55749 -1.881811E+00 -1.559840E+01  9.874383E+01
     55750 -5.023607E+00 -1.690151E+01  8.979857E+01
     55751  3.486234E+00 -9.134836E+00  7.675616E+01
     55752 -9.917811E-01  2.592305E+00 -1.263315E+01
     55753 -2.000982E+00  5.955671E-01 -4.807360E+00
     55754 -3.231155E+00 -2.351748E+00 -4.172011E+00
     55755  4.663681E-01  2.836517E+00 -1.224337E+01
     55756 -8.269616E+00 -1.173372E+01  6.660170E+01
     55757 -1.058389E+00 -4.804802E+00  4.208666E+00
     55758 -3.199705E+00 -6.243240E+00  1.136204E+01
     55759 -1.607238E+00 -3.737071E+00 -8.456390E+00
     55760  8.092970E-01 -7.786930E+00  2.254328E+01
     55761 -1.948909E+00 -8.877838E+00  3.135902E+01
     55762 -1.083093E+00 -7.120663E+00  7.928081E+00
     55763  1.558525E+00 -9.062742E+00  4.589822E+01
     55764 -4.392082E+00 -9.938018E+00  5.562479E+01
     55765 -6.194413E-01 -9.919277E+00  2.997419E+01
     55766 -2.064225E+00 -1.186982E+01  5.925789E+01
     55767 -1.354765E+00 -4.262700E+00 -2.292446E+00
     55768 -2.833890E+00 -3.847524E+00 -1.078244E+01
     55769 -2.932219E+00 -7.697175E+00  1.634649E+01
     55770 -3.670913E+00 -7.485968E+00  5.660939E+00
     55771  7.405370E-01 -9.089860E+00  4.163150E+01
     55772 -6.227198E+00 -1.033340E+01  2.830451E+01
     60680 -4.828429E-01  2.223601E+00  5.405968E-01
     60681  1.308541E+00  3.787144E+00  2.530976E+00
     60682  3.321906E-01  9.159609E-01  4.070906E-01
     60683 -8.382718E-01  3.671056E-01 -5.787584E-02
     60684 -7.394838E-01  3.605013E-01  8.585810E-01
     60685  1.969843E+00  3.908748E-01 -3.901801E+00
     60686  1.066466E+00  2.404878E+00 -1.175804E+01
     60687 -2.127233E-01  2.820364E+00 -1.138744E+01
     60688  4.888950E+00 -1.543642E+01  8.164757E+01
     60689  2.028028E+00 -1.427260E+01  9.073976E+01
     60690  7.759454E+00 -1.086007E+01  6.024364E+01
     60691  3.099395E+00 -2.366812E+00 -3.245402E+00
     60692 -2.943018E+00 -8.166417E+00  7.090245E+01
     60693  2.805522E+00 -3.563075E+00 -1.047592E+01
     60694  1.551321E+00 -3.825051E+00 -2.594111E+00
     60695  1.597580E+00 -3.488481E+00 -7.706439E+00
     60696  3.551804E+00 -6.887858E+00  4.470716E+00
     60697  2.908525E+00 -6.993256E+00  1.426151E+01
     60698  1.091250E+00 -6.551102E+00  7.295313E+00
     60699  5.969867E+00 -9.539586E+00  2.516997E+01
     60700 -3.979933E-01 -8.345032E+00  3.739920E+01
     60701  6.866969E-01 -9.093031E+00  2.743818E+01
     60702  2.005275E+00 -1.085571E+01  5.426704E+01
     60703  3.125573E+00 -5.799658E+00  1.114380E+01
     60704  1.077520E+00 -4.488200E+00  4.622961E+00
     60705  1.967835E+00 -8.181048E+00  2.946731E+01
     60706 -6.544801E-01 -7.161171E+00  2.146880E+01
     60707  4.316767E+00 -9.149642E+00  5.160005E+01
     60708 -1.235211E+00 -8.267606E+00  4.279099E+01
     65199  1.064880E-01  1.544937E-01  9.347388E-02
     65200 -1.071812E-01  1.744699E-01  1.178992E-01
     65201  2.119836E-01  2.946579E-01 -1.529497E-01
     65202 -2.392478E-01  3.330735E-01 -1.748586E-01
     65203  2.558518E+00 -1.698947E+00 -1.016353E+01
     65204  2.383739E+00 -1.438293E+00 -3.317661E+00
     65205  2.521523E+00 -1.533989E+00 -8.570378E+00
     65206 -3.691111E-02 -4.554801E-01  1.512163E-01
     65207  3.934470E-02 -4.178861E-01  9.780475E-02
     65208 -3.628747E-02 -4.013550E-01  1.107757E-01
     65209  3.664240E-02 -4.515035E-01  1.569309E-01
     65210 -2.250865E+00 -1.271648E+00 -2.981656E+00
     65211 -2.416644E+00 -1.482208E+00 -9.146728E+00
     65212 -2.419145E+00 -1.311930E+00 -7.682353E+00
     65213  2.898344E+00 -1.801169E+00 -9.536321E-01
     65214 -2.721567E+00 -1.615834E+00 -8.504654E-01
     65215  2.249396E+00 -1.693415E+00 -5.940371E+00
     65216  3.061282E+00 -2.298279E+00 -5.809007E+00
     65217  2.536379E+00 -2.456358E+00 -2.657015E+00
     65218  1.551790E+00 -1.385999E+00  1.557991E-01
     65219  3.971587E+00 -3.145601E+00 -4.222275E+00
     65220  3.695726E+00 -3.315846E+00 -4.675347E+00
     65221  2.041919E+00 -1.318976E+00  6.245808E-01
     65222  4.292849E+00 -2.671616E+00 -3.820451E+00
     65223  4.687236E+00 -3.336370E+00 -3.790279E+00
     65224  4.320391E+00 -2.082198E+00 -3.201201E+00
     65225  4.642869E+00 -2.617340E+00 -3.290773E+00
     65226  4.091373E+00 -1.617100E+00 -2.592992E+00
     65227  4.383265E+00 -1.956029E+00 -2.727408E+00
     65228  3.737845E+00 -1.150645E+00 -1.943382E+00
     65229  3.990603E+00 -1.391611E+00 -2.143670E+00
     65230  3.306676E+00 -8.145445E-01 -1.387364E+00
     65231  3.515688E+00 -9.309927E-01 -1.584214E+00
     65232  2.868132E+00 -5.337703E-01 -8.967819E-01
     65233  3.043026E+00 -5.921295E-01 -1.091609E+00
     65234  2.460510E+00 -3.427397E-01 -4.991112E-01
     65235  2.595768E+00 -3.411384E-01 -6.786465E-01
     65236  2.099501E+00 -2.306786E-01 -2.141574E-01
     65237  2.201320E+00 -1.915493E-01 -3.538878E-01
     65238  1.802839E+00 -1.571959E-01  6.233310E-03
     65239  1.869819E+00 -1.032912E-01 -1.113689E-01
     65240  1.554947E+00 -1.364917E-01  1.379653E-01
     65241  1.606368E+00 -7.246714E-02  5.405316E-02
     65242  1.368006E+00 -1.287502E-01  2.378399E-01
     65243  1.396174E+00 -6.470786E-02  1.709574E-01
     65244  1.215783E+00 -1.533182E-01  2.756557E-01
     65245  1.242231E+00 -9.231250E-02  2.328963E-01
     65246  1.110368E+00 -1.673664E-01  3.142784E-01
     65247  1.120906E+00 -1.125534E-01  2.800735E-01
     65248  1.019802E+00 -2.027874E-01  3.111917E-01
     65249  1.037647E+00 -1.549184E-01  2.918943E-01
     65250  9.590757E-01 -2.112441E-01  3.335593E-01
     65251  9.640411E-01 -1.709184E-01  3.149428E-01
     65252  8.917351E-01 -2.382274E-01  3.250821E-01
     65253  9.085138E-01 -2.036503E-01  3.151602E-01
     65254  8.375877E-01 -2.325640E-01  3.526189E-01
     65255  8.419350E-01 -2.032537E-01  3.398300E-01
     65256  7.665544E-01 -2.397225E-01  3.631463E-01
     65257  7.783528E-01 -2.199508E-01  3.477251E-01
     65258  6.692201E-01 -2.350720E-01  3.666248E-01
     65259  7.001087E-01 -2.203130E-01  3.696832E-01
     65260  5.802687E-01 -2.383745E-01  3.736821E-01
     65261  5.997300E-01 -2.145294E-01  3.757341E-01
     65262  4.805013E-01 -2.537994E-01  3.497522E-01
     65263  5.014419E-01 -2.341732E-01  3.534229E-01
     65264  3.699534E-01 -2.645316E-01  3.239769E-01
     65265  3.946514E-01 -2.428795E-01  3.403032E-01
     65266  2.691669E-01 -2.797740E-01  2.933994E-01
     65267  2.981841E-01 -2.613761E-01  3.054431E-01
     65268  1.758615E-01 -3.236601E-01  2.378332E-01
     65269  2.154207E-01 -3.058221E-01  2.542145E-01
     65270  9.279721E-02 -3.426202E-01  1.878252E-01
     65271  1.465101E-01 -3.301443E-01  2.137644E-01
     65272  3.804069E-02 -3.622959E-01  1.448896E-01
     65273  8.549545E-02 -3.476496E-01  1.689873E-01
     65274  6.804648E-03 -3.846954E-01  1.127393E-01
     65275  5.310024E-02 -3.764868E-01  1.200705E-01
     65276 -5.115891E-02 -3.738752E-01  1.442120E-01
     65277 -6.625135E-03 -3.852394E-01  1.249981E-01
     65278 -8.557894E-02 -3.516774E-01  1.986664E-01
     65279 -3.878543E-02 -3.646484E-01  1.719385E-01
     65280 -1.328538E-01 -3.169392E-01  2.677619E-01
     65281 -9.171364E-02 -3.350302E-01  2.361066E-01
     65282 -2.021763E-01 -2.842141E-01  3.431610E-01
     65283 -1.644954E-01 -3.043896E-01  3.079332E-01
     65284 -2.957205E-01 -2.479692E-01  4.158917E-01
     65285 -2.515314E-01 -2.706713E-01  3.861911E-01
     65286 -3.947537E-01 -2.148620E-01  4.611644E-01
     65287 -3.662022E-01 -2.408874E-01  4.448126E-01
     65288 -5.023065E-01 -1.872376E-01  4.957099E-01
     65289 -4.785299E-01 -2.176220E-01  4.818614E-01
     65290 -6.142555E-01 -1.665007E-01  5.196617E-01
     65291 -5.961094E-01 -1.960270E-01  5.137194E-01
     65292 -7.269415E-01 -1.532011E-01  5.300965E-01
     65293 -7.099819E-01 -1.865328E-01  5.319696E-01
     65294 -8.371210E-01 -1.451403E-01  5.231199E-01
     65295 -8.229298E-01 -1.798426E-01  5.348951E-01
     65296 -9.403813E-01 -1.398991E-01  5.015590E-01
     65297 -9.289676E-01 -1.773719E-01  5.222124E-01
     65298 -1.036788E+00 -1.358448E-01  4.675736E-01
     65299 -1.027134E+00 -1.755966E-01  4.967319E-01
     65300 -1.127613E+00 -1.310507E-01  4.236733E-01
     65301 -1.117796E+00 -1.736560E-01  4.608209E-01
     65302 -1.216581E+00 -1.241000E-01  3.708270E-01
     65303 -1.204383E+00 -1.701973E-01  4.162206E-01
     65304 -1.309679E+00 -1.158167E-01  3.082225E-01
     65305 -1.293618E+00 -1.658151E-01  3.622752E-01
     65306 -1.417522E+00 -1.067308E-01  2.335599E-01
     65307 -1.393319E+00 -1.607286E-01  2.983221E-01
     65308 -1.551635E+00 -1.033925E-01  1.389468E-01
     65309 -1.516538E+00 -1.596357E-01  2.171792E-01
     65310 -1.724763E+00 -1.124280E-01  1.491860E-02
     65311 -1.674170E+00 -1.688729E-01  1.102660E-01
     65312 -1.950000E+00 -1.462548E-01 -1.527659E-01
     65313 -1.878502E+00 -1.964673E-01 -3.539493E-02
     65314 -2.234066E+00 -2.218689E-01 -3.778077E-01
     65315 -2.135512E+00 -2.565742E-01 -2.370077E-01
     65316 -2.577747E+00 -3.542188E-01 -6.704476E-01
     65317 -2.448518E+00 -3.623041E-01 -5.065559E-01
     65318 -2.975309E+00 -5.615030E-01 -1.037284E+00
     65319 -2.811569E+00 -5.260306E-01 -8.552437E-01
     65320 -3.405345E+00 -8.606574E-01 -1.477117E+00
     65321 -3.204621E+00 -7.602185E-01 -1.287398E+00
     65322 -3.830397E+00 -1.261530E+00 -1.974971E+00
     65323 -3.593362E+00 -1.071849E+00 -1.795354E+00
     65324 -4.195597E+00 -1.763838E+00 -2.502012E+00
     65325 -3.924403E+00 -1.459041E+00 -2.356275E+00
     65326 -4.431269E+00 -2.352720E+00 -3.017144E+00
     65327 -4.127189E+00 -1.905723E+00 -2.931310E+00
     65328 -4.472470E+00 -2.996397E+00 -3.463268E+00
     65329 -4.112102E+00 -2.385901E+00 -3.461980E+00
     65330 -3.503588E+00 -2.996131E+00 -4.242132E+00
     65331 -3.796365E+00 -2.862418E+00 -3.860954E+00
     65332 -2.867223E+00 -2.048984E+00 -5.322027E+00
     65333 -2.125609E+00 -1.539367E+00 -5.380568E+00
     65334 -1.958281E+00 -1.193158E+00  5.859497E-01
     65335 -2.403217E+00 -2.173303E+00 -2.418572E+00
     65336 -1.507041E+00 -1.231109E+00  1.529702E-01
     66201  1.312768E-01  1.757494E-01  2.443775E-01
     66202 -3.004757E-01  4.535278E-01  4.243407E-01
     66203 -9.965400E-03  6.538626E-01 -6.250463E-01
     66204 -6.642364E-02  3.190066E-01 -1.780863E-01
     66205  2.902644E-01  3.177015E-01  1.840549E-01
     66206  6.599928E-01  3.533889E-01 -9.063344E+00
     66207  1.569651E-01  8.644761E-01 -1.600105E+01
     66208  1.254651E+00 -1.049324E+00 -4.298537E+00
     66209  8.508471E-01 -4.899960E-01 -8.038795E+00
     66210  9.683216E-02 -6.524665E-01 -8.105090E+00
     66211 -8.568029E-01  1.228889E+00 -2.007988E+01
     66212  1.881988E-01 -1.635796E+00  3.163870E+00
     66213  4.230739E-01 -1.060593E+00 -4.718566E-01
     66214  5.803401E-01 -1.414203E+00 -4.168983E+00
     66215 -1.348350E+00 -2.323137E-01 -1.299610E+01
     66216  3.679694E-01  1.979273E+00  2.444833E+01
     66217 -8.823856E-01  1.513332E+00  2.402386E+01
     66218 -1.213303E+00 -8.194050E-02  1.644157E+01
     66219  1.606085E+00 -4.624099E-02  1.632211E+01
     66220 -8.254225E-01 -1.234310E+00  1.208517E+01
     66221 -5.740325E-01 -1.508834E+00  7.752136E+00
     66222  8.622430E-03 -1.307972E+00  1.173842E+01
     66223  9.332031E-02 -2.022102E+00  3.881716E+00
     66224  1.156040E+00 -1.673573E+00  5.729513E+00
     66225  6.226386E-02 -6.729536E-01  9.996990E+00
     66226  1.907198E-01 -1.625193E+00 -5.741039E+00
     66227 -1.365909E-01 -1.413301E+00 -3.715870E-01
     66228  8.929240E-02 -2.409386E-01 -7.686836E+00
     66701 -1.354512E-01  1.565196E-01  2.205713E-01
     66702  2.646530E-01  4.098198E-01  3.730477E-01
     66703 -1.091133E-02  6.000526E-01 -5.731654E-01
     66704  4.749771E-02  2.981887E-01 -1.699448E-01
     66705 -2.462099E-01  2.840919E-01  1.607357E-01
     66706 -1.858909E-01  7.726625E-01 -1.435639E+01
     66707 -6.319425E-01  3.300641E-01 -8.133282E+00
     66708 -8.143000E-01 -4.201968E-01 -7.196931E+00
     66709 -1.181828E+00 -9.127004E-01 -3.841078E+00
     66710 -1.261003E-01 -5.699717E-01 -7.209897E+00
     66711  7.481628E-01  1.089713E+00 -1.788016E+01
     66712 -3.967296E-01 -9.196536E-01 -4.473113E-01
     66713 -1.490395E-01 -1.457023E+00  2.829424E+00
     66714 -5.358689E-01 -1.243849E+00 -3.663174E+00
     66715  1.194522E+00 -2.126949E-01 -1.147402E+01
     66716  8.178609E-01  1.398203E+00  2.179384E+01
     66717 -2.968691E-01  1.829172E+00  2.241510E+01
     66718 -1.437514E+00  1.753808E-03  1.505446E+01
     66719  1.140787E+00 -5.624640E-02  1.487557E+01
     66720 -1.644677E-02 -5.783614E-01  9.316127E+00
     66721 -1.047814E+00 -1.480252E+00  5.506261E+00
     66722 -2.287604E-02 -1.176572E+00  1.071381E+01
     66723  1.564720E-01 -1.254609E+00 -3.717536E-02
     66724 -1.846205E-01 -1.438787E+00 -4.857167E+00
     66725 -6.367913E-02 -1.807387E+00  3.640067E+00
     66726 -4.603556E-02 -2.134832E-01 -6.768881E+00
     66727  5.601667E-01 -1.351325E+00  6.988121E+00
     66728  7.532440E-01 -1.100350E+00  1.090638E+01

 total force (fx,fy,fz) for set FEET and time  0.3000000E+01

       -1.849893E-09 -3.000000E+02  1.200000E+03

                        S T E P       4


                                INCREMENT     1


 displacements (vx,vy,vz) for set TOP and time  0.4000000E+01

     34613 -9.788069E-03  4.048178E-01 -3.787677E-01
     35398 -1.639039E-03  4.401052E-01 -4.037179E-01
     36840 -1.653962E-02  3.179044E-01 -3.161487E-01
     43270  5.055506E-03  4.285669E-01 -3.952324E-01
     45923  1.269715E-02  3.102035E-01 -3.034812E-01

 forces (fx,fy,fz) for set FEET and time  0.4000000E+01

       151 -1.269021E-01  2.050700E-01 -2.094143E+00
       155  4.164300E-01  6.006543E+00 -5.771998E+00
       156 -1.289046E-02 -5.437923E-02 -1.031288E+00
       160  5.189271E-03  6.117386E-01 -3.118629E-01
       161  1.305772E-01  1.664944E-01 -1.885634E+00
       165 -3.651464E-01  5.395008E+00 -5.218682E+00
       194  1.070131E+01  6.998338E+00  1.492631E+01
       195 -3.135509E-01  2.054885E-01  6.444320E-02
       196  6.471518E-01  9.451190E-01 -4.824497E-01
       197 -9.907570E+00  5.120678E+00  1.215134E+01
       221 -5.919850E-01  8.773836E-01 -4.482276E-01
       222  8.974449E+00  4.575583E+00  1.090923E+01
       225  2.597793E-01  1.456626E-01  9.186093E-02
       226 -9.775793E+00  6.454401E+00  1.371614E+01
       234 -1.402933E-02  9.161135E-01  3.498040E+00
       236  6.601785E-03  8.413335E-01  3.146416E+00
       242 -4.519110E+00  3.370148E+00 -5.584182E+00
       245 -6.075130E+00  5.469996E+00  7.652005E+00
       246  8.311394E+00  6.870094E+00  1.037375E+01
       253  4.023669E+00  2.983416E+00 -4.951542E+00
       254 -7.512020E+00  6.236476E+00  9.415180E+00
       255  5.422766E+00  4.858423E+00  6.784677E+00
      3486  1.982075E+00  1.926463E+00 -1.529692E+01
      3512 -6.883073E-03 -2.079090E-01 -1.422945E+00
      3525  3.045067E-01  1.199634E+00 -2.773334E+00
      3526  4.445629E-01  6.824497E-01 -1.099554E+00
      3527  5.571391E-01  4.352803E-01 -2.404127E+00
      3528  4.954978E-01  2.885161E-01 -1.845695E+00
      3529  3.103859E-01  1.564193E-01 -1.375108E+00
      3530  3.333938E-01  8.172459E-02 -1.159188E+00
      3531  1.860365E-01  4.436992E-02 -9.430883E-01
      3532  2.362884E-01  5.164531E-02 -8.980791E-01
      3533  1.580558E-01 -1.471960E-02 -6.967083E-01
      3534  7.711121E-02 -5.875628E-03 -7.492423E-01
      3535  1.557257E-01 -3.476749E-02 -7.501504E-01
      3536  3.236059E-02 -2.835682E-03 -7.522431E-01
      3537  1.292244E-01 -2.885507E-02 -7.766035E-01
      3538  9.310525E-03  6.734147E-03 -7.966063E-01
      3539  1.157321E-01 -1.620119E-02 -8.249312E-01
      3540 -2.270334E-03  1.652491E-02 -8.451185E-01
      3541  1.106467E-01 -4.496163E-03 -8.680194E-01
      3542 -7.709649E-03  2.278114E-02 -8.789290E-01
      3543  1.075629E-01  3.300304E-03 -8.921110E-01
      3544 -1.091140E-02  2.223848E-02 -8.960254E-01
      3545 -2.197226E-03  7.533840E-02 -9.341368E-01
      3546  6.036888E-02 -2.158130E-02 -8.050964E-01
      3547 -1.562875E-02  1.602430E-02 -9.056418E-01
      3548  2.112832E-02  9.992680E-02 -9.229192E-01
      3549  1.764577E-02 -5.175784E-04 -8.094989E-01
      3550 -4.996601E-02  2.396932E-02 -9.210384E-01
      3551  2.570713E-02  9.651241E-02 -1.021010E+00
      3552  3.480026E-02 -1.671699E-02 -8.381929E-01
      3553  4.492991E-03 -7.584794E-03 -8.592881E-01
      3554 -9.699254E-02  6.890794E-02 -9.994533E-01
      3555  3.576038E+00  1.410368E+00 -1.310461E+01
      3556  3.208927E+00 -6.539618E-02 -7.811594E+00
      3557  3.902688E+00 -7.576953E-01 -7.264956E+00
      3558  3.458726E+00 -9.338633E-01 -5.538808E+00
      3559  3.013258E+00 -6.020146E-01 -3.870907E+00
      3560  2.660655E+00 -6.080111E-01 -3.015637E+00
      3561  2.266391E+00 -3.839691E-01 -2.033278E+00
      3562  1.979610E+00 -4.157803E-01 -1.645424E+00
      3563  1.691507E+00 -2.944042E-01 -1.133077E+00
      3564  1.423778E+00 -2.438386E-01 -8.272374E-01
      3565  1.247323E+00 -3.066500E-01 -8.595435E-01
      3566  1.061073E+00 -2.092546E-01 -6.011446E-01
      3567  9.507248E-01 -2.922757E-01 -7.753455E-01
      3568  8.250858E-01 -2.066198E-01 -5.979147E-01
      3569  7.609720E-01 -3.005482E-01 -8.364478E-01
      3570  6.777587E-01 -2.167579E-01 -6.788583E-01
      3571  6.416850E-01 -3.151350E-01 -9.328327E-01
      3572  5.829053E-01 -2.303591E-01 -7.578849E-01
      3573  5.568412E-01 -3.291821E-01 -9.986145E-01
      3574  5.035676E-01 -2.407017E-01 -7.967034E-01
      3575  4.993932E-01 -2.843274E-01 -9.342132E-01
      3576  4.408737E-01 -2.480007E-01 -9.481123E-01
      3577  3.476652E-01 -2.558115E-01 -7.930001E-01
      3578  3.240246E-01 -2.877381E-01 -9.532529E-01
      3579  2.533364E-01 -2.703294E-01 -8.660611E-01
      3580  1.798801E-01 -2.615255E-01 -8.425819E-01
      3581  1.308424E-01 -3.650614E-01 -1.083131E+00
      3582  9.732431E-02 -2.615556E-01 -1.071319E+00
      3583  2.925223E-02 -2.920879E-01 -9.361034E-01
      3584  2.242626E-02 -2.757819E-01 -9.701722E-01
      3585  4.611570E-02 -3.340077E-01 -1.171475E+00
      3769  7.345396E-01  5.284667E+00 -3.222114E+00
      3770  6.050448E-02  3.809461E+00 -1.431432E+00
      3771 -2.470344E-01  2.465290E+00 -9.678190E-01
      3772  1.293649E-01  1.760415E+00 -7.285204E-01
      3773 -1.386758E-01  1.394131E+00 -4.680457E-01
      3774  6.094509E-02  1.062186E+00 -3.634592E-01
      3775 -9.068586E-02  9.006538E-01 -2.459597E-01
      3776 -5.214037E-03  6.103788E-01 -3.188947E-01
      3777 -1.661534E-02  8.053401E-01 -2.083239E-02
      3778 -6.629086E-02  6.305203E-01 -1.197981E-01
      3779  2.496779E-02  6.008639E-01 -1.095952E-01
      3780 -5.745201E-02  6.214060E-01 -1.136928E-01
      3781  2.687600E-02  6.192826E-01 -1.112154E-01
      3782 -5.677633E-02  6.561284E-01 -1.257317E-01
      3783  3.112493E-02  6.653912E-01 -1.279106E-01
      3784 -5.803871E-02  7.016358E-01 -1.416719E-01
      3785  3.583828E-02  7.085473E-01 -1.437369E-01
      3786 -5.862299E-02  7.354562E-01 -1.515758E-01
      3787  3.992423E-02  7.345779E-01 -1.506818E-01
      3788 -5.752190E-02  7.457497E-01 -1.563489E-01
      3789 -1.006046E-01  7.602958E-01 -1.440222E-01
      3790 -1.113651E-02  9.071179E-01  2.788919E-02
      3791 -5.928751E-02  7.439739E-01 -1.453845E-01
      3792 -1.212095E-01  7.844131E-01 -1.664793E-01
      3793  7.958319E-03  9.040181E-01 -1.474029E-02
      3794 -5.741477E-02  7.554843E-01 -1.552580E-01
      3795 -3.256949E-03  6.231518E-01 -3.018896E-01
      3796  9.501305E-03  9.361111E-01  5.664451E-03
      3797 -7.478525E-03  9.631149E-01 -2.590155E-02
      3798 -5.301754E-02  7.862977E-01 -1.690246E-01
      3799  2.113984E+00  9.307451E+00 -1.399921E+01
      3800  1.679150E+00  6.179072E+00 -8.538616E+00
      3801  1.194495E+00  4.278260E+00 -5.413186E+00
      3802  9.051944E-01  2.072469E+00 -3.662995E+00
      3803  7.722328E-01  2.148985E+00 -2.742132E+00
      3804  6.298050E-01  1.157803E+00 -2.044177E+00
      3805  5.418763E-01  1.242122E+00 -1.570012E+00
      3806  4.442773E-01  7.209351E-01 -1.277861E+00
      3807  4.051207E-01  7.059729E-01 -1.083063E+00
      3808  3.310963E-01  7.200302E-01 -8.658853E-01
      3809  2.653790E-01  5.061889E-01 -8.874784E-01
      3810  2.289614E-01  6.437380E-01 -7.916799E-01
      3811  1.979555E-01  5.064092E-01 -8.813864E-01
      3812  1.743491E-01  6.718721E-01 -8.262619E-01
      3813  1.568565E-01  5.487015E-01 -9.475885E-01
      3814  1.432760E-01  7.305686E-01 -8.998463E-01
      3815  1.332024E-01  5.960634E-01 -1.020993E+00
      3816  1.253253E-01  7.796338E-01 -9.604181E-01
      3817  1.175927E-01  6.276509E-01 -1.067764E+00
      3818  1.096764E-01  8.032363E-01 -9.894795E-01
      3819  1.038848E-01  6.564297E-01 -1.070519E+00
      3820  1.171870E-01  7.322938E-01 -1.085803E+00
      3821  9.046429E-02  7.975016E-01 -9.744263E-01
      3822  6.603636E-02  6.611711E-01 -1.072176E+00
      3823  9.320549E-02  7.591491E-01 -1.086226E+00
      3824  4.983963E-02  8.384157E-01 -9.943426E-01
      3825  2.187661E-02  6.552825E-01 -1.129828E+00
      3826  4.365346E-02  7.485450E-01 -1.114779E+00
      3827  3.503198E-02  8.648262E-01 -1.036286E+00
      3828  1.421772E-02  9.183373E-01 -1.049101E+00
      3829 -6.835403E-03  7.545415E-01 -1.202466E+00
      3843 -1.800649E+00  1.745802E+00 -1.370845E+01
      3856  2.672401E-02 -1.018833E-03 -8.797560E-01
      3857 -1.150117E-02 -1.534944E-02 -8.506788E-01
      3858 -7.248840E-03 -1.834581E-02 -8.539025E-01
      3859 -1.708303E-02 -1.911283E-02 -8.410612E-01
      3860 -2.182058E-02 -2.982717E-02 -8.484613E-01
      3861 -1.480581E-02 -2.791121E-02 -8.325865E-01
      3862 -3.068352E-02 -2.707998E-02 -8.221784E-01
      3863 -3.363046E-02 -2.076822E-02 -7.966349E-01
      3864 -4.443065E-02 -2.213192E-02 -8.001481E-01
      3865 -5.386218E-02 -2.230118E-02 -7.939186E-01
      3866 -5.912842E-02 -2.192743E-02 -7.904049E-01
      3867 -6.384593E-02 -2.362113E-02 -7.840920E-01
      3868 -6.742765E-02 -2.368191E-02 -7.756910E-01
      3869 -7.033621E-02 -2.407589E-02 -7.645946E-01
      3870 -7.278630E-02 -2.459680E-02 -7.487318E-01
      3871 -7.557356E-02 -2.709903E-02 -7.309126E-01
      3872 -7.994981E-02 -2.920351E-02 -7.086404E-01
      3873 -8.593439E-02 -3.291721E-02 -6.872017E-01
      3874 -9.464594E-02 -3.534603E-02 -6.661577E-01
      3875 -1.132746E-01 -3.584008E-02 -6.487401E-01
      3876 -1.313933E-01 -3.458395E-02 -6.524391E-01
      3877 -1.549968E-01 -2.862657E-02 -6.775477E-01
      3878 -1.948661E-01 -1.542757E-02 -7.267505E-01
      3879 -2.393703E-01  8.783105E-03 -8.207151E-01
      3880 -2.945145E-01  4.638380E-02 -9.712035E-01
      3881 -3.641711E-01  1.043996E-01 -1.198928E+00
      3882 -4.581948E-01  1.988404E-01 -1.544159E+00
      3883 -6.080836E-01  3.505447E-01 -2.103248E+00
      3884 -4.260824E-01  5.907052E-01 -1.018759E+00
      3885 -3.443024E-01  7.354791E-01 -2.202844E+00
      3886 -5.894755E-02 -2.808067E-01 -1.104208E+00
      3887 -5.454848E-02 -3.253764E-01 -9.569595E-01
      3888 -8.399273E-02 -3.115571E-01 -9.557713E-01
      3889 -1.150802E-01 -3.038350E-01 -8.996994E-01
      3890 -1.646775E-01 -2.931671E-01 -8.601624E-01
      3891 -2.098166E-01 -2.847034E-01 -8.113040E-01
      3892 -2.783169E-01 -2.888937E-01 -7.661711E-01
      3893 -3.280068E-01 -2.650416E-01 -7.672356E-01
      3894 -4.014732E-01 -2.605945E-01 -7.337280E-01
      3895 -4.604993E-01 -2.565629E-01 -7.216602E-01
      3896 -5.203880E-01 -2.500189E-01 -7.164194E-01
      3897 -5.771158E-01 -2.499017E-01 -7.144618E-01
      3898 -6.287868E-01 -2.468461E-01 -7.119393E-01
      3899 -6.779235E-01 -2.417425E-01 -7.060556E-01
      3900 -7.245506E-01 -2.351047E-01 -6.927501E-01
      3901 -7.743347E-01 -2.299241E-01 -6.737067E-01
      3902 -8.287190E-01 -2.232938E-01 -6.470920E-01
      3903 -8.980872E-01 -2.183390E-01 -6.221379E-01
      3904 -9.845656E-01 -2.168910E-01 -6.062824E-01
      3905 -1.099027E+00 -2.234937E-01 -6.042976E-01
      3906 -1.245554E+00 -2.279560E-01 -6.719389E-01
      3907 -1.423080E+00 -2.404753E-01 -8.078094E-01
      3908 -1.635832E+00 -2.716044E-01 -1.011730E+00
      3909 -1.890651E+00 -3.146724E-01 -1.351688E+00
      3910 -2.183078E+00 -3.761721E-01 -1.850224E+00
      3911 -2.507538E+00 -4.629241E-01 -2.547706E+00
      3912 -2.856660E+00 -5.775286E-01 -3.496573E+00
      3913 -3.229037E+00 -7.029922E-01 -4.777031E+00
      3914 -3.656903E+00 -7.210717E-01 -6.561349E+00
      3915 -2.922736E+00 -6.563421E-02 -6.999282E+00
      3916 -3.285322E+00  1.404144E+00 -1.170439E+01
      4100 -1.167020E-02  9.297337E-01  1.193336E-02
      4101  5.343144E-04  1.001724E+00  2.086137E-02
      4102  9.016596E-03  9.818564E-01  1.589475E-02
      4103  1.110537E-02  9.720439E-01  1.056237E-02
      4104  1.009460E-02  9.689072E-01  1.368749E-02
      4105  1.710106E-02  9.457303E-01  4.254858E-03
      4106  8.946063E-03  9.236224E-01  1.659889E-02
      4107  5.123720E-03  8.840011E-01  8.257364E-03
      4108  1.430150E-02  8.822974E-01 -4.825480E-03
      4109  1.554061E-02  8.770868E-01 -2.347196E-03
      4110  2.136126E-02  8.727685E-01 -6.738937E-03
      4111  2.235124E-02  8.728474E-01  6.295406E-04
      4112  2.359183E-02  8.640858E-01 -5.281232E-04
      4113  2.425577E-02  8.506437E-01 -1.507238E-03
      4114  2.575743E-02  8.321615E-01 -2.317665E-03
      4115  2.642081E-02  8.116554E-01  6.885359E-04
      4116  2.678067E-02  7.858862E-01  1.659777E-03
      4117  2.911573E-02  7.620990E-01  5.035209E-03
      4118  2.666770E-02  7.458570E-01  2.994891E-03
      4119  3.388155E-02  7.353268E-01  6.380613E-03
      4120  3.755835E-02  7.377037E-01  6.532459E-03
      4121  3.625276E-02  7.759498E-01 -1.907773E-02
      4122  4.406350E-02  8.587133E-01 -5.444594E-02
      4123  4.987052E-02  9.872640E-01 -1.078741E-01
      4124  5.720729E-02  1.188430E+00 -1.843002E-01
      4125  6.483078E-02  1.482466E+00 -2.936584E-01
      4126  7.044819E-02  1.907260E+00 -4.577986E-01
      4127  6.994473E-02  2.560541E+00 -7.302594E-01
      4128  3.960592E-02  3.684104E+00 -1.314775E+00
      4129 -3.626042E-01  4.871447E+00 -2.629206E+00
      4130  5.486378E-03  7.982630E-01 -1.156360E+00
      4131  6.725765E-03  8.973982E-01 -9.788142E-01
      4132 -2.386836E-02  9.554923E-01 -9.423526E-01
      4133 -5.846790E-02  9.154828E-01 -9.448368E-01
      4134 -6.902205E-02  8.892568E-01 -9.417034E-01
      4135 -6.575644E-02  9.519121E-01 -8.974201E-01
      4136 -6.888325E-02  8.523415E-01 -9.178398E-01
      4137 -6.445189E-02  8.455841E-01 -8.889638E-01
      4138 -1.143250E-01  8.189449E-01 -9.102747E-01
      4139 -1.288586E-01  8.165297E-01 -9.041111E-01
      4140 -1.393825E-01  8.109086E-01 -9.057925E-01
      4141 -1.517595E-01  8.141221E-01 -8.890160E-01
      4142 -1.636469E-01  8.068419E-01 -8.805754E-01
      4143 -1.736449E-01  7.972579E-01 -8.717138E-01
      4144 -1.818193E-01  7.820878E-01 -8.592869E-01
      4145 -1.909242E-01  7.616994E-01 -8.381520E-01
      4146 -2.013353E-01  7.365732E-01 -8.121061E-01
      4147 -2.148545E-01  7.099424E-01 -7.853545E-01
      4148 -2.341036E-01  6.862853E-01 -7.573896E-01
      4149 -2.449494E-01  6.750331E-01 -7.598897E-01
      4150 -2.616648E-01  6.808258E-01 -7.618303E-01
      4151 -3.202527E-01  7.220235E-01 -7.937733E-01
      4152 -3.923204E-01  8.073448E-01 -9.157608E-01
      4153 -4.602495E-01  9.561150E-01 -1.106143E+00
      4154 -5.399261E-01  1.190879E+00 -1.399799E+00
      4155 -6.343893E-01  1.537812E+00 -1.829294E+00
      4156 -7.482282E-01  2.031681E+00 -2.450633E+00
      4157 -8.979313E-01  2.760473E+00 -3.376736E+00
      4158 -1.109966E+00  3.966527E+00 -4.883601E+00
      4159 -1.538101E+00  6.459733E+00 -7.822580E+00
      4160 -1.870077E+00  8.734920E+00 -1.272606E+01
      4882  3.767133E-01 -6.464578E-01  8.503853E-01
      4883  2.195059E+00 -9.929223E-02  1.960812E+00
      4884  4.638133E+00  4.690385E-02  3.265379E+00
      4885  9.969983E+00 -1.899847E-01  4.224279E+00
      4886 -1.423971E+00  2.878320E-01 -3.657093E+00
      4887  1.179130E+00 -1.521285E+00  2.871187E+00
      4888  4.531341E+00 -2.592691E+00  1.100297E+01
      4889  1.061298E+01 -3.211610E+00  2.139492E+01
      4890  1.791914E+01 -3.213125E+00  3.656978E+01
      5039 -5.450965E-01  2.330328E+00 -4.463310E+00
      5040 -2.183078E+00  1.534601E+01  6.325908E+01
      5041  2.793382E+00 -1.063257E+00 -1.690810E+00
      5042  1.041336E+00 -5.265535E-01 -7.859356E-01
      5043 -9.419895E-01 -4.130169E-01  3.485449E-01
      5044 -6.299355E+00 -2.746412E-01  2.154320E+00
      5045  3.362384E+00  1.526061E+00 -8.455776E+00
      5046  2.611171E+00 -1.099347E+00 -5.439756E+00
      5047 -1.061706E+00 -2.442183E+00  2.176757E+00
      5048 -6.964854E+00 -3.500428E+00  1.328838E+01
      5049 -1.430169E+01 -4.294973E+00  3.058768E+01
      5789 -2.656208E+00 -9.596875E-01 -1.594424E+00
      5790 -1.092056E+00 -4.772703E-01 -8.020921E-01
      5791  7.050462E-01 -3.729694E-01  2.306017E-01
      5792  5.600547E+00 -2.635489E-01  1.851782E+00
      5793 -3.089919E+00  1.412042E+00 -7.773481E+00
      5794 -2.482973E+00 -1.004317E+00 -5.183196E+00
      5795  8.475238E-01 -2.233089E+00  1.689475E+00
      5796  6.170370E+00 -3.203724E+00  1.177084E+01
      5797  1.290651E+01 -3.949843E+00  2.758236E+01
      5955  5.425585E-01  2.060921E+00 -3.956202E+00
      5956  2.160832E+00  1.395751E+01  5.755027E+01
      5957 -4.700684E-01 -5.836151E-01  8.933474E-01
      5958 -2.134415E+00 -8.540854E-02  1.924941E+00
      5959 -4.376455E+00  4.841981E-02  3.117691E+00
      5960 -9.261109E+00 -1.612746E-01  3.937001E+00
      5961  1.182272E+00  1.820699E-01 -3.042814E+00
      5962 -1.247878E+00 -1.429557E+00  3.037952E+00
      5963 -4.302546E+00 -2.385357E+00  1.046459E+01
      5964 -9.875771E+00 -2.928781E+00  1.990302E+01
      5965 -1.644120E+01 -2.893269E+00  3.357587E+01
      6592  2.030964E+00  2.407473E+00 -5.546380E+00
      6597 -1.877485E+00  2.190909E+00 -4.955467E+00
      6599 -2.182501E-01  3.083165E+00  4.700640E+00
      6600 -6.673364E-01  2.127574E+00  4.062488E+00
      6601 -3.171843E-01  1.447201E+00  2.684545E+00
      6602 -9.944016E-02  1.040310E+00  1.930061E+00
      6603 -2.069846E-03  8.495756E-01  1.553656E+00
      6604  3.401833E-02  7.074949E-01  1.297165E+00
      6605  5.754452E-02  6.545552E-01  1.172794E+00
      6606  6.642518E-02  6.062726E-01  1.089173E+00
      6607  6.740204E-02  5.956962E-01  1.051561E+00
      6608  7.302153E-02  6.236972E-01  1.071920E+00
      6609  6.404726E-02  6.207405E-01  1.074480E+00
      6610  6.477392E-02  6.634809E-01  1.124920E+00
      6611  5.430920E-02  6.644359E-01  1.141279E+00
      6612  5.428821E-02  7.103404E-01  1.197770E+00
      6613  4.380640E-02  7.070556E-01  1.211074E+00
      6614  4.368415E-02  7.496940E-01  1.260797E+00
      6615  3.377022E-02  7.373191E-01  1.261170E+00
      6616  3.404298E-02  7.735596E-01  1.297530E+00
      6617  2.557647E-02  7.528387E-01  1.284581E+00
      6618  2.192003E-02  7.809934E-01  1.302246E+00
      6619  2.545102E-02  7.961023E-01  1.298495E+00
      6620  1.903230E-02  7.614880E-01  1.292659E+00
      6621  1.602479E-02  7.841335E-01  1.306926E+00
      6622  1.436252E-02  7.647292E-01  1.302562E+00
      6623  9.722586E-03  7.634901E-01  1.295416E+00
      6624  3.390027E-03  7.986554E-01  1.309819E+00
      6625  1.928940E-02  8.167964E-01  1.307579E+00
      6626  7.832201E-03  7.724874E-01  1.316329E+00
      6627  6.116820E-03  7.770781E-01  1.324405E+00
      6628 -6.937117E-03  8.164846E-01  1.358746E+00
      6629 -3.941869E-03  8.066964E-01  1.353788E+00
      6630 -4.882086E-03  7.652470E-01  1.322510E+00
      6631 -6.633218E-03  7.791260E-01  1.327777E+00
      6632 -1.081945E-02  7.716694E-01  1.322785E+00
      6633 -9.625843E-03  7.724424E-01  1.320970E+00
      6634 -1.546183E-02  7.837493E-01  1.330808E+00
      6635 -2.052602E-02  7.597788E-01  1.308705E+00
      6636 -1.754681E-02  7.586076E-01  1.290854E+00
      6637 -2.380168E-02  7.491723E-01  1.284844E+00
      6638 -2.787016E-02  7.471170E-01  1.283366E+00
      6639 -3.167133E-02  7.436305E-01  1.277076E+00
      6640 -3.544876E-02  7.367755E-01  1.268670E+00
      6641 -3.932905E-02  7.279049E-01  1.255726E+00
      6642 -4.344427E-02  7.170638E-01  1.239056E+00
      6643 -4.807591E-02  7.037923E-01  1.217331E+00
      6644 -5.243746E-02  6.862743E-01  1.187930E+00
      6645 -5.730716E-02  6.665463E-01  1.155575E+00
      6646 -6.237122E-02  6.439080E-01  1.116956E+00
      6647 -6.713749E-02  6.193191E-01  1.077472E+00
      6648 -7.038353E-02  5.917828E-01  1.041011E+00
      6649 -7.216561E-02  5.751422E-01  1.012622E+00
      6650 -7.262917E-02  5.671334E-01  1.001841E+00
      6651 -6.933457E-02  5.667165E-01  1.020522E+00
      6652 -5.993497E-02  5.924794E-01  1.081946E+00
      6653 -4.147822E-02  6.507781E-01  1.203825E+00
      6654 -3.911877E-03  7.574259E-01  1.413677E+00
      6655  8.182102E-02  9.449410E-01  1.771268E+00
      6656  2.817094E-01  1.288518E+00  2.431503E+00
      6657  5.904543E-01  1.922680E+00  3.693240E+00
      6658  1.884043E-01  2.774562E+00  4.241400E+00
      6659  5.562590E-01  3.997606E+00  8.134688E+00
      6660  1.360553E-01  2.817212E+00  6.319544E+00
      6661  1.191154E+00  1.549632E+00  5.555321E+00
      6662  1.521194E+00  9.720608E-01  3.814713E+00
      6663  1.564596E+00  8.016651E-01  3.051219E+00
      6664  1.472619E+00  7.554717E-01  2.719683E+00
      6665  1.335929E+00  7.669086E-01  2.574109E+00
      6666  1.188220E+00  7.981656E-01  2.546285E+00
      6667  1.051036E+00  8.381771E-01  2.562499E+00
      6668  9.348547E-01  8.827315E-01  2.637331E+00
      6669  8.234706E-01  9.318024E-01  2.741158E+00
      6670  7.307862E-01  9.712772E-01  2.831097E+00
      6671  6.498675E-01  1.008807E+00  2.929061E+00
      6672  5.860442E-01  1.036335E+00  3.007162E+00
      6673  5.277902E-01  1.062974E+00  3.087068E+00
      6674  4.838201E-01  1.078435E+00  3.142355E+00
      6675  4.399352E-01  1.094541E+00  3.196079E+00
      6676  4.072080E-01  1.100825E+00  3.225193E+00
      6677  3.700392E-01  1.109089E+00  3.254236E+00
      6678  3.430424E-01  1.109977E+00  3.268109E+00
      6679  3.021408E-01  1.118365E+00  3.296841E+00
      6680  2.550146E-01  1.125999E+00  3.295010E+00
      6681  2.285631E-01  1.110359E+00  3.282615E+00
      6682  1.798773E-01  1.113704E+00  3.283924E+00
      6683  1.432701E-01  1.103360E+00  3.262554E+00
      6684  1.146285E-01  1.100947E+00  3.272135E+00
      6685  7.962574E-02  1.095766E+00  3.282811E+00
      6686  3.874119E-02  1.093717E+00  3.268267E+00
      6687  2.340032E-02  1.081226E+00  3.248471E+00
      6688  9.485636E-03  1.085187E+00  3.274846E+00
      6689 -1.840381E-02  1.116856E+00  3.228497E+00
      6690 -4.631489E-02  1.082888E+00  3.259593E+00
      6691 -4.659633E-02  1.084136E+00  3.255530E+00
      6692 -7.471101E-02  1.089537E+00  3.270387E+00
      6693 -1.008164E-01  1.097291E+00  3.285212E+00
      6694 -1.274345E-01  1.109586E+00  3.320228E+00
      6695 -1.913909E-01  1.112838E+00  3.320484E+00
      6696 -2.280927E-01  1.103108E+00  3.276174E+00
      6697 -2.640693E-01  1.110282E+00  3.265625E+00
      6698 -3.018036E-01  1.105176E+00  3.253731E+00
      6699 -3.470334E-01  1.104394E+00  3.246182E+00
      6700 -3.902424E-01  1.097837E+00  3.225836E+00
      6701 -4.316396E-01  1.088940E+00  3.196742E+00
      6702 -4.706274E-01  1.076398E+00  3.157019E+00
      6703 -5.089122E-01  1.060718E+00  3.107930E+00
      6704 -5.494415E-01  1.040628E+00  3.046019E+00
      6705 -5.902694E-01  1.016434E+00  2.973614E+00
      6706 -6.395293E-01  9.886490E-01  2.890889E+00
      6707 -6.963818E-01  9.545737E-01  2.796608E+00
      6708 -7.653779E-01  9.163649E-01  2.694720E+00
      6709 -8.487267E-01  8.743818E-01  2.590613E+00
      6710 -9.447767E-01  8.272995E-01  2.489861E+00
      6711 -1.054542E+00  7.794042E-01  2.407151E+00
      6712 -1.177238E+00  7.370533E-01  2.363552E+00
      6713 -1.306816E+00  7.049982E-01  2.380580E+00
      6714 -1.430488E+00  6.935305E-01  2.496247E+00
      6715 -1.512967E+00  7.283987E-01  2.789716E+00
      6716 -1.470618E+00  8.891011E-01  3.471363E+00
      6717 -1.175397E+00  1.398697E+00  5.042266E+00
      6718 -1.799594E-01  2.546453E+00  5.715796E+00
      6719 -5.533532E-01  3.608560E+00  7.334676E+00
      7093  1.051956E-01  1.173417E+01 -2.732044E+01
      7122 -2.768111E-01  2.200711E+01  5.410516E+01
      7140 -3.766000E+00 -2.611862E-01  2.185129E+00
      7141 -1.772068E+00 -2.082535E-01  1.275492E+00
      7142 -1.102607E+01  2.818581E+00  2.641705E+01
      7143 -5.760894E+00  1.776373E+00  1.370046E+01
      7144 -2.162783E+00  1.451589E+00  5.076682E+00
      7145  6.708449E+00 -9.551790E-02  3.515678E+00
      7146  2.971250E+00 -2.890419E-01  1.202798E+00
      7147 -1.236585E+00 -3.118463E-01 -6.533116E-01
      7148  1.556047E+01  2.777759E+00  3.647129E+01
      7149  7.567283E+00  1.290749E+00  1.813170E+01
      7150  7.825494E-01  1.123076E+00  2.989990E+00
      7151 -5.921288E+00  1.149436E+00 -1.408005E+01
      7191 -9.791046E-02  1.047444E+01 -2.439373E+01
      7220  2.751084E-01  1.978963E+01  4.864703E+01
      7238 -6.134893E+00 -8.361703E-02  3.265869E+00
      7239 -2.772756E+00 -2.573549E-01  1.173158E+00
      7240  1.016909E+00 -2.811749E-01 -4.828356E-01
      7241 -1.412371E+01  2.497710E+00  3.310387E+01
      7242 -6.936371E+00  1.142090E+00  1.661119E+01
      7243 -8.318862E-01  9.997586E-01  2.992733E+00
      7244  5.191657E+00  1.010372E+00 -1.238132E+01
      7245  3.331875E+00 -2.225272E-01  1.883448E+00
      7246  1.555531E+00 -1.842895E-01  1.075837E+00
      7247  9.875008E+00  2.517105E+00  2.355426E+01
      7248  5.157923E+00  1.594072E+00  1.216145E+01
      7249  1.898654E+00  1.319152E+00  4.439486E+00
     49076 -1.634736E-02  1.445663E-01  5.908375E-02
     49077 -9.813657E-03  1.230670E-01  4.603442E-02
     49078 -8.013719E-03  1.272139E-01  4.713667E-02
     49079 -1.572380E-02  1.151020E-01  4.193429E-02
     49080 -6.842907E-03  1.311208E-01  4.859271E-02
     49081 -1.992707E-02  9.179338E-02  9.262000E-03
     49082 -1.467715E-02  9.394777E-02  8.191584E-03
     49083  5.026682E-03  1.587704E-01 -3.694410E-02
     49084  5.168390E-03  1.543259E-01 -3.185785E-02
     49085  8.248822E-04  1.398224E-01 -2.569731E-02
     49086 -6.048467E-03  1.331220E-01  4.943869E-02
     49087 -1.994431E-02  9.215511E-02  9.620542E-03
     49088 -2.465228E-02  1.077812E-01  1.033286E-02
     49089 -8.251971E-03  1.128940E-01  8.604503E-03
     49090  1.149927E-03  1.360217E-01 -2.526167E-02
     49091  1.486708E-03  1.417180E-01 -2.583581E-02
     49092 -2.176086E-02  5.963184E-01  3.686919E-02
     49093 -5.491284E-02  1.974101E-01  6.778085E-02
     49094 -1.359388E-02  1.381243E-01  3.506405E-02
     49095 -3.435800E-02  2.683524E-01  1.127087E-01
     49096 -2.719313E-02  1.809420E-01  7.281266E-02
     49097  4.957422E-03  1.265908E-01 -2.631888E-02
     49098 -1.259963E-02  1.215861E-01  4.561838E-02
     49099  8.132722E-03  1.315138E-01  5.209769E-02
     49100 -2.546011E-02  1.080843E-01  1.490645E-02
     49101  9.395865E-04  1.308686E-01 -2.471982E-02
     49102  9.886383E-03  1.571812E-01 -3.478000E-02
     49103 -3.392613E-03  1.085208E-01 -6.654554E-03
     49104  5.724855E-04  1.244085E-01 -2.330380E-02
     49105 -1.912549E-02  8.167116E-02  8.098686E-03
     49106  6.788861E-03  1.525753E-01 -3.397325E-02
     49107  2.876068E+00 -2.021889E-01 -1.569759E+01
     49108  2.328977E+00  1.478287E+00 -1.236952E+01
     49109  3.032024E+00  3.719894E-01 -1.006383E+01
     49110  3.201906E+00  1.154981E+00 -1.496093E+01
     49111  3.814218E-02 -2.262413E-01 -1.123028E+00
     49112 -3.655209E-03 -8.089235E-02 -1.592488E+00
     49113 -6.597199E-02 -1.653393E-01 -1.116005E+00
     49114  7.014262E-03 -7.668756E-02 -1.619685E+00
     49115  2.622722E+00 -5.448121E-02 -8.311864E+00
     49116  2.313157E+00 -4.607589E-01 -7.062961E+00
     49117  2.650793E+00 -1.509523E+00 -9.942505E+00
     49118  2.900605E+00 -6.233622E-01 -1.044854E+01
     49119  2.093985E+00 -5.069889E-01 -5.680959E+00
     49120  1.838567E+00 -5.259176E-01 -4.932507E+00
     49121  2.596635E+00 -1.144751E+00 -7.282643E+00
     49122  2.868022E+00 -1.429448E-01 -9.316999E+00
     49123  2.306462E+00 -6.935153E-01 -7.130594E+00
     49124  1.721275E+00 -2.149735E-01 -3.924677E+00
     49125  1.667092E+00 -2.156168E-01 -3.381979E+00
     49126  2.323920E+00 -1.060666E+00 -4.944453E+00
     49127  2.270498E+00 -3.893568E-01 -6.470957E+00
     49128  1.965698E+00  1.084103E-01 -5.267419E+00
     49129  1.454651E+00 -3.669392E-01 -3.023917E+00
     49130  1.323342E+00 -3.794789E-01 -2.704059E+00
     49131  1.487700E+00 -8.127641E-01 -3.551354E+00
     49132  1.583231E+00 -3.830881E-01 -3.851277E+00
     49133  1.679335E+00  1.398021E-01 -4.701092E+00
     49134  1.217860E+00 -1.622521E-01 -2.183099E+00
     49135  1.212444E+00 -1.628910E-01 -1.927113E+00
     49136  1.605581E+00 -7.156986E-01 -2.763025E+00
     49137  1.487678E+00 -2.274519E-01 -3.558000E+00
     49138  1.352713E+00  8.810081E-03 -2.938698E+00
     49139  1.056948E+00 -2.819722E-01 -1.772340E+00
     49140  9.666692E-01 -2.893497E-01 -1.614731E+00
     49141  1.039943E+00 -5.722450E-01 -2.094726E+00
     49142  1.191583E+00  4.212560E-02 -2.670080E+00
     49143  1.161607E+00 -2.406945E-01 -2.349283E+00
     49144  8.671388E-01 -1.351490E-01 -1.315467E+00
     49145  8.621364E-01 -1.470092E-01 -1.231378E+00
     49146  1.168590E+00 -5.530221E-01 -1.706778E+00
     49147  9.567749E-01 -2.864759E-02 -1.812261E+00
     49148  1.033886E+00 -1.635480E-01 -2.195487E+00
     49149  6.846455E-01 -1.440496E-01 -1.053907E+00
     49150  7.075666E-01 -2.673847E-01 -1.133541E+00
     49151  8.524552E-01 -4.610060E-01 -1.273547E+00
     49152  8.560950E-01  4.179584E-03 -1.712048E+00
     49153  7.987008E-01 -1.347687E-01 -1.539508E+00
     49154  6.533748E-01 -2.691366E-01 -1.029606E+00
     49155  5.904914E-01 -2.383443E-01 -9.743813E-01
     49156  7.082825E-01 -5.328298E-01 -1.268058E+00
     49157  7.226852E-01 -1.935930E-01 -1.461535E+00
     49158  6.806237E-01 -1.403577E-02 -1.540399E+00
     49159  5.086328E-01 -1.227120E-01 -8.394748E-01
     49160  5.603359E-01 -1.235492E-01 -8.287662E-01
     49161  7.561238E-01 -4.789402E-01 -1.103190E+00
     49162  5.954210E-01 -1.308698E-01 -1.426553E+00
     49163  5.670358E-01 -5.779895E-02 -1.220811E+00
     49164  4.777005E-01 -2.357550E-01 -8.936054E-01
     49165  4.396698E-01 -2.368282E-01 -8.948753E-01
     49166  3.787011E-01 -4.542606E-01 -1.057357E+00
     49167  5.141326E-01 -4.630776E-02 -1.208606E+00
     49168  5.534328E-01 -1.400470E-01 -1.348403E+00
     49169  3.689323E-01 -1.232164E-01 -8.067783E-01
     49170  4.378911E-01 -1.231147E-01 -8.201147E-01
     49171  6.003931E-01 -4.904453E-01 -1.053490E+00
     49172  4.240136E-01 -6.274286E-02 -1.193681E+00
     49173  4.131716E-01 -1.385545E-01 -1.337758E+00
     49174  3.699554E-01 -2.419345E-01 -9.170256E-01
     49175  3.412211E-01 -2.423931E-01 -9.340315E-01
     49176  2.474929E-01 -4.726744E-01 -1.073056E+00
     49177  3.841018E-01 -5.327730E-02 -1.207953E+00
     49178  4.417712E-01 -1.396432E-01 -1.393509E+00
     49179  2.781702E-01 -1.268603E-01 -8.588861E-01
     49180  3.656510E-01 -1.264881E-01 -8.805252E-01
     49181  5.080052E-01 -5.113664E-01 -1.107336E+00
     49182  3.364826E-01 -6.300106E-02 -1.275456E+00
     49183  3.031082E-01 -1.460349E-01 -1.398182E+00
     49184  3.049385E-01 -2.506238E-01 -9.904795E-01
     49185  2.812352E-01 -2.510556E-01 -1.008883E+00
     49186  1.662830E-01 -4.988810E-01 -1.149907E+00
     49187  3.045344E-01 -5.567187E-02 -1.298578E+00
     49188  3.760004E-01 -1.457651E-01 -1.492338E+00
     49189  2.234397E-01 -1.309535E-01 -9.298330E-01
     49190  3.226144E-01 -1.306175E-01 -9.481193E-01
     49191  4.560134E-01 -5.337356E-01 -1.189299E+00
     49192  2.863506E-01 -6.272755E-02 -1.375091E+00
     49193  2.386323E-01 -1.527550E-01 -1.499615E+00
     49194  2.647253E-01 -2.583113E-01 -1.057699E+00
     49195  2.428134E-01 -2.591643E-01 -1.070044E+00
     49196  1.164527E-01 -5.221285E-01 -1.225257E+00
     49197  2.576305E-01 -5.641323E-02 -1.394715E+00
     49198  3.363723E-01 -1.524758E-01 -1.578146E+00
     49199  1.864631E-01 -1.353322E-01 -9.794148E-01
     49200  2.922282E-01 -1.354677E-01 -9.894258E-01
     49201  4.233217E-01 -5.513067E-01 -1.251509E+00
     49202  1.984163E-01 -1.563784E-01 -1.581517E+00
     49203  2.533559E-01 -6.407261E-02 -1.443668E+00
     49204  2.322402E-01 -2.648740E-01 -1.093847E+00
     49205  2.092822E-01 -2.638469E-01 -1.098711E+00
     49206  7.927599E-02 -5.397575E-01 -1.268349E+00
     49207  2.257245E-01 -5.803753E-02 -1.454536E+00
     49208  3.027570E-01 -1.567214E-01 -1.623085E+00
     49209  1.440667E-01 -1.364920E-01 -9.901193E-01
     49210  2.216560E-01 -2.556756E-01 -1.130493E+00
     49211  3.986263E-01 -5.529197E-01 -1.271511E+00
     49212  2.264961E-01 -7.775170E-02 -1.463763E+00
     49213  1.639437E-01 -1.591251E-01 -1.621409E+00
     49214  7.784373E-02 -1.382410E-01 -9.946579E-01
     49215  1.858359E-01 -3.159643E-01 -1.223149E+00
     49216  4.401926E-01 -6.688037E-01 -1.277359E+00
     49217  1.526693E-01 -1.922611E-02 -1.528340E+00
     49218  1.978143E-01 -1.591362E-01 -1.469220E+00
     49219  1.730476E-01 -3.062183E-01 -1.118387E+00
     49220  1.387722E-01 -2.695607E-01 -1.107569E+00
     49221  2.154598E-01 -6.326476E-01 -1.377800E+00
     49222  1.136405E-01 -2.126055E-03 -1.589565E+00
     49223  2.168331E-01 -1.957634E-01 -1.610631E+00
     49224  6.919819E-02 -1.376360E-01 -9.927384E-01
     49225  1.457302E-01 -2.539314E-01 -1.143166E+00
     49226  3.311748E-01 -5.524505E-01 -1.271227E+00
     49227  1.505805E-01 -7.827463E-02 -1.468188E+00
     49228  9.715176E-02 -1.465757E-01 -1.637978E+00
     49229  4.796814E-03 -1.523908E-01 -1.001258E+00
     49230  9.927508E-02 -2.903456E-01 -1.158103E+00
     49231  3.692559E-01 -7.109783E-01 -1.266754E+00
     49232  8.130496E-02 -2.075959E-02 -1.531670E+00
     49233  1.291985E-01 -2.094882E-01 -1.508235E+00
     49234  9.520243E-02 -2.996394E-01 -1.140371E+00
     49235  6.225862E-02 -2.616390E-01 -1.122842E+00
     49236  1.019334E-01 -6.099751E-01 -1.359452E+00
     49237  1.175525E-02 -4.726239E-02 -1.637268E+00
     49238  1.361347E-01 -2.090305E-01 -1.648183E+00
     49239 -1.435631E-02 -1.426825E-01 -1.026257E+00
     49240  9.029114E-02 -1.530800E-01 -1.067987E+00
     49241  2.277953E-01 -5.643486E-01 -1.320982E+00
     49242  6.352351E-02 -6.132747E-02 -1.518696E+00
     49243  1.893716E-02 -1.605356E-01 -1.668591E+00
     49244 -7.342066E-02 -1.262188E-01 -1.045871E+00
     49245  4.274087E-02 -2.953502E-01 -1.296340E+00
     49246  7.513661E-02 -5.588638E-01 -1.217757E+00
     49247  4.083767E-02 -5.689890E-02 -1.554037E+00
     49248  4.542102E-02 -1.707382E-01 -1.524551E+00
     49249  3.547176E-02 -3.224364E-01 -1.203222E+00
     49250 -7.663969E-03 -3.095128E-01 -1.250821E+00
     49251  5.710365E-02 -6.287749E-01 -1.444479E+00
     49252  5.698303E-02 -2.294207E-01 -1.695529E+00
     49253 -6.990183E-02  1.185705E-02 -1.669856E+00
     49254  2.464166E-02 -2.958743E-01 -1.211898E+00
     49255 -1.047318E-02 -2.758348E-01 -1.203738E+00
     49256  4.056202E-02 -6.131472E-01 -1.444696E+00
     49257  5.774126E-02 -2.270377E-01 -1.734023E+00
     49258 -8.257695E-02 -8.784195E-02 -1.776165E+00
     49259  1.684175E-01 -5.679225E-01 -1.372920E+00
     49260 -6.251853E-02 -1.614458E-01 -1.762483E+00
     51119 -3.055646E-02  3.347911E-01  7.451149E-02
     51120  1.511498E-02  1.218545E-01  2.941058E-02
     51121  1.311287E-02  1.140176E-01  1.354038E-02
     51122  2.997776E-04  1.531504E-01 -3.602514E-02
     51123 -1.602411E-03  1.343283E-01 -3.497034E-02
     51124  1.329243E-03  1.125265E-01 -1.464639E-02
     51125 -4.535976E-03  2.007141E-01 -5.808966E-02
     51126 -3.655388E-04  1.455053E-01 -3.402777E-02
     51127  2.155333E-04  1.154299E-01 -1.999333E-02
     51128  4.584356E-03  2.009091E-01 -5.253516E-02
     51129 -1.166271E-02  9.299887E-02  3.898921E-03
     51130 -5.359728E-04  1.395856E-01 -3.265830E-02
     51131  3.632568E-03  2.124595E-01 -5.328243E-02
     51132  3.512277E-03  2.107484E-01 -6.230838E-02
     51133  5.375919E-05  1.497337E-01 -3.506480E-02
     51134  3.174356E-04  1.217879E-01 -2.419834E-02
     51135 -5.308718E-04  1.208088E-01 -2.455825E-02
     51136  1.954605E-03  1.528507E-01 -3.578970E-02
     51137  6.970189E-04  1.249050E-01 -2.930328E-02
     51138  3.555914E-03  1.890407E-01 -4.840192E-02
     51139  6.652915E-03  1.113320E-01  1.398662E-03
     51140  1.646319E-03  1.801880E-01 -4.074859E-02
     51141  1.040755E-03  1.603769E-01 -3.817761E-02
     51142 -1.066840E-02  1.828802E-01 -5.171560E-02
     51143  2.011872E-03  1.590308E-01 -3.688814E-02
     51144  1.568003E-03  1.607732E-01 -3.821554E-02
     51145 -7.899459E-04  1.368585E-01 -3.200748E-02
     51146  6.207821E-04  1.577284E-01 -3.732825E-02
     51147  2.380928E-03  1.587875E-01 -3.781546E-02
     51148  1.197463E-02  9.247541E-02  7.356790E-02
     51149  2.997556E-03  1.115388E-01 -7.894730E-03
     51150 -2.128915E-02 -1.051001E-01 -1.602665E+00
     51151 -4.296830E-02 -2.276680E-01 -1.116239E+00
     51152 -7.709168E-03 -3.183647E-01 -1.259331E+00
     51153 -4.009240E-02 -6.450488E-02 -1.631325E+00
     51154 -2.180369E+00  1.344444E+00 -1.110328E+01
     51155 -2.552994E+00 -2.670712E-01 -1.410506E+01
     51156 -2.480156E+00  4.501556E-01 -9.724996E+00
     51157 -3.160322E+00  4.377867E-01 -1.296078E+01
     51158  2.732953E-03 -3.307920E-01 -1.253379E+00
     51159 -4.708788E-02 -3.292909E-01 -1.259284E+00
     51160 -3.359230E-02 -5.676657E-01 -1.498177E+00
     51161  5.773756E-02 -1.757533E-01 -1.777633E+00
     51162 -2.383304E-02 -2.955753E-01 -1.199329E+00
     51163 -4.866222E-02 -2.983305E-01 -1.192167E+00
     51164  5.745193E-03 -6.197592E-01 -1.449759E+00
     51165 -1.391713E-01 -1.027270E-01 -1.816430E+00
     51166 -4.781059E-04 -2.471062E-01 -1.753343E+00
     51167 -2.890558E-02 -3.068553E-01 -1.227308E+00
     51168 -6.641131E-02 -3.002939E-01 -1.166403E+00
     51169 -7.138725E-02 -6.104473E-01 -1.430974E+00
     51170  3.436133E-02 -1.164683E-01 -1.788122E+00
     51171 -7.145120E-02 -2.523414E-01 -1.744781E+00
     51172 -4.869483E-02 -3.021719E-01 -1.199727E+00
     51173 -9.229292E-02 -2.934866E-01 -1.148789E+00
     51174 -8.602831E-02 -6.121169E-01 -1.405397E+00
     51175 -1.049315E-01 -2.551005E-01 -1.684573E+00
     51176  1.494941E-02 -1.110426E-01 -1.745850E+00
     51177 -6.355321E-02 -3.041985E-01 -1.183971E+00
     51178 -1.152772E-01 -2.857190E-01 -1.114612E+00
     51179 -1.109678E-01 -6.088366E-01 -1.382501E+00
     51180 -2.533641E-04 -1.418756E-01 -1.739399E+00
     51181 -1.280007E-01 -2.401188E-01 -1.654255E+00
     51182 -9.614892E-02 -2.976016E-01 -1.147473E+00
     51183 -1.447618E-01 -3.015579E-01 -1.140888E+00
     51184 -1.346659E-01 -6.026734E-01 -1.347494E+00
     51185 -1.583049E-01 -2.487677E-01 -1.632434E+00
     51186 -2.729270E-02 -1.150177E-01 -1.673805E+00
     51187 -1.243768E-01 -2.804829E-01 -1.093725E+00
     51188 -1.603755E-01 -2.826324E-01 -1.075095E+00
     51189 -1.072496E-01 -6.007703E-01 -1.327707E+00
     51190 -2.204344E-01 -1.416322E-01 -1.660103E+00
     51191 -1.125112E-01 -2.264952E-01 -1.606227E+00
     51192 -1.549272E-01 -2.842132E-01 -1.109649E+00
     51193 -1.937188E-01 -2.778146E-01 -1.063934E+00
     51194 -1.877028E-01 -5.794454E-01 -1.291112E+00
     51195 -1.893518E-01 -2.229945E-01 -1.594102E+00
     51196 -1.036313E-01 -1.111796E-01 -1.627248E+00
     51197 -1.837162E-01 -2.737403E-01 -1.092989E+00
     51198 -2.192778E-01 -2.779517E-01 -1.057945E+00
     51199 -2.100560E-01 -5.811623E-01 -1.282011E+00
     51200 -1.378792E-01 -1.213995E-01 -1.614152E+00
     51201 -2.283754E-01 -2.225244E-01 -1.551729E+00
     51202 -2.099699E-01 -2.690374E-01 -1.085339E+00
     51203 -2.451267E-01 -2.706855E-01 -1.047436E+00
     51204 -2.352020E-01 -5.805289E-01 -1.275104E+00
     51205 -1.675099E-01 -1.214782E-01 -1.599282E+00
     51206 -2.591949E-01 -2.260238E-01 -1.548507E+00
     51207 -2.350997E-01 -2.675690E-01 -1.078835E+00
     51208 -2.690550E-01 -2.729190E-01 -1.043377E+00
     51209 -2.636404E-01 -5.729596E-01 -1.265613E+00
     51210 -2.858961E-01 -2.151565E-01 -1.535538E+00
     51211 -1.947420E-01 -1.258864E-01 -1.594287E+00
     51212 -2.566799E-01 -2.684787E-01 -1.074835E+00
     51213 -2.910905E-01 -2.708488E-01 -1.034533E+00
     51214 -2.873155E-01 -5.724615E-01 -1.261009E+00
     51215 -2.168942E-01 -1.202511E-01 -1.584171E+00
     51216 -3.128773E-01 -2.224048E-01 -1.531911E+00
     51217 -2.778190E-01 -2.644727E-01 -1.063111E+00
     51218 -3.115944E-01 -2.673558E-01 -1.021911E+00
     51219 -3.077365E-01 -5.654682E-01 -1.248724E+00
     51220 -3.363394E-01 -2.199230E-01 -1.517497E+00
     51221 -2.392644E-01 -1.186616E-01 -1.565521E+00
     51222 -2.976989E-01 -2.591547E-01 -1.045791E+00
     51223 -3.307884E-01 -2.619567E-01 -1.001614E+00
     51224 -3.264075E-01 -5.568444E-01 -1.230609E+00
     51225 -2.603155E-01 -1.174135E-01 -1.538318E+00
     51226 -3.570265E-01 -2.168345E-01 -1.498765E+00
     51227 -3.185257E-01 -2.533923E-01 -1.021487E+00
     51228 -3.515447E-01 -2.578271E-01 -9.770718E-01
     51229 -3.452709E-01 -5.454473E-01 -1.203815E+00
     51230 -3.756958E-01 -2.105793E-01 -1.470809E+00
     51231 -2.827934E-01 -1.161340E-01 -1.502645E+00
     51232 -3.406094E-01 -2.482476E-01 -9.930813E-01
     51233 -3.752332E-01 -2.523015E-01 -9.462471E-01
     51234 -3.659036E-01 -5.354756E-01 -1.172924E+00
     51235 -3.063788E-01 -1.136738E-01 -1.460636E+00
     51236 -3.958676E-01 -2.060772E-01 -1.436277E+00
     51237 -3.692323E-01 -2.406220E-01 -9.592637E-01
     51238 -4.056304E-01 -2.463773E-01 -9.151971E-01
     51239 -3.901669E-01 -5.218288E-01 -1.134795E+00
     51240 -4.196791E-01 -1.995012E-01 -1.393891E+00
     51241 -3.370306E-01 -1.105582E-01 -1.412627E+00
     51242 -4.045417E-01 -2.373696E-01 -9.311273E-01
     51243 -4.451418E-01 -2.432370E-01 -8.905866E-01
     51244 -4.244216E-01 -5.104141E-01 -1.099773E+00
     51245 -4.495871E-01 -1.930578E-01 -1.349795E+00
     51246 -3.764588E-01 -1.080260E-01 -1.371495E+00
     51247 -4.509023E-01 -2.333012E-01 -9.095236E-01
     51248 -5.008534E-01 -2.479024E-01 -9.105186E-01
     51249 -4.684935E-01 -5.029922E-01 -1.074862E+00
     51250 -4.272035E-01 -1.116843E-01 -1.325576E+00
     51251 -4.907846E-01 -1.916667E-01 -1.313015E+00
     51252 -5.132289E-01 -2.307488E-01 -8.944367E-01
     51253 -5.686038E-01 -2.450799E-01 -9.329713E-01
     51254 -4.976362E-01 -4.960566E-01 -1.068952E+00
     51255 -5.777296E-01 -1.183130E-01 -1.337040E+00
     51256 -5.266730E-01 -1.775705E-01 -1.286977E+00
     51257 -5.904635E-01 -2.350603E-01 -9.430837E-01
     51258 -6.499596E-01 -2.415176E-01 -9.703357E-01
     51259 -5.765276E-01 -4.804907E-01 -1.100459E+00
     51260 -6.172641E-01 -1.736459E-01 -1.352448E+00
     51261 -6.440508E-01 -1.094101E-01 -1.365575E+00
     51262 -6.819851E-01 -2.432266E-01 -1.064325E+00
     51263 -7.538233E-01 -2.502870E-01 -1.097469E+00
     51264 -7.046614E-01 -4.782077E-01 -1.190309E+00
     51265 -7.004782E-01 -1.922886E-01 -1.391354E+00
     51266 -6.988748E-01 -1.061192E-01 -1.503280E+00
     51267 -7.941229E-01 -2.586434E-01 -1.240261E+00
     51268 -8.786485E-01 -2.647011E-01 -1.311661E+00
     51269 -8.246206E-01 -4.965528E-01 -1.358778E+00
     51270 -8.327474E-01 -1.129046E-01 -1.712189E+00
     51271 -8.207704E-01 -2.099365E-01 -1.520955E+00
     51272 -9.254988E-01 -2.828375E-01 -1.515467E+00
     51273 -1.024677E+00 -2.893306E-01 -1.637414E+00
     51274 -9.689429E-01 -5.199007E-01 -1.627457E+00
     51275 -9.935134E-01 -1.298163E-01 -2.046812E+00
     51276 -9.548860E-01 -2.317266E-01 -1.767906E+00
     51277 -1.075272E+00 -3.213880E-01 -1.920809E+00
     51278 -1.192943E+00 -3.274912E-01 -2.107304E+00
     51279 -1.139322E+00 -5.629731E-01 -2.032224E+00
     51280 -1.113507E+00 -2.664125E-01 -2.152504E+00
     51281 -1.182206E+00 -1.562835E-01 -2.546489E+00
     51282 -1.245287E+00 -3.773666E-01 -2.496342E+00
     51283 -1.388388E+00 -3.795156E-01 -2.768751E+00
     51284 -1.340478E+00 -6.322435E-01 -2.616159E+00
     51285 -1.406961E+00 -1.946384E-01 -3.265573E+00
     51286 -1.297076E+00 -3.204906E-01 -2.714574E+00
     51287 -1.445409E+00 -4.522395E-01 -3.310791E+00
     51288 -1.630319E+00 -4.412138E-01 -3.714530E+00
     51289 -1.590148E+00 -7.343897E-01 -3.452065E+00
     51290 -1.693054E+00 -2.500825E-01 -4.306277E+00
     51291 -1.511069E+00 -3.954803E-01 -3.515753E+00
     51292 -1.705369E+00 -5.314296E-01 -4.519173E+00
     51293 -1.953218E+00 -4.589587E-01 -5.128032E+00
     51294 -1.935001E+00 -8.767541E-01 -4.690440E+00
     51295 -2.111308E+00 -3.490285E-01 -5.890181E+00
     51296 -1.779009E+00 -5.025953E-01 -4.676273E+00
     51297 -2.119577E+00 -5.069742E-01 -6.394356E+00
     51298 -2.412651E+00 -2.119793E-01 -7.506441E+00
     51299 -2.424224E+00 -1.050396E+00 -6.614979E+00
     51300 -2.141874E+00 -6.644441E-01 -6.443540E+00
     51301 -2.770381E+00 -5.050570E-01 -8.448341E+00
     51302 -2.788531E+00 -5.777487E-01 -9.662747E+00
     51303 -2.605489E+00 -1.102613E+00 -9.293055E+00
     55744 -9.581629E-01  2.664467E+00  1.799078E+00
     55745  2.368939E-01  2.852624E-01  6.953326E-01
     55746  2.330052E-01  1.509216E+00  4.371512E-01
     55747 -3.758572E-01  7.494884E-01  5.180947E-01
     55748  4.883334E-01  2.946518E-01  9.326082E-03
     55749 -9.283142E-01 -9.576110E+00  6.027377E+01
     55750 -2.808113E+00 -1.041639E+01  5.558026E+01
     55751  2.375220E+00 -5.547196E+00  4.589032E+01
     55752 -2.978124E-01  3.009132E+00 -1.102034E+01
     55753 -1.281011E+00  1.930478E+00 -6.765809E+00
     55754 -2.085432E+00 -7.138854E-02 -6.080491E+00
     55755  8.105672E-01  2.794320E+00 -1.035853E+01
     55756 -4.904460E+00 -6.924767E+00  4.084580E+01
     55757 -7.544102E-01 -1.928665E+00 -9.805026E-01
     55758 -1.947277E+00 -2.959767E+00  3.754804E+00
     55759 -9.272214E-01 -1.216527E+00 -8.266521E+00
     55760  3.785433E-01 -4.107036E+00  1.073750E+01
     55761 -1.247970E+00 -4.839421E+00  1.659608E+01
     55762 -6.209618E-01 -3.638977E+00  2.287377E+00
     55763  1.036628E+00 -5.178419E+00  2.583557E+01
     55764 -2.650698E+00 -5.692061E+00  3.239999E+01
     55765 -3.305634E-01 -5.632964E+00  1.648322E+01
     55766 -1.142867E+00 -7.078888E+00  3.533322E+01
     55767 -3.777737E-01 -1.873250E+00 -3.508966E+00
     55768 -1.423811E+00 -1.343760E+00 -8.972124E+00
     55769 -1.398741E+00 -4.217296E+00  8.681321E+00
     55770 -1.963428E+00 -3.881602E+00  1.740835E+00
     55771  8.270714E-01 -5.274798E+00  2.492869E+01
     55772 -3.585100E+00 -5.822266E+00  1.638973E+01
     60680 -2.445014E-01  1.384574E+00  4.013258E-01
     60681  8.518863E-01  2.404645E+00  1.633922E+00
     60682  3.272350E-01  6.543153E-01  4.315729E-01
     60683 -4.702097E-01  2.678448E-01  1.090049E-02
     60684 -2.641255E-01  2.529182E-01  6.261921E-01
     60685  1.226457E+00  1.636445E+00 -5.809411E+00
     60686  3.521194E-01  2.708073E+00 -1.001965E+01
     60687 -6.254783E-01  2.611068E+00 -9.426100E+00
     60688  2.697227E+00 -9.475897E+00  5.038704E+01
     60689  9.892037E-01 -8.722358E+00  5.508863E+01
     60690  4.559158E+00 -6.374010E+00  3.690224E+01
     60691  1.959495E+00 -2.079811E-01 -5.160926E+00
     60692 -2.046404E+00 -4.969026E+00  4.214072E+01
     60693  1.402641E+00 -1.278409E+00 -8.369475E+00
     60694  4.988640E-01 -1.699177E+00 -3.350602E+00
     60695  9.027010E-01 -1.175674E+00 -7.412496E+00
     60696  1.884301E+00 -3.578095E+00  1.326555E+00
     60697  1.388515E+00 -3.838107E+00  7.642416E+00
     60698  6.112802E-01 -3.355657E+00  2.189791E+00
     60699  3.394904E+00 -5.360321E+00  1.463951E+01
     60700 -6.176231E-01 -4.829556E+00  2.242137E+01
     60701  3.558881E-01 -5.154441E+00  1.508580E+01
     60702  1.096848E+00 -6.453661E+00  3.224223E+01
     60703  1.862490E+00 -2.764019E+00  3.866090E+00
     60704  7.321502E-01 -1.832048E+00 -4.242626E-01
     60705  1.216655E+00 -4.454101E+00  1.555452E+01
     60706 -3.108550E-01 -3.779549E+00  1.026382E+01
     60707  2.547627E+00 -5.222449E+00  2.988798E+01
     60708 -8.568457E-01 -4.718361E+00  2.396786E+01
     65199  2.227961E-01  4.828658E-01 -8.817009E-02
     65200 -2.332746E-01  5.461486E-01 -7.530809E-02
     65201  1.473552E-01  1.066533E+00 -3.029139E-01
     65202 -1.660222E-01  1.185609E+00 -3.298234E-01
     65203  3.610681E+00  1.397065E+00 -1.013548E+01
     65204  2.265450E+00  6.163859E-01  1.641918E+00
     65205  3.458710E+00  5.881256E-01 -8.149053E+00
     65206 -8.658825E-03 -3.468190E-01  2.093655E+00
     65207 -3.664792E-02 -3.796589E-01  2.007288E+00
     65208 -1.125240E-02 -3.376963E-01  2.008972E+00
     65209 -5.169260E-02 -3.350592E-01  2.104339E+00
     65210 -2.133975E+00  5.847254E-01  1.472839E+00
     65211 -3.328105E+00  1.315947E+00 -9.096491E+00
     65212 -3.258685E+00  6.220610E-01 -7.261047E+00
     65213  2.405805E+00 -1.274566E-01  4.615354E+00
     65214 -2.287656E+00 -9.818723E-02  4.159329E+00
     65215  2.689945E+00 -1.092044E+00 -4.469470E+00
     65216  3.635030E+00 -1.827566E+00 -3.836342E+00
     65217  2.588952E+00 -1.088836E+00  1.555278E-01
     65218  4.624050E-01 -1.543300E+00  2.924248E+00
     65219  3.882781E+00 -2.427134E+00 -3.003948E-01
     65220  3.118292E+00 -2.659140E+00 -2.022565E+00
     65221  1.242390E+00 -4.125158E-01  4.706540E+00
     65222  3.855688E+00 -2.002282E+00 -2.847060E-01
     65223  3.692450E+00 -2.450185E+00  4.267305E-02
     65224  3.656874E+00 -1.427879E+00  1.350880E-01
     65225  3.589983E+00 -1.730274E+00  1.817723E-01
     65226  3.299908E+00 -1.092097E+00  4.831099E-01
     65227  3.317091E+00 -1.229890E+00  4.522565E-01
     65228  2.973933E+00 -7.587416E-01  9.003487E-01
     65229  2.945586E+00 -8.132515E-01  8.200777E-01
     65230  2.618783E+00 -5.847020E-01  1.184332E+00
     65231  2.585628E+00 -5.683828E-01  1.101976E+00
     65232  2.315000E+00 -4.151285E-01  1.452752E+00
     65233  2.235348E+00 -3.634664E-01  1.381686E+00
     65234  2.036575E+00 -2.916204E-01  1.673595E+00
     65235  1.941399E+00 -2.227764E-01  1.592905E+00
     65236  1.786427E+00 -2.720310E-01  1.789902E+00
     65237  1.688386E+00 -1.854502E-01  1.739326E+00
     65238  1.605912E+00 -2.032068E-01  1.946901E+00
     65239  1.454522E+00 -1.056914E-01  1.904471E+00
     65240  1.416134E+00 -2.210089E-01  1.981186E+00
     65241  1.288193E+00 -1.295085E-01  1.958926E+00
     65242  1.298838E+00 -1.847190E-01  2.079012E+00
     65243  1.125631E+00 -9.057545E-02  2.058723E+00
     65244  1.161051E+00 -2.257783E-01  2.066550E+00
     65245  1.021414E+00 -1.437371E-01  2.061544E+00
     65246  1.088232E+00 -2.022606E-01  2.133295E+00
     65247  9.062569E-01 -1.194183E-01  2.127794E+00
     65248  9.841934E-01 -2.511032E-01  2.097470E+00
     65249  8.424529E-01 -1.831718E-01  2.102937E+00
     65250  9.378506E-01 -2.245317E-01  2.153496E+00
     65251  7.543309E-01 -1.573706E-01  2.155579E+00
     65252  8.497625E-01 -2.703110E-01  2.110870E+00
     65253  7.086817E-01 -2.165347E-01  2.120572E+00
     65254  8.139316E-01 -2.374367E-01  2.169573E+00
     65255  6.280007E-01 -1.826013E-01  2.171967E+00
     65256  7.462819E-01 -2.506469E-01  2.181280E+00
     65257  5.858405E-01 -2.275558E-01  2.158787E+00
     65258  6.318045E-01 -2.318552E-01  2.181689E+00
     65259  5.241486E-01 -2.190056E-01  2.203556E+00
     65260  5.741243E-01 -2.332570E-01  2.201968E+00
     65261  4.181801E-01 -1.918851E-01  2.217606E+00
     65262  5.060670E-01 -2.583966E-01  2.163210E+00
     65263  3.515098E-01 -2.341223E-01  2.160291E+00
     65264  4.177583E-01 -2.563403E-01  2.156723E+00
     65265  2.579637E-01 -2.158065E-01  2.176013E+00
     65266  3.432480E-01 -2.420616E-01  2.159517E+00
     65267  1.890999E-01 -2.243169E-01  2.156588E+00
     65268  2.634538E-01 -3.010055E-01  2.120891E+00
     65269  1.383191E-01 -2.868768E-01  2.117986E+00
     65270  1.697990E-01 -2.997981E-01  2.095094E+00
     65271  8.129016E-02 -2.789536E-01  2.124921E+00
     65272  1.198904E-01 -2.882185E-01  2.078793E+00
     65273 -8.073452E-03 -2.620080E-01  2.114598E+00
     65274  8.698159E-02 -2.924586E-01  2.056931E+00
     65275 -3.991565E-02 -2.937684E-01  2.064149E+00
     65276 -1.362742E-02 -2.913127E-01  2.059576E+00
     65277 -1.511527E-01 -3.006166E-01  2.044826E+00
     65278 -6.686905E-02 -2.853970E-01  2.088980E+00
     65279 -1.834591E-01 -2.973662E-01  2.075030E+00
     65280 -1.129554E-01 -2.639025E-01  2.129197E+00
     65281 -2.364806E-01 -2.845503E-01  2.111897E+00
     65282 -1.786789E-01 -2.572148E-01  2.179096E+00
     65283 -2.987140E-01 -2.771813E-01  2.152574E+00
     65284 -2.754671E-01 -2.361873E-01  2.226512E+00
     65285 -3.586686E-01 -2.565739E-01  2.213845E+00
     65286 -3.471636E-01 -2.145851E-01  2.211400E+00
     65287 -4.706252E-01 -2.435470E-01  2.223472E+00
     65288 -4.247740E-01 -1.930221E-01  2.203459E+00
     65289 -5.501305E-01 -2.328064E-01  2.202020E+00
     65290 -5.059044E-01 -1.777527E-01  2.206322E+00
     65291 -6.362873E-01 -2.126535E-01  2.206276E+00
     65292 -5.907516E-01 -1.695847E-01  2.207720E+00
     65293 -7.152675E-01 -2.138531E-01  2.210881E+00
     65294 -6.770659E-01 -1.651793E-01  2.194531E+00
     65295 -8.019859E-01 -2.114618E-01  2.204920E+00
     65296 -7.573857E-01 -1.609859E-01  2.172244E+00
     65297 -8.848775E-01 -2.129352E-01  2.187266E+00
     65298 -8.337679E-01 -1.568373E-01  2.142657E+00
     65299 -9.633243E-01 -2.123313E-01  2.161766E+00
     65300 -9.075379E-01 -1.513129E-01  2.109121E+00
     65301 -1.037158E+00 -2.109480E-01  2.131542E+00
     65302 -9.813824E-01 -1.427110E-01  2.073043E+00
     65303 -1.108871E+00 -2.075472E-01  2.098645E+00
     65304 -1.057839E+00 -1.347832E-01  2.031157E+00
     65305 -1.185288E+00 -2.039835E-01  2.060867E+00
     65306 -1.144480E+00 -1.234616E-01  1.987358E+00
     65307 -1.266385E+00 -1.990072E-01  2.020354E+00
     65308 -1.248279E+00 -1.170201E-01  1.933101E+00
     65309 -1.364653E+00 -1.955702E-01  1.972447E+00
     65310 -1.374405E+00 -1.156227E-01  1.865442E+00
     65311 -1.483059E+00 -1.986905E-01  1.911830E+00
     65312 -1.532830E+00 -1.224031E-01  1.774555E+00
     65313 -1.630269E+00 -2.071825E-01  1.835460E+00
     65314 -1.728682E+00 -1.626562E-01  1.647823E+00
     65315 -1.807796E+00 -2.381992E-01  1.717874E+00
     65316 -1.959698E+00 -2.331820E-01  1.487159E+00
     65317 -2.020700E+00 -2.954861E-01  1.564048E+00
     65318 -2.229349E+00 -3.363195E-01  1.290976E+00
     65319 -2.270408E+00 -3.814774E-01  1.380129E+00
     65320 -2.538470E+00 -5.023310E-01  1.048519E+00
     65321 -2.551156E+00 -5.122365E-01  1.143059E+00
     65322 -2.872807E+00 -7.429695E-01  7.628252E-01
     65323 -2.858573E+00 -6.973161E-01  8.544203E-01
     65324 -3.200666E+00 -1.084037E+00  4.498139E-01
     65325 -3.176243E+00 -9.531215E-01  5.155312E-01
     65326 -3.453867E+00 -1.559265E+00  1.683268E-01
     65327 -3.470750E+00 -1.299386E+00  1.453986E-01
     65328 -3.542700E+00 -2.174394E+00  7.167604E-02
     65329 -3.678150E+00 -1.749534E+00 -1.814655E-01
     65330 -2.965212E+00 -2.400073E+00 -1.826303E+00
     65331 -3.677340E+00 -2.203243E+00 -2.703422E-01
     65332 -3.352319E+00 -1.630736E+00 -3.547174E+00
     65333 -2.496359E+00 -9.986708E-01 -4.023756E+00
     65334 -1.236649E+00 -3.776084E-01  4.272364E+00
     65335 -2.435372E+00 -9.352793E-01  1.282887E-01
     65336 -5.221694E-01 -1.348494E+00  2.640044E+00
     66201  2.437793E-01  3.009428E-01  2.592164E-01
     66202 -4.519437E-01  9.586219E-01  6.390954E-01
     66203  4.047057E-01  1.775390E+00 -1.626745E+00
     66204  7.288347E-02  7.093627E-01 -4.439945E-01
     66205  5.298023E-01  4.012620E-01  2.001182E-01
     66206  1.363698E+00  2.224848E+00 -1.185020E+01
     66207  1.237656E+00  2.231940E+00 -2.394873E+01
     66208  1.543323E+00  2.162639E+00 -1.959504E+00
     66209  1.185611E+00  2.231995E+00 -8.383309E+00
     66210  4.421109E-01  1.608711E+00 -8.498161E+00
     66211 -4.372184E-01  3.247464E+00 -2.900193E+01
     66212 -1.078241E+00  3.508992E+00  1.128402E+01
     66213 -4.936716E-02  3.411313E+00  4.208761E+00
     66214  5.602867E-02  2.602576E+00 -1.044492E-01
     66215 -1.758851E+00  2.670258E+00 -1.469868E+01
     66216  8.550621E-01  8.385902E+00  6.327644E+01
     66217 -2.331695E+00  7.269742E+00  5.466135E+01
     66218 -3.232568E+00  5.440952E+00  3.441634E+01
     66219  3.366608E+00  5.688989E+00  4.316582E+01
     66220 -2.502639E+00  4.207259E+00  2.578338E+01
     66221 -2.109584E+00  4.073787E+00  1.821971E+01
     66222 -1.478647E-01  3.240941E+00  2.738517E+01
     66223 -9.877387E-01  3.258458E+00  1.418040E+01
     66224  1.969303E+00  3.528976E+00  2.195685E+01
     66225 -8.948915E-01  4.833502E+00  2.850116E+01
     66226  3.991602E-01  2.929940E+00  1.102394E+00
     66227 -1.347870E+00  3.714586E+00  1.003711E+01
     66228 -3.800878E-01  3.411186E+00 -5.744828E+00
     66701 -2.404051E-01  2.757260E-01  2.415847E-01
     66702  3.896034E-01  8.611255E-01  5.649007E-01
     66703 -4.033500E-01  1.607698E+00 -1.471707E+00
     66704 -1.022625E-01  6.456633E-01 -4.092175E-01
     66705 -4.891006E-01  3.411661E-01  2.025387E-01
     66706 -1.126819E+00  1.988226E+00 -2.139291E+01
     66707 -1.234358E+00  1.997907E+00 -1.058096E+01
     66708 -1.090607E+00  2.014935E+00 -7.463315E+00
     66709 -1.425536E+00  1.964269E+00 -1.709219E+00
     66710 -4.248203E-01  1.439783E+00 -7.509997E+00
     66711  3.780118E-01  2.875286E+00 -2.577726E+01
     66712  4.074428E-02  3.112125E+00  3.739787E+00
     66713  1.004283E+00  3.181482E+00  1.007108E+01
     66714 -5.508658E-02  2.337961E+00 -2.912564E-02
     66715  1.556532E+00  2.362251E+00 -1.294123E+01
     66716  2.085532E+00  6.554718E+00  4.901247E+01
     66717 -7.230369E-01  7.542127E+00  5.710591E+01
     66718 -2.994295E+00  5.119763E+00  3.908205E+01
     66719  2.970110E+00  4.894949E+00  3.080085E+01
     66720  8.741839E-01  4.325976E+00  2.587788E+01
     66721 -1.745900E+00  3.153292E+00  2.005274E+01
     66722  8.355003E-02  2.883920E+00  2.465011E+01
     66723  1.284126E+00  3.317874E+00  9.277031E+00
     66724 -3.649841E-01  2.643392E+00  1.324375E+00
     66725  8.972594E-01  2.934601E+00  1.281952E+01
     66726  3.798219E-01  3.037094E+00 -4.993231E+00
     66727  1.949301E+00  3.677157E+00  1.624984E+01
     66728  2.253551E+00  3.791733E+00  2.302543E+01

 total force (fx,fy,fz) for set FEET and time  0.4000000E+01

       -8.684156E-10  3.000000E+02  1.200000E+03

                        S T E P       5


                                INCREMENT     1


 displacements (vx,vy,vz) for set TOP and time  0.5000000E+01

     34613 -1.771532E-02  8.998225E-01 -7.729066E-01
     35398  5.821408E-05  9.756116E-01 -8.310003E-01
     36840 -3.247437E-02  7.072967E-01 -6.362500E-01
     43270  1.452548E-02  9.557608E-01 -8.136024E-01
     45923  3.121136E-02  6.913725E-01 -6.157283E-01

 forces (fx,fy,fz) for set FEET and time  0.5000000E+01

       151 -2.620715E-01  2.323917E-01  2.020153E-01
       155 -1.535789E-01 -2.436720E-01  1.902135E+00
       156  6.976910E-03  1.488149E-01  2.552978E-01
       160 -3.459033E-03 -7.681232E-02  2.124972E-02
       161  2.360789E-01  2.150466E-01  1.691750E-01
       165  1.197671E-01 -1.906632E-01  1.671598E+00
       194  1.921831E+01  1.298573E+01  2.706011E+01
       195  1.939888E-01 -4.927693E-01  9.403654E-01
       196  5.635686E-01  1.139876E+00 -2.636796E-01
       197 -1.730456E+01  8.665569E+00  2.042691E+01
       221 -5.543907E-01  1.120556E+00 -2.957876E-01
       222  1.575650E+01  7.716681E+00  1.834189E+01
       225 -2.163848E-01 -5.297292E-01  9.178995E-01
       226 -1.772958E+01  1.213745E+01  2.519103E+01
       234  2.844554E-01 -1.355865E+00 -3.093416E+00
       236 -2.555871E-01 -1.219611E+00 -2.778743E+00
       242  5.127837E-01  2.759020E-02  1.259761E+00
       245  2.526550E+00 -1.642264E+00 -3.220623E+00
       246 -4.713220E+00 -3.913085E+00 -7.339927E+00
       253 -4.504546E-01  1.778128E-02  1.133195E+00
       254  4.174930E+00 -3.465614E+00 -6.530857E+00
       255 -2.206278E+00 -1.417156E+00 -2.802700E+00
      3486 -8.600392E-01 -1.300233E+00 -1.249181E+00
      3512  5.995623E-03  1.488068E-01  1.867741E-03
      3525 -3.510904E-01  1.009421E-01 -3.536364E-02
      3526 -2.296909E-02  4.461231E-01 -5.740783E-01
      3527  4.588790E-01  5.056482E-01 -1.246070E+00
      3528  3.778631E-01  4.799097E-01 -8.880165E-01
      3529  5.129693E-01  2.635374E-01 -3.082421E-01
      3530  3.067086E-01  1.990910E-01  4.960224E-02
      3531  3.581211E-01  5.876100E-02  4.253453E-01
      3532  1.592380E-01 -6.721641E-02  6.655755E-01
      3533  1.745116E-01 -2.002436E-02  6.357508E-01
      3534  1.607424E-01 -4.157905E-02  7.751999E-01
      3535  2.255144E-02 -3.927276E-02  7.592778E-01
      3536  9.694289E-02 -3.612009E-02  7.268069E-01
      3537 -1.555381E-02 -2.372740E-02  6.721672E-01
      3538  7.090127E-02 -1.108496E-02  6.110888E-01
      3539 -2.392286E-02  2.031254E-03  5.538220E-01
      3540  6.981554E-02  1.242165E-02  5.019064E-01
      3541 -1.653416E-02  2.241844E-02  4.615428E-01
      3542  7.849380E-02  2.459177E-02  4.351960E-01
      3543 -6.320008E-03  3.041609E-02  4.159044E-01
      3544  8.075002E-02  2.673132E-02  4.160837E-01
      3545  7.404422E-02 -1.217217E-02  4.425526E-01
      3546  2.155695E-02  4.503111E-02  3.579597E-01
      3547  5.991877E-02  2.578807E-02  4.199331E-01
      3548  2.240710E-02 -3.074662E-02  4.286906E-01
      3549  7.486540E-03  3.480938E-02  3.434241E-01
      3550  4.430361E-02  3.227648E-02  3.894827E-01
      3551 -2.061683E-02 -1.174663E-02  4.338168E-01
      3552 -3.755123E-02  7.096101E-02  2.879126E-01
      3553 -1.380792E-02  7.105096E-02  2.750161E-01
      3554  7.290912E-02  3.240001E-02  3.363688E-01
      3555 -4.219251E-01 -2.385925E+00 -4.340032E+00
      3556  3.767658E-01 -8.213894E-01 -5.332843E+00
      3557  2.391635E+00 -8.691662E-01 -8.328077E+00
      3558  3.213200E+00 -7.246856E-01 -7.067876E+00
      3559  3.374413E+00 -5.774343E-01 -5.530587E+00
      3560  3.255734E+00 -4.636115E-01 -3.779426E+00
      3561  2.886741E+00 -3.473249E-01 -2.547978E+00
      3562  2.476524E+00 -1.481567E-01 -1.298228E+00
      3563  2.026226E+00 -1.083044E-01 -6.317990E-01
      3564  1.637434E+00 -9.845938E-03 -1.572900E-01
      3565  1.320529E+00  1.325367E-01  3.125143E-01
      3566  1.042654E+00  8.852662E-02  2.568544E-01
      3567  8.552875E-01  1.856699E-01  4.326921E-01
      3568  7.047377E-01  1.192657E-01  1.954530E-01
      3569  6.216085E-01  1.837712E-01  2.447237E-01
      3570  5.583324E-01  1.147012E-01 -2.906583E-02
      3571  5.385874E-01  1.619311E-01  1.256412E-02
      3572  5.171191E-01  1.006050E-01 -2.156380E-01
      3573  5.150951E-01  1.429368E-01 -1.228198E-01
      3574  4.914593E-01  8.913288E-02 -2.835468E-01
      3575  4.436900E-01  1.024178E-01 -2.011591E-01
      3576  4.031645E-01  6.927808E-02 -1.793229E-01
      3577  3.602186E-01  7.926603E-02 -2.764427E-01
      3578  2.688392E-01  8.793206E-02 -1.954226E-01
      3579  1.980065E-01  6.595108E-02 -2.989761E-01
      3580  1.278024E-01  5.940626E-02 -3.892299E-01
      3581  6.566924E-02  1.044997E-01 -3.509604E-01
      3582  1.215924E-02  2.628980E-02 -4.691429E-01
      3583  9.715999E-03  4.673109E-02 -6.739969E-01
      3584 -9.776839E-03  2.862102E-02 -7.510146E-01
      3585 -3.569794E-02  3.194770E-02 -6.715339E-01
      3769 -3.889714E-01  7.354350E-01  3.182020E-01
      3770 -1.404259E-01  1.881886E+00 -8.524909E-01
      3771 -1.272304E-01  1.769427E+00 -1.025094E+00
      3772  5.812249E-02  1.237790E+00 -8.317878E-01
      3773 -9.578707E-02  7.644102E-01 -4.859505E-01
      3774  9.393989E-03  2.495653E-01 -2.893227E-01
      3775 -4.188758E-02 -6.368759E-02 -8.265946E-02
      3776  1.447313E-02 -2.396899E-01  1.534220E-01
      3777 -4.008055E-02 -6.087941E-01 -2.609688E-02
      3778  9.532590E-03 -5.355144E-01  1.180595E-01
      3779 -5.332655E-02 -5.828551E-01  1.437878E-01
      3780  1.436175E-02 -5.437117E-01  1.125556E-01
      3781 -4.922793E-02 -5.184245E-01  1.093153E-01
      3782  1.266407E-02 -4.484715E-01  6.294187E-02
      3783 -4.121278E-02 -4.092892E-01  5.339833E-02
      3784  9.043447E-03 -3.438125E-01  1.323714E-02
      3785 -3.397040E-02 -3.192236E-01  8.290922E-03
      3786  6.374093E-03 -2.767528E-01 -1.508005E-02
      3787 -2.916894E-02 -2.755046E-01 -1.221865E-02
      3788  6.132930E-03 -2.555160E-01 -1.610839E-02
      3789  3.591735E-02 -2.710970E-01 -1.779349E-02
      3790 -7.100650E-03 -3.665281E-01 -1.141741E-01
      3791  1.014651E-02 -2.565609E-01 -1.324088E-02
      3792  5.367209E-02 -2.847448E-01  3.956894E-03
      3793 -1.502293E-02 -3.361059E-01 -9.011138E-02
      3794  9.390924E-03 -2.177538E-01 -3.162598E-02
      3795  3.953311E-03 -1.260270E-01  4.043539E-02
      3796 -6.284881E-03 -2.649194E-01 -1.484390E-01
      3797  2.613043E-03 -2.323232E-01 -1.462787E-01
      3798  9.157880E-03 -1.213510E-01 -8.473359E-02
      3799 -8.307608E-01 -2.484654E-01  5.272130E-01
      3800 -1.807177E-01  2.196420E+00 -2.979769E+00
      3801  4.719119E-01  3.172724E+00 -4.034508E+00
      3802  7.903199E-01  1.838574E+00 -3.201272E+00
      3803  8.878353E-01  1.901113E+00 -2.496839E+00
      3804  7.982094E-01  7.127638E-01 -1.245422E+00
      3805  7.139043E-01  4.578116E-01 -6.161652E-01
      3806  5.730928E-01 -7.722406E-02  1.272774E-01
      3807  4.270428E-01 -3.283855E-01  5.125447E-01
      3808  3.498042E-01 -5.212051E-01  6.247422E-01
      3809  2.742985E-01 -4.679411E-01  8.110180E-01
      3810  2.092210E-01 -5.996059E-01  7.428472E-01
      3811  1.655898E-01 -4.389098E-01  7.584093E-01
      3812  1.319308E-01 -4.885094E-01  5.973523E-01
      3813  1.171779E-01 -3.307702E-01  5.724812E-01
      3814  1.046676E-01 -3.322508E-01  3.947442E-01
      3815  1.054252E-01 -2.272024E-01  3.954840E-01
      3816  1.039014E-01 -2.182434E-01  2.475131E-01
      3817  1.069159E-01 -1.701833E-01  2.981481E-01
      3818  1.058069E-01 -1.755614E-01  1.937821E-01
      3819  9.735356E-02 -1.655146E-01  2.677744E-01
      3820  7.156225E-02 -1.785386E-01  2.760584E-01
      3821  6.957936E-02 -1.756685E-01  1.972365E-01
      3822  5.769336E-02 -1.696221E-01  2.727876E-01
      3823  1.032345E-02 -1.791726E-01  2.538918E-01
      3824  1.423103E-02 -1.463406E-01  1.386266E-01
      3825  1.214377E-02 -1.026579E-01  1.975889E-01
      3826 -2.729286E-02 -5.483129E-02  9.694956E-02
      3827 -2.520121E-02 -6.373735E-03 -3.585195E-02
      3828 -1.793328E-02  1.335414E-02 -8.738153E-02
      3829 -2.502557E-03  2.071462E-02  7.907611E-03
      3843  7.149384E-01 -1.153022E+00 -1.205345E+00
      3856 -2.032324E-02  7.825874E-02  2.571264E-01
      3857  1.691746E-02  7.314240E-02  2.533029E-01
      3858  1.507103E-02  6.735512E-02  2.768425E-01
      3859  1.675229E-02  5.892442E-02  2.931495E-01
      3860  1.046207E-02  5.686482E-02  3.224585E-01
      3861 -5.420486E-03  4.775076E-02  3.327818E-01
      3862 -9.166318E-03  4.133976E-02  3.425149E-01
      3863 -2.099589E-02  3.358450E-02  3.384408E-01
      3864 -2.789749E-02  3.190430E-02  3.496125E-01
      3865 -3.346391E-02  3.065896E-02  3.529891E-01
      3866 -3.964060E-02  2.978112E-02  3.582048E-01
      3867 -4.365747E-02  3.042141E-02  3.644797E-01
      3868 -4.608154E-02  2.982526E-02  3.742675E-01
      3869 -4.665127E-02  2.845720E-02  3.897867E-01
      3870 -4.592363E-02  2.542461E-02  4.113934E-01
      3871 -4.460437E-02  2.116020E-02  4.423642E-01
      3872 -4.438881E-02  1.421016E-02  4.796947E-01
      3873 -4.854896E-02  6.782450E-03  5.233419E-01
      3874 -6.025133E-02 -1.424347E-03  5.642065E-01
      3875 -7.677593E-02 -8.449039E-03  5.897955E-01
      3876 -1.118445E-01 -7.726708E-03  5.992664E-01
      3877 -1.640978E-01  4.440677E-03  5.697571E-01
      3878 -2.219454E-01  3.158270E-02  4.718152E-01
      3879 -2.975308E-01  7.967095E-02  2.962774E-01
      3880 -3.788313E-01  1.550136E-01  2.396740E-02
      3881 -4.480698E-01  2.580203E-01 -3.454869E-01
      3882 -4.741149E-01  3.737735E-01 -7.759503E-01
      3883 -3.903462E-01  4.633826E-01 -1.140591E+00
      3884 -2.962040E-04  3.939437E-01 -5.234295E-01
      3885  2.370054E-01  3.297439E-01 -1.472715E-01
      3886  5.653761E-02  3.125636E-03 -7.072678E-01
      3887  4.357171E-02  6.030672E-02 -7.561246E-01
      3888  4.649183E-02  5.059459E-02 -6.639567E-01
      3889  2.401961E-02  5.889689E-02 -5.751817E-01
      3890 -1.267447E-02  6.479316E-02 -4.663135E-01
      3891 -7.564684E-02  7.172784E-02 -3.701595E-01
      3892 -1.410557E-01  8.951599E-02 -2.878281E-01
      3893 -2.296704E-01  8.448918E-02 -2.040424E-01
      3894 -3.053066E-01  9.223328E-02 -1.653660E-01
      3895 -3.865025E-01  9.751461E-02 -1.365078E-01
      3896 -4.605190E-01  9.976158E-02 -1.197294E-01
      3897 -5.257079E-01  1.048751E-01 -1.108232E-01
      3898 -5.836247E-01  1.080748E-01 -1.043773E-01
      3899 -6.327987E-01  1.103829E-01 -9.427294E-02
      3900 -6.770561E-01  1.121021E-01 -7.628171E-02
      3901 -7.194516E-01  1.143325E-01 -4.543956E-02
      3902 -7.721174E-01  1.140455E-01 -5.109290E-03
      3903 -8.435071E-01  1.103413E-01  3.758168E-02
      3904 -9.517774E-01  1.012334E-01  6.220381E-02
      3905 -1.106703E+00  8.500328E-02  2.865626E-02
      3906 -1.320318E+00  4.557777E-02 -6.987263E-02
      3907 -1.603534E+00 -1.395243E-02 -3.030494E-01
      3908 -1.950900E+00 -8.826400E-02 -7.523224E-01
      3909 -2.336674E+00 -1.905885E-01 -1.428856E+00
      3910 -2.721205E+00 -3.109774E-01 -2.377802E+00
      3911 -3.035772E+00 -4.345486E-01 -3.599003E+00
      3912 -3.178662E+00 -5.396322E-01 -5.027900E+00
      3913 -2.996032E+00 -6.219794E-01 -6.485570E+00
      3914 -2.312505E+00 -8.143987E-01 -7.563383E+00
      3915 -4.345928E-01 -7.994431E-01 -4.863649E+00
      3916  3.186371E-01 -2.152279E+00 -3.945166E+00
      4100  1.784647E-02 -1.981392E-01 -1.831563E-01
      4101  3.771974E-04 -2.165053E-01 -1.845630E-01
      4102  4.209208E-04 -2.357783E-01 -1.628469E-01
      4103  1.287613E-03 -2.679813E-01 -1.393577E-01
      4104  6.186416E-03 -2.975977E-01 -1.227809E-01
      4105  2.006550E-03 -3.124105E-01 -1.006794E-01
      4106  7.429797E-03 -3.306151E-01 -9.591172E-02
      4107  1.481802E-02 -3.285423E-01 -8.264881E-02
      4108  1.292451E-02 -3.414229E-01 -7.015077E-02
      4109  1.525274E-02 -3.481199E-01 -6.993656E-02
      4110  1.432427E-02 -3.530920E-01 -6.713803E-02
      4111  1.665358E-02 -3.636233E-01 -7.278076E-02
      4112  1.819216E-02 -3.747810E-01 -7.214691E-02
      4113  1.986156E-02 -3.915493E-01 -6.946027E-02
      4114  2.070317E-02 -4.151538E-01 -6.349422E-02
      4115  2.203821E-02 -4.486582E-01 -5.569639E-02
      4116  2.365766E-02 -4.877789E-01 -4.247842E-02
      4117  2.426276E-02 -5.317285E-01 -2.907351E-02
      4118  3.005306E-02 -5.732197E-01 -1.306979E-02
      4119  2.825698E-02 -5.889976E-01 -9.159282E-03
      4120  2.920427E-02 -5.712367E-01 -2.036570E-02
      4121  4.296793E-02 -5.088414E-01 -4.182118E-02
      4122  4.722555E-02 -3.724988E-01 -9.384763E-02
      4123  5.667023E-02 -1.305277E-01 -1.835823E-01
      4124  6.688237E-02  2.247669E-01 -3.232056E-01
      4125  7.740391E-02  6.910574E-01 -5.132791E-01
      4126  8.766583E-02  1.222094E+00 -7.317854E-01
      4127  1.129515E-01  1.686602E+00 -9.088752E-01
      4128  1.381915E-01  1.852155E+00 -8.077842E-01
      4129  3.012326E-01  1.021760E+00  3.033862E-01
      4130 -4.139052E-05  2.272262E-02 -3.956959E-02
      4131  5.118744E-03  9.433617E-02 -1.555133E-01
      4132  2.159068E-02  3.905388E-04 -1.133962E-01
      4133  3.674901E-02 -2.789699E-02 -4.757261E-02
      4134  2.772389E-02 -8.050350E-02  2.506817E-02
      4135  2.382294E-03 -1.628350E-01  6.334775E-02
      4136 -2.119543E-02 -1.573257E-01  1.307925E-01
      4137 -5.236121E-02 -2.004372E-01  1.599150E-01
      4138 -4.956200E-02 -2.138066E-01  1.999625E-01
      4139 -6.680511E-02 -2.261914E-01  2.138508E-01
      4140 -8.465007E-02 -2.351232E-01  2.264986E-01
      4141 -9.753448E-02 -2.408240E-01  2.250420E-01
      4142 -1.080753E-01 -2.476522E-01  2.322387E-01
      4143 -1.163537E-01 -2.610744E-01  2.478790E-01
      4144 -1.235376E-01 -2.833070E-01  2.753568E-01
      4145 -1.291710E-01 -3.156119E-01  3.145670E-01
      4146 -1.370390E-01 -3.592534E-01  3.683603E-01
      4147 -1.499776E-01 -4.111006E-01  4.331970E-01
      4148 -1.714593E-01 -4.608833E-01  4.932025E-01
      4149 -2.190463E-01 -4.965838E-01  5.501960E-01
      4150 -2.889253E-01 -4.963766E-01  5.420510E-01
      4151 -3.484174E-01 -4.346825E-01  4.437478E-01
      4152 -4.241201E-01 -2.754495E-01  2.601557E-01
      4153 -5.322979E-01  3.937557E-03 -8.772957E-02
      4154 -6.478630E-01  4.357745E-01 -6.279722E-01
      4155 -7.504308E-01  1.035827E+00 -1.377828E+00
      4156 -8.056164E-01  1.768198E+00 -2.297076E+00
      4157 -7.476604E-01  2.512412E+00 -3.224148E+00
      4158 -4.774661E-01  2.961061E+00 -3.691419E+00
      4159  1.454690E-01  2.477142E+00 -2.805098E+00
      4160  6.929165E-01 -1.432732E-01  3.642768E-01
      4882  2.866400E+00 -1.102981E+00  3.007150E+00
      4883  5.754115E+00 -1.077174E-01  4.950788E+00
      4884  1.001170E+01  1.730296E-01  7.146312E+00
      4885  1.947280E+01 -9.195953E-02  8.489220E+00
      4886  2.634417E-01 -1.410517E+00  4.708133E-01
      4887  5.199334E+00 -4.222771E+00  1.244970E+01
      4888  1.078046E+01 -5.630619E+00  2.624165E+01
      4889  2.159771E+01 -6.298292E+00  4.357211E+01
      4890  3.336880E+01 -5.812115E+00  6.823557E+01
      5039 -1.234910E+00  5.960902E-01 -1.755879E+00
      5040 -4.830963E+00  2.695270E+01  1.121690E+02
      5041  3.979844E+00 -1.673530E+00 -2.248093E+00
      5042  1.443897E+00 -7.449635E-01 -9.876695E-01
      5043 -1.868527E+00 -5.993623E-01  6.940485E-01
      5044 -1.104334E+01 -5.146703E-01  3.542931E+00
      5045  3.865022E+00  1.332000E+00 -9.951311E+00
      5046  2.690352E+00 -3.263705E+00 -5.747117E+00
      5047 -3.099326E+00 -5.279765E+00  6.506196E+00
      5048 -1.312097E+01 -6.803484E+00  2.499826E+01
      5049 -2.539642E+01 -8.080934E+00  5.427516E+01
      5789 -4.026146E+00 -1.520574E+00 -2.255321E+00
      5790 -1.765016E+00 -6.860787E-01 -1.176163E+00
      5791  1.256449E+00 -5.467054E-01  3.807356E-01
      5792  9.740755E+00 -5.106833E-01  2.937571E+00
      5793 -3.727196E+00  1.355538E+00 -9.584378E+00
      5794 -2.866577E+00 -2.938976E+00 -6.128749E+00
      5795  2.438120E+00 -4.824824E+00  4.988412E+00
      5796  1.150062E+01 -6.260230E+00  2.190635E+01
      5797  2.296326E+01 -7.506585E+00  4.901385E+01
      5955  1.256523E+00  5.436214E-01 -1.600716E+00
      5956  4.895858E+00  2.471062E+01  1.028286E+02
      5957 -2.890484E+00 -1.001293E+00  3.028772E+00
      5958 -5.586093E+00 -8.808510E-02  4.877954E+00
      5959 -9.553090E+00  1.708621E-01  6.917528E+00
      5960 -1.833245E+01 -6.238974E-02  8.014455E+00
      5961 -4.316361E-01 -1.433355E+00  9.126560E-01
      5962 -5.123449E+00 -3.932839E+00  1.229385E+01
      5963 -1.027612E+01 -5.192212E+00  2.506160E+01
      5964 -2.031575E+01 -5.767933E+00  4.096724E+01
      5965 -3.093115E+01 -5.237443E+00  6.330839E+01
      6592  7.788685E-01 -5.182569E+00 -6.752818E+00
      6597 -7.845915E-01 -4.633628E+00 -6.084687E+00
      6599  4.789612E-01 -1.124360E+00 -2.891649E+00
      6600  4.985042E-01  7.535983E-02  1.358231E-01
      6601  4.984357E-02  8.738741E-02  3.397005E-01
      6602 -7.220966E-02 -1.525751E-01 -8.090733E-02
      6603 -6.321414E-02 -4.489871E-01 -6.162700E-01
      6604  1.226638E-03 -6.416611E-01 -1.006825E+00
      6605  4.211251E-02 -7.791483E-01 -1.261382E+00
      6606  7.248476E-02 -8.192972E-01 -1.370392E+00
      6607  8.903849E-02 -8.172912E-01 -1.377756E+00
      6608  8.614981E-02 -8.067410E-01 -1.349984E+00
      6609  8.692805E-02 -7.401464E-01 -1.256936E+00
      6610  7.604660E-02 -7.031769E-01 -1.176086E+00
      6611  7.069139E-02 -6.277036E-01 -1.062257E+00
      6612  5.782663E-02 -5.948120E-01 -9.846174E-01
      6613  5.247633E-02 -5.317780E-01 -8.900810E-01
      6614  4.118450E-02 -5.155483E-01 -8.404907E-01
      6615  3.771650E-02 -4.710569E-01 -7.792272E-01
      6616  2.886498E-02 -4.729418E-01 -7.623893E-01
      6617  2.679840E-02 -4.450212E-01 -7.324810E-01
      6618  2.305102E-02 -4.583506E-01 -7.358835E-01
      6619  1.475245E-02 -4.677344E-01 -7.347087E-01
      6620  1.367107E-02 -4.440397E-01 -7.357869E-01
      6621  1.181087E-02 -4.582379E-01 -7.481740E-01
      6622  9.225389E-03 -4.422152E-01 -7.428546E-01
      6623  8.718870E-03 -4.346971E-01 -7.278663E-01
      6624  1.008786E-02 -4.476120E-01 -7.193712E-01
      6625 -2.649338E-03 -4.497025E-01 -6.951718E-01
      6626  2.672710E-03 -4.052352E-01 -6.755794E-01
      6627  2.553141E-03 -3.963604E-01 -6.588606E-01
      6628  2.819406E-02 -3.671943E-01 -7.332293E-01
      6629 -1.407696E-02 -3.578896E-01 -7.232831E-01
      6630  6.909871E-04 -3.781081E-01 -6.390712E-01
      6631  6.608740E-04 -3.933178E-01 -6.542036E-01
      6632  8.463109E-04 -3.957397E-01 -6.654510E-01
      6633 -2.849098E-03 -4.040161E-01 -6.788575E-01
      6634 -2.451085E-03 -4.173742E-01 -6.950635E-01
      6635 -4.031986E-03 -4.062967E-01 -6.877134E-01
      6636 -1.147878E-02 -4.088106E-01 -6.793602E-01
      6637 -1.357816E-02 -4.067268E-01 -6.796248E-01
      6638 -1.749517E-02 -4.094769E-01 -6.819214E-01
      6639 -2.213488E-02 -4.133575E-01 -6.846938E-01
      6640 -2.709955E-02 -4.184597E-01 -6.922469E-01
      6641 -3.243154E-02 -4.269889E-01 -7.057295E-01
      6642 -3.821975E-02 -4.404853E-01 -7.286110E-01
      6643 -4.454996E-02 -4.603885E-01 -7.632150E-01
      6644 -5.187326E-02 -4.868095E-01 -8.104097E-01
      6645 -6.017162E-02 -5.221311E-01 -8.743181E-01
      6646 -6.832538E-02 -5.655026E-01 -9.516808E-01
      6647 -7.638445E-02 -6.143829E-01 -1.039172E+00
      6648 -8.367618E-02 -6.625545E-01 -1.129182E+00
      6649 -8.713386E-02 -7.120612E-01 -1.206475E+00
      6650 -8.325544E-02 -7.463291E-01 -1.252331E+00
      6651 -6.997269E-02 -7.449705E-01 -1.242911E+00
      6652 -4.312094E-02 -7.018565E-01 -1.145967E+00
      6653 -7.883233E-04 -5.940757E-01 -9.282329E-01
      6654  4.801560E-02 -4.083884E-01 -5.677987E-01
      6655  6.603263E-02 -1.596841E-01 -9.762794E-02
      6656 -4.740737E-02  7.009442E-02  2.911696E-01
      6657 -4.441532E-01  6.298711E-02  1.293556E-01
      6658 -4.625463E-01 -1.003075E+00 -2.556755E+00
      6659  1.970866E+00 -5.060536E+00 -9.314349E+00
      6660  1.519893E+00 -2.139636E+00 -3.824099E+00
      6661  1.935582E+00 -1.878205E+00 -3.328336E+00
      6662  1.757831E+00 -1.692953E+00 -3.115901E+00
      6663  1.751999E+00 -1.767016E+00 -3.570111E+00
      6664  1.732142E+00 -1.841772E+00 -4.008694E+00
      6665  1.634654E+00 -1.796990E+00 -4.181745E+00
      6666  1.477271E+00 -1.704580E+00 -4.164131E+00
      6667  1.293219E+00 -1.564714E+00 -3.976064E+00
      6668  1.094141E+00 -1.414458E+00 -3.728332E+00
      6669  9.225118E-01 -1.288292E+00 -3.475868E+00
      6670  7.764209E-01 -1.168468E+00 -3.210181E+00
      6671  6.599704E-01 -1.075721E+00 -2.978211E+00
      6672  5.677023E-01 -9.959974E-01 -2.769672E+00
      6673  5.034840E-01 -9.417239E-01 -2.608457E+00
      6674  4.536453E-01 -8.948888E-01 -2.473635E+00
      6675  4.225752E-01 -8.685101E-01 -2.381693E+00
      6676  3.936138E-01 -8.438981E-01 -2.308814E+00
      6677  3.719382E-01 -8.343007E-01 -2.268780E+00
      6678  3.396226E-01 -8.236076E-01 -2.243376E+00
      6679  3.101657E-01 -8.262331E-01 -2.249780E+00
      6680  2.790060E-01 -8.366018E-01 -2.252464E+00
      6681  2.256260E-01 -8.310701E-01 -2.253179E+00
      6682  1.836593E-01 -8.440005E-01 -2.270607E+00
      6683  1.363470E-01 -8.507092E-01 -2.273332E+00
      6684  8.801474E-02 -8.616741E-01 -2.291971E+00
      6685  5.610206E-02 -8.720883E-01 -2.309048E+00
      6686  4.187664E-02 -8.811121E-01 -2.302087E+00
      6687  2.266961E-02 -8.793031E-01 -2.284124E+00
      6688  1.206496E-02 -8.856422E-01 -2.289969E+00
      6689  2.313193E-02 -8.911378E-01 -2.218082E+00
      6690  3.436836E-02 -8.719891E-01 -2.246150E+00
      6691  1.474160E-02 -8.569205E-01 -2.222855E+00
      6692  6.889545E-03 -8.414266E-01 -2.205282E+00
      6693 -1.702562E-02 -8.231740E-01 -2.181763E+00
      6694 -5.386264E-02 -8.053680E-01 -2.165506E+00
      6695 -7.960211E-02 -7.804335E-01 -2.122858E+00
      6696 -1.331775E-01 -7.509781E-01 -2.056297E+00
      6697 -1.930068E-01 -7.378347E-01 -2.021756E+00
      6698 -2.523302E-01 -7.235674E-01 -1.999813E+00
      6699 -3.064918E-01 -7.193126E-01 -1.995245E+00
      6700 -3.588461E-01 -7.201201E-01 -2.002758E+00
      6701 -4.079161E-01 -7.286865E-01 -2.027739E+00
      6702 -4.542352E-01 -7.449392E-01 -2.072476E+00
      6703 -4.985076E-01 -7.702299E-01 -2.141497E+00
      6704 -5.422506E-01 -8.054204E-01 -2.237102E+00
      6705 -5.924558E-01 -8.521950E-01 -2.363935E+00
      6706 -6.514452E-01 -9.141826E-01 -2.526856E+00
      6707 -7.266621E-01 -9.908703E-01 -2.723550E+00
      6708 -8.237951E-01 -1.085301E+00 -2.951930E+00
      6709 -9.449690E-01 -1.198156E+00 -3.203991E+00
      6710 -1.091556E+00 -1.322102E+00 -3.456326E+00
      6711 -1.256809E+00 -1.449942E+00 -3.680211E+00
      6712 -1.423188E+00 -1.570682E+00 -3.835970E+00
      6713 -1.566625E+00 -1.658600E+00 -3.859212E+00
      6714 -1.657464E+00 -1.684332E+00 -3.687153E+00
      6715 -1.684178E+00 -1.631440E+00 -3.306436E+00
      6716 -1.688950E+00 -1.554598E+00 -2.891166E+00
      6717 -1.828146E+00 -1.719138E+00 -3.056201E+00
      6718 -1.402486E+00 -1.915757E+00 -3.419168E+00
      6719 -1.814551E+00 -4.535535E+00 -8.347203E+00
      7093 -8.463158E-01 -2.287868E+00  3.413758E+00
      7122 -5.822315E-03 -1.250927E+01 -2.799494E+01
      7140  5.939343E-01 -6.519831E-02  3.970207E-01
      7141  6.788005E-01 -8.481846E-02 -1.892065E-01
      7142  3.017993E+00 -3.298241E+00 -7.168989E+00
      7143  1.813652E+00 -3.874171E+00 -4.109671E+00
      7144  1.918025E+00 -3.509240E+00 -4.306753E+00
      7145 -4.168170E+00  8.399178E-02 -2.818508E+00
      7146 -2.990556E+00  1.195861E-01 -1.685160E+00
      7147 -1.988265E+00 -6.151153E-03 -1.438193E+00
      7148 -8.823373E+00 -3.313732E+00 -2.025781E+01
      7149 -5.198503E+00 -3.544322E+00 -1.241585E+01
      7150 -3.338439E+00 -3.484230E+00 -8.620875E+00
      7151 -2.002793E+00 -1.883606E+00 -4.402297E+00
      7191  7.340124E-01 -1.991942E+00  2.935353E+00
      7220  3.265478E-02 -1.105392E+01 -2.468879E+01
      7238  3.693954E+00  8.083892E-02 -2.515099E+00
      7239  2.637108E+00  1.109992E-01 -1.475705E+00
      7240  1.741568E+00  7.811881E-05 -1.236376E+00
      7241  7.826192E+00 -2.935815E+00 -1.794846E+01
      7242  4.580690E+00 -3.149775E+00 -1.095160E+01
      7243  2.924836E+00 -3.102867E+00 -7.578809E+00
      7244  1.750935E+00 -1.669297E+00 -3.858427E+00
      7245 -4.808784E-01 -6.706950E-02  4.006229E-01
      7246 -5.958055E-01 -8.152602E-02 -1.535446E-01
      7247 -2.600823E+00 -2.943163E+00 -6.156657E+00
      7248 -1.574291E+00 -3.484395E+00 -3.538824E+00
      7249 -1.710189E+00 -3.162682E+00 -3.839531E+00
     49076 -2.653456E-02 -9.864950E-02 -3.331969E-02
     49077 -8.637954E-03 -1.075452E-01 -3.876527E-02
     49078 -6.871571E-03 -9.287162E-02 -3.410673E-02
     49079  8.704846E-03 -5.290787E-02 -1.950888E-02
     49080 -6.468021E-03 -8.026481E-02 -3.005591E-02
     49081  1.068034E-02 -4.357287E-02 -3.038474E-03
     49082  8.954786E-03 -4.986935E-02 -2.424762E-03
     49083 -3.090705E-03 -1.167614E-01  4.042135E-02
     49084 -6.139971E-03 -1.117486E-01  3.480457E-02
     49085  8.650495E-04 -1.016906E-01  2.557406E-02
     49086 -6.519611E-03 -7.248993E-02 -2.738180E-02
     49087  1.009360E-02 -4.303703E-02 -3.175315E-03
     49088  1.417852E-02 -5.888751E-02 -4.327068E-03
     49089 -9.373976E-03 -1.594480E-01  8.308733E-02
     49090  1.244235E-03 -1.056092E-01  2.423899E-02
     49091 -2.335324E-04 -9.881686E-02  2.555797E-02
     49092 -6.012056E-03 -1.279004E-01  5.986142E-02
     49093 -1.637495E-02 -9.191010E-02  8.792839E-02
     49094  2.209779E-02 -1.435752E-01  1.116517E-01
     49095 -4.596974E-02  7.273693E-02  2.738442E-02
     49096 -3.672205E-02 -3.031531E-02 -3.197637E-03
     49097 -3.217112E-03 -1.459761E-01  3.449211E-02
     49098 -1.281452E-02 -1.169444E-01 -4.028259E-02
     49099 -7.160074E-03 -6.343720E-02 -2.581280E-02
     49100  1.966473E-02 -5.780717E-02 -6.155224E-03
     49101  1.188159E-03 -1.123081E-01  2.281546E-02
     49102 -4.926088E-03 -1.052238E-01  2.978365E-02
     49103 -9.296231E-03 -1.592955E-01  5.301965E-02
     49104 -1.735846E-04 -1.231958E-01  2.344251E-02
     49105  3.872046E-03 -7.375020E-02  8.480143E-05
     49106 -2.459021E-03 -1.047250E-01  3.146583E-02
     49107 -1.166137E+00 -1.727092E-01 -1.289617E+00
     49108 -7.361306E-01 -1.311091E+00 -1.960631E+00
     49109 -5.645445E-01 -9.763597E-01 -2.920908E+00
     49110 -1.038423E+00 -4.606342E-01 -1.934387E+00
     49111 -2.281426E-02  1.319207E-01 -8.732458E-02
     49112  9.995812E-03  4.129265E-02  6.194490E-02
     49113  3.485799E-02  7.258896E-02 -6.301785E-02
     49114  5.442889E-03  8.513063E-02  3.144759E-02
     49115 -1.076350E-01 -5.954614E-01 -3.738239E+00
     49116  2.902614E-01 -3.258981E-01 -4.219295E+00
     49117 -4.593145E-01 -1.985711E-01 -3.535781E+00
     49118 -1.990740E-01  6.634835E-02 -4.137674E+00
     49119  8.999434E-01 -2.119593E-01 -4.458128E+00
     49120  1.094942E+00 -1.113057E-01 -4.223396E+00
     49121  4.570829E-01 -1.025055E-01 -4.468895E+00
     49122  7.547899E-02 -1.957410E-01 -4.399775E+00
     49123  9.620679E-01 -1.556850E-01 -4.997613E+00
     49124  1.405388E+00  3.675049E-02 -3.757647E+00
     49125  1.561202E+00  1.836541E-02 -3.317448E+00
     49126  1.322291E+00 -1.900662E-01 -4.105350E+00
     49127  1.256894E+00 -2.227665E-01 -4.690760E+00
     49128  1.576176E+00  2.920380E-01 -4.651536E+00
     49129  1.568867E+00  1.710632E-02 -2.819575E+00
     49130  1.521528E+00 -1.746229E-02 -2.371932E+00
     49131  1.742791E+00 -2.036675E-02 -3.069571E+00
     49132  1.620299E+00 -1.995101E-01 -2.936836E+00
     49133  1.515529E+00  3.388327E-01 -4.178859E+00
     49134  1.578901E+00  1.678032E-02 -1.809320E+00
     49135  1.436867E+00  3.329914E-03 -1.372350E+00
     49136  1.592519E+00  7.589822E-02 -2.069100E+00
     49137  1.852547E+00 -1.449362E-02 -2.523411E+00
     49138  1.658868E+00  1.678237E-01 -2.048323E+00
     49139  1.336796E+00  9.693914E-02 -8.905581E-01
     49140  1.241095E+00  8.016948E-02 -5.816996E-01
     49141  1.642586E+00  2.431549E-01 -1.007172E+00
     49142  1.520432E+00  2.038829E-01 -1.583589E+00
     49143  1.356458E+00 -4.300827E-02 -6.160546E-01
     49144  1.201066E+00  3.836731E-02 -2.854824E-01
     49145  1.032971E+00  5.731568E-02  4.896828E-04
     49146  1.161755E+00  2.992482E-01 -2.895135E-01
     49147  1.199469E+00  8.160003E-02 -7.252034E-02
     49148  1.482771E+00  8.789871E-02 -3.268883E-01
     49149  1.019830E+00  5.247101E-02  1.769053E-01
     49150  8.298755E-01  1.708592E-01  4.375618E-01
     49151  1.013092E+00  3.773960E-01  1.690736E-01
     49152  1.104798E+00  1.028060E-01  2.166762E-01
     49153  9.599989E-01  1.585075E-01  5.450943E-01
     49154  7.280286E-01  1.947644E-01  5.746623E-01
     49155  6.693615E-01  1.710895E-01  6.367140E-01
     49156  8.123123E-01  4.960434E-01  6.779726E-01
     49157  7.261407E-01  1.488114E-01  1.013297E+00
     49158  9.826075E-01  4.384787E-02  8.355346E-01
     49159  6.319000E-01  7.829888E-02  6.267042E-01
     49160  4.713090E-01  8.022324E-02  6.591615E-01
     49161  5.111502E-01  4.180534E-01  8.234891E-01
     49162  7.671217E-01  1.267884E-01  1.115522E+00
     49163  5.753997E-01  4.254774E-02  1.026716E+00
     49164  4.459179E-01  1.889748E-01  7.568403E-01
     49165  4.150800E-01  1.912001E-01  7.530436E-01
     49166  6.474816E-01  4.529118E-01  9.034062E-01
     49167  5.392919E-01  5.577226E-02  1.060372E+00
     49168  4.088428E-01  1.320473E-01  1.200231E+00
     49169  4.020545E-01  8.735167E-02  6.573804E-01
     49170  2.849896E-01  9.053611E-02  6.278160E-01
     49171  2.621578E-01  4.122062E-01  8.934948E-01
     49172  3.438420E-01  4.766713E-02  1.017374E+00
     49173  4.873621E-01  1.172824E-01  1.210398E+00
     49174  2.913538E-01  1.824347E-01  6.595647E-01
     49175  2.803552E-01  1.858916E-01  6.243788E-01
     49176  4.483422E-01  4.183252E-01  8.183931E-01
     49177  3.321206E-01  5.198929E-02  9.861606E-01
     49178  2.483246E-01  1.257861E-01  1.040117E+00
     49179  2.915200E-01  8.785893E-02  5.057427E-01
     49180  2.022427E-01  9.157395E-02  4.625736E-01
     49181  1.470313E-01  3.741749E-01  7.315187E-01
     49182  2.410040E-01  5.747433E-02  7.905620E-01
     49183  3.381880E-01  9.645887E-02  1.020728E+00
     49184  2.281344E-01  1.703264E-01  4.744428E-01
     49185  2.278141E-01  1.732358E-01  4.389798E-01
     49186  3.583743E-01  3.751198E-01  6.207277E-01
     49187  2.371553E-01  5.886443E-02  7.447008E-01
     49188  1.844911E-01  1.070215E-01  7.931466E-01
     49189  2.555055E-01  8.444746E-02  3.354729E-01
     49190  1.826173E-01  8.734433E-02  3.044218E-01
     49191  1.153757E-01  3.360495E-01  5.322416E-01
     49192  2.154534E-01  6.520575E-02  5.531291E-01
     49193  2.848934E-01  7.873808E-02  7.717933E-01
     49194  2.151704E-01  1.596246E-01  3.255076E-01
     49195  2.177490E-01  1.609904E-01  3.062728E-01
     49196  3.345649E-01  3.398741E-01  4.508378E-01
     49197  2.121863E-01  6.656456E-02  5.200738E-01
     49198  1.747518E-01  8.783969E-02  6.031177E-01
     49199  2.520435E-01  8.063150E-02  2.314324E-01
     49200  1.816260E-01  8.227159E-02  2.209887E-01
     49201  1.196915E-01  3.106857E-01  3.993973E-01
     49202  2.801365E-01  6.947103E-02  5.945976E-01
     49203  2.193563E-01  6.790943E-02  4.130620E-01
     49204  2.105074E-01  1.533199E-01  2.619969E-01
     49205  2.096556E-01  1.518499E-01  2.593680E-01
     49206  3.301537E-01  3.200978E-01  3.690681E-01
     49207  2.117933E-01  7.051631E-02  4.019388E-01
     49208  1.742467E-01  7.522539E-02  5.228607E-01
     49209  2.406089E-01  7.671997E-02  2.009349E-01
     49210  1.769297E-01  1.453592E-01  2.736800E-01
     49211  1.133118E-01  2.973821E-01  3.503402E-01
     49212  2.043908E-01  7.423869E-02  3.755375E-01
     49213  2.758613E-01  6.874559E-02  5.275129E-01
     49214  2.565983E-01  5.899566E-02  2.102195E-01
     49215  1.659075E-01  1.773181E-01  3.408062E-01
     49216  5.750764E-02  3.678476E-01  3.478987E-01
     49217  2.405296E-01  2.637911E-02  4.520093E-01
     49218  1.926525E-01  1.159280E-01  3.819680E-01
     49219  1.573386E-01  1.666424E-01  2.715784E-01
     49220  1.514102E-01  1.468440E-01  2.659642E-01
     49221  1.434207E-01  3.737569E-01  4.019285E-01
     49222  2.384255E-01 -9.162294E-03  4.978410E-01
     49223  1.373981E-01  9.858874E-02  5.045823E-01
     49224  1.701208E-01  6.988779E-02  2.035294E-01
     49225  9.813573E-02  1.387638E-01  2.749892E-01
     49226  4.179349E-02  2.911985E-01  3.489629E-01
     49227  1.309883E-01  7.275800E-02  3.815576E-01
     49228  2.090518E-01  5.837552E-02  5.344215E-01
     49229  1.637175E-01  6.060300E-02  1.924995E-01
     49230  7.679567E-02  1.549695E-01  2.546276E-01
     49231 -4.226674E-02  3.940430E-01  3.239797E-01
     49232  1.532531E-01  2.135533E-02  4.471457E-01
     49233  8.957401E-02  1.536215E-01  3.808143E-01
     49234  5.782536E-02  1.546173E-01  2.161784E-01
     49235  4.902881E-02  1.365845E-01  1.855214E-01
     49236  6.109969E-02  3.507029E-01  3.287886E-01
     49237  1.495516E-01  1.378153E-02  4.882600E-01
     49238  2.377933E-02  1.066480E-01  4.502090E-01
     49239  7.600785E-02  6.670183E-02  1.075743E-01
     49240 -6.158388E-03  8.144677E-02  1.056041E-01
     49241 -5.569707E-02  2.908797E-01  2.756820E-01
     49242  3.653785E-02  7.331248E-02  2.695289E-01
     49243  9.785246E-02  5.561375E-02  4.546590E-01
     49244  8.353474E-02  2.934039E-02  6.021620E-02
     49245 -9.469426E-03  1.518687E-01  1.650040E-01
     49246 -1.434256E-02  2.734979E-01  1.612117E-01
     49247  8.851851E-03  7.760925E-02  2.574415E-01
     49248  6.121962E-03  1.520118E-01  1.769576E-01
     49249 -4.844434E-03  1.621385E-01  5.715070E-02
     49250  2.358711E-03  1.534513E-01  6.440073E-02
     49251 -3.116656E-02  3.541762E-01  1.767722E-01
     49252 -3.937398E-02  1.104184E-01  2.406317E-01
     49253  7.018358E-02 -3.568664E-02  2.953767E-01
     49254 -8.658465E-03  1.421354E-01  1.119873E-03
     49255 -5.184870E-04  1.385227E-01 -1.817462E-02
     49256 -3.057653E-02  3.419924E-01  1.060957E-01
     49257 -4.930147E-02  1.005693E-01  1.991366E-01
     49258  6.732629E-02 -4.750071E-03  2.870296E-01
     49259 -1.017731E-01  2.831451E-01  4.303427E-02
     49260  5.217187E-02  3.518747E-02  2.140604E-01
     51119 -2.116249E-02 -1.463072E-01  3.420993E-02
     51120 -1.027027E-02 -1.530682E-01  1.122927E-01
     51121 -5.959316E-03 -1.631126E-01  1.045756E-01
     51122 -5.504837E-03 -1.073598E-01  3.042590E-02
     51123 -9.235407E-03 -1.570720E-01  4.767443E-02
     51124 -1.602192E-03 -1.726866E-01  6.503217E-02
     51125  4.438835E-04 -1.341625E-01  4.609291E-02
     51126 -6.151010E-03 -1.142296E-01  3.110969E-02
     51127 -2.935334E-03 -1.653876E-01  5.425281E-02
     51128 -4.601288E-03 -1.427425E-01  4.739733E-02
     51129  1.423042E-02 -5.250838E-02  8.346221E-03
     51130 -6.293905E-03 -1.174178E-01  3.124291E-02
     51131 -5.723646E-03 -1.628765E-01  5.390921E-02
     51132 -4.741034E-03 -1.508181E-01  5.513206E-02
     51133 -6.012669E-03 -1.107832E-01  3.084780E-02
     51134 -5.116562E-03 -1.214038E-01  2.786548E-02
     51135 -4.979599E-03 -1.588363E-01  4.669199E-02
     51136 -3.923331E-03 -9.337575E-02  2.690917E-02
     51137 -8.490930E-03 -1.344761E-01  3.588401E-02
     51138 -4.116372E-03 -1.289500E-01  4.176342E-02
     51139 -1.275405E-03 -1.741872E-01  9.201352E-02
     51140 -4.243863E-03 -1.170149E-01  3.312768E-02
     51141 -5.042200E-03 -1.034873E-01  2.979600E-02
     51142  2.840703E-03 -1.126149E-01  3.735826E-02
     51143 -3.969521E-03 -9.662861E-02  2.744478E-02
     51144 -4.830954E-03 -1.007453E-01  2.899944E-02
     51145 -6.614173E-03 -1.243655E-01  3.232771E-02
     51146 -5.294753E-03 -1.056890E-01  3.024572E-02
     51147 -3.799435E-03 -9.655694E-02  2.833071E-02
     51148 -3.351969E-02 -1.825769E-01  1.192751E-01
     51149 -7.436969E-04 -1.778862E-01  7.832538E-02
     51150  4.087214E-03  5.193129E-02  6.516798E-02
     51151  3.545074E-02  1.311781E-01 -9.347843E-02
     51152  8.923895E-03  1.695311E-01 -9.342722E-03
     51153  3.003763E-02  3.536616E-02  7.036835E-02
     51154  5.753601E-01 -1.178774E+00 -1.835583E+00
     51155  1.002012E+00 -1.561034E-01 -1.259713E+00
     51156  3.776304E-01 -9.658730E-01 -2.652975E+00
     51157  9.414981E-01 -3.938687E-01 -1.917734E+00
     51158  1.105434E-02  1.612697E-01  3.380976E-03
     51159  2.567986E-02  1.546309E-01  2.376237E-02
     51160  2.457055E-02  3.079457E-01  7.899458E-02
     51161 -5.086321E-02  1.410016E-02  2.058655E-01
     51162  2.421643E-02  1.385297E-01  1.074670E-02
     51163  1.999322E-02  1.371321E-01  3.238676E-02
     51164  9.858350E-04  3.369175E-01  9.074285E-02
     51165  1.160295E-01 -1.932011E-02  2.455787E-01
     51166 -5.202364E-03  7.795360E-02  2.349482E-01
     51167  1.173572E-02  1.455554E-01  9.674370E-02
     51168  1.117708E-02  1.388580E-01  8.526245E-02
     51169  4.256950E-02  3.287476E-01  1.426327E-01
     51170 -4.889416E-02 -1.245503E-02  3.403380E-01
     51171  5.614332E-02  9.731287E-02  2.514426E-01
     51172 -3.926150E-03  1.453339E-01  1.505285E-01
     51173 -3.748713E-03  1.363943E-01  1.473183E-01
     51174  2.743572E-02  3.289295E-01  2.018531E-01
     51175  5.454878E-02  1.064715E-01  2.876402E-01
     51176 -6.343577E-02 -3.623000E-03  3.932213E-01
     51177 -3.403000E-02  1.477084E-01  2.095925E-01
     51178 -3.116208E-02  1.316239E-01  1.905701E-01
     51179  5.616664E-03  3.262590E-01  2.630527E-01
     51180 -9.705015E-02  1.648022E-02  4.662546E-01
     51181  3.248959E-02  1.056786E-01  3.507195E-01
     51182 -6.020805E-02  1.465159E-01  2.463878E-01
     51183 -6.173988E-02  1.438032E-01  2.628917E-01
     51184 -2.473838E-02  3.215541E-01  3.072138E-01
     51185  3.653072E-03  1.068963E-01  4.117740E-01
     51186 -1.256133E-01  1.403754E-02  4.902705E-01
     51187 -9.566113E-02  1.407602E-01  2.600312E-01
     51188 -1.038282E-01  1.368517E-01  2.631956E-01
     51189 -9.424380E-02  3.210834E-01  3.496202E-01
     51190 -1.027259E-02  4.810750E-02  4.940824E-01
     51191 -1.242282E-01  9.665363E-02  4.975099E-01
     51192 -1.293252E-01  1.437544E-01  3.032559E-01
     51193 -1.358698E-01  1.360760E-01  2.853543E-01
     51194 -1.000206E-01  3.089220E-01  3.674857E-01
     51195 -8.860020E-02  1.047352E-01  4.971536E-01
     51196 -1.855727E-01  3.240674E-02  5.504104E-01
     51197 -1.633357E-01  1.398311E-01  3.155804E-01
     51198 -1.705841E-01  1.383240E-01  3.005981E-01
     51199 -1.398021E-01  3.123699E-01  3.899765E-01
     51200 -2.194306E-01  4.084673E-02  5.685924E-01
     51201 -1.235483E-01  1.098083E-01  5.033342E-01
     51202 -1.957354E-01  1.397564E-01  3.261329E-01
     51203 -2.012856E-01  1.365765E-01  3.073652E-01
     51204 -1.745049E-01  3.155390E-01  4.047164E-01
     51205 -2.518964E-01  4.388244E-02  5.787408E-01
     51206 -1.595273E-01  1.129347E-01  5.233712E-01
     51207 -2.241190E-01  1.423380E-01  3.344247E-01
     51208 -2.282615E-01  1.409446E-01  3.170449E-01
     51209 -2.020702E-01  3.166151E-01  4.138704E-01
     51210 -1.927445E-01  1.092315E-01  5.317447E-01
     51211 -2.827444E-01  4.480737E-02  5.943838E-01
     51212 -2.496823E-01  1.477202E-01  3.467125E-01
     51213 -2.510581E-01  1.439967E-01  3.278306E-01
     51214 -2.263368E-01  3.246088E-01  4.272781E-01
     51215 -3.101705E-01  4.210440E-02  6.118799E-01
     51216 -2.208482E-01  1.150636E-01  5.461674E-01
     51217 -2.704192E-01  1.513970E-01  3.613041E-01
     51218 -2.697898E-01  1.474690E-01  3.456004E-01
     51219 -2.467712E-01  3.315876E-01  4.429004E-01
     51220 -2.439140E-01  1.181889E-01  5.606035E-01
     51221 -3.314338E-01  4.252278E-02  6.353953E-01
     51222 -2.881373E-01  1.557079E-01  3.845263E-01
     51223 -2.862322E-01  1.510514E-01  3.720625E-01
     51224 -2.631776E-01  3.410328E-01  4.675482E-01
     51225 -3.486767E-01  4.463552E-02  6.707241E-01
     51226 -2.626075E-01  1.233391E-01  5.854386E-01
     51227 -3.042151E-01  1.611064E-01  4.186733E-01
     51228 -3.020065E-01  1.564629E-01  4.120835E-01
     51229 -2.768140E-01  3.523192E-01  5.034763E-01
     51230 -2.784390E-01  1.288357E-01  6.229721E-01
     51231 -3.639410E-01  4.744489E-02  7.220506E-01
     51232 -3.236219E-01  1.673844E-01  4.657718E-01
     51233 -3.225144E-01  1.614779E-01  4.619798E-01
     51234 -2.917338E-01  3.676622E-01  5.551850E-01
     51235 -3.826641E-01  5.181218E-02  7.904631E-01
     51236 -2.931456E-01  1.373019E-01  6.783428E-01
     51237 -3.496433E-01  1.717309E-01  5.191284E-01
     51238 -3.529832E-01  1.661031E-01  5.175953E-01
     51239 -3.138646E-01  3.831092E-01  6.159849E-01
     51240 -3.121758E-01  1.454406E-01  7.485338E-01
     51241 -4.092357E-01  5.772143E-02  8.697656E-01
     51242 -3.913704E-01  1.777241E-01  5.734328E-01
     51243 -4.016550E-01  1.709565E-01  5.652081E-01
     51244 -3.483688E-01  4.019403E-01  6.816265E-01
     51245 -3.421453E-01  1.535215E-01  8.287280E-01
     51246 -4.545302E-01  6.469768E-02  9.525358E-01
     51247 -4.548800E-01  1.794041E-01  6.039843E-01
     51248 -4.691572E-01  1.821853E-01  6.146883E-01
     51249 -4.059202E-01  4.218386E-01  7.328792E-01
     51250 -5.284182E-01  7.628839E-02  9.962379E-01
     51251 -3.914943E-01  1.628629E-01  9.037172E-01
     51252 -5.432921E-01  1.740701E-01  5.728359E-01
     51253 -5.701900E-01  1.768078E-01  5.834183E-01
     51254 -5.245189E-01  4.335525E-01  7.396235E-01
     51255 -4.335869E-01  9.939022E-02  9.917491E-01
     51256 -6.020719E-01  1.487787E-01  9.658770E-01
     51257 -6.616701E-01  1.644074E-01  4.931923E-01
     51258 -7.124684E-01  1.559262E-01  4.261363E-01
     51259 -6.470827E-01  4.300499E-01  6.800720E-01
     51260 -7.384217E-01  1.525067E-01  9.023305E-01
     51261 -5.411476E-01  8.031627E-02  9.912471E-01
     51262 -8.139269E-01  1.429597E-01  3.254085E-01
     51263 -8.820813E-01  1.358983E-01  1.716708E-01
     51264 -7.716221E-01  4.262906E-01  5.180918E-01
     51265 -7.272923E-01  1.421544E-01  8.249709E-01
     51266 -9.515105E-01  7.383510E-02  7.281192E-01
     51267 -9.895233E-01  1.096662E-01 -1.531453E-02
     51268 -1.073456E+00  1.036427E-01 -2.444718E-01
     51269 -9.654687E-01  4.127014E-01  2.010895E-01
     51270 -1.167844E+00  5.805154E-02  3.294830E-01
     51271 -9.062383E-01  1.211713E-01  5.374870E-01
     51272 -1.173542E+00  6.341800E-02 -5.368932E-01
     51273 -1.267295E+00  6.091784E-02 -8.511717E-01
     51274 -1.180332E+00  3.688276E-01 -3.101266E-01
     51275 -1.401089E+00  3.053135E-02 -2.948306E-01
     51276 -1.117345E+00  7.969171E-02  6.541427E-02
     51277 -1.337453E+00  9.268395E-03 -1.253359E+00
     51278 -1.426265E+00  1.145063E-02 -1.651613E+00
     51279 -1.388078E+00  3.028759E-01 -1.034721E+00
     51280 -1.334624E+00  2.156955E-02 -6.414354E-01
     51281 -1.617671E+00 -1.625821E-02 -1.165505E+00
     51282 -1.432158E+00 -4.554357E-02 -2.141384E+00
     51283 -1.488329E+00 -4.046229E-02 -2.597082E+00
     51284 -1.537589E+00  2.163125E-01 -1.960056E+00
     51285 -1.749782E+00 -7.805080E-02 -2.254982E+00
     51286 -1.518085E+00 -4.910056E-02 -1.595456E+00
     51287 -1.378406E+00 -9.056592E-02 -3.097872E+00
     51288 -1.348575E+00 -9.265424E-02 -3.519951E+00
     51289 -1.537588E+00  1.200760E-01 -2.990341E+00
     51290 -1.683362E+00 -1.534223E-01 -3.417969E+00
     51291 -1.600003E+00 -1.192018E-01 -2.744799E+00
     51292 -1.058198E+00 -1.391353E-01 -3.835567E+00
     51293 -8.838394E-01 -2.297524E-01 -4.075043E+00
     51294 -1.236037E+00  3.015732E-02 -3.864564E+00
     51295 -1.238985E+00 -2.476791E-01 -4.249860E+00
     51296 -1.462766E+00 -1.654277E-01 -3.890477E+00
     51297 -3.377002E-01 -2.748343E-01 -3.833560E+00
     51298  1.116137E-02 -6.191843E-01 -3.510925E+00
     51299 -4.569032E-01 -1.094127E-01 -4.079594E+00
     51300 -9.584510E-01 -1.804310E-01 -4.579268E+00
     51301 -2.097356E-01 -4.369738E-01 -4.015628E+00
     51302  5.434891E-01 -6.613633E-01 -3.115039E+00
     51303  9.584879E-02 -9.181925E-02 -3.891721E+00
     55744 -1.580558E+00  4.533620E+00  2.956793E+00
     55745  1.020619E+00  4.114548E-01  9.147096E-01
     55746  5.504237E-01  2.625880E+00  5.361169E-01
     55747 -2.699329E-01  1.061061E+00  3.519685E-01
     55748  9.963688E-01  3.811363E-01 -1.487864E-01
     55749 -2.363998E+00 -1.731762E+01  1.100468E+02
     55750 -5.911399E+00 -1.871558E+01  9.914936E+01
     55751  3.586007E+00 -1.021530E+01  8.670704E+01
     55752 -1.477689E+00  1.161652E+00 -1.007304E+01
     55753 -2.157872E+00 -1.233347E+00 -7.190257E-01
     55754 -3.464067E+00 -4.272494E+00 -3.711294E-01
     55755 -1.169444E-01  1.874365E+00 -1.015185E+01
     55756 -9.389784E+00 -1.336447E+01  7.399329E+01
     55757 -1.048345E+00 -6.570591E+00  8.987780E+00
     55758 -3.573038E+00 -7.988362E+00  1.651341E+01
     55759 -1.856405E+00 -5.453753E+00 -5.665536E+00
     55760  1.041717E+00 -9.460572E+00  2.878374E+01
     55761 -2.101358E+00 -1.059586E+01  3.803061E+01
     55762 -1.255699E+00 -8.792335E+00  1.192525E+01
     55763  1.633659E+00 -1.052815E+01  5.379255E+01
     55764 -4.931461E+00 -1.152859E+01  6.387308E+01
     55765 -7.479122E-01 -1.156541E+01  3.560049E+01
     55766 -2.442343E+00 -1.343013E+01  6.705572E+01
     55767 -2.053664E+00 -5.632906E+00 -7.218157E-04
     55768 -3.528766E+00 -5.504436E+00 -9.122567E+00
     55769 -3.741369E+00 -9.160721E+00  1.978750E+01
     55770 -4.426861E+00 -9.175676E+00  8.384832E+00
     55771  3.712412E-01 -1.046173E+01  4.698222E+01
     55772 -7.201540E+00 -1.210379E+01  3.261896E+01
     60680 -5.989242E-01  2.445109E+00  5.161037E-01
     60681  1.393984E+00  4.108113E+00  2.712939E+00
     60682  2.195276E-01  9.055414E-01  2.320322E-01
     60683 -9.844417E-01  3.561455E-01 -1.204690E-01
     60684 -1.050845E+00  3.619761E-01  8.332374E-01
     60685  2.166205E+00 -1.256756E+00 -1.984941E-01
     60686  1.550367E+00  1.178750E+00 -9.662592E+00
     60687  3.629846E-01  2.066289E+00 -9.694282E+00
     60688  5.796065E+00 -1.713872E+01  9.032902E+01
     60689  2.561291E+00 -1.589391E+01  1.014890E+02
     60690  8.862263E+00 -1.241196E+01  6.698319E+01
     60691  3.372324E+00 -4.135044E+00  2.330114E-01
     60692 -2.977261E+00 -9.120337E+00  8.039690E+01
     60693  3.501815E+00 -5.056334E+00 -9.284050E+00
     60694  2.271374E+00 -5.032481E+00 -7.515828E-01
     60695  1.868190E+00 -5.042457E+00 -5.309480E+00
     60696  4.301894E+00 -8.434543E+00  6.680341E+00
     60697  3.709833E+00 -8.315101E+00  1.718082E+01
     60698  1.282538E+00 -8.079676E+00  1.087057E+01
     60699  6.954851E+00 -1.119174E+01  2.892813E+01
     60700  1.007956E-02 -9.620251E+00  4.217332E+01
     60701  8.419089E-01 -1.061332E+01  3.259188E+01
     60702  2.388795E+00 -1.230745E+01  6.154750E+01
     60703  3.538288E+00 -7.403182E+00  1.597418E+01
     60704  1.110753E+00 -6.100749E+00  9.082231E+00
     60705  2.174350E+00 -9.770873E+00  3.578536E+01
     60706 -8.367169E-01 -8.697225E+00  2.736569E+01
     60707  4.916653E+00 -1.063591E+01  5.945457E+01
     60708 -1.252064E+00 -9.611368E+00  5.029459E+01
     65199 -7.236457E-02 -2.982519E-01  2.799993E-01
     65200  8.376581E-02 -3.378425E-01  3.096993E-01
     65201  2.145058E-01 -7.451027E-01  8.324674E-02
     65202 -2.424394E-01 -8.180653E-01  7.521827E-02
     65203  3.707353E-01 -4.840388E+00 -6.566945E+00
     65204  1.675449E+00 -3.412107E+00 -8.137088E+00
     65205  4.861551E-01 -3.555262E+00 -6.019029E+00
     65206 -5.793091E-02 -4.243325E-01 -2.254501E+00
     65207  1.172942E-01 -3.148936E-01 -2.248934E+00
     65208 -5.363496E-02 -3.350573E-01 -2.226932E+00
     65209  1.305000E-01 -4.311993E-01 -2.256844E+00
     65210 -1.588345E+00 -3.064901E+00 -7.309607E+00
     65211 -4.498881E-01 -4.340458E+00 -5.940225E+00
     65212 -5.385699E-01 -3.184767E+00 -5.448195E+00
     65213  2.459335E+00 -3.184124E+00 -7.355327E+00
     65214 -2.274724E+00 -2.876046E+00 -6.612003E+00
     65215  9.125129E-01 -1.816583E+00 -5.599209E+00
     65216  1.273121E+00 -2.047194E+00 -6.122253E+00
     65217  1.566704E+00 -3.234568E+00 -5.113028E+00
     65218  2.316385E+00 -7.004594E-01 -3.251601E+00
     65219  2.660404E+00 -2.891797E+00 -7.462226E+00
     65220  3.074664E+00 -2.926457E+00 -6.216965E+00
     65221  2.280506E+00 -1.945268E+00 -4.540535E+00
     65222  3.288658E+00 -2.527640E+00 -6.736448E+00
     65223  4.217281E+00 -3.217476E+00 -7.076881E+00
     65224  3.580410E+00 -2.130591E+00 -6.096922E+00
     65225  4.259103E+00 -2.756361E+00 -6.319462E+00
     65226  3.588106E+00 -1.675070E+00 -5.390964E+00
     65227  4.108320E+00 -2.136445E+00 -5.602749E+00
     65228  3.327504E+00 -1.214096E+00 -4.692072E+00
     65229  3.830308E+00 -1.594727E+00 -4.966120E+00
     65230  2.958320E+00 -8.018484E-01 -4.005321E+00
     65231  3.385859E+00 -1.037440E+00 -4.270470E+00
     65232  2.513273E+00 -4.867399E-01 -3.421010E+00
     65233  2.933872E+00 -6.574548E-01 -3.696080E+00
     65234  2.094841E+00 -2.821988E-01 -2.951307E+00
     65235  2.460768E+00 -3.625798E-01 -3.186382E+00
     65236  1.728570E+00 -9.821225E-02 -2.563962E+00
     65237  2.035988E+00 -1.305096E-01 -2.761718E+00
     65238  1.397261E+00 -4.533847E-02 -2.345550E+00
     65239  1.704694E+00 -6.348831E-02 -2.512154E+00
     65240  1.167562E+00  1.458944E-02 -2.142896E+00
     65241  1.417767E+00  2.247865E-02 -2.271476E+00
     65242  9.630784E-01 -1.499785E-02 -2.076218E+00
     65243  1.224988E+00 -1.027564E-02 -2.175619E+00
     65244  8.477526E-01 -1.082390E-02 -1.991039E+00
     65245  1.065832E+00  2.922131E-03 -2.064232E+00
     65246  7.405303E-01 -6.533488E-02 -2.000260E+00
     65247  9.803795E-01 -6.403670E-02 -2.056998E+00
     65248  6.986272E-01 -7.185361E-02 -1.962608E+00
     65249  9.033079E-01 -6.537341E-02 -2.004995E+00
     65250  6.421791E-01 -1.196980E-01 -1.988980E+00
     65251  8.735688E-01 -1.262665E-01 -2.026008E+00
     65252  6.240123E-01 -1.142862E-01 -1.953086E+00
     65253  8.259173E-01 -1.153049E-01 -1.983222E+00
     65254  5.670313E-01 -1.435898E-01 -1.973119E+00
     65255  8.001946E-01 -1.556528E-01 -1.999721E+00
     65256  5.172755E-01 -1.408647E-01 -1.967779E+00
     65257  7.333891E-01 -1.321744E-01 -1.969130E+00
     65258  4.754652E-01 -1.549960E-01 -1.961827E+00
     65259  6.630553E-01 -1.431974E-01 -1.982633E+00
     65260  3.804285E-01 -1.594199E-01 -1.973299E+00
     65261  6.053006E-01 -1.653122E-01 -1.988428E+00
     65262  2.779080E-01 -1.575732E-01 -1.970728E+00
     65263  5.038427E-01 -1.505852E-01 -1.960391E+00
     65264  1.799243E-01 -1.799548E-01 -2.010648E+00
     65265  4.191642E-01 -1.888969E-01 -2.003742E+00
     65266  8.332744E-02 -2.254935E-01 -2.070706E+00
     65267  3.237367E-01 -2.128768E-01 -2.044837E+00
     65268  6.993973E-03 -2.354726E-01 -2.126933E+00
     65269  2.318163E-01 -2.195156E-01 -2.093053E+00
     65270 -3.357679E-02 -2.720766E-01 -2.188389E+00
     65271  1.731363E-01 -2.741891E-01 -2.176423E+00
     65272 -7.464291E-02 -3.225644E-01 -2.248235E+00
     65273  1.682388E-01 -3.271508E-01 -2.246919E+00
     65274 -9.269589E-02 -3.589482E-01 -2.281356E+00
     65275  1.467461E-01 -3.421478E-01 -2.276506E+00
     65276 -7.832350E-02 -3.402803E-01 -2.226224E+00
     65277  1.707203E-01 -3.500795E-01 -2.243980E+00
     65278 -7.766104E-02 -3.062993E-01 -2.160894E+00
     65279  1.502249E-01 -3.158497E-01 -2.193543E+00
     65280 -1.094876E-01 -2.679360E-01 -2.081517E+00
     65281  1.163163E-01 -2.764690E-01 -2.119243E+00
     65282 -1.584046E-01 -2.153772E-01 -2.002178E+00
     65283  5.676227E-02 -2.285989E-01 -2.035362E+00
     65284 -2.146061E-01 -1.736558E-01 -1.924779E+00
     65285 -3.197080E-02 -1.910519E-01 -1.964492E+00
     65286 -3.113599E-01 -1.384459E-01 -1.822571E+00
     65287 -1.089658E-01 -1.516193E-01 -1.867495E+00
     65288 -4.167446E-01 -1.133507E-01 -1.748927E+00
     65289 -2.209065E-01 -1.215010E-01 -1.772853E+00
     65290 -5.260159E-01 -9.340174E-02 -1.707999E+00
     65291 -3.345286E-01 -1.058742E-01 -1.718957E+00
     65292 -6.321535E-01 -7.864028E-02 -1.690351E+00
     65293 -4.499683E-01 -8.682438E-02 -1.690706E+00
     65294 -7.318688E-01 -6.903323E-02 -1.687315E+00
     65295 -5.543257E-01 -7.731948E-02 -1.678067E+00
     65296 -8.260173E-01 -6.439568E-02 -1.700295E+00
     65297 -6.505085E-01 -7.095618E-02 -1.680201E+00
     65298 -9.122295E-01 -6.190381E-02 -1.727465E+00
     65299 -7.374833E-01 -6.839687E-02 -1.696556E+00
     65300 -9.912595E-01 -5.970644E-02 -1.768232E+00
     65301 -8.161333E-01 -6.647471E-02 -1.726524E+00
     65302 -1.066757E+00 -5.723759E-02 -1.822501E+00
     65303 -8.897988E-01 -6.418152E-02 -1.769362E+00
     65304 -1.146746E+00 -5.148278E-02 -1.887827E+00
     65305 -9.626772E-01 -6.037357E-02 -1.823610E+00
     65306 -1.241735E+00 -4.834935E-02 -1.973185E+00
     65307 -1.049286E+00 -5.697056E-02 -1.893098E+00
     65308 -1.364644E+00 -4.996060E-02 -2.082861E+00
     65309 -1.158699E+00 -5.910612E-02 -1.985494E+00
     65310 -1.532833E+00 -6.839941E-02 -2.230830E+00
     65311 -1.307513E+00 -7.244937E-02 -2.110267E+00
     65312 -1.758502E+00 -1.228879E-01 -2.431595E+00
     65313 -1.508012E+00 -1.133139E-01 -2.287786E+00
     65314 -2.047895E+00 -2.143031E-01 -2.695271E+00
     65315 -1.769445E+00 -1.871692E-01 -2.519111E+00
     65316 -2.405213E+00 -3.742261E-01 -3.043160E+00
     65317 -2.091834E+00 -3.137807E-01 -2.832478E+00
     65318 -2.815623E+00 -6.335556E-01 -3.485566E+00
     65319 -2.462423E+00 -5.131358E-01 -3.256095E+00
     65320 -3.238435E+00 -9.870440E-01 -4.007248E+00
     65321 -2.851038E+00 -7.888895E-01 -3.770066E+00
     65322 -3.621482E+00 -1.438715E+00 -4.584124E+00
     65323 -3.199375E+00 -1.142416E+00 -4.362100E+00
     65324 -3.901435E+00 -1.956806E+00 -5.182023E+00
     65325 -3.428351E+00 -1.550368E+00 -4.991466E+00
     65326 -4.031701E+00 -2.472932E+00 -5.796016E+00
     65327 -3.447652E+00 -1.959064E+00 -5.609166E+00
     65328 -4.000517E+00 -2.921241E+00 -6.505885E+00
     65329 -3.168592E+00 -2.304073E+00 -6.197020E+00
     65330 -2.903871E+00 -2.647521E+00 -5.651622E+00
     65331 -2.584359E+00 -2.637988E+00 -6.828910E+00
     65332 -1.255713E+00 -1.823433E+00 -5.569739E+00
     65333 -9.174485E-01 -1.644104E+00 -5.101248E+00
     65334 -2.132435E+00 -1.754329E+00 -4.086483E+00
     65335 -1.505828E+00 -2.895841E+00 -4.638100E+00
     65336 -2.161087E+00 -6.492238E-01 -2.912761E+00
     66201 -5.182314E-02 -3.860160E-02  1.391173E-01
     66202 -9.760420E-03 -3.199929E-01  1.275852E-02
     66203 -5.084459E-01 -9.375327E-01  8.109792E-01
     66204 -2.113547E-01 -2.675487E-01  2.074620E-01
     66205 -1.034289E-01  1.030483E-01  9.886035E-02
     66206 -4.277371E-01 -2.038613E+00 -2.451771E+00
     66207 -1.207492E+00 -1.099908E+00 -6.630647E-01
     66208  4.569799E-01 -4.563201E+00 -5.594902E+00
     66209  1.416168E-01 -3.610464E+00 -4.750136E+00
     66210 -3.557848E-01 -3.156993E+00 -4.733962E+00
     66211 -1.058731E+00 -1.653964E+00 -2.105219E+00
     66212  1.654244E+00 -7.280238E+00 -7.797332E+00
     66213  8.439288E-01 -6.095851E+00 -5.970104E+00
     66214  1.007817E+00 -5.772128E+00 -7.600682E+00
     66215 -3.697119E-01 -3.663457E+00 -6.292430E+00
     66216 -3.531944E-01 -6.484221E+00 -3.129391E+01
     66217  1.187486E+00 -5.996506E+00 -2.165042E+01
     66218  1.664818E+00 -6.739209E+00 -1.119352E+01
     66219 -1.099085E+00 -6.973338E+00 -2.200790E+01
     66220  1.500027E+00 -7.381479E+00 -8.816145E+00
     66221  1.490103E+00 -7.728712E+00 -7.690061E+00
     66222  1.950006E-01 -6.348095E+00 -1.139814E+01
     66223  1.368818E+00 -7.692930E+00 -9.973452E+00
     66224 -2.415261E-01 -7.374453E+00 -1.596350E+01
     66225  1.198846E+00 -7.099205E+00 -1.597697E+01
     66226 -1.297655E-01 -6.559531E+00 -1.197558E+01
     66227  1.378690E+00 -7.116760E+00 -1.284061E+01
     66228  6.256724E-01 -4.576482E+00 -7.292183E+00
     66701  4.000079E-02 -4.371384E-02  1.163397E-01
     66702  1.883883E-02 -2.829665E-01  7.515070E-03
     66703  4.681099E-01 -8.342447E-01  7.194362E-01
     66704  2.118449E-01 -2.290139E-01  1.804479E-01
     66705  1.358059E-01  1.135114E-01  5.270813E-02
     66706  1.019688E+00 -9.750195E-01 -7.090251E-01
     66707  3.231370E-01 -1.807088E+00 -2.264587E+00
     66708 -1.888982E-01 -3.218300E+00 -4.303589E+00
     66709 -4.646091E-01 -4.069806E+00 -5.050029E+00
     66710  2.806031E-01 -2.799571E+00 -4.271103E+00
     66711  9.290499E-01 -1.461331E+00 -1.932160E+00
     66712 -7.846603E-01 -5.472396E+00 -5.356826E+00
     66713 -1.492123E+00 -6.552371E+00 -6.948723E+00
     66714 -9.265306E-01 -5.136011E+00 -6.754366E+00
     66715  3.295415E-01 -3.254192E+00 -5.599023E+00
     66716 -1.009052E+00 -5.344220E+00 -1.894465E+01
     66717  3.251356E-01 -5.740878E+00 -2.759184E+01
     66718  9.607711E-01 -6.195222E+00 -1.941326E+01
     66719 -1.481468E+00 -6.030543E+00 -9.718821E+00
     66720 -1.088854E+00 -6.309420E+00 -1.406294E+01
     66721  1.716461E-01 -6.561296E+00 -1.407199E+01
     66722 -1.435540E-01 -5.672303E+00 -9.985909E+00
     66723 -1.264667E+00 -6.342330E+00 -1.130056E+01
     66724  9.969365E-02 -5.867108E+00 -1.060609E+01
     66725 -1.204336E+00 -6.902867E+00 -8.773735E+00
     66726 -5.451746E-01 -4.072683E+00 -6.500724E+00
     66727 -1.321749E+00 -6.956574E+00 -6.721241E+00
     66728 -1.332238E+00 -6.630112E+00 -7.661987E+00

 total force (fx,fy,fz) for set FEET and time  0.5000000E+01

       -2.374747E-09 -9.192533E+02  7.713451E+02

                        S T E P       6


                                INCREMENT     1


 displacements (vx,vy,vz) for set TOP and time  0.6000000E+01

     34613  1.771532E-02 -8.998225E-01  7.729066E-01
     35398 -5.821408E-05 -9.756116E-01  8.310003E-01
     36840  3.247437E-02 -7.072967E-01  6.362500E-01
     43270 -1.452548E-02 -9.557608E-01  8.136024E-01
     45923 -3.121136E-02 -6.913725E-01  6.157283E-01

 forces (fx,fy,fz) for set FEET and time  0.6000000E+01

       151  2.620715E-01 -2.323917E-01 -2.020153E-01
       155  1.535789E-01  2.436720E-01 -1.902135E+00
       156 -6.976910E-03 -1.488149E-01 -2.552978E-01
       160  3.459033E-03  7.681232E-02 -2.124972E-02
       161 -2.360789E-01 -2.150466E-01 -1.691750E-01
       165 -1.197671E-01  1.906632E-01 -1.671598E+00
       194 -1.921831E+01 -1.298573E+01 -2.706011E+01
       195 -1.939888E-01  4.927693E-01 -9.403654E-01
       196 -5.635686E-01 -1.139876E+00  2.636796E-01
       197  1.730456E+01 -8.665569E+00 -2.042691E+01
       221  5.543907E-01 -1.120556E+00  2.957876E-01
       222 -1.575650E+01 -7.716681E+00 -1.834189E+01
       225  2.163848E-01  5.297292E-01 -9.178995E-01
       226  1.772958E+01 -1.213745E+01 -2.519103E+01
       234 -2.844554E-01  1.355865E+00  3.093416E+00
       236  2.555871E-01  1.219611E+00  2.778743E+00
       242 -5.127837E-01 -2.759020E-02 -1.259761E+00
       245 -2.526550E+00  1.642264E+00  3.220623E+00
       246  4.713220E+00  3.913085E+00  7.339927E+00
       253  4.504546E-01 -1.778128E-02 -1.133195E+00
       254 -4.174930E+00  3.465614E+00  6.530857E+00
       255  2.206278E+00  1.417156E+00  2.802700E+00
      3486  8.600392E-01  1.300233E+00  1.249181E+00
      3512 -5.995623E-03 -1.488068E-01 -1.867741E-03
      3525  3.510904E-01 -1.009421E-01  3.536364E-02
      3526  2.296909E-02 -4.461231E-01  5.740783E-01
      3527 -4.588790E-01 -5.056482E-01  1.246070E+00
      3528 -3.778631E-01 -4.799097E-01  8.880165E-01
      3529 -5.129693E-01 -2.635374E-01  3.082421E-01
      3530 -3.067086E-01 -1.990910E-01 -4.960224E-02
      3531 -3.581211E-01 -5.876100E-02 -4.253453E-01
      3532 -1.592380E-01  6.721641E-02 -6.655755E-01
      3533 -1.745116E-01  2.002436E-02 -6.357508E-01
      3534 -1.607424E-01  4.157905E-02 -7.751999E-01
      3535 -2.255144E-02  3.927276E-02 -7.592778E-01
      3536 -9.694289E-02  3.612009E-02 -7.268069E-01
      3537  1.555381E-02  2.372740E-02 -6.721672E-01
      3538 -7.090127E-02  1.108496E-02 -6.110888E-01
      3539  2.392286E-02 -2.031254E-03 -5.538220E-01
      3540 -6.981554E-02 -1.242165E-02 -5.019064E-01
      3541  1.653416E-02 -2.241844E-02 -4.615428E-01
      3542 -7.849380E-02 -2.459177E-02 -4.351960E-01
      3543  6.320008E-03 -3.041609E-02 -4.159044E-01
      3544 -8.075002E-02 -2.673132E-02 -4.160837E-01
      3545 -7.404422E-02  1.217217E-02 -4.425526E-01
      3546 -2.155695E-02 -4.503111E-02 -3.579597E-01
      3547 -5.991877E-02 -2.578807E-02 -4.199331E-01
      3548 -2.240710E-02  3.074662E-02 -4.286906E-01
      3549 -7.486540E-03 -3.480938E-02 -3.434241E-01
      3550 -4.430361E-02 -3.227648E-02 -3.894827E-01
      3551  2.061683E-02  1.174663E-02 -4.338168E-01
      3552  3.755123E-02 -7.096101E-02 -2.879126E-01
      3553  1.380792E-02 -7.105096E-02 -2.750161E-01
      3554 -7.290912E-02 -3.240001E-02 -3.363688E-01
      3555  4.219251E-01  2.385925E+00  4.340032E+00
      3556 -3.767658E-01  8.213894E-01  5.332843E+00
      3557 -2.391635E+00  8.691662E-01  8.328077E+00
      3558 -3.213200E+00  7.246856E-01  7.067876E+00
      3559 -3.374413E+00  5.774343E-01  5.530587E+00
      3560 -3.255734E+00  4.636115E-01  3.779426E+00
      3561 -2.886741E+00  3.473249E-01  2.547978E+00
      3562 -2.476524E+00  1.481567E-01  1.298228E+00
      3563 -2.026226E+00  1.083044E-01  6.317990E-01
      3564 -1.637434E+00  9.845938E-03  1.572900E-01
      3565 -1.320529E+00 -1.325367E-01 -3.125143E-01
      3566 -1.042654E+00 -8.852662E-02 -2.568544E-01
      3567 -8.552875E-01 -1.856699E-01 -4.326921E-01
      3568 -7.047377E-01 -1.192657E-01 -1.954530E-01
      3569 -6.216085E-01 -1.837712E-01 -2.447237E-01
      3570 -5.583324E-01 -1.147012E-01  2.906583E-02
      3571 -5.385874E-01 -1.619311E-01 -1.256412E-02
      3572 -5.171191E-01 -1.006050E-01  2.156380E-01
      3573 -5.150951E-01 -1.429368E-01  1.228198E-01
      3574 -4.914593E-01 -8.913288E-02  2.835468E-01
      3575 -4.436900E-01 -1.024178E-01  2.011591E-01
      3576 -4.031645E-01 -6.927808E-02  1.793229E-01
      3577 -3.602186E-01 -7.926603E-02  2.764427E-01
      3578 -2.688392E-01 -8.793206E-02  1.954226E-01
      3579 -1.980065E-01 -6.595108E-02  2.989761E-01
      3580 -1.278024E-01 -5.940626E-02  3.892299E-01
      3581 -6.566924E-02 -1.044997E-01  3.509604E-01
      3582 -1.215924E-02 -2.628980E-02  4.691429E-01
      3583 -9.715999E-03 -4.673109E-02  6.739969E-01
      3584  9.776839E-03 -2.862102E-02  7.510146E-01
      3585  3.569794E-02 -3.194770E-02  6.715339E-01
      3769  3.889714E-01 -7.354350E-01 -3.182020E-01
      3770  1.404259E-01 -1.881886E+00  8.524909E-01
      3771  1.272304E-01 -1.769427E+00  1.025094E+00
      3772 -5.812249E-02 -1.237790E+00  8.317878E-01
      3773  9.578707E-02 -7.644102E-01  4.859505E-01
      3774 -9.393989E-03 -2.495653E-01  2.893227E-01
      3775  4.188758E-02  6.368759E-02  8.265946E-02
      3776 -1.447313E-02  2.396899E-01 -1.534220E-01
      3777  4.008055E-02  6.087941E-01  2.609688E-02
      3778 -9.532590E-03  5.355144E-01 -1.180595E-01
      3779  5.332655E-02  5.828551E-01 -1.437878E-01
      3780 -1.436175E-02  5.437117E-01 -1.125556E-01
      3781  4.922793E-02  5.184245E-01 -1.093153E-01
      3782 -1.266407E-02  4.484715E-01 -6.294187E-02
      3783  4.121278E-02  4.092892E-01 -5.339833E-02
      3784 -9.043447E-03  3.438125E-01 -1.323714E-02
      3785  3.397040E-02  3.192236E-01 -8.290922E-03
      3786 -6.374093E-03  2.767528E-01  1.508005E-02
      3787  2.916894E-02  2.755046E-01  1.221865E-02
      3788 -6.132930E-03  2.555160E-01  1.610839E-02
      3789 -3.591735E-02  2.710970E-01  1.779349E-02
      3790  7.100650E-03  3.665281E-01  1.141741E-01
      3791 -1.014651E-02  2.565609E-01  1.324088E-02
      3792 -5.367209E-02  2.847448E-01 -3.956894E-03
      3793  1.502293E-02  3.361059E-01  9.011138E-02
      3794 -9.390924E-03  2.177538E-01  3.162598E-02
      3795 -3.953311E-03  1.260270E-01 -4.043539E-02
      3796  6.284881E-03  2.649194E-01  1.484390E-01
      3797 -2.613043E-03  2.323232E-01  1.462787E-01
      3798 -9.157880E-03  1.213510E-01  8.473359E-02
      3799  8.307608E-01  2.484654E-01 -5.272130E-01
      3800  1.807177E-01 -2.196420E+00  2.979769E+00
      3801 -4.719119E-01 -3.172724E+00  4.034508E+00
      3802 -7.903199E-01 -1.838574E+00  3.201272E+00
      3803 -8.878353E-01 -1.901113E+00  2.496839E+00
      3804 -7.982094E-01 -7.127638E-01  1.245422E+00
      3805 -7.139043E-01 -4.578116E-01  6.161652E-01
      3806 -5.730928E-01  7.722406E-02 -1.272774E-01
      3807 -4.270428E-01  3.283855E-01 -5.125447E-01
      3808 -3.498042E-01  5.212051E-01 -6.247422E-01
      3809 -2.742985E-01  4.679411E-01 -8.110180E-01
      3810 -2.092210E-01  5.996059E-01 -7.428472E-01
      3811 -1.655898E-01  4.389098E-01 -7.584093E-01
      3812 -1.319308E-01  4.885094E-01 -5.973523E-01
      3813 -1.171779E-01  3.307702E-01 -5.724812E-01
      3814 -1.046676E-01  3.322508E-01 -3.947442E-01
      3815 -1.054252E-01  2.272024E-01 -3.954840E-01
      3816 -1.039014E-01  2.182434E-01 -2.475131E-01
      3817 -1.069159E-01  1.701833E-01 -2.981481E-01
      3818 -1.058069E-01  1.755614E-01 -1.937821E-01
      3819 -9.735356E-02  1.655146E-01 -2.677744E-01
      3820 -7.156225E-02  1.785386E-01 -2.760584E-01
      3821 -6.957936E-02  1.756685E-01 -1.972365E-01
      3822 -5.769336E-02  1.696221E-01 -2.727876E-01
      3823 -1.032345E-02  1.791726E-01 -2.538918E-01
      3824 -1.423103E-02  1.463406E-01 -1.386266E-01
      3825 -1.214377E-02  1.026579E-01 -1.975889E-01
      3826  2.729286E-02  5.483129E-02 -9.694956E-02
      3827  2.520121E-02  6.373735E-03  3.585195E-02
      3828  1.793328E-02 -1.335414E-02  8.738153E-02
      3829  2.502557E-03 -2.071462E-02 -7.907611E-03
      3843 -7.149384E-01  1.153022E+00  1.205345E+00
      3856  2.032324E-02 -7.825874E-02 -2.571264E-01
      3857 -1.691746E-02 -7.314240E-02 -2.533029E-01
      3858 -1.507103E-02 -6.735512E-02 -2.768425E-01
      3859 -1.675229E-02 -5.892442E-02 -2.931495E-01
      3860 -1.046207E-02 -5.686482E-02 -3.224585E-01
      3861  5.420486E-03 -4.775076E-02 -3.327818E-01
      3862  9.166318E-03 -4.133976E-02 -3.425149E-01
      3863  2.099589E-02 -3.358450E-02 -3.384408E-01
      3864  2.789749E-02 -3.190430E-02 -3.496125E-01
      3865  3.346391E-02 -3.065896E-02 -3.529891E-01
      3866  3.964060E-02 -2.978112E-02 -3.582048E-01
      3867  4.365747E-02 -3.042141E-02 -3.644797E-01
      3868  4.608154E-02 -2.982526E-02 -3.742675E-01
      3869  4.665127E-02 -2.845720E-02 -3.897867E-01
      3870  4.592363E-02 -2.542461E-02 -4.113934E-01
      3871  4.460437E-02 -2.116020E-02 -4.423642E-01
      3872  4.438881E-02 -1.421016E-02 -4.796947E-01
      3873  4.854896E-02 -6.782450E-03 -5.233419E-01
      3874  6.025133E-02  1.424347E-03 -5.642065E-01
      3875  7.677593E-02  8.449039E-03 -5.897955E-01
      3876  1.118445E-01  7.726708E-03 -5.992664E-01
      3877  1.640978E-01 -4.440677E-03 -5.697571E-01
      3878  2.219454E-01 -3.158270E-02 -4.718152E-01
      3879  2.975308E-01 -7.967095E-02 -2.962774E-01
      3880  3.788313E-01 -1.550136E-01 -2.396740E-02
      3881  4.480698E-01 -2.580203E-01  3.454869E-01
      3882  4.741149E-01 -3.737735E-01  7.759503E-01
      3883  3.903462E-01 -4.633826E-01  1.140591E+00
      3884  2.962040E-04 -3.939437E-01  5.234295E-01
      3885 -2.370054E-01 -3.297439E-01  1.472715E-01
      3886 -5.653761E-02 -3.125636E-03  7.072678E-01
      3887 -4.357171E-02 -6.030672E-02  7.561246E-01
      3888 -4.649183E-02 -5.059459E-02  6.639567E-01
      3889 -2.401961E-02 -5.889689E-02  5.751817E-01
      3890  1.267447E-02 -6.479316E-02  4.663135E-01
      3891  7.564684E-02 -7.172784E-02  3.701595E-01
      3892  1.410557E-01 -8.951599E-02  2.878281E-01
      3893  2.296704E-01 -8.448918E-02  2.040424E-01
      3894  3.053066E-01 -9.223328E-02  1.653660E-01
      3895  3.865025E-01 -9.751461E-02  1.365078E-01
      3896  4.605190E-01 -9.976158E-02  1.197294E-01
      3897  5.257079E-01 -1.048751E-01  1.108232E-01
      3898  5.836247E-01 -1.080748E-01  1.043773E-01
      3899  6.327987E-01 -1.103829E-01  9.427294E-02
      3900  6.770561E-01 -1.121021E-01  7.628171E-02
      3901  7.194516E-01 -1.143325E-01  4.543956E-02
      3902  7.721174E-01 -1.140455E-01  5.109290E-03
      3903  8.435071E-01 -1.103413E-01 -3.758168E-02
      3904  9.517774E-01 -1.012334E-01 -6.220381E-02
      3905  1.106703E+00 -8.500328E-02 -2.865626E-02
      3906  1.320318E+00 -4.557777E-02  6.987263E-02
      3907  1.603534E+00  1.395243E-02  3.030494E-01
      3908  1.950900E+00  8.826400E-02  7.523224E-01
      3909  2.336674E+00  1.905885E-01  1.428856E+00
      3910  2.721205E+00  3.109774E-01  2.377802E+00
      3911  3.035772E+00  4.345486E-01  3.599003E+00
      3912  3.178662E+00  5.396322E-01  5.027900E+00
      3913  2.996032E+00  6.219794E-01  6.485570E+00
      3914  2.312505E+00  8.143987E-01  7.563383E+00
      3915  4.345928E-01  7.994431E-01  4.863649E+00
      3916 -3.186371E-01  2.152279E+00  3.945166E+00
      4100 -1.784647E-02  1.981392E-01  1.831563E-01
      4101 -3.771974E-04  2.165053E-01  1.845630E-01
      4102 -4.209208E-04  2.357783E-01  1.628469E-01
      4103 -1.287613E-03  2.679813E-01  1.393577E-01
      4104 -6.186416E-03  2.975977E-01  1.227809E-01
      4105 -2.006550E-03  3.124105E-01  1.006794E-01
      4106 -7.429797E-03  3.306151E-01  9.591172E-02
      4107 -1.481802E-02  3.285423E-01  8.264881E-02
      4108 -1.292451E-02  3.414229E-01  7.015077E-02
      4109 -1.525274E-02  3.481199E-01  6.993656E-02
      4110 -1.432427E-02  3.530920E-01  6.713803E-02
      4111 -1.665358E-02  3.636233E-01  7.278076E-02
      4112 -1.819216E-02  3.747810E-01  7.214691E-02
      4113 -1.986156E-02  3.915493E-01  6.946027E-02
      4114 -2.070317E-02  4.151538E-01  6.349422E-02
      4115 -2.203821E-02  4.486582E-01  5.569639E-02
      4116 -2.365766E-02  4.877789E-01  4.247842E-02
      4117 -2.426276E-02  5.317285E-01  2.907351E-02
      4118 -3.005306E-02  5.732197E-01  1.306979E-02
      4119 -2.825698E-02  5.889976E-01  9.159282E-03
      4120 -2.920427E-02  5.712367E-01  2.036570E-02
      4121 -4.296793E-02  5.088414E-01  4.182118E-02
      4122 -4.722555E-02  3.724988E-01  9.384763E-02
      4123 -5.667023E-02  1.305277E-01  1.835823E-01
      4124 -6.688237E-02 -2.247669E-01  3.232056E-01
      4125 -7.740391E-02 -6.910574E-01  5.132791E-01
      4126 -8.766583E-02 -1.222094E+00  7.317854E-01
      4127 -1.129515E-01 -1.686602E+00  9.088752E-01
      4128 -1.381915E-01 -1.852155E+00  8.077842E-01
      4129 -3.012326E-01 -1.021760E+00 -3.033862E-01
      4130  4.139052E-05 -2.272262E-02  3.956959E-02
      4131 -5.118744E-03 -9.433617E-02  1.555133E-01
      4132 -2.159068E-02 -3.905388E-04  1.133962E-01
      4133 -3.674901E-02  2.789699E-02  4.757261E-02
      4134 -2.772389E-02  8.050350E-02 -2.506817E-02
      4135 -2.382294E-03  1.628350E-01 -6.334775E-02
      4136  2.119543E-02  1.573257E-01 -1.307925E-01
      4137  5.236121E-02  2.004372E-01 -1.599150E-01
      4138  4.956200E-02  2.138066E-01 -1.999625E-01
      4139  6.680511E-02  2.261914E-01 -2.138508E-01
      4140  8.465007E-02  2.351232E-01 -2.264986E-01
      4141  9.753448E-02  2.408240E-01 -2.250420E-01
      4142  1.080753E-01  2.476522E-01 -2.322387E-01
      4143  1.163537E-01  2.610744E-01 -2.478790E-01
      4144  1.235376E-01  2.833070E-01 -2.753568E-01
      4145  1.291710E-01  3.156119E-01 -3.145670E-01
      4146  1.370390E-01  3.592534E-01 -3.683603E-01
      4147  1.499776E-01  4.111006E-01 -4.331970E-01
      4148  1.714593E-01  4.608833E-01 -4.932025E-01
      4149  2.190463E-01  4.965838E-01 -5.501960E-01
      4150  2.889253E-01  4.963766E-01 -5.420510E-01
      4151  3.484174E-01  4.346825E-01 -4.437478E-01
      4152  4.241201E-01  2.754495E-01 -2.601557E-01
      4153  5.322979E-01 -3.937557E-03  8.772957E-02
      4154  6.478630E-01 -4.357745E-01  6.279722E-01
      4155  7.504308E-01 -1.035827E+00  1.377828E+00
      4156  8.056164E-01 -1.768198E+00  2.297076E+00
      4157  7.476604E-01 -2.512412E+00  3.224148E+00
      4158  4.774661E-01 -2.961061E+00  3.691419E+00
      4159 -1.454690E-01 -2.477142E+00  2.805098E+00
      4160 -6.929165E-01  1.432732E-01 -3.642768E-01
      4882 -2.866400E+00  1.102981E+00 -3.007150E+00
      4883 -5.754115E+00  1.077174E-01 -4.950788E+00
      4884 -1.001170E+01 -1.730296E-01 -7.146312E+00
      4885 -1.947280E+01  9.195953E-02 -8.489220E+00
      4886 -2.634417E-01  1.410517E+00 -4.708133E-01
      4887 -5.199334E+00  4.222771E+00 -1.244970E+01
      4888 -1.078046E+01  5.630619E+00 -2.624165E+01
      4889 -2.159771E+01  6.298292E+00 -4.357211E+01
      4890 -3.336880E+01  5.812115E+00 -6.823557E+01
      5039  1.234910E+00 -5.960902E-01  1.755879E+00
      5040  4.830963E+00 -2.695270E+01 -1.121690E+02
      5041 -3.979844E+00  1.673530E+00  2.248093E+00
      5042 -1.443897E+00  7.449635E-01  9.876695E-01
      5043  1.868527E+00  5.993623E-01 -6.940485E-01
      5044  1.104334E+01  5.146703E-01 -3.542931E+00
      5045 -3.865022E+00 -1.332000E+00  9.951311E+00
      5046 -2.690352E+00  3.263705E+00  5.747117E+00
      5047  3.099326E+00  5.279765E+00 -6.506196E+00
      5048  1.312097E+01  6.803484E+00 -2.499826E+01
      5049  2.539642E+01  8.080934E+00 -5.427516E+01
      5789  4.026146E+00  1.520574E+00  2.255321E+00
      5790  1.765016E+00  6.860787E-01  1.176163E+00
      5791 -1.256449E+00  5.467054E-01 -3.807356E-01
      5792 -9.740755E+00  5.106833E-01 -2.937571E+00
      5793  3.727196E+00 -1.355538E+00  9.584378E+00
      5794  2.866577E+00  2.938976E+00  6.128749E+00
      5795 -2.438120E+00  4.824824E+00 -4.988412E+00
      5796 -1.150062E+01  6.260230E+00 -2.190635E+01
      5797 -2.296326E+01  7.506585E+00 -4.901385E+01
      5955 -1.256523E+00 -5.436214E-01  1.600716E+00
      5956 -4.895858E+00 -2.471062E+01 -1.028286E+02
      5957  2.890484E+00  1.001293E+00 -3.028772E+00
      5958  5.586093E+00  8.808510E-02 -4.877954E+00
      5959  9.553090E+00 -1.708621E-01 -6.917528E+00
      5960  1.833245E+01  6.238974E-02 -8.014455E+00
      5961  4.316361E-01  1.433355E+00 -9.126560E-01
      5962  5.123449E+00  3.932839E+00 -1.229385E+01
      5963  1.027612E+01  5.192212E+00 -2.506160E+01
      5964  2.031575E+01  5.767933E+00 -4.096724E+01
      5965  3.093115E+01  5.237443E+00 -6.330839E+01
      6592 -7.788685E-01  5.182569E+00  6.752818E+00
      6597  7.845915E-01  4.633628E+00  6.084687E+00
      6599 -4.789612E-01  1.124360E+00  2.891649E+00
      6600 -4.985042E-01 -7.535983E-02 -1.358231E-01
      6601 -4.984357E-02 -8.738741E-02 -3.397005E-01
      6602  7.220966E-02  1.525751E-01  8.090733E-02
      6603  6.321414E-02  4.489871E-01  6.162700E-01
      6604 -1.226638E-03  6.416611E-01  1.006825E+00
      6605 -4.211251E-02  7.791483E-01  1.261382E+00
      6606 -7.248476E-02  8.192972E-01  1.370392E+00
      6607 -8.903849E-02  8.172912E-01  1.377756E+00
      6608 -8.614981E-02  8.067410E-01  1.349984E+00
      6609 -8.692805E-02  7.401464E-01  1.256936E+00
      6610 -7.604660E-02  7.031769E-01  1.176086E+00
      6611 -7.069139E-02  6.277036E-01  1.062257E+00
      6612 -5.782663E-02  5.948120E-01  9.846174E-01
      6613 -5.247633E-02  5.317780E-01  8.900810E-01
      6614 -4.118450E-02  5.155483E-01  8.404907E-01
      6615 -3.771650E-02  4.710569E-01  7.792272E-01
      6616 -2.886498E-02  4.729418E-01  7.623893E-01
      6617 -2.679840E-02  4.450212E-01  7.324810E-01
      6618 -2.305102E-02  4.583506E-01  7.358835E-01
      6619 -1.475245E-02  4.677344E-01  7.347087E-01
      6620 -1.367107E-02  4.440397E-01  7.357869E-01
      6621 -1.181087E-02  4.582379E-01  7.481740E-01
      6622 -9.225389E-03  4.422152E-01  7.428546E-01
      6623 -8.718870E-03  4.346971E-01  7.278663E-01
      6624 -1.008786E-02  4.476120E-01  7.193712E-01
      6625  2.649338E-03  4.497025E-01  6.951718E-01
      6626 -2.672710E-03  4.052352E-01  6.755794E-01
      6627 -2.553141E-03  3.963604E-01  6.588606E-01
      6628 -2.819406E-02  3.671943E-01  7.332293E-01
      6629  1.407696E-02  3.578896E-01  7.232831E-01
      6630 -6.909871E-04  3.781081E-01  6.390712E-01
      6631 -6.608740E-04  3.933178E-01  6.542036E-01
      6632 -8.463109E-04  3.957397E-01  6.654510E-01
      6633  2.849098E-03  4.040161E-01  6.788575E-01
      6634  2.451085E-03  4.173742E-01  6.950635E-01
      6635  4.031986E-03  4.062967E-01  6.877134E-01
      6636  1.147878E-02  4.088106E-01  6.793602E-01
      6637  1.357816E-02  4.067268E-01  6.796248E-01
      6638  1.749517E-02  4.094769E-01  6.819214E-01
      6639  2.213488E-02  4.133575E-01  6.846938E-01
      6640  2.709955E-02  4.184597E-01  6.922469E-01
      6641  3.243154E-02  4.269889E-01  7.057295E-01
      6642  3.821975E-02  4.404853E-01  7.286110E-01
      6643  4.454996E-02  4.603885E-01  7.632150E-01
      6644  5.187326E-02  4.868095E-01  8.104097E-01
      6645  6.017162E-02  5.221311E-01  8.743181E-01
      6646  6.832538E-02  5.655026E-01  9.516808E-01
      6647  7.638445E-02  6.143829E-01  1.039172E+00
      6648  8.367618E-02  6.625545E-01  1.129182E+00
      6649  8.713386E-02  7.120612E-01  1.206475E+00
      6650  8.325544E-02  7.463291E-01  1.252331E+00
      6651  6.997269E-02  7.449705E-01  1.242911E+00
      6652  4.312094E-02  7.018565E-01  1.145967E+00
      6653  7.883233E-04  5.940757E-01  9.282329E-01
      6654 -4.801560E-02  4.083884E-01  5.677987E-01
      6655 -6.603263E-02  1.596841E-01  9.762794E-02
      6656  4.740737E-02 -7.009442E-02 -2.911696E-01
      6657  4.441532E-01 -6.298711E-02 -1.293556E-01
      6658  4.625463E-01  1.003075E+00  2.556755E+00
      6659 -1.970866E+00  5.060536E+00  9.314349E+00
      6660 -1.519893E+00  2.139636E+00  3.824099E+00
      6661 -1.935582E+00  1.878205E+00  3.328336E+00
      6662 -1.757831E+00  1.692953E+00  3.115901E+00
      6663 -1.751999E+00  1.767016E+00  3.570111E+00
      6664 -1.732142E+00  1.841772E+00  4.008694E+00
      6665 -1.634654E+00  1.796990E+00  4.181745E+00
      6666 -1.477271E+00  1.704580E+00  4.164131E+00
      6667 -1.293219E+00  1.564714E+00  3.976064E+00
      6668 -1.094141E+00  1.414458E+00  3.728332E+00
      6669 -9.225118E-01  1.288292E+00  3.475868E+00
      6670 -7.764209E-01  1.168468E+00  3.210181E+00
      6671 -6.599704E-01  1.075721E+00  2.978211E+00
      6672 -5.677023E-01  9.959974E-01  2.769672E+00
      6673 -5.034840E-01  9.417239E-01  2.608457E+00
      6674 -4.536453E-01  8.948888E-01  2.473635E+00
      6675 -4.225752E-01  8.685101E-01  2.381693E+00
      6676 -3.936138E-01  8.438981E-01  2.308814E+00
      6677 -3.719382E-01  8.343007E-01  2.268780E+00
      6678 -3.396226E-01  8.236076E-01  2.243376E+00
      6679 -3.101657E-01  8.262331E-01  2.249780E+00
      6680 -2.790060E-01  8.366018E-01  2.252464E+00
      6681 -2.256260E-01  8.310701E-01  2.253179E+00
      6682 -1.836593E-01  8.440005E-01  2.270607E+00
      6683 -1.363470E-01  8.507092E-01  2.273332E+00
      6684 -8.801474E-02  8.616741E-01  2.291971E+00
      6685 -5.610206E-02  8.720883E-01  2.309048E+00
      6686 -4.187664E-02  8.811121E-01  2.302087E+00
      6687 -2.266961E-02  8.793031E-01  2.284124E+00
      6688 -1.206496E-02  8.856422E-01  2.289969E+00
      6689 -2.313193E-02  8.911378E-01  2.218082E+00
      6690 -3.436836E-02  8.719891E-01  2.246150E+00
      6691 -1.474160E-02  8.569205E-01  2.222855E+00
      6692 -6.889545E-03  8.414266E-01  2.205282E+00
      6693  1.702562E-02  8.231740E-01  2.181763E+00
      6694  5.386264E-02  8.053680E-01  2.165506E+00
      6695  7.960211E-02  7.804335E-01  2.122858E+00
      6696  1.331775E-01  7.509781E-01  2.056297E+00
      6697  1.930068E-01  7.378347E-01  2.021756E+00
      6698  2.523302E-01  7.235674E-01  1.999813E+00
      6699  3.064918E-01  7.193126E-01  1.995245E+00
      6700  3.588461E-01  7.201201E-01  2.002758E+00
      6701  4.079161E-01  7.286865E-01  2.027739E+00
      6702  4.542352E-01  7.449392E-01  2.072476E+00
      6703  4.985076E-01  7.702299E-01  2.141497E+00
      6704  5.422506E-01  8.054204E-01  2.237102E+00
      6705  5.924558E-01  8.521950E-01  2.363935E+00
      6706  6.514452E-01  9.141826E-01  2.526856E+00
      6707  7.266621E-01  9.908703E-01  2.723550E+00
      6708  8.237951E-01  1.085301E+00  2.951930E+00
      6709  9.449690E-01  1.198156E+00  3.203991E+00
      6710  1.091556E+00  1.322102E+00  3.456326E+00
      6711  1.256809E+00  1.449942E+00  3.680211E+00
      6712  1.423188E+00  1.570682E+00  3.835970E+00
      6713  1.566625E+00  1.658600E+00  3.859212E+00
      6714  1.657464E+00  1.684332E+00  3.687153E+00
      6715  1.684178E+00  1.631440E+00  3.306436E+00
      6716  1.688950E+00  1.554598E+00  2.891166E+00
      6717  1.828146E+00  1.719138E+00  3.056201E+00
      6718  1.402486E+00  1.915757E+00  3.419168E+00
      6719  1.814551E+00  4.535535E+00  8.347203E+00
      7093  8.463158E-01  2.287868E+00 -3.413758E+00
      7122  5.822315E-03  1.250927E+01  2.799494E+01
      7140 -5.939343E-01  6.519831E-02 -3.970207E-01
      7141 -6.788005E-01  8.481846E-02  1.892065E-01
      7142 -3.017993E+00  3.298241E+00  7.168989E+00
      7143 -1.813652E+00  3.874171E+00  4.109671E+00
      7144 -1.918025E+00  3.509240E+00  4.306753E+00
      7145  4.168170E+00 -8.399178E-02  2.818508E+00
      7146  2.990556E+00 -1.195861E-01  1.685160E+00
      7147  1.988265E+00  6.151153E-03  1.438193E+00
      7148  8.823373E+00  3.313732E+00  2.025781E+01
      7149  5.198503E+00  3.544322E+00  1.241585E+01
      7150  3.338439E+00  3.484230E+00  8.620875E+00
      7151  2.002793E+00  1.883606E+00  4.402297E+00
      7191 -7.340124E-01  1.991942E+00 -2.935353E+00
      7220 -3.265478E-02  1.105392E+01  2.468879E+01
      7238 -3.693954E+00 -8.083892E-02  2.515099E+00
      7239 -2.637108E+00 -1.109992E-01  1.475705E+00
      7240 -1.741568E+00 -7.811881E-05  1.236376E+00
      7241 -7.826192E+00  2.935815E+00  1.794846E+01
      7242 -4.580690E+00  3.149775E+00  1.095160E+01
      7243 -2.924836E+00  3.102867E+00  7.578809E+00
      7244 -1.750935E+00  1.669297E+00  3.858427E+00
      7245  4.808784E-01  6.706950E-02 -4.006229E-01
      7246  5.958055E-01  8.152602E-02  1.535446E-01
      7247  2.600823E+00  2.943163E+00  6.156657E+00
      7248  1.574291E+00  3.484395E+00  3.538824E+00
      7249  1.710189E+00  3.162682E+00  3.839531E+00
     49076  2.653456E-02  9.864950E-02  3.331969E-02
     49077  8.637954E-03  1.075452E-01  3.876527E-02
     49078  6.871571E-03  9.287162E-02  3.410673E-02
     49079 -8.704846E-03  5.290787E-02  1.950888E-02
     49080  6.468021E-03  8.026481E-02  3.005591E-02
     49081 -1.068034E-02  4.357287E-02  3.038474E-03
     49082 -8.954786E-03  4.986935E-02  2.424762E-03
     49083  3.090705E-03  1.167614E-01 -4.042135E-02
     49084  6.139971E-03  1.117486E-01 -3.480457E-02
     49085 -8.650495E-04  1.016906E-01 -2.557406E-02
     49086  6.519611E-03  7.248993E-02  2.738180E-02
     49087 -1.009360E-02  4.303703E-02  3.175315E-03
     49088 -1.417852E-02  5.888751E-02  4.327068E-03
     49089  9.373976E-03  1.594480E-01 -8.308733E-02
     49090 -1.244235E-03  1.056092E-01 -2.423899E-02
     49091  2.335324E-04  9.881686E-02 -2.555797E-02
     49092  6.012056E-03  1.279004E-01 -5.986142E-02
     49093  1.637495E-02  9.191010E-02 -8.792839E-02
     49094 -2.209779E-02  1.435752E-01 -1.116517E-01
     49095  4.596974E-02 -7.273693E-02 -2.738442E-02
     49096  3.672205E-02  3.031531E-02  3.197637E-03
     49097  3.217112E-03  1.459761E-01 -3.449211E-02
     49098  1.281452E-02  1.169444E-01  4.028259E-02
     49099  7.160074E-03  6.343720E-02  2.581280E-02
     49100 -1.966473E-02  5.780717E-02  6.155224E-03
     49101 -1.188159E-03  1.123081E-01 -2.281546E-02
     49102  4.926088E-03  1.052238E-01 -2.978365E-02
     49103  9.296231E-03  1.592955E-01 -5.301965E-02
     49104  1.735846E-04  1.231958E-01 -2.344251E-02
     49105 -3.872046E-03  7.375020E-02 -8.480143E-05
     49106  2.459021E-03  1.047250E-01 -3.146583E-02
     49107  1.166137E+00  1.727092E-01  1.289617E+00
     49108  7.361306E-01  1.311091E+00  1.960631E+00
     49109  5.645445E-01  9.763597E-01  2.920908E+00
     49110  1.038423E+00  4.606342E-01  1.934387E+00
     49111  2.281426E-02 -1.319207E-01  8.732458E-02
     49112 -9.995812E-03 -4.129265E-02 -6.194490E-02
     49113 -3.485799E-02 -7.258896E-02  6.301785E-02
     49114 -5.442889E-03 -8.513063E-02 -3.144759E-02
     49115  1.076350E-01  5.954614E-01  3.738239E+00
     49116 -2.902614E-01  3.258981E-01  4.219295E+00
     49117  4.593145E-01  1.985711E-01  3.535781E+00
     49118  1.990740E-01 -6.634835E-02  4.137674E+00
     49119 -8.999434E-01  2.119593E-01  4.458128E+00
     49120 -1.094942E+00  1.113057E-01  4.223396E+00
     49121 -4.570829E-01  1.025055E-01  4.468895E+00
     49122 -7.547899E-02  1.957410E-01  4.399775E+00
     49123 -9.620679E-01  1.556850E-01  4.997613E+00
     49124 -1.405388E+00 -3.675049E-02  3.757647E+00
     49125 -1.561202E+00 -1.836541E-02  3.317448E+00
     49126 -1.322291E+00  1.900662E-01  4.105350E+00
     49127 -1.256894E+00  2.227665E-01  4.690760E+00
     49128 -1.576176E+00 -2.920380E-01  4.651536E+00
     49129 -1.568867E+00 -1.710632E-02  2.819575E+00
     49130 -1.521528E+00  1.746229E-02  2.371932E+00
     49131 -1.742791E+00  2.036675E-02  3.069571E+00
     49132 -1.620299E+00  1.995101E-01  2.936836E+00
     49133 -1.515529E+00 -3.388327E-01  4.178859E+00
     49134 -1.578901E+00 -1.678032E-02  1.809320E+00
     49135 -1.436867E+00 -3.329914E-03  1.372350E+00
     49136 -1.592519E+00 -7.589822E-02  2.069100E+00
     49137 -1.852547E+00  1.449362E-02  2.523411E+00
     49138 -1.658868E+00 -1.678237E-01  2.048323E+00
     49139 -1.336796E+00 -9.693914E-02  8.905581E-01
     49140 -1.241095E+00 -8.016948E-02  5.816996E-01
     49141 -1.642586E+00 -2.431549E-01  1.007172E+00
     49142 -1.520432E+00 -2.038829E-01  1.583589E+00
     49143 -1.356458E+00  4.300827E-02  6.160546E-01
     49144 -1.201066E+00 -3.836731E-02  2.854824E-01
     49145 -1.032971E+00 -5.731568E-02 -4.896828E-04
     49146 -1.161755E+00 -2.992482E-01  2.895135E-01
     49147 -1.199469E+00 -8.160003E-02  7.252034E-02
     49148 -1.482771E+00 -8.789871E-02  3.268883E-01
     49149 -1.019830E+00 -5.247101E-02 -1.769053E-01
     49150 -8.298755E-01 -1.708592E-01 -4.375618E-01
     49151 -1.013092E+00 -3.773960E-01 -1.690736E-01
     49152 -1.104798E+00 -1.028060E-01 -2.166762E-01
     49153 -9.599989E-01 -1.585075E-01 -5.450943E-01
     49154 -7.280286E-01 -1.947644E-01 -5.746623E-01
     49155 -6.693615E-01 -1.710895E-01 -6.367140E-01
     49156 -8.123123E-01 -4.960434E-01 -6.779726E-01
     49157 -7.261407E-01 -1.488114E-01 -1.013297E+00
     49158 -9.826075E-01 -4.384787E-02 -8.355346E-01
     49159 -6.319000E-01 -7.829888E-02 -6.267042E-01
     49160 -4.713090E-01 -8.022324E-02 -6.591615E-01
     49161 -5.111502E-01 -4.180534E-01 -8.234891E-01
     49162 -7.671217E-01 -1.267884E-01 -1.115522E+00
     49163 -5.753997E-01 -4.254774E-02 -1.026716E+00
     49164 -4.459179E-01 -1.889748E-01 -7.568403E-01
     49165 -4.150800E-01 -1.912001E-01 -7.530436E-01
     49166 -6.474816E-01 -4.529118E-01 -9.034062E-01
     49167 -5.392919E-01 -5.577226E-02 -1.060372E+00
     49168 -4.088428E-01 -1.320473E-01 -1.200231E+00
     49169 -4.020545E-01 -8.735167E-02 -6.573804E-01
     49170 -2.849896E-01 -9.053611E-02 -6.278160E-01
     49171 -2.621578E-01 -4.122062E-01 -8.934948E-01
     49172 -3.438420E-01 -4.766713E-02 -1.017374E+00
     49173 -4.873621E-01 -1.172824E-01 -1.210398E+00
     49174 -2.913538E-01 -1.824347E-01 -6.595647E-01
     49175 -2.803552E-01 -1.858916E-01 -6.243788E-01
     49176 -4.483422E-01 -4.183252E-01 -8.183931E-01
     49177 -3.321206E-01 -5.198929E-02 -9.861606E-01
     49178 -2.483246E-01 -1.257861E-01 -1.040117E+00
     49179 -2.915200E-01 -8.785893E-02 -5.057427E-01
     49180 -2.022427E-01 -9.157395E-02 -4.625736E-01
     49181 -1.470313E-01 -3.741749E-01 -7.315187E-01
     49182 -2.410040E-01 -5.747433E-02 -7.905620E-01
     49183 -3.381880E-01 -9.645887E-02 -1.020728E+00
     49184 -2.281344E-01 -1.703264E-01 -4.744428E-01
     49185 -2.278141E-01 -1.732358E-01 -4.389798E-01
     49186 -3.583743E-01 -3.751198E-01 -6.207277E-01
     49187 -2.371553E-01 -5.886443E-02 -7.447008E-01
     49188 -1.844911E-01 -1.070215E-01 -7.931466E-01
     49189 -2.555055E-01 -8.444746E-02 -3.354729E-01
     49190 -1.826173E-01 -8.734433E-02 -3.044218E-01
     49191 -1.153757E-01 -3.360495E-01 -5.322416E-01
     49192 -2.154534E-01 -6.520575E-02 -5.531291E-01
     49193 -2.848934E-01 -7.873808E-02 -7.717933E-01
     49194 -2.151704E-01 -1.596246E-01 -3.255076E-01
     49195 -2.177490E-01 -1.609904E-01 -3.062728E-01
     49196 -3.345649E-01 -3.398741E-01 -4.508378E-01
     49197 -2.121863E-01 -6.656456E-02 -5.200738E-01
     49198 -1.747518E-01 -8.783969E-02 -6.031177E-01
     49199 -2.520435E-01 -8.063150E-02 -2.314324E-01
     49200 -1.816260E-01 -8.227159E-02 -2.209887E-01
     49201 -1.196915E-01 -3.106857E-01 -3.993973E-01
     49202 -2.801365E-01 -6.947103E-02 -5.945976E-01
     49203 -2.193563E-01 -6.790943E-02 -4.130620E-01
     49204 -2.105074E-01 -1.533199E-01 -2.619969E-01
     49205 -2.096556E-01 -1.518499E-01 -2.593680E-01
     49206 -3.301537E-01 -3.200978E-01 -3.690681E-01
     49207 -2.117933E-01 -7.051631E-02 -4.019388E-01
     49208 -1.742467E-01 -7.522539E-02 -5.228607E-01
     49209 -2.406089E-01 -7.671997E-02 -2.009349E-01
     49210 -1.769297E-01 -1.453592E-01 -2.736800E-01
     49211 -1.133118E-01 -2.973821E-01 -3.503402E-01
     49212 -2.043908E-01 -7.423869E-02 -3.755375E-01
     49213 -2.758613E-01 -6.874559E-02 -5.275129E-01
     49214 -2.565983E-01 -5.899566E-02 -2.102195E-01
     49215 -1.659075E-01 -1.773181E-01 -3.408062E-01
     49216 -5.750764E-02 -3.678476E-01 -3.478987E-01
     49217 -2.405296E-01 -2.637911E-02 -4.520093E-01
     49218 -1.926525E-01 -1.159280E-01 -3.819680E-01
     49219 -1.573386E-01 -1.666424E-01 -2.715784E-01
     49220 -1.514102E-01 -1.468440E-01 -2.659642E-01
     49221 -1.434207E-01 -3.737569E-01 -4.019285E-01
     49222 -2.384255E-01  9.162294E-03 -4.978410E-01
     49223 -1.373981E-01 -9.858874E-02 -5.045823E-01
     49224 -1.701208E-01 -6.988779E-02 -2.035294E-01
     49225 -9.813573E-02 -1.387638E-01 -2.749892E-01
     49226 -4.179349E-02 -2.911985E-01 -3.489629E-01
     49227 -1.309883E-01 -7.275800E-02 -3.815576E-01
     49228 -2.090518E-01 -5.837552E-02 -5.344215E-01
     49229 -1.637175E-01 -6.060300E-02 -1.924995E-01
     49230 -7.679567E-02 -1.549695E-01 -2.546276E-01
     49231  4.226674E-02 -3.940430E-01 -3.239797E-01
     49232 -1.532531E-01 -2.135533E-02 -4.471457E-01
     49233 -8.957401E-02 -1.536215E-01 -3.808143E-01
     49234 -5.782536E-02 -1.546173E-01 -2.161784E-01
     49235 -4.902881E-02 -1.365845E-01 -1.855214E-01
     49236 -6.109969E-02 -3.507029E-01 -3.287886E-01
     49237 -1.495516E-01 -1.378153E-02 -4.882600E-01
     49238 -2.377933E-02 -1.066480E-01 -4.502090E-01
     49239 -7.600785E-02 -6.670183E-02 -1.075743E-01
     49240  6.158388E-03 -8.144677E-02 -1.056041E-01
     49241  5.569707E-02 -2.908797E-01 -2.756820E-01
     49242 -3.653785E-02 -7.331248E-02 -2.695289E-01
     49243 -9.785246E-02 -5.561375E-02 -4.546590E-01
     49244 -8.353474E-02 -2.934039E-02 -6.021620E-02
     49245  9.469426E-03 -1.518687E-01 -1.650040E-01
     49246  1.434256E-02 -2.734979E-01 -1.612117E-01
     49247 -8.851851E-03 -7.760925E-02 -2.574415E-01
     49248 -6.121962E-03 -1.520118E-01 -1.769576E-01
     49249  4.844434E-03 -1.621385E-01 -5.715070E-02
     49250 -2.358711E-03 -1.534513E-01 -6.440073E-02
     49251  3.116656E-02 -3.541762E-01 -1.767722E-01
     49252  3.937398E-02 -1.104184E-01 -2.406317E-01
     49253 -7.018358E-02  3.568664E-02 -2.953767E-01
     49254  8.658465E-03 -1.421354E-01 -1.119873E-03
     49255  5.184870E-04 -1.385227E-01  1.817462E-02
     49256  3.057653E-02 -3.419924E-01 -1.060957E-01
     49257  4.930147E-02 -1.005693E-01 -1.991366E-01
     49258 -6.732629E-02  4.750071E-03 -2.870296E-01
     49259  1.017731E-01 -2.831451E-01 -4.303427E-02
     49260 -5.217187E-02 -3.518747E-02 -2.140604E-01
     51119  2.116249E-02  1.463072E-01 -3.420993E-02
     51120  1.027027E-02  1.530682E-01 -1.122927E-01
     51121  5.959316E-03  1.631126E-01 -1.045756E-01
     51122  5.504837E-03  1.073598E-01 -3.042590E-02
     51123  9.235407E-03  1.570720E-01 -4.767443E-02
     51124  1.602192E-03  1.726866E-01 -6.503217E-02
     51125 -4.438835E-04  1.341625E-01 -4.609291E-02
     51126  6.151010E-03  1.142296E-01 -3.110969E-02
     51127  2.935334E-03  1.653876E-01 -5.425281E-02
     51128  4.601288E-03  1.427425E-01 -4.739733E-02
     51129 -1.423042E-02  5.250838E-02 -8.346221E-03
     51130  6.293905E-03  1.174178E-01 -3.124291E-02
     51131  5.723646E-03  1.628765E-01 -5.390921E-02
     51132  4.741034E-03  1.508181E-01 -5.513206E-02
     51133  6.012669E-03  1.107832E-01 -3.084780E-02
     51134  5.116562E-03  1.214038E-01 -2.786548E-02
     51135  4.979599E-03  1.588363E-01 -4.669199E-02
     51136  3.923331E-03  9.337575E-02 -2.690917E-02
     51137  8.490930E-03  1.344761E-01 -3.588401E-02
     51138  4.116372E-03  1.289500E-01 -4.176342E-02
     51139  1.275405E-03  1.741872E-01 -9.201352E-02
     51140  4.243863E-03  1.170149E-01 -3.312768E-02
     51141  5.042200E-03  1.034873E-01 -2.979600E-02
     51142 -2.840703E-03  1.126149E-01 -3.735826E-02
     51143  3.969521E-03  9.662861E-02 -2.744478E-02
     51144  4.830954E-03  1.007453E-01 -2.899944E-02
     51145  6.614173E-03  1.243655E-01 -3.232771E-02
     51146  5.294753E-03  1.056890E-01 -3.024572E-02
     51147  3.799435E-03  9.655694E-02 -2.833071E-02
     51148  3.351969E-02  1.825769E-01 -1.192751E-01
     51149  7.436969E-04  1.778862E-01 -7.832538E-02
     51150 -4.087214E-03 -5.193129E-02 -6.516798E-02
     51151 -3.545074E-02 -1.311781E-01  9.347843E-02
     51152 -8.923895E-03 -1.695311E-01  9.342722E-03
     51153 -3.003763E-02 -3.536616E-02 -7.036835E-02
     51154 -5.753601E-01  1.178774E+00  1.835583E+00
     51155 -1.002012E+00  1.561034E-01  1.259713E+00
     51156 -3.776304E-01  9.658730E-01  2.652975E+00
     51157 -9.414981E-01  3.938687E-01  1.917734E+00
     51158 -1.105434E-02 -1.612697E-01 -3.380976E-03
     51159 -2.567986E-02 -1.546309E-01 -2.376237E-02
     51160 -2.457055E-02 -3.079457E-01 -7.899458E-02
     51161  5.086321E-02 -1.410016E-02 -2.058655E-01
     51162 -2.421643E-02 -1.385297E-01 -1.074670E-02
     51163 -1.999322E-02 -1.371321E-01 -3.238676E-02
     51164 -9.858350E-04 -3.369175E-01 -9.074285E-02
     51165 -1.160295E-01  1.932011E-02 -2.455787E-01
     51166  5.202364E-03 -7.795360E-02 -2.349482E-01
     51167 -1.173572E-02 -1.455554E-01 -9.674370E-02
     51168 -1.117708E-02 -1.388580E-01 -8.526245E-02
     51169 -4.256950E-02 -3.287476E-01 -1.426327E-01
     51170  4.889416E-02  1.245503E-02 -3.403380E-01
     51171 -5.614332E-02 -9.731287E-02 -2.514426E-01
     51172  3.926150E-03 -1.453339E-01 -1.505285E-01
     51173  3.748713E-03 -1.363943E-01 -1.473183E-01
     51174 -2.743572E-02 -3.289295E-01 -2.018531E-01
     51175 -5.454878E-02 -1.064715E-01 -2.876402E-01
     51176  6.343577E-02  3.623000E-03 -3.932213E-01
     51177  3.403000E-02 -1.477084E-01 -2.095925E-01
     51178  3.116208E-02 -1.316239E-01 -1.905701E-01
     51179 -5.616664E-03 -3.262590E-01 -2.630527E-01
     51180  9.705015E-02 -1.648022E-02 -4.662546E-01
     51181 -3.248959E-02 -1.056786E-01 -3.507195E-01
     51182  6.020805E-02 -1.465159E-01 -2.463878E-01
     51183  6.173988E-02 -1.438032E-01 -2.628917E-01
     51184  2.473838E-02 -3.215541E-01 -3.072138E-01
     51185 -3.653072E-03 -1.068963E-01 -4.117740E-01
     51186  1.256133E-01 -1.403754E-02 -4.902705E-01
     51187  9.566113E-02 -1.407602E-01 -2.600312E-01
     51188  1.038282E-01 -1.368517E-01 -2.631956E-01
     51189  9.424380E-02 -3.210834E-01 -3.496202E-01
     51190  1.027259E-02 -4.810750E-02 -4.940824E-01
     51191  1.242282E-01 -9.665363E-02 -4.975099E-01
     51192  1.293252E-01 -1.437544E-01 -3.032559E-01
     51193  1.358698E-01 -1.360760E-01 -2.853543E-01
     51194  1.000206E-01 -3.089220E-01 -3.674857E-01
     51195  8.860020E-02 -1.047352E-01 -4.971536E-01
     51196  1.855727E-01 -3.240674E-02 -5.504104E-01
     51197  1.633357E-01 -1.398311E-01 -3.155804E-01
     51198  1.705841E-01 -1.383240E-01 -3.005981E-01
     51199  1.398021E-01 -3.123699E-01 -3.899765E-01
     51200  2.194306E-01 -4.084673E-02 -5.685924E-01
     51201  1.235483E-01 -1.098083E-01 -5.033342E-01
     51202  1.957354E-01 -1.397564E-01 -3.261329E-01
     51203  2.012856E-01 -1.365765E-01 -3.073652E-01
     51204  1.745049E-01 -3.155390E-01 -4.047164E-01
     51205  2.518964E-01 -4.388244E-02 -5.787408E-01
     51206  1.595273E-01 -1.129347E-01 -5.233712E-01
     51207  2.241190E-01 -1.423380E-01 -3.344247E-01
     51208  2.282615E-01 -1.409446E-01 -3.170449E-01
     51209  2.020702E-01 -3.166151E-01 -4.138704E-01
     51210  1.927445E-01 -1.092315E-01 -5.317447E-01
     51211  2.827444E-01 -4.480737E-02 -5.943838E-01
     51212  2.496823E-01 -1.477202E-01 -3.467125E-01
     51213  2.510581E-01 -1.439967E-01 -3.278306E-01
     51214  2.263368E-01 -3.246088E-01 -4.272781E-01
     51215  3.101705E-01 -4.210440E-02 -6.118799E-01
     51216  2.208482E-01 -1.150636E-01 -5.461674E-01
     51217  2.704192E-01 -1.513970E-01 -3.613041E-01
     51218  2.697898E-01 -1.474690E-01 -3.456004E-01
     51219  2.467712E-01 -3.315876E-01 -4.429004E-01
     51220  2.439140E-01 -1.181889E-01 -5.606035E-01
     51221  3.314338E-01 -4.252278E-02 -6.353953E-01
     51222  2.881373E-01 -1.557079E-01 -3.845263E-01
     51223  2.862322E-01 -1.510514E-01 -3.720625E-01
     51224  2.631776E-01 -3.410328E-01 -4.675482E-01
     51225  3.486767E-01 -4.463552E-02 -6.707241E-01
     51226  2.626075E-01 -1.233391E-01 -5.854386E-01
     51227  3.042151E-01 -1.611064E-01 -4.186733E-01
     51228  3.020065E-01 -1.564629E-01 -4.120835E-01
     51229  2.768140E-01 -3.523192E-01 -5.034763E-01
     51230  2.784390E-01 -1.288357E-01 -6.229721E-01
     51231  3.639410E-01 -4.744489E-02 -7.220506E-01
     51232  3.236219E-01 -1.673844E-01 -4.657718E-01
     51233  3.225144E-01 -1.614779E-01 -4.619798E-01
     51234  2.917338E-01 -3.676622E-01 -5.551850E-01
     51235  3.826641E-01 -5.181218E-02 -7.904631E-01
     51236  2.931456E-01 -1.373019E-01 -6.783428E-01
     51237  3.496433E-01 -1.717309E-01 -5.191284E-01
     51238  3.529832E-01 -1.661031E-01 -5.175953E-01
     51239  3.138646E-01 -3.831092E-01 -6.159849E-01
     51240  3.121758E-01 -1.454406E-01 -7.485338E-01
     51241  4.092357E-01 -5.772143E-02 -8.697656E-01
     51242  3.913704E-01 -1.777241E-01 -5.734328E-01
     51243  4.016550E-01 -1.709565E-01 -5.652081E-01
     51244  3.483688E-01 -4.019403E-01 -6.816265E-01
     51245  3.421453E-01 -1.535215E-01 -8.287280E-01
     51246  4.545302E-01 -6.469768E-02 -9.525358E-01
     51247  4.548800E-01 -1.794041E-01 -6.039843E-01
     51248  4.691572E-01 -1.821853E-01 -6.146883E-01
     51249  4.059202E-01 -4.218386E-01 -7.328792E-01
     51250  5.284182E-01 -7.628839E-02 -9.962379E-01
     51251  3.914943E-01 -1.628629E-01 -9.037172E-01
     51252  5.432921E-01 -1.740701E-01 -5.728359E-01
     51253  5.701900E-01 -1.768078E-01 -5.834183E-01
     51254  5.245189E-01 -4.335525E-01 -7.396235E-01
     51255  4.335869E-01 -9.939022E-02 -9.917491E-01
     51256  6.020719E-01 -1.487787E-01 -9.658770E-01
     51257  6.616701E-01 -1.644074E-01 -4.931923E-01
     51258  7.124684E-01 -1.559262E-01 -4.261363E-01
     51259  6.470827E-01 -4.300499E-01 -6.800720E-01
     51260  7.384217E-01 -1.525067E-01 -9.023305E-01
     51261  5.411476E-01 -8.031627E-02 -9.912471E-01
     51262  8.139269E-01 -1.429597E-01 -3.254085E-01
     51263  8.820813E-01 -1.358983E-01 -1.716708E-01
     51264  7.716221E-01 -4.262906E-01 -5.180918E-01
     51265  7.272923E-01 -1.421544E-01 -8.249709E-01
     51266  9.515105E-01 -7.383510E-02 -7.281192E-01
     51267  9.895233E-01 -1.096662E-01  1.531453E-02
     51268  1.073456E+00 -1.036427E-01  2.444718E-01
     51269  9.654687E-01 -4.127014E-01 -2.010895E-01
     51270  1.167844E+00 -5.805154E-02 -3.294830E-01
     51271  9.062383E-01 -1.211713E-01 -5.374870E-01
     51272  1.173542E+00 -6.341800E-02  5.368932E-01
     51273  1.267295E+00 -6.091784E-02  8.511717E-01
     51274  1.180332E+00 -3.688276E-01  3.101266E-01
     51275  1.401089E+00 -3.053135E-02  2.948306E-01
     51276  1.117345E+00 -7.969171E-02 -6.541427E-02
     51277  1.337453E+00 -9.268395E-03  1.253359E+00
     51278  1.426265E+00 -1.145063E-02  1.651613E+00
     51279  1.388078E+00 -3.028759E-01  1.034721E+00
     51280  1.334624E+00 -2.156955E-02  6.414354E-01
     51281  1.617671E+00  1.625821E-02  1.165505E+00
     51282  1.432158E+00  4.554357E-02  2.141384E+00
     51283  1.488329E+00  4.046229E-02  2.597082E+00
     51284  1.537589E+00 -2.163125E-01  1.960056E+00
     51285  1.749782E+00  7.805080E-02  2.254982E+00
     51286  1.518085E+00  4.910056E-02  1.595456E+00
     51287  1.378406E+00  9.056592E-02  3.097872E+00
     51288  1.348575E+00  9.265424E-02  3.519951E+00
     51289  1.537588E+00 -1.200760E-01  2.990341E+00
     51290  1.683362E+00  1.534223E-01  3.417969E+00
     51291  1.600003E+00  1.192018E-01  2.744799E+00
     51292  1.058198E+00  1.391353E-01  3.835567E+00
     51293  8.838394E-01  2.297524E-01  4.075043E+00
     51294  1.236037E+00 -3.015732E-02  3.864564E+00
     51295  1.238985E+00  2.476791E-01  4.249860E+00
     51296  1.462766E+00  1.654277E-01  3.890477E+00
     51297  3.377002E-01  2.748343E-01  3.833560E+00
     51298 -1.116137E-02  6.191843E-01  3.510925E+00
     51299  4.569032E-01  1.094127E-01  4.079594E+00
     51300  9.584510E-01  1.804310E-01  4.579268E+00
     51301  2.097356E-01  4.369738E-01  4.015628E+00
     51302 -5.434891E-01  6.613633E-01  3.115039E+00
     51303 -9.584879E-02  9.181925E-02  3.891721E+00
     55744  1.580558E+00 -4.533620E+00 -2.956793E+00
     55745 -1.020619E+00 -4.114548E-01 -9.147096E-01
     55746 -5.504237E-01 -2.625880E+00 -5.361169E-01
     55747  2.699329E-01 -1.061061E+00 -3.519685E-01
     55748 -9.963688E-01 -3.811363E-01  1.487864E-01
     55749  2.363998E+00  1.731762E+01 -1.100468E+02
     55750  5.911399E+00  1.871558E+01 -9.914936E+01
     55751 -3.586007E+00  1.021530E+01 -8.670704E+01
     55752  1.477689E+00 -1.161652E+00  1.007304E+01
     55753  2.157872E+00  1.233347E+00  7.190257E-01
     55754  3.464067E+00  4.272494E+00  3.711294E-01
     55755  1.169444E-01 -1.874365E+00  1.015185E+01
     55756  9.389784E+00  1.336447E+01 -7.399329E+01
     55757  1.048345E+00  6.570591E+00 -8.987780E+00
     55758  3.573038E+00  7.988362E+00 -1.651341E+01
     55759  1.856405E+00  5.453753E+00  5.665536E+00
     55760 -1.041717E+00  9.460572E+00 -2.878374E+01
     55761  2.101358E+00  1.059586E+01 -3.803061E+01
     55762  1.255699E+00  8.792335E+00 -1.192525E+01
     55763 -1.633659E+00  1.052815E+01 -5.379255E+01
     55764  4.931461E+00  1.152859E+01 -6.387308E+01
     55765  7.479122E-01  1.156541E+01 -3.560049E+01
     55766  2.442343E+00  1.343013E+01 -6.705572E+01
     55767  2.053664E+00  5.632906E+00  7.218157E-04
     55768  3.528766E+00  5.504436E+00  9.122567E+00
     55769  3.741369E+00  9.160721E+00 -1.978750E+01
     55770  4.426861E+00  9.175676E+00 -8.384832E+00
     55771 -3.712412E-01  1.046173E+01 -4.698222E+01
     55772  7.201540E+00  1.210379E+01 -3.261896E+01
     60680  5.989242E-01 -2.445109E+00 -5.161037E-01
     60681 -1.393984E+00 -4.108113E+00 -2.712939E+00
     60682 -2.195276E-01 -9.055414E-01 -2.320322E-01
     60683  9.844417E-01 -3.561455E-01  1.204690E-01
     60684  1.050845E+00 -3.619761E-01 -8.332374E-01
     60685 -2.166205E+00  1.256756E+00  1.984941E-01
     60686 -1.550367E+00 -1.178750E+00  9.662592E+00
     60687 -3.629846E-01 -2.066289E+00  9.694282E+00
     60688 -5.796065E+00  1.713872E+01 -9.032902E+01
     60689 -2.561291E+00  1.589391E+01 -1.014890E+02
     60690 -8.862263E+00  1.241196E+01 -6.698319E+01
     60691 -3.372324E+00  4.135044E+00 -2.330114E-01
     60692  2.977261E+00  9.120337E+00 -8.039690E+01
     60693 -3.501815E+00  5.056334E+00  9.284050E+00
     60694 -2.271374E+00  5.032481E+00  7.515828E-01
     60695 -1.868190E+00  5.042457E+00  5.309480E+00
     60696 -4.301894E+00  8.434543E+00 -6.680341E+00
     60697 -3.709833E+00  8.315101E+00 -1.718082E+01
     60698 -1.282538E+00  8.079676E+00 -1.087057E+01
     60699 -6.954851E+00  1.119174E+01 -2.892813E+01
     60700 -1.007956E-02  9.620251E+00 -4.217332E+01
     60701 -8.419089E-01  1.061332E+01 -3.259188E+01
     60702 -2.388795E+00  1.230745E+01 -6.154750E+01
     60703 -3.538288E+00  7.403182E+00 -1.597418E+01
     60704 -1.110753E+00  6.100749E+00 -9.082231E+00
     60705 -2.174350E+00  9.770873E+00 -3.578536E+01
     60706  8.367169E-01  8.697225E+00 -2.736569E+01
     60707 -4.916653E+00  1.063591E+01 -5.945457E+01
     60708  1.252064E+00  9.611368E+00 -5.029459E+01
     65199  7.236457E-02  2.982519E-01 -2.799993E-01
     65200 -8.376581E-02  3.378425E-01 -3.096993E-01
     65201 -2.145058E-01  7.451027E-01 -8.324674E-02
     65202  2.424394E-01  8.180653E-01 -7.521827E-02
     65203 -3.707353E-01  4.840388E+00  6.566945E+00
     65204 -1.675449E+00  3.412107E+00  8.137088E+00
     65205 -4.861551E-01  3.555262E+00  6.019029E+00
     65206  5.793091E-02  4.243325E-01  2.254501E+00
     65207 -1.172942E-01  3.148936E-01  2.248934E+00
     65208  5.363496E-02  3.350573E-01  2.226932E+00
     65209 -1.305000E-01  4.311993E-01  2.256844E+00
     65210  1.588345E+00  3.064901E+00  7.309607E+00
     65211  4.498881E-01  4.340458E+00  5.940225E+00
     65212  5.385699E-01  3.184767E+00  5.448195E+00
     65213 -2.459335E+00  3.184124E+00  7.355327E+00
     65214  2.274724E+00  2.876046E+00  6.612003E+00
     65215 -9.125129E-01  1.816583E+00  5.599209E+00
     65216 -1.273121E+00  2.047194E+00  6.122253E+00
     65217 -1.566704E+00  3.234568E+00  5.113028E+00
     65218 -2.316385E+00  7.004594E-01  3.251601E+00
     65219 -2.660404E+00  2.891797E+00  7.462226E+00
     65220 -3.074664E+00  2.926457E+00  6.216965E+00
     65221 -2.280506E+00  1.945268E+00  4.540535E+00
     65222 -3.288658E+00  2.527640E+00  6.736448E+00
     65223 -4.217281E+00  3.217476E+00  7.076881E+00
     65224 -3.580410E+00  2.130591E+00  6.096922E+00
     65225 -4.259103E+00  2.756361E+00  6.319462E+00
     65226 -3.588106E+00  1.675070E+00  5.390964E+00
     65227 -4.108320E+00  2.136445E+00  5.602749E+00
     65228 -3.327504E+00  1.214096E+00  4.692072E+00
     65229 -3.830308E+00  1.594727E+00  4.966120E+00
     65230 -2.958320E+00  8.018484E-01  4.005321E+00
     65231 -3.385859E+00  1.037440E+00  4.270470E+00
     65232 -2.513273E+00  4.867399E-01  3.421010E+00
     65233 -2.933872E+00  6.574548E-01  3.696080E+00
     65234 -2.094841E+00  2.821988E-01  2.951307E+00
     65235 -2.460768E+00  3.625798E-01  3.186382E+00
     65236 -1.728570E+00  9.821225E-02  2.563962E+00
     65237 -2.035988E+00  1.305096E-01  2.761718E+00
     65238 -1.397261E+00  4.533847E-02  2.345550E+00
     65239 -1.704694E+00  6.348831E-02  2.512154E+00
     65240 -1.167562E+00 -1.458944E-02  2.142896E+00
     65241 -1.417767E+00 -2.247865E-02  2.271476E+00
     65242 -9.630784E-01  1.499785E-02  2.076218E+00
     65243 -1.224988E+00  1.027564E-02  2.175619E+00
     65244 -8.477526E-01  1.082390E-02  1.991039E+00
     65245 -1.065832E+00 -2.922131E-03  2.064232E+00
     65246 -7.405303E-01  6.533488E-02  2.000260E+00
     65247 -9.803795E-01  6.403670E-02  2.056998E+00
     65248 -6.986272E-01  7.185361E-02  1.962608E+00
     65249 -9.033079E-01  6.537341E-02  2.004995E+00
     65250 -6.421791E-01  1.196980E-01  1.988980E+00
     65251 -8.735688E-01  1.262665E-01  2.026008E+00
     65252 -6.240123E-01  1.142862E-01  1.953086E+00
     65253 -8.259173E-01  1.153049E-01  1.983222E+00
     65254 -5.670313E-01  1.435898E-01  1.973119E+00
     65255 -8.001946E-01  1.556528E-01  1.999721E+00
     65256 -5.172755E-01  1.408647E-01  1.967779E+00
     65257 -7.333891E-01  1.321744E-01  1.969130E+00
     65258 -4.754652E-01  1.549960E-01  1.961827E+00
     65259 -6.630553E-01  1.431974E-01  1.982633E+00
     65260 -3.804285E-01  1.594199E-01  1.973299E+00
     65261 -6.053006E-01  1.653122E-01  1.988428E+00
     65262 -2.779080E-01  1.575732E-01  1.970728E+00
     65263 -5.038427E-01  1.505852E-01  1.960391E+00
     65264 -1.799243E-01  1.799548E-01  2.010648E+00
     65265 -4.191642E-01  1.888969E-01  2.003742E+00
     65266 -8.332744E-02  2.254935E-01  2.070706E+00
     65267 -3.237367E-01  2.128768E-01  2.044837E+00
     65268 -6.993973E-03  2.354726E-01  2.126933E+00
     65269 -2.318163E-01  2.195156E-01  2.093053E+00
     65270  3.357679E-02  2.720766E-01  2.188389E+00
     65271 -1.731363E-01  2.741891E-01  2.176423E+00
     65272  7.464291E-02  3.225644E-01  2.248235E+00
     65273 -1.682388E-01  3.271508E-01  2.246919E+00
     65274  9.269589E-02  3.589482E-01  2.281356E+00
     65275 -1.467461E-01  3.421478E-01  2.276506E+00
     65276  7.832350E-02  3.402803E-01  2.226224E+00
     65277 -1.707203E-01  3.500795E-01  2.243980E+00
     65278  7.766104E-02  3.062993E-01  2.160894E+00
     65279 -1.502249E-01  3.158497E-01  2.193543E+00
     65280  1.094876E-01  2.679360E-01  2.081517E+00
     65281 -1.163163E-01  2.764690E-01  2.119243E+00
     65282  1.584046E-01  2.153772E-01  2.002178E+00
     65283 -5.676227E-02  2.285989E-01  2.035362E+00
     65284  2.146061E-01  1.736558E-01  1.924779E+00
     65285  3.197080E-02  1.910519E-01  1.964492E+00
     65286  3.113599E-01  1.384459E-01  1.822571E+00
     65287  1.089658E-01  1.516193E-01  1.867495E+00
     65288  4.167446E-01  1.133507E-01  1.748927E+00
     65289  2.209065E-01  1.215010E-01  1.772853E+00
     65290  5.260159E-01  9.340174E-02  1.707999E+00
     65291  3.345286E-01  1.058742E-01  1.718957E+00
     65292  6.321535E-01  7.864028E-02  1.690351E+00
     65293  4.499683E-01  8.682438E-02  1.690706E+00
     65294  7.318688E-01  6.903323E-02  1.687315E+00
     65295  5.543257E-01  7.731948E-02  1.678067E+00
     65296  8.260173E-01  6.439568E-02  1.700295E+00
     65297  6.505085E-01  7.095618E-02  1.680201E+00
     65298  9.122295E-01  6.190381E-02  1.727465E+00
     65299  7.374833E-01  6.839687E-02  1.696556E+00
     65300  9.912595E-01  5.970644E-02  1.768232E+00
     65301  8.161333E-01  6.647471E-02  1.726524E+00
     65302  1.066757E+00  5.723759E-02  1.822501E+00
     65303  8.897988E-01  6.418152E-02  1.769362E+00
     65304  1.146746E+00  5.148278E-02  1.887827E+00
     65305  9.626772E-01  6.037357E-02  1.823610E+00
     65306  1.241735E+00  4.834935E-02  1.973185E+00
     65307  1.049286E+00  5.697056E-02  1.893098E+00
     65308  1.364644E+00  4.996060E-02  2.082861E+00
     65309  1.158699E+00  5.910612E-02  1.985494E+00
     65310  1.532833E+00  6.839941E-02  2.230830E+00
     65311  1.307513E+00  7.244937E-02  2.110267E+00
     65312  1.758502E+00  1.228879E-01  2.431595E+00
     65313  1.508012E+00  1.133139E-01  2.287786E+00
     65314  2.047895E+00  2.143031E-01  2.695271E+00
     65315  1.769445E+00  1.871692E-01  2.519111E+00
     65316  2.405213E+00  3.742261E-01  3.043160E+00
     65317  2.091834E+00  3.137807E-01  2.832478E+00
     65318  2.815623E+00  6.335556E-01  3.485566E+00
     65319  2.462423E+00  5.131358E-01  3.256095E+00
     65320  3.238435E+00  9.870440E-01  4.007248E+00
     65321  2.851038E+00  7.888895E-01  3.770066E+00
     65322  3.621482E+00  1.438715E+00  4.584124E+00
     65323  3.199375E+00  1.142416E+00  4.362100E+00
     65324  3.901435E+00  1.956806E+00  5.182023E+00
     65325  3.428351E+00  1.550368E+00  4.991466E+00
     65326  4.031701E+00  2.472932E+00  5.796016E+00
     65327  3.447652E+00  1.959064E+00  5.609166E+00
     65328  4.000517E+00  2.921241E+00  6.505885E+00
     65329  3.168592E+00  2.304073E+00  6.197020E+00
     65330  2.903871E+00  2.647521E+00  5.651622E+00
     65331  2.584359E+00  2.637988E+00  6.828910E+00
     65332  1.255713E+00  1.823433E+00  5.569739E+00
     65333  9.174485E-01  1.644104E+00  5.101248E+00
     65334  2.132435E+00  1.754329E+00  4.086483E+00
     65335  1.505828E+00  2.895841E+00  4.638100E+00
     65336  2.161087E+00  6.492238E-01  2.912761E+00
     66201  5.182314E-02  3.860160E-02 -1.391173E-01
     66202  9.760420E-03  3.199929E-01 -1.275852E-02
     66203  5.084459E-01  9.375327E-01 -8.109792E-01
     66204  2.113547E-01  2.675487E-01 -2.074620E-01
     66205  1.034289E-01 -1.030483E-01 -9.886035E-02
     66206  4.277371E-01  2.038613E+00  2.451771E+00
     66207  1.207492E+00  1.099908E+00  6.630647E-01
     66208 -4.569799E-01  4.563201E+00  5.594902E+00
     66209 -1.416168E-01  3.610464E+00  4.750136E+00
     66210  3.557848E-01  3.156993E+00  4.733962E+00
     66211  1.058731E+00  1.653964E+00  2.105219E+00
     66212 -1.654244E+00  7.280238E+00  7.797332E+00
     66213 -8.439288E-01  6.095851E+00  5.970104E+00
     66214 -1.007817E+00  5.772128E+00  7.600682E+00
     66215  3.697119E-01  3.663457E+00  6.292430E+00
     66216  3.531944E-01  6.484221E+00  3.129391E+01
     66217 -1.187486E+00  5.996506E+00  2.165042E+01
     66218 -1.664818E+00  6.739209E+00  1.119352E+01
     66219  1.099085E+00  6.973338E+00  2.200790E+01
     66220 -1.500027E+00  7.381479E+00  8.816145E+00
     66221 -1.490103E+00  7.728712E+00  7.690061E+00
     66222 -1.950006E-01  6.348095E+00  1.139814E+01
     66223 -1.368818E+00  7.692930E+00  9.973452E+00
     66224  2.415261E-01  7.374453E+00  1.596350E+01
     66225 -1.198846E+00  7.099205E+00  1.597697E+01
     66226  1.297655E-01  6.559531E+00  1.197558E+01
     66227 -1.378690E+00  7.116760E+00  1.284061E+01
     66228 -6.256724E-01  4.576482E+00  7.292183E+00
     66701 -4.000079E-02  4.371384E-02 -1.163397E-01
     66702 -1.883883E-02  2.829665E-01 -7.515070E-03
     66703 -4.681099E-01  8.342447E-01 -7.194362E-01
     66704 -2.118449E-01  2.290139E-01 -1.804479E-01
     66705 -1.358059E-01 -1.135114E-01 -5.270813E-02
     66706 -1.019688E+00  9.750195E-01  7.090251E-01
     66707 -3.231370E-01  1.807088E+00  2.264587E+00
     66708  1.888982E-01  3.218300E+00  4.303589E+00
     66709  4.646091E-01  4.069806E+00  5.050029E+00
     66710 -2.806031E-01  2.799571E+00  4.271103E+00
     66711 -9.290499E-01  1.461331E+00  1.932160E+00
     66712  7.846603E-01  5.472396E+00  5.356826E+00
     66713  1.492123E+00  6.552371E+00  6.948723E+00
     66714  9.265306E-01  5.136011E+00  6.754366E+00
     66715 -3.295415E-01  3.254192E+00  5.599023E+00
     66716  1.009052E+00  5.344220E+00  1.894465E+01
     66717 -3.251356E-01  5.740878E+00  2.759184E+01
     66718 -9.607711E-01  6.195222E+00  1.941326E+01
     66719  1.481468E+00  6.030543E+00  9.718821E+00
     66720  1.088854E+00  6.309420E+00  1.406294E+01
     66721 -1.716461E-01  6.561296E+00  1.407199E+01
     66722  1.435540E-01  5.672303E+00  9.985909E+00
     66723  1.264667E+00  6.342330E+00  1.130056E+01
     66724 -9.969365E-02  5.867108E+00  1.060609E+01
     66725  1.204336E+00  6.902867E+00  8.773735E+00
     66726  5.451746E-01  4.072683E+00  6.500724E+00
     66727  1.321749E+00  6.956574E+00  6.721241E+00
     66728  1.332238E+00  6.630112E+00  7.661987E+00

 total force (fx,fy,fz) for set FEET and time  0.6000000E+01

        2.375067E-09  9.192533E+02 -7.713451E+02
