connection,part,operation,diameter_mm,diameter_in,axis_origin_local_mm,axis_direction_local,raw_entry_local_mm,raw_exit_local_mm,raw_entry_local_in,raw_exit_local_in,signed_raw_intervals_from_hardware_origin_mm,machining_depth_mm,note
clip_timber_top_left_1_beam_1,base_rail_top,factory_clip_screw_axis,,,"[42.24273999999991, -2.555240000001227, 127.0000000000002]","[0.0, 1.0, -4.440892098500626e-15]","[[42.24273999999991, -1.0942358130705543e-12, 127.00000000000026]]","[[42.24273999999991, 38.099999999998005, 126.9999999999999]]","[[1.6630999999999967, -4.308015012088797e-14, 5.000000000000011]]","[[1.6630999999999967, 1.4999999999999216, 4.9999999999999964]]","[[2.5552399999999365, 40.65523999999939]]",,Transfer through actual ML24Z factory holes; no invented SDS pilot diameter/depth
clip_timber_top_left_1_beam_2,base_rail_top,factory_clip_screw_axis,,,"[35.89274, -2.5552400000011914, 88.9000000000001]","[0.0, 1.0, -4.440892098500626e-15]","[[35.89274, -4.192202140984591e-13, 88.90000000000012]]","[[35.89274, 38.09999999999903, 88.90000000000005]]","[[1.4131000000000002, -1.6504732838522014e-14, 3.500000000000005]]","[[1.4131000000000002, 1.4999999999999618, 3.500000000000002]]","[[2.5552400000006332, 40.655240000000084]]",,Transfer through actual ML24Z factory holes; no invented SDS pilot diameter/depth
clip_timber_top_left_1_beam_3,base_rail_top,factory_clip_screw_axis,,,"[42.24273999999991, -2.555240000001156, 50.80000000000002]","[0.0, 1.0, -4.440892098500626e-15]","[[42.24273999999991, -2.3447910280083306e-13, 50.79999999999986]]","[[42.24273999999991, 38.09999999999922, 50.799999999999784]]","[[1.6630999999999967, -9.231460740190279e-15, 1.9999999999999947]]","[[1.6630999999999967, 1.4999999999999694, 1.9999999999999916]]","[[2.555240000000982, 40.65524000000043]]",,Transfer through actual ML24Z factory holes; no invented SDS pilot diameter/depth
clip_timber_top_left_1_upright_1,base_side_left,factory_clip_screw_axis,,,"[40.65523999999982, 2534.0312504424865, 127.00000000000045]","[-1.0, -0.0, 0.0]","[[38.100000000000136, 2534.0312504424865, 127.00000000000045]]","[[-2.2737367544323206e-13, 2534.0312504424865, 127.00000000000045]]","[[1.5000000000000056, 99.76500985994042, 5.000000000000018]]","[[-8.951719505639057e-15, 99.76500985994042, 5.000000000000018]]","[[2.555239999999685, 40.65524000000005]]",,Transfer through actual ML24Z factory holes; no invented SDS pilot diameter/depth
clip_timber_top_left_1_upright_2,base_side_left,factory_clip_screw_axis,,,"[40.65523999999982, 2527.681250442487, 88.90000000000032]","[-1.0, -0.0, 0.0]","[[38.100000000000136, 2527.681250442487, 88.90000000000032]]","[[-2.2737367544323206e-13, 2527.681250442487, 88.90000000000032]]","[[1.5000000000000056, 99.51500985994043, 3.500000000000013]]","[[-8.951719505639057e-15, 99.51500985994043, 3.500000000000013]]","[[2.555239999999685, 40.65524000000005]]",,Transfer through actual ML24Z factory holes; no invented SDS pilot diameter/depth
clip_timber_top_left_1_upright_3,base_side_left,factory_clip_screw_axis,,,"[40.65523999999982, 2534.0312504424865, 50.80000000000018]","[-1.0, -0.0, 0.0]","[[38.100000000000136, 2534.0312504424865, 50.80000000000018]]","[[-2.2737367544323206e-13, 2534.0312504424865, 50.80000000000018]]","[[1.5000000000000056, 99.76500985994042, 2.000000000000007]]","[[-8.951719505639057e-15, 99.76500985994042, 2.000000000000007]]","[[2.555239999999685, 40.65524000000005]]",,Transfer through actual ML24Z factory holes; no invented SDS pilot diameter/depth
clip_timber_top_left_2_beam_1,base_rail_top,factory_clip_screw_axis,,,"[1011.8572600000001, -2.555240000001156, 50.80000000000002]","[0.0, 1.0, -4.440892098500626e-15]","[[1011.8572600000001, -2.3447910280083306e-13, 50.79999999999986]]","[[1011.8572600000001, 38.09999999999922, 50.799999999999784]]","[[39.83690000000001, -9.231460740190279e-15, 1.9999999999999947]]","[[39.83690000000001, 1.4999999999999694, 1.9999999999999916]]","[[2.555240000000982, 40.65524000000043]]",,Transfer through actual ML24Z factory holes; no invented SDS pilot diameter/depth
clip_timber_top_left_2_beam_2,base_rail_top,factory_clip_screw_axis,,,"[1018.2072600000001, -2.5552400000011914, 88.9000000000001]","[0.0, 1.0, -4.440892098500626e-15]","[[1018.2072600000001, -4.192202140984591e-13, 88.90000000000012]]","[[1018.2072600000001, 38.09999999999903, 88.90000000000005]]","[[40.08690000000001, -1.6504732838522014e-14, 3.500000000000005]]","[[40.08690000000001, 1.4999999999999618, 3.500000000000002]]","[[2.5552400000006332, 40.655240000000084]]",,Transfer through actual ML24Z factory holes; no invented SDS pilot diameter/depth
clip_timber_top_left_2_beam_3,base_rail_top,factory_clip_screw_axis,,,"[1011.8572600000001, -2.555240000001227, 127.0000000000002]","[0.0, 1.0, -4.440892098500626e-15]","[[1011.8572600000001, -1.0942358130705543e-12, 127.00000000000026]]","[[1011.8572600000001, 38.099999999998005, 126.9999999999999]]","[[39.83690000000001, -4.308015012088797e-14, 5.000000000000011]]","[[39.83690000000001, 1.4999999999999216, 4.9999999999999964]]","[[2.5552399999999365, 40.65523999999939]]",,Transfer through actual ML24Z factory holes; no invented SDS pilot diameter/depth
clip_timber_top_left_2_upright_1,base_principal_left,factory_clip_screw_axis,,,"[-2.5552399999999977, 2496.733271836657, 50.80000000000018]","[1.0, 0.0, 0.0]","[[0.0, 2496.733271836657, 50.80000000000018]]","[[88.89999999999964, 2496.733271836657, 50.80000000000018]]","[[0.0, 98.29658550538021, 2.000000000000007]]","[[3.499999999999986, 98.29658550538021, 2.000000000000007]]","[[2.5552399999999977, 91.45523999999963]]",,Transfer through actual ML24Z factory holes; no invented SDS pilot diameter/depth
clip_timber_top_left_2_upright_2,base_principal_left,factory_clip_screw_axis,,,"[-2.5552399999999977, 2490.3832718366566, 88.90000000000055]","[1.0, 0.0, 0.0]","[[0.0, 2490.3832718366566, 88.90000000000055]]","[[88.89999999999964, 2490.3832718366566, 88.90000000000055]]","[[0.0, 98.0465855053802, 3.5000000000000218]]","[[3.499999999999986, 98.0465855053802, 3.5000000000000218]]","[[2.5552399999999977, 91.45523999999963]]",,Transfer through actual ML24Z factory holes; no invented SDS pilot diameter/depth
clip_timber_top_left_2_upright_3,base_principal_left,factory_clip_screw_axis,,,"[-2.5552399999999977, 2496.7332718366565, 127.00000000000068]","[1.0, 0.0, 0.0]","[[0.0, 2496.7332718366565, 127.00000000000068]]","[[88.89999999999964, 2496.7332718366565, 127.00000000000068]]","[[0.0, 98.29658550538018, 5.0000000000000275]]","[[3.499999999999986, 98.29658550538018, 5.0000000000000275]]","[[2.5552399999999977, 91.45523999999963]]",,Transfer through actual ML24Z factory holes; no invented SDS pilot diameter/depth
clip_timber_top_right_1_beam_1,base_rail_top,factory_clip_screw_axis,,,"[1312.2427400000001, -2.555240000001227, 127.0000000000002]","[0.0, 1.0, -4.440892098500626e-15]","[[1312.2427400000001, -1.0942358130705543e-12, 127.00000000000026]]","[[1312.2427400000001, 38.099999999998005, 126.9999999999999]]","[[51.66310000000001, -4.308015012088797e-14, 5.000000000000011]]","[[51.66310000000001, 1.4999999999999216, 4.9999999999999964]]","[[2.5552399999999365, 40.65523999999939]]",,Transfer through actual ML24Z factory holes; no invented SDS pilot diameter/depth
clip_timber_top_right_1_beam_2,base_rail_top,factory_clip_screw_axis,,,"[1305.8927400000002, -2.5552400000011914, 88.9000000000001]","[0.0, 1.0, -4.440892098500626e-15]","[[1305.8927400000002, -4.192202140984591e-13, 88.90000000000012]]","[[1305.8927400000002, 38.09999999999903, 88.90000000000005]]","[[51.413100000000014, -1.6504732838522014e-14, 3.500000000000005]]","[[51.413100000000014, 1.4999999999999618, 3.500000000000002]]","[[2.5552400000006332, 40.655240000000084]]",,Transfer through actual ML24Z factory holes; no invented SDS pilot diameter/depth
clip_timber_top_right_1_beam_3,base_rail_top,factory_clip_screw_axis,,,"[1312.2427400000001, -2.555240000001156, 50.80000000000002]","[0.0, 1.0, -4.440892098500626e-15]","[[1312.2427400000001, -2.3447910280083306e-13, 50.79999999999986]]","[[1312.2427400000001, 38.09999999999922, 50.799999999999784]]","[[51.66310000000001, -9.231460740190279e-15, 1.9999999999999947]]","[[51.66310000000001, 1.4999999999999694, 1.9999999999999916]]","[[2.555240000000982, 40.65524000000043]]",,Transfer through actual ML24Z factory holes; no invented SDS pilot diameter/depth
clip_timber_top_right_1_upright_1,base_principal_right,factory_clip_screw_axis,,,"[91.45524, 2496.7332718366565, 127.00000000000068]","[-1.0, -0.0, 0.0]","[[88.89999999999964, 2496.7332718366565, 127.00000000000068]]","[[0.0, 2496.7332718366565, 127.00000000000068]]","[[3.499999999999986, 98.29658550538018, 5.0000000000000275]]","[[0.0, 98.29658550538018, 5.0000000000000275]]","[[2.555240000000367, 91.45524]]",,Transfer through actual ML24Z factory holes; no invented SDS pilot diameter/depth
clip_timber_top_right_1_upright_2,base_principal_right,factory_clip_screw_axis,,,"[91.45524, 2490.3832718366566, 88.90000000000055]","[-1.0, -0.0, 0.0]","[[88.89999999999964, 2490.3832718366566, 88.90000000000055]]","[[0.0, 2490.3832718366566, 88.90000000000055]]","[[3.499999999999986, 98.0465855053802, 3.5000000000000218]]","[[0.0, 98.0465855053802, 3.5000000000000218]]","[[2.555240000000367, 91.45524]]",,Transfer through actual ML24Z factory holes; no invented SDS pilot diameter/depth
clip_timber_top_right_1_upright_3,base_principal_right,factory_clip_screw_axis,,,"[91.45524, 2496.733271836657, 50.80000000000018]","[-1.0, -0.0, 0.0]","[[88.89999999999964, 2496.733271836657, 50.80000000000018]]","[[0.0, 2496.733271836657, 50.80000000000018]]","[[3.499999999999986, 98.29658550538021, 2.000000000000007]]","[[0.0, 98.29658550538021, 2.000000000000007]]","[[2.555240000000367, 91.45524]]",,Transfer through actual ML24Z factory holes; no invented SDS pilot diameter/depth
clip_timber_top_right_2_beam_1,base_rail_top,factory_clip_screw_axis,,,"[2319.95726, -2.555240000001156, 50.80000000000002]","[0.0, 1.0, -4.440892098500626e-15]","[[2319.95726, -2.3447910280083306e-13, 50.79999999999986]]","[[2319.95726, 38.09999999999922, 50.799999999999784]]","[[91.33690000000001, -9.231460740190279e-15, 1.9999999999999947]]","[[91.33690000000001, 1.4999999999999694, 1.9999999999999916]]","[[2.555240000000982, 40.65524000000043]]",,Transfer through actual ML24Z factory holes; no invented SDS pilot diameter/depth
clip_timber_top_right_2_beam_2,base_rail_top,factory_clip_screw_axis,,,"[2326.3072600000005, -2.5552400000011914, 88.9000000000001]","[0.0, 1.0, -4.440892098500626e-15]","[[2326.3072600000005, -4.192202140984591e-13, 88.90000000000012]]","[[2326.3072600000005, 38.09999999999903, 88.90000000000005]]","[[91.58690000000003, -1.6504732838522014e-14, 3.500000000000005]]","[[91.58690000000003, 1.4999999999999618, 3.500000000000002]]","[[2.5552400000006332, 40.655240000000084]]",,Transfer through actual ML24Z factory holes; no invented SDS pilot diameter/depth
clip_timber_top_right_2_beam_3,base_rail_top,factory_clip_screw_axis,,,"[2319.95726, -2.555240000001227, 127.0000000000002]","[0.0, 1.0, -4.440892098500626e-15]","[[2319.95726, -1.0942358130705543e-12, 127.00000000000026]]","[[2319.95726, 38.099999999998005, 126.9999999999999]]","[[91.33690000000001, -4.308015012088797e-14, 5.000000000000011]]","[[91.33690000000001, 1.4999999999999216, 4.9999999999999964]]","[[2.5552399999999365, 40.65523999999939]]",,Transfer through actual ML24Z factory holes; no invented SDS pilot diameter/depth
clip_timber_top_right_2_upright_1,base_side_right,factory_clip_screw_axis,,,"[-2.5552399999999125, 2534.0312504424865, 50.80000000000018]","[1.0, 0.0, 0.0]","[[-2.2737367544323206e-13, 2534.0312504424865, 50.80000000000018]]","[[38.100000000000136, 2534.0312504424865, 50.80000000000018]]","[[-8.951719505639057e-15, 99.76500985994042, 2.000000000000007]]","[[1.5000000000000056, 99.76500985994042, 2.000000000000007]]","[[2.555239999999685, 40.65524000000005]]",,Transfer through actual ML24Z factory holes; no invented SDS pilot diameter/depth
clip_timber_top_right_2_upright_2,base_side_right,factory_clip_screw_axis,,,"[-2.5552399999999125, 2527.681250442487, 88.90000000000032]","[1.0, 0.0, 0.0]","[[-2.2737367544323206e-13, 2527.681250442487, 88.90000000000032]]","[[38.100000000000136, 2527.681250442487, 88.90000000000032]]","[[-8.951719505639057e-15, 99.51500985994043, 3.500000000000013]]","[[1.5000000000000056, 99.51500985994043, 3.500000000000013]]","[[2.555239999999685, 40.65524000000005]]",,Transfer through actual ML24Z factory holes; no invented SDS pilot diameter/depth
clip_timber_top_right_2_upright_3,base_side_right,factory_clip_screw_axis,,,"[-2.5552399999999125, 2534.0312504424865, 127.00000000000045]","[1.0, 0.0, 0.0]","[[-2.2737367544323206e-13, 2534.0312504424865, 127.00000000000045]]","[[38.100000000000136, 2534.0312504424865, 127.00000000000045]]","[[-8.951719505639057e-15, 99.76500985994042, 5.000000000000018]]","[[1.5000000000000056, 99.76500985994042, 5.000000000000018]]","[[2.555239999999685, 40.65524000000005]]",,Transfer through actual ML24Z factory holes; no invented SDS pilot diameter/depth
clip_timber_mid_lower_left_1_beam_1,base_rail_mid_lower_left,factory_clip_screw_axis,,,"[42.24273999999991, -2.5552400000005875, 127.00000000000014]","[0.0, 1.0, -4.440892098500626e-15]","[[42.24273999999991, -1.0160761121369433e-12, 127.00000000000017]]","[[42.24273999999991, 38.0999999999994, 127.00000000000001]]","[[1.6630999999999967, -4.000299654082454e-14, 5.000000000000007]]","[[1.6630999999999967, 1.4999999999999765, 5.000000000000001]]","[[2.55523999999947, 40.65523999999991]]",,Transfer through actual ML24Z factory holes; no invented SDS pilot diameter/depth
clip_timber_mid_lower_left_1_beam_2,base_rail_mid_lower_left,factory_clip_screw_axis,,,"[35.89274, -2.555240000000623, 88.90000000000013]","[0.0, 1.0, -4.440892098500626e-15]","[[35.89274, -7.389644451905042e-13, 88.90000000000015]]","[[35.89274, 38.09999999999968, 88.89999999999999]]","[[1.4131000000000002, -2.9093088393326936e-14, 3.500000000000006]]","[[1.4131000000000002, 1.4999999999999876, 3.5]]","[[2.5552399999998916, 40.65524000000033]]",,Transfer through actual ML24Z factory holes; no invented SDS pilot diameter/depth
clip_timber_mid_lower_left_1_beam_3,base_rail_mid_lower_left,factory_clip_screw_axis,,,"[42.24273999999991, -2.555240000000662, 50.80000000000014]","[0.0, 1.0, -4.440892098500626e-15]","[[42.24273999999991, -1.3145040611561853e-13, 50.8000000000001]]","[[42.24273999999991, 38.09999999999939, 50.79999999999993]]","[[1.6630999999999967, -5.17521283919758e-15, 2.000000000000004]]","[[1.6630999999999967, 1.499999999999976, 1.9999999999999976]]","[[2.5552400000006052, 40.655240000000056]]",,Transfer through actual ML24Z factory holes; no invented SDS pilot diameter/depth
clip_timber_mid_lower_left_1_upright_1,base_side_left,factory_clip_screw_axis,,,"[40.65523999999982, 1314.8312504424869, 127.00000000000034]","[-1.0, -0.0, 0.0]","[[38.100000000000136, 1314.8312504424869, 127.00000000000034]]","[[-2.2737367544323206e-13, 1314.8312504424869, 127.00000000000034]]","[[1.5000000000000056, 51.76500985994043, 5.000000000000013]]","[[-8.951719505639057e-15, 51.76500985994043, 5.000000000000013]]","[[2.555239999999685, 40.65524000000005]]",,Transfer through actual ML24Z factory holes; no invented SDS pilot diameter/depth
clip_timber_mid_lower_left_1_upright_2,base_side_left,factory_clip_screw_axis,,,"[40.65523999999982, 1308.4812504424867, 88.90000000000032]","[-1.0, -0.0, 0.0]","[[38.100000000000136, 1308.4812504424867, 88.90000000000032]]","[[-2.2737367544323206e-13, 1308.4812504424867, 88.90000000000032]]","[[1.5000000000000056, 51.51500985994043, 3.500000000000013]]","[[-8.951719505639057e-15, 51.51500985994043, 3.500000000000013]]","[[2.555239999999685, 40.65524000000005]]",,Transfer through actual ML24Z factory holes; no invented SDS pilot diameter/depth
clip_timber_mid_lower_left_1_upright_3,base_side_left,factory_clip_screw_axis,,,"[40.65523999999982, 1314.8312504424866, 50.800000000000296]","[-1.0, -0.0, 0.0]","[[38.100000000000136, 1314.8312504424866, 50.800000000000296]]","[[-2.2737367544323206e-13, 1314.8312504424866, 50.800000000000296]]","[[1.5000000000000056, 51.76500985994042, 2.0000000000000115]]","[[-8.951719505639057e-15, 51.76500985994042, 2.0000000000000115]]","[[2.555239999999685, 40.65524000000005]]",,Transfer through actual ML24Z factory holes; no invented SDS pilot diameter/depth
clip_timber_mid_lower_left_2_beam_1,base_rail_mid_lower_left,factory_clip_screw_axis,,,"[1011.8572600000001, -2.555240000000662, 50.80000000000014]","[0.0, 1.0, -4.440892098500626e-15]","[[1011.8572600000001, -1.3145040611561853e-13, 50.8000000000001]]","[[1011.8572600000001, 38.09999999999939, 50.79999999999993]]","[[39.83690000000001, -5.17521283919758e-15, 2.000000000000004]]","[[39.83690000000001, 1.499999999999976, 1.9999999999999976]]","[[2.5552400000006052, 40.655240000000056]]",,Transfer through actual ML24Z factory holes; no invented SDS pilot diameter/depth
clip_timber_mid_lower_left_2_beam_2,base_rail_mid_lower_left,factory_clip_screw_axis,,,"[1018.2072600000001, -2.555240000000623, 88.90000000000013]","[0.0, 1.0, -4.440892098500626e-15]","[[1018.2072600000001, -7.389644451905042e-13, 88.90000000000015]]","[[1018.2072600000001, 38.09999999999968, 88.89999999999999]]","[[40.08690000000001, -2.9093088393326936e-14, 3.500000000000006]]","[[40.08690000000001, 1.4999999999999876, 3.5]]","[[2.5552399999998916, 40.65524000000033]]",,Transfer through actual ML24Z factory holes; no invented SDS pilot diameter/depth
clip_timber_mid_lower_left_2_beam_3,base_rail_mid_lower_left,factory_clip_screw_axis,,,"[1011.8572600000001, -2.5552400000005875, 127.00000000000014]","[0.0, 1.0, -4.440892098500626e-15]","[[1011.8572600000001, -1.0160761121369433e-12, 127.00000000000017]]","[[1011.8572600000001, 38.0999999999994, 127.00000000000001]]","[[39.83690000000001, -4.000299654082454e-14, 5.000000000000007]]","[[39.83690000000001, 1.4999999999999765, 5.000000000000001]]","[[2.55523999999947, 40.65523999999991]]",,Transfer through actual ML24Z factory holes; no invented SDS pilot diameter/depth
clip_timber_mid_lower_left_2_upright_1,base_principal_left,factory_clip_screw_axis,,,"[-2.5552399999999977, 1277.5332718366567, 50.80000000000052]","[1.0, 0.0, 0.0]","[[0.0, 1277.5332718366567, 50.80000000000052]]","[[88.89999999999964, 1277.5332718366567, 50.80000000000052]]","[[0.0, 50.296585505380186, 2.000000000000021]]","[[3.499999999999986, 50.296585505380186, 2.000000000000021]]","[[2.5552399999999977, 91.45523999999963]]",,Transfer through actual ML24Z factory holes; no invented SDS pilot diameter/depth
clip_timber_mid_lower_left_2_upright_2,base_principal_left,factory_clip_screw_axis,,,"[-2.5552399999999977, 1271.1832718366568, 88.90000000000043]","[1.0, 0.0, 0.0]","[[0.0, 1271.1832718366568, 88.90000000000043]]","[[88.89999999999964, 1271.1832718366568, 88.90000000000043]]","[[0.0, 50.04658550538019, 3.5000000000000173]]","[[3.499999999999986, 50.04658550538019, 3.5000000000000173]]","[[2.5552399999999977, 91.45523999999963]]",,Transfer through actual ML24Z factory holes; no invented SDS pilot diameter/depth
clip_timber_mid_lower_left_2_upright_3,base_principal_left,factory_clip_screw_axis,,,"[-2.5552399999999977, 1277.533271836657, 127.00000000000045]","[1.0, 0.0, 0.0]","[[0.0, 1277.533271836657, 127.00000000000045]]","[[88.89999999999964, 1277.533271836657, 127.00000000000045]]","[[0.0, 50.29658550538019, 5.000000000000018]]","[[3.499999999999986, 50.29658550538019, 5.000000000000018]]","[[2.5552399999999977, 91.45523999999963]]",,Transfer through actual ML24Z factory holes; no invented SDS pilot diameter/depth
clip_timber_mid_lower_right_1_beam_1,base_rail_mid_lower_right,factory_clip_screw_axis,,,"[42.24273999999991, -2.5552400000005875, 127.00000000000014]","[0.0, 1.0, -4.440892098500626e-15]","[[42.24273999999991, -1.0160761121369433e-12, 127.00000000000017]]","[[42.24273999999991, 38.0999999999994, 127.00000000000001]]","[[1.6630999999999967, -4.000299654082454e-14, 5.000000000000007]]","[[1.6630999999999967, 1.4999999999999765, 5.000000000000001]]","[[2.55523999999947, 40.65523999999991]]",,Transfer through actual ML24Z factory holes; no invented SDS pilot diameter/depth
clip_timber_mid_lower_right_1_beam_2,base_rail_mid_lower_right,factory_clip_screw_axis,,,"[35.89273999999992, -2.555240000000623, 88.90000000000013]","[0.0, 1.0, -4.440892098500626e-15]","[[35.89273999999992, -7.389644451905042e-13, 88.90000000000015]]","[[35.89273999999992, 38.09999999999968, 88.89999999999999]]","[[1.413099999999997, -2.9093088393326936e-14, 3.500000000000006]]","[[1.413099999999997, 1.4999999999999876, 3.5]]","[[2.5552399999998916, 40.65524000000033]]",,Transfer through actual ML24Z factory holes; no invented SDS pilot diameter/depth
clip_timber_mid_lower_right_1_beam_3,base_rail_mid_lower_right,factory_clip_screw_axis,,,"[42.24273999999991, -2.555240000000662, 50.80000000000014]","[0.0, 1.0, -4.440892098500626e-15]","[[42.24273999999991, -1.3145040611561853e-13, 50.8000000000001]]","[[42.24273999999991, 38.09999999999939, 50.79999999999993]]","[[1.6630999999999967, -5.17521283919758e-15, 2.000000000000004]]","[[1.6630999999999967, 1.499999999999976, 1.9999999999999976]]","[[2.5552400000006052, 40.655240000000056]]",,Transfer through actual ML24Z factory holes; no invented SDS pilot diameter/depth
clip_timber_mid_lower_right_1_upright_1,base_principal_right,factory_clip_screw_axis,,,"[91.45524, 1277.533271836657, 127.00000000000045]","[-1.0, -0.0, 0.0]","[[88.89999999999964, 1277.533271836657, 127.00000000000045]]","[[0.0, 1277.533271836657, 127.00000000000045]]","[[3.499999999999986, 50.29658550538019, 5.000000000000018]]","[[0.0, 50.29658550538019, 5.000000000000018]]","[[2.555240000000367, 91.45524]]",,Transfer through actual ML24Z factory holes; no invented SDS pilot diameter/depth
clip_timber_mid_lower_right_1_upright_2,base_principal_right,factory_clip_screw_axis,,,"[91.45524, 1271.1832718366568, 88.90000000000043]","[-1.0, -0.0, 0.0]","[[88.89999999999964, 1271.1832718366568, 88.90000000000043]]","[[0.0, 1271.1832718366568, 88.90000000000043]]","[[3.499999999999986, 50.04658550538019, 3.5000000000000173]]","[[0.0, 50.04658550538019, 3.5000000000000173]]","[[2.555240000000367, 91.45524]]",,Transfer through actual ML24Z factory holes; no invented SDS pilot diameter/depth
clip_timber_mid_lower_right_1_upright_3,base_principal_right,factory_clip_screw_axis,,,"[91.45524, 1277.5332718366567, 50.80000000000052]","[-1.0, -0.0, 0.0]","[[88.89999999999964, 1277.5332718366567, 50.80000000000052]]","[[0.0, 1277.5332718366567, 50.80000000000052]]","[[3.499999999999986, 50.296585505380186, 2.000000000000021]]","[[0.0, 50.296585505380186, 2.000000000000021]]","[[2.555240000000367, 91.45524]]",,Transfer through actual ML24Z factory holes; no invented SDS pilot diameter/depth
clip_timber_mid_lower_right_2_beam_1,base_rail_mid_lower_right,factory_clip_screw_axis,,,"[1049.9572600000001, -2.555240000000662, 50.80000000000014]","[0.0, 1.0, -4.440892098500626e-15]","[[1049.9572600000001, -1.3145040611561853e-13, 50.8000000000001]]","[[1049.9572600000001, 38.09999999999939, 50.79999999999993]]","[[41.33690000000001, -5.17521283919758e-15, 2.000000000000004]]","[[41.33690000000001, 1.499999999999976, 1.9999999999999976]]","[[2.5552400000006052, 40.655240000000056]]",,Transfer through actual ML24Z factory holes; no invented SDS pilot diameter/depth
clip_timber_mid_lower_right_2_beam_2,base_rail_mid_lower_right,factory_clip_screw_axis,,,"[1056.30726, -2.555240000000623, 88.90000000000013]","[0.0, 1.0, -4.440892098500626e-15]","[[1056.30726, -7.389644451905042e-13, 88.90000000000015]]","[[1056.30726, 38.09999999999968, 88.89999999999999]]","[[41.58690000000001, -2.9093088393326936e-14, 3.500000000000006]]","[[41.58690000000001, 1.4999999999999876, 3.5]]","[[2.5552399999998916, 40.65524000000033]]",,Transfer through actual ML24Z factory holes; no invented SDS pilot diameter/depth
clip_timber_mid_lower_right_2_beam_3,base_rail_mid_lower_right,factory_clip_screw_axis,,,"[1049.9572600000001, -2.5552400000005875, 127.00000000000014]","[0.0, 1.0, -4.440892098500626e-15]","[[1049.9572600000001, -1.0160761121369433e-12, 127.00000000000017]]","[[1049.9572600000001, 38.0999999999994, 127.00000000000001]]","[[41.33690000000001, -4.000299654082454e-14, 5.000000000000007]]","[[41.33690000000001, 1.4999999999999765, 5.000000000000001]]","[[2.55523999999947, 40.65523999999991]]",,Transfer through actual ML24Z factory holes; no invented SDS pilot diameter/depth
clip_timber_mid_lower_right_2_upright_1,base_side_right,factory_clip_screw_axis,,,"[-2.5552399999999125, 1314.8312504424866, 50.800000000000296]","[1.0, 0.0, 0.0]","[[-2.2737367544323206e-13, 1314.8312504424866, 50.800000000000296]]","[[38.100000000000136, 1314.8312504424866, 50.800000000000296]]","[[-8.951719505639057e-15, 51.76500985994042, 2.0000000000000115]]","[[1.5000000000000056, 51.76500985994042, 2.0000000000000115]]","[[2.555239999999685, 40.65524000000005]]",,Transfer through actual ML24Z factory holes; no invented SDS pilot diameter/depth
clip_timber_mid_lower_right_2_upright_2,base_side_right,factory_clip_screw_axis,,,"[-2.5552399999999125, 1308.4812504424867, 88.90000000000032]","[1.0, 0.0, 0.0]","[[-2.2737367544323206e-13, 1308.4812504424867, 88.90000000000032]]","[[38.100000000000136, 1308.4812504424867, 88.90000000000032]]","[[-8.951719505639057e-15, 51.51500985994043, 3.500000000000013]]","[[1.5000000000000056, 51.51500985994043, 3.500000000000013]]","[[2.555239999999685, 40.65524000000005]]",,Transfer through actual ML24Z factory holes; no invented SDS pilot diameter/depth
clip_timber_mid_lower_right_2_upright_3,base_side_right,factory_clip_screw_axis,,,"[-2.5552399999999125, 1314.8312504424869, 127.00000000000034]","[1.0, 0.0, 0.0]","[[-2.2737367544323206e-13, 1314.8312504424869, 127.00000000000034]]","[[38.100000000000136, 1314.8312504424869, 127.00000000000034]]","[[-8.951719505639057e-15, 51.76500985994043, 5.000000000000013]]","[[1.5000000000000056, 51.76500985994043, 5.000000000000013]]","[[2.555239999999685, 40.65524000000005]]",,Transfer through actual ML24Z factory holes; no invented SDS pilot diameter/depth
clip_timber_mid_upper_left_1_beam_1,base_rail_mid_upper_left,factory_clip_screw_axis,,,"[42.24273999999991, 40.65523999999928, 50.799999999999955]","[-0.0, -1.0, 4.440892098500626e-15]","[[42.24273999999991, 38.09999999999996, 50.79999999999997]]","[[42.24273999999991, -4.547473508864641e-13, 50.800000000000125]]","[[1.6630999999999967, 1.4999999999999984, 1.999999999999999]]","[[1.6630999999999967, -1.7903439011278115e-14, 2.000000000000005]]","[[2.555239999999324, 40.655239999999765]]",,Transfer through actual ML24Z factory holes; no invented SDS pilot diameter/depth
clip_timber_mid_upper_left_1_beam_2,base_rail_mid_upper_left,factory_clip_screw_axis,,,"[35.89274, 40.65523999999931, 88.89999999999995]","[-0.0, -1.0, 4.440892098500626e-15]","[[35.89274, 38.09999999999968, 88.89999999999999]]","[[35.89274, -8.100187187665142e-13, 88.90000000000023]]","[[1.4131000000000002, 1.4999999999999876, 3.5]]","[[1.4131000000000002, -3.189050073883914e-14, 3.5000000000000093]]","[[2.5552399999997455, 40.655240000000184]]",,Transfer through actual ML24Z factory holes; no invented SDS pilot diameter/depth
clip_timber_mid_upper_left_1_beam_3,base_rail_mid_upper_left,factory_clip_screw_axis,,,"[42.24273999999991, 40.65523999999935, 126.99999999999996]","[-0.0, -1.0, 4.440892098500626e-15]","[[42.24273999999991, 38.09999999999889, 126.99999999999991]]","[[42.24273999999991, -6.323830348264892e-13, 127.00000000000007]]","[[1.6630999999999967, 1.4999999999999565, 4.999999999999997]]","[[1.6630999999999967, -2.489696987505863e-14, 5.000000000000003]]","[[2.555240000000459, 40.65523999999991]]",,Transfer through actual ML24Z factory holes; no invented SDS pilot diameter/depth
clip_timber_mid_upper_left_1_upright_1,base_side_left,factory_clip_screw_axis,,,"[40.65523999999982, 1462.8167304424865, 50.799999999999955]","[-1.0, -0.0, 0.0]","[[38.100000000000136, 1462.8167304424865, 50.799999999999955]]","[[-2.2737367544323206e-13, 1462.8167304424865, 50.799999999999955]]","[[1.5000000000000056, 57.59120985994041, 1.9999999999999982]]","[[-8.951719505639057e-15, 57.59120985994041, 1.9999999999999982]]","[[2.555239999999685, 40.65524000000005]]",,Transfer through actual ML24Z factory holes; no invented SDS pilot diameter/depth
clip_timber_mid_upper_left_1_upright_2,base_side_left,factory_clip_screw_axis,,,"[40.65523999999982, 1469.1667304424868, 88.90000000000009]","[-1.0, -0.0, 0.0]","[[38.100000000000136, 1469.1667304424868, 88.90000000000009]]","[[-2.2737367544323206e-13, 1469.1667304424868, 88.90000000000009]]","[[1.5000000000000056, 57.84120985994043, 3.500000000000004]]","[[-8.951719505639057e-15, 57.84120985994043, 3.500000000000004]]","[[2.555239999999685, 40.65524000000005]]",,Transfer through actual ML24Z factory holes; no invented SDS pilot diameter/depth
clip_timber_mid_upper_left_1_upright_3,base_side_left,factory_clip_screw_axis,,,"[40.65523999999982, 1462.8167304424867, 127.0]","[-1.0, -0.0, 0.0]","[[38.100000000000136, 1462.8167304424867, 127.0]]","[[-2.2737367544323206e-13, 1462.8167304424867, 127.0]]","[[1.5000000000000056, 57.59120985994043, 5.0]]","[[-8.951719505639057e-15, 57.59120985994043, 5.0]]","[[2.555239999999685, 40.65524000000005]]",,Transfer through actual ML24Z factory holes; no invented SDS pilot diameter/depth
clip_timber_mid_upper_left_2_beam_1,base_rail_mid_upper_left,factory_clip_screw_axis,,,"[1011.8572600000001, 40.65523999999935, 126.99999999999996]","[-0.0, -1.0, 4.440892098500626e-15]","[[1011.8572600000001, 38.09999999999889, 126.99999999999991]]","[[1011.8572600000001, -6.323830348264892e-13, 127.00000000000007]]","[[39.83690000000001, 1.4999999999999565, 4.999999999999997]]","[[39.83690000000001, -2.489696987505863e-14, 5.000000000000003]]","[[2.555240000000459, 40.65523999999991]]",,Transfer through actual ML24Z factory holes; no invented SDS pilot diameter/depth
clip_timber_mid_upper_left_2_beam_2,base_rail_mid_upper_left,factory_clip_screw_axis,,,"[1018.2072600000001, 40.65523999999931, 88.89999999999995]","[-0.0, -1.0, 4.440892098500626e-15]","[[1018.2072600000001, 38.09999999999968, 88.89999999999999]]","[[1018.2072600000001, -8.100187187665142e-13, 88.90000000000023]]","[[40.08690000000001, 1.4999999999999876, 3.5]]","[[40.08690000000001, -3.189050073883914e-14, 3.5000000000000093]]","[[2.5552399999997455, 40.655240000000184]]",,Transfer through actual ML24Z factory holes; no invented SDS pilot diameter/depth
clip_timber_mid_upper_left_2_beam_3,base_rail_mid_upper_left,factory_clip_screw_axis,,,"[1011.8572600000001, 40.65523999999928, 50.799999999999955]","[-0.0, -1.0, 4.440892098500626e-15]","[[1011.8572600000001, 38.09999999999996, 50.79999999999997]]","[[1011.8572600000001, -4.547473508864641e-13, 50.800000000000125]]","[[39.83690000000001, 1.4999999999999984, 1.999999999999999]]","[[39.83690000000001, -1.7903439011278115e-14, 2.000000000000005]]","[[2.555239999999324, 40.655239999999765]]",,Transfer through actual ML24Z factory holes; no invented SDS pilot diameter/depth
clip_timber_mid_upper_left_2_upright_1,base_principal_left,factory_clip_screw_axis,,,"[-2.5552399999999977, 1425.5187518366565, 127.00000000000023]","[1.0, 0.0, 0.0]","[[0.0, 1425.5187518366565, 127.00000000000023]]","[[88.89999999999964, 1425.5187518366565, 127.00000000000023]]","[[0.0, 56.12278550538018, 5.000000000000009]]","[[3.499999999999986, 56.12278550538018, 5.000000000000009]]","[[2.5552399999999977, 91.45523999999963]]",,Transfer through actual ML24Z factory holes; no invented SDS pilot diameter/depth
clip_timber_mid_upper_left_2_upright_2,base_principal_left,factory_clip_screw_axis,,,"[-2.5552399999999977, 1431.8687518366567, 88.90000000000032]","[1.0, 0.0, 0.0]","[[0.0, 1431.8687518366567, 88.90000000000032]]","[[88.89999999999964, 1431.8687518366567, 88.90000000000032]]","[[0.0, 56.372785505380186, 3.500000000000013]]","[[3.499999999999986, 56.372785505380186, 3.500000000000013]]","[[2.5552399999999977, 91.45523999999963]]",,Transfer through actual ML24Z factory holes; no invented SDS pilot diameter/depth
clip_timber_mid_upper_left_2_upright_3,base_principal_left,factory_clip_screw_axis,,,"[-2.5552399999999977, 1425.5187518366565, 50.80000000000018]","[1.0, 0.0, 0.0]","[[0.0, 1425.5187518366565, 50.80000000000018]]","[[88.89999999999964, 1425.5187518366565, 50.80000000000018]]","[[0.0, 56.12278550538018, 2.000000000000007]]","[[3.499999999999986, 56.12278550538018, 2.000000000000007]]","[[2.5552399999999977, 91.45523999999963]]",,Transfer through actual ML24Z factory holes; no invented SDS pilot diameter/depth
clip_timber_mid_upper_right_1_beam_1,base_rail_mid_upper_right,factory_clip_screw_axis,,,"[42.24273999999991, 40.65523999999928, 50.799999999999955]","[-0.0, -1.0, 4.440892098500626e-15]","[[42.24273999999991, 38.09999999999996, 50.79999999999997]]","[[42.24273999999991, -4.547473508864641e-13, 50.800000000000125]]","[[1.6630999999999967, 1.4999999999999984, 1.999999999999999]]","[[1.6630999999999967, -1.7903439011278115e-14, 2.000000000000005]]","[[2.555239999999324, 40.655239999999765]]",,Transfer through actual ML24Z factory holes; no invented SDS pilot diameter/depth
clip_timber_mid_upper_right_1_beam_2,base_rail_mid_upper_right,factory_clip_screw_axis,,,"[35.89273999999992, 40.65523999999931, 88.89999999999995]","[-0.0, -1.0, 4.440892098500626e-15]","[[35.89273999999992, 38.09999999999968, 88.89999999999999]]","[[35.89273999999992, -8.100187187665142e-13, 88.90000000000023]]","[[1.413099999999997, 1.4999999999999876, 3.5]]","[[1.413099999999997, -3.189050073883914e-14, 3.5000000000000093]]","[[2.5552399999997455, 40.655240000000184]]",,Transfer through actual ML24Z factory holes; no invented SDS pilot diameter/depth
clip_timber_mid_upper_right_1_beam_3,base_rail_mid_upper_right,factory_clip_screw_axis,,,"[42.24273999999991, 40.65523999999935, 126.99999999999996]","[-0.0, -1.0, 4.440892098500626e-15]","[[42.24273999999991, 38.09999999999889, 126.99999999999991]]","[[42.24273999999991, -6.323830348264892e-13, 127.00000000000007]]","[[1.6630999999999967, 1.4999999999999565, 4.999999999999997]]","[[1.6630999999999967, -2.489696987505863e-14, 5.000000000000003]]","[[2.555240000000459, 40.65523999999991]]",,Transfer through actual ML24Z factory holes; no invented SDS pilot diameter/depth
clip_timber_mid_upper_right_1_upright_1,base_principal_right,factory_clip_screw_axis,,,"[91.45524, 1425.5187518366565, 50.80000000000018]","[-1.0, -0.0, 0.0]","[[88.89999999999964, 1425.5187518366565, 50.80000000000018]]","[[0.0, 1425.5187518366565, 50.80000000000018]]","[[3.499999999999986, 56.12278550538018, 2.000000000000007]]","[[0.0, 56.12278550538018, 2.000000000000007]]","[[2.555240000000367, 91.45524]]",,Transfer through actual ML24Z factory holes; no invented SDS pilot diameter/depth
clip_timber_mid_upper_right_1_upright_2,base_principal_right,factory_clip_screw_axis,,,"[91.45524, 1431.8687518366567, 88.90000000000032]","[-1.0, -0.0, 0.0]","[[88.89999999999964, 1431.8687518366567, 88.90000000000032]]","[[0.0, 1431.8687518366567, 88.90000000000032]]","[[3.499999999999986, 56.372785505380186, 3.500000000000013]]","[[0.0, 56.372785505380186, 3.500000000000013]]","[[2.555240000000367, 91.45524]]",,Transfer through actual ML24Z factory holes; no invented SDS pilot diameter/depth
clip_timber_mid_upper_right_1_upright_3,base_principal_right,factory_clip_screw_axis,,,"[91.45524, 1425.5187518366565, 127.00000000000023]","[-1.0, -0.0, 0.0]","[[88.89999999999964, 1425.5187518366565, 127.00000000000023]]","[[0.0, 1425.5187518366565, 127.00000000000023]]","[[3.499999999999986, 56.12278550538018, 5.000000000000009]]","[[0.0, 56.12278550538018, 5.000000000000009]]","[[2.555240000000367, 91.45524]]",,Transfer through actual ML24Z factory holes; no invented SDS pilot diameter/depth
clip_timber_mid_upper_right_2_beam_1,base_rail_mid_upper_right,factory_clip_screw_axis,,,"[1049.9572600000001, 40.65523999999935, 126.99999999999996]","[-0.0, -1.0, 4.440892098500626e-15]","[[1049.9572600000001, 38.09999999999889, 126.99999999999991]]","[[1049.9572600000001, -6.323830348264892e-13, 127.00000000000007]]","[[41.33690000000001, 1.4999999999999565, 4.999999999999997]]","[[41.33690000000001, -2.489696987505863e-14, 5.000000000000003]]","[[2.555240000000459, 40.65523999999991]]",,Transfer through actual ML24Z factory holes; no invented SDS pilot diameter/depth
clip_timber_mid_upper_right_2_beam_2,base_rail_mid_upper_right,factory_clip_screw_axis,,,"[1056.30726, 40.65523999999931, 88.89999999999995]","[-0.0, -1.0, 4.440892098500626e-15]","[[1056.30726, 38.09999999999968, 88.89999999999999]]","[[1056.30726, -8.100187187665142e-13, 88.90000000000023]]","[[41.58690000000001, 1.4999999999999876, 3.5]]","[[41.58690000000001, -3.189050073883914e-14, 3.5000000000000093]]","[[2.5552399999997455, 40.655240000000184]]",,Transfer through actual ML24Z factory holes; no invented SDS pilot diameter/depth
clip_timber_mid_upper_right_2_beam_3,base_rail_mid_upper_right,factory_clip_screw_axis,,,"[1049.9572600000001, 40.65523999999928, 50.799999999999955]","[-0.0, -1.0, 4.440892098500626e-15]","[[1049.9572600000001, 38.09999999999996, 50.79999999999997]]","[[1049.9572600000001, -4.547473508864641e-13, 50.800000000000125]]","[[41.33690000000001, 1.4999999999999984, 1.999999999999999]]","[[41.33690000000001, -1.7903439011278115e-14, 2.000000000000005]]","[[2.555239999999324, 40.655239999999765]]",,Transfer through actual ML24Z factory holes; no invented SDS pilot diameter/depth
clip_timber_mid_upper_right_2_upright_1,base_side_right,factory_clip_screw_axis,,,"[-2.5552399999999125, 1462.8167304424867, 127.0]","[1.0, 0.0, 0.0]","[[-2.2737367544323206e-13, 1462.8167304424867, 127.0]]","[[38.100000000000136, 1462.8167304424867, 127.0]]","[[-8.951719505639057e-15, 57.59120985994043, 5.0]]","[[1.5000000000000056, 57.59120985994043, 5.0]]","[[2.555239999999685, 40.65524000000005]]",,Transfer through actual ML24Z factory holes; no invented SDS pilot diameter/depth
clip_timber_mid_upper_right_2_upright_2,base_side_right,factory_clip_screw_axis,,,"[-2.5552399999999125, 1469.1667304424868, 88.90000000000009]","[1.0, 0.0, 0.0]","[[-2.2737367544323206e-13, 1469.1667304424868, 88.90000000000009]]","[[38.100000000000136, 1469.1667304424868, 88.90000000000009]]","[[-8.951719505639057e-15, 57.84120985994043, 3.500000000000004]]","[[1.5000000000000056, 57.84120985994043, 3.500000000000004]]","[[2.555239999999685, 40.65524000000005]]",,Transfer through actual ML24Z factory holes; no invented SDS pilot diameter/depth
clip_timber_mid_upper_right_2_upright_3,base_side_right,factory_clip_screw_axis,,,"[-2.5552399999999125, 1462.8167304424865, 50.799999999999955]","[1.0, 0.0, 0.0]","[[-2.2737367544323206e-13, 1462.8167304424865, 50.799999999999955]]","[[38.100000000000136, 1462.8167304424865, 50.799999999999955]]","[[-8.951719505639057e-15, 57.59120985994041, 1.9999999999999982]]","[[1.5000000000000056, 57.59120985994041, 1.9999999999999982]]","[[2.555239999999685, 40.65524000000005]]",,Transfer through actual ML24Z factory holes; no invented SDS pilot diameter/depth
clip_timber_header_outer_left_beam_1,base_header,factory_clip_screw_axis,,,"[80.34273999999982, 104.775, -2.5552399999999977]","[0.0, 0.0, 1.0]","[[80.34273999999982, 104.775, -3.694822225952521e-13]]","[[80.34273999999982, 104.775, 38.099999999999994]]","[[3.1630999999999934, 4.125000000000001, -1.4546544196663468e-14]]","[[3.1630999999999934, 4.125000000000001, 1.4999999999999998]]","[[2.5552399999996283, 40.65523999999999]]",,Transfer through actual ML24Z factory holes; no invented SDS pilot diameter/depth
clip_timber_header_outer_left_beam_2,base_header,factory_clip_screw_axis,,,"[73.99273999999991, 142.875, -2.5552399999999977]","[0.0, 0.0, 1.0]","[[73.99273999999991, 142.875, -3.694822225952521e-13]]","[[73.99273999999991, 142.875, 38.099999999999994]]","[[2.913099999999997, 5.625, -1.4546544196663468e-14]]","[[2.913099999999997, 5.625, 1.4999999999999998]]","[[2.5552399999996283, 40.65523999999999]]",,Transfer through actual ML24Z factory holes; no invented SDS pilot diameter/depth
clip_timber_header_outer_left_beam_3,base_header,factory_clip_screw_axis,,,"[80.34273999999982, 180.975, -2.5552399999999977]","[0.0, 0.0, 1.0]","[[80.34273999999982, 180.975, -3.694822225952521e-13]]","[[80.34273999999982, 180.975, 38.099999999999994]]","[[3.1630999999999934, 7.125, -1.4546544196663468e-14]]","[[3.1630999999999934, 7.125, 1.4999999999999998]]","[[2.5552399999996283, 40.65523999999999]]",,Transfer through actual ML24Z factory holes; no invented SDS pilot diameter/depth
clip_timber_header_outer_left_upright_1,base_post_outer_left,factory_clip_screw_axis,,,"[40.65523999999982, 104.775, 151.00726]","[-1.0, -0.0, -0.0]","[[38.100000000000136, 104.775, 151.00726]]","[[-2.2737367544323206e-13, 104.775, 151.00726]]","[[1.5000000000000056, 4.125000000000001, 5.945167716535433]]","[[-8.951719505639057e-15, 4.125000000000001, 5.945167716535433]]","[[2.555239999999685, 40.65524000000005]]",,Transfer through actual ML24Z factory holes; no invented SDS pilot diameter/depth
clip_timber_header_outer_left_upright_2,base_post_outer_left,factory_clip_screw_axis,,,"[40.65523999999982, 142.875, 144.65726]","[-1.0, -0.0, -0.0]","[[38.100000000000136, 142.875, 144.65726]]","[[-2.2737367544323206e-13, 142.875, 144.65726]]","[[1.5000000000000056, 5.625, 5.695167716535433]]","[[-8.951719505639057e-15, 5.625, 5.695167716535433]]","[[2.555239999999685, 40.65524000000005]]",,Transfer through actual ML24Z factory holes; no invented SDS pilot diameter/depth
clip_timber_header_outer_left_upright_3,base_post_outer_left,factory_clip_screw_axis,,,"[40.65523999999982, 180.975, 151.00726]","[-1.0, -0.0, -0.0]","[[38.100000000000136, 180.975, 151.00726]]","[[-2.2737367544323206e-13, 180.975, 151.00726]]","[[1.5000000000000056, 7.125, 5.945167716535433]]","[[-8.951719505639057e-15, 7.125, 5.945167716535433]]","[[2.555239999999685, 40.65524000000005]]",,Transfer through actual ML24Z factory holes; no invented SDS pilot diameter/depth
clip_timber_header_center_left_front_beam_1,base_header,factory_clip_screw_axis,,,"[1049.9572600000001, 254.0, -2.5552399999999977]","[0.0, 0.0, 1.0]","[[1049.9572600000001, 254.0, -3.694822225952521e-13]]","[[1049.9572600000001, 254.0, 38.099999999999994]]","[[41.33690000000001, 10.0, -1.4546544196663468e-14]]","[[41.33690000000001, 10.0, 1.4999999999999998]]","[[2.5552399999996283, 40.65523999999999]]",,Transfer through actual ML24Z factory holes; no invented SDS pilot diameter/depth
clip_timber_header_center_left_front_beam_2,base_header,factory_clip_screw_axis,,,"[1056.30726, 215.9, -2.5552399999999977]","[0.0, 0.0, 1.0]","[[1056.30726, 215.9, -3.694822225952521e-13]]","[[1056.30726, 215.9, 38.099999999999994]]","[[41.58690000000001, 8.5, -1.4546544196663468e-14]]","[[41.58690000000001, 8.5, 1.4999999999999998]]","[[2.5552399999996283, 40.65523999999999]]",,Transfer through actual ML24Z factory holes; no invented SDS pilot diameter/depth
clip_timber_header_center_left_front_beam_3,base_header,factory_clip_screw_axis,,,"[1049.9572600000001, 177.8, -2.5552399999999977]","[0.0, 0.0, 1.0]","[[1049.9572600000001, 177.8, -3.694822225952521e-13]]","[[1049.9572600000001, 177.8, 38.099999999999994]]","[[41.33690000000001, 7.000000000000001, -1.4546544196663468e-14]]","[[41.33690000000001, 7.000000000000001, 1.4999999999999998]]","[[2.5552399999996283, 40.65523999999999]]",,Transfer through actual ML24Z factory holes; no invented SDS pilot diameter/depth
clip_timber_header_center_left_front_upright_1,base_post_center_left_front,factory_clip_screw_axis,,,"[-2.5552399999999977, 107.94999999999999, 151.00726]","[1.0, 0.0, 0.0]","[[0.0, 107.94999999999999, 151.00726]]","[[88.89999999999964, 107.94999999999999, 151.00726]]","[[0.0, 4.25, 5.945167716535433]]","[[3.499999999999986, 4.25, 5.945167716535433]]","[[2.5552399999999977, 91.45523999999963]]",,Transfer through actual ML24Z factory holes; no invented SDS pilot diameter/depth
clip_timber_header_center_left_front_upright_2,base_post_center_left_front,factory_clip_screw_axis,,,"[-2.5552399999999977, 69.85, 144.65726]","[1.0, 0.0, 0.0]","[[0.0, 69.85, 144.65726]]","[[88.89999999999964, 69.85, 144.65726]]","[[0.0, 2.75, 5.695167716535433]]","[[3.499999999999986, 2.75, 5.695167716535433]]","[[2.5552399999999977, 91.45523999999963]]",,Transfer through actual ML24Z factory holes; no invented SDS pilot diameter/depth
clip_timber_header_center_left_front_upright_3,base_post_center_left_front,factory_clip_screw_axis,,,"[-2.5552399999999977, 31.75, 151.00726]","[1.0, 0.0, 0.0]","[[0.0, 31.75, 151.00726]]","[[88.89999999999964, 31.75, 151.00726]]","[[0.0, 1.25, 5.945167716535433]]","[[3.499999999999986, 1.25, 5.945167716535433]]","[[2.5552399999999977, 91.45523999999963]]",,Transfer through actual ML24Z factory holes; no invented SDS pilot diameter/depth
clip_timber_header_center_left_rear_beam_1,base_header,factory_clip_screw_axis,,,"[1049.9572600000001, 107.94999999999999, -2.5552399999999977]","[0.0, 0.0, 1.0]","[[1049.9572600000001, 107.94999999999999, -3.694822225952521e-13]]","[[1049.9572600000001, 107.94999999999999, 38.099999999999994]]","[[41.33690000000001, 4.25, -1.4546544196663468e-14]]","[[41.33690000000001, 4.25, 1.4999999999999998]]","[[2.5552399999996283, 40.65523999999999]]",,Transfer through actual ML24Z factory holes; no invented SDS pilot diameter/depth
clip_timber_header_center_left_rear_beam_2,base_header,factory_clip_screw_axis,,,"[1056.30726, 69.85, -2.5552399999999977]","[0.0, 0.0, 1.0]","[[1056.30726, 69.85, -3.694822225952521e-13]]","[[1056.30726, 69.85, 38.099999999999994]]","[[41.58690000000001, 2.75, -1.4546544196663468e-14]]","[[41.58690000000001, 2.75, 1.4999999999999998]]","[[2.5552399999996283, 40.65523999999999]]",,Transfer through actual ML24Z factory holes; no invented SDS pilot diameter/depth
clip_timber_header_center_left_rear_beam_3,base_header,factory_clip_screw_axis,,,"[1049.9572600000001, 31.75, -2.5552399999999977]","[0.0, 0.0, 1.0]","[[1049.9572600000001, 31.75, -3.694822225952521e-13]]","[[1049.9572600000001, 31.75, 38.099999999999994]]","[[41.33690000000001, 1.25, -1.4546544196663468e-14]]","[[41.33690000000001, 1.25, 1.4999999999999998]]","[[2.5552399999996283, 40.65523999999999]]",,Transfer through actual ML24Z factory holes; no invented SDS pilot diameter/depth
clip_timber_header_center_left_rear_upright_1,base_post_center_left_rear,factory_clip_screw_axis,,,"[-2.5552399999999977, 107.94999999999999, 151.00726]","[1.0, 0.0, 0.0]","[[0.0, 107.94999999999999, 151.00726]]","[[88.89999999999964, 107.94999999999999, 151.00726]]","[[0.0, 4.25, 5.945167716535433]]","[[3.499999999999986, 4.25, 5.945167716535433]]","[[2.5552399999999977, 91.45523999999963]]",,Transfer through actual ML24Z factory holes; no invented SDS pilot diameter/depth
clip_timber_header_center_left_rear_upright_2,base_post_center_left_rear,factory_clip_screw_axis,,,"[-2.5552399999999977, 69.85, 144.65726]","[1.0, 0.0, 0.0]","[[0.0, 69.85, 144.65726]]","[[88.89999999999964, 69.85, 144.65726]]","[[0.0, 2.75, 5.695167716535433]]","[[3.499999999999986, 2.75, 5.695167716535433]]","[[2.5552399999999977, 91.45523999999963]]",,Transfer through actual ML24Z factory holes; no invented SDS pilot diameter/depth
clip_timber_header_center_left_rear_upright_3,base_post_center_left_rear,factory_clip_screw_axis,,,"[-2.5552399999999977, 31.75, 151.00726]","[1.0, 0.0, 0.0]","[[0.0, 31.75, 151.00726]]","[[88.89999999999964, 31.75, 151.00726]]","[[0.0, 1.25, 5.945167716535433]]","[[3.499999999999986, 1.25, 5.945167716535433]]","[[2.5552399999999977, 91.45523999999963]]",,Transfer through actual ML24Z factory holes; no invented SDS pilot diameter/depth
clip_timber_header_center_right_front_beam_1,base_header,factory_clip_screw_axis,,,"[1350.34274, 177.8, -2.5552399999999977]","[0.0, 0.0, 1.0]","[[1350.34274, 177.8, -3.694822225952521e-13]]","[[1350.34274, 177.8, 38.099999999999994]]","[[53.16310000000001, 7.000000000000001, -1.4546544196663468e-14]]","[[53.16310000000001, 7.000000000000001, 1.4999999999999998]]","[[2.5552399999996283, 40.65523999999999]]",,Transfer through actual ML24Z factory holes; no invented SDS pilot diameter/depth
clip_timber_header_center_right_front_beam_2,base_header,factory_clip_screw_axis,,,"[1343.9927400000001, 215.9, -2.5552399999999977]","[0.0, 0.0, 1.0]","[[1343.9927400000001, 215.9, -3.694822225952521e-13]]","[[1343.9927400000001, 215.9, 38.099999999999994]]","[[52.91310000000001, 8.5, -1.4546544196663468e-14]]","[[52.91310000000001, 8.5, 1.4999999999999998]]","[[2.5552399999996283, 40.65523999999999]]",,Transfer through actual ML24Z factory holes; no invented SDS pilot diameter/depth
clip_timber_header_center_right_front_beam_3,base_header,factory_clip_screw_axis,,,"[1350.34274, 254.0, -2.5552399999999977]","[0.0, 0.0, 1.0]","[[1350.34274, 254.0, -3.694822225952521e-13]]","[[1350.34274, 254.0, 38.099999999999994]]","[[53.16310000000001, 10.0, -1.4546544196663468e-14]]","[[53.16310000000001, 10.0, 1.4999999999999998]]","[[2.5552399999996283, 40.65523999999999]]",,Transfer through actual ML24Z factory holes; no invented SDS pilot diameter/depth
clip_timber_header_center_right_front_upright_1,base_post_center_right_front,factory_clip_screw_axis,,,"[91.45524, 31.75, 151.00726]","[-1.0, -0.0, -0.0]","[[88.89999999999964, 31.75, 151.00726]]","[[0.0, 31.75, 151.00726]]","[[3.499999999999986, 1.25, 5.945167716535433]]","[[0.0, 1.25, 5.945167716535433]]","[[2.555240000000367, 91.45524]]",,Transfer through actual ML24Z factory holes; no invented SDS pilot diameter/depth
clip_timber_header_center_right_front_upright_2,base_post_center_right_front,factory_clip_screw_axis,,,"[91.45524, 69.85, 144.65726]","[-1.0, -0.0, -0.0]","[[88.89999999999964, 69.85, 144.65726]]","[[0.0, 69.85, 144.65726]]","[[3.499999999999986, 2.75, 5.695167716535433]]","[[0.0, 2.75, 5.695167716535433]]","[[2.555240000000367, 91.45524]]",,Transfer through actual ML24Z factory holes; no invented SDS pilot diameter/depth
clip_timber_header_center_right_front_upright_3,base_post_center_right_front,factory_clip_screw_axis,,,"[91.45524, 107.94999999999999, 151.00726]","[-1.0, -0.0, -0.0]","[[88.89999999999964, 107.94999999999999, 151.00726]]","[[0.0, 107.94999999999999, 151.00726]]","[[3.499999999999986, 4.25, 5.945167716535433]]","[[0.0, 4.25, 5.945167716535433]]","[[2.555240000000367, 91.45524]]",,Transfer through actual ML24Z factory holes; no invented SDS pilot diameter/depth
clip_timber_header_center_right_rear_beam_1,base_header,factory_clip_screw_axis,,,"[1350.34274, 31.75, -2.5552399999999977]","[0.0, 0.0, 1.0]","[[1350.34274, 31.75, -3.694822225952521e-13]]","[[1350.34274, 31.75, 38.099999999999994]]","[[53.16310000000001, 1.25, -1.4546544196663468e-14]]","[[53.16310000000001, 1.25, 1.4999999999999998]]","[[2.5552399999996283, 40.65523999999999]]",,Transfer through actual ML24Z factory holes; no invented SDS pilot diameter/depth
clip_timber_header_center_right_rear_beam_2,base_header,factory_clip_screw_axis,,,"[1343.9927400000001, 69.85, -2.5552399999999977]","[0.0, 0.0, 1.0]","[[1343.9927400000001, 69.85, -3.694822225952521e-13]]","[[1343.9927400000001, 69.85, 38.099999999999994]]","[[52.91310000000001, 2.75, -1.4546544196663468e-14]]","[[52.91310000000001, 2.75, 1.4999999999999998]]","[[2.5552399999996283, 40.65523999999999]]",,Transfer through actual ML24Z factory holes; no invented SDS pilot diameter/depth
clip_timber_header_center_right_rear_beam_3,base_header,factory_clip_screw_axis,,,"[1350.34274, 107.94999999999999, -2.5552399999999977]","[0.0, 0.0, 1.0]","[[1350.34274, 107.94999999999999, -3.694822225952521e-13]]","[[1350.34274, 107.94999999999999, 38.099999999999994]]","[[53.16310000000001, 4.25, -1.4546544196663468e-14]]","[[53.16310000000001, 4.25, 1.4999999999999998]]","[[2.5552399999996283, 40.65523999999999]]",,Transfer through actual ML24Z factory holes; no invented SDS pilot diameter/depth
clip_timber_header_center_right_rear_upright_1,base_post_center_right_rear,factory_clip_screw_axis,,,"[91.45524, 31.75, 151.00726]","[-1.0, -0.0, -0.0]","[[88.89999999999964, 31.75, 151.00726]]","[[0.0, 31.75, 151.00726]]","[[3.499999999999986, 1.25, 5.945167716535433]]","[[0.0, 1.25, 5.945167716535433]]","[[2.555240000000367, 91.45524]]",,Transfer through actual ML24Z factory holes; no invented SDS pilot diameter/depth
clip_timber_header_center_right_rear_upright_2,base_post_center_right_rear,factory_clip_screw_axis,,,"[91.45524, 69.85, 144.65726]","[-1.0, -0.0, -0.0]","[[88.89999999999964, 69.85, 144.65726]]","[[0.0, 69.85, 144.65726]]","[[3.499999999999986, 2.75, 5.695167716535433]]","[[0.0, 2.75, 5.695167716535433]]","[[2.555240000000367, 91.45524]]",,Transfer through actual ML24Z factory holes; no invented SDS pilot diameter/depth
clip_timber_header_center_right_rear_upright_3,base_post_center_right_rear,factory_clip_screw_axis,,,"[91.45524, 107.94999999999999, 151.00726]","[-1.0, -0.0, -0.0]","[[88.89999999999964, 107.94999999999999, 151.00726]]","[[0.0, 107.94999999999999, 151.00726]]","[[3.499999999999986, 4.25, 5.945167716535433]]","[[0.0, 4.25, 5.945167716535433]]","[[2.555240000000367, 91.45524]]",,Transfer through actual ML24Z factory holes; no invented SDS pilot diameter/depth
clip_timber_header_outer_right_beam_1,base_header,factory_clip_screw_axis,,,"[2358.0572600000005, 180.975, -2.5552399999999977]","[0.0, 0.0, 1.0]","[[2358.0572600000005, 180.975, -3.694822225952521e-13]]","[[2358.0572600000005, 180.975, 38.099999999999994]]","[[92.83690000000003, 7.125, -1.4546544196663468e-14]]","[[92.83690000000003, 7.125, 1.4999999999999998]]","[[2.5552399999996283, 40.65523999999999]]",,Transfer through actual ML24Z factory holes; no invented SDS pilot diameter/depth
clip_timber_header_outer_right_beam_2,base_header,factory_clip_screw_axis,,,"[2364.40726, 142.875, -2.5552399999999977]","[0.0, 0.0, 1.0]","[[2364.40726, 142.875, -3.694822225952521e-13]]","[[2364.40726, 142.875, 38.099999999999994]]","[[93.0869, 5.625, -1.4546544196663468e-14]]","[[93.0869, 5.625, 1.4999999999999998]]","[[2.5552399999996283, 40.65523999999999]]",,Transfer through actual ML24Z factory holes; no invented SDS pilot diameter/depth
clip_timber_header_outer_right_beam_3,base_header,factory_clip_screw_axis,,,"[2358.0572600000005, 104.775, -2.5552399999999977]","[0.0, 0.0, 1.0]","[[2358.0572600000005, 104.775, -3.694822225952521e-13]]","[[2358.0572600000005, 104.775, 38.099999999999994]]","[[92.83690000000003, 4.125000000000001, -1.4546544196663468e-14]]","[[92.83690000000003, 4.125000000000001, 1.4999999999999998]]","[[2.5552399999996283, 40.65523999999999]]",,Transfer through actual ML24Z factory holes; no invented SDS pilot diameter/depth
clip_timber_header_outer_right_upright_1,base_post_outer_right,factory_clip_screw_axis,,,"[-2.5552399999999125, 180.975, 151.00726]","[1.0, 0.0, 0.0]","[[-2.2737367544323206e-13, 180.975, 151.00726]]","[[38.100000000000136, 180.975, 151.00726]]","[[-8.951719505639057e-15, 7.125, 5.945167716535433]]","[[1.5000000000000056, 7.125, 5.945167716535433]]","[[2.555239999999685, 40.65524000000005]]",,Transfer through actual ML24Z factory holes; no invented SDS pilot diameter/depth
clip_timber_header_outer_right_upright_2,base_post_outer_right,factory_clip_screw_axis,,,"[-2.5552399999999125, 142.875, 144.65726]","[1.0, 0.0, 0.0]","[[-2.2737367544323206e-13, 142.875, 144.65726]]","[[38.100000000000136, 142.875, 144.65726]]","[[-8.951719505639057e-15, 5.625, 5.695167716535433]]","[[1.5000000000000056, 5.625, 5.695167716535433]]","[[2.555239999999685, 40.65524000000005]]",,Transfer through actual ML24Z factory holes; no invented SDS pilot diameter/depth
clip_timber_header_outer_right_upright_3,base_post_outer_right,factory_clip_screw_axis,,,"[-2.5552399999999125, 104.775, 151.00726]","[1.0, 0.0, 0.0]","[[-2.2737367544323206e-13, 104.775, 151.00726]]","[[38.100000000000136, 104.775, 151.00726]]","[[-8.951719505639057e-15, 4.125000000000001, 5.945167716535433]]","[[1.5000000000000056, 4.125000000000001, 5.945167716535433]]","[[2.555239999999685, 40.65524000000005]]",,Transfer through actual ML24Z factory holes; no invented SDS pilot diameter/depth
analysis_leg_wall_bolt_left_1,base_side_left,bolt_clearance,11.1125,0.43750000000000006,"[40.131999999999834, 1709.6239904424865, 74.07500000000016]","[-1.0, 0.0, 0.0]","[[38.09999999999968, 1709.6239904424865, 74.07500000000016]]","[[2.2737367544323206e-13, 1709.6239904424865, 74.07500000000016]]","[[1.4999999999999876, 67.30803111978294, 2.916338582677172]]","[[8.951719505639057e-15, 67.30803111978294, 2.916338582677172]]","[[2.032000000000153, 40.13199999999961]]",,"Through joint stack; backing counterbore is separate and starts at N=0, not bolt start N=10"
analysis_leg_wall_bolt_left_1,leg_left_inner,bolt_clearance,11.1125,0.43750000000000006,"[128.56725658119228, 1463.8931115651149, 59.182000000000244]","[0.0, 0.0, -1.0]","[[128.56725658119228, 1463.8931115651149, 19.050000000000637]]","[[128.56725658119228, 1463.8931115651149, 4.547473508864641e-13]]","[[5.061703015007571, 57.63358706949271, 0.7500000000000251]]","[[5.061703015007571, 57.63358706949271, 1.7903439011278115e-14]]","[[40.13199999999961, 59.18199999999979]]",,"Through joint stack; backing counterbore is separate and starts at N=0, not bolt start N=10"
analysis_leg_wall_bolt_left_1,leg_left_outer,bolt_clearance,11.1125,0.43750000000000006,"[128.56725658119228, 1463.8931115651149, 78.23199999999997]","[0.0, 0.0, -1.0]","[[128.56725658119228, 1463.8931115651149, 19.050000000000182]]","[[128.56725658119228, 1463.8931115651149, 0.0]]","[[5.061703015007571, 57.63358706949271, 0.7500000000000072]]","[[5.061703015007571, 57.63358706949271, 0.0]]","[[59.18199999999979, 78.23199999999997]]",,"Through joint stack; backing counterbore is separate and starts at N=0, not bolt start N=10"
analysis_leg_wall_bolt_left_2,base_side_left,bolt_clearance,11.1125,0.43750000000000006,"[40.131999999999834, 1789.6239904424865, 74.07500000000027]","[-1.0, 0.0, 0.0]","[[38.09999999999968, 1789.6239904424865, 74.07500000000027]]","[[2.2737367544323206e-13, 1789.6239904424865, 74.07500000000027]]","[[1.4999999999999876, 70.45763741899553, 2.9163385826771764]]","[[8.951719505639057e-15, 70.45763741899553, 2.9163385826771764]]","[[2.032000000000153, 40.13199999999961]]",,"Through joint stack; backing counterbore is separate and starts at N=0, not bolt start N=10"
analysis_leg_wall_bolt_left_2,leg_left_inner,bolt_clearance,11.1125,0.43750000000000006,"[179.9902653561153, 1525.176667014633, 59.182000000000244]","[0.0, 0.0, -1.0]","[[179.9902653561153, 1525.176667014633, 19.050000000000637]]","[[179.9902653561153, 1525.176667014633, 4.547473508864641e-13]]","[[7.086230919532098, 60.04632547301705, 0.7500000000000251]]","[[7.086230919532098, 60.04632547301705, 1.7903439011278115e-14]]","[[40.13199999999961, 59.18199999999979]]",,"Through joint stack; backing counterbore is separate and starts at N=0, not bolt start N=10"
analysis_leg_wall_bolt_left_2,leg_left_outer,bolt_clearance,11.1125,0.43750000000000006,"[179.9902653561153, 1525.176667014633, 78.23199999999997]","[0.0, 0.0, -1.0]","[[179.9902653561153, 1525.176667014633, 19.050000000000182]]","[[179.9902653561153, 1525.176667014633, 0.0]]","[[7.086230919532098, 60.04632547301705, 0.7500000000000072]]","[[7.086230919532098, 60.04632547301705, 0.0]]","[[59.18199999999979, 78.23199999999997]]",,"Through joint stack; backing counterbore is separate and starts at N=0, not bolt start N=10"
analysis_leg_wall_bolt_left_3,base_side_left,bolt_clearance,11.1125,0.43750000000000006,"[40.131999999999834, 1909.6239904424865, 74.07500000000005]","[-1.0, 0.0, 0.0]","[[38.09999999999968, 1909.6239904424865, 74.07500000000005]]","[[2.2737367544323206e-13, 1909.6239904424865, 74.07500000000005]]","[[1.4999999999999876, 75.18204686781444, 2.9163385826771675]]","[[8.951719505639057e-15, 75.18204686781444, 2.9163385826771675]]","[[2.032000000000153, 40.13199999999961]]",,"Through joint stack; backing counterbore is separate and starts at N=0, not bolt start N=10"
analysis_leg_wall_bolt_left_3,leg_left_inner,bolt_clearance,11.1125,0.43750000000000006,"[257.1247785185002, 1617.1020001889106, 59.182000000000244]","[0.0, 0.0, -1.0]","[[257.1247785185002, 1617.1020001889106, 19.050000000000637]]","[[257.1247785185002, 1617.1020001889106, 4.547473508864641e-13]]","[[10.123022776318907, 63.66543307830357, 0.7500000000000251]]","[[10.123022776318907, 63.66543307830357, 1.7903439011278115e-14]]","[[40.13199999999961, 59.18199999999979]]",,"Through joint stack; backing counterbore is separate and starts at N=0, not bolt start N=10"
analysis_leg_wall_bolt_left_3,leg_left_outer,bolt_clearance,11.1125,0.43750000000000006,"[257.1247785185002, 1617.1020001889106, 78.23199999999997]","[0.0, 0.0, -1.0]","[[257.1247785185002, 1617.1020001889106, 19.050000000000182]]","[[257.1247785185002, 1617.1020001889106, 0.0]]","[[10.123022776318907, 63.66543307830357, 0.7500000000000072]]","[[10.123022776318907, 63.66543307830357, 0.0]]","[[59.18199999999979, 78.23199999999997]]",,"Through joint stack; backing counterbore is separate and starts at N=0, not bolt start N=10"
analysis_leg_wall_bolt_left_4,base_side_left,bolt_clearance,11.1125,0.43750000000000006,"[40.131999999999834, 1989.6239904424865, 74.07500000000039]","[-1.0, 0.0, 0.0]","[[38.09999999999968, 1989.6239904424865, 74.07500000000039]]","[[2.2737367544323206e-13, 1989.6239904424865, 74.07500000000039]]","[[1.4999999999999876, 78.33165316702703, 2.916338582677181]]","[[8.951719505639057e-15, 78.33165316702703, 2.916338582677181]]","[[2.032000000000153, 40.13199999999961]]",,"Through joint stack; backing counterbore is separate and starts at N=0, not bolt start N=10"
analysis_leg_wall_bolt_left_4,leg_left_inner,bolt_clearance,11.1125,0.43750000000000006,"[308.5477872934231, 1678.3855556384287, 59.182000000000244]","[0.0, 0.0, -1.0]","[[308.5477872934231, 1678.3855556384287, 19.050000000000637]]","[[308.5477872934231, 1678.3855556384287, 4.547473508864641e-13]]","[[12.147550680843429, 66.07817148182791, 0.7500000000000251]]","[[12.147550680843429, 66.07817148182791, 1.7903439011278115e-14]]","[[40.13199999999961, 59.18199999999979]]",,"Through joint stack; backing counterbore is separate and starts at N=0, not bolt start N=10"
analysis_leg_wall_bolt_left_4,leg_left_outer,bolt_clearance,11.1125,0.43750000000000006,"[308.5477872934231, 1678.3855556384287, 78.23199999999997]","[0.0, 0.0, -1.0]","[[308.5477872934231, 1678.3855556384287, 19.050000000000182]]","[[308.5477872934231, 1678.3855556384287, 0.0]]","[[12.147550680843429, 66.07817148182791, 0.7500000000000072]]","[[12.147550680843429, 66.07817148182791, 0.0]]","[[59.18199999999979, 78.23199999999997]]",,"Through joint stack; backing counterbore is separate and starts at N=0, not bolt start N=10"
analysis_leg_wall_bolt_right_1,base_side_right,bolt_clearance,11.1125,0.43750000000000006,"[-2.0319999999999254, 1709.6239904424865, 74.07500000000016]","[1.0, 0.0, 0.0]","[[2.2737367544323206e-13, 1709.6239904424865, 74.07500000000016]]","[[38.09999999999968, 1709.6239904424865, 74.07500000000016]]","[[8.951719505639057e-15, 67.30803111978294, 2.916338582677172]]","[[1.4999999999999876, 67.30803111978294, 2.916338582677172]]","[[2.032000000000153, 40.13199999999961]]",,"Through joint stack; backing counterbore is separate and starts at N=0, not bolt start N=10"
analysis_leg_wall_bolt_right_1,leg_right_inner,bolt_clearance,11.1125,0.43750000000000006,"[128.56725658119228, 1463.8931115651149, -40.13200000000006]","[0.0, 0.0, 1.0]","[[128.56725658119228, 1463.8931115651149, -4.547473508864641e-13]]","[[128.56725658119228, 1463.8931115651149, 19.049999999999727]]","[[5.061703015007571, 57.63358706949271, -1.7903439011278115e-14]]","[[5.061703015007571, 57.63358706949271, 0.7499999999999893]]","[[40.13199999999961, 59.18199999999979]]",,"Through joint stack; backing counterbore is separate and starts at N=0, not bolt start N=10"
analysis_leg_wall_bolt_right_1,leg_right_outer,bolt_clearance,11.1125,0.43750000000000006,"[128.56725658119228, 1463.8931115651149, -59.18199999999979]","[0.0, 0.0, 1.0]","[[128.56725658119228, 1463.8931115651149, 0.0]]","[[128.56725658119228, 1463.8931115651149, 19.050000000000182]]","[[5.061703015007571, 57.63358706949271, 0.0]]","[[5.061703015007571, 57.63358706949271, 0.7500000000000072]]","[[59.18199999999979, 78.23199999999997]]",,"Through joint stack; backing counterbore is separate and starts at N=0, not bolt start N=10"
analysis_leg_wall_bolt_right_2,base_side_right,bolt_clearance,11.1125,0.43750000000000006,"[-2.0319999999999254, 1789.6239904424865, 74.07500000000027]","[1.0, 0.0, 0.0]","[[2.2737367544323206e-13, 1789.6239904424865, 74.07500000000027]]","[[38.09999999999968, 1789.6239904424865, 74.07500000000027]]","[[8.951719505639057e-15, 70.45763741899553, 2.9163385826771764]]","[[1.4999999999999876, 70.45763741899553, 2.9163385826771764]]","[[2.032000000000153, 40.13199999999961]]",,"Through joint stack; backing counterbore is separate and starts at N=0, not bolt start N=10"
analysis_leg_wall_bolt_right_2,leg_right_inner,bolt_clearance,11.1125,0.43750000000000006,"[179.9902653561153, 1525.176667014633, -40.13200000000006]","[0.0, 0.0, 1.0]","[[179.9902653561153, 1525.176667014633, -4.547473508864641e-13]]","[[179.9902653561153, 1525.176667014633, 19.049999999999727]]","[[7.086230919532098, 60.04632547301705, -1.7903439011278115e-14]]","[[7.086230919532098, 60.04632547301705, 0.7499999999999893]]","[[40.13199999999961, 59.18199999999979]]",,"Through joint stack; backing counterbore is separate and starts at N=0, not bolt start N=10"
analysis_leg_wall_bolt_right_2,leg_right_outer,bolt_clearance,11.1125,0.43750000000000006,"[179.9902653561153, 1525.176667014633, -59.18199999999979]","[0.0, 0.0, 1.0]","[[179.9902653561153, 1525.176667014633, 0.0]]","[[179.9902653561153, 1525.176667014633, 19.050000000000182]]","[[7.086230919532098, 60.04632547301705, 0.0]]","[[7.086230919532098, 60.04632547301705, 0.7500000000000072]]","[[59.18199999999979, 78.23199999999997]]",,"Through joint stack; backing counterbore is separate and starts at N=0, not bolt start N=10"
analysis_leg_wall_bolt_right_3,base_side_right,bolt_clearance,11.1125,0.43750000000000006,"[-2.0319999999999254, 1909.6239904424865, 74.07500000000005]","[1.0, 0.0, 0.0]","[[2.2737367544323206e-13, 1909.6239904424865, 74.07500000000005]]","[[38.09999999999968, 1909.6239904424865, 74.07500000000005]]","[[8.951719505639057e-15, 75.18204686781444, 2.9163385826771675]]","[[1.4999999999999876, 75.18204686781444, 2.9163385826771675]]","[[2.032000000000153, 40.13199999999961]]",,"Through joint stack; backing counterbore is separate and starts at N=0, not bolt start N=10"
analysis_leg_wall_bolt_right_3,leg_right_inner,bolt_clearance,11.1125,0.43750000000000006,"[257.1247785185002, 1617.1020001889106, -40.13200000000006]","[0.0, 0.0, 1.0]","[[257.1247785185002, 1617.1020001889106, -4.547473508864641e-13]]","[[257.1247785185002, 1617.1020001889106, 19.049999999999727]]","[[10.123022776318907, 63.66543307830357, -1.7903439011278115e-14]]","[[10.123022776318907, 63.66543307830357, 0.7499999999999893]]","[[40.13199999999961, 59.18199999999979]]",,"Through joint stack; backing counterbore is separate and starts at N=0, not bolt start N=10"
analysis_leg_wall_bolt_right_3,leg_right_outer,bolt_clearance,11.1125,0.43750000000000006,"[257.1247785185002, 1617.1020001889106, -59.18199999999979]","[0.0, 0.0, 1.0]","[[257.1247785185002, 1617.1020001889106, 0.0]]","[[257.1247785185002, 1617.1020001889106, 19.050000000000182]]","[[10.123022776318907, 63.66543307830357, 0.0]]","[[10.123022776318907, 63.66543307830357, 0.7500000000000072]]","[[59.18199999999979, 78.23199999999997]]",,"Through joint stack; backing counterbore is separate and starts at N=0, not bolt start N=10"
analysis_leg_wall_bolt_right_4,base_side_right,bolt_clearance,11.1125,0.43750000000000006,"[-2.0319999999999254, 1989.6239904424865, 74.07500000000039]","[1.0, 0.0, 0.0]","[[2.2737367544323206e-13, 1989.6239904424865, 74.07500000000039]]","[[38.09999999999968, 1989.6239904424865, 74.07500000000039]]","[[8.951719505639057e-15, 78.33165316702703, 2.916338582677181]]","[[1.4999999999999876, 78.33165316702703, 2.916338582677181]]","[[2.032000000000153, 40.13199999999961]]",,"Through joint stack; backing counterbore is separate and starts at N=0, not bolt start N=10"
analysis_leg_wall_bolt_right_4,leg_right_inner,bolt_clearance,11.1125,0.43750000000000006,"[308.5477872934231, 1678.3855556384287, -40.13200000000006]","[0.0, 0.0, 1.0]","[[308.5477872934231, 1678.3855556384287, -4.547473508864641e-13]]","[[308.5477872934231, 1678.3855556384287, 19.049999999999727]]","[[12.147550680843429, 66.07817148182791, -1.7903439011278115e-14]]","[[12.147550680843429, 66.07817148182791, 0.7499999999999893]]","[[40.13199999999961, 59.18199999999979]]",,"Through joint stack; backing counterbore is separate and starts at N=0, not bolt start N=10"
analysis_leg_wall_bolt_right_4,leg_right_outer,bolt_clearance,11.1125,0.43750000000000006,"[308.5477872934231, 1678.3855556384287, -59.18199999999979]","[0.0, 0.0, 1.0]","[[308.5477872934231, 1678.3855556384287, 0.0]]","[[308.5477872934231, 1678.3855556384287, 19.050000000000182]]","[[12.147550680843429, 66.07817148182791, 0.0]]","[[12.147550680843429, 66.07817148182791, 0.7500000000000072]]","[[59.18199999999979, 78.23199999999997]]",,"Through joint stack; backing counterbore is separate and starts at N=0, not bolt start N=10"
leg_stitch_left_1,leg_left_inner,bolt_clearance,11.1125,0.43750000000000006,"[198.24125354319563, 1134.3443559823813, 21.082000000000335]","[0.0, 0.0, -1.0]","[[198.24125354319563, 1134.3443559823813, 19.050000000000182]]","[[198.24125354319563, 1134.3443559823813, 0.0]]","[[7.804773761543135, 44.65922661347958, 0.7500000000000072]]","[[7.804773761543135, 44.65922661347958, 0.0]]","[[2.032000000000153, 21.082000000000335]]",,"Through joint stack; backing counterbore is separate and starts at N=0, not bolt start N=10"
leg_stitch_left_1,leg_left_outer,bolt_clearance,11.1125,0.43750000000000006,"[198.24125354319563, 1134.3443559823813, 40.13200000000006]","[0.0, 0.0, -1.0]","[[198.24125354319563, 1134.3443559823813, 19.049999999999727]]","[[198.24125354319563, 1134.3443559823813, 4.547473508864641e-13]]","[[7.804773761543135, 44.65922661347958, 0.7499999999999893]]","[[7.804773761543135, 44.65922661347958, 1.7903439011278115e-14]]","[[21.082000000000335, 40.13199999999961]]",,"Through joint stack; backing counterbore is separate and starts at N=0, not bolt start N=10"
leg_stitch_left_2,leg_left_inner,bolt_clearance,11.1125,0.43750000000000006,"[360.60313385798906, 708.9652224889886, 21.082000000000335]","[0.0, 0.0, -1.0]","[[360.60313385798906, 708.9652224889886, 19.050000000000182]]","[[360.60313385798906, 708.9652224889886, 0.0]]","[[14.196973773936579, 27.91201663342475, 0.7500000000000072]]","[[14.196973773936579, 27.91201663342475, 0.0]]","[[2.032000000000153, 21.082000000000335]]",,"Through joint stack; backing counterbore is separate and starts at N=0, not bolt start N=10"
leg_stitch_left_2,leg_left_outer,bolt_clearance,11.1125,0.43750000000000006,"[360.60313385798906, 708.9652224889886, 40.13200000000006]","[0.0, 0.0, -1.0]","[[360.60313385798906, 708.9652224889886, 19.049999999999727]]","[[360.60313385798906, 708.9652224889886, 4.547473508864641e-13]]","[[14.196973773936579, 27.91201663342475, 0.7499999999999893]]","[[14.196973773936579, 27.91201663342475, 1.7903439011278115e-14]]","[[21.082000000000335, 40.13199999999961]]",,"Through joint stack; backing counterbore is separate and starts at N=0, not bolt start N=10"
leg_stitch_left_3,leg_left_inner,bolt_clearance,11.1125,0.43750000000000006,"[522.9650141727826, 283.5860889955958, 21.082000000000335]","[0.0, 0.0, -1.0]","[[522.9650141727826, 283.5860889955958, 19.050000000000182]]","[[522.9650141727826, 283.5860889955958, 0.0]]","[[20.589173786330026, 11.164806653369913, 0.7500000000000072]]","[[20.589173786330026, 11.164806653369913, 0.0]]","[[2.032000000000153, 21.082000000000335]]",,"Through joint stack; backing counterbore is separate and starts at N=0, not bolt start N=10"
leg_stitch_left_3,leg_left_outer,bolt_clearance,11.1125,0.43750000000000006,"[522.9650141727826, 283.5860889955958, 40.13200000000006]","[0.0, 0.0, -1.0]","[[522.9650141727826, 283.5860889955958, 19.049999999999727]]","[[522.9650141727826, 283.5860889955958, 4.547473508864641e-13]]","[[20.589173786330026, 11.164806653369913, 0.7499999999999893]]","[[20.589173786330026, 11.164806653369913, 1.7903439011278115e-14]]","[[21.082000000000335, 40.13199999999961]]",,"Through joint stack; backing counterbore is separate and starts at N=0, not bolt start N=10"
leg_stitch_right_1,leg_right_inner,bolt_clearance,11.1125,0.43750000000000006,"[198.24125354319563, 1134.3443559823813, -2.032000000000153]","[0.0, 0.0, 1.0]","[[198.24125354319563, 1134.3443559823813, 0.0]]","[[198.24125354319563, 1134.3443559823813, 19.050000000000182]]","[[7.804773761543135, 44.65922661347958, 0.0]]","[[7.804773761543135, 44.65922661347958, 0.7500000000000072]]","[[2.032000000000153, 21.082000000000335]]",,"Through joint stack; backing counterbore is separate and starts at N=0, not bolt start N=10"
leg_stitch_right_1,leg_right_outer,bolt_clearance,11.1125,0.43750000000000006,"[198.24125354319563, 1134.3443559823813, -21.08199999999988]","[0.0, 0.0, 1.0]","[[198.24125354319563, 1134.3443559823813, 4.547473508864641e-13]]","[[198.24125354319563, 1134.3443559823813, 19.049999999999727]]","[[7.804773761543135, 44.65922661347958, 1.7903439011278115e-14]]","[[7.804773761543135, 44.65922661347958, 0.7499999999999893]]","[[21.082000000000335, 40.13199999999961]]",,"Through joint stack; backing counterbore is separate and starts at N=0, not bolt start N=10"
leg_stitch_right_2,leg_right_inner,bolt_clearance,11.1125,0.43750000000000006,"[360.60313385798906, 708.9652224889886, -2.032000000000153]","[0.0, 0.0, 1.0]","[[360.60313385798906, 708.9652224889886, 0.0]]","[[360.60313385798906, 708.9652224889886, 19.050000000000182]]","[[14.196973773936579, 27.91201663342475, 0.0]]","[[14.196973773936579, 27.91201663342475, 0.7500000000000072]]","[[2.032000000000153, 21.082000000000335]]",,"Through joint stack; backing counterbore is separate and starts at N=0, not bolt start N=10"
leg_stitch_right_2,leg_right_outer,bolt_clearance,11.1125,0.43750000000000006,"[360.60313385798906, 708.9652224889886, -21.08199999999988]","[0.0, 0.0, 1.0]","[[360.60313385798906, 708.9652224889886, 4.547473508864641e-13]]","[[360.60313385798906, 708.9652224889886, 19.049999999999727]]","[[14.196973773936579, 27.91201663342475, 1.7903439011278115e-14]]","[[14.196973773936579, 27.91201663342475, 0.7499999999999893]]","[[21.082000000000335, 40.13199999999961]]",,"Through joint stack; backing counterbore is separate and starts at N=0, not bolt start N=10"
leg_stitch_right_3,leg_right_inner,bolt_clearance,11.1125,0.43750000000000006,"[522.9650141727826, 283.5860889955958, -2.032000000000153]","[0.0, 0.0, 1.0]","[[522.9650141727826, 283.5860889955958, 0.0]]","[[522.9650141727826, 283.5860889955958, 19.050000000000182]]","[[20.589173786330026, 11.164806653369913, 0.0]]","[[20.589173786330026, 11.164806653369913, 0.7500000000000072]]","[[2.032000000000153, 21.082000000000335]]",,"Through joint stack; backing counterbore is separate and starts at N=0, not bolt start N=10"
leg_stitch_right_3,leg_right_outer,bolt_clearance,11.1125,0.43750000000000006,"[522.9650141727826, 283.5860889955958, -21.08199999999988]","[0.0, 0.0, 1.0]","[[522.9650141727826, 283.5860889955958, 4.547473508864641e-13]]","[[522.9650141727826, 283.5860889955958, 19.049999999999727]]","[[20.589173786330026, 11.164806653369913, 1.7903439011278115e-14]]","[[20.589173786330026, 11.164806653369913, 0.7499999999999893]]","[[21.082000000000335, 40.13199999999961]]",,"Through joint stack; backing counterbore is separate and starts at N=0, not bolt start N=10"
timber_panel_lower_left_1,main_lower_left,panel_clearance,7.0,0.2755905511811024,"[19.049999999999955, 59.99999999999989, -1.1723955140041653e-13]","[0.0, -4.440892098500626e-15, 1.0]","[[19.049999999999955, 59.99999999999989, -3.801403636316536e-13]]","[[19.049999999999955, 59.9999999999998, 18.256249999999824]]","[[0.7499999999999982, 2.3622047244094446, -1.49661560484903e-14]]","[[0.7499999999999982, 2.362204724409441, 0.7187499999999931]]","[[-2.5501444420931433e-13, 18.25624999999996]]",,"Through panel; head countersink is a separate feature, not this axis interval"
timber_panel_lower_left_1,base_side_left,insert_installation_pilot,9.128125,0.35937500000000006,"[19.049999999999955, 229.6239904424871, -18.25624999999991]","[0.0, -4.440892098500626e-15, 1.0]","[[19.049999999999955, 229.623990442487, 1.4210854715202004e-14]]","[[19.049999999999955, 229.62399044248616, 184.14999999999978]]","[[0.7499999999999982, 9.040314584349883, 5.594824691024411e-16]]","[[0.7499999999999982, 9.040314584349849, 7.249999999999992]]","[[18.25624999999996, 202.40624999999972]]",,Pilot diameter only; 17 mm CAD clearance reservation is NOT a selected drilling depth. Insert OD envelope is NOT pilot diameter; drill depth/stop and bit tip remain unresolved
timber_panel_lower_left_2,main_lower_left,panel_clearance,7.0,0.2755905511811024,"[19.049999999999955, 1159.2, -1.1368683772161603e-13]","[0.0, -4.440892098500626e-15, 1.0]","[[19.049999999999955, 1159.2, -2.2737367544323206e-13]]","[[19.049999999999955, 1159.1999999999998, 18.256250000000023]]","[[0.7499999999999982, 45.637795275590555, -8.951719505639057e-15]]","[[0.7499999999999982, 45.63779527559055, 0.7187500000000009]]","[[-8.708917029241299e-14, 18.256250000000126]]",,"Through panel; head countersink is a separate feature, not this axis interval"
timber_panel_lower_left_2,base_side_left,insert_installation_pilot,9.128125,0.35937500000000006,"[19.049999999999955, 1328.8239904424872, -18.25624999999991]","[0.0, -4.440892098500626e-15, 1.0]","[[19.049999999999955, 1328.8239904424872, -4.547473508864641e-13]]","[[19.049999999999955, 1328.8239904424863, 184.1500000000001]]","[[0.7499999999999982, 52.315905135531, -1.7903439011278115e-14]]","[[0.7499999999999982, 52.31590513553096, 7.2500000000000036]]","[[18.256249999999486, 202.4062499999999]]",,Pilot diameter only; 17 mm CAD clearance reservation is NOT a selected drilling depth. Insert OD envelope is NOT pilot diameter; drill depth/stop and bit tip remain unresolved
timber_panel_lower_left_3,main_lower_left,panel_clearance,7.0,0.2755905511811024,"[1136.65, 59.99999999999989, -1.1723955140041653e-13]","[0.0, -4.440892098500626e-15, 1.0]","[[1136.65, 59.99999999999989, -3.801403636316536e-13]]","[[1136.65, 59.9999999999998, 18.256249999999824]]","[[44.75000000000001, 2.3622047244094446, -1.49661560484903e-14]]","[[44.75000000000001, 2.362204724409441, 0.7187499999999931]]","[[-2.5501444420931433e-13, 18.25624999999996]]",,"Through panel; head countersink is a separate feature, not this axis interval"
timber_panel_lower_left_3,timber_bottom_backing,insert_installation_pilot,9.128125,0.35937500000000006,"[1098.5500000000002, 60.00000000000003, -18.256250000000016]","[0.0, -4.440892098500626e-15, 1.0]","[[1098.5500000000002, 59.999999999999936, -7.105427357601002e-14]]","[[1098.5500000000002, 59.9999999999998, 38.1000000000004]]","[[43.25000000000001, 2.3622047244094464, -2.7974123455122056e-15]]","[[43.25000000000001, 2.362204724409441, 1.5000000000000158]]","[[18.25624999999996, 56.3562500000004]]",,Pilot diameter only; 17 mm CAD clearance reservation is NOT a selected drilling depth. Insert OD envelope is NOT pilot diameter; drill depth/stop and bit tip remain unresolved
timber_panel_lower_left_4,main_lower_left,panel_clearance,7.0,0.2755905511811024,"[1136.65, 1159.2, -1.1368683772161603e-13]","[0.0, -4.440892098500626e-15, 1.0]","[[1136.65, 1159.2, -2.2737367544323206e-13]]","[[1136.65, 1159.1999999999998, 18.256250000000023]]","[[44.75000000000001, 45.637795275590555, -8.951719505639057e-15]]","[[44.75000000000001, 45.63779527559055, 0.7187500000000009]]","[[-8.708917029241299e-14, 18.256250000000126]]",,"Through panel; head countersink is a separate feature, not this axis interval"
timber_panel_lower_left_4,base_principal_left,insert_installation_pilot,9.128125,0.35937500000000006,"[44.45, 1291.5260118366573, -18.25624999999968]","[0.0, -4.440892098500626e-15, 1.0]","[[44.45, 1291.5260118366573, -2.2737367544323206e-13]]","[[44.45, 1291.5260118366564, 139.7000000000005]]","[[1.7500000000000002, 50.84748078097076, -8.951719505639057e-15]]","[[1.7500000000000002, 50.84748078097073, 5.50000000000002]]","[[18.256249999999486, 157.9562500000003]]",,Pilot diameter only; 17 mm CAD clearance reservation is NOT a selected drilling depth. Insert OD envelope is NOT pilot diameter; drill depth/stop and bit tip remain unresolved
timber_panel_lower_left_5,main_lower_left,panel_clearance,7.0,0.2755905511811024,"[19.049999999999955, 406.3999999999998, -8.526512829121202e-14]","[0.0, -4.440892098500626e-15, 1.0]","[[19.049999999999955, 406.3999999999998, -8.526512829121202e-14]]","[[19.049999999999955, 406.39999999999975, 18.256250000000108]]","[[0.7499999999999982, 15.999999999999993, -3.356894814614647e-15]]","[[0.7499999999999982, 15.999999999999991, 0.7187500000000043]]","[[1.4012679620513923e-14, 18.25625000000023]]",,"Through panel; head countersink is a separate feature, not this axis interval"
timber_panel_lower_left_5,base_side_left,insert_installation_pilot,9.128125,0.35937500000000006,"[19.049999999999955, 576.023990442487, -18.25624999999991]","[0.0, -4.440892098500626e-15, 1.0]","[[19.049999999999955, 576.0239904424868, 3.410605131648481e-13]]","[[19.049999999999955, 576.0239904424861, 184.15000000000015]]","[[0.7499999999999982, 22.678109859940427, 1.3427579258458588e-14]]","[[0.7499999999999982, 22.6781098599404, 7.250000000000006]]","[[18.25625000000023, 202.40625]]",,Pilot diameter only; 17 mm CAD clearance reservation is NOT a selected drilling depth. Insert OD envelope is NOT pilot diameter; drill depth/stop and bit tip remain unresolved
timber_panel_lower_left_6,main_lower_left,panel_clearance,7.0,0.2755905511811024,"[19.049999999999955, 812.7999999999997, -1.1368683772161603e-13]","[0.0, -4.440892098500626e-15, 1.0]","[[19.049999999999955, 812.7999999999997, -1.1368683772161603e-13]]","[[19.049999999999955, 812.7999999999996, 18.25625000000008]]","[[0.7499999999999982, 31.99999999999999, -4.475859752819529e-15]]","[[0.7499999999999982, 31.999999999999986, 0.7187500000000032]]","[[-1.4012679620513923e-14, 18.2562500000002]]",,"Through panel; head countersink is a separate feature, not this axis interval"
timber_panel_lower_left_6,base_side_left,insert_installation_pilot,9.128125,0.35937500000000006,"[19.049999999999955, 982.4239904424869, -18.256249999999966]","[0.0, -4.440892098500626e-15, 1.0]","[[19.049999999999955, 982.4239904424869, 1.7053025658242404e-13]]","[[19.049999999999955, 982.423990442486, 184.15000000000003]]","[[0.7499999999999982, 38.678109859940434, 6.713789629229294e-15]]","[[0.7499999999999982, 38.6781098599404, 7.250000000000002]]","[[18.2562500000002, 202.40624999999994]]",,Pilot diameter only; 17 mm CAD clearance reservation is NOT a selected drilling depth. Insert OD envelope is NOT pilot diameter; drill depth/stop and bit tip remain unresolved
timber_panel_lower_left_7,main_lower_left,panel_clearance,7.0,0.2755905511811024,"[1136.65, 406.3999999999998, -8.526512829121202e-14]","[0.0, -4.440892098500626e-15, 1.0]","[[1136.65, 406.3999999999998, -8.526512829121202e-14]]","[[1136.65, 406.39999999999975, 18.256250000000108]]","[[44.75000000000001, 15.999999999999993, -3.356894814614647e-15]]","[[44.75000000000001, 15.999999999999991, 0.7187500000000043]]","[[1.4012679620513923e-14, 18.25625000000023]]",,"Through panel; head countersink is a separate feature, not this axis interval"
timber_panel_lower_left_7,base_principal_left,insert_installation_pilot,9.128125,0.35937500000000006,"[44.45, 538.726011836657, -18.25624999999974]","[0.0, -4.440892098500626e-15, 1.0]","[[44.45, 538.726011836657, 0.0]]","[[44.45, 538.7260118366563, 139.70000000000064]]","[[1.7500000000000002, 21.209685505380197, 0.0]]","[[1.7500000000000002, 21.209685505380172, 5.500000000000026]]","[[18.256249999999586, 157.9562500000004]]",,Pilot diameter only; 17 mm CAD clearance reservation is NOT a selected drilling depth. Insert OD envelope is NOT pilot diameter; drill depth/stop and bit tip remain unresolved
timber_panel_lower_left_8,main_lower_left,panel_clearance,7.0,0.2755905511811024,"[1136.65, 812.7999999999997, -1.1368683772161603e-13]","[0.0, -4.440892098500626e-15, 1.0]","[[1136.65, 812.7999999999997, -1.1368683772161603e-13]]","[[1136.65, 812.7999999999996, 18.25625000000008]]","[[44.75000000000001, 31.99999999999999, -4.475859752819529e-15]]","[[44.75000000000001, 31.999999999999986, 0.7187500000000032]]","[[-1.4012679620513923e-14, 18.2562500000002]]",,"Through panel; head countersink is a separate feature, not this axis interval"
timber_panel_lower_left_8,base_principal_left,insert_installation_pilot,9.128125,0.35937500000000006,"[44.45, 945.126011836657, -18.256249999999795]","[0.0, -4.440892098500626e-15, 1.0]","[[44.45, 945.1260118366569, -2.8421709430404007e-13]]","[[44.45, 945.1260118366563, 139.70000000000027]]","[[1.7500000000000002, 37.20968550538019, -1.1189649382048822e-14]]","[[1.7500000000000002, 37.20968550538017, 5.500000000000011]]","[[18.25624999999956, 157.95625]]",,Pilot diameter only; 17 mm CAD clearance reservation is NOT a selected drilling depth. Insert OD envelope is NOT pilot diameter; drill depth/stop and bit tip remain unresolved
timber_panel_lower_left_9,main_lower_left,panel_clearance,7.0,0.2755905511811024,"[428.04999999999995, 19.049999999999883, -1.3677947663381929e-13]","[0.0, -4.440892098500626e-15, 1.0]","[[428.04999999999995, 19.049999999999883, -1.3677947663381929e-13]]","[[428.04999999999995, 19.049999999999812, 18.256250000000087]]","[[16.852362204724407, 0.7499999999999954, -5.385018765110996e-15]]","[[16.852362204724407, 0.7499999999999927, 0.7187500000000034]]","[[1.5632666669811513e-15, 18.256250000000215]]",,"Through panel; head countersink is a separate feature, not this axis interval"
timber_panel_lower_left_9,timber_bottom_backing,insert_installation_pilot,9.128125,0.35937500000000006,"[389.95000000000005, 19.05000000000001, -18.256250000000033]","[0.0, -4.440892098500626e-15, 1.0]","[[389.95000000000005, 19.04999999999994, 1.9184653865522705e-13]]","[[389.95000000000005, 19.04999999999975, 38.09999999999997]]","[[15.352362204724413, 0.7499999999999977, 7.553013332882956e-15]]","[[15.352362204724413, 0.7499999999999901, 1.4999999999999991]]","[[18.256250000000215, 56.35625000000002]]",,Pilot diameter only; 17 mm CAD clearance reservation is NOT a selected drilling depth. Insert OD envelope is NOT pilot diameter; drill depth/stop and bit tip remain unresolved
timber_panel_lower_left_10,main_lower_left,panel_clearance,7.0,0.2755905511811024,"[771.05, 19.049999999999883, -1.3677947663381929e-13]","[0.0, -4.440892098500626e-15, 1.0]","[[771.05, 19.049999999999883, -1.3677947663381929e-13]]","[[771.05, 19.049999999999812, 18.256250000000087]]","[[30.356299212598426, 0.7499999999999954, -5.385018765110996e-15]]","[[30.356299212598426, 0.7499999999999927, 0.7187500000000034]]","[[1.5632666669811513e-15, 18.256250000000215]]",,"Through panel; head countersink is a separate feature, not this axis interval"
timber_panel_lower_left_10,timber_bottom_backing,insert_installation_pilot,9.128125,0.35937500000000006,"[732.95, 19.05000000000001, -18.256250000000033]","[0.0, -4.440892098500626e-15, 1.0]","[[732.95, 19.04999999999994, 1.9184653865522705e-13]]","[[732.95, 19.04999999999975, 38.09999999999997]]","[[28.85629921259843, 0.7499999999999977, 7.553013332882956e-15]]","[[28.85629921259843, 0.7499999999999901, 1.4999999999999991]]","[[18.256250000000215, 56.35625000000002]]",,Pilot diameter only; 17 mm CAD clearance reservation is NOT a selected drilling depth. Insert OD envelope is NOT pilot diameter; drill depth/stop and bit tip remain unresolved
timber_panel_lower_left_11,main_lower_left,panel_clearance,7.0,0.2755905511811024,"[428.04999999999995, 1200.15, 0.0]","[0.0, -4.440892098500626e-15, 1.0]","[[428.04999999999995, 1200.15, 3.410605131648481e-13]]","[[428.04999999999995, 1200.1499999999999, 18.256249999999795]]","[[16.852362204724407, 47.25000000000001, 1.3427579258458588e-14]]","[[16.852362204724407, 47.25, 0.718749999999992]]","[[2.332421516362111e-13, 18.256249999999806]]",,"Through panel; head countersink is a separate feature, not this axis interval"
timber_panel_lower_left_11,base_rail_mid_lower_left,insert_installation_pilot,9.128125,0.35937500000000006,"[389.95000000000005, 19.0499999999998, -18.25624999999987]","[0.0, -4.440892098500626e-15, 1.0]","[[389.95000000000005, 19.049999999999724, -3.730349362740526e-14]]","[[389.95000000000005, 19.04999999999915, 139.69999999999987]]","[[15.352362204724413, 0.7499999999999891, -1.468641481393908e-15]]","[[15.352362204724413, 0.7499999999999667, 5.499999999999996]]","[[18.256249999999806, 157.95624999999964]]",,Pilot diameter only; 17 mm CAD clearance reservation is NOT a selected drilling depth. Insert OD envelope is NOT pilot diameter; drill depth/stop and bit tip remain unresolved
timber_panel_lower_left_12,main_lower_left,panel_clearance,7.0,0.2755905511811024,"[771.05, 1200.15, 0.0]","[0.0, -4.440892098500626e-15, 1.0]","[[771.05, 1200.15, 3.410605131648481e-13]]","[[771.05, 1200.1499999999999, 18.256249999999795]]","[[30.356299212598426, 47.25000000000001, 1.3427579258458588e-14]]","[[30.356299212598426, 47.25, 0.718749999999992]]","[[2.332421516362111e-13, 18.256249999999806]]",,"Through panel; head countersink is a separate feature, not this axis interval"
timber_panel_lower_left_12,base_rail_mid_lower_left,insert_installation_pilot,9.128125,0.35937500000000006,"[732.95, 19.0499999999998, -18.25624999999987]","[0.0, -4.440892098500626e-15, 1.0]","[[732.95, 19.049999999999724, -3.730349362740526e-14]]","[[732.95, 19.04999999999915, 139.69999999999987]]","[[28.85629921259843, 0.7499999999999891, -1.468641481393908e-15]]","[[28.85629921259843, 0.7499999999999667, 5.499999999999996]]","[[18.256249999999806, 157.95624999999964]]",,Pilot diameter only; 17 mm CAD clearance reservation is NOT a selected drilling depth. Insert OD envelope is NOT pilot diameter; drill depth/stop and bit tip remain unresolved
timber_panel_lower_right_1,main_lower_right,panel_clearance,7.0,0.2755905511811024,"[44.45, 59.99999999999989, -1.1723955140041653e-13]","[0.0, -4.440892098500626e-15, 1.0]","[[44.45, 59.99999999999989, -3.801403636316536e-13]]","[[44.45, 59.9999999999998, 18.256249999999824]]","[[1.7500000000000002, 2.3622047244094446, -1.49661560484903e-14]]","[[1.7500000000000002, 2.362204724409441, 0.7187499999999931]]","[[-2.5501444420931433e-13, 18.25624999999996]]",,"Through panel; head countersink is a separate feature, not this axis interval"
timber_panel_lower_right_1,timber_bottom_backing,insert_installation_pilot,9.128125,0.35937500000000006,"[1225.5500000000002, 60.00000000000003, -18.256250000000016]","[0.0, -4.440892098500626e-15, 1.0]","[[1225.5500000000002, 59.999999999999936, -7.105427357601002e-14]]","[[1225.5500000000002, 59.9999999999998, 38.1000000000004]]","[[48.25000000000001, 2.3622047244094464, -2.7974123455122056e-15]]","[[48.25000000000001, 2.362204724409441, 1.5000000000000158]]","[[18.25624999999996, 56.3562500000004]]",,Pilot diameter only; 17 mm CAD clearance reservation is NOT a selected drilling depth. Insert OD envelope is NOT pilot diameter; drill depth/stop and bit tip remain unresolved
timber_panel_lower_right_2,main_lower_right,panel_clearance,7.0,0.2755905511811024,"[44.45, 1159.2, -1.1368683772161603e-13]","[0.0, -4.440892098500626e-15, 1.0]","[[44.45, 1159.2, -2.2737367544323206e-13]]","[[44.45, 1159.1999999999998, 18.256250000000023]]","[[1.7500000000000002, 45.637795275590555, -8.951719505639057e-15]]","[[1.7500000000000002, 45.63779527559055, 0.7187500000000009]]","[[-8.708917029241299e-14, 18.256250000000126]]",,"Through panel; head countersink is a separate feature, not this axis interval"
timber_panel_lower_right_2,base_principal_right,insert_installation_pilot,9.128125,0.35937500000000006,"[44.45, 1291.5260118366573, -18.25624999999968]","[0.0, -4.440892098500626e-15, 1.0]","[[44.45, 1291.5260118366573, -2.2737367544323206e-13]]","[[44.45, 1291.5260118366564, 139.7000000000005]]","[[1.7500000000000002, 50.84748078097076, -8.951719505639057e-15]]","[[1.7500000000000002, 50.84748078097073, 5.50000000000002]]","[[18.256249999999486, 157.9562500000003]]",,Pilot diameter only; 17 mm CAD clearance reservation is NOT a selected drilling depth. Insert OD envelope is NOT pilot diameter; drill depth/stop and bit tip remain unresolved
timber_panel_lower_right_3,main_lower_right,panel_clearance,7.0,0.2755905511811024,"[1200.15, 59.99999999999989, -1.1723955140041653e-13]","[0.0, -4.440892098500626e-15, 1.0]","[[1200.15, 59.99999999999989, -3.801403636316536e-13]]","[[1200.15, 59.9999999999998, 18.256249999999824]]","[[47.25000000000001, 2.3622047244094446, -1.49661560484903e-14]]","[[47.25000000000001, 2.362204724409441, 0.7187499999999931]]","[[-2.5501444420931433e-13, 18.25624999999996]]",,"Through panel; head countersink is a separate feature, not this axis interval"
timber_panel_lower_right_3,base_side_right,insert_installation_pilot,9.128125,0.35937500000000006,"[19.049999999999955, 229.6239904424871, -18.25624999999991]","[0.0, -4.440892098500626e-15, 1.0]","[[19.049999999999955, 229.623990442487, 1.4210854715202004e-14]]","[[19.049999999999955, 229.62399044248616, 184.14999999999978]]","[[0.7499999999999982, 9.040314584349883, 5.594824691024411e-16]]","[[0.7499999999999982, 9.040314584349849, 7.249999999999992]]","[[18.25624999999996, 202.40624999999972]]",,Pilot diameter only; 17 mm CAD clearance reservation is NOT a selected drilling depth. Insert OD envelope is NOT pilot diameter; drill depth/stop and bit tip remain unresolved
timber_panel_lower_right_4,main_lower_right,panel_clearance,7.0,0.2755905511811024,"[1200.15, 1159.2, -1.1368683772161603e-13]","[0.0, -4.440892098500626e-15, 1.0]","[[1200.15, 1159.2, -2.2737367544323206e-13]]","[[1200.15, 1159.1999999999998, 18.256250000000023]]","[[47.25000000000001, 45.637795275590555, -8.951719505639057e-15]]","[[47.25000000000001, 45.63779527559055, 0.7187500000000009]]","[[-8.708917029241299e-14, 18.256250000000126]]",,"Through panel; head countersink is a separate feature, not this axis interval"
timber_panel_lower_right_4,base_side_right,insert_installation_pilot,9.128125,0.35937500000000006,"[19.049999999999955, 1328.8239904424872, -18.25624999999991]","[0.0, -4.440892098500626e-15, 1.0]","[[19.049999999999955, 1328.8239904424872, -4.547473508864641e-13]]","[[19.049999999999955, 1328.8239904424863, 184.1500000000001]]","[[0.7499999999999982, 52.315905135531, -1.7903439011278115e-14]]","[[0.7499999999999982, 52.31590513553096, 7.2500000000000036]]","[[18.256249999999486, 202.4062499999999]]",,Pilot diameter only; 17 mm CAD clearance reservation is NOT a selected drilling depth. Insert OD envelope is NOT pilot diameter; drill depth/stop and bit tip remain unresolved
timber_panel_lower_right_5,main_lower_right,panel_clearance,7.0,0.2755905511811024,"[44.45, 406.3999999999998, -8.526512829121202e-14]","[0.0, -4.440892098500626e-15, 1.0]","[[44.45, 406.3999999999998, -8.526512829121202e-14]]","[[44.45, 406.39999999999975, 18.256250000000108]]","[[1.7500000000000002, 15.999999999999993, -3.356894814614647e-15]]","[[1.7500000000000002, 15.999999999999991, 0.7187500000000043]]","[[1.4012679620513923e-14, 18.25625000000023]]",,"Through panel; head countersink is a separate feature, not this axis interval"
timber_panel_lower_right_5,base_principal_right,insert_installation_pilot,9.128125,0.35937500000000006,"[44.45, 538.726011836657, -18.25624999999974]","[0.0, -4.440892098500626e-15, 1.0]","[[44.45, 538.726011836657, 0.0]]","[[44.45, 538.7260118366563, 139.70000000000064]]","[[1.7500000000000002, 21.209685505380197, 0.0]]","[[1.7500000000000002, 21.209685505380172, 5.500000000000026]]","[[18.256249999999586, 157.9562500000004]]",,Pilot diameter only; 17 mm CAD clearance reservation is NOT a selected drilling depth. Insert OD envelope is NOT pilot diameter; drill depth/stop and bit tip remain unresolved
timber_panel_lower_right_6,main_lower_right,panel_clearance,7.0,0.2755905511811024,"[44.45, 812.7999999999997, -1.1368683772161603e-13]","[0.0, -4.440892098500626e-15, 1.0]","[[44.45, 812.7999999999997, -1.1368683772161603e-13]]","[[44.45, 812.7999999999996, 18.25625000000008]]","[[1.7500000000000002, 31.99999999999999, -4.475859752819529e-15]]","[[1.7500000000000002, 31.999999999999986, 0.7187500000000032]]","[[-1.4012679620513923e-14, 18.2562500000002]]",,"Through panel; head countersink is a separate feature, not this axis interval"
timber_panel_lower_right_6,base_principal_right,insert_installation_pilot,9.128125,0.35937500000000006,"[44.45, 945.126011836657, -18.256249999999795]","[0.0, -4.440892098500626e-15, 1.0]","[[44.45, 945.1260118366569, -2.8421709430404007e-13]]","[[44.45, 945.1260118366563, 139.70000000000027]]","[[1.7500000000000002, 37.20968550538019, -1.1189649382048822e-14]]","[[1.7500000000000002, 37.20968550538017, 5.500000000000011]]","[[18.25624999999956, 157.95625]]",,Pilot diameter only; 17 mm CAD clearance reservation is NOT a selected drilling depth. Insert OD envelope is NOT pilot diameter; drill depth/stop and bit tip remain unresolved
timber_panel_lower_right_7,main_lower_right,panel_clearance,7.0,0.2755905511811024,"[1200.15, 406.3999999999998, -8.526512829121202e-14]","[0.0, -4.440892098500626e-15, 1.0]","[[1200.15, 406.3999999999998, -8.526512829121202e-14]]","[[1200.15, 406.39999999999975, 18.256250000000108]]","[[47.25000000000001, 15.999999999999993, -3.356894814614647e-15]]","[[47.25000000000001, 15.999999999999991, 0.7187500000000043]]","[[1.4012679620513923e-14, 18.25625000000023]]",,"Through panel; head countersink is a separate feature, not this axis interval"
timber_panel_lower_right_7,base_side_right,insert_installation_pilot,9.128125,0.35937500000000006,"[19.049999999999955, 576.023990442487, -18.25624999999991]","[0.0, -4.440892098500626e-15, 1.0]","[[19.049999999999955, 576.0239904424868, 3.410605131648481e-13]]","[[19.049999999999955, 576.0239904424861, 184.15000000000015]]","[[0.7499999999999982, 22.678109859940427, 1.3427579258458588e-14]]","[[0.7499999999999982, 22.6781098599404, 7.250000000000006]]","[[18.25625000000023, 202.40625]]",,Pilot diameter only; 17 mm CAD clearance reservation is NOT a selected drilling depth. Insert OD envelope is NOT pilot diameter; drill depth/stop and bit tip remain unresolved
timber_panel_lower_right_8,main_lower_right,panel_clearance,7.0,0.2755905511811024,"[1200.15, 812.7999999999997, -1.1368683772161603e-13]","[0.0, -4.440892098500626e-15, 1.0]","[[1200.15, 812.7999999999997, -1.1368683772161603e-13]]","[[1200.15, 812.7999999999996, 18.25625000000008]]","[[47.25000000000001, 31.99999999999999, -4.475859752819529e-15]]","[[47.25000000000001, 31.999999999999986, 0.7187500000000032]]","[[-1.4012679620513923e-14, 18.2562500000002]]",,"Through panel; head countersink is a separate feature, not this axis interval"
timber_panel_lower_right_8,base_side_right,insert_installation_pilot,9.128125,0.35937500000000006,"[19.049999999999955, 982.4239904424869, -18.256249999999966]","[0.0, -4.440892098500626e-15, 1.0]","[[19.049999999999955, 982.4239904424869, 1.7053025658242404e-13]]","[[19.049999999999955, 982.423990442486, 184.15000000000003]]","[[0.7499999999999982, 38.678109859940434, 6.713789629229294e-15]]","[[0.7499999999999982, 38.6781098599404, 7.250000000000002]]","[[18.2562500000002, 202.40624999999994]]",,Pilot diameter only; 17 mm CAD clearance reservation is NOT a selected drilling depth. Insert OD envelope is NOT pilot diameter; drill depth/stop and bit tip remain unresolved
timber_panel_lower_right_9,main_lower_right,panel_clearance,7.0,0.2755905511811024,"[412.75000000000006, 19.049999999999883, -1.3677947663381929e-13]","[0.0, -4.440892098500626e-15, 1.0]","[[412.75000000000006, 19.049999999999883, -1.3677947663381929e-13]]","[[412.75000000000006, 19.049999999999812, 18.256250000000087]]","[[16.250000000000004, 0.7499999999999954, -5.385018765110996e-15]]","[[16.250000000000004, 0.7499999999999927, 0.7187500000000034]]","[[1.5632666669811513e-15, 18.256250000000215]]",,"Through panel; head countersink is a separate feature, not this axis interval"
timber_panel_lower_right_9,timber_bottom_backing,insert_installation_pilot,9.128125,0.35937500000000006,"[1593.8500000000001, 19.05000000000001, -18.256250000000033]","[0.0, -4.440892098500626e-15, 1.0]","[[1593.8500000000001, 19.04999999999994, 1.9184653865522705e-13]]","[[1593.8500000000001, 19.04999999999975, 38.09999999999997]]","[[62.75000000000001, 0.7499999999999977, 7.553013332882956e-15]]","[[62.75000000000001, 0.7499999999999901, 1.4999999999999991]]","[[18.256250000000215, 56.35625000000002]]",,Pilot diameter only; 17 mm CAD clearance reservation is NOT a selected drilling depth. Insert OD envelope is NOT pilot diameter; drill depth/stop and bit tip remain unresolved
timber_panel_lower_right_10,main_lower_right,panel_clearance,7.0,0.2755905511811024,"[809.45, 19.049999999999883, -1.3677947663381929e-13]","[0.0, -4.440892098500626e-15, 1.0]","[[809.45, 19.049999999999883, -1.3677947663381929e-13]]","[[809.45, 19.049999999999812, 18.256250000000087]]","[[31.868110236220478, 0.7499999999999954, -5.385018765110996e-15]]","[[31.868110236220478, 0.7499999999999927, 0.7187500000000034]]","[[1.5632666669811513e-15, 18.256250000000215]]",,"Through panel; head countersink is a separate feature, not this axis interval"
timber_panel_lower_right_10,timber_bottom_backing,insert_installation_pilot,9.128125,0.35937500000000006,"[1990.5500000000002, 19.05000000000001, -18.256250000000033]","[0.0, -4.440892098500626e-15, 1.0]","[[1990.5500000000002, 19.04999999999994, 1.9184653865522705e-13]]","[[1990.5500000000002, 19.04999999999975, 38.09999999999997]]","[[78.36811023622049, 0.7499999999999977, 7.553013332882956e-15]]","[[78.36811023622049, 0.7499999999999901, 1.4999999999999991]]","[[18.256250000000215, 56.35625000000002]]",,Pilot diameter only; 17 mm CAD clearance reservation is NOT a selected drilling depth. Insert OD envelope is NOT pilot diameter; drill depth/stop and bit tip remain unresolved
timber_panel_lower_right_11,main_lower_right,panel_clearance,7.0,0.2755905511811024,"[412.75000000000006, 1200.15, 0.0]","[0.0, -4.440892098500626e-15, 1.0]","[[412.75000000000006, 1200.15, 3.410605131648481e-13]]","[[412.75000000000006, 1200.1499999999999, 18.256249999999795]]","[[16.250000000000004, 47.25000000000001, 1.3427579258458588e-14]]","[[16.250000000000004, 47.25, 0.718749999999992]]","[[2.332421516362111e-13, 18.256249999999806]]",,"Through panel; head countersink is a separate feature, not this axis interval"
timber_panel_lower_right_11,base_rail_mid_lower_right,insert_installation_pilot,9.128125,0.35937500000000006,"[323.84999999999997, 19.0499999999998, -18.25624999999987]","[0.0, -4.440892098500626e-15, 1.0]","[[323.84999999999997, 19.049999999999724, -3.730349362740526e-14]]","[[323.84999999999997, 19.04999999999915, 139.69999999999987]]","[[12.75, 0.7499999999999891, -1.468641481393908e-15]]","[[12.75, 0.7499999999999667, 5.499999999999996]]","[[18.256249999999806, 157.95624999999964]]",,Pilot diameter only; 17 mm CAD clearance reservation is NOT a selected drilling depth. Insert OD envelope is NOT pilot diameter; drill depth/stop and bit tip remain unresolved
timber_panel_lower_right_12,main_lower_right,panel_clearance,7.0,0.2755905511811024,"[809.45, 1200.15, 0.0]","[0.0, -4.440892098500626e-15, 1.0]","[[809.45, 1200.15, 3.410605131648481e-13]]","[[809.45, 1200.1499999999999, 18.256249999999795]]","[[31.868110236220478, 47.25000000000001, 1.3427579258458588e-14]]","[[31.868110236220478, 47.25, 0.718749999999992]]","[[2.332421516362111e-13, 18.256249999999806]]",,"Through panel; head countersink is a separate feature, not this axis interval"
timber_panel_lower_right_12,base_rail_mid_lower_right,insert_installation_pilot,9.128125,0.35937500000000006,"[720.55, 19.0499999999998, -18.25624999999987]","[0.0, -4.440892098500626e-15, 1.0]","[[720.55, 19.049999999999724, -3.730349362740526e-14]]","[[720.55, 19.04999999999915, 139.69999999999987]]","[[28.368110236220474, 0.7499999999999891, -1.468641481393908e-15]]","[[28.368110236220474, 0.7499999999999667, 5.499999999999996]]","[[18.256249999999806, 157.95624999999964]]",,Pilot diameter only; 17 mm CAD clearance reservation is NOT a selected drilling depth. Insert OD envelope is NOT pilot diameter; drill depth/stop and bit tip remain unresolved
timber_panel_upper_left_1,main_upper_left,panel_clearance,7.0,0.2755905511811024,"[19.049999999999955, 59.99999999999976, 4.618527782440651e-14]","[0.0, -4.440892098500626e-15, 1.0]","[[19.049999999999955, 59.99999999999983, -4.263256414560601e-14]]","[[19.049999999999955, 59.99999999999979, 18.25625000000011]]","[[0.7499999999999982, 2.3622047244094424, -1.6784474073073234e-15]]","[[0.7499999999999982, 2.3622047244094406, 0.7187500000000044]]","[[-1.7417834058482597e-13, 18.25625000000004]]",,"Through panel; head countersink is a separate feature, not this axis interval"
timber_panel_upper_left_1,base_side_left,insert_installation_pilot,9.128125,0.35937500000000006,"[19.049999999999955, 1448.8239904424872, -18.256249999999795]","[0.0, -4.440892098500626e-15, 1.0]","[[19.049999999999955, 1448.8239904424872, 3.410605131648481e-13]]","[[19.049999999999955, 1448.8239904424863, 184.1500000000001]]","[[0.7499999999999982, 57.04031458434989, 1.3427579258458588e-14]]","[[0.7499999999999982, 57.04031458434986, 7.2500000000000036]]","[[18.25625000000004, 202.4062499999998]]",,Pilot diameter only; 17 mm CAD clearance reservation is NOT a selected drilling depth. Insert OD envelope is NOT pilot diameter; drill depth/stop and bit tip remain unresolved
timber_panel_upper_left_2,main_upper_left,panel_clearance,7.0,0.2755905511811024,"[19.049999999999955, 1119.1999999999996, 0.0]","[0.0, -4.440892098500626e-15, 1.0]","[[19.049999999999955, 1119.1999999999996, 0.0]]","[[19.049999999999955, 1119.1999999999994, 18.25625000000025]]","[[0.7499999999999982, 44.06299212598424, 0.0]]","[[0.7499999999999982, 44.06299212598423, 0.7187500000000099]]","[[0.0, 18.256250000000215]]",,"Through panel; head countersink is a separate feature, not this axis interval"
timber_panel_upper_left_2,base_side_left,insert_installation_pilot,9.128125,0.35937500000000006,"[19.049999999999955, 2508.023990442487, -18.25624999999968]","[0.0, -4.440892098500626e-15, 1.0]","[[19.049999999999955, 2508.023990442487, 4.547473508864641e-13]]","[[19.049999999999955, 2508.023990442486, 184.14999999999986]]","[[0.7499999999999982, 98.74110198592469, 1.7903439011278115e-14]]","[[0.7499999999999982, 98.74110198592466, 7.249999999999995]]","[[18.256250000000215, 202.40624999999983]]",,Pilot diameter only; 17 mm CAD clearance reservation is NOT a selected drilling depth. Insert OD envelope is NOT pilot diameter; drill depth/stop and bit tip remain unresolved
timber_panel_upper_left_3,main_upper_left,panel_clearance,7.0,0.2755905511811024,"[1136.65, 59.99999999999976, 4.618527782440651e-14]","[0.0, -4.440892098500626e-15, 1.0]","[[1136.65, 59.99999999999983, -4.263256414560601e-14]]","[[1136.65, 59.99999999999979, 18.25625000000011]]","[[44.75000000000001, 2.3622047244094424, -1.6784474073073234e-15]]","[[44.75000000000001, 2.3622047244094406, 0.7187500000000044]]","[[-1.7417834058482597e-13, 18.25625000000004]]",,"Through panel; head countersink is a separate feature, not this axis interval"
timber_panel_upper_left_3,base_principal_left,insert_installation_pilot,9.128125,0.35937500000000006,"[44.45, 1411.5260118366573, -18.256249999999568]","[0.0, -4.440892098500626e-15, 1.0]","[[44.45, 1411.5260118366573, -2.2737367544323206e-13]]","[[44.45, 1411.5260118366564, 139.7000000000006]]","[[1.7500000000000002, 55.57189022978966, -8.951719505639057e-15]]","[[1.7500000000000002, 55.571890229789624, 5.500000000000025]]","[[18.256249999999397, 157.95625000000024]]",,Pilot diameter only; 17 mm CAD clearance reservation is NOT a selected drilling depth. Insert OD envelope is NOT pilot diameter; drill depth/stop and bit tip remain unresolved
timber_panel_upper_left_4,main_upper_left,panel_clearance,7.0,0.2755905511811024,"[1136.65, 1119.1999999999996, 0.0]","[0.0, -4.440892098500626e-15, 1.0]","[[1136.65, 1119.1999999999996, 0.0]]","[[1136.65, 1119.1999999999994, 18.25625000000025]]","[[44.75000000000001, 44.06299212598424, 0.0]]","[[44.75000000000001, 44.06299212598423, 0.7187500000000099]]","[[0.0, 18.256250000000215]]",,"Through panel; head countersink is a separate feature, not this axis interval"
timber_panel_upper_left_4,base_principal_left,insert_installation_pilot,9.128125,0.35937500000000006,"[44.45, 2470.726011836657, -18.256249999999454]","[0.0, -4.440892098500626e-15, 1.0]","[[44.45, 2470.726011836657, 4.547473508864641e-13]]","[[44.45, 2470.7260118366567, 139.69999999999982]]","[[1.7500000000000002, 97.27267763136446, 1.7903439011278115e-14]]","[[1.7500000000000002, 97.27267763136445, 5.499999999999993]]","[[18.256250000000215, 157.95624999999927]]",,Pilot diameter only; 17 mm CAD clearance reservation is NOT a selected drilling depth. Insert OD envelope is NOT pilot diameter; drill depth/stop and bit tip remain unresolved
timber_panel_upper_left_5,main_upper_left,panel_clearance,7.0,0.2755905511811024,"[19.049999999999955, 406.3999999999996, 0.0]","[0.0, -4.440892098500626e-15, 1.0]","[[19.049999999999955, 406.3999999999996, 0.0]]","[[19.049999999999955, 406.39999999999947, 18.25625000000025]]","[[0.7499999999999982, 15.999999999999984, 0.0]]","[[0.7499999999999982, 15.99999999999998, 0.7187500000000099]]","[[0.0, 18.256250000000215]]",,"Through panel; head countersink is a separate feature, not this axis interval"
timber_panel_upper_left_5,base_side_left,insert_installation_pilot,9.128125,0.35937500000000006,"[19.049999999999955, 1795.2239904424873, -18.256249999999795]","[0.0, -4.440892098500626e-15, 1.0]","[[19.049999999999955, 1795.223990442487, 4.547473508864641e-13]]","[[19.049999999999955, 1795.2239904424862, 184.1500000000002]]","[[0.7499999999999982, 70.67810985994043, 1.7903439011278115e-14]]","[[0.7499999999999982, 70.6781098599404, 7.250000000000009]]","[[18.256250000000215, 202.40625]]",,Pilot diameter only; 17 mm CAD clearance reservation is NOT a selected drilling depth. Insert OD envelope is NOT pilot diameter; drill depth/stop and bit tip remain unresolved
timber_panel_upper_left_6,main_upper_left,panel_clearance,7.0,0.2755905511811024,"[19.049999999999955, 812.7999999999997, 0.0]","[0.0, -4.440892098500626e-15, 1.0]","[[19.049999999999955, 812.7999999999997, 0.0]]","[[19.049999999999955, 812.7999999999997, 18.25625000000025]]","[[0.7499999999999982, 31.99999999999999, 0.0]]","[[0.7499999999999982, 31.99999999999999, 0.7187500000000099]]","[[0.0, 18.256250000000215]]",,"Through panel; head countersink is a separate feature, not this axis interval"
timber_panel_upper_left_6,base_side_left,insert_installation_pilot,9.128125,0.35937500000000006,"[19.049999999999955, 2201.6239904424874, -18.25624999999968]","[0.0, -4.440892098500626e-15, 1.0]","[[19.049999999999955, 2201.6239904424874, -2.2737367544323206e-13]]","[[19.049999999999955, 2201.6239904424865, 184.1500000000002]]","[[0.7499999999999982, 86.67810985994045, -8.951719505639057e-15]]","[[0.7499999999999982, 86.67810985994042, 7.250000000000009]]","[[18.256249999999575, 202.40625]]",,Pilot diameter only; 17 mm CAD clearance reservation is NOT a selected drilling depth. Insert OD envelope is NOT pilot diameter; drill depth/stop and bit tip remain unresolved
timber_panel_upper_left_7,main_upper_left,panel_clearance,7.0,0.2755905511811024,"[1136.65, 406.3999999999996, 0.0]","[0.0, -4.440892098500626e-15, 1.0]","[[1136.65, 406.3999999999996, 0.0]]","[[1136.65, 406.39999999999947, 18.25625000000025]]","[[44.75000000000001, 15.999999999999984, 0.0]]","[[44.75000000000001, 15.99999999999998, 0.7187500000000099]]","[[0.0, 18.256250000000215]]",,"Through panel; head countersink is a separate feature, not this axis interval"
timber_panel_upper_left_7,base_principal_left,insert_installation_pilot,9.128125,0.35937500000000006,"[44.45, 1757.9260118366572, -18.256249999999568]","[0.0, -4.440892098500626e-15, 1.0]","[[44.45, 1757.926011836657, 0.0]]","[[44.45, 1757.9260118366565, 139.70000000000084]]","[[1.7500000000000002, 69.2096855053802, 0.0]]","[[1.7500000000000002, 69.20968550538018, 5.500000000000034]]","[[18.256249999999575, 157.9562500000004]]",,Pilot diameter only; 17 mm CAD clearance reservation is NOT a selected drilling depth. Insert OD envelope is NOT pilot diameter; drill depth/stop and bit tip remain unresolved
timber_panel_upper_left_8,main_upper_left,panel_clearance,7.0,0.2755905511811024,"[1136.65, 812.7999999999997, 0.0]","[0.0, -4.440892098500626e-15, 1.0]","[[1136.65, 812.7999999999997, 0.0]]","[[1136.65, 812.7999999999997, 18.25625000000025]]","[[44.75000000000001, 31.99999999999999, 0.0]]","[[44.75000000000001, 31.99999999999999, 0.7187500000000099]]","[[0.0, 18.256250000000215]]",,"Through panel; head countersink is a separate feature, not this axis interval"
timber_panel_upper_left_8,base_principal_left,insert_installation_pilot,9.128125,0.35937500000000006,"[44.45, 2164.3260118366575, -18.25624999999968]","[0.0, -4.440892098500626e-15, 1.0]","[[44.45, 2164.326011836657, 0.0]]","[[44.45, 2164.3260118366566, 139.70000000000073]]","[[1.7500000000000002, 85.20968550538021, 0.0]]","[[1.7500000000000002, 85.20968550538018, 5.500000000000029]]","[[18.256249999999575, 157.9562500000004]]",,Pilot diameter only; 17 mm CAD clearance reservation is NOT a selected drilling depth. Insert OD envelope is NOT pilot diameter; drill depth/stop and bit tip remain unresolved
timber_panel_upper_left_9,main_upper_left,panel_clearance,7.0,0.2755905511811024,"[400.04999999999995, 19.049999999999653, 4.973799150320701e-14]","[0.0, -4.440892098500626e-15, 1.0]","[[400.04999999999995, 19.049999999999724, -3.730349362740526e-14]]","[[400.04999999999995, 19.049999999999603, 18.2562500000002]]","[[15.749999999999998, 0.7499999999999891, -1.468641481393908e-15]]","[[15.749999999999998, 0.7499999999999845, 0.7187500000000079]]","[[-8.708917029241299e-14, 18.256250000000126]]",,"Through panel; head countersink is a separate feature, not this axis interval"
timber_panel_upper_left_9,base_rail_mid_upper_left,insert_installation_pilot,9.128125,0.35937500000000006,"[361.95000000000005, 19.049999999999873, -18.25624999999996]","[0.0, -4.440892098500626e-15, 1.0]","[[361.95000000000005, 19.04999999999977, -4.4586556668946287e-13]]","[[361.95000000000005, 19.049999999999244, 139.7000000000001]]","[[14.250000000000002, 0.749999999999991, -1.755376246808909e-14]]","[[14.250000000000002, 0.7499999999999702, 5.500000000000004]]","[[18.256249999999486, 157.95624999999995]]",,Pilot diameter only; 17 mm CAD clearance reservation is NOT a selected drilling depth. Insert OD envelope is NOT pilot diameter; drill depth/stop and bit tip remain unresolved
timber_panel_upper_left_10,main_upper_left,panel_clearance,7.0,0.2755905511811024,"[781.05, 19.049999999999653, 4.973799150320701e-14]","[0.0, -4.440892098500626e-15, 1.0]","[[781.05, 19.049999999999724, -3.730349362740526e-14]]","[[781.05, 19.049999999999603, 18.2562500000002]]","[[30.75, 0.7499999999999891, -1.468641481393908e-15]]","[[30.75, 0.7499999999999845, 0.7187500000000079]]","[[-8.708917029241299e-14, 18.256250000000126]]",,"Through panel; head countersink is a separate feature, not this axis interval"
timber_panel_upper_left_10,base_rail_mid_upper_left,insert_installation_pilot,9.128125,0.35937500000000006,"[742.95, 19.049999999999873, -18.25624999999996]","[0.0, -4.440892098500626e-15, 1.0]","[[742.95, 19.04999999999977, -4.4586556668946287e-13]]","[[742.95, 19.049999999999244, 139.7000000000001]]","[[29.250000000000004, 0.749999999999991, -1.755376246808909e-14]]","[[29.250000000000004, 0.7499999999999702, 5.500000000000004]]","[[18.256249999999486, 157.95624999999995]]",,Pilot diameter only; 17 mm CAD clearance reservation is NOT a selected drilling depth. Insert OD envelope is NOT pilot diameter; drill depth/stop and bit tip remain unresolved
timber_panel_upper_left_11,main_upper_left,panel_clearance,7.0,0.2755905511811024,"[400.04999999999995, 1200.1499999999996, -1.1368683772161603e-13]","[0.0, -4.440892098500626e-15, 1.0]","[[400.04999999999995, 1200.1499999999996, -1.1368683772161603e-13]]","[[400.04999999999995, 1200.1499999999996, 18.25625000000025]]","[[15.749999999999998, 47.249999999999986, -4.475859752819529e-15]]","[[15.749999999999998, 47.249999999999986, 0.7187500000000099]]","[[0.0, 18.256250000000215]]",,"Through panel; head countersink is a separate feature, not this axis interval"
timber_panel_upper_left_11,base_rail_top,insert_installation_pilot,9.128125,0.35937500000000006,"[361.95000000000005, 19.049999999999233, -18.256249999999902]","[0.0, -4.440892098500626e-15, 1.0]","[[361.95000000000005, 19.049999999999287, 4.849454171562684e-13]]","[[361.95000000000005, 19.049999999998427, 139.7]]","[[14.250000000000002, 0.7499999999999719, 1.9092339258120803e-14]]","[[14.250000000000002, 0.7499999999999382, 5.5]]","[[18.256250000000215, 157.95625000000004]]",,Pilot diameter only; 17 mm CAD clearance reservation is NOT a selected drilling depth. Insert OD envelope is NOT pilot diameter; drill depth/stop and bit tip remain unresolved
timber_panel_upper_left_12,main_upper_left,panel_clearance,7.0,0.2755905511811024,"[781.05, 1200.1499999999996, -1.1368683772161603e-13]","[0.0, -4.440892098500626e-15, 1.0]","[[781.05, 1200.1499999999996, -1.1368683772161603e-13]]","[[781.05, 1200.1499999999996, 18.25625000000025]]","[[30.75, 47.249999999999986, -4.475859752819529e-15]]","[[30.75, 47.249999999999986, 0.7187500000000099]]","[[0.0, 18.256250000000215]]",,"Through panel; head countersink is a separate feature, not this axis interval"
timber_panel_upper_left_12,base_rail_top,insert_installation_pilot,9.128125,0.35937500000000006,"[742.95, 19.049999999999233, -18.256249999999902]","[0.0, -4.440892098500626e-15, 1.0]","[[742.95, 19.049999999999287, 4.849454171562684e-13]]","[[742.95, 19.049999999998427, 139.7]]","[[29.250000000000004, 0.7499999999999719, 1.9092339258120803e-14]]","[[29.250000000000004, 0.7499999999999382, 5.5]]","[[18.256250000000215, 157.95625000000004]]",,Pilot diameter only; 17 mm CAD clearance reservation is NOT a selected drilling depth. Insert OD envelope is NOT pilot diameter; drill depth/stop and bit tip remain unresolved
timber_panel_upper_right_1,main_upper_right,panel_clearance,7.0,0.2755905511811024,"[44.45, 59.99999999999976, 4.618527782440651e-14]","[0.0, -4.440892098500626e-15, 1.0]","[[44.45, 59.99999999999983, -4.263256414560601e-14]]","[[44.45, 59.99999999999979, 18.25625000000011]]","[[1.7500000000000002, 2.3622047244094424, -1.6784474073073234e-15]]","[[1.7500000000000002, 2.3622047244094406, 0.7187500000000044]]","[[-1.7417834058482597e-13, 18.25625000000004]]",,"Through panel; head countersink is a separate feature, not this axis interval"
timber_panel_upper_right_1,base_principal_right,insert_installation_pilot,9.128125,0.35937500000000006,"[44.45, 1411.5260118366573, -18.256249999999568]","[0.0, -4.440892098500626e-15, 1.0]","[[44.45, 1411.5260118366573, -2.2737367544323206e-13]]","[[44.45, 1411.5260118366564, 139.7000000000006]]","[[1.7500000000000002, 55.57189022978966, -8.951719505639057e-15]]","[[1.7500000000000002, 55.571890229789624, 5.500000000000025]]","[[18.256249999999397, 157.95625000000024]]",,Pilot diameter only; 17 mm CAD clearance reservation is NOT a selected drilling depth. Insert OD envelope is NOT pilot diameter; drill depth/stop and bit tip remain unresolved
timber_panel_upper_right_2,main_upper_right,panel_clearance,7.0,0.2755905511811024,"[44.45, 1119.1999999999996, 0.0]","[0.0, -4.440892098500626e-15, 1.0]","[[44.45, 1119.1999999999996, 0.0]]","[[44.45, 1119.1999999999994, 18.25625000000025]]","[[1.7500000000000002, 44.06299212598424, 0.0]]","[[1.7500000000000002, 44.06299212598423, 0.7187500000000099]]","[[0.0, 18.256250000000215]]",,"Through panel; head countersink is a separate feature, not this axis interval"
timber_panel_upper_right_2,base_principal_right,insert_installation_pilot,9.128125,0.35937500000000006,"[44.45, 2470.726011836657, -18.256249999999454]","[0.0, -4.440892098500626e-15, 1.0]","[[44.45, 2470.726011836657, 4.547473508864641e-13]]","[[44.45, 2470.7260118366567, 139.69999999999982]]","[[1.7500000000000002, 97.27267763136446, 1.7903439011278115e-14]]","[[1.7500000000000002, 97.27267763136445, 5.499999999999993]]","[[18.256250000000215, 157.95624999999927]]",,Pilot diameter only; 17 mm CAD clearance reservation is NOT a selected drilling depth. Insert OD envelope is NOT pilot diameter; drill depth/stop and bit tip remain unresolved
timber_panel_upper_right_3,main_upper_right,panel_clearance,7.0,0.2755905511811024,"[1200.15, 59.99999999999976, 4.618527782440651e-14]","[0.0, -4.440892098500626e-15, 1.0]","[[1200.15, 59.99999999999983, -4.263256414560601e-14]]","[[1200.15, 59.99999999999979, 18.25625000000011]]","[[47.25000000000001, 2.3622047244094424, -1.6784474073073234e-15]]","[[47.25000000000001, 2.3622047244094406, 0.7187500000000044]]","[[-1.7417834058482597e-13, 18.25625000000004]]",,"Through panel; head countersink is a separate feature, not this axis interval"
timber_panel_upper_right_3,base_side_right,insert_installation_pilot,9.128125,0.35937500000000006,"[19.049999999999955, 1448.8239904424872, -18.256249999999795]","[0.0, -4.440892098500626e-15, 1.0]","[[19.049999999999955, 1448.8239904424872, 3.410605131648481e-13]]","[[19.049999999999955, 1448.8239904424863, 184.1500000000001]]","[[0.7499999999999982, 57.04031458434989, 1.3427579258458588e-14]]","[[0.7499999999999982, 57.04031458434986, 7.2500000000000036]]","[[18.25625000000004, 202.4062499999998]]",,Pilot diameter only; 17 mm CAD clearance reservation is NOT a selected drilling depth. Insert OD envelope is NOT pilot diameter; drill depth/stop and bit tip remain unresolved
timber_panel_upper_right_4,main_upper_right,panel_clearance,7.0,0.2755905511811024,"[1200.15, 1119.1999999999996, 0.0]","[0.0, -4.440892098500626e-15, 1.0]","[[1200.15, 1119.1999999999996, 0.0]]","[[1200.15, 1119.1999999999994, 18.25625000000025]]","[[47.25000000000001, 44.06299212598424, 0.0]]","[[47.25000000000001, 44.06299212598423, 0.7187500000000099]]","[[0.0, 18.256250000000215]]",,"Through panel; head countersink is a separate feature, not this axis interval"
timber_panel_upper_right_4,base_side_right,insert_installation_pilot,9.128125,0.35937500000000006,"[19.049999999999955, 2508.023990442487, -18.25624999999968]","[0.0, -4.440892098500626e-15, 1.0]","[[19.049999999999955, 2508.023990442487, 4.547473508864641e-13]]","[[19.049999999999955, 2508.023990442486, 184.14999999999986]]","[[0.7499999999999982, 98.74110198592469, 1.7903439011278115e-14]]","[[0.7499999999999982, 98.74110198592466, 7.249999999999995]]","[[18.256250000000215, 202.40624999999983]]",,Pilot diameter only; 17 mm CAD clearance reservation is NOT a selected drilling depth. Insert OD envelope is NOT pilot diameter; drill depth/stop and bit tip remain unresolved
timber_panel_upper_right_5,main_upper_right,panel_clearance,7.0,0.2755905511811024,"[44.45, 406.3999999999996, 0.0]","[0.0, -4.440892098500626e-15, 1.0]","[[44.45, 406.3999999999996, 0.0]]","[[44.45, 406.39999999999947, 18.25625000000025]]","[[1.7500000000000002, 15.999999999999984, 0.0]]","[[1.7500000000000002, 15.99999999999998, 0.7187500000000099]]","[[0.0, 18.256250000000215]]",,"Through panel; head countersink is a separate feature, not this axis interval"
timber_panel_upper_right_5,base_principal_right,insert_installation_pilot,9.128125,0.35937500000000006,"[44.45, 1757.9260118366572, -18.256249999999568]","[0.0, -4.440892098500626e-15, 1.0]","[[44.45, 1757.926011836657, 0.0]]","[[44.45, 1757.9260118366565, 139.70000000000084]]","[[1.7500000000000002, 69.2096855053802, 0.0]]","[[1.7500000000000002, 69.20968550538018, 5.500000000000034]]","[[18.256249999999575, 157.9562500000004]]",,Pilot diameter only; 17 mm CAD clearance reservation is NOT a selected drilling depth. Insert OD envelope is NOT pilot diameter; drill depth/stop and bit tip remain unresolved
timber_panel_upper_right_6,main_upper_right,panel_clearance,7.0,0.2755905511811024,"[44.45, 812.7999999999997, 0.0]","[0.0, -4.440892098500626e-15, 1.0]","[[44.45, 812.7999999999997, 0.0]]","[[44.45, 812.7999999999997, 18.25625000000025]]","[[1.7500000000000002, 31.99999999999999, 0.0]]","[[1.7500000000000002, 31.99999999999999, 0.7187500000000099]]","[[0.0, 18.256250000000215]]",,"Through panel; head countersink is a separate feature, not this axis interval"
timber_panel_upper_right_6,base_principal_right,insert_installation_pilot,9.128125,0.35937500000000006,"[44.45, 2164.3260118366575, -18.25624999999968]","[0.0, -4.440892098500626e-15, 1.0]","[[44.45, 2164.326011836657, 0.0]]","[[44.45, 2164.3260118366566, 139.70000000000073]]","[[1.7500000000000002, 85.20968550538021, 0.0]]","[[1.7500000000000002, 85.20968550538018, 5.500000000000029]]","[[18.256249999999575, 157.9562500000004]]",,Pilot diameter only; 17 mm CAD clearance reservation is NOT a selected drilling depth. Insert OD envelope is NOT pilot diameter; drill depth/stop and bit tip remain unresolved
timber_panel_upper_right_7,main_upper_right,panel_clearance,7.0,0.2755905511811024,"[1200.15, 406.3999999999996, 0.0]","[0.0, -4.440892098500626e-15, 1.0]","[[1200.15, 406.3999999999996, 0.0]]","[[1200.15, 406.39999999999947, 18.25625000000025]]","[[47.25000000000001, 15.999999999999984, 0.0]]","[[47.25000000000001, 15.99999999999998, 0.7187500000000099]]","[[0.0, 18.256250000000215]]",,"Through panel; head countersink is a separate feature, not this axis interval"
timber_panel_upper_right_7,base_side_right,insert_installation_pilot,9.128125,0.35937500000000006,"[19.049999999999955, 1795.2239904424873, -18.256249999999795]","[0.0, -4.440892098500626e-15, 1.0]","[[19.049999999999955, 1795.223990442487, 4.547473508864641e-13]]","[[19.049999999999955, 1795.2239904424862, 184.1500000000002]]","[[0.7499999999999982, 70.67810985994043, 1.7903439011278115e-14]]","[[0.7499999999999982, 70.6781098599404, 7.250000000000009]]","[[18.256250000000215, 202.40625]]",,Pilot diameter only; 17 mm CAD clearance reservation is NOT a selected drilling depth. Insert OD envelope is NOT pilot diameter; drill depth/stop and bit tip remain unresolved
timber_panel_upper_right_8,main_upper_right,panel_clearance,7.0,0.2755905511811024,"[1200.15, 812.7999999999997, 0.0]","[0.0, -4.440892098500626e-15, 1.0]","[[1200.15, 812.7999999999997, 0.0]]","[[1200.15, 812.7999999999997, 18.25625000000025]]","[[47.25000000000001, 31.99999999999999, 0.0]]","[[47.25000000000001, 31.99999999999999, 0.7187500000000099]]","[[0.0, 18.256250000000215]]",,"Through panel; head countersink is a separate feature, not this axis interval"
timber_panel_upper_right_8,base_side_right,insert_installation_pilot,9.128125,0.35937500000000006,"[19.049999999999955, 2201.6239904424874, -18.25624999999968]","[0.0, -4.440892098500626e-15, 1.0]","[[19.049999999999955, 2201.6239904424874, -2.2737367544323206e-13]]","[[19.049999999999955, 2201.6239904424865, 184.1500000000002]]","[[0.7499999999999982, 86.67810985994045, -8.951719505639057e-15]]","[[0.7499999999999982, 86.67810985994042, 7.250000000000009]]","[[18.256249999999575, 202.40625]]",,Pilot diameter only; 17 mm CAD clearance reservation is NOT a selected drilling depth. Insert OD envelope is NOT pilot diameter; drill depth/stop and bit tip remain unresolved
timber_panel_upper_right_9,main_upper_right,panel_clearance,7.0,0.2755905511811024,"[412.75000000000006, 19.049999999999653, 4.973799150320701e-14]","[0.0, -4.440892098500626e-15, 1.0]","[[412.75000000000006, 19.049999999999724, -3.730349362740526e-14]]","[[412.75000000000006, 19.049999999999603, 18.2562500000002]]","[[16.250000000000004, 0.7499999999999891, -1.468641481393908e-15]]","[[16.250000000000004, 0.7499999999999845, 0.7187500000000079]]","[[-8.708917029241299e-14, 18.256250000000126]]",,"Through panel; head countersink is a separate feature, not this axis interval"
timber_panel_upper_right_9,base_rail_mid_upper_right,insert_installation_pilot,9.128125,0.35937500000000006,"[323.84999999999997, 19.049999999999873, -18.25624999999996]","[0.0, -4.440892098500626e-15, 1.0]","[[323.84999999999997, 19.04999999999977, -4.4586556668946287e-13]]","[[323.84999999999997, 19.049999999999244, 139.7000000000001]]","[[12.75, 0.749999999999991, -1.755376246808909e-14]]","[[12.75, 0.7499999999999702, 5.500000000000004]]","[[18.256249999999486, 157.95624999999995]]",,Pilot diameter only; 17 mm CAD clearance reservation is NOT a selected drilling depth. Insert OD envelope is NOT pilot diameter; drill depth/stop and bit tip remain unresolved
timber_panel_upper_right_10,main_upper_right,panel_clearance,7.0,0.2755905511811024,"[806.45, 19.049999999999653, 4.973799150320701e-14]","[0.0, -4.440892098500626e-15, 1.0]","[[806.45, 19.049999999999724, -3.730349362740526e-14]]","[[806.45, 19.049999999999603, 18.2562500000002]]","[[31.750000000000004, 0.7499999999999891, -1.468641481393908e-15]]","[[31.750000000000004, 0.7499999999999845, 0.7187500000000079]]","[[-8.708917029241299e-14, 18.256250000000126]]",,"Through panel; head countersink is a separate feature, not this axis interval"
timber_panel_upper_right_10,base_rail_mid_upper_right,insert_installation_pilot,9.128125,0.35937500000000006,"[717.55, 19.049999999999873, -18.25624999999996]","[0.0, -4.440892098500626e-15, 1.0]","[[717.55, 19.04999999999977, -4.4586556668946287e-13]]","[[717.55, 19.049999999999244, 139.7000000000001]]","[[28.25, 0.749999999999991, -1.755376246808909e-14]]","[[28.25, 0.7499999999999702, 5.500000000000004]]","[[18.256249999999486, 157.95624999999995]]",,Pilot diameter only; 17 mm CAD clearance reservation is NOT a selected drilling depth. Insert OD envelope is NOT pilot diameter; drill depth/stop and bit tip remain unresolved
timber_panel_upper_right_11,main_upper_right,panel_clearance,7.0,0.2755905511811024,"[412.75000000000006, 1200.1499999999996, -1.1368683772161603e-13]","[0.0, -4.440892098500626e-15, 1.0]","[[412.75000000000006, 1200.1499999999996, -1.1368683772161603e-13]]","[[412.75000000000006, 1200.1499999999996, 18.25625000000025]]","[[16.250000000000004, 47.249999999999986, -4.475859752819529e-15]]","[[16.250000000000004, 47.249999999999986, 0.7187500000000099]]","[[0.0, 18.256250000000215]]",,"Through panel; head countersink is a separate feature, not this axis interval"
timber_panel_upper_right_11,base_rail_top,insert_installation_pilot,9.128125,0.35937500000000006,"[1593.8500000000001, 19.049999999999233, -18.256249999999902]","[0.0, -4.440892098500626e-15, 1.0]","[[1593.8500000000001, 19.049999999999287, 4.849454171562684e-13]]","[[1593.8500000000001, 19.049999999998427, 139.7]]","[[62.75000000000001, 0.7499999999999719, 1.9092339258120803e-14]]","[[62.75000000000001, 0.7499999999999382, 5.5]]","[[18.256250000000215, 157.95625000000004]]",,Pilot diameter only; 17 mm CAD clearance reservation is NOT a selected drilling depth. Insert OD envelope is NOT pilot diameter; drill depth/stop and bit tip remain unresolved
timber_panel_upper_right_12,main_upper_right,panel_clearance,7.0,0.2755905511811024,"[806.45, 1200.1499999999996, -1.1368683772161603e-13]","[0.0, -4.440892098500626e-15, 1.0]","[[806.45, 1200.1499999999996, -1.1368683772161603e-13]]","[[806.45, 1200.1499999999996, 18.25625000000025]]","[[31.750000000000004, 47.249999999999986, -4.475859752819529e-15]]","[[31.750000000000004, 47.249999999999986, 0.7187500000000099]]","[[0.0, 18.256250000000215]]",,"Through panel; head countersink is a separate feature, not this axis interval"
timber_panel_upper_right_12,base_rail_top,insert_installation_pilot,9.128125,0.35937500000000006,"[1987.5500000000002, 19.049999999999233, -18.256249999999902]","[0.0, -4.440892098500626e-15, 1.0]","[[1987.5500000000002, 19.049999999999287, 4.849454171562684e-13]]","[[1987.5500000000002, 19.049999999998427, 139.7]]","[[78.25000000000001, 0.7499999999999719, 1.9092339258120803e-14]]","[[78.25000000000001, 0.7499999999999382, 5.5]]","[[18.256250000000215, 157.95625000000004]]",,Pilot diameter only; 17 mm CAD clearance reservation is NOT a selected drilling depth. Insert OD envelope is NOT pilot diameter; drill depth/stop and bit tip remain unresolved
timber_base_left_1,base_side_left,bolt_clearance,11.1125,0.43750000000000006,"[40.131999999999834, 187.2244918758446, 77.70382619986715]","[-1.0, 0.0, 0.0]","[[38.09999999999968, 187.2244918758446, 77.70382619986715]]","[[2.2737367544323206e-13, 187.2244918758446, 77.70382619986715]]","[[1.4999999999999876, 7.371042987237977, 3.059205755900282]]","[[8.951719505639057e-15, 7.371042987237977, 3.059205755900282]]","[[2.032000000000153, 40.13199999999961]]",,"Through joint stack; backing counterbore is separate and starts at N=0, not bolt start N=10"
timber_base_left_1,timber_base_gusset_left,bolt_clearance,11.1125,0.43750000000000006,"[241.75, 280.0, 59.18199999999979]","[0.0, 0.0, -1.0]","[[241.75, 280.0, 19.050000000000182]]","[[241.75, 280.0, 0.0]]","[[9.517716535433072, 11.023622047244094, 0.7500000000000072]]","[[9.517716535433072, 11.023622047244094, 0.0]]","[[40.13199999999961, 59.18199999999979]]",,"Through joint stack; backing counterbore is separate and starts at N=0, not bolt start N=10"
timber_base_left_2,base_side_left,bolt_clearance,11.1125,0.43750000000000006,"[40.131999999999834, 248.5080473253626, 129.1268349747903]","[-1.0, 0.0, 0.0]","[[38.09999999999968, 248.5080473253626, 129.1268349747903]]","[[2.2737367544323206e-13, 248.5080473253626, 129.1268349747903]]","[[1.4999999999999876, 9.783781390762307, 5.083733660424816]]","[[8.951719505639057e-15, 9.783781390762307, 5.083733660424816]]","[[2.032000000000153, 40.13199999999961]]",,"Through joint stack; backing counterbore is separate and starts at N=0, not bolt start N=10"
timber_base_left_2,timber_base_gusset_left,bolt_clearance,11.1125,0.43750000000000006,"[241.75, 360.0, 59.18199999999979]","[0.0, 0.0, -1.0]","[[241.75, 360.0, 19.050000000000182]]","[[241.75, 360.0, 0.0]]","[[9.517716535433072, 14.173228346456694, 0.7500000000000072]]","[[9.517716535433072, 14.173228346456694, 0.0]]","[[40.13199999999961, 59.18199999999979]]",,"Through joint stack; backing counterbore is separate and starts at N=0, not bolt start N=10"
timber_base_left_3,base_post_outer_left,bolt_clearance,11.1125,0.43750000000000006,"[40.131999999999834, 221.75, 100.0]","[-1.0, 0.0, 0.0]","[[38.09999999999968, 221.75, 100.0]]","[[2.2737367544323206e-13, 221.75, 100.0]]","[[1.4999999999999876, 8.730314960629922, 3.937007874015748]]","[[8.951719505639057e-15, 8.730314960629922, 3.937007874015748]]","[[2.032000000000153, 40.13199999999961]]",,"Through joint stack; backing counterbore is separate and starts at N=0, not bolt start N=10"
timber_base_left_3,timber_base_gusset_left,bolt_clearance,11.1125,0.43750000000000006,"[221.75, 80.0, 59.18199999999979]","[0.0, 0.0, -1.0]","[[221.75, 80.0, 19.050000000000182]]","[[221.75, 80.0, 0.0]]","[[8.730314960629922, 3.1496062992125986, 0.7500000000000072]]","[[8.730314960629922, 3.1496062992125986, 0.0]]","[[40.13199999999961, 59.18199999999979]]",,"Through joint stack; backing counterbore is separate and starts at N=0, not bolt start N=10"
timber_base_left_4,base_post_outer_left,bolt_clearance,11.1125,0.43750000000000006,"[40.131999999999834, 81.75, 100.0]","[-1.0, 0.0, 0.0]","[[38.09999999999968, 81.75, 100.0]]","[[2.2737367544323206e-13, 81.75, 100.0]]","[[1.4999999999999876, 3.218503937007874, 3.937007874015748]]","[[8.951719505639057e-15, 3.218503937007874, 3.937007874015748]]","[[2.032000000000153, 40.13199999999961]]",,"Through joint stack; backing counterbore is separate and starts at N=0, not bolt start N=10"
timber_base_left_4,timber_base_gusset_left,bolt_clearance,11.1125,0.43750000000000006,"[81.75, 80.0, 59.18199999999979]","[0.0, 0.0, -1.0]","[[81.75, 80.0, 19.050000000000182]]","[[81.75, 80.0, 0.0]]","[[3.218503937007874, 3.1496062992125986, 0.7500000000000072]]","[[3.218503937007874, 3.1496062992125986, 0.0]]","[[40.13199999999961, 59.18199999999979]]",,"Through joint stack; backing counterbore is separate and starts at N=0, not bolt start N=10"
timber_backing_bolt_left,timber_bottom_backing,bolt_clearance,11.1125,0.43750000000000006,"[1098.5500000000002, 39.9999999999999, 9.999999999999973]","[0.0, -4.440892098500626e-15, 1.0]","[[1098.5500000000002, 39.99999999999993, 1.3145040611561853e-13]]","[[1098.5500000000002, 39.999999999999794, 38.10000000000026]]","[[43.25000000000001, 1.5748031496062964, 5.17521283919758e-15]]","[[43.25000000000001, 1.574803149606291, 1.5000000000000102]]","[[-9.999999999999826, 28.100000000000268]]",,"Through joint stack; backing counterbore is separate and starts at N=0, not bolt start N=10"
timber_backing_bolt_left,base_principal_left,bolt_clearance,11.1125,0.43750000000000006,"[44.45, 172.32601183665696, 10.00000000000027]","[0.0, -4.440892098500626e-15, 1.0]","[[44.45, 172.32601183665685, 38.10000000000055]]","[[44.45, 172.3260118366564, 139.7]]","[[1.7500000000000002, 6.7844886549864905, 1.5000000000000218]]","[[1.7500000000000002, 6.784488654986473, 5.5]]","[[28.100000000000268, 129.6999999999997]]",,"Through joint stack; backing counterbore is separate and starts at N=0, not bolt start N=10"
timber_base_right_1,base_side_right,bolt_clearance,11.1125,0.43750000000000006,"[-2.0319999999999254, 187.2244918758446, 77.70382619986715]","[1.0, 0.0, 0.0]","[[2.2737367544323206e-13, 187.2244918758446, 77.70382619986715]]","[[38.09999999999968, 187.2244918758446, 77.70382619986715]]","[[8.951719505639057e-15, 7.371042987237977, 3.059205755900282]]","[[1.4999999999999876, 7.371042987237977, 3.059205755900282]]","[[2.032000000000153, 40.13199999999961]]",,"Through joint stack; backing counterbore is separate and starts at N=0, not bolt start N=10"
timber_base_right_1,timber_base_gusset_right,bolt_clearance,11.1125,0.43750000000000006,"[241.75, 280.0, -40.131999999999834]","[0.0, 0.0, 1.0]","[[241.75, 280.0, -2.2737367544323206e-13]]","[[241.75, 280.0, 19.049999999999955]]","[[9.517716535433072, 11.023622047244094, -8.951719505639057e-15]]","[[9.517716535433072, 11.023622047244094, 0.7499999999999982]]","[[40.13199999999961, 59.18199999999979]]",,"Through joint stack; backing counterbore is separate and starts at N=0, not bolt start N=10"
timber_base_right_2,base_side_right,bolt_clearance,11.1125,0.43750000000000006,"[-2.0319999999999254, 248.5080473253626, 129.1268349747903]","[1.0, 0.0, 0.0]","[[2.2737367544323206e-13, 248.5080473253626, 129.1268349747903]]","[[38.09999999999968, 248.5080473253626, 129.1268349747903]]","[[8.951719505639057e-15, 9.783781390762307, 5.083733660424816]]","[[1.4999999999999876, 9.783781390762307, 5.083733660424816]]","[[2.032000000000153, 40.13199999999961]]",,"Through joint stack; backing counterbore is separate and starts at N=0, not bolt start N=10"
timber_base_right_2,timber_base_gusset_right,bolt_clearance,11.1125,0.43750000000000006,"[241.75, 360.0, -40.131999999999834]","[0.0, 0.0, 1.0]","[[241.75, 360.0, -2.2737367544323206e-13]]","[[241.75, 360.0, 19.049999999999955]]","[[9.517716535433072, 14.173228346456694, -8.951719505639057e-15]]","[[9.517716535433072, 14.173228346456694, 0.7499999999999982]]","[[40.13199999999961, 59.18199999999979]]",,"Through joint stack; backing counterbore is separate and starts at N=0, not bolt start N=10"
timber_base_right_3,base_post_outer_right,bolt_clearance,11.1125,0.43750000000000006,"[-2.0319999999999254, 221.75, 100.0]","[1.0, 0.0, 0.0]","[[2.2737367544323206e-13, 221.75, 100.0]]","[[38.09999999999968, 221.75, 100.0]]","[[8.951719505639057e-15, 8.730314960629922, 3.937007874015748]]","[[1.4999999999999876, 8.730314960629922, 3.937007874015748]]","[[2.032000000000153, 40.13199999999961]]",,"Through joint stack; backing counterbore is separate and starts at N=0, not bolt start N=10"
timber_base_right_3,timber_base_gusset_right,bolt_clearance,11.1125,0.43750000000000006,"[221.75, 80.0, -40.131999999999834]","[0.0, 0.0, 1.0]","[[221.75, 80.0, -2.2737367544323206e-13]]","[[221.75, 80.0, 19.049999999999955]]","[[8.730314960629922, 3.1496062992125986, -8.951719505639057e-15]]","[[8.730314960629922, 3.1496062992125986, 0.7499999999999982]]","[[40.13199999999961, 59.18199999999979]]",,"Through joint stack; backing counterbore is separate and starts at N=0, not bolt start N=10"
timber_base_right_4,base_post_outer_right,bolt_clearance,11.1125,0.43750000000000006,"[-2.0319999999999254, 81.75, 100.0]","[1.0, 0.0, 0.0]","[[2.2737367544323206e-13, 81.75, 100.0]]","[[38.09999999999968, 81.75, 100.0]]","[[8.951719505639057e-15, 3.218503937007874, 3.937007874015748]]","[[1.4999999999999876, 3.218503937007874, 3.937007874015748]]","[[2.032000000000153, 40.13199999999961]]",,"Through joint stack; backing counterbore is separate and starts at N=0, not bolt start N=10"
timber_base_right_4,timber_base_gusset_right,bolt_clearance,11.1125,0.43750000000000006,"[81.75, 80.0, -40.131999999999834]","[0.0, 0.0, 1.0]","[[81.75, 80.0, -2.2737367544323206e-13]]","[[81.75, 80.0, 19.049999999999955]]","[[3.218503937007874, 3.1496062992125986, -8.951719505639057e-15]]","[[3.218503937007874, 3.1496062992125986, 0.7499999999999982]]","[[40.13199999999961, 59.18199999999979]]",,"Through joint stack; backing counterbore is separate and starts at N=0, not bolt start N=10"
timber_backing_bolt_right,timber_bottom_backing,bolt_clearance,11.1125,0.43750000000000006,"[1225.5500000000002, 39.9999999999999, 9.999999999999973]","[0.0, -4.440892098500626e-15, 1.0]","[[1225.5500000000002, 39.99999999999993, 1.3145040611561853e-13]]","[[1225.5500000000002, 39.999999999999794, 38.10000000000026]]","[[48.25000000000001, 1.5748031496062964, 5.17521283919758e-15]]","[[48.25000000000001, 1.574803149606291, 1.5000000000000102]]","[[-9.999999999999826, 28.100000000000268]]",,"Through joint stack; backing counterbore is separate and starts at N=0, not bolt start N=10"
timber_backing_bolt_right,base_principal_right,bolt_clearance,11.1125,0.43750000000000006,"[44.45, 172.32601183665696, 10.00000000000027]","[0.0, -4.440892098500626e-15, 1.0]","[[44.45, 172.32601183665685, 38.10000000000055]]","[[44.45, 172.3260118366564, 139.7]]","[[1.7500000000000002, 6.7844886549864905, 1.5000000000000218]]","[[1.7500000000000002, 6.784488654986473, 5.5]]","[[28.100000000000268, 129.6999999999997]]",,"Through joint stack; backing counterbore is separate and starts at N=0, not bolt start N=10"
timber_kicker_left_0_1,kicker_left,panel_clearance,7.0,0.2755905511811024,"[19.049999999999955, 60.0, 0.0]","[0.0, 0.0, 1.0]","[[19.049999999999955, 60.0, -3.659295089164516e-13]]","[[19.049999999999955, 60.0, 18.256249999999998]]","[[0.7499999999999982, 2.362204724409449, -1.4406673579387858e-14]]","[[0.7499999999999982, 2.362204724409449, 0.71875]]","[[-3.659295089164516e-13, 18.256249999999998]]",,"Through panel; head countersink is a separate feature, not this axis interval"
timber_kicker_left_0_1,base_post_outer_left,insert_installation_pilot,9.128125,0.35937500000000006,"[19.049999999999955, 304.00625, 60.0]","[0.0, -1.0, 0.0]","[[19.049999999999955, 285.75, 60.0]]","[[19.049999999999955, 0.0, 60.0]]","[[0.7499999999999982, 11.25, 2.362204724409449]]","[[0.7499999999999982, 0.0, 2.362204724409449]]","[[18.256249999999998, 304.00625]]",,Pilot diameter only; 17 mm CAD clearance reservation is NOT a selected drilling depth. Insert OD envelope is NOT pilot diameter; drill depth/stop and bit tip remain unresolved
timber_kicker_left_0_2,kicker_left,panel_clearance,7.0,0.2755905511811024,"[19.049999999999955, 140.0, 0.0]","[0.0, 0.0, 1.0]","[[19.049999999999955, 140.0, -3.659295089164516e-13]]","[[19.049999999999955, 140.0, 18.256249999999998]]","[[0.7499999999999982, 5.511811023622047, -1.4406673579387858e-14]]","[[0.7499999999999982, 5.511811023622047, 0.71875]]","[[-3.659295089164516e-13, 18.256249999999998]]",,"Through panel; head countersink is a separate feature, not this axis interval"
timber_kicker_left_0_2,base_post_outer_left,insert_installation_pilot,9.128125,0.35937500000000006,"[19.049999999999955, 304.00625, 140.0]","[0.0, -1.0, 0.0]","[[19.049999999999955, 285.75, 140.0]]","[[19.049999999999955, 0.0, 140.0]]","[[0.7499999999999982, 11.25, 5.511811023622047]]","[[0.7499999999999982, 0.0, 5.511811023622047]]","[[18.256249999999998, 304.00625]]",,Pilot diameter only; 17 mm CAD clearance reservation is NOT a selected drilling depth. Insert OD envelope is NOT pilot diameter; drill depth/stop and bit tip remain unresolved
timber_kicker_left_1_1,kicker_left,panel_clearance,7.0,0.2755905511811024,"[1136.65, 60.0, 0.0]","[0.0, 0.0, 1.0]","[[1136.65, 60.0, -3.659295089164516e-13]]","[[1136.65, 60.0, 18.256249999999998]]","[[44.75000000000001, 2.362204724409449, -1.4406673579387858e-14]]","[[44.75000000000001, 2.362204724409449, 0.71875]]","[[-3.659295089164516e-13, 18.256249999999998]]",,"Through panel; head countersink is a separate feature, not this axis interval"
timber_kicker_left_1_1,base_post_center_left_front,insert_installation_pilot,9.128125,0.35937500000000006,"[44.45, 157.95624999999998, 60.0]","[0.0, -1.0, 0.0]","[[44.45, 139.7, 60.0]]","[[44.45, 1.7053025658242404e-13, 60.0]]","[[1.7500000000000002, 5.5, 2.362204724409449]]","[[1.7500000000000002, 6.713789629229294e-15, 2.362204724409449]]","[[18.256249999999998, 157.9562499999998]]",,Pilot diameter only; 17 mm CAD clearance reservation is NOT a selected drilling depth. Insert OD envelope is NOT pilot diameter; drill depth/stop and bit tip remain unresolved
timber_kicker_left_1_2,kicker_left,panel_clearance,7.0,0.2755905511811024,"[1136.65, 140.0, 0.0]","[0.0, 0.0, 1.0]","[[1136.65, 140.0, -3.659295089164516e-13]]","[[1136.65, 140.0, 18.256249999999998]]","[[44.75000000000001, 5.511811023622047, -1.4406673579387858e-14]]","[[44.75000000000001, 5.511811023622047, 0.71875]]","[[-3.659295089164516e-13, 18.256249999999998]]",,"Through panel; head countersink is a separate feature, not this axis interval"
timber_kicker_left_1_2,base_post_center_left_front,insert_installation_pilot,9.128125,0.35937500000000006,"[44.45, 157.95624999999998, 140.0]","[0.0, -1.0, 0.0]","[[44.45, 139.7, 140.0]]","[[44.45, 1.7053025658242404e-13, 140.0]]","[[1.7500000000000002, 5.5, 5.511811023622047]]","[[1.7500000000000002, 6.713789629229294e-15, 5.511811023622047]]","[[18.256249999999998, 157.9562499999998]]",,Pilot diameter only; 17 mm CAD clearance reservation is NOT a selected drilling depth. Insert OD envelope is NOT pilot diameter; drill depth/stop and bit tip remain unresolved
timber_kicker_right_0_1,kicker_right,panel_clearance,7.0,0.2755905511811024,"[44.45, 60.0, 0.0]","[0.0, 0.0, 1.0]","[[44.45, 60.0, -3.659295089164516e-13]]","[[44.45, 60.0, 18.256249999999998]]","[[1.7500000000000002, 2.362204724409449, -1.4406673579387858e-14]]","[[1.7500000000000002, 2.362204724409449, 0.71875]]","[[-3.659295089164516e-13, 18.256249999999998]]",,"Through panel; head countersink is a separate feature, not this axis interval"
timber_kicker_right_0_1,base_post_center_right_front,insert_installation_pilot,9.128125,0.35937500000000006,"[44.45, 157.95624999999998, 60.0]","[0.0, -1.0, 0.0]","[[44.45, 139.7, 60.0]]","[[44.45, 1.7053025658242404e-13, 60.0]]","[[1.7500000000000002, 5.5, 2.362204724409449]]","[[1.7500000000000002, 6.713789629229294e-15, 2.362204724409449]]","[[18.256249999999998, 157.9562499999998]]",,Pilot diameter only; 17 mm CAD clearance reservation is NOT a selected drilling depth. Insert OD envelope is NOT pilot diameter; drill depth/stop and bit tip remain unresolved
timber_kicker_right_0_2,kicker_right,panel_clearance,7.0,0.2755905511811024,"[44.45, 140.0, 0.0]","[0.0, 0.0, 1.0]","[[44.45, 140.0, -3.659295089164516e-13]]","[[44.45, 140.0, 18.256249999999998]]","[[1.7500000000000002, 5.511811023622047, -1.4406673579387858e-14]]","[[1.7500000000000002, 5.511811023622047, 0.71875]]","[[-3.659295089164516e-13, 18.256249999999998]]",,"Through panel; head countersink is a separate feature, not this axis interval"
timber_kicker_right_0_2,base_post_center_right_front,insert_installation_pilot,9.128125,0.35937500000000006,"[44.45, 157.95624999999998, 140.0]","[0.0, -1.0, 0.0]","[[44.45, 139.7, 140.0]]","[[44.45, 1.7053025658242404e-13, 140.0]]","[[1.7500000000000002, 5.5, 5.511811023622047]]","[[1.7500000000000002, 6.713789629229294e-15, 5.511811023622047]]","[[18.256249999999998, 157.9562499999998]]",,Pilot diameter only; 17 mm CAD clearance reservation is NOT a selected drilling depth. Insert OD envelope is NOT pilot diameter; drill depth/stop and bit tip remain unresolved
timber_kicker_right_1_1,kicker_right,panel_clearance,7.0,0.2755905511811024,"[1200.15, 60.0, 0.0]","[0.0, 0.0, 1.0]","[[1200.15, 60.0, -3.659295089164516e-13]]","[[1200.15, 60.0, 18.256249999999998]]","[[47.25000000000001, 2.362204724409449, -1.4406673579387858e-14]]","[[47.25000000000001, 2.362204724409449, 0.71875]]","[[-3.659295089164516e-13, 18.256249999999998]]",,"Through panel; head countersink is a separate feature, not this axis interval"
timber_kicker_right_1_1,base_post_outer_right,insert_installation_pilot,9.128125,0.35937500000000006,"[19.049999999999955, 304.00625, 60.0]","[0.0, -1.0, 0.0]","[[19.049999999999955, 285.75, 60.0]]","[[19.049999999999955, 0.0, 60.0]]","[[0.7499999999999982, 11.25, 2.362204724409449]]","[[0.7499999999999982, 0.0, 2.362204724409449]]","[[18.256249999999998, 304.00625]]",,Pilot diameter only; 17 mm CAD clearance reservation is NOT a selected drilling depth. Insert OD envelope is NOT pilot diameter; drill depth/stop and bit tip remain unresolved
timber_kicker_right_1_2,kicker_right,panel_clearance,7.0,0.2755905511811024,"[1200.15, 140.0, 0.0]","[0.0, 0.0, 1.0]","[[1200.15, 140.0, -3.659295089164516e-13]]","[[1200.15, 140.0, 18.256249999999998]]","[[47.25000000000001, 5.511811023622047, -1.4406673579387858e-14]]","[[47.25000000000001, 5.511811023622047, 0.71875]]","[[-3.659295089164516e-13, 18.256249999999998]]",,"Through panel; head countersink is a separate feature, not this axis interval"
timber_kicker_right_1_2,base_post_outer_right,insert_installation_pilot,9.128125,0.35937500000000006,"[19.049999999999955, 304.00625, 140.0]","[0.0, -1.0, 0.0]","[[19.049999999999955, 285.75, 140.0]]","[[19.049999999999955, 0.0, 140.0]]","[[0.7499999999999982, 11.25, 5.511811023622047]]","[[0.7499999999999982, 0.0, 5.511811023622047]]","[[18.256249999999998, 304.00625]]",,Pilot diameter only; 17 mm CAD clearance reservation is NOT a selected drilling depth. Insert OD envelope is NOT pilot diameter; drill depth/stop and bit tip remain unresolved
