part,feature,class,cutter_origin_local_mm,cutter_origin_local_in,entry_local_mm,entry_local_in,entry_role,axis_local,transverse_axes_local,dimensions_mm,dimensions_in,status,included_angle_deg,plane_point_world_mm,plane_point_world_in,plane_point_local_mm,plane_point_local_in,plane_normal_world,plane_normal_local,actual_face_area_mm2,actual_face_area_in2,coplanar_face_count
main_lower_left,tnut_A1,through_hole,"[200.0, 99.19999999999996, -1.0000000000001137]","[7.874015748031496, 3.905511811023621, -0.039370078740161955]","[200.0, 99.19999999999995, -1.1368683772161603e-13]","[7.874015748031496, 3.90551181102362, -4.475859752819529e-15]",physical_panel_face,"[0.0, -4.440892098500626e-15, 0.9999999999999999]",[],"{""diameter"": 11.1125, ""material_thickness"": 18.256249999999998, ""cutter_depth"": 20.256249999999998}","{""diameter"": 0.43750000000000006, ""material_thickness"": 0.71875, ""cutter_depth"": 0.7974901574803149}","Physical face entry differs from cutter origin by 1 mm overshoot; through drilling, not a blind depth; development geometry, machining tolerance and resistance unqualified",,,,,,,,,,
main_lower_left,tnut_A2,through_hole,"[200.0, 299.1999999999999, -1.0000000000001137]","[7.874015748031496, 11.779527559055113, -0.039370078740161955]","[200.0, 299.1999999999999, -8.526512829121202e-14]","[7.874015748031496, 11.779527559055113, -3.356894814614647e-15]",physical_panel_face,"[0.0, -4.440892098500626e-15, 0.9999999999999999]",[],"{""diameter"": 11.1125, ""material_thickness"": 18.256249999999998, ""cutter_depth"": 20.256249999999998}","{""diameter"": 0.43750000000000006, ""material_thickness"": 0.71875, ""cutter_depth"": 0.7974901574803149}","Physical face entry differs from cutter origin by 1 mm overshoot; through drilling, not a blind depth; development geometry, machining tolerance and resistance unqualified",,,,,,,,,,
main_lower_left,tnut_A3,through_hole,"[200.0, 499.1999999999999, -1.0000000000000853]","[7.874015748031496, 19.65354330708661, -0.03937007874016084]","[200.0, 499.19999999999993, -8.526512829121202e-14]","[7.874015748031496, 19.65354330708661, -3.356894814614647e-15]",physical_panel_face,"[0.0, -4.440892098500626e-15, 0.9999999999999999]",[],"{""diameter"": 11.1125, ""material_thickness"": 18.256249999999998, ""cutter_depth"": 20.256249999999998}","{""diameter"": 0.43750000000000006, ""material_thickness"": 0.71875, ""cutter_depth"": 0.7974901574803149}","Physical face entry differs from cutter origin by 1 mm overshoot; through drilling, not a blind depth; development geometry, machining tolerance and resistance unqualified",,,,,,,,,,
main_lower_left,tnut_A4,through_hole,"[200.0, 699.1999999999998, -1.0000000000001705]","[7.874015748031496, 27.527559055118104, -0.0393700787401642]","[200.0, 699.1999999999998, -1.7053025658242404e-13]","[7.874015748031496, 27.527559055118104, -6.713789629229294e-15]",physical_panel_face,"[0.0, -4.440892098500626e-15, 0.9999999999999999]",[],"{""diameter"": 11.1125, ""material_thickness"": 18.256249999999998, ""cutter_depth"": 20.256249999999998}","{""diameter"": 0.43750000000000006, ""material_thickness"": 0.71875, ""cutter_depth"": 0.7974901574803149}","Physical face entry differs from cutter origin by 1 mm overshoot; through drilling, not a blind depth; development geometry, machining tolerance and resistance unqualified",,,,,,,,,,
main_lower_left,tnut_A5,through_hole,"[200.0, 899.1999999999998, -1.0000000000001137]","[7.874015748031496, 35.4015748031496, -0.039370078740161955]","[200.0, 899.1999999999998, -5.684341886080802e-14]","[7.874015748031496, 35.4015748031496, -2.2379298764097643e-15]",physical_panel_face,"[0.0, -4.440892098500626e-15, 0.9999999999999999]",[],"{""diameter"": 11.1125, ""material_thickness"": 18.256249999999998, ""cutter_depth"": 20.256249999999998}","{""diameter"": 0.43750000000000006, ""material_thickness"": 0.71875, ""cutter_depth"": 0.7974901574803149}","Physical face entry differs from cutter origin by 1 mm overshoot; through drilling, not a blind depth; development geometry, machining tolerance and resistance unqualified",,,,,,,,,,
main_lower_left,tnut_A6,through_hole,"[200.0, 1099.1999999999998, -1.0000000000001137]","[7.874015748031496, 43.2755905511811, -0.039370078740161955]","[200.0, 1099.1999999999998, -1.1368683772161603e-13]","[7.874015748031496, 43.2755905511811, -4.475859752819529e-15]",physical_panel_face,"[0.0, -4.440892098500626e-15, 0.9999999999999999]",[],"{""diameter"": 11.1125, ""material_thickness"": 18.256249999999998, ""cutter_depth"": 20.256249999999998}","{""diameter"": 0.43750000000000006, ""material_thickness"": 0.71875, ""cutter_depth"": 0.7974901574803149}","Physical face entry differs from cutter origin by 1 mm overshoot; through drilling, not a blind depth; development geometry, machining tolerance and resistance unqualified",,,,,,,,,,
main_upper_left,tnut_A7,through_hole,"[200.0, 99.99999999999969, -0.9999999999999929]","[7.874015748031496, 3.937007874015736, -0.0393700787401572]","[200.0, 99.99999999999973, 3.552713678800501e-14]","[7.874015748031496, 3.9370078740157375, 1.3987061727561028e-15]",physical_panel_face,"[0.0, -4.440892098500626e-15, 0.9999999999999999]",[],"{""diameter"": 11.1125, ""material_thickness"": 18.256249999999998, ""cutter_depth"": 20.256249999999998}","{""diameter"": 0.43750000000000006, ""material_thickness"": 0.71875, ""cutter_depth"": 0.7974901574803149}","Physical face entry differs from cutter origin by 1 mm overshoot; through drilling, not a blind depth; development geometry, machining tolerance and resistance unqualified",,,,,,,,,,
main_upper_left,tnut_A8,through_hole,"[200.0, 299.99999999999955, -1.0000000000000284]","[7.874015748031496, 11.811023622047227, -0.039370078740158604]","[200.0, 299.9999999999996, 0.0]","[7.874015748031496, 11.811023622047228, 0.0]",physical_panel_face,"[0.0, -4.440892098500626e-15, 0.9999999999999999]",[],"{""diameter"": 11.1125, ""material_thickness"": 18.256249999999998, ""cutter_depth"": 20.256249999999998}","{""diameter"": 0.43750000000000006, ""material_thickness"": 0.71875, ""cutter_depth"": 0.7974901574803149}","Physical face entry differs from cutter origin by 1 mm overshoot; through drilling, not a blind depth; development geometry, machining tolerance and resistance unqualified",,,,,,,,,,
main_upper_left,tnut_A9,through_hole,"[200.0, 499.99999999999955, -0.9999999999998579]","[7.874015748031496, 19.685039370078723, -0.03937007874015189]","[200.0, 499.99999999999955, 1.9895196601282805e-13]","[7.874015748031496, 19.685039370078723, 7.832754567434176e-15]",physical_panel_face,"[0.0, -4.440892098500626e-15, 0.9999999999999999]",[],"{""diameter"": 11.1125, ""material_thickness"": 18.256249999999998, ""cutter_depth"": 20.256249999999998}","{""diameter"": 0.43750000000000006, ""material_thickness"": 0.71875, ""cutter_depth"": 0.7974901574803149}","Physical face entry differs from cutter origin by 1 mm overshoot; through drilling, not a blind depth; development geometry, machining tolerance and resistance unqualified",,,,,,,,,,
main_upper_left,tnut_A10,through_hole,"[200.0, 699.9999999999998, -1.0]","[7.874015748031496, 27.55905511811023, -0.03937007874015748]","[200.0, 699.9999999999998, 5.684341886080802e-14]","[7.874015748031496, 27.55905511811023, 2.2379298764097643e-15]",physical_panel_face,"[0.0, -4.440892098500626e-15, 0.9999999999999999]",[],"{""diameter"": 11.1125, ""material_thickness"": 18.256249999999998, ""cutter_depth"": 20.256249999999998}","{""diameter"": 0.43750000000000006, ""material_thickness"": 0.71875, ""cutter_depth"": 0.7974901574803149}","Physical face entry differs from cutter origin by 1 mm overshoot; through drilling, not a blind depth; development geometry, machining tolerance and resistance unqualified",,,,,,,,,,
main_upper_left,tnut_A11,through_hole,"[200.0, 899.9999999999993, -1.0000000000001137]","[7.874015748031496, 35.433070866141705, -0.039370078740161955]","[200.0, 899.9999999999993, -5.684341886080802e-14]","[7.874015748031496, 35.433070866141705, -2.2379298764097643e-15]",physical_panel_face,"[0.0, -4.440892098500626e-15, 0.9999999999999999]",[],"{""diameter"": 11.1125, ""material_thickness"": 18.256249999999998, ""cutter_depth"": 20.256249999999998}","{""diameter"": 0.43750000000000006, ""material_thickness"": 0.71875, ""cutter_depth"": 0.7974901574803149}","Physical face entry differs from cutter origin by 1 mm overshoot; through drilling, not a blind depth; development geometry, machining tolerance and resistance unqualified",,,,,,,,,,
main_upper_left,tnut_A12,through_hole,"[200.0, 1099.9999999999993, -0.9999999999998863]","[7.874015748031496, 43.3070866141732, -0.039370078740153004]","[200.0, 1099.9999999999993, 1.1368683772161603e-13]","[7.874015748031496, 43.3070866141732, 4.475859752819529e-15]",physical_panel_face,"[0.0, -4.440892098500626e-15, 0.9999999999999999]",[],"{""diameter"": 11.1125, ""material_thickness"": 18.256249999999998, ""cutter_depth"": 20.256249999999998}","{""diameter"": 0.43750000000000006, ""material_thickness"": 0.71875, ""cutter_depth"": 0.7974901574803149}","Physical face entry differs from cutter origin by 1 mm overshoot; through drilling, not a blind depth; development geometry, machining tolerance and resistance unqualified",,,,,,,,,,
main_lower_left,tnut_B1,through_hole,"[400.0, 99.19999999999996, -1.0000000000001137]","[15.748031496062993, 3.905511811023621, -0.039370078740161955]","[400.0, 99.19999999999995, -1.1368683772161603e-13]","[15.748031496062993, 3.90551181102362, -4.475859752819529e-15]",physical_panel_face,"[0.0, -4.440892098500626e-15, 0.9999999999999999]",[],"{""diameter"": 11.1125, ""material_thickness"": 18.256249999999998, ""cutter_depth"": 20.256249999999998}","{""diameter"": 0.43750000000000006, ""material_thickness"": 0.71875, ""cutter_depth"": 0.7974901574803149}","Physical face entry differs from cutter origin by 1 mm overshoot; through drilling, not a blind depth; development geometry, machining tolerance and resistance unqualified",,,,,,,,,,
main_lower_left,tnut_B2,through_hole,"[400.0, 299.1999999999999, -1.0000000000001137]","[15.748031496062993, 11.779527559055113, -0.039370078740161955]","[400.0, 299.1999999999999, -8.526512829121202e-14]","[15.748031496062993, 11.779527559055113, -3.356894814614647e-15]",physical_panel_face,"[0.0, -4.440892098500626e-15, 0.9999999999999999]",[],"{""diameter"": 11.1125, ""material_thickness"": 18.256249999999998, ""cutter_depth"": 20.256249999999998}","{""diameter"": 0.43750000000000006, ""material_thickness"": 0.71875, ""cutter_depth"": 0.7974901574803149}","Physical face entry differs from cutter origin by 1 mm overshoot; through drilling, not a blind depth; development geometry, machining tolerance and resistance unqualified",,,,,,,,,,
main_lower_left,tnut_B3,through_hole,"[400.0, 499.1999999999999, -1.0000000000000853]","[15.748031496062993, 19.65354330708661, -0.03937007874016084]","[400.0, 499.19999999999993, -8.526512829121202e-14]","[15.748031496062993, 19.65354330708661, -3.356894814614647e-15]",physical_panel_face,"[0.0, -4.440892098500626e-15, 0.9999999999999999]",[],"{""diameter"": 11.1125, ""material_thickness"": 18.256249999999998, ""cutter_depth"": 20.256249999999998}","{""diameter"": 0.43750000000000006, ""material_thickness"": 0.71875, ""cutter_depth"": 0.7974901574803149}","Physical face entry differs from cutter origin by 1 mm overshoot; through drilling, not a blind depth; development geometry, machining tolerance and resistance unqualified",,,,,,,,,,
main_lower_left,tnut_B4,through_hole,"[400.0, 699.1999999999998, -1.0000000000001705]","[15.748031496062993, 27.527559055118104, -0.0393700787401642]","[400.0, 699.1999999999998, -1.7053025658242404e-13]","[15.748031496062993, 27.527559055118104, -6.713789629229294e-15]",physical_panel_face,"[0.0, -4.440892098500626e-15, 0.9999999999999999]",[],"{""diameter"": 11.1125, ""material_thickness"": 18.256249999999998, ""cutter_depth"": 20.256249999999998}","{""diameter"": 0.43750000000000006, ""material_thickness"": 0.71875, ""cutter_depth"": 0.7974901574803149}","Physical face entry differs from cutter origin by 1 mm overshoot; through drilling, not a blind depth; development geometry, machining tolerance and resistance unqualified",,,,,,,,,,
main_lower_left,tnut_B5,through_hole,"[400.0, 899.1999999999998, -1.0000000000001137]","[15.748031496062993, 35.4015748031496, -0.039370078740161955]","[400.0, 899.1999999999998, -5.684341886080802e-14]","[15.748031496062993, 35.4015748031496, -2.2379298764097643e-15]",physical_panel_face,"[0.0, -4.440892098500626e-15, 0.9999999999999999]",[],"{""diameter"": 11.1125, ""material_thickness"": 18.256249999999998, ""cutter_depth"": 20.256249999999998}","{""diameter"": 0.43750000000000006, ""material_thickness"": 0.71875, ""cutter_depth"": 0.7974901574803149}","Physical face entry differs from cutter origin by 1 mm overshoot; through drilling, not a blind depth; development geometry, machining tolerance and resistance unqualified",,,,,,,,,,
main_lower_left,tnut_B6,through_hole,"[400.0, 1099.1999999999998, -1.0000000000001137]","[15.748031496062993, 43.2755905511811, -0.039370078740161955]","[400.0, 1099.1999999999998, -1.1368683772161603e-13]","[15.748031496062993, 43.2755905511811, -4.475859752819529e-15]",physical_panel_face,"[0.0, -4.440892098500626e-15, 0.9999999999999999]",[],"{""diameter"": 11.1125, ""material_thickness"": 18.256249999999998, ""cutter_depth"": 20.256249999999998}","{""diameter"": 0.43750000000000006, ""material_thickness"": 0.71875, ""cutter_depth"": 0.7974901574803149}","Physical face entry differs from cutter origin by 1 mm overshoot; through drilling, not a blind depth; development geometry, machining tolerance and resistance unqualified",,,,,,,,,,
main_upper_left,tnut_B7,through_hole,"[400.0, 99.99999999999969, -0.9999999999999929]","[15.748031496062993, 3.937007874015736, -0.0393700787401572]","[400.0, 99.99999999999973, 3.552713678800501e-14]","[15.748031496062993, 3.9370078740157375, 1.3987061727561028e-15]",physical_panel_face,"[0.0, -4.440892098500626e-15, 0.9999999999999999]",[],"{""diameter"": 11.1125, ""material_thickness"": 18.256249999999998, ""cutter_depth"": 20.256249999999998}","{""diameter"": 0.43750000000000006, ""material_thickness"": 0.71875, ""cutter_depth"": 0.7974901574803149}","Physical face entry differs from cutter origin by 1 mm overshoot; through drilling, not a blind depth; development geometry, machining tolerance and resistance unqualified",,,,,,,,,,
main_upper_left,tnut_B8,through_hole,"[400.0, 299.99999999999955, -1.0000000000000284]","[15.748031496062993, 11.811023622047227, -0.039370078740158604]","[400.0, 299.9999999999996, 0.0]","[15.748031496062993, 11.811023622047228, 0.0]",physical_panel_face,"[0.0, -4.440892098500626e-15, 0.9999999999999999]",[],"{""diameter"": 11.1125, ""material_thickness"": 18.256249999999998, ""cutter_depth"": 20.256249999999998}","{""diameter"": 0.43750000000000006, ""material_thickness"": 0.71875, ""cutter_depth"": 0.7974901574803149}","Physical face entry differs from cutter origin by 1 mm overshoot; through drilling, not a blind depth; development geometry, machining tolerance and resistance unqualified",,,,,,,,,,
main_upper_left,tnut_B9,through_hole,"[400.0, 499.99999999999955, -0.9999999999998579]","[15.748031496062993, 19.685039370078723, -0.03937007874015189]","[400.0, 499.99999999999955, 1.9895196601282805e-13]","[15.748031496062993, 19.685039370078723, 7.832754567434176e-15]",physical_panel_face,"[0.0, -4.440892098500626e-15, 0.9999999999999999]",[],"{""diameter"": 11.1125, ""material_thickness"": 18.256249999999998, ""cutter_depth"": 20.256249999999998}","{""diameter"": 0.43750000000000006, ""material_thickness"": 0.71875, ""cutter_depth"": 0.7974901574803149}","Physical face entry differs from cutter origin by 1 mm overshoot; through drilling, not a blind depth; development geometry, machining tolerance and resistance unqualified",,,,,,,,,,
main_upper_left,tnut_B10,through_hole,"[400.0, 699.9999999999998, -1.0]","[15.748031496062993, 27.55905511811023, -0.03937007874015748]","[400.0, 699.9999999999998, 5.684341886080802e-14]","[15.748031496062993, 27.55905511811023, 2.2379298764097643e-15]",physical_panel_face,"[0.0, -4.440892098500626e-15, 0.9999999999999999]",[],"{""diameter"": 11.1125, ""material_thickness"": 18.256249999999998, ""cutter_depth"": 20.256249999999998}","{""diameter"": 0.43750000000000006, ""material_thickness"": 0.71875, ""cutter_depth"": 0.7974901574803149}","Physical face entry differs from cutter origin by 1 mm overshoot; through drilling, not a blind depth; development geometry, machining tolerance and resistance unqualified",,,,,,,,,,
main_upper_left,tnut_B11,through_hole,"[400.0, 899.9999999999993, -1.0000000000001137]","[15.748031496062993, 35.433070866141705, -0.039370078740161955]","[400.0, 899.9999999999993, -5.684341886080802e-14]","[15.748031496062993, 35.433070866141705, -2.2379298764097643e-15]",physical_panel_face,"[0.0, -4.440892098500626e-15, 0.9999999999999999]",[],"{""diameter"": 11.1125, ""material_thickness"": 18.256249999999998, ""cutter_depth"": 20.256249999999998}","{""diameter"": 0.43750000000000006, ""material_thickness"": 0.71875, ""cutter_depth"": 0.7974901574803149}","Physical face entry differs from cutter origin by 1 mm overshoot; through drilling, not a blind depth; development geometry, machining tolerance and resistance unqualified",,,,,,,,,,
main_upper_left,tnut_B12,through_hole,"[400.0, 1099.9999999999993, -0.9999999999998863]","[15.748031496062993, 43.3070866141732, -0.039370078740153004]","[400.0, 1099.9999999999993, 1.1368683772161603e-13]","[15.748031496062993, 43.3070866141732, 4.475859752819529e-15]",physical_panel_face,"[0.0, -4.440892098500626e-15, 0.9999999999999999]",[],"{""diameter"": 11.1125, ""material_thickness"": 18.256249999999998, ""cutter_depth"": 20.256249999999998}","{""diameter"": 0.43750000000000006, ""material_thickness"": 0.71875, ""cutter_depth"": 0.7974901574803149}","Physical face entry differs from cutter origin by 1 mm overshoot; through drilling, not a blind depth; development geometry, machining tolerance and resistance unqualified",,,,,,,,,,
main_lower_left,tnut_C1,through_hole,"[600.0, 99.19999999999996, -1.0000000000001137]","[23.62204724409449, 3.905511811023621, -0.039370078740161955]","[600.0, 99.19999999999995, -1.1368683772161603e-13]","[23.62204724409449, 3.90551181102362, -4.475859752819529e-15]",physical_panel_face,"[0.0, -4.440892098500626e-15, 0.9999999999999999]",[],"{""diameter"": 11.1125, ""material_thickness"": 18.256249999999998, ""cutter_depth"": 20.256249999999998}","{""diameter"": 0.43750000000000006, ""material_thickness"": 0.71875, ""cutter_depth"": 0.7974901574803149}","Physical face entry differs from cutter origin by 1 mm overshoot; through drilling, not a blind depth; development geometry, machining tolerance and resistance unqualified",,,,,,,,,,
main_lower_left,tnut_C2,through_hole,"[600.0, 299.1999999999999, -1.0000000000001137]","[23.62204724409449, 11.779527559055113, -0.039370078740161955]","[600.0, 299.1999999999999, -8.526512829121202e-14]","[23.62204724409449, 11.779527559055113, -3.356894814614647e-15]",physical_panel_face,"[0.0, -4.440892098500626e-15, 0.9999999999999999]",[],"{""diameter"": 11.1125, ""material_thickness"": 18.256249999999998, ""cutter_depth"": 20.256249999999998}","{""diameter"": 0.43750000000000006, ""material_thickness"": 0.71875, ""cutter_depth"": 0.7974901574803149}","Physical face entry differs from cutter origin by 1 mm overshoot; through drilling, not a blind depth; development geometry, machining tolerance and resistance unqualified",,,,,,,,,,
main_lower_left,tnut_C3,through_hole,"[600.0, 499.1999999999999, -1.0000000000000853]","[23.62204724409449, 19.65354330708661, -0.03937007874016084]","[600.0, 499.19999999999993, -8.526512829121202e-14]","[23.62204724409449, 19.65354330708661, -3.356894814614647e-15]",physical_panel_face,"[0.0, -4.440892098500626e-15, 0.9999999999999999]",[],"{""diameter"": 11.1125, ""material_thickness"": 18.256249999999998, ""cutter_depth"": 20.256249999999998}","{""diameter"": 0.43750000000000006, ""material_thickness"": 0.71875, ""cutter_depth"": 0.7974901574803149}","Physical face entry differs from cutter origin by 1 mm overshoot; through drilling, not a blind depth; development geometry, machining tolerance and resistance unqualified",,,,,,,,,,
main_lower_left,tnut_C4,through_hole,"[600.0, 699.1999999999998, -1.0000000000001705]","[23.62204724409449, 27.527559055118104, -0.0393700787401642]","[600.0, 699.1999999999998, -1.7053025658242404e-13]","[23.62204724409449, 27.527559055118104, -6.713789629229294e-15]",physical_panel_face,"[0.0, -4.440892098500626e-15, 0.9999999999999999]",[],"{""diameter"": 11.1125, ""material_thickness"": 18.256249999999998, ""cutter_depth"": 20.256249999999998}","{""diameter"": 0.43750000000000006, ""material_thickness"": 0.71875, ""cutter_depth"": 0.7974901574803149}","Physical face entry differs from cutter origin by 1 mm overshoot; through drilling, not a blind depth; development geometry, machining tolerance and resistance unqualified",,,,,,,,,,
main_lower_left,tnut_C5,through_hole,"[600.0, 899.1999999999998, -1.0000000000001137]","[23.62204724409449, 35.4015748031496, -0.039370078740161955]","[600.0, 899.1999999999998, -5.684341886080802e-14]","[23.62204724409449, 35.4015748031496, -2.2379298764097643e-15]",physical_panel_face,"[0.0, -4.440892098500626e-15, 0.9999999999999999]",[],"{""diameter"": 11.1125, ""material_thickness"": 18.256249999999998, ""cutter_depth"": 20.256249999999998}","{""diameter"": 0.43750000000000006, ""material_thickness"": 0.71875, ""cutter_depth"": 0.7974901574803149}","Physical face entry differs from cutter origin by 1 mm overshoot; through drilling, not a blind depth; development geometry, machining tolerance and resistance unqualified",,,,,,,,,,
main_lower_left,tnut_C6,through_hole,"[600.0, 1099.1999999999998, -1.0000000000001137]","[23.62204724409449, 43.2755905511811, -0.039370078740161955]","[600.0, 1099.1999999999998, -1.1368683772161603e-13]","[23.62204724409449, 43.2755905511811, -4.475859752819529e-15]",physical_panel_face,"[0.0, -4.440892098500626e-15, 0.9999999999999999]",[],"{""diameter"": 11.1125, ""material_thickness"": 18.256249999999998, ""cutter_depth"": 20.256249999999998}","{""diameter"": 0.43750000000000006, ""material_thickness"": 0.71875, ""cutter_depth"": 0.7974901574803149}","Physical face entry differs from cutter origin by 1 mm overshoot; through drilling, not a blind depth; development geometry, machining tolerance and resistance unqualified",,,,,,,,,,
main_upper_left,tnut_C7,through_hole,"[600.0, 99.99999999999969, -0.9999999999999929]","[23.62204724409449, 3.937007874015736, -0.0393700787401572]","[600.0, 99.99999999999973, 3.552713678800501e-14]","[23.62204724409449, 3.9370078740157375, 1.3987061727561028e-15]",physical_panel_face,"[0.0, -4.440892098500626e-15, 0.9999999999999999]",[],"{""diameter"": 11.1125, ""material_thickness"": 18.256249999999998, ""cutter_depth"": 20.256249999999998}","{""diameter"": 0.43750000000000006, ""material_thickness"": 0.71875, ""cutter_depth"": 0.7974901574803149}","Physical face entry differs from cutter origin by 1 mm overshoot; through drilling, not a blind depth; development geometry, machining tolerance and resistance unqualified",,,,,,,,,,
main_upper_left,tnut_C8,through_hole,"[600.0, 299.99999999999955, -1.0000000000000284]","[23.62204724409449, 11.811023622047227, -0.039370078740158604]","[600.0, 299.9999999999996, 0.0]","[23.62204724409449, 11.811023622047228, 0.0]",physical_panel_face,"[0.0, -4.440892098500626e-15, 0.9999999999999999]",[],"{""diameter"": 11.1125, ""material_thickness"": 18.256249999999998, ""cutter_depth"": 20.256249999999998}","{""diameter"": 0.43750000000000006, ""material_thickness"": 0.71875, ""cutter_depth"": 0.7974901574803149}","Physical face entry differs from cutter origin by 1 mm overshoot; through drilling, not a blind depth; development geometry, machining tolerance and resistance unqualified",,,,,,,,,,
main_upper_left,tnut_C9,through_hole,"[600.0, 499.99999999999955, -0.9999999999998579]","[23.62204724409449, 19.685039370078723, -0.03937007874015189]","[600.0, 499.99999999999955, 1.9895196601282805e-13]","[23.62204724409449, 19.685039370078723, 7.832754567434176e-15]",physical_panel_face,"[0.0, -4.440892098500626e-15, 0.9999999999999999]",[],"{""diameter"": 11.1125, ""material_thickness"": 18.256249999999998, ""cutter_depth"": 20.256249999999998}","{""diameter"": 0.43750000000000006, ""material_thickness"": 0.71875, ""cutter_depth"": 0.7974901574803149}","Physical face entry differs from cutter origin by 1 mm overshoot; through drilling, not a blind depth; development geometry, machining tolerance and resistance unqualified",,,,,,,,,,
main_upper_left,tnut_C10,through_hole,"[600.0, 699.9999999999998, -1.0]","[23.62204724409449, 27.55905511811023, -0.03937007874015748]","[600.0, 699.9999999999998, 5.684341886080802e-14]","[23.62204724409449, 27.55905511811023, 2.2379298764097643e-15]",physical_panel_face,"[0.0, -4.440892098500626e-15, 0.9999999999999999]",[],"{""diameter"": 11.1125, ""material_thickness"": 18.256249999999998, ""cutter_depth"": 20.256249999999998}","{""diameter"": 0.43750000000000006, ""material_thickness"": 0.71875, ""cutter_depth"": 0.7974901574803149}","Physical face entry differs from cutter origin by 1 mm overshoot; through drilling, not a blind depth; development geometry, machining tolerance and resistance unqualified",,,,,,,,,,
main_upper_left,tnut_C11,through_hole,"[600.0, 899.9999999999993, -1.0000000000001137]","[23.62204724409449, 35.433070866141705, -0.039370078740161955]","[600.0, 899.9999999999993, -5.684341886080802e-14]","[23.62204724409449, 35.433070866141705, -2.2379298764097643e-15]",physical_panel_face,"[0.0, -4.440892098500626e-15, 0.9999999999999999]",[],"{""diameter"": 11.1125, ""material_thickness"": 18.256249999999998, ""cutter_depth"": 20.256249999999998}","{""diameter"": 0.43750000000000006, ""material_thickness"": 0.71875, ""cutter_depth"": 0.7974901574803149}","Physical face entry differs from cutter origin by 1 mm overshoot; through drilling, not a blind depth; development geometry, machining tolerance and resistance unqualified",,,,,,,,,,
main_upper_left,tnut_C12,through_hole,"[600.0, 1099.9999999999993, -0.9999999999998863]","[23.62204724409449, 43.3070866141732, -0.039370078740153004]","[600.0, 1099.9999999999993, 1.1368683772161603e-13]","[23.62204724409449, 43.3070866141732, 4.475859752819529e-15]",physical_panel_face,"[0.0, -4.440892098500626e-15, 0.9999999999999999]",[],"{""diameter"": 11.1125, ""material_thickness"": 18.256249999999998, ""cutter_depth"": 20.256249999999998}","{""diameter"": 0.43750000000000006, ""material_thickness"": 0.71875, ""cutter_depth"": 0.7974901574803149}","Physical face entry differs from cutter origin by 1 mm overshoot; through drilling, not a blind depth; development geometry, machining tolerance and resistance unqualified",,,,,,,,,,
main_lower_left,tnut_D1,through_hole,"[800.0, 99.19999999999996, -1.0000000000001137]","[31.496062992125985, 3.905511811023621, -0.039370078740161955]","[800.0, 99.19999999999995, -1.1368683772161603e-13]","[31.496062992125985, 3.90551181102362, -4.475859752819529e-15]",physical_panel_face,"[0.0, -4.440892098500626e-15, 0.9999999999999999]",[],"{""diameter"": 11.1125, ""material_thickness"": 18.256249999999998, ""cutter_depth"": 20.256249999999998}","{""diameter"": 0.43750000000000006, ""material_thickness"": 0.71875, ""cutter_depth"": 0.7974901574803149}","Physical face entry differs from cutter origin by 1 mm overshoot; through drilling, not a blind depth; development geometry, machining tolerance and resistance unqualified",,,,,,,,,,
main_lower_left,tnut_D2,through_hole,"[800.0, 299.1999999999999, -1.0000000000001137]","[31.496062992125985, 11.779527559055113, -0.039370078740161955]","[800.0, 299.1999999999999, -8.526512829121202e-14]","[31.496062992125985, 11.779527559055113, -3.356894814614647e-15]",physical_panel_face,"[0.0, -4.440892098500626e-15, 0.9999999999999999]",[],"{""diameter"": 11.1125, ""material_thickness"": 18.256249999999998, ""cutter_depth"": 20.256249999999998}","{""diameter"": 0.43750000000000006, ""material_thickness"": 0.71875, ""cutter_depth"": 0.7974901574803149}","Physical face entry differs from cutter origin by 1 mm overshoot; through drilling, not a blind depth; development geometry, machining tolerance and resistance unqualified",,,,,,,,,,
main_lower_left,tnut_D3,through_hole,"[800.0, 499.1999999999999, -1.0000000000000853]","[31.496062992125985, 19.65354330708661, -0.03937007874016084]","[800.0, 499.19999999999993, -8.526512829121202e-14]","[31.496062992125985, 19.65354330708661, -3.356894814614647e-15]",physical_panel_face,"[0.0, -4.440892098500626e-15, 0.9999999999999999]",[],"{""diameter"": 11.1125, ""material_thickness"": 18.256249999999998, ""cutter_depth"": 20.256249999999998}","{""diameter"": 0.43750000000000006, ""material_thickness"": 0.71875, ""cutter_depth"": 0.7974901574803149}","Physical face entry differs from cutter origin by 1 mm overshoot; through drilling, not a blind depth; development geometry, machining tolerance and resistance unqualified",,,,,,,,,,
main_lower_left,tnut_D4,through_hole,"[800.0, 699.1999999999998, -1.0000000000001705]","[31.496062992125985, 27.527559055118104, -0.0393700787401642]","[800.0, 699.1999999999998, -1.7053025658242404e-13]","[31.496062992125985, 27.527559055118104, -6.713789629229294e-15]",physical_panel_face,"[0.0, -4.440892098500626e-15, 0.9999999999999999]",[],"{""diameter"": 11.1125, ""material_thickness"": 18.256249999999998, ""cutter_depth"": 20.256249999999998}","{""diameter"": 0.43750000000000006, ""material_thickness"": 0.71875, ""cutter_depth"": 0.7974901574803149}","Physical face entry differs from cutter origin by 1 mm overshoot; through drilling, not a blind depth; development geometry, machining tolerance and resistance unqualified",,,,,,,,,,
main_lower_left,tnut_D5,through_hole,"[800.0, 899.1999999999998, -1.0000000000001137]","[31.496062992125985, 35.4015748031496, -0.039370078740161955]","[800.0, 899.1999999999998, -5.684341886080802e-14]","[31.496062992125985, 35.4015748031496, -2.2379298764097643e-15]",physical_panel_face,"[0.0, -4.440892098500626e-15, 0.9999999999999999]",[],"{""diameter"": 11.1125, ""material_thickness"": 18.256249999999998, ""cutter_depth"": 20.256249999999998}","{""diameter"": 0.43750000000000006, ""material_thickness"": 0.71875, ""cutter_depth"": 0.7974901574803149}","Physical face entry differs from cutter origin by 1 mm overshoot; through drilling, not a blind depth; development geometry, machining tolerance and resistance unqualified",,,,,,,,,,
main_lower_left,tnut_D6,through_hole,"[800.0, 1099.1999999999998, -1.0000000000001137]","[31.496062992125985, 43.2755905511811, -0.039370078740161955]","[800.0, 1099.1999999999998, -1.1368683772161603e-13]","[31.496062992125985, 43.2755905511811, -4.475859752819529e-15]",physical_panel_face,"[0.0, -4.440892098500626e-15, 0.9999999999999999]",[],"{""diameter"": 11.1125, ""material_thickness"": 18.256249999999998, ""cutter_depth"": 20.256249999999998}","{""diameter"": 0.43750000000000006, ""material_thickness"": 0.71875, ""cutter_depth"": 0.7974901574803149}","Physical face entry differs from cutter origin by 1 mm overshoot; through drilling, not a blind depth; development geometry, machining tolerance and resistance unqualified",,,,,,,,,,
main_upper_left,tnut_D7,through_hole,"[800.0, 99.99999999999969, -0.9999999999999929]","[31.496062992125985, 3.937007874015736, -0.0393700787401572]","[800.0, 99.99999999999973, 3.552713678800501e-14]","[31.496062992125985, 3.9370078740157375, 1.3987061727561028e-15]",physical_panel_face,"[0.0, -4.440892098500626e-15, 0.9999999999999999]",[],"{""diameter"": 11.1125, ""material_thickness"": 18.256249999999998, ""cutter_depth"": 20.256249999999998}","{""diameter"": 0.43750000000000006, ""material_thickness"": 0.71875, ""cutter_depth"": 0.7974901574803149}","Physical face entry differs from cutter origin by 1 mm overshoot; through drilling, not a blind depth; development geometry, machining tolerance and resistance unqualified",,,,,,,,,,
main_upper_left,tnut_D8,through_hole,"[800.0, 299.99999999999955, -1.0000000000000284]","[31.496062992125985, 11.811023622047227, -0.039370078740158604]","[800.0, 299.9999999999996, 0.0]","[31.496062992125985, 11.811023622047228, 0.0]",physical_panel_face,"[0.0, -4.440892098500626e-15, 0.9999999999999999]",[],"{""diameter"": 11.1125, ""material_thickness"": 18.256249999999998, ""cutter_depth"": 20.256249999999998}","{""diameter"": 0.43750000000000006, ""material_thickness"": 0.71875, ""cutter_depth"": 0.7974901574803149}","Physical face entry differs from cutter origin by 1 mm overshoot; through drilling, not a blind depth; development geometry, machining tolerance and resistance unqualified",,,,,,,,,,
main_upper_left,tnut_D9,through_hole,"[800.0, 499.99999999999955, -0.9999999999998579]","[31.496062992125985, 19.685039370078723, -0.03937007874015189]","[800.0, 499.99999999999955, 1.9895196601282805e-13]","[31.496062992125985, 19.685039370078723, 7.832754567434176e-15]",physical_panel_face,"[0.0, -4.440892098500626e-15, 0.9999999999999999]",[],"{""diameter"": 11.1125, ""material_thickness"": 18.256249999999998, ""cutter_depth"": 20.256249999999998}","{""diameter"": 0.43750000000000006, ""material_thickness"": 0.71875, ""cutter_depth"": 0.7974901574803149}","Physical face entry differs from cutter origin by 1 mm overshoot; through drilling, not a blind depth; development geometry, machining tolerance and resistance unqualified",,,,,,,,,,
main_upper_left,tnut_D10,through_hole,"[800.0, 699.9999999999998, -1.0]","[31.496062992125985, 27.55905511811023, -0.03937007874015748]","[800.0, 699.9999999999998, 5.684341886080802e-14]","[31.496062992125985, 27.55905511811023, 2.2379298764097643e-15]",physical_panel_face,"[0.0, -4.440892098500626e-15, 0.9999999999999999]",[],"{""diameter"": 11.1125, ""material_thickness"": 18.256249999999998, ""cutter_depth"": 20.256249999999998}","{""diameter"": 0.43750000000000006, ""material_thickness"": 0.71875, ""cutter_depth"": 0.7974901574803149}","Physical face entry differs from cutter origin by 1 mm overshoot; through drilling, not a blind depth; development geometry, machining tolerance and resistance unqualified",,,,,,,,,,
main_upper_left,tnut_D11,through_hole,"[800.0, 899.9999999999993, -1.0000000000001137]","[31.496062992125985, 35.433070866141705, -0.039370078740161955]","[800.0, 899.9999999999993, -5.684341886080802e-14]","[31.496062992125985, 35.433070866141705, -2.2379298764097643e-15]",physical_panel_face,"[0.0, -4.440892098500626e-15, 0.9999999999999999]",[],"{""diameter"": 11.1125, ""material_thickness"": 18.256249999999998, ""cutter_depth"": 20.256249999999998}","{""diameter"": 0.43750000000000006, ""material_thickness"": 0.71875, ""cutter_depth"": 0.7974901574803149}","Physical face entry differs from cutter origin by 1 mm overshoot; through drilling, not a blind depth; development geometry, machining tolerance and resistance unqualified",,,,,,,,,,
main_upper_left,tnut_D12,through_hole,"[800.0, 1099.9999999999993, -0.9999999999998863]","[31.496062992125985, 43.3070866141732, -0.039370078740153004]","[800.0, 1099.9999999999993, 1.1368683772161603e-13]","[31.496062992125985, 43.3070866141732, 4.475859752819529e-15]",physical_panel_face,"[0.0, -4.440892098500626e-15, 0.9999999999999999]",[],"{""diameter"": 11.1125, ""material_thickness"": 18.256249999999998, ""cutter_depth"": 20.256249999999998}","{""diameter"": 0.43750000000000006, ""material_thickness"": 0.71875, ""cutter_depth"": 0.7974901574803149}","Physical face entry differs from cutter origin by 1 mm overshoot; through drilling, not a blind depth; development geometry, machining tolerance and resistance unqualified",,,,,,,,,,
main_lower_left,tnut_E1,through_hole,"[1000.0, 99.19999999999996, -1.0000000000001137]","[39.37007874015748, 3.905511811023621, -0.039370078740161955]","[1000.0, 99.19999999999995, -1.1368683772161603e-13]","[39.37007874015748, 3.90551181102362, -4.475859752819529e-15]",physical_panel_face,"[0.0, -4.440892098500626e-15, 0.9999999999999999]",[],"{""diameter"": 11.1125, ""material_thickness"": 18.256249999999998, ""cutter_depth"": 20.256249999999998}","{""diameter"": 0.43750000000000006, ""material_thickness"": 0.71875, ""cutter_depth"": 0.7974901574803149}","Physical face entry differs from cutter origin by 1 mm overshoot; through drilling, not a blind depth; development geometry, machining tolerance and resistance unqualified",,,,,,,,,,
main_lower_left,tnut_E2,through_hole,"[1000.0, 299.1999999999999, -1.0000000000001137]","[39.37007874015748, 11.779527559055113, -0.039370078740161955]","[1000.0, 299.1999999999999, -8.526512829121202e-14]","[39.37007874015748, 11.779527559055113, -3.356894814614647e-15]",physical_panel_face,"[0.0, -4.440892098500626e-15, 0.9999999999999999]",[],"{""diameter"": 11.1125, ""material_thickness"": 18.256249999999998, ""cutter_depth"": 20.256249999999998}","{""diameter"": 0.43750000000000006, ""material_thickness"": 0.71875, ""cutter_depth"": 0.7974901574803149}","Physical face entry differs from cutter origin by 1 mm overshoot; through drilling, not a blind depth; development geometry, machining tolerance and resistance unqualified",,,,,,,,,,
main_lower_left,tnut_E3,through_hole,"[1000.0, 499.1999999999999, -1.0000000000000853]","[39.37007874015748, 19.65354330708661, -0.03937007874016084]","[1000.0, 499.19999999999993, -8.526512829121202e-14]","[39.37007874015748, 19.65354330708661, -3.356894814614647e-15]",physical_panel_face,"[0.0, -4.440892098500626e-15, 0.9999999999999999]",[],"{""diameter"": 11.1125, ""material_thickness"": 18.256249999999998, ""cutter_depth"": 20.256249999999998}","{""diameter"": 0.43750000000000006, ""material_thickness"": 0.71875, ""cutter_depth"": 0.7974901574803149}","Physical face entry differs from cutter origin by 1 mm overshoot; through drilling, not a blind depth; development geometry, machining tolerance and resistance unqualified",,,,,,,,,,
main_lower_left,tnut_E4,through_hole,"[1000.0, 699.1999999999998, -1.0000000000001705]","[39.37007874015748, 27.527559055118104, -0.0393700787401642]","[1000.0, 699.1999999999998, -1.7053025658242404e-13]","[39.37007874015748, 27.527559055118104, -6.713789629229294e-15]",physical_panel_face,"[0.0, -4.440892098500626e-15, 0.9999999999999999]",[],"{""diameter"": 11.1125, ""material_thickness"": 18.256249999999998, ""cutter_depth"": 20.256249999999998}","{""diameter"": 0.43750000000000006, ""material_thickness"": 0.71875, ""cutter_depth"": 0.7974901574803149}","Physical face entry differs from cutter origin by 1 mm overshoot; through drilling, not a blind depth; development geometry, machining tolerance and resistance unqualified",,,,,,,,,,
main_lower_left,tnut_E5,through_hole,"[1000.0, 899.1999999999998, -1.0000000000001137]","[39.37007874015748, 35.4015748031496, -0.039370078740161955]","[1000.0, 899.1999999999998, -5.684341886080802e-14]","[39.37007874015748, 35.4015748031496, -2.2379298764097643e-15]",physical_panel_face,"[0.0, -4.440892098500626e-15, 0.9999999999999999]",[],"{""diameter"": 11.1125, ""material_thickness"": 18.256249999999998, ""cutter_depth"": 20.256249999999998}","{""diameter"": 0.43750000000000006, ""material_thickness"": 0.71875, ""cutter_depth"": 0.7974901574803149}","Physical face entry differs from cutter origin by 1 mm overshoot; through drilling, not a blind depth; development geometry, machining tolerance and resistance unqualified",,,,,,,,,,
main_lower_left,tnut_E6,through_hole,"[1000.0, 1099.1999999999998, -1.0000000000001137]","[39.37007874015748, 43.2755905511811, -0.039370078740161955]","[1000.0, 1099.1999999999998, -1.1368683772161603e-13]","[39.37007874015748, 43.2755905511811, -4.475859752819529e-15]",physical_panel_face,"[0.0, -4.440892098500626e-15, 0.9999999999999999]",[],"{""diameter"": 11.1125, ""material_thickness"": 18.256249999999998, ""cutter_depth"": 20.256249999999998}","{""diameter"": 0.43750000000000006, ""material_thickness"": 0.71875, ""cutter_depth"": 0.7974901574803149}","Physical face entry differs from cutter origin by 1 mm overshoot; through drilling, not a blind depth; development geometry, machining tolerance and resistance unqualified",,,,,,,,,,
main_upper_left,tnut_E7,through_hole,"[1000.0, 99.99999999999969, -0.9999999999999929]","[39.37007874015748, 3.937007874015736, -0.0393700787401572]","[1000.0, 99.99999999999973, 3.552713678800501e-14]","[39.37007874015748, 3.9370078740157375, 1.3987061727561028e-15]",physical_panel_face,"[0.0, -4.440892098500626e-15, 0.9999999999999999]",[],"{""diameter"": 11.1125, ""material_thickness"": 18.256249999999998, ""cutter_depth"": 20.256249999999998}","{""diameter"": 0.43750000000000006, ""material_thickness"": 0.71875, ""cutter_depth"": 0.7974901574803149}","Physical face entry differs from cutter origin by 1 mm overshoot; through drilling, not a blind depth; development geometry, machining tolerance and resistance unqualified",,,,,,,,,,
main_upper_left,tnut_E8,through_hole,"[1000.0, 299.99999999999955, -1.0000000000000284]","[39.37007874015748, 11.811023622047227, -0.039370078740158604]","[1000.0, 299.9999999999996, 0.0]","[39.37007874015748, 11.811023622047228, 0.0]",physical_panel_face,"[0.0, -4.440892098500626e-15, 0.9999999999999999]",[],"{""diameter"": 11.1125, ""material_thickness"": 18.256249999999998, ""cutter_depth"": 20.256249999999998}","{""diameter"": 0.43750000000000006, ""material_thickness"": 0.71875, ""cutter_depth"": 0.7974901574803149}","Physical face entry differs from cutter origin by 1 mm overshoot; through drilling, not a blind depth; development geometry, machining tolerance and resistance unqualified",,,,,,,,,,
main_upper_left,tnut_E9,through_hole,"[1000.0, 499.99999999999955, -0.9999999999998579]","[39.37007874015748, 19.685039370078723, -0.03937007874015189]","[1000.0, 499.99999999999955, 1.9895196601282805e-13]","[39.37007874015748, 19.685039370078723, 7.832754567434176e-15]",physical_panel_face,"[0.0, -4.440892098500626e-15, 0.9999999999999999]",[],"{""diameter"": 11.1125, ""material_thickness"": 18.256249999999998, ""cutter_depth"": 20.256249999999998}","{""diameter"": 0.43750000000000006, ""material_thickness"": 0.71875, ""cutter_depth"": 0.7974901574803149}","Physical face entry differs from cutter origin by 1 mm overshoot; through drilling, not a blind depth; development geometry, machining tolerance and resistance unqualified",,,,,,,,,,
main_upper_left,tnut_E10,through_hole,"[1000.0, 699.9999999999998, -1.0]","[39.37007874015748, 27.55905511811023, -0.03937007874015748]","[1000.0, 699.9999999999998, 5.684341886080802e-14]","[39.37007874015748, 27.55905511811023, 2.2379298764097643e-15]",physical_panel_face,"[0.0, -4.440892098500626e-15, 0.9999999999999999]",[],"{""diameter"": 11.1125, ""material_thickness"": 18.256249999999998, ""cutter_depth"": 20.256249999999998}","{""diameter"": 0.43750000000000006, ""material_thickness"": 0.71875, ""cutter_depth"": 0.7974901574803149}","Physical face entry differs from cutter origin by 1 mm overshoot; through drilling, not a blind depth; development geometry, machining tolerance and resistance unqualified",,,,,,,,,,
main_upper_left,tnut_E11,through_hole,"[1000.0, 899.9999999999993, -1.0000000000001137]","[39.37007874015748, 35.433070866141705, -0.039370078740161955]","[1000.0, 899.9999999999993, -5.684341886080802e-14]","[39.37007874015748, 35.433070866141705, -2.2379298764097643e-15]",physical_panel_face,"[0.0, -4.440892098500626e-15, 0.9999999999999999]",[],"{""diameter"": 11.1125, ""material_thickness"": 18.256249999999998, ""cutter_depth"": 20.256249999999998}","{""diameter"": 0.43750000000000006, ""material_thickness"": 0.71875, ""cutter_depth"": 0.7974901574803149}","Physical face entry differs from cutter origin by 1 mm overshoot; through drilling, not a blind depth; development geometry, machining tolerance and resistance unqualified",,,,,,,,,,
main_upper_left,tnut_E12,through_hole,"[1000.0, 1099.9999999999993, -0.9999999999998863]","[39.37007874015748, 43.3070866141732, -0.039370078740153004]","[1000.0, 1099.9999999999993, 1.1368683772161603e-13]","[39.37007874015748, 43.3070866141732, 4.475859752819529e-15]",physical_panel_face,"[0.0, -4.440892098500626e-15, 0.9999999999999999]",[],"{""diameter"": 11.1125, ""material_thickness"": 18.256249999999998, ""cutter_depth"": 20.256249999999998}","{""diameter"": 0.43750000000000006, ""material_thickness"": 0.71875, ""cutter_depth"": 0.7974901574803149}","Physical face entry differs from cutter origin by 1 mm overshoot; through drilling, not a blind depth; development geometry, machining tolerance and resistance unqualified",,,,,,,,,,
main_lower_left,tnut_F1,through_hole,"[1200.0, 99.19999999999996, -1.0000000000001137]","[47.24409448818898, 3.905511811023621, -0.039370078740161955]","[1200.0, 99.19999999999995, -1.1368683772161603e-13]","[47.24409448818898, 3.90551181102362, -4.475859752819529e-15]",physical_panel_face,"[0.0, -4.440892098500626e-15, 0.9999999999999999]",[],"{""diameter"": 11.1125, ""material_thickness"": 18.256249999999998, ""cutter_depth"": 20.256249999999998}","{""diameter"": 0.43750000000000006, ""material_thickness"": 0.71875, ""cutter_depth"": 0.7974901574803149}","Physical face entry differs from cutter origin by 1 mm overshoot; through drilling, not a blind depth; development geometry, machining tolerance and resistance unqualified",,,,,,,,,,
main_lower_left,tnut_F2,through_hole,"[1200.0, 299.1999999999999, -1.0000000000001137]","[47.24409448818898, 11.779527559055113, -0.039370078740161955]","[1200.0, 299.1999999999999, -8.526512829121202e-14]","[47.24409448818898, 11.779527559055113, -3.356894814614647e-15]",physical_panel_face,"[0.0, -4.440892098500626e-15, 0.9999999999999999]",[],"{""diameter"": 11.1125, ""material_thickness"": 18.256249999999998, ""cutter_depth"": 20.256249999999998}","{""diameter"": 0.43750000000000006, ""material_thickness"": 0.71875, ""cutter_depth"": 0.7974901574803149}","Physical face entry differs from cutter origin by 1 mm overshoot; through drilling, not a blind depth; development geometry, machining tolerance and resistance unqualified",,,,,,,,,,
main_lower_left,tnut_F3,through_hole,"[1200.0, 499.1999999999999, -1.0000000000000853]","[47.24409448818898, 19.65354330708661, -0.03937007874016084]","[1200.0, 499.19999999999993, -8.526512829121202e-14]","[47.24409448818898, 19.65354330708661, -3.356894814614647e-15]",physical_panel_face,"[0.0, -4.440892098500626e-15, 0.9999999999999999]",[],"{""diameter"": 11.1125, ""material_thickness"": 18.256249999999998, ""cutter_depth"": 20.256249999999998}","{""diameter"": 0.43750000000000006, ""material_thickness"": 0.71875, ""cutter_depth"": 0.7974901574803149}","Physical face entry differs from cutter origin by 1 mm overshoot; through drilling, not a blind depth; development geometry, machining tolerance and resistance unqualified",,,,,,,,,,
main_lower_left,tnut_F4,through_hole,"[1200.0, 699.1999999999998, -1.0000000000001705]","[47.24409448818898, 27.527559055118104, -0.0393700787401642]","[1200.0, 699.1999999999998, -1.7053025658242404e-13]","[47.24409448818898, 27.527559055118104, -6.713789629229294e-15]",physical_panel_face,"[0.0, -4.440892098500626e-15, 0.9999999999999999]",[],"{""diameter"": 11.1125, ""material_thickness"": 18.256249999999998, ""cutter_depth"": 20.256249999999998}","{""diameter"": 0.43750000000000006, ""material_thickness"": 0.71875, ""cutter_depth"": 0.7974901574803149}","Physical face entry differs from cutter origin by 1 mm overshoot; through drilling, not a blind depth; development geometry, machining tolerance and resistance unqualified",,,,,,,,,,
main_lower_left,tnut_F5,through_hole,"[1200.0, 899.1999999999998, -1.0000000000001137]","[47.24409448818898, 35.4015748031496, -0.039370078740161955]","[1200.0, 899.1999999999998, -5.684341886080802e-14]","[47.24409448818898, 35.4015748031496, -2.2379298764097643e-15]",physical_panel_face,"[0.0, -4.440892098500626e-15, 0.9999999999999999]",[],"{""diameter"": 11.1125, ""material_thickness"": 18.256249999999998, ""cutter_depth"": 20.256249999999998}","{""diameter"": 0.43750000000000006, ""material_thickness"": 0.71875, ""cutter_depth"": 0.7974901574803149}","Physical face entry differs from cutter origin by 1 mm overshoot; through drilling, not a blind depth; development geometry, machining tolerance and resistance unqualified",,,,,,,,,,
main_lower_left,tnut_F6,through_hole,"[1200.0, 1099.1999999999998, -1.0000000000001137]","[47.24409448818898, 43.2755905511811, -0.039370078740161955]","[1200.0, 1099.1999999999998, -1.1368683772161603e-13]","[47.24409448818898, 43.2755905511811, -4.475859752819529e-15]",physical_panel_face,"[0.0, -4.440892098500626e-15, 0.9999999999999999]",[],"{""diameter"": 11.1125, ""material_thickness"": 18.256249999999998, ""cutter_depth"": 20.256249999999998}","{""diameter"": 0.43750000000000006, ""material_thickness"": 0.71875, ""cutter_depth"": 0.7974901574803149}","Physical face entry differs from cutter origin by 1 mm overshoot; through drilling, not a blind depth; development geometry, machining tolerance and resistance unqualified",,,,,,,,,,
main_upper_left,tnut_F7,through_hole,"[1200.0, 99.99999999999969, -0.9999999999999929]","[47.24409448818898, 3.937007874015736, -0.0393700787401572]","[1200.0, 99.99999999999973, 3.552713678800501e-14]","[47.24409448818898, 3.9370078740157375, 1.3987061727561028e-15]",physical_panel_face,"[0.0, -4.440892098500626e-15, 0.9999999999999999]",[],"{""diameter"": 11.1125, ""material_thickness"": 18.256249999999998, ""cutter_depth"": 20.256249999999998}","{""diameter"": 0.43750000000000006, ""material_thickness"": 0.71875, ""cutter_depth"": 0.7974901574803149}","Physical face entry differs from cutter origin by 1 mm overshoot; through drilling, not a blind depth; development geometry, machining tolerance and resistance unqualified",,,,,,,,,,
main_upper_left,tnut_F8,through_hole,"[1200.0, 299.99999999999955, -1.0000000000000284]","[47.24409448818898, 11.811023622047227, -0.039370078740158604]","[1200.0, 299.9999999999996, 0.0]","[47.24409448818898, 11.811023622047228, 0.0]",physical_panel_face,"[0.0, -4.440892098500626e-15, 0.9999999999999999]",[],"{""diameter"": 11.1125, ""material_thickness"": 18.256249999999998, ""cutter_depth"": 20.256249999999998}","{""diameter"": 0.43750000000000006, ""material_thickness"": 0.71875, ""cutter_depth"": 0.7974901574803149}","Physical face entry differs from cutter origin by 1 mm overshoot; through drilling, not a blind depth; development geometry, machining tolerance and resistance unqualified",,,,,,,,,,
main_upper_left,tnut_F9,through_hole,"[1200.0, 499.99999999999955, -0.9999999999998579]","[47.24409448818898, 19.685039370078723, -0.03937007874015189]","[1200.0, 499.99999999999955, 1.9895196601282805e-13]","[47.24409448818898, 19.685039370078723, 7.832754567434176e-15]",physical_panel_face,"[0.0, -4.440892098500626e-15, 0.9999999999999999]",[],"{""diameter"": 11.1125, ""material_thickness"": 18.256249999999998, ""cutter_depth"": 20.256249999999998}","{""diameter"": 0.43750000000000006, ""material_thickness"": 0.71875, ""cutter_depth"": 0.7974901574803149}","Physical face entry differs from cutter origin by 1 mm overshoot; through drilling, not a blind depth; development geometry, machining tolerance and resistance unqualified",,,,,,,,,,
main_upper_left,tnut_F10,through_hole,"[1200.0, 699.9999999999998, -1.0]","[47.24409448818898, 27.55905511811023, -0.03937007874015748]","[1200.0, 699.9999999999998, 5.684341886080802e-14]","[47.24409448818898, 27.55905511811023, 2.2379298764097643e-15]",physical_panel_face,"[0.0, -4.440892098500626e-15, 0.9999999999999999]",[],"{""diameter"": 11.1125, ""material_thickness"": 18.256249999999998, ""cutter_depth"": 20.256249999999998}","{""diameter"": 0.43750000000000006, ""material_thickness"": 0.71875, ""cutter_depth"": 0.7974901574803149}","Physical face entry differs from cutter origin by 1 mm overshoot; through drilling, not a blind depth; development geometry, machining tolerance and resistance unqualified",,,,,,,,,,
main_upper_left,tnut_F11,through_hole,"[1200.0, 899.9999999999993, -1.0000000000001137]","[47.24409448818898, 35.433070866141705, -0.039370078740161955]","[1200.0, 899.9999999999993, -5.684341886080802e-14]","[47.24409448818898, 35.433070866141705, -2.2379298764097643e-15]",physical_panel_face,"[0.0, -4.440892098500626e-15, 0.9999999999999999]",[],"{""diameter"": 11.1125, ""material_thickness"": 18.256249999999998, ""cutter_depth"": 20.256249999999998}","{""diameter"": 0.43750000000000006, ""material_thickness"": 0.71875, ""cutter_depth"": 0.7974901574803149}","Physical face entry differs from cutter origin by 1 mm overshoot; through drilling, not a blind depth; development geometry, machining tolerance and resistance unqualified",,,,,,,,,,
main_upper_left,tnut_F12,through_hole,"[1200.0, 1099.9999999999993, -0.9999999999998863]","[47.24409448818898, 43.3070866141732, -0.039370078740153004]","[1200.0, 1099.9999999999993, 1.1368683772161603e-13]","[47.24409448818898, 43.3070866141732, 4.475859752819529e-15]",physical_panel_face,"[0.0, -4.440892098500626e-15, 0.9999999999999999]",[],"{""diameter"": 11.1125, ""material_thickness"": 18.256249999999998, ""cutter_depth"": 20.256249999999998}","{""diameter"": 0.43750000000000006, ""material_thickness"": 0.71875, ""cutter_depth"": 0.7974901574803149}","Physical face entry differs from cutter origin by 1 mm overshoot; through drilling, not a blind depth; development geometry, machining tolerance and resistance unqualified",,,,,,,,,,
main_lower_right,tnut_G1,through_hole,"[180.79999999999995, 99.19999999999996, -1.0000000000001137]","[7.118110236220471, 3.905511811023621, -0.039370078740161955]","[180.79999999999995, 99.19999999999995, -1.1368683772161603e-13]","[7.118110236220471, 3.90551181102362, -4.475859752819529e-15]",physical_panel_face,"[0.0, -4.440892098500626e-15, 0.9999999999999999]",[],"{""diameter"": 11.1125, ""material_thickness"": 18.256249999999998, ""cutter_depth"": 20.256249999999998}","{""diameter"": 0.43750000000000006, ""material_thickness"": 0.71875, ""cutter_depth"": 0.7974901574803149}","Physical face entry differs from cutter origin by 1 mm overshoot; through drilling, not a blind depth; development geometry, machining tolerance and resistance unqualified",,,,,,,,,,
main_lower_right,tnut_G2,through_hole,"[180.79999999999995, 299.1999999999999, -1.0000000000001137]","[7.118110236220471, 11.779527559055113, -0.039370078740161955]","[180.79999999999995, 299.1999999999999, -8.526512829121202e-14]","[7.118110236220471, 11.779527559055113, -3.356894814614647e-15]",physical_panel_face,"[0.0, -4.440892098500626e-15, 0.9999999999999999]",[],"{""diameter"": 11.1125, ""material_thickness"": 18.256249999999998, ""cutter_depth"": 20.256249999999998}","{""diameter"": 0.43750000000000006, ""material_thickness"": 0.71875, ""cutter_depth"": 0.7974901574803149}","Physical face entry differs from cutter origin by 1 mm overshoot; through drilling, not a blind depth; development geometry, machining tolerance and resistance unqualified",,,,,,,,,,
main_lower_right,tnut_G3,through_hole,"[180.79999999999995, 499.1999999999999, -1.0000000000000853]","[7.118110236220471, 19.65354330708661, -0.03937007874016084]","[180.79999999999995, 499.19999999999993, -8.526512829121202e-14]","[7.118110236220471, 19.65354330708661, -3.356894814614647e-15]",physical_panel_face,"[0.0, -4.440892098500626e-15, 0.9999999999999999]",[],"{""diameter"": 11.1125, ""material_thickness"": 18.256249999999998, ""cutter_depth"": 20.256249999999998}","{""diameter"": 0.43750000000000006, ""material_thickness"": 0.71875, ""cutter_depth"": 0.7974901574803149}","Physical face entry differs from cutter origin by 1 mm overshoot; through drilling, not a blind depth; development geometry, machining tolerance and resistance unqualified",,,,,,,,,,
main_lower_right,tnut_G4,through_hole,"[180.79999999999995, 699.1999999999998, -1.0000000000001705]","[7.118110236220471, 27.527559055118104, -0.0393700787401642]","[180.79999999999995, 699.1999999999998, -1.7053025658242404e-13]","[7.118110236220471, 27.527559055118104, -6.713789629229294e-15]",physical_panel_face,"[0.0, -4.440892098500626e-15, 0.9999999999999999]",[],"{""diameter"": 11.1125, ""material_thickness"": 18.256249999999998, ""cutter_depth"": 20.256249999999998}","{""diameter"": 0.43750000000000006, ""material_thickness"": 0.71875, ""cutter_depth"": 0.7974901574803149}","Physical face entry differs from cutter origin by 1 mm overshoot; through drilling, not a blind depth; development geometry, machining tolerance and resistance unqualified",,,,,,,,,,
main_lower_right,tnut_G5,through_hole,"[180.79999999999995, 899.1999999999998, -1.0000000000001137]","[7.118110236220471, 35.4015748031496, -0.039370078740161955]","[180.79999999999995, 899.1999999999998, -5.684341886080802e-14]","[7.118110236220471, 35.4015748031496, -2.2379298764097643e-15]",physical_panel_face,"[0.0, -4.440892098500626e-15, 0.9999999999999999]",[],"{""diameter"": 11.1125, ""material_thickness"": 18.256249999999998, ""cutter_depth"": 20.256249999999998}","{""diameter"": 0.43750000000000006, ""material_thickness"": 0.71875, ""cutter_depth"": 0.7974901574803149}","Physical face entry differs from cutter origin by 1 mm overshoot; through drilling, not a blind depth; development geometry, machining tolerance and resistance unqualified",,,,,,,,,,
main_lower_right,tnut_G6,through_hole,"[180.79999999999995, 1099.1999999999998, -1.0000000000001137]","[7.118110236220471, 43.2755905511811, -0.039370078740161955]","[180.79999999999995, 1099.1999999999998, -1.1368683772161603e-13]","[7.118110236220471, 43.2755905511811, -4.475859752819529e-15]",physical_panel_face,"[0.0, -4.440892098500626e-15, 0.9999999999999999]",[],"{""diameter"": 11.1125, ""material_thickness"": 18.256249999999998, ""cutter_depth"": 20.256249999999998}","{""diameter"": 0.43750000000000006, ""material_thickness"": 0.71875, ""cutter_depth"": 0.7974901574803149}","Physical face entry differs from cutter origin by 1 mm overshoot; through drilling, not a blind depth; development geometry, machining tolerance and resistance unqualified",,,,,,,,,,
main_upper_right,tnut_G7,through_hole,"[180.79999999999995, 99.99999999999969, -0.9999999999999929]","[7.118110236220471, 3.937007874015736, -0.0393700787401572]","[180.79999999999995, 99.99999999999973, 3.552713678800501e-14]","[7.118110236220471, 3.9370078740157375, 1.3987061727561028e-15]",physical_panel_face,"[0.0, -4.440892098500626e-15, 0.9999999999999999]",[],"{""diameter"": 11.1125, ""material_thickness"": 18.256249999999998, ""cutter_depth"": 20.256249999999998}","{""diameter"": 0.43750000000000006, ""material_thickness"": 0.71875, ""cutter_depth"": 0.7974901574803149}","Physical face entry differs from cutter origin by 1 mm overshoot; through drilling, not a blind depth; development geometry, machining tolerance and resistance unqualified",,,,,,,,,,
main_upper_right,tnut_G8,through_hole,"[180.79999999999995, 299.99999999999955, -1.0000000000000284]","[7.118110236220471, 11.811023622047227, -0.039370078740158604]","[180.79999999999995, 299.9999999999996, 0.0]","[7.118110236220471, 11.811023622047228, 0.0]",physical_panel_face,"[0.0, -4.440892098500626e-15, 0.9999999999999999]",[],"{""diameter"": 11.1125, ""material_thickness"": 18.256249999999998, ""cutter_depth"": 20.256249999999998}","{""diameter"": 0.43750000000000006, ""material_thickness"": 0.71875, ""cutter_depth"": 0.7974901574803149}","Physical face entry differs from cutter origin by 1 mm overshoot; through drilling, not a blind depth; development geometry, machining tolerance and resistance unqualified",,,,,,,,,,
main_upper_right,tnut_G9,through_hole,"[180.79999999999995, 499.99999999999955, -0.9999999999998579]","[7.118110236220471, 19.685039370078723, -0.03937007874015189]","[180.79999999999995, 499.99999999999955, 1.9895196601282805e-13]","[7.118110236220471, 19.685039370078723, 7.832754567434176e-15]",physical_panel_face,"[0.0, -4.440892098500626e-15, 0.9999999999999999]",[],"{""diameter"": 11.1125, ""material_thickness"": 18.256249999999998, ""cutter_depth"": 20.256249999999998}","{""diameter"": 0.43750000000000006, ""material_thickness"": 0.71875, ""cutter_depth"": 0.7974901574803149}","Physical face entry differs from cutter origin by 1 mm overshoot; through drilling, not a blind depth; development geometry, machining tolerance and resistance unqualified",,,,,,,,,,
main_upper_right,tnut_G10,through_hole,"[180.79999999999995, 699.9999999999998, -1.0]","[7.118110236220471, 27.55905511811023, -0.03937007874015748]","[180.79999999999995, 699.9999999999998, 5.684341886080802e-14]","[7.118110236220471, 27.55905511811023, 2.2379298764097643e-15]",physical_panel_face,"[0.0, -4.440892098500626e-15, 0.9999999999999999]",[],"{""diameter"": 11.1125, ""material_thickness"": 18.256249999999998, ""cutter_depth"": 20.256249999999998}","{""diameter"": 0.43750000000000006, ""material_thickness"": 0.71875, ""cutter_depth"": 0.7974901574803149}","Physical face entry differs from cutter origin by 1 mm overshoot; through drilling, not a blind depth; development geometry, machining tolerance and resistance unqualified",,,,,,,,,,
main_upper_right,tnut_G11,through_hole,"[180.79999999999995, 899.9999999999993, -1.0000000000001137]","[7.118110236220471, 35.433070866141705, -0.039370078740161955]","[180.79999999999995, 899.9999999999993, -5.684341886080802e-14]","[7.118110236220471, 35.433070866141705, -2.2379298764097643e-15]",physical_panel_face,"[0.0, -4.440892098500626e-15, 0.9999999999999999]",[],"{""diameter"": 11.1125, ""material_thickness"": 18.256249999999998, ""cutter_depth"": 20.256249999999998}","{""diameter"": 0.43750000000000006, ""material_thickness"": 0.71875, ""cutter_depth"": 0.7974901574803149}","Physical face entry differs from cutter origin by 1 mm overshoot; through drilling, not a blind depth; development geometry, machining tolerance and resistance unqualified",,,,,,,,,,
main_upper_right,tnut_G12,through_hole,"[180.79999999999995, 1099.9999999999993, -0.9999999999998863]","[7.118110236220471, 43.3070866141732, -0.039370078740153004]","[180.79999999999995, 1099.9999999999993, 1.1368683772161603e-13]","[7.118110236220471, 43.3070866141732, 4.475859752819529e-15]",physical_panel_face,"[0.0, -4.440892098500626e-15, 0.9999999999999999]",[],"{""diameter"": 11.1125, ""material_thickness"": 18.256249999999998, ""cutter_depth"": 20.256249999999998}","{""diameter"": 0.43750000000000006, ""material_thickness"": 0.71875, ""cutter_depth"": 0.7974901574803149}","Physical face entry differs from cutter origin by 1 mm overshoot; through drilling, not a blind depth; development geometry, machining tolerance and resistance unqualified",,,,,,,,,,
main_lower_right,tnut_H1,through_hole,"[380.79999999999995, 99.19999999999996, -1.0000000000001137]","[14.992125984251967, 3.905511811023621, -0.039370078740161955]","[380.79999999999995, 99.19999999999995, -1.1368683772161603e-13]","[14.992125984251967, 3.90551181102362, -4.475859752819529e-15]",physical_panel_face,"[0.0, -4.440892098500626e-15, 0.9999999999999999]",[],"{""diameter"": 11.1125, ""material_thickness"": 18.256249999999998, ""cutter_depth"": 20.256249999999998}","{""diameter"": 0.43750000000000006, ""material_thickness"": 0.71875, ""cutter_depth"": 0.7974901574803149}","Physical face entry differs from cutter origin by 1 mm overshoot; through drilling, not a blind depth; development geometry, machining tolerance and resistance unqualified",,,,,,,,,,
main_lower_right,tnut_H2,through_hole,"[380.79999999999995, 299.1999999999999, -1.0000000000001137]","[14.992125984251967, 11.779527559055113, -0.039370078740161955]","[380.79999999999995, 299.1999999999999, -8.526512829121202e-14]","[14.992125984251967, 11.779527559055113, -3.356894814614647e-15]",physical_panel_face,"[0.0, -4.440892098500626e-15, 0.9999999999999999]",[],"{""diameter"": 11.1125, ""material_thickness"": 18.256249999999998, ""cutter_depth"": 20.256249999999998}","{""diameter"": 0.43750000000000006, ""material_thickness"": 0.71875, ""cutter_depth"": 0.7974901574803149}","Physical face entry differs from cutter origin by 1 mm overshoot; through drilling, not a blind depth; development geometry, machining tolerance and resistance unqualified",,,,,,,,,,
main_lower_right,tnut_H3,through_hole,"[380.79999999999995, 499.1999999999999, -1.0000000000000853]","[14.992125984251967, 19.65354330708661, -0.03937007874016084]","[380.79999999999995, 499.19999999999993, -8.526512829121202e-14]","[14.992125984251967, 19.65354330708661, -3.356894814614647e-15]",physical_panel_face,"[0.0, -4.440892098500626e-15, 0.9999999999999999]",[],"{""diameter"": 11.1125, ""material_thickness"": 18.256249999999998, ""cutter_depth"": 20.256249999999998}","{""diameter"": 0.43750000000000006, ""material_thickness"": 0.71875, ""cutter_depth"": 0.7974901574803149}","Physical face entry differs from cutter origin by 1 mm overshoot; through drilling, not a blind depth; development geometry, machining tolerance and resistance unqualified",,,,,,,,,,
main_lower_right,tnut_H4,through_hole,"[380.79999999999995, 699.1999999999998, -1.0000000000001705]","[14.992125984251967, 27.527559055118104, -0.0393700787401642]","[380.79999999999995, 699.1999999999998, -1.7053025658242404e-13]","[14.992125984251967, 27.527559055118104, -6.713789629229294e-15]",physical_panel_face,"[0.0, -4.440892098500626e-15, 0.9999999999999999]",[],"{""diameter"": 11.1125, ""material_thickness"": 18.256249999999998, ""cutter_depth"": 20.256249999999998}","{""diameter"": 0.43750000000000006, ""material_thickness"": 0.71875, ""cutter_depth"": 0.7974901574803149}","Physical face entry differs from cutter origin by 1 mm overshoot; through drilling, not a blind depth; development geometry, machining tolerance and resistance unqualified",,,,,,,,,,
main_lower_right,tnut_H5,through_hole,"[380.79999999999995, 899.1999999999998, -1.0000000000001137]","[14.992125984251967, 35.4015748031496, -0.039370078740161955]","[380.79999999999995, 899.1999999999998, -5.684341886080802e-14]","[14.992125984251967, 35.4015748031496, -2.2379298764097643e-15]",physical_panel_face,"[0.0, -4.440892098500626e-15, 0.9999999999999999]",[],"{""diameter"": 11.1125, ""material_thickness"": 18.256249999999998, ""cutter_depth"": 20.256249999999998}","{""diameter"": 0.43750000000000006, ""material_thickness"": 0.71875, ""cutter_depth"": 0.7974901574803149}","Physical face entry differs from cutter origin by 1 mm overshoot; through drilling, not a blind depth; development geometry, machining tolerance and resistance unqualified",,,,,,,,,,
main_lower_right,tnut_H6,through_hole,"[380.79999999999995, 1099.1999999999998, -1.0000000000001137]","[14.992125984251967, 43.2755905511811, -0.039370078740161955]","[380.79999999999995, 1099.1999999999998, -1.1368683772161603e-13]","[14.992125984251967, 43.2755905511811, -4.475859752819529e-15]",physical_panel_face,"[0.0, -4.440892098500626e-15, 0.9999999999999999]",[],"{""diameter"": 11.1125, ""material_thickness"": 18.256249999999998, ""cutter_depth"": 20.256249999999998}","{""diameter"": 0.43750000000000006, ""material_thickness"": 0.71875, ""cutter_depth"": 0.7974901574803149}","Physical face entry differs from cutter origin by 1 mm overshoot; through drilling, not a blind depth; development geometry, machining tolerance and resistance unqualified",,,,,,,,,,
main_upper_right,tnut_H7,through_hole,"[380.79999999999995, 99.99999999999969, -0.9999999999999929]","[14.992125984251967, 3.937007874015736, -0.0393700787401572]","[380.79999999999995, 99.99999999999973, 3.552713678800501e-14]","[14.992125984251967, 3.9370078740157375, 1.3987061727561028e-15]",physical_panel_face,"[0.0, -4.440892098500626e-15, 0.9999999999999999]",[],"{""diameter"": 11.1125, ""material_thickness"": 18.256249999999998, ""cutter_depth"": 20.256249999999998}","{""diameter"": 0.43750000000000006, ""material_thickness"": 0.71875, ""cutter_depth"": 0.7974901574803149}","Physical face entry differs from cutter origin by 1 mm overshoot; through drilling, not a blind depth; development geometry, machining tolerance and resistance unqualified",,,,,,,,,,
main_upper_right,tnut_H8,through_hole,"[380.79999999999995, 299.99999999999955, -1.0000000000000284]","[14.992125984251967, 11.811023622047227, -0.039370078740158604]","[380.79999999999995, 299.9999999999996, 0.0]","[14.992125984251967, 11.811023622047228, 0.0]",physical_panel_face,"[0.0, -4.440892098500626e-15, 0.9999999999999999]",[],"{""diameter"": 11.1125, ""material_thickness"": 18.256249999999998, ""cutter_depth"": 20.256249999999998}","{""diameter"": 0.43750000000000006, ""material_thickness"": 0.71875, ""cutter_depth"": 0.7974901574803149}","Physical face entry differs from cutter origin by 1 mm overshoot; through drilling, not a blind depth; development geometry, machining tolerance and resistance unqualified",,,,,,,,,,
main_upper_right,tnut_H9,through_hole,"[380.79999999999995, 499.99999999999955, -0.9999999999998579]","[14.992125984251967, 19.685039370078723, -0.03937007874015189]","[380.79999999999995, 499.99999999999955, 1.9895196601282805e-13]","[14.992125984251967, 19.685039370078723, 7.832754567434176e-15]",physical_panel_face,"[0.0, -4.440892098500626e-15, 0.9999999999999999]",[],"{""diameter"": 11.1125, ""material_thickness"": 18.256249999999998, ""cutter_depth"": 20.256249999999998}","{""diameter"": 0.43750000000000006, ""material_thickness"": 0.71875, ""cutter_depth"": 0.7974901574803149}","Physical face entry differs from cutter origin by 1 mm overshoot; through drilling, not a blind depth; development geometry, machining tolerance and resistance unqualified",,,,,,,,,,
main_upper_right,tnut_H10,through_hole,"[380.79999999999995, 699.9999999999998, -1.0]","[14.992125984251967, 27.55905511811023, -0.03937007874015748]","[380.79999999999995, 699.9999999999998, 5.684341886080802e-14]","[14.992125984251967, 27.55905511811023, 2.2379298764097643e-15]",physical_panel_face,"[0.0, -4.440892098500626e-15, 0.9999999999999999]",[],"{""diameter"": 11.1125, ""material_thickness"": 18.256249999999998, ""cutter_depth"": 20.256249999999998}","{""diameter"": 0.43750000000000006, ""material_thickness"": 0.71875, ""cutter_depth"": 0.7974901574803149}","Physical face entry differs from cutter origin by 1 mm overshoot; through drilling, not a blind depth; development geometry, machining tolerance and resistance unqualified",,,,,,,,,,
main_upper_right,tnut_H11,through_hole,"[380.79999999999995, 899.9999999999993, -1.0000000000001137]","[14.992125984251967, 35.433070866141705, -0.039370078740161955]","[380.79999999999995, 899.9999999999993, -5.684341886080802e-14]","[14.992125984251967, 35.433070866141705, -2.2379298764097643e-15]",physical_panel_face,"[0.0, -4.440892098500626e-15, 0.9999999999999999]",[],"{""diameter"": 11.1125, ""material_thickness"": 18.256249999999998, ""cutter_depth"": 20.256249999999998}","{""diameter"": 0.43750000000000006, ""material_thickness"": 0.71875, ""cutter_depth"": 0.7974901574803149}","Physical face entry differs from cutter origin by 1 mm overshoot; through drilling, not a blind depth; development geometry, machining tolerance and resistance unqualified",,,,,,,,,,
main_upper_right,tnut_H12,through_hole,"[380.79999999999995, 1099.9999999999993, -0.9999999999998863]","[14.992125984251967, 43.3070866141732, -0.039370078740153004]","[380.79999999999995, 1099.9999999999993, 1.1368683772161603e-13]","[14.992125984251967, 43.3070866141732, 4.475859752819529e-15]",physical_panel_face,"[0.0, -4.440892098500626e-15, 0.9999999999999999]",[],"{""diameter"": 11.1125, ""material_thickness"": 18.256249999999998, ""cutter_depth"": 20.256249999999998}","{""diameter"": 0.43750000000000006, ""material_thickness"": 0.71875, ""cutter_depth"": 0.7974901574803149}","Physical face entry differs from cutter origin by 1 mm overshoot; through drilling, not a blind depth; development geometry, machining tolerance and resistance unqualified",,,,,,,,,,
main_lower_right,tnut_I1,through_hole,"[580.8, 99.19999999999996, -1.0000000000001137]","[22.866141732283463, 3.905511811023621, -0.039370078740161955]","[580.8, 99.19999999999995, -1.1368683772161603e-13]","[22.866141732283463, 3.90551181102362, -4.475859752819529e-15]",physical_panel_face,"[0.0, -4.440892098500626e-15, 0.9999999999999999]",[],"{""diameter"": 11.1125, ""material_thickness"": 18.256249999999998, ""cutter_depth"": 20.256249999999998}","{""diameter"": 0.43750000000000006, ""material_thickness"": 0.71875, ""cutter_depth"": 0.7974901574803149}","Physical face entry differs from cutter origin by 1 mm overshoot; through drilling, not a blind depth; development geometry, machining tolerance and resistance unqualified",,,,,,,,,,
main_lower_right,tnut_I2,through_hole,"[580.8, 299.1999999999999, -1.0000000000001137]","[22.866141732283463, 11.779527559055113, -0.039370078740161955]","[580.8, 299.1999999999999, -8.526512829121202e-14]","[22.866141732283463, 11.779527559055113, -3.356894814614647e-15]",physical_panel_face,"[0.0, -4.440892098500626e-15, 0.9999999999999999]",[],"{""diameter"": 11.1125, ""material_thickness"": 18.256249999999998, ""cutter_depth"": 20.256249999999998}","{""diameter"": 0.43750000000000006, ""material_thickness"": 0.71875, ""cutter_depth"": 0.7974901574803149}","Physical face entry differs from cutter origin by 1 mm overshoot; through drilling, not a blind depth; development geometry, machining tolerance and resistance unqualified",,,,,,,,,,
main_lower_right,tnut_I3,through_hole,"[580.8, 499.1999999999999, -1.0000000000000853]","[22.866141732283463, 19.65354330708661, -0.03937007874016084]","[580.8, 499.19999999999993, -8.526512829121202e-14]","[22.866141732283463, 19.65354330708661, -3.356894814614647e-15]",physical_panel_face,"[0.0, -4.440892098500626e-15, 0.9999999999999999]",[],"{""diameter"": 11.1125, ""material_thickness"": 18.256249999999998, ""cutter_depth"": 20.256249999999998}","{""diameter"": 0.43750000000000006, ""material_thickness"": 0.71875, ""cutter_depth"": 0.7974901574803149}","Physical face entry differs from cutter origin by 1 mm overshoot; through drilling, not a blind depth; development geometry, machining tolerance and resistance unqualified",,,,,,,,,,
main_lower_right,tnut_I4,through_hole,"[580.8, 699.1999999999998, -1.0000000000001705]","[22.866141732283463, 27.527559055118104, -0.0393700787401642]","[580.8, 699.1999999999998, -1.7053025658242404e-13]","[22.866141732283463, 27.527559055118104, -6.713789629229294e-15]",physical_panel_face,"[0.0, -4.440892098500626e-15, 0.9999999999999999]",[],"{""diameter"": 11.1125, ""material_thickness"": 18.256249999999998, ""cutter_depth"": 20.256249999999998}","{""diameter"": 0.43750000000000006, ""material_thickness"": 0.71875, ""cutter_depth"": 0.7974901574803149}","Physical face entry differs from cutter origin by 1 mm overshoot; through drilling, not a blind depth; development geometry, machining tolerance and resistance unqualified",,,,,,,,,,
main_lower_right,tnut_I5,through_hole,"[580.8, 899.1999999999998, -1.0000000000001137]","[22.866141732283463, 35.4015748031496, -0.039370078740161955]","[580.8, 899.1999999999998, -5.684341886080802e-14]","[22.866141732283463, 35.4015748031496, -2.2379298764097643e-15]",physical_panel_face,"[0.0, -4.440892098500626e-15, 0.9999999999999999]",[],"{""diameter"": 11.1125, ""material_thickness"": 18.256249999999998, ""cutter_depth"": 20.256249999999998}","{""diameter"": 0.43750000000000006, ""material_thickness"": 0.71875, ""cutter_depth"": 0.7974901574803149}","Physical face entry differs from cutter origin by 1 mm overshoot; through drilling, not a blind depth; development geometry, machining tolerance and resistance unqualified",,,,,,,,,,
main_lower_right,tnut_I6,through_hole,"[580.8, 1099.1999999999998, -1.0000000000001137]","[22.866141732283463, 43.2755905511811, -0.039370078740161955]","[580.8, 1099.1999999999998, -1.1368683772161603e-13]","[22.866141732283463, 43.2755905511811, -4.475859752819529e-15]",physical_panel_face,"[0.0, -4.440892098500626e-15, 0.9999999999999999]",[],"{""diameter"": 11.1125, ""material_thickness"": 18.256249999999998, ""cutter_depth"": 20.256249999999998}","{""diameter"": 0.43750000000000006, ""material_thickness"": 0.71875, ""cutter_depth"": 0.7974901574803149}","Physical face entry differs from cutter origin by 1 mm overshoot; through drilling, not a blind depth; development geometry, machining tolerance and resistance unqualified",,,,,,,,,,
main_upper_right,tnut_I7,through_hole,"[580.8, 99.99999999999969, -0.9999999999999929]","[22.866141732283463, 3.937007874015736, -0.0393700787401572]","[580.8, 99.99999999999973, 3.552713678800501e-14]","[22.866141732283463, 3.9370078740157375, 1.3987061727561028e-15]",physical_panel_face,"[0.0, -4.440892098500626e-15, 0.9999999999999999]",[],"{""diameter"": 11.1125, ""material_thickness"": 18.256249999999998, ""cutter_depth"": 20.256249999999998}","{""diameter"": 0.43750000000000006, ""material_thickness"": 0.71875, ""cutter_depth"": 0.7974901574803149}","Physical face entry differs from cutter origin by 1 mm overshoot; through drilling, not a blind depth; development geometry, machining tolerance and resistance unqualified",,,,,,,,,,
main_upper_right,tnut_I8,through_hole,"[580.8, 299.99999999999955, -1.0000000000000284]","[22.866141732283463, 11.811023622047227, -0.039370078740158604]","[580.8, 299.9999999999996, 0.0]","[22.866141732283463, 11.811023622047228, 0.0]",physical_panel_face,"[0.0, -4.440892098500626e-15, 0.9999999999999999]",[],"{""diameter"": 11.1125, ""material_thickness"": 18.256249999999998, ""cutter_depth"": 20.256249999999998}","{""diameter"": 0.43750000000000006, ""material_thickness"": 0.71875, ""cutter_depth"": 0.7974901574803149}","Physical face entry differs from cutter origin by 1 mm overshoot; through drilling, not a blind depth; development geometry, machining tolerance and resistance unqualified",,,,,,,,,,
main_upper_right,tnut_I9,through_hole,"[580.8, 499.99999999999955, -0.9999999999998579]","[22.866141732283463, 19.685039370078723, -0.03937007874015189]","[580.8, 499.99999999999955, 1.9895196601282805e-13]","[22.866141732283463, 19.685039370078723, 7.832754567434176e-15]",physical_panel_face,"[0.0, -4.440892098500626e-15, 0.9999999999999999]",[],"{""diameter"": 11.1125, ""material_thickness"": 18.256249999999998, ""cutter_depth"": 20.256249999999998}","{""diameter"": 0.43750000000000006, ""material_thickness"": 0.71875, ""cutter_depth"": 0.7974901574803149}","Physical face entry differs from cutter origin by 1 mm overshoot; through drilling, not a blind depth; development geometry, machining tolerance and resistance unqualified",,,,,,,,,,
main_upper_right,tnut_I10,through_hole,"[580.8, 699.9999999999998, -1.0]","[22.866141732283463, 27.55905511811023, -0.03937007874015748]","[580.8, 699.9999999999998, 5.684341886080802e-14]","[22.866141732283463, 27.55905511811023, 2.2379298764097643e-15]",physical_panel_face,"[0.0, -4.440892098500626e-15, 0.9999999999999999]",[],"{""diameter"": 11.1125, ""material_thickness"": 18.256249999999998, ""cutter_depth"": 20.256249999999998}","{""diameter"": 0.43750000000000006, ""material_thickness"": 0.71875, ""cutter_depth"": 0.7974901574803149}","Physical face entry differs from cutter origin by 1 mm overshoot; through drilling, not a blind depth; development geometry, machining tolerance and resistance unqualified",,,,,,,,,,
main_upper_right,tnut_I11,through_hole,"[580.8, 899.9999999999993, -1.0000000000001137]","[22.866141732283463, 35.433070866141705, -0.039370078740161955]","[580.8, 899.9999999999993, -5.684341886080802e-14]","[22.866141732283463, 35.433070866141705, -2.2379298764097643e-15]",physical_panel_face,"[0.0, -4.440892098500626e-15, 0.9999999999999999]",[],"{""diameter"": 11.1125, ""material_thickness"": 18.256249999999998, ""cutter_depth"": 20.256249999999998}","{""diameter"": 0.43750000000000006, ""material_thickness"": 0.71875, ""cutter_depth"": 0.7974901574803149}","Physical face entry differs from cutter origin by 1 mm overshoot; through drilling, not a blind depth; development geometry, machining tolerance and resistance unqualified",,,,,,,,,,
main_upper_right,tnut_I12,through_hole,"[580.8, 1099.9999999999993, -0.9999999999998863]","[22.866141732283463, 43.3070866141732, -0.039370078740153004]","[580.8, 1099.9999999999993, 1.1368683772161603e-13]","[22.866141732283463, 43.3070866141732, 4.475859752819529e-15]",physical_panel_face,"[0.0, -4.440892098500626e-15, 0.9999999999999999]",[],"{""diameter"": 11.1125, ""material_thickness"": 18.256249999999998, ""cutter_depth"": 20.256249999999998}","{""diameter"": 0.43750000000000006, ""material_thickness"": 0.71875, ""cutter_depth"": 0.7974901574803149}","Physical face entry differs from cutter origin by 1 mm overshoot; through drilling, not a blind depth; development geometry, machining tolerance and resistance unqualified",,,,,,,,,,
main_lower_right,tnut_J1,through_hole,"[780.8, 99.19999999999996, -1.0000000000001137]","[30.74015748031496, 3.905511811023621, -0.039370078740161955]","[780.8, 99.19999999999995, -1.1368683772161603e-13]","[30.74015748031496, 3.90551181102362, -4.475859752819529e-15]",physical_panel_face,"[0.0, -4.440892098500626e-15, 0.9999999999999999]",[],"{""diameter"": 11.1125, ""material_thickness"": 18.256249999999998, ""cutter_depth"": 20.256249999999998}","{""diameter"": 0.43750000000000006, ""material_thickness"": 0.71875, ""cutter_depth"": 0.7974901574803149}","Physical face entry differs from cutter origin by 1 mm overshoot; through drilling, not a blind depth; development geometry, machining tolerance and resistance unqualified",,,,,,,,,,
main_lower_right,tnut_J2,through_hole,"[780.8, 299.1999999999999, -1.0000000000001137]","[30.74015748031496, 11.779527559055113, -0.039370078740161955]","[780.8, 299.1999999999999, -8.526512829121202e-14]","[30.74015748031496, 11.779527559055113, -3.356894814614647e-15]",physical_panel_face,"[0.0, -4.440892098500626e-15, 0.9999999999999999]",[],"{""diameter"": 11.1125, ""material_thickness"": 18.256249999999998, ""cutter_depth"": 20.256249999999998}","{""diameter"": 0.43750000000000006, ""material_thickness"": 0.71875, ""cutter_depth"": 0.7974901574803149}","Physical face entry differs from cutter origin by 1 mm overshoot; through drilling, not a blind depth; development geometry, machining tolerance and resistance unqualified",,,,,,,,,,
main_lower_right,tnut_J3,through_hole,"[780.8, 499.1999999999999, -1.0000000000000853]","[30.74015748031496, 19.65354330708661, -0.03937007874016084]","[780.8, 499.19999999999993, -8.526512829121202e-14]","[30.74015748031496, 19.65354330708661, -3.356894814614647e-15]",physical_panel_face,"[0.0, -4.440892098500626e-15, 0.9999999999999999]",[],"{""diameter"": 11.1125, ""material_thickness"": 18.256249999999998, ""cutter_depth"": 20.256249999999998}","{""diameter"": 0.43750000000000006, ""material_thickness"": 0.71875, ""cutter_depth"": 0.7974901574803149}","Physical face entry differs from cutter origin by 1 mm overshoot; through drilling, not a blind depth; development geometry, machining tolerance and resistance unqualified",,,,,,,,,,
main_lower_right,tnut_J4,through_hole,"[780.8, 699.1999999999998, -1.0000000000001705]","[30.74015748031496, 27.527559055118104, -0.0393700787401642]","[780.8, 699.1999999999998, -1.7053025658242404e-13]","[30.74015748031496, 27.527559055118104, -6.713789629229294e-15]",physical_panel_face,"[0.0, -4.440892098500626e-15, 0.9999999999999999]",[],"{""diameter"": 11.1125, ""material_thickness"": 18.256249999999998, ""cutter_depth"": 20.256249999999998}","{""diameter"": 0.43750000000000006, ""material_thickness"": 0.71875, ""cutter_depth"": 0.7974901574803149}","Physical face entry differs from cutter origin by 1 mm overshoot; through drilling, not a blind depth; development geometry, machining tolerance and resistance unqualified",,,,,,,,,,
main_lower_right,tnut_J5,through_hole,"[780.8, 899.1999999999998, -1.0000000000001137]","[30.74015748031496, 35.4015748031496, -0.039370078740161955]","[780.8, 899.1999999999998, -5.684341886080802e-14]","[30.74015748031496, 35.4015748031496, -2.2379298764097643e-15]",physical_panel_face,"[0.0, -4.440892098500626e-15, 0.9999999999999999]",[],"{""diameter"": 11.1125, ""material_thickness"": 18.256249999999998, ""cutter_depth"": 20.256249999999998}","{""diameter"": 0.43750000000000006, ""material_thickness"": 0.71875, ""cutter_depth"": 0.7974901574803149}","Physical face entry differs from cutter origin by 1 mm overshoot; through drilling, not a blind depth; development geometry, machining tolerance and resistance unqualified",,,,,,,,,,
main_lower_right,tnut_J6,through_hole,"[780.8, 1099.1999999999998, -1.0000000000001137]","[30.74015748031496, 43.2755905511811, -0.039370078740161955]","[780.8, 1099.1999999999998, -1.1368683772161603e-13]","[30.74015748031496, 43.2755905511811, -4.475859752819529e-15]",physical_panel_face,"[0.0, -4.440892098500626e-15, 0.9999999999999999]",[],"{""diameter"": 11.1125, ""material_thickness"": 18.256249999999998, ""cutter_depth"": 20.256249999999998}","{""diameter"": 0.43750000000000006, ""material_thickness"": 0.71875, ""cutter_depth"": 0.7974901574803149}","Physical face entry differs from cutter origin by 1 mm overshoot; through drilling, not a blind depth; development geometry, machining tolerance and resistance unqualified",,,,,,,,,,
main_upper_right,tnut_J7,through_hole,"[780.8, 99.99999999999969, -0.9999999999999929]","[30.74015748031496, 3.937007874015736, -0.0393700787401572]","[780.8, 99.99999999999973, 3.552713678800501e-14]","[30.74015748031496, 3.9370078740157375, 1.3987061727561028e-15]",physical_panel_face,"[0.0, -4.440892098500626e-15, 0.9999999999999999]",[],"{""diameter"": 11.1125, ""material_thickness"": 18.256249999999998, ""cutter_depth"": 20.256249999999998}","{""diameter"": 0.43750000000000006, ""material_thickness"": 0.71875, ""cutter_depth"": 0.7974901574803149}","Physical face entry differs from cutter origin by 1 mm overshoot; through drilling, not a blind depth; development geometry, machining tolerance and resistance unqualified",,,,,,,,,,
main_upper_right,tnut_J8,through_hole,"[780.8, 299.99999999999955, -1.0000000000000284]","[30.74015748031496, 11.811023622047227, -0.039370078740158604]","[780.8, 299.9999999999996, 0.0]","[30.74015748031496, 11.811023622047228, 0.0]",physical_panel_face,"[0.0, -4.440892098500626e-15, 0.9999999999999999]",[],"{""diameter"": 11.1125, ""material_thickness"": 18.256249999999998, ""cutter_depth"": 20.256249999999998}","{""diameter"": 0.43750000000000006, ""material_thickness"": 0.71875, ""cutter_depth"": 0.7974901574803149}","Physical face entry differs from cutter origin by 1 mm overshoot; through drilling, not a blind depth; development geometry, machining tolerance and resistance unqualified",,,,,,,,,,
main_upper_right,tnut_J9,through_hole,"[780.8, 499.99999999999955, -0.9999999999998579]","[30.74015748031496, 19.685039370078723, -0.03937007874015189]","[780.8, 499.99999999999955, 1.9895196601282805e-13]","[30.74015748031496, 19.685039370078723, 7.832754567434176e-15]",physical_panel_face,"[0.0, -4.440892098500626e-15, 0.9999999999999999]",[],"{""diameter"": 11.1125, ""material_thickness"": 18.256249999999998, ""cutter_depth"": 20.256249999999998}","{""diameter"": 0.43750000000000006, ""material_thickness"": 0.71875, ""cutter_depth"": 0.7974901574803149}","Physical face entry differs from cutter origin by 1 mm overshoot; through drilling, not a blind depth; development geometry, machining tolerance and resistance unqualified",,,,,,,,,,
main_upper_right,tnut_J10,through_hole,"[780.8, 699.9999999999998, -1.0]","[30.74015748031496, 27.55905511811023, -0.03937007874015748]","[780.8, 699.9999999999998, 5.684341886080802e-14]","[30.74015748031496, 27.55905511811023, 2.2379298764097643e-15]",physical_panel_face,"[0.0, -4.440892098500626e-15, 0.9999999999999999]",[],"{""diameter"": 11.1125, ""material_thickness"": 18.256249999999998, ""cutter_depth"": 20.256249999999998}","{""diameter"": 0.43750000000000006, ""material_thickness"": 0.71875, ""cutter_depth"": 0.7974901574803149}","Physical face entry differs from cutter origin by 1 mm overshoot; through drilling, not a blind depth; development geometry, machining tolerance and resistance unqualified",,,,,,,,,,
main_upper_right,tnut_J11,through_hole,"[780.8, 899.9999999999993, -1.0000000000001137]","[30.74015748031496, 35.433070866141705, -0.039370078740161955]","[780.8, 899.9999999999993, -5.684341886080802e-14]","[30.74015748031496, 35.433070866141705, -2.2379298764097643e-15]",physical_panel_face,"[0.0, -4.440892098500626e-15, 0.9999999999999999]",[],"{""diameter"": 11.1125, ""material_thickness"": 18.256249999999998, ""cutter_depth"": 20.256249999999998}","{""diameter"": 0.43750000000000006, ""material_thickness"": 0.71875, ""cutter_depth"": 0.7974901574803149}","Physical face entry differs from cutter origin by 1 mm overshoot; through drilling, not a blind depth; development geometry, machining tolerance and resistance unqualified",,,,,,,,,,
main_upper_right,tnut_J12,through_hole,"[780.8, 1099.9999999999993, -0.9999999999998863]","[30.74015748031496, 43.3070866141732, -0.039370078740153004]","[780.8, 1099.9999999999993, 1.1368683772161603e-13]","[30.74015748031496, 43.3070866141732, 4.475859752819529e-15]",physical_panel_face,"[0.0, -4.440892098500626e-15, 0.9999999999999999]",[],"{""diameter"": 11.1125, ""material_thickness"": 18.256249999999998, ""cutter_depth"": 20.256249999999998}","{""diameter"": 0.43750000000000006, ""material_thickness"": 0.71875, ""cutter_depth"": 0.7974901574803149}","Physical face entry differs from cutter origin by 1 mm overshoot; through drilling, not a blind depth; development geometry, machining tolerance and resistance unqualified",,,,,,,,,,
main_lower_right,tnut_K1,through_hole,"[980.8, 99.19999999999996, -1.0000000000001137]","[38.61417322834646, 3.905511811023621, -0.039370078740161955]","[980.8, 99.19999999999995, -1.1368683772161603e-13]","[38.61417322834646, 3.90551181102362, -4.475859752819529e-15]",physical_panel_face,"[0.0, -4.440892098500626e-15, 0.9999999999999999]",[],"{""diameter"": 11.1125, ""material_thickness"": 18.256249999999998, ""cutter_depth"": 20.256249999999998}","{""diameter"": 0.43750000000000006, ""material_thickness"": 0.71875, ""cutter_depth"": 0.7974901574803149}","Physical face entry differs from cutter origin by 1 mm overshoot; through drilling, not a blind depth; development geometry, machining tolerance and resistance unqualified",,,,,,,,,,
main_lower_right,tnut_K2,through_hole,"[980.8, 299.1999999999999, -1.0000000000001137]","[38.61417322834646, 11.779527559055113, -0.039370078740161955]","[980.8, 299.1999999999999, -8.526512829121202e-14]","[38.61417322834646, 11.779527559055113, -3.356894814614647e-15]",physical_panel_face,"[0.0, -4.440892098500626e-15, 0.9999999999999999]",[],"{""diameter"": 11.1125, ""material_thickness"": 18.256249999999998, ""cutter_depth"": 20.256249999999998}","{""diameter"": 0.43750000000000006, ""material_thickness"": 0.71875, ""cutter_depth"": 0.7974901574803149}","Physical face entry differs from cutter origin by 1 mm overshoot; through drilling, not a blind depth; development geometry, machining tolerance and resistance unqualified",,,,,,,,,,
main_lower_right,tnut_K3,through_hole,"[980.8, 499.1999999999999, -1.0000000000000853]","[38.61417322834646, 19.65354330708661, -0.03937007874016084]","[980.8, 499.19999999999993, -8.526512829121202e-14]","[38.61417322834646, 19.65354330708661, -3.356894814614647e-15]",physical_panel_face,"[0.0, -4.440892098500626e-15, 0.9999999999999999]",[],"{""diameter"": 11.1125, ""material_thickness"": 18.256249999999998, ""cutter_depth"": 20.256249999999998}","{""diameter"": 0.43750000000000006, ""material_thickness"": 0.71875, ""cutter_depth"": 0.7974901574803149}","Physical face entry differs from cutter origin by 1 mm overshoot; through drilling, not a blind depth; development geometry, machining tolerance and resistance unqualified",,,,,,,,,,
main_lower_right,tnut_K4,through_hole,"[980.8, 699.1999999999998, -1.0000000000001705]","[38.61417322834646, 27.527559055118104, -0.0393700787401642]","[980.8, 699.1999999999998, -1.7053025658242404e-13]","[38.61417322834646, 27.527559055118104, -6.713789629229294e-15]",physical_panel_face,"[0.0, -4.440892098500626e-15, 0.9999999999999999]",[],"{""diameter"": 11.1125, ""material_thickness"": 18.256249999999998, ""cutter_depth"": 20.256249999999998}","{""diameter"": 0.43750000000000006, ""material_thickness"": 0.71875, ""cutter_depth"": 0.7974901574803149}","Physical face entry differs from cutter origin by 1 mm overshoot; through drilling, not a blind depth; development geometry, machining tolerance and resistance unqualified",,,,,,,,,,
main_lower_right,tnut_K5,through_hole,"[980.8, 899.1999999999998, -1.0000000000001137]","[38.61417322834646, 35.4015748031496, -0.039370078740161955]","[980.8, 899.1999999999998, -5.684341886080802e-14]","[38.61417322834646, 35.4015748031496, -2.2379298764097643e-15]",physical_panel_face,"[0.0, -4.440892098500626e-15, 0.9999999999999999]",[],"{""diameter"": 11.1125, ""material_thickness"": 18.256249999999998, ""cutter_depth"": 20.256249999999998}","{""diameter"": 0.43750000000000006, ""material_thickness"": 0.71875, ""cutter_depth"": 0.7974901574803149}","Physical face entry differs from cutter origin by 1 mm overshoot; through drilling, not a blind depth; development geometry, machining tolerance and resistance unqualified",,,,,,,,,,
main_lower_right,tnut_K6,through_hole,"[980.8, 1099.1999999999998, -1.0000000000001137]","[38.61417322834646, 43.2755905511811, -0.039370078740161955]","[980.8, 1099.1999999999998, -1.1368683772161603e-13]","[38.61417322834646, 43.2755905511811, -4.475859752819529e-15]",physical_panel_face,"[0.0, -4.440892098500626e-15, 0.9999999999999999]",[],"{""diameter"": 11.1125, ""material_thickness"": 18.256249999999998, ""cutter_depth"": 20.256249999999998}","{""diameter"": 0.43750000000000006, ""material_thickness"": 0.71875, ""cutter_depth"": 0.7974901574803149}","Physical face entry differs from cutter origin by 1 mm overshoot; through drilling, not a blind depth; development geometry, machining tolerance and resistance unqualified",,,,,,,,,,
main_upper_right,tnut_K7,through_hole,"[980.8, 99.99999999999969, -0.9999999999999929]","[38.61417322834646, 3.937007874015736, -0.0393700787401572]","[980.8, 99.99999999999973, 3.552713678800501e-14]","[38.61417322834646, 3.9370078740157375, 1.3987061727561028e-15]",physical_panel_face,"[0.0, -4.440892098500626e-15, 0.9999999999999999]",[],"{""diameter"": 11.1125, ""material_thickness"": 18.256249999999998, ""cutter_depth"": 20.256249999999998}","{""diameter"": 0.43750000000000006, ""material_thickness"": 0.71875, ""cutter_depth"": 0.7974901574803149}","Physical face entry differs from cutter origin by 1 mm overshoot; through drilling, not a blind depth; development geometry, machining tolerance and resistance unqualified",,,,,,,,,,
main_upper_right,tnut_K8,through_hole,"[980.8, 299.99999999999955, -1.0000000000000284]","[38.61417322834646, 11.811023622047227, -0.039370078740158604]","[980.8, 299.9999999999996, 0.0]","[38.61417322834646, 11.811023622047228, 0.0]",physical_panel_face,"[0.0, -4.440892098500626e-15, 0.9999999999999999]",[],"{""diameter"": 11.1125, ""material_thickness"": 18.256249999999998, ""cutter_depth"": 20.256249999999998}","{""diameter"": 0.43750000000000006, ""material_thickness"": 0.71875, ""cutter_depth"": 0.7974901574803149}","Physical face entry differs from cutter origin by 1 mm overshoot; through drilling, not a blind depth; development geometry, machining tolerance and resistance unqualified",,,,,,,,,,
main_upper_right,tnut_K9,through_hole,"[980.8, 499.99999999999955, -0.9999999999998579]","[38.61417322834646, 19.685039370078723, -0.03937007874015189]","[980.8, 499.99999999999955, 1.9895196601282805e-13]","[38.61417322834646, 19.685039370078723, 7.832754567434176e-15]",physical_panel_face,"[0.0, -4.440892098500626e-15, 0.9999999999999999]",[],"{""diameter"": 11.1125, ""material_thickness"": 18.256249999999998, ""cutter_depth"": 20.256249999999998}","{""diameter"": 0.43750000000000006, ""material_thickness"": 0.71875, ""cutter_depth"": 0.7974901574803149}","Physical face entry differs from cutter origin by 1 mm overshoot; through drilling, not a blind depth; development geometry, machining tolerance and resistance unqualified",,,,,,,,,,
main_upper_right,tnut_K10,through_hole,"[980.8, 699.9999999999998, -1.0]","[38.61417322834646, 27.55905511811023, -0.03937007874015748]","[980.8, 699.9999999999998, 5.684341886080802e-14]","[38.61417322834646, 27.55905511811023, 2.2379298764097643e-15]",physical_panel_face,"[0.0, -4.440892098500626e-15, 0.9999999999999999]",[],"{""diameter"": 11.1125, ""material_thickness"": 18.256249999999998, ""cutter_depth"": 20.256249999999998}","{""diameter"": 0.43750000000000006, ""material_thickness"": 0.71875, ""cutter_depth"": 0.7974901574803149}","Physical face entry differs from cutter origin by 1 mm overshoot; through drilling, not a blind depth; development geometry, machining tolerance and resistance unqualified",,,,,,,,,,
main_upper_right,tnut_K11,through_hole,"[980.8, 899.9999999999993, -1.0000000000001137]","[38.61417322834646, 35.433070866141705, -0.039370078740161955]","[980.8, 899.9999999999993, -5.684341886080802e-14]","[38.61417322834646, 35.433070866141705, -2.2379298764097643e-15]",physical_panel_face,"[0.0, -4.440892098500626e-15, 0.9999999999999999]",[],"{""diameter"": 11.1125, ""material_thickness"": 18.256249999999998, ""cutter_depth"": 20.256249999999998}","{""diameter"": 0.43750000000000006, ""material_thickness"": 0.71875, ""cutter_depth"": 0.7974901574803149}","Physical face entry differs from cutter origin by 1 mm overshoot; through drilling, not a blind depth; development geometry, machining tolerance and resistance unqualified",,,,,,,,,,
main_upper_right,tnut_K12,through_hole,"[980.8, 1099.9999999999993, -0.9999999999998863]","[38.61417322834646, 43.3070866141732, -0.039370078740153004]","[980.8, 1099.9999999999993, 1.1368683772161603e-13]","[38.61417322834646, 43.3070866141732, 4.475859752819529e-15]",physical_panel_face,"[0.0, -4.440892098500626e-15, 0.9999999999999999]",[],"{""diameter"": 11.1125, ""material_thickness"": 18.256249999999998, ""cutter_depth"": 20.256249999999998}","{""diameter"": 0.43750000000000006, ""material_thickness"": 0.71875, ""cutter_depth"": 0.7974901574803149}","Physical face entry differs from cutter origin by 1 mm overshoot; through drilling, not a blind depth; development geometry, machining tolerance and resistance unqualified",,,,,,,,,,
main_lower_left,led_A1,through_hole,"[200.0, 19.19999999999995, -1.0000000000001208]","[7.874015748031496, 0.7559055118110217, -0.03937007874016224]","[200.0, 19.199999999999942, -1.2256862191861728e-13]","[7.874015748031496, 0.7559055118110214, -4.8255362960085545e-15]",physical_panel_face,"[0.0, -4.440892098500626e-15, 0.9999999999999999]",[],"{""diameter"": 13.0, ""material_thickness"": 18.256249999999998, ""cutter_depth"": 20.256249999999998}","{""diameter"": 0.5118110236220472, ""material_thickness"": 0.71875, ""cutter_depth"": 0.7974901574803149}","Physical face entry differs from cutter origin by 1 mm overshoot; through drilling, not a blind depth; development geometry, machining tolerance and resistance unqualified",,,,,,,,,,
main_lower_left,led_A2,through_hole,"[200.0, 199.19999999999993, -1.0000000000001137]","[7.874015748031496, 7.842519685039368, -0.039370078740161955]","[200.0, 199.19999999999993, -1.2789769243681803e-13]","[7.874015748031496, 7.842519685039368, -5.03534222192197e-15]",physical_panel_face,"[0.0, -4.440892098500626e-15, 0.9999999999999999]",[],"{""diameter"": 13.0, ""material_thickness"": 18.256249999999998, ""cutter_depth"": 20.256249999999998}","{""diameter"": 0.5118110236220472, ""material_thickness"": 0.71875, ""cutter_depth"": 0.7974901574803149}","Physical face entry differs from cutter origin by 1 mm overshoot; through drilling, not a blind depth; development geometry, machining tolerance and resistance unqualified",,,,,,,,,,
main_lower_left,led_A3,through_hole,"[200.0, 399.1999999999999, -1.0000000000001705]","[7.874015748031496, 15.716535433070861, -0.0393700787401642]","[200.0, 399.19999999999993, -1.1368683772161603e-13]","[7.874015748031496, 15.716535433070865, -4.475859752819529e-15]",physical_panel_face,"[0.0, -4.440892098500626e-15, 0.9999999999999999]",[],"{""diameter"": 13.0, ""material_thickness"": 18.256249999999998, ""cutter_depth"": 20.256249999999998}","{""diameter"": 0.5118110236220472, ""material_thickness"": 0.71875, ""cutter_depth"": 0.7974901574803149}","Physical face entry differs from cutter origin by 1 mm overshoot; through drilling, not a blind depth; development geometry, machining tolerance and resistance unqualified",,,,,,,,,,
main_lower_left,led_A4,through_hole,"[200.0, 599.1999999999998, -1.0000000000001137]","[7.874015748031496, 23.590551181102356, -0.039370078740161955]","[200.0, 599.1999999999998, -5.684341886080802e-14]","[7.874015748031496, 23.590551181102356, -2.2379298764097643e-15]",physical_panel_face,"[0.0, -4.440892098500626e-15, 0.9999999999999999]",[],"{""diameter"": 13.0, ""material_thickness"": 18.256249999999998, ""cutter_depth"": 20.256249999999998}","{""diameter"": 0.5118110236220472, ""material_thickness"": 0.71875, ""cutter_depth"": 0.7974901574803149}","Physical face entry differs from cutter origin by 1 mm overshoot; through drilling, not a blind depth; development geometry, machining tolerance and resistance unqualified",,,,,,,,,,
main_lower_left,led_A5,through_hole,"[200.0, 799.1999999999998, -1.0000000000002274]","[7.874015748031496, 31.464566929133852, -0.03937007874016643]","[200.0, 799.1999999999998, -1.1368683772161603e-13]","[7.874015748031496, 31.464566929133852, -4.475859752819529e-15]",physical_panel_face,"[0.0, -4.440892098500626e-15, 0.9999999999999999]",[],"{""diameter"": 13.0, ""material_thickness"": 18.256249999999998, ""cutter_depth"": 20.256249999999998}","{""diameter"": 0.5118110236220472, ""material_thickness"": 0.71875, ""cutter_depth"": 0.7974901574803149}","Physical face entry differs from cutter origin by 1 mm overshoot; through drilling, not a blind depth; development geometry, machining tolerance and resistance unqualified",,,,,,,,,,
main_lower_left,led_A6,through_hole,"[200.0, 999.1999999999998, -1.0000000000000568]","[7.874015748031496, 39.33858267716535, -0.03937007874015972]","[200.0, 999.1999999999999, -5.684341886080802e-14]","[7.874015748031496, 39.338582677165356, -2.2379298764097643e-15]",physical_panel_face,"[0.0, -4.440892098500626e-15, 0.9999999999999999]",[],"{""diameter"": 13.0, ""material_thickness"": 18.256249999999998, ""cutter_depth"": 20.256249999999998}","{""diameter"": 0.5118110236220472, ""material_thickness"": 0.71875, ""cutter_depth"": 0.7974901574803149}","Physical face entry differs from cutter origin by 1 mm overshoot; through drilling, not a blind depth; development geometry, machining tolerance and resistance unqualified",,,,,,,,,,
main_lower_left,led_A7,through_hole,"[200.0, 1199.1999999999998, -1.0000000000001137]","[7.874015748031496, 47.212598425196845, -0.039370078740161955]","[200.0, 1199.1999999999998, -1.1368683772161603e-13]","[7.874015748031496, 47.212598425196845, -4.475859752819529e-15]",physical_panel_face,"[0.0, -4.440892098500626e-15, 0.9999999999999999]",[],"{""diameter"": 13.0, ""material_thickness"": 18.256249999999998, ""cutter_depth"": 20.256249999999998}","{""diameter"": 0.5118110236220472, ""material_thickness"": 0.71875, ""cutter_depth"": 0.7974901574803149}","Physical face entry differs from cutter origin by 1 mm overshoot; through drilling, not a blind depth; development geometry, machining tolerance and resistance unqualified",,,,,,,,,,
main_upper_left,led_A8,through_hole,"[200.0, 199.99999999999974, -0.9999999999999858]","[7.874015748031496, 7.8740157480314865, -0.039370078740156925]","[200.0, 199.99999999999977, 4.263256414560601e-14]","[7.874015748031496, 7.874015748031487, 1.6784474073073234e-15]",physical_panel_face,"[0.0, -4.440892098500626e-15, 0.9999999999999999]",[],"{""diameter"": 13.0, ""material_thickness"": 18.256249999999998, ""cutter_depth"": 20.256249999999998}","{""diameter"": 0.5118110236220472, ""material_thickness"": 0.71875, ""cutter_depth"": 0.7974901574803149}","Physical face entry differs from cutter origin by 1 mm overshoot; through drilling, not a blind depth; development geometry, machining tolerance and resistance unqualified",,,,,,,,,,
main_upper_left,led_A9,through_hole,"[200.0, 399.9999999999996, -1.0000000000000284]","[7.874015748031496, 15.748031496062977, -0.039370078740158604]","[200.0, 399.99999999999966, 0.0]","[7.874015748031496, 15.74803149606298, 0.0]",physical_panel_face,"[0.0, -4.440892098500626e-15, 0.9999999999999999]",[],"{""diameter"": 13.0, ""material_thickness"": 18.256249999999998, ""cutter_depth"": 20.256249999999998}","{""diameter"": 0.5118110236220472, ""material_thickness"": 0.71875, ""cutter_depth"": 0.7974901574803149}","Physical face entry differs from cutter origin by 1 mm overshoot; through drilling, not a blind depth; development geometry, machining tolerance and resistance unqualified",,,,,,,,,,
main_upper_left,led_A10,through_hole,"[200.0, 599.9999999999998, -1.0000000000000568]","[7.874015748031496, 23.62204724409448, -0.03937007874015972]","[200.0, 599.9999999999998, -5.684341886080802e-14]","[7.874015748031496, 23.62204724409448, -2.2379298764097643e-15]",physical_panel_face,"[0.0, -4.440892098500626e-15, 0.9999999999999999]",[],"{""diameter"": 13.0, ""material_thickness"": 18.256249999999998, ""cutter_depth"": 20.256249999999998}","{""diameter"": 0.5118110236220472, ""material_thickness"": 0.71875, ""cutter_depth"": 0.7974901574803149}","Physical face entry differs from cutter origin by 1 mm overshoot; through drilling, not a blind depth; development geometry, machining tolerance and resistance unqualified",,,,,,,,,,
main_upper_left,led_A11,through_hole,"[200.0, 799.9999999999995, -1.0000000000000568]","[7.874015748031496, 31.496062992125967, -0.03937007874015972]","[200.0, 799.9999999999995, 0.0]","[7.874015748031496, 31.496062992125967, 0.0]",physical_panel_face,"[0.0, -4.440892098500626e-15, 0.9999999999999999]",[],"{""diameter"": 13.0, ""material_thickness"": 18.256249999999998, ""cutter_depth"": 20.256249999999998}","{""diameter"": 0.5118110236220472, ""material_thickness"": 0.71875, ""cutter_depth"": 0.7974901574803149}","Physical face entry differs from cutter origin by 1 mm overshoot; through drilling, not a blind depth; development geometry, machining tolerance and resistance unqualified",,,,,,,,,,
main_upper_left,led_A12,through_hole,"[200.0, 999.9999999999993, -1.0000000000000568]","[7.874015748031496, 39.37007874015745, -0.03937007874015972]","[200.0, 999.9999999999994, 5.684341886080802e-14]","[7.874015748031496, 39.37007874015746, 2.2379298764097643e-15]",physical_panel_face,"[0.0, -4.440892098500626e-15, 0.9999999999999999]",[],"{""diameter"": 13.0, ""material_thickness"": 18.256249999999998, ""cutter_depth"": 20.256249999999998}","{""diameter"": 0.5118110236220472, ""material_thickness"": 0.71875, ""cutter_depth"": 0.7974901574803149}","Physical face entry differs from cutter origin by 1 mm overshoot; through drilling, not a blind depth; development geometry, machining tolerance and resistance unqualified",,,,,,,,,,
main_lower_left,led_B1,through_hole,"[400.0, 19.19999999999995, -1.0000000000001208]","[15.748031496062993, 0.7559055118110217, -0.03937007874016224]","[400.0, 19.199999999999942, -1.2256862191861728e-13]","[15.748031496062993, 0.7559055118110214, -4.8255362960085545e-15]",physical_panel_face,"[0.0, -4.440892098500626e-15, 0.9999999999999999]",[],"{""diameter"": 13.0, ""material_thickness"": 18.256249999999998, ""cutter_depth"": 20.256249999999998}","{""diameter"": 0.5118110236220472, ""material_thickness"": 0.71875, ""cutter_depth"": 0.7974901574803149}","Physical face entry differs from cutter origin by 1 mm overshoot; through drilling, not a blind depth; development geometry, machining tolerance and resistance unqualified",,,,,,,,,,
main_lower_left,led_B2,through_hole,"[400.0, 199.19999999999993, -1.0000000000001137]","[15.748031496062993, 7.842519685039368, -0.039370078740161955]","[400.0, 199.19999999999993, -1.2789769243681803e-13]","[15.748031496062993, 7.842519685039368, -5.03534222192197e-15]",physical_panel_face,"[0.0, -4.440892098500626e-15, 0.9999999999999999]",[],"{""diameter"": 13.0, ""material_thickness"": 18.256249999999998, ""cutter_depth"": 20.256249999999998}","{""diameter"": 0.5118110236220472, ""material_thickness"": 0.71875, ""cutter_depth"": 0.7974901574803149}","Physical face entry differs from cutter origin by 1 mm overshoot; through drilling, not a blind depth; development geometry, machining tolerance and resistance unqualified",,,,,,,,,,
main_lower_left,led_B3,through_hole,"[400.0, 399.1999999999999, -1.0000000000001705]","[15.748031496062993, 15.716535433070861, -0.0393700787401642]","[400.0, 399.19999999999993, -1.1368683772161603e-13]","[15.748031496062993, 15.716535433070865, -4.475859752819529e-15]",physical_panel_face,"[0.0, -4.440892098500626e-15, 0.9999999999999999]",[],"{""diameter"": 13.0, ""material_thickness"": 18.256249999999998, ""cutter_depth"": 20.256249999999998}","{""diameter"": 0.5118110236220472, ""material_thickness"": 0.71875, ""cutter_depth"": 0.7974901574803149}","Physical face entry differs from cutter origin by 1 mm overshoot; through drilling, not a blind depth; development geometry, machining tolerance and resistance unqualified",,,,,,,,,,
main_lower_left,led_B4,through_hole,"[400.0, 599.1999999999998, -1.0000000000001137]","[15.748031496062993, 23.590551181102356, -0.039370078740161955]","[400.0, 599.1999999999998, -5.684341886080802e-14]","[15.748031496062993, 23.590551181102356, -2.2379298764097643e-15]",physical_panel_face,"[0.0, -4.440892098500626e-15, 0.9999999999999999]",[],"{""diameter"": 13.0, ""material_thickness"": 18.256249999999998, ""cutter_depth"": 20.256249999999998}","{""diameter"": 0.5118110236220472, ""material_thickness"": 0.71875, ""cutter_depth"": 0.7974901574803149}","Physical face entry differs from cutter origin by 1 mm overshoot; through drilling, not a blind depth; development geometry, machining tolerance and resistance unqualified",,,,,,,,,,
main_lower_left,led_B5,through_hole,"[400.0, 799.1999999999998, -1.0000000000002274]","[15.748031496062993, 31.464566929133852, -0.03937007874016643]","[400.0, 799.1999999999998, -1.1368683772161603e-13]","[15.748031496062993, 31.464566929133852, -4.475859752819529e-15]",physical_panel_face,"[0.0, -4.440892098500626e-15, 0.9999999999999999]",[],"{""diameter"": 13.0, ""material_thickness"": 18.256249999999998, ""cutter_depth"": 20.256249999999998}","{""diameter"": 0.5118110236220472, ""material_thickness"": 0.71875, ""cutter_depth"": 0.7974901574803149}","Physical face entry differs from cutter origin by 1 mm overshoot; through drilling, not a blind depth; development geometry, machining tolerance and resistance unqualified",,,,,,,,,,
main_lower_left,led_B6,through_hole,"[400.0, 999.1999999999998, -1.0000000000000568]","[15.748031496062993, 39.33858267716535, -0.03937007874015972]","[400.0, 999.1999999999999, -5.684341886080802e-14]","[15.748031496062993, 39.338582677165356, -2.2379298764097643e-15]",physical_panel_face,"[0.0, -4.440892098500626e-15, 0.9999999999999999]",[],"{""diameter"": 13.0, ""material_thickness"": 18.256249999999998, ""cutter_depth"": 20.256249999999998}","{""diameter"": 0.5118110236220472, ""material_thickness"": 0.71875, ""cutter_depth"": 0.7974901574803149}","Physical face entry differs from cutter origin by 1 mm overshoot; through drilling, not a blind depth; development geometry, machining tolerance and resistance unqualified",,,,,,,,,,
main_lower_left,led_B7,through_hole,"[400.0, 1199.1999999999998, -1.0000000000001137]","[15.748031496062993, 47.212598425196845, -0.039370078740161955]","[400.0, 1199.1999999999998, -1.1368683772161603e-13]","[15.748031496062993, 47.212598425196845, -4.475859752819529e-15]",physical_panel_face,"[0.0, -4.440892098500626e-15, 0.9999999999999999]",[],"{""diameter"": 13.0, ""material_thickness"": 18.256249999999998, ""cutter_depth"": 20.256249999999998}","{""diameter"": 0.5118110236220472, ""material_thickness"": 0.71875, ""cutter_depth"": 0.7974901574803149}","Physical face entry differs from cutter origin by 1 mm overshoot; through drilling, not a blind depth; development geometry, machining tolerance and resistance unqualified",,,,,,,,,,
main_upper_left,led_B8,through_hole,"[400.0, 199.99999999999974, -0.9999999999999858]","[15.748031496062993, 7.8740157480314865, -0.039370078740156925]","[400.0, 199.99999999999977, 4.263256414560601e-14]","[15.748031496062993, 7.874015748031487, 1.6784474073073234e-15]",physical_panel_face,"[0.0, -4.440892098500626e-15, 0.9999999999999999]",[],"{""diameter"": 13.0, ""material_thickness"": 18.256249999999998, ""cutter_depth"": 20.256249999999998}","{""diameter"": 0.5118110236220472, ""material_thickness"": 0.71875, ""cutter_depth"": 0.7974901574803149}","Physical face entry differs from cutter origin by 1 mm overshoot; through drilling, not a blind depth; development geometry, machining tolerance and resistance unqualified",,,,,,,,,,
main_upper_left,led_B9,through_hole,"[400.0, 399.9999999999996, -1.0000000000000284]","[15.748031496062993, 15.748031496062977, -0.039370078740158604]","[400.0, 399.99999999999966, 0.0]","[15.748031496062993, 15.74803149606298, 0.0]",physical_panel_face,"[0.0, -4.440892098500626e-15, 0.9999999999999999]",[],"{""diameter"": 13.0, ""material_thickness"": 18.256249999999998, ""cutter_depth"": 20.256249999999998}","{""diameter"": 0.5118110236220472, ""material_thickness"": 0.71875, ""cutter_depth"": 0.7974901574803149}","Physical face entry differs from cutter origin by 1 mm overshoot; through drilling, not a blind depth; development geometry, machining tolerance and resistance unqualified",,,,,,,,,,
main_upper_left,led_B10,through_hole,"[400.0, 599.9999999999998, -1.0000000000000568]","[15.748031496062993, 23.62204724409448, -0.03937007874015972]","[400.0, 599.9999999999998, -5.684341886080802e-14]","[15.748031496062993, 23.62204724409448, -2.2379298764097643e-15]",physical_panel_face,"[0.0, -4.440892098500626e-15, 0.9999999999999999]",[],"{""diameter"": 13.0, ""material_thickness"": 18.256249999999998, ""cutter_depth"": 20.256249999999998}","{""diameter"": 0.5118110236220472, ""material_thickness"": 0.71875, ""cutter_depth"": 0.7974901574803149}","Physical face entry differs from cutter origin by 1 mm overshoot; through drilling, not a blind depth; development geometry, machining tolerance and resistance unqualified",,,,,,,,,,
main_upper_left,led_B11,through_hole,"[400.0, 799.9999999999995, -1.0000000000000568]","[15.748031496062993, 31.496062992125967, -0.03937007874015972]","[400.0, 799.9999999999995, 0.0]","[15.748031496062993, 31.496062992125967, 0.0]",physical_panel_face,"[0.0, -4.440892098500626e-15, 0.9999999999999999]",[],"{""diameter"": 13.0, ""material_thickness"": 18.256249999999998, ""cutter_depth"": 20.256249999999998}","{""diameter"": 0.5118110236220472, ""material_thickness"": 0.71875, ""cutter_depth"": 0.7974901574803149}","Physical face entry differs from cutter origin by 1 mm overshoot; through drilling, not a blind depth; development geometry, machining tolerance and resistance unqualified",,,,,,,,,,
main_upper_left,led_B12,through_hole,"[400.0, 999.9999999999993, -1.0000000000000568]","[15.748031496062993, 39.37007874015745, -0.03937007874015972]","[400.0, 999.9999999999994, 5.684341886080802e-14]","[15.748031496062993, 39.37007874015746, 2.2379298764097643e-15]",physical_panel_face,"[0.0, -4.440892098500626e-15, 0.9999999999999999]",[],"{""diameter"": 13.0, ""material_thickness"": 18.256249999999998, ""cutter_depth"": 20.256249999999998}","{""diameter"": 0.5118110236220472, ""material_thickness"": 0.71875, ""cutter_depth"": 0.7974901574803149}","Physical face entry differs from cutter origin by 1 mm overshoot; through drilling, not a blind depth; development geometry, machining tolerance and resistance unqualified",,,,,,,,,,
main_lower_left,led_C1,through_hole,"[600.0, 19.19999999999995, -1.0000000000001208]","[23.62204724409449, 0.7559055118110217, -0.03937007874016224]","[600.0, 19.199999999999942, -1.2256862191861728e-13]","[23.62204724409449, 0.7559055118110214, -4.8255362960085545e-15]",physical_panel_face,"[0.0, -4.440892098500626e-15, 0.9999999999999999]",[],"{""diameter"": 13.0, ""material_thickness"": 18.256249999999998, ""cutter_depth"": 20.256249999999998}","{""diameter"": 0.5118110236220472, ""material_thickness"": 0.71875, ""cutter_depth"": 0.7974901574803149}","Physical face entry differs from cutter origin by 1 mm overshoot; through drilling, not a blind depth; development geometry, machining tolerance and resistance unqualified",,,,,,,,,,
main_lower_left,led_C2,through_hole,"[600.0, 199.19999999999993, -1.0000000000001137]","[23.62204724409449, 7.842519685039368, -0.039370078740161955]","[600.0, 199.19999999999993, -1.2789769243681803e-13]","[23.62204724409449, 7.842519685039368, -5.03534222192197e-15]",physical_panel_face,"[0.0, -4.440892098500626e-15, 0.9999999999999999]",[],"{""diameter"": 13.0, ""material_thickness"": 18.256249999999998, ""cutter_depth"": 20.256249999999998}","{""diameter"": 0.5118110236220472, ""material_thickness"": 0.71875, ""cutter_depth"": 0.7974901574803149}","Physical face entry differs from cutter origin by 1 mm overshoot; through drilling, not a blind depth; development geometry, machining tolerance and resistance unqualified",,,,,,,,,,
main_lower_left,led_C3,through_hole,"[600.0, 399.1999999999999, -1.0000000000001705]","[23.62204724409449, 15.716535433070861, -0.0393700787401642]","[600.0, 399.19999999999993, -1.1368683772161603e-13]","[23.62204724409449, 15.716535433070865, -4.475859752819529e-15]",physical_panel_face,"[0.0, -4.440892098500626e-15, 0.9999999999999999]",[],"{""diameter"": 13.0, ""material_thickness"": 18.256249999999998, ""cutter_depth"": 20.256249999999998}","{""diameter"": 0.5118110236220472, ""material_thickness"": 0.71875, ""cutter_depth"": 0.7974901574803149}","Physical face entry differs from cutter origin by 1 mm overshoot; through drilling, not a blind depth; development geometry, machining tolerance and resistance unqualified",,,,,,,,,,
main_lower_left,led_C4,through_hole,"[600.0, 599.1999999999998, -1.0000000000001137]","[23.62204724409449, 23.590551181102356, -0.039370078740161955]","[600.0, 599.1999999999998, -5.684341886080802e-14]","[23.62204724409449, 23.590551181102356, -2.2379298764097643e-15]",physical_panel_face,"[0.0, -4.440892098500626e-15, 0.9999999999999999]",[],"{""diameter"": 13.0, ""material_thickness"": 18.256249999999998, ""cutter_depth"": 20.256249999999998}","{""diameter"": 0.5118110236220472, ""material_thickness"": 0.71875, ""cutter_depth"": 0.7974901574803149}","Physical face entry differs from cutter origin by 1 mm overshoot; through drilling, not a blind depth; development geometry, machining tolerance and resistance unqualified",,,,,,,,,,
main_lower_left,led_C5,through_hole,"[600.0, 799.1999999999998, -1.0000000000002274]","[23.62204724409449, 31.464566929133852, -0.03937007874016643]","[600.0, 799.1999999999998, -1.1368683772161603e-13]","[23.62204724409449, 31.464566929133852, -4.475859752819529e-15]",physical_panel_face,"[0.0, -4.440892098500626e-15, 0.9999999999999999]",[],"{""diameter"": 13.0, ""material_thickness"": 18.256249999999998, ""cutter_depth"": 20.256249999999998}","{""diameter"": 0.5118110236220472, ""material_thickness"": 0.71875, ""cutter_depth"": 0.7974901574803149}","Physical face entry differs from cutter origin by 1 mm overshoot; through drilling, not a blind depth; development geometry, machining tolerance and resistance unqualified",,,,,,,,,,
main_lower_left,led_C6,through_hole,"[600.0, 999.1999999999998, -1.0000000000000568]","[23.62204724409449, 39.33858267716535, -0.03937007874015972]","[600.0, 999.1999999999999, -5.684341886080802e-14]","[23.62204724409449, 39.338582677165356, -2.2379298764097643e-15]",physical_panel_face,"[0.0, -4.440892098500626e-15, 0.9999999999999999]",[],"{""diameter"": 13.0, ""material_thickness"": 18.256249999999998, ""cutter_depth"": 20.256249999999998}","{""diameter"": 0.5118110236220472, ""material_thickness"": 0.71875, ""cutter_depth"": 0.7974901574803149}","Physical face entry differs from cutter origin by 1 mm overshoot; through drilling, not a blind depth; development geometry, machining tolerance and resistance unqualified",,,,,,,,,,
main_lower_left,led_C7,through_hole,"[600.0, 1199.1999999999998, -1.0000000000001137]","[23.62204724409449, 47.212598425196845, -0.039370078740161955]","[600.0, 1199.1999999999998, -1.1368683772161603e-13]","[23.62204724409449, 47.212598425196845, -4.475859752819529e-15]",physical_panel_face,"[0.0, -4.440892098500626e-15, 0.9999999999999999]",[],"{""diameter"": 13.0, ""material_thickness"": 18.256249999999998, ""cutter_depth"": 20.256249999999998}","{""diameter"": 0.5118110236220472, ""material_thickness"": 0.71875, ""cutter_depth"": 0.7974901574803149}","Physical face entry differs from cutter origin by 1 mm overshoot; through drilling, not a blind depth; development geometry, machining tolerance and resistance unqualified",,,,,,,,,,
main_upper_left,led_C8,through_hole,"[600.0, 199.99999999999974, -0.9999999999999858]","[23.62204724409449, 7.8740157480314865, -0.039370078740156925]","[600.0, 199.99999999999977, 4.263256414560601e-14]","[23.62204724409449, 7.874015748031487, 1.6784474073073234e-15]",physical_panel_face,"[0.0, -4.440892098500626e-15, 0.9999999999999999]",[],"{""diameter"": 13.0, ""material_thickness"": 18.256249999999998, ""cutter_depth"": 20.256249999999998}","{""diameter"": 0.5118110236220472, ""material_thickness"": 0.71875, ""cutter_depth"": 0.7974901574803149}","Physical face entry differs from cutter origin by 1 mm overshoot; through drilling, not a blind depth; development geometry, machining tolerance and resistance unqualified",,,,,,,,,,
main_upper_left,led_C9,through_hole,"[600.0, 399.9999999999996, -1.0000000000000284]","[23.62204724409449, 15.748031496062977, -0.039370078740158604]","[600.0, 399.99999999999966, 0.0]","[23.62204724409449, 15.74803149606298, 0.0]",physical_panel_face,"[0.0, -4.440892098500626e-15, 0.9999999999999999]",[],"{""diameter"": 13.0, ""material_thickness"": 18.256249999999998, ""cutter_depth"": 20.256249999999998}","{""diameter"": 0.5118110236220472, ""material_thickness"": 0.71875, ""cutter_depth"": 0.7974901574803149}","Physical face entry differs from cutter origin by 1 mm overshoot; through drilling, not a blind depth; development geometry, machining tolerance and resistance unqualified",,,,,,,,,,
main_upper_left,led_C10,through_hole,"[600.0, 599.9999999999998, -1.0000000000000568]","[23.62204724409449, 23.62204724409448, -0.03937007874015972]","[600.0, 599.9999999999998, -5.684341886080802e-14]","[23.62204724409449, 23.62204724409448, -2.2379298764097643e-15]",physical_panel_face,"[0.0, -4.440892098500626e-15, 0.9999999999999999]",[],"{""diameter"": 13.0, ""material_thickness"": 18.256249999999998, ""cutter_depth"": 20.256249999999998}","{""diameter"": 0.5118110236220472, ""material_thickness"": 0.71875, ""cutter_depth"": 0.7974901574803149}","Physical face entry differs from cutter origin by 1 mm overshoot; through drilling, not a blind depth; development geometry, machining tolerance and resistance unqualified",,,,,,,,,,
main_upper_left,led_C11,through_hole,"[600.0, 799.9999999999995, -1.0000000000000568]","[23.62204724409449, 31.496062992125967, -0.03937007874015972]","[600.0, 799.9999999999995, 0.0]","[23.62204724409449, 31.496062992125967, 0.0]",physical_panel_face,"[0.0, -4.440892098500626e-15, 0.9999999999999999]",[],"{""diameter"": 13.0, ""material_thickness"": 18.256249999999998, ""cutter_depth"": 20.256249999999998}","{""diameter"": 0.5118110236220472, ""material_thickness"": 0.71875, ""cutter_depth"": 0.7974901574803149}","Physical face entry differs from cutter origin by 1 mm overshoot; through drilling, not a blind depth; development geometry, machining tolerance and resistance unqualified",,,,,,,,,,
main_upper_left,led_C12,through_hole,"[600.0, 999.9999999999993, -1.0000000000000568]","[23.62204724409449, 39.37007874015745, -0.03937007874015972]","[600.0, 999.9999999999994, 5.684341886080802e-14]","[23.62204724409449, 39.37007874015746, 2.2379298764097643e-15]",physical_panel_face,"[0.0, -4.440892098500626e-15, 0.9999999999999999]",[],"{""diameter"": 13.0, ""material_thickness"": 18.256249999999998, ""cutter_depth"": 20.256249999999998}","{""diameter"": 0.5118110236220472, ""material_thickness"": 0.71875, ""cutter_depth"": 0.7974901574803149}","Physical face entry differs from cutter origin by 1 mm overshoot; through drilling, not a blind depth; development geometry, machining tolerance and resistance unqualified",,,,,,,,,,
main_lower_left,led_D1,through_hole,"[800.0, 19.19999999999995, -1.0000000000001208]","[31.496062992125985, 0.7559055118110217, -0.03937007874016224]","[800.0, 19.199999999999942, -1.2256862191861728e-13]","[31.496062992125985, 0.7559055118110214, -4.8255362960085545e-15]",physical_panel_face,"[0.0, -4.440892098500626e-15, 0.9999999999999999]",[],"{""diameter"": 13.0, ""material_thickness"": 18.256249999999998, ""cutter_depth"": 20.256249999999998}","{""diameter"": 0.5118110236220472, ""material_thickness"": 0.71875, ""cutter_depth"": 0.7974901574803149}","Physical face entry differs from cutter origin by 1 mm overshoot; through drilling, not a blind depth; development geometry, machining tolerance and resistance unqualified",,,,,,,,,,
main_lower_left,led_D2,through_hole,"[800.0, 199.19999999999993, -1.0000000000001137]","[31.496062992125985, 7.842519685039368, -0.039370078740161955]","[800.0, 199.19999999999993, -1.2789769243681803e-13]","[31.496062992125985, 7.842519685039368, -5.03534222192197e-15]",physical_panel_face,"[0.0, -4.440892098500626e-15, 0.9999999999999999]",[],"{""diameter"": 13.0, ""material_thickness"": 18.256249999999998, ""cutter_depth"": 20.256249999999998}","{""diameter"": 0.5118110236220472, ""material_thickness"": 0.71875, ""cutter_depth"": 0.7974901574803149}","Physical face entry differs from cutter origin by 1 mm overshoot; through drilling, not a blind depth; development geometry, machining tolerance and resistance unqualified",,,,,,,,,,
main_lower_left,led_D3,through_hole,"[800.0, 399.1999999999999, -1.0000000000001705]","[31.496062992125985, 15.716535433070861, -0.0393700787401642]","[800.0, 399.19999999999993, -1.1368683772161603e-13]","[31.496062992125985, 15.716535433070865, -4.475859752819529e-15]",physical_panel_face,"[0.0, -4.440892098500626e-15, 0.9999999999999999]",[],"{""diameter"": 13.0, ""material_thickness"": 18.256249999999998, ""cutter_depth"": 20.256249999999998}","{""diameter"": 0.5118110236220472, ""material_thickness"": 0.71875, ""cutter_depth"": 0.7974901574803149}","Physical face entry differs from cutter origin by 1 mm overshoot; through drilling, not a blind depth; development geometry, machining tolerance and resistance unqualified",,,,,,,,,,
main_lower_left,led_D4,through_hole,"[800.0, 599.1999999999998, -1.0000000000001137]","[31.496062992125985, 23.590551181102356, -0.039370078740161955]","[800.0, 599.1999999999998, -5.684341886080802e-14]","[31.496062992125985, 23.590551181102356, -2.2379298764097643e-15]",physical_panel_face,"[0.0, -4.440892098500626e-15, 0.9999999999999999]",[],"{""diameter"": 13.0, ""material_thickness"": 18.256249999999998, ""cutter_depth"": 20.256249999999998}","{""diameter"": 0.5118110236220472, ""material_thickness"": 0.71875, ""cutter_depth"": 0.7974901574803149}","Physical face entry differs from cutter origin by 1 mm overshoot; through drilling, not a blind depth; development geometry, machining tolerance and resistance unqualified",,,,,,,,,,
main_lower_left,led_D5,through_hole,"[800.0, 799.1999999999998, -1.0000000000002274]","[31.496062992125985, 31.464566929133852, -0.03937007874016643]","[800.0, 799.1999999999998, -1.1368683772161603e-13]","[31.496062992125985, 31.464566929133852, -4.475859752819529e-15]",physical_panel_face,"[0.0, -4.440892098500626e-15, 0.9999999999999999]",[],"{""diameter"": 13.0, ""material_thickness"": 18.256249999999998, ""cutter_depth"": 20.256249999999998}","{""diameter"": 0.5118110236220472, ""material_thickness"": 0.71875, ""cutter_depth"": 0.7974901574803149}","Physical face entry differs from cutter origin by 1 mm overshoot; through drilling, not a blind depth; development geometry, machining tolerance and resistance unqualified",,,,,,,,,,
main_lower_left,led_D6,through_hole,"[800.0, 999.1999999999998, -1.0000000000000568]","[31.496062992125985, 39.33858267716535, -0.03937007874015972]","[800.0, 999.1999999999999, -5.684341886080802e-14]","[31.496062992125985, 39.338582677165356, -2.2379298764097643e-15]",physical_panel_face,"[0.0, -4.440892098500626e-15, 0.9999999999999999]",[],"{""diameter"": 13.0, ""material_thickness"": 18.256249999999998, ""cutter_depth"": 20.256249999999998}","{""diameter"": 0.5118110236220472, ""material_thickness"": 0.71875, ""cutter_depth"": 0.7974901574803149}","Physical face entry differs from cutter origin by 1 mm overshoot; through drilling, not a blind depth; development geometry, machining tolerance and resistance unqualified",,,,,,,,,,
main_lower_left,led_D7,through_hole,"[800.0, 1199.1999999999998, -1.0000000000001137]","[31.496062992125985, 47.212598425196845, -0.039370078740161955]","[800.0, 1199.1999999999998, -1.1368683772161603e-13]","[31.496062992125985, 47.212598425196845, -4.475859752819529e-15]",physical_panel_face,"[0.0, -4.440892098500626e-15, 0.9999999999999999]",[],"{""diameter"": 13.0, ""material_thickness"": 18.256249999999998, ""cutter_depth"": 20.256249999999998}","{""diameter"": 0.5118110236220472, ""material_thickness"": 0.71875, ""cutter_depth"": 0.7974901574803149}","Physical face entry differs from cutter origin by 1 mm overshoot; through drilling, not a blind depth; development geometry, machining tolerance and resistance unqualified",,,,,,,,,,
main_upper_left,led_D8,through_hole,"[800.0, 199.99999999999974, -0.9999999999999858]","[31.496062992125985, 7.8740157480314865, -0.039370078740156925]","[800.0, 199.99999999999977, 4.263256414560601e-14]","[31.496062992125985, 7.874015748031487, 1.6784474073073234e-15]",physical_panel_face,"[0.0, -4.440892098500626e-15, 0.9999999999999999]",[],"{""diameter"": 13.0, ""material_thickness"": 18.256249999999998, ""cutter_depth"": 20.256249999999998}","{""diameter"": 0.5118110236220472, ""material_thickness"": 0.71875, ""cutter_depth"": 0.7974901574803149}","Physical face entry differs from cutter origin by 1 mm overshoot; through drilling, not a blind depth; development geometry, machining tolerance and resistance unqualified",,,,,,,,,,
main_upper_left,led_D9,through_hole,"[800.0, 399.9999999999996, -1.0000000000000284]","[31.496062992125985, 15.748031496062977, -0.039370078740158604]","[800.0, 399.99999999999966, 0.0]","[31.496062992125985, 15.74803149606298, 0.0]",physical_panel_face,"[0.0, -4.440892098500626e-15, 0.9999999999999999]",[],"{""diameter"": 13.0, ""material_thickness"": 18.256249999999998, ""cutter_depth"": 20.256249999999998}","{""diameter"": 0.5118110236220472, ""material_thickness"": 0.71875, ""cutter_depth"": 0.7974901574803149}","Physical face entry differs from cutter origin by 1 mm overshoot; through drilling, not a blind depth; development geometry, machining tolerance and resistance unqualified",,,,,,,,,,
main_upper_left,led_D10,through_hole,"[800.0, 599.9999999999998, -1.0000000000000568]","[31.496062992125985, 23.62204724409448, -0.03937007874015972]","[800.0, 599.9999999999998, -5.684341886080802e-14]","[31.496062992125985, 23.62204724409448, -2.2379298764097643e-15]",physical_panel_face,"[0.0, -4.440892098500626e-15, 0.9999999999999999]",[],"{""diameter"": 13.0, ""material_thickness"": 18.256249999999998, ""cutter_depth"": 20.256249999999998}","{""diameter"": 0.5118110236220472, ""material_thickness"": 0.71875, ""cutter_depth"": 0.7974901574803149}","Physical face entry differs from cutter origin by 1 mm overshoot; through drilling, not a blind depth; development geometry, machining tolerance and resistance unqualified",,,,,,,,,,
main_upper_left,led_D11,through_hole,"[800.0, 799.9999999999995, -1.0000000000000568]","[31.496062992125985, 31.496062992125967, -0.03937007874015972]","[800.0, 799.9999999999995, 0.0]","[31.496062992125985, 31.496062992125967, 0.0]",physical_panel_face,"[0.0, -4.440892098500626e-15, 0.9999999999999999]",[],"{""diameter"": 13.0, ""material_thickness"": 18.256249999999998, ""cutter_depth"": 20.256249999999998}","{""diameter"": 0.5118110236220472, ""material_thickness"": 0.71875, ""cutter_depth"": 0.7974901574803149}","Physical face entry differs from cutter origin by 1 mm overshoot; through drilling, not a blind depth; development geometry, machining tolerance and resistance unqualified",,,,,,,,,,
main_upper_left,led_D12,through_hole,"[800.0, 999.9999999999993, -1.0000000000000568]","[31.496062992125985, 39.37007874015745, -0.03937007874015972]","[800.0, 999.9999999999994, 5.684341886080802e-14]","[31.496062992125985, 39.37007874015746, 2.2379298764097643e-15]",physical_panel_face,"[0.0, -4.440892098500626e-15, 0.9999999999999999]",[],"{""diameter"": 13.0, ""material_thickness"": 18.256249999999998, ""cutter_depth"": 20.256249999999998}","{""diameter"": 0.5118110236220472, ""material_thickness"": 0.71875, ""cutter_depth"": 0.7974901574803149}","Physical face entry differs from cutter origin by 1 mm overshoot; through drilling, not a blind depth; development geometry, machining tolerance and resistance unqualified",,,,,,,,,,
main_lower_left,led_E1,through_hole,"[1000.0, 19.19999999999995, -1.0000000000001208]","[39.37007874015748, 0.7559055118110217, -0.03937007874016224]","[1000.0, 19.199999999999942, -1.2256862191861728e-13]","[39.37007874015748, 0.7559055118110214, -4.8255362960085545e-15]",physical_panel_face,"[0.0, -4.440892098500626e-15, 0.9999999999999999]",[],"{""diameter"": 13.0, ""material_thickness"": 18.256249999999998, ""cutter_depth"": 20.256249999999998}","{""diameter"": 0.5118110236220472, ""material_thickness"": 0.71875, ""cutter_depth"": 0.7974901574803149}","Physical face entry differs from cutter origin by 1 mm overshoot; through drilling, not a blind depth; development geometry, machining tolerance and resistance unqualified",,,,,,,,,,
main_lower_left,led_E2,through_hole,"[1000.0, 199.19999999999993, -1.0000000000001137]","[39.37007874015748, 7.842519685039368, -0.039370078740161955]","[1000.0, 199.19999999999993, -1.2789769243681803e-13]","[39.37007874015748, 7.842519685039368, -5.03534222192197e-15]",physical_panel_face,"[0.0, -4.440892098500626e-15, 0.9999999999999999]",[],"{""diameter"": 13.0, ""material_thickness"": 18.256249999999998, ""cutter_depth"": 20.256249999999998}","{""diameter"": 0.5118110236220472, ""material_thickness"": 0.71875, ""cutter_depth"": 0.7974901574803149}","Physical face entry differs from cutter origin by 1 mm overshoot; through drilling, not a blind depth; development geometry, machining tolerance and resistance unqualified",,,,,,,,,,
main_lower_left,led_E3,through_hole,"[1000.0, 399.1999999999999, -1.0000000000001705]","[39.37007874015748, 15.716535433070861, -0.0393700787401642]","[1000.0, 399.19999999999993, -1.1368683772161603e-13]","[39.37007874015748, 15.716535433070865, -4.475859752819529e-15]",physical_panel_face,"[0.0, -4.440892098500626e-15, 0.9999999999999999]",[],"{""diameter"": 13.0, ""material_thickness"": 18.256249999999998, ""cutter_depth"": 20.256249999999998}","{""diameter"": 0.5118110236220472, ""material_thickness"": 0.71875, ""cutter_depth"": 0.7974901574803149}","Physical face entry differs from cutter origin by 1 mm overshoot; through drilling, not a blind depth; development geometry, machining tolerance and resistance unqualified",,,,,,,,,,
main_lower_left,led_E4,through_hole,"[1000.0, 599.1999999999998, -1.0000000000001137]","[39.37007874015748, 23.590551181102356, -0.039370078740161955]","[1000.0, 599.1999999999998, -5.684341886080802e-14]","[39.37007874015748, 23.590551181102356, -2.2379298764097643e-15]",physical_panel_face,"[0.0, -4.440892098500626e-15, 0.9999999999999999]",[],"{""diameter"": 13.0, ""material_thickness"": 18.256249999999998, ""cutter_depth"": 20.256249999999998}","{""diameter"": 0.5118110236220472, ""material_thickness"": 0.71875, ""cutter_depth"": 0.7974901574803149}","Physical face entry differs from cutter origin by 1 mm overshoot; through drilling, not a blind depth; development geometry, machining tolerance and resistance unqualified",,,,,,,,,,
main_lower_left,led_E5,through_hole,"[1000.0, 799.1999999999998, -1.0000000000002274]","[39.37007874015748, 31.464566929133852, -0.03937007874016643]","[1000.0, 799.1999999999998, -1.1368683772161603e-13]","[39.37007874015748, 31.464566929133852, -4.475859752819529e-15]",physical_panel_face,"[0.0, -4.440892098500626e-15, 0.9999999999999999]",[],"{""diameter"": 13.0, ""material_thickness"": 18.256249999999998, ""cutter_depth"": 20.256249999999998}","{""diameter"": 0.5118110236220472, ""material_thickness"": 0.71875, ""cutter_depth"": 0.7974901574803149}","Physical face entry differs from cutter origin by 1 mm overshoot; through drilling, not a blind depth; development geometry, machining tolerance and resistance unqualified",,,,,,,,,,
main_lower_left,led_E6,through_hole,"[1000.0, 999.1999999999998, -1.0000000000000568]","[39.37007874015748, 39.33858267716535, -0.03937007874015972]","[1000.0, 999.1999999999999, -5.684341886080802e-14]","[39.37007874015748, 39.338582677165356, -2.2379298764097643e-15]",physical_panel_face,"[0.0, -4.440892098500626e-15, 0.9999999999999999]",[],"{""diameter"": 13.0, ""material_thickness"": 18.256249999999998, ""cutter_depth"": 20.256249999999998}","{""diameter"": 0.5118110236220472, ""material_thickness"": 0.71875, ""cutter_depth"": 0.7974901574803149}","Physical face entry differs from cutter origin by 1 mm overshoot; through drilling, not a blind depth; development geometry, machining tolerance and resistance unqualified",,,,,,,,,,
main_lower_left,led_E7,through_hole,"[1000.0, 1199.1999999999998, -1.0000000000001137]","[39.37007874015748, 47.212598425196845, -0.039370078740161955]","[1000.0, 1199.1999999999998, -1.1368683772161603e-13]","[39.37007874015748, 47.212598425196845, -4.475859752819529e-15]",physical_panel_face,"[0.0, -4.440892098500626e-15, 0.9999999999999999]",[],"{""diameter"": 13.0, ""material_thickness"": 18.256249999999998, ""cutter_depth"": 20.256249999999998}","{""diameter"": 0.5118110236220472, ""material_thickness"": 0.71875, ""cutter_depth"": 0.7974901574803149}","Physical face entry differs from cutter origin by 1 mm overshoot; through drilling, not a blind depth; development geometry, machining tolerance and resistance unqualified",,,,,,,,,,
main_upper_left,led_E8,through_hole,"[1000.0, 199.99999999999974, -0.9999999999999858]","[39.37007874015748, 7.8740157480314865, -0.039370078740156925]","[1000.0, 199.99999999999977, 4.263256414560601e-14]","[39.37007874015748, 7.874015748031487, 1.6784474073073234e-15]",physical_panel_face,"[0.0, -4.440892098500626e-15, 0.9999999999999999]",[],"{""diameter"": 13.0, ""material_thickness"": 18.256249999999998, ""cutter_depth"": 20.256249999999998}","{""diameter"": 0.5118110236220472, ""material_thickness"": 0.71875, ""cutter_depth"": 0.7974901574803149}","Physical face entry differs from cutter origin by 1 mm overshoot; through drilling, not a blind depth; development geometry, machining tolerance and resistance unqualified",,,,,,,,,,
main_upper_left,led_E9,through_hole,"[1000.0, 399.9999999999996, -1.0000000000000284]","[39.37007874015748, 15.748031496062977, -0.039370078740158604]","[1000.0, 399.99999999999966, 0.0]","[39.37007874015748, 15.74803149606298, 0.0]",physical_panel_face,"[0.0, -4.440892098500626e-15, 0.9999999999999999]",[],"{""diameter"": 13.0, ""material_thickness"": 18.256249999999998, ""cutter_depth"": 20.256249999999998}","{""diameter"": 0.5118110236220472, ""material_thickness"": 0.71875, ""cutter_depth"": 0.7974901574803149}","Physical face entry differs from cutter origin by 1 mm overshoot; through drilling, not a blind depth; development geometry, machining tolerance and resistance unqualified",,,,,,,,,,
main_upper_left,led_E10,through_hole,"[1000.0, 599.9999999999998, -1.0000000000000568]","[39.37007874015748, 23.62204724409448, -0.03937007874015972]","[1000.0, 599.9999999999998, -5.684341886080802e-14]","[39.37007874015748, 23.62204724409448, -2.2379298764097643e-15]",physical_panel_face,"[0.0, -4.440892098500626e-15, 0.9999999999999999]",[],"{""diameter"": 13.0, ""material_thickness"": 18.256249999999998, ""cutter_depth"": 20.256249999999998}","{""diameter"": 0.5118110236220472, ""material_thickness"": 0.71875, ""cutter_depth"": 0.7974901574803149}","Physical face entry differs from cutter origin by 1 mm overshoot; through drilling, not a blind depth; development geometry, machining tolerance and resistance unqualified",,,,,,,,,,
main_upper_left,led_E11,through_hole,"[1000.0, 799.9999999999995, -1.0000000000000568]","[39.37007874015748, 31.496062992125967, -0.03937007874015972]","[1000.0, 799.9999999999995, 0.0]","[39.37007874015748, 31.496062992125967, 0.0]",physical_panel_face,"[0.0, -4.440892098500626e-15, 0.9999999999999999]",[],"{""diameter"": 13.0, ""material_thickness"": 18.256249999999998, ""cutter_depth"": 20.256249999999998}","{""diameter"": 0.5118110236220472, ""material_thickness"": 0.71875, ""cutter_depth"": 0.7974901574803149}","Physical face entry differs from cutter origin by 1 mm overshoot; through drilling, not a blind depth; development geometry, machining tolerance and resistance unqualified",,,,,,,,,,
main_upper_left,led_E12,through_hole,"[1000.0, 999.9999999999993, -1.0000000000000568]","[39.37007874015748, 39.37007874015745, -0.03937007874015972]","[1000.0, 999.9999999999994, 5.684341886080802e-14]","[39.37007874015748, 39.37007874015746, 2.2379298764097643e-15]",physical_panel_face,"[0.0, -4.440892098500626e-15, 0.9999999999999999]",[],"{""diameter"": 13.0, ""material_thickness"": 18.256249999999998, ""cutter_depth"": 20.256249999999998}","{""diameter"": 0.5118110236220472, ""material_thickness"": 0.71875, ""cutter_depth"": 0.7974901574803149}","Physical face entry differs from cutter origin by 1 mm overshoot; through drilling, not a blind depth; development geometry, machining tolerance and resistance unqualified",,,,,,,,,,
main_lower_left,led_F1,through_hole,"[1200.0, 19.19999999999995, -1.0000000000001208]","[47.24409448818898, 0.7559055118110217, -0.03937007874016224]","[1200.0, 19.199999999999942, -1.2256862191861728e-13]","[47.24409448818898, 0.7559055118110214, -4.8255362960085545e-15]",physical_panel_face,"[0.0, -4.440892098500626e-15, 0.9999999999999999]",[],"{""diameter"": 13.0, ""material_thickness"": 18.256249999999998, ""cutter_depth"": 20.256249999999998}","{""diameter"": 0.5118110236220472, ""material_thickness"": 0.71875, ""cutter_depth"": 0.7974901574803149}","Physical face entry differs from cutter origin by 1 mm overshoot; through drilling, not a blind depth; development geometry, machining tolerance and resistance unqualified",,,,,,,,,,
main_lower_left,led_F2,through_hole,"[1200.0, 199.19999999999993, -1.0000000000001137]","[47.24409448818898, 7.842519685039368, -0.039370078740161955]","[1200.0, 199.19999999999993, -1.2789769243681803e-13]","[47.24409448818898, 7.842519685039368, -5.03534222192197e-15]",physical_panel_face,"[0.0, -4.440892098500626e-15, 0.9999999999999999]",[],"{""diameter"": 13.0, ""material_thickness"": 18.256249999999998, ""cutter_depth"": 20.256249999999998}","{""diameter"": 0.5118110236220472, ""material_thickness"": 0.71875, ""cutter_depth"": 0.7974901574803149}","Physical face entry differs from cutter origin by 1 mm overshoot; through drilling, not a blind depth; development geometry, machining tolerance and resistance unqualified",,,,,,,,,,
main_lower_left,led_F3,through_hole,"[1200.0, 399.1999999999999, -1.0000000000001705]","[47.24409448818898, 15.716535433070861, -0.0393700787401642]","[1200.0, 399.19999999999993, -1.1368683772161603e-13]","[47.24409448818898, 15.716535433070865, -4.475859752819529e-15]",physical_panel_face,"[0.0, -4.440892098500626e-15, 0.9999999999999999]",[],"{""diameter"": 13.0, ""material_thickness"": 18.256249999999998, ""cutter_depth"": 20.256249999999998}","{""diameter"": 0.5118110236220472, ""material_thickness"": 0.71875, ""cutter_depth"": 0.7974901574803149}","Physical face entry differs from cutter origin by 1 mm overshoot; through drilling, not a blind depth; development geometry, machining tolerance and resistance unqualified",,,,,,,,,,
main_lower_left,led_F4,through_hole,"[1200.0, 599.1999999999998, -1.0000000000001137]","[47.24409448818898, 23.590551181102356, -0.039370078740161955]","[1200.0, 599.1999999999998, -5.684341886080802e-14]","[47.24409448818898, 23.590551181102356, -2.2379298764097643e-15]",physical_panel_face,"[0.0, -4.440892098500626e-15, 0.9999999999999999]",[],"{""diameter"": 13.0, ""material_thickness"": 18.256249999999998, ""cutter_depth"": 20.256249999999998}","{""diameter"": 0.5118110236220472, ""material_thickness"": 0.71875, ""cutter_depth"": 0.7974901574803149}","Physical face entry differs from cutter origin by 1 mm overshoot; through drilling, not a blind depth; development geometry, machining tolerance and resistance unqualified",,,,,,,,,,
main_lower_left,led_F5,through_hole,"[1200.0, 799.1999999999998, -1.0000000000002274]","[47.24409448818898, 31.464566929133852, -0.03937007874016643]","[1200.0, 799.1999999999998, -1.1368683772161603e-13]","[47.24409448818898, 31.464566929133852, -4.475859752819529e-15]",physical_panel_face,"[0.0, -4.440892098500626e-15, 0.9999999999999999]",[],"{""diameter"": 13.0, ""material_thickness"": 18.256249999999998, ""cutter_depth"": 20.256249999999998}","{""diameter"": 0.5118110236220472, ""material_thickness"": 0.71875, ""cutter_depth"": 0.7974901574803149}","Physical face entry differs from cutter origin by 1 mm overshoot; through drilling, not a blind depth; development geometry, machining tolerance and resistance unqualified",,,,,,,,,,
main_lower_left,led_F6,through_hole,"[1200.0, 999.1999999999998, -1.0000000000000568]","[47.24409448818898, 39.33858267716535, -0.03937007874015972]","[1200.0, 999.1999999999999, -5.684341886080802e-14]","[47.24409448818898, 39.338582677165356, -2.2379298764097643e-15]",physical_panel_face,"[0.0, -4.440892098500626e-15, 0.9999999999999999]",[],"{""diameter"": 13.0, ""material_thickness"": 18.256249999999998, ""cutter_depth"": 20.256249999999998}","{""diameter"": 0.5118110236220472, ""material_thickness"": 0.71875, ""cutter_depth"": 0.7974901574803149}","Physical face entry differs from cutter origin by 1 mm overshoot; through drilling, not a blind depth; development geometry, machining tolerance and resistance unqualified",,,,,,,,,,
main_lower_left,led_F7,through_hole,"[1200.0, 1199.1999999999998, -1.0000000000001137]","[47.24409448818898, 47.212598425196845, -0.039370078740161955]","[1200.0, 1199.1999999999998, -1.1368683772161603e-13]","[47.24409448818898, 47.212598425196845, -4.475859752819529e-15]",physical_panel_face,"[0.0, -4.440892098500626e-15, 0.9999999999999999]",[],"{""diameter"": 13.0, ""material_thickness"": 18.256249999999998, ""cutter_depth"": 20.256249999999998}","{""diameter"": 0.5118110236220472, ""material_thickness"": 0.71875, ""cutter_depth"": 0.7974901574803149}","Physical face entry differs from cutter origin by 1 mm overshoot; through drilling, not a blind depth; development geometry, machining tolerance and resistance unqualified",,,,,,,,,,
main_upper_left,led_F8,through_hole,"[1200.0, 199.99999999999974, -0.9999999999999858]","[47.24409448818898, 7.8740157480314865, -0.039370078740156925]","[1200.0, 199.99999999999977, 4.263256414560601e-14]","[47.24409448818898, 7.874015748031487, 1.6784474073073234e-15]",physical_panel_face,"[0.0, -4.440892098500626e-15, 0.9999999999999999]",[],"{""diameter"": 13.0, ""material_thickness"": 18.256249999999998, ""cutter_depth"": 20.256249999999998}","{""diameter"": 0.5118110236220472, ""material_thickness"": 0.71875, ""cutter_depth"": 0.7974901574803149}","Physical face entry differs from cutter origin by 1 mm overshoot; through drilling, not a blind depth; development geometry, machining tolerance and resistance unqualified",,,,,,,,,,
main_upper_left,led_F9,through_hole,"[1200.0, 399.9999999999996, -1.0000000000000284]","[47.24409448818898, 15.748031496062977, -0.039370078740158604]","[1200.0, 399.99999999999966, 0.0]","[47.24409448818898, 15.74803149606298, 0.0]",physical_panel_face,"[0.0, -4.440892098500626e-15, 0.9999999999999999]",[],"{""diameter"": 13.0, ""material_thickness"": 18.256249999999998, ""cutter_depth"": 20.256249999999998}","{""diameter"": 0.5118110236220472, ""material_thickness"": 0.71875, ""cutter_depth"": 0.7974901574803149}","Physical face entry differs from cutter origin by 1 mm overshoot; through drilling, not a blind depth; development geometry, machining tolerance and resistance unqualified",,,,,,,,,,
main_upper_left,led_F10,through_hole,"[1200.0, 599.9999999999998, -1.0000000000000568]","[47.24409448818898, 23.62204724409448, -0.03937007874015972]","[1200.0, 599.9999999999998, -5.684341886080802e-14]","[47.24409448818898, 23.62204724409448, -2.2379298764097643e-15]",physical_panel_face,"[0.0, -4.440892098500626e-15, 0.9999999999999999]",[],"{""diameter"": 13.0, ""material_thickness"": 18.256249999999998, ""cutter_depth"": 20.256249999999998}","{""diameter"": 0.5118110236220472, ""material_thickness"": 0.71875, ""cutter_depth"": 0.7974901574803149}","Physical face entry differs from cutter origin by 1 mm overshoot; through drilling, not a blind depth; development geometry, machining tolerance and resistance unqualified",,,,,,,,,,
main_upper_left,led_F11,through_hole,"[1200.0, 799.9999999999995, -1.0000000000000568]","[47.24409448818898, 31.496062992125967, -0.03937007874015972]","[1200.0, 799.9999999999995, 0.0]","[47.24409448818898, 31.496062992125967, 0.0]",physical_panel_face,"[0.0, -4.440892098500626e-15, 0.9999999999999999]",[],"{""diameter"": 13.0, ""material_thickness"": 18.256249999999998, ""cutter_depth"": 20.256249999999998}","{""diameter"": 0.5118110236220472, ""material_thickness"": 0.71875, ""cutter_depth"": 0.7974901574803149}","Physical face entry differs from cutter origin by 1 mm overshoot; through drilling, not a blind depth; development geometry, machining tolerance and resistance unqualified",,,,,,,,,,
main_upper_left,led_F12,through_hole,"[1200.0, 999.9999999999993, -1.0000000000000568]","[47.24409448818898, 39.37007874015745, -0.03937007874015972]","[1200.0, 999.9999999999994, 5.684341886080802e-14]","[47.24409448818898, 39.37007874015746, 2.2379298764097643e-15]",physical_panel_face,"[0.0, -4.440892098500626e-15, 0.9999999999999999]",[],"{""diameter"": 13.0, ""material_thickness"": 18.256249999999998, ""cutter_depth"": 20.256249999999998}","{""diameter"": 0.5118110236220472, ""material_thickness"": 0.71875, ""cutter_depth"": 0.7974901574803149}","Physical face entry differs from cutter origin by 1 mm overshoot; through drilling, not a blind depth; development geometry, machining tolerance and resistance unqualified",,,,,,,,,,
main_lower_right,led_G1,through_hole,"[180.79999999999995, 19.19999999999995, -1.0000000000001208]","[7.118110236220471, 0.7559055118110217, -0.03937007874016224]","[180.79999999999995, 19.199999999999942, -1.2256862191861728e-13]","[7.118110236220471, 0.7559055118110214, -4.8255362960085545e-15]",physical_panel_face,"[0.0, -4.440892098500626e-15, 0.9999999999999999]",[],"{""diameter"": 13.0, ""material_thickness"": 18.256249999999998, ""cutter_depth"": 20.256249999999998}","{""diameter"": 0.5118110236220472, ""material_thickness"": 0.71875, ""cutter_depth"": 0.7974901574803149}","Physical face entry differs from cutter origin by 1 mm overshoot; through drilling, not a blind depth; development geometry, machining tolerance and resistance unqualified",,,,,,,,,,
main_lower_right,led_G2,through_hole,"[180.79999999999995, 199.19999999999993, -1.0000000000001137]","[7.118110236220471, 7.842519685039368, -0.039370078740161955]","[180.79999999999995, 199.19999999999993, -1.2789769243681803e-13]","[7.118110236220471, 7.842519685039368, -5.03534222192197e-15]",physical_panel_face,"[0.0, -4.440892098500626e-15, 0.9999999999999999]",[],"{""diameter"": 13.0, ""material_thickness"": 18.256249999999998, ""cutter_depth"": 20.256249999999998}","{""diameter"": 0.5118110236220472, ""material_thickness"": 0.71875, ""cutter_depth"": 0.7974901574803149}","Physical face entry differs from cutter origin by 1 mm overshoot; through drilling, not a blind depth; development geometry, machining tolerance and resistance unqualified",,,,,,,,,,
main_lower_right,led_G3,through_hole,"[180.79999999999995, 399.1999999999999, -1.0000000000001705]","[7.118110236220471, 15.716535433070861, -0.0393700787401642]","[180.79999999999995, 399.19999999999993, -1.1368683772161603e-13]","[7.118110236220471, 15.716535433070865, -4.475859752819529e-15]",physical_panel_face,"[0.0, -4.440892098500626e-15, 0.9999999999999999]",[],"{""diameter"": 13.0, ""material_thickness"": 18.256249999999998, ""cutter_depth"": 20.256249999999998}","{""diameter"": 0.5118110236220472, ""material_thickness"": 0.71875, ""cutter_depth"": 0.7974901574803149}","Physical face entry differs from cutter origin by 1 mm overshoot; through drilling, not a blind depth; development geometry, machining tolerance and resistance unqualified",,,,,,,,,,
main_lower_right,led_G4,through_hole,"[180.79999999999995, 599.1999999999998, -1.0000000000001137]","[7.118110236220471, 23.590551181102356, -0.039370078740161955]","[180.79999999999995, 599.1999999999998, -5.684341886080802e-14]","[7.118110236220471, 23.590551181102356, -2.2379298764097643e-15]",physical_panel_face,"[0.0, -4.440892098500626e-15, 0.9999999999999999]",[],"{""diameter"": 13.0, ""material_thickness"": 18.256249999999998, ""cutter_depth"": 20.256249999999998}","{""diameter"": 0.5118110236220472, ""material_thickness"": 0.71875, ""cutter_depth"": 0.7974901574803149}","Physical face entry differs from cutter origin by 1 mm overshoot; through drilling, not a blind depth; development geometry, machining tolerance and resistance unqualified",,,,,,,,,,
main_lower_right,led_G5,through_hole,"[180.79999999999995, 799.1999999999998, -1.0000000000002274]","[7.118110236220471, 31.464566929133852, -0.03937007874016643]","[180.79999999999995, 799.1999999999998, -1.1368683772161603e-13]","[7.118110236220471, 31.464566929133852, -4.475859752819529e-15]",physical_panel_face,"[0.0, -4.440892098500626e-15, 0.9999999999999999]",[],"{""diameter"": 13.0, ""material_thickness"": 18.256249999999998, ""cutter_depth"": 20.256249999999998}","{""diameter"": 0.5118110236220472, ""material_thickness"": 0.71875, ""cutter_depth"": 0.7974901574803149}","Physical face entry differs from cutter origin by 1 mm overshoot; through drilling, not a blind depth; development geometry, machining tolerance and resistance unqualified",,,,,,,,,,
main_lower_right,led_G6,through_hole,"[180.79999999999995, 999.1999999999998, -1.0000000000000568]","[7.118110236220471, 39.33858267716535, -0.03937007874015972]","[180.79999999999995, 999.1999999999999, -5.684341886080802e-14]","[7.118110236220471, 39.338582677165356, -2.2379298764097643e-15]",physical_panel_face,"[0.0, -4.440892098500626e-15, 0.9999999999999999]",[],"{""diameter"": 13.0, ""material_thickness"": 18.256249999999998, ""cutter_depth"": 20.256249999999998}","{""diameter"": 0.5118110236220472, ""material_thickness"": 0.71875, ""cutter_depth"": 0.7974901574803149}","Physical face entry differs from cutter origin by 1 mm overshoot; through drilling, not a blind depth; development geometry, machining tolerance and resistance unqualified",,,,,,,,,,
main_lower_right,led_G7,through_hole,"[180.79999999999995, 1199.1999999999998, -1.0000000000001137]","[7.118110236220471, 47.212598425196845, -0.039370078740161955]","[180.79999999999995, 1199.1999999999998, -1.1368683772161603e-13]","[7.118110236220471, 47.212598425196845, -4.475859752819529e-15]",physical_panel_face,"[0.0, -4.440892098500626e-15, 0.9999999999999999]",[],"{""diameter"": 13.0, ""material_thickness"": 18.256249999999998, ""cutter_depth"": 20.256249999999998}","{""diameter"": 0.5118110236220472, ""material_thickness"": 0.71875, ""cutter_depth"": 0.7974901574803149}","Physical face entry differs from cutter origin by 1 mm overshoot; through drilling, not a blind depth; development geometry, machining tolerance and resistance unqualified",,,,,,,,,,
main_upper_right,led_G8,through_hole,"[180.79999999999995, 199.99999999999974, -0.9999999999999858]","[7.118110236220471, 7.8740157480314865, -0.039370078740156925]","[180.79999999999995, 199.99999999999977, 4.263256414560601e-14]","[7.118110236220471, 7.874015748031487, 1.6784474073073234e-15]",physical_panel_face,"[0.0, -4.440892098500626e-15, 0.9999999999999999]",[],"{""diameter"": 13.0, ""material_thickness"": 18.256249999999998, ""cutter_depth"": 20.256249999999998}","{""diameter"": 0.5118110236220472, ""material_thickness"": 0.71875, ""cutter_depth"": 0.7974901574803149}","Physical face entry differs from cutter origin by 1 mm overshoot; through drilling, not a blind depth; development geometry, machining tolerance and resistance unqualified",,,,,,,,,,
main_upper_right,led_G9,through_hole,"[180.79999999999995, 399.9999999999996, -1.0000000000000284]","[7.118110236220471, 15.748031496062977, -0.039370078740158604]","[180.79999999999995, 399.99999999999966, 0.0]","[7.118110236220471, 15.74803149606298, 0.0]",physical_panel_face,"[0.0, -4.440892098500626e-15, 0.9999999999999999]",[],"{""diameter"": 13.0, ""material_thickness"": 18.256249999999998, ""cutter_depth"": 20.256249999999998}","{""diameter"": 0.5118110236220472, ""material_thickness"": 0.71875, ""cutter_depth"": 0.7974901574803149}","Physical face entry differs from cutter origin by 1 mm overshoot; through drilling, not a blind depth; development geometry, machining tolerance and resistance unqualified",,,,,,,,,,
main_upper_right,led_G10,through_hole,"[180.79999999999995, 599.9999999999998, -1.0000000000000568]","[7.118110236220471, 23.62204724409448, -0.03937007874015972]","[180.79999999999995, 599.9999999999998, -5.684341886080802e-14]","[7.118110236220471, 23.62204724409448, -2.2379298764097643e-15]",physical_panel_face,"[0.0, -4.440892098500626e-15, 0.9999999999999999]",[],"{""diameter"": 13.0, ""material_thickness"": 18.256249999999998, ""cutter_depth"": 20.256249999999998}","{""diameter"": 0.5118110236220472, ""material_thickness"": 0.71875, ""cutter_depth"": 0.7974901574803149}","Physical face entry differs from cutter origin by 1 mm overshoot; through drilling, not a blind depth; development geometry, machining tolerance and resistance unqualified",,,,,,,,,,
main_upper_right,led_G11,through_hole,"[180.79999999999995, 799.9999999999995, -1.0000000000000568]","[7.118110236220471, 31.496062992125967, -0.03937007874015972]","[180.79999999999995, 799.9999999999995, 0.0]","[7.118110236220471, 31.496062992125967, 0.0]",physical_panel_face,"[0.0, -4.440892098500626e-15, 0.9999999999999999]",[],"{""diameter"": 13.0, ""material_thickness"": 18.256249999999998, ""cutter_depth"": 20.256249999999998}","{""diameter"": 0.5118110236220472, ""material_thickness"": 0.71875, ""cutter_depth"": 0.7974901574803149}","Physical face entry differs from cutter origin by 1 mm overshoot; through drilling, not a blind depth; development geometry, machining tolerance and resistance unqualified",,,,,,,,,,
main_upper_right,led_G12,through_hole,"[180.79999999999995, 999.9999999999993, -1.0000000000000568]","[7.118110236220471, 39.37007874015745, -0.03937007874015972]","[180.79999999999995, 999.9999999999994, 5.684341886080802e-14]","[7.118110236220471, 39.37007874015746, 2.2379298764097643e-15]",physical_panel_face,"[0.0, -4.440892098500626e-15, 0.9999999999999999]",[],"{""diameter"": 13.0, ""material_thickness"": 18.256249999999998, ""cutter_depth"": 20.256249999999998}","{""diameter"": 0.5118110236220472, ""material_thickness"": 0.71875, ""cutter_depth"": 0.7974901574803149}","Physical face entry differs from cutter origin by 1 mm overshoot; through drilling, not a blind depth; development geometry, machining tolerance and resistance unqualified",,,,,,,,,,
main_lower_right,led_H1,through_hole,"[380.79999999999995, 19.19999999999995, -1.0000000000001208]","[14.992125984251967, 0.7559055118110217, -0.03937007874016224]","[380.79999999999995, 19.199999999999942, -1.2256862191861728e-13]","[14.992125984251967, 0.7559055118110214, -4.8255362960085545e-15]",physical_panel_face,"[0.0, -4.440892098500626e-15, 0.9999999999999999]",[],"{""diameter"": 13.0, ""material_thickness"": 18.256249999999998, ""cutter_depth"": 20.256249999999998}","{""diameter"": 0.5118110236220472, ""material_thickness"": 0.71875, ""cutter_depth"": 0.7974901574803149}","Physical face entry differs from cutter origin by 1 mm overshoot; through drilling, not a blind depth; development geometry, machining tolerance and resistance unqualified",,,,,,,,,,
main_lower_right,led_H2,through_hole,"[380.79999999999995, 199.19999999999993, -1.0000000000001137]","[14.992125984251967, 7.842519685039368, -0.039370078740161955]","[380.79999999999995, 199.19999999999993, -1.2789769243681803e-13]","[14.992125984251967, 7.842519685039368, -5.03534222192197e-15]",physical_panel_face,"[0.0, -4.440892098500626e-15, 0.9999999999999999]",[],"{""diameter"": 13.0, ""material_thickness"": 18.256249999999998, ""cutter_depth"": 20.256249999999998}","{""diameter"": 0.5118110236220472, ""material_thickness"": 0.71875, ""cutter_depth"": 0.7974901574803149}","Physical face entry differs from cutter origin by 1 mm overshoot; through drilling, not a blind depth; development geometry, machining tolerance and resistance unqualified",,,,,,,,,,
main_lower_right,led_H3,through_hole,"[380.79999999999995, 399.1999999999999, -1.0000000000001705]","[14.992125984251967, 15.716535433070861, -0.0393700787401642]","[380.79999999999995, 399.19999999999993, -1.1368683772161603e-13]","[14.992125984251967, 15.716535433070865, -4.475859752819529e-15]",physical_panel_face,"[0.0, -4.440892098500626e-15, 0.9999999999999999]",[],"{""diameter"": 13.0, ""material_thickness"": 18.256249999999998, ""cutter_depth"": 20.256249999999998}","{""diameter"": 0.5118110236220472, ""material_thickness"": 0.71875, ""cutter_depth"": 0.7974901574803149}","Physical face entry differs from cutter origin by 1 mm overshoot; through drilling, not a blind depth; development geometry, machining tolerance and resistance unqualified",,,,,,,,,,
main_lower_right,led_H4,through_hole,"[380.79999999999995, 599.1999999999998, -1.0000000000001137]","[14.992125984251967, 23.590551181102356, -0.039370078740161955]","[380.79999999999995, 599.1999999999998, -5.684341886080802e-14]","[14.992125984251967, 23.590551181102356, -2.2379298764097643e-15]",physical_panel_face,"[0.0, -4.440892098500626e-15, 0.9999999999999999]",[],"{""diameter"": 13.0, ""material_thickness"": 18.256249999999998, ""cutter_depth"": 20.256249999999998}","{""diameter"": 0.5118110236220472, ""material_thickness"": 0.71875, ""cutter_depth"": 0.7974901574803149}","Physical face entry differs from cutter origin by 1 mm overshoot; through drilling, not a blind depth; development geometry, machining tolerance and resistance unqualified",,,,,,,,,,
main_lower_right,led_H5,through_hole,"[380.79999999999995, 799.1999999999998, -1.0000000000002274]","[14.992125984251967, 31.464566929133852, -0.03937007874016643]","[380.79999999999995, 799.1999999999998, -1.1368683772161603e-13]","[14.992125984251967, 31.464566929133852, -4.475859752819529e-15]",physical_panel_face,"[0.0, -4.440892098500626e-15, 0.9999999999999999]",[],"{""diameter"": 13.0, ""material_thickness"": 18.256249999999998, ""cutter_depth"": 20.256249999999998}","{""diameter"": 0.5118110236220472, ""material_thickness"": 0.71875, ""cutter_depth"": 0.7974901574803149}","Physical face entry differs from cutter origin by 1 mm overshoot; through drilling, not a blind depth; development geometry, machining tolerance and resistance unqualified",,,,,,,,,,
main_lower_right,led_H6,through_hole,"[380.79999999999995, 999.1999999999998, -1.0000000000000568]","[14.992125984251967, 39.33858267716535, -0.03937007874015972]","[380.79999999999995, 999.1999999999999, -5.684341886080802e-14]","[14.992125984251967, 39.338582677165356, -2.2379298764097643e-15]",physical_panel_face,"[0.0, -4.440892098500626e-15, 0.9999999999999999]",[],"{""diameter"": 13.0, ""material_thickness"": 18.256249999999998, ""cutter_depth"": 20.256249999999998}","{""diameter"": 0.5118110236220472, ""material_thickness"": 0.71875, ""cutter_depth"": 0.7974901574803149}","Physical face entry differs from cutter origin by 1 mm overshoot; through drilling, not a blind depth; development geometry, machining tolerance and resistance unqualified",,,,,,,,,,
main_lower_right,led_H7,through_hole,"[380.79999999999995, 1199.1999999999998, -1.0000000000001137]","[14.992125984251967, 47.212598425196845, -0.039370078740161955]","[380.79999999999995, 1199.1999999999998, -1.1368683772161603e-13]","[14.992125984251967, 47.212598425196845, -4.475859752819529e-15]",physical_panel_face,"[0.0, -4.440892098500626e-15, 0.9999999999999999]",[],"{""diameter"": 13.0, ""material_thickness"": 18.256249999999998, ""cutter_depth"": 20.256249999999998}","{""diameter"": 0.5118110236220472, ""material_thickness"": 0.71875, ""cutter_depth"": 0.7974901574803149}","Physical face entry differs from cutter origin by 1 mm overshoot; through drilling, not a blind depth; development geometry, machining tolerance and resistance unqualified",,,,,,,,,,
main_upper_right,led_H8,through_hole,"[380.79999999999995, 199.99999999999974, -0.9999999999999858]","[14.992125984251967, 7.8740157480314865, -0.039370078740156925]","[380.79999999999995, 199.99999999999977, 4.263256414560601e-14]","[14.992125984251967, 7.874015748031487, 1.6784474073073234e-15]",physical_panel_face,"[0.0, -4.440892098500626e-15, 0.9999999999999999]",[],"{""diameter"": 13.0, ""material_thickness"": 18.256249999999998, ""cutter_depth"": 20.256249999999998}","{""diameter"": 0.5118110236220472, ""material_thickness"": 0.71875, ""cutter_depth"": 0.7974901574803149}","Physical face entry differs from cutter origin by 1 mm overshoot; through drilling, not a blind depth; development geometry, machining tolerance and resistance unqualified",,,,,,,,,,
main_upper_right,led_H9,through_hole,"[380.79999999999995, 399.9999999999996, -1.0000000000000284]","[14.992125984251967, 15.748031496062977, -0.039370078740158604]","[380.79999999999995, 399.99999999999966, 0.0]","[14.992125984251967, 15.74803149606298, 0.0]",physical_panel_face,"[0.0, -4.440892098500626e-15, 0.9999999999999999]",[],"{""diameter"": 13.0, ""material_thickness"": 18.256249999999998, ""cutter_depth"": 20.256249999999998}","{""diameter"": 0.5118110236220472, ""material_thickness"": 0.71875, ""cutter_depth"": 0.7974901574803149}","Physical face entry differs from cutter origin by 1 mm overshoot; through drilling, not a blind depth; development geometry, machining tolerance and resistance unqualified",,,,,,,,,,
main_upper_right,led_H10,through_hole,"[380.79999999999995, 599.9999999999998, -1.0000000000000568]","[14.992125984251967, 23.62204724409448, -0.03937007874015972]","[380.79999999999995, 599.9999999999998, -5.684341886080802e-14]","[14.992125984251967, 23.62204724409448, -2.2379298764097643e-15]",physical_panel_face,"[0.0, -4.440892098500626e-15, 0.9999999999999999]",[],"{""diameter"": 13.0, ""material_thickness"": 18.256249999999998, ""cutter_depth"": 20.256249999999998}","{""diameter"": 0.5118110236220472, ""material_thickness"": 0.71875, ""cutter_depth"": 0.7974901574803149}","Physical face entry differs from cutter origin by 1 mm overshoot; through drilling, not a blind depth; development geometry, machining tolerance and resistance unqualified",,,,,,,,,,
main_upper_right,led_H11,through_hole,"[380.79999999999995, 799.9999999999995, -1.0000000000000568]","[14.992125984251967, 31.496062992125967, -0.03937007874015972]","[380.79999999999995, 799.9999999999995, 0.0]","[14.992125984251967, 31.496062992125967, 0.0]",physical_panel_face,"[0.0, -4.440892098500626e-15, 0.9999999999999999]",[],"{""diameter"": 13.0, ""material_thickness"": 18.256249999999998, ""cutter_depth"": 20.256249999999998}","{""diameter"": 0.5118110236220472, ""material_thickness"": 0.71875, ""cutter_depth"": 0.7974901574803149}","Physical face entry differs from cutter origin by 1 mm overshoot; through drilling, not a blind depth; development geometry, machining tolerance and resistance unqualified",,,,,,,,,,
main_upper_right,led_H12,through_hole,"[380.79999999999995, 999.9999999999993, -1.0000000000000568]","[14.992125984251967, 39.37007874015745, -0.03937007874015972]","[380.79999999999995, 999.9999999999994, 5.684341886080802e-14]","[14.992125984251967, 39.37007874015746, 2.2379298764097643e-15]",physical_panel_face,"[0.0, -4.440892098500626e-15, 0.9999999999999999]",[],"{""diameter"": 13.0, ""material_thickness"": 18.256249999999998, ""cutter_depth"": 20.256249999999998}","{""diameter"": 0.5118110236220472, ""material_thickness"": 0.71875, ""cutter_depth"": 0.7974901574803149}","Physical face entry differs from cutter origin by 1 mm overshoot; through drilling, not a blind depth; development geometry, machining tolerance and resistance unqualified",,,,,,,,,,
main_lower_right,led_I1,through_hole,"[580.8, 19.19999999999995, -1.0000000000001208]","[22.866141732283463, 0.7559055118110217, -0.03937007874016224]","[580.8, 19.199999999999942, -1.2256862191861728e-13]","[22.866141732283463, 0.7559055118110214, -4.8255362960085545e-15]",physical_panel_face,"[0.0, -4.440892098500626e-15, 0.9999999999999999]",[],"{""diameter"": 13.0, ""material_thickness"": 18.256249999999998, ""cutter_depth"": 20.256249999999998}","{""diameter"": 0.5118110236220472, ""material_thickness"": 0.71875, ""cutter_depth"": 0.7974901574803149}","Physical face entry differs from cutter origin by 1 mm overshoot; through drilling, not a blind depth; development geometry, machining tolerance and resistance unqualified",,,,,,,,,,
main_lower_right,led_I2,through_hole,"[580.8, 199.19999999999993, -1.0000000000001137]","[22.866141732283463, 7.842519685039368, -0.039370078740161955]","[580.8, 199.19999999999993, -1.2789769243681803e-13]","[22.866141732283463, 7.842519685039368, -5.03534222192197e-15]",physical_panel_face,"[0.0, -4.440892098500626e-15, 0.9999999999999999]",[],"{""diameter"": 13.0, ""material_thickness"": 18.256249999999998, ""cutter_depth"": 20.256249999999998}","{""diameter"": 0.5118110236220472, ""material_thickness"": 0.71875, ""cutter_depth"": 0.7974901574803149}","Physical face entry differs from cutter origin by 1 mm overshoot; through drilling, not a blind depth; development geometry, machining tolerance and resistance unqualified",,,,,,,,,,
main_lower_right,led_I3,through_hole,"[580.8, 399.1999999999999, -1.0000000000001705]","[22.866141732283463, 15.716535433070861, -0.0393700787401642]","[580.8, 399.19999999999993, -1.1368683772161603e-13]","[22.866141732283463, 15.716535433070865, -4.475859752819529e-15]",physical_panel_face,"[0.0, -4.440892098500626e-15, 0.9999999999999999]",[],"{""diameter"": 13.0, ""material_thickness"": 18.256249999999998, ""cutter_depth"": 20.256249999999998}","{""diameter"": 0.5118110236220472, ""material_thickness"": 0.71875, ""cutter_depth"": 0.7974901574803149}","Physical face entry differs from cutter origin by 1 mm overshoot; through drilling, not a blind depth; development geometry, machining tolerance and resistance unqualified",,,,,,,,,,
main_lower_right,led_I4,through_hole,"[580.8, 599.1999999999998, -1.0000000000001137]","[22.866141732283463, 23.590551181102356, -0.039370078740161955]","[580.8, 599.1999999999998, -5.684341886080802e-14]","[22.866141732283463, 23.590551181102356, -2.2379298764097643e-15]",physical_panel_face,"[0.0, -4.440892098500626e-15, 0.9999999999999999]",[],"{""diameter"": 13.0, ""material_thickness"": 18.256249999999998, ""cutter_depth"": 20.256249999999998}","{""diameter"": 0.5118110236220472, ""material_thickness"": 0.71875, ""cutter_depth"": 0.7974901574803149}","Physical face entry differs from cutter origin by 1 mm overshoot; through drilling, not a blind depth; development geometry, machining tolerance and resistance unqualified",,,,,,,,,,
main_lower_right,led_I5,through_hole,"[580.8, 799.1999999999998, -1.0000000000002274]","[22.866141732283463, 31.464566929133852, -0.03937007874016643]","[580.8, 799.1999999999998, -1.1368683772161603e-13]","[22.866141732283463, 31.464566929133852, -4.475859752819529e-15]",physical_panel_face,"[0.0, -4.440892098500626e-15, 0.9999999999999999]",[],"{""diameter"": 13.0, ""material_thickness"": 18.256249999999998, ""cutter_depth"": 20.256249999999998}","{""diameter"": 0.5118110236220472, ""material_thickness"": 0.71875, ""cutter_depth"": 0.7974901574803149}","Physical face entry differs from cutter origin by 1 mm overshoot; through drilling, not a blind depth; development geometry, machining tolerance and resistance unqualified",,,,,,,,,,
main_lower_right,led_I6,through_hole,"[580.8, 999.1999999999998, -1.0000000000000568]","[22.866141732283463, 39.33858267716535, -0.03937007874015972]","[580.8, 999.1999999999999, -5.684341886080802e-14]","[22.866141732283463, 39.338582677165356, -2.2379298764097643e-15]",physical_panel_face,"[0.0, -4.440892098500626e-15, 0.9999999999999999]",[],"{""diameter"": 13.0, ""material_thickness"": 18.256249999999998, ""cutter_depth"": 20.256249999999998}","{""diameter"": 0.5118110236220472, ""material_thickness"": 0.71875, ""cutter_depth"": 0.7974901574803149}","Physical face entry differs from cutter origin by 1 mm overshoot; through drilling, not a blind depth; development geometry, machining tolerance and resistance unqualified",,,,,,,,,,
main_lower_right,led_I7,through_hole,"[580.8, 1199.1999999999998, -1.0000000000001137]","[22.866141732283463, 47.212598425196845, -0.039370078740161955]","[580.8, 1199.1999999999998, -1.1368683772161603e-13]","[22.866141732283463, 47.212598425196845, -4.475859752819529e-15]",physical_panel_face,"[0.0, -4.440892098500626e-15, 0.9999999999999999]",[],"{""diameter"": 13.0, ""material_thickness"": 18.256249999999998, ""cutter_depth"": 20.256249999999998}","{""diameter"": 0.5118110236220472, ""material_thickness"": 0.71875, ""cutter_depth"": 0.7974901574803149}","Physical face entry differs from cutter origin by 1 mm overshoot; through drilling, not a blind depth; development geometry, machining tolerance and resistance unqualified",,,,,,,,,,
main_upper_right,led_I8,through_hole,"[580.8, 199.99999999999974, -0.9999999999999858]","[22.866141732283463, 7.8740157480314865, -0.039370078740156925]","[580.8, 199.99999999999977, 4.263256414560601e-14]","[22.866141732283463, 7.874015748031487, 1.6784474073073234e-15]",physical_panel_face,"[0.0, -4.440892098500626e-15, 0.9999999999999999]",[],"{""diameter"": 13.0, ""material_thickness"": 18.256249999999998, ""cutter_depth"": 20.256249999999998}","{""diameter"": 0.5118110236220472, ""material_thickness"": 0.71875, ""cutter_depth"": 0.7974901574803149}","Physical face entry differs from cutter origin by 1 mm overshoot; through drilling, not a blind depth; development geometry, machining tolerance and resistance unqualified",,,,,,,,,,
main_upper_right,led_I9,through_hole,"[580.8, 399.9999999999996, -1.0000000000000284]","[22.866141732283463, 15.748031496062977, -0.039370078740158604]","[580.8, 399.99999999999966, 0.0]","[22.866141732283463, 15.74803149606298, 0.0]",physical_panel_face,"[0.0, -4.440892098500626e-15, 0.9999999999999999]",[],"{""diameter"": 13.0, ""material_thickness"": 18.256249999999998, ""cutter_depth"": 20.256249999999998}","{""diameter"": 0.5118110236220472, ""material_thickness"": 0.71875, ""cutter_depth"": 0.7974901574803149}","Physical face entry differs from cutter origin by 1 mm overshoot; through drilling, not a blind depth; development geometry, machining tolerance and resistance unqualified",,,,,,,,,,
main_upper_right,led_I10,through_hole,"[580.8, 599.9999999999998, -1.0000000000000568]","[22.866141732283463, 23.62204724409448, -0.03937007874015972]","[580.8, 599.9999999999998, -5.684341886080802e-14]","[22.866141732283463, 23.62204724409448, -2.2379298764097643e-15]",physical_panel_face,"[0.0, -4.440892098500626e-15, 0.9999999999999999]",[],"{""diameter"": 13.0, ""material_thickness"": 18.256249999999998, ""cutter_depth"": 20.256249999999998}","{""diameter"": 0.5118110236220472, ""material_thickness"": 0.71875, ""cutter_depth"": 0.7974901574803149}","Physical face entry differs from cutter origin by 1 mm overshoot; through drilling, not a blind depth; development geometry, machining tolerance and resistance unqualified",,,,,,,,,,
main_upper_right,led_I11,through_hole,"[580.8, 799.9999999999995, -1.0000000000000568]","[22.866141732283463, 31.496062992125967, -0.03937007874015972]","[580.8, 799.9999999999995, 0.0]","[22.866141732283463, 31.496062992125967, 0.0]",physical_panel_face,"[0.0, -4.440892098500626e-15, 0.9999999999999999]",[],"{""diameter"": 13.0, ""material_thickness"": 18.256249999999998, ""cutter_depth"": 20.256249999999998}","{""diameter"": 0.5118110236220472, ""material_thickness"": 0.71875, ""cutter_depth"": 0.7974901574803149}","Physical face entry differs from cutter origin by 1 mm overshoot; through drilling, not a blind depth; development geometry, machining tolerance and resistance unqualified",,,,,,,,,,
main_upper_right,led_I12,through_hole,"[580.8, 999.9999999999993, -1.0000000000000568]","[22.866141732283463, 39.37007874015745, -0.03937007874015972]","[580.8, 999.9999999999994, 5.684341886080802e-14]","[22.866141732283463, 39.37007874015746, 2.2379298764097643e-15]",physical_panel_face,"[0.0, -4.440892098500626e-15, 0.9999999999999999]",[],"{""diameter"": 13.0, ""material_thickness"": 18.256249999999998, ""cutter_depth"": 20.256249999999998}","{""diameter"": 0.5118110236220472, ""material_thickness"": 0.71875, ""cutter_depth"": 0.7974901574803149}","Physical face entry differs from cutter origin by 1 mm overshoot; through drilling, not a blind depth; development geometry, machining tolerance and resistance unqualified",,,,,,,,,,
main_lower_right,led_J1,through_hole,"[780.8, 19.19999999999995, -1.0000000000001208]","[30.74015748031496, 0.7559055118110217, -0.03937007874016224]","[780.8, 19.199999999999942, -1.2256862191861728e-13]","[30.74015748031496, 0.7559055118110214, -4.8255362960085545e-15]",physical_panel_face,"[0.0, -4.440892098500626e-15, 0.9999999999999999]",[],"{""diameter"": 13.0, ""material_thickness"": 18.256249999999998, ""cutter_depth"": 20.256249999999998}","{""diameter"": 0.5118110236220472, ""material_thickness"": 0.71875, ""cutter_depth"": 0.7974901574803149}","Physical face entry differs from cutter origin by 1 mm overshoot; through drilling, not a blind depth; development geometry, machining tolerance and resistance unqualified",,,,,,,,,,
main_lower_right,led_J2,through_hole,"[780.8, 199.19999999999993, -1.0000000000001137]","[30.74015748031496, 7.842519685039368, -0.039370078740161955]","[780.8, 199.19999999999993, -1.2789769243681803e-13]","[30.74015748031496, 7.842519685039368, -5.03534222192197e-15]",physical_panel_face,"[0.0, -4.440892098500626e-15, 0.9999999999999999]",[],"{""diameter"": 13.0, ""material_thickness"": 18.256249999999998, ""cutter_depth"": 20.256249999999998}","{""diameter"": 0.5118110236220472, ""material_thickness"": 0.71875, ""cutter_depth"": 0.7974901574803149}","Physical face entry differs from cutter origin by 1 mm overshoot; through drilling, not a blind depth; development geometry, machining tolerance and resistance unqualified",,,,,,,,,,
main_lower_right,led_J3,through_hole,"[780.8, 399.1999999999999, -1.0000000000001705]","[30.74015748031496, 15.716535433070861, -0.0393700787401642]","[780.8, 399.19999999999993, -1.1368683772161603e-13]","[30.74015748031496, 15.716535433070865, -4.475859752819529e-15]",physical_panel_face,"[0.0, -4.440892098500626e-15, 0.9999999999999999]",[],"{""diameter"": 13.0, ""material_thickness"": 18.256249999999998, ""cutter_depth"": 20.256249999999998}","{""diameter"": 0.5118110236220472, ""material_thickness"": 0.71875, ""cutter_depth"": 0.7974901574803149}","Physical face entry differs from cutter origin by 1 mm overshoot; through drilling, not a blind depth; development geometry, machining tolerance and resistance unqualified",,,,,,,,,,
main_lower_right,led_J4,through_hole,"[780.8, 599.1999999999998, -1.0000000000001137]","[30.74015748031496, 23.590551181102356, -0.039370078740161955]","[780.8, 599.1999999999998, -5.684341886080802e-14]","[30.74015748031496, 23.590551181102356, -2.2379298764097643e-15]",physical_panel_face,"[0.0, -4.440892098500626e-15, 0.9999999999999999]",[],"{""diameter"": 13.0, ""material_thickness"": 18.256249999999998, ""cutter_depth"": 20.256249999999998}","{""diameter"": 0.5118110236220472, ""material_thickness"": 0.71875, ""cutter_depth"": 0.7974901574803149}","Physical face entry differs from cutter origin by 1 mm overshoot; through drilling, not a blind depth; development geometry, machining tolerance and resistance unqualified",,,,,,,,,,
main_lower_right,led_J5,through_hole,"[780.8, 799.1999999999998, -1.0000000000002274]","[30.74015748031496, 31.464566929133852, -0.03937007874016643]","[780.8, 799.1999999999998, -1.1368683772161603e-13]","[30.74015748031496, 31.464566929133852, -4.475859752819529e-15]",physical_panel_face,"[0.0, -4.440892098500626e-15, 0.9999999999999999]",[],"{""diameter"": 13.0, ""material_thickness"": 18.256249999999998, ""cutter_depth"": 20.256249999999998}","{""diameter"": 0.5118110236220472, ""material_thickness"": 0.71875, ""cutter_depth"": 0.7974901574803149}","Physical face entry differs from cutter origin by 1 mm overshoot; through drilling, not a blind depth; development geometry, machining tolerance and resistance unqualified",,,,,,,,,,
main_lower_right,led_J6,through_hole,"[780.8, 999.1999999999998, -1.0000000000000568]","[30.74015748031496, 39.33858267716535, -0.03937007874015972]","[780.8, 999.1999999999999, -5.684341886080802e-14]","[30.74015748031496, 39.338582677165356, -2.2379298764097643e-15]",physical_panel_face,"[0.0, -4.440892098500626e-15, 0.9999999999999999]",[],"{""diameter"": 13.0, ""material_thickness"": 18.256249999999998, ""cutter_depth"": 20.256249999999998}","{""diameter"": 0.5118110236220472, ""material_thickness"": 0.71875, ""cutter_depth"": 0.7974901574803149}","Physical face entry differs from cutter origin by 1 mm overshoot; through drilling, not a blind depth; development geometry, machining tolerance and resistance unqualified",,,,,,,,,,
main_lower_right,led_J7,through_hole,"[780.8, 1199.1999999999998, -1.0000000000001137]","[30.74015748031496, 47.212598425196845, -0.039370078740161955]","[780.8, 1199.1999999999998, -1.1368683772161603e-13]","[30.74015748031496, 47.212598425196845, -4.475859752819529e-15]",physical_panel_face,"[0.0, -4.440892098500626e-15, 0.9999999999999999]",[],"{""diameter"": 13.0, ""material_thickness"": 18.256249999999998, ""cutter_depth"": 20.256249999999998}","{""diameter"": 0.5118110236220472, ""material_thickness"": 0.71875, ""cutter_depth"": 0.7974901574803149}","Physical face entry differs from cutter origin by 1 mm overshoot; through drilling, not a blind depth; development geometry, machining tolerance and resistance unqualified",,,,,,,,,,
main_upper_right,led_J8,through_hole,"[780.8, 199.99999999999974, -0.9999999999999858]","[30.74015748031496, 7.8740157480314865, -0.039370078740156925]","[780.8, 199.99999999999977, 4.263256414560601e-14]","[30.74015748031496, 7.874015748031487, 1.6784474073073234e-15]",physical_panel_face,"[0.0, -4.440892098500626e-15, 0.9999999999999999]",[],"{""diameter"": 13.0, ""material_thickness"": 18.256249999999998, ""cutter_depth"": 20.256249999999998}","{""diameter"": 0.5118110236220472, ""material_thickness"": 0.71875, ""cutter_depth"": 0.7974901574803149}","Physical face entry differs from cutter origin by 1 mm overshoot; through drilling, not a blind depth; development geometry, machining tolerance and resistance unqualified",,,,,,,,,,
main_upper_right,led_J9,through_hole,"[780.8, 399.9999999999996, -1.0000000000000284]","[30.74015748031496, 15.748031496062977, -0.039370078740158604]","[780.8, 399.99999999999966, 0.0]","[30.74015748031496, 15.74803149606298, 0.0]",physical_panel_face,"[0.0, -4.440892098500626e-15, 0.9999999999999999]",[],"{""diameter"": 13.0, ""material_thickness"": 18.256249999999998, ""cutter_depth"": 20.256249999999998}","{""diameter"": 0.5118110236220472, ""material_thickness"": 0.71875, ""cutter_depth"": 0.7974901574803149}","Physical face entry differs from cutter origin by 1 mm overshoot; through drilling, not a blind depth; development geometry, machining tolerance and resistance unqualified",,,,,,,,,,
main_upper_right,led_J10,through_hole,"[780.8, 599.9999999999998, -1.0000000000000568]","[30.74015748031496, 23.62204724409448, -0.03937007874015972]","[780.8, 599.9999999999998, -5.684341886080802e-14]","[30.74015748031496, 23.62204724409448, -2.2379298764097643e-15]",physical_panel_face,"[0.0, -4.440892098500626e-15, 0.9999999999999999]",[],"{""diameter"": 13.0, ""material_thickness"": 18.256249999999998, ""cutter_depth"": 20.256249999999998}","{""diameter"": 0.5118110236220472, ""material_thickness"": 0.71875, ""cutter_depth"": 0.7974901574803149}","Physical face entry differs from cutter origin by 1 mm overshoot; through drilling, not a blind depth; development geometry, machining tolerance and resistance unqualified",,,,,,,,,,
main_upper_right,led_J11,through_hole,"[780.8, 799.9999999999995, -1.0000000000000568]","[30.74015748031496, 31.496062992125967, -0.03937007874015972]","[780.8, 799.9999999999995, 0.0]","[30.74015748031496, 31.496062992125967, 0.0]",physical_panel_face,"[0.0, -4.440892098500626e-15, 0.9999999999999999]",[],"{""diameter"": 13.0, ""material_thickness"": 18.256249999999998, ""cutter_depth"": 20.256249999999998}","{""diameter"": 0.5118110236220472, ""material_thickness"": 0.71875, ""cutter_depth"": 0.7974901574803149}","Physical face entry differs from cutter origin by 1 mm overshoot; through drilling, not a blind depth; development geometry, machining tolerance and resistance unqualified",,,,,,,,,,
main_upper_right,led_J12,through_hole,"[780.8, 999.9999999999993, -1.0000000000000568]","[30.74015748031496, 39.37007874015745, -0.03937007874015972]","[780.8, 999.9999999999994, 5.684341886080802e-14]","[30.74015748031496, 39.37007874015746, 2.2379298764097643e-15]",physical_panel_face,"[0.0, -4.440892098500626e-15, 0.9999999999999999]",[],"{""diameter"": 13.0, ""material_thickness"": 18.256249999999998, ""cutter_depth"": 20.256249999999998}","{""diameter"": 0.5118110236220472, ""material_thickness"": 0.71875, ""cutter_depth"": 0.7974901574803149}","Physical face entry differs from cutter origin by 1 mm overshoot; through drilling, not a blind depth; development geometry, machining tolerance and resistance unqualified",,,,,,,,,,
main_lower_right,led_K1,through_hole,"[980.8, 19.19999999999995, -1.0000000000001208]","[38.61417322834646, 0.7559055118110217, -0.03937007874016224]","[980.8, 19.199999999999942, -1.2256862191861728e-13]","[38.61417322834646, 0.7559055118110214, -4.8255362960085545e-15]",physical_panel_face,"[0.0, -4.440892098500626e-15, 0.9999999999999999]",[],"{""diameter"": 13.0, ""material_thickness"": 18.256249999999998, ""cutter_depth"": 20.256249999999998}","{""diameter"": 0.5118110236220472, ""material_thickness"": 0.71875, ""cutter_depth"": 0.7974901574803149}","Physical face entry differs from cutter origin by 1 mm overshoot; through drilling, not a blind depth; development geometry, machining tolerance and resistance unqualified",,,,,,,,,,
main_lower_right,led_K2,through_hole,"[980.8, 199.19999999999993, -1.0000000000001137]","[38.61417322834646, 7.842519685039368, -0.039370078740161955]","[980.8, 199.19999999999993, -1.2789769243681803e-13]","[38.61417322834646, 7.842519685039368, -5.03534222192197e-15]",physical_panel_face,"[0.0, -4.440892098500626e-15, 0.9999999999999999]",[],"{""diameter"": 13.0, ""material_thickness"": 18.256249999999998, ""cutter_depth"": 20.256249999999998}","{""diameter"": 0.5118110236220472, ""material_thickness"": 0.71875, ""cutter_depth"": 0.7974901574803149}","Physical face entry differs from cutter origin by 1 mm overshoot; through drilling, not a blind depth; development geometry, machining tolerance and resistance unqualified",,,,,,,,,,
main_lower_right,led_K3,through_hole,"[980.8, 399.1999999999999, -1.0000000000001705]","[38.61417322834646, 15.716535433070861, -0.0393700787401642]","[980.8, 399.19999999999993, -1.1368683772161603e-13]","[38.61417322834646, 15.716535433070865, -4.475859752819529e-15]",physical_panel_face,"[0.0, -4.440892098500626e-15, 0.9999999999999999]",[],"{""diameter"": 13.0, ""material_thickness"": 18.256249999999998, ""cutter_depth"": 20.256249999999998}","{""diameter"": 0.5118110236220472, ""material_thickness"": 0.71875, ""cutter_depth"": 0.7974901574803149}","Physical face entry differs from cutter origin by 1 mm overshoot; through drilling, not a blind depth; development geometry, machining tolerance and resistance unqualified",,,,,,,,,,
main_lower_right,led_K4,through_hole,"[980.8, 599.1999999999998, -1.0000000000001137]","[38.61417322834646, 23.590551181102356, -0.039370078740161955]","[980.8, 599.1999999999998, -5.684341886080802e-14]","[38.61417322834646, 23.590551181102356, -2.2379298764097643e-15]",physical_panel_face,"[0.0, -4.440892098500626e-15, 0.9999999999999999]",[],"{""diameter"": 13.0, ""material_thickness"": 18.256249999999998, ""cutter_depth"": 20.256249999999998}","{""diameter"": 0.5118110236220472, ""material_thickness"": 0.71875, ""cutter_depth"": 0.7974901574803149}","Physical face entry differs from cutter origin by 1 mm overshoot; through drilling, not a blind depth; development geometry, machining tolerance and resistance unqualified",,,,,,,,,,
main_lower_right,led_K5,through_hole,"[980.8, 799.1999999999998, -1.0000000000002274]","[38.61417322834646, 31.464566929133852, -0.03937007874016643]","[980.8, 799.1999999999998, -1.1368683772161603e-13]","[38.61417322834646, 31.464566929133852, -4.475859752819529e-15]",physical_panel_face,"[0.0, -4.440892098500626e-15, 0.9999999999999999]",[],"{""diameter"": 13.0, ""material_thickness"": 18.256249999999998, ""cutter_depth"": 20.256249999999998}","{""diameter"": 0.5118110236220472, ""material_thickness"": 0.71875, ""cutter_depth"": 0.7974901574803149}","Physical face entry differs from cutter origin by 1 mm overshoot; through drilling, not a blind depth; development geometry, machining tolerance and resistance unqualified",,,,,,,,,,
main_lower_right,led_K6,through_hole,"[980.8, 999.1999999999998, -1.0000000000000568]","[38.61417322834646, 39.33858267716535, -0.03937007874015972]","[980.8, 999.1999999999999, -5.684341886080802e-14]","[38.61417322834646, 39.338582677165356, -2.2379298764097643e-15]",physical_panel_face,"[0.0, -4.440892098500626e-15, 0.9999999999999999]",[],"{""diameter"": 13.0, ""material_thickness"": 18.256249999999998, ""cutter_depth"": 20.256249999999998}","{""diameter"": 0.5118110236220472, ""material_thickness"": 0.71875, ""cutter_depth"": 0.7974901574803149}","Physical face entry differs from cutter origin by 1 mm overshoot; through drilling, not a blind depth; development geometry, machining tolerance and resistance unqualified",,,,,,,,,,
main_lower_right,led_K7,through_hole,"[980.8, 1199.1999999999998, -1.0000000000001137]","[38.61417322834646, 47.212598425196845, -0.039370078740161955]","[980.8, 1199.1999999999998, -1.1368683772161603e-13]","[38.61417322834646, 47.212598425196845, -4.475859752819529e-15]",physical_panel_face,"[0.0, -4.440892098500626e-15, 0.9999999999999999]",[],"{""diameter"": 13.0, ""material_thickness"": 18.256249999999998, ""cutter_depth"": 20.256249999999998}","{""diameter"": 0.5118110236220472, ""material_thickness"": 0.71875, ""cutter_depth"": 0.7974901574803149}","Physical face entry differs from cutter origin by 1 mm overshoot; through drilling, not a blind depth; development geometry, machining tolerance and resistance unqualified",,,,,,,,,,
main_upper_right,led_K8,through_hole,"[980.8, 199.99999999999974, -0.9999999999999858]","[38.61417322834646, 7.8740157480314865, -0.039370078740156925]","[980.8, 199.99999999999977, 4.263256414560601e-14]","[38.61417322834646, 7.874015748031487, 1.6784474073073234e-15]",physical_panel_face,"[0.0, -4.440892098500626e-15, 0.9999999999999999]",[],"{""diameter"": 13.0, ""material_thickness"": 18.256249999999998, ""cutter_depth"": 20.256249999999998}","{""diameter"": 0.5118110236220472, ""material_thickness"": 0.71875, ""cutter_depth"": 0.7974901574803149}","Physical face entry differs from cutter origin by 1 mm overshoot; through drilling, not a blind depth; development geometry, machining tolerance and resistance unqualified",,,,,,,,,,
main_upper_right,led_K9,through_hole,"[980.8, 399.9999999999996, -1.0000000000000284]","[38.61417322834646, 15.748031496062977, -0.039370078740158604]","[980.8, 399.99999999999966, 0.0]","[38.61417322834646, 15.74803149606298, 0.0]",physical_panel_face,"[0.0, -4.440892098500626e-15, 0.9999999999999999]",[],"{""diameter"": 13.0, ""material_thickness"": 18.256249999999998, ""cutter_depth"": 20.256249999999998}","{""diameter"": 0.5118110236220472, ""material_thickness"": 0.71875, ""cutter_depth"": 0.7974901574803149}","Physical face entry differs from cutter origin by 1 mm overshoot; through drilling, not a blind depth; development geometry, machining tolerance and resistance unqualified",,,,,,,,,,
main_upper_right,led_K10,through_hole,"[980.8, 599.9999999999998, -1.0000000000000568]","[38.61417322834646, 23.62204724409448, -0.03937007874015972]","[980.8, 599.9999999999998, -5.684341886080802e-14]","[38.61417322834646, 23.62204724409448, -2.2379298764097643e-15]",physical_panel_face,"[0.0, -4.440892098500626e-15, 0.9999999999999999]",[],"{""diameter"": 13.0, ""material_thickness"": 18.256249999999998, ""cutter_depth"": 20.256249999999998}","{""diameter"": 0.5118110236220472, ""material_thickness"": 0.71875, ""cutter_depth"": 0.7974901574803149}","Physical face entry differs from cutter origin by 1 mm overshoot; through drilling, not a blind depth; development geometry, machining tolerance and resistance unqualified",,,,,,,,,,
main_upper_right,led_K11,through_hole,"[980.8, 799.9999999999995, -1.0000000000000568]","[38.61417322834646, 31.496062992125967, -0.03937007874015972]","[980.8, 799.9999999999995, 0.0]","[38.61417322834646, 31.496062992125967, 0.0]",physical_panel_face,"[0.0, -4.440892098500626e-15, 0.9999999999999999]",[],"{""diameter"": 13.0, ""material_thickness"": 18.256249999999998, ""cutter_depth"": 20.256249999999998}","{""diameter"": 0.5118110236220472, ""material_thickness"": 0.71875, ""cutter_depth"": 0.7974901574803149}","Physical face entry differs from cutter origin by 1 mm overshoot; through drilling, not a blind depth; development geometry, machining tolerance and resistance unqualified",,,,,,,,,,
main_upper_right,led_K12,through_hole,"[980.8, 999.9999999999993, -1.0000000000000568]","[38.61417322834646, 39.37007874015745, -0.03937007874015972]","[980.8, 999.9999999999994, 5.684341886080802e-14]","[38.61417322834646, 39.37007874015746, 2.2379298764097643e-15]",physical_panel_face,"[0.0, -4.440892098500626e-15, 0.9999999999999999]",[],"{""diameter"": 13.0, ""material_thickness"": 18.256249999999998, ""cutter_depth"": 20.256249999999998}","{""diameter"": 0.5118110236220472, ""material_thickness"": 0.71875, ""cutter_depth"": 0.7974901574803149}","Physical face entry differs from cutter origin by 1 mm overshoot; through drilling, not a blind depth; development geometry, machining tolerance and resistance unqualified",,,,,,,,,,
kicker_left,tnut_kicker_1,through_hole,"[100.0, 150.0, 19.256249999999998]","[3.937007874015748, 5.905511811023622, 0.7581200787401574]","[100.0, 150.0, 18.256249999999998]","[3.937007874015748, 5.905511811023622, 0.71875]",physical_panel_face,"[0.0, 0.0, -1.0]",[],"{""diameter"": 11.1125, ""material_thickness"": 18.256249999999998, ""cutter_depth"": 20.256249999999998}","{""diameter"": 0.43750000000000006, ""material_thickness"": 0.71875, ""cutter_depth"": 0.7974901574803149}","Inherited cutter enters rear of kicker; opposite front entry is possible but not a second feature; 1 mm cutter overshoot; development geometry, machining tolerance and resistance unqualified",,,,,,,,,,
kicker_left,tnut_kicker_2,through_hole,"[348.55999999999995, 150.0, 19.256249999999998]","[13.72283464566929, 5.905511811023622, 0.7581200787401574]","[348.55999999999995, 150.0, 18.256249999999998]","[13.72283464566929, 5.905511811023622, 0.71875]",physical_panel_face,"[0.0, 0.0, -1.0]",[],"{""diameter"": 11.1125, ""material_thickness"": 18.256249999999998, ""cutter_depth"": 20.256249999999998}","{""diameter"": 0.43750000000000006, ""material_thickness"": 0.71875, ""cutter_depth"": 0.7974901574803149}","Inherited cutter enters rear of kicker; opposite front entry is possible but not a second feature; 1 mm cutter overshoot; development geometry, machining tolerance and resistance unqualified",,,,,,,,,,
kicker_left,tnut_kicker_3,through_hole,"[597.12, 150.0, 19.256249999999998]","[23.508661417322838, 5.905511811023622, 0.7581200787401574]","[597.12, 150.0, 18.256249999999998]","[23.508661417322838, 5.905511811023622, 0.71875]",physical_panel_face,"[0.0, 0.0, -1.0]",[],"{""diameter"": 11.1125, ""material_thickness"": 18.256249999999998, ""cutter_depth"": 20.256249999999998}","{""diameter"": 0.43750000000000006, ""material_thickness"": 0.71875, ""cutter_depth"": 0.7974901574803149}","Inherited cutter enters rear of kicker; opposite front entry is possible but not a second feature; 1 mm cutter overshoot; development geometry, machining tolerance and resistance unqualified",,,,,,,,,,
kicker_left,tnut_kicker_4,through_hole,"[845.6800000000001, 150.0, 19.256249999999998]","[33.29448818897638, 5.905511811023622, 0.7581200787401574]","[845.6800000000001, 150.0, 18.256249999999998]","[33.29448818897638, 5.905511811023622, 0.71875]",physical_panel_face,"[0.0, 0.0, -1.0]",[],"{""diameter"": 11.1125, ""material_thickness"": 18.256249999999998, ""cutter_depth"": 20.256249999999998}","{""diameter"": 0.43750000000000006, ""material_thickness"": 0.71875, ""cutter_depth"": 0.7974901574803149}","Inherited cutter enters rear of kicker; opposite front entry is possible but not a second feature; 1 mm cutter overshoot; development geometry, machining tolerance and resistance unqualified",,,,,,,,,,
kicker_left,tnut_kicker_5,through_hole,"[1094.24, 150.0, 19.256249999999998]","[43.08031496062993, 5.905511811023622, 0.7581200787401574]","[1094.24, 150.0, 18.256249999999998]","[43.08031496062993, 5.905511811023622, 0.71875]",physical_panel_face,"[0.0, 0.0, -1.0]",[],"{""diameter"": 11.1125, ""material_thickness"": 18.256249999999998, ""cutter_depth"": 20.256249999999998}","{""diameter"": 0.43750000000000006, ""material_thickness"": 0.71875, ""cutter_depth"": 0.7974901574803149}","Inherited cutter enters rear of kicker; opposite front entry is possible but not a second feature; 1 mm cutter overshoot; development geometry, machining tolerance and resistance unqualified",,,,,,,,,,
kicker_right,tnut_kicker_6,through_hole,"[123.59999999999991, 150.0, 19.256249999999998]","[4.866141732283461, 5.905511811023622, 0.7581200787401574]","[123.59999999999991, 150.0, 18.256249999999998]","[4.866141732283461, 5.905511811023622, 0.71875]",physical_panel_face,"[0.0, 0.0, -1.0]",[],"{""diameter"": 11.1125, ""material_thickness"": 18.256249999999998, ""cutter_depth"": 20.256249999999998}","{""diameter"": 0.43750000000000006, ""material_thickness"": 0.71875, ""cutter_depth"": 0.7974901574803149}","Inherited cutter enters rear of kicker; opposite front entry is possible but not a second feature; 1 mm cutter overshoot; development geometry, machining tolerance and resistance unqualified",,,,,,,,,,
kicker_right,tnut_kicker_7,through_hole,"[372.1600000000001, 150.0, 19.256249999999998]","[14.651968503937011, 5.905511811023622, 0.7581200787401574]","[372.1600000000001, 150.0, 18.256249999999998]","[14.651968503937011, 5.905511811023622, 0.71875]",physical_panel_face,"[0.0, 0.0, -1.0]",[],"{""diameter"": 11.1125, ""material_thickness"": 18.256249999999998, ""cutter_depth"": 20.256249999999998}","{""diameter"": 0.43750000000000006, ""material_thickness"": 0.71875, ""cutter_depth"": 0.7974901574803149}","Inherited cutter enters rear of kicker; opposite front entry is possible but not a second feature; 1 mm cutter overshoot; development geometry, machining tolerance and resistance unqualified",,,,,,,,,,
kicker_right,tnut_kicker_8,through_hole,"[620.72, 150.0, 19.256249999999998]","[24.437795275590553, 5.905511811023622, 0.7581200787401574]","[620.72, 150.0, 18.256249999999998]","[24.437795275590553, 5.905511811023622, 0.71875]",physical_panel_face,"[0.0, 0.0, -1.0]",[],"{""diameter"": 11.1125, ""material_thickness"": 18.256249999999998, ""cutter_depth"": 20.256249999999998}","{""diameter"": 0.43750000000000006, ""material_thickness"": 0.71875, ""cutter_depth"": 0.7974901574803149}","Inherited cutter enters rear of kicker; opposite front entry is possible but not a second feature; 1 mm cutter overshoot; development geometry, machining tolerance and resistance unqualified",,,,,,,,,,
kicker_right,tnut_kicker_9,through_hole,"[869.28, 150.0, 19.256249999999998]","[34.22362204724409, 5.905511811023622, 0.7581200787401574]","[869.28, 150.0, 18.256249999999998]","[34.22362204724409, 5.905511811023622, 0.71875]",physical_panel_face,"[0.0, 0.0, -1.0]",[],"{""diameter"": 11.1125, ""material_thickness"": 18.256249999999998, ""cutter_depth"": 20.256249999999998}","{""diameter"": 0.43750000000000006, ""material_thickness"": 0.71875, ""cutter_depth"": 0.7974901574803149}","Inherited cutter enters rear of kicker; opposite front entry is possible but not a second feature; 1 mm cutter overshoot; development geometry, machining tolerance and resistance unqualified",,,,,,,,,,
kicker_right,tnut_kicker_10,through_hole,"[1117.84, 150.0, 19.256249999999998]","[44.00944881889764, 5.905511811023622, 0.7581200787401574]","[1117.84, 150.0, 18.256249999999998]","[44.00944881889764, 5.905511811023622, 0.71875]",physical_panel_face,"[0.0, 0.0, -1.0]",[],"{""diameter"": 11.1125, ""material_thickness"": 18.256249999999998, ""cutter_depth"": 20.256249999999998}","{""diameter"": 0.43750000000000006, ""material_thickness"": 0.71875, ""cutter_depth"": 0.7974901574803149}","Inherited cutter enters rear of kicker; opposite front entry is possible but not a second feature; 1 mm cutter overshoot; development geometry, machining tolerance and resistance unqualified",,,,,,,,,,
timber_bottom_backing,service_tnut_A1,service_reservation,"[161.9000000000001, 99.2, -1.4210854715202004e-14]","[6.3740157480315, 3.905511811023622, -5.594824691024411e-16]","[161.9000000000001, 99.2, -1.4210854715202004e-14]","[6.3740157480315, 3.905511811023622, -5.594824691024411e-16]",cutter_reference_not_verified_surface,"[0.0, -4.440892098500626e-15, 0.9999999999999999]",[],"{""diameter"": 40.0, ""cutter_depth"": 45.0}","{""diameter"": 1.5748031496062993, ""cutter_depth"": 1.7716535433070868}","Straight access reservation, not a qualified bore or wire/driver routing instruction; development geometry, machining tolerance and resistance unqualified",,,,,,,,,,
timber_bottom_backing,service_tnut_B1,service_reservation,"[361.9000000000001, 99.2, -1.4210854715202004e-14]","[14.248031496062996, 3.905511811023622, -5.594824691024411e-16]","[361.9000000000001, 99.2, -1.4210854715202004e-14]","[14.248031496062996, 3.905511811023622, -5.594824691024411e-16]",cutter_reference_not_verified_surface,"[0.0, -4.440892098500626e-15, 0.9999999999999999]",[],"{""diameter"": 40.0, ""cutter_depth"": 45.0}","{""diameter"": 1.5748031496062993, ""cutter_depth"": 1.7716535433070868}","Straight access reservation, not a qualified bore or wire/driver routing instruction; development geometry, machining tolerance and resistance unqualified",,,,,,,,,,
timber_bottom_backing,service_tnut_C1,service_reservation,"[561.9000000000001, 99.2, -1.4210854715202004e-14]","[22.122047244094492, 3.905511811023622, -5.594824691024411e-16]","[561.9000000000001, 99.2, -1.4210854715202004e-14]","[22.122047244094492, 3.905511811023622, -5.594824691024411e-16]",cutter_reference_not_verified_surface,"[0.0, -4.440892098500626e-15, 0.9999999999999999]",[],"{""diameter"": 40.0, ""cutter_depth"": 45.0}","{""diameter"": 1.5748031496062993, ""cutter_depth"": 1.7716535433070868}","Straight access reservation, not a qualified bore or wire/driver routing instruction; development geometry, machining tolerance and resistance unqualified",,,,,,,,,,
timber_bottom_backing,service_tnut_D1,service_reservation,"[761.9000000000001, 99.2, -1.4210854715202004e-14]","[29.99606299212599, 3.905511811023622, -5.594824691024411e-16]","[761.9000000000001, 99.2, -1.4210854715202004e-14]","[29.99606299212599, 3.905511811023622, -5.594824691024411e-16]",cutter_reference_not_verified_surface,"[0.0, -4.440892098500626e-15, 0.9999999999999999]",[],"{""diameter"": 40.0, ""cutter_depth"": 45.0}","{""diameter"": 1.5748031496062993, ""cutter_depth"": 1.7716535433070868}","Straight access reservation, not a qualified bore or wire/driver routing instruction; development geometry, machining tolerance and resistance unqualified",,,,,,,,,,
timber_bottom_backing,service_tnut_E1,service_reservation,"[961.9000000000001, 99.2, -1.4210854715202004e-14]","[37.87007874015749, 3.905511811023622, -5.594824691024411e-16]","[961.9000000000001, 99.2, -1.4210854715202004e-14]","[37.87007874015749, 3.905511811023622, -5.594824691024411e-16]",cutter_reference_not_verified_surface,"[0.0, -4.440892098500626e-15, 0.9999999999999999]",[],"{""diameter"": 40.0, ""cutter_depth"": 45.0}","{""diameter"": 1.5748031496062993, ""cutter_depth"": 1.7716535433070868}","Straight access reservation, not a qualified bore or wire/driver routing instruction; development geometry, machining tolerance and resistance unqualified",,,,,,,,,,
base_principal_left,service_tnut_F1,service_reservation,"[107.79999999999995, 231.52601183665706, 2.8421709430404007e-13]","[4.244094488188975, 9.115197316403822, 1.1189649382048822e-14]","[107.79999999999995, 231.52601183665706, 2.8421709430404007e-13]","[4.244094488188975, 9.115197316403822, 1.1189649382048822e-14]",cutter_reference_not_verified_surface,"[0.0, -4.440892098500626e-15, 0.9999999999999999]",[],"{""diameter"": 40.0, ""cutter_depth"": 45.0}","{""diameter"": 1.5748031496062993, ""cutter_depth"": 1.7716535433070868}","Straight access reservation, not a qualified bore or wire/driver routing instruction; development geometry, machining tolerance and resistance unqualified",,,,,,,,,,
base_principal_right,service_tnut_F1,service_reservation,"[-19.200000000000045, 231.52601183665706, 2.8421709430404007e-13]","[-0.7559055118110255, 9.115197316403822, 1.1189649382048822e-14]","[-19.200000000000045, 231.52601183665706, 2.8421709430404007e-13]","[-0.7559055118110255, 9.115197316403822, 1.1189649382048822e-14]",cutter_reference_not_verified_surface,"[0.0, -4.440892098500626e-15, 0.9999999999999999]",[],"{""diameter"": 40.0, ""cutter_depth"": 45.0}","{""diameter"": 1.5748031496062993, ""cutter_depth"": 1.7716535433070868}","Straight access reservation, not a qualified bore or wire/driver routing instruction; development geometry, machining tolerance and resistance unqualified",,,,,,,,,,
timber_bottom_backing,service_tnut_F1,service_reservation,"[1161.9, 99.2, -1.4210854715202004e-14]","[45.744094488188985, 3.905511811023622, -5.594824691024411e-16]","[1161.9, 99.2, -1.4210854715202004e-14]","[45.744094488188985, 3.905511811023622, -5.594824691024411e-16]",cutter_reference_not_verified_surface,"[0.0, -4.440892098500626e-15, 0.9999999999999999]",[],"{""diameter"": 40.0, ""cutter_depth"": 45.0}","{""diameter"": 1.5748031496062993, ""cutter_depth"": 1.7716535433070868}","Straight access reservation, not a qualified bore or wire/driver routing instruction; development geometry, machining tolerance and resistance unqualified",,,,,,,,,,
base_principal_left,service_tnut_F2,service_reservation,"[107.79999999999995, 431.52601183665706, 2.5579538487363607e-13]","[4.244094488188975, 16.98921306443532, 1.007068444384394e-14]","[107.79999999999995, 431.52601183665706, 2.5579538487363607e-13]","[4.244094488188975, 16.98921306443532, 1.007068444384394e-14]",cutter_reference_not_verified_surface,"[0.0, -4.440892098500626e-15, 0.9999999999999999]",[],"{""diameter"": 40.0, ""cutter_depth"": 45.0}","{""diameter"": 1.5748031496062993, ""cutter_depth"": 1.7716535433070868}","Straight access reservation, not a qualified bore or wire/driver routing instruction; development geometry, machining tolerance and resistance unqualified",,,,,,,,,,
base_principal_right,service_tnut_F2,service_reservation,"[-19.200000000000045, 431.52601183665706, 2.5579538487363607e-13]","[-0.7559055118110255, 16.98921306443532, 1.007068444384394e-14]","[-19.200000000000045, 431.52601183665706, 2.5579538487363607e-13]","[-0.7559055118110255, 16.98921306443532, 1.007068444384394e-14]",cutter_reference_not_verified_surface,"[0.0, -4.440892098500626e-15, 0.9999999999999999]",[],"{""diameter"": 40.0, ""cutter_depth"": 45.0}","{""diameter"": 1.5748031496062993, ""cutter_depth"": 1.7716535433070868}","Straight access reservation, not a qualified bore or wire/driver routing instruction; development geometry, machining tolerance and resistance unqualified",,,,,,,,,,
base_principal_left,service_tnut_F3,service_reservation,"[107.79999999999995, 631.5260118366571, 3.410605131648481e-13]","[4.244094488188975, 24.863228812466815, 1.3427579258458588e-14]","[107.79999999999995, 631.5260118366571, 3.410605131648481e-13]","[4.244094488188975, 24.863228812466815, 1.3427579258458588e-14]",cutter_reference_not_verified_surface,"[0.0, -4.440892098500626e-15, 0.9999999999999999]",[],"{""diameter"": 40.0, ""cutter_depth"": 45.0}","{""diameter"": 1.5748031496062993, ""cutter_depth"": 1.7716535433070868}","Straight access reservation, not a qualified bore or wire/driver routing instruction; development geometry, machining tolerance and resistance unqualified",,,,,,,,,,
base_principal_right,service_tnut_F3,service_reservation,"[-19.200000000000045, 631.5260118366571, 3.410605131648481e-13]","[-0.7559055118110255, 24.863228812466815, 1.3427579258458588e-14]","[-19.200000000000045, 631.5260118366571, 3.410605131648481e-13]","[-0.7559055118110255, 24.863228812466815, 1.3427579258458588e-14]",cutter_reference_not_verified_surface,"[0.0, -4.440892098500626e-15, 0.9999999999999999]",[],"{""diameter"": 40.0, ""cutter_depth"": 45.0}","{""diameter"": 1.5748031496062993, ""cutter_depth"": 1.7716535433070868}","Straight access reservation, not a qualified bore or wire/driver routing instruction; development geometry, machining tolerance and resistance unqualified",,,,,,,,,,
base_principal_left,service_tnut_F4,service_reservation,"[107.79999999999995, 831.5260118366571, 2.2737367544323206e-13]","[4.244094488188975, 32.73724456049831, 8.951719505639057e-15]","[107.79999999999995, 831.5260118366571, 2.2737367544323206e-13]","[4.244094488188975, 32.73724456049831, 8.951719505639057e-15]",cutter_reference_not_verified_surface,"[0.0, -4.440892098500626e-15, 0.9999999999999999]",[],"{""diameter"": 40.0, ""cutter_depth"": 45.0}","{""diameter"": 1.5748031496062993, ""cutter_depth"": 1.7716535433070868}","Straight access reservation, not a qualified bore or wire/driver routing instruction; development geometry, machining tolerance and resistance unqualified",,,,,,,,,,
base_principal_right,service_tnut_F4,service_reservation,"[-19.200000000000045, 831.5260118366571, 2.2737367544323206e-13]","[-0.7559055118110255, 32.73724456049831, 8.951719505639057e-15]","[-19.200000000000045, 831.5260118366571, 2.2737367544323206e-13]","[-0.7559055118110255, 32.73724456049831, 8.951719505639057e-15]",cutter_reference_not_verified_surface,"[0.0, -4.440892098500626e-15, 0.9999999999999999]",[],"{""diameter"": 40.0, ""cutter_depth"": 45.0}","{""diameter"": 1.5748031496062993, ""cutter_depth"": 1.7716535433070868}","Straight access reservation, not a qualified bore or wire/driver routing instruction; development geometry, machining tolerance and resistance unqualified",,,,,,,,,,
base_principal_left,service_tnut_F5,service_reservation,"[107.79999999999995, 1031.526011836657, 3.410605131648481e-13]","[4.244094488188975, 40.61126030852981, 1.3427579258458588e-14]","[107.79999999999995, 1031.526011836657, 3.410605131648481e-13]","[4.244094488188975, 40.61126030852981, 1.3427579258458588e-14]",cutter_reference_not_verified_surface,"[0.0, -4.440892098500626e-15, 0.9999999999999999]",[],"{""diameter"": 40.0, ""cutter_depth"": 45.0}","{""diameter"": 1.5748031496062993, ""cutter_depth"": 1.7716535433070868}","Straight access reservation, not a qualified bore or wire/driver routing instruction; development geometry, machining tolerance and resistance unqualified",,,,,,,,,,
base_principal_right,service_tnut_F5,service_reservation,"[-19.200000000000045, 1031.526011836657, 3.410605131648481e-13]","[-0.7559055118110255, 40.61126030852981, 1.3427579258458588e-14]","[-19.200000000000045, 1031.526011836657, 3.410605131648481e-13]","[-0.7559055118110255, 40.61126030852981, 1.3427579258458588e-14]",cutter_reference_not_verified_surface,"[0.0, -4.440892098500626e-15, 0.9999999999999999]",[],"{""diameter"": 40.0, ""cutter_depth"": 45.0}","{""diameter"": 1.5748031496062993, ""cutter_depth"": 1.7716535433070868}","Straight access reservation, not a qualified bore or wire/driver routing instruction; development geometry, machining tolerance and resistance unqualified",,,,,,,,,,
base_principal_left,service_tnut_F6,service_reservation,"[107.79999999999995, 1231.5260118366568, 2.2737367544323206e-13]","[4.244094488188975, 48.4852760565613, 8.951719505639057e-15]","[107.79999999999995, 1231.5260118366568, 2.2737367544323206e-13]","[4.244094488188975, 48.4852760565613, 8.951719505639057e-15]",cutter_reference_not_verified_surface,"[0.0, -4.440892098500626e-15, 0.9999999999999999]",[],"{""diameter"": 40.0, ""cutter_depth"": 45.0}","{""diameter"": 1.5748031496062993, ""cutter_depth"": 1.7716535433070868}","Straight access reservation, not a qualified bore or wire/driver routing instruction; development geometry, machining tolerance and resistance unqualified",,,,,,,,,,
base_principal_right,service_tnut_F6,service_reservation,"[-19.200000000000045, 1231.5260118366568, 2.2737367544323206e-13]","[-0.7559055118110255, 48.4852760565613, 8.951719505639057e-15]","[-19.200000000000045, 1231.5260118366568, 2.2737367544323206e-13]","[-0.7559055118110255, 48.4852760565613, 8.951719505639057e-15]",cutter_reference_not_verified_surface,"[0.0, -4.440892098500626e-15, 0.9999999999999999]",[],"{""diameter"": 40.0, ""cutter_depth"": 45.0}","{""diameter"": 1.5748031496062993, ""cutter_depth"": 1.7716535433070868}","Straight access reservation, not a qualified bore or wire/driver routing instruction; development geometry, machining tolerance and resistance unqualified",,,,,,,,,,
base_principal_left,service_tnut_F7,service_reservation,"[107.79999999999995, 1451.5260118366573, 3.410605131648481e-13]","[4.244094488188975, 57.14669337939596, 1.3427579258458588e-14]","[107.79999999999995, 1451.5260118366573, 3.410605131648481e-13]","[4.244094488188975, 57.14669337939596, 1.3427579258458588e-14]",cutter_reference_not_verified_surface,"[0.0, -4.440892098500626e-15, 0.9999999999999999]",[],"{""diameter"": 40.0, ""cutter_depth"": 45.0}","{""diameter"": 1.5748031496062993, ""cutter_depth"": 1.7716535433070868}","Straight access reservation, not a qualified bore or wire/driver routing instruction; development geometry, machining tolerance and resistance unqualified",,,,,,,,,,
base_principal_right,service_tnut_F7,service_reservation,"[-19.200000000000045, 1451.5260118366573, 3.410605131648481e-13]","[-0.7559055118110255, 57.14669337939596, 1.3427579258458588e-14]","[-19.200000000000045, 1451.5260118366573, 3.410605131648481e-13]","[-0.7559055118110255, 57.14669337939596, 1.3427579258458588e-14]",cutter_reference_not_verified_surface,"[0.0, -4.440892098500626e-15, 0.9999999999999999]",[],"{""diameter"": 40.0, ""cutter_depth"": 45.0}","{""diameter"": 1.5748031496062993, ""cutter_depth"": 1.7716535433070868}","Straight access reservation, not a qualified bore or wire/driver routing instruction; development geometry, machining tolerance and resistance unqualified",,,,,,,,,,
base_principal_left,service_tnut_F8,service_reservation,"[107.79999999999995, 1651.5260118366568, 2.2737367544323206e-13]","[4.244094488188975, 65.02070912742744, 8.951719505639057e-15]","[107.79999999999995, 1651.5260118366568, 2.2737367544323206e-13]","[4.244094488188975, 65.02070912742744, 8.951719505639057e-15]",cutter_reference_not_verified_surface,"[0.0, -4.440892098500626e-15, 0.9999999999999999]",[],"{""diameter"": 40.0, ""cutter_depth"": 45.0}","{""diameter"": 1.5748031496062993, ""cutter_depth"": 1.7716535433070868}","Straight access reservation, not a qualified bore or wire/driver routing instruction; development geometry, machining tolerance and resistance unqualified",,,,,,,,,,
base_principal_right,service_tnut_F8,service_reservation,"[-19.200000000000045, 1651.5260118366568, 2.2737367544323206e-13]","[-0.7559055118110255, 65.02070912742744, 8.951719505639057e-15]","[-19.200000000000045, 1651.5260118366568, 2.2737367544323206e-13]","[-0.7559055118110255, 65.02070912742744, 8.951719505639057e-15]",cutter_reference_not_verified_surface,"[0.0, -4.440892098500626e-15, 0.9999999999999999]",[],"{""diameter"": 40.0, ""cutter_depth"": 45.0}","{""diameter"": 1.5748031496062993, ""cutter_depth"": 1.7716535433070868}","Straight access reservation, not a qualified bore or wire/driver routing instruction; development geometry, machining tolerance and resistance unqualified",,,,,,,,,,
base_principal_left,service_tnut_F9,service_reservation,"[107.79999999999995, 1851.526011836657, 4.547473508864641e-13]","[4.244094488188975, 72.89472487545895, 1.7903439011278115e-14]","[107.79999999999995, 1851.526011836657, 4.547473508864641e-13]","[4.244094488188975, 72.89472487545895, 1.7903439011278115e-14]",cutter_reference_not_verified_surface,"[0.0, -4.440892098500626e-15, 0.9999999999999999]",[],"{""diameter"": 40.0, ""cutter_depth"": 45.0}","{""diameter"": 1.5748031496062993, ""cutter_depth"": 1.7716535433070868}","Straight access reservation, not a qualified bore or wire/driver routing instruction; development geometry, machining tolerance and resistance unqualified",,,,,,,,,,
base_principal_right,service_tnut_F9,service_reservation,"[-19.200000000000045, 1851.526011836657, 4.547473508864641e-13]","[-0.7559055118110255, 72.89472487545895, 1.7903439011278115e-14]","[-19.200000000000045, 1851.526011836657, 4.547473508864641e-13]","[-0.7559055118110255, 72.89472487545895, 1.7903439011278115e-14]",cutter_reference_not_verified_surface,"[0.0, -4.440892098500626e-15, 0.9999999999999999]",[],"{""diameter"": 40.0, ""cutter_depth"": 45.0}","{""diameter"": 1.5748031496062993, ""cutter_depth"": 1.7716535433070868}","Straight access reservation, not a qualified bore or wire/driver routing instruction; development geometry, machining tolerance and resistance unqualified",,,,,,,,,,
base_principal_left,service_tnut_F10,service_reservation,"[107.79999999999995, 2051.5260118366573, 3.410605131648481e-13]","[4.244094488188975, 80.76874062349044, 1.3427579258458588e-14]","[107.79999999999995, 2051.5260118366573, 3.410605131648481e-13]","[4.244094488188975, 80.76874062349044, 1.3427579258458588e-14]",cutter_reference_not_verified_surface,"[0.0, -4.440892098500626e-15, 0.9999999999999999]",[],"{""diameter"": 40.0, ""cutter_depth"": 45.0}","{""diameter"": 1.5748031496062993, ""cutter_depth"": 1.7716535433070868}","Straight access reservation, not a qualified bore or wire/driver routing instruction; development geometry, machining tolerance and resistance unqualified",,,,,,,,,,
base_principal_right,service_tnut_F10,service_reservation,"[-19.200000000000045, 2051.5260118366573, 3.410605131648481e-13]","[-0.7559055118110255, 80.76874062349044, 1.3427579258458588e-14]","[-19.200000000000045, 2051.5260118366573, 3.410605131648481e-13]","[-0.7559055118110255, 80.76874062349044, 1.3427579258458588e-14]",cutter_reference_not_verified_surface,"[0.0, -4.440892098500626e-15, 0.9999999999999999]",[],"{""diameter"": 40.0, ""cutter_depth"": 45.0}","{""diameter"": 1.5748031496062993, ""cutter_depth"": 1.7716535433070868}","Straight access reservation, not a qualified bore or wire/driver routing instruction; development geometry, machining tolerance and resistance unqualified",,,,,,,,,,
base_principal_left,service_tnut_F11,service_reservation,"[107.79999999999995, 2251.526011836657, 2.2737367544323206e-13]","[4.244094488188975, 88.64275637152193, 8.951719505639057e-15]","[107.79999999999995, 2251.526011836657, 2.2737367544323206e-13]","[4.244094488188975, 88.64275637152193, 8.951719505639057e-15]",cutter_reference_not_verified_surface,"[0.0, -4.440892098500626e-15, 0.9999999999999999]",[],"{""diameter"": 40.0, ""cutter_depth"": 45.0}","{""diameter"": 1.5748031496062993, ""cutter_depth"": 1.7716535433070868}","Straight access reservation, not a qualified bore or wire/driver routing instruction; development geometry, machining tolerance and resistance unqualified",,,,,,,,,,
base_principal_right,service_tnut_F11,service_reservation,"[-19.200000000000045, 2251.526011836657, 2.2737367544323206e-13]","[-0.7559055118110255, 88.64275637152193, 8.951719505639057e-15]","[-19.200000000000045, 2251.526011836657, 2.2737367544323206e-13]","[-0.7559055118110255, 88.64275637152193, 8.951719505639057e-15]",cutter_reference_not_verified_surface,"[0.0, -4.440892098500626e-15, 0.9999999999999999]",[],"{""diameter"": 40.0, ""cutter_depth"": 45.0}","{""diameter"": 1.5748031496062993, ""cutter_depth"": 1.7716535433070868}","Straight access reservation, not a qualified bore or wire/driver routing instruction; development geometry, machining tolerance and resistance unqualified",,,,,,,,,,
base_principal_left,service_tnut_F12,service_reservation,"[107.79999999999995, 2451.526011836657, 4.547473508864641e-13]","[4.244094488188975, 96.51677211955342, 1.7903439011278115e-14]","[107.79999999999995, 2451.526011836657, 4.547473508864641e-13]","[4.244094488188975, 96.51677211955342, 1.7903439011278115e-14]",cutter_reference_not_verified_surface,"[0.0, -4.440892098500626e-15, 0.9999999999999999]",[],"{""diameter"": 40.0, ""cutter_depth"": 45.0}","{""diameter"": 1.5748031496062993, ""cutter_depth"": 1.7716535433070868}","Straight access reservation, not a qualified bore or wire/driver routing instruction; development geometry, machining tolerance and resistance unqualified",,,,,,,,,,
base_principal_right,service_tnut_F12,service_reservation,"[-19.200000000000045, 2451.526011836657, 4.547473508864641e-13]","[-0.7559055118110255, 96.51677211955342, 1.7903439011278115e-14]","[-19.200000000000045, 2451.526011836657, 4.547473508864641e-13]","[-0.7559055118110255, 96.51677211955342, 1.7903439011278115e-14]",cutter_reference_not_verified_surface,"[0.0, -4.440892098500626e-15, 0.9999999999999999]",[],"{""diameter"": 40.0, ""cutter_depth"": 45.0}","{""diameter"": 1.5748031496062993, ""cutter_depth"": 1.7716535433070868}","Straight access reservation, not a qualified bore or wire/driver routing instruction; development geometry, machining tolerance and resistance unqualified",,,,,,,,,,
timber_bottom_backing,service_tnut_G1,service_reservation,"[1361.9, 99.2, -1.4210854715202004e-14]","[53.61811023622048, 3.905511811023622, -5.594824691024411e-16]","[1361.9, 99.2, -1.4210854715202004e-14]","[53.61811023622048, 3.905511811023622, -5.594824691024411e-16]",cutter_reference_not_verified_surface,"[0.0, -4.440892098500626e-15, 0.9999999999999999]",[],"{""diameter"": 40.0, ""cutter_depth"": 45.0}","{""diameter"": 1.5748031496062993, ""cutter_depth"": 1.7716535433070868}","Straight access reservation, not a qualified bore or wire/driver routing instruction; development geometry, machining tolerance and resistance unqualified",,,,,,,,,,
timber_bottom_backing,service_tnut_H1,service_reservation,"[1561.9, 99.2, -1.4210854715202004e-14]","[61.49212598425198, 3.905511811023622, -5.594824691024411e-16]","[1561.9, 99.2, -1.4210854715202004e-14]","[61.49212598425198, 3.905511811023622, -5.594824691024411e-16]",cutter_reference_not_verified_surface,"[0.0, -4.440892098500626e-15, 0.9999999999999999]",[],"{""diameter"": 40.0, ""cutter_depth"": 45.0}","{""diameter"": 1.5748031496062993, ""cutter_depth"": 1.7716535433070868}","Straight access reservation, not a qualified bore or wire/driver routing instruction; development geometry, machining tolerance and resistance unqualified",,,,,,,,,,
timber_bottom_backing,service_tnut_I1,service_reservation,"[1761.9, 99.2, -1.4210854715202004e-14]","[69.36614173228347, 3.905511811023622, -5.594824691024411e-16]","[1761.9, 99.2, -1.4210854715202004e-14]","[69.36614173228347, 3.905511811023622, -5.594824691024411e-16]",cutter_reference_not_verified_surface,"[0.0, -4.440892098500626e-15, 0.9999999999999999]",[],"{""diameter"": 40.0, ""cutter_depth"": 45.0}","{""diameter"": 1.5748031496062993, ""cutter_depth"": 1.7716535433070868}","Straight access reservation, not a qualified bore or wire/driver routing instruction; development geometry, machining tolerance and resistance unqualified",,,,,,,,,,
timber_bottom_backing,service_tnut_J1,service_reservation,"[1961.9, 99.2, -1.4210854715202004e-14]","[77.24015748031496, 3.905511811023622, -5.594824691024411e-16]","[1961.9, 99.2, -1.4210854715202004e-14]","[77.24015748031496, 3.905511811023622, -5.594824691024411e-16]",cutter_reference_not_verified_surface,"[0.0, -4.440892098500626e-15, 0.9999999999999999]",[],"{""diameter"": 40.0, ""cutter_depth"": 45.0}","{""diameter"": 1.5748031496062993, ""cutter_depth"": 1.7716535433070868}","Straight access reservation, not a qualified bore or wire/driver routing instruction; development geometry, machining tolerance and resistance unqualified",,,,,,,,,,
timber_bottom_backing,service_tnut_K1,service_reservation,"[2161.9, 99.2, -1.4210854715202004e-14]","[85.11417322834646, 3.905511811023622, -5.594824691024411e-16]","[2161.9, 99.2, -1.4210854715202004e-14]","[85.11417322834646, 3.905511811023622, -5.594824691024411e-16]",cutter_reference_not_verified_surface,"[0.0, -4.440892098500626e-15, 0.9999999999999999]",[],"{""diameter"": 40.0, ""cutter_depth"": 45.0}","{""diameter"": 1.5748031496062993, ""cutter_depth"": 1.7716535433070868}","Straight access reservation, not a qualified bore or wire/driver routing instruction; development geometry, machining tolerance and resistance unqualified",,,,,,,,,,
timber_bottom_backing,service_led_A1,service_reservation,"[161.9000000000001, 19.200000000000003, -1.5987211554602254e-14]","[6.3740157480315, 0.7559055118110237, -6.294177777402463e-16]","[161.9000000000001, 19.200000000000003, -1.5987211554602254e-14]","[6.3740157480315, 0.7559055118110237, -6.294177777402463e-16]",cutter_reference_not_verified_surface,"[0.0, -4.440892098500626e-15, 0.9999999999999999]",[],"{""diameter"": 40.0, ""cutter_depth"": 45.0}","{""diameter"": 1.5748031496062993, ""cutter_depth"": 1.7716535433070868}","Straight access reservation, not a qualified bore or wire/driver routing instruction; development geometry, machining tolerance and resistance unqualified",,,,,,,,,,
base_rail_mid_lower_left,service_led_A7,service_reservation,"[161.9000000000001, 18.09999999999959, -4.263256414560601e-14]","[6.3740157480315, 0.7125984251968343, -1.6784474073073234e-15]","[161.9000000000001, 18.09999999999959, -4.263256414560601e-14]","[6.3740157480315, 0.7125984251968343, -1.6784474073073234e-15]",cutter_reference_not_verified_surface,"[0.0, -4.440892098500626e-15, 0.9999999999999999]",[],"{""diameter"": 40.0, ""cutter_depth"": 45.0}","{""diameter"": 1.5748031496062993, ""cutter_depth"": 1.7716535433070868}","Straight access reservation, not a qualified bore or wire/driver routing instruction; development geometry, machining tolerance and resistance unqualified",,,,,,,,,,
timber_bottom_backing,service_led_B1,service_reservation,"[361.9000000000001, 19.200000000000003, -1.5987211554602254e-14]","[14.248031496062996, 0.7559055118110237, -6.294177777402463e-16]","[361.9000000000001, 19.200000000000003, -1.5987211554602254e-14]","[14.248031496062996, 0.7559055118110237, -6.294177777402463e-16]",cutter_reference_not_verified_surface,"[0.0, -4.440892098500626e-15, 0.9999999999999999]",[],"{""diameter"": 40.0, ""cutter_depth"": 45.0}","{""diameter"": 1.5748031496062993, ""cutter_depth"": 1.7716535433070868}","Straight access reservation, not a qualified bore or wire/driver routing instruction; development geometry, machining tolerance and resistance unqualified",,,,,,,,,,
base_rail_mid_lower_left,service_led_B7,service_reservation,"[361.9000000000001, 18.09999999999959, -4.263256414560601e-14]","[14.248031496062996, 0.7125984251968343, -1.6784474073073234e-15]","[361.9000000000001, 18.09999999999959, -4.263256414560601e-14]","[14.248031496062996, 0.7125984251968343, -1.6784474073073234e-15]",cutter_reference_not_verified_surface,"[0.0, -4.440892098500626e-15, 0.9999999999999999]",[],"{""diameter"": 40.0, ""cutter_depth"": 45.0}","{""diameter"": 1.5748031496062993, ""cutter_depth"": 1.7716535433070868}","Straight access reservation, not a qualified bore or wire/driver routing instruction; development geometry, machining tolerance and resistance unqualified",,,,,,,,,,
timber_bottom_backing,service_led_C1,service_reservation,"[561.9000000000001, 19.200000000000003, -1.5987211554602254e-14]","[22.122047244094492, 0.7559055118110237, -6.294177777402463e-16]","[561.9000000000001, 19.200000000000003, -1.5987211554602254e-14]","[22.122047244094492, 0.7559055118110237, -6.294177777402463e-16]",cutter_reference_not_verified_surface,"[0.0, -4.440892098500626e-15, 0.9999999999999999]",[],"{""diameter"": 40.0, ""cutter_depth"": 45.0}","{""diameter"": 1.5748031496062993, ""cutter_depth"": 1.7716535433070868}","Straight access reservation, not a qualified bore or wire/driver routing instruction; development geometry, machining tolerance and resistance unqualified",,,,,,,,,,
base_rail_mid_lower_left,service_led_C7,service_reservation,"[561.9000000000001, 18.09999999999959, -4.263256414560601e-14]","[22.122047244094492, 0.7125984251968343, -1.6784474073073234e-15]","[561.9000000000001, 18.09999999999959, -4.263256414560601e-14]","[22.122047244094492, 0.7125984251968343, -1.6784474073073234e-15]",cutter_reference_not_verified_surface,"[0.0, -4.440892098500626e-15, 0.9999999999999999]",[],"{""diameter"": 40.0, ""cutter_depth"": 45.0}","{""diameter"": 1.5748031496062993, ""cutter_depth"": 1.7716535433070868}","Straight access reservation, not a qualified bore or wire/driver routing instruction; development geometry, machining tolerance and resistance unqualified",,,,,,,,,,
timber_bottom_backing,service_led_D1,service_reservation,"[761.9000000000001, 19.200000000000003, -1.5987211554602254e-14]","[29.99606299212599, 0.7559055118110237, -6.294177777402463e-16]","[761.9000000000001, 19.200000000000003, -1.5987211554602254e-14]","[29.99606299212599, 0.7559055118110237, -6.294177777402463e-16]",cutter_reference_not_verified_surface,"[0.0, -4.440892098500626e-15, 0.9999999999999999]",[],"{""diameter"": 40.0, ""cutter_depth"": 45.0}","{""diameter"": 1.5748031496062993, ""cutter_depth"": 1.7716535433070868}","Straight access reservation, not a qualified bore or wire/driver routing instruction; development geometry, machining tolerance and resistance unqualified",,,,,,,,,,
base_rail_mid_lower_left,service_led_D7,service_reservation,"[761.9000000000001, 18.09999999999959, -4.263256414560601e-14]","[29.99606299212599, 0.7125984251968343, -1.6784474073073234e-15]","[761.9000000000001, 18.09999999999959, -4.263256414560601e-14]","[29.99606299212599, 0.7125984251968343, -1.6784474073073234e-15]",cutter_reference_not_verified_surface,"[0.0, -4.440892098500626e-15, 0.9999999999999999]",[],"{""diameter"": 40.0, ""cutter_depth"": 45.0}","{""diameter"": 1.5748031496062993, ""cutter_depth"": 1.7716535433070868}","Straight access reservation, not a qualified bore or wire/driver routing instruction; development geometry, machining tolerance and resistance unqualified",,,,,,,,,,
timber_bottom_backing,service_led_E1,service_reservation,"[961.9000000000001, 19.200000000000003, -1.5987211554602254e-14]","[37.87007874015749, 0.7559055118110237, -6.294177777402463e-16]","[961.9000000000001, 19.200000000000003, -1.5987211554602254e-14]","[37.87007874015749, 0.7559055118110237, -6.294177777402463e-16]",cutter_reference_not_verified_surface,"[0.0, -4.440892098500626e-15, 0.9999999999999999]",[],"{""diameter"": 40.0, ""cutter_depth"": 45.0}","{""diameter"": 1.5748031496062993, ""cutter_depth"": 1.7716535433070868}","Straight access reservation, not a qualified bore or wire/driver routing instruction; development geometry, machining tolerance and resistance unqualified",,,,,,,,,,
base_rail_mid_lower_left,service_led_E7,service_reservation,"[961.9000000000001, 18.09999999999959, -4.263256414560601e-14]","[37.87007874015749, 0.7125984251968343, -1.6784474073073234e-15]","[961.9000000000001, 18.09999999999959, -4.263256414560601e-14]","[37.87007874015749, 0.7125984251968343, -1.6784474073073234e-15]",cutter_reference_not_verified_surface,"[0.0, -4.440892098500626e-15, 0.9999999999999999]",[],"{""diameter"": 40.0, ""cutter_depth"": 45.0}","{""diameter"": 1.5748031496062993, ""cutter_depth"": 1.7716535433070868}","Straight access reservation, not a qualified bore or wire/driver routing instruction; development geometry, machining tolerance and resistance unqualified",,,,,,,,,,
base_principal_left,service_led_F1,service_reservation,"[107.79999999999995, 151.52601183665706, 2.8421709430404007e-13]","[4.244094488188975, 5.965591017191223, 1.1189649382048822e-14]","[107.79999999999995, 151.52601183665706, 2.8421709430404007e-13]","[4.244094488188975, 5.965591017191223, 1.1189649382048822e-14]",cutter_reference_not_verified_surface,"[0.0, -4.440892098500626e-15, 0.9999999999999999]",[],"{""diameter"": 40.0, ""cutter_depth"": 45.0}","{""diameter"": 1.5748031496062993, ""cutter_depth"": 1.7716535433070868}","Straight access reservation, not a qualified bore or wire/driver routing instruction; development geometry, machining tolerance and resistance unqualified",,,,,,,,,,
base_principal_right,service_led_F1,service_reservation,"[-19.200000000000045, 151.52601183665706, 2.8421709430404007e-13]","[-0.7559055118110255, 5.965591017191223, 1.1189649382048822e-14]","[-19.200000000000045, 151.52601183665706, 2.8421709430404007e-13]","[-0.7559055118110255, 5.965591017191223, 1.1189649382048822e-14]",cutter_reference_not_verified_surface,"[0.0, -4.440892098500626e-15, 0.9999999999999999]",[],"{""diameter"": 40.0, ""cutter_depth"": 45.0}","{""diameter"": 1.5748031496062993, ""cutter_depth"": 1.7716535433070868}","Straight access reservation, not a qualified bore or wire/driver routing instruction; development geometry, machining tolerance and resistance unqualified",,,,,,,,,,
timber_bottom_backing,service_led_F1,service_reservation,"[1161.9, 19.200000000000003, -1.5987211554602254e-14]","[45.744094488188985, 0.7559055118110237, -6.294177777402463e-16]","[1161.9, 19.200000000000003, -1.5987211554602254e-14]","[45.744094488188985, 0.7559055118110237, -6.294177777402463e-16]",cutter_reference_not_verified_surface,"[0.0, -4.440892098500626e-15, 0.9999999999999999]",[],"{""diameter"": 40.0, ""cutter_depth"": 45.0}","{""diameter"": 1.5748031496062993, ""cutter_depth"": 1.7716535433070868}","Straight access reservation, not a qualified bore or wire/driver routing instruction; development geometry, machining tolerance and resistance unqualified",,,,,,,,,,
base_principal_left,service_led_F2,service_reservation,"[107.79999999999995, 331.52601183665706, 2.8421709430404007e-13]","[4.244094488188975, 13.05220519041957, 1.1189649382048822e-14]","[107.79999999999995, 331.52601183665706, 2.8421709430404007e-13]","[4.244094488188975, 13.05220519041957, 1.1189649382048822e-14]",cutter_reference_not_verified_surface,"[0.0, -4.440892098500626e-15, 0.9999999999999999]",[],"{""diameter"": 40.0, ""cutter_depth"": 45.0}","{""diameter"": 1.5748031496062993, ""cutter_depth"": 1.7716535433070868}","Straight access reservation, not a qualified bore or wire/driver routing instruction; development geometry, machining tolerance and resistance unqualified",,,,,,,,,,
base_principal_right,service_led_F2,service_reservation,"[-19.200000000000045, 331.52601183665706, 2.8421709430404007e-13]","[-0.7559055118110255, 13.05220519041957, 1.1189649382048822e-14]","[-19.200000000000045, 331.52601183665706, 2.8421709430404007e-13]","[-0.7559055118110255, 13.05220519041957, 1.1189649382048822e-14]",cutter_reference_not_verified_surface,"[0.0, -4.440892098500626e-15, 0.9999999999999999]",[],"{""diameter"": 40.0, ""cutter_depth"": 45.0}","{""diameter"": 1.5748031496062993, ""cutter_depth"": 1.7716535433070868}","Straight access reservation, not a qualified bore or wire/driver routing instruction; development geometry, machining tolerance and resistance unqualified",,,,,,,,,,
base_principal_left,service_led_F3,service_reservation,"[107.79999999999995, 531.5260118366571, 2.2737367544323206e-13]","[4.244094488188975, 20.926220938451067, 8.951719505639057e-15]","[107.79999999999995, 531.5260118366571, 2.2737367544323206e-13]","[4.244094488188975, 20.926220938451067, 8.951719505639057e-15]",cutter_reference_not_verified_surface,"[0.0, -4.440892098500626e-15, 0.9999999999999999]",[],"{""diameter"": 40.0, ""cutter_depth"": 45.0}","{""diameter"": 1.5748031496062993, ""cutter_depth"": 1.7716535433070868}","Straight access reservation, not a qualified bore or wire/driver routing instruction; development geometry, machining tolerance and resistance unqualified",,,,,,,,,,
base_principal_right,service_led_F3,service_reservation,"[-19.200000000000045, 531.5260118366571, 2.2737367544323206e-13]","[-0.7559055118110255, 20.926220938451067, 8.951719505639057e-15]","[-19.200000000000045, 531.5260118366571, 2.2737367544323206e-13]","[-0.7559055118110255, 20.926220938451067, 8.951719505639057e-15]",cutter_reference_not_verified_surface,"[0.0, -4.440892098500626e-15, 0.9999999999999999]",[],"{""diameter"": 40.0, ""cutter_depth"": 45.0}","{""diameter"": 1.5748031496062993, ""cutter_depth"": 1.7716535433070868}","Straight access reservation, not a qualified bore or wire/driver routing instruction; development geometry, machining tolerance and resistance unqualified",,,,,,,,,,
base_principal_left,service_led_F4,service_reservation,"[107.79999999999995, 731.526011836657, 2.2737367544323206e-13]","[4.244094488188975, 28.80023668648256, 8.951719505639057e-15]","[107.79999999999995, 731.526011836657, 2.2737367544323206e-13]","[4.244094488188975, 28.80023668648256, 8.951719505639057e-15]",cutter_reference_not_verified_surface,"[0.0, -4.440892098500626e-15, 0.9999999999999999]",[],"{""diameter"": 40.0, ""cutter_depth"": 45.0}","{""diameter"": 1.5748031496062993, ""cutter_depth"": 1.7716535433070868}","Straight access reservation, not a qualified bore or wire/driver routing instruction; development geometry, machining tolerance and resistance unqualified",,,,,,,,,,
base_principal_right,service_led_F4,service_reservation,"[-19.200000000000045, 731.526011836657, 2.2737367544323206e-13]","[-0.7559055118110255, 28.80023668648256, 8.951719505639057e-15]","[-19.200000000000045, 731.526011836657, 2.2737367544323206e-13]","[-0.7559055118110255, 28.80023668648256, 8.951719505639057e-15]",cutter_reference_not_verified_surface,"[0.0, -4.440892098500626e-15, 0.9999999999999999]",[],"{""diameter"": 40.0, ""cutter_depth"": 45.0}","{""diameter"": 1.5748031496062993, ""cutter_depth"": 1.7716535433070868}","Straight access reservation, not a qualified bore or wire/driver routing instruction; development geometry, machining tolerance and resistance unqualified",,,,,,,,,,
base_principal_left,service_led_F5,service_reservation,"[107.79999999999995, 931.5260118366571, 2.2737367544323206e-13]","[4.244094488188975, 36.67425243451406, 8.951719505639057e-15]","[107.79999999999995, 931.5260118366571, 2.2737367544323206e-13]","[4.244094488188975, 36.67425243451406, 8.951719505639057e-15]",cutter_reference_not_verified_surface,"[0.0, -4.440892098500626e-15, 0.9999999999999999]",[],"{""diameter"": 40.0, ""cutter_depth"": 45.0}","{""diameter"": 1.5748031496062993, ""cutter_depth"": 1.7716535433070868}","Straight access reservation, not a qualified bore or wire/driver routing instruction; development geometry, machining tolerance and resistance unqualified",,,,,,,,,,
base_principal_right,service_led_F5,service_reservation,"[-19.200000000000045, 931.5260118366571, 2.2737367544323206e-13]","[-0.7559055118110255, 36.67425243451406, 8.951719505639057e-15]","[-19.200000000000045, 931.5260118366571, 2.2737367544323206e-13]","[-0.7559055118110255, 36.67425243451406, 8.951719505639057e-15]",cutter_reference_not_verified_surface,"[0.0, -4.440892098500626e-15, 0.9999999999999999]",[],"{""diameter"": 40.0, ""cutter_depth"": 45.0}","{""diameter"": 1.5748031496062993, ""cutter_depth"": 1.7716535433070868}","Straight access reservation, not a qualified bore or wire/driver routing instruction; development geometry, machining tolerance and resistance unqualified",,,,,,,,,,
base_principal_left,service_led_F6,service_reservation,"[107.79999999999995, 1131.5260118366573, 3.410605131648481e-13]","[4.244094488188975, 44.54826818254556, 1.3427579258458588e-14]","[107.79999999999995, 1131.5260118366573, 3.410605131648481e-13]","[4.244094488188975, 44.54826818254556, 1.3427579258458588e-14]",cutter_reference_not_verified_surface,"[0.0, -4.440892098500626e-15, 0.9999999999999999]",[],"{""diameter"": 40.0, ""cutter_depth"": 45.0}","{""diameter"": 1.5748031496062993, ""cutter_depth"": 1.7716535433070868}","Straight access reservation, not a qualified bore or wire/driver routing instruction; development geometry, machining tolerance and resistance unqualified",,,,,,,,,,
base_principal_right,service_led_F6,service_reservation,"[-19.200000000000045, 1131.5260118366573, 3.410605131648481e-13]","[-0.7559055118110255, 44.54826818254556, 1.3427579258458588e-14]","[-19.200000000000045, 1131.5260118366573, 3.410605131648481e-13]","[-0.7559055118110255, 44.54826818254556, 1.3427579258458588e-14]",cutter_reference_not_verified_surface,"[0.0, -4.440892098500626e-15, 0.9999999999999999]",[],"{""diameter"": 40.0, ""cutter_depth"": 45.0}","{""diameter"": 1.5748031496062993, ""cutter_depth"": 1.7716535433070868}","Straight access reservation, not a qualified bore or wire/driver routing instruction; development geometry, machining tolerance and resistance unqualified",,,,,,,,,,
base_principal_left,service_led_F7,service_reservation,"[107.79999999999995, 1331.526011836657, 2.2737367544323206e-13]","[4.244094488188975, 52.42228393057705, 8.951719505639057e-15]","[107.79999999999995, 1331.526011836657, 2.2737367544323206e-13]","[4.244094488188975, 52.42228393057705, 8.951719505639057e-15]",cutter_reference_not_verified_surface,"[0.0, -4.440892098500626e-15, 0.9999999999999999]",[],"{""diameter"": 40.0, ""cutter_depth"": 45.0}","{""diameter"": 1.5748031496062993, ""cutter_depth"": 1.7716535433070868}","Straight access reservation, not a qualified bore or wire/driver routing instruction; development geometry, machining tolerance and resistance unqualified",,,,,,,,,,
base_principal_right,service_led_F7,service_reservation,"[-19.200000000000045, 1331.526011836657, 2.2737367544323206e-13]","[-0.7559055118110255, 52.42228393057705, 8.951719505639057e-15]","[-19.200000000000045, 1331.526011836657, 2.2737367544323206e-13]","[-0.7559055118110255, 52.42228393057705, 8.951719505639057e-15]",cutter_reference_not_verified_surface,"[0.0, -4.440892098500626e-15, 0.9999999999999999]",[],"{""diameter"": 40.0, ""cutter_depth"": 45.0}","{""diameter"": 1.5748031496062993, ""cutter_depth"": 1.7716535433070868}","Straight access reservation, not a qualified bore or wire/driver routing instruction; development geometry, machining tolerance and resistance unqualified",,,,,,,,,,
base_principal_left,service_led_F8,service_reservation,"[107.79999999999995, 1551.5260118366573, 3.410605131648481e-13]","[4.244094488188975, 61.08370125341171, 1.3427579258458588e-14]","[107.79999999999995, 1551.5260118366573, 3.410605131648481e-13]","[4.244094488188975, 61.08370125341171, 1.3427579258458588e-14]",cutter_reference_not_verified_surface,"[0.0, -4.440892098500626e-15, 0.9999999999999999]",[],"{""diameter"": 40.0, ""cutter_depth"": 45.0}","{""diameter"": 1.5748031496062993, ""cutter_depth"": 1.7716535433070868}","Straight access reservation, not a qualified bore or wire/driver routing instruction; development geometry, machining tolerance and resistance unqualified",,,,,,,,,,
base_principal_right,service_led_F8,service_reservation,"[-19.200000000000045, 1551.5260118366573, 3.410605131648481e-13]","[-0.7559055118110255, 61.08370125341171, 1.3427579258458588e-14]","[-19.200000000000045, 1551.5260118366573, 3.410605131648481e-13]","[-0.7559055118110255, 61.08370125341171, 1.3427579258458588e-14]",cutter_reference_not_verified_surface,"[0.0, -4.440892098500626e-15, 0.9999999999999999]",[],"{""diameter"": 40.0, ""cutter_depth"": 45.0}","{""diameter"": 1.5748031496062993, ""cutter_depth"": 1.7716535433070868}","Straight access reservation, not a qualified bore or wire/driver routing instruction; development geometry, machining tolerance and resistance unqualified",,,,,,,,,,
base_principal_left,service_led_F9,service_reservation,"[107.79999999999995, 1751.5260118366568, 4.547473508864641e-13]","[4.244094488188975, 68.95771700144319, 1.7903439011278115e-14]","[107.79999999999995, 1751.5260118366568, 4.547473508864641e-13]","[4.244094488188975, 68.95771700144319, 1.7903439011278115e-14]",cutter_reference_not_verified_surface,"[0.0, -4.440892098500626e-15, 0.9999999999999999]",[],"{""diameter"": 40.0, ""cutter_depth"": 45.0}","{""diameter"": 1.5748031496062993, ""cutter_depth"": 1.7716535433070868}","Straight access reservation, not a qualified bore or wire/driver routing instruction; development geometry, machining tolerance and resistance unqualified",,,,,,,,,,
base_principal_right,service_led_F9,service_reservation,"[-19.200000000000045, 1751.5260118366568, 4.547473508864641e-13]","[-0.7559055118110255, 68.95771700144319, 1.7903439011278115e-14]","[-19.200000000000045, 1751.5260118366568, 4.547473508864641e-13]","[-0.7559055118110255, 68.95771700144319, 1.7903439011278115e-14]",cutter_reference_not_verified_surface,"[0.0, -4.440892098500626e-15, 0.9999999999999999]",[],"{""diameter"": 40.0, ""cutter_depth"": 45.0}","{""diameter"": 1.5748031496062993, ""cutter_depth"": 1.7716535433070868}","Straight access reservation, not a qualified bore or wire/driver routing instruction; development geometry, machining tolerance and resistance unqualified",,,,,,,,,,
base_principal_left,service_led_F10,service_reservation,"[107.79999999999995, 1951.5260118366573, 2.2737367544323206e-13]","[4.244094488188975, 76.8317327494747, 8.951719505639057e-15]","[107.79999999999995, 1951.5260118366573, 2.2737367544323206e-13]","[4.244094488188975, 76.8317327494747, 8.951719505639057e-15]",cutter_reference_not_verified_surface,"[0.0, -4.440892098500626e-15, 0.9999999999999999]",[],"{""diameter"": 40.0, ""cutter_depth"": 45.0}","{""diameter"": 1.5748031496062993, ""cutter_depth"": 1.7716535433070868}","Straight access reservation, not a qualified bore or wire/driver routing instruction; development geometry, machining tolerance and resistance unqualified",,,,,,,,,,
base_principal_right,service_led_F10,service_reservation,"[-19.200000000000045, 1951.5260118366573, 2.2737367544323206e-13]","[-0.7559055118110255, 76.8317327494747, 8.951719505639057e-15]","[-19.200000000000045, 1951.5260118366573, 2.2737367544323206e-13]","[-0.7559055118110255, 76.8317327494747, 8.951719505639057e-15]",cutter_reference_not_verified_surface,"[0.0, -4.440892098500626e-15, 0.9999999999999999]",[],"{""diameter"": 40.0, ""cutter_depth"": 45.0}","{""diameter"": 1.5748031496062993, ""cutter_depth"": 1.7716535433070868}","Straight access reservation, not a qualified bore or wire/driver routing instruction; development geometry, machining tolerance and resistance unqualified",,,,,,,,,,
base_principal_left,service_led_F11,service_reservation,"[107.79999999999995, 2151.526011836657, 2.2737367544323206e-13]","[4.244094488188975, 84.70574849750618, 8.951719505639057e-15]","[107.79999999999995, 2151.526011836657, 2.2737367544323206e-13]","[4.244094488188975, 84.70574849750618, 8.951719505639057e-15]",cutter_reference_not_verified_surface,"[0.0, -4.440892098500626e-15, 0.9999999999999999]",[],"{""diameter"": 40.0, ""cutter_depth"": 45.0}","{""diameter"": 1.5748031496062993, ""cutter_depth"": 1.7716535433070868}","Straight access reservation, not a qualified bore or wire/driver routing instruction; development geometry, machining tolerance and resistance unqualified",,,,,,,,,,
base_principal_right,service_led_F11,service_reservation,"[-19.200000000000045, 2151.526011836657, 2.2737367544323206e-13]","[-0.7559055118110255, 84.70574849750618, 8.951719505639057e-15]","[-19.200000000000045, 2151.526011836657, 2.2737367544323206e-13]","[-0.7559055118110255, 84.70574849750618, 8.951719505639057e-15]",cutter_reference_not_verified_surface,"[0.0, -4.440892098500626e-15, 0.9999999999999999]",[],"{""diameter"": 40.0, ""cutter_depth"": 45.0}","{""diameter"": 1.5748031496062993, ""cutter_depth"": 1.7716535433070868}","Straight access reservation, not a qualified bore or wire/driver routing instruction; development geometry, machining tolerance and resistance unqualified",,,,,,,,,,
base_principal_left,service_led_F12,service_reservation,"[107.79999999999995, 2351.526011836657, 2.2737367544323206e-13]","[4.244094488188975, 92.57976424553767, 8.951719505639057e-15]","[107.79999999999995, 2351.526011836657, 2.2737367544323206e-13]","[4.244094488188975, 92.57976424553767, 8.951719505639057e-15]",cutter_reference_not_verified_surface,"[0.0, -4.440892098500626e-15, 0.9999999999999999]",[],"{""diameter"": 40.0, ""cutter_depth"": 45.0}","{""diameter"": 1.5748031496062993, ""cutter_depth"": 1.7716535433070868}","Straight access reservation, not a qualified bore or wire/driver routing instruction; development geometry, machining tolerance and resistance unqualified",,,,,,,,,,
base_principal_right,service_led_F12,service_reservation,"[-19.200000000000045, 2351.526011836657, 2.2737367544323206e-13]","[-0.7559055118110255, 92.57976424553767, 8.951719505639057e-15]","[-19.200000000000045, 2351.526011836657, 2.2737367544323206e-13]","[-0.7559055118110255, 92.57976424553767, 8.951719505639057e-15]",cutter_reference_not_verified_surface,"[0.0, -4.440892098500626e-15, 0.9999999999999999]",[],"{""diameter"": 40.0, ""cutter_depth"": 45.0}","{""diameter"": 1.5748031496062993, ""cutter_depth"": 1.7716535433070868}","Straight access reservation, not a qualified bore or wire/driver routing instruction; development geometry, machining tolerance and resistance unqualified",,,,,,,,,,
timber_bottom_backing,service_led_G1,service_reservation,"[1361.9, 19.200000000000003, -1.5987211554602254e-14]","[53.61811023622048, 0.7559055118110237, -6.294177777402463e-16]","[1361.9, 19.200000000000003, -1.5987211554602254e-14]","[53.61811023622048, 0.7559055118110237, -6.294177777402463e-16]",cutter_reference_not_verified_surface,"[0.0, -4.440892098500626e-15, 0.9999999999999999]",[],"{""diameter"": 40.0, ""cutter_depth"": 45.0}","{""diameter"": 1.5748031496062993, ""cutter_depth"": 1.7716535433070868}","Straight access reservation, not a qualified bore or wire/driver routing instruction; development geometry, machining tolerance and resistance unqualified",,,,,,,,,,
base_rail_mid_lower_right,service_led_G7,service_reservation,"[91.89999999999986, 18.09999999999959, -4.263256414560601e-14]","[3.6181102362204673, 0.7125984251968343, -1.6784474073073234e-15]","[91.89999999999986, 18.09999999999959, -4.263256414560601e-14]","[3.6181102362204673, 0.7125984251968343, -1.6784474073073234e-15]",cutter_reference_not_verified_surface,"[0.0, -4.440892098500626e-15, 0.9999999999999999]",[],"{""diameter"": 40.0, ""cutter_depth"": 45.0}","{""diameter"": 1.5748031496062993, ""cutter_depth"": 1.7716535433070868}","Straight access reservation, not a qualified bore or wire/driver routing instruction; development geometry, machining tolerance and resistance unqualified",,,,,,,,,,
timber_bottom_backing,service_led_H1,service_reservation,"[1561.9, 19.200000000000003, -1.5987211554602254e-14]","[61.49212598425198, 0.7559055118110237, -6.294177777402463e-16]","[1561.9, 19.200000000000003, -1.5987211554602254e-14]","[61.49212598425198, 0.7559055118110237, -6.294177777402463e-16]",cutter_reference_not_verified_surface,"[0.0, -4.440892098500626e-15, 0.9999999999999999]",[],"{""diameter"": 40.0, ""cutter_depth"": 45.0}","{""diameter"": 1.5748031496062993, ""cutter_depth"": 1.7716535433070868}","Straight access reservation, not a qualified bore or wire/driver routing instruction; development geometry, machining tolerance and resistance unqualified",,,,,,,,,,
base_rail_mid_lower_right,service_led_H7,service_reservation,"[291.89999999999986, 18.09999999999959, -4.263256414560601e-14]","[11.492125984251963, 0.7125984251968343, -1.6784474073073234e-15]","[291.89999999999986, 18.09999999999959, -4.263256414560601e-14]","[11.492125984251963, 0.7125984251968343, -1.6784474073073234e-15]",cutter_reference_not_verified_surface,"[0.0, -4.440892098500626e-15, 0.9999999999999999]",[],"{""diameter"": 40.0, ""cutter_depth"": 45.0}","{""diameter"": 1.5748031496062993, ""cutter_depth"": 1.7716535433070868}","Straight access reservation, not a qualified bore or wire/driver routing instruction; development geometry, machining tolerance and resistance unqualified",,,,,,,,,,
timber_bottom_backing,service_led_I1,service_reservation,"[1761.9, 19.200000000000003, -1.5987211554602254e-14]","[69.36614173228347, 0.7559055118110237, -6.294177777402463e-16]","[1761.9, 19.200000000000003, -1.5987211554602254e-14]","[69.36614173228347, 0.7559055118110237, -6.294177777402463e-16]",cutter_reference_not_verified_surface,"[0.0, -4.440892098500626e-15, 0.9999999999999999]",[],"{""diameter"": 40.0, ""cutter_depth"": 45.0}","{""diameter"": 1.5748031496062993, ""cutter_depth"": 1.7716535433070868}","Straight access reservation, not a qualified bore or wire/driver routing instruction; development geometry, machining tolerance and resistance unqualified",,,,,,,,,,
base_rail_mid_lower_right,service_led_I7,service_reservation,"[491.89999999999986, 18.09999999999959, -4.263256414560601e-14]","[19.36614173228346, 0.7125984251968343, -1.6784474073073234e-15]","[491.89999999999986, 18.09999999999959, -4.263256414560601e-14]","[19.36614173228346, 0.7125984251968343, -1.6784474073073234e-15]",cutter_reference_not_verified_surface,"[0.0, -4.440892098500626e-15, 0.9999999999999999]",[],"{""diameter"": 40.0, ""cutter_depth"": 45.0}","{""diameter"": 1.5748031496062993, ""cutter_depth"": 1.7716535433070868}","Straight access reservation, not a qualified bore or wire/driver routing instruction; development geometry, machining tolerance and resistance unqualified",,,,,,,,,,
timber_bottom_backing,service_led_J1,service_reservation,"[1961.9, 19.200000000000003, -1.5987211554602254e-14]","[77.24015748031496, 0.7559055118110237, -6.294177777402463e-16]","[1961.9, 19.200000000000003, -1.5987211554602254e-14]","[77.24015748031496, 0.7559055118110237, -6.294177777402463e-16]",cutter_reference_not_verified_surface,"[0.0, -4.440892098500626e-15, 0.9999999999999999]",[],"{""diameter"": 40.0, ""cutter_depth"": 45.0}","{""diameter"": 1.5748031496062993, ""cutter_depth"": 1.7716535433070868}","Straight access reservation, not a qualified bore or wire/driver routing instruction; development geometry, machining tolerance and resistance unqualified",,,,,,,,,,
base_rail_mid_lower_right,service_led_J7,service_reservation,"[691.8999999999999, 18.09999999999959, -4.263256414560601e-14]","[27.240157480314956, 0.7125984251968343, -1.6784474073073234e-15]","[691.8999999999999, 18.09999999999959, -4.263256414560601e-14]","[27.240157480314956, 0.7125984251968343, -1.6784474073073234e-15]",cutter_reference_not_verified_surface,"[0.0, -4.440892098500626e-15, 0.9999999999999999]",[],"{""diameter"": 40.0, ""cutter_depth"": 45.0}","{""diameter"": 1.5748031496062993, ""cutter_depth"": 1.7716535433070868}","Straight access reservation, not a qualified bore or wire/driver routing instruction; development geometry, machining tolerance and resistance unqualified",,,,,,,,,,
timber_bottom_backing,service_led_K1,service_reservation,"[2161.9, 19.200000000000003, -1.5987211554602254e-14]","[85.11417322834646, 0.7559055118110237, -6.294177777402463e-16]","[2161.9, 19.200000000000003, -1.5987211554602254e-14]","[85.11417322834646, 0.7559055118110237, -6.294177777402463e-16]",cutter_reference_not_verified_surface,"[0.0, -4.440892098500626e-15, 0.9999999999999999]",[],"{""diameter"": 40.0, ""cutter_depth"": 45.0}","{""diameter"": 1.5748031496062993, ""cutter_depth"": 1.7716535433070868}","Straight access reservation, not a qualified bore or wire/driver routing instruction; development geometry, machining tolerance and resistance unqualified",,,,,,,,,,
base_rail_mid_lower_right,service_led_K7,service_reservation,"[891.8999999999999, 18.09999999999959, -4.263256414560601e-14]","[35.11417322834645, 0.7125984251968343, -1.6784474073073234e-15]","[891.8999999999999, 18.09999999999959, -4.263256414560601e-14]","[35.11417322834645, 0.7125984251968343, -1.6784474073073234e-15]",cutter_reference_not_verified_surface,"[0.0, -4.440892098500626e-15, 0.9999999999999999]",[],"{""diameter"": 40.0, ""cutter_depth"": 45.0}","{""diameter"": 1.5748031496062993, ""cutter_depth"": 1.7716535433070868}","Straight access reservation, not a qualified bore or wire/driver routing instruction; development geometry, machining tolerance and resistance unqualified",,,,,,,,,,
base_principal_left,lower_backing_housing,housing,"[0.0, 132.32601183665702, 2.8421709430404007e-13]","[0.0, 5.209685505380198, 1.1189649382048822e-14]","[0.0, 132.32601183665702, 2.8421709430404007e-13]","[0.0, 5.209685505380198, 1.1189649382048822e-14]",cutter_reference_not_verified_surface,"[0.0, -4.440892098500626e-15, 0.9999999999999999]","[[1.0, 0.0, 0.0], [0.0, 0.9999999999999953, -4.385380947269368e-15]]","{""width_x"": 88.9, ""length_s"": 88.9, ""depth_n"": 38.1}","{""width_x"": 3.5000000000000004, ""length_s"": 3.5000000000000004, ""depth_n"": 1.5000000000000002}","Rectangular front housing; stock has the modeled level lower bearing cut but is not yet housed; cutter corner is a datum, not necessarily an exposed edge; development geometry, machining tolerance and resistance unqualified",,,,,,,,,,
base_principal_right,lower_backing_housing,housing,"[0.0, 132.32601183665702, 2.8421709430404007e-13]","[0.0, 5.209685505380198, 1.1189649382048822e-14]","[0.0, 132.32601183665702, 2.8421709430404007e-13]","[0.0, 5.209685505380198, 1.1189649382048822e-14]",cutter_reference_not_verified_surface,"[0.0, -4.440892098500626e-15, 0.9999999999999999]","[[1.0, 0.0, 0.0], [0.0, 0.9999999999999953, -4.385380947269368e-15]]","{""width_x"": 88.9, ""length_s"": 88.9, ""depth_n"": 38.1}","{""width_x"": 3.5000000000000004, ""length_s"": 3.5000000000000004, ""depth_n"": 1.5000000000000002}","Rectangular front housing; stock has the modeled level lower bearing cut but is not yet housed; cutter corner is a datum, not necessarily an exposed edge; development geometry, machining tolerance and resistance unqualified",,,,,,,,,,
timber_bottom_backing,counterbore_timber_backing_bolt_left,counterbore,"[1098.5500000000002, 39.99999999999993, -4.263256414560601e-14]","[43.25000000000001, 1.5748031496062964, -1.6784474073073234e-15]","[1098.5500000000002, 39.99999999999993, -4.263256414560601e-14]","[43.25000000000001, 1.5748031496062964, -1.6784474073073234e-15]",cutter_reference_not_verified_surface,"[0.0, -4.440892098500626e-15, 0.9999999999999999]",[],"{""diameter"": 28.575, ""depth"": 12.032}","{""diameter"": 1.125, ""depth"": 0.47370078740157484}","Front timber surface N=0, not bolt under-head origin N=10; socket access and ligament strength unresolved; development geometry, machining tolerance and resistance unqualified",,,,,,,,,,
timber_bottom_backing,counterbore_timber_backing_bolt_right,counterbore,"[1225.5500000000002, 39.99999999999993, -4.263256414560601e-14]","[48.25000000000001, 1.5748031496062964, -1.6784474073073234e-15]","[1225.5500000000002, 39.99999999999993, -4.263256414560601e-14]","[48.25000000000001, 1.5748031496062964, -1.6784474073073234e-15]",cutter_reference_not_verified_surface,"[0.0, -4.440892098500626e-15, 0.9999999999999999]",[],"{""diameter"": 28.575, ""depth"": 12.032}","{""diameter"": 1.125, ""depth"": 0.47370078740157484}","Front timber surface N=0, not bolt under-head origin N=10; socket access and ligament strength unresolved; development geometry, machining tolerance and resistance unqualified",,,,,,,,,,
main_lower_left,head_envelope_timber_panel_lower_left_1,countersink_envelope,"[19.049999999999955, 59.99999999999989, -1.1723955140041653e-13]","[0.7499999999999982, 2.3622047244094446, -4.6157303700951395e-15]","[19.049999999999955, 59.99999999999989, -1.1723955140041653e-13]","[0.7499999999999982, 2.3622047244094446, -4.6157303700951395e-15]",cutter_reference_not_verified_surface,"[0.0, -4.440892098500626e-15, 0.9999999999999999]",[],"{""major_diameter"": 12.1158, ""minor_diameter"": 6.35, ""cutter_depth"": 3.4357064320898485}","{""major_diameter"": 0.47700000000000004, ""minor_diameter"": 0.25, ""cutter_depth"": 0.13526403275944285}","80-degree maximum-head CAD clearance envelope, not an 82-degree workshop countersink-depth instruction; seating depth remains unresolved; development geometry, machining tolerance and resistance unqualified",80,,,,,,,,,
main_lower_left,head_envelope_timber_panel_lower_left_2,countersink_envelope,"[19.049999999999955, 1159.2, -1.1368683772161603e-13]","[0.7499999999999982, 45.637795275590555, -4.475859752819529e-15]","[19.049999999999955, 1159.2, -1.1368683772161603e-13]","[0.7499999999999982, 45.637795275590555, -4.475859752819529e-15]",cutter_reference_not_verified_surface,"[0.0, -4.440892098500626e-15, 0.9999999999999999]",[],"{""major_diameter"": 12.1158, ""minor_diameter"": 6.35, ""cutter_depth"": 3.4357064320898485}","{""major_diameter"": 0.47700000000000004, ""minor_diameter"": 0.25, ""cutter_depth"": 0.13526403275944285}","80-degree maximum-head CAD clearance envelope, not an 82-degree workshop countersink-depth instruction; seating depth remains unresolved; development geometry, machining tolerance and resistance unqualified",80,,,,,,,,,
main_lower_left,head_envelope_timber_panel_lower_left_3,countersink_envelope,"[1136.65, 59.99999999999989, -1.1723955140041653e-13]","[44.75000000000001, 2.3622047244094446, -4.6157303700951395e-15]","[1136.65, 59.99999999999989, -1.1723955140041653e-13]","[44.75000000000001, 2.3622047244094446, -4.6157303700951395e-15]",cutter_reference_not_verified_surface,"[0.0, -4.440892098500626e-15, 0.9999999999999999]",[],"{""major_diameter"": 12.1158, ""minor_diameter"": 6.35, ""cutter_depth"": 3.4357064320898485}","{""major_diameter"": 0.47700000000000004, ""minor_diameter"": 0.25, ""cutter_depth"": 0.13526403275944285}","80-degree maximum-head CAD clearance envelope, not an 82-degree workshop countersink-depth instruction; seating depth remains unresolved; development geometry, machining tolerance and resistance unqualified",80,,,,,,,,,
main_lower_left,head_envelope_timber_panel_lower_left_4,countersink_envelope,"[1136.65, 1159.2, -1.1368683772161603e-13]","[44.75000000000001, 45.637795275590555, -4.475859752819529e-15]","[1136.65, 1159.2, -1.1368683772161603e-13]","[44.75000000000001, 45.637795275590555, -4.475859752819529e-15]",cutter_reference_not_verified_surface,"[0.0, -4.440892098500626e-15, 0.9999999999999999]",[],"{""major_diameter"": 12.1158, ""minor_diameter"": 6.35, ""cutter_depth"": 3.4357064320898485}","{""major_diameter"": 0.47700000000000004, ""minor_diameter"": 0.25, ""cutter_depth"": 0.13526403275944285}","80-degree maximum-head CAD clearance envelope, not an 82-degree workshop countersink-depth instruction; seating depth remains unresolved; development geometry, machining tolerance and resistance unqualified",80,,,,,,,,,
main_lower_left,head_envelope_timber_panel_lower_left_5,countersink_envelope,"[19.049999999999955, 406.3999999999998, -8.526512829121202e-14]","[0.7499999999999982, 15.999999999999993, -3.356894814614647e-15]","[19.049999999999955, 406.3999999999998, -8.526512829121202e-14]","[0.7499999999999982, 15.999999999999993, -3.356894814614647e-15]",cutter_reference_not_verified_surface,"[0.0, -4.440892098500626e-15, 0.9999999999999999]",[],"{""major_diameter"": 12.1158, ""minor_diameter"": 6.35, ""cutter_depth"": 3.4357064320898485}","{""major_diameter"": 0.47700000000000004, ""minor_diameter"": 0.25, ""cutter_depth"": 0.13526403275944285}","80-degree maximum-head CAD clearance envelope, not an 82-degree workshop countersink-depth instruction; seating depth remains unresolved; development geometry, machining tolerance and resistance unqualified",80,,,,,,,,,
main_lower_left,head_envelope_timber_panel_lower_left_6,countersink_envelope,"[19.049999999999955, 812.7999999999997, -1.1368683772161603e-13]","[0.7499999999999982, 31.99999999999999, -4.475859752819529e-15]","[19.049999999999955, 812.7999999999997, -1.1368683772161603e-13]","[0.7499999999999982, 31.99999999999999, -4.475859752819529e-15]",cutter_reference_not_verified_surface,"[0.0, -4.440892098500626e-15, 0.9999999999999999]",[],"{""major_diameter"": 12.1158, ""minor_diameter"": 6.35, ""cutter_depth"": 3.4357064320898485}","{""major_diameter"": 0.47700000000000004, ""minor_diameter"": 0.25, ""cutter_depth"": 0.13526403275944285}","80-degree maximum-head CAD clearance envelope, not an 82-degree workshop countersink-depth instruction; seating depth remains unresolved; development geometry, machining tolerance and resistance unqualified",80,,,,,,,,,
main_lower_left,head_envelope_timber_panel_lower_left_7,countersink_envelope,"[1136.65, 406.3999999999998, -8.526512829121202e-14]","[44.75000000000001, 15.999999999999993, -3.356894814614647e-15]","[1136.65, 406.3999999999998, -8.526512829121202e-14]","[44.75000000000001, 15.999999999999993, -3.356894814614647e-15]",cutter_reference_not_verified_surface,"[0.0, -4.440892098500626e-15, 0.9999999999999999]",[],"{""major_diameter"": 12.1158, ""minor_diameter"": 6.35, ""cutter_depth"": 3.4357064320898485}","{""major_diameter"": 0.47700000000000004, ""minor_diameter"": 0.25, ""cutter_depth"": 0.13526403275944285}","80-degree maximum-head CAD clearance envelope, not an 82-degree workshop countersink-depth instruction; seating depth remains unresolved; development geometry, machining tolerance and resistance unqualified",80,,,,,,,,,
main_lower_left,head_envelope_timber_panel_lower_left_8,countersink_envelope,"[1136.65, 812.7999999999997, -1.1368683772161603e-13]","[44.75000000000001, 31.99999999999999, -4.475859752819529e-15]","[1136.65, 812.7999999999997, -1.1368683772161603e-13]","[44.75000000000001, 31.99999999999999, -4.475859752819529e-15]",cutter_reference_not_verified_surface,"[0.0, -4.440892098500626e-15, 0.9999999999999999]",[],"{""major_diameter"": 12.1158, ""minor_diameter"": 6.35, ""cutter_depth"": 3.4357064320898485}","{""major_diameter"": 0.47700000000000004, ""minor_diameter"": 0.25, ""cutter_depth"": 0.13526403275944285}","80-degree maximum-head CAD clearance envelope, not an 82-degree workshop countersink-depth instruction; seating depth remains unresolved; development geometry, machining tolerance and resistance unqualified",80,,,,,,,,,
main_lower_left,head_envelope_timber_panel_lower_left_9,countersink_envelope,"[428.04999999999995, 19.049999999999883, -1.3677947663381929e-13]","[16.852362204724407, 0.7499999999999954, -5.385018765110996e-15]","[428.04999999999995, 19.049999999999883, -1.3677947663381929e-13]","[16.852362204724407, 0.7499999999999954, -5.385018765110996e-15]",cutter_reference_not_verified_surface,"[0.0, -4.440892098500626e-15, 0.9999999999999999]",[],"{""major_diameter"": 12.1158, ""minor_diameter"": 6.35, ""cutter_depth"": 3.4357064320898485}","{""major_diameter"": 0.47700000000000004, ""minor_diameter"": 0.25, ""cutter_depth"": 0.13526403275944285}","80-degree maximum-head CAD clearance envelope, not an 82-degree workshop countersink-depth instruction; seating depth remains unresolved; development geometry, machining tolerance and resistance unqualified",80,,,,,,,,,
main_lower_left,head_envelope_timber_panel_lower_left_10,countersink_envelope,"[771.05, 19.049999999999883, -1.3677947663381929e-13]","[30.356299212598426, 0.7499999999999954, -5.385018765110996e-15]","[771.05, 19.049999999999883, -1.3677947663381929e-13]","[30.356299212598426, 0.7499999999999954, -5.385018765110996e-15]",cutter_reference_not_verified_surface,"[0.0, -4.440892098500626e-15, 0.9999999999999999]",[],"{""major_diameter"": 12.1158, ""minor_diameter"": 6.35, ""cutter_depth"": 3.4357064320898485}","{""major_diameter"": 0.47700000000000004, ""minor_diameter"": 0.25, ""cutter_depth"": 0.13526403275944285}","80-degree maximum-head CAD clearance envelope, not an 82-degree workshop countersink-depth instruction; seating depth remains unresolved; development geometry, machining tolerance and resistance unqualified",80,,,,,,,,,
main_lower_left,head_envelope_timber_panel_lower_left_11,countersink_envelope,"[428.04999999999995, 1200.15, 0.0]","[16.852362204724407, 47.25000000000001, 0.0]","[428.04999999999995, 1200.15, 0.0]","[16.852362204724407, 47.25000000000001, 0.0]",cutter_reference_not_verified_surface,"[0.0, -4.440892098500626e-15, 0.9999999999999999]",[],"{""major_diameter"": 12.1158, ""minor_diameter"": 6.35, ""cutter_depth"": 3.4357064320898485}","{""major_diameter"": 0.47700000000000004, ""minor_diameter"": 0.25, ""cutter_depth"": 0.13526403275944285}","80-degree maximum-head CAD clearance envelope, not an 82-degree workshop countersink-depth instruction; seating depth remains unresolved; development geometry, machining tolerance and resistance unqualified",80,,,,,,,,,
main_lower_left,head_envelope_timber_panel_lower_left_12,countersink_envelope,"[771.05, 1200.15, 0.0]","[30.356299212598426, 47.25000000000001, 0.0]","[771.05, 1200.15, 0.0]","[30.356299212598426, 47.25000000000001, 0.0]",cutter_reference_not_verified_surface,"[0.0, -4.440892098500626e-15, 0.9999999999999999]",[],"{""major_diameter"": 12.1158, ""minor_diameter"": 6.35, ""cutter_depth"": 3.4357064320898485}","{""major_diameter"": 0.47700000000000004, ""minor_diameter"": 0.25, ""cutter_depth"": 0.13526403275944285}","80-degree maximum-head CAD clearance envelope, not an 82-degree workshop countersink-depth instruction; seating depth remains unresolved; development geometry, machining tolerance and resistance unqualified",80,,,,,,,,,
main_lower_right,head_envelope_timber_panel_lower_right_1,countersink_envelope,"[44.45, 59.99999999999989, -1.1723955140041653e-13]","[1.7500000000000002, 2.3622047244094446, -4.6157303700951395e-15]","[44.45, 59.99999999999989, -1.1723955140041653e-13]","[1.7500000000000002, 2.3622047244094446, -4.6157303700951395e-15]",cutter_reference_not_verified_surface,"[0.0, -4.440892098500626e-15, 0.9999999999999999]",[],"{""major_diameter"": 12.1158, ""minor_diameter"": 6.35, ""cutter_depth"": 3.4357064320898485}","{""major_diameter"": 0.47700000000000004, ""minor_diameter"": 0.25, ""cutter_depth"": 0.13526403275944285}","80-degree maximum-head CAD clearance envelope, not an 82-degree workshop countersink-depth instruction; seating depth remains unresolved; development geometry, machining tolerance and resistance unqualified",80,,,,,,,,,
main_lower_right,head_envelope_timber_panel_lower_right_2,countersink_envelope,"[44.45, 1159.2, -1.1368683772161603e-13]","[1.7500000000000002, 45.637795275590555, -4.475859752819529e-15]","[44.45, 1159.2, -1.1368683772161603e-13]","[1.7500000000000002, 45.637795275590555, -4.475859752819529e-15]",cutter_reference_not_verified_surface,"[0.0, -4.440892098500626e-15, 0.9999999999999999]",[],"{""major_diameter"": 12.1158, ""minor_diameter"": 6.35, ""cutter_depth"": 3.4357064320898485}","{""major_diameter"": 0.47700000000000004, ""minor_diameter"": 0.25, ""cutter_depth"": 0.13526403275944285}","80-degree maximum-head CAD clearance envelope, not an 82-degree workshop countersink-depth instruction; seating depth remains unresolved; development geometry, machining tolerance and resistance unqualified",80,,,,,,,,,
main_lower_right,head_envelope_timber_panel_lower_right_3,countersink_envelope,"[1200.15, 59.99999999999989, -1.1723955140041653e-13]","[47.25000000000001, 2.3622047244094446, -4.6157303700951395e-15]","[1200.15, 59.99999999999989, -1.1723955140041653e-13]","[47.25000000000001, 2.3622047244094446, -4.6157303700951395e-15]",cutter_reference_not_verified_surface,"[0.0, -4.440892098500626e-15, 0.9999999999999999]",[],"{""major_diameter"": 12.1158, ""minor_diameter"": 6.35, ""cutter_depth"": 3.4357064320898485}","{""major_diameter"": 0.47700000000000004, ""minor_diameter"": 0.25, ""cutter_depth"": 0.13526403275944285}","80-degree maximum-head CAD clearance envelope, not an 82-degree workshop countersink-depth instruction; seating depth remains unresolved; development geometry, machining tolerance and resistance unqualified",80,,,,,,,,,
main_lower_right,head_envelope_timber_panel_lower_right_4,countersink_envelope,"[1200.15, 1159.2, -1.1368683772161603e-13]","[47.25000000000001, 45.637795275590555, -4.475859752819529e-15]","[1200.15, 1159.2, -1.1368683772161603e-13]","[47.25000000000001, 45.637795275590555, -4.475859752819529e-15]",cutter_reference_not_verified_surface,"[0.0, -4.440892098500626e-15, 0.9999999999999999]",[],"{""major_diameter"": 12.1158, ""minor_diameter"": 6.35, ""cutter_depth"": 3.4357064320898485}","{""major_diameter"": 0.47700000000000004, ""minor_diameter"": 0.25, ""cutter_depth"": 0.13526403275944285}","80-degree maximum-head CAD clearance envelope, not an 82-degree workshop countersink-depth instruction; seating depth remains unresolved; development geometry, machining tolerance and resistance unqualified",80,,,,,,,,,
main_lower_right,head_envelope_timber_panel_lower_right_5,countersink_envelope,"[44.45, 406.3999999999998, -8.526512829121202e-14]","[1.7500000000000002, 15.999999999999993, -3.356894814614647e-15]","[44.45, 406.3999999999998, -8.526512829121202e-14]","[1.7500000000000002, 15.999999999999993, -3.356894814614647e-15]",cutter_reference_not_verified_surface,"[0.0, -4.440892098500626e-15, 0.9999999999999999]",[],"{""major_diameter"": 12.1158, ""minor_diameter"": 6.35, ""cutter_depth"": 3.4357064320898485}","{""major_diameter"": 0.47700000000000004, ""minor_diameter"": 0.25, ""cutter_depth"": 0.13526403275944285}","80-degree maximum-head CAD clearance envelope, not an 82-degree workshop countersink-depth instruction; seating depth remains unresolved; development geometry, machining tolerance and resistance unqualified",80,,,,,,,,,
main_lower_right,head_envelope_timber_panel_lower_right_6,countersink_envelope,"[44.45, 812.7999999999997, -1.1368683772161603e-13]","[1.7500000000000002, 31.99999999999999, -4.475859752819529e-15]","[44.45, 812.7999999999997, -1.1368683772161603e-13]","[1.7500000000000002, 31.99999999999999, -4.475859752819529e-15]",cutter_reference_not_verified_surface,"[0.0, -4.440892098500626e-15, 0.9999999999999999]",[],"{""major_diameter"": 12.1158, ""minor_diameter"": 6.35, ""cutter_depth"": 3.4357064320898485}","{""major_diameter"": 0.47700000000000004, ""minor_diameter"": 0.25, ""cutter_depth"": 0.13526403275944285}","80-degree maximum-head CAD clearance envelope, not an 82-degree workshop countersink-depth instruction; seating depth remains unresolved; development geometry, machining tolerance and resistance unqualified",80,,,,,,,,,
main_lower_right,head_envelope_timber_panel_lower_right_7,countersink_envelope,"[1200.15, 406.3999999999998, -8.526512829121202e-14]","[47.25000000000001, 15.999999999999993, -3.356894814614647e-15]","[1200.15, 406.3999999999998, -8.526512829121202e-14]","[47.25000000000001, 15.999999999999993, -3.356894814614647e-15]",cutter_reference_not_verified_surface,"[0.0, -4.440892098500626e-15, 0.9999999999999999]",[],"{""major_diameter"": 12.1158, ""minor_diameter"": 6.35, ""cutter_depth"": 3.4357064320898485}","{""major_diameter"": 0.47700000000000004, ""minor_diameter"": 0.25, ""cutter_depth"": 0.13526403275944285}","80-degree maximum-head CAD clearance envelope, not an 82-degree workshop countersink-depth instruction; seating depth remains unresolved; development geometry, machining tolerance and resistance unqualified",80,,,,,,,,,
main_lower_right,head_envelope_timber_panel_lower_right_8,countersink_envelope,"[1200.15, 812.7999999999997, -1.1368683772161603e-13]","[47.25000000000001, 31.99999999999999, -4.475859752819529e-15]","[1200.15, 812.7999999999997, -1.1368683772161603e-13]","[47.25000000000001, 31.99999999999999, -4.475859752819529e-15]",cutter_reference_not_verified_surface,"[0.0, -4.440892098500626e-15, 0.9999999999999999]",[],"{""major_diameter"": 12.1158, ""minor_diameter"": 6.35, ""cutter_depth"": 3.4357064320898485}","{""major_diameter"": 0.47700000000000004, ""minor_diameter"": 0.25, ""cutter_depth"": 0.13526403275944285}","80-degree maximum-head CAD clearance envelope, not an 82-degree workshop countersink-depth instruction; seating depth remains unresolved; development geometry, machining tolerance and resistance unqualified",80,,,,,,,,,
main_lower_right,head_envelope_timber_panel_lower_right_9,countersink_envelope,"[412.75000000000006, 19.049999999999883, -1.3677947663381929e-13]","[16.250000000000004, 0.7499999999999954, -5.385018765110996e-15]","[412.75000000000006, 19.049999999999883, -1.3677947663381929e-13]","[16.250000000000004, 0.7499999999999954, -5.385018765110996e-15]",cutter_reference_not_verified_surface,"[0.0, -4.440892098500626e-15, 0.9999999999999999]",[],"{""major_diameter"": 12.1158, ""minor_diameter"": 6.35, ""cutter_depth"": 3.4357064320898485}","{""major_diameter"": 0.47700000000000004, ""minor_diameter"": 0.25, ""cutter_depth"": 0.13526403275944285}","80-degree maximum-head CAD clearance envelope, not an 82-degree workshop countersink-depth instruction; seating depth remains unresolved; development geometry, machining tolerance and resistance unqualified",80,,,,,,,,,
main_lower_right,head_envelope_timber_panel_lower_right_10,countersink_envelope,"[809.45, 19.049999999999883, -1.3677947663381929e-13]","[31.868110236220478, 0.7499999999999954, -5.385018765110996e-15]","[809.45, 19.049999999999883, -1.3677947663381929e-13]","[31.868110236220478, 0.7499999999999954, -5.385018765110996e-15]",cutter_reference_not_verified_surface,"[0.0, -4.440892098500626e-15, 0.9999999999999999]",[],"{""major_diameter"": 12.1158, ""minor_diameter"": 6.35, ""cutter_depth"": 3.4357064320898485}","{""major_diameter"": 0.47700000000000004, ""minor_diameter"": 0.25, ""cutter_depth"": 0.13526403275944285}","80-degree maximum-head CAD clearance envelope, not an 82-degree workshop countersink-depth instruction; seating depth remains unresolved; development geometry, machining tolerance and resistance unqualified",80,,,,,,,,,
main_lower_right,head_envelope_timber_panel_lower_right_11,countersink_envelope,"[412.75000000000006, 1200.15, 0.0]","[16.250000000000004, 47.25000000000001, 0.0]","[412.75000000000006, 1200.15, 0.0]","[16.250000000000004, 47.25000000000001, 0.0]",cutter_reference_not_verified_surface,"[0.0, -4.440892098500626e-15, 0.9999999999999999]",[],"{""major_diameter"": 12.1158, ""minor_diameter"": 6.35, ""cutter_depth"": 3.4357064320898485}","{""major_diameter"": 0.47700000000000004, ""minor_diameter"": 0.25, ""cutter_depth"": 0.13526403275944285}","80-degree maximum-head CAD clearance envelope, not an 82-degree workshop countersink-depth instruction; seating depth remains unresolved; development geometry, machining tolerance and resistance unqualified",80,,,,,,,,,
main_lower_right,head_envelope_timber_panel_lower_right_12,countersink_envelope,"[809.45, 1200.15, 0.0]","[31.868110236220478, 47.25000000000001, 0.0]","[809.45, 1200.15, 0.0]","[31.868110236220478, 47.25000000000001, 0.0]",cutter_reference_not_verified_surface,"[0.0, -4.440892098500626e-15, 0.9999999999999999]",[],"{""major_diameter"": 12.1158, ""minor_diameter"": 6.35, ""cutter_depth"": 3.4357064320898485}","{""major_diameter"": 0.47700000000000004, ""minor_diameter"": 0.25, ""cutter_depth"": 0.13526403275944285}","80-degree maximum-head CAD clearance envelope, not an 82-degree workshop countersink-depth instruction; seating depth remains unresolved; development geometry, machining tolerance and resistance unqualified",80,,,,,,,,,
main_upper_left,head_envelope_timber_panel_upper_left_1,countersink_envelope,"[19.049999999999955, 59.99999999999976, 4.618527782440651e-14]","[0.7499999999999982, 2.3622047244094393, 1.8183180245829335e-15]","[19.049999999999955, 59.99999999999976, 4.618527782440651e-14]","[0.7499999999999982, 2.3622047244094393, 1.8183180245829335e-15]",cutter_reference_not_verified_surface,"[0.0, -4.440892098500626e-15, 0.9999999999999999]",[],"{""major_diameter"": 12.1158, ""minor_diameter"": 6.35, ""cutter_depth"": 3.4357064320898485}","{""major_diameter"": 0.47700000000000004, ""minor_diameter"": 0.25, ""cutter_depth"": 0.13526403275944285}","80-degree maximum-head CAD clearance envelope, not an 82-degree workshop countersink-depth instruction; seating depth remains unresolved; development geometry, machining tolerance and resistance unqualified",80,,,,,,,,,
main_upper_left,head_envelope_timber_panel_upper_left_2,countersink_envelope,"[19.049999999999955, 1119.1999999999996, 0.0]","[0.7499999999999982, 44.06299212598424, 0.0]","[19.049999999999955, 1119.1999999999996, 0.0]","[0.7499999999999982, 44.06299212598424, 0.0]",cutter_reference_not_verified_surface,"[0.0, -4.440892098500626e-15, 0.9999999999999999]",[],"{""major_diameter"": 12.1158, ""minor_diameter"": 6.35, ""cutter_depth"": 3.4357064320898485}","{""major_diameter"": 0.47700000000000004, ""minor_diameter"": 0.25, ""cutter_depth"": 0.13526403275944285}","80-degree maximum-head CAD clearance envelope, not an 82-degree workshop countersink-depth instruction; seating depth remains unresolved; development geometry, machining tolerance and resistance unqualified",80,,,,,,,,,
main_upper_left,head_envelope_timber_panel_upper_left_3,countersink_envelope,"[1136.65, 59.99999999999976, 4.618527782440651e-14]","[44.75000000000001, 2.3622047244094393, 1.8183180245829335e-15]","[1136.65, 59.99999999999976, 4.618527782440651e-14]","[44.75000000000001, 2.3622047244094393, 1.8183180245829335e-15]",cutter_reference_not_verified_surface,"[0.0, -4.440892098500626e-15, 0.9999999999999999]",[],"{""major_diameter"": 12.1158, ""minor_diameter"": 6.35, ""cutter_depth"": 3.4357064320898485}","{""major_diameter"": 0.47700000000000004, ""minor_diameter"": 0.25, ""cutter_depth"": 0.13526403275944285}","80-degree maximum-head CAD clearance envelope, not an 82-degree workshop countersink-depth instruction; seating depth remains unresolved; development geometry, machining tolerance and resistance unqualified",80,,,,,,,,,
main_upper_left,head_envelope_timber_panel_upper_left_4,countersink_envelope,"[1136.65, 1119.1999999999996, 0.0]","[44.75000000000001, 44.06299212598424, 0.0]","[1136.65, 1119.1999999999996, 0.0]","[44.75000000000001, 44.06299212598424, 0.0]",cutter_reference_not_verified_surface,"[0.0, -4.440892098500626e-15, 0.9999999999999999]",[],"{""major_diameter"": 12.1158, ""minor_diameter"": 6.35, ""cutter_depth"": 3.4357064320898485}","{""major_diameter"": 0.47700000000000004, ""minor_diameter"": 0.25, ""cutter_depth"": 0.13526403275944285}","80-degree maximum-head CAD clearance envelope, not an 82-degree workshop countersink-depth instruction; seating depth remains unresolved; development geometry, machining tolerance and resistance unqualified",80,,,,,,,,,
main_upper_left,head_envelope_timber_panel_upper_left_5,countersink_envelope,"[19.049999999999955, 406.3999999999996, 0.0]","[0.7499999999999982, 15.999999999999984, 0.0]","[19.049999999999955, 406.3999999999996, 0.0]","[0.7499999999999982, 15.999999999999984, 0.0]",cutter_reference_not_verified_surface,"[0.0, -4.440892098500626e-15, 0.9999999999999999]",[],"{""major_diameter"": 12.1158, ""minor_diameter"": 6.35, ""cutter_depth"": 3.4357064320898485}","{""major_diameter"": 0.47700000000000004, ""minor_diameter"": 0.25, ""cutter_depth"": 0.13526403275944285}","80-degree maximum-head CAD clearance envelope, not an 82-degree workshop countersink-depth instruction; seating depth remains unresolved; development geometry, machining tolerance and resistance unqualified",80,,,,,,,,,
main_upper_left,head_envelope_timber_panel_upper_left_6,countersink_envelope,"[19.049999999999955, 812.7999999999997, 0.0]","[0.7499999999999982, 31.99999999999999, 0.0]","[19.049999999999955, 812.7999999999997, 0.0]","[0.7499999999999982, 31.99999999999999, 0.0]",cutter_reference_not_verified_surface,"[0.0, -4.440892098500626e-15, 0.9999999999999999]",[],"{""major_diameter"": 12.1158, ""minor_diameter"": 6.35, ""cutter_depth"": 3.4357064320898485}","{""major_diameter"": 0.47700000000000004, ""minor_diameter"": 0.25, ""cutter_depth"": 0.13526403275944285}","80-degree maximum-head CAD clearance envelope, not an 82-degree workshop countersink-depth instruction; seating depth remains unresolved; development geometry, machining tolerance and resistance unqualified",80,,,,,,,,,
main_upper_left,head_envelope_timber_panel_upper_left_7,countersink_envelope,"[1136.65, 406.3999999999996, 0.0]","[44.75000000000001, 15.999999999999984, 0.0]","[1136.65, 406.3999999999996, 0.0]","[44.75000000000001, 15.999999999999984, 0.0]",cutter_reference_not_verified_surface,"[0.0, -4.440892098500626e-15, 0.9999999999999999]",[],"{""major_diameter"": 12.1158, ""minor_diameter"": 6.35, ""cutter_depth"": 3.4357064320898485}","{""major_diameter"": 0.47700000000000004, ""minor_diameter"": 0.25, ""cutter_depth"": 0.13526403275944285}","80-degree maximum-head CAD clearance envelope, not an 82-degree workshop countersink-depth instruction; seating depth remains unresolved; development geometry, machining tolerance and resistance unqualified",80,,,,,,,,,
main_upper_left,head_envelope_timber_panel_upper_left_8,countersink_envelope,"[1136.65, 812.7999999999997, 0.0]","[44.75000000000001, 31.99999999999999, 0.0]","[1136.65, 812.7999999999997, 0.0]","[44.75000000000001, 31.99999999999999, 0.0]",cutter_reference_not_verified_surface,"[0.0, -4.440892098500626e-15, 0.9999999999999999]",[],"{""major_diameter"": 12.1158, ""minor_diameter"": 6.35, ""cutter_depth"": 3.4357064320898485}","{""major_diameter"": 0.47700000000000004, ""minor_diameter"": 0.25, ""cutter_depth"": 0.13526403275944285}","80-degree maximum-head CAD clearance envelope, not an 82-degree workshop countersink-depth instruction; seating depth remains unresolved; development geometry, machining tolerance and resistance unqualified",80,,,,,,,,,
main_upper_left,head_envelope_timber_panel_upper_left_9,countersink_envelope,"[400.04999999999995, 19.049999999999653, 4.973799150320701e-14]","[15.749999999999998, 0.7499999999999863, 1.958188641858544e-15]","[400.04999999999995, 19.049999999999653, 4.973799150320701e-14]","[15.749999999999998, 0.7499999999999863, 1.958188641858544e-15]",cutter_reference_not_verified_surface,"[0.0, -4.440892098500626e-15, 0.9999999999999999]",[],"{""major_diameter"": 12.1158, ""minor_diameter"": 6.35, ""cutter_depth"": 3.4357064320898485}","{""major_diameter"": 0.47700000000000004, ""minor_diameter"": 0.25, ""cutter_depth"": 0.13526403275944285}","80-degree maximum-head CAD clearance envelope, not an 82-degree workshop countersink-depth instruction; seating depth remains unresolved; development geometry, machining tolerance and resistance unqualified",80,,,,,,,,,
main_upper_left,head_envelope_timber_panel_upper_left_10,countersink_envelope,"[781.05, 19.049999999999653, 4.973799150320701e-14]","[30.75, 0.7499999999999863, 1.958188641858544e-15]","[781.05, 19.049999999999653, 4.973799150320701e-14]","[30.75, 0.7499999999999863, 1.958188641858544e-15]",cutter_reference_not_verified_surface,"[0.0, -4.440892098500626e-15, 0.9999999999999999]",[],"{""major_diameter"": 12.1158, ""minor_diameter"": 6.35, ""cutter_depth"": 3.4357064320898485}","{""major_diameter"": 0.47700000000000004, ""minor_diameter"": 0.25, ""cutter_depth"": 0.13526403275944285}","80-degree maximum-head CAD clearance envelope, not an 82-degree workshop countersink-depth instruction; seating depth remains unresolved; development geometry, machining tolerance and resistance unqualified",80,,,,,,,,,
main_upper_left,head_envelope_timber_panel_upper_left_11,countersink_envelope,"[400.04999999999995, 1200.1499999999996, -1.1368683772161603e-13]","[15.749999999999998, 47.249999999999986, -4.475859752819529e-15]","[400.04999999999995, 1200.1499999999996, -1.1368683772161603e-13]","[15.749999999999998, 47.249999999999986, -4.475859752819529e-15]",cutter_reference_not_verified_surface,"[0.0, -4.440892098500626e-15, 0.9999999999999999]",[],"{""major_diameter"": 12.1158, ""minor_diameter"": 6.35, ""cutter_depth"": 3.4357064320898485}","{""major_diameter"": 0.47700000000000004, ""minor_diameter"": 0.25, ""cutter_depth"": 0.13526403275944285}","80-degree maximum-head CAD clearance envelope, not an 82-degree workshop countersink-depth instruction; seating depth remains unresolved; development geometry, machining tolerance and resistance unqualified",80,,,,,,,,,
main_upper_left,head_envelope_timber_panel_upper_left_12,countersink_envelope,"[781.05, 1200.1499999999996, -1.1368683772161603e-13]","[30.75, 47.249999999999986, -4.475859752819529e-15]","[781.05, 1200.1499999999996, -1.1368683772161603e-13]","[30.75, 47.249999999999986, -4.475859752819529e-15]",cutter_reference_not_verified_surface,"[0.0, -4.440892098500626e-15, 0.9999999999999999]",[],"{""major_diameter"": 12.1158, ""minor_diameter"": 6.35, ""cutter_depth"": 3.4357064320898485}","{""major_diameter"": 0.47700000000000004, ""minor_diameter"": 0.25, ""cutter_depth"": 0.13526403275944285}","80-degree maximum-head CAD clearance envelope, not an 82-degree workshop countersink-depth instruction; seating depth remains unresolved; development geometry, machining tolerance and resistance unqualified",80,,,,,,,,,
main_upper_right,head_envelope_timber_panel_upper_right_1,countersink_envelope,"[44.45, 59.99999999999976, 4.618527782440651e-14]","[1.7500000000000002, 2.3622047244094393, 1.8183180245829335e-15]","[44.45, 59.99999999999976, 4.618527782440651e-14]","[1.7500000000000002, 2.3622047244094393, 1.8183180245829335e-15]",cutter_reference_not_verified_surface,"[0.0, -4.440892098500626e-15, 0.9999999999999999]",[],"{""major_diameter"": 12.1158, ""minor_diameter"": 6.35, ""cutter_depth"": 3.4357064320898485}","{""major_diameter"": 0.47700000000000004, ""minor_diameter"": 0.25, ""cutter_depth"": 0.13526403275944285}","80-degree maximum-head CAD clearance envelope, not an 82-degree workshop countersink-depth instruction; seating depth remains unresolved; development geometry, machining tolerance and resistance unqualified",80,,,,,,,,,
main_upper_right,head_envelope_timber_panel_upper_right_2,countersink_envelope,"[44.45, 1119.1999999999996, 0.0]","[1.7500000000000002, 44.06299212598424, 0.0]","[44.45, 1119.1999999999996, 0.0]","[1.7500000000000002, 44.06299212598424, 0.0]",cutter_reference_not_verified_surface,"[0.0, -4.440892098500626e-15, 0.9999999999999999]",[],"{""major_diameter"": 12.1158, ""minor_diameter"": 6.35, ""cutter_depth"": 3.4357064320898485}","{""major_diameter"": 0.47700000000000004, ""minor_diameter"": 0.25, ""cutter_depth"": 0.13526403275944285}","80-degree maximum-head CAD clearance envelope, not an 82-degree workshop countersink-depth instruction; seating depth remains unresolved; development geometry, machining tolerance and resistance unqualified",80,,,,,,,,,
main_upper_right,head_envelope_timber_panel_upper_right_3,countersink_envelope,"[1200.15, 59.99999999999976, 4.618527782440651e-14]","[47.25000000000001, 2.3622047244094393, 1.8183180245829335e-15]","[1200.15, 59.99999999999976, 4.618527782440651e-14]","[47.25000000000001, 2.3622047244094393, 1.8183180245829335e-15]",cutter_reference_not_verified_surface,"[0.0, -4.440892098500626e-15, 0.9999999999999999]",[],"{""major_diameter"": 12.1158, ""minor_diameter"": 6.35, ""cutter_depth"": 3.4357064320898485}","{""major_diameter"": 0.47700000000000004, ""minor_diameter"": 0.25, ""cutter_depth"": 0.13526403275944285}","80-degree maximum-head CAD clearance envelope, not an 82-degree workshop countersink-depth instruction; seating depth remains unresolved; development geometry, machining tolerance and resistance unqualified",80,,,,,,,,,
main_upper_right,head_envelope_timber_panel_upper_right_4,countersink_envelope,"[1200.15, 1119.1999999999996, 0.0]","[47.25000000000001, 44.06299212598424, 0.0]","[1200.15, 1119.1999999999996, 0.0]","[47.25000000000001, 44.06299212598424, 0.0]",cutter_reference_not_verified_surface,"[0.0, -4.440892098500626e-15, 0.9999999999999999]",[],"{""major_diameter"": 12.1158, ""minor_diameter"": 6.35, ""cutter_depth"": 3.4357064320898485}","{""major_diameter"": 0.47700000000000004, ""minor_diameter"": 0.25, ""cutter_depth"": 0.13526403275944285}","80-degree maximum-head CAD clearance envelope, not an 82-degree workshop countersink-depth instruction; seating depth remains unresolved; development geometry, machining tolerance and resistance unqualified",80,,,,,,,,,
main_upper_right,head_envelope_timber_panel_upper_right_5,countersink_envelope,"[44.45, 406.3999999999996, 0.0]","[1.7500000000000002, 15.999999999999984, 0.0]","[44.45, 406.3999999999996, 0.0]","[1.7500000000000002, 15.999999999999984, 0.0]",cutter_reference_not_verified_surface,"[0.0, -4.440892098500626e-15, 0.9999999999999999]",[],"{""major_diameter"": 12.1158, ""minor_diameter"": 6.35, ""cutter_depth"": 3.4357064320898485}","{""major_diameter"": 0.47700000000000004, ""minor_diameter"": 0.25, ""cutter_depth"": 0.13526403275944285}","80-degree maximum-head CAD clearance envelope, not an 82-degree workshop countersink-depth instruction; seating depth remains unresolved; development geometry, machining tolerance and resistance unqualified",80,,,,,,,,,
main_upper_right,head_envelope_timber_panel_upper_right_6,countersink_envelope,"[44.45, 812.7999999999997, 0.0]","[1.7500000000000002, 31.99999999999999, 0.0]","[44.45, 812.7999999999997, 0.0]","[1.7500000000000002, 31.99999999999999, 0.0]",cutter_reference_not_verified_surface,"[0.0, -4.440892098500626e-15, 0.9999999999999999]",[],"{""major_diameter"": 12.1158, ""minor_diameter"": 6.35, ""cutter_depth"": 3.4357064320898485}","{""major_diameter"": 0.47700000000000004, ""minor_diameter"": 0.25, ""cutter_depth"": 0.13526403275944285}","80-degree maximum-head CAD clearance envelope, not an 82-degree workshop countersink-depth instruction; seating depth remains unresolved; development geometry, machining tolerance and resistance unqualified",80,,,,,,,,,
main_upper_right,head_envelope_timber_panel_upper_right_7,countersink_envelope,"[1200.15, 406.3999999999996, 0.0]","[47.25000000000001, 15.999999999999984, 0.0]","[1200.15, 406.3999999999996, 0.0]","[47.25000000000001, 15.999999999999984, 0.0]",cutter_reference_not_verified_surface,"[0.0, -4.440892098500626e-15, 0.9999999999999999]",[],"{""major_diameter"": 12.1158, ""minor_diameter"": 6.35, ""cutter_depth"": 3.4357064320898485}","{""major_diameter"": 0.47700000000000004, ""minor_diameter"": 0.25, ""cutter_depth"": 0.13526403275944285}","80-degree maximum-head CAD clearance envelope, not an 82-degree workshop countersink-depth instruction; seating depth remains unresolved; development geometry, machining tolerance and resistance unqualified",80,,,,,,,,,
main_upper_right,head_envelope_timber_panel_upper_right_8,countersink_envelope,"[1200.15, 812.7999999999997, 0.0]","[47.25000000000001, 31.99999999999999, 0.0]","[1200.15, 812.7999999999997, 0.0]","[47.25000000000001, 31.99999999999999, 0.0]",cutter_reference_not_verified_surface,"[0.0, -4.440892098500626e-15, 0.9999999999999999]",[],"{""major_diameter"": 12.1158, ""minor_diameter"": 6.35, ""cutter_depth"": 3.4357064320898485}","{""major_diameter"": 0.47700000000000004, ""minor_diameter"": 0.25, ""cutter_depth"": 0.13526403275944285}","80-degree maximum-head CAD clearance envelope, not an 82-degree workshop countersink-depth instruction; seating depth remains unresolved; development geometry, machining tolerance and resistance unqualified",80,,,,,,,,,
main_upper_right,head_envelope_timber_panel_upper_right_9,countersink_envelope,"[412.75000000000006, 19.049999999999653, 4.973799150320701e-14]","[16.250000000000004, 0.7499999999999863, 1.958188641858544e-15]","[412.75000000000006, 19.049999999999653, 4.973799150320701e-14]","[16.250000000000004, 0.7499999999999863, 1.958188641858544e-15]",cutter_reference_not_verified_surface,"[0.0, -4.440892098500626e-15, 0.9999999999999999]",[],"{""major_diameter"": 12.1158, ""minor_diameter"": 6.35, ""cutter_depth"": 3.4357064320898485}","{""major_diameter"": 0.47700000000000004, ""minor_diameter"": 0.25, ""cutter_depth"": 0.13526403275944285}","80-degree maximum-head CAD clearance envelope, not an 82-degree workshop countersink-depth instruction; seating depth remains unresolved; development geometry, machining tolerance and resistance unqualified",80,,,,,,,,,
main_upper_right,head_envelope_timber_panel_upper_right_10,countersink_envelope,"[806.45, 19.049999999999653, 4.973799150320701e-14]","[31.750000000000004, 0.7499999999999863, 1.958188641858544e-15]","[806.45, 19.049999999999653, 4.973799150320701e-14]","[31.750000000000004, 0.7499999999999863, 1.958188641858544e-15]",cutter_reference_not_verified_surface,"[0.0, -4.440892098500626e-15, 0.9999999999999999]",[],"{""major_diameter"": 12.1158, ""minor_diameter"": 6.35, ""cutter_depth"": 3.4357064320898485}","{""major_diameter"": 0.47700000000000004, ""minor_diameter"": 0.25, ""cutter_depth"": 0.13526403275944285}","80-degree maximum-head CAD clearance envelope, not an 82-degree workshop countersink-depth instruction; seating depth remains unresolved; development geometry, machining tolerance and resistance unqualified",80,,,,,,,,,
main_upper_right,head_envelope_timber_panel_upper_right_11,countersink_envelope,"[412.75000000000006, 1200.1499999999996, -1.1368683772161603e-13]","[16.250000000000004, 47.249999999999986, -4.475859752819529e-15]","[412.75000000000006, 1200.1499999999996, -1.1368683772161603e-13]","[16.250000000000004, 47.249999999999986, -4.475859752819529e-15]",cutter_reference_not_verified_surface,"[0.0, -4.440892098500626e-15, 0.9999999999999999]",[],"{""major_diameter"": 12.1158, ""minor_diameter"": 6.35, ""cutter_depth"": 3.4357064320898485}","{""major_diameter"": 0.47700000000000004, ""minor_diameter"": 0.25, ""cutter_depth"": 0.13526403275944285}","80-degree maximum-head CAD clearance envelope, not an 82-degree workshop countersink-depth instruction; seating depth remains unresolved; development geometry, machining tolerance and resistance unqualified",80,,,,,,,,,
main_upper_right,head_envelope_timber_panel_upper_right_12,countersink_envelope,"[806.45, 1200.1499999999996, -1.1368683772161603e-13]","[31.750000000000004, 47.249999999999986, -4.475859752819529e-15]","[806.45, 1200.1499999999996, -1.1368683772161603e-13]","[31.750000000000004, 47.249999999999986, -4.475859752819529e-15]",cutter_reference_not_verified_surface,"[0.0, -4.440892098500626e-15, 0.9999999999999999]",[],"{""major_diameter"": 12.1158, ""minor_diameter"": 6.35, ""cutter_depth"": 3.4357064320898485}","{""major_diameter"": 0.47700000000000004, ""minor_diameter"": 0.25, ""cutter_depth"": 0.13526403275944285}","80-degree maximum-head CAD clearance envelope, not an 82-degree workshop countersink-depth instruction; seating depth remains unresolved; development geometry, machining tolerance and resistance unqualified",80,,,,,,,,,
kicker_left,head_envelope_timber_kicker_left_0_1,countersink_envelope,"[19.049999999999955, 60.0, 0.0]","[0.7499999999999982, 2.362204724409449, 0.0]","[19.049999999999955, 60.0, 0.0]","[0.7499999999999982, 2.362204724409449, 0.0]",cutter_reference_not_verified_surface,"[0.0, 0.0, 1.0]",[],"{""major_diameter"": 12.1158, ""minor_diameter"": 6.35, ""cutter_depth"": 3.4357064320898485}","{""major_diameter"": 0.47700000000000004, ""minor_diameter"": 0.25, ""cutter_depth"": 0.13526403275944285}","80-degree maximum-head CAD clearance envelope, not an 82-degree workshop countersink-depth instruction; seating depth remains unresolved; development geometry, machining tolerance and resistance unqualified",80,,,,,,,,,
kicker_left,head_envelope_timber_kicker_left_0_2,countersink_envelope,"[19.049999999999955, 140.0, 0.0]","[0.7499999999999982, 5.511811023622047, 0.0]","[19.049999999999955, 140.0, 0.0]","[0.7499999999999982, 5.511811023622047, 0.0]",cutter_reference_not_verified_surface,"[0.0, 0.0, 1.0]",[],"{""major_diameter"": 12.1158, ""minor_diameter"": 6.35, ""cutter_depth"": 3.4357064320898485}","{""major_diameter"": 0.47700000000000004, ""minor_diameter"": 0.25, ""cutter_depth"": 0.13526403275944285}","80-degree maximum-head CAD clearance envelope, not an 82-degree workshop countersink-depth instruction; seating depth remains unresolved; development geometry, machining tolerance and resistance unqualified",80,,,,,,,,,
kicker_left,head_envelope_timber_kicker_left_1_1,countersink_envelope,"[1136.65, 60.0, 0.0]","[44.75000000000001, 2.362204724409449, 0.0]","[1136.65, 60.0, 0.0]","[44.75000000000001, 2.362204724409449, 0.0]",cutter_reference_not_verified_surface,"[0.0, 0.0, 1.0]",[],"{""major_diameter"": 12.1158, ""minor_diameter"": 6.35, ""cutter_depth"": 3.4357064320898485}","{""major_diameter"": 0.47700000000000004, ""minor_diameter"": 0.25, ""cutter_depth"": 0.13526403275944285}","80-degree maximum-head CAD clearance envelope, not an 82-degree workshop countersink-depth instruction; seating depth remains unresolved; development geometry, machining tolerance and resistance unqualified",80,,,,,,,,,
kicker_left,head_envelope_timber_kicker_left_1_2,countersink_envelope,"[1136.65, 140.0, 0.0]","[44.75000000000001, 5.511811023622047, 0.0]","[1136.65, 140.0, 0.0]","[44.75000000000001, 5.511811023622047, 0.0]",cutter_reference_not_verified_surface,"[0.0, 0.0, 1.0]",[],"{""major_diameter"": 12.1158, ""minor_diameter"": 6.35, ""cutter_depth"": 3.4357064320898485}","{""major_diameter"": 0.47700000000000004, ""minor_diameter"": 0.25, ""cutter_depth"": 0.13526403275944285}","80-degree maximum-head CAD clearance envelope, not an 82-degree workshop countersink-depth instruction; seating depth remains unresolved; development geometry, machining tolerance and resistance unqualified",80,,,,,,,,,
kicker_right,head_envelope_timber_kicker_right_0_1,countersink_envelope,"[44.45, 60.0, 0.0]","[1.7500000000000002, 2.362204724409449, 0.0]","[44.45, 60.0, 0.0]","[1.7500000000000002, 2.362204724409449, 0.0]",cutter_reference_not_verified_surface,"[0.0, 0.0, 1.0]",[],"{""major_diameter"": 12.1158, ""minor_diameter"": 6.35, ""cutter_depth"": 3.4357064320898485}","{""major_diameter"": 0.47700000000000004, ""minor_diameter"": 0.25, ""cutter_depth"": 0.13526403275944285}","80-degree maximum-head CAD clearance envelope, not an 82-degree workshop countersink-depth instruction; seating depth remains unresolved; development geometry, machining tolerance and resistance unqualified",80,,,,,,,,,
kicker_right,head_envelope_timber_kicker_right_0_2,countersink_envelope,"[44.45, 140.0, 0.0]","[1.7500000000000002, 5.511811023622047, 0.0]","[44.45, 140.0, 0.0]","[1.7500000000000002, 5.511811023622047, 0.0]",cutter_reference_not_verified_surface,"[0.0, 0.0, 1.0]",[],"{""major_diameter"": 12.1158, ""minor_diameter"": 6.35, ""cutter_depth"": 3.4357064320898485}","{""major_diameter"": 0.47700000000000004, ""minor_diameter"": 0.25, ""cutter_depth"": 0.13526403275944285}","80-degree maximum-head CAD clearance envelope, not an 82-degree workshop countersink-depth instruction; seating depth remains unresolved; development geometry, machining tolerance and resistance unqualified",80,,,,,,,,,
kicker_right,head_envelope_timber_kicker_right_1_1,countersink_envelope,"[1200.15, 60.0, 0.0]","[47.25000000000001, 2.362204724409449, 0.0]","[1200.15, 60.0, 0.0]","[47.25000000000001, 2.362204724409449, 0.0]",cutter_reference_not_verified_surface,"[0.0, 0.0, 1.0]",[],"{""major_diameter"": 12.1158, ""minor_diameter"": 6.35, ""cutter_depth"": 3.4357064320898485}","{""major_diameter"": 0.47700000000000004, ""minor_diameter"": 0.25, ""cutter_depth"": 0.13526403275944285}","80-degree maximum-head CAD clearance envelope, not an 82-degree workshop countersink-depth instruction; seating depth remains unresolved; development geometry, machining tolerance and resistance unqualified",80,,,,,,,,,
kicker_right,head_envelope_timber_kicker_right_1_2,countersink_envelope,"[1200.15, 140.0, 0.0]","[47.25000000000001, 5.511811023622047, 0.0]","[1200.15, 140.0, 0.0]","[47.25000000000001, 5.511811023622047, 0.0]",cutter_reference_not_verified_surface,"[0.0, 0.0, 1.0]",[],"{""major_diameter"": 12.1158, ""minor_diameter"": 6.35, ""cutter_depth"": 3.4357064320898485}","{""major_diameter"": 0.47700000000000004, ""minor_diameter"": 0.25, ""cutter_depth"": 0.13526403275944285}","80-degree maximum-head CAD clearance envelope, not an 82-degree workshop countersink-depth instruction; seating depth remains unresolved; development geometry, machining tolerance and resistance unqualified",80,,,,,,,,,
base_principal_left,lower_bearing_plane,header_bearing_plane,,,,,,,,,,"Actual lowest horizontal outward CAD face; point is area-weighted face centroid, not a timber corner. Plane marker only, not a cutter or saw setup. Bearing capacity and machining tolerances unqualified.",,"[-82.54999999999994, -132.6800303678404, 225.0]","[-3.249999999999998, -5.223623242828363, 8.858267716535433]","[44.45000000000006, 58.611109237732826, 69.85000000000007]","[1.7500000000000024, 2.307523985737513, 2.7500000000000027]","[0.0, 0.0, -1.0]","[0.0, -0.7660444431189752, -0.6427876096865393]",16212.283910623068,25.129090319646394,1
base_principal_right,lower_bearing_plane,header_bearing_plane,,,,,,,,,,"Actual lowest horizontal outward CAD face; point is area-weighted face centroid, not a timber corner. Plane marker only, not a cutter or saw setup. Bearing capacity and machining tolerances unqualified.",,"[44.450000000000095, -132.6800303678404, 225.0]","[1.7500000000000038, -5.223623242828363, 8.858267716535433]","[44.450000000000095, 58.611109237732826, 69.85000000000007]","[1.7500000000000038, 2.307523985737513, 2.7500000000000027]","[0.0, 0.0, -1.0]","[0.0, -0.7660444431189752, -0.6427876096865393]",16212.283910623068,25.129090319646394,1
base_side_left,lower_bearing_plane,header_bearing_plane,,,,,,,,,,"Actual lowest horizontal outward CAD face; point is area-weighted face centroid, not a timber corner. Plane marker only, not a cutter or saw setup. Bearing capacity and machining tolerances unqualified.",,"[-1200.15, -161.6927073732504, 225.0]","[-47.25000000000001, -6.365854620994111, 8.858267716535433]","[19.049999999999955, 77.26009854064762, 92.07499999999996]","[0.7499999999999982, 3.0417361630176227, 3.6249999999999987]","[0.0, 0.0, -1.0]","[0.0, -0.7660444431189752, -0.6427876096865393]",9158.887663793503,14.196304271488472,1
base_side_right,lower_bearing_plane,header_bearing_plane,,,,,,,,,,"Actual lowest horizontal outward CAD face; point is area-weighted face centroid, not a timber corner. Plane marker only, not a cutter or saw setup. Bearing capacity and machining tolerances unqualified.",,"[1200.15, -161.6927073732504, 224.99999999999997]","[47.25000000000001, -6.365854620994111, 8.858267716535433]","[19.049999999999955, 77.26009854064759, 92.07499999999995]","[0.7499999999999982, 3.041736163017622, 3.6249999999999982]","[0.0, 0.0, -1.0]","[0.0, -0.7660444431189752, -0.6427876096865393]",9158.887663793394,14.196304271488303,1
leg_left_inner,lower_bearing_plane,floor_bearing_plane,,,,,,,,,,"Actual lowest horizontal outward CAD face; point is area-weighted face centroid, not a timber corner. Plane marker only, not a cutter or saw setup. Bearing capacity and machining tolerances unqualified.",,"[-1228.7250000000004, 1403.9983879518763, 0.0]","[-48.375000000000014, 55.27552708471954, 0.0]","[631.2062677159782, 7.958078640513122e-13, 9.525000000000091]","[24.850640461258987, 3.13310182697367e-14, 0.3750000000000036]","[0.0, 0.0, -1.0]","[0.0, -1.0, 0.0]",3670.288124568645,5.6889579709973415,1
leg_left_outer,lower_bearing_plane,floor_bearing_plane,,,,,,,,,,"Actual lowest horizontal outward CAD face; point is area-weighted face centroid, not a timber corner. Plane marker only, not a cutter or saw setup. Bearing capacity and machining tolerances unqualified.",,"[-1247.7750000000008, 1403.9983879518766, 1.262177448353619e-29]","[-49.125000000000036, 55.275527084719556, 4.969202552573303e-31]","[631.2062677159785, 7.958078640513122e-13, 9.524999999999409]","[24.850640461258998, 3.13310182697367e-14, 0.37499999999997674]","[0.0, 0.0, -1.0]","[0.0, -1.0, 0.0]",3670.288124568583,5.688957970997246,1
leg_right_inner,lower_bearing_plane,floor_bearing_plane,,,,,,,,,,"Actual lowest horizontal outward CAD face; point is area-weighted face centroid, not a timber corner. Plane marker only, not a cutter or saw setup. Bearing capacity and machining tolerances unqualified.",,"[1228.7250000000004, 1403.998387951876, -1.262177448353619e-29]","[48.375000000000014, 55.275527084719535, -4.969202552573303e-31]","[631.206267715978, 7.958078640513122e-13, 9.525000000000091]","[24.85064046125898, 3.13310182697367e-14, 0.3750000000000036]","[0.0, 0.0, -1.0]","[0.0, -1.0, 0.0]",3670.2881245684957,5.6889579709971105,1
leg_right_outer,lower_bearing_plane,floor_bearing_plane,,,,,,,,,,"Actual lowest horizontal outward CAD face; point is area-weighted face centroid, not a timber corner. Plane marker only, not a cutter or saw setup. Bearing capacity and machining tolerances unqualified.",,"[1247.7749999999996, 1403.9983879518763, 0.0]","[49.124999999999986, 55.27552708471954, 0.0]","[631.2062677159782, 7.958078640513122e-13, 9.524999999999636]","[24.850640461258987, 3.13310182697367e-14, 0.3749999999999857]","[0.0, 0.0, -1.0]","[0.0, -1.0, 0.0]",3670.288124568645,5.6889579709973415,1
