
                        S T E P       1


                                INCREMENT     1


 displacements (vx,vy,vz) for set TOP and time  0.1000000E+01

     34873 -9.399348E-03  3.771851E-01 -3.455664E-01
     35658 -1.259597E-03  4.056375E-01 -3.637248E-01
     37100 -1.706129E-02  2.984890E-01 -2.928077E-01
     43530  5.763268E-03  4.014786E-01 -3.615212E-01
     46183  1.385595E-02  2.919761E-01 -2.811823E-01

 forces (fx,fy,fz) for set FEET and time  0.1000000E+01

       151 -1.956268E-01  2.258969E-01 -1.343027E+00
       155  3.402814E-01  4.384262E+00 -4.107236E+00
       156 -7.909634E-03 -2.039270E-02 -7.657362E-01
       160  8.925227E-04  4.639200E-01 -2.425289E-01
       161  1.696439E-01  2.063177E-01 -1.189922E+00
       165 -2.970762E-01  3.964454E+00 -3.707350E+00
       194  1.121053E+01  6.885464E+00  1.421311E+01
       195  4.450997E-01 -5.618761E-01  8.186433E-01
       196 -1.828186E-01  2.981763E-02  4.321353E-01
       197 -9.529728E+00  4.958262E+00  1.147004E+01
       221  1.619799E-01  4.026959E-02  3.706253E-01
       222  8.632241E+00  4.433224E+00  1.029048E+01
       225 -4.585895E-01 -5.634283E-01  7.833607E-01
       226 -1.024434E+01  6.354071E+00  1.306393E+01
       234  5.063732E-01  3.774354E-01  1.401450E+00
       236 -4.761531E-01  3.569663E-01  1.210400E+00
       242 -3.349185E+00  2.502931E+00 -4.099064E+00
       245 -3.767595E+00  3.182628E+00  4.640807E+00
       246  4.914367E+00  3.994707E+00  6.066327E+00
       253  2.974739E+00  2.203444E+00 -3.624094E+00
       254 -4.456049E+00  3.645693E+00  5.539066E+00
       255  3.389119E+00  2.813386E+00  4.100152E+00
      3486  1.424600E+00  1.524561E+00 -1.131012E+01
      3512 -6.568005E-03 -1.354911E-01 -1.113038E+00
      3525  2.258316E-01  6.834491E-01 -1.673792E+00
      3526  3.319596E-01  5.797885E-01 -9.058152E-01
      3527  5.118955E-01  4.209962E-01 -1.979044E+00
      3528  4.526814E-01  3.049658E-01 -1.516334E+00
      3529  3.514414E-01  1.698006E-01 -1.068930E+00
      3530  3.257377E-01  9.959499E-02 -8.506981E-01
      3531  2.303104E-01  4.807241E-02 -6.251254E-01
      3532  2.146379E-01  2.441597E-02 -5.580005E-01
      3533  1.819354E-01 -2.126339E-02 -4.126491E-01
      3534  1.127088E-01 -9.826534E-03 -4.269062E-01
      3535  1.426192E-01 -3.358861E-02 -4.334522E-01
      3536  6.424098E-02 -7.174230E-03 -4.411765E-01
      3537  1.145546E-01 -2.735654E-02 -4.731765E-01
      3538  3.921145E-02  3.648747E-03 -4.993757E-01
      3539  1.007900E-01 -1.390004E-02 -5.344673E-01
      3540  2.618649E-02  1.476154E-02 -5.598492E-01
      3541  9.490681E-02 -1.374415E-03 -5.884865E-01
      3542  1.918826E-02  2.229115E-02 -6.041648E-01
      3543  9.112547E-02  7.333697E-03 -6.226153E-01
      3544  1.133469E-02  2.195955E-02 -6.306234E-01
      3545  6.169632E-02  6.084573E-02 -7.003413E-01
      3546  5.703359E-02 -6.900672E-03 -5.758181E-01
      3547  2.368670E-03  2.097982E-02 -6.502880E-01
      3548 -3.353931E-04  6.025485E-02 -6.722359E-01
      3549  3.751104E-02 -5.265731E-03 -5.880073E-01
      3550 -2.276629E-02  2.617829E-02 -6.682878E-01
      3551  2.464240E-02  7.521915E-02 -7.307434E-01
      3552  2.801376E-02  1.352736E-01 -7.168104E-01
      3553  4.313201E-03  8.014177E-03 -6.287092E-01
      3554 -2.656910E-02  1.159385E-02 -6.490693E-01
      3555  2.937741E+00  1.079775E+00 -1.074722E+01
      3556  2.597836E+00 -1.593778E-01 -6.700278E+00
      3557  3.562630E+00 -6.838990E-01 -6.919606E+00
      3558  3.402192E+00 -7.976238E-01 -5.446157E+00
      3559  3.116842E+00 -5.374772E-01 -3.964716E+00
      3560  2.851323E+00 -5.264627E-01 -3.012548E+00
      3561  2.492624E+00 -3.450466E-01 -2.069368E+00
      3562  2.211974E+00 -3.363912E-01 -1.545399E+00
      3563  1.913074E+00 -2.401432E-01 -1.077184E+00
      3564  1.626520E+00 -1.845239E-01 -7.235025E-01
      3565  1.436742E+00 -2.065091E-01 -6.582032E-01
      3566  1.232762E+00 -1.420130E-01 -4.698853E-01
      3567  1.109054E+00 -1.879886E-01 -5.608621E-01
      3568  9.707364E-01 -1.353563E-01 -4.632087E-01
      3569  8.966812E-01 -1.959033E-01 -6.278180E-01
      3570  8.026038E-01 -1.447554E-01 -5.520870E-01
      3571  7.572614E-01 -2.125863E-01 -7.366847E-01
      3572  6.878822E-01 -1.591394E-01 -6.452281E-01
      3573  6.533726E-01 -2.292688E-01 -8.200661E-01
      3574  5.909822E-01 -1.717378E-01 -7.009441E-01
      3575  5.603809E-01 -2.479520E-01 -8.464235E-01
      3576  5.052879E-01 -1.823855E-01 -8.188182E-01
      3577  4.178991E-01 -1.887868E-01 -7.208968E-01
      3578  3.854258E-01 -2.174905E-01 -8.263330E-01
      3579  3.107564E-01 -1.937022E-01 -8.487357E-01
      3580  2.215607E-01 -1.986183E-01 -7.650192E-01
      3581  1.729514E-01 -2.700394E-01 -9.466847E-01
      3582  1.193197E-01 -1.976088E-01 -9.512693E-01
      3583  5.880701E-02 -2.277047E-01 -8.865150E-01
      3584  3.464710E-02 -2.162644E-01 -8.923262E-01
      3585  1.246741E-02 -2.221682E-01 -9.893480E-01
      3769  2.263004E-01  3.814447E+00 -2.026057E+00
      3770  1.569968E-02  3.106721E+00 -1.239001E+00
      3771 -2.092098E-01  2.139463E+00 -9.233832E-01
      3772  1.012427E-01  1.529342E+00 -7.068285E-01
      3773 -1.264477E-01  1.184004E+00 -4.547116E-01
      3774  4.272298E-02  8.422494E-01 -3.369089E-01
      3775 -8.201260E-02  6.739759E-01 -2.147207E-01
      3776  9.515982E-04  4.205692E-01 -2.162492E-01
      3777 -3.062723E-02  5.049029E-01 -2.007254E-02
      3778 -5.369576E-02  3.934594E-01 -8.142489E-02
      3779  5.705378E-03  3.572129E-01 -6.565003E-02
      3780 -4.628229E-02  3.855245E-01 -7.591035E-02
      3781  8.390649E-03  3.843786E-01 -7.130478E-02
      3782 -4.567806E-02  4.296525E-01 -9.175689E-02
      3783  1.363571E-02  4.401049E-01 -9.225376E-02
      3784 -4.695129E-02  4.843071E-01 -1.112775E-01
      3785  1.924934E-02  4.923153E-01 -1.120384E-01
      3786 -4.767346E-02  5.267587E-01 -1.246971E-01
      3787  2.396860E-02  5.269352E-01 -1.232405E-01
      3788 -4.625553E-02  5.454366E-01 -1.296219E-01
      3789 -3.053919E-03  4.447549E-01 -2.216360E-01
      3790 -1.144891E-02  6.581574E-01 -6.326077E-03
      3791 -4.752365E-02  5.540560E-01 -1.260938E-01
      3792 -7.478431E-02  5.687321E-01 -1.220234E-01
      3793 -6.414395E-03  6.742668E-01 -7.048603E-03
      3794 -4.545750E-02  5.710920E-01 -1.341602E-01
      3795 -1.277685E-03  4.762067E-01 -2.353596E-01
      3796 -7.590063E-02  6.562164E-01 -1.316833E-01
      3797 -9.026594E-05  7.196784E-01 -4.692352E-02
      3798  9.143304E-03  6.688968E-01 -3.123682E-02
      3799  1.458578E+00  7.075765E+00 -1.046563E+01
      3800  1.248492E+00  4.930418E+00 -6.840412E+00
      3801  1.010020E+00  3.734957E+00 -4.741457E+00
      3802  8.657997E-01  1.880551E+00 -3.312750E+00
      3803  7.914861E-01  1.966725E+00 -2.526596E+00
      3804  6.730088E-01  1.008980E+00 -1.777686E+00
      3805  5.939179E-01  1.038098E+00 -1.321920E+00
      3806  4.961517E-01  5.426289E-01 -9.634449E-01
      3807  4.343355E-01  4.882593E-01 -7.543209E-01
      3808  3.680579E-01  4.656990E-01 -5.741386E-01
      3809  3.044757E-01  3.141072E-01 -5.510843E-01
      3810  2.633775E-01  4.010147E-01 -4.946091E-01
      3811  2.296655E-01  3.186799E-01 -5.550347E-01
      3812  2.033054E-01  4.400108E-01 -5.434352E-01
      3813  1.841495E-01  3.689813E-01 -6.367190E-01
      3814  1.681201E-01  5.109045E-01 -6.329505E-01
      3815  1.565430E-01  4.242236E-01 -7.254778E-01
      3816  1.461354E-01  5.720047E-01 -7.093367E-01
      3817  1.370722E-01  4.638352E-01 -7.874315E-01
      3818  1.272487E-01  6.070474E-01 -7.526904E-01
      3819  1.169713E-01  4.784765E-01 -8.170172E-01
      3820  1.194139E-01  5.496521E-01 -8.292942E-01
      3821  1.001570E-01  6.175346E-01 -7.587975E-01
      3822  7.893961E-02  5.073211E-01 -8.221421E-01
      3823  7.980850E-02  5.752483E-01 -8.425113E-01
      3824  5.403344E-02  6.406487E-01 -7.847234E-01
      3825  3.263717E-02  5.100674E-01 -8.744231E-01
      3826  3.946586E-02  5.870018E-01 -8.727007E-01
      3827  3.672538E-02  7.012884E-01 -8.809853E-01
      3828  1.511481E-02  7.264741E-01 -8.402482E-01
      3829 -5.938019E-03  6.205348E-01 -9.277250E-01
      3843 -1.307209E+00  1.368740E+00 -1.013514E+01
      3856  1.504114E-02  1.149668E-02 -6.448961E-01
      3857 -1.048118E-02 -8.016064E-05 -6.237162E-01
      3858 -8.985630E-03 -2.795049E-03 -6.236011E-01
      3859 -1.746796E-02 -4.099410E-03 -6.123085E-01
      3860 -2.206801E-02 -1.173122E-02 -6.149490E-01
      3861 -2.654463E-02 -1.165378E-02 -5.990693E-01
      3862 -2.868982E-02 -1.188560E-02 -5.920902E-01
      3863 -4.151797E-02 -7.542458E-03 -5.721025E-01
      3864 -4.900747E-02 -8.963845E-03 -5.735497E-01
      3865 -5.760419E-02 -9.260606E-03 -5.669528E-01
      3866 -6.301062E-02 -9.280656E-03 -5.616619E-01
      3867 -6.761490E-02 -1.082277E-02 -5.533035E-01
      3868 -7.117175E-02 -1.150645E-02 -5.420373E-01
      3869 -7.405561E-02 -1.275393E-02 -5.270400E-01
      3870 -7.663695E-02 -1.449916E-02 -5.067716E-01
      3871 -7.975706E-02 -1.806491E-02 -4.831615E-01
      3872 -8.476623E-02 -2.161363E-02 -4.551308E-01
      3873 -9.215858E-02 -2.623707E-02 -4.273069E-01
      3874 -1.031151E-01 -2.956293E-02 -4.010529E-01
      3875 -1.233356E-01 -3.126574E-02 -3.823253E-01
      3876 -1.419847E-01 -2.886046E-02 -3.837014E-01
      3877 -1.747868E-01 -2.161386E-02 -4.034020E-01
      3878 -2.131798E-01 -5.431602E-03 -4.584273E-01
      3879 -2.600054E-01  2.247545E-02 -5.588428E-01
      3880 -3.148962E-01  6.520437E-02 -7.177565E-01
      3881 -3.770942E-01  1.278381E-01 -9.495352E-01
      3882 -4.473349E-01  2.189417E-01 -1.275813E+00
      3883 -5.327954E-01  3.466783E-01 -1.740498E+00
      3884 -3.045040E-01  5.071765E-01 -8.105739E-01
      3885 -1.362757E-01  8.161816E-01 -1.703734E+00
      3886 -5.127505E-02 -2.171226E-01 -9.830344E-01
      3887 -6.639175E-02 -2.433204E-01 -8.790017E-01
      3888 -1.042108E-01 -2.347131E-01 -8.697855E-01
      3889 -1.453622E-01 -2.279490E-01 -8.205425E-01
      3890 -2.012775E-01 -2.190709E-01 -7.814355E-01
      3891 -2.565658E-01 -2.171287E-01 -7.256018E-01
      3892 -3.289290E-01 -2.076452E-01 -7.180970E-01
      3893 -3.877755E-01 -1.991937E-01 -6.766761E-01
      3894 -4.658836E-01 -1.913238E-01 -6.603988E-01
      3895 -5.318317E-01 -1.863866E-01 -6.481593E-01
      3896 -5.972212E-01 -1.801920E-01 -6.403533E-01
      3897 -6.587012E-01 -1.782507E-01 -6.338837E-01
      3898 -7.156470E-01 -1.741278E-01 -6.248041E-01
      3899 -7.701110E-01 -1.683299E-01 -6.101411E-01
      3900 -8.233215E-01 -1.612663E-01 -5.866230E-01
      3901 -8.806797E-01 -1.552469E-01 -5.558650E-01
      3902 -9.456445E-01 -1.486121E-01 -5.185485E-01
      3903 -1.027422E+00 -1.441272E-01 -4.850440E-01
      3904 -1.129713E+00 -1.434843E-01 -4.660410E-01
      3905 -1.261005E+00 -1.502114E-01 -4.735361E-01
      3906 -1.424527E+00 -1.575230E-01 -5.564781E-01
      3907 -1.619413E+00 -1.810207E-01 -6.960547E-01
      3908 -1.850763E+00 -2.163924E-01 -9.477755E-01
      3909 -2.114229E+00 -2.652798E-01 -1.333818E+00
      3910 -2.399880E+00 -3.306442E-01 -1.883716E+00
      3911 -2.690564E+00 -4.137641E-01 -2.625003E+00
      3912 -2.961685E+00 -5.119827E-01 -3.581699E+00
      3913 -3.183288E+00 -6.117821E-01 -4.774196E+00
      3914 -3.360017E+00 -6.499615E-01 -6.245318E+00
      3915 -2.419996E+00 -1.123676E-01 -6.070209E+00
      3916 -2.709653E+00  8.860553E-01 -9.727387E+00
      4100 -5.382025E-03  6.952199E-01 -2.233176E-02
      4101  1.654897E-03  7.499959E-01 -1.630465E-02
      4102  8.601747E-03  7.330992E-01 -1.790866E-02
      4103  1.073247E-02  7.221958E-01 -1.974256E-02
      4104  7.091080E-03  7.193866E-01 -1.978003E-02
      4105  1.594699E-02  6.987176E-01 -6.733992E-03
      4106  7.501579E-03  6.781463E-01 -6.155675E-03
      4107  1.335143E-02  6.529494E-01 -2.034076E-02
      4108  1.662968E-02  6.444857E-01 -2.503345E-02
      4109  1.821507E-02  6.382233E-01 -2.355225E-02
      4110  2.275867E-02  6.323211E-01 -2.641377E-02
      4111  2.423750E-02  6.278184E-01 -2.143675E-02
      4112  2.571086E-02  6.154285E-01 -2.151791E-02
      4113  2.677602E-02  5.976265E-01 -2.080047E-02
      4114  2.835175E-02  5.741869E-01 -1.921658E-02
      4115  2.941983E-02  5.472938E-01 -1.432895E-02
      4116  3.033647E-02  5.157211E-01 -1.040139E-02
      4117  3.261652E-02  4.857307E-01 -5.099417E-03
      4118  3.228690E-02  4.632347E-01 -4.251279E-03
      4119  3.989851E-02  4.484963E-01  5.858822E-04
      4120  3.810039E-02  4.539349E-01 -1.182849E-02
      4121  4.551773E-02  4.981770E-01 -3.281404E-02
      4122  4.978632E-02  5.810667E-01 -6.986458E-02
      4123  5.602816E-02  7.196043E-01 -1.285129E-01
      4124  6.336040E-02  9.311668E-01 -2.130496E-01
      4125  7.079514E-02  1.229201E+00 -3.308066E-01
      4126  7.642062E-02  1.631336E+00 -4.931744E-01
      4127  7.921189E-02  2.181573E+00 -7.267364E-01
      4128  5.388340E-02  3.005548E+00 -1.144586E+00
      4129 -4.691231E-01  3.864285E+00 -2.234370E+00
      4130  9.002695E-04  6.295872E-01 -9.132794E-01
      4131 -9.529891E-04  7.204014E-01 -7.949508E-01
      4132 -2.568143E-02  7.533299E-01 -7.632437E-01
      4133 -5.305388E-02  7.213155E-01 -7.591938E-01
      4134 -6.555205E-02  6.963610E-01 -7.503124E-01
      4135 -5.484771E-02  7.333134E-01 -7.295238E-01
      4136 -7.613415E-02  6.738549E-01 -6.941826E-01
      4137 -9.500984E-02  6.497299E-01 -7.122106E-01
      4138 -1.195024E-01  6.277852E-01 -7.083734E-01
      4139 -1.347664E-01  6.237558E-01 -7.017784E-01
      4140 -1.471567E-01  6.163660E-01 -6.995852E-01
      4141 -1.600113E-01  6.159967E-01 -6.841915E-01
      4142 -1.723065E-01  6.054509E-01 -6.720028E-01
      4143 -1.829699E-01  5.906989E-01 -6.565127E-01
      4144 -1.924340E-01  5.690913E-01 -6.350025E-01
      4145 -2.028404E-01  5.413179E-01 -6.041846E-01
      4146 -2.153211E-01  5.081848E-01 -5.673620E-01
      4147 -2.316487E-01  4.736124E-01 -5.295771E-01
      4148 -2.541397E-01  4.436681E-01 -4.942289E-01
      4149 -2.749310E-01  4.278199E-01 -4.853334E-01
      4150 -3.119032E-01  4.318207E-01 -4.813474E-01
      4151 -3.703854E-01  4.777171E-01 -5.442042E-01
      4152 -4.302142E-01  5.736200E-01 -6.645049E-01
      4153 -5.008496E-01  7.376319E-01 -8.739786E-01
      4154 -5.803053E-01  9.920533E-01 -1.193260E+00
      4155 -6.667692E-01  1.357960E+00 -1.648645E+00
      4156 -7.568582E-01  1.852448E+00 -2.271726E+00
      4157 -8.495115E-01  2.514552E+00 -3.111670E+00
      4158 -9.468182E-01  3.459510E+00 -4.278804E+00
      4159 -1.160030E+00  5.166496E+00 -6.261537E+00
      4160 -1.407710E+00  6.316157E+00 -9.352758E+00
      4894  1.961348E+00 -5.481731E-01  1.143193E+00
      4895  4.152854E+00 -8.234775E-01  2.545023E+00
      4896  6.060034E+00  3.047021E-04  3.760250E+00
      4897  7.866107E+00  2.519045E-01  4.229066E+00
      4898  1.347163E+00 -1.516927E+00  2.936462E+00
      4899  4.731717E+00 -3.333927E+00  8.317804E+00
      4900  7.646882E+00 -3.917069E+00  1.541606E+01
      4901  1.038881E+01 -4.185290E+00  2.355497E+01
      4902  1.815419E+01 -3.882900E+00  3.630431E+01
      5053 -4.897665E-01 -1.807945E+00  2.790978E+00
      5054 -2.054990E+00  1.376037E+01  6.080861E+01
      5055  1.183562E-01 -7.053179E-01 -4.304024E-01
      5056 -3.228902E-01 -6.798985E-02 -3.901412E-01
      5057 -2.236183E+00 -2.680878E-01  1.401499E+00
      5058 -7.628138E+00 -7.850033E-01  2.546801E+00
      5059  2.687006E-01 -3.994688E-01 -9.233174E-01
      5060 -4.875617E-01 -2.792708E+00  1.238064E+00
      5061 -3.292904E+00 -3.797663E+00  7.433924E+00
      5062 -9.006126E+00 -4.384522E+00  1.722489E+01
      5063 -1.556694E+01 -4.799400E+00  3.223824E+01
      5815 -2.606155E-01 -5.870679E-01 -4.965715E-01
      5816  2.101241E-01 -5.624092E-02 -4.447609E-01
      5817  1.909790E+00 -2.426481E-01  1.196202E+00
      5818  6.775807E+00 -7.239168E-01  2.247727E+00
      5819 -2.477507E-01 -3.712422E-01 -8.937174E-01
      5820  3.638234E-01 -2.555992E+00  9.314504E-01
      5821  2.886424E+00 -3.470880E+00  6.509889E+00
      5822  8.049637E+00 -4.009488E+00  1.539303E+01
      5823  1.406416E+01 -4.406059E+00  2.910157E+01
      5983  4.732094E-01 -1.710038E+00  2.674152E+00
      5984  2.029140E+00  1.250809E+01  5.532698E+01
      5985 -1.817584E+00 -7.816816E-01  9.816244E-01
      5986 -3.996439E+00 -7.551751E-01  2.384722E+00
      5987 -5.669664E+00  5.822560E-03  3.559975E+00
      5988 -7.293009E+00  2.391082E-01  3.968596E+00
      5989 -1.199242E+00 -1.397432E+00  2.922463E+00
      5990 -4.634251E+00 -3.064718E+00  8.010278E+00
      5991 -7.176453E+00 -3.594764E+00  1.446908E+01
      5992 -9.637019E+00 -3.822507E+00  2.185122E+01
      5993 -1.667146E+01 -3.511654E+00  3.334725E+01
      6624  2.236944E+00  1.881996E+00 -8.090912E+00
      6629 -2.078695E+00  1.730223E+00 -7.249861E+00
      6631 -6.982943E-02  1.810279E+00  2.891994E+00
      6632 -3.667044E-01  1.530643E+00  2.960113E+00
      6633 -2.037335E-01  1.050678E+00  2.005493E+00
      6634 -6.975510E-02  7.166739E-01  1.387409E+00
      6635  2.109521E-03  5.255591E-01  1.018022E+00
      6636  4.067755E-02  3.898203E-01  7.616859E-01
      6637  6.466829E-02  3.299098E-01  6.273869E-01
      6638  7.947623E-02  2.990883E-01  5.503285E-01
      6639  8.196859E-02  2.862780E-01  5.287876E-01
      6640  8.486089E-02  3.124453E-01  5.544226E-01
      6641  7.779383E-02  3.255618E-01  5.778932E-01
      6642  7.602085E-02  3.676364E-01  6.354826E-01
      6643  6.644677E-02  3.853197E-01  6.727746E-01
      6644  6.347073E-02  4.289883E-01  7.339256E-01
      6645  5.366810E-02  4.407809E-01  7.648470E-01
      6646  5.088327E-02  4.792944E-01  8.160785E-01
      6647  4.183981E-02  4.809630E-01  8.318047E-01
      6648  3.978769E-02  5.120216E-01  8.681636E-01
      6649  3.198365E-02  5.044748E-01  8.685363E-01
      6650  2.719918E-02  5.291945E-01  8.888751E-01
      6651  2.880348E-02  5.399840E-01  8.885933E-01
      6652  2.218855E-02  5.203149E-01  8.885193E-01
      6653  1.656568E-02  5.394914E-01  8.990466E-01
      6654  1.860899E-02  5.507445E-01  8.979585E-01
      6655  1.435264E-02  5.291253E-01  8.985469E-01
      6656  6.496092E-03  5.529325E-01  9.111471E-01
      6657  1.559453E-02  5.655166E-01  9.088519E-01
      6658  6.550509E-03  5.393239E-01  9.188795E-01
      6659  5.450013E-03  5.407570E-01  9.276949E-01
      6660 -1.486733E-03  5.718628E-01  9.396507E-01
      6661 -6.378805E-03  5.699005E-01  9.377311E-01
      6662 -5.167931E-03  5.339774E-01  9.266976E-01
      6663 -7.205725E-03  5.424336E-01  9.286910E-01
      6664 -1.107794E-02  5.363344E-01  9.233715E-01
      6665 -1.121572E-02  5.355130E-01  9.199391E-01
      6666 -1.551164E-02  5.388364E-01  9.269970E-01
      6667 -2.161250E-02  5.293161E-01  9.063527E-01
      6668 -2.138950E-02  5.197346E-01  8.964982E-01
      6669 -2.614181E-02  5.144880E-01  8.886108E-01
      6670 -3.033966E-02  5.112601E-01  8.854065E-01
      6671 -3.464388E-02  5.063435E-01  8.777769E-01
      6672 -3.902565E-02  4.982388E-01  8.669176E-01
      6673 -4.359731E-02  4.875767E-01  8.508021E-01
      6674 -4.850649E-02  4.740986E-01  8.294581E-01
      6675 -5.399101E-02  4.571922E-01  8.014945E-01
      6676 -5.945202E-02  4.354761E-01  7.648289E-01
      6677 -6.549103E-02  4.102997E-01  7.228639E-01
      6678 -7.152757E-02  3.814254E-01  6.738431E-01
      6679 -7.725326E-02  3.503877E-01  6.231980E-01
      6680 -8.157364E-02  3.176150E-01  5.752036E-01
      6681 -8.456426E-02  2.952686E-01  5.357243E-01
      6682 -8.477766E-02  2.764481E-01  5.163088E-01
      6683 -7.952609E-02  2.753855E-01  5.279210E-01
      6684 -6.771304E-02  2.996675E-01  5.877349E-01
      6685 -4.626907E-02  3.596814E-01  7.138986E-01
      6686 -9.892539E-03  4.690659E-01  9.300277E-01
      6687  5.492427E-02  6.476563E-01  1.271657E+00
      6688  1.767593E-01  9.333119E-01  1.812147E+00
      6689  3.215250E-01  1.378815E+00  2.686704E+00
      6690  5.516491E-02  1.628491E+00  2.626561E+00
      6691  1.281404E+00  1.552513E+00  3.088809E+00
      6692  5.686657E-01  1.571963E+00  3.701416E+00
      6693  1.443208E+00  7.407984E-01  3.314377E+00
      6694  1.643193E+00  3.620560E-01  2.114199E+00
      6695  1.677020E+00  2.282791E-01  1.491213E+00
      6696  1.609374E+00  1.832569E-01  1.181326E+00
      6697  1.493161E+00  2.049501E-01  1.059166E+00
      6698  1.354272E+00  2.497243E-01  1.061161E+00
      6699  1.213975E+00  3.171620E-01  1.131154E+00
      6700  1.086413E+00  3.811204E-01  1.245836E+00
      6701  9.660208E-01  4.470729E-01  1.385189E+00
      6702  8.632216E-01  5.055734E-01  1.518382E+00
      6703  7.729448E-01  5.570947E-01  1.651528E+00
      6704  6.987776E-01  5.990855E-01  1.764790E+00
      6705  6.326550E-01  6.346764E-01  1.869595E+00
      6706  5.791738E-01  6.603447E-01  1.949838E+00
      6707  5.285448E-01  6.817048E-01  2.020074E+00
      6708  4.869908E-01  6.951095E-01  2.067331E+00
      6709  4.437161E-01  7.063711E-01  2.107834E+00
      6710  4.074796E-01  7.118328E-01  2.133611E+00
      6711  3.635173E-01  7.172240E-01  2.162351E+00
      6712  3.140235E-01  7.267876E-01  2.169637E+00
      6713  2.791316E-01  7.183684E-01  2.171013E+00
      6714  2.303679E-01  7.222644E-01  2.185376E+00
      6715  1.793800E-01  7.242360E-01  2.181607E+00
      6716  1.443932E-01  7.143569E-01  2.177622E+00
      6717  1.054465E-01  7.088186E-01  2.179589E+00
      6718  6.188313E-02  7.094667E-01  2.174219E+00
      6719  3.967789E-02  6.988918E-01  2.158852E+00
      6720  1.797670E-02  7.021114E-01  2.175904E+00
      6721 -1.509292E-02  7.256314E-01  2.152524E+00
      6722 -4.632101E-02  7.010893E-01  2.171127E+00
      6723 -6.044001E-02  7.032889E-01  2.169529E+00
      6724 -9.351205E-02  7.081369E-01  2.180623E+00
      6725 -1.265460E-01  7.148431E-01  2.191689E+00
      6726 -1.605873E-01  7.249289E-01  2.216845E+00
      6727 -2.231785E-01  7.322505E-01  2.220997E+00
      6728 -2.632263E-01  7.250670E-01  2.191267E+00
      6729 -3.093697E-01  7.291074E-01  2.182072E+00
      6730 -3.527213E-01  7.246035E-01  2.168727E+00
      6731 -4.020899E-01  7.227954E-01  2.157764E+00
      6732 -4.498833E-01  7.156838E-01  2.134487E+00
      6733 -4.959975E-01  7.054048E-01  2.100891E+00
      6734 -5.403201E-01  6.909637E-01  2.055065E+00
      6735 -5.845906E-01  6.724022E-01  1.997020E+00
      6736 -6.316152E-01  6.483784E-01  1.923374E+00
      6737 -6.810633E-01  6.187042E-01  1.835120E+00
      6738 -7.396359E-01  5.830108E-01  1.731409E+00
      6739 -8.071942E-01  5.392770E-01  1.612012E+00
      6740 -8.878902E-01  4.887580E-01  1.480431E+00
      6741 -9.826990E-01  4.312107E-01  1.341795E+00
      6742 -1.089319E+00  3.667508E-01  1.204416E+00
      6743 -1.208759E+00  3.018335E-01  1.086488E+00
      6744 -1.333601E+00  2.419952E-01  1.008765E+00
      6745 -1.456790E+00  1.964047E-01  1.001069E+00
      6746 -1.562946E+00  1.781410E-01  1.102050E+00
      6747 -1.625209E+00  2.086283E-01  1.369948E+00
      6748 -1.592499E+00  3.338059E-01  1.920495E+00
      6749 -1.409352E+00  6.633897E-01  2.997862E+00
      6750 -5.669100E-01  1.423444E+00  3.349090E+00
      6751 -1.209418E+00  1.406896E+00  2.787659E+00
      7125  6.645026E-02  8.863047E+00 -2.078041E+01
      7156 -1.934995E-01  1.289491E+01  3.152158E+01
      7176 -2.914201E+00  1.141021E-02  1.345710E+00
      7177 -1.296837E+00 -1.163976E-01  5.539733E-01
      7178 -1.187585E-01 -3.826600E-01 -5.544838E-01
      7179 -6.941874E+00  1.704958E+00  1.657217E+01
      7180 -4.125766E+00  9.096350E-01  8.929225E+00
      7181 -1.903127E+00  1.995872E+00  6.884745E+00
      7182  2.888434E-01  2.363382E+00 -1.256492E+00
      7183  4.768981E+00 -7.277882E-02  2.297781E+00
      7184  2.371044E+00 -4.120704E-01  1.862792E+00
      7185 -1.492731E-01 -8.440255E-01  9.747912E-01
      7186 -1.960042E+00 -1.521239E-01 -5.644332E-01
      7187  9.529106E+00  1.843363E+00  2.176919E+01
      7188  5.970768E+00  9.356383E-01  1.280750E+01
      7189  1.679964E+00  1.800104E+00  5.926341E+00
      7190 -1.688262E+00  1.239387E+00 -4.694434E+00
      7191 -5.342401E+00  1.353429E+00 -1.241796E+01
      7241 -7.138697E-02  7.915574E+00 -1.854382E+01
      7272  2.007599E-01  1.159846E+01  2.833884E+01
      7292 -4.395904E+00 -5.661560E-02  2.164265E+00
      7293 -2.227003E+00 -3.477825E-01  1.872995E+00
      7294  4.657225E-02 -7.888816E-01  1.074134E+00
      7295  1.668376E+00 -1.348144E-01 -4.286870E-01
      7296 -8.688456E+00  1.662982E+00  1.984118E+01
      7297 -5.523321E+00  8.348846E-01  1.182557E+01
      7298 -1.615622E+00  1.624481E+00  5.702805E+00
      7299  1.377495E+00  1.129587E+00 -3.923811E+00
      7300  4.670260E+00  1.216200E+00 -1.087951E+01
      7301  2.545277E+00  2.182154E-02  1.115148E+00
      7302  1.101246E+00 -8.574778E-02  3.813023E-01
      7303  2.616678E-02 -3.216493E-01 -6.593611E-01
      7304  6.261209E+00  1.507157E+00  1.468751E+01
      7305  3.662162E+00  8.198831E-01  7.792640E+00
      7306  1.640218E+00  1.829629E+00  5.942472E+00
      7307 -2.970948E-01  2.167881E+00 -1.296135E+00
     49336 -1.976738E-02  8.879996E-02  3.754885E-02
     49337 -1.167108E-02  7.388931E-02  2.792995E-02
     49338 -9.697127E-03  8.054753E-02  2.993065E-02
     49339  4.791880E-03  6.171181E-02  1.041295E-02
     49340 -8.331044E-03  8.661350E-02  3.208429E-02
     49341 -1.366106E-02  6.553572E-02  7.088213E-03
     49342 -1.661511E-02  7.608609E-02  7.478503E-03
     49343  8.127266E-05  1.068992E-01 -2.279095E-02
     49344 -1.260607E-02  7.904768E-02  7.428994E-03
     49345  8.898564E-04  8.951762E-02 -1.507138E-02
     49346 -7.313221E-03  9.051553E-02  3.354622E-02
     49347  1.222041E-04  9.666805E-02  3.745486E-02
     49348 -1.740644E-02  7.443817E-02  6.574158E-03
     49349 -7.619078E-03  4.776251E-02  2.397165E-02
     49350  1.135242E-03  8.478415E-02 -1.471227E-02
     49351  1.041852E-03  9.215089E-02 -1.514867E-02
     49352  3.337909E-02  2.538480E-01  5.662760E-02
     49353 -3.746135E-02  1.195393E-01  6.666258E-02
     49354 -3.794374E-03  6.588403E-02  4.950375E-02
     49355 -3.681955E-02  2.064963E-01  8.610286E-02
     49356 -3.026315E-02  1.259782E-01  5.243616E-02
     49357  4.737472E-03  6.637653E-02 -1.234300E-02
     49358 -1.478637E-02  6.996036E-02  2.703840E-02
     49359  4.447541E-03  9.316191E-02  3.681606E-02
     49360 -1.781541E-02  7.574132E-02  8.587127E-03
     49361  9.283461E-04  7.821276E-02 -1.409563E-02
     49362  7.153923E-03  1.039271E-01 -2.139263E-02
     49363 -4.113645E-03  4.648091E-02  6.728213E-03
     49364  4.045852E-04  6.967751E-02 -1.237624E-02
     49365 -1.697659E-02  5.285492E-02  7.068738E-03
     49366  8.308673E-03  1.035516E-01 -2.122755E-02
     49367  2.025600E+00 -3.056640E-03 -1.181375E+01
     49368  1.809191E+00  1.121580E+00 -9.573657E+00
     49369  2.095291E+00  3.758983E-01 -8.496566E+00
     49370  2.531527E+00  4.111228E-01 -1.086923E+01
     49371  1.848314E-02 -1.569712E-01 -8.887913E-01
     49372  4.288630E-03 -6.241103E-02 -1.242376E+00
     49373 -3.237710E-03 -2.220821E-01 -1.000072E+00
     49374  2.879627E-02 -3.052699E-02 -1.272590E+00
     49375  2.020158E+00 -1.803755E-01 -6.760597E+00
     49376  1.859219E+00 -3.646908E-01 -5.920374E+00
     49377  2.252371E+00 -4.688693E-01 -8.420391E+00
     49378  2.181854E+00 -4.074034E-01 -8.352315E+00
     49379  1.804948E+00 -3.883118E-01 -4.980060E+00
     49380  1.657801E+00 -3.849594E-01 -4.404570E+00
     49381  2.089822E+00 -8.035427E-01 -6.142669E+00
     49382  2.244688E+00 -1.228640E-01 -7.589741E+00
     49383  1.971279E+00 -5.144372E-01 -6.131182E+00
     49384  1.633701E+00 -1.404702E-01 -3.597794E+00
     49385  1.626475E+00 -1.448223E-01 -3.126473E+00
     49386  2.051576E+00 -7.941684E-01 -4.393637E+00
     49387  2.005761E+00 -3.239752E-01 -5.599775E+00
     49388  1.844626E+00  1.437520E-01 -4.757575E+00
     49389  1.477548E+00 -2.561461E-01 -2.778535E+00
     49390  1.374526E+00 -2.727019E-01 -2.464265E+00
     49391  1.542128E+00 -5.818106E-01 -3.203366E+00
     49392  1.584504E+00 -3.147920E-01 -3.407836E+00
     49393  1.624831E+00  1.759734E-01 -4.263177E+00
     49394  1.312815E+00 -1.111515E-01 -1.982250E+00
     49395  1.282692E+00 -1.142909E-01 -1.714969E+00
     49396  1.598854E+00 -5.060008E-01 -2.450799E+00
     49397  1.568218E+00 -1.706510E-01 -3.115440E+00
     49398  1.427820E+00  4.475970E-02 -2.595291E+00
     49399  1.150842E+00 -1.851197E-01 -1.514366E+00
     49400  1.066109E+00 -1.941659E-01 -1.342017E+00
     49401  1.204347E+00 -3.657936E-01 -1.769731E+00
     49402  1.282044E+00  7.741947E-02 -2.313601E+00
     49403  1.235747E+00 -1.849288E-01 -1.892441E+00
     49404  9.868188E-01 -9.103568E-02 -1.068361E+00
     49405  9.530387E-01 -9.625178E-02 -9.517795E-01
     49406  1.205214E+00 -3.530761E-01 -1.355976E+00
     49407  1.055653E+00 -7.622876E-04 -1.408385E+00
     49408  1.171893E+00 -1.068037E-01 -1.723017E+00
     49409  8.157983E-01 -9.311884E-02 -7.913343E-01
     49410  7.987181E-01 -1.773325E-01 -8.282569E-01
     49411  9.485067E-01 -2.635139E-01 -9.573450E-01
     49412  9.615499E-01  2.843988E-02 -1.279031E+00
     49413  8.900140E-01 -5.385285E-02 -1.085213E+00
     49414  7.367091E-01 -1.650337E-01 -6.987486E-01
     49415  6.767903E-01 -1.463791E-01 -6.495512E-01
     49416  8.079892E-01 -3.064976E-01 -8.727176E-01
     49417  7.910526E-01 -1.111105E-01 -9.425391E-01
     49418  8.193691E-01  1.092408E-02 -1.026541E+00
     49419  6.097193E-01 -7.677947E-02 -5.497362E-01
     49420  6.163819E-01 -7.666432E-02 -5.351638E-01
     49421  7.775436E-01 -2.851869E-01 -7.118108E-01
     49422  7.042883E-01 -7.396096E-02 -8.995076E-01
     49423  6.442680E-01 -3.272734E-02 -7.730708E-01
     49424  5.471276E-01 -1.419522E-01 -5.661291E-01
     49425  5.105578E-01 -1.428349E-01 -5.674989E-01
     49426  5.179265E-01 -2.547502E-01 -6.621772E-01
     49427  5.941895E-01 -1.945103E-02 -7.570756E-01
     49428  6.020679E-01 -8.222554E-02 -8.326908E-01
     49429  4.535921E-01 -7.665534E-02 -5.169991E-01
     49430  4.821208E-01 -7.604099E-02 -5.320512E-01
     49431  6.083285E-01 -2.987203E-01 -6.614886E-01
     49432  4.857835E-01 -3.680699E-02 -7.525491E-01
     49433  5.123296E-01 -8.499957E-02 -8.195953E-01
     49434  4.283169E-01 -1.501024E-01 -5.992258E-01
     49435  4.018118E-01 -1.502812E-01 -6.179209E-01
     49436  3.717374E-01 -2.797027E-01 -6.889348E-01
     49437  4.499848E-01 -2.695396E-02 -7.685042E-01
     49438  4.796629E-01 -8.405407E-02 -8.964108E-01
     49439  3.535248E-01 -8.056317E-02 -5.805792E-01
     49440  4.011518E-01 -7.966986E-02 -6.045347E-01
     49441  5.082005E-01 -3.252196E-01 -7.302393E-01
     49442  3.896729E-01 -3.669856E-02 -8.526962E-01
     49443  3.906414E-01 -9.494240E-02 -9.002907E-01
     49444  3.549324E-01 -1.609412E-01 -6.862242E-01
     49445  3.334838E-01 -1.611046E-01 -7.067918E-01
     49446  2.797068E-01 -3.115625E-01 -7.817159E-01
     49447  3.610144E-01 -2.910525E-02 -8.781610E-01
     49448  4.054722E-01 -9.272114E-02 -1.016356E+00
     49449  2.905639E-01 -8.547283E-02 -6.646279E-01
     49450  3.501940E-01 -8.463784E-02 -6.854032E-01
     49451  4.496096E-01 -3.524977E-01 -8.288017E-01
     49452  3.320531E-01 -3.605021E-02 -9.719568E-01
     49453  3.170694E-01 -1.040277E-01 -1.023549E+00
     49454  3.067166E-01 -1.707021E-01 -7.679280E-01
     49455  2.869503E-01 -1.712160E-01 -7.828440E-01
     49456  2.200950E-01 -3.397153E-01 -8.735242E-01
     49457  3.056329E-01 -2.955497E-02 -9.941424E-01
     49458  3.575153E-01 -1.018385E-01 -1.122868E+00
     49459  2.457640E-01 -9.050119E-02 -7.284205E-01
     49460  3.121719E-01 -9.005668E-02 -7.410217E-01
     49461  4.101615E-01 -3.739598E-01 -9.080196E-01
     49462  2.682746E-01 -1.098185E-01 -1.126773E+00
     49463  2.918302E-01 -3.674296E-02 -1.060248E+00
     49464  2.671061E-01 -1.788722E-01 -8.186914E-01
     49465  2.461745E-01 -1.788686E-01 -8.262910E-01
     49466  1.743636E-01 -3.609335E-01 -9.333322E-01
     49467  2.656374E-01 -3.064494E-02 -1.073839E+00
     49468  3.176864E-01 -1.082139E-01 -1.187502E+00
     49469  2.003094E-01 -9.504606E-02 -7.606225E-01
     49470  2.567486E-01 -1.031339E-01 -7.857548E-01
     49471  3.717341E-01 -3.808361E-01 -9.508768E-01
     49472  2.545406E-01 -3.503667E-02 -1.100912E+00
     49473  2.258047E-01 -1.136415E-01 -1.186887E+00
     49474  1.455605E-01 -9.164976E-02 -7.546982E-01
     49475  2.124746E-01 -2.158667E-01 -9.220483E-01
     49476  2.606987E-01 -3.640989E-01 -8.788339E-01
     49477  2.292540E-01 -2.437407E-02 -1.119571E+00
     49478  2.224948E-01 -9.472889E-02 -1.104742E+00
     49479  1.991220E-01 -2.109987E-01 -8.557405E-01
     49480  1.695377E-01 -1.854426E-01 -8.500242E-01
     49481  2.299424E-01 -4.288273E-01 -1.036319E+00
     49482  1.711626E-01 -1.146628E-03 -1.183671E+00
     49483  2.307193E-01 -1.369565E-01 -1.206593E+00
     49484  1.173856E-01 -9.724838E-02 -7.711310E-01
     49485  1.665827E-01 -1.788204E-01 -8.757178E-01
     49486  3.027351E-01 -3.860550E-01 -9.658149E-01
     49487  1.765856E-01 -4.744939E-02 -1.122927E+00
     49488  1.497437E-01 -1.076412E-01 -1.223024E+00
     49489  5.886828E-02 -1.021630E-01 -7.832630E-01
     49490  1.266289E-01 -2.219314E-01 -9.493442E-01
     49491  3.142640E-01 -4.719320E-01 -9.805051E-01
     49492  1.226011E-01 -1.385191E-02 -1.161952E+00
     49493  1.424179E-01 -1.066378E-01 -1.136113E+00
     49494  1.134309E-01 -2.163465E-01 -8.828431E-01
     49495  8.337899E-02 -1.854134E-01 -8.761555E-01
     49496  1.445224E-01 -4.374371E-01 -1.065172E+00
     49497  7.895715E-02 -6.569880E-03 -1.217473E+00
     49498  1.370918E-01 -1.386152E-01 -1.238890E+00
     49499  2.931213E-02 -1.011372E-01 -8.099814E-01
     49500  9.526737E-02 -1.060439E-01 -8.386948E-01
     49501  2.001089E-01 -3.978008E-01 -1.017000E+00
     49502  8.478089E-02 -3.485119E-02 -1.176394E+00
     49503  5.614760E-02 -1.132863E-01 -1.260797E+00
     49504 -2.316255E-02 -9.162685E-02 -8.273010E-01
     49505  5.030379E-02 -1.882791E-01 -9.820902E-01
     49506  8.149412E-02 -3.940685E-01 -9.449376E-01
     49507  5.915048E-02 -2.954620E-02 -1.201630E+00
     49508  5.918632E-02 -1.076411E-01 -1.186596E+00
     49509 -6.119989E-02 -1.300322E-01 -8.466355E-01
     49510  1.366014E-02 -2.252960E-01 -9.831787E-01
     49511  2.438434E-01 -5.628116E-01 -1.038710E+00
     49512  4.393595E-02 -1.875434E-01 -1.233535E+00
     49513 -7.012133E-03 -7.221691E-03 -1.254861E+00
     49514  2.882947E-02 -2.073850E-01 -9.554016E-01
     49515 -5.176885E-03 -2.179431E-01 -9.766476E-01
     49516  3.932063E-02 -4.276265E-01 -1.127464E+00
     49517  4.672633E-02 -1.605992E-01 -1.331613E+00
     49518 -3.477441E-02 -6.837324E-02 -1.338931E+00
     49519  1.943241E-03 -3.870102E-01 -1.160017E+00
     49520 -3.451529E-02 -1.115756E-01 -1.360930E+00
     51379  1.566810E-02  3.369219E-01  1.457154E-02
     51380  7.127830E-03  5.275543E-02  4.524316E-02
     51381  7.129390E-03  4.636960E-02  3.226403E-02
     51382 -1.504699E-03  9.780968E-02 -2.166676E-02
     51383 -2.483504E-03  6.344718E-02 -1.186959E-02
     51384 -3.616570E-04  4.717821E-02  3.219568E-03
     51385 -2.776871E-03  1.251236E-01 -3.046159E-02
     51386 -2.202395E-03  8.998315E-02 -2.000432E-02
     51387 -1.353950E-03  5.185740E-02 -3.151443E-03
     51388  2.517323E-03  1.327213E-01 -3.283396E-02
     51389 -6.707532E-03  6.426409E-02  4.368169E-03
     51390 -2.337557E-03  8.437341E-02 -1.884797E-02
     51391  1.665428E-03  1.392471E-01 -3.278425E-02
     51392  1.619529E-03  1.395126E-01 -3.941538E-02
     51393 -1.836134E-03  9.423266E-02 -2.086184E-02
     51394 -1.170233E-03  6.894174E-02 -1.275260E-02
     51395 -2.277342E-03  5.814216E-02 -8.374528E-03
     51396  4.114081E-04  1.012673E-01 -2.216011E-02
     51397 -3.877499E-03  7.442396E-02 -1.885615E-02
     51398  1.944495E-03  1.251689E-01 -3.022978E-02
     51399  3.414746E-03  4.364537E-02  2.074410E-02
     51400 -1.406691E-03  1.366462E-01 -3.884399E-02
     51401 -7.488144E-04  1.045994E-01 -2.340601E-02
     51402 -7.590632E-03  1.121536E-01 -2.603378E-02
     51403  4.669267E-04  1.057090E-01 -2.298153E-02
     51404 -2.237083E-04  1.056845E-01 -2.359730E-02
     51405 -2.626096E-03  8.039213E-02 -1.799887E-02
     51406 -1.182127E-03  1.018982E-01 -2.267778E-02
     51407  9.397839E-04  1.058359E-01 -2.361568E-02
     51408  1.669865E-03  1.886981E-02  8.145531E-02
     51409  9.126985E-04  4.426206E-02  1.105219E-02
     51410 -2.079573E-02 -7.322302E-02 -1.243870E+00
     51411 -3.307767E-02 -1.557888E-01 -8.885751E-01
     51412 -1.235216E-02 -2.203800E-01 -9.872618E-01
     51413 -3.401163E-02 -4.484524E-02 -1.265854E+00
     51414 -1.626231E+00  1.039685E+00 -8.593137E+00
     51415 -1.867696E+00 -3.175927E-02 -1.058813E+01
     51416 -2.125146E+00  2.042755E-01 -7.202042E+00
     51417 -2.153619E+00  7.702565E-01 -1.019578E+01
     51418 -8.083560E-03 -2.317252E-01 -9.813751E-01
     51419 -4.768036E-02 -2.317263E-01 -9.838386E-01
     51420 -3.235762E-02 -3.925164E-01 -1.160036E+00
     51421  2.302220E-02 -1.352260E-01 -1.358403E+00
     51422 -3.351536E-02 -2.079039E-01 -9.411072E-01
     51423 -5.638734E-02 -2.104475E-01 -9.338257E-01
     51424 -1.277504E-02 -4.284684E-01 -1.123167E+00
     51425 -1.056576E-01 -8.406208E-02 -1.383615E+00
     51426 -2.238944E-02 -1.804979E-01 -1.338114E+00
     51427 -4.538383E-02 -2.156271E-01 -9.532374E-01
     51428 -7.731538E-02 -2.117237E-01 -9.097865E-01
     51429 -7.254414E-02 -4.222321E-01 -1.104232E+00
     51430 -9.007137E-03 -9.384871E-02 -1.352469E+00
     51431 -6.958296E-02 -1.820968E-01 -1.330927E+00
     51432 -6.838133E-02 -2.120136E-01 -9.276535E-01
     51433 -1.044962E-01 -2.063182E-01 -8.902465E-01
     51434 -9.176479E-02 -4.230538E-01 -1.079557E+00
     51435 -1.020286E-01 -1.828635E-01 -1.283190E+00
     51436 -3.212102E-02 -8.853119E-02 -1.316211E+00
     51437 -8.794122E-02 -2.128885E-01 -9.061862E-01
     51438 -1.354345E-01 -2.169275E-01 -8.946730E-01
     51439 -1.191320E-01 -4.220948E-01 -1.056487E+00
     51440 -5.050029E-02 -1.163484E-01 -1.284452E+00
     51441 -1.281385E-01 -1.726138E-01 -1.254269E+00
     51442 -1.268134E-01 -1.992409E-01 -8.548235E-01
     51443 -1.586848E-01 -2.070719E-01 -8.534895E-01
     51444 -1.072288E-01 -4.126694E-01 -1.026505E+00
     51445 -1.902836E-01 -1.072867E-01 -1.280480E+00
     51446 -1.203699E-01 -1.629391E-01 -1.229944E+00
     51447 -1.498714E-01 -2.027840E-01 -8.648347E-01
     51448 -1.854990E-01 -1.979052E-01 -8.217264E-01
     51449 -1.702616E-01 -4.133585E-01 -1.008177E+00
     51450 -1.803388E-01 -1.706748E-01 -1.228715E+00
     51451 -1.228646E-01 -9.316202E-02 -1.239552E+00
     51452 -1.855878E-01 -1.979440E-01 -8.449398E-01
     51453 -2.189134E-01 -1.943382E-01 -8.127644E-01
     51454 -2.060592E-01 -4.041094E-01 -9.788033E-01
     51455 -2.129737E-01 -1.588941E-01 -1.178888E+00
     51456 -1.593321E-01 -8.386321E-02 -1.209907E+00
     51457 -2.164218E-01 -1.894578E-01 -8.298231E-01
     51458 -2.472534E-01 -1.934700E-01 -8.050140E-01
     51459 -2.328848E-01 -3.986540E-01 -9.669932E-01
     51460 -1.948770E-01 -9.046704E-02 -1.195561E+00
     51461 -2.460048E-01 -1.557636E-01 -1.161133E+00
     51462 -2.449536E-01 -1.852741E-01 -8.206844E-01
     51463 -2.751465E-01 -1.876692E-01 -7.937733E-01
     51464 -2.609486E-01 -3.964968E-01 -9.578174E-01
     51465 -2.261299E-01 -8.981965E-02 -1.180017E+00
     51466 -2.784257E-01 -1.574970E-01 -1.154164E+00
     51467 -2.719553E-01 -1.830002E-01 -8.112447E-01
     51468 -3.009847E-01 -1.880600E-01 -7.853344E-01
     51469 -2.901247E-01 -3.892568E-01 -9.459930E-01
     51470 -3.073908E-01 -1.490577E-01 -1.140029E+00
     51471 -2.555071E-01 -9.331205E-02 -1.169093E+00
     51472 -2.959658E-01 -1.819287E-01 -8.013312E-01
     51473 -3.248865E-01 -1.852246E-01 -7.713944E-01
     51474 -3.151702E-01 -3.860807E-01 -9.353843E-01
     51475 -2.804462E-01 -8.919919E-02 -1.151934E+00
     51476 -3.359030E-01 -1.530879E-01 -1.130026E+00
     51477 -3.191862E-01 -1.772842E-01 -7.835609E-01
     51478 -3.473560E-01 -1.811092E-01 -7.518509E-01
     51479 -3.374285E-01 -3.779380E-01 -9.167455E-01
     51480 -3.610047E-01 -1.497927E-01 -1.109749E+00
     51481 -3.048247E-01 -8.744480E-02 -1.125322E+00
     51482 -3.415345E-01 -1.714319E-01 -7.586821E-01
     51483 -3.691291E-01 -1.753977E-01 -7.237662E-01
     51484 -3.582205E-01 -3.679343E-01 -8.905184E-01
     51485 -3.281139E-01 -8.544319E-02 -1.088510E+00
     51486 -3.837153E-01 -1.455405E-01 -1.082527E+00
     51487 -3.652126E-01 -1.649806E-01 -7.257550E-01
     51488 -3.929582E-01 -1.703071E-01 -6.896491E-01
     51489 -3.795292E-01 -3.552667E-01 -8.545738E-01
     51490 -4.051318E-01 -1.387400E-01 -1.044579E+00
     51491 -3.532136E-01 -8.322997E-02 -1.041397E+00
     51492 -3.914674E-01 -1.588970E-01 -6.875530E-01
     51493 -4.209367E-01 -1.641547E-01 -6.495401E-01
     51494 -4.035476E-01 -3.429204E-01 -8.125759E-01
     51495 -3.809699E-01 -7.970773E-02 -9.865582E-01
     51496 -4.285865E-01 -1.328047E-01 -9.978201E-01
     51497 -4.248931E-01 -1.512423E-01 -6.452810E-01
     51498 -4.567117E-01 -1.577581E-01 -6.099594E-01
     51499 -4.327449E-01 -3.275522E-01 -7.643285E-01
     51500 -4.568136E-01 -1.254568E-01 -9.429572E-01
     51501 -4.167098E-01 -7.538710E-02 -9.264873E-01
     51502 -4.667944E-01 -1.466630E-01 -6.093774E-01
     51503 -5.030902E-01 -1.534124E-01 -5.792654E-01
     51504 -4.726005E-01 -3.132229E-01 -7.196935E-01
     51505 -4.925889E-01 -1.183584E-01 -8.868198E-01
     51506 -4.633815E-01 -7.148289E-02 -8.735428E-01
     51507 -5.210558E-01 -1.420488E-01 -5.855296E-01
     51508 -5.644483E-01 -1.529869E-01 -5.839288E-01
     51509 -5.241391E-01 -3.016458E-01 -6.881767E-01
     51510 -5.241569E-01 -7.172379E-02 -8.274278E-01
     51511 -5.410098E-01 -1.149681E-01 -8.400652E-01
     51512 -5.912118E-01 -1.408525E-01 -5.821459E-01
     51513 -6.387910E-01 -1.479482E-01 -5.931001E-01
     51514 -5.755299E-01 -2.889156E-01 -6.815604E-01
     51515 -6.212617E-01 -7.124219E-02 -8.390597E-01
     51516 -6.213545E-01 -1.058057E-01 -8.120890E-01
     51517 -6.744478E-01 -1.430343E-01 -6.442292E-01
     51518 -7.318449E-01 -1.512596E-01 -6.666581E-01
     51519 -6.785843E-01 -2.745521E-01 -7.170192E-01
     51520 -7.024359E-01 -6.476514E-02 -8.833461E-01
     51521 -6.788584E-01 -1.083244E-01 -8.381939E-01
     51522 -7.754536E-01 -1.533295E-01 -7.577246E-01
     51523 -8.434140E-01 -1.604979E-01 -8.122738E-01
     51524 -7.855057E-01 -2.783148E-01 -8.180274E-01
     51525 -7.840005E-01 -1.189474E-01 -9.049082E-01
     51526 -8.232538E-01 -6.795850E-02 -1.010575E+00
     51527 -8.929187E-01 -1.687561E-01 -9.528463E-01
     51528 -9.721723E-01 -1.753520E-01 -1.049548E+00
     51529 -9.121936E-01 -2.872781E-01 -1.002695E+00
     51530 -9.648080E-01 -7.579733E-02 -1.239346E+00
     51531 -9.046656E-01 -1.333921E-01 -1.064350E+00
     51532 -1.023802E+00 -1.932953E-01 -1.253140E+00
     51533 -1.114625E+00 -1.994922E-01 -1.402078E+00
     51534 -1.058689E+00 -3.090488E-01 -1.296529E+00
     51535 -1.126902E+00 -9.348567E-02 -1.600625E+00
     51536 -1.043620E+00 -1.559498E-01 -1.335161E+00
     51537 -1.162025E+00 -2.292925E-01 -1.682246E+00
     51538 -1.264208E+00 -2.342100E-01 -1.892882E+00
     51539 -1.220252E+00 -3.489161E-01 -1.727188E+00
     51540 -1.199241E+00 -1.907960E-01 -1.748253E+00
     51541 -1.303641E+00 -1.216252E-01 -2.125277E+00
     51542 -1.299408E+00 -2.773700E-01 -2.263513E+00
     51543 -1.412459E+00 -2.787097E-01 -2.545617E+00
     51544 -1.390424E+00 -4.109603E-01 -2.322078E+00
     51545 -1.487492E+00 -1.607934E-01 -2.845927E+00
     51546 -1.363988E+00 -2.416470E-01 -2.333420E+00
     51547 -1.427926E+00 -3.361469E-01 -3.025070E+00
     51548 -1.553154E+00 -3.289853E-01 -3.392004E+00
     51549 -1.564329E+00 -4.974372E-01 -3.113772E+00
     51550 -1.674703E+00 -2.145447E-01 -3.806127E+00
     51551 -1.528522E+00 -3.068472E-01 -3.123723E+00
     51552 -1.550388E+00 -3.954660E-01 -4.020695E+00
     51553 -1.694432E+00 -3.606395E-01 -4.496818E+00
     51554 -1.748074E+00 -6.094432E-01 -4.158535E+00
     51555 -1.883599E+00 -3.023612E-01 -5.083884E+00
     51556 -1.686807E+00 -3.894465E-01 -4.164190E+00
     51557 -1.738621E+00 -3.613659E-01 -5.358570E+00
     51558 -1.887107E+00 -1.381762E-01 -6.075417E+00
     51559 -1.944847E+00 -7.385155E-01 -5.563775E+00
     51560 -1.846782E+00 -4.992408E-01 -5.543777E+00
     51561 -2.166673E+00 -4.461311E-01 -6.845970E+00
     51562 -1.862813E+00 -9.269086E-01 -7.154300E+00
     51563 -2.014228E+00 -7.519867E-01 -7.436738E+00
     56742  1.940848E+00  1.077467E+00 -5.420651E-02
     56743  4.064653E-02 -1.583134E-01 -3.565415E-01
     56744  9.216955E-01  2.943760E+00  1.047480E+00
     56745 -5.313237E-02  8.413478E-02 -1.467325E-01
     56746 -2.157004E-01  3.957324E-01 -1.005527E-01
     56747 -9.942342E-01 -1.121051E+01  5.919617E+01
     56748 -2.790279E+00 -1.072643E+01  5.622293E+01
     56749  2.414792E+00 -7.029978E+00  4.927520E+01
     56750 -8.137763E-01 -2.203986E+00  1.565468E+00
     56751 -7.153719E-01 -3.215770E+00  5.236738E+00
     56752 -3.285996E-01 -4.347605E+00  4.828093E+00
     56753 -2.993467E-01 -2.523944E+00 -3.811743E-01
     56754 -5.197506E+00 -9.009799E+00  4.180179E+01
     56755 -5.682152E-01 -4.750195E+00  8.494258E+00
     56756 -1.851798E+00 -5.825256E+00  1.207550E+01
     56757 -8.597211E-01 -4.681320E+00  3.559661E+00
     56758  9.744394E-01 -6.318066E+00  1.676210E+01
     56759 -2.048153E+00 -7.015359E+00  2.262535E+01
     56760 -1.039199E+00 -6.383791E+00  1.197041E+01
     56761  1.827638E+00 -7.473438E+00  3.087984E+01
     56762 -3.977695E-01 -7.219064E+00  3.675523E+01
     56763 -3.110721E-01 -7.634684E+00  2.240708E+01
     56764  5.278000E-01 -8.829502E+00  3.924146E+01
     56765 -1.256328E+00 -5.692702E+00  5.918082E+00
     56766 -1.237500E+00 -4.808831E+00  1.901876E+00
     56767 -1.871773E+00 -6.805177E+00  1.589366E+01
     56768 -2.534483E+00 -6.743127E+00  1.075451E+01
     56769 -1.003629E+00 -7.326110E+00  2.861220E+01
     56770 -3.191651E+00 -7.931372E+00  2.213548E+01
     62363 -1.795200E+00  9.724644E-01 -6.511783E-02
     62364  1.732696E-02  7.436676E-02 -1.290989E-01
     62365 -5.774721E-02 -1.741995E-01 -3.430328E-01
     62366  1.812027E-01  4.029108E-01 -5.387294E-03
     62367 -8.677293E-01  2.688369E+00  9.458668E-01
     62368  6.419601E-01 -2.990571E+00  5.134683E+00
     62369  8.101852E-01 -2.075744E+00  1.544450E+00
     62370  4.373079E-01 -2.361694E+00 -3.588971E-01
     62371  2.673534E+00 -9.765890E+00  5.098934E+01
     62372  1.046626E+00 -1.022473E+01  5.410625E+01
     62373  4.842417E+00 -8.303106E+00  3.779330E+01
     62374  2.774189E-01 -4.029556E+00  4.682724E+00
     62375 -2.093529E+00 -6.365678E+00  4.520684E+01
     62376  1.194978E+00 -4.424779E+00  1.597970E+00
     62377  1.208166E+00 -5.202743E+00  5.231167E+00
     62378  7.703249E-01 -4.335395E+00  3.403218E+00
     62379  2.386461E+00 -6.173284E+00  9.613505E+00
     62380  1.792253E+00 -6.206683E+00  1.426055E+01
     62381  1.028709E+00 -5.860160E+00  1.108000E+01
     62382  3.023805E+00 -7.280133E+00  1.991271E+01
     62383  1.074401E+00 -6.661832E+00  2.581327E+01
     62384  3.299224E-01 -6.989342E+00  2.049524E+01
     62385 -4.319016E-01 -8.057413E+00  3.577339E+01
     62386  1.880806E+00 -5.312531E+00  1.152404E+01
     62387  6.813626E-01 -4.388594E+00  8.305053E+00
     62388  1.981805E+00 -6.436858E+00  2.102750E+01
     62389 -7.558869E-01 -5.786604E+00  1.574696E+01
     62390  4.413898E-01 -6.594174E+00  3.385612E+01
     62391 -1.616852E+00 -6.824684E+00  2.855938E+01
     67603  1.749454E-01  3.207199E-01 -1.418282E-02
     67604 -1.997829E-01  3.479772E-01 -2.236375E-02
     67605  2.301829E-01  5.893691E-01 -3.052973E-01
     67606 -2.483678E-01  6.724314E-01 -3.210146E-01
     67607  3.399225E+00  9.512796E-01 -1.008502E+01
     67608  3.011285E+00  4.616203E-01 -2.696926E+00
     67609  3.239905E+00  2.112889E-01 -7.734941E+00
     67610 -1.956330E-02 -3.290187E-01  1.264095E+00
     67611 -5.985462E-03 -3.220180E-01  1.199318E+00
     67612 -4.171624E-02 -3.164638E-01  1.196130E+00
     67613 -3.434093E-02 -3.309372E-01  1.266299E+00
     67614 -2.811936E+00  4.401553E-01 -2.434362E+00
     67615 -3.149159E+00  8.773700E-01 -9.084254E+00
     67616 -2.986304E+00  1.570521E-01 -7.033694E+00
     67617  3.123253E+00 -5.340560E-01  6.884906E-01
     67618 -2.916825E+00 -4.797042E-01  5.842476E-01
     67619  2.346266E+00 -1.072489E+00 -4.392875E+00
     67620  3.252524E+00 -1.598017E+00 -4.215849E+00
     67621  2.751908E+00 -1.132618E+00 -1.457493E+00
     67622  1.243187E+00 -1.103244E+00  1.355604E+00
     67623  3.212102E+00 -2.467108E+00 -2.781011E+00
     67624  3.719802E+00 -2.305921E+00 -1.760593E+00
     67625  1.650509E+00 -6.750500E-01  2.385396E+00
     67626  3.887859E+00 -2.391694E+00 -1.443026E+00
     67627  3.812619E+00 -1.944177E+00 -1.601344E+00
     67628  3.821785E+00 -1.793200E+00 -1.188027E+00
     67629  3.735384E+00 -1.464079E+00 -1.166584E+00
     67630  3.602149E+00 -1.317469E+00 -8.420012E-01
     67631  3.487867E+00 -1.140578E+00 -7.686890E-01
     67632  3.284184E+00 -9.170329E-01 -4.419245E-01
     67633  3.206632E+00 -8.148452E-01 -3.173438E-01
     67634  2.938533E+00 -6.361157E-01 -8.448529E-02
     67635  2.878115E+00 -6.098138E-01  4.118117E-02
     67636  2.600326E+00 -4.216087E-01  2.482702E-01
     67637  2.555507E+00 -4.187604E-01  3.575597E-01
     67638  2.275424E+00 -2.507477E-01  5.200253E-01
     67639  2.270081E+00 -2.979789E-01  6.321665E-01
     67640  1.998057E+00 -1.782175E-01  7.168533E-01
     67641  2.009024E+00 -2.469858E-01  8.014512E-01
     67642  1.751023E+00 -1.039572E-01  9.016064E-01
     67643  1.801255E+00 -1.827669E-01  9.775800E-01
     67644  1.558577E+00 -1.025066E-01  1.005946E+00
     67645  1.602315E+00 -1.828620E-01  1.058249E+00
     67646  1.383808E+00 -7.663827E-02  1.116498E+00
     67647  1.460174E+00 -1.577467E-01  1.162782E+00
     67648  1.316196E+00 -1.858554E-01  1.184895E+00
     67649  1.256569E+00 -1.112492E-01  1.157163E+00
     67650  1.220774E+00 -1.756167E-01  1.249243E+00
     67651  1.132257E+00 -1.031638E-01  1.224306E+00
     67652  1.111413E+00 -2.136602E-01  1.239614E+00
     67653  1.046952E+00 -1.509110E-01  1.228417E+00
     67654  1.043107E+00 -2.020994E-01  1.286654E+00
     67655  9.511082E-01 -1.429683E-01  1.274544E+00
     67656  9.500683E-01 -2.385367E-01  1.264876E+00
     67657  8.855356E-01 -1.884715E-01  1.262211E+00
     67658  8.927321E-01 -2.216139E-01  1.310604E+00
     67659  7.983752E-01 -1.736078E-01  1.302709E+00
     67660  8.059743E-01 -2.457279E-01  1.314550E+00
     67661  7.421167E-01 -2.121519E-01  1.298451E+00
     67662  7.050582E-01 -2.238104E-01  1.323453E+00
     67663  6.640667E-01 -2.097643E-01  1.333868E+00
     67664  6.332181E-01 -2.290175E-01  1.343301E+00
     67665  5.585155E-01 -1.929070E-01  1.346182E+00
     67666  5.546323E-01 -2.444092E-01  1.335517E+00
     67667  4.838165E-01 -2.316400E-01  1.321233E+00
     67668  4.332567E-01 -2.383532E-01  1.324148E+00
     67669  4.005034E-01 -2.291203E-01  1.340559E+00
     67670  3.595768E-01 -2.466522E-01  1.323546E+00
     67671  2.898771E-01 -2.218961E-01  1.335912E+00
     67672  2.794377E-01 -2.876919E-01  1.278069E+00
     67673  2.253636E-01 -2.732369E-01  1.281303E+00
     67674  1.945274E-01 -2.941689E-01  1.261556E+00
     67675  1.527077E-01 -2.706647E-01  1.273738E+00
     67676  1.306909E-01 -2.994134E-01  1.235300E+00
     67677  6.632897E-02 -2.716156E-01  1.255217E+00
     67678  7.048504E-02 -2.848982E-01  1.223370E+00
     67679  2.657179E-02 -2.828425E-01  1.229299E+00
     67680 -6.983781E-02 -2.827147E-01  1.231876E+00
     67681 -1.276357E-01 -2.922241E-01  1.220169E+00
     67682 -1.320001E-01 -2.752074E-01  1.258218E+00
     67683 -1.767344E-01 -2.868423E-01  1.246287E+00
     67684 -1.916122E-01 -2.555689E-01  1.293482E+00
     67685 -2.417447E-01 -2.741411E-01  1.278927E+00
     67686 -2.675231E-01 -2.457242E-01  1.335558E+00
     67687 -3.158260E-01 -2.645928E-01  1.315027E+00
     67688 -3.650651E-01 -2.170203E-01  1.377387E+00
     67689 -3.907860E-01 -2.436438E-01  1.366998E+00
     67690 -4.498255E-01 -2.100911E-01  1.366051E+00
     67691 -5.014773E-01 -2.370832E-01  1.371359E+00
     67692 -5.381845E-01 -1.826880E-01  1.373122E+00
     67693 -5.939210E-01 -2.171099E-01  1.374517E+00
     67694 -6.306152E-01 -1.733064E-01  1.371266E+00
     67695 -6.896458E-01 -2.063645E-01  1.375004E+00
     67696 -7.240182E-01 -1.641167E-01  1.369416E+00
     67697 -7.794957E-01 -2.044633E-01  1.376098E+00
     67698 -8.178541E-01 -1.579992E-01  1.355613E+00
     67699 -8.740094E-01 -2.005116E-01  1.369117E+00
     67700 -9.064012E-01 -1.519580E-01  1.333232E+00
     67701 -9.647778E-01 -1.993556E-01  1.351939E+00
     67702 -9.912477E-01 -1.452598E-01  1.303938E+00
     67703 -1.051353E+00 -1.963707E-01  1.327484E+00
     67704 -1.074132E+00 -1.365977E-01  1.270080E+00
     67705 -1.134250E+00 -1.920437E-01  1.298053E+00
     67706 -1.158378E+00 -1.248853E-01  1.232080E+00
     67707 -1.216586E+00 -1.854829E-01  1.264857E+00
     67708 -1.247748E+00 -1.131312E-01  1.186893E+00
     67709 -1.304868E+00 -1.784160E-01  1.225538E+00
     67710 -1.350015E+00 -9.970561E-02  1.134796E+00
     67711 -1.401583E+00 -1.706661E-01  1.180088E+00
     67712 -1.472183E+00 -9.236555E-02  1.067203E+00
     67713 -1.517538E+00 -1.660710E-01  1.122152E+00
     67714 -1.620092E+00 -9.339468E-02  9.787879E-01
     67715 -1.656312E+00 -1.698711E-01  1.045243E+00
     67716 -1.802082E+00 -1.092951E-01  8.584303E-01
     67717 -1.825506E+00 -1.839168E-01  9.424196E-01
     67718 -2.019626E+00 -1.619955E-01  6.970011E-01
     67719 -2.024914E+00 -2.249426E-01  7.928625E-01
     67720 -2.272231E+00 -2.416063E-01  4.966449E-01
     67721 -2.258714E+00 -2.912813E-01  6.084952E-01
     67722 -2.559187E+00 -3.729714E-01  2.472033E-01
     67723 -2.522097E+00 -3.959783E-01  3.702158E-01
     67724 -2.870310E+00 -5.635209E-01 -4.815195E-02
     67725 -2.806174E+00 -5.453173E-01  7.963363E-02
     67726 -3.186494E+00 -8.253959E-01 -3.832097E-01
     67727 -3.096191E+00 -7.476740E-01 -2.611180E-01
     67728 -3.473014E+00 -1.169749E+00 -7.399686E-01
     67729 -3.365078E+00 -1.009157E+00 -6.428939E-01
     67730 -3.673376E+00 -1.607133E+00 -1.076066E+00
     67731 -3.572283E+00 -1.332673E+00 -1.042971E+00
     67732 -3.729508E+00 -2.129524E+00 -1.295973E+00
     67733 -3.656953E+00 -1.715060E+00 -1.404361E+00
     67734 -3.057871E+00 -2.223182E+00 -2.512377E+00
     67735 -3.549439E+00 -2.091919E+00 -1.600857E+00
     67736 -3.068051E+00 -1.486316E+00 -3.760369E+00
     67737 -2.240044E+00 -9.828154E-01 -3.996247E+00
     67738 -1.600787E+00 -6.076657E-01  2.161803E+00
     67739 -2.601986E+00 -1.030147E+00 -1.312587E+00
     67740 -1.237528E+00 -9.950099E-01  1.232135E+00
     68607  6.956470E-01 -2.410181E-03 -1.878828E-01
     68608 -2.196703E-01  6.959849E-01  5.778146E-01
     68609  4.148716E-02  1.025828E+00 -5.183787E-01
     68610 -1.594789E-01  7.865976E-01 -8.387108E-01
     68611  1.007597E+00  1.695423E+00 -9.120518E+00
     68612  9.121394E-01  1.898530E+00 -1.805863E+01
     68613  1.764557E+00  2.747680E+00 -7.548107E+00
     68614  1.173210E+00  1.803647E+00 -8.646076E+00
     68615  3.174417E-01  1.253726E+00 -7.663006E+00
     68616 -3.528334E-01  3.311324E+00 -2.328495E+01
     68617 -2.738528E-01  5.520577E+00  2.834106E+00
     68618  2.724471E-01  4.893988E+00 -4.771852E+00
     68619 -7.000006E-01  3.656915E+00 -7.282505E+00
     68620 -1.455163E+00  2.569263E+00 -1.360533E+01
     68621  3.782064E-01  5.321333E+00  3.724565E+01
     68622 -1.257170E+00  4.693012E+00  3.305165E+01
     68623 -2.070715E+00  3.277907E+00  2.130401E+01
     68624  2.001373E+00  3.637433E+00  2.596357E+01
     68625 -1.695540E-01  2.929229E+00  1.453583E+01
     68626 -1.795953E+00  2.604369E+00  1.452973E+01
     68627 -5.286689E-01  1.623066E+00  1.606395E+01
     68628 -1.471818E+00  5.092043E+00  1.084925E+01
     68629 -7.895931E-01  3.837352E+00  1.546671E+01
     68630  8.960706E-01  2.303001E+00  1.667060E+01
     68631 -7.516226E-01  3.526376E+00  1.867134E+01
     68632 -4.217053E-01  3.077115E+00 -8.720677E+00
     69274 -6.589593E-01 -8.196715E-03 -1.862896E-01
     69275  1.912007E-01  6.278092E-01  5.072159E-01
     69276 -8.358781E-02  9.266369E-01 -4.758940E-01
     69277  1.459962E-01  6.884492E-01 -7.545509E-01
     69278 -8.571982E-01  1.697004E+00 -1.612115E+01
     69279 -9.296997E-01  1.533147E+00 -8.148441E+00
     69280 -1.094013E+00  1.643104E+00 -7.712580E+00
     69281 -1.613706E+00  2.527181E+00 -6.698019E+00
     69282 -3.118740E-01  1.142762E+00 -6.793564E+00
     69283  3.019337E-01  2.958894E+00 -2.064864E+01
     69284 -2.043661E-01  4.469922E+00 -4.214814E+00
     69285  3.632978E-01  5.040982E+00  2.673989E+00
     69286  6.576332E-01  3.331695E+00 -6.290715E+00
     69287  1.293402E+00  2.306813E+00 -1.197296E+01
     69288  1.073013E+00  4.268564E+00  2.953651E+01
     69289 -2.995408E-01  4.793137E+00  3.366248E+01
     69290 -1.780856E+00  3.293580E+00  2.357809E+01
     69291  1.896833E+00  2.919805E+00  1.897683E+01
     69292  7.502746E-01  3.176719E+00  1.703118E+01
     69293 -7.022267E-01  2.071263E+00  1.522210E+01
     69294  4.302561E-01  1.441193E+00  1.441924E+01
     69295  1.424258E+00  4.553712E+00  9.839821E+00
     69296  7.547431E-01  3.495360E+00  1.382204E+01
     69297  1.593924E+00  2.365908E+00  1.283558E+01
     69298  4.297728E-01  2.772393E+00 -7.611389E+00
     69299  2.067098E-01  2.634181E+00  1.292200E+01

 total force (fx,fy,fz) for set FEET and time  0.1000000E+01

        1.663251E-09 -1.641768E-09  1.200000E+03

                        S T E P       2


                                INCREMENT     1


 displacements (vx,vy,vz) for set TOP and time  0.2000000E+01

     34873 -1.879870E-02  7.543702E-01 -6.911329E-01
     35658 -2.519194E-03  8.112750E-01 -7.274496E-01
     37100 -3.412257E-02  5.969780E-01 -5.856154E-01
     43530  1.152654E-02  8.029572E-01 -7.230424E-01
     46183  2.771191E-02  5.839521E-01 -5.623646E-01

 forces (fx,fy,fz) for set FEET and time  0.2000000E+01

       151 -3.912537E-01  4.517938E-01 -2.686054E+00
       155  6.805628E-01  8.768524E+00 -8.214472E+00
       156 -1.581927E-02 -4.078541E-02 -1.531472E+00
       160  1.785045E-03  9.278401E-01 -4.850578E-01
       161  3.392878E-01  4.126354E-01 -2.379844E+00
       165 -5.941524E-01  7.928907E+00 -7.414700E+00
       194  2.242106E+01  1.377093E+01  2.842621E+01
       195  8.901994E-01 -1.123752E+00  1.637287E+00
       196 -3.656371E-01  5.963526E-02  8.642707E-01
       197 -1.905946E+01  9.916525E+00  2.294007E+01
       221  3.239599E-01  8.053918E-02  7.412507E-01
       222  1.726448E+01  8.866447E+00  2.058096E+01
       225 -9.171790E-01 -1.126857E+00  1.566721E+00
       226 -2.048869E+01  1.270814E+01  2.612786E+01
       234  1.012746E+00  7.548707E-01  2.802899E+00
       236 -9.523062E-01  7.139325E-01  2.420800E+00
       242 -6.698371E+00  5.005861E+00 -8.198128E+00
       245 -7.535190E+00  6.365256E+00  9.281613E+00
       246  9.828735E+00  7.989414E+00  1.213265E+01
       253  5.949478E+00  4.406889E+00 -7.248187E+00
       254 -8.912098E+00  7.291385E+00  1.107813E+01
       255  6.778237E+00  5.626772E+00  8.200305E+00
      3486  2.849199E+00  3.049122E+00 -2.262025E+01
      3512 -1.313601E-02 -2.709821E-01 -2.226076E+00
      3525  4.516633E-01  1.366898E+00 -3.347584E+00
      3526  6.639192E-01  1.159577E+00 -1.811630E+00
      3527  1.023791E+00  8.419925E-01 -3.958089E+00
      3528  9.053628E-01  6.099316E-01 -3.032667E+00
      3529  7.028829E-01  3.396013E-01 -2.137860E+00
      3530  6.514754E-01  1.991900E-01 -1.701396E+00
      3531  4.606207E-01  9.614481E-02 -1.250251E+00
      3532  4.292758E-01  4.883194E-02 -1.116001E+00
      3533  3.638709E-01 -4.252678E-02 -8.252981E-01
      3534  2.254177E-01 -1.965307E-02 -8.538124E-01
      3535  2.852383E-01 -6.717722E-02 -8.669044E-01
      3536  1.284820E-01 -1.434846E-02 -8.823530E-01
      3537  2.291092E-01 -5.471308E-02 -9.463531E-01
      3538  7.842291E-02  7.297495E-03 -9.987513E-01
      3539  2.015801E-01 -2.780008E-02 -1.068935E+00
      3540  5.237298E-02  2.952309E-02 -1.119698E+00
      3541  1.898136E-01 -2.748831E-03 -1.176973E+00
      3542  3.837652E-02  4.458231E-02 -1.208330E+00
      3543  1.822509E-01  1.466739E-02 -1.245231E+00
      3544  2.266938E-02  4.391910E-02 -1.261247E+00
      3545  1.233926E-01  1.216915E-01 -1.400683E+00
      3546  1.140672E-01 -1.380134E-02 -1.151636E+00
      3547  4.737340E-03  4.195964E-02 -1.300576E+00
      3548 -6.707863E-04  1.205097E-01 -1.344472E+00
      3549  7.502208E-02 -1.053146E-02 -1.176015E+00
      3550 -4.553259E-02  5.235658E-02 -1.336576E+00
      3551  4.928480E-02  1.504383E-01 -1.461487E+00
      3552  5.602753E-02  2.705472E-01 -1.433621E+00
      3553  8.626403E-03  1.602835E-02 -1.257418E+00
      3554 -5.313820E-02  2.318770E-02 -1.298139E+00
      3555  5.875483E+00  2.159550E+00 -2.149443E+01
      3556  5.195671E+00 -3.187555E-01 -1.340056E+01
      3557  7.125261E+00 -1.367798E+00 -1.383921E+01
      3558  6.804383E+00 -1.595248E+00 -1.089231E+01
      3559  6.233683E+00 -1.074954E+00 -7.929432E+00
      3560  5.702645E+00 -1.052925E+00 -6.025096E+00
      3561  4.985248E+00 -6.900932E-01 -4.138735E+00
      3562  4.423948E+00 -6.727824E-01 -3.090797E+00
      3563  3.826148E+00 -4.802863E-01 -2.154368E+00
      3564  3.253040E+00 -3.690478E-01 -1.447005E+00
      3565  2.873485E+00 -4.130182E-01 -1.316406E+00
      3566  2.465525E+00 -2.840259E-01 -9.397706E-01
      3567  2.218107E+00 -3.759771E-01 -1.121724E+00
      3568  1.941473E+00 -2.707126E-01 -9.264175E-01
      3569  1.793362E+00 -3.918066E-01 -1.255636E+00
      3570  1.605208E+00 -2.895108E-01 -1.104174E+00
      3571  1.514523E+00 -4.251726E-01 -1.473369E+00
      3572  1.375764E+00 -3.182788E-01 -1.290456E+00
      3573  1.306745E+00 -4.585377E-01 -1.640132E+00
      3574  1.181964E+00 -3.434756E-01 -1.401888E+00
      3575  1.120762E+00 -4.959040E-01 -1.692847E+00
      3576  1.010576E+00 -3.647710E-01 -1.637636E+00
      3577  8.357982E-01 -3.775736E-01 -1.441794E+00
      3578  7.708517E-01 -4.349811E-01 -1.652666E+00
      3579  6.215129E-01 -3.874043E-01 -1.697471E+00
      3580  4.431215E-01 -3.972365E-01 -1.530038E+00
      3581  3.459028E-01 -5.400788E-01 -1.893369E+00
      3582  2.386394E-01 -3.952177E-01 -1.902539E+00
      3583  1.176140E-01 -4.554094E-01 -1.773030E+00
      3584  6.929419E-02 -4.325288E-01 -1.784652E+00
      3585  2.493482E-02 -4.443363E-01 -1.978696E+00
      3769  4.526008E-01  7.628895E+00 -4.052115E+00
      3770  3.139936E-02  6.213443E+00 -2.478001E+00
      3771 -4.184195E-01  4.278927E+00 -1.846766E+00
      3772  2.024854E-01  3.058683E+00 -1.413657E+00
      3773 -2.528955E-01  2.368007E+00 -9.094232E-01
      3774  8.544597E-02  1.684499E+00 -6.738179E-01
      3775 -1.640252E-01  1.347952E+00 -4.294414E-01
      3776  1.903196E-03  8.411383E-01 -4.324984E-01
      3777 -6.125447E-02  1.009806E+00 -4.014509E-02
      3778 -1.073915E-01  7.869189E-01 -1.628498E-01
      3779  1.141076E-02  7.144258E-01 -1.313001E-01
      3780 -9.256458E-02  7.710491E-01 -1.518207E-01
      3781  1.678130E-02  7.687572E-01 -1.426096E-01
      3782 -9.135612E-02  8.593049E-01 -1.835138E-01
      3783  2.727142E-02  8.802099E-01 -1.845075E-01
      3784 -9.390259E-02  9.686143E-01 -2.225551E-01
      3785  3.849868E-02  9.846307E-01 -2.240769E-01
      3786 -9.534692E-02  1.053517E+00 -2.493943E-01
      3787  4.793720E-02  1.053870E+00 -2.464810E-01
      3788 -9.251106E-02  1.090873E+00 -2.592438E-01
      3789 -6.107837E-03  8.895099E-01 -4.432719E-01
      3790 -2.289783E-02  1.316315E+00 -1.265215E-02
      3791 -9.504730E-02  1.108112E+00 -2.521876E-01
      3792 -1.495686E-01  1.137464E+00 -2.440469E-01
      3793 -1.282879E-02  1.348534E+00 -1.409721E-02
      3794 -9.091499E-02  1.142184E+00 -2.683205E-01
      3795 -2.555370E-03  9.524135E-01 -4.707191E-01
      3796 -1.518013E-01  1.312433E+00 -2.633667E-01
      3797 -1.805319E-04  1.439357E+00 -9.384704E-02
      3798  1.828661E-02  1.337794E+00 -6.247364E-02
      3799  2.917155E+00  1.415153E+01 -2.093126E+01
      3800  2.496984E+00  9.860837E+00 -1.368082E+01
      3801  2.020040E+00  7.469914E+00 -9.482914E+00
      3802  1.731599E+00  3.761102E+00 -6.625500E+00
      3803  1.582972E+00  3.933451E+00 -5.053191E+00
      3804  1.346018E+00  2.017959E+00 -3.555372E+00
      3805  1.187836E+00  2.076197E+00 -2.643840E+00
      3806  9.923035E-01  1.085258E+00 -1.926890E+00
      3807  8.686710E-01  9.765186E-01 -1.508642E+00
      3808  7.361158E-01  9.313980E-01 -1.148277E+00
      3809  6.089513E-01  6.282144E-01 -1.102169E+00
      3810  5.267551E-01  8.020294E-01 -9.892182E-01
      3811  4.593309E-01  6.373597E-01 -1.110069E+00
      3812  4.066108E-01  8.800216E-01 -1.086870E+00
      3813  3.682990E-01  7.379625E-01 -1.273438E+00
      3814  3.362402E-01  1.021809E+00 -1.265901E+00
      3815  3.130861E-01  8.484471E-01 -1.450956E+00
      3816  2.922707E-01  1.144009E+00 -1.418673E+00
      3817  2.741445E-01  9.276703E-01 -1.574863E+00
      3818  2.544975E-01  1.214095E+00 -1.505381E+00
      3819  2.339426E-01  9.569529E-01 -1.634034E+00
      3820  2.388278E-01  1.099304E+00 -1.658588E+00
      3821  2.003140E-01  1.235069E+00 -1.517595E+00
      3822  1.578792E-01  1.014642E+00 -1.644284E+00
      3823  1.596170E-01  1.150497E+00 -1.685023E+00
      3824  1.080669E-01  1.281297E+00 -1.569447E+00
      3825  6.527433E-02  1.020135E+00 -1.748846E+00
      3826  7.893171E-02  1.174004E+00 -1.745401E+00
      3827  7.345075E-02  1.402577E+00 -1.761971E+00
      3828  3.022961E-02  1.452948E+00 -1.680496E+00
      3829 -1.187604E-02  1.241070E+00 -1.855450E+00
      3843 -2.614418E+00  2.737480E+00 -2.027028E+01
      3856  3.008227E-02  2.299336E-02 -1.289792E+00
      3857 -2.096235E-02 -1.603213E-04 -1.247432E+00
      3858 -1.797126E-02 -5.590098E-03 -1.247202E+00
      3859 -3.493592E-02 -8.198820E-03 -1.224617E+00
      3860 -4.413602E-02 -2.346244E-02 -1.229898E+00
      3861 -5.308926E-02 -2.330757E-02 -1.198139E+00
      3862 -5.737964E-02 -2.377120E-02 -1.184180E+00
      3863 -8.303594E-02 -1.508492E-02 -1.144205E+00
      3864 -9.801494E-02 -1.792769E-02 -1.147099E+00
      3865 -1.152084E-01 -1.852121E-02 -1.133906E+00
      3866 -1.260212E-01 -1.856131E-02 -1.123324E+00
      3867 -1.352298E-01 -2.164554E-02 -1.106607E+00
      3868 -1.423435E-01 -2.301289E-02 -1.084075E+00
      3869 -1.481112E-01 -2.550786E-02 -1.054080E+00
      3870 -1.532739E-01 -2.899832E-02 -1.013543E+00
      3871 -1.595141E-01 -3.612983E-02 -9.663230E-01
      3872 -1.695325E-01 -4.322726E-02 -9.102616E-01
      3873 -1.843172E-01 -5.247415E-02 -8.546139E-01
      3874 -2.062302E-01 -5.912586E-02 -8.021058E-01
      3875 -2.466711E-01 -6.253148E-02 -7.646505E-01
      3876 -2.839694E-01 -5.772092E-02 -7.674028E-01
      3877 -3.495736E-01 -4.322772E-02 -8.068040E-01
      3878 -4.263596E-01 -1.086320E-02 -9.168546E-01
      3879 -5.200107E-01  4.495089E-02 -1.117686E+00
      3880 -6.297924E-01  1.304087E-01 -1.435513E+00
      3881 -7.541884E-01  2.556762E-01 -1.899070E+00
      3882 -8.946698E-01  4.378833E-01 -2.551626E+00
      3883 -1.065591E+00  6.933566E-01 -3.480996E+00
      3884 -6.090080E-01  1.014353E+00 -1.621148E+00
      3885 -2.725514E-01  1.632363E+00 -3.407469E+00
      3886 -1.025501E-01 -4.342451E-01 -1.966069E+00
      3887 -1.327835E-01 -4.866407E-01 -1.758003E+00
      3888 -2.084217E-01 -4.694263E-01 -1.739571E+00
      3889 -2.907243E-01 -4.558980E-01 -1.641085E+00
      3890 -4.025550E-01 -4.381417E-01 -1.562871E+00
      3891 -5.131316E-01 -4.342573E-01 -1.451204E+00
      3892 -6.578581E-01 -4.152905E-01 -1.436194E+00
      3893 -7.755510E-01 -3.983875E-01 -1.353352E+00
      3894 -9.317672E-01 -3.826476E-01 -1.320798E+00
      3895 -1.063663E+00 -3.727732E-01 -1.296319E+00
      3896 -1.194442E+00 -3.603840E-01 -1.280707E+00
      3897 -1.317402E+00 -3.565015E-01 -1.267767E+00
      3898 -1.431294E+00 -3.482556E-01 -1.249608E+00
      3899 -1.540222E+00 -3.366598E-01 -1.220282E+00
      3900 -1.646643E+00 -3.225326E-01 -1.173246E+00
      3901 -1.761359E+00 -3.104937E-01 -1.111730E+00
      3902 -1.891289E+00 -2.972243E-01 -1.037097E+00
      3903 -2.054844E+00 -2.882544E-01 -9.700880E-01
      3904 -2.259426E+00 -2.869685E-01 -9.320821E-01
      3905 -2.522009E+00 -3.004229E-01 -9.470723E-01
      3906 -2.849054E+00 -3.150461E-01 -1.112956E+00
      3907 -3.238825E+00 -3.620414E-01 -1.392109E+00
      3908 -3.701526E+00 -4.327848E-01 -1.895551E+00
      3909 -4.228458E+00 -5.305596E-01 -2.667636E+00
      3910 -4.799760E+00 -6.612883E-01 -3.767433E+00
      3911 -5.381127E+00 -8.275282E-01 -5.250006E+00
      3912 -5.923369E+00 -1.023965E+00 -7.163397E+00
      3913 -6.366577E+00 -1.223564E+00 -9.548393E+00
      3914 -6.720033E+00 -1.299923E+00 -1.249064E+01
      3915 -4.839992E+00 -2.247353E-01 -1.214042E+01
      3916 -5.419305E+00  1.772111E+00 -1.945477E+01
      4100 -1.076405E-02  1.390440E+00 -4.466353E-02
      4101  3.309793E-03  1.499992E+00 -3.260931E-02
      4102  1.720349E-02  1.466198E+00 -3.581733E-02
      4103  2.146494E-02  1.444392E+00 -3.948512E-02
      4104  1.418216E-02  1.438773E+00 -3.956006E-02
      4105  3.189398E-02  1.397435E+00 -1.346798E-02
      4106  1.500316E-02  1.356293E+00 -1.231135E-02
      4107  2.670285E-02  1.305899E+00 -4.068152E-02
      4108  3.325936E-02  1.288971E+00 -5.006691E-02
      4109  3.643014E-02  1.276447E+00 -4.710451E-02
      4110  4.551734E-02  1.264642E+00 -5.282755E-02
      4111  4.847499E-02  1.255637E+00 -4.287351E-02
      4112  5.142172E-02  1.230857E+00 -4.303583E-02
      4113  5.355205E-02  1.195253E+00 -4.160095E-02
      4114  5.670350E-02  1.148374E+00 -3.843315E-02
      4115  5.883967E-02  1.094588E+00 -2.865791E-02
      4116  6.067294E-02  1.031442E+00 -2.080278E-02
      4117  6.523303E-02  9.714614E-01 -1.019883E-02
      4118  6.457380E-02  9.264694E-01 -8.502558E-03
      4119  7.979703E-02  8.969926E-01  1.171764E-03
      4120  7.620078E-02  9.078697E-01 -2.365698E-02
      4121  9.103546E-02  9.963539E-01 -6.562809E-02
      4122  9.957263E-02  1.162133E+00 -1.397292E-01
      4123  1.120563E-01  1.439209E+00 -2.570258E-01
      4124  1.267208E-01  1.862334E+00 -4.260991E-01
      4125  1.415903E-01  2.458401E+00 -6.616132E-01
      4126  1.528412E-01  3.262672E+00 -9.863487E-01
      4127  1.584238E-01  4.363146E+00 -1.453473E+00
      4128  1.077668E-01  6.011096E+00 -2.289172E+00
      4129 -9.382461E-01  7.728569E+00 -4.468739E+00
      4130  1.800539E-03  1.259174E+00 -1.826559E+00
      4131 -1.905978E-03  1.440803E+00 -1.589902E+00
      4132 -5.136286E-02  1.506660E+00 -1.526487E+00
      4133 -1.061078E-01  1.442631E+00 -1.518388E+00
      4134 -1.311041E-01  1.392722E+00 -1.500625E+00
      4135 -1.096954E-01  1.466627E+00 -1.459048E+00
      4136 -1.522683E-01  1.347710E+00 -1.388365E+00
      4137 -1.900197E-01  1.299460E+00 -1.424421E+00
      4138 -2.390049E-01  1.255570E+00 -1.416747E+00
      4139 -2.695328E-01  1.247512E+00 -1.403557E+00
      4140 -2.943135E-01  1.232732E+00 -1.399170E+00
      4141 -3.200226E-01  1.231993E+00 -1.368383E+00
      4142 -3.446130E-01  1.210902E+00 -1.344006E+00
      4143 -3.659398E-01  1.181398E+00 -1.313025E+00
      4144 -3.848680E-01  1.138183E+00 -1.270005E+00
      4145 -4.056808E-01  1.082636E+00 -1.208369E+00
      4146 -4.306422E-01  1.016370E+00 -1.134724E+00
      4147 -4.632974E-01  9.472248E-01 -1.059154E+00
      4148 -5.082793E-01  8.873363E-01 -9.884578E-01
      4149 -5.498619E-01  8.556399E-01 -9.706667E-01
      4150 -6.238064E-01  8.636414E-01 -9.626948E-01
      4151 -7.407708E-01  9.554341E-01 -1.088408E+00
      4152 -8.604284E-01  1.147240E+00 -1.329010E+00
      4153 -1.001699E+00  1.475264E+00 -1.747957E+00
      4154 -1.160611E+00  1.984107E+00 -2.386520E+00
      4155 -1.333538E+00  2.715919E+00 -3.297290E+00
      4156 -1.513716E+00  3.704895E+00 -4.543452E+00
      4157 -1.699023E+00  5.029104E+00 -6.223340E+00
      4158 -1.893636E+00  6.919021E+00 -8.557608E+00
      4159 -2.320059E+00  1.033299E+01 -1.252307E+01
      4160 -2.815421E+00  1.263231E+01 -1.870552E+01
      4894  3.922697E+00 -1.096346E+00  2.286387E+00
      4895  8.305708E+00 -1.646955E+00  5.090046E+00
      4896  1.212007E+01  6.094043E-04  7.520501E+00
      4897  1.573221E+01  5.038090E-01  8.458131E+00
      4898  2.694326E+00 -3.033855E+00  5.872924E+00
      4899  9.463435E+00 -6.667854E+00  1.663561E+01
      4900  1.529376E+01 -7.834138E+00  3.083213E+01
      4901  2.077762E+01 -8.370581E+00  4.710994E+01
      4902  3.630839E+01 -7.765799E+00  7.260861E+01
      5053 -9.795330E-01 -3.615890E+00  5.581956E+00
      5054 -4.109979E+00  2.752074E+01  1.216172E+02
      5055  2.367124E-01 -1.410636E+00 -8.608048E-01
      5056 -6.457804E-01 -1.359797E-01 -7.802824E-01
      5057 -4.472366E+00 -5.361756E-01  2.802998E+00
      5058 -1.525628E+01 -1.570007E+00  5.093602E+00
      5059  5.374012E-01 -7.989376E-01 -1.846635E+00
      5060 -9.751234E-01 -5.585416E+00  2.476128E+00
      5061 -6.585808E+00 -7.595326E+00  1.486785E+01
      5062 -1.801225E+01 -8.769044E+00  3.444978E+01
      5063 -3.113388E+01 -9.598799E+00  6.447649E+01
      5815 -5.212309E-01 -1.174136E+00 -9.931430E-01
      5816  4.202481E-01 -1.124818E-01 -8.895217E-01
      5817  3.819580E+00 -4.852962E-01  2.392404E+00
      5818  1.355161E+01 -1.447834E+00  4.495453E+00
      5819 -4.955014E-01 -7.424845E-01 -1.787435E+00
      5820  7.276468E-01 -5.111984E+00  1.862901E+00
      5821  5.772848E+00 -6.941760E+00  1.301978E+01
      5822  1.609927E+01 -8.018976E+00  3.078606E+01
      5823  2.812832E+01 -8.812118E+00  5.820315E+01
      5983  9.464188E-01 -3.420076E+00  5.348304E+00
      5984  4.058281E+00  2.501618E+01  1.106540E+02
      5985 -3.635168E+00 -1.563363E+00  1.963249E+00
      5986 -7.992879E+00 -1.510350E+00  4.769445E+00
      5987 -1.133933E+01  1.164512E-02  7.119951E+00
      5988 -1.458602E+01  4.782165E-01  7.937191E+00
      5989 -2.398484E+00 -2.794864E+00  5.844925E+00
      5990 -9.268503E+00 -6.129437E+00  1.602056E+01
      5991 -1.435291E+01 -7.189527E+00  2.893815E+01
      5992 -1.927404E+01 -7.645014E+00  4.370243E+01
      5993 -3.334293E+01 -7.023308E+00  6.669450E+01
      6624  4.473888E+00  3.763992E+00 -1.618182E+01
      6629 -4.157391E+00  3.460445E+00 -1.449972E+01
      6631 -1.396589E-01  3.620558E+00  5.783988E+00
      6632 -7.334088E-01  3.061287E+00  5.920226E+00
      6633 -4.074670E-01  2.101357E+00  4.010986E+00
      6634 -1.395102E-01  1.433348E+00  2.774818E+00
      6635  4.219043E-03  1.051118E+00  2.036044E+00
      6636  8.135510E-02  7.796406E-01  1.523372E+00
      6637  1.293366E-01  6.598195E-01  1.254774E+00
      6638  1.589525E-01  5.981766E-01  1.100657E+00
      6639  1.639372E-01  5.725560E-01  1.057575E+00
      6640  1.697218E-01  6.248906E-01  1.108845E+00
      6641  1.555877E-01  6.511236E-01  1.155786E+00
      6642  1.520417E-01  7.352728E-01  1.270965E+00
      6643  1.328935E-01  7.706395E-01  1.345549E+00
      6644  1.269415E-01  8.579766E-01  1.467851E+00
      6645  1.073362E-01  8.815617E-01  1.529694E+00
      6646  1.017665E-01  9.585888E-01  1.632157E+00
      6647  8.367961E-02  9.619260E-01  1.663609E+00
      6648  7.957538E-02  1.024043E+00  1.736327E+00
      6649  6.396729E-02  1.008950E+00  1.737073E+00
      6650  5.439836E-02  1.058389E+00  1.777750E+00
      6651  5.760696E-02  1.079968E+00  1.777187E+00
      6652  4.437710E-02  1.040630E+00  1.777039E+00
      6653  3.313136E-02  1.078983E+00  1.798093E+00
      6654  3.721799E-02  1.101489E+00  1.795917E+00
      6655  2.870529E-02  1.058251E+00  1.797094E+00
      6656  1.299218E-02  1.105865E+00  1.822294E+00
      6657  3.118905E-02  1.131033E+00  1.817704E+00
      6658  1.310102E-02  1.078648E+00  1.837759E+00
      6659  1.090003E-02  1.081514E+00  1.855390E+00
      6660 -2.973466E-03  1.143726E+00  1.879301E+00
      6661 -1.275761E-02  1.139801E+00  1.875462E+00
      6662 -1.033586E-02  1.067955E+00  1.853395E+00
      6663 -1.441145E-02  1.084867E+00  1.857382E+00
      6664 -2.215589E-02  1.072669E+00  1.846743E+00
      6665 -2.243143E-02  1.071026E+00  1.839878E+00
      6666 -3.102327E-02  1.077673E+00  1.853994E+00
      6667 -4.322499E-02  1.058632E+00  1.812705E+00
      6668 -4.277901E-02  1.039469E+00  1.792996E+00
      6669 -5.228362E-02  1.028976E+00  1.777222E+00
      6670 -6.067932E-02  1.022520E+00  1.770813E+00
      6671 -6.928777E-02  1.012687E+00  1.755554E+00
      6672 -7.805130E-02  9.964776E-01  1.733835E+00
      6673 -8.719463E-02  9.751534E-01  1.701604E+00
      6674 -9.701298E-02  9.481971E-01  1.658916E+00
      6675 -1.079820E-01  9.143844E-01  1.602989E+00
      6676 -1.189040E-01  8.709522E-01  1.529658E+00
      6677 -1.309821E-01  8.205994E-01  1.445728E+00
      6678 -1.430551E-01  7.628508E-01  1.347686E+00
      6679 -1.545065E-01  7.007754E-01  1.246396E+00
      6680 -1.631473E-01  6.352299E-01  1.150407E+00
      6681 -1.691285E-01  5.905372E-01  1.071449E+00
      6682 -1.695553E-01  5.528963E-01  1.032618E+00
      6683 -1.590522E-01  5.507710E-01  1.055842E+00
      6684 -1.354261E-01  5.993349E-01  1.175470E+00
      6685 -9.253813E-02  7.193628E-01  1.427797E+00
      6686 -1.978508E-02  9.381319E-01  1.860055E+00
      6687  1.098485E-01  1.295313E+00  2.543314E+00
      6688  3.535186E-01  1.866624E+00  3.624294E+00
      6689  6.430499E-01  2.757630E+00  5.373408E+00
      6690  1.103298E-01  3.256981E+00  5.253122E+00
      6691  2.562807E+00  3.105026E+00  6.177617E+00
      6692  1.137331E+00  3.143927E+00  7.402832E+00
      6693  2.886415E+00  1.481597E+00  6.628754E+00
      6694  3.286386E+00  7.241119E-01  4.228398E+00
      6695  3.354039E+00  4.565581E-01  2.982426E+00
      6696  3.218748E+00  3.665139E-01  2.362652E+00
      6697  2.986321E+00  4.099002E-01  2.118333E+00
      6698  2.708544E+00  4.994487E-01  2.122323E+00
      6699  2.427950E+00  6.343241E-01  2.262308E+00
      6700  2.172827E+00  7.622409E-01  2.491672E+00
      6701  1.932042E+00  8.941458E-01  2.770378E+00
      6702  1.726443E+00  1.011147E+00  3.036764E+00
      6703  1.545890E+00  1.114189E+00  3.303057E+00
      6704  1.397555E+00  1.198171E+00  3.529581E+00
      6705  1.265310E+00  1.269353E+00  3.739190E+00
      6706  1.158348E+00  1.320689E+00  3.899676E+00
      6707  1.057090E+00  1.363410E+00  4.040148E+00
      6708  9.739816E-01  1.390219E+00  4.134662E+00
      6709  8.874321E-01  1.412742E+00  4.215668E+00
      6710  8.149591E-01  1.423666E+00  4.267223E+00
      6711  7.270346E-01  1.434448E+00  4.324702E+00
      6712  6.280471E-01  1.453575E+00  4.339275E+00
      6713  5.582631E-01  1.436737E+00  4.342027E+00
      6714  4.607359E-01  1.444529E+00  4.370753E+00
      6715  3.587599E-01  1.448472E+00  4.363214E+00
      6716  2.887863E-01  1.428714E+00  4.355245E+00
      6717  2.108930E-01  1.417637E+00  4.359178E+00
      6718  1.237663E-01  1.418933E+00  4.348437E+00
      6719  7.935578E-02  1.397784E+00  4.317703E+00
      6720  3.595340E-02  1.404223E+00  4.351808E+00
      6721 -3.018584E-02  1.451263E+00  4.305048E+00
      6722 -9.264202E-02  1.402179E+00  4.342255E+00
      6723 -1.208800E-01  1.406578E+00  4.339058E+00
      6724 -1.870241E-01  1.416274E+00  4.361245E+00
      6725 -2.530920E-01  1.429686E+00  4.383379E+00
      6726 -3.211746E-01  1.449858E+00  4.433690E+00
      6727 -4.463569E-01  1.464501E+00  4.441994E+00
      6728 -5.264526E-01  1.450134E+00  4.382534E+00
      6729 -6.187394E-01  1.458215E+00  4.364143E+00
      6730 -7.054427E-01  1.449207E+00  4.337454E+00
      6731 -8.041797E-01  1.445591E+00  4.315529E+00
      6732 -8.997665E-01  1.431368E+00  4.268974E+00
      6733 -9.919949E-01  1.410810E+00  4.201781E+00
      6734 -1.080640E+00  1.381927E+00  4.110130E+00
      6735 -1.169181E+00  1.344804E+00  3.994040E+00
      6736 -1.263230E+00  1.296757E+00  3.846748E+00
      6737 -1.362127E+00  1.237408E+00  3.670240E+00
      6738 -1.479272E+00  1.166022E+00  3.462819E+00
      6739 -1.614388E+00  1.078554E+00  3.224023E+00
      6740 -1.775780E+00  9.775160E-01  2.960862E+00
      6741 -1.965398E+00  8.624213E-01  2.683589E+00
      6742 -2.178639E+00  7.335016E-01  2.408833E+00
      6743 -2.417518E+00  6.036671E-01  2.172976E+00
      6744 -2.667201E+00  4.839903E-01  2.017529E+00
      6745 -2.913581E+00  3.928095E-01  2.002138E+00
      6746 -3.125892E+00  3.562820E-01  2.204100E+00
      6747 -3.250417E+00  4.172566E-01  2.739897E+00
      6748 -3.184998E+00  6.676118E-01  3.840990E+00
      6749 -2.818704E+00  1.326779E+00  5.995724E+00
      6750 -1.133820E+00  2.846888E+00  6.698180E+00
      6751 -2.418836E+00  2.813792E+00  5.575317E+00
      7125  1.329005E-01  1.772609E+01 -4.156081E+01
      7156 -3.869990E-01  2.578981E+01  6.304316E+01
      7176 -5.828403E+00  2.282042E-02  2.691420E+00
      7177 -2.593675E+00 -2.327952E-01  1.107947E+00
      7178 -2.375170E-01 -7.653199E-01 -1.108968E+00
      7179 -1.388375E+01  3.409916E+00  3.314434E+01
      7180 -8.251531E+00  1.819270E+00  1.785845E+01
      7181 -3.806254E+00  3.991743E+00  1.376949E+01
      7182  5.776868E-01  4.726763E+00 -2.512985E+00
      7183  9.537963E+00 -1.455576E-01  4.595562E+00
      7184  4.742089E+00 -8.241409E-01  3.725583E+00
      7185 -2.985462E-01 -1.688051E+00  1.949582E+00
      7186 -3.920084E+00 -3.042477E-01 -1.128866E+00
      7187  1.905821E+01  3.686726E+00  4.353838E+01
      7188  1.194154E+01  1.871277E+00  2.561499E+01
      7189  3.359928E+00  3.600208E+00  1.185268E+01
      7190 -3.376523E+00  2.478773E+00 -9.388867E+00
      7191 -1.068480E+01  2.706858E+00 -2.483591E+01
      7241 -1.427739E-01  1.583115E+01 -3.708764E+01
      7272  4.015198E-01  2.319693E+01  5.667769E+01
      7292 -8.791807E+00 -1.132312E-01  4.328530E+00
      7293 -4.454006E+00 -6.955650E-01  3.745991E+00
      7294  9.314451E-02 -1.577763E+00  2.148268E+00
      7295  3.336752E+00 -2.696287E-01 -8.573741E-01
      7296 -1.737691E+01  3.325965E+00  3.968236E+01
      7297 -1.104664E+01  1.669769E+00  2.365113E+01
      7298 -3.231244E+00  3.248962E+00  1.140561E+01
      7299  2.754990E+00  2.259174E+00 -7.847621E+00
      7300  9.340520E+00  2.432399E+00 -2.175902E+01
      7301  5.090554E+00  4.364308E-02  2.230296E+00
      7302  2.202492E+00 -1.714956E-01  7.626046E-01
      7303  5.233356E-02 -6.432986E-01 -1.318722E+00
      7304  1.252242E+01  3.014313E+00  2.937501E+01
      7305  7.324324E+00  1.639766E+00  1.558528E+01
      7306  3.280436E+00  3.659258E+00  1.188494E+01
      7307 -5.941896E-01  4.335762E+00 -2.592270E+00
     49336 -3.953475E-02  1.775999E-01  7.509771E-02
     49337 -2.334216E-02  1.477786E-01  5.585990E-02
     49338 -1.939425E-02  1.610951E-01  5.986131E-02
     49339  9.583761E-03  1.234236E-01  2.082589E-02
     49340 -1.666209E-02  1.732270E-01  6.416858E-02
     49341 -2.732211E-02  1.310714E-01  1.417643E-02
     49342 -3.323023E-02  1.521722E-01  1.495701E-02
     49343  1.625453E-04  2.137984E-01 -4.558191E-02
     49344 -2.521214E-02  1.580954E-01  1.485799E-02
     49345  1.779713E-03  1.790352E-01 -3.014277E-02
     49346 -1.462644E-02  1.810311E-01  6.709245E-02
     49347  2.444081E-04  1.933361E-01  7.490972E-02
     49348 -3.481288E-02  1.488763E-01  1.314832E-02
     49349 -1.523816E-02  9.552502E-02  4.794331E-02
     49350  2.270485E-03  1.695683E-01 -2.942454E-02
     49351  2.083703E-03  1.843018E-01 -3.029735E-02
     49352  6.675819E-02  5.076960E-01  1.132552E-01
     49353 -7.492271E-02  2.390786E-01  1.333252E-01
     49354 -7.588748E-03  1.317681E-01  9.900751E-02
     49355 -7.363911E-02  4.129925E-01  1.722057E-01
     49356 -6.052630E-02  2.519563E-01  1.048723E-01
     49357  9.474943E-03  1.327531E-01 -2.468600E-02
     49358 -2.957274E-02  1.399207E-01  5.407680E-02
     49359  8.895083E-03  1.863238E-01  7.363212E-02
     49360 -3.563082E-02  1.514826E-01  1.717425E-02
     49361  1.856692E-03  1.564255E-01 -2.819126E-02
     49362  1.430785E-02  2.078541E-01 -4.278526E-02
     49363 -8.227289E-03  9.296183E-02  1.345643E-02
     49364  8.091704E-04  1.393550E-01 -2.475248E-02
     49365 -3.395317E-02  1.057098E-01  1.413748E-02
     49366  1.661735E-02  2.071032E-01 -4.245509E-02
     49367  4.051200E+00 -6.113281E-03 -2.362751E+01
     49368  3.618382E+00  2.243159E+00 -1.914731E+01
     49369  4.190582E+00  7.517966E-01 -1.699313E+01
     49370  5.063054E+00  8.222457E-01 -2.173846E+01
     49371  3.696627E-02 -3.139424E-01 -1.777583E+00
     49372  8.577260E-03 -1.248221E-01 -2.484752E+00
     49373 -6.475419E-03 -4.441642E-01 -2.000144E+00
     49374  5.759254E-02 -6.105398E-02 -2.545180E+00
     49375  4.040316E+00 -3.607511E-01 -1.352119E+01
     49376  3.718437E+00 -7.293817E-01 -1.184075E+01
     49377  4.504743E+00 -9.377386E-01 -1.684078E+01
     49378  4.363708E+00 -8.148069E-01 -1.670463E+01
     49379  3.609895E+00 -7.766235E-01 -9.960121E+00
     49380  3.315602E+00 -7.699188E-01 -8.809140E+00
     49381  4.179644E+00 -1.607085E+00 -1.228534E+01
     49382  4.489376E+00 -2.457279E-01 -1.517948E+01
     49383  3.942558E+00 -1.028874E+00 -1.226236E+01
     49384  3.267401E+00 -2.809404E-01 -7.195588E+00
     49385  3.252950E+00 -2.896446E-01 -6.252945E+00
     49386  4.103151E+00 -1.588337E+00 -8.787275E+00
     49387  4.011522E+00 -6.479503E-01 -1.119955E+01
     49388  3.689253E+00  2.875039E-01 -9.515151E+00
     49389  2.955096E+00 -5.122922E-01 -5.557069E+00
     49390  2.749052E+00 -5.454039E-01 -4.928530E+00
     49391  3.084256E+00 -1.163621E+00 -6.406731E+00
     49392  3.169009E+00 -6.295839E-01 -6.815672E+00
     49393  3.249663E+00  3.519469E-01 -8.526354E+00
     49394  2.625630E+00 -2.223029E-01 -3.964501E+00
     49395  2.565385E+00 -2.285817E-01 -3.429937E+00
     49396  3.197709E+00 -1.012002E+00 -4.901599E+00
     49397  3.136436E+00 -3.413020E-01 -6.230881E+00
     49398  2.855641E+00  8.951940E-02 -5.190581E+00
     49399  2.301684E+00 -3.702393E-01 -3.028732E+00
     49400  2.132219E+00 -3.883317E-01 -2.684035E+00
     49401  2.408694E+00 -7.315873E-01 -3.539461E+00
     49402  2.564087E+00  1.548389E-01 -4.627202E+00
     49403  2.471494E+00 -3.698577E-01 -3.784882E+00
     49404  1.973638E+00 -1.820714E-01 -2.136723E+00
     49405  1.906077E+00 -1.925036E-01 -1.903559E+00
     49406  2.410427E+00 -7.061522E-01 -2.711952E+00
     49407  2.111305E+00 -1.524575E-03 -2.816770E+00
     49408  2.343787E+00 -2.136075E-01 -3.446034E+00
     49409  1.631597E+00 -1.862377E-01 -1.582669E+00
     49410  1.597436E+00 -3.546651E-01 -1.656514E+00
     49411  1.897013E+00 -5.270278E-01 -1.914690E+00
     49412  1.923100E+00  5.687975E-02 -2.558062E+00
     49413  1.780028E+00 -1.077057E-01 -2.170427E+00
     49414  1.473418E+00 -3.300675E-01 -1.397497E+00
     49415  1.353581E+00 -2.927582E-01 -1.299102E+00
     49416  1.615978E+00 -6.129951E-01 -1.745435E+00
     49417  1.582105E+00 -2.222209E-01 -1.885078E+00
     49418  1.638738E+00  2.184817E-02 -2.053083E+00
     49419  1.219439E+00 -1.535589E-01 -1.099472E+00
     49420  1.232764E+00 -1.533286E-01 -1.070328E+00
     49421  1.555087E+00 -5.703738E-01 -1.423622E+00
     49422  1.408577E+00 -1.479219E-01 -1.799015E+00
     49423  1.288536E+00 -6.545467E-02 -1.546142E+00
     49424  1.094255E+00 -2.839045E-01 -1.132258E+00
     49425  1.021116E+00 -2.856698E-01 -1.134998E+00
     49426  1.035853E+00 -5.095003E-01 -1.324354E+00
     49427  1.188379E+00 -3.890206E-02 -1.514151E+00
     49428  1.204136E+00 -1.644511E-01 -1.665382E+00
     49429  9.071843E-01 -1.533107E-01 -1.033998E+00
     49430  9.642415E-01 -1.520820E-01 -1.064102E+00
     49431  1.216657E+00 -5.974406E-01 -1.322977E+00
     49432  9.715670E-01 -7.361397E-02 -1.505098E+00
     49433  1.024659E+00 -1.699991E-01 -1.639191E+00
     49434  8.566338E-01 -3.002048E-01 -1.198452E+00
     49435  8.036236E-01 -3.005623E-01 -1.235842E+00
     49436  7.434749E-01 -5.594053E-01 -1.377870E+00
     49437  8.999695E-01 -5.390793E-02 -1.537008E+00
     49438  9.593257E-01 -1.681081E-01 -1.792822E+00
     49439  7.070495E-01 -1.611263E-01 -1.161158E+00
     49440  8.023035E-01 -1.593397E-01 -1.209069E+00
     49441  1.016401E+00 -6.504392E-01 -1.460479E+00
     49442  7.793458E-01 -7.339711E-02 -1.705392E+00
     49443  7.812828E-01 -1.898848E-01 -1.800581E+00
     49444  7.098647E-01 -3.218825E-01 -1.372448E+00
     49445  6.669676E-01 -3.222091E-01 -1.413584E+00
     49446  5.594135E-01 -6.231251E-01 -1.563432E+00
     49447  7.220287E-01 -5.821050E-02 -1.756322E+00
     49448  8.109444E-01 -1.854423E-01 -2.032712E+00
     49449  5.811277E-01 -1.709457E-01 -1.329256E+00
     49450  7.003879E-01 -1.692757E-01 -1.370806E+00
     49451  8.992192E-01 -7.049953E-01 -1.657603E+00
     49452  6.641061E-01 -7.210042E-02 -1.943914E+00
     49453  6.341388E-01 -2.080555E-01 -2.047098E+00
     49454  6.134331E-01 -3.414041E-01 -1.535856E+00
     49455  5.739006E-01 -3.424320E-01 -1.565688E+00
     49456  4.401900E-01 -6.794305E-01 -1.747048E+00
     49457  6.112659E-01 -5.910993E-02 -1.988285E+00
     49458  7.150306E-01 -2.036770E-01 -2.245736E+00
     49459  4.915280E-01 -1.810024E-01 -1.456841E+00
     49460  6.243438E-01 -1.801134E-01 -1.482043E+00
     49461  8.203229E-01 -7.479196E-01 -1.816039E+00
     49462  5.365493E-01 -2.196371E-01 -2.253546E+00
     49463  5.836603E-01 -7.348592E-02 -2.120497E+00
     49464  5.342121E-01 -3.577444E-01 -1.637383E+00
     49465  4.923491E-01 -3.577371E-01 -1.652582E+00
     49466  3.487272E-01 -7.218670E-01 -1.866664E+00
     49467  5.312748E-01 -6.128989E-02 -2.147678E+00
     49468  6.353728E-01 -2.164279E-01 -2.375003E+00
     49469  4.006188E-01 -1.900921E-01 -1.521245E+00
     49470  5.134972E-01 -2.062678E-01 -1.571510E+00
     49471  7.434682E-01 -7.616722E-01 -1.901754E+00
     49472  5.090812E-01 -7.007334E-02 -2.201823E+00
     49473  4.516094E-01 -2.272831E-01 -2.373774E+00
     49474  2.911210E-01 -1.832995E-01 -1.509396E+00
     49475  4.249492E-01 -4.317334E-01 -1.844097E+00
     49476  5.213975E-01 -7.281978E-01 -1.757668E+00
     49477  4.585080E-01 -4.874814E-02 -2.239142E+00
     49478  4.449896E-01 -1.894578E-01 -2.209484E+00
     49479  3.982440E-01 -4.219974E-01 -1.711481E+00
     49480  3.390755E-01 -3.708853E-01 -1.700048E+00
     49481  4.598848E-01 -8.576547E-01 -2.072638E+00
     49482  3.423251E-01 -2.293256E-03 -2.367342E+00
     49483  4.614386E-01 -2.739130E-01 -2.413186E+00
     49484  2.347712E-01 -1.944968E-01 -1.542262E+00
     49485  3.331654E-01 -3.576407E-01 -1.751436E+00
     49486  6.054702E-01 -7.721100E-01 -1.931630E+00
     49487  3.531712E-01 -9.489878E-02 -2.245854E+00
     49488  2.994874E-01 -2.152825E-01 -2.446047E+00
     49489  1.177366E-01 -2.043260E-01 -1.566526E+00
     49490  2.532579E-01 -4.438627E-01 -1.898688E+00
     49491  6.285280E-01 -9.438640E-01 -1.961010E+00
     49492  2.452022E-01 -2.770381E-02 -2.323905E+00
     49493  2.848358E-01 -2.132757E-01 -2.272226E+00
     49494  2.268618E-01 -4.326930E-01 -1.765686E+00
     49495  1.667580E-01 -3.708267E-01 -1.752311E+00
     49496  2.890448E-01 -8.748741E-01 -2.130343E+00
     49497  1.579143E-01 -1.313976E-02 -2.434947E+00
     49498  2.741837E-01 -2.772303E-01 -2.477780E+00
     49499  5.862425E-02 -2.022744E-01 -1.619963E+00
     49500  1.905347E-01 -2.120878E-01 -1.677390E+00
     49501  4.002179E-01 -7.956016E-01 -2.034001E+00
     49502  1.695618E-01 -6.970239E-02 -2.352789E+00
     49503  1.122952E-01 -2.265725E-01 -2.521595E+00
     49504 -4.632510E-02 -1.832537E-01 -1.654602E+00
     49505  1.006076E-01 -3.765581E-01 -1.964180E+00
     49506  1.629882E-01 -7.881370E-01 -1.889875E+00
     49507  1.183010E-01 -5.909241E-02 -2.403260E+00
     49508  1.183726E-01 -2.152821E-01 -2.373191E+00
     49509 -1.223998E-01 -2.600643E-01 -1.693271E+00
     49510  2.732028E-02 -4.505919E-01 -1.966357E+00
     49511  4.876869E-01 -1.125623E+00 -2.077421E+00
     49512  8.787191E-02 -3.750868E-01 -2.467069E+00
     49513 -1.402427E-02 -1.444338E-02 -2.509722E+00
     49514  5.765894E-02 -4.147701E-01 -1.910803E+00
     49515 -1.035377E-02 -4.358862E-01 -1.953295E+00
     49516  7.864126E-02 -8.552531E-01 -2.254929E+00
     49517  9.345266E-02 -3.211985E-01 -2.663226E+00
     49518 -6.954881E-02 -1.367465E-01 -2.677863E+00
     49519  3.886481E-03 -7.740203E-01 -2.320034E+00
     49520 -6.903057E-02 -2.231512E-01 -2.721860E+00
     51379  3.133620E-02  6.738437E-01  2.914307E-02
     51380  1.425566E-02  1.055109E-01  9.048633E-02
     51381  1.425878E-02  9.273921E-02  6.452807E-02
     51382 -3.009397E-03  1.956194E-01 -4.333351E-02
     51383 -4.967008E-03  1.268944E-01 -2.373918E-02
     51384 -7.233140E-04  9.435642E-02  6.439136E-03
     51385 -5.553741E-03  2.502473E-01 -6.092318E-02
     51386 -4.404790E-03  1.799663E-01 -4.000864E-02
     51387 -2.707901E-03  1.037148E-01 -6.302886E-03
     51388  5.034647E-03  2.654426E-01 -6.566792E-02
     51389 -1.341506E-02  1.285282E-01  8.736339E-03
     51390 -4.675114E-03  1.687468E-01 -3.769593E-02
     51391  3.330857E-03  2.784942E-01 -6.556850E-02
     51392  3.239058E-03  2.790251E-01 -7.883076E-02
     51393 -3.672268E-03  1.884653E-01 -4.172367E-02
     51394 -2.340467E-03  1.378835E-01 -2.550520E-02
     51395 -4.554683E-03  1.162843E-01 -1.674906E-02
     51396  8.228163E-04  2.025347E-01 -4.432021E-02
     51397 -7.754998E-03  1.488479E-01 -3.771230E-02
     51398  3.888991E-03  2.503377E-01 -6.045956E-02
     51399  6.829491E-03  8.729075E-02  4.148821E-02
     51400 -2.813382E-03  2.732924E-01 -7.768798E-02
     51401 -1.497629E-03  2.091988E-01 -4.681201E-02
     51402 -1.518126E-02  2.243071E-01 -5.206757E-02
     51403  9.338534E-04  2.114181E-01 -4.596305E-02
     51404 -4.474165E-04  2.113690E-01 -4.719461E-02
     51405 -5.252192E-03  1.607843E-01 -3.599773E-02
     51406 -2.364254E-03  2.037964E-01 -4.535557E-02
     51407  1.879568E-03  2.116719E-01 -4.723137E-02
     51408  3.339729E-03  3.773963E-02  1.629106E-01
     51409  1.825397E-03  8.852412E-02  2.210438E-02
     51410 -4.159146E-02 -1.464460E-01 -2.487740E+00
     51411 -6.615534E-02 -3.115776E-01 -1.777150E+00
     51412 -2.470432E-02 -4.407600E-01 -1.974524E+00
     51413 -6.802326E-02 -8.969048E-02 -2.531709E+00
     51414 -3.252462E+00  2.079370E+00 -1.718627E+01
     51415 -3.735392E+00 -6.351854E-02 -2.117626E+01
     51416 -4.250293E+00  4.085511E-01 -1.440408E+01
     51417 -4.307237E+00  1.540513E+00 -2.039156E+01
     51418 -1.616712E-02 -4.634504E-01 -1.962750E+00
     51419 -9.536071E-02 -4.634525E-01 -1.967677E+00
     51420 -6.471524E-02 -7.850329E-01 -2.320073E+00
     51421  4.604441E-02 -2.704521E-01 -2.716806E+00
     51422 -6.703071E-02 -4.158077E-01 -1.882214E+00
     51423 -1.127747E-01 -4.208949E-01 -1.867651E+00
     51424 -2.555008E-02 -8.569369E-01 -2.246335E+00
     51425 -2.113153E-01 -1.681242E-01 -2.767230E+00
     51426 -4.477889E-02 -3.609957E-01 -2.676227E+00
     51427 -9.076766E-02 -4.312542E-01 -1.906475E+00
     51428 -1.546308E-01 -4.234474E-01 -1.819573E+00
     51429 -1.450883E-01 -8.444643E-01 -2.208464E+00
     51430 -1.801427E-02 -1.876974E-01 -2.704938E+00
     51431 -1.391659E-01 -3.641936E-01 -2.661854E+00
     51432 -1.367627E-01 -4.240271E-01 -1.855307E+00
     51433 -2.089924E-01 -4.126364E-01 -1.780493E+00
     51434 -1.835296E-01 -8.461075E-01 -2.159115E+00
     51435 -2.040571E-01 -3.657270E-01 -2.566380E+00
     51436 -6.424205E-02 -1.770624E-01 -2.632422E+00
     51437 -1.758824E-01 -4.257771E-01 -1.812372E+00
     51438 -2.708690E-01 -4.338550E-01 -1.789346E+00
     51439 -2.382641E-01 -8.441895E-01 -2.112974E+00
     51440 -1.010006E-01 -2.326968E-01 -2.568903E+00
     51441 -2.562770E-01 -3.452276E-01 -2.508537E+00
     51442 -2.536269E-01 -3.984818E-01 -1.709647E+00
     51443 -3.173696E-01 -4.141438E-01 -1.706979E+00
     51444 -2.144575E-01 -8.253389E-01 -2.053009E+00
     51445 -3.805673E-01 -2.145734E-01 -2.560961E+00
     51446 -2.407398E-01 -3.258782E-01 -2.459887E+00
     51447 -2.997427E-01 -4.055681E-01 -1.729669E+00
     51448 -3.709980E-01 -3.958105E-01 -1.643453E+00
     51449 -3.405233E-01 -8.267169E-01 -2.016354E+00
     51450 -3.606775E-01 -3.413496E-01 -2.457431E+00
     51451 -2.457292E-01 -1.863240E-01 -2.479104E+00
     51452 -3.711755E-01 -3.958881E-01 -1.689880E+00
     51453 -4.378268E-01 -3.886764E-01 -1.625529E+00
     51454 -4.121184E-01 -8.082188E-01 -1.957607E+00
     51455 -4.259474E-01 -3.177881E-01 -2.357776E+00
     51456 -3.186643E-01 -1.677264E-01 -2.419814E+00
     51457 -4.328437E-01 -3.789157E-01 -1.659646E+00
     51458 -4.945067E-01 -3.869399E-01 -1.610028E+00
     51459 -4.657697E-01 -7.973081E-01 -1.933986E+00
     51460 -3.897540E-01 -1.809341E-01 -2.391122E+00
     51461 -4.920095E-01 -3.115272E-01 -2.322266E+00
     51462 -4.899072E-01 -3.705482E-01 -1.641369E+00
     51463 -5.502930E-01 -3.753384E-01 -1.587547E+00
     51464 -5.218971E-01 -7.929937E-01 -1.915635E+00
     51465 -4.522598E-01 -1.796393E-01 -2.360033E+00
     51466 -5.568515E-01 -3.149941E-01 -2.308327E+00
     51467 -5.439105E-01 -3.660004E-01 -1.622489E+00
     51468 -6.019694E-01 -3.761201E-01 -1.570669E+00
     51469 -5.802493E-01 -7.785137E-01 -1.891986E+00
     51470 -6.147816E-01 -2.981154E-01 -2.280058E+00
     51471 -5.110141E-01 -1.866241E-01 -2.338187E+00
     51472 -5.919316E-01 -3.638574E-01 -1.602662E+00
     51473 -6.497730E-01 -3.704493E-01 -1.542789E+00
     51474 -6.303404E-01 -7.721614E-01 -1.870769E+00
     51475 -5.608924E-01 -1.783984E-01 -2.303867E+00
     51476 -6.718061E-01 -3.061757E-01 -2.260051E+00
     51477 -6.383725E-01 -3.545684E-01 -1.567122E+00
     51478 -6.947120E-01 -3.622183E-01 -1.503702E+00
     51479 -6.748570E-01 -7.558760E-01 -1.833491E+00
     51480 -7.220094E-01 -2.995853E-01 -2.219497E+00
     51481 -6.096494E-01 -1.748896E-01 -2.250645E+00
     51482 -6.830689E-01 -3.428638E-01 -1.517364E+00
     51483 -7.382581E-01 -3.507955E-01 -1.447532E+00
     51484 -7.164409E-01 -7.358686E-01 -1.781037E+00
     51485 -6.562278E-01 -1.708864E-01 -2.177021E+00
     51486 -7.674306E-01 -2.910810E-01 -2.165055E+00
     51487 -7.304253E-01 -3.299612E-01 -1.451510E+00
     51488 -7.859164E-01 -3.406141E-01 -1.379298E+00
     51489 -7.590584E-01 -7.105335E-01 -1.709148E+00
     51490 -8.102635E-01 -2.774800E-01 -2.089158E+00
     51491 -7.064272E-01 -1.664599E-01 -2.082794E+00
     51492 -7.829348E-01 -3.177940E-01 -1.375106E+00
     51493 -8.418734E-01 -3.283094E-01 -1.299080E+00
     51494 -8.070952E-01 -6.858408E-01 -1.625152E+00
     51495 -7.619398E-01 -1.594155E-01 -1.973116E+00
     51496 -8.571731E-01 -2.656094E-01 -1.995640E+00
     51497 -8.497861E-01 -3.024846E-01 -1.290562E+00
     51498 -9.134234E-01 -3.155163E-01 -1.219919E+00
     51499 -8.654897E-01 -6.551044E-01 -1.528657E+00
     51500 -9.136272E-01 -2.509135E-01 -1.885914E+00
     51501 -8.334197E-01 -1.507742E-01 -1.852975E+00
     51502 -9.335887E-01 -2.933261E-01 -1.218755E+00
     51503 -1.006180E+00 -3.068247E-01 -1.158531E+00
     51504 -9.452010E-01 -6.264458E-01 -1.439387E+00
     51505 -9.851779E-01 -2.367167E-01 -1.773640E+00
     51506 -9.267630E-01 -1.429658E-01 -1.747086E+00
     51507 -1.042112E+00 -2.840975E-01 -1.171059E+00
     51508 -1.128897E+00 -3.059739E-01 -1.167858E+00
     51509 -1.048278E+00 -6.032917E-01 -1.376353E+00
     51510 -1.048314E+00 -1.434476E-01 -1.654856E+00
     51511 -1.082020E+00 -2.299362E-01 -1.680130E+00
     51512 -1.182424E+00 -2.817050E-01 -1.164292E+00
     51513 -1.277582E+00 -2.958964E-01 -1.186200E+00
     51514 -1.151060E+00 -5.778311E-01 -1.363121E+00
     51515 -1.242523E+00 -1.424844E-01 -1.678119E+00
     51516 -1.242709E+00 -2.116115E-01 -1.624178E+00
     51517 -1.348896E+00 -2.860687E-01 -1.288458E+00
     51518 -1.463690E+00 -3.025191E-01 -1.333316E+00
     51519 -1.357169E+00 -5.491041E-01 -1.434038E+00
     51520 -1.404872E+00 -1.295303E-01 -1.766692E+00
     51521 -1.357717E+00 -2.166487E-01 -1.676388E+00
     51522 -1.550907E+00 -3.066589E-01 -1.515449E+00
     51523 -1.686828E+00 -3.209958E-01 -1.624548E+00
     51524 -1.571011E+00 -5.566297E-01 -1.636055E+00
     51525 -1.568001E+00 -2.378949E-01 -1.809816E+00
     51526 -1.646508E+00 -1.359170E-01 -2.021151E+00
     51527 -1.785837E+00 -3.375123E-01 -1.905693E+00
     51528 -1.944345E+00 -3.507041E-01 -2.099095E+00
     51529 -1.824387E+00 -5.745562E-01 -2.005391E+00
     51530 -1.929616E+00 -1.515947E-01 -2.478691E+00
     51531 -1.809331E+00 -2.667842E-01 -2.128700E+00
     51532 -2.047603E+00 -3.865906E-01 -2.506279E+00
     51533 -2.229250E+00 -3.989844E-01 -2.804156E+00
     51534 -2.117377E+00 -6.180976E-01 -2.593059E+00
     51535 -2.253804E+00 -1.869713E-01 -3.201250E+00
     51536 -2.087240E+00 -3.118996E-01 -2.670321E+00
     51537 -2.324050E+00 -4.585851E-01 -3.364493E+00
     51538 -2.528417E+00 -4.684200E-01 -3.785764E+00
     51539 -2.440503E+00 -6.978321E-01 -3.454377E+00
     51540 -2.398481E+00 -3.815920E-01 -3.496505E+00
     51541 -2.607282E+00 -2.432505E-01 -4.250554E+00
     51542 -2.598816E+00 -5.547400E-01 -4.527026E+00
     51543 -2.824919E+00 -5.574193E-01 -5.091234E+00
     51544 -2.780847E+00 -8.219206E-01 -4.644157E+00
     51545 -2.974984E+00 -3.215868E-01 -5.691854E+00
     51546 -2.727976E+00 -4.832941E-01 -4.666840E+00
     51547 -2.855853E+00 -6.722939E-01 -6.050141E+00
     51548 -3.106308E+00 -6.579706E-01 -6.784007E+00
     51549 -3.128658E+00 -9.948743E-01 -6.227544E+00
     51550 -3.349407E+00 -4.290895E-01 -7.612255E+00
     51551 -3.057043E+00 -6.136943E-01 -6.247446E+00
     51552 -3.100776E+00 -7.909320E-01 -8.041390E+00
     51553 -3.388865E+00 -7.212790E-01 -8.993637E+00
     51554 -3.496148E+00 -1.218886E+00 -8.317070E+00
     51555 -3.767198E+00 -6.047224E-01 -1.016777E+01
     51556 -3.373614E+00 -7.788930E-01 -8.328381E+00
     51557 -3.477242E+00 -7.227319E-01 -1.071714E+01
     51558 -3.774215E+00 -2.763524E-01 -1.215083E+01
     51559 -3.889693E+00 -1.477031E+00 -1.112755E+01
     51560 -3.693565E+00 -9.984816E-01 -1.108755E+01
     51561 -4.333345E+00 -8.922623E-01 -1.369194E+01
     51562 -3.725627E+00 -1.853817E+00 -1.430860E+01
     51563 -4.028456E+00 -1.503973E+00 -1.487348E+01
     56742  3.881697E+00  2.154933E+00 -1.084130E-01
     56743  8.129306E-02 -3.166269E-01 -7.130830E-01
     56744  1.843391E+00  5.887520E+00  2.094961E+00
     56745 -1.062647E-01  1.682696E-01 -2.934649E-01
     56746 -4.314007E-01  7.914649E-01 -2.011053E-01
     56747 -1.988468E+00 -2.242101E+01  1.183923E+02
     56748 -5.580559E+00 -2.145287E+01  1.124459E+02
     56749  4.829583E+00 -1.405996E+01  9.855039E+01
     56750 -1.627553E+00 -4.407971E+00  3.130935E+00
     56751 -1.430744E+00 -6.431541E+00  1.047348E+01
     56752 -6.571993E-01 -8.695209E+00  9.656186E+00
     56753 -5.986933E-01 -5.047889E+00 -7.623487E-01
     56754 -1.039501E+01 -1.801960E+01  8.360358E+01
     56755 -1.136430E+00 -9.500390E+00  1.698852E+01
     56756 -3.703597E+00 -1.165051E+01  2.415100E+01
     56757 -1.719442E+00 -9.362641E+00  7.119321E+00
     56758  1.948879E+00 -1.263613E+01  3.352419E+01
     56759 -4.096306E+00 -1.403072E+01  4.525070E+01
     56760 -2.078399E+00 -1.276758E+01  2.394082E+01
     56761  3.655275E+00 -1.494688E+01  6.175968E+01
     56762 -7.955391E-01 -1.443813E+01  7.351047E+01
     56763 -6.221441E-01 -1.526937E+01  4.481416E+01
     56764  1.055600E+00 -1.765900E+01  7.848292E+01
     56765 -2.512655E+00 -1.138540E+01  1.183616E+01
     56766 -2.475000E+00 -9.617662E+00  3.803751E+00
     56767 -3.743546E+00 -1.361035E+01  3.178732E+01
     56768 -5.068965E+00 -1.348625E+01  2.150902E+01
     56769 -2.007259E+00 -1.465222E+01  5.722440E+01
     56770 -6.383303E+00 -1.586274E+01  4.427097E+01
     62363 -3.590400E+00  1.944929E+00 -1.302357E-01
     62364  3.465392E-02  1.487335E-01 -2.581977E-01
     62365 -1.154944E-01 -3.483991E-01 -6.860657E-01
     62366  3.624054E-01  8.058216E-01 -1.077459E-02
     62367 -1.735459E+00  5.376738E+00  1.891734E+00
     62368  1.283920E+00 -5.981143E+00  1.026937E+01
     62369  1.620370E+00 -4.151488E+00  3.088899E+00
     62370  8.746158E-01 -4.723389E+00 -7.177941E-01
     62371  5.347067E+00 -1.953178E+01  1.019787E+02
     62372  2.093251E+00 -2.044947E+01  1.082125E+02
     62373  9.684834E+00 -1.660621E+01  7.558661E+01
     62374  5.548379E-01 -8.059112E+00  9.365448E+00
     62375 -4.187058E+00 -1.273136E+01  9.041369E+01
     62376  2.389955E+00 -8.849559E+00  3.195940E+00
     62377  2.416331E+00 -1.040549E+01  1.046233E+01
     62378  1.540650E+00 -8.670790E+00  6.806435E+00
     62379  4.772922E+00 -1.234657E+01  1.922701E+01
     62380  3.584506E+00 -1.241337E+01  2.852110E+01
     62381  2.057418E+00 -1.172032E+01  2.215999E+01
     62382  6.047609E+00 -1.456027E+01  3.982542E+01
     62383  2.148803E+00 -1.332366E+01  5.162654E+01
     62384  6.598449E-01 -1.397868E+01  4.099049E+01
     62385 -8.638032E-01 -1.611483E+01  7.154678E+01
     62386  3.761611E+00 -1.062506E+01  2.304808E+01
     62387  1.362725E+00 -8.777188E+00  1.661011E+01
     62388  3.963609E+00 -1.287372E+01  4.205501E+01
     62389 -1.511774E+00 -1.157321E+01  3.149392E+01
     62390  8.827797E-01 -1.318835E+01  6.771224E+01
     62391 -3.233703E+00 -1.364937E+01  5.711876E+01
     67603  3.498908E-01  6.414398E-01 -2.836563E-02
     67604 -3.995657E-01  6.959544E-01 -4.472750E-02
     67605  4.603658E-01  1.178738E+00 -6.105947E-01
     67606 -4.967355E-01  1.344863E+00 -6.420291E-01
     67607  6.798450E+00  1.902559E+00 -2.017003E+01
     67608  6.022570E+00  9.232406E-01 -5.393852E+00
     67609  6.479809E+00  4.225778E-01 -1.546988E+01
     67610 -3.912660E-02 -6.580374E-01  2.528189E+00
     67611 -1.197092E-02 -6.440359E-01  2.398635E+00
     67612 -8.343247E-02 -6.329276E-01  2.392261E+00
     67613 -6.868187E-02 -6.618743E-01  2.532597E+00
     67614 -5.623873E+00  8.803106E-01 -4.868724E+00
     67615 -6.298319E+00  1.754740E+00 -1.816851E+01
     67616 -5.972607E+00  3.141042E-01 -1.406739E+01
     67617  6.246506E+00 -1.068112E+00  1.376981E+00
     67618 -5.833649E+00 -9.594085E-01  1.168495E+00
     67619  4.692533E+00 -2.144978E+00 -8.785750E+00
     67620  6.505048E+00 -3.196034E+00 -8.431699E+00
     67621  5.503816E+00 -2.265236E+00 -2.914987E+00
     67622  2.486374E+00 -2.206488E+00  2.711208E+00
     67623  6.424204E+00 -4.934217E+00 -5.562022E+00
     67624  7.439605E+00 -4.611842E+00 -3.521186E+00
     67625  3.301017E+00 -1.350100E+00  4.770793E+00
     67626  7.775717E+00 -4.783388E+00 -2.886052E+00
     67627  7.625237E+00 -3.888354E+00 -3.202687E+00
     67628  7.643570E+00 -3.586399E+00 -2.376054E+00
     67629  7.470768E+00 -2.928159E+00 -2.333168E+00
     67630  7.204299E+00 -2.634938E+00 -1.684002E+00
     67631  6.975734E+00 -2.281157E+00 -1.537378E+00
     67632  6.568368E+00 -1.834066E+00 -8.838490E-01
     67633  6.413265E+00 -1.629690E+00 -6.346876E-01
     67634  5.877066E+00 -1.272231E+00 -1.689706E-01
     67635  5.756231E+00 -1.219628E+00  8.236234E-02
     67636  5.200653E+00 -8.432174E-01  4.965405E-01
     67637  5.111013E+00 -8.375208E-01  7.151194E-01
     67638  4.550849E+00 -5.014954E-01  1.040051E+00
     67639  4.540161E+00 -5.959577E-01  1.264333E+00
     67640  3.996113E+00 -3.564351E-01  1.433707E+00
     67641  4.018048E+00 -4.939716E-01  1.602902E+00
     67642  3.502047E+00 -2.079145E-01  1.803213E+00
     67643  3.602509E+00 -3.655338E-01  1.955160E+00
     67644  3.117154E+00 -2.050132E-01  2.011893E+00
     67645  3.204630E+00 -3.657241E-01  2.116498E+00
     67646  2.767617E+00 -1.532765E-01  2.232997E+00
     67647  2.920348E+00 -3.154934E-01  2.325565E+00
     67648  2.632391E+00 -3.717108E-01  2.369790E+00
     67649  2.513138E+00 -2.224984E-01  2.314325E+00
     67650  2.441548E+00 -3.512335E-01  2.498486E+00
     67651  2.264513E+00 -2.063276E-01  2.448612E+00
     67652  2.222825E+00 -4.273205E-01  2.479228E+00
     67653  2.093904E+00 -3.018219E-01  2.456835E+00
     67654  2.086215E+00 -4.041989E-01  2.573308E+00
     67655  1.902216E+00 -2.859367E-01  2.549089E+00
     67656  1.900137E+00 -4.770735E-01  2.529752E+00
     67657  1.771071E+00 -3.769429E-01  2.524422E+00
     67658  1.785464E+00 -4.432278E-01  2.621209E+00
     67659  1.596750E+00 -3.472157E-01  2.605419E+00
     67660  1.611949E+00 -4.914557E-01  2.629101E+00
     67661  1.484233E+00 -4.243039E-01  2.596902E+00
     67662  1.410116E+00 -4.476207E-01  2.646906E+00
     67663  1.328133E+00 -4.195286E-01  2.667735E+00
     67664  1.266436E+00 -4.580350E-01  2.686601E+00
     67665  1.117031E+00 -3.858141E-01  2.692365E+00
     67666  1.109265E+00 -4.888183E-01  2.671033E+00
     67667  9.676330E-01 -4.632801E-01  2.642465E+00
     67668  8.665134E-01 -4.767064E-01  2.648295E+00
     67669  8.010069E-01 -4.582407E-01  2.681118E+00
     67670  7.191537E-01 -4.933044E-01  2.647091E+00
     67671  5.797541E-01 -4.437922E-01  2.671824E+00
     67672  5.588753E-01 -5.753838E-01  2.556138E+00
     67673  4.507271E-01 -5.464738E-01  2.562606E+00
     67674  3.890548E-01 -5.883379E-01  2.523112E+00
     67675  3.054155E-01 -5.413295E-01  2.547477E+00
     67676  2.613817E-01 -5.988267E-01  2.470601E+00
     67677  1.326579E-01 -5.432312E-01  2.510435E+00
     67678  1.409701E-01 -5.697965E-01  2.446741E+00
     67679  5.314358E-02 -5.656850E-01  2.458598E+00
     67680 -1.396756E-01 -5.654294E-01  2.463751E+00
     67681 -2.552713E-01 -5.844481E-01  2.440339E+00
     67682 -2.640003E-01 -5.504148E-01  2.516436E+00
     67683 -3.534688E-01 -5.736846E-01  2.492573E+00
     67684 -3.832245E-01 -5.111378E-01  2.586963E+00
     67685 -4.834894E-01 -5.482822E-01  2.557854E+00
     67686 -5.350462E-01 -4.914485E-01  2.671117E+00
     67687 -6.316519E-01 -5.291857E-01  2.630053E+00
     67688 -7.301302E-01 -4.340407E-01  2.754774E+00
     67689 -7.815720E-01 -4.872876E-01  2.733996E+00
     67690 -8.996509E-01 -4.201821E-01  2.732102E+00
     67691 -1.002955E+00 -4.741663E-01  2.742718E+00
     67692 -1.076369E+00 -3.653760E-01  2.746244E+00
     67693 -1.187842E+00 -4.342199E-01  2.749035E+00
     67694 -1.261230E+00 -3.466128E-01  2.742532E+00
     67695 -1.379292E+00 -4.127290E-01  2.750008E+00
     67696 -1.448036E+00 -3.282334E-01  2.738831E+00
     67697 -1.558991E+00 -4.089267E-01  2.752196E+00
     67698 -1.635708E+00 -3.159983E-01  2.711226E+00
     67699 -1.748019E+00 -4.010233E-01  2.738233E+00
     67700 -1.812802E+00 -3.039160E-01  2.666464E+00
     67701 -1.929556E+00 -3.987112E-01  2.703877E+00
     67702 -1.982495E+00 -2.905196E-01  2.607875E+00
     67703 -2.102706E+00 -3.927414E-01  2.654969E+00
     67704 -2.148264E+00 -2.731954E-01  2.540160E+00
     67705 -2.268501E+00 -3.840873E-01  2.596105E+00
     67706 -2.316756E+00 -2.497706E-01  2.464159E+00
     67707 -2.433171E+00 -3.709658E-01  2.529714E+00
     67708 -2.495495E+00 -2.262624E-01  2.373786E+00
     67709 -2.609735E+00 -3.568320E-01  2.451075E+00
     67710 -2.700029E+00 -1.994112E-01  2.269593E+00
     67711 -2.803165E+00 -3.413322E-01  2.360176E+00
     67712 -2.944365E+00 -1.847311E-01  2.134405E+00
     67713 -3.035076E+00 -3.321419E-01  2.244305E+00
     67714 -3.240184E+00 -1.867894E-01  1.957576E+00
     67715 -3.312624E+00 -3.397422E-01  2.090486E+00
     67716 -3.604163E+00 -2.185902E-01  1.716861E+00
     67717 -3.651013E+00 -3.678337E-01  1.884839E+00
     67718 -4.039253E+00 -3.239911E-01  1.394002E+00
     67719 -4.049829E+00 -4.498852E-01  1.585725E+00
     67720 -4.544461E+00 -4.832126E-01  9.932898E-01
     67721 -4.517427E+00 -5.825626E-01  1.216990E+00
     67722 -5.118374E+00 -7.459428E-01  4.944066E-01
     67723 -5.044194E+00 -7.919565E-01  7.404315E-01
     67724 -5.740620E+00 -1.127042E+00 -9.630389E-02
     67725 -5.612348E+00 -1.090635E+00  1.592673E-01
     67726 -6.372989E+00 -1.650792E+00 -7.664194E-01
     67727 -6.192382E+00 -1.495348E+00 -5.222359E-01
     67728 -6.946029E+00 -2.339498E+00 -1.479937E+00
     67729 -6.730156E+00 -2.018314E+00 -1.285788E+00
     67730 -7.346752E+00 -3.214267E+00 -2.152133E+00
     67731 -7.144566E+00 -2.665347E+00 -2.085942E+00
     67732 -7.459016E+00 -4.259047E+00 -2.591947E+00
     67733 -7.313905E+00 -3.430120E+00 -2.808721E+00
     67734 -6.115743E+00 -4.446364E+00 -5.024754E+00
     67735 -7.098879E+00 -4.183838E+00 -3.201713E+00
     67736 -6.136103E+00 -2.972632E+00 -7.520738E+00
     67737 -4.480087E+00 -1.965631E+00 -7.992494E+00
     67738 -3.201574E+00 -1.215331E+00  4.323607E+00
     67739 -5.203971E+00 -2.060293E+00 -2.625174E+00
     67740 -2.475056E+00 -1.990020E+00  2.464270E+00
     68607  1.391294E+00 -4.820363E-03 -3.757656E-01
     68608 -4.393405E-01  1.391970E+00  1.155629E+00
     68609  8.297432E-02  2.051657E+00 -1.036757E+00
     68610 -3.189579E-01  1.573195E+00 -1.677422E+00
     68611  2.015195E+00  3.390846E+00 -1.824104E+01
     68612  1.824279E+00  3.797060E+00 -3.611725E+01
     68613  3.529114E+00  5.495360E+00 -1.509621E+01
     68614  2.346420E+00  3.607294E+00 -1.729215E+01
     68615  6.348835E-01  2.507453E+00 -1.532601E+01
     68616 -7.056668E-01  6.622648E+00 -4.656990E+01
     68617 -5.477056E-01  1.104115E+01  5.668213E+00
     68618  5.448941E-01  9.787976E+00 -9.543705E+00
     68619 -1.400001E+00  7.313829E+00 -1.456501E+01
     68620 -2.910326E+00  5.138525E+00 -2.721067E+01
     68621  7.564128E-01  1.064267E+01  7.449130E+01
     68622 -2.514339E+00  9.386025E+00  6.610330E+01
     68623 -4.141431E+00  6.555814E+00  4.260803E+01
     68624  4.002746E+00  7.274865E+00  5.192715E+01
     68625 -3.391080E-01  5.858458E+00  2.907167E+01
     68626 -3.591906E+00  5.208737E+00  2.905946E+01
     68627 -1.057338E+00  3.246132E+00  3.212791E+01
     68628 -2.943636E+00  1.018409E+01  2.169850E+01
     68629 -1.579186E+00  7.674704E+00  3.093342E+01
     68630  1.792141E+00  4.606003E+00  3.334119E+01
     68631 -1.503245E+00  7.052753E+00  3.734269E+01
     68632 -8.434106E-01  6.154230E+00 -1.744135E+01
     69274 -1.317919E+00 -1.639343E-02 -3.725791E-01
     69275  3.824014E-01  1.255618E+00  1.014432E+00
     69276 -1.671756E-01  1.853274E+00 -9.517879E-01
     69277  2.919924E-01  1.376898E+00 -1.509102E+00
     69278 -1.714396E+00  3.394008E+00 -3.224230E+01
     69279 -1.859399E+00  3.066294E+00 -1.629688E+01
     69280 -2.188026E+00  3.286209E+00 -1.542516E+01
     69281 -3.227412E+00  5.054362E+00 -1.339604E+01
     69282 -6.237480E-01  2.285523E+00 -1.358713E+01
     69283  6.038673E-01  5.917788E+00 -4.129728E+01
     69284 -4.087323E-01  8.939844E+00 -8.429629E+00
     69285  7.265956E-01  1.008196E+01  5.347978E+00
     69286  1.315266E+00  6.663390E+00 -1.258143E+01
     69287  2.586803E+00  4.613626E+00 -2.394593E+01
     69288  2.146025E+00  8.537129E+00  5.907302E+01
     69289 -5.990816E-01  9.586274E+00  6.732495E+01
     69290 -3.561713E+00  6.587161E+00  4.715617E+01
     69291  3.793667E+00  5.839610E+00  3.795367E+01
     69292  1.500549E+00  6.353439E+00  3.406235E+01
     69293 -1.404453E+00  4.142525E+00  3.044420E+01
     69294  8.605121E-01  2.882385E+00  2.883847E+01
     69295  2.848516E+00  9.107425E+00  1.967964E+01
     69296  1.509486E+00  6.990720E+00  2.764409E+01
     69297  3.187847E+00  4.731816E+00  2.567117E+01
     69298  8.595456E-01  5.544785E+00 -1.522278E+01
     69299  4.134196E-01  5.268361E+00  2.584400E+01

 total force (fx,fy,fz) for set FEET and time  0.2000000E+01

        3.326660E-09 -3.283500E-09  2.400000E+03

                        S T E P       3


                                INCREMENT     1


 displacements (vx,vy,vz) for set TOP and time  0.3000000E+01

     34873 -1.163741E-02  4.909719E-01 -4.386847E-01
     35658 -1.090515E-03  5.276825E-01 -4.629283E-01
     37100 -2.155813E-02  3.882944E-01 -3.702404E-01
     43530  7.977858E-03  5.232579E-01 -4.602038E-01
     46183  1.845916E-02  3.801262E-01 -3.564368E-01

 forces (fx,fy,fz) for set FEET and time  0.3000000E+01

       151 -2.398573E-01  2.619052E-01 -1.099702E+00
       155  2.649057E-01  3.766335E+00 -3.154083E+00
       156 -5.675998E-03  1.483605E-02 -6.033330E-01
       160  3.620707E-04  3.829945E-01 -2.041349E-01
       161  2.093755E-01  2.379731E-01 -9.740385E-01
       165 -2.334769E-01  3.405854E+00 -2.853448E+00
       194  1.379944E+01  8.542959E+00  1.749710E+01
       195  6.976787E-01 -8.527361E-01  1.165514E+00
       196 -3.547915E-01 -8.885126E-02  6.705572E-01
       197 -1.166109E+01  6.037404E+00  1.389570E+01
       221  3.122497E-01 -5.718780E-02  5.750354E-01
       222  1.057857E+01  5.396109E+00  1.247132E+01
       225 -7.022856E-01 -8.413041E-01  1.110132E+00
       226 -1.264182E+01  7.910515E+00  1.613648E+01
       234  5.759722E-01 -1.246197E-02  5.724473E-01
       236 -5.387999E-01  5.129470E-03  4.652589E-01
       242 -2.803151E+00  2.209492E+00 -3.294407E+00
       245 -2.456648E+00  2.270467E+00  3.065773E+00
       246  2.805236E+00  2.236199E+00  3.042883E+00
       253  2.485797E+00  1.940365E+00 -2.901826E+00
       254 -2.556878E+00  2.060559E+00  2.811030E+00
       255  2.207790E+00  2.004579E+00  2.696465E+00
      3486  1.060623E+00  1.077671E+00 -1.016590E+01
      3512 -4.872035E-03 -8.471218E-02 -9.576766E-01
      3525  1.348890E-01  6.798148E-01 -1.472724E+00
      3526  2.810733E-01  6.054259E-01 -9.192460E-01
      3527  5.477515E-01  4.849801E-01 -2.011628E+00
      3528  4.793351E-01  3.786797E-01 -1.531217E+00
      3529  4.250474E-01  2.122309E-01 -1.011308E+00
      3530  3.558563E-01  1.362957E-01 -7.397303E-01
      3531  2.867817E-01  5.865928E-02 -4.549577E-01
      3532  2.348373E-01  1.035438E-02 -3.361110E-01
      3533  1.989140E-01 -1.670783E-02 -2.183861E-01
      3534  1.383667E-01 -1.627459E-02 -1.962927E-01
      3535  1.323064E-01 -3.717352E-02 -2.053339E-01
      3536  8.166866E-02 -1.388745E-02 -2.176609E-01
      3537  9.887012E-02 -2.904395E-02 -2.571117E-01
      3538  5.317046E-02  4.812356E-04 -2.925192E-01
      3539  8.430318E-02 -1.214853E-02 -3.357125E-01
      3540  4.055720E-02  1.508612E-02 -3.691353E-01
      3541  7.996909E-02  3.126573E-03 -4.034935E-01
      3542  3.543544E-02  2.445895E-02 -4.235873E-01
      3543  7.830064E-02  1.272041E-02 -4.448064E-01
      3544  2.942351E-02  2.548244E-02 -4.524051E-01
      3545  5.898984E-02  4.779830E-02 -5.005312E-01
      3546  5.507741E-02  4.348428E-03 -4.198469E-01
      3547  1.689428E-02  2.420297E-02 -4.699503E-01
      3548  1.231168E-02  4.948703E-02 -4.849267E-01
      3549  3.168850E-02  6.538581E-03 -4.333980E-01
      3550 -9.269136E-03  3.018042E-02 -4.918060E-01
      3551  1.745795E-02  6.243227E-02 -5.368126E-01
      3552  1.792440E-02  1.008845E-01 -5.325431E-01
      3553  1.029293E-03  2.148014E-02 -4.818942E-01
      3554 -1.630501E-02  2.711842E-02 -5.008175E-01
      3555  2.482032E+00  4.380650E-01 -1.038506E+01
      3556  2.343926E+00 -3.225040E-01 -7.036726E+00
      3557  3.633718E+00 -7.834208E-01 -7.916012E+00
      3558  3.690062E+00 -8.524491E-01 -6.367832E+00
      3559  3.489958E+00 -5.949617E-01 -4.744202E+00
      3560  3.242568E+00 -5.625502E-01 -3.523330E+00
      3561  2.853626E+00 -3.790379E-01 -2.423944E+00
      3562  2.520171E+00 -3.259828E-01 -1.681425E+00
      3563  2.157419E+00 -2.359762E-01 -1.098661E+00
      3564  1.824461E+00 -1.640422E-01 -6.962803E-01
      3565  1.585149E+00 -1.503279E-01 -5.230082E-01
      3566  1.342533E+00 -1.038732E-01 -3.664998E-01
      3567  1.190548E+00 -1.210839E-01 -3.984703E-01
      3568  1.032883E+00 -9.021366E-02 -3.626854E-01
      3569  9.467886E-01 -1.275139E-01 -4.890276E-01
      3570  8.467191E-01 -9.880822E-02 -4.825339E-01
      3571  7.994143E-01 -1.465611E-01 -6.308796E-01
      3572  7.303994E-01 -1.143204E-01 -6.032326E-01
      3573  6.971116E-01 -1.654866E-01 -7.346727E-01
      3574  6.350408E-01 -1.279649E-01 -6.697960E-01
      3575  5.998273E-01 -1.823177E-01 -7.706107E-01
      3576  5.388913E-01 -1.422905E-01 -7.525005E-01
      3577  4.527790E-01 -1.453661E-01 -6.904041E-01
      3578  4.024575E-01 -1.673868E-01 -7.656285E-01
      3579  3.219731E-01 -1.551048E-01 -7.897903E-01
      3580  2.316528E-01 -1.579300E-01 -7.529938E-01
      3581  1.733886E-01 -2.100453E-01 -8.971967E-01
      3582  1.147121E-01 -1.647840E-01 -9.244065E-01
      3583  5.914270E-02 -1.878089E-01 -9.091494E-01
      3584  3.189741E-02 -1.788539E-01 -9.301821E-01
      3585  8.313528E-03 -1.887467E-01 -1.002722E+00
      3769  1.335154E-01  3.544066E+00 -1.699762E+00
      3770 -1.890729E-02  3.129483E+00 -1.276585E+00
      3771 -2.116777E-01  2.270908E+00 -1.044382E+00
      3772  1.015160E-01  1.623094E+00 -8.131529E-01
      3773 -1.331258E-01  1.217482E+00 -5.158265E-01
      3774  3.968098E-02  8.020227E-01 -3.680174E-01
      3775 -8.216140E-02  5.835860E-01 -2.133251E-01
      3776  2.766578E-03  3.246553E-01 -1.622551E-01
      3777 -3.298021E-02  3.034186E-01 -3.628638E-02
      3778 -4.548404E-02  2.251179E-01 -4.820497E-02
      3779 -7.369098E-03  1.808617E-01 -2.715411E-02
      3780 -3.763956E-02  2.132727E-01 -4.223327E-02
      3781 -4.253228E-03  2.159526E-01 -3.799034E-02
      3782 -3.722628E-02  2.704278E-01 -6.562498E-02
      3783  2.056133E-03  2.870806E-01 -6.749477E-02
      3784 -3.898452E-02  3.402363E-01 -9.292611E-02
      3785  8.608021E-03  3.524145E-01 -9.439570E-02
      3786 -4.015569E-02  3.926773E-01 -1.110431E-01
      3787  1.391530E-02  3.936078E-01 -1.091985E-01
      3788 -3.927799E-02  4.157284E-01 -1.170239E-01
      3789 -1.960845E-03  3.464517E-01 -1.776037E-01
      3790 -1.169192E-02  4.893742E-01 -3.215536E-02
      3791 -3.916005E-02  4.243477E-01 -1.132607E-01
      3792 -5.639469E-02  4.337817E-01 -1.100592E-01
      3793 -6.843437E-03  5.079037E-01 -3.355492E-02
      3794 -3.739903E-02  4.462974E-01 -1.239245E-01
      3795 -3.571442E-04  3.844985E-01 -1.951521E-01
      3796 -5.516314E-02  5.219083E-01 -1.289810E-01
      3797 -1.185120E-03  5.701367E-01 -7.199255E-02
      3798  3.597717E-03  5.328674E-01 -6.364862E-02
      3799  1.092648E+00  6.116460E+00 -9.021793E+00
      3800  1.040190E+00  4.786875E+00 -6.628132E+00
      3801  9.816930E-01  3.978700E+00 -5.054207E+00
      3802  9.322116E-01  2.066403E+00 -3.630929E+00
      3803  8.929093E-01  2.165327E+00 -2.795262E+00
      3804  7.721729E-01  1.056039E+00 -1.857626E+00
      3805  6.861138E-01  1.028694E+00 -1.318685E+00
      3806  5.697929E-01  4.676008E-01 -8.316961E-01
      3807  4.860359E-01  3.645916E-01 -5.571976E-01
      3808  4.084273E-01  3.012813E-01 -3.718785E-01
      3809  3.351093E-01  1.722190E-01 -3.042920E-01
      3810  2.843120E-01  2.176005E-01 -2.682090E-01
      3811  2.444087E-01  1.788780E-01 -3.128005E-01
      3812  2.132755E-01  2.716290E-01 -3.370369E-01
      3813  1.924020E-01  2.441298E-01 -4.209214E-01
      3814  1.748233E-01  3.654847E-01 -4.565968E-01
      3815  1.639864E-01  3.142949E-01 -5.360110E-01
      3816  1.537248E-01  4.439509E-01 -5.557034E-01
      3817  1.458222E-01  3.623404E-01 -6.131072E-01
      3818  1.364936E-01  4.859565E-01 -6.080567E-01
      3819  1.261858E-01  3.792914E-01 -6.458664E-01
      3820  1.224454E-01  4.392518E-01 -6.586818E-01
      3821  1.044357E-01  4.981269E-01 -6.164791E-01
      3822  8.328145E-02  4.035951E-01 -6.547848E-01
      3823  7.610478E-02  4.630774E-01 -6.754265E-01
      3824  5.270049E-02  5.268982E-01 -6.506507E-01
      3825  3.297538E-02  4.191320E-01 -7.139055E-01
      3826  3.009905E-02  4.958101E-01 -7.336157E-01
      3827  2.428569E-02  5.955070E-01 -7.527789E-01
      3828  9.752054E-03  6.286016E-01 -7.432302E-01
      3829 -3.982519E-03  5.372248E-01 -8.027202E-01
      3843 -9.864535E-01  9.696321E-01 -9.116906E+00
      3856  8.106203E-03  2.664114E-02 -4.993993E-01
      3857 -6.167892E-03  1.563136E-02 -4.821603E-01
      3858 -5.585189E-03  1.218593E-02 -4.772275E-01
      3859 -1.275342E-02  9.375620E-03 -4.643273E-01
      3860 -1.830790E-02  2.494098E-03 -4.604277E-01
      3861 -2.443987E-02  6.423923E-04 -4.455259E-01
      3862 -2.935969E-02 -6.567925E-04 -4.371245E-01
      3863 -4.149040E-02  1.291769E-03 -4.209517E-01
      3864 -4.992240E-02 -1.945101E-04 -4.194160E-01
      3865 -5.855194E-02 -7.192867E-04 -4.128117E-01
      3866 -6.458283E-02 -9.570100E-04 -4.067817E-01
      3867 -6.943977E-02 -2.207726E-03 -3.977360E-01
      3868 -7.305463E-02 -3.041422E-03 -3.852454E-01
      3869 -7.572566E-02 -4.582888E-03 -3.681027E-01
      3870 -7.794659E-02 -6.956091E-03 -3.449483E-01
      3871 -8.064838E-02 -1.118458E-02 -3.168387E-01
      3872 -8.541302E-02 -1.593751E-02 -2.836603E-01
      3873 -9.339006E-02 -2.162348E-02 -2.496239E-01
      3874 -1.062740E-01 -2.620074E-02 -2.181761E-01
      3875 -1.279557E-01 -2.875376E-02 -1.970777E-01
      3876 -1.541414E-01 -2.585883E-02 -1.968703E-01
      3877 -1.928255E-01 -1.630583E-02 -2.247300E-01
      3878 -2.405360E-01  4.573242E-03 -2.966040E-01
      3879 -2.981844E-01  4.049251E-02 -4.261440E-01
      3880 -3.636955E-01  9.538402E-02 -6.280524E-01
      3881 -4.321917E-01  1.735944E-01 -9.143129E-01
      3882 -4.971234E-01  2.789609E-01 -1.294748E+00
      3883 -5.494576E-01  4.096522E-01 -1.777950E+00
      3884 -2.604968E-01  5.319875E-01 -8.228711E-01
      3885 -4.356887E-02  7.258401E-01 -1.471778E+00
      3886 -3.465647E-02 -1.859532E-01 -9.985137E-01
      3887 -5.350859E-02 -1.962050E-01 -9.201005E-01
      3888 -8.821252E-02 -1.909482E-01 -8.935957E-01
      3889 -1.309377E-01 -1.834239E-01 -8.339496E-01
      3890 -1.890166E-01 -1.746720E-01 -7.790076E-01
      3891 -2.516749E-01 -1.701617E-01 -7.143267E-01
      3892 -3.294887E-01 -1.615295E-01 -6.856145E-01
      3893 -4.008604E-01 -1.525758E-01 -6.395523E-01
      3894 -4.852420E-01 -1.450725E-01 -6.159148E-01
      3895 -5.606450E-01 -1.397505E-01 -5.995167E-01
      3896 -6.340580E-01 -1.338468E-01 -5.890867E-01
      3897 -7.022438E-01 -1.308756E-01 -5.809512E-01
      3898 -7.651486E-01 -1.263804E-01 -5.705288E-01
      3899 -8.243485E-01 -1.206109E-01 -5.539772E-01
      3900 -8.819551E-01 -1.138852E-01 -5.277176E-01
      3901 -9.435236E-01 -1.080023E-01 -4.924185E-01
      3902 -1.014893E+00 -1.022402E-01 -4.499644E-01
      3903 -1.105905E+00 -9.925595E-02 -4.116125E-01
      3904 -1.223573E+00 -1.009914E-01 -3.917849E-01
      3905 -1.376918E+00 -1.109562E-01 -4.100221E-01
      3906 -1.571518E+00 -1.277228E-01 -5.077123E-01
      3907 -1.808066E+00 -1.600335E-01 -6.952541E-01
      3908 -2.088179E+00 -2.085579E-01 -1.021248E+00
      3909 -2.403367E+00 -2.744211E-01 -1.517645E+00
      3910 -2.735002E+00 -3.580270E-01 -2.216220E+00
      3911 -3.052217E+00 -4.570527E-01 -3.139209E+00
      3912 -3.310684E+00 -5.641813E-01 -4.290950E+00
      3913 -3.450591E+00 -6.669271E-01 -5.646846E+00
      3914 -3.440651E+00 -7.412166E-01 -7.151409E+00
      3915 -2.201287E+00 -2.633676E-01 -6.375224E+00
      3916 -2.316571E+00  3.124300E-01 -9.401998E+00
      4100 -6.369124E-04  5.556648E-01 -5.886496E-02
      4101  1.706367E-03  5.990896E-01 -5.411125E-02
      4102  7.753709E-03  5.807874E-01 -5.112581E-02
      4103  9.846337E-03  5.649258E-01 -4.797569E-02
      4104  8.546259E-03  5.561749E-01 -4.405102E-02
      4105  1.380951E-02  5.359501E-01 -3.201482E-02
      4106  1.006749E-02  5.145524E-01 -2.909789E-02
      4107  1.462620E-02  4.926546E-01 -3.653193E-02
      4108  1.765778E-02  4.833618E-01 -3.868077E-02
      4109  1.960835E-02  4.762818E-01 -3.738164E-02
      4110  2.334233E-02  4.697811E-01 -3.921556E-02
      4111  2.517385E-02  4.630631E-01 -3.612237E-02
      4112  2.682060E-02  4.491969E-01 -3.589738E-02
      4113  2.815243E-02  4.292243E-01 -3.444587E-02
      4114  2.974854E-02  4.027651E-01 -3.147506E-02
      4115  3.103468E-02  3.711749E-01 -2.525858E-02
      4116  3.227315E-02  3.345613E-01 -1.879068E-02
      4117  3.447963E-02  2.987351E-01 -1.130571E-02
      4118  3.563170E-02  2.706063E-01 -7.360123E-03
      4119  4.117854E-02  2.567663E-01 -4.030765E-03
      4120  4.254133E-02  2.665403E-01 -1.638410E-02
      4121  4.936148E-02  3.209793E-01 -4.169927E-02
      4122  5.508500E-02  4.282413E-01 -8.765070E-02
      4123  6.268694E-02  6.062971E-01 -1.604136E-01
      4124  7.134477E-02  8.728902E-01 -2.668550E-01
      4125  8.007773E-02  1.238448E+00 -4.131729E-01
      4126  8.706411E-02  1.706947E+00 -6.038882E-01
      4127  9.485785E-02  2.286078E+00 -8.460601E-01
      4128  7.663176E-02  3.031648E+00 -1.185793E+00
      4129 -3.228242E-01  3.530266E+00 -1.880301E+00
      4130  1.697910E-04  5.468564E-01 -7.947334E-01
      4131 -1.024448E-03  6.406371E-01 -7.180911E-01
      4132 -1.941726E-02  6.493364E-01 -6.824758E-01
      4133 -4.024467E-02  6.165396E-01 -6.658548E-01
      4134 -5.331344E-02  5.846031E-01 -6.436458E-01
      4135 -5.278944E-02  5.997780E-01 -6.163099E-01
      4136 -7.372674E-02  5.481098E-01 -5.788644E-01
      4137 -9.390788E-02  5.202338E-01 -5.819047E-01
      4138 -1.174709E-01  4.988226E-01 -5.727422E-01
      4139 -1.345317E-01  4.926851E-01 -5.640041E-01
      4140 -1.492714E-01  4.840704E-01 -5.590838E-01
      4141 -1.633118E-01  4.821342E-01 -5.456424E-01
      4142 -1.764020E-01  4.708090E-01 -5.326845E-01
      4143 -1.876584E-01  4.540936E-01 -5.146462E-01
      4144 -1.977821E-01  4.292825E-01 -4.885073E-01
      4145 -2.085765E-01  3.968827E-01 -4.516800E-01
      4146 -2.219268E-01  3.575759E-01 -4.067150E-01
      4147 -2.399952E-01  3.157842E-01 -3.591941E-01
      4148 -2.654969E-01  2.793759E-01 -3.160187E-01
      4149 -2.955399E-01  2.594712E-01 -2.976333E-01
      4150 -3.419464E-01  2.662638E-01 -3.035645E-01
      4151 -4.058081E-01  3.241520E-01 -3.791832E-01
      4152 -4.788681E-01  4.479044E-01 -5.340312E-01
      4153 -5.646401E-01  6.581475E-01 -8.005130E-01
      4154 -6.590022E-01  9.810624E-01 -1.205479E+00
      4155 -7.556810E-01  1.437663E+00 -1.774560E+00
      4156 -8.438619E-01  2.033407E+00 -2.524635E+00
      4157 -9.078650E-01  2.773714E+00 -3.460239E+00
      4158 -9.279689E-01  3.688602E+00 -4.570687E+00
      4159 -9.741174E-01  5.054163E+00 -6.086143E+00
      4160 -1.070580E+00  5.474651E+00 -8.063352E+00
      4894  2.909063E+00 -6.688509E-01  1.661344E+00
      4895  5.618707E+00 -1.017508E+00  3.344841E+00
      4896  7.773222E+00  1.347841E-02  4.843241E+00
      4897  9.900676E+00  3.263385E-01  5.367431E+00
      4898  2.216801E+00 -2.254777E+00  4.976131E+00
      4899  6.642580E+00 -4.413321E+00  1.168123E+01
      4900  1.004053E+01 -5.038316E+00  2.023250E+01
      4901  1.320516E+01 -5.296667E+00  2.994183E+01
      4902  2.259389E+01 -4.831995E+00  4.520002E+01
      5053 -6.410630E-01 -2.972491E+00  4.729932E+00
      5054 -2.646891E+00  1.680385E+01  7.462448E+01
      5055 -1.408993E-01 -8.556985E-01 -3.906716E-01
      5056 -5.917385E-01 -8.828135E-02 -3.982279E-01
      5057 -2.871298E+00 -3.066698E-01  1.792078E+00
      5058 -9.378936E+00 -9.277670E-01  3.172309E+00
      5059 -1.514738E-01 -8.145171E-01  3.291184E-02
      5060 -1.014306E+00 -3.723228E+00  2.458316E+00
      5061 -4.359726E+00 -4.880410E+00  9.869695E+00
      5062 -1.132064E+01 -5.531339E+00  2.164865E+01
      5063 -1.919314E+01 -6.000112E+00  3.973825E+01
      5815 -8.669027E-02 -7.108551E-01 -5.067779E-01
      5816  4.120824E-01 -7.240180E-02 -4.940654E-01
      5817  2.435530E+00 -2.788764E-01  1.519072E+00
      5818  8.317005E+00 -8.611820E-01  2.791826E+00
      5819  1.100521E-01 -7.351309E-01 -9.703316E-02
      5820  7.919435E-01 -3.401838E+00  1.924956E+00
      5821  3.804948E+00 -4.461112E+00  8.604756E+00
      5822  1.010421E+01 -5.064043E+00  1.931891E+01
      5823  1.735342E+01 -5.520278E+00  3.589487E+01
      5983  6.230702E-01 -2.767334E+00  4.439176E+00
      5984  2.632749E+00  1.530753E+01  6.803537E+01
      5985 -2.652235E+00 -9.628520E-01  1.427355E+00
      5986 -5.406291E+00 -9.354799E-01  3.137439E+00
      5987 -7.291312E+00  1.948388E-02  4.600695E+00
      5988 -9.207025E+00  3.107115E-01  5.055772E+00
      5989 -1.968241E+00 -2.076064E+00  4.835749E+00
      5990 -6.467172E+00 -4.059362E+00  1.119586E+01
      5991 -9.432464E+00 -4.625993E+00  1.900977E+01
      5992 -1.227861E+01 -4.841757E+00  2.784218E+01
      5993 -2.080135E+01 -4.371993E+00  4.162447E+01
      6624  2.187003E+00  4.810327E-01 -8.920902E+00
      6629 -2.042483E+00  4.712678E-01 -8.003887E+00
      6631  5.270210E-02  1.298055E+00  1.863521E+00
      6632 -2.032606E-01  1.351999E+00  2.614026E+00
      6633 -1.650690E-01  9.400500E-01  1.834885E+00
      6634 -7.712468E-02  5.957849E-01  1.203560E+00
      6635 -1.306836E-02  3.611007E-01  7.590348E-01
      6636  3.535353E-02  1.974598E-01  4.443038E-01
      6637  6.628571E-02  1.112967E-01  2.666562E-01
      6638  8.540569E-02  6.855197E-02  1.717290E-01
      6639  9.185377E-02  6.167544E-02  1.467387E-01
      6640  9.436885E-02  8.591549E-02  1.734455E-01
      6641  8.863482E-02  1.122206E-01  2.139432E-01
      6642  8.459555E-02  1.566524E-01  2.813633E-01
      6643  7.508999E-02  1.890138E-01  3.390151E-01
      6644  6.956580E-02  2.342915E-01  4.094081E-01
      6645  5.978875E-02  2.590524E-01  4.577688E-01
      6646  5.474829E-02  2.964693E-01  5.138623E-01
      6647  4.602397E-02  3.085654E-01  5.421621E-01
      6648  4.215894E-02  3.357439E-01  5.785939E-01
      6649  3.481126E-02  3.362718E-01  5.869960E-01
      6650  2.975306E-02  3.551540E-01  6.048518E-01
      6651  2.905091E-02  3.633044E-01  6.063000E-01
      6652  2.303625E-02  3.519527E-01  6.068350E-01
      6653  1.816901E-02  3.651655E-01  6.140874E-01
      6654  1.817944E-02  3.733037E-01  6.145300E-01
      6655  1.424421E-02  3.614838E-01  6.175209E-01
      6656  8.235806E-03  3.794256E-01  6.298971E-01
      6657  1.324532E-02  3.898630E-01  6.332815E-01
      6658  6.847331E-03  3.765496E-01  6.457167E-01
      6659  5.455369E-03  3.797844E-01  6.562266E-01
      6660  4.387140E-03  4.134392E-01  6.506930E-01
      6661 -8.632826E-03  4.129761E-01  6.508245E-01
      6662 -4.576166E-03  3.776542E-01  6.593345E-01
      6663 -6.420613E-03  3.816834E-01  6.579083E-01
      6664 -9.834854E-03  3.759595E-01  6.510692E-01
      6665 -1.088847E-02  3.734936E-01  6.453226E-01
      6666 -1.468106E-02  3.740724E-01  6.475827E-01
      6667 -2.012549E-02  3.667679E-01  6.323519E-01
      6668 -2.162934E-02  3.593134E-01  6.247197E-01
      6669 -2.640038E-02  3.544440E-01  6.178143E-01
      6670 -3.094995E-02  3.507760E-01  6.140958E-01
      6671 -3.573948E-02  3.453708E-01  6.063864E-01
      6672 -4.069839E-02  3.368992E-01  5.947662E-01
      6673 -4.595136E-02  3.253741E-01  5.771507E-01
      6674 -5.163118E-02  3.101908E-01  5.527176E-01
      6675 -5.794522E-02  2.905017E-01  5.197609E-01
      6676 -6.445719E-02  2.651232E-01  4.763666E-01
      6677 -7.167610E-02  2.347677E-01  4.247287E-01
      6678 -7.882172E-02  1.995079E-01  3.642157E-01
      6679 -8.562523E-02  1.613760E-01  3.005012E-01
      6680 -9.091055E-02  1.222288E-01  2.391646E-01
      6681 -9.396428E-02  9.163440E-02  1.893424E-01
      6682 -9.308233E-02  7.007008E-02  1.640234E-01
      6683 -8.537045E-02  7.024960E-02  1.794704E-01
      6684 -6.869119E-02  1.029718E-01  2.568860E-01
      6685 -4.014866E-02  1.815526E-01  4.195339E-01
      6686  2.605246E-03  3.205317E-01  6.922972E-01
      6687  6.263806E-02  5.331692E-01  1.097432E+00
      6688  1.418645E-01  8.329820E-01  1.653787E+00
      6689  1.759845E-01  1.215441E+00  2.372136E+00
      6690 -6.094149E-02  1.167236E+00  1.706656E+00
      6691  1.616885E+00  1.509125E-01  4.395737E-01
      6692  8.495555E-01  8.820312E-01  2.347453E+00
      6693  1.697193E+00  2.271430E-01  2.145477E+00
      6694  1.833526E+00 -6.148142E-02  1.149827E+00
      6695  1.866153E+00 -1.979606E-01  4.997020E-01
      6696  1.807468E+00 -2.581983E-01  1.226429E-01
      6697  1.687827E+00 -2.323872E-01 -3.104902E-02
      6698  1.533816E+00 -1.742656E-01 -3.323124E-02
      6699  1.372366E+00 -9.001208E-02  6.118640E-02
      6700  1.216781E+00  1.956390E-03  2.179279E-01
      6701  1.072496E+00  8.825019E-02  3.970447E-01
      6702  9.486799E-01  1.671790E-01  5.741164E-01
      6703  8.423183E-01  2.337929E-01  7.435490E-01
      6704  7.551791E-01  2.894100E-01  8.909094E-01
      6705  6.811589E-01  3.336342E-01  1.020433E+00
      6706  6.212507E-01  3.675960E-01  1.122856E+00
      6707  5.680583E-01  3.930466E-01  1.206938E+00
      6708  5.233952E-01  4.111460E-01  1.266824E+00
      6709  4.791798E-01  4.238920E-01  1.313417E+00
      6710  4.390403E-01  4.318058E-01  1.343724E+00
      6711  3.930945E-01  4.369169E-01  1.369528E+00
      6712  3.424891E-01  4.430274E-01  1.376875E+00
      6713  2.993977E-01  4.375060E-01  1.378741E+00
      6714  2.467015E-01  4.382624E-01  1.386203E+00
      6715  1.934917E-01  4.364291E-01  1.380915E+00
      6716  1.513092E-01  4.278519E-01  1.376969E+00
      6717  1.092800E-01  4.214230E-01  1.376755E+00
      6718  6.725530E-02  4.199665E-01  1.373427E+00
      6719  4.185334E-02  4.115599E-01  1.364771E+00
      6720  1.889949E-02  4.129000E-01  1.378522E+00
      6721 -8.904731E-03  4.321899E-01  1.373539E+00
      6722 -3.544933E-02  4.151556E-01  1.383215E+00
      6723 -5.369910E-02  4.200288E-01  1.386375E+00
      6724 -8.563163E-02  4.272722E-01  1.399200E+00
      6725 -1.208123E-01  4.365520E-01  1.413001E+00
      6726 -1.594114E-01  4.486264E-01  1.437248E+00
      6727 -2.196402E-01  4.590790E-01  1.448698E+00
      6728 -2.673271E-01  4.591790E-01  1.436583E+00
      6729 -3.204961E-01  4.651599E-01  1.434870E+00
      6730 -3.717064E-01  4.638848E-01  1.426934E+00
      6731 -4.268177E-01  4.627033E-01  1.417041E+00
      6732 -4.802343E-01  4.559569E-01  1.393967E+00
      6733 -5.316686E-01  4.448313E-01  1.358153E+00
      6734 -5.812301E-01  4.283735E-01  1.307216E+00
      6735 -6.306261E-01  4.062409E-01  1.240009E+00
      6736 -6.826901E-01  3.770456E-01  1.153064E+00
      6737 -7.387300E-01  3.402382E-01  1.046282E+00
      6738 -8.050771E-01  2.946841E-01  9.179277E-01
      6739 -8.831159E-01  2.387585E-01  7.684939E-01
      6740 -9.774852E-01  1.729362E-01  6.017678E-01
      6741 -1.089038E+00  9.717356E-02  4.247728E-01
      6742 -1.216683E+00  1.373291E-02  2.500391E-01
      6743 -1.357880E+00 -7.158654E-02  9.883116E-02
      6744 -1.503485E+00 -1.497028E-01  3.349310E-04
      6745 -1.640891E+00 -2.072318E-01 -5.988014E-03
      6746 -1.750249E+00 -2.260429E-01  1.276158E-01
      6747 -1.806047E+00 -1.841702E-01  4.535363E-01
      6748 -1.774380E+00 -5.503283E-02  1.030495E+00
      6749 -1.644471E+00  1.949960E-01  1.928433E+00
      6750 -8.217157E-01  8.023604E-01  2.130619E+00
      6751 -1.515180E+00  1.451990E-01  4.040140E-01
      7125 -1.284283E-01  7.265547E+00 -1.745167E+01
      7156 -9.925819E-02  7.426140E+00  1.884222E+01
      7176 -2.266366E+00  2.399736E-02  1.339991E+00
      7177 -8.624256E-01 -1.378869E-01  7.122237E-01
      7178  1.995186E-01 -4.366364E-01 -1.858632E-01
      7179 -4.995391E+00  5.172332E-01  1.190185E+01
      7180 -2.946537E+00 -3.064580E-01  6.393878E+00
      7181 -8.135953E-01 -5.159037E-01  3.156329E+00
      7182  1.129372E+00  2.424635E-01 -3.932479E+00
      7183  2.507994E+00 -4.970740E-02  9.395512E-01
      7184  7.105521E-01 -1.596745E-01  3.012550E-01
      7185 -1.132151E+00 -4.698981E-01 -8.598220E-02
      7186 -2.271726E+00 -1.443733E-01 -8.869587E-01
      7187  5.344460E+00  5.655987E-01  1.233576E+01
      7188  2.833951E+00 -3.076785E-01  6.296558E+00
      7189 -9.736488E-02 -4.054526E-01 -5.056201E-01
      7190 -2.689346E+00  2.379998E-01 -6.775614E+00
      7191 -5.224860E+00  7.977990E-01 -1.206874E+01
      7241  9.857407E-02  6.489584E+00 -1.557463E+01
      7272  1.194896E-01  6.688812E+00  1.696315E+01
      7292 -2.351764E+00 -3.867219E-02  9.315576E-01
      7293 -7.318528E-01 -1.297206E-01  4.533351E-01
      7294  9.372676E-01 -4.465460E-01  1.082564E-01
      7295  1.949433E+00 -1.273660E-01 -7.157935E-01
      7296 -4.912465E+00  5.164174E-01  1.133567E+01
      7297 -2.685377E+00 -2.797386E-01  5.933523E+00
      7298 -8.621607E-03 -3.531546E-01 -1.081003E-01
      7299  2.280995E+00  2.357741E-01 -5.802914E+00
      7300  4.562266E+00  7.233217E-01 -1.056454E+01
      7301  1.979339E+00  2.911665E-02  1.130621E+00
      7302  7.196787E-01 -1.100371E-01  5.451898E-01
      7303 -2.549285E-01 -3.801827E-01 -3.144758E-01
      7304  4.503072E+00  4.438633E-01  1.053836E+01
      7305  2.604284E+00 -2.735387E-01  5.556982E+00
      7306  6.706823E-01 -4.413555E-01  2.621193E+00
      7307 -1.053685E+00  2.565753E-01 -3.697180E+00
     49336 -2.394374E-02  5.491736E-02  2.515771E-02
     49337 -1.246507E-02  3.948643E-02  1.537209E-02
     49338 -1.027803E-02  4.849234E-02  1.812705E-02
     49339  1.676042E-03  4.300005E-02  9.325294E-03
     49340 -8.912963E-03  5.664194E-02  2.092400E-02
     49341 -9.540241E-03  4.719250E-02  5.430034E-03
     49342 -1.088916E-02  5.250047E-02  5.597964E-03
     49343  1.471612E-05  6.643439E-02 -1.077000E-02
     49344 -7.210221E-03  5.366755E-02  5.765066E-03
     49345  9.764136E-04  5.454719E-02 -7.326727E-03
     49346 -7.960327E-03  6.194086E-02  2.284740E-02
     49347 -2.644978E-03  6.717744E-02  2.582356E-02
     49348 -1.170223E-02  5.139311E-02  4.907285E-03
     49349 -8.645097E-03  4.864906E-03  4.029853E-02
     49350  1.248819E-03  4.935944E-02 -7.255706E-03
     49351  9.177471E-04  5.765595E-02 -7.414224E-03
     49352  3.453997E-02  1.855495E-01  5.626283E-02
     49353 -3.277970E-02  8.524553E-02  7.643597E-02
     49354  2.007766E-03  2.432861E-02  6.873558E-02
     49355 -4.254157E-02  1.965401E-01  8.113678E-02
     49356 -3.502597E-02  1.034077E-01  4.510993E-02
     49357  2.276961E-03  2.332542E-02 -2.462257E-03
     49358 -1.616786E-02  3.417165E-02  1.430631E-02
     49359  2.182646E-03  6.662666E-02  2.612354E-02
     49360 -1.087849E-02  5.274970E-02  6.531728E-03
     49361  1.038406E-03  4.190850E-02 -6.916455E-03
     49362  5.097946E-03  6.660003E-02 -1.186618E-02
     49363 -5.726855E-03  3.530264E-03  1.851367E-02
     49364  2.698310E-04  3.181957E-02 -5.122417E-03
     49365 -1.257495E-02  2.738664E-02  5.511175E-03
     49366  5.788503E-03  6.602063E-02 -1.132281E-02
     49367  1.504777E+00 -2.293847E-02 -1.058884E+01
     49368  1.425940E+00  7.053949E-01 -8.804142E+00
     49369  1.722746E+00  1.053939E-01 -8.049835E+00
     49370  1.962873E+00  2.711899E-01 -9.904776E+00
     49371  1.100859E-02 -1.064710E-01 -7.848867E-01
     49372  5.456590E-03 -4.350412E-02 -1.055348E+00
     49373 -7.893595E-04 -1.537098E-01 -8.589286E-01
     49374  1.955402E-02 -2.047390E-02 -1.077293E+00
     49375  1.733159E+00 -3.031722E-01 -6.737524E+00
     49376  1.680950E+00 -3.830941E-01 -6.104504E+00
     49377  1.806634E+00 -5.508160E-01 -8.082073E+00
     49378  1.842234E+00 -3.340617E-01 -8.196850E+00
     49379  1.768984E+00 -3.828964E-01 -5.346803E+00
     49380  1.686880E+00 -3.568048E-01 -4.799164E+00
     49381  1.915218E+00 -7.174370E-01 -6.358213E+00
     49382  1.967833E+00 -1.508153E-01 -7.597751E+00
     49383  1.925753E+00 -4.803939E-01 -6.473665E+00
     49384  1.738390E+00 -1.115630E-01 -3.998162E+00
     49385  1.771033E+00 -1.192555E-01 -3.492292E+00
     49386  2.080995E+00 -7.336832E-01 -4.766532E+00
     49387  2.024804E+00 -3.338093E-01 -5.946956E+00
     49388  1.961224E+00  1.942799E-01 -5.218961E+00
     49389  1.646400E+00 -2.174219E-01 -3.081232E+00
     49390  1.547808E+00 -2.397373E-01 -2.707865E+00
     49391  1.740355E+00 -5.110537E-01 -3.506229E+00
     49392  1.750770E+00 -3.197255E-01 -3.661238E+00
     49393  1.757422E+00  2.326172E-01 -4.685997E+00
     49394  1.510085E+00 -9.151306E-02 -2.161520E+00
     49395  1.453897E+00 -9.725227E-02 -1.829498E+00
     49396  1.761210E+00 -4.245538E-01 -2.628905E+00
     49397  1.792905E+00 -1.535246E-01 -3.314209E+00
     49398  1.629565E+00  8.000090E-02 -2.759210E+00
     49399  1.318010E+00 -1.382320E-01 -1.545800E+00
     49400  1.223160E+00 -1.501270E-01 -1.324609E+00
     49401  1.434208E+00 -2.637721E-01 -1.795160E+00
     49402  1.471373E+00  1.166251E-01 -2.408386E+00
     49403  1.396724E+00 -1.720567E-01 -1.816888E+00
     49404  1.146825E+00 -6.928372E-02 -1.016989E+00
     49405  1.079477E+00 -6.880676E-02 -8.488046E-01
     49406  1.327866E+00 -2.401854E-01 -1.269996E+00
     49407  1.206839E+00  2.028704E-02 -1.272018E+00
     49408  1.372691E+00 -7.401314E-02 -1.602479E+00
     49409  9.588402E-01 -7.131362E-02 -6.675327E-01
     49410  8.975899E-01 -1.094170E-01 -6.247498E-01
     49411  1.069774E+00 -1.515328E-01 -8.127837E-01
     49412  1.102597E+00  5.103474E-02 -1.092410E+00
     49413  1.011728E+00 -1.693904E-02 -8.499278E-01
     49414  8.223700E-01 -9.655220E-02 -4.917263E-01
     49415  7.569899E-01 -8.699402E-02 -4.328427E-01
     49416  8.993963E-01 -1.469806E-01 -6.148459E-01
     49417  8.707945E-01 -6.569917E-02 -6.079341E-01
     49418  9.511168E-01  1.356116E-02 -7.293214E-01
     49419  6.896790E-01 -4.837425E-02 -3.462257E-01
     49420  6.585542E-01 -4.806867E-02 -3.247033E-01
     49421  8.083517E-01 -1.523473E-01 -4.433410E-01
     49422  8.063142E-01 -3.708316E-02 -5.432701E-01
     49423  7.074926E-01 -1.748990E-02 -4.520512E-01
     49424  5.920838E-01 -7.972430E-02 -3.273588E-01
     49425  5.527730E-01 -8.011191E-02 -3.279043E-01
     49426  6.144831E-01 -1.172094E-01 -3.781336E-01
     49427  6.549670E-01 -2.685623E-03 -4.289215E-01
     49428  6.319572E-01 -4.185326E-02 -4.581087E-01
     49429  5.001778E-01 -4.635715E-02 -3.038945E-01
     49430  4.974540E-01 -4.516201E-02 -3.222250E-01
     49431  6.032811E-01 -1.651519E-01 -3.763585E-01
     49432  5.151728E-01 -2.058333E-02 -4.273035E-01
     49433  5.725894E-01 -4.702660E-02 -4.427625E-01
     49434  4.513910E-01 -8.817969E-02 -3.714905E-01
     49435  4.252833E-01 -8.767249E-02 -3.945896E-01
     49436  4.398450E-01 -1.462965E-01 -4.136186E-01
     49437  4.806597E-01 -1.070459E-02 -4.466885E-01
     49438  4.867914E-01 -4.441737E-02 -5.421658E-01
     49439  3.853774E-01 -4.966001E-02 -3.879235E-01
     49440  4.054168E-01 -4.810469E-02 -4.176346E-01
     49441  4.873650E-01 -1.964271E-01 -4.666640E-01
     49442  4.052984E-01 -1.870478E-02 -5.586614E-01
     49443  4.300792E-01 -6.007071E-02 -5.486542E-01
     49444  3.702198E-01 -1.004095E-01 -4.846589E-01
     49445  3.508884E-01 -9.997098E-02 -5.100668E-01
     49446  3.361441E-01 -1.837266E-01 -5.342784E-01
     49447  3.789172E-01 -1.152033E-02 -5.902141E-01
     49448  4.046729E-01 -5.588004E-02 -6.976349E-01
     49449  3.191124E-01 -5.478120E-02 -4.967134E-01
     49450  3.533336E-01 -5.342111E-02 -5.217156E-01
     49451  4.258840E-01 -2.288051E-01 -5.941405E-01
     49452  3.458623E-01 -1.662379E-02 -7.127313E-01
     49453  3.504453E-01 -7.193757E-02 -7.080360E-01
     49454  3.220820E-01 -1.115188E-01 -5.883974E-01
     49455  3.049481E-01 -1.116621E-01 -6.059821E-01
     49456  2.751616E-01 -2.165161E-01 -6.511809E-01
     49457  3.216562E-01 -1.050177E-02 -7.393883E-01
     49458  3.572705E-01 -6.800607E-02 -8.325692E-01
     49459  2.761915E-01 -6.010426E-02 -5.763521E-01
     49460  3.172158E-01 -5.931815E-02 -5.902993E-01
     49461  3.893072E-01 -2.536176E-01 -6.934408E-01
     49462  3.032761E-01 -7.930319E-02 -8.379234E-01
     49463  3.085560E-01 -1.660392E-02 -8.223490E-01
     49464  2.841211E-01 -1.202589E-01 -6.491052E-01
     49465  2.655068E-01 -1.204018E-01 -6.569150E-01
     49466  2.313134E-01 -2.400896E-01 -7.237700E-01
     49467  2.837287E-01 -1.064033E-02 -8.373383E-01
     49468  3.198062E-01 -7.654225E-02 -9.099800E-01
     49469  2.325348E-01 -6.504986E-02 -6.130682E-01
     49470  2.675310E-01 -6.856120E-02 -6.297541E-01
     49471  3.529983E-01 -2.637573E-01 -7.437301E-01
     49472  2.719666E-01 -1.532256E-02 -8.692932E-01
     49473  2.630408E-01 -8.311977E-02 -9.087078E-01
     49474  1.877212E-01 -6.767215E-02 -6.098089E-01
     49475  2.254608E-01 -1.472431E-01 -7.247312E-01
     49476  2.684894E-01 -2.544302E-01 -6.963891E-01
     49477  2.465567E-01 -5.467618E-03 -8.828863E-01
     49478  2.411954E-01 -5.533722E-02 -8.752860E-01
     49479  2.120739E-01 -1.454715E-01 -6.831805E-01
     49480  1.850449E-01 -1.277410E-01 -6.797293E-01
     49481  2.357954E-01 -2.878824E-01 -8.105017E-01
     49482  2.052244E-01 -3.378175E-03 -9.165386E-01
     49483  2.352021E-01 -9.661246E-02 -9.358748E-01
     49484  1.438603E-01 -6.808676E-02 -6.254283E-01
     49485  1.698313E-01 -1.230354E-01 -7.007799E-01
     49486  2.762568E-01 -2.697513E-01 -7.616327E-01
     49487  1.863861E-01 -2.448702E-02 -8.916081E-01
     49488  1.810733E-01 -8.033862E-02 -9.434417E-01
     49489  9.283063E-02 -7.684048E-02 -6.376006E-01
     49490  1.298496E-01 -1.529892E-01 -7.547784E-01
     49491  2.680895E-01 -3.265639E-01 -7.770356E-01
     49492  1.453649E-01 -6.407188E-03 -9.097205E-01
     49493  1.496440E-01 -6.520480E-02 -9.075087E-01
     49494  1.155272E-01 -1.510379E-01 -7.184290E-01
     49495  8.768093E-02 -1.293938E-01 -7.183722E-01
     49496  1.379809E-01 -2.963377E-01 -8.456662E-01
     49497  1.038536E-01 -9.191171E-03 -9.532676E-01
     49498  1.296768E-01 -9.846195E-02 -9.772248E-01
     49499  4.605679E-02 -7.248101E-02 -6.775832E-01
     49500  8.512630E-02 -7.365791E-02 -7.025472E-01
     49501  1.650045E-01 -2.797338E-01 -8.196774E-01
     49502  8.559804E-02 -1.378575E-02 -9.592659E-01
     49503  7.627152E-02 -8.674361E-02 -9.927014E-01
     49504  2.167347E-03 -7.279162E-02 -7.017481E-01
     49505  4.500306E-02 -1.312354E-01 -8.161987E-01
     49506  7.145530E-02 -2.807628E-01 -7.819543E-01
     49507  5.722314E-02 -8.237757E-03 -9.834264E-01
     49508  5.688147E-02 -5.953680E-02 -9.868137E-01
     49509 -2.886023E-02 -1.041190E-01 -7.294226E-01
     49510  1.489275E-02 -1.576301E-01 -8.326924E-01
     49511  1.673433E-01 -3.909559E-01 -8.674655E-01
     49512  3.977350E-02 -1.158011E-01 -1.037469E+00
     49513  9.900152E-03 -1.114496E-02 -1.024003E+00
     49514  2.488188E-02 -1.484418E-01 -8.224590E-01
     49515 -2.508308E-03 -1.545234E-01 -8.398245E-01
     49516  2.867986E-02 -2.938723E-01 -9.476265E-01
     49517  3.166476E-02 -1.168868E-01 -1.104257E+00
     49518 -1.204353E-02 -5.982469E-02 -1.095152E+00
     49519  3.507614E-03 -2.667711E-01 -9.800140E-01
     49520 -1.624314E-02 -9.045808E-02 -1.123599E+00
     51379  1.454262E-02  2.640412E-01  2.317580E-02
     51380  3.680646E-03  1.067860E-02  6.515733E-02
     51381  4.655106E-03  2.813259E-03  5.229670E-02
     51382 -2.643071E-03  6.017168E-02 -1.179174E-02
     51383 -3.548082E-03  2.080212E-02 -7.586566E-04
     51384 -7.620120E-04  9.355839E-04  1.823853E-02
     51385 -2.659727E-03  7.965684E-02 -1.723016E-02
     51386 -3.399440E-03  5.175717E-02 -1.020689E-02
     51387 -1.906405E-03  6.621509E-03  1.018902E-02
     51388  1.121683E-03  8.330938E-02 -1.796556E-02
     51389 -2.712792E-03  4.398046E-02  5.590278E-03
     51390 -3.540449E-03  4.611541E-02 -9.156636E-03
     51391  1.724026E-04  8.474093E-02 -1.660632E-02
     51392  3.041343E-04  8.749175E-02 -2.200399E-02
     51393 -3.050826E-03  5.626244E-02 -1.100837E-02
     51394 -2.243827E-03  3.171003E-02 -4.549084E-03
     51395 -3.176639E-03  1.356973E-02  3.846978E-03
     51396 -5.782739E-04  6.646529E-02 -1.299598E-02
     51397 -5.535504E-03  3.095105E-02 -6.384026E-03
     51398  7.345294E-04  7.970636E-02 -1.689945E-02
     51399  2.532027E-03 -2.227650E-03  3.956171E-02
     51400 -2.401924E-03  8.919997E-02 -2.372462E-02
     51401 -1.869423E-03  6.697770E-02 -1.341727E-02
     51402 -5.724552E-03  7.361933E-02 -1.541779E-02
     51403 -5.325212E-04  6.962574E-02 -1.360116E-02
     51404 -1.356373E-03  6.856725E-02 -1.375966E-02
     51405 -3.859200E-03  4.100664E-02 -8.131701E-03
     51406 -2.310355E-03  6.411532E-02 -1.269466E-02
     51407 -9.125469E-05  6.982729E-02 -1.397932E-02
     51408 -3.903008E-03 -2.946163E-02  9.935017E-02
     51409  5.107265E-04 -2.690310E-03  2.808211E-02
     51410 -1.782034E-02 -5.181192E-02 -1.056578E+00
     51411 -2.157063E-02 -1.057655E-01 -7.849547E-01
     51412 -1.015605E-02 -1.530976E-01 -8.516168E-01
     51413 -2.428076E-02 -3.097902E-02 -1.074348E+00
     51414 -1.290356E+00  6.692775E-01 -7.908915E+00
     51415 -1.408660E+00 -4.877953E-02 -9.508045E+00
     51416 -1.754576E+00 -1.308285E-02 -6.886149E+00
     51417 -1.683526E+00  5.839184E-01 -9.288157E+00
     51418 -6.821061E-03 -1.646075E-01 -8.439465E-01
     51419 -3.829919E-02 -1.660571E-01 -8.418817E-01
     51420 -2.441855E-02 -2.713737E-01 -9.813615E-01
     51421  6.314261E-03 -1.133350E-01 -1.124820E+00
     51422 -2.712502E-02 -1.490004E-01 -8.083002E-01
     51423 -4.823337E-02 -1.515060E-01 -7.977416E-01
     51424 -1.402566E-02 -2.960307E-01 -9.476127E-01
     51425 -6.887571E-02 -7.657423E-02 -1.138205E+00
     51426 -2.432682E-02 -1.385371E-01 -1.101749E+00
     51427 -4.112639E-02 -1.541320E-01 -8.011203E-01
     51428 -6.919297E-02 -1.522311E-01 -7.666738E-01
     51429 -5.769033E-02 -2.923498E-01 -9.209986E-01
     51430 -2.345288E-02 -8.355366E-02 -1.092368E+00
     51431 -5.207344E-02 -1.358784E-01 -1.092444E+00
     51432 -6.519976E-02 -1.510393E-01 -7.685832E-01
     51433 -9.668441E-02 -1.481931E-01 -7.376578E-01
     51434 -7.848128E-02 -2.929449E-01 -8.881039E-01
     51435 -8.144791E-02 -1.346065E-01 -1.044694E+00
     51436 -4.751888E-02 -7.720085E-02 -1.050850E+00
     51437 -8.946899E-02 -1.513929E-01 -7.391585E-01
     51438 -1.290505E-01 -1.554474E-01 -7.259768E-01
     51439 -1.075043E-01 -2.923620E-01 -8.562255E-01
     51440 -7.207376E-02 -9.554241E-02 -1.012782E+00
     51441 -1.095646E-01 -1.258006E-01 -1.007479E+00
     51442 -1.282424E-01 -1.410485E-01 -6.923413E-01
     51443 -1.575859E-01 -1.474250E-01 -6.865510E-01
     51444 -1.124838E-01 -2.860644E-01 -8.217646E-01
     51445 -1.631622E-01 -8.463502E-02 -1.007056E+00
     51446 -1.303358E-01 -1.224080E-01 -9.635779E-01
     51447 -1.574628E-01 -1.429852E-01 -6.880726E-01
     51448 -1.896404E-01 -1.409255E-01 -6.564532E-01
     51449 -1.683914E-01 -2.859199E-01 -7.972929E-01
     51450 -1.718843E-01 -1.239374E-01 -9.599303E-01
     51451 -1.471462E-01 -7.351284E-02 -9.566160E-01
     51452 -1.954262E-01 -1.390313E-01 -6.672673E-01
     51453 -2.258341E-01 -1.377571E-01 -6.436244E-01
     51454 -2.066615E-01 -2.795813E-01 -7.687228E-01
     51455 -2.096894E-01 -1.135843E-01 -9.166197E-01
     51456 -1.858881E-01 -6.563892E-02 -9.282958E-01
     51457 -2.297621E-01 -1.326327E-01 -6.516879E-01
     51458 -2.582096E-01 -1.364856E-01 -6.335892E-01
     51459 -2.388467E-01 -2.749465E-01 -7.540282E-01
     51460 -2.242392E-01 -6.951407E-02 -9.119858E-01
     51461 -2.467119E-01 -1.104011E-01 -8.970820E-01
     51462 -2.617964E-01 -1.289467E-01 -6.412723E-01
     51463 -2.893233E-01 -1.317950E-01 -6.220855E-01
     51464 -2.709200E-01 -2.721952E-01 -7.427160E-01
     51465 -2.586540E-01 -6.826424E-02 -8.959506E-01
     51466 -2.829366E-01 -1.111069E-01 -8.865696E-01
     51467 -2.916620E-01 -1.262931E-01 -6.307735E-01
     51468 -3.178875E-01 -1.310594E-01 -6.120063E-01
     51469 -3.024279E-01 -2.654986E-01 -7.299906E-01
     51470 -3.155147E-01 -1.045260E-01 -8.720611E-01
     51471 -2.911537E-01 -7.110746E-02 -8.822963E-01
     51472 -3.184066E-01 -1.240226E-01 -6.186235E-01
     51473 -3.439485E-01 -1.278097E-01 -5.965839E-01
     51474 -3.296965E-01 -2.607392E-01 -7.169939E-01
     51475 -3.191123E-01 -6.811829E-02 -8.624500E-01
     51476 -3.466437E-01 -1.065970E-01 -8.593840E-01
     51477 -3.435371E-01 -1.190372E-01 -5.988461E-01
     51478 -3.680426E-01 -1.233465E-01 -5.744409E-01
     51479 -3.538306E-01 -2.518962E-01 -6.962003E-01
     51480 -3.737924E-01 -1.029010E-01 -8.374315E-01
     51481 -3.453526E-01 -6.642555E-02 -8.326882E-01
     51482 -3.674791E-01 -1.128616E-01 -5.707388E-01
     51483 -3.913029E-01 -1.174730E-01 -5.427826E-01
     51484 -3.760186E-01 -2.408628E-01 -6.665156E-01
     51485 -3.700146E-01 -6.409766E-02 -7.911530E-01
     51486 -3.980836E-01 -9.790214E-02 -8.067576E-01
     51487 -3.925455E-01 -1.059337E-01 -5.331706E-01
     51488 -4.165734E-01 -1.117383E-01 -5.029409E-01
     51489 -3.983712E-01 -2.270918E-01 -6.257647E-01
     51490 -4.209174E-01 -9.062864E-02 -7.637153E-01
     51491 -3.961985E-01 -6.141195E-02 -7.370502E-01
     51492 -4.210000E-01 -9.916642E-02 -4.884083E-01
     51493 -4.469344E-01 -1.051959E-01 -4.561369E-01
     51494 -4.238001E-01 -2.127060E-01 -5.764293E-01
     51495 -4.259431E-01 -5.723146E-02 -6.727637E-01
     51496 -4.456837E-01 -8.346900E-02 -7.091004E-01
     51497 -4.575658E-01 -9.152301E-02 -4.393933E-01
     51498 -4.866938E-01 -9.857547E-02 -4.093666E-01
     51499 -4.558084E-01 -1.957070E-01 -5.202477E-01
     51500 -4.760431E-01 -7.523242E-02 -6.446351E-01
     51501 -4.648640E-01 -5.203401E-02 -6.023056E-01
     51502 -5.053236E-01 -8.623315E-02 -3.967438E-01
     51503 -5.400087E-01 -9.372399E-02 -3.733043E-01
     51504 -5.002325E-01 -1.789136E-01 -4.671567E-01
     51505 -5.158490E-01 -6.731622E-02 -5.778031E-01
     51506 -5.178774E-01 -4.702236E-02 -5.385083E-01
     51507 -5.687859E-01 -8.199341E-02 -3.712255E-01
     51508 -6.104893E-01 -9.105114E-02 -3.687037E-01
     51509 -5.602222E-01 -1.643567E-01 -4.300678E-01
     51510 -5.896443E-01 -4.461695E-02 -4.911816E-01
     51511 -5.713035E-01 -6.240686E-02 -5.216981E-01
     51512 -6.512529E-01 -8.217470E-02 -3.781830E-01
     51513 -7.011254E-01 -9.017059E-02 -3.952826E-01
     51514 -6.340123E-01 -1.518618E-01 -4.263399E-01
     51515 -6.525992E-01 -3.950186E-02 -5.038464E-01
     51516 -6.915766E-01 -5.727479E-02 -4.854696E-01
     51517 -7.522620E-01 -8.706463E-02 -4.500899E-01
     51518 -8.143971E-01 -9.576668E-02 -4.930077E-01
     51519 -7.452543E-01 -1.392618E-01 -4.741475E-01
     51520 -8.029471E-01 -3.813222E-02 -5.616283E-01
     51521 -7.379088E-01 -5.983595E-02 -5.184650E-01
     51522 -8.751207E-01 -1.003603E-01 -5.971156E-01
     51523 -9.499720E-01 -1.082926E-01 -6.819144E-01
     51524 -8.749531E-01 -1.419628E-01 -6.046633E-01
     51525 -8.631227E-01 -7.025613E-02 -6.130599E-01
     51526 -9.503639E-01 -4.293490E-02 -7.270011E-01
     51527 -1.016749E+00 -1.215955E-01 -8.491959E-01
     51528 -1.104683E+00 -1.286822E-01 -9.875361E-01
     51529 -1.029233E+00 -1.549238E-01 -8.434094E-01
     51530 -1.122384E+00 -5.380765E-02 -1.022628E+00
     51531 -1.009850E+00 -8.919202E-02 -8.199490E-01
     51532 -1.170852E+00 -1.534032E-01 -1.232897E+00
     51533 -1.270596E+00 -1.593220E-01 -1.435391E+00
     51534 -1.204203E+00 -1.841385E-01 -1.220011E+00
     51535 -1.314743E+00 -7.592367E-02 -1.483822E+00
     51536 -1.177870E+00 -1.184337E-01 -1.168693E+00
     51537 -1.325444E+00 -1.967231E-01 -1.771010E+00
     51538 -1.433333E+00 -2.004492E-01 -2.045093E+00
     51539 -1.389230E+00 -2.339286E-01 -1.762363E+00
     51540 -1.360400E+00 -1.620035E-01 -1.693177E+00
     51541 -1.514443E+00 -1.114540E-01 -2.140859E+00
     51542 -1.462194E+00 -2.503699E-01 -2.477251E+00
     51543 -1.571468E+00 -2.503375E-01 -2.824752E+00
     51544 -1.566885E+00 -3.073831E-01 -2.490091E+00
     51545 -1.699340E+00 -1.597630E-01 -3.014238E+00
     51546 -1.541567E+00 -2.220667E-01 -2.420757E+00
     51547 -1.556459E+00 -3.107517E-01 -3.351277E+00
     51548 -1.656333E+00 -3.050124E-01 -3.762472E+00
     51549 -1.712353E+00 -4.038126E-01 -3.408212E+00
     51550 -1.840570E+00 -2.235322E-01 -4.106978E+00
     51551 -1.697820E+00 -2.940407E-01 -3.366666E+00
     51552 -1.585408E+00 -3.720035E-01 -4.373782E+00
     51553 -1.669327E+00 -3.624801E-01 -4.836367E+00
     51554 -1.797508E+00 -5.203693E-01 -4.505263E+00
     51555 -1.914906E+00 -3.208256E-01 -5.393649E+00
     51556 -1.797708E+00 -3.752222E-01 -4.522996E+00
     51557 -1.584517E+00 -3.734042E-01 -5.522740E+00
     51558 -1.634167E+00 -2.402647E-01 -6.054308E+00
     51559 -1.787594E+00 -6.607267E-01 -5.761870E+00
     51560 -1.816929E+00 -4.720159E-01 -5.863881E+00
     51561 -1.921743E+00 -4.866709E-01 -6.853590E+00
     51562 -1.543642E+00 -8.378403E-01 -6.965820E+00
     51563 -1.730924E+00 -6.662922E-01 -7.337095E+00
     56742  2.458121E+00  1.298961E+00 -1.298973E-01
     56743 -6.154501E-03 -2.016700E-01 -4.755587E-01
     56744  1.155753E+00  3.599433E+00  1.236151E+00
     56745 -7.538747E-02  8.902422E-02 -2.030850E-01
     56746 -2.303264E-01  4.436291E-01 -1.590349E-01
     56747 -1.313579E+00 -1.387273E+01  7.326279E+01
     56748 -3.554672E+00 -1.325666E+01  6.927317E+01
     56749  2.902633E+00 -8.811565E+00  6.150524E+01
     56750 -1.172856E+00 -3.630656E+00  4.008974E+00
     56751 -8.433736E-01 -4.945099E+00  8.745353E+00
     56752 -2.096167E-01 -6.230683E+00  8.000962E+00
     56753 -5.861709E-01 -3.855586E+00  1.347314E+00
     56754 -6.491772E+00 -1.134332E+01  5.180904E+01
     56755 -7.917951E-01 -6.564593E+00  1.248733E+01
     56756 -2.334795E+00 -7.736343E+00  1.676573E+01
     56757 -1.181977E+00 -6.447154E+00  6.374970E+00
     56758  1.157707E+00 -8.274654E+00  2.241544E+01
     56759 -2.553820E+00 -9.037478E+00  2.945883E+01
     56760 -1.396421E+00 -8.388079E+00  1.642235E+01
     56761  2.288213E+00 -9.527376E+00  3.946602E+01
     56762 -4.555768E-01 -9.166799E+00  4.641037E+01
     56763 -3.924671E-01 -9.767593E+00  2.886228E+01
     56764  6.304687E-01 -1.107840E+01  4.909970E+01
     56765 -1.707569E+00 -7.558989E+00  8.786303E+00
     56766 -1.689397E+00 -6.546807E+00  4.011843E+00
     56767 -2.495383E+00 -8.761063E+00  2.065132E+01
     56768 -3.229219E+00 -8.777113E+00  1.452912E+01
     56769 -1.496114E+00 -9.291031E+00  3.585666E+01
     56770 -4.026439E+00 -1.016082E+01  2.811090E+01
     62363 -2.279082E+00  1.174189E+00 -1.378659E-01
     62364  2.541034E-02  7.818678E-02 -1.768619E-01
     62365 -2.920566E-02 -2.226125E-01 -4.551547E-01
     62366  1.917739E-01  4.594182E-01 -3.470473E-02
     62367 -1.093747E+00  3.296360E+00  1.119149E+00
     62368  7.638034E-01 -4.560640E+00  8.382379E+00
     62369  1.159085E+00 -3.362967E+00  3.718945E+00
     62370  7.445284E-01 -3.563659E+00  1.130585E+00
     62371  3.425424E+00 -1.209017E+01  6.290910E+01
     62372  1.394102E+00 -1.267720E+01  6.711280E+01
     62373  6.073760E+00 -1.047667E+01  4.687025E+01
     62374  1.687216E-01 -5.761774E+00  7.602199E+00
     62375 -2.502580E+00 -7.981217E+00  5.655369E+01
     62376  1.629349E+00 -6.007044E+00  3.397792E+00
     62377  1.641474E+00 -6.897995E+00  7.725171E+00
     62378  1.059025E+00 -5.950702E+00  5.964686E+00
     62379  3.050966E+00 -8.032429E+00  1.294158E+01
     62380  2.391684E+00 -7.989254E+00  1.849130E+01
     62381  1.382796E+00 -7.694846E+00  1.515630E+01
     62382  3.835190E+00 -9.333105E+00  2.526313E+01
     62383  1.579766E+00 -8.450249E+00  3.234530E+01
     62384  4.237258E-01 -8.946663E+00  2.640258E+01
     62385 -5.070944E-01 -1.012193E+01  4.481771E+01
     62386  2.394361E+00 -7.058585E+00  1.593673E+01
     62387  9.264356E-01 -6.029419E+00  1.210421E+01
     62388  2.493792E+00 -8.295315E+00  2.740247E+01
     62389 -8.716315E-01 -7.573426E+00  2.105101E+01
     62390  5.294254E-01 -8.379151E+00  4.283637E+01
     62391 -2.018836E+00 -8.704324E+00  3.656205E+01
     67603  1.393515E-01  2.129518E-01  5.115584E-02
     67604 -1.590155E-01  2.280069E-01  5.143443E-02
     67605  2.592821E-01  3.349438E-01 -2.618782E-01
     67606 -2.804568E-01  3.944870E-01 -2.739229E-01
     67607  3.100511E+00 -2.096570E-01 -1.042889E+01
     67608  3.092128E+00 -3.210716E-01 -4.448154E+00
     67609  2.972225E+00 -5.828882E-01 -8.168731E+00
     67610 -2.912643E-02 -3.757143E-01  6.002221E-01
     67611  2.232768E-02 -3.483815E-01  5.453283E-01
     67612 -5.195693E-02 -3.440549E-01  5.485661E-01
     67613 -4.530289E-03 -3.772126E-01  6.027469E-01
     67614 -2.892679E+00 -2.642988E-01 -4.013166E+00
     67615 -2.893014E+00 -1.657151E-01 -9.399536E+00
     67616 -2.759686E+00 -5.522576E-01 -7.425029E+00
     67617  3.354772E+00 -1.179228E+00 -1.208338E+00
     67618 -3.130184E+00 -1.063464E+00 -1.124728E+00
     67619  2.245649E+00 -1.332759E+00 -5.089588E+00
     67620  3.131377E+00 -1.838213E+00 -5.063566E+00
     67621  2.791327E+00 -1.691032E+00 -2.483924E+00
     67622  1.637612E+00 -1.098858E+00  4.402275E-01
     67623  3.496246E+00 -2.804302E+00 -3.829548E+00
     67624  3.835948E+00 -2.655021E+00 -3.220250E+00
     67625  1.966756E+00 -1.024180E+00  1.042384E+00
     67626  4.345236E+00 -2.810010E+00 -2.864829E+00
     67627  4.066733E+00 -2.264291E+00 -2.929530E+00
     67628  4.307983E+00 -2.192141E+00 -2.482432E+00
     67629  4.077488E+00 -1.763163E+00 -2.417687E+00
     67630  4.093933E+00 -1.642620E+00 -2.027671E+00
     67631  3.875244E+00 -1.382747E+00 -1.919768E+00
     67632  3.763540E+00 -1.173854E+00 -1.541760E+00
     67633  3.579737E+00 -9.962893E-01 -1.374052E+00
     67634  3.366983E+00 -8.013276E-01 -1.077940E+00
     67635  3.215043E+00 -7.249528E-01 -9.122794E-01
     67636  2.970089E+00 -5.215809E-01 -6.604982E-01
     67637  2.842152E+00 -4.910537E-01 -5.015692E-01
     67638  2.588155E+00 -3.129617E-01 -3.119449E-01
     67639  2.497828E+00 -3.324785E-01 -1.558939E-01
     67640  2.248915E+00 -1.929135E-01 -3.444717E-02
     67641  2.184932E+00 -2.445367E-01  8.670516E-02
     67642  1.956144E+00 -1.110651E-01  1.877919E-01
     67643  1.926955E+00 -1.749030E-01  2.940423E-01
     67644  1.720508E+00 -8.750724E-02  3.380514E-01
     67645  1.699335E+00 -1.591562E-01  4.149450E-01
     67646  1.521274E+00 -7.039635E-02  4.602733E-01
     67647  1.526042E+00 -1.421222E-01  5.255165E-01
     67648  1.371025E+00 -1.638270E-01  5.685333E-01
     67649  1.370340E+00 -9.525189E-02  5.256046E-01
     67650  1.259513E+00 -1.661057E-01  6.260454E-01
     67651  1.238464E+00 -1.020877E-01  5.894132E-01
     67652  1.150637E+00 -1.997850E-01  6.291936E-01
     67653  1.142155E+00 -1.427412E-01  6.082252E-01
     67654  1.074183E+00 -2.004174E-01  6.659895E-01
     67655  1.047709E+00 -1.494351E-01  6.457437E-01
     67656  9.854961E-01 -2.309565E-01  6.563405E-01
     67657  9.759868E-01 -1.865650E-01  6.462799E-01
     67658  9.197098E-01 -2.233285E-01  6.918308E-01
     67659  8.913695E-01 -1.833358E-01  6.783352E-01
     67660  8.328237E-01 -2.427747E-01  6.974495E-01
     67661  8.236085E-01 -2.119499E-01  6.821679E-01
     67662  7.324165E-01 -2.289013E-01  7.061754E-01
     67663  7.396892E-01 -2.129376E-01  7.100737E-01
     67664  6.475376E-01 -2.342699E-01  7.206673E-01
     67665  6.343775E-01 -2.039594E-01  7.196549E-01
     67666  5.551157E-01 -2.480434E-01  7.113384E-01
     67667  5.447666E-01 -2.326073E-01  7.028044E-01
     67668  4.333308E-01 -2.492467E-01  6.946628E-01
     67669  4.493473E-01 -2.372294E-01  7.090157E-01
     67670  3.445267E-01 -2.624429E-01  6.827497E-01
     67671  3.382462E-01 -2.399676E-01  6.946003E-01
     67672  2.550876E-01 -2.999349E-01  6.362232E-01
     67673  2.594610E-01 -2.839357E-01  6.446182E-01
     67674  1.692332E-01 -3.118187E-01  6.096685E-01
     67675  1.815703E-01 -2.929694E-01  6.231874E-01
     67676  1.014851E-01 -3.240255E-01  5.767201E-01
     67677  1.024622E-01 -3.046833E-01  5.951452E-01
     67678  4.411499E-02 -3.225914E-01  5.596218E-01
     67679  5.891986E-02 -3.181391E-01  5.658392E-01
     67680 -8.553137E-02 -3.163441E-01  5.785941E-01
     67681 -8.013766E-02 -3.267272E-01  5.652745E-01
     67682 -1.426154E-01 -3.029719E-01  6.140203E-01
     67683 -1.304504E-01 -3.152302E-01  5.974817E-01
     67684 -2.042070E-01 -2.784604E-01  6.596272E-01
     67685 -1.970172E-01 -2.964539E-01  6.400100E-01
     67686 -2.828028E-01 -2.592611E-01  7.108717E-01
     67687 -2.763965E-01 -2.787018E-01  6.871167E-01
     67688 -3.816713E-01 -2.281136E-01  7.613178E-01
     67689 -3.624727E-01 -2.538498E-01  7.447473E-01
     67690 -4.774105E-01 -2.128392E-01  7.731038E-01
     67691 -4.763797E-01 -2.392538E-01  7.696091E-01
     67692 -5.782577E-01 -1.857943E-01  7.917785E-01
     67693 -5.816556E-01 -2.177966E-01  7.884720E-01
     67694 -6.831236E-01 -1.728487E-01  7.979303E-01
     67695 -6.904217E-01 -2.044840E-01  7.997936E-01
     67696 -7.882637E-01 -1.619672E-01  7.989084E-01
     67697 -7.943838E-01 -1.990876E-01  8.055272E-01
     67698 -8.923828E-01 -1.545011E-01  7.866890E-01
     67699 -9.000224E-01 -1.936982E-01  8.011598E-01
     67700 -9.909299E-01 -1.478919E-01  7.639323E-01
     67701 -1.000787E+00 -1.911034E-01  7.851519E-01
     67702 -1.084917E+00 -1.409523E-01  7.323244E-01
     67703 -1.096281E+00 -1.875304E-01  7.600861E-01
     67704 -1.176169E+00 -1.322297E-01  6.938400E-01
     67705 -1.187327E+00 -1.827925E-01  7.278800E-01
     67706 -1.268565E+00 -1.207584E-01  6.486760E-01
     67707 -1.277529E+00 -1.759936E-01  6.895512E-01
     67708 -1.367332E+00 -1.086457E-01  5.944994E-01
     67709 -1.373629E+00 -1.685089E-01  6.431446E-01
     67710 -1.481643E+00 -9.599828E-02  5.292149E-01
     67711 -1.481097E+00 -1.607798E-01  5.875087E-01
     67712 -1.620346E+00 -9.031598E-02  4.440826E-01
     67713 -1.611251E+00 -1.574942E-01  5.150475E-01
     67714 -1.792008E+00 -9.649490E-02  3.312370E-01
     67715 -1.770532E+00 -1.646511E-01  4.177664E-01
     67716 -2.006056E+00 -1.245834E-01  1.782975E-01
     67717 -1.967648E+00 -1.876610E-01  2.852660E-01
     67718 -2.264553E+00 -1.917123E-01 -2.514177E-02
     67719 -2.204040E+00 -2.411594E-01  1.005053E-01
     67720 -2.568176E+00 -3.027425E-01 -2.828605E-01
     67721 -2.482957E+00 -3.306076E-01 -1.378276E-01
     67722 -2.910454E+00 -4.769784E-01 -6.019984E-01
     67723 -2.796414E+00 -4.684577E-01 -4.425378E-01
     67724 -3.274315E+00 -7.249408E-01 -9.779131E-01
     67725 -3.129251E+00 -6.627202E-01 -8.135310E-01
     67726 -3.630413E+00 -1.055605E+00 -1.398483E+00
     67727 -3.455176E+00 -9.193405E-01 -1.243716E+00
     67728 -3.934365E+00 -1.470815E+00 -1.839728E+00
     67729 -3.732531E+00 -1.237874E+00 -1.715060E+00
     67730 -4.127417E+00 -1.963688E+00 -2.263796E+00
     67731 -3.906245E+00 -1.608161E+00 -2.196328E+00
     67732 -4.159255E+00 -2.512786E+00 -2.606735E+00
     67733 -3.905216E+00 -2.012859E+00 -2.634296E+00
     67734 -3.324839E+00 -2.526880E+00 -3.467640E+00
     67735 -3.672370E+00 -2.409052E+00 -2.937834E+00
     67736 -2.968612E+00 -1.698557E+00 -4.544333E+00
     67737 -2.158124E+00 -1.219398E+00 -4.630490E+00
     67738 -1.890601E+00 -9.219264E-01  9.487167E-01
     67739 -2.645711E+00 -1.529196E+00 -2.244291E+00
     67740 -1.597923E+00 -9.892065E-01  4.074598E-01
     68607  5.906395E-01  1.516067E-02 -1.296826E-02
     68608 -2.015904E-01  5.203024E-01  5.006019E-01
     68609 -1.124907E-01  5.672442E-01 -2.410077E-01
     68610 -2.229259E-01  5.512954E-01 -5.415839E-01
     68611  8.046511E-01  1.078685E+00 -8.574899E+00
     68612  5.401473E-01  1.451374E+00 -1.600099E+01
     68613  1.759807E+00  8.020599E-01 -9.399978E+00
     68614  1.088814E+00  7.738805E-01 -8.863726E+00
     68615  2.116972E-01  4.907249E-01 -7.873434E+00
     68616 -5.704745E-01  2.564330E+00 -2.102029E+01
     68617  4.790149E-01  8.830054E-01 -4.253287E+00
     68618  6.596605E-01  1.271926E+00 -8.951214E+00
     68619 -1.908987E-01  1.015466E+00 -1.048734E+01
     68620 -1.358070E+00  1.501173E+00 -1.359252E+01
     68621  3.108644E-01  2.584178E+00  2.241130E+01
     68622 -6.754501E-01  2.224206E+00  2.165753E+01
     68623 -1.219833E+00  9.739101E-01  1.462178E+01
     68624  1.365451E+00  1.082339E+00  1.532614E+01
     68625  2.433458E-01  4.529230E-01  9.818100E+00
     68626 -1.147145E+00 -2.841131E-01  9.279569E+00
     68627 -4.159469E-01 -1.441008E-01  1.026012E+01
     68628 -5.688937E-01  1.588343E-01  2.371286E+00
     68629 -2.322439E-01 -3.099754E-01  7.763095E+00
     68630  9.741156E-01 -4.752955E-01  8.556075E+00
     68631 -1.577648E-01  8.672206E-01  1.060067E+01
     68632 -2.548103E-01  1.573153E+00 -1.015578E+01
     69274 -5.653823E-01  5.716645E-03 -2.977367E-02
     69275  1.746690E-01  4.707390E-01  4.382221E-01
     69276  7.051038E-02  5.133940E-01 -2.245532E-01
     69277  1.977826E-01  4.768337E-01 -4.792101E-01
     69278 -5.322311E-01  1.296855E+00 -1.428931E+01
     69279 -7.528676E-01  9.815328E-01 -7.667252E+00
     69280 -1.024632E+00  7.196494E-01 -7.916941E+00
     69281 -1.617464E+00  7.810432E-01 -8.374191E+00
     69282 -2.211218E-01  4.608153E-01 -6.990550E+00
     69283  4.937907E-01  2.293517E+00 -1.863123E+01
     69284 -5.597229E-01  1.215472E+00 -7.982443E+00
     69285 -3.261921E-01  8.710447E-01 -3.708877E+00
     69286  1.969600E-01  9.696856E-01 -9.182949E+00
     69287  1.204323E+00  1.354898E+00 -1.196942E+01
     69288  5.742678E-01  2.032839E+00  1.934253E+01
     69289 -2.373172E-01  2.333951E+00  2.033318E+01
     69290 -1.207485E+00  9.967224E-01  1.400368E+01
     69291  1.122531E+00  8.573135E-01  1.300970E+01
     69292  2.071016E-01  7.849645E-01  9.744656E+00
     69293 -7.875072E-01 -4.163795E-01  7.905207E+00
     69294  3.479016E-01 -1.390272E-01  9.222152E+00
     69295  6.154608E-01  1.371092E-01  2.220137E+00
     69296  2.474607E-01 -2.446247E-01  6.911626E+00
     69297  1.028726E+00 -2.339222E-01  8.165348E+00
     69298  2.783971E-01  1.428457E+00 -8.913361E+00
     69299 -1.700299E-01  4.061341E-01  8.707144E+00

 total force (fx,fy,fz) for set FEET and time  0.3000000E+01

        2.050176E-09 -3.000000E+02  1.200000E+03

                        S T E P       4


                                INCREMENT     1


 displacements (vx,vy,vz) for set TOP and time  0.4000000E+01

     34873 -7.161283E-03  2.633983E-01 -2.524482E-01
     35658 -1.428679E-03  2.835925E-01 -2.645213E-01
     37100 -1.256445E-02  2.086836E-01 -2.153749E-01
     43530  3.548678E-03  2.796993E-01 -2.628386E-01
     46183  9.252744E-03  2.038259E-01 -2.059278E-01

 forces (fx,fy,fz) for set FEET and time  0.4000000E+01

       151 -1.513964E-01  1.898885E-01 -1.586352E+00
       155  4.156571E-01  5.002189E+00 -5.060389E+00
       156 -1.014327E-02 -5.562146E-02 -9.281394E-01
       160  1.422975E-03  5.448456E-01 -2.809230E-01
       161  1.299123E-01  1.746623E-01 -1.405806E+00
       165 -3.606755E-01  4.523053E+00 -4.561251E+00
       194  8.621613E+00  5.227969E+00  1.092912E+01
       195  1.925207E-01 -2.710160E-01  4.717726E-01
       196 -1.084559E-02  1.484865E-01  1.937134E-01
       197 -7.398370E+00  3.879121E+00  9.044376E+00
       221  1.171018E-02  1.377270E-01  1.662152E-01
       222  6.685917E+00  3.470338E+00  8.109634E+00
       225 -2.148933E-01 -2.855526E-01  4.565895E-01
       226 -7.846868E+00  4.797627E+00  9.991382E+00
       234  4.367743E-01  7.673327E-01  2.230452E+00
       236 -4.135063E-01  7.088031E-01  1.955541E+00
       242 -3.895219E+00  2.796370E+00 -4.903721E+00
       245 -5.078542E+00  4.094789E+00  6.215840E+00
       246  7.023499E+00  5.753216E+00  9.089771E+00
       253  3.463681E+00  2.466523E+00 -4.346361E+00
       254 -6.355220E+00  5.230826E+00  8.267102E+00
       255  4.570447E+00  3.622194E+00  5.503840E+00
      3486  1.788576E+00  1.971451E+00 -1.245435E+01
      3512 -8.263975E-03 -1.862699E-01 -1.268400E+00
      3525  3.167743E-01  6.870834E-01 -1.874861E+00
      3526  3.828459E-01  5.541511E-01 -8.923845E-01
      3527  4.760394E-01  3.570124E-01 -1.946461E+00
      3528  4.260278E-01  2.312519E-01 -1.501450E+00
      3529  2.778355E-01  1.273704E-01 -1.126552E+00
      3530  2.956191E-01  6.289429E-02 -9.616658E-01
      3531  1.738390E-01  3.748554E-02 -7.952931E-01
      3532  1.944386E-01  3.847756E-02 -7.798900E-01
      3533  1.649569E-01 -2.581895E-02 -6.069121E-01
      3534  8.705098E-02 -3.378480E-03 -6.575197E-01
      3535  1.529319E-01 -3.000370E-02 -6.615705E-01
      3536  4.681331E-02 -4.610062E-04 -6.646921E-01
      3537  1.302391E-01 -2.566914E-02 -6.892413E-01
      3538  2.525245E-02  6.816259E-03 -7.062321E-01
      3539  1.172769E-01 -1.565155E-02 -7.332220E-01
      3540  1.181578E-02  1.443697E-02 -7.505632E-01
      3541  1.098445E-01 -5.875404E-03 -7.734795E-01
      3542  2.941084E-03  2.012335E-02 -7.847424E-01
      3543  1.039503E-01  1.946987E-03 -8.004242E-01
      3544 -6.754133E-03  1.843666E-02 -8.088416E-01
      3545  6.440280E-02  7.389317E-02 -9.001515E-01
      3546  5.898977E-02 -1.814977E-02 -7.317893E-01
      3547 -1.215694E-02  1.775667E-02 -8.306257E-01
      3548 -1.298246E-02  7.102268E-02 -8.595451E-01
      3549  4.333359E-02 -1.707004E-02 -7.426167E-01
      3550 -3.626345E-02  2.217616E-02 -8.447696E-01
      3551  3.182685E-02  8.800602E-02 -9.246742E-01
      3552  3.810313E-02  1.696627E-01 -9.010777E-01
      3553  7.597110E-03 -5.451786E-03 -7.755242E-01
      3554 -3.683319E-02 -3.930723E-03 -7.973211E-01
      3555  3.393451E+00  1.721485E+00 -1.110937E+01
      3556  2.851746E+00  3.748495E-03 -6.363831E+00
      3557  3.491543E+00 -5.843772E-01 -5.923200E+00
      3558  3.114322E+00 -7.427985E-01 -4.524481E+00
      3559  2.743725E+00 -4.799926E-01 -3.185231E+00
      3560  2.460077E+00 -4.903753E-01 -2.501766E+00
      3561  2.131622E+00 -3.110554E-01 -1.714792E+00
      3562  1.903777E+00 -3.467996E-01 -1.409372E+00
      3563  1.668729E+00 -2.443101E-01 -1.055708E+00
      3564  1.428579E+00 -2.050055E-01 -7.507247E-01
      3565  1.288336E+00 -2.626903E-01 -7.933983E-01
      3566  1.122992E+00 -1.801528E-01 -5.732709E-01
      3567  1.027559E+00 -2.548933E-01 -7.232540E-01
      3568  9.085893E-01 -1.804990E-01 -5.637321E-01
      3569  8.465738E-01 -2.642927E-01 -7.666084E-01
      3570  7.584885E-01 -1.907026E-01 -6.216400E-01
      3571  7.151086E-01 -2.786115E-01 -8.424898E-01
      3572  6.453651E-01 -2.039583E-01 -6.872236E-01
      3573  6.096336E-01 -2.930511E-01 -9.054596E-01
      3574  5.469236E-01 -2.155107E-01 -7.320923E-01
      3575  5.209345E-01 -3.135863E-01 -9.222363E-01
      3576  4.716845E-01 -2.224805E-01 -8.851358E-01
      3577  3.830192E-01 -2.322075E-01 -7.513894E-01
      3578  3.683942E-01 -2.675943E-01 -8.870375E-01
      3579  2.995398E-01 -2.322995E-01 -9.076811E-01
      3580  2.114687E-01 -2.393065E-01 -7.770446E-01
      3581  1.725142E-01 -3.300335E-01 -9.961728E-01
      3582  1.239273E-01 -2.304337E-01 -9.781321E-01
      3583  5.847131E-02 -2.676005E-01 -8.638806E-01
      3584  3.739678E-02 -2.536749E-01 -8.544704E-01
      3585  1.662129E-02 -2.555896E-01 -9.759743E-01
      3769  3.190854E-01  4.084829E+00 -2.352353E+00
      3770  5.030665E-02  3.083960E+00 -1.201416E+00
      3771 -2.067419E-01  2.008018E+00 -8.023849E-01
      3772  1.009694E-01  1.435589E+00 -6.005041E-01
      3773 -1.197697E-01  1.150525E+00 -3.935967E-01
      3774  4.576499E-02  8.824760E-01 -3.058005E-01
      3775 -8.186380E-02  7.643658E-01 -2.161164E-01
      3776 -8.633821E-04  5.164830E-01 -2.702432E-01
      3777 -2.827426E-02  7.063872E-01 -3.858707E-03
      3778 -6.190749E-02  5.618010E-01 -1.146448E-01
      3779  1.877985E-02  5.335640E-01 -1.041460E-01
      3780 -5.492502E-02  5.577764E-01 -1.095874E-01
      3781  2.103453E-02  5.528045E-01 -1.046192E-01
      3782 -5.412985E-02  5.888771E-01 -1.178888E-01
      3783  2.521529E-02  5.931293E-01 -1.170127E-01
      3784 -5.491806E-02  6.283780E-01 -1.296290E-01
      3785  2.989066E-02  6.322162E-01 -1.296812E-01
      3786 -5.519123E-02  6.608402E-01 -1.383512E-01
      3787  3.402190E-02  6.602625E-01 -1.372825E-01
      3788 -5.323307E-02  6.751449E-01 -1.422199E-01
      3789 -4.146992E-03  5.430581E-01 -2.656683E-01
      3790 -1.120591E-02  8.269406E-01  1.950320E-02
      3791 -5.588725E-02  6.837643E-01 -1.389269E-01
      3792 -9.317393E-02  7.036826E-01 -1.339876E-01
      3793 -5.985352E-03  8.406299E-01  1.945772E-02
      3794 -5.351597E-02  6.958865E-01 -1.443960E-01
      3795 -2.198225E-03  5.679150E-01 -2.755671E-01
      3796 -9.663812E-02  7.905244E-01 -1.343857E-01
      3797  1.004588E-03  8.692200E-01 -2.185449E-02
      3798  1.468889E-02  8.049262E-01  1.174985E-03
      3799  1.824508E+00  8.035070E+00 -1.190947E+01
      3800  1.456793E+00  5.073961E+00 -7.052691E+00
      3801  1.038347E+00  3.491213E+00 -4.428707E+00
      3802  7.993878E-01  1.694698E+00 -2.994571E+00
      3803  6.900628E-01  1.768124E+00 -2.257929E+00
      3804  5.738447E-01  9.619201E-01 -1.697746E+00
      3805  5.017220E-01  1.047503E+00 -1.325155E+00
      3806  4.225106E-01  6.176570E-01 -1.095194E+00
      3807  3.826351E-01  6.119270E-01 -9.514442E-01
      3808  3.276885E-01  6.301168E-01 -7.763987E-01
      3809  2.738420E-01  4.559954E-01 -7.978765E-01
      3810  2.424431E-01  5.844288E-01 -7.210091E-01
      3811  2.149222E-01  4.584817E-01 -7.972689E-01
      3812  1.933352E-01  6.083925E-01 -7.498336E-01
      3813  1.758970E-01  4.938327E-01 -8.525166E-01
      3814  1.614169E-01  6.563243E-01 -8.093042E-01
      3815  1.490997E-01  5.341522E-01 -9.149446E-01
      3816  1.385460E-01  7.000584E-01 -8.629700E-01
      3817  1.283223E-01  5.653299E-01 -9.617559E-01
      3818  1.180039E-01  7.281382E-01 -8.973240E-01
      3819  1.077567E-01  5.776615E-01 -9.881680E-01
      3820  1.163824E-01  6.600524E-01 -9.999066E-01
      3821  9.587828E-02  7.369424E-01 -9.011158E-01
      3822  7.459778E-02  6.110471E-01 -9.894993E-01
      3823  8.351223E-02  6.874192E-01 -1.009596E+00
      3824  5.536639E-02  7.543993E-01 -9.187962E-01
      3825  3.229895E-02  6.010029E-01 -1.034941E+00
      3826  4.883267E-02  6.781935E-01 -1.011786E+00
      3827  4.916506E-02  8.070698E-01 -1.009192E+00
      3828  2.047756E-02  8.243467E-01 -9.372663E-01
      3829 -7.893519E-03  7.038448E-01 -1.052730E+00
      3843 -1.627965E+00  1.767848E+00 -1.115337E+01
      3856  2.197607E-02 -3.647780E-03 -7.903929E-01
      3857 -1.479446E-02 -1.579168E-02 -7.652721E-01
      3858 -1.238607E-02 -1.777603E-02 -7.699746E-01
      3859 -2.218250E-02 -1.757444E-02 -7.602896E-01
      3860 -2.582812E-02 -2.595654E-02 -7.694704E-01
      3861 -2.864939E-02 -2.394996E-02 -7.526127E-01
      3862 -2.801995E-02 -2.311441E-02 -7.470559E-01
      3863 -4.154554E-02 -1.637669E-02 -7.232532E-01
      3864 -4.809253E-02 -1.773318E-02 -7.276834E-01
      3865 -5.665644E-02 -1.780193E-02 -7.210939E-01
      3866 -6.143841E-02 -1.760430E-02 -7.165422E-01
      3867 -6.579004E-02 -1.943782E-02 -7.088711E-01
      3868 -6.928887E-02 -1.997147E-02 -6.988292E-01
      3869 -7.238557E-02 -2.092497E-02 -6.859773E-01
      3870 -7.532731E-02 -2.204222E-02 -6.685949E-01
      3871 -7.886574E-02 -2.494525E-02 -6.494843E-01
      3872 -8.411943E-02 -2.728975E-02 -6.266013E-01
      3873 -9.092711E-02 -3.085066E-02 -6.049900E-01
      3874 -9.995620E-02 -3.292511E-02 -5.839297E-01
      3875 -1.187154E-01 -3.377772E-02 -5.675728E-01
      3876 -1.298280E-01 -3.186209E-02 -5.705325E-01
      3877 -1.567481E-01 -2.692189E-02 -5.820739E-01
      3878 -1.858236E-01 -1.543645E-02 -6.202506E-01
      3879 -2.218263E-01  4.458385E-03 -6.915415E-01
      3880 -2.660969E-01  3.502472E-02 -8.074606E-01
      3881 -3.219967E-01  8.208175E-02 -9.847576E-01
      3882 -3.975464E-01  1.589225E-01 -1.256877E+00
      3883 -5.161331E-01  2.837044E-01 -1.703046E+00
      3884 -3.485111E-01  4.823656E-01 -7.982766E-01
      3885 -2.289825E-01  9.065231E-01 -1.935691E+00
      3886 -6.789364E-02 -2.482919E-01 -9.675551E-01
      3887 -7.927490E-02 -2.904358E-01 -8.379029E-01
      3888 -1.202092E-01 -2.784781E-01 -8.459753E-01
      3889 -1.597867E-01 -2.724741E-01 -8.071355E-01
      3890 -2.135384E-01 -2.634698E-01 -7.838633E-01
      3891 -2.614567E-01 -2.640956E-01 -7.368768E-01
      3892 -3.283694E-01 -2.537610E-01 -7.505796E-01
      3893 -3.746906E-01 -2.458117E-01 -7.137999E-01
      3894 -4.465252E-01 -2.375751E-01 -7.048827E-01
      3895 -5.030184E-01 -2.330226E-01 -6.968020E-01
      3896 -5.603844E-01 -2.265372E-01 -6.916198E-01
      3897 -6.151586E-01 -2.256258E-01 -6.868162E-01
      3898 -6.661454E-01 -2.218752E-01 -6.790795E-01
      3899 -7.158736E-01 -2.160489E-01 -6.663050E-01
      3900 -7.646878E-01 -2.086474E-01 -6.455285E-01
      3901 -8.178357E-01 -2.024914E-01 -6.193115E-01
      3902 -8.763956E-01 -1.949840E-01 -5.871327E-01
      3903 -9.489392E-01 -1.889985E-01 -5.584755E-01
      3904 -1.035853E+00 -1.859771E-01 -5.402972E-01
      3905 -1.145091E+00 -1.894667E-01 -5.370502E-01
      3906 -1.277536E+00 -1.873233E-01 -6.052438E-01
      3907 -1.430759E+00 -2.020078E-01 -6.968553E-01
      3908 -1.613346E+00 -2.242269E-01 -8.743030E-01
      3909 -1.825091E+00 -2.561386E-01 -1.149991E+00
      3910 -2.064759E+00 -3.032613E-01 -1.551213E+00
      3911 -2.328911E+00 -3.704755E-01 -2.110797E+00
      3912 -2.612686E+00 -4.597841E-01 -2.872447E+00
      3913 -2.915986E+00 -5.566372E-01 -3.901547E+00
      3914 -3.279383E+00 -5.587064E-01 -5.339227E+00
      3915 -2.638705E+00  3.863237E-02 -5.765195E+00
      3916 -3.102735E+00  1.459680E+00 -1.005278E+01
      4100 -1.012714E-02  8.347751E-01  1.420144E-02
      4101  1.603426E-03  9.009021E-01  2.150194E-02
      4102  9.449786E-03  8.854110E-01  1.530848E-02
      4103  1.161860E-02  8.794657E-01  8.490570E-03
      4104  5.635901E-03  8.825982E-01  4.490966E-03
      4105  1.808446E-02  8.614851E-01  1.854684E-02
      4106  4.935669E-03  8.417403E-01  1.678654E-02
      4107  1.207665E-02  8.132442E-01 -4.149594E-03
      4108  1.560159E-02  8.056097E-01 -1.138614E-02
      4109  1.682180E-02  8.001647E-01 -9.722866E-03
      4110  2.217501E-02  7.948610E-01 -1.361199E-02
      4111  2.330114E-02  7.925737E-01 -6.751140E-03
      4112  2.460112E-02  7.816601E-01 -7.138445E-03
      4113  2.539962E-02  7.660288E-01 -7.155076E-03
      4114  2.695496E-02  7.456086E-01 -6.958093E-03
      4115  2.780499E-02  7.234127E-01 -3.399320E-03
      4116  2.839979E-02  6.968809E-01 -2.012104E-03
      4117  3.075341E-02  6.727264E-01  1.106873E-03
      4118  2.894211E-02  6.558631E-01 -1.142435E-03
      4119  3.861848E-02  6.402263E-01  5.202529E-03
      4120  3.365944E-02  6.413294E-01 -7.272883E-03
      4121  4.167397E-02  6.753747E-01 -2.392882E-02
      4122  4.448763E-02  7.338921E-01 -5.207845E-02
      4123  4.936939E-02  8.329115E-01 -9.661224E-02
      4124  5.537603E-02  9.894434E-01 -1.592441E-01
      4125  6.151256E-02  1.219953E+00 -2.484403E-01
      4126  6.577713E-02  1.555726E+00 -3.824605E-01
      4127  6.356592E-02  2.077068E+00 -6.074127E-01
      4128  3.113504E-02  2.979448E+00 -1.103378E+00
      4129 -6.154219E-01  4.198303E+00 -2.588438E+00
      4130  1.630748E-03  7.123179E-01 -1.031825E+00
      4131 -8.815307E-04  8.001658E-01 -8.718104E-01
      4132 -3.194560E-02  8.573234E-01 -8.440116E-01
      4133 -6.586308E-02  8.260914E-01 -8.525329E-01
      4134 -7.779066E-02  8.081189E-01 -8.569791E-01
      4135 -5.690599E-02  8.668488E-01 -8.427377E-01
      4136 -7.854157E-02  7.996000E-01 -8.095008E-01
      4137 -9.611180E-02  7.792260E-01 -8.425166E-01
      4138 -1.215340E-01  7.567477E-01 -8.440046E-01
      4139 -1.350011E-01  7.548265E-01 -8.395526E-01
      4140 -1.450420E-01  7.486615E-01 -8.400866E-01
      4141 -1.567107E-01  7.498592E-01 -8.227406E-01
      4142 -1.682109E-01  7.400928E-01 -8.113211E-01
      4143 -1.782814E-01  7.273043E-01 -7.983792E-01
      4144 -1.870859E-01  7.089001E-01 -7.814978E-01
      4145 -1.971043E-01  6.857531E-01 -7.566892E-01
      4146 -2.087154E-01  6.587937E-01 -7.280090E-01
      4147 -2.233022E-01  6.314406E-01 -6.999601E-01
      4148 -2.427824E-01  6.079603E-01 -6.724391E-01
      4149 -2.543220E-01  5.961686E-01 -6.730334E-01
      4150 -2.818600E-01  5.973776E-01 -6.591302E-01
      4151 -3.349627E-01  6.312821E-01 -7.092252E-01
      4152 -3.815603E-01  6.993355E-01 -7.949786E-01
      4153 -4.370590E-01  8.171163E-01 -9.474443E-01
      4154 -5.016084E-01  1.003044E+00 -1.181041E+00
      4155 -5.778574E-01  1.278256E+00 -1.522730E+00
      4156 -6.698545E-01  1.671488E+00 -2.018817E+00
      4157 -7.911581E-01  2.255390E+00 -2.763102E+00
      4158 -9.656675E-01  3.230419E+00 -3.986922E+00
      4159 -1.345942E+00  5.278829E+00 -6.436930E+00
      4160 -1.744841E+00  7.157662E+00 -1.064216E+01
      4894  1.013634E+00 -4.274952E-01  6.250423E-01
      4895  2.687002E+00 -6.294471E-01  1.745205E+00
      4896  4.346846E+00 -1.286901E-02  2.677260E+00
      4897  5.831537E+00  1.774705E-01  3.090700E+00
      4898  4.775247E-01 -7.790772E-01  8.967934E-01
      4899  2.820855E+00 -2.254533E+00  4.954380E+00
      4900  5.253231E+00 -2.795822E+00  1.059962E+01
      4901  7.572467E+00 -3.073913E+00  1.716812E+01
      4902  1.371450E+01 -2.933804E+00  2.740859E+01
      5053 -3.384699E-01 -6.433995E-01  8.520235E-01
      5054 -1.463088E+00  1.071689E+01  4.699274E+01
      5055  3.776117E-01 -5.549374E-01 -4.701332E-01
      5056 -5.404194E-02 -4.769835E-02 -3.820545E-01
      5057 -1.601067E+00 -2.295057E-01  1.010921E+00
      5058 -5.877340E+00 -6.422397E-01  1.921292E+00
      5059  6.888750E-01  1.557956E-02 -1.879547E+00
      5060  3.918288E-02 -1.862188E+00  1.781123E-02
      5061 -2.226082E+00 -2.714916E+00  4.998153E+00
      5062 -6.691609E+00 -3.237706E+00  1.280112E+01
      5063 -1.194074E+01 -3.598687E+00  2.473824E+01
      5815 -4.345406E-01 -4.632807E-01 -4.863652E-01
      5816  8.165789E-03 -4.008005E-02 -3.954563E-01
      5817  1.384050E+00 -2.064198E-01  8.733322E-01
      5818  5.234608E+00 -5.866516E-01  1.703627E+00
      5819 -6.055535E-01 -7.353586E-03 -1.690402E+00
      5820 -6.429663E-02 -1.710146E+00 -6.205502E-02
      5821  1.967900E+00 -2.480647E+00  4.415023E+00
      5822  5.995061E+00 -2.954933E+00  1.146715E+01
      5823  1.077490E+01 -3.291840E+00  2.230828E+01
      5983  3.233485E-01 -6.527425E-01  9.091278E-01
      5984  1.425532E+00  9.708646E+00  4.261860E+01
      5985 -9.829330E-01 -6.005112E-01  5.358941E-01
      5986 -2.586588E+00 -5.748704E-01  1.632006E+00
      5987 -4.048016E+00 -7.838765E-03  2.519256E+00
      5988 -5.378993E+00  1.675050E-01  2.881420E+00
      5989 -4.302423E-01 -7.187996E-01  1.009176E+00
      5990 -2.801331E+00 -2.070074E+00  4.824691E+00
      5991 -4.920442E+00 -2.563534E+00  9.928381E+00
      5992 -6.995428E+00 -2.803257E+00  1.586025E+01
      5993 -1.254158E+01 -2.651315E+00  2.507003E+01
      6624  2.286885E+00  3.282959E+00 -7.260923E+00
      6629 -2.114907E+00  2.989177E+00 -6.495834E+00
      6631 -1.923609E-01  2.322504E+00  3.920467E+00
      6632 -5.301482E-01  1.709288E+00  3.306200E+00
      6633 -2.423980E-01  1.161307E+00  2.176101E+00
      6634 -6.238551E-02  8.375629E-01  1.571258E+00
      6635  1.728741E-02  6.900175E-01  1.277009E+00
      6636  4.600157E-02  5.821808E-01  1.079068E+00
      6637  6.305086E-02  5.485229E-01  9.881177E-01
      6638  7.354678E-02  5.296246E-01  9.289281E-01
      6639  7.208340E-02  5.108805E-01  9.108364E-01
      6640  7.535293E-02  5.389751E-01  9.353997E-01
      6641  6.695284E-02  5.389030E-01  9.418431E-01
      6642  6.744615E-02  5.786204E-01  9.896018E-01
      6643  5.780355E-02  5.816256E-01  1.006534E+00
      6644  5.737567E-02  6.236852E-01  1.058443E+00
      6645  4.754745E-02  6.225093E-01  1.071925E+00
      6646  4.701825E-02  6.621195E-01  1.118295E+00
      6647  3.765564E-02  6.533606E-01  1.121447E+00
      6648  3.741643E-02  6.882993E-01  1.157733E+00
      6649  2.915603E-02  6.726778E-01  1.150077E+00
      6650  2.464530E-02  7.032351E-01  1.172898E+00
      6651  2.855605E-02  7.166636E-01  1.170887E+00
      6652  2.134085E-02  6.886771E-01  1.170204E+00
      6653  1.496235E-02  7.138173E-01  1.184006E+00
      6654  1.903855E-02  7.281854E-01  1.181387E+00
      6655  1.446108E-02  6.967669E-01  1.179573E+00
      6656  4.756379E-03  7.264395E-01  1.192397E+00
      6657  1.794374E-02  7.411702E-01  1.184422E+00
      6658  6.253687E-03  7.020982E-01  1.192042E+00
      6659  5.444656E-03  7.017297E-01  1.199163E+00
      6660 -7.360607E-03  7.302864E-01  1.228608E+00
      6661 -4.124785E-03  7.268249E-01  1.224638E+00
      6662 -5.759696E-03  6.903006E-01  1.194061E+00
      6663 -7.990838E-03  7.031837E-01  1.199474E+00
      6664 -1.232103E-02  6.967092E-01  1.195674E+00
      6665 -1.154297E-02  6.975324E-01  1.194556E+00
      6666 -1.634221E-02  7.036005E-01  1.206411E+00
      6667 -2.309950E-02  6.918644E-01  1.180354E+00
      6668 -2.114967E-02  6.801558E-01  1.168277E+00
      6669 -2.588325E-02  6.745321E-01  1.159407E+00
      6670 -2.972936E-02  6.717443E-01  1.156717E+00
      6671 -3.354828E-02  6.673162E-01  1.149167E+00
      6672 -3.735291E-02  6.595784E-01  1.139069E+00
      6673 -4.124327E-02  6.497792E-01  1.124453E+00
      6674 -4.538179E-02  6.380063E-01  1.106199E+00
      6675 -5.003679E-02  6.238827E-01  1.083228E+00
      6676 -5.444686E-02  6.058290E-01  1.053291E+00
      6677 -5.930596E-02  5.858317E-01  1.020999E+00
      6678 -6.423341E-02  5.633429E-01  9.834704E-01
      6679 -6.888130E-02  5.393994E-01  9.458948E-01
      6680 -7.223672E-02  5.130011E-01  9.112426E-01
      6681 -7.516423E-02  4.989028E-01  8.821062E-01
      6682 -7.647300E-02  4.828262E-01  8.685942E-01
      6683 -7.368172E-02  4.805213E-01  8.763716E-01
      6684 -6.673489E-02  4.963631E-01  9.185839E-01
      6685 -5.238947E-02  5.378102E-01  1.008263E+00
      6686 -2.239032E-02  6.176002E-01  1.167758E+00
      6687  4.721048E-02  7.621434E-01  1.445882E+00
      6688  2.116541E-01  1.033642E+00  1.970507E+00
      6689  4.670654E-01  1.542188E+00  3.001272E+00
      6690  1.712713E-01  2.089745E+00  3.546466E+00
      6691  9.459224E-01  2.954113E+00  5.738043E+00
      6692  2.877759E-01  2.261896E+00  5.055379E+00
      6693  1.189222E+00  1.254454E+00  4.483277E+00
      6694  1.452860E+00  7.855933E-01  3.078571E+00
      6695  1.487886E+00  6.545187E-01  2.482724E+00
      6696  1.411280E+00  6.247122E-01  2.240009E+00
      6697  1.298494E+00  6.422875E-01  2.149382E+00
      6698  1.174728E+00  6.737143E-01  2.155554E+00
      6699  1.055583E+00  7.243362E-01  2.201122E+00
      6700  9.560455E-01  7.602845E-01  2.273744E+00
      6701  8.595454E-01  8.058957E-01  2.373333E+00
      6702  7.777633E-01  8.439679E-01  2.462648E+00
      6703  7.035714E-01  8.803965E-01  2.559508E+00
      6704  6.423761E-01  9.087609E-01  2.638671E+00
      6705  5.841510E-01  9.357186E-01  2.718757E+00
      6706  5.370970E-01  9.530934E-01  2.776819E+00
      6707  4.890312E-01  9.703631E-01  2.833209E+00
      6708  4.505864E-01  9.790730E-01  2.867838E+00
      6709  4.082524E-01  9.888503E-01  2.902251E+00
      6710  3.759188E-01  9.918597E-01  2.923499E+00
      6711  3.339401E-01  9.975310E-01  2.955174E+00
      6712  2.855580E-01  1.010548E+00  2.962400E+00
      6713  2.588654E-01  9.992308E-01  2.963286E+00
      6714  2.140344E-01  1.006266E+00  2.984549E+00
      6715  1.652682E-01  1.012043E+00  2.982299E+00
      6716  1.374771E-01  1.000862E+00  2.978275E+00
      6717  1.016130E-01  9.962142E-01  2.982423E+00
      6718  5.651096E-02  9.989669E-01  2.975010E+00
      6719  3.750244E-02  9.862237E-01  2.952932E+00
      6720  1.705391E-02  9.913228E-01  2.973286E+00
      6721 -2.128111E-02  1.019073E+00  2.931508E+00
      6722 -5.719269E-02  9.870231E-01  2.959039E+00
      6723 -6.718092E-02  9.865490E-01  2.952683E+00
      6724 -1.013925E-01  9.890016E-01  2.962046E+00
      6725 -1.322797E-01  9.931341E-01  2.970378E+00
      6726 -1.617631E-01  1.001231E+00  2.996442E+00
      6727 -2.267167E-01  1.005422E+00  2.993296E+00
      6728 -2.591255E-01  9.909550E-01  2.945951E+00
      6729 -2.982432E-01  9.930548E-01  2.929273E+00
      6730 -3.337363E-01  9.853222E-01  2.910519E+00
      6731 -3.773620E-01  9.828875E-01  2.898488E+00
      6732 -4.195322E-01  9.754107E-01  2.875007E+00
      6733 -4.603264E-01  9.659783E-01  2.843628E+00
      6734 -4.994101E-01  9.535538E-01  2.802914E+00
      6735 -5.385550E-01  9.385634E-01  2.754031E+00
      6736 -5.805402E-01  9.197112E-01  2.693684E+00
      6737 -6.233966E-01  8.971702E-01  2.623957E+00
      6738 -6.741947E-01  8.713376E-01  2.544891E+00
      6739 -7.312726E-01  8.397954E-01  2.455530E+00
      6740 -7.982951E-01  8.045798E-01  2.359094E+00
      6741 -8.763601E-01  7.652478E-01  2.258817E+00
      6742 -9.619563E-01  7.197687E-01  2.158794E+00
      6743 -1.059638E+00  6.752536E-01  2.074145E+00
      6744 -1.163716E+00  6.336932E-01  2.017194E+00
      6745 -1.272690E+00  6.000413E-01  2.008126E+00
      6746 -1.375643E+00  5.823249E-01  2.076484E+00
      6747 -1.444370E+00  6.014268E-01  2.286361E+00
      6748 -1.410618E+00  7.226446E-01  2.810495E+00
      6749 -1.174233E+00  1.131783E+00  4.067290E+00
      6750 -3.121044E-01  2.044527E+00  4.567561E+00
      6751 -9.036558E-01  2.668593E+00  5.171303E+00
      7125  2.613288E-01  1.046055E+01 -2.410914E+01
      7156 -2.877408E-01  1.836367E+01  4.420094E+01
      7176 -3.562037E+00 -1.176938E-03  1.351428E+00
      7177 -1.731249E+00 -9.490830E-02  3.957229E-01
      7178 -4.370356E-01 -3.286835E-01 -9.231043E-01
      7179 -8.888357E+00  2.892683E+00  2.124249E+01
      7180 -5.304995E+00  2.125728E+00  1.146457E+01
      7181 -2.992659E+00  4.507647E+00  1.061316E+01
      7182 -5.516854E-01  4.484300E+00  1.419494E+00
      7183  7.029969E+00 -9.585024E-02  3.656011E+00
      7184  4.031537E+00 -6.644664E-01  3.424328E+00
      7185  8.336045E-01 -1.218153E+00  2.035565E+00
      7186 -1.648358E+00 -1.598744E-01 -2.419077E-01
      7187  1.371375E+01  3.121127E+00  3.120261E+01
      7188  9.107585E+00  2.178955E+00  1.931844E+01
      7189  3.457293E+00  4.005661E+00  1.235830E+01
      7190 -6.871769E-01  2.240773E+00 -2.613254E+00
      7191 -5.459942E+00  1.909059E+00 -1.276717E+01
      7241 -2.413480E-01  9.341563E+00 -2.151301E+01
      7272  2.820302E-01  1.650811E+01  3.971453E+01
      7292 -6.440043E+00 -7.455901E-02  3.396973E+00
      7293 -3.722153E+00 -5.658445E-01  3.292656E+00
      7294 -8.441231E-01 -1.131217E+00  2.040011E+00
      7295  1.387319E+00 -1.422628E-01 -1.415806E-01
      7296 -1.246445E+01  2.809547E+00  2.834669E+01
      7297 -8.361265E+00  1.949508E+00  1.771761E+01
      7298 -3.222623E+00  3.602116E+00  1.151371E+01
      7299  4.739953E-01  2.023400E+00 -2.044707E+00
      7300  4.778254E+00  1.709077E+00 -1.119448E+01
      7301  3.111216E+00  1.452643E-02  1.099675E+00
      7302  1.482813E+00 -6.145842E-02  2.174148E-01
      7303  3.072620E-01 -2.631159E-01 -1.004247E+00
      7304  8.019346E+00  2.570450E+00  1.883665E+01
      7305  4.720041E+00  1.913305E+00  1.002830E+01
      7306  2.609754E+00  4.100613E+00  9.263750E+00
      7307  4.594952E-01  4.079187E+00  1.104910E+00
     49336 -1.559101E-02  1.226826E-01  4.994000E-02
     49337 -1.087709E-02  1.082922E-01  4.048780E-02
     49338 -9.116226E-03  1.126027E-01  4.173426E-02
     49339  7.907719E-03  8.042357E-02  1.150060E-02
     49340 -7.749125E-03  1.165851E-01  4.324458E-02
     49341 -1.778187E-02  8.387894E-02  8.746391E-03
     49342 -2.234107E-02  9.967170E-02  9.359043E-03
     49343  1.478292E-04  1.473640E-01 -3.481191E-02
     49344 -1.800192E-02  1.044278E-01  9.092921E-03
     49345  8.032992E-04  1.244880E-01 -2.281604E-02
     49346 -6.666114E-03  1.190902E-01  4.424504E-02
     49347  2.889386E-03  1.261587E-01  4.908616E-02
     49348 -2.311065E-02  9.748323E-02  8.241031E-03
     49349 -6.593059E-03  9.066011E-02  7.644775E-03
     49350  1.021666E-03  1.202089E-01 -2.216884E-02
     49351  1.165956E-03  1.266458E-01 -2.288312E-02
     49352  3.221822E-02  3.221465E-01  5.699236E-02
     49353 -4.214301E-02  1.538331E-01  5.688920E-02
     49354 -9.596514E-03  1.074394E-01  3.027193E-02
     49355 -3.109753E-02  2.164524E-01  9.106894E-02
     49356 -2.550034E-02  1.485486E-01  5.976239E-02
     49357  7.197983E-03  1.094276E-01 -2.222374E-02
     49358 -1.340488E-02  1.057491E-01  3.977049E-02
     49359  6.712437E-03  1.196972E-01  4.750858E-02
     49360 -2.475234E-02  9.873295E-02  1.064253E-02
     49361  8.182860E-04  1.145170E-01 -2.127480E-02
     49362  9.209899E-03  1.412541E-01 -3.091909E-02
     49363 -2.500434E-03  8.943156E-02 -5.057240E-03
     49364  5.393394E-04  1.075355E-01 -1.963006E-02
     49365 -2.137822E-02  7.832320E-02  8.626300E-03
     49366  1.082884E-02  1.410825E-01 -3.113229E-02
     49367  2.546423E+00  1.682519E-02 -1.303867E+01
     49368  2.192442E+00  1.537764E+00 -1.034317E+01
     49369  2.467836E+00  6.464027E-01 -8.943297E+00
     49370  3.100181E+00  5.510558E-01 -1.183368E+01
     49371  2.595768E-02 -2.074713E-01 -9.926959E-01
     49372  3.120669E-03 -8.131795E-02 -1.429403E+00
     49373 -5.686060E-03 -2.904544E-01 -1.141215E+00
     49374  3.803852E-02 -4.058008E-02 -1.467887E+00
     49375  2.307157E+00 -5.757886E-02 -6.783669E+00
     49376  2.037487E+00 -3.462876E-01 -5.736245E+00
     49377  2.698109E+00 -3.869226E-01 -8.758709E+00
     49378  2.521474E+00 -4.807452E-01 -8.507780E+00
     49379  1.840911E+00 -3.937271E-01 -4.613318E+00
     49380  1.628722E+00 -4.131141E-01 -4.009976E+00
     49381  2.264426E+00 -8.896485E-01 -5.927125E+00
     49382  2.521543E+00 -9.491266E-02 -7.581732E+00
     49383  2.016805E+00 -5.484805E-01 -5.788700E+00
     49384  1.529011E+00 -1.693774E-01 -3.197426E+00
     49385  1.481917E+00 -1.703890E-01 -2.760653E+00
     49386  2.022156E+00 -8.546536E-01 -4.020742E+00
     49387  1.986718E+00 -3.141410E-01 -5.252594E+00
     49388  1.728029E+00  9.322403E-02 -4.296189E+00
     49389  1.308696E+00 -2.948703E-01 -2.475837E+00
     49390  1.201243E+00 -3.056666E-01 -2.220665E+00
     49391  1.343901E+00 -6.525675E-01 -2.900502E+00
     49392  1.418239E+00 -3.098584E-01 -3.154434E+00
     49393  1.492241E+00  1.193296E-01 -3.840357E+00
     49394  1.115545E+00 -1.307899E-01 -1.802980E+00
     49395  1.111488E+00 -1.313294E-01 -1.600439E+00
     49396  1.436499E+00 -5.874477E-01 -2.272694E+00
     49397  1.343530E+00 -1.877774E-01 -2.916672E+00
     49398  1.226076E+00  9.518493E-03 -2.431371E+00
     49399  9.836734E-01 -2.320073E-01 -1.482932E+00
     49400  9.090583E-01 -2.382047E-01 -1.359426E+00
     49401  9.744862E-01 -4.678152E-01 -1.744302E+00
     49402  1.092715E+00  3.821380E-02 -2.218816E+00
     49403  1.074770E+00 -1.978009E-01 -1.967994E+00
     49404  8.268128E-01 -1.127876E-01 -1.119734E+00
     49405  8.266004E-01 -1.236968E-01 -1.054754E+00
     49406  1.082561E+00 -4.659668E-01 -1.441956E+00
     49407  9.044662E-01 -2.181162E-02 -1.544752E+00
     49408  9.710958E-01 -1.395943E-01 -1.843555E+00
     49409  6.727563E-01 -1.149241E-01 -9.151360E-01
     49410  6.998464E-01 -2.452481E-01 -1.031764E+00
     49411  8.272391E-01 -3.754949E-01 -1.101906E+00
     49412  8.205026E-01  5.845015E-03 -1.465652E+00
     49413  7.682999E-01 -9.076667E-02 -1.320499E+00
     49414  6.510483E-01 -2.335153E-01 -9.057710E-01
     49415  5.965907E-01 -2.057642E-01 -8.662597E-01
     49416  7.165822E-01 -4.660145E-01 -1.130589E+00
     49417  7.113106E-01 -1.565218E-01 -1.277144E+00
     49418  6.876215E-01  8.287013E-03 -1.323761E+00
     49419  5.297596E-01 -1.051847E-01 -7.532467E-01
     49420  5.742096E-01 -1.052600E-01 -7.456242E-01
     49421  7.467356E-01 -4.180266E-01 -9.802805E-01
     49422  6.022623E-01 -1.108388E-01 -1.255745E+00
     49423  5.810434E-01 -4.796477E-02 -1.094090E+00
     49424  5.021714E-01 -2.041802E-01 -8.048993E-01
     49425  4.683425E-01 -2.055579E-01 -8.070935E-01
     49426  4.213699E-01 -3.922910E-01 -9.462207E-01
     49427  5.334121E-01 -3.621644E-02 -1.085230E+00
     49428  5.721786E-01 -1.225978E-01 -1.207273E+00
     49429  4.070065E-01 -1.069535E-01 -7.301038E-01
     49430  4.667875E-01 -1.069200E-01 -7.418774E-01
     49431  6.133758E-01 -4.322887E-01 -9.466187E-01
     49432  4.563942E-01 -5.303064E-02 -1.077795E+00
     49433  4.520699E-01 -1.229725E-01 -1.196428E+00
     49434  4.052428E-01 -2.120251E-01 -8.269612E-01
     49435  3.783403E-01 -2.128898E-01 -8.412522E-01
     49436  3.036299E-01 -4.131088E-01 -9.642510E-01
     49437  4.193098E-01 -4.320334E-02 -1.090320E+00
     49438  4.725343E-01 -1.236908E-01 -1.250656E+00
     49439  3.216721E-01 -1.114663E-01 -7.732350E-01
     49440  3.968867E-01 -1.112350E-01 -7.914349E-01
     49441  5.290360E-01 -4.540120E-01 -9.938146E-01
     49442  3.740474E-01 -5.469233E-02 -1.146731E+00
     49443  3.512037E-01 -1.298141E-01 -1.251927E+00
     49444  3.396450E-01 -2.214730E-01 -8.877896E-01
     49445  3.160792E-01 -2.222382E-01 -9.035169E-01
     49446  2.232695E-01 -4.393984E-01 -1.029154E+00
     49447  3.431115E-01 -4.669017E-02 -1.166108E+00
     49448  4.062715E-01 -1.295622E-01 -1.335077E+00
     49449  2.620154E-01 -1.161645E-01 -8.325423E-01
     49450  3.470543E-01 -1.158546E-01 -8.490909E-01
     49451  4.733351E-01 -4.761902E-01 -1.063463E+00
     49452  3.182438E-01 -5.547663E-02 -1.231182E+00
     49453  2.836935E-01 -1.361179E-01 -1.339062E+00
     49454  2.913511E-01 -2.298853E-01 -9.474586E-01
     49455  2.689526E-01 -2.307699E-01 -9.597058E-01
     49456  1.650284E-01 -4.629144E-01 -1.095867E+00
     49457  2.896097E-01 -4.860817E-02 -1.248896E+00
     49458  3.577601E-01 -1.356709E-01 -1.413166E+00
     49459  2.153365E-01 -1.208981E-01 -8.804888E-01
     49460  3.071279E-01 -1.207952E-01 -8.917442E-01
     49461  4.310157E-01 -4.943019E-01 -1.122598E+00
     49462  2.332731E-01 -1.403339E-01 -1.415623E+00
     49463  2.751043E-01 -5.688200E-02 -1.298148E+00
     49464  2.500910E-01 -2.374855E-01 -9.882776E-01
     49465  2.268423E-01 -2.373353E-01 -9.956671E-01
     49466  1.174138E-01 -4.817774E-01 -1.142894E+00
     49467  2.475461E-01 -5.064956E-02 -1.310340E+00
     49468  3.155666E-01 -1.398856E-01 -1.465023E+00
     49469  1.680840E-01 -1.250423E-01 -9.081768E-01
     49470  2.459661E-01 -1.377066E-01 -9.417555E-01
     49471  3.904700E-01 -4.979149E-01 -1.158023E+00
     49472  2.371146E-01 -5.475078E-02 -1.332530E+00
     49473  1.885686E-01 -1.441633E-01 -1.465066E+00
     49474  1.033998E-01 -1.156274E-01 -8.995874E-01
     49475  1.994884E-01 -2.844903E-01 -1.119365E+00
     49476  2.529080E-01 -4.737676E-01 -1.061279E+00
     49477  2.119513E-01 -4.328053E-02 -1.356256E+00
     49478  2.037942E-01 -1.341206E-01 -1.334198E+00
     49479  1.861701E-01 -2.765259E-01 -1.028301E+00
     49480  1.540306E-01 -2.431443E-01 -1.020319E+00
     49481  2.240894E-01 -5.697723E-01 -1.262137E+00
     49482  1.371007E-01  1.084920E-03 -1.450803E+00
     49483  2.262365E-01 -1.773006E-01 -1.477311E+00
     49484  9.091089E-02 -1.264100E-01 -9.168337E-01
     49485  1.633342E-01 -2.346053E-01 -1.050656E+00
     49486  3.292134E-01 -5.023587E-01 -1.169997E+00
     49487  1.667850E-01 -7.041176E-02 -1.354246E+00
     49488  1.184141E-01 -1.349439E-01 -1.502605E+00
     49489  2.490593E-02 -1.274855E-01 -9.289253E-01
     49490  1.234083E-01 -2.908735E-01 -1.143910E+00
     49491  3.604385E-01 -6.173001E-01 -1.183975E+00
     49492  9.983723E-02 -2.129663E-02 -1.414184E+00
     49493  1.351918E-01 -1.480709E-01 -1.364717E+00
     49494  1.113346E-01 -2.816550E-01 -1.047257E+00
     49495  7.907705E-02 -2.414330E-01 -1.033939E+00
     49496  1.510640E-01 -5.785364E-01 -1.284677E+00
     49497  5.406068E-02 -3.948589E-03 -1.481679E+00
     49498  1.445068E-01 -1.787684E-01 -1.500555E+00
     49499  1.256746E-02 -1.297934E-01 -9.423796E-01
     49500  1.054084E-01 -1.384298E-01 -9.748424E-01
     49501  2.352134E-01 -5.158678E-01 -1.214323E+00
     49502  8.396373E-02 -5.591664E-02 -1.393523E+00
     49503  3.602369E-02 -1.398289E-01 -1.528894E+00
     49504 -4.849244E-02 -1.104621E-01 -9.528538E-01
     49505  5.560451E-02 -2.453227E-01 -1.147982E+00
     49506  9.153295E-02 -5.073742E-01 -1.107921E+00
     49507  6.107781E-02 -5.085465E-02 -1.419833E+00
     49508  6.149118E-02 -1.557453E-01 -1.386378E+00
     49509 -9.353954E-02 -1.559453E-01 -9.638483E-01
     49510  1.242753E-02 -2.929618E-01 -1.133665E+00
     49511  3.203436E-01 -7.346673E-01 -1.209955E+00
     49512  4.809841E-02 -2.592858E-01 -1.429600E+00
     49513 -2.392442E-02 -3.298421E-03 -1.485719E+00
     49514  3.277706E-02 -2.663282E-01 -1.088344E+00
     49515 -7.845461E-03 -2.813628E-01 -1.113471E+00
     49516  4.996140E-02 -5.613808E-01 -1.307302E+00
     49517  6.178790E-02 -2.043117E-01 -1.558969E+00
     49518 -5.750529E-02 -7.692178E-02 -1.582710E+00
     49519  3.788675E-04 -5.072492E-01 -1.340020E+00
     49520 -5.278743E-02 -1.326931E-01 -1.598261E+00
     51379  1.679358E-02  4.098025E-01  5.967278E-03
     51380  1.057501E-02  9.483227E-02  2.532900E-02
     51381  9.603674E-03  8.992595E-02  1.223137E-02
     51382 -3.663259E-04  1.354477E-01 -3.154178E-02
     51383 -1.418926E-03  1.060922E-01 -2.298053E-02
     51384  3.869803E-05  9.342084E-02 -1.179940E-02
     51385 -2.894015E-03  1.705904E-01 -4.369302E-02
     51386 -1.005350E-03  1.282091E-01 -2.980175E-02
     51387 -8.014961E-04  9.709329E-02 -1.649191E-02
     51388  3.912964E-03  1.821332E-01 -4.770236E-02
     51389 -1.070227E-02  8.454772E-02  3.146060E-03
     51390 -1.134665E-03  1.226314E-01 -2.853930E-02
     51391  3.158454E-03  1.937532E-01 -4.896218E-02
     51392  2.934923E-03  1.915334E-01 -5.682676E-02
     51393 -6.214424E-04  1.322029E-01 -3.071530E-02
     51394 -9.664030E-05  1.061734E-01 -2.095612E-02
     51395 -1.378044E-03  1.027146E-01 -2.059603E-02
     51396  1.401090E-03  1.360694E-01 -3.132423E-02
     51397 -2.219494E-03  1.178969E-01 -3.132827E-02
     51398  3.154462E-03  1.706314E-01 -4.356011E-02
     51399  4.297465E-03  8.951840E-02  1.926495E-03
     51400 -4.114588E-04  1.840924E-01 -5.396336E-02
     51401  3.717939E-04  1.422211E-01 -3.339474E-02
     51402 -9.456712E-03  1.506878E-01 -3.664978E-02
     51403  1.466375E-03  1.417923E-01 -3.236189E-02
     51404  9.089560E-04  1.428018E-01 -3.343494E-02
     51405 -1.392992E-03  1.197776E-01 -2.786603E-02
     51406 -5.389854E-05  1.396811E-01 -3.266090E-02
     51407  1.970822E-03  1.418446E-01 -3.325204E-02
     51408  7.242737E-03  6.720126E-02  6.356044E-02
     51409  1.314671E-03  9.121443E-02 -5.977734E-03
     51410 -2.377112E-02 -9.463412E-02 -1.431162E+00
     51411 -4.458471E-02 -2.058121E-01 -9.921954E-01
     51412 -1.454827E-02 -2.876624E-01 -1.122907E+00
     51413 -4.374250E-02 -5.871146E-02 -1.457361E+00
     51414 -1.962106E+00  1.410092E+00 -9.277360E+00
     51415 -2.326732E+00 -1.473901E-02 -1.166821E+01
     51416 -2.495717E+00  4.216339E-01 -7.517936E+00
     51417 -2.623711E+00  9.565946E-01 -1.110340E+01
     51418 -9.346060E-03 -2.988429E-01 -1.118804E+00
     51419 -5.706153E-02 -2.973954E-01 -1.125796E+00
     51420 -4.029669E-02 -5.136592E-01 -1.338711E+00
     51421  3.973015E-02 -1.571171E-01 -1.591986E+00
     51422 -3.990570E-02 -2.668074E-01 -1.073914E+00
     51423 -6.454131E-02 -2.693890E-01 -1.069910E+00
     51424 -1.152442E-02 -5.609062E-01 -1.298722E+00
     51425 -1.424396E-01 -9.154993E-02 -1.629025E+00
     51426 -2.045207E-02 -2.224587E-01 -1.574478E+00
     51427 -4.964127E-02 -2.771222E-01 -1.105355E+00
     51428 -8.543779E-02 -2.712163E-01 -1.052899E+00
     51429 -8.739794E-02 -5.521145E-01 -1.287465E+00
     51430  5.438609E-03 -1.041438E-01 -1.612570E+00
     51431 -8.709248E-02 -2.283153E-01 -1.569410E+00
     51432 -7.156291E-02 -2.729878E-01 -1.086724E+00
     51433 -1.123080E-01 -2.644433E-01 -1.042835E+00
     51434 -1.050483E-01 -5.531626E-01 -1.271011E+00
     51435 -1.226092E-01 -2.311205E-01 -1.521686E+00
     51436 -1.672316E-02 -9.986152E-02 -1.581572E+00
     51437 -8.641344E-02 -2.743842E-01 -1.073214E+00
     51438 -1.418186E-01 -2.784075E-01 -1.063369E+00
     51439 -1.307597E-01 -5.518275E-01 -1.256749E+00
     51440 -2.892682E-02 -1.371544E-01 -1.556121E+00
     51441 -1.467124E-01 -2.194269E-01 -1.501058E+00
     51442 -1.253844E-01 -2.574333E-01 -1.017306E+00
     51443 -1.597837E-01 -2.667188E-01 -1.020428E+00
     51444 -1.019737E-01 -5.392744E-01 -1.231245E+00
     51445 -2.174050E-01 -1.299384E-01 -1.553905E+00
     51446 -1.104040E-01 -2.034702E-01 -1.496309E+00
     51447 -1.422800E-01 -2.625829E-01 -1.041597E+00
     51448 -1.813576E-01 -2.548850E-01 -9.869995E-01
     51449 -1.721319E-01 -5.407970E-01 -1.219061E+00
     51450 -1.887933E-01 -2.174121E-01 -1.497501E+00
     51451 -9.858300E-02 -1.128112E-01 -1.522488E+00
     51452 -1.757494E-01 -2.568568E-01 -1.022612E+00
     51453 -2.119927E-01 -2.509192E-01 -9.819043E-01
     51454 -2.054569E-01 -5.286374E-01 -1.188884E+00
     51455 -2.162580E-01 -2.042039E-01 -1.441157E+00
     51456 -1.327761E-01 -1.020875E-01 -1.491518E+00
     51457 -2.030816E-01 -2.462830E-01 -1.007958E+00
     51458 -2.362971E-01 -2.504543E-01 -9.764389E-01
     51459 -2.269230E-01 -5.223615E-01 -1.179958E+00
     51460 -1.655149E-01 -1.114200E-01 -1.479136E+00
     51461 -2.452977E-01 -2.011261E-01 -1.425184E+00
     51462 -2.281108E-01 -2.416015E-01 -1.000097E+00
     51463 -2.609697E-01 -2.435434E-01 -9.654610E-01
     51464 -2.509772E-01 -5.207984E-01 -1.172919E+00
     51465 -1.936057E-01 -1.113751E-01 -1.464083E+00
     51466 -2.739148E-01 -2.038872E-01 -1.421758E+00
     51467 -2.522485E-01 -2.397073E-01 -9.917158E-01
     51468 -2.840819E-01 -2.450606E-01 -9.586626E-01
     51469 -2.778214E-01 -5.130151E-01 -1.161995E+00
     51470 -2.992669E-01 -1.935895E-01 -1.407997E+00
     51471 -2.198604E-01 -1.155167E-01 -1.455890E+00
     51472 -2.735249E-01 -2.398348E-01 -9.840388E-01
     51473 -3.058245E-01 -2.426395E-01 -9.462050E-01
     51474 -3.006439E-01 -5.114221E-01 -1.153775E+00
     51475 -2.417801E-01 -1.102801E-01 -1.441417E+00
     51476 -3.251624E-01 -1.995787E-01 -1.400667E+00
     51477 -2.948353E-01 -2.355312E-01 -9.682757E-01
     51478 -3.266694E-01 -2.388718E-01 -9.292609E-01
     51479 -3.210264E-01 -5.039798E-01 -1.137291E+00
     51480 -3.482170E-01 -1.966843E-01 -1.382066E+00
     51481 -2.642968E-01 -1.084640E-01 -1.417957E+00
     51482 -3.155899E-01 -2.300023E-01 -9.466254E-01
     51483 -3.469553E-01 -2.333225E-01 -9.047498E-01
     51484 -3.404223E-01 -4.950058E-01 -1.114521E+00
     51485 -2.862132E-01 -1.067887E-01 -1.385868E+00
     51486 -3.693470E-01 -1.931788E-01 -1.358297E+00
     51487 -3.378797E-01 -2.240274E-01 -9.183395E-01
     51488 -3.693430E-01 -2.288758E-01 -8.763573E-01
     51489 -3.606872E-01 -4.834417E-01 -1.083383E+00
     51490 -3.893461E-01 -1.868513E-01 -1.325443E+00
     51491 -3.102287E-01 -1.050480E-01 -1.345744E+00
     51492 -3.619347E-01 -2.186276E-01 -8.866976E-01
     51493 -3.949390E-01 -2.231136E-01 -8.429432E-01
     51494 -3.832951E-01 -4.731348E-01 -1.048723E+00
     51495 -3.359967E-01 -1.021840E-01 -1.300353E+00
     51496 -4.114894E-01 -1.821404E-01 -1.286540E+00
     51497 -3.922203E-01 -2.109616E-01 -8.511686E-01
     51498 -4.267296E-01 -2.169408E-01 -8.105521E-01
     51499 -4.096814E-01 -4.593975E-01 -1.008409E+00
     51500 -4.375840E-01 -1.756811E-01 -1.241279E+00
     51501 -3.685557E-01 -9.874019E-02 -1.250669E+00
     51502 -4.282651E-01 -2.070929E-01 -8.220111E-01
     51503 -4.661716E-01 -2.131007E-01 -7.852266E-01
     51504 -4.449685E-01 -4.475322E-01 -9.722302E-01
     51505 -4.693289E-01 -1.694005E-01 -1.195836E+00
     51506 -4.088856E-01 -9.594341E-02 -1.208577E+00
     51507 -4.733257E-01 -2.021041E-01 -7.998338E-01
     51508 -5.184072E-01 -2.149227E-01 -7.991539E-01
     51509 -4.880560E-01 -4.389350E-01 -9.462856E-01
     51510 -4.586695E-01 -9.883063E-02 -1.163674E+00
     51511 -5.107161E-01 -1.675293E-01 -1.158432E+00
     51512 -5.311707E-01 -1.995303E-01 -7.861088E-01
     51513 -5.764567E-01 -2.057259E-01 -7.909176E-01
     51514 -5.170476E-01 -4.259693E-01 -9.367810E-01
     51515 -5.899241E-01 -1.029825E-01 -1.174273E+00
     51516 -5.511323E-01 -1.543367E-01 -1.138708E+00
     51517 -5.966336E-01 -1.990041E-01 -8.383685E-01
     51518 -6.492927E-01 -2.067524E-01 -8.403085E-01
     51519 -6.119143E-01 -4.098423E-01 -9.598908E-01
     51520 -6.019248E-01 -9.139806E-02 -1.205064E+00
     51521 -6.198080E-01 -1.568128E-01 -1.157923E+00
     51522 -6.757866E-01 -2.062987E-01 -9.183335E-01
     51523 -7.368559E-01 -2.127032E-01 -9.426331E-01
     51524 -6.960584E-01 -4.146669E-01 -1.031392E+00
     51525 -7.048782E-01 -1.676388E-01 -1.196757E+00
     51526 -6.961437E-01 -9.298211E-02 -1.294150E+00
     51527 -7.690881E-01 -2.159168E-01 -1.056497E+00
     51528 -8.396613E-01 -2.220218E-01 -1.111559E+00
     51529 -7.951537E-01 -4.196324E-01 -1.161981E+00
     51530 -8.072321E-01 -9.778701E-02 -1.456063E+00
     51531 -7.994812E-01 -1.775922E-01 -1.308751E+00
     51532 -8.767510E-01 -2.331874E-01 -1.273382E+00
     51533 -9.586538E-01 -2.396624E-01 -1.368765E+00
     51534 -9.131741E-01 -4.339591E-01 -1.373047E+00
     51535 -9.390616E-01 -1.110477E-01 -1.717428E+00
     51536 -9.093694E-01 -1.934658E-01 -1.501629E+00
     51537 -9.986060E-01 -2.618619E-01 -1.593483E+00
     51538 -1.095084E+00 -2.679707E-01 -1.740671E+00
     51539 -1.051273E+00 -4.639035E-01 -1.692014E+00
     51540 -1.038081E+00 -2.195886E-01 -1.803328E+00
     51541 -1.092839E+00 -1.317965E-01 -2.109695E+00
     51542 -1.136623E+00 -3.043701E-01 -2.049775E+00
     51543 -1.253451E+00 -3.070819E-01 -2.266482E+00
     51544 -1.213962E+00 -5.145375E-01 -2.154066E+00
     51545 -1.275644E+00 -1.618238E-01 -2.677616E+00
     51546 -1.186409E+00 -2.612273E-01 -2.246082E+00
     51547 -1.299393E+00 -3.615422E-01 -2.698864E+00
     51548 -1.449975E+00 -3.529582E-01 -3.021536E+00
     51549 -1.416305E+00 -5.910618E-01 -2.819332E+00
     51550 -1.508837E+00 -2.055573E-01 -3.505277E+00
     51551 -1.359223E+00 -3.196536E-01 -2.880780E+00
     51552 -1.515368E+00 -4.189285E-01 -3.667608E+00
     51553 -1.719538E+00 -3.587988E-01 -4.157269E+00
     51554 -1.698641E+00 -6.985171E-01 -3.811807E+00
     51555 -1.852291E+00 -2.838968E-01 -4.774119E+00
     51556 -1.575906E+00 -4.036708E-01 -3.805385E+00
     51557 -1.892724E+00 -3.493277E-01 -5.194400E+00
     51558 -2.140047E+00 -3.608761E-02 -6.096526E+00
     51559 -2.102099E+00 -8.163042E-01 -5.365679E+00
     51560 -1.876636E+00 -5.264658E-01 -5.223674E+00
     51561 -2.411602E+00 -4.055913E-01 -6.838351E+00
     51562 -2.181985E+00 -1.015977E+00 -7.342781E+00
     51563 -2.297532E+00 -8.376812E-01 -7.536382E+00
     56742  1.423576E+00  8.559721E-01  2.148429E-02
     56743  8.744756E-02 -1.149569E-01 -2.375242E-01
     56744  6.876379E-01  2.288086E+00  8.588102E-01
     56745 -3.087728E-02  7.924535E-02 -9.037988E-02
     56746 -2.010743E-01  3.478358E-01 -4.207048E-02
     56747 -6.748893E-01 -8.548278E+00  4.512955E+01
     56748 -2.025887E+00 -8.196210E+00  4.317270E+01
     56749  1.926951E+00 -5.248390E+00  3.704515E+01
     56750 -4.546962E-01 -7.773147E-01 -8.780390E-01
     56751 -5.873702E-01 -1.486441E+00  1.728124E+00
     56752 -4.475825E-01 -2.464527E+00  1.655224E+00
     56753 -1.252239E-02 -1.192303E+00 -2.109663E+00
     56754 -3.903239E+00 -6.676275E+00  3.179454E+01
     56755 -3.446352E-01 -2.935797E+00  4.501183E+00
     56756 -1.368802E+00 -3.914169E+00  7.385270E+00
     56757 -5.374654E-01 -2.915487E+00  7.443510E-01
     56758  7.911717E-01 -4.361478E+00  1.110876E+01
     56759 -1.542486E+00 -4.993239E+00  1.579187E+01
     56760 -6.819777E-01 -4.379503E+00  7.518469E+00
     56761  1.367062E+00 -5.419500E+00  2.229366E+01
     56762 -3.399623E-01 -5.271328E+00  2.710010E+01
     56763 -2.296771E-01 -5.501774E+00  1.595187E+01
     56764  4.251312E-01 -6.580608E+00  2.938322E+01
     56765 -8.050862E-01 -3.826414E+00  3.049861E+00
     56766 -7.856034E-01 -3.070856E+00 -2.080917E-01
     56767 -1.248163E+00 -4.849291E+00  1.113600E+01
     56768 -1.839746E+00 -4.709141E+00  6.979898E+00
     56769 -5.111447E-01 -5.361189E+00  2.136774E+01
     56770 -2.356863E+00 -5.701922E+00  1.616007E+01
     62363 -1.311318E+00  7.707396E-01  7.630247E-03
     62364  9.243576E-03  7.054674E-02 -8.133579E-02
     62365 -8.628876E-02 -1.257866E-01 -2.309110E-01
     62366  1.706315E-01  3.464034E-01  2.393014E-02
     62367 -6.417120E-01  2.080377E+00  7.725842E-01
     62368  5.201168E-01 -1.420503E+00  1.886986E+00
     62369  4.612849E-01 -7.885212E-01 -6.300458E-01
     62370  1.300874E-01 -1.159730E+00 -1.848379E+00
     62371  1.921643E+00 -7.441616E+00  3.906959E+01
     62372  6.991496E-01 -7.772271E+00  4.109971E+01
     62373  3.611074E+00 -6.129539E+00  2.871635E+01
     62374  3.861163E-01 -2.297339E+00  1.763249E+00
     62375 -1.684478E+00 -4.750138E+00  3.385999E+01
     62376  7.606059E-01 -2.842514E+00 -2.018517E-01
     62377  7.748573E-01 -3.507492E+00  2.737162E+00
     62378  4.816250E-01 -2.720089E+00  8.417492E-01
     62379  1.721956E+00 -4.314140E+00  6.285433E+00
     62380  1.192823E+00 -4.424111E+00  1.002981E+01
     62381  6.746218E-01 -4.025473E+00  7.003691E+00
     62382  2.212419E+00 -5.227160E+00  1.456229E+01
     62383  5.690367E-01 -4.873416E+00  1.928124E+01
     62384  2.361191E-01 -5.032021E+00  1.458791E+01
     62385 -3.567089E-01 -5.992898E+00  2.672907E+01
     62386  1.367250E+00 -3.566476E+00  7.111357E+00
     62387  4.362897E-01 -2.747769E+00  4.505896E+00
     62388  1.469818E+00 -4.578401E+00  1.465253E+01
     62389 -6.401422E-01 -3.999782E+00  1.044291E+01
     62390  3.533543E-01 -4.809196E+00  2.487587E+01
     62391 -1.214867E+00 -4.945045E+00  2.055671E+01
     67603  2.105393E-01  4.284880E-01 -7.952147E-02
     67604 -2.405503E-01  4.679475E-01 -9.616193E-02
     67605  2.010837E-01  8.437944E-01 -3.487164E-01
     67606 -2.162788E-01  9.503758E-01 -3.681062E-01
     67607  3.697939E+00  2.112216E+00 -9.741140E+00
     67608  2.930442E+00  1.244312E+00 -9.456972E-01
     67609  3.507584E+00  1.005466E+00 -7.301151E+00
     67610 -1.000017E-02 -2.823231E-01  1.927967E+00
     67611 -3.429861E-02 -2.956544E-01  1.853307E+00
     67612 -3.147554E-02 -2.888727E-01  1.843695E+00
     67613 -6.415158E-02 -2.846617E-01  1.929851E+00
     67614 -2.731194E+00  1.144609E+00 -8.555577E-01
     67615 -3.405305E+00  1.920455E+00 -8.768972E+00
     67616 -3.212921E+00  8.663617E-01 -6.642358E+00
     67617  2.891733E+00  1.111165E-01  2.585319E+00
     67618 -2.703466E+00  1.040552E-01  2.293223E+00
     67619  2.446884E+00 -8.122183E-01 -3.696162E+00
     67620  3.373670E+00 -1.357821E+00 -3.368132E+00
     67621  2.712488E+00 -5.742042E-01 -4.310630E-01
     67622  8.487615E-01 -1.107630E+00  2.270980E+00
     67623  2.927957E+00 -2.129915E+00 -1.732474E+00
     67624  3.603657E+00 -1.956821E+00 -3.009361E-01
     67625  1.334261E+00 -3.259198E-01  3.728409E+00
     67626  3.430482E+00 -1.973379E+00 -2.122297E-02
     67627  3.558504E+00 -1.624063E+00 -2.731577E-01
     67628  3.335587E+00 -1.394259E+00  1.063779E-01
     67629  3.393280E+00 -1.164995E+00  8.451903E-02
     67630  3.110366E+00 -9.923181E-01  3.436690E-01
     67631  3.100489E+00 -8.984101E-01  3.823895E-01
     67632  2.804827E+00 -6.602116E-01  6.579110E-01
     67633  2.833528E+00 -6.334010E-01  7.393648E-01
     67634  2.510084E+00 -4.709039E-01  9.089698E-01
     67635  2.541188E+00 -4.946747E-01  9.946417E-01
     67636  2.230564E+00 -3.216365E-01  1.157039E+00
     67637  2.268861E+00 -3.464672E-01  1.216689E+00
     67638  1.962694E+00 -1.885337E-01  1.351996E+00
     67639  2.042333E+00 -2.634793E-01  1.420227E+00
     67640  1.747198E+00 -1.635215E-01  1.468154E+00
     67641  1.833116E+00 -2.494348E-01  1.516197E+00
     67642  1.545902E+00 -9.684935E-02  1.615421E+00
     67643  1.675554E+00 -1.906309E-01  1.661118E+00
     67644  1.396646E+00 -1.175059E-01  1.673841E+00
     67645  1.505295E+00 -2.065678E-01  1.701553E+00
     67646  1.246342E+00 -8.288018E-02  1.772723E+00
     67647  1.394306E+00 -1.733712E-01  1.800048E+00
     67648  1.261366E+00 -2.078837E-01  1.801256E+00
     67649  1.142798E+00 -1.272465E-01  1.788721E+00
     67650  1.182036E+00 -1.851278E-01  1.872441E+00
     67651  1.026049E+00 -1.042400E-01  1.859199E+00
     67652  1.072189E+00 -2.275355E-01  1.850035E+00
     67653  9.517491E-01 -1.590807E-01  1.848610E+00
     67654  1.012031E+00 -2.037815E-01  1.907318E+00
     67655  8.545072E-01 -1.365016E-01  1.903345E+00
     67656  9.146406E-01 -2.461169E-01  1.873412E+00
     67657  7.950844E-01 -1.903780E-01  1.878142E+00
     67658  8.657544E-01 -2.198993E-01  1.929378E+00
     67659  7.053809E-01 -1.638799E-01  1.927084E+00
     67660  7.791249E-01 -2.486810E-01  1.931651E+00
     67661  6.606248E-01 -2.123540E-01  1.914734E+00
     67662  6.776999E-01 -2.187194E-01  1.940730E+00
     67663  5.884442E-01 -2.065910E-01  1.957662E+00
     67664  6.188986E-01 -2.237651E-01  1.965934E+00
     67665  4.826534E-01 -1.818546E-01  1.972710E+00
     67666  5.541490E-01 -2.407749E-01  1.959695E+00
     67667  4.228664E-01 -2.306727E-01  1.939661E+00
     67668  4.331825E-01 -2.274597E-01  1.953632E+00
     67669  3.516596E-01 -2.210113E-01  1.972102E+00
     67670  3.746270E-01 -2.308615E-01  1.964342E+00
     67671  2.415079E-01 -2.038246E-01  1.977224E+00
     67672  3.037877E-01 -2.754489E-01  1.919915E+00
     67673  1.912661E-01 -2.625381E-01  1.917988E+00
     67674  2.198216E-01 -2.765191E-01  1.913444E+00
     67675  1.238452E-01 -2.483601E-01  1.924289E+00
     67676  1.598966E-01 -2.748012E-01  1.893881E+00
     67677  3.019577E-02 -2.385479E-01  1.915290E+00
     67678  9.685509E-02 -2.472050E-01  1.887119E+00
     67679 -5.776284E-03 -2.475459E-01  1.892758E+00
     67680 -5.414425E-02 -2.490853E-01  1.885157E+00
     67681 -1.751337E-01 -2.577210E-01  1.875064E+00
     67682 -1.213849E-01 -2.474429E-01  1.902415E+00
     67683 -2.230183E-01 -2.584544E-01  1.895091E+00
     67684 -1.790174E-01 -2.326775E-01  1.927336E+00
     67685 -2.864722E-01 -2.518284E-01  1.917844E+00
     67686 -2.522434E-01 -2.321874E-01  1.960245E+00
     67687 -3.552554E-01 -2.504839E-01  1.942937E+00
     67688 -3.484589E-01 -2.059271E-01  1.993456E+00
     67689 -4.190994E-01 -2.334377E-01  1.989249E+00
     67690 -4.222404E-01 -2.073429E-01  1.958999E+00
     67691 -5.265749E-01 -2.349126E-01  1.973109E+00
     67692 -4.981113E-01 -1.795817E-01  1.954466E+00
     67693 -6.061863E-01 -2.164233E-01  1.960563E+00
     67694 -5.781068E-01 -1.737641E-01  1.944601E+00
     67695 -6.888700E-01 -2.082450E-01  1.950215E+00
     67696 -6.597727E-01 -1.662662E-01  1.939923E+00
     67697 -7.646076E-01 -2.098391E-01  1.946669E+00
     67698 -7.433254E-01 -1.614972E-01  1.924537E+00
     67699 -8.479965E-01 -2.073250E-01  1.937073E+00
     67700 -8.218726E-01 -1.560241E-01  1.902532E+00
     67701 -9.287688E-01 -2.076077E-01  1.918725E+00
     67702 -8.975784E-01 -1.495673E-01  1.875551E+00
     67703 -1.006425E+00 -2.052110E-01  1.894883E+00
     67704 -9.720950E-01 -1.409658E-01  1.846320E+00
     67705 -1.081174E+00 -2.012948E-01  1.868225E+00
     67706 -1.048191E+00 -1.290122E-01  1.815483E+00
     67707 -1.155642E+00 -1.949722E-01  1.840163E+00
     67708 -1.128164E+00 -1.176167E-01  1.779287E+00
     67709 -1.236107E+00 -1.883231E-01  1.807931E+00
     67710 -1.218386E+00 -1.034129E-01  1.740378E+00
     67711 -1.322068E+00 -1.805524E-01  1.772667E+00
     67712 -1.324019E+00 -9.441512E-02  1.690323E+00
     67713 -1.423825E+00 -1.746477E-01  1.729257E+00
     67714 -1.448176E+00 -9.029446E-02  1.626339E+00
     67715 -1.542092E+00 -1.750910E-01  1.672720E+00
     67716 -1.598107E+00 -9.400677E-02  1.538563E+00
     67717 -1.683365E+00 -1.801727E-01  1.599573E+00
     67718 -1.774700E+00 -1.322788E-01  1.419144E+00
     67719 -1.845789E+00 -2.087259E-01  1.485220E+00
     67720 -1.976285E+00 -1.804701E-01  1.276150E+00
     67721 -2.034471E+00 -2.519550E-01  1.354818E+00
     67722 -2.207920E+00 -2.689644E-01  1.096405E+00
     67723 -2.247780E+00 -3.234989E-01  1.182969E+00
     67724 -2.466306E+00 -4.021010E-01  8.816092E-01
     67725 -2.483098E+00 -4.279145E-01  9.727982E-01
     67726 -2.742576E+00 -5.951869E-01  6.320636E-01
     67727 -2.737207E+00 -5.760076E-01  7.214801E-01
     67728 -3.011664E+00 -8.686828E-01  3.597910E-01
     67729 -2.997626E+00 -7.804404E-01  4.292719E-01
     67730 -3.219335E+00 -1.250579E+00  1.116635E-01
     67731 -3.238321E+00 -1.057185E+00  1.103863E-01
     67732 -3.299762E+00 -1.746261E+00  1.478870E-02
     67733 -3.408690E+00 -1.417262E+00 -1.744250E-01
     67734 -2.790904E+00 -1.919484E+00 -1.557114E+00
     67735 -3.426509E+00 -1.774786E+00 -2.638794E-01
     67736 -3.167491E+00 -1.274074E+00 -2.976405E+00
     67737 -2.321963E+00 -7.462331E-01 -3.362003E+00
     67738 -1.310973E+00 -2.934049E-01  3.374890E+00
     67739 -2.558260E+00 -5.310973E-01 -3.808827E-01
     67740 -8.771335E-01 -1.000813E+00  2.056810E+00
     68607  8.006545E-01 -1.998103E-02 -3.627973E-01
     68608 -2.377502E-01  8.716674E-01  6.550273E-01
     68609  1.954650E-01  1.484413E+00 -7.957498E-01
     68610 -9.603199E-02  1.021900E+00 -1.135838E+00
     68611  1.210543E+00  2.312161E+00 -9.666136E+00
     68612  1.284131E+00  2.345686E+00 -2.011626E+01
     68613  1.769307E+00  4.693301E+00 -5.696235E+00
     68614  1.257605E+00  2.833414E+00 -8.428425E+00
     68615  4.231862E-01  2.016728E+00 -7.452579E+00
     68616 -1.351923E-01  4.058318E+00 -2.554961E+01
     68617 -1.026721E+00  1.015815E+01  9.921500E+00
     68618 -1.147664E-01  8.516051E+00 -5.924910E-01
     68619 -1.209102E+00  6.298363E+00 -4.077669E+00
     68620 -1.552256E+00  3.637352E+00 -1.361815E+01
     68621  4.455484E-01  8.058487E+00  5.208000E+01
     68622 -1.838889E+00  7.161819E+00  4.444577E+01
     68623 -2.921597E+00  5.581904E+00  2.798625E+01
     68624  2.637295E+00  6.192527E+00  3.660100E+01
     68625 -5.824537E-01  5.405535E+00  1.925357E+01
     68626 -2.444761E+00  5.492850E+00  1.977989E+01
     68627 -6.413909E-01  3.390232E+00  2.186779E+01
     68628 -2.374743E+00  1.002525E+01  1.932722E+01
     68629 -1.346942E+00  7.984680E+00  2.317032E+01
     68630  8.180257E-01  5.081298E+00  2.478512E+01
     68631 -1.345480E+00  6.185532E+00  2.674201E+01
     68632 -5.886003E-01  4.581077E+00 -7.285573E+00
     69274 -7.525363E-01 -2.211008E-02 -3.428054E-01
     69275  2.077324E-01  7.848794E-01  5.762097E-01
     69276 -2.376860E-01  1.339880E+00 -7.272347E-01
     69277  9.420983E-02  9.000648E-01 -1.029892E+00
     69278 -1.182165E+00  2.097153E+00 -1.795299E+01
     69279 -1.106532E+00  2.084761E+00 -8.629631E+00
     69280 -1.163393E+00  2.566559E+00 -7.508219E+00
     69281 -1.609948E+00  4.273318E+00 -5.021846E+00
     69282 -4.026261E-01  1.824708E+00 -6.596578E+00
     69283  1.100766E-01  3.624271E+00 -2.266605E+01
     69284  1.509907E-01  7.724372E+00 -4.471858E-01
     69285  1.052788E+00  9.210920E+00  9.056855E+00
     69286  1.118306E+00  5.693705E+00 -3.398481E+00
     69287  1.382481E+00  3.258728E+00 -1.197651E+01
     69288  1.571757E+00  6.504290E+00  3.973049E+01
     69289 -3.617644E-01  7.252323E+00  4.699177E+01
     69290 -2.354227E+00  5.590438E+00  3.315250E+01
     69291  2.671136E+00  4.982297E+00  2.494397E+01
     69292  1.293448E+00  5.568474E+00  2.431769E+01
     69293 -6.169463E-01  4.558905E+00  2.253900E+01
     69294  5.126106E-01  3.021412E+00  1.961632E+01
     69295  2.233055E+00  8.970316E+00  1.745950E+01
     69296  1.262025E+00  7.235345E+00  2.073246E+01
     69297  2.159121E+00  4.965738E+00  1.750582E+01
     69298  5.811484E-01  4.116328E+00 -6.309417E+00
     69299  5.834495E-01  4.862227E+00  1.713685E+01

 total force (fx,fy,fz) for set FEET and time  0.4000000E+01

        1.277616E-09  3.000000E+02  1.200000E+03

                        S T E P       5


                                INCREMENT     1


 displacements (vx,vy,vz) for set TOP and time  0.5000000E+01

     34873 -1.289961E-02  5.911128E-01 -5.074567E-01
     35658 -2.915554E-04  6.347063E-01 -5.377749E-01
     37100 -2.474591E-02  4.670447E-01 -4.254809E-01
     43530  1.049045E-02  6.312188E-01 -5.347623E-01
     46183  2.301148E-02  4.577863E-01 -4.113337E-01

 forces (fx,fy,fz) for set FEET and time  0.5000000E+01

       151 -2.612765E-01  2.555397E-01 -1.176889E-01
       155 -1.223585E-02  9.247117E-01  2.805509E-01
       156  1.760042E-03  9.483899E-02  5.426578E-03
       160 -1.051697E-03  5.023188E-02 -3.824836E-02
       161  2.307896E-01  2.296162E-01 -1.033615E-01
       165  3.922675E-03  8.366537E-01  2.334672E-01
       194  1.513888E+01  9.504749E+00  1.919874E+01
       195  1.060052E+00 -1.252414E+00  1.589087E+00
       196 -6.444693E-01 -3.444562E-01  1.008338E+00
       197 -1.265645E+01  6.493791E+00  1.480545E+01
       221  5.645719E-01 -2.727420E-01  8.645823E-01
       222  1.151258E+01  5.800074E+00  1.329709E+01
       225 -1.041504E+00 -1.213626E+00  1.504819E+00
       226 -1.393123E+01  8.853539E+00  1.781217E+01
       234  5.387540E-01 -9.521040E-01 -1.639376E+00
       236 -4.980263E-01 -8.486370E-01 -1.505214E+00
       242 -4.796696E-01  7.097033E-01 -1.692151E-01
       245  1.595212E+00 -7.492694E-01 -1.843130E+00
       246 -3.303860E+00 -2.820634E+00 -5.365010E+00
       253  4.139214E-01  6.102256E-01 -1.163670E-01
       254  2.955105E+00 -2.513725E+00 -4.798745E+00
       255 -1.441318E+00 -6.699200E-01 -1.665621E+00
      3486 -1.995732E-01 -3.893818E-01 -3.763900E+00
      3512  9.749214E-04  6.850353E-02 -2.393919E-01
      3525 -1.335027E-01  4.281764E-01 -4.597834E-01
      3526  5.745485E-02  4.512384E-01 -6.234011E-01
      3527  4.389094E-01  4.666690E-01 -1.371946E+00
      3528  3.726495E-01  4.219008E-01 -1.020287E+00
      3529  4.514440E-01  2.391597E-01 -5.105301E-01
      3530  3.016689E-01  1.764759E-01 -2.067933E-01
      3531  3.210790E-01  6.334040E-02  1.196012E-01
      3532  1.998610E-01 -2.739294E-02  3.212331E-01
      3533  1.689711E-01  2.912022E-04  3.300106E-01
      3534  1.510681E-01 -2.607436E-02  4.322307E-01
      3535  6.007380E-02 -3.257515E-02  4.203774E-01
      3536  9.469480E-02 -2.518202E-02  4.013087E-01
      3537  2.557426E-02 -2.275495E-02  3.579090E-01
      3538  6.797751E-02 -7.360449E-03  3.128524E-01
      3539  1.426795E-02 -3.567828E-03  2.654709E-01
      3540  6.086676E-02  1.048310E-02  2.245173E-01
      3541  1.523307E-02  1.290837E-02  1.885795E-01
      3542  6.211821E-02  2.097100E-02  1.649720E-01
      3543  1.927677E-02  2.121985E-02  1.446287E-01
      3544  6.271317E-02  2.491009E-02  1.407356E-01
      3545  3.136448E-02 -8.687762E-04  1.620831E-01
      3546  3.066639E-02  3.003358E-02  1.077946E-01
      3547  4.603159E-02  2.336187E-02  1.345896E-01
      3548  3.853728E-02  5.736544E-03  1.418437E-01
      3549  6.270319E-03  3.278576E-02  9.578667E-02
      3550  2.672380E-02  2.909032E-02  1.112044E-01
      3551 -6.174612E-03  9.168690E-03  1.245257E-01
      3552 -1.290872E-02 -1.842201E-02  1.038710E-01
      3553 -7.290008E-03  4.641352E-02  4.574085E-02
      3554  1.437270E-02  5.502243E-02  3.705621E-02
      3555  4.919701E-01 -1.272247E+00 -5.798458E+00
      3556  8.918312E-01 -6.022939E-01 -5.337790E+00
      3557  2.507840E+00 -7.445544E-01 -7.501003E+00
      3558  3.068972E+00 -6.806972E-01 -6.324900E+00
      3559  3.146762E+00 -5.216266E-01 -4.936953E+00
      3560  3.031640E+00 -4.489820E-01 -3.501556E+00
      3561  2.708402E+00 -3.259469E-01 -2.416648E+00
      3562  2.366199E+00 -1.843349E-01 -1.410172E+00
      3563  1.978416E+00 -1.415929E-01 -7.582086E-01
      3564  1.652034E+00 -5.585026E-02 -3.816448E-01
      3565  1.378265E+00  3.940761E-02 -8.823136E-03
      3566  1.128760E+00  2.558294E-02  1.475523E-02
      3567  9.625993E-01  8.417118E-02  1.370823E-01
      3568  8.144071E-01  5.131973E-02  1.027647E-02
      3569  7.299134E-01  8.363304E-02  2.172471E-02
      3570  6.510810E-01  4.774334E-02 -1.417518E-01
      3571  6.159221E-01  6.566500E-02 -1.493261E-01
      3572  5.724422E-01  3.504044E-02 -2.860630E-01
      3573  5.540040E-01  4.806895E-02 -2.654676E-01
      3574  5.148795E-01  2.373710E-02 -3.551146E-01
      3575  4.810766E-01  4.173462E-02 -3.117666E-01
      3576  4.277597E-01  5.623079E-03 -3.231172E-01
      3577  3.754986E-01  1.169884E-02 -3.699486E-01
      3578  2.999350E-01  1.372660E-02 -3.451473E-01
      3579  2.341202E-01 -6.240309E-03 -3.649377E-01
      3580  1.733405E-01 -2.993381E-03 -4.548968E-01
      3581  1.125107E-01  1.025471E-02 -4.568770E-01
      3582  6.257881E-02 -2.643938E-02 -5.291517E-01
      3583  3.882905E-02 -2.411789E-02 -6.391966E-01
      3584  1.384521E-02 -2.437980E-02 -6.895734E-01
      3585 -4.714338E-03 -4.039774E-02 -6.769203E-01
      3769 -1.388466E-01  1.623381E+00 -3.024982E-01
      3770 -9.595035E-02  2.066708E+00 -9.115805E-01
      3771 -1.420396E-01  1.777991E+00 -9.642996E-01
      3772  6.591497E-02  1.270316E+00 -7.801375E-01
      3773 -1.017417E-01  8.636464E-01 -4.795498E-01
      3774  1.814055E-02  4.181257E-01 -3.118827E-01
      3775 -5.317262E-02  1.562526E-01 -1.337432E-01
      3776  6.173098E-03 -2.356048E-02  2.644504E-02
      3777 -2.689673E-02 -2.928383E-01 -6.258446E-02
      3778 -9.352786E-03 -2.629177E-01  4.945283E-02
      3779 -3.639517E-02 -3.107593E-01  7.575932E-02
      3780 -3.266827E-03 -2.800000E-01  5.439831E-02
      3781 -3.334968E-02 -2.690132E-01  5.624754E-02
      3782 -3.463516E-03 -2.117174E-01  2.109262E-02
      3783 -2.671702E-02 -1.859998E-01  1.656637E-02
      3784 -5.768103E-03 -1.301521E-01 -1.529577E-02
      3785 -2.023366E-02 -1.122268E-01 -1.795644E-02
      3786 -7.608124E-03 -7.225543E-02 -3.831524E-02
      3787 -1.539838E-02 -6.983132E-02 -3.619016E-02
      3788 -8.352055E-03 -4.684929E-02 -4.471697E-02
      3789  1.386350E-03 -1.533552E-02 -7.542022E-03
      3790 -8.103828E-03 -9.412634E-02 -8.321183E-02
      3791 -4.920052E-03 -4.130897E-02 -4.172854E-02
      3792  8.278635E-03 -4.793817E-02 -4.177466E-02
      3793 -5.437755E-03 -7.635572E-02 -8.575083E-02
      3794 -4.526928E-03 -1.530183E-02 -5.487232E-02
      3795  1.999420E-03  2.508939E-02 -2.808326E-02
      3796  1.475537E-02  1.026394E-02 -7.636389E-02
      3797 -3.412849E-03  4.378248E-03 -1.069778E-01
      3798 -1.111546E-02  1.314025E-02 -1.193942E-01
      3799 -1.837190E-01  1.608733E+00 -2.303000E+00
      3800  1.642428E-01  2.729370E+00 -3.746470E+00
      3801  5.624295E-01  3.147657E+00 -4.006070E+00
      3802  7.600233E-01  1.778280E+00 -3.104352E+00
      3803  8.195362E-01  1.872738E+00 -2.447306E+00
      3804  7.364581E-01  7.927581E-01 -1.387624E+00
      3805  6.642677E-01  6.384594E-01 -8.398011E-01
      3806  5.445698E-01  1.188957E-01 -2.155888E-01
      3807  4.376047E-01 -6.509273E-02  1.191527E-01
      3808  3.602821E-01 -2.044596E-01  2.507117E-01
      3809  2.895800E-01 -2.328665E-01  4.019851E-01
      3810  2.334427E-01 -3.042463E-01  3.758014E-01
      3811  1.928021E-01 -2.235341E-01  3.854793E-01
      3812  1.612325E-01 -2.331181E-01  2.831279E-01
      3813  1.436562E-01 -1.453904E-01  2.519671E-01
      3814  1.286054E-01 -1.171891E-01  1.335264E-01
      3815  1.234317E-01 -6.415528E-02  1.142319E-01
      3816  1.171893E-01 -2.470206E-02  1.480701E-02
      3817  1.149198E-01 -1.285057E-02  2.800954E-02
      3818  1.101217E-01  1.915851E-02 -4.063687E-02
      3819  1.034227E-01  3.638041E-03 -7.319371E-04
      3820  8.604693E-02  1.502342E-02 -1.027324E-02
      3821  7.749036E-02  3.105699E-02 -5.165691E-02
      3822  6.404555E-02  8.264856E-03 -1.565038E-02
      3823  3.995104E-02  2.605085E-02 -2.957831E-02
      3824  3.064764E-02  6.324927E-02 -9.358776E-02
      3825  2.201513E-02  4.922254E-02 -7.021368E-02
      3826 -3.333407E-03  9.788994E-02 -1.347799E-01
      3827 -1.451079E-02  1.266464E-01 -1.734393E-01
      3828 -6.716816E-03  1.670696E-01 -2.428206E-01
      3829  2.175114E-03  1.435954E-01 -2.132933E-01
      3843  1.425942E-01 -3.431283E-01 -3.394694E+00
      3856 -1.158162E-02  5.379525E-02  3.129684E-02
      3857  6.479504E-03  4.809137E-02  3.283533E-02
      3858  4.643703E-03  4.410776E-02  4.767160E-02
      3859  3.217997E-03  3.865484E-02  5.985625E-02
      3860 -2.663407E-03  3.604822E-02  7.819933E-02
      3861 -1.061320E-02  3.018676E-02  8.540998E-02
      3862 -2.049407E-02  2.676715E-02  9.425416E-02
      3863 -2.660276E-02  2.222144E-02  9.541228E-02
      3864 -3.430492E-02  2.110895E-02  1.036224E-01
      3865 -3.993134E-02  2.021952E-02  1.078855E-01
      3866 -4.531998E-02  1.953964E-02  1.135513E-01
      3867 -4.905373E-02  1.944129E-02  1.210299E-01
      3868 -5.151781E-02  1.854214E-02  1.320235E-01
      3869 -5.271934E-02  1.683946E-02  1.482374E-01
      3870 -5.327426E-02  1.379342E-02  1.701089E-01
      3871 -5.399802E-02  9.470668E-03  1.990723E-01
      3872 -5.646857E-02  3.499675E-03  2.328636E-01
      3873 -6.301186E-02 -2.728005E-03  2.697847E-01
      3874 -7.596056E-02 -8.700356E-03  3.025751E-01
      3875 -9.343551E-02 -1.240008E-02  3.218775E-01
      3876 -1.285162E-01 -9.353626E-03  3.258453E-01
      3877 -1.676247E-01  2.371632E-03  2.881808E-01
      3878 -2.208536E-01  2.716525E-02  2.011839E-01
      3879 -2.841156E-01  6.965442E-02  4.739531E-02
      3880 -3.519411E-01  1.343884E-01 -1.864956E-01
      3881 -4.112200E-01  2.223783E-01 -5.024221E-01
      3882 -4.401022E-01  3.246425E-01 -8.780985E-01
      3883 -3.935303E-01  4.158036E-01 -1.233530E+00
      3884 -6.088570E-02  4.020319E-01 -5.587077E-01
      3885  1.964739E-01  2.478090E-01 -3.843831E-01
      3886  1.796332E-02 -4.405531E-02 -6.793136E-01
      3887 -3.199517E-03 -1.203337E-02 -6.909455E-01
      3888 -1.796373E-02 -1.676714E-02 -6.320460E-01
      3889 -4.923775E-02 -1.009006E-02 -5.685163E-01
      3890 -9.180909E-02 -4.769858E-03 -4.948577E-01
      3891 -1.499307E-01  4.347490E-03 -4.318592E-01
      3892 -2.131463E-01  7.835192E-03 -3.620516E-01
      3893 -2.893518E-01  1.480641E-02 -3.212050E-01
      3894 -3.587817E-01  1.874168E-02 -2.881895E-01
      3895 -4.301440E-01  2.309415E-02 -2.675790E-01
      3896 -4.967610E-01  2.618475E-02 -2.545214E-01
      3897 -5.568272E-01  3.058834E-02 -2.452578E-01
      3898 -6.116908E-01  3.437920E-02 -2.353070E-01
      3899 -6.612110E-01  3.801920E-02 -2.200950E-01
      3900 -7.088847E-01  4.152399E-02 -1.965774E-01
      3901 -7.586550E-01  4.497496E-02 -1.628917E-01
      3902 -8.200396E-01  4.656573E-02 -1.231626E-01
      3903 -9.008999E-01  4.485034E-02 -8.677318E-02
      3904 -1.013768E+00  3.797575E-02 -7.203128E-02
      3905 -1.165737E+00  2.373090E-02 -1.097650E-01
      3906 -1.366075E+00 -9.940594E-03 -2.082703E-01
      3907 -1.619006E+00 -5.204955E-02 -4.449621E-01
      3908 -1.917133E+00 -1.150881E-01 -8.343511E-01
      3909 -2.244971E+00 -1.985290E-01 -1.420640E+00
      3910 -2.569485E+00 -2.964400E-01 -2.229679E+00
      3911 -2.837630E+00 -3.986064E-01 -3.262938E+00
      3912 -2.973129E+00 -4.890419E-01 -4.475544E+00
      3913 -2.865241E+00 -5.622199E-01 -5.742748E+00
      3914 -2.406854E+00 -6.974090E-01 -6.790837E+00
      3915 -8.853792E-01 -5.349194E-01 -4.836474E+00
      3916 -5.372575E-01 -1.188144E+00 -5.255593E+00
      4100  1.108037E-02  1.925697E-02 -1.262988E-01
      4101  1.221461E-03  1.968449E-02 -1.263266E-01
      4102  2.930556E-03  4.516640E-03 -1.132947E-01
      4103  4.183435E-03 -1.768454E-02 -9.920161E-02
      4104  9.016986E-03 -3.769674E-02 -8.708500E-02
      4105  3.700926E-03 -4.962162E-02 -8.179349E-02
      4106  1.268433E-02 -6.537683E-02 -7.425582E-02
      4107  1.248827E-02 -7.146401E-02 -6.268740E-02
      4108  1.383961E-02 -7.944506E-02 -5.790900E-02
      4109  1.597766E-02 -8.597537E-02 -5.751480E-02
      4110  1.641742E-02 -9.160306E-02 -5.620539E-02
      4111  1.844872E-02 -1.012855E-01 -5.877861E-02
      4112  1.992708E-02 -1.137733E-01 -5.789270E-02
      4113  2.142886E-02 -1.318675E-01 -5.518221E-02
      4114  2.250416E-02 -1.561865E-01 -4.991435E-02
      4115  2.385888E-02 -1.878659E-01 -4.270081E-02
      4116  2.543425E-02 -2.236067E-01 -3.239215E-02
      4117  2.667439E-02 -2.607662E-01 -2.229502E-02
      4118  3.100267E-02 -2.924860E-01 -1.225872E-02
      4119  2.956851E-02 -2.992069E-01 -1.376963E-02
      4120  3.809830E-02 -2.824266E-01 -2.156240E-02
      4121  4.103618E-02 -2.227433E-01 -4.831837E-02
      4122  4.823814E-02 -9.478169E-02 -9.940793E-02
      4123  5.641788E-02  1.153593E-01 -1.803558E-01
      4124  6.519281E-02  4.199727E-01 -3.018151E-01
      4125  7.394973E-02  8.184498E-01 -4.650235E-01
      4126  8.173576E-02  1.280287E+00 -6.562534E-01
      4127  9.885845E-02  1.722509E+00 -8.327663E-01
      4128  1.043406E-01  2.011903E+00 -8.619923E-01
      4129  1.467392E-01  1.460421E+00 -3.512965E-01
      4130 -1.659634E-03  1.511892E-01 -2.237987E-01
      4131 -8.315310E-04  2.186530E-01 -2.754728E-01
      4132  2.686826E-03  1.655766E-01 -2.431163E-01
      4133  5.147315E-03  1.426007E-01 -2.019930E-01
      4134 -4.634768E-03  1.051662E-01 -1.554459E-01
      4135 -2.894851E-02  6.218861E-02 -1.220214E-01
      4136 -4.156134E-02  4.784025E-02 -9.285661E-02
      4137 -5.769456E-02  2.083916E-02 -5.851967E-02
      4138 -7.058960E-02  8.368306E-03 -3.973554E-02
      4139 -8.590704E-02 -6.813953E-04 -2.892965E-02
      4140 -1.010703E-01 -9.184629E-03 -1.916342E-02
      4141 -1.129667E-01 -1.422334E-02 -1.525070E-02
      4142 -1.233060E-01 -2.339042E-02 -5.059051E-03
      4143 -1.319773E-01 -3.888926E-02  1.270588E-02
      4144 -1.400818E-01 -6.259421E-02  4.071578E-02
      4145 -1.479597E-01 -9.462277E-02  7.893882E-02
      4146 -1.586467E-01 -1.348375E-01  1.275578E-01
      4147 -1.744760E-01 -1.791815E-01  1.816782E-01
      4148 -1.981585E-01 -2.182362E-01  2.283836E-01
      4149 -2.398718E-01 -2.408530E-01  2.631801E-01
      4150 -2.925453E-01 -2.297269E-01  2.353541E-01
      4151 -3.466205E-01 -1.634800E-01  1.558460E-01
      4152 -4.256206E-01 -1.649896E-02 -2.734104E-02
      4153 -5.174055E-01  2.305864E-01 -3.366708E-01
      4154 -6.141543E-01  6.040014E-01 -8.044536E-01
      4155 -7.010326E-01  1.117107E+00 -1.445554E+00
      4156 -7.530940E-01  1.745223E+00 -2.235195E+00
      4157 -7.248608E-01  2.410440E+00 -3.068219E+00
      4158 -5.508453E-01  2.925707E+00 -3.644743E+00
      4159 -1.759843E-01  2.976751E+00 -3.487401E+00
      4160  1.281676E-01  1.481425E+00 -2.060867E+00
      4894  4.164697E+00 -7.221373E-01  2.322537E+00
      4895  7.161036E+00 -1.123865E+00  4.086694E+00
      4896  9.144828E+00  4.056245E-02  5.735518E+00
      4897  1.129052E+01  3.900001E-01  6.206544E+00
      4898  3.530666E+00 -3.235966E+00  8.137429E+00
      4899  8.896712E+00 -5.450461E+00  1.565271E+01
      4900  1.224990E+01 -5.953543E+00  2.466768E+01
      4901  1.530758E+01 -6.095710E+00  3.471131E+01
      4902  2.527331E+01 -5.404077E+00  5.059400E+01
      5053 -7.784153E-01 -4.730500E+00  7.735307E+00
      5054 -3.134614E+00  1.817076E+01  8.142131E+01
      5055 -7.183271E-01 -9.141623E-01 -1.549152E-01
      5056 -1.031349E+00 -1.058798E-01 -2.755570E-01
      5057 -3.383497E+00 -2.905458E-01  2.097668E+00
      5058 -1.026803E+01 -9.420437E-01  3.553721E+00
      5059 -1.114772E+00 -1.528556E+00  2.336559E+00
      5060 -1.927438E+00 -4.646396E+00  4.534883E+00
      5061 -5.385570E+00 -5.758820E+00  1.224207E+01
      5062 -1.288112E+01 -6.332366E+00  2.462715E+01
      5063 -2.111756E+01 -6.764192E+00  4.370369E+01
      5815  3.654173E-01 -7.566660E-01 -3.504641E-01
      5816  7.539012E-01 -8.567076E-02 -4.369647E-01
      5817  2.838550E+00 -2.669810E-01  1.758235E+00
      5818  9.077910E+00 -8.859297E-01  3.112029E+00
      5819  9.371203E-01 -1.353649E+00  1.866712E+00
      5820  1.545697E+00 -4.234782E+00  3.643002E+00
      5821  4.669878E+00 -5.265287E+00  1.060352E+01
      5822  1.146979E+01 -5.808593E+00  2.192405E+01
      5823  1.911915E+01 -6.246325E+00  3.952200E+01
      5983  7.633734E-01 -4.338934E+00  7.127260E+00
      5984  3.153871E+00  1.661804E+01  7.450425E+01
      5985 -3.725840E+00 -1.057594E+00  1.996773E+00
      5986 -6.888897E+00 -1.037903E+00  3.839326E+00
      5987 -8.613408E+00  4.560340E-02  5.477258E+00
      5988 -1.055274E+01  3.731009E-01  5.882264E+00
      5989 -3.127209E+00 -2.977701E+00  7.741173E+00
      5990 -8.595235E+00 -5.017729E+00  1.491011E+01
      5991 -1.152575E+01 -5.470539E+00  2.321404E+01
      5992 -1.428886E+01 -5.580223E+00  3.240307E+01
      5993 -2.337090E+01 -4.893478E+00  4.679808E+01
      6624  1.284851E+00 -3.083077E+00 -7.743974E+00
      6629 -1.225199E+00 -2.745495E+00 -6.970592E+00
      6631  3.305729E-01 -4.059222E-01 -1.292485E+00
      6632  2.651079E-01  4.364806E-01  8.422517E-01
      6633 -1.248241E-02  3.363778E-01  7.663336E-01
      6634 -6.741944E-02  9.024373E-02  3.284622E-01
      6635 -4.515176E-02 -1.661069E-01 -1.392104E-01
      6636  9.833275E-03 -3.388551E-01 -4.829128E-01
      6637  4.652406E-02 -4.578075E-01 -7.020667E-01
      6638  6.925523E-02 -5.141541E-01 -8.063519E-01
      6639  8.297836E-02 -5.042062E-01 -8.307675E-01
      6640  8.368160E-02 -4.932916E-01 -8.110056E-01
      6641  8.322364E-02 -4.444484E-01 -7.437447E-01
      6642  7.513967E-02 -4.101803E-01 -6.766040E-01
      6643  6.919553E-02 -3.538374E-01 -5.902473E-01
      6644  5.947456E-02 -3.208374E-01 -5.226210E-01
      6645  5.325196E-02 -2.735197E-01 -4.493079E-01
      6646  4.455026E-02 -2.521241E-01 -4.014791E-01
      6647  3.971513E-02 -2.190999E-01 -3.528427E-01
      6648  3.284098E-02 -2.110251E-01 -3.292483E-01
      6649  2.922301E-02 -1.911336E-01 -3.044050E-01
      6650  2.530883E-02 -1.931314E-01 -2.989398E-01
      6651  1.927269E-02 -1.942826E-01 -2.938201E-01
      6652  1.686003E-02 -1.814398E-01 -2.920016E-01
      6653  1.556110E-02 -1.873871E-01 -2.952695E-01
      6654  1.064540E-02 -1.896985E-01 -2.912785E-01
      6655  8.893439E-03 -1.735682E-01 -2.835386E-01
      6656  9.506400E-03 -1.762380E-01 -2.761262E-01
      6657  2.825575E-03 -1.747269E-01 -2.601981E-01
      6658  5.120101E-03 -1.520986E-01 -2.463749E-01
      6659  3.519614E-03 -1.456569E-01 -2.355166E-01
      6660  1.704294E-02 -1.178519E-01 -2.814220E-01
      6661 -1.100694E-02 -1.145193E-01 -2.763711E-01
      6662 -1.508609E-03 -1.357681E-01 -2.235783E-01
      6663 -2.226026E-03 -1.438974E-01 -2.327755E-01
      6664 -3.311717E-03 -1.466680E-01 -2.408507E-01
      6665 -6.206577E-03 -1.522352E-01 -2.501482E-01
      6666 -7.425659E-03 -1.585090E-01 -2.603128E-01
      6667 -9.335800E-03 -1.578388E-01 -2.569950E-01
      6668 -1.448381E-02 -1.574802E-01 -2.565197E-01
      6669 -1.759592E-02 -1.596968E-01 -2.585807E-01
      6670 -2.137201E-02 -1.631202E-01 -2.622160E-01
      6671 -2.562577E-02 -1.677775E-01 -2.673646E-01
      6672 -3.021078E-02 -1.741114E-01 -2.766765E-01
      6673 -3.523703E-02 -1.836092E-01 -2.916315E-01
      6674 -4.075399E-02 -1.974977E-01 -3.148168E-01
      6675 -4.682117E-02 -2.168918E-01 -3.480912E-01
      6676 -5.355173E-02 -2.420728E-01 -3.922773E-01
      6677 -6.104898E-02 -2.741256E-01 -4.488911E-01
      6678 -6.832761E-02 -3.122521E-01 -5.156152E-01
      6679 -7.531063E-02 -3.539405E-01 -5.882164E-01
      6680 -8.104450E-02 -3.945389E-01 -6.599496E-01
      6681 -8.316020E-02 -4.341764E-01 -7.170188E-01
      6682 -7.994101E-02 -4.546816E-01 -7.475882E-01
      6683 -6.902657E-02 -4.515584E-01 -7.283735E-01
      6684 -4.652233E-02 -4.100879E-01 -6.359914E-01
      6685 -1.098716E-02 -3.146195E-01 -4.431007E-01
      6686  3.193663E-02 -1.536257E-01 -1.306382E-01
      6687  5.894107E-02  6.549663E-02  2.835495E-01
      6688  6.694705E-03  2.924929E-01  6.795819E-01
      6689 -2.392896E-01  3.856793E-01  7.630882E-01
      6690 -3.203113E-01 -3.665932E-01 -1.130432E+00
      6691  1.851644E+00 -3.296817E+00 -6.132279E+00
      6692  1.226228E+00 -1.103636E+00 -1.769559E+00
      6693  1.705934E+00 -1.097756E+00 -1.451278E+00
      6694  1.639438E+00 -1.065069E+00 -1.596026E+00
      6695  1.657506E+00 -1.159339E+00 -2.079633E+00
      6696  1.641481E+00 -1.234902E+00 -2.484652E+00
      6697  1.556277E+00 -1.208340E+00 -2.659795E+00
      6698  1.420663E+00 -1.138661E+00 -2.671312E+00
      6699  1.265668E+00 -1.043786E+00 -2.551480E+00
      6700  1.097804E+00 -9.168465E-01 -2.348885E+00
      6701  9.472057E-01 -8.121237E-01 -2.137467E+00
      6702  8.167275E-01 -7.119243E-01 -1.917401E+00
      6703  7.094119E-01 -6.325605E-01 -1.720628E+00
      6704  6.219897E-01 -5.638159E-01 -1.543341E+00
      6705  5.552875E-01 -5.144848E-01 -1.400232E+00
      6706  5.012167E-01 -4.725727E-01 -1.280687E+00
      6707  4.608185E-01 -4.463088E-01 -1.193113E+00
      6708  4.245812E-01 -4.233069E-01 -1.124040E+00
      6709  3.938823E-01 -4.115197E-01 -1.079344E+00
      6710  3.586306E-01 -4.004951E-01 -1.048898E+00
      6711  3.242941E-01 -3.978880E-01 -1.039419E+00
      6712  2.890739E-01 -4.023216E-01 -1.034549E+00
      6713  2.415214E-01 -3.988540E-01 -1.032164E+00
      6714  1.981265E-01 -4.059700E-01 -1.044075E+00
      6715  1.585441E-01 -4.163615E-01 -1.051153E+00
      6716  1.140062E-01 -4.187225E-01 -1.053595E+00
      6717  7.952623E-02 -4.250115E-01 -1.059013E+00
      6718  5.623898E-02 -4.310437E-01 -1.056207E+00
      6719  3.217043E-02 -4.311970E-01 -1.045520E+00
      6720  1.438279E-02 -4.348867E-01 -1.044675E+00
      6721  9.260168E-03 -4.327301E-01 -1.003331E+00
      6722  3.538185E-03 -4.255003E-01 -1.018729E+00
      6723 -1.819476E-02 -4.158939E-01 -1.005176E+00
      6724 -3.596138E-02 -4.054377E-01 -9.927418E-01
      6725 -6.377302E-02 -3.932411E-01 -9.772500E-01
      6726 -9.962051E-02 -3.806646E-01 -9.638634E-01
      6727 -1.326146E-01 -3.663643E-01 -9.388328E-01
      6728 -1.817643E-01 -3.486641E-01 -9.039664E-01
      6729 -2.329525E-01 -3.401208E-01 -8.869499E-01
      6730 -2.848985E-01 -3.331222E-01 -8.789527E-01
      6731 -3.342289E-01 -3.323646E-01 -8.827235E-01
      6732 -3.821804E-01 -3.358166E-01 -8.970623E-01
      6733 -4.281236E-01 -3.450181E-01 -9.254526E-01
      6734 -4.726666E-01 -3.604800E-01 -9.705716E-01
      6735 -5.168286E-01 -3.833536E-01 -1.035958E+00
      6736 -5.624970E-01 -4.146424E-01 -1.124045E+00
      6737 -6.144800E-01 -4.555738E-01 -1.237546E+00
      6738 -6.759523E-01 -5.087323E-01 -1.379724E+00
      6739 -7.514919E-01 -5.742013E-01 -1.548507E+00
      6740 -8.452600E-01 -6.535665E-01 -1.740777E+00
      6741 -9.575083E-01 -7.463722E-01 -1.947429E+00
      6742 -1.090464E+00 -8.459667E-01 -2.150198E+00
      6743 -1.233909E+00 -9.502106E-01 -2.327975E+00
      6744 -1.377778E+00 -1.044681E+00 -2.441587E+00
      6745 -1.500522E+00 -1.110568E+00 -2.442327E+00
      6746 -1.578572E+00 -1.123984E+00 -2.277455E+00
      6747 -1.598785E+00 -1.069501E+00 -1.927464E+00
      6748 -1.580955E+00 -9.769047E-01 -1.492649E+00
      6749 -1.626362E+00 -1.008823E+00 -1.349930E+00
      6750 -1.145173E+00 -9.881379E-01 -1.580859E+00
      6751 -1.714308E+00 -2.961728E+00 -5.512038E+00
      7125 -5.544292E-01  8.020318E-01 -3.157540E+00
      7156  1.643930E-01 -8.468585E+00 -1.859013E+01
      7176  1.118707E-01  4.590360E-02  8.474835E-01
      7177  4.975239E-01 -1.406659E-01  8.409945E-01
      7178  8.989212E-01 -4.113625E-01  7.731036E-01
      7179  1.502220E+00 -2.543474E+00 -3.658303E+00
      7180  9.613769E-01 -3.141623E+00 -2.029158E+00
      7181  2.115212E+00 -6.413604E+00 -6.999101E+00
      7182  2.761195E+00 -4.979718E+00 -9.007356E+00
      7183 -3.862626E+00  2.391362E-02 -2.684873E+00
      7184 -3.563966E+00  5.085122E-01 -3.587447E+00
      7185 -3.107663E+00  6.038638E-01 -2.623815E+00
      7186 -2.214946E+00 -7.403428E-02 -1.351086E+00
      7187 -6.697309E+00 -2.730406E+00 -1.491273E+01
      7188 -5.773829E+00 -3.208327E+00 -1.171817E+01
      7189 -4.366191E+00 -5.601133E+00 -1.589929E+01
      7190 -4.152695E+00 -2.271765E+00 -9.394630E+00
      7191 -3.073864E+00 -8.325814E-01 -6.912045E+00
      7241  4.749042E-01  7.185484E-01 -2.821602E+00
      7272 -1.199806E-01 -7.588695E+00 -1.664129E+01
      7292  3.437974E+00  1.858999E-02 -2.386073E+00
      7293  3.149916E+00  4.446303E-01 -3.146153E+00
      7294  2.759185E+00  5.418936E-01 -2.269180E+00
      7295  1.933621E+00 -6.383378E-02 -1.155300E+00
      7296  5.985477E+00 -2.444335E+00 -1.330873E+01
      7297  5.145643E+00 -2.878750E+00 -1.045294E+01
      7298  3.885634E+00 -5.015630E+00 -1.413995E+01
      7299  3.653921E+00 -2.012717E+00 -8.280083E+00
      7300  2.671073E+00 -7.285075E-01 -6.028094E+00
      7301 -9.806356E-02  3.638012E-02  7.642151E-01
      7302 -4.613227E-01 -1.295445E-01  7.472767E-01
      7303 -8.445061E-01 -3.861089E-01  6.329610E-01
      7304 -1.362616E+00 -2.289338E+00 -3.272766E+00
      7305 -8.875357E-01 -2.823428E+00 -1.841440E+00
      7306 -1.916518E+00 -5.782637E+00 -6.357241E+00
      7307 -2.509295E+00 -4.463094E+00 -8.190368E+00
     49336 -2.550334E-02 -4.674280E-02 -1.383273E-02
     49337 -9.934959E-03 -5.792141E-02 -2.052647E-02
     49338 -8.013177E-03 -4.644784E-02 -1.692930E-02
     49339 -6.467322E-03 -1.766856E-02  3.360553E-03
     49340 -7.138194E-03 -3.616412E-02 -1.357372E-02
     49341  3.845755E-03 -1.408133E-02 -5.247383E-04
     49342  6.865347E-03 -2.336332E-02 -9.552172E-04
     49343 -1.517000E-04 -5.527786E-02  2.218460E-02
     49344  8.430812E-03 -2.695835E-02 -3.233056E-04
     49345  8.372153E-04 -4.961480E-02  1.404330E-02
     49346 -6.683697E-03 -2.937563E-02 -1.121999E-02
     49347 -8.400586E-03 -2.822745E-02 -1.156485E-02
     49348  6.290071E-03 -2.276623E-02 -8.818081E-04
     49349 -8.041353E-03 -1.007447E-01  6.543714E-02
     49350  1.077739E-03 -5.404940E-02  1.339138E-02
     49351  2.894108E-04 -4.646518E-02  1.396235E-02
     49352  2.501280E-02 -4.610830E-02  3.528182E-02
     49353 -9.734278E-03 -2.824385E-02  7.279727E-02
     49354  1.533981E-02 -8.498374E-02  9.075013E-02
     49355 -4.120043E-02  1.022258E-01  4.012889E-02
     49356 -3.404689E-02  1.181723E-02  1.125645E-02
     49357 -4.494255E-03 -8.925023E-02  2.234242E-02
     49358 -1.373764E-02 -6.469333E-02 -2.163345E-02
     49359 -4.081218E-03 -2.142542E-02 -9.098868E-03
     49360  9.804443E-03 -2.176485E-02 -7.784079E-04
     49361  9.339731E-04 -6.096853E-02  1.293777E-02
     49362 -1.701424E-03 -4.757363E-02  1.543984E-02
     49363 -7.587363E-03 -1.017311E-01  4.043753E-02
     49364 -1.528485E-04 -7.121564E-02  1.427170E-02
     49365  2.575050E-03 -4.406484E-02 -2.289506E-04
     49366 -2.381537E-03 -4.843984E-02  1.670508E-02
     49367 -2.938632E-01 -6.288624E-02 -3.840379E+00
     49368 -1.142343E-02 -5.543267E-01 -3.795898E+00
     49369  2.052833E-01 -5.872508E-01 -4.092623E+00
     49370 -1.152240E-01 -1.645148E-01 -4.031348E+00
     49371 -1.102260E-02  5.384231E-02 -2.529219E-01
     49372  6.335517E-03  1.781711E-02 -2.254985E-01
     49373  5.421021E-03  6.675319E-02 -2.103457E-01
     49374 -9.810016E-03  1.118209E-02 -2.195808E-01
     49375  4.191156E-01 -4.922140E-01 -4.274929E+00
     49376  6.488367E-01 -2.908095E-01 -4.369749E+00
     49377  8.197664E-02 -5.524826E-01 -4.375856E+00
     49378  3.618133E-01 -3.714168E-02 -4.892392E+00
     49379  1.050000E+00 -2.330085E-01 -4.324886E+00
     49380  1.154716E+00 -1.611763E-01 -4.040309E+00
     49381  8.082930E-01 -2.526640E-01 -4.608896E+00
     49382  5.945250E-01 -1.646232E-01 -4.903134E+00
     49383  1.127614E+00 -2.263591E-01 -4.990475E+00
     49384  1.370909E+00 -1.715677E-03 -3.539415E+00
     49385  1.488430E+00 -1.474890E-02 -3.130593E+00
     49386  1.408874E+00 -3.251442E-01 -3.966791E+00
     49387  1.347630E+00 -2.383808E-01 -4.663289E+00
     49388  1.542978E+00  2.472285E-01 -4.471879E+00
     49389  1.467141E+00 -4.598964E-02 -2.713527E+00
     49390  1.414497E+00 -7.428000E-02 -2.330432E+00
     49391  1.598663E+00 -1.571690E-01 -2.987112E+00
     49392  1.527967E+00 -2.174615E-01 -2.966984E+00
     49393  1.450702E+00  2.866802E-01 -4.035912E+00
     49394  1.448331E+00 -1.127123E-02 -1.823481E+00
     49395  1.349100E+00 -2.125549E-02 -1.453299E+00
     49396  1.525211E+00 -7.568314E-02 -2.121091E+00
     49397  1.696513E+00 -5.721399E-02 -2.611630E+00
     49398  1.535966E+00  1.367563E-01 -2.170499E+00
     49399  1.251981E+00  2.467940E-02 -1.069736E+00
     49400  1.166514E+00  1.013548E-02 -8.092892E-01
     49401  1.478474E+00  7.748460E-02 -1.215480E+00
     49402  1.404219E+00  1.698974E-01 -1.777592E+00
     49403  1.287584E+00 -7.942754E-02 -9.849289E-01
     49404  1.124602E+00  8.135273E-03 -5.293158E-01
     49405  1.000031E+00  2.222698E-02 -2.962586E-01
     49406  1.150525E+00  1.189642E-01 -6.081471E-01
     49407  1.141822E+00  6.400891E-02 -4.874393E-01
     49408  1.368558E+00  3.182410E-02 -7.381835E-01
     49409  9.626909E-01  6.959435E-03 -1.293097E-01
     49410  8.163667E-01  9.411809E-02  9.118858E-02
     49411  9.812739E-01  1.737464E-01 -1.724078E-01
     49412  1.050266E+00  8.751547E-02 -2.503063E-01
     49413  9.450435E-01  7.849455E-02  2.339509E-02
     49414  7.360276E-01  1.037580E-01  1.852064E-01
     49415  6.807783E-01  8.787574E-02  2.465099E-01
     49416  7.994528E-01  2.917755E-01  2.291927E-01
     49417  7.528223E-01  6.772787E-02  4.194367E-01
     49418  9.303785E-01  1.510232E-02  2.508867E-01
     49419  6.369308E-01  3.768574E-02  2.702287E-01
     49420  5.254261E-01  3.834326E-02  3.008916E-01
     49421  5.941968E-01  2.237297E-01  3.650960E-01
     49422  7.653333E-01  6.545894E-02  5.133827E-01
     49423  6.078590E-01  2.565348E-02  4.867407E-01
     49424  4.894406E-01  9.943231E-02  3.677337E-01
     49425  4.575352E-01  1.003819E-01  3.693792E-01
     49426  6.287833E-01  2.576992E-01  4.447207E-01
     49427  5.681707E-01  3.886931E-02  5.188837E-01
     49428  4.785879E-01  7.085431E-02  6.125428E-01
     49429  4.343102E-01  4.356595E-02  3.206699E-01
     49430  3.568849E-01  4.574047E-02  3.009490E-01
     49431  3.755599E-01  2.172636E-01  4.484926E-01
     49432  4.023097E-01  2.605309E-02  5.128809E-01
     49433  5.139657E-01  6.171927E-02  6.278570E-01
     49434  3.460200E-01  9.325824E-02  3.126466E-01
     49435  3.302004E-01  9.524523E-02  2.871350E-01
     49436  4.476419E-01  2.289908E-01  4.007790E-01
     49437  3.832381E-01  3.246530E-02  4.921155E-01
     49438  3.301644E-01  6.742499E-02  5.092678E-01
     49439  3.248436E-01  4.290778E-02  2.171423E-01
     49440  2.709242E-01  4.551050E-02  1.841079E-01
     49441  2.628214E-01  1.855959E-01  3.382528E-01
     49442  2.983562E-01  3.154675E-02  3.528725E-01
     49443  3.719437E-01  4.582527E-02  4.987812E-01
     49444  2.749895E-01  8.202895E-02  1.765357E-01
     49445  2.676900E-01  8.376815E-02  1.484834E-01
     49446  3.527259E-01  1.914434E-01  2.557155E-01
     49447  2.869130E-01  3.517483E-02  3.178494E-01
     49448  2.581832E-01  5.328767E-02  3.233169E-01
     49449  2.742486E-01  3.910374E-02  8.730517E-02
     49450  2.347207E-01  4.124945E-02  6.099939E-02
     49451  2.163041E-01  1.524348E-01  1.863001E-01
     49452  2.557535E-01  3.635338E-02  1.695512E-01
     49453  3.060779E-01  3.146223E-02  3.088636E-01
     49454  2.442362E-01  7.162284E-02  5.649910E-02
     49455  2.395964E-01  7.242833E-02  3.873366E-02
     49456  3.102083E-01  1.591393E-01  1.198089E-01
     49457  2.455551E-01  3.938483E-02  1.415893E-01
     49458  2.290562E-01  3.820805E-02  1.677610E-01
     49459  2.512093E-01  3.496856E-02 -2.255181E-03
     49460  2.161158E-01  3.630100E-02 -1.447915E-02
     49461  1.997455E-01  1.283730E-01  7.384388E-02
     49462  2.796944E-01  2.291444E-02  1.608110E-01
     49463  2.388359E-01  3.809167E-02  4.745147E-02
     49464  2.238296E-01  6.462487E-02 -6.602472E-03
     49465  2.174755E-01  6.417796E-02 -1.213124E-02
     49466  2.865831E-01  1.382836E-01  4.220157E-02
     49467  2.261835E-01  4.159949E-02  3.443017E-02
     49468  2.107003E-01  2.748907E-02  8.706409E-02
     49469  2.275008E-01  3.081926E-02 -3.678604E-02
     49470  1.980742E-01  3.964369E-02 -2.705964E-02
     49471  1.815361E-01  1.139534E-01  2.352238E-02
     49472  2.170120E-01  3.788640E-02  2.067632E-03
     49473  2.592424E-01  2.047675E-02  8.947402E-02
     49474  2.227525E-01  1.456031E-02 -4.114420E-02
     49475  1.763681E-01  7.151848E-02  1.193353E-02
     49476  1.914461E-01  1.020062E-01 -5.860282E-03
     49477  2.003801E-01  4.226538E-02  5.597817E-03
     49478  2.003190E-01  5.981252E-02 -7.020932E-03
     49479  1.676800E-01  6.515966E-02 -2.130485E-02
     49480  1.564934E-01  5.760796E-02 -2.457139E-02
     49481  1.657387E-01  1.562355E-01  2.581179E-02
     49482  2.143927E-01 -7.574897E-03  5.769206E-02
     49483  1.620395E-01  3.558743E-02  5.394582E-02
     49484  1.565773E-01  2.684635E-02 -4.921454E-02
     49485  1.170314E-01  5.599153E-02 -2.685981E-02
     49486  1.134601E-01  1.082237E-01  4.836631E-03
     49487  1.435377E-01  3.986090E-02 -1.300122E-02
     49488  1.922529E-01  1.446961E-02  7.054425E-02
     49489  1.419065E-01  1.192357E-02 -5.713633E-02
     49490  9.126431E-02  6.859616E-02 -1.404232E-02
     49491  6.051813E-02  1.420816E-01 -6.789818E-03
     49492  1.485589E-01  1.390811E-02  2.599452E-02
     49493  1.136864E-01  5.841273E-02 -2.979559E-02
     49494  7.933546E-02  6.105216E-02 -6.368650E-02
     49495  6.677688E-02  5.247265E-02 -7.970576E-02
     49496  7.285280E-02  1.511743E-01 -1.207549E-02
     49497  1.270399E-01 -1.225514E-02  2.699638E-02
     49498  6.539999E-02  3.393644E-02  5.444945E-03
     49499  7.015010E-02  2.279791E-02 -1.149545E-01
     49500  3.016262E-02  3.107267E-02 -1.219222E-01
     49501  2.106139E-02  1.060769E-01 -4.908236E-02
     49502  5.700000E-02  4.214634E-02 -9.085130E-02
     49503  9.775424E-02  8.512424E-03  1.106920E-02
     49504  6.272670E-02 -1.182110E-03 -1.470624E-01
     49505  1.609229E-02  5.376846E-02 -1.229545E-01
     49506  2.162267E-02  9.388648E-02 -1.079844E-01
     49507  3.211550E-02  4.630093E-02 -1.037785E-01
     49508  3.098176E-02  7.820964E-02 -1.505613E-01
     49509  5.975592E-02 -4.180416E-03 -1.850459E-01
     49510  1.255750E-02  6.252279E-02 -1.708581E-01
     49511 -7.767049E-02  1.648280E-01 -1.429458E-01
     49512  1.548699E-02  9.928069E-02 -1.921220E-01
     49513  4.731494E-02 -1.666361E-02 -9.921866E-02
     49514  6.435104E-03  4.730788E-02 -2.067607E-01
     49515  4.849356E-03  5.423821E-02 -2.085268E-01
     49516 -7.330394E-03  1.349737E-01 -1.736649E-01
     49517 -1.611622E-02  3.071156E-02 -1.592851E-01
     49518  4.729890E-02 -1.775521E-02 -1.136661E-01
     49519  6.042608E-03  1.196684E-01 -1.940833E-01
     49520  3.380309E-02 -7.011644E-03 -1.475642E-01
     51379  6.622593E-03 -6.750086E-03  3.573139E-02
     51380 -5.981104E-03 -9.502037E-02  9.010229E-02
     51381 -2.998963E-03 -1.036586E-01  8.212257E-02
     51382 -4.455378E-03 -5.245869E-02  1.633170E-02
     51383 -4.858421E-03 -8.988898E-02  2.641625E-02
     51384 -1.459228E-03 -1.113701E-01  4.809027E-02
     51385 -1.425988E-03 -5.889045E-02  2.096311E-02
     51386 -5.083632E-03 -5.929112E-02  1.716253E-02
     51387 -2.563120E-03 -1.052775E-01  3.885186E-02
     51388 -2.658387E-03 -6.609534E-02  2.445416E-02
     51389  7.929074E-03 -2.084449E-02  6.552565E-03
     51390 -5.188427E-03 -6.299513E-02  1.758072E-02
     51391 -3.504380E-03 -7.751024E-02  2.849874E-02
     51392 -2.989590E-03 -6.972406E-02  2.801586E-02
     51393 -4.902276E-03 -5.577593E-02  1.678304E-02
     51394 -4.041892E-03 -6.976967E-02  1.693982E-02
     51395 -4.219454E-03 -9.920477E-02  3.206582E-02
     51396 -2.768114E-03 -4.154628E-02  1.383626E-02
     51397 -7.572830E-03 -8.536992E-02  2.609630E-02
     51398 -2.457654E-03 -5.884821E-02  2.141516E-02
     51399 -5.098517E-04 -1.125084E-01  7.099455E-02
     51400 -3.953773E-03 -5.754916E-02  2.136000E-02
     51401 -3.915072E-03 -4.804432E-02  1.556217E-02
     51402  8.388354E-04 -4.598480E-02  1.579511E-02
     51403 -2.762351E-03 -4.261717E-02  1.397086E-02
     51404 -3.614482E-03 -4.580119E-02  1.497623E-02
     51405 -5.466470E-03 -6.900909E-02  1.866530E-02
     51406 -4.216949E-03 -5.027454E-02  1.601306E-02
     51407 -2.555204E-03 -4.230686E-02  1.434766E-02
     51408 -1.600291E-02 -1.359668E-01  1.071915E-01
     51409 -6.450426E-04 -1.154193E-01  5.928692E-02
     51410 -4.250116E-03  1.854056E-02 -2.256492E-01
     51411  1.399769E-02  5.314107E-02 -2.536538E-01
     51412 -1.210548E-03  6.450771E-02 -2.189592E-01
     51413  7.954872E-03  1.366259E-02 -2.268669E-01
     51414 -1.614107E-02 -4.666977E-01 -3.426983E+00
     51415  2.060370E-01 -7.256758E-02 -3.496350E+00
     51416 -2.305243E-01 -5.347189E-01 -3.661430E+00
     51417  5.612792E-02 -7.586167E-02 -3.772608E+00
     51418 -1.327489E-03  5.671043E-02 -2.097101E-01
     51419 -1.902767E-03  5.227122E-02 -1.974180E-01
     51420  3.527635E-03  1.188982E-01 -1.981655E-01
     51421 -3.639772E-02 -1.984353E-02 -1.574238E-01
     51422 -1.962117E-03  4.685276E-02 -1.979879E-01
     51423 -1.125988E-02  4.533418E-02 -1.832658E-01
     51424 -1.204375E-02  1.303985E-01 -1.840271E-01
     51425  4.479093E-02 -3.108996E-02 -1.373900E-01
     51426 -2.032812E-02  1.255355E-02 -1.358600E-01
     51427 -1.612662E-02  4.982945E-02 -1.466153E-01
     51428 -2.480885E-02  4.620242E-02 -1.462769E-01
     51429 -1.115760E-03  1.265771E-01 -1.483270E-01
     51430 -5.005401E-02 -2.877893E-02 -7.235494E-02
     51431  8.925214E-03  2.457203E-02 -1.247490E-01
     51432 -3.420576E-02  5.055615E-02 -1.088644E-01
     51433 -4.323217E-02  4.548687E-02 -1.046804E-01
     51434 -1.828223E-02  1.267429E-01 -1.072789E-01
     51435 -2.519904E-03  3.032560E-02 -9.402533E-02
     51436 -6.782877E-02 -2.218860E-02 -3.293125E-02
     51437 -6.120890E-02  5.159137E-02 -7.068272E-02
     51438 -6.749374E-02  4.894747E-02 -5.816961E-02
     51439 -4.094730E-02  1.262070E-01 -6.545986E-02
     51440 -9.856591E-02 -1.103402E-02  6.814361E-03
     51441 -2.545199E-02  3.248975E-02 -5.002196E-02
     51442 -8.589287E-02  5.024229E-02 -5.159541E-02
     51443 -9.863343E-02  4.966544E-02 -3.708314E-02
     51444 -8.502776E-02  1.226814E-01 -3.246465E-02
     51445 -3.920716E-02  4.462516E-04  1.474501E-02
     51446 -1.079097E-01  1.945918E-02  2.559920E-02
     51447 -1.195969E-01  5.288710E-02 -1.427447E-02
     51448 -1.319265E-01  4.738513E-02 -2.176918E-02
     51449 -1.037113E-01  1.247927E-01 -1.857301E-03
     51450 -9.001348E-02  3.350389E-02  3.380236E-02
     51451 -1.533790E-01  3.251888E-04  7.019762E-02
     51452 -1.494401E-01  5.328326E-02  1.303189E-03
     51453 -1.619210E-01  4.845621E-02 -4.159970E-03
     51454 -1.342978E-01  1.218196E-01  1.456145E-02
     51455 -1.268331E-01  3.670216E-02  4.586237E-02
     51456 -1.837890E-01  1.936228E-03  8.519333E-02
     51457 -1.799903E-01  5.234114E-02  1.243772E-02
     51458 -1.925032E-01  5.025020E-02  7.823217E-03
     51459 -1.679635E-01  1.228119E-01  3.099154E-02
     51460 -2.152354E-01  6.052534E-03  1.004330E-01
     51461 -1.602955E-01  3.887585E-02  6.273703E-02
     51462 -2.090625E-01  5.350539E-02  2.222471E-02
     51463 -2.203009E-01  5.057707E-02  1.585417E-02
     51464 -1.982886E-01  1.260189E-01  4.343560E-02
     51465 -2.450132E-01  8.314660E-03  1.119287E-01
     51466 -1.927908E-01  4.091060E-02  7.807346E-02
     51467 -2.351944E-01  5.613032E-02  3.153770E-02
     51468 -2.452624E-01  5.377730E-02  2.630496E-02
     51469 -2.241880E-01  1.290078E-01  5.379720E-02
     51470 -2.224800E-01  4.064072E-02  8.830468E-02
     51471 -2.734644E-01  8.059002E-03  1.273184E-01
     51472 -2.590059E-01  6.049317E-02  4.476304E-02
     51473 -2.672423E-01  5.686935E-02  3.980788E-02
     51474 -2.470987E-01  1.359006E-01  6.793352E-02
     51475 -2.987472E-01  7.259484E-03  1.465808E-01
     51476 -2.488256E-01  4.405337E-02  1.029277E-01
     51477 -2.797845E-01  6.452306E-02  6.233567E-02
     51478 -2.866635E-01  6.058027E-02  6.033529E-02
     51479 -2.671539E-01  1.432805E-01  8.651716E-02
     51480 -2.712331E-01  4.739952E-02  1.210954E-01
     51481 -3.201224E-01  8.198281E-03  1.733399E-01
     51482 -2.990330E-01  6.927564E-02  8.822017E-02
     51483 -3.052161E-01  6.474817E-02  8.933805E-02
     51484 -2.847963E-01  1.528662E-01  1.139703E-01
     51485 -3.392987E-01  1.048467E-02  2.114749E-01
     51486 -2.906746E-01  5.242076E-02  1.491727E-01
     51487 -3.185071E-01  7.488260E-02  1.236066E-01
     51488 -3.249498E-01  6.999387E-02  1.288091E-01
     51489 -3.016919E-01  1.643898E-01  1.518022E-01
     51490 -3.087836E-01  5.824138E-02  1.891744E-01
     51491 -3.587546E-01  1.335509E-02  2.631754E-01
     51492 -3.421237E-01  8.088810E-02  1.682641E-01
     51493 -3.502344E-01  7.514377E-02  1.751053E-01
     51494 -3.214526E-01  1.785751E-01  2.012816E-01
     51495 -3.826885E-01  1.763614E-02  3.273747E-01
     51496 -3.278787E-01  6.580811E-02  2.433020E-01
     51497 -3.732312E-01  8.577390E-02  2.160978E-01
     51498 -3.854391E-01  7.994123E-02  2.225776E-01
     51499 -3.488337E-01  1.934508E-01  2.566060E-01
     51500 -3.525568E-01  7.325426E-02  3.079906E-01
     51501 -4.154087E-01  2.310012E-02  3.978158E-01
     51502 -4.181102E-01  9.089473E-02  2.598470E-01
     51503 -4.365052E-01  8.428423E-02  2.587569E-01
     51504 -3.884510E-01  2.102118E-01  3.112074E-01
     51505 -3.879031E-01  8.032295E-02  3.768452E-01
     51506 -4.648409E-01  2.900309E-02  4.651027E-01
     51507 -4.811817E-01  9.271310E-02  2.802947E-01
     51508 -5.038983E-01  9.144417E-02  2.841458E-01
     51509 -4.474751E-01  2.267840E-01  3.485401E-01
     51510 -5.375865E-01  3.695701E-02  4.984577E-01
     51511 -4.405796E-01  8.715686E-02  4.355498E-01
     51512 -5.640003E-01  8.926102E-02  2.507824E-01
     51513 -6.016104E-01  8.194167E-02  2.249105E-01
     51514 -5.491439E-01  2.342457E-01  3.439426E-01
     51515 -4.953631E-01  5.146442E-02  4.878159E-01
     51516 -6.145722E-01  8.069683E-02  4.788192E-01
     51517 -6.719632E-01  7.956045E-02  1.807748E-01
     51518 -7.233754E-01  7.281228E-02  1.035762E-01
     51519 -6.404744E-01  2.380747E-01  2.833108E-01
     51520 -7.595012E-01  3.997777E-02  4.179966E-01
     51521 -6.173026E-01  7.894759E-02  4.409253E-01
     51522 -8.038496E-01  6.374878E-02  5.078525E-03
     51523 -8.686489E-01  5.680015E-02 -1.226752E-01
     51524 -7.789961E-01  2.389096E-01  1.279678E-01
     51525 -7.463904E-01  7.274090E-02  3.126114E-01
     51526 -9.186653E-01  3.299388E-02  2.193369E-01
     51527 -9.533960E-01  3.603432E-02 -2.948745E-01
     51528 -1.030937E+00  3.029048E-02 -4.846218E-01
     51529 -9.449778E-01  2.208983E-01 -1.564398E-01
     51530 -1.103007E+00  1.865871E-02 -1.325757E-01
     51531 -9.038113E-01  4.969414E-02  6.473679E-02
     51532 -1.108676E+00 -2.011406E-03 -7.434767E-01
     51533 -1.194390E+00 -5.142551E-03 -1.003315E+00
     51534 -1.126395E+00  1.840947E-01 -5.989282E-01
     51535 -1.299936E+00 -6.278345E-03 -6.709562E-01
     51536 -1.082193E+00  1.471330E-02 -3.481368E-01
     51537 -1.247680E+00 -4.758801E-02 -1.353315E+00
     51538 -1.330846E+00 -4.709836E-02 -1.683122E+00
     51539 -1.302143E+00  1.280630E-01 -1.217997E+00
     51540 -1.264679E+00 -3.441581E-02 -9.549937E-01
     51541 -1.483899E+00 -4.701261E-02 -1.413848E+00
     51542 -1.334047E+00 -9.555682E-02 -2.109889E+00
     51543 -1.395141E+00 -9.221364E-02 -2.491610E+00
     51544 -1.434456E+00  5.321882E-02 -2.007424E+00
     51545 -1.605281E+00 -1.001987E-01 -2.345062E+00
     51546 -1.420887E+00 -9.533024E-02 -1.767512E+00
     51547 -1.311701E+00 -1.382556E-01 -2.944034E+00
     51548 -1.314507E+00 -1.380104E-01 -3.315518E+00
     51549 -1.459103E+00 -3.286403E-02 -2.903710E+00
     51550 -1.584723E+00 -1.654458E-01 -3.368392E+00
     51551 -1.501276E+00 -1.579964E-01 -2.752311E+00
     51552 -1.103877E+00 -1.823075E-01 -3.666373E+00
     51553 -1.012232E+00 -2.374546E-01 -3.930938E+00
     51554 -1.275113E+00 -1.188042E-01 -3.735490E+00
     51555 -1.306685E+00 -2.509323E-01 -4.217032E+00
     51556 -1.424078E+00 -2.067456E-01 -3.776133E+00
     51557 -6.453635E-01 -2.691689E-01 -3.947469E+00
     51558 -4.379558E-01 -4.016355E-01 -3.840521E+00
     51559 -7.682729E-01 -2.363500E-01 -4.183325E+00
     51560 -1.095613E+00 -2.374837E-01 -4.544326E+00
     51561 -6.422038E-01 -4.109887E-01 -4.423853E+00
     51562 -2.193939E-01 -3.228840E-01 -4.021157E+00
     51563 -4.266270E-01 -2.207846E-01 -4.474918E+00
     56742  2.832569E+00  1.371280E+00 -2.667733E-01
     56743 -1.172796E-01 -2.346141E-01 -5.938705E-01
     56744  1.309649E+00  3.901312E+00  1.251426E+00
     56745 -1.023464E-01  6.906290E-02 -2.669921E-01
     56746 -1.834664E-01  4.011357E-01 -2.438338E-01
     56747 -1.617611E+00 -1.536351E+01  8.115319E+01
     56748 -4.135793E+00 -1.464788E+01  7.612765E+01
     56749  3.047029E+00 -9.977882E+00  6.914852E+01
     56750 -1.623371E+00 -5.788268E+00  8.493602E+00
     56751 -8.520521E-01 -7.366029E+00  1.411713E+01
     56752  1.533650E-01 -8.564672E+00  1.282567E+01
     56753 -1.071297E+00 -5.702745E+00  5.051382E+00
     56754 -7.306755E+00 -1.294172E+01  5.753366E+01
     56755 -1.050330E+00 -8.613005E+00  1.769549E+01
     56756 -2.670301E+00 -9.600313E+00  2.213368E+01
     56757 -1.540067E+00 -8.419922E+00  1.091471E+01
     56758  1.187922E+00 -1.005651E+01  2.809731E+01
     56759 -2.865981E+00 -1.070552E+01  3.548231E+01
     56760 -1.762575E+00 -1.024492E+01  2.133597E+01
     56761  2.586068E+00 -1.109747E+01  4.615876E+01
     56762 -4.328130E-01 -1.060853E+01  5.321086E+01
     56763 -4.493620E-01 -1.144309E+01  3.418289E+01
     56764  6.538584E-01 -1.256651E+01  5.543132E+01
     56765 -2.190235E+00 -9.377834E+00  1.259281E+01
     56766 -2.180142E+00 -8.416523E+00  7.687817E+00
     56767 -3.114004E+00 -1.036747E+01  2.479456E+01
     56768 -3.757929E+00 -1.056689E+01  1.847895E+01
     56769 -2.154181E+00 -1.073000E+01  4.058987E+01
     56770 -4.609493E+00 -1.192962E+01  3.253814E+01
     62363 -2.636632E+00  1.243209E+00 -2.647700E-01
     62364  3.590647E-02  5.950725E-02 -2.293377E-01
     62365  5.033720E-02 -2.603192E-01 -5.640586E-01
     62366  1.488669E-01  4.321347E-01 -9.329672E-02
     62367 -1.250323E+00  3.591043E+00  1.138960E+00
     62368  7.859934E-01 -6.733271E+00  1.325203E+01
     62369  1.589870E+00 -5.278543E+00  7.655793E+00
     62370  1.222474E+00 -5.201101E+00  4.333342E+00
     62371  4.022439E+00 -1.339938E+01  6.929957E+01
     62372  1.737486E+00 -1.408711E+01  7.463319E+01
     62373  6.885700E+00 -1.199733E+01  5.210646E+01
     62374 -1.547467E-01 -7.897971E+00  1.195579E+01
     62375 -2.599099E+00 -9.042078E+00  6.382716E+01
     62376  2.099109E+00 -7.692535E+00  6.542129E+00
     62377  2.104327E+00 -8.538810E+00  1.100460E+01
     62378  1.379783E+00 -7.736325E+00  1.003634E+01
     62379  3.570149E+00 -9.664861E+00  1.637724E+01
     62380  2.988800E+00 -9.451695E+00  2.213026E+01
     62381  1.746228E+00 -9.388645E+00  1.961261E+01
     62382  4.429894E+00 -1.097025E+01  2.919430E+01
     62383  2.239139E+00 -9.762170E+00  3.660776E+01
     62384  4.995001E-01 -1.049024E+01  3.127521E+01
     62385 -5.080249E-01 -1.150525E+01  5.070810E+01
     62386  2.782584E+00 -8.765049E+00  2.092876E+01
     62387  1.188919E+00 -7.848714E+00  1.697968E+01
     62388  2.842699E+00 -9.832175E+00  3.305026E+01
     62389 -8.405370E-01 -9.194699E+00  2.637449E+01
     62390  5.534765E-01 -9.708142E+00  4.927937E+01
     62391 -2.271043E+00 -1.014637E+01  4.287922E+01
     67603  3.386617E-03 -1.240658E-01  1.910927E-01
     67604 -3.499340E-03 -1.439349E-01  2.117556E-01
     67605  2.371238E-01 -4.007652E-01 -6.319755E-02
     67606 -2.579742E-01 -4.194405E-01 -6.204707E-02
     67607  1.269667E+00 -2.945845E+00 -7.536225E+00
     67608  2.183333E+00 -2.101583E+00 -7.099626E+00
     67609  1.262353E+00 -2.297686E+00 -6.301134E+00
     67610 -4.187817E-02 -3.545727E-01 -1.221679E+00
     67611  8.290913E-02 -2.877718E-01 -1.233033E+00
     67612 -5.819398E-02 -2.879631E-01 -1.215395E+00
     67613  6.927119E-02 -3.545185E-01 -1.219280E+00
     67614 -2.054887E+00 -1.875646E+00 -6.402514E+00
     67615 -1.239365E+00 -2.632236E+00 -6.805326E+00
     67616 -1.225162E+00 -2.072500E+00 -5.720293E+00
     67617  2.717005E+00 -2.320208E+00 -5.369667E+00
     67618 -2.528669E+00 -2.097091E+00 -4.861057E+00
     67619  1.199841E+00 -1.486898E+00 -4.958537E+00
     67620  1.719468E+00 -1.763189E+00 -5.307451E+00
     67621  1.889680E+00 -2.439113E+00 -4.082024E+00
     67622  2.007694E+00 -6.957129E-01 -1.933510E+00
     67623  2.935368E+00 -2.619047E+00 -5.000503E+00
     67624  2.746933E+00 -2.551922E+00 -5.604336E+00
     67625  2.029966E+00 -1.503711E+00 -2.581926E+00
     67626  3.900552E+00 -2.819145E+00 -5.284217E+00
     67627  3.229356E+00 -2.230579E+00 -5.099122E+00
     67628  3.946393E+00 -2.375073E+00 -4.729936E+00
     67629  3.449326E+00 -1.857539E+00 -4.583468E+00
     67630  3.822329E+00 -1.843174E+00 -4.174332E+00
     67631  3.428952E+00 -1.475196E+00 -4.021213E+00
     67632  3.579866E+00 -1.376403E+00 -3.654155E+00
     67633  3.204442E+00 -1.079750E+00 -3.441928E+00
     67634  3.201699E+00 -9.151258E-01 -3.098429E+00
     67635  2.882424E+00 -7.447872E-01 -2.895102E+00
     67636  2.804474E+00 -5.773375E-01 -2.625043E+00
     67637  2.520979E+00 -4.906934E-01 -2.402689E+00
     67638  2.420878E+00 -3.518123E-01 -2.215039E+00
     67639  2.157038E+00 -2.972500E-01 -2.008408E+00
     67640  2.053001E+00 -1.595872E-01 -1.841334E+00
     67641  1.830391E+00 -1.512551E-01 -1.674946E+00
     67642  1.754063E+00 -8.860229E-02 -1.607713E+00
     67643  1.542994E+00 -9.338384E-02 -1.466105E+00
     67644  1.498019E+00 -1.992930E-02 -1.399939E+00
     67645  1.327236E+00 -4.490263E-02 -1.290968E+00
     67646  1.310715E+00 -3.013579E-02 -1.293119E+00
     67647  1.140414E+00 -5.352125E-02 -1.205274E+00
     67648  1.014042E+00 -5.196678E-02 -1.127006E+00
     67649  1.156321E+00 -2.249101E-02 -1.191396E+00
     67650  9.034006E-01 -8.374062E-02 -1.106591E+00
     67651  1.053240E+00 -6.301488E-02 -1.158456E+00
     67652  8.345915E-01 -9.482182E-02 -1.073628E+00
     67653  9.646869E-01 -7.197021E-02 -1.110768E+00
     67654  7.657191E-01 -1.247530E-01 -1.074781E+00
     67655  9.073634E-01 -1.117135E-01 -1.107496E+00
     67656  7.192491E-01 -1.301014E-01 -1.051615E+00
     67657  8.463699E-01 -1.153053E-01 -1.075989E+00
     67658  6.565016E-01 -1.477047E-01 -1.053592E+00
     67659  7.981368E-01 -1.414011E-01 -1.075828E+00
     67660  6.003416E-01 -1.489019E-01 -1.045930E+00
     67661  7.267290E-01 -1.357496E-01 -1.053772E+00
     67662  5.370334E-01 -1.594621E-01 -1.040749E+00
     67663  6.585746E-01 -1.445575E-01 -1.054022E+00
     67664  4.509023E-01 -1.633040E-01 -1.044402E+00
     67665  5.914616E-01 -1.578647E-01 -1.054482E+00
     67666  3.579918E-01 -1.682391E-01 -1.054139E+00
     67667  4.977532E-01 -1.518593E-01 -1.045702E+00
     67668  2.787192E-01 -1.865900E-01 -1.077708E+00
     67669  4.071049E-01 -1.721232E-01 -1.073466E+00
     67670  1.850152E-01 -2.069306E-01 -1.112754E+00
     67671  3.345411E-01 -1.980064E-01 -1.106386E+00
     67672  1.050062E-01 -2.224395E-01 -1.145202E+00
     67673  2.493414E-01 -2.084162E-01 -1.127310E+00
     67674  4.753385E-02 -2.431703E-01 -1.186587E+00
     67675  1.865986E-01 -2.423252E-01 -1.174661E+00
     67676 -5.485117E-03 -2.678752E-01 -1.223972E+00
     67677  1.533540E-01 -2.759165E-01 -1.215741E+00
     67678 -3.549561E-02 -2.986278E-01 -1.247476E+00
     67679  1.162003E-01 -2.899628E-01 -1.242780E+00
     67680 -9.297874E-02 -2.847719E-01 -1.209936E+00
     67681  6.349972E-02 -2.935616E-01 -1.222404E+00
     67682 -1.173750E-01 -2.619754E-01 -1.165169E+00
     67683  2.821960E-02 -2.713642E-01 -1.186956E+00
     67684 -1.617586E-01 -2.344200E-01 -1.110809E+00
     67685 -1.833745E-02 -2.445848E-01 -1.135677E+00
     67686 -2.187804E-01 -1.994279E-01 -1.055670E+00
     67687 -8.219019E-02 -2.133093E-01 -1.078745E+00
     67688 -2.855436E-01 -1.734897E-01 -1.002378E+00
     67689 -1.644352E-01 -1.878843E-01 -1.027997E+00
     67690 -3.736676E-01 -1.434646E-01 -9.388155E-01
     67691 -2.454399E-01 -1.590452E-01 -9.623768E-01
     67692 -4.687298E-01 -1.269478E-01 -8.987145E-01
     67693 -3.441818E-01 -1.416596E-01 -9.122248E-01
     67694 -5.662466E-01 -1.099968E-01 -8.753692E-01
     67695 -4.456732E-01 -1.268863E-01 -8.787116E-01
     67696 -6.622496E-01 -9.890581E-02 -8.678923E-01
     67697 -5.466699E-01 -1.149543E-01 -8.637922E-01
     67698 -7.540756E-01 -9.084118E-02 -8.719134E-01
     67699 -6.415108E-01 -1.080089E-01 -8.602695E-01
     67700 -8.416343E-01 -8.521746E-02 -8.874508E-01
     67701 -7.304854E-01 -1.028573E-01 -8.677256E-01
     67702 -9.241811E-01 -8.017225E-02 -9.133692E-01
     67703 -8.134649E-01 -9.913653E-02 -8.853187E-01
     67704 -1.003099E+00 -7.441886E-02 -9.493103E-01
     67705 -8.917175E-01 -9.509623E-02 -9.127381E-01
     67706 -1.082223E+00 -6.762926E-02 -9.956870E-01
     67707 -9.687479E-01 -9.014914E-02 -9.498053E-01
     67708 -1.168464E+00 -5.897503E-02 -1.052279E+00
     67709 -1.049449E+00 -8.432660E-02 -9.967953E-01
     67710 -1.271105E+00 -5.272961E-02 -1.126176E+00
     67711 -1.144567E+00 -7.940861E-02 -1.057222E+00
     67712 -1.400299E+00 -5.309119E-02 -1.223366E+00
     67713 -1.262608E+00 -8.046770E-02 -1.138971E+00
     67714 -1.568157E+00 -6.953256E-02 -1.355059E+00
     67715 -1.414647E+00 -9.319619E-02 -1.250831E+00
     67716 -1.783370E+00 -1.170996E-01 -1.532259E+00
     67717 -1.608959E+00 -1.296922E-01 -1.407860E+00
     67718 -2.048689E+00 -1.951861E-01 -1.764750E+00
     67719 -1.850462E+00 -1.942813E-01 -1.611863E+00
     67720 -2.367392E+00 -3.426338E-01 -2.069306E+00
     67721 -2.138994E+00 -3.077347E-01 -1.895733E+00
     67722 -2.721357E+00 -5.584374E-01 -2.443206E+00
     67723 -2.461729E+00 -4.766197E-01 -2.252451E+00
     67724 -3.082941E+00 -8.568436E-01 -2.879905E+00
     67725 -2.793738E+00 -7.102664E-01 -2.685628E+00
     67726 -3.408484E+00 -1.235955E+00 -3.357300E+00
     67727 -3.090186E+00 -1.006612E+00 -3.178698E+00
     67728 -3.646070E+00 -1.674420E+00 -3.845502E+00
     67729 -3.288971E+00 -1.349503E+00 -3.698551E+00
     67730 -3.752463E+00 -2.125592E+00 -4.331098E+00
     67731 -3.319538E+00 -1.700770E+00 -4.204500E+00
     67732 -3.714101E+00 -2.543215E+00 -4.849443E+00
     67733 -3.111366E+00 -2.014927E+00 -4.671447E+00
     67734 -2.783597E+00 -2.359619E+00 -4.542021E+00
     67735 -2.658217E+00 -2.316411E+00 -5.125746E+00
     67736 -1.667404E+00 -1.605731E+00 -4.819323E+00
     67737 -1.188856E+00 -1.356672E+00 -4.512173E+00
     67738 -1.917009E+00 -1.353551E+00 -2.327533E+00
     67739 -1.806506E+00 -2.191341E+00 -3.698622E+00
     67740 -1.899781E+00 -6.217973E-01 -1.734951E+00
     68607  1.253917E-01  5.229098E-02  4.152005E-01
     68608 -8.580129E-02 -9.095186E-02  1.348186E-01
     68609 -4.451480E-01 -7.457937E-01  5.167069E-01
     68610 -2.969238E-01 -2.153926E-01  3.713368E-01
     68611  2.580785E-02 -7.999974E-01 -4.190683E+00
     68612 -5.535379E-01 -1.498130E-01 -5.302899E+00
     68613  1.119680E+00 -4.195552E+00 -1.052629E+01
     68614  4.955218E-01 -1.996026E+00 -6.224511E+00
     68615 -1.199724E-01 -1.532092E+00 -5.570473E+00
     68616 -8.936880E-01 -1.604450E-01 -8.027954E+00
     68617  2.130891E+00 -1.066179E+01 -1.989530E+01
     68618  1.361616E+00 -7.952849E+00 -1.587359E+01
     68619  1.110027E+00 -5.743249E+00 -1.450129E+01
     68620 -6.378505E-01 -1.621326E+00 -8.706072E+00
     68621  3.675850E-02 -4.966641E+00 -2.151404E+01
     68622  9.743989E-01 -4.548251E+00 -1.366843E+01
     68623  1.276223E+00 -4.952858E+00 -6.781590E+00
     68624 -6.621190E-01 -5.491166E+00 -1.590591E+01
     68625  1.156211E+00 -5.704970E+00 -5.112523E+00
     68626  8.336467E-01 -7.176765E+00 -6.747897E+00
     68627  5.578467E-03 -4.371626E+00 -7.458258E+00
     68628  1.820655E+00 -1.184313E+01 -1.900423E+01
     68629  1.200276E+00 -1.024155E+01 -1.366343E+01
     68630  8.151268E-01 -7.032855E+00 -1.414868E+01
     68631  1.336552E+00 -5.881415E+00 -1.272826E+01
     68632  2.403289E-01 -2.630476E+00 -1.000296E+01
     69274 -1.368344E-01  3.736426E-02  3.598479E-01
     69275  7.224534E-02 -7.774297E-02  1.146229E-01
     69276  4.184550E-01 -6.706190E-01  4.642541E-01
     69277  2.525272E-01 -2.059011E-01  3.586770E-01
     69278  4.447607E-01 -1.353149E-01 -4.749388E+00
     69279 -5.575453E-02 -7.047563E-01 -3.763267E+00
     69280 -4.906240E-01 -1.773463E+00 -5.583749E+00
     69281 -1.048785E+00 -3.726036E+00 -9.441494E+00
     69282  7.761196E-02 -1.355051E+00 -4.970420E+00
     69283  7.819633E-01 -1.368926E-01 -7.090978E+00
     69284 -1.220240E+00 -7.099004E+00 -1.425391E+01
     69285 -1.879196E+00 -9.537149E+00 -1.783943E+01
     69286 -9.888660E-01 -5.096045E+00 -1.290591E+01
     69287  5.584290E-01 -1.434045E+00 -7.685206E+00
     69288 -8.385237E-01 -4.106881E+00 -1.225047E+01
     69289 -1.876887E-03 -4.454415E+00 -1.920551E+01
     69290  6.121980E-01 -4.920908E+00 -1.418199E+01
     69291 -1.153339E+00 -4.443026E+00 -6.086282E+00
     69292 -1.182111E+00 -5.286807E+00 -1.137976E+01
     69293 -7.126971E-01 -6.291196E+00 -1.263569E+01
     69294  2.421440E-02 -3.915693E+00 -6.656287E+00
     69295 -1.562802E+00 -1.060619E+01 -1.702315E+01
     69296 -1.069264E+00 -9.213204E+00 -1.229011E+01
     69297 -7.073119E-01 -6.445566E+00 -6.059877E+00
     69298 -1.875893E-01 -2.335997E+00 -8.881980E+00
     69299 -1.021527E+00 -5.133912E+00 -4.608966E+00

 total force (fx,fy,fz) for set FEET and time  0.5000000E+01

        2.253387E-09 -9.192533E+02  7.713451E+02

                        S T E P       6


                                INCREMENT     1


 displacements (vx,vy,vz) for set TOP and time  0.6000000E+01

     34873  1.289961E-02 -5.911128E-01  5.074567E-01
     35658  2.915554E-04 -6.347063E-01  5.377749E-01
     37100  2.474591E-02 -4.670447E-01  4.254809E-01
     43530 -1.049045E-02 -6.312188E-01  5.347623E-01
     46183 -2.301148E-02 -4.577863E-01  4.113337E-01

 forces (fx,fy,fz) for set FEET and time  0.6000000E+01

       151  2.612765E-01 -2.555397E-01  1.176889E-01
       155  1.223585E-02 -9.247117E-01 -2.805509E-01
       156 -1.760042E-03 -9.483899E-02 -5.426578E-03
       160  1.051697E-03 -5.023188E-02  3.824836E-02
       161 -2.307896E-01 -2.296162E-01  1.033615E-01
       165 -3.922675E-03 -8.366537E-01 -2.334672E-01
       194 -1.513888E+01 -9.504749E+00 -1.919874E+01
       195 -1.060052E+00  1.252414E+00 -1.589087E+00
       196  6.444693E-01  3.444562E-01 -1.008338E+00
       197  1.265645E+01 -6.493791E+00 -1.480545E+01
       221 -5.645719E-01  2.727420E-01 -8.645823E-01
       222 -1.151258E+01 -5.800074E+00 -1.329709E+01
       225  1.041504E+00  1.213626E+00 -1.504819E+00
       226  1.393123E+01 -8.853539E+00 -1.781217E+01
       234 -5.387540E-01  9.521040E-01  1.639376E+00
       236  4.980263E-01  8.486370E-01  1.505214E+00
       242  4.796696E-01 -7.097033E-01  1.692151E-01
       245 -1.595212E+00  7.492694E-01  1.843130E+00
       246  3.303860E+00  2.820634E+00  5.365010E+00
       253 -4.139214E-01 -6.102256E-01  1.163670E-01
       254 -2.955105E+00  2.513725E+00  4.798745E+00
       255  1.441318E+00  6.699200E-01  1.665621E+00
      3486  1.995732E-01  3.893818E-01  3.763900E+00
      3512 -9.749214E-04 -6.850353E-02  2.393919E-01
      3525  1.335027E-01 -4.281764E-01  4.597834E-01
      3526 -5.745485E-02 -4.512384E-01  6.234011E-01
      3527 -4.389094E-01 -4.666690E-01  1.371946E+00
      3528 -3.726495E-01 -4.219008E-01  1.020287E+00
      3529 -4.514440E-01 -2.391597E-01  5.105301E-01
      3530 -3.016689E-01 -1.764759E-01  2.067933E-01
      3531 -3.210790E-01 -6.334040E-02 -1.196012E-01
      3532 -1.998610E-01  2.739294E-02 -3.212331E-01
      3533 -1.689711E-01 -2.912022E-04 -3.300106E-01
      3534 -1.510681E-01  2.607436E-02 -4.322307E-01
      3535 -6.007380E-02  3.257515E-02 -4.203774E-01
      3536 -9.469480E-02  2.518202E-02 -4.013087E-01
      3537 -2.557426E-02  2.275495E-02 -3.579090E-01
      3538 -6.797751E-02  7.360449E-03 -3.128524E-01
      3539 -1.426795E-02  3.567828E-03 -2.654709E-01
      3540 -6.086676E-02 -1.048310E-02 -2.245173E-01
      3541 -1.523307E-02 -1.290837E-02 -1.885795E-01
      3542 -6.211821E-02 -2.097100E-02 -1.649720E-01
      3543 -1.927677E-02 -2.121985E-02 -1.446287E-01
      3544 -6.271317E-02 -2.491009E-02 -1.407356E-01
      3545 -3.136448E-02  8.687762E-04 -1.620831E-01
      3546 -3.066639E-02 -3.003358E-02 -1.077946E-01
      3547 -4.603159E-02 -2.336187E-02 -1.345896E-01
      3548 -3.853728E-02 -5.736544E-03 -1.418437E-01
      3549 -6.270319E-03 -3.278576E-02 -9.578667E-02
      3550 -2.672380E-02 -2.909032E-02 -1.112044E-01
      3551  6.174612E-03 -9.168690E-03 -1.245257E-01
      3552  1.290872E-02  1.842201E-02 -1.038710E-01
      3553  7.290008E-03 -4.641352E-02 -4.574085E-02
      3554 -1.437270E-02 -5.502243E-02 -3.705621E-02
      3555 -4.919701E-01  1.272247E+00  5.798458E+00
      3556 -8.918312E-01  6.022939E-01  5.337790E+00
      3557 -2.507840E+00  7.445544E-01  7.501003E+00
      3558 -3.068972E+00  6.806972E-01  6.324900E+00
      3559 -3.146762E+00  5.216266E-01  4.936953E+00
      3560 -3.031640E+00  4.489820E-01  3.501556E+00
      3561 -2.708402E+00  3.259469E-01  2.416648E+00
      3562 -2.366199E+00  1.843349E-01  1.410172E+00
      3563 -1.978416E+00  1.415929E-01  7.582086E-01
      3564 -1.652034E+00  5.585026E-02  3.816448E-01
      3565 -1.378265E+00 -3.940761E-02  8.823136E-03
      3566 -1.128760E+00 -2.558294E-02 -1.475523E-02
      3567 -9.625993E-01 -8.417118E-02 -1.370823E-01
      3568 -8.144071E-01 -5.131973E-02 -1.027647E-02
      3569 -7.299134E-01 -8.363304E-02 -2.172471E-02
      3570 -6.510810E-01 -4.774334E-02  1.417518E-01
      3571 -6.159221E-01 -6.566500E-02  1.493261E-01
      3572 -5.724422E-01 -3.504044E-02  2.860630E-01
      3573 -5.540040E-01 -4.806895E-02  2.654676E-01
      3574 -5.148795E-01 -2.373710E-02  3.551146E-01
      3575 -4.810766E-01 -4.173462E-02  3.117666E-01
      3576 -4.277597E-01 -5.623079E-03  3.231172E-01
      3577 -3.754986E-01 -1.169884E-02  3.699486E-01
      3578 -2.999350E-01 -1.372660E-02  3.451473E-01
      3579 -2.341202E-01  6.240309E-03  3.649377E-01
      3580 -1.733405E-01  2.993381E-03  4.548968E-01
      3581 -1.125107E-01 -1.025471E-02  4.568770E-01
      3582 -6.257881E-02  2.643938E-02  5.291517E-01
      3583 -3.882905E-02  2.411789E-02  6.391966E-01
      3584 -1.384521E-02  2.437980E-02  6.895734E-01
      3585  4.714338E-03  4.039774E-02  6.769203E-01
      3769  1.388466E-01 -1.623381E+00  3.024982E-01
      3770  9.595035E-02 -2.066708E+00  9.115805E-01
      3771  1.420396E-01 -1.777991E+00  9.642996E-01
      3772 -6.591497E-02 -1.270316E+00  7.801375E-01
      3773  1.017417E-01 -8.636464E-01  4.795498E-01
      3774 -1.814055E-02 -4.181257E-01  3.118827E-01
      3775  5.317262E-02 -1.562526E-01  1.337432E-01
      3776 -6.173098E-03  2.356048E-02 -2.644504E-02
      3777  2.689673E-02  2.928383E-01  6.258446E-02
      3778  9.352786E-03  2.629177E-01 -4.945283E-02
      3779  3.639517E-02  3.107593E-01 -7.575932E-02
      3780  3.266827E-03  2.800000E-01 -5.439831E-02
      3781  3.334968E-02  2.690132E-01 -5.624754E-02
      3782  3.463516E-03  2.117174E-01 -2.109262E-02
      3783  2.671702E-02  1.859998E-01 -1.656637E-02
      3784  5.768103E-03  1.301521E-01  1.529577E-02
      3785  2.023366E-02  1.122268E-01  1.795644E-02
      3786  7.608124E-03  7.225543E-02  3.831524E-02
      3787  1.539838E-02  6.983132E-02  3.619016E-02
      3788  8.352055E-03  4.684929E-02  4.471697E-02
      3789 -1.386350E-03  1.533552E-02  7.542022E-03
      3790  8.103828E-03  9.412634E-02  8.321183E-02
      3791  4.920052E-03  4.130897E-02  4.172854E-02
      3792 -8.278635E-03  4.793817E-02  4.177466E-02
      3793  5.437755E-03  7.635572E-02  8.575083E-02
      3794  4.526928E-03  1.530183E-02  5.487232E-02
      3795 -1.999420E-03 -2.508939E-02  2.808326E-02
      3796 -1.475537E-02 -1.026394E-02  7.636389E-02
      3797  3.412849E-03 -4.378248E-03  1.069778E-01
      3798  1.111546E-02 -1.314025E-02  1.193942E-01
      3799  1.837190E-01 -1.608733E+00  2.303000E+00
      3800 -1.642428E-01 -2.729370E+00  3.746470E+00
      3801 -5.624295E-01 -3.147657E+00  4.006070E+00
      3802 -7.600233E-01 -1.778280E+00  3.104352E+00
      3803 -8.195362E-01 -1.872738E+00  2.447306E+00
      3804 -7.364581E-01 -7.927581E-01  1.387624E+00
      3805 -6.642677E-01 -6.384594E-01  8.398011E-01
      3806 -5.445698E-01 -1.188957E-01  2.155888E-01
      3807 -4.376047E-01  6.509273E-02 -1.191527E-01
      3808 -3.602821E-01  2.044596E-01 -2.507117E-01
      3809 -2.895800E-01  2.328665E-01 -4.019851E-01
      3810 -2.334427E-01  3.042463E-01 -3.758014E-01
      3811 -1.928021E-01  2.235341E-01 -3.854793E-01
      3812 -1.612325E-01  2.331181E-01 -2.831279E-01
      3813 -1.436562E-01  1.453904E-01 -2.519671E-01
      3814 -1.286054E-01  1.171891E-01 -1.335264E-01
      3815 -1.234317E-01  6.415528E-02 -1.142319E-01
      3816 -1.171893E-01  2.470206E-02 -1.480701E-02
      3817 -1.149198E-01  1.285057E-02 -2.800954E-02
      3818 -1.101217E-01 -1.915851E-02  4.063687E-02
      3819 -1.034227E-01 -3.638041E-03  7.319371E-04
      3820 -8.604693E-02 -1.502342E-02  1.027324E-02
      3821 -7.749036E-02 -3.105699E-02  5.165691E-02
      3822 -6.404555E-02 -8.264856E-03  1.565038E-02
      3823 -3.995104E-02 -2.605085E-02  2.957831E-02
      3824 -3.064764E-02 -6.324927E-02  9.358776E-02
      3825 -2.201513E-02 -4.922254E-02  7.021368E-02
      3826  3.333407E-03 -9.788994E-02  1.347799E-01
      3827  1.451079E-02 -1.266464E-01  1.734393E-01
      3828  6.716816E-03 -1.670696E-01  2.428206E-01
      3829 -2.175114E-03 -1.435954E-01  2.132933E-01
      3843 -1.425942E-01  3.431283E-01  3.394694E+00
      3856  1.158162E-02 -5.379525E-02 -3.129684E-02
      3857 -6.479504E-03 -4.809137E-02 -3.283533E-02
      3858 -4.643703E-03 -4.410776E-02 -4.767160E-02
      3859 -3.217997E-03 -3.865484E-02 -5.985625E-02
      3860  2.663407E-03 -3.604822E-02 -7.819933E-02
      3861  1.061320E-02 -3.018676E-02 -8.540998E-02
      3862  2.049407E-02 -2.676715E-02 -9.425416E-02
      3863  2.660276E-02 -2.222144E-02 -9.541228E-02
      3864  3.430492E-02 -2.110895E-02 -1.036224E-01
      3865  3.993134E-02 -2.021952E-02 -1.078855E-01
      3866  4.531998E-02 -1.953964E-02 -1.135513E-01
      3867  4.905373E-02 -1.944129E-02 -1.210299E-01
      3868  5.151781E-02 -1.854214E-02 -1.320235E-01
      3869  5.271934E-02 -1.683946E-02 -1.482374E-01
      3870  5.327426E-02 -1.379342E-02 -1.701089E-01
      3871  5.399802E-02 -9.470668E-03 -1.990723E-01
      3872  5.646857E-02 -3.499675E-03 -2.328636E-01
      3873  6.301186E-02  2.728005E-03 -2.697847E-01
      3874  7.596056E-02  8.700356E-03 -3.025751E-01
      3875  9.343551E-02  1.240008E-02 -3.218775E-01
      3876  1.285162E-01  9.353626E-03 -3.258453E-01
      3877  1.676247E-01 -2.371632E-03 -2.881808E-01
      3878  2.208536E-01 -2.716525E-02 -2.011839E-01
      3879  2.841156E-01 -6.965442E-02 -4.739531E-02
      3880  3.519411E-01 -1.343884E-01  1.864956E-01
      3881  4.112200E-01 -2.223783E-01  5.024221E-01
      3882  4.401022E-01 -3.246425E-01  8.780985E-01
      3883  3.935303E-01 -4.158036E-01  1.233530E+00
      3884  6.088570E-02 -4.020319E-01  5.587077E-01
      3885 -1.964739E-01 -2.478090E-01  3.843831E-01
      3886 -1.796332E-02  4.405531E-02  6.793136E-01
      3887  3.199517E-03  1.203337E-02  6.909455E-01
      3888  1.796373E-02  1.676714E-02  6.320460E-01
      3889  4.923775E-02  1.009006E-02  5.685163E-01
      3890  9.180909E-02  4.769858E-03  4.948577E-01
      3891  1.499307E-01 -4.347490E-03  4.318592E-01
      3892  2.131463E-01 -7.835192E-03  3.620516E-01
      3893  2.893518E-01 -1.480641E-02  3.212050E-01
      3894  3.587817E-01 -1.874168E-02  2.881895E-01
      3895  4.301440E-01 -2.309415E-02  2.675790E-01
      3896  4.967610E-01 -2.618475E-02  2.545214E-01
      3897  5.568272E-01 -3.058834E-02  2.452578E-01
      3898  6.116908E-01 -3.437920E-02  2.353070E-01
      3899  6.612110E-01 -3.801920E-02  2.200950E-01
      3900  7.088847E-01 -4.152399E-02  1.965774E-01
      3901  7.586550E-01 -4.497496E-02  1.628917E-01
      3902  8.200396E-01 -4.656573E-02  1.231626E-01
      3903  9.008999E-01 -4.485034E-02  8.677318E-02
      3904  1.013768E+00 -3.797575E-02  7.203128E-02
      3905  1.165737E+00 -2.373090E-02  1.097650E-01
      3906  1.366075E+00  9.940594E-03  2.082703E-01
      3907  1.619006E+00  5.204955E-02  4.449621E-01
      3908  1.917133E+00  1.150881E-01  8.343511E-01
      3909  2.244971E+00  1.985290E-01  1.420640E+00
      3910  2.569485E+00  2.964400E-01  2.229679E+00
      3911  2.837630E+00  3.986064E-01  3.262938E+00
      3912  2.973129E+00  4.890419E-01  4.475544E+00
      3913  2.865241E+00  5.622199E-01  5.742748E+00
      3914  2.406854E+00  6.974090E-01  6.790837E+00
      3915  8.853792E-01  5.349194E-01  4.836474E+00
      3916  5.372575E-01  1.188144E+00  5.255593E+00
      4100 -1.108037E-02 -1.925697E-02  1.262988E-01
      4101 -1.221461E-03 -1.968449E-02  1.263266E-01
      4102 -2.930556E-03 -4.516640E-03  1.132947E-01
      4103 -4.183435E-03  1.768454E-02  9.920161E-02
      4104 -9.016986E-03  3.769674E-02  8.708500E-02
      4105 -3.700926E-03  4.962162E-02  8.179349E-02
      4106 -1.268433E-02  6.537683E-02  7.425582E-02
      4107 -1.248827E-02  7.146401E-02  6.268740E-02
      4108 -1.383961E-02  7.944506E-02  5.790900E-02
      4109 -1.597766E-02  8.597537E-02  5.751480E-02
      4110 -1.641742E-02  9.160306E-02  5.620539E-02
      4111 -1.844872E-02  1.012855E-01  5.877861E-02
      4112 -1.992708E-02  1.137733E-01  5.789270E-02
      4113 -2.142886E-02  1.318675E-01  5.518221E-02
      4114 -2.250416E-02  1.561865E-01  4.991435E-02
      4115 -2.385888E-02  1.878659E-01  4.270081E-02
      4116 -2.543425E-02  2.236067E-01  3.239215E-02
      4117 -2.667439E-02  2.607662E-01  2.229502E-02
      4118 -3.100267E-02  2.924860E-01  1.225872E-02
      4119 -2.956851E-02  2.992069E-01  1.376963E-02
      4120 -3.809830E-02  2.824266E-01  2.156240E-02
      4121 -4.103618E-02  2.227433E-01  4.831837E-02
      4122 -4.823814E-02  9.478169E-02  9.940793E-02
      4123 -5.641788E-02 -1.153593E-01  1.803558E-01
      4124 -6.519281E-02 -4.199727E-01  3.018151E-01
      4125 -7.394973E-02 -8.184498E-01  4.650235E-01
      4126 -8.173576E-02 -1.280287E+00  6.562534E-01
      4127 -9.885845E-02 -1.722509E+00  8.327663E-01
      4128 -1.043406E-01 -2.011903E+00  8.619923E-01
      4129 -1.467392E-01 -1.460421E+00  3.512965E-01
      4130  1.659634E-03 -1.511892E-01  2.237987E-01
      4131  8.315310E-04 -2.186530E-01  2.754728E-01
      4132 -2.686826E-03 -1.655766E-01  2.431163E-01
      4133 -5.147315E-03 -1.426007E-01  2.019930E-01
      4134  4.634768E-03 -1.051662E-01  1.554459E-01
      4135  2.894851E-02 -6.218861E-02  1.220214E-01
      4136  4.156134E-02 -4.784025E-02  9.285661E-02
      4137  5.769456E-02 -2.083916E-02  5.851967E-02
      4138  7.058960E-02 -8.368306E-03  3.973554E-02
      4139  8.590704E-02  6.813953E-04  2.892965E-02
      4140  1.010703E-01  9.184629E-03  1.916342E-02
      4141  1.129667E-01  1.422334E-02  1.525070E-02
      4142  1.233060E-01  2.339042E-02  5.059051E-03
      4143  1.319773E-01  3.888926E-02 -1.270588E-02
      4144  1.400818E-01  6.259421E-02 -4.071578E-02
      4145  1.479597E-01  9.462277E-02 -7.893882E-02
      4146  1.586467E-01  1.348375E-01 -1.275578E-01
      4147  1.744760E-01  1.791815E-01 -1.816782E-01
      4148  1.981585E-01  2.182362E-01 -2.283836E-01
      4149  2.398718E-01  2.408530E-01 -2.631801E-01
      4150  2.925453E-01  2.297269E-01 -2.353541E-01
      4151  3.466205E-01  1.634800E-01 -1.558460E-01
      4152  4.256206E-01  1.649896E-02  2.734104E-02
      4153  5.174055E-01 -2.305864E-01  3.366708E-01
      4154  6.141543E-01 -6.040014E-01  8.044536E-01
      4155  7.010326E-01 -1.117107E+00  1.445554E+00
      4156  7.530940E-01 -1.745223E+00  2.235195E+00
      4157  7.248608E-01 -2.410440E+00  3.068219E+00
      4158  5.508453E-01 -2.925707E+00  3.644743E+00
      4159  1.759843E-01 -2.976751E+00  3.487401E+00
      4160 -1.281676E-01 -1.481425E+00  2.060867E+00
      4894 -4.164697E+00  7.221373E-01 -2.322537E+00
      4895 -7.161036E+00  1.123865E+00 -4.086694E+00
      4896 -9.144828E+00 -4.056245E-02 -5.735518E+00
      4897 -1.129052E+01 -3.900001E-01 -6.206544E+00
      4898 -3.530666E+00  3.235966E+00 -8.137429E+00
      4899 -8.896712E+00  5.450461E+00 -1.565271E+01
      4900 -1.224990E+01  5.953543E+00 -2.466768E+01
      4901 -1.530758E+01  6.095710E+00 -3.471131E+01
      4902 -2.527331E+01  5.404077E+00 -5.059400E+01
      5053  7.784153E-01  4.730500E+00 -7.735307E+00
      5054  3.134614E+00 -1.817076E+01 -8.142131E+01
      5055  7.183271E-01  9.141623E-01  1.549152E-01
      5056  1.031349E+00  1.058798E-01  2.755570E-01
      5057  3.383497E+00  2.905458E-01 -2.097668E+00
      5058  1.026803E+01  9.420437E-01 -3.553721E+00
      5059  1.114772E+00  1.528556E+00 -2.336559E+00
      5060  1.927438E+00  4.646396E+00 -4.534883E+00
      5061  5.385570E+00  5.758820E+00 -1.224207E+01
      5062  1.288112E+01  6.332366E+00 -2.462715E+01
      5063  2.111756E+01  6.764192E+00 -4.370369E+01
      5815 -3.654173E-01  7.566660E-01  3.504641E-01
      5816 -7.539012E-01  8.567076E-02  4.369647E-01
      5817 -2.838550E+00  2.669810E-01 -1.758235E+00
      5818 -9.077910E+00  8.859297E-01 -3.112029E+00
      5819 -9.371203E-01  1.353649E+00 -1.866712E+00
      5820 -1.545697E+00  4.234782E+00 -3.643002E+00
      5821 -4.669878E+00  5.265287E+00 -1.060352E+01
      5822 -1.146979E+01  5.808593E+00 -2.192405E+01
      5823 -1.911915E+01  6.246325E+00 -3.952200E+01
      5983 -7.633734E-01  4.338934E+00 -7.127260E+00
      5984 -3.153871E+00 -1.661804E+01 -7.450425E+01
      5985  3.725840E+00  1.057594E+00 -1.996773E+00
      5986  6.888897E+00  1.037903E+00 -3.839326E+00
      5987  8.613408E+00 -4.560340E-02 -5.477258E+00
      5988  1.055274E+01 -3.731009E-01 -5.882264E+00
      5989  3.127209E+00  2.977701E+00 -7.741173E+00
      5990  8.595235E+00  5.017729E+00 -1.491011E+01
      5991  1.152575E+01  5.470539E+00 -2.321404E+01
      5992  1.428886E+01  5.580223E+00 -3.240307E+01
      5993  2.337090E+01  4.893478E+00 -4.679808E+01
      6624 -1.284851E+00  3.083077E+00  7.743974E+00
      6629  1.225199E+00  2.745495E+00  6.970592E+00
      6631 -3.305729E-01  4.059222E-01  1.292485E+00
      6632 -2.651079E-01 -4.364806E-01 -8.422517E-01
      6633  1.248241E-02 -3.363778E-01 -7.663336E-01
      6634  6.741944E-02 -9.024373E-02 -3.284622E-01
      6635  4.515176E-02  1.661069E-01  1.392104E-01
      6636 -9.833275E-03  3.388551E-01  4.829128E-01
      6637 -4.652406E-02  4.578075E-01  7.020667E-01
      6638 -6.925523E-02  5.141541E-01  8.063519E-01
      6639 -8.297836E-02  5.042062E-01  8.307675E-01
      6640 -8.368160E-02  4.932916E-01  8.110056E-01
      6641 -8.322364E-02  4.444484E-01  7.437447E-01
      6642 -7.513967E-02  4.101803E-01  6.766040E-01
      6643 -6.919553E-02  3.538374E-01  5.902473E-01
      6644 -5.947456E-02  3.208374E-01  5.226210E-01
      6645 -5.325196E-02  2.735197E-01  4.493079E-01
      6646 -4.455026E-02  2.521241E-01  4.014791E-01
      6647 -3.971513E-02  2.190999E-01  3.528427E-01
      6648 -3.284098E-02  2.110251E-01  3.292483E-01
      6649 -2.922301E-02  1.911336E-01  3.044050E-01
      6650 -2.530883E-02  1.931314E-01  2.989398E-01
      6651 -1.927269E-02  1.942826E-01  2.938201E-01
      6652 -1.686003E-02  1.814398E-01  2.920016E-01
      6653 -1.556110E-02  1.873871E-01  2.952695E-01
      6654 -1.064540E-02  1.896985E-01  2.912785E-01
      6655 -8.893439E-03  1.735682E-01  2.835386E-01
      6656 -9.506400E-03  1.762380E-01  2.761262E-01
      6657 -2.825575E-03  1.747269E-01  2.601981E-01
      6658 -5.120101E-03  1.520986E-01  2.463749E-01
      6659 -3.519614E-03  1.456569E-01  2.355166E-01
      6660 -1.704294E-02  1.178519E-01  2.814220E-01
      6661  1.100694E-02  1.145193E-01  2.763711E-01
      6662  1.508609E-03  1.357681E-01  2.235783E-01
      6663  2.226026E-03  1.438974E-01  2.327755E-01
      6664  3.311717E-03  1.466680E-01  2.408507E-01
      6665  6.206577E-03  1.522352E-01  2.501482E-01
      6666  7.425659E-03  1.585090E-01  2.603128E-01
      6667  9.335800E-03  1.578388E-01  2.569950E-01
      6668  1.448381E-02  1.574802E-01  2.565197E-01
      6669  1.759592E-02  1.596968E-01  2.585807E-01
      6670  2.137201E-02  1.631202E-01  2.622160E-01
      6671  2.562577E-02  1.677775E-01  2.673646E-01
      6672  3.021078E-02  1.741114E-01  2.766765E-01
      6673  3.523703E-02  1.836092E-01  2.916315E-01
      6674  4.075399E-02  1.974977E-01  3.148168E-01
      6675  4.682117E-02  2.168918E-01  3.480912E-01
      6676  5.355173E-02  2.420728E-01  3.922773E-01
      6677  6.104898E-02  2.741256E-01  4.488911E-01
      6678  6.832761E-02  3.122521E-01  5.156152E-01
      6679  7.531063E-02  3.539405E-01  5.882164E-01
      6680  8.104450E-02  3.945389E-01  6.599496E-01
      6681  8.316020E-02  4.341764E-01  7.170188E-01
      6682  7.994101E-02  4.546816E-01  7.475882E-01
      6683  6.902657E-02  4.515584E-01  7.283735E-01
      6684  4.652233E-02  4.100879E-01  6.359914E-01
      6685  1.098716E-02  3.146195E-01  4.431007E-01
      6686 -3.193663E-02  1.536257E-01  1.306382E-01
      6687 -5.894107E-02 -6.549663E-02 -2.835495E-01
      6688 -6.694705E-03 -2.924929E-01 -6.795819E-01
      6689  2.392896E-01 -3.856793E-01 -7.630882E-01
      6690  3.203113E-01  3.665932E-01  1.130432E+00
      6691 -1.851644E+00  3.296817E+00  6.132279E+00
      6692 -1.226228E+00  1.103636E+00  1.769559E+00
      6693 -1.705934E+00  1.097756E+00  1.451278E+00
      6694 -1.639438E+00  1.065069E+00  1.596026E+00
      6695 -1.657506E+00  1.159339E+00  2.079633E+00
      6696 -1.641481E+00  1.234902E+00  2.484652E+00
      6697 -1.556277E+00  1.208340E+00  2.659795E+00
      6698 -1.420663E+00  1.138661E+00  2.671312E+00
      6699 -1.265668E+00  1.043786E+00  2.551480E+00
      6700 -1.097804E+00  9.168465E-01  2.348885E+00
      6701 -9.472057E-01  8.121237E-01  2.137467E+00
      6702 -8.167275E-01  7.119243E-01  1.917401E+00
      6703 -7.094119E-01  6.325605E-01  1.720628E+00
      6704 -6.219897E-01  5.638159E-01  1.543341E+00
      6705 -5.552875E-01  5.144848E-01  1.400232E+00
      6706 -5.012167E-01  4.725727E-01  1.280687E+00
      6707 -4.608185E-01  4.463088E-01  1.193113E+00
      6708 -4.245812E-01  4.233069E-01  1.124040E+00
      6709 -3.938823E-01  4.115197E-01  1.079344E+00
      6710 -3.586306E-01  4.004951E-01  1.048898E+00
      6711 -3.242941E-01  3.978880E-01  1.039419E+00
      6712 -2.890739E-01  4.023216E-01  1.034549E+00
      6713 -2.415214E-01  3.988540E-01  1.032164E+00
      6714 -1.981265E-01  4.059700E-01  1.044075E+00
      6715 -1.585441E-01  4.163615E-01  1.051153E+00
      6716 -1.140062E-01  4.187225E-01  1.053595E+00
      6717 -7.952623E-02  4.250115E-01  1.059013E+00
      6718 -5.623898E-02  4.310437E-01  1.056207E+00
      6719 -3.217043E-02  4.311970E-01  1.045520E+00
      6720 -1.438279E-02  4.348867E-01  1.044675E+00
      6721 -9.260168E-03  4.327301E-01  1.003331E+00
      6722 -3.538185E-03  4.255003E-01  1.018729E+00
      6723  1.819476E-02  4.158939E-01  1.005176E+00
      6724  3.596138E-02  4.054377E-01  9.927418E-01
      6725  6.377302E-02  3.932411E-01  9.772500E-01
      6726  9.962051E-02  3.806646E-01  9.638634E-01
      6727  1.326146E-01  3.663643E-01  9.388328E-01
      6728  1.817643E-01  3.486641E-01  9.039664E-01
      6729  2.329525E-01  3.401208E-01  8.869499E-01
      6730  2.848985E-01  3.331222E-01  8.789527E-01
      6731  3.342289E-01  3.323646E-01  8.827235E-01
      6732  3.821804E-01  3.358166E-01  8.970623E-01
      6733  4.281236E-01  3.450181E-01  9.254526E-01
      6734  4.726666E-01  3.604800E-01  9.705716E-01
      6735  5.168286E-01  3.833536E-01  1.035958E+00
      6736  5.624970E-01  4.146424E-01  1.124045E+00
      6737  6.144800E-01  4.555738E-01  1.237546E+00
      6738  6.759523E-01  5.087323E-01  1.379724E+00
      6739  7.514919E-01  5.742013E-01  1.548507E+00
      6740  8.452600E-01  6.535665E-01  1.740777E+00
      6741  9.575083E-01  7.463722E-01  1.947429E+00
      6742  1.090464E+00  8.459667E-01  2.150198E+00
      6743  1.233909E+00  9.502106E-01  2.327975E+00
      6744  1.377778E+00  1.044681E+00  2.441587E+00
      6745  1.500522E+00  1.110568E+00  2.442327E+00
      6746  1.578572E+00  1.123984E+00  2.277455E+00
      6747  1.598785E+00  1.069501E+00  1.927464E+00
      6748  1.580955E+00  9.769047E-01  1.492649E+00
      6749  1.626362E+00  1.008823E+00  1.349930E+00
      6750  1.145173E+00  9.881379E-01  1.580859E+00
      6751  1.714308E+00  2.961728E+00  5.512038E+00
      7125  5.544292E-01 -8.020318E-01  3.157540E+00
      7156 -1.643930E-01  8.468585E+00  1.859013E+01
      7176 -1.118707E-01 -4.590360E-02 -8.474835E-01
      7177 -4.975239E-01  1.406659E-01 -8.409945E-01
      7178 -8.989212E-01  4.113625E-01 -7.731036E-01
      7179 -1.502220E+00  2.543474E+00  3.658303E+00
      7180 -9.613769E-01  3.141623E+00  2.029158E+00
      7181 -2.115212E+00  6.413604E+00  6.999101E+00
      7182 -2.761195E+00  4.979718E+00  9.007356E+00
      7183  3.862626E+00 -2.391362E-02  2.684873E+00
      7184  3.563966E+00 -5.085122E-01  3.587447E+00
      7185  3.107663E+00 -6.038638E-01  2.623815E+00
      7186  2.214946E+00  7.403428E-02  1.351086E+00
      7187  6.697309E+00  2.730406E+00  1.491273E+01
      7188  5.773829E+00  3.208327E+00  1.171817E+01
      7189  4.366191E+00  5.601133E+00  1.589929E+01
      7190  4.152695E+00  2.271765E+00  9.394630E+00
      7191  3.073864E+00  8.325814E-01  6.912045E+00
      7241 -4.749042E-01 -7.185484E-01  2.821602E+00
      7272  1.199806E-01  7.588695E+00  1.664129E+01
      7292 -3.437974E+00 -1.858999E-02  2.386073E+00
      7293 -3.149916E+00 -4.446303E-01  3.146153E+00
      7294 -2.759185E+00 -5.418936E-01  2.269180E+00
      7295 -1.933621E+00  6.383378E-02  1.155300E+00
      7296 -5.985477E+00  2.444335E+00  1.330873E+01
      7297 -5.145643E+00  2.878750E+00  1.045294E+01
      7298 -3.885634E+00  5.015630E+00  1.413995E+01
      7299 -3.653921E+00  2.012717E+00  8.280083E+00
      7300 -2.671073E+00  7.285075E-01  6.028094E+00
      7301  9.806356E-02 -3.638012E-02 -7.642151E-01
      7302  4.613227E-01  1.295445E-01 -7.472767E-01
      7303  8.445061E-01  3.861089E-01 -6.329610E-01
      7304  1.362616E+00  2.289338E+00  3.272766E+00
      7305  8.875357E-01  2.823428E+00  1.841440E+00
      7306  1.916518E+00  5.782637E+00  6.357241E+00
      7307  2.509295E+00  4.463094E+00  8.190368E+00
     49336  2.550334E-02  4.674280E-02  1.383273E-02
     49337  9.934959E-03  5.792141E-02  2.052647E-02
     49338  8.013177E-03  4.644784E-02  1.692930E-02
     49339  6.467322E-03  1.766856E-02 -3.360553E-03
     49340  7.138194E-03  3.616412E-02  1.357372E-02
     49341 -3.845755E-03  1.408133E-02  5.247383E-04
     49342 -6.865347E-03  2.336332E-02  9.552172E-04
     49343  1.517000E-04  5.527786E-02 -2.218460E-02
     49344 -8.430812E-03  2.695835E-02  3.233056E-04
     49345 -8.372153E-04  4.961480E-02 -1.404330E-02
     49346  6.683697E-03  2.937563E-02  1.121999E-02
     49347  8.400586E-03  2.822745E-02  1.156485E-02
     49348 -6.290071E-03  2.276623E-02  8.818081E-04
     49349  8.041353E-03  1.007447E-01 -6.543714E-02
     49350 -1.077739E-03  5.404940E-02 -1.339138E-02
     49351 -2.894108E-04  4.646518E-02 -1.396235E-02
     49352 -2.501280E-02  4.610830E-02 -3.528182E-02
     49353  9.734278E-03  2.824385E-02 -7.279727E-02
     49354 -1.533981E-02  8.498374E-02 -9.075013E-02
     49355  4.120043E-02 -1.022258E-01 -4.012889E-02
     49356  3.404689E-02 -1.181723E-02 -1.125645E-02
     49357  4.494255E-03  8.925023E-02 -2.234242E-02
     49358  1.373764E-02  6.469333E-02  2.163345E-02
     49359  4.081218E-03  2.142542E-02  9.098868E-03
     49360 -9.804443E-03  2.176485E-02  7.784079E-04
     49361 -9.339731E-04  6.096853E-02 -1.293777E-02
     49362  1.701424E-03  4.757363E-02 -1.543984E-02
     49363  7.587363E-03  1.017311E-01 -4.043753E-02
     49364  1.528485E-04  7.121564E-02 -1.427170E-02
     49365 -2.575050E-03  4.406484E-02  2.289506E-04
     49366  2.381537E-03  4.843984E-02 -1.670508E-02
     49367  2.938632E-01  6.288624E-02  3.840379E+00
     49368  1.142343E-02  5.543267E-01  3.795898E+00
     49369 -2.052833E-01  5.872508E-01  4.092623E+00
     49370  1.152240E-01  1.645148E-01  4.031348E+00
     49371  1.102260E-02 -5.384231E-02  2.529219E-01
     49372 -6.335517E-03 -1.781711E-02  2.254985E-01
     49373 -5.421021E-03 -6.675319E-02  2.103457E-01
     49374  9.810016E-03 -1.118209E-02  2.195808E-01
     49375 -4.191156E-01  4.922140E-01  4.274929E+00
     49376 -6.488367E-01  2.908095E-01  4.369749E+00
     49377 -8.197664E-02  5.524826E-01  4.375856E+00
     49378 -3.618133E-01  3.714168E-02  4.892392E+00
     49379 -1.050000E+00  2.330085E-01  4.324886E+00
     49380 -1.154716E+00  1.611763E-01  4.040309E+00
     49381 -8.082930E-01  2.526640E-01  4.608896E+00
     49382 -5.945250E-01  1.646232E-01  4.903134E+00
     49383 -1.127614E+00  2.263591E-01  4.990475E+00
     49384 -1.370909E+00  1.715677E-03  3.539415E+00
     49385 -1.488430E+00  1.474890E-02  3.130593E+00
     49386 -1.408874E+00  3.251442E-01  3.966791E+00
     49387 -1.347630E+00  2.383808E-01  4.663289E+00
     49388 -1.542978E+00 -2.472285E-01  4.471879E+00
     49389 -1.467141E+00  4.598964E-02  2.713527E+00
     49390 -1.414497E+00  7.428000E-02  2.330432E+00
     49391 -1.598663E+00  1.571690E-01  2.987112E+00
     49392 -1.527967E+00  2.174615E-01  2.966984E+00
     49393 -1.450702E+00 -2.866802E-01  4.035912E+00
     49394 -1.448331E+00  1.127123E-02  1.823481E+00
     49395 -1.349100E+00  2.125549E-02  1.453299E+00
     49396 -1.525211E+00  7.568314E-02  2.121091E+00
     49397 -1.696513E+00  5.721399E-02  2.611630E+00
     49398 -1.535966E+00 -1.367563E-01  2.170499E+00
     49399 -1.251981E+00 -2.467940E-02  1.069736E+00
     49400 -1.166514E+00 -1.013548E-02  8.092892E-01
     49401 -1.478474E+00 -7.748460E-02  1.215480E+00
     49402 -1.404219E+00 -1.698974E-01  1.777592E+00
     49403 -1.287584E+00  7.942754E-02  9.849289E-01
     49404 -1.124602E+00 -8.135273E-03  5.293158E-01
     49405 -1.000031E+00 -2.222698E-02  2.962586E-01
     49406 -1.150525E+00 -1.189642E-01  6.081471E-01
     49407 -1.141822E+00 -6.400891E-02  4.874393E-01
     49408 -1.368558E+00 -3.182410E-02  7.381835E-01
     49409 -9.626909E-01 -6.959435E-03  1.293097E-01
     49410 -8.163667E-01 -9.411809E-02 -9.118858E-02
     49411 -9.812739E-01 -1.737464E-01  1.724078E-01
     49412 -1.050266E+00 -8.751547E-02  2.503063E-01
     49413 -9.450435E-01 -7.849455E-02 -2.339509E-02
     49414 -7.360276E-01 -1.037580E-01 -1.852064E-01
     49415 -6.807783E-01 -8.787574E-02 -2.465099E-01
     49416 -7.994528E-01 -2.917755E-01 -2.291927E-01
     49417 -7.528223E-01 -6.772787E-02 -4.194367E-01
     49418 -9.303785E-01 -1.510232E-02 -2.508867E-01
     49419 -6.369308E-01 -3.768574E-02 -2.702287E-01
     49420 -5.254261E-01 -3.834326E-02 -3.008916E-01
     49421 -5.941968E-01 -2.237297E-01 -3.650960E-01
     49422 -7.653333E-01 -6.545894E-02 -5.133827E-01
     49423 -6.078590E-01 -2.565348E-02 -4.867407E-01
     49424 -4.894406E-01 -9.943231E-02 -3.677337E-01
     49425 -4.575352E-01 -1.003819E-01 -3.693792E-01
     49426 -6.287833E-01 -2.576992E-01 -4.447207E-01
     49427 -5.681707E-01 -3.886931E-02 -5.188837E-01
     49428 -4.785879E-01 -7.085431E-02 -6.125428E-01
     49429 -4.343102E-01 -4.356595E-02 -3.206699E-01
     49430 -3.568849E-01 -4.574047E-02 -3.009490E-01
     49431 -3.755599E-01 -2.172636E-01 -4.484926E-01
     49432 -4.023097E-01 -2.605309E-02 -5.128809E-01
     49433 -5.139657E-01 -6.171927E-02 -6.278570E-01
     49434 -3.460200E-01 -9.325824E-02 -3.126466E-01
     49435 -3.302004E-01 -9.524523E-02 -2.871350E-01
     49436 -4.476419E-01 -2.289908E-01 -4.007790E-01
     49437 -3.832381E-01 -3.246530E-02 -4.921155E-01
     49438 -3.301644E-01 -6.742499E-02 -5.092678E-01
     49439 -3.248436E-01 -4.290778E-02 -2.171423E-01
     49440 -2.709242E-01 -4.551050E-02 -1.841079E-01
     49441 -2.628214E-01 -1.855959E-01 -3.382528E-01
     49442 -2.983562E-01 -3.154675E-02 -3.528725E-01
     49443 -3.719437E-01 -4.582527E-02 -4.987812E-01
     49444 -2.749895E-01 -8.202895E-02 -1.765357E-01
     49445 -2.676900E-01 -8.376815E-02 -1.484834E-01
     49446 -3.527259E-01 -1.914434E-01 -2.557155E-01
     49447 -2.869130E-01 -3.517483E-02 -3.178494E-01
     49448 -2.581832E-01 -5.328767E-02 -3.233169E-01
     49449 -2.742486E-01 -3.910374E-02 -8.730517E-02
     49450 -2.347207E-01 -4.124945E-02 -6.099939E-02
     49451 -2.163041E-01 -1.524348E-01 -1.863001E-01
     49452 -2.557535E-01 -3.635338E-02 -1.695512E-01
     49453 -3.060779E-01 -3.146223E-02 -3.088636E-01
     49454 -2.442362E-01 -7.162284E-02 -5.649910E-02
     49455 -2.395964E-01 -7.242833E-02 -3.873366E-02
     49456 -3.102083E-01 -1.591393E-01 -1.198089E-01
     49457 -2.455551E-01 -3.938483E-02 -1.415893E-01
     49458 -2.290562E-01 -3.820805E-02 -1.677610E-01
     49459 -2.512093E-01 -3.496856E-02  2.255181E-03
     49460 -2.161158E-01 -3.630100E-02  1.447915E-02
     49461 -1.997455E-01 -1.283730E-01 -7.384388E-02
     49462 -2.796944E-01 -2.291444E-02 -1.608110E-01
     49463 -2.388359E-01 -3.809167E-02 -4.745147E-02
     49464 -2.238296E-01 -6.462487E-02  6.602472E-03
     49465 -2.174755E-01 -6.417796E-02  1.213124E-02
     49466 -2.865831E-01 -1.382836E-01 -4.220157E-02
     49467 -2.261835E-01 -4.159949E-02 -3.443017E-02
     49468 -2.107003E-01 -2.748907E-02 -8.706409E-02
     49469 -2.275008E-01 -3.081926E-02  3.678604E-02
     49470 -1.980742E-01 -3.964369E-02  2.705964E-02
     49471 -1.815361E-01 -1.139534E-01 -2.352238E-02
     49472 -2.170120E-01 -3.788640E-02 -2.067632E-03
     49473 -2.592424E-01 -2.047675E-02 -8.947402E-02
     49474 -2.227525E-01 -1.456031E-02  4.114420E-02
     49475 -1.763681E-01 -7.151848E-02 -1.193353E-02
     49476 -1.914461E-01 -1.020062E-01  5.860282E-03
     49477 -2.003801E-01 -4.226538E-02 -5.597817E-03
     49478 -2.003190E-01 -5.981252E-02  7.020932E-03
     49479 -1.676800E-01 -6.515966E-02  2.130485E-02
     49480 -1.564934E-01 -5.760796E-02  2.457139E-02
     49481 -1.657387E-01 -1.562355E-01 -2.581179E-02
     49482 -2.143927E-01  7.574897E-03 -5.769206E-02
     49483 -1.620395E-01 -3.558743E-02 -5.394582E-02
     49484 -1.565773E-01 -2.684635E-02  4.921454E-02
     49485 -1.170314E-01 -5.599153E-02  2.685981E-02
     49486 -1.134601E-01 -1.082237E-01 -4.836631E-03
     49487 -1.435377E-01 -3.986090E-02  1.300122E-02
     49488 -1.922529E-01 -1.446961E-02 -7.054425E-02
     49489 -1.419065E-01 -1.192357E-02  5.713633E-02
     49490 -9.126431E-02 -6.859616E-02  1.404232E-02
     49491 -6.051813E-02 -1.420816E-01  6.789818E-03
     49492 -1.485589E-01 -1.390811E-02 -2.599452E-02
     49493 -1.136864E-01 -5.841273E-02  2.979559E-02
     49494 -7.933546E-02 -6.105216E-02  6.368650E-02
     49495 -6.677688E-02 -5.247265E-02  7.970576E-02
     49496 -7.285280E-02 -1.511743E-01  1.207549E-02
     49497 -1.270399E-01  1.225514E-02 -2.699638E-02
     49498 -6.539999E-02 -3.393644E-02 -5.444945E-03
     49499 -7.015010E-02 -2.279791E-02  1.149545E-01
     49500 -3.016262E-02 -3.107267E-02  1.219222E-01
     49501 -2.106139E-02 -1.060769E-01  4.908236E-02
     49502 -5.700000E-02 -4.214634E-02  9.085130E-02
     49503 -9.775424E-02 -8.512424E-03 -1.106920E-02
     49504 -6.272670E-02  1.182110E-03  1.470624E-01
     49505 -1.609229E-02 -5.376846E-02  1.229545E-01
     49506 -2.162267E-02 -9.388648E-02  1.079844E-01
     49507 -3.211550E-02 -4.630093E-02  1.037785E-01
     49508 -3.098176E-02 -7.820964E-02  1.505613E-01
     49509 -5.975592E-02  4.180416E-03  1.850459E-01
     49510 -1.255750E-02 -6.252279E-02  1.708581E-01
     49511  7.767049E-02 -1.648280E-01  1.429458E-01
     49512 -1.548699E-02 -9.928069E-02  1.921220E-01
     49513 -4.731494E-02  1.666361E-02  9.921866E-02
     49514 -6.435104E-03 -4.730788E-02  2.067607E-01
     49515 -4.849356E-03 -5.423821E-02  2.085268E-01
     49516  7.330394E-03 -1.349737E-01  1.736649E-01
     49517  1.611622E-02 -3.071156E-02  1.592851E-01
     49518 -4.729890E-02  1.775521E-02  1.136661E-01
     49519 -6.042608E-03 -1.196684E-01  1.940833E-01
     49520 -3.380309E-02  7.011644E-03  1.475642E-01
     51379 -6.622593E-03  6.750086E-03 -3.573139E-02
     51380  5.981104E-03  9.502037E-02 -9.010229E-02
     51381  2.998963E-03  1.036586E-01 -8.212257E-02
     51382  4.455378E-03  5.245869E-02 -1.633170E-02
     51383  4.858421E-03  8.988898E-02 -2.641625E-02
     51384  1.459228E-03  1.113701E-01 -4.809027E-02
     51385  1.425988E-03  5.889045E-02 -2.096311E-02
     51386  5.083632E-03  5.929112E-02 -1.716253E-02
     51387  2.563120E-03  1.052775E-01 -3.885186E-02
     51388  2.658387E-03  6.609534E-02 -2.445416E-02
     51389 -7.929074E-03  2.084449E-02 -6.552565E-03
     51390  5.188427E-03  6.299513E-02 -1.758072E-02
     51391  3.504380E-03  7.751024E-02 -2.849874E-02
     51392  2.989590E-03  6.972406E-02 -2.801586E-02
     51393  4.902276E-03  5.577593E-02 -1.678304E-02
     51394  4.041892E-03  6.976967E-02 -1.693982E-02
     51395  4.219454E-03  9.920477E-02 -3.206582E-02
     51396  2.768114E-03  4.154628E-02 -1.383626E-02
     51397  7.572830E-03  8.536992E-02 -2.609630E-02
     51398  2.457654E-03  5.884821E-02 -2.141516E-02
     51399  5.098517E-04  1.125084E-01 -7.099455E-02
     51400  3.953773E-03  5.754916E-02 -2.136000E-02
     51401  3.915072E-03  4.804432E-02 -1.556217E-02
     51402 -8.388354E-04  4.598480E-02 -1.579511E-02
     51403  2.762351E-03  4.261717E-02 -1.397086E-02
     51404  3.614482E-03  4.580119E-02 -1.497623E-02
     51405  5.466470E-03  6.900909E-02 -1.866530E-02
     51406  4.216949E-03  5.027454E-02 -1.601306E-02
     51407  2.555204E-03  4.230686E-02 -1.434766E-02
     51408  1.600291E-02  1.359668E-01 -1.071915E-01
     51409  6.450426E-04  1.154193E-01 -5.928692E-02
     51410  4.250116E-03 -1.854056E-02  2.256492E-01
     51411 -1.399769E-02 -5.314107E-02  2.536538E-01
     51412  1.210548E-03 -6.450771E-02  2.189592E-01
     51413 -7.954872E-03 -1.366259E-02  2.268669E-01
     51414  1.614107E-02  4.666977E-01  3.426983E+00
     51415 -2.060370E-01  7.256758E-02  3.496350E+00
     51416  2.305243E-01  5.347189E-01  3.661430E+00
     51417 -5.612792E-02  7.586167E-02  3.772608E+00
     51418  1.327489E-03 -5.671043E-02  2.097101E-01
     51419  1.902767E-03 -5.227122E-02  1.974180E-01
     51420 -3.527635E-03 -1.188982E-01  1.981655E-01
     51421  3.639772E-02  1.984353E-02  1.574238E-01
     51422  1.962117E-03 -4.685276E-02  1.979879E-01
     51423  1.125988E-02 -4.533418E-02  1.832658E-01
     51424  1.204375E-02 -1.303985E-01  1.840271E-01
     51425 -4.479093E-02  3.108996E-02  1.373900E-01
     51426  2.032812E-02 -1.255355E-02  1.358600E-01
     51427  1.612662E-02 -4.982945E-02  1.466153E-01
     51428  2.480885E-02 -4.620242E-02  1.462769E-01
     51429  1.115760E-03 -1.265771E-01  1.483270E-01
     51430  5.005401E-02  2.877893E-02  7.235494E-02
     51431 -8.925214E-03 -2.457203E-02  1.247490E-01
     51432  3.420576E-02 -5.055615E-02  1.088644E-01
     51433  4.323217E-02 -4.548687E-02  1.046804E-01
     51434  1.828223E-02 -1.267429E-01  1.072789E-01
     51435  2.519904E-03 -3.032560E-02  9.402533E-02
     51436  6.782877E-02  2.218860E-02  3.293125E-02
     51437  6.120890E-02 -5.159137E-02  7.068272E-02
     51438  6.749374E-02 -4.894747E-02  5.816961E-02
     51439  4.094730E-02 -1.262070E-01  6.545986E-02
     51440  9.856591E-02  1.103402E-02 -6.814361E-03
     51441  2.545199E-02 -3.248975E-02  5.002196E-02
     51442  8.589287E-02 -5.024229E-02  5.159541E-02
     51443  9.863343E-02 -4.966544E-02  3.708314E-02
     51444  8.502776E-02 -1.226814E-01  3.246465E-02
     51445  3.920716E-02 -4.462516E-04 -1.474501E-02
     51446  1.079097E-01 -1.945918E-02 -2.559920E-02
     51447  1.195969E-01 -5.288710E-02  1.427447E-02
     51448  1.319265E-01 -4.738513E-02  2.176918E-02
     51449  1.037113E-01 -1.247927E-01  1.857301E-03
     51450  9.001348E-02 -3.350389E-02 -3.380236E-02
     51451  1.533790E-01 -3.251888E-04 -7.019762E-02
     51452  1.494401E-01 -5.328326E-02 -1.303189E-03
     51453  1.619210E-01 -4.845621E-02  4.159970E-03
     51454  1.342978E-01 -1.218196E-01 -1.456145E-02
     51455  1.268331E-01 -3.670216E-02 -4.586237E-02
     51456  1.837890E-01 -1.936228E-03 -8.519333E-02
     51457  1.799903E-01 -5.234114E-02 -1.243772E-02
     51458  1.925032E-01 -5.025020E-02 -7.823217E-03
     51459  1.679635E-01 -1.228119E-01 -3.099154E-02
     51460  2.152354E-01 -6.052534E-03 -1.004330E-01
     51461  1.602955E-01 -3.887585E-02 -6.273703E-02
     51462  2.090625E-01 -5.350539E-02 -2.222471E-02
     51463  2.203009E-01 -5.057707E-02 -1.585417E-02
     51464  1.982886E-01 -1.260189E-01 -4.343560E-02
     51465  2.450132E-01 -8.314660E-03 -1.119287E-01
     51466  1.927908E-01 -4.091060E-02 -7.807346E-02
     51467  2.351944E-01 -5.613032E-02 -3.153770E-02
     51468  2.452624E-01 -5.377730E-02 -2.630496E-02
     51469  2.241880E-01 -1.290078E-01 -5.379720E-02
     51470  2.224800E-01 -4.064072E-02 -8.830468E-02
     51471  2.734644E-01 -8.059002E-03 -1.273184E-01
     51472  2.590059E-01 -6.049317E-02 -4.476304E-02
     51473  2.672423E-01 -5.686935E-02 -3.980788E-02
     51474  2.470987E-01 -1.359006E-01 -6.793352E-02
     51475  2.987472E-01 -7.259484E-03 -1.465808E-01
     51476  2.488256E-01 -4.405337E-02 -1.029277E-01
     51477  2.797845E-01 -6.452306E-02 -6.233567E-02
     51478  2.866635E-01 -6.058027E-02 -6.033529E-02
     51479  2.671539E-01 -1.432805E-01 -8.651716E-02
     51480  2.712331E-01 -4.739952E-02 -1.210954E-01
     51481  3.201224E-01 -8.198281E-03 -1.733399E-01
     51482  2.990330E-01 -6.927564E-02 -8.822017E-02
     51483  3.052161E-01 -6.474817E-02 -8.933805E-02
     51484  2.847963E-01 -1.528662E-01 -1.139703E-01
     51485  3.392987E-01 -1.048467E-02 -2.114749E-01
     51486  2.906746E-01 -5.242076E-02 -1.491727E-01
     51487  3.185071E-01 -7.488260E-02 -1.236066E-01
     51488  3.249498E-01 -6.999387E-02 -1.288091E-01
     51489  3.016919E-01 -1.643898E-01 -1.518022E-01
     51490  3.087836E-01 -5.824138E-02 -1.891744E-01
     51491  3.587546E-01 -1.335509E-02 -2.631754E-01
     51492  3.421237E-01 -8.088810E-02 -1.682641E-01
     51493  3.502344E-01 -7.514377E-02 -1.751053E-01
     51494  3.214526E-01 -1.785751E-01 -2.012816E-01
     51495  3.826885E-01 -1.763614E-02 -3.273747E-01
     51496  3.278787E-01 -6.580811E-02 -2.433020E-01
     51497  3.732312E-01 -8.577390E-02 -2.160978E-01
     51498  3.854391E-01 -7.994123E-02 -2.225776E-01
     51499  3.488337E-01 -1.934508E-01 -2.566060E-01
     51500  3.525568E-01 -7.325426E-02 -3.079906E-01
     51501  4.154087E-01 -2.310012E-02 -3.978158E-01
     51502  4.181102E-01 -9.089473E-02 -2.598470E-01
     51503  4.365052E-01 -8.428423E-02 -2.587569E-01
     51504  3.884510E-01 -2.102118E-01 -3.112074E-01
     51505  3.879031E-01 -8.032295E-02 -3.768452E-01
     51506  4.648409E-01 -2.900309E-02 -4.651027E-01
     51507  4.811817E-01 -9.271310E-02 -2.802947E-01
     51508  5.038983E-01 -9.144417E-02 -2.841458E-01
     51509  4.474751E-01 -2.267840E-01 -3.485401E-01
     51510  5.375865E-01 -3.695701E-02 -4.984577E-01
     51511  4.405796E-01 -8.715686E-02 -4.355498E-01
     51512  5.640003E-01 -8.926102E-02 -2.507824E-01
     51513  6.016104E-01 -8.194167E-02 -2.249105E-01
     51514  5.491439E-01 -2.342457E-01 -3.439426E-01
     51515  4.953631E-01 -5.146442E-02 -4.878159E-01
     51516  6.145722E-01 -8.069683E-02 -4.788192E-01
     51517  6.719632E-01 -7.956045E-02 -1.807748E-01
     51518  7.233754E-01 -7.281228E-02 -1.035762E-01
     51519  6.404744E-01 -2.380747E-01 -2.833108E-01
     51520  7.595012E-01 -3.997777E-02 -4.179966E-01
     51521  6.173026E-01 -7.894759E-02 -4.409253E-01
     51522  8.038496E-01 -6.374878E-02 -5.078525E-03
     51523  8.686489E-01 -5.680015E-02  1.226752E-01
     51524  7.789961E-01 -2.389096E-01 -1.279678E-01
     51525  7.463904E-01 -7.274090E-02 -3.126114E-01
     51526  9.186653E-01 -3.299388E-02 -2.193369E-01
     51527  9.533960E-01 -3.603432E-02  2.948745E-01
     51528  1.030937E+00 -3.029048E-02  4.846218E-01
     51529  9.449778E-01 -2.208983E-01  1.564398E-01
     51530  1.103007E+00 -1.865871E-02  1.325757E-01
     51531  9.038113E-01 -4.969414E-02 -6.473679E-02
     51532  1.108676E+00  2.011406E-03  7.434767E-01
     51533  1.194390E+00  5.142551E-03  1.003315E+00
     51534  1.126395E+00 -1.840947E-01  5.989282E-01
     51535  1.299936E+00  6.278345E-03  6.709562E-01
     51536  1.082193E+00 -1.471330E-02  3.481368E-01
     51537  1.247680E+00  4.758801E-02  1.353315E+00
     51538  1.330846E+00  4.709836E-02  1.683122E+00
     51539  1.302143E+00 -1.280630E-01  1.217997E+00
     51540  1.264679E+00  3.441581E-02  9.549937E-01
     51541  1.483899E+00  4.701261E-02  1.413848E+00
     51542  1.334047E+00  9.555682E-02  2.109889E+00
     51543  1.395141E+00  9.221364E-02  2.491610E+00
     51544  1.434456E+00 -5.321882E-02  2.007424E+00
     51545  1.605281E+00  1.001987E-01  2.345062E+00
     51546  1.420887E+00  9.533024E-02  1.767512E+00
     51547  1.311701E+00  1.382556E-01  2.944034E+00
     51548  1.314507E+00  1.380104E-01  3.315518E+00
     51549  1.459103E+00  3.286403E-02  2.903710E+00
     51550  1.584723E+00  1.654458E-01  3.368392E+00
     51551  1.501276E+00  1.579964E-01  2.752311E+00
     51552  1.103877E+00  1.823075E-01  3.666373E+00
     51553  1.012232E+00  2.374546E-01  3.930938E+00
     51554  1.275113E+00  1.188042E-01  3.735490E+00
     51555  1.306685E+00  2.509323E-01  4.217032E+00
     51556  1.424078E+00  2.067456E-01  3.776133E+00
     51557  6.453635E-01  2.691689E-01  3.947469E+00
     51558  4.379558E-01  4.016355E-01  3.840521E+00
     51559  7.682729E-01  2.363500E-01  4.183325E+00
     51560  1.095613E+00  2.374837E-01  4.544326E+00
     51561  6.422038E-01  4.109887E-01  4.423853E+00
     51562  2.193939E-01  3.228840E-01  4.021157E+00
     51563  4.266270E-01  2.207846E-01  4.474918E+00
     56742 -2.832569E+00 -1.371280E+00  2.667733E-01
     56743  1.172796E-01  2.346141E-01  5.938705E-01
     56744 -1.309649E+00 -3.901312E+00 -1.251426E+00
     56745  1.023464E-01 -6.906290E-02  2.669921E-01
     56746  1.834664E-01 -4.011357E-01  2.438338E-01
     56747  1.617611E+00  1.536351E+01 -8.115319E+01
     56748  4.135793E+00  1.464788E+01 -7.612765E+01
     56749 -3.047029E+00  9.977882E+00 -6.914852E+01
     56750  1.623371E+00  5.788268E+00 -8.493602E+00
     56751  8.520521E-01  7.366029E+00 -1.411713E+01
     56752 -1.533650E-01  8.564672E+00 -1.282567E+01
     56753  1.071297E+00  5.702745E+00 -5.051382E+00
     56754  7.306755E+00  1.294172E+01 -5.753366E+01
     56755  1.050330E+00  8.613005E+00 -1.769549E+01
     56756  2.670301E+00  9.600313E+00 -2.213368E+01
     56757  1.540067E+00  8.419922E+00 -1.091471E+01
     56758 -1.187922E+00  1.005651E+01 -2.809731E+01
     56759  2.865981E+00  1.070552E+01 -3.548231E+01
     56760  1.762575E+00  1.024492E+01 -2.133597E+01
     56761 -2.586068E+00  1.109747E+01 -4.615876E+01
     56762  4.328130E-01  1.060853E+01 -5.321086E+01
     56763  4.493620E-01  1.144309E+01 -3.418289E+01
     56764 -6.538584E-01  1.256651E+01 -5.543132E+01
     56765  2.190235E+00  9.377834E+00 -1.259281E+01
     56766  2.180142E+00  8.416523E+00 -7.687817E+00
     56767  3.114004E+00  1.036747E+01 -2.479456E+01
     56768  3.757929E+00  1.056689E+01 -1.847895E+01
     56769  2.154181E+00  1.073000E+01 -4.058987E+01
     56770  4.609493E+00  1.192962E+01 -3.253814E+01
     62363  2.636632E+00 -1.243209E+00  2.647700E-01
     62364 -3.590647E-02 -5.950725E-02  2.293377E-01
     62365 -5.033720E-02  2.603192E-01  5.640586E-01
     62366 -1.488669E-01 -4.321347E-01  9.329672E-02
     62367  1.250323E+00 -3.591043E+00 -1.138960E+00
     62368 -7.859934E-01  6.733271E+00 -1.325203E+01
     62369 -1.589870E+00  5.278543E+00 -7.655793E+00
     62370 -1.222474E+00  5.201101E+00 -4.333342E+00
     62371 -4.022439E+00  1.339938E+01 -6.929957E+01
     62372 -1.737486E+00  1.408711E+01 -7.463319E+01
     62373 -6.885700E+00  1.199733E+01 -5.210646E+01
     62374  1.547467E-01  7.897971E+00 -1.195579E+01
     62375  2.599099E+00  9.042078E+00 -6.382716E+01
     62376 -2.099109E+00  7.692535E+00 -6.542129E+00
     62377 -2.104327E+00  8.538810E+00 -1.100460E+01
     62378 -1.379783E+00  7.736325E+00 -1.003634E+01
     62379 -3.570149E+00  9.664861E+00 -1.637724E+01
     62380 -2.988800E+00  9.451695E+00 -2.213026E+01
     62381 -1.746228E+00  9.388645E+00 -1.961261E+01
     62382 -4.429894E+00  1.097025E+01 -2.919430E+01
     62383 -2.239139E+00  9.762170E+00 -3.660776E+01
     62384 -4.995001E-01  1.049024E+01 -3.127521E+01
     62385  5.080249E-01  1.150525E+01 -5.070810E+01
     62386 -2.782584E+00  8.765049E+00 -2.092876E+01
     62387 -1.188919E+00  7.848714E+00 -1.697968E+01
     62388 -2.842699E+00  9.832175E+00 -3.305026E+01
     62389  8.405370E-01  9.194699E+00 -2.637449E+01
     62390 -5.534765E-01  9.708142E+00 -4.927937E+01
     62391  2.271043E+00  1.014637E+01 -4.287922E+01
     67603 -3.386617E-03  1.240658E-01 -1.910927E-01
     67604  3.499340E-03  1.439349E-01 -2.117556E-01
     67605 -2.371238E-01  4.007652E-01  6.319755E-02
     67606  2.579742E-01  4.194405E-01  6.204707E-02
     67607 -1.269667E+00  2.945845E+00  7.536225E+00
     67608 -2.183333E+00  2.101583E+00  7.099626E+00
     67609 -1.262353E+00  2.297686E+00  6.301134E+00
     67610  4.187817E-02  3.545727E-01  1.221679E+00
     67611 -8.290913E-02  2.877718E-01  1.233033E+00
     67612  5.819398E-02  2.879631E-01  1.215395E+00
     67613 -6.927119E-02  3.545185E-01  1.219280E+00
     67614  2.054887E+00  1.875646E+00  6.402514E+00
     67615  1.239365E+00  2.632236E+00  6.805326E+00
     67616  1.225162E+00  2.072500E+00  5.720293E+00
     67617 -2.717005E+00  2.320208E+00  5.369667E+00
     67618  2.528669E+00  2.097091E+00  4.861057E+00
     67619 -1.199841E+00  1.486898E+00  4.958537E+00
     67620 -1.719468E+00  1.763189E+00  5.307451E+00
     67621 -1.889680E+00  2.439113E+00  4.082024E+00
     67622 -2.007694E+00  6.957129E-01  1.933510E+00
     67623 -2.935368E+00  2.619047E+00  5.000503E+00
     67624 -2.746933E+00  2.551922E+00  5.604336E+00
     67625 -2.029966E+00  1.503711E+00  2.581926E+00
     67626 -3.900552E+00  2.819145E+00  5.284217E+00
     67627 -3.229356E+00  2.230579E+00  5.099122E+00
     67628 -3.946393E+00  2.375073E+00  4.729936E+00
     67629 -3.449326E+00  1.857539E+00  4.583468E+00
     67630 -3.822329E+00  1.843174E+00  4.174332E+00
     67631 -3.428952E+00  1.475196E+00  4.021213E+00
     67632 -3.579866E+00  1.376403E+00  3.654155E+00
     67633 -3.204442E+00  1.079750E+00  3.441928E+00
     67634 -3.201699E+00  9.151258E-01  3.098429E+00
     67635 -2.882424E+00  7.447872E-01  2.895102E+00
     67636 -2.804474E+00  5.773375E-01  2.625043E+00
     67637 -2.520979E+00  4.906934E-01  2.402689E+00
     67638 -2.420878E+00  3.518123E-01  2.215039E+00
     67639 -2.157038E+00  2.972500E-01  2.008408E+00
     67640 -2.053001E+00  1.595872E-01  1.841334E+00
     67641 -1.830391E+00  1.512551E-01  1.674946E+00
     67642 -1.754063E+00  8.860229E-02  1.607713E+00
     67643 -1.542994E+00  9.338384E-02  1.466105E+00
     67644 -1.498019E+00  1.992930E-02  1.399939E+00
     67645 -1.327236E+00  4.490263E-02  1.290968E+00
     67646 -1.310715E+00  3.013579E-02  1.293119E+00
     67647 -1.140414E+00  5.352125E-02  1.205274E+00
     67648 -1.014042E+00  5.196678E-02  1.127006E+00
     67649 -1.156321E+00  2.249101E-02  1.191396E+00
     67650 -9.034006E-01  8.374062E-02  1.106591E+00
     67651 -1.053240E+00  6.301488E-02  1.158456E+00
     67652 -8.345915E-01  9.482182E-02  1.073628E+00
     67653 -9.646869E-01  7.197021E-02  1.110768E+00
     67654 -7.657191E-01  1.247530E-01  1.074781E+00
     67655 -9.073634E-01  1.117135E-01  1.107496E+00
     67656 -7.192491E-01  1.301014E-01  1.051615E+00
     67657 -8.463699E-01  1.153053E-01  1.075989E+00
     67658 -6.565016E-01  1.477047E-01  1.053592E+00
     67659 -7.981368E-01  1.414011E-01  1.075828E+00
     67660 -6.003416E-01  1.489019E-01  1.045930E+00
     67661 -7.267290E-01  1.357496E-01  1.053772E+00
     67662 -5.370334E-01  1.594621E-01  1.040749E+00
     67663 -6.585746E-01  1.445575E-01  1.054022E+00
     67664 -4.509023E-01  1.633040E-01  1.044402E+00
     67665 -5.914616E-01  1.578647E-01  1.054482E+00
     67666 -3.579918E-01  1.682391E-01  1.054139E+00
     67667 -4.977532E-01  1.518593E-01  1.045702E+00
     67668 -2.787192E-01  1.865900E-01  1.077708E+00
     67669 -4.071049E-01  1.721232E-01  1.073466E+00
     67670 -1.850152E-01  2.069306E-01  1.112754E+00
     67671 -3.345411E-01  1.980064E-01  1.106386E+00
     67672 -1.050062E-01  2.224395E-01  1.145202E+00
     67673 -2.493414E-01  2.084162E-01  1.127310E+00
     67674 -4.753385E-02  2.431703E-01  1.186587E+00
     67675 -1.865986E-01  2.423252E-01  1.174661E+00
     67676  5.485117E-03  2.678752E-01  1.223972E+00
     67677 -1.533540E-01  2.759165E-01  1.215741E+00
     67678  3.549561E-02  2.986278E-01  1.247476E+00
     67679 -1.162003E-01  2.899628E-01  1.242780E+00
     67680  9.297874E-02  2.847719E-01  1.209936E+00
     67681 -6.349972E-02  2.935616E-01  1.222404E+00
     67682  1.173750E-01  2.619754E-01  1.165169E+00
     67683 -2.821960E-02  2.713642E-01  1.186956E+00
     67684  1.617586E-01  2.344200E-01  1.110809E+00
     67685  1.833745E-02  2.445848E-01  1.135677E+00
     67686  2.187804E-01  1.994279E-01  1.055670E+00
     67687  8.219019E-02  2.133093E-01  1.078745E+00
     67688  2.855436E-01  1.734897E-01  1.002378E+00
     67689  1.644352E-01  1.878843E-01  1.027997E+00
     67690  3.736676E-01  1.434646E-01  9.388155E-01
     67691  2.454399E-01  1.590452E-01  9.623768E-01
     67692  4.687298E-01  1.269478E-01  8.987145E-01
     67693  3.441818E-01  1.416596E-01  9.122248E-01
     67694  5.662466E-01  1.099968E-01  8.753692E-01
     67695  4.456732E-01  1.268863E-01  8.787116E-01
     67696  6.622496E-01  9.890581E-02  8.678923E-01
     67697  5.466699E-01  1.149543E-01  8.637922E-01
     67698  7.540756E-01  9.084118E-02  8.719134E-01
     67699  6.415108E-01  1.080089E-01  8.602695E-01
     67700  8.416343E-01  8.521746E-02  8.874508E-01
     67701  7.304854E-01  1.028573E-01  8.677256E-01
     67702  9.241811E-01  8.017225E-02  9.133692E-01
     67703  8.134649E-01  9.913653E-02  8.853187E-01
     67704  1.003099E+00  7.441886E-02  9.493103E-01
     67705  8.917175E-01  9.509623E-02  9.127381E-01
     67706  1.082223E+00  6.762926E-02  9.956870E-01
     67707  9.687479E-01  9.014914E-02  9.498053E-01
     67708  1.168464E+00  5.897503E-02  1.052279E+00
     67709  1.049449E+00  8.432660E-02  9.967953E-01
     67710  1.271105E+00  5.272961E-02  1.126176E+00
     67711  1.144567E+00  7.940861E-02  1.057222E+00
     67712  1.400299E+00  5.309119E-02  1.223366E+00
     67713  1.262608E+00  8.046770E-02  1.138971E+00
     67714  1.568157E+00  6.953256E-02  1.355059E+00
     67715  1.414647E+00  9.319619E-02  1.250831E+00
     67716  1.783370E+00  1.170996E-01  1.532259E+00
     67717  1.608959E+00  1.296922E-01  1.407860E+00
     67718  2.048689E+00  1.951861E-01  1.764750E+00
     67719  1.850462E+00  1.942813E-01  1.611863E+00
     67720  2.367392E+00  3.426338E-01  2.069306E+00
     67721  2.138994E+00  3.077347E-01  1.895733E+00
     67722  2.721357E+00  5.584374E-01  2.443206E+00
     67723  2.461729E+00  4.766197E-01  2.252451E+00
     67724  3.082941E+00  8.568436E-01  2.879905E+00
     67725  2.793738E+00  7.102664E-01  2.685628E+00
     67726  3.408484E+00  1.235955E+00  3.357300E+00
     67727  3.090186E+00  1.006612E+00  3.178698E+00
     67728  3.646070E+00  1.674420E+00  3.845502E+00
     67729  3.288971E+00  1.349503E+00  3.698551E+00
     67730  3.752463E+00  2.125592E+00  4.331098E+00
     67731  3.319538E+00  1.700770E+00  4.204500E+00
     67732  3.714101E+00  2.543215E+00  4.849443E+00
     67733  3.111366E+00  2.014927E+00  4.671447E+00
     67734  2.783597E+00  2.359619E+00  4.542021E+00
     67735  2.658217E+00  2.316411E+00  5.125746E+00
     67736  1.667404E+00  1.605731E+00  4.819323E+00
     67737  1.188856E+00  1.356672E+00  4.512173E+00
     67738  1.917009E+00  1.353551E+00  2.327533E+00
     67739  1.806506E+00  2.191341E+00  3.698622E+00
     67740  1.899781E+00  6.217973E-01  1.734951E+00
     68607 -1.253917E-01 -5.229098E-02 -4.152005E-01
     68608  8.580129E-02  9.095186E-02 -1.348186E-01
     68609  4.451480E-01  7.457937E-01 -5.167069E-01
     68610  2.969238E-01  2.153926E-01 -3.713368E-01
     68611 -2.580785E-02  7.999974E-01  4.190683E+00
     68612  5.535379E-01  1.498130E-01  5.302899E+00
     68613 -1.119680E+00  4.195552E+00  1.052629E+01
     68614 -4.955218E-01  1.996026E+00  6.224511E+00
     68615  1.199724E-01  1.532092E+00  5.570473E+00
     68616  8.936880E-01  1.604450E-01  8.027954E+00
     68617 -2.130891E+00  1.066179E+01  1.989530E+01
     68618 -1.361616E+00  7.952849E+00  1.587359E+01
     68619 -1.110027E+00  5.743249E+00  1.450129E+01
     68620  6.378505E-01  1.621326E+00  8.706072E+00
     68621 -3.675850E-02  4.966641E+00  2.151404E+01
     68622 -9.743989E-01  4.548251E+00  1.366843E+01
     68623 -1.276223E+00  4.952858E+00  6.781590E+00
     68624  6.621190E-01  5.491166E+00  1.590591E+01
     68625 -1.156211E+00  5.704970E+00  5.112523E+00
     68626 -8.336467E-01  7.176765E+00  6.747897E+00
     68627 -5.578467E-03  4.371626E+00  7.458258E+00
     68628 -1.820655E+00  1.184313E+01  1.900423E+01
     68629 -1.200276E+00  1.024155E+01  1.366343E+01
     68630 -8.151268E-01  7.032855E+00  1.414868E+01
     68631 -1.336552E+00  5.881415E+00  1.272826E+01
     68632 -2.403289E-01  2.630476E+00  1.000296E+01
     69274  1.368344E-01 -3.736426E-02 -3.598479E-01
     69275 -7.224534E-02  7.774297E-02 -1.146229E-01
     69276 -4.184550E-01  6.706190E-01 -4.642541E-01
     69277 -2.525272E-01  2.059011E-01 -3.586770E-01
     69278 -4.447607E-01  1.353149E-01  4.749388E+00
     69279  5.575453E-02  7.047563E-01  3.763267E+00
     69280  4.906240E-01  1.773463E+00  5.583749E+00
     69281  1.048785E+00  3.726036E+00  9.441494E+00
     69282 -7.761196E-02  1.355051E+00  4.970420E+00
     69283 -7.819633E-01  1.368926E-01  7.090978E+00
     69284  1.220240E+00  7.099004E+00  1.425391E+01
     69285  1.879196E+00  9.537149E+00  1.783943E+01
     69286  9.888660E-01  5.096045E+00  1.290591E+01
     69287 -5.584290E-01  1.434045E+00  7.685206E+00
     69288  8.385237E-01  4.106881E+00  1.225047E+01
     69289  1.876887E-03  4.454415E+00  1.920551E+01
     69290 -6.121980E-01  4.920908E+00  1.418199E+01
     69291  1.153339E+00  4.443026E+00  6.086282E+00
     69292  1.182111E+00  5.286807E+00  1.137976E+01
     69293  7.126971E-01  6.291196E+00  1.263569E+01
     69294 -2.421440E-02  3.915693E+00  6.656287E+00
     69295  1.562802E+00  1.060619E+01  1.702315E+01
     69296  1.069264E+00  9.213204E+00  1.229011E+01
     69297  7.073119E-01  6.445566E+00  6.059877E+00
     69298  1.875893E-01  2.335997E+00  8.881980E+00
     69299  1.021527E+00  5.133912E+00  4.608966E+00

 total force (fx,fy,fz) for set FEET and time  0.6000000E+01

       -2.253273E-09  9.192533E+02 -7.713451E+02
