
                        S T E P       1


                                INCREMENT     1


 displacements (vx,vy,vz) for set TOP and time  0.1000000E+01

     17824 -1.703261E-02  2.994474E-01 -2.932336E-01
     17869 -9.520256E-03  3.761288E-01 -3.439174E-01
     18306 -1.249743E-03  4.063847E-01 -3.641183E-01
     21734  5.859160E-03  3.984703E-01 -3.583136E-01
     22923  1.400170E-02  2.893751E-01 -2.790231E-01

 forces (fx,fy,fz) for set FEET and time  0.1000000E+01

       151 -4.781108E-01 -3.517571E-02 -2.530107E+00
       155  8.196819E-01  9.786516E+00 -7.637761E+00
       156 -4.221289E-03  2.259322E-02 -9.318817E-01
       160  2.430266E-02  2.254046E+00  2.213137E-01
       161  4.174256E-01  3.703520E-01 -1.985988E+00
       165 -5.224333E-01  8.394474E+00 -5.246457E+00
       194  1.659267E+01  9.679973E+00  1.795116E+01
       195  7.302877E-01 -6.578966E-01  1.101645E+00
       196 -2.093545E-01  2.428936E-01  8.000387E-01
       197 -1.562579E+01  7.173419E+00  1.486728E+01
       221  1.898435E-01  2.384478E-01  7.362504E-01
       222  1.419773E+01  6.434337E+00  1.339820E+01
       225 -7.115038E-01 -6.557031E-01  1.030361E+00
       226 -1.520020E+01  8.951518E+00  1.652737E+01
       234  1.299309E+00  2.628112E-01  2.120073E+00
       236 -1.219465E+00  2.576353E-01  1.837591E+00
       242 -6.589544E+00  3.913183E+00 -6.365628E+00
       245 -5.868939E+00  4.423304E+00  6.090647E+00
       246  9.404473E+00  5.856823E+00  9.059751E+00
       253  5.750941E+00  3.002167E+00 -5.572469E+00
       254 -8.565807E+00  5.367868E+00  8.300185E+00
       255  5.252367E+00  3.924517E+00  5.401849E+00
      2448  3.424424E+00 -1.140670E+00 -1.839474E+01
      2464 -5.300453E-02 -1.803291E+00 -3.897175E+00
      2473  1.907587E-01  9.937505E-01 -4.606779E-01
      2474  1.100554E-01  6.753206E-01 -4.660943E-01
      2475  9.214738E-02  3.527660E-01 -1.909001E-01
      2476  2.557824E-01 -2.952175E-01 -7.995769E-01
      2477  1.875083E-01  4.397467E-02 -9.419859E-01
      2478  1.341328E-01 -4.753510E-02 -4.106220E-01
      2479  1.053278E-01 -5.185943E-02 -6.984800E-01
      2480  4.260613E-02 -1.989662E-02 -5.954358E-01
      2481  3.022676E-02 -2.630896E-02 -6.463475E-01
      2482  2.757649E-02  2.076330E-03 -5.282288E-01
      2483  4.481152E-02 -5.071026E-02 -1.004154E+00
      2484  4.026703E-02  3.103338E-03 -8.371077E-01
      2485  7.802947E-02  7.239322E-01 -6.730843E-01
      2486  1.593405E-02 -2.218140E-02 -1.227441E+00
      2487  1.198700E-02  5.597104E-02 -8.250765E-01
      2488 -2.893169E-02 -3.279111E-02 -8.849432E-01
      2489  5.422730E-02 -1.533353E-03 -7.319691E-01
      2490  1.695688E-02 -3.865157E-02 -1.095428E+00
      2491 -8.090803E-03 -1.442893E-02 -8.933727E-01
      2492  2.796963E-02  3.653580E-01 -1.255236E+00
      2493  5.848865E+00  1.166770E+00 -2.087298E+01
      2494  4.874910E+00 -1.094081E+00 -1.243502E+01
      2495  4.315064E+00 -1.110755E+00 -8.230952E+00
      2496  3.588076E+00 -9.416319E-01 -5.047759E+00
      2497  4.431626E+00 -7.160601E-01 -3.889189E+00
      2498  3.553967E+00 -9.789396E-01 -2.664939E+00
      2499  2.834492E+00 -7.294046E-01 -1.629652E+00
      2500  2.373402E+00 -6.476263E-01 -1.272658E+00
      2501  1.973293E+00 -5.839648E-01 -1.174451E+00
      2502  1.667033E+00 -6.074988E-01 -1.257983E+00
      2503  1.381662E+00 -9.375291E-01 -1.519965E+00
      2504  1.304333E+00 -9.521042E-01 -1.673985E+00
      2505  1.195147E+00 -7.317088E-01 -1.721808E+00
      2506  8.870502E-01 -7.499938E-01 -2.057378E+00
      2507  9.937293E-01 -8.132924E-01 -1.900327E+00
      2508  7.522442E-01 -5.657085E-01 -1.799174E+00
      2509  5.311131E-01 -1.333333E+00 -2.016120E+00
      2510  3.725148E-01 -1.003083E+00 -1.965717E+00
      2511  2.600593E-01 -8.920533E-01 -2.023398E+00
      2512  1.378046E-01 -7.468752E-01 -2.063950E+00
      2513  2.319673E-02 -7.095292E-01 -2.162854E+00
      2637  6.137992E-01  7.651464E+00 -2.883299E+00
      2638  2.300539E-01  5.065399E+00 -1.292442E+00
      2639  1.397521E-01  3.777376E+00 -2.186315E-01
      2640 -1.862552E-02  2.384367E+00 -1.477190E-01
      2641  2.318813E-02  1.812752E+00 -1.855521E-01
      2642  3.326242E-02  2.066689E+00  2.265535E-01
      2643  2.890537E-02  1.651955E+00 -6.370005E-03
      2644  4.160081E-02  1.653925E+00  1.559250E-01
      2645  1.766750E-02  1.639284E+00  1.602646E-01
      2646  3.336710E-02  2.030790E+00  2.905149E-01
      2647  3.161634E-02  2.518267E+00 -9.003459E-02
      2648 -2.816642E-03  2.277489E+00  1.239804E-01
      2649 -2.044403E-02  1.154433E+00 -1.185793E-01
      2650  1.565293E-01  3.555446E+00  7.671168E-02
      2651  3.746392E-02  1.876116E+00  1.123354E-01
      2652  1.160702E-01  2.310477E+00  1.574595E-01
      2653 -4.040710E-02  3.316686E+00  3.688945E-01
      2654 -1.365295E-03  2.418187E+00 -1.140726E-01
      2655  4.305102E-03  2.307388E+00  1.246504E-01
      2656 -2.667353E-01  2.254301E+00  3.801239E-01
      2657  4.176814E+00  1.032578E+01 -2.032832E+01
      2658  3.027840E+00  6.281553E+00 -1.154846E+01
      2659  2.695294E+00  4.631706E+00 -7.127706E+00
      2660  2.325009E+00  3.268021E+00 -4.623084E+00
      2661  1.765449E+00  1.483196E+00 -3.018377E+00
      2662  1.507036E+00  1.921772E+00 -1.546318E+00
      2663  1.127588E+00  1.359831E+00 -1.199735E+00
      2664  8.605605E-01  1.341213E+00 -1.018279E+00
      2665  6.913142E-01  1.221779E+00 -1.087328E+00
      2666  6.112986E-01  1.304923E+00 -1.216950E+00
      2667  6.099995E-01  2.062986E+00 -1.163602E+00
      2668  4.414076E-01  2.084521E+00 -1.373794E+00
      2669  4.582303E-01  1.624386E+00 -1.646436E+00
      2670  3.591157E-01  1.723603E+00 -1.474932E+00
      2671  1.969942E-01  1.820667E+00 -1.587615E+00
      2672  2.602753E-01  1.281112E+00 -1.831964E+00
      2673  2.808231E-01  3.002320E+00 -1.263648E+00
      2674  1.328585E-01  2.106509E+00 -1.598903E+00
      2675  4.602595E-02  1.963066E+00 -1.729387E+00
      2676  4.757350E-02  1.703033E+00 -1.863517E+00
      2677  8.110375E-03  1.567199E+00 -1.890506E+00
      2685 -3.172907E+00 -9.248095E-01 -1.842847E+01
      2694 -6.170485E-02  3.733368E-01 -1.192722E+00
      2695 -2.458189E-02 -5.451307E-04 -8.402761E-01
      2696 -1.631672E-02  1.623757E-03 -6.636442E-01
      2697  9.091208E-03 -2.331565E-02 -8.751211E-01
      2698 -5.601039E-03 -9.756912E-03 -8.421264E-01
      2699 -2.717984E-02 -1.403908E-02 -8.434497E-01
      2700 -7.115331E-02 -5.552511E-02 -1.089656E+00
      2701 -1.955292E-02  3.311948E-03 -6.299840E-01
      2702 -6.088692E-02 -1.645822E-02 -1.021205E+00
      2703 -3.443465E-02 -1.050200E-02 -5.951615E-01
      2704 -5.913361E-02 -4.714117E-02 -8.711512E-01
      2705 -8.035796E-02 -4.008144E-02 -6.032706E-01
      2706 -6.354444E-02 -7.666922E-03 -4.347247E-01
      2707 -9.771578E-02 -5.277417E-02 -6.704244E-01
      2708 -1.619621E-01 -4.590989E-02 -5.770475E-01
      2709 -2.192583E-01 -3.641575E-01 -9.910400E-01
      2710 -1.266786E-01 -3.258505E-01 -3.451755E-01
      2711 -1.945808E-01  3.366787E-01 -8.814663E-01
      2712 -2.185734E-01  6.729558E-01 -1.068591E+00
      2713 -8.236091E-01  1.507923E-01 -1.679388E+00
      2714 -3.807081E-02 -7.218905E-01 -2.312912E+00
      2715 -1.569677E-01 -8.332319E-01 -2.154916E+00
      2716 -2.505750E-01 -7.745912E-01 -1.988797E+00
      2717 -4.530097E-01 -9.045579E-01 -1.906597E+00
      2718 -6.231278E-01 -7.565626E-01 -1.762508E+00
      2719 -8.192762E-01 -7.792854E-01 -1.702881E+00
      2720 -1.007400E+00 -8.658289E-01 -1.698805E+00
      2721 -1.088059E+00 -1.152784E+00 -1.821435E+00
      2722 -1.350280E+00 -4.035198E-01 -1.583401E+00
      2723 -1.385256E+00 -1.049961E+00 -1.723144E+00
      2724 -1.575570E+00 -7.482113E-01 -1.456502E+00
      2725 -1.713578E+00 -7.150906E-01 -1.352999E+00
      2726 -1.980743E+00 -5.746766E-01 -1.229083E+00
      2727 -2.404658E+00 -6.379189E-01 -1.283108E+00
      2728 -2.833918E+00 -6.144455E-01 -1.557018E+00
      2729 -3.507835E+00 -7.616389E-01 -2.339611E+00
      2730 -4.262828E+00 -9.493525E-01 -3.630351E+00
      2731 -3.572524E+00 -7.759377E-01 -4.846242E+00
      2732 -3.976653E+00 -1.017128E+00 -7.056779E+00
      2733 -4.430291E+00 -1.005028E+00 -1.054422E+01
      2734 -5.365515E+00  5.333118E-01 -1.760110E+01
      2858  3.120405E-01  2.205435E+00  2.459127E-01
      2859  4.394035E-02  2.211585E+00  1.040240E-01
      2860  1.533320E-02  2.303768E+00  3.391869E-01
      2861 -4.109816E-02  2.284375E+00  1.307128E-01
      2862 -3.033016E-02  2.154966E+00  1.481712E-01
      2863 -2.881085E-02  2.198364E+00  1.401479E-01
      2864  1.990178E-02  2.840456E+00 -9.463321E-02
      2865 -7.186385E-03  2.033172E+00  3.719582E-01
      2866 -3.216880E-03  1.992933E+00 -2.712366E-02
      2867 -8.207244E-02  2.598326E+00  2.875314E-01
      2868 -1.538391E-02  1.947541E+00 -6.138733E-02
      2869  1.683373E-02  1.747982E+00  1.247584E-01
      2870  1.098226E-03  1.628608E+00  2.837990E-01
      2871 -3.002762E-02  1.561465E+00 -1.048867E-02
      2872  3.220693E-02  1.599745E+00  1.050041E-01
      2873 -1.207702E-02  1.939478E+00 -2.401833E-02
      2874 -7.030393E-02  2.423547E+00 -4.282551E-02
      2875 -1.169064E-01  3.290684E+00 -7.987011E-01
      2876 -7.767634E-02  4.572014E+00 -8.600196E-01
      2877 -3.734976E-01  6.781419E+00 -2.078434E+00
      2878 -6.010982E-02  1.675663E+00 -1.815961E+00
      2879 -1.279095E-01  1.684305E+00 -1.799819E+00
      2880 -1.047052E-01  1.728076E+00 -1.786877E+00
      2881 -1.403109E-01  1.991278E+00 -1.629455E+00
      2882 -2.140480E-01  1.667848E+00 -1.648049E+00
      2883 -2.684193E-01  1.700793E+00 -1.566177E+00
      2884 -3.196711E-01  1.864722E+00 -1.522326E+00
      2885 -5.979114E-01  2.442512E+00 -1.246974E+00
      2886 -4.528452E-01  1.178895E+00 -1.650786E+00
      2887 -4.899736E-01  2.324940E+00 -1.143365E+00
      2888 -5.933384E-01  1.656662E+00 -1.316511E+00
      2889 -6.986986E-01  1.540068E+00 -1.130331E+00
      2890 -7.757166E-01  1.206685E+00 -1.102063E+00
      2891 -8.833067E-01  1.337142E+00 -1.013729E+00
      2892 -1.130762E+00  1.160467E+00 -1.211805E+00
      2893 -1.435119E+00  1.472939E+00 -1.686103E+00
      2894 -1.833501E+00  2.005654E+00 -2.626783E+00
      2895 -2.139299E+00  2.794496E+00 -4.041462E+00
      2896 -2.614259E+00  4.035903E+00 -6.878417E+00
      2897 -2.911214E+00  5.620183E+00 -1.104716E+01
      2898 -3.929503E+00  9.509431E+00 -1.968863E+01
      3388  4.565222E+00 -1.168217E+00  3.358815E+00
      3389  7.763272E+00 -7.984115E-01  3.736598E+00
      3390  1.405038E+01  3.981302E-01  6.224048E+00
      3391  2.379708E+00 -2.087235E+00  3.710254E+00
      3392  6.994824E+00 -4.394787E+00  1.333985E+01
      3393  1.506799E+01 -5.117714E+00  2.655723E+01
      3394  2.823933E+01 -5.549426E+00  4.337876E+01
      3495 -7.021291E-01 -2.434228E+00  3.580957E+00
      3496 -2.370182E+00  1.793838E+01  7.224671E+01
      3497 -6.768612E-01 -1.265681E+00 -1.578867E+00
      3498 -1.922101E+00 -1.982062E-01 -1.036897E+00
      3499 -8.133927E+00  2.481721E-01  1.163055E+00
      3500  7.667454E-01 -7.841794E-01 -1.866010E+00
      3501 -1.747828E+00 -4.004709E+00  3.771610E+00
      3502 -8.424520E+00 -5.238098E+00  1.580135E+01
      3503 -2.171231E+01 -6.304016E+00  3.587706E+01
      4007  5.194408E-01 -1.164097E+00 -1.633513E+00
      4008  1.573486E+00 -1.747272E-01 -1.177436E+00
      4009  7.227492E+00  2.100029E-01  8.312078E-01
      4010 -7.514803E-01 -6.963763E-01 -1.772250E+00
      4011  1.463039E+00 -3.672018E+00  3.185201E+00
      4012  7.499796E+00 -4.797442E+00  1.408249E+01
      4013  1.961518E+01 -5.786398E+00  3.244742E+01
      4119  7.022218E-01 -2.309845E+00  3.414072E+00
      4120  2.360274E+00  1.635825E+01  6.592356E+01
      4121 -4.378763E+00 -1.053666E+00  3.270761E+00
      4122 -7.367585E+00 -7.399727E-01  3.597032E+00
      4123 -1.310026E+01  3.878643E-01  5.898403E+00
      4124 -2.369063E+00 -2.002836E+00  3.737389E+00
      4125 -6.643855E+00 -4.061476E+00  1.267788E+01
      4126 -1.404912E+01 -4.690660E+00  2.476767E+01
      4127 -2.603233E+01 -5.055178E+00  3.997774E+01
      4548  3.031434E+00  2.337349E+00 -1.133014E+01
      4551 -2.817277E+00  2.185717E+00 -1.023646E+01
      4553 -2.606203E-01  3.368860E+00  3.393104E+00
      4554  2.532983E-01  1.934190E+00  1.392644E+00
      4555  5.224124E-01  1.093765E+00  8.267014E-01
      4556  6.198151E-02  7.128374E-01  1.167979E+00
      4557  4.611898E-01  4.571556E-01  9.590206E-01
      4558 -1.697078E-02  3.619418E-01  8.069655E-01
      4559  2.310038E-03  4.020583E-01  8.595445E-01
      4560  4.265077E-03  4.575070E-01  9.579282E-01
      4561  1.030683E-02  5.087991E-01  1.055975E+00
      4562  6.645908E-03  5.781351E-01  1.200033E+00
      4563 -5.568636E-03  6.257322E-01  1.298269E+00
      4564 -1.160774E-02  6.632271E-01  1.355537E+00
      4565 -1.104793E-03  7.123965E-01  1.376640E+00
      4566  7.236645E-03  6.915014E-01  1.421851E+00
      4567 -1.178940E-02  6.787337E-01  1.393999E+00
      4568 -6.959783E-03  6.961192E-01  1.455804E+00
      4569 -5.776594E-03  6.815017E-01  1.411747E+00
      4570 -2.171864E-03  6.692238E-01  1.412639E+00
      4571  6.772706E-03  6.792902E-01  1.431111E+00
      4572 -1.931844E-03  7.051361E-01  1.458013E+00
      4573  3.190832E-03  7.039249E-01  1.463092E+00
      4574 -1.555159E-03  6.726093E-01  1.429767E+00
      4575 -3.300048E-03  6.725504E-01  1.423621E+00
      4576  3.720211E-03  6.677695E-01  1.414811E+00
      4577  3.188090E-03  6.618197E-01  1.389827E+00
      4578  6.218234E-03  6.444112E-01  1.357131E+00
      4579  1.221419E-02  6.668209E-01  1.385887E+00
      4580  1.477373E-02  6.532766E-01  1.379744E+00
      4581 -1.080218E-02  6.720265E-01  1.353098E+00
      4582  1.099566E-02  6.092528E-01  1.275969E+00
      4583 -6.030909E-03  5.718035E-01  1.176364E+00
      4584 -5.768039E-05  4.974151E-01  1.044872E+00
      4585 -5.074985E-03  4.518416E-01  9.486217E-01
      4586 -1.534752E-03  3.919350E-01  8.425332E-01
      4587  1.640113E-02  3.410022E-01  7.645382E-01
      4588 -5.990353E-02  5.059762E-01  8.090443E-01
      4589 -2.901122E-02  6.103367E-01  1.052708E+00
      4590 -5.241167E-01  9.648993E-01  7.731058E-01
      4591 -2.703153E-01  1.746734E+00  1.293017E+00
      4592  4.860924E-01  2.836339E+00  3.647928E+00
      4593  1.696304E+00  2.348165E+00  5.261197E+00
      4594  8.225548E-01  1.540187E+00  4.165753E+00
      4595  1.098126E+00  7.164744E-01  2.175363E+00
      4596  1.199342E+00  4.564244E-01  1.412504E+00
      4597  2.130630E+00  3.474131E-01  1.617978E+00
      4598  1.931752E+00  4.494374E-01  1.761878E+00
      4599  1.643346E+00  6.292893E-01  2.042715E+00
      4600  1.386206E+00  7.753556E-01  2.356116E+00
      4601  1.172195E+00  8.869011E-01  2.622499E+00
      4602  1.025094E+00  9.921187E-01  2.918250E+00
      4603  8.910942E-01  1.060133E+00  3.202899E+00
      4604  7.888481E-01  1.109515E+00  3.341023E+00
      4605  6.876756E-01  1.084315E+00  3.416832E+00
      4606  5.620335E-01  1.041430E+00  3.546863E+00
      4607  4.773956E-01  1.185023E+00  3.546993E+00
      4608  3.802378E-01  1.163014E+00  3.539287E+00
      4609  2.758118E-01  1.119532E+00  3.561590E+00
      4610  1.825514E-01  1.131941E+00  3.465936E+00
      4611  1.150346E-01  1.119262E+00  3.423638E+00
      4612  5.306731E-02  1.138722E+00  3.445341E+00
      4613 -1.316584E-02  1.099023E+00  3.496943E+00
      4614 -8.800706E-02  1.147385E+00  3.452064E+00
      4615 -1.366444E-01  1.145668E+00  3.456141E+00
      4616 -2.225760E-01  1.142189E+00  3.467139E+00
      4617 -3.187403E-01  1.159258E+00  3.478002E+00
      4618 -4.351831E-01  1.161438E+00  3.450340E+00
      4619 -5.176367E-01  1.158727E+00  3.460325E+00
      4620 -6.496801E-01  1.150624E+00  3.508436E+00
      4621 -7.161925E-01  1.165930E+00  3.469669E+00
      4622 -8.937011E-01  1.071393E+00  3.311684E+00
      4623 -9.663951E-01  1.043162E+00  3.136998E+00
      4624 -1.099365E+00  9.588327E-01  2.849662E+00
      4625 -1.220936E+00  8.741289E-01  2.577604E+00
      4626 -1.426373E+00  7.513222E-01  2.292270E+00
      4627 -1.664947E+00  6.095077E-01  1.956071E+00
      4628 -1.940566E+00  4.379645E-01  1.658263E+00
      4629 -2.270660E+00  3.623919E-01  1.597740E+00
      4630 -1.166138E+00  4.156606E-01  1.280185E+00
      4631 -1.072495E+00  6.582707E-01  1.972505E+00
      4632 -8.650468E-01  1.395170E+00  3.719180E+00
      4633 -1.684808E+00  2.155275E+00  4.790553E+00
      4883  2.425420E-01  9.878328E+00 -1.721767E+01
      4904 -3.211302E-01  1.628002E+01  3.886249E+01
      4918 -3.944466E+00 -1.567744E-01  1.379241E+00
      4919 -7.538802E-01 -1.799878E-03 -2.544440E-01
      4920 -1.017457E+01  1.816723E+00  2.031586E+01
      4921 -5.111049E+00  2.245562E+00  1.554094E+01
      4922 -9.867723E-02  2.941212E+00 -1.225165E+00
      4923  5.994542E+00 -7.604684E-01  2.707802E+00
      4924 -1.479802E+00 -1.463843E+00 -4.024672E-01
      4925  1.553339E+01  2.008187E+00  2.996780E+01
      4926  2.876062E+00  2.529266E+00  1.052810E+01
      4927 -8.638512E+00  1.363215E+00 -1.298345E+01
      4963 -2.478157E-01  8.856566E+00 -1.564210E+01
      4984  3.328403E-01  1.470470E+01  3.509522E+01
      4998 -5.619135E+00 -7.221788E-01  2.747134E+00
      4999  1.138115E+00 -1.320234E+00 -1.244043E-01
      5000 -1.428347E+01  1.810301E+00  2.752991E+01
      5001 -2.759128E+00  2.303570E+00  1.006491E+01
      5002  6.998832E+00  1.304650E+00 -1.092360E+01
      5003  3.407361E+00 -1.391697E-01  1.090245E+00
      5004  5.709329E-01  1.616999E-02 -5.244961E-01
      5005  9.032007E+00  1.645382E+00  1.803049E+01
      5006  4.480636E+00  2.067237E+00  1.365353E+01
      5007  5.733708E-03  2.702923E+00 -1.335653E+00
     24350  6.292393E+00  9.229955E-01 -2.873436E+01
     24351  6.180668E+00 -3.683360E+00 -2.187417E+01
     24352 -4.159970E-02 -7.837300E-01 -3.908140E+00
     24353  1.832489E-01 -2.237560E+00 -3.481885E+00
     24354  5.577723E+00 -9.868067E-01 -1.786694E+01
     24355  5.425469E+00 -2.706814E+00 -1.458790E+01
     24356  4.733323E+00 -1.166827E+00 -1.177376E+01
     24357  4.046734E+00 -9.581867E-01 -7.791927E+00
     24358  3.931693E+00 -1.571593E+00 -6.026912E+00
     24359  4.702202E+00 -2.123568E+00 -1.024600E+01
     24360  2.944879E+00 -1.385950E+00 -3.700099E+00
     24361  3.406261E+00 -3.683849E-01 -4.825470E+00
     24362  2.581247E+00 -9.495908E-01 -3.576530E+00
     24363  1.928140E+00 -1.340132E+00 -2.137390E+00
     24364  2.080390E+00 -7.241749E-01 -2.618076E+00
     24365  2.522795E+00 -1.450213E+00 -3.287516E+00
     24366  1.637731E+00 -7.712600E-01 -2.386344E+00
     24367  1.354221E+00 -7.166738E-01 -2.381132E+00
     24368  1.595366E+00 -1.398234E+00 -2.315626E+00
     24369  1.131518E+00 -7.405912E-01 -2.565984E+00
     24370  1.309934E+00 -1.438420E+00 -2.412640E+00
     24371  9.830286E-01 -1.053192E+00 -3.019048E+00
     24372  9.891802E-01 -1.854197E+00 -2.714383E+00
     24373  1.072549E+00 -1.668984E+00 -3.089310E+00
     24374  8.960226E-01 -1.069232E+00 -3.260993E+00
     24375  9.452909E-01 -1.822179E+00 -3.226101E+00
     24376  8.503357E-01 -8.425234E-01 -3.298708E+00
     24377  5.757863E-01 -9.177653E-01 -3.551045E+00
     24378  7.245934E-01 -1.947511E+00 -3.291988E+00
     24379  8.257510E-01 -1.541859E+00 -3.118009E+00
     24380  6.784474E-01 -1.134151E+00 -3.549642E+00
     24381  6.642306E-01 -1.700693E+00 -3.379213E+00
     24382  5.032148E-01 -6.727955E-01 -3.355700E+00
     24383  3.257682E-01 -1.905347E+00 -3.485073E+00
     24384  3.426146E-01 -1.553785E+00 -3.921040E+00
     24385  2.958695E-01 -1.103730E+00 -3.600014E+00
     24386  2.429385E-01 -1.913538E+00 -3.149533E+00
     24387  4.320686E-01 -2.253962E+00 -4.158801E+00
     24388  1.505017E-01 -1.001329E+00 -3.667074E+00
     24389  1.432052E-01 -1.855597E+00 -3.617177E+00
     24390  8.949305E-02 -9.747939E-01 -3.851248E+00
     25270 -5.598995E-03 -8.758060E-01 -3.859027E+00
     25271 -2.373221E-01 -2.216366E+00 -3.416256E+00
     25272 -5.830077E+00  1.209741E+00 -2.591616E+01
     25273 -5.904692E+00 -3.435180E+00 -1.924512E+01
     25274 -1.100482E-01 -8.967091E-01 -3.800009E+00
     25275 -1.815892E-01 -1.815477E+00 -3.594958E+00
     25276 -2.083906E-01 -8.882166E-01 -3.588691E+00
     25277 -3.389747E-01 -1.874394E+00 -3.409197E+00
     25278 -2.906073E-01 -1.041635E+00 -3.592269E+00
     25279 -2.861930E-01 -1.908314E+00 -3.954576E+00
     25280 -5.159298E-01 -1.814690E+00 -3.286084E+00
     25281 -4.071751E-01 -8.863067E-01 -3.369434E+00
     25282 -5.486983E-01 -9.312267E-01 -3.324329E+00
     25283 -6.706818E-01 -1.844252E+00 -3.260868E+00
     25284 -8.605677E-01 -1.990561E+00 -2.961640E+00
     25285 -6.960355E-01 -9.871161E-01 -3.316696E+00
     25286 -7.962686E-01 -1.249757E+00 -3.581945E+00
     25287 -1.178139E+00 -1.643218E+00 -2.729752E+00
     25288 -8.763795E-01 -5.156292E-01 -3.038560E+00
     25289 -7.434674E-01 -1.753843E+00 -3.645050E+00
     25290 -1.001310E+00 -1.238953E+00 -3.373732E+00
     25291 -1.074514E+00 -8.891647E-01 -2.868960E+00
     25292 -1.212637E+00 -1.569917E+00 -2.381265E+00
     25293 -1.045321E+00 -1.885317E+00 -3.450688E+00
     25294 -1.229030E+00 -8.369562E-01 -2.662541E+00
     25295 -1.430288E+00 -6.741457E-01 -2.372761E+00
     25296 -1.366565E+00 -1.463762E+00 -2.492571E+00
     25297 -1.660480E+00 -7.589687E-01 -2.375726E+00
     25298 -1.919485E+00 -1.267841E+00 -2.076500E+00
     25299 -1.656771E+00 -1.387199E+00 -2.607664E+00
     25300 -2.077438E+00 -6.098431E-01 -2.485431E+00
     25301 -2.438549E+00 -1.262585E+00 -2.753265E+00
     25302 -2.588153E+00 -5.927263E-01 -3.184670E+00
     25303 -2.978592E+00 -1.398017E+00 -3.758942E+00
     25304 -3.207145E+00 -6.808197E-01 -4.576649E+00
     25305 -3.831640E+00 -8.438836E-01 -6.961605E+00
     25306 -4.320258E+00 -1.976109E+00 -7.946506E+00
     25307 -3.701359E+00 -1.566900E+00 -6.109167E+00
     25308 -4.549107E+00 -8.826851E-01 -1.072766E+01
     25309 -5.107686E+00 -2.515142E+00 -1.287444E+01
     25310 -5.232223E+00 -7.673190E-01 -1.621589E+01
     27971  2.057766E-02  1.317458E+00  1.828430E+00
     27972 -1.560081E+00  1.771359E+00 -1.216951E-01
     27973 -7.753192E-01  2.770697E+00  4.259857E-03
     27974  2.536769E-01 -1.141291E-01 -1.369457E-01
     27975 -2.459562E+00 -1.492138E+01  6.820773E+01
     27976 -2.136360E+00 -1.568716E+01  6.305915E+01
     27977  7.969414E-01 -1.040019E+01  5.432764E+01
     27978 -1.015048E+00 -3.391766E+00  1.505661E+00
     27979 -1.018918E+00 -4.293769E+00  6.525516E+00
     27980 -2.947663E+00 -6.305807E+00  3.895111E+00
     27981  5.557417E-01 -3.688666E+00  5.837256E-01
     27982 -5.411712E+00 -1.179491E+01  5.116346E+01
     27983 -5.124151E-01 -7.164467E+00  1.394199E+01
     27984 -1.712165E+00 -8.136208E+00  1.937714E+01
     27985 -1.340208E+00 -6.710451E+00  6.182338E+00
     27986 -1.849446E+00 -7.228564E+00  6.788343E+00
     27987  2.228529E-01 -9.016699E+00  2.973635E+01
     27988 -2.616772E+00 -1.138541E+01  3.469836E+01
     27989 -2.282034E+00 -7.933700E+00  2.130401E+01
     27990 -3.319958E+00 -9.923525E+00  2.389658E+01
     27991 -1.790368E+00 -8.083476E+00  1.286618E+01
     27992 -2.068889E+00 -9.617869E+00  4.393585E+01
     27993 -4.934449E-02 -9.756823E+00  3.047545E+01
     30963 -1.790714E-02  1.225126E+00  1.689767E+00
     30964  1.410803E+00  1.627621E+00 -1.170232E-01
     30965  6.629249E-01  2.503069E+00  5.200729E-03
     30966 -2.644153E-01 -1.085715E-01 -1.203972E-01
     30967  1.015573E+00 -4.061490E+00  6.408353E+00
     30968  1.030517E+00 -3.157924E+00  1.421424E+00
     30969 -3.914340E-01 -3.361931E+00  5.997718E-01
     30970  2.138847E+00 -1.430768E+01  5.737475E+01
     30971  2.427514E+00 -1.364497E+01  6.253838E+01
     30972  5.090654E+00 -1.086159E+01  4.649703E+01
     30973  2.757854E+00 -5.987992E+00  3.864283E+00
     30974 -5.671028E-01 -9.415278E+00  4.995476E+01
     30975  1.780690E+00 -6.658152E+00  6.097319E+00
     30976  1.723740E+00 -7.408860E+00  1.161784E+01
     30977  1.366734E+00 -6.180424E+00  5.927242E+00
     30978  5.781464E-01 -6.604436E+00  1.322943E+01
     30979  3.135332E+00 -9.123087E+00  2.164568E+01
     30980  2.036079E-01 -8.911815E+00  2.766101E+01
     30981  2.344858E+00 -7.302761E+00  1.969556E+01
     30982 -7.817386E-02 -8.250400E+00  2.761400E+01
     30983  1.671700E+00 -7.516500E+00  1.816914E+01
     30984  2.085790E+00 -8.823644E+00  4.027224E+01
     30985  2.518705E+00 -1.050359E+01  3.207258E+01
     33572 -2.626587E-01  3.372100E-01 -4.068216E-02
     33573  2.670999E-01  3.357790E-01 -8.241374E-02
     33574  4.588835E-02  1.277632E-01  1.272993E-01
     33575 -7.719424E-02  1.319656E-01  1.796894E-01
     33576  4.547513E-02  6.580684E-02  1.274704E-01
     33577 -5.253189E-02  6.645529E-02  1.429964E-01
     33578 -4.909377E-02  2.983254E-02  9.438861E-02
     33579  4.740518E-02  2.124238E-02  8.757987E-02
     33580  5.465111E+00  5.837488E-01 -1.334078E+01
     33581  4.490465E+00  1.927074E-01 -2.155613E+00
     33582  4.207274E+00 -6.291909E-01 -8.928423E+00
     33583 -8.738797E-02 -4.603688E-01  1.807758E+00
     33584  1.652728E-01 -5.095379E-01  1.869377E+00
     33585  2.015666E-02 -4.310393E-01  1.815222E+00
     33586 -2.324782E-01 -4.992072E-01  1.882850E+00
     33587 -4.251705E+00  2.244130E-01 -2.026841E+00
     33588 -5.121584E+00  6.209825E-01 -1.211571E+01
     33589 -4.058006E+00 -5.262350E-01 -7.990201E+00
     33590  3.626246E+00 -8.672913E-01  2.752460E+00
     33591 -3.574406E+00 -7.121411E-01  2.570146E+00
     33592  3.597908E+00 -1.742930E+00 -5.268422E+00
     33593  3.862219E+00 -1.608773E+00 -6.036015E+00
     33594  3.175831E+00 -4.578725E+00 -1.181306E+00
     33595  2.133266E+00 -1.438188E+00  2.645618E+00
     33596  3.410848E+00 -1.437469E+00 -3.535662E+00
     33597  3.557540E+00 -1.548246E+00 -4.075254E+00
     33598  2.764341E+00 -3.218679E+00 -5.972997E-01
     33599  2.361892E+00 -9.951008E-01  2.593344E+00
     33600  2.345335E+00 -1.162748E+00  1.429625E+00
     33601  3.169981E+00 -1.026507E+00 -2.088866E+00
     33602  3.181899E+00 -1.185117E+00 -2.667282E+00
     33603  2.589556E+00 -1.921225E+00 -4.471222E-01
     33604  2.564784E+00 -7.993457E-01  1.385026E+00
     33605  2.385942E+00 -8.151564E-01  9.270186E-01
     33606  4.792038E+00 -1.141822E+00 -3.633580E-01
     33607  3.294347E+00 -1.038039E+00 -7.812565E-01
     33608  2.640057E+00 -3.766055E-01  1.100921E+00
     33609  4.085139E+00 -8.695307E-01  3.875367E-01
     33610  4.036873E+00 -9.525998E-01  1.282294E-01
     33611  3.514242E+00 -5.694099E-01  9.623100E-01
     33612  3.487780E+00 -5.038456E-01  6.955421E-01
     33613  2.959938E+00 -3.882356E-01  1.343983E+00
     33614  2.883387E+00 -2.717597E-01  1.148905E+00
     33615  2.520706E+00 -3.191886E-01  1.571686E+00
     33616  2.386434E+00 -1.720836E-01  1.466643E+00
     33617  2.209894E+00 -3.272707E-01  1.746320E+00
     33618  2.007941E+00 -1.670447E-01  1.644400E+00
     33619  1.975925E+00 -4.697563E-01  1.888055E+00
     33620  1.703969E+00 -2.545994E-01  1.796331E+00
     33621  1.772109E+00 -4.904484E-01  1.905486E+00
     33622  1.455135E+00 -3.346439E-01  1.938846E+00
     33623  1.589021E+00 -4.253073E-01  1.967433E+00
     33624  1.314093E+00 -2.807984E-01  1.995537E+00
     33625  1.370771E+00 -5.810914E-01  2.184025E+00
     33626  1.149386E+00 -3.987153E-01  2.088507E+00
     33627  1.265307E+00 -5.547142E-01  1.991986E+00
     33628  9.107285E-01 -6.220577E-01  2.178097E+00
     33629  1.012173E+00 -3.712906E-01  2.037996E+00
     33630  7.389614E-01 -2.809422E-01  2.037241E+00
     33631  8.255494E-01 -6.815437E-01  1.988381E+00
     33632  4.941370E-01 -5.358973E-01  2.017909E+00
     33633  6.301307E-01 -5.467079E-01  1.921643E+00
     33634  3.012714E-01 -5.212379E-01  2.046602E+00
     33635  4.392925E-01 -4.791307E-01  1.822185E+00
     33636  1.358855E-01 -4.425125E-01  1.906383E+00
     33637  2.706623E-01 -4.399101E-01  1.799918E+00
     33638  1.744142E-02 -4.247820E-01  1.843977E+00
     33639 -3.346955E-01 -4.208407E-01  1.825789E+00
     33640 -7.534933E-02 -3.730319E-01  1.868474E+00
     33641 -2.206709E-01 -3.883646E-01  1.915547E+00
     33642 -5.001666E-01 -4.245446E-01  1.871542E+00
     33643 -6.742779E-01 -4.525190E-01  1.911342E+00
     33644 -3.900694E-01 -3.829026E-01  1.966387E+00
     33645 -8.755416E-01 -3.855934E-01  1.982239E+00
     33646 -6.079202E-01 -3.046739E-01  2.011915E+00
     33647 -1.105740E+00 -3.706781E-01  1.985199E+00
     33648 -8.126520E-01 -3.035156E-01  2.028220E+00
     33649 -1.016337E+00 -3.506003E-01  2.109836E+00
     33650 -1.309314E+00 -4.332518E-01  2.007207E+00
     33651 -1.216256E+00 -3.836775E-01  2.005310E+00
     33652 -1.553026E+00 -5.457643E-01  2.025192E+00
     33653 -1.689331E+00 -3.202754E-01  2.059234E+00
     33654 -1.496765E+00 -2.584770E-01  2.054779E+00
     33655 -1.947578E+00 -5.277610E-01  1.887918E+00
     33656 -1.619281E+00 -3.504978E-01  1.874301E+00
     33657 -2.115016E+00 -4.230607E-01  1.838008E+00
     33658 -1.860991E+00 -2.430200E-01  1.742875E+00
     33659 -2.113478E+00 -1.902828E-01  1.571530E+00
     33660 -2.343601E+00 -3.755295E-01  1.672796E+00
     33661 -2.610275E+00 -3.407356E-01  1.521883E+00
     33662 -2.473480E+00 -1.783501E-01  1.399603E+00
     33663 -3.013643E+00 -3.894422E-01  1.287473E+00
     33664 -2.931762E+00 -2.615934E-01  1.078447E+00
     33665 -3.526574E+00 -4.983233E-01  9.182149E-01
     33666 -3.516291E+00 -4.477134E-01  6.144274E-01
     33667 -3.852118E+00 -6.415817E-01  3.965709E-01
     33668 -4.131994E+00 -7.625471E-01  3.839221E-01
     33669 -3.146934E+00 -9.723172E-01 -7.827114E-01
     33670 -4.860930E+00 -1.124922E+00 -2.974227E-01
     33671 -3.064717E+00 -1.034376E+00 -2.426172E+00
     33672 -3.052677E+00 -8.941375E-01 -1.876909E+00
     33673 -2.558783E+00 -3.463137E-01  9.915198E-01
     33674 -3.392717E+00 -1.386730E+00 -3.704684E+00
     33675 -3.267885E+00 -1.301879E+00 -3.230801E+00
     33676 -2.473112E+00 -1.729424E+00 -4.489427E-01
     33677 -2.481385E+00 -7.019469E-01  1.237898E+00
     33678 -2.301709E+00 -7.062896E-01  8.442639E-01
     33679 -3.647875E+00 -1.329097E+00 -5.380784E+00
     33680 -3.399246E+00 -1.605979E+00 -4.804913E+00
     33681 -2.653530E+00 -2.884804E+00 -5.924242E-01
     33682 -2.345866E+00 -8.804859E-01  2.307068E+00
     33683 -2.273373E+00 -1.061695E+00  1.297558E+00
     33684 -2.591198E+00 -3.036557E+00 -1.839103E+00
     33685 -2.046881E+00 -1.177087E+00  2.548982E+00
     34332  1.587515E+00  1.095094E+00 -8.170870E-01
     34333  1.877120E-01  6.337752E-01  2.466869E-02
     34334  4.198932E-01  1.461690E+00 -6.828081E-01
     34335  1.203867E+00  1.566689E+00 -9.444647E+00
     34336  4.266523E-01  1.385899E+00 -1.644815E+01
     34337  1.436928E+00  2.751303E+00 -8.336714E+00
     34338  1.140505E+00  2.290096E+00 -1.100475E+01
     34339 -1.468516E+00  6.411777E-01 -9.813472E+00
     34340  4.930851E-01  3.164665E+00 -2.125323E+01
     34341 -2.063028E-01  7.606485E+00  5.946555E+00
     34342  1.985378E-01  6.212486E+00 -7.169152E+00
     34343 -7.764719E-01  3.773222E+00 -1.188251E+01
     34344  8.397929E-01  1.576807E+00 -1.579589E+01
     34345 -5.940920E-01  5.480890E+00  4.921880E+01
     34346 -1.145806E+00  4.570310E+00  4.038009E+01
     34347 -2.713862E+00  3.782004E+00  2.835561E+01
     34348  2.219907E+00  4.365492E+00  3.614827E+01
     34349 -2.514825E+00  7.342818E+00  2.554356E+01
     34350 -7.180363E-01  6.122974E+00  2.782755E+01
     34717 -2.215982E-01  7.217680E-02  4.227509E-01
     34718 -4.624552E-01  1.565857E-01  7.701420E-01
     34719 -4.211322E-01  1.326865E+00 -6.301391E-01
     34720 -5.311634E-01  1.218839E+00 -1.484536E+01
     34721 -1.256903E+00  1.528375E+00 -8.510137E+00
     34722 -1.135297E+00  2.114427E+00 -9.914443E+00
     34723 -1.355508E+00  2.544468E+00 -7.401126E+00
     34724 -2.161541E-01  1.174244E+00 -9.894289E+00
     34725 -3.767981E-02  1.875836E+00 -1.670361E+01
     34726 -9.932267E-02  5.684781E+00 -6.383697E+00
     34727  2.979941E-01  6.959575E+00  5.624632E+00
     34728  7.909538E-01  3.522924E+00 -1.023200E+01
     34729  3.534134E-01  3.097533E+00 -1.705606E+01
     34730  1.099848E+00  4.142945E+00  3.624165E+01
     34731  6.434934E-01  4.953686E+00  4.473255E+01
     34732 -1.941595E+00  3.974134E+00  3.298285E+01
     34733  2.530767E+00  3.386940E+00  2.536712E+01
     34734  2.457495E+00  6.673485E+00  2.323092E+01
     34735  8.428619E-01  5.592664E+00  2.503715E+01

 total force (fx,fy,fz) for set FEET and time  0.1000000E+01

        2.791243E-09 -1.245089E-08  1.200000E+03

                        S T E P       2


                                INCREMENT     1


 displacements (vx,vy,vz) for set TOP and time  0.2000000E+01

     17824 -3.406521E-02  5.988948E-01 -5.864671E-01
     17869 -1.904051E-02  7.522577E-01 -6.878347E-01
     18306 -2.499485E-03  8.127694E-01 -7.282366E-01
     21734  1.171832E-02  7.969407E-01 -7.166271E-01
     22923  2.800341E-02  5.787502E-01 -5.580462E-01

 forces (fx,fy,fz) for set FEET and time  0.2000000E+01

       151 -9.562216E-01 -7.035142E-02 -5.060215E+00
       155  1.639364E+00  1.957303E+01 -1.527552E+01
       156 -8.442578E-03  4.518645E-02 -1.863763E+00
       160  4.860533E-02  4.508091E+00  4.426274E-01
       161  8.348511E-01  7.407040E-01 -3.971976E+00
       165 -1.044867E+00  1.678895E+01 -1.049291E+01
       194  3.318533E+01  1.935995E+01  3.590231E+01
       195  1.460575E+00 -1.315793E+00  2.203290E+00
       196 -4.187090E-01  4.857872E-01  1.600077E+00
       197 -3.125159E+01  1.434684E+01  2.973455E+01
       221  3.796870E-01  4.768957E-01  1.472501E+00
       222  2.839545E+01  1.286867E+01  2.679640E+01
       225 -1.423008E+00 -1.311406E+00  2.060722E+00
       226 -3.040040E+01  1.790304E+01  3.305474E+01
       234  2.598618E+00  5.256224E-01  4.240146E+00
       236 -2.438930E+00  5.152706E-01  3.675181E+00
       242 -1.317909E+01  7.826366E+00 -1.273126E+01
       245 -1.173788E+01  8.846608E+00  1.218129E+01
       246  1.880895E+01  1.171365E+01  1.811950E+01
       253  1.150188E+01  6.004334E+00 -1.114494E+01
       254 -1.713161E+01  1.073574E+01  1.660037E+01
       255  1.050473E+01  7.849034E+00  1.080370E+01
      2448  6.848848E+00 -2.281339E+00 -3.678949E+01
      2464 -1.060091E-01 -3.606582E+00 -7.794350E+00
      2473  3.815175E-01  1.987501E+00 -9.213558E-01
      2474  2.201107E-01  1.350641E+00 -9.321885E-01
      2475  1.842948E-01  7.055321E-01 -3.818002E-01
      2476  5.115648E-01 -5.904349E-01 -1.599154E+00
      2477  3.750166E-01  8.794934E-02 -1.883972E+00
      2478  2.682657E-01 -9.507019E-02 -8.212441E-01
      2479  2.106556E-01 -1.037189E-01 -1.396960E+00
      2480  8.521226E-02 -3.979325E-02 -1.190872E+00
      2481  6.045352E-02 -5.261793E-02 -1.292695E+00
      2482  5.515298E-02  4.152659E-03 -1.056458E+00
      2483  8.962304E-02 -1.014205E-01 -2.008308E+00
      2484  8.053405E-02  6.206675E-03 -1.674215E+00
      2485  1.560589E-01  1.447864E+00 -1.346169E+00
      2486  3.186809E-02 -4.436281E-02 -2.454882E+00
      2487  2.397399E-02  1.119421E-01 -1.650153E+00
      2488 -5.786337E-02 -6.558223E-02 -1.769886E+00
      2489  1.084546E-01 -3.066706E-03 -1.463938E+00
      2490  3.391376E-02 -7.730313E-02 -2.190856E+00
      2491 -1.618161E-02 -2.885785E-02 -1.786745E+00
      2492  5.593925E-02  7.307160E-01 -2.510472E+00
      2493  1.169773E+01  2.333541E+00 -4.174596E+01
      2494  9.749821E+00 -2.188162E+00 -2.487004E+01
      2495  8.630129E+00 -2.221509E+00 -1.646190E+01
      2496  7.176151E+00 -1.883264E+00 -1.009552E+01
      2497  8.863252E+00 -1.432120E+00 -7.778378E+00
      2498  7.107935E+00 -1.957879E+00 -5.329878E+00
      2499  5.668984E+00 -1.458809E+00 -3.259304E+00
      2500  4.746804E+00 -1.295253E+00 -2.545317E+00
      2501  3.946586E+00 -1.167930E+00 -2.348901E+00
      2502  3.334066E+00 -1.214998E+00 -2.515966E+00
      2503  2.763325E+00 -1.875058E+00 -3.039931E+00
      2504  2.608666E+00 -1.904208E+00 -3.347969E+00
      2505  2.390295E+00 -1.463418E+00 -3.443616E+00
      2506  1.774100E+00 -1.499988E+00 -4.114756E+00
      2507  1.987459E+00 -1.626585E+00 -3.800653E+00
      2508  1.504488E+00 -1.131417E+00 -3.598347E+00
      2509  1.062226E+00 -2.666667E+00 -4.032239E+00
      2510  7.450296E-01 -2.006166E+00 -3.931434E+00
      2511  5.201185E-01 -1.784107E+00 -4.046796E+00
      2512  2.756092E-01 -1.493750E+00 -4.127900E+00
      2513  4.639345E-02 -1.419058E+00 -4.325709E+00
      2637  1.227598E+00  1.530293E+01 -5.766598E+00
      2638  4.601077E-01  1.013080E+01 -2.584883E+00
      2639  2.795042E-01  7.554751E+00 -4.372629E-01
      2640 -3.725105E-02  4.768734E+00 -2.954380E-01
      2641  4.637626E-02  3.625504E+00 -3.711041E-01
      2642  6.652484E-02  4.133378E+00  4.531070E-01
      2643  5.781074E-02  3.303910E+00 -1.274001E-02
      2644  8.320161E-02  3.307851E+00  3.118501E-01
      2645  3.533500E-02  3.278569E+00  3.205293E-01
      2646  6.673421E-02  4.061580E+00  5.810298E-01
      2647  6.323269E-02  5.036533E+00 -1.800692E-01
      2648 -5.633284E-03  4.554979E+00  2.479608E-01
      2649 -4.088806E-02  2.308866E+00 -2.371586E-01
      2650  3.130586E-01  7.110892E+00  1.534234E-01
      2651  7.492783E-02  3.752232E+00  2.246709E-01
      2652  2.321404E-01  4.620955E+00  3.149190E-01
      2653 -8.081420E-02  6.633373E+00  7.377890E-01
      2654 -2.730591E-03  4.836373E+00 -2.281452E-01
      2655  8.610204E-03  4.614776E+00  2.493009E-01
      2656 -5.334707E-01  4.508601E+00  7.602478E-01
      2657  8.353629E+00  2.065157E+01 -4.065664E+01
      2658  6.055680E+00  1.256311E+01 -2.309691E+01
      2659  5.390588E+00  9.263413E+00 -1.425541E+01
      2660  4.650019E+00  6.536043E+00 -9.246168E+00
      2661  3.530899E+00  2.966391E+00 -6.036755E+00
      2662  3.014071E+00  3.843545E+00 -3.092636E+00
      2663  2.255176E+00  2.719662E+00 -2.399470E+00
      2664  1.721121E+00  2.682427E+00 -2.036558E+00
      2665  1.382628E+00  2.443558E+00 -2.174656E+00
      2666  1.222597E+00  2.609845E+00 -2.433899E+00
      2667  1.219999E+00  4.125972E+00 -2.327203E+00
      2668  8.828152E-01  4.169041E+00 -2.747588E+00
      2669  9.164606E-01  3.248772E+00 -3.292872E+00
      2670  7.182314E-01  3.447206E+00 -2.949863E+00
      2671  3.939885E-01  3.641335E+00 -3.175230E+00
      2672  5.205506E-01  2.562224E+00 -3.663927E+00
      2673  5.616463E-01  6.004639E+00 -2.527297E+00
      2674  2.657170E-01  4.213019E+00 -3.197806E+00
      2675  9.205189E-02  3.926132E+00 -3.458774E+00
      2676  9.514699E-02  3.406066E+00 -3.727035E+00
      2677  1.622075E-02  3.134398E+00 -3.781012E+00
      2685 -6.345814E+00 -1.849619E+00 -3.685694E+01
      2694 -1.234097E-01  7.466736E-01 -2.385443E+00
      2695 -4.916378E-02 -1.090261E-03 -1.680552E+00
      2696 -3.263344E-02  3.247514E-03 -1.327288E+00
      2697  1.818242E-02 -4.663130E-02 -1.750242E+00
      2698 -1.120208E-02 -1.951382E-02 -1.684253E+00
      2699 -5.435967E-02 -2.807816E-02 -1.686899E+00
      2700 -1.423066E-01 -1.110502E-01 -2.179313E+00
      2701 -3.910584E-02  6.623895E-03 -1.259968E+00
      2702 -1.217738E-01 -3.291643E-02 -2.042410E+00
      2703 -6.886930E-02 -2.100400E-02 -1.190323E+00
      2704 -1.182672E-01 -9.428234E-02 -1.742302E+00
      2705 -1.607159E-01 -8.016287E-02 -1.206541E+00
      2706 -1.270889E-01 -1.533384E-02 -8.694494E-01
      2707 -1.954316E-01 -1.055483E-01 -1.340849E+00
      2708 -3.239241E-01 -9.181978E-02 -1.154095E+00
      2709 -4.385166E-01 -7.283149E-01 -1.982080E+00
      2710 -2.533572E-01 -6.517009E-01 -6.903510E-01
      2711 -3.891616E-01  6.733573E-01 -1.762933E+00
      2712 -4.371468E-01  1.345912E+00 -2.137183E+00
      2713 -1.647218E+00  3.015846E-01 -3.358776E+00
      2714 -7.614162E-02 -1.443781E+00 -4.625824E+00
      2715 -3.139353E-01 -1.666464E+00 -4.309832E+00
      2716 -5.011500E-01 -1.549182E+00 -3.977594E+00
      2717 -9.060194E-01 -1.809116E+00 -3.813194E+00
      2718 -1.246256E+00 -1.513125E+00 -3.525016E+00
      2719 -1.638552E+00 -1.558571E+00 -3.405762E+00
      2720 -2.014800E+00 -1.731658E+00 -3.397609E+00
      2721 -2.176117E+00 -2.305569E+00 -3.642870E+00
      2722 -2.700561E+00 -8.070395E-01 -3.166803E+00
      2723 -2.770511E+00 -2.099922E+00 -3.446288E+00
      2724 -3.151140E+00 -1.496423E+00 -2.913003E+00
      2725 -3.427156E+00 -1.430181E+00 -2.705999E+00
      2726 -3.961485E+00 -1.149353E+00 -2.458165E+00
      2727 -4.809315E+00 -1.275838E+00 -2.566215E+00
      2728 -5.667835E+00 -1.228891E+00 -3.114037E+00
      2729 -7.015669E+00 -1.523278E+00 -4.679222E+00
      2730 -8.525655E+00 -1.898705E+00 -7.260701E+00
      2731 -7.145048E+00 -1.551875E+00 -9.692485E+00
      2732 -7.953306E+00 -2.034256E+00 -1.411356E+01
      2733 -8.860581E+00 -2.010055E+00 -2.108844E+01
      2734 -1.073103E+01  1.066624E+00 -3.520219E+01
      2858  6.240810E-01  4.410871E+00  4.918254E-01
      2859  8.788070E-02  4.423170E+00  2.080481E-01
      2860  3.066640E-02  4.607536E+00  6.783738E-01
      2861 -8.219632E-02  4.568749E+00  2.614255E-01
      2862 -6.066032E-02  4.309933E+00  2.963424E-01
      2863 -5.762170E-02  4.396728E+00  2.802957E-01
      2864  3.980357E-02  5.680912E+00 -1.892664E-01
      2865 -1.437277E-02  4.066344E+00  7.439164E-01
      2866 -6.433760E-03  3.985866E+00 -5.424733E-02
      2867 -1.641449E-01  5.196653E+00  5.750628E-01
      2868 -3.076782E-02  3.895082E+00 -1.227747E-01
      2869  3.366747E-02  3.495964E+00  2.495168E-01
      2870  2.196452E-03  3.257217E+00  5.675980E-01
      2871 -6.005524E-02  3.122931E+00 -2.097735E-02
      2872  6.441387E-02  3.199490E+00  2.100083E-01
      2873 -2.415405E-02  3.878956E+00 -4.803665E-02
      2874 -1.406079E-01  4.847093E+00 -8.565102E-02
      2875 -2.338129E-01  6.581369E+00 -1.597402E+00
      2876 -1.553527E-01  9.144029E+00 -1.720039E+00
      2877 -7.469951E-01  1.356284E+01 -4.156868E+00
      2878 -1.202196E-01  3.351325E+00 -3.631921E+00
      2879 -2.558190E-01  3.368610E+00 -3.599638E+00
      2880 -2.094105E-01  3.456152E+00 -3.573755E+00
      2881 -2.806217E-01  3.982557E+00 -3.258910E+00
      2882 -4.280959E-01  3.335695E+00 -3.296097E+00
      2883 -5.368387E-01  3.401586E+00 -3.132354E+00
      2884 -6.393421E-01  3.729444E+00 -3.044652E+00
      2885 -1.195823E+00  4.885024E+00 -2.493949E+00
      2886 -9.056904E-01  2.357790E+00 -3.301572E+00
      2887 -9.799471E-01  4.649880E+00 -2.286730E+00
      2888 -1.186677E+00  3.313323E+00 -2.633022E+00
      2889 -1.397397E+00  3.080136E+00 -2.260661E+00
      2890 -1.551433E+00  2.413370E+00 -2.204126E+00
      2891 -1.766613E+00  2.674284E+00 -2.027458E+00
      2892 -2.261524E+00  2.320935E+00 -2.423611E+00
      2893 -2.870238E+00  2.945877E+00 -3.372205E+00
      2894 -3.667001E+00  4.011309E+00 -5.253565E+00
      2895 -4.278598E+00  5.588993E+00 -8.082924E+00
      2896 -5.228518E+00  8.071806E+00 -1.375683E+01
      2897 -5.822427E+00  1.124037E+01 -2.209432E+01
      2898 -7.859006E+00  1.901886E+01 -3.937725E+01
      3388  9.130444E+00 -2.336433E+00  6.717631E+00
      3389  1.552654E+01 -1.596823E+00  7.473196E+00
      3390  2.810077E+01  7.962605E-01  1.244810E+01
      3391  4.759416E+00 -4.174471E+00  7.420508E+00
      3392  1.398965E+01 -8.789573E+00  2.667970E+01
      3393  3.013599E+01 -1.023543E+01  5.311446E+01
      3394  5.647866E+01 -1.109885E+01  8.675751E+01
      3495 -1.404258E+00 -4.868457E+00  7.161913E+00
      3496 -4.740364E+00  3.587676E+01  1.444934E+02
      3497 -1.353722E+00 -2.531362E+00 -3.157734E+00
      3498 -3.844202E+00 -3.964124E-01 -2.073794E+00
      3499 -1.626785E+01  4.963443E-01  2.326110E+00
      3500  1.533491E+00 -1.568359E+00 -3.732019E+00
      3501 -3.495656E+00 -8.009418E+00  7.543220E+00
      3502 -1.684904E+01 -1.047620E+01  3.160269E+01
      3503 -4.342462E+01 -1.260803E+01  7.175413E+01
      4007  1.038882E+00 -2.328195E+00 -3.267025E+00
      4008  3.146972E+00 -3.494545E-01 -2.354872E+00
      4009  1.445498E+01  4.200057E-01  1.662416E+00
      4010 -1.502961E+00 -1.392753E+00 -3.544500E+00
      4011  2.926079E+00 -7.344036E+00  6.370402E+00
      4012  1.499959E+01 -9.594885E+00  2.816497E+01
      4013  3.923036E+01 -1.157280E+01  6.489485E+01
      4119  1.404444E+00 -4.619690E+00  6.828145E+00
      4120  4.720548E+00  3.271651E+01  1.318471E+02
      4121 -8.757525E+00 -2.107332E+00  6.541523E+00
      4122 -1.473517E+01 -1.479945E+00  7.194064E+00
      4123 -2.620053E+01  7.757287E-01  1.179681E+01
      4124 -4.738127E+00 -4.005671E+00  7.474779E+00
      4125 -1.328771E+01 -8.122952E+00  2.535575E+01
      4126 -2.809825E+01 -9.381321E+00  4.953534E+01
      4127 -5.206465E+01 -1.011036E+01  7.995548E+01
      4548  6.062869E+00  4.674699E+00 -2.266029E+01
      4551 -5.634554E+00  4.371435E+00 -2.047291E+01
      4553 -5.212406E-01  6.737721E+00  6.786207E+00
      4554  5.065966E-01  3.868380E+00  2.785288E+00
      4555  1.044825E+00  2.187531E+00  1.653403E+00
      4556  1.239630E-01  1.425675E+00  2.335958E+00
      4557  9.223796E-01  9.143111E-01  1.918041E+00
      4558 -3.394155E-02  7.238837E-01  1.613931E+00
      4559  4.620077E-03  8.041166E-01  1.719089E+00
      4560  8.530153E-03  9.150139E-01  1.915856E+00
      4561  2.061365E-02  1.017598E+00  2.111950E+00
      4562  1.329182E-02  1.156270E+00  2.400066E+00
      4563 -1.113727E-02  1.251464E+00  2.596538E+00
      4564 -2.321548E-02  1.326454E+00  2.711074E+00
      4565 -2.209587E-03  1.424793E+00  2.753279E+00
      4566  1.447329E-02  1.383003E+00  2.843703E+00
      4567 -2.357881E-02  1.357467E+00  2.787998E+00
      4568 -1.391957E-02  1.392238E+00  2.911608E+00
      4569 -1.155319E-02  1.363003E+00  2.823493E+00
      4570 -4.343728E-03  1.338448E+00  2.825279E+00
      4571  1.354541E-02  1.358580E+00  2.862222E+00
      4572 -3.863688E-03  1.410272E+00  2.916026E+00
      4573  6.381664E-03  1.407850E+00  2.926184E+00
      4574 -3.110318E-03  1.345219E+00  2.859534E+00
      4575 -6.600097E-03  1.345101E+00  2.847242E+00
      4576  7.440423E-03  1.335539E+00  2.829623E+00
      4577  6.376180E-03  1.323639E+00  2.779654E+00
      4578  1.243647E-02  1.288822E+00  2.714262E+00
      4579  2.442839E-02  1.333642E+00  2.771775E+00
      4580  2.954746E-02  1.306553E+00  2.759489E+00
      4581 -2.160436E-02  1.344053E+00  2.706195E+00
      4582  2.199133E-02  1.218506E+00  2.551939E+00
      4583 -1.206182E-02  1.143607E+00  2.352728E+00
      4584 -1.153608E-04  9.948302E-01  2.089744E+00
      4585 -1.014997E-02  9.036832E-01  1.897243E+00
      4586 -3.069504E-03  7.838701E-01  1.685066E+00
      4587  3.280225E-02  6.820045E-01  1.529076E+00
      4588 -1.198071E-01  1.011952E+00  1.618089E+00
      4589 -5.802244E-02  1.220673E+00  2.105417E+00
      4590 -1.048233E+00  1.929799E+00  1.546212E+00
      4591 -5.406305E-01  3.493469E+00  2.586033E+00
      4592  9.721847E-01  5.672678E+00  7.295855E+00
      4593  3.392608E+00  4.696330E+00  1.052239E+01
      4594  1.645110E+00  3.080375E+00  8.331507E+00
      4595  2.196253E+00  1.432949E+00  4.350725E+00
      4596  2.398683E+00  9.128489E-01  2.825008E+00
      4597  4.261260E+00  6.948262E-01  3.235955E+00
      4598  3.863504E+00  8.988747E-01  3.523755E+00
      4599  3.286692E+00  1.258579E+00  4.085431E+00
      4600  2.772413E+00  1.550711E+00  4.712233E+00
      4601  2.344390E+00  1.773802E+00  5.244998E+00
      4602  2.050188E+00  1.984237E+00  5.836500E+00
      4603  1.782188E+00  2.120265E+00  6.405798E+00
      4604  1.577696E+00  2.219029E+00  6.682046E+00
      4605  1.375351E+00  2.168630E+00  6.833663E+00
      4606  1.124067E+00  2.082860E+00  7.093726E+00
      4607  9.547912E-01  2.370045E+00  7.093987E+00
      4608  7.604755E-01  2.326028E+00  7.078575E+00
      4609  5.516237E-01  2.239064E+00  7.123180E+00
      4610  3.651028E-01  2.263882E+00  6.931871E+00
      4611  2.300692E-01  2.238524E+00  6.847277E+00
      4612  1.061346E-01  2.277445E+00  6.890683E+00
      4613 -2.633168E-02  2.198047E+00  6.993886E+00
      4614 -1.760141E-01  2.294771E+00  6.904128E+00
      4615 -2.732887E-01  2.291336E+00  6.912281E+00
      4616 -4.451519E-01  2.284378E+00  6.934278E+00
      4617 -6.374805E-01  2.318515E+00  6.956003E+00
      4618 -8.703662E-01  2.322877E+00  6.900680E+00
      4619 -1.035273E+00  2.317453E+00  6.920651E+00
      4620 -1.299360E+00  2.301249E+00  7.016871E+00
      4621 -1.432385E+00  2.331859E+00  6.939338E+00
      4622 -1.787402E+00  2.142786E+00  6.623368E+00
      4623 -1.932790E+00  2.086323E+00  6.273996E+00
      4624 -2.198730E+00  1.917665E+00  5.699325E+00
      4625 -2.441873E+00  1.748258E+00  5.155208E+00
      4626 -2.852746E+00  1.502644E+00  4.584540E+00
      4627 -3.329895E+00  1.219015E+00  3.912143E+00
      4628 -3.881133E+00  8.759290E-01  3.316527E+00
      4629 -4.541320E+00  7.247838E-01  3.195480E+00
      4630 -2.332277E+00  8.313212E-01  2.560371E+00
      4631 -2.144990E+00  1.316541E+00  3.945010E+00
      4632 -1.730094E+00  2.790340E+00  7.438360E+00
      4633 -3.369617E+00  4.310550E+00  9.581107E+00
      4883  4.850841E-01  1.975666E+01 -3.443535E+01
      4904 -6.422605E-01  3.256004E+01  7.772498E+01
      4918 -7.888932E+00 -3.135488E-01  2.758482E+00
      4919 -1.507760E+00 -3.599757E-03 -5.088879E-01
      4920 -2.034914E+01  3.633446E+00  4.063172E+01
      4921 -1.022210E+01  4.491123E+00  3.108187E+01
      4922 -1.973545E-01  5.882423E+00 -2.450330E+00
      4923  1.198908E+01 -1.520937E+00  5.415603E+00
      4924 -2.959604E+00 -2.927686E+00 -8.049344E-01
      4925  3.106678E+01  4.016374E+00  5.993561E+01
      4926  5.752124E+00  5.058533E+00  2.105620E+01
      4927 -1.727702E+01  2.726429E+00 -2.596689E+01
      4963 -4.956313E-01  1.771313E+01 -3.128420E+01
      4984  6.656806E-01  2.940939E+01  7.019045E+01
      4998 -1.123827E+01 -1.444358E+00  5.494267E+00
      4999  2.276229E+00 -2.640467E+00 -2.488085E-01
      5000 -2.856694E+01  3.620601E+00  5.505982E+01
      5001 -5.518257E+00  4.607140E+00  2.012982E+01
      5002  1.399766E+01  2.609299E+00 -2.184721E+01
      5003  6.814722E+00 -2.783394E-01  2.180490E+00
      5004  1.141866E+00  3.233998E-02 -1.048992E+00
      5005  1.806401E+01  3.290764E+00  3.606098E+01
      5006  8.961271E+00  4.134473E+00  2.730705E+01
      5007  1.146742E-02  5.405845E+00 -2.671306E+00
     24350  1.258479E+01  1.845991E+00 -5.746871E+01
     24351  1.236134E+01 -7.366719E+00 -4.374833E+01
     24352 -8.319939E-02 -1.567460E+00 -7.816281E+00
     24353  3.664979E-01 -4.475120E+00 -6.963770E+00
     24354  1.115545E+01 -1.973613E+00 -3.573388E+01
     24355  1.085094E+01 -5.413628E+00 -2.917580E+01
     24356  9.466646E+00 -2.333653E+00 -2.354753E+01
     24357  8.093468E+00 -1.916373E+00 -1.558385E+01
     24358  7.863386E+00 -3.143185E+00 -1.205382E+01
     24359  9.404403E+00 -4.247137E+00 -2.049200E+01
     24360  5.889757E+00 -2.771900E+00 -7.400198E+00
     24361  6.812523E+00 -7.367697E-01 -9.650939E+00
     24362  5.162494E+00 -1.899182E+00 -7.153060E+00
     24363  3.856279E+00 -2.680264E+00 -4.274780E+00
     24364  4.160780E+00 -1.448350E+00 -5.236152E+00
     24365  5.045589E+00 -2.900426E+00 -6.575032E+00
     24366  3.275462E+00 -1.542520E+00 -4.772687E+00
     24367  2.708442E+00 -1.433348E+00 -4.762263E+00
     24368  3.190732E+00 -2.796469E+00 -4.631251E+00
     24369  2.263037E+00 -1.481182E+00 -5.131968E+00
     24370  2.619868E+00 -2.876841E+00 -4.825279E+00
     24371  1.966057E+00 -2.106384E+00 -6.038096E+00
     24372  1.978360E+00 -3.708394E+00 -5.428766E+00
     24373  2.145097E+00 -3.337968E+00 -6.178620E+00
     24374  1.792045E+00 -2.138464E+00 -6.521986E+00
     24375  1.890582E+00 -3.644358E+00 -6.452202E+00
     24376  1.700671E+00 -1.685047E+00 -6.597415E+00
     24377  1.151573E+00 -1.835531E+00 -7.102090E+00
     24378  1.449187E+00 -3.895022E+00 -6.583976E+00
     24379  1.651502E+00 -3.083718E+00 -6.236018E+00
     24380  1.356895E+00 -2.268302E+00 -7.099284E+00
     24381  1.328461E+00 -3.401385E+00 -6.758426E+00
     24382  1.006430E+00 -1.345591E+00 -6.711399E+00
     24383  6.515363E-01 -3.810694E+00 -6.970145E+00
     24384  6.852293E-01 -3.107570E+00 -7.842080E+00
     24385  5.917390E-01 -2.207459E+00 -7.200028E+00
     24386  4.858770E-01 -3.827076E+00 -6.299065E+00
     24387  8.641371E-01 -4.507924E+00 -8.317601E+00
     24388  3.010034E-01 -2.002658E+00 -7.334148E+00
     24389  2.864103E-01 -3.711193E+00 -7.234355E+00
     24390  1.789861E-01 -1.949588E+00 -7.702497E+00
     25270 -1.119799E-02 -1.751612E+00 -7.718054E+00
     25271 -4.746442E-01 -4.432733E+00 -6.832512E+00
     25272 -1.166015E+01  2.419482E+00 -5.183231E+01
     25273 -1.180938E+01 -6.870360E+00 -3.849025E+01
     25274 -2.200964E-01 -1.793418E+00 -7.600019E+00
     25275 -3.631784E-01 -3.630954E+00 -7.189916E+00
     25276 -4.167813E-01 -1.776433E+00 -7.177383E+00
     25277 -6.779494E-01 -3.748789E+00 -6.818395E+00
     25278 -5.812145E-01 -2.083270E+00 -7.184538E+00
     25279 -5.723859E-01 -3.816628E+00 -7.909151E+00
     25280 -1.031860E+00 -3.629381E+00 -6.572169E+00
     25281 -8.143502E-01 -1.772613E+00 -6.738868E+00
     25282 -1.097397E+00 -1.862453E+00 -6.648659E+00
     25283 -1.341364E+00 -3.688504E+00 -6.521736E+00
     25284 -1.721135E+00 -3.981121E+00 -5.923280E+00
     25285 -1.392071E+00 -1.974232E+00 -6.633392E+00
     25286 -1.592537E+00 -2.499514E+00 -7.163891E+00
     25287 -2.356278E+00 -3.286435E+00 -5.459505E+00
     25288 -1.752759E+00 -1.031258E+00 -6.077121E+00
     25289 -1.486935E+00 -3.507687E+00 -7.290100E+00
     25290 -2.002619E+00 -2.477906E+00 -6.747464E+00
     25291 -2.149027E+00 -1.778329E+00 -5.737920E+00
     25292 -2.425274E+00 -3.139833E+00 -4.762530E+00
     25293 -2.090642E+00 -3.770634E+00 -6.901377E+00
     25294 -2.458060E+00 -1.673912E+00 -5.325081E+00
     25295 -2.860575E+00 -1.348291E+00 -4.745522E+00
     25296 -2.733129E+00 -2.927524E+00 -4.985143E+00
     25297 -3.320959E+00 -1.517937E+00 -4.751452E+00
     25298 -3.838969E+00 -2.535682E+00 -4.152999E+00
     25299 -3.313541E+00 -2.774397E+00 -5.215327E+00
     25300 -4.154877E+00 -1.219686E+00 -4.970862E+00
     25301 -4.877098E+00 -2.525170E+00 -5.506530E+00
     25302 -5.176306E+00 -1.185453E+00 -6.369339E+00
     25303 -5.957184E+00 -2.796034E+00 -7.517884E+00
     25304 -6.414289E+00 -1.361639E+00 -9.153298E+00
     25305 -7.663279E+00 -1.687767E+00 -1.392321E+01
     25306 -8.640517E+00 -3.952217E+00 -1.589301E+01
     25307 -7.402717E+00 -3.133799E+00 -1.221833E+01
     25308 -9.098213E+00 -1.765370E+00 -2.145531E+01
     25309 -1.021537E+01 -5.030284E+00 -2.574887E+01
     25310 -1.046445E+01 -1.534638E+00 -3.243177E+01
     27971  4.115532E-02  2.634916E+00  3.656861E+00
     27972 -3.120161E+00  3.542718E+00 -2.433901E-01
     27973 -1.550638E+00  5.541395E+00  8.519714E-03
     27974  5.073537E-01 -2.282582E-01 -2.738914E-01
     27975 -4.919125E+00 -2.984276E+01  1.364155E+02
     27976 -4.272720E+00 -3.137432E+01  1.261183E+02
     27977  1.593883E+00 -2.080038E+01  1.086553E+02
     27978 -2.030096E+00 -6.783532E+00  3.011322E+00
     27979 -2.037835E+00 -8.587538E+00  1.305103E+01
     27980 -5.895325E+00 -1.261161E+01  7.790222E+00
     27981  1.111483E+00 -7.377331E+00  1.167451E+00
     27982 -1.082342E+01 -2.358983E+01  1.023269E+02
     27983 -1.024830E+00 -1.432893E+01  2.788398E+01
     27984 -3.424330E+00 -1.627242E+01  3.875428E+01
     27985 -2.680416E+00 -1.342090E+01  1.236468E+01
     27986 -3.698893E+00 -1.445713E+01  1.357669E+01
     27987  4.457058E-01 -1.803340E+01  5.947271E+01
     27988 -5.233545E+00 -2.277082E+01  6.939672E+01
     27989 -4.564068E+00 -1.586740E+01  4.260802E+01
     27990 -6.639916E+00 -1.984705E+01  4.779316E+01
     27991 -3.580736E+00 -1.616695E+01  2.573235E+01
     27992 -4.137777E+00 -1.923574E+01  8.787169E+01
     27993 -9.868898E-02 -1.951365E+01  6.095091E+01
     30963 -3.581429E-02  2.450252E+00  3.379535E+00
     30964  2.821607E+00  3.255241E+00 -2.340464E-01
     30965  1.325850E+00  5.006139E+00  1.040146E-02
     30966 -5.288307E-01 -2.171430E-01 -2.407944E-01
     30967  2.031146E+00 -8.122979E+00  1.281671E+01
     30968  2.061034E+00 -6.315849E+00  2.842849E+00
     30969 -7.828680E-01 -6.723861E+00  1.199544E+00
     30970  4.277695E+00 -2.861536E+01  1.147495E+02
     30971  4.855028E+00 -2.728994E+01  1.250768E+02
     30972  1.018131E+01 -2.172318E+01  9.299405E+01
     30973  5.515708E+00 -1.197598E+01  7.728566E+00
     30974 -1.134206E+00 -1.883056E+01  9.990952E+01
     30975  3.561381E+00 -1.331630E+01  1.219464E+01
     30976  3.447481E+00 -1.481772E+01  2.323569E+01
     30977  2.733469E+00 -1.236085E+01  1.185448E+01
     30978  1.156293E+00 -1.320887E+01  2.645886E+01
     30979  6.270663E+00 -1.824617E+01  4.329135E+01
     30980  4.072159E-01 -1.782363E+01  5.532203E+01
     30981  4.689716E+00 -1.460552E+01  3.939112E+01
     30982 -1.563477E-01 -1.650080E+01  5.522801E+01
     30983  3.343401E+00 -1.503300E+01  3.633827E+01
     30984  4.171580E+00 -1.764729E+01  8.054448E+01
     30985  5.037410E+00 -2.100718E+01  6.414516E+01
     33572 -5.253174E-01  6.744201E-01 -8.136432E-02
     33573  5.341999E-01  6.715579E-01 -1.648275E-01
     33574  9.177669E-02  2.555264E-01  2.545987E-01
     33575 -1.543885E-01  2.639311E-01  3.593788E-01
     33576  9.095027E-02  1.316137E-01  2.549408E-01
     33577 -1.050638E-01  1.329106E-01  2.859928E-01
     33578 -9.818755E-02  5.966508E-02  1.887772E-01
     33579  9.481037E-02  4.248477E-02  1.751597E-01
     33580  1.093022E+01  1.167498E+00 -2.668156E+01
     33581  8.980931E+00  3.854147E-01 -4.311226E+00
     33582  8.414548E+00 -1.258382E+00 -1.785685E+01
     33583 -1.747759E-01 -9.207377E-01  3.615516E+00
     33584  3.305455E-01 -1.019076E+00  3.738753E+00
     33585  4.031332E-02 -8.620785E-01  3.630443E+00
     33586 -4.649564E-01 -9.984144E-01  3.765700E+00
     33587 -8.503410E+00  4.488260E-01 -4.053683E+00
     33588 -1.024317E+01  1.241965E+00 -2.423141E+01
     33589 -8.116011E+00 -1.052470E+00 -1.598040E+01
     33590  7.252492E+00 -1.734583E+00  5.504921E+00
     33591 -7.148811E+00 -1.424282E+00  5.140292E+00
     33592  7.195817E+00 -3.485860E+00 -1.053684E+01
     33593  7.724438E+00 -3.217546E+00 -1.207203E+01
     33594  6.351662E+00 -9.157450E+00 -2.362612E+00
     33595  4.266532E+00 -2.876376E+00  5.291236E+00
     33596  6.821696E+00 -2.874938E+00 -7.071323E+00
     33597  7.115080E+00 -3.096491E+00 -8.150508E+00
     33598  5.528682E+00 -6.437358E+00 -1.194599E+00
     33599  4.723784E+00 -1.990202E+00  5.186687E+00
     33600  4.690671E+00 -2.325497E+00  2.859250E+00
     33601  6.339962E+00 -2.053014E+00 -4.177731E+00
     33602  6.363797E+00 -2.370233E+00 -5.334565E+00
     33603  5.179112E+00 -3.842450E+00 -8.942443E-01
     33604  5.129568E+00 -1.598691E+00  2.770052E+00
     33605  4.771884E+00 -1.630313E+00  1.854037E+00
     33606  9.584076E+00 -2.283644E+00 -7.267160E-01
     33607  6.588694E+00 -2.076077E+00 -1.562513E+00
     33608  5.280114E+00 -7.532109E-01  2.201841E+00
     33609  8.170278E+00 -1.739061E+00  7.750735E-01
     33610  8.073745E+00 -1.905200E+00  2.564588E-01
     33611  7.028485E+00 -1.138820E+00  1.924620E+00
     33612  6.975559E+00 -1.007691E+00  1.391084E+00
     33613  5.919876E+00 -7.764712E-01  2.687967E+00
     33614  5.766773E+00 -5.435194E-01  2.297811E+00
     33615  5.041411E+00 -6.383772E-01  3.143372E+00
     33616  4.772868E+00 -3.441673E-01  2.933285E+00
     33617  4.419787E+00 -6.545413E-01  3.492639E+00
     33618  4.015882E+00 -3.340895E-01  3.288800E+00
     33619  3.951851E+00 -9.395127E-01  3.776109E+00
     33620  3.407938E+00 -5.091988E-01  3.592662E+00
     33621  3.544217E+00 -9.808968E-01  3.810972E+00
     33622  2.910270E+00 -6.692878E-01  3.877693E+00
     33623  3.178042E+00 -8.506145E-01  3.934865E+00
     33624  2.628187E+00 -5.615968E-01  3.991075E+00
     33625  2.741542E+00 -1.162183E+00  4.368051E+00
     33626  2.298772E+00 -7.974305E-01  4.177014E+00
     33627  2.530613E+00 -1.109428E+00  3.983972E+00
     33628  1.821457E+00 -1.244115E+00  4.356195E+00
     33629  2.024345E+00 -7.425811E-01  4.075992E+00
     33630  1.477923E+00 -5.618843E-01  4.074483E+00
     33631  1.651099E+00 -1.363087E+00  3.976762E+00
     33632  9.882740E-01 -1.071795E+00  4.035817E+00
     33633  1.260261E+00 -1.093416E+00  3.843285E+00
     33634  6.025429E-01 -1.042476E+00  4.093204E+00
     33635  8.785850E-01 -9.582613E-01  3.644369E+00
     33636  2.717710E-01 -8.850251E-01  3.812765E+00
     33637  5.413246E-01 -8.798201E-01  3.599836E+00
     33638  3.488284E-02 -8.495640E-01  3.687955E+00
     33639 -6.693910E-01 -8.416814E-01  3.651577E+00
     33640 -1.506987E-01 -7.460638E-01  3.736948E+00
     33641 -4.413417E-01 -7.767292E-01  3.831093E+00
     33642 -1.000333E+00 -8.490892E-01  3.743085E+00
     33643 -1.348556E+00 -9.050379E-01  3.822685E+00
     33644 -7.801388E-01 -7.658052E-01  3.932774E+00
     33645 -1.751083E+00 -7.711868E-01  3.964478E+00
     33646 -1.215840E+00 -6.093479E-01  4.023831E+00
     33647 -2.211481E+00 -7.413562E-01  3.970398E+00
     33648 -1.625304E+00 -6.070312E-01  4.056440E+00
     33649 -2.032673E+00 -7.012005E-01  4.219673E+00
     33650 -2.618628E+00 -8.665036E-01  4.014414E+00
     33651 -2.432512E+00 -7.673549E-01  4.010619E+00
     33652 -3.106051E+00 -1.091529E+00  4.050384E+00
     33653 -3.378663E+00 -6.405508E-01  4.118468E+00
     33654 -2.993530E+00 -5.169540E-01  4.109559E+00
     33655 -3.895156E+00 -1.055522E+00  3.775835E+00
     33656 -3.238563E+00 -7.009956E-01  3.748602E+00
     33657 -4.230032E+00 -8.461214E-01  3.676016E+00
     33658 -3.721983E+00 -4.860400E-01  3.485749E+00
     33659 -4.226956E+00 -3.805656E-01  3.143060E+00
     33660 -4.687202E+00 -7.510591E-01  3.345592E+00
     33661 -5.220549E+00 -6.814711E-01  3.043765E+00
     33662 -4.946960E+00 -3.567003E-01  2.799206E+00
     33663 -6.027286E+00 -7.788844E-01  2.574945E+00
     33664 -5.863525E+00 -5.231868E-01  2.156894E+00
     33665 -7.053149E+00 -9.966467E-01  1.836430E+00
     33666 -7.032582E+00 -8.954267E-01  1.228855E+00
     33667 -7.704237E+00 -1.283163E+00  7.931419E-01
     33668 -8.263988E+00 -1.525094E+00  7.678442E-01
     33669 -6.293868E+00 -1.944634E+00 -1.565423E+00
     33670 -9.721859E+00 -2.249845E+00 -5.948454E-01
     33671 -6.129433E+00 -2.068753E+00 -4.852344E+00
     33672 -6.105354E+00 -1.788275E+00 -3.753819E+00
     33673 -5.117566E+00 -6.926274E-01  1.983040E+00
     33674 -6.785434E+00 -2.773461E+00 -7.409369E+00
     33675 -6.535771E+00 -2.603758E+00 -6.461602E+00
     33676 -4.946223E+00 -3.458847E+00 -8.978854E-01
     33677 -4.962770E+00 -1.403894E+00  2.475796E+00
     33678 -4.603419E+00 -1.412579E+00  1.688528E+00
     33679 -7.295751E+00 -2.658194E+00 -1.076157E+01
     33680 -6.798493E+00 -3.211958E+00 -9.609825E+00
     33681 -5.307060E+00 -5.769609E+00 -1.184848E+00
     33682 -4.691732E+00 -1.760972E+00  4.614136E+00
     33683 -4.546745E+00 -2.123390E+00  2.595117E+00
     33684 -5.182397E+00 -6.073114E+00 -3.678206E+00
     33685 -4.093763E+00 -2.354174E+00  5.097964E+00
     34332  3.175030E+00  2.190189E+00 -1.634174E+00
     34333  3.754241E-01  1.267550E+00  4.933739E-02
     34334  8.397863E-01  2.923379E+00 -1.365616E+00
     34335  2.407735E+00  3.133378E+00 -1.888929E+01
     34336  8.533047E-01  2.771799E+00 -3.289631E+01
     34337  2.873857E+00  5.502605E+00 -1.667343E+01
     34338  2.281010E+00  4.580192E+00 -2.200951E+01
     34339 -2.937032E+00  1.282355E+00 -1.962694E+01
     34340  9.861702E-01  6.329329E+00 -4.250647E+01
     34341 -4.126056E-01  1.521297E+01  1.189311E+01
     34342  3.970757E-01  1.242497E+01 -1.433830E+01
     34343 -1.552944E+00  7.546444E+00 -2.376503E+01
     34344  1.679586E+00  3.153613E+00 -3.159178E+01
     34345 -1.188184E+00  1.096178E+01  9.843760E+01
     34346 -2.291611E+00  9.140619E+00  8.076019E+01
     34347 -5.427723E+00  7.564009E+00  5.671122E+01
     34348  4.439814E+00  8.730985E+00  7.229655E+01
     34349 -5.029651E+00  1.468564E+01  5.108712E+01
     34350 -1.436073E+00  1.224595E+01  5.565509E+01
     34717 -4.431963E-01  1.443536E-01  8.455019E-01
     34718 -9.249104E-01  3.131713E-01  1.540284E+00
     34719 -8.422644E-01  2.653730E+00 -1.260278E+00
     34720 -1.062327E+00  2.437678E+00 -2.969073E+01
     34721 -2.513805E+00  3.056749E+00 -1.702027E+01
     34722 -2.270595E+00  4.228855E+00 -1.982889E+01
     34723 -2.711017E+00  5.088936E+00 -1.480225E+01
     34724 -4.323082E-01  2.348488E+00 -1.978858E+01
     34725 -7.535962E-02  3.751672E+00 -3.340722E+01
     34726 -1.986453E-01  1.136956E+01 -1.276739E+01
     34727  5.959882E-01  1.391915E+01  1.124926E+01
     34728  1.581908E+00  7.045849E+00 -2.046401E+01
     34729  7.068268E-01  6.195066E+00 -3.411213E+01
     34730  2.199696E+00  8.285891E+00  7.248331E+01
     34731  1.286987E+00  9.907373E+00  8.946509E+01
     34732 -3.883190E+00  7.948268E+00  6.596569E+01
     34733  5.061534E+00  6.773880E+00  5.073424E+01
     34734  4.914989E+00  1.334697E+01  4.646184E+01
     34735  1.685724E+00  1.118533E+01  5.007430E+01

 total force (fx,fy,fz) for set FEET and time  0.2000000E+01

        5.581542E-09 -2.490241E-08  2.400000E+03

                        S T E P       3


                                INCREMENT     1


 displacements (vx,vy,vz) for set TOP and time  0.3000000E+01

     17824 -2.153854E-02  3.894597E-01 -3.708464E-01
     17869 -1.179747E-02  4.892827E-01 -4.367892E-01
     18306 -1.096523E-03  5.284280E-01 -4.634580E-01
     21734  8.101234E-03  5.190470E-01 -4.562875E-01
     22923  1.862901E-02  3.764924E-01 -3.536764E-01

 forces (fx,fy,fz) for set FEET and time  0.3000000E+01

       151 -3.660440E-01 -2.296558E-02 -2.043821E+00
       155  6.617497E-01  8.406062E+00 -5.704523E+00
       156 -5.062478E-03  1.299009E-02 -6.939311E-01
       160  1.917814E-02  1.649464E+00  6.310455E-02
       161  3.061462E-01  2.348609E-01 -1.527918E+00
       165 -4.585693E-01  7.246304E+00 -3.836857E+00
       194  2.042158E+01  1.201017E+01  2.208007E+01
       195  1.145179E+00 -1.041570E+00  1.528834E+00
       196 -4.662717E-01  1.249779E-01  1.143978E+00
       197 -1.912108E+01  8.737412E+00  1.800561E+01
       221  4.150249E-01  1.457995E-01  1.047408E+00
       222  1.739839E+01  7.833666E+00  1.623499E+01
       225 -1.099472E+00 -1.019759E+00  1.425055E+00
       226 -1.875303E+01  1.114285E+01  2.039408E+01
       234  1.273908E+00 -2.782713E-01  7.961975E-01
       236 -1.196309E+00 -2.321642E-01  6.490364E-01
       242 -5.559257E+00  3.508414E+00 -5.063409E+00
       245 -3.902679E+00  3.222176E+00  4.052767E+00
       246  5.532587E+00  3.409942E+00  4.610347E+00
       253  4.934073E+00  2.706281E+00 -4.507192E+00
       254 -5.066312E+00  3.153094E+00  4.269361E+00
       255  3.489062E+00  2.853759E+00  3.581750E+00
      2448  2.560371E+00 -1.339124E+00 -1.722505E+01
      2464 -3.477574E-02 -1.232516E+00 -3.216273E+00
      2473 -4.082395E-02  9.864684E-01 -7.615281E-01
      2474  1.187616E-01  8.238074E-01 -5.182950E-01
      2475  8.784537E-02  4.805551E-01 -1.357571E-01
      2476  2.144195E-01 -1.311399E-01 -5.188255E-01
      2477  2.147163E-01  1.176710E-01 -5.941653E-01
      2478  1.113470E-01 -5.488694E-02 -1.435297E-01
      2479  1.012511E-01 -4.556949E-02 -3.072774E-01
      2480  3.690763E-02 -3.002353E-02 -2.882569E-01
      2481  2.693603E-02 -2.888305E-02 -3.636948E-01
      2482  2.574277E-02 -9.493057E-03 -3.193208E-01
      2483  4.166867E-02 -3.581059E-02 -6.544274E-01
      2484  3.762447E-02 -2.541320E-03 -5.816576E-01
      2485  7.061724E-02  4.483959E-01 -4.640945E-01
      2486  2.692969E-02 -1.611853E-02 -8.575351E-01
      2487  2.104021E-02  3.163632E-02 -5.916953E-01
      2488 -1.282375E-02 -2.499888E-02 -6.300674E-01
      2489  3.850740E-02 -7.134955E-03 -5.178403E-01
      2490  1.133405E-02 -2.703390E-02 -7.940540E-01
      2491 -9.432899E-03 -1.221538E-02 -6.603905E-01
      2492  1.204668E-02  2.226921E-01 -8.935489E-01
      2493  4.882096E+00  1.222819E-01 -2.007447E+01
      2494  4.741536E+00 -1.169085E+00 -1.342061E+01
      2495  4.687018E+00 -1.008507E+00 -9.309670E+00
      2496  4.114606E+00 -7.923302E-01 -5.578883E+00
      2497  5.084405E+00 -7.476761E-01 -4.301520E+00
      2498  4.046073E+00 -6.872546E-01 -2.620135E+00
      2499  3.167749E+00 -4.596489E-01 -1.367109E+00
      2500  2.585256E+00 -3.771002E-01 -9.155469E-01
      2501  2.105212E+00 -3.432911E-01 -8.081370E-01
      2502  1.760570E+00 -3.696241E-01 -9.256148E-01
      2503  1.472742E+00 -5.819268E-01 -1.209077E+00
      2504  1.365948E+00 -6.147900E-01 -1.393722E+00
      2505  1.256930E+00 -4.950589E-01 -1.495826E+00
      2506  1.005707E+00 -5.192183E-01 -1.747033E+00
      2507  1.022090E+00 -5.657188E-01 -1.653703E+00
      2508  8.008947E-01 -4.103015E-01 -1.596191E+00
      2509  5.711079E-01 -9.195482E-01 -1.760602E+00
      2510  3.782745E-01 -7.094731E-01 -1.781557E+00
      2511  2.501247E-01 -6.455779E-01 -1.881124E+00
      2512  1.267969E-01 -5.552880E-01 -1.975446E+00
      2513  3.006964E-02 -5.359590E-01 -2.084343E+00
      2637  2.635876E-01  7.069640E+00 -2.712791E+00
      2638  1.689340E-01  4.769498E+00 -1.582885E+00
      2639  1.171419E-01  3.055247E+00 -4.497239E-01
      2640  5.872067E-03  1.900775E+00 -2.521857E-01
      2641  2.196665E-02  1.174012E+00 -2.196692E-01
      2642  5.960474E-02  1.021045E+00  9.617858E-02
      2643  2.450898E-02  8.363867E-01  2.087469E-02
      2644  3.263280E-02  8.709403E-01  9.467928E-02
      2645  7.620490E-03  9.379980E-01  9.041666E-02
      2646  1.930396E-02  1.239008E+00  1.534591E-01
      2647  3.021656E-02  1.608486E+00 -9.672364E-02
      2648  1.856227E-03  1.525533E+00  3.696557E-02
      2649 -1.846929E-02  8.489604E-01 -1.163752E-01
      2650  1.282197E-01  2.397085E+00 -1.731527E-02
      2651  2.243831E-02  1.334856E+00  3.025509E-02
      2652  7.546420E-02  1.619291E+00  5.696729E-02
      2653 -1.969743E-02  2.278848E+00  2.141504E-01
      2654 -2.292378E-03  1.721420E+00 -1.403699E-01
      2655  4.539587E-03  1.661816E+00  2.271912E-02
      2656 -1.751305E-01  1.657956E+00  1.631864E-01
      2657  3.217780E+00  9.526318E+00 -1.828165E+01
      2658  2.970317E+00  6.488149E+00 -1.219178E+01
      2659  2.967853E+00  4.607844E+00 -8.039468E+00
      2660  2.731265E+00  2.840966E+00 -5.222906E+00
      2661  2.033401E+00  1.288150E+00 -2.963994E+00
      2662  1.670415E+00  1.146190E+00 -1.381500E+00
      2663  1.268193E+00  7.116198E-01 -8.220060E-01
      2664  9.496952E-01  6.994315E-01 -5.832697E-01
      2665  7.486375E-01  6.808490E-01 -6.469655E-01
      2666  6.385788E-01  7.987290E-01 -8.155912E-01
      2667  6.201741E-01  1.320408E+00 -8.772185E-01
      2668  4.915890E-01  1.402374E+00 -1.105495E+00
      2669  4.801356E-01  1.170150E+00 -1.332549E+00
      2670  4.026030E-01  1.232926E+00 -1.242017E+00
      2671  2.762821E-01  1.324496E+00 -1.323772E+00
      2672  2.826179E-01  9.660402E-01 -1.482194E+00
      2673  2.724630E-01  2.104053E+00 -1.130697E+00
      2674  1.436769E-01  1.535775E+00 -1.371130E+00
      2675  5.490772E-02  1.462798E+00 -1.509178E+00
      2676  3.898513E-02  1.308578E+00 -1.644295E+00
      2677  7.993287E-03  1.239426E+00 -1.689885E+00
      2685 -2.357195E+00 -1.070688E+00 -1.710141E+01
      2694 -3.835112E-02  2.264484E-01 -8.532026E-01
      2695 -1.637891E-02 -3.841980E-03 -6.245211E-01
      2696 -1.037239E-02 -3.454885E-03 -4.866829E-01
      2697  5.615555E-03 -1.830393E-02 -6.391195E-01
      2698 -8.573168E-03 -9.478517E-03 -6.125201E-01
      2699 -2.791788E-02 -1.235068E-02 -6.092114E-01
      2700 -6.392397E-02 -3.963868E-02 -7.774817E-01
      2701 -2.948496E-02 -1.726716E-03 -4.458605E-01
      2702 -6.267739E-02 -1.383373E-02 -7.084094E-01
      2703 -3.714660E-02 -1.517513E-02 -4.006922E-01
      2704 -5.675242E-02 -3.524116E-02 -5.561220E-01
      2705 -7.085224E-02 -3.692790E-02 -3.405309E-01
      2706 -5.434063E-02 -2.582439E-02 -2.169943E-01
      2707 -9.991302E-02 -4.493593E-02 -3.224761E-01
      2708 -1.424206E-01 -3.254224E-02 -2.769671E-01
      2709 -1.787239E-01 -1.861407E-01 -5.966207E-01
      2710 -8.792680E-02 -1.730626E-01 -1.003528E-01
      2711 -1.939545E-01  4.648350E-01 -7.884533E-01
      2712 -1.501828E-01  7.966919E-01 -1.099369E+00
      2713 -3.231706E-01  2.112966E-01 -1.429614E+00
      2714 -2.796930E-02 -5.411515E-01 -2.179307E+00
      2715 -1.271902E-01 -6.101332E-01 -2.041515E+00
      2716 -2.285539E-01 -5.714334E-01 -1.864802E+00
      2717 -4.336931E-01 -6.545247E-01 -1.728609E+00
      2718 -6.246270E-01 -5.500180E-01 -1.570548E+00
      2719 -8.390041E-01 -5.598159E-01 -1.488963E+00
      2720 -1.044890E+00 -6.127841E-01 -1.462946E+00
      2721 -1.164806E+00 -7.918746E-01 -1.530775E+00
      2722 -1.417504E+00 -2.861706E-01 -1.352848E+00
      2723 -1.488929E+00 -6.984039E-01 -1.421193E+00
      2724 -1.684622E+00 -4.871377E-01 -1.188953E+00
      2725 -1.851778E+00 -4.477352E-01 -1.069324E+00
      2726 -2.151028E+00 -3.571034E-01 -9.450955E-01
      2727 -2.628016E+00 -3.847727E-01 -1.003807E+00
      2728 -3.162787E+00 -4.125185E-01 -1.377661E+00
      2729 -3.979413E+00 -5.763621E-01 -2.350580E+00
      2730 -4.876849E+00 -8.201716E-01 -4.027558E+00
      2731 -4.037234E+00 -6.653247E-01 -5.437641E+00
      2732 -4.381881E+00 -9.509755E-01 -8.008279E+00
      2733 -4.468477E+00 -1.088332E+00 -1.157035E+01
      2734 -4.602513E+00 -3.338527E-01 -1.729153E+01
      2858  2.122626E-01  1.633767E+00  7.941240E-02
      2859  3.445185E-02  1.613431E+00  5.085542E-03
      2860  1.121601E-02  1.659767E+00  1.910508E-01
      2861 -2.865511E-02  1.642219E+00  4.756043E-02
      2862 -2.239566E-02  1.550164E+00  6.578062E-02
      2863 -2.210570E-02  1.570658E+00  6.125162E-02
      2864  1.056576E-03  1.988185E+00 -1.033342E-01
      2865  1.105065E-03  1.424635E+00  2.170390E-01
      2866 -2.779541E-03  1.381513E+00 -6.104355E-02
      2867 -6.056772E-02  1.714499E+00  1.575450E-01
      2868 -1.294842E-02  1.245124E+00 -6.594082E-02
      2869  1.668172E-02  1.052599E+00  5.689716E-02
      2870  6.437509E-04  9.086146E-01  1.537294E-01
      2871 -2.223085E-02  8.361810E-01  2.672693E-03
      2872  2.485648E-02  8.933551E-01  5.105100E-02
      2873 -3.144453E-02  1.205912E+00 -5.843429E-02
      2874 -7.198487E-02  1.774069E+00 -1.858660E-01
      2875 -1.271919E-01  2.922549E+00 -9.820606E-01
      2876 -6.793130E-02  4.355059E+00 -1.121795E+00
      2877 -1.443911E-01  6.339833E+00 -1.982766E+00
      2878 -4.287498E-02  1.312888E+00 -1.644149E+00
      2879 -9.215697E-02  1.306550E+00 -1.604451E+00
      2880 -9.373242E-02  1.320561E+00 -1.545027E+00
      2881 -1.392603E-01  1.479067E+00 -1.399175E+00
      2882 -2.181644E-01  1.246926E+00 -1.370804E+00
      2883 -2.890184E-01  1.260641E+00 -1.289299E+00
      2884 -3.576476E-01  1.364190E+00 -1.245481E+00
      2885 -5.852609E-01  1.732440E+00 -1.054903E+00
      2886 -4.882646E-01  8.679203E-01 -1.307382E+00
      2887 -5.659905E-01  1.597724E+00 -9.406339E-01
      2888 -6.352180E-01  1.120249E+00 -1.010475E+00
      2889 -7.390392E-01  9.794317E-01 -8.124306E-01
      2890 -8.294555E-01  7.184300E-01 -7.207849E-01
      2891 -9.747418E-01  7.462410E-01 -6.550181E-01
      2892 -1.255372E+00  6.626800E-01 -8.724196E-01
      2893 -1.641413E+00  9.412480E-01 -1.481711E+00
      2894 -2.108555E+00  1.512870E+00 -2.699118E+00
      2895 -2.449620E+00  2.593681E+00 -4.457830E+00
      2896 -2.861009E+00  4.102837E+00 -7.737439E+00
      2897 -2.845033E+00  5.762147E+00 -1.157869E+01
      2898 -3.026711E+00  8.676317E+00 -1.755230E+01
      3388  6.299852E+00 -1.365162E+00  4.537510E+00
      3389  1.018440E+01 -9.838433E-01  4.909967E+00
      3390  1.775075E+01  5.440972E-01  7.957091E+00
      3391  3.825119E+00 -3.044877E+00  6.276468E+00
      3392  9.469877E+00 -5.770184E+00  1.808740E+01
      3393  1.934143E+01 -6.499893E+00  3.408866E+01
      3394  3.523831E+01 -6.919418E+00  5.414501E+01
      3495 -9.121306E-01 -3.940977E+00  5.973801E+00
      3496 -3.063107E+00  2.191103E+01  8.870054E+01
      3497 -1.274860E+00 -1.528293E+00 -1.876076E+00
      3498 -2.605137E+00 -2.254812E-01 -1.274000E+00
      3499 -1.007344E+01  3.070760E-01  1.344358E+00
      3500  2.418957E-01 -1.347114E+00 -9.068833E-01
      3501 -2.643548E+00 -5.252278E+00  5.682040E+00
      3502 -1.071730E+01 -6.647475E+00  2.011522E+01
      3503 -2.678433E+01 -7.872979E+00  4.431497E+01
      4007  1.007155E+00 -1.411239E+00 -1.989930E+00
      4008  2.115873E+00 -1.981621E-01 -1.491211E+00
      4009  8.930207E+00  2.573651E-01  9.070629E-01
      4010 -3.255104E-01 -1.187083E+00 -9.888136E-01
      4011  2.208617E+00 -4.811490E+00  4.785892E+00
      4012  9.516465E+00 -6.092081E+00  1.788295E+01
      4013  2.420268E+01 -7.239469E+00  4.009196E+01
      4119  9.186992E-01 -3.684978E+00  5.596840E+00
      4120  3.073239E+00  2.002344E+01  8.109489E+01
      4121 -6.028863E+00 -1.233810E+00  4.419986E+00
      4122 -9.682557E+00 -9.157768E-01  4.738961E+00
      4123 -1.660175E+01  5.296183E-01  7.570575E+00
      4124 -3.734898E+00 -2.900805E+00  6.156186E+00
      4125 -8.986513E+00 -5.330792E+00  1.717259E+01
      4126 -1.806863E+01 -5.962063E+00  3.185411E+01
      4127 -3.256532E+01 -6.308836E+00  5.002174E+01
      4548  2.944630E+00  4.830392E-01 -1.251885E+01
      4551 -2.759054E+00  5.093534E-01 -1.131217E+01
      4553  1.808904E-01  3.054863E+00  2.388564E+00
      4554  2.808749E-01  1.928851E+00  1.028022E+00
      4555  4.956667E-01  1.001656E+00  4.706266E-01
      4556  9.227721E-03  2.982757E-01  6.518589E-01
      4557  4.443975E-01  1.613690E-01  3.722527E-01
      4558 -1.367166E-02  6.319591E-02  2.225944E-01
      4559  6.044554E-03  1.210634E-01  2.984689E-01
      4560  9.621944E-03  1.939667E-01  4.287433E-01
      4561  1.208658E-02  2.644623E-01  5.666868E-01
      4562  7.305910E-03  3.396173E-01  7.247134E-01
      4563 -4.082415E-03  3.922051E-01  8.366515E-01
      4564 -9.939550E-03  4.340103E-01  9.131217E-01
      4565 -5.995873E-03  4.719512E-01  9.421852E-01
      4566 -5.678832E-04  4.633530E-01  9.786144E-01
      4567 -1.204470E-02  4.570626E-01  9.632230E-01
      4568 -7.773801E-03  4.692282E-01  1.003956E+00
      4569 -4.897258E-03  4.620752E-01  9.808157E-01
      4570 -1.348755E-03  4.582140E-01  9.918176E-01
      4571  4.839885E-03  4.684095E-01  1.014020E+00
      4572 -9.250563E-04  4.878626E-01  1.039253E+00
      4573  2.583442E-03  4.884243E-01  1.045137E+00
      4574 -7.614457E-04  4.682482E-01  1.021809E+00
      4575 -1.541207E-03  4.668038E-01  1.012322E+00
      4576  4.053542E-03  4.619826E-01  1.000557E+00
      4577  4.891061E-03  4.570154E-01  9.806683E-01
      4578  7.809338E-03  4.442534E-01  9.562118E-01
      4579  1.260064E-02  4.573606E-01  9.724430E-01
      4580  1.373015E-02  4.445426E-01  9.607689E-01
      4581 -3.187803E-03  4.480589E-01  9.264031E-01
      4582  8.558113E-03  3.931955E-01  8.469678E-01
      4583 -3.832217E-03  3.498142E-01  7.405924E-01
      4584 -3.936261E-03  2.739527E-01  5.969995E-01
      4585 -8.252796E-03  2.086331E-01  4.633795E-01
      4586 -3.533398E-03  1.345476E-01  3.293253E-01
      4587  1.317882E-02  7.423200E-02  2.387220E-01
      4588 -5.714454E-02  1.110745E-01  2.780731E-01
      4589 -8.209819E-03  2.521687E-01  5.868227E-01
      4590 -5.012926E-01  8.924710E-01  4.444969E-01
      4591 -3.023547E-01  1.742443E+00  9.558833E-01
      4592  1.473012E-01  2.259464E+00  2.797178E+00
      4593  2.174380E+00  5.492441E-01  1.727269E+00
      4594  1.097336E+00  9.032057E-01  2.871563E+00
      4595  1.255063E+00  2.828096E-01  1.300015E+00
      4596  1.345554E+00 -1.683363E-02  4.136765E-01
      4597  2.472313E+00 -3.667361E-01 -1.355201E-01
      4598  2.201172E+00 -2.005322E-01  3.903539E-02
      4599  1.851037E+00  3.829441E-02  4.422634E-01
      4600  1.538189E+00  2.343107E-01  8.606271E-01
      4601  1.288124E+00  3.849645E-01  1.224945E+00
      4602  1.109425E+00  5.113448E-01  1.571488E+00
      4603  9.612671E-01  5.962844E-01  1.867948E+00
      4604  8.531146E-01  6.539118E-01  2.040682E+00
      4605  7.440695E-01  6.568355E-01  2.147884E+00
      4606  6.257274E-01  6.361953E-01  2.252559E+00
      4607  5.272210E-01  7.317054E-01  2.267831E+00
      4608  4.150581E-01  7.158148E-01  2.264384E+00
      4609  2.993852E-01  6.809226E-01  2.270177E+00
      4610  1.959853E-01  6.829189E-01  2.202779E+00
      4611  1.178618E-01  6.685079E-01  2.170851E+00
      4612  5.372019E-02  6.775738E-01  2.183769E+00
      4613 -5.588416E-03  6.508410E-01  2.218973E+00
      4614 -6.951980E-02  6.892765E-01  2.204263E+00
      4615 -1.247661E-01  6.981658E-01  2.224276E+00
      4616 -2.145300E-01  7.087230E-01  2.252993E+00
      4617 -3.206497E-01  7.332000E-01  2.281775E+00
      4618 -4.480153E-01  7.452047E-01  2.281072E+00
      4619 -5.554131E-01  7.486100E-01  2.294039E+00
      4620 -6.956669E-01  7.432739E-01  2.319965E+00
      4621 -7.918714E-01  7.420850E-01  2.262030E+00
      4622 -9.564824E-01  6.630461E-01  2.105165E+00
      4623 -1.052407E+00  6.125655E-01  1.906323E+00
      4624 -1.196004E+00  5.171479E-01  1.607167E+00
      4625 -1.350847E+00  4.003652E-01  1.272951E+00
      4626 -1.582060E+00  2.442208E-01  8.999466E-01
      4627 -1.865325E+00  5.701873E-02  4.829591E-01
      4628 -2.193542E+00 -1.645526E-01  1.009099E-01
      4629 -2.540204E+00 -2.956200E-01 -1.470306E-02
      4630 -1.304105E+00 -1.824097E-02  3.750886E-01
      4631 -1.221121E+00  2.608979E-01  1.180438E+00
      4632 -1.116046E+00  8.219849E-01  2.569135E+00
      4633 -2.124265E+00  5.484785E-01  1.580291E+00
      4883  9.145859E-02  8.141514E+00 -1.433452E+01
      4904 -1.595473E-01  9.392414E+00  2.347653E+01
      4918 -3.201777E+00 -2.591429E-01  1.760418E+00
      4919 -1.487954E-01 -2.083793E-01  5.487392E-01
      4920 -7.461881E+00  2.356032E-01  1.492137E+01
      4921 -3.313772E+00 -1.098555E+00  9.906072E+00
      4922  1.206493E+00  7.271114E-02 -4.730268E+00
      4923  2.670746E+00 -2.075990E-01  2.444673E-01
      4924 -3.261496E+00 -7.497715E-01 -1.290374E+00
      4925  8.480647E+00  7.307227E-02  1.665283E+01
      4926 -9.117717E-02 -1.199921E+00  1.135990E-01
      4927 -9.072077E+00  4.223435E-01 -1.406496E+01
      4963 -9.328017E-02  7.323878E+00 -1.304332E+01
      4984  1.877451E-01  8.498272E+00  2.123536E+01
      4998 -2.604700E+00 -2.151708E-01  4.888512E-01
      4999  2.751408E+00 -6.751837E-01 -9.300536E-01
      5000 -7.892964E+00  6.750269E-02  1.546858E+01
      5001 -7.195448E-02 -1.058382E+00  6.333942E-01
      5002  7.435859E+00  4.470073E-01 -1.192839E+01
      5003  2.760334E+00 -2.340844E-01  1.457402E+00
      5004  3.488204E-02 -1.755274E-01  2.232259E-01
      5005  6.617560E+00  2.147900E-01  1.322838E+01
      5006  2.880253E+00 -9.629025E-01  8.625857E+00
      5007 -1.169631E+00  1.073882E-01 -4.487384E+00
     24350  5.051166E+00  1.670429E-01 -2.691502E+01
     24351  5.470195E+00 -3.226230E+00 -2.174174E+01
     24352 -2.374539E-02 -5.296881E-01 -3.220457E+00
     24353  1.334636E-01 -1.522562E+00 -2.922551E+00
     24354  5.400355E+00 -8.603070E-01 -1.868563E+01
     24355  5.556574E+00 -2.205816E+00 -1.556468E+01
     24356  5.182602E+00 -8.084243E-01 -1.271922E+01
     24357  4.584579E+00 -4.811992E-01 -8.007558E+00
     24358  4.404481E+00 -9.651529E-01 -6.014113E+00
     24359  5.266270E+00 -1.433550E+00 -1.076572E+01
     24360  3.444999E+00 -7.773921E-01 -3.279727E+00
     24361  3.867597E+00 -2.263639E-01 -4.613075E+00
     24362  2.955257E+00 -4.394144E-01 -2.708679E+00
     24363  2.119402E+00 -6.578995E-01 -1.299305E+00
     24364  2.312064E+00 -3.435609E-01 -1.661253E+00
     24365  2.811722E+00 -6.558767E-01 -2.236167E+00
     24366  1.787342E+00 -4.078245E-01 -1.349507E+00
     24367  1.447179E+00 -3.980266E-01 -1.389868E+00
     24368  1.712449E+00 -7.230906E-01 -1.311338E+00
     24369  1.200791E+00 -4.310042E-01 -1.643386E+00
     24370  1.390638E+00 -8.050479E-01 -1.467674E+00
     24371  1.038172E+00 -6.330441E-01 -2.080812E+00
     24372  1.038670E+00 -1.153343E+00 -1.953501E+00
     24373  1.155259E+00 -9.884668E-01 -2.045612E+00
     24374  9.409048E-01 -6.654128E-01 -2.376381E+00
     24375  9.791734E-01 -1.169498E+00 -2.404963E+00
     24376  8.852792E-01 -5.441001E-01 -2.505697E+00
     24377  6.820988E-01 -5.954283E-01 -2.709686E+00
     24378  7.797202E-01 -1.298097E+00 -2.525578E+00
     24379  8.885504E-01 -1.015153E+00 -2.444353E+00
     24380  7.045787E-01 -7.454888E-01 -2.731193E+00
     24381  6.908260E-01 -1.146062E+00 -2.622891E+00
     24382  5.462183E-01 -4.527221E-01 -2.617098E+00
     24383  4.111154E-01 -1.285641E+00 -2.707192E+00
     24384  3.763795E-01 -1.028421E+00 -3.006284E+00
     24385  2.936273E-01 -7.396194E-01 -2.848438E+00
     24386  2.342115E-01 -1.303236E+00 -2.552048E+00
     24387  4.162275E-01 -1.507080E+00 -3.208403E+00
     24388  1.461296E-01 -6.712788E-01 -2.958578E+00
     24389  1.283417E-01 -1.262475E+00 -2.956157E+00
     24390  7.568126E-02 -6.497012E-01 -3.141487E+00
     25270 -1.472380E-02 -5.935091E-01 -3.194963E+00
     25271 -1.712397E-01 -1.515019E+00 -2.892809E+00
     25272 -4.672602E+00  5.444201E-01 -2.425392E+01
     25273 -5.321485E+00 -3.008093E+00 -1.935452E+01
     25274 -9.444059E-02 -6.083484E-01 -3.122934E+00
     25275 -1.524674E-01 -1.247612E+00 -2.959013E+00
     25276 -1.863105E-01 -6.079471E-01 -2.924500E+00
     25277 -3.481874E-01 -1.293926E+00 -2.703109E+00
     25278 -2.799749E-01 -7.095725E-01 -2.858446E+00
     25279 -2.593610E-01 -1.307131E+00 -3.159016E+00
     25280 -5.290520E-01 -1.255543E+00 -2.573987E+00
     25281 -4.145661E-01 -6.088109E-01 -2.655109E+00
     25282 -5.694232E-01 -6.392629E-01 -2.585776E+00
     25283 -6.961938E-01 -1.271951E+00 -2.525904E+00
     25284 -8.781627E-01 -1.363183E+00 -2.282337E+00
     25285 -7.260505E-01 -6.750281E-01 -2.557392E+00
     25286 -8.463076E-01 -8.369487E-01 -2.706587E+00
     25287 -1.183739E+00 -1.092175E+00 -2.064206E+00
     25288 -9.521370E-01 -3.478352E-01 -2.318032E+00
     25289 -8.644422E-01 -1.189012E+00 -2.755200E+00
     25290 -1.067742E+00 -7.997505E-01 -2.473804E+00
     25291 -1.157447E+00 -5.595973E-01 -2.058103E+00
     25292 -1.294814E+00 -9.713378E-01 -1.684980E+00
     25293 -1.148141E+00 -1.210287E+00 -2.491836E+00
     25294 -1.315813E+00 -4.983116E-01 -1.803795E+00
     25295 -1.535535E+00 -3.801196E-01 -1.510085E+00
     25296 -1.473376E+00 -8.571831E-01 -1.649147E+00
     25297 -1.819299E+00 -4.139818E-01 -1.459328E+00
     25298 -2.125055E+00 -6.502899E-01 -1.360153E+00
     25299 -1.784982E+00 -7.475656E-01 -1.601318E+00
     25300 -2.306777E+00 -3.042305E-01 -1.675098E+00
     25301 -2.715120E+00 -6.348451E-01 -2.012551E+00
     25302 -2.921350E+00 -2.760205E-01 -2.547130E+00
     25303 -3.372312E+00 -7.189742E-01 -3.274272E+00
     25304 -3.650130E+00 -3.248357E-01 -4.324693E+00
     25305 -4.379576E+00 -5.627754E-01 -7.298774E+00
     25306 -4.820548E+00 -1.492598E+00 -8.586506E+00
     25307 -4.235336E+00 -8.983555E-01 -6.027923E+00
     25308 -4.918808E+00 -6.056533E-01 -1.162120E+01
     25309 -5.271813E+00 -2.074540E+00 -1.379811E+01
     25310 -5.012928E+00 -6.295989E-01 -1.697519E+01
     27971 -1.192219E-02  1.615750E+00  2.158954E+00
     27972 -1.949306E+00  2.123922E+00 -2.836126E-01
     27973 -9.175742E-01  3.340062E+00 -2.620850E-02
     27974  3.179408E-01 -1.485450E-01 -1.875315E-01
     27975 -3.140196E+00 -1.845804E+01  8.459271E+01
     27976 -2.826069E+00 -1.936930E+01  7.786298E+01
     27977  8.201516E-01 -1.299698E+01  6.798390E+01
     27978 -1.420431E+00 -5.254143E+00  4.398546E+00
     27979 -1.233652E+00 -6.427602E+00  1.088692E+01
     27980 -3.510715E+00 -8.832360E+00  7.252570E+00
     27981  4.559861E-01 -5.426581E+00  3.060100E+00
     27982 -6.788075E+00 -1.482629E+01  6.363000E+01
     27983 -6.634720E-01 -9.559091E+00  1.956852E+01
     27984 -2.154702E+00 -1.064707E+01  2.605400E+01
     27985 -1.739330E+00 -9.069122E+00  9.997836E+00
     27986 -2.457700E+00 -9.588617E+00  1.035150E+01
     27987  1.657699E-01 -1.159378E+01  3.849337E+01
     27988 -3.131975E+00 -1.448017E+01  4.428137E+01
     27989 -2.919779E+00 -1.035862E+01  2.803353E+01
     27990 -4.257108E+00 -1.269321E+01  3.087578E+01
     27991 -2.409456E+00 -1.058454E+01  1.764223E+01
     27992 -2.702112E+00 -1.216346E+01  5.534127E+01
     27993 -3.711947E-01 -1.238801E+01  3.871843E+01
     30963  1.011212E-02  1.509717E+00  2.007931E+00
     30964  1.762004E+00  1.960099E+00 -2.614131E-01
     30965  7.772107E-01  3.020890E+00 -2.065707E-02
     30966 -3.369037E-01 -1.417156E-01 -1.641229E-01
     30967  1.250346E+00 -6.026673E+00  1.046366E+01
     30968  1.438517E+00 -4.843062E+00  3.973351E+00
     30969 -2.634351E-01 -4.914868E+00  2.787307E+00
     30970  2.843138E+00 -1.769320E+01  7.093117E+01
     30971  3.125047E+00 -1.691061E+01  7.772510E+01
     30972  6.415525E+00 -1.367825E+01  5.786893E+01
     30973  3.311056E+00 -8.356140E+00  6.956162E+00
     30974 -5.301885E-01 -1.176566E+01  6.263655E+01
     30975  2.370369E+00 -8.821311E+00  9.236178E+00
     30976  2.320888E+00 -9.692749E+00  1.587357E+01
     30977  1.789498E+00 -8.334355E+00  9.435807E+00
     30978  7.615712E-01 -8.799231E+00  1.849669E+01
     30979  4.033842E+00 -1.167682E+01  2.793305E+01
     30980  5.500382E-01 -1.131842E+01  3.513125E+01
     30981  3.035479E+00 -9.531325E+00  2.590646E+01
     30982  2.071050E-02 -1.060755E+01  3.578166E+01
     30983  2.122451E+00 -9.834282E+00  2.440656E+01
     30984  2.743679E+00 -1.117052E+01  5.078929E+01
     30985  3.052687E+00 -1.337779E+01  4.098837E+01
     33572 -2.672132E-01  1.721494E-01  4.126029E-02
     33573  2.706998E-01  1.866655E-01 -1.190031E-02
     33574  2.603065E-02  1.029224E-01  1.298151E-01
     33575 -5.530726E-02  1.083088E-01  1.760984E-01
     33576  4.020363E-02  5.062694E-02  1.415918E-01
     33577 -4.568464E-02  5.067792E-02  1.583184E-01
     33578 -5.260918E-02  8.186981E-03  1.121398E-01
     33579  4.944746E-02  2.362742E-03  1.045070E-01
     33580  5.001120E+00 -8.667152E-01 -1.396060E+01
     33581  4.654257E+00 -7.485111E-01 -4.744892E+00
     33582  4.022740E+00 -1.470382E+00 -9.599970E+00
     33583 -1.666647E-02 -4.934517E-01  8.180699E-01
     33584  1.012208E-01 -5.267657E-01  8.556341E-01
     33585 -1.794803E-02 -4.738333E-01  8.319787E-01
     33586 -1.375941E-01 -5.220459E-01  8.657538E-01
     33587 -4.415580E+00 -6.420164E-01 -4.366420E+00
     33588 -4.709496E+00 -6.837975E-01 -1.267104E+01
     33589 -3.911483E+00 -1.287744E+00 -8.595079E+00
     33590  4.041338E+00 -1.713171E+00 -9.146215E-02
     33591 -3.980234E+00 -1.510918E+00  5.224658E-03
     33592  3.699230E+00 -1.925851E+00 -6.416075E+00
     33593  3.832211E+00 -1.998160E+00 -7.057520E+00
     33594  3.486152E+00 -5.183371E+00 -2.190538E+00
     33595  2.231319E+00 -1.747964E+00  1.431073E+00
     33596  3.736773E+00 -1.525625E+00 -4.590275E+00
     33597  3.861112E+00 -1.682417E+00 -5.092446E+00
     33598  3.170571E+00 -3.840740E+00 -1.534625E+00
     33599  2.728954E+00 -1.419414E+00  1.124662E+00
     33600  2.490726E+00 -1.400654E+00  4.997158E-01
     33601  3.537000E+00 -1.061368E+00 -2.878070E+00
     33602  3.590571E+00 -1.237746E+00 -3.453040E+00
     33603  3.006581E+00 -2.457234E+00 -1.354010E+00
     33604  2.848899E+00 -1.147804E+00  1.764575E-01
     33605  2.589061E+00 -1.005729E+00 -6.213871E-02
     33606  5.462142E+00 -1.353299E+00 -1.979839E+00
     33607  3.904109E+00 -1.288234E+00 -2.029383E+00
     33608  2.886582E+00 -7.128063E-01 -1.556831E-01
     33609  4.541453E+00 -8.634643E-01 -8.997299E-01
     33610  4.653029E+00 -1.219349E+00 -1.394619E+00
     33611  3.811912E+00 -5.137497E-01 -1.341238E-01
     33612  4.031125E+00 -5.834783E-01 -6.246694E-01
     33613  3.146921E+00 -3.225661E-01  3.681869E-01
     33614  3.283587E+00 -2.932464E-01  1.677201E-02
     33615  2.632742E+00 -2.531583E-01  6.617674E-01
     33616  2.685638E+00 -1.712352E-01  4.296174E-01
     33617  2.267181E+00 -2.611538E-01  8.514459E-01
     33618  2.239532E+00 -1.559644E-01  6.715626E-01
     33619  2.000674E+00 -3.626029E-01  9.762157E-01
     33620  1.904651E+00 -2.211473E-01  8.344206E-01
     33621  1.788995E+00 -3.987950E-01  9.992572E-01
     33622  1.647569E+00 -2.932835E-01  9.536772E-01
     33623  1.605651E+00 -3.713372E-01  1.054491E+00
     33624  1.483413E+00 -2.767013E-01  1.017721E+00
     33625  1.399099E+00 -4.865790E-01  1.192310E+00
     33626  1.304510E+00 -3.665519E-01  1.093596E+00
     33627  1.251256E+00 -4.676481E-01  1.080088E+00
     33628  1.079902E+00 -5.102355E-01  1.165210E+00
     33629  1.000665E+00 -3.584133E-01  1.109387E+00
     33630  8.829412E-01 -2.981980E-01  1.088708E+00
     33631  7.810282E-01 -5.735787E-01  1.056287E+00
     33632  6.286963E-01 -4.742472E-01  1.070530E+00
     33633  5.635827E-01 -5.033215E-01  9.816188E-01
     33634  4.122028E-01 -4.791232E-01  1.065460E+00
     33635  3.646446E-01 -4.801627E-01  8.772447E-01
     33636  2.257728E-01 -4.482448E-01  9.424596E-01
     33637  2.037917E-01 -4.713540E-01  8.282131E-01
     33638  9.045193E-02 -4.557247E-01  8.660728E-01
     33639 -2.375350E-01 -4.591296E-01  8.585336E-01
     33640 -1.173474E-01 -4.193200E-01  9.033975E-01
     33641 -2.668280E-01 -4.071812E-01  9.860040E-01
     33642 -3.956131E-01 -4.428384E-01  9.359412E-01
     33643 -5.838575E-01 -4.371907E-01  1.017859E+00
     33644 -4.541006E-01 -3.805898E-01  1.069753E+00
     33645 -8.084052E-01 -3.707930E-01  1.115103E+00
     33646 -6.900691E-01 -3.082542E-01  1.139765E+00
     33647 -1.062556E+00 -3.446530E-01  1.153338E+00
     33648 -9.257134E-01 -2.933372E-01  1.171537E+00
     33649 -1.160955E+00 -3.154961E-01  1.228212E+00
     33650 -1.298813E+00 -3.754337E-01  1.185140E+00
     33651 -1.389994E+00 -3.325558E-01  1.142787E+00
     33652 -1.558741E+00 -4.429961E-01  1.201017E+00
     33653 -1.739105E+00 -2.874852E-01  1.203074E+00
     33654 -1.663773E+00 -2.413430E-01  1.142807E+00
     33655 -1.989931E+00 -4.173945E-01  1.064870E+00
     33656 -1.832332E+00 -3.008616E-01  9.783741E-01
     33657 -2.183168E+00 -3.429514E-01  9.945859E-01
     33658 -2.085389E+00 -2.223793E-01  8.388677E-01
     33659 -2.376520E+00 -1.863358E-01  6.469002E-01
     33660 -2.434674E+00 -3.038104E-01  8.353432E-01
     33661 -2.752061E+00 -2.861467E-01  6.471959E-01
     33662 -2.786749E+00 -1.951865E-01  4.050087E-01
     33663 -3.215601E+00 -3.422641E-01  3.541943E-01
     33664 -3.328860E+00 -3.038652E-01  6.342584E-03
     33665 -3.821325E+00 -4.903310E-01 -1.139085E-01
     33666 -4.026470E+00 -5.562283E-01 -5.931870E-01
     33667 -4.489125E+00 -8.760297E-01 -1.111101E+00
     33668 -4.623301E+00 -8.269207E-01 -8.787057E-01
     33669 -3.741267E+00 -1.212927E+00 -1.879772E+00
     33670 -5.432981E+00 -1.284095E+00 -1.759963E+00
     33671 -3.446259E+00 -1.123360E+00 -3.155568E+00
     33672 -3.402637E+00 -9.642984E-01 -2.620839E+00
     33673 -2.798809E+00 -6.629976E-01 -1.455325E-01
     33674 -3.679427E+00 -1.531110E+00 -4.638462E+00
     33675 -3.580044E+00 -1.406036E+00 -4.197112E+00
     33676 -2.866478E+00 -2.214439E+00 -1.249644E+00
     33677 -2.754224E+00 -1.029959E+00  1.576481E-01
     33678 -2.500525E+00 -9.066538E-01 -4.896812E-02
     33679 -3.721597E+00 -1.683902E+00 -6.439309E+00
     33680 -3.538724E+00 -1.779038E+00 -5.848933E+00
     33681 -3.040459E+00 -3.446820E+00 -1.430921E+00
     33682 -2.682356E+00 -1.267082E+00  9.871660E-01
     33683 -2.417672E+00 -1.285300E+00  4.592244E-01
     33684 -2.856018E+00 -3.392430E+00 -2.879804E+00
     33685 -2.245175E+00 -1.512418E+00  1.337927E+00
     34332  1.328609E+00  6.817489E-01 -5.612735E-01
     34333  7.025627E-02  5.604787E-01  1.001945E-01
     34334  5.181494E-03  7.518473E-01 -2.907269E-01
     34335  9.529126E-01  1.010859E+00 -8.920148E+00
     34336  1.704050E-01  1.099653E+00 -1.441504E+01
     34337  1.562579E+00  8.116958E-01 -1.039049E+01
     34338  1.080287E+00  1.010259E+00 -1.137514E+01
     34339 -1.183427E+00  1.051724E-01 -1.002158E+01
     34340  7.945986E-02  2.393565E+00 -1.878967E+01
     34341  8.693450E-01  7.452851E-01 -5.617221E+00
     34342  1.056956E+00  2.023859E+00 -1.132616E+01
     34343 -2.791605E-01  1.382563E+00 -1.443854E+01
     34344  4.742910E-01  7.795336E-01 -1.640993E+01
     34345 -2.170901E-01  2.166266E+00  2.990817E+01
     34346 -3.667344E-01  1.689806E+00  2.694739E+01
     34347 -1.440702E+00  5.374301E-01  1.931533E+01
     34348  1.690238E+00  2.818729E-01  2.101503E+01
     34349 -1.414730E+00 -1.488662E-01  1.089178E+01
     34350  5.323183E-01  5.703623E-01  1.670952E+01
     34717 -1.625280E-01  2.177008E-02  2.991719E-01
     34718 -2.982140E-01  1.710787E-01  6.287460E-01
     34719 -4.041366E-02  6.856443E-01 -2.753476E-01
     34720 -3.019039E-01  9.733720E-01 -1.302246E+01
     34721 -1.008728E+00  9.971646E-01 -8.026829E+00
     34722 -1.090677E+00  9.491827E-01 -1.023356E+01
     34723 -1.481758E+00  7.870310E-01 -9.268484E+00
     34724 -1.638727E-01  4.644411E-01 -9.740315E+00
     34725  6.481355E-02  1.634895E+00 -1.476033E+01
     34726 -8.794134E-01  1.905892E+00 -1.013928E+01
     34727 -6.858984E-01  7.631614E-01 -4.825752E+00
     34728  3.424608E-01  1.390036E+00 -1.255467E+01
     34729  5.641119E-01  1.778457E+00 -1.707912E+01
     34730  3.928880E-01  1.540800E+00  2.418147E+01
     34731  2.937228E-01  1.966338E+00  2.730339E+01
     34732 -1.469031E+00  2.878440E-01  1.930977E+01
     34733  1.376210E+00  4.579306E-01  1.726673E+01
     34734  1.454925E+00 -9.417568E-02  1.002341E+01
     34735 -3.047900E-01  5.719628E-01  1.503820E+01

 total force (fx,fy,fz) for set FEET and time  0.3000000E+01

        3.545126E-09 -3.000000E+02  1.200000E+03

                        S T E P       4


                                INCREMENT     1


 displacements (vx,vy,vz) for set TOP and time  0.4000000E+01

     17824 -1.252668E-02  2.094351E-01 -2.156207E-01
     17869 -7.243041E-03  2.629750E-01 -2.510455E-01
     18306 -1.402963E-03  2.843413E-01 -2.647786E-01
     21734  3.617086E-03  2.778937E-01 -2.603396E-01
     22923  9.374398E-03  2.022578E-01 -2.043698E-01

 forces (fx,fy,fz) for set FEET and time  0.4000000E+01

       151 -5.901777E-01 -4.738585E-02 -3.016394E+00
       155  9.776141E-01  1.116697E+01 -9.570998E+00
       156 -3.380100E-03  3.219635E-02 -1.169832E+00
       160  2.942719E-02  2.858627E+00  3.795229E-01
       161  5.287049E-01  5.058431E-01 -2.444058E+00
       165 -5.862972E-01  9.542645E+00 -6.656058E+00
       194  1.276375E+01  7.349773E+00  1.382224E+01
       195  3.153965E-01 -2.742228E-01  6.744562E-01
       196  4.756270E-02  3.608093E-01  4.560999E-01
       197 -1.213051E+01  5.609427E+00  1.172894E+01
       221 -3.533788E-02  3.310962E-01  4.250924E-01
       222  1.099706E+01  5.035007E+00  1.056141E+01
       225 -3.235360E-01 -2.916471E-01  6.356669E-01
       226 -1.164737E+01  6.760191E+00  1.266066E+01
       234  1.324710E+00  8.038937E-01  3.443949E+00
       236 -1.242621E+00  7.474348E-01  3.026145E+00
       242 -7.619831E+00  4.317952E+00 -7.667847E+00
       245 -7.835199E+00  5.624432E+00  8.128528E+00
       246  1.327636E+01  8.303704E+00  1.350916E+01
       253  6.567808E+00  3.298053E+00 -6.637745E+00
       254 -1.206530E+01  7.582641E+00  1.233101E+01
       255  7.015673E+00  4.995276E+00  7.221947E+00
      2448  4.288477E+00 -9.422147E-01 -1.956444E+01
      2464 -7.123332E-02 -2.374066E+00 -4.578077E+00
      2473  4.223414E-01  1.001033E+00 -1.598277E-01
      2474  1.013492E-01  5.268338E-01 -4.138935E-01
      2475  9.644939E-02  2.249770E-01 -2.460431E-01
      2476  2.971453E-01 -4.592950E-01 -1.080328E+00
      2477  1.603004E-01 -2.972167E-02 -1.289806E+00
      2478  1.569187E-01 -4.018326E-02 -6.777144E-01
      2479  1.094046E-01 -5.814938E-02 -1.089683E+00
      2480  4.830463E-02 -9.769716E-03 -9.026148E-01
      2481  3.351749E-02 -2.373488E-02 -9.290002E-01
      2482  2.941021E-02  1.364572E-02 -7.371369E-01
      2483  4.795437E-02 -6.560992E-02 -1.353881E+00
      2484  4.290958E-02  8.747995E-03 -1.092558E+00
      2485  8.544171E-02  9.994686E-01 -8.820741E-01
      2486  4.938397E-03 -2.824428E-02 -1.597346E+00
      2487  2.933785E-03  8.030576E-02 -1.058458E+00
      2488 -4.503962E-02 -4.058334E-02 -1.139819E+00
      2489  6.994720E-02  4.068249E-03 -9.460980E-01
      2490  2.257970E-02 -5.026924E-02 -1.396802E+00
      2491 -6.748708E-03 -1.664248E-02 -1.126355E+00
      2492  4.389258E-02  5.080240E-01 -1.616923E+00
      2493  6.815634E+00  2.211259E+00 -2.167149E+01
      2494  5.008285E+00 -1.019077E+00 -1.144943E+01
      2495  3.943111E+00 -1.213002E+00 -7.152233E+00
      2496  3.061546E+00 -1.090934E+00 -4.516635E+00
      2497  3.778847E+00 -6.844441E-01 -3.476858E+00
      2498  3.061862E+00 -1.270625E+00 -2.709743E+00
      2499  2.501235E+00 -9.991604E-01 -1.892195E+00
      2500  2.161548E+00 -9.181524E-01 -1.629770E+00
      2501  1.841374E+00 -8.246386E-01 -1.540764E+00
      2502  1.573496E+00 -8.453734E-01 -1.590352E+00
      2503  1.290583E+00 -1.293131E+00 -1.830853E+00
      2504  1.242718E+00 -1.289418E+00 -1.954247E+00
      2505  1.133364E+00 -9.683586E-01 -1.947790E+00
      2506  7.683931E-01 -9.807694E-01 -2.367722E+00
      2507  9.653683E-01 -1.060866E+00 -2.146950E+00
      2508  7.035938E-01 -7.211156E-01 -2.002157E+00
      2509  4.911183E-01 -1.747119E+00 -2.271637E+00
      2510  3.667552E-01 -1.296693E+00 -2.149876E+00
      2511  2.699938E-01 -1.138529E+00 -2.165671E+00
      2512  1.488123E-01 -9.384624E-01 -2.152454E+00
      2513  1.632381E-02 -8.830995E-01 -2.241366E+00
      2637  9.640107E-01  8.233289E+00 -3.053807E+00
      2638  2.911737E-01  5.361300E+00 -1.001998E+00
      2639  1.623623E-01  4.499504E+00  1.246096E-02
      2640 -4.312312E-02  2.867959E+00 -4.325236E-02
      2641  2.440961E-02  2.451493E+00 -1.514349E-01
      2642  6.920100E-03  3.112333E+00  3.569284E-01
      2643  3.330175E-02  2.467523E+00 -3.361470E-02
      2644  5.056881E-02  2.436910E+00  2.171708E-01
      2645  2.771451E-02  2.340571E+00  2.301126E-01
      2646  4.743025E-02  2.822573E+00  4.275707E-01
      2647  3.301613E-02  3.428048E+00 -8.334555E-02
      2648 -7.489511E-03  3.029446E+00  2.109952E-01
      2649 -2.241877E-02  1.459906E+00 -1.207834E-01
      2650  1.848389E-01  4.713806E+00  1.707386E-01
      2651  5.248953E-02  2.417376E+00  1.944158E-01
      2652  1.566762E-01  3.001664E+00  2.579517E-01
      2653 -6.111676E-02  4.354525E+00  5.236387E-01
      2654 -4.382129E-04  3.114954E+00 -8.777529E-02
      2655  4.070616E-03  2.952960E+00  2.265818E-01
      2656 -3.583402E-01  2.850645E+00  5.970613E-01
      2657  5.135848E+00  1.112525E+01 -2.237498E+01
      2658  3.085363E+00  6.074958E+00 -1.090514E+01
      2659  2.422735E+00  4.655569E+00 -6.215944E+00
      2660  1.918753E+00  3.695077E+00 -4.023262E+00
      2661  1.497498E+00  1.678241E+00 -3.072761E+00
      2662  1.343657E+00  2.697355E+00 -1.711136E+00
      2663  9.869823E-01  2.008042E+00 -1.577464E+00
      2664  7.714258E-01  1.982995E+00 -1.453288E+00
      2665  6.339910E-01  1.762709E+00 -1.527691E+00
      2666  5.840184E-01  1.811116E+00 -1.618308E+00
      2667  5.998248E-01  2.805563E+00 -1.449985E+00
      2668  3.912262E-01  2.766667E+00 -1.642093E+00
      2669  4.363250E-01  2.078622E+00 -1.960323E+00
      2670  3.156284E-01  2.214280E+00 -1.707846E+00
      2671  1.177064E-01  2.316839E+00 -1.851457E+00
      2672  2.379327E-01  1.596184E+00 -2.181733E+00
      2673  2.891833E-01  3.900586E+00 -1.396600E+00
      2674  1.220402E-01  2.677244E+00 -1.826676E+00
      2675  3.714417E-02  2.463334E+00 -1.949595E+00
      2676  5.616187E-02  2.097488E+00 -2.082739E+00
      2677  8.227463E-03  1.894972E+00 -2.091127E+00
      2685 -3.988619E+00 -7.789310E-01 -1.975553E+01
      2694 -8.505858E-02  5.202251E-01 -1.532241E+00
      2695 -3.278487E-02  2.751719E-03 -1.056031E+00
      2696 -2.226105E-02  6.702399E-03 -8.406056E-01
      2697  1.256686E-02 -2.832738E-02 -1.111123E+00
      2698 -2.628911E-03 -1.003531E-02 -1.071733E+00
      2699 -2.644179E-02 -1.572748E-02 -1.077688E+00
      2700 -7.838265E-02 -7.141154E-02 -1.401831E+00
      2701 -9.620878E-03  8.350611E-03 -8.141075E-01
      2702 -5.909645E-02 -1.908270E-02 -1.334001E+00
      2703 -3.172271E-02 -5.828878E-03 -7.896308E-01
      2704 -6.151480E-02 -5.904118E-02 -1.186180E+00
      2705 -8.986368E-02 -4.323497E-02 -8.660103E-01
      2706 -7.274825E-02  1.049055E-02 -6.524551E-01
      2707 -9.551855E-02 -6.061240E-02 -1.018373E+00
      2708 -1.815035E-01 -5.927754E-02 -8.771278E-01
      2709 -2.597927E-01 -5.421743E-01 -1.385459E+00
      2710 -1.654304E-01 -4.786384E-01 -5.899982E-01
      2711 -1.952071E-01  2.085223E-01 -9.744794E-01
      2712 -2.869640E-01  5.492197E-01 -1.037814E+00
      2713 -1.324048E+00  9.028797E-02 -1.929162E+00
      2714 -4.817231E-02 -9.026295E-01 -2.446517E+00
      2715 -1.867451E-01 -1.056331E+00 -2.268317E+00
      2716 -2.725961E-01 -9.777490E-01 -2.112792E+00
      2717 -4.723264E-01 -1.154591E+00 -2.084585E+00
      2718 -6.216285E-01 -9.631073E-01 -1.954467E+00
      2719 -7.995482E-01 -9.987549E-01 -1.916799E+00
      2720 -9.699104E-01 -1.118874E+00 -1.934663E+00
      2721 -1.011311E+00 -1.513694E+00 -2.112094E+00
      2722 -1.283057E+00 -5.208690E-01 -1.813955E+00
      2723 -1.281582E+00 -1.401518E+00 -2.025095E+00
      2724 -1.466518E+00 -1.009285E+00 -1.724051E+00
      2725 -1.575377E+00 -9.824459E-01 -1.636675E+00
      2726 -1.810457E+00 -7.922498E-01 -1.513070E+00
      2727 -2.181299E+00 -8.910650E-01 -1.562408E+00
      2728 -2.505048E+00 -8.163725E-01 -1.736376E+00
      2729 -3.036256E+00 -9.469156E-01 -2.328642E+00
      2730 -3.648807E+00 -1.078533E+00 -3.233143E+00
      2731 -3.107814E+00 -8.865507E-01 -4.254843E+00
      2732 -3.571425E+00 -1.083280E+00 -6.105278E+00
      2733 -4.392104E+00 -9.217228E-01 -9.518095E+00
      2734 -6.128517E+00  1.400476E+00 -1.791066E+01
      2858  4.118184E-01  2.777104E+00  4.124130E-01
      2859  5.342886E-02  2.809739E+00  2.029625E-01
      2860  1.945039E-02  2.947769E+00  4.873231E-01
      2861 -5.354121E-02  2.926531E+00  2.138651E-01
      2862 -3.826466E-02  2.759769E+00  2.305617E-01
      2863 -3.551600E-02  2.826071E+00  2.190441E-01
      2864  3.874699E-02  3.692727E+00 -8.593224E-02
      2865 -1.547783E-02  2.641709E+00  5.268773E-01
      2866 -3.654220E-03  2.604353E+00  6.796223E-03
      2867 -1.035771E-01  3.482154E+00  4.175178E-01
      2868 -1.781940E-02  2.649958E+00 -5.683384E-02
      2869  1.698575E-02  2.443364E+00  1.926196E-01
      2870  1.552701E-03  2.348602E+00  4.138686E-01
      2871 -3.782440E-02  2.286750E+00 -2.365004E-02
      2872  3.955739E-02  2.306135E+00  1.589573E-01
      2873  7.290485E-03  2.673044E+00  1.039764E-02
      2874 -6.862300E-02  3.073024E+00  1.002150E-01
      2875 -1.066210E-01  3.658820E+00 -6.153417E-01
      2876 -8.742137E-02  4.788969E+00 -5.982441E-01
      2877 -6.026040E-01  7.223005E+00 -2.174102E+00
      2878 -7.734467E-02  2.038437E+00 -1.987772E+00
      2879 -1.636621E-01  2.062060E+00 -1.995188E+00
      2880 -1.156780E-01  2.135591E+00 -2.028728E+00
      2881 -1.413615E-01  2.503489E+00 -1.859735E+00
      2882 -2.099315E-01  2.088769E+00 -1.925294E+00
      2883 -2.478203E-01  2.140945E+00 -1.843056E+00
      2884 -2.816945E-01  2.365254E+00 -1.799171E+00
      2885 -6.105620E-01  3.152584E+00 -1.439046E+00
      2886 -4.174258E-01  1.489870E+00 -1.994190E+00
      2887 -4.139567E-01  3.052156E+00 -1.346096E+00
      2888 -5.514589E-01  2.193075E+00 -1.622547E+00
      2889 -6.583581E-01  2.100704E+00 -1.448231E+00
      2890 -7.219776E-01  1.694940E+00 -1.483341E+00
      2891 -7.918715E-01  1.928043E+00 -1.372440E+00
      2892 -1.006152E+00  1.658255E+00 -1.551191E+00
      2893 -1.228825E+00  2.004629E+00 -1.890494E+00
      2894 -1.558446E+00  2.498439E+00 -2.554448E+00
      2895 -1.828978E+00  2.995312E+00 -3.625094E+00
      2896 -2.367509E+00  3.968969E+00 -6.019396E+00
      2897 -2.977394E+00  5.478219E+00 -1.051563E+01
      2898 -4.832294E+00  1.034254E+01 -2.182495E+01
      3388  2.830592E+00 -9.712716E-01  2.180121E+00
      3389  5.342146E+00 -6.129796E-01  2.563229E+00
      3390  1.035002E+01  2.521633E-01  4.491005E+00
      3391  9.342971E-01 -1.129594E+00  1.144040E+00
      3392  4.519770E+00 -3.019389E+00  8.592305E+00
      3393  1.079456E+01 -3.735535E+00  1.902580E+01
      3394  2.124034E+01 -4.179433E+00  3.261250E+01
      3495 -4.921275E-01 -9.274799E-01  1.188112E+00
      3496 -1.677258E+00  1.396572E+01  5.579287E+01
      3497 -7.886250E-02 -1.003069E+00 -1.281657E+00
      3498 -1.239066E+00 -1.709312E-01 -7.997938E-01
      3499 -6.194411E+00  1.892683E-01  9.817513E-01
      3500  1.291595E+00 -2.212446E-01 -2.825136E+00
      3501 -8.521083E-01 -2.757140E+00  1.861180E+00
      3502 -6.131738E+00 -3.828722E+00  1.148747E+01
      3503 -1.664029E+01 -4.735053E+00  2.743915E+01
      4007  3.172627E-02 -9.169563E-01 -1.277095E+00
      4008  1.031099E+00 -1.512924E-01 -8.636606E-01
      4009  5.524777E+00  1.626406E-01  7.553527E-01
      4010 -1.177450E+00 -2.056693E-01 -2.555687E+00
      4011  7.174617E-01 -2.532547E+00  1.584510E+00
      4012  5.483127E+00 -3.502804E+00  1.028202E+01
      4013  1.502768E+01 -4.333327E+00  2.480289E+01
      4119  4.857444E-01 -9.347121E-01  1.231304E+00
      4120  1.647310E+00  1.269306E+01  5.075223E+01
      4121 -2.728662E+00 -8.735220E-01  2.121537E+00
      4122 -5.052614E+00 -5.641687E-01  2.455103E+00
      4123 -9.598776E+00  2.461104E-01  4.226232E+00
      4124 -1.003229E+00 -1.104866E+00  1.318592E+00
      4125 -4.301197E+00 -2.792160E+00  8.183164E+00
      4126 -1.002961E+01 -3.419258E+00  1.768123E+01
      4127 -1.949934E+01 -3.801519E+00  2.993374E+01
      4548  3.118239E+00  4.191660E+00 -1.014144E+01
      4551 -2.875501E+00  3.862082E+00 -9.160738E+00
      4553 -7.021309E-01  3.682857E+00  4.397643E+00
      4554  2.257217E-01  1.939529E+00  1.757266E+00
      4555  5.491581E-01  1.185875E+00  1.182776E+00
      4556  1.147353E-01  1.127399E+00  1.684099E+00
      4557  4.779821E-01  7.529421E-01  1.545789E+00
      4558 -2.026989E-02  6.606878E-01  1.391337E+00
      4559 -1.424477E-03  6.830533E-01  1.420620E+00
      4560 -1.091791E-03  7.210472E-01  1.487113E+00
      4561  8.527067E-03  7.531358E-01  1.545264E+00
      4562  5.985906E-03  8.166529E-01  1.675353E+00
      4563 -7.054857E-03  8.592594E-01  1.759887E+00
      4564 -1.327593E-02  8.924438E-01  1.797952E+00
      4565  3.786286E-03  9.528417E-01  1.811094E+00
      4566  1.504117E-02  9.196498E-01  1.865088E+00
      4567 -1.153410E-02  9.004047E-01  1.824775E+00
      4568 -6.145765E-03  9.230101E-01  1.907652E+00
      4569 -6.655929E-03  9.009281E-01  1.842677E+00
      4570 -2.994974E-03  8.802336E-01  1.833461E+00
      4571  8.705527E-03  8.901709E-01  1.848202E+00
      4572 -2.938632E-03  9.224096E-01  1.876773E+00
      4573  3.798222E-03  9.194256E-01  1.881047E+00
      4574 -2.348872E-03  8.769705E-01  1.837725E+00
      4575 -5.058890E-03  8.782971E-01  1.834919E+00
      4576  3.386880E-03  8.735563E-01  1.829066E+00
      4577  1.485120E-03  8.666241E-01  1.798986E+00
      4578  4.627131E-03  8.445689E-01  1.758050E+00
      4579  1.182774E-02  8.762813E-01  1.799332E+00
      4580  1.581731E-02  8.620107E-01  1.798720E+00
      4581 -1.841656E-02  8.959940E-01  1.779792E+00
      4582  1.343321E-02  8.253102E-01  1.704971E+00
      4583 -8.229600E-03  7.937928E-01  1.612136E+00
      4584  3.820901E-03  7.208775E-01  1.492745E+00
      4585 -1.897174E-03  6.950501E-01  1.433864E+00
      4586  4.638946E-04  6.493225E-01  1.355741E+00
      4587  1.962343E-02  6.077725E-01  1.290354E+00
      4588 -6.266251E-02  9.008779E-01  1.340015E+00
      4589 -4.981262E-02  9.685046E-01  1.518594E+00
      4590 -5.469408E-01  1.037328E+00  1.101715E+00
      4591 -2.382758E-01  1.751025E+00  1.630150E+00
      4592  8.248836E-01  3.413213E+00  4.498677E+00
      4593  1.218228E+00  4.147086E+00  8.795124E+00
      4594  5.477738E-01  2.177169E+00  5.459944E+00
      4595  9.411899E-01  1.150139E+00  3.050710E+00
      4596  1.053129E+00  9.296825E-01  2.411332E+00
      4597  1.788947E+00  1.061562E+00  3.371475E+00
      4598  1.662332E+00  1.099407E+00  3.484720E+00
      4599  1.435656E+00  1.220284E+00  3.643168E+00
      4600  1.234224E+00  1.316400E+00  3.851606E+00
      4601  1.056266E+00  1.388838E+00  4.020054E+00
      4602  9.407628E-01  1.472893E+00  4.265012E+00
      4603  8.209213E-01  1.523981E+00  4.537849E+00
      4604  7.245816E-01  1.565117E+00  4.641364E+00
      4605  6.312817E-01  1.511795E+00  4.685780E+00
      4606  4.983395E-01  1.446665E+00  4.841167E+00
      4607  4.275703E-01  1.638340E+00  4.826156E+00
      4608  3.454174E-01  1.610213E+00  4.814191E+00
      4609  2.522385E-01  1.558141E+00  4.853002E+00
      4610  1.691175E-01  1.580963E+00  4.729092E+00
      4611  1.122074E-01  1.570016E+00  4.676426E+00
      4612  5.241444E-02  1.599871E+00  4.706913E+00
      4613 -2.074326E-02  1.547206E+00  4.774914E+00
      4614 -1.064943E-01  1.605494E+00  4.699865E+00
      4615 -1.485226E-01  1.593170E+00  4.688005E+00
      4616 -2.306219E-01  1.575655E+00  4.681285E+00
      4617 -3.168308E-01  1.585315E+00  4.674229E+00
      4618 -4.223509E-01  1.577672E+00  4.619608E+00
      4619 -4.798603E-01  1.568843E+00  4.626612E+00
      4620 -6.036933E-01  1.557975E+00  4.696906E+00
      4621 -6.405136E-01  1.589774E+00  4.677309E+00
      4622 -8.309198E-01  1.479740E+00  4.518203E+00
      4623 -8.803832E-01  1.473758E+00  4.367674E+00
      4624 -1.002727E+00  1.400517E+00  4.092158E+00
      4625 -1.091026E+00  1.347893E+00  3.882257E+00
      4626 -1.270685E+00  1.258424E+00  3.684594E+00
      4627 -1.464569E+00  1.161997E+00  3.429184E+00
      4628 -1.687591E+00  1.040482E+00  3.215617E+00
      4629 -2.001117E+00  1.020404E+00  3.210183E+00
      4630 -1.028172E+00  8.495622E-01  2.185282E+00
      4631 -9.238693E-01  1.055643E+00  2.764571E+00
      4632 -6.140481E-01  1.968355E+00  4.869225E+00
      4633 -1.245352E+00  3.762072E+00  8.000816E+00
      4883  3.936255E-01  1.161514E+01 -2.010082E+01
      4904 -4.827131E-01  2.316762E+01  5.424845E+01
      4918 -4.687154E+00 -5.440586E-02  9.980635E-01
      4919 -1.358965E+00  2.047795E-01 -1.057627E+00
      4920 -1.288726E+01  3.397843E+00  2.571035E+01
      4921 -6.908325E+00  5.589678E+00  2.117580E+01
      4922 -1.403848E+00  5.809712E+00  2.279938E+00
      4923  9.318337E+00 -1.313338E+00  5.171136E+00
      4924  3.018915E-01 -2.177915E+00  4.854400E-01
      4925  2.258613E+01  3.943302E+00  4.328278E+01
      4926  5.843301E+00  6.258454E+00  2.094260E+01
      4927 -8.204947E+00  2.304086E+00 -1.190193E+01
      4963 -4.023511E-01  1.038925E+01 -1.824088E+01
      4984  4.779355E-01  2.091112E+01  4.895509E+01
      4998 -8.633570E+00 -1.229187E+00  5.005416E+00
      4999 -4.751791E-01 -1.965283E+00  6.812451E-01
      5000 -2.067397E+01  3.553098E+00  3.959124E+01
      5001 -5.446302E+00  5.665523E+00  1.949642E+01
      5002  6.561806E+00  2.162292E+00 -9.918819E+00
      5003  4.054388E+00 -4.425501E-02  7.230889E-01
      5004  1.106984E+00  2.078674E-01 -1.272218E+00
      5005  1.144646E+01  3.075974E+00  2.283261E+01
      5006  6.081018E+00  5.097376E+00  1.868119E+01
      5007  1.181099E+00  5.298457E+00  1.816079E+00
     24350  7.533620E+00  1.678948E+00 -3.055369E+01
     24351  6.891141E+00 -4.140490E+00 -2.200660E+01
     24352 -5.945400E-02 -1.037772E+00 -4.595823E+00
     24353  2.330342E-01 -2.952557E+00 -4.041219E+00
     24354  5.755092E+00 -1.113306E+00 -1.704825E+01
     24355  5.294364E+00 -3.207812E+00 -1.361112E+01
     24356  4.284044E+00 -1.525229E+00 -1.082830E+01
     24357  3.508889E+00 -1.435174E+00 -7.576295E+00
     24358  3.458904E+00 -2.178032E+00 -6.039711E+00
     24359  4.138133E+00 -2.813587E+00 -9.726272E+00
     24360  2.444758E+00 -1.994508E+00 -4.120471E+00
     24361  2.944926E+00 -5.104059E-01 -5.037864E+00
     24362  2.207237E+00 -1.459767E+00 -4.444381E+00
     24363  1.736877E+00 -2.022365E+00 -2.975475E+00
     24364  1.848716E+00 -1.104789E+00 -3.574898E+00
     24365  2.233867E+00 -2.244550E+00 -4.338865E+00
     24366  1.488119E+00 -1.134696E+00 -3.423181E+00
     24367  1.261264E+00 -1.035321E+00 -3.372396E+00
     24368  1.478283E+00 -2.073378E+00 -3.319913E+00
     24369  1.062246E+00 -1.050178E+00 -3.488582E+00
     24370  1.229230E+00 -2.071793E+00 -3.357605E+00
     24371  9.278850E-01 -1.473340E+00 -3.957284E+00
     24372  9.396900E-01 -2.555050E+00 -3.475264E+00
     24373  9.898387E-01 -2.349501E+00 -4.133008E+00
     24374  8.511404E-01 -1.473052E+00 -4.145605E+00
     24375  9.114083E-01 -2.474860E+00 -4.047239E+00
     24376  8.153922E-01 -1.140947E+00 -4.091718E+00
     24377  4.694739E-01 -1.240102E+00 -4.392404E+00
     24378  6.694666E-01 -2.596925E+00 -4.058399E+00
     24379  7.629516E-01 -2.068565E+00 -3.791665E+00
     24380  6.523161E-01 -1.522814E+00 -4.368091E+00
     24381  6.376351E-01 -2.255323E+00 -4.135535E+00
     24382  4.602113E-01 -8.928689E-01 -4.094302E+00
     24383  2.404209E-01 -2.525053E+00 -4.262953E+00
     24384  3.088497E-01 -2.079148E+00 -4.835796E+00
     24385  2.981117E-01 -1.467840E+00 -4.351590E+00
     24386  2.516656E-01 -2.523839E+00 -3.747017E+00
     24387  4.479097E-01 -3.000844E+00 -5.109199E+00
     24388  1.548738E-01 -1.331379E+00 -4.375570E+00
     24389  1.580686E-01 -2.448719E+00 -4.278198E+00
     24390  1.033049E-01 -1.299886E+00 -4.561010E+00
     25270  3.525813E-03 -1.158103E+00 -4.523091E+00
     25271 -3.034045E-01 -2.917714E+00 -3.939703E+00
     25272 -6.987552E+00  1.875062E+00 -2.757839E+01
     25273 -6.487898E+00 -3.862267E+00 -1.913573E+01
     25274 -1.256558E-01 -1.185070E+00 -4.477085E+00
     25275 -2.107110E-01 -2.383343E+00 -4.230903E+00
     25276 -2.304708E-01 -1.168486E+00 -4.252883E+00
     25277 -3.297620E-01 -2.454862E+00 -4.115286E+00
     25278 -3.012396E-01 -1.373697E+00 -4.326092E+00
     25279 -3.130249E-01 -2.509497E+00 -4.750136E+00
     25280 -5.028076E-01 -2.373838E+00 -3.998182E+00
     25281 -3.997842E-01 -1.163802E+00 -4.083759E+00
     25282 -5.279735E-01 -1.223191E+00 -4.062883E+00
     25283 -6.451699E-01 -2.416552E+00 -3.995832E+00
     25284 -8.429727E-01 -2.617938E+00 -3.640944E+00
     25285 -6.660205E-01 -1.299204E+00 -4.076000E+00
     25286 -7.462295E-01 -1.662566E+00 -4.457304E+00
     25287 -1.172539E+00 -2.194260E+00 -3.395299E+00
     25288 -8.006221E-01 -6.834232E-01 -3.759089E+00
     25289 -6.224926E-01 -2.318675E+00 -4.534900E+00
     25290 -9.348768E-01 -1.678155E+00 -4.273660E+00
     25291 -9.915799E-01 -1.218732E+00 -3.679817E+00
     25292 -1.130460E+00 -2.168496E+00 -3.077550E+00
     25293 -9.425009E-01 -2.560347E+00 -4.409541E+00
     25294 -1.142247E+00 -1.175601E+00 -3.521286E+00
     25295 -1.325040E+00 -9.681718E-01 -3.235437E+00
     25296 -1.259753E+00 -2.070341E+00 -3.335995E+00
     25297 -1.501660E+00 -1.103956E+00 -3.292123E+00
     25298 -1.713915E+00 -1.885392E+00 -2.792846E+00
     25299 -1.528559E+00 -2.026832E+00 -3.614010E+00
     25300 -1.848099E+00 -9.154558E-01 -3.295764E+00
     25301 -2.161978E+00 -1.890325E+00 -3.493978E+00
     25302 -2.254957E+00 -9.094321E-01 -3.822209E+00
     25303 -2.584872E+00 -2.077060E+00 -4.243612E+00
     25304 -2.764159E+00 -1.036804E+00 -4.828606E+00
     25305 -3.283703E+00 -1.124992E+00 -6.624435E+00
     25306 -3.819969E+00 -2.459620E+00 -7.306506E+00
     25307 -3.167381E+00 -2.235444E+00 -6.190411E+00
     25308 -4.179406E+00 -1.159717E+00 -9.834115E+00
     25309 -4.943559E+00 -2.955745E+00 -1.195076E+01
     25310 -5.451519E+00 -9.050392E-01 -1.545658E+01
     27971  5.307751E-02  1.019166E+00  1.497907E+00
     27972 -1.170856E+00  1.418796E+00  4.022247E-02
     27973 -6.330642E-01  2.201332E+00  3.472821E-02
     27974  1.894129E-01 -7.971319E-02 -8.635982E-02
     27975 -1.778929E+00 -1.138471E+01  5.182275E+01
     27976 -1.446651E+00 -1.200502E+01  4.825531E+01
     27977  7.737312E-01 -7.803399E+00  4.067138E+01
     27978 -6.096656E-01 -1.529389E+00 -1.387224E+00
     27979 -8.041836E-01 -2.159936E+00  2.164107E+00
     27980 -2.384610E+00 -3.779255E+00  5.376517E-01
     27981  6.554972E-01 -1.950750E+00 -1.892649E+00
     27982 -4.035348E+00 -8.763541E+00  3.869693E+01
     27983 -3.613581E-01 -4.769843E+00  8.315458E+00
     27984 -1.269627E+00 -5.625345E+00  1.270028E+01
     27985 -9.410857E-01 -4.351780E+00  2.366840E+00
     27986 -1.241193E+00 -4.868512E+00  3.225186E+00
     27987  2.799359E-01 -6.439614E+00  2.097933E+01
     27988 -2.101570E+00 -8.290645E+00  2.511535E+01
     27989 -1.644289E+00 -5.508781E+00  1.457448E+01
     27990 -2.382807E+00 -7.153843E+00  1.691738E+01
     27991 -1.171280E+00 -5.582413E+00  8.090123E+00
     27992 -1.435666E+00 -7.072277E+00  3.253042E+01
     27993  2.725057E-01 -7.125639E+00  2.223247E+01
     30963 -4.592641E-02  9.405348E-01  1.371603E+00
     30964  1.059603E+00  1.295142E+00  2.736663E-02
     30965  5.486390E-01  1.985249E+00  3.105852E-02
     30966 -1.919270E-01 -7.542741E-02 -7.667150E-02
     30967  7.808003E-01 -2.096307E+00  2.353046E+00
     30968  6.225176E-01 -1.472786E+00 -1.130502E+00
     30969 -5.194329E-01 -1.808994E+00 -1.587764E+00
     30970  1.434556E+00 -1.092216E+01  4.381832E+01
     30971  1.729981E+00 -1.037933E+01  4.735166E+01
     30972  3.765782E+00 -8.044931E+00  3.512512E+01
     30973  2.204653E+00 -3.619844E+00  7.724037E-01
     30974 -6.040171E-01 -7.064896E+00  3.727297E+01
     30975  1.191012E+00 -4.494992E+00  2.958459E+00
     30976  1.126593E+00 -5.124970E+00  7.362121E+00
     30977  9.439702E-01 -4.026493E+00  2.418677E+00
     30978  3.947217E-01 -4.409641E+00  7.962171E+00
     30979  2.236821E+00 -6.569355E+00  1.535830E+01
     30980 -1.428223E-01 -6.505205E+00  2.019078E+01
     30981  1.654237E+00 -5.074198E+00  1.348467E+01
     30982 -1.770582E-01 -5.893252E+00  1.944634E+01
     30983  1.220950E+00 -5.198717E+00  1.193171E+01
     30984  1.427902E+00 -6.476770E+00  2.975519E+01
     30985  1.984723E+00 -7.629396E+00  2.315679E+01
     33572 -2.581043E-01  5.022707E-01 -1.226246E-01
     33573  2.635001E-01  4.848924E-01 -1.529272E-01
     33574  6.574604E-02  1.526040E-01  1.247836E-01
     33575 -9.908122E-02  1.556223E-01  1.832804E-01
     33576  5.074664E-02  8.098674E-02  1.133490E-01
     33577 -5.937914E-02  8.223266E-02  1.276743E-01
     33578 -4.557837E-02  5.147810E-02  7.663741E-02
     33579  4.536291E-02  4.012202E-02  7.065273E-02
     33580  5.929103E+00  2.034213E+00 -1.272095E+01
     33581  4.326673E+00  1.133926E+00  4.336661E-01
     33582  4.391808E+00  2.120006E-01 -8.256877E+00
     33583 -1.581095E-01 -4.272859E-01  2.797446E+00
     33584  2.293248E-01 -4.923102E-01  2.883119E+00
     33585  5.826134E-02 -3.882452E-01  2.798465E+00
     33586 -3.273623E-01 -4.763685E-01  2.899946E+00
     33587 -4.087830E+00  1.090842E+00  3.127370E-01
     33588 -5.533672E+00  1.925763E+00 -1.156037E+01
     33589 -4.204528E+00  2.352743E-01 -7.385322E+00
     33590  3.211154E+00 -2.141197E-02  5.596383E+00
     33591 -3.168577E+00  8.663586E-02  5.135067E+00
     33592  3.496587E+00 -1.560009E+00 -4.120768E+00
     33593  3.892227E+00 -1.219387E+00 -5.014510E+00
     33594  2.865510E+00 -3.974079E+00 -1.720743E-01
     33595  2.035213E+00 -1.128412E+00  3.860164E+00
     33596  3.084923E+00 -1.349313E+00 -2.481049E+00
     33597  3.253968E+00 -1.414074E+00 -3.058063E+00
     33598  2.358112E+00 -2.596618E+00  3.400259E-01
     33599  1.994830E+00 -5.707876E-01  4.062025E+00
     33600  2.199944E+00 -9.248429E-01  2.359534E+00
     33601  2.802962E+00 -9.916455E-01 -1.299662E+00
     33602  2.773226E+00 -1.132487E+00 -1.881524E+00
     33603  2.172530E+00 -1.385216E+00  4.597654E-01
     33604  2.280669E+00 -4.508869E-01  2.593595E+00
     33605  2.182823E+00 -6.245838E-01  1.916176E+00
     33606  4.121935E+00 -9.303443E-01  1.253123E+00
     33607  2.684585E+00 -7.878428E-01  4.668702E-01
     33608  2.393532E+00 -4.040465E-02  2.357524E+00
     33609  3.628825E+00 -8.755971E-01  1.674803E+00
     33610  3.420716E+00 -6.858505E-01  1.651078E+00
     33611  3.216572E+00 -6.250702E-01  2.058744E+00
     33612  2.944434E+00 -4.242129E-01  2.015754E+00
     33613  2.772955E+00 -4.539051E-01  2.319780E+00
     33614  2.483187E+00 -2.502730E-01  2.281039E+00
     33615  2.408669E+00 -3.852189E-01  2.481605E+00
     33616  2.087230E+00 -1.729321E-01  2.503668E+00
     33617  2.152606E+00 -3.933876E-01  2.641193E+00
     33618  1.776350E+00 -1.781251E-01  2.617237E+00
     33619  1.951177E+00 -5.769098E-01  2.799893E+00
     33620  1.503287E+00 -2.880514E-01  2.758241E+00
     33621  1.755222E+00 -5.821018E-01  2.811715E+00
     33622  1.262701E+00 -3.760044E-01  2.924015E+00
     33623  1.572391E+00 -4.792773E-01  2.880374E+00
     33624  1.144774E+00 -2.848955E-01  2.973354E+00
     33625  1.342443E+00 -6.756038E-01  3.175741E+00
     33626  9.942620E-01 -4.308786E-01  3.083419E+00
     33627  1.279357E+00 -6.417803E-01  2.903884E+00
     33628  7.415548E-01 -7.338800E-01  3.190985E+00
     33629  1.023681E+00 -3.841679E-01  2.966605E+00
     33630  5.949816E-01 -2.636863E-01  2.985774E+00
     33631  8.700707E-01 -7.895087E-01  2.920475E+00
     33632  3.595777E-01 -5.975474E-01  2.965287E+00
     33633  6.966786E-01 -5.900944E-01  2.861666E+00
     33634  1.903400E-01 -5.633525E-01  3.027744E+00
     33635  5.139404E-01 -4.780986E-01  2.767124E+00
     33636  4.599814E-02 -4.367803E-01  2.870306E+00
     33637  3.375329E-01 -4.084661E-01  2.771623E+00
     33638 -5.556909E-02 -3.938394E-01  2.821882E+00
     33639 -4.318560E-01 -3.825519E-01  2.793044E+00
     33640 -3.335130E-02 -3.267438E-01  2.833551E+00
     33641 -1.745137E-01 -3.695480E-01  2.845089E+00
     33642 -6.047202E-01 -4.062508E-01  2.807144E+00
     33643 -7.646983E-01 -4.678472E-01  2.804826E+00
     33644 -3.260382E-01 -3.852153E-01  2.863021E+00
     33645 -9.426781E-01 -4.003938E-01  2.849376E+00
     33646 -5.257713E-01 -3.010937E-01  2.884065E+00
     33647 -1.148924E+00 -3.967032E-01  2.817060E+00
     33648 -6.995906E-01 -3.136940E-01  2.884903E+00
     33649 -8.717180E-01 -3.857044E-01  2.991461E+00
     33650 -1.319814E+00 -4.910698E-01  2.829274E+00
     33651 -1.042518E+00 -4.347992E-01  2.867832E+00
     33652 -1.547310E+00 -6.485326E-01  2.849367E+00
     33653 -1.639558E+00 -3.530656E-01  2.915394E+00
     33654 -1.329757E+00 -2.756110E-01  2.966752E+00
     33655 -1.905225E+00 -6.381275E-01  2.710965E+00
     33656 -1.406230E+00 -4.001340E-01  2.770228E+00
     33657 -2.046864E+00 -5.031699E-01  2.681430E+00
     33658 -1.636594E+00 -2.636607E-01  2.646882E+00
     33659 -1.850435E+00 -1.942299E-01  2.496160E+00
     33660 -2.252528E+00 -4.472486E-01  2.510249E+00
     33661 -2.468488E+00 -3.953245E-01  2.396570E+00
     33662 -2.160211E+00 -1.615138E-01  2.394197E+00
     33663 -2.811684E+00 -4.366203E-01  2.220751E+00
     33664 -2.534665E+00 -2.193216E-01  2.150552E+00
     33665 -3.231824E+00 -5.063157E-01  1.950338E+00
     33666 -3.006112E+00 -3.391985E-01  1.822042E+00
     33667 -3.215112E+00 -4.071337E-01  1.904243E+00
     33668 -3.640687E+00 -6.981735E-01  1.646550E+00
     33669 -2.552601E+00 -7.317070E-01  3.143497E-01
     33670 -4.288878E+00 -9.657501E-01  1.165118E+00
     33671 -2.683174E+00 -9.453930E-01 -1.696776E+00
     33672 -2.702717E+00 -8.239767E-01 -1.132979E+00
     33673 -2.318756E+00 -2.962979E-02  2.128572E+00
     33674 -3.106007E+00 -1.242351E+00 -2.770907E+00
     33675 -2.955727E+00 -1.197722E+00 -2.264490E+00
     33676 -2.079745E+00 -1.244408E+00  3.517586E-01
     33677 -2.208546E+00 -3.739348E-01  2.318148E+00
     33678 -2.102894E+00 -5.059253E-01  1.737496E+00
     33679 -3.574153E+00 -9.742922E-01 -4.322258E+00
     33680 -3.259769E+00 -1.432921E+00 -3.760892E+00
     33681 -2.266600E+00 -2.322789E+00  2.460730E-01
     33682 -2.009376E+00 -4.938900E-01  3.626970E+00
     33683 -2.129073E+00 -8.380899E-01  2.135892E+00
     33684 -2.326379E+00 -2.680684E+00 -7.984025E-01
     33685 -1.848588E+00 -8.417565E-01  3.760036E+00
     34332  1.846422E+00  1.508440E+00 -1.072901E+00
     34333  3.051678E-01  7.070717E-01 -5.085716E-02
     34334  8.346048E-01  2.171532E+00 -1.074889E+00
     34335  1.454822E+00  2.122519E+00 -9.969146E+00
     34336  6.828997E-01  1.672146E+00 -1.848126E+01
     34337  1.311277E+00  4.690910E+00 -6.282933E+00
     34338  1.200722E+00  3.569933E+00 -1.063436E+01
     34339 -1.753604E+00  1.177183E+00 -9.605363E+00
     34340  9.067104E-01  3.935764E+00 -2.371679E+01
     34341 -1.281951E+00  1.446768E+01  1.751033E+01
     34342 -6.598804E-01  1.040111E+01 -3.012147E+00
     34343 -1.273783E+00  6.163881E+00 -9.326488E+00
     34344  1.205295E+00  2.374079E+00 -1.518185E+01
     34345 -9.710940E-01  8.795515E+00  6.852943E+01
     34346 -1.924877E+00  7.450813E+00  5.381279E+01
     34347 -3.987021E+00  7.026579E+00  3.739589E+01
     34348  2.749575E+00  8.449112E+00  5.128152E+01
     34349 -3.614921E+00  1.483450E+01  4.019535E+01
     34350 -1.968391E+00  1.167559E+01  3.894557E+01
     34717 -2.806684E-01  1.225835E-01  5.463299E-01
     34718 -6.266964E-01  1.420926E-01  9.115380E-01
     34719 -8.018508E-01  1.968085E+00 -9.849306E-01
     34720 -7.604229E-01  1.464306E+00 -1.666827E+01
     34721 -1.505078E+00  2.059585E+00 -8.993445E+00
     34722 -1.179918E+00  3.279672E+00 -9.595324E+00
     34723 -1.229259E+00  4.301905E+00 -5.533768E+00
     34724 -2.684355E-01  1.884047E+00 -1.004826E+01
     34725 -1.401732E-01  2.116777E+00 -1.864689E+01
     34726  6.807681E-01  9.463670E+00 -2.628117E+00
     34727  1.281887E+00  1.315599E+01  1.607502E+01
     34728  1.239447E+00  5.655812E+00 -7.909335E+00
     34729  1.427149E-01  4.416609E+00 -1.703300E+01
     34730  1.806808E+00  6.745091E+00  4.830184E+01
     34731  9.932639E-01  7.941035E+00  6.216170E+01
     34732 -2.414160E+00  7.660424E+00  4.665592E+01
     34733  3.685323E+00  6.315949E+00  3.346751E+01
     34734  3.460064E+00  1.344115E+01  3.643844E+01
     34735  1.990514E+00  1.061336E+01  3.503610E+01

 total force (fx,fy,fz) for set FEET and time  0.4000000E+01

        2.036336E-09  3.000000E+02  1.200000E+03

                        S T E P       5


                                INCREMENT     1


 displacements (vx,vy,vz) for set TOP and time  0.5000000E+01

     17824 -2.475532E-02  4.682947E-01 -4.263064E-01
     17869 -1.309729E-02  5.884946E-01 -5.056416E-01
     18306 -3.338261E-04  6.351815E-01 -5.384452E-01
     21734  1.063631E-02  6.256000E-01 -5.305290E-01
     22923  2.317901E-02  4.529496E-01 -4.081037E-01

 forces (fx,fy,fz) for set FEET and time  0.5000000E+01

       151  3.606904E-02  1.480352E-02 -1.362527E-01
       155  4.294913E-02  2.060694E+00  1.014325E+00
       156 -5.290945E-03 -1.490306E-02  1.301209E-01
       160 -8.101513E-05 -4.036722E-01 -3.425233E-01
       161 -7.266380E-02 -1.771112E-01  1.270385E-01
       165 -1.401231E-01  1.877667E+00  9.469094E-01
       194  2.239804E+01  1.336231E+01  2.419052E+01
       195  1.740720E+00 -1.598532E+00  2.017106E+00
       196 -9.218105E-01 -2.051856E-01  1.568145E+00
       197 -2.075424E+01  9.403336E+00  1.917292E+01
       221  8.120248E-01 -1.306197E-01  1.426696E+00
       222  1.893353E+01  8.423707E+00  1.730463E+01
       225 -1.646148E+00 -1.537010E+00  1.871717E+00
       226 -2.065700E+01  1.246854E+01  2.247188E+01
       234  7.573466E-01 -1.489041E+00 -2.693833E+00
       236 -7.129022E-01 -1.335228E+00 -2.460761E+00
       242 -1.078695E+00  1.275061E+00 -1.015160E-01
       245  2.252488E+00 -8.372241E-01 -2.329436E+00
       246 -5.819066E+00 -3.732986E+00 -7.810270E+00
       253  1.193607E+00  1.023108E+00 -3.177174E-01
       254  5.217078E+00 -3.336060E+00 -7.015906E+00
       255 -2.026925E+00 -7.583635E-01 -2.104864E+00
      2448 -4.464356E-01 -1.341309E+00 -8.239759E+00
      2464  2.178560E-02  5.898241E-01 -4.186519E-01
      2473 -5.869932E-01  6.164567E-01 -1.217977E+00
      2474  9.741963E-02  8.890776E-01 -4.595520E-01
      2475  4.604907E-02  6.183219E-01  4.625975E-02
      2476  3.767044E-02  3.130008E-01  3.463142E-01
      2477  2.038980E-01  2.540850E-01  4.602872E-01
      2478  1.639895E-02 -5.308231E-02  5.544757E-01
      2479  5.521156E-02 -1.406109E-02  7.497401E-01
      2480  9.925483E-03 -4.381995E-02  5.585121E-01
      2481  9.346000E-03 -2.479854E-02  4.506340E-01
      2482  1.210698E-02 -3.411602E-02  3.005926E-01
      2483  1.917403E-02  1.305930E-02  4.261670E-01
      2484  1.778589E-02 -1.530145E-02  2.446619E-01
      2485  2.744397E-02 -3.789578E-01  2.077317E-01
      2486  4.393483E-02  4.319793E-03  3.444731E-01
      2487  3.544574E-02 -3.858842E-02  1.847725E-01
      2488  3.076064E-02  2.799054E-03  2.121541E-01
      2489 -1.331193E-02 -1.814992E-02  1.856283E-01
      2490 -6.329667E-03  1.075385E-02  2.193364E-01
      2491 -9.313088E-03 -2.492027E-03  1.396500E-01
      2492 -3.081222E-02 -2.023062E-01  3.014232E-01
      2493  7.972259E-01 -2.450513E+00 -1.097011E+01
      2494  2.724848E+00 -9.330872E-01 -1.101311E+01
      2495  3.913402E+00 -4.006746E-01 -8.596140E+00
      2496  3.919752E+00 -1.477825E-01 -4.872095E+00
      2497  4.848826E+00 -5.571516E-01 -3.763378E+00
      2498  3.792344E+00  2.645244E-01 -1.575703E+00
      2499  2.843136E+00  3.577274E-01 -2.430419E-01
      2500  2.174751E+00  4.126539E-01  2.762040E-01
      2501  1.672633E+00  3.621018E-01  3.675276E-01
      2502  1.358162E+00  3.383976E-01  2.098199E-01
      2503  1.167200E+00  4.869964E-01 -2.439842E-02
      2504  1.027209E+00  4.215899E-01 -2.172416E-01
      2505  9.575402E-01  2.548038E-01 -4.143078E-01
      2506  9.337715E-01  2.250505E-01 -3.715060E-01
      2507  7.256601E-01  2.358353E-01 -4.658068E-01
      2508  6.326069E-01  1.125644E-01 -5.345110E-01
      2509  4.639440E-01  4.108612E-01 -5.129852E-01
      2510  2.570965E-01  2.549042E-01 -6.992411E-01
      2511  1.367215E-01  1.818438E-01 -8.646639E-01
      2512  5.484963E-02  1.069751E-01 -1.055489E+00
      2513  3.597039E-02  7.577356E-02 -1.149684E+00
      2637 -6.785679E-01  3.135452E+00 -1.330883E+00
      2638 -3.940641E-02  2.349283E+00 -1.720736E+00
      2639  2.054922E-02  2.153191E-01 -8.486419E-01
      2640  6.309272E-02  5.083020E-02 -4.150564E-01
      2641  1.116221E-02 -7.919999E-01 -2.238116E-01
      2642  1.020982E-01 -1.875597E+00 -2.538662E-01
      2643  5.108702E-03 -1.437190E+00  7.938804E-02
      2644 -7.390707E-04 -1.336083E+00 -8.744121E-02
      2645 -1.942938E-02 -1.095154E+00 -1.110105E-01
      2646 -2.164403E-02 -1.120795E+00 -2.332239E-01
      2647  1.603341E-02 -1.169020E+00 -7.836956E-02
      2648  1.250800E-02 -8.401865E-01 -1.869358E-01
      2649 -7.090223E-03 -1.939670E-01 -6.946743E-02
      2650  1.386954E-02 -1.264026E+00 -2.388060E-01
      2651 -2.195980E-02 -4.525714E-01 -1.793010E-01
      2652 -4.981547E-02 -6.327731E-01 -2.067129E-01
      2653  3.748491E-02 -1.048196E+00 -2.370428E-01
      2654 -3.718340E-03 -5.806374E-01 -1.539041E-01
      2655  3.485771E-03 -4.949875E-01 -2.322119E-01
      2656  1.092394E-01 -3.782700E-01 -4.203960E-01
      2657 -2.538455E-01  4.187580E+00 -6.795446E+00
      2658  1.769997E+00  4.670751E+00 -9.394451E+00
      2659  2.567671E+00  2.904084E+00 -7.375401E+00
      2660  2.739328E+00  7.920697E-01 -4.809621E+00
      2661  1.955859E+00  3.557252E-01 -1.773535E+00
      2662  1.469326E+00 -1.141230E+00 -4.889230E-01
      2663  1.155640E+00 -1.112152E+00  3.862543E-01
      2664  8.262822E-01 -1.104418E+00  6.784087E-01
      2665  6.200169E-01 -8.721615E-01  6.504281E-01
      2666  4.765267E-01 -7.122790E-01  4.475934E-01
      2667  4.232771E-01 -9.493280E-01  1.295803E-01
      2668  4.374961E-01 -7.503150E-01 -6.094098E-02
      2669  3.616664E-01 -3.477236E-01 -9.650354E-02
      2670  3.640880E-01 -3.956098E-01 -2.343763E-01
      2671  3.695776E-01 -3.500551E-01 -2.120390E-01
      2672  2.357636E-01 -1.419534E-01 -1.058084E-01
      2673  1.548926E-01 -8.225952E-01 -4.048710E-01
      2674  1.185492E-01 -3.947947E-01 -3.298180E-01
      2675  5.680024E-02 -2.710766E-01 -4.368710E-01
      2676  4.263366E-03 -1.139919E-01 -5.261102E-01
      2677  4.854470E-03  3.022240E-03 -6.004542E-01
      2685  4.599822E-01 -1.041454E+00 -7.779234E+00
      2694  3.189688E-02 -2.101157E-01  2.736798E-01
      2695  9.334455E-03 -1.045254E-02  1.209927E-01
      2696  7.726307E-03 -1.451813E-02  1.156587E-01
      2697 -4.806302E-03  3.698024E-04  1.606337E-01
      2698 -1.270741E-02 -5.418570E-03  1.622460E-01
      2699 -1.973236E-02 -3.850592E-03  1.755888E-01
      2700 -2.358448E-02  1.298799E-02  2.561410E-01
      2701 -4.300191E-02 -1.331048E-02  1.592413E-01
      2702 -4.462368E-02 -2.537242E-03  3.020436E-01
      2703 -3.044405E-02 -2.106984E-02  2.133261E-01
      2704 -3.071396E-02  6.161986E-03  4.053405E-01
      2705 -2.252587E-02 -1.610086E-02  4.173062E-01
      2706 -1.264346E-02 -6.056592E-02  3.877289E-01
      2707 -6.954321E-02 -9.904838E-03  6.352350E-01
      2708 -4.422872E-02  1.145056E-02  5.485806E-01
      2709 -1.673198E-02  3.113992E-01  5.715428E-01
      2710  3.731501E-02  2.587166E-01  5.283059E-01
      2711 -1.231550E-01  6.091068E-01 -2.815872E-01
      2712  6.906464E-02  8.117171E-01 -7.811850E-01
      2713  1.004027E+00  2.823235E-01 -3.141388E-01
      2714  6.481366E-03  8.979415E-02 -1.077322E+00
      2715 -9.653446E-03  1.480229E-01 -1.037673E+00
      2716 -9.358999E-02  1.246140E-01 -8.984325E-01
      2717 -2.319993E-01  1.847075E-01 -6.801502E-01
      2718 -4.051327E-01  1.465804E-01 -5.447198E-01
      2719 -5.870705E-01  1.715786E-01 -4.391084E-01
      2720 -7.624190E-01  2.188302E-01 -3.692579E-01
      2721 -9.345597E-01  3.648961E-01 -2.801629E-01
      2722 -1.073929E+00  1.002013E-01 -3.113338E-01
      2723 -1.208099E+00  4.023316E-01 -1.823849E-01
      2724 -1.346911E+00  3.190351E-01 -1.164039E-01
      2725 -1.524937E+00  3.595731E-01 -4.581789E-04
      2726 -1.794981E+00  2.972880E-01  8.014786E-02
      2727 -2.230093E+00  3.656385E-01  3.105996E-02
      2728 -2.829321E+00  2.237823E-01 -4.512496E-01
      2729 -3.699793E+00  7.814884E-02 -1.537485E+00
      2730 -4.621562E+00 -2.143989E-01 -3.550659E+00
      2731 -3.720328E+00 -1.598253E-01 -4.927256E+00
      2732 -3.797833E+00 -4.510946E-01 -7.451577E+00
      2733 -2.964746E+00 -9.012798E-01 -9.921933E+00
      2734 -1.110912E+00 -2.314340E+00 -1.036521E+01
      2858 -1.051615E-01 -3.340676E-01 -3.521169E-01
      2859 -8.301544E-04 -4.112701E-01 -2.362998E-01
      2860 -2.759823E-03 -4.925000E-01 -2.358903E-01
      2861  1.171032E-02 -4.993130E-01 -1.707730E-01
      2862  4.816874E-03 -4.680358E-01 -1.572167E-01
      2863  2.026522E-03 -5.103232E-01 -1.516668E-01
      2864 -4.495245E-02 -7.856991E-01 -8.749037E-02
      2865  2.078716E-02 -5.577675E-01 -2.356097E-01
      2866 -7.276850E-04 -5.924663E-01 -1.213713E-01
      2867  1.313912E-02 -1.038034E+00 -2.134799E-01
      2868 -2.425814E-03 -9.004744E-01 -5.341171E-02
      2869  1.035471E-02 -1.007194E+00 -1.277457E-01
      2870 -6.866668E-04 -1.159339E+00 -2.161339E-01
      2871  4.589317E-03 -1.218709E+00  3.358678E-02
      2872 -1.820883E-03 -1.136207E+00 -9.782663E-02
      2873 -6.710845E-02 -1.001105E+00 -1.208953E-01
      2874 -5.034119E-02 -4.322884E-01 -4.658292E-01
      2875 -1.066625E-01  9.871786E-01 -1.075241E+00
      2876 -2.006888E-02  2.274046E+00 -1.354936E+00
      2877  4.619433E-01  3.005913E+00 -1.042848E+00
      2878  1.417278E-02 -3.451040E-02 -6.408153E-01
      2879  2.733350E-02 -7.485812E-02 -5.582575E-01
      2880 -3.368058E-02 -1.379114E-01 -4.075099E-01
      2881 -8.697085E-02 -2.895365E-01 -3.417750E-01
      2882 -1.502010E-01 -2.177077E-01 -2.098170E-01
      2883 -2.356557E-01 -2.554549E-01 -1.583144E-01
      2884 -3.218474E-01 -3.350995E-01 -1.302305E-01
      2885 -3.455666E-01 -6.057701E-01 -2.129988E-01
      2886 -3.996146E-01 -1.951032E-01 -8.854798E-03
      2887 -5.478782E-01 -7.338766E-01 -1.137371E-01
      2888 -5.097169E-01 -5.787835E-01  9.151120E-02
      2889 -5.727255E-01 -7.279529E-01  2.475398E-01
      2890 -6.632866E-01 -7.204577E-01  4.599114E-01
      2891 -8.479522E-01 -9.511275E-01  4.475416E-01
      2892 -1.108666E+00 -7.793753E-01  2.610049E-01
      2893 -1.554597E+00 -6.824080E-01 -4.575148E-01
      2894 -2.021366E+00 -2.207694E-01 -1.910110E+00
      2895 -2.325993E+00  1.180932E+00 -3.873627E+00
      2896 -2.436498E+00  2.799327E+00 -7.053557E+00
      2897 -1.668503E+00  4.047586E+00 -8.729676E+00
      2898  2.404778E-01  3.559735E+00 -6.109526E+00
      3388  8.249683E+00 -1.354390E+00  5.770734E+00
      3389  1.240890E+01 -1.081405E+00  5.997251E+00
      3390  2.037000E+01  7.031819E-01  9.311093E+00
      3391  5.958643E+00 -4.276032E+00  1.024824E+01
      3392  1.208019E+01 -7.039378E+00  2.312202E+01
      3393  2.278009E+01 -7.524846E+00  4.014828E+01
      3394  3.959802E+01 -7.765002E+00  6.087304E+01
      3495 -1.094802E+00 -6.181637E+00  9.633896E+00
      3496 -3.646768E+00  2.370349E+01  9.685675E+01
      3497 -2.267452E+00 -1.618255E+00 -1.925578E+00
      3498 -3.328445E+00 -2.109799E-01 -1.393031E+00
      3499 -1.117141E+01  3.400138E-01  1.303143E+00
      3500 -1.115378E+00 -2.228993E+00  1.739486E+00
      3501 -3.868127E+00 -6.396949E+00  8.278241E+00
      3502 -1.244067E+01 -7.685565E+00  2.337538E+01
      3503 -2.949799E+01 -8.859725E+00  4.891658E+01
      4007  1.828334E+00 -1.505552E+00 -2.142127E+00
      4008  2.673389E+00 -1.841210E-01 -1.718304E+00
      4009  9.863163E+00  2.801137E-01  7.667236E-01
      4010  8.222054E-01 -1.951236E+00  1.261408E+00
      4011  3.225006E+00 -5.851871E+00  6.952210E+00
      4012  1.100021E+01 -7.050739E+00  2.069734E+01
      4013  2.666530E+01 -8.171892E+00  4.428102E+01
      4119  1.114705E+00 -5.698392E+00  8.882913E+00
      4120  3.701805E+00  2.174567E+01  8.886251E+01
      4121 -7.870815E+00 -1.229277E+00  5.623834E+00
      4122 -1.182928E+01 -1.014340E+00  5.811202E+00
      4123 -1.914987E+01  6.836736E-01  8.915250E+00
      4124 -5.707963E+00 -4.038937E+00  9.813972E+00
      4125 -1.144891E+01 -6.500077E+00  2.192178E+01
      4126 -2.134709E+01 -6.910901E+00  3.763446E+01
      4127 -3.675150E+01 -7.090838E+00  5.647380E+01
      4548  1.682584E+00 -4.179517E+00 -1.092528E+01
      4551 -1.632503E+00 -3.731726E+00 -9.876058E+00
      4553  1.185344E+00  1.203319E+00 -8.970430E-01
      4554  2.473167E-01  1.226913E+00 -2.220920E-01
      4555  2.538466E-01  4.208182E-01 -5.596831E-01
      4556 -1.218060E-01 -8.120876E-01 -8.307212E-01
      4557  2.449926E-01 -6.124886E-01 -1.181515E+00
      4558 -7.995333E-04 -6.827589E-01 -1.271910E+00
      4559  1.292808E-02 -6.025803E-01 -1.166731E+00
      4560  1.915593E-02 -5.134543E-01 -1.005772E+00
      4561  1.207860E-02 -4.216415E-01 -8.204988E-01
      4562  6.294272E-03 -3.592428E-01 -6.850974E-01
      4563  9.745945E-04 -3.133559E-01 -5.799672E-01
      4564 -2.349680E-03 -2.760467E-01 -4.843168E-01
      4565 -1.569728E-02 -2.788474E-01 -4.463585E-01
      4566 -1.926284E-02 -2.545988E-01 -4.442081E-01
      4567 -8.360368E-03 -2.429579E-01 -4.239289E-01
      4568 -6.967958E-03 -2.477774E-01 -4.487701E-01
      4569 -1.018682E-03 -2.343008E-01 -4.129953E-01
      4570  1.126106E-03 -2.164028E-01 -3.814454E-01
      4571 -1.569095E-03 -2.095367E-01 -3.581412E-01
      4572  1.843211E-03 -2.125118E-01 -3.459615E-01
      4573  1.898757E-04 -2.078582E-01 -3.402314E-01
      4574  1.432441E-03 -1.938540E-01 -3.310201E-01
      4575  3.268172E-03 -1.981371E-01 -3.452058E-01
      4576  3.412691E-03 -2.013335E-01 -3.599258E-01
      4577  7.267469E-03 -2.021473E-01 -3.603720E-01
      4578  8.872428E-03 -1.990994E-01 -3.561405E-01
      4579  9.035283E-03 -2.131995E-01 -3.760359E-01
      4580  6.298655E-03 -2.196802E-01 -3.969324E-01
      4581  1.638830E-02 -2.543060E-01 -4.377134E-01
      4582 -4.012111E-04 -2.704180E-01 -4.943597E-01
      4583  2.860588E-03 -3.126665E-01 -5.791297E-01
      4584 -1.192174E-02 -3.649963E-01 -7.007304E-01
      4585 -1.299952E-02 -4.547958E-01 -8.771061E-01
      4586 -7.110728E-03 -5.367498E-01 -1.030990E+00
      4587  6.687188E-04 -5.982394E-01 -1.119759E+00
      4588 -3.005123E-02 -8.848137E-01 -1.106947E+00
      4589  4.509113E-02 -7.051734E-01 -7.508886E-01
      4590 -2.669586E-01  3.982922E-01 -5.099733E-01
      4591 -2.719299E-01  1.109631E+00 -2.019014E-01
      4592 -7.256623E-01  5.551698E-02 -2.620045E-01
      4593  2.555272E+00 -4.002842E+00 -7.446749E+00
      4594  1.370706E+00 -9.618117E-01 -1.287934E+00
      4595  1.186744E+00 -8.682852E-01 -1.283923E+00
      4596  1.218943E+00 -1.156763E+00 -2.152645E+00
      4597  2.416520E+00 -1.964967E+00 -4.333012E+00
      4598  2.067258E+00 -1.702730E+00 -4.146582E+00
      4599  1.692723E+00 -1.406414E+00 -3.591037E+00
      4600  1.356739E+00 -1.159469E+00 -3.067963E+00
      4601  1.108700E+00 -9.679340E-01 -2.596646E+00
      4602  9.173229E-01 -8.354551E-01 -2.250905E+00
      4603  7.878066E-01 -7.398733E-01 -2.031742E+00
      4604  7.039859E-01 -6.828658E-01 -1.836909E+00
      4605  6.148302E-01 -6.128890E-01 -1.691985E+00
      4606  5.564377E-01 -5.722927E-01 -1.686098E+00
      4607  4.595377E-01 -6.273265E-01 -1.639617E+00
      4608  3.511079E-01 -6.227271E-01 -1.631521E+00
      4609  2.495213E-01 -6.243557E-01 -1.667771E+00
      4610  1.585056E-01 -6.482859E-01 -1.642676E+00
      4611  8.260596E-02 -6.617433E-01 -1.638091E+00
      4612  3.611154E-02 -6.810846E-01 -1.651058E+00
      4613  1.475573E-02 -6.668717E-01 -1.668137E+00
      4614  7.841404E-05 -6.662018E-01 -1.604541E+00
      4615 -5.143619E-02 -6.348049E-01 -1.553087E+00
      4616 -1.184148E-01 -5.940322E-01 -1.491725E+00
      4617 -2.107333E-01 -5.603600E-01 -1.429836E+00
      4618 -3.190504E-01 -5.288557E-01 -1.365009E+00
      4619 -4.484840E-01 -5.118550E-01 -1.349455E+00
      4620 -5.585181E-01 -5.085873E-01 -1.386505E+00
      4621 -6.922534E-01 -5.492904E-01 -1.470162E+00
      4622 -7.668331E-01 -5.625689E-01 -1.568279E+00
      4623 -8.847426E-01 -6.488915E-01 -1.754585E+00
      4624 -1.002776E+00 -7.370750E-01 -1.975499E+00
      4625 -1.182873E+00 -8.898170E-01 -2.340836E+00
      4626 -1.393909E+00 -1.070908E+00 -2.792884E+00
      4627 -1.684201E+00 -1.301140E+00 -3.256540E+00
      4628 -2.022535E+00 -1.564702E+00 -3.706097E+00
      4629 -2.285482E+00 -1.783324E+00 -3.913805E+00
      4630 -1.172334E+00 -1.062370E+00 -1.950490E+00
      4631 -1.144802E+00 -7.944926E-01 -1.159131E+00
      4632 -1.325146E+00 -8.595428E-01 -1.133301E+00
      4633 -2.429548E+00 -3.538127E+00 -6.757506E+00
      4883 -3.070435E-01  1.027761E+00 -2.232823E+00
      4904  2.887002E-01 -1.064025E+01 -2.216499E+01
      4918 -2.597245E-01 -4.144479E-01  2.054555E+00
      4919  1.369502E+00 -6.341529E-01  2.297543E+00
      4920  1.772077E+00 -3.677065E+00 -3.470889E+00
      4921  2.221855E+00 -8.803547E+00 -7.276704E+00
      4922  3.935846E+00 -6.899021E+00 -1.152778E+01
      4923 -6.331482E+00  1.205271E+00 -5.807553E+00
      4924 -6.410624E+00  1.247102E+00 -2.979406E+00
      4925 -1.162619E+01 -4.638698E+00 -2.153653E+01
      4926 -7.243451E+00 -9.801113E+00 -2.514455E+01
      4927 -6.881250E+00 -2.006739E+00 -1.165956E+01
      4963  3.142314E-01  9.964616E-01 -2.091426E+00
      4984 -2.306518E-01 -9.565591E+00 -1.991031E+01
      4998  5.624854E+00  1.089355E+00 -5.153955E+00
      4999  5.674985E+00  1.127917E+00 -2.548618E+00
      5000  1.040040E+01 -4.176604E+00 -1.926218E+01
      5001  6.460445E+00 -8.820914E+00 -2.243024E+01
      5002  5.837889E+00 -1.789356E+00 -1.010040E+01
      5003  2.076037E-01 -3.802920E-01  1.825829E+00
      5004 -1.275567E+00 -5.770011E-01  1.954013E+00
      5005 -1.592634E+00 -3.325957E+00 -3.124753E+00
      5006 -2.023761E+00 -7.956091E+00 -6.629353E+00
      5007 -3.597842E+00 -6.215774E+00 -1.051601E+01
     24350  2.413322E-01 -1.723083E+00 -1.289532E+01
     24351  1.795841E+00 -9.668898E-01 -1.365466E+01
     24352  2.796899E-02  2.746577E-01 -4.049213E-01
     24353 -3.476088E-02  7.526038E-01 -5.242149E-01
     24354  3.041802E+00 -2.466894E-01 -1.399325E+01
     24355  3.889153E+00 -2.047584E-01 -1.236995E+01
     24356  4.419192E+00  3.481866E-01 -1.046508E+01
     24357  4.249243E+00  8.456641E-01 -5.669288E+00
     24358  3.975951E+00  8.480386E-01 -3.834806E+00
     24359  4.750923E+00  7.493367E-01 -8.178533E+00
     24360  3.425390E+00  9.738581E-01 -1.090284E+00
     24361  3.603116E+00  1.983844E-01 -2.450938E+00
     24362  2.805226E+00  9.528862E-01  3.602997E-01
     24363  1.825447E+00  1.229062E+00  1.194153E+00
     24364  2.047139E+00  7.007784E-01  1.249007E+00
     24365  2.506947E+00  1.501809E+00  1.108346E+00
     24366  1.511149E+00  6.178747E-01  1.643141E+00
     24367  1.155315E+00  5.157227E-01  1.506847E+00
     24368  1.384245E+00  1.169993E+00  1.588860E+00
     24369  9.395889E-01  4.725868E-01  1.177622E+00
     24370  1.089301E+00  1.016167E+00  1.344728E+00
     24371  8.008484E-01  6.104288E-01  9.343151E-01
     24372  7.874796E-01  9.556851E-01  5.867042E-01
     24373  9.428595E-01  1.012423E+00  1.212305E+00
     24374  7.134792E-01  5.500852E-01  6.144819E-01
     24375  7.114433E-01  8.286571E-01  4.424158E-01
     24376  6.536583E-01  3.728585E-01  3.095571E-01
     24377  6.958686E-01  3.977695E-01  2.955046E-01
     24378  6.346780E-01  7.380834E-01  2.323687E-01
     24379  7.232110E-01  6.228331E-01  5.998387E-02
     24380  5.161686E-01  4.619122E-01  2.262064E-01
     24381  5.084524E-01  6.063027E-01  1.453877E-01
     24382  4.552306E-01  2.418795E-01  1.062057E-01
     24383  4.709188E-01  6.741564E-01  1.434024E-01
     24384  3.236900E-01  6.110537E-01  2.825792E-01
     24385  1.833107E-01  4.062346E-01 -1.108103E-02
     24386  1.294167E-01  6.400735E-01 -1.936818E-01
     24387  2.291884E-01  8.397595E-01  2.389631E-01
     24388  8.334377E-02  3.676903E-01 -1.861933E-01
     24389  4.650620E-02  6.246771E-01 -2.995931E-01
     24390  1.520322E-02  3.695562E-01 -3.007006E-01
     25270 -3.155900E-02  3.020505E-01 -4.457242E-01
     25271  4.994046E-02  7.244013E-01 -5.919927E-01
     25272 -2.007920E-01 -1.261055E+00 -1.156520E+01
     25273 -2.008414E+00 -8.994198E-01 -1.270574E+01
     25274 -2.291319E-02  3.071951E-01 -3.679190E-01
     25275 -2.748900E-02  5.730750E-01 -3.621453E-01
     25276 -6.629332E-02  2.878609E-01 -2.715654E-01
     25277 -2.461181E-01  5.738195E-01 -2.780936E-02
     25278 -1.542192E-01  3.479483E-01 -6.050281E-02
     25279 -1.017434E-01  6.154908E-01 -1.042148E-01
     25280 -3.718420E-01  5.468657E-01  6.973850E-02
     25281 -2.843743E-01  2.805894E-01  2.298770E-02
     25282 -4.162010E-01  2.960482E-01  1.262208E-01
     25283 -5.092791E-01  5.681682E-01  1.560156E-01
     25284 -6.070765E-01  6.428892E-01  1.778011E-01
     25285 -5.393743E-01  3.217871E-01  1.947117E-01
     25286 -6.651602E-01  4.615901E-01  3.798240E-01
     25287 -7.744523E-01  6.322521E-01  2.847014E-01
     25288 -7.954602E-01  1.827106E-01  2.546792E-01
     25289 -8.485799E-01  6.033947E-01  3.836667E-01
     25290 -8.471910E-01  5.494106E-01  5.889460E-01
     25291 -9.448076E-01  4.383092E-01  6.404787E-01
     25292 -1.031273E+00  8.250292E-01  6.028929E-01
     25293 -9.869787E-01  8.565530E-01  7.200345E-01
     25294 -1.055924E+00  4.996821E-01  9.199002E-01
     25295 -1.241867E+00  4.676158E-01  1.118211E+00
     25296 -1.205700E+00  9.177776E-01  9.822072E-01
     25297 -1.553986E+00  5.692457E-01  1.280918E+00
     25298 -1.863724E+00  1.077334E+00  8.602656E-01
     25299 -1.457815E+00  1.068275E+00  1.407449E+00
     25300 -2.038087E+00  5.444518E-01  8.853992E-01
     25301 -2.414933E+00  1.111933E+00  4.999135E-01
     25302 -2.684606E+00  5.894459E-01 -9.353166E-02
     25303 -3.121031E+00  1.182080E+00 -9.310864E-01
     25304 -3.418899E+00  6.531758E-01 -2.169774E+00
     25305 -4.141906E+00  3.189275E-01 -5.507980E+00
     25306 -4.309984E+00  2.113459E-01 -7.068989E+00
     25307 -4.015389E+00  1.041354E+00 -3.677951E+00
     25308 -4.056939E+00  2.814957E-01 -9.633570E+00
     25309 -3.786073E+00 -2.666173E-01 -1.110583E+01
     25310 -2.691249E+00 -7.122413E-02 -1.275001E+01
     27971 -8.635825E-02  1.760866E+00  2.188076E+00
     27972 -2.195455E+00  2.218923E+00 -5.743682E-01
     27973 -9.342602E-01  3.525606E+00 -9.062228E-02
     27974  3.599765E-01 -1.788172E-01 -2.430310E-01
     27975 -3.666558E+00 -2.042824E+01  9.404957E+01
     27976 -3.486617E+00 -2.136623E+01  8.589521E+01
     27977  5.833841E-01 -1.464214E+01  7.676635E+01
     27978 -1.894624E+00 -7.886839E+00  9.832134E+00
     27979 -1.312931E+00 -9.298425E+00  1.755865E+01
     27980 -3.620014E+00 -1.179510E+01  1.279158E+01
     27981  5.155512E-02 -7.696310E+00  7.963262E+00
     27982 -7.696004E+00 -1.687029E+01  7.108692E+01
     27983 -7.922393E-01 -1.194278E+01  2.620243E+01
     27984 -2.456572E+00 -1.292358E+01  3.291448E+01
     27985 -2.084451E+00 -1.154078E+01  1.566529E+01
     27986 -3.052597E+00 -1.187805E+01  1.528161E+01
     27987 -3.166547E-02 -1.369247E+01  4.594723E+01
     27988 -3.260701E+00 -1.680130E+01  5.166773E+01
     27989 -3.421028E+00 -1.253007E+01  3.431441E+01
     27990 -5.005623E+00 -1.486552E+01  3.674594E+01
     27991 -3.047823E+00 -1.285966E+01  2.290489E+01
     27992 -3.270163E+00 -1.398239E+01  6.318967E+01
     27993 -1.017924E+00 -1.433398E+01  4.484720E+01
     30963  7.434552E-02  1.659534E+00  2.061073E+00
     30964  1.982988E+00  2.064987E+00 -5.176572E-01
     30965  7.763121E-01  3.195636E+00 -7.588991E-02
     30966 -3.920802E-01 -1.713478E-01 -2.113731E-01
     30967  1.372184E+00 -8.632346E+00  1.654539E+01
     30968  1.912587E+00 -7.193437E+00  8.733231E+00
     30969  1.406024E-01 -6.919482E+00  7.088523E+00
     30970  3.532898E+00 -1.957063E+01  7.841908E+01
     30971  3.697741E+00 -1.877732E+01  8.673371E+01
     30972  7.331851E+00 -1.561244E+01  6.473325E+01
     30973  3.467822E+00 -1.110543E+01  1.195798E+01
     30974 -2.514147E-01 -1.325401E+01  7.096955E+01
     30975  2.951485E+00 -1.090808E+01  1.353730E+01
     30976  2.937766E+00 -1.176057E+01  2.050810E+01
     30977  2.173944E+00 -1.057273E+01  1.456082E+01
     30978  9.336713E-01 -1.097049E+01  2.464353E+01
     30979  4.768548E+00 -1.368930E+01  3.317920E+01
     30980  1.192401E+00 -1.310268E+01  4.067029E+01
     30981  3.623430E+00 -1.152284E+01  3.169135E+01
     30982  2.527501E-01 -1.252597E+01  4.277711E+01
     30983  2.455727E+00 -1.193361E+01  3.079148E+01
     30984  3.356607E+00 -1.286297E+01  5.811261E+01
     30985  3.255209E+00 -1.555863E+01  4.793543E+01
     33572 -1.827894E-01 -2.890208E-01  2.249362E-01
     33573  1.827191E-01 -2.410756E-01  1.630911E-01
     33574 -3.135104E-02  6.007935E-03  8.953515E-02
     33575  1.744609E-02  1.233726E-02  1.044987E-01
     33576  1.307804E-02 -4.214095E-03  1.252069E-01
     33577 -1.278566E-02 -5.628029E-03  1.388658E-01
     33578 -4.232870E-02 -4.714985E-02  1.150647E-01
     33579  3.672936E-02 -4.419623E-02  1.081630E-01
     33580  2.091153E+00 -4.069253E+00 -1.047454E+01
     33581  3.388304E+00 -2.760191E+00 -9.319613E+00
     33582  2.138939E+00 -2.981996E+00 -7.796818E+00
     33583  1.605314E-01 -3.972913E-01 -1.870576E+00
     33584 -9.003146E-02 -3.803135E-01 -1.904675E+00
     33585 -1.038031E-01 -4.081952E-01 -1.846029E+00
     33586  1.413076E-01 -3.908660E-01 -1.906291E+00
     33587 -3.235086E+00 -2.510644E+00 -8.471713E+00
     33588 -2.029379E+00 -3.598918E+00 -9.489471E+00
     33589 -2.159464E+00 -2.671657E+00 -6.989458E+00
     33590  3.602823E+00 -3.149409E+00 -6.945037E+00
     33591 -3.541115E+00 -2.905350E+00 -6.207317E+00
     33592  2.623157E+00 -1.680836E+00 -6.903090E+00
     33593  2.390637E+00 -2.227249E+00 -7.009948E+00
     33594  2.992262E+00 -4.795890E+00 -3.851794E+00
     33595  1.671689E+00 -1.873659E+00 -2.021013E+00
     33596  3.191144E+00 -1.194112E+00 -5.504201E+00
     33597  3.216942E+00 -1.406319E+00 -5.736378E+00
     33598  3.021643E+00 -3.975032E+00 -3.256069E+00
     33599  2.642939E+00 -1.939810E+00 -2.833331E+00
     33600  1.953056E+00 -1.476385E+00 -1.930461E+00
     33601  3.162237E+00 -7.666477E-01 -3.760959E+00
     33602  3.297529E+00 -9.230442E-01 -4.122198E+00
     33603  2.942374E+00 -2.877367E+00 -3.066269E+00
     33604  2.519191E+00 -1.581549E+00 -2.812992E+00
     33605  2.156046E+00 -1.107921E+00 -2.435078E+00
     33606  5.133579E+00 -1.381953E+00 -5.186748E+00
     33607  3.985983E+00 -1.433883E+00 -4.326664E+00
     33608  2.452393E+00 -1.272256E+00 -3.142799E+00
     33609  4.024105E+00 -5.403351E-01 -3.695310E+00
     33610  4.482864E+00 -1.429686E+00 -4.583854E+00
     33611  3.171026E+00 -1.954567E-01 -2.741107E+00
     33612  3.906808E+00 -5.678745E-01 -3.598277E+00
     33613  2.475560E+00 -4.833008E-02 -2.126118E+00
     33614  3.079690E+00 -2.405227E-01 -2.730556E+00
     33615  1.963579E+00 -2.841785E-03 -1.777892E+00
     33616  2.450784E+00 -1.080135E-01 -2.234890E+00
     33617  1.596032E+00 -7.771567E-03 -1.619539E+00
     33618  2.000315E+00 -7.342212E-02 -1.923947E+00
     33619  1.345934E+00  2.638374E-02 -1.580418E+00
     33620  1.710215E+00 -6.115028E-02 -1.792805E+00
     33621  1.190833E+00 -3.441192E-02 -1.552023E+00
     33622  1.524995E+00 -8.836913E-02 -1.772467E+00
     33623  1.072360E+00 -1.080085E-01 -1.532774E+00
     33624  1.363508E+00 -1.679396E-01 -1.713498E+00
     33625  9.679165E-01 -8.391545E-02 -1.634928E+00
     33626  1.214138E+00 -1.577350E-01 -1.706120E+00
     33627  7.702699E-01 -8.977740E-02 -1.513794E+00
     33628  1.103783E+00 -5.720782E-02 -1.703613E+00
     33629  6.153496E-01 -1.992026E-01 -1.535425E+00
     33630  9.161749E-01 -2.334611E-01 -1.596961E+00
     33631  3.942320E-01 -1.072639E-01 -1.577995E+00
     33632  7.299388E-01 -1.555612E-01 -1.605849E+00
     33633  2.011254E-01 -2.184733E-01 -1.645192E+00
     33634  5.335671E-01 -2.059984E-01 -1.690862E+00
     33635  5.363723E-02 -3.111417E-01 -1.724186E+00
     33636  3.627763E-01 -3.020062E-01 -1.728232E+00
     33637 -3.092506E-02 -3.791186E-01 -1.820511E+00
     33638  2.349283E-01 -3.678584E-01 -1.811187E+00
     33639  8.257887E-02 -3.878350E-01 -1.790247E+00
     33640 -1.771230E-01 -3.816152E-01 -1.756134E+00
     33641 -2.832782E-01 -3.072934E-01 -1.616994E+00
     33642 -1.130307E-03 -3.289475E-01 -1.663844E+00
     33643 -1.563532E-01 -2.439052E-01 -1.509204E+00
     33644 -4.469347E-01 -2.390384E-01 -1.483478E+00
     33645 -3.570693E-01 -2.025035E-01 -1.382901E+00
     33646 -6.424823E-01 -2.068111E-01 -1.379188E+00
     33647 -5.784328E-01 -1.585217E-01 -1.272909E+00
     33648 -8.688028E-01 -1.639076E-01 -1.321314E+00
     33649 -1.096426E+00 -1.177960E-01 -1.345277E+00
     33650 -8.094355E-01 -1.013241E-01 -1.228752E+00
     33651 -1.314158E+00 -8.997716E-02 -1.353933E+00
     33652 -1.015779E+00 -3.591041E-02 -1.223651E+00
     33653 -1.238397E+00 -1.053941E-01 -1.299776E+00
     33654 -1.473845E+00 -1.136442E-01 -1.473660E+00
     33655 -1.381656E+00 -1.055729E-03 -1.308435E+00
     33656 -1.693680E+00 -7.320142E-02 -1.540502E+00
     33657 -1.568336E+00 -2.646917E-02 -1.402946E+00
     33658 -1.883817E+00 -9.296334E-02 -1.649740E+00
     33659 -2.164526E+00 -1.102170E-01 -1.823070E+00
     33660 -1.785502E+00 -2.162566E-02 -1.490852E+00
     33661 -2.112312E+00 -5.175053E-02 -1.701949E+00
     33662 -2.549834E+00 -1.662308E-01 -2.147966E+00
     33663 -2.555969E+00 -1.057666E-01 -2.032159E+00
     33664 -3.101279E+00 -2.976774E-01 -2.591907E+00
     33665 -3.170007E+00 -2.958262E-01 -2.572392E+00
     33666 -3.823507E+00 -6.202935E-01 -3.305399E+00
     33667 -4.427996E+00 -1.130791E+00 -4.364865E+00
     33668 -4.161447E+00 -6.874080E-01 -3.622136E+00
     33669 -3.843952E+00 -1.362266E+00 -3.864707E+00
     33670 -4.877412E+00 -1.210819E+00 -4.672664E+00
     33671 -3.139077E+00 -9.375455E-01 -3.794513E+00
     33672 -3.034562E+00 -7.897258E-01 -3.485988E+00
     33673 -2.380238E+00 -1.192982E+00 -2.846794E+00
     33674 -3.059327E+00 -1.333778E+00 -5.242585E+00
     33675 -3.057066E+00 -1.155988E+00 -5.037668E+00
     33676 -2.795030E+00 -2.597827E+00 -2.742066E+00
     33677 -2.431031E+00 -1.456290E+00 -2.514372E+00
     33678 -2.088716E+00 -1.067946E+00 -2.194339E+00
     33679 -2.570707E+00 -1.941512E+00 -6.702211E+00
     33680 -2.612377E+00 -1.562586E+00 -6.287602E+00
     33681 -2.891276E+00 -3.576432E+00 -2.950107E+00
     33682 -2.538958E+00 -1.750564E+00 -2.561459E+00
     33683 -1.903455E+00 -1.367610E+00 -1.734750E+00
     33684 -2.477043E+00 -3.042319E+00 -4.371044E+00
     33685 -1.923318E+00 -1.784130E+00 -2.072432E+00
     34332  2.270994E-01 -5.626510E-01  2.586447E-01
     34333 -2.392464E-01  1.827893E-01  2.472814E-01
     34334 -1.000848E+00 -1.235527E+00  7.625057E-01
     34335  4.861121E-03 -6.961124E-01 -4.463745E+00
     34336 -5.109405E-01  1.372836E-02 -4.342859E+00
     34337  1.308656E+00 -4.174797E+00 -1.165188E+01
     34338  5.485856E-01 -2.449602E+00 -8.208656E+00
     34339 -7.038169E-02 -1.230274E+00 -6.945660E+00
     34340 -9.504723E-01 -3.285795E-01 -6.112527E+00
     34341  3.163367E+00 -1.613458E+01 -3.161109E+01
     34342  2.757964E+00 -8.841390E+00 -1.734604E+01
     34343  1.024744E+00 -4.900023E+00 -1.547005E+01
     34344 -5.801543E-01 -1.429434E+00 -1.203493E+01
     34345  7.733260E-01 -6.633550E+00 -2.753398E+01
     34346  1.650703E+00 -5.888636E+00 -1.520435E+01
     34347  2.156751E+00 -7.510927E+00 -9.474397E+00
     34348 -1.960700E-01 -9.706852E+00 -2.313529E+01
     34349  1.754389E+00 -1.823598E+01 -2.847659E+01
     34350  3.369764E+00 -1.307842E+01 -1.618042E+01
     34717  3.856108E-02 -1.080608E-01 -1.069290E-01
     34718  2.060037E-01  1.450605E-01  6.177535E-02
     34719  8.958907E-01 -1.111921E+00  6.820986E-01
     34720  3.610666E-01  3.130076E-02 -3.956704E+00
     34721 -4.746854E-02 -6.453015E-01 -3.989270E+00
     34722 -5.930293E-01 -2.211389E+00 -7.350720E+00
     34723 -1.258154E+00 -3.749546E+00 -1.047927E+01
     34724  2.125827E-02 -1.420173E+00 -5.888123E+00
     34725  2.898378E-01  4.674793E-01 -4.782326E+00
     34726 -2.454180E+00 -7.925080E+00 -1.561113E+01
     34727 -2.823275E+00 -1.451339E+01 -2.840639E+01
     34728 -8.658469E-01 -4.271055E+00 -1.369407E+01
     34729  8.727874E-01 -2.050826E+00 -1.103409E+01
     34730 -1.459282E+00 -5.310403E+00 -1.365886E+01
     34731 -6.581296E-01 -5.969599E+00 -2.465250E+01
     34732  1.999888E-01 -8.740924E+00 -2.069577E+01
     34733 -1.911021E+00 -6.797922E+00 -8.515377E+00
     34734 -1.492404E+00 -1.644768E+01 -2.553762E+01
     34735 -2.974828E+00 -1.178943E+01 -1.454499E+01

 total force (fx,fy,fz) for set FEET and time  0.5000000E+01

        4.106008E-09 -9.192533E+02  7.713451E+02

                        S T E P       6


                                INCREMENT     1


 displacements (vx,vy,vz) for set TOP and time  0.6000000E+01

     17824  2.475532E-02 -4.682947E-01  4.263064E-01
     17869  1.309729E-02 -5.884946E-01  5.056416E-01
     18306  3.338261E-04 -6.351815E-01  5.384452E-01
     21734 -1.063631E-02 -6.256000E-01  5.305290E-01
     22923 -2.317901E-02 -4.529496E-01  4.081037E-01

 forces (fx,fy,fz) for set FEET and time  0.6000000E+01

       151 -3.606904E-02 -1.480352E-02  1.362527E-01
       155 -4.294913E-02 -2.060694E+00 -1.014325E+00
       156  5.290945E-03  1.490306E-02 -1.301209E-01
       160  8.101513E-05  4.036722E-01  3.425233E-01
       161  7.266380E-02  1.771112E-01 -1.270385E-01
       165  1.401231E-01 -1.877667E+00 -9.469094E-01
       194 -2.239804E+01 -1.336231E+01 -2.419052E+01
       195 -1.740720E+00  1.598532E+00 -2.017106E+00
       196  9.218105E-01  2.051856E-01 -1.568145E+00
       197  2.075424E+01 -9.403336E+00 -1.917292E+01
       221 -8.120248E-01  1.306197E-01 -1.426696E+00
       222 -1.893353E+01 -8.423707E+00 -1.730463E+01
       225  1.646148E+00  1.537010E+00 -1.871717E+00
       226  2.065700E+01 -1.246854E+01 -2.247188E+01
       234 -7.573466E-01  1.489041E+00  2.693833E+00
       236  7.129022E-01  1.335228E+00  2.460761E+00
       242  1.078695E+00 -1.275061E+00  1.015160E-01
       245 -2.252488E+00  8.372241E-01  2.329436E+00
       246  5.819066E+00  3.732986E+00  7.810270E+00
       253 -1.193607E+00 -1.023108E+00  3.177174E-01
       254 -5.217078E+00  3.336060E+00  7.015906E+00
       255  2.026925E+00  7.583635E-01  2.104864E+00
      2448  4.464356E-01  1.341309E+00  8.239759E+00
      2464 -2.178560E-02 -5.898241E-01  4.186519E-01
      2473  5.869932E-01 -6.164567E-01  1.217977E+00
      2474 -9.741963E-02 -8.890776E-01  4.595520E-01
      2475 -4.604907E-02 -6.183219E-01 -4.625975E-02
      2476 -3.767044E-02 -3.130008E-01 -3.463142E-01
      2477 -2.038980E-01 -2.540850E-01 -4.602872E-01
      2478 -1.639895E-02  5.308231E-02 -5.544757E-01
      2479 -5.521156E-02  1.406109E-02 -7.497401E-01
      2480 -9.925483E-03  4.381995E-02 -5.585121E-01
      2481 -9.346000E-03  2.479854E-02 -4.506340E-01
      2482 -1.210698E-02  3.411602E-02 -3.005926E-01
      2483 -1.917403E-02 -1.305930E-02 -4.261670E-01
      2484 -1.778589E-02  1.530145E-02 -2.446619E-01
      2485 -2.744397E-02  3.789578E-01 -2.077317E-01
      2486 -4.393483E-02 -4.319793E-03 -3.444731E-01
      2487 -3.544574E-02  3.858842E-02 -1.847725E-01
      2488 -3.076064E-02 -2.799054E-03 -2.121541E-01
      2489  1.331193E-02  1.814992E-02 -1.856283E-01
      2490  6.329667E-03 -1.075385E-02 -2.193364E-01
      2491  9.313088E-03  2.492027E-03 -1.396500E-01
      2492  3.081222E-02  2.023062E-01 -3.014232E-01
      2493 -7.972259E-01  2.450513E+00  1.097011E+01
      2494 -2.724848E+00  9.330872E-01  1.101311E+01
      2495 -3.913402E+00  4.006746E-01  8.596140E+00
      2496 -3.919752E+00  1.477825E-01  4.872095E+00
      2497 -4.848826E+00  5.571516E-01  3.763378E+00
      2498 -3.792344E+00 -2.645244E-01  1.575703E+00
      2499 -2.843136E+00 -3.577274E-01  2.430419E-01
      2500 -2.174751E+00 -4.126539E-01 -2.762040E-01
      2501 -1.672633E+00 -3.621018E-01 -3.675276E-01
      2502 -1.358162E+00 -3.383976E-01 -2.098199E-01
      2503 -1.167200E+00 -4.869964E-01  2.439842E-02
      2504 -1.027209E+00 -4.215899E-01  2.172416E-01
      2505 -9.575402E-01 -2.548038E-01  4.143078E-01
      2506 -9.337715E-01 -2.250505E-01  3.715060E-01
      2507 -7.256601E-01 -2.358353E-01  4.658068E-01
      2508 -6.326069E-01 -1.125644E-01  5.345110E-01
      2509 -4.639440E-01 -4.108612E-01  5.129852E-01
      2510 -2.570965E-01 -2.549042E-01  6.992411E-01
      2511 -1.367215E-01 -1.818438E-01  8.646639E-01
      2512 -5.484963E-02 -1.069751E-01  1.055489E+00
      2513 -3.597039E-02 -7.577356E-02  1.149684E+00
      2637  6.785679E-01 -3.135452E+00  1.330883E+00
      2638  3.940641E-02 -2.349283E+00  1.720736E+00
      2639 -2.054922E-02 -2.153191E-01  8.486419E-01
      2640 -6.309272E-02 -5.083020E-02  4.150564E-01
      2641 -1.116221E-02  7.919999E-01  2.238116E-01
      2642 -1.020982E-01  1.875597E+00  2.538662E-01
      2643 -5.108702E-03  1.437190E+00 -7.938804E-02
      2644  7.390707E-04  1.336083E+00  8.744121E-02
      2645  1.942938E-02  1.095154E+00  1.110105E-01
      2646  2.164403E-02  1.120795E+00  2.332239E-01
      2647 -1.603341E-02  1.169020E+00  7.836956E-02
      2648 -1.250800E-02  8.401865E-01  1.869358E-01
      2649  7.090223E-03  1.939670E-01  6.946743E-02
      2650 -1.386954E-02  1.264026E+00  2.388060E-01
      2651  2.195980E-02  4.525714E-01  1.793010E-01
      2652  4.981547E-02  6.327731E-01  2.067129E-01
      2653 -3.748491E-02  1.048196E+00  2.370428E-01
      2654  3.718340E-03  5.806374E-01  1.539041E-01
      2655 -3.485771E-03  4.949875E-01  2.322119E-01
      2656 -1.092394E-01  3.782700E-01  4.203960E-01
      2657  2.538455E-01 -4.187580E+00  6.795446E+00
      2658 -1.769997E+00 -4.670751E+00  9.394451E+00
      2659 -2.567671E+00 -2.904084E+00  7.375401E+00
      2660 -2.739328E+00 -7.920697E-01  4.809621E+00
      2661 -1.955859E+00 -3.557252E-01  1.773535E+00
      2662 -1.469326E+00  1.141230E+00  4.889230E-01
      2663 -1.155640E+00  1.112152E+00 -3.862543E-01
      2664 -8.262822E-01  1.104418E+00 -6.784087E-01
      2665 -6.200169E-01  8.721615E-01 -6.504281E-01
      2666 -4.765267E-01  7.122790E-01 -4.475934E-01
      2667 -4.232771E-01  9.493280E-01 -1.295803E-01
      2668 -4.374961E-01  7.503150E-01  6.094098E-02
      2669 -3.616664E-01  3.477236E-01  9.650354E-02
      2670 -3.640880E-01  3.956098E-01  2.343763E-01
      2671 -3.695776E-01  3.500551E-01  2.120390E-01
      2672 -2.357636E-01  1.419534E-01  1.058084E-01
      2673 -1.548926E-01  8.225952E-01  4.048710E-01
      2674 -1.185492E-01  3.947947E-01  3.298180E-01
      2675 -5.680024E-02  2.710766E-01  4.368710E-01
      2676 -4.263366E-03  1.139919E-01  5.261102E-01
      2677 -4.854470E-03 -3.022240E-03  6.004542E-01
      2685 -4.599822E-01  1.041454E+00  7.779234E+00
      2694 -3.189688E-02  2.101157E-01 -2.736798E-01
      2695 -9.334455E-03  1.045254E-02 -1.209927E-01
      2696 -7.726307E-03  1.451813E-02 -1.156587E-01
      2697  4.806302E-03 -3.698024E-04 -1.606337E-01
      2698  1.270741E-02  5.418570E-03 -1.622460E-01
      2699  1.973236E-02  3.850592E-03 -1.755888E-01
      2700  2.358448E-02 -1.298799E-02 -2.561410E-01
      2701  4.300191E-02  1.331048E-02 -1.592413E-01
      2702  4.462368E-02  2.537242E-03 -3.020436E-01
      2703  3.044405E-02  2.106984E-02 -2.133261E-01
      2704  3.071396E-02 -6.161986E-03 -4.053405E-01
      2705  2.252587E-02  1.610086E-02 -4.173062E-01
      2706  1.264346E-02  6.056592E-02 -3.877289E-01
      2707  6.954321E-02  9.904838E-03 -6.352350E-01
      2708  4.422872E-02 -1.145056E-02 -5.485806E-01
      2709  1.673198E-02 -3.113992E-01 -5.715428E-01
      2710 -3.731501E-02 -2.587166E-01 -5.283059E-01
      2711  1.231550E-01 -6.091068E-01  2.815872E-01
      2712 -6.906464E-02 -8.117171E-01  7.811850E-01
      2713 -1.004027E+00 -2.823235E-01  3.141388E-01
      2714 -6.481366E-03 -8.979415E-02  1.077322E+00
      2715  9.653446E-03 -1.480229E-01  1.037673E+00
      2716  9.358999E-02 -1.246140E-01  8.984325E-01
      2717  2.319993E-01 -1.847075E-01  6.801502E-01
      2718  4.051327E-01 -1.465804E-01  5.447198E-01
      2719  5.870705E-01 -1.715786E-01  4.391084E-01
      2720  7.624190E-01 -2.188302E-01  3.692579E-01
      2721  9.345597E-01 -3.648961E-01  2.801629E-01
      2722  1.073929E+00 -1.002013E-01  3.113338E-01
      2723  1.208099E+00 -4.023316E-01  1.823849E-01
      2724  1.346911E+00 -3.190351E-01  1.164039E-01
      2725  1.524937E+00 -3.595731E-01  4.581789E-04
      2726  1.794981E+00 -2.972880E-01 -8.014786E-02
      2727  2.230093E+00 -3.656385E-01 -3.105996E-02
      2728  2.829321E+00 -2.237823E-01  4.512496E-01
      2729  3.699793E+00 -7.814884E-02  1.537485E+00
      2730  4.621562E+00  2.143989E-01  3.550659E+00
      2731  3.720328E+00  1.598253E-01  4.927256E+00
      2732  3.797833E+00  4.510946E-01  7.451577E+00
      2733  2.964746E+00  9.012798E-01  9.921933E+00
      2734  1.110912E+00  2.314340E+00  1.036521E+01
      2858  1.051615E-01  3.340676E-01  3.521169E-01
      2859  8.301544E-04  4.112701E-01  2.362998E-01
      2860  2.759823E-03  4.925000E-01  2.358903E-01
      2861 -1.171032E-02  4.993130E-01  1.707730E-01
      2862 -4.816874E-03  4.680358E-01  1.572167E-01
      2863 -2.026522E-03  5.103232E-01  1.516668E-01
      2864  4.495245E-02  7.856991E-01  8.749037E-02
      2865 -2.078716E-02  5.577675E-01  2.356097E-01
      2866  7.276850E-04  5.924663E-01  1.213713E-01
      2867 -1.313912E-02  1.038034E+00  2.134799E-01
      2868  2.425814E-03  9.004744E-01  5.341171E-02
      2869 -1.035471E-02  1.007194E+00  1.277457E-01
      2870  6.866668E-04  1.159339E+00  2.161339E-01
      2871 -4.589317E-03  1.218709E+00 -3.358678E-02
      2872  1.820883E-03  1.136207E+00  9.782663E-02
      2873  6.710845E-02  1.001105E+00  1.208953E-01
      2874  5.034119E-02  4.322884E-01  4.658292E-01
      2875  1.066625E-01 -9.871786E-01  1.075241E+00
      2876  2.006888E-02 -2.274046E+00  1.354936E+00
      2877 -4.619433E-01 -3.005913E+00  1.042848E+00
      2878 -1.417278E-02  3.451040E-02  6.408153E-01
      2879 -2.733350E-02  7.485812E-02  5.582575E-01
      2880  3.368058E-02  1.379114E-01  4.075099E-01
      2881  8.697085E-02  2.895365E-01  3.417750E-01
      2882  1.502010E-01  2.177077E-01  2.098170E-01
      2883  2.356557E-01  2.554549E-01  1.583144E-01
      2884  3.218474E-01  3.350995E-01  1.302305E-01
      2885  3.455666E-01  6.057701E-01  2.129988E-01
      2886  3.996146E-01  1.951032E-01  8.854798E-03
      2887  5.478782E-01  7.338766E-01  1.137371E-01
      2888  5.097169E-01  5.787835E-01 -9.151120E-02
      2889  5.727255E-01  7.279529E-01 -2.475398E-01
      2890  6.632866E-01  7.204577E-01 -4.599114E-01
      2891  8.479522E-01  9.511275E-01 -4.475416E-01
      2892  1.108666E+00  7.793753E-01 -2.610049E-01
      2893  1.554597E+00  6.824080E-01  4.575148E-01
      2894  2.021366E+00  2.207694E-01  1.910110E+00
      2895  2.325993E+00 -1.180932E+00  3.873627E+00
      2896  2.436498E+00 -2.799327E+00  7.053557E+00
      2897  1.668503E+00 -4.047586E+00  8.729676E+00
      2898 -2.404778E-01 -3.559735E+00  6.109526E+00
      3388 -8.249683E+00  1.354390E+00 -5.770734E+00
      3389 -1.240890E+01  1.081405E+00 -5.997251E+00
      3390 -2.037000E+01 -7.031819E-01 -9.311093E+00
      3391 -5.958643E+00  4.276032E+00 -1.024824E+01
      3392 -1.208019E+01  7.039378E+00 -2.312202E+01
      3393 -2.278009E+01  7.524846E+00 -4.014828E+01
      3394 -3.959802E+01  7.765002E+00 -6.087304E+01
      3495  1.094802E+00  6.181637E+00 -9.633896E+00
      3496  3.646768E+00 -2.370349E+01 -9.685675E+01
      3497  2.267452E+00  1.618255E+00  1.925578E+00
      3498  3.328445E+00  2.109799E-01  1.393031E+00
      3499  1.117141E+01 -3.400138E-01 -1.303143E+00
      3500  1.115378E+00  2.228993E+00 -1.739486E+00
      3501  3.868127E+00  6.396949E+00 -8.278241E+00
      3502  1.244067E+01  7.685565E+00 -2.337538E+01
      3503  2.949799E+01  8.859725E+00 -4.891658E+01
      4007 -1.828334E+00  1.505552E+00  2.142127E+00
      4008 -2.673389E+00  1.841210E-01  1.718304E+00
      4009 -9.863163E+00 -2.801137E-01 -7.667236E-01
      4010 -8.222054E-01  1.951236E+00 -1.261408E+00
      4011 -3.225006E+00  5.851871E+00 -6.952210E+00
      4012 -1.100021E+01  7.050739E+00 -2.069734E+01
      4013 -2.666530E+01  8.171892E+00 -4.428102E+01
      4119 -1.114705E+00  5.698392E+00 -8.882913E+00
      4120 -3.701805E+00 -2.174567E+01 -8.886251E+01
      4121  7.870815E+00  1.229277E+00 -5.623834E+00
      4122  1.182928E+01  1.014340E+00 -5.811202E+00
      4123  1.914987E+01 -6.836736E-01 -8.915250E+00
      4124  5.707963E+00  4.038937E+00 -9.813972E+00
      4125  1.144891E+01  6.500077E+00 -2.192178E+01
      4126  2.134709E+01  6.910901E+00 -3.763446E+01
      4127  3.675150E+01  7.090838E+00 -5.647380E+01
      4548 -1.682584E+00  4.179517E+00  1.092528E+01
      4551  1.632503E+00  3.731726E+00  9.876058E+00
      4553 -1.185344E+00 -1.203319E+00  8.970430E-01
      4554 -2.473167E-01 -1.226913E+00  2.220920E-01
      4555 -2.538466E-01 -4.208182E-01  5.596831E-01
      4556  1.218060E-01  8.120876E-01  8.307212E-01
      4557 -2.449926E-01  6.124886E-01  1.181515E+00
      4558  7.995333E-04  6.827589E-01  1.271910E+00
      4559 -1.292808E-02  6.025803E-01  1.166731E+00
      4560 -1.915593E-02  5.134543E-01  1.005772E+00
      4561 -1.207860E-02  4.216415E-01  8.204988E-01
      4562 -6.294272E-03  3.592428E-01  6.850974E-01
      4563 -9.745945E-04  3.133559E-01  5.799672E-01
      4564  2.349680E-03  2.760467E-01  4.843168E-01
      4565  1.569728E-02  2.788474E-01  4.463585E-01
      4566  1.926284E-02  2.545988E-01  4.442081E-01
      4567  8.360368E-03  2.429579E-01  4.239289E-01
      4568  6.967958E-03  2.477774E-01  4.487701E-01
      4569  1.018682E-03  2.343008E-01  4.129953E-01
      4570 -1.126106E-03  2.164028E-01  3.814454E-01
      4571  1.569095E-03  2.095367E-01  3.581412E-01
      4572 -1.843211E-03  2.125118E-01  3.459615E-01
      4573 -1.898757E-04  2.078582E-01  3.402314E-01
      4574 -1.432441E-03  1.938540E-01  3.310201E-01
      4575 -3.268172E-03  1.981371E-01  3.452058E-01
      4576 -3.412691E-03  2.013335E-01  3.599258E-01
      4577 -7.267469E-03  2.021473E-01  3.603720E-01
      4578 -8.872428E-03  1.990994E-01  3.561405E-01
      4579 -9.035283E-03  2.131995E-01  3.760359E-01
      4580 -6.298655E-03  2.196802E-01  3.969324E-01
      4581 -1.638830E-02  2.543060E-01  4.377134E-01
      4582  4.012111E-04  2.704180E-01  4.943597E-01
      4583 -2.860588E-03  3.126665E-01  5.791297E-01
      4584  1.192174E-02  3.649963E-01  7.007304E-01
      4585  1.299952E-02  4.547958E-01  8.771061E-01
      4586  7.110728E-03  5.367498E-01  1.030990E+00
      4587 -6.687188E-04  5.982394E-01  1.119759E+00
      4588  3.005123E-02  8.848137E-01  1.106947E+00
      4589 -4.509113E-02  7.051734E-01  7.508886E-01
      4590  2.669586E-01 -3.982922E-01  5.099733E-01
      4591  2.719299E-01 -1.109631E+00  2.019014E-01
      4592  7.256623E-01 -5.551698E-02  2.620045E-01
      4593 -2.555272E+00  4.002842E+00  7.446749E+00
      4594 -1.370706E+00  9.618117E-01  1.287934E+00
      4595 -1.186744E+00  8.682852E-01  1.283923E+00
      4596 -1.218943E+00  1.156763E+00  2.152645E+00
      4597 -2.416520E+00  1.964967E+00  4.333012E+00
      4598 -2.067258E+00  1.702730E+00  4.146582E+00
      4599 -1.692723E+00  1.406414E+00  3.591037E+00
      4600 -1.356739E+00  1.159469E+00  3.067963E+00
      4601 -1.108700E+00  9.679340E-01  2.596646E+00
      4602 -9.173229E-01  8.354551E-01  2.250905E+00
      4603 -7.878066E-01  7.398733E-01  2.031742E+00
      4604 -7.039859E-01  6.828658E-01  1.836909E+00
      4605 -6.148302E-01  6.128890E-01  1.691985E+00
      4606 -5.564377E-01  5.722927E-01  1.686098E+00
      4607 -4.595377E-01  6.273265E-01  1.639617E+00
      4608 -3.511079E-01  6.227271E-01  1.631521E+00
      4609 -2.495213E-01  6.243557E-01  1.667771E+00
      4610 -1.585056E-01  6.482859E-01  1.642676E+00
      4611 -8.260596E-02  6.617433E-01  1.638091E+00
      4612 -3.611154E-02  6.810846E-01  1.651058E+00
      4613 -1.475573E-02  6.668717E-01  1.668137E+00
      4614 -7.841404E-05  6.662018E-01  1.604541E+00
      4615  5.143619E-02  6.348049E-01  1.553087E+00
      4616  1.184148E-01  5.940322E-01  1.491725E+00
      4617  2.107333E-01  5.603600E-01  1.429836E+00
      4618  3.190504E-01  5.288557E-01  1.365009E+00
      4619  4.484840E-01  5.118550E-01  1.349455E+00
      4620  5.585181E-01  5.085873E-01  1.386505E+00
      4621  6.922534E-01  5.492904E-01  1.470162E+00
      4622  7.668331E-01  5.625689E-01  1.568279E+00
      4623  8.847426E-01  6.488915E-01  1.754585E+00
      4624  1.002776E+00  7.370750E-01  1.975499E+00
      4625  1.182873E+00  8.898170E-01  2.340836E+00
      4626  1.393909E+00  1.070908E+00  2.792884E+00
      4627  1.684201E+00  1.301140E+00  3.256540E+00
      4628  2.022535E+00  1.564702E+00  3.706097E+00
      4629  2.285482E+00  1.783324E+00  3.913805E+00
      4630  1.172334E+00  1.062370E+00  1.950490E+00
      4631  1.144802E+00  7.944926E-01  1.159131E+00
      4632  1.325146E+00  8.595428E-01  1.133301E+00
      4633  2.429548E+00  3.538127E+00  6.757506E+00
      4883  3.070435E-01 -1.027761E+00  2.232823E+00
      4904 -2.887002E-01  1.064025E+01  2.216499E+01
      4918  2.597245E-01  4.144479E-01 -2.054555E+00
      4919 -1.369502E+00  6.341529E-01 -2.297543E+00
      4920 -1.772077E+00  3.677065E+00  3.470889E+00
      4921 -2.221855E+00  8.803547E+00  7.276704E+00
      4922 -3.935846E+00  6.899021E+00  1.152778E+01
      4923  6.331482E+00 -1.205271E+00  5.807553E+00
      4924  6.410624E+00 -1.247102E+00  2.979406E+00
      4925  1.162619E+01  4.638698E+00  2.153653E+01
      4926  7.243451E+00  9.801113E+00  2.514455E+01
      4927  6.881250E+00  2.006739E+00  1.165956E+01
      4963 -3.142314E-01 -9.964616E-01  2.091426E+00
      4984  2.306518E-01  9.565591E+00  1.991031E+01
      4998 -5.624854E+00 -1.089355E+00  5.153955E+00
      4999 -5.674985E+00 -1.127917E+00  2.548618E+00
      5000 -1.040040E+01  4.176604E+00  1.926218E+01
      5001 -6.460445E+00  8.820914E+00  2.243024E+01
      5002 -5.837889E+00  1.789356E+00  1.010040E+01
      5003 -2.076037E-01  3.802920E-01 -1.825829E+00
      5004  1.275567E+00  5.770011E-01 -1.954013E+00
      5005  1.592634E+00  3.325957E+00  3.124753E+00
      5006  2.023761E+00  7.956091E+00  6.629353E+00
      5007  3.597842E+00  6.215774E+00  1.051601E+01
     24350 -2.413322E-01  1.723083E+00  1.289532E+01
     24351 -1.795841E+00  9.668898E-01  1.365466E+01
     24352 -2.796899E-02 -2.746577E-01  4.049213E-01
     24353  3.476088E-02 -7.526038E-01  5.242149E-01
     24354 -3.041802E+00  2.466894E-01  1.399325E+01
     24355 -3.889153E+00  2.047584E-01  1.236995E+01
     24356 -4.419192E+00 -3.481866E-01  1.046508E+01
     24357 -4.249243E+00 -8.456641E-01  5.669288E+00
     24358 -3.975951E+00 -8.480386E-01  3.834806E+00
     24359 -4.750923E+00 -7.493367E-01  8.178533E+00
     24360 -3.425390E+00 -9.738581E-01  1.090284E+00
     24361 -3.603116E+00 -1.983844E-01  2.450938E+00
     24362 -2.805226E+00 -9.528862E-01 -3.602997E-01
     24363 -1.825447E+00 -1.229062E+00 -1.194153E+00
     24364 -2.047139E+00 -7.007784E-01 -1.249007E+00
     24365 -2.506947E+00 -1.501809E+00 -1.108346E+00
     24366 -1.511149E+00 -6.178747E-01 -1.643141E+00
     24367 -1.155315E+00 -5.157227E-01 -1.506847E+00
     24368 -1.384245E+00 -1.169993E+00 -1.588860E+00
     24369 -9.395889E-01 -4.725868E-01 -1.177622E+00
     24370 -1.089301E+00 -1.016167E+00 -1.344728E+00
     24371 -8.008484E-01 -6.104288E-01 -9.343151E-01
     24372 -7.874796E-01 -9.556851E-01 -5.867042E-01
     24373 -9.428595E-01 -1.012423E+00 -1.212305E+00
     24374 -7.134792E-01 -5.500852E-01 -6.144819E-01
     24375 -7.114433E-01 -8.286571E-01 -4.424158E-01
     24376 -6.536583E-01 -3.728585E-01 -3.095571E-01
     24377 -6.958686E-01 -3.977695E-01 -2.955046E-01
     24378 -6.346780E-01 -7.380834E-01 -2.323687E-01
     24379 -7.232110E-01 -6.228331E-01 -5.998387E-02
     24380 -5.161686E-01 -4.619122E-01 -2.262064E-01
     24381 -5.084524E-01 -6.063027E-01 -1.453877E-01
     24382 -4.552306E-01 -2.418795E-01 -1.062057E-01
     24383 -4.709188E-01 -6.741564E-01 -1.434024E-01
     24384 -3.236900E-01 -6.110537E-01 -2.825792E-01
     24385 -1.833107E-01 -4.062346E-01  1.108103E-02
     24386 -1.294167E-01 -6.400735E-01  1.936818E-01
     24387 -2.291884E-01 -8.397595E-01 -2.389631E-01
     24388 -8.334377E-02 -3.676903E-01  1.861933E-01
     24389 -4.650620E-02 -6.246771E-01  2.995931E-01
     24390 -1.520322E-02 -3.695562E-01  3.007006E-01
     25270  3.155900E-02 -3.020505E-01  4.457242E-01
     25271 -4.994046E-02 -7.244013E-01  5.919927E-01
     25272  2.007920E-01  1.261055E+00  1.156520E+01
     25273  2.008414E+00  8.994198E-01  1.270574E+01
     25274  2.291319E-02 -3.071951E-01  3.679190E-01
     25275  2.748900E-02 -5.730750E-01  3.621453E-01
     25276  6.629332E-02 -2.878609E-01  2.715654E-01
     25277  2.461181E-01 -5.738195E-01  2.780936E-02
     25278  1.542192E-01 -3.479483E-01  6.050281E-02
     25279  1.017434E-01 -6.154908E-01  1.042148E-01
     25280  3.718420E-01 -5.468657E-01 -6.973850E-02
     25281  2.843743E-01 -2.805894E-01 -2.298770E-02
     25282  4.162010E-01 -2.960482E-01 -1.262208E-01
     25283  5.092791E-01 -5.681682E-01 -1.560156E-01
     25284  6.070765E-01 -6.428892E-01 -1.778011E-01
     25285  5.393743E-01 -3.217871E-01 -1.947117E-01
     25286  6.651602E-01 -4.615901E-01 -3.798240E-01
     25287  7.744523E-01 -6.322521E-01 -2.847014E-01
     25288  7.954602E-01 -1.827106E-01 -2.546792E-01
     25289  8.485799E-01 -6.033947E-01 -3.836667E-01
     25290  8.471910E-01 -5.494106E-01 -5.889460E-01
     25291  9.448076E-01 -4.383092E-01 -6.404787E-01
     25292  1.031273E+00 -8.250292E-01 -6.028929E-01
     25293  9.869787E-01 -8.565530E-01 -7.200345E-01
     25294  1.055924E+00 -4.996821E-01 -9.199002E-01
     25295  1.241867E+00 -4.676158E-01 -1.118211E+00
     25296  1.205700E+00 -9.177776E-01 -9.822072E-01
     25297  1.553986E+00 -5.692457E-01 -1.280918E+00
     25298  1.863724E+00 -1.077334E+00 -8.602656E-01
     25299  1.457815E+00 -1.068275E+00 -1.407449E+00
     25300  2.038087E+00 -5.444518E-01 -8.853992E-01
     25301  2.414933E+00 -1.111933E+00 -4.999135E-01
     25302  2.684606E+00 -5.894459E-01  9.353166E-02
     25303  3.121031E+00 -1.182080E+00  9.310864E-01
     25304  3.418899E+00 -6.531758E-01  2.169774E+00
     25305  4.141906E+00 -3.189275E-01  5.507980E+00
     25306  4.309984E+00 -2.113459E-01  7.068989E+00
     25307  4.015389E+00 -1.041354E+00  3.677951E+00
     25308  4.056939E+00 -2.814957E-01  9.633570E+00
     25309  3.786073E+00  2.666173E-01  1.110583E+01
     25310  2.691249E+00  7.122413E-02  1.275001E+01
     27971  8.635825E-02 -1.760866E+00 -2.188076E+00
     27972  2.195455E+00 -2.218923E+00  5.743682E-01
     27973  9.342602E-01 -3.525606E+00  9.062228E-02
     27974 -3.599765E-01  1.788172E-01  2.430310E-01
     27975  3.666558E+00  2.042824E+01 -9.404957E+01
     27976  3.486617E+00  2.136623E+01 -8.589521E+01
     27977 -5.833841E-01  1.464214E+01 -7.676635E+01
     27978  1.894624E+00  7.886839E+00 -9.832134E+00
     27979  1.312931E+00  9.298425E+00 -1.755865E+01
     27980  3.620014E+00  1.179510E+01 -1.279158E+01
     27981 -5.155512E-02  7.696310E+00 -7.963262E+00
     27982  7.696004E+00  1.687029E+01 -7.108692E+01
     27983  7.922393E-01  1.194278E+01 -2.620243E+01
     27984  2.456572E+00  1.292358E+01 -3.291448E+01
     27985  2.084451E+00  1.154078E+01 -1.566529E+01
     27986  3.052597E+00  1.187805E+01 -1.528161E+01
     27987  3.166547E-02  1.369247E+01 -4.594723E+01
     27988  3.260701E+00  1.680130E+01 -5.166773E+01
     27989  3.421028E+00  1.253007E+01 -3.431441E+01
     27990  5.005623E+00  1.486552E+01 -3.674594E+01
     27991  3.047823E+00  1.285966E+01 -2.290489E+01
     27992  3.270163E+00  1.398239E+01 -6.318967E+01
     27993  1.017924E+00  1.433398E+01 -4.484720E+01
     30963 -7.434552E-02 -1.659534E+00 -2.061073E+00
     30964 -1.982988E+00 -2.064987E+00  5.176572E-01
     30965 -7.763121E-01 -3.195636E+00  7.588991E-02
     30966  3.920802E-01  1.713478E-01  2.113731E-01
     30967 -1.372184E+00  8.632346E+00 -1.654539E+01
     30968 -1.912587E+00  7.193437E+00 -8.733231E+00
     30969 -1.406024E-01  6.919482E+00 -7.088523E+00
     30970 -3.532898E+00  1.957063E+01 -7.841908E+01
     30971 -3.697741E+00  1.877732E+01 -8.673371E+01
     30972 -7.331851E+00  1.561244E+01 -6.473325E+01
     30973 -3.467822E+00  1.110543E+01 -1.195798E+01
     30974  2.514147E-01  1.325401E+01 -7.096955E+01
     30975 -2.951485E+00  1.090808E+01 -1.353730E+01
     30976 -2.937766E+00  1.176057E+01 -2.050810E+01
     30977 -2.173944E+00  1.057273E+01 -1.456082E+01
     30978 -9.336713E-01  1.097049E+01 -2.464353E+01
     30979 -4.768548E+00  1.368930E+01 -3.317920E+01
     30980 -1.192401E+00  1.310268E+01 -4.067029E+01
     30981 -3.623430E+00  1.152284E+01 -3.169135E+01
     30982 -2.527501E-01  1.252597E+01 -4.277711E+01
     30983 -2.455727E+00  1.193361E+01 -3.079148E+01
     30984 -3.356607E+00  1.286297E+01 -5.811261E+01
     30985 -3.255209E+00  1.555863E+01 -4.793543E+01
     33572  1.827894E-01  2.890208E-01 -2.249362E-01
     33573 -1.827191E-01  2.410756E-01 -1.630911E-01
     33574  3.135104E-02 -6.007935E-03 -8.953515E-02
     33575 -1.744609E-02 -1.233726E-02 -1.044987E-01
     33576 -1.307804E-02  4.214095E-03 -1.252069E-01
     33577  1.278566E-02  5.628029E-03 -1.388658E-01
     33578  4.232870E-02  4.714985E-02 -1.150647E-01
     33579 -3.672936E-02  4.419623E-02 -1.081630E-01
     33580 -2.091153E+00  4.069253E+00  1.047454E+01
     33581 -3.388304E+00  2.760191E+00  9.319613E+00
     33582 -2.138939E+00  2.981996E+00  7.796818E+00
     33583 -1.605314E-01  3.972913E-01  1.870576E+00
     33584  9.003146E-02  3.803135E-01  1.904675E+00
     33585  1.038031E-01  4.081952E-01  1.846029E+00
     33586 -1.413076E-01  3.908660E-01  1.906291E+00
     33587  3.235086E+00  2.510644E+00  8.471713E+00
     33588  2.029379E+00  3.598918E+00  9.489471E+00
     33589  2.159464E+00  2.671657E+00  6.989458E+00
     33590 -3.602823E+00  3.149409E+00  6.945037E+00
     33591  3.541115E+00  2.905350E+00  6.207317E+00
     33592 -2.623157E+00  1.680836E+00  6.903090E+00
     33593 -2.390637E+00  2.227249E+00  7.009948E+00
     33594 -2.992262E+00  4.795890E+00  3.851794E+00
     33595 -1.671689E+00  1.873659E+00  2.021013E+00
     33596 -3.191144E+00  1.194112E+00  5.504201E+00
     33597 -3.216942E+00  1.406319E+00  5.736378E+00
     33598 -3.021643E+00  3.975032E+00  3.256069E+00
     33599 -2.642939E+00  1.939810E+00  2.833331E+00
     33600 -1.953056E+00  1.476385E+00  1.930461E+00
     33601 -3.162237E+00  7.666477E-01  3.760959E+00
     33602 -3.297529E+00  9.230442E-01  4.122198E+00
     33603 -2.942374E+00  2.877367E+00  3.066269E+00
     33604 -2.519191E+00  1.581549E+00  2.812992E+00
     33605 -2.156046E+00  1.107921E+00  2.435078E+00
     33606 -5.133579E+00  1.381953E+00  5.186748E+00
     33607 -3.985983E+00  1.433883E+00  4.326664E+00
     33608 -2.452393E+00  1.272256E+00  3.142799E+00
     33609 -4.024105E+00  5.403351E-01  3.695310E+00
     33610 -4.482864E+00  1.429686E+00  4.583854E+00
     33611 -3.171026E+00  1.954567E-01  2.741107E+00
     33612 -3.906808E+00  5.678745E-01  3.598277E+00
     33613 -2.475560E+00  4.833008E-02  2.126118E+00
     33614 -3.079690E+00  2.405227E-01  2.730556E+00
     33615 -1.963579E+00  2.841785E-03  1.777892E+00
     33616 -2.450784E+00  1.080135E-01  2.234890E+00
     33617 -1.596032E+00  7.771567E-03  1.619539E+00
     33618 -2.000315E+00  7.342212E-02  1.923947E+00
     33619 -1.345934E+00 -2.638374E-02  1.580418E+00
     33620 -1.710215E+00  6.115028E-02  1.792805E+00
     33621 -1.190833E+00  3.441192E-02  1.552023E+00
     33622 -1.524995E+00  8.836913E-02  1.772467E+00
     33623 -1.072360E+00  1.080085E-01  1.532774E+00
     33624 -1.363508E+00  1.679396E-01  1.713498E+00
     33625 -9.679165E-01  8.391545E-02  1.634928E+00
     33626 -1.214138E+00  1.577350E-01  1.706120E+00
     33627 -7.702699E-01  8.977740E-02  1.513794E+00
     33628 -1.103783E+00  5.720782E-02  1.703613E+00
     33629 -6.153496E-01  1.992026E-01  1.535425E+00
     33630 -9.161749E-01  2.334611E-01  1.596961E+00
     33631 -3.942320E-01  1.072639E-01  1.577995E+00
     33632 -7.299388E-01  1.555612E-01  1.605849E+00
     33633 -2.011254E-01  2.184733E-01  1.645192E+00
     33634 -5.335671E-01  2.059984E-01  1.690862E+00
     33635 -5.363723E-02  3.111417E-01  1.724186E+00
     33636 -3.627763E-01  3.020062E-01  1.728232E+00
     33637  3.092506E-02  3.791186E-01  1.820511E+00
     33638 -2.349283E-01  3.678584E-01  1.811187E+00
     33639 -8.257887E-02  3.878350E-01  1.790247E+00
     33640  1.771230E-01  3.816152E-01  1.756134E+00
     33641  2.832782E-01  3.072934E-01  1.616994E+00
     33642  1.130307E-03  3.289475E-01  1.663844E+00
     33643  1.563532E-01  2.439052E-01  1.509204E+00
     33644  4.469347E-01  2.390384E-01  1.483478E+00
     33645  3.570693E-01  2.025035E-01  1.382901E+00
     33646  6.424823E-01  2.068111E-01  1.379188E+00
     33647  5.784328E-01  1.585217E-01  1.272909E+00
     33648  8.688028E-01  1.639076E-01  1.321314E+00
     33649  1.096426E+00  1.177960E-01  1.345277E+00
     33650  8.094355E-01  1.013241E-01  1.228752E+00
     33651  1.314158E+00  8.997716E-02  1.353933E+00
     33652  1.015779E+00  3.591041E-02  1.223651E+00
     33653  1.238397E+00  1.053941E-01  1.299776E+00
     33654  1.473845E+00  1.136442E-01  1.473660E+00
     33655  1.381656E+00  1.055729E-03  1.308435E+00
     33656  1.693680E+00  7.320142E-02  1.540502E+00
     33657  1.568336E+00  2.646917E-02  1.402946E+00
     33658  1.883817E+00  9.296334E-02  1.649740E+00
     33659  2.164526E+00  1.102170E-01  1.823070E+00
     33660  1.785502E+00  2.162566E-02  1.490852E+00
     33661  2.112312E+00  5.175053E-02  1.701949E+00
     33662  2.549834E+00  1.662308E-01  2.147966E+00
     33663  2.555969E+00  1.057666E-01  2.032159E+00
     33664  3.101279E+00  2.976774E-01  2.591907E+00
     33665  3.170007E+00  2.958262E-01  2.572392E+00
     33666  3.823507E+00  6.202935E-01  3.305399E+00
     33667  4.427996E+00  1.130791E+00  4.364865E+00
     33668  4.161447E+00  6.874080E-01  3.622136E+00
     33669  3.843952E+00  1.362266E+00  3.864707E+00
     33670  4.877412E+00  1.210819E+00  4.672664E+00
     33671  3.139077E+00  9.375455E-01  3.794513E+00
     33672  3.034562E+00  7.897258E-01  3.485988E+00
     33673  2.380238E+00  1.192982E+00  2.846794E+00
     33674  3.059327E+00  1.333778E+00  5.242585E+00
     33675  3.057066E+00  1.155988E+00  5.037668E+00
     33676  2.795030E+00  2.597827E+00  2.742066E+00
     33677  2.431031E+00  1.456290E+00  2.514372E+00
     33678  2.088716E+00  1.067946E+00  2.194339E+00
     33679  2.570707E+00  1.941512E+00  6.702211E+00
     33680  2.612377E+00  1.562586E+00  6.287602E+00
     33681  2.891276E+00  3.576432E+00  2.950107E+00
     33682  2.538958E+00  1.750564E+00  2.561459E+00
     33683  1.903455E+00  1.367610E+00  1.734750E+00
     33684  2.477043E+00  3.042319E+00  4.371044E+00
     33685  1.923318E+00  1.784130E+00  2.072432E+00
     34332 -2.270994E-01  5.626510E-01 -2.586447E-01
     34333  2.392464E-01 -1.827893E-01 -2.472814E-01
     34334  1.000848E+00  1.235527E+00 -7.625057E-01
     34335 -4.861121E-03  6.961124E-01  4.463745E+00
     34336  5.109405E-01 -1.372836E-02  4.342859E+00
     34337 -1.308656E+00  4.174797E+00  1.165188E+01
     34338 -5.485856E-01  2.449602E+00  8.208656E+00
     34339  7.038169E-02  1.230274E+00  6.945660E+00
     34340  9.504723E-01  3.285795E-01  6.112527E+00
     34341 -3.163367E+00  1.613458E+01  3.161109E+01
     34342 -2.757964E+00  8.841390E+00  1.734604E+01
     34343 -1.024744E+00  4.900023E+00  1.547005E+01
     34344  5.801543E-01  1.429434E+00  1.203493E+01
     34345 -7.733260E-01  6.633550E+00  2.753398E+01
     34346 -1.650703E+00  5.888636E+00  1.520435E+01
     34347 -2.156751E+00  7.510927E+00  9.474397E+00
     34348  1.960700E-01  9.706852E+00  2.313529E+01
     34349 -1.754389E+00  1.823598E+01  2.847659E+01
     34350 -3.369764E+00  1.307842E+01  1.618042E+01
     34717 -3.856108E-02  1.080608E-01  1.069290E-01
     34718 -2.060037E-01 -1.450605E-01 -6.177535E-02
     34719 -8.958907E-01  1.111921E+00 -6.820986E-01
     34720 -3.610666E-01 -3.130076E-02  3.956704E+00
     34721  4.746854E-02  6.453015E-01  3.989270E+00
     34722  5.930293E-01  2.211389E+00  7.350720E+00
     34723  1.258154E+00  3.749546E+00  1.047927E+01
     34724 -2.125827E-02  1.420173E+00  5.888123E+00
     34725 -2.898378E-01 -4.674793E-01  4.782326E+00
     34726  2.454180E+00  7.925080E+00  1.561113E+01
     34727  2.823275E+00  1.451339E+01  2.840639E+01
     34728  8.658469E-01  4.271055E+00  1.369407E+01
     34729 -8.727874E-01  2.050826E+00  1.103409E+01
     34730  1.459282E+00  5.310403E+00  1.365886E+01
     34731  6.581296E-01  5.969599E+00  2.465250E+01
     34732 -1.999888E-01  8.740924E+00  2.069577E+01
     34733  1.911021E+00  6.797922E+00  8.515377E+00
     34734  1.492404E+00  1.644768E+01  2.553762E+01
     34735  2.974828E+00  1.178943E+01  1.454499E+01

 total force (fx,fy,fz) for set FEET and time  0.6000000E+01

       -4.106416E-09  9.192533E+02 -7.713451E+02
