
                        S T E P       1


                                INCREMENT     1


 displacements (vx,vy,vz) for set TOP and time  0.1000000E+01

     18600 -2.255691E-02  4.541124E-01 -4.335037E-01
     18645 -1.317629E-02  5.851820E-01 -5.261140E-01
     19082 -1.247618E-03  6.395054E-01 -5.667506E-01
     22510  8.341471E-03  6.167553E-01 -5.484549E-01
     23699  1.922274E-02  4.397269E-01 -4.147101E-01

 forces (fx,fy,fz) for set FEET and time  0.1000000E+01

       199 -5.285138E-01 -1.629959E-02 -2.861729E+00
       203  8.057996E-01  1.110219E+01 -7.921449E+00
       204 -2.076309E-03  2.333717E-02 -9.628086E-01
       208  2.655528E-02  2.310313E+00  1.961634E-01
       209  5.842493E-01  2.002987E-01 -2.136156E+00
       213 -5.689595E-01  9.668487E+00 -5.378553E+00
       242  2.232078E+01  1.310143E+01  2.479096E+01
       243 -4.141200E-01  3.266846E-01  4.393196E-01
       244  1.187218E+00  1.696372E+00 -3.870218E-02
       245 -2.127073E+01  9.684710E+00  2.081260E+01
       269 -1.116450E+00  1.603242E+00 -4.355223E-02
       270  1.937855E+01  8.648593E+00  1.888757E+01
       273  3.316316E-01  2.312782E-01  4.318177E-01
       274 -2.059208E+01  1.215541E+01  2.290794E+01
       282  1.223409E+00  3.162218E-01  2.393177E+00
       284 -1.149966E+00  2.786287E-01  2.125814E+00
       290 -5.815571E+00  3.908964E+00 -5.317763E+00
       293 -9.179959E+00  6.510063E+00  7.730480E+00
       294  9.159778E+00  6.639516E+00  8.318800E+00
       301  5.197318E+00  3.469787E+00 -4.729828E+00
       302 -8.342750E+00  6.083134E+00  7.623465E+00
       303  8.276751E+00  5.832338E+00  6.916122E+00
      2640  3.012430E+00 -2.288792E+00 -2.203275E+01
      2656 -4.113259E-02 -1.822718E+00 -4.112540E+00
      2665  2.486416E-01  1.342059E+00 -8.213553E-01
      2666  6.067850E-01 -2.056329E-01 -7.893079E-01
      2667  3.474033E-01 -2.849753E-01 -4.250476E-01
      2668  3.248494E-01 -3.024271E-01 -8.958844E-01
      2669  2.366460E-01 -3.909354E-01 -1.212788E+00
      2670  9.860373E-02 -3.988581E-02 -4.178759E-01
      2671  9.849075E-02 -5.487506E-02 -6.936983E-01
      2672  3.219183E-02 -2.569727E-02 -5.795641E-01
      2673  1.750985E-02 -2.419712E-02 -6.480925E-01
      2674  1.211585E-02 -8.984343E-03 -5.556312E-01
      2675  4.522761E-02 -4.361852E-02 -1.002918E+00
      2676  3.952629E-02 -1.588666E-02 -8.765451E-01
      2677  1.246017E-01  7.124343E-01 -7.319420E-01
      2678  1.214840E-02 -3.956956E-02 -1.287076E+00
      2679  1.369350E-02  4.666004E-02 -8.514531E-01
      2680 -3.293441E-02 -3.311313E-02 -9.082090E-01
      2681  4.654819E-02 -3.923620E-03 -7.220936E-01
      2682  1.007437E-02 -4.122691E-02 -1.106227E+00
      2683 -1.442153E-02 -1.454152E-02 -9.154748E-01
      2684  2.511764E-02  3.613446E-01 -1.281567E+00
      2685  5.800859E+00  3.563772E-01 -2.349534E+01
      2686  5.274022E+00 -1.379544E+00 -1.472336E+01
      2687  4.774570E+00 -1.195673E+00 -9.674194E+00
      2688  3.922747E+00 -1.061420E+00 -5.855496E+00
      2689  4.720970E+00 -7.922004E-01 -4.422925E+00
      2690  3.812324E+00 -9.518980E-01 -2.838450E+00
      2691  2.830834E+00 -8.340033E-01 -1.650171E+00
      2692  2.291944E+00 -6.844495E-01 -1.203816E+00
      2693  1.834674E+00 -6.036241E-01 -1.103646E+00
      2694  1.512129E+00 -6.116700E-01 -1.228994E+00
      2695  1.258559E+00 -9.457336E-01 -1.572271E+00
      2696  1.180066E+00 -9.490933E-01 -1.705443E+00
      2697  1.127064E+00 -7.581414E-01 -1.775686E+00
      2698  8.044503E-01 -7.985952E-01 -1.886291E+00
      2699  9.205018E-01 -9.008204E-01 -1.914592E+00
      2700  7.186846E-01 -5.293068E-01 -1.780122E+00
      2701  4.935412E-01 -1.336443E+00 -2.042946E+00
      2702  3.050420E-01 -1.015812E+00 -2.009933E+00
      2703  1.967142E-01 -9.091316E-01 -2.120114E+00
      2704  9.428947E-02 -7.671154E-01 -2.224052E+00
      2705  1.702117E-02 -7.326594E-01 -2.368102E+00
      2829  6.221528E-01  8.957728E+00 -3.187484E+00
      2830  2.809499E-01  5.926554E+00 -1.572391E+00
      2831  1.639748E-01  4.318263E+00 -3.034447E-01
      2832 -1.265861E-02  2.661080E+00 -1.493781E-01
      2833  4.223806E-02  1.916256E+00 -2.334519E-01
      2834  4.519132E-02  2.173918E+00  2.505151E-01
      2835  3.307552E-02  1.744443E+00  2.865022E-02
      2836  3.734291E-02  1.657399E+00  1.772716E-01
      2837  1.899160E-02  1.648605E+00  1.726207E-01
      2838  4.594642E-02  2.087513E+00  3.209086E-01
      2839  1.218448E-02  2.482857E+00 -9.704749E-02
      2840  1.096518E-02  2.371366E+00  1.184735E-01
      2841 -9.950444E-02  1.231714E+00 -1.476470E-01
      2842  2.650530E-01  4.178061E+00 -2.369664E-01
      2843  4.183233E-02  1.882055E+00  1.340774E-01
      2844  1.002068E-01  2.279384E+00  1.448486E-01
      2845 -5.427393E-02  3.325296E+00  3.534814E-01
      2846 -3.691813E-03  2.437054E+00 -1.155213E-01
      2847  2.489869E-03  2.344889E+00  1.143949E-01
      2848 -2.698223E-01  2.310506E+00  3.589464E-01
      2849  4.218494E+00  1.174086E+01 -2.277142E+01
      2850  3.333801E+00  7.390725E+00 -1.354242E+01
      2851  2.979664E+00  5.362231E+00 -8.397972E+00
      2852  2.556837E+00  3.659308E+00 -5.363628E+00
      2853  1.893029E+00  1.600705E+00 -3.357713E+00
      2854  1.563997E+00  1.994055E+00 -1.631382E+00
      2855  1.142276E+00  1.472552E+00 -1.124532E+00
      2856  8.127309E-01  1.334498E+00 -9.349250E-01
      2857  6.242099E-01  1.210865E+00 -1.024058E+00
      2858  5.458305E-01  1.324375E+00 -1.218892E+00
      2859  5.324939E-01  2.064587E+00 -1.209230E+00
      2860  4.275279E-01  2.174091E+00 -1.414821E+00
      2861  4.194225E-01  1.630776E+00 -1.664147E+00
      2862  4.670167E-01  1.305304E+00 -1.587406E+00
      2863  1.730954E-01  1.867445E+00 -1.545976E+00
      2864  2.360963E-01  1.300845E+00 -1.821425E+00
      2865  2.862123E-01  2.982147E+00 -1.252424E+00
      2866  1.016779E-01  2.129761E+00 -1.615096E+00
      2867  1.559926E-02  1.993778E+00 -1.793925E+00
      2868  2.818966E-02  1.755593E+00 -1.975655E+00
      2869  5.290020E-03  1.633675E+00 -2.033325E+00
      2877 -3.051621E+00 -1.856823E+00 -2.210803E+01
      2886 -5.763043E-02  3.684770E-01 -1.221021E+00
      2887 -1.954060E-02 -3.024159E-03 -8.666875E-01
      2888 -1.535515E-02 -2.066366E-03 -6.892412E-01
      2889  3.738331E-02  1.358743E-02 -8.326830E-01
      2890 -6.278161E-03 -8.643078E-02 -1.151040E+00
      2891 -4.510758E-02  3.165517E-02 -6.975283E-01
      2892 -3.716964E-02 -5.994431E-02 -1.108251E+00
      2893 -7.962464E-02 -9.651497E-03 -8.519664E-01
      2894 -8.440214E-02 -3.292437E-02 -8.560597E-01
      2895 -1.779584E-02  2.450277E-02 -5.611564E-01
      2896 -4.658846E-02  2.966976E-01 -1.135336E+00
      2897 -8.949614E-02 -6.315606E-03 -6.991361E-01
      2898 -2.124096E-02 -4.342575E-02 -4.664964E-01
      2899 -8.735824E-02 -5.506741E-02 -6.702960E-01
      2900 -1.637534E-01 -4.881438E-02 -5.846526E-01
      2901 -2.792223E-01 -3.892775E-01 -1.049655E+00
      2902 -5.247596E-02  2.097143E-01 -1.378623E-01
      2903 -4.368253E-01 -2.368426E-01 -1.217652E+00
      2904 -2.478136E-01  7.949473E-01 -1.296891E+00
      2905 -9.424240E-01  2.526253E-01 -2.134967E+00
      2906 -1.604909E-03 -7.467865E-01 -2.523224E+00
      2907 -8.210722E-02 -8.628263E-01 -2.346396E+00
      2908 -1.531305E-01 -8.267590E-01 -2.141737E+00
      2909 -3.352220E-01 -9.784930E-01 -2.021295E+00
      2910 -6.193839E-01 -7.207929E-01 -1.935328E+00
      2911 -6.143448E-01 -4.208539E-01 -1.741101E+00
      2912 -9.110726E-01 -1.173928E+00 -1.844619E+00
      2913 -1.009489E+00 -1.049258E+00 -1.701635E+00
      2914 -1.192254E+00 -1.056376E+00 -1.687780E+00
      2915 -1.305182E+00 -1.109461E+00 -1.710437E+00
      2916 -1.553031E+00 -4.618988E-01 -1.462302E+00
      2917 -1.691461E+00 -4.845253E-01 -1.339178E+00
      2918 -1.892277E+00 -1.090724E+00 -1.451307E+00
      2919 -2.313362E+00 -7.376173E-01 -1.343783E+00
      2920 -2.826686E+00 -6.652541E-01 -1.656681E+00
      2921 -3.617942E+00 -8.428897E-01 -2.583850E+00
      2922 -4.411408E+00 -1.171602E+00 -4.200540E+00
      2923 -3.923736E+00 -8.198656E-01 -5.642285E+00
      2924 -4.374324E+00 -1.179687E+00 -8.372238E+00
      2925 -4.809434E+00 -1.271108E+00 -1.255716E+01
      2926 -5.335922E+00 -1.636811E-01 -1.995415E+01
      3050  3.105803E-01  2.269494E+00  2.237101E-01
      3051  4.826149E-02  2.292461E+00  9.237895E-02
      3052  4.004460E-02  2.600077E+00  3.412472E-01
      3053 -1.699285E-02  2.075848E+00  1.494735E-01
      3054  8.029590E-02  2.324056E+00  2.151075E-01
      3055 -9.243231E-03  2.114111E+00  4.400017E-01
      3056 -6.470721E-02  2.968924E+00 -1.198996E-01
      3057  4.109218E-03  2.602612E+00  1.090577E-01
      3058  1.587170E-02  2.985682E+00  8.300919E-02
      3059 -3.482673E-02  1.914215E+00  3.785761E-01
      3060 -1.864832E-01  1.671673E+00  9.417708E-02
      3061  6.295630E-02  2.000885E+00  1.171384E-01
      3062 -1.212420E-01  2.434415E+00  2.898487E-01
      3063 -2.793816E-02  1.577783E+00  9.637906E-03
      3064  3.467463E-02  1.646859E+00  1.273508E-01
      3065 -1.129926E-02  2.053825E+00 -5.077396E-03
      3066 -6.560586E-02  2.698206E+00  7.725931E-03
      3067 -1.501380E-01  3.785582E+00 -9.833387E-01
      3068 -8.668896E-02  5.397425E+00 -9.975523E-01
      3069 -3.712556E-01  8.019461E+00 -2.345613E+00
      3070 -4.590035E-02  1.746249E+00 -1.957870E+00
      3071 -9.234037E-02  1.755283E+00 -1.923488E+00
      3072 -6.314187E-02  1.828772E+00 -1.863486E+00
      3073 -1.758756E-01  2.138676E+00 -1.627729E+00
      3074 -2.372426E-01  1.332787E+00 -1.774088E+00
      3075 -2.644539E-01  1.292365E+00 -1.686605E+00
      3076 -1.882812E-01  2.481906E+00 -1.286386E+00
      3077 -4.466108E-01  2.225735E+00 -1.367513E+00
      3078 -4.832383E-01  2.261104E+00 -1.312234E+00
      3079 -6.862703E-01  2.322833E+00 -1.187802E+00
      3080 -5.216809E-01  1.024410E+00 -1.518638E+00
      3081 -5.534721E-01  1.050422E+00 -1.330512E+00
      3082 -7.343182E-01  2.346888E+00 -7.539118E-01
      3083 -8.827283E-01  1.441752E+00 -9.987435E-01
      3084 -1.128901E+00  1.173929E+00 -1.232351E+00
      3085 -1.486168E+00  1.531360E+00 -1.800933E+00
      3086 -1.955503E+00  2.216763E+00 -2.937783E+00
      3087 -2.343111E+00  3.218481E+00 -4.681777E+00
      3088 -2.907472E+00  4.705378E+00 -8.154390E+00
      3089 -3.206073E+00  6.655928E+00 -1.298445E+01
      3090 -3.944263E+00  1.069241E+01 -2.198758E+01
      3568  3.227742E+00 -1.864467E+00  3.218872E+00
      3569  8.308398E+00 -1.110969E+00  4.168655E+00
      3570  1.752095E+01  2.139563E-01  7.654577E+00
      3571 -1.283564E+00 -4.367995E-01 -3.763205E+00
      3572  5.617049E+00 -3.656022E+00  1.067867E+01
      3573  1.693975E+01 -5.216539E+00  3.013511E+01
      3574  3.601353E+01 -6.123777E+00  5.556912E+01
      3675 -1.036549E+00  2.520116E+00 -4.819047E+00
      3676 -3.320596E+00  2.591329E+01  9.796252E+01
      3677  2.475365E+00 -1.912803E+00 -3.793353E+00
      3678 -1.940402E-02 -3.528281E-01 -2.793034E+00
      3679 -9.393917E+00  2.392137E-01  7.732915E-01
      3680  5.991091E+00  1.438944E+00 -1.212136E+01
      3681  1.542772E+00 -3.203105E+00 -2.984839E+00
      3682 -8.127044E+00 -5.431439E+00  1.515279E+01
      3683 -2.758787E+01 -7.330948E+00  4.531413E+01
      4175 -2.226543E+00 -1.920156E+00 -3.724246E+00
      4176 -3.616972E-01 -3.127442E-01 -3.012121E+00
      4177  8.226038E+00  1.840084E-01  2.906716E-01
      4178 -5.707177E+00  1.456471E+00 -1.138413E+01
      4179 -1.735669E+00 -2.912750E+00 -3.333041E+00
      4180  7.040009E+00 -4.986840E+00  1.316140E+01
      4181  2.492337E+01 -6.772658E+00  4.096172E+01
      4287  1.062277E+00  2.253571E+00 -4.336758E+00
      4288  3.367553E+00  2.372970E+01  8.984999E+01
      4289 -3.439715E+00 -1.670657E+00  3.210142E+00
      4290 -8.067746E+00 -1.067300E+00  4.165759E+00
      4291 -1.652351E+01  2.643786E-01  7.443490E+00
      4292  8.197589E-01 -5.758800E-01 -2.993466E+00
      4293 -5.537806E+00 -3.392578E+00  1.055031E+01
      4294 -1.599501E+01 -4.790569E+00  2.846252E+01
      4295 -3.337693E+01 -5.482340E+00  5.148117E+01
      4716  2.373740E+00  4.341547E-01 -8.274570E+00
      4719 -2.244746E+00  4.061252E-01 -7.478560E+00
      4721 -3.516338E-01  3.965665E+00  3.547292E+00
      4722 -4.115086E-02  1.872991E+00  1.912040E+00
      4723  9.823957E-02  1.026032E+00  1.031874E+00
      4724  3.118301E-02  7.057430E-01  1.175757E+00
      4725  5.406035E-02  5.305617E-01  8.440435E-01
      4726 -1.685669E-02  3.495583E-01  7.698362E-01
      4727  8.406214E-03  3.941098E-01  8.299805E-01
      4728  9.651183E-03  4.490022E-01  9.316961E-01
      4729  2.176080E-02  5.257973E-01  1.080639E+00
      4730  5.221481E-03  5.859958E-01  1.213505E+00
      4731 -6.119064E-04  6.490831E-01  1.344805E+00
      4732 -1.130410E-02  6.594135E-01  1.357477E+00
      4733 -8.731451E-03  7.254638E-01  1.421033E+00
      4734  5.380769E-03  7.089785E-01  1.446819E+00
      4735 -3.299594E-03  6.975494E-01  1.415065E+00
      4736 -6.244013E-03  6.930818E-01  1.449145E+00
      4737 -3.956002E-03  6.839162E-01  1.414341E+00
      4738  1.320623E-03  6.742916E-01  1.424130E+00
      4739  8.885774E-03  6.898728E-01  1.457143E+00
      4740 -1.462072E-03  7.180829E-01  1.490920E+00
      4741  2.604783E-03  7.176585E-01  1.497337E+00
      4742 -3.879665E-03  6.859714E-01  1.460210E+00
      4743 -1.288115E-03  6.892860E-01  1.457194E+00
      4744  1.125075E-03  6.865743E-01  1.457577E+00
      4745 -2.072325E-03  6.751466E-01  1.407879E+00
      4746 -1.792147E-03  7.467523E-01  1.492766E+00
      4747  6.192482E-03  6.895090E-01  1.431626E+00
      4748  8.952032E-03  6.698198E-01  1.373840E+00
      4749  9.985236E-03  6.533585E-01  1.343141E+00
      4750  8.726464E-03  6.297008E-01  1.305504E+00
      4751 -6.796085E-03  5.811321E-01  1.190957E+00
      4752 -6.521467E-03  5.414543E-01  1.105156E+00
      4753 -6.698758E-03  4.716769E-01  9.766719E-01
      4754 -8.481323E-03  3.994146E-01  8.213046E-01
      4755  1.525758E-02  3.262104E-01  7.274629E-01
      4756 -6.088744E-02  4.908823E-01  7.843568E-01
      4757 -4.223250E-01  6.778445E-01  1.098989E+00
      4758 -1.167191E-01  9.388613E-01  9.349651E-01
      4759 -2.293646E-01  2.052378E+00  1.410083E+00
      4760  4.757850E-01  3.246949E+00  3.935449E+00
      4761  1.363494E+00  2.821523E+00  6.608726E+00
      4762  8.896421E-01  1.701434E+00  4.693424E+00
      4763  1.262812E+00  7.525704E-01  2.368848E+00
      4764  1.292919E+00  4.102515E-01  1.387557E+00
      4765  2.384691E+00  3.099395E-01  1.598665E+00
      4766  1.990192E+00  3.811505E-01  1.670298E+00
      4767  1.627565E+00  5.902365E-01  1.987392E+00
      4768  1.325593E+00  7.633897E-01  2.332564E+00
      4769  1.111592E+00  8.946375E-01  2.645986E+00
      4770  9.311188E-01  1.013162E+00  2.990525E+00
      4771  8.311572E-01  1.080022E+00  3.254720E+00
      4772  7.041408E-01  1.123918E+00  3.398040E+00
      4773  6.509677E-01  1.094961E+00  3.434701E+00
      4774  5.415710E-01  1.003554E+00  3.558930E+00
      4775  4.526032E-01  1.174433E+00  3.589445E+00
      4776  3.283299E-01  1.158672E+00  3.560377E+00
      4777  2.438191E-01  1.113030E+00  3.553736E+00
      4778  1.501949E-01  1.119277E+00  3.454799E+00
      4779  9.235363E-02  1.107020E+00  3.417495E+00
      4780  4.349963E-02  1.124815E+00  3.442307E+00
      4781 -1.452402E-03  1.082620E+00  3.493009E+00
      4782 -5.452648E-02  1.133164E+00  3.453547E+00
      4783 -8.201230E-02  1.135343E+00  3.471839E+00
      4784 -1.573684E-01  1.156826E+00  3.536165E+00
      4785 -2.528244E-01  1.190704E+00  3.550935E+00
      4786 -3.006082E-01  1.185715E+00  3.646879E+00
      4787 -5.365998E-01  1.187323E+00  3.694834E+00
      4788 -6.175752E-01  1.174684E+00  3.588916E+00
      4789 -7.164256E-01  1.150144E+00  3.488674E+00
      4790 -8.189810E-01  1.103690E+00  3.387073E+00
      4791 -9.215708E-01  1.079385E+00  3.173281E+00
      4792 -1.037503E+00  9.817532E-01  2.924931E+00
      4793 -1.209206E+00  8.419180E-01  2.679977E+00
      4794 -1.391937E+00  7.161816E-01  2.307380E+00
      4795 -1.658235E+00  5.534515E-01  1.864104E+00
      4796 -1.968611E+00  3.575344E-01  1.523845E+00
      4797 -2.320332E+00  2.689474E-01  1.470669E+00
      4798 -1.182556E+00  3.635413E-01  1.219827E+00
      4799 -1.200652E+00  7.055612E-01  2.202311E+00
      4800 -8.781087E-01  1.529946E+00  4.167701E+00
      4801 -1.402447E+00  2.574687E+00  5.988162E+00
      5051  1.025655E-01  1.096949E+01 -2.215139E+01
      5070 -1.569643E-01  1.878046E+01  4.207425E+01
      5082 -4.110174E+00 -7.890795E-01  1.712199E+00
      5083 -1.564875E+01  7.229653E-01  2.680540E+01
      5084 -3.333636E+00  3.211174E-01  7.385732E+00
      5085  6.055542E+00 -9.379265E-01  2.046631E+00
      5086 -1.403412E+00 -6.665835E-01  9.074090E-02
      5087  1.486670E+01  7.811757E-01  2.910862E+01
      5088  3.863081E+00 -4.525742E-01  7.429287E+00
      5089 -6.886664E+00  4.084879E-02 -1.369218E+01
      5119 -9.622158E-02  9.840246E+00 -1.987707E+01
      5138  1.696690E-01  1.702270E+01  3.813942E+01
      5150 -5.641846E+00 -8.749832E-01  2.025200E+00
      5151  1.136100E+00 -5.946091E-01  2.237767E-01
      5152 -1.366513E+01  6.922424E-01  2.675351E+01
      5153 -3.687609E+00 -4.133771E-01  7.076337E+00
      5154  6.020613E+00  2.524941E-02 -1.201534E+01
      5155  3.599185E+00 -6.975840E-01  1.441939E+00
      5156  1.401909E+01  6.671919E-01  2.402215E+01
      5157  2.986590E+00  3.054844E-01  6.586445E+00
     25126  6.398224E+00  2.095205E-01 -3.294334E+01
     25127  6.623403E+00 -4.628114E+00 -2.554133E+01
     25128 -4.694331E-02 -7.893886E-01 -4.117495E+00
     25129  1.609837E-01 -2.257402E+00 -3.672144E+00
     25130  6.068437E+00 -1.221976E+00 -2.107477E+01
     25131  5.933349E+00 -3.213311E+00 -1.724866E+01
     25132  5.184843E+00 -1.423893E+00 -1.379145E+01
     25133  4.266058E+00 -1.739775E+00 -6.842013E+00
     25134  4.419884E+00 -1.030419E+00 -8.931843E+00
     25135  5.158517E+00 -2.455420E+00 -1.198052E+01
     25136  3.074712E+00 -1.479742E+00 -4.033555E+00
     25137  3.651851E+00 -3.890211E-01 -5.353025E+00
     25138  2.679614E+00 -1.023677E+00 -3.744781E+00
     25139  1.901026E+00 -1.400235E+00 -2.107863E+00
     25140  2.077271E+00 -8.022765E-01 -2.643912E+00
     25141  2.566828E+00 -1.532470E+00 -3.387067E+00
     25142  1.573596E+00 -7.996221E-01 -2.312190E+00
     25143  1.245224E+00 -7.392832E-01 -2.325594E+00
     25144  1.499453E+00 -1.424622E+00 -2.238429E+00
     25145  1.012175E+00 -7.529332E-01 -2.571769E+00
     25146  1.190818E+00 -1.458182E+00 -2.381748E+00
     25147  8.882380E-01 -1.074595E+00 -3.091393E+00
     25148  9.005365E-01 -1.845146E+00 -2.758327E+00
     25149  9.498981E-01 -1.723187E+00 -3.151349E+00
     25150  8.043342E-01 -1.113615E+00 -3.348358E+00
     25151  8.839358E-01 -1.876342E+00 -3.323988E+00
     25152  8.058456E-01 -8.081508E-01 -3.302058E+00
     25153  5.343260E-01 -8.426748E-01 -3.274383E+00
     25154  6.591105E-01 -1.872592E+00 -3.237644E+00
     25155  7.472163E-01 -1.527563E+00 -3.166125E+00
     25156  6.209226E-01 -1.172697E+00 -3.571041E+00
     25157  4.456433E-01 -6.133321E-01 -3.313433E+00
     25158  6.613141E-01 -1.719271E+00 -3.387030E+00
     25159  2.585198E-01 -1.878344E+00 -3.478541E+00
     25160  3.138437E-01 -1.551574E+00 -3.935989E+00
     25161  2.478210E-01 -1.117528E+00 -3.640771E+00
     25162  1.890944E-01 -1.926550E+00 -3.215825E+00
     25163  3.830982E-01 -2.262634E+00 -4.172859E+00
     25164  9.988952E-02 -1.007137E+00 -3.767332E+00
     25165  5.553301E-02 -9.793643E-01 -4.017102E+00
     25166  9.546638E-02 -1.871857E+00 -3.750630E+00
     26050  1.978613E-02 -8.841809E-01 -4.074290E+00
     26051 -1.906957E-01 -2.242747E+00 -3.627255E+00
     26052 -5.971633E+00  6.425261E-01 -2.983223E+01
     26053 -6.335240E+00 -4.326176E+00 -2.255099E+01
     26054 -5.540790E-02 -9.146618E-01 -3.998902E+00
     26055 -1.190723E-01 -1.856821E+00 -3.781433E+00
     26056 -1.403694E-01 -9.401977E-01 -3.760778E+00
     26057 -2.115251E-01 -1.805072E+00 -3.487589E+00
     26058 -2.055445E-01 -1.141157E+00 -3.812807E+00
     26059 -2.201443E-01 -2.008631E+00 -4.160285E+00
     26060 -3.440185E-01 -1.733741E+00 -3.032751E+00
     26061 -3.824250E-01 -7.557961E-01 -3.529091E+00
     26062 -5.726606E-01 -5.449063E-01 -3.309705E+00
     26063 -6.808363E-01 -2.082051E+00 -3.017545E+00
     26064 -6.105093E-01 -1.310889E+00 -3.691547E+00
     26065 -7.995718E-01 -1.865200E+00 -3.833284E+00
     26066 -7.440070E-01 -1.152218E+00 -3.363960E+00
     26067 -8.705919E-01 -1.182416E+00 -3.322773E+00
     26068 -8.722896E-01 -2.015728E+00 -3.293532E+00
     26069 -9.242056E-01 -1.184007E+00 -3.364578E+00
     26070 -9.999905E-01 -2.052534E+00 -3.286114E+00
     26071 -1.050644E+00 -5.585543E-01 -2.856443E+00
     26072 -9.926240E-01 -1.742883E+00 -2.260378E+00
     26073 -9.466519E-01 -1.698535E+00 -3.424426E+00
     26074 -1.246738E+00 -6.525361E-01 -2.618758E+00
     26075 -1.438354E+00 -1.554538E+00 -2.643190E+00
     26076 -1.346182E+00 -1.212890E+00 -2.818180E+00
     26077 -1.585519E+00 -8.268329E-01 -2.406676E+00
     26078 -1.872575E+00 -1.309264E+00 -2.134201E+00
     26079 -1.485634E+00 -1.685838E+00 -2.871787E+00
     26080 -2.076069E+00 -6.333696E-01 -2.558998E+00
     26081 -2.478574E+00 -1.301152E+00 -2.883326E+00
     26082 -2.686010E+00 -6.227660E-01 -3.403099E+00
     26083 -3.144616E+00 -1.462634E+00 -4.118349E+00
     26084 -3.440527E+00 -7.866754E-01 -5.166696E+00
     26085 -4.171005E+00 -1.054280E+00 -8.065850E+00
     26086 -4.731365E+00 -2.279076E+00 -9.340826E+00
     26087 -4.042035E+00 -1.710283E+00 -6.950486E+00
     26088 -5.022825E+00 -1.016485E+00 -1.266322E+01
     26089 -5.632964E+00 -2.954920E+00 -1.526969E+01
     26090 -5.707306E+00 -9.946449E-01 -1.923034E+01
     28447  5.179513E-01 -1.246142E-01 -2.663203E-02
     28448  1.851739E-01  1.898845E+00  3.041847E+00
     28449 -1.777951E+00  2.558435E+00  3.856331E-01
     28450 -9.776722E-01  3.973825E+00  1.038568E-01
     28451 -3.367431E+00 -1.819449E+01  8.914485E+01
     28452 -2.679916E+00 -1.925518E+01  8.199609E+01
     28453  1.258881E+00 -1.090915E+01  6.802172E+01
     28454 -9.102085E-01  2.113068E+00 -1.470063E+01
     28455 -2.059319E+00  8.191641E-01 -7.207947E+00
     28456 -5.228720E+00 -2.894802E+00 -8.309062E+00
     28457  1.615234E+00  9.260787E-01 -1.382986E+01
     28458 -7.336668E+00 -1.328151E+01  6.337694E+01
     28459 -1.134783E+00 -4.861660E+00  6.870787E+00
     28460 -2.656121E+00 -6.894178E+00  1.545757E+01
     28461 -2.130589E+00 -3.871167E+00 -4.966334E+00
     28462 -1.958181E+00 -5.276318E+00 -3.941314E+00
     28463  2.981559E-01 -8.204315E+00  3.119221E+01
     28464 -4.669155E+00 -1.183417E+01  3.961768E+01
     28465 -4.037630E+00 -6.536979E+00  1.905302E+01
     28466 -1.685897E+00 -6.450391E+00  5.404716E+00
     28467 -4.074269E+00 -9.886915E+00  2.219594E+01
     28468 -3.013446E+00 -1.001419E+01  5.221946E+01
     28469  8.637769E-01 -9.765533E+00  3.258190E+01
     31178 -5.203857E-01 -1.299953E-01 -1.711864E-02
     31179 -1.066203E-01  1.643481E+00  2.697562E+00
     31180  1.645639E+00  2.508524E+00  4.398699E-01
     31181  8.603649E-01  3.653017E+00  9.639308E-02
     31182  2.101019E+00  5.688284E-01 -6.029238E+00
     31183  9.877953E-01  1.971243E+00 -1.377796E+01
     31184 -1.481188E+00  1.044684E+00 -1.289307E+01
     31185  2.727605E+00 -1.775423E+01  7.470831E+01
     31186  3.374029E+00 -1.675214E+01  8.205128E+01
     31187  7.005528E+00 -1.230730E+01  5.761042E+01
     31188  5.145716E+00 -2.884647E+00 -6.889118E+00
     31189 -7.718171E-01 -9.725407E+00  6.292607E+01
     31190  1.932871E+00 -4.831280E+00 -3.991971E+00
     31191  1.676444E+00 -5.887689E+00  4.499247E+00
     31192  2.170104E+00 -3.533052E+00 -4.272925E+00
     31193  1.194821E+00 -4.442993E+00  6.962473E+00
     31194  3.916658E+00 -9.130354E+00  1.985443E+01
     31195 -5.108502E-01 -8.900279E+00  2.943332E+01
     31196  4.180657E+00 -6.053681E+00  1.773113E+01
     31197  2.579562E+00 -6.392641E+00  1.477589E+01
     31198 -5.810488E-02 -7.485390E+00  2.927729E+01
     31199  3.180070E+00 -9.185849E+00  4.801620E+01
     31200  4.448712E+00 -1.120209E+01  3.676286E+01
     33490 -2.675794E-01  4.244985E-01  4.266675E-03
     33491  2.661836E-01  4.162681E-01 -4.634732E-02
     33492  5.205969E-02  1.485405E-01  1.546309E-01
     33493 -1.108444E-01  1.484998E-01  2.001291E-01
     33494  6.990806E-02  6.470300E-02  1.409808E-01
     33495 -5.822501E-02  5.869559E-02  1.308671E-01
     33496 -3.122333E-02  2.330415E-02  9.330548E-02
     33497  1.892968E-02  2.849868E-02  9.789910E-02
     33498  5.152917E+00 -8.037151E-01 -1.355261E+01
     33499  3.626317E+00 -6.949157E-01 -4.498246E-02
     33500  4.013779E+00 -1.361639E+00 -1.002123E+01
     33501 -9.358630E-02 -5.196657E-01  1.711773E+00
     33502  1.685800E-01 -5.725679E-01  1.768201E+00
     33503 -1.926054E-01 -5.641856E-01  1.780184E+00
     33504  6.980727E-02 -4.954552E-01  1.720559E+00
     33505 -3.468513E+00 -5.952921E-01 -1.326998E-01
     33506 -4.824055E+00 -6.578568E-01 -1.232841E+01
     33507 -3.910947E+00 -1.195110E+00 -8.981417E+00
     33508  3.216991E+00 -1.278062E+00  3.748426E+00
     33509 -3.224855E+00 -1.051213E+00  3.475707E+00
     33510  3.958200E+00 -2.086768E+00 -6.183477E+00
     33511  4.116119E+00 -2.043710E+00 -7.202904E+00
     33512  3.230015E+00 -5.643353E+00 -1.205724E+00
     33513  2.199741E+00 -1.770961E+00  2.917699E+00
     33514  3.816323E+00 -1.670241E+00 -4.149905E+00
     33515  3.987852E+00 -1.711408E+00 -4.914086E+00
     33516  2.255937E+00 -2.770574E+00 -1.218057E+00
     33517  2.615098E+00 -1.115088E+00  2.917553E+00
     33518  2.603652E+00 -1.324900E+00  1.526163E+00
     33519  3.403586E+00 -1.205795E+00 -2.544533E+00
     33520  3.594194E+00 -1.275524E+00 -3.191058E+00
     33521  2.240281E+00 -1.650081E+00 -7.959645E-01
     33522  2.935930E+00 -8.798364E-01  1.464419E+00
     33523  2.645552E+00 -9.471063E-01  8.799621E-01
     33524  5.201952E+00 -1.293109E+00 -6.256839E-01
     33525  3.519730E+00 -1.252211E+00 -1.095741E+00
     33526  2.794689E+00 -5.290854E-01  9.886007E-01
     33527  4.307336E+00 -9.770469E-01  2.355737E-01
     33528  4.042455E+00 -8.768940E-01  1.804193E-01
     33529  3.507900E+00 -6.323809E-01  9.284826E-01
     33530  3.538879E+00 -5.947171E-01  6.139545E-01
     33531  2.856441E+00 -4.030602E-01  1.367017E+00
     33532  2.809736E+00 -2.937786E-01  1.169843E+00
     33533  2.247163E+00 -1.656222E-01  1.511496E+00
     33534  2.382583E+00 -3.131992E-01  1.616512E+00
     33535  2.039766E+00 -3.244631E-01  1.815747E+00
     33536  1.853564E+00 -1.550866E-01  1.712543E+00
     33537  1.829587E+00 -4.905190E-01  1.894948E+00
     33538  1.532462E+00 -2.821016E-01  1.839736E+00
     33539  1.628888E+00 -4.947534E-01  1.926118E+00
     33540  1.324838E+00 -3.192401E-01  1.984528E+00
     33541  1.491199E+00 -4.511054E-01  1.941488E+00
     33542  1.189414E+00 -3.268403E-01  1.983432E+00
     33543  1.303797E+00 -7.169570E-01  2.083473E+00
     33544  1.032756E+00 -4.448501E-01  2.031865E+00
     33545  1.202677E+00 -6.131578E-01  2.023563E+00
     33546  8.766667E-01 -7.167142E-01  2.166809E+00
     33547  9.241494E-01 -3.875555E-01  2.065015E+00
     33548  6.960938E-01 -3.125803E-01  2.094707E+00
     33549  7.678846E-01 -6.897630E-01  1.980230E+00
     33550  4.316555E-01 -5.611842E-01  2.000064E+00
     33551  5.593451E-01 -5.729123E-01  1.891338E+00
     33552  2.317175E-01 -5.380281E-01  2.033713E+00
     33553  3.794703E-01 -5.175229E-01  1.765802E+00
     33554  7.372749E-02 -4.769294E-01  1.861979E+00
     33555  2.339094E-01 -4.921054E-01  1.716826E+00
     33556 -2.432841E-02 -4.706819E-01  1.773079E+00
     33557 -2.544166E-01 -4.837074E-01  1.736828E+00
     33558  1.677643E-02 -4.350271E-01  1.799928E+00
     33559 -3.879930E-01 -4.915517E-01  1.818636E+00
     33560 -9.083788E-02 -4.409050E-01  1.914563E+00
     33561 -2.620822E-01 -3.992718E-01  1.984741E+00
     33562 -5.554534E-01 -4.919110E-01  1.927932E+00
     33563 -7.791730E-01 -3.864506E-01  2.030952E+00
     33564 -4.837292E-01 -3.958203E-01  2.074390E+00
     33565 -9.374939E-01 -3.731947E-01  2.199570E+00
     33566 -7.678565E-01 -3.081663E-01  2.298989E+00
     33567 -1.279539E+00 -5.377210E-01  2.135361E+00
     33568 -9.289019E-01 -4.357434E-01  2.172401E+00
     33569 -1.484392E+00 -5.383012E-01  2.120634E+00
     33570 -1.137519E+00 -3.774593E-01  2.121972E+00
     33571 -1.681694E+00 -5.467905E-01  2.049476E+00
     33572 -1.332163E+00 -3.906520E-01  2.069367E+00
     33573 -1.858169E+00 -5.568978E-01  1.971430E+00
     33574 -1.539850E+00 -3.247947E-01  1.896815E+00
     33575 -2.021447E+00 -2.927053E-01  1.866697E+00
     33576 -1.811919E+00 -1.903712E-01  1.781354E+00
     33577 -2.236106E+00 -3.359854E-01  1.692034E+00
     33578 -2.055970E+00 -2.470752E-01  1.700792E+00
     33579 -2.559940E+00 -5.904394E-01  1.542121E+00
     33580 -2.358908E+00 -3.892560E-01  1.413215E+00
     33581 -2.880158E+00 -3.489526E-01  1.021277E+00
     33582 -2.948023E+00 -5.137146E-01  1.292942E+00
     33583 -3.549247E+00 -5.380922E-01  4.746522E-01
     33584 -3.519569E+00 -5.665338E-01  8.164515E-01
     33585 -3.951228E+00 -7.744107E-01  1.909203E-01
     33586 -4.224708E+00 -8.787825E-01  1.834314E-01
     33587 -3.686940E+00 -1.597594E+00 -1.189633E+00
     33588 -4.962107E+00 -1.338471E+00 -6.024316E-01
     33589 -3.452884E+00 -1.119189E+00 -2.906251E+00
     33590 -3.162119E+00 -1.088213E+00 -2.405302E+00
     33591 -2.527257E+00 -5.963542E-01  8.223908E-01
     33592 -3.712196E+00 -1.677543E+00 -4.505919E+00
     33593 -3.660456E+00 -1.526649E+00 -3.793616E+00
     33594 -2.155041E+00 -1.501400E+00 -7.033308E-01
     33595 -2.810155E+00 -7.701856E-01  1.360764E+00
     33596 -2.489175E+00 -8.270932E-01  8.187475E-01
     33597 -3.889033E+00 -1.709837E+00 -6.456421E+00
     33598 -3.655964E+00 -1.974554E+00 -5.800534E+00
     33599 -2.882852E+00 -3.526279E+00 -7.930252E-01
     33600 -2.460500E+00 -1.121581E+00  2.495028E+00
     33601 -2.468742E+00 -1.298344E+00  1.342608E+00
     33602 -2.526267E+00 -3.698598E+00 -2.041056E+00
     33603 -2.062356E+00 -1.475756E+00  2.834725E+00
     34248  2.993971E-01 -2.439348E-01  2.654043E-01
     34249 -1.505073E-01  6.965258E-01  4.459255E-01
     34250  1.447830E+00  1.104222E+00 -9.416039E-01
     34251  5.606827E-01  2.334377E-01 -6.803998E-01
     34252  1.322599E+00  1.506309E+00 -1.017745E+01
     34253  5.002877E-01  7.694662E-01 -2.149092E+01
     34254  1.075420E+00  7.563560E-01 -4.042312E+00
     34255  9.351361E-01  7.417227E-01 -8.676272E+00
     34256  7.074606E-01  1.853286E-01 -7.748446E+00
     34257 -3.538366E-01  1.225513E+00 -2.642948E+01
     34258 -9.914398E-01  1.307681E+00  1.741932E+01
     34259 -2.054090E+00  1.524606E+00  6.269090E+00
     34260  5.268916E-01  1.266038E+00 -4.271912E-01
     34261 -1.904858E-01  2.385970E+00 -5.826209E+00
     34262  2.143666E+00  7.455821E-02  5.527534E+00
     34263 -1.574966E+00  5.972650E-01 -1.361113E+01
     34264  3.009587E-01  3.829038E+00  5.084764E+01
     34265  6.417774E-01  4.310800E+00  4.735511E+01
     34266 -2.266065E+00  1.224263E+00  3.423379E+01
     34267  2.579048E+00  2.300484E+00  3.736418E+01
     34268 -1.018164E+00  3.470611E+00  2.386705E+01
     34269 -1.554968E+00  2.130165E+00  1.619621E+01
     34546 -2.773438E-01 -2.213902E-01  2.420161E-01
     34547  1.180019E-01  6.269992E-01  3.929945E-01
     34548 -1.328784E+00  1.016835E+00 -8.524767E-01
     34549 -5.937864E-01  2.095490E-01 -6.621600E-01
     34550 -4.754912E-01  6.806184E-01 -1.931205E+01
     34551 -1.201671E+00  1.357348E+00 -9.161732E+00
     34552 -8.725896E-01  6.784650E-01 -7.790796E+00
     34553 -1.000265E+00  6.862545E-01 -3.585543E+00
     34554 -6.647448E-01  1.781714E-01 -6.889970E+00
     34555  3.145158E-01  1.081378E+00 -2.357541E+01
     34556 -4.752663E-01  1.137622E+00 -1.804410E-01
     34557  1.946246E-01  2.144315E+00 -5.112293E+00
     34558 -1.907243E+00  6.628783E-02  5.340414E+00
     34559  1.948831E+00  1.420106E+00  5.697098E+00
     34560  9.288073E-01  1.216726E+00  1.573473E+01
     34561  1.419693E+00  5.156591E-01 -1.198860E+01
     34562 -4.947499E-01  3.910612E+00  4.278789E+01
     34563 -2.132901E-01  3.476983E+00  4.633240E+01
     34564 -2.292436E+00  2.087766E+00  3.417811E+01
     34565  2.116035E+00  1.059563E+00  3.086301E+01
     34566  1.470122E+00  1.911444E+00  1.495086E+01
     34567  1.068216E+00  3.153631E+00  2.168224E+01

 total force (fx,fy,fz) for set FEET and time  0.1000000E+01

        5.095390E-09  1.304867E-09  1.200000E+03

                        S T E P       2


                                INCREMENT     1


 displacements (vx,vy,vz) for set TOP and time  0.2000000E+01

     18600 -4.511381E-02  9.082248E-01 -8.670073E-01
     18645 -2.635258E-02  1.170364E+00 -1.052228E+00
     19082 -2.495235E-03  1.279011E+00 -1.133501E+00
     22510  1.668294E-02  1.233511E+00 -1.096910E+00
     23699  3.844549E-02  8.794539E-01 -8.294202E-01

 forces (fx,fy,fz) for set FEET and time  0.2000000E+01

       199 -1.057028E+00 -3.259918E-02 -5.723458E+00
       203  1.611599E+00  2.220437E+01 -1.584290E+01
       204 -4.152618E-03  4.667434E-02 -1.925617E+00
       208  5.311055E-02  4.620625E+00  3.923268E-01
       209  1.168499E+00  4.005974E-01 -4.272311E+00
       213 -1.137919E+00  1.933697E+01 -1.075711E+01
       242  4.464155E+01  2.620287E+01  4.958193E+01
       243 -8.282400E-01  6.533693E-01  8.786393E-01
       244  2.374436E+00  3.392744E+00 -7.740436E-02
       245 -4.254146E+01  1.936942E+01  4.162519E+01
       269 -2.232900E+00  3.206484E+00 -8.710446E-02
       270  3.875710E+01  1.729719E+01  3.777513E+01
       273  6.632632E-01  4.625563E-01  8.636354E-01
       274 -4.118416E+01  2.431083E+01  4.581589E+01
       282  2.446818E+00  6.324436E-01  4.786354E+00
       284 -2.299933E+00  5.572575E-01  4.251628E+00
       290 -1.163114E+01  7.817928E+00 -1.063553E+01
       293 -1.835992E+01  1.302013E+01  1.546096E+01
       294  1.831956E+01  1.327903E+01  1.663760E+01
       301  1.039464E+01  6.939574E+00 -9.459656E+00
       302 -1.668550E+01  1.216627E+01  1.524693E+01
       303  1.655350E+01  1.166468E+01  1.383224E+01
      2640  6.024859E+00 -4.577584E+00 -4.406550E+01
      2656 -8.226518E-02 -3.645436E+00 -8.225080E+00
      2665  4.972832E-01  2.684118E+00 -1.642711E+00
      2666  1.213570E+00 -4.112658E-01 -1.578616E+00
      2667  6.948065E-01 -5.699506E-01 -8.500952E-01
      2668  6.496988E-01 -6.048542E-01 -1.791769E+00
      2669  4.732920E-01 -7.818707E-01 -2.425575E+00
      2670  1.972075E-01 -7.977161E-02 -8.357519E-01
      2671  1.969815E-01 -1.097501E-01 -1.387397E+00
      2672  6.438366E-02 -5.139453E-02 -1.159128E+00
      2673  3.501970E-02 -4.839424E-02 -1.296185E+00
      2674  2.423170E-02 -1.796869E-02 -1.111262E+00
      2675  9.045522E-02 -8.723703E-02 -2.005837E+00
      2676  7.905259E-02 -3.177331E-02 -1.753090E+00
      2677  2.492033E-01  1.424869E+00 -1.463884E+00
      2678  2.429680E-02 -7.913911E-02 -2.574152E+00
      2679  2.738699E-02  9.332007E-02 -1.702906E+00
      2680 -6.586883E-02 -6.622626E-02 -1.816418E+00
      2681  9.309639E-02 -7.847239E-03 -1.444187E+00
      2682  2.014873E-02 -8.245382E-02 -2.212455E+00
      2683 -2.884305E-02 -2.908304E-02 -1.830950E+00
      2684  5.023528E-02  7.226891E-01 -2.563133E+00
      2685  1.160172E+01  7.127544E-01 -4.699068E+01
      2686  1.054804E+01 -2.759088E+00 -2.944672E+01
      2687  9.549139E+00 -2.391345E+00 -1.934839E+01
      2688  7.845493E+00 -2.122841E+00 -1.171099E+01
      2689  9.441940E+00 -1.584401E+00 -8.845850E+00
      2690  7.624648E+00 -1.903796E+00 -5.676901E+00
      2691  5.661667E+00 -1.668007E+00 -3.300343E+00
      2692  4.583888E+00 -1.368899E+00 -2.407633E+00
      2693  3.669348E+00 -1.207248E+00 -2.207292E+00
      2694  3.024259E+00 -1.223340E+00 -2.457987E+00
      2695  2.517117E+00 -1.891467E+00 -3.144541E+00
      2696  2.360133E+00 -1.898187E+00 -3.410886E+00
      2697  2.254128E+00 -1.516283E+00 -3.551372E+00
      2698  1.608901E+00 -1.597190E+00 -3.772582E+00
      2699  1.841004E+00 -1.801641E+00 -3.829185E+00
      2700  1.437369E+00 -1.058614E+00 -3.560244E+00
      2701  9.870825E-01 -2.672885E+00 -4.085892E+00
      2702  6.100840E-01 -2.031624E+00 -4.019865E+00
      2703  3.934285E-01 -1.818263E+00 -4.240228E+00
      2704  1.885789E-01 -1.534231E+00 -4.448103E+00
      2705  3.404233E-02 -1.465319E+00 -4.736204E+00
      2829  1.244306E+00  1.791546E+01 -6.374969E+00
      2830  5.618998E-01  1.185311E+01 -3.144781E+00
      2831  3.279497E-01  8.636525E+00 -6.068894E-01
      2832 -2.531721E-02  5.322159E+00 -2.987562E-01
      2833  8.447612E-02  3.832512E+00 -4.669038E-01
      2834  9.038263E-02  4.347836E+00  5.010302E-01
      2835  6.615103E-02  3.488886E+00  5.730044E-02
      2836  7.468583E-02  3.314797E+00  3.545433E-01
      2837  3.798321E-02  3.297210E+00  3.452414E-01
      2838  9.189284E-02  4.175025E+00  6.418173E-01
      2839  2.436896E-02  4.965714E+00 -1.940950E-01
      2840  2.193037E-02  4.742733E+00  2.369470E-01
      2841 -1.990089E-01  2.463428E+00 -2.952939E-01
      2842  5.301061E-01  8.356121E+00 -4.739329E-01
      2843  8.366466E-02  3.764110E+00  2.681547E-01
      2844  2.004136E-01  4.558769E+00  2.896971E-01
      2845 -1.085479E-01  6.650592E+00  7.069627E-01
      2846 -7.383625E-03  4.874109E+00 -2.310425E-01
      2847  4.979738E-03  4.689779E+00  2.287898E-01
      2848 -5.396447E-01  4.621013E+00  7.178928E-01
      2849  8.436988E+00  2.348171E+01 -4.554284E+01
      2850  6.667602E+00  1.478145E+01 -2.708483E+01
      2851  5.959328E+00  1.072446E+01 -1.679594E+01
      2852  5.113674E+00  7.318615E+00 -1.072726E+01
      2853  3.786058E+00  3.201411E+00 -6.715427E+00
      2854  3.127993E+00  3.988110E+00 -3.262764E+00
      2855  2.284552E+00  2.945104E+00 -2.249063E+00
      2856  1.625462E+00  2.668996E+00 -1.869850E+00
      2857  1.248420E+00  2.421731E+00 -2.048117E+00
      2858  1.091661E+00  2.648750E+00 -2.437785E+00
      2859  1.064988E+00  4.129174E+00 -2.418461E+00
      2860  8.550558E-01  4.348183E+00 -2.829641E+00
      2861  8.388450E-01  3.261552E+00 -3.328294E+00
      2862  9.340334E-01  2.610607E+00 -3.174813E+00
      2863  3.461907E-01  3.734891E+00 -3.091951E+00
      2864  4.721926E-01  2.601690E+00 -3.642850E+00
      2865  5.724246E-01  5.964294E+00 -2.504847E+00
      2866  2.033557E-01  4.259522E+00 -3.230192E+00
      2867  3.119852E-02  3.987555E+00 -3.587849E+00
      2868  5.637931E-02  3.511187E+00 -3.951309E+00
      2869  1.058004E-02  3.267349E+00 -4.066649E+00
      2877 -6.103242E+00 -3.713646E+00 -4.421606E+01
      2886 -1.152609E-01  7.369539E-01 -2.442041E+00
      2887 -3.908119E-02 -6.048319E-03 -1.733375E+00
      2888 -3.071030E-02 -4.132732E-03 -1.378482E+00
      2889  7.476663E-02  2.717486E-02 -1.665366E+00
      2890 -1.255632E-02 -1.728616E-01 -2.302081E+00
      2891 -9.021515E-02  6.331034E-02 -1.395057E+00
      2892 -7.433927E-02 -1.198886E-01 -2.216503E+00
      2893 -1.592493E-01 -1.930299E-02 -1.703933E+00
      2894 -1.688043E-01 -6.584875E-02 -1.712119E+00
      2895 -3.559168E-02  4.900555E-02 -1.122313E+00
      2896 -9.317692E-02  5.933952E-01 -2.270672E+00
      2897 -1.789923E-01 -1.263121E-02 -1.398272E+00
      2898 -4.248192E-02 -8.685150E-02 -9.329928E-01
      2899 -1.747165E-01 -1.101348E-01 -1.340592E+00
      2900 -3.275069E-01 -9.762877E-02 -1.169305E+00
      2901 -5.584445E-01 -7.785551E-01 -2.099310E+00
      2902 -1.049519E-01  4.194287E-01 -2.757246E-01
      2903 -8.736507E-01 -4.736852E-01 -2.435303E+00
      2904 -4.956272E-01  1.589895E+00 -2.593782E+00
      2905 -1.884848E+00  5.052506E-01 -4.269934E+00
      2906 -3.209818E-03 -1.493573E+00 -5.046448E+00
      2907 -1.642144E-01 -1.725653E+00 -4.692792E+00
      2908 -3.062610E-01 -1.653518E+00 -4.283473E+00
      2909 -6.704440E-01 -1.956986E+00 -4.042589E+00
      2910 -1.238768E+00 -1.441586E+00 -3.870656E+00
      2911 -1.228690E+00 -8.417078E-01 -3.482202E+00
      2912 -1.822145E+00 -2.347855E+00 -3.689237E+00
      2913 -2.018978E+00 -2.098516E+00 -3.403269E+00
      2914 -2.384508E+00 -2.112752E+00 -3.375559E+00
      2915 -2.610364E+00 -2.218922E+00 -3.420873E+00
      2916 -3.106061E+00 -9.237977E-01 -2.924605E+00
      2917 -3.382922E+00 -9.690506E-01 -2.678356E+00
      2918 -3.784553E+00 -2.181447E+00 -2.902614E+00
      2919 -4.626723E+00 -1.475235E+00 -2.687566E+00
      2920 -5.653373E+00 -1.330508E+00 -3.313361E+00
      2921 -7.235884E+00 -1.685779E+00 -5.167701E+00
      2922 -8.822815E+00 -2.343204E+00 -8.401080E+00
      2923 -7.847473E+00 -1.639731E+00 -1.128457E+01
      2924 -8.748648E+00 -2.359373E+00 -1.674448E+01
      2925 -9.618869E+00 -2.542215E+00 -2.511433E+01
      2926 -1.067184E+01 -3.273622E-01 -3.990831E+01
      3050  6.211606E-01  4.538989E+00  4.474202E-01
      3051  9.652298E-02  4.584922E+00  1.847579E-01
      3052  8.008920E-02  5.200153E+00  6.824945E-01
      3053 -3.398569E-02  4.151695E+00  2.989470E-01
      3054  1.605918E-01  4.648112E+00  4.302149E-01
      3055 -1.848646E-02  4.228223E+00  8.800034E-01
      3056 -1.294144E-01  5.937848E+00 -2.397993E-01
      3057  8.218437E-03  5.205224E+00  2.181154E-01
      3058  3.174340E-02  5.971365E+00  1.660184E-01
      3059 -6.965345E-02  3.828429E+00  7.571522E-01
      3060 -3.729665E-01  3.343346E+00  1.883542E-01
      3061  1.259126E-01  4.001769E+00  2.342768E-01
      3062 -2.424841E-01  4.868829E+00  5.796975E-01
      3063 -5.587631E-02  3.155565E+00  1.927581E-02
      3064  6.934927E-02  3.293718E+00  2.547017E-01
      3065 -2.259851E-02  4.107650E+00 -1.015479E-02
      3066 -1.312117E-01  5.396411E+00  1.545186E-02
      3067 -3.002760E-01  7.571165E+00 -1.966677E+00
      3068 -1.733779E-01  1.079485E+01 -1.995105E+00
      3069 -7.425112E-01  1.603892E+01 -4.691225E+00
      3070 -9.180069E-02  3.492497E+00 -3.915740E+00
      3071 -1.846807E-01  3.510566E+00 -3.846976E+00
      3072 -1.262837E-01  3.657545E+00 -3.726973E+00
      3073 -3.517513E-01  4.277352E+00 -3.255458E+00
      3074 -4.744852E-01  2.665574E+00 -3.548177E+00
      3075 -5.289077E-01  2.584729E+00 -3.373210E+00
      3076 -3.765624E-01  4.963812E+00 -2.572771E+00
      3077 -8.932215E-01  4.451470E+00 -2.735026E+00
      3078 -9.664767E-01  4.522208E+00 -2.624467E+00
      3079 -1.372541E+00  4.645666E+00 -2.375604E+00
      3080 -1.043362E+00  2.048820E+00 -3.037275E+00
      3081 -1.106944E+00  2.100845E+00 -2.661023E+00
      3082 -1.468636E+00  4.693776E+00 -1.507824E+00
      3083 -1.765457E+00  2.883504E+00 -1.997487E+00
      3084 -2.257803E+00  2.347859E+00 -2.464701E+00
      3085 -2.972336E+00  3.062720E+00 -3.601866E+00
      3086 -3.911006E+00  4.433525E+00 -5.875566E+00
      3087 -4.686221E+00  6.436961E+00 -9.363554E+00
      3088 -5.814944E+00  9.410755E+00 -1.630878E+01
      3089 -6.412146E+00  1.331186E+01 -2.596890E+01
      3090 -7.888525E+00  2.138482E+01 -4.397515E+01
      3568  6.455485E+00 -3.728934E+00  6.437744E+00
      3569  1.661680E+01 -2.221937E+00  8.337309E+00
      3570  3.504190E+01  4.279126E-01  1.530915E+01
      3571 -2.567128E+00 -8.735990E-01 -7.526410E+00
      3572  1.123410E+01 -7.312044E+00  2.135735E+01
      3573  3.387949E+01 -1.043308E+01  6.027022E+01
      3574  7.202707E+01 -1.224755E+01  1.111382E+02
      3675 -2.073097E+00  5.040232E+00 -9.638095E+00
      3676 -6.641192E+00  5.182657E+01  1.959250E+02
      3677  4.950729E+00 -3.825607E+00 -7.586705E+00
      3678 -3.880805E-02 -7.056562E-01 -5.586068E+00
      3679 -1.878783E+01  4.784274E-01  1.546583E+00
      3680  1.198218E+01  2.877888E+00 -2.424271E+01
      3681  3.085544E+00 -6.406211E+00 -5.969677E+00
      3682 -1.625409E+01 -1.086288E+01  3.030559E+01
      3683 -5.517574E+01 -1.466190E+01  9.062826E+01
      4175 -4.453086E+00 -3.840311E+00 -7.448492E+00
      4176 -7.233943E-01 -6.254884E-01 -6.024242E+00
      4177  1.645208E+01  3.680167E-01  5.813433E-01
      4178 -1.141435E+01  2.912942E+00 -2.276826E+01
      4179 -3.471339E+00 -5.825500E+00 -6.666082E+00
      4180  1.408002E+01 -9.973681E+00  2.632280E+01
      4181  4.984673E+01 -1.354532E+01  8.192345E+01
      4287  2.124554E+00  4.507142E+00 -8.673517E+00
      4288  6.735107E+00  4.745939E+01  1.797000E+02
      4289 -6.879430E+00 -3.341315E+00  6.420285E+00
      4290 -1.613549E+01 -2.134600E+00  8.331519E+00
      4291 -3.304703E+01  5.287572E-01  1.488698E+01
      4292  1.639518E+00 -1.151760E+00 -5.986932E+00
      4293 -1.107561E+01 -6.785155E+00  2.110062E+01
      4294 -3.199003E+01 -9.581139E+00  5.692505E+01
      4295 -6.675385E+01 -1.096468E+01  1.029623E+02
      4716  4.747480E+00  8.683094E-01 -1.654914E+01
      4719 -4.489492E+00  8.122505E-01 -1.495712E+01
      4721 -7.032676E-01  7.931329E+00  7.094585E+00
      4722 -8.230172E-02  3.745982E+00  3.824080E+00
      4723  1.964791E-01  2.052065E+00  2.063748E+00
      4724  6.236603E-02  1.411486E+00  2.351514E+00
      4725  1.081207E-01  1.061123E+00  1.688087E+00
      4726 -3.371339E-02  6.991166E-01  1.539672E+00
      4727  1.681243E-02  7.882196E-01  1.659961E+00
      4728  1.930237E-02  8.980044E-01  1.863392E+00
      4729  4.352160E-02  1.051595E+00  2.161278E+00
      4730  1.044296E-02  1.171992E+00  2.427011E+00
      4731 -1.223813E-03  1.298166E+00  2.689609E+00
      4732 -2.260820E-02  1.318827E+00  2.714954E+00
      4733 -1.746290E-02  1.450928E+00  2.842067E+00
      4734  1.076154E-02  1.417957E+00  2.893637E+00
      4735 -6.599187E-03  1.395099E+00  2.830130E+00
      4736 -1.248803E-02  1.386164E+00  2.898289E+00
      4737 -7.912004E-03  1.367832E+00  2.828682E+00
      4738  2.641247E-03  1.348583E+00  2.848261E+00
      4739  1.777155E-02  1.379746E+00  2.914285E+00
      4740 -2.924144E-03  1.436166E+00  2.981840E+00
      4741  5.209566E-03  1.435317E+00  2.994675E+00
      4742 -7.759330E-03  1.371943E+00  2.920419E+00
      4743 -2.576231E-03  1.378572E+00  2.914389E+00
      4744  2.250150E-03  1.373149E+00  2.915155E+00
      4745 -4.144650E-03  1.350293E+00  2.815758E+00
      4746 -3.584295E-03  1.493505E+00  2.985532E+00
      4747  1.238496E-02  1.379018E+00  2.863252E+00
      4748  1.790406E-02  1.339640E+00  2.747679E+00
      4749  1.997047E-02  1.306717E+00  2.686281E+00
      4750  1.745293E-02  1.259402E+00  2.611008E+00
      4751 -1.359217E-02  1.162264E+00  2.381915E+00
      4752 -1.304293E-02  1.082909E+00  2.210312E+00
      4753 -1.339752E-02  9.433537E-01  1.953344E+00
      4754 -1.696265E-02  7.988291E-01  1.642609E+00
      4755  3.051515E-02  6.524207E-01  1.454926E+00
      4756 -1.217749E-01  9.817647E-01  1.568714E+00
      4757 -8.446501E-01  1.355689E+00  2.197979E+00
      4758 -2.334382E-01  1.877723E+00  1.869930E+00
      4759 -4.587291E-01  4.104757E+00  2.820166E+00
      4760  9.515700E-01  6.493898E+00  7.870897E+00
      4761  2.726988E+00  5.643046E+00  1.321745E+01
      4762  1.779284E+00  3.402868E+00  9.386848E+00
      4763  2.525624E+00  1.505141E+00  4.737696E+00
      4764  2.585837E+00  8.205031E-01  2.775113E+00
      4765  4.769383E+00  6.198790E-01  3.197330E+00
      4766  3.980384E+00  7.623011E-01  3.340596E+00
      4767  3.255131E+00  1.180473E+00  3.974785E+00
      4768  2.651186E+00  1.526779E+00  4.665128E+00
      4769  2.223185E+00  1.789275E+00  5.291971E+00
      4770  1.862238E+00  2.026323E+00  5.981051E+00
      4771  1.662314E+00  2.160045E+00  6.509440E+00
      4772  1.408282E+00  2.247837E+00  6.796080E+00
      4773  1.301935E+00  2.189923E+00  6.869403E+00
      4774  1.083142E+00  2.007109E+00  7.117859E+00
      4775  9.052063E-01  2.348865E+00  7.178890E+00
      4776  6.566598E-01  2.317345E+00  7.120753E+00
      4777  4.876382E-01  2.226060E+00  7.107472E+00
      4778  3.003897E-01  2.238554E+00  6.909598E+00
      4779  1.847073E-01  2.214040E+00  6.834990E+00
      4780  8.699926E-02  2.249631E+00  6.884614E+00
      4781 -2.904804E-03  2.165239E+00  6.986018E+00
      4782 -1.090530E-01  2.266328E+00  6.907095E+00
      4783 -1.640246E-01  2.270687E+00  6.943678E+00
      4784 -3.147367E-01  2.313651E+00  7.072329E+00
      4785 -5.056488E-01  2.381409E+00  7.101870E+00
      4786 -6.012163E-01  2.371430E+00  7.293758E+00
      4787 -1.073200E+00  2.374646E+00  7.389668E+00
      4788 -1.235150E+00  2.349368E+00  7.177831E+00
      4789 -1.432851E+00  2.300287E+00  6.977347E+00
      4790 -1.637962E+00  2.207381E+00  6.774145E+00
      4791 -1.843142E+00  2.158770E+00  6.346562E+00
      4792 -2.075005E+00  1.963506E+00  5.849863E+00
      4793 -2.418413E+00  1.683836E+00  5.359955E+00
      4794 -2.783874E+00  1.432363E+00  4.614760E+00
      4795 -3.316471E+00  1.106903E+00  3.728208E+00
      4796 -3.937221E+00  7.150687E-01  3.047689E+00
      4797 -4.640665E+00  5.378949E-01  2.941338E+00
      4798 -2.365113E+00  7.270825E-01  2.439654E+00
      4799 -2.401305E+00  1.411122E+00  4.404622E+00
      4800 -1.756217E+00  3.059893E+00  8.335401E+00
      4801 -2.804895E+00  5.149375E+00  1.197632E+01
      5051  2.051310E-01  2.193898E+01 -4.430279E+01
      5070 -3.139285E-01  3.756091E+01  8.414850E+01
      5082 -8.220347E+00 -1.578159E+00  3.424398E+00
      5083 -3.129750E+01  1.445931E+00  5.361081E+01
      5084 -6.667271E+00  6.422348E-01  1.477146E+01
      5085  1.211108E+01 -1.875853E+00  4.093261E+00
      5086 -2.806823E+00 -1.333167E+00  1.814818E-01
      5087  2.973339E+01  1.562351E+00  5.821725E+01
      5088  7.726162E+00 -9.051485E-01  1.485857E+01
      5089 -1.377333E+01  8.169758E-02 -2.738436E+01
      5119 -1.924432E-01  1.968049E+01 -3.975415E+01
      5138  3.393379E-01  3.404541E+01  7.627883E+01
      5150 -1.128369E+01 -1.749966E+00  4.050399E+00
      5151  2.272200E+00 -1.189218E+00  4.475533E-01
      5152 -2.733027E+01  1.384485E+00  5.350702E+01
      5153 -7.375218E+00 -8.267542E-01  1.415267E+01
      5154  1.204123E+01  5.049883E-02 -2.403069E+01
      5155  7.198369E+00 -1.395168E+00  2.883878E+00
      5156  2.803818E+01  1.334384E+00  4.804430E+01
      5157  5.973179E+00  6.109689E-01  1.317289E+01
     25126  1.279645E+01  4.190410E-01 -6.588668E+01
     25127  1.324681E+01 -9.256227E+00 -5.108266E+01
     25128 -9.388661E-02 -1.578777E+00 -8.234990E+00
     25129  3.219674E-01 -4.514805E+00 -7.344288E+00
     25130  1.213687E+01 -2.443952E+00 -4.214953E+01
     25131  1.186670E+01 -6.426622E+00 -3.449732E+01
     25132  1.036969E+01 -2.847785E+00 -2.758290E+01
     25133  8.532116E+00 -3.479550E+00 -1.368403E+01
     25134  8.839768E+00 -2.060838E+00 -1.786369E+01
     25135  1.031703E+01 -4.910840E+00 -2.396104E+01
     25136  6.149423E+00 -2.959485E+00 -8.067111E+00
     25137  7.303702E+00 -7.780421E-01 -1.070605E+01
     25138  5.359227E+00 -2.047353E+00 -7.489561E+00
     25139  3.802052E+00 -2.800470E+00 -4.215726E+00
     25140  4.154543E+00 -1.604553E+00 -5.287823E+00
     25141  5.133655E+00 -3.064941E+00 -6.774134E+00
     25142  3.147192E+00 -1.599244E+00 -4.624379E+00
     25143  2.490448E+00 -1.478566E+00 -4.651189E+00
     25144  2.998906E+00 -2.849243E+00 -4.476858E+00
     25145  2.024349E+00 -1.505866E+00 -5.143538E+00
     25146  2.381635E+00 -2.916364E+00 -4.763495E+00
     25147  1.776476E+00 -2.149189E+00 -6.182786E+00
     25148  1.801073E+00 -3.690292E+00 -5.516655E+00
     25149  1.899796E+00 -3.446373E+00 -6.302698E+00
     25150  1.608668E+00 -2.227230E+00 -6.696715E+00
     25151  1.767872E+00 -3.752684E+00 -6.647975E+00
     25152  1.611691E+00 -1.616302E+00 -6.604117E+00
     25153  1.068652E+00 -1.685350E+00 -6.548766E+00
     25154  1.318221E+00 -3.745184E+00 -6.475288E+00
     25155  1.494433E+00 -3.055127E+00 -6.332249E+00
     25156  1.241845E+00 -2.345393E+00 -7.142082E+00
     25157  8.912866E-01 -1.226664E+00 -6.626867E+00
     25158  1.322628E+00 -3.438541E+00 -6.774060E+00
     25159  5.170395E-01 -3.756688E+00 -6.957081E+00
     25160  6.276874E-01 -3.103148E+00 -7.871977E+00
     25161  4.956420E-01 -2.235057E+00 -7.281542E+00
     25162  3.781888E-01 -3.853100E+00 -6.431650E+00
     25163  7.661965E-01 -4.525267E+00 -8.345718E+00
     25164  1.997790E-01 -2.014274E+00 -7.534664E+00
     25165  1.110660E-01 -1.958729E+00 -8.034203E+00
     25166  1.909328E-01 -3.743715E+00 -7.501260E+00
     26050  3.957227E-02 -1.768362E+00 -8.148581E+00
     26051 -3.813913E-01 -4.485494E+00 -7.254510E+00
     26052 -1.194327E+01  1.285052E+00 -5.966445E+01
     26053 -1.267048E+01 -8.652352E+00 -4.510198E+01
     26054 -1.108158E-01 -1.829324E+00 -7.997805E+00
     26055 -2.381446E-01 -3.713642E+00 -7.562865E+00
     26056 -2.807389E-01 -1.880395E+00 -7.521555E+00
     26057 -4.230502E-01 -3.610144E+00 -6.975179E+00
     26058 -4.110891E-01 -2.282313E+00 -7.625614E+00
     26059 -4.402885E-01 -4.017261E+00 -8.320570E+00
     26060 -6.880370E-01 -3.467483E+00 -6.065503E+00
     26061 -7.648499E-01 -1.511592E+00 -7.058182E+00
     26062 -1.145321E+00 -1.089813E+00 -6.619409E+00
     26063 -1.361673E+00 -4.164103E+00 -6.035089E+00
     26064 -1.221019E+00 -2.621778E+00 -7.383094E+00
     26065 -1.599144E+00 -3.730401E+00 -7.666569E+00
     26066 -1.488014E+00 -2.304437E+00 -6.727920E+00
     26067 -1.741184E+00 -2.364832E+00 -6.645546E+00
     26068 -1.744579E+00 -4.031457E+00 -6.587065E+00
     26069 -1.848411E+00 -2.368014E+00 -6.729155E+00
     26070 -1.999981E+00 -4.105068E+00 -6.572228E+00
     26071 -2.101287E+00 -1.117109E+00 -5.712885E+00
     26072 -1.985248E+00 -3.485767E+00 -4.520755E+00
     26073 -1.893304E+00 -3.397069E+00 -6.848851E+00
     26074 -2.493476E+00 -1.305072E+00 -5.237516E+00
     26075 -2.876708E+00 -3.109076E+00 -5.286379E+00
     26076 -2.692364E+00 -2.425780E+00 -5.636361E+00
     26077 -3.171038E+00 -1.653666E+00 -4.813352E+00
     26078 -3.745150E+00 -2.618527E+00 -4.268402E+00
     26079 -2.971267E+00 -3.371676E+00 -5.743573E+00
     26080 -4.152138E+00 -1.266739E+00 -5.117997E+00
     26081 -4.957147E+00 -2.602303E+00 -5.766652E+00
     26082 -5.372021E+00 -1.245532E+00 -6.806199E+00
     26083 -6.289233E+00 -2.925268E+00 -8.236698E+00
     26084 -6.881054E+00 -1.573351E+00 -1.033339E+01
     26085 -8.342010E+00 -2.108561E+00 -1.613170E+01
     26086 -9.462730E+00 -4.558152E+00 -1.868165E+01
     26087 -8.084070E+00 -3.420566E+00 -1.390097E+01
     26088 -1.004565E+01 -2.032971E+00 -2.532645E+01
     26089 -1.126593E+01 -5.909840E+00 -3.053937E+01
     26090 -1.141461E+01 -1.989290E+00 -3.846069E+01
     28447  1.035903E+00 -2.492284E-01 -5.326407E-02
     28448  3.703478E-01  3.797690E+00  6.083695E+00
     28449 -3.555902E+00  5.116870E+00  7.712662E-01
     28450 -1.955344E+00  7.947651E+00  2.077135E-01
     28451 -6.734862E+00 -3.638898E+01  1.782897E+02
     28452 -5.359833E+00 -3.851036E+01  1.639922E+02
     28453  2.517762E+00 -2.181831E+01  1.360434E+02
     28454 -1.820417E+00  4.226135E+00 -2.940127E+01
     28455 -4.118638E+00  1.638328E+00 -1.441589E+01
     28456 -1.045744E+01 -5.789604E+00 -1.661812E+01
     28457  3.230468E+00  1.852157E+00 -2.765972E+01
     28458 -1.467334E+01 -2.656302E+01  1.267539E+02
     28459 -2.269566E+00 -9.723320E+00  1.374157E+01
     28460 -5.312242E+00 -1.378836E+01  3.091513E+01
     28461 -4.261178E+00 -7.742334E+00 -9.932669E+00
     28462 -3.916363E+00 -1.055264E+01 -7.882629E+00
     28463  5.963117E-01 -1.640863E+01  6.238442E+01
     28464 -9.338311E+00 -2.366835E+01  7.923537E+01
     28465 -8.075259E+00 -1.307396E+01  3.810605E+01
     28466 -3.371794E+00 -1.290078E+01  1.080943E+01
     28467 -8.148538E+00 -1.977383E+01  4.439189E+01
     28468 -6.026892E+00 -2.002838E+01  1.044389E+02
     28469  1.727554E+00 -1.953107E+01  6.516380E+01
     31178 -1.040771E+00 -2.599905E-01 -3.423728E-02
     31179 -2.132406E-01  3.286961E+00  5.395125E+00
     31180  3.291279E+00  5.017049E+00  8.797398E-01
     31181  1.720730E+00  7.306034E+00  1.927862E-01
     31182  4.202038E+00  1.137657E+00 -1.205848E+01
     31183  1.975591E+00  3.942487E+00 -2.755591E+01
     31184 -2.962376E+00  2.089367E+00 -2.578613E+01
     31185  5.455209E+00 -3.550847E+01  1.494166E+02
     31186  6.748058E+00 -3.350428E+01  1.641026E+02
     31187  1.401106E+01 -2.461460E+01  1.152208E+02
     31188  1.029143E+01 -5.769294E+00 -1.377824E+01
     31189 -1.543634E+00 -1.945081E+01  1.258521E+02
     31190  3.865741E+00 -9.662559E+00 -7.983943E+00
     31191  3.352889E+00 -1.177538E+01  8.998495E+00
     31192  4.340208E+00 -7.066104E+00 -8.545851E+00
     31193  2.389643E+00 -8.885985E+00  1.392495E+01
     31194  7.833316E+00 -1.826071E+01  3.970886E+01
     31195 -1.021700E+00 -1.780056E+01  5.886664E+01
     31196  8.361315E+00 -1.210736E+01  3.546226E+01
     31197  5.159125E+00 -1.278528E+01  2.955178E+01
     31198 -1.162098E-01 -1.497078E+01  5.855458E+01
     31199  6.360139E+00 -1.837170E+01  9.603240E+01
     31200  8.897425E+00 -2.240418E+01  7.352572E+01
     33490 -5.351587E-01  8.489971E-01  8.533350E-03
     33491  5.323672E-01  8.325362E-01 -9.269464E-02
     33492  1.041194E-01  2.970810E-01  3.092617E-01
     33493 -2.216888E-01  2.969997E-01  4.002582E-01
     33494  1.398161E-01  1.294060E-01  2.819616E-01
     33495 -1.164500E-01  1.173912E-01  2.617342E-01
     33496 -6.244667E-02  4.660830E-02  1.866110E-01
     33497  3.785937E-02  5.699736E-02  1.957982E-01
     33498  1.030583E+01 -1.607430E+00 -2.710522E+01
     33499  7.252634E+00 -1.389831E+00 -8.996492E-02
     33500  8.027557E+00 -2.723278E+00 -2.004246E+01
     33501 -1.871726E-01 -1.039331E+00  3.423547E+00
     33502  3.371600E-01 -1.145136E+00  3.536401E+00
     33503 -3.852107E-01 -1.128371E+00  3.560368E+00
     33504  1.396145E-01 -9.909104E-01  3.441118E+00
     33505 -6.937027E+00 -1.190584E+00 -2.653996E-01
     33506 -9.648109E+00 -1.315714E+00 -2.465682E+01
     33507 -7.821894E+00 -2.390221E+00 -1.796283E+01
     33508  6.433982E+00 -2.556124E+00  7.496852E+00
     33509 -6.449710E+00 -2.102427E+00  6.951413E+00
     33510  7.916400E+00 -4.173535E+00 -1.236695E+01
     33511  8.232238E+00 -4.087421E+00 -1.440581E+01
     33512  6.460030E+00 -1.128671E+01 -2.411449E+00
     33513  4.399482E+00 -3.541923E+00  5.835398E+00
     33514  7.632647E+00 -3.340482E+00 -8.299810E+00
     33515  7.975704E+00 -3.422816E+00 -9.828172E+00
     33516  4.511874E+00 -5.541148E+00 -2.436115E+00
     33517  5.230197E+00 -2.230176E+00  5.835106E+00
     33518  5.207303E+00 -2.649799E+00  3.052326E+00
     33519  6.807171E+00 -2.411589E+00 -5.089066E+00
     33520  7.188389E+00 -2.551047E+00 -6.382115E+00
     33521  4.480562E+00 -3.300163E+00 -1.591929E+00
     33522  5.871861E+00 -1.759673E+00  2.928838E+00
     33523  5.291105E+00 -1.894213E+00  1.759924E+00
     33524  1.040390E+01 -2.586218E+00 -1.251368E+00
     33525  7.039460E+00 -2.504423E+00 -2.191481E+00
     33526  5.589378E+00 -1.058171E+00  1.977201E+00
     33527  8.614672E+00 -1.954094E+00  4.711474E-01
     33528  8.084909E+00 -1.753788E+00  3.608387E-01
     33529  7.015801E+00 -1.264762E+00  1.856965E+00
     33530  7.077758E+00 -1.189434E+00  1.227909E+00
     33531  5.712882E+00 -8.061203E-01  2.734033E+00
     33532  5.619472E+00 -5.875572E-01  2.339687E+00
     33533  4.494326E+00 -3.312444E-01  3.022993E+00
     33534  4.765166E+00 -6.263984E-01  3.233023E+00
     33535  4.079532E+00 -6.489263E-01  3.631494E+00
     33536  3.707128E+00 -3.101731E-01  3.425085E+00
     33537  3.659174E+00 -9.810380E-01  3.789895E+00
     33538  3.064925E+00 -5.642032E-01  3.679472E+00
     33539  3.257776E+00 -9.895069E-01  3.852235E+00
     33540  2.649676E+00 -6.384803E-01  3.969057E+00
     33541  2.982398E+00 -9.022107E-01  3.882976E+00
     33542  2.378829E+00 -6.536807E-01  3.966864E+00
     33543  2.607594E+00 -1.433914E+00  4.166946E+00
     33544  2.065513E+00 -8.897002E-01  4.063729E+00
     33545  2.405354E+00 -1.226316E+00  4.047126E+00
     33546  1.753333E+00 -1.433428E+00  4.333618E+00
     33547  1.848299E+00 -7.751110E-01  4.130031E+00
     33548  1.392188E+00 -6.251606E-01  4.189413E+00
     33549  1.535769E+00 -1.379526E+00  3.960460E+00
     33550  8.633110E-01 -1.122368E+00  4.000127E+00
     33551  1.118690E+00 -1.145825E+00  3.782676E+00
     33552  4.634349E-01 -1.076056E+00  4.067427E+00
     33553  7.589407E-01 -1.035046E+00  3.531603E+00
     33554  1.474550E-01 -9.538587E-01  3.723957E+00
     33555  4.678188E-01 -9.842108E-01  3.433652E+00
     33556 -4.865682E-02 -9.413638E-01  3.546158E+00
     33557 -5.088332E-01 -9.674148E-01  3.473657E+00
     33558  3.355285E-02 -8.700542E-01  3.599856E+00
     33559 -7.759861E-01 -9.831035E-01  3.637272E+00
     33560 -1.816758E-01 -8.818099E-01  3.829125E+00
     33561 -5.241644E-01 -7.985435E-01  3.969481E+00
     33562 -1.110907E+00 -9.838220E-01  3.855864E+00
     33563 -1.558346E+00 -7.729012E-01  4.061904E+00
     33564 -9.674585E-01 -7.916406E-01  4.148781E+00
     33565 -1.874988E+00 -7.463894E-01  4.399141E+00
     33566 -1.535713E+00 -6.163326E-01  4.597977E+00
     33567 -2.559078E+00 -1.075442E+00  4.270722E+00
     33568 -1.857804E+00 -8.714867E-01  4.344801E+00
     33569 -2.968784E+00 -1.076602E+00  4.241268E+00
     33570 -2.275038E+00 -7.549186E-01  4.243945E+00
     33571 -3.363388E+00 -1.093581E+00  4.098953E+00
     33572 -2.664326E+00 -7.813039E-01  4.138735E+00
     33573 -3.716338E+00 -1.113796E+00  3.942859E+00
     33574 -3.079699E+00 -6.495895E-01  3.793630E+00
     33575 -4.042894E+00 -5.854107E-01  3.733395E+00
     33576 -3.623838E+00 -3.807423E-01  3.562708E+00
     33577 -4.472212E+00 -6.719708E-01  3.384067E+00
     33578 -4.111940E+00 -4.941503E-01  3.401585E+00
     33579 -5.119879E+00 -1.180879E+00  3.084243E+00
     33580 -4.717816E+00 -7.785121E-01  2.826429E+00
     33581 -5.760315E+00 -6.979052E-01  2.042555E+00
     33582 -5.896045E+00 -1.027429E+00  2.585884E+00
     33583 -7.098494E+00 -1.076184E+00  9.493044E-01
     33584 -7.039137E+00 -1.133068E+00  1.632903E+00
     33585 -7.902457E+00 -1.548821E+00  3.818407E-01
     33586 -8.449416E+00 -1.757565E+00  3.668629E-01
     33587 -7.373881E+00 -3.195187E+00 -2.379265E+00
     33588 -9.924215E+00 -2.676943E+00 -1.204863E+00
     33589 -6.905768E+00 -2.238378E+00 -5.812503E+00
     33590 -6.324239E+00 -2.176426E+00 -4.810603E+00
     33591 -5.054514E+00 -1.192708E+00  1.644782E+00
     33592 -7.424392E+00 -3.355086E+00 -9.011837E+00
     33593 -7.320912E+00 -3.053297E+00 -7.587232E+00
     33594 -4.310082E+00 -3.002800E+00 -1.406662E+00
     33595 -5.620310E+00 -1.540371E+00  2.721528E+00
     33596 -4.978350E+00 -1.654186E+00  1.637495E+00
     33597 -7.778066E+00 -3.419673E+00 -1.291284E+01
     33598 -7.311929E+00 -3.949108E+00 -1.160107E+01
     33599 -5.765704E+00 -7.052558E+00 -1.586050E+00
     33600 -4.921001E+00 -2.243162E+00  4.990055E+00
     33601 -4.937484E+00 -2.596689E+00  2.685215E+00
     33602 -5.052534E+00 -7.397196E+00 -4.082113E+00
     33603 -4.124712E+00 -2.951512E+00  5.669450E+00
     34248  5.987942E-01 -4.878696E-01  5.308086E-01
     34249 -3.010146E-01  1.393052E+00  8.918510E-01
     34250  2.895661E+00  2.208444E+00 -1.883208E+00
     34251  1.121365E+00  4.668754E-01 -1.360800E+00
     34252  2.645198E+00  3.012619E+00 -2.035490E+01
     34253  1.000575E+00  1.538932E+00 -4.298184E+01
     34254  2.150841E+00  1.512712E+00 -8.084624E+00
     34255  1.870272E+00  1.483445E+00 -1.735254E+01
     34256  1.414921E+00  3.706572E-01 -1.549689E+01
     34257 -7.076731E-01  2.451026E+00 -5.285895E+01
     34258 -1.982880E+00  2.615361E+00  3.483864E+01
     34259 -4.108181E+00  3.049212E+00  1.253818E+01
     34260  1.053783E+00  2.532077E+00 -8.543825E-01
     34261 -3.809717E-01  4.771940E+00 -1.165242E+01
     34262  4.287332E+00  1.491164E-01  1.105507E+01
     34263 -3.149933E+00  1.194530E+00 -2.722226E+01
     34264  6.019174E-01  7.658076E+00  1.016953E+02
     34265  1.283555E+00  8.621601E+00  9.471021E+01
     34266 -4.532131E+00  2.448526E+00  6.846759E+01
     34267  5.158096E+00  4.600968E+00  7.472836E+01
     34268 -2.036328E+00  6.941221E+00  4.773411E+01
     34269 -3.109937E+00  4.260331E+00  3.239241E+01
     34546 -5.546877E-01 -4.427804E-01  4.840322E-01
     34547  2.360037E-01  1.253998E+00  7.859891E-01
     34548 -2.657568E+00  2.033669E+00 -1.704953E+00
     34549 -1.187573E+00  4.190979E-01 -1.324320E+00
     34550 -9.509824E-01  1.361237E+00 -3.862410E+01
     34551 -2.403341E+00  2.714696E+00 -1.832346E+01
     34552 -1.745179E+00  1.356930E+00 -1.558159E+01
     34553 -2.000529E+00  1.372509E+00 -7.171086E+00
     34554 -1.329490E+00  3.563428E-01 -1.377994E+01
     34555  6.290316E-01  2.162756E+00 -4.715083E+01
     34556 -9.505326E-01  2.275243E+00 -3.608821E-01
     34557  3.892492E-01  4.288631E+00 -1.022459E+01
     34558 -3.814486E+00  1.325757E-01  1.068083E+01
     34559  3.897662E+00  2.840213E+00  1.139420E+01
     34560  1.857615E+00  2.433452E+00  3.146945E+01
     34561  2.839385E+00  1.031318E+00 -2.397720E+01
     34562 -9.894999E-01  7.821223E+00  8.557577E+01
     34563 -4.265802E-01  6.953967E+00  9.266480E+01
     34564 -4.584872E+00  4.175533E+00  6.835622E+01
     34565  4.232070E+00  2.119127E+00  6.172603E+01
     34566  2.940243E+00  3.822889E+00  2.990172E+01
     34567  2.136433E+00  6.307263E+00  4.336448E+01

 total force (fx,fy,fz) for set FEET and time  0.2000000E+01

        1.019079E-08  2.610209E-09  2.400000E+03

                        S T E P       3


                                INCREMENT     1


 displacements (vx,vy,vz) for set TOP and time  0.3000000E+01

     18600 -2.852174E-02  5.899184E-01 -5.506245E-01
     18645 -1.636813E-02  7.599858E-01 -6.707524E-01
     19082 -9.461821E-04  8.301670E-01 -7.238223E-01
     22510  1.145360E-02  8.015791E-01 -7.005299E-01
     23699  2.551080E-02  5.712700E-01 -5.276246E-01

 forces (fx,fy,fz) for set FEET and time  0.3000000E+01

       199 -3.588830E-01 -4.846170E-02 -2.099609E+00
       203  5.384460E-01  8.616897E+00 -4.742053E+00
       204 -3.371277E-03  9.278979E-03 -6.116658E-01
       208  1.705041E-02  1.421221E+00 -2.710471E-02
       209  4.031005E-01  1.044832E-02 -1.456900E+00
       213 -4.384975E-01  7.575341E+00 -3.059321E+00
       242  2.760543E+01  1.632189E+01  3.068506E+01
       243 -2.636902E-01  1.603461E-01  7.202787E-01
       244  1.267960E+00  1.933492E+00  1.049261E-01
       245 -2.616858E+01  1.184618E+01  2.541339E+01
       269 -1.211696E+00  1.848563E+00  7.998687E-02
       270  2.387055E+01  1.056936E+01  2.307212E+01
       273  1.836663E-01  6.194134E-02  6.940130E-01
       274 -2.552591E+01  1.518834E+01  2.843797E+01
       282  7.485219E-01 -3.125488E-01  5.313370E-01
       284 -7.204428E-01 -2.866034E-01  4.566542E-01
       290 -4.439582E+00  3.133542E+00 -3.736614E+00
       293 -5.798592E+00  4.545277E+00  4.548253E+00
       294  4.867727E+00  3.537590E+00  3.542984E+00
       301  3.969162E+00  2.779739E+00 -3.313946E+00
       302 -4.489588E+00  3.290095E+00  3.309006E+00
       303  5.264724E+00  4.099441E+00  4.096401E+00
      2640  1.728456E+00 -2.423152E+00 -1.923235E+01
      2656 -1.426558E-02 -9.907218E-01 -3.075956E+00
      2665 -7.841855E-02  1.269950E+00 -1.210727E+00
      2666  4.507970E-01  1.744081E-01 -5.154324E-01
      2667  2.565028E-01  5.931800E-02 -6.157274E-02
      2668  2.470601E-01 -5.893063E-02 -4.535973E-01
      2669  2.045877E-01 -9.937994E-02 -4.746932E-01
      2670  5.192234E-02 -3.496000E-02  1.472093E-03
      2671  8.689268E-02 -4.577252E-02 -1.161750E-01
      2672  2.013209E-02 -3.985567E-02 -1.376522E-01
      2673  1.143365E-02 -2.843082E-02 -2.358061E-01
      2674  1.283204E-02 -1.803006E-02 -2.414793E-01
      2675  3.186310E-02 -2.554559E-02 -5.057122E-01
      2676  3.700108E-02 -1.343427E-02 -4.890343E-01
      2677  8.317781E-02  3.311850E-01 -4.048793E-01
      2678  2.824871E-02 -2.080206E-02 -7.183646E-01
      2679  2.534382E-02  1.741054E-02 -4.948467E-01
      2680 -9.520259E-03 -2.146864E-02 -5.221159E-01
      2681  2.549880E-02 -1.084289E-02 -4.146099E-01
      2682  1.959736E-03 -2.336838E-02 -6.630913E-01
      2683 -1.575315E-02 -1.130957E-02 -5.712128E-01
      2684  2.784072E-03  1.557099E-01 -7.517299E-01
      2685  4.232211E+00 -1.080469E+00 -2.127534E+01
      2686  4.910584E+00 -1.422933E+00 -1.541467E+01
      2687  5.132624E+00 -1.009769E+00 -1.073601E+01
      2688  4.505767E+00 -8.189949E-01 -6.287887E+00
      2689  5.435206E+00 -8.523566E-01 -4.747866E+00
      2690  4.331454E+00 -5.326315E-01 -2.633300E+00
      2691  3.168174E+00 -3.767843E-01 -1.161976E+00
      2692  2.483731E+00 -2.759370E-01 -6.346100E-01
      2693  1.944548E+00 -2.496203E-01 -5.443327E-01
      2694  1.584933E+00 -2.692393E-01 -7.230659E-01
      2695  1.332273E+00 -4.336891E-01 -1.082464E+00
      2696  1.240760E+00 -4.722757E-01 -1.283087E+00
      2697  1.181146E+00 -4.063087E-01 -1.412705E+00
      2698  9.651081E-01 -4.401547E-01 -1.509132E+00
      2699  9.535798E-01 -4.986511E-01 -1.510445E+00
      2700  7.614492E-01 -3.227800E-01 -1.449302E+00
      2701  5.258233E-01 -7.368103E-01 -1.616211E+00
      2702  3.047732E-01 -5.851237E-01 -1.697697E+00
      2703  1.762642E-01 -5.461961E-01 -1.866784E+00
      2704  7.546954E-02 -4.838104E-01 -2.045766E+00
      2705  2.651850E-02 -4.755121E-01 -2.202973E+00
      2829  9.837606E-02  7.727031E+00 -2.811339E+00
      2830  2.036405E-01  5.245126E+00 -1.862883E+00
      2831  1.480684E-01  3.112309E+00 -5.655221E-01
      2832  1.855255E-02  1.860147E+00 -2.786514E-01
      2833  4.944724E-02  9.665657E-01 -2.330444E-01
      2834  7.284535E-02  5.959808E-01  6.796286E-02
      2835  3.196863E-02  4.853203E-01  7.362522E-02
      2836  2.600566E-02  5.178064E-01  9.081853E-02
      2837  3.661538E-03  6.282309E-01  7.609582E-02
      2838  2.018531E-02  9.187004E-01  1.129359E-01
      2839  1.409748E-02  1.206224E+00 -1.050484E-01
      2840  1.331291E-02  1.247088E+00 -3.955230E-03
      2841 -4.910715E-02  7.438109E-01 -1.296632E-01
      2842  1.754431E-01  2.175464E+00 -1.949041E-01
      2843  1.923265E-02  1.089208E+00  1.220105E-02
      2844  5.041674E-02  1.287983E+00  1.540937E-02
      2845 -1.934481E-02  1.819444E+00  1.419552E-01
      2846 -4.938029E-03  1.417812E+00 -1.495698E-01
      2847  2.611134E-03  1.395807E+00 -2.826235E-02
      2848 -1.366403E-01  1.430914E+00  5.095236E-02
      2849  2.712434E+00  1.007187E+01 -1.886931E+01
      2850  3.134122E+00  7.355320E+00 -1.378140E+01
      2851  3.236198E+00  5.102534E+00 -9.175459E+00
      2852  3.009554E+00  2.842344E+00 -5.879725E+00
      2853  2.183243E+00  1.251988E+00 -3.073143E+00
      2854  1.718160E+00  8.415907E-01 -1.259817E+00
      2855  1.285568E+00  4.159452E-01 -5.574034E-01
      2856  9.032455E-01  3.845761E-01 -2.815965E-01
      2857  6.790027E-01  4.207243E-01 -3.732830E-01
      2858  5.617299E-01  5.762978E-01 -6.112100E-01
      2859  5.383483E-01  9.906712E-01 -7.571499E-01
      2860  4.693172E-01  1.169065E+00 -1.009273E+00
      2861  4.448751E-01  9.646699E-01 -1.196024E+00
      2862  4.480802E-01  8.297675E-01 -1.174945E+00
      2863  2.819792E-01  1.116042E+00 -1.154465E+00
      2864  2.639038E-01  8.193022E-01 -1.287063E+00
      2865  2.533958E-01  1.684828E+00 -1.032980E+00
      2866  1.145464E-01  1.286066E+00 -1.257602E+00
      2867  2.729225E-02  1.254144E+00 -1.444133E+00
      2868  1.480963E-02  1.167334E+00 -1.623979E+00
      2869  5.315435E-03  1.141790E+00 -1.707420E+00
      2877 -1.793029E+00 -1.967975E+00 -1.911805E+01
      2886 -2.323702E-02  1.567307E-01 -7.227497E-01
      2887 -6.155511E-03 -6.440584E-03 -5.470703E-01
      2888 -3.541768E-03 -7.942839E-03 -4.247118E-01
      2889  2.317880E-02  2.819647E-03 -5.143103E-01
      2890 -1.510061E-02 -4.719792E-02 -6.837965E-01
      2891 -3.902081E-02  1.277032E-02 -4.073185E-01
      2892 -4.076902E-02 -3.506312E-02 -6.493957E-01
      2893 -6.731768E-02 -9.936030E-03 -4.878190E-01
      2894 -6.730381E-02 -2.336056E-02 -4.703533E-01
      2895 -2.940093E-02  4.097459E-03 -3.023873E-01
      2896 -5.468256E-02  1.110127E-01 -5.303245E-01
      2897 -6.392834E-02 -2.005724E-02 -2.655862E-01
      2898 -2.058217E-02 -4.834088E-02 -1.332859E-01
      2899 -8.651517E-02 -4.315478E-02 -1.630851E-01
      2900 -1.269087E-01 -3.058656E-02 -1.402363E-01
      2901 -2.201883E-01 -1.385601E-01 -4.669942E-01
      2902 -2.449168E-02  2.894382E-01  2.096021E-02
      2903 -3.721018E-01  7.676985E-02 -8.055734E-01
      2904 -1.446657E-01  9.337266E-01 -1.272296E+00
      2905 -2.061830E-01  3.278795E-01 -1.690167E+00
      2906  1.525564E-02 -4.789595E-01 -2.282285E+00
      2907 -3.358158E-02 -5.312039E-01 -2.135555E+00
      2908 -1.115185E-01 -5.128165E-01 -1.914882E+00
      2909 -2.990140E-01 -5.881818E-01 -1.709993E+00
      2910 -5.579814E-01 -4.353569E-01 -1.554770E+00
      2911 -6.634540E-01 -2.687943E-01 -1.387705E+00
      2912 -9.450062E-01 -6.650805E-01 -1.396716E+00
      2913 -1.093320E+00 -5.882457E-01 -1.304260E+00
      2914 -1.281995E+00 -5.751524E-01 -1.280992E+00
      2915 -1.424514E+00 -5.742104E-01 -1.261158E+00
      2916 -1.647063E+00 -2.456404E-01 -1.067488E+00
      2917 -1.798011E+00 -2.432538E-01 -9.487122E-01
      2918 -2.041633E+00 -4.562972E-01 -9.089168E-01
      2919 -2.542693E+00 -3.203684E-01 -8.937366E-01
      2920 -3.164983E+00 -3.582988E-01 -1.316414E+00
      2921 -4.116922E+00 -5.523174E-01 -2.444729E+00
      2922 -5.080882E+00 -9.296605E-01 -4.471525E+00
      2923 -4.433296E+00 -6.326001E-01 -6.182648E+00
      2924 -4.789633E+00 -1.071057E+00 -9.293102E+00
      2925 -4.710719E+00 -1.331514E+00 -1.341165E+01
      2926 -4.086959E+00 -1.336617E+00 -1.861927E+01
      3050  1.652102E-01  1.425672E+00 -1.292412E-02
      3051  3.230994E-02  1.399620E+00 -4.902512E-02
      3052  2.054191E-02  1.539233E+00  1.297390E-01
      3053 -7.946722E-03  1.253053E+00  2.107092E-02
      3054  4.720219E-02  1.373286E+00  4.661439E-02
      3055 -2.890240E-03  1.244705E+00  2.059238E-01
      3056 -4.335803E-02  1.689039E+00 -1.189395E-01
      3057 -9.147068E-04  1.466547E+00  1.275950E-02
      3058 -1.098388E-02  1.598679E+00  9.686030E-04
      3059 -7.319279E-03  1.009552E+00  1.436589E-01
      3060 -2.577672E-02  8.206698E-01 -1.116329E-02
      3061  1.660555E-02  8.517548E-01  3.132312E-02
      3062 -8.394939E-02  8.715623E-01  9.741714E-02
      3063 -1.735217E-02  5.229686E-01  2.915324E-02
      3064  2.397993E-02  5.996278E-01  5.391366E-02
      3065 -3.739601E-02  9.326171E-01 -4.550362E-02
      3066 -5.753371E-02  1.639365E+00 -2.169181E-01
      3067 -1.749651E-01  3.087640E+00 -1.157351E+00
      3068 -7.072853E-02  4.832316E+00 -1.304791E+00
      3069 -3.027658E-02  7.029933E+00 -2.115161E+00
      3070 -1.892234E-02  1.204358E+00 -1.678367E+00
      3071 -4.008896E-02  1.190140E+00 -1.611601E+00
      3072 -4.408612E-02  1.202055E+00 -1.493222E+00
      3073 -1.295372E-01  1.335964E+00 -1.298477E+00
      3074 -2.011857E-01  8.622430E-01 -1.303519E+00
      3075 -2.676219E-01  8.160216E-01 -1.209089E+00
      3076 -2.877290E-01  1.470960E+00 -9.751400E-01
      3077 -4.702950E-01  1.314122E+00 -9.994606E-01
      3078 -5.263893E-01  1.302479E+00 -9.552455E-01
      3079 -6.612325E-01  1.268067E+00 -8.688731E-01
      3080 -5.658697E-01  5.858553E-01 -9.605522E-01
      3081 -6.291563E-01  5.429959E-01 -7.574073E-01
      3082 -8.258953E-01  9.293985E-01 -4.186779E-01
      3083 -9.479395E-01  5.083725E-01 -4.744062E-01
      3084 -1.250709E+00  4.371595E-01 -6.955386E-01
      3085 -1.703671E+00  7.171997E-01 -1.400023E+00
      3086 -2.255250E+00  1.413927E+00 -2.874396E+00
      3087 -2.679338E+00  2.746332E+00 -4.968132E+00
      3088 -3.146269E+00  4.574150E+00 -8.910409E+00
      3089 -3.010672E+00  6.539928E+00 -1.312438E+01
      3090 -2.535493E+00  9.041185E+00 -1.801211E+01
      3568  4.707249E+00 -2.228592E+00  4.431566E+00
      3569  1.096266E+01 -1.375837E+00  5.509122E+00
      3570  2.217102E+01  3.211083E-01  9.807702E+00
      3571 -6.692522E-01 -1.009925E+00 -2.900241E+00
      3572  7.843940E+00 -4.855005E+00  1.495714E+01
      3573  2.177888E+01 -6.615468E+00  3.874283E+01
      3574  4.503387E+01 -7.617398E+00  6.949733E+01
      3675 -1.348680E+00  2.192205E+00 -4.416741E+00
      3676 -4.310180E+00  3.190184E+01  1.209076E+02
      3677  2.675529E+00 -2.337061E+00 -4.697082E+00
      3678 -1.865399E-01 -4.169136E-01 -3.531853E+00
      3679 -1.159813E+01  2.904413E-01  7.949205E-01
      3680  6.758878E+00  1.436937E+00 -1.369802E+01
      3681  1.486932E+00 -4.249608E+00 -2.796980E+00
      3682 -1.030620E+01 -6.881574E+00  1.923532E+01
      3683 -3.408074E+01 -9.152762E+00  5.604422E+01
      4175 -2.444756E+00 -2.358020E+00 -4.668231E+00
      4176 -3.553042E-01 -3.689738E-01 -3.857997E+00
      4177  1.012217E+01  2.188019E-01  1.611782E-01
      4178 -6.523365E+00  1.513628E+00 -1.299944E+01
      4179 -1.821212E+00 -3.860242E+00 -3.424124E+00
      4180  8.892023E+00 -6.322700E+00  1.664357E+01
      4181  3.078664E+01 -8.470088E+00  5.066481E+01
      4287  1.390798E+00  1.970521E+00 -4.002728E+00
      4288  4.398295E+00  2.926669E+01  1.110939E+02
      4289 -4.956771E+00 -2.007385E+00  4.419436E+00
      4290 -1.066176E+01 -1.325019E+00  5.512301E+00
      4291 -2.097443E+01  3.831346E-01  9.573799E+00
      4292  1.672752E-01 -1.142919E+00 -2.107899E+00
      4293 -7.701958E+00 -4.502117E+00  1.471238E+01
      4294 -2.060637E+01 -6.080486E+00  3.666860E+01
      4295 -4.183907E+01 -6.822956E+00  6.453969E+01
      4716  2.204908E+00 -1.782040E+00 -9.352754E+00
      4719 -2.104934E+00 -1.591663E+00 -8.461821E+00
      4721  2.921655E-01  3.331750E+00  1.987249E+00
      4722  3.846889E-02  1.462858E+00  1.430309E+00
      4723  1.178706E-01  5.911005E-01  5.223837E-01
      4724 -1.942528E-02  9.647233E-02  4.015735E-01
      4725  6.080370E-02 -9.704531E-02 -1.638451E-02
      4726 -5.478899E-03 -8.018947E-02 -7.437520E-02
      4727  1.324829E-02 -1.126231E-02  1.971578E-02
      4728  1.957682E-02  7.274313E-02  1.734948E-01
      4729  2.057567E-02  1.676961E-01  3.621052E-01
      4730  8.031675E-03  2.407784E-01  5.213998E-01
      4731  2.456337E-03  3.090698E-01  6.706385E-01
      4732 -1.086553E-02  3.340560E-01  7.221972E-01
      4733 -1.114801E-02  3.757447E-01  7.739253E-01
      4734 -4.910591E-03  3.702101E-01  7.903526E-01
      4735 -7.785941E-03  3.659664E-01  7.751455E-01
      4736 -6.594921E-03  3.656837E-01  7.941793E-01
      4737 -2.689028E-03  3.650238E-01  7.866470E-01
      4738  1.865731E-03  3.671905E-01  8.095996E-01
      4739  6.037857E-03  3.818323E-01  8.454197E-01
      4740  1.019673E-04  4.008709E-01  8.770563E-01
      4741  1.749324E-03  4.030737E-01  8.851309E-01
      4742 -2.311623E-03  3.877361E-01  8.638542E-01
      4743 -8.462498E-04  3.871389E-01  8.529665E-01
      4744  1.776022E-03  3.831179E-01  8.435452E-01
      4745  1.991685E-03  3.749862E-01  8.113177E-01
      4746  3.447079E-03  4.110144E-01  8.526727E-01
      4747  8.187372E-03  3.794470E-01  8.169421E-01
      4748  9.697008E-03  3.640562E-01  7.765479E-01
      4749  8.331944E-03  3.434453E-01  7.370612E-01
      4750  6.386912E-03  3.140198E-01  6.796484E-01
      4751 -6.865325E-03  2.590359E-01  5.590587E-01
      4752 -8.319616E-03  1.966590E-01  4.286907E-01
      4753 -1.475941E-02  1.100566E-01  2.590057E-01
      4754 -1.036183E-02  2.199329E-02  8.273211E-02
      4755  6.571742E-03 -5.565365E-02 -2.929862E-02
      4756 -5.656161E-02 -8.312098E-02  3.363469E-03
      4757 -3.423720E-01  3.424626E-01  3.672406E-01
      4758 -1.193156E-01  5.477170E-01  4.689985E-01
      4759 -2.798252E-01  1.936143E+00  8.694825E-01
      4760 -1.623778E-02  2.280264E+00  2.562006E+00
      4761  2.006480E+00  1.653075E-01  1.330078E+00
      4762  1.243820E+00  7.263912E-01  2.609567E+00
      4763  1.417301E+00  9.987591E-02  9.940929E-01
      4764  1.447212E+00 -2.707734E-01 -6.583729E-02
      4765  2.709575E+00 -7.129938E-01 -9.384113E-01
      4766  2.270974E+00 -5.193719E-01 -7.526096E-01
      4767  1.845732E+00 -2.365685E-01 -2.918552E-01
      4768  1.486706E+00 -7.389546E-03  1.905405E-01
      4769  1.224174E+00  1.764619E-01  6.376751E-01
      4770  1.021844E+00  3.158457E-01  1.026052E+00
      4771  9.017940E-01  4.073058E-01  1.325065E+00
      4772  7.833026E-01  4.740639E-01  1.528987E+00
      4773  7.116766E-01  4.777677E-01  1.611494E+00
      4774  6.091547E-01  4.456005E-01  1.702587E+00
      4775  5.082075E-01  5.302023E-01  1.728128E+00
      4776  3.792144E-01  5.182071E-01  1.711875E+00
      4777  2.689895E-01  4.856028E-01  1.696321E+00
      4778  1.636512E-01  4.766385E-01  1.634877E+00
      4779  9.231257E-02  4.587541E-01  1.607010E+00
      4780  4.361644E-02  4.608303E-01  1.617162E+00
      4781  1.034714E-02  4.379001E-01  1.644612E+00
      4782 -2.475172E-02  4.738035E-01  1.648460E+00
      4783 -6.159230E-02  4.922952E-01  1.687926E+00
      4784 -1.405309E-01  5.255535E-01  1.758971E+00
      4785 -2.476512E-01  5.673357E-01  1.805015E+00
      4786 -3.430632E-01  5.844789E-01  1.885853E+00
      4787 -5.415970E-01  5.958795E-01  1.929335E+00
      4788 -6.581849E-01  5.883457E-01  1.867450E+00
      4789 -7.814035E-01  5.621729E-01  1.773860E+00
      4790 -8.995155E-01  5.084733E-01  1.638849E+00
      4791 -1.020711E+00  4.503504E-01  1.409282E+00
      4792 -1.153937E+00  3.334044E-01  1.098920E+00
      4793 -1.331993E+00  1.828675E-01  7.426361E-01
      4794 -1.556698E+00 -2.129839E-03  2.768065E-01
      4795 -1.870153E+00 -2.240869E-01 -2.337114E-01
      4796 -2.245056E+00 -4.900837E-01 -6.940711E-01
      4797 -2.619282E+00 -6.656084E-01 -8.662031E-01
      4798 -1.350732E+00 -2.651802E-01 -8.225597E-02
      4799 -1.354724E+00  1.002879E-01  9.336488E-01
      4800 -1.211564E+00  6.430598E-01  2.336455E+00
      4801 -1.985311E+00  2.053158E-01  1.207165E+00
      5051 -2.158475E-01  7.856120E+00 -1.637807E+01
      5070 -1.332341E-01  9.800532E+00  2.309697E+01
      5082 -3.028302E+00 -7.782522E-01  1.650808E+00
      5083 -1.096229E+01 -1.356149E+00  1.880583E+01
      5084 -1.593610E+00 -1.587234E+00  3.725165E+00
      5085  2.750032E+00 -2.884186E-01  2.751919E-01
      5086 -2.400305E+00 -2.849271E-01 -6.603340E-01
      5087  7.670819E+00 -7.431707E-01  1.525851E+01
      5088  8.246880E-01 -1.841032E+00  1.515865E+00
      5089 -6.748840E+00 -8.726931E-01 -1.316134E+01
      5119  1.811314E-01  7.064851E+00 -1.473331E+01
      5138  1.533804E-01  8.979822E+00  2.114395E+01
      5150 -2.654905E+00 -2.767113E-01  4.028037E-01
      5151  2.042793E+00 -2.604583E-01 -4.500352E-01
      5152 -7.174586E+00 -6.643594E-01  1.426672E+01
      5153 -9.621491E-01 -1.662103E+00  1.745074E+00
      5154  5.906537E+00 -7.868052E-01 -1.155933E+01
      5155  2.670275E+00 -6.840715E-01  1.410506E+00
      5156  9.896813E+00 -1.221219E+00  1.698293E+01
      5157  1.436271E+00 -1.417843E+00  3.332979E+00
     25126  4.414221E+00 -8.296641E-01 -2.884060E+01
     25127  5.391602E+00 -3.756866E+00 -2.416451E+01
     25128 -2.089284E-02 -4.197443E-01 -3.069020E+00
     25129  8.726832E-02 -1.215575E+00 -2.810465E+00
     25130  5.619273E+00 -1.037987E+00 -2.126442E+01
     25131  5.901564E+00 -2.349067E+00 -1.778725E+01
     25132  5.638863E+00 -9.703043E-01 -1.449593E+01
     25133  4.732875E+00 -8.260199E-01 -6.440145E+00
     25134  4.992335E+00 -3.305678E-01 -8.771861E+00
     25135  5.738308E+00 -1.355797E+00 -1.209956E+01
     25136  3.633217E+00 -5.496735E-01 -3.224965E+00
     25137  4.125232E+00 -1.886813E-01 -4.777370E+00
     25138  3.071583E+00 -3.251572E-01 -2.344817E+00
     25139  2.074647E+00 -3.787642E-01 -8.238198E-01
     25140  2.305696E+00 -2.033997E-01 -1.150244E+00
     25141  2.857383E+00 -3.610639E-01 -1.732780E+00
     25142  1.708053E+00 -2.670358E-01 -7.691874E-01
     25143  1.323569E+00 -2.733565E-01 -8.641629E-01
     25144  1.596813E+00 -4.445989E-01 -7.565985E-01
     25145  1.070699E+00 -3.052755E-01 -1.206792E+00
     25146  1.252888E+00 -5.411131E-01 -9.866224E-01
     25147  9.271933E-01 -4.623057E-01 -1.688235E+00
     25148  9.319813E-01 -8.520620E-01 -1.642968E+00
     25149  1.029372E+00 -7.217860E-01 -1.593022E+00
     25150  8.505798E-01 -5.204138E-01 -2.045871E+00
     25151  9.076217E-01 -9.148211E-01 -2.095410E+00
     25152  8.313417E-01 -3.956431E-01 -2.150224E+00
     25153  6.698015E-01 -4.251350E-01 -2.193295E+00
     25154  7.371582E-01 -9.757888E-01 -2.133398E+00
     25155  8.266292E-01 -7.831261E-01 -2.149605E+00
     25156  6.568171E-01 -5.956855E-01 -2.339877E+00
     25157  5.059526E-01 -3.277147E-01 -2.222098E+00
     25158  6.686655E-01 -9.099594E-01 -2.247892E+00
     25159  3.831514E-01 -9.977821E-01 -2.313161E+00
     25160  3.446664E-01 -7.965729E-01 -2.565369E+00
     25161  2.372324E-01 -5.866024E-01 -2.509481E+00
     25162  1.714620E-01 -1.038157E+00 -2.307571E+00
     25163  3.500669E-01 -1.181584E+00 -2.757521E+00
     25164  9.065663E-02 -5.268012E-01 -2.694054E+00
     25165  3.392653E-02 -5.065753E-01 -2.937805E+00
     25166  7.184364E-02 -1.007290E+00 -2.743771E+00
     26050  8.865711E-03 -4.729067E-01 -3.063924E+00
     26051 -9.183528E-02 -1.219004E+00 -2.820709E+00
     26052 -4.133536E+00 -2.933894E-01 -2.613368E+01
     26053 -5.306690E+00 -3.515741E+00 -2.167465E+01
     26054 -2.831160E-02 -4.912692E-01 -2.970218E+00
     26055 -6.768756E-02 -1.020257E+00 -2.810229E+00
     26056 -9.938983E-02 -5.141057E-01 -2.746941E+00
     26057 -2.335780E-01 -1.008385E+00 -2.428035E+00
     26058 -1.837880E-01 -6.184390E-01 -2.654206E+00
     26059 -1.642457E-01 -1.099041E+00 -2.932178E+00
     26060 -3.958739E-01 -9.773946E-01 -2.076149E+00
     26061 -3.589532E-01 -4.125730E-01 -2.407483E+00
     26062 -5.502817E-01 -3.034314E-01 -2.230109E+00
     26063 -7.441081E-01 -1.146945E+00 -1.986289E+00
     26064 -6.445965E-01 -7.144171E-01 -2.391045E+00
     26065 -7.302020E-01 -1.030697E+00 -2.506625E+00
     26066 -7.974354E-01 -6.190502E-01 -2.188908E+00
     26067 -9.250258E-01 -6.167651E-01 -2.124754E+00
     26068 -9.222651E-01 -1.086205E+00 -2.129801E+00
     26069 -1.006836E+00 -5.841695E-01 -2.061519E+00
     26070 -1.049242E+00 -1.063381E+00 -2.069606E+00
     26071 -1.134565E+00 -2.678389E-01 -1.699192E+00
     26072 -1.214493E+00 -7.863876E-01 -1.326793E+00
     26073 -1.087522E+00 -8.426901E-01 -2.059421E+00
     26074 -1.287849E+00 -2.763571E-01 -1.421339E+00
     26075 -1.453976E+00 -6.199840E-01 -1.340547E+00
     26076 -1.435792E+00 -4.531493E-01 -1.301100E+00
     26077 -1.750307E+00 -2.869578E-01 -1.052696E+00
     26078 -2.085192E+00 -4.006395E-01 -1.045338E+00
     26079 -1.661520E+00 -5.828153E-01 -1.255716E+00
     26080 -2.304354E+00 -1.882056E-01 -1.313901E+00
     26081 -2.752361E+00 -3.847119E-01 -1.707586E+00
     26082 -3.030229E+00 -1.633406E-01 -2.327202E+00
     26083 -3.559874E+00 -4.531642E-01 -3.215181E+00
     26084 -3.904121E+00 -2.204521E-01 -4.494397E+00
     26085 -4.759280E+00 -6.246447E-01 -8.078340E+00
     26086 -5.245550E+00 -1.472459E+00 -9.742904E+00
     26087 -4.615394E+00 -7.431929E-01 -6.418576E+00
     26088 -5.355195E+00 -5.951289E-01 -1.328678E+01
     26089 -5.671133E+00 -2.203226E+00 -1.582240E+01
     26090 -5.215305E+00 -7.530401E-01 -1.939612E+01
     28447  6.586773E-01 -1.637753E-01 -4.817917E-02
     28448  1.965234E-01  2.346037E+00  3.676442E+00
     28449 -2.221782E+00  3.109996E+00  3.483620E-01
     28450 -1.159672E+00  4.840535E+00  1.022923E-01
     28451 -4.323183E+00 -2.254719E+01  1.108558E+02
     28452 -3.566948E+00 -2.382059E+01  1.014965E+02
     28453  1.353049E+00 -1.357910E+01  8.522377E+01
     28454 -1.319625E+00  1.590076E+00 -1.574640E+01
     28455 -2.553821E+00 -9.614579E-02 -6.040008E+00
     28456 -6.371099E+00 -4.643743E+00 -7.818690E+00
     28457  1.740688E+00  3.375729E-01 -1.485000E+01
     28458 -9.238275E+00 -1.668680E+01  7.886510E+01
     28459 -1.468883E+00 -6.689624E+00  1.095527E+01
     28460 -3.361118E+00 -9.105425E+00  2.136315E+01
     28461 -2.768902E+00 -5.534074E+00 -3.769862E+00
     28462 -2.623912E+00 -7.158169E+00 -3.014465E+00
     28463  2.289371E-01 -1.055930E+01  4.049938E+01
     28464 -5.723847E+00 -1.504428E+01  5.058539E+01
     28465 -5.189936E+00 -8.614352E+00  2.534991E+01
     28466 -2.310422E+00 -8.539393E+00  8.345215E+00
     28467 -5.232910E+00 -1.264499E+01  2.875442E+01
     28468 -3.939547E+00 -1.264717E+01  6.577346E+01
     28469  7.219523E-01 -1.237586E+01  4.134387E+01
     31178 -6.673764E-01 -1.713836E-01 -3.473039E-02
     31179 -1.037465E-01  2.030919E+00  3.266933E+00
     31180  2.053979E+00  3.064946E+00  4.345934E-01
     31181  1.010732E+00  4.458882E+00  9.872086E-02
     31182  2.637136E+00 -2.906624E-01 -4.870929E+00
     31183  1.419697E+00  1.542706E+00 -1.495533E+01
     31184 -1.590958E+00  6.044316E-01 -1.399909E+01
     31185  3.647298E+00 -2.200122E+01  9.257185E+01
     31186  4.365022E+00 -2.080256E+01  1.022364E+02
     31187  8.860126E+00 -1.549250E+01  7.173031E+01
     31188  6.325957E+00 -4.547253E+00 -6.323826E+00
     31189 -7.363301E-01 -1.209933E+01  7.899571E+01
     31190  2.596379E+00 -6.543525E+00 -3.366995E+00
     31191  2.296722E+00 -7.787085E+00  6.973234E+00
     31192  2.845615E+00 -5.031413E+00 -3.165756E+00
     31193  1.567732E+00 -6.099305E+00  1.088275E+01
     31194  5.047548E+00 -1.168651E+01  2.567828E+01
     31195 -2.921754E-01 -1.128297E+01  3.732624E+01
     31196  5.420126E+00 -7.971215E+00  2.357271E+01
     31197  3.289227E+00 -8.443058E+00  2.037290E+01
     31198  8.105686E-02 -9.632971E+00  3.805211E+01
     31199  4.174671E+00 -1.161443E+01  6.055463E+01
     31200  5.501680E+00 -1.425925E+01  4.701571E+01
     33490 -2.512370E-01  1.745518E-01  1.114281E-01
     33491  2.538969E-01  1.903789E-01  4.818925E-02
     33492  2.186624E-02  1.057658E-01  1.525803E-01
     33493 -7.874429E-02  1.131169E-01  1.857804E-01
     33494  6.365383E-02  4.249671E-02  1.548749E-01
     33495 -5.082128E-02  3.783607E-02  1.545363E-01
     33496 -3.510351E-02 -6.531881E-03  1.214531E-01
     33497  1.666301E-02 -1.470454E-03  1.227078E-01
     33498  4.301297E+00 -2.740119E+00 -1.379783E+01
     33499  3.749158E+00 -1.936719E+00 -3.706182E+00
     33500  3.633449E+00 -2.456473E+00 -1.051894E+01
     33501  6.970061E-03 -5.530409E-01  3.038642E-01
     33502  7.756004E-02 -5.829837E-01  3.252577E-01
     33503 -5.389836E-02 -5.825302E-01  3.308432E-01
     33504  1.985338E-02 -5.430566E-01  3.194291E-01
     33505 -3.597621E+00 -1.741370E+00 -3.428202E+00
     33506 -4.076614E+00 -2.405498E+00 -1.255646E+01
     33507 -3.589535E+00 -2.192153E+00 -9.441532E+00
     33508  3.729593E+00 -2.387945E+00 -4.530135E-01
     33509 -3.718724E+00 -2.109707E+00 -3.098116E-01
     33510  3.953541E+00 -2.265209E+00 -7.516035E+00
     33511  3.943089E+00 -2.498816E+00 -8.309063E+00
     33512  3.573323E+00 -6.217243E+00 -2.589453E+00
     33513  2.274170E+00 -2.129241E+00  1.049961E+00
     33514  4.124165E+00 -1.750344E+00 -5.419741E+00
     33515  4.322355E+00 -1.850812E+00 -6.205686E+00
     33516  2.768026E+00 -3.249529E+00 -2.674347E+00
     33517  3.024774E+00 -1.704042E+00  6.786777E-01
     33518  2.789444E+00 -1.659737E+00  3.019523E-02
     33519  3.796067E+00 -1.199980E+00 -3.492569E+00
     33520  4.053663E+00 -1.313920E+00 -4.208547E+00
     33521  2.764669E+00 -2.078503E+00 -2.098643E+00
     33522  3.170660E+00 -1.377257E+00 -3.369693E-01
     33523  2.893025E+00 -1.215105E+00 -6.377902E-01
     33524  5.880469E+00 -1.544978E+00 -2.822968E+00
     33525  4.211462E+00 -1.519875E+00 -2.734933E+00
     33526  3.029139E+00 -9.660202E-01 -8.003889E-01
     33527  4.828513E+00 -9.454703E-01 -1.606146E+00
     33528  4.824106E+00 -1.117293E+00 -2.007088E+00
     33529  3.769578E+00 -4.946339E-01 -5.922335E-01
     33530  4.142332E+00 -6.509009E-01 -1.199187E+00
     33531  3.001902E+00 -2.837555E-01 -1.209068E-02
     33532  3.246341E+00 -2.924114E-01 -4.240734E-01
     33533  2.572894E+00 -1.543208E-01  4.230067E-02
     33534  2.443300E+00 -2.079261E-01  3.239061E-01
     33535  2.050555E+00 -2.231967E-01  5.172499E-01
     33536  2.097925E+00 -1.341270E-01  3.208552E-01
     33537  1.806157E+00 -3.272025E-01  5.931558E-01
     33538  1.761686E+00 -2.183599E-01  4.571961E-01
     33539  1.618167E+00 -3.553279E-01  6.365173E-01
     33540  1.550547E+00 -2.666067E-01  5.703769E-01
     33541  1.484478E+00 -3.604077E-01  6.553701E-01
     33542  1.400986E+00 -2.976626E-01  6.058875E-01
     33543  1.314915E+00 -5.026560E-01  7.349151E-01
     33544  1.245661E+00 -3.726840E-01  6.540723E-01
     33545  1.160734E+00 -4.487930E-01  7.167621E-01
     33546  1.076683E+00 -5.001505E-01  7.423966E-01
     33547  9.021393E-01 -3.504064E-01  7.347549E-01
     33548  8.700322E-01 -3.102675E-01  7.248036E-01
     33549  6.838973E-01 -5.209634E-01  6.606458E-01
     33550  6.053549E-01 -4.489356E-01  6.680658E-01
     33551  4.528717E-01 -4.941411E-01  5.584771E-01
     33552  3.769272E-01 -4.624721E-01  6.422289E-01
     33553  2.645507E-01 -5.047651E-01  4.226570E-01
     33554  1.923580E-01 -4.689835E-01  4.947398E-01
     33555  1.354960E-01 -5.236458E-01  3.343373E-01
     33556  7.513646E-02 -5.014573E-01  3.820525E-01
     33557 -1.077007E-01 -5.236923E-01  3.581558E-01
     33558 -3.637610E-02 -4.850744E-01  4.227430E-01
     33559 -2.279154E-01 -4.955610E-01  4.810947E-01
     33560 -1.517516E-01 -4.506030E-01  5.719602E-01
     33561 -3.383229E-01 -3.877443E-01  6.975921E-01
     33562 -4.083898E-01 -4.548709E-01  6.339741E-01
     33563 -6.526434E-01 -3.574435E-01  7.755424E-01
     33564 -5.818775E-01 -3.463037E-01  8.138147E-01
     33565 -8.789172E-01 -3.206062E-01  9.239917E-01
     33566 -8.707210E-01 -2.741869E-01  9.741573E-01
     33567 -1.202623E+00 -3.939922E-01  9.268184E-01
     33568 -1.097002E+00 -3.347405E-01  9.177936E-01
     33569 -1.448347E+00 -3.861688E-01  9.264962E-01
     33570 -1.341144E+00 -2.973068E-01  8.682882E-01
     33571 -1.674415E+00 -3.818775E-01  8.638360E-01
     33572 -1.567151E+00 -3.005443E-01  7.857119E-01
     33573 -1.876641E+00 -3.818539E-01  7.771810E-01
     33574 -1.790625E+00 -2.634647E-01  6.330708E-01
     33575 -2.073328E+00 -2.440719E-01  6.574587E-01
     33576 -2.055701E+00 -1.916812E-01  4.755417E-01
     33577 -2.306479E+00 -2.537708E-01  4.732559E-01
     33578 -2.335475E+00 -2.042941E-01  2.914870E-01
     33579 -2.641238E+00 -3.565771E-01  2.674190E-01
     33580 -2.723211E+00 -2.925293E-01 -2.843665E-02
     33581 -3.317967E+00 -3.663651E-01 -4.876036E-01
     33582 -3.113340E+00 -3.779284E-01 -6.066428E-02
     33583 -4.113394E+00 -6.548598E-01 -1.190663E+00
     33584 -3.786738E+00 -5.228494E-01 -6.206118E-01
     33585 -4.678081E+00 -1.048794E+00 -1.889918E+00
     33586 -4.739130E+00 -9.242999E-01 -1.547098E+00
     33587 -4.315078E+00 -1.981490E+00 -2.523705E+00
     33588 -5.489692E+00 -1.446553E+00 -2.491102E+00
     33589 -3.886891E+00 -1.209989E+00 -3.851153E+00
     33590 -3.567298E+00 -1.117713E+00 -3.303309E+00
     33591 -2.812119E+00 -9.753051E-01 -7.832653E-01
     33592 -3.984092E+00 -1.809564E+00 -5.591276E+00
     33593 -3.939082E+00 -1.619633E+00 -4.964686E+00
     33594 -2.633830E+00 -1.892543E+00 -1.885930E+00
     33595 -3.051666E+00 -1.237930E+00 -2.719682E-01
     33596 -2.744532E+00 -1.100604E+00 -5.640760E-01
     33597 -3.878337E+00 -2.129707E+00 -7.659043E+00
     33598 -3.740629E+00 -2.130042E+00 -7.002676E+00
     33599 -3.326874E+00 -4.140890E+00 -1.943483E+00
     33600 -2.863382E+00 -1.618549E+00  5.039885E-01
     33601 -2.584600E+00 -1.560319E+00  8.025035E-02
     33602 -2.832170E+00 -4.023225E+00 -3.431488E+00
     33603 -2.295694E+00 -1.881793E+00  9.783808E-01
     34248  2.598073E-01 -9.858532E-02  2.146303E-01
     34249 -1.905198E-01  5.007765E-01  3.507459E-01
     34250  6.538229E-01  4.678558E-01 -4.659740E-01
     34251  1.349114E-01  4.489010E-01 -4.935684E-01
     34252  9.309184E-01  5.221691E-01 -8.916625E+00
     34253  1.949225E-02  2.889444E-01 -1.732930E+01
     34254  1.130462E+00 -1.212146E+00 -5.685990E+00
     34255  7.994911E-01 -6.531725E-01 -8.523637E+00
     34256  4.024963E-01 -9.478138E-01 -7.835930E+00
     34257 -5.984344E-01  3.850012E-01 -2.219464E+01
     34258 -1.108850E-01 -2.618843E+00  9.609461E+00
     34259 -5.642485E-01 -2.639341E+00  1.527027E+00
     34260  8.679770E-01 -1.592749E+00 -4.110657E+00
     34261  2.081188E-01 -4.047797E-02 -7.010827E+00
     34262  2.207739E+00 -2.909273E+00 -1.258022E+00
     34263 -1.255384E+00 -1.077225E+00 -1.360237E+01
     34264  2.157140E-01  9.359831E-01  2.882891E+01
     34265  1.383230E+00  1.000539E+00  2.947599E+01
     34266 -1.072076E+00 -2.265609E+00  2.230138E+01
     34267  1.904315E+00 -1.430381E+00  2.067048E+01
     34268  2.321673E-01 -9.066253E-01  1.358369E+01
     34269 -5.817875E-01 -1.920358E+00  6.875102E+00
     34546 -2.440009E-01 -9.564514E-02  1.997981E-01
     34547  1.546601E-01  4.508099E-01  3.077503E-01
     34548 -6.137430E-01  4.454882E-01 -4.301403E-01
     34549 -2.158818E-01  3.985801E-01 -4.959551E-01
     34550 -5.479500E-02  2.531759E-01 -1.561472E+01
     34551 -8.602230E-01  4.718908E-01 -8.048414E+00
     34552 -7.609079E-01 -5.772247E-01 -7.669568E+00
     34553 -1.060431E+00 -1.081214E+00 -5.076392E+00
     34554 -3.978140E-01 -8.376740E-01 -6.986256E+00
     34555  5.301869E-01  3.344779E-01 -1.982189E+01
     34556 -7.910270E-01 -1.422492E+00 -3.508157E+00
     34557 -1.668685E-01 -1.485260E-02 -6.202574E+00
     34558 -1.969234E+00 -2.606732E+00 -7.779766E-01
     34559  6.132454E-01 -2.340264E+00  1.469004E+00
     34560  1.292690E-01 -2.333098E+00  8.776523E+00
     34561  1.130739E+00 -9.768878E-01 -1.201235E+01
     34562 -1.180662E+00  9.392358E-01  2.683971E+01
     34563 -1.410063E-01  8.924107E-01  2.657727E+01
     34564 -1.694726E+00 -1.263877E+00  1.918854E+01
     34565  1.037170E+00 -2.102920E+00  2.027575E+01
     34566  5.838415E-01 -1.742586E+00  6.571889E+00
     34567 -8.979283E-02 -7.899478E-01  1.249376E+01

 total force (fx,fy,fz) for set FEET and time  0.3000000E+01

        6.482272E-09 -3.000000E+02  1.200000E+03

                        S T E P       4


                                INCREMENT     1


 displacements (vx,vy,vz) for set TOP and time  0.4000000E+01

     18600 -1.659207E-02  3.183065E-01 -3.163828E-01
     18645 -9.984457E-03  4.103783E-01 -3.814755E-01
     19082 -1.549053E-03  4.488438E-01 -4.096789E-01
     22510  5.229338E-03  4.319315E-01 -3.963799E-01
     23699  1.293468E-02  3.081839E-01 -3.017955E-01

 forces (fx,fy,fz) for set FEET and time  0.4000000E+01

       199 -6.981445E-01  1.586252E-02 -3.623849E+00
       203  1.073153E+00  1.358747E+01 -1.110084E+01
       204 -7.813411E-04  3.739536E-02 -1.313951E+00
       208  3.606014E-02  3.199404E+00  4.194315E-01
       209  7.653982E-01  3.901491E-01 -2.815412E+00
       213 -6.994215E-01  1.176163E+01 -7.697785E+00
       242  1.703613E+01  9.880981E+00  1.889687E+01
       243 -5.645498E-01  4.930232E-01  1.583606E-01
       244  1.106477E+00  1.459251E+00 -1.823304E-01
       245 -1.637288E+01  7.523236E+00  1.621181E+01
       269 -1.021204E+00  1.357921E+00 -1.670913E-01
       270  1.488655E+01  6.727827E+00  1.470301E+01
       273  4.795969E-01  4.006150E-01  1.696225E-01
       274 -1.565824E+01  9.122486E+00  1.737792E+01
       282  1.698296E+00  9.449924E-01  4.255017E+00
       284 -1.579490E+00  8.438609E-01  3.794974E+00
       290 -7.191561E+00  4.684386E+00 -6.898911E+00
       293 -1.256133E+01  8.474849E+00  1.091271E+01
       294  1.345183E+01  9.741442E+00  1.309462E+01
       301  6.425474E+00  4.159835E+00 -6.145710E+00
       302 -1.219591E+01  8.876173E+00  1.193792E+01
       303  1.128878E+01  7.565235E+00  9.735843E+00
      2640  4.296403E+00 -2.154432E+00 -2.483315E+01
      2656 -6.799960E-02 -2.654714E+00 -5.149124E+00
      2665  5.757017E-01  1.414168E+00 -4.319833E-01
      2666  7.627730E-01 -5.856739E-01 -1.063183E+00
      2667  4.383037E-01 -6.292686E-01 -7.885224E-01
      2668  4.026387E-01 -5.459236E-01 -1.338171E+00
      2669  2.687043E-01 -6.824908E-01 -1.950882E+00
      2670  1.452851E-01 -4.481162E-02 -8.372239E-01
      2671  1.100888E-01 -6.397760E-02 -1.271222E+00
      2672  4.425157E-02 -1.153886E-02 -1.021476E+00
      2673  2.358605E-02 -1.996342E-02 -1.060379E+00
      2674  1.139965E-02  6.137451E-05 -8.697830E-01
      2675  5.859212E-02 -6.169144E-02 -1.500125E+00
      2676  4.205150E-02 -1.833905E-02 -1.264056E+00
      2677  1.660255E-01  1.093684E+00 -1.059005E+00
      2678 -3.951909E-03 -5.833706E-02 -1.855787E+00
      2679  2.043178E-03  7.590953E-02 -1.208060E+00
      2680 -5.634857E-02 -4.475762E-02 -1.294302E+00
      2681  6.759758E-02  2.995653E-03 -1.029577E+00
      2682  1.818899E-02 -5.908544E-02 -1.549364E+00
      2683 -1.308990E-02 -1.777347E-02 -1.259737E+00
      2684  4.745121E-02  5.669792E-01 -1.811403E+00
      2685  7.369506E+00  1.793223E+00 -2.571534E+01
      2686  5.637460E+00 -1.336155E+00 -1.403204E+01
      2687  4.416515E+00 -1.381576E+00 -8.612382E+00
      2688  3.339727E+00 -1.303846E+00 -5.423106E+00
      2689  4.006734E+00 -7.320442E-01 -4.097983E+00
      2690  3.293194E+00 -1.371165E+00 -3.043601E+00
      2691  2.493493E+00 -1.291222E+00 -2.138367E+00
      2692  2.100157E+00 -1.092962E+00 -1.773023E+00
      2693  1.724800E+00 -9.576278E-01 -1.662959E+00
      2694  1.439325E+00 -9.541007E-01 -1.734921E+00
      2695  1.184844E+00 -1.457778E+00 -2.062077E+00
      2696  1.119372E+00 -1.425911E+00 -2.127798E+00
      2697  1.072983E+00 -1.109974E+00 -2.138667E+00
      2698  6.437926E-01 -1.157036E+00 -2.263450E+00
      2699  8.874238E-01 -1.302990E+00 -2.318740E+00
      2700  6.759200E-01 -7.358336E-01 -2.110943E+00
      2701  4.612592E-01 -1.936075E+00 -2.469681E+00
      2702  3.053108E-01 -1.446500E+00 -2.322169E+00
      2703  2.171642E-01 -1.272067E+00 -2.373445E+00
      2704  1.131094E-01 -1.050420E+00 -2.402337E+00
      2705  7.523837E-03 -9.898067E-01 -2.533231E+00
      2829  1.145929E+00  1.018843E+01 -3.563630E+00
      2830  3.582592E-01  6.607982E+00 -1.281898E+00
      2831  1.798813E-01  5.524217E+00 -4.136728E-02
      2832 -4.386977E-02  3.462012E+00 -2.010480E-02
      2833  3.502888E-02  2.865946E+00 -2.338594E-01
      2834  1.753729E-02  3.751855E+00  4.330674E-01
      2835  3.418240E-02  3.003566E+00 -1.632478E-02
      2836  4.868017E-02  2.796991E+00  2.637247E-01
      2837  3.432167E-02  2.668979E+00  2.691456E-01
      2838  7.170753E-02  3.256325E+00  5.288814E-01
      2839  1.027148E-02  3.759490E+00 -8.904657E-02
      2840  8.617459E-03  3.495645E+00  2.409022E-01
      2841 -1.499017E-01  1.719617E+00 -1.656307E-01
      2842  3.546630E-01  6.180657E+00 -2.790287E-01
      2843  6.443201E-02  2.674902E+00  2.559536E-01
      2844  1.499968E-01  3.270786E+00  2.742877E-01
      2845 -8.920306E-02  4.831148E+00  5.650075E-01
      2846 -2.445596E-03  3.456297E+00 -8.147270E-02
      2847  2.368604E-03  3.293971E+00  2.570521E-01
      2848 -4.030043E-01  3.190099E+00  6.669404E-01
      2849  5.724555E+00  1.340985E+01 -2.667353E+01
      2850  3.533480E+00  7.426130E+00 -1.330344E+01
      2851  2.723130E+00  5.621927E+00 -7.620484E+00
      2852  2.104119E+00  4.476271E+00 -4.847532E+00
      2853  1.602815E+00  1.949422E+00 -3.642284E+00
      2854  1.409834E+00  3.146519E+00 -2.002948E+00
      2855  9.989837E-01  2.529158E+00 -1.691660E+00
      2856  7.222162E-01  2.284419E+00 -1.588253E+00
      2857  5.694171E-01  2.001006E+00 -1.674834E+00
      2858  5.299312E-01  2.072453E+00 -1.826575E+00
      2859  5.266395E-01  3.138502E+00 -1.661311E+00
      2860  3.857386E-01  3.179118E+00 -1.820368E+00
      2861  3.939699E-01  2.296882E+00 -2.132270E+00
      2862  4.859533E-01  1.780840E+00 -1.999868E+00
      2863  6.421156E-02  2.618849E+00 -1.937486E+00
      2864  2.082888E-01  1.782388E+00 -2.355788E+00
      2865  3.190287E-01  4.279465E+00 -1.471868E+00
      2866  8.880930E-02  2.973455E+00 -1.972590E+00
      2867  3.906266E-03  2.733411E+00 -2.143716E+00
      2868  4.156968E-02  2.343852E+00 -2.327330E+00
      2869  5.264605E-03  2.125559E+00 -2.359230E+00
      2877 -4.310213E+00 -1.745671E+00 -2.509801E+01
      2886 -9.202383E-02  5.802232E-01 -1.719292E+00
      2887 -3.292568E-02  3.922647E-04 -1.186305E+00
      2888 -2.716853E-02  3.810107E-03 -9.537706E-01
      2889  5.158783E-02  2.435521E-02 -1.151056E+00
      2890  2.544284E-03 -1.256636E-01 -1.618284E+00
      2891 -5.119434E-02  5.054002E-02 -9.877380E-01
      2892 -3.357025E-02 -8.482551E-02 -1.567107E+00
      2893 -9.193160E-02 -9.366964E-03 -1.216114E+00
      2894 -1.015005E-01 -4.248819E-02 -1.241766E+00
      2895 -6.190748E-03  4.490809E-02 -8.199255E-01
      2896 -3.849435E-02  4.823825E-01 -1.740347E+00
      2897 -1.150639E-01  7.426024E-03 -1.132686E+00
      2898 -2.189975E-02 -3.851062E-02 -7.997069E-01
      2899 -8.820131E-02 -6.698003E-02 -1.177507E+00
      2900 -2.005982E-01 -6.704220E-02 -1.029069E+00
      2901 -3.382563E-01 -6.399950E-01 -1.632316E+00
      2902 -8.046025E-02  1.299905E-01 -2.966848E-01
      2903 -5.015489E-01 -5.504550E-01 -1.629730E+00
      2904 -3.509615E-01  6.561679E-01 -1.321486E+00
      2905 -1.678665E+00  1.773711E-01 -2.579767E+00
      2906 -1.846546E-02 -1.014614E+00 -2.764163E+00
      2907 -1.306329E-01 -1.194449E+00 -2.557238E+00
      2908 -1.947425E-01 -1.140702E+00 -2.368591E+00
      2909 -3.714299E-01 -1.368804E+00 -2.332596E+00
      2910 -6.807863E-01 -1.006229E+00 -2.315887E+00
      2911 -5.652356E-01 -5.729135E-01 -2.094497E+00
      2912 -8.771390E-01 -1.682775E+00 -2.292521E+00
      2913 -9.256573E-01 -1.510270E+00 -2.099009E+00
      2914 -1.102512E+00 -1.537599E+00 -2.094567E+00
      2915 -1.185850E+00 -1.644712E+00 -2.159715E+00
      2916 -1.458998E+00 -6.781573E-01 -1.857117E+00
      2917 -1.584911E+00 -7.257967E-01 -1.729644E+00
      2918 -1.742921E+00 -1.725150E+00 -1.993697E+00
      2919 -2.084030E+00 -1.154866E+00 -1.793829E+00
      2920 -2.488390E+00 -9.722095E-01 -1.996947E+00
      2921 -3.118962E+00 -1.133462E+00 -2.722972E+00
      2922 -3.741933E+00 -1.413543E+00 -3.929555E+00
      2923 -3.414177E+00 -1.007131E+00 -5.101922E+00
      2924 -3.959015E+00 -1.288316E+00 -7.451374E+00
      2925 -4.908150E+00 -1.210701E+00 -1.170267E+01
      2926 -6.584885E+00  1.009255E+00 -2.128904E+01
      3050  4.559504E-01  3.113316E+00  4.603443E-01
      3051  6.421304E-02  3.185302E+00  2.337830E-01
      3052  5.954729E-02  3.660920E+00  5.527555E-01
      3053 -2.603897E-02  2.898642E+00  2.778761E-01
      3054  1.133896E-01  3.274827E+00  3.836005E-01
      3055 -1.559622E-02  2.983517E+00  6.740796E-01
      3056 -8.605638E-02  4.248808E+00 -1.208598E-01
      3057  9.133144E-03  3.738678E+00  2.053559E-01
      3058  4.272728E-02  4.372685E+00  1.650498E-01
      3059 -6.233417E-02  2.818877E+00  6.134933E-01
      3060 -3.471898E-01  2.522676E+00  1.995174E-01
      3061  1.093071E-01  3.150014E+00  2.029536E-01
      3062 -1.585347E-01  3.997267E+00  4.822803E-01
      3063 -3.852415E-02  2.632597E+00 -9.877426E-03
      3064  4.536933E-02  2.694090E+00  2.007880E-01
      3065  1.479750E-02  3.175033E+00  3.534883E-02
      3066 -7.367800E-02  3.757047E+00  2.323700E-01
      3067 -1.253109E-01  4.483524E+00 -8.093262E-01
      3068 -1.026494E-01  5.962534E+00 -6.903131E-01
      3069 -7.122346E-01  9.008988E+00 -2.576064E+00
      3070 -7.287835E-02  2.288139E+00 -2.237373E+00
      3071 -1.445918E-01  2.320426E+00 -2.235375E+00
      3072 -8.219761E-02  2.455490E+00 -2.233751E+00
      3073 -2.222141E-01  2.941388E+00 -1.956981E+00
      3074 -2.732995E-01  1.803331E+00 -2.244658E+00
      3075 -2.612858E-01  1.768708E+00 -2.164121E+00
      3076 -8.883337E-02  3.492852E+00 -1.597631E+00
      3077 -4.229265E-01  3.137348E+00 -1.735566E+00
      3078 -4.400874E-01  3.219729E+00 -1.669222E+00
      3079 -7.113081E-01  3.377599E+00 -1.506731E+00
      3080 -4.774921E-01  1.462965E+00 -2.076723E+00
      3081 -4.777878E-01  1.557849E+00 -1.903616E+00
      3082 -6.427411E-01  3.764377E+00 -1.089146E+00
      3083 -8.175172E-01  2.375131E+00 -1.523081E+00
      3084 -1.007094E+00  1.910699E+00 -1.769163E+00
      3085 -1.268665E+00  2.345520E+00 -2.201843E+00
      3086 -1.655756E+00  3.019598E+00 -3.001170E+00
      3087 -2.006883E+00  3.690629E+00 -4.395422E+00
      3088 -2.668675E+00  4.836605E+00 -7.398371E+00
      3089 -3.401474E+00  6.771929E+00 -1.284451E+01
      3090 -5.353032E+00  1.234363E+01 -2.596304E+01
      3568  1.748235E+00 -1.500342E+00  2.006178E+00
      3569  5.654138E+00 -8.461004E-01  2.828187E+00
      3570  1.287088E+01  1.068044E-01  5.501452E+00
      3571 -1.897876E+00  1.363262E-01 -4.626169E+00
      3572  3.390157E+00 -2.457039E+00  6.400205E+00
      3573  1.210062E+01 -3.817609E+00  2.152739E+01
      3574  2.699320E+01 -4.630156E+00  4.164092E+01
      3675 -7.244170E-01  2.848027E+00 -5.221354E+00
      3676 -2.331012E+00  1.992473E+01  7.501745E+01
      3677  2.275200E+00 -1.488545E+00 -2.889623E+00
      3678  1.477319E-01 -2.887425E-01 -2.054216E+00
      3679 -7.189702E+00  1.879861E-01  7.516626E-01
      3680  5.223305E+00  1.440950E+00 -1.054469E+01
      3681  1.598612E+00 -2.156603E+00 -3.172697E+00
      3682 -5.947887E+00 -3.981304E+00  1.107027E+01
      3683 -2.109501E+01 -5.509133E+00  3.458404E+01
      4175 -2.008330E+00 -1.482292E+00 -2.780261E+00
      4176 -3.680901E-01 -2.565146E-01 -2.166245E+00
      4177  6.329909E+00  1.492148E-01  4.201651E-01
      4178 -4.890989E+00  1.399314E+00 -9.768826E+00
      4179 -1.650127E+00 -1.965258E+00 -3.241958E+00
      4180  5.187996E+00 -3.650981E+00  9.679231E+00
      4181  1.906009E+01 -5.075229E+00  3.125864E+01
      4287  7.337563E-01  2.536621E+00 -4.670789E+00
      4288  2.336811E+00  1.819271E+01  6.860611E+01
      4289 -1.922659E+00 -1.333930E+00  2.000849E+00
      4290 -5.473735E+00 -8.095803E-01  2.819218E+00
      4291 -1.207259E+01  1.456226E-01  5.313181E+00
      4292  1.472243E+00 -8.841133E-03 -3.879033E+00
      4293 -3.373653E+00 -2.283038E+00  6.388240E+00
      4294 -1.138366E+01 -3.500652E+00  2.025644E+01
      4295 -2.491478E+01 -4.141724E+00  3.842266E+01
      4716  2.542573E+00  2.650349E+00 -7.196387E+00
      4719 -2.384558E+00  2.403913E+00 -6.495299E+00
      4721 -9.954331E-01  4.599579E+00  5.107336E+00
      4722 -1.207706E-01  2.283124E+00  2.393770E+00
      4723  7.860850E-02  1.460964E+00  1.541364E+00
      4724  8.179131E-02  1.315014E+00  1.949941E+00
      4725  4.731700E-02  1.158169E+00  1.704472E+00
      4726 -2.823449E-02  7.793061E-01  1.614048E+00
      4727  3.564138E-03  7.994819E-01  1.640245E+00
      4728 -2.744592E-04  8.252612E-01  1.689897E+00
      4729  2.294593E-02  8.838985E-01  1.799173E+00
      4730  2.411286E-03  9.312132E-01  1.905611E+00
      4731 -3.680150E-03  9.890963E-01  2.018971E+00
      4732 -1.174267E-02  9.847710E-01  1.992757E+00
      4733 -6.314890E-03  1.075183E+00  2.068141E+00
      4734  1.567213E-02  1.047747E+00  2.103285E+00
      4735  1.186754E-03  1.029132E+00  2.054985E+00
      4736 -5.893106E-03  1.020480E+00  2.104110E+00
      4737 -5.222976E-03  1.002809E+00  2.042035E+00
      4738  7.755160E-04  9.813927E-01  2.038661E+00
      4739  1.173369E-02  9.979133E-01  2.068865E+00
      4740 -3.026111E-03  1.035295E+00  2.104784E+00
      4741  3.460241E-03  1.032243E+00  2.109544E+00
      4742 -5.447707E-03  9.842066E-01  2.056565E+00
      4743 -1.729981E-03  9.914331E-01  2.061422E+00
      4744  4.741280E-04  9.900307E-01  2.071610E+00
      4745 -6.136335E-03  9.753070E-01  2.004440E+00
      4746 -7.031374E-03  1.082490E+00  2.132859E+00
      4747  4.197593E-03  9.995709E-01  2.046310E+00
      4748  8.207057E-03  9.755833E-01  1.971131E+00
      4749  1.163853E-02  9.632717E-01  1.949220E+00
      4750  1.106602E-02  9.453818E-01  1.931360E+00
      4751 -6.726845E-03  9.032283E-01  1.822856E+00
      4752 -4.723317E-03  8.862495E-01  1.781621E+00
      4753  1.361895E-03  8.332971E-01  1.694338E+00
      4754 -6.600822E-03  7.768358E-01  1.559877E+00
      4755  2.394341E-02  7.080744E-01  1.484224E+00
      4756 -6.521328E-02  1.064886E+00  1.565350E+00
      4757 -5.022781E-01  1.013226E+00  1.830738E+00
      4758 -1.141226E-01  1.330005E+00  1.400932E+00
      4759 -1.789039E-01  2.168614E+00  1.950683E+00
      4760  9.678078E-01  4.213635E+00  5.308891E+00
      4761  7.205077E-01  5.477739E+00  1.188737E+01
      4762  5.354642E-01  2.676477E+00  6.777281E+00
      4763  1.108323E+00  1.405265E+00  3.743603E+00
      4764  1.138625E+00  1.091276E+00  2.840951E+00
      4765  2.059808E+00  1.332873E+00  4.135741E+00
      4766  1.709411E+00  1.281673E+00  4.093206E+00
      4767  1.409399E+00  1.417041E+00  4.266640E+00
      4768  1.164480E+00  1.534169E+00  4.474587E+00
      4769  9.990108E-01  1.612813E+00  4.654296E+00
      4770  8.403936E-01  1.710478E+00  4.954999E+00
      4771  7.605204E-01  1.752739E+00  5.184375E+00
      4772  6.249790E-01  1.773773E+00  5.267092E+00
      4773  5.902589E-01  1.712155E+00  5.257908E+00
      4774  4.739873E-01  1.561508E+00  5.415273E+00
      4775  3.969988E-01  1.818663E+00  5.450761E+00
      4776  2.774454E-01  1.799138E+00  5.408878E+00
      4777  2.186486E-01  1.740457E+00  5.411151E+00
      4778  1.367385E-01  1.761916E+00  5.274721E+00
      4779  9.239470E-02  1.755286E+00  5.227980E+00
      4780  4.338281E-02  1.788800E+00  5.267452E+00
      4781 -1.325195E-02  1.727339E+00  5.341405E+00
      4782 -8.430124E-02  1.792525E+00  5.258635E+00
      4783 -1.024323E-01  1.778392E+00  5.255752E+00
      4784 -1.742058E-01  1.788098E+00  5.313358E+00
      4785 -2.579976E-01  1.814073E+00  5.296855E+00
      4786 -2.581531E-01  1.786952E+00  5.407906E+00
      4787 -5.316027E-01  1.778767E+00  5.460333E+00
      4788 -5.769655E-01  1.761022E+00  5.310381E+00
      4789 -6.514476E-01  1.738115E+00  5.203487E+00
      4790 -7.384465E-01  1.698907E+00  5.135296E+00
      4791 -8.224307E-01  1.708419E+00  4.937281E+00
      4792 -9.210682E-01  1.630102E+00  4.750943E+00
      4793 -1.086420E+00  1.500968E+00  4.617319E+00
      4794 -1.227176E+00  1.434493E+00  4.337953E+00
      4795 -1.446318E+00  1.330990E+00  3.961919E+00
      4796 -1.692165E+00  1.205152E+00  3.741760E+00
      4797 -2.021382E+00  1.203503E+00  3.807541E+00
      4798 -1.014380E+00  9.922627E-01  2.521910E+00
      4799 -1.046580E+00  1.310835E+00  3.470973E+00
      4800 -5.446537E-01  2.416833E+00  5.998946E+00
      4801 -8.195838E-01  4.944059E+00  1.076916E+01
      5051  4.209785E-01  1.408286E+01 -2.792472E+01
      5070 -1.806944E-01  2.776038E+01  6.105154E+01
      5082 -5.192045E+00 -7.999068E-01  1.773591E+00
      5083 -2.033521E+01  2.802079E+00  3.480498E+01
      5084 -5.073661E+00  2.229469E+00  1.104630E+01
      5085  9.361051E+00 -1.587434E+00  3.818069E+00
      5086 -4.065181E-01 -1.048240E+00  8.418158E-01
      5087  2.206258E+01  2.305522E+00  4.295873E+01
      5088  6.901474E+00  9.358830E-01  1.334271E+01
      5089 -7.024488E+00  9.543907E-01 -1.422302E+01
      5119 -3.735745E-01  1.261564E+01 -2.502084E+01
      5138  1.859575E-01  2.506559E+01  5.513488E+01
      5150 -8.628787E+00 -1.473255E+00  3.647596E+00
      5151  2.294067E-01 -9.287599E-01  8.975885E-01
      5152 -2.015568E+01  2.048844E+00  3.924030E+01
      5153 -6.413069E+00  8.353483E-01  1.240760E+01
      5154  6.134688E+00  8.373040E-01 -1.247136E+01
      5155  4.528094E+00 -7.110964E-01  1.473373E+00
      5156  1.814137E+01  2.555603E+00  3.106137E+01
      5157  4.536909E+00  2.028812E+00  9.839911E+00
     25126  8.382226E+00  1.248705E+00 -3.704608E+01
     25127  7.855204E+00 -5.499361E+00 -2.691815E+01
     25128 -7.299377E-02 -1.159033E+00 -5.165970E+00
     25129  2.346991E-01 -3.299230E+00 -4.533823E+00
     25130  6.517600E+00 -1.405965E+00 -2.088511E+01
     25131  5.965134E+00 -4.077556E+00 -1.671007E+01
     25132  4.730824E+00 -1.877481E+00 -1.308698E+01
     25133  3.799241E+00 -2.653530E+00 -7.243881E+00
     25134  3.847432E+00 -1.730270E+00 -9.091824E+00
     25135  4.578726E+00 -3.555044E+00 -1.186147E+01
     25136  2.516206E+00 -2.409811E+00 -4.842146E+00
     25137  3.178470E+00 -5.893608E-01 -5.928681E+00
     25138  2.287644E+00 -1.722196E+00 -5.144744E+00
     25139  1.727404E+00 -2.421706E+00 -3.391906E+00
     25140  1.848847E+00 -1.401153E+00 -4.137579E+00
     25141  2.276272E+00 -2.703877E+00 -5.041354E+00
     25142  1.439139E+00 -1.332208E+00 -3.855192E+00
     25143  1.166879E+00 -1.205210E+00 -3.787026E+00
     25144  1.402092E+00 -2.404645E+00 -3.720259E+00
     25145  9.536498E-01 -1.200591E+00 -3.936745E+00
     25146  1.128747E+00 -2.375251E+00 -3.776873E+00
     25147  8.492828E-01 -1.686884E+00 -4.494551E+00
     25148  8.690917E-01 -2.838230E+00 -3.873687E+00
     25149  8.704243E-01 -2.724587E+00 -4.709676E+00
     25150  7.580885E-01 -1.706816E+00 -4.650845E+00
     25151  8.602499E-01 -2.837863E+00 -4.552565E+00
     25152  7.803496E-01 -1.220659E+00 -4.453893E+00
     25153  3.988505E-01 -1.260215E+00 -4.355471E+00
     25154  5.810628E-01 -2.769395E+00 -4.341889E+00
     25155  6.678035E-01 -2.272000E+00 -4.182645E+00
     25156  5.850282E-01 -1.749708E+00 -4.802205E+00
     25157  3.853340E-01 -8.989496E-01 -4.404768E+00
     25158  6.539627E-01 -2.528582E+00 -4.526168E+00
     25159  1.338882E-01 -2.758906E+00 -4.643920E+00
     25160  2.830210E-01 -2.306575E+00 -5.306609E+00
     25161  2.584097E-01 -1.648455E+00 -4.772062E+00
     25162  2.067268E-01 -2.814943E+00 -4.124079E+00
     25163  4.161296E-01 -3.343684E+00 -5.588197E+00
     25164  1.091224E-01 -1.487473E+00 -4.840610E+00
     25165  7.713949E-02 -1.452153E+00 -5.096398E+00
     25166  1.190891E-01 -2.736425E+00 -4.757489E+00
     26050  3.070656E-02 -1.295455E+00 -5.084657E+00
     26051 -2.895561E-01 -3.266490E+00 -4.433801E+00
     26052 -7.809730E+00  1.578442E+00 -3.353078E+01
     26053 -7.363790E+00 -5.136611E+00 -2.342733E+01
     26054 -8.250420E-02 -1.338054E+00 -5.027587E+00
     26055 -1.704571E-01 -2.693385E+00 -4.752636E+00
     26056 -1.813491E-01 -1.366290E+00 -4.774614E+00
     26057 -1.894722E-01 -2.601759E+00 -4.547144E+00
     26058 -2.273011E-01 -1.663874E+00 -4.971408E+00
     26059 -2.760428E-01 -2.918220E+00 -5.388392E+00
     26060 -2.921631E-01 -2.490088E+00 -3.989353E+00
     26061 -4.058967E-01 -1.099019E+00 -4.650698E+00
     26062 -5.950395E-01 -7.863811E-01 -4.389301E+00
     26063 -6.175646E-01 -3.017158E+00 -4.048801E+00
     26064 -5.764220E-01 -1.907361E+00 -4.992049E+00
     26065 -8.689416E-01 -2.699704E+00 -5.159944E+00
     26066 -6.905786E-01 -1.685386E+00 -4.539012E+00
     26067 -8.161579E-01 -1.748067E+00 -4.520792E+00
     26068 -8.223142E-01 -2.945251E+00 -4.457264E+00
     26069 -8.415751E-01 -1.783844E+00 -4.667636E+00
     26070 -9.507394E-01 -3.041688E+00 -4.502622E+00
     26071 -9.667228E-01 -8.492697E-01 -4.013693E+00
     26072 -7.707547E-01 -2.699379E+00 -3.193963E+00
     26073 -8.057817E-01 -2.554379E+00 -4.789430E+00
     26074 -1.205628E+00 -1.028715E+00 -3.816177E+00
     26075 -1.422733E+00 -2.489092E+00 -3.945833E+00
     26076 -1.256572E+00 -1.972630E+00 -4.335261E+00
     26077 -1.420731E+00 -1.366708E+00 -3.760656E+00
     26078 -1.659958E+00 -2.217888E+00 -3.223064E+00
     26079 -1.309748E+00 -2.788861E+00 -4.487857E+00
     26080 -1.847784E+00 -1.078534E+00 -3.804096E+00
     26081 -2.204787E+00 -2.217591E+00 -4.059066E+00
     26082 -2.341792E+00 -1.082191E+00 -4.478997E+00
     26083 -2.729358E+00 -2.472104E+00 -5.021518E+00
     26084 -2.976932E+00 -1.352899E+00 -5.838994E+00
     26085 -3.582730E+00 -1.483916E+00 -8.053361E+00
     26086 -4.217179E+00 -3.085693E+00 -8.938748E+00
     26087 -3.468676E+00 -2.677373E+00 -7.482395E+00
     26088 -4.690456E+00 -1.437842E+00 -1.203967E+01
     26089 -5.594795E+00 -3.706613E+00 -1.471697E+01
     26090 -6.199307E+00 -1.236250E+00 -1.906457E+01
     28447  3.772253E-01 -8.545307E-02 -5.084893E-03
     28448  1.738244E-01  1.451653E+00  2.407253E+00
     28449 -1.334120E+00  2.006874E+00  4.229042E-01
     28450 -7.956727E-01  3.107116E+00  1.054212E-01
     28451 -2.411679E+00 -1.384178E+01  6.743387E+01
     28452 -1.792884E+00 -1.468977E+01  6.249566E+01
     28453  1.164713E+00 -8.239207E+00  5.081967E+01
     28454 -5.007922E-01  2.636059E+00 -1.365487E+01
     28455 -1.564817E+00  1.734474E+00 -8.375886E+00
     28456 -4.086341E+00 -1.145861E+00 -8.799433E+00
     28457  1.489779E+00  1.514585E+00 -1.280972E+01
     28458 -5.435062E+00 -9.876221E+00  4.788879E+01
     28459 -8.006826E-01 -3.033696E+00  2.786303E+00
     28460 -1.951124E+00 -4.682931E+00  9.551976E+00
     28461 -1.492276E+00 -2.208260E+00 -6.162807E+00
     28462 -1.292451E+00 -3.394467E+00 -4.868164E+00
     28463  3.673747E-01 -5.849326E+00  2.188503E+01
     28464 -3.614464E+00 -8.624069E+00  2.864998E+01
     28465 -2.885323E+00 -4.459607E+00  1.275614E+01
     28466 -1.061372E+00 -4.361389E+00  2.464216E+00
     28467 -2.915627E+00 -7.128840E+00  1.563747E+01
     28468 -2.087346E+00 -7.381214E+00  3.866546E+01
     28469  1.005602E+00 -7.155204E+00  2.381993E+01
     31178 -3.733950E-01 -8.860691E-02  4.931185E-04
     31179 -1.094941E-01  1.256042E+00  2.128191E+00
     31180  1.237300E+00  1.952103E+00  4.451463E-01
     31181  7.099982E-01  2.847152E+00  9.406529E-02
     31182  1.564902E+00  1.428319E+00 -7.187547E+00
     31183  5.558934E-01  2.399781E+00 -1.260058E+01
     31184 -1.371418E+00  1.484936E+00 -1.178705E+01
     31185  1.807912E+00 -1.350725E+01  5.684477E+01
     31186  2.383036E+00 -1.270172E+01  6.186611E+01
     31187  5.150931E+00 -9.122103E+00  4.349053E+01
     31188  3.965474E+00 -1.222042E+00 -7.454410E+00
     31189 -8.073042E-01 -7.351482E+00  4.685643E+01
     31190  1.269362E+00 -3.119035E+00 -4.616948E+00
     31191  1.056167E+00 -3.988292E+00  2.025260E+00
     31192  1.494592E+00 -2.034691E+00 -5.380095E+00
     31193  8.219106E-01 -2.786680E+00  3.042194E+00
     31194  2.785768E+00 -6.574201E+00  1.403058E+01
     31195 -7.295251E-01 -6.517591E+00  2.154040E+01
     31196  2.941188E+00 -4.136147E+00  1.188955E+01
     31197  1.869898E+00 -4.342225E+00  9.178879E+00
     31198 -1.972666E-01 -5.337809E+00  2.050247E+01
     31199  2.185468E+00 -6.757264E+00  3.547777E+01
     31200  3.395745E+00 -8.144930E+00  2.651001E+01
     33490 -2.839217E-01  6.744453E-01 -1.028948E-01
     33491  2.784703E-01  6.421573E-01 -1.408839E-01
     33492  8.225314E-02  1.913153E-01  1.566815E-01
     33493 -1.429445E-01  1.838828E-01  2.144778E-01
     33494  7.616229E-02  8.690928E-02  1.270867E-01
     33495 -6.562874E-02  7.955512E-02  1.071979E-01
     33496 -2.734316E-02  5.314018E-02  6.515786E-02
     33497  2.119636E-02  5.846782E-02  7.309041E-02
     33498  6.004537E+00  1.132688E+00 -1.330739E+01
     33499  3.503476E+00  5.468874E-01  3.616217E+00
     33500  4.394108E+00 -2.668043E-01 -9.523522E+00
     33501 -1.941427E-01 -4.862905E-01  3.119682E+00
     33502  2.595999E-01 -5.621521E-01  3.211144E+00
     33503 -3.313123E-01 -5.458410E-01  3.229525E+00
     33504  1.197612E-01 -4.478538E-01  3.121689E+00
     33505 -3.339406E+00  5.507854E-01  3.162802E+00
     33506 -5.571495E+00  1.089785E+00 -1.210035E+01
     33507 -4.232360E+00 -1.980678E-01 -8.521301E+00
     33508  2.704389E+00 -1.681785E-01  7.949865E+00
     33509 -2.730986E+00  7.280185E-03  7.261225E+00
     33510  3.962859E+00 -1.908326E+00 -4.850920E+00
     33511  4.289149E+00 -1.588604E+00 -6.096745E+00
     33512  2.886707E+00 -5.069462E+00  1.780044E-01
     33513  2.125312E+00 -1.412682E+00  4.785438E+00
     33514  3.508482E+00 -1.590138E+00 -2.880069E+00
     33515  3.653349E+00 -1.572004E+00 -3.622487E+00
     33516  1.743848E+00 -2.291619E+00  2.382317E-01
     33517  2.205422E+00 -5.261342E-01  5.156428E+00
     33518  2.417859E+00 -9.900624E-01  3.022131E+00
     33519  3.011104E+00 -1.211609E+00 -1.596496E+00
     33520  3.134725E+00 -1.237127E+00 -2.173568E+00
     33521  1.715893E+00 -1.221660E+00  5.067144E-01
     33522  2.701200E+00 -3.824158E-01  3.265807E+00
     33523  2.398080E+00 -6.791075E-01  2.397714E+00
     33524  4.523436E+00 -1.041239E+00  1.571600E+00
     33525  2.827998E+00 -9.845474E-01  5.434522E-01
     33526  2.560239E+00 -9.215053E-02  2.777590E+00
     33527  3.786159E+00 -1.008624E+00  2.077294E+00
     33528  3.260804E+00 -6.364955E-01  2.367927E+00
     33529  3.246223E+00 -7.701279E-01  2.449199E+00
     33530  2.935426E+00 -5.385333E-01  2.427096E+00
     33531  2.710979E+00 -5.223649E-01  2.746124E+00
     33532  2.373131E+00 -2.951457E-01  2.763760E+00
     33533  1.921432E+00 -1.769236E-01  2.980692E+00
     33534  2.321866E+00 -4.184723E-01  2.909117E+00
     33535  2.028978E+00 -4.257296E-01  3.114244E+00
     33536  1.609203E+00 -1.760461E-01  3.104230E+00
     33537  1.853017E+00 -6.538356E-01  3.196739E+00
     33538  1.303239E+00 -3.458433E-01  3.222276E+00
     33539  1.639609E+00 -6.341790E-01  3.215718E+00
     33540  1.099129E+00 -3.718736E-01  3.398680E+00
     33541  1.497921E+00 -5.418031E-01  3.227606E+00
     33542  9.778422E-01 -3.560181E-01  3.360976E+00
     33543  1.292679E+00 -9.312579E-01  3.432031E+00
     33544  8.198522E-01 -5.170162E-01  3.409657E+00
     33545  1.244620E+00 -7.775226E-01  3.330364E+00
     33546  6.766503E-01 -9.332779E-01  3.591221E+00
     33547  9.461596E-01 -4.247046E-01  3.395276E+00
     33548  5.221554E-01 -3.148931E-01  3.464610E+00
     33549  8.518718E-01 -8.585626E-01  3.299815E+00
     33550  2.579562E-01 -6.734329E-01  3.332061E+00
     33551  6.658185E-01 -6.516835E-01  3.224199E+00
     33552  8.650768E-02 -6.135842E-01  3.425198E+00
     33553  4.943899E-01 -5.302807E-01  3.108946E+00
     33554 -4.490299E-02 -4.848752E-01  3.229218E+00
     33555  3.323228E-01 -4.605650E-01  3.099314E+00
     33556 -1.237933E-01 -4.399065E-01  3.164105E+00
     33557 -4.011324E-01 -4.437225E-01  3.115501E+00
     33558  6.992895E-02 -3.849797E-01  3.177113E+00
     33559 -5.480707E-01 -4.875424E-01  3.156177E+00
     33560 -2.992411E-02 -4.312069E-01  3.257165E+00
     33561 -1.858415E-01 -4.107992E-01  3.271889E+00
     33562 -7.025170E-01 -5.289511E-01  3.221890E+00
     33563 -9.057026E-01 -4.154577E-01  3.286362E+00
     33564 -3.855810E-01 -4.453369E-01  3.334966E+00
     33565 -9.960705E-01 -4.257832E-01  3.475149E+00
     33566 -6.649919E-01 -3.421458E-01  3.623820E+00
     33567 -1.356455E+00 -6.814498E-01  3.343903E+00
     33568 -7.608021E-01 -5.367462E-01  3.427008E+00
     33569 -1.520437E+00 -6.904336E-01  3.314772E+00
     33570 -9.338938E-01 -4.576117E-01  3.375657E+00
     33571 -1.688973E+00 -7.117036E-01  3.235117E+00
     33572 -1.097175E+00 -4.807597E-01  3.353023E+00
     33573 -1.839697E+00 -7.319417E-01  3.165678E+00
     33574 -1.289074E+00 -3.861247E-01  3.160560E+00
     33575 -1.969566E+00 -3.413388E-01  3.075936E+00
     33576 -1.568137E+00 -1.890611E-01  3.087167E+00
     33577 -2.165732E+00 -4.182000E-01  2.910811E+00
     33578 -1.776464E+00 -2.898562E-01  3.110098E+00
     33579 -2.478641E+00 -8.243016E-01  2.816824E+00
     33580 -1.994605E+00 -4.859828E-01  2.854866E+00
     33581 -2.442348E+00 -3.315401E-01  2.530158E+00
     33582 -2.782705E+00 -6.495007E-01  2.646548E+00
     33583 -2.985100E+00 -4.213247E-01  2.139968E+00
     33584 -3.252399E+00 -6.102181E-01  2.253515E+00
     33585 -3.224376E+00 -5.000271E-01  2.271759E+00
     33586 -3.710286E+00 -8.332651E-01  1.913961E+00
     33587 -3.058803E+00 -1.213697E+00  1.444398E-01
     33588 -4.434523E+00 -1.230390E+00  1.286239E+00
     33589 -3.018876E+00 -1.028389E+00 -1.961350E+00
     33590 -2.756941E+00 -1.058713E+00 -1.507294E+00
     33591 -2.242395E+00 -2.174034E-01  2.428047E+00
     33592 -3.440301E+00 -1.545522E+00 -3.420561E+00
     33593 -3.381830E+00 -1.433664E+00 -2.622546E+00
     33594 -1.676252E+00 -1.110257E+00  4.792688E-01
     33595 -2.568644E+00 -3.024418E-01  2.993496E+00
     33596 -2.233818E+00 -5.535822E-01  2.201571E+00
     33597 -3.899729E+00 -1.289966E+00 -5.253799E+00
     33598 -3.571300E+00 -1.819065E+00 -4.598392E+00
     33599 -2.438829E+00 -2.911668E+00  3.574326E-01
     33600 -2.057618E+00 -6.246129E-01  4.486067E+00
     33601 -2.352884E+00 -1.036370E+00  2.604965E+00
     33602 -2.220364E+00 -3.373971E+00 -6.506250E-01
     33603 -1.829018E+00 -1.069719E+00  4.691069E+00
     34248  3.389869E-01 -3.892843E-01  3.161783E-01
     34249 -1.104949E-01  8.922752E-01  5.411050E-01
     34250  2.241838E+00  1.740588E+00 -1.417234E+00
     34251  9.864540E-01  1.797434E-02 -8.672312E-01
     34252  1.714280E+00  2.490450E+00 -1.143828E+01
     34253  9.810831E-01  1.249988E+00 -2.565254E+01
     34254  1.020379E+00  2.724858E+00 -2.398633E+00
     34255  1.070781E+00  2.136618E+00 -8.828907E+00
     34256  1.012425E+00  1.318471E+00 -7.660963E+00
     34257 -1.092387E-01  2.066025E+00 -3.066432E+01
     34258 -1.871995E+00  5.234204E+00  2.522918E+01
     34259 -3.543932E+00  5.688553E+00  1.101115E+01
     34260  1.858061E-01  4.124826E+00  3.256274E+00
     34261 -5.890905E-01  4.812418E+00 -4.641592E+00
     34262  2.079593E+00  3.058389E+00  1.231309E+01
     34263 -1.894549E+00  2.271755E+00 -1.361990E+01
     34264  3.862034E-01  6.722093E+00  7.286636E+01
     34265 -9.967518E-02  7.621062E+00  6.523422E+01
     34266 -3.460055E+00  4.714135E+00  4.616621E+01
     34267  3.253780E+00  6.031349E+00  5.405788E+01
     34268 -2.268496E+00  7.847847E+00  3.415042E+01
     34269 -2.528149E+00  6.180688E+00  2.551731E+01
     34546 -3.106868E-01 -3.471352E-01  2.842341E-01
     34547  8.134363E-02  8.031885E-01  4.782388E-01
     34548 -2.043825E+00  1.588181E+00 -1.274813E+00
     34549 -9.716910E-01  2.051776E-02 -8.283649E-01
     34550 -8.961874E-01  1.108061E+00 -2.300938E+01
     34551 -1.543118E+00  2.242805E+00 -1.027505E+01
     34552 -9.842713E-01  1.934155E+00 -7.912023E+00
     34553 -9.400980E-01  2.453723E+00 -2.094694E+00
     34554 -9.316756E-01  1.194017E+00 -6.793684E+00
     34555  9.884467E-02  1.828278E+00 -2.732894E+01
     34556 -1.595056E-01  3.697735E+00  3.147275E+00
     34557  5.561176E-01  4.303483E+00 -4.022012E+00
     34558 -1.845253E+00  2.739307E+00  1.145880E+01
     34559  3.284416E+00  5.180477E+00  9.925192E+00
     34560  1.728346E+00  4.766550E+00  2.269293E+01
     34561  1.708647E+00  2.008206E+00 -1.196485E+01
     34562  1.911617E-01  6.881987E+00  5.873606E+01
     34563 -2.855739E-01  6.061556E+00  6.608753E+01
     34564 -2.890146E+00  5.439409E+00  4.916767E+01
     34565  3.194901E+00  4.222047E+00  4.145027E+01
     34566  2.356402E+00  5.565475E+00  2.332983E+01
     34567  2.226225E+00  7.097210E+00  3.087072E+01

 total force (fx,fy,fz) for set FEET and time  0.4000000E+01

        3.707163E-09  3.000000E+02  1.200000E+03

                        S T E P       5


                                INCREMENT     1


 displacements (vx,vy,vz) for set TOP and time  0.5000000E+01

     18600 -3.277660E-02  7.080314E-01 -6.375298E-01
     18645 -1.824990E-02  9.117775E-01 -7.813775E-01
     19082  1.216987E-04  9.952873E-01 -8.455959E-01
     22510  1.489792E-02  9.627756E-01 -8.185248E-01
     23699  3.162387E-02  6.857223E-01 -6.125607E-01

 forces (fx,fy,fz) for set FEET and time  0.5000000E+01

       199  1.800568E-01 -1.090276E-01  4.957871E-01
       203 -3.012609E-01 -4.790183E-01  4.650424E+00
       204 -5.302638E-03 -2.807595E-02  4.570825E-01
       208 -1.205519E-02 -1.239295E+00 -5.580417E-01
       209 -1.795240E-01 -4.529858E-01  7.082667E-01
       213  3.403863E-02 -1.989875E-01  3.649272E+00
       242  3.054062E+01  1.828948E+01  3.399589E+01
       243  1.947525E-01 -2.997021E-01  1.143298E+00
       244  1.010536E+00  1.816986E+00  4.152253E-01
       245 -2.868045E+01  1.284835E+01  2.747571E+01
       269 -1.009490E+00  1.782250E+00  3.505509E-01
       270  2.622058E+01  1.144478E+01  2.496291E+01
       273 -2.402232E-01 -3.702154E-01  1.080980E+00
       274 -2.835449E+01  1.710678E+01  3.166991E+01
       282 -6.687458E-01 -1.723401E+00 -4.166705E+00
       284  5.769526E-01 -1.552873E+00 -3.748156E+00
       290  4.781004E-01  1.366023E-01  1.426728E+00
       293  4.460346E+00 -1.835866E+00 -4.781851E+00
       294 -7.263816E+00 -5.237054E+00 -9.286728E+00
       301 -4.225157E-01  1.159072E-01  1.298240E+00
       302  6.444157E+00 -4.648206E+00 -8.320002E+00
       303 -3.909193E+00 -1.560950E+00 -4.194528E+00
      2640 -1.997970E+00 -1.882910E+00 -5.581455E+00
      2656  5.588577E-02  1.377763E+00  5.327872E-01
      2665 -8.423467E-01  6.417051E-01 -1.721062E+00
      2666 -8.794117E-02  1.032335E+00  3.318459E-01
      2667 -5.522857E-02  8.717973E-01  8.405362E-01
      2668 -2.955116E-02  5.517201E-01  7.793828E-01
      2669  5.388089E-02  6.420892E-01  1.482088E+00
      2670 -7.965880E-02 -1.054455E-02  1.016351E+00
      2671  2.777008E-02 -7.381210E-03  1.323733E+00
      2672 -1.626068E-02 -5.990176E-02  9.815599E-01
      2673 -7.363449E-03 -2.852643E-02  8.467331E-01
      2674  9.982467E-03 -3.349271E-02  6.054644E-01
      2675 -1.187949E-02  2.734121E-02  8.788645E-01
      2676  1.766932E-02 -2.697189E-03  6.239695E-01
      2677 -4.683766E-02 -7.102717E-01  5.316951E-01
      2678  5.714305E-02  3.207213E-02  9.153162E-01
      2679  4.450066E-02 -5.963317E-02  5.454020E-01
      2680  5.057530E-02  1.439609E-02  5.992722E-01
      2681 -3.457847E-02 -2.372393E-02  4.780321E-01
      2682 -1.838899E-02  2.822156E-02  6.467788E-01
      2683 -1.335031E-02  5.561697E-04  4.664242E-01
      2684 -5.228871E-02 -3.978333E-01  7.997384E-01
      2685 -1.077894E+00 -4.173676E+00 -8.300036E+00
      2686  2.276437E+00 -1.019706E+00 -1.158230E+01
      2687  4.166177E+00 -1.989229E-01 -9.472033E+00
      2688  4.307970E+00  6.056710E-02 -5.088762E+00
      2689  5.223127E+00 -6.935459E-01 -3.838680E+00
      2690  4.041221E+00  6.728389E-01 -1.195904E+00
      2691  2.853296E+00  8.649133E-01  4.352087E-01
      2692  2.060902E+00  8.117992E-01  9.703512E-01
      2693  1.515979E+00  6.967284E-01  1.004425E+00
      2694  1.195063E+00  6.560946E-01  7.602703E-01
      2695  1.034860E+00  9.610893E-01  4.902182E-01
      2696  9.445094E-01  8.509886E-01  1.979348E-01
      2697  8.901785E-01  5.907542E-01 -2.915011E-02
      2698  1.009375E+00  5.849983E-01 -5.680164E-02
      2699  6.930440E-01  6.532821E-01  7.702290E-03
      2700  5.929999E-01  2.926030E-01 -1.305475E-01
      2701  4.161600E-01  9.783314E-01 -5.588428E-03
      2702  1.952537E-01  6.667537E-01 -3.352127E-01
      2703  6.378304E-02  5.277204E-01 -5.865337E-01
      2704  2.940485E-03  3.750044E-01 -8.832938E-01
      2705  4.004250E-02  3.170007E-01 -1.016202E+00
      2829 -1.205033E+00  1.986843E+00 -8.963001E-01
      2830 -5.629850E-02  1.721499E+00 -1.900834E+00
      2831  5.666068E-02 -9.195321E-01 -9.981023E-01
      2832  8.749975E-02 -7.436914E-01 -4.921348E-01
      2833  4.924031E-02 -1.678274E+00 -1.488114E-01
      2834  1.137853E-01 -3.437712E+00 -3.983446E-01
      2835  1.786884E-02 -2.736869E+00  1.562274E-01
      2836 -1.073581E-02 -2.426558E+00 -1.509597E-01
      2837 -3.476648E-02 -2.066904E+00 -1.848110E-01
      2838 -4.940283E-02 -2.239622E+00 -4.309893E-01
      2839  1.369380E-02 -2.315881E+00 -8.689716E-02
      2840  1.424213E-02 -1.920705E+00 -2.989901E-01
      2841  9.046603E-02 -7.032915E-01 -3.980028E-02
      2842 -1.042079E-01 -3.450705E+00 -2.343272E-02
      2843 -4.236014E-02 -1.219663E+00 -2.872674E-01
      2844 -8.815388E-02 -1.572670E+00 -3.035178E-01
      2845  7.214244E-02 -2.476738E+00 -4.209403E-01
      2846 -6.191680E-03 -1.556632E+00 -1.785864E-01
      2847  1.972036E-03 -1.400890E+00 -3.635955E-01
      2848  2.346549E-01 -1.210063E+00 -7.130222E-01
      2849 -1.903241E+00  2.432799E+00 -2.680416E+00
      2850  1.531074E+00  4.642180E+00 -9.437176E+00
      2851  2.701356E+00  2.651018E+00 -7.780473E+00
      2852  3.030710E+00 -1.511637E-01 -5.029085E+00
      2853  2.106083E+00 -3.961776E-02 -1.286323E+00
      2854  1.477700E+00 -2.249602E+00  8.991080E-02
      2855  1.173314E+00 -2.291092E+00  1.014947E+00
      2856  7.997663E-01 -2.052930E+00  1.400956E+00
      2857  5.691292E-01 -1.642803E+00  1.335840E+00
      2858  3.995715E-01 -1.440950E+00  1.078558E+00
      2859  3.602193E-01 -1.963577E+00  6.079765E-01
      2860  4.028596E-01 -1.682102E+00  3.332399E-01
      2861  3.475909E-01 -9.928244E-01  3.647196E-01
      2862  2.421676E-01 -6.180941E-01  2.434904E-01
      2863  4.449029E-01 -1.102064E+00  2.059241E-01
      2864  2.369669E-01 -6.393654E-01  4.665920E-01
      2865  8.341833E-02 -2.058328E+00 -1.326269E-01
      2866  1.047888E-01 -1.216247E+00  5.726192E-02
      2867  4.585642E-02 -9.847932E-01 -8.128886E-02
      2868 -2.287881E-02 -6.740567E-01 -1.923304E-01
      2869  3.478234E-03 -4.571145E-01 -3.083654E-01
      2877  1.895004E+00 -1.534133E+00 -5.048941E+00
      2886  6.834338E-02 -4.119757E-01  7.419341E-01
      2887  2.845383E-02 -1.241242E-02  4.222681E-01
      2888  2.632820E-02 -1.933479E-02  3.675294E-01
      2889 -1.949562E-02 -2.426056E-02  4.403121E-01
      2890 -3.106906E-02  6.465981E-02  6.918440E-01
      2891 -1.034365E-02 -3.751900E-02  4.408918E-01
      2892 -3.492134E-02  3.770893E-02  6.936450E-01
      2893 -1.347101E-02 -7.075722E-03  5.681790E-01
      2894 -1.860345E-03  8.141849E-03  6.316085E-01
      2895 -4.699902E-02 -4.677543E-02  4.322101E-01
      2896 -5.474826E-02 -3.782581E-01  1.124082E+00
      2897  2.081727E-02 -4.616639E-02  8.790779E-01
      2898 -1.163478E-02 -4.297436E-02  7.211581E-01
      2899 -5.356948E-02  1.105742E-03  1.123327E+00
      2900  7.640250E-03  2.447600E-02  9.859632E-01
      2901  1.410067E-03  5.180200E-01  1.110671E+00
      2902  5.201792E-02  3.790899E-01  3.980442E-01
      2903 -8.246143E-02  8.087248E-01  4.799896E-01
      2904  1.567720E-01  9.362268E-01 -7.582625E-01
      2905  1.650195E+00  3.929765E-01 -9.382838E-03
      2906  5.063210E-02  3.406444E-01 -8.836173E-01
      2907  9.591371E-02  4.615359E-01 -8.621787E-01
      2908  2.907607E-02  4.305452E-01 -6.815598E-01
      2909 -1.045290E-01  5.670198E-01 -3.453790E-01
      2910 -2.099844E-01  4.113098E-01 -7.790550E-02
      2911 -5.453725E-01  1.954180E-01 -3.628917E-02
      2912 -6.896047E-01  8.046119E-01  1.867544E-01
      2913 -9.057616E-01  7.381735E-01  1.238357E-01
      2914 -1.041350E+00  7.955291E-01  1.615849E-01
      2915 -1.204609E+00  9.269557E-01  2.772213E-01
      2916 -1.286401E+00  3.657515E-01  2.698323E-01
      2917 -1.413738E+00  4.278518E-01  3.356499E-01
      2918 -1.673985E+00  1.242891E+00  7.290971E-01
      2919 -2.189713E+00  8.043935E-01  5.152550E-01
      2920 -2.853559E+00  5.129487E-01 -2.225720E-02
      2921 -3.854531E+00  3.485662E-01 -1.234573E+00
      2922 -4.886987E+00 -1.173947E-02 -3.530402E+00
      2923 -4.083509E+00  4.681523E-02 -5.282559E+00
      2924 -4.084341E+00 -4.254286E-01 -8.203262E+00
      2925 -2.788963E+00 -1.002149E+00 -1.068990E+01
      2926  3.971803E-01 -3.699295E+00 -8.735949E+00
      3050 -2.458027E-01 -1.126817E+00 -5.812913E-01
      3051 -1.785651E-02 -1.262258E+00 -3.739072E-01
      3052 -3.401953E-02 -1.579316E+00 -4.287493E-01
      3053  1.679614E-02 -1.186859E+00 -2.973686E-01
      3054 -4.979179E-02 -1.419456E+00 -3.780243E-01
      3055  1.352526E-02 -1.305090E+00 -4.344287E-01
      3056  2.382468E-02 -2.013406E+00 -7.412788E-02
      3057 -1.275285E-02 -1.808180E+00 -2.249739E-01
      3058 -7.208814E-02 -2.330864E+00 -1.980297E-01
      3059  6.190152E-02 -1.541613E+00 -4.764840E-01
      3060  3.725642E-01 -1.533094E+00 -2.622458E-01
      3061 -1.015594E-01 -2.234994E+00 -1.876581E-01
      3062  3.633841E-02 -3.224046E+00 -4.033334E-01
      3063  1.447906E-02 -2.217958E+00  6.599357E-02
      3064 -1.048204E-02 -2.150322E+00 -1.431650E-01
      3065 -8.722811E-02 -2.115407E+00 -1.271368E-01
      3066 -1.743614E-02 -1.510103E+00 -6.833831E-01
      3067 -1.725816E-01  2.947069E-01 -1.165283E+00
      3068 -6.817001E-03  1.737802E+00 -1.582650E+00
      3069  8.061819E-01  2.122721E+00 -8.015871E-01
      3070  5.316124E-02 -5.379819E-01 -4.020474E-01
      3071  1.007524E-01 -6.034240E-01 -2.807164E-01
      3072  1.780339E-02 -7.448602E-01 -6.326847E-02
      3073  2.893852E-02 -1.084938E+00 -3.739683E-02
      3074 -4.201183E-02 -5.851316E-01  3.015473E-01
      3075 -1.796952E-01 -6.288837E-01  3.790651E-01
      3076 -4.257506E-01 -1.502380E+00  1.268393E-01
      3077 -3.596487E-01 -1.362669E+00  2.487577E-01
      3078 -4.428418E-01 -1.483989E+00  2.503878E-01
      3079 -3.644057E-01 -1.738902E+00  2.137503E-01
      3080 -4.707324E-01 -6.853320E-01  7.339117E-01
      3081 -5.876750E-01 -8.796467E-01  9.008569E-01
      3082 -7.526193E-01 -2.834889E+00  5.426109E-01
      3083 -7.672255E-01 -1.933300E+00  9.646827E-01
      3084 -1.098883E+00 -1.503007E+00  8.527478E-01
      3085 -1.621758E+00 -1.510392E+00  7.084200E-02
      3086 -2.175451E+00 -1.035123E+00 -1.694143E+00
      3087 -2.536382E+00  6.220531E-01 -3.886831E+00
      3088 -2.600604E+00  2.622453E+00 -7.558117E+00
      3089 -1.462080E+00  3.922902E+00 -8.775028E+00
      3090  1.781397E+00  1.813306E+00 -1.951801E+00
      3568  6.608225E+00 -2.314201E+00  5.784960E+00
      3569  1.347366E+01 -1.525720E+00  6.786989E+00
      3570  2.551089E+01  4.658611E-01  1.151783E+01
      3571  1.057302E+00 -2.036928E+00  2.253346E-01
      3572  1.043416E+01 -6.023942E+00  1.997411E+01
      3573  2.571661E+01 -7.639696E+00  4.574606E+01
      3574  5.078897E+01 -8.513008E+00  7.839765E+01
      3675 -1.622707E+00  6.151220E-01 -1.864885E+00
      3676 -5.166701E+00  3.500673E+01  1.332768E+02
      3677  2.204473E+00 -2.529528E+00 -5.207507E+00
      3678 -5.246068E-01 -4.231630E-01 -4.059199E+00
      3679 -1.279240E+01  3.107341E-01  5.633372E-01
      3680  6.203633E+00  9.187872E-01 -1.262264E+01
      3681  8.205699E-01 -5.265587E+00 -1.342985E+00
      3682 -1.190129E+01 -7.934733E+00  2.224962E+01
      3683 -3.762844E+01 -1.029461E+01  6.200626E+01
      4175 -2.099838E+00 -2.575946E+00 -5.286438E+00
      4176 -2.129054E-01 -3.733257E-01 -4.528069E+00
      4177  1.109767E+01  2.248918E-01 -2.099508E-01
      4178 -6.169447E+00  1.111341E+00 -1.226716E+01
      4179 -1.377784E+00 -4.775562E+00 -2.421532E+00
      4180  1.020013E+01 -7.298789E+00  1.912998E+01
      4181  3.398656E+01 -9.554607E+00  5.606167E+01
      4287  1.689465E+00  5.812531E-01 -1.764085E+00
      4288  5.322998E+00  3.221947E+01  1.228495E+02
      4289 -6.859534E+00 -2.105672E+00  5.768930E+00
      4290 -1.313436E+01 -1.475746E+00  6.803742E+00
      4291 -2.425952E+01  5.338288E-01  1.131223E+01
      4292 -1.472395E+00 -2.107676E+00  7.893719E-01
      4293 -1.019098E+01 -5.580534E+00  1.953493E+01
      4294 -2.441141E+01 -7.031854E+00  4.344025E+01
      4295 -4.738379E+01 -7.631866E+00  7.310508E+01
      4716  1.008478E+00 -6.511744E+00 -8.622536E+00
      4719 -1.014486E+00 -5.860526E+00 -7.820011E+00
      4721  1.746690E+00  6.066544E-01 -2.500096E+00
      4722  2.175178E-01 -5.278527E-02 -2.470719E-01
      4723  1.233002E-01 -6.731878E-01 -8.978932E-01
      4724 -1.350288E-01 -1.413271E+00 -1.616474E+00
      4725  5.541215E-02 -1.582061E+00 -2.093964E+00
      4726  2.402831E-02 -1.092132E+00 -2.091973E+00
      4727  2.024039E-02 -9.888033E-01 -1.949294E+00
      4728  3.661759E-02 -8.643116E-01 -1.724381E+00
      4729  1.035613E-02 -7.593097E-01 -1.507094E+00
      4730  1.196724E-02 -6.811366E-01 -1.340708E+00
      4731  9.008317E-03 -6.246385E-01 -1.201341E+00
      4732 -5.922276E-03 -5.730904E-01 -1.074041E+00
      4733 -1.301724E-02 -6.052822E-01 -1.069431E+00
      4734 -2.807587E-02 -5.823240E-01 -1.081532E+00
      4735 -1.586790E-02 -5.676532E-01 -1.051241E+00
      4736 -5.088817E-03 -5.577015E-01 -1.075438E+00
      4737  1.339366E-03 -5.375302E-01 -1.014246E+00
      4738  2.519186E-03 -5.075861E-01 -9.676179E-01
      4739 -3.014856E-03 -5.004492E-01 -9.377942E-01
      4740  3.852693E-03 -5.104191E-01 -9.226431E-01
      4741 -9.469548E-04 -5.026417E-01 -9.134398E-01
      4742  2.310958E-03 -4.729120E-01 -8.887345E-01
      4743  5.259703E-04 -4.827679E-01 -9.147952E-01
      4744  2.717801E-03 -4.885229E-01 -9.445911E-01
      4745  1.112078E-02 -4.857689E-01 -9.230024E-01
      4746  1.490195E-02 -5.487576E-01 -1.001828E+00
      4747  1.009315E-02 -5.068771E-01 -9.632692E-01
      4748  8.036993E-03 -5.063620E-01 -9.471210E-01
      4749  1.352406E-03 -5.296585E-01 -9.937812E-01
      4750 -1.559542E-03 -5.625389E-01 -1.078571E+00
      4751 -4.580603E-03 -6.134155E-01 -1.170717E+00
      4752 -9.701768E-03 -7.084739E-01 -1.362429E+00
      4753 -2.900515E-02 -8.048808E-01 -1.571264E+00
      4754 -1.121388E-02 -8.997471E-01 -1.735193E+00
      4755 -1.680756E-02 -9.604152E-01 -1.851248E+00
      4756 -2.588257E-02 -1.443315E+00 -1.888927E+00
      4757 -2.647498E-02 -5.919598E-01 -1.535792E+00
      4758 -8.298180E-02 -5.950471E-01 -8.268205E-01
      4759 -3.020532E-01  9.630771E-01 -7.501120E-01
      4760 -1.201817E+00 -8.749976E-01 -1.678815E+00
      4761  2.846662E+00 -6.325476E+00 -1.192671E+01
      4762  1.657115E+00 -1.894044E+00 -3.368433E+00
      4763  1.285102E+00 -1.516229E+00 -2.689828E+00
      4764  1.303853E+00 -1.823077E+00 -3.561553E+00
      4765  2.528350E+00 -2.935224E+00 -6.746450E+00
      4766  2.139635E+00 -2.514362E+00 -6.350573E+00
      4767  1.714680E+00 -2.154081E+00 -5.706549E+00
      4768  1.345754E+00 -1.871107E+00 -5.064197E+00
      4769  1.059488E+00 -1.625556E+00 -4.453014E+00
      4770  8.765097E-01 -1.485452E+00 -4.097223E+00
      4771  7.507013E-01 -1.367098E+00 -3.820712E+00
      4772  6.951788E-01 -1.268829E+00 -3.542892E+00
      4773  6.044566E-01 -1.187364E+00 -3.378847E+00
      4774  5.552036E-01 -1.064598E+00 -3.400529E+00
      4775  4.613094E-01 -1.219125E+00 -3.396154E+00
      4776  3.669656E-01 -1.217719E+00 -3.375571E+00
      4777  2.338506E-01 -1.207106E+00 -3.407153E+00
      4778  1.377761E-01 -1.249702E+00 -3.355862E+00
      4779  5.923793E-02 -1.274823E+00 -3.350925E+00
      4780  2.831897E-02 -1.311551E+00 -3.379897E+00
      4781  3.522231E-02 -1.279641E+00 -3.418553E+00
      4782  5.618622E-02 -1.292014E+00 -3.311211E+00
      4783  9.854005E-03 -1.240630E+00 -3.234570E+00
      4784 -4.956161E-02 -1.190737E+00 -3.172636E+00
      4785 -1.466607E-01 -1.144743E+00 -3.067311E+00
      4786 -3.233170E-01 -1.080132E+00 -3.051930E+00
      4787 -3.602319E-01 -1.049092E+00 -3.034810E+00
      4788 -5.214051E-01 -1.041572E+00 -2.967965E+00
      4789 -6.596135E-01 -1.062349E+00 -3.012018E+00
      4790 -7.732029E-01 -1.114412E+00 -3.179700E+00
      4791 -8.961572E-01 -1.233658E+00 -3.365462E+00
      4792 -1.023670E+00 -1.355597E+00 -3.715114E+00
      4793 -1.153502E+00 -1.478273E+00 -4.213702E+00
      4794 -1.399577E+00 -1.740681E+00 -4.738882E+00
      4795 -1.715247E+00 -2.026764E+00 -5.229856E+00
      4796 -2.112477E+00 -2.367434E+00 -5.816580E+00
      4797 -2.407517E+00 -2.690769E+00 -6.215263E+00
      4798 -1.275454E+00 -1.692834E+00 -3.205724E+00
      4799 -1.243868E+00 -1.401139E+00 -2.471789E+00
      4800 -1.586203E+00 -1.734147E+00 -2.932315E+00
      4801 -2.687473E+00 -5.605199E+00 -1.080071E+01
      5051 -9.097463E-01 -2.488868E+00  3.451844E+00
      5070 -2.818131E-02 -1.544424E+01 -3.110496E+01
      5082  6.730767E-01 -4.740337E-01  9.124665E-01
      5083  4.301323E+00 -5.906062E+00 -7.281943E+00
      5084  3.188929E+00 -5.641119E+00 -6.469172E+00
      5085 -6.236241E+00  1.387320E+00 -4.112455E+00
      5086 -3.956754E+00  7.409914E-01 -2.243100E+00
      5087 -1.249332E+01 -4.168738E+00 -2.372854E+01
      5088 -6.827036E+00 -4.545389E+00 -1.334432E+01
      5089 -4.004344E+00 -2.772998E+00 -7.174569E+00
      5119  7.880087E-01 -2.179115E+00  2.984665E+00
      5138  5.915012E-02 -1.370284E+01 -2.756159E+01
      5150  5.526009E+00  1.270783E+00 -3.669536E+00
      5151  3.508540E+00  6.416900E-01 -1.920838E+00
      5152  1.110441E+01 -3.711904E+00 -2.106492E+01
      5153  5.980944E+00 -4.092030E+00 -1.178736E+01
      5154  3.520428E+00 -2.472050E+00 -6.326015E+00
      5155 -5.328317E-01 -4.069938E-01  8.305429E-01
      5156 -3.620098E+00 -5.357563E+00 -6.128288E+00
      5157 -2.830710E+00 -5.084219E+00 -5.735513E+00
     25126 -1.966638E+00 -3.049569E+00 -8.604038E+00
     25127  4.829845E-01 -3.052377E-01 -1.219882E+01
     25128  4.964867E-02  6.252466E-01  5.660401E-01
     25129 -1.223987E-01  1.741315E+00  2.799286E-01
     25130  2.524400E+00 -2.216961E-01 -1.412774E+01
     25131  3.716488E+00  5.827222E-01 -1.273757E+01
     25132  4.723949E+00  4.746151E-01 -1.102361E+01
     25133  4.172579E+00  1.681603E+00 -3.166568E+00
     25134  4.595139E+00  1.482128E+00 -5.251065E+00
     25135  5.092412E+00  1.791128E+00 -8.065708E+00
     25136  3.687746E+00  1.898736E+00 -1.150543E-01
     25137  3.797889E+00  3.638188E-01 -1.676948E+00
     25138  2.923486E+00  1.482381E+00  1.882640E+00
     25139  1.753963E+00  2.229915E+00  2.579628E+00
     25140  2.035178E+00  1.319372E+00  2.877390E+00
     25141  2.540239E+00  2.604345E+00  2.891864E+00
     25142  1.423487E+00  1.117952E+00  3.241787E+00
     25143  1.040478E+00  9.524802E-01  2.983223E+00
     25144  1.262159E+00  2.087235E+00  3.101758E+00
     25145  8.299434E-01  8.877266E-01  2.529430E+00
     25146  9.556381E-01  1.872761E+00  2.743954E+00
     25147  6.903141E-01  1.185426E+00  2.312415E+00
     25148  6.752062E-01  1.856950E+00  1.644642E+00
     25149  8.541045E-01  1.960826E+00  2.749343E+00
     25150  6.587209E-01  1.101856E+00  1.838769E+00
     25151  6.407608E-01  1.740182E+00  1.627962E+00
     25152  5.961120E-01  7.445276E-01  1.406903E+00
     25153  7.585791E-01  7.377551E-01  1.207913E+00
     25154  6.628201E-01  1.544285E+00  1.302487E+00
     25155  7.236364E-01  1.299189E+00  1.079652E+00
     25156  5.091084E-01  1.014270E+00  1.477084E+00
     25157  4.712524E-01  4.809403E-01  1.214211E+00
     25158  4.476104E-01  1.374748E+00  1.313380E+00
     25159  5.480667E-01  1.490822E+00  1.334967E+00
     25160  2.961810E-01  1.316125E+00  1.669819E+00
     25161  1.268507E-01  9.085184E-01  1.126232E+00
     25162  6.751865E-02  1.483833E+00  7.159591E-01
     25163  1.450367E-01  1.858137E+00  1.654586E+00
     25164  3.591652E-02  8.244587E-01  8.671199E-01
     25165 -3.051016E-02  8.191863E-01  7.250123E-01
     25166 -1.101967E-02  1.445982E+00  6.743375E-01
     26050 -2.074383E-02  6.918769E-01  4.770395E-01
     26051  1.803490E-01  1.695320E+00  1.398465E-01
     26052  1.793765E+00 -2.454804E+00 -7.842775E+00
     26053 -9.205540E-01 -2.974952E-01 -1.181023E+01
     26054  4.741236E-02  7.094169E-01  5.816275E-01
     26055  8.091379E-02  1.369840E+00  5.452817E-01
     26056  3.534108E-02  7.012742E-01  6.891931E-01
     26057 -2.035397E-01  1.280912E+00  1.004884E+00
     26058 -6.545558E-02  8.681784E-01  1.099334E+00
     26059  2.977717E-02  1.496022E+00  1.088958E+00
     26060 -3.800249E-01  1.203154E+00  9.817840E-01
     26061 -1.738965E-01  5.658802E-01  1.168349E+00
     26062 -2.995261E-01  3.896630E-01  1.180637E+00
     26063 -6.315089E-01  1.527015E+00  1.220311E+00
     26064 -4.968772E-01  9.850724E-01  1.612088E+00
     26065 -3.013934E-01  1.358138E+00  1.601133E+00
     26066 -6.419526E-01  8.930903E-01  1.438257E+00
     26067 -7.264010E-01  9.732126E-01  1.535106E+00
     26068 -7.138306E-01  1.552538E+00  1.448837E+00
     26069 -8.472625E-01  1.076944E+00  1.830093E+00
     26070 -7.936954E-01  1.711598E+00  1.615322E+00
     26071 -9.324893E-01  5.317719E-01  1.709935E+00
     26072 -1.317893E+00  1.810570E+00  1.407727E+00
     26073 -1.040148E+00  1.530662E+00  1.981439E+00
     26074 -9.273579E-01  7.332370E-01  1.985800E+00
     26075 -9.724230E-01  1.864401E+00  2.292520E+00
     26076 -1.139891E+00  1.548349E+00  2.837113E+00
     26077 -1.524093E+00  1.122795E+00  2.601853E+00
     26078 -1.855165E+00  1.942607E+00  1.964632E+00
     26079 -1.493893E+00  2.296222E+00  3.105979E+00
     26080 -2.033977E+00  9.569396E-01  2.170307E+00
     26081 -2.432128E+00  1.971770E+00  1.749309E+00
     26082 -2.781280E+00  1.007455E+00  1.109272E+00
     26083 -3.293745E+00  2.153032E+00  1.202455E-01
     26084 -3.632064E+00  1.229344E+00 -1.261046E+00
     26085 -4.483650E+00  6.388019E-01 -5.222898E+00
     26086 -4.616818E+00  1.006655E+00 -7.236206E+00
     26087 -4.355044E+00  1.863987E+00 -2.837821E+00
     26088 -4.247049E+00  6.377269E-01 -1.005043E+01
     26089 -3.737756E+00  4.039369E-01 -1.150878E+01
     26090 -2.161006E+00  1.009746E-01 -1.286900E+01
     28447  7.641422E-01 -2.000971E-01 -8.314301E-02
     28448  1.538043E-01  2.590829E+00  3.899773E+00
     28449 -2.502821E+00  3.334610E+00  1.336750E-01
     28450 -1.186114E+00  5.210078E+00  6.196398E-02
     28451 -5.093138E+00 -2.503266E+01  1.238275E+02
     28452 -4.440641E+00 -2.636621E+01  1.124589E+02
     28453  1.097742E+00 -1.519346E+01  9.643366E+01
     28454 -1.839595E+00 -2.442847E-01 -1.265379E+01
     28455 -2.838947E+00 -2.278124E+00 -1.054407E+00
     28456 -6.861409E+00 -7.219808E+00 -3.838377E+00
     28457  1.422667E+00 -1.208014E+00 -1.201555E+01
     28458 -1.054278E+01 -1.897161E+01  8.819638E+01
     28459 -1.753167E+00 -8.726222E+00  1.693204E+01
     28460 -3.867559E+00 -1.120715E+01  2.803171E+01
     28461 -3.325420E+00 -7.583781E+00  4.739058E-01
     28462 -3.298613E+00 -9.157878E+00  3.066025E-01
     28463 -2.044782E-02 -1.248974E+01  4.856880E+01
     28464 -6.233037E+00 -1.744319E+01  5.907276E+01
     28465 -6.126210E+00 -1.056733E+01  3.154183E+01
     28466 -2.997329E+00 -1.054731E+01  1.248430E+01
     28467 -6.169173E+00 -1.480642E+01  3.436361E+01
     28468 -4.774743E+00 -1.450491E+01  7.509788E+01
     28469  1.206491E-01 -1.427568E+01  4.779148E+01
     31178 -7.849032E-01 -2.103806E-01 -6.496920E-02
     31179 -5.972838E-02  2.243589E+00  3.478614E+00
     31180  2.309022E+00  3.317422E+00  2.665749E-01
     31181  1.013782E+00  4.817428E+00  6.909301E-02
     31182  2.993266E+00 -2.267997E+00 -3.262552E-01
     31183  1.958367E+00 -4.602344E-02 -1.246399E+01
     31184 -1.288445E+00 -6.775009E-01 -1.167655E+01
     31185  4.571373E+00 -2.442572E+01  1.027586E+02
     31186  5.205364E+00 -2.317928E+01  1.145925E+02
     31187  1.018588E+01 -1.767099E+01  8.029713E+01
     31188  6.924072E+00 -6.948734E+00 -2.696085E+00
     31189 -3.873759E-01 -1.352550E+01  8.968832E+01
     31190  3.275533E+00 -8.352110E+00 -6.509506E-01
     31191  2.978239E+00 -9.604622E+00  1.047280E+01
     31192  3.464803E+00 -6.862248E+00  6.459808E-01
     31193  1.910682E+00 -7.931136E+00  1.648783E+01
     31194  5.982828E+00 -1.370138E+01  3.060749E+01
     31195  3.416903E-01 -1.302197E+01  4.310468E+01
     31196  6.485228E+00 -9.766897E+00  2.929698E+01
     31197  3.832648E+00 -1.039195E+01  2.664800E+01
     31198  3.890672E-01 -1.139209E+01  4.570668E+01
     31199  5.091745E+00 -1.334617E+01  6.928418E+01
     31200  6.086058E+00 -1.656824E+01  5.504727E+01
     33490 -1.219207E-01 -4.930188E-01  3.311043E-01
     33491  1.334509E-01 -4.245927E-01  2.598854E-01
     33492 -5.905477E-02 -3.558943E-02  9.311142E-02
     33493  2.711099E-02 -1.296581E-02  8.467360E-02
     33494  2.577197E-02 -2.645372E-02  1.331947E-01
     33495 -1.473997E-02 -2.618850E-02  1.566465E-01
     33496 -3.195952E-02 -7.644329E-02  1.462249E-01
     33497  5.222262E-03 -7.351216E-02  1.389466E-01
     33498  7.027157E-01 -6.450103E+00 -9.462839E+00
     33499  2.707358E+00 -4.251789E+00 -1.124748E+01
     33500  1.414609E+00 -4.230012E+00 -7.966589E+00
     33501  2.479665E-01 -4.363022E-01 -3.213777E+00
     33502 -1.705402E-01 -3.999554E-01 -3.284857E+00
     33503  3.012185E-01 -4.188627E-01 -3.296758E+00
     33504 -1.081963E-01 -4.643317E-01 -3.187357E+00
     33505 -2.625127E+00 -3.894432E+00 -1.018330E+01
     33506 -8.105511E-01 -5.777947E+00 -8.623348E+00
     33507 -1.529043E+00 -3.823318E+00 -7.183018E+00
     33508  3.638545E+00 -4.222403E+00 -1.046452E+01
     33509 -3.586198E+00 -3.919120E+00 -9.365360E+00
     33510  2.530006E+00 -1.888126E+00 -8.057857E+00
     33511  2.115596E+00 -2.708197E+00 -8.019405E+00
     33512  3.128170E+00 -5.385980E+00 -5.015015E+00
     33513  1.642029E+00 -2.236184E+00 -3.847622E+00
     33514  3.396367E+00 -1.319060E+00 -6.558510E+00
     33515  3.588319E+00 -1.527230E+00 -7.116404E+00
     33516  3.019219E+00 -3.248495E+00 -5.245281E+00
     33517  2.936273E+00 -2.521424E+00 -4.984945E+00
     33518  2.242897E+00 -1.877630E+00 -3.602912E+00
     33519  3.390415E+00 -7.572526E-01 -4.540546E+00
     33520  3.718198E+00 -9.375438E-01 -5.168941E+00
     33521  3.046844E+00 -2.373412E+00 -4.503276E+00
     33522  2.606434E+00 -2.089733E+00 -4.578463E+00
     33523  2.458827E+00 -1.429984E+00 -4.085034E+00
     33524  5.422845E+00 -1.602967E+00 -7.135050E+00
     33525  4.382029E+00 -1.625076E+00 -5.727106E+00
     33526  2.514789E+00 -1.678936E+00 -4.846322E+00
     33527  4.365682E+00 -5.312771E-01 -5.491934E+00
     33528  4.993557E+00 -1.300280E+00 -6.586940E+00
     33529  3.056661E+00  1.559483E-02 -4.062927E+00
     33530  4.123835E+00 -5.544340E-01 -5.161144E+00
     33531  2.281805E+00  1.064887E-01 -3.347129E+00
     33532  3.143900E+00 -1.846481E-01 -4.132083E+00
     33533  2.442546E+00 -7.183046E-02 -3.530306E+00
     33534  1.717543E+00  1.212550E-01 -2.921700E+00
     33535  1.344194E+00  1.017375E-01 -2.811686E+00
     33536  1.940215E+00 -3.546389E-02 -3.163576E+00
     33537  1.104242E+00  1.851314E-01 -2.770873E+00
     33538  1.687429E+00  1.398454E-02 -3.053788E+00
     33539  1.014177E+00  1.092033E-01 -2.713480E+00
     33540  1.543202E+00 -4.392524E-02 -3.057582E+00
     33541  9.379279E-01 -1.205103E-02 -2.692930E+00
     33542  1.412835E+00 -1.206831E-01 -2.946115E+00
     33543  8.721313E-01  1.958052E-01 -2.792991E+00
     33544  1.316219E+00 -6.481440E-02 -2.915743E+00
     33545  6.445454E-01  1.095126E-01 -2.703549E+00
     33546  1.176396E+00  2.028947E-01 -2.971855E+00
     33547  5.265888E-01 -1.352845E-01 -2.748788E+00
     33548  9.804188E-01 -1.938360E-01 -2.851175E+00
     33549  2.362348E-01  7.386092E-02 -2.770574E+00
     33550  8.097085E-01 -1.677249E-02 -2.795862E+00
     33551  3.328680E-02 -1.268920E-01 -2.868395E+00
     33552  5.938937E-01 -1.143206E-01 -2.956510E+00
     33553 -1.082153E-01 -2.935650E-01 -2.980598E+00
     33554  4.108960E-01 -2.822168E-01 -2.992606E+00
     33555 -1.512021E-01 -4.129646E-01 -3.132636E+00
     33556  2.891400E-01 -3.968497E-01 -3.122639E+00
     33557  2.860277E-01 -4.334420E-01 -3.108086E+00
     33558 -1.520851E-01 -4.329840E-01 -3.062969E+00
     33559  2.411092E-01 -3.282486E-01 -2.929468E+00
     33560 -2.450401E-01 -3.131249E-01 -2.883315E+00
     33561 -4.020782E-01 -2.213247E-01 -2.668285E+00
     33562  9.359049E-02 -2.026968E-01 -2.725666E+00
     33563 -1.131336E-01 -1.595227E-01 -2.541328E+00
     33564 -6.116790E-01 -1.027007E-01 -2.529236E+00
     33565 -4.231203E-01 -7.874443E-02 -2.494743E+00
     33566 -8.087639E-01 -9.396643E-02 -2.581757E+00
     33567 -5.867872E-01  9.477023E-02 -2.330605E+00
     33568 -1.112174E+00  2.940015E-02 -2.447947E+00
     33569 -8.437012E-01  1.201473E-01 -2.295934E+00
     33570 -1.355126E+00  2.975214E-03 -2.477534E+00
     33571 -1.058667E+00  1.538527E-01 -2.315635E+00
     33572 -1.576343E+00  2.499976E-02 -2.603185E+00
     33573 -1.251009E+00  1.783987E-01 -2.392180E+00
     33574 -1.758216E+00 -2.084807E-02 -2.653088E+00
     33575 -1.458335E+00 -3.912589E-02 -2.505432E+00
     33576 -1.911672E+00 -1.263825E-01 -2.856209E+00
     33577 -1.652977E+00  3.595296E-02 -2.646933E+00
     33578 -2.178007E+00 -2.772808E-02 -3.225114E+00
     33579 -1.894611E+00  3.370685E-01 -2.914658E+00
     33580 -2.632566E+00  4.617907E-02 -3.509079E+00
     33581 -3.192857E+00 -2.776573E-01 -3.967015E+00
     33582 -2.401515E+00  8.586353E-02 -3.316603E+00
     33583 -4.010060E+00 -7.036756E-01 -4.797722E+00
     33584 -3.080991E+00 -2.303043E-01 -3.878612E+00
     33585 -4.767005E+00 -1.338541E+00 -6.253339E+00
     33586 -4.291871E+00 -7.043440E-01 -5.184743E+00
     33587 -4.294644E+00 -2.203241E+00 -4.852516E+00
     33588 -4.806193E+00 -1.191534E+00 -6.174457E+00
     33589 -3.549347E+00 -9.976275E-01 -4.763448E+00
     33590 -3.274109E+00 -7.898835E-01 -4.297753E+00
     33591 -2.497358E+00 -1.544502E+00 -4.391393E+00
     33592 -3.219290E+00 -1.482841E+00 -6.222077E+00
     33593 -3.206655E+00 -1.266231E+00 -6.026857E+00
     33594 -2.852327E+00 -2.163612E+00 -4.075788E+00
     33595 -2.546366E+00 -1.928316E+00 -4.128300E+00
     33596 -2.382471E+00 -1.369732E+00 -3.710936E+00
     33597 -2.467048E+00 -2.385618E+00 -7.835155E+00
     33598 -2.609435E+00 -1.745663E+00 -7.412088E+00
     33599 -3.213625E+00 -4.149926E+00 -4.034954E+00
     33600 -2.816081E+00 -2.243737E+00 -4.497125E+00
     33601 -1.941886E+00 -1.637296E+00 -3.005075E+00
     33602 -2.561195E+00 -3.372128E+00 -5.572494E+00
     33603 -2.040645E+00 -2.192767E+00 -3.866042E+00
     34248  7.113860E-02  2.885783E-01  1.501798E-02
     34249 -2.193495E-01 -1.520927E-01 -5.011738E-03
     34250 -1.502332E+00 -1.240159E+00  8.521632E-01
     34251 -9.442391E-01  8.102688E-01  1.351321E-01
     34252 -3.500289E-01 -2.047344E+00 -2.678547E+00
     34253 -1.151664E+00 -9.778008E-01 -1.062143E+00
     34254  8.599238E-01 -5.545665E+00 -7.634872E+00
     34255  1.854535E-01 -3.797437E+00 -5.109300E+00
     34256 -4.797177E-01 -3.353023E+00 -5.248671E+00
     34257 -9.769330E-01 -1.787733E+00 -4.012238E+00
     34258  2.060891E+00 -1.119101E+01 -1.273387E+01
     34259  3.244797E+00 -1.177908E+01 -1.050083E+01
     34260  1.383826E+00 -7.946040E+00 -1.156139E+01
     34261  1.098954E+00 -5.901397E+00 -7.374894E+00
     34262  1.574254E+00 -9.095064E+00 -1.723912E+01
     34263 -3.311127E-02 -4.747022E+00 -8.722210E+00
     34264 -6.775239E-02 -6.403577E+00 -3.478506E+01
     34265  2.684469E+00 -7.372299E+00 -2.434551E+01
     34266  2.201998E+00 -9.906648E+00 -1.455798E+01
     34267 -4.097202E-01 -9.953311E+00 -2.713523E+01
     34268  3.176774E+00 -1.118176E+01 -1.616860E+01
     34269  1.982485E+00 -1.104228E+01 -1.815080E+01
     34546 -7.610447E-02  2.429983E-01  2.620143E-02
     34547  1.881775E-01 -1.368480E-01 -8.591384E-03
     34548  1.336887E+00 -1.097098E+00  7.461525E-01
     34549  7.762884E-01  7.139206E-01  8.365308E-02
     34550  9.834480E-01 -8.722669E-01 -1.084268E+00
     34551  2.738373E-01 -1.840711E+00 -2.477643E+00
     34552 -2.186772E-01 -3.411548E+00 -4.636364E+00
     34553 -8.273194E-01 -4.974722E+00 -6.872969E+00
     34554  3.906337E-01 -2.998205E+00 -4.723825E+00
     34555  8.630215E-01 -1.593538E+00 -3.652510E+00
     34556 -1.273042E+00 -7.113394E+00 -1.031270E+01
     34557 -9.825767E-01 -5.237735E+00 -6.626934E+00
     34558 -1.415903E+00 -8.147998E+00 -1.531508E+01
     34559 -2.839787E+00 -1.060962E+01 -9.293608E+00
     34560 -1.852902E+00 -1.009519E+01 -1.120708E+01
     34561  2.715395E-02 -4.241970E+00 -7.778899E+00
     34562 -2.419774E+00 -6.591131E+00 -2.136452E+01
     34563  8.439026E-02 -5.684628E+00 -3.075134E+01
     34564  3.579392E-01 -8.928040E+00 -2.396143E+01
     34565 -1.945675E+00 -9.009337E+00 -1.260289E+01
     34566 -1.770744E+00 -9.967945E+00 -1.606443E+01
     34567 -2.861710E+00 -1.005671E+01 -1.421806E+01

 total force (fx,fy,fz) for set FEET and time  0.5000000E+01

        7.524612E-09 -9.192533E+02  7.713451E+02

                        S T E P       6


                                INCREMENT     1


 displacements (vx,vy,vz) for set TOP and time  0.6000000E+01

     18600  3.277660E-02 -7.080314E-01  6.375298E-01
     18645  1.824990E-02 -9.117775E-01  7.813775E-01
     19082 -1.216987E-04 -9.952873E-01  8.455959E-01
     22510 -1.489792E-02 -9.627756E-01  8.185248E-01
     23699 -3.162387E-02 -6.857223E-01  6.125607E-01

 forces (fx,fy,fz) for set FEET and time  0.6000000E+01

       199 -1.800568E-01  1.090276E-01 -4.957871E-01
       203  3.012609E-01  4.790183E-01 -4.650424E+00
       204  5.302638E-03  2.807595E-02 -4.570825E-01
       208  1.205519E-02  1.239295E+00  5.580417E-01
       209  1.795240E-01  4.529858E-01 -7.082667E-01
       213 -3.403863E-02  1.989875E-01 -3.649272E+00
       242 -3.054062E+01 -1.828948E+01 -3.399589E+01
       243 -1.947525E-01  2.997021E-01 -1.143298E+00
       244 -1.010536E+00 -1.816986E+00 -4.152253E-01
       245  2.868045E+01 -1.284835E+01 -2.747571E+01
       269  1.009490E+00 -1.782250E+00 -3.505509E-01
       270 -2.622058E+01 -1.144478E+01 -2.496291E+01
       273  2.402232E-01  3.702154E-01 -1.080980E+00
       274  2.835449E+01 -1.710678E+01 -3.166991E+01
       282  6.687458E-01  1.723401E+00  4.166705E+00
       284 -5.769526E-01  1.552873E+00  3.748156E+00
       290 -4.781004E-01 -1.366023E-01 -1.426728E+00
       293 -4.460346E+00  1.835866E+00  4.781851E+00
       294  7.263816E+00  5.237054E+00  9.286728E+00
       301  4.225157E-01 -1.159072E-01 -1.298240E+00
       302 -6.444157E+00  4.648206E+00  8.320002E+00
       303  3.909193E+00  1.560950E+00  4.194528E+00
      2640  1.997970E+00  1.882910E+00  5.581455E+00
      2656 -5.588577E-02 -1.377763E+00 -5.327872E-01
      2665  8.423467E-01 -6.417051E-01  1.721062E+00
      2666  8.794117E-02 -1.032335E+00 -3.318459E-01
      2667  5.522857E-02 -8.717973E-01 -8.405362E-01
      2668  2.955116E-02 -5.517201E-01 -7.793828E-01
      2669 -5.388089E-02 -6.420892E-01 -1.482088E+00
      2670  7.965880E-02  1.054455E-02 -1.016351E+00
      2671 -2.777008E-02  7.381210E-03 -1.323733E+00
      2672  1.626068E-02  5.990176E-02 -9.815599E-01
      2673  7.363449E-03  2.852643E-02 -8.467331E-01
      2674 -9.982467E-03  3.349271E-02 -6.054644E-01
      2675  1.187949E-02 -2.734121E-02 -8.788645E-01
      2676 -1.766932E-02  2.697189E-03 -6.239695E-01
      2677  4.683766E-02  7.102717E-01 -5.316951E-01
      2678 -5.714305E-02 -3.207213E-02 -9.153162E-01
      2679 -4.450066E-02  5.963317E-02 -5.454020E-01
      2680 -5.057530E-02 -1.439609E-02 -5.992722E-01
      2681  3.457847E-02  2.372393E-02 -4.780321E-01
      2682  1.838899E-02 -2.822156E-02 -6.467788E-01
      2683  1.335031E-02 -5.561697E-04 -4.664242E-01
      2684  5.228871E-02  3.978333E-01 -7.997384E-01
      2685  1.077894E+00  4.173676E+00  8.300036E+00
      2686 -2.276437E+00  1.019706E+00  1.158230E+01
      2687 -4.166177E+00  1.989229E-01  9.472033E+00
      2688 -4.307970E+00 -6.056710E-02  5.088762E+00
      2689 -5.223127E+00  6.935459E-01  3.838680E+00
      2690 -4.041221E+00 -6.728389E-01  1.195904E+00
      2691 -2.853296E+00 -8.649133E-01 -4.352087E-01
      2692 -2.060902E+00 -8.117992E-01 -9.703512E-01
      2693 -1.515979E+00 -6.967284E-01 -1.004425E+00
      2694 -1.195063E+00 -6.560946E-01 -7.602703E-01
      2695 -1.034860E+00 -9.610893E-01 -4.902182E-01
      2696 -9.445094E-01 -8.509886E-01 -1.979348E-01
      2697 -8.901785E-01 -5.907542E-01  2.915011E-02
      2698 -1.009375E+00 -5.849983E-01  5.680164E-02
      2699 -6.930440E-01 -6.532821E-01 -7.702290E-03
      2700 -5.929999E-01 -2.926030E-01  1.305475E-01
      2701 -4.161600E-01 -9.783314E-01  5.588428E-03
      2702 -1.952537E-01 -6.667537E-01  3.352127E-01
      2703 -6.378304E-02 -5.277204E-01  5.865337E-01
      2704 -2.940485E-03 -3.750044E-01  8.832938E-01
      2705 -4.004250E-02 -3.170007E-01  1.016202E+00
      2829  1.205033E+00 -1.986843E+00  8.963001E-01
      2830  5.629850E-02 -1.721499E+00  1.900834E+00
      2831 -5.666068E-02  9.195321E-01  9.981023E-01
      2832 -8.749975E-02  7.436914E-01  4.921348E-01
      2833 -4.924031E-02  1.678274E+00  1.488114E-01
      2834 -1.137853E-01  3.437712E+00  3.983446E-01
      2835 -1.786884E-02  2.736869E+00 -1.562274E-01
      2836  1.073581E-02  2.426558E+00  1.509597E-01
      2837  3.476648E-02  2.066904E+00  1.848110E-01
      2838  4.940283E-02  2.239622E+00  4.309893E-01
      2839 -1.369380E-02  2.315881E+00  8.689716E-02
      2840 -1.424213E-02  1.920705E+00  2.989901E-01
      2841 -9.046603E-02  7.032915E-01  3.980028E-02
      2842  1.042079E-01  3.450705E+00  2.343272E-02
      2843  4.236014E-02  1.219663E+00  2.872674E-01
      2844  8.815388E-02  1.572670E+00  3.035178E-01
      2845 -7.214244E-02  2.476738E+00  4.209403E-01
      2846  6.191680E-03  1.556632E+00  1.785864E-01
      2847 -1.972036E-03  1.400890E+00  3.635955E-01
      2848 -2.346549E-01  1.210063E+00  7.130222E-01
      2849  1.903241E+00 -2.432799E+00  2.680416E+00
      2850 -1.531074E+00 -4.642180E+00  9.437176E+00
      2851 -2.701356E+00 -2.651018E+00  7.780473E+00
      2852 -3.030710E+00  1.511637E-01  5.029085E+00
      2853 -2.106083E+00  3.961776E-02  1.286323E+00
      2854 -1.477700E+00  2.249602E+00 -8.991080E-02
      2855 -1.173314E+00  2.291092E+00 -1.014947E+00
      2856 -7.997663E-01  2.052930E+00 -1.400956E+00
      2857 -5.691292E-01  1.642803E+00 -1.335840E+00
      2858 -3.995715E-01  1.440950E+00 -1.078558E+00
      2859 -3.602193E-01  1.963577E+00 -6.079765E-01
      2860 -4.028596E-01  1.682102E+00 -3.332399E-01
      2861 -3.475909E-01  9.928244E-01 -3.647196E-01
      2862 -2.421676E-01  6.180941E-01 -2.434904E-01
      2863 -4.449029E-01  1.102064E+00 -2.059241E-01
      2864 -2.369669E-01  6.393654E-01 -4.665920E-01
      2865 -8.341833E-02  2.058328E+00  1.326269E-01
      2866 -1.047888E-01  1.216247E+00 -5.726192E-02
      2867 -4.585642E-02  9.847932E-01  8.128886E-02
      2868  2.287881E-02  6.740567E-01  1.923304E-01
      2869 -3.478234E-03  4.571145E-01  3.083654E-01
      2877 -1.895004E+00  1.534133E+00  5.048941E+00
      2886 -6.834338E-02  4.119757E-01 -7.419341E-01
      2887 -2.845383E-02  1.241242E-02 -4.222681E-01
      2888 -2.632820E-02  1.933479E-02 -3.675294E-01
      2889  1.949562E-02  2.426056E-02 -4.403121E-01
      2890  3.106906E-02 -6.465981E-02 -6.918440E-01
      2891  1.034365E-02  3.751900E-02 -4.408918E-01
      2892  3.492134E-02 -3.770893E-02 -6.936450E-01
      2893  1.347101E-02  7.075722E-03 -5.681790E-01
      2894  1.860345E-03 -8.141849E-03 -6.316085E-01
      2895  4.699902E-02  4.677543E-02 -4.322101E-01
      2896  5.474826E-02  3.782581E-01 -1.124082E+00
      2897 -2.081727E-02  4.616639E-02 -8.790779E-01
      2898  1.163478E-02  4.297436E-02 -7.211581E-01
      2899  5.356948E-02 -1.105742E-03 -1.123327E+00
      2900 -7.640250E-03 -2.447600E-02 -9.859632E-01
      2901 -1.410067E-03 -5.180200E-01 -1.110671E+00
      2902 -5.201792E-02 -3.790899E-01 -3.980442E-01
      2903  8.246143E-02 -8.087248E-01 -4.799896E-01
      2904 -1.567720E-01 -9.362268E-01  7.582625E-01
      2905 -1.650195E+00 -3.929765E-01  9.382838E-03
      2906 -5.063210E-02 -3.406444E-01  8.836173E-01
      2907 -9.591371E-02 -4.615359E-01  8.621787E-01
      2908 -2.907607E-02 -4.305452E-01  6.815598E-01
      2909  1.045290E-01 -5.670198E-01  3.453790E-01
      2910  2.099844E-01 -4.113098E-01  7.790550E-02
      2911  5.453725E-01 -1.954180E-01  3.628917E-02
      2912  6.896047E-01 -8.046119E-01 -1.867544E-01
      2913  9.057616E-01 -7.381735E-01 -1.238357E-01
      2914  1.041350E+00 -7.955291E-01 -1.615849E-01
      2915  1.204609E+00 -9.269557E-01 -2.772213E-01
      2916  1.286401E+00 -3.657515E-01 -2.698323E-01
      2917  1.413738E+00 -4.278518E-01 -3.356499E-01
      2918  1.673985E+00 -1.242891E+00 -7.290971E-01
      2919  2.189713E+00 -8.043935E-01 -5.152550E-01
      2920  2.853559E+00 -5.129487E-01  2.225720E-02
      2921  3.854531E+00 -3.485662E-01  1.234573E+00
      2922  4.886987E+00  1.173947E-02  3.530402E+00
      2923  4.083509E+00 -4.681523E-02  5.282559E+00
      2924  4.084341E+00  4.254286E-01  8.203262E+00
      2925  2.788963E+00  1.002149E+00  1.068990E+01
      2926 -3.971803E-01  3.699295E+00  8.735949E+00
      3050  2.458027E-01  1.126817E+00  5.812913E-01
      3051  1.785651E-02  1.262258E+00  3.739072E-01
      3052  3.401953E-02  1.579316E+00  4.287493E-01
      3053 -1.679614E-02  1.186859E+00  2.973686E-01
      3054  4.979179E-02  1.419456E+00  3.780243E-01
      3055 -1.352526E-02  1.305090E+00  4.344287E-01
      3056 -2.382468E-02  2.013406E+00  7.412788E-02
      3057  1.275285E-02  1.808180E+00  2.249739E-01
      3058  7.208814E-02  2.330864E+00  1.980297E-01
      3059 -6.190152E-02  1.541613E+00  4.764840E-01
      3060 -3.725642E-01  1.533094E+00  2.622458E-01
      3061  1.015594E-01  2.234994E+00  1.876581E-01
      3062 -3.633841E-02  3.224046E+00  4.033334E-01
      3063 -1.447906E-02  2.217958E+00 -6.599357E-02
      3064  1.048204E-02  2.150322E+00  1.431650E-01
      3065  8.722811E-02  2.115407E+00  1.271368E-01
      3066  1.743614E-02  1.510103E+00  6.833831E-01
      3067  1.725816E-01 -2.947069E-01  1.165283E+00
      3068  6.817001E-03 -1.737802E+00  1.582650E+00
      3069 -8.061819E-01 -2.122721E+00  8.015871E-01
      3070 -5.316124E-02  5.379819E-01  4.020474E-01
      3071 -1.007524E-01  6.034240E-01  2.807164E-01
      3072 -1.780339E-02  7.448602E-01  6.326847E-02
      3073 -2.893852E-02  1.084938E+00  3.739683E-02
      3074  4.201183E-02  5.851316E-01 -3.015473E-01
      3075  1.796952E-01  6.288837E-01 -3.790651E-01
      3076  4.257506E-01  1.502380E+00 -1.268393E-01
      3077  3.596487E-01  1.362669E+00 -2.487577E-01
      3078  4.428418E-01  1.483989E+00 -2.503878E-01
      3079  3.644057E-01  1.738902E+00 -2.137503E-01
      3080  4.707324E-01  6.853320E-01 -7.339117E-01
      3081  5.876750E-01  8.796467E-01 -9.008569E-01
      3082  7.526193E-01  2.834889E+00 -5.426109E-01
      3083  7.672255E-01  1.933300E+00 -9.646827E-01
      3084  1.098883E+00  1.503007E+00 -8.527478E-01
      3085  1.621758E+00  1.510392E+00 -7.084200E-02
      3086  2.175451E+00  1.035123E+00  1.694143E+00
      3087  2.536382E+00 -6.220531E-01  3.886831E+00
      3088  2.600604E+00 -2.622453E+00  7.558117E+00
      3089  1.462080E+00 -3.922902E+00  8.775028E+00
      3090 -1.781397E+00 -1.813306E+00  1.951801E+00
      3568 -6.608225E+00  2.314201E+00 -5.784960E+00
      3569 -1.347366E+01  1.525720E+00 -6.786989E+00
      3570 -2.551089E+01 -4.658611E-01 -1.151783E+01
      3571 -1.057302E+00  2.036928E+00 -2.253346E-01
      3572 -1.043416E+01  6.023942E+00 -1.997411E+01
      3573 -2.571661E+01  7.639696E+00 -4.574606E+01
      3574 -5.078897E+01  8.513008E+00 -7.839765E+01
      3675  1.622707E+00 -6.151220E-01  1.864885E+00
      3676  5.166701E+00 -3.500673E+01 -1.332768E+02
      3677 -2.204473E+00  2.529528E+00  5.207507E+00
      3678  5.246068E-01  4.231630E-01  4.059199E+00
      3679  1.279240E+01 -3.107341E-01 -5.633372E-01
      3680 -6.203633E+00 -9.187872E-01  1.262264E+01
      3681 -8.205699E-01  5.265587E+00  1.342985E+00
      3682  1.190129E+01  7.934733E+00 -2.224962E+01
      3683  3.762844E+01  1.029461E+01 -6.200626E+01
      4175  2.099838E+00  2.575946E+00  5.286438E+00
      4176  2.129054E-01  3.733257E-01  4.528069E+00
      4177 -1.109767E+01 -2.248918E-01  2.099508E-01
      4178  6.169447E+00 -1.111341E+00  1.226716E+01
      4179  1.377784E+00  4.775562E+00  2.421532E+00
      4180 -1.020013E+01  7.298789E+00 -1.912998E+01
      4181 -3.398656E+01  9.554607E+00 -5.606167E+01
      4287 -1.689465E+00 -5.812531E-01  1.764085E+00
      4288 -5.322998E+00 -3.221947E+01 -1.228495E+02
      4289  6.859534E+00  2.105672E+00 -5.768930E+00
      4290  1.313436E+01  1.475746E+00 -6.803742E+00
      4291  2.425952E+01 -5.338288E-01 -1.131223E+01
      4292  1.472395E+00  2.107676E+00 -7.893719E-01
      4293  1.019098E+01  5.580534E+00 -1.953493E+01
      4294  2.441141E+01  7.031854E+00 -4.344025E+01
      4295  4.738379E+01  7.631866E+00 -7.310508E+01
      4716 -1.008478E+00  6.511744E+00  8.622536E+00
      4719  1.014486E+00  5.860526E+00  7.820011E+00
      4721 -1.746690E+00 -6.066544E-01  2.500096E+00
      4722 -2.175178E-01  5.278527E-02  2.470719E-01
      4723 -1.233002E-01  6.731878E-01  8.978932E-01
      4724  1.350288E-01  1.413271E+00  1.616474E+00
      4725 -5.541215E-02  1.582061E+00  2.093964E+00
      4726 -2.402831E-02  1.092132E+00  2.091973E+00
      4727 -2.024039E-02  9.888033E-01  1.949294E+00
      4728 -3.661759E-02  8.643116E-01  1.724381E+00
      4729 -1.035613E-02  7.593097E-01  1.507094E+00
      4730 -1.196724E-02  6.811366E-01  1.340708E+00
      4731 -9.008317E-03  6.246385E-01  1.201341E+00
      4732  5.922276E-03  5.730904E-01  1.074041E+00
      4733  1.301724E-02  6.052822E-01  1.069431E+00
      4734  2.807587E-02  5.823240E-01  1.081532E+00
      4735  1.586790E-02  5.676532E-01  1.051241E+00
      4736  5.088817E-03  5.577015E-01  1.075438E+00
      4737 -1.339366E-03  5.375302E-01  1.014246E+00
      4738 -2.519186E-03  5.075861E-01  9.676179E-01
      4739  3.014856E-03  5.004492E-01  9.377942E-01
      4740 -3.852693E-03  5.104191E-01  9.226431E-01
      4741  9.469548E-04  5.026417E-01  9.134398E-01
      4742 -2.310958E-03  4.729120E-01  8.887345E-01
      4743 -5.259703E-04  4.827679E-01  9.147952E-01
      4744 -2.717801E-03  4.885229E-01  9.445911E-01
      4745 -1.112078E-02  4.857689E-01  9.230024E-01
      4746 -1.490195E-02  5.487576E-01  1.001828E+00
      4747 -1.009315E-02  5.068771E-01  9.632692E-01
      4748 -8.036993E-03  5.063620E-01  9.471210E-01
      4749 -1.352406E-03  5.296585E-01  9.937812E-01
      4750  1.559542E-03  5.625389E-01  1.078571E+00
      4751  4.580603E-03  6.134155E-01  1.170717E+00
      4752  9.701768E-03  7.084739E-01  1.362429E+00
      4753  2.900515E-02  8.048808E-01  1.571264E+00
      4754  1.121388E-02  8.997471E-01  1.735193E+00
      4755  1.680756E-02  9.604152E-01  1.851248E+00
      4756  2.588257E-02  1.443315E+00  1.888927E+00
      4757  2.647498E-02  5.919598E-01  1.535792E+00
      4758  8.298180E-02  5.950471E-01  8.268205E-01
      4759  3.020532E-01 -9.630771E-01  7.501120E-01
      4760  1.201817E+00  8.749976E-01  1.678815E+00
      4761 -2.846662E+00  6.325476E+00  1.192671E+01
      4762 -1.657115E+00  1.894044E+00  3.368433E+00
      4763 -1.285102E+00  1.516229E+00  2.689828E+00
      4764 -1.303853E+00  1.823077E+00  3.561553E+00
      4765 -2.528350E+00  2.935224E+00  6.746450E+00
      4766 -2.139635E+00  2.514362E+00  6.350573E+00
      4767 -1.714680E+00  2.154081E+00  5.706549E+00
      4768 -1.345754E+00  1.871107E+00  5.064197E+00
      4769 -1.059488E+00  1.625556E+00  4.453014E+00
      4770 -8.765097E-01  1.485452E+00  4.097223E+00
      4771 -7.507013E-01  1.367098E+00  3.820712E+00
      4772 -6.951788E-01  1.268829E+00  3.542892E+00
      4773 -6.044566E-01  1.187364E+00  3.378847E+00
      4774 -5.552036E-01  1.064598E+00  3.400529E+00
      4775 -4.613094E-01  1.219125E+00  3.396154E+00
      4776 -3.669656E-01  1.217719E+00  3.375571E+00
      4777 -2.338506E-01  1.207106E+00  3.407153E+00
      4778 -1.377761E-01  1.249702E+00  3.355862E+00
      4779 -5.923793E-02  1.274823E+00  3.350925E+00
      4780 -2.831897E-02  1.311551E+00  3.379897E+00
      4781 -3.522231E-02  1.279641E+00  3.418553E+00
      4782 -5.618622E-02  1.292014E+00  3.311211E+00
      4783 -9.854005E-03  1.240630E+00  3.234570E+00
      4784  4.956161E-02  1.190737E+00  3.172636E+00
      4785  1.466607E-01  1.144743E+00  3.067311E+00
      4786  3.233170E-01  1.080132E+00  3.051930E+00
      4787  3.602319E-01  1.049092E+00  3.034810E+00
      4788  5.214051E-01  1.041572E+00  2.967965E+00
      4789  6.596135E-01  1.062349E+00  3.012018E+00
      4790  7.732029E-01  1.114412E+00  3.179700E+00
      4791  8.961572E-01  1.233658E+00  3.365462E+00
      4792  1.023670E+00  1.355597E+00  3.715114E+00
      4793  1.153502E+00  1.478273E+00  4.213702E+00
      4794  1.399577E+00  1.740681E+00  4.738882E+00
      4795  1.715247E+00  2.026764E+00  5.229856E+00
      4796  2.112477E+00  2.367434E+00  5.816580E+00
      4797  2.407517E+00  2.690769E+00  6.215263E+00
      4798  1.275454E+00  1.692834E+00  3.205724E+00
      4799  1.243868E+00  1.401139E+00  2.471789E+00
      4800  1.586203E+00  1.734147E+00  2.932315E+00
      4801  2.687473E+00  5.605199E+00  1.080071E+01
      5051  9.097463E-01  2.488868E+00 -3.451844E+00
      5070  2.818131E-02  1.544424E+01  3.110496E+01
      5082 -6.730767E-01  4.740337E-01 -9.124665E-01
      5083 -4.301323E+00  5.906062E+00  7.281943E+00
      5084 -3.188929E+00  5.641119E+00  6.469172E+00
      5085  6.236241E+00 -1.387320E+00  4.112455E+00
      5086  3.956754E+00 -7.409914E-01  2.243100E+00
      5087  1.249332E+01  4.168738E+00  2.372854E+01
      5088  6.827036E+00  4.545389E+00  1.334432E+01
      5089  4.004344E+00  2.772998E+00  7.174569E+00
      5119 -7.880087E-01  2.179115E+00 -2.984665E+00
      5138 -5.915012E-02  1.370284E+01  2.756159E+01
      5150 -5.526009E+00 -1.270783E+00  3.669536E+00
      5151 -3.508540E+00 -6.416900E-01  1.920838E+00
      5152 -1.110441E+01  3.711904E+00  2.106492E+01
      5153 -5.980944E+00  4.092030E+00  1.178736E+01
      5154 -3.520428E+00  2.472050E+00  6.326015E+00
      5155  5.328317E-01  4.069938E-01 -8.305429E-01
      5156  3.620098E+00  5.357563E+00  6.128288E+00
      5157  2.830710E+00  5.084219E+00  5.735513E+00
     25126  1.966638E+00  3.049569E+00  8.604038E+00
     25127 -4.829845E-01  3.052377E-01  1.219882E+01
     25128 -4.964867E-02 -6.252466E-01 -5.660401E-01
     25129  1.223987E-01 -1.741315E+00 -2.799286E-01
     25130 -2.524400E+00  2.216961E-01  1.412774E+01
     25131 -3.716488E+00 -5.827222E-01  1.273757E+01
     25132 -4.723949E+00 -4.746151E-01  1.102361E+01
     25133 -4.172579E+00 -1.681603E+00  3.166568E+00
     25134 -4.595139E+00 -1.482128E+00  5.251065E+00
     25135 -5.092412E+00 -1.791128E+00  8.065708E+00
     25136 -3.687746E+00 -1.898736E+00  1.150543E-01
     25137 -3.797889E+00 -3.638188E-01  1.676948E+00
     25138 -2.923486E+00 -1.482381E+00 -1.882640E+00
     25139 -1.753963E+00 -2.229915E+00 -2.579628E+00
     25140 -2.035178E+00 -1.319372E+00 -2.877390E+00
     25141 -2.540239E+00 -2.604345E+00 -2.891864E+00
     25142 -1.423487E+00 -1.117952E+00 -3.241787E+00
     25143 -1.040478E+00 -9.524802E-01 -2.983223E+00
     25144 -1.262159E+00 -2.087235E+00 -3.101758E+00
     25145 -8.299434E-01 -8.877266E-01 -2.529430E+00
     25146 -9.556381E-01 -1.872761E+00 -2.743954E+00
     25147 -6.903141E-01 -1.185426E+00 -2.312415E+00
     25148 -6.752062E-01 -1.856950E+00 -1.644642E+00
     25149 -8.541045E-01 -1.960826E+00 -2.749343E+00
     25150 -6.587209E-01 -1.101856E+00 -1.838769E+00
     25151 -6.407608E-01 -1.740182E+00 -1.627962E+00
     25152 -5.961120E-01 -7.445276E-01 -1.406903E+00
     25153 -7.585791E-01 -7.377551E-01 -1.207913E+00
     25154 -6.628201E-01 -1.544285E+00 -1.302487E+00
     25155 -7.236364E-01 -1.299189E+00 -1.079652E+00
     25156 -5.091084E-01 -1.014270E+00 -1.477084E+00
     25157 -4.712524E-01 -4.809403E-01 -1.214211E+00
     25158 -4.476104E-01 -1.374748E+00 -1.313380E+00
     25159 -5.480667E-01 -1.490822E+00 -1.334967E+00
     25160 -2.961810E-01 -1.316125E+00 -1.669819E+00
     25161 -1.268507E-01 -9.085184E-01 -1.126232E+00
     25162 -6.751865E-02 -1.483833E+00 -7.159591E-01
     25163 -1.450367E-01 -1.858137E+00 -1.654586E+00
     25164 -3.591652E-02 -8.244587E-01 -8.671199E-01
     25165  3.051016E-02 -8.191863E-01 -7.250123E-01
     25166  1.101967E-02 -1.445982E+00 -6.743375E-01
     26050  2.074383E-02 -6.918769E-01 -4.770395E-01
     26051 -1.803490E-01 -1.695320E+00 -1.398465E-01
     26052 -1.793765E+00  2.454804E+00  7.842775E+00
     26053  9.205540E-01  2.974952E-01  1.181023E+01
     26054 -4.741236E-02 -7.094169E-01 -5.816275E-01
     26055 -8.091379E-02 -1.369840E+00 -5.452817E-01
     26056 -3.534108E-02 -7.012742E-01 -6.891931E-01
     26057  2.035397E-01 -1.280912E+00 -1.004884E+00
     26058  6.545558E-02 -8.681784E-01 -1.099334E+00
     26059 -2.977717E-02 -1.496022E+00 -1.088958E+00
     26060  3.800249E-01 -1.203154E+00 -9.817840E-01
     26061  1.738965E-01 -5.658802E-01 -1.168349E+00
     26062  2.995261E-01 -3.896630E-01 -1.180637E+00
     26063  6.315089E-01 -1.527015E+00 -1.220311E+00
     26064  4.968772E-01 -9.850724E-01 -1.612088E+00
     26065  3.013934E-01 -1.358138E+00 -1.601133E+00
     26066  6.419526E-01 -8.930903E-01 -1.438257E+00
     26067  7.264010E-01 -9.732126E-01 -1.535106E+00
     26068  7.138306E-01 -1.552538E+00 -1.448837E+00
     26069  8.472625E-01 -1.076944E+00 -1.830093E+00
     26070  7.936954E-01 -1.711598E+00 -1.615322E+00
     26071  9.324893E-01 -5.317719E-01 -1.709935E+00
     26072  1.317893E+00 -1.810570E+00 -1.407727E+00
     26073  1.040148E+00 -1.530662E+00 -1.981439E+00
     26074  9.273579E-01 -7.332370E-01 -1.985800E+00
     26075  9.724230E-01 -1.864401E+00 -2.292520E+00
     26076  1.139891E+00 -1.548349E+00 -2.837113E+00
     26077  1.524093E+00 -1.122795E+00 -2.601853E+00
     26078  1.855165E+00 -1.942607E+00 -1.964632E+00
     26079  1.493893E+00 -2.296222E+00 -3.105979E+00
     26080  2.033977E+00 -9.569396E-01 -2.170307E+00
     26081  2.432128E+00 -1.971770E+00 -1.749309E+00
     26082  2.781280E+00 -1.007455E+00 -1.109272E+00
     26083  3.293745E+00 -2.153032E+00 -1.202455E-01
     26084  3.632064E+00 -1.229344E+00  1.261046E+00
     26085  4.483650E+00 -6.388019E-01  5.222898E+00
     26086  4.616818E+00 -1.006655E+00  7.236206E+00
     26087  4.355044E+00 -1.863987E+00  2.837821E+00
     26088  4.247049E+00 -6.377269E-01  1.005043E+01
     26089  3.737756E+00 -4.039369E-01  1.150878E+01
     26090  2.161006E+00 -1.009746E-01  1.286900E+01
     28447 -7.641422E-01  2.000971E-01  8.314301E-02
     28448 -1.538043E-01 -2.590829E+00 -3.899773E+00
     28449  2.502821E+00 -3.334610E+00 -1.336750E-01
     28450  1.186114E+00 -5.210078E+00 -6.196398E-02
     28451  5.093138E+00  2.503266E+01 -1.238275E+02
     28452  4.440641E+00  2.636621E+01 -1.124589E+02
     28453 -1.097742E+00  1.519346E+01 -9.643366E+01
     28454  1.839595E+00  2.442847E-01  1.265379E+01
     28455  2.838947E+00  2.278124E+00  1.054407E+00
     28456  6.861409E+00  7.219808E+00  3.838377E+00
     28457 -1.422667E+00  1.208014E+00  1.201555E+01
     28458  1.054278E+01  1.897161E+01 -8.819638E+01
     28459  1.753167E+00  8.726222E+00 -1.693204E+01
     28460  3.867559E+00  1.120715E+01 -2.803171E+01
     28461  3.325420E+00  7.583781E+00 -4.739058E-01
     28462  3.298613E+00  9.157878E+00 -3.066025E-01
     28463  2.044782E-02  1.248974E+01 -4.856880E+01
     28464  6.233037E+00  1.744319E+01 -5.907276E+01
     28465  6.126210E+00  1.056733E+01 -3.154183E+01
     28466  2.997329E+00  1.054731E+01 -1.248430E+01
     28467  6.169173E+00  1.480642E+01 -3.436361E+01
     28468  4.774743E+00  1.450491E+01 -7.509788E+01
     28469 -1.206491E-01  1.427568E+01 -4.779148E+01
     31178  7.849032E-01  2.103806E-01  6.496920E-02
     31179  5.972838E-02 -2.243589E+00 -3.478614E+00
     31180 -2.309022E+00 -3.317422E+00 -2.665749E-01
     31181 -1.013782E+00 -4.817428E+00 -6.909301E-02
     31182 -2.993266E+00  2.267997E+00  3.262552E-01
     31183 -1.958367E+00  4.602344E-02  1.246399E+01
     31184  1.288445E+00  6.775009E-01  1.167655E+01
     31185 -4.571373E+00  2.442572E+01 -1.027586E+02
     31186 -5.205364E+00  2.317928E+01 -1.145925E+02
     31187 -1.018588E+01  1.767099E+01 -8.029713E+01
     31188 -6.924072E+00  6.948734E+00  2.696085E+00
     31189  3.873759E-01  1.352550E+01 -8.968832E+01
     31190 -3.275533E+00  8.352110E+00  6.509506E-01
     31191 -2.978239E+00  9.604622E+00 -1.047280E+01
     31192 -3.464803E+00  6.862248E+00 -6.459808E-01
     31193 -1.910682E+00  7.931136E+00 -1.648783E+01
     31194 -5.982828E+00  1.370138E+01 -3.060749E+01
     31195 -3.416903E-01  1.302197E+01 -4.310468E+01
     31196 -6.485228E+00  9.766897E+00 -2.929698E+01
     31197 -3.832648E+00  1.039195E+01 -2.664800E+01
     31198 -3.890672E-01  1.139209E+01 -4.570668E+01
     31199 -5.091745E+00  1.334617E+01 -6.928418E+01
     31200 -6.086058E+00  1.656824E+01 -5.504727E+01
     33490  1.219207E-01  4.930188E-01 -3.311043E-01
     33491 -1.334509E-01  4.245927E-01 -2.598854E-01
     33492  5.905477E-02  3.558943E-02 -9.311142E-02
     33493 -2.711099E-02  1.296581E-02 -8.467360E-02
     33494 -2.577197E-02  2.645372E-02 -1.331947E-01
     33495  1.473997E-02  2.618850E-02 -1.566465E-01
     33496  3.195952E-02  7.644329E-02 -1.462249E-01
     33497 -5.222262E-03  7.351216E-02 -1.389466E-01
     33498 -7.027157E-01  6.450103E+00  9.462839E+00
     33499 -2.707358E+00  4.251789E+00  1.124748E+01
     33500 -1.414609E+00  4.230012E+00  7.966589E+00
     33501 -2.479665E-01  4.363022E-01  3.213777E+00
     33502  1.705402E-01  3.999554E-01  3.284857E+00
     33503 -3.012185E-01  4.188627E-01  3.296758E+00
     33504  1.081963E-01  4.643317E-01  3.187357E+00
     33505  2.625127E+00  3.894432E+00  1.018330E+01
     33506  8.105511E-01  5.777947E+00  8.623348E+00
     33507  1.529043E+00  3.823318E+00  7.183018E+00
     33508 -3.638545E+00  4.222403E+00  1.046452E+01
     33509  3.586198E+00  3.919120E+00  9.365360E+00
     33510 -2.530006E+00  1.888126E+00  8.057857E+00
     33511 -2.115596E+00  2.708197E+00  8.019405E+00
     33512 -3.128170E+00  5.385980E+00  5.015015E+00
     33513 -1.642029E+00  2.236184E+00  3.847622E+00
     33514 -3.396367E+00  1.319060E+00  6.558510E+00
     33515 -3.588319E+00  1.527230E+00  7.116404E+00
     33516 -3.019219E+00  3.248495E+00  5.245281E+00
     33517 -2.936273E+00  2.521424E+00  4.984945E+00
     33518 -2.242897E+00  1.877630E+00  3.602912E+00
     33519 -3.390415E+00  7.572526E-01  4.540546E+00
     33520 -3.718198E+00  9.375438E-01  5.168941E+00
     33521 -3.046844E+00  2.373412E+00  4.503276E+00
     33522 -2.606434E+00  2.089733E+00  4.578463E+00
     33523 -2.458827E+00  1.429984E+00  4.085034E+00
     33524 -5.422845E+00  1.602967E+00  7.135050E+00
     33525 -4.382029E+00  1.625076E+00  5.727106E+00
     33526 -2.514789E+00  1.678936E+00  4.846322E+00
     33527 -4.365682E+00  5.312771E-01  5.491934E+00
     33528 -4.993557E+00  1.300280E+00  6.586940E+00
     33529 -3.056661E+00 -1.559483E-02  4.062927E+00
     33530 -4.123835E+00  5.544340E-01  5.161144E+00
     33531 -2.281805E+00 -1.064887E-01  3.347129E+00
     33532 -3.143900E+00  1.846481E-01  4.132083E+00
     33533 -2.442546E+00  7.183046E-02  3.530306E+00
     33534 -1.717543E+00 -1.212550E-01  2.921700E+00
     33535 -1.344194E+00 -1.017375E-01  2.811686E+00
     33536 -1.940215E+00  3.546389E-02  3.163576E+00
     33537 -1.104242E+00 -1.851314E-01  2.770873E+00
     33538 -1.687429E+00 -1.398454E-02  3.053788E+00
     33539 -1.014177E+00 -1.092033E-01  2.713480E+00
     33540 -1.543202E+00  4.392524E-02  3.057582E+00
     33541 -9.379279E-01  1.205103E-02  2.692930E+00
     33542 -1.412835E+00  1.206831E-01  2.946115E+00
     33543 -8.721313E-01 -1.958052E-01  2.792991E+00
     33544 -1.316219E+00  6.481440E-02  2.915743E+00
     33545 -6.445454E-01 -1.095126E-01  2.703549E+00
     33546 -1.176396E+00 -2.028947E-01  2.971855E+00
     33547 -5.265888E-01  1.352845E-01  2.748788E+00
     33548 -9.804188E-01  1.938360E-01  2.851175E+00
     33549 -2.362348E-01 -7.386092E-02  2.770574E+00
     33550 -8.097085E-01  1.677249E-02  2.795862E+00
     33551 -3.328680E-02  1.268920E-01  2.868395E+00
     33552 -5.938937E-01  1.143206E-01  2.956510E+00
     33553  1.082153E-01  2.935650E-01  2.980598E+00
     33554 -4.108960E-01  2.822168E-01  2.992606E+00
     33555  1.512021E-01  4.129646E-01  3.132636E+00
     33556 -2.891400E-01  3.968497E-01  3.122639E+00
     33557 -2.860277E-01  4.334420E-01  3.108086E+00
     33558  1.520851E-01  4.329840E-01  3.062969E+00
     33559 -2.411092E-01  3.282486E-01  2.929468E+00
     33560  2.450401E-01  3.131249E-01  2.883315E+00
     33561  4.020782E-01  2.213247E-01  2.668285E+00
     33562 -9.359049E-02  2.026968E-01  2.725666E+00
     33563  1.131336E-01  1.595227E-01  2.541328E+00
     33564  6.116790E-01  1.027007E-01  2.529236E+00
     33565  4.231203E-01  7.874443E-02  2.494743E+00
     33566  8.087639E-01  9.396643E-02  2.581757E+00
     33567  5.867872E-01 -9.477023E-02  2.330605E+00
     33568  1.112174E+00 -2.940015E-02  2.447947E+00
     33569  8.437012E-01 -1.201473E-01  2.295934E+00
     33570  1.355126E+00 -2.975214E-03  2.477534E+00
     33571  1.058667E+00 -1.538527E-01  2.315635E+00
     33572  1.576343E+00 -2.499976E-02  2.603185E+00
     33573  1.251009E+00 -1.783987E-01  2.392180E+00
     33574  1.758216E+00  2.084807E-02  2.653088E+00
     33575  1.458335E+00  3.912589E-02  2.505432E+00
     33576  1.911672E+00  1.263825E-01  2.856209E+00
     33577  1.652977E+00 -3.595296E-02  2.646933E+00
     33578  2.178007E+00  2.772808E-02  3.225114E+00
     33579  1.894611E+00 -3.370685E-01  2.914658E+00
     33580  2.632566E+00 -4.617907E-02  3.509079E+00
     33581  3.192857E+00  2.776573E-01  3.967015E+00
     33582  2.401515E+00 -8.586353E-02  3.316603E+00
     33583  4.010060E+00  7.036756E-01  4.797722E+00
     33584  3.080991E+00  2.303043E-01  3.878612E+00
     33585  4.767005E+00  1.338541E+00  6.253339E+00
     33586  4.291871E+00  7.043440E-01  5.184743E+00
     33587  4.294644E+00  2.203241E+00  4.852516E+00
     33588  4.806193E+00  1.191534E+00  6.174457E+00
     33589  3.549347E+00  9.976275E-01  4.763448E+00
     33590  3.274109E+00  7.898835E-01  4.297753E+00
     33591  2.497358E+00  1.544502E+00  4.391393E+00
     33592  3.219290E+00  1.482841E+00  6.222077E+00
     33593  3.206655E+00  1.266231E+00  6.026857E+00
     33594  2.852327E+00  2.163612E+00  4.075788E+00
     33595  2.546366E+00  1.928316E+00  4.128300E+00
     33596  2.382471E+00  1.369732E+00  3.710936E+00
     33597  2.467048E+00  2.385618E+00  7.835155E+00
     33598  2.609435E+00  1.745663E+00  7.412088E+00
     33599  3.213625E+00  4.149926E+00  4.034954E+00
     33600  2.816081E+00  2.243737E+00  4.497125E+00
     33601  1.941886E+00  1.637296E+00  3.005075E+00
     33602  2.561195E+00  3.372128E+00  5.572494E+00
     33603  2.040645E+00  2.192767E+00  3.866042E+00
     34248 -7.113860E-02 -2.885783E-01 -1.501798E-02
     34249  2.193495E-01  1.520927E-01  5.011738E-03
     34250  1.502332E+00  1.240159E+00 -8.521632E-01
     34251  9.442391E-01 -8.102688E-01 -1.351321E-01
     34252  3.500289E-01  2.047344E+00  2.678547E+00
     34253  1.151664E+00  9.778008E-01  1.062143E+00
     34254 -8.599238E-01  5.545665E+00  7.634872E+00
     34255 -1.854535E-01  3.797437E+00  5.109300E+00
     34256  4.797177E-01  3.353023E+00  5.248671E+00
     34257  9.769330E-01  1.787733E+00  4.012238E+00
     34258 -2.060891E+00  1.119101E+01  1.273387E+01
     34259 -3.244797E+00  1.177908E+01  1.050083E+01
     34260 -1.383826E+00  7.946040E+00  1.156139E+01
     34261 -1.098954E+00  5.901397E+00  7.374894E+00
     34262 -1.574254E+00  9.095064E+00  1.723912E+01
     34263  3.311127E-02  4.747022E+00  8.722210E+00
     34264  6.775239E-02  6.403577E+00  3.478506E+01
     34265 -2.684469E+00  7.372299E+00  2.434551E+01
     34266 -2.201998E+00  9.906648E+00  1.455798E+01
     34267  4.097202E-01  9.953311E+00  2.713523E+01
     34268 -3.176774E+00  1.118176E+01  1.616860E+01
     34269 -1.982485E+00  1.104228E+01  1.815080E+01
     34546  7.610447E-02 -2.429983E-01 -2.620143E-02
     34547 -1.881775E-01  1.368480E-01  8.591384E-03
     34548 -1.336887E+00  1.097098E+00 -7.461525E-01
     34549 -7.762884E-01 -7.139206E-01 -8.365308E-02
     34550 -9.834480E-01  8.722669E-01  1.084268E+00
     34551 -2.738373E-01  1.840711E+00  2.477643E+00
     34552  2.186772E-01  3.411548E+00  4.636364E+00
     34553  8.273194E-01  4.974722E+00  6.872969E+00
     34554 -3.906337E-01  2.998205E+00  4.723825E+00
     34555 -8.630215E-01  1.593538E+00  3.652510E+00
     34556  1.273042E+00  7.113394E+00  1.031270E+01
     34557  9.825767E-01  5.237735E+00  6.626934E+00
     34558  1.415903E+00  8.147998E+00  1.531508E+01
     34559  2.839787E+00  1.060962E+01  9.293608E+00
     34560  1.852902E+00  1.009519E+01  1.120708E+01
     34561 -2.715395E-02  4.241970E+00  7.778899E+00
     34562  2.419774E+00  6.591131E+00  2.136452E+01
     34563 -8.439026E-02  5.684628E+00  3.075134E+01
     34564 -3.579392E-01  8.928040E+00  2.396143E+01
     34565  1.945675E+00  9.009337E+00  1.260289E+01
     34566  1.770744E+00  9.967945E+00  1.606443E+01
     34567  2.861710E+00  1.005671E+01  1.421806E+01

 total force (fx,fy,fz) for set FEET and time  0.6000000E+01

       -7.524561E-09  9.192533E+02 -7.713451E+02
