
                        S T E P       1


                                INCREMENT     1


 displacements (vx,vy,vz) for set TOP and time  0.1000000E+01

     36367 -1.305633E-02  5.867750E-01 -5.282093E-01
     37135 -1.258690E-03  6.384164E-01 -5.660229E-01
     38585 -2.260261E-02  4.523829E-01 -4.325168E-01
     44994  8.227381E-03  6.209144E-01 -5.525897E-01
     47647  1.910595E-02  4.427652E-01 -4.173411E-01

 forces (fx,fy,fz) for set FEET and time  0.1000000E+01

       199 -1.920465E-01  2.294692E-01 -1.690136E+00
       203  3.205745E-01  4.809351E+00 -4.244008E+00
       204 -4.608160E-03 -1.560754E-02 -8.022281E-01
       208  2.789545E-03  5.099484E-01 -2.569857E-01
       209  1.723510E-01  1.812663E-01 -1.511167E+00
       213 -2.688394E-01  4.412430E+00 -3.862977E+00
       242  1.390600E+01  9.078480E+00  1.927521E+01
       243 -2.318252E-01  9.349694E-02  2.678197E-01
       244  6.494275E-01  1.019991E+00 -4.195800E-01
       245 -1.291761E+01  6.740824E+00  1.583073E+01
       269 -6.064991E-01  9.674724E-01 -4.062173E-01
       270  1.173493E+01  6.023316E+00  1.422890E+01
       273  1.797305E-01  2.917016E-02  2.878665E-01
       274 -1.276546E+01  8.429998E+00  1.782664E+01
       282  6.746312E-02  3.900357E-01  2.050690E+00
       284 -6.910487E-02  3.582266E-01  1.841464E+00
       290 -3.589635E+00  2.795778E+00 -4.278261E+00
       293 -4.322143E+00  4.063751E+00  5.433474E+00
       294  5.585204E+00  4.612285E+00  6.575775E+00
       301  3.205492E+00  2.472090E+00 -3.786262E+00
       302 -5.078945E+00  4.218533E+00  6.014225E+00
       303  3.882642E+00  3.629501E+00  4.842671E+00
      3822  1.395088E+00  1.257363E+00 -1.297512E+01
      3848 -4.232897E-03 -1.412109E-01 -1.191654E+00
      3861  2.342852E-01  7.703542E-01 -2.045711E+00
      3862  3.698522E-01  6.484338E-01 -1.096980E+00
      3863  6.476765E-01  4.484167E-01 -2.267131E+00
      3864  5.346279E-01  2.888250E-01 -1.644555E+00
      3865  4.437504E-01  1.689701E-01 -1.197187E+00
      3866  3.601168E-01  8.703225E-02 -8.755810E-01
      3867  2.898425E-01  2.634763E-02 -6.593335E-01
      3868  2.255759E-01 -7.355726E-03 -5.103580E-01
      3869  1.783121E-01 -3.003791E-02 -4.244947E-01
      3870  1.345320E-01 -3.846226E-02 -3.834861E-01
      3871  1.083271E-01 -4.199640E-02 -3.836596E-01
      3872  8.391127E-02 -3.874371E-02 -3.982113E-01
      3873  6.943038E-02 -3.258466E-02 -4.256360E-01
      3874  5.943521E-02 -2.707402E-02 -4.637685E-01
      3875  5.443731E-02 -1.683358E-02 -4.889891E-01
      3876  5.197262E-02 -1.392723E-02 -5.275999E-01
      3877  4.975703E-02 -8.633732E-03 -5.531635E-01
      3878  5.044507E-02 -5.135330E-03 -5.713068E-01
      3879  5.143657E-02 -3.403348E-03 -5.827055E-01
      3880  4.734046E-02 -2.033614E-03 -5.846141E-01
      3881  4.536879E-02 -3.732228E-03 -5.893909E-01
      3882  4.291631E-02 -5.909449E-03 -5.948304E-01
      3883  3.172349E-02 -5.468386E-03 -5.933227E-01
      3884  2.319029E-02 -4.552344E-03 -5.965114E-01
      3885  1.428665E-02 -2.855502E-03 -6.027586E-01
      3886  6.153019E-03  2.466561E-04 -6.121987E-01
      3887  7.625419E-04  4.731621E-03 -6.236023E-01
      3888 -4.127164E-03  6.911546E-03 -6.403729E-01
      3889 -2.592357E-03  1.095489E-02 -6.451369E-01
      3890 -6.974863E-02  8.048177E-02 -7.578565E-01
      3891  2.825495E+00  5.902601E-01 -1.191972E+01
      3892  2.699267E+00 -3.167110E-01 -7.862579E+00
      3893  3.860954E+00 -9.435461E-01 -8.273257E+00
      3894  3.670624E+00 -8.381742E-01 -6.301828E+00
      3895  3.390481E+00 -6.934356E-01 -4.693082E+00
      3896  3.030613E+00 -5.569014E-01 -3.380904E+00
      3897  2.651475E+00 -4.383109E-01 -2.380365E+00
      3898  2.273425E+00 -3.413427E-01 -1.605911E+00
      3899  1.930713E+00 -2.728521E-01 -1.092340E+00
      3900  1.627183E+00 -2.261762E-01 -7.235351E-01
      3901  1.375166E+00 -1.833414E-01 -5.302348E-01
      3902  1.171431E+00 -1.653903E-01 -4.240974E-01
      3903  1.011148E+00 -1.554367E-01 -4.030819E-01
      3904  8.846051E-01 -1.514696E-01 -4.321696E-01
      3905  7.978701E-01 -1.581092E-01 -4.898922E-01
      3906  7.226166E-01 -1.649240E-01 -5.578454E-01
      3907  6.748847E-01 -1.722082E-01 -6.193896E-01
      3908  6.357363E-01 -1.792318E-01 -6.698881E-01
      3909  6.001219E-01 -1.852203E-01 -7.023651E-01
      3910  5.612920E-01 -1.937156E-01 -7.091670E-01
      3911  5.153683E-01 -1.940353E-01 -7.215599E-01
      3912  4.622958E-01 -1.943133E-01 -7.297632E-01
      3913  4.028934E-01 -2.014175E-01 -7.183134E-01
      3914  3.345362E-01 -2.048257E-01 -7.266711E-01
      3915  2.631056E-01 -2.091064E-01 -7.488860E-01
      3916  1.936346E-01 -2.144334E-01 -7.867784E-01
      3917  1.319556E-01 -2.186584E-01 -8.369752E-01
      3918  7.787477E-02 -2.217044E-01 -8.927948E-01
      3919  4.398181E-02 -2.330518E-01 -9.500989E-01
      3920  2.075048E-02 -2.430535E-01 -9.822975E-01
      3921  3.414602E-02 -2.612909E-01 -1.145427E+00
      4105  2.910954E-01  4.835682E+00 -2.333023E+00
      4106 -7.047019E-02  4.032781E+00 -1.445397E+00
      4107 -5.406973E-02  2.947584E+00 -9.188033E-01
      4108 -5.666926E-02  2.170185E+00 -6.167412E-01
      4109 -5.402910E-02  1.609532E+00 -4.126991E-01
      4110 -7.281430E-02  1.185426E+00 -2.583256E-01
      4111 -5.246066E-02  8.708448E-01 -1.444361E-01
      4112 -4.396407E-02  6.650440E-01 -6.797553E-02
      4113 -3.669654E-02  5.386577E-01 -1.344566E-02
      4114 -3.647814E-02  4.745290E-01  1.614199E-02
      4115 -3.070107E-02  4.487643E-01  2.317858E-02
      4116 -2.564880E-02  4.604646E-01  2.051275E-02
      4117 -2.415282E-02  4.848664E-01  1.222056E-02
      4118 -2.202413E-02  5.223873E-01  3.401556E-03
      4119 -2.159741E-02  5.539978E-01 -7.022878E-03
      4120 -1.838869E-02  5.943604E-01 -1.773075E-02
      4121 -1.590888E-02  6.250619E-01 -2.540205E-02
      4122 -1.468358E-02  6.468894E-01 -3.032430E-02
      4123 -1.667894E-02  6.616543E-01 -3.619205E-02
      4124 -1.254553E-02  6.664044E-01 -3.420379E-02
      4125 -9.047366E-03  6.641408E-01 -2.548558E-02
      4126 -1.205135E-02  6.666580E-01 -2.475331E-02
      4127 -7.405419E-03  6.735765E-01 -2.530446E-02
      4128 -5.578179E-03  6.765395E-01 -2.755643E-02
      4129 -3.542921E-03  6.849967E-01 -3.048123E-02
      4130 -2.317547E-03  6.977547E-01 -3.593922E-02
      4131 -9.557662E-04  7.129582E-01 -4.450017E-02
      4132  8.902757E-04  7.367713E-01 -4.867664E-02
      4133  4.818292E-03  7.661919E-01 -4.892673E-02
      4134 -5.096114E-02  6.568540E-01 -1.540898E-01
      4135  1.468166E+00  7.769549E+00 -1.150698E+01
      4136  1.335669E+00  6.689723E+00 -7.956204E+00
      4137  1.106327E+00  4.802814E+00 -5.522548E+00
      4138  9.871952E-01  3.482033E+00 -4.044530E+00
      4139  8.716967E-01  2.488732E+00 -2.919690E+00
      4140  7.574798E-01  1.806271E+00 -2.080684E+00
      4141  6.366838E-01  1.251002E+00 -1.431629E+00
      4142  5.359802E-01  9.251644E-01 -1.008285E+00
      4143  4.394501E-01  6.364579E-01 -6.984068E-01
      4144  3.576169E-01  4.877127E-01 -5.318181E-01
      4145  2.953364E-01  4.244926E-01 -4.384506E-01
      4146  2.323223E-01  4.036170E-01 -4.263539E-01
      4147  1.938731E-01  4.183180E-01 -4.504249E-01
      4148  1.659110E-01  4.537905E-01 -5.009153E-01
      4149  1.576693E-01  5.077980E-01 -5.583540E-01
      4150  1.341656E-01  5.495265E-01 -6.138382E-01
      4151  1.240766E-01  5.929163E-01 -6.656367E-01
      4152  1.179938E-01  6.252491E-01 -7.055490E-01
      4153  1.116854E-01  6.458720E-01 -7.313692E-01
      4154  1.168665E-01  6.577786E-01 -7.583978E-01
      4155  1.222155E-01  6.585791E-01 -7.541002E-01
      4156  9.864617E-02  6.592254E-01 -7.351468E-01
      4157  7.145611E-02  6.580857E-01 -7.443140E-01
      4158  5.521616E-02  6.593867E-01 -7.492571E-01
      4159  3.881526E-02  6.682576E-01 -7.606865E-01
      4160  2.200772E-02  6.845565E-01 -7.805219E-01
      4161  7.574109E-03  7.056848E-01 -8.104778E-01
      4162 -4.503555E-03  7.294194E-01 -8.445447E-01
      4163  1.262978E-04  7.627236E-01 -8.715712E-01
      4164 -8.402687E-03  7.816530E-01 -8.765314E-01
      4165 -4.236824E-03  6.608019E-01 -9.891759E-01
      4179 -1.292991E+00  1.131177E+00 -1.167285E+01
      4192  1.801916E-02  1.872142E-02 -6.736312E-01
      4193 -5.158716E-03  5.399710E-03 -6.501081E-01
      4194 -2.050147E-03  1.470635E-03 -6.470009E-01
      4195 -9.895652E-03 -1.247875E-03 -6.321455E-01
      4196 -1.549064E-02 -1.070613E-02 -6.309268E-01
      4197 -1.360858E-02 -1.136543E-02 -6.148518E-01
      4198 -2.793211E-02 -1.225706E-02 -6.034280E-01
      4199 -3.340956E-02 -8.887170E-03 -5.826870E-01
      4200 -4.422536E-02 -1.041907E-02 -5.823337E-01
      4201 -5.352806E-02 -1.087238E-02 -5.756245E-01
      4202 -5.949945E-02 -1.079627E-02 -5.705498E-01
      4203 -6.448583E-02 -1.208826E-02 -5.627092E-01
      4204 -6.815928E-02 -1.233404E-02 -5.521177E-01
      4205 -7.084759E-02 -1.304460E-02 -5.377554E-01
      4206 -7.286575E-02 -1.425295E-02 -5.178772E-01
      4207 -7.501445E-02 -1.739803E-02 -4.940153E-01
      4208 -7.874274E-02 -2.086201E-02 -4.648674E-01
      4209 -8.488489E-02 -2.578244E-02 -4.347939E-01
      4210 -9.523768E-02 -2.983916E-02 -4.057780E-01
      4211 -1.151124E-01 -3.199100E-02 -3.838500E-01
      4212 -1.395324E-01 -3.063632E-02 -3.837925E-01
      4213 -1.731807E-01 -2.229389E-02 -4.120096E-01
      4214 -2.219110E-01 -3.872315E-03 -4.787630E-01
      4215 -2.792825E-01  2.936765E-02 -6.037529E-01
      4216 -3.470140E-01  8.110266E-02 -8.019193E-01
      4217 -4.234622E-01  1.572562E-01 -1.090503E+00
      4218 -5.083104E-01  2.670115E-01 -1.493000E+00
      4219 -6.094562E-01  4.170086E-01 -2.054594E+00
      4220 -3.522537E-01  5.968413E-01 -9.869895E-01
      4221 -2.201501E-01  6.988746E-01 -1.864093E+00
      4222 -3.104868E-02 -2.356703E-01 -1.098149E+00
      4223 -3.208354E-02 -2.566185E-01 -9.877260E-01
      4224 -5.645498E-02 -2.476133E-01 -9.649822E-01
      4225 -8.870668E-02 -2.391727E-01 -8.966666E-01
      4226 -1.402270E-01 -2.287811E-01 -8.369011E-01
      4227 -1.947710E-01 -2.199549E-01 -7.723613E-01
      4228 -2.696585E-01 -2.189393E-01 -7.141759E-01
      4229 -3.346539E-01 -2.001702E-01 -6.942880E-01
      4230 -4.163269E-01 -1.943572E-01 -6.565809E-01
      4231 -4.872803E-01 -1.895094E-01 -6.390794E-01
      4232 -5.571762E-01 -1.833007E-01 -6.300559E-01
      4233 -6.222763E-01 -1.817313E-01 -6.255241E-01
      4234 -6.814589E-01 -1.781888E-01 -6.210025E-01
      4235 -7.364906E-01 -1.731726E-01 -6.127842E-01
      4236 -7.883516E-01 -1.670533E-01 -5.966406E-01
      4237 -8.424254E-01 -1.620709E-01 -5.729012E-01
      4238 -9.029272E-01 -1.565696E-01 -5.409570E-01
      4239 -9.805685E-01 -1.534327E-01 -5.103024E-01
      4240 -1.081923E+00 -1.547005E-01 -4.922626E-01
      4241 -1.218780E+00 -1.646095E-01 -5.013092E-01
      4242 -1.397914E+00 -1.790054E-01 -5.856768E-01
      4243 -1.621533E+00 -2.055471E-01 -7.628822E-01
      4244 -1.891752E+00 -2.515316E-01 -1.054825E+00
      4245 -2.207236E+00 -3.150077E-01 -1.521204E+00
      4246 -2.553441E+00 -3.986331E-01 -2.192870E+00
      4247 -2.907009E+00 -5.039940E-01 -3.103122E+00
      4248 -3.234138E+00 -6.273069E-01 -4.277681E+00
      4249 -3.491773E+00 -7.532738E-01 -5.734058E+00
      4250 -3.658858E+00 -8.201382E-01 -7.503272E+00
      4251 -2.538120E+00 -2.722693E-01 -7.124943E+00
      4252 -2.631590E+00  5.737327E-01 -1.076281E+01
      4436 -5.862409E-03  7.295696E-01 -3.604631E-02
      4437  3.926283E-04  7.858246E-01 -2.876418E-02
      4438  7.535403E-03  7.644952E-01 -2.760640E-02
      4439  9.528478E-03  7.482810E-01 -2.630704E-02
      4440  9.928708E-03  7.381999E-01 -1.963085E-02
      4441  1.481362E-02  7.149276E-01 -2.206732E-02
      4442  9.349420E-03  6.915971E-01 -1.064902E-02
      4443  8.081402E-03  6.585344E-01 -1.435340E-02
      4444  1.530442E-02  6.533833E-01 -2.220870E-02
      4445  1.697861E-02  6.466576E-01 -2.007976E-02
      4446  2.163134E-02  6.409214E-01 -2.300631E-02
      4447  2.308181E-02  6.372691E-01 -1.819639E-02
      4448  2.454054E-02  6.259449E-01 -1.891339E-02
      4449  2.555586E-02  6.092380E-01 -1.897467E-02
      4450  2.706311E-02  5.866219E-01 -1.811121E-02
      4451  2.798871E-02  5.598761E-01 -1.365090E-02
      4452  2.873791E-02  5.274064E-01 -9.561688E-03
      4453  3.085964E-02  4.953802E-01 -3.441294E-03
      4454  3.036791E-02  4.703179E-01 -1.127336E-03
      4455  3.592440E-02  4.569085E-01  2.464301E-03
      4456  3.922238E-02  4.631296E-01 -6.187045E-04
      4457  4.183119E-02  5.111548E-01 -2.781795E-02
      4458  4.948095E-02  6.162362E-01 -7.142980E-02
      4459  5.685664E-02  7.879428E-01 -1.402360E-01
      4460  6.570478E-02  1.050651E+00 -2.416410E-01
      4461  7.487217E-02  1.420457E+00 -3.840211E-01
      4462  8.230633E-02  1.916112E+00 -5.794676E-01
      4463  8.875851E-02  2.582765E+00 -8.532850E-01
      4464  7.048759E-02  3.557119E+00 -1.309559E+00
      4465 -2.179652E-01  4.311955E+00 -2.094423E+00
      4466  4.907093E-03  6.736475E-01 -9.761427E-01
      4467  7.513145E-03  7.754686E-01 -8.590233E-01
      4468 -1.411530E-02  8.012959E-01 -8.185437E-01
      4469 -3.944381E-02  7.609251E-01 -8.045195E-01
      4470 -5.068501E-02  7.259359E-01 -7.839391E-01
      4471 -5.446084E-02  7.579035E-01 -7.373642E-01
      4472 -6.319623E-02  6.756860E-01 -7.375065E-01
      4473 -6.754107E-02  6.590768E-01 -7.058383E-01
      4474 -1.088116E-01  6.330851E-01 -7.133583E-01
      4475 -1.254876E-01  6.274650E-01 -7.041897E-01
      4476 -1.389630E-01  6.197871E-01 -7.016163E-01
      4477 -1.527505E-01  6.201182E-01 -6.869211E-01
      4478 -1.655822E-01  6.112036E-01 -6.768113E-01
      4479 -1.763125E-01  5.986224E-01 -6.641306E-01
      4480 -1.853005E-01  5.791872E-01 -6.455259E-01
      4481 -1.946779E-01  5.529725E-01 -6.168534E-01
      4482 -2.057105E-01  5.200909E-01 -5.805804E-01
      4483 -2.205668E-01  4.839848E-01 -5.410573E-01
      4484 -2.423765E-01  4.509690E-01 -5.018746E-01
      4485 -2.640665E-01  4.320008E-01 -4.888607E-01
      4486 -2.966670E-01  4.367077E-01 -4.925956E-01
      4487 -3.613835E-01  4.874370E-01 -5.454917E-01
      4488 -4.416184E-01  6.011643E-01 -6.963749E-01
      4489 -5.271749E-01  8.000489E-01 -9.484352E-01
      4490 -6.244512E-01  1.111640E+00 -1.338336E+00
      4491 -7.304110E-01  1.561873E+00 -1.897717E+00
      4492 -8.394860E-01  2.169691E+00 -2.661955E+00
      4493 -9.474110E-01  2.975117E+00 -3.680483E+00
      4494 -1.049046E+00  4.094949E+00 -5.054208E+00
      4495 -1.233307E+00  6.025636E+00 -7.243951E+00
      4496 -1.358043E+00  7.191717E+00 -1.043494E+01
      5210  8.839416E-01 -8.378359E-01  1.300301E+00
      5211  3.117891E+00 -1.190408E-01  2.682485E+00
      5212  6.224856E+00  7.595038E-02  4.325184E+00
      5213  1.307988E+01 -1.973644E-01  5.583308E+00
      5214 -1.236385E+00 -4.231620E-02 -3.226554E+00
      5215  2.103441E+00 -2.353975E+00  5.053501E+00
      5216  6.336754E+00 -3.639502E+00  1.536301E+01
      5217  1.416151E+01 -4.356763E+00  2.857270E+01
      5218  2.348827E+01 -4.292221E+00  4.792537E+01
      5367 -6.816664E-01  2.055618E+00 -4.110597E+00
      5368 -2.726337E+00  1.990253E+01  8.235917E+01
      5369  3.058886E+00 -1.337689E+00 -1.835287E+00
      5370  8.821464E-01 -6.309129E-01 -6.893334E-01
      5371 -1.657097E+00 -5.033258E-01  6.851704E-01
      5372 -8.486391E+00 -3.332258E-01  2.987855E+00
      5373  3.647660E+00  1.496059E+00 -9.237647E+00
      5374  2.536103E+00 -1.841568E+00 -5.300579E+00
      5375 -2.050210E+00 -3.459484E+00  4.368496E+00
      5376 -9.719625E+00 -4.710096E+00  1.853609E+01
      5377 -1.890012E+01 -5.645914E+00  4.046069E+01
      6109 -2.995548E+00 -1.211492E+00 -1.777594E+00
      6110 -1.050288E+00 -5.756263E-01 -7.782015E-01
      6111  1.258453E+00 -4.566222E-01  4.818799E-01
      6112  7.534100E+00 -3.266643E-01  2.551254E+00
      6113 -3.408929E+00  1.423971E+00 -8.633850E+00
      6114 -2.518202E+00 -1.670224E+00 -5.278004E+00
      6115  1.660479E+00 -3.164311E+00  3.472972E+00
      6116  8.590099E+00 -4.323794E+00  1.637938E+01
      6117  1.708450E+01 -5.219038E+00  3.653932E+01
      6275  6.964299E-01  1.827663E+00 -3.665302E+00
      6276  2.766732E+00  1.817509E+01  7.521935E+01
      6277 -9.871454E-01 -7.586772E-01  1.363602E+00
      6278 -3.049482E+00 -1.016273E-01  2.662808E+00
      6279 -5.921292E+00  7.759787E-02  4.175623E+00
      6280 -1.224026E+01 -1.645081E-01  5.242828E+00
      6281  9.816981E-01 -1.444445E-01 -2.575412E+00
      6282 -2.167198E+00 -2.204996E+00  5.217412E+00
      6283 -6.047924E+00 -3.354447E+00  1.469214E+01
      6284 -1.326262E+01 -3.982900E+00  2.674875E+01
      6285 -2.166388E+01 -3.869511E+00  4.423810E+01
      6912  1.885323E+00  5.829052E-01 -6.420533E+00
      6917 -1.769020E+00  5.694561E-01 -5.757958E+00
      6919 -4.201778E-02  2.239487E+00  3.105888E+00
      6920 -4.165812E-01  1.783532E+00  3.407336E+00
      6921 -2.549530E-01  1.206835E+00  2.307887E+00
      6922 -1.069418E-01  8.220436E-01  1.587161E+00
      6923 -2.277920E-02  5.703325E-01  1.117469E+00
      6924  2.832136E-02  4.209202E-01  8.179650E-01
      6925  5.708176E-02  3.330799E-01  6.424229E-01
      6926  6.869080E-02  2.876732E-01  5.389746E-01
      6927  7.985692E-02  2.755563E-01  5.110601E-01
      6928  8.055120E-02  2.965179E-01  5.263118E-01
      6929  7.691015E-02  3.219867E-01  5.687560E-01
      6930  7.099748E-02  3.555059E-01  6.221280E-01
      6931  6.502310E-02  3.921494E-01  6.824968E-01
      6932  5.942539E-02  4.235999E-01  7.379884E-01
      6933  5.037955E-02  4.528202E-01  7.872053E-01
      6934  4.481459E-02  4.786659E-01  8.325341E-01
      6935  3.847463E-02  4.975688E-01  8.650817E-01
      6936  3.303842E-02  5.103740E-01  8.868275E-01
      6937  2.903098E-02  5.156632E-01  8.997011E-01
      6938  2.564409E-02  5.232719E-01  9.059428E-01
      6939  2.139796E-02  5.287026E-01  9.085007E-01
      6940  1.740252E-02  5.267729E-01  9.087453E-01
      6941  1.451311E-02  5.282754E-01  9.084910E-01
      6942  1.179598E-02  5.306826E-01  9.107556E-01
      6943  9.279823E-03  5.339951E-01  9.155521E-01
      6944  7.381077E-03  5.388361E-01  9.238388E-01
      6945  5.738368E-03  5.455394E-01  9.362129E-01
      6946  4.674492E-03  5.509362E-01  9.464488E-01
      6947  4.068204E-03  5.475953E-01  9.458159E-01
      6948  4.563796E-03  5.937309E-01  9.570138E-01
      6949 -4.846892E-03  5.876901E-01  9.556560E-01
      6950 -3.669877E-03  5.477757E-01  9.504830E-01
      6951 -5.312166E-03  5.555175E-01  9.511438E-01
      6952 -8.818482E-03  5.485450E-01  9.439382E-01
      6953 -8.798376E-03  5.469714E-01  9.388078E-01
      6954 -1.368667E-02  5.529007E-01  9.426616E-01
      6955 -1.842982E-02  5.352555E-01  9.254272E-01
      6956 -1.789720E-02  5.332623E-01  9.119222E-01
      6957 -2.378842E-02  5.253925E-01  9.060158E-01
      6958 -2.831694E-02  5.223713E-01  9.031572E-01
      6959 -3.281433E-02  5.177090E-01  8.958732E-01
      6960 -3.737284E-02  5.097676E-01  8.853323E-01
      6961 -4.210242E-02  4.991385E-01  8.692569E-01
      6962 -4.713300E-02  4.854946E-01  8.475035E-01
      6963 -5.272048E-02  4.681165E-01  8.184334E-01
      6964 -5.832113E-02  4.454987E-01  7.796931E-01
      6965 -6.461992E-02  4.187268E-01  7.341652E-01
      6966 -7.103480E-02  3.874058E-01  6.798348E-01
      6967 -7.717375E-02  3.529835E-01  6.220520E-01
      6968 -8.182987E-02  3.162571E-01  5.660199E-01
      6969 -8.421616E-02  2.882266E-01  5.200382E-01
      6970 -8.349801E-02  2.714645E-01  4.971428E-01
      6971 -7.708855E-02  2.706449E-01  5.137158E-01
      6972 -6.191200E-02  3.029467E-01  5.895949E-01
      6973 -3.501563E-02  3.798579E-01  7.485294E-01
      6974  9.473276E-03  5.180829E-01  1.019280E+00
      6975  8.546523E-02  7.404972E-01  1.442376E+00
      6976  2.200992E-01  1.087035E+00  2.094023E+00
      6977  3.673500E-01  1.609569E+00  3.093633E+00
      6978  3.008433E-02  2.021242E+00  2.812623E+00
      6979  9.924566E-01  1.930102E+00  4.199592E+00
      6980  5.247888E-01  1.744625E+00  4.191838E+00
      6981  1.508635E+00  7.588077E-01  3.695876E+00
      6982  1.733154E+00  3.494576E-01  2.314551E+00
      6983  1.771053E+00  1.785083E-01  1.560581E+00
      6984  1.693974E+00  1.316063E-01  1.179375E+00
      6985  1.556713E+00  1.501202E-01  1.026790E+00
      6986  1.383751E+00  2.062864E-01  1.007082E+00
      6987  1.228679E+00  2.693322E-01  1.063102E+00
      6988  1.077533E+00  3.537027E-01  1.200314E+00
      6989  9.403670E-01  4.286743E-01  1.354014E+00
      6990  8.226098E-01  4.981493E-01  1.512518E+00
      6991  7.268978E-01  5.568008E-01  1.661320E+00
      6992  6.439762E-01  6.030667E-01  1.790342E+00
      6993  5.800732E-01  6.428107E-01  1.901099E+00
      6994  5.323639E-01  6.681809E-01  1.988719E+00
      6995  4.877789E-01  6.917527E-01  2.064362E+00
      6996  4.500112E-01  7.070843E-01  2.116075E+00
      6997  4.152926E-01  7.163426E-01  2.150586E+00
      6998  3.806529E-01  7.247958E-01  2.176015E+00
      6999  3.431195E-01  7.279365E-01  2.189605E+00
      7000  3.014442E-01  7.265038E-01  2.193170E+00
      7001  2.565224E-01  7.253334E-01  2.193895E+00
      7002  2.106109E-01  7.213797E-01  2.190233E+00
      7003  1.648076E-01  7.157272E-01  2.184737E+00
      7004  1.228967E-01  7.095116E-01  2.179019E+00
      7005  8.714965E-02  7.046552E-01  2.178138E+00
      7006  5.266433E-02  6.986634E-01  2.175917E+00
      7007  2.391566E-02  6.936666E-01  2.169132E+00
      7008  1.673423E-02  6.910328E-01  2.177781E+00
      7009 -5.479803E-03  7.156512E-01  2.157767E+00
      7010 -2.823608E-02  6.929797E-01  2.178180E+00
      7011 -3.364946E-02  6.973949E-01  2.179282E+00
      7012 -5.964174E-02  7.053004E-01  2.195115E+00
      7013 -8.806220E-02  7.159234E-01  2.212406E+00
      7014 -1.203178E-01  7.302441E-01  2.244717E+00
      7015 -1.812606E-01  7.386803E-01  2.254200E+00
      7016 -2.263574E-01  7.372501E-01  2.231961E+00
      7017 -2.724914E-01  7.457966E-01  2.229683E+00
      7018 -3.200267E-01  7.441786E-01  2.222655E+00
      7019 -3.725935E-01  7.434727E-01  2.214360E+00
      7020 -4.230543E-01  7.364448E-01  2.191695E+00
      7021 -4.712157E-01  7.252753E-01  2.156704E+00
      7022 -5.167240E-01  7.089013E-01  2.107273E+00
      7023 -5.611806E-01  6.874042E-01  2.043355E+00
      7024 -6.073940E-01  6.594984E-01  1.961510E+00
      7025 -6.555000E-01  6.250214E-01  1.862536E+00
      7026 -7.128887E-01  5.833956E-01  1.745182E+00
      7027 -7.807284E-01  5.324909E-01  1.608994E+00
      7028 -8.643781E-01  4.733164E-01  1.457818E+00
      7029 -9.662890E-01  4.059769E-01  1.298286E+00
      7030 -1.085489E+00  3.313867E-01  1.141426E+00
      7031 -1.221022E+00  2.551270E-01  1.007368E+00
      7032 -1.367492E+00  1.855091E-01  9.244982E-01
      7033 -1.513336E+00  1.335060E-01  9.282568E-01
      7034 -1.639893E+00  1.156721E-01  1.067294E+00
      7035 -1.714802E+00  1.578519E-01  1.410881E+00
      7036 -1.680350E+00  3.110622E-01  2.085906E+00
      7037 -1.473418E+00  6.877081E-01  3.339632E+00
      7038 -5.329989E-01  1.584504E+00  3.797242E+00
      7039 -9.538197E-01  1.747409E+00  3.790874E+00
      7413 -1.370224E-01  9.078204E+00 -2.166750E+01
      7442 -2.333187E-01  1.477511E+01  3.707294E+01
      7460 -2.955521E+00 -2.269134E-01  1.908147E+00
      7461 -1.290996E+00 -1.931742E-01  1.006106E+00
      7462 -8.321574E+00  1.422231E+00  1.987385E+01
      7463 -4.303496E+00  4.046218E-01  1.021051E+01
      7464 -1.261261E+00  2.447058E-01  3.016298E+00
      7465  4.409964E+00 -5.636629E-02  2.140049E+00
      7466  1.643781E+00 -2.057790E-01  5.379095E-01
      7467 -1.556694E+00 -2.568435E-01 -9.224002E-01
      7468  1.045466E+01  1.392800E+00  2.462330E+01
      7469  4.839779E+00  1.025147E-01  1.160870E+01
      7470 -2.588565E-01 -2.175580E-02  1.350357E-01
      7471 -5.438876E+00  4.222028E-01 -1.283847E+01
      7511  1.230640E-01  8.120796E+00 -1.937690E+01
      7540  2.366417E-01  1.335712E+01  3.351302E+01
      7558 -4.075098E+00 -4.701851E-02  2.023544E+00
      7559 -1.580016E+00 -1.827705E-01  5.733733E-01
      7560  1.314259E+00 -2.334995E-01 -7.352415E-01
      7561 -9.560908E+00  1.264097E+00  2.251563E+01
      7562 -4.497461E+00  8.239372E-02  1.077447E+01
      7563  1.051201E-01 -2.336433E-02  4.192586E-01
      7564  4.772065E+00  3.777280E-01 -1.129146E+01
      7565  2.621233E+00 -2.020034E-01  1.662036E+00
      7566  1.121521E+00 -1.743290E-01  8.441807E-01
      7567  7.453904E+00  1.279257E+00  1.779261E+01
      7568  3.832832E+00  3.685672E-01  9.084348E+00
      7569  1.101470E+00  2.294716E-01  2.618335E+00
     50800  4.093231E-03  5.010888E-02 -2.657831E-03
     50801  6.970331E-03  8.999815E-02 -2.232544E-02
     50802  5.169407E-04  9.273410E-02 -2.156343E-02
     50803  6.417754E-03  1.003558E-01 -2.215631E-02
     50804  4.173731E-03  1.053329E-01 -2.222929E-02
     50805  3.698948E-03  1.220172E-01 -2.538491E-02
     50806 -7.379573E-03  8.349500E-02  2.860362E-02
     50807  4.188769E-03  1.058312E-01 -2.256506E-02
     50808 -1.619927E-03  1.045957E-01 -2.078709E-02
     50809  6.003548E-03  1.022602E-01 -2.215445E-02
     50810  5.715842E-03  1.033972E-01 -2.206106E-02
     50811  6.644838E-03  1.150315E-01 -2.946050E-02
     50812  6.813209E-03  4.325521E-02  2.666196E-02
     50813  7.318787E-03  9.888819E-02 -2.273886E-02
     50814  3.843271E-03  9.498978E-02 -1.668279E-02
     50815  2.390747E-02  3.000718E-01  8.231625E-02
     50816  1.203858E-02  4.426391E-02  9.422459E-02
     50817  1.085496E-02  6.194048E-02  5.015720E-02
     50818  9.992180E-03  3.996267E-02  4.203208E-02
     50819  5.922491E-03  4.054569E-02  1.696234E-02
     50820  7.051455E-03  7.763003E-02 -1.626070E-02
     50821  9.946944E-03  8.833626E-02 -2.540191E-02
     50822  5.992064E-03  1.021551E-01 -2.233307E-02
     50823  4.011815E-03  1.034846E-01 -2.069434E-02
     50824  3.685290E-03  1.024453E-01 -1.985622E-02
     50825  6.227867E-03  9.149002E-02 -2.204711E-02
     50826  4.587911E-03  1.074230E-01 -2.314315E-02
     50827  8.449717E-03  6.241050E-02 -2.848529E-03
     50828  1.006217E-02  7.380705E-02 -1.676573E-02
     50829  7.364452E-03  8.689430E-02 -2.203935E-02
     50830  4.162152E-03  1.051062E-01 -2.175148E-02
     50831  1.987770E+00 -1.801593E-01 -1.338136E+01
     50832  1.771338E+00  8.878483E-01 -1.074675E+01
     50833  2.107513E+00  1.128603E-01 -9.714794E+00
     50834  2.522692E+00  3.504370E-01 -1.245833E+01
     50835  2.793484E-02 -1.586651E-01 -9.605012E-01
     50836 -1.691783E-03 -6.741085E-02 -1.322714E+00
     50837 -5.139893E-02 -1.259385E-01 -9.580320E-01
     50838  1.211952E-02 -7.048786E-02 -1.342990E+00
     50839  2.134470E+00 -3.919474E-01 -7.922696E+00
     50840  1.963965E+00 -5.674183E-01 -7.001983E+00
     50841  2.324712E+00 -7.670449E-01 -9.805054E+00
     50842  2.270662E+00 -1.097529E+00 -9.646626E+00
     50843  1.972372E+00 -5.058874E-01 -5.909688E+00
     50844  1.811101E+00 -5.265024E-01 -5.264897E+00
     50845  2.278727E+00 -9.971126E-01 -7.278880E+00
     50846  2.510874E+00 -6.028996E-01 -8.929510E+00
     50847  2.143209E+00 -8.323916E-01 -7.267320E+00
     50848  1.819850E+00 -4.629380E-01 -4.457746E+00
     50849  1.664174E+00 -4.441287E-01 -3.938213E+00
     50850  2.038416E+00 -7.934566E-01 -5.449025E+00
     50851  2.251366E+00 -5.589072E-01 -6.683918E+00
     50852  1.954944E+00 -6.173593E-01 -5.428191E+00
     50853  1.640431E+00 -3.741564E-01 -3.313546E+00
     50854  1.498670E+00 -3.550048E-01 -2.902313E+00
     50855  1.820167E+00 -6.395176E-01 -4.053684E+00
     50856  1.761849E+00 -4.359213E-01 -4.031857E+00
     50857  1.996547E+00 -3.935165E-01 -4.968189E+00
     50858  1.445982E+00 -3.109525E-01 -2.419913E+00
     50859  1.309835E+00 -3.039181E-01 -2.122076E+00
     50860  1.591521E+00 -5.172494E-01 -2.977756E+00
     50861  1.749453E+00 -2.758307E-01 -3.652589E+00
     50862  1.565854E+00 -3.389533E-01 -2.947428E+00
     50863  1.244412E+00 -2.430642E-01 -1.733183E+00
     50864  1.131827E+00 -2.349726E-01 -1.517662E+00
     50865  1.389960E+00 -4.210491E-01 -2.154494E+00
     50866  1.504960E+00 -1.852094E-01 -2.670896E+00
     50867  1.339305E+00 -2.563738E-01 -2.150897E+00
     50868  1.060916E+00 -2.101363E-01 -1.253831E+00
     50869  9.541276E-01 -2.037458E-01 -1.104459E+00
     50870  1.157304E+00 -3.582161E-01 -1.557374E+00
     50871  1.153201E+00 -1.793412E-01 -1.576740E+00
     50872  1.273675E+00 -1.644130E-01 -1.934771E+00
     50873  8.869486E-01 -1.805205E-01 -9.110249E-01
     50874  8.065036E-01 -1.741771E-01 -8.120929E-01
     50875  9.791600E-01 -3.188773E-01 -1.139330E+00
     50876  1.047635E+00 -1.061773E-01 -1.429673E+00
     50877  9.497265E-01 -1.549910E-01 -1.188682E+00
     50878  7.430275E-01 -1.737105E-01 -7.145298E-01
     50879  6.702962E-01 -1.702685E-01 -6.664987E-01
     50880  7.910022E-01 -3.066917E-01 -8.792121E-01
     50881  8.167881E-01 -8.619532E-02 -9.689152E-01
     50882  8.767496E-01 -1.195972E-01 -1.082170E+00
     50883  6.202635E-01 -1.590676E-01 -5.873057E-01
     50884  5.654175E-01 -1.527729E-01 -5.666771E-01
     50885  6.772576E-01 -3.020534E-01 -7.278307E-01
     50886  6.977802E-01 -7.037080E-02 -9.100235E-01
     50887  6.635619E-01 -1.178958E-01 -8.389432E-01
     50888  5.255647E-01 -1.589151E-01 -5.633360E-01
     50889  4.791701E-01 -1.514286E-01 -5.462625E-01
     50890  5.418092E-01 -3.026359E-01 -6.663457E-01
     50891  5.942543E-01 -1.150797E-01 -8.051230E-01
     50892  5.832087E-01 -5.530062E-02 -8.324554E-01
     50893  4.516390E-01 -1.616822E-01 -5.718849E-01
     50894  4.123466E-01 -1.540322E-01 -5.676690E-01
     50895  4.550076E-01 -3.175098E-01 -6.656894E-01
     50896  5.043612E-01 -5.366271E-02 -8.548208E-01
     50897  4.918856E-01 -1.264660E-01 -7.800138E-01
     50898  3.951020E-01 -1.652575E-01 -6.084570E-01
     50899  3.585162E-01 -1.595208E-01 -6.177054E-01
     50900  3.908867E-01 -3.297597E-01 -7.009531E-01
     50901  4.170681E-01 -1.323940E-01 -8.151847E-01
     50902  4.450230E-01 -5.694535E-02 -9.080959E-01
     50903  3.557019E-01 -1.710579E-01 -6.653223E-01
     50904  3.260127E-01 -1.618139E-01 -6.633527E-01
     50905  3.440026E-01 -3.461029E-01 -7.600258E-01
     50906  4.002005E-01 -7.445347E-02 -9.843009E-01
     50907  3.576232E-01 -1.339015E-01 -8.818279E-01
     50908  3.231603E-01 -1.800081E-01 -7.229349E-01
     50909  2.964945E-01 -1.708732E-01 -7.257142E-01
     50910  3.043902E-01 -3.543214E-01 -8.181413E-01
     50911  3.256618E-01 -1.386798E-01 -9.519620E-01
     50912  3.708180E-01 -6.953236E-02 -1.060942E+00
     50913  3.027523E-01 -1.826644E-01 -7.755759E-01
     50914  2.776024E-01 -1.770181E-01 -7.751952E-01
     50915  2.850903E-01 -3.703477E-01 -8.855449E-01
     50916  3.503630E-01 -7.709607E-02 -1.130968E+00
     50917  2.941181E-01 -1.484049E-01 -1.030635E+00
     50918  2.871585E-01 -1.872395E-01 -8.194221E-01
     50919  2.627569E-01 -1.822952E-01 -8.128122E-01
     50920  2.688671E-01 -3.832851E-01 -9.398004E-01
     50921  2.741638E-01 -1.544203E-01 -1.097989E+00
     50922  3.350209E-01 -8.322178E-02 -1.186410E+00
     50923  2.736142E-01 -1.910395E-01 -8.492861E-01
     50924  2.484964E-01 -1.868406E-01 -8.370518E-01
     50925  2.564246E-01 -3.918075E-01 -9.780525E-01
     50926  2.602750E-01 -1.573423E-01 -1.148746E+00
     50927  3.223276E-01 -8.718969E-02 -1.224432E+00
     50928  2.595381E-01 -1.934545E-01 -8.627409E-01
     50929  2.292301E-01 -1.975310E-01 -8.725472E-01
     50930  2.441652E-01 -4.005253E-01 -1.001583E+00
     50931  2.473077E-01 -1.608279E-01 -1.181455E+00
     50932  3.100569E-01 -9.526914E-02 -1.232525E+00
     50933  2.407215E-01 -1.937573E-01 -8.526069E-01
     50934  2.090768E-01 -1.987737E-01 -8.790369E-01
     50935  2.534808E-01 -4.056858E-01 -1.009873E+00
     50936  2.067503E-01 -1.067302E-01 -1.233235E+00
     50937  2.682323E-01 -1.509050E-01 -1.211279E+00
     50938  2.173229E-01 -1.973890E-01 -8.571983E-01
     50939  1.885095E-01 -1.952207E-01 -8.564993E-01
     50940  2.325979E-01 -4.016204E-01 -1.012044E+00
     50941  2.419443E-01 -1.518041E-01 -1.227551E+00
     50942  1.879656E-01 -9.591691E-02 -1.252654E+00
     50943  1.928703E-01 -2.001209E-01 -8.768343E-01
     50944  1.610980E-01 -1.977791E-01 -8.561807E-01
     50945  1.812489E-01 -4.048390E-01 -1.016323E+00
     50946  1.912408E-01 -1.577974E-01 -1.221140E+00
     50947  2.391211E-01 -9.344479E-02 -1.259779E+00
     50948  1.633316E-01 -2.015312E-01 -8.810144E-01
     50949  1.301883E-01 -1.987043E-01 -8.625142E-01
     50950  1.521181E-01 -4.139521E-01 -1.021632E+00
     50951  2.072656E-01 -9.182080E-02 -1.263621E+00
     50952  1.561171E-01 -1.627464E-01 -1.211360E+00
     50953  1.316825E-01 -2.022930E-01 -8.914273E-01
     50954  9.831674E-02 -2.000064E-01 -8.769956E-01
     50955  1.199337E-01 -4.147674E-01 -1.030423E+00
     50956  1.723140E-01 -9.304751E-02 -1.275499E+00
     50957  1.232508E-01 -1.630838E-01 -1.217891E+00
     50958  1.005778E-01 -2.040469E-01 -9.111484E-01
     50959  6.763167E-02 -2.018320E-01 -9.008487E-01
     50960  8.687511E-02 -4.162124E-01 -1.048727E+00
     50961  8.891188E-02 -1.642629E-01 -1.234644E+00
     50962  1.379025E-01 -9.363680E-02 -1.298279E+00
     50963  7.260879E-02 -2.054241E-01 -9.389210E-01
     50964  4.062948E-02 -2.027078E-01 -9.310851E-01
     50965  5.638422E-02 -4.177189E-01 -1.076382E+00
     50966  1.068320E-01 -9.436673E-02 -1.329534E+00
     50967  5.586735E-02 -1.672220E-01 -1.261730E+00
     50968  4.914892E-02 -2.072930E-01 -9.704722E-01
     50969  1.580253E-02 -2.055173E-01 -9.689721E-01
     50970  3.042653E-02 -4.191583E-01 -1.110280E+00
     50971  2.692816E-02 -1.680282E-01 -1.296372E+00
     50972  8.179087E-02 -9.525434E-02 -1.365431E+00
     50973  3.359273E-02 -2.132899E-01 -1.010409E+00
     50974  3.664365E-03 -2.052813E-01 -9.926468E-01
     50975  8.545525E-03 -4.258142E-01 -1.151034E+00
     50976  6.131913E-02 -1.091274E-01 -1.410790E+00
     50977  5.011248E-04 -1.675537E-01 -1.338330E+00
     50978  2.335629E-02 -2.306710E-01 -1.037465E+00
     50979 -7.965534E-03 -2.128991E-01 -1.017174E+00
     50980 -1.142575E-02 -4.291393E-01 -1.180421E+00
     50981  6.794733E-02 -1.078682E-01 -1.445233E+00
     50982 -1.127371E-02 -1.665319E-01 -1.375951E+00
     50983  1.290497E-01 -4.311303E-01 -1.124396E+00
     50984 -4.084157E-02 -1.480621E-01 -1.420107E+00
     52843 -3.117533E-02  2.368263E-01  7.094617E-02
     52844  9.663559E-03  5.907262E-02  5.506337E-02
     52845  9.207382E-03  4.988796E-02  3.983213E-02
     52846 -1.204773E-03  1.001646E-01 -2.223374E-02
     52847 -4.527733E-04  1.076585E-01 -2.430744E-02
     52848 -6.199268E-04  5.102552E-02 -1.789708E-03
     52849 -3.683095E-03  1.347570E-01 -3.717566E-02
     52850 -1.934391E-03  9.148275E-02 -2.024043E-02
     52851  6.601833E-04  4.645054E-02  5.625928E-03
     52852  1.968487E-03  1.263419E-01 -3.016454E-02
     52853  1.666022E-03  1.377360E-01 -3.131654E-02
     52854 -6.355654E-03  6.474799E-02  5.487445E-03
     52855  2.722267E-03  1.329121E-01 -3.224808E-02
     52856 -1.714065E-03  6.792036E-02 -1.469919E-02
     52857  1.804813E-03  1.391945E-01 -3.853268E-02
     52858 -1.547806E-03  9.616930E-02 -2.125184E-02
     52859 -2.118394E-03  8.543717E-02 -1.897803E-02
     52860 -1.098191E-03  6.902971E-02 -1.265506E-02
     52861  6.195430E-04  1.043048E-01 -2.312936E-02
     52862  5.145578E-03  4.475264E-02  2.633721E-02
     52863  3.134444E-04  1.217685E-01 -2.586377E-02
     52864 -8.231807E-03  1.250518E-01 -3.397822E-02
     52865 -1.788791E-03  5.747442E-02 -7.691023E-03
     52866  6.669212E-04  1.088070E-01 -2.395334E-02
     52867  5.275448E-05  1.088883E-01 -2.458847E-02
     52868 -2.421336E-03  8.105918E-02 -1.806184E-02
     52869 -3.831371E-03  6.946176E-02 -1.617783E-02
     52870 -8.766660E-04  1.046598E-01 -2.342972E-02
     52871  1.027060E-03  1.087486E-01 -2.454010E-02
     52872  6.977953E-04  2.666108E-02  9.352901E-02
     52873  2.270537E-03  4.405415E-02  1.488061E-02
     52874 -1.334608E-02 -7.356729E-02 -1.326748E+00
     52875 -2.295039E-02 -1.609168E-01 -9.595628E-01
     52876 -2.521285E-03 -2.246281E-01 -1.056398E+00
     52877 -2.467301E-02 -4.606685E-02 -1.347522E+00
     52878 -1.646726E+00  7.902255E-01 -9.690364E+00
     52879 -1.837498E+00 -2.621496E-01 -1.201771E+01
     52880 -1.948966E+00  1.096743E-01 -8.774082E+00
     52881 -2.357579E+00  2.549041E-01 -1.125211E+01
     52882  6.323723E-03 -2.368649E-01 -1.048679E+00
     52883 -3.185273E-02 -2.372800E-01 -1.048902E+00
     52884 -2.066238E-02 -3.990104E-01 -1.234784E+00
     52885  3.722361E-02 -1.436563E-01 -1.438075E+00
     52886 -1.283836E-02 -2.130603E-01 -1.002185E+00
     52887 -3.477704E-02 -2.156788E-01 -9.909571E-01
     52888  6.246087E-03 -4.355647E-01 -1.192139E+00
     52889 -8.651582E-02 -9.091273E-02 -1.460933E+00
     52890 -4.851311E-04 -1.876739E-01 -1.411087E+00
     52891 -2.041720E-02 -2.207849E-01 -1.004598E+00
     52892 -5.212064E-02 -2.169003E-01 -9.564575E-01
     52893 -4.827073E-02 -4.297461E-01 -1.163891E+00
     52894  1.759767E-02 -1.007117E-01 -1.414321E+00
     52895 -4.475698E-02 -1.873594E-01 -1.399904E+00
     52896 -4.122458E-02 -2.168766E-01 -9.682209E-01
     52897 -7.789393E-02 -2.117795E-01 -9.263206E-01
     52898 -6.457848E-02 -4.310140E-01 -1.127891E+00
     52899 -2.665472E-03 -9.400536E-02 -1.365776E+00
     52900 -7.347733E-02 -1.873611E-01 -1.340663E+00
     52901 -6.160048E-02 -2.179209E-01 -9.403076E-01
     52902 -1.044194E-01 -2.064154E-01 -8.868790E-01
     52903 -9.128268E-02 -4.288017E-01 -1.093465E+00
     52904 -2.425481E-02 -1.148640E-01 -1.342057E+00
     52905 -9.866836E-02 -1.749510E-01 -1.299578E+00
     52906 -9.591604E-02 -2.126035E-01 -9.003837E-01
     52907 -1.372583E-01 -2.165446E-01 -8.906306E-01
     52908 -1.191159E-01 -4.246369E-01 -1.052978E+00
     52909 -1.316901E-01 -1.818387E-01 -1.265974E+00
     52910 -5.455955E-02 -9.293050E-02 -1.280741E+00
     52911 -1.289430E-01 -1.995482E-01 -8.516913E-01
     52912 -1.613615E-01 -2.022948E-01 -8.351789E-01
     52913 -1.139864E-01 -4.229090E-01 -1.025523E+00
     52914 -1.876972E-01 -1.066582E-01 -1.268214E+00
     52915 -1.261556E-01 -1.656129E-01 -1.221914E+00
     52916 -1.634555E-01 -2.017772E-01 -8.538323E-01
     52917 -1.977976E-01 -1.983038E-01 -8.198343E-01
     52918 -1.832908E-01 -4.077776E-01 -9.899771E-01
     52919 -1.817796E-01 -1.605787E-01 -1.211774E+00
     52920 -1.346319E-01 -8.508001E-02 -1.225555E+00
     52921 -1.965619E-01 -1.938074E-01 -8.362186E-01
     52922 -2.283656E-01 -1.976665E-01 -8.103320E-01
     52923 -2.124175E-01 -4.079633E-01 -9.760770E-01
     52924 -1.723124E-01 -9.147403E-02 -1.209047E+00
     52925 -2.236682E-01 -1.587508E-01 -1.173992E+00
     52926 -2.271462E-01 -1.896662E-01 -8.263152E-01
     52927 -2.581728E-01 -1.918061E-01 -7.989102E-01
     52928 -2.425811E-01 -4.061663E-01 -9.656667E-01
     52929 -2.057849E-01 -9.069676E-02 -1.192700E+00
     52930 -2.589396E-01 -1.606959E-01 -1.165264E+00
     52931 -2.558069E-01 -1.875221E-01 -8.176782E-01
     52932 -2.854748E-01 -1.923172E-01 -7.919039E-01
     52933 -2.737158E-01 -3.990010E-01 -9.541885E-01
     52934 -2.900580E-01 -1.523057E-01 -1.150932E+00
     52935 -2.368813E-01 -9.406773E-02 -1.182858E+00
     52936 -2.808542E-01 -1.866328E-01 -8.099058E-01
     52937 -3.102095E-01 -1.895310E-01 -7.804498E-01
     52938 -3.000865E-01 -3.959249E-01 -9.454531E-01
     52939 -2.629544E-01 -8.991090E-02 -1.167957E+00
     52940 -3.201661E-01 -1.566252E-01 -1.142544E+00
     52941 -3.043978E-01 -1.820433E-01 -7.949883E-01
     52942 -3.327226E-01 -1.854236E-01 -7.640221E-01
     52943 -3.228596E-01 -3.876049E-01 -9.295707E-01
     52944 -3.461361E-01 -1.534691E-01 -1.124874E+00
     52945 -2.877605E-01 -8.832518E-02 -1.144231E+00
     52946 -3.262113E-01 -1.761851E-01 -7.732378E-01
     52947 -3.536406E-01 -1.796797E-01 -7.390871E-01
     52948 -3.432523E-01 -3.772374E-01 -9.065025E-01
     52949 -3.105580E-01 -8.657501E-02 -1.110364E+00
     52950 -3.687798E-01 -1.492811E-01 -1.100851E+00
     52951 -3.484417E-01 -1.696668E-01 -7.430504E-01
     52952 -3.757065E-01 -1.745223E-01 -7.073612E-01
     52953 -3.631704E-01 -3.640399E-01 -8.734590E-01
     52954 -3.891069E-01 -1.423677E-01 -1.065975E+00
     52955 -3.341139E-01 -8.463138E-02 -1.065517E+00
     52956 -3.725552E-01 -1.634499E-01 -7.063816E-01
     52957 -4.013981E-01 -1.683025E-01 -6.681281E-01
     52958 -3.849062E-01 -3.509762E-01 -8.332002E-01
     52959 -3.594517E-01 -8.130349E-02 -1.011280E+00
     52960 -4.104181E-01 -1.361550E-01 -1.021269E+00
     52961 -4.037406E-01 -1.556588E-01 -6.638271E-01
     52962 -4.351603E-01 -1.618570E-01 -6.274161E-01
     52963 -4.114486E-01 -3.347958E-01 -7.848356E-01
     52964 -4.358364E-01 -1.283013E-01 -9.664944E-01
     52965 -3.926120E-01 -7.706711E-02 -9.494613E-01
     52966 -4.445008E-01 -1.510954E-01 -6.259020E-01
     52967 -4.812063E-01 -1.576926E-01 -5.942826E-01
     52968 -4.494321E-01 -3.195780E-01 -7.379693E-01
     52969 -4.690230E-01 -1.205596E-01 -9.078961E-01
     52970 -4.378797E-01 -7.305766E-02 -8.925992E-01
     52971 -5.001448E-01 -1.470130E-01 -5.997626E-01
     52972 -5.456585E-01 -1.583156E-01 -5.976876E-01
     52973 -5.015722E-01 -3.074219E-01 -7.034162E-01
     52974 -5.000530E-01 -7.298481E-02 -8.421707E-01
     52975 -5.165990E-01 -1.166906E-01 -8.568714E-01
     52976 -5.756871E-01 -1.460772E-01 -5.954925E-01
     52977 -6.290694E-01 -1.571696E-01 -6.246921E-01
     52978 -5.575204E-01 -2.978691E-01 -6.965474E-01
     52979 -6.026865E-01 -1.083512E-01 -8.175940E-01
     52980 -6.001716E-01 -7.231262E-02 -8.529188E-01
     52981 -6.716692E-01 -1.520357E-01 -6.572994E-01
     52982 -7.349190E-01 -1.596148E-01 -6.979830E-01
     52983 -6.560173E-01 -2.851956E-01 -7.385132E-01
     52984 -6.840021E-01 -6.991090E-02 -8.762352E-01
     52985 -7.146771E-01 -1.039216E-01 -8.885843E-01
     52986 -7.886771E-01 -1.644030E-01 -8.031955E-01
     52987 -8.668807E-01 -1.720938E-01 -8.721794E-01
     52988 -7.960175E-01 -2.836757E-01 -8.565428E-01
     52989 -8.399163E-01 -6.888573E-02 -1.060329E+00
     52990 -7.808407E-01 -1.221372E-01 -9.418081E-01
     52991 -9.291224E-01 -1.859939E-01 -1.041224E+00
     52992 -1.022109E+00 -1.925683E-01 -1.162448E+00
     52993 -9.478769E-01 -3.020105E-01 -1.081807E+00
     52994 -1.009533E+00 -7.872085E-02 -1.340928E+00
     52995 -9.289380E-01 -1.422584E-01 -1.126496E+00
     52996 -1.087766E+00 -2.183786E-01 -1.410646E+00
     52997 -1.195527E+00 -2.243617E-01 -1.596926E+00
     52998 -1.125619E+00 -3.327000E-01 -1.442867E+00
     52999 -1.097176E+00 -1.713696E-01 -1.458662E+00
     53000 -1.205996E+00 -1.001570E-01 -1.787053E+00
     53001 -1.256120E+00 -2.648112E-01 -1.940822E+00
     53002 -1.377812E+00 -2.692010E-01 -2.203410E+00
     53003 -1.322960E+00 -3.857714E-01 -1.974660E+00
     53004 -1.287358E+00 -2.157060E-01 -1.968708E+00
     53005 -1.420979E+00 -1.347489E-01 -2.436889E+00
     53006 -1.422342E+00 -3.258491E-01 -2.658507E+00
     53007 -1.556162E+00 -3.261799E-01 -3.007837E+00
     53008 -1.529877E+00 -4.661802E-01 -2.709360E+00
     53009 -1.642754E+00 -1.832545E-01 -3.327871E+00
     53010 -1.488938E+00 -2.795266E-01 -2.692931E+00
     53011 -1.573014E+00 -3.998413E-01 -3.592456E+00
     53012 -1.717965E+00 -3.912198E-01 -4.041278E+00
     53013 -1.736193E+00 -5.764696E-01 -3.681087E+00
     53014 -1.861173E+00 -2.495993E-01 -4.504995E+00
     53015 -1.688010E+00 -3.604928E-01 -3.668183E+00
     53016 -1.700573E+00 -4.783342E-01 -4.792628E+00
     53017 -1.858143E+00 -4.430080E-01 -5.361346E+00
     53018 -1.939081E+00 -7.183586E-01 -4.943221E+00
     53019 -2.085866E+00 -3.571000E-01 -6.041355E+00
     53020 -1.872005E+00 -4.615439E-01 -4.939740E+00
     53021 -1.846570E+00 -4.946362E-01 -6.342604E+00
     53022 -1.993825E+00 -3.444017E-01 -7.174249E+00
     53023 -2.131115E+00 -8.996511E-01 -6.593187E+00
     53024 -2.034486E+00 -5.993754E-01 -6.588784E+00
     53025 -2.350200E+00 -5.377500E-01 -8.092944E+00
     53026 -2.159065E+00 -6.580203E-01 -8.849913E+00
     53027 -2.130126E+00 -9.375880E-01 -8.757612E+00
     57524  2.612371E-01  1.919152E+00  4.818582E-01
     57525 -1.261312E+00  3.455265E+00  2.276147E+00
     57526  6.132818E-01  3.390177E-01 -4.678425E-02
     57527 -4.036129E-01  9.570583E-01  5.930251E-01
     57528  3.792405E-01  3.579362E-01  8.220461E-01
     57529 -1.083468E+00 -1.255015E+01  7.885526E+01
     57530 -3.604209E+00 -1.365274E+01  7.300594E+01
     57531  3.175227E+00 -7.534880E+00  6.047577E+01
     57532 -4.893061E-01  2.667001E+00 -1.137426E+01
     57533 -1.481052E+00  1.325882E+00 -6.059624E+00
     57534 -2.487789E+00 -1.064041E+00 -5.503255E+00
     57535  8.353922E-01  2.497792E+00 -1.089793E+01
     57536 -6.369233E+00 -9.195434E+00  5.432662E+01
     57537 -7.789567E-01 -3.323103E+00  1.001492E+00
     57538 -2.352180E+00 -4.550741E+00  6.930587E+00
     57539 -1.128692E+00 -2.464785E+00 -8.179853E+00
     57540  6.930712E-01 -5.935728E+00  1.587273E+01
     57541 -1.389503E+00 -6.817719E+00  2.323196E+01
     57542 -7.426994E-01 -5.375545E+00  5.206337E+00
     57543  1.495469E+00 -7.154734E+00  3.504016E+01
     57544 -3.187012E+00 -7.758922E+00  4.322625E+01
     57545 -3.472740E-01 -7.770464E+00  2.326187E+01
     57546 -1.480450E+00 -9.472447E+00  4.716612E+01
     57547 -5.549126E-01 -3.193477E+00 -2.233518E+00
     57548 -1.912244E+00 -2.610173E+00 -9.050291E+00
     57549 -1.940194E+00 -6.033876E+00  1.330832E+01
     57550 -2.617785E+00 -5.677203E+00  4.558958E+00
     57551  1.064763E+00 -7.161942E+00  3.397012E+01
     57552 -4.612154E+00 -8.005357E+00  2.313042E+01
     62516  1.119919E+00  3.126135E+00  2.077142E+00
     62517 -2.924058E-01  1.773089E+00  4.500955E-01
     62518  3.484534E-01  8.322461E-01  4.829496E-01
     62519 -4.192687E-01  3.171149E-01  7.439412E-01
     62520 -6.017062E-01  3.113485E-01 -3.623257E-02
     62521  1.456467E+00  1.076013E+00 -5.117561E+00
     62522  5.695683E-01  2.443533E+00 -1.050396E+01
     62523 -5.978321E-01  2.436794E+00 -1.006416E+01
     62524  3.516441E+00 -1.246297E+01  6.636945E+01
     62525  1.220852E+00 -1.147566E+01  7.240092E+01
     62526  5.969594E+00 -8.504235E+00  4.916263E+01
     62527  2.379398E+00 -1.151959E+00 -4.556630E+00
     62528 -2.717288E+00 -6.747802E+00  5.581488E+01
     62529  1.910900E+00 -2.432844E+00 -8.697123E+00
     62530  7.453583E-01 -2.874872E+00 -2.382859E+00
     62531  1.126956E+00 -2.320161E+00 -7.413512E+00
     62532  2.541003E+00 -5.229778E+00  3.666406E+00
     62533  1.947323E+00 -5.487881E+00  1.167186E+01
     62534  7.539049E-01 -4.951974E+00  4.828066E+00
     62535  4.422594E+00 -7.390279E+00  2.062469E+01
     62536 -7.613858E-01 -6.574127E+00  3.055771E+01
     62537  4.070677E-01 -7.123972E+00  2.130750E+01
     62538  1.441844E+00 -8.660594E+00  4.317903E+01
     62539  2.297925E+00 -4.237689E+00  6.939345E+00
     62540  7.917245E-01 -3.120850E+00  1.540826E+00
     62541  1.406542E+00 -6.285003E+00  2.185665E+01
     62542 -5.717555E-01 -5.463394E+00  1.518413E+01
     62543  3.135681E+00 -7.141289E+00  4.007449E+01
     62544 -1.224864E+00 -6.528599E+00  3.266432E+01
     67035 -1.806036E-01  3.526433E-01  7.555863E-03
     67036  1.523215E-01  3.194798E-01  2.983897E-03
     67037  1.809686E-01  6.794845E-01 -2.279360E-01
     67038 -1.965683E-01  7.484935E-01 -2.465185E-01
     67039  3.082664E+00 -1.466975E-01 -1.013938E+01
     67040  2.324593E+00 -4.179843E-01 -8.467005E-01
     67041  3.020492E+00 -4.141261E-01 -8.269597E+00
     67042 -1.531313E-02 -3.924410E-01  1.199297E+00
     67043  5.211873E-03 -3.914596E-01  1.130317E+00
     67044 -1.795825E-02 -3.662590E-01  1.136040E+00
     67045 -7.221079E-03 -3.853590E-01  1.209090E+00
     67046 -2.205152E+00 -3.610891E-01 -7.861900E-01
     67047 -2.858068E+00 -8.647650E-02 -9.155083E+00
     67048 -2.843787E+00 -3.513718E-01 -7.500347E+00
     67049  2.645962E+00 -9.758036E-01  1.843546E+00
     67050 -2.515280E+00 -8.662482E-01  1.633091E+00
     67051  2.434707E+00 -1.426017E+00 -5.206009E+00
     67052  3.301004E+00 -2.059625E+00 -4.929096E+00
     67053  2.550915E+00 -1.740258E+00 -1.270075E+00
     67054  9.994538E-01 -1.448846E+00  1.541646E+00
     67055  3.905285E+00 -2.825529E+00 -2.290566E+00
     67056  3.408010E+00 -3.016084E+00 -3.363839E+00
     67057  1.647586E+00 -8.818244E-01  2.685056E+00
     67058  4.077761E+00 -2.293052E+00 -2.011203E+00
     67059  4.211981E+00 -2.876063E+00 -1.872250E+00
     67060  3.972467E+00 -1.771749E+00 -1.542592E+00
     67061  4.138247E+00 -2.174267E+00 -1.572281E+00
     67062  3.709229E+00 -1.325646E+00 -1.015361E+00
     67063  3.873149E+00 -1.579907E+00 -1.134375E+00
     67064  3.352374E+00 -9.675890E-01 -5.092824E-01
     67065  3.496495E+00 -1.112182E+00 -6.595788E-01
     67066  2.959820E+00 -6.787998E-01 -6.079680E-02
     67067  3.085169E+00 -7.494483E-01 -2.092211E-01
     67068  2.596355E+00 -4.803600E-01  2.920648E-01
     67069  2.666191E+00 -4.930968E-01  1.527385E-01
     67070  2.261220E+00 -3.256121E-01  6.052111E-01
     67071  2.296244E+00 -3.000095E-01  4.672332E-01
     67072  1.957330E+00 -2.335858E-01  8.344879E-01
     67073  1.968260E+00 -1.810225E-01  7.274850E-01
     67074  1.707940E+00 -1.770344E-01  1.009789E+00
     67075  1.696335E+00 -1.150700E-01  9.186575E-01
     67076  1.503320E+00 -1.535020E-01  1.129041E+00
     67077  1.472126E+00 -8.675980E-02  1.058714E+00
     67078  1.333046E+00 -1.517104E-01  1.208072E+00
     67079  1.294434E+00 -8.453095E-02  1.156472E+00
     67080  1.202011E+00 -1.617967E-01  1.250711E+00
     67081  1.151690E+00 -9.986480E-02  1.214544E+00
     67082  1.100503E+00 -1.778940E-01  1.276638E+00
     67083  1.043349E+00 -1.192300E-01  1.248817E+00
     67084  1.018706E+00 -1.946894E-01  1.298449E+00
     67085  9.636361E-01 -1.460460E-01  1.276681E+00
     67086  9.493950E-01 -2.089242E-01  1.309564E+00
     67087  8.921246E-01 -1.666197E-01  1.295357E+00
     67088  8.866066E-01 -2.199675E-01  1.319560E+00
     67089  8.285943E-01 -1.820579E-01  1.309075E+00
     67090  8.261457E-01 -2.215868E-01  1.335708E+00
     67091  7.661997E-01 -1.900144E-01  1.324054E+00
     67092  7.545169E-01 -2.258812E-01  1.344654E+00
     67093  6.977482E-01 -1.965229E-01  1.338887E+00
     67094  6.743967E-01 -2.304819E-01  1.349106E+00
     67095  6.222240E-01 -2.027636E-01  1.348465E+00
     67096  5.909124E-01 -2.284592E-01  1.356484E+00
     67097  5.387068E-01 -2.053403E-01  1.356307E+00
     67098  4.973999E-01 -2.342261E-01  1.350594E+00
     67099  4.474673E-01 -2.125612E-01  1.356519E+00
     67100  4.015629E-01 -2.446391E-01  1.333516E+00
     67101  3.548428E-01 -2.247780E-01  1.344525E+00
     67102  3.095805E-01 -2.600400E-01  1.305052E+00
     67103  2.650525E-01 -2.424050E-01  1.320567E+00
     67104  2.269827E-01 -2.782303E-01  1.271090E+00
     67105  1.846311E-01 -2.632720E-01  1.287390E+00
     67106  1.518549E-01 -2.988648E-01  1.236298E+00
     67107  1.156896E-01 -2.856398E-01  1.252517E+00
     67108  9.339669E-02 -3.184597E-01  1.195874E+00
     67109  5.725129E-02 -3.098535E-01  1.212527E+00
     67110  6.171749E-02 -3.340542E-01  1.164046E+00
     67111  6.251582E-03 -3.312892E-01  1.173441E+00
     67112 -2.694173E-02 -3.268587E-01  1.176123E+00
     67113 -8.055583E-02 -3.366233E-01  1.160463E+00
     67114 -7.228844E-02 -3.139309E-01  1.215636E+00
     67115 -1.131297E-01 -3.258884E-01  1.196451E+00
     67116 -1.199356E-01 -2.866815E-01  1.267946E+00
     67117 -1.668925E-01 -3.057995E-01  1.244636E+00
     67118 -1.885922E-01 -2.681452E-01  1.328446E+00
     67119 -2.350365E-01 -2.879638E-01  1.298561E+00
     67120 -2.853796E-01 -2.402366E-01  1.386268E+00
     67121 -3.088631E-01 -2.615204E-01  1.366494E+00
     67122 -3.714406E-01 -2.134013E-01  1.397675E+00
     67123 -4.235845E-01 -2.408617E-01  1.397529E+00
     67124 -4.647543E-01 -1.891211E-01  1.407760E+00
     67125 -5.199190E-01 -2.244411E-01  1.401701E+00
     67126 -5.620420E-01 -1.713456E-01  1.418442E+00
     67127 -6.223414E-01 -2.037109E-01  1.417031E+00
     67128 -6.617147E-01 -1.607900E-01  1.421824E+00
     67129 -7.192293E-01 -1.999730E-01  1.425973E+00
     67130 -7.610516E-01 -1.546182E-01  1.409026E+00
     67131 -8.198961E-01 -1.955649E-01  1.421904E+00
     67132 -8.540637E-01 -1.498584E-01  1.384263E+00
     67133 -9.153883E-01 -1.951494E-01  1.404024E+00
     67134 -9.419179E-01 -1.456928E-01  1.349444E+00
     67135 -1.004964E+00 -1.939591E-01  1.375649E+00
     67136 -1.025936E+00 -1.405360E-01  1.307421E+00
     67137 -1.088721E+00 -1.923279E-01  1.339453E+00
     67138 -1.109259E+00 -1.329146E-01  1.259248E+00
     67139 -1.169554E+00 -1.890346E-01  1.297218E+00
     67140 -1.195960E+00 -1.252354E-01  1.202795E+00
     67141 -1.254097E+00 -1.854081E-01  1.247366E+00
     67142 -1.294995E+00 -1.156550E-01  1.138909E+00
     67143 -1.345960E+00 -1.808815E-01  1.190706E+00
     67144 -1.415425E+00 -1.116517E-01  1.059430E+00
     67145 -1.457841E+00 -1.793123E-01  1.121293E+00
     67146 -1.566150E+00 -1.164443E-01  9.583786E-01
     67147 -1.596569E+00 -1.863149E-01  1.032390E+00
     67148 -1.758862E+00 -1.377627E-01  8.237976E-01
     67149 -1.772793E+00 -2.051832E-01  9.161651E-01
     67150 -1.999624E+00 -1.968911E-01  6.425513E-01
     67151 -1.990379E+00 -2.516902E-01  7.511781E-01
     67152 -2.287769E+00 -2.996158E-01  4.105501E-01
     67153 -2.253684E+00 -3.342292E-01  5.340783E-01
     67154 -2.622212E+00 -4.562328E-01  1.237105E-01
     67155 -2.560487E+00 -4.601999E-01  2.623917E-01
     67156 -2.992598E+00 -6.904965E-01 -2.227084E-01
     67157 -2.897771E+00 -6.439755E-01 -7.767136E-02
     67158 -3.372884E+00 -1.013153E+00 -6.195286E-01
     67159 -3.246051E+00 -8.937943E-01 -4.813144E-01
     67160 -3.719574E+00 -1.436868E+00 -1.044150E+00
     67161 -3.570195E+00 -1.216855E+00 -9.362530E-01
     67162 -3.963568E+00 -1.970831E+00 -1.446369E+00
     67163 -3.817960E+00 -1.614812E+00 -1.413273E+00
     67164 -4.027603E+00 -2.601624E+00 -1.720872E+00
     67165 -3.912287E+00 -2.081093E+00 -1.845553E+00
     67166 -3.751288E+00 -2.546754E+00 -2.091881E+00
     67167 -3.249440E+00 -2.711811E+00 -3.058205E+00
     67168 -3.119421E+00 -1.847252E+00 -4.460377E+00
     67169 -2.317670E+00 -1.275926E+00 -4.726388E+00
     67170 -1.607628E+00 -7.922938E-01  2.419476E+00
     67171 -2.430625E+00 -1.564421E+00 -1.165100E+00
     67172 -1.026386E+00 -1.293560E+00  1.388881E+00
     68037  1.885522E-01  2.399777E-01  2.552111E-01
     68038 -3.689785E-01  7.027931E-01  5.340307E-01
     68039  2.101401E-01  1.219722E+00 -1.122681E+00
     68040  1.026814E-02  5.164282E-01 -3.083631E-01
     68041  4.074753E-01  3.600762E-01  1.898184E-01
     68042  1.005645E+00  1.292467E+00 -1.045345E+01
     68043  6.973680E-01  1.538358E+00 -1.997567E+01
     68044  1.401857E+00  5.475676E-01 -3.143363E+00
     68045  1.012062E+00  8.678066E-01 -8.220987E+00
     68046  2.648240E-01  4.708717E-01 -8.306272E+00
     68047 -6.432520E-01  2.223436E+00 -2.455623E+01
     68048 -4.404740E-01  9.164136E-01  7.200811E+00
     68049  1.954541E-01  1.160263E+00  1.848371E+00
     68050  3.164038E-01  5.802553E-01 -2.155535E+00
     68051 -1.560461E+00  1.195529E+00 -1.385729E+01
     68052  6.033504E-01  5.160445E+00  4.375710E+01
     68053 -1.575112E+00  4.383807E+00  3.927210E+01
     68054 -2.235463E+00  2.671276E+00  2.539053E+01
     68055  2.478034E+00  2.801471E+00  2.967294E+01
     68056 -1.638488E+00  1.464722E+00  1.888908E+01
     68057 -1.330417E+00  1.264374E+00  1.294119E+01
     68058 -3.419024E-02  9.311342E-01  1.951608E+01
     68059 -4.390344E-01  5.968187E-01  9.003123E+00
     68060  1.561516E+00  9.087438E-01  1.380413E+01
     68061 -4.148813E-01  2.060769E+00  1.920113E+01
     68062  2.909400E-01  6.353838E-01 -2.331147E+00
     68063 -7.399504E-01  1.129621E+00  4.810382E+00
     68064 -1.517382E-01  1.564978E+00 -6.725234E+00
     68537 -1.918044E-01  2.175359E-01  2.245543E-01
     68538  3.209820E-01  6.268809E-01  4.629725E-01
     68539 -2.075233E-01  1.102463E+00 -1.021691E+00
     68540 -2.805150E-02  4.720332E-01 -2.892650E-01
     68541 -3.689425E-01  3.139773E-01  1.835633E-01
     68542 -6.501104E-01  1.379304E+00 -1.789161E+01
     68543 -9.262258E-01  1.149854E+00 -9.373146E+00
     68544 -9.591705E-01  7.909428E-01 -7.335845E+00
     68545 -1.288167E+00  5.112970E-01 -2.789452E+00
     68546 -2.821748E-01  4.439173E-01 -7.383018E+00
     68547  5.694473E-01  1.976315E+00 -2.184644E+01
     68548 -1.797309E-01  1.082908E+00  1.627816E+00
     68549  4.245179E-01  8.456940E-01  6.429920E+00
     68550 -2.973628E-01  5.309178E-01 -1.864759E+00
     68551  1.380098E+00  1.061129E+00 -1.222589E+01
     68552  1.450549E+00  3.964842E+00  3.537239E+01
     68553 -5.082545E-01  4.672994E+00  3.973532E+01
     68554 -2.214455E+00  2.543824E+00  2.705794E+01
     68555  2.054785E+00  2.403631E+00  2.282084E+01
     68556  4.302326E-01  1.853521E+00  1.758887E+01
     68557 -1.396774E+00  8.144022E-01  1.276865E+01
     68558  2.891010E-02  8.368523E-01  1.767205E+01
     68559  7.215272E-01  1.008599E+00  4.603123E+00
     68560 -2.746550E-01  5.794743E-01 -1.786481E+00
     68561  4.140045E-01  5.428786E-01  8.214631E+00
     68562  1.695807E-01  1.397444E+00 -5.901359E+00
     68563  1.253799E+00  1.144763E+00  1.160173E+01
     68564  1.501494E+00  1.328532E+00  1.694945E+01

 total force (fx,fy,fz) for set FEET and time  0.1000000E+01

       -2.480552E-09 -4.977783E-09  1.200000E+03

                        S T E P       2


                                INCREMENT     1


 displacements (vx,vy,vz) for set TOP and time  0.2000000E+01

     36367 -2.611266E-02  1.173550E+00 -1.056419E+00
     37135 -2.517380E-03  1.276833E+00 -1.132046E+00
     38585 -4.520522E-02  9.047658E-01 -8.650336E-01
     44994  1.645476E-02  1.241829E+00 -1.105179E+00
     47647  3.821190E-02  8.855304E-01 -8.346822E-01

 forces (fx,fy,fz) for set FEET and time  0.2000000E+01

       199 -3.840930E-01  4.589383E-01 -3.380272E+00
       203  6.411491E-01  9.618702E+00 -8.488016E+00
       204 -9.216320E-03 -3.121509E-02 -1.604456E+00
       208  5.579090E-03  1.019897E+00 -5.139715E-01
       209  3.447020E-01  3.625327E-01 -3.022333E+00
       213 -5.376787E-01  8.824859E+00 -7.725953E+00
       242  2.781199E+01  1.815696E+01  3.855042E+01
       243 -4.636504E-01  1.869939E-01  5.356393E-01
       244  1.298855E+00  2.039982E+00 -8.391600E-01
       245 -2.583521E+01  1.348165E+01  3.166146E+01
       269 -1.212998E+00  1.934945E+00 -8.124347E-01
       270  2.346985E+01  1.204663E+01  2.845781E+01
       273  3.594611E-01  5.834032E-02  5.757330E-01
       274 -2.553093E+01  1.686000E+01  3.565329E+01
       282  1.349262E-01  7.800714E-01  4.101380E+00
       284 -1.382097E-01  7.164532E-01  3.682928E+00
       290 -7.179271E+00  5.591557E+00 -8.556522E+00
       293 -8.644286E+00  8.127503E+00  1.086695E+01
       294  1.117041E+01  9.224569E+00  1.315155E+01
       301  6.410985E+00  4.944180E+00 -7.572525E+00
       302 -1.015789E+01  8.437066E+00  1.202845E+01
       303  7.765284E+00  7.259003E+00  9.685342E+00
      3822  2.790175E+00  2.514726E+00 -2.595024E+01
      3848 -8.465794E-03 -2.824218E-01 -2.383308E+00
      3861  4.685705E-01  1.540708E+00 -4.091422E+00
      3862  7.397043E-01  1.296868E+00 -2.193959E+00
      3863  1.295353E+00  8.968334E-01 -4.534261E+00
      3864  1.069256E+00  5.776500E-01 -3.289109E+00
      3865  8.875009E-01  3.379402E-01 -2.394374E+00
      3866  7.202336E-01  1.740645E-01 -1.751162E+00
      3867  5.796850E-01  5.269526E-02 -1.318667E+00
      3868  4.511518E-01 -1.471145E-02 -1.020716E+00
      3869  3.566243E-01 -6.007583E-02 -8.489894E-01
      3870  2.690639E-01 -7.692452E-02 -7.669722E-01
      3871  2.166543E-01 -8.399280E-02 -7.673192E-01
      3872  1.678225E-01 -7.748742E-02 -7.964226E-01
      3873  1.388608E-01 -6.516933E-02 -8.512721E-01
      3874  1.188704E-01 -5.414803E-02 -9.275370E-01
      3875  1.088746E-01 -3.366716E-02 -9.779782E-01
      3876  1.039452E-01 -2.785447E-02 -1.055200E+00
      3877  9.951406E-02 -1.726746E-02 -1.106327E+00
      3878  1.008901E-01 -1.027066E-02 -1.142614E+00
      3879  1.028731E-01 -6.806696E-03 -1.165411E+00
      3880  9.468092E-02 -4.067229E-03 -1.169228E+00
      3881  9.073758E-02 -7.464455E-03 -1.178782E+00
      3882  8.583263E-02 -1.181890E-02 -1.189661E+00
      3883  6.344698E-02 -1.093677E-02 -1.186645E+00
      3884  4.638058E-02 -9.104688E-03 -1.193023E+00
      3885  2.857330E-02 -5.711003E-03 -1.205517E+00
      3886  1.230604E-02  4.933123E-04 -1.224397E+00
      3887  1.525084E-03  9.463242E-03 -1.247205E+00
      3888 -8.254329E-03  1.382309E-02 -1.280746E+00
      3889 -5.184715E-03  2.190977E-02 -1.290274E+00
      3890 -1.394973E-01  1.609635E-01 -1.515713E+00
      3891  5.650990E+00  1.180520E+00 -2.383944E+01
      3892  5.398534E+00 -6.334221E-01 -1.572516E+01
      3893  7.721908E+00 -1.887092E+00 -1.654651E+01
      3894  7.341247E+00 -1.676348E+00 -1.260366E+01
      3895  6.780962E+00 -1.386871E+00 -9.386164E+00
      3896  6.061225E+00 -1.113803E+00 -6.761808E+00
      3897  5.302949E+00 -8.766218E-01 -4.760731E+00
      3898  4.546850E+00 -6.826854E-01 -3.211822E+00
      3899  3.861425E+00 -5.457042E-01 -2.184680E+00
      3900  3.254365E+00 -4.523525E-01 -1.447070E+00
      3901  2.750331E+00 -3.666827E-01 -1.060470E+00
      3902  2.342862E+00 -3.307806E-01 -8.481948E-01
      3903  2.022296E+00 -3.108733E-01 -8.061638E-01
      3904  1.769210E+00 -3.029392E-01 -8.643392E-01
      3905  1.595740E+00 -3.162185E-01 -9.797844E-01
      3906  1.445233E+00 -3.298479E-01 -1.115691E+00
      3907  1.349769E+00 -3.444165E-01 -1.238779E+00
      3908  1.271473E+00 -3.584636E-01 -1.339776E+00
      3909  1.200244E+00 -3.704405E-01 -1.404730E+00
      3910  1.122584E+00 -3.874312E-01 -1.418334E+00
      3911  1.030737E+00 -3.880706E-01 -1.443120E+00
      3912  9.245917E-01 -3.886267E-01 -1.459526E+00
      3913  8.057868E-01 -4.028351E-01 -1.436627E+00
      3914  6.690724E-01 -4.096514E-01 -1.453342E+00
      3915  5.262112E-01 -4.182128E-01 -1.497772E+00
      3916  3.872692E-01 -4.288669E-01 -1.573557E+00
      3917  2.639113E-01 -4.373168E-01 -1.673950E+00
      3918  1.557495E-01 -4.434087E-01 -1.785590E+00
      3919  8.796363E-02 -4.661036E-01 -1.900198E+00
      3920  4.150096E-02 -4.861070E-01 -1.964595E+00
      3921  6.829204E-02 -5.225819E-01 -2.290855E+00
      4105  5.821909E-01  9.671364E+00 -4.666045E+00
      4106 -1.409404E-01  8.065562E+00 -2.890794E+00
      4107 -1.081395E-01  5.895169E+00 -1.837607E+00
      4108 -1.133385E-01  4.340371E+00 -1.233482E+00
      4109 -1.080582E-01  3.219064E+00 -8.253982E-01
      4110 -1.456286E-01  2.370853E+00 -5.166512E-01
      4111 -1.049213E-01  1.741690E+00 -2.888722E-01
      4112 -8.792814E-02  1.330088E+00 -1.359511E-01
      4113 -7.339308E-02  1.077315E+00 -2.689133E-02
      4114 -7.295628E-02  9.490580E-01  3.228397E-02
      4115 -6.140214E-02  8.975286E-01  4.635715E-02
      4116 -5.129759E-02  9.209291E-01  4.102549E-02
      4117 -4.830564E-02  9.697328E-01  2.444113E-02
      4118 -4.404827E-02  1.044775E+00  6.803111E-03
      4119 -4.319482E-02  1.107996E+00 -1.404576E-02
      4120 -3.677737E-02  1.188721E+00 -3.546149E-02
      4121 -3.181776E-02  1.250124E+00 -5.080410E-02
      4122 -2.936715E-02  1.293779E+00 -6.064861E-02
      4123 -3.335787E-02  1.323309E+00 -7.238410E-02
      4124 -2.509106E-02  1.332809E+00 -6.840757E-02
      4125 -1.809473E-02  1.328282E+00 -5.097117E-02
      4126 -2.410271E-02  1.333316E+00 -4.950663E-02
      4127 -1.481084E-02  1.347153E+00 -5.060892E-02
      4128 -1.115636E-02  1.353079E+00 -5.511286E-02
      4129 -7.085843E-03  1.369993E+00 -6.096246E-02
      4130 -4.635094E-03  1.395509E+00 -7.187844E-02
      4131 -1.911532E-03  1.425916E+00 -8.900034E-02
      4132  1.780551E-03  1.473543E+00 -9.735328E-02
      4133  9.636584E-03  1.532384E+00 -9.785345E-02
      4134 -1.019223E-01  1.313708E+00 -3.081796E-01
      4135  2.936332E+00  1.553910E+01 -2.301396E+01
      4136  2.671337E+00  1.337945E+01 -1.591241E+01
      4137  2.212654E+00  9.605628E+00 -1.104510E+01
      4138  1.974390E+00  6.964067E+00 -8.089060E+00
      4139  1.743393E+00  4.977464E+00 -5.839381E+00
      4140  1.514960E+00  3.612543E+00 -4.161368E+00
      4141  1.273368E+00  2.502004E+00 -2.863257E+00
      4142  1.071960E+00  1.850329E+00 -2.016569E+00
      4143  8.789003E-01  1.272916E+00 -1.396814E+00
      4144  7.152338E-01  9.754254E-01 -1.063636E+00
      4145  5.906729E-01  8.489852E-01 -8.769013E-01
      4146  4.646446E-01  8.072340E-01 -8.527078E-01
      4147  3.877462E-01  8.366359E-01 -9.008498E-01
      4148  3.318220E-01  9.075809E-01 -1.001831E+00
      4149  3.153385E-01  1.015596E+00 -1.116708E+00
      4150  2.683313E-01  1.099053E+00 -1.227676E+00
      4151  2.481532E-01  1.185833E+00 -1.331273E+00
      4152  2.359877E-01  1.250498E+00 -1.411098E+00
      4153  2.233707E-01  1.291744E+00 -1.462738E+00
      4154  2.337330E-01  1.315557E+00 -1.516796E+00
      4155  2.444309E-01  1.317158E+00 -1.508200E+00
      4156  1.972923E-01  1.318451E+00 -1.470294E+00
      4157  1.429122E-01  1.316171E+00 -1.488628E+00
      4158  1.104323E-01  1.318773E+00 -1.498514E+00
      4159  7.763052E-02  1.336515E+00 -1.521373E+00
      4160  4.401545E-02  1.369113E+00 -1.561044E+00
      4161  1.514822E-02  1.411370E+00 -1.620956E+00
      4162 -9.007109E-03  1.458839E+00 -1.689089E+00
      4163  2.525956E-04  1.525447E+00 -1.743142E+00
      4164 -1.680537E-02  1.563306E+00 -1.753063E+00
      4165 -8.473649E-03  1.321604E+00 -1.978352E+00
      4179 -2.585982E+00  2.262354E+00 -2.334571E+01
      4192  3.603833E-02  3.744283E-02 -1.347262E+00
      4193 -1.031743E-02  1.079942E-02 -1.300216E+00
      4194 -4.100294E-03  2.941270E-03 -1.294002E+00
      4195 -1.979130E-02 -2.495751E-03 -1.264291E+00
      4196 -3.098129E-02 -2.141226E-02 -1.261854E+00
      4197 -2.721716E-02 -2.273087E-02 -1.229704E+00
      4198 -5.586421E-02 -2.451412E-02 -1.206856E+00
      4199 -6.681912E-02 -1.777434E-02 -1.165374E+00
      4200 -8.845073E-02 -2.083813E-02 -1.164667E+00
      4201 -1.070561E-01 -2.174477E-02 -1.151249E+00
      4202 -1.189989E-01 -2.159253E-02 -1.141100E+00
      4203 -1.289717E-01 -2.417652E-02 -1.125418E+00
      4204 -1.363186E-01 -2.466808E-02 -1.104235E+00
      4205 -1.416952E-01 -2.608921E-02 -1.075511E+00
      4206 -1.457315E-01 -2.850589E-02 -1.035754E+00
      4207 -1.500289E-01 -3.479606E-02 -9.880307E-01
      4208 -1.574855E-01 -4.172402E-02 -9.297347E-01
      4209 -1.697698E-01 -5.156489E-02 -8.695879E-01
      4210 -1.904754E-01 -5.967832E-02 -8.115560E-01
      4211 -2.302247E-01 -6.398200E-02 -7.677000E-01
      4212 -2.790648E-01 -6.127265E-02 -7.675851E-01
      4213 -3.463615E-01 -4.458778E-02 -8.240192E-01
      4214 -4.438221E-01 -7.744631E-03 -9.575259E-01
      4215 -5.585649E-01  5.873531E-02 -1.207506E+00
      4216 -6.940280E-01  1.622053E-01 -1.603839E+00
      4217 -8.469243E-01  3.145124E-01 -2.181006E+00
      4218 -1.016621E+00  5.340229E-01 -2.985999E+00
      4219 -1.218912E+00  8.340173E-01 -4.109188E+00
      4220 -7.045075E-01  1.193683E+00 -1.973979E+00
      4221 -4.403003E-01  1.397749E+00 -3.728186E+00
      4222 -6.209736E-02 -4.713406E-01 -2.196298E+00
      4223 -6.416709E-02 -5.132369E-01 -1.975452E+00
      4224 -1.129100E-01 -4.952266E-01 -1.929964E+00
      4225 -1.774134E-01 -4.783454E-01 -1.793333E+00
      4226 -2.804540E-01 -4.575623E-01 -1.673802E+00
      4227 -3.895420E-01 -4.399097E-01 -1.544723E+00
      4228 -5.393169E-01 -4.378786E-01 -1.428352E+00
      4229 -6.693078E-01 -4.003404E-01 -1.388576E+00
      4230 -8.326537E-01 -3.887143E-01 -1.313162E+00
      4231 -9.745607E-01 -3.790188E-01 -1.278159E+00
      4232 -1.114352E+00 -3.666013E-01 -1.260112E+00
      4233 -1.244553E+00 -3.634625E-01 -1.251048E+00
      4234 -1.362918E+00 -3.563775E-01 -1.242005E+00
      4235 -1.472981E+00 -3.463451E-01 -1.225568E+00
      4236 -1.576703E+00 -3.341065E-01 -1.193281E+00
      4237 -1.684851E+00 -3.241418E-01 -1.145802E+00
      4238 -1.805854E+00 -3.131392E-01 -1.081914E+00
      4239 -1.961137E+00 -3.068654E-01 -1.020605E+00
      4240 -2.163845E+00 -3.094009E-01 -9.845252E-01
      4241 -2.437560E+00 -3.292190E-01 -1.002618E+00
      4242 -2.795829E+00 -3.580107E-01 -1.171354E+00
      4243 -3.243067E+00 -4.110942E-01 -1.525764E+00
      4244 -3.783505E+00 -5.030633E-01 -2.109650E+00
      4245 -4.414472E+00 -6.300155E-01 -3.042408E+00
      4246 -5.106882E+00 -7.972661E-01 -4.385739E+00
      4247 -5.814017E+00 -1.007988E+00 -6.206244E+00
      4248 -6.468276E+00 -1.254614E+00 -8.555362E+00
      4249 -6.983545E+00 -1.506548E+00 -1.146812E+01
      4250 -7.317715E+00 -1.640276E+00 -1.500654E+01
      4251 -5.076240E+00 -5.445385E-01 -1.424989E+01
      4252 -5.263180E+00  1.147465E+00 -2.152563E+01
      4436 -1.172482E-02  1.459139E+00 -7.209262E-02
      4437  7.852567E-04  1.571649E+00 -5.752836E-02
      4438  1.507081E-02  1.528990E+00 -5.521280E-02
      4439  1.905696E-02  1.496562E+00 -5.261409E-02
      4440  1.985742E-02  1.476400E+00 -3.926171E-02
      4441  2.962724E-02  1.429855E+00 -4.413464E-02
      4442  1.869884E-02  1.383194E+00 -2.129804E-02
      4443  1.616280E-02  1.317069E+00 -2.870680E-02
      4444  3.060883E-02  1.306767E+00 -4.441739E-02
      4445  3.395722E-02  1.293315E+00 -4.015953E-02
      4446  4.326269E-02  1.281843E+00 -4.601262E-02
      4447  4.616361E-02  1.274538E+00 -3.639279E-02
      4448  4.908108E-02  1.251890E+00 -3.782679E-02
      4449  5.111172E-02  1.218476E+00 -3.794934E-02
      4450  5.412621E-02  1.173244E+00 -3.622243E-02
      4451  5.597743E-02  1.119752E+00 -2.730180E-02
      4452  5.747582E-02  1.054813E+00 -1.912338E-02
      4453  6.171928E-02  9.907604E-01 -6.882588E-03
      4454  6.073583E-02  9.406359E-01 -2.254672E-03
      4455  7.184881E-02  9.138169E-01  4.928602E-03
      4456  7.844477E-02  9.262593E-01 -1.237409E-03
      4457  8.366237E-02  1.022310E+00 -5.563589E-02
      4458  9.896190E-02  1.232472E+00 -1.428596E-01
      4459  1.137133E-01  1.575886E+00 -2.804720E-01
      4460  1.314096E-01  2.101302E+00 -4.832820E-01
      4461  1.497443E-01  2.840913E+00 -7.680423E-01
      4462  1.646127E-01  3.832224E+00 -1.158935E+00
      4463  1.775170E-01  5.165529E+00 -1.706570E+00
      4464  1.409752E-01  7.114238E+00 -2.619119E+00
      4465 -4.359304E-01  8.623910E+00 -4.188846E+00
      4466  9.814186E-03  1.347295E+00 -1.952285E+00
      4467  1.502629E-02  1.550937E+00 -1.718047E+00
      4468 -2.823061E-02  1.602592E+00 -1.637087E+00
      4469 -7.888763E-02  1.521850E+00 -1.609039E+00
      4470 -1.013700E-01  1.451872E+00 -1.567878E+00
      4471 -1.089217E-01  1.515807E+00 -1.474728E+00
      4472 -1.263925E-01  1.351372E+00 -1.475013E+00
      4473 -1.350821E-01  1.318154E+00 -1.411677E+00
      4474 -2.176232E-01  1.266170E+00 -1.426717E+00
      4475 -2.509752E-01  1.254930E+00 -1.408379E+00
      4476 -2.779261E-01  1.239574E+00 -1.403233E+00
      4477 -3.055011E-01  1.240236E+00 -1.373842E+00
      4478 -3.311644E-01  1.222407E+00 -1.353623E+00
      4479 -3.526250E-01  1.197245E+00 -1.328261E+00
      4480 -3.706010E-01  1.158374E+00 -1.291052E+00
      4481 -3.893558E-01  1.105945E+00 -1.233707E+00
      4482 -4.114210E-01  1.040182E+00 -1.161161E+00
      4483 -4.411337E-01  9.679696E-01 -1.082115E+00
      4484 -4.847530E-01  9.019381E-01 -1.003749E+00
      4485 -5.281330E-01  8.640015E-01 -9.777213E-01
      4486 -5.933341E-01  8.734155E-01 -9.851913E-01
      4487 -7.227669E-01  9.748739E-01 -1.090983E+00
      4488 -8.832369E-01  1.202329E+00 -1.392750E+00
      4489 -1.054350E+00  1.600098E+00 -1.896870E+00
      4490 -1.248902E+00  2.223279E+00 -2.676673E+00
      4491 -1.460822E+00  3.123746E+00 -3.795433E+00
      4492 -1.678972E+00  4.339382E+00 -5.323909E+00
      4493 -1.894822E+00  5.950234E+00 -7.360966E+00
      4494 -2.098092E+00  8.189898E+00 -1.010842E+01
      4495 -2.466614E+00  1.205127E+01 -1.448790E+01
      4496 -2.716086E+00  1.438343E+01 -2.086987E+01
      5210  1.767883E+00 -1.675672E+00  2.600602E+00
      5211  6.235783E+00 -2.380816E-01  5.364971E+00
      5212  1.244971E+01  1.519008E-01  8.650367E+00
      5213  2.615977E+01 -3.947289E-01  1.116662E+01
      5214 -2.472770E+00 -8.463241E-02 -6.453109E+00
      5215  4.206882E+00 -4.707949E+00  1.010700E+01
      5216  1.267351E+01 -7.279003E+00  3.072602E+01
      5217  2.832301E+01 -8.713525E+00  5.714541E+01
      5218  4.697654E+01 -8.584443E+00  9.585074E+01
      5367 -1.363333E+00  4.111236E+00 -8.221194E+00
      5368 -5.452674E+00  3.980506E+01  1.647183E+02
      5369  6.117773E+00 -2.675378E+00 -3.670575E+00
      5370  1.764293E+00 -1.261826E+00 -1.378667E+00
      5371 -3.314193E+00 -1.006652E+00  1.370341E+00
      5372 -1.697278E+01 -6.664516E-01  5.975711E+00
      5373  7.295320E+00  2.992118E+00 -1.847529E+01
      5374  5.072206E+00 -3.683136E+00 -1.060116E+01
      5375 -4.100420E+00 -6.918968E+00  8.736993E+00
      5376 -1.943925E+01 -9.420193E+00  3.707218E+01
      5377 -3.780024E+01 -1.129183E+01  8.092138E+01
      6109 -5.991096E+00 -2.422984E+00 -3.555189E+00
      6110 -2.100576E+00 -1.151253E+00 -1.556403E+00
      6111  2.516906E+00 -9.132444E-01  9.637598E-01
      6112  1.506820E+01 -6.533286E-01  5.102509E+00
      6113 -6.817858E+00  2.847942E+00 -1.726770E+01
      6114 -5.036405E+00 -3.340448E+00 -1.055601E+01
      6115  3.320957E+00 -6.328621E+00  6.945945E+00
      6116  1.718020E+01 -8.647588E+00  3.275875E+01
      6117  3.416900E+01 -1.043808E+01  7.307864E+01
      6275  1.392860E+00  3.655326E+00 -7.330605E+00
      6276  5.533465E+00  3.635018E+01  1.504387E+02
      6277 -1.974291E+00 -1.517354E+00  2.727203E+00
      6278 -6.098965E+00 -2.032545E-01  5.325617E+00
      6279 -1.184258E+01  1.551957E-01  8.351245E+00
      6280 -2.448052E+01 -3.290162E-01  1.048566E+01
      6281  1.963396E+00 -2.888890E-01 -5.150825E+00
      6282 -4.334396E+00 -4.409992E+00  1.043482E+01
      6283 -1.209585E+01 -6.708894E+00  2.938428E+01
      6284 -2.652524E+01 -7.965799E+00  5.349750E+01
      6285 -4.332777E+01 -7.739022E+00  8.847619E+01
      6912  3.770645E+00  1.165810E+00 -1.284107E+01
      6917 -3.538040E+00  1.138912E+00 -1.151592E+01
      6919 -8.403556E-02  4.478975E+00  6.211776E+00
      6920 -8.331623E-01  3.567065E+00  6.814673E+00
      6921 -5.099061E-01  2.413670E+00  4.615773E+00
      6922 -2.138836E-01  1.644087E+00  3.174321E+00
      6923 -4.555841E-02  1.140665E+00  2.234937E+00
      6924  5.664273E-02  8.418403E-01  1.635930E+00
      6925  1.141635E-01  6.661598E-01  1.284846E+00
      6926  1.373816E-01  5.753464E-01  1.077949E+00
      6927  1.597138E-01  5.511127E-01  1.022120E+00
      6928  1.611024E-01  5.930359E-01  1.052624E+00
      6929  1.538203E-01  6.439735E-01  1.137512E+00
      6930  1.419950E-01  7.110119E-01  1.244256E+00
      6931  1.300462E-01  7.842987E-01  1.364994E+00
      6932  1.188508E-01  8.471999E-01  1.475977E+00
      6933  1.007591E-01  9.056403E-01  1.574411E+00
      6934  8.962918E-02  9.573318E-01  1.665068E+00
      6935  7.694925E-02  9.951376E-01  1.730163E+00
      6936  6.607684E-02  1.020748E+00  1.773655E+00
      6937  5.806195E-02  1.031326E+00  1.799402E+00
      6938  5.128818E-02  1.046544E+00  1.811886E+00
      6939  4.279593E-02  1.057405E+00  1.817001E+00
      6940  3.480503E-02  1.053546E+00  1.817491E+00
      6941  2.902622E-02  1.056551E+00  1.816982E+00
      6942  2.359196E-02  1.061365E+00  1.821511E+00
      6943  1.855965E-02  1.067990E+00  1.831104E+00
      6944  1.476215E-02  1.077672E+00  1.847678E+00
      6945  1.147674E-02  1.091079E+00  1.872426E+00
      6946  9.348984E-03  1.101872E+00  1.892898E+00
      6947  8.136407E-03  1.095191E+00  1.891632E+00
      6948  9.127592E-03  1.187462E+00  1.914028E+00
      6949 -9.693785E-03  1.175380E+00  1.911312E+00
      6950 -7.339753E-03  1.095551E+00  1.900966E+00
      6951 -1.062433E-02  1.111035E+00  1.902288E+00
      6952 -1.763696E-02  1.097090E+00  1.887876E+00
      6953 -1.759675E-02  1.093943E+00  1.877616E+00
      6954 -2.737334E-02  1.105801E+00  1.885323E+00
      6955 -3.685964E-02  1.070511E+00  1.850854E+00
      6956 -3.579439E-02  1.066525E+00  1.823844E+00
      6957 -4.757685E-02  1.050785E+00  1.812032E+00
      6958 -5.663388E-02  1.044743E+00  1.806314E+00
      6959 -6.562866E-02  1.035418E+00  1.791746E+00
      6960 -7.474568E-02  1.019535E+00  1.770665E+00
      6961 -8.420485E-02  9.982770E-01  1.738514E+00
      6962 -9.426600E-02  9.709892E-01  1.695007E+00
      6963 -1.054410E-01  9.362329E-01  1.636867E+00
      6964 -1.166423E-01  8.909974E-01  1.559386E+00
      6965 -1.292398E-01  8.374536E-01  1.468330E+00
      6966 -1.420696E-01  7.748115E-01  1.359670E+00
      6967 -1.543475E-01  7.059670E-01  1.244104E+00
      6968 -1.636597E-01  6.325143E-01  1.132040E+00
      6969 -1.684323E-01  5.764532E-01  1.040076E+00
      6970 -1.669960E-01  5.429290E-01  9.942855E-01
      6971 -1.541771E-01  5.412897E-01  1.027432E+00
      6972 -1.238240E-01  6.058934E-01  1.179190E+00
      6973 -7.003126E-02  7.597158E-01  1.497059E+00
      6974  1.894655E-02  1.036166E+00  2.038560E+00
      6975  1.709305E-01  1.480994E+00  2.884751E+00
      6976  4.401984E-01  2.174070E+00  4.188046E+00
      6977  7.346999E-01  3.219137E+00  6.187266E+00
      6978  6.016865E-02  4.042483E+00  5.625247E+00
      6979  1.984913E+00  3.860204E+00  8.399185E+00
      6980  1.049578E+00  3.489251E+00  8.383677E+00
      6981  3.017271E+00  1.517615E+00  7.391752E+00
      6982  3.466308E+00  6.989151E-01  4.629102E+00
      6983  3.542106E+00  3.570166E-01  3.121162E+00
      6984  3.387948E+00  2.632126E-01  2.358751E+00
      6985  3.113425E+00  3.002403E-01  2.053579E+00
      6986  2.767502E+00  4.125729E-01  2.014165E+00
      6987  2.457357E+00  5.386644E-01  2.126204E+00
      6988  2.155067E+00  7.074054E-01  2.400628E+00
      6989  1.880734E+00  8.573485E-01  2.708028E+00
      6990  1.645220E+00  9.962986E-01  3.025037E+00
      6991  1.453796E+00  1.113602E+00  3.322641E+00
      6992  1.287952E+00  1.206133E+00  3.580684E+00
      6993  1.160146E+00  1.285621E+00  3.802198E+00
      6994  1.064728E+00  1.336362E+00  3.977439E+00
      6995  9.755578E-01  1.383505E+00  4.128724E+00
      6996  9.000223E-01  1.414169E+00  4.232150E+00
      6997  8.305852E-01  1.432685E+00  4.301172E+00
      6998  7.613059E-01  1.449592E+00  4.352029E+00
      6999  6.862389E-01  1.455873E+00  4.379210E+00
      7000  6.028884E-01  1.453008E+00  4.386340E+00
      7001  5.130447E-01  1.450667E+00  4.387789E+00
      7002  4.212218E-01  1.442759E+00  4.380466E+00
      7003  3.296152E-01  1.431454E+00  4.369474E+00
      7004  2.457935E-01  1.419023E+00  4.358039E+00
      7005  1.742993E-01  1.409310E+00  4.356277E+00
      7006  1.053287E-01  1.397327E+00  4.351834E+00
      7007  4.783133E-02  1.387333E+00  4.338264E+00
      7008  3.346845E-02  1.382066E+00  4.355563E+00
      7009 -1.095961E-02  1.431302E+00  4.315534E+00
      7010 -5.647217E-02  1.385959E+00  4.356361E+00
      7011 -6.729893E-02  1.394790E+00  4.358564E+00
      7012 -1.192835E-01  1.410601E+00  4.390230E+00
      7013 -1.761244E-01  1.431847E+00  4.424811E+00
      7014 -2.406356E-01  1.460488E+00  4.489435E+00
      7015 -3.625213E-01  1.477361E+00  4.508400E+00
      7016 -4.527149E-01  1.474500E+00  4.463922E+00
      7017 -5.449829E-01  1.491593E+00  4.459365E+00
      7018 -6.400535E-01  1.488357E+00  4.445311E+00
      7019 -7.451870E-01  1.486945E+00  4.428720E+00
      7020 -8.461086E-01  1.472890E+00  4.383390E+00
      7021 -9.424314E-01  1.450551E+00  4.313407E+00
      7022 -1.033448E+00  1.417803E+00  4.214546E+00
      7023 -1.122361E+00  1.374808E+00  4.086710E+00
      7024 -1.214788E+00  1.318997E+00  3.923020E+00
      7025 -1.311000E+00  1.250043E+00  3.725072E+00
      7026 -1.425777E+00  1.166791E+00  3.490364E+00
      7027 -1.561457E+00  1.064982E+00  3.217989E+00
      7028 -1.728756E+00  9.466327E-01  2.915637E+00
      7029 -1.932578E+00  8.119538E-01  2.596572E+00
      7030 -2.170977E+00  6.627734E-01  2.282851E+00
      7031 -2.442045E+00  5.102539E-01  2.014736E+00
      7032 -2.734985E+00  3.710181E-01  1.848996E+00
      7033 -3.026672E+00  2.670120E-01  1.856514E+00
      7034 -3.279786E+00  2.313441E-01  2.134589E+00
      7035 -3.429604E+00  3.157037E-01  2.821763E+00
      7036 -3.360701E+00  6.221244E-01  4.171811E+00
      7037 -2.946837E+00  1.375416E+00  6.679265E+00
      7038 -1.065998E+00  3.169009E+00  7.594485E+00
      7039 -1.907639E+00  3.494819E+00  7.581747E+00
      7413 -2.740448E-01  1.815641E+01 -4.333499E+01
      7442 -4.666374E-01  2.955022E+01  7.414588E+01
      7460 -5.911042E+00 -4.538268E-01  3.816293E+00
      7461 -2.581993E+00 -3.863483E-01  2.012212E+00
      7462 -1.664315E+01  2.844462E+00  3.974770E+01
      7463 -8.606993E+00  8.092437E-01  2.042103E+01
      7464 -2.522522E+00  4.894115E-01  6.032596E+00
      7465  8.819928E+00 -1.127326E-01  4.280099E+00
      7466  3.287561E+00 -4.115580E-01  1.075819E+00
      7467 -3.113388E+00 -5.136871E-01 -1.844800E+00
      7468  2.090932E+01  2.785599E+00  4.924660E+01
      7469  9.679558E+00  2.050295E-01  2.321739E+01
      7470 -5.177129E-01 -4.351160E-02  2.700714E-01
      7471 -1.087775E+01  8.444056E-01 -2.567695E+01
      7511  2.461279E-01  1.624159E+01 -3.875380E+01
      7540  4.732834E-01  2.671423E+01  6.702604E+01
      7558 -8.150196E+00 -9.403701E-02  4.047089E+00
      7559 -3.160033E+00 -3.655411E-01  1.146747E+00
      7560  2.628518E+00 -4.669990E-01 -1.470483E+00
      7561 -1.912182E+01  2.528194E+00  4.503125E+01
      7562 -8.994922E+00  1.647874E-01  2.154894E+01
      7563  2.102402E-01 -4.672866E-02  8.385173E-01
      7564  9.544131E+00  7.554561E-01 -2.258292E+01
      7565  5.242466E+00 -4.040068E-01  3.324071E+00
      7566  2.243042E+00 -3.486580E-01  1.688361E+00
      7567  1.490781E+01  2.558514E+00  3.558521E+01
      7568  7.665665E+00  7.371344E-01  1.816870E+01
      7569  2.202940E+00  4.589433E-01  5.236670E+00
     50800  8.186462E-03  1.002178E-01 -5.315662E-03
     50801  1.394066E-02  1.799963E-01 -4.465088E-02
     50802  1.033881E-03  1.854682E-01 -4.312685E-02
     50803  1.283551E-02  2.007115E-01 -4.431261E-02
     50804  8.347461E-03  2.106658E-01 -4.445858E-02
     50805  7.397895E-03  2.440344E-01 -5.076983E-02
     50806 -1.475915E-02  1.669900E-01  5.720723E-02
     50807  8.377539E-03  2.116623E-01 -4.513012E-02
     50808 -3.239854E-03  2.091915E-01 -4.157419E-02
     50809  1.200710E-02  2.045205E-01 -4.430891E-02
     50810  1.143168E-02  2.067944E-01 -4.412212E-02
     50811  1.328968E-02  2.300631E-01 -5.892100E-02
     50812  1.362642E-02  8.651042E-02  5.332392E-02
     50813  1.463757E-02  1.977764E-01 -4.547773E-02
     50814  7.686543E-03  1.899796E-01 -3.336558E-02
     50815  4.781495E-02  6.001436E-01  1.646325E-01
     50816  2.407717E-02  8.852781E-02  1.884492E-01
     50817  2.170993E-02  1.238810E-01  1.003144E-01
     50818  1.998436E-02  7.992533E-02  8.406416E-02
     50819  1.184498E-02  8.109138E-02  3.392467E-02
     50820  1.410291E-02  1.552601E-01 -3.252141E-02
     50821  1.989389E-02  1.766725E-01 -5.080381E-02
     50822  1.198413E-02  2.043102E-01 -4.466615E-02
     50823  8.023629E-03  2.069693E-01 -4.138869E-02
     50824  7.370581E-03  2.048906E-01 -3.971243E-02
     50825  1.245573E-02  1.829800E-01 -4.409423E-02
     50826  9.175822E-03  2.148460E-01 -4.628631E-02
     50827  1.689943E-02  1.248210E-01 -5.697057E-03
     50828  2.012433E-02  1.476141E-01 -3.353147E-02
     50829  1.472890E-02  1.737886E-01 -4.407870E-02
     50830  8.324305E-03  2.102124E-01 -4.350296E-02
     50831  3.975541E+00 -3.603186E-01 -2.676272E+01
     50832  3.542676E+00  1.775697E+00 -2.149350E+01
     50833  4.215026E+00  2.257206E-01 -1.942959E+01
     50834  5.045385E+00  7.008740E-01 -2.491665E+01
     50835  5.586967E-02 -3.173303E-01 -1.921002E+00
     50836 -3.383565E-03 -1.348217E-01 -2.645427E+00
     50837 -1.027979E-01 -2.518769E-01 -1.916064E+00
     50838  2.423903E-02 -1.409757E-01 -2.685980E+00
     50839  4.268940E+00 -7.838948E-01 -1.584539E+01
     50840  3.927931E+00 -1.134837E+00 -1.400397E+01
     50841  4.649425E+00 -1.534090E+00 -1.961011E+01
     50842  4.541325E+00 -2.195059E+00 -1.929325E+01
     50843  3.944743E+00 -1.011775E+00 -1.181938E+01
     50844  3.622203E+00 -1.053005E+00 -1.052979E+01
     50845  4.557453E+00 -1.994225E+00 -1.455776E+01
     50846  5.021748E+00 -1.205799E+00 -1.785902E+01
     50847  4.286419E+00 -1.664783E+00 -1.453464E+01
     50848  3.639700E+00 -9.258760E-01 -8.915491E+00
     50849  3.328347E+00 -8.882574E-01 -7.876425E+00
     50850  4.076831E+00 -1.586913E+00 -1.089805E+01
     50851  4.502733E+00 -1.117814E+00 -1.336784E+01
     50852  3.909887E+00 -1.234719E+00 -1.085638E+01
     50853  3.280862E+00 -7.483128E-01 -6.627091E+00
     50854  2.997341E+00 -7.100097E-01 -5.804626E+00
     50855  3.640333E+00 -1.279035E+00 -8.107368E+00
     50856  3.523698E+00 -8.718426E-01 -8.063715E+00
     50857  3.993093E+00 -7.870331E-01 -9.936377E+00
     50858  2.891963E+00 -6.219050E-01 -4.839827E+00
     50859  2.619670E+00 -6.078362E-01 -4.244153E+00
     50860  3.183042E+00 -1.034499E+00 -5.955512E+00
     50861  3.498907E+00 -5.516614E-01 -7.305178E+00
     50862  3.131709E+00 -6.779066E-01 -5.894856E+00
     50863  2.488824E+00 -4.861284E-01 -3.466365E+00
     50864  2.263654E+00 -4.699452E-01 -3.035325E+00
     50865  2.779919E+00 -8.420982E-01 -4.308987E+00
     50866  3.009920E+00 -3.704187E-01 -5.341792E+00
     50867  2.678610E+00 -5.127477E-01 -4.301793E+00
     50868  2.121833E+00 -4.202726E-01 -2.507662E+00
     50869  1.908255E+00 -4.074916E-01 -2.208917E+00
     50870  2.314608E+00 -7.164323E-01 -3.114747E+00
     50871  2.306403E+00 -3.586823E-01 -3.153481E+00
     50872  2.547350E+00 -3.288261E-01 -3.869541E+00
     50873  1.773897E+00 -3.610411E-01 -1.822050E+00
     50874  1.613007E+00 -3.483542E-01 -1.624186E+00
     50875  1.958320E+00 -6.377545E-01 -2.278661E+00
     50876  2.095271E+00 -2.123545E-01 -2.859347E+00
     50877  1.899453E+00 -3.099821E-01 -2.377364E+00
     50878  1.486055E+00 -3.474209E-01 -1.429060E+00
     50879  1.340592E+00 -3.405369E-01 -1.332997E+00
     50880  1.582004E+00 -6.133834E-01 -1.758424E+00
     50881  1.633576E+00 -1.723906E-01 -1.937830E+00
     50882  1.753499E+00 -2.391943E-01 -2.164340E+00
     50883  1.240527E+00 -3.181353E-01 -1.174611E+00
     50884  1.130835E+00 -3.055458E-01 -1.133354E+00
     50885  1.354515E+00 -6.041069E-01 -1.455661E+00
     50886  1.395560E+00 -1.407416E-01 -1.820047E+00
     50887  1.327124E+00 -2.357916E-01 -1.677886E+00
     50888  1.051129E+00 -3.178302E-01 -1.126672E+00
     50889  9.583401E-01 -3.028571E-01 -1.092525E+00
     50890  1.083618E+00 -6.052719E-01 -1.332691E+00
     50891  1.188509E+00 -2.301593E-01 -1.610246E+00
     50892  1.166417E+00 -1.106012E-01 -1.664911E+00
     50893  9.032780E-01 -3.233643E-01 -1.143770E+00
     50894  8.246932E-01 -3.080645E-01 -1.135338E+00
     50895  9.100152E-01 -6.350196E-01 -1.331379E+00
     50896  1.008722E+00 -1.073254E-01 -1.709642E+00
     50897  9.837712E-01 -2.529320E-01 -1.560028E+00
     50898  7.902040E-01 -3.305151E-01 -1.216914E+00
     50899  7.170325E-01 -3.190416E-01 -1.235411E+00
     50900  7.817733E-01 -6.595194E-01 -1.401906E+00
     50901  8.341362E-01 -2.647881E-01 -1.630369E+00
     50902  8.900459E-01 -1.138907E-01 -1.816192E+00
     50903  7.114038E-01 -3.421157E-01 -1.330645E+00
     50904  6.520254E-01 -3.236279E-01 -1.326705E+00
     50905  6.880051E-01 -6.922059E-01 -1.520052E+00
     50906  8.004010E-01 -1.489069E-01 -1.968602E+00
     50907  7.152463E-01 -2.678030E-01 -1.763656E+00
     50908  6.463206E-01 -3.600162E-01 -1.445870E+00
     50909  5.929891E-01 -3.417463E-01 -1.451428E+00
     50910  6.087804E-01 -7.086427E-01 -1.636283E+00
     50911  6.513236E-01 -2.773596E-01 -1.903924E+00
     50912  7.416360E-01 -1.390647E-01 -2.121883E+00
     50913  6.055047E-01 -3.653288E-01 -1.551152E+00
     50914  5.552047E-01 -3.540361E-01 -1.550390E+00
     50915  5.701806E-01 -7.406955E-01 -1.771090E+00
     50916  7.007260E-01 -1.541921E-01 -2.261935E+00
     50917  5.882361E-01 -2.968099E-01 -2.061271E+00
     50918  5.743170E-01 -3.744791E-01 -1.638844E+00
     50919  5.255138E-01 -3.645905E-01 -1.625624E+00
     50920  5.377342E-01 -7.665701E-01 -1.879601E+00
     50921  5.483275E-01 -3.088405E-01 -2.195979E+00
     50922  6.700418E-01 -1.664436E-01 -2.372821E+00
     50923  5.472284E-01 -3.820790E-01 -1.698572E+00
     50924  4.969928E-01 -3.736813E-01 -1.674104E+00
     50925  5.128492E-01 -7.836149E-01 -1.956105E+00
     50926  5.205500E-01 -3.146845E-01 -2.297492E+00
     50927  6.446553E-01 -1.743794E-01 -2.448865E+00
     50928  5.190762E-01 -3.869089E-01 -1.725482E+00
     50929  4.584601E-01 -3.950620E-01 -1.745094E+00
     50930  4.883304E-01 -8.010506E-01 -2.003166E+00
     50931  4.946155E-01 -3.216559E-01 -2.362909E+00
     50932  6.201138E-01 -1.905383E-01 -2.465050E+00
     50933  4.814431E-01 -3.875145E-01 -1.705214E+00
     50934  4.181535E-01 -3.975473E-01 -1.758074E+00
     50935  5.069617E-01 -8.113716E-01 -2.019747E+00
     50936  4.135006E-01 -2.134604E-01 -2.466471E+00
     50937  5.364646E-01 -3.018100E-01 -2.422559E+00
     50938  4.346458E-01 -3.947779E-01 -1.714397E+00
     50939  3.770190E-01 -3.904414E-01 -1.712999E+00
     50940  4.651957E-01 -8.032408E-01 -2.024088E+00
     50941  4.838885E-01 -3.036083E-01 -2.455103E+00
     50942  3.759312E-01 -1.918338E-01 -2.505307E+00
     50943  3.857407E-01 -4.002418E-01 -1.753669E+00
     50944  3.221960E-01 -3.955583E-01 -1.712361E+00
     50945  3.624978E-01 -8.096781E-01 -2.032646E+00
     50946  3.824816E-01 -3.155948E-01 -2.442280E+00
     50947  4.782422E-01 -1.868896E-01 -2.519558E+00
     50948  3.266631E-01 -4.030624E-01 -1.762029E+00
     50949  2.603766E-01 -3.974087E-01 -1.725028E+00
     50950  3.042362E-01 -8.279041E-01 -2.043264E+00
     50951  4.145312E-01 -1.836416E-01 -2.527242E+00
     50952  3.122341E-01 -3.254929E-01 -2.422721E+00
     50953  2.633651E-01 -4.045861E-01 -1.782855E+00
     50954  1.966335E-01 -4.000127E-01 -1.753991E+00
     50955  2.398673E-01 -8.295347E-01 -2.060846E+00
     50956  3.446280E-01 -1.860950E-01 -2.550997E+00
     50957  2.465016E-01 -3.261676E-01 -2.435783E+00
     50958  2.011556E-01 -4.080939E-01 -1.822297E+00
     50959  1.352633E-01 -4.036639E-01 -1.801697E+00
     50960  1.737502E-01 -8.324247E-01 -2.097454E+00
     50961  1.778238E-01 -3.285258E-01 -2.469288E+00
     50962  2.758050E-01 -1.872736E-01 -2.596558E+00
     50963  1.452176E-01 -4.108483E-01 -1.877842E+00
     50964  8.125895E-02 -4.054156E-01 -1.862170E+00
     50965  1.127684E-01 -8.354379E-01 -2.152763E+00
     50966  2.136641E-01 -1.887335E-01 -2.659068E+00
     50967  1.117347E-01 -3.344440E-01 -2.523461E+00
     50968  9.829785E-02 -4.145861E-01 -1.940944E+00
     50969  3.160506E-02 -4.110347E-01 -1.937944E+00
     50970  6.085307E-02 -8.383166E-01 -2.220561E+00
     50971  5.385632E-02 -3.360564E-01 -2.592744E+00
     50972  1.635817E-01 -1.905087E-01 -2.730862E+00
     50973  6.718546E-02 -4.265798E-01 -2.020818E+00
     50974  7.328730E-03 -4.105626E-01 -1.985294E+00
     50975  1.709105E-02 -8.516284E-01 -2.302069E+00
     50976  1.226383E-01 -2.182548E-01 -2.821579E+00
     50977  1.002250E-03 -3.351074E-01 -2.676660E+00
     50978  4.671259E-02 -4.613419E-01 -2.074929E+00
     50979 -1.593107E-02 -4.257982E-01 -2.034349E+00
     50980 -2.285150E-02 -8.582787E-01 -2.360841E+00
     50981  1.358947E-01 -2.157364E-01 -2.890466E+00
     50982 -2.254741E-02 -3.330638E-01 -2.751903E+00
     50983  2.580994E-01 -8.622606E-01 -2.248792E+00
     50984 -8.168314E-02 -2.961242E-01 -2.840214E+00
     52843 -6.235066E-02  4.736526E-01  1.418923E-01
     52844  1.932712E-02  1.181452E-01  1.101267E-01
     52845  1.841476E-02  9.977593E-02  7.966426E-02
     52846 -2.409547E-03  2.003292E-01 -4.446748E-02
     52847 -9.055467E-04  2.153170E-01 -4.861488E-02
     52848 -1.239854E-03  1.020510E-01 -3.579416E-03
     52849 -7.366191E-03  2.695140E-01 -7.435133E-02
     52850 -3.868782E-03  1.829655E-01 -4.048086E-02
     52851  1.320367E-03  9.290107E-02  1.125186E-02
     52852  3.936974E-03  2.526839E-01 -6.032909E-02
     52853  3.332043E-03  2.754721E-01 -6.263307E-02
     52854 -1.271131E-02  1.294960E-01  1.097489E-02
     52855  5.444534E-03  2.658241E-01 -6.449615E-02
     52856 -3.428130E-03  1.358407E-01 -2.939838E-02
     52857  3.609627E-03  2.783890E-01 -7.706536E-02
     52858 -3.095611E-03  1.923386E-01 -4.250369E-02
     52859 -4.236788E-03  1.708743E-01 -3.795606E-02
     52860 -2.196382E-03  1.380594E-01 -2.531011E-02
     52861  1.239086E-03  2.086095E-01 -4.625872E-02
     52862  1.029116E-02  8.950529E-02  5.267442E-02
     52863  6.268889E-04  2.435370E-01 -5.172754E-02
     52864 -1.646361E-02  2.501037E-01 -6.795643E-02
     52865 -3.577582E-03  1.149488E-01 -1.538205E-02
     52866  1.333842E-03  2.176141E-01 -4.790668E-02
     52867  1.055090E-04  2.177766E-01 -4.917694E-02
     52868 -4.842673E-03  1.621184E-01 -3.612368E-02
     52869 -7.662741E-03  1.389235E-01 -3.235565E-02
     52870 -1.753332E-03  2.093197E-01 -4.685944E-02
     52871  2.054121E-03  2.174971E-01 -4.908020E-02
     52872  1.395591E-03  5.332216E-02  1.870580E-01
     52873  4.541073E-03  8.810830E-02  2.976123E-02
     52874 -2.669215E-02 -1.471346E-01 -2.653496E+00
     52875 -4.590078E-02 -3.218336E-01 -1.919126E+00
     52876 -5.042570E-03 -4.492563E-01 -2.112796E+00
     52877 -4.934601E-02 -9.213371E-02 -2.695044E+00
     52878 -3.293452E+00  1.580451E+00 -1.938073E+01
     52879 -3.674996E+00 -5.242992E-01 -2.403542E+01
     52880 -3.897932E+00  2.193486E-01 -1.754816E+01
     52881 -4.715159E+00  5.098082E-01 -2.250422E+01
     52882  1.264745E-02 -4.737298E-01 -2.097357E+00
     52883 -6.370547E-02 -4.745601E-01 -2.097804E+00
     52884 -4.132476E-02 -7.980207E-01 -2.469568E+00
     52885  7.444723E-02 -2.873125E-01 -2.876151E+00
     52886 -2.567672E-02 -4.261205E-01 -2.004370E+00
     52887 -6.955409E-02 -4.313576E-01 -1.981914E+00
     52888  1.249217E-02 -8.711294E-01 -2.384277E+00
     52889 -1.730316E-01 -1.818255E-01 -2.921867E+00
     52890 -9.702622E-04 -3.753478E-01 -2.822175E+00
     52891 -4.083440E-02 -4.415698E-01 -2.009195E+00
     52892 -1.042413E-01 -4.338007E-01 -1.912915E+00
     52893 -9.654147E-02 -8.594922E-01 -2.327781E+00
     52894  3.519534E-02 -2.014233E-01 -2.828642E+00
     52895 -8.951395E-02 -3.747189E-01 -2.799808E+00
     52896 -8.244917E-02 -4.337532E-01 -1.936442E+00
     52897 -1.557879E-01 -4.235591E-01 -1.852641E+00
     52898 -1.291570E-01 -8.620280E-01 -2.255782E+00
     52899 -5.330944E-03 -1.880107E-01 -2.731552E+00
     52900 -1.469547E-01 -3.747223E-01 -2.681325E+00
     52901 -1.232010E-01 -4.358418E-01 -1.880615E+00
     52902 -2.088389E-01 -4.128308E-01 -1.773758E+00
     52903 -1.825654E-01 -8.576034E-01 -2.186931E+00
     52904 -4.850963E-02 -2.297281E-01 -2.684115E+00
     52905 -1.973367E-01 -3.499019E-01 -2.599156E+00
     52906 -1.918321E-01 -4.252070E-01 -1.800767E+00
     52907 -2.745166E-01 -4.330891E-01 -1.781261E+00
     52908 -2.382318E-01 -8.492738E-01 -2.105957E+00
     52909 -2.633803E-01 -3.636774E-01 -2.531948E+00
     52910 -1.091191E-01 -1.858610E-01 -2.561482E+00
     52911 -2.578859E-01 -3.990963E-01 -1.703383E+00
     52912 -3.227229E-01 -4.045896E-01 -1.670358E+00
     52913 -2.279728E-01 -8.458179E-01 -2.051046E+00
     52914 -3.753944E-01 -2.133163E-01 -2.536429E+00
     52915 -2.523112E-01 -3.312258E-01 -2.443829E+00
     52916 -3.269109E-01 -4.035543E-01 -1.707665E+00
     52917 -3.955952E-01 -3.966076E-01 -1.639669E+00
     52918 -3.665816E-01 -8.155551E-01 -1.979954E+00
     52919 -3.635592E-01 -3.211574E-01 -2.423548E+00
     52920 -2.692638E-01 -1.701600E-01 -2.451111E+00
     52921 -3.931239E-01 -3.876149E-01 -1.672437E+00
     52922 -4.567311E-01 -3.953330E-01 -1.620664E+00
     52923 -4.248350E-01 -8.159266E-01 -1.952154E+00
     52924 -3.446248E-01 -1.829481E-01 -2.418095E+00
     52925 -4.473364E-01 -3.175015E-01 -2.347984E+00
     52926 -4.542925E-01 -3.793324E-01 -1.652630E+00
     52927 -5.163457E-01 -3.836122E-01 -1.597820E+00
     52928 -4.851622E-01 -8.123325E-01 -1.931333E+00
     52929 -4.115697E-01 -1.813935E-01 -2.385401E+00
     52930 -5.178793E-01 -3.213918E-01 -2.330529E+00
     52931 -5.116139E-01 -3.750443E-01 -1.635356E+00
     52932 -5.709495E-01 -3.846344E-01 -1.583808E+00
     52933 -5.474316E-01 -7.980021E-01 -1.908377E+00
     52934 -5.801160E-01 -3.046113E-01 -2.301864E+00
     52935 -4.737627E-01 -1.881355E-01 -2.365715E+00
     52936 -5.617084E-01 -3.732657E-01 -1.619812E+00
     52937 -6.204191E-01 -3.790619E-01 -1.560900E+00
     52938 -6.001731E-01 -7.918498E-01 -1.890906E+00
     52939 -5.259088E-01 -1.798218E-01 -2.335913E+00
     52940 -6.403323E-01 -3.132504E-01 -2.285088E+00
     52941 -6.087957E-01 -3.640867E-01 -1.589977E+00
     52942 -6.654452E-01 -3.708472E-01 -1.528044E+00
     52943 -6.457192E-01 -7.752099E-01 -1.859141E+00
     52944 -6.922722E-01 -3.069382E-01 -2.249747E+00
     52945 -5.755210E-01 -1.766504E-01 -2.288462E+00
     52946 -6.524226E-01 -3.523703E-01 -1.546476E+00
     52947 -7.072813E-01 -3.593594E-01 -1.478174E+00
     52948 -6.865046E-01 -7.544749E-01 -1.813005E+00
     52949 -6.211161E-01 -1.731500E-01 -2.220727E+00
     52950 -7.375596E-01 -2.985621E-01 -2.201702E+00
     52951 -6.968835E-01 -3.393336E-01 -1.486101E+00
     52952 -7.514129E-01 -3.490446E-01 -1.414722E+00
     52953 -7.263409E-01 -7.280797E-01 -1.746918E+00
     52954 -7.782138E-01 -2.847354E-01 -2.131950E+00
     52955 -6.682278E-01 -1.692628E-01 -2.131033E+00
     52956 -7.451105E-01 -3.268997E-01 -1.412763E+00
     52957 -8.027962E-01 -3.366050E-01 -1.336256E+00
     52958 -7.698124E-01 -7.019525E-01 -1.666400E+00
     52959 -7.189034E-01 -1.626070E-01 -2.022561E+00
     52960 -8.208362E-01 -2.723100E-01 -2.042539E+00
     52961 -8.074813E-01 -3.113176E-01 -1.327654E+00
     52962 -8.703206E-01 -3.237140E-01 -1.254832E+00
     52963 -8.228972E-01 -6.695916E-01 -1.569671E+00
     52964 -8.716728E-01 -2.566025E-01 -1.932989E+00
     52965 -7.852240E-01 -1.541342E-01 -1.898923E+00
     52966 -8.890015E-01 -3.021907E-01 -1.251804E+00
     52967 -9.624126E-01 -3.153852E-01 -1.188565E+00
     52968 -8.988643E-01 -6.391560E-01 -1.475939E+00
     52969 -9.380459E-01 -2.411192E-01 -1.815792E+00
     52970 -8.757593E-01 -1.461153E-01 -1.785198E+00
     52971 -1.000290E+00 -2.940260E-01 -1.199525E+00
     52972 -1.091317E+00 -3.166311E-01 -1.195375E+00
     52973 -1.003144E+00 -6.148437E-01 -1.406832E+00
     52974 -1.000106E+00 -1.459696E-01 -1.684341E+00
     52975 -1.033198E+00 -2.333813E-01 -1.713743E+00
     52976 -1.151374E+00 -2.921544E-01 -1.190985E+00
     52977 -1.258139E+00 -3.143392E-01 -1.249384E+00
     52978 -1.115041E+00 -5.957382E-01 -1.393095E+00
     52979 -1.205373E+00 -2.167025E-01 -1.635188E+00
     52980 -1.200343E+00 -1.446252E-01 -1.705838E+00
     52981 -1.343338E+00 -3.040713E-01 -1.314599E+00
     52982 -1.469838E+00 -3.192295E-01 -1.395966E+00
     52983 -1.312035E+00 -5.703911E-01 -1.477026E+00
     52984 -1.368004E+00 -1.398218E-01 -1.752470E+00
     52985 -1.429354E+00 -2.078433E-01 -1.777169E+00
     52986 -1.577354E+00 -3.288060E-01 -1.606391E+00
     52987 -1.733761E+00 -3.441875E-01 -1.744359E+00
     52988 -1.592035E+00 -5.673514E-01 -1.713086E+00
     52989 -1.679833E+00 -1.377715E-01 -2.120658E+00
     52990 -1.561681E+00 -2.442744E-01 -1.883616E+00
     52991 -1.858245E+00 -3.719878E-01 -2.082447E+00
     52992 -2.044218E+00 -3.851365E-01 -2.324896E+00
     52993 -1.895754E+00 -6.040210E-01 -2.163614E+00
     52994 -2.019067E+00 -1.574417E-01 -2.681856E+00
     52995 -1.857876E+00 -2.845168E-01 -2.252992E+00
     52996 -2.175532E+00 -4.367572E-01 -2.821291E+00
     52997 -2.391053E+00 -4.487233E-01 -3.193853E+00
     52998 -2.251237E+00 -6.654000E-01 -2.885734E+00
     52999 -2.194353E+00 -3.427392E-01 -2.917324E+00
     53000 -2.411991E+00 -2.003140E-01 -3.574106E+00
     53001 -2.512241E+00 -5.296224E-01 -3.881644E+00
     53002 -2.755625E+00 -5.384020E-01 -4.406820E+00
     53003 -2.645920E+00 -7.715427E-01 -3.949321E+00
     53004 -2.574716E+00 -4.314121E-01 -3.937415E+00
     53005 -2.841958E+00 -2.694978E-01 -4.873777E+00
     53006 -2.844684E+00 -6.516982E-01 -5.317013E+00
     53007 -3.112324E+00 -6.523598E-01 -6.015673E+00
     53008 -3.059754E+00 -9.323604E-01 -5.418720E+00
     53009 -3.285509E+00 -3.665091E-01 -6.655742E+00
     53010 -2.977876E+00 -5.590532E-01 -5.385861E+00
     53011 -3.146029E+00 -7.996826E-01 -7.184911E+00
     53012 -3.435929E+00 -7.824397E-01 -8.082556E+00
     53013 -3.472385E+00 -1.152939E+00 -7.362173E+00
     53014 -3.722345E+00 -4.991986E-01 -9.009989E+00
     53015 -3.376021E+00 -7.209856E-01 -7.336366E+00
     53016 -3.401145E+00 -9.566684E-01 -9.585256E+00
     53017 -3.716285E+00 -8.860159E-01 -1.072269E+01
     53018 -3.878162E+00 -1.436717E+00 -9.886443E+00
     53019 -4.171732E+00 -7.141999E-01 -1.208271E+01
     53020 -3.744010E+00 -9.230879E-01 -9.879480E+00
     53021 -3.693139E+00 -9.892725E-01 -1.268521E+01
     53022 -3.987649E+00 -6.888034E-01 -1.434850E+01
     53023 -4.262230E+00 -1.799302E+00 -1.318637E+01
     53024 -4.068971E+00 -1.198751E+00 -1.317757E+01
     53025 -4.700400E+00 -1.075500E+00 -1.618589E+01
     53026 -4.318131E+00 -1.316041E+00 -1.769983E+01
     53027 -4.260253E+00 -1.875176E+00 -1.751522E+01
     57524  5.224741E-01  3.838304E+00  9.637164E-01
     57525 -2.522623E+00  6.910530E+00  4.552295E+00
     57526  1.226564E+00  6.780354E-01 -9.356850E-02
     57527 -8.072257E-01  1.914117E+00  1.186050E+00
     57528  7.584809E-01  7.158724E-01  1.644092E+00
     57529 -2.166936E+00 -2.510030E+01  1.577105E+02
     57530 -7.208418E+00 -2.730549E+01  1.460119E+02
     57531  6.350454E+00 -1.506976E+01  1.209515E+02
     57532 -9.786122E-01  5.334003E+00 -2.274853E+01
     57533 -2.962104E+00  2.651764E+00 -1.211925E+01
     57534 -4.975577E+00 -2.128081E+00 -1.100651E+01
     57535  1.670784E+00  4.995584E+00 -2.179586E+01
     57536 -1.273847E+01 -1.839087E+01  1.086532E+02
     57537 -1.557913E+00 -6.646205E+00  2.002984E+00
     57538 -4.704360E+00 -9.101482E+00  1.386117E+01
     57539 -2.257385E+00 -4.929571E+00 -1.635971E+01
     57540  1.386142E+00 -1.187146E+01  3.174547E+01
     57541 -2.779005E+00 -1.363544E+01  4.646391E+01
     57542 -1.485399E+00 -1.075109E+01  1.041267E+01
     57543  2.990938E+00 -1.430947E+01  7.008032E+01
     57544 -6.374023E+00 -1.551784E+01  8.645249E+01
     57545 -6.945480E-01 -1.554093E+01  4.652373E+01
     57546 -2.960901E+00 -1.894489E+01  9.433225E+01
     57547 -1.109825E+00 -6.386955E+00 -4.467037E+00
     57548 -3.824487E+00 -5.220347E+00 -1.810058E+01
     57549 -3.880389E+00 -1.206775E+01  2.661664E+01
     57550 -5.235569E+00 -1.135441E+01  9.117916E+00
     57551  2.129526E+00 -1.432388E+01  6.794024E+01
     57552 -9.224308E+00 -1.601071E+01  4.626083E+01
     62516  2.239838E+00  6.252271E+00  4.154284E+00
     62517 -5.848115E-01  3.546178E+00  9.001910E-01
     62518  6.969068E-01  1.664492E+00  9.658992E-01
     62519 -8.385374E-01  6.342298E-01  1.487882E+00
     62520 -1.203412E+00  6.226970E-01 -7.246513E-02
     62521  2.912934E+00  2.152026E+00 -1.023512E+01
     62522  1.139137E+00  4.887066E+00 -2.100791E+01
     62523 -1.195664E+00  4.873588E+00 -2.012831E+01
     62524  7.032881E+00 -2.492595E+01  1.327389E+02
     62525  2.441704E+00 -2.295131E+01  1.448018E+02
     62526  1.193919E+01 -1.700847E+01  9.832526E+01
     62527  4.758796E+00 -2.303917E+00 -9.113260E+00
     62528 -5.434575E+00 -1.349560E+01  1.116298E+02
     62529  3.821799E+00 -4.865688E+00 -1.739425E+01
     62530  1.490717E+00 -5.749745E+00 -4.765717E+00
     62531  2.253913E+00 -4.640323E+00 -1.482702E+01
     62532  5.082006E+00 -1.045956E+01  7.332812E+00
     62533  3.894645E+00 -1.097576E+01  2.334371E+01
     62534  1.507810E+00 -9.903948E+00  9.656132E+00
     62535  8.845188E+00 -1.478056E+01  4.124938E+01
     62536 -1.522772E+00 -1.314825E+01  6.111543E+01
     62537  8.141353E-01 -1.424794E+01  4.261501E+01
     62538  2.883688E+00 -1.732119E+01  8.635807E+01
     62539  4.595851E+00 -8.475378E+00  1.387869E+01
     62540  1.583449E+00 -6.241699E+00  3.081653E+00
     62541  2.813084E+00 -1.257001E+01  4.371330E+01
     62542 -1.143511E+00 -1.092679E+01  3.036825E+01
     62543  6.271362E+00 -1.428258E+01  8.014897E+01
     62544 -2.449729E+00 -1.305720E+01  6.532865E+01
     67035 -3.612072E-01  7.052867E-01  1.511173E-02
     67036  3.046431E-01  6.389596E-01  5.967793E-03
     67037  3.619372E-01  1.358969E+00 -4.558720E-01
     67038 -3.931365E-01  1.496987E+00 -4.930369E-01
     67039  6.165327E+00 -2.933951E-01 -2.027876E+01
     67040  4.649186E+00 -8.359686E-01 -1.693401E+00
     67041  6.040984E+00 -8.282522E-01 -1.653919E+01
     67042 -3.062625E-02 -7.848821E-01  2.398593E+00
     67043  1.042375E-02 -7.829192E-01  2.260633E+00
     67044 -3.591650E-02 -7.325179E-01  2.272080E+00
     67045 -1.444216E-02 -7.707180E-01  2.418180E+00
     67046 -4.410305E+00 -7.221783E-01 -1.572380E+00
     67047 -5.716135E+00 -1.729530E-01 -1.831017E+01
     67048 -5.687573E+00 -7.027436E-01 -1.500069E+01
     67049  5.291924E+00 -1.951607E+00  3.687092E+00
     67050 -5.030560E+00 -1.732496E+00  3.266182E+00
     67051  4.869414E+00 -2.852033E+00 -1.041202E+01
     67052  6.602009E+00 -4.119250E+00 -9.858192E+00
     67053  5.101830E+00 -3.480516E+00 -2.540150E+00
     67054  1.998908E+00 -2.897692E+00  3.083291E+00
     67055  7.810570E+00 -5.651057E+00 -4.581132E+00
     67056  6.816020E+00 -6.032167E+00 -6.727678E+00
     67057  3.295171E+00 -1.763649E+00  5.370113E+00
     67058  8.155522E+00 -4.586103E+00 -4.022407E+00
     67059  8.423963E+00 -5.752126E+00 -3.744499E+00
     67060  7.944934E+00 -3.543498E+00 -3.085184E+00
     67061  8.276495E+00 -4.348534E+00 -3.144562E+00
     67062  7.418459E+00 -2.651293E+00 -2.030721E+00
     67063  7.746299E+00 -3.159813E+00 -2.268751E+00
     67064  6.704748E+00 -1.935178E+00 -1.018565E+00
     67065  6.992991E+00 -2.224364E+00 -1.319158E+00
     67066  5.919641E+00 -1.357600E+00 -1.215936E-01
     67067  6.170338E+00 -1.498897E+00 -4.184422E-01
     67068  5.192709E+00 -9.607201E-01  5.841297E-01
     67069  5.332382E+00 -9.861937E-01  3.054771E-01
     67070  4.522440E+00 -6.512241E-01  1.210422E+00
     67071  4.592487E+00 -6.000190E-01  9.344665E-01
     67072  3.914660E+00 -4.671715E-01  1.668976E+00
     67073  3.936519E+00 -3.620451E-01  1.454970E+00
     67074  3.415879E+00 -3.540689E-01  2.019578E+00
     67075  3.392669E+00 -2.301401E-01  1.837315E+00
     67076  3.006641E+00 -3.070041E-01  2.258083E+00
     67077  2.944252E+00 -1.735196E-01  2.117427E+00
     67078  2.666092E+00 -3.034207E-01  2.416143E+00
     67079  2.588868E+00 -1.690619E-01  2.312944E+00
     67080  2.404022E+00 -3.235934E-01  2.501422E+00
     67081  2.303380E+00 -1.997296E-01  2.429089E+00
     67082  2.201006E+00 -3.557880E-01  2.553276E+00
     67083  2.086698E+00 -2.384600E-01  2.497634E+00
     67084  2.037412E+00 -3.893787E-01  2.596898E+00
     67085  1.927272E+00 -2.920920E-01  2.553362E+00
     67086  1.898790E+00 -4.178484E-01  2.619127E+00
     67087  1.784249E+00 -3.332394E-01  2.590715E+00
     67088  1.773213E+00 -4.399350E-01  2.639119E+00
     67089  1.657189E+00 -3.641157E-01  2.618150E+00
     67090  1.652291E+00 -4.431736E-01  2.671416E+00
     67091  1.532399E+00 -3.800288E-01  2.648108E+00
     67092  1.509034E+00 -4.517625E-01  2.689307E+00
     67093  1.395496E+00 -3.930457E-01  2.677774E+00
     67094  1.348793E+00 -4.609639E-01  2.698212E+00
     67095  1.244448E+00 -4.055273E-01  2.696930E+00
     67096  1.181825E+00 -4.569184E-01  2.712968E+00
     67097  1.077414E+00 -4.106805E-01  2.712614E+00
     67098  9.947998E-01 -4.684522E-01  2.701188E+00
     67099  8.949345E-01 -4.251224E-01  2.713039E+00
     67100  8.031257E-01 -4.892782E-01  2.667032E+00
     67101  7.096856E-01 -4.495560E-01  2.689051E+00
     67102  6.191611E-01 -5.200800E-01  2.610103E+00
     67103  5.301051E-01 -4.848101E-01  2.641133E+00
     67104  4.539655E-01 -5.564606E-01  2.542180E+00
     67105  3.692621E-01 -5.265439E-01  2.574779E+00
     67106  3.037098E-01 -5.977296E-01  2.472597E+00
     67107  2.313791E-01 -5.712797E-01  2.505034E+00
     67108  1.867934E-01 -6.369195E-01  2.391747E+00
     67109  1.145026E-01 -6.197071E-01  2.425053E+00
     67110  1.234350E-01 -6.681084E-01  2.328093E+00
     67111  1.250316E-02 -6.625783E-01  2.346882E+00
     67112 -5.388346E-02 -6.537175E-01  2.352246E+00
     67113 -1.611117E-01 -6.732466E-01  2.320927E+00
     67114 -1.445769E-01 -6.278618E-01  2.431273E+00
     67115 -2.262593E-01 -6.517768E-01  2.392901E+00
     67116 -2.398711E-01 -5.733630E-01  2.535891E+00
     67117 -3.337851E-01 -6.115991E-01  2.489272E+00
     67118 -3.771844E-01 -5.362904E-01  2.656893E+00
     67119 -4.700730E-01 -5.759276E-01  2.597123E+00
     67120 -5.707593E-01 -4.804732E-01  2.772536E+00
     67121 -6.177261E-01 -5.230409E-01  2.732988E+00
     67122 -7.428812E-01 -4.268027E-01  2.795349E+00
     67123 -8.471689E-01 -4.817235E-01  2.795058E+00
     67124 -9.295085E-01 -3.782423E-01  2.815520E+00
     67125 -1.039838E+00 -4.488823E-01  2.803403E+00
     67126 -1.124084E+00 -3.426911E-01  2.836885E+00
     67127 -1.244683E+00 -4.074218E-01  2.834063E+00
     67128 -1.323429E+00 -3.215801E-01  2.843648E+00
     67129 -1.438459E+00 -3.999459E-01  2.851947E+00
     67130 -1.522103E+00 -3.092364E-01  2.818051E+00
     67131 -1.639792E+00 -3.911299E-01  2.843807E+00
     67132 -1.708127E+00 -2.997168E-01  2.768526E+00
     67133 -1.830777E+00 -3.902988E-01  2.808048E+00
     67134 -1.883836E+00 -2.913855E-01  2.698889E+00
     67135 -2.009929E+00 -3.879183E-01  2.751297E+00
     67136 -2.051873E+00 -2.810720E-01  2.614841E+00
     67137 -2.177441E+00 -3.846557E-01  2.678906E+00
     67138 -2.218519E+00 -2.658292E-01  2.518497E+00
     67139 -2.339107E+00 -3.780693E-01  2.594436E+00
     67140 -2.391920E+00 -2.504709E-01  2.405590E+00
     67141 -2.508195E+00 -3.708162E-01  2.494732E+00
     67142 -2.589991E+00 -2.313100E-01  2.277819E+00
     67143 -2.691919E+00 -3.617630E-01  2.381411E+00
     67144 -2.830850E+00 -2.233034E-01  2.118860E+00
     67145 -2.915681E+00 -3.586246E-01  2.242586E+00
     67146 -3.132300E+00 -2.328886E-01  1.916757E+00
     67147 -3.193138E+00 -3.726298E-01  2.064781E+00
     67148 -3.517724E+00 -2.755255E-01  1.647595E+00
     67149 -3.545585E+00 -4.103663E-01  1.832330E+00
     67150 -3.999249E+00 -3.937822E-01  1.285103E+00
     67151 -3.980758E+00 -5.033804E-01  1.502356E+00
     67152 -4.575538E+00 -5.992315E-01  8.211002E-01
     67153 -4.507367E+00 -6.684584E-01  1.068157E+00
     67154 -5.244424E+00 -9.124656E-01  2.474210E-01
     67155 -5.120975E+00 -9.203998E-01  5.247833E-01
     67156 -5.985197E+00 -1.380993E+00 -4.454168E-01
     67157 -5.795542E+00 -1.287951E+00 -1.553427E-01
     67158 -6.745768E+00 -2.026305E+00 -1.239057E+00
     67159 -6.492102E+00 -1.787589E+00 -9.626289E-01
     67160 -7.439148E+00 -2.873737E+00 -2.088300E+00
     67161 -7.140391E+00 -2.433709E+00 -1.872506E+00
     67162 -7.927135E+00 -3.941662E+00 -2.892739E+00
     67163 -7.635921E+00 -3.229624E+00 -2.826546E+00
     67164 -8.055206E+00 -5.203248E+00 -3.441745E+00
     67165 -7.824573E+00 -4.162187E+00 -3.691106E+00
     67166 -7.502575E+00 -5.093508E+00 -4.183762E+00
     67167 -6.498881E+00 -5.423621E+00 -6.116409E+00
     67168 -6.238842E+00 -3.694504E+00 -8.920754E+00
     67169 -4.635340E+00 -2.551851E+00 -9.452777E+00
     67170 -3.215255E+00 -1.584588E+00  4.838953E+00
     67171 -4.861250E+00 -3.128843E+00 -2.330201E+00
     67172 -2.052772E+00 -2.587119E+00  2.777762E+00
     68037  3.771044E-01  4.799553E-01  5.104222E-01
     68038 -7.379570E-01  1.405586E+00  1.068061E+00
     68039  4.202802E-01  2.439444E+00 -2.245363E+00
     68040  2.053629E-02  1.032856E+00 -6.167262E-01
     68041  8.149507E-01  7.201525E-01  3.796368E-01
     68042  2.011290E+00  2.584935E+00 -2.090690E+01
     68043  1.394736E+00  3.076715E+00 -3.995134E+01
     68044  2.803714E+00  1.095135E+00 -6.286727E+00
     68045  2.024125E+00  1.735613E+00 -1.644197E+01
     68046  5.296481E-01  9.417435E-01 -1.661254E+01
     68047 -1.286504E+00  4.446871E+00 -4.911246E+01
     68048 -8.809479E-01  1.832827E+00  1.440162E+01
     68049  3.909083E-01  2.320526E+00  3.696743E+00
     68050  6.328075E-01  1.160511E+00 -4.311069E+00
     68051 -3.120922E+00  2.391059E+00 -2.771458E+01
     68052  1.206701E+00  1.032089E+01  8.751421E+01
     68053 -3.150224E+00  8.767613E+00  7.854420E+01
     68054 -4.470926E+00  5.342553E+00  5.078106E+01
     68055  4.956068E+00  5.602941E+00  5.934588E+01
     68056 -3.276976E+00  2.929445E+00  3.777816E+01
     68057 -2.660835E+00  2.528747E+00  2.588237E+01
     68058 -6.838047E-02  1.862268E+00  3.903216E+01
     68059 -8.780688E-01  1.193637E+00  1.800625E+01
     68060  3.123033E+00  1.817488E+00  2.760825E+01
     68061 -8.297626E-01  4.121539E+00  3.840226E+01
     68062  5.818800E-01  1.270768E+00 -4.662294E+00
     68063 -1.479901E+00  2.259243E+00  9.620763E+00
     68064 -3.034763E-01  3.129956E+00 -1.345047E+01
     68537 -3.836087E-01  4.350719E-01  4.491085E-01
     68538  6.419641E-01  1.253762E+00  9.259450E-01
     68539 -4.150465E-01  2.204927E+00 -2.043381E+00
     68540 -5.610300E-02  9.440664E-01 -5.785300E-01
     68541 -7.378851E-01  6.279546E-01  3.671266E-01
     68542 -1.300221E+00  2.758608E+00 -3.578323E+01
     68543 -1.852452E+00  2.299708E+00 -1.874629E+01
     68544 -1.918341E+00  1.581886E+00 -1.467169E+01
     68545 -2.576334E+00  1.022594E+00 -5.578904E+00
     68546 -5.643496E-01  8.878346E-01 -1.476604E+01
     68547  1.138895E+00  3.952630E+00 -4.369289E+01
     68548 -3.594618E-01  2.165816E+00  3.255632E+00
     68549  8.490357E-01  1.691388E+00  1.285984E+01
     68550 -5.947257E-01  1.061836E+00 -3.729519E+00
     68551  2.760195E+00  2.122258E+00 -2.445178E+01
     68552  2.901098E+00  7.929683E+00  7.074479E+01
     68553 -1.016509E+00  9.345987E+00  7.947064E+01
     68554 -4.428910E+00  5.087648E+00  5.411587E+01
     68555  4.109570E+00  4.807261E+00  4.564167E+01
     68556  8.604652E-01  3.707041E+00  3.517775E+01
     68557 -2.793548E+00  1.628804E+00  2.553731E+01
     68558  5.782019E-02  1.673705E+00  3.534410E+01
     68559  1.443054E+00  2.017197E+00  9.206246E+00
     68560 -5.493100E-01  1.158949E+00 -3.572963E+00
     68561  8.280090E-01  1.085757E+00  1.642926E+01
     68562  3.391615E-01  2.794889E+00 -1.180272E+01
     68563  2.507598E+00  2.289526E+00  2.320346E+01
     68564  3.002988E+00  2.657065E+00  3.389890E+01

 total force (fx,fy,fz) for set FEET and time  0.2000000E+01

       -4.960610E-09 -9.958284E-09  2.400000E+03

                        S T E P       3


                                INCREMENT     1


 displacements (vx,vy,vz) for set TOP and time  0.3000000E+01

     36367 -1.620380E-02  7.624054E-01 -6.732214E-01
     37135 -9.342476E-04  8.290435E-01 -7.228844E-01
     38585 -2.855689E-02  5.877911E-01 -5.492890E-01
     44994  1.131293E-02  8.073120E-01 -7.056430E-01
     47647  2.537773E-02  5.755600E-01 -5.309554E-01

 forces (fx,fy,fz) for set FEET and time  0.3000000E+01

       199 -2.385922E-01  2.597857E-01 -1.270151E+00
       203  2.049249E-01  3.708648E+00 -2.738214E+00
       204 -2.314182E-03  3.540812E-02 -5.585629E-01
       208  1.834324E-03  3.803822E-01 -1.984184E-01
       209  2.118698E-01  2.118833E-01 -1.140526E+00
       213 -1.728520E-01  3.426980E+00 -2.507015E+00
       242  1.719868E+01  1.130464E+01  2.387766E+01
       243 -1.333065E-01 -5.714286E-02  4.978599E-01
       244  6.781145E-01  1.142936E+00 -3.919909E-01
       245 -1.588905E+01  8.244773E+00  1.932344E+01
       269 -6.436784E-01  1.099359E+00 -3.949511E-01
       270  1.445190E+01  7.362394E+00  1.737025E+01
       273  8.395293E-02 -1.225594E-01  5.081509E-01
       274 -1.582411E+01  1.053002E+01  2.215027E+01
       282  1.471527E-01 -1.382130E-01  6.042818E-01
       284 -1.391572E-01 -1.169090E-01  5.460428E-01
       290 -2.672274E+00  2.219993E+00 -2.970549E+00
       293 -2.590689E+00  2.673947E+00  3.242059E+00
       294  2.873621E+00  2.367170E+00  2.798534E+00
       301  2.386893E+00  1.960365E+00 -2.622066E+00
       302 -2.650209E+00  2.202975E+00  2.619447E+00
       303  2.346613E+00  2.404295E+00  2.908162E+00
      3822  8.175238E-01  5.752709E-01 -1.065622E+01
      3848 -4.537270E-04 -6.524556E-02 -9.482056E-01
      3861  9.526325E-02  7.300440E-01 -1.668348E+00
      3862  2.861612E-01  6.524669E-01 -1.057595E+00
      3863  6.454203E-01  5.204398E-01 -2.204672E+00
      3864  5.883875E-01  3.644422E-01 -1.579977E+00
      3865  5.094967E-01  2.273892E-01 -1.071568E+00
      3866  4.215159E-01  1.238248E-01 -6.856977E-01
      3867  3.353864E-01  5.097216E-02 -4.057012E-01
      3868  2.582924E-01  4.668798E-03 -2.250632E-01
      3869  1.959047E-01 -2.511533E-02 -1.216698E-01
      3870  1.475417E-01 -3.649013E-02 -7.829369E-02
      3871  1.113871E-01 -4.001828E-02 -7.677316E-02
      3872  8.465592E-02 -3.604324E-02 -1.001169E-01
      3873  6.731946E-02 -2.826588E-02 -1.385970E-01
      3874  5.673206E-02 -1.930275E-02 -1.858630E-01
      3875  5.112112E-02 -8.837700E-03 -2.280379E-01
      3876  5.003029E-02 -2.145761E-03 -2.719288E-01
      3877  5.075413E-02  4.217896E-03 -3.054290E-01
      3878  5.299368E-02  8.365692E-03 -3.291419E-01
      3879  5.493953E-02  1.030390E-02 -3.437754E-01
      3880  5.306920E-02  1.109462E-02 -3.493226E-01
      3881  5.042553E-02  9.624015E-03 -3.530968E-01
      3882  4.587325E-02  7.803907E-03 -3.558205E-01
      3883  3.558216E-02  7.837453E-03 -3.557813E-01
      3884  2.563263E-02  8.871723E-03 -3.599566E-01
      3885  1.521512E-02  1.124901E-02 -3.683720E-01
      3886  5.702231E-03  1.529883E-02 -3.812189E-01
      3887 -1.276804E-03  2.074253E-02 -3.972740E-01
      3888 -6.202170E-03  2.538805E-02 -4.168370E-01
      3889 -5.417801E-03  3.002095E-02 -4.296712E-01
      3890 -3.083941E-02  6.830394E-02 -4.960252E-01
      3891  2.082292E+00 -3.147395E-01 -1.083141E+01
      3892  2.251685E+00 -5.445910E-01 -7.954382E+00
      3893  3.826926E+00 -1.047173E+00 -9.260890E+00
      3894  3.925928E+00 -8.824047E-01 -7.316873E+00
      3895  3.773580E+00 -7.382235E-01 -5.521697E+00
      3896  3.444085E+00 -5.883672E-01 -3.966102E+00
      3897  3.039298E+00 -4.589241E-01 -2.715603E+00
      3898  2.597044E+00 -3.347899E-01 -1.761534E+00
      3899  2.194414E+00 -2.429277E-01 -1.087903E+00
      3900  1.825072E+00 -1.737125E-01 -6.327019E-01
      3901  1.519020E+00 -1.227665E-01 -3.736084E-01
      3902  1.271878E+00 -9.623636E-02 -2.506046E-01
      3903  1.080596E+00 -8.206559E-02 -2.289876E-01
      3904  9.354922E-01 -7.779945E-02 -2.720992E-01
      3905  8.340940E-01 -8.173257E-02 -3.509275E-01
      3906  7.598966E-01 -8.941079E-02 -4.404279E-01
      3907  7.111543E-01 -9.779343E-02 -5.228623E-01
      3908  6.754693E-01 -1.062562E-01 -5.883685E-01
      3909  6.438408E-01 -1.134280E-01 -6.298579E-01
      3910  6.077233E-01 -1.201968E-01 -6.445006E-01
      3911  5.620248E-01 -1.235584E-01 -6.520270E-01
      3912  5.048857E-01 -1.265077E-01 -6.535513E-01
      3913  4.371200E-01 -1.318363E-01 -6.473930E-01
      3914  3.595181E-01 -1.359940E-01 -6.590454E-01
      3915  2.780394E-01 -1.412976E-01 -6.891366E-01
      3916  1.990563E-01 -1.478324E-01 -7.396820E-01
      3917  1.294840E-01 -1.544225E-01 -8.072634E-01
      3918  7.276022E-02 -1.607069E-01 -8.839425E-01
      3919  3.658276E-02 -1.709819E-01 -9.598638E-01
      3920  1.555211E-02 -1.770114E-01 -1.015350E+00
      3921  1.741270E-02 -2.011859E-01 -1.118687E+00
      4105  1.253248E-01  4.178211E+00 -1.731337E+00
      4106 -1.066567E-01  3.870709E+00 -1.444048E+00
      4107 -8.569189E-02  2.969574E+00 -1.057251E+00
      4108 -7.361691E-02  2.174257E+00 -7.556734E-01
      4109 -6.913168E-02  1.533386E+00 -5.154831E-01
      4110 -8.351807E-02  1.024907E+00 -3.314671E-01
      4111 -5.266349E-02  6.393780E-01 -1.780502E-01
      4112 -6.026481E-02  3.862652E-01 -8.374840E-02
      4113 -4.313488E-02  2.284225E-01 -2.073400E-02
      4114 -4.198295E-02  1.488063E-01  9.768800E-03
      4115 -3.372337E-02  1.259463E-01  2.245936E-02
      4116 -3.026414E-02  1.417146E-01  1.951053E-02
      4117 -2.804704E-02  1.780155E-01  8.386553E-03
      4118 -2.497789E-02  2.262333E-01 -6.206211E-03
      4119 -2.507260E-02  2.755723E-01 -2.105278E-02
      4120 -2.171774E-02  3.243634E-01 -3.523265E-02
      4121 -1.982390E-02  3.634793E-01 -4.580916E-02
      4122 -1.844166E-02  3.916610E-01 -5.240613E-02
      4123 -1.868013E-02  4.093886E-01 -5.676846E-02
      4124 -1.719031E-02  4.160248E-01 -5.604519E-02
      4125 -1.440683E-02  4.166294E-01 -5.036856E-02
      4126 -1.351223E-02  4.188997E-01 -4.771698E-02
      4127 -9.966904E-03  4.233479E-01 -4.726260E-02
      4128 -7.867002E-03  4.282806E-01 -4.921701E-02
      4129 -5.645087E-03  4.396796E-01 -5.355665E-02
      4130 -3.879777E-03  4.568063E-01 -6.106396E-02
      4131 -2.149090E-03  4.777608E-01 -7.151859E-02
      4132 -1.344439E-04  5.044414E-01 -8.086557E-02
      4133  2.237430E-03  5.375602E-01 -8.886473E-02
      4134 -3.459046E-02  4.815369E-01 -1.523955E-01
      4135  8.941964E-01  6.053651E+00 -8.933628E+00
      4136  9.877965E-01  6.186094E+00 -7.288609E+00
      4137  1.042215E+00  4.936244E+00 -5.710953E+00
      4138  1.065994E+00  3.735744E+00 -4.388543E+00
      4139  9.933145E-01  2.645912E+00 -3.156970E+00
      4140  8.751981E-01  1.850988E+00 -2.161054E+00
      4141  7.417096E-01  1.154133E+00 -1.363115E+00
      4142  6.165322E-01  7.027852E-01 -8.178273E-01
      4143  5.027479E-01  3.869343E-01 -4.465043E-01
      4144  4.040379E-01  2.124530E-01 -2.329898E-01
      4145  3.273569E-01  1.261905E-01 -1.307835E-01
      4146  2.617762E-01  1.093321E-01 -1.103178E-01
      4147  2.159577E-01  1.358700E-01 -1.441815E-01
      4148  1.832535E-01  1.879990E-01 -2.097905E-01
      4149  1.655041E-01  2.543457E-01 -2.879241E-01
      4150  1.481328E-01  3.162609E-01 -3.645216E-01
      4151  1.395435E-01  3.721728E-01 -4.324460E-01
      4152  1.348017E-01  4.145213E-01 -4.839674E-01
      4153  1.303353E-01  4.415010E-01 -5.167862E-01
      4154  1.299291E-01  4.548999E-01 -5.400899E-01
      4155  1.279703E-01  4.564599E-01 -5.389630E-01
      4156  1.101199E-01  4.571659E-01 -5.271919E-01
      4157  8.824353E-02  4.560624E-01 -5.310168E-01
      4158  6.987860E-02  4.585647E-01 -5.363474E-01
      4159  5.069241E-02  4.705651E-01 -5.516328E-01
      4160  3.165248E-02  4.925396E-01 -5.787745E-01
      4161  1.532247E-02  5.215921E-01 -6.176101E-01
      4162  2.665921E-03  5.551272E-01 -6.625583E-01
      4163  7.102903E-04  5.960984E-01 -7.038266E-01
      4164 -6.440165E-03  6.406955E-01 -7.348755E-01
      4165 -5.049104E-03  5.361922E-01 -7.920061E-01
      4179 -7.861545E-01  5.165146E-01 -9.626449E+00
      4192  7.952233E-03  3.934378E-02 -4.567958E-01
      4193  1.225565E-03  2.720232E-02 -4.394858E-01
      4194  3.173725E-03  2.229113E-02 -4.297012E-01
      4195 -2.547431E-03  1.749517E-02 -4.127070E-01
      4196 -9.004111E-03  9.318250E-03 -4.024607E-01
      4197 -1.249582E-02  5.938314E-03 -3.862652E-01
      4198 -2.514266E-02  3.222709E-03 -3.739328E-01
      4199 -3.324735E-02  3.488492E-03 -3.584572E-01
      4200 -4.405604E-02  1.754216E-03 -3.543875E-01
      4201 -5.321946E-02  9.983914E-04 -3.476155E-01
      4202 -5.991918E-02  7.687483E-04 -3.414692E-01
      4203 -6.516521E-02 -8.660480E-05 -3.326962E-01
      4204 -6.888759E-02 -5.038235E-04 -3.205578E-01
      4205 -7.127054E-02 -1.530621E-03 -3.035716E-01
      4206 -7.273919E-02 -3.462158E-03 -2.802804E-01
      4207 -7.413212E-02 -7.305540E-03 -2.508850E-01
      4208 -7.712431E-02 -1.222956E-02 -2.153157E-01
      4209 -8.340610E-02 -1.845180E-02 -1.770305E-01
      4210 -9.543828E-02 -2.422939E-02 -1.405108E-01
      4211 -1.165823E-01 -2.811213E-02 -1.145955E-01
      4212 -1.473457E-01 -2.670178E-02 -1.112977E-01
      4213 -1.910337E-01 -1.601755E-02 -1.431282E-01
      4214 -2.485237E-01  7.555437E-03 -2.278517E-01
      4215 -3.186235E-01  4.971345E-02 -3.840910E-01
      4216 -3.987616E-01  1.154180E-01 -6.299104E-01
      4217 -4.818051E-01  2.094775E-01 -9.790343E-01
      4218 -5.573086E-01  3.342545E-01 -1.438175E+00
      4219 -6.096943E-01  4.822371E-01 -2.001487E+00
      4220 -2.782424E-01  6.016201E-01 -9.532440E-01
      4221 -9.620612E-02  6.610005E-01 -1.523287E+00
      4222 -6.231875E-03 -1.856052E-01 -1.094369E+00
      4223 -1.096656E-02 -1.852657E-01 -1.022852E+00
      4224 -2.972376E-02 -1.811656E-01 -9.765779E-01
      4225 -6.277034E-02 -1.718552E-01 -8.947323E-01
      4226 -1.157636E-01 -1.617322E-01 -8.132185E-01
      4227 -1.795093E-01 -1.525259E-01 -7.317957E-01
      4228 -2.603288E-01 -1.461004E-01 -6.596524E-01
      4229 -3.405577E-01 -1.326833E-01 -6.175766E-01
      4230 -4.300099E-01 -1.255341E-01 -5.753554E-01
      4231 -5.126438E-01 -1.199252E-01 -5.521981E-01
      4232 -5.921918E-01 -1.141727E-01 -5.394293E-01
      4233 -6.651890E-01 -1.112052E-01 -5.325679E-01
      4234 -7.312812E-01 -1.072699E-01 -5.263999E-01
      4235 -7.914375E-01 -1.024509E-01 -5.161526E-01
      4236 -8.476493E-01 -9.695935E-02 -4.972704E-01
      4237 -9.051071E-01 -9.224446E-02 -4.685717E-01
      4238 -9.709633E-01 -8.794973E-02 -4.307007E-01
      4239 -1.056354E+00 -8.668107E-02 -3.934836E-01
      4240 -1.172339E+00 -9.069499E-02 -3.723767E-01
      4241 -1.331497E+00 -1.039101E-01 -3.917531E-01
      4242 -1.543167E+00 -1.282453E-01 -4.921241E-01
      4243 -1.812705E+00 -1.687844E-01 -7.099750E-01
      4244 -2.140022E+00 -2.295504E-01 -1.089189E+00
      4245 -2.515608E+00 -3.133086E-01 -1.680808E+00
      4246 -2.914910E+00 -4.188886E-01 -2.523879E+00
      4247 -3.296905E+00 -5.426580E-01 -3.644551E+00
      4248 -3.601544E+00 -6.744994E-01 -5.041847E+00
      4249 -3.744423E+00 -8.008793E-01 -6.670823E+00
      4250 -3.651524E+00 -9.164320E-01 -8.421939E+00
      4251 -2.149052E+00 -4.775384E-01 -7.233698E+00
      4252 -1.975115E+00 -2.527214E-01 -9.806557E+00
      4436  9.605065E-04  5.199066E-01 -8.593093E-02
      4437  3.797484E-04  5.592244E-01 -8.081394E-02
      4438  6.083889E-03  5.362872E-01 -7.317736E-02
      4439  7.964349E-03  5.132604E-01 -6.484063E-02
      4440  9.831830E-03  4.958627E-01 -5.435619E-02
      4441  1.245085E-02  4.725356E-01 -4.939191E-02
      4442  9.797247E-03  4.480564E-01 -3.884444E-02
      4443  1.114794E-02  4.221095E-01 -3.765215E-02
      4444  1.631635E-02  4.136740E-01 -4.000207E-02
      4445  1.840868E-02  4.058211E-01 -3.822875E-02
      4446  2.183087E-02  3.991903E-01 -3.964437E-02
      4447  2.373740E-02  3.923591E-01 -3.753585E-02
      4448  2.540067E-02  3.791517E-01 -3.783984E-02
      4449  2.675560E-02  3.598617E-01 -3.698086E-02
      4450  2.824248E-02  3.337342E-01 -3.437862E-02
      4451  2.941975E-02  3.012470E-01 -2.837084E-02
      4452  3.055005E-02  2.625078E-01 -2.098274E-02
      4453  3.244283E-02  2.226378E-01 -1.194656E-02
      4454  3.393038E-02  1.891513E-01 -5.106759E-03
      4455  3.778309E-02  1.733050E-01 -1.187889E-03
      4456  4.070233E-02  1.839118E-01 -7.456639E-03
      4457  4.724825E-02  2.422228E-01 -3.618457E-02
      4458  5.471230E-02  3.699447E-01 -8.791924E-02
      4459  6.364043E-02  5.849396E-01 -1.719221E-01
      4460  7.398068E-02  9.090242E-01 -2.980288E-01
      4461  8.466982E-02  1.354106E+00 -4.730320E-01
      4462  9.389784E-02  1.919816E+00 -6.992644E-01
      4463  1.072668E-01  2.598838E+00 -9.738493E-01
      4464  1.010566E-01  3.423090E+00 -1.301495E+00
      4465 -7.363052E-02  3.746591E+00 -1.557656E+00
      4466  4.239005E-03  5.441685E-01 -7.910519E-01
      4467  7.746430E-03  6.479570E-01 -7.337913E-01
      4468 -4.357946E-03  6.395388E-01 -6.887014E-01
      4469 -1.984756E-02  5.986139E-01 -6.571113E-01
      4470 -3.170574E-02  5.542486E-01 -6.179925E-01
      4471 -4.274996E-02  5.539096E-01 -5.688392E-01
      4472 -5.722451E-02  4.899286E-01 -5.476993E-01
      4473 -7.059723E-02  4.630498E-01 -5.131723E-01
      4474 -1.027247E-01  4.379274E-01 -5.064073E-01
      4475 -1.215190E-01  4.292644E-01 -4.944189E-01
      4476 -1.379536E-01  4.199120E-01 -4.879158E-01
      4477 -1.530829E-01  4.178352E-01 -4.760551E-01
      4478 -1.667418E-01  4.079341E-01 -4.650015E-01
      4479 -1.780484E-01  3.929915E-01 -4.491883E-01
      4480 -1.876642E-01  3.698425E-01 -4.249575E-01
      4481 -1.971151E-01  3.382033E-01 -3.891257E-01
      4482 -2.086010E-01  2.977981E-01 -3.427846E-01
      4483 -2.247129E-01  2.523428E-01 -2.905019E-01
      4484 -2.490676E-01  2.101002E-01 -2.401598E-01
      4485 -2.817278E-01  1.836203E-01 -2.116625E-01
      4486 -3.303047E-01  1.875793E-01 -2.175436E-01
      4487 -4.010356E-01  2.481242E-01 -2.917851E-01
      4488 -4.893042E-01  3.904438E-01 -4.716605E-01
      4489 -5.923334E-01  6.394474E-01 -7.853023E-01
      4490 -7.070061E-01  1.027522E+00 -1.270941E+00
      4491 -8.242365E-01  1.580284E+00 -1.959183E+00
      4492 -9.283536E-01  2.300853E+00 -2.864742E+00
      4493 -9.944509E-01  3.181372E+00 -3.973699E+00
      4494 -9.859896E-01  4.213463E+00 -5.212529E+00
      4495 -9.272117E-01  5.580891E+00 -6.652570E+00
      4496 -8.460996E-01  5.641969E+00 -8.135030E+00
      5210  1.528997E+00 -1.025247E+00  1.897636E+00
      5211  4.212332E+00 -1.333677E-01  3.593255E+00
      5212  8.025873E+00  1.115338E-01  5.593636E+00
      5213  1.647731E+01 -1.941685E-01  7.079856E+00
      5214 -9.602457E-01 -4.407444E-01 -2.571498E+00
      5215  3.215899E+00 -3.215641E+00  7.701972E+00
      5216  8.361042E+00 -4.701828E+00  2.028296E+01
      5217  1.801336E+01 -5.500070E+00  3.635131E+01
      5218  2.928528E+01 -5.324503E+00  5.977824E+01
      5367 -8.887521E-01  1.805050E+00 -3.798433E+00
      5368 -3.533427E+00  2.449991E+01  1.016060E+02
      5369  3.549478E+00 -1.607440E+00 -2.097386E+00
      5370  9.779055E-01 -7.391770E-01 -7.499471E-01
      5371 -2.113630E+00 -5.936574E-01  8.767850E-01
      5372 -1.046776E+01 -4.144372E-01  3.648610E+00
      5373  4.055522E+00  1.553365E+00 -1.032626E+01
      5374  2.703410E+00 -2.547148E+00 -5.680862E+00
      5375 -2.805722E+00 -4.465482E+00  5.996710E+00
      5376 -1.218354E+01 -5.933242E+00  2.322793E+01
      5377 -2.334534E+01 -7.055959E+00  4.997192E+01
      6109 -3.533013E+00 -1.458069E+00 -2.063974E+00
      6110 -1.235189E+00 -6.768958E-01 -8.938869E-01
      6111  1.580089E+00 -5.398377E-01  6.032953E-01
      6112  9.278261E+00 -4.097728E-01  3.094353E+00
      6113 -3.833331E+00  1.511760E+00 -9.757987E+00
      6114 -2.766650E+00 -2.303255E+00 -5.830041E+00
      6115  2.264947E+00 -4.083930E+00  4.752408E+00
      6116  1.074416E+01 -5.453322E+00  2.048018E+01
      6117  2.111290E+01 -6.537683E+00  4.514586E+01
      6275  9.129610E-01  1.611804E+00 -3.403010E+00
      6276  3.607043E+00  2.241494E+01  9.296210E+01
      6277 -1.628302E+00 -9.295869E-01  1.965724E+00
      6278 -4.116960E+00 -1.128715E-01  3.568714E+00
      6279 -7.654417E+00  1.126211E-01  5.417799E+00
      6280 -1.546826E+01 -1.579558E-01  6.668243E+00
      6281  6.990606E-01 -5.333317E-01 -1.899976E+00
      6282 -3.255360E+00 -3.005882E+00  7.815021E+00
      6283 -7.986333E+00 -4.335768E+00  1.941384E+01
      6284 -1.691248E+01 -5.032966E+00  3.411515E+01
      6285 -2.707477E+01 -4.801169E+00  5.531329E+01
      6912  1.748536E+00 -1.232819E+00 -7.289085E+00
      6917 -1.654100E+00 -1.070055E+00 -6.545590E+00
      6919  1.310123E-01  1.400285E+00  1.514598E+00
      6920 -1.675200E-01  1.431850E+00  2.735643E+00
      6921 -1.837691E-01  9.831548E-01  1.933749E+00
      6922 -1.091094E-01  5.968962E-01  1.224128E+00
      6923 -3.546583E-02  3.096074E-01  6.833283E-01
      6924  2.267096E-02  1.199637E-01  3.177701E-01
      6925  5.532180E-02  8.096096E-03  8.962402E-02
      6926  8.224585E-02 -4.411428E-02 -2.611524E-02
      6927  9.391292E-02 -4.788834E-02 -4.811310E-02
      6928  9.427818E-02 -2.349322E-02 -2.038419E-02
      6929  9.009646E-02  1.385320E-02  3.880434E-02
      6930  8.316740E-02  5.910771E-02  1.132387E-01
      6931  7.520962E-02  1.062675E-01  1.935714E-01
      6932  6.694553E-02  1.487019E-01  2.677965E-01
      6933  5.825740E-02  1.872847E-01  3.355089E-01
      6934  5.072711E-02  2.195691E-01  3.924838E-01
      6935  4.353427E-02  2.433037E-01  4.344077E-01
      6936  3.735671E-02  2.595996E-01  4.626812E-01
      6937  3.238797E-02  2.684067E-01  4.792314E-01
      6938  2.812087E-02  2.753906E-01  4.868951E-01
      6939  2.368356E-02  2.793777E-01  4.889841E-01
      6940  1.973584E-02  2.789941E-01  4.884958E-01
      6941  1.658724E-02  2.805424E-01  4.882601E-01
      6942  1.372106E-02  2.834099E-01  4.911487E-01
      6943  1.114850E-02  2.879856E-01  4.980186E-01
      6944  9.009980E-03  2.945345E-01  5.092962E-01
      6945  7.130200E-03  3.027822E-01  5.244179E-01
      6946  5.697690E-03  3.107170E-01  5.392858E-01
      6947  4.918935E-03  3.144609E-01  5.485605E-01
      6948  1.159788E-02  3.585425E-01  5.346447E-01
      6949 -8.296761E-03  3.567534E-01  5.370586E-01
      6950 -2.646020E-03  3.189645E-01  5.590771E-01
      6951 -3.987730E-03  3.204201E-01  5.548753E-01
      6952 -6.786570E-03  3.140289E-01  5.454955E-01
      6953 -7.968135E-03  3.100597E-01  5.369931E-01
      6954 -1.178917E-02  3.104563E-01  5.347364E-01
      6955 -1.611684E-02  2.996504E-01  5.229442E-01
      6956 -1.807421E-02  2.970499E-01  5.144176E-01
      6957 -2.349375E-02  2.911555E-01  5.091720E-01
      6958 -2.840642E-02  2.875480E-01  5.055964E-01
      6959 -3.352918E-02  2.821915E-01  4.981933E-01
      6960 -3.880403E-02  2.737527E-01  4.865344E-01
      6961 -4.432806E-02  2.620160E-01  4.684617E-01
      6962 -5.023091E-02  2.462488E-01  4.427976E-01
      6963 -5.674249E-02  2.254410E-01  4.075395E-01
      6964 -6.357119E-02  1.983827E-01  3.605745E-01
      6965 -7.127701E-02  1.651832E-01  3.028942E-01
      6966 -7.902261E-02  1.257873E-01  2.338904E-01
      6967 -8.651433E-02  8.215610E-02  1.588799E-01
      6968 -9.257006E-02  3.692155E-02  8.442892E-02
      6969 -9.556318E-02 -1.826814E-03  2.208064E-02
      6970 -9.368588E-02 -2.666275E-02 -1.169841E-02
      6971 -8.421280E-02 -2.722321E-02  3.896392E-03
      6972 -6.334919E-02  1.215304E-02  9.514242E-02
      6973 -2.814356E-02  1.080392E-01  2.917155E-01
      6974  2.309606E-02  2.779727E-01  6.235155E-01
      6975  8.916642E-02  5.351542E-01  1.111778E+00
      6976  1.585211E-01  8.843068E-01  1.754151E+00
      6977  1.448444E-01  1.294981E+00  2.491249E+00
      6978 -1.278440E-01  1.269631E+00  1.385949E+00
      6979  1.431824E+00 -1.318155E-01  2.680494E-01
      6980  9.083295E-01  6.816320E-01  2.066481E+00
      6981  1.822059E+00 -1.820802E-02  1.824623E+00
      6982  1.944956E+00 -2.765315E-01  8.033512E-01
      6983  1.975736E+00 -4.393068E-01  5.809443E-02
      6984  1.907646E+00 -4.942564E-01 -3.779643E-01
      6985  1.762841E+00 -4.666472E-01 -5.625867E-01
      6986  1.583924E+00 -3.987981E-01 -5.850895E-01
      6987  1.400949E+00 -2.959932E-01 -4.634551E-01
      6988  1.215755E+00 -1.804119E-01 -2.667597E-01
      6989  1.049781E+00 -7.541344E-02 -5.317324E-02
      6990  9.093680E-01  1.795478E-02  1.593972E-01
      6991  7.944807E-01  9.681616E-02  3.571867E-01
      6992  6.998866E-01  1.595555E-01  5.279327E-01
      6993  6.287569E-01  2.098506E-01  6.724823E-01
      6994  5.734848E-01  2.476281E-01  7.911711E-01
      6995  5.273352E-01  2.764858E-01  8.839082E-01
      6996  4.890578E-01  2.961962E-01  9.497824E-01
      6997  4.534523E-01  3.090821E-01  9.946507E-01
      6998  4.166948E-01  3.182962E-01  1.024433E+00
      6999  3.758685E-01  3.221412E-01  1.039935E+00
      7000  3.301329E-01  3.215200E-01  1.044168E+00
      7001  2.801934E-01  3.191987E-01  1.042849E+00
      7002  2.283503E-01  3.139560E-01  1.037043E+00
      7003  1.769552E-01  3.067907E-01  1.029584E+00
      7004  1.297145E-01  2.987695E-01  1.022477E+00
      7005  8.949767E-02  2.912795E-01  1.018765E+00
      7006  5.566321E-02  2.838965E-01  1.016380E+00
      7007  3.035617E-02  2.789273E-01  1.015242E+00
      7008  1.786738E-02  2.763592E-01  1.024916E+00
      7009  3.608667E-03  2.940181E-01  1.030486E+00
      7010 -1.070180E-02  2.814151E-01  1.037442E+00
      7011 -2.152818E-02  2.895341E-01  1.045649E+00
      7012 -4.507369E-02  3.005107E-01  1.063407E+00
      7013 -7.559336E-02  3.144343E-01  1.083942E+00
      7014 -1.132565E-01  3.311365E-01  1.114056E+00
      7015 -1.703950E-01  3.453459E-01  1.134098E+00
      7016 -2.236265E-01  3.530594E-01  1.136188E+00
      7017 -2.796896E-01  3.635771E-01  1.144033E+00
      7018 -3.367425E-01  3.662694E-01  1.143919E+00
      7019 -3.962176E-01  3.664467E-01  1.137059E+00
      7020 -4.534755E-01  3.598807E-01  1.114619E+00
      7021 -5.079037E-01  3.474489E-01  1.076529E+00
      7022 -5.593997E-01  3.283296E-01  1.020402E+00
      7023 -6.094629E-01  3.021579E-01  9.447868E-01
      7024 -6.607913E-01  2.676343E-01  8.462349E-01
      7025 -7.156947E-01  2.240993E-01  7.239333E-01
      7026 -7.807917E-01  1.699008E-01  5.752655E-01
      7027 -8.593463E-01  1.035023E-01  4.006049E-01
      7028 -9.574742E-01  2.473800E-02  2.036918E-01
      7029 -1.077821E+00 -6.653146E-02 -7.600551E-03
      7030 -1.220063E+00 -1.671690E-01 -2.168492E-01
      7031 -1.381243E+00 -2.703544E-01 -3.986300E-01
      7032 -1.551347E+00 -3.658750E-01 -5.174129E-01
      7033 -1.713333E+00 -4.366029E-01 -5.240271E-01
      7034 -1.842723E+00 -4.598044E-01 -3.593989E-01
      7035 -1.910146E+00 -4.096319E-01  3.565459E-02
      7036 -1.883806E+00 -2.636022E-01  7.045003E-01
      7037 -1.765176E+00 -1.971524E-02  1.641241E+00
      7038 -8.816889E-01  6.255197E-01  1.883154E+00
      7039 -1.349663E+00 -1.042307E-01  2.621845E-01
      7413 -3.879024E-01  6.428459E+00 -1.601087E+01
      7442 -1.858567E-01  7.584290E+00  2.014307E+01
      7460 -2.142090E+00 -2.014398E-01  1.638588E+00
      7461 -7.940953E-01 -1.812122E-01  7.295734E-01
      7462 -5.579553E+00  4.860926E-02  1.335013E+01
      7463 -2.802833E+00 -9.476196E-01  6.720693E+00
      7464 -3.688459E-01 -9.563616E-01  9.696495E-01
      7465  2.124695E+00 -1.672841E-02  7.717993E-01
      7466  3.234222E-01 -1.240467E-01 -1.244629E-01
      7467 -1.881122E+00 -2.038470E-01 -1.198014E+00
      7468  5.381553E+00  1.481040E-02  1.284409E+01
      7469  2.127424E+00 -1.081293E+00  5.121594E+00
      7470 -1.297665E+00 -1.161831E+00 -2.715160E+00
      7471 -4.958276E+00 -2.846375E-01 -1.159743E+01
      7511  3.401280E-01  5.767079E+00 -1.435750E+01
      7540  1.979039E-01  6.941117E+00  1.841417E+01
      7558 -2.016424E+00 -1.064718E-02  7.803548E-01
      7559 -3.884276E-01 -1.083125E-01 -2.749184E-02
      7560  1.609163E+00 -1.850480E-01 -9.863000E-01
      7561 -5.002880E+00  3.646149E-02  1.193883E+01
      7562 -2.060514E+00 -9.696641E-01  4.943241E+00
      7563  1.039435E+00 -1.038553E+00 -2.146160E+00
      7564  4.347985E+00 -2.507195E-01 -1.019384E+01
      7565  1.913527E+00 -1.815152E-01  1.443051E+00
      7566  6.905073E-01 -1.643857E-01  6.155530E-01
      7567  5.039614E+00  4.692628E-02  1.204683E+01
      7568  2.513259E+00 -8.506259E-01  6.019847E+00
      7569  3.096540E-01 -8.553380E-01  8.097347E-01
     50800  3.716753E-03 -2.039188E-02  1.750402E-02
     50801  5.586256E-03  2.781512E-02 -7.269383E-03
     50802  3.651674E-03  3.468596E-02 -6.769957E-03
     50803  5.193392E-03  4.277631E-02 -7.308502E-03
     50804  3.022579E-03  5.012142E-02 -7.748778E-03
     50805  2.893474E-03  5.117814E-02 -5.181798E-03
     50806 -3.964280E-03  4.847560E-02  1.713325E-02
     50807  3.048656E-03  5.062311E-02 -8.170806E-03
     50808  4.091287E-04  4.731635E-02 -4.728993E-03
     50809  4.804708E-03  4.509903E-02 -7.258867E-03
     50810  4.461110E-03  4.682947E-02 -7.278570E-03
     50811  4.719168E-03  5.512444E-02 -1.161196E-02
     50812  5.114878E-03 -4.297823E-02  5.846532E-02
     50813  5.750974E-03  4.030916E-02 -7.661002E-03
     50814  2.632029E-03  4.348040E-02 -4.715436E-03
     50815  2.504378E-02  1.883289E-01  7.631465E-02
     50816  1.819359E-02 -3.748845E-02  1.199538E-01
     50817  2.038529E-02 -2.554709E-02  8.596250E-02
     50818  1.206881E-02 -5.188139E-02  7.856265E-02
     50819  3.036750E-03 -5.164736E-02  4.641527E-02
     50820  5.031279E-03  4.306043E-03  1.231753E-03
     50821  8.136532E-03  1.548148E-02 -4.469662E-03
     50822  3.762454E-03  4.813296E-02 -7.770795E-03
     50823  2.927246E-03  4.813489E-02 -5.945097E-03
     50824  2.721271E-03  4.699809E-02 -4.870205E-03
     50825  5.124397E-03  3.224471E-02 -7.587791E-03
     50826  3.317576E-03  5.133022E-02 -8.506814E-03
     50827  6.001408E-03 -2.220184E-02  2.547733E-02
     50828  7.249636E-03 -4.204662E-03  6.611940E-03
     50829  5.714387E-03  2.189400E-02 -6.116514E-03
     50830  3.033305E-03  4.948609E-02 -7.054937E-03
     50831  1.177718E+00 -1.963872E-01 -1.098361E+01
     50832  1.164150E+00  2.709451E-01 -9.130246E+00
     50833  1.502404E+00 -2.596424E-01 -8.615326E+00
     50834  1.619160E+00  1.419458E-01 -1.050043E+01
     50835  1.570049E-02 -8.525984E-02 -7.923526E-01
     50836  3.771465E-03 -4.360221E-02 -1.031458E+00
     50837 -2.627083E-02 -8.002699E-02 -7.786675E-01
     50838  1.030627E-02 -2.302528E-02 -1.060612E+00
     50839  1.654667E+00 -5.333936E-01 -7.512089E+00
     50840  1.646921E+00 -5.447119E-01 -6.903739E+00
     50841  1.608883E+00 -8.376701E-01 -8.853319E+00
     50842  1.726727E+00 -9.000054E-01 -9.011884E+00
     50843  1.852565E+00 -4.837722E-01 -6.137674E+00
     50844  1.787318E+00 -4.654548E-01 -5.556545E+00
     50845  1.932078E+00 -8.244034E-01 -7.215092E+00
     50846  2.028967E+00 -6.493578E-01 -8.489799E+00
     50847  2.008865E+00 -7.608045E-01 -7.381920E+00
     50848  1.901051E+00 -4.008215E-01 -4.781657E+00
     50849  1.789436E+00 -3.805447E-01 -4.241559E+00
     50850  2.043026E+00 -6.182058E-01 -5.700997E+00
     50851  2.190076E+00 -5.281235E-01 -6.838137E+00
     50852  2.024104E+00 -6.439495E-01 -5.656717E+00
     50853  1.808761E+00 -3.098571E-01 -3.541115E+00
     50854  1.681116E+00 -2.942632E-01 -3.080809E+00
     50855  1.982402E+00 -4.611470E-01 -4.282140E+00
     50856  1.919239E+00 -4.635496E-01 -4.140554E+00
     50857  2.158524E+00 -3.522015E-01 -5.196240E+00
     50858  1.634902E+00 -2.391286E-01 -2.491501E+00
     50859  1.501502E+00 -2.301130E-01 -2.121941E+00
     50860  1.807203E+00 -3.295654E-01 -3.059576E+00
     50861  1.987661E+00 -2.204005E-01 -3.738181E+00
     50862  1.740182E+00 -3.583319E-01 -2.874193E+00
     50863  1.422900E+00 -1.689337E-01 -1.670027E+00
     50864  1.304144E+00 -1.614280E-01 -1.392229E+00
     50865  1.577138E+00 -2.222417E-01 -2.070589E+00
     50866  1.771090E+00 -1.666324E-01 -2.535450E+00
     50867  1.520821E+00 -2.096295E-01 -1.919225E+00
     50868  1.203126E+00 -1.290948E-01 -1.052274E+00
     50869  1.098569E+00 -1.212505E-01 -8.634347E-01
     50870  1.336858E+00 -1.558579E-01 -1.332503E+00
     50871  1.278432E+00 -1.491034E-01 -1.183762E+00
     50872  1.486687E+00 -9.275557E-02 -1.646618E+00
     50873  1.003233E+00 -9.415114E-02 -6.367118E-01
     50874  9.154177E-01 -8.535992E-02 -5.122054E-01
     50875  1.105826E+00 -1.099085E-01 -8.120195E-01
     50876  1.244133E+00 -5.687959E-02 -1.000044E+00
     50877  1.063515E+00 -8.522424E-02 -7.173961E-01
     50878  8.249504E-01 -7.666116E-02 -3.734296E-01
     50879  7.535180E-01 -6.879166E-02 -3.081966E-01
     50880  9.004695E-01 -9.002390E-02 -4.809550E-01
     50881  8.757726E-01 -4.685842E-02 -4.265030E-01
     50882  1.009094E+00 -3.606596E-02 -5.853324E-01
     50883  6.789454E-01 -6.467160E-02 -2.330275E-01
     50884  6.226372E-01 -5.682106E-02 -2.063407E-01
     50885  7.354599E-01 -8.099658E-02 -2.936997E-01
     50886  8.170339E-01 -2.222437E-02 -3.519068E-01
     50887  7.149088E-01 -3.635556E-02 -2.846430E-01
     50888  5.622891E-01 -6.230589E-02 -1.883884E-01
     50889  5.189409E-01 -5.416545E-02 -1.856514E-01
     50890  5.952258E-01 -8.809891E-02 -2.212807E-01
     50891  6.640714E-01 -3.121275E-02 -2.443037E-01
     50892  5.955831E-01 -1.253829E-02 -2.561538E-01
     50893  4.739947E-01 -6.480707E-02 -2.032704E-01
     50894  4.397600E-01 -5.696185E-02 -2.170193E-01
     50895  4.908980E-01 -1.021757E-01 -2.241402E-01
     50896  5.022958E-01 -1.101298E-02 -2.920940E-01
     50897  5.452997E-01 -4.214999E-02 -2.313234E-01
     50898  4.086283E-01 -6.995800E-02 -2.557838E-01
     50899  3.800496E-01 -6.321053E-02 -2.811284E-01
     50900  4.144713E-01 -1.184601E-01 -2.748807E-01
     50901  4.562795E-01 -5.125894E-02 -2.827553E-01
     50902  4.340594E-01 -1.504462E-02 -3.694464E-01
     50903  3.633358E-01 -7.655754E-02 -3.287772E-01
     50904  3.412448E-01 -6.894668E-02 -3.514217E-01
     50905  3.612750E-01 -1.368733E-01 -3.531608E-01
     50906  3.853913E-01 -2.675427E-02 -4.674405E-01
     50907  3.901445E-01 -5.865285E-02 -3.715625E-01
     50908  3.316899E-01 -8.546459E-02 -4.065033E-01
     50909  3.128102E-01 -7.779625E-02 -4.283436E-01
     50910  3.222746E-01 -1.525827E-01 -4.374977E-01
     50911  3.508899E-01 -6.755508E-02 -4.688058E-01
     50912  3.556409E-01 -3.078103E-02 -5.709045E-01
     50913  3.117409E-01 -9.132380E-02 -4.762087E-01
     50914  2.948333E-01 -8.518494E-02 -4.927595E-01
     50915  3.013479E-01 -1.702989E-01 -5.216277E-01
     50916  3.360839E-01 -3.922523E-02 -6.614505E-01
     50917  3.210906E-01 -7.679881E-02 -5.712496E-01
     50918  2.983530E-01 -9.721672E-02 -5.326594E-01
     50919  2.819392E-01 -9.168265E-02 -5.412003E-01
     50920  2.875707E-01 -1.847639E-01 -5.907234E-01
     50921  3.037000E-01 -8.327197E-02 -6.575532E-01
     50922  3.237471E-01 -4.678038E-02 -7.331602E-01
     50923  2.872040E-01 -1.019899E-01 -5.710785E-01
     50924  2.697636E-01 -9.713754E-02 -5.718232E-01
     50925  2.778693E-01 -1.957188E-01 -6.400709E-01
     50926  2.924487E-01 -8.731561E-02 -7.227728E-01
     50927  3.139843E-01 -5.234936E-02 -7.820487E-01
     50928  2.746838E-01 -1.056410E-01 -5.906245E-01
     50929  2.528492E-01 -1.057081E-01 -5.977559E-01
     50930  2.676898E-01 -2.050607E-01 -6.697640E-01
     50931  2.819886E-01 -9.057991E-02 -7.647320E-01
     50932  3.035708E-01 -5.781507E-02 -8.028768E-01
     50933  2.567195E-01 -1.066602E-01 -5.906717E-01
     50934  2.327249E-01 -1.080980E-01 -6.033857E-01
     50935  2.652540E-01 -2.107008E-01 -6.815041E-01
     50936  2.566527E-01 -6.655319E-02 -8.013643E-01
     50937  2.761525E-01 -8.427900E-02 -8.005415E-01
     50938  2.327033E-01 -1.095124E-01 -5.930090E-01
     50939  2.089455E-01 -1.069594E-01 -5.921430E-01
     50940  2.443173E-01 -2.113421E-01 -6.843583E-01
     50941  2.494579E-01 -8.702726E-02 -8.086823E-01
     50942  2.365599E-01 -6.107157E-02 -8.149860E-01
     50943  2.046589E-01 -1.126466E-01 -6.023446E-01
     50944  1.779276E-01 -1.094541E-01 -5.928279E-01
     50945  2.038670E-01 -2.152374E-01 -6.866534E-01
     50946  2.227473E-01 -9.121260E-02 -8.016314E-01
     50947  2.294961E-01 -5.966000E-02 -8.229397E-01
     50948  1.712224E-01 -1.142934E-01 -6.076091E-01
     50949  1.427942E-01 -1.108894E-01 -6.015395E-01
     50950  1.708004E-01 -2.209817E-01 -6.914746E-01
     50951  1.930963E-01 -5.844055E-02 -8.284232E-01
     50952  1.869057E-01 -9.399988E-02 -7.981363E-01
     50953  1.352796E-01 -1.157668E-01 -6.220401E-01
     50954  1.062982E-01 -1.125446E-01 -6.211322E-01
     50955  1.339234E-01 -2.224373E-01 -7.037629E-01
     50956  1.532508E-01 -5.914324E-02 -8.449285E-01
     50957  1.490602E-01 -9.485815E-02 -8.075808E-01
     50958  9.991471E-02 -1.178704E-01 -6.483893E-01
     50959  7.134606E-02 -1.145774E-01 -6.527548E-01
     50960  9.618641E-02 -2.242016E-01 -7.283911E-01
     50961  1.095192E-01 -9.676721E-02 -8.298789E-01
     50962  1.137813E-01 -6.020171E-02 -8.753657E-01
     50963  6.827202E-02 -1.198429E-01 -6.855544E-01
     50964  4.105137E-02 -1.162665E-01 -6.936274E-01
     50965  6.139842E-02 -2.261471E-01 -7.653607E-01
     50966  7.826405E-02 -6.178628E-02 -9.179986E-01
     50967  7.170977E-02 -1.000422E-01 -8.660333E-01
     50968  4.267048E-02 -1.219589E-01 -7.291387E-01
     50969  1.633414E-02 -1.187471E-01 -7.409633E-01
     50970  3.249381E-02 -2.281714E-01 -8.111935E-01
     50971  3.907910E-02 -1.020436E-01 -9.133187E-01
     50972  4.993419E-02 -6.417923E-02 -9.681796E-01
     50973  2.571257E-02 -1.258251E-01 -7.769970E-01
     50974  2.671169E-03 -1.203095E-01 -7.807033E-01
     50975  1.065384E-02 -2.325597E-01 -8.623561E-01
     50976  2.902885E-02 -7.446278E-02 -1.023469E+00
     50977  1.280351E-02 -1.031403E-01 -9.679093E-01
     50978  1.638029E-02 -1.349878E-01 -8.150402E-01
     50979 -5.571723E-03 -1.218347E-01 -8.119660E-01
     50980 -4.272610E-03 -2.353438E-01 -9.052940E-01
     50981  2.706292E-02 -8.388473E-02 -1.068918E+00
     50982 -9.214697E-04 -1.050838E-01 -1.020084E+00
     50983  6.703575E-02 -2.465683E-01 -8.867052E-01
     50984 -1.367116E-02 -1.078957E-01 -1.063865E+00
     52843 -3.172565E-02  1.391028E-01  6.735527E-02
     52844  4.248133E-03 -3.440154E-03  8.043385E-02
     52845  5.316051E-03 -1.397840E-02  6.586911E-02
     52846 -2.731307E-03  4.553436E-02 -8.021594E-03
     52847 -1.978442E-03  5.297520E-02 -9.930280E-03
     52848 -1.446478E-03 -1.351070E-02  1.636431E-02
     52849 -2.799264E-03  6.549634E-02 -1.521978E-02
     52850 -3.520688E-03  3.615560E-02 -6.138246E-03
     52851 -5.894365E-07 -1.962179E-02  2.579772E-02
     52852  2.874778E-04  6.045865E-02 -1.099872E-02
     52853 -4.390646E-04  5.904510E-02 -8.160517E-03
     52854 -5.692190E-04  3.531833E-02  6.926413E-03
     52855  7.446362E-04  6.142775E-02 -1.091302E-02
     52856 -4.121213E-03  1.033247E-02  3.313704E-06
     52857 -2.423905E-05  6.395123E-02 -1.352279E-02
     52858 -3.169114E-03  4.112637E-02 -7.068522E-03
     52859 -3.714435E-03  3.017670E-02 -5.044203E-03
     52860 -2.522860E-03  1.556526E-02 -1.009871E-03
     52861 -7.576352E-04  5.369354E-02 -9.946482E-03
     52862  3.645478E-03 -2.161655E-02  5.106999E-02
     52863 -1.085266E-03  6.046673E-02 -1.024885E-02
     52864 -5.679668E-03  6.442174E-02 -1.538447E-02
     52865 -3.037719E-03 -6.145357E-03  9.176940E-03
     52866 -7.286617E-04  5.633758E-02 -1.045482E-02
     52867 -1.503119E-03  5.492752E-02 -1.042925E-02
     52868 -4.061115E-03  2.431223E-02 -3.916803E-03
     52869 -6.047256E-03  4.093627E-03  2.701397E-03
     52870 -2.400410E-03  4.977216E-02 -9.062217E-03
     52871 -3.836379E-04  5.638136E-02 -1.066113E-02
     52872 -1.048809E-02 -3.876442E-02  1.131356E-01
     52873  1.550679E-03 -2.330877E-02  3.750265E-02
     52874 -9.545033E-03 -4.266724E-02 -1.036365E+00
     52875 -7.516164E-03 -8.662640E-02 -7.927105E-01
     52876  1.140186E-03 -1.260146E-01 -8.446731E-01
     52877 -9.907193E-03 -2.548491E-02 -1.052365E+00
     52878 -1.112186E+00  2.383653E-01 -8.266568E+00
     52879 -1.122493E+00 -2.577601E-01 -9.918579E+00
     52880 -1.416207E+00 -2.297821E-01 -7.810902E+00
     52881 -1.554258E+00  7.228142E-02 -9.530113E+00
     52882  8.933932E-03 -1.384414E-01 -8.349041E-01
     52883 -1.697357E-02 -1.407965E-01 -8.289000E-01
     52884 -8.386152E-03 -2.220381E-01 -9.596212E-01
     52885  1.425052E-02 -1.100521E-01 -1.082381E+00
     52886 -2.310408E-03 -1.265430E-01 -7.959020E-01
     52887 -2.115596E-02 -1.290397E-01 -7.802784E-01
     52888  5.664609E-03 -2.421121E-01 -9.223779E-01
     52889 -3.234498E-02 -7.857954E-02 -1.088349E+00
     52890 -1.617774E-03 -1.253139E-01 -1.052213E+00
     52891 -1.234400E-02 -1.305014E-01 -7.711467E-01
     52892 -3.786963E-02 -1.294686E-01 -7.363357E-01
     52893 -2.489600E-02 -2.399912E-01 -8.838816E-01
     52894 -9.356421E-04 -8.423546E-02 -1.022012E+00
     52895 -1.778627E-02 -1.190799E-01 -1.038203E+00
     52896 -3.399726E-02 -1.274217E-01 -7.253197E-01
     52897 -6.328197E-02 -1.261315E-01 -6.928675E-01
     52898 -4.274458E-02 -2.408752E-01 -8.366963E-01
     52899 -2.183549E-02 -7.614460E-02 -9.666858E-01
     52900 -4.128628E-02 -1.161887E-01 -9.797217E-01
     52901 -5.989173E-02 -1.274710E-01 -6.845133E-01
     52902 -9.324467E-02 -1.233172E-01 -6.478037E-01
     52903 -7.105760E-02 -2.398553E-01 -7.900217E-01
     52904 -4.983017E-02 -8.650223E-02 -9.247615E-01
     52905 -6.845371E-02 -1.064991E-01 -9.271482E-01
     52906 -9.570660E-02 -1.235515E-01 -6.410090E-01
     52907 -1.292743E-01 -1.275198E-01 -6.279812E-01
     52908 -1.029733E-01 -2.378969E-01 -7.437657E-01
     52909 -1.040496E-01 -1.115698E-01 -8.811012E-01
     52910 -8.322194E-02 -6.974513E-02 -8.680685E-01
     52911 -1.334244E-01 -1.148583E-01 -5.977262E-01
     52912 -1.619450E-01 -1.182602E-01 -5.834915E-01
     52913 -1.209133E-01 -2.365205E-01 -7.083805E-01
     52914 -1.533267E-01 -6.997181E-02 -8.568247E-01
     52915 -1.401680E-01 -1.017758E-01 -8.186190E-01
     52916 -1.717540E-01 -1.156141E-01 -5.856387E-01
     52917 -2.012915E-01 -1.152372E-01 -5.640307E-01
     52918 -1.782266E-01 -2.280924E-01 -6.741658E-01
     52919 -1.734384E-01 -9.517534E-02 -8.105994E-01
     52920 -1.664509E-01 -5.769699E-02 -8.044976E-01
     52921 -2.090576E-01 -1.103899E-01 -5.673846E-01
     52922 -2.367845E-01 -1.139191E-01 -5.512736E-01
     52923 -2.141502E-01 -2.269440E-01 -6.556407E-01
     52924 -2.073721E-01 -6.011609E-02 -7.850585E-01
     52925 -2.180262E-01 -9.203631E-02 -7.780907E-01
     52926 -2.438456E-01 -1.069895E-01 -5.556756E-01
     52927 -2.704128E-01 -1.096778E-01 -5.394975E-01
     52928 -2.492874E-01 -2.242591E-01 -6.421690E-01
     52929 -2.445027E-01 -5.849699E-02 -7.680634E-01
     52930 -2.576556E-01 -9.249332E-02 -7.642564E-01
     52931 -2.758551E-01 -1.043227E-01 -5.455343E-01
     52932 -3.008984E-01 -1.085692E-01 -5.301783E-01
     52933 -2.829603E-01 -2.179064E-01 -6.294239E-01
     52934 -2.930992E-01 -8.684675E-02 -7.494071E-01
     52935 -2.792540E-01 -6.084070E-02 -7.543066E-01
     52936 -3.041416E-01 -1.017590E-01 -5.346938E-01
     52937 -3.280702E-01 -1.052328E-01 -5.168692E-01
     52938 -3.118338E-01 -2.125898E-01 -6.173662E-01
     52939 -3.089816E-01 -5.830749E-02 -7.357593E-01
     52940 -3.261575E-01 -8.829747E-02 -7.371886E-01
     52941 -3.297672E-01 -9.677517E-02 -5.173748E-01
     52942 -3.522518E-01 -1.006985E-01 -4.973688E-01
     52943 -3.366949E-01 -2.033791E-01 -5.988212E-01
     52944 -3.543834E-01 -8.463697E-02 -7.174227E-01
     52945 -3.358294E-01 -5.682487E-02 -7.081892E-01
     52946 -3.531258E-01 -9.057599E-02 -4.919127E-01
     52947 -3.745024E-01 -9.481890E-02 -4.684201E-01
     52948 -3.584613E-01 -1.917275E-01 -5.716938E-01
     52949 -3.598887E-01 -5.466562E-02 -6.688204E-01
     52950 -3.786505E-01 -7.951053E-02 -6.892555E-01
     52951 -3.763414E-01 -8.350266E-02 -4.563932E-01
     52952 -3.974842E-01 -8.882486E-02 -4.299139E-01
     52953 -3.790326E-01 -1.772172E-01 -5.331513E-01
     52954 -4.002408E-01 -7.211231E-02 -6.484869E-01
     52955 -3.839873E-01 -5.213712E-02 -6.157630E-01
     52956 -4.021231E-01 -7.639937E-02 -4.117840E-01
     52957 -4.248572E-01 -8.211463E-02 -3.824896E-01
     52958 -4.014878E-01 -1.615199E-01 -4.840285E-01
     52959 -4.106122E-01 -4.801513E-02 -5.500056E-01
     52960 -4.222910E-01 -6.433074E-02 -5.943906E-01
     52961 -4.356078E-01 -6.866137E-02 -3.606879E-01
     52962 -4.617897E-01 -7.535615E-02 -3.322312E-01
     52963 -4.300413E-01 -1.433003E-01 -4.257679E-01
     52964 -4.489851E-01 -5.535562E-02 -5.277839E-01
     52965 -4.459305E-01 -4.270311E-02 -4.749403E-01
     52966 -4.816949E-01 -6.297311E-02 -3.131173E-01
     52967 -5.142945E-01 -7.035282E-02 -2.907038E-01
     52968 -4.716083E-01 -1.247599E-01 -3.673155E-01
     52969 -4.852876E-01 -4.648700E-02 -4.551233E-01
     52970 -4.968366E-01 -3.724342E-02 -4.028609E-01
     52971 -5.465890E-01 -5.907163E-02 -2.826808E-01
     52972 -5.874576E-01 -6.708623E-02 -2.776535E-01
     52973 -5.317976E-01 -1.083238E-01 -3.234170E-01
     52974 -5.703551E-01 -3.343350E-02 -3.486282E-01
     52975 -5.392069E-01 -4.029210E-02 -3.903058E-01
     52976 -6.353205E-01 -5.995091E-02 -2.896522E-01
     52977 -6.865161E-01 -6.781278E-02 -3.095332E-01
     52978 -6.147367E-01 -9.661929E-02 -3.159970E-01
     52979 -6.759097E-01 -3.801574E-02 -3.389921E-01
     52980 -6.192896E-01 -2.547260E-02 -3.587206E-01
     52981 -7.499843E-01 -6.772195E-02 -3.649181E-01
     52982 -8.167814E-01 -7.645021E-02 -4.191607E-01
     52983 -7.327819E-01 -8.736696E-02 -3.689001E-01
     52984 -7.207245E-01 -2.972720E-02 -3.774803E-01
     52985 -8.091731E-01 -3.322437E-02 -4.161344E-01
     52986 -8.923286E-01 -8.443183E-02 -5.356256E-01
     52987 -9.766391E-01 -9.277991E-02 -6.405594E-01
     52988 -8.843915E-01 -8.707635E-02 -5.155202E-01
     52989 -9.778956E-01 -3.098639E-02 -6.092673E-01
     52990 -8.580546E-01 -5.108494E-02 -4.837092E-01
     52991 -1.060821E+00 -1.123117E-01 -8.357466E-01
     52992 -1.161970E+00 -1.194330E-01 -1.006726E+00
     52993 -1.067895E+00 -1.057730E-01 -7.977484E-01
     52994 -1.182866E+00 -4.393071E-02 -9.618546E-01
     52995 -1.033736E+00 -7.379752E-02 -7.240117E-01
     52996 -1.246396E+00 -1.529674E-01 -1.299002E+00
     52997 -1.362411E+00 -1.584703E-01 -1.549318E+00
     52998 -1.278689E+00 -1.441401E-01 -1.250975E+00
     52999 -1.235788E+00 -1.103171E-01 -1.141492E+00
     53000 -1.414529E+00 -6.991233E-02 -1.519274E+00
     53001 -1.432971E+00 -2.073203E-01 -1.953146E+00
     53002 -1.558343E+00 -2.100317E-01 -2.291277E+00
     53003 -1.502560E+00 -2.074591E-01 -1.909062E+00
     53004 -1.457132E+00 -1.643339E-01 -1.776532E+00
     53005 -1.655265E+00 -1.126107E-01 -2.318423E+00
     53006 -1.595093E+00 -2.734279E-01 -2.811597E+00
     53007 -1.719320E+00 -2.719825E-01 -3.237060E+00
     53008 -1.714820E+00 -2.991611E-01 -2.793215E+00
     53009 -1.873581E+00 -1.712125E-01 -3.379767E+00
     53010 -1.676304E+00 -2.378682E-01 -2.661799E+00
     53011 -1.696204E+00 -3.465489E-01 -3.863229E+00
     53012 -1.801012E+00 -3.403749E-01 -4.356228E+00
     53013 -1.877529E+00 -4.176643E-01 -3.898933E+00
     53014 -2.024100E+00 -2.483564E-01 -4.691190E+00
     53015 -1.860126E+00 -3.247500E-01 -3.809338E+00
     53016 -1.691678E+00 -4.243551E-01 -5.053342E+00
     53017 -1.759054E+00 -4.260877E-01 -5.581147E+00
     53018 -1.938653E+00 -5.590829E-01 -5.182814E+00
     53019 -2.055639E+00 -3.642352E-01 -6.177835E+00
     53020 -1.960145E+00 -4.196728E-01 -5.189662E+00
     53021 -1.570468E+00 -4.814711E-01 -6.277171E+00
     53022 -1.572412E+00 -4.756382E-01 -6.828406E+00
     53023 -1.834598E+00 -7.479188E-01 -6.556857E+00
     53024 -1.922821E+00 -5.334361E-01 -6.718383E+00
     53025 -1.926675E+00 -5.691044E-01 -7.721963E+00
     53026 -1.528027E+00 -7.373218E-01 -8.023307E+00
     53027 -1.652231E+00 -7.717224E-01 -8.206382E+00
     57524  3.443898E-01  2.354849E+00  5.433986E-01
     57525 -1.535210E+00  4.226225E+00  2.759747E+00
     57526  7.791209E-01  3.885908E-01 -9.291257E-02
     57527 -4.178680E-01  1.129458E+00  6.201269E-01
     57528  5.848123E-01  4.230284E-01  9.487764E-01
     57529 -1.460692E+00 -1.555166E+01  9.790087E+01
     57530 -4.615897E+00 -1.689584E+01  9.022662E+01
     57531  3.807245E+00 -9.389327E+00  7.565453E+01
     57532 -7.877783E-01  2.420225E+00 -1.204879E+01
     57533 -1.791936E+00  6.807057E-01 -5.171929E+00
     57534 -3.008568E+00 -2.156542E+00 -4.671854E+00
     57535  7.251636E-01  2.423191E+00 -1.172297E+01
     57536 -7.985341E+00 -1.155971E+01  6.740054E+01
     57537 -8.918913E-01 -4.746398E+00  3.401578E+00
     57538 -2.910413E+00 -6.175901E+00  1.053654E+01
     57539 -1.425968E+00 -3.719889E+00 -8.225274E+00
     57540  9.390146E-01 -7.771812E+00  2.153636E+01
     57541 -1.675672E+00 -8.824102E+00  3.038288E+01
     57542 -9.400138E-01 -7.114596E+00  8.053811E+00
     57543  1.817945E+00 -9.107622E+00  4.481811E+01
     57544 -3.954640E+00 -9.864729E+00  5.460028E+01
     57545 -4.521940E-01 -9.912209E+00  3.001842E+01
     57546 -1.903122E+00 -1.186841E+01  5.909468E+01
     57547 -9.466486E-01 -4.426235E+00 -1.423525E+00
     57548 -2.550234E+00 -3.865275E+00 -9.705989E+00
     57549 -2.637055E+00 -7.797617E+00  1.738612E+01
     57550 -3.409919E+00 -7.477075E+00  6.781728E+00
     57551  1.109354E+00 -9.063891E+00  4.253947E+01
     57552 -5.842742E+00 -1.023902E+01  2.933220E+01
     62516  1.360933E+00  3.827353E+00  2.524446E+00
     62517 -3.891342E-01  2.183215E+00  5.133478E-01
     62518  3.570917E-01  9.779363E-01  4.908425E-01
     62519 -6.310115E-01  3.742353E-01  8.609175E-01
     62520 -7.693687E-01  3.591586E-01 -7.454509E-02
     62521  1.784252E+00  4.748717E-01 -4.250830E+00
     62522  8.828403E-01  2.259055E+00 -1.125941E+01
     62523 -4.479164E-01  2.456486E+00 -1.094365E+01
     62524  4.526275E+00 -1.544709E+01  8.211911E+01
     62525  1.650500E+00 -1.424517E+01  9.007514E+01
     62526  7.511208E+00 -1.071290E+01  6.102386E+01
     62527  2.903046E+00 -2.187534E+00 -3.713781E+00
     62528 -3.235634E+00 -8.402972E+00  6.998062E+01
     62529  2.552058E+00 -3.577911E+00 -9.529077E+00
     62530  1.184031E+00 -3.972294E+00 -1.824531E+00
     62531  1.436064E+00 -3.471663E+00 -7.520090E+00
     62532  3.319573E+00 -6.883358E+00  5.475604E+00
     62533  2.644431E+00 -7.087945E+00  1.520519E+01
     62534  9.635717E-01 -6.548784E+00  7.404761E+00
     62535  5.629381E+00 -9.461592E+00  2.611567E+01
     62536 -7.314011E-01 -8.328229E+00  3.825147E+01
     62537  5.368420E-01 -9.093455E+00  2.749816E+01
     62538  1.862033E+00 -1.086414E+01  5.417202E+01
     62539  2.868669E+00 -5.740956E+00  1.039913E+01
     62540  9.294225E-01 -4.435605E+00  3.886457E+00
     62541  1.724461E+00 -8.138033E+00  2.860882E+01
     62542 -7.712529E-01 -7.151602E+00  2.057233E+01
     62543  3.928007E+00 -9.090886E+00  5.072489E+01
     62544 -1.470025E+00 -8.314280E+00  4.185424E+01
     67035 -1.165070E-01  1.690184E-01  1.077102E-01
     67036  9.705256E-02  1.560627E-01  9.428199E-02
     67037  2.134968E-01  2.922611E-01 -1.532371E-01
     67038 -2.316724E-01  3.215333E-01 -1.602222E-01
     67039  2.560928E+00 -1.697944E+00 -1.015802E+01
     67040  2.390092E+00 -1.442879E+00 -3.337946E+00
     67041  2.541483E+00 -1.486717E+00 -8.498331E+00
     67042 -2.807002E-02 -4.434035E-01  2.562133E-01
     67043  4.282560E-02 -4.088747E-01  2.029829E-01
     67044 -2.897976E-02 -3.946638E-01  2.123955E-01
     67045  3.685689E-02 -4.397242E-01  2.613375E-01
     67046 -2.264054E+00 -1.293318E+00 -3.025647E+00
     67047 -2.406129E+00 -1.487934E+00 -9.188076E+00
     67048 -2.424321E+00 -1.321699E+00 -7.720143E+00
     67049  2.892528E+00 -1.813102E+00 -9.519211E-01
     67050 -2.736383E+00 -1.629231E+00 -8.767503E-01
     67051  2.213371E+00 -1.721493E+00 -5.946268E+00
     67052  3.020820E+00 -2.291639E+00 -5.907334E+00
     67053  2.524880E+00 -2.428423E+00 -2.685742E+00
     67054  1.546058E+00 -1.374772E+00  1.628884E-01
     67055  3.950813E+00 -3.183384E+00 -4.261285E+00
     67056  3.690736E+00 -3.339195E+00 -4.694153E+00
     67057  2.041731E+00 -1.331420E+00  6.404625E-01
     67058  4.295820E+00 -2.640847E+00 -3.808150E+00
     67059  4.704626E+00 -3.323285E+00 -3.813928E+00
     67060  4.317683E+00 -2.103895E+00 -3.226829E+00
     67061  4.656754E+00 -2.605059E+00 -3.320283E+00
     67062  4.107149E+00 -1.600190E+00 -2.583635E+00
     67063  4.407323E+00 -1.949092E+00 -2.748662E+00
     67064  3.748620E+00 -1.161543E+00 -1.948071E+00
     67065  4.012122E+00 -1.385979E+00 -2.151753E+00
     67066  3.324143E+00 -8.122712E-01 -1.393400E+00
     67067  3.544299E+00 -9.289164E-01 -1.588126E+00
     67068  2.895930E+00 -5.411343E-01 -8.971451E-01
     67069  3.070915E+00 -5.928974E-01 -1.106763E+00
     67070  2.485705E+00 -3.480739E-01 -4.874266E-01
     67071  2.626328E+00 -3.472399E-01 -6.748260E-01
     67072  2.124751E+00 -2.249750E-01 -1.810173E-01
     67073  2.228983E+00 -1.906293E-01 -3.344062E-01
     67074  1.824088E+00 -1.547911E-01  4.192136E-02
     67075  1.898677E+00 -1.029979E-01 -8.231807E-02
     67076  1.580708E+00 -1.246115E-01  1.949333E-01
     67077  1.632143E+00 -6.503688E-02  9.810254E-02
     67078  1.385760E+00 -1.225325E-01  2.922544E-01
     67079  1.423809E+00 -6.136511E-02  2.211630E-01
     67080  1.239510E+00 -1.367047E-01  3.480797E-01
     67081  1.264041E+00 -7.961305E-02  2.952506E-01
     67082  1.128646E+00 -1.577266E-01  3.823668E-01
     67083  1.147208E+00 -1.064587E-01  3.411928E-01
     67084  1.043418E+00 -1.804969E-01  4.033943E-01
     67085  1.060193E+00 -1.363834E-01  3.731819E-01
     67086  9.754739E-01 -1.996069E-01  4.161157E-01
     67087  9.900302E-01 -1.622524E-01  3.932842E-01
     67088  9.144560E-01 -2.132026E-01  4.289782E-01
     67089  9.285130E-01 -1.810325E-01  4.102383E-01
     67090  8.526593E-01 -2.183624E-01  4.457568E-01
     67091  8.662047E-01 -1.914841E-01  4.288898E-01
     67092  7.794004E-01 -2.224499E-01  4.587030E-01
     67093  7.954573E-01 -1.980039E-01  4.472667E-01
     67094  6.943212E-01 -2.260239E-01  4.668797E-01
     67095  7.140958E-01 -2.028814E-01  4.607239E-01
     67096  6.000350E-01 -2.272992E-01  4.711517E-01
     67097  6.216434E-01 -2.063288E-01  4.688682E-01
     67098  4.952758E-01 -2.353360E-01  4.612467E-01
     67099  5.200281E-01 -2.149012E-01  4.661096E-01
     67100  3.873754E-01 -2.497278E-01  4.372415E-01
     67101  4.159319E-01 -2.300535E-01  4.486412E-01
     67102  2.835880E-01 -2.708028E-01  3.994819E-01
     67103  3.156317E-01 -2.523147E-01  4.165001E-01
     67104  1.910228E-01 -2.967009E-01  3.527699E-01
     67105  2.265041E-01 -2.799506E-01  3.724759E-01
     67106  1.128211E-01 -3.254444E-01  3.029936E-01
     67107  1.531580E-01 -3.105129E-01  3.231757E-01
     67108  5.539229E-02 -3.520107E-01  2.549168E-01
     67109  9.757740E-02 -3.414813E-01  2.721994E-01
     67110  2.234280E-02 -3.749371E-01  2.207395E-01
     67111  5.557260E-02 -3.664318E-01  2.289702E-01
     67112 -4.437641E-02 -3.659538E-01  2.443686E-01
     67113 -9.119785E-03 -3.765571E-01  2.263854E-01
     67114 -8.094268E-02 -3.452474E-01  2.956952E-01
     67115 -4.210800E-02 -3.575940E-01  2.704685E-01
     67116 -1.295374E-01 -3.116774E-01  3.615889E-01
     67117 -9.615763E-02 -3.294491E-01  3.315500E-01
     67118 -2.003445E-01 -2.805507E-01  4.340019E-01
     67119 -1.698032E-01 -3.003977E-01  4.001808E-01
     67120 -2.959952E-01 -2.452988E-01  5.036255E-01
     67121 -2.572322E-01 -2.676690E-01  4.758815E-01
     67122 -3.958722E-01 -2.128939E-01  5.439104E-01
     67123 -3.737105E-01 -2.388974E-01  5.302794E-01
     67124 -5.043048E-01 -1.856848E-01  5.741207E-01
     67125 -4.864963E-01 -2.164143E-01  5.624179E-01
     67126 -6.171488E-01 -1.652396E-01  5.944309E-01
     67127 -6.047106E-01 -1.950032E-01  5.906107E-01
     67128 -7.309416E-01 -1.521561E-01  6.015102E-01
     67129 -7.190934E-01 -1.860401E-01  6.055545E-01
     67130 -8.424826E-01 -1.441453E-01  5.909599E-01
     67131 -8.330595E-01 -1.795012E-01  6.051134E-01
     67132 -9.472995E-01 -1.388066E-01  5.656779E-01
     67133 -9.403939E-01 -1.771080E-01  5.888721E-01
     67134 -1.045611E+00 -1.346215E-01  5.277190E-01
     67135 -1.040210E+00 -1.752937E-01  5.596130E-01
     67136 -1.138732E+00 -1.297876E-01  4.794738E-01
     67137 -1.132881E+00 -1.733570E-01  5.195994E-01
     67138 -1.230309E+00 -1.230107E-01  4.217226E-01
     67139 -1.221759E+00 -1.700521E-01  4.704033E-01
     67140 -1.326079E+00 -1.152872E-01  3.535086E-01
     67141 -1.313385E+00 -1.661218E-01  4.111575E-01
     67142 -1.436477E+00 -1.070566E-01  2.725860E-01
     67143 -1.415187E+00 -1.617265E-01  3.412712E-01
     67144 -1.572765E+00 -1.049716E-01  1.711240E-01
     67145 -1.540115E+00 -1.616163E-01  2.535169E-01
     67146 -1.747593E+00 -1.154280E-01  3.995643E-02
     67147 -1.698908E+00 -1.720508E-01  1.395839E-01
     67148 -1.974244E+00 -1.507843E-01 -1.350546E-01
     67149 -1.904057E+00 -2.008875E-01 -1.326687E-02
     67150 -2.259594E+00 -2.282225E-01 -3.675658E-01
     67151 -2.161677E+00 -2.624395E-01 -2.223738E-01
     67152 -2.604487E+00 -3.625593E-01 -6.676940E-01
     67153 -2.475272E+00 -3.697626E-01 -4.994949E-01
     67154 -3.003217E+00 -5.720077E-01 -1.041991E+00
     67155 -2.838918E+00 -5.352052E-01 -8.557283E-01
     67156 -3.434251E+00 -8.736864E-01 -1.489171E+00
     67157 -3.232382E+00 -7.713568E-01 -1.295496E+00
     67158 -3.859851E+00 -1.277331E+00 -1.993982E+00
     67159 -3.621132E+00 -1.085130E+00 -1.810856E+00
     67160 -4.224852E+00 -1.782491E+00 -2.527245E+00
     67161 -3.951464E+00 -1.474525E+00 -2.378644E+00
     67162 -4.459366E+00 -2.373931E+00 -3.047511E+00
     67163 -4.152493E+00 -1.923202E+00 -2.959581E+00
     67164 -4.498586E+00 -3.019308E+00 -3.497515E+00
     67165 -4.134291E+00 -2.404761E+00 -3.494725E+00
     67166 -3.814217E+00 -2.881763E+00 -3.896475E+00
     67167 -3.522640E+00 -3.015194E+00 -4.274768E+00
     67168 -2.878712E+00 -2.058784E+00 -5.357001E+00
     67169 -2.133463E+00 -1.548886E+00 -5.413689E+00
     67170 -1.971150E+00 -1.202394E+00  5.737817E-01
     67171 -2.416284E+00 -2.187220E+00 -2.443999E+00
     67172 -1.521032E+00 -1.235467E+00  1.440041E-01
     68037  1.380845E-01  1.766641E-01  2.481149E-01
     68038 -2.938945E-01  4.508995E-01  4.274754E-01
     68039 -3.059045E-03  6.545872E-01 -6.196785E-01
     68040 -6.549557E-02  3.214189E-01 -1.777196E-01
     68041  2.896091E-01  3.194326E-01  1.837162E-01
     68042  6.540810E-01  3.611987E-01 -9.061463E+00
     68043  1.571313E-01  8.539874E-01 -1.600097E+01
     68044  1.256142E+00 -1.060530E+00 -4.321636E+00
     68045  8.497226E-01 -4.932767E-01 -8.059246E+00
     68046  9.479589E-02 -6.589575E-01 -8.125977E+00
     68047 -8.557032E-01  1.218441E+00 -2.010196E+01
     68048  1.898341E-01 -1.660735E+00  3.132452E+00
     68049  4.260691E-01 -1.079866E+00 -5.008375E-01
     68050  5.808396E-01 -1.434801E+00 -4.197321E+00
     68051 -1.358037E+00 -2.557466E-01 -1.302543E+01
     68052  3.617143E-01  1.956611E+00  2.435484E+01
     68053 -8.625381E-01  1.498635E+00  2.395003E+01
     68054 -1.215285E+00 -9.407294E-02  1.639514E+01
     68055  1.599552E+00 -6.886328E-02  1.626200E+01
     68056 -8.001909E-01 -1.259366E+00  1.203606E+01
     68057 -5.654985E-01 -1.532578E+00  7.712495E+00
     68058  2.781781E-02 -1.338329E+00  1.169308E+01
     68059  9.710571E-02 -2.049752E+00  3.853909E+00
     68060  1.152098E+00 -1.699410E+00  5.695979E+00
     68061  6.252505E-02 -6.967789E-01  9.958513E+00
     68062  1.829208E-01 -1.652771E+00 -5.770322E+00
     68063 -1.392721E-01 -1.443053E+00 -3.968795E-01
     68064  7.727578E-02 -2.625094E-01 -7.714852E+00
     68537 -1.424064E-01  1.572754E-01  2.155971E-01
     68538  2.590082E-01  4.007504E-01  3.664955E-01
     68539 -1.151138E-02  5.984416E-01 -5.724641E-01
     68540  4.661837E-02  2.984541E-01 -1.696100E-01
     68541 -2.477928E-01  2.859225E-01  1.631203E-01
     68542 -1.769168E-01  7.702730E-01 -1.437935E+01
     68543 -6.230151E-01  3.146059E-01 -8.154691E+00
     68544 -8.162694E-01 -4.293541E-01 -7.210303E+00
     68545 -1.169750E+00 -9.265858E-01 -3.860574E+00
     68546 -1.325790E-01 -5.661026E-01 -7.235258E+00
     68547  7.569545E-01  1.081719E+00 -1.790636E+01
     68548 -3.975893E-01 -9.381275E-01 -4.688861E-01
     68549 -1.525745E-01 -1.479577E+00  2.806130E+00
     68550 -5.389753E-01 -1.266354E+00 -3.687405E+00
     68551  1.200767E+00 -2.311719E-01 -1.150127E+01
     68552  8.168126E-01  1.384078E+00  2.176278E+01
     68553 -2.947780E-01  1.813610E+00  2.239347E+01
     68554 -1.436127E+00 -2.026252E-02  1.504967E+01
     68555  1.140522E+00 -7.632834E-02  1.485918E+01
     68556 -1.437771E-02 -6.053116E-01  9.311880E+00
     68557 -1.047898E+00 -1.510166E+00  5.497512E+00
     68558 -2.464622E-02 -1.198717E+00  1.070657E+01
     68559  1.588067E-01 -1.285698E+00 -5.569658E-02
     68560 -1.829560E-01 -1.469534E+00 -4.882972E+00
     68561 -6.681048E-02 -1.835420E+00  3.624093E+00
     68562 -4.241205E-02 -2.328727E-01 -6.795333E+00
     68563  5.594713E-01 -1.375380E+00  6.969968E+00
     68564  7.513852E-01 -1.122737E+00  1.089033E+01

 total force (fx,fy,fz) for set FEET and time  0.3000000E+01

       -3.174423E-09 -3.000000E+02  1.200000E+03

                        S T E P       4


                                INCREMENT     1


 displacements (vx,vy,vz) for set TOP and time  0.4000000E+01

     36367 -9.908854E-03  4.111446E-01 -3.831971E-01
     37135 -1.583133E-03  4.477894E-01 -4.091614E-01
     38585 -1.664834E-02  3.169747E-01 -3.157445E-01
     44994  5.141828E-03  4.345168E-01 -3.995365E-01
     47647  1.283417E-02  3.099704E-01 -3.037268E-01

 forces (fx,fy,fz) for set FEET and time  0.4000000E+01

       199 -1.455009E-01  1.991526E-01 -2.110121E+00
       203  4.362241E-01  5.910054E+00 -5.749802E+00
       204 -6.902138E-03 -6.662321E-02 -1.045893E+00
       208  3.744766E-03  6.395146E-01 -3.155531E-01
       209  1.328322E-01  1.506494E-01 -1.881807E+00
       213 -3.648267E-01  5.397879E+00 -5.218939E+00
       242  1.061331E+01  6.852323E+00  1.467276E+01
       243 -3.303439E-01  2.441367E-01  3.777946E-02
       244  6.207406E-01  8.970461E-01 -4.471692E-01
       245 -9.946159E+00  5.236874E+00  1.233802E+01
       269 -5.693198E-01  8.355855E-01 -4.174836E-01
       270  9.017949E+00  4.684237E+00  1.108756E+01
       273  2.755081E-01  1.808998E-01  6.758215E-02
       274 -9.706816E+00  6.329976E+00  1.350302E+01
       282 -1.222642E-02  9.182844E-01  3.497098E+00
       284  9.474535E-04  8.333621E-01  3.136885E+00
       290 -4.506997E+00  3.371563E+00 -5.585973E+00
       293 -6.053597E+00  5.453556E+00  7.624890E+00
       294  8.296787E+00  6.857400E+00  1.035302E+01
       301  4.024092E+00  2.983815E+00 -4.950459E+00
       302 -7.507681E+00  6.234091E+00  9.409004E+00
       303  5.418671E+00  4.854708E+00  6.777180E+00
      3822  1.972652E+00  1.939455E+00 -1.529402E+01
      3848 -8.012067E-03 -2.171762E-01 -1.435102E+00
      3861  3.733072E-01  8.106644E-01 -2.423074E+00
      3862  4.535431E-01  6.444007E-01 -1.136364E+00
      3863  6.499327E-01  3.763937E-01 -2.329589E+00
      3864  4.808683E-01  2.132078E-01 -1.709132E+00
      3865  3.780042E-01  1.105510E-01 -1.322806E+00
      3866  2.987177E-01  5.023974E-02 -1.065464E+00
      3867  2.442986E-01  1.723095E-03 -9.129657E-01
      3868  1.928594E-01 -1.938025E-02 -7.956529E-01
      3869  1.607196E-01 -3.496050E-02 -7.273197E-01
      3870  1.215222E-01 -4.043439E-02 -6.886785E-01
      3871  1.052672E-01 -4.397452E-02 -6.905461E-01
      3872  8.316662E-02 -4.144418E-02 -6.963058E-01
      3873  7.154131E-02 -3.690345E-02 -7.126751E-01
      3874  6.213835E-02 -3.484528E-02 -7.416740E-01
      3875  5.775351E-02 -2.482946E-02 -7.499404E-01
      3876  5.391495E-02 -2.570871E-02 -7.832710E-01
      3877  4.875993E-02 -2.148536E-02 -8.008980E-01
      3878  4.789646E-02 -1.863635E-02 -8.134716E-01
      3879  4.793361E-02 -1.711060E-02 -8.216355E-01
      3880  4.161172E-02 -1.516185E-02 -8.199056E-01
      3881  4.031205E-02 -1.708847E-02 -8.256850E-01
      3882  3.995938E-02 -1.962281E-02 -8.338404E-01
      3883  2.786482E-02 -1.877423E-02 -8.308640E-01
      3884  2.074795E-02 -1.797641E-02 -8.330662E-01
      3885  1.335818E-02 -1.696001E-02 -8.371452E-01
      3886  6.603806E-03 -1.480551E-02 -8.431785E-01
      3887  2.801887E-03 -1.127929E-02 -8.499306E-01
      3888 -2.052159E-03 -1.156496E-02 -8.639087E-01
      3889  2.330858E-04 -8.111174E-03 -8.606025E-01
      3890 -1.086579E-01  9.265961E-02 -1.019688E+00
      3891  3.568698E+00  1.495260E+00 -1.300802E+01
      3892  3.146849E+00 -8.883109E-02 -7.770776E+00
      3893  3.894982E+00 -8.399188E-01 -7.285623E+00
      3894  3.415319E+00 -7.939438E-01 -5.286783E+00
      3895  3.007382E+00 -6.486478E-01 -3.864467E+00
      3896  2.617141E+00 -5.254355E-01 -2.795706E+00
      3897  2.263651E+00 -4.176977E-01 -2.045128E+00
      3898  1.949806E+00 -3.478955E-01 -1.450288E+00
      3899  1.667011E+00 -3.027766E-01 -1.096776E+00
      3900  1.429294E+00 -2.786400E-01 -8.143682E-01
      3901  1.231312E+00 -2.439162E-01 -6.868612E-01
      3902  1.070983E+00 -2.345443E-01 -5.975902E-01
      3903  9.417002E-01 -2.288077E-01 -5.771762E-01
      3904  8.337179E-01 -2.251398E-01 -5.922401E-01
      3905  7.616462E-01 -2.344859E-01 -6.288569E-01
      3906  6.853367E-01 -2.404371E-01 -6.752629E-01
      3907  6.386152E-01 -2.466230E-01 -7.159169E-01
      3908  5.960033E-01 -2.522074E-01 -7.514077E-01
      3909  5.564031E-01 -2.570125E-01 -7.748724E-01
      3910  5.148608E-01 -2.672344E-01 -7.738333E-01
      3911  4.687118E-01 -2.645122E-01 -7.910928E-01
      3912  4.197059E-01 -2.621190E-01 -8.059751E-01
      3913  3.686668E-01 -2.709987E-01 -7.892338E-01
      3914  3.095543E-01 -2.736574E-01 -7.942968E-01
      3915  2.481718E-01 -2.769152E-01 -8.086354E-01
      3916  1.882129E-01 -2.810345E-01 -8.338748E-01
      3917  1.344273E-01 -2.828943E-01 -8.666870E-01
      3918  8.298932E-02 -2.827019E-01 -9.016471E-01
      3919  5.138087E-02 -2.951217E-01 -9.403339E-01
      3920  2.594885E-02 -3.090956E-01 -9.492448E-01
      3921  5.087934E-02 -3.213960E-01 -1.172168E+00
      4105  4.568661E-01  5.493153E+00 -2.934708E+00
      4106 -3.428371E-02  4.194853E+00 -1.446746E+00
      4107 -2.244757E-02  2.925595E+00 -7.803551E-01
      4108 -3.972160E-02  2.166114E+00 -4.778091E-01
      4109 -3.892652E-02  1.685678E+00 -3.099150E-01
      4110 -6.211053E-02  1.345946E+00 -1.851841E-01
      4111 -5.225782E-02  1.102311E+00 -1.108220E-01
      4112 -2.766333E-02  9.438228E-01 -5.220266E-02
      4113 -3.025819E-02  8.488930E-01 -6.157333E-03
      4114 -3.097333E-02  8.002517E-01  2.251517E-02
      4115 -2.767877E-02  7.715823E-01  2.389779E-02
      4116 -2.103345E-02  7.792145E-01  2.151496E-02
      4117 -2.025860E-02  7.917173E-01  1.605457E-02
      4118 -1.907038E-02  8.185413E-01  1.300932E-02
      4119 -1.812222E-02  8.324233E-01  7.007022E-03
      4120 -1.505963E-02  8.643575E-01 -2.288437E-04
      4121 -1.199386E-02  8.866446E-01 -4.994935E-03
      4122 -1.092549E-02  9.021179E-01 -8.242478E-03
      4123 -1.467775E-02  9.139200E-01 -1.561564E-02
      4124 -7.900757E-03  9.167840E-01 -1.236239E-02
      4125 -3.687906E-03  9.116522E-01 -6.026128E-04
      4126 -1.059048E-02  9.144164E-01 -1.789651E-03
      4127 -4.843934E-03  9.238051E-01 -3.346321E-03
      4128 -3.289355E-03  9.247983E-01 -5.895850E-03
      4129 -1.440756E-03  9.303138E-01 -7.405805E-03
      4130 -7.553172E-04  9.387032E-01 -1.081448E-02
      4131  2.375580E-04  9.481556E-01 -1.748175E-02
      4132  1.914995E-03  9.691011E-01 -1.648770E-02
      4133  7.399154E-03  9.948236E-01 -8.988717E-03
      4134 -6.733183E-02  8.321712E-01 -1.557841E-01
      4135  2.042135E+00  9.485447E+00 -1.408034E+01
      4136  1.683541E+00  7.193353E+00 -8.623798E+00
      4137  1.170439E+00  4.669383E+00 -5.334143E+00
      4138  9.083968E-01  3.228323E+00 -3.700517E+00
      4139  7.500789E-01  2.331553E+00 -2.682411E+00
      4140  6.397615E-01  1.761554E+00 -2.000314E+00
      4141  5.316581E-01  1.347871E+00 -1.500142E+00
      4142  4.554283E-01  1.147544E+00 -1.198742E+00
      4143  3.761524E-01  8.859815E-01 -9.503093E-01
      4144  3.111959E-01  7.629724E-01 -8.306463E-01
      4145  2.633160E-01  7.227948E-01 -7.461178E-01
      4146  2.028684E-01  6.979019E-01 -7.423900E-01
      4147  1.717885E-01  7.007659E-01 -7.566683E-01
      4148  1.485685E-01  7.195819E-01 -7.920400E-01
      4149  1.498344E-01  7.612503E-01 -8.287839E-01
      4150  1.201985E-01  7.827921E-01 -8.631548E-01
      4151  1.086097E-01  8.136599E-01 -8.988274E-01
      4152  1.011860E-01  8.359768E-01 -9.271307E-01
      4153  9.303544E-02  8.502431E-01 -9.459521E-01
      4154  1.038039E-01  8.606572E-01 -9.767058E-01
      4155  1.164606E-01  8.606984E-01 -9.692373E-01
      4156  8.717248E-02  8.612850E-01 -9.431018E-01
      4157  5.466868E-02  8.601091E-01 -9.576112E-01
      4158  4.055372E-02  8.602087E-01 -9.621668E-01
      4159  2.693811E-02  8.659500E-01 -9.697403E-01
      4160  1.236297E-02  8.765734E-01 -9.822693E-01
      4161 -1.742503E-04  8.897775E-01 -1.003345E+00
      4162 -1.167303E-02  9.037115E-01 -1.026531E+00
      4163 -4.576947E-04  9.293488E-01 -1.039316E+00
      4164 -1.036521E-02  9.226104E-01 -1.018187E+00
      4165 -3.424544E-03  7.854115E-01 -1.186346E+00
      4179 -1.799827E+00  1.745840E+00 -1.371926E+01
      4192  2.808609E-02 -1.900943E-03 -8.904665E-01
      4193 -1.154300E-02 -1.640290E-02 -8.607303E-01
      4194 -7.274019E-03 -1.934986E-02 -8.643007E-01
      4195 -1.724387E-02 -1.999092E-02 -8.515840E-01
      4196 -2.197718E-02 -3.073051E-02 -8.593930E-01
      4197 -1.472134E-02 -2.866918E-02 -8.434385E-01
      4198 -3.072155E-02 -2.773683E-02 -8.329233E-01
      4199 -3.357177E-02 -2.126283E-02 -8.069168E-01
      4200 -4.439469E-02 -2.259235E-02 -8.102798E-01
      4201 -5.383667E-02 -2.274316E-02 -8.036336E-01
      4202 -5.907972E-02 -2.236128E-02 -7.996304E-01
      4203 -6.380645E-02 -2.408991E-02 -7.927222E-01
      4204 -6.743096E-02 -2.416425E-02 -7.836775E-01
      4205 -7.042463E-02 -2.455859E-02 -7.719393E-01
      4206 -7.299231E-02 -2.504374E-02 -7.554740E-01
      4207 -7.589677E-02 -2.749052E-02 -7.371457E-01
      4208 -8.036117E-02 -2.949446E-02 -7.144190E-01
      4209 -8.636367E-02 -3.311309E-02 -6.925574E-01
      4210 -9.503707E-02 -3.544893E-02 -6.710452E-01
      4211 -1.136425E-01 -3.586987E-02 -6.531045E-01
      4212 -1.317191E-01 -3.457087E-02 -6.562874E-01
      4213 -1.553278E-01 -2.857023E-02 -6.808910E-01
      4214 -1.952984E-01 -1.530007E-02 -7.296742E-01
      4215 -2.399414E-01  9.021859E-03 -8.234148E-01
      4216 -2.952665E-01  4.678733E-02 -9.739283E-01
      4217 -3.651192E-01  1.050348E-01 -1.201972E+00
      4218 -4.593123E-01  1.997684E-01 -1.547824E+00
      4219 -6.092181E-01  3.517802E-01 -2.107700E+00
      4220 -4.262651E-01  5.920625E-01 -1.020735E+00
      4221 -3.440942E-01  7.367487E-01 -2.204899E+00
      4222 -5.586549E-02 -2.857354E-01 -1.101929E+00
      4223 -5.320053E-02 -3.279713E-01 -9.525999E-01
      4224 -8.318620E-02 -3.140610E-01 -9.533864E-01
      4225 -1.146430E-01 -3.064902E-01 -8.986010E-01
      4226 -1.646904E-01 -2.958301E-01 -8.605837E-01
      4227 -2.100327E-01 -2.873838E-01 -8.129270E-01
      4228 -2.789882E-01 -2.917781E-01 -7.686994E-01
      4229 -3.287501E-01 -2.676571E-01 -7.709993E-01
      4230 -4.026438E-01 -2.631802E-01 -7.378064E-01
      4231 -4.619169E-01 -2.590936E-01 -7.259606E-01
      4232 -5.221605E-01 -2.524287E-01 -7.206824E-01
      4233 -5.793636E-01 -2.522574E-01 -7.184804E-01
      4234 -6.316366E-01 -2.491076E-01 -7.156052E-01
      4235 -6.815438E-01 -2.438942E-01 -7.094159E-01
      4236 -7.290539E-01 -2.371472E-01 -6.960107E-01
      4237 -7.797438E-01 -2.318973E-01 -6.772307E-01
      4238 -8.348911E-01 -2.251895E-01 -6.512134E-01
      4239 -9.047827E-01 -2.201844E-01 -6.271213E-01
      4240 -9.915058E-01 -2.187059E-01 -6.121485E-01
      4241 -1.106063E+00 -2.253089E-01 -6.108653E-01
      4242 -1.252662E+00 -2.297654E-01 -6.792295E-01
      4243 -1.430362E+00 -2.423098E-01 -8.157895E-01
      4244 -1.643483E+00 -2.735129E-01 -1.020460E+00
      4245 -1.898864E+00 -3.167069E-01 -1.361600E+00
      4246 -2.191972E+00 -3.783775E-01 -1.861860E+00
      4247 -2.517112E+00 -4.653300E-01 -2.561693E+00
      4248 -2.866731E+00 -5.801144E-01 -3.513516E+00
      4249 -3.239122E+00 -7.056682E-01 -4.797293E+00
      4250 -3.666191E+00 -7.238443E-01 -6.584605E+00
      4251 -2.927188E+00 -6.700015E-02 -7.016188E+00
      4252 -3.288065E+00  1.400187E+00 -1.171907E+01
      4436 -1.268532E-02  9.392326E-01  1.383831E-02
      4437  4.055082E-04  1.012425E+00  2.328558E-02
      4438  8.986918E-03  9.927032E-01  1.796456E-02
      4439  1.109261E-02  9.833016E-01  1.222654E-02
      4440  1.002558E-02  9.805371E-01  1.509448E-02
      4441  1.717639E-02  9.573196E-01  5.257274E-03
      4442  8.901593E-03  9.351377E-01  1.754640E-02
      4443  5.014860E-03  8.949593E-01  8.945352E-03
      4444  1.429249E-02  8.930927E-01 -4.415317E-03
      4445  1.554854E-02  8.874941E-01 -1.930779E-03
      4446  2.143182E-02  8.826525E-01 -6.368249E-03
      4447  2.242621E-02  8.821791E-01  1.143064E-03
      4448  2.368041E-02  8.727381E-01  1.305102E-05
      4449  2.435612E-02  8.586144E-01 -9.684803E-04
      4450  2.588374E-02  8.395096E-01 -1.843811E-03
      4451  2.655768E-02  8.185052E-01  1.069042E-03
      4452  2.692577E-02  7.923051E-01  1.859361E-03
      4453  2.927645E-02  7.681226E-01  5.063970E-03
      4454  2.680545E-02  7.514846E-01  2.852087E-03
      4455  3.406572E-02  7.405119E-01  6.116491E-03
      4456  3.774244E-02  7.423475E-01  6.219230E-03
      4457  3.641412E-02  7.800869E-01 -1.945132E-02
      4458  4.424960E-02  8.625277E-01 -5.494035E-02
      4459  5.007286E-02  9.909460E-01 -1.085499E-01
      4460  5.742889E-02  1.192278E+00 -1.852531E-01
      4461  6.507452E-02  1.486808E+00 -2.950103E-01
      4462  7.071481E-02  1.912408E+00 -4.596708E-01
      4463  7.025021E-02  2.566691E+00 -7.327206E-01
      4464  3.991861E-02  3.691148E+00 -1.317624E+00
      4465 -3.622998E-01  4.877319E+00 -2.631190E+00
      4466  5.575181E-03  8.031266E-01 -1.161233E+00
      4467  7.279859E-03  9.029802E-01 -9.842553E-01
      4468 -2.387266E-02  9.630529E-01 -9.483860E-01
      4469 -5.904006E-02  9.232364E-01 -9.519276E-01
      4470 -6.966427E-02  8.976232E-01 -9.498856E-01
      4471 -6.617171E-02  9.618973E-01 -9.058892E-01
      4472 -6.916794E-02  8.614434E-01 -9.273137E-01
      4473 -6.448491E-02  8.551038E-01 -8.985043E-01
      4474 -1.148985E-01  8.282427E-01 -9.203093E-01
      4475 -1.294561E-01  8.256657E-01 -9.139606E-01
      4476 -1.399725E-01  8.196622E-01 -9.153169E-01
      4477 -1.524182E-01  8.224012E-01 -8.977871E-01
      4478 -1.644226E-01  8.144731E-01 -8.886211E-01
      4479 -1.745765E-01  8.042533E-01 -8.790730E-01
      4480 -1.829368E-01  7.885320E-01 -8.660943E-01
      4481 -1.922406E-01  7.677416E-01 -8.445810E-01
      4482 -2.028200E-01  7.423838E-01 -8.183762E-01
      4483 -2.164208E-01  7.156268E-01 -7.916127E-01
      4484 -2.356854E-01  6.918379E-01 -7.635894E-01
      4485 -2.464052E-01  6.803812E-01 -7.660589E-01
      4486 -2.630294E-01  6.858362E-01 -7.676477E-01
      4487 -3.217314E-01  7.267497E-01 -7.991983E-01
      4488 -3.939327E-01  8.118848E-01 -9.210894E-01
      4489 -4.620164E-01  9.606504E-01 -1.111568E+00
      4490 -5.418963E-01  1.195757E+00 -1.405731E+00
      4491 -6.365855E-01  1.543462E+00 -1.836250E+00
      4492 -7.506184E-01  2.038529E+00 -2.459167E+00
      4493 -9.003712E-01  2.768863E+00 -3.387267E+00
      4494 -1.112103E+00  3.976435E+00 -4.895886E+00
      4495 -1.539403E+00  6.470380E+00 -7.835332E+00
      4496 -1.869986E+00  8.741464E+00 -1.273484E+01
      5210  2.388858E-01 -6.504251E-01  7.029659E-01
      5211  2.023451E+00 -1.047139E-01  1.771716E+00
      5212  4.423839E+00  4.036696E-02  3.056731E+00
      5213  9.682458E+00 -2.005603E-01  4.086760E+00
      5214 -1.512524E+00  3.561120E-01 -3.881611E+00
      5215  9.909832E-01 -1.492309E+00  2.405030E+00
      5216  4.312467E+00 -2.577175E+00  1.044305E+01
      5217  1.030965E+01 -3.213455E+00  2.079410E+01
      5218  1.769126E+01 -3.259940E+00  3.607250E+01
      5367 -4.745807E-01  2.306186E+00 -4.422762E+00
      5368 -1.919247E+00  1.530515E+01  6.311234E+01
      5369  2.568294E+00 -1.067938E+00 -1.573189E+00
      5370  7.863873E-01 -5.226489E-01 -6.287197E-01
      5371 -1.200564E+00 -4.129942E-01  4.935558E-01
      5372 -6.505022E+00 -2.520144E-01  2.327100E+00
      5373  3.239798E+00  1.438753E+00 -8.149036E+00
      5374  2.368796E+00 -1.135988E+00 -4.920297E+00
      5375 -1.294697E+00 -2.453486E+00  2.740283E+00
      5376 -7.255709E+00 -3.486950E+00  1.384426E+01
      5377 -1.445491E+01 -4.235868E+00  3.094946E+01
      6109 -2.458083E+00 -9.649149E-01 -1.491215E+00
      6110 -8.653869E-01 -4.743567E-01 -6.625160E-01
      6111  9.368165E-01 -3.734067E-01  3.604645E-01
      6112  5.789939E+00 -2.435558E-01  2.008155E+00
      6113 -2.984528E+00  1.336182E+00 -7.509712E+00
      6114 -2.269754E+00 -1.037193E+00 -4.725967E+00
      6115  1.056010E+00 -2.244691E+00  2.193537E+00
      6116  6.436042E+00 -3.194266E+00  1.227858E+01
      6117  1.305610E+01 -3.900394E+00  2.793278E+01
      6275  4.798988E-01  2.043522E+00 -3.927594E+00
      6276  1.926422E+00  1.393524E+01  5.747661E+01
      6277 -3.459887E-01 -5.877676E-01  7.614793E-01
      6278 -1.982005E+00 -9.038303E-02  1.756903E+00
      6279 -4.188167E+00  4.257460E-02  2.933447E+00
      6280 -9.012269E+00 -1.710604E-01  3.817412E+00
      6281  1.264336E+00  2.444427E-01 -3.250849E+00
      6282 -1.079036E+00 -1.404111E+00  2.619803E+00
      6283 -4.109514E+00 -2.373127E+00  9.970439E+00
      6284 -9.612758E+00 -2.932834E+00  1.938235E+01
      6285 -1.625300E+01 -2.937852E+00  3.316290E+01
      6912  2.022109E+00  2.398629E+00 -5.551981E+00
      6917 -1.883940E+00  2.208968E+00 -4.970326E+00
      6919 -2.150479E-01  3.078690E+00  4.697178E+00
      6920 -6.656423E-01  2.135215E+00  4.079030E+00
      6921 -3.261370E-01  1.430516E+00  2.682024E+00
      6922 -1.047742E-01  1.047191E+00  1.950194E+00
      6923 -1.009257E-02  8.310577E-01  1.551609E+00
      6924  3.397177E-02  7.218766E-01  1.318160E+00
      6925  5.884172E-02  6.580637E-01  1.195222E+00
      6926  5.513574E-02  6.194607E-01  1.104064E+00
      6927  6.580091E-02  5.990010E-01  1.070233E+00
      6928  6.682423E-02  6.165291E-01  1.073008E+00
      6929  6.372383E-02  6.301203E-01  1.098708E+00
      6930  5.882756E-02  6.519042E-01  1.131017E+00
      6931  5.483659E-02  6.780312E-01  1.171422E+00
      6932  5.190525E-02  6.984980E-01  1.208180E+00
      6933  4.250170E-02  7.183556E-01  1.238902E+00
      6934  3.890208E-02  7.377626E-01  1.272585E+00
      6935  3.341498E-02  7.518339E-01  1.295756E+00
      6936  2.872013E-02  7.611483E-01  1.310974E+00
      6937  2.567398E-02  7.629197E-01  1.320171E+00
      6938  2.316731E-02  7.711532E-01  1.324991E+00
      6939  1.911237E-02  7.780276E-01  1.328017E+00
      6940  1.506920E-02  7.745516E-01  1.328995E+00
      6941  1.243898E-02  7.760084E-01  1.328722E+00
      6942  9.870899E-03  7.779553E-01  1.330362E+00
      6943  7.411142E-03  7.800047E-01  1.333086E+00
      6944  5.752174E-03  7.831377E-01  1.338381E+00
      6945  4.346536E-03  7.882967E-01  1.348008E+00
      6946  3.651294E-03  7.911553E-01  1.353612E+00
      6947  3.217472E-03  7.807297E-01  1.343071E+00
      6948 -2.470291E-03  8.289192E-01  1.379383E+00
      6949 -1.397024E-03  8.186268E-01  1.374253E+00
      6950 -4.693733E-03  7.765870E-01  1.341889E+00
      6951 -6.636603E-03  7.906149E-01  1.347412E+00
      6952 -1.085039E-02  7.830610E-01  1.342381E+00
      6953 -9.628617E-03  7.838831E-01  1.340622E+00
      6954 -1.558416E-02  7.953450E-01  1.350587E+00
      6955 -2.074280E-02  7.708606E-01  1.327910E+00
      6956 -1.772018E-02  7.694747E-01  1.309427E+00
      6957 -2.408310E-02  7.596295E-01  1.302860E+00
      6958 -2.822747E-02  7.571946E-01  1.300718E+00
      6959 -3.209948E-02  7.532266E-01  1.293553E+00
      6960 -3.594165E-02  7.457826E-01  1.284130E+00
      6961 -3.987679E-02  7.362610E-01  1.270052E+00
      6962 -4.403509E-02  7.247404E-01  1.252209E+00
      6963 -4.869847E-02  7.107919E-01  1.229327E+00
      6964 -5.307106E-02  6.926147E-01  1.198812E+00
      6965 -5.796284E-02  6.722704E-01  1.165436E+00
      6966 -6.304700E-02  6.490243E-01  1.125779E+00
      6967 -6.783317E-02  6.238109E-01  1.085224E+00
      6968 -7.108967E-02  5.955927E-01  1.047611E+00
      6969 -7.286914E-02  5.782800E-01  1.017996E+00
      6970 -7.331014E-02  5.695917E-01  1.005984E+00
      6971 -6.996429E-02  5.685129E-01  1.023535E+00
      6972 -6.047482E-02  5.937403E-01  1.084047E+00
      6973 -4.188770E-02  6.516767E-01  1.205343E+00
      6974 -4.149506E-03  7.581931E-01  1.415044E+00
      6975  8.176404E-02  9.458401E-01  1.772973E+00
      6976  2.816773E-01  1.289763E+00  2.433895E+00
      6977  5.898555E-01  1.924156E+00  3.696017E+00
      6978  1.880126E-01  2.772853E+00  4.239298E+00
      6979  5.530890E-01  3.992019E+00  8.131135E+00
      6980  1.412482E-01  2.807619E+00  6.317196E+00
      6981  1.195212E+00  1.535824E+00  5.567129E+00
      6982  1.521352E+00  9.754466E-01  3.825751E+00
      6983  1.566369E+00  7.963235E-01  3.063068E+00
      6984  1.480302E+00  7.574690E-01  2.736715E+00
      6985  1.350585E+00  7.668875E-01  2.616166E+00
      6986  1.183578E+00  8.113710E-01  2.599254E+00
      6987  1.056409E+00  8.346577E-01  2.589659E+00
      6988  9.393116E-01  8.878174E-01  2.667388E+00
      6989  8.309530E-01  9.327620E-01  2.761201E+00
      6990  7.358516E-01  9.783438E-01  2.865640E+00
      6991  6.593149E-01  1.016785E+00  2.965454E+00
      6992  5.880659E-01  1.046578E+00  3.052751E+00
      6993  5.313896E-01  1.075771E+00  3.129715E+00
      6994  4.912430E-01  1.088734E+00  3.186267E+00
      6995  4.482226E-01  1.107020E+00  3.244816E+00
      6996  4.109646E-01  1.117972E+00  3.282367E+00
      6997  3.771329E-01  1.123603E+00  3.306522E+00
      6998  3.446111E-01  1.131295E+00  3.327596E+00
      6999  3.103705E-01  1.133732E+00  3.339275E+00
      7000  2.727555E-01  1.131488E+00  3.342172E+00
      7001  2.328513E-01  1.131468E+00  3.344940E+00
      7002  1.928715E-01  1.128803E+00  3.343423E+00
      7003  1.526599E-01  1.124664E+00  3.339891E+00
      7004  1.160790E-01  1.120254E+00  3.335561E+00
      7005  8.480163E-02  1.118031E+00  3.337512E+00
      7006  4.966546E-02  1.113430E+00  3.335454E+00
      7007  1.747516E-02  1.108406E+00  3.323022E+00
      7008  1.560107E-02  1.105706E+00  3.330647E+00
      7009 -1.456827E-02  1.137284E+00  3.285048E+00
      7010 -4.577036E-02  1.104544E+00  3.318919E+00
      7011 -4.577075E-02  1.105256E+00  3.312914E+00
      7012 -7.420979E-02  1.110090E+00  3.326822E+00
      7013 -1.005311E-01  1.117413E+00  3.340869E+00
      7014 -1.273792E-01  1.129352E+00  3.375378E+00
      7015 -1.921263E-01  1.132015E+00  3.374302E+00
      7016 -2.290884E-01  1.121441E+00  3.327734E+00
      7017 -2.652933E-01  1.128016E+00  3.315332E+00
      7018 -3.033110E-01  1.122088E+00  3.301392E+00
      7019 -3.489694E-01  1.120499E+00  3.291661E+00
      7020 -3.926331E-01  1.113009E+00  3.268771E+00
      7021 -4.345277E-01  1.103102E+00  3.236878E+00
      7022 -4.740484E-01  1.089473E+00  3.194145E+00
      7023 -5.128983E-01  1.072650E+00  3.141923E+00
      7024 -5.539967E-01  1.051363E+00  3.076785E+00
      7025 -5.953052E-01  1.025943E+00  3.001138E+00
      7026 -6.449857E-01  9.968904E-01  2.915098E+00
      7027 -7.021105E-01  9.614795E-01  2.817384E+00
      7028 -7.712820E-01  9.218947E-01  2.711945E+00
      7029 -8.547569E-01  8.784853E-01  2.604172E+00
      7030 -9.509140E-01  8.299424E-01  2.499701E+00
      7031 -1.060802E+00  7.806083E-01  2.413366E+00
      7032 -1.183638E+00  7.368932E-01  2.366409E+00
      7033 -1.313339E+00  7.036148E-01  2.380541E+00
      7034 -1.437062E+00  6.911486E-01  2.493988E+00
      7035 -1.519458E+00  7.253357E-01  2.786108E+00
      7036 -1.476895E+00  8.857266E-01  3.467311E+00
      7037 -1.181661E+00  1.395131E+00  5.038024E+00
      7038 -1.843089E-01  2.543489E+00  5.711331E+00
      7039 -5.579764E-01  3.599050E+00  7.319563E+00
      7413  1.138576E-01  1.172795E+01 -2.732412E+01
      7442 -2.807807E-01  2.196593E+01  5.400281E+01
      7460 -3.768953E+00 -2.523870E-01  2.177705E+00
      7461 -1.787897E+00 -2.051362E-01  1.282638E+00
      7462 -1.106360E+01  2.795852E+00  2.639758E+01
      7463 -5.804160E+00  1.756863E+00  1.370033E+01
      7464 -2.153676E+00  1.445773E+00  5.062947E+00
      7465  6.695233E+00 -9.600417E-02  3.508300E+00
      7466  2.964139E+00 -2.875112E-01  1.200282E+00
      7467 -1.232266E+00 -3.098401E-01 -6.467866E-01
      7468  1.552777E+01  2.770789E+00  3.640252E+01
      7469  7.552134E+00  1.286323E+00  1.809580E+01
      7470  7.799519E-01  1.118319E+00  2.985232E+00
      7471 -5.919477E+00  1.129043E+00 -1.407952E+01
      7511 -9.400005E-02  1.047451E+01 -2.439630E+01
      7540  2.753796E-01  1.977312E+01  4.861187E+01
      7558 -6.133772E+00 -8.338983E-02  3.266734E+00
      7559 -2.771605E+00 -2.572285E-01  1.174238E+00
      7560  1.019355E+00 -2.819510E-01 -4.841830E-01
      7561 -1.411894E+01  2.491733E+00  3.309242E+01
      7562 -6.934407E+00  1.134452E+00  1.660570E+01
      7563 -8.291949E-01  9.918248E-01  2.984677E+00
      7564  5.196145E+00  1.006176E+00 -1.238908E+01
      7565  3.328940E+00 -2.224916E-01  1.881020E+00
      7566  1.552535E+00 -1.842723E-01  1.072808E+00
      7567  9.868195E+00  2.511588E+00  2.353839E+01
      7568  5.152406E+00  1.587760E+00  1.214885E+01
      7569  1.893286E+00  1.314281E+00  4.426936E+00
     50800  4.469709E-03  1.206096E-01 -2.281968E-02
     50801  8.354407E-03  1.521812E-01 -3.738150E-02
     50802 -2.617793E-03  1.507822E-01 -3.635689E-02
     50803  7.642116E-03  1.579352E-01 -3.700411E-02
     50804  5.324882E-03  1.605444E-01 -3.670980E-02
     50805  4.504421E-03  1.928563E-01 -4.558803E-02
     50806 -1.079487E-02  1.185144E-01  4.007398E-02
     50807  5.328883E-03  1.610392E-01 -3.695931E-02
     50808 -3.648983E-03  1.618751E-01 -3.684519E-02
     50809  7.202388E-03  1.594215E-01 -3.705004E-02
     50810  6.970573E-03  1.599649E-01 -3.684355E-02
     50811  8.570509E-03  1.749387E-01 -4.730904E-02
     50812  8.511541E-03  1.294887E-01 -5.141397E-03
     50813  8.886599E-03  1.574672E-01 -3.781673E-02
     50814  5.054514E-03  1.464992E-01 -2.865015E-02
     50815  2.277117E-02  4.118147E-01  8.831785E-02
     50816  5.883581E-03  1.260163E-01  6.849541E-02
     50817  1.324640E-03  1.494280E-01  1.435190E-02
     50818  7.915548E-03  1.318067E-01  5.501507E-03
     50819  8.808232E-03  1.327387E-01 -1.249060E-02
     50820  9.071630E-03  1.509540E-01 -3.375316E-02
     50821  1.175736E-02  1.611911E-01 -4.633415E-02
     50822  8.221674E-03  1.561773E-01 -3.689535E-02
     50823  5.096384E-03  1.588344E-01 -3.544359E-02
     50824  4.649310E-03  1.578925E-01 -3.484223E-02
     50825  7.331337E-03  1.507353E-01 -3.650643E-02
     50826  5.858246E-03  1.635158E-01 -3.777950E-02
     50827  1.089803E-02  1.470228E-01 -3.117439E-02
     50828  1.287470E-02  1.518188E-01 -4.014341E-02
     50829  9.014516E-03  1.518946E-01 -3.796219E-02
     50830  5.291000E-03  1.607263E-01 -3.644802E-02
     50831  2.797823E+00 -1.639315E-01 -1.577910E+01
     50832  2.378525E+00  1.504751E+00 -1.236326E+01
     50833  2.712623E+00  4.853630E-01 -1.081426E+01
     50834  3.426225E+00  5.589282E-01 -1.441622E+01
     50835  4.016919E-02 -2.320704E-01 -1.128650E+00
     50836 -7.155031E-03 -9.121950E-02 -1.613969E+00
     50837 -7.652702E-02 -1.718499E-01 -1.137396E+00
     50838  1.393276E-02 -1.179504E-01 -1.625367E+00
     50839  2.614273E+00 -2.505013E-01 -8.333304E+00
     50840  2.281010E+00 -5.901246E-01 -7.100228E+00
     50841  3.040542E+00 -6.964197E-01 -1.075679E+01
     50842  2.814598E+00 -1.295053E+00 -1.028137E+01
     50843  2.092178E+00 -5.280026E-01 -5.681701E+00
     50844  1.834884E+00 -5.875500E-01 -4.973249E+00
     50845  2.625375E+00 -1.169822E+00 -7.342667E+00
     50846  2.992781E+00 -5.564414E-01 -9.369221E+00
     50847  2.277554E+00 -9.039787E-01 -7.152720E+00
     50848  1.738649E+00 -5.250545E-01 -4.133834E+00
     50849  1.538911E+00 -5.077127E-01 -3.634866E+00
     50850  2.033805E+00 -9.687075E-01 -5.197052E+00
     50851  2.312657E+00 -5.896909E-01 -6.529699E+00
     50852  1.885783E+00 -5.907690E-01 -5.199665E+00
     50853  1.472101E+00 -4.384557E-01 -3.085976E+00
     50854  1.316225E+00 -4.157465E-01 -2.723817E+00
     50855  1.657931E+00 -8.178882E-01 -3.825228E+00
     50856  1.604459E+00 -4.082930E-01 -3.923160E+00
     50857  1.834569E+00 -4.348316E-01 -4.740138E+00
     50858  1.257061E+00 -3.827764E-01 -2.348326E+00
     50859  1.118167E+00 -3.777232E-01 -2.122211E+00
     50860  1.375839E+00 -7.049334E-01 -2.895936E+00
     50861  1.511246E+00 -3.312608E-01 -3.566997E+00
     50862  1.391526E+00 -3.195747E-01 -3.020664E+00
     50863  1.065923E+00 -3.171947E-01 -1.796338E+00
     50864  9.595105E-01 -3.085171E-01 -1.643096E+00
     50865  1.202781E+00 -6.198566E-01 -2.238399E+00
     50866  1.238830E+00 -2.037863E-01 -2.806342E+00
     50867  1.157789E+00 -3.031182E-01 -2.382568E+00
     50868  9.187074E-01 -2.911778E-01 -1.455388E+00
     50869  8.096864E-01 -2.862411E-01 -1.345483E+00
     50870  9.777498E-01 -5.605743E-01 -1.782244E+00
     50871  1.027971E+00 -2.095789E-01 -1.969718E+00
     50872  1.060662E+00 -2.360705E-01 -2.222923E+00
     50873  7.706645E-01 -2.668899E-01 -1.185338E+00
     50874  6.975894E-01 -2.629943E-01 -1.111980E+00
     50875  8.524940E-01 -5.278460E-01 -1.466641E+00
     50876  8.511377E-01 -1.554749E-01 -1.859303E+00
     50877  8.359379E-01 -2.247578E-01 -1.659967E+00
     50878  6.611046E-01 -2.707598E-01 -1.055630E+00
     50879  5.870743E-01 -2.717453E-01 -1.024801E+00
     50880  6.815349E-01 -5.233595E-01 -1.277469E+00
     50881  7.578036E-01 -1.255322E-01 -1.511327E+00
     50882  7.444052E-01 -2.031284E-01 -1.579008E+00
     50883  5.615816E-01 -2.534637E-01 -9.415840E-01
     50884  5.081977E-01 -2.487248E-01 -9.270136E-01
     50885  6.190553E-01 -5.231103E-01 -1.161962E+00
     50886  5.785265E-01 -1.185172E-01 -1.468140E+00
     50887  6.122150E-01 -1.994360E-01 -1.393243E+00
     50888  4.888402E-01 -2.555243E-01 -9.382836E-01
     50889  4.393993E-01 -2.486917E-01 -9.068737E-01
     50890  4.883925E-01 -5.171729E-01 -1.111411E+00
     50891  5.244372E-01 -1.989466E-01 -1.365942E+00
     50892  5.708343E-01 -9.806295E-02 -1.408757E+00
     50893  4.292834E-01 -2.585572E-01 -9.404993E-01
     50894  3.849332E-01 -2.511026E-01 -9.183188E-01
     50895  4.191172E-01 -5.328439E-01 -1.107239E+00
     50896  5.064265E-01 -9.631244E-02 -1.417548E+00
     50897  4.384715E-01 -2.107820E-01 -1.328704E+00
     50898  3.815757E-01 -2.605571E-01 -9.611302E-01
     50899  3.369828E-01 -2.558311E-01 -9.542824E-01
     50900  3.673020E-01 -5.410593E-01 -1.127025E+00
     50901  3.778567E-01 -2.135291E-01 -1.347614E+00
     50902  4.559866E-01 -9.884609E-02 -1.446745E+00
     50903  3.480680E-01 -2.655582E-01 -1.001867E+00
     50904  3.107807E-01 -2.546812E-01 -9.752836E-01
     50905  3.267302E-01 -5.553326E-01 -1.166891E+00
     50906  4.150098E-01 -1.221527E-01 -1.501161E+00
     50907  3.251018E-01 -2.091501E-01 -1.392093E+00
     50908  3.146306E-01 -2.745516E-01 -1.039367E+00
     50909  2.801788E-01 -2.639501E-01 -1.023085E+00
     50910  2.865059E-01 -5.560600E-01 -1.198785E+00
     50911  3.004337E-01 -2.098046E-01 -1.435118E+00
     50912  3.859951E-01 -1.082837E-01 -1.550979E+00
     50913  2.937638E-01 -2.740051E-01 -1.074943E+00
     50914  2.603714E-01 -2.688512E-01 -1.057631E+00
     50915  2.688327E-01 -5.703965E-01 -1.249462E+00
     50916  3.646421E-01 -1.149669E-01 -1.600485E+00
     50917  2.671455E-01 -2.200111E-01 -1.490021E+00
     50918  2.759640E-01 -2.772623E-01 -1.106185E+00
     50919  2.435746E-01 -2.729078E-01 -1.084424E+00
     50920  2.501635E-01 -5.818062E-01 -1.288877E+00
     50921  2.446275E-01 -2.255685E-01 -1.538426E+00
     50922  3.462947E-01 -1.196632E-01 -1.639661E+00
     50923  2.600244E-01 -2.800891E-01 -1.127494E+00
     50924  2.272293E-01 -2.765437E-01 -1.102280E+00
     50925  2.349799E-01 -5.878961E-01 -1.316034E+00
     50926  2.281013E-01 -2.273689E-01 -1.574720E+00
     50927  3.306709E-01 -1.220300E-01 -1.666816E+00
     50928  2.443924E-01 -2.812679E-01 -1.134857E+00
     50929  2.056109E-01 -2.893540E-01 -1.147338E+00
     50930  2.206406E-01 -5.959899E-01 -1.333402E+00
     50931  2.126268E-01 -2.310760E-01 -1.598177E+00
     50932  3.165430E-01 -1.327232E-01 -1.662174E+00
     50933  2.247235E-01 -2.808543E-01 -1.114542E+00
     50934  1.854286E-01 -2.894493E-01 -1.154688E+00
     50935  2.417076E-01 -6.006707E-01 -1.338243E+00
     50936  1.568479E-01 -1.469072E-01 -1.665106E+00
     50937  2.603121E-01 -2.175310E-01 -1.622017E+00
     50938  2.019425E-01 -2.852656E-01 -1.121388E+00
     50939  1.680734E-01 -2.834820E-01 -1.120856E+00
     50940  2.208784E-01 -5.918987E-01 -1.339730E+00
     50941  2.344306E-01 -2.165810E-01 -1.646420E+00
     50942  1.393713E-01 -1.307622E-01 -1.690321E+00
     50943  1.810817E-01 -2.875952E-01 -1.151324E+00
     50944  1.442684E-01 -2.861041E-01 -1.119534E+00
     50945  1.586309E-01 -5.944407E-01 -1.345992E+00
     50946  1.597343E-01 -2.243822E-01 -1.640649E+00
     50947  2.487461E-01 -1.272296E-01 -1.696618E+00
     50948  1.554408E-01 -2.887691E-01 -1.154420E+00
     50949  1.175825E-01 -2.865192E-01 -1.123489E+00
     50950  1.334358E-01 -6.069224E-01 -1.351789E+00
     50951  2.214349E-01 -1.252011E-01 -1.698818E+00
     50952  1.253284E-01 -2.314930E-01 -1.624585E+00
     50953  1.280855E-01 -2.888193E-01 -1.160815E+00
     50954  9.033532E-02 -2.874681E-01 -1.132859E+00
     50955  1.059440E-01 -6.070975E-01 -1.357084E+00
     50956  1.913772E-01 -1.269518E-01 -1.706069E+00
     50957  9.744141E-02 -2.313095E-01 -1.628202E+00
     50958  1.012409E-01 -2.902234E-01 -1.173907E+00
     50959  6.391729E-02 -2.890865E-01 -1.148943E+00
     50960  7.756382E-02 -6.082231E-01 -1.369063E+00
     50961  6.830453E-02 -2.317586E-01 -1.639409E+00
     50962  1.620237E-01 -1.270719E-01 -1.721192E+00
     50963  7.694557E-02 -2.910053E-01 -1.192288E+00
     50964  4.020758E-02 -2.891491E-01 -1.168543E+00
     50965  5.137002E-02 -6.092908E-01 -1.387402E+00
     50966  1.354000E-01 -1.269472E-01 -1.741069E+00
     50967  4.002493E-02 -2.344019E-01 -1.657428E+00
     50968  5.562737E-02 -2.926272E-01 -1.211806E+00
     50969  1.527092E-02 -2.922876E-01 -1.196981E+00
     50970  2.835926E-02 -6.101452E-01 -1.409367E+00
     50971  1.477722E-02 -2.340128E-01 -1.679425E+00
     50972  1.136475E-01 -1.263294E-01 -1.762682E+00
     50973  4.147289E-02 -3.007547E-01 -1.243821E+00
     50974  4.657561E-03 -2.902531E-01 -1.204590E+00
     50975  6.437207E-03 -6.190687E-01 -1.439713E+00
     50976  9.360940E-02 -1.437920E-01 -1.798110E+00
     50977 -1.180126E-02 -2.319670E-01 -1.708751E+00
     50978  3.033230E-02 -3.263542E-01 -1.259889E+00
     50979 -1.035935E-02 -3.039636E-01 -1.222383E+00
     50980 -1.857889E-02 -6.229349E-01 -1.455547E+00
     50981  1.088317E-01 -1.318516E-01 -1.821548E+00
     50982 -2.162594E-02 -2.279800E-01 -1.731819E+00
     50983  1.910637E-01 -6.156923E-01 -1.362087E+00
     50984 -6.801199E-02 -1.882285E-01 -1.776349E+00
     52843 -3.062501E-02  3.345499E-01  7.453708E-02
     52844  1.507898E-02  1.215854E-01  2.969289E-02
     52845  1.309871E-02  1.137543E-01  1.379515E-02
     52846  3.217605E-04  1.547949E-01 -3.644589E-02
     52847  1.072895E-03  1.623418E-01 -3.868460E-02
     52848  2.066240E-04  1.155617E-01 -1.994372E-02
     52849 -4.566927E-03  2.040177E-01 -5.913154E-02
     52850 -3.480931E-04  1.468099E-01 -3.434261E-02
     52851  1.320956E-03  1.125229E-01 -1.454586E-02
     52852  3.649497E-03  1.922252E-01 -4.933037E-02
     52853  3.771108E-03  2.164270E-01 -5.447256E-02
     52854 -1.214209E-02  9.417765E-02  4.048477E-03
     52855  4.699898E-03  2.043964E-01 -5.358313E-02
     52856  6.930831E-04  1.255083E-01 -2.940170E-02
     52857  3.633866E-03  2.144378E-01 -6.354257E-02
     52858  7.350270E-05  1.512122E-01 -3.543517E-02
     52859 -5.223538E-04  1.406976E-01 -3.291186E-02
     52860  3.264779E-04  1.224942E-01 -2.430024E-02
     52861  1.996721E-03  1.549160E-01 -3.631224E-02
     52862  6.645679E-03  1.111218E-01  1.604429E-03
     52863  1.712155E-03  1.830703E-01 -4.147868E-02
     52864 -1.078395E-02  1.856819E-01 -5.257196E-02
     52865 -5.398635E-04  1.210942E-01 -2.455899E-02
     52866  2.062504E-03  1.612765E-01 -3.745186E-02
     52867  1.608628E-03  1.628491E-01 -3.874769E-02
     52868 -7.815577E-04  1.378061E-01 -3.220688E-02
     52869 -1.615485E-03  1.348299E-01 -3.505705E-02
     52870  6.470776E-04  1.595475E-01 -3.779722E-02
     52871  2.437759E-03  1.611158E-01 -3.841908E-02
     52872  1.188368E-02  9.208657E-02  7.392245E-02
     52873  2.990395E-03  1.114171E-01 -7.741424E-03
     52874 -1.714712E-02 -1.044673E-01 -1.617131E+00
     52875 -3.838462E-02 -2.352072E-01 -1.126415E+00
     52876 -6.182756E-03 -3.232417E-01 -1.268123E+00
     52877 -3.943882E-02 -6.664880E-02 -1.642679E+00
     52878 -2.181266E+00  1.342086E+00 -1.111416E+01
     52879 -2.552503E+00 -2.665391E-01 -1.411684E+01
     52880 -2.481725E+00  4.491307E-01 -9.737261E+00
     52881 -3.160901E+00  4.375268E-01 -1.297411E+01
     52882  3.713513E-03 -3.352884E-01 -1.262453E+00
     52883 -4.673190E-02 -3.337635E-01 -1.268904E+00
     52884 -3.293860E-02 -5.759827E-01 -1.509947E+00
     52885  6.019671E-02 -1.772604E-01 -1.793770E+00
     52886 -2.336631E-02 -2.995775E-01 -1.208468E+00
     52887 -4.839812E-02 -3.023179E-01 -1.201636E+00
     52888  6.827566E-03 -6.290172E-01 -1.461899E+00
     52889 -1.406867E-01 -1.032459E-01 -1.833517E+00
     52890  6.475114E-04 -2.500339E-01 -1.769962E+00
     52891 -2.849040E-02 -3.110684E-01 -1.238049E+00
     52892 -6.637164E-02 -3.043321E-01 -1.176579E+00
     52893 -7.164547E-02 -6.195009E-01 -1.443899E+00
     52894  3.613098E-02 -1.171878E-01 -1.806630E+00
     52895 -7.172768E-02 -2.556390E-01 -1.761605E+00
     52896 -4.845191E-02 -3.063315E-01 -1.211122E+00
     52897 -9.250590E-02 -2.974276E-01 -1.159774E+00
     52898 -8.641238E-02 -6.211528E-01 -1.419086E+00
     52899  1.650455E-02 -1.118661E-01 -1.764866E+00
     52900 -1.056684E-01 -2.585336E-01 -1.701604E+00
     52901 -6.330923E-02 -3.083708E-01 -1.196102E+00
     52902 -1.155942E-01 -2.895136E-01 -1.125954E+00
     52903 -1.115078E-01 -6.177481E-01 -1.396909E+00
     52904  1.320545E-03 -1.432258E-01 -1.759353E+00
     52905 -1.288830E-01 -2.434028E-01 -1.672007E+00
     52906 -9.612547E-02 -3.016555E-01 -1.159758E+00
     52907 -1.452423E-01 -3.055693E-01 -1.153280E+00
     52908 -1.352585E-01 -6.113769E-01 -1.362191E+00
     52909 -1.593306E-01 -2.521076E-01 -1.650847E+00
     52910 -2.589716E-02 -1.161159E-01 -1.693414E+00
     52911 -1.244615E-01 -2.842380E-01 -1.105656E+00
     52912 -1.607779E-01 -2.863294E-01 -1.086866E+00
     52913 -1.070594E-01 -6.092974E-01 -1.342666E+00
     52914 -2.220676E-01 -1.433445E-01 -1.679604E+00
     52915 -1.121432E-01 -2.294501E-01 -1.625210E+00
     52916 -1.551569E-01 -2.879402E-01 -1.122026E+00
     52917 -1.943038E-01 -2.813704E-01 -1.075638E+00
     52918 -1.883550E-01 -5.874627E-01 -1.305788E+00
     52919 -1.901208E-01 -2.259821E-01 -1.612948E+00
     52920 -1.028129E-01 -1.124630E-01 -1.646613E+00
     52921 -1.840663E-01 -2.772249E-01 -1.105053E+00
     52922 -2.199466E-01 -2.814140E-01 -1.069390E+00
     52923 -2.106848E-01 -5.889826E-01 -1.296513E+00
     52924 -1.372526E-01 -1.228320E-01 -1.633036E+00
     52925 -2.293102E-01 -2.254652E-01 -1.569893E+00
     52926 -2.104469E-01 -2.723428E-01 -1.096955E+00
     52927 -2.459329E-01 -2.739344E-01 -1.058323E+00
     52928 -2.358748E-01 -5.880734E-01 -1.289164E+00
     52929 -1.670670E-01 -1.228965E-01 -1.617338E+00
     52930 -2.602236E-01 -2.288985E-01 -1.566272E+00
     52931 -2.357587E-01 -2.707216E-01 -1.089822E+00
     52932 -2.700511E-01 -2.760652E-01 -1.053629E+00
     52933 -2.644713E-01 -5.800957E-01 -1.278953E+00
     52934 -2.870169E-01 -2.177646E-01 -1.552457E+00
     52935 -1.945087E-01 -1.272948E-01 -1.611409E+00
     52936 -2.575668E-01 -2.715067E-01 -1.085118E+00
     52937 -2.923489E-01 -2.738291E-01 -1.044030E+00
     52938 -2.883393E-01 -5.792600E-01 -1.273540E+00
     52939 -2.169273E-01 -1.215143E-01 -1.600154E+00
     52940 -3.141748E-01 -2.249529E-01 -1.547899E+00
     52941 -2.790285E-01 -2.673115E-01 -1.072602E+00
     52942 -3.131933E-01 -2.701487E-01 -1.030676E+00
     52943 -3.090243E-01 -5.718308E-01 -1.260320E+00
     52944 -3.378888E-01 -2.223012E-01 -1.532324E+00
     52945 -2.396916E-01 -1.198255E-01 -1.580273E+00
     52946 -2.992968E-01 -2.617943E-01 -1.054563E+00
     52947 -3.327789E-01 -2.645405E-01 -1.009754E+00
     52948 -3.280433E-01 -5.627474E-01 -1.241311E+00
     52949 -2.612274E-01 -1.184844E-01 -1.551907E+00
     52950 -3.589091E-01 -2.190516E-01 -1.512447E+00
     52951 -3.205421E-01 -2.558309E-01 -1.029708E+00
     52952 -3.539287E-01 -2.602198E-01 -9.848085E-01
     52953 -3.473083E-01 -5.508625E-01 -1.213767E+00
     52954 -3.779730E-01 -2.126231E-01 -1.483463E+00
     52955 -2.842405E-01 -1.171256E-01 -1.515270E+00
     52956 -3.429874E-01 -2.505004E-01 -1.000979E+00
     52957 -3.779390E-01 -2.544904E-01 -9.537667E-01
     52958 -3.683246E-01 -5.404326E-01 -1.182372E+00
     52959 -3.082913E-01 -1.145919E-01 -1.472555E+00
     52960 -3.985452E-01 -2.079793E-01 -1.448148E+00
     52961 -3.718735E-01 -2.426562E-01 -9.669663E-01
     52962 -4.085309E-01 -2.483579E-01 -9.226010E-01
     52963 -3.928559E-01 -5.262912E-01 -1.143903E+00
     52964 -4.226877E-01 -2.012469E-01 -1.405205E+00
     52965 -3.392935E-01 -1.114311E-01 -1.423982E+00
     52966 -4.073067E-01 -2.392176E-01 -9.386867E-01
     52967 -4.481180E-01 -2.450324E-01 -8.978613E-01
     52968 -4.272560E-01 -5.143961E-01 -1.108623E+00
     52969 -4.527583E-01 -1.946322E-01 -1.360669E+00
     52970 -3.789227E-01 -1.088719E-01 -1.382337E+00
     52971 -4.537007E-01 -2.349544E-01 -9.168443E-01
     52972 -5.038594E-01 -2.495449E-01 -9.177218E-01
     52973 -4.713469E-01 -5.065199E-01 -1.083415E+00
     52974 -4.297510E-01 -1.125361E-01 -1.335713E+00
     52975 -4.939912E-01 -1.930892E-01 -1.323437E+00
     52976 -5.160536E-01 -2.322035E-01 -9.013328E-01
     52977 -5.716227E-01 -2.465264E-01 -9.398510E-01
     52978 -5.003041E-01 -4.991189E-01 -1.077098E+00
     52979 -5.294633E-01 -1.786867E-01 -1.296196E+00
     52980 -5.810537E-01 -1.191526E-01 -1.347117E+00
     52981 -5.933541E-01 -2.363494E-01 -9.496808E-01
     52982 -6.530567E-01 -2.427793E-01 -9.768052E-01
     52983 -5.792528E-01 -4.830241E-01 -1.108126E+00
     52984 -6.472797E-01 -1.100946E-01 -1.374990E+00
     52985 -6.201811E-01 -1.746189E-01 -1.361034E+00
     52986 -6.850256E-01 -2.443741E-01 -1.070765E+00
     52987 -7.571224E-01 -2.514076E-01 -1.103799E+00
     52988 -7.076435E-01 -4.802750E-01 -1.197565E+00
     52989 -7.019369E-01 -1.067851E-01 -1.511391E+00
     52990 -7.036268E-01 -1.931895E-01 -1.399907E+00
     52991 -7.974235E-01 -2.596760E-01 -1.246701E+00
     52992 -8.822479E-01 -2.657036E-01 -1.318170E+00
     52993 -8.278585E-01 -4.982480E-01 -1.365865E+00
     52994 -8.362007E-01 -1.135110E-01 -1.720001E+00
     52995 -8.241403E-01 -2.107193E-01 -1.528980E+00
     52996 -9.291357E-01 -2.837898E-01 -1.522290E+00
     52997 -1.028642E+00 -2.902531E-01 -1.644535E+00
     52998 -9.725480E-01 -5.212600E-01 -1.634759E+00
     52999 -9.585650E-01 -2.324221E-01 -1.775832E+00
     53000 -9.974629E-01 -1.304017E-01 -2.054831E+00
     53001 -1.079270E+00 -3.223021E-01 -1.928499E+00
     53002 -1.197281E+00 -3.283703E-01 -2.115543E+00
     53003 -1.143360E+00 -5.640836E-01 -2.040259E+00
     53004 -1.117584E+00 -2.670781E-01 -2.160883E+00
     53005 -1.186693E+00 -1.568871E-01 -2.555354E+00
     53006 -1.249591E+00 -3.782702E-01 -2.505416E+00
     53007 -1.393004E+00 -3.803773E-01 -2.778614E+00
     53008 -1.344934E+00 -6.331993E-01 -2.625504E+00
     53009 -1.411927E+00 -1.952966E-01 -3.275975E+00
     53010 -1.301572E+00 -3.211850E-01 -2.724062E+00
     53011 -1.449825E+00 -4.531336E-01 -3.321683E+00
     53012 -1.634917E+00 -4.420647E-01 -3.726328E+00
     53013 -1.594856E+00 -7.352748E-01 -3.463240E+00
     53014 -1.698245E+00 -2.508423E-01 -4.318800E+00
     53015 -1.515895E+00 -3.962356E-01 -3.527028E+00
     53016 -1.709467E+00 -5.323133E-01 -4.531914E+00
     53017 -1.957231E+00 -4.599283E-01 -5.141544E+00
     53018 -1.939508E+00 -8.776342E-01 -4.703629E+00
     53019 -2.116094E+00 -3.499647E-01 -5.904875E+00
     53020 -1.783865E+00 -5.034151E-01 -4.689817E+00
     53021 -2.122672E+00 -5.078013E-01 -6.408036E+00
     53022 -2.415237E+00 -2.131652E-01 -7.520092E+00
     53023 -2.427631E+00 -1.051383E+00 -6.629516E+00
     53024 -2.146151E+00 -6.653147E-01 -6.459185E+00
     53025 -2.773725E+00 -5.063957E-01 -8.463925E+00
     53026 -2.790104E+00 -5.787187E-01 -9.676518E+00
     53027 -2.608021E+00 -1.103454E+00 -9.308843E+00
     57524  1.780844E-01  1.483455E+00  4.203179E-01
     57525 -9.874132E-01  2.684305E+00  1.792548E+00
     57526  4.474426E-01  2.894446E-01 -6.559267E-04
     57527 -3.893577E-01  7.846583E-01  5.659234E-01
     57528  1.736686E-01  2.928440E-01  6.953159E-01
     57529 -7.062444E-01 -9.548637E+00  5.980965E+01
     57530 -2.592522E+00 -1.040965E+01  5.578527E+01
     57531  2.543210E+00 -5.680433E+00  4.529702E+01
     57532 -1.908339E-01  2.913778E+00 -1.069974E+01
     57533 -1.170168E+00  1.971058E+00 -6.947319E+00
     57534 -1.967009E+00  2.846058E-02 -6.334657E+00
     57535  9.456207E-01  2.572393E+00 -1.007289E+01
     57536 -4.753126E+00 -6.831154E+00  4.125270E+01
     57537 -6.660222E-01 -1.899808E+00 -1.398594E+00
     57538 -1.793947E+00 -2.925581E+00  3.324634E+00
     57539 -8.314162E-01 -1.209682E+00 -8.134433E+00
     57540  4.471277E-01 -4.099644E+00  1.020910E+01
     57541 -1.103333E+00 -4.811336E+00  1.608103E+01
     57542 -5.453849E-01 -3.636494E+00  2.358863E+00
     57543  1.172994E+00 -5.201847E+00  2.526221E+01
     57544 -2.419383E+00 -5.653116E+00  3.185221E+01
     57545 -2.423541E-01 -5.628720E+00  1.650531E+01
     57546 -1.057779E+00 -7.076483E+00  3.523757E+01
     57547 -1.631766E-01 -1.960720E+00 -3.043512E+00
     57548 -1.274253E+00 -1.355072E+00 -8.394593E+00
     57549 -1.243333E+00 -4.270134E+00  9.230515E+00
     57550 -1.825650E+00 -3.877331E+00  2.336188E+00
     57551  1.020172E+00 -5.259993E+00  2.540077E+01
     57552 -3.381566E+00 -5.771698E+00  1.692863E+01
     62516  8.789055E-01  2.424918E+00  1.629837E+00
     62517 -1.956774E-01  1.362963E+00  3.868432E-01
     62518  3.398151E-01  6.865560E-01  4.750567E-01
     62519 -2.075259E-01  2.599945E-01  6.269650E-01
     62520 -4.340437E-01  2.635383E-01  2.079953E-03
     62521  1.128681E+00  1.677154E+00 -5.984291E+00
     62522  2.562962E-01  2.628011E+00 -9.748500E+00
     62523 -7.477478E-01  2.417103E+00 -9.184664E+00
     62524  2.506606E+00 -9.478858E+00  5.061979E+01
     62525  7.912044E-01 -8.706136E+00  5.472670E+01
     62526  4.427981E+00 -6.295565E+00  3.730141E+01
     62527  1.855750E+00 -1.163834E-01 -5.399478E+00
     62528 -2.198941E+00 -5.092631E+00  4.164914E+01
     62529  1.269742E+00 -1.287778E+00 -7.865169E+00
     62530  3.066858E-01 -1.777450E+00 -2.941186E+00
     62531  8.178491E-01 -1.168660E+00 -7.306934E+00
     62532  1.762433E+00 -3.576199E+00  1.857208E+00
     62533  1.250214E+00 -3.887816E+00  8.138527E+00
     62534  5.442381E-01 -3.355164E+00  2.251371E+00
     62535  3.215807E+00 -5.318966E+00  1.513371E+01
     62536 -7.913705E-01 -4.820026E+00  2.286396E+01
     62537  2.772934E-01 -5.154490E+00  1.511685E+01
     62538  1.021655E+00 -6.457044E+00  3.218605E+01
     62539  1.727182E+00 -2.734422E+00  3.479563E+00
     62540  6.540265E-01 -1.806095E+00 -8.048040E-01
     62541  1.088623E+00 -4.431973E+00  1.510449E+01
     62542 -3.722581E-01 -3.775186E+00  9.795923E+00
     62543  2.343355E+00 -5.191693E+00  2.942408E+01
     62544 -9.797039E-01 -4.742917E+00  2.347441E+01
     67035 -2.447002E-01  5.362683E-01 -9.259845E-02
     67036  2.075905E-01  4.828969E-01 -8.831419E-02
     67037  1.484404E-01  1.066708E+00 -3.026349E-01
     67038 -1.614641E-01  1.175454E+00 -3.328147E-01
     67039  3.604399E+00  1.404549E+00 -1.012074E+01
     67040  2.259094E+00  6.069109E-01  1.644545E+00
     67041  3.499501E+00  6.584648E-01 -8.040862E+00
     67042 -2.556238E-03 -3.414786E-01  2.142380E+00
     67043 -3.240186E-02 -3.740445E-01  2.057650E+00
     67044 -6.936745E-03 -3.378541E-01  2.059684E+00
     67045 -5.129905E-02 -3.309938E-01  2.156843E+00
     67046 -2.146251E+00  5.711396E-01  1.453267E+00
     67047 -3.310006E+00  1.314981E+00 -9.122090E+00
     67048 -3.263252E+00  6.189551E-01 -7.280552E+00
     67049  2.399395E+00 -1.385053E-01  4.639013E+00
     67050 -2.294177E+00 -1.032650E-01  4.142933E+00
     67051  2.656043E+00 -1.130540E+00 -4.465750E+00
     67052  3.581189E+00 -1.827611E+00 -3.950858E+00
     67053  2.576950E+00 -1.052093E+00  1.455923E-01
     67054  4.528493E-01 -1.522920E+00  2.920403E+00
     67055  3.859757E+00 -2.467673E+00 -3.198474E-01
     67056  3.125284E+00 -2.692972E+00 -2.033525E+00
     67057  1.253441E+00 -4.322288E-01  4.729650E+00
     67058  3.859703E+00 -1.945256E+00 -2.142570E-01
     67059  3.719337E+00 -2.428840E+00  6.942908E-02
     67060  3.627251E+00 -1.439603E+00  1.416453E-01
     67061  3.619741E+00 -1.743475E+00  1.757209E-01
     67062  3.311310E+00 -1.051103E+00  5.529131E-01
     67063  3.338976E+00 -1.210721E+00  4.799113E-01
     67064  2.956129E+00 -7.736345E-01  9.295063E-01
     67065  2.980869E+00 -8.383855E-01  8.325959E-01
     67066  2.595498E+00 -5.453284E-01  1.271806E+00
     67067  2.626039E+00 -5.699802E-01  1.169684E+00
     67068  2.296779E+00 -4.195858E-01  1.481275E+00
     67069  2.261466E+00 -3.932963E-01  1.412240E+00
     67070  2.036734E+00 -3.031502E-01  1.697849E+00
     67071  1.966159E+00 -2.527791E-01  1.609292E+00
     67072  1.789909E+00 -2.421966E-01  1.849993E+00
     67073  1.707536E+00 -1.714158E-01  1.789376E+00
     67074  1.591791E+00 -1.992777E-01  1.977657E+00
     67075  1.493992E+00 -1.271421E-01  1.919633E+00
     67076  1.425933E+00 -1.823926E-01  2.063150E+00
     67077  1.312108E+00 -1.084827E-01  2.019325E+00
     67078  1.280332E+00 -1.808882E-01  2.123889E+00
     67079  1.165058E+00 -1.076968E-01  2.091781E+00
     67080  1.164512E+00 -1.868887E-01  2.153343E+00
     67081  1.039339E+00 -1.201166E-01  2.133838E+00
     67082  1.072360E+00 -1.980615E-01  2.170909E+00
     67083  9.394906E-01 -1.320013E-01  2.156441E+00
     67084  9.939939E-01 -2.088818E-01  2.193504E+00
     67085  8.670790E-01 -1.557086E-01  2.180180E+00
     67086  9.233162E-01 -2.182415E-01  2.203012E+00
     67087  7.942190E-01 -1.709870E-01  2.197431E+00
     67088  8.587572E-01 -2.267324E-01  2.210141E+00
     67089  7.286756E-01 -1.830833E-01  2.207912E+00
     67090  7.996320E-01 -2.248112E-01  2.225659E+00
     67091  6.661946E-01 -1.885447E-01  2.219219E+00
     67092  7.296334E-01 -2.293126E-01  2.230604E+00
     67093  6.000391E-01 -1.950418E-01  2.230507E+00
     67094  6.544723E-01 -2.349400E-01  2.231333E+00
     67095  5.303521E-01 -2.026458E-01  2.236206E+00
     67096  5.817898E-01 -2.296192E-01  2.241816E+00
     67097  4.557702E-01 -2.043517E-01  2.243746E+00
     67098  4.995240E-01 -2.331162E-01  2.239941E+00
     67099  3.749065E-01 -2.102212E-01  2.246929E+00
     67100  4.157503E-01 -2.395503E-01  2.229791E+00
     67101  2.937537E-01 -2.195025E-01  2.240409E+00
     67102  3.355731E-01 -2.492772E-01  2.210621E+00
     67103  2.144734E-01 -2.324953E-01  2.224633E+00
     67104  2.629426E-01 -2.597597E-01  2.189410E+00
     67105  1.427581E-01 -2.465933E-01  2.202303E+00
     67106  1.908887E-01 -2.722851E-01  2.169603E+00
     67107  7.822109E-02 -2.607667E-01  2.181858E+00
     67108  1.314011E-01 -2.849087E-01  2.136830E+00
     67109  1.692519E-02 -2.782258E-01  2.152854E+00
     67110  1.010922E-01 -2.931713E-01  2.107353E+00
     67111 -4.306943E-02 -2.961466E-01  2.117912E+00
     67112 -9.507054E-03 -2.877636E-01  2.107878E+00
     67113 -1.519919E-01 -2.966895E-01  2.094541E+00
     67114 -6.363420E-02 -2.826144E-01  2.135577E+00
     67115 -1.841513E-01 -2.941827E-01  2.122433E+00
     67116 -1.103338E-01 -2.616856E-01  2.174302E+00
     67117 -2.376275E-01 -2.821499E-01  2.157722E+00
     67118 -1.768399E-01 -2.557398E-01  2.222891E+00
     67119 -3.002698E-01 -2.755298E-01  2.196942E+00
     67120 -2.747641E-01 -2.351745E-01  2.268911E+00
     67121 -3.604939E-01 -2.553719E-01  2.257106E+00
     67122 -3.470090E-01 -2.139088E-01  2.251439E+00
     67123 -4.734584E-01 -2.428260E-01  2.264779E+00
     67124 -4.252038E-01 -1.925574E-01  2.241400E+00
     67125 -5.533416E-01 -2.324679E-01  2.240985E+00
     67126 -5.069353E-01 -1.774515E-01  2.242454E+00
     67127 -6.399722E-01 -2.124186E-01  2.243452E+00
     67128 -5.924877E-01 -1.694240E-01  2.242137E+00
     67129 -7.193651E-01 -2.139058E-01  2.246392E+00
     67130 -6.796205E-01 -1.650912E-01  2.227091E+00
     67131 -8.067326E-01 -2.116287E-01  2.238694E+00
     67132 -7.608280E-01 -1.609102E-01  2.202848E+00
     67133 -8.903827E-01 -2.131908E-01  2.219176E+00
     67134 -8.382248E-01 -1.567640E-01  2.171170E+00
     67135 -9.697186E-01 -2.126246E-01  2.191684E+00
     67136 -9.131409E-01 -1.512844E-01  2.135367E+00
     67137 -1.044560E+00 -2.112987E-01  2.159307E+00
     67138 -9.882104E-01 -1.428185E-01  2.096774E+00
     67139 -1.117348E+00 -2.080172E-01  2.124033E+00
     67140 -1.065840E+00 -1.351837E-01  2.052082E+00
     67141 -1.194810E+00 -2.046944E-01  2.083574E+00
     67142 -1.153514E+00 -1.242534E-01  2.005233E+00
     67143 -1.276733E+00 -2.000364E-01  2.040140E+00
     67144 -1.258085E+00 -1.183318E-01  1.947736E+00
     67145 -1.375566E+00 -1.970083E-01  1.989069E+00
     67146 -1.384708E+00 -1.174607E-01  1.876801E+00
     67147 -1.494230E+00 -2.005790E-01  1.925197E+00
     67148 -1.543480E+00 -1.247412E-01  1.782650E+00
     67149 -1.641528E+00 -2.094788E-01  1.845597E+00
     67150 -1.739655E+00 -1.655597E-01  1.652668E+00
     67151 -1.819082E+00 -2.409409E-01  1.724730E+00
     67152 -1.971051E+00 -2.366722E-01  1.488794E+00
     67153 -2.032095E+00 -2.986959E-01  1.567652E+00
     67154 -2.241206E+00 -3.404579E-01  1.289412E+00
     67155 -2.282057E+00 -3.851946E-01  1.380512E+00
     67156 -2.550945E+00 -5.073065E-01  1.043754E+00
     67157 -2.563161E+00 -5.165942E-01  1.140154E+00
     67158 -2.885917E+00 -7.489742E-01  7.549252E-01
     67159 -2.870970E+00 -7.024585E-01  8.482276E-01
     67160 -3.214296E+00 -1.091245E+00  4.389453E-01
     67161 -3.188927E+00 -9.591841E-01  5.061381E-01
     67162 -3.467770E+00 -1.567731E+00  1.547721E-01
     67163 -3.483428E+00 -1.306422E+00  1.330355E-01
     67164 -3.556620E+00 -2.183940E+00  5.576999E-02
     67165 -3.690282E+00 -1.757426E+00 -1.963809E-01
     67166 -3.688359E+00 -2.211745E+00 -2.872871E-01
     67167 -2.976241E+00 -2.408427E+00 -1.841641E+00
     67168 -3.360130E+00 -1.635720E+00 -3.563753E+00
     67169 -2.501877E+00 -1.002965E+00 -4.039088E+00
     67170 -1.244105E+00 -3.821940E-01  4.265171E+00
     67171 -2.444967E+00 -9.416226E-01  1.137985E-01
     67172 -5.317400E-01 -1.351652E+00  2.633758E+00
     68037  2.390199E-01  3.032912E-01  2.623073E-01
     68038 -4.440625E-01  9.546866E-01  6.405861E-01
     68039  4.233393E-01  1.784857E+00 -1.625684E+00
     68040  8.603186E-02  7.114375E-01 -4.390066E-01
     68041  5.253415E-01  4.007198E-01  1.959205E-01
     68042  1.357209E+00  2.223736E+00 -1.184543E+01
     68043  1.237605E+00  2.222728E+00 -2.395037E+01
     68044  1.547572E+00  2.155666E+00 -1.965090E+00
     68045  1.174402E+00  2.228890E+00 -8.382728E+00
     68046  4.348522E-01  1.600701E+00 -8.486567E+00
     68047 -4.308008E-01  3.228430E+00 -2.901050E+01
     68048 -1.070782E+00  3.493562E+00  1.126917E+01
     68049 -3.516087E-02  3.400393E+00  4.197580E+00
     68050  5.196796E-02  2.595311E+00 -1.137478E-01
     68051 -1.762885E+00  2.646806E+00 -1.468915E+01
     68052  8.449865E-01  8.364279E+00  6.315936E+01
     68053 -2.287686E+00  7.268978E+00  5.459417E+01
     68054 -3.255641E+00  5.436626E+00  3.438592E+01
     68055  3.356517E+00  5.671804E+00  4.308387E+01
     68056 -2.476785E+00  4.188811E+00  2.574210E+01
     68057 -2.095336E+00  4.061325E+00  1.816988E+01
     68058 -9.619828E-02  3.200597E+00  2.733907E+01
     68059 -9.751745E-01  3.243390E+00  1.415234E+01
     68060  1.970935E+00  3.516898E+00  2.191227E+01
     68061 -8.922876E-01  4.818318E+00  2.844374E+01
     68062  3.989592E-01  2.923539E+00  1.108028E+00
     68063 -1.340629E+00  3.702296E+00  1.001764E+01
     68064 -3.807521E-01  3.392466E+00 -5.735616E+00
     68537 -2.412024E-01  2.777965E-01  2.335114E-01
     68538  3.829558E-01  8.530114E-01  5.594495E-01
     68539 -4.035351E-01  1.606485E+00 -1.470917E+00
     68540 -1.027214E-01  6.456124E-01 -4.089200E-01
     68541 -4.900923E-01  3.420321E-01  2.040062E-01
     68542 -1.123304E+00  1.988335E+00 -2.140387E+01
     68543 -1.229436E+00  1.985103E+00 -1.059160E+01
     68544 -1.102072E+00  2.011240E+00 -7.461386E+00
     68545 -1.406584E+00  1.949180E+00 -1.718330E+00
     68546 -4.317706E-01  1.453937E+00 -7.530779E+00
     68547  3.819401E-01  2.870910E+00 -2.578653E+01
     68548  3.812755E-02  3.103943E+00  3.724518E+00
     68549  1.001610E+00  3.170965E+00  1.005371E+01
     68550 -5.575033E-02  2.328189E+00 -4.211381E-02
     68551  1.559428E+00  2.353429E+00 -1.295051E+01
     68552  2.084286E+00  6.545605E+00  4.898201E+01
     68553 -7.217310E-01  7.532378E+00  5.707716E+01
     68554 -2.992783E+00  5.107910E+00  3.906621E+01
     68555  2.969048E+00  4.883590E+00  3.078250E+01
     68556  8.748429E-01  4.312353E+00  2.586587E+01
     68557 -1.745650E+00  3.138971E+00  2.003979E+01
     68558  8.246641E-02  2.872422E+00  2.463753E+01
     68559  1.284248E+00  3.302896E+00  9.261943E+00
     68560 -3.663539E-01  2.628482E+00  1.310010E+00
     68561  8.948194E-01  2.921177E+00  1.280517E+01
     68562  3.815735E-01  3.027761E+00 -5.007385E+00
     68563  1.948127E+00  3.664905E+00  1.623349E+01
     68564  2.251603E+00  3.779802E+00  2.300857E+01

 total force (fx,fy,fz) for set FEET and time  0.4000000E+01

       -1.785086E-09  3.000000E+02  1.200000E+03

                        S T E P       5


                                INCREMENT     1


 displacements (vx,vy,vz) for set TOP and time  0.5000000E+01

     36367 -1.803687E-02  9.153345E-01 -7.838693E-01
     37135  1.850795E-04  9.944813E-01 -8.444841E-01
     38585 -3.277364E-02  7.057009E-01 -6.358274E-01
     44994  1.474314E-02  9.702714E-01 -8.241802E-01
     47647  3.149891E-02  6.915108E-01 -6.163961E-01

 forces (fx,fy,fz) for set FEET and time  0.5000000E+01

       199 -2.660692E-01  2.403952E-01  2.005109E-01
       203 -1.483096E-01 -2.813579E-01  1.886025E+00
       204  4.067088E-03  1.462887E-01  2.309711E-01
       208 -1.133883E-03 -6.922533E-02  1.427351E-02
       209  2.318778E-01  2.103315E-01  1.643481E-01
       213  1.213157E-01 -1.833380E-01  1.671836E+00
       242  1.902796E+01  1.265687E+01  2.649259E+01
       243  1.528645E-01 -4.014884E-01  8.770352E-01
       244  5.053458E-01  1.032362E+00 -1.851628E-01
       245 -1.740832E+01  8.941287E+00  2.087807E+01
       269 -5.037741E-01  1.026004E+00 -2.265897E-01
       270  1.586837E+01  7.974888E+00  1.877180E+01
       273 -1.779511E-01 -4.461762E-01  8.600275E-01
       274 -1.757773E+01  1.185354E+01  2.470711E+01
       282  2.875474E-01 -1.367938E+00 -3.113893E+00
       284 -2.590725E-01 -1.225636E+00 -2.785731E+00
       290  5.035842E-01  3.278353E-02  1.257048E+00
       293  2.527264E+00 -1.646479E+00 -3.222317E+00
       294 -4.718672E+00 -3.914712E+00 -7.347311E+00
       301 -4.478839E-01  2.101297E-02  1.133542E+00
       302  4.177397E+00 -3.464406E+00 -6.536335E+00
       303 -2.210952E+00 -1.421251E+00 -2.814871E+00
      3822 -8.730134E-01 -1.281834E+00 -1.234731E+00
      3848  8.859195E-03  1.420027E-01 -2.001159E-02
      3861 -2.753924E-01  3.716565E-01 -1.586492E-01
      3862 -1.870761E-02  4.291634E-01 -5.844427E-01
      3863  4.094052E-01  5.089281E-01 -1.265899E+00
      3864  5.083812E-01  4.173577E-01 -8.592230E-01
      3865  4.866955E-01  2.876185E-01 -3.846183E-01
      3866  4.196162E-01  1.686821E-01  1.902343E-02
      3867  3.258618E-01  9.238987E-02  3.533629E-01
      3868  2.452467E-01  3.211711E-02  5.461423E-01
      3869  1.685235E-01 -4.224312E-03  6.550495E-01
      3870  1.263396E-01 -1.868010E-02  6.886637E-01
      3871  7.900756E-02 -2.093344E-02  6.937430E-01
      3872  5.621887E-02 -1.662927E-02  6.574491E-01
      3873  3.816074E-02 -7.711504E-03  6.059452E-01
      3874  2.992131E-02  6.409686E-03  5.534473E-01
      3875  2.483023E-02  1.368038E-02  4.852849E-01
      3876  2.745571E-02  2.714827E-02  4.442871E-01
      3877  3.503848E-02  3.383002E-02  4.035359E-01
      3878  4.023486E-02  3.806860E-02  3.748073E-01
      3879  4.379649E-02  3.981382E-02  3.575683E-01
      3880  4.798375E-02  3.892007E-02  3.451923E-01
      3881  4.465724E-02  3.852687E-02  3.451940E-01
      3882  3.664665E-02  3.822164E-02  3.500193E-01
      3883  3.221512E-02  3.725645E-02  3.464884E-01
      3884  2.239020E-02  3.820754E-02  3.414159E-01
      3885  1.202828E-02  4.138325E-02  3.307565E-01
      3886  2.573791E-03  4.628107E-02  3.142494E-01
      3887 -5.758765E-03  5.210171E-02  2.926664E-01
      3888 -9.011076E-03  6.105795E-02  2.733299E-01
      3889 -1.032400E-02  6.546347E-02  2.455390E-01
      3890  7.439121E-02  1.441764E-02  3.151568E-01
      3891 -4.611132E-01 -2.393668E+00 -4.327089E+00
      3892  3.635841E-01 -9.018426E-01 -5.335269E+00
      3893  2.377505E+00 -9.240323E-01 -8.344231E+00
      3894  3.141729E+00 -6.742980E-01 -7.161015E+00
      3895  3.353242E+00 -5.829698E-01 -5.555678E+00
      3896  3.214992E+00 -4.543862E-01 -3.966353E+00
      3897  2.892696E+00 -3.449034E-01 -2.557296E+00
      3898  2.452954E+00 -1.993320E-01 -1.509116E+00
      3899  2.049067E+00 -8.369214E-02 -6.885482E-01
      3900  1.652300E+00  1.537486E-02 -1.867506E-01
      3901  1.324733E+00  6.776250E-02  1.391028E-01
      3902  1.060770E+00  1.055892E-01  2.590083E-01
      3903  8.627535E-01  1.249093E-01  2.743599E-01
      3904  7.245405E-01  1.283757E-01  2.126910E-01
      3905  6.238575E-01  1.324010E-01  1.109160E-01
      3906  5.787215E-01  1.253747E-01  1.211872E-03
      3907  5.449439E-01  1.173269E-01 -1.023592E-01
      3908  5.303924E-01  1.084023E-01 -1.808052E-01
      3909  5.197132E-01  1.009268E-01 -2.292966E-01
      3910  5.030653E-01  1.007567E-01 -2.576945E-01
      3911  4.742361E-01  9.123033E-02 -2.507486E-01
      3912  4.276610E-01  8.286630E-02 -2.355559E-01
      3913  3.638513E-01  8.374046E-02 -2.444102E-01
      3914  2.915846E-01  7.925327E-02 -2.598780E-01
      3915  2.148807E-01  7.336722E-02 -2.982919E-01
      3916  1.410789E-01  6.624219E-02 -3.614198E-01
      3917  7.724581E-02  5.627924E-02 -4.469550E-01
      3918  3.438503E-02  4.439836E-02 -5.467524E-01
      3919  5.598934E-03  4.039028E-02 -6.406334E-01
      3920 -2.590578E-03  4.613287E-02 -7.326882E-01
      3921 -2.932524E-02  1.621799E-02 -6.543292E-01
      4105 -3.208382E-01  1.093708E+00  3.440332E-01
      4106 -1.561792E-01  2.095604E+00 -9.249504E-01
      4107 -1.316513E-01  1.962050E+00 -1.014825E+00
      4108 -8.835693E-02  1.407444E+00 -8.221465E-01
      4109 -8.100622E-02  8.012627E-01 -5.802264E-01
      4110 -7.960238E-02  2.701165E-01 -3.901669E-01
      4111 -3.434259E-02 -1.494870E-01 -1.958412E-01
      4112 -7.820792E-02 -4.267457E-01 -9.202472E-02
      4113 -4.331631E-02 -6.043734E-01 -3.097545E-02
      4114 -4.031542E-02 -6.930509E-01 -9.152706E-03
      4115 -2.899514E-02 -7.007116E-01  1.269511E-02
      4116 -3.062896E-02 -6.807255E-01  1.011437E-02
      4117 -2.745771E-02 -6.285795E-01 -3.892864E-03
      4118 -2.320768E-02 -5.716843E-01 -2.725343E-02
      4119 -2.453115E-02 -4.970424E-01 -4.750433E-02
      4120 -2.202084E-02 -4.452714E-01 -6.502604E-02
      4121 -2.222235E-02 -3.997537E-01 -7.885915E-02
      4122 -2.095386E-02 -3.662528E-01 -8.715473E-02
      4123 -1.685302E-02 -3.476837E-01 -8.631357E-02
      4124 -2.229653E-02 -3.388512E-01 -8.891170E-02
      4125 -2.223787E-02 -3.315175E-01 -9.262767E-02
      4126 -1.222284E-02 -3.306561E-01 -8.627587E-02
      4127 -1.260896E-02 -3.337782E-01 -8.354904E-02
      4128 -1.059895E-02 -3.258381E-01 -8.408481E-02
      4129 -8.718755E-03 -3.113878E-01 -9.030016E-02
      4130 -6.276641E-03 -2.898008E-01 -1.000879E-01
      4131 -4.270912E-03 -2.624060E-01 -1.113934E-01
      4132 -2.567665E-03 -2.383125E-01 -1.299214E-01
      4133 -4.811082E-03 -2.080696E-01 -1.538267E-01
      4134  1.740549E-02 -1.149853E-01 -9.385533E-02
      4135 -8.150259E-01 -2.636469E-01  4.886699E-01
      4136 -2.073907E-01  2.756861E+00 -3.068521E+00
      4137  5.146826E-01  3.496044E+00 -4.127133E+00
      4138  8.760090E-01  3.015622E+00 -3.653890E+00
      4139  9.329745E-01  2.081353E+00 -2.603808E+00
      4140  8.476085E-01  1.298070E+00 -1.583706E+00
      4141  7.310700E-01  5.073055E-01 -7.102956E-01
      4142  5.913469E-01 -8.672538E-02 -6.451770E-02
      4143  4.764286E-01 -3.554774E-01  3.229468E-01
      4144  3.721138E-01 -5.299489E-01  5.738168E-01
      4145  2.879549E-01 -6.411922E-01  6.609163E-01
      4146  2.395860E-01 -6.423014E-01  6.943358E-01
      4147  1.922903E-01 -5.965811E-01  6.488566E-01
      4148  1.597860E-01 -5.227415E-01  5.700759E-01
      4149  1.253553E-01 -4.502166E-01  4.697424E-01
      4150  1.290378E-01 -3.615385E-01  3.693829E-01
      4151  1.271483E-01 -2.952783E-01  2.866748E-01
      4152  1.273472E-01 -2.438050E-01  2.254474E-01
      4153  1.289366E-01 -2.110707E-01  1.874053E-01
      4154  1.151464E-01 -1.988444E-01  1.814457E-01
      4155  9.619251E-02 -1.960028E-01  1.744922E-01
      4156  9.856596E-02 -1.954044E-01  1.646676E-01
      4157  9.737075E-02 -1.960260E-01  1.751447E-01
      4158  8.042059E-02 -1.915087E-01  1.707800E-01
      4159  6.134366E-02 -1.762171E-01  1.516180E-01
      4160  4.369953E-02 -1.483494E-01  1.164800E-01
      4161  2.861089E-02 -1.104873E-01  7.001580E-02
      4162  1.907372E-02 -6.520041E-02  1.477579E-02
      4163  1.870639E-03 -2.029991E-02 -4.623576E-02
      4164  6.123730E-04  7.051814E-02 -1.293647E-01
      4165 -5.212348E-03  4.292910E-02 -3.166679E-02
      4179  7.219181E-01 -1.156329E+00 -1.232616E+00
      4192 -1.926437E-02  7.522447E-02  2.314202E-01
      4193  1.624661E-02  7.027795E-02  2.275025E-01
      4194  1.468906E-02  6.474302E-02  2.499608E-01
      4195  1.615545E-02  5.662990E-02  2.660633E-01
      4196  9.918696E-03  5.447649E-02  2.945090E-01
      4197 -5.337723E-03  4.571620E-02  3.052110E-01
      4198 -9.407062E-03  3.955408E-02  3.153381E-01
      4199 -2.097822E-02  3.220867E-02  3.125360E-01
      4200 -2.790867E-02  3.060386E-02  3.241506E-01
      4201 -3.346157E-02  2.938553E-02  3.286560E-01
      4202 -3.953164E-02  2.849756E-02  3.352015E-01
      4203 -4.353244E-02  2.900502E-02  3.430983E-01
      4204 -4.604363E-02  2.832171E-02  3.546462E-01
      4205 -4.683595E-02  2.689598E-02  3.719184E-01
      4206 -4.644940E-02  2.390328E-02  3.951538E-01
      4207 -4.551476E-02  1.974194E-02  4.274477E-01
      4208 -4.565570E-02  1.304152E-02  4.658595E-01
      4209 -5.003170E-02  5.889760E-03  5.103528E-01
      4210 -6.183229E-02 -1.990919E-03  5.519969E-01
      4211 -7.849683E-02 -8.677865E-03  5.783096E-01
      4212 -1.136310E-01 -7.636512E-03  5.882757E-01
      4213 -1.660231E-01  4.901575E-03  5.590657E-01
      4214 -2.241877E-01  3.252759E-02  4.610939E-01
      4215 -3.000673E-01  8.122030E-02  2.849982E-01
      4216 -3.816200E-01  1.572801E-01  1.160207E-02
      4217 -4.509693E-01  2.610978E-01 -3.594019E-01
      4218 -4.768747E-01  3.776762E-01 -7.916891E-01
      4219 -3.924806E-01  4.679197E-01 -1.157940E+00
      4220  3.596813E-04  3.982853E-01 -5.310225E-01
      4221  2.382767E-01  3.331751E-01 -1.539260E-01
      4222  5.608539E-02  1.922423E-03 -6.942942E-01
      4223  4.408330E-02  5.368654E-02 -7.425309E-01
      4224  4.562066E-02  4.444470E-02 -6.558101E-01
      4225  2.245401E-02  5.253546E-02 -5.704390E-01
      4226 -1.517598E-02  5.839231E-02 -4.653819E-01
      4227 -7.843171E-02  6.523010E-02 -3.721640E-01
      4228 -1.447453E-01  8.245973E-02 -2.919938E-01
      4229 -2.332017E-01  7.812501E-02 -2.112225E-01
      4230 -3.095371E-01  8.595564E-02 -1.731527E-01
      4231 -3.909360E-01  9.140410E-02 -1.445727E-01
      4232 -4.654401E-01  9.399711E-02 -1.272961E-01
      4233 -5.314837E-01  9.928993E-02 -1.172447E-01
      4234 -5.906977E-01  1.027706E-01 -1.092933E-01
      4235 -6.417741E-01  1.053906E-01 -9.779358E-02
      4236 -6.884413E-01  1.074005E-01 -7.902542E-02
      4237 -7.335683E-01  1.097834E-01 -4.856958E-02
      4238 -7.888651E-01  1.096225E-01 -9.875472E-03
      4239 -8.625186E-01  1.059142E-01  2.993755E-02
      4240 -9.724994E-01  9.668459E-02  5.093149E-02
      4241 -1.128802E+00  8.018468E-02  1.346393E-02
      4242 -1.343642E+00  4.047536E-02 -8.980361E-02
      4243 -1.628084E+00 -1.947567E-02 -3.282542E-01
      4244 -1.976738E+00 -9.432697E-02 -7.833271E-01
      4245 -2.363690E+00 -1.972766E-01 -1.466865E+00
      4246 -2.748925E+00 -3.183030E-01 -2.423821E+00
      4247 -3.063301E+00 -4.424346E-01 -3.653684E+00
      4248 -3.204663E+00 -5.478312E-01 -5.091180E+00
      4249 -3.018635E+00 -6.300670E-01 -6.556197E+00
      4250 -2.329397E+00 -8.222362E-01 -7.637969E+00
      4251 -4.392981E-01 -8.039923E-01 -4.913069E+00
      4252  3.200037E-01 -2.163614E+00 -3.988060E+00
      4436  1.713834E-02 -1.734863E-01 -1.760255E-01
      4437  2.129103E-04 -1.892249E-01 -1.779790E-01
      4438  3.959662E-04 -2.078619E-01 -1.573826E-01
      4439  1.332019E-03 -2.391592E-01 -1.349836E-01
      4440  6.085201E-03 -2.680585E-01 -1.190231E-01
      4441  2.282062E-03 -2.831857E-01 -9.791201E-02
      4442  7.381913E-03 -3.017017E-01 -9.324085E-02
      4443  1.459105E-02 -3.011502E-01 -8.061770E-02
      4444  1.293822E-02 -3.145254E-01 -6.879755E-02
      4445  1.529563E-02 -3.223024E-01 -6.851874E-02
      4446  1.451573E-02 -3.287308E-01 -6.577014E-02
      4447  1.684554E-02 -3.408191E-01 -7.095595E-02
      4448  1.840995E-02 -3.538687E-01 -7.015129E-02
      4449  2.010321E-02 -3.725229E-01 -6.737085E-02
      4450  2.100963E-02 -3.978197E-01 -6.148788E-02
      4451  2.237574E-02 -4.326041E-01 -5.387915E-02
      4452  2.402509E-02 -4.726863E-01 -4.114226E-02
      4453  2.468738E-02 -5.173069E-01 -2.827366E-02
      4454  3.043614E-02 -5.592301E-01 -1.291830E-02
      4455  2.878711E-02 -5.753163E-01 -9.606936E-03
      4456  2.974648E-02 -5.578792E-01 -2.135034E-02
      4457  4.348742E-02 -4.954916E-01 -4.351785E-02
      4458  4.783552E-02 -3.585719E-01 -9.644077E-02
      4459  5.733348E-02 -1.155579E-01 -1.872337E-01
      4460  6.759303E-02  2.413760E-01 -3.281062E-01
      4461  7.814864E-02  7.097411E-01 -5.195891E-01
      4462  8.842395E-02  1.243003E+00 -7.395533E-01
      4463  1.137656E-01  1.709420E+00 -9.179116E-01
      4464  1.389774E-01  1.875784E+00 -8.170565E-01
      4465  3.021617E-01  1.039296E+00  2.984798E-01
      4466  1.107079E-03  3.626545E-02 -6.030138E-02
      4467  5.544186E-03  1.077433E-01 -1.684364E-01
      4468  2.082514E-02  1.941077E-02 -1.282899E-01
      4469  3.469240E-02 -8.237243E-03 -6.545024E-02
      4470  2.557615E-02 -5.945782E-02  4.583396E-03
      4471  8.774457E-04 -1.379025E-01  4.242195E-02
      4472 -2.232335E-02 -1.348710E-01  1.075430E-01
      4473 -5.277918E-02 -1.770151E-01  1.366588E-01
      4474 -5.129140E-02 -1.910586E-01  1.755968E-01
      4475 -6.850150E-02 -2.039954E-01  1.901309E-01
      4476 -8.623068E-02 -2.140613E-01  2.038263E-01
      4477 -9.920443E-02 -2.212267E-01  2.045865E-01
      4478 -1.099874E-01 -2.299797E-01  2.139770E-01
      4479 -1.186508E-01 -2.453026E-01  2.317266E-01
      4480 -1.263518E-01 -2.691750E-01  2.609248E-01
      4481 -1.326047E-01 -3.026472E-01  3.012923E-01
      4482 -1.410852E-01 -3.468369E-01  3.554588E-01
      4483 -1.544818E-01 -3.986929E-01  4.199614E-01
      4484 -1.762993E-01 -4.481876E-01  4.793419E-01
      4485 -2.238560E-01 -4.833971E-01  5.351510E-01
      4486 -2.937655E-01 -4.826636E-01  5.261740E-01
      4487 -3.537939E-01 -4.199783E-01  4.267668E-01
      4488 -4.299844E-01 -2.592641E-01  2.409439E-01
      4489 -5.385188E-01  2.214986E-02 -1.097744E-01
      4490 -6.543524E-01  4.567984E-01 -6.537563E-01
      4491 -7.569971E-01  1.060368E+00 -1.408173E+00
      4492 -8.119174E-01  1.796554E+00 -2.332448E+00
      4493 -7.531225E-01  2.544369E+00 -3.264236E+00
      4494 -4.810973E-01  2.995331E+00 -3.733907E+00
      4495  1.451766E-01  2.510427E+00 -2.844226E+00
      4496  6.957524E-01 -1.259543E-01  3.398733E-01
      5210  2.544752E+00 -1.112811E+00  2.666158E+00
      5211  5.357701E+00 -1.204181E-01  4.515027E+00
      5212  9.519896E+00  1.578539E-01  6.666939E+00
      5213  1.881790E+01 -1.170706E-01  8.174571E+00
      5214  5.140661E-02 -1.248055E+00 -6.677900E-02
      5215  4.760835E+00 -4.153403E+00  1.136371E+01
      5216  1.027596E+01 -5.594584E+00  2.495077E+01
      5217  2.090561E+01 -6.303771E+00  4.220120E+01
      5218  3.286105E+01 -5.922080E+00  6.712514E+01
      5367 -1.072714E+00  5.535408E-01 -1.685714E+00
      5368 -4.225522E+00  2.688027E+01  1.119152E+02
      5369  3.469475E+00 -1.686416E+00 -1.982816E+00
      5370  8.604556E-01 -7.372834E-01 -6.288260E-01
      5371 -2.464059E+00 -6.003236E-01  1.027560E+00
      5372 -1.152621E+01 -4.630397E-01  3.945227E+00
      5373  3.594433E+00  1.137245E+00 -9.273542E+00
      5374  2.142834E+00 -3.345760E+00 -4.572400E+00
      5375 -3.632874E+00 -5.306270E+00  7.797151E+00
      5376 -1.379753E+01 -6.775529E+00  2.629139E+01
      5377 -2.576969E+01 -7.949753E+00  5.515172E+01
      6109 -3.572388E+00 -1.534288E+00 -2.020133E+00
      6110 -1.241681E+00 -6.803133E-01 -8.546990E-01
      6111  1.794469E+00 -5.484981E-01  6.817848E-01
      6112  1.018725E+01 -4.646351E-01  3.304067E+00
      6113 -3.491659E+00  1.184312E+00 -8.994290E+00
      6114 -2.379958E+00 -3.013318E+00 -5.084174E+00
      6115  2.919533E+00 -4.851856E+00  6.152803E+00
      6116  1.212202E+01 -6.240355E+00  2.309404E+01
      6117  2.332545E+01 -7.395294E+00  4.985899E+01
      6275  1.111146E+00  5.133681E-01 -1.552302E+00
      6276  4.353282E+00  2.467438E+01  1.027170E+02
      6277 -2.599143E+00 -1.011366E+00  2.721516E+00
      6278 -5.231110E+00 -9.977911E-02  4.487476E+00
      6279 -9.116735E+00  1.571965E-01  6.490286E+00
      6280 -1.775903E+01 -8.566637E-02  7.737752E+00
      6281 -2.350282E-01 -1.284467E+00  4.142131E-01
      6282 -4.727370E+00 -3.871400E+00  1.131322E+01
      6283 -9.827162E+00 -5.163138E+00  2.391206E+01
      6284 -1.970886E+01 -5.777748E+00  3.976574E+01
      6285 -3.050519E+01 -5.342041E+00  6.237207E+01
      6912  7.927242E-01 -5.189017E+00 -6.788437E+00
      6917 -7.849680E-01 -4.657715E+00 -6.114588E+00
      6919  5.031864E-01 -1.131950E+00 -2.879570E+00
      6920  4.953945E-01  6.881510E-02  1.320045E-01
      6921  5.423963E-02  9.034216E-02  3.370560E-01
      6922 -7.538286E-02 -1.614921E-01 -9.219064E-02
      6923 -5.351628E-02 -4.323055E-01 -6.119882E-01
      6924  8.907726E-04 -6.516218E-01 -1.006908E+00
      6925  3.129863E-02 -7.817085E-01 -1.280933E+00
      6926  8.568870E-02 -8.317431E-01 -1.385089E+00
      6927  9.440113E-02 -8.139678E-01 -1.384903E+00
      6928  9.383920E-02 -7.899731E-01 -1.336867E+00
      6929  8.984209E-02 -7.372069E-01 -1.258277E+00
      6930  8.292710E-02 -6.797020E-01 -1.159431E+00
      6931  7.300933E-02 -6.239240E-01 -1.059454E+00
      6932  6.124095E-02 -5.700518E-01 -9.663817E-01
      6933  5.652249E-02 -5.225806E-01 -8.780721E-01
      6934  4.692326E-02 -4.862381E-01 -8.132500E-01
      6935  4.023467E-02 -4.592824E-01 -7.635979E-01
      6936  3.446869E-02 -4.403550E-01 -7.296178E-01
      6937  2.894717E-02 -4.261760E-01 -7.100773E-01
      6938  2.407299E-02 -4.231997E-01 -7.017079E-01
      6939  2.075782E-02 -4.241325E-01 -7.015004E-01
      6940  1.833583E-02 -4.206351E-01 -7.035889E-01
      6941  1.568434E-02 -4.195291E-01 -7.036954E-01
      6942  1.348111E-02 -4.165714E-01 -7.003277E-01
      6943  1.169092E-02 -4.105715E-01 -6.908911E-01
      6944  9.735712E-03 -4.022264E-01 -6.763999E-01
      6945  7.953373E-03 -3.931854E-01 -6.600269E-01
      6946  6.139965E-03 -3.819393E-01 -6.392542E-01
      6947  5.221784E-03 -3.623779E-01 -6.093024E-01
      6948  2.448724E-02 -3.390160E-01 -6.790575E-01
      6949 -1.368653E-02 -3.298712E-01 -6.683730E-01
      6950  7.783273E-04 -3.490149E-01 -5.883787E-01
      6951  6.437143E-04 -3.633005E-01 -6.028538E-01
      6952  5.577289E-04 -3.660009E-01 -6.141475E-01
      6953 -3.111481E-03 -3.743532E-01 -6.277775E-01
      6954 -2.983360E-03 -3.874950E-01 -6.440243E-01
      6955 -4.759080E-03 -3.778803E-01 -6.384264E-01
      6956 -1.204650E-02 -3.810224E-01 -6.318525E-01
      6957 -1.438797E-02 -3.800279E-01 -6.336242E-01
      6958 -1.847595E-02 -3.837665E-01 -6.376589E-01
      6959 -2.328308E-02 -3.888908E-01 -6.427055E-01
      6960 -2.840821E-02 -3.955194E-01 -6.529071E-01
      6961 -3.388267E-02 -4.057454E-01 -6.693601E-01
      6962 -3.978905E-02 -4.210218E-01 -6.953261E-01
      6963 -4.621222E-02 -4.427014E-01 -7.329732E-01
      6964 -5.357523E-02 -4.708464E-01 -7.830767E-01
      6965 -6.193537E-02 -5.077501E-01 -8.495787E-01
      6966 -7.013635E-02 -5.526260E-01 -9.294636E-01
      6967 -7.822753E-02 -6.029699E-01 -1.019394E+00
      6968 -8.550908E-02 -6.526478E-01 -1.111850E+00
      6969 -8.890238E-02 -7.035067E-01 -1.191556E+00
      6970 -8.488894E-02 -7.390209E-01 -1.239623E+00
      6971 -7.138155E-02 -7.387535E-01 -1.231967E+00
      6972 -4.420006E-02 -6.963130E-01 -1.136106E+00
      6973 -1.450377E-03 -5.887330E-01 -9.186134E-01
      6974  4.783193E-02 -4.027232E-01 -5.575121E-01
      6975  6.627709E-02 -1.532249E-01 -8.586742E-02
      6976 -4.720925E-02  7.753734E-02  3.045838E-01
      6977 -4.456685E-01  7.065849E-02  1.427369E-01
      6978 -4.645825E-01 -1.003841E+00 -2.563664E+00
      6979  1.984239E+00 -5.077436E+00 -9.347501E+00
      6980  1.512564E+00 -2.135777E+00 -3.818011E+00
      6981  1.930118E+00 -1.893162E+00 -3.358189E+00
      6982  1.763048E+00 -1.693515E+00 -3.142821E+00
      6983  1.765597E+00 -1.778352E+00 -3.600764E+00
      6984  1.743594E+00 -1.833160E+00 -4.013878E+00
      6985  1.632249E+00 -1.793389E+00 -4.210124E+00
      6986  1.502824E+00 -1.721488E+00 -4.231358E+00
      6987  1.317646E+00 -1.559134E+00 -3.994294E+00
      6988  1.116161E+00 -1.409267E+00 -3.723828E+00
      6989  9.397203E-01 -1.269068E+00 -3.441528E+00
      6990  7.946059E-01 -1.151197E+00 -3.173976E+00
      6991  6.743270E-01 -1.051570E+00 -2.928221E+00
      6992  5.852591E-01 -9.713533E-01 -2.717437E+00
      6993  5.220393E-01 -9.134758E-01 -2.542697E+00
      6994  4.681986E-01 -8.591502E-01 -2.391176E+00
      6995  4.347458E-01 -8.278014E-01 -2.290174E+00
      6996  4.089073E-01 -8.045292E-01 -2.213541E+00
      6997  3.838732E-01 -7.874624E-01 -2.159621E+00
      6998  3.551177E-01 -7.796973E-01 -2.129936E+00
      6999  3.209017E-01 -7.755205E-01 -2.115342E+00
      7000  2.816719E-01 -7.739549E-01 -2.111004E+00
      7001  2.374217E-01 -7.782337E-01 -2.116799E+00
      7002  1.897348E-01 -7.847246E-01 -2.125724E+00
      7003  1.431588E-01 -7.929936E-01 -2.135274E+00
      7004  9.988717E-02 -8.025215E-01 -2.143203E+00
      7005  6.321345E-02 -8.137130E-01 -2.152445E+00
      7006  4.304106E-02 -8.218274E-01 -2.154376E+00
      7007  3.510755E-02 -8.249545E-01 -2.141433E+00
      7008  1.422873E-02 -8.264464E-01 -2.132734E+00
      7009  2.432634E-02 -8.319469E-01 -2.067203E+00
      7010  3.557834E-02 -8.156685E-01 -2.095318E+00
      7011  1.551232E-02 -8.014811E-01 -2.072836E+00
      7012  6.302120E-03 -7.869893E-01 -2.056760E+00
      7013 -1.839853E-02 -7.700475E-01 -2.035706E+00
      7014 -5.570158E-02 -7.535449E-01 -2.021670E+00
      7015 -8.321784E-02 -7.304320E-01 -1.983220E+00
      7016 -1.371317E-01 -7.033335E-01 -1.922966E+00
      7017 -1.972106E-01 -6.917995E-01 -1.893411E+00
      7018 -2.569292E-01 -6.796323E-01 -1.876746E+00
      7019 -3.118870E-01 -6.773795E-01 -1.877679E+00
      7020 -3.651500E-01 -6.804819E-01 -1.891558E+00
      7021 -4.153103E-01 -6.915294E-01 -1.923543E+00
      7022 -4.629096E-01 -7.104664E-01 -1.975838E+00
      7023 -5.086655E-01 -7.386081E-01 -2.052765E+00
      7024 -5.540442E-01 -7.768239E-01 -2.156566E+00
      7025 -6.057947E-01 -8.267407E-01 -2.291666E+00
      7026 -6.663030E-01 -8.920220E-01 -2.463050E+00
      7027 -7.427417E-01 -9.722188E-01 -2.668478E+00
      7028 -8.408745E-01 -1.070282E+00 -2.905799E+00
      7029 -9.628727E-01 -1.186893E+00 -3.166946E+00
      7030 -1.110099E+00 -1.314652E+00 -3.428302E+00
      7031 -1.275803E+00 -1.446176E+00 -3.660704E+00
      7032 -1.442371E+00 -1.570296E+00 -3.824016E+00
      7033 -1.585580E+00 -1.661099E+00 -3.853384E+00
      7034 -1.675612E+00 -1.689010E+00 -3.685598E+00
      7035 -1.700822E+00 -1.637406E+00 -3.307042E+00
      7036 -1.703532E+00 -1.560927E+00 -2.892077E+00
      7037 -1.841092E+00 -1.725621E+00 -3.057498E+00
      7038 -1.411053E+00 -1.920000E+00 -3.424288E+00
      7039 -1.826038E+00 -4.550541E+00 -8.375804E+00
      7413 -8.568173E-01 -2.283933E+00  3.405309E+00
      7442 -4.542388E-03 -1.253670E+01 -2.804611E+01
      7460  5.927261E-01 -6.780157E-02  4.005584E-01
      7461  6.927567E-01 -8.751627E-02 -2.006323E-01
      7462  3.053037E+00 -3.294828E+00 -7.215185E+00
      7463  1.832065E+00 -3.883422E+00 -4.130240E+00
      7464  1.923796E+00 -3.522990E+00 -4.332456E+00
      7465 -4.167800E+00  8.522596E-02 -2.816964E+00
      7466 -2.989212E+00  1.181700E-01 -1.683865E+00
      7467 -1.994728E+00 -2.705106E-03 -1.437436E+00
      7468 -8.824779E+00 -3.327130E+00 -2.026605E+01
      7469 -5.200188E+00 -3.561503E+00 -1.241571E+01
      7470 -3.349483E+00 -3.507376E+00 -8.646708E+00
      7471 -2.023397E+00 -1.894498E+00 -4.449629E+00
      7511  7.442267E-01 -1.992259E+00  2.925113E+00
      7540  3.341071E-02 -1.107398E+01 -2.472379E+01
      7558  3.688720E+00  8.122529E-02 -2.508645E+00
      7559  2.635624E+00  1.106699E-01 -1.472600E+00
      7560  1.748428E+00 -1.626631E-03 -1.241892E+00
      7561  7.820973E+00 -2.949148E+00 -1.793642E+01
      7562  4.576325E+00 -3.170730E+00 -1.094223E+01
      7563  2.930477E+00 -3.125738E+00 -7.591404E+00
      7564  1.767968E+00 -1.682876E+00 -3.894712E+00
      7565 -4.836426E-01 -6.706579E-02  3.973288E-01
      7566 -5.998033E-01 -8.158848E-02 -1.579272E-01
      7567 -2.606539E+00 -2.953790E+00 -6.169231E+00
      7568 -1.579712E+00 -3.498914E+00 -3.550869E+00
      7569 -1.718253E+00 -3.176548E+00 -3.858840E+00
     50800  1.477483E-03 -1.838175E-01  6.007107E-02
     50801  2.393894E-04 -1.326902E-01  3.178392E-02
     50802  9.937664E-03 -1.182615E-01  3.146911E-02
     50803  3.735905E-04 -1.119263E-01  3.125451E-02
     50804 -8.445110E-04 -1.014711E-01  3.008215E-02
     50805 -9.047664E-05 -1.386324E-01  4.558883E-02
     50806  5.721566E-03 -5.363611E-02 -1.676118E-02
     50807 -8.010210E-04 -1.011403E-01  2.960201E-02
     50808  5.176118E-03 -1.082814E-01  3.584319E-02
     50809  1.855471E-04 -1.094205E-01  3.140212E-02
     50810 -1.706487E-04 -1.068711E-01  3.111560E-02
     50811 -1.629377E-03 -1.096252E-01  3.575426E-02
     50812 -8.245435E-04 -2.364307E-01  1.145891E-01
     50813 -9.963006E-05 -1.159325E-01  3.158499E-02
     50814 -1.241054E-03 -9.677565E-02  2.594661E-02
     50815  1.884927E-02 -1.495177E-01  3.452189E-02
     50816  2.659828E-02 -2.220515E-01  1.394052E-01
     50817  3.618004E-02 -2.282629E-01  1.419542E-01
     50818  1.278602E-02 -2.557390E-01  1.389539E-01
     50819 -5.035521E-03 -2.564336E-01  1.011522E-01
     50820 -1.657589E-03 -1.747781E-01  4.314782E-02
     50821  8.463492E-04 -1.664586E-01  4.781209E-02
     50822 -2.980298E-03 -9.986943E-02  3.026599E-02
     50823 -7.445681E-04 -1.030828E-01  3.189225E-02
     50824 -5.850690E-04 -1.040496E-01  3.315647E-02
     50825  6.219668E-04 -1.227295E-01  3.013432E-02
     50826 -9.434793E-04 -1.028281E-01  2.997222E-02
     50827 -2.070679E-03 -2.191506E-01  8.496447E-02
     50828 -2.150259E-03 -1.915995E-01  6.085654E-02
     50829 -3.223133E-04 -1.433179E-01  3.462378E-02
     50830 -7.836093E-04 -1.028690E-01  3.105123E-02
     50831 -1.204431E+00 -1.655292E-01 -1.254256E+00
     50832 -7.219363E-01 -1.319603E+00 -1.954619E+00
     50833 -4.994800E-01 -1.068869E+00 -2.875583E+00
     50834 -1.147030E+00 -4.135975E-01 -2.008725E+00
     50835 -1.953206E-02  1.229389E-01 -1.021611E-01
     50836  1.565291E-02  2.962307E-02  4.223369E-02
     50837  4.395835E-02  5.972921E-02 -6.620635E-02
     50838  2.234167E-03  1.001250E-01  1.997518E-03
     50839 -9.819039E-02 -6.853551E-01 -3.834436E+00
     50840  2.909306E-01 -2.951532E-01 -4.199750E+00
     50841 -6.991328E-01 -7.094551E-01 -3.386283E+00
     50842 -2.071608E-01 -1.002299E-01 -4.255769E+00
     50843  9.007083E-01 -2.574132E-01 -4.497265E+00
     50844  1.091278E+00 -1.513686E-01 -4.277872E+00
     50845  4.025449E-01 -1.117198E-01 -4.483317E+00
     50846  1.373104E-01 -5.298926E-01 -4.392425E+00
     50847  9.659726E-01 -3.156953E-01 -5.022498E+00
     50848  1.418592E+00 -1.072349E-01 -3.857906E+00
     50849  1.453538E+00 -9.064780E-02 -3.460941E+00
     50850  1.324397E+00  2.697563E-02 -4.274653E+00
     50851  1.259346E+00 -2.649318E-01 -4.768893E+00
     50852  1.468534E+00 -4.783082E-01 -4.189419E+00
     50853  1.570242E+00 -4.347860E-02 -2.827219E+00
     50854  1.522373E+00 -4.206941E-02 -2.412514E+00
     50855  1.667099E+00  1.354853E-01 -3.305688E+00
     50856  1.614765E+00 -3.648628E-01 -2.924695E+00
     50857  1.779684E+00 -1.263509E-01 -3.892279E+00
     50858  1.508346E+00  2.020478E-02 -1.774848E+00
     50859  1.429249E+00  3.079725E-02 -1.363631E+00
     50860  1.683897E+00  2.426156E-01 -2.164777E+00
     50861  1.854436E+00 -7.452688E-03 -2.610108E+00
     50862  1.540683E+00 -2.772545E-01 -1.670164E+00
     50863  1.346813E+00  7.091043E-02 -9.205481E-01
     50864  1.255533E+00  7.431612E-02 -5.911834E-01
     50865  1.466997E+00  3.385362E-01 -1.127782E+00
     50866  1.782840E+00 -6.212710E-02 -1.301787E+00
     50867  1.417086E+00 -2.156101E-02 -6.726868E-01
     50868  1.117698E+00  1.132527E-01 -1.883412E-01
     50869  1.055895E+00  1.218150E-01  2.860810E-02
     50870  1.294086E+00  3.898046E-01 -3.120184E-01
     50871  1.124992E+00 -2.262434E-02  1.906453E-01
     50872  1.471411E+00  1.138885E-01 -3.606969E-01
     50873  9.264347E-01  1.486148E-01  2.549486E-01
     50874  8.521427E-01  1.601928E-01  3.969054E-01
     50875  1.017519E+00  4.353469E-01  2.705915E-01
     50876  1.275511E+00  8.280740E-02  3.974844E-01
     50877  9.591407E-01  1.141516E-01  6.800332E-01
     50878  7.286352E-01  1.857174E-01  5.859009E-01
     50879  6.858646E-01  2.014965E-01  6.694843E-01
     50880  8.438738E-01  4.667710E-01  6.551839E-01
     50881  7.057603E-01  6.512996E-02  1.039241E+00
     50882  9.690905E-01  1.790789E-01  8.267938E-01
     50883  5.785094E-01  1.869996E-01  7.080588E-01
     50884  5.387748E-01  1.958130E-01  7.398818E-01
     50885  6.136750E-01  4.832013E-01  8.624138E-01
     50886  8.139389E-01  1.022958E-01  1.125217E+00
     50887  5.838653E-01  1.740718E-01  1.159212E+00
     50888  4.503567E-01  1.938791E-01  7.868007E-01
     50889  4.298694E-01  2.006951E-01  7.538459E-01
     50890  5.119463E-01  4.628489E-01  9.354396E-01
     50891  5.959114E-01  1.830114E-01  1.200927E+00
     50892  4.127967E-01  9.548484E-02  1.230799E+00
     50893  3.588096E-01  1.929152E-01  7.618996E-01
     50894  3.490509E-01  1.984309E-01  7.095626E-01
     50895  4.024478E-01  4.557306E-01  9.250885E-01
     50896  3.178686E-01  9.619263E-02  1.174827E+00
     50897  4.798483E-01  1.770684E-01  1.179902E+00
     50898  2.954136E-01  1.857892E-01  6.895447E-01
     50899  2.964320E-01  1.925738E-01  6.342784E-01
     50900  3.235246E-01  4.354941E-01  8.549975E-01
     50901  3.882370E-01  1.635111E-01  1.107468E+00
     50902  2.524608E-01  9.178752E-02  1.066805E+00
     50903  2.520324E-01  1.796119E-01  6.035730E-01
     50904  2.562307E-01  1.805498E-01  5.294171E-01
     50905  2.740463E-01  4.186461E-01  7.581714E-01
     50906  2.118658E-01  9.830105E-02  9.510557E-01
     50907  3.295269E-01  1.445050E-01  9.967160E-01
     50908  2.338598E-01  1.739911E-01  5.049091E-01
     50909  2.405773E-01  1.753691E-01  4.447162E-01
     50910  2.504591E-01  3.904097E-01  6.404684E-01
     50911  2.866348E-01  1.287972E-01  8.685673E-01
     50912  1.918518E-01  7.404643E-02  8.196007E-01
     50913  2.221480E-01  1.624695E-01  4.187837E-01
     50914  2.312381E-01  1.676080E-01  3.671474E-01
     50915  2.330687E-01  3.749301E-01  5.458897E-01
     50916  1.814553E-01  6.648658E-02  7.117118E-01
     50917  2.717042E-01  1.240210E-01  7.451603E-01
     50918  2.188838E-01  1.554907E-01  3.519775E-01
     50919  2.276749E-01  1.604760E-01  3.098016E-01
     50920  2.301356E-01  3.619332E-01  4.655420E-01
     50921  2.667334E-01  1.187515E-01  6.438010E-01
     50922  1.808024E-01  5.816899E-02  6.262294E-01
     50923  2.175174E-01  1.500660E-01  3.065670E-01
     50924  2.248968E-01  1.547674E-01  2.746611E-01
     50925  2.305369E-01  3.490015E-01  4.069558E-01
     50926  2.658875E-01  1.134365E-01  5.668584E-01
     50927  1.816228E-01  5.071250E-02  5.684924E-01
     50928  2.132369E-01  1.447258E-01  2.792537E-01
     50929  2.197196E-01  1.543914E-01  2.811467E-01
     50930  2.290299E-01  3.414856E-01  3.729471E-01
     50931  2.652348E-01  1.118743E-01  5.174882E-01
     50932  1.794261E-01  5.352812E-02  5.242672E-01
     50933  2.037535E-01  1.423361E-01  2.545709E-01
     50934  2.068540E-01  1.500770E-01  2.796103E-01
     50935  1.990095E-01  3.366988E-01  3.570481E-01
     50936  2.858064E-01  5.450465E-02  5.306212E-01
     50937  1.966854E-01  1.071541E-01  4.799788E-01
     50938  1.868208E-01  1.423904E-01  2.585265E-01
     50939  1.837912E-01  1.449629E-01  2.594875E-01
     50940  1.854214E-01  3.248900E-01  3.535580E-01
     50941  1.785420E-01  1.009101E-01  4.944342E-01
     50942  2.697234E-01  4.511812E-02  5.359008E-01
     50943  1.600971E-01  1.394016E-01  2.774668E-01
     50944  1.551207E-01  1.435135E-01  2.566176E-01
     50945  1.858103E-01  3.207477E-01  3.568864E-01
     50946  2.194688E-01  1.025975E-01  5.005156E-01
     50947  1.242115E-01  4.345744E-02  5.287827E-01
     50948  1.291663E-01  1.377705E-01  2.714574E-01
     50949  1.223100E-01  1.413558E-01  2.452593E-01
     50950  1.550256E-01  3.252121E-01  3.549680E-01
     50951  8.981058E-02  4.326176E-02  5.212831E-01
     50952  1.946921E-01  1.060403E-01  4.875448E-01
     50953  9.566592E-02  1.351004E-01  2.524519E-01
     50954  8.765326E-02  1.394368E-01  2.202891E-01
     50955  1.199589E-01  3.227263E-01  3.386019E-01
     50956  5.234826E-02  4.407891E-02  4.994684E-01
     50957  1.583086E-01  1.042273E-01  4.744190E-01
     50958  6.261833E-02  1.329012E-01  2.194658E-01
     50959  5.485433E-02  1.376283E-01  1.811495E-01
     50960  8.437371E-02  3.208190E-01  3.074576E-01
     50961  1.202961E-01  1.012326E-01  4.466577E-01
     50962  1.473029E-02  4.226249E-02  4.613637E-01
     50963  3.338337E-02  1.301919E-01  1.728335E-01
     50964  2.740888E-02  1.345734E-01  1.291228E-01
     50965  5.160749E-02  3.185055E-01  2.611383E-01
     50966 -1.886712E-02  3.917452E-02  4.064092E-01
     50967  8.445483E-02  9.836282E-02  4.014616E-01
     50968  1.174122E-02  1.282336E-01  1.156812E-01
     50969  1.178661E-02  1.337754E-01  7.581618E-02
     50970  2.589229E-02  3.157881E-01  2.027806E-01
     50971  5.454172E-02  9.418206E-02  3.404509E-01
     50972 -4.504038E-02  3.399135E-02  3.395664E-01
     50973 -2.553230E-03  1.309076E-01  6.573795E-02
     50974 -6.879205E-04  1.284164E-01  1.137158E-02
     50975  1.195322E-02  3.184581E-01  1.446908E-01
     50976 -5.952798E-02  3.607284E-02  2.799821E-01
     50977  3.801880E-02  8.967252E-02  2.747730E-01
     50978 -6.362586E-03  1.449179E-01  1.467879E-02
     50979  2.214917E-03  1.421887E-01 -2.503187E-02
     50980  1.457416E-02  3.179787E-01  8.427717E-02
     50981 -8.160140E-02  4.153239E-03  2.241171E-01
     50982  2.447449E-02  8.124337E-02  2.059960E-01
     50983 -1.070703E-01  2.884056E-01  5.579582E-03
     50984  5.700252E-02  2.790451E-02  1.787624E-01
     52843 -2.172539E-02 -1.472133E-01  3.460014E-02
     52844 -1.038221E-02 -1.535791E-01  1.131337E-01
     52845 -6.005338E-03 -1.636305E-01  1.053855E-01
     52846 -5.451985E-03 -1.030122E-01  2.925697E-02
     52847 -4.965957E-03 -9.835783E-02  2.842965E-02
     52848 -2.931180E-03 -1.649519E-01  5.447673E-02
     52849  3.407685E-04 -1.256069E-01  4.338066E-02
     52850 -6.104100E-03 -1.107282E-01  3.020130E-02
     52851 -1.600367E-03 -1.725995E-01  6.542622E-02
     52852 -3.885592E-03 -1.206671E-01  3.933810E-02
     52853 -5.379460E-03 -1.525880E-01  5.082428E-02
     52854  1.364533E-02 -4.855851E-02  7.936515E-03
     52855 -4.309973E-03 -1.336064E-01  4.464573E-02
     52856 -8.477709E-03 -1.328012E-01  3.560263E-02
     52857 -4.444430E-03 -1.410862E-01  5.186641E-02
     52858 -5.962887E-03 -1.068449E-01  2.979980E-02
     52859 -6.252229E-03 -1.144099E-01  3.049688E-02
     52860 -5.071343E-03 -1.194531E-01  2.754840E-02
     52861 -3.821684E-03 -8.803596E-02  2.552742E-02
     52862 -1.289059E-03 -1.746006E-01  9.271487E-02
     52863 -4.084419E-03 -1.095683E-01  3.122196E-02
     52864  2.528906E-03 -1.053996E-01  3.513375E-02
     52865 -4.976749E-03 -1.579985E-01  4.674274E-02
     52866 -3.847625E-03 -9.083593E-02  2.596497E-02
     52867 -4.733562E-03 -9.535340E-02  2.758119E-02
     52868 -6.580979E-03 -1.217789E-01  3.173298E-02
     52869 -9.252626E-03 -1.556504E-01  4.745039E-02
     52870 -5.232531E-03 -1.009116E-01  2.896425E-02
     52871 -3.662449E-03 -9.056021E-02  2.675358E-02
     52872 -3.382702E-02 -1.833379E-01  1.201973E-01
     52873 -7.462996E-04 -1.780945E-01  7.888302E-02
     52874  3.068381E-03  4.739511E-02  3.696891E-02
     52875  3.254099E-02  1.242037E-01 -1.055300E-01
     52876  9.598746E-03  1.577814E-01 -3.027692E-02
     52877  2.938557E-02  3.345555E-02  3.824251E-02
     52878  5.794305E-01 -1.183051E+00 -1.866081E+00
     52879  1.009783E+00 -1.550562E-01 -1.292723E+00
     52880  3.796976E-01 -9.696575E-01 -2.688517E+00
     52881  9.460970E-01 -3.957392E-01 -1.956213E+00
     52882  1.206296E-02  1.493332E-01 -1.903426E-02
     52883  2.511786E-02  1.431219E-01 -9.600601E-05
     52884  2.433502E-02  2.857957E-01  4.944368E-02
     52885 -4.646676E-02  1.062855E-02  1.655336E-01
     52886  2.400718E-02  1.281516E-01 -1.210400E-02
     52887  1.938316E-02  1.268420E-01  8.582099E-03
     52888  2.233154E-03  3.127974E-01  6.030252E-02
     52889  1.103778E-01 -2.064647E-02  2.025936E-01
     52890 -3.782454E-03  7.044767E-02  1.926253E-01
     52891  1.161379E-02  1.347268E-01  6.959239E-02
     52892  1.016511E-02  1.284856E-01  5.969312E-02
     52893  4.059652E-02  3.052072E-01  1.098627E-01
     52894 -4.547780E-02 -1.425022E-02  2.929963E-01
     52895  5.387380E-02  8.878844E-02  2.084754E-01
     52896 -4.352840E-03  1.347000E-01  1.219319E-01
     52897 -5.295602E-03  1.263117E-01  1.199144E-01
     52898  2.539270E-02  3.055685E-01  1.672782E-01
     52899 -6.045368E-02 -5.696934E-03  3.449788E-01
     52900  5.140879E-02  9.765156E-02  2.442262E-01
     52901 -3.436011E-02  1.370778E-01  1.793811E-01
     52902 -3.287808E-02  1.219463E-01  1.624944E-01
     52903  3.297874E-03  3.033370E-01  2.269393E-01
     52904 -9.395814E-02  1.307244E-02  4.160109E-01
     52905  2.916026E-02  9.729232E-02  3.058379E-01
     52906 -6.101188E-02  1.362123E-01  2.160145E-01
     52907 -6.376359E-02  1.335955E-01  2.323181E-01
     52908 -2.710248E-02  2.992532E-01  2.706412E-01
     52909  4.662661E-05  9.843281E-02  3.655661E-01
     52910 -1.228969E-01  1.130952E-02  4.412578E-01
     52911 -9.661485E-02  1.312376E-01  2.307377E-01
     52912 -1.055092E-01  1.274644E-01  2.343723E-01
     52913 -9.449448E-02  2.992867E-01  3.125878E-01
     52914 -1.533219E-02  4.385498E-02  4.453785E-01
     52915 -1.240278E-01  8.915447E-02  4.503371E-01
     52916 -1.304954E-01  1.343190E-01  2.729603E-01
     52917 -1.378476E-01  1.270637E-01  2.568484E-01
     52918 -1.022995E-01  2.884729E-01  3.313571E-01
     52919 -9.128668E-02  9.718952E-02  4.503567E-01
     52920 -1.840389E-01  2.921806E-02  5.024240E-01
     52921 -1.646364E-01  1.310290E-01  2.862444E-01
     52922 -1.725878E-01  1.295595E-01  2.729297E-01
     52923 -1.418487E-01  2.924415E-01  3.544637E-01
     52924 -2.181896E-01  3.728792E-02  5.220168E-01
     52925 -1.264829E-01  1.023819E-01  4.584839E-01
     52926 -1.971766E-01  1.314209E-01  2.981426E-01
     52927 -2.034556E-01  1.283651E-01  2.813569E-01
     52928 -1.764773E-01  2.963171E-01  3.705358E-01
     52929 -2.509143E-01  4.036707E-02  5.345104E-01
     52930 -1.625088E-01  1.056915E-01  4.797420E-01
     52931 -2.258608E-01  1.344010E-01  3.083040E-01
     52932 -2.307605E-01  1.329996E-01  2.929476E-01
     52933 -2.042680E-01  2.984333E-01  3.817961E-01
     52934 -1.957644E-01  1.026776E-01  4.905394E-01
     52935 -2.821016E-01  4.134794E-02  5.528302E-01
     52936 -2.518862E-01  1.401032E-01  3.227010E-01
     52937 -2.541271E-01  1.364765E-01  3.059942E-01
     52938 -2.288876E-01  3.072758E-01  3.975911E-01
     52939 -3.100592E-01  3.904485E-02  5.735814E-01
     52940 -2.241574E-01  1.086916E-01  5.076675E-01
     52941 -2.733993E-01  1.442616E-01  3.396485E-01
     52942 -2.737111E-01  1.404248E-01  3.259694E-01
     52943 -2.499239E-01  3.153531E-01  4.159587E-01
     52944 -2.477631E-01  1.122658E-01  5.254471E-01
     52945 -3.322604E-01  3.974822E-02  6.006121E-01
     52946 -2.921555E-01  1.490721E-01  3.650024E-01
     52947 -2.912399E-01  1.445328E-01  3.542957E-01
     52948 -2.672415E-01  3.259519E-01  4.432249E-01
     52949 -3.507808E-01  4.212669E-02  6.392392E-01
     52950 -2.672927E-01  1.178333E-01  5.535885E-01
     52951 -3.094634E-01  1.549625E-01  4.007450E-01
     52952 -3.082304E-01  1.504115E-01  3.954649E-01
     52953 -2.820458E-01  3.384575E-01  4.813145E-01
     52954 -2.842293E-01  1.237628E-01  5.940616E-01
     52955 -3.675852E-01  4.516818E-02  6.932241E-01
     52956 -3.300750E-01  1.616747E-01  4.486462E-01
     52957 -3.298967E-01  1.559122E-01  4.457828E-01
     52958 -2.982219E-01  3.549249E-01  5.343536E-01
     52959 -3.878158E-01  4.974059E-02  7.633892E-01
     52960 -3.001923E-01  1.325635E-01  6.515731E-01
     52961 -3.571661E-01  1.665200E-01  5.021725E-01
     52962 -3.613128E-01  1.610143E-01  5.012037E-01
     52963 -3.214455E-01  3.715736E-01  5.957649E-01
     52964 -3.204402E-01  1.410480E-01  7.230363E-01
     52965 -4.157435E-01  5.575961E-02  8.437148E-01
     52966 -3.996890E-01  1.729000E-01  5.561060E-01
     52967 -4.107017E-01  1.662618E-01  5.482218E-01
     52968 -3.568411E-01  3.915365E-01  6.613915E-01
     52969 -3.513200E-01  1.494774E-01  8.037918E-01
     52970 -4.621182E-01  6.278064E-02  9.268935E-01
     52971 -4.638000E-01  1.749699E-01  5.860748E-01
     52972 -4.788224E-01  1.777796E-01  5.964553E-01
     52973 -4.150203E-01  4.124649E-01  7.122377E-01
     52974 -5.368458E-01  7.427854E-02  9.709651E-01
     52975 -4.013379E-01  1.590914E-01  8.788534E-01
     52976 -5.527720E-01  1.700097E-01  5.543738E-01
     52977 -5.803850E-01  1.727785E-01  5.641586E-01
     52978 -5.336882E-01  4.251986E-01  7.183421E-01
     52979 -6.117684E-01  1.458736E-01  9.409822E-01
     52980 -4.443636E-01  9.704450E-02  9.660656E-01
     52981 -6.717120E-01  1.606256E-01  4.734046E-01
     52982 -7.232378E-01  1.522326E-01  4.057061E-01
     52983 -6.569001E-01  4.228618E-01  6.578530E-01
     52984 -5.521922E-01  7.819214E-02  9.650404E-01
     52985 -7.489381E-01  1.498294E-01  8.764996E-01
     52986 -8.245585E-01  1.393696E-01  3.035974E-01
     52987 -8.935392E-01  1.324120E-01  1.490987E-01
     52988 -7.824639E-01  4.200721E-01  4.943787E-01
     52989 -9.626811E-01  7.185142E-02  7.005670E-01
     52990 -7.385120E-01  1.392085E-01  7.983138E-01
     52991 -1.000777E+00  1.062206E-01 -3.966741E-02
     52992 -1.085558E+00  1.003191E-01 -2.700466E-01
     52993 -9.770412E-01  4.071781E-01  1.750337E-01
     52994 -1.180038E+00  5.600238E-02  2.996159E-01
     52995 -9.182287E-01  1.183344E-01  5.091858E-01
     52996 -1.185274E+00  6.006042E-02 -5.646484E-01
     52997 -1.279833E+00  5.768608E-02 -8.806036E-01
     52998 -1.192569E+00  3.639257E-01 -3.394659E-01
     52999 -1.129981E+00  7.692138E-02  3.425559E-02
     53000 -1.414181E+00  2.829539E-02 -3.281746E-01
     53001 -1.349321E+00  5.944982E-03 -1.285298E+00
     53002 -1.438820E+00  8.266199E-03 -1.685566E+00
     53003 -1.400708E+00  2.984114E-01 -1.068282E+00
     53004 -1.347715E+00  1.876009E-02 -6.766014E-01
     53005 -1.631282E+00 -1.877950E-02 -1.203402E+00
     53006 -1.443602E+00 -4.882401E-02 -2.177951E+00
     53007 -1.500228E+00 -4.359390E-02 -2.635780E+00
     53008 -1.550083E+00  2.121214E-01 -1.998491E+00
     53009 -1.763237E+00 -8.089483E-02 -2.298133E+00
     53010 -1.531194E+00 -5.202747E-02 -1.635590E+00
     53011 -1.388588E+00 -9.371579E-02 -3.138883E+00
     53012 -1.358760E+00 -9.567345E-02 -3.562747E+00
     53013 -1.549084E+00  1.160601E-01 -3.033677E+00
     53014 -1.695577E+00 -1.566307E-01 -3.466290E+00
     53015 -1.612424E+00 -1.221980E-01 -2.790385E+00
     53016 -1.065852E+00 -1.420658E-01 -3.879517E+00
     53017 -8.907652E-01 -2.329133E-01 -4.119716E+00
     53018 -1.245107E+00  2.629694E-02 -3.911596E+00
     53019 -1.248147E+00 -2.514030E-01 -4.301508E+00
     53020 -1.473378E+00 -1.683740E-01 -3.941010E+00
     53021 -3.409261E-01 -2.776058E-01 -3.876450E+00
     53022  9.677184E-03 -6.235091E-01 -3.551794E+00
     53023 -4.612754E-01 -1.133499E-01 -4.126700E+00
     53024 -9.655807E-01 -1.832214E-01 -4.632303E+00
     53025 -2.129224E-01 -4.417345E-01 -4.065292E+00
     53026  5.457933E-01 -6.659612E-01 -3.155749E+00
     53027  9.513697E-02 -9.442815E-02 -3.940217E+00
     57524  4.227146E-01  2.568660E+00  4.983031E-01
     57525 -1.650029E+00  4.583361E+00  2.944915E+00
     57526  9.023704E-01  3.698172E-01 -1.714177E-01
     57527 -3.031177E-01  1.143449E+00  4.642338E-01
     57528  8.736797E-01  4.295311E-01  9.167250E-01
     57529 -1.852321E+00 -1.726425E+01  1.090463E+02
     57530 -5.416731E+00 -1.871323E+01  9.969453E+01
     57531  3.977611E+00 -1.052568E+01  8.538348E+01
     57532 -1.229092E+00  9.581498E-01 -9.378101E+00
     57533 -1.904606E+00 -1.124675E+00 -1.174996E+00
     57534 -3.194880E+00 -4.031570E+00 -9.898618E-01
     57535  1.992199E-01  1.376958E+00 -9.533123E+00
     57536 -9.046105E+00 -1.315528E+01  7.498129E+01
     57537 -8.467554E-01 -6.497278E+00  7.998036E+00
     57538 -3.222479E+00 -7.904940E+00  1.550418E+01
     57539 -1.636416E+00 -5.430194E+00 -5.397084E+00
     57540  1.199112E+00 -9.441501E+00  2.755716E+01
     57541 -1.770030E+00 -1.053026E+01  3.684492E+01
     57542 -1.082005E+00 -8.784095E+00  1.207173E+01
     57543  1.949391E+00 -1.058297E+01  5.248475E+01
     57544 -4.400722E+00 -1.143990E+01  6.263737E+01
     57545 -5.447168E-01 -1.155744E+01  3.565572E+01
     57546 -2.246755E+00 -1.343043E+01  6.686902E+01
     57547 -1.557040E+00 -5.830115E+00  1.046285E+00
     57548 -3.184083E+00 -5.523641E+00 -7.826589E+00
     57549 -3.382439E+00 -9.282918E+00  2.104954E+01
     57550 -4.109920E+00 -9.164364E+00  9.741403E+00
     57551  8.210510E-01 -1.043152E+01  4.809358E+01
     57552 -6.735377E+00 -1.199007E+01  3.387132E+01
     62516  1.458378E+00  4.158097E+00  2.705782E+00
     62517 -4.843479E-01  2.396417E+00  4.831322E-01
     62518  2.504509E-01  9.813781E-01  3.346193E-01
     62519 -9.183182E-01  3.788645E-01  8.366322E-01
     62520 -9.005171E-01  3.466297E-01 -1.406862E-01
     62521  1.940592E+00 -1.150356E+00 -6.336891E-01
     62522  1.326033E+00  1.005400E+00 -9.066669E+00
     62523  7.508931E-02  1.626680E+00 -9.164036E+00
     62524  5.354638E+00 -1.715490E+01  9.092122E+01
     62525  2.101266E+00 -1.586271E+01  1.006954E+02
     62526  8.560959E+00 -1.223417E+01  6.794603E+01
     62527  3.133997E+00 -3.913651E+00 -3.463075E-01
     62528 -3.334946E+00 -9.409141E+00  7.928346E+01
     62529  3.192925E+00 -5.072490E+00 -8.139657E+00
     62530  1.823278E+00 -5.210628E+00  1.791422E-01
     62531  1.671553E+00 -5.019776E+00 -5.091887E+00
     62532  4.019002E+00 -8.428498E+00  7.900426E+00
     62533  3.387780E+00 -8.430423E+00  1.832927E+01
     62534  1.127057E+00 -8.075977E+00  1.099887E+01
     62535  6.540600E+00 -1.109725E+01  3.008265E+01
     62536 -3.975310E-01 -9.600647E+00  4.321716E+01
     62537  6.593096E-01 -1.061405E+01  3.266547E+01
     62538  2.214334E+00 -1.231899E+01  6.143941E+01
     62539  3.225937E+00 -7.330212E+00  1.506191E+01
     62540  9.308418E-01 -6.034686E+00  8.177853E+00
     62541  1.878267E+00 -9.717936E+00  3.473902E+01
     62542 -9.788129E-01 -8.684770E+00  2.627058E+01
     62543  4.443405E+00 -1.056424E+01  5.839411E+01
     62544 -1.538543E+00 -9.668148E+00  4.915575E+01
     67035  8.031372E-02 -3.359846E-01  3.117474E-01
     67036 -7.144361E-02 -2.953813E-01  2.816716E-01
     67037  2.159966E-01 -7.497569E-01  8.237635E-02
     67038 -2.339170E-01 -8.271595E-01  1.059679E-01
     67039  3.828088E-01 -4.847592E+00 -6.574580E+00
     67040  1.694921E+00 -3.409136E+00 -8.177868E+00
     67041  4.737665E-01 -3.552804E+00 -6.016477E+00
     67042 -4.893246E-02 -4.084142E-01 -2.118882E+00
     67043  1.186053E-01 -3.049883E-01 -2.114962E+00
     67044 -4.531520E-02 -3.224643E-01 -2.099978E+00
     67045  1.304211E-01 -4.142886E-01 -2.126894E+00
     67046 -1.597929E+00 -3.088618E+00 -7.367447E+00
     67047 -4.523102E-01 -4.349899E+00 -5.985871E+00
     67048 -5.426327E-01 -3.199112E+00 -5.494622E+00
     67049  2.456315E+00 -3.192865E+00 -7.380799E+00
     67050 -2.294289E+00 -2.894730E+00 -6.640870E+00
     67051  8.867872E-01 -1.822019E+00 -5.614643E+00
     67052  1.263308E+00 -2.034834E+00 -6.165858E+00
     67053  1.559920E+00 -3.227275E+00 -5.154244E+00
     67054  2.317330E+00 -7.043243E-01 -3.233807E+00
     67055  2.649774E+00 -2.912747E+00 -7.510980E+00
     67056  3.056950E+00 -2.928772E+00 -6.238552E+00
     67057  2.266777E+00 -1.944467E+00 -4.539078E+00
     67058  3.289305E+00 -2.539651E+00 -6.798940E+00
     67059  4.216959E+00 -3.219067E+00 -7.153107E+00
     67060  3.611257E+00 -2.156612E+00 -6.152362E+00
     67061  4.248811E+00 -2.717616E+00 -6.366832E+00
     67062  3.603544E+00 -1.693359E+00 -5.458131E+00
     67063  4.126416E+00 -2.146794E+00 -5.675624E+00
     67064  3.369031E+00 -1.216265E+00 -4.736065E+00
     67065  3.827474E+00 -1.553859E+00 -4.996257E+00
     67066  3.018884E+00 -8.453042E-01 -4.122412E+00
     67067  3.389964E+00 -1.031658E+00 -4.359695E+00
     67068  2.586856E+00 -4.949926E-01 -3.456215E+00
     67069  2.953942E+00 -6.227632E-01 -3.761158E+00
     67070  2.141347E+00 -2.781264E-01 -2.959014E+00
     67071  2.487434E+00 -3.375646E-01 -3.199141E+00
     67072  1.771155E+00 -1.237610E-01 -2.575290E+00
     67073  2.064075E+00 -1.457958E-01 -2.786205E+00
     67074  1.453742E+00 -4.563809E-02 -2.316639E+00
     67075  1.710396E+00 -3.697450E-02 -2.476665E+00
     67076  1.203446E+00 -1.014342E-02 -2.136540E+00
     67077  1.436586E+00  1.079476E-02 -2.262955E+00
     67078  1.018391E+00 -8.111312E-03 -2.029694E+00
     67079  1.228476E+00  1.664882E-02 -2.122587E+00
     67080  8.875415E-01 -2.711454E-02 -1.961882E+00
     67081  1.084555E+00 -2.136890E-03 -2.036185E+00
     67082  7.936242E-01 -5.255140E-02 -1.919599E+00
     67083  9.888932E-01 -3.750611E-02 -1.978398E+00
     67084  7.305346E-01 -8.165561E-02 -1.907980E+00
     67085  9.152816E-01 -6.426860E-02 -1.947847E+00
     67086  6.901696E-01 -1.057439E-01 -1.895912E+00
     67087  8.734469E-01 -9.371895E-02 -1.931473E+00
     67088  6.552352E-01 -1.206636E-01 -1.880703E+00
     67089  8.387788E-01 -1.138826E-01 -1.912739E+00
     67090  6.122788E-01 -1.325531E-01 -1.868392E+00
     67091  7.989370E-01 -1.266423E-01 -1.891857E+00
     67092  5.612417E-01 -1.346794E-01 -1.850383E+00
     67093  7.479020E-01 -1.308605E-01 -1.871463E+00
     67094  4.945460E-01 -1.344908E-01 -1.836110E+00
     67095  6.814696E-01 -1.306949E-01 -1.853420E+00
     67096  4.077845E-01 -1.432962E-01 -1.840884E+00
     67097  6.004066E-01 -1.350194E-01 -1.847453E+00
     67098  3.132138E-01 -1.539585E-01 -1.856973E+00
     67099  5.099656E-01 -1.438018E-01 -1.856420E+00
     67100  2.146467E-01 -1.728438E-01 -1.889177E+00
     67101  4.152764E-01 -1.606496E-01 -1.880904E+00
     67102  1.193487E-01 -2.001297E-01 -1.935956E+00
     67103  3.253559E-01 -1.861800E-01 -1.921377E+00
     67104  3.571416E-02 -2.354403E-01 -1.996855E+00
     67105  2.469849E-01 -2.203343E-01 -1.975940E+00
     67106 -2.199596E-02 -2.735513E-01 -2.065134E+00
     67107  1.891739E-01 -2.598213E-01 -2.042564E+00
     67108 -5.641800E-02 -3.075082E-01 -2.114566E+00
     67109  1.603668E-01 -2.960831E-01 -2.101932E+00
     67110 -8.097982E-02 -3.399983E-01 -2.142225E+00
     67111  1.551468E-01 -3.206318E-01 -2.139753E+00
     67112 -7.074077E-02 -3.298951E-01 -2.099064E+00
     67113  1.671125E-01 -3.387414E-01 -2.116250E+00
     67114 -7.298424E-02 -2.977501E-01 -2.037467E+00
     67115  1.449046E-01 -3.066287E-01 -2.068310E+00
     67116 -1.065147E-01 -2.608673E-01 -1.962218E+00
     67117  1.094679E-01 -2.690307E-01 -1.997821E+00
     67118 -1.572359E-01 -2.103729E-01 -1.886828E+00
     67119  4.880790E-02 -2.231994E-01 -1.918098E+00
     67120 -2.159664E-01 -1.699325E-01 -1.813498E+00
     67121 -4.032722E-02 -1.869424E-01 -1.850629E+00
     67122 -3.136202E-01 -1.356167E-01 -1.717678E+00
     67123 -1.194523E-01 -1.488040E-01 -1.759093E+00
     67124 -4.199281E-01 -1.110353E-01 -1.649529E+00
     67125 -2.317845E-01 -1.196724E-01 -1.670717E+00
     67126 -5.301305E-01 -9.142913E-02 -1.613160E+00
     67127 -3.460094E-01 -1.042609E-01 -1.621450E+00
     67128 -6.374658E-01 -7.689791E-02 -1.599656E+00
     67129 -4.618954E-01 -8.584735E-02 -1.597311E+00
     67130 -7.387137E-01 -6.729574E-02 -1.600994E+00
     67131 -5.673543E-01 -7.648466E-02 -1.588809E+00
     67132 -8.346725E-01 -6.246259E-02 -1.618503E+00
     67133 -6.650218E-01 -7.015758E-02 -1.595281E+00
     67134 -9.231872E-01 -5.972515E-02 -1.650507E+00
     67135 -7.539775E-01 -6.748020E-02 -1.616228E+00
     67136 -1.005085E+00 -5.739974E-02 -1.696582E+00
     67137 -8.351321E-01 -6.549599E-02 -1.651194E+00
     67138 -1.083934E+00 -5.508846E-02 -1.756898E+00
     67139 -9.117403E-01 -6.334325E-02 -1.699672E+00
     67140 -1.167457E+00 -5.001654E-02 -1.829223E+00
     67141 -9.877857E-01 -6.008132E-02 -1.760500E+00
     67142 -1.265932E+00 -4.799471E-02 -1.922492E+00
     67143 -1.077290E+00 -5.757420E-02 -1.837447E+00
     67144 -1.391934E+00 -5.129925E-02 -2.040938E+00
     67145 -1.189186E+00 -6.103597E-02 -1.938267E+00
     67146 -1.562674E+00 -7.173465E-02 -2.198175E+00
     67147 -1.339839E+00 -7.605319E-02 -2.072110E+00
     67148 -1.790542E+00 -1.284525E-01 -2.408567E+00
     67149 -1.541746E+00 -1.187266E-01 -2.259045E+00
     67150 -2.081926E+00 -2.225642E-01 -2.682154E+00
     67151 -1.804277E+00 -1.947212E-01 -2.500288E+00
     67152 -2.441030E+00 -3.854595E-01 -3.040035E+00
     67153 -2.127627E+00 -3.237189E-01 -2.823753E+00
     67154 -2.852994E+00 -6.480156E-01 -3.492396E+00
     67155 -2.499011E+00 -5.256403E-01 -3.257456E+00
     67156 -3.276908E+00 -1.005169E+00 -4.023822E+00
     67157 -2.887957E+00 -8.042585E-01 -3.781559E+00
     67158 -3.660203E+00 -1.460731E+00 -4.609796E+00
     67159 -3.235836E+00 -1.160807E+00 -4.383336E+00
     67160 -3.939157E+00 -1.982651E+00 -5.215634E+00
     67161 -3.463152E+00 -1.571727E+00 -5.021555E+00
     67162 -4.066946E+00 -2.501997E+00 -5.835890E+00
     67163 -3.479205E+00 -1.982944E+00 -5.646598E+00
     67164 -4.032070E+00 -2.952151E+00 -6.550104E+00
     67165 -3.195030E+00 -2.329475E+00 -6.239656E+00
     67166 -2.604107E+00 -2.663548E+00 -6.874232E+00
     67167 -2.925831E+00 -2.672739E+00 -5.693542E+00
     67168 -1.267550E+00 -1.835562E+00 -5.614491E+00
     67169 -9.253270E-01 -1.656550E+00 -5.144076E+00
     67170 -2.147261E+00 -1.765896E+00 -4.100327E+00
     67171 -1.518431E+00 -2.913957E+00 -4.667686E+00
     67172 -2.175431E+00 -6.534776E-01 -2.921769E+00
     68037 -3.344305E-02 -3.974940E-02  1.423025E-01
     68038 -7.103964E-03 -3.200999E-01  1.676377E-02
     68039 -5.182047E-01 -9.476514E-01  8.196446E-01
     68040 -2.255532E-01 -2.655895E-01  2.021030E-01
     68041 -9.924289E-02  1.069133E-01  1.033148E-01
     68042 -4.308384E-01 -2.022791E+00 -2.454058E+00
     68043 -1.207122E+00 -1.108195E+00 -6.609261E-01
     68044  4.545996E-01 -4.575528E+00 -5.630953E+00
     68045  1.531031E-01 -3.612786E+00 -4.788746E+00
     68046 -3.507709E-01 -3.159327E+00 -4.786712E+00
     68047 -1.064463E+00 -1.650284E+00 -2.135773E+00
     68048  1.648245E+00 -7.307782E+00 -7.837585E+00
     68049  8.322808E-01 -6.118352E+00 -6.010284E+00
     68050  1.013659E+00 -5.801509E+00 -7.641948E+00
     68051 -3.827809E-01 -3.678496E+00 -6.358335E+00
     68052 -3.525897E-01 -6.500046E+00 -3.132545E+01
     68053  1.170990E+00 -6.022822E+00 -2.170592E+01
     68054  1.689078E+00 -6.756458E+00 -1.124276E+01
     68055 -1.098977E+00 -6.994463E+00 -2.202009E+01
     68056  1.515492E+00 -7.405586E+00 -8.857203E+00
     68057  1.488671E+00 -7.757633E+00 -7.703208E+00
     68058  1.680266E-01 -6.355516E+00 -1.142636E+01
     68059  1.360623E+00 -7.725937E+00 -9.991011E+00
     68060 -2.508066E-01 -7.407719E+00 -1.597168E+01
     68061  1.196177E+00 -7.124981E+00 -1.597877E+01
     68062 -1.439775E-01 -6.602896E+00 -1.203668E+01
     68063  1.364954E+00 -7.157025E+00 -1.286392E+01
     68064  6.042041E-01 -4.593798E+00 -7.355263E+00
     68537  2.807480E-02 -4.481966E-02  1.168944E-01
     68538  1.642454E-02 -2.899528E-01  1.970344E-03
     68539  4.672219E-01 -8.357624E-01  7.197799E-01
     68540  2.107706E-01 -2.284603E-01  1.807083E-01
     68541  1.340727E-01  1.158558E-01  5.535138E-02
     68542  1.032066E+00 -9.795795E-01 -7.383195E-01
     68543  3.337248E-01 -1.820237E+00 -2.291381E+00
     68544 -1.786685E-01 -3.230799E+00 -4.330709E+00
     68545 -4.651671E-01 -4.077273E+00 -5.075133E+00
     68546  2.770097E-01 -2.809536E+00 -4.292948E+00
     68547  9.405890E-01 -1.470849E+00 -1.969504E+00
     68548 -7.830857E-01 -5.496732E+00 -5.378328E+00
     68549 -1.495439E+00 -6.581442E+00 -6.970864E+00
     68550 -9.314848E-01 -5.165892E+00 -6.783554E+00
     68551  3.376091E-01 -3.277759E+00 -5.638276E+00
     68552 -1.009487E+00 -5.359367E+00 -1.896534E+01
     68553  3.274303E-01 -5.757918E+00 -2.759712E+01
     68554  9.615113E-01 -6.221678E+00 -1.940297E+01
     68555 -1.480673E+00 -6.054011E+00 -9.726986E+00
     68556 -1.085817E+00 -6.342879E+00 -1.405627E+01
     68557  1.711884E-01 -6.599403E+00 -1.407254E+01
     68558 -1.455230E-01 -5.699429E+00 -9.984095E+00
     68559 -1.260487E+00 -6.381819E+00 -1.131662E+01
     68560  1.044371E-01 -5.906045E+00 -1.063653E+01
     68561 -1.207186E+00 -6.938574E+00 -8.785962E+00
     68562 -5.405792E-01 -4.097321E+00 -6.532617E+00
     68563 -1.321618E+00 -6.986326E+00 -6.735096E+00
     68564 -1.333325E+00 -6.657162E+00 -7.671326E+00

 total force (fx,fy,fz) for set FEET and time  0.5000000E+01

       -3.724587E-09 -9.192533E+02  7.713451E+02

                        S T E P       6


                                INCREMENT     1


 displacements (vx,vy,vz) for set TOP and time  0.6000000E+01

     36367  1.803687E-02 -9.153345E-01  7.838693E-01
     37135 -1.850795E-04 -9.944813E-01  8.444841E-01
     38585  3.277364E-02 -7.057009E-01  6.358274E-01
     44994 -1.474314E-02 -9.702714E-01  8.241802E-01
     47647 -3.149891E-02 -6.915108E-01  6.163961E-01

 forces (fx,fy,fz) for set FEET and time  0.6000000E+01

       199  2.660692E-01 -2.403952E-01 -2.005109E-01
       203  1.483096E-01  2.813579E-01 -1.886025E+00
       204 -4.067088E-03 -1.462887E-01 -2.309711E-01
       208  1.133883E-03  6.922533E-02 -1.427351E-02
       209 -2.318778E-01 -2.103315E-01 -1.643481E-01
       213 -1.213157E-01  1.833380E-01 -1.671836E+00
       242 -1.902796E+01 -1.265687E+01 -2.649259E+01
       243 -1.528645E-01  4.014884E-01 -8.770352E-01
       244 -5.053458E-01 -1.032362E+00  1.851628E-01
       245  1.740832E+01 -8.941287E+00 -2.087807E+01
       269  5.037741E-01 -1.026004E+00  2.265897E-01
       270 -1.586837E+01 -7.974888E+00 -1.877180E+01
       273  1.779511E-01  4.461762E-01 -8.600275E-01
       274  1.757773E+01 -1.185354E+01 -2.470711E+01
       282 -2.875474E-01  1.367938E+00  3.113893E+00
       284  2.590725E-01  1.225636E+00  2.785731E+00
       290 -5.035842E-01 -3.278353E-02 -1.257048E+00
       293 -2.527264E+00  1.646479E+00  3.222317E+00
       294  4.718672E+00  3.914712E+00  7.347311E+00
       301  4.478839E-01 -2.101297E-02 -1.133542E+00
       302 -4.177397E+00  3.464406E+00  6.536335E+00
       303  2.210952E+00  1.421251E+00  2.814871E+00
      3822  8.730134E-01  1.281834E+00  1.234731E+00
      3848 -8.859195E-03 -1.420027E-01  2.001159E-02
      3861  2.753924E-01 -3.716565E-01  1.586492E-01
      3862  1.870761E-02 -4.291634E-01  5.844427E-01
      3863 -4.094052E-01 -5.089281E-01  1.265899E+00
      3864 -5.083812E-01 -4.173577E-01  8.592230E-01
      3865 -4.866955E-01 -2.876185E-01  3.846183E-01
      3866 -4.196162E-01 -1.686821E-01 -1.902343E-02
      3867 -3.258618E-01 -9.238987E-02 -3.533629E-01
      3868 -2.452467E-01 -3.211711E-02 -5.461423E-01
      3869 -1.685235E-01  4.224312E-03 -6.550495E-01
      3870 -1.263396E-01  1.868010E-02 -6.886637E-01
      3871 -7.900756E-02  2.093344E-02 -6.937430E-01
      3872 -5.621887E-02  1.662927E-02 -6.574491E-01
      3873 -3.816074E-02  7.711504E-03 -6.059452E-01
      3874 -2.992131E-02 -6.409686E-03 -5.534473E-01
      3875 -2.483023E-02 -1.368038E-02 -4.852849E-01
      3876 -2.745571E-02 -2.714827E-02 -4.442871E-01
      3877 -3.503848E-02 -3.383002E-02 -4.035359E-01
      3878 -4.023486E-02 -3.806860E-02 -3.748073E-01
      3879 -4.379649E-02 -3.981382E-02 -3.575683E-01
      3880 -4.798375E-02 -3.892007E-02 -3.451923E-01
      3881 -4.465724E-02 -3.852687E-02 -3.451940E-01
      3882 -3.664665E-02 -3.822164E-02 -3.500193E-01
      3883 -3.221512E-02 -3.725645E-02 -3.464884E-01
      3884 -2.239020E-02 -3.820754E-02 -3.414159E-01
      3885 -1.202828E-02 -4.138325E-02 -3.307565E-01
      3886 -2.573791E-03 -4.628107E-02 -3.142494E-01
      3887  5.758765E-03 -5.210171E-02 -2.926664E-01
      3888  9.011076E-03 -6.105795E-02 -2.733299E-01
      3889  1.032400E-02 -6.546347E-02 -2.455390E-01
      3890 -7.439121E-02 -1.441764E-02 -3.151568E-01
      3891  4.611132E-01  2.393668E+00  4.327089E+00
      3892 -3.635841E-01  9.018426E-01  5.335269E+00
      3893 -2.377505E+00  9.240323E-01  8.344231E+00
      3894 -3.141729E+00  6.742980E-01  7.161015E+00
      3895 -3.353242E+00  5.829698E-01  5.555678E+00
      3896 -3.214992E+00  4.543862E-01  3.966353E+00
      3897 -2.892696E+00  3.449034E-01  2.557296E+00
      3898 -2.452954E+00  1.993320E-01  1.509116E+00
      3899 -2.049067E+00  8.369214E-02  6.885482E-01
      3900 -1.652300E+00 -1.537486E-02  1.867506E-01
      3901 -1.324733E+00 -6.776250E-02 -1.391028E-01
      3902 -1.060770E+00 -1.055892E-01 -2.590083E-01
      3903 -8.627535E-01 -1.249093E-01 -2.743599E-01
      3904 -7.245405E-01 -1.283757E-01 -2.126910E-01
      3905 -6.238575E-01 -1.324010E-01 -1.109160E-01
      3906 -5.787215E-01 -1.253747E-01 -1.211872E-03
      3907 -5.449439E-01 -1.173269E-01  1.023592E-01
      3908 -5.303924E-01 -1.084023E-01  1.808052E-01
      3909 -5.197132E-01 -1.009268E-01  2.292966E-01
      3910 -5.030653E-01 -1.007567E-01  2.576945E-01
      3911 -4.742361E-01 -9.123033E-02  2.507486E-01
      3912 -4.276610E-01 -8.286630E-02  2.355559E-01
      3913 -3.638513E-01 -8.374046E-02  2.444102E-01
      3914 -2.915846E-01 -7.925327E-02  2.598780E-01
      3915 -2.148807E-01 -7.336722E-02  2.982919E-01
      3916 -1.410789E-01 -6.624219E-02  3.614198E-01
      3917 -7.724581E-02 -5.627924E-02  4.469550E-01
      3918 -3.438503E-02 -4.439836E-02  5.467524E-01
      3919 -5.598934E-03 -4.039028E-02  6.406334E-01
      3920  2.590578E-03 -4.613287E-02  7.326882E-01
      3921  2.932524E-02 -1.621799E-02  6.543292E-01
      4105  3.208382E-01 -1.093708E+00 -3.440332E-01
      4106  1.561792E-01 -2.095604E+00  9.249504E-01
      4107  1.316513E-01 -1.962050E+00  1.014825E+00
      4108  8.835693E-02 -1.407444E+00  8.221465E-01
      4109  8.100622E-02 -8.012627E-01  5.802264E-01
      4110  7.960238E-02 -2.701165E-01  3.901669E-01
      4111  3.434259E-02  1.494870E-01  1.958412E-01
      4112  7.820792E-02  4.267457E-01  9.202472E-02
      4113  4.331631E-02  6.043734E-01  3.097545E-02
      4114  4.031542E-02  6.930509E-01  9.152706E-03
      4115  2.899514E-02  7.007116E-01 -1.269511E-02
      4116  3.062896E-02  6.807255E-01 -1.011437E-02
      4117  2.745771E-02  6.285795E-01  3.892864E-03
      4118  2.320768E-02  5.716843E-01  2.725343E-02
      4119  2.453115E-02  4.970424E-01  4.750433E-02
      4120  2.202084E-02  4.452714E-01  6.502604E-02
      4121  2.222235E-02  3.997537E-01  7.885915E-02
      4122  2.095386E-02  3.662528E-01  8.715473E-02
      4123  1.685302E-02  3.476837E-01  8.631357E-02
      4124  2.229653E-02  3.388512E-01  8.891170E-02
      4125  2.223787E-02  3.315175E-01  9.262767E-02
      4126  1.222284E-02  3.306561E-01  8.627587E-02
      4127  1.260896E-02  3.337782E-01  8.354904E-02
      4128  1.059895E-02  3.258381E-01  8.408481E-02
      4129  8.718755E-03  3.113878E-01  9.030016E-02
      4130  6.276641E-03  2.898008E-01  1.000879E-01
      4131  4.270912E-03  2.624060E-01  1.113934E-01
      4132  2.567665E-03  2.383125E-01  1.299214E-01
      4133  4.811082E-03  2.080696E-01  1.538267E-01
      4134 -1.740549E-02  1.149853E-01  9.385533E-02
      4135  8.150259E-01  2.636469E-01 -4.886699E-01
      4136  2.073907E-01 -2.756861E+00  3.068521E+00
      4137 -5.146826E-01 -3.496044E+00  4.127133E+00
      4138 -8.760090E-01 -3.015622E+00  3.653890E+00
      4139 -9.329745E-01 -2.081353E+00  2.603808E+00
      4140 -8.476085E-01 -1.298070E+00  1.583706E+00
      4141 -7.310700E-01 -5.073055E-01  7.102956E-01
      4142 -5.913469E-01  8.672538E-02  6.451770E-02
      4143 -4.764286E-01  3.554774E-01 -3.229468E-01
      4144 -3.721138E-01  5.299489E-01 -5.738168E-01
      4145 -2.879549E-01  6.411922E-01 -6.609163E-01
      4146 -2.395860E-01  6.423014E-01 -6.943358E-01
      4147 -1.922903E-01  5.965811E-01 -6.488566E-01
      4148 -1.597860E-01  5.227415E-01 -5.700759E-01
      4149 -1.253553E-01  4.502166E-01 -4.697424E-01
      4150 -1.290378E-01  3.615385E-01 -3.693829E-01
      4151 -1.271483E-01  2.952783E-01 -2.866748E-01
      4152 -1.273472E-01  2.438050E-01 -2.254474E-01
      4153 -1.289366E-01  2.110707E-01 -1.874053E-01
      4154 -1.151464E-01  1.988444E-01 -1.814457E-01
      4155 -9.619251E-02  1.960028E-01 -1.744922E-01
      4156 -9.856596E-02  1.954044E-01 -1.646676E-01
      4157 -9.737075E-02  1.960260E-01 -1.751447E-01
      4158 -8.042059E-02  1.915087E-01 -1.707800E-01
      4159 -6.134366E-02  1.762171E-01 -1.516180E-01
      4160 -4.369953E-02  1.483494E-01 -1.164800E-01
      4161 -2.861089E-02  1.104873E-01 -7.001580E-02
      4162 -1.907372E-02  6.520041E-02 -1.477579E-02
      4163 -1.870639E-03  2.029991E-02  4.623576E-02
      4164 -6.123730E-04 -7.051814E-02  1.293647E-01
      4165  5.212348E-03 -4.292910E-02  3.166679E-02
      4179 -7.219181E-01  1.156329E+00  1.232616E+00
      4192  1.926437E-02 -7.522447E-02 -2.314202E-01
      4193 -1.624661E-02 -7.027795E-02 -2.275025E-01
      4194 -1.468906E-02 -6.474302E-02 -2.499608E-01
      4195 -1.615545E-02 -5.662990E-02 -2.660633E-01
      4196 -9.918696E-03 -5.447649E-02 -2.945090E-01
      4197  5.337723E-03 -4.571620E-02 -3.052110E-01
      4198  9.407062E-03 -3.955408E-02 -3.153381E-01
      4199  2.097822E-02 -3.220867E-02 -3.125360E-01
      4200  2.790867E-02 -3.060386E-02 -3.241506E-01
      4201  3.346157E-02 -2.938553E-02 -3.286560E-01
      4202  3.953164E-02 -2.849756E-02 -3.352015E-01
      4203  4.353244E-02 -2.900502E-02 -3.430983E-01
      4204  4.604363E-02 -2.832171E-02 -3.546462E-01
      4205  4.683595E-02 -2.689598E-02 -3.719184E-01
      4206  4.644940E-02 -2.390328E-02 -3.951538E-01
      4207  4.551476E-02 -1.974194E-02 -4.274477E-01
      4208  4.565570E-02 -1.304152E-02 -4.658595E-01
      4209  5.003170E-02 -5.889760E-03 -5.103528E-01
      4210  6.183229E-02  1.990919E-03 -5.519969E-01
      4211  7.849683E-02  8.677865E-03 -5.783096E-01
      4212  1.136310E-01  7.636512E-03 -5.882757E-01
      4213  1.660231E-01 -4.901575E-03 -5.590657E-01
      4214  2.241877E-01 -3.252759E-02 -4.610939E-01
      4215  3.000673E-01 -8.122030E-02 -2.849982E-01
      4216  3.816200E-01 -1.572801E-01 -1.160207E-02
      4217  4.509693E-01 -2.610978E-01  3.594019E-01
      4218  4.768747E-01 -3.776762E-01  7.916891E-01
      4219  3.924806E-01 -4.679197E-01  1.157940E+00
      4220 -3.596813E-04 -3.982853E-01  5.310225E-01
      4221 -2.382767E-01 -3.331751E-01  1.539260E-01
      4222 -5.608539E-02 -1.922423E-03  6.942942E-01
      4223 -4.408330E-02 -5.368654E-02  7.425309E-01
      4224 -4.562066E-02 -4.444470E-02  6.558101E-01
      4225 -2.245401E-02 -5.253546E-02  5.704390E-01
      4226  1.517598E-02 -5.839231E-02  4.653819E-01
      4227  7.843171E-02 -6.523010E-02  3.721640E-01
      4228  1.447453E-01 -8.245973E-02  2.919938E-01
      4229  2.332017E-01 -7.812501E-02  2.112225E-01
      4230  3.095371E-01 -8.595564E-02  1.731527E-01
      4231  3.909360E-01 -9.140410E-02  1.445727E-01
      4232  4.654401E-01 -9.399711E-02  1.272961E-01
      4233  5.314837E-01 -9.928993E-02  1.172447E-01
      4234  5.906977E-01 -1.027706E-01  1.092933E-01
      4235  6.417741E-01 -1.053906E-01  9.779358E-02
      4236  6.884413E-01 -1.074005E-01  7.902542E-02
      4237  7.335683E-01 -1.097834E-01  4.856958E-02
      4238  7.888651E-01 -1.096225E-01  9.875472E-03
      4239  8.625186E-01 -1.059142E-01 -2.993755E-02
      4240  9.724994E-01 -9.668459E-02 -5.093149E-02
      4241  1.128802E+00 -8.018468E-02 -1.346393E-02
      4242  1.343642E+00 -4.047536E-02  8.980361E-02
      4243  1.628084E+00  1.947567E-02  3.282542E-01
      4244  1.976738E+00  9.432697E-02  7.833271E-01
      4245  2.363690E+00  1.972766E-01  1.466865E+00
      4246  2.748925E+00  3.183030E-01  2.423821E+00
      4247  3.063301E+00  4.424346E-01  3.653684E+00
      4248  3.204663E+00  5.478312E-01  5.091180E+00
      4249  3.018635E+00  6.300670E-01  6.556197E+00
      4250  2.329397E+00  8.222362E-01  7.637969E+00
      4251  4.392981E-01  8.039923E-01  4.913069E+00
      4252 -3.200037E-01  2.163614E+00  3.988060E+00
      4436 -1.713834E-02  1.734863E-01  1.760255E-01
      4437 -2.129103E-04  1.892249E-01  1.779790E-01
      4438 -3.959662E-04  2.078619E-01  1.573826E-01
      4439 -1.332019E-03  2.391592E-01  1.349836E-01
      4440 -6.085201E-03  2.680585E-01  1.190231E-01
      4441 -2.282062E-03  2.831857E-01  9.791201E-02
      4442 -7.381913E-03  3.017017E-01  9.324085E-02
      4443 -1.459105E-02  3.011502E-01  8.061770E-02
      4444 -1.293822E-02  3.145254E-01  6.879755E-02
      4445 -1.529563E-02  3.223024E-01  6.851874E-02
      4446 -1.451573E-02  3.287308E-01  6.577014E-02
      4447 -1.684554E-02  3.408191E-01  7.095595E-02
      4448 -1.840995E-02  3.538687E-01  7.015129E-02
      4449 -2.010321E-02  3.725229E-01  6.737085E-02
      4450 -2.100963E-02  3.978197E-01  6.148788E-02
      4451 -2.237574E-02  4.326041E-01  5.387915E-02
      4452 -2.402509E-02  4.726863E-01  4.114226E-02
      4453 -2.468738E-02  5.173069E-01  2.827366E-02
      4454 -3.043614E-02  5.592301E-01  1.291830E-02
      4455 -2.878711E-02  5.753163E-01  9.606936E-03
      4456 -2.974648E-02  5.578792E-01  2.135034E-02
      4457 -4.348742E-02  4.954916E-01  4.351785E-02
      4458 -4.783552E-02  3.585719E-01  9.644077E-02
      4459 -5.733348E-02  1.155579E-01  1.872337E-01
      4460 -6.759303E-02 -2.413760E-01  3.281062E-01
      4461 -7.814864E-02 -7.097411E-01  5.195891E-01
      4462 -8.842395E-02 -1.243003E+00  7.395533E-01
      4463 -1.137656E-01 -1.709420E+00  9.179116E-01
      4464 -1.389774E-01 -1.875784E+00  8.170565E-01
      4465 -3.021617E-01 -1.039296E+00 -2.984798E-01
      4466 -1.107079E-03 -3.626545E-02  6.030138E-02
      4467 -5.544186E-03 -1.077433E-01  1.684364E-01
      4468 -2.082514E-02 -1.941077E-02  1.282899E-01
      4469 -3.469240E-02  8.237243E-03  6.545024E-02
      4470 -2.557615E-02  5.945782E-02 -4.583396E-03
      4471 -8.774457E-04  1.379025E-01 -4.242195E-02
      4472  2.232335E-02  1.348710E-01 -1.075430E-01
      4473  5.277918E-02  1.770151E-01 -1.366588E-01
      4474  5.129140E-02  1.910586E-01 -1.755968E-01
      4475  6.850150E-02  2.039954E-01 -1.901309E-01
      4476  8.623068E-02  2.140613E-01 -2.038263E-01
      4477  9.920443E-02  2.212267E-01 -2.045865E-01
      4478  1.099874E-01  2.299797E-01 -2.139770E-01
      4479  1.186508E-01  2.453026E-01 -2.317266E-01
      4480  1.263518E-01  2.691750E-01 -2.609248E-01
      4481  1.326047E-01  3.026472E-01 -3.012923E-01
      4482  1.410852E-01  3.468369E-01 -3.554588E-01
      4483  1.544818E-01  3.986929E-01 -4.199614E-01
      4484  1.762993E-01  4.481876E-01 -4.793419E-01
      4485  2.238560E-01  4.833971E-01 -5.351510E-01
      4486  2.937655E-01  4.826636E-01 -5.261740E-01
      4487  3.537939E-01  4.199783E-01 -4.267668E-01
      4488  4.299844E-01  2.592641E-01 -2.409439E-01
      4489  5.385188E-01 -2.214986E-02  1.097744E-01
      4490  6.543524E-01 -4.567984E-01  6.537563E-01
      4491  7.569971E-01 -1.060368E+00  1.408173E+00
      4492  8.119174E-01 -1.796554E+00  2.332448E+00
      4493  7.531225E-01 -2.544369E+00  3.264236E+00
      4494  4.810973E-01 -2.995331E+00  3.733907E+00
      4495 -1.451766E-01 -2.510427E+00  2.844226E+00
      4496 -6.957524E-01  1.259543E-01 -3.398733E-01
      5210 -2.544752E+00  1.112811E+00 -2.666158E+00
      5211 -5.357701E+00  1.204181E-01 -4.515027E+00
      5212 -9.519896E+00 -1.578539E-01 -6.666939E+00
      5213 -1.881790E+01  1.170706E-01 -8.174571E+00
      5214 -5.140661E-02  1.248055E+00  6.677900E-02
      5215 -4.760835E+00  4.153403E+00 -1.136371E+01
      5216 -1.027596E+01  5.594584E+00 -2.495077E+01
      5217 -2.090561E+01  6.303771E+00 -4.220120E+01
      5218 -3.286105E+01  5.922080E+00 -6.712514E+01
      5367  1.072714E+00 -5.535408E-01  1.685714E+00
      5368  4.225522E+00 -2.688027E+01 -1.119152E+02
      5369 -3.469475E+00  1.686416E+00  1.982816E+00
      5370 -8.604556E-01  7.372834E-01  6.288260E-01
      5371  2.464059E+00  6.003236E-01 -1.027560E+00
      5372  1.152621E+01  4.630397E-01 -3.945227E+00
      5373 -3.594433E+00 -1.137245E+00  9.273542E+00
      5374 -2.142834E+00  3.345760E+00  4.572400E+00
      5375  3.632874E+00  5.306270E+00 -7.797151E+00
      5376  1.379753E+01  6.775529E+00 -2.629139E+01
      5377  2.576969E+01  7.949753E+00 -5.515172E+01
      6109  3.572388E+00  1.534288E+00  2.020133E+00
      6110  1.241681E+00  6.803133E-01  8.546990E-01
      6111 -1.794469E+00  5.484981E-01 -6.817848E-01
      6112 -1.018725E+01  4.646351E-01 -3.304067E+00
      6113  3.491659E+00 -1.184312E+00  8.994290E+00
      6114  2.379958E+00  3.013318E+00  5.084174E+00
      6115 -2.919533E+00  4.851856E+00 -6.152803E+00
      6116 -1.212202E+01  6.240355E+00 -2.309404E+01
      6117 -2.332545E+01  7.395294E+00 -4.985899E+01
      6275 -1.111146E+00 -5.133681E-01  1.552302E+00
      6276 -4.353282E+00 -2.467438E+01 -1.027170E+02
      6277  2.599143E+00  1.011366E+00 -2.721516E+00
      6278  5.231110E+00  9.977911E-02 -4.487476E+00
      6279  9.116735E+00 -1.571965E-01 -6.490286E+00
      6280  1.775903E+01  8.566637E-02 -7.737752E+00
      6281  2.350282E-01  1.284467E+00 -4.142131E-01
      6282  4.727370E+00  3.871400E+00 -1.131322E+01
      6283  9.827162E+00  5.163138E+00 -2.391206E+01
      6284  1.970886E+01  5.777748E+00 -3.976574E+01
      6285  3.050519E+01  5.342041E+00 -6.237207E+01
      6912 -7.927242E-01  5.189017E+00  6.788437E+00
      6917  7.849680E-01  4.657715E+00  6.114588E+00
      6919 -5.031864E-01  1.131950E+00  2.879570E+00
      6920 -4.953945E-01 -6.881510E-02 -1.320045E-01
      6921 -5.423963E-02 -9.034216E-02 -3.370560E-01
      6922  7.538286E-02  1.614921E-01  9.219064E-02
      6923  5.351628E-02  4.323055E-01  6.119882E-01
      6924 -8.907726E-04  6.516218E-01  1.006908E+00
      6925 -3.129863E-02  7.817085E-01  1.280933E+00
      6926 -8.568870E-02  8.317431E-01  1.385089E+00
      6927 -9.440113E-02  8.139678E-01  1.384903E+00
      6928 -9.383920E-02  7.899731E-01  1.336867E+00
      6929 -8.984209E-02  7.372069E-01  1.258277E+00
      6930 -8.292710E-02  6.797020E-01  1.159431E+00
      6931 -7.300933E-02  6.239240E-01  1.059454E+00
      6932 -6.124095E-02  5.700518E-01  9.663817E-01
      6933 -5.652249E-02  5.225806E-01  8.780721E-01
      6934 -4.692326E-02  4.862381E-01  8.132500E-01
      6935 -4.023467E-02  4.592824E-01  7.635979E-01
      6936 -3.446869E-02  4.403550E-01  7.296178E-01
      6937 -2.894717E-02  4.261760E-01  7.100773E-01
      6938 -2.407299E-02  4.231997E-01  7.017079E-01
      6939 -2.075782E-02  4.241325E-01  7.015004E-01
      6940 -1.833583E-02  4.206351E-01  7.035889E-01
      6941 -1.568434E-02  4.195291E-01  7.036954E-01
      6942 -1.348111E-02  4.165714E-01  7.003277E-01
      6943 -1.169092E-02  4.105715E-01  6.908911E-01
      6944 -9.735712E-03  4.022264E-01  6.763999E-01
      6945 -7.953373E-03  3.931854E-01  6.600269E-01
      6946 -6.139965E-03  3.819393E-01  6.392542E-01
      6947 -5.221784E-03  3.623779E-01  6.093024E-01
      6948 -2.448724E-02  3.390160E-01  6.790575E-01
      6949  1.368653E-02  3.298712E-01  6.683730E-01
      6950 -7.783273E-04  3.490149E-01  5.883787E-01
      6951 -6.437143E-04  3.633005E-01  6.028538E-01
      6952 -5.577289E-04  3.660009E-01  6.141475E-01
      6953  3.111481E-03  3.743532E-01  6.277775E-01
      6954  2.983360E-03  3.874950E-01  6.440243E-01
      6955  4.759080E-03  3.778803E-01  6.384264E-01
      6956  1.204650E-02  3.810224E-01  6.318525E-01
      6957  1.438797E-02  3.800279E-01  6.336242E-01
      6958  1.847595E-02  3.837665E-01  6.376589E-01
      6959  2.328308E-02  3.888908E-01  6.427055E-01
      6960  2.840821E-02  3.955194E-01  6.529071E-01
      6961  3.388267E-02  4.057454E-01  6.693601E-01
      6962  3.978905E-02  4.210218E-01  6.953261E-01
      6963  4.621222E-02  4.427014E-01  7.329732E-01
      6964  5.357523E-02  4.708464E-01  7.830767E-01
      6965  6.193537E-02  5.077501E-01  8.495787E-01
      6966  7.013635E-02  5.526260E-01  9.294636E-01
      6967  7.822753E-02  6.029699E-01  1.019394E+00
      6968  8.550908E-02  6.526478E-01  1.111850E+00
      6969  8.890238E-02  7.035067E-01  1.191556E+00
      6970  8.488894E-02  7.390209E-01  1.239623E+00
      6971  7.138155E-02  7.387535E-01  1.231967E+00
      6972  4.420006E-02  6.963130E-01  1.136106E+00
      6973  1.450377E-03  5.887330E-01  9.186134E-01
      6974 -4.783193E-02  4.027232E-01  5.575121E-01
      6975 -6.627709E-02  1.532249E-01  8.586742E-02
      6976  4.720925E-02 -7.753734E-02 -3.045838E-01
      6977  4.456685E-01 -7.065849E-02 -1.427369E-01
      6978  4.645825E-01  1.003841E+00  2.563664E+00
      6979 -1.984239E+00  5.077436E+00  9.347501E+00
      6980 -1.512564E+00  2.135777E+00  3.818011E+00
      6981 -1.930118E+00  1.893162E+00  3.358189E+00
      6982 -1.763048E+00  1.693515E+00  3.142821E+00
      6983 -1.765597E+00  1.778352E+00  3.600764E+00
      6984 -1.743594E+00  1.833160E+00  4.013878E+00
      6985 -1.632249E+00  1.793389E+00  4.210124E+00
      6986 -1.502824E+00  1.721488E+00  4.231358E+00
      6987 -1.317646E+00  1.559134E+00  3.994294E+00
      6988 -1.116161E+00  1.409267E+00  3.723828E+00
      6989 -9.397203E-01  1.269068E+00  3.441528E+00
      6990 -7.946059E-01  1.151197E+00  3.173976E+00
      6991 -6.743270E-01  1.051570E+00  2.928221E+00
      6992 -5.852591E-01  9.713533E-01  2.717437E+00
      6993 -5.220393E-01  9.134758E-01  2.542697E+00
      6994 -4.681986E-01  8.591502E-01  2.391176E+00
      6995 -4.347458E-01  8.278014E-01  2.290174E+00
      6996 -4.089073E-01  8.045292E-01  2.213541E+00
      6997 -3.838732E-01  7.874624E-01  2.159621E+00
      6998 -3.551177E-01  7.796973E-01  2.129936E+00
      6999 -3.209017E-01  7.755205E-01  2.115342E+00
      7000 -2.816719E-01  7.739549E-01  2.111004E+00
      7001 -2.374217E-01  7.782337E-01  2.116799E+00
      7002 -1.897348E-01  7.847246E-01  2.125724E+00
      7003 -1.431588E-01  7.929936E-01  2.135274E+00
      7004 -9.988717E-02  8.025215E-01  2.143203E+00
      7005 -6.321345E-02  8.137130E-01  2.152445E+00
      7006 -4.304106E-02  8.218274E-01  2.154376E+00
      7007 -3.510755E-02  8.249545E-01  2.141433E+00
      7008 -1.422873E-02  8.264464E-01  2.132734E+00
      7009 -2.432634E-02  8.319469E-01  2.067203E+00
      7010 -3.557834E-02  8.156685E-01  2.095318E+00
      7011 -1.551232E-02  8.014811E-01  2.072836E+00
      7012 -6.302120E-03  7.869893E-01  2.056760E+00
      7013  1.839853E-02  7.700475E-01  2.035706E+00
      7014  5.570158E-02  7.535449E-01  2.021670E+00
      7015  8.321784E-02  7.304320E-01  1.983220E+00
      7016  1.371317E-01  7.033335E-01  1.922966E+00
      7017  1.972106E-01  6.917995E-01  1.893411E+00
      7018  2.569292E-01  6.796323E-01  1.876746E+00
      7019  3.118870E-01  6.773795E-01  1.877679E+00
      7020  3.651500E-01  6.804819E-01  1.891558E+00
      7021  4.153103E-01  6.915294E-01  1.923543E+00
      7022  4.629096E-01  7.104664E-01  1.975838E+00
      7023  5.086655E-01  7.386081E-01  2.052765E+00
      7024  5.540442E-01  7.768239E-01  2.156566E+00
      7025  6.057947E-01  8.267407E-01  2.291666E+00
      7026  6.663030E-01  8.920220E-01  2.463050E+00
      7027  7.427417E-01  9.722188E-01  2.668478E+00
      7028  8.408745E-01  1.070282E+00  2.905799E+00
      7029  9.628727E-01  1.186893E+00  3.166946E+00
      7030  1.110099E+00  1.314652E+00  3.428302E+00
      7031  1.275803E+00  1.446176E+00  3.660704E+00
      7032  1.442371E+00  1.570296E+00  3.824016E+00
      7033  1.585580E+00  1.661099E+00  3.853384E+00
      7034  1.675612E+00  1.689010E+00  3.685598E+00
      7035  1.700822E+00  1.637406E+00  3.307042E+00
      7036  1.703532E+00  1.560927E+00  2.892077E+00
      7037  1.841092E+00  1.725621E+00  3.057498E+00
      7038  1.411053E+00  1.920000E+00  3.424288E+00
      7039  1.826038E+00  4.550541E+00  8.375804E+00
      7413  8.568173E-01  2.283933E+00 -3.405309E+00
      7442  4.542388E-03  1.253670E+01  2.804611E+01
      7460 -5.927261E-01  6.780157E-02 -4.005584E-01
      7461 -6.927567E-01  8.751627E-02  2.006323E-01
      7462 -3.053037E+00  3.294828E+00  7.215185E+00
      7463 -1.832065E+00  3.883422E+00  4.130240E+00
      7464 -1.923796E+00  3.522990E+00  4.332456E+00
      7465  4.167800E+00 -8.522596E-02  2.816964E+00
      7466  2.989212E+00 -1.181700E-01  1.683865E+00
      7467  1.994728E+00  2.705106E-03  1.437436E+00
      7468  8.824779E+00  3.327130E+00  2.026605E+01
      7469  5.200188E+00  3.561503E+00  1.241571E+01
      7470  3.349483E+00  3.507376E+00  8.646708E+00
      7471  2.023397E+00  1.894498E+00  4.449629E+00
      7511 -7.442267E-01  1.992259E+00 -2.925113E+00
      7540 -3.341071E-02  1.107398E+01  2.472379E+01
      7558 -3.688720E+00 -8.122529E-02  2.508645E+00
      7559 -2.635624E+00 -1.106699E-01  1.472600E+00
      7560 -1.748428E+00  1.626631E-03  1.241892E+00
      7561 -7.820973E+00  2.949148E+00  1.793642E+01
      7562 -4.576325E+00  3.170730E+00  1.094223E+01
      7563 -2.930477E+00  3.125738E+00  7.591404E+00
      7564 -1.767968E+00  1.682876E+00  3.894712E+00
      7565  4.836426E-01  6.706579E-02 -3.973288E-01
      7566  5.998033E-01  8.158848E-02  1.579272E-01
      7567  2.606539E+00  2.953790E+00  6.169231E+00
      7568  1.579712E+00  3.498914E+00  3.550869E+00
      7569  1.718253E+00  3.176548E+00  3.858840E+00
     50800 -1.477483E-03  1.838175E-01 -6.007107E-02
     50801 -2.393894E-04  1.326902E-01 -3.178392E-02
     50802 -9.937664E-03  1.182615E-01 -3.146911E-02
     50803 -3.735905E-04  1.119263E-01 -3.125451E-02
     50804  8.445110E-04  1.014711E-01 -3.008215E-02
     50805  9.047664E-05  1.386324E-01 -4.558883E-02
     50806 -5.721566E-03  5.363611E-02  1.676118E-02
     50807  8.010210E-04  1.011403E-01 -2.960201E-02
     50808 -5.176118E-03  1.082814E-01 -3.584319E-02
     50809 -1.855471E-04  1.094205E-01 -3.140212E-02
     50810  1.706487E-04  1.068711E-01 -3.111560E-02
     50811  1.629377E-03  1.096252E-01 -3.575426E-02
     50812  8.245435E-04  2.364307E-01 -1.145891E-01
     50813  9.963006E-05  1.159325E-01 -3.158499E-02
     50814  1.241054E-03  9.677565E-02 -2.594661E-02
     50815 -1.884927E-02  1.495177E-01 -3.452189E-02
     50816 -2.659828E-02  2.220515E-01 -1.394052E-01
     50817 -3.618004E-02  2.282629E-01 -1.419542E-01
     50818 -1.278602E-02  2.557390E-01 -1.389539E-01
     50819  5.035521E-03  2.564336E-01 -1.011522E-01
     50820  1.657589E-03  1.747781E-01 -4.314782E-02
     50821 -8.463492E-04  1.664586E-01 -4.781209E-02
     50822  2.980298E-03  9.986943E-02 -3.026599E-02
     50823  7.445681E-04  1.030828E-01 -3.189225E-02
     50824  5.850690E-04  1.040496E-01 -3.315647E-02
     50825 -6.219668E-04  1.227295E-01 -3.013432E-02
     50826  9.434793E-04  1.028281E-01 -2.997222E-02
     50827  2.070679E-03  2.191506E-01 -8.496447E-02
     50828  2.150259E-03  1.915995E-01 -6.085654E-02
     50829  3.223133E-04  1.433179E-01 -3.462378E-02
     50830  7.836093E-04  1.028690E-01 -3.105123E-02
     50831  1.204431E+00  1.655292E-01  1.254256E+00
     50832  7.219363E-01  1.319603E+00  1.954619E+00
     50833  4.994800E-01  1.068869E+00  2.875583E+00
     50834  1.147030E+00  4.135975E-01  2.008725E+00
     50835  1.953206E-02 -1.229389E-01  1.021611E-01
     50836 -1.565291E-02 -2.962307E-02 -4.223369E-02
     50837 -4.395835E-02 -5.972921E-02  6.620635E-02
     50838 -2.234167E-03 -1.001250E-01 -1.997518E-03
     50839  9.819039E-02  6.853551E-01  3.834436E+00
     50840 -2.909306E-01  2.951532E-01  4.199750E+00
     50841  6.991328E-01  7.094551E-01  3.386283E+00
     50842  2.071608E-01  1.002299E-01  4.255769E+00
     50843 -9.007083E-01  2.574132E-01  4.497265E+00
     50844 -1.091278E+00  1.513686E-01  4.277872E+00
     50845 -4.025449E-01  1.117198E-01  4.483317E+00
     50846 -1.373104E-01  5.298926E-01  4.392425E+00
     50847 -9.659726E-01  3.156953E-01  5.022498E+00
     50848 -1.418592E+00  1.072349E-01  3.857906E+00
     50849 -1.453538E+00  9.064780E-02  3.460941E+00
     50850 -1.324397E+00 -2.697563E-02  4.274653E+00
     50851 -1.259346E+00  2.649318E-01  4.768893E+00
     50852 -1.468534E+00  4.783082E-01  4.189419E+00
     50853 -1.570242E+00  4.347860E-02  2.827219E+00
     50854 -1.522373E+00  4.206941E-02  2.412514E+00
     50855 -1.667099E+00 -1.354853E-01  3.305688E+00
     50856 -1.614765E+00  3.648628E-01  2.924695E+00
     50857 -1.779684E+00  1.263509E-01  3.892279E+00
     50858 -1.508346E+00 -2.020478E-02  1.774848E+00
     50859 -1.429249E+00 -3.079725E-02  1.363631E+00
     50860 -1.683897E+00 -2.426156E-01  2.164777E+00
     50861 -1.854436E+00  7.452688E-03  2.610108E+00
     50862 -1.540683E+00  2.772545E-01  1.670164E+00
     50863 -1.346813E+00 -7.091043E-02  9.205481E-01
     50864 -1.255533E+00 -7.431612E-02  5.911834E-01
     50865 -1.466997E+00 -3.385362E-01  1.127782E+00
     50866 -1.782840E+00  6.212710E-02  1.301787E+00
     50867 -1.417086E+00  2.156101E-02  6.726868E-01
     50868 -1.117698E+00 -1.132527E-01  1.883412E-01
     50869 -1.055895E+00 -1.218150E-01 -2.860810E-02
     50870 -1.294086E+00 -3.898046E-01  3.120184E-01
     50871 -1.124992E+00  2.262434E-02 -1.906453E-01
     50872 -1.471411E+00 -1.138885E-01  3.606969E-01
     50873 -9.264347E-01 -1.486148E-01 -2.549486E-01
     50874 -8.521427E-01 -1.601928E-01 -3.969054E-01
     50875 -1.017519E+00 -4.353469E-01 -2.705915E-01
     50876 -1.275511E+00 -8.280740E-02 -3.974844E-01
     50877 -9.591407E-01 -1.141516E-01 -6.800332E-01
     50878 -7.286352E-01 -1.857174E-01 -5.859009E-01
     50879 -6.858646E-01 -2.014965E-01 -6.694843E-01
     50880 -8.438738E-01 -4.667710E-01 -6.551839E-01
     50881 -7.057603E-01 -6.512996E-02 -1.039241E+00
     50882 -9.690905E-01 -1.790789E-01 -8.267938E-01
     50883 -5.785094E-01 -1.869996E-01 -7.080588E-01
     50884 -5.387748E-01 -1.958130E-01 -7.398818E-01
     50885 -6.136750E-01 -4.832013E-01 -8.624138E-01
     50886 -8.139389E-01 -1.022958E-01 -1.125217E+00
     50887 -5.838653E-01 -1.740718E-01 -1.159212E+00
     50888 -4.503567E-01 -1.938791E-01 -7.868007E-01
     50889 -4.298694E-01 -2.006951E-01 -7.538459E-01
     50890 -5.119463E-01 -4.628489E-01 -9.354396E-01
     50891 -5.959114E-01 -1.830114E-01 -1.200927E+00
     50892 -4.127967E-01 -9.548484E-02 -1.230799E+00
     50893 -3.588096E-01 -1.929152E-01 -7.618996E-01
     50894 -3.490509E-01 -1.984309E-01 -7.095626E-01
     50895 -4.024478E-01 -4.557306E-01 -9.250885E-01
     50896 -3.178686E-01 -9.619263E-02 -1.174827E+00
     50897 -4.798483E-01 -1.770684E-01 -1.179902E+00
     50898 -2.954136E-01 -1.857892E-01 -6.895447E-01
     50899 -2.964320E-01 -1.925738E-01 -6.342784E-01
     50900 -3.235246E-01 -4.354941E-01 -8.549975E-01
     50901 -3.882370E-01 -1.635111E-01 -1.107468E+00
     50902 -2.524608E-01 -9.178752E-02 -1.066805E+00
     50903 -2.520324E-01 -1.796119E-01 -6.035730E-01
     50904 -2.562307E-01 -1.805498E-01 -5.294171E-01
     50905 -2.740463E-01 -4.186461E-01 -7.581714E-01
     50906 -2.118658E-01 -9.830105E-02 -9.510557E-01
     50907 -3.295269E-01 -1.445050E-01 -9.967160E-01
     50908 -2.338598E-01 -1.739911E-01 -5.049091E-01
     50909 -2.405773E-01 -1.753691E-01 -4.447162E-01
     50910 -2.504591E-01 -3.904097E-01 -6.404684E-01
     50911 -2.866348E-01 -1.287972E-01 -8.685673E-01
     50912 -1.918518E-01 -7.404643E-02 -8.196007E-01
     50913 -2.221480E-01 -1.624695E-01 -4.187837E-01
     50914 -2.312381E-01 -1.676080E-01 -3.671474E-01
     50915 -2.330687E-01 -3.749301E-01 -5.458897E-01
     50916 -1.814553E-01 -6.648658E-02 -7.117118E-01
     50917 -2.717042E-01 -1.240210E-01 -7.451603E-01
     50918 -2.188838E-01 -1.554907E-01 -3.519775E-01
     50919 -2.276749E-01 -1.604760E-01 -3.098016E-01
     50920 -2.301356E-01 -3.619332E-01 -4.655420E-01
     50921 -2.667334E-01 -1.187515E-01 -6.438010E-01
     50922 -1.808024E-01 -5.816899E-02 -6.262294E-01
     50923 -2.175174E-01 -1.500660E-01 -3.065670E-01
     50924 -2.248968E-01 -1.547674E-01 -2.746611E-01
     50925 -2.305369E-01 -3.490015E-01 -4.069558E-01
     50926 -2.658875E-01 -1.134365E-01 -5.668584E-01
     50927 -1.816228E-01 -5.071250E-02 -5.684924E-01
     50928 -2.132369E-01 -1.447258E-01 -2.792537E-01
     50929 -2.197196E-01 -1.543914E-01 -2.811467E-01
     50930 -2.290299E-01 -3.414856E-01 -3.729471E-01
     50931 -2.652348E-01 -1.118743E-01 -5.174882E-01
     50932 -1.794261E-01 -5.352812E-02 -5.242672E-01
     50933 -2.037535E-01 -1.423361E-01 -2.545709E-01
     50934 -2.068540E-01 -1.500770E-01 -2.796103E-01
     50935 -1.990095E-01 -3.366988E-01 -3.570481E-01
     50936 -2.858064E-01 -5.450465E-02 -5.306212E-01
     50937 -1.966854E-01 -1.071541E-01 -4.799788E-01
     50938 -1.868208E-01 -1.423904E-01 -2.585265E-01
     50939 -1.837912E-01 -1.449629E-01 -2.594875E-01
     50940 -1.854214E-01 -3.248900E-01 -3.535580E-01
     50941 -1.785420E-01 -1.009101E-01 -4.944342E-01
     50942 -2.697234E-01 -4.511812E-02 -5.359008E-01
     50943 -1.600971E-01 -1.394016E-01 -2.774668E-01
     50944 -1.551207E-01 -1.435135E-01 -2.566176E-01
     50945 -1.858103E-01 -3.207477E-01 -3.568864E-01
     50946 -2.194688E-01 -1.025975E-01 -5.005156E-01
     50947 -1.242115E-01 -4.345744E-02 -5.287827E-01
     50948 -1.291663E-01 -1.377705E-01 -2.714574E-01
     50949 -1.223100E-01 -1.413558E-01 -2.452593E-01
     50950 -1.550256E-01 -3.252121E-01 -3.549680E-01
     50951 -8.981058E-02 -4.326176E-02 -5.212831E-01
     50952 -1.946921E-01 -1.060403E-01 -4.875448E-01
     50953 -9.566592E-02 -1.351004E-01 -2.524519E-01
     50954 -8.765326E-02 -1.394368E-01 -2.202891E-01
     50955 -1.199589E-01 -3.227263E-01 -3.386019E-01
     50956 -5.234826E-02 -4.407891E-02 -4.994684E-01
     50957 -1.583086E-01 -1.042273E-01 -4.744190E-01
     50958 -6.261833E-02 -1.329012E-01 -2.194658E-01
     50959 -5.485433E-02 -1.376283E-01 -1.811495E-01
     50960 -8.437371E-02 -3.208190E-01 -3.074576E-01
     50961 -1.202961E-01 -1.012326E-01 -4.466577E-01
     50962 -1.473029E-02 -4.226249E-02 -4.613637E-01
     50963 -3.338337E-02 -1.301919E-01 -1.728335E-01
     50964 -2.740888E-02 -1.345734E-01 -1.291228E-01
     50965 -5.160749E-02 -3.185055E-01 -2.611383E-01
     50966  1.886712E-02 -3.917452E-02 -4.064092E-01
     50967 -8.445483E-02 -9.836282E-02 -4.014616E-01
     50968 -1.174122E-02 -1.282336E-01 -1.156812E-01
     50969 -1.178661E-02 -1.337754E-01 -7.581618E-02
     50970 -2.589229E-02 -3.157881E-01 -2.027806E-01
     50971 -5.454172E-02 -9.418206E-02 -3.404509E-01
     50972  4.504038E-02 -3.399135E-02 -3.395664E-01
     50973  2.553230E-03 -1.309076E-01 -6.573795E-02
     50974  6.879205E-04 -1.284164E-01 -1.137158E-02
     50975 -1.195322E-02 -3.184581E-01 -1.446908E-01
     50976  5.952798E-02 -3.607284E-02 -2.799821E-01
     50977 -3.801880E-02 -8.967252E-02 -2.747730E-01
     50978  6.362586E-03 -1.449179E-01 -1.467879E-02
     50979 -2.214917E-03 -1.421887E-01  2.503187E-02
     50980 -1.457416E-02 -3.179787E-01 -8.427717E-02
     50981  8.160140E-02 -4.153239E-03 -2.241171E-01
     50982 -2.447449E-02 -8.124337E-02 -2.059960E-01
     50983  1.070703E-01 -2.884056E-01 -5.579582E-03
     50984 -5.700252E-02 -2.790451E-02 -1.787624E-01
     52843  2.172539E-02  1.472133E-01 -3.460014E-02
     52844  1.038221E-02  1.535791E-01 -1.131337E-01
     52845  6.005338E-03  1.636305E-01 -1.053855E-01
     52846  5.451985E-03  1.030122E-01 -2.925697E-02
     52847  4.965957E-03  9.835783E-02 -2.842965E-02
     52848  2.931180E-03  1.649519E-01 -5.447673E-02
     52849 -3.407685E-04  1.256069E-01 -4.338066E-02
     52850  6.104100E-03  1.107282E-01 -3.020130E-02
     52851  1.600367E-03  1.725995E-01 -6.542622E-02
     52852  3.885592E-03  1.206671E-01 -3.933810E-02
     52853  5.379460E-03  1.525880E-01 -5.082428E-02
     52854 -1.364533E-02  4.855851E-02 -7.936515E-03
     52855  4.309973E-03  1.336064E-01 -4.464573E-02
     52856  8.477709E-03  1.328012E-01 -3.560263E-02
     52857  4.444430E-03  1.410862E-01 -5.186641E-02
     52858  5.962887E-03  1.068449E-01 -2.979980E-02
     52859  6.252229E-03  1.144099E-01 -3.049688E-02
     52860  5.071343E-03  1.194531E-01 -2.754840E-02
     52861  3.821684E-03  8.803596E-02 -2.552742E-02
     52862  1.289059E-03  1.746006E-01 -9.271487E-02
     52863  4.084419E-03  1.095683E-01 -3.122196E-02
     52864 -2.528906E-03  1.053996E-01 -3.513375E-02
     52865  4.976749E-03  1.579985E-01 -4.674274E-02
     52866  3.847625E-03  9.083593E-02 -2.596497E-02
     52867  4.733562E-03  9.535340E-02 -2.758119E-02
     52868  6.580979E-03  1.217789E-01 -3.173298E-02
     52869  9.252626E-03  1.556504E-01 -4.745039E-02
     52870  5.232531E-03  1.009116E-01 -2.896425E-02
     52871  3.662449E-03  9.056021E-02 -2.675358E-02
     52872  3.382702E-02  1.833379E-01 -1.201973E-01
     52873  7.462996E-04  1.780945E-01 -7.888302E-02
     52874 -3.068381E-03 -4.739511E-02 -3.696891E-02
     52875 -3.254099E-02 -1.242037E-01  1.055300E-01
     52876 -9.598746E-03 -1.577814E-01  3.027692E-02
     52877 -2.938557E-02 -3.345555E-02 -3.824251E-02
     52878 -5.794305E-01  1.183051E+00  1.866081E+00
     52879 -1.009783E+00  1.550562E-01  1.292723E+00
     52880 -3.796976E-01  9.696575E-01  2.688517E+00
     52881 -9.460970E-01  3.957392E-01  1.956213E+00
     52882 -1.206296E-02 -1.493332E-01  1.903426E-02
     52883 -2.511786E-02 -1.431219E-01  9.600601E-05
     52884 -2.433502E-02 -2.857957E-01 -4.944368E-02
     52885  4.646676E-02 -1.062855E-02 -1.655336E-01
     52886 -2.400718E-02 -1.281516E-01  1.210400E-02
     52887 -1.938316E-02 -1.268420E-01 -8.582099E-03
     52888 -2.233154E-03 -3.127974E-01 -6.030252E-02
     52889 -1.103778E-01  2.064647E-02 -2.025936E-01
     52890  3.782454E-03 -7.044767E-02 -1.926253E-01
     52891 -1.161379E-02 -1.347268E-01 -6.959239E-02
     52892 -1.016511E-02 -1.284856E-01 -5.969312E-02
     52893 -4.059652E-02 -3.052072E-01 -1.098627E-01
     52894  4.547780E-02  1.425022E-02 -2.929963E-01
     52895 -5.387380E-02 -8.878844E-02 -2.084754E-01
     52896  4.352840E-03 -1.347000E-01 -1.219319E-01
     52897  5.295602E-03 -1.263117E-01 -1.199144E-01
     52898 -2.539270E-02 -3.055685E-01 -1.672782E-01
     52899  6.045368E-02  5.696934E-03 -3.449788E-01
     52900 -5.140879E-02 -9.765156E-02 -2.442262E-01
     52901  3.436011E-02 -1.370778E-01 -1.793811E-01
     52902  3.287808E-02 -1.219463E-01 -1.624944E-01
     52903 -3.297874E-03 -3.033370E-01 -2.269393E-01
     52904  9.395814E-02 -1.307244E-02 -4.160109E-01
     52905 -2.916026E-02 -9.729232E-02 -3.058379E-01
     52906  6.101188E-02 -1.362123E-01 -2.160145E-01
     52907  6.376359E-02 -1.335955E-01 -2.323181E-01
     52908  2.710248E-02 -2.992532E-01 -2.706412E-01
     52909 -4.662661E-05 -9.843281E-02 -3.655661E-01
     52910  1.228969E-01 -1.130952E-02 -4.412578E-01
     52911  9.661485E-02 -1.312376E-01 -2.307377E-01
     52912  1.055092E-01 -1.274644E-01 -2.343723E-01
     52913  9.449448E-02 -2.992867E-01 -3.125878E-01
     52914  1.533219E-02 -4.385498E-02 -4.453785E-01
     52915  1.240278E-01 -8.915447E-02 -4.503371E-01
     52916  1.304954E-01 -1.343190E-01 -2.729603E-01
     52917  1.378476E-01 -1.270637E-01 -2.568484E-01
     52918  1.022995E-01 -2.884729E-01 -3.313571E-01
     52919  9.128668E-02 -9.718952E-02 -4.503567E-01
     52920  1.840389E-01 -2.921806E-02 -5.024240E-01
     52921  1.646364E-01 -1.310290E-01 -2.862444E-01
     52922  1.725878E-01 -1.295595E-01 -2.729297E-01
     52923  1.418487E-01 -2.924415E-01 -3.544637E-01
     52924  2.181896E-01 -3.728792E-02 -5.220168E-01
     52925  1.264829E-01 -1.023819E-01 -4.584839E-01
     52926  1.971766E-01 -1.314209E-01 -2.981426E-01
     52927  2.034556E-01 -1.283651E-01 -2.813569E-01
     52928  1.764773E-01 -2.963171E-01 -3.705358E-01
     52929  2.509143E-01 -4.036707E-02 -5.345104E-01
     52930  1.625088E-01 -1.056915E-01 -4.797420E-01
     52931  2.258608E-01 -1.344010E-01 -3.083040E-01
     52932  2.307605E-01 -1.329996E-01 -2.929476E-01
     52933  2.042680E-01 -2.984333E-01 -3.817961E-01
     52934  1.957644E-01 -1.026776E-01 -4.905394E-01
     52935  2.821016E-01 -4.134794E-02 -5.528302E-01
     52936  2.518862E-01 -1.401032E-01 -3.227010E-01
     52937  2.541271E-01 -1.364765E-01 -3.059942E-01
     52938  2.288876E-01 -3.072758E-01 -3.975911E-01
     52939  3.100592E-01 -3.904485E-02 -5.735814E-01
     52940  2.241574E-01 -1.086916E-01 -5.076675E-01
     52941  2.733993E-01 -1.442616E-01 -3.396485E-01
     52942  2.737111E-01 -1.404248E-01 -3.259694E-01
     52943  2.499239E-01 -3.153531E-01 -4.159587E-01
     52944  2.477631E-01 -1.122658E-01 -5.254471E-01
     52945  3.322604E-01 -3.974822E-02 -6.006121E-01
     52946  2.921555E-01 -1.490721E-01 -3.650024E-01
     52947  2.912399E-01 -1.445328E-01 -3.542957E-01
     52948  2.672415E-01 -3.259519E-01 -4.432249E-01
     52949  3.507808E-01 -4.212669E-02 -6.392392E-01
     52950  2.672927E-01 -1.178333E-01 -5.535885E-01
     52951  3.094634E-01 -1.549625E-01 -4.007450E-01
     52952  3.082304E-01 -1.504115E-01 -3.954649E-01
     52953  2.820458E-01 -3.384575E-01 -4.813145E-01
     52954  2.842293E-01 -1.237628E-01 -5.940616E-01
     52955  3.675852E-01 -4.516818E-02 -6.932241E-01
     52956  3.300750E-01 -1.616747E-01 -4.486462E-01
     52957  3.298967E-01 -1.559122E-01 -4.457828E-01
     52958  2.982219E-01 -3.549249E-01 -5.343536E-01
     52959  3.878158E-01 -4.974059E-02 -7.633892E-01
     52960  3.001923E-01 -1.325635E-01 -6.515731E-01
     52961  3.571661E-01 -1.665200E-01 -5.021725E-01
     52962  3.613128E-01 -1.610143E-01 -5.012037E-01
     52963  3.214455E-01 -3.715736E-01 -5.957649E-01
     52964  3.204402E-01 -1.410480E-01 -7.230363E-01
     52965  4.157435E-01 -5.575961E-02 -8.437148E-01
     52966  3.996890E-01 -1.729000E-01 -5.561060E-01
     52967  4.107017E-01 -1.662618E-01 -5.482218E-01
     52968  3.568411E-01 -3.915365E-01 -6.613915E-01
     52969  3.513200E-01 -1.494774E-01 -8.037918E-01
     52970  4.621182E-01 -6.278064E-02 -9.268935E-01
     52971  4.638000E-01 -1.749699E-01 -5.860748E-01
     52972  4.788224E-01 -1.777796E-01 -5.964553E-01
     52973  4.150203E-01 -4.124649E-01 -7.122377E-01
     52974  5.368458E-01 -7.427854E-02 -9.709651E-01
     52975  4.013379E-01 -1.590914E-01 -8.788534E-01
     52976  5.527720E-01 -1.700097E-01 -5.543738E-01
     52977  5.803850E-01 -1.727785E-01 -5.641586E-01
     52978  5.336882E-01 -4.251986E-01 -7.183421E-01
     52979  6.117684E-01 -1.458736E-01 -9.409822E-01
     52980  4.443636E-01 -9.704450E-02 -9.660656E-01
     52981  6.717120E-01 -1.606256E-01 -4.734046E-01
     52982  7.232378E-01 -1.522326E-01 -4.057061E-01
     52983  6.569001E-01 -4.228618E-01 -6.578530E-01
     52984  5.521922E-01 -7.819214E-02 -9.650404E-01
     52985  7.489381E-01 -1.498294E-01 -8.764996E-01
     52986  8.245585E-01 -1.393696E-01 -3.035974E-01
     52987  8.935392E-01 -1.324120E-01 -1.490987E-01
     52988  7.824639E-01 -4.200721E-01 -4.943787E-01
     52989  9.626811E-01 -7.185142E-02 -7.005670E-01
     52990  7.385120E-01 -1.392085E-01 -7.983138E-01
     52991  1.000777E+00 -1.062206E-01  3.966741E-02
     52992  1.085558E+00 -1.003191E-01  2.700466E-01
     52993  9.770412E-01 -4.071781E-01 -1.750337E-01
     52994  1.180038E+00 -5.600238E-02 -2.996159E-01
     52995  9.182287E-01 -1.183344E-01 -5.091858E-01
     52996  1.185274E+00 -6.006042E-02  5.646484E-01
     52997  1.279833E+00 -5.768608E-02  8.806036E-01
     52998  1.192569E+00 -3.639257E-01  3.394659E-01
     52999  1.129981E+00 -7.692138E-02 -3.425559E-02
     53000  1.414181E+00 -2.829539E-02  3.281746E-01
     53001  1.349321E+00 -5.944982E-03  1.285298E+00
     53002  1.438820E+00 -8.266199E-03  1.685566E+00
     53003  1.400708E+00 -2.984114E-01  1.068282E+00
     53004  1.347715E+00 -1.876009E-02  6.766014E-01
     53005  1.631282E+00  1.877950E-02  1.203402E+00
     53006  1.443602E+00  4.882401E-02  2.177951E+00
     53007  1.500228E+00  4.359390E-02  2.635780E+00
     53008  1.550083E+00 -2.121214E-01  1.998491E+00
     53009  1.763237E+00  8.089483E-02  2.298133E+00
     53010  1.531194E+00  5.202747E-02  1.635590E+00
     53011  1.388588E+00  9.371579E-02  3.138883E+00
     53012  1.358760E+00  9.567345E-02  3.562747E+00
     53013  1.549084E+00 -1.160601E-01  3.033677E+00
     53014  1.695577E+00  1.566307E-01  3.466290E+00
     53015  1.612424E+00  1.221980E-01  2.790385E+00
     53016  1.065852E+00  1.420658E-01  3.879517E+00
     53017  8.907652E-01  2.329133E-01  4.119716E+00
     53018  1.245107E+00 -2.629694E-02  3.911596E+00
     53019  1.248147E+00  2.514030E-01  4.301508E+00
     53020  1.473378E+00  1.683740E-01  3.941010E+00
     53021  3.409261E-01  2.776058E-01  3.876450E+00
     53022 -9.677184E-03  6.235091E-01  3.551794E+00
     53023  4.612754E-01  1.133499E-01  4.126700E+00
     53024  9.655807E-01  1.832214E-01  4.632303E+00
     53025  2.129224E-01  4.417345E-01  4.065292E+00
     53026 -5.457933E-01  6.659612E-01  3.155749E+00
     53027 -9.513697E-02  9.442815E-02  3.940217E+00
     57524 -4.227146E-01 -2.568660E+00 -4.983031E-01
     57525  1.650029E+00 -4.583361E+00 -2.944915E+00
     57526 -9.023704E-01 -3.698172E-01  1.714177E-01
     57527  3.031177E-01 -1.143449E+00 -4.642338E-01
     57528 -8.736797E-01 -4.295311E-01 -9.167250E-01
     57529  1.852321E+00  1.726425E+01 -1.090463E+02
     57530  5.416731E+00  1.871323E+01 -9.969453E+01
     57531 -3.977611E+00  1.052568E+01 -8.538348E+01
     57532  1.229092E+00 -9.581498E-01  9.378101E+00
     57533  1.904606E+00  1.124675E+00  1.174996E+00
     57534  3.194880E+00  4.031570E+00  9.898618E-01
     57535 -1.992199E-01 -1.376958E+00  9.533123E+00
     57536  9.046105E+00  1.315528E+01 -7.498129E+01
     57537  8.467554E-01  6.497278E+00 -7.998036E+00
     57538  3.222479E+00  7.904940E+00 -1.550418E+01
     57539  1.636416E+00  5.430194E+00  5.397084E+00
     57540 -1.199112E+00  9.441501E+00 -2.755716E+01
     57541  1.770030E+00  1.053026E+01 -3.684492E+01
     57542  1.082005E+00  8.784095E+00 -1.207173E+01
     57543 -1.949391E+00  1.058297E+01 -5.248475E+01
     57544  4.400722E+00  1.143990E+01 -6.263737E+01
     57545  5.447168E-01  1.155744E+01 -3.565572E+01
     57546  2.246755E+00  1.343043E+01 -6.686902E+01
     57547  1.557040E+00  5.830115E+00 -1.046285E+00
     57548  3.184083E+00  5.523641E+00  7.826589E+00
     57549  3.382439E+00  9.282918E+00 -2.104954E+01
     57550  4.109920E+00  9.164364E+00 -9.741403E+00
     57551 -8.210510E-01  1.043152E+01 -4.809358E+01
     57552  6.735377E+00  1.199007E+01 -3.387132E+01
     62516 -1.458378E+00 -4.158097E+00 -2.705782E+00
     62517  4.843479E-01 -2.396417E+00 -4.831322E-01
     62518 -2.504509E-01 -9.813781E-01 -3.346193E-01
     62519  9.183182E-01 -3.788645E-01 -8.366322E-01
     62520  9.005171E-01 -3.466297E-01  1.406862E-01
     62521 -1.940592E+00  1.150356E+00  6.336891E-01
     62522 -1.326033E+00 -1.005400E+00  9.066669E+00
     62523 -7.508931E-02 -1.626680E+00  9.164036E+00
     62524 -5.354638E+00  1.715490E+01 -9.092122E+01
     62525 -2.101266E+00  1.586271E+01 -1.006954E+02
     62526 -8.560959E+00  1.223417E+01 -6.794603E+01
     62527 -3.133997E+00  3.913651E+00  3.463075E-01
     62528  3.334946E+00  9.409141E+00 -7.928346E+01
     62529 -3.192925E+00  5.072490E+00  8.139657E+00
     62530 -1.823278E+00  5.210628E+00 -1.791422E-01
     62531 -1.671553E+00  5.019776E+00  5.091887E+00
     62532 -4.019002E+00  8.428498E+00 -7.900426E+00
     62533 -3.387780E+00  8.430423E+00 -1.832927E+01
     62534 -1.127057E+00  8.075977E+00 -1.099887E+01
     62535 -6.540600E+00  1.109725E+01 -3.008265E+01
     62536  3.975310E-01  9.600647E+00 -4.321716E+01
     62537 -6.593096E-01  1.061405E+01 -3.266547E+01
     62538 -2.214334E+00  1.231899E+01 -6.143941E+01
     62539 -3.225937E+00  7.330212E+00 -1.506191E+01
     62540 -9.308418E-01  6.034686E+00 -8.177853E+00
     62541 -1.878267E+00  9.717936E+00 -3.473902E+01
     62542  9.788129E-01  8.684770E+00 -2.627058E+01
     62543 -4.443405E+00  1.056424E+01 -5.839411E+01
     62544  1.538543E+00  9.668148E+00 -4.915575E+01
     67035 -8.031372E-02  3.359846E-01 -3.117474E-01
     67036  7.144361E-02  2.953813E-01 -2.816716E-01
     67037 -2.159966E-01  7.497569E-01 -8.237635E-02
     67038  2.339170E-01  8.271595E-01 -1.059679E-01
     67039 -3.828088E-01  4.847592E+00  6.574580E+00
     67040 -1.694921E+00  3.409136E+00  8.177868E+00
     67041 -4.737665E-01  3.552804E+00  6.016477E+00
     67042  4.893246E-02  4.084142E-01  2.118882E+00
     67043 -1.186053E-01  3.049883E-01  2.114962E+00
     67044  4.531520E-02  3.224643E-01  2.099978E+00
     67045 -1.304211E-01  4.142886E-01  2.126894E+00
     67046  1.597929E+00  3.088618E+00  7.367447E+00
     67047  4.523102E-01  4.349899E+00  5.985871E+00
     67048  5.426327E-01  3.199112E+00  5.494622E+00
     67049 -2.456315E+00  3.192865E+00  7.380799E+00
     67050  2.294289E+00  2.894730E+00  6.640870E+00
     67051 -8.867872E-01  1.822019E+00  5.614643E+00
     67052 -1.263308E+00  2.034834E+00  6.165858E+00
     67053 -1.559920E+00  3.227275E+00  5.154244E+00
     67054 -2.317330E+00  7.043243E-01  3.233807E+00
     67055 -2.649774E+00  2.912747E+00  7.510980E+00
     67056 -3.056950E+00  2.928772E+00  6.238552E+00
     67057 -2.266777E+00  1.944467E+00  4.539078E+00
     67058 -3.289305E+00  2.539651E+00  6.798940E+00
     67059 -4.216959E+00  3.219067E+00  7.153107E+00
     67060 -3.611257E+00  2.156612E+00  6.152362E+00
     67061 -4.248811E+00  2.717616E+00  6.366832E+00
     67062 -3.603544E+00  1.693359E+00  5.458131E+00
     67063 -4.126416E+00  2.146794E+00  5.675624E+00
     67064 -3.369031E+00  1.216265E+00  4.736065E+00
     67065 -3.827474E+00  1.553859E+00  4.996257E+00
     67066 -3.018884E+00  8.453042E-01  4.122412E+00
     67067 -3.389964E+00  1.031658E+00  4.359695E+00
     67068 -2.586856E+00  4.949926E-01  3.456215E+00
     67069 -2.953942E+00  6.227632E-01  3.761158E+00
     67070 -2.141347E+00  2.781264E-01  2.959014E+00
     67071 -2.487434E+00  3.375646E-01  3.199141E+00
     67072 -1.771155E+00  1.237610E-01  2.575290E+00
     67073 -2.064075E+00  1.457958E-01  2.786205E+00
     67074 -1.453742E+00  4.563809E-02  2.316639E+00
     67075 -1.710396E+00  3.697450E-02  2.476665E+00
     67076 -1.203446E+00  1.014342E-02  2.136540E+00
     67077 -1.436586E+00 -1.079476E-02  2.262955E+00
     67078 -1.018391E+00  8.111312E-03  2.029694E+00
     67079 -1.228476E+00 -1.664882E-02  2.122587E+00
     67080 -8.875415E-01  2.711454E-02  1.961882E+00
     67081 -1.084555E+00  2.136890E-03  2.036185E+00
     67082 -7.936242E-01  5.255140E-02  1.919599E+00
     67083 -9.888932E-01  3.750611E-02  1.978398E+00
     67084 -7.305346E-01  8.165561E-02  1.907980E+00
     67085 -9.152816E-01  6.426860E-02  1.947847E+00
     67086 -6.901696E-01  1.057439E-01  1.895912E+00
     67087 -8.734469E-01  9.371895E-02  1.931473E+00
     67088 -6.552352E-01  1.206636E-01  1.880703E+00
     67089 -8.387788E-01  1.138826E-01  1.912739E+00
     67090 -6.122788E-01  1.325531E-01  1.868392E+00
     67091 -7.989370E-01  1.266423E-01  1.891857E+00
     67092 -5.612417E-01  1.346794E-01  1.850383E+00
     67093 -7.479020E-01  1.308605E-01  1.871463E+00
     67094 -4.945460E-01  1.344908E-01  1.836110E+00
     67095 -6.814696E-01  1.306949E-01  1.853420E+00
     67096 -4.077845E-01  1.432962E-01  1.840884E+00
     67097 -6.004066E-01  1.350194E-01  1.847453E+00
     67098 -3.132138E-01  1.539585E-01  1.856973E+00
     67099 -5.099656E-01  1.438018E-01  1.856420E+00
     67100 -2.146467E-01  1.728438E-01  1.889177E+00
     67101 -4.152764E-01  1.606496E-01  1.880904E+00
     67102 -1.193487E-01  2.001297E-01  1.935956E+00
     67103 -3.253559E-01  1.861800E-01  1.921377E+00
     67104 -3.571416E-02  2.354403E-01  1.996855E+00
     67105 -2.469849E-01  2.203343E-01  1.975940E+00
     67106  2.199596E-02  2.735513E-01  2.065134E+00
     67107 -1.891739E-01  2.598213E-01  2.042564E+00
     67108  5.641800E-02  3.075082E-01  2.114566E+00
     67109 -1.603668E-01  2.960831E-01  2.101932E+00
     67110  8.097982E-02  3.399983E-01  2.142225E+00
     67111 -1.551468E-01  3.206318E-01  2.139753E+00
     67112  7.074077E-02  3.298951E-01  2.099064E+00
     67113 -1.671125E-01  3.387414E-01  2.116250E+00
     67114  7.298424E-02  2.977501E-01  2.037467E+00
     67115 -1.449046E-01  3.066287E-01  2.068310E+00
     67116  1.065147E-01  2.608673E-01  1.962218E+00
     67117 -1.094679E-01  2.690307E-01  1.997821E+00
     67118  1.572359E-01  2.103729E-01  1.886828E+00
     67119 -4.880790E-02  2.231994E-01  1.918098E+00
     67120  2.159664E-01  1.699325E-01  1.813498E+00
     67121  4.032722E-02  1.869424E-01  1.850629E+00
     67122  3.136202E-01  1.356167E-01  1.717678E+00
     67123  1.194523E-01  1.488040E-01  1.759093E+00
     67124  4.199281E-01  1.110353E-01  1.649529E+00
     67125  2.317845E-01  1.196724E-01  1.670717E+00
     67126  5.301305E-01  9.142913E-02  1.613160E+00
     67127  3.460094E-01  1.042609E-01  1.621450E+00
     67128  6.374658E-01  7.689791E-02  1.599656E+00
     67129  4.618954E-01  8.584735E-02  1.597311E+00
     67130  7.387137E-01  6.729574E-02  1.600994E+00
     67131  5.673543E-01  7.648466E-02  1.588809E+00
     67132  8.346725E-01  6.246259E-02  1.618503E+00
     67133  6.650218E-01  7.015758E-02  1.595281E+00
     67134  9.231872E-01  5.972515E-02  1.650507E+00
     67135  7.539775E-01  6.748020E-02  1.616228E+00
     67136  1.005085E+00  5.739974E-02  1.696582E+00
     67137  8.351321E-01  6.549599E-02  1.651194E+00
     67138  1.083934E+00  5.508846E-02  1.756898E+00
     67139  9.117403E-01  6.334325E-02  1.699672E+00
     67140  1.167457E+00  5.001654E-02  1.829223E+00
     67141  9.877857E-01  6.008132E-02  1.760500E+00
     67142  1.265932E+00  4.799471E-02  1.922492E+00
     67143  1.077290E+00  5.757420E-02  1.837447E+00
     67144  1.391934E+00  5.129925E-02  2.040938E+00
     67145  1.189186E+00  6.103597E-02  1.938267E+00
     67146  1.562674E+00  7.173465E-02  2.198175E+00
     67147  1.339839E+00  7.605319E-02  2.072110E+00
     67148  1.790542E+00  1.284525E-01  2.408567E+00
     67149  1.541746E+00  1.187266E-01  2.259045E+00
     67150  2.081926E+00  2.225642E-01  2.682154E+00
     67151  1.804277E+00  1.947212E-01  2.500288E+00
     67152  2.441030E+00  3.854595E-01  3.040035E+00
     67153  2.127627E+00  3.237189E-01  2.823753E+00
     67154  2.852994E+00  6.480156E-01  3.492396E+00
     67155  2.499011E+00  5.256403E-01  3.257456E+00
     67156  3.276908E+00  1.005169E+00  4.023822E+00
     67157  2.887957E+00  8.042585E-01  3.781559E+00
     67158  3.660203E+00  1.460731E+00  4.609796E+00
     67159  3.235836E+00  1.160807E+00  4.383336E+00
     67160  3.939157E+00  1.982651E+00  5.215634E+00
     67161  3.463152E+00  1.571727E+00  5.021555E+00
     67162  4.066946E+00  2.501997E+00  5.835890E+00
     67163  3.479205E+00  1.982944E+00  5.646598E+00
     67164  4.032070E+00  2.952151E+00  6.550104E+00
     67165  3.195030E+00  2.329475E+00  6.239656E+00
     67166  2.604107E+00  2.663548E+00  6.874232E+00
     67167  2.925831E+00  2.672739E+00  5.693542E+00
     67168  1.267550E+00  1.835562E+00  5.614491E+00
     67169  9.253270E-01  1.656550E+00  5.144076E+00
     67170  2.147261E+00  1.765896E+00  4.100327E+00
     67171  1.518431E+00  2.913957E+00  4.667686E+00
     67172  2.175431E+00  6.534776E-01  2.921769E+00
     68037  3.344305E-02  3.974940E-02 -1.423025E-01
     68038  7.103964E-03  3.200999E-01 -1.676377E-02
     68039  5.182047E-01  9.476514E-01 -8.196446E-01
     68040  2.255532E-01  2.655895E-01 -2.021030E-01
     68041  9.924289E-02 -1.069133E-01 -1.033148E-01
     68042  4.308384E-01  2.022791E+00  2.454058E+00
     68043  1.207122E+00  1.108195E+00  6.609261E-01
     68044 -4.545996E-01  4.575528E+00  5.630953E+00
     68045 -1.531031E-01  3.612786E+00  4.788746E+00
     68046  3.507709E-01  3.159327E+00  4.786712E+00
     68047  1.064463E+00  1.650284E+00  2.135773E+00
     68048 -1.648245E+00  7.307782E+00  7.837585E+00
     68049 -8.322808E-01  6.118352E+00  6.010284E+00
     68050 -1.013659E+00  5.801509E+00  7.641948E+00
     68051  3.827809E-01  3.678496E+00  6.358335E+00
     68052  3.525897E-01  6.500046E+00  3.132545E+01
     68053 -1.170990E+00  6.022822E+00  2.170592E+01
     68054 -1.689078E+00  6.756458E+00  1.124276E+01
     68055  1.098977E+00  6.994463E+00  2.202009E+01
     68056 -1.515492E+00  7.405586E+00  8.857203E+00
     68057 -1.488671E+00  7.757633E+00  7.703208E+00
     68058 -1.680266E-01  6.355516E+00  1.142636E+01
     68059 -1.360623E+00  7.725937E+00  9.991011E+00
     68060  2.508066E-01  7.407719E+00  1.597168E+01
     68061 -1.196177E+00  7.124981E+00  1.597877E+01
     68062  1.439775E-01  6.602896E+00  1.203668E+01
     68063 -1.364954E+00  7.157025E+00  1.286392E+01
     68064 -6.042041E-01  4.593798E+00  7.355263E+00
     68537 -2.807480E-02  4.481966E-02 -1.168944E-01
     68538 -1.642454E-02  2.899528E-01 -1.970344E-03
     68539 -4.672219E-01  8.357624E-01 -7.197799E-01
     68540 -2.107706E-01  2.284603E-01 -1.807083E-01
     68541 -1.340727E-01 -1.158558E-01 -5.535138E-02
     68542 -1.032066E+00  9.795795E-01  7.383195E-01
     68543 -3.337248E-01  1.820237E+00  2.291381E+00
     68544  1.786685E-01  3.230799E+00  4.330709E+00
     68545  4.651671E-01  4.077273E+00  5.075133E+00
     68546 -2.770097E-01  2.809536E+00  4.292948E+00
     68547 -9.405890E-01  1.470849E+00  1.969504E+00
     68548  7.830857E-01  5.496732E+00  5.378328E+00
     68549  1.495439E+00  6.581442E+00  6.970864E+00
     68550  9.314848E-01  5.165892E+00  6.783554E+00
     68551 -3.376091E-01  3.277759E+00  5.638276E+00
     68552  1.009487E+00  5.359367E+00  1.896534E+01
     68553 -3.274303E-01  5.757918E+00  2.759712E+01
     68554 -9.615113E-01  6.221678E+00  1.940297E+01
     68555  1.480673E+00  6.054011E+00  9.726986E+00
     68556  1.085817E+00  6.342879E+00  1.405627E+01
     68557 -1.711884E-01  6.599403E+00  1.407254E+01
     68558  1.455230E-01  5.699429E+00  9.984095E+00
     68559  1.260487E+00  6.381819E+00  1.131662E+01
     68560 -1.044371E-01  5.906045E+00  1.063653E+01
     68561  1.207186E+00  6.938574E+00  8.785962E+00
     68562  5.405792E-01  4.097321E+00  6.532617E+00
     68563  1.321618E+00  6.986326E+00  6.735096E+00
     68564  1.333325E+00  6.657162E+00  7.671326E+00

 total force (fx,fy,fz) for set FEET and time  0.6000000E+01

        3.724611E-09  9.192533E+02 -7.713451E+02
