ISO-10303-21;
HEADER;
FILE_DESCRIPTION(('Open CASCADE Model'),'2;
1');
FILE_NAME('Open CASCADE Shape Model','1970-01-01T00:00:00',('Author'),('Open CASCADE'),'Open CASCADE STEP processor 7.9','Open CASCADE 7.9','Unknown');
FILE_SCHEMA(('AUTOMOTIVE_DESIGN { 1 0 10303 214 1 1 1 1 }'));
ENDSEC;
DATA;
#1 = APPLICATION_PROTOCOL_DEFINITION('international standard','automotive_design',2000,#2);
#2 = APPLICATION_CONTEXT('core data for automotive mechanical design processes');
#3 = SHAPE_DEFINITION_REPRESENTATION(#4,#10);
#4 = PRODUCT_DEFINITION_SHAPE('','',#5);
#5 = PRODUCT_DEFINITION('design','',#6,#9);
#6 = PRODUCT_DEFINITION_FORMATION('','',#7);
#7 = PRODUCT('mini_moonboard_v1_concept','mini_moonboard_v1_concept','',(#8));
#8 = PRODUCT_CONTEXT('',#2,'mechanical');
#9 = PRODUCT_DEFINITION_CONTEXT('part definition',#2,'design');
#10 = SHAPE_REPRESENTATION('',(#11,#15,#19,#23,#27,#31,#35,#39,#43,#47,#51,#55,#59,#63,#67,#71,#75,#79,#83,#87,#91,#95),#99);
#11 = AXIS2_PLACEMENT_3D('',#12,#13,#14);
#12 = CARTESIAN_POINT('',(0.,0.,0.));
#13 = DIRECTION('',(0.,0.,1.));
#14 = DIRECTION('',(1.,0.,-0.));
#15 = AXIS2_PLACEMENT_3D('',#16,#17,#18);
#16 = CARTESIAN_POINT('',(0.,0.,0.));
#17 = DIRECTION('',(0.,0.,1.));
#18 = DIRECTION('',(1.,0.,-0.));
#19 = AXIS2_PLACEMENT_3D('',#20,#21,#22);
#20 = CARTESIAN_POINT('',(0.,0.,0.));
#21 = DIRECTION('',(0.,0.,1.));
#22 = DIRECTION('',(1.,0.,-0.));
#23 = AXIS2_PLACEMENT_3D('',#24,#25,#26);
#24 = CARTESIAN_POINT('',(0.,0.,0.));
#25 = DIRECTION('',(0.,0.,1.));
#26 = DIRECTION('',(1.,0.,-0.));
#27 = AXIS2_PLACEMENT_3D('',#28,#29,#30);
#28 = CARTESIAN_POINT('',(0.,0.,0.));
#29 = DIRECTION('',(0.,0.,1.));
#30 = DIRECTION('',(1.,0.,-0.));
#31 = AXIS2_PLACEMENT_3D('',#32,#33,#34);
#32 = CARTESIAN_POINT('',(0.,0.,0.));
#33 = DIRECTION('',(0.,0.,1.));
#34 = DIRECTION('',(1.,0.,-0.));
#35 = AXIS2_PLACEMENT_3D('',#36,#37,#38);
#36 = CARTESIAN_POINT('',(0.,0.,0.));
#37 = DIRECTION('',(0.,0.,1.));
#38 = DIRECTION('',(1.,0.,-0.));
#39 = AXIS2_PLACEMENT_3D('',#40,#41,#42);
#40 = CARTESIAN_POINT('',(0.,0.,0.));
#41 = DIRECTION('',(0.,0.,1.));
#42 = DIRECTION('',(1.,0.,-0.));
#43 = AXIS2_PLACEMENT_3D('',#44,#45,#46);
#44 = CARTESIAN_POINT('',(0.,0.,0.));
#45 = DIRECTION('',(0.,0.,1.));
#46 = DIRECTION('',(1.,0.,-0.));
#47 = AXIS2_PLACEMENT_3D('',#48,#49,#50);
#48 = CARTESIAN_POINT('',(0.,0.,0.));
#49 = DIRECTION('',(0.,0.,1.));
#50 = DIRECTION('',(1.,0.,-0.));
#51 = AXIS2_PLACEMENT_3D('',#52,#53,#54);
#52 = CARTESIAN_POINT('',(0.,0.,0.));
#53 = DIRECTION('',(0.,0.,1.));
#54 = DIRECTION('',(1.,0.,-0.));
#55 = AXIS2_PLACEMENT_3D('',#56,#57,#58);
#56 = CARTESIAN_POINT('',(0.,0.,0.));
#57 = DIRECTION('',(0.,0.,1.));
#58 = DIRECTION('',(1.,0.,-0.));
#59 = AXIS2_PLACEMENT_3D('',#60,#61,#62);
#60 = CARTESIAN_POINT('',(0.,0.,0.));
#61 = DIRECTION('',(0.,0.,1.));
#62 = DIRECTION('',(1.,0.,-0.));
#63 = AXIS2_PLACEMENT_3D('',#64,#65,#66);
#64 = CARTESIAN_POINT('',(0.,0.,0.));
#65 = DIRECTION('',(0.,0.,1.));
#66 = DIRECTION('',(1.,0.,-0.));
#67 = AXIS2_PLACEMENT_3D('',#68,#69,#70);
#68 = CARTESIAN_POINT('',(0.,0.,0.));
#69 = DIRECTION('',(0.,0.,1.));
#70 = DIRECTION('',(1.,0.,-0.));
#71 = AXIS2_PLACEMENT_3D('',#72,#73,#74);
#72 = CARTESIAN_POINT('',(0.,0.,0.));
#73 = DIRECTION('',(0.,0.,1.));
#74 = DIRECTION('',(1.,0.,-0.));
#75 = AXIS2_PLACEMENT_3D('',#76,#77,#78);
#76 = CARTESIAN_POINT('',(0.,0.,0.));
#77 = DIRECTION('',(0.,0.,1.));
#78 = DIRECTION('',(1.,0.,-0.));
#79 = AXIS2_PLACEMENT_3D('',#80,#81,#82);
#80 = CARTESIAN_POINT('',(0.,0.,0.));
#81 = DIRECTION('',(0.,0.,1.));
#82 = DIRECTION('',(1.,0.,-0.));
#83 = AXIS2_PLACEMENT_3D('',#84,#85,#86);
#84 = CARTESIAN_POINT('',(0.,0.,0.));
#85 = DIRECTION('',(0.,0.,1.));
#86 = DIRECTION('',(1.,0.,-0.));
#87 = AXIS2_PLACEMENT_3D('',#88,#89,#90);
#88 = CARTESIAN_POINT('',(0.,0.,0.));
#89 = DIRECTION('',(0.,0.,1.));
#90 = DIRECTION('',(1.,0.,-0.));
#91 = AXIS2_PLACEMENT_3D('',#92,#93,#94);
#92 = CARTESIAN_POINT('',(0.,0.,0.));
#93 = DIRECTION('',(0.,0.,1.));
#94 = DIRECTION('',(1.,0.,-0.));
#95 = AXIS2_PLACEMENT_3D('',#96,#97,#98);
#96 = CARTESIAN_POINT('',(0.,0.,0.));
#97 = DIRECTION('',(0.,0.,1.));
#98 = DIRECTION('',(1.,0.,-0.));
#99 =(GEOMETRIC_REPRESENTATION_CONTEXT(3)GLOBAL_UNCERTAINTY_ASSIGNED_CONTEXT((#103))GLOBAL_UNIT_ASSIGNED_CONTEXT((#100,#101,#102))REPRESENTATION_CONTEXT('Context #1','3D Context with UNIT and UNCERTAINTY'));
#100 =(LENGTH_UNIT()NAMED_UNIT(*)SI_UNIT(.MILLI.,.METRE.));
#101 =(NAMED_UNIT(*)PLANE_ANGLE_UNIT()SI_UNIT($,.RADIAN.));
#102 =(NAMED_UNIT(*)SI_UNIT($,.STERADIAN.)SOLID_ANGLE_UNIT());
#103 = UNCERTAINTY_MEASURE_WITH_UNIT(LENGTH_MEASURE(1.E-07),#100,'distance_accuracy_value','confusion accuracy');
#104 = PRODUCT_RELATED_PRODUCT_CATEGORY('part',$,(#7));
#105 = SHAPE_DEFINITION_REPRESENTATION(#106,#112);
#106 = PRODUCT_DEFINITION_SHAPE('','',#107);
#107 = PRODUCT_DEFINITION('design','',#108,#111);
#108 = PRODUCT_DEFINITION_FORMATION('','',#109);
#109 = PRODUCT('kicker_left','kicker_left','',(#110));
#110 = PRODUCT_CONTEXT('',#2,'mechanical');
#111 = PRODUCT_DEFINITION_CONTEXT('part definition',#2,'design');
#112 = ADVANCED_BREP_SHAPE_REPRESENTATION('',(#11,#113),#443);
#113 = MANIFOLD_SOLID_BREP('',#114);
#114 = CLOSED_SHELL('',(#115,#235,#335,#382,#429,#436));
#115 = ADVANCED_FACE('',(#116),#130,.F.);
#116 = FACE_BOUND('',#117,.F.);
#117 = EDGE_LOOP('',(#118,#153,#181,#209));
#118 = ORIENTED_EDGE('',*,*,#119,.F.);
#119 = EDGE_CURVE('',#120,#122,#124,.T.);
#120 = VERTEX_POINT('',#121);
#121 = CARTESIAN_POINT('',(-1.22E+03,-18.,0.));
#122 = VERTEX_POINT('',#123);
#123 = CARTESIAN_POINT('',(-1.22E+03,-18.,225.));
#124 = SURFACE_CURVE('',#125,(#129,#141),.PCURVE_S1.);
#125 = LINE('',#126,#127);
#126 = CARTESIAN_POINT('',(-1.22E+03,-18.,0.));
#127 = VECTOR('',#128,1.);
#128 = DIRECTION('',(0.,0.,1.));
#129 = PCURVE('',#130,#135);
#130 = PLANE('',#131);
#131 = AXIS2_PLACEMENT_3D('',#132,#133,#134);
#132 = CARTESIAN_POINT('',(-1.22E+03,-18.,0.));
#133 = DIRECTION('',(1.,0.,0.));
#134 = DIRECTION('',(0.,0.,1.));
#135 = DEFINITIONAL_REPRESENTATION('',(#136),#140);
#136 = LINE('',#137,#138);
#137 = CARTESIAN_POINT('',(0.,0.));
#138 = VECTOR('',#139,1.);
#139 = DIRECTION('',(1.,0.));
#140 =(GEOMETRIC_REPRESENTATION_CONTEXT(2)PARAMETRIC_REPRESENTATION_CONTEXT()REPRESENTATION_CONTEXT('2D SPACE',''));
#141 = PCURVE('',#142,#147);
#142 = PLANE('',#143);
#143 = AXIS2_PLACEMENT_3D('',#144,#145,#146);
#144 = CARTESIAN_POINT('',(-1.22E+03,-18.,0.));
#145 = DIRECTION('',(0.,1.,0.));
#146 = DIRECTION('',(0.,0.,1.));
#147 = DEFINITIONAL_REPRESENTATION('',(#148),#152);
#148 = LINE('',#149,#150);
#149 = CARTESIAN_POINT('',(0.,0.));
#150 = VECTOR('',#151,1.);
#151 = DIRECTION('',(1.,0.));
#152 =(GEOMETRIC_REPRESENTATION_CONTEXT(2)PARAMETRIC_REPRESENTATION_CONTEXT()REPRESENTATION_CONTEXT('2D SPACE',''));
#153 = ORIENTED_EDGE('',*,*,#154,.T.);
#154 = EDGE_CURVE('',#120,#155,#157,.T.);
#155 = VERTEX_POINT('',#156);
#156 = CARTESIAN_POINT('',(-1.22E+03,0.,0.));
#157 = SURFACE_CURVE('',#158,(#162,#169),.PCURVE_S1.);
#158 = LINE('',#159,#160);
#159 = CARTESIAN_POINT('',(-1.22E+03,-18.,0.));
#160 = VECTOR('',#161,1.);
#161 = DIRECTION('',(0.,1.,0.));
#162 = PCURVE('',#130,#163);
#163 = DEFINITIONAL_REPRESENTATION('',(#164),#168);
#164 = LINE('',#165,#166);
#165 = CARTESIAN_POINT('',(0.,0.));
#166 = VECTOR('',#167,1.);
#167 = DIRECTION('',(0.,-1.));
#168 =(GEOMETRIC_REPRESENTATION_CONTEXT(2)PARAMETRIC_REPRESENTATION_CONTEXT()REPRESENTATION_CONTEXT('2D SPACE',''));
#169 = PCURVE('',#170,#175);
#170 = PLANE('',#171);
#171 = AXIS2_PLACEMENT_3D('',#172,#173,#174);
#172 = CARTESIAN_POINT('',(-1.22E+03,-18.,0.));
#173 = DIRECTION('',(0.,0.,1.));
#174 = DIRECTION('',(1.,0.,0.));
#175 = DEFINITIONAL_REPRESENTATION('',(#176),#180);
#176 = LINE('',#177,#178);
#177 = CARTESIAN_POINT('',(0.,0.));
#178 = VECTOR('',#179,1.);
#179 = DIRECTION('',(0.,1.));
#180 =(GEOMETRIC_REPRESENTATION_CONTEXT(2)PARAMETRIC_REPRESENTATION_CONTEXT()REPRESENTATION_CONTEXT('2D SPACE',''));
#181 = ORIENTED_EDGE('',*,*,#182,.T.);
#182 = EDGE_CURVE('',#155,#183,#185,.T.);
#183 = VERTEX_POINT('',#184);
#184 = CARTESIAN_POINT('',(-1.22E+03,0.,225.));
#185 = SURFACE_CURVE('',#186,(#190,#197),.PCURVE_S1.);
#186 = LINE('',#187,#188);
#187 = CARTESIAN_POINT('',(-1.22E+03,0.,0.));
#188 = VECTOR('',#189,1.);
#189 = DIRECTION('',(0.,0.,1.));
#190 = PCURVE('',#130,#191);
#191 = DEFINITIONAL_REPRESENTATION('',(#192),#196);
#192 = LINE('',#193,#194);
#193 = CARTESIAN_POINT('',(0.,-18.));
#194 = VECTOR('',#195,1.);
#195 = DIRECTION('',(1.,0.));
#196 =(GEOMETRIC_REPRESENTATION_CONTEXT(2)PARAMETRIC_REPRESENTATION_CONTEXT()REPRESENTATION_CONTEXT('2D SPACE',''));
#197 = PCURVE('',#198,#203);
#198 = PLANE('',#199);
#199 = AXIS2_PLACEMENT_3D('',#200,#201,#202);
#200 = CARTESIAN_POINT('',(-1.22E+03,0.,0.));
#201 = DIRECTION('',(0.,1.,0.));
#202 = DIRECTION('',(0.,0.,1.));
#203 = DEFINITIONAL_REPRESENTATION('',(#204),#208);
#204 = LINE('',#205,#206);
#205 = CARTESIAN_POINT('',(0.,0.));
#206 = VECTOR('',#207,1.);
#207 = DIRECTION('',(1.,0.));
#208 =(GEOMETRIC_REPRESENTATION_CONTEXT(2)PARAMETRIC_REPRESENTATION_CONTEXT()REPRESENTATION_CONTEXT('2D SPACE',''));
#209 = ORIENTED_EDGE('',*,*,#210,.F.);
#210 = EDGE_CURVE('',#122,#183,#211,.T.);
#211 = SURFACE_CURVE('',#212,(#216,#223),.PCURVE_S1.);
#212 = LINE('',#213,#214);
#213 = CARTESIAN_POINT('',(-1.22E+03,-18.,225.));
#214 = VECTOR('',#215,1.);
#215 = DIRECTION('',(0.,1.,0.));
#216 = PCURVE('',#130,#217);
#217 = DEFINITIONAL_REPRESENTATION('',(#218),#222);
#218 = LINE('',#219,#220);
#219 = CARTESIAN_POINT('',(225.,0.));
#220 = VECTOR('',#221,1.);
#221 = DIRECTION('',(0.,-1.));
#222 =(GEOMETRIC_REPRESENTATION_CONTEXT(2)PARAMETRIC_REPRESENTATION_CONTEXT()REPRESENTATION_CONTEXT('2D SPACE',''));
#223 = PCURVE('',#224,#229);
#224 = PLANE('',#225);
#225 = AXIS2_PLACEMENT_3D('',#226,#227,#228);
#226 = CARTESIAN_POINT('',(-1.22E+03,-18.,225.));
#227 = DIRECTION('',(0.,0.,1.));
#228 = DIRECTION('',(1.,0.,0.));
#229 = DEFINITIONAL_REPRESENTATION('',(#230),#234);
#230 = LINE('',#231,#232);
#231 = CARTESIAN_POINT('',(0.,0.));
#232 = VECTOR('',#233,1.);
#233 = DIRECTION('',(0.,1.));
#234 =(GEOMETRIC_REPRESENTATION_CONTEXT(2)PARAMETRIC_REPRESENTATION_CONTEXT()REPRESENTATION_CONTEXT('2D SPACE',''));
#235 = ADVANCED_FACE('',(#236),#250,.T.);
#236 = FACE_BOUND('',#237,.T.);
#237 = EDGE_LOOP('',(#238,#268,#291,#314));
#238 = ORIENTED_EDGE('',*,*,#239,.F.);
#239 = EDGE_CURVE('',#240,#242,#244,.T.);
#240 = VERTEX_POINT('',#241);
#241 = CARTESIAN_POINT('',(0.,-18.,0.));
#242 = VERTEX_POINT('',#243);
#243 = CARTESIAN_POINT('',(0.,-18.,225.));
#244 = SURFACE_CURVE('',#245,(#249,#261),.PCURVE_S1.);
#245 = LINE('',#246,#247);
#246 = CARTESIAN_POINT('',(0.,-18.,0.));
#247 = VECTOR('',#248,1.);
#248 = DIRECTION('',(0.,0.,1.));
#249 = PCURVE('',#250,#255);
#250 = PLANE('',#251);
#251 = AXIS2_PLACEMENT_3D('',#252,#253,#254);
#252 = CARTESIAN_POINT('',(0.,-18.,0.));
#253 = DIRECTION('',(1.,0.,0.));
#254 = DIRECTION('',(0.,0.,1.));
#255 = DEFINITIONAL_REPRESENTATION('',(#256),#260);
#256 = LINE('',#257,#258);
#257 = CARTESIAN_POINT('',(0.,0.));
#258 = VECTOR('',#259,1.);
#259 = DIRECTION('',(1.,0.));
#260 =(GEOMETRIC_REPRESENTATION_CONTEXT(2)PARAMETRIC_REPRESENTATION_CONTEXT()REPRESENTATION_CONTEXT('2D SPACE',''));
#261 = PCURVE('',#142,#262);
#262 = DEFINITIONAL_REPRESENTATION('',(#263),#267);
#263 = LINE('',#264,#265);
#264 = CARTESIAN_POINT('',(0.,1.22E+03));
#265 = VECTOR('',#266,1.);
#266 = DIRECTION('',(1.,0.));
#267 =(GEOMETRIC_REPRESENTATION_CONTEXT(2)PARAMETRIC_REPRESENTATION_CONTEXT()REPRESENTATION_CONTEXT('2D SPACE',''));
#268 = ORIENTED_EDGE('',*,*,#269,.T.);
#269 = EDGE_CURVE('',#240,#270,#272,.T.);
#270 = VERTEX_POINT('',#271);
#271 = CARTESIAN_POINT('',(0.,0.,0.));
#272 = SURFACE_CURVE('',#273,(#277,#284),.PCURVE_S1.);
#273 = LINE('',#274,#275);
#274 = CARTESIAN_POINT('',(0.,-18.,0.));
#275 = VECTOR('',#276,1.);
#276 = DIRECTION('',(0.,1.,0.));
#277 = PCURVE('',#250,#278);
#278 = DEFINITIONAL_REPRESENTATION('',(#279),#283);
#279 = LINE('',#280,#281);
#280 = CARTESIAN_POINT('',(0.,0.));
#281 = VECTOR('',#282,1.);
#282 = DIRECTION('',(0.,-1.));
#283 =(GEOMETRIC_REPRESENTATION_CONTEXT(2)PARAMETRIC_REPRESENTATION_CONTEXT()REPRESENTATION_CONTEXT('2D SPACE',''));
#284 = PCURVE('',#170,#285);
#285 = DEFINITIONAL_REPRESENTATION('',(#286),#290);
#286 = LINE('',#287,#288);
#287 = CARTESIAN_POINT('',(1.22E+03,0.));
#288 = VECTOR('',#289,1.);
#289 = DIRECTION('',(0.,1.));
#290 =(GEOMETRIC_REPRESENTATION_CONTEXT(2)PARAMETRIC_REPRESENTATION_CONTEXT()REPRESENTATION_CONTEXT('2D SPACE',''));
#291 = ORIENTED_EDGE('',*,*,#292,.T.);
#292 = EDGE_CURVE('',#270,#293,#295,.T.);
#293 = VERTEX_POINT('',#294);
#294 = CARTESIAN_POINT('',(0.,0.,225.));
#295 = SURFACE_CURVE('',#296,(#300,#307),.PCURVE_S1.);
#296 = LINE('',#297,#298);
#297 = CARTESIAN_POINT('',(0.,0.,0.));
#298 = VECTOR('',#299,1.);
#299 = DIRECTION('',(0.,0.,1.));
#300 = PCURVE('',#250,#301);
#301 = DEFINITIONAL_REPRESENTATION('',(#302),#306);
#302 = LINE('',#303,#304);
#303 = CARTESIAN_POINT('',(0.,-18.));
#304 = VECTOR('',#305,1.);
#305 = DIRECTION('',(1.,0.));
#306 =(GEOMETRIC_REPRESENTATION_CONTEXT(2)PARAMETRIC_REPRESENTATION_CONTEXT()REPRESENTATION_CONTEXT('2D SPACE',''));
#307 = PCURVE('',#198,#308);
#308 = DEFINITIONAL_REPRESENTATION('',(#309),#313);
#309 = LINE('',#310,#311);
#310 = CARTESIAN_POINT('',(0.,1.22E+03));
#311 = VECTOR('',#312,1.);
#312 = DIRECTION('',(1.,0.));
#313 =(GEOMETRIC_REPRESENTATION_CONTEXT(2)PARAMETRIC_REPRESENTATION_CONTEXT()REPRESENTATION_CONTEXT('2D SPACE',''));
#314 = ORIENTED_EDGE('',*,*,#315,.F.);
#315 = EDGE_CURVE('',#242,#293,#316,.T.);
#316 = SURFACE_CURVE('',#317,(#321,#328),.PCURVE_S1.);
#317 = LINE('',#318,#319);
#318 = CARTESIAN_POINT('',(0.,-18.,225.));
#319 = VECTOR('',#320,1.);
#320 = DIRECTION('',(0.,1.,0.));
#321 = PCURVE('',#250,#322);
#322 = DEFINITIONAL_REPRESENTATION('',(#323),#327);
#323 = LINE('',#324,#325);
#324 = CARTESIAN_POINT('',(225.,0.));
#325 = VECTOR('',#326,1.);
#326 = DIRECTION('',(0.,-1.));
#327 =(GEOMETRIC_REPRESENTATION_CONTEXT(2)PARAMETRIC_REPRESENTATION_CONTEXT()REPRESENTATION_CONTEXT('2D SPACE',''));
#328 = PCURVE('',#224,#329);
#329 = DEFINITIONAL_REPRESENTATION('',(#330),#334);
#330 = LINE('',#331,#332);
#331 = CARTESIAN_POINT('',(1.22E+03,0.));
#332 = VECTOR('',#333,1.);
#333 = DIRECTION('',(0.,1.));
#334 =(GEOMETRIC_REPRESENTATION_CONTEXT(2)PARAMETRIC_REPRESENTATION_CONTEXT()REPRESENTATION_CONTEXT('2D SPACE',''));
#335 = ADVANCED_FACE('',(#336),#142,.F.);
#336 = FACE_BOUND('',#337,.F.);
#337 = EDGE_LOOP('',(#338,#359,#360,#381));
#338 = ORIENTED_EDGE('',*,*,#339,.F.);
#339 = EDGE_CURVE('',#120,#240,#340,.T.);
#340 = SURFACE_CURVE('',#341,(#345,#352),.PCURVE_S1.);
#341 = LINE('',#342,#343);
#342 = CARTESIAN_POINT('',(-1.22E+03,-18.,0.));
#343 = VECTOR('',#344,1.);
#344 = DIRECTION('',(1.,0.,0.));
#345 = PCURVE('',#142,#346);
#346 = DEFINITIONAL_REPRESENTATION('',(#347),#351);
#347 = LINE('',#348,#349);
#348 = CARTESIAN_POINT('',(0.,0.));
#349 = VECTOR('',#350,1.);
#350 = DIRECTION('',(0.,1.));
#351 =(GEOMETRIC_REPRESENTATION_CONTEXT(2)PARAMETRIC_REPRESENTATION_CONTEXT()REPRESENTATION_CONTEXT('2D SPACE',''));
#352 = PCURVE('',#170,#353);
#353 = DEFINITIONAL_REPRESENTATION('',(#354),#358);
#354 = LINE('',#355,#356);
#355 = CARTESIAN_POINT('',(0.,0.));
#356 = VECTOR('',#357,1.);
#357 = DIRECTION('',(1.,0.));
#358 =(GEOMETRIC_REPRESENTATION_CONTEXT(2)PARAMETRIC_REPRESENTATION_CONTEXT()REPRESENTATION_CONTEXT('2D SPACE',''));
#359 = ORIENTED_EDGE('',*,*,#119,.T.);
#360 = ORIENTED_EDGE('',*,*,#361,.T.);
#361 = EDGE_CURVE('',#122,#242,#362,.T.);
#362 = SURFACE_CURVE('',#363,(#367,#374),.PCURVE_S1.);
#363 = LINE('',#364,#365);
#364 = CARTESIAN_POINT('',(-1.22E+03,-18.,225.));
#365 = VECTOR('',#366,1.);
#366 = DIRECTION('',(1.,0.,0.));
#367 = PCURVE('',#142,#368);
#368 = DEFINITIONAL_REPRESENTATION('',(#369),#373);
#369 = LINE('',#370,#371);
#370 = CARTESIAN_POINT('',(225.,0.));
#371 = VECTOR('',#372,1.);
#372 = DIRECTION('',(0.,1.));
#373 =(GEOMETRIC_REPRESENTATION_CONTEXT(2)PARAMETRIC_REPRESENTATION_CONTEXT()REPRESENTATION_CONTEXT('2D SPACE',''));
#374 = PCURVE('',#224,#375);
#375 = DEFINITIONAL_REPRESENTATION('',(#376),#380);
#376 = LINE('',#377,#378);
#377 = CARTESIAN_POINT('',(0.,0.));
#378 = VECTOR('',#379,1.);
#379 = DIRECTION('',(1.,0.));
#380 =(GEOMETRIC_REPRESENTATION_CONTEXT(2)PARAMETRIC_REPRESENTATION_CONTEXT()REPRESENTATION_CONTEXT('2D SPACE',''));
#381 = ORIENTED_EDGE('',*,*,#239,.F.);
#382 = ADVANCED_FACE('',(#383),#198,.T.);
#383 = FACE_BOUND('',#384,.T.);
#384 = EDGE_LOOP('',(#385,#406,#407,#428));
#385 = ORIENTED_EDGE('',*,*,#386,.F.);
#386 = EDGE_CURVE('',#155,#270,#387,.T.);
#387 = SURFACE_CURVE('',#388,(#392,#399),.PCURVE_S1.);
#388 = LINE('',#389,#390);
#389 = CARTESIAN_POINT('',(-1.22E+03,0.,0.));
#390 = VECTOR('',#391,1.);
#391 = DIRECTION('',(1.,0.,0.));
#392 = PCURVE('',#198,#393);
#393 = DEFINITIONAL_REPRESENTATION('',(#394),#398);
#394 = LINE('',#395,#396);
#395 = CARTESIAN_POINT('',(0.,0.));
#396 = VECTOR('',#397,1.);
#397 = DIRECTION('',(0.,1.));
#398 =(GEOMETRIC_REPRESENTATION_CONTEXT(2)PARAMETRIC_REPRESENTATION_CONTEXT()REPRESENTATION_CONTEXT('2D SPACE',''));
#399 = PCURVE('',#170,#400);
#400 = DEFINITIONAL_REPRESENTATION('',(#401),#405);
#401 = LINE('',#402,#403);
#402 = CARTESIAN_POINT('',(0.,18.));
#403 = VECTOR('',#404,1.);
#404 = DIRECTION('',(1.,0.));
#405 =(GEOMETRIC_REPRESENTATION_CONTEXT(2)PARAMETRIC_REPRESENTATION_CONTEXT()REPRESENTATION_CONTEXT('2D SPACE',''));
#406 = ORIENTED_EDGE('',*,*,#182,.T.);
#407 = ORIENTED_EDGE('',*,*,#408,.T.);
#408 = EDGE_CURVE('',#183,#293,#409,.T.);
#409 = SURFACE_CURVE('',#410,(#414,#421),.PCURVE_S1.);
#410 = LINE('',#411,#412);
#411 = CARTESIAN_POINT('',(-1.22E+03,0.,225.));
#412 = VECTOR('',#413,1.);
#413 = DIRECTION('',(1.,0.,0.));
#414 = PCURVE('',#198,#415);
#415 = DEFINITIONAL_REPRESENTATION('',(#416),#420);
#416 = LINE('',#417,#418);
#417 = CARTESIAN_POINT('',(225.,0.));
#418 = VECTOR('',#419,1.);
#419 = DIRECTION('',(0.,1.));
#420 =(GEOMETRIC_REPRESENTATION_CONTEXT(2)PARAMETRIC_REPRESENTATION_CONTEXT()REPRESENTATION_CONTEXT('2D SPACE',''));
#421 = PCURVE('',#224,#422);
#422 = DEFINITIONAL_REPRESENTATION('',(#423),#427);
#423 = LINE('',#424,#425);
#424 = CARTESIAN_POINT('',(0.,18.));
#425 = VECTOR('',#426,1.);
#426 = DIRECTION('',(1.,0.));
#427 =(GEOMETRIC_REPRESENTATION_CONTEXT(2)PARAMETRIC_REPRESENTATION_CONTEXT()REPRESENTATION_CONTEXT('2D SPACE',''));
#428 = ORIENTED_EDGE('',*,*,#292,.F.);
#429 = ADVANCED_FACE('',(#430),#170,.F.);
#430 = FACE_BOUND('',#431,.F.);
#431 = EDGE_LOOP('',(#432,#433,#434,#435));
#432 = ORIENTED_EDGE('',*,*,#154,.F.);
#433 = ORIENTED_EDGE('',*,*,#339,.T.);
#434 = ORIENTED_EDGE('',*,*,#269,.T.);
#435 = ORIENTED_EDGE('',*,*,#386,.F.);
#436 = ADVANCED_FACE('',(#437),#224,.T.);
#437 = FACE_BOUND('',#438,.T.);
#438 = EDGE_LOOP('',(#439,#440,#441,#442));
#439 = ORIENTED_EDGE('',*,*,#210,.F.);
#440 = ORIENTED_EDGE('',*,*,#361,.T.);
#441 = ORIENTED_EDGE('',*,*,#315,.T.);
#442 = ORIENTED_EDGE('',*,*,#408,.F.);
#443 =(GEOMETRIC_REPRESENTATION_CONTEXT(3)GLOBAL_UNCERTAINTY_ASSIGNED_CONTEXT((#447))GLOBAL_UNIT_ASSIGNED_CONTEXT((#444,#445,#446))REPRESENTATION_CONTEXT('Context #1','3D Context with UNIT and UNCERTAINTY'));
#444 =(LENGTH_UNIT()NAMED_UNIT(*)SI_UNIT(.MILLI.,.METRE.));
#445 =(NAMED_UNIT(*)PLANE_ANGLE_UNIT()SI_UNIT($,.RADIAN.));
#446 =(NAMED_UNIT(*)SI_UNIT($,.STERADIAN.)SOLID_ANGLE_UNIT());
#447 = UNCERTAINTY_MEASURE_WITH_UNIT(LENGTH_MEASURE(1.E-07),#444,'distance_accuracy_value','confusion accuracy');
#448 = CONTEXT_DEPENDENT_SHAPE_REPRESENTATION(#449,#451);
#449 =(REPRESENTATION_RELATIONSHIP('','',#112,#10)REPRESENTATION_RELATIONSHIP_WITH_TRANSFORMATION(#450)SHAPE_REPRESENTATION_RELATIONSHIP());
#450 = ITEM_DEFINED_TRANSFORMATION('','',#11,#15);
#451 = PRODUCT_DEFINITION_SHAPE('Placement','Placement of an item',#452);
#452 = NEXT_ASSEMBLY_USAGE_OCCURRENCE('1','kicker_left','',#5,#107,$);
#453 = PRODUCT_RELATED_PRODUCT_CATEGORY('part',$,(#109));
#454 = SHAPE_DEFINITION_REPRESENTATION(#455,#461);
#455 = PRODUCT_DEFINITION_SHAPE('','',#456);
#456 = PRODUCT_DEFINITION('design','',#457,#460);
#457 = PRODUCT_DEFINITION_FORMATION('','',#458);
#458 = PRODUCT('kicker_right','kicker_right','',(#459));
#459 = PRODUCT_CONTEXT('',#2,'mechanical');
#460 = PRODUCT_DEFINITION_CONTEXT('part definition',#2,'design');
#461 = ADVANCED_BREP_SHAPE_REPRESENTATION('',(#11,#462),#792);
#462 = MANIFOLD_SOLID_BREP('',#463);
#463 = CLOSED_SHELL('',(#464,#584,#684,#731,#778,#785));
#464 = ADVANCED_FACE('',(#465),#479,.F.);
#465 = FACE_BOUND('',#466,.F.);
#466 = EDGE_LOOP('',(#467,#502,#530,#558));
#467 = ORIENTED_EDGE('',*,*,#468,.F.);
#468 = EDGE_CURVE('',#469,#471,#473,.T.);
#469 = VERTEX_POINT('',#470);
#470 = CARTESIAN_POINT('',(0.,-18.,0.));
#471 = VERTEX_POINT('',#472);
#472 = CARTESIAN_POINT('',(0.,-18.,225.));
#473 = SURFACE_CURVE('',#474,(#478,#490),.PCURVE_S1.);
#474 = LINE('',#475,#476);
#475 = CARTESIAN_POINT('',(0.,-18.,0.));
#476 = VECTOR('',#477,1.);
#477 = DIRECTION('',(0.,0.,1.));
#478 = PCURVE('',#479,#484);
#479 = PLANE('',#480);
#480 = AXIS2_PLACEMENT_3D('',#481,#482,#483);
#481 = CARTESIAN_POINT('',(0.,-18.,0.));
#482 = DIRECTION('',(1.,0.,0.));
#483 = DIRECTION('',(0.,0.,1.));
#484 = DEFINITIONAL_REPRESENTATION('',(#485),#489);
#485 = LINE('',#486,#487);
#486 = CARTESIAN_POINT('',(0.,0.));
#487 = VECTOR('',#488,1.);
#488 = DIRECTION('',(1.,0.));
#489 =(GEOMETRIC_REPRESENTATION_CONTEXT(2)PARAMETRIC_REPRESENTATION_CONTEXT()REPRESENTATION_CONTEXT('2D SPACE',''));
#490 = PCURVE('',#491,#496);
#491 = PLANE('',#492);
#492 = AXIS2_PLACEMENT_3D('',#493,#494,#495);
#493 = CARTESIAN_POINT('',(0.,-18.,0.));
#494 = DIRECTION('',(0.,1.,0.));
#495 = DIRECTION('',(0.,0.,1.));
#496 = DEFINITIONAL_REPRESENTATION('',(#497),#501);
#497 = LINE('',#498,#499);
#498 = CARTESIAN_POINT('',(0.,0.));
#499 = VECTOR('',#500,1.);
#500 = DIRECTION('',(1.,0.));
#501 =(GEOMETRIC_REPRESENTATION_CONTEXT(2)PARAMETRIC_REPRESENTATION_CONTEXT()REPRESENTATION_CONTEXT('2D SPACE',''));
#502 = ORIENTED_EDGE('',*,*,#503,.T.);
#503 = EDGE_CURVE('',#469,#504,#506,.T.);
#504 = VERTEX_POINT('',#505);
#505 = CARTESIAN_POINT('',(0.,0.,0.));
#506 = SURFACE_CURVE('',#507,(#511,#518),.PCURVE_S1.);
#507 = LINE('',#508,#509);
#508 = CARTESIAN_POINT('',(0.,-18.,0.));
#509 = VECTOR('',#510,1.);
#510 = DIRECTION('',(0.,1.,0.));
#511 = PCURVE('',#479,#512);
#512 = DEFINITIONAL_REPRESENTATION('',(#513),#517);
#513 = LINE('',#514,#515);
#514 = CARTESIAN_POINT('',(0.,0.));
#515 = VECTOR('',#516,1.);
#516 = DIRECTION('',(0.,-1.));
#517 =(GEOMETRIC_REPRESENTATION_CONTEXT(2)PARAMETRIC_REPRESENTATION_CONTEXT()REPRESENTATION_CONTEXT('2D SPACE',''));
#518 = PCURVE('',#519,#524);
#519 = PLANE('',#520);
#520 = AXIS2_PLACEMENT_3D('',#521,#522,#523);
#521 = CARTESIAN_POINT('',(0.,-18.,0.));
#522 = DIRECTION('',(0.,0.,1.));
#523 = DIRECTION('',(1.,0.,0.));
#524 = DEFINITIONAL_REPRESENTATION('',(#525),#529);
#525 = LINE('',#526,#527);
#526 = CARTESIAN_POINT('',(0.,0.));
#527 = VECTOR('',#528,1.);
#528 = DIRECTION('',(0.,1.));
#529 =(GEOMETRIC_REPRESENTATION_CONTEXT(2)PARAMETRIC_REPRESENTATION_CONTEXT()REPRESENTATION_CONTEXT('2D SPACE',''));
#530 = ORIENTED_EDGE('',*,*,#531,.T.);
#531 = EDGE_CURVE('',#504,#532,#534,.T.);
#532 = VERTEX_POINT('',#533);
#533 = CARTESIAN_POINT('',(0.,0.,225.));
#534 = SURFACE_CURVE('',#535,(#539,#546),.PCURVE_S1.);
#535 = LINE('',#536,#537);
#536 = CARTESIAN_POINT('',(0.,0.,0.));
#537 = VECTOR('',#538,1.);
#538 = DIRECTION('',(0.,0.,1.));
#539 = PCURVE('',#479,#540);
#540 = DEFINITIONAL_REPRESENTATION('',(#541),#545);
#541 = LINE('',#542,#543);
#542 = CARTESIAN_POINT('',(0.,-18.));
#543 = VECTOR('',#544,1.);
#544 = DIRECTION('',(1.,0.));
#545 =(GEOMETRIC_REPRESENTATION_CONTEXT(2)PARAMETRIC_REPRESENTATION_CONTEXT()REPRESENTATION_CONTEXT('2D SPACE',''));
#546 = PCURVE('',#547,#552);
#547 = PLANE('',#548);
#548 = AXIS2_PLACEMENT_3D('',#549,#550,#551);
#549 = CARTESIAN_POINT('',(0.,0.,0.));
#550 = DIRECTION('',(0.,1.,0.));
#551 = DIRECTION('',(0.,0.,1.));
#552 = DEFINITIONAL_REPRESENTATION('',(#553),#557);
#553 = LINE('',#554,#555);
#554 = CARTESIAN_POINT('',(0.,0.));
#555 = VECTOR('',#556,1.);
#556 = DIRECTION('',(1.,0.));
#557 =(GEOMETRIC_REPRESENTATION_CONTEXT(2)PARAMETRIC_REPRESENTATION_CONTEXT()REPRESENTATION_CONTEXT('2D SPACE',''));
#558 = ORIENTED_EDGE('',*,*,#559,.F.);
#559 = EDGE_CURVE('',#471,#532,#560,.T.);
#560 = SURFACE_CURVE('',#561,(#565,#572),.PCURVE_S1.);
#561 = LINE('',#562,#563);
#562 = CARTESIAN_POINT('',(0.,-18.,225.));
#563 = VECTOR('',#564,1.);
#564 = DIRECTION('',(0.,1.,0.));
#565 = PCURVE('',#479,#566);
#566 = DEFINITIONAL_REPRESENTATION('',(#567),#571);
#567 = LINE('',#568,#569);
#568 = CARTESIAN_POINT('',(225.,0.));
#569 = VECTOR('',#570,1.);
#570 = DIRECTION('',(0.,-1.));
#571 =(GEOMETRIC_REPRESENTATION_CONTEXT(2)PARAMETRIC_REPRESENTATION_CONTEXT()REPRESENTATION_CONTEXT('2D SPACE',''));
#572 = PCURVE('',#573,#578);
#573 = PLANE('',#574);
#574 = AXIS2_PLACEMENT_3D('',#575,#576,#577);
#575 = CARTESIAN_POINT('',(0.,-18.,225.));
#576 = DIRECTION('',(0.,0.,1.));
#577 = DIRECTION('',(1.,0.,0.));
#578 = DEFINITIONAL_REPRESENTATION('',(#579),#583);
#579 = LINE('',#580,#581);
#580 = CARTESIAN_POINT('',(0.,0.));
#581 = VECTOR('',#582,1.);
#582 = DIRECTION('',(0.,1.));
#583 =(GEOMETRIC_REPRESENTATION_CONTEXT(2)PARAMETRIC_REPRESENTATION_CONTEXT()REPRESENTATION_CONTEXT('2D SPACE',''));
#584 = ADVANCED_FACE('',(#585),#599,.T.);
#585 = FACE_BOUND('',#586,.T.);
#586 = EDGE_LOOP('',(#587,#617,#640,#663));
#587 = ORIENTED_EDGE('',*,*,#588,.F.);
#588 = EDGE_CURVE('',#589,#591,#593,.T.);
#589 = VERTEX_POINT('',#590);
#590 = CARTESIAN_POINT('',(1.22E+03,-18.,0.));
#591 = VERTEX_POINT('',#592);
#592 = CARTESIAN_POINT('',(1.22E+03,-18.,225.));
#593 = SURFACE_CURVE('',#594,(#598,#610),.PCURVE_S1.);
#594 = LINE('',#595,#596);
#595 = CARTESIAN_POINT('',(1.22E+03,-18.,0.));
#596 = VECTOR('',#597,1.);
#597 = DIRECTION('',(0.,0.,1.));
#598 = PCURVE('',#599,#604);
#599 = PLANE('',#600);
#600 = AXIS2_PLACEMENT_3D('',#601,#602,#603);
#601 = CARTESIAN_POINT('',(1.22E+03,-18.,0.));
#602 = DIRECTION('',(1.,0.,0.));
#603 = DIRECTION('',(0.,0.,1.));
#604 = DEFINITIONAL_REPRESENTATION('',(#605),#609);
#605 = LINE('',#606,#607);
#606 = CARTESIAN_POINT('',(0.,0.));
#607 = VECTOR('',#608,1.);
#608 = DIRECTION('',(1.,0.));
#609 =(GEOMETRIC_REPRESENTATION_CONTEXT(2)PARAMETRIC_REPRESENTATION_CONTEXT()REPRESENTATION_CONTEXT('2D SPACE',''));
#610 = PCURVE('',#491,#611);
#611 = DEFINITIONAL_REPRESENTATION('',(#612),#616);
#612 = LINE('',#613,#614);
#613 = CARTESIAN_POINT('',(0.,1.22E+03));
#614 = VECTOR('',#615,1.);
#615 = DIRECTION('',(1.,0.));
#616 =(GEOMETRIC_REPRESENTATION_CONTEXT(2)PARAMETRIC_REPRESENTATION_CONTEXT()REPRESENTATION_CONTEXT('2D SPACE',''));
#617 = ORIENTED_EDGE('',*,*,#618,.T.);
#618 = EDGE_CURVE('',#589,#619,#621,.T.);
#619 = VERTEX_POINT('',#620);
#620 = CARTESIAN_POINT('',(1.22E+03,0.,0.));
#621 = SURFACE_CURVE('',#622,(#626,#633),.PCURVE_S1.);
#622 = LINE('',#623,#624);
#623 = CARTESIAN_POINT('',(1.22E+03,-18.,0.));
#624 = VECTOR('',#625,1.);
#625 = DIRECTION('',(0.,1.,0.));
#626 = PCURVE('',#599,#627);
#627 = DEFINITIONAL_REPRESENTATION('',(#628),#632);
#628 = LINE('',#629,#630);
#629 = CARTESIAN_POINT('',(0.,0.));
#630 = VECTOR('',#631,1.);
#631 = DIRECTION('',(0.,-1.));
#632 =(GEOMETRIC_REPRESENTATION_CONTEXT(2)PARAMETRIC_REPRESENTATION_CONTEXT()REPRESENTATION_CONTEXT('2D SPACE',''));
#633 = PCURVE('',#519,#634);
#634 = DEFINITIONAL_REPRESENTATION('',(#635),#639);
#635 = LINE('',#636,#637);
#636 = CARTESIAN_POINT('',(1.22E+03,0.));
#637 = VECTOR('',#638,1.);
#638 = DIRECTION('',(0.,1.));
#639 =(GEOMETRIC_REPRESENTATION_CONTEXT(2)PARAMETRIC_REPRESENTATION_CONTEXT()REPRESENTATION_CONTEXT('2D SPACE',''));
#640 = ORIENTED_EDGE('',*,*,#641,.T.);
#641 = EDGE_CURVE('',#619,#642,#644,.T.);
#642 = VERTEX_POINT('',#643);
#643 = CARTESIAN_POINT('',(1.22E+03,0.,225.));
#644 = SURFACE_CURVE('',#645,(#649,#656),.PCURVE_S1.);
#645 = LINE('',#646,#647);
#646 = CARTESIAN_POINT('',(1.22E+03,0.,0.));
#647 = VECTOR('',#648,1.);
#648 = DIRECTION('',(0.,0.,1.));
#649 = PCURVE('',#599,#650);
#650 = DEFINITIONAL_REPRESENTATION('',(#651),#655);
#651 = LINE('',#652,#653);
#652 = CARTESIAN_POINT('',(0.,-18.));
#653 = VECTOR('',#654,1.);
#654 = DIRECTION('',(1.,0.));
#655 =(GEOMETRIC_REPRESENTATION_CONTEXT(2)PARAMETRIC_REPRESENTATION_CONTEXT()REPRESENTATION_CONTEXT('2D SPACE',''));
#656 = PCURVE('',#547,#657);
#657 = DEFINITIONAL_REPRESENTATION('',(#658),#662);
#658 = LINE('',#659,#660);
#659 = CARTESIAN_POINT('',(0.,1.22E+03));
#660 = VECTOR('',#661,1.);
#661 = DIRECTION('',(1.,0.));
#662 =(GEOMETRIC_REPRESENTATION_CONTEXT(2)PARAMETRIC_REPRESENTATION_CONTEXT()REPRESENTATION_CONTEXT('2D SPACE',''));
#663 = ORIENTED_EDGE('',*,*,#664,.F.);
#664 = EDGE_CURVE('',#591,#642,#665,.T.);
#665 = SURFACE_CURVE('',#666,(#670,#677),.PCURVE_S1.);
#666 = LINE('',#667,#668);
#667 = CARTESIAN_POINT('',(1.22E+03,-18.,225.));
#668 = VECTOR('',#669,1.);
#669 = DIRECTION('',(0.,1.,0.));
#670 = PCURVE('',#599,#671);
#671 = DEFINITIONAL_REPRESENTATION('',(#672),#676);
#672 = LINE('',#673,#674);
#673 = CARTESIAN_POINT('',(225.,0.));
#674 = VECTOR('',#675,1.);
#675 = DIRECTION('',(0.,-1.));
#676 =(GEOMETRIC_REPRESENTATION_CONTEXT(2)PARAMETRIC_REPRESENTATION_CONTEXT()REPRESENTATION_CONTEXT('2D SPACE',''));
#677 = PCURVE('',#573,#678);
#678 = DEFINITIONAL_REPRESENTATION('',(#679),#683);
#679 = LINE('',#680,#681);
#680 = CARTESIAN_POINT('',(1.22E+03,0.));
#681 = VECTOR('',#682,1.);
#682 = DIRECTION('',(0.,1.));
#683 =(GEOMETRIC_REPRESENTATION_CONTEXT(2)PARAMETRIC_REPRESENTATION_CONTEXT()REPRESENTATION_CONTEXT('2D SPACE',''));
#684 = ADVANCED_FACE('',(#685),#491,.F.);
#685 = FACE_BOUND('',#686,.F.);
#686 = EDGE_LOOP('',(#687,#708,#709,#730));
#687 = ORIENTED_EDGE('',*,*,#688,.F.);
#688 = EDGE_CURVE('',#469,#589,#689,.T.);
#689 = SURFACE_CURVE('',#690,(#694,#701),.PCURVE_S1.);
#690 = LINE('',#691,#692);
#691 = CARTESIAN_POINT('',(0.,-18.,0.));
#692 = VECTOR('',#693,1.);
#693 = DIRECTION('',(1.,0.,0.));
#694 = PCURVE('',#491,#695);
#695 = DEFINITIONAL_REPRESENTATION('',(#696),#700);
#696 = LINE('',#697,#698);
#697 = CARTESIAN_POINT('',(0.,0.));
#698 = VECTOR('',#699,1.);
#699 = DIRECTION('',(0.,1.));
#700 =(GEOMETRIC_REPRESENTATION_CONTEXT(2)PARAMETRIC_REPRESENTATION_CONTEXT()REPRESENTATION_CONTEXT('2D SPACE',''));
#701 = PCURVE('',#519,#702);
#702 = DEFINITIONAL_REPRESENTATION('',(#703),#707);
#703 = LINE('',#704,#705);
#704 = CARTESIAN_POINT('',(0.,0.));
#705 = VECTOR('',#706,1.);
#706 = DIRECTION('',(1.,0.));
#707 =(GEOMETRIC_REPRESENTATION_CONTEXT(2)PARAMETRIC_REPRESENTATION_CONTEXT()REPRESENTATION_CONTEXT('2D SPACE',''));
#708 = ORIENTED_EDGE('',*,*,#468,.T.);
#709 = ORIENTED_EDGE('',*,*,#710,.T.);
#710 = EDGE_CURVE('',#471,#591,#711,.T.);
#711 = SURFACE_CURVE('',#712,(#716,#723),.PCURVE_S1.);
#712 = LINE('',#713,#714);
#713 = CARTESIAN_POINT('',(0.,-18.,225.));
#714 = VECTOR('',#715,1.);
#715 = DIRECTION('',(1.,0.,0.));
#716 = PCURVE('',#491,#717);
#717 = DEFINITIONAL_REPRESENTATION('',(#718),#722);
#718 = LINE('',#719,#720);
#719 = CARTESIAN_POINT('',(225.,0.));
#720 = VECTOR('',#721,1.);
#721 = DIRECTION('',(0.,1.));
#722 =(GEOMETRIC_REPRESENTATION_CONTEXT(2)PARAMETRIC_REPRESENTATION_CONTEXT()REPRESENTATION_CONTEXT('2D SPACE',''));
#723 = PCURVE('',#573,#724);
#724 = DEFINITIONAL_REPRESENTATION('',(#725),#729);
#725 = LINE('',#726,#727);
#726 = CARTESIAN_POINT('',(0.,0.));
#727 = VECTOR('',#728,1.);
#728 = DIRECTION('',(1.,0.));
#729 =(GEOMETRIC_REPRESENTATION_CONTEXT(2)PARAMETRIC_REPRESENTATION_CONTEXT()REPRESENTATION_CONTEXT('2D SPACE',''));
#730 = ORIENTED_EDGE('',*,*,#588,.F.);
#731 = ADVANCED_FACE('',(#732),#547,.T.);
#732 = FACE_BOUND('',#733,.T.);
#733 = EDGE_LOOP('',(#734,#755,#756,#777));
#734 = ORIENTED_EDGE('',*,*,#735,.F.);
#735 = EDGE_CURVE('',#504,#619,#736,.T.);
#736 = SURFACE_CURVE('',#737,(#741,#748),.PCURVE_S1.);
#737 = LINE('',#738,#739);
#738 = CARTESIAN_POINT('',(0.,0.,0.));
#739 = VECTOR('',#740,1.);
#740 = DIRECTION('',(1.,0.,0.));
#741 = PCURVE('',#547,#742);
#742 = DEFINITIONAL_REPRESENTATION('',(#743),#747);
#743 = LINE('',#744,#745);
#744 = CARTESIAN_POINT('',(0.,0.));
#745 = VECTOR('',#746,1.);
#746 = DIRECTION('',(0.,1.));
#747 =(GEOMETRIC_REPRESENTATION_CONTEXT(2)PARAMETRIC_REPRESENTATION_CONTEXT()REPRESENTATION_CONTEXT('2D SPACE',''));
#748 = PCURVE('',#519,#749);
#749 = DEFINITIONAL_REPRESENTATION('',(#750),#754);
#750 = LINE('',#751,#752);
#751 = CARTESIAN_POINT('',(0.,18.));
#752 = VECTOR('',#753,1.);
#753 = DIRECTION('',(1.,0.));
#754 =(GEOMETRIC_REPRESENTATION_CONTEXT(2)PARAMETRIC_REPRESENTATION_CONTEXT()REPRESENTATION_CONTEXT('2D SPACE',''));
#755 = ORIENTED_EDGE('',*,*,#531,.T.);
#756 = ORIENTED_EDGE('',*,*,#757,.T.);
#757 = EDGE_CURVE('',#532,#642,#758,.T.);
#758 = SURFACE_CURVE('',#759,(#763,#770),.PCURVE_S1.);
#759 = LINE('',#760,#761);
#760 = CARTESIAN_POINT('',(0.,0.,225.));
#761 = VECTOR('',#762,1.);
#762 = DIRECTION('',(1.,0.,0.));
#763 = PCURVE('',#547,#764);
#764 = DEFINITIONAL_REPRESENTATION('',(#765),#769);
#765 = LINE('',#766,#767);
#766 = CARTESIAN_POINT('',(225.,0.));
#767 = VECTOR('',#768,1.);
#768 = DIRECTION('',(0.,1.));
#769 =(GEOMETRIC_REPRESENTATION_CONTEXT(2)PARAMETRIC_REPRESENTATION_CONTEXT()REPRESENTATION_CONTEXT('2D SPACE',''));
#770 = PCURVE('',#573,#771);
#771 = DEFINITIONAL_REPRESENTATION('',(#772),#776);
#772 = LINE('',#773,#774);
#773 = CARTESIAN_POINT('',(0.,18.));
#774 = VECTOR('',#775,1.);
#775 = DIRECTION('',(1.,0.));
#776 =(GEOMETRIC_REPRESENTATION_CONTEXT(2)PARAMETRIC_REPRESENTATION_CONTEXT()REPRESENTATION_CONTEXT('2D SPACE',''));
#777 = ORIENTED_EDGE('',*,*,#641,.F.);
#778 = ADVANCED_FACE('',(#779),#519,.F.);
#779 = FACE_BOUND('',#780,.F.);
#780 = EDGE_LOOP('',(#781,#782,#783,#784));
#781 = ORIENTED_EDGE('',*,*,#503,.F.);
#782 = ORIENTED_EDGE('',*,*,#688,.T.);
#783 = ORIENTED_EDGE('',*,*,#618,.T.);
#784 = ORIENTED_EDGE('',*,*,#735,.F.);
#785 = ADVANCED_FACE('',(#786),#573,.T.);
#786 = FACE_BOUND('',#787,.T.);
#787 = EDGE_LOOP('',(#788,#789,#790,#791));
#788 = ORIENTED_EDGE('',*,*,#559,.F.);
#789 = ORIENTED_EDGE('',*,*,#710,.T.);
#790 = ORIENTED_EDGE('',*,*,#664,.T.);
#791 = ORIENTED_EDGE('',*,*,#757,.F.);
#792 =(GEOMETRIC_REPRESENTATION_CONTEXT(3)GLOBAL_UNCERTAINTY_ASSIGNED_CONTEXT((#796))GLOBAL_UNIT_ASSIGNED_CONTEXT((#793,#794,#795))REPRESENTATION_CONTEXT('Context #1','3D Context with UNIT and UNCERTAINTY'));
#793 =(LENGTH_UNIT()NAMED_UNIT(*)SI_UNIT(.MILLI.,.METRE.));
#794 =(NAMED_UNIT(*)PLANE_ANGLE_UNIT()SI_UNIT($,.RADIAN.));
#795 =(NAMED_UNIT(*)SI_UNIT($,.STERADIAN.)SOLID_ANGLE_UNIT());
#796 = UNCERTAINTY_MEASURE_WITH_UNIT(LENGTH_MEASURE(1.E-07),#793,'distance_accuracy_value','confusion accuracy');
#797 = CONTEXT_DEPENDENT_SHAPE_REPRESENTATION(#798,#800);
#798 =(REPRESENTATION_RELATIONSHIP('','',#461,#10)REPRESENTATION_RELATIONSHIP_WITH_TRANSFORMATION(#799)SHAPE_REPRESENTATION_RELATIONSHIP());
#799 = ITEM_DEFINED_TRANSFORMATION('','',#11,#19);
#800 = PRODUCT_DEFINITION_SHAPE('Placement','Placement of an item',#801);
#801 = NEXT_ASSEMBLY_USAGE_OCCURRENCE('2','kicker_right','',#5,#456,$);
#802 = PRODUCT_RELATED_PRODUCT_CATEGORY('part',$,(#458));
#803 = SHAPE_DEFINITION_REPRESENTATION(#804,#810);
#804 = PRODUCT_DEFINITION_SHAPE('','',#805);
#805 = PRODUCT_DEFINITION('design','',#806,#809);
#806 = PRODUCT_DEFINITION_FORMATION('','',#807);
#807 = PRODUCT('main_lower_left','main_lower_left','',(#808));
#808 = PRODUCT_CONTEXT('',#2,'mechanical');
#809 = PRODUCT_DEFINITION_CONTEXT('part definition',#2,'design');
#810 = ADVANCED_BREP_SHAPE_REPRESENTATION('',(#11,#811),#1141);
#811 = MANIFOLD_SOLID_BREP('',#812);
#812 = CLOSED_SHELL('',(#813,#933,#1033,#1080,#1127,#1134));
#813 = ADVANCED_FACE('',(#814),#828,.F.);
#814 = FACE_BOUND('',#815,.F.);
#815 = EDGE_LOOP('',(#816,#851,#879,#907));
#816 = ORIENTED_EDGE('',*,*,#817,.F.);
#817 = EDGE_CURVE('',#818,#820,#822,.T.);
#818 = VERTEX_POINT('',#819);
#819 = CARTESIAN_POINT('',(-1.22E+03,-13.78879997614,236.57017697435));
#820 = VERTEX_POINT('',#821);
#821 = CARTESIAN_POINT('',(-1.22E+03,770.41208384143,1.17114439758E+03));
#822 = SURFACE_CURVE('',#823,(#827,#839),.PCURVE_S1.);
#823 = LINE('',#824,#825);
#824 = CARTESIAN_POINT('',(-1.22E+03,-13.78879997614,236.57017697435));
#825 = VECTOR('',#826,1.);
#826 = DIRECTION('',(0.,0.642787609687,0.766044443119));
#827 = PCURVE('',#828,#833);
#828 = PLANE('',#829);
#829 = AXIS2_PLACEMENT_3D('',#830,#831,#832);
#830 = CARTESIAN_POINT('',(-1.22E+03,-13.78879997614,236.57017697435));
#831 = DIRECTION('',(1.,0.,0.));
#832 = DIRECTION('',(0.,0.642787609687,0.766044443119));
#833 = DEFINITIONAL_REPRESENTATION('',(#834),#838);
#834 = LINE('',#835,#836);
#835 = CARTESIAN_POINT('',(0.,0.));
#836 = VECTOR('',#837,1.);
#837 = DIRECTION('',(1.,0.));
#838 =(GEOMETRIC_REPRESENTATION_CONTEXT(2)PARAMETRIC_REPRESENTATION_CONTEXT()REPRESENTATION_CONTEXT('2D SPACE',''));
#839 = PCURVE('',#840,#845);
#840 = PLANE('',#841);
#841 = AXIS2_PLACEMENT_3D('',#842,#843,#844);
#842 = CARTESIAN_POINT('',(-1.22E+03,-13.78879997614,236.57017697435));
#843 = DIRECTION('',(0.,0.766044443119,-0.642787609687));
#844 = DIRECTION('',(0.,0.642787609687,0.766044443119));
#845 = DEFINITIONAL_REPRESENTATION('',(#846),#850);
#846 = LINE('',#847,#848);
#847 = CARTESIAN_POINT('',(0.,0.));
#848 = VECTOR('',#849,1.);
#849 = DIRECTION('',(1.,0.));
#850 =(GEOMETRIC_REPRESENTATION_CONTEXT(2)PARAMETRIC_REPRESENTATION_CONTEXT()REPRESENTATION_CONTEXT('2D SPACE',''));
#851 = ORIENTED_EDGE('',*,*,#852,.T.);
#852 = EDGE_CURVE('',#818,#853,#855,.T.);
#853 = VERTEX_POINT('',#854);
#854 = CARTESIAN_POINT('',(-1.22E+03,0.,225.));
#855 = SURFACE_CURVE('',#856,(#860,#867),.PCURVE_S1.);
#856 = LINE('',#857,#858);
#857 = CARTESIAN_POINT('',(-1.22E+03,-13.78879997614,236.57017697435));
#858 = VECTOR('',#859,1.);
#859 = DIRECTION('',(0.,0.766044443119,-0.642787609687));
#860 = PCURVE('',#828,#861);
#861 = DEFINITIONAL_REPRESENTATION('',(#862),#866);
#862 = LINE('',#863,#864);
#863 = CARTESIAN_POINT('',(0.,0.));
#864 = VECTOR('',#865,1.);
#865 = DIRECTION('',(0.,-1.));
#866 =(GEOMETRIC_REPRESENTATION_CONTEXT(2)PARAMETRIC_REPRESENTATION_CONTEXT()REPRESENTATION_CONTEXT('2D SPACE',''));
#867 = PCURVE('',#868,#873);
#868 = PLANE('',#869);
#869 = AXIS2_PLACEMENT_3D('',#870,#871,#872);
#870 = CARTESIAN_POINT('',(-1.22E+03,-13.78879997614,236.57017697435));
#871 = DIRECTION('',(0.,0.642787609687,0.766044443119));
#872 = DIRECTION('',(1.,0.,0.));
#873 = DEFINITIONAL_REPRESENTATION('',(#874),#878);
#874 = LINE('',#875,#876);
#875 = CARTESIAN_POINT('',(0.,0.));
#876 = VECTOR('',#877,1.);
#877 = DIRECTION('',(0.,1.));
#878 =(GEOMETRIC_REPRESENTATION_CONTEXT(2)PARAMETRIC_REPRESENTATION_CONTEXT()REPRESENTATION_CONTEXT('2D SPACE',''));
#879 = ORIENTED_EDGE('',*,*,#880,.T.);
#880 = EDGE_CURVE('',#853,#881,#883,.T.);
#881 = VERTEX_POINT('',#882);
#882 = CARTESIAN_POINT('',(-1.22E+03,784.20088381757,1.159574220605E+03));
#883 = SURFACE_CURVE('',#884,(#888,#895),.PCURVE_S1.);
#884 = LINE('',#885,#886);
#885 = CARTESIAN_POINT('',(-1.22E+03,0.,225.));
#886 = VECTOR('',#887,1.);
#887 = DIRECTION('',(0.,0.642787609687,0.766044443119));
#888 = PCURVE('',#828,#889);
#889 = DEFINITIONAL_REPRESENTATION('',(#890),#894);
#890 = LINE('',#891,#892);
#891 = CARTESIAN_POINT('',(-1.7763568394E-15,-18.));
#892 = VECTOR('',#893,1.);
#893 = DIRECTION('',(1.,0.));
#894 =(GEOMETRIC_REPRESENTATION_CONTEXT(2)PARAMETRIC_REPRESENTATION_CONTEXT()REPRESENTATION_CONTEXT('2D SPACE',''));
#895 = PCURVE('',#896,#901);
#896 = PLANE('',#897);
#897 = AXIS2_PLACEMENT_3D('',#898,#899,#900);
#898 = CARTESIAN_POINT('',(-1.22E+03,0.,225.));
#899 = DIRECTION('',(0.,0.766044443119,-0.642787609687));
#900 = DIRECTION('',(0.,0.642787609687,0.766044443119));
#901 = DEFINITIONAL_REPRESENTATION('',(#902),#906);
#902 = LINE('',#903,#904);
#903 = CARTESIAN_POINT('',(0.,0.));
#904 = VECTOR('',#905,1.);
#905 = DIRECTION('',(1.,0.));
#906 =(GEOMETRIC_REPRESENTATION_CONTEXT(2)PARAMETRIC_REPRESENTATION_CONTEXT()REPRESENTATION_CONTEXT('2D SPACE',''));
#907 = ORIENTED_EDGE('',*,*,#908,.F.);
#908 = EDGE_CURVE('',#820,#881,#909,.T.);
#909 = SURFACE_CURVE('',#910,(#914,#921),.PCURVE_S1.);
#910 = LINE('',#911,#912);
#911 = CARTESIAN_POINT('',(-1.22E+03,770.41208384143,1.17114439758E+03));
#912 = VECTOR('',#913,1.);
#913 = DIRECTION('',(0.,0.766044443119,-0.642787609687));
#914 = PCURVE('',#828,#915);
#915 = DEFINITIONAL_REPRESENTATION('',(#916),#920);
#916 = LINE('',#917,#918);
#917 = CARTESIAN_POINT('',(1.22E+03,0.));
#918 = VECTOR('',#919,1.);
#919 = DIRECTION('',(0.,-1.));
#920 =(GEOMETRIC_REPRESENTATION_CONTEXT(2)PARAMETRIC_REPRESENTATION_CONTEXT()REPRESENTATION_CONTEXT('2D SPACE',''));
#921 = PCURVE('',#922,#927);
#922 = PLANE('',#923);
#923 = AXIS2_PLACEMENT_3D('',#924,#925,#926);
#924 = CARTESIAN_POINT('',(-1.22E+03,770.41208384143,1.17114439758E+03));
#925 = DIRECTION('',(0.,0.642787609687,0.766044443119));
#926 = DIRECTION('',(1.,0.,0.));
#927 = DEFINITIONAL_REPRESENTATION('',(#928),#932);
#928 = LINE('',#929,#930);
#929 = CARTESIAN_POINT('',(0.,0.));
#930 = VECTOR('',#931,1.);
#931 = DIRECTION('',(0.,1.));
#932 =(GEOMETRIC_REPRESENTATION_CONTEXT(2)PARAMETRIC_REPRESENTATION_CONTEXT()REPRESENTATION_CONTEXT('2D SPACE',''));
#933 = ADVANCED_FACE('',(#934),#948,.T.);
#934 = FACE_BOUND('',#935,.T.);
#935 = EDGE_LOOP('',(#936,#966,#989,#1012));
#936 = ORIENTED_EDGE('',*,*,#937,.F.);
#937 = EDGE_CURVE('',#938,#940,#942,.T.);
#938 = VERTEX_POINT('',#939);
#939 = CARTESIAN_POINT('',(0.,-13.78879997614,236.57017697435));
#940 = VERTEX_POINT('',#941);
#941 = CARTESIAN_POINT('',(0.,770.41208384143,1.17114439758E+03));
#942 = SURFACE_CURVE('',#943,(#947,#959),.PCURVE_S1.);
#943 = LINE('',#944,#945);
#944 = CARTESIAN_POINT('',(0.,-13.78879997614,236.57017697435));
#945 = VECTOR('',#946,1.);
#946 = DIRECTION('',(0.,0.642787609687,0.766044443119));
#947 = PCURVE('',#948,#953);
#948 = PLANE('',#949);
#949 = AXIS2_PLACEMENT_3D('',#950,#951,#952);
#950 = CARTESIAN_POINT('',(0.,-13.78879997614,236.57017697435));
#951 = DIRECTION('',(1.,0.,0.));
#952 = DIRECTION('',(0.,0.642787609687,0.766044443119));
#953 = DEFINITIONAL_REPRESENTATION('',(#954),#958);
#954 = LINE('',#955,#956);
#955 = CARTESIAN_POINT('',(0.,0.));
#956 = VECTOR('',#957,1.);
#957 = DIRECTION('',(1.,0.));
#958 =(GEOMETRIC_REPRESENTATION_CONTEXT(2)PARAMETRIC_REPRESENTATION_CONTEXT()REPRESENTATION_CONTEXT('2D SPACE',''));
#959 = PCURVE('',#840,#960);
#960 = DEFINITIONAL_REPRESENTATION('',(#961),#965);
#961 = LINE('',#962,#963);
#962 = CARTESIAN_POINT('',(0.,1.22E+03));
#963 = VECTOR('',#964,1.);
#964 = DIRECTION('',(1.,0.));
#965 =(GEOMETRIC_REPRESENTATION_CONTEXT(2)PARAMETRIC_REPRESENTATION_CONTEXT()REPRESENTATION_CONTEXT('2D SPACE',''));
#966 = ORIENTED_EDGE('',*,*,#967,.T.);
#967 = EDGE_CURVE('',#938,#968,#970,.T.);
#968 = VERTEX_POINT('',#969);
#969 = CARTESIAN_POINT('',(0.,0.,225.));
#970 = SURFACE_CURVE('',#971,(#975,#982),.PCURVE_S1.);
#971 = LINE('',#972,#973);
#972 = CARTESIAN_POINT('',(0.,-13.78879997614,236.57017697435));
#973 = VECTOR('',#974,1.);
#974 = DIRECTION('',(0.,0.766044443119,-0.642787609687));
#975 = PCURVE('',#948,#976);
#976 = DEFINITIONAL_REPRESENTATION('',(#977),#981);
#977 = LINE('',#978,#979);
#978 = CARTESIAN_POINT('',(0.,0.));
#979 = VECTOR('',#980,1.);
#980 = DIRECTION('',(0.,-1.));
#981 =(GEOMETRIC_REPRESENTATION_CONTEXT(2)PARAMETRIC_REPRESENTATION_CONTEXT()REPRESENTATION_CONTEXT('2D SPACE',''));
#982 = PCURVE('',#868,#983);
#983 = DEFINITIONAL_REPRESENTATION('',(#984),#988);
#984 = LINE('',#985,#986);
#985 = CARTESIAN_POINT('',(1.22E+03,0.));
#986 = VECTOR('',#987,1.);
#987 = DIRECTION('',(0.,1.));
#988 =(GEOMETRIC_REPRESENTATION_CONTEXT(2)PARAMETRIC_REPRESENTATION_CONTEXT()REPRESENTATION_CONTEXT('2D SPACE',''));
#989 = ORIENTED_EDGE('',*,*,#990,.T.);
#990 = EDGE_CURVE('',#968,#991,#993,.T.);
#991 = VERTEX_POINT('',#992);
#992 = CARTESIAN_POINT('',(0.,784.20088381757,1.159574220605E+03));
#993 = SURFACE_CURVE('',#994,(#998,#1005),.PCURVE_S1.);
#994 = LINE('',#995,#996);
#995 = CARTESIAN_POINT('',(0.,0.,225.));
#996 = VECTOR('',#997,1.);
#997 = DIRECTION('',(0.,0.642787609687,0.766044443119));
#998 = PCURVE('',#948,#999);
#999 = DEFINITIONAL_REPRESENTATION('',(#1000),#1004);
#1000 = LINE('',#1001,#1002);
#1001 = CARTESIAN_POINT('',(-1.7763568394E-15,-18.));
#1002 = VECTOR('',#1003,1.);
#1003 = DIRECTION('',(1.,0.));
#1004 =(GEOMETRIC_REPRESENTATION_CONTEXT(2)PARAMETRIC_REPRESENTATION_CONTEXT()REPRESENTATION_CONTEXT('2D SPACE',''));
#1005 = PCURVE('',#896,#1006);
#1006 = DEFINITIONAL_REPRESENTATION('',(#1007),#1011);
#1007 = LINE('',#1008,#1009);
#1008 = CARTESIAN_POINT('',(0.,1.22E+03));
#1009 = VECTOR('',#1010,1.);
#1010 = DIRECTION('',(1.,0.));
#1011 =(GEOMETRIC_REPRESENTATION_CONTEXT(2)PARAMETRIC_REPRESENTATION_CONTEXT()REPRESENTATION_CONTEXT('2D SPACE',''));
#1012 = ORIENTED_EDGE('',*,*,#1013,.F.);
#1013 = EDGE_CURVE('',#940,#991,#1014,.T.);
#1014 = SURFACE_CURVE('',#1015,(#1019,#1026),.PCURVE_S1.);
#1015 = LINE('',#1016,#1017);
#1016 = CARTESIAN_POINT('',(0.,770.41208384143,1.17114439758E+03));
#1017 = VECTOR('',#1018,1.);
#1018 = DIRECTION('',(0.,0.766044443119,-0.642787609687));
#1019 = PCURVE('',#948,#1020);
#1020 = DEFINITIONAL_REPRESENTATION('',(#1021),#1025);
#1021 = LINE('',#1022,#1023);
#1022 = CARTESIAN_POINT('',(1.22E+03,0.));
#1023 = VECTOR('',#1024,1.);
#1024 = DIRECTION('',(0.,-1.));
#1025 =(GEOMETRIC_REPRESENTATION_CONTEXT(2)PARAMETRIC_REPRESENTATION_CONTEXT()REPRESENTATION_CONTEXT('2D SPACE',''));
#1026 = PCURVE('',#922,#1027);
#1027 = DEFINITIONAL_REPRESENTATION('',(#1028),#1032);
#1028 = LINE('',#1029,#1030);
#1029 = CARTESIAN_POINT('',(1.22E+03,0.));
#1030 = VECTOR('',#1031,1.);
#1031 = DIRECTION('',(0.,1.));
#1032 =(GEOMETRIC_REPRESENTATION_CONTEXT(2)PARAMETRIC_REPRESENTATION_CONTEXT()REPRESENTATION_CONTEXT('2D SPACE',''));
#1033 = ADVANCED_FACE('',(#1034),#840,.F.);
#1034 = FACE_BOUND('',#1035,.F.);
#1035 = EDGE_LOOP('',(#1036,#1057,#1058,#1079));
#1036 = ORIENTED_EDGE('',*,*,#1037,.F.);
#1037 = EDGE_CURVE('',#818,#938,#1038,.T.);
#1038 = SURFACE_CURVE('',#1039,(#1043,#1050),.PCURVE_S1.);
#1039 = LINE('',#1040,#1041);
#1040 = CARTESIAN_POINT('',(-1.22E+03,-13.78879997614,236.57017697435));
#1041 = VECTOR('',#1042,1.);
#1042 = DIRECTION('',(1.,0.,0.));
#1043 = PCURVE('',#840,#1044);
#1044 = DEFINITIONAL_REPRESENTATION('',(#1045),#1049);
#1045 = LINE('',#1046,#1047);
#1046 = CARTESIAN_POINT('',(0.,0.));
#1047 = VECTOR('',#1048,1.);
#1048 = DIRECTION('',(0.,1.));
#1049 =(GEOMETRIC_REPRESENTATION_CONTEXT(2)PARAMETRIC_REPRESENTATION_CONTEXT()REPRESENTATION_CONTEXT('2D SPACE',''));
#1050 = PCURVE('',#868,#1051);
#1051 = DEFINITIONAL_REPRESENTATION('',(#1052),#1056);
#1052 = LINE('',#1053,#1054);
#1053 = CARTESIAN_POINT('',(0.,0.));
#1054 = VECTOR('',#1055,1.);
#1055 = DIRECTION('',(1.,0.));
#1056 =(GEOMETRIC_REPRESENTATION_CONTEXT(2)PARAMETRIC_REPRESENTATION_CONTEXT()REPRESENTATION_CONTEXT('2D SPACE',''));
#1057 = ORIENTED_EDGE('',*,*,#817,.T.);
#1058 = ORIENTED_EDGE('',*,*,#1059,.T.);
#1059 = EDGE_CURVE('',#820,#940,#1060,.T.);
#1060 = SURFACE_CURVE('',#1061,(#1065,#1072),.PCURVE_S1.);
#1061 = LINE('',#1062,#1063);
#1062 = CARTESIAN_POINT('',(-1.22E+03,770.41208384143,1.17114439758E+03));
#1063 = VECTOR('',#1064,1.);
#1064 = DIRECTION('',(1.,0.,0.));
#1065 = PCURVE('',#840,#1066);
#1066 = DEFINITIONAL_REPRESENTATION('',(#1067),#1071);
#1067 = LINE('',#1068,#1069);
#1068 = CARTESIAN_POINT('',(1.22E+03,0.));
#1069 = VECTOR('',#1070,1.);
#1070 = DIRECTION('',(0.,1.));
#1071 =(GEOMETRIC_REPRESENTATION_CONTEXT(2)PARAMETRIC_REPRESENTATION_CONTEXT()REPRESENTATION_CONTEXT('2D SPACE',''));
#1072 = PCURVE('',#922,#1073);
#1073 = DEFINITIONAL_REPRESENTATION('',(#1074),#1078);
#1074 = LINE('',#1075,#1076);
#1075 = CARTESIAN_POINT('',(0.,0.));
#1076 = VECTOR('',#1077,1.);
#1077 = DIRECTION('',(1.,0.));
#1078 =(GEOMETRIC_REPRESENTATION_CONTEXT(2)PARAMETRIC_REPRESENTATION_CONTEXT()REPRESENTATION_CONTEXT('2D SPACE',''));
#1079 = ORIENTED_EDGE('',*,*,#937,.F.);
#1080 = ADVANCED_FACE('',(#1081),#896,.T.);
#1081 = FACE_BOUND('',#1082,.T.);
#1082 = EDGE_LOOP('',(#1083,#1104,#1105,#1126));
#1083 = ORIENTED_EDGE('',*,*,#1084,.F.);
#1084 = EDGE_CURVE('',#853,#968,#1085,.T.);
#1085 = SURFACE_CURVE('',#1086,(#1090,#1097),.PCURVE_S1.);
#1086 = LINE('',#1087,#1088);
#1087 = CARTESIAN_POINT('',(-1.22E+03,0.,225.));
#1088 = VECTOR('',#1089,1.);
#1089 = DIRECTION('',(1.,0.,0.));
#1090 = PCURVE('',#896,#1091);
#1091 = DEFINITIONAL_REPRESENTATION('',(#1092),#1096);
#1092 = LINE('',#1093,#1094);
#1093 = CARTESIAN_POINT('',(0.,0.));
#1094 = VECTOR('',#1095,1.);
#1095 = DIRECTION('',(0.,1.));
#1096 =(GEOMETRIC_REPRESENTATION_CONTEXT(2)PARAMETRIC_REPRESENTATION_CONTEXT()REPRESENTATION_CONTEXT('2D SPACE',''));
#1097 = PCURVE('',#868,#1098);
#1098 = DEFINITIONAL_REPRESENTATION('',(#1099),#1103);
#1099 = LINE('',#1100,#1101);
#1100 = CARTESIAN_POINT('',(0.,18.));
#1101 = VECTOR('',#1102,1.);
#1102 = DIRECTION('',(1.,0.));
#1103 =(GEOMETRIC_REPRESENTATION_CONTEXT(2)PARAMETRIC_REPRESENTATION_CONTEXT()REPRESENTATION_CONTEXT('2D SPACE',''));
#1104 = ORIENTED_EDGE('',*,*,#880,.T.);
#1105 = ORIENTED_EDGE('',*,*,#1106,.T.);
#1106 = EDGE_CURVE('',#881,#991,#1107,.T.);
#1107 = SURFACE_CURVE('',#1108,(#1112,#1119),.PCURVE_S1.);
#1108 = LINE('',#1109,#1110);
#1109 = CARTESIAN_POINT('',(-1.22E+03,784.20088381757,1.159574220605E+03));
#1110 = VECTOR('',#1111,1.);
#1111 = DIRECTION('',(1.,0.,0.));
#1112 = PCURVE('',#896,#1113);
#1113 = DEFINITIONAL_REPRESENTATION('',(#1114),#1118);
#1114 = LINE('',#1115,#1116);
#1115 = CARTESIAN_POINT('',(1.22E+03,0.));
#1116 = VECTOR('',#1117,1.);
#1117 = DIRECTION('',(0.,1.));
#1118 =(GEOMETRIC_REPRESENTATION_CONTEXT(2)PARAMETRIC_REPRESENTATION_CONTEXT()REPRESENTATION_CONTEXT('2D SPACE',''));
#1119 = PCURVE('',#922,#1120);
#1120 = DEFINITIONAL_REPRESENTATION('',(#1121),#1125);
#1121 = LINE('',#1122,#1123);
#1122 = CARTESIAN_POINT('',(0.,18.));
#1123 = VECTOR('',#1124,1.);
#1124 = DIRECTION('',(1.,0.));
#1125 =(GEOMETRIC_REPRESENTATION_CONTEXT(2)PARAMETRIC_REPRESENTATION_CONTEXT()REPRESENTATION_CONTEXT('2D SPACE',''));
#1126 = ORIENTED_EDGE('',*,*,#990,.F.);
#1127 = ADVANCED_FACE('',(#1128),#868,.F.);
#1128 = FACE_BOUND('',#1129,.F.);
#1129 = EDGE_LOOP('',(#1130,#1131,#1132,#1133));
#1130 = ORIENTED_EDGE('',*,*,#852,.F.);
#1131 = ORIENTED_EDGE('',*,*,#1037,.T.);
#1132 = ORIENTED_EDGE('',*,*,#967,.T.);
#1133 = ORIENTED_EDGE('',*,*,#1084,.F.);
#1134 = ADVANCED_FACE('',(#1135),#922,.T.);
#1135 = FACE_BOUND('',#1136,.T.);
#1136 = EDGE_LOOP('',(#1137,#1138,#1139,#1140));
#1137 = ORIENTED_EDGE('',*,*,#908,.F.);
#1138 = ORIENTED_EDGE('',*,*,#1059,.T.);
#1139 = ORIENTED_EDGE('',*,*,#1013,.T.);
#1140 = ORIENTED_EDGE('',*,*,#1106,.F.);
#1141 =(GEOMETRIC_REPRESENTATION_CONTEXT(3)GLOBAL_UNCERTAINTY_ASSIGNED_CONTEXT((#1145))GLOBAL_UNIT_ASSIGNED_CONTEXT((#1142,#1143,#1144))REPRESENTATION_CONTEXT('Context #1','3D Context with UNIT and UNCERTAINTY'));
#1142 =(LENGTH_UNIT()NAMED_UNIT(*)SI_UNIT(.MILLI.,.METRE.));
#1143 =(NAMED_UNIT(*)PLANE_ANGLE_UNIT()SI_UNIT($,.RADIAN.));
#1144 =(NAMED_UNIT(*)SI_UNIT($,.STERADIAN.)SOLID_ANGLE_UNIT());
#1145 = UNCERTAINTY_MEASURE_WITH_UNIT(LENGTH_MEASURE(1.E-07),#1142,'distance_accuracy_value','confusion accuracy');
#1146 = CONTEXT_DEPENDENT_SHAPE_REPRESENTATION(#1147,#1149);
#1147 =(REPRESENTATION_RELATIONSHIP('','',#810,#10)REPRESENTATION_RELATIONSHIP_WITH_TRANSFORMATION(#1148)SHAPE_REPRESENTATION_RELATIONSHIP());
#1148 = ITEM_DEFINED_TRANSFORMATION('','',#11,#23);
#1149 = PRODUCT_DEFINITION_SHAPE('Placement','Placement of an item',#1150);
#1150 = NEXT_ASSEMBLY_USAGE_OCCURRENCE('3','main_lower_left','',#5,#805,$);
#1151 = PRODUCT_RELATED_PRODUCT_CATEGORY('part',$,(#807));
#1152 = SHAPE_DEFINITION_REPRESENTATION(#1153,#1159);
#1153 = PRODUCT_DEFINITION_SHAPE('','',#1154);
#1154 = PRODUCT_DEFINITION('design','',#1155,#1158);
#1155 = PRODUCT_DEFINITION_FORMATION('','',#1156);
#1156 = PRODUCT('main_lower_right','main_lower_right','',(#1157));
#1157 = PRODUCT_CONTEXT('',#2,'mechanical');
#1158 = PRODUCT_DEFINITION_CONTEXT('part definition',#2,'design');
#1159 = ADVANCED_BREP_SHAPE_REPRESENTATION('',(#11,#1160),#1490);
#1160 = MANIFOLD_SOLID_BREP('',#1161);
#1161 = CLOSED_SHELL('',(#1162,#1282,#1382,#1429,#1476,#1483));
#1162 = ADVANCED_FACE('',(#1163),#1177,.F.);
#1163 = FACE_BOUND('',#1164,.F.);
#1164 = EDGE_LOOP('',(#1165,#1200,#1228,#1256));
#1165 = ORIENTED_EDGE('',*,*,#1166,.F.);
#1166 = EDGE_CURVE('',#1167,#1169,#1171,.T.);
#1167 = VERTEX_POINT('',#1168);
#1168 = CARTESIAN_POINT('',(0.,-13.78879997614,236.57017697435));
#1169 = VERTEX_POINT('',#1170);
#1170 = CARTESIAN_POINT('',(0.,770.41208384143,1.17114439758E+03));
#1171 = SURFACE_CURVE('',#1172,(#1176,#1188),.PCURVE_S1.);
#1172 = LINE('',#1173,#1174);
#1173 = CARTESIAN_POINT('',(0.,-13.78879997614,236.57017697435));
#1174 = VECTOR('',#1175,1.);
#1175 = DIRECTION('',(0.,0.642787609687,0.766044443119));
#1176 = PCURVE('',#1177,#1182);
#1177 = PLANE('',#1178);
#1178 = AXIS2_PLACEMENT_3D('',#1179,#1180,#1181);
#1179 = CARTESIAN_POINT('',(0.,-13.78879997614,236.57017697435));
#1180 = DIRECTION('',(1.,0.,0.));
#1181 = DIRECTION('',(0.,0.642787609687,0.766044443119));
#1182 = DEFINITIONAL_REPRESENTATION('',(#1183),#1187);
#1183 = LINE('',#1184,#1185);
#1184 = CARTESIAN_POINT('',(0.,0.));
#1185 = VECTOR('',#1186,1.);
#1186 = DIRECTION('',(1.,0.));
#1187 =(GEOMETRIC_REPRESENTATION_CONTEXT(2)PARAMETRIC_REPRESENTATION_CONTEXT()REPRESENTATION_CONTEXT('2D SPACE',''));
#1188 = PCURVE('',#1189,#1194);
#1189 = PLANE('',#1190);
#1190 = AXIS2_PLACEMENT_3D('',#1191,#1192,#1193);
#1191 = CARTESIAN_POINT('',(0.,-13.78879997614,236.57017697435));
#1192 = DIRECTION('',(0.,0.766044443119,-0.642787609687));
#1193 = DIRECTION('',(0.,0.642787609687,0.766044443119));
#1194 = DEFINITIONAL_REPRESENTATION('',(#1195),#1199);
#1195 = LINE('',#1196,#1197);
#1196 = CARTESIAN_POINT('',(0.,0.));
#1197 = VECTOR('',#1198,1.);
#1198 = DIRECTION('',(1.,0.));
#1199 =(GEOMETRIC_REPRESENTATION_CONTEXT(2)PARAMETRIC_REPRESENTATION_CONTEXT()REPRESENTATION_CONTEXT('2D SPACE',''));
#1200 = ORIENTED_EDGE('',*,*,#1201,.T.);
#1201 = EDGE_CURVE('',#1167,#1202,#1204,.T.);
#1202 = VERTEX_POINT('',#1203);
#1203 = CARTESIAN_POINT('',(0.,0.,225.));
#1204 = SURFACE_CURVE('',#1205,(#1209,#1216),.PCURVE_S1.);
#1205 = LINE('',#1206,#1207);
#1206 = CARTESIAN_POINT('',(0.,-13.78879997614,236.57017697435));
#1207 = VECTOR('',#1208,1.);
#1208 = DIRECTION('',(0.,0.766044443119,-0.642787609687));
#1209 = PCURVE('',#1177,#1210);
#1210 = DEFINITIONAL_REPRESENTATION('',(#1211),#1215);
#1211 = LINE('',#1212,#1213);
#1212 = CARTESIAN_POINT('',(0.,0.));
#1213 = VECTOR('',#1214,1.);
#1214 = DIRECTION('',(0.,-1.));
#1215 =(GEOMETRIC_REPRESENTATION_CONTEXT(2)PARAMETRIC_REPRESENTATION_CONTEXT()REPRESENTATION_CONTEXT('2D SPACE',''));
#1216 = PCURVE('',#1217,#1222);
#1217 = PLANE('',#1218);
#1218 = AXIS2_PLACEMENT_3D('',#1219,#1220,#1221);
#1219 = CARTESIAN_POINT('',(0.,-13.78879997614,236.57017697435));
#1220 = DIRECTION('',(0.,0.642787609687,0.766044443119));
#1221 = DIRECTION('',(1.,0.,0.));
#1222 = DEFINITIONAL_REPRESENTATION('',(#1223),#1227);
#1223 = LINE('',#1224,#1225);
#1224 = CARTESIAN_POINT('',(0.,0.));
#1225 = VECTOR('',#1226,1.);
#1226 = DIRECTION('',(0.,1.));
#1227 =(GEOMETRIC_REPRESENTATION_CONTEXT(2)PARAMETRIC_REPRESENTATION_CONTEXT()REPRESENTATION_CONTEXT('2D SPACE',''));
#1228 = ORIENTED_EDGE('',*,*,#1229,.T.);
#1229 = EDGE_CURVE('',#1202,#1230,#1232,.T.);
#1230 = VERTEX_POINT('',#1231);
#1231 = CARTESIAN_POINT('',(0.,784.20088381757,1.159574220605E+03));
#1232 = SURFACE_CURVE('',#1233,(#1237,#1244),.PCURVE_S1.);
#1233 = LINE('',#1234,#1235);
#1234 = CARTESIAN_POINT('',(0.,0.,225.));
#1235 = VECTOR('',#1236,1.);
#1236 = DIRECTION('',(0.,0.642787609687,0.766044443119));
#1237 = PCURVE('',#1177,#1238);
#1238 = DEFINITIONAL_REPRESENTATION('',(#1239),#1243);
#1239 = LINE('',#1240,#1241);
#1240 = CARTESIAN_POINT('',(-1.7763568394E-15,-18.));
#1241 = VECTOR('',#1242,1.);
#1242 = DIRECTION('',(1.,0.));
#1243 =(GEOMETRIC_REPRESENTATION_CONTEXT(2)PARAMETRIC_REPRESENTATION_CONTEXT()REPRESENTATION_CONTEXT('2D SPACE',''));
#1244 = PCURVE('',#1245,#1250);
#1245 = PLANE('',#1246);
#1246 = AXIS2_PLACEMENT_3D('',#1247,#1248,#1249);
#1247 = CARTESIAN_POINT('',(0.,0.,225.));
#1248 = DIRECTION('',(0.,0.766044443119,-0.642787609687));
#1249 = DIRECTION('',(0.,0.642787609687,0.766044443119));
#1250 = DEFINITIONAL_REPRESENTATION('',(#1251),#1255);
#1251 = LINE('',#1252,#1253);
#1252 = CARTESIAN_POINT('',(0.,0.));
#1253 = VECTOR('',#1254,1.);
#1254 = DIRECTION('',(1.,0.));
#1255 =(GEOMETRIC_REPRESENTATION_CONTEXT(2)PARAMETRIC_REPRESENTATION_CONTEXT()REPRESENTATION_CONTEXT('2D SPACE',''));
#1256 = ORIENTED_EDGE('',*,*,#1257,.F.);
#1257 = EDGE_CURVE('',#1169,#1230,#1258,.T.);
#1258 = SURFACE_CURVE('',#1259,(#1263,#1270),.PCURVE_S1.);
#1259 = LINE('',#1260,#1261);
#1260 = CARTESIAN_POINT('',(0.,770.41208384143,1.17114439758E+03));
#1261 = VECTOR('',#1262,1.);
#1262 = DIRECTION('',(0.,0.766044443119,-0.642787609687));
#1263 = PCURVE('',#1177,#1264);
#1264 = DEFINITIONAL_REPRESENTATION('',(#1265),#1269);
#1265 = LINE('',#1266,#1267);
#1266 = CARTESIAN_POINT('',(1.22E+03,0.));
#1267 = VECTOR('',#1268,1.);
#1268 = DIRECTION('',(0.,-1.));
#1269 =(GEOMETRIC_REPRESENTATION_CONTEXT(2)PARAMETRIC_REPRESENTATION_CONTEXT()REPRESENTATION_CONTEXT('2D SPACE',''));
#1270 = PCURVE('',#1271,#1276);
#1271 = PLANE('',#1272);
#1272 = AXIS2_PLACEMENT_3D('',#1273,#1274,#1275);
#1273 = CARTESIAN_POINT('',(0.,770.41208384143,1.17114439758E+03));
#1274 = DIRECTION('',(0.,0.642787609687,0.766044443119));
#1275 = DIRECTION('',(1.,0.,0.));
#1276 = DEFINITIONAL_REPRESENTATION('',(#1277),#1281);
#1277 = LINE('',#1278,#1279);
#1278 = CARTESIAN_POINT('',(0.,0.));
#1279 = VECTOR('',#1280,1.);
#1280 = DIRECTION('',(0.,1.));
#1281 =(GEOMETRIC_REPRESENTATION_CONTEXT(2)PARAMETRIC_REPRESENTATION_CONTEXT()REPRESENTATION_CONTEXT('2D SPACE',''));
#1282 = ADVANCED_FACE('',(#1283),#1297,.T.);
#1283 = FACE_BOUND('',#1284,.T.);
#1284 = EDGE_LOOP('',(#1285,#1315,#1338,#1361));
#1285 = ORIENTED_EDGE('',*,*,#1286,.F.);
#1286 = EDGE_CURVE('',#1287,#1289,#1291,.T.);
#1287 = VERTEX_POINT('',#1288);
#1288 = CARTESIAN_POINT('',(1.22E+03,-13.78879997614,236.57017697435));
#1289 = VERTEX_POINT('',#1290);
#1290 = CARTESIAN_POINT('',(1.22E+03,770.41208384143,1.17114439758E+03));
#1291 = SURFACE_CURVE('',#1292,(#1296,#1308),.PCURVE_S1.);
#1292 = LINE('',#1293,#1294);
#1293 = CARTESIAN_POINT('',(1.22E+03,-13.78879997614,236.57017697435));
#1294 = VECTOR('',#1295,1.);
#1295 = DIRECTION('',(0.,0.642787609687,0.766044443119));
#1296 = PCURVE('',#1297,#1302);
#1297 = PLANE('',#1298);
#1298 = AXIS2_PLACEMENT_3D('',#1299,#1300,#1301);
#1299 = CARTESIAN_POINT('',(1.22E+03,-13.78879997614,236.57017697435));
#1300 = DIRECTION('',(1.,0.,0.));
#1301 = DIRECTION('',(0.,0.642787609687,0.766044443119));
#1302 = DEFINITIONAL_REPRESENTATION('',(#1303),#1307);
#1303 = LINE('',#1304,#1305);
#1304 = CARTESIAN_POINT('',(0.,0.));
#1305 = VECTOR('',#1306,1.);
#1306 = DIRECTION('',(1.,0.));
#1307 =(GEOMETRIC_REPRESENTATION_CONTEXT(2)PARAMETRIC_REPRESENTATION_CONTEXT()REPRESENTATION_CONTEXT('2D SPACE',''));
#1308 = PCURVE('',#1189,#1309);
#1309 = DEFINITIONAL_REPRESENTATION('',(#1310),#1314);
#1310 = LINE('',#1311,#1312);
#1311 = CARTESIAN_POINT('',(0.,1.22E+03));
#1312 = VECTOR('',#1313,1.);
#1313 = DIRECTION('',(1.,0.));
#1314 =(GEOMETRIC_REPRESENTATION_CONTEXT(2)PARAMETRIC_REPRESENTATION_CONTEXT()REPRESENTATION_CONTEXT('2D SPACE',''));
#1315 = ORIENTED_EDGE('',*,*,#1316,.T.);
#1316 = EDGE_CURVE('',#1287,#1317,#1319,.T.);
#1317 = VERTEX_POINT('',#1318);
#1318 = CARTESIAN_POINT('',(1.22E+03,0.,225.));
#1319 = SURFACE_CURVE('',#1320,(#1324,#1331),.PCURVE_S1.);
#1320 = LINE('',#1321,#1322);
#1321 = CARTESIAN_POINT('',(1.22E+03,-13.78879997614,236.57017697435));
#1322 = VECTOR('',#1323,1.);
#1323 = DIRECTION('',(0.,0.766044443119,-0.642787609687));
#1324 = PCURVE('',#1297,#1325);
#1325 = DEFINITIONAL_REPRESENTATION('',(#1326),#1330);
#1326 = LINE('',#1327,#1328);
#1327 = CARTESIAN_POINT('',(0.,0.));
#1328 = VECTOR('',#1329,1.);
#1329 = DIRECTION('',(0.,-1.));
#1330 =(GEOMETRIC_REPRESENTATION_CONTEXT(2)PARAMETRIC_REPRESENTATION_CONTEXT()REPRESENTATION_CONTEXT('2D SPACE',''));
#1331 = PCURVE('',#1217,#1332);
#1332 = DEFINITIONAL_REPRESENTATION('',(#1333),#1337);
#1333 = LINE('',#1334,#1335);
#1334 = CARTESIAN_POINT('',(1.22E+03,0.));
#1335 = VECTOR('',#1336,1.);
#1336 = DIRECTION('',(0.,1.));
#1337 =(GEOMETRIC_REPRESENTATION_CONTEXT(2)PARAMETRIC_REPRESENTATION_CONTEXT()REPRESENTATION_CONTEXT('2D SPACE',''));
#1338 = ORIENTED_EDGE('',*,*,#1339,.T.);
#1339 = EDGE_CURVE('',#1317,#1340,#1342,.T.);
#1340 = VERTEX_POINT('',#1341);
#1341 = CARTESIAN_POINT('',(1.22E+03,784.20088381757,1.159574220605E+03));
#1342 = SURFACE_CURVE('',#1343,(#1347,#1354),.PCURVE_S1.);
#1343 = LINE('',#1344,#1345);
#1344 = CARTESIAN_POINT('',(1.22E+03,0.,225.));
#1345 = VECTOR('',#1346,1.);
#1346 = DIRECTION('',(0.,0.642787609687,0.766044443119));
#1347 = PCURVE('',#1297,#1348);
#1348 = DEFINITIONAL_REPRESENTATION('',(#1349),#1353);
#1349 = LINE('',#1350,#1351);
#1350 = CARTESIAN_POINT('',(-1.7763568394E-15,-18.));
#1351 = VECTOR('',#1352,1.);
#1352 = DIRECTION('',(1.,0.));
#1353 =(GEOMETRIC_REPRESENTATION_CONTEXT(2)PARAMETRIC_REPRESENTATION_CONTEXT()REPRESENTATION_CONTEXT('2D SPACE',''));
#1354 = PCURVE('',#1245,#1355);
#1355 = DEFINITIONAL_REPRESENTATION('',(#1356),#1360);
#1356 = LINE('',#1357,#1358);
#1357 = CARTESIAN_POINT('',(0.,1.22E+03));
#1358 = VECTOR('',#1359,1.);
#1359 = DIRECTION('',(1.,0.));
#1360 =(GEOMETRIC_REPRESENTATION_CONTEXT(2)PARAMETRIC_REPRESENTATION_CONTEXT()REPRESENTATION_CONTEXT('2D SPACE',''));
#1361 = ORIENTED_EDGE('',*,*,#1362,.F.);
#1362 = EDGE_CURVE('',#1289,#1340,#1363,.T.);
#1363 = SURFACE_CURVE('',#1364,(#1368,#1375),.PCURVE_S1.);
#1364 = LINE('',#1365,#1366);
#1365 = CARTESIAN_POINT('',(1.22E+03,770.41208384143,1.17114439758E+03));
#1366 = VECTOR('',#1367,1.);
#1367 = DIRECTION('',(0.,0.766044443119,-0.642787609687));
#1368 = PCURVE('',#1297,#1369);
#1369 = DEFINITIONAL_REPRESENTATION('',(#1370),#1374);
#1370 = LINE('',#1371,#1372);
#1371 = CARTESIAN_POINT('',(1.22E+03,0.));
#1372 = VECTOR('',#1373,1.);
#1373 = DIRECTION('',(0.,-1.));
#1374 =(GEOMETRIC_REPRESENTATION_CONTEXT(2)PARAMETRIC_REPRESENTATION_CONTEXT()REPRESENTATION_CONTEXT('2D SPACE',''));
#1375 = PCURVE('',#1271,#1376);
#1376 = DEFINITIONAL_REPRESENTATION('',(#1377),#1381);
#1377 = LINE('',#1378,#1379);
#1378 = CARTESIAN_POINT('',(1.22E+03,0.));
#1379 = VECTOR('',#1380,1.);
#1380 = DIRECTION('',(0.,1.));
#1381 =(GEOMETRIC_REPRESENTATION_CONTEXT(2)PARAMETRIC_REPRESENTATION_CONTEXT()REPRESENTATION_CONTEXT('2D SPACE',''));
#1382 = ADVANCED_FACE('',(#1383),#1189,.F.);
#1383 = FACE_BOUND('',#1384,.F.);
#1384 = EDGE_LOOP('',(#1385,#1406,#1407,#1428));
#1385 = ORIENTED_EDGE('',*,*,#1386,.F.);
#1386 = EDGE_CURVE('',#1167,#1287,#1387,.T.);
#1387 = SURFACE_CURVE('',#1388,(#1392,#1399),.PCURVE_S1.);
#1388 = LINE('',#1389,#1390);
#1389 = CARTESIAN_POINT('',(0.,-13.78879997614,236.57017697435));
#1390 = VECTOR('',#1391,1.);
#1391 = DIRECTION('',(1.,0.,0.));
#1392 = PCURVE('',#1189,#1393);
#1393 = DEFINITIONAL_REPRESENTATION('',(#1394),#1398);
#1394 = LINE('',#1395,#1396);
#1395 = CARTESIAN_POINT('',(0.,0.));
#1396 = VECTOR('',#1397,1.);
#1397 = DIRECTION('',(0.,1.));
#1398 =(GEOMETRIC_REPRESENTATION_CONTEXT(2)PARAMETRIC_REPRESENTATION_CONTEXT()REPRESENTATION_CONTEXT('2D SPACE',''));
#1399 = PCURVE('',#1217,#1400);
#1400 = DEFINITIONAL_REPRESENTATION('',(#1401),#1405);
#1401 = LINE('',#1402,#1403);
#1402 = CARTESIAN_POINT('',(0.,0.));
#1403 = VECTOR('',#1404,1.);
#1404 = DIRECTION('',(1.,0.));
#1405 =(GEOMETRIC_REPRESENTATION_CONTEXT(2)PARAMETRIC_REPRESENTATION_CONTEXT()REPRESENTATION_CONTEXT('2D SPACE',''));
#1406 = ORIENTED_EDGE('',*,*,#1166,.T.);
#1407 = ORIENTED_EDGE('',*,*,#1408,.T.);
#1408 = EDGE_CURVE('',#1169,#1289,#1409,.T.);
#1409 = SURFACE_CURVE('',#1410,(#1414,#1421),.PCURVE_S1.);
#1410 = LINE('',#1411,#1412);
#1411 = CARTESIAN_POINT('',(0.,770.41208384143,1.17114439758E+03));
#1412 = VECTOR('',#1413,1.);
#1413 = DIRECTION('',(1.,0.,0.));
#1414 = PCURVE('',#1189,#1415);
#1415 = DEFINITIONAL_REPRESENTATION('',(#1416),#1420);
#1416 = LINE('',#1417,#1418);
#1417 = CARTESIAN_POINT('',(1.22E+03,0.));
#1418 = VECTOR('',#1419,1.);
#1419 = DIRECTION('',(0.,1.));
#1420 =(GEOMETRIC_REPRESENTATION_CONTEXT(2)PARAMETRIC_REPRESENTATION_CONTEXT()REPRESENTATION_CONTEXT('2D SPACE',''));
#1421 = PCURVE('',#1271,#1422);
#1422 = DEFINITIONAL_REPRESENTATION('',(#1423),#1427);
#1423 = LINE('',#1424,#1425);
#1424 = CARTESIAN_POINT('',(0.,0.));
#1425 = VECTOR('',#1426,1.);
#1426 = DIRECTION('',(1.,0.));
#1427 =(GEOMETRIC_REPRESENTATION_CONTEXT(2)PARAMETRIC_REPRESENTATION_CONTEXT()REPRESENTATION_CONTEXT('2D SPACE',''));
#1428 = ORIENTED_EDGE('',*,*,#1286,.F.);
#1429 = ADVANCED_FACE('',(#1430),#1245,.T.);
#1430 = FACE_BOUND('',#1431,.T.);
#1431 = EDGE_LOOP('',(#1432,#1453,#1454,#1475));
#1432 = ORIENTED_EDGE('',*,*,#1433,.F.);
#1433 = EDGE_CURVE('',#1202,#1317,#1434,.T.);
#1434 = SURFACE_CURVE('',#1435,(#1439,#1446),.PCURVE_S1.);
#1435 = LINE('',#1436,#1437);
#1436 = CARTESIAN_POINT('',(0.,0.,225.));
#1437 = VECTOR('',#1438,1.);
#1438 = DIRECTION('',(1.,0.,0.));
#1439 = PCURVE('',#1245,#1440);
#1440 = DEFINITIONAL_REPRESENTATION('',(#1441),#1445);
#1441 = LINE('',#1442,#1443);
#1442 = CARTESIAN_POINT('',(0.,0.));
#1443 = VECTOR('',#1444,1.);
#1444 = DIRECTION('',(0.,1.));
#1445 =(GEOMETRIC_REPRESENTATION_CONTEXT(2)PARAMETRIC_REPRESENTATION_CONTEXT()REPRESENTATION_CONTEXT('2D SPACE',''));
#1446 = PCURVE('',#1217,#1447);
#1447 = DEFINITIONAL_REPRESENTATION('',(#1448),#1452);
#1448 = LINE('',#1449,#1450);
#1449 = CARTESIAN_POINT('',(0.,18.));
#1450 = VECTOR('',#1451,1.);
#1451 = DIRECTION('',(1.,0.));
#1452 =(GEOMETRIC_REPRESENTATION_CONTEXT(2)PARAMETRIC_REPRESENTATION_CONTEXT()REPRESENTATION_CONTEXT('2D SPACE',''));
#1453 = ORIENTED_EDGE('',*,*,#1229,.T.);
#1454 = ORIENTED_EDGE('',*,*,#1455,.T.);
#1455 = EDGE_CURVE('',#1230,#1340,#1456,.T.);
#1456 = SURFACE_CURVE('',#1457,(#1461,#1468),.PCURVE_S1.);
#1457 = LINE('',#1458,#1459);
#1458 = CARTESIAN_POINT('',(0.,784.20088381757,1.159574220605E+03));
#1459 = VECTOR('',#1460,1.);
#1460 = DIRECTION('',(1.,0.,0.));
#1461 = PCURVE('',#1245,#1462);
#1462 = DEFINITIONAL_REPRESENTATION('',(#1463),#1467);
#1463 = LINE('',#1464,#1465);
#1464 = CARTESIAN_POINT('',(1.22E+03,0.));
#1465 = VECTOR('',#1466,1.);
#1466 = DIRECTION('',(0.,1.));
#1467 =(GEOMETRIC_REPRESENTATION_CONTEXT(2)PARAMETRIC_REPRESENTATION_CONTEXT()REPRESENTATION_CONTEXT('2D SPACE',''));
#1468 = PCURVE('',#1271,#1469);
#1469 = DEFINITIONAL_REPRESENTATION('',(#1470),#1474);
#1470 = LINE('',#1471,#1472);
#1471 = CARTESIAN_POINT('',(0.,18.));
#1472 = VECTOR('',#1473,1.);
#1473 = DIRECTION('',(1.,0.));
#1474 =(GEOMETRIC_REPRESENTATION_CONTEXT(2)PARAMETRIC_REPRESENTATION_CONTEXT()REPRESENTATION_CONTEXT('2D SPACE',''));
#1475 = ORIENTED_EDGE('',*,*,#1339,.F.);
#1476 = ADVANCED_FACE('',(#1477),#1217,.F.);
#1477 = FACE_BOUND('',#1478,.F.);
#1478 = EDGE_LOOP('',(#1479,#1480,#1481,#1482));
#1479 = ORIENTED_EDGE('',*,*,#1201,.F.);
#1480 = ORIENTED_EDGE('',*,*,#1386,.T.);
#1481 = ORIENTED_EDGE('',*,*,#1316,.T.);
#1482 = ORIENTED_EDGE('',*,*,#1433,.F.);
#1483 = ADVANCED_FACE('',(#1484),#1271,.T.);
#1484 = FACE_BOUND('',#1485,.T.);
#1485 = EDGE_LOOP('',(#1486,#1487,#1488,#1489));
#1486 = ORIENTED_EDGE('',*,*,#1257,.F.);
#1487 = ORIENTED_EDGE('',*,*,#1408,.T.);
#1488 = ORIENTED_EDGE('',*,*,#1362,.T.);
#1489 = ORIENTED_EDGE('',*,*,#1455,.F.);
#1490 =(GEOMETRIC_REPRESENTATION_CONTEXT(3)GLOBAL_UNCERTAINTY_ASSIGNED_CONTEXT((#1494))GLOBAL_UNIT_ASSIGNED_CONTEXT((#1491,#1492,#1493))REPRESENTATION_CONTEXT('Context #1','3D Context with UNIT and UNCERTAINTY'));
#1491 =(LENGTH_UNIT()NAMED_UNIT(*)SI_UNIT(.MILLI.,.METRE.));
#1492 =(NAMED_UNIT(*)PLANE_ANGLE_UNIT()SI_UNIT($,.RADIAN.));
#1493 =(NAMED_UNIT(*)SI_UNIT($,.STERADIAN.)SOLID_ANGLE_UNIT());
#1494 = UNCERTAINTY_MEASURE_WITH_UNIT(LENGTH_MEASURE(1.E-07),#1491,'distance_accuracy_value','confusion accuracy');
#1495 = CONTEXT_DEPENDENT_SHAPE_REPRESENTATION(#1496,#1498);
#1496 =(REPRESENTATION_RELATIONSHIP('','',#1159,#10)REPRESENTATION_RELATIONSHIP_WITH_TRANSFORMATION(#1497)SHAPE_REPRESENTATION_RELATIONSHIP());
#1497 = ITEM_DEFINED_TRANSFORMATION('','',#11,#27);
#1498 = PRODUCT_DEFINITION_SHAPE('Placement','Placement of an item',#1499);
#1499 = NEXT_ASSEMBLY_USAGE_OCCURRENCE('4','main_lower_right','',#5,#1154,$);
#1500 = PRODUCT_RELATED_PRODUCT_CATEGORY('part',$,(#1156));
#1501 = SHAPE_DEFINITION_REPRESENTATION(#1502,#1508);
#1502 = PRODUCT_DEFINITION_SHAPE('','',#1503);
#1503 = PRODUCT_DEFINITION('design','',#1504,#1507);
#1504 = PRODUCT_DEFINITION_FORMATION('','',#1505);
#1505 = PRODUCT('main_upper_left','main_upper_left','',(#1506));
#1506 = PRODUCT_CONTEXT('',#2,'mechanical');
#1507 = PRODUCT_DEFINITION_CONTEXT('part definition',#2,'design');
#1508 = ADVANCED_BREP_SHAPE_REPRESENTATION('',(#11,#1509),#1839);
#1509 = MANIFOLD_SOLID_BREP('',#1510);
#1510 = CLOSED_SHELL('',(#1511,#1631,#1731,#1778,#1825,#1832));
#1511 = ADVANCED_FACE('',(#1512),#1526,.F.);
#1512 = FACE_BOUND('',#1513,.F.);
#1513 = EDGE_LOOP('',(#1514,#1549,#1577,#1605));
#1514 = ORIENTED_EDGE('',*,*,#1515,.F.);
#1515 = EDGE_CURVE('',#1516,#1518,#1520,.T.);
#1516 = VERTEX_POINT('',#1517);
#1517 = CARTESIAN_POINT('',(-1.22E+03,770.41208384143,1.17114439758E+03));
#1518 = VERTEX_POINT('',#1519);
#1519 = CARTESIAN_POINT('',(-1.22E+03,1.554612967659E+03,2.105718618185E+03));
#1520 = SURFACE_CURVE('',#1521,(#1525,#1537),.PCURVE_S1.);
#1521 = LINE('',#1522,#1523);
#1522 = CARTESIAN_POINT('',(-1.22E+03,770.41208384143,1.17114439758E+03));
#1523 = VECTOR('',#1524,1.);
#1524 = DIRECTION('',(0.,0.642787609687,0.766044443119));
#1525 = PCURVE('',#1526,#1531);
#1526 = PLANE('',#1527);
#1527 = AXIS2_PLACEMENT_3D('',#1528,#1529,#1530);
#1528 = CARTESIAN_POINT('',(-1.22E+03,770.41208384143,1.17114439758E+03));
#1529 = DIRECTION('',(1.,0.,0.));
#1530 = DIRECTION('',(0.,0.642787609687,0.766044443119));
#1531 = DEFINITIONAL_REPRESENTATION('',(#1532),#1536);
#1532 = LINE('',#1533,#1534);
#1533 = CARTESIAN_POINT('',(0.,0.));
#1534 = VECTOR('',#1535,1.);
#1535 = DIRECTION('',(1.,0.));
#1536 =(GEOMETRIC_REPRESENTATION_CONTEXT(2)PARAMETRIC_REPRESENTATION_CONTEXT()REPRESENTATION_CONTEXT('2D SPACE',''));
#1537 = PCURVE('',#1538,#1543);
#1538 = PLANE('',#1539);
#1539 = AXIS2_PLACEMENT_3D('',#1540,#1541,#1542);
#1540 = CARTESIAN_POINT('',(-1.22E+03,770.41208384143,1.17114439758E+03));
#1541 = DIRECTION('',(0.,0.766044443119,-0.642787609687));
#1542 = DIRECTION('',(0.,0.642787609687,0.766044443119));
#1543 = DEFINITIONAL_REPRESENTATION('',(#1544),#1548);
#1544 = LINE('',#1545,#1546);
#1545 = CARTESIAN_POINT('',(0.,0.));
#1546 = VECTOR('',#1547,1.);
#1547 = DIRECTION('',(1.,0.));
#1548 =(GEOMETRIC_REPRESENTATION_CONTEXT(2)PARAMETRIC_REPRESENTATION_CONTEXT()REPRESENTATION_CONTEXT('2D SPACE',''));
#1549 = ORIENTED_EDGE('',*,*,#1550,.T.);
#1550 = EDGE_CURVE('',#1516,#1551,#1553,.T.);
#1551 = VERTEX_POINT('',#1552);
#1552 = CARTESIAN_POINT('',(-1.22E+03,784.20088381757,1.159574220605E+03));
#1553 = SURFACE_CURVE('',#1554,(#1558,#1565),.PCURVE_S1.);
#1554 = LINE('',#1555,#1556);
#1555 = CARTESIAN_POINT('',(-1.22E+03,770.41208384143,1.17114439758E+03));
#1556 = VECTOR('',#1557,1.);
#1557 = DIRECTION('',(0.,0.766044443119,-0.642787609687));
#1558 = PCURVE('',#1526,#1559);
#1559 = DEFINITIONAL_REPRESENTATION('',(#1560),#1564);
#1560 = LINE('',#1561,#1562);
#1561 = CARTESIAN_POINT('',(0.,0.));
#1562 = VECTOR('',#1563,1.);
#1563 = DIRECTION('',(0.,-1.));
#1564 =(GEOMETRIC_REPRESENTATION_CONTEXT(2)PARAMETRIC_REPRESENTATION_CONTEXT()REPRESENTATION_CONTEXT('2D SPACE',''));
#1565 = PCURVE('',#1566,#1571);
#1566 = PLANE('',#1567);
#1567 = AXIS2_PLACEMENT_3D('',#1568,#1569,#1570);
#1568 = CARTESIAN_POINT('',(-1.22E+03,770.41208384143,1.17114439758E+03));
#1569 = DIRECTION('',(0.,0.642787609687,0.766044443119));
#1570 = DIRECTION('',(1.,0.,0.));
#1571 = DEFINITIONAL_REPRESENTATION('',(#1572),#1576);
#1572 = LINE('',#1573,#1574);
#1573 = CARTESIAN_POINT('',(0.,0.));
#1574 = VECTOR('',#1575,1.);
#1575 = DIRECTION('',(0.,1.));
#1576 =(GEOMETRIC_REPRESENTATION_CONTEXT(2)PARAMETRIC_REPRESENTATION_CONTEXT()REPRESENTATION_CONTEXT('2D SPACE',''));
#1577 = ORIENTED_EDGE('',*,*,#1578,.T.);
#1578 = EDGE_CURVE('',#1551,#1579,#1581,.T.);
#1579 = VERTEX_POINT('',#1580);
#1580 = CARTESIAN_POINT('',(-1.22E+03,1.568401767635E+03,2.09414844121E+03));
#1581 = SURFACE_CURVE('',#1582,(#1586,#1593),.PCURVE_S1.);
#1582 = LINE('',#1583,#1584);
#1583 = CARTESIAN_POINT('',(-1.22E+03,784.20088381757,1.159574220605E+03));
#1584 = VECTOR('',#1585,1.);
#1585 = DIRECTION('',(0.,0.642787609687,0.766044443119));
#1586 = PCURVE('',#1526,#1587);
#1587 = DEFINITIONAL_REPRESENTATION('',(#1588),#1592);
#1588 = LINE('',#1589,#1590);
#1589 = CARTESIAN_POINT('',(-4.440892098501E-14,-18.));
#1590 = VECTOR('',#1591,1.);
#1591 = DIRECTION('',(1.,0.));
#1592 =(GEOMETRIC_REPRESENTATION_CONTEXT(2)PARAMETRIC_REPRESENTATION_CONTEXT()REPRESENTATION_CONTEXT('2D SPACE',''));
#1593 = PCURVE('',#1594,#1599);
#1594 = PLANE('',#1595);
#1595 = AXIS2_PLACEMENT_3D('',#1596,#1597,#1598);
#1596 = CARTESIAN_POINT('',(-1.22E+03,784.20088381757,1.159574220605E+03));
#1597 = DIRECTION('',(0.,0.766044443119,-0.642787609687));
#1598 = DIRECTION('',(0.,0.642787609687,0.766044443119));
#1599 = DEFINITIONAL_REPRESENTATION('',(#1600),#1604);
#1600 = LINE('',#1601,#1602);
#1601 = CARTESIAN_POINT('',(0.,0.));
#1602 = VECTOR('',#1603,1.);
#1603 = DIRECTION('',(1.,0.));
#1604 =(GEOMETRIC_REPRESENTATION_CONTEXT(2)PARAMETRIC_REPRESENTATION_CONTEXT()REPRESENTATION_CONTEXT('2D SPACE',''));
#1605 = ORIENTED_EDGE('',*,*,#1606,.F.);
#1606 = EDGE_CURVE('',#1518,#1579,#1607,.T.);
#1607 = SURFACE_CURVE('',#1608,(#1612,#1619),.PCURVE_S1.);
#1608 = LINE('',#1609,#1610);
#1609 = CARTESIAN_POINT('',(-1.22E+03,1.554612967659E+03,2.105718618185E+03));
#1610 = VECTOR('',#1611,1.);
#1611 = DIRECTION('',(0.,0.766044443119,-0.642787609687));
#1612 = PCURVE('',#1526,#1613);
#1613 = DEFINITIONAL_REPRESENTATION('',(#1614),#1618);
#1614 = LINE('',#1615,#1616);
#1615 = CARTESIAN_POINT('',(1.22E+03,1.136868377216E-13));
#1616 = VECTOR('',#1617,1.);
#1617 = DIRECTION('',(0.,-1.));
#1618 =(GEOMETRIC_REPRESENTATION_CONTEXT(2)PARAMETRIC_REPRESENTATION_CONTEXT()REPRESENTATION_CONTEXT('2D SPACE',''));
#1619 = PCURVE('',#1620,#1625);
#1620 = PLANE('',#1621);
#1621 = AXIS2_PLACEMENT_3D('',#1622,#1623,#1624);
#1622 = CARTESIAN_POINT('',(-1.22E+03,1.554612967659E+03,2.105718618185E+03));
#1623 = DIRECTION('',(0.,0.642787609687,0.766044443119));
#1624 = DIRECTION('',(1.,0.,0.));
#1625 = DEFINITIONAL_REPRESENTATION('',(#1626),#1630);
#1626 = LINE('',#1627,#1628);
#1627 = CARTESIAN_POINT('',(0.,0.));
#1628 = VECTOR('',#1629,1.);
#1629 = DIRECTION('',(0.,1.));
#1630 =(GEOMETRIC_REPRESENTATION_CONTEXT(2)PARAMETRIC_REPRESENTATION_CONTEXT()REPRESENTATION_CONTEXT('2D SPACE',''));
#1631 = ADVANCED_FACE('',(#1632),#1646,.T.);
#1632 = FACE_BOUND('',#1633,.T.);
#1633 = EDGE_LOOP('',(#1634,#1664,#1687,#1710));
#1634 = ORIENTED_EDGE('',*,*,#1635,.F.);
#1635 = EDGE_CURVE('',#1636,#1638,#1640,.T.);
#1636 = VERTEX_POINT('',#1637);
#1637 = CARTESIAN_POINT('',(0.,770.41208384143,1.17114439758E+03));
#1638 = VERTEX_POINT('',#1639);
#1639 = CARTESIAN_POINT('',(0.,1.554612967659E+03,2.105718618185E+03));
#1640 = SURFACE_CURVE('',#1641,(#1645,#1657),.PCURVE_S1.);
#1641 = LINE('',#1642,#1643);
#1642 = CARTESIAN_POINT('',(0.,770.41208384143,1.17114439758E+03));
#1643 = VECTOR('',#1644,1.);
#1644 = DIRECTION('',(0.,0.642787609687,0.766044443119));
#1645 = PCURVE('',#1646,#1651);
#1646 = PLANE('',#1647);
#1647 = AXIS2_PLACEMENT_3D('',#1648,#1649,#1650);
#1648 = CARTESIAN_POINT('',(0.,770.41208384143,1.17114439758E+03));
#1649 = DIRECTION('',(1.,0.,0.));
#1650 = DIRECTION('',(0.,0.642787609687,0.766044443119));
#1651 = DEFINITIONAL_REPRESENTATION('',(#1652),#1656);
#1652 = LINE('',#1653,#1654);
#1653 = CARTESIAN_POINT('',(0.,0.));
#1654 = VECTOR('',#1655,1.);
#1655 = DIRECTION('',(1.,0.));
#1656 =(GEOMETRIC_REPRESENTATION_CONTEXT(2)PARAMETRIC_REPRESENTATION_CONTEXT()REPRESENTATION_CONTEXT('2D SPACE',''));
#1657 = PCURVE('',#1538,#1658);
#1658 = DEFINITIONAL_REPRESENTATION('',(#1659),#1663);
#1659 = LINE('',#1660,#1661);
#1660 = CARTESIAN_POINT('',(0.,1.22E+03));
#1661 = VECTOR('',#1662,1.);
#1662 = DIRECTION('',(1.,0.));
#1663 =(GEOMETRIC_REPRESENTATION_CONTEXT(2)PARAMETRIC_REPRESENTATION_CONTEXT()REPRESENTATION_CONTEXT('2D SPACE',''));
#1664 = ORIENTED_EDGE('',*,*,#1665,.T.);
#1665 = EDGE_CURVE('',#1636,#1666,#1668,.T.);
#1666 = VERTEX_POINT('',#1667);
#1667 = CARTESIAN_POINT('',(0.,784.20088381757,1.159574220605E+03));
#1668 = SURFACE_CURVE('',#1669,(#1673,#1680),.PCURVE_S1.);
#1669 = LINE('',#1670,#1671);
#1670 = CARTESIAN_POINT('',(0.,770.41208384143,1.17114439758E+03));
#1671 = VECTOR('',#1672,1.);
#1672 = DIRECTION('',(0.,0.766044443119,-0.642787609687));
#1673 = PCURVE('',#1646,#1674);
#1674 = DEFINITIONAL_REPRESENTATION('',(#1675),#1679);
#1675 = LINE('',#1676,#1677);
#1676 = CARTESIAN_POINT('',(0.,0.));
#1677 = VECTOR('',#1678,1.);
#1678 = DIRECTION('',(0.,-1.));
#1679 =(GEOMETRIC_REPRESENTATION_CONTEXT(2)PARAMETRIC_REPRESENTATION_CONTEXT()REPRESENTATION_CONTEXT('2D SPACE',''));
#1680 = PCURVE('',#1566,#1681);
#1681 = DEFINITIONAL_REPRESENTATION('',(#1682),#1686);
#1682 = LINE('',#1683,#1684);
#1683 = CARTESIAN_POINT('',(1.22E+03,0.));
#1684 = VECTOR('',#1685,1.);
#1685 = DIRECTION('',(0.,1.));
#1686 =(GEOMETRIC_REPRESENTATION_CONTEXT(2)PARAMETRIC_REPRESENTATION_CONTEXT()REPRESENTATION_CONTEXT('2D SPACE',''));
#1687 = ORIENTED_EDGE('',*,*,#1688,.T.);
#1688 = EDGE_CURVE('',#1666,#1689,#1691,.T.);
#1689 = VERTEX_POINT('',#1690);
#1690 = CARTESIAN_POINT('',(0.,1.568401767635E+03,2.09414844121E+03));
#1691 = SURFACE_CURVE('',#1692,(#1696,#1703),.PCURVE_S1.);
#1692 = LINE('',#1693,#1694);
#1693 = CARTESIAN_POINT('',(0.,784.20088381757,1.159574220605E+03));
#1694 = VECTOR('',#1695,1.);
#1695 = DIRECTION('',(0.,0.642787609687,0.766044443119));
#1696 = PCURVE('',#1646,#1697);
#1697 = DEFINITIONAL_REPRESENTATION('',(#1698),#1702);
#1698 = LINE('',#1699,#1700);
#1699 = CARTESIAN_POINT('',(-4.440892098501E-14,-18.));
#1700 = VECTOR('',#1701,1.);
#1701 = DIRECTION('',(1.,0.));
#1702 =(GEOMETRIC_REPRESENTATION_CONTEXT(2)PARAMETRIC_REPRESENTATION_CONTEXT()REPRESENTATION_CONTEXT('2D SPACE',''));
#1703 = PCURVE('',#1594,#1704);
#1704 = DEFINITIONAL_REPRESENTATION('',(#1705),#1709);
#1705 = LINE('',#1706,#1707);
#1706 = CARTESIAN_POINT('',(0.,1.22E+03));
#1707 = VECTOR('',#1708,1.);
#1708 = DIRECTION('',(1.,0.));
#1709 =(GEOMETRIC_REPRESENTATION_CONTEXT(2)PARAMETRIC_REPRESENTATION_CONTEXT()REPRESENTATION_CONTEXT('2D SPACE',''));
#1710 = ORIENTED_EDGE('',*,*,#1711,.F.);
#1711 = EDGE_CURVE('',#1638,#1689,#1712,.T.);
#1712 = SURFACE_CURVE('',#1713,(#1717,#1724),.PCURVE_S1.);
#1713 = LINE('',#1714,#1715);
#1714 = CARTESIAN_POINT('',(0.,1.554612967659E+03,2.105718618185E+03));
#1715 = VECTOR('',#1716,1.);
#1716 = DIRECTION('',(0.,0.766044443119,-0.642787609687));
#1717 = PCURVE('',#1646,#1718);
#1718 = DEFINITIONAL_REPRESENTATION('',(#1719),#1723);
#1719 = LINE('',#1720,#1721);
#1720 = CARTESIAN_POINT('',(1.22E+03,1.136868377216E-13));
#1721 = VECTOR('',#1722,1.);
#1722 = DIRECTION('',(0.,-1.));
#1723 =(GEOMETRIC_REPRESENTATION_CONTEXT(2)PARAMETRIC_REPRESENTATION_CONTEXT()REPRESENTATION_CONTEXT('2D SPACE',''));
#1724 = PCURVE('',#1620,#1725);
#1725 = DEFINITIONAL_REPRESENTATION('',(#1726),#1730);
#1726 = LINE('',#1727,#1728);
#1727 = CARTESIAN_POINT('',(1.22E+03,0.));
#1728 = VECTOR('',#1729,1.);
#1729 = DIRECTION('',(0.,1.));
#1730 =(GEOMETRIC_REPRESENTATION_CONTEXT(2)PARAMETRIC_REPRESENTATION_CONTEXT()REPRESENTATION_CONTEXT('2D SPACE',''));
#1731 = ADVANCED_FACE('',(#1732),#1538,.F.);
#1732 = FACE_BOUND('',#1733,.F.);
#1733 = EDGE_LOOP('',(#1734,#1755,#1756,#1777));
#1734 = ORIENTED_EDGE('',*,*,#1735,.F.);
#1735 = EDGE_CURVE('',#1516,#1636,#1736,.T.);
#1736 = SURFACE_CURVE('',#1737,(#1741,#1748),.PCURVE_S1.);
#1737 = LINE('',#1738,#1739);
#1738 = CARTESIAN_POINT('',(-1.22E+03,770.41208384143,1.17114439758E+03));
#1739 = VECTOR('',#1740,1.);
#1740 = DIRECTION('',(1.,0.,0.));
#1741 = PCURVE('',#1538,#1742);
#1742 = DEFINITIONAL_REPRESENTATION('',(#1743),#1747);
#1743 = LINE('',#1744,#1745);
#1744 = CARTESIAN_POINT('',(0.,0.));
#1745 = VECTOR('',#1746,1.);
#1746 = DIRECTION('',(0.,1.));
#1747 =(GEOMETRIC_REPRESENTATION_CONTEXT(2)PARAMETRIC_REPRESENTATION_CONTEXT()REPRESENTATION_CONTEXT('2D SPACE',''));
#1748 = PCURVE('',#1566,#1749);
#1749 = DEFINITIONAL_REPRESENTATION('',(#1750),#1754);
#1750 = LINE('',#1751,#1752);
#1751 = CARTESIAN_POINT('',(0.,0.));
#1752 = VECTOR('',#1753,1.);
#1753 = DIRECTION('',(1.,0.));
#1754 =(GEOMETRIC_REPRESENTATION_CONTEXT(2)PARAMETRIC_REPRESENTATION_CONTEXT()REPRESENTATION_CONTEXT('2D SPACE',''));
#1755 = ORIENTED_EDGE('',*,*,#1515,.T.);
#1756 = ORIENTED_EDGE('',*,*,#1757,.T.);
#1757 = EDGE_CURVE('',#1518,#1638,#1758,.T.);
#1758 = SURFACE_CURVE('',#1759,(#1763,#1770),.PCURVE_S1.);
#1759 = LINE('',#1760,#1761);
#1760 = CARTESIAN_POINT('',(-1.22E+03,1.554612967659E+03,2.105718618185E+03));
#1761 = VECTOR('',#1762,1.);
#1762 = DIRECTION('',(1.,0.,0.));
#1763 = PCURVE('',#1538,#1764);
#1764 = DEFINITIONAL_REPRESENTATION('',(#1765),#1769);
#1765 = LINE('',#1766,#1767);
#1766 = CARTESIAN_POINT('',(1.22E+03,0.));
#1767 = VECTOR('',#1768,1.);
#1768 = DIRECTION('',(0.,1.));
#1769 =(GEOMETRIC_REPRESENTATION_CONTEXT(2)PARAMETRIC_REPRESENTATION_CONTEXT()REPRESENTATION_CONTEXT('2D SPACE',''));
#1770 = PCURVE('',#1620,#1771);
#1771 = DEFINITIONAL_REPRESENTATION('',(#1772),#1776);
#1772 = LINE('',#1773,#1774);
#1773 = CARTESIAN_POINT('',(0.,0.));
#1774 = VECTOR('',#1775,1.);
#1775 = DIRECTION('',(1.,0.));
#1776 =(GEOMETRIC_REPRESENTATION_CONTEXT(2)PARAMETRIC_REPRESENTATION_CONTEXT()REPRESENTATION_CONTEXT('2D SPACE',''));
#1777 = ORIENTED_EDGE('',*,*,#1635,.F.);
#1778 = ADVANCED_FACE('',(#1779),#1594,.T.);
#1779 = FACE_BOUND('',#1780,.T.);
#1780 = EDGE_LOOP('',(#1781,#1802,#1803,#1824));
#1781 = ORIENTED_EDGE('',*,*,#1782,.F.);
#1782 = EDGE_CURVE('',#1551,#1666,#1783,.T.);
#1783 = SURFACE_CURVE('',#1784,(#1788,#1795),.PCURVE_S1.);
#1784 = LINE('',#1785,#1786);
#1785 = CARTESIAN_POINT('',(-1.22E+03,784.20088381757,1.159574220605E+03));
#1786 = VECTOR('',#1787,1.);
#1787 = DIRECTION('',(1.,0.,0.));
#1788 = PCURVE('',#1594,#1789);
#1789 = DEFINITIONAL_REPRESENTATION('',(#1790),#1794);
#1790 = LINE('',#1791,#1792);
#1791 = CARTESIAN_POINT('',(0.,0.));
#1792 = VECTOR('',#1793,1.);
#1793 = DIRECTION('',(0.,1.));
#1794 =(GEOMETRIC_REPRESENTATION_CONTEXT(2)PARAMETRIC_REPRESENTATION_CONTEXT()REPRESENTATION_CONTEXT('2D SPACE',''));
#1795 = PCURVE('',#1566,#1796);
#1796 = DEFINITIONAL_REPRESENTATION('',(#1797),#1801);
#1797 = LINE('',#1798,#1799);
#1798 = CARTESIAN_POINT('',(0.,18.));
#1799 = VECTOR('',#1800,1.);
#1800 = DIRECTION('',(1.,0.));
#1801 =(GEOMETRIC_REPRESENTATION_CONTEXT(2)PARAMETRIC_REPRESENTATION_CONTEXT()REPRESENTATION_CONTEXT('2D SPACE',''));
#1802 = ORIENTED_EDGE('',*,*,#1578,.T.);
#1803 = ORIENTED_EDGE('',*,*,#1804,.T.);
#1804 = EDGE_CURVE('',#1579,#1689,#1805,.T.);
#1805 = SURFACE_CURVE('',#1806,(#1810,#1817),.PCURVE_S1.);
#1806 = LINE('',#1807,#1808);
#1807 = CARTESIAN_POINT('',(-1.22E+03,1.568401767635E+03,2.09414844121E+03));
#1808 = VECTOR('',#1809,1.);
#1809 = DIRECTION('',(1.,0.,0.));
#1810 = PCURVE('',#1594,#1811);
#1811 = DEFINITIONAL_REPRESENTATION('',(#1812),#1816);
#1812 = LINE('',#1813,#1814);
#1813 = CARTESIAN_POINT('',(1.22E+03,0.));
#1814 = VECTOR('',#1815,1.);
#1815 = DIRECTION('',(0.,1.));
#1816 =(GEOMETRIC_REPRESENTATION_CONTEXT(2)PARAMETRIC_REPRESENTATION_CONTEXT()REPRESENTATION_CONTEXT('2D SPACE',''));
#1817 = PCURVE('',#1620,#1818);
#1818 = DEFINITIONAL_REPRESENTATION('',(#1819),#1823);
#1819 = LINE('',#1820,#1821);
#1820 = CARTESIAN_POINT('',(0.,18.));
#1821 = VECTOR('',#1822,1.);
#1822 = DIRECTION('',(1.,0.));
#1823 =(GEOMETRIC_REPRESENTATION_CONTEXT(2)PARAMETRIC_REPRESENTATION_CONTEXT()REPRESENTATION_CONTEXT('2D SPACE',''));
#1824 = ORIENTED_EDGE('',*,*,#1688,.F.);
#1825 = ADVANCED_FACE('',(#1826),#1566,.F.);
#1826 = FACE_BOUND('',#1827,.F.);
#1827 = EDGE_LOOP('',(#1828,#1829,#1830,#1831));
#1828 = ORIENTED_EDGE('',*,*,#1550,.F.);
#1829 = ORIENTED_EDGE('',*,*,#1735,.T.);
#1830 = ORIENTED_EDGE('',*,*,#1665,.T.);
#1831 = ORIENTED_EDGE('',*,*,#1782,.F.);
#1832 = ADVANCED_FACE('',(#1833),#1620,.T.);
#1833 = FACE_BOUND('',#1834,.T.);
#1834 = EDGE_LOOP('',(#1835,#1836,#1837,#1838));
#1835 = ORIENTED_EDGE('',*,*,#1606,.F.);
#1836 = ORIENTED_EDGE('',*,*,#1757,.T.);
#1837 = ORIENTED_EDGE('',*,*,#1711,.T.);
#1838 = ORIENTED_EDGE('',*,*,#1804,.F.);
#1839 =(GEOMETRIC_REPRESENTATION_CONTEXT(3)GLOBAL_UNCERTAINTY_ASSIGNED_CONTEXT((#1843))GLOBAL_UNIT_ASSIGNED_CONTEXT((#1840,#1841,#1842))REPRESENTATION_CONTEXT('Context #1','3D Context with UNIT and UNCERTAINTY'));
#1840 =(LENGTH_UNIT()NAMED_UNIT(*)SI_UNIT(.MILLI.,.METRE.));
#1841 =(NAMED_UNIT(*)PLANE_ANGLE_UNIT()SI_UNIT($,.RADIAN.));
#1842 =(NAMED_UNIT(*)SI_UNIT($,.STERADIAN.)SOLID_ANGLE_UNIT());
#1843 = UNCERTAINTY_MEASURE_WITH_UNIT(LENGTH_MEASURE(1.E-07),#1840,'distance_accuracy_value','confusion accuracy');
#1844 = CONTEXT_DEPENDENT_SHAPE_REPRESENTATION(#1845,#1847);
#1845 =(REPRESENTATION_RELATIONSHIP('','',#1508,#10)REPRESENTATION_RELATIONSHIP_WITH_TRANSFORMATION(#1846)SHAPE_REPRESENTATION_RELATIONSHIP());
#1846 = ITEM_DEFINED_TRANSFORMATION('','',#11,#31);
#1847 = PRODUCT_DEFINITION_SHAPE('Placement','Placement of an item',#1848);
#1848 = NEXT_ASSEMBLY_USAGE_OCCURRENCE('5','main_upper_left','',#5,#1503,$);
#1849 = PRODUCT_RELATED_PRODUCT_CATEGORY('part',$,(#1505));
#1850 = SHAPE_DEFINITION_REPRESENTATION(#1851,#1857);
#1851 = PRODUCT_DEFINITION_SHAPE('','',#1852);
#1852 = PRODUCT_DEFINITION('design','',#1853,#1856);
#1853 = PRODUCT_DEFINITION_FORMATION('','',#1854);
#1854 = PRODUCT('main_upper_right','main_upper_right','',(#1855));
#1855 = PRODUCT_CONTEXT('',#2,'mechanical');
#1856 = PRODUCT_DEFINITION_CONTEXT('part definition',#2,'design');
#1857 = ADVANCED_BREP_SHAPE_REPRESENTATION('',(#11,#1858),#2188);
#1858 = MANIFOLD_SOLID_BREP('',#1859);
#1859 = CLOSED_SHELL('',(#1860,#1980,#2080,#2127,#2174,#2181));
#1860 = ADVANCED_FACE('',(#1861),#1875,.F.);
#1861 = FACE_BOUND('',#1862,.F.);
#1862 = EDGE_LOOP('',(#1863,#1898,#1926,#1954));
#1863 = ORIENTED_EDGE('',*,*,#1864,.F.);
#1864 = EDGE_CURVE('',#1865,#1867,#1869,.T.);
#1865 = VERTEX_POINT('',#1866);
#1866 = CARTESIAN_POINT('',(0.,770.41208384143,1.17114439758E+03));
#1867 = VERTEX_POINT('',#1868);
#1868 = CARTESIAN_POINT('',(0.,1.554612967659E+03,2.105718618185E+03));
#1869 = SURFACE_CURVE('',#1870,(#1874,#1886),.PCURVE_S1.);
#1870 = LINE('',#1871,#1872);
#1871 = CARTESIAN_POINT('',(0.,770.41208384143,1.17114439758E+03));
#1872 = VECTOR('',#1873,1.);
#1873 = DIRECTION('',(0.,0.642787609687,0.766044443119));
#1874 = PCURVE('',#1875,#1880);
#1875 = PLANE('',#1876);
#1876 = AXIS2_PLACEMENT_3D('',#1877,#1878,#1879);
#1877 = CARTESIAN_POINT('',(0.,770.41208384143,1.17114439758E+03));
#1878 = DIRECTION('',(1.,0.,0.));
#1879 = DIRECTION('',(0.,0.642787609687,0.766044443119));
#1880 = DEFINITIONAL_REPRESENTATION('',(#1881),#1885);
#1881 = LINE('',#1882,#1883);
#1882 = CARTESIAN_POINT('',(0.,0.));
#1883 = VECTOR('',#1884,1.);
#1884 = DIRECTION('',(1.,0.));
#1885 =(GEOMETRIC_REPRESENTATION_CONTEXT(2)PARAMETRIC_REPRESENTATION_CONTEXT()REPRESENTATION_CONTEXT('2D SPACE',''));
#1886 = PCURVE('',#1887,#1892);
#1887 = PLANE('',#1888);
#1888 = AXIS2_PLACEMENT_3D('',#1889,#1890,#1891);
#1889 = CARTESIAN_POINT('',(0.,770.41208384143,1.17114439758E+03));
#1890 = DIRECTION('',(0.,0.766044443119,-0.642787609687));
#1891 = DIRECTION('',(0.,0.642787609687,0.766044443119));
#1892 = DEFINITIONAL_REPRESENTATION('',(#1893),#1897);
#1893 = LINE('',#1894,#1895);
#1894 = CARTESIAN_POINT('',(0.,0.));
#1895 = VECTOR('',#1896,1.);
#1896 = DIRECTION('',(1.,0.));
#1897 =(GEOMETRIC_REPRESENTATION_CONTEXT(2)PARAMETRIC_REPRESENTATION_CONTEXT()REPRESENTATION_CONTEXT('2D SPACE',''));
#1898 = ORIENTED_EDGE('',*,*,#1899,.T.);
#1899 = EDGE_CURVE('',#1865,#1900,#1902,.T.);
#1900 = VERTEX_POINT('',#1901);
#1901 = CARTESIAN_POINT('',(0.,784.20088381757,1.159574220605E+03));
#1902 = SURFACE_CURVE('',#1903,(#1907,#1914),.PCURVE_S1.);
#1903 = LINE('',#1904,#1905);
#1904 = CARTESIAN_POINT('',(0.,770.41208384143,1.17114439758E+03));
#1905 = VECTOR('',#1906,1.);
#1906 = DIRECTION('',(0.,0.766044443119,-0.642787609687));
#1907 = PCURVE('',#1875,#1908);
#1908 = DEFINITIONAL_REPRESENTATION('',(#1909),#1913);
#1909 = LINE('',#1910,#1911);
#1910 = CARTESIAN_POINT('',(0.,0.));
#1911 = VECTOR('',#1912,1.);
#1912 = DIRECTION('',(0.,-1.));
#1913 =(GEOMETRIC_REPRESENTATION_CONTEXT(2)PARAMETRIC_REPRESENTATION_CONTEXT()REPRESENTATION_CONTEXT('2D SPACE',''));
#1914 = PCURVE('',#1915,#1920);
#1915 = PLANE('',#1916);
#1916 = AXIS2_PLACEMENT_3D('',#1917,#1918,#1919);
#1917 = CARTESIAN_POINT('',(0.,770.41208384143,1.17114439758E+03));
#1918 = DIRECTION('',(0.,0.642787609687,0.766044443119));
#1919 = DIRECTION('',(1.,0.,0.));
#1920 = DEFINITIONAL_REPRESENTATION('',(#1921),#1925);
#1921 = LINE('',#1922,#1923);
#1922 = CARTESIAN_POINT('',(0.,0.));
#1923 = VECTOR('',#1924,1.);
#1924 = DIRECTION('',(0.,1.));
#1925 =(GEOMETRIC_REPRESENTATION_CONTEXT(2)PARAMETRIC_REPRESENTATION_CONTEXT()REPRESENTATION_CONTEXT('2D SPACE',''));
#1926 = ORIENTED_EDGE('',*,*,#1927,.T.);
#1927 = EDGE_CURVE('',#1900,#1928,#1930,.T.);
#1928 = VERTEX_POINT('',#1929);
#1929 = CARTESIAN_POINT('',(0.,1.568401767635E+03,2.09414844121E+03));
#1930 = SURFACE_CURVE('',#1931,(#1935,#1942),.PCURVE_S1.);
#1931 = LINE('',#1932,#1933);
#1932 = CARTESIAN_POINT('',(0.,784.20088381757,1.159574220605E+03));
#1933 = VECTOR('',#1934,1.);
#1934 = DIRECTION('',(0.,0.642787609687,0.766044443119));
#1935 = PCURVE('',#1875,#1936);
#1936 = DEFINITIONAL_REPRESENTATION('',(#1937),#1941);
#1937 = LINE('',#1938,#1939);
#1938 = CARTESIAN_POINT('',(-4.440892098501E-14,-18.));
#1939 = VECTOR('',#1940,1.);
#1940 = DIRECTION('',(1.,0.));
#1941 =(GEOMETRIC_REPRESENTATION_CONTEXT(2)PARAMETRIC_REPRESENTATION_CONTEXT()REPRESENTATION_CONTEXT('2D SPACE',''));
#1942 = PCURVE('',#1943,#1948);
#1943 = PLANE('',#1944);
#1944 = AXIS2_PLACEMENT_3D('',#1945,#1946,#1947);
#1945 = CARTESIAN_POINT('',(0.,784.20088381757,1.159574220605E+03));
#1946 = DIRECTION('',(0.,0.766044443119,-0.642787609687));
#1947 = DIRECTION('',(0.,0.642787609687,0.766044443119));
#1948 = DEFINITIONAL_REPRESENTATION('',(#1949),#1953);
#1949 = LINE('',#1950,#1951);
#1950 = CARTESIAN_POINT('',(0.,0.));
#1951 = VECTOR('',#1952,1.);
#1952 = DIRECTION('',(1.,0.));
#1953 =(GEOMETRIC_REPRESENTATION_CONTEXT(2)PARAMETRIC_REPRESENTATION_CONTEXT()REPRESENTATION_CONTEXT('2D SPACE',''));
#1954 = ORIENTED_EDGE('',*,*,#1955,.F.);
#1955 = EDGE_CURVE('',#1867,#1928,#1956,.T.);
#1956 = SURFACE_CURVE('',#1957,(#1961,#1968),.PCURVE_S1.);
#1957 = LINE('',#1958,#1959);
#1958 = CARTESIAN_POINT('',(0.,1.554612967659E+03,2.105718618185E+03));
#1959 = VECTOR('',#1960,1.);
#1960 = DIRECTION('',(0.,0.766044443119,-0.642787609687));
#1961 = PCURVE('',#1875,#1962);
#1962 = DEFINITIONAL_REPRESENTATION('',(#1963),#1967);
#1963 = LINE('',#1964,#1965);
#1964 = CARTESIAN_POINT('',(1.22E+03,1.136868377216E-13));
#1965 = VECTOR('',#1966,1.);
#1966 = DIRECTION('',(0.,-1.));
#1967 =(GEOMETRIC_REPRESENTATION_CONTEXT(2)PARAMETRIC_REPRESENTATION_CONTEXT()REPRESENTATION_CONTEXT('2D SPACE',''));
#1968 = PCURVE('',#1969,#1974);
#1969 = PLANE('',#1970);
#1970 = AXIS2_PLACEMENT_3D('',#1971,#1972,#1973);
#1971 = CARTESIAN_POINT('',(0.,1.554612967659E+03,2.105718618185E+03));
#1972 = DIRECTION('',(0.,0.642787609687,0.766044443119));
#1973 = DIRECTION('',(1.,0.,0.));
#1974 = DEFINITIONAL_REPRESENTATION('',(#1975),#1979);
#1975 = LINE('',#1976,#1977);
#1976 = CARTESIAN_POINT('',(0.,0.));
#1977 = VECTOR('',#1978,1.);
#1978 = DIRECTION('',(0.,1.));
#1979 =(GEOMETRIC_REPRESENTATION_CONTEXT(2)PARAMETRIC_REPRESENTATION_CONTEXT()REPRESENTATION_CONTEXT('2D SPACE',''));
#1980 = ADVANCED_FACE('',(#1981),#1995,.T.);
#1981 = FACE_BOUND('',#1982,.T.);
#1982 = EDGE_LOOP('',(#1983,#2013,#2036,#2059));
#1983 = ORIENTED_EDGE('',*,*,#1984,.F.);
#1984 = EDGE_CURVE('',#1985,#1987,#1989,.T.);
#1985 = VERTEX_POINT('',#1986);
#1986 = CARTESIAN_POINT('',(1.22E+03,770.41208384143,1.17114439758E+03));
#1987 = VERTEX_POINT('',#1988);
#1988 = CARTESIAN_POINT('',(1.22E+03,1.554612967659E+03,2.105718618185E+03));
#1989 = SURFACE_CURVE('',#1990,(#1994,#2006),.PCURVE_S1.);
#1990 = LINE('',#1991,#1992);
#1991 = CARTESIAN_POINT('',(1.22E+03,770.41208384143,1.17114439758E+03));
#1992 = VECTOR('',#1993,1.);
#1993 = DIRECTION('',(0.,0.642787609687,0.766044443119));
#1994 = PCURVE('',#1995,#2000);
#1995 = PLANE('',#1996);
#1996 = AXIS2_PLACEMENT_3D('',#1997,#1998,#1999);
#1997 = CARTESIAN_POINT('',(1.22E+03,770.41208384143,1.17114439758E+03));
#1998 = DIRECTION('',(1.,0.,0.));
#1999 = DIRECTION('',(0.,0.642787609687,0.766044443119));
#2000 = DEFINITIONAL_REPRESENTATION('',(#2001),#2005);
#2001 = LINE('',#2002,#2003);
#2002 = CARTESIAN_POINT('',(0.,0.));
#2003 = VECTOR('',#2004,1.);
#2004 = DIRECTION('',(1.,0.));
#2005 =(GEOMETRIC_REPRESENTATION_CONTEXT(2)PARAMETRIC_REPRESENTATION_CONTEXT()REPRESENTATION_CONTEXT('2D SPACE',''));
#2006 = PCURVE('',#1887,#2007);
#2007 = DEFINITIONAL_REPRESENTATION('',(#2008),#2012);
#2008 = LINE('',#2009,#2010);
#2009 = CARTESIAN_POINT('',(0.,1.22E+03));
#2010 = VECTOR('',#2011,1.);
#2011 = DIRECTION('',(1.,0.));
#2012 =(GEOMETRIC_REPRESENTATION_CONTEXT(2)PARAMETRIC_REPRESENTATION_CONTEXT()REPRESENTATION_CONTEXT('2D SPACE',''));
#2013 = ORIENTED_EDGE('',*,*,#2014,.T.);
#2014 = EDGE_CURVE('',#1985,#2015,#2017,.T.);
#2015 = VERTEX_POINT('',#2016);
#2016 = CARTESIAN_POINT('',(1.22E+03,784.20088381757,1.159574220605E+03));
#2017 = SURFACE_CURVE('',#2018,(#2022,#2029),.PCURVE_S1.);
#2018 = LINE('',#2019,#2020);
#2019 = CARTESIAN_POINT('',(1.22E+03,770.41208384143,1.17114439758E+03));
#2020 = VECTOR('',#2021,1.);
#2021 = DIRECTION('',(0.,0.766044443119,-0.642787609687));
#2022 = PCURVE('',#1995,#2023);
#2023 = DEFINITIONAL_REPRESENTATION('',(#2024),#2028);
#2024 = LINE('',#2025,#2026);
#2025 = CARTESIAN_POINT('',(0.,0.));
#2026 = VECTOR('',#2027,1.);
#2027 = DIRECTION('',(0.,-1.));
#2028 =(GEOMETRIC_REPRESENTATION_CONTEXT(2)PARAMETRIC_REPRESENTATION_CONTEXT()REPRESENTATION_CONTEXT('2D SPACE',''));
#2029 = PCURVE('',#1915,#2030);
#2030 = DEFINITIONAL_REPRESENTATION('',(#2031),#2035);
#2031 = LINE('',#2032,#2033);
#2032 = CARTESIAN_POINT('',(1.22E+03,0.));
#2033 = VECTOR('',#2034,1.);
#2034 = DIRECTION('',(0.,1.));
#2035 =(GEOMETRIC_REPRESENTATION_CONTEXT(2)PARAMETRIC_REPRESENTATION_CONTEXT()REPRESENTATION_CONTEXT('2D SPACE',''));
#2036 = ORIENTED_EDGE('',*,*,#2037,.T.);
#2037 = EDGE_CURVE('',#2015,#2038,#2040,.T.);
#2038 = VERTEX_POINT('',#2039);
#2039 = CARTESIAN_POINT('',(1.22E+03,1.568401767635E+03,2.09414844121E+03));
#2040 = SURFACE_CURVE('',#2041,(#2045,#2052),.PCURVE_S1.);
#2041 = LINE('',#2042,#2043);
#2042 = CARTESIAN_POINT('',(1.22E+03,784.20088381757,1.159574220605E+03));
#2043 = VECTOR('',#2044,1.);
#2044 = DIRECTION('',(0.,0.642787609687,0.766044443119));
#2045 = PCURVE('',#1995,#2046);
#2046 = DEFINITIONAL_REPRESENTATION('',(#2047),#2051);
#2047 = LINE('',#2048,#2049);
#2048 = CARTESIAN_POINT('',(-4.440892098501E-14,-18.));
#2049 = VECTOR('',#2050,1.);
#2050 = DIRECTION('',(1.,0.));
#2051 =(GEOMETRIC_REPRESENTATION_CONTEXT(2)PARAMETRIC_REPRESENTATION_CONTEXT()REPRESENTATION_CONTEXT('2D SPACE',''));
#2052 = PCURVE('',#1943,#2053);
#2053 = DEFINITIONAL_REPRESENTATION('',(#2054),#2058);
#2054 = LINE('',#2055,#2056);
#2055 = CARTESIAN_POINT('',(0.,1.22E+03));
#2056 = VECTOR('',#2057,1.);
#2057 = DIRECTION('',(1.,0.));
#2058 =(GEOMETRIC_REPRESENTATION_CONTEXT(2)PARAMETRIC_REPRESENTATION_CONTEXT()REPRESENTATION_CONTEXT('2D SPACE',''));
#2059 = ORIENTED_EDGE('',*,*,#2060,.F.);
#2060 = EDGE_CURVE('',#1987,#2038,#2061,.T.);
#2061 = SURFACE_CURVE('',#2062,(#2066,#2073),.PCURVE_S1.);
#2062 = LINE('',#2063,#2064);
#2063 = CARTESIAN_POINT('',(1.22E+03,1.554612967659E+03,2.105718618185E+03));
#2064 = VECTOR('',#2065,1.);
#2065 = DIRECTION('',(0.,0.766044443119,-0.642787609687));
#2066 = PCURVE('',#1995,#2067);
#2067 = DEFINITIONAL_REPRESENTATION('',(#2068),#2072);
#2068 = LINE('',#2069,#2070);
#2069 = CARTESIAN_POINT('',(1.22E+03,1.136868377216E-13));
#2070 = VECTOR('',#2071,1.);
#2071 = DIRECTION('',(0.,-1.));
#2072 =(GEOMETRIC_REPRESENTATION_CONTEXT(2)PARAMETRIC_REPRESENTATION_CONTEXT()REPRESENTATION_CONTEXT('2D SPACE',''));
#2073 = PCURVE('',#1969,#2074);
#2074 = DEFINITIONAL_REPRESENTATION('',(#2075),#2079);
#2075 = LINE('',#2076,#2077);
#2076 = CARTESIAN_POINT('',(1.22E+03,0.));
#2077 = VECTOR('',#2078,1.);
#2078 = DIRECTION('',(0.,1.));
#2079 =(GEOMETRIC_REPRESENTATION_CONTEXT(2)PARAMETRIC_REPRESENTATION_CONTEXT()REPRESENTATION_CONTEXT('2D SPACE',''));
#2080 = ADVANCED_FACE('',(#2081),#1887,.F.);
#2081 = FACE_BOUND('',#2082,.F.);
#2082 = EDGE_LOOP('',(#2083,#2104,#2105,#2126));
#2083 = ORIENTED_EDGE('',*,*,#2084,.F.);
#2084 = EDGE_CURVE('',#1865,#1985,#2085,.T.);
#2085 = SURFACE_CURVE('',#2086,(#2090,#2097),.PCURVE_S1.);
#2086 = LINE('',#2087,#2088);
#2087 = CARTESIAN_POINT('',(0.,770.41208384143,1.17114439758E+03));
#2088 = VECTOR('',#2089,1.);
#2089 = DIRECTION('',(1.,0.,0.));
#2090 = PCURVE('',#1887,#2091);
#2091 = DEFINITIONAL_REPRESENTATION('',(#2092),#2096);
#2092 = LINE('',#2093,#2094);
#2093 = CARTESIAN_POINT('',(0.,0.));
#2094 = VECTOR('',#2095,1.);
#2095 = DIRECTION('',(0.,1.));
#2096 =(GEOMETRIC_REPRESENTATION_CONTEXT(2)PARAMETRIC_REPRESENTATION_CONTEXT()REPRESENTATION_CONTEXT('2D SPACE',''));
#2097 = PCURVE('',#1915,#2098);
#2098 = DEFINITIONAL_REPRESENTATION('',(#2099),#2103);
#2099 = LINE('',#2100,#2101);
#2100 = CARTESIAN_POINT('',(0.,0.));
#2101 = VECTOR('',#2102,1.);
#2102 = DIRECTION('',(1.,0.));
#2103 =(GEOMETRIC_REPRESENTATION_CONTEXT(2)PARAMETRIC_REPRESENTATION_CONTEXT()REPRESENTATION_CONTEXT('2D SPACE',''));
#2104 = ORIENTED_EDGE('',*,*,#1864,.T.);
#2105 = ORIENTED_EDGE('',*,*,#2106,.T.);
#2106 = EDGE_CURVE('',#1867,#1987,#2107,.T.);
#2107 = SURFACE_CURVE('',#2108,(#2112,#2119),.PCURVE_S1.);
#2108 = LINE('',#2109,#2110);
#2109 = CARTESIAN_POINT('',(0.,1.554612967659E+03,2.105718618185E+03));
#2110 = VECTOR('',#2111,1.);
#2111 = DIRECTION('',(1.,0.,0.));
#2112 = PCURVE('',#1887,#2113);
#2113 = DEFINITIONAL_REPRESENTATION('',(#2114),#2118);
#2114 = LINE('',#2115,#2116);
#2115 = CARTESIAN_POINT('',(1.22E+03,0.));
#2116 = VECTOR('',#2117,1.);
#2117 = DIRECTION('',(0.,1.));
#2118 =(GEOMETRIC_REPRESENTATION_CONTEXT(2)PARAMETRIC_REPRESENTATION_CONTEXT()REPRESENTATION_CONTEXT('2D SPACE',''));
#2119 = PCURVE('',#1969,#2120);
#2120 = DEFINITIONAL_REPRESENTATION('',(#2121),#2125);
#2121 = LINE('',#2122,#2123);
#2122 = CARTESIAN_POINT('',(0.,0.));
#2123 = VECTOR('',#2124,1.);
#2124 = DIRECTION('',(1.,0.));
#2125 =(GEOMETRIC_REPRESENTATION_CONTEXT(2)PARAMETRIC_REPRESENTATION_CONTEXT()REPRESENTATION_CONTEXT('2D SPACE',''));
#2126 = ORIENTED_EDGE('',*,*,#1984,.F.);
#2127 = ADVANCED_FACE('',(#2128),#1943,.T.);
#2128 = FACE_BOUND('',#2129,.T.);
#2129 = EDGE_LOOP('',(#2130,#2151,#2152,#2173));
#2130 = ORIENTED_EDGE('',*,*,#2131,.F.);
#2131 = EDGE_CURVE('',#1900,#2015,#2132,.T.);
#2132 = SURFACE_CURVE('',#2133,(#2137,#2144),.PCURVE_S1.);
#2133 = LINE('',#2134,#2135);
#2134 = CARTESIAN_POINT('',(0.,784.20088381757,1.159574220605E+03));
#2135 = VECTOR('',#2136,1.);
#2136 = DIRECTION('',(1.,0.,0.));
#2137 = PCURVE('',#1943,#2138);
#2138 = DEFINITIONAL_REPRESENTATION('',(#2139),#2143);
#2139 = LINE('',#2140,#2141);
#2140 = CARTESIAN_POINT('',(0.,0.));
#2141 = VECTOR('',#2142,1.);
#2142 = DIRECTION('',(0.,1.));
#2143 =(GEOMETRIC_REPRESENTATION_CONTEXT(2)PARAMETRIC_REPRESENTATION_CONTEXT()REPRESENTATION_CONTEXT('2D SPACE',''));
#2144 = PCURVE('',#1915,#2145);
#2145 = DEFINITIONAL_REPRESENTATION('',(#2146),#2150);
#2146 = LINE('',#2147,#2148);
#2147 = CARTESIAN_POINT('',(0.,18.));
#2148 = VECTOR('',#2149,1.);
#2149 = DIRECTION('',(1.,0.));
#2150 =(GEOMETRIC_REPRESENTATION_CONTEXT(2)PARAMETRIC_REPRESENTATION_CONTEXT()REPRESENTATION_CONTEXT('2D SPACE',''));
#2151 = ORIENTED_EDGE('',*,*,#1927,.T.);
#2152 = ORIENTED_EDGE('',*,*,#2153,.T.);
#2153 = EDGE_CURVE('',#1928,#2038,#2154,.T.);
#2154 = SURFACE_CURVE('',#2155,(#2159,#2166),.PCURVE_S1.);
#2155 = LINE('',#2156,#2157);
#2156 = CARTESIAN_POINT('',(0.,1.568401767635E+03,2.09414844121E+03));
#2157 = VECTOR('',#2158,1.);
#2158 = DIRECTION('',(1.,0.,0.));
#2159 = PCURVE('',#1943,#2160);
#2160 = DEFINITIONAL_REPRESENTATION('',(#2161),#2165);
#2161 = LINE('',#2162,#2163);
#2162 = CARTESIAN_POINT('',(1.22E+03,0.));
#2163 = VECTOR('',#2164,1.);
#2164 = DIRECTION('',(0.,1.));
#2165 =(GEOMETRIC_REPRESENTATION_CONTEXT(2)PARAMETRIC_REPRESENTATION_CONTEXT()REPRESENTATION_CONTEXT('2D SPACE',''));
#2166 = PCURVE('',#1969,#2167);
#2167 = DEFINITIONAL_REPRESENTATION('',(#2168),#2172);
#2168 = LINE('',#2169,#2170);
#2169 = CARTESIAN_POINT('',(0.,18.));
#2170 = VECTOR('',#2171,1.);
#2171 = DIRECTION('',(1.,0.));
#2172 =(GEOMETRIC_REPRESENTATION_CONTEXT(2)PARAMETRIC_REPRESENTATION_CONTEXT()REPRESENTATION_CONTEXT('2D SPACE',''));
#2173 = ORIENTED_EDGE('',*,*,#2037,.F.);
#2174 = ADVANCED_FACE('',(#2175),#1915,.F.);
#2175 = FACE_BOUND('',#2176,.F.);
#2176 = EDGE_LOOP('',(#2177,#2178,#2179,#2180));
#2177 = ORIENTED_EDGE('',*,*,#1899,.F.);
#2178 = ORIENTED_EDGE('',*,*,#2084,.T.);
#2179 = ORIENTED_EDGE('',*,*,#2014,.T.);
#2180 = ORIENTED_EDGE('',*,*,#2131,.F.);
#2181 = ADVANCED_FACE('',(#2182),#1969,.T.);
#2182 = FACE_BOUND('',#2183,.T.);
#2183 = EDGE_LOOP('',(#2184,#2185,#2186,#2187));
#2184 = ORIENTED_EDGE('',*,*,#1955,.F.);
#2185 = ORIENTED_EDGE('',*,*,#2106,.T.);
#2186 = ORIENTED_EDGE('',*,*,#2060,.T.);
#2187 = ORIENTED_EDGE('',*,*,#2153,.F.);
#2188 =(GEOMETRIC_REPRESENTATION_CONTEXT(3)GLOBAL_UNCERTAINTY_ASSIGNED_CONTEXT((#2192))GLOBAL_UNIT_ASSIGNED_CONTEXT((#2189,#2190,#2191))REPRESENTATION_CONTEXT('Context #1','3D Context with UNIT and UNCERTAINTY'));
#2189 =(LENGTH_UNIT()NAMED_UNIT(*)SI_UNIT(.MILLI.,.METRE.));
#2190 =(NAMED_UNIT(*)PLANE_ANGLE_UNIT()SI_UNIT($,.RADIAN.));
#2191 =(NAMED_UNIT(*)SI_UNIT($,.STERADIAN.)SOLID_ANGLE_UNIT());
#2192 = UNCERTAINTY_MEASURE_WITH_UNIT(LENGTH_MEASURE(1.E-07),#2189,'distance_accuracy_value','confusion accuracy');
#2193 = CONTEXT_DEPENDENT_SHAPE_REPRESENTATION(#2194,#2196);
#2194 =(REPRESENTATION_RELATIONSHIP('','',#1857,#10)REPRESENTATION_RELATIONSHIP_WITH_TRANSFORMATION(#2195)SHAPE_REPRESENTATION_RELATIONSHIP());
#2195 = ITEM_DEFINED_TRANSFORMATION('','',#11,#35);
#2196 = PRODUCT_DEFINITION_SHAPE('Placement','Placement of an item',#2197);
#2197 = NEXT_ASSEMBLY_USAGE_OCCURRENCE('6','main_upper_right','',#5,#1852,$);
#2198 = PRODUCT_RELATED_PRODUCT_CATEGORY('part',$,(#1854));
#2199 = SHAPE_DEFINITION_REPRESENTATION(#2200,#2206);
#2200 = PRODUCT_DEFINITION_SHAPE('','',#2201);
#2201 = PRODUCT_DEFINITION('design','',#2202,#2205);
#2202 = PRODUCT_DEFINITION_FORMATION('','',#2203);
#2203 = PRODUCT('leg_left','leg_left','',(#2204));
#2204 = PRODUCT_CONTEXT('',#2,'mechanical');
#2205 = PRODUCT_DEFINITION_CONTEXT('part definition',#2,'design');
#2206 = SHAPE_REPRESENTATION('',(#11,#2207,#2537),#2867);
#2207 = MANIFOLD_SOLID_BREP('',#2208);
#2208 = CLOSED_SHELL('',(#2209,#2329,#2429,#2476,#2523,#2530));
#2209 = ADVANCED_FACE('',(#2210),#2224,.F.);
#2210 = FACE_BOUND('',#2211,.F.);
#2211 = EDGE_LOOP('',(#2212,#2247,#2275,#2303));
#2212 = ORIENTED_EDGE('',*,*,#2213,.F.);
#2213 = EDGE_CURVE('',#2214,#2216,#2218,.T.);
#2214 = VERTEX_POINT('',#2215);
#2215 = CARTESIAN_POINT('',(-1.256E+03,882.38166245537,1.416596660688E+03));
#2216 = VERTEX_POINT('',#2217);
#2217 = CARTESIAN_POINT('',(-1.256E+03,1.13949670633E+03,1.723014437935E+03));
#2218 = SURFACE_CURVE('',#2219,(#2223,#2235),.PCURVE_S1.);
#2219 = LINE('',#2220,#2221);
#2220 = CARTESIAN_POINT('',(-1.256E+03,882.38166245537,1.416596660688E+03));
#2221 = VECTOR('',#2222,1.);
#2222 = DIRECTION('',(0.,0.642787609687,0.766044443119));
#2223 = PCURVE('',#2224,#2229);
#2224 = PLANE('',#2225);
#2225 = AXIS2_PLACEMENT_3D('',#2226,#2227,#2228);
#2226 = CARTESIAN_POINT('',(-1.256E+03,882.38166245537,1.416596660688E+03));
#2227 = DIRECTION('',(1.,0.,0.));
#2228 = DIRECTION('',(0.,0.642787609687,0.766044443119));
#2229 = DEFINITIONAL_REPRESENTATION('',(#2230),#2234);
#2230 = LINE('',#2231,#2232);
#2231 = CARTESIAN_POINT('',(0.,0.));
#2232 = VECTOR('',#2233,1.);
#2233 = DIRECTION('',(1.,0.));
#2234 =(GEOMETRIC_REPRESENTATION_CONTEXT(2)PARAMETRIC_REPRESENTATION_CONTEXT()REPRESENTATION_CONTEXT('2D SPACE',''));
#2235 = PCURVE('',#2236,#2241);
#2236 = PLANE('',#2237);
#2237 = AXIS2_PLACEMENT_3D('',#2238,#2239,#2240);
#2238 = CARTESIAN_POINT('',(-1.256E+03,882.38166245537,1.416596660688E+03));
#2239 = DIRECTION('',(0.,0.766044443119,-0.642787609687));
#2240 = DIRECTION('',(0.,0.642787609687,0.766044443119));
#2241 = DEFINITIONAL_REPRESENTATION('',(#2242),#2246);
#2242 = LINE('',#2243,#2244);
#2243 = CARTESIAN_POINT('',(0.,0.));
#2244 = VECTOR('',#2245,1.);
#2245 = DIRECTION('',(1.,0.));
#2246 =(GEOMETRIC_REPRESENTATION_CONTEXT(2)PARAMETRIC_REPRESENTATION_CONTEXT()REPRESENTATION_CONTEXT('2D SPACE',''));
#2247 = ORIENTED_EDGE('',*,*,#2248,.T.);
#2248 = EDGE_CURVE('',#2214,#2249,#2251,.T.);
#2249 = VERTEX_POINT('',#2250);
#2250 = CARTESIAN_POINT('',(-1.256E+03,1.020269662217E+03,1.300894890944E+03));
#2251 = SURFACE_CURVE('',#2252,(#2256,#2263),.PCURVE_S1.);
#2252 = LINE('',#2253,#2254);
#2253 = CARTESIAN_POINT('',(-1.256E+03,882.38166245537,1.416596660688E+03));
#2254 = VECTOR('',#2255,1.);
#2255 = DIRECTION('',(0.,0.766044443119,-0.642787609687));
#2256 = PCURVE('',#2224,#2257);
#2257 = DEFINITIONAL_REPRESENTATION('',(#2258),#2262);
#2258 = LINE('',#2259,#2260);
#2259 = CARTESIAN_POINT('',(0.,0.));
#2260 = VECTOR('',#2261,1.);
#2261 = DIRECTION('',(0.,-1.));
#2262 =(GEOMETRIC_REPRESENTATION_CONTEXT(2)PARAMETRIC_REPRESENTATION_CONTEXT()REPRESENTATION_CONTEXT('2D SPACE',''));
#2263 = PCURVE('',#2264,#2269);
#2264 = PLANE('',#2265);
#2265 = AXIS2_PLACEMENT_3D('',#2266,#2267,#2268);
#2266 = CARTESIAN_POINT('',(-1.256E+03,882.38166245537,1.416596660688E+03));
#2267 = DIRECTION('',(0.,0.642787609687,0.766044443119));
#2268 = DIRECTION('',(1.,0.,0.));
#2269 = DEFINITIONAL_REPRESENTATION('',(#2270),#2274);
#2270 = LINE('',#2271,#2272);
#2271 = CARTESIAN_POINT('',(0.,0.));
#2272 = VECTOR('',#2273,1.);
#2273 = DIRECTION('',(0.,1.));
#2274 =(GEOMETRIC_REPRESENTATION_CONTEXT(2)PARAMETRIC_REPRESENTATION_CONTEXT()REPRESENTATION_CONTEXT('2D SPACE',''));
#2275 = ORIENTED_EDGE('',*,*,#2276,.T.);
#2276 = EDGE_CURVE('',#2249,#2277,#2279,.T.);
#2277 = VERTEX_POINT('',#2278);
#2278 = CARTESIAN_POINT('',(-1.256E+03,1.277384706091E+03,1.607312668192E+03));
#2279 = SURFACE_CURVE('',#2280,(#2284,#2291),.PCURVE_S1.);
#2280 = LINE('',#2281,#2282);
#2281 = CARTESIAN_POINT('',(-1.256E+03,1.020269662217E+03,1.300894890944E+03));
#2282 = VECTOR('',#2283,1.);
#2283 = DIRECTION('',(0.,0.642787609687,0.766044443119));
#2284 = PCURVE('',#2224,#2285);
#2285 = DEFINITIONAL_REPRESENTATION('',(#2286),#2290);
#2286 = LINE('',#2287,#2288);
#2287 = CARTESIAN_POINT('',(-4.263256414561E-14,-180.));
#2288 = VECTOR('',#2289,1.);
#2289 = DIRECTION('',(1.,0.));
#2290 =(GEOMETRIC_REPRESENTATION_CONTEXT(2)PARAMETRIC_REPRESENTATION_CONTEXT()REPRESENTATION_CONTEXT('2D SPACE',''));
#2291 = PCURVE('',#2292,#2297);
#2292 = PLANE('',#2293);
#2293 = AXIS2_PLACEMENT_3D('',#2294,#2295,#2296);
#2294 = CARTESIAN_POINT('',(-1.256E+03,1.020269662217E+03,1.300894890944E+03));
#2295 = DIRECTION('',(0.,0.766044443119,-0.642787609687));
#2296 = DIRECTION('',(0.,0.642787609687,0.766044443119));
#2297 = DEFINITIONAL_REPRESENTATION('',(#2298),#2302);
#2298 = LINE('',#2299,#2300);
#2299 = CARTESIAN_POINT('',(0.,0.));
#2300 = VECTOR('',#2301,1.);
#2301 = DIRECTION('',(1.,0.));
#2302 =(GEOMETRIC_REPRESENTATION_CONTEXT(2)PARAMETRIC_REPRESENTATION_CONTEXT()REPRESENTATION_CONTEXT('2D SPACE',''));
#2303 = ORIENTED_EDGE('',*,*,#2304,.F.);
#2304 = EDGE_CURVE('',#2216,#2277,#2305,.T.);
#2305 = SURFACE_CURVE('',#2306,(#2310,#2317),.PCURVE_S1.);
#2306 = LINE('',#2307,#2308);
#2307 = CARTESIAN_POINT('',(-1.256E+03,1.13949670633E+03,1.723014437935E+03));
#2308 = VECTOR('',#2309,1.);
#2309 = DIRECTION('',(0.,0.766044443119,-0.642787609687));
#2310 = PCURVE('',#2224,#2311);
#2311 = DEFINITIONAL_REPRESENTATION('',(#2312),#2316);
#2312 = LINE('',#2313,#2314);
#2313 = CARTESIAN_POINT('',(400.,-1.136868377216E-13));
#2314 = VECTOR('',#2315,1.);
#2315 = DIRECTION('',(0.,-1.));
#2316 =(GEOMETRIC_REPRESENTATION_CONTEXT(2)PARAMETRIC_REPRESENTATION_CONTEXT()REPRESENTATION_CONTEXT('2D SPACE',''));
#2317 = PCURVE('',#2318,#2323);
#2318 = PLANE('',#2319);
#2319 = AXIS2_PLACEMENT_3D('',#2320,#2321,#2322);
#2320 = CARTESIAN_POINT('',(-1.256E+03,1.13949670633E+03,1.723014437935E+03));
#2321 = DIRECTION('',(0.,0.642787609687,0.766044443119));
#2322 = DIRECTION('',(1.,0.,0.));
#2323 = DEFINITIONAL_REPRESENTATION('',(#2324),#2328);
#2324 = LINE('',#2325,#2326);
#2325 = CARTESIAN_POINT('',(0.,0.));
#2326 = VECTOR('',#2327,1.);
#2327 = DIRECTION('',(0.,1.));
#2328 =(GEOMETRIC_REPRESENTATION_CONTEXT(2)PARAMETRIC_REPRESENTATION_CONTEXT()REPRESENTATION_CONTEXT('2D SPACE',''));
#2329 = ADVANCED_FACE('',(#2330),#2344,.T.);
#2330 = FACE_BOUND('',#2331,.T.);
#2331 = EDGE_LOOP('',(#2332,#2362,#2385,#2408));
#2332 = ORIENTED_EDGE('',*,*,#2333,.F.);
#2333 = EDGE_CURVE('',#2334,#2336,#2338,.T.);
#2334 = VERTEX_POINT('',#2335);
#2335 = CARTESIAN_POINT('',(-1.22E+03,882.38166245537,1.416596660688E+03));
#2336 = VERTEX_POINT('',#2337);
#2337 = CARTESIAN_POINT('',(-1.22E+03,1.13949670633E+03,1.723014437935E+03));
#2338 = SURFACE_CURVE('',#2339,(#2343,#2355),.PCURVE_S1.);
#2339 = LINE('',#2340,#2341);
#2340 = CARTESIAN_POINT('',(-1.22E+03,882.38166245537,1.416596660688E+03));
#2341 = VECTOR('',#2342,1.);
#2342 = DIRECTION('',(0.,0.642787609687,0.766044443119));
#2343 = PCURVE('',#2344,#2349);
#2344 = PLANE('',#2345);
#2345 = AXIS2_PLACEMENT_3D('',#2346,#2347,#2348);
#2346 = CARTESIAN_POINT('',(-1.22E+03,882.38166245537,1.416596660688E+03));
#2347 = DIRECTION('',(1.,0.,0.));
#2348 = DIRECTION('',(0.,0.642787609687,0.766044443119));
#2349 = DEFINITIONAL_REPRESENTATION('',(#2350),#2354);
#2350 = LINE('',#2351,#2352);
#2351 = CARTESIAN_POINT('',(0.,0.));
#2352 = VECTOR('',#2353,1.);
#2353 = DIRECTION('',(1.,0.));
#2354 =(GEOMETRIC_REPRESENTATION_CONTEXT(2)PARAMETRIC_REPRESENTATION_CONTEXT()REPRESENTATION_CONTEXT('2D SPACE',''));
#2355 = PCURVE('',#2236,#2356);
#2356 = DEFINITIONAL_REPRESENTATION('',(#2357),#2361);
#2357 = LINE('',#2358,#2359);
#2358 = CARTESIAN_POINT('',(0.,36.));
#2359 = VECTOR('',#2360,1.);
#2360 = DIRECTION('',(1.,0.));
#2361 =(GEOMETRIC_REPRESENTATION_CONTEXT(2)PARAMETRIC_REPRESENTATION_CONTEXT()REPRESENTATION_CONTEXT('2D SPACE',''));
#2362 = ORIENTED_EDGE('',*,*,#2363,.T.);
#2363 = EDGE_CURVE('',#2334,#2364,#2366,.T.);
#2364 = VERTEX_POINT('',#2365);
#2365 = CARTESIAN_POINT('',(-1.22E+03,1.020269662217E+03,1.300894890944E+03));
#2366 = SURFACE_CURVE('',#2367,(#2371,#2378),.PCURVE_S1.);
#2367 = LINE('',#2368,#2369);
#2368 = CARTESIAN_POINT('',(-1.22E+03,882.38166245537,1.416596660688E+03));
#2369 = VECTOR('',#2370,1.);
#2370 = DIRECTION('',(0.,0.766044443119,-0.642787609687));
#2371 = PCURVE('',#2344,#2372);
#2372 = DEFINITIONAL_REPRESENTATION('',(#2373),#2377);
#2373 = LINE('',#2374,#2375);
#2374 = CARTESIAN_POINT('',(0.,0.));
#2375 = VECTOR('',#2376,1.);
#2376 = DIRECTION('',(0.,-1.));
#2377 =(GEOMETRIC_REPRESENTATION_CONTEXT(2)PARAMETRIC_REPRESENTATION_CONTEXT()REPRESENTATION_CONTEXT('2D SPACE',''));
#2378 = PCURVE('',#2264,#2379);
#2379 = DEFINITIONAL_REPRESENTATION('',(#2380),#2384);
#2380 = LINE('',#2381,#2382);
#2381 = CARTESIAN_POINT('',(36.,0.));
#2382 = VECTOR('',#2383,1.);
#2383 = DIRECTION('',(0.,1.));
#2384 =(GEOMETRIC_REPRESENTATION_CONTEXT(2)PARAMETRIC_REPRESENTATION_CONTEXT()REPRESENTATION_CONTEXT('2D SPACE',''));
#2385 = ORIENTED_EDGE('',*,*,#2386,.T.);
#2386 = EDGE_CURVE('',#2364,#2387,#2389,.T.);
#2387 = VERTEX_POINT('',#2388);
#2388 = CARTESIAN_POINT('',(-1.22E+03,1.277384706091E+03,1.607312668192E+03));
#2389 = SURFACE_CURVE('',#2390,(#2394,#2401),.PCURVE_S1.);
#2390 = LINE('',#2391,#2392);
#2391 = CARTESIAN_POINT('',(-1.22E+03,1.020269662217E+03,1.300894890944E+03));
#2392 = VECTOR('',#2393,1.);
#2393 = DIRECTION('',(0.,0.642787609687,0.766044443119));
#2394 = PCURVE('',#2344,#2395);
#2395 = DEFINITIONAL_REPRESENTATION('',(#2396),#2400);
#2396 = LINE('',#2397,#2398);
#2397 = CARTESIAN_POINT('',(-4.263256414561E-14,-180.));
#2398 = VECTOR('',#2399,1.);
#2399 = DIRECTION('',(1.,0.));
#2400 =(GEOMETRIC_REPRESENTATION_CONTEXT(2)PARAMETRIC_REPRESENTATION_CONTEXT()REPRESENTATION_CONTEXT('2D SPACE',''));
#2401 = PCURVE('',#2292,#2402);
#2402 = DEFINITIONAL_REPRESENTATION('',(#2403),#2407);
#2403 = LINE('',#2404,#2405);
#2404 = CARTESIAN_POINT('',(0.,36.));
#2405 = VECTOR('',#2406,1.);
#2406 = DIRECTION('',(1.,0.));
#2407 =(GEOMETRIC_REPRESENTATION_CONTEXT(2)PARAMETRIC_REPRESENTATION_CONTEXT()REPRESENTATION_CONTEXT('2D SPACE',''));
#2408 = ORIENTED_EDGE('',*,*,#2409,.F.);
#2409 = EDGE_CURVE('',#2336,#2387,#2410,.T.);
#2410 = SURFACE_CURVE('',#2411,(#2415,#2422),.PCURVE_S1.);
#2411 = LINE('',#2412,#2413);
#2412 = CARTESIAN_POINT('',(-1.22E+03,1.13949670633E+03,1.723014437935E+03));
#2413 = VECTOR('',#2414,1.);
#2414 = DIRECTION('',(0.,0.766044443119,-0.642787609687));
#2415 = PCURVE('',#2344,#2416);
#2416 = DEFINITIONAL_REPRESENTATION('',(#2417),#2421);
#2417 = LINE('',#2418,#2419);
#2418 = CARTESIAN_POINT('',(400.,-1.136868377216E-13));
#2419 = VECTOR('',#2420,1.);
#2420 = DIRECTION('',(0.,-1.));
#2421 =(GEOMETRIC_REPRESENTATION_CONTEXT(2)PARAMETRIC_REPRESENTATION_CONTEXT()REPRESENTATION_CONTEXT('2D SPACE',''));
#2422 = PCURVE('',#2318,#2423);
#2423 = DEFINITIONAL_REPRESENTATION('',(#2424),#2428);
#2424 = LINE('',#2425,#2426);
#2425 = CARTESIAN_POINT('',(36.,0.));
#2426 = VECTOR('',#2427,1.);
#2427 = DIRECTION('',(0.,1.));
#2428 =(GEOMETRIC_REPRESENTATION_CONTEXT(2)PARAMETRIC_REPRESENTATION_CONTEXT()REPRESENTATION_CONTEXT('2D SPACE',''));
#2429 = ADVANCED_FACE('',(#2430),#2236,.F.);
#2430 = FACE_BOUND('',#2431,.F.);
#2431 = EDGE_LOOP('',(#2432,#2453,#2454,#2475));
#2432 = ORIENTED_EDGE('',*,*,#2433,.F.);
#2433 = EDGE_CURVE('',#2214,#2334,#2434,.T.);
#2434 = SURFACE_CURVE('',#2435,(#2439,#2446),.PCURVE_S1.);
#2435 = LINE('',#2436,#2437);
#2436 = CARTESIAN_POINT('',(-1.256E+03,882.38166245537,1.416596660688E+03));
#2437 = VECTOR('',#2438,1.);
#2438 = DIRECTION('',(1.,0.,0.));
#2439 = PCURVE('',#2236,#2440);
#2440 = DEFINITIONAL_REPRESENTATION('',(#2441),#2445);
#2441 = LINE('',#2442,#2443);
#2442 = CARTESIAN_POINT('',(0.,0.));
#2443 = VECTOR('',#2444,1.);
#2444 = DIRECTION('',(0.,1.));
#2445 =(GEOMETRIC_REPRESENTATION_CONTEXT(2)PARAMETRIC_REPRESENTATION_CONTEXT()REPRESENTATION_CONTEXT('2D SPACE',''));
#2446 = PCURVE('',#2264,#2447);
#2447 = DEFINITIONAL_REPRESENTATION('',(#2448),#2452);
#2448 = LINE('',#2449,#2450);
#2449 = CARTESIAN_POINT('',(0.,0.));
#2450 = VECTOR('',#2451,1.);
#2451 = DIRECTION('',(1.,0.));
#2452 =(GEOMETRIC_REPRESENTATION_CONTEXT(2)PARAMETRIC_REPRESENTATION_CONTEXT()REPRESENTATION_CONTEXT('2D SPACE',''));
#2453 = ORIENTED_EDGE('',*,*,#2213,.T.);
#2454 = ORIENTED_EDGE('',*,*,#2455,.T.);
#2455 = EDGE_CURVE('',#2216,#2336,#2456,.T.);
#2456 = SURFACE_CURVE('',#2457,(#2461,#2468),.PCURVE_S1.);
#2457 = LINE('',#2458,#2459);
#2458 = CARTESIAN_POINT('',(-1.256E+03,1.13949670633E+03,1.723014437935E+03));
#2459 = VECTOR('',#2460,1.);
#2460 = DIRECTION('',(1.,0.,0.));
#2461 = PCURVE('',#2236,#2462);
#2462 = DEFINITIONAL_REPRESENTATION('',(#2463),#2467);
#2463 = LINE('',#2464,#2465);
#2464 = CARTESIAN_POINT('',(400.,0.));
#2465 = VECTOR('',#2466,1.);
#2466 = DIRECTION('',(0.,1.));
#2467 =(GEOMETRIC_REPRESENTATION_CONTEXT(2)PARAMETRIC_REPRESENTATION_CONTEXT()REPRESENTATION_CONTEXT('2D SPACE',''));
#2468 = PCURVE('',#2318,#2469);
#2469 = DEFINITIONAL_REPRESENTATION('',(#2470),#2474);
#2470 = LINE('',#2471,#2472);
#2471 = CARTESIAN_POINT('',(0.,0.));
#2472 = VECTOR('',#2473,1.);
#2473 = DIRECTION('',(1.,0.));
#2474 =(GEOMETRIC_REPRESENTATION_CONTEXT(2)PARAMETRIC_REPRESENTATION_CONTEXT()REPRESENTATION_CONTEXT('2D SPACE',''));
#2475 = ORIENTED_EDGE('',*,*,#2333,.F.);
#2476 = ADVANCED_FACE('',(#2477),#2292,.T.);
#2477 = FACE_BOUND('',#2478,.T.);
#2478 = EDGE_LOOP('',(#2479,#2500,#2501,#2522));
#2479 = ORIENTED_EDGE('',*,*,#2480,.F.);
#2480 = EDGE_CURVE('',#2249,#2364,#2481,.T.);
#2481 = SURFACE_CURVE('',#2482,(#2486,#2493),.PCURVE_S1.);
#2482 = LINE('',#2483,#2484);
#2483 = CARTESIAN_POINT('',(-1.256E+03,1.020269662217E+03,1.300894890944E+03));
#2484 = VECTOR('',#2485,1.);
#2485 = DIRECTION('',(1.,0.,0.));
#2486 = PCURVE('',#2292,#2487);
#2487 = DEFINITIONAL_REPRESENTATION('',(#2488),#2492);
#2488 = LINE('',#2489,#2490);
#2489 = CARTESIAN_POINT('',(0.,0.));
#2490 = VECTOR('',#2491,1.);
#2491 = DIRECTION('',(0.,1.));
#2492 =(GEOMETRIC_REPRESENTATION_CONTEXT(2)PARAMETRIC_REPRESENTATION_CONTEXT()REPRESENTATION_CONTEXT('2D SPACE',''));
#2493 = PCURVE('',#2264,#2494);
#2494 = DEFINITIONAL_REPRESENTATION('',(#2495),#2499);
#2495 = LINE('',#2496,#2497);
#2496 = CARTESIAN_POINT('',(0.,180.));
#2497 = VECTOR('',#2498,1.);
#2498 = DIRECTION('',(1.,0.));
#2499 =(GEOMETRIC_REPRESENTATION_CONTEXT(2)PARAMETRIC_REPRESENTATION_CONTEXT()REPRESENTATION_CONTEXT('2D SPACE',''));
#2500 = ORIENTED_EDGE('',*,*,#2276,.T.);
#2501 = ORIENTED_EDGE('',*,*,#2502,.T.);
#2502 = EDGE_CURVE('',#2277,#2387,#2503,.T.);
#2503 = SURFACE_CURVE('',#2504,(#2508,#2515),.PCURVE_S1.);
#2504 = LINE('',#2505,#2506);
#2505 = CARTESIAN_POINT('',(-1.256E+03,1.277384706091E+03,1.607312668192E+03));
#2506 = VECTOR('',#2507,1.);
#2507 = DIRECTION('',(1.,0.,0.));
#2508 = PCURVE('',#2292,#2509);
#2509 = DEFINITIONAL_REPRESENTATION('',(#2510),#2514);
#2510 = LINE('',#2511,#2512);
#2511 = CARTESIAN_POINT('',(400.,0.));
#2512 = VECTOR('',#2513,1.);
#2513 = DIRECTION('',(0.,1.));
#2514 =(GEOMETRIC_REPRESENTATION_CONTEXT(2)PARAMETRIC_REPRESENTATION_CONTEXT()REPRESENTATION_CONTEXT('2D SPACE',''));
#2515 = PCURVE('',#2318,#2516);
#2516 = DEFINITIONAL_REPRESENTATION('',(#2517),#2521);
#2517 = LINE('',#2518,#2519);
#2518 = CARTESIAN_POINT('',(0.,180.));
#2519 = VECTOR('',#2520,1.);
#2520 = DIRECTION('',(1.,0.));
#2521 =(GEOMETRIC_REPRESENTATION_CONTEXT(2)PARAMETRIC_REPRESENTATION_CONTEXT()REPRESENTATION_CONTEXT('2D SPACE',''));
#2522 = ORIENTED_EDGE('',*,*,#2386,.F.);
#2523 = ADVANCED_FACE('',(#2524),#2264,.F.);
#2524 = FACE_BOUND('',#2525,.F.);
#2525 = EDGE_LOOP('',(#2526,#2527,#2528,#2529));
#2526 = ORIENTED_EDGE('',*,*,#2248,.F.);
#2527 = ORIENTED_EDGE('',*,*,#2433,.T.);
#2528 = ORIENTED_EDGE('',*,*,#2363,.T.);
#2529 = ORIENTED_EDGE('',*,*,#2480,.F.);
#2530 = ADVANCED_FACE('',(#2531),#2318,.T.);
#2531 = FACE_BOUND('',#2532,.T.);
#2532 = EDGE_LOOP('',(#2533,#2534,#2535,#2536));
#2533 = ORIENTED_EDGE('',*,*,#2304,.F.);
#2534 = ORIENTED_EDGE('',*,*,#2455,.T.);
#2535 = ORIENTED_EDGE('',*,*,#2409,.T.);
#2536 = ORIENTED_EDGE('',*,*,#2502,.F.);
#2537 = MANIFOLD_SOLID_BREP('',#2538);
#2538 = CLOSED_SHELL('',(#2539,#2659,#2759,#2806,#2853,#2860));
#2539 = ADVANCED_FACE('',(#2540),#2554,.F.);
#2540 = FACE_BOUND('',#2541,.F.);
#2541 = EDGE_LOOP('',(#2542,#2577,#2605,#2633));
#2542 = ORIENTED_EDGE('',*,*,#2543,.F.);
#2543 = EDGE_CURVE('',#2544,#2546,#2548,.T.);
#2544 = VERTEX_POINT('',#2545);
#2545 = CARTESIAN_POINT('',(-1.256E+03,1.035897998207E+03,1.389527588715E+03));
#2546 = VERTEX_POINT('',#2547);
#2547 = CARTESIAN_POINT('',(-1.256E+03,1.530441016539E+03,30.78181289931));
#2548 = SURFACE_CURVE('',#2549,(#2553,#2565),.PCURVE_S1.);
#2549 = LINE('',#2550,#2551);
#2550 = CARTESIAN_POINT('',(-1.256E+03,1.035897998207E+03,1.389527588715E+03));
#2551 = VECTOR('',#2552,1.);
#2552 = DIRECTION('',(0.,0.342020143326,-0.939692620786));
#2553 = PCURVE('',#2554,#2559);
#2554 = PLANE('',#2555);
#2555 = AXIS2_PLACEMENT_3D('',#2556,#2557,#2558);
#2556 = CARTESIAN_POINT('',(-1.256E+03,1.035897998207E+03,1.389527588715E+03));
#2557 = DIRECTION('',(1.,0.,0.));
#2558 = DIRECTION('',(0.,0.342020143326,-0.939692620786));
#2559 = DEFINITIONAL_REPRESENTATION('',(#2560),#2564);
#2560 = LINE('',#2561,#2562);
#2561 = CARTESIAN_POINT('',(0.,0.));
#2562 = VECTOR('',#2563,1.);
#2563 = DIRECTION('',(1.,0.));
#2564 =(GEOMETRIC_REPRESENTATION_CONTEXT(2)PARAMETRIC_REPRESENTATION_CONTEXT()REPRESENTATION_CONTEXT('2D SPACE',''));
#2565 = PCURVE('',#2566,#2571);
#2566 = PLANE('',#2567);
#2567 = AXIS2_PLACEMENT_3D('',#2568,#2569,#2570);
#2568 = CARTESIAN_POINT('',(-1.256E+03,1.035897998207E+03,1.389527588715E+03));
#2569 = DIRECTION('',(0.,-0.939692620786,-0.342020143326));
#2570 = DIRECTION('',(0.,0.342020143326,-0.939692620786));
#2571 = DEFINITIONAL_REPRESENTATION('',(#2572),#2576);
#2572 = LINE('',#2573,#2574);
#2573 = CARTESIAN_POINT('',(0.,0.));
#2574 = VECTOR('',#2575,1.);
#2575 = DIRECTION('',(1.,0.));
#2576 =(GEOMETRIC_REPRESENTATION_CONTEXT(2)PARAMETRIC_REPRESENTATION_CONTEXT()REPRESENTATION_CONTEXT('2D SPACE',''));
#2577 = ORIENTED_EDGE('',*,*,#2578,.T.);
#2578 = EDGE_CURVE('',#2544,#2579,#2581,.T.);
#2579 = VERTEX_POINT('',#2580);
#2580 = CARTESIAN_POINT('',(-1.256E+03,866.75332646534,1.327963962917E+03));
#2581 = SURFACE_CURVE('',#2582,(#2586,#2593),.PCURVE_S1.);
#2582 = LINE('',#2583,#2584);
#2583 = CARTESIAN_POINT('',(-1.256E+03,1.035897998207E+03,1.389527588715E+03));
#2584 = VECTOR('',#2585,1.);
#2585 = DIRECTION('',(0.,-0.939692620786,-0.342020143326));
#2586 = PCURVE('',#2554,#2587);
#2587 = DEFINITIONAL_REPRESENTATION('',(#2588),#2592);
#2588 = LINE('',#2589,#2590);
#2589 = CARTESIAN_POINT('',(0.,0.));
#2590 = VECTOR('',#2591,1.);
#2591 = DIRECTION('',(0.,-1.));
#2592 =(GEOMETRIC_REPRESENTATION_CONTEXT(2)PARAMETRIC_REPRESENTATION_CONTEXT()REPRESENTATION_CONTEXT('2D SPACE',''));
#2593 = PCURVE('',#2594,#2599);
#2594 = PLANE('',#2595);
#2595 = AXIS2_PLACEMENT_3D('',#2596,#2597,#2598);
#2596 = CARTESIAN_POINT('',(-1.256E+03,1.035897998207E+03,1.389527588715E+03));
#2597 = DIRECTION('',(0.,0.342020143326,-0.939692620786));
#2598 = DIRECTION('',(1.,0.,0.));
#2599 = DEFINITIONAL_REPRESENTATION('',(#2600),#2604);
#2600 = LINE('',#2601,#2602);
#2601 = CARTESIAN_POINT('',(0.,0.));
#2602 = VECTOR('',#2603,1.);
#2603 = DIRECTION('',(0.,1.));
#2604 =(GEOMETRIC_REPRESENTATION_CONTEXT(2)PARAMETRIC_REPRESENTATION_CONTEXT()REPRESENTATION_CONTEXT('2D SPACE',''));
#2605 = ORIENTED_EDGE('',*,*,#2606,.T.);
#2606 = EDGE_CURVE('',#2579,#2607,#2609,.T.);
#2607 = VERTEX_POINT('',#2608);
#2608 = CARTESIAN_POINT('',(-1.256E+03,1.361296344797E+03,-30.78181289931));
#2609 = SURFACE_CURVE('',#2610,(#2614,#2621),.PCURVE_S1.);
#2610 = LINE('',#2611,#2612);
#2611 = CARTESIAN_POINT('',(-1.256E+03,866.75332646534,1.327963962917E+03));
#2612 = VECTOR('',#2613,1.);
#2613 = DIRECTION('',(0.,0.342020143326,-0.939692620786));
#2614 = PCURVE('',#2554,#2615);
#2615 = DEFINITIONAL_REPRESENTATION('',(#2616),#2620);
#2616 = LINE('',#2617,#2618);
#2617 = CARTESIAN_POINT('',(-1.7763568394E-13,-180.));
#2618 = VECTOR('',#2619,1.);
#2619 = DIRECTION('',(1.,0.));
#2620 =(GEOMETRIC_REPRESENTATION_CONTEXT(2)PARAMETRIC_REPRESENTATION_CONTEXT()REPRESENTATION_CONTEXT('2D SPACE',''));
#2621 = PCURVE('',#2622,#2627);
#2622 = PLANE('',#2623);
#2623 = AXIS2_PLACEMENT_3D('',#2624,#2625,#2626);
#2624 = CARTESIAN_POINT('',(-1.256E+03,866.75332646534,1.327963962917E+03));
#2625 = DIRECTION('',(0.,-0.939692620786,-0.342020143326));
#2626 = DIRECTION('',(0.,0.342020143326,-0.939692620786));
#2627 = DEFINITIONAL_REPRESENTATION('',(#2628),#2632);
#2628 = LINE('',#2629,#2630);
#2629 = CARTESIAN_POINT('',(0.,0.));
#2630 = VECTOR('',#2631,1.);
#2631 = DIRECTION('',(1.,0.));
#2632 =(GEOMETRIC_REPRESENTATION_CONTEXT(2)PARAMETRIC_REPRESENTATION_CONTEXT()REPRESENTATION_CONTEXT('2D SPACE',''));
#2633 = ORIENTED_EDGE('',*,*,#2634,.F.);
#2634 = EDGE_CURVE('',#2546,#2607,#2635,.T.);
#2635 = SURFACE_CURVE('',#2636,(#2640,#2647),.PCURVE_S1.);
#2636 = LINE('',#2637,#2638);
#2637 = CARTESIAN_POINT('',(-1.256E+03,1.530441016539E+03,30.78181289931));
#2638 = VECTOR('',#2639,1.);
#2639 = DIRECTION('',(0.,-0.939692620786,-0.342020143326));
#2640 = PCURVE('',#2554,#2641);
#2641 = DEFINITIONAL_REPRESENTATION('',(#2642),#2646);
#2642 = LINE('',#2643,#2644);
#2643 = CARTESIAN_POINT('',(1.445947053069E+03,-1.136868377216E-13));
#2644 = VECTOR('',#2645,1.);
#2645 = DIRECTION('',(0.,-1.));
#2646 =(GEOMETRIC_REPRESENTATION_CONTEXT(2)PARAMETRIC_REPRESENTATION_CONTEXT()REPRESENTATION_CONTEXT('2D SPACE',''));
#2647 = PCURVE('',#2648,#2653);
#2648 = PLANE('',#2649);
#2649 = AXIS2_PLACEMENT_3D('',#2650,#2651,#2652);
#2650 = CARTESIAN_POINT('',(-1.256E+03,1.530441016539E+03,30.78181289931));
#2651 = DIRECTION('',(0.,0.342020143326,-0.939692620786));
#2652 = DIRECTION('',(1.,0.,0.));
#2653 = DEFINITIONAL_REPRESENTATION('',(#2654),#2658);
#2654 = LINE('',#2655,#2656);
#2655 = CARTESIAN_POINT('',(0.,0.));
#2656 = VECTOR('',#2657,1.);
#2657 = DIRECTION('',(0.,1.));
#2658 =(GEOMETRIC_REPRESENTATION_CONTEXT(2)PARAMETRIC_REPRESENTATION_CONTEXT()REPRESENTATION_CONTEXT('2D SPACE',''));
#2659 = ADVANCED_FACE('',(#2660),#2674,.T.);
#2660 = FACE_BOUND('',#2661,.T.);
#2661 = EDGE_LOOP('',(#2662,#2692,#2715,#2738));
#2662 = ORIENTED_EDGE('',*,*,#2663,.F.);
#2663 = EDGE_CURVE('',#2664,#2666,#2668,.T.);
#2664 = VERTEX_POINT('',#2665);
#2665 = CARTESIAN_POINT('',(-1.22E+03,1.035897998207E+03,1.389527588715E+03));
#2666 = VERTEX_POINT('',#2667);
#2667 = CARTESIAN_POINT('',(-1.22E+03,1.530441016539E+03,30.78181289931));
#2668 = SURFACE_CURVE('',#2669,(#2673,#2685),.PCURVE_S1.);
#2669 = LINE('',#2670,#2671);
#2670 = CARTESIAN_POINT('',(-1.22E+03,1.035897998207E+03,1.389527588715E+03));
#2671 = VECTOR('',#2672,1.);
#2672 = DIRECTION('',(0.,0.342020143326,-0.939692620786));
#2673 = PCURVE('',#2674,#2679);
#2674 = PLANE('',#2675);
#2675 = AXIS2_PLACEMENT_3D('',#2676,#2677,#2678);
#2676 = CARTESIAN_POINT('',(-1.22E+03,1.035897998207E+03,1.389527588715E+03));
#2677 = DIRECTION('',(1.,0.,0.));
#2678 = DIRECTION('',(0.,0.342020143326,-0.939692620786));
#2679 = DEFINITIONAL_REPRESENTATION('',(#2680),#2684);
#2680 = LINE('',#2681,#2682);
#2681 = CARTESIAN_POINT('',(0.,0.));
#2682 = VECTOR('',#2683,1.);
#2683 = DIRECTION('',(1.,0.));
#2684 =(GEOMETRIC_REPRESENTATION_CONTEXT(2)PARAMETRIC_REPRESENTATION_CONTEXT()REPRESENTATION_CONTEXT('2D SPACE',''));
#2685 = PCURVE('',#2566,#2686);
#2686 = DEFINITIONAL_REPRESENTATION('',(#2687),#2691);
#2687 = LINE('',#2688,#2689);
#2688 = CARTESIAN_POINT('',(0.,36.));
#2689 = VECTOR('',#2690,1.);
#2690 = DIRECTION('',(1.,0.));
#2691 =(GEOMETRIC_REPRESENTATION_CONTEXT(2)PARAMETRIC_REPRESENTATION_CONTEXT()REPRESENTATION_CONTEXT('2D SPACE',''));
#2692 = ORIENTED_EDGE('',*,*,#2693,.T.);
#2693 = EDGE_CURVE('',#2664,#2694,#2696,.T.);
#2694 = VERTEX_POINT('',#2695);
#2695 = CARTESIAN_POINT('',(-1.22E+03,866.75332646534,1.327963962917E+03));
#2696 = SURFACE_CURVE('',#2697,(#2701,#2708),.PCURVE_S1.);
#2697 = LINE('',#2698,#2699);
#2698 = CARTESIAN_POINT('',(-1.22E+03,1.035897998207E+03,1.389527588715E+03));
#2699 = VECTOR('',#2700,1.);
#2700 = DIRECTION('',(0.,-0.939692620786,-0.342020143326));
#2701 = PCURVE('',#2674,#2702);
#2702 = DEFINITIONAL_REPRESENTATION('',(#2703),#2707);
#2703 = LINE('',#2704,#2705);
#2704 = CARTESIAN_POINT('',(0.,0.));
#2705 = VECTOR('',#2706,1.);
#2706 = DIRECTION('',(0.,-1.));
#2707 =(GEOMETRIC_REPRESENTATION_CONTEXT(2)PARAMETRIC_REPRESENTATION_CONTEXT()REPRESENTATION_CONTEXT('2D SPACE',''));
#2708 = PCURVE('',#2594,#2709);
#2709 = DEFINITIONAL_REPRESENTATION('',(#2710),#2714);
#2710 = LINE('',#2711,#2712);
#2711 = CARTESIAN_POINT('',(36.,0.));
#2712 = VECTOR('',#2713,1.);
#2713 = DIRECTION('',(0.,1.));
#2714 =(GEOMETRIC_REPRESENTATION_CONTEXT(2)PARAMETRIC_REPRESENTATION_CONTEXT()REPRESENTATION_CONTEXT('2D SPACE',''));
#2715 = ORIENTED_EDGE('',*,*,#2716,.T.);
#2716 = EDGE_CURVE('',#2694,#2717,#2719,.T.);
#2717 = VERTEX_POINT('',#2718);
#2718 = CARTESIAN_POINT('',(-1.22E+03,1.361296344797E+03,-30.78181289931));
#2719 = SURFACE_CURVE('',#2720,(#2724,#2731),.PCURVE_S1.);
#2720 = LINE('',#2721,#2722);
#2721 = CARTESIAN_POINT('',(-1.22E+03,866.75332646534,1.327963962917E+03));
#2722 = VECTOR('',#2723,1.);
#2723 = DIRECTION('',(0.,0.342020143326,-0.939692620786));
#2724 = PCURVE('',#2674,#2725);
#2725 = DEFINITIONAL_REPRESENTATION('',(#2726),#2730);
#2726 = LINE('',#2727,#2728);
#2727 = CARTESIAN_POINT('',(-1.7763568394E-13,-180.));
#2728 = VECTOR('',#2729,1.);
#2729 = DIRECTION('',(1.,0.));
#2730 =(GEOMETRIC_REPRESENTATION_CONTEXT(2)PARAMETRIC_REPRESENTATION_CONTEXT()REPRESENTATION_CONTEXT('2D SPACE',''));
#2731 = PCURVE('',#2622,#2732);
#2732 = DEFINITIONAL_REPRESENTATION('',(#2733),#2737);
#2733 = LINE('',#2734,#2735);
#2734 = CARTESIAN_POINT('',(0.,36.));
#2735 = VECTOR('',#2736,1.);
#2736 = DIRECTION('',(1.,0.));
#2737 =(GEOMETRIC_REPRESENTATION_CONTEXT(2)PARAMETRIC_REPRESENTATION_CONTEXT()REPRESENTATION_CONTEXT('2D SPACE',''));
#2738 = ORIENTED_EDGE('',*,*,#2739,.F.);
#2739 = EDGE_CURVE('',#2666,#2717,#2740,.T.);
#2740 = SURFACE_CURVE('',#2741,(#2745,#2752),.PCURVE_S1.);
#2741 = LINE('',#2742,#2743);
#2742 = CARTESIAN_POINT('',(-1.22E+03,1.530441016539E+03,30.78181289931));
#2743 = VECTOR('',#2744,1.);
#2744 = DIRECTION('',(0.,-0.939692620786,-0.342020143326));
#2745 = PCURVE('',#2674,#2746);
#2746 = DEFINITIONAL_REPRESENTATION('',(#2747),#2751);
#2747 = LINE('',#2748,#2749);
#2748 = CARTESIAN_POINT('',(1.445947053069E+03,-1.136868377216E-13));
#2749 = VECTOR('',#2750,1.);
#2750 = DIRECTION('',(0.,-1.));
#2751 =(GEOMETRIC_REPRESENTATION_CONTEXT(2)PARAMETRIC_REPRESENTATION_CONTEXT()REPRESENTATION_CONTEXT('2D SPACE',''));
#2752 = PCURVE('',#2648,#2753);
#2753 = DEFINITIONAL_REPRESENTATION('',(#2754),#2758);
#2754 = LINE('',#2755,#2756);
#2755 = CARTESIAN_POINT('',(36.,0.));
#2756 = VECTOR('',#2757,1.);
#2757 = DIRECTION('',(0.,1.));
#2758 =(GEOMETRIC_REPRESENTATION_CONTEXT(2)PARAMETRIC_REPRESENTATION_CONTEXT()REPRESENTATION_CONTEXT('2D SPACE',''));
#2759 = ADVANCED_FACE('',(#2760),#2566,.F.);
#2760 = FACE_BOUND('',#2761,.F.);
#2761 = EDGE_LOOP('',(#2762,#2783,#2784,#2805));
#2762 = ORIENTED_EDGE('',*,*,#2763,.F.);
#2763 = EDGE_CURVE('',#2544,#2664,#2764,.T.);
#2764 = SURFACE_CURVE('',#2765,(#2769,#2776),.PCURVE_S1.);
#2765 = LINE('',#2766,#2767);
#2766 = CARTESIAN_POINT('',(-1.256E+03,1.035897998207E+03,1.389527588715E+03));
#2767 = VECTOR('',#2768,1.);
#2768 = DIRECTION('',(1.,0.,0.));
#2769 = PCURVE('',#2566,#2770);
#2770 = DEFINITIONAL_REPRESENTATION('',(#2771),#2775);
#2771 = LINE('',#2772,#2773);
#2772 = CARTESIAN_POINT('',(0.,0.));
#2773 = VECTOR('',#2774,1.);
#2774 = DIRECTION('',(0.,1.));
#2775 =(GEOMETRIC_REPRESENTATION_CONTEXT(2)PARAMETRIC_REPRESENTATION_CONTEXT()REPRESENTATION_CONTEXT('2D SPACE',''));
#2776 = PCURVE('',#2594,#2777);
#2777 = DEFINITIONAL_REPRESENTATION('',(#2778),#2782);
#2778 = LINE('',#2779,#2780);
#2779 = CARTESIAN_POINT('',(0.,0.));
#2780 = VECTOR('',#2781,1.);
#2781 = DIRECTION('',(1.,0.));
#2782 =(GEOMETRIC_REPRESENTATION_CONTEXT(2)PARAMETRIC_REPRESENTATION_CONTEXT()REPRESENTATION_CONTEXT('2D SPACE',''));
#2783 = ORIENTED_EDGE('',*,*,#2543,.T.);
#2784 = ORIENTED_EDGE('',*,*,#2785,.T.);
#2785 = EDGE_CURVE('',#2546,#2666,#2786,.T.);
#2786 = SURFACE_CURVE('',#2787,(#2791,#2798),.PCURVE_S1.);
#2787 = LINE('',#2788,#2789);
#2788 = CARTESIAN_POINT('',(-1.256E+03,1.530441016539E+03,30.78181289931));
#2789 = VECTOR('',#2790,1.);
#2790 = DIRECTION('',(1.,0.,0.));
#2791 = PCURVE('',#2566,#2792);
#2792 = DEFINITIONAL_REPRESENTATION('',(#2793),#2797);
#2793 = LINE('',#2794,#2795);
#2794 = CARTESIAN_POINT('',(1.445947053069E+03,0.));
#2795 = VECTOR('',#2796,1.);
#2796 = DIRECTION('',(0.,1.));
#2797 =(GEOMETRIC_REPRESENTATION_CONTEXT(2)PARAMETRIC_REPRESENTATION_CONTEXT()REPRESENTATION_CONTEXT('2D SPACE',''));
#2798 = PCURVE('',#2648,#2799);
#2799 = DEFINITIONAL_REPRESENTATION('',(#2800),#2804);
#2800 = LINE('',#2801,#2802);
#2801 = CARTESIAN_POINT('',(0.,0.));
#2802 = VECTOR('',#2803,1.);
#2803 = DIRECTION('',(1.,0.));
#2804 =(GEOMETRIC_REPRESENTATION_CONTEXT(2)PARAMETRIC_REPRESENTATION_CONTEXT()REPRESENTATION_CONTEXT('2D SPACE',''));
#2805 = ORIENTED_EDGE('',*,*,#2663,.F.);
#2806 = ADVANCED_FACE('',(#2807),#2622,.T.);
#2807 = FACE_BOUND('',#2808,.T.);
#2808 = EDGE_LOOP('',(#2809,#2830,#2831,#2852));
#2809 = ORIENTED_EDGE('',*,*,#2810,.F.);
#2810 = EDGE_CURVE('',#2579,#2694,#2811,.T.);
#2811 = SURFACE_CURVE('',#2812,(#2816,#2823),.PCURVE_S1.);
#2812 = LINE('',#2813,#2814);
#2813 = CARTESIAN_POINT('',(-1.256E+03,866.75332646534,1.327963962917E+03));
#2814 = VECTOR('',#2815,1.);
#2815 = DIRECTION('',(1.,0.,0.));
#2816 = PCURVE('',#2622,#2817);
#2817 = DEFINITIONAL_REPRESENTATION('',(#2818),#2822);
#2818 = LINE('',#2819,#2820);
#2819 = CARTESIAN_POINT('',(0.,0.));
#2820 = VECTOR('',#2821,1.);
#2821 = DIRECTION('',(0.,1.));
#2822 =(GEOMETRIC_REPRESENTATION_CONTEXT(2)PARAMETRIC_REPRESENTATION_CONTEXT()REPRESENTATION_CONTEXT('2D SPACE',''));
#2823 = PCURVE('',#2594,#2824);
#2824 = DEFINITIONAL_REPRESENTATION('',(#2825),#2829);
#2825 = LINE('',#2826,#2827);
#2826 = CARTESIAN_POINT('',(0.,180.));
#2827 = VECTOR('',#2828,1.);
#2828 = DIRECTION('',(1.,0.));
#2829 =(GEOMETRIC_REPRESENTATION_CONTEXT(2)PARAMETRIC_REPRESENTATION_CONTEXT()REPRESENTATION_CONTEXT('2D SPACE',''));
#2830 = ORIENTED_EDGE('',*,*,#2606,.T.);
#2831 = ORIENTED_EDGE('',*,*,#2832,.T.);
#2832 = EDGE_CURVE('',#2607,#2717,#2833,.T.);
#2833 = SURFACE_CURVE('',#2834,(#2838,#2845),.PCURVE_S1.);
#2834 = LINE('',#2835,#2836);
#2835 = CARTESIAN_POINT('',(-1.256E+03,1.361296344797E+03,-30.78181289931));
#2836 = VECTOR('',#2837,1.);
#2837 = DIRECTION('',(1.,0.,0.));
#2838 = PCURVE('',#2622,#2839);
#2839 = DEFINITIONAL_REPRESENTATION('',(#2840),#2844);
#2840 = LINE('',#2841,#2842);
#2841 = CARTESIAN_POINT('',(1.445947053069E+03,0.));
#2842 = VECTOR('',#2843,1.);
#2843 = DIRECTION('',(0.,1.));
#2844 =(GEOMETRIC_REPRESENTATION_CONTEXT(2)PARAMETRIC_REPRESENTATION_CONTEXT()REPRESENTATION_CONTEXT('2D SPACE',''));
#2845 = PCURVE('',#2648,#2846);
#2846 = DEFINITIONAL_REPRESENTATION('',(#2847),#2851);
#2847 = LINE('',#2848,#2849);
#2848 = CARTESIAN_POINT('',(0.,180.));
#2849 = VECTOR('',#2850,1.);
#2850 = DIRECTION('',(1.,0.));
#2851 =(GEOMETRIC_REPRESENTATION_CONTEXT(2)PARAMETRIC_REPRESENTATION_CONTEXT()REPRESENTATION_CONTEXT('2D SPACE',''));
#2852 = ORIENTED_EDGE('',*,*,#2716,.F.);
#2853 = ADVANCED_FACE('',(#2854),#2594,.F.);
#2854 = FACE_BOUND('',#2855,.F.);
#2855 = EDGE_LOOP('',(#2856,#2857,#2858,#2859));
#2856 = ORIENTED_EDGE('',*,*,#2578,.F.);
#2857 = ORIENTED_EDGE('',*,*,#2763,.T.);
#2858 = ORIENTED_EDGE('',*,*,#2693,.T.);
#2859 = ORIENTED_EDGE('',*,*,#2810,.F.);
#2860 = ADVANCED_FACE('',(#2861),#2648,.T.);
#2861 = FACE_BOUND('',#2862,.T.);
#2862 = EDGE_LOOP('',(#2863,#2864,#2865,#2866));
#2863 = ORIENTED_EDGE('',*,*,#2634,.F.);
#2864 = ORIENTED_EDGE('',*,*,#2785,.T.);
#2865 = ORIENTED_EDGE('',*,*,#2739,.T.);
#2866 = ORIENTED_EDGE('',*,*,#2832,.F.);
#2867 =(GEOMETRIC_REPRESENTATION_CONTEXT(3)GLOBAL_UNCERTAINTY_ASSIGNED_CONTEXT((#2871))GLOBAL_UNIT_ASSIGNED_CONTEXT((#2868,#2869,#2870))REPRESENTATION_CONTEXT('Context #1','3D Context with UNIT and UNCERTAINTY'));
#2868 =(LENGTH_UNIT()NAMED_UNIT(*)SI_UNIT(.MILLI.,.METRE.));
#2869 =(NAMED_UNIT(*)PLANE_ANGLE_UNIT()SI_UNIT($,.RADIAN.));
#2870 =(NAMED_UNIT(*)SI_UNIT($,.STERADIAN.)SOLID_ANGLE_UNIT());
#2871 = UNCERTAINTY_MEASURE_WITH_UNIT(LENGTH_MEASURE(1.E-07),#2868,'distance_accuracy_value','confusion accuracy');
#2872 = CONTEXT_DEPENDENT_SHAPE_REPRESENTATION(#2873,#2875);
#2873 =(REPRESENTATION_RELATIONSHIP('','',#2206,#10)REPRESENTATION_RELATIONSHIP_WITH_TRANSFORMATION(#2874)SHAPE_REPRESENTATION_RELATIONSHIP());
#2874 = ITEM_DEFINED_TRANSFORMATION('','',#11,#39);
#2875 = PRODUCT_DEFINITION_SHAPE('Placement','Placement of an item',#2876);
#2876 = NEXT_ASSEMBLY_USAGE_OCCURRENCE('7','leg_left','',#5,#2201,$);
#2877 = PRODUCT_RELATED_PRODUCT_CATEGORY('part',$,(#2203));
#2878 = SHAPE_DEFINITION_REPRESENTATION(#2879,#2885);
#2879 = PRODUCT_DEFINITION_SHAPE('','',#2880);
#2880 = PRODUCT_DEFINITION('design','',#2881,#2884);
#2881 = PRODUCT_DEFINITION_FORMATION('','',#2882);
#2882 = PRODUCT('leg_right','leg_right','',(#2883));
#2883 = PRODUCT_CONTEXT('',#2,'mechanical');
#2884 = PRODUCT_DEFINITION_CONTEXT('part definition',#2,'design');
#2885 = SHAPE_REPRESENTATION('',(#11,#2886,#3216),#3546);
#2886 = MANIFOLD_SOLID_BREP('',#2887);
#2887 = CLOSED_SHELL('',(#2888,#3008,#3108,#3155,#3202,#3209));
#2888 = ADVANCED_FACE('',(#2889),#2903,.F.);
#2889 = FACE_BOUND('',#2890,.F.);
#2890 = EDGE_LOOP('',(#2891,#2926,#2954,#2982));
#2891 = ORIENTED_EDGE('',*,*,#2892,.F.);
#2892 = EDGE_CURVE('',#2893,#2895,#2897,.T.);
#2893 = VERTEX_POINT('',#2894);
#2894 = CARTESIAN_POINT('',(1.22E+03,882.38166245537,1.416596660688E+03));
#2895 = VERTEX_POINT('',#2896);
#2896 = CARTESIAN_POINT('',(1.22E+03,1.13949670633E+03,1.723014437935E+03));
#2897 = SURFACE_CURVE('',#2898,(#2902,#2914),.PCURVE_S1.);
#2898 = LINE('',#2899,#2900);
#2899 = CARTESIAN_POINT('',(1.22E+03,882.38166245537,1.416596660688E+03));
#2900 = VECTOR('',#2901,1.);
#2901 = DIRECTION('',(0.,0.642787609687,0.766044443119));
#2902 = PCURVE('',#2903,#2908);
#2903 = PLANE('',#2904);
#2904 = AXIS2_PLACEMENT_3D('',#2905,#2906,#2907);
#2905 = CARTESIAN_POINT('',(1.22E+03,882.38166245537,1.416596660688E+03));
#2906 = DIRECTION('',(1.,0.,0.));
#2907 = DIRECTION('',(0.,0.642787609687,0.766044443119));
#2908 = DEFINITIONAL_REPRESENTATION('',(#2909),#2913);
#2909 = LINE('',#2910,#2911);
#2910 = CARTESIAN_POINT('',(0.,0.));
#2911 = VECTOR('',#2912,1.);
#2912 = DIRECTION('',(1.,0.));
#2913 =(GEOMETRIC_REPRESENTATION_CONTEXT(2)PARAMETRIC_REPRESENTATION_CONTEXT()REPRESENTATION_CONTEXT('2D SPACE',''));
#2914 = PCURVE('',#2915,#2920);
#2915 = PLANE('',#2916);
#2916 = AXIS2_PLACEMENT_3D('',#2917,#2918,#2919);
#2917 = CARTESIAN_POINT('',(1.22E+03,882.38166245537,1.416596660688E+03));
#2918 = DIRECTION('',(0.,0.766044443119,-0.642787609687));
#2919 = DIRECTION('',(0.,0.642787609687,0.766044443119));
#2920 = DEFINITIONAL_REPRESENTATION('',(#2921),#2925);
#2921 = LINE('',#2922,#2923);
#2922 = CARTESIAN_POINT('',(0.,0.));
#2923 = VECTOR('',#2924,1.);
#2924 = DIRECTION('',(1.,0.));
#2925 =(GEOMETRIC_REPRESENTATION_CONTEXT(2)PARAMETRIC_REPRESENTATION_CONTEXT()REPRESENTATION_CONTEXT('2D SPACE',''));
#2926 = ORIENTED_EDGE('',*,*,#2927,.T.);
#2927 = EDGE_CURVE('',#2893,#2928,#2930,.T.);
#2928 = VERTEX_POINT('',#2929);
#2929 = CARTESIAN_POINT('',(1.22E+03,1.020269662217E+03,1.300894890944E+03));
#2930 = SURFACE_CURVE('',#2931,(#2935,#2942),.PCURVE_S1.);
#2931 = LINE('',#2932,#2933);
#2932 = CARTESIAN_POINT('',(1.22E+03,882.38166245537,1.416596660688E+03));
#2933 = VECTOR('',#2934,1.);
#2934 = DIRECTION('',(0.,0.766044443119,-0.642787609687));
#2935 = PCURVE('',#2903,#2936);
#2936 = DEFINITIONAL_REPRESENTATION('',(#2937),#2941);
#2937 = LINE('',#2938,#2939);
#2938 = CARTESIAN_POINT('',(0.,0.));
#2939 = VECTOR('',#2940,1.);
#2940 = DIRECTION('',(0.,-1.));
#2941 =(GEOMETRIC_REPRESENTATION_CONTEXT(2)PARAMETRIC_REPRESENTATION_CONTEXT()REPRESENTATION_CONTEXT('2D SPACE',''));
#2942 = PCURVE('',#2943,#2948);
#2943 = PLANE('',#2944);
#2944 = AXIS2_PLACEMENT_3D('',#2945,#2946,#2947);
#2945 = CARTESIAN_POINT('',(1.22E+03,882.38166245537,1.416596660688E+03));
#2946 = DIRECTION('',(0.,0.642787609687,0.766044443119));
#2947 = DIRECTION('',(1.,0.,0.));
#2948 = DEFINITIONAL_REPRESENTATION('',(#2949),#2953);
#2949 = LINE('',#2950,#2951);
#2950 = CARTESIAN_POINT('',(0.,0.));
#2951 = VECTOR('',#2952,1.);
#2952 = DIRECTION('',(0.,1.));
#2953 =(GEOMETRIC_REPRESENTATION_CONTEXT(2)PARAMETRIC_REPRESENTATION_CONTEXT()REPRESENTATION_CONTEXT('2D SPACE',''));
#2954 = ORIENTED_EDGE('',*,*,#2955,.T.);
#2955 = EDGE_CURVE('',#2928,#2956,#2958,.T.);
#2956 = VERTEX_POINT('',#2957);
#2957 = CARTESIAN_POINT('',(1.22E+03,1.277384706091E+03,1.607312668192E+03));
#2958 = SURFACE_CURVE('',#2959,(#2963,#2970),.PCURVE_S1.);
#2959 = LINE('',#2960,#2961);
#2960 = CARTESIAN_POINT('',(1.22E+03,1.020269662217E+03,1.300894890944E+03));
#2961 = VECTOR('',#2962,1.);
#2962 = DIRECTION('',(0.,0.642787609687,0.766044443119));
#2963 = PCURVE('',#2903,#2964);
#2964 = DEFINITIONAL_REPRESENTATION('',(#2965),#2969);
#2965 = LINE('',#2966,#2967);
#2966 = CARTESIAN_POINT('',(-4.263256414561E-14,-180.));
#2967 = VECTOR('',#2968,1.);
#2968 = DIRECTION('',(1.,0.));
#2969 =(GEOMETRIC_REPRESENTATION_CONTEXT(2)PARAMETRIC_REPRESENTATION_CONTEXT()REPRESENTATION_CONTEXT('2D SPACE',''));
#2970 = PCURVE('',#2971,#2976);
#2971 = PLANE('',#2972);
#2972 = AXIS2_PLACEMENT_3D('',#2973,#2974,#2975);
#2973 = CARTESIAN_POINT('',(1.22E+03,1.020269662217E+03,1.300894890944E+03));
#2974 = DIRECTION('',(0.,0.766044443119,-0.642787609687));
#2975 = DIRECTION('',(0.,0.642787609687,0.766044443119));
#2976 = DEFINITIONAL_REPRESENTATION('',(#2977),#2981);
#2977 = LINE('',#2978,#2979);
#2978 = CARTESIAN_POINT('',(0.,0.));
#2979 = VECTOR('',#2980,1.);
#2980 = DIRECTION('',(1.,0.));
#2981 =(GEOMETRIC_REPRESENTATION_CONTEXT(2)PARAMETRIC_REPRESENTATION_CONTEXT()REPRESENTATION_CONTEXT('2D SPACE',''));
#2982 = ORIENTED_EDGE('',*,*,#2983,.F.);
#2983 = EDGE_CURVE('',#2895,#2956,#2984,.T.);
#2984 = SURFACE_CURVE('',#2985,(#2989,#2996),.PCURVE_S1.);
#2985 = LINE('',#2986,#2987);
#2986 = CARTESIAN_POINT('',(1.22E+03,1.13949670633E+03,1.723014437935E+03));
#2987 = VECTOR('',#2988,1.);
#2988 = DIRECTION('',(0.,0.766044443119,-0.642787609687));
#2989 = PCURVE('',#2903,#2990);
#2990 = DEFINITIONAL_REPRESENTATION('',(#2991),#2995);
#2991 = LINE('',#2992,#2993);
#2992 = CARTESIAN_POINT('',(400.,-1.136868377216E-13));
#2993 = VECTOR('',#2994,1.);
#2994 = DIRECTION('',(0.,-1.));
#2995 =(GEOMETRIC_REPRESENTATION_CONTEXT(2)PARAMETRIC_REPRESENTATION_CONTEXT()REPRESENTATION_CONTEXT('2D SPACE',''));
#2996 = PCURVE('',#2997,#3002);
#2997 = PLANE('',#2998);
#2998 = AXIS2_PLACEMENT_3D('',#2999,#3000,#3001);
#2999 = CARTESIAN_POINT('',(1.22E+03,1.13949670633E+03,1.723014437935E+03));
#3000 = DIRECTION('',(0.,0.642787609687,0.766044443119));
#3001 = DIRECTION('',(1.,0.,0.));
#3002 = DEFINITIONAL_REPRESENTATION('',(#3003),#3007);
#3003 = LINE('',#3004,#3005);
#3004 = CARTESIAN_POINT('',(0.,0.));
#3005 = VECTOR('',#3006,1.);
#3006 = DIRECTION('',(0.,1.));
#3007 =(GEOMETRIC_REPRESENTATION_CONTEXT(2)PARAMETRIC_REPRESENTATION_CONTEXT()REPRESENTATION_CONTEXT('2D SPACE',''));
#3008 = ADVANCED_FACE('',(#3009),#3023,.T.);
#3009 = FACE_BOUND('',#3010,.T.);
#3010 = EDGE_LOOP('',(#3011,#3041,#3064,#3087));
#3011 = ORIENTED_EDGE('',*,*,#3012,.F.);
#3012 = EDGE_CURVE('',#3013,#3015,#3017,.T.);
#3013 = VERTEX_POINT('',#3014);
#3014 = CARTESIAN_POINT('',(1.256E+03,882.38166245537,1.416596660688E+03));
#3015 = VERTEX_POINT('',#3016);
#3016 = CARTESIAN_POINT('',(1.256E+03,1.13949670633E+03,1.723014437935E+03));
#3017 = SURFACE_CURVE('',#3018,(#3022,#3034),.PCURVE_S1.);
#3018 = LINE('',#3019,#3020);
#3019 = CARTESIAN_POINT('',(1.256E+03,882.38166245537,1.416596660688E+03));
#3020 = VECTOR('',#3021,1.);
#3021 = DIRECTION('',(0.,0.642787609687,0.766044443119));
#3022 = PCURVE('',#3023,#3028);
#3023 = PLANE('',#3024);
#3024 = AXIS2_PLACEMENT_3D('',#3025,#3026,#3027);
#3025 = CARTESIAN_POINT('',(1.256E+03,882.38166245537,1.416596660688E+03));
#3026 = DIRECTION('',(1.,0.,0.));
#3027 = DIRECTION('',(0.,0.642787609687,0.766044443119));
#3028 = DEFINITIONAL_REPRESENTATION('',(#3029),#3033);
#3029 = LINE('',#3030,#3031);
#3030 = CARTESIAN_POINT('',(0.,0.));
#3031 = VECTOR('',#3032,1.);
#3032 = DIRECTION('',(1.,0.));
#3033 =(GEOMETRIC_REPRESENTATION_CONTEXT(2)PARAMETRIC_REPRESENTATION_CONTEXT()REPRESENTATION_CONTEXT('2D SPACE',''));
#3034 = PCURVE('',#2915,#3035);
#3035 = DEFINITIONAL_REPRESENTATION('',(#3036),#3040);
#3036 = LINE('',#3037,#3038);
#3037 = CARTESIAN_POINT('',(0.,36.));
#3038 = VECTOR('',#3039,1.);
#3039 = DIRECTION('',(1.,0.));
#3040 =(GEOMETRIC_REPRESENTATION_CONTEXT(2)PARAMETRIC_REPRESENTATION_CONTEXT()REPRESENTATION_CONTEXT('2D SPACE',''));
#3041 = ORIENTED_EDGE('',*,*,#3042,.T.);
#3042 = EDGE_CURVE('',#3013,#3043,#3045,.T.);
#3043 = VERTEX_POINT('',#3044);
#3044 = CARTESIAN_POINT('',(1.256E+03,1.020269662217E+03,1.300894890944E+03));
#3045 = SURFACE_CURVE('',#3046,(#3050,#3057),.PCURVE_S1.);
#3046 = LINE('',#3047,#3048);
#3047 = CARTESIAN_POINT('',(1.256E+03,882.38166245537,1.416596660688E+03));
#3048 = VECTOR('',#3049,1.);
#3049 = DIRECTION('',(0.,0.766044443119,-0.642787609687));
#3050 = PCURVE('',#3023,#3051);
#3051 = DEFINITIONAL_REPRESENTATION('',(#3052),#3056);
#3052 = LINE('',#3053,#3054);
#3053 = CARTESIAN_POINT('',(0.,0.));
#3054 = VECTOR('',#3055,1.);
#3055 = DIRECTION('',(0.,-1.));
#3056 =(GEOMETRIC_REPRESENTATION_CONTEXT(2)PARAMETRIC_REPRESENTATION_CONTEXT()REPRESENTATION_CONTEXT('2D SPACE',''));
#3057 = PCURVE('',#2943,#3058);
#3058 = DEFINITIONAL_REPRESENTATION('',(#3059),#3063);
#3059 = LINE('',#3060,#3061);
#3060 = CARTESIAN_POINT('',(36.,0.));
#3061 = VECTOR('',#3062,1.);
#3062 = DIRECTION('',(0.,1.));
#3063 =(GEOMETRIC_REPRESENTATION_CONTEXT(2)PARAMETRIC_REPRESENTATION_CONTEXT()REPRESENTATION_CONTEXT('2D SPACE',''));
#3064 = ORIENTED_EDGE('',*,*,#3065,.T.);
#3065 = EDGE_CURVE('',#3043,#3066,#3068,.T.);
#3066 = VERTEX_POINT('',#3067);
#3067 = CARTESIAN_POINT('',(1.256E+03,1.277384706091E+03,1.607312668192E+03));
#3068 = SURFACE_CURVE('',#3069,(#3073,#3080),.PCURVE_S1.);
#3069 = LINE('',#3070,#3071);
#3070 = CARTESIAN_POINT('',(1.256E+03,1.020269662217E+03,1.300894890944E+03));
#3071 = VECTOR('',#3072,1.);
#3072 = DIRECTION('',(0.,0.642787609687,0.766044443119));
#3073 = PCURVE('',#3023,#3074);
#3074 = DEFINITIONAL_REPRESENTATION('',(#3075),#3079);
#3075 = LINE('',#3076,#3077);
#3076 = CARTESIAN_POINT('',(-4.263256414561E-14,-180.));
#3077 = VECTOR('',#3078,1.);
#3078 = DIRECTION('',(1.,0.));
#3079 =(GEOMETRIC_REPRESENTATION_CONTEXT(2)PARAMETRIC_REPRESENTATION_CONTEXT()REPRESENTATION_CONTEXT('2D SPACE',''));
#3080 = PCURVE('',#2971,#3081);
#3081 = DEFINITIONAL_REPRESENTATION('',(#3082),#3086);
#3082 = LINE('',#3083,#3084);
#3083 = CARTESIAN_POINT('',(0.,36.));
#3084 = VECTOR('',#3085,1.);
#3085 = DIRECTION('',(1.,0.));
#3086 =(GEOMETRIC_REPRESENTATION_CONTEXT(2)PARAMETRIC_REPRESENTATION_CONTEXT()REPRESENTATION_CONTEXT('2D SPACE',''));
#3087 = ORIENTED_EDGE('',*,*,#3088,.F.);
#3088 = EDGE_CURVE('',#3015,#3066,#3089,.T.);
#3089 = SURFACE_CURVE('',#3090,(#3094,#3101),.PCURVE_S1.);
#3090 = LINE('',#3091,#3092);
#3091 = CARTESIAN_POINT('',(1.256E+03,1.13949670633E+03,1.723014437935E+03));
#3092 = VECTOR('',#3093,1.);
#3093 = DIRECTION('',(0.,0.766044443119,-0.642787609687));
#3094 = PCURVE('',#3023,#3095);
#3095 = DEFINITIONAL_REPRESENTATION('',(#3096),#3100);
#3096 = LINE('',#3097,#3098);
#3097 = CARTESIAN_POINT('',(400.,-1.136868377216E-13));
#3098 = VECTOR('',#3099,1.);
#3099 = DIRECTION('',(0.,-1.));
#3100 =(GEOMETRIC_REPRESENTATION_CONTEXT(2)PARAMETRIC_REPRESENTATION_CONTEXT()REPRESENTATION_CONTEXT('2D SPACE',''));
#3101 = PCURVE('',#2997,#3102);
#3102 = DEFINITIONAL_REPRESENTATION('',(#3103),#3107);
#3103 = LINE('',#3104,#3105);
#3104 = CARTESIAN_POINT('',(36.,0.));
#3105 = VECTOR('',#3106,1.);
#3106 = DIRECTION('',(0.,1.));
#3107 =(GEOMETRIC_REPRESENTATION_CONTEXT(2)PARAMETRIC_REPRESENTATION_CONTEXT()REPRESENTATION_CONTEXT('2D SPACE',''));
#3108 = ADVANCED_FACE('',(#3109),#2915,.F.);
#3109 = FACE_BOUND('',#3110,.F.);
#3110 = EDGE_LOOP('',(#3111,#3132,#3133,#3154));
#3111 = ORIENTED_EDGE('',*,*,#3112,.F.);
#3112 = EDGE_CURVE('',#2893,#3013,#3113,.T.);
#3113 = SURFACE_CURVE('',#3114,(#3118,#3125),.PCURVE_S1.);
#3114 = LINE('',#3115,#3116);
#3115 = CARTESIAN_POINT('',(1.22E+03,882.38166245537,1.416596660688E+03));
#3116 = VECTOR('',#3117,1.);
#3117 = DIRECTION('',(1.,0.,0.));
#3118 = PCURVE('',#2915,#3119);
#3119 = DEFINITIONAL_REPRESENTATION('',(#3120),#3124);
#3120 = LINE('',#3121,#3122);
#3121 = CARTESIAN_POINT('',(0.,0.));
#3122 = VECTOR('',#3123,1.);
#3123 = DIRECTION('',(0.,1.));
#3124 =(GEOMETRIC_REPRESENTATION_CONTEXT(2)PARAMETRIC_REPRESENTATION_CONTEXT()REPRESENTATION_CONTEXT('2D SPACE',''));
#3125 = PCURVE('',#2943,#3126);
#3126 = DEFINITIONAL_REPRESENTATION('',(#3127),#3131);
#3127 = LINE('',#3128,#3129);
#3128 = CARTESIAN_POINT('',(0.,0.));
#3129 = VECTOR('',#3130,1.);
#3130 = DIRECTION('',(1.,0.));
#3131 =(GEOMETRIC_REPRESENTATION_CONTEXT(2)PARAMETRIC_REPRESENTATION_CONTEXT()REPRESENTATION_CONTEXT('2D SPACE',''));
#3132 = ORIENTED_EDGE('',*,*,#2892,.T.);
#3133 = ORIENTED_EDGE('',*,*,#3134,.T.);
#3134 = EDGE_CURVE('',#2895,#3015,#3135,.T.);
#3135 = SURFACE_CURVE('',#3136,(#3140,#3147),.PCURVE_S1.);
#3136 = LINE('',#3137,#3138);
#3137 = CARTESIAN_POINT('',(1.22E+03,1.13949670633E+03,1.723014437935E+03));
#3138 = VECTOR('',#3139,1.);
#3139 = DIRECTION('',(1.,0.,0.));
#3140 = PCURVE('',#2915,#3141);
#3141 = DEFINITIONAL_REPRESENTATION('',(#3142),#3146);
#3142 = LINE('',#3143,#3144);
#3143 = CARTESIAN_POINT('',(400.,0.));
#3144 = VECTOR('',#3145,1.);
#3145 = DIRECTION('',(0.,1.));
#3146 =(GEOMETRIC_REPRESENTATION_CONTEXT(2)PARAMETRIC_REPRESENTATION_CONTEXT()REPRESENTATION_CONTEXT('2D SPACE',''));
#3147 = PCURVE('',#2997,#3148);
#3148 = DEFINITIONAL_REPRESENTATION('',(#3149),#3153);
#3149 = LINE('',#3150,#3151);
#3150 = CARTESIAN_POINT('',(0.,0.));
#3151 = VECTOR('',#3152,1.);
#3152 = DIRECTION('',(1.,0.));
#3153 =(GEOMETRIC_REPRESENTATION_CONTEXT(2)PARAMETRIC_REPRESENTATION_CONTEXT()REPRESENTATION_CONTEXT('2D SPACE',''));
#3154 = ORIENTED_EDGE('',*,*,#3012,.F.);
#3155 = ADVANCED_FACE('',(#3156),#2971,.T.);
#3156 = FACE_BOUND('',#3157,.T.);
#3157 = EDGE_LOOP('',(#3158,#3179,#3180,#3201));
#3158 = ORIENTED_EDGE('',*,*,#3159,.F.);
#3159 = EDGE_CURVE('',#2928,#3043,#3160,.T.);
#3160 = SURFACE_CURVE('',#3161,(#3165,#3172),.PCURVE_S1.);
#3161 = LINE('',#3162,#3163);
#3162 = CARTESIAN_POINT('',(1.22E+03,1.020269662217E+03,1.300894890944E+03));
#3163 = VECTOR('',#3164,1.);
#3164 = DIRECTION('',(1.,0.,0.));
#3165 = PCURVE('',#2971,#3166);
#3166 = DEFINITIONAL_REPRESENTATION('',(#3167),#3171);
#3167 = LINE('',#3168,#3169);
#3168 = CARTESIAN_POINT('',(0.,0.));
#3169 = VECTOR('',#3170,1.);
#3170 = DIRECTION('',(0.,1.));
#3171 =(GEOMETRIC_REPRESENTATION_CONTEXT(2)PARAMETRIC_REPRESENTATION_CONTEXT()REPRESENTATION_CONTEXT('2D SPACE',''));
#3172 = PCURVE('',#2943,#3173);
#3173 = DEFINITIONAL_REPRESENTATION('',(#3174),#3178);
#3174 = LINE('',#3175,#3176);
#3175 = CARTESIAN_POINT('',(0.,180.));
#3176 = VECTOR('',#3177,1.);
#3177 = DIRECTION('',(1.,0.));
#3178 =(GEOMETRIC_REPRESENTATION_CONTEXT(2)PARAMETRIC_REPRESENTATION_CONTEXT()REPRESENTATION_CONTEXT('2D SPACE',''));
#3179 = ORIENTED_EDGE('',*,*,#2955,.T.);
#3180 = ORIENTED_EDGE('',*,*,#3181,.T.);
#3181 = EDGE_CURVE('',#2956,#3066,#3182,.T.);
#3182 = SURFACE_CURVE('',#3183,(#3187,#3194),.PCURVE_S1.);
#3183 = LINE('',#3184,#3185);
#3184 = CARTESIAN_POINT('',(1.22E+03,1.277384706091E+03,1.607312668192E+03));
#3185 = VECTOR('',#3186,1.);
#3186 = DIRECTION('',(1.,0.,0.));
#3187 = PCURVE('',#2971,#3188);
#3188 = DEFINITIONAL_REPRESENTATION('',(#3189),#3193);
#3189 = LINE('',#3190,#3191);
#3190 = CARTESIAN_POINT('',(400.,0.));
#3191 = VECTOR('',#3192,1.);
#3192 = DIRECTION('',(0.,1.));
#3193 =(GEOMETRIC_REPRESENTATION_CONTEXT(2)PARAMETRIC_REPRESENTATION_CONTEXT()REPRESENTATION_CONTEXT('2D SPACE',''));
#3194 = PCURVE('',#2997,#3195);
#3195 = DEFINITIONAL_REPRESENTATION('',(#3196),#3200);
#3196 = LINE('',#3197,#3198);
#3197 = CARTESIAN_POINT('',(0.,180.));
#3198 = VECTOR('',#3199,1.);
#3199 = DIRECTION('',(1.,0.));
#3200 =(GEOMETRIC_REPRESENTATION_CONTEXT(2)PARAMETRIC_REPRESENTATION_CONTEXT()REPRESENTATION_CONTEXT('2D SPACE',''));
#3201 = ORIENTED_EDGE('',*,*,#3065,.F.);
#3202 = ADVANCED_FACE('',(#3203),#2943,.F.);
#3203 = FACE_BOUND('',#3204,.F.);
#3204 = EDGE_LOOP('',(#3205,#3206,#3207,#3208));
#3205 = ORIENTED_EDGE('',*,*,#2927,.F.);
#3206 = ORIENTED_EDGE('',*,*,#3112,.T.);
#3207 = ORIENTED_EDGE('',*,*,#3042,.T.);
#3208 = ORIENTED_EDGE('',*,*,#3159,.F.);
#3209 = ADVANCED_FACE('',(#3210),#2997,.T.);
#3210 = FACE_BOUND('',#3211,.T.);
#3211 = EDGE_LOOP('',(#3212,#3213,#3214,#3215));
#3212 = ORIENTED_EDGE('',*,*,#2983,.F.);
#3213 = ORIENTED_EDGE('',*,*,#3134,.T.);
#3214 = ORIENTED_EDGE('',*,*,#3088,.T.);
#3215 = ORIENTED_EDGE('',*,*,#3181,.F.);
#3216 = MANIFOLD_SOLID_BREP('',#3217);
#3217 = CLOSED_SHELL('',(#3218,#3338,#3438,#3485,#3532,#3539));
#3218 = ADVANCED_FACE('',(#3219),#3233,.F.);
#3219 = FACE_BOUND('',#3220,.F.);
#3220 = EDGE_LOOP('',(#3221,#3256,#3284,#3312));
#3221 = ORIENTED_EDGE('',*,*,#3222,.F.);
#3222 = EDGE_CURVE('',#3223,#3225,#3227,.T.);
#3223 = VERTEX_POINT('',#3224);
#3224 = CARTESIAN_POINT('',(1.22E+03,1.035897998207E+03,1.389527588715E+03));
#3225 = VERTEX_POINT('',#3226);
#3226 = CARTESIAN_POINT('',(1.22E+03,1.530441016539E+03,30.78181289931));
#3227 = SURFACE_CURVE('',#3228,(#3232,#3244),.PCURVE_S1.);
#3228 = LINE('',#3229,#3230);
#3229 = CARTESIAN_POINT('',(1.22E+03,1.035897998207E+03,1.389527588715E+03));
#3230 = VECTOR('',#3231,1.);
#3231 = DIRECTION('',(0.,0.342020143326,-0.939692620786));
#3232 = PCURVE('',#3233,#3238);
#3233 = PLANE('',#3234);
#3234 = AXIS2_PLACEMENT_3D('',#3235,#3236,#3237);
#3235 = CARTESIAN_POINT('',(1.22E+03,1.035897998207E+03,1.389527588715E+03));
#3236 = DIRECTION('',(1.,0.,0.));
#3237 = DIRECTION('',(0.,0.342020143326,-0.939692620786));
#3238 = DEFINITIONAL_REPRESENTATION('',(#3239),#3243);
#3239 = LINE('',#3240,#3241);
#3240 = CARTESIAN_POINT('',(0.,0.));
#3241 = VECTOR('',#3242,1.);
#3242 = DIRECTION('',(1.,0.));
#3243 =(GEOMETRIC_REPRESENTATION_CONTEXT(2)PARAMETRIC_REPRESENTATION_CONTEXT()REPRESENTATION_CONTEXT('2D SPACE',''));
#3244 = PCURVE('',#3245,#3250);
#3245 = PLANE('',#3246);
#3246 = AXIS2_PLACEMENT_3D('',#3247,#3248,#3249);
#3247 = CARTESIAN_POINT('',(1.22E+03,1.035897998207E+03,1.389527588715E+03));
#3248 = DIRECTION('',(0.,-0.939692620786,-0.342020143326));
#3249 = DIRECTION('',(0.,0.342020143326,-0.939692620786));
#3250 = DEFINITIONAL_REPRESENTATION('',(#3251),#3255);
#3251 = LINE('',#3252,#3253);
#3252 = CARTESIAN_POINT('',(0.,0.));
#3253 = VECTOR('',#3254,1.);
#3254 = DIRECTION('',(1.,0.));
#3255 =(GEOMETRIC_REPRESENTATION_CONTEXT(2)PARAMETRIC_REPRESENTATION_CONTEXT()REPRESENTATION_CONTEXT('2D SPACE',''));
#3256 = ORIENTED_EDGE('',*,*,#3257,.T.);
#3257 = EDGE_CURVE('',#3223,#3258,#3260,.T.);
#3258 = VERTEX_POINT('',#3259);
#3259 = CARTESIAN_POINT('',(1.22E+03,866.75332646534,1.327963962917E+03));
#3260 = SURFACE_CURVE('',#3261,(#3265,#3272),.PCURVE_S1.);
#3261 = LINE('',#3262,#3263);
#3262 = CARTESIAN_POINT('',(1.22E+03,1.035897998207E+03,1.389527588715E+03));
#3263 = VECTOR('',#3264,1.);
#3264 = DIRECTION('',(0.,-0.939692620786,-0.342020143326));
#3265 = PCURVE('',#3233,#3266);
#3266 = DEFINITIONAL_REPRESENTATION('',(#3267),#3271);
#3267 = LINE('',#3268,#3269);
#3268 = CARTESIAN_POINT('',(0.,0.));
#3269 = VECTOR('',#3270,1.);
#3270 = DIRECTION('',(0.,-1.));
#3271 =(GEOMETRIC_REPRESENTATION_CONTEXT(2)PARAMETRIC_REPRESENTATION_CONTEXT()REPRESENTATION_CONTEXT('2D SPACE',''));
#3272 = PCURVE('',#3273,#3278);
#3273 = PLANE('',#3274);
#3274 = AXIS2_PLACEMENT_3D('',#3275,#3276,#3277);
#3275 = CARTESIAN_POINT('',(1.22E+03,1.035897998207E+03,1.389527588715E+03));
#3276 = DIRECTION('',(0.,0.342020143326,-0.939692620786));
#3277 = DIRECTION('',(1.,0.,0.));
#3278 = DEFINITIONAL_REPRESENTATION('',(#3279),#3283);
#3279 = LINE('',#3280,#3281);
#3280 = CARTESIAN_POINT('',(0.,0.));
#3281 = VECTOR('',#3282,1.);
#3282 = DIRECTION('',(0.,1.));
#3283 =(GEOMETRIC_REPRESENTATION_CONTEXT(2)PARAMETRIC_REPRESENTATION_CONTEXT()REPRESENTATION_CONTEXT('2D SPACE',''));
#3284 = ORIENTED_EDGE('',*,*,#3285,.T.);
#3285 = EDGE_CURVE('',#3258,#3286,#3288,.T.);
#3286 = VERTEX_POINT('',#3287);
#3287 = CARTESIAN_POINT('',(1.22E+03,1.361296344797E+03,-30.78181289931));
#3288 = SURFACE_CURVE('',#3289,(#3293,#3300),.PCURVE_S1.);
#3289 = LINE('',#3290,#3291);
#3290 = CARTESIAN_POINT('',(1.22E+03,866.75332646534,1.327963962917E+03));
#3291 = VECTOR('',#3292,1.);
#3292 = DIRECTION('',(0.,0.342020143326,-0.939692620786));
#3293 = PCURVE('',#3233,#3294);
#3294 = DEFINITIONAL_REPRESENTATION('',(#3295),#3299);
#3295 = LINE('',#3296,#3297);
#3296 = CARTESIAN_POINT('',(-1.7763568394E-13,-180.));
#3297 = VECTOR('',#3298,1.);
#3298 = DIRECTION('',(1.,0.));
#3299 =(GEOMETRIC_REPRESENTATION_CONTEXT(2)PARAMETRIC_REPRESENTATION_CONTEXT()REPRESENTATION_CONTEXT('2D SPACE',''));
#3300 = PCURVE('',#3301,#3306);
#3301 = PLANE('',#3302);
#3302 = AXIS2_PLACEMENT_3D('',#3303,#3304,#3305);
#3303 = CARTESIAN_POINT('',(1.22E+03,866.75332646534,1.327963962917E+03));
#3304 = DIRECTION('',(0.,-0.939692620786,-0.342020143326));
#3305 = DIRECTION('',(0.,0.342020143326,-0.939692620786));
#3306 = DEFINITIONAL_REPRESENTATION('',(#3307),#3311);
#3307 = LINE('',#3308,#3309);
#3308 = CARTESIAN_POINT('',(0.,0.));
#3309 = VECTOR('',#3310,1.);
#3310 = DIRECTION('',(1.,0.));
#3311 =(GEOMETRIC_REPRESENTATION_CONTEXT(2)PARAMETRIC_REPRESENTATION_CONTEXT()REPRESENTATION_CONTEXT('2D SPACE',''));
#3312 = ORIENTED_EDGE('',*,*,#3313,.F.);
#3313 = EDGE_CURVE('',#3225,#3286,#3314,.T.);
#3314 = SURFACE_CURVE('',#3315,(#3319,#3326),.PCURVE_S1.);
#3315 = LINE('',#3316,#3317);
#3316 = CARTESIAN_POINT('',(1.22E+03,1.530441016539E+03,30.78181289931));
#3317 = VECTOR('',#3318,1.);
#3318 = DIRECTION('',(0.,-0.939692620786,-0.342020143326));
#3319 = PCURVE('',#3233,#3320);
#3320 = DEFINITIONAL_REPRESENTATION('',(#3321),#3325);
#3321 = LINE('',#3322,#3323);
#3322 = CARTESIAN_POINT('',(1.445947053069E+03,-1.136868377216E-13));
#3323 = VECTOR('',#3324,1.);
#3324 = DIRECTION('',(0.,-1.));
#3325 =(GEOMETRIC_REPRESENTATION_CONTEXT(2)PARAMETRIC_REPRESENTATION_CONTEXT()REPRESENTATION_CONTEXT('2D SPACE',''));
#3326 = PCURVE('',#3327,#3332);
#3327 = PLANE('',#3328);
#3328 = AXIS2_PLACEMENT_3D('',#3329,#3330,#3331);
#3329 = CARTESIAN_POINT('',(1.22E+03,1.530441016539E+03,30.78181289931));
#3330 = DIRECTION('',(0.,0.342020143326,-0.939692620786));
#3331 = DIRECTION('',(1.,0.,0.));
#3332 = DEFINITIONAL_REPRESENTATION('',(#3333),#3337);
#3333 = LINE('',#3334,#3335);
#3334 = CARTESIAN_POINT('',(0.,0.));
#3335 = VECTOR('',#3336,1.);
#3336 = DIRECTION('',(0.,1.));
#3337 =(GEOMETRIC_REPRESENTATION_CONTEXT(2)PARAMETRIC_REPRESENTATION_CONTEXT()REPRESENTATION_CONTEXT('2D SPACE',''));
#3338 = ADVANCED_FACE('',(#3339),#3353,.T.);
#3339 = FACE_BOUND('',#3340,.T.);
#3340 = EDGE_LOOP('',(#3341,#3371,#3394,#3417));
#3341 = ORIENTED_EDGE('',*,*,#3342,.F.);
#3342 = EDGE_CURVE('',#3343,#3345,#3347,.T.);
#3343 = VERTEX_POINT('',#3344);
#3344 = CARTESIAN_POINT('',(1.256E+03,1.035897998207E+03,1.389527588715E+03));
#3345 = VERTEX_POINT('',#3346);
#3346 = CARTESIAN_POINT('',(1.256E+03,1.530441016539E+03,30.78181289931));
#3347 = SURFACE_CURVE('',#3348,(#3352,#3364),.PCURVE_S1.);
#3348 = LINE('',#3349,#3350);
#3349 = CARTESIAN_POINT('',(1.256E+03,1.035897998207E+03,1.389527588715E+03));
#3350 = VECTOR('',#3351,1.);
#3351 = DIRECTION('',(0.,0.342020143326,-0.939692620786));
#3352 = PCURVE('',#3353,#3358);
#3353 = PLANE('',#3354);
#3354 = AXIS2_PLACEMENT_3D('',#3355,#3356,#3357);
#3355 = CARTESIAN_POINT('',(1.256E+03,1.035897998207E+03,1.389527588715E+03));
#3356 = DIRECTION('',(1.,0.,0.));
#3357 = DIRECTION('',(0.,0.342020143326,-0.939692620786));
#3358 = DEFINITIONAL_REPRESENTATION('',(#3359),#3363);
#3359 = LINE('',#3360,#3361);
#3360 = CARTESIAN_POINT('',(0.,0.));
#3361 = VECTOR('',#3362,1.);
#3362 = DIRECTION('',(1.,0.));
#3363 =(GEOMETRIC_REPRESENTATION_CONTEXT(2)PARAMETRIC_REPRESENTATION_CONTEXT()REPRESENTATION_CONTEXT('2D SPACE',''));
#3364 = PCURVE('',#3245,#3365);
#3365 = DEFINITIONAL_REPRESENTATION('',(#3366),#3370);
#3366 = LINE('',#3367,#3368);
#3367 = CARTESIAN_POINT('',(0.,36.));
#3368 = VECTOR('',#3369,1.);
#3369 = DIRECTION('',(1.,0.));
#3370 =(GEOMETRIC_REPRESENTATION_CONTEXT(2)PARAMETRIC_REPRESENTATION_CONTEXT()REPRESENTATION_CONTEXT('2D SPACE',''));
#3371 = ORIENTED_EDGE('',*,*,#3372,.T.);
#3372 = EDGE_CURVE('',#3343,#3373,#3375,.T.);
#3373 = VERTEX_POINT('',#3374);
#3374 = CARTESIAN_POINT('',(1.256E+03,866.75332646534,1.327963962917E+03));
#3375 = SURFACE_CURVE('',#3376,(#3380,#3387),.PCURVE_S1.);
#3376 = LINE('',#3377,#3378);
#3377 = CARTESIAN_POINT('',(1.256E+03,1.035897998207E+03,1.389527588715E+03));
#3378 = VECTOR('',#3379,1.);
#3379 = DIRECTION('',(0.,-0.939692620786,-0.342020143326));
#3380 = PCURVE('',#3353,#3381);
#3381 = DEFINITIONAL_REPRESENTATION('',(#3382),#3386);
#3382 = LINE('',#3383,#3384);
#3383 = CARTESIAN_POINT('',(0.,0.));
#3384 = VECTOR('',#3385,1.);
#3385 = DIRECTION('',(0.,-1.));
#3386 =(GEOMETRIC_REPRESENTATION_CONTEXT(2)PARAMETRIC_REPRESENTATION_CONTEXT()REPRESENTATION_CONTEXT('2D SPACE',''));
#3387 = PCURVE('',#3273,#3388);
#3388 = DEFINITIONAL_REPRESENTATION('',(#3389),#3393);
#3389 = LINE('',#3390,#3391);
#3390 = CARTESIAN_POINT('',(36.,0.));
#3391 = VECTOR('',#3392,1.);
#3392 = DIRECTION('',(0.,1.));
#3393 =(GEOMETRIC_REPRESENTATION_CONTEXT(2)PARAMETRIC_REPRESENTATION_CONTEXT()REPRESENTATION_CONTEXT('2D SPACE',''));
#3394 = ORIENTED_EDGE('',*,*,#3395,.T.);
#3395 = EDGE_CURVE('',#3373,#3396,#3398,.T.);
#3396 = VERTEX_POINT('',#3397);
#3397 = CARTESIAN_POINT('',(1.256E+03,1.361296344797E+03,-30.78181289931));
#3398 = SURFACE_CURVE('',#3399,(#3403,#3410),.PCURVE_S1.);
#3399 = LINE('',#3400,#3401);
#3400 = CARTESIAN_POINT('',(1.256E+03,866.75332646534,1.327963962917E+03));
#3401 = VECTOR('',#3402,1.);
#3402 = DIRECTION('',(0.,0.342020143326,-0.939692620786));
#3403 = PCURVE('',#3353,#3404);
#3404 = DEFINITIONAL_REPRESENTATION('',(#3405),#3409);
#3405 = LINE('',#3406,#3407);
#3406 = CARTESIAN_POINT('',(-1.7763568394E-13,-180.));
#3407 = VECTOR('',#3408,1.);
#3408 = DIRECTION('',(1.,0.));
#3409 =(GEOMETRIC_REPRESENTATION_CONTEXT(2)PARAMETRIC_REPRESENTATION_CONTEXT()REPRESENTATION_CONTEXT('2D SPACE',''));
#3410 = PCURVE('',#3301,#3411);
#3411 = DEFINITIONAL_REPRESENTATION('',(#3412),#3416);
#3412 = LINE('',#3413,#3414);
#3413 = CARTESIAN_POINT('',(0.,36.));
#3414 = VECTOR('',#3415,1.);
#3415 = DIRECTION('',(1.,0.));
#3416 =(GEOMETRIC_REPRESENTATION_CONTEXT(2)PARAMETRIC_REPRESENTATION_CONTEXT()REPRESENTATION_CONTEXT('2D SPACE',''));
#3417 = ORIENTED_EDGE('',*,*,#3418,.F.);
#3418 = EDGE_CURVE('',#3345,#3396,#3419,.T.);
#3419 = SURFACE_CURVE('',#3420,(#3424,#3431),.PCURVE_S1.);
#3420 = LINE('',#3421,#3422);
#3421 = CARTESIAN_POINT('',(1.256E+03,1.530441016539E+03,30.78181289931));
#3422 = VECTOR('',#3423,1.);
#3423 = DIRECTION('',(0.,-0.939692620786,-0.342020143326));
#3424 = PCURVE('',#3353,#3425);
#3425 = DEFINITIONAL_REPRESENTATION('',(#3426),#3430);
#3426 = LINE('',#3427,#3428);
#3427 = CARTESIAN_POINT('',(1.445947053069E+03,-1.136868377216E-13));
#3428 = VECTOR('',#3429,1.);
#3429 = DIRECTION('',(0.,-1.));
#3430 =(GEOMETRIC_REPRESENTATION_CONTEXT(2)PARAMETRIC_REPRESENTATION_CONTEXT()REPRESENTATION_CONTEXT('2D SPACE',''));
#3431 = PCURVE('',#3327,#3432);
#3432 = DEFINITIONAL_REPRESENTATION('',(#3433),#3437);
#3433 = LINE('',#3434,#3435);
#3434 = CARTESIAN_POINT('',(36.,0.));
#3435 = VECTOR('',#3436,1.);
#3436 = DIRECTION('',(0.,1.));
#3437 =(GEOMETRIC_REPRESENTATION_CONTEXT(2)PARAMETRIC_REPRESENTATION_CONTEXT()REPRESENTATION_CONTEXT('2D SPACE',''));
#3438 = ADVANCED_FACE('',(#3439),#3245,.F.);
#3439 = FACE_BOUND('',#3440,.F.);
#3440 = EDGE_LOOP('',(#3441,#3462,#3463,#3484));
#3441 = ORIENTED_EDGE('',*,*,#3442,.F.);
#3442 = EDGE_CURVE('',#3223,#3343,#3443,.T.);
#3443 = SURFACE_CURVE('',#3444,(#3448,#3455),.PCURVE_S1.);
#3444 = LINE('',#3445,#3446);
#3445 = CARTESIAN_POINT('',(1.22E+03,1.035897998207E+03,1.389527588715E+03));
#3446 = VECTOR('',#3447,1.);
#3447 = DIRECTION('',(1.,0.,0.));
#3448 = PCURVE('',#3245,#3449);
#3449 = DEFINITIONAL_REPRESENTATION('',(#3450),#3454);
#3450 = LINE('',#3451,#3452);
#3451 = CARTESIAN_POINT('',(0.,0.));
#3452 = VECTOR('',#3453,1.);
#3453 = DIRECTION('',(0.,1.));
#3454 =(GEOMETRIC_REPRESENTATION_CONTEXT(2)PARAMETRIC_REPRESENTATION_CONTEXT()REPRESENTATION_CONTEXT('2D SPACE',''));
#3455 = PCURVE('',#3273,#3456);
#3456 = DEFINITIONAL_REPRESENTATION('',(#3457),#3461);
#3457 = LINE('',#3458,#3459);
#3458 = CARTESIAN_POINT('',(0.,0.));
#3459 = VECTOR('',#3460,1.);
#3460 = DIRECTION('',(1.,0.));
#3461 =(GEOMETRIC_REPRESENTATION_CONTEXT(2)PARAMETRIC_REPRESENTATION_CONTEXT()REPRESENTATION_CONTEXT('2D SPACE',''));
#3462 = ORIENTED_EDGE('',*,*,#3222,.T.);
#3463 = ORIENTED_EDGE('',*,*,#3464,.T.);
#3464 = EDGE_CURVE('',#3225,#3345,#3465,.T.);
#3465 = SURFACE_CURVE('',#3466,(#3470,#3477),.PCURVE_S1.);
#3466 = LINE('',#3467,#3468);
#3467 = CARTESIAN_POINT('',(1.22E+03,1.530441016539E+03,30.78181289931));
#3468 = VECTOR('',#3469,1.);
#3469 = DIRECTION('',(1.,0.,0.));
#3470 = PCURVE('',#3245,#3471);
#3471 = DEFINITIONAL_REPRESENTATION('',(#3472),#3476);
#3472 = LINE('',#3473,#3474);
#3473 = CARTESIAN_POINT('',(1.445947053069E+03,0.));
#3474 = VECTOR('',#3475,1.);
#3475 = DIRECTION('',(0.,1.));
#3476 =(GEOMETRIC_REPRESENTATION_CONTEXT(2)PARAMETRIC_REPRESENTATION_CONTEXT()REPRESENTATION_CONTEXT('2D SPACE',''));
#3477 = PCURVE('',#3327,#3478);
#3478 = DEFINITIONAL_REPRESENTATION('',(#3479),#3483);
#3479 = LINE('',#3480,#3481);
#3480 = CARTESIAN_POINT('',(0.,0.));
#3481 = VECTOR('',#3482,1.);
#3482 = DIRECTION('',(1.,0.));
#3483 =(GEOMETRIC_REPRESENTATION_CONTEXT(2)PARAMETRIC_REPRESENTATION_CONTEXT()REPRESENTATION_CONTEXT('2D SPACE',''));
#3484 = ORIENTED_EDGE('',*,*,#3342,.F.);
#3485 = ADVANCED_FACE('',(#3486),#3301,.T.);
#3486 = FACE_BOUND('',#3487,.T.);
#3487 = EDGE_LOOP('',(#3488,#3509,#3510,#3531));
#3488 = ORIENTED_EDGE('',*,*,#3489,.F.);
#3489 = EDGE_CURVE('',#3258,#3373,#3490,.T.);
#3490 = SURFACE_CURVE('',#3491,(#3495,#3502),.PCURVE_S1.);
#3491 = LINE('',#3492,#3493);
#3492 = CARTESIAN_POINT('',(1.22E+03,866.75332646534,1.327963962917E+03));
#3493 = VECTOR('',#3494,1.);
#3494 = DIRECTION('',(1.,0.,0.));
#3495 = PCURVE('',#3301,#3496);
#3496 = DEFINITIONAL_REPRESENTATION('',(#3497),#3501);
#3497 = LINE('',#3498,#3499);
#3498 = CARTESIAN_POINT('',(0.,0.));
#3499 = VECTOR('',#3500,1.);
#3500 = DIRECTION('',(0.,1.));
#3501 =(GEOMETRIC_REPRESENTATION_CONTEXT(2)PARAMETRIC_REPRESENTATION_CONTEXT()REPRESENTATION_CONTEXT('2D SPACE',''));
#3502 = PCURVE('',#3273,#3503);
#3503 = DEFINITIONAL_REPRESENTATION('',(#3504),#3508);
#3504 = LINE('',#3505,#3506);
#3505 = CARTESIAN_POINT('',(0.,180.));
#3506 = VECTOR('',#3507,1.);
#3507 = DIRECTION('',(1.,0.));
#3508 =(GEOMETRIC_REPRESENTATION_CONTEXT(2)PARAMETRIC_REPRESENTATION_CONTEXT()REPRESENTATION_CONTEXT('2D SPACE',''));
#3509 = ORIENTED_EDGE('',*,*,#3285,.T.);
#3510 = ORIENTED_EDGE('',*,*,#3511,.T.);
#3511 = EDGE_CURVE('',#3286,#3396,#3512,.T.);
#3512 = SURFACE_CURVE('',#3513,(#3517,#3524),.PCURVE_S1.);
#3513 = LINE('',#3514,#3515);
#3514 = CARTESIAN_POINT('',(1.22E+03,1.361296344797E+03,-30.78181289931));
#3515 = VECTOR('',#3516,1.);
#3516 = DIRECTION('',(1.,0.,0.));
#3517 = PCURVE('',#3301,#3518);
#3518 = DEFINITIONAL_REPRESENTATION('',(#3519),#3523);
#3519 = LINE('',#3520,#3521);
#3520 = CARTESIAN_POINT('',(1.445947053069E+03,0.));
#3521 = VECTOR('',#3522,1.);
#3522 = DIRECTION('',(0.,1.));
#3523 =(GEOMETRIC_REPRESENTATION_CONTEXT(2)PARAMETRIC_REPRESENTATION_CONTEXT()REPRESENTATION_CONTEXT('2D SPACE',''));
#3524 = PCURVE('',#3327,#3525);
#3525 = DEFINITIONAL_REPRESENTATION('',(#3526),#3530);
#3526 = LINE('',#3527,#3528);
#3527 = CARTESIAN_POINT('',(0.,180.));
#3528 = VECTOR('',#3529,1.);
#3529 = DIRECTION('',(1.,0.));
#3530 =(GEOMETRIC_REPRESENTATION_CONTEXT(2)PARAMETRIC_REPRESENTATION_CONTEXT()REPRESENTATION_CONTEXT('2D SPACE',''));
#3531 = ORIENTED_EDGE('',*,*,#3395,.F.);
#3532 = ADVANCED_FACE('',(#3533),#3273,.F.);
#3533 = FACE_BOUND('',#3534,.F.);
#3534 = EDGE_LOOP('',(#3535,#3536,#3537,#3538));
#3535 = ORIENTED_EDGE('',*,*,#3257,.F.);
#3536 = ORIENTED_EDGE('',*,*,#3442,.T.);
#3537 = ORIENTED_EDGE('',*,*,#3372,.T.);
#3538 = ORIENTED_EDGE('',*,*,#3489,.F.);
#3539 = ADVANCED_FACE('',(#3540),#3327,.T.);
#3540 = FACE_BOUND('',#3541,.T.);
#3541 = EDGE_LOOP('',(#3542,#3543,#3544,#3545));
#3542 = ORIENTED_EDGE('',*,*,#3313,.F.);
#3543 = ORIENTED_EDGE('',*,*,#3464,.T.);
#3544 = ORIENTED_EDGE('',*,*,#3418,.T.);
#3545 = ORIENTED_EDGE('',*,*,#3511,.F.);
#3546 =(GEOMETRIC_REPRESENTATION_CONTEXT(3)GLOBAL_UNCERTAINTY_ASSIGNED_CONTEXT((#3550))GLOBAL_UNIT_ASSIGNED_CONTEXT((#3547,#3548,#3549))REPRESENTATION_CONTEXT('Context #1','3D Context with UNIT and UNCERTAINTY'));
#3547 =(LENGTH_UNIT()NAMED_UNIT(*)SI_UNIT(.MILLI.,.METRE.));
#3548 =(NAMED_UNIT(*)PLANE_ANGLE_UNIT()SI_UNIT($,.RADIAN.));
#3549 =(NAMED_UNIT(*)SI_UNIT($,.STERADIAN.)SOLID_ANGLE_UNIT());
#3550 = UNCERTAINTY_MEASURE_WITH_UNIT(LENGTH_MEASURE(1.E-07),#3547,'distance_accuracy_value','confusion accuracy');
#3551 = CONTEXT_DEPENDENT_SHAPE_REPRESENTATION(#3552,#3554);
#3552 =(REPRESENTATION_RELATIONSHIP('','',#2885,#10)REPRESENTATION_RELATIONSHIP_WITH_TRANSFORMATION(#3553)SHAPE_REPRESENTATION_RELATIONSHIP());
#3553 = ITEM_DEFINED_TRANSFORMATION('','',#11,#43);
#3554 = PRODUCT_DEFINITION_SHAPE('Placement','Placement of an item',#3555);
#3555 = NEXT_ASSEMBLY_USAGE_OCCURRENCE('8','leg_right','',#5,#2880,$);
#3556 = PRODUCT_RELATED_PRODUCT_CATEGORY('part',$,(#2882));
#3557 = SHAPE_DEFINITION_REPRESENTATION(#3558,#3564);
#3558 = PRODUCT_DEFINITION_SHAPE('','',#3559);
#3559 = PRODUCT_DEFINITION('design','',#3560,#3563);
#3560 = PRODUCT_DEFINITION_FORMATION('','',#3561);
#3561 = PRODUCT('face_rail_1','face_rail_1','',(#3562));
#3562 = PRODUCT_CONTEXT('',#2,'mechanical');
#3563 = PRODUCT_DEFINITION_CONTEXT('part definition',#2,'design');
#3564 = ADVANCED_BREP_SHAPE_REPRESENTATION('',(#11,#3565),#3895);
#3565 = MANIFOLD_SOLID_BREP('',#3566);
#3566 = CLOSED_SHELL('',(#3567,#3687,#3787,#3834,#3881,#3888));
#3567 = ADVANCED_FACE('',(#3568),#3582,.F.);
#3568 = FACE_BOUND('',#3569,.F.);
#3569 = EDGE_LOOP('',(#3570,#3605,#3633,#3661));
#3570 = ORIENTED_EDGE('',*,*,#3571,.F.);
#3571 = EDGE_CURVE('',#3572,#3574,#3576,.T.);
#3572 = VERTEX_POINT('',#3573);
#3573 = CARTESIAN_POINT('',(-1.31E+03,41.366399928425,190.28946907692));
#3574 = VERTEX_POINT('',#3575);
#3575 = CARTESIAN_POINT('',(-1.31E+03,1.609768167564E+03,2.059437910287E+03));
#3576 = SURFACE_CURVE('',#3577,(#3581,#3593),.PCURVE_S1.);
#3577 = LINE('',#3578,#3579);
#3578 = CARTESIAN_POINT('',(-1.31E+03,41.366399928425,190.28946907692));
#3579 = VECTOR('',#3580,1.);
#3580 = DIRECTION('',(0.,0.642787609687,0.766044443119));
#3581 = PCURVE('',#3582,#3587);
#3582 = PLANE('',#3583);
#3583 = AXIS2_PLACEMENT_3D('',#3584,#3585,#3586);
#3584 = CARTESIAN_POINT('',(-1.31E+03,41.366399928425,190.28946907692));
#3585 = DIRECTION('',(1.,0.,0.));
#3586 = DIRECTION('',(0.,0.642787609687,0.766044443119));
#3587 = DEFINITIONAL_REPRESENTATION('',(#3588),#3592);
#3588 = LINE('',#3589,#3590);
#3589 = CARTESIAN_POINT('',(0.,0.));
#3590 = VECTOR('',#3591,1.);
#3591 = DIRECTION('',(1.,0.));
#3592 =(GEOMETRIC_REPRESENTATION_CONTEXT(2)PARAMETRIC_REPRESENTATION_CONTEXT()REPRESENTATION_CONTEXT('2D SPACE',''));
#3593 = PCURVE('',#3594,#3599);
#3594 = PLANE('',#3595);
#3595 = AXIS2_PLACEMENT_3D('',#3596,#3597,#3598);
#3596 = CARTESIAN_POINT('',(-1.31E+03,41.366399928425,190.28946907692));
#3597 = DIRECTION('',(0.,0.766044443119,-0.642787609687));
#3598 = DIRECTION('',(0.,0.642787609687,0.766044443119));
#3599 = DEFINITIONAL_REPRESENTATION('',(#3600),#3604);
#3600 = LINE('',#3601,#3602);
#3601 = CARTESIAN_POINT('',(0.,0.));
#3602 = VECTOR('',#3603,1.);
#3603 = DIRECTION('',(1.,0.));
#3604 =(GEOMETRIC_REPRESENTATION_CONTEXT(2)PARAMETRIC_REPRESENTATION_CONTEXT()REPRESENTATION_CONTEXT('2D SPACE',''));
#3605 = ORIENTED_EDGE('',*,*,#3606,.T.);
#3606 = EDGE_CURVE('',#3572,#3607,#3609,.T.);
#3607 = VERTEX_POINT('',#3608);
#3608 = CARTESIAN_POINT('',(-1.31E+03,68.943999880708,167.14911512821));
#3609 = SURFACE_CURVE('',#3610,(#3614,#3621),.PCURVE_S1.);
#3610 = LINE('',#3611,#3612);
#3611 = CARTESIAN_POINT('',(-1.31E+03,41.366399928425,190.28946907692));
#3612 = VECTOR('',#3613,1.);
#3613 = DIRECTION('',(0.,0.766044443119,-0.642787609687));
#3614 = PCURVE('',#3582,#3615);
#3615 = DEFINITIONAL_REPRESENTATION('',(#3616),#3620);
#3616 = LINE('',#3617,#3618);
#3617 = CARTESIAN_POINT('',(0.,0.));
#3618 = VECTOR('',#3619,1.);
#3619 = DIRECTION('',(0.,-1.));
#3620 =(GEOMETRIC_REPRESENTATION_CONTEXT(2)PARAMETRIC_REPRESENTATION_CONTEXT()REPRESENTATION_CONTEXT('2D SPACE',''));
#3621 = PCURVE('',#3622,#3627);
#3622 = PLANE('',#3623);
#3623 = AXIS2_PLACEMENT_3D('',#3624,#3625,#3626);
#3624 = CARTESIAN_POINT('',(-1.31E+03,41.366399928425,190.28946907692));
#3625 = DIRECTION('',(0.,0.642787609687,0.766044443119));
#3626 = DIRECTION('',(1.,0.,0.));
#3627 = DEFINITIONAL_REPRESENTATION('',(#3628),#3632);
#3628 = LINE('',#3629,#3630);
#3629 = CARTESIAN_POINT('',(0.,0.));
#3630 = VECTOR('',#3631,1.);
#3631 = DIRECTION('',(0.,1.));
#3632 =(GEOMETRIC_REPRESENTATION_CONTEXT(2)PARAMETRIC_REPRESENTATION_CONTEXT()REPRESENTATION_CONTEXT('2D SPACE',''));
#3633 = ORIENTED_EDGE('',*,*,#3634,.T.);
#3634 = EDGE_CURVE('',#3607,#3635,#3637,.T.);
#3635 = VERTEX_POINT('',#3636);
#3636 = CARTESIAN_POINT('',(-1.31E+03,1.637345767516E+03,2.036297556339E+03));
#3637 = SURFACE_CURVE('',#3638,(#3642,#3649),.PCURVE_S1.);
#3638 = LINE('',#3639,#3640);
#3639 = CARTESIAN_POINT('',(-1.31E+03,68.943999880708,167.14911512821));
#3640 = VECTOR('',#3641,1.);
#3641 = DIRECTION('',(0.,0.642787609687,0.766044443119));
#3642 = PCURVE('',#3582,#3643);
#3643 = DEFINITIONAL_REPRESENTATION('',(#3644),#3648);
#3644 = LINE('',#3645,#3646);
#3645 = CARTESIAN_POINT('',(-3.552713678801E-15,-36.));
#3646 = VECTOR('',#3647,1.);
#3647 = DIRECTION('',(1.,0.));
#3648 =(GEOMETRIC_REPRESENTATION_CONTEXT(2)PARAMETRIC_REPRESENTATION_CONTEXT()REPRESENTATION_CONTEXT('2D SPACE',''));
#3649 = PCURVE('',#3650,#3655);
#3650 = PLANE('',#3651);
#3651 = AXIS2_PLACEMENT_3D('',#3652,#3653,#3654);
#3652 = CARTESIAN_POINT('',(-1.31E+03,68.943999880708,167.14911512821));
#3653 = DIRECTION('',(0.,0.766044443119,-0.642787609687));
#3654 = DIRECTION('',(0.,0.642787609687,0.766044443119));
#3655 = DEFINITIONAL_REPRESENTATION('',(#3656),#3660);
#3656 = LINE('',#3657,#3658);
#3657 = CARTESIAN_POINT('',(0.,0.));
#3658 = VECTOR('',#3659,1.);
#3659 = DIRECTION('',(1.,0.));
#3660 =(GEOMETRIC_REPRESENTATION_CONTEXT(2)PARAMETRIC_REPRESENTATION_CONTEXT()REPRESENTATION_CONTEXT('2D SPACE',''));
#3661 = ORIENTED_EDGE('',*,*,#3662,.F.);
#3662 = EDGE_CURVE('',#3574,#3635,#3663,.T.);
#3663 = SURFACE_CURVE('',#3664,(#3668,#3675),.PCURVE_S1.);
#3664 = LINE('',#3665,#3666);
#3665 = CARTESIAN_POINT('',(-1.31E+03,1.609768167564E+03,2.059437910287E+03));
#3666 = VECTOR('',#3667,1.);
#3667 = DIRECTION('',(0.,0.766044443119,-0.642787609687));
#3668 = PCURVE('',#3582,#3669);
#3669 = DEFINITIONAL_REPRESENTATION('',(#3670),#3674);
#3670 = LINE('',#3671,#3672);
#3671 = CARTESIAN_POINT('',(2.44E+03,4.547473508865E-13));
#3672 = VECTOR('',#3673,1.);
#3673 = DIRECTION('',(0.,-1.));
#3674 =(GEOMETRIC_REPRESENTATION_CONTEXT(2)PARAMETRIC_REPRESENTATION_CONTEXT()REPRESENTATION_CONTEXT('2D SPACE',''));
#3675 = PCURVE('',#3676,#3681);
#3676 = PLANE('',#3677);
#3677 = AXIS2_PLACEMENT_3D('',#3678,#3679,#3680);
#3678 = CARTESIAN_POINT('',(-1.31E+03,1.609768167564E+03,2.059437910287E+03));
#3679 = DIRECTION('',(0.,0.642787609687,0.766044443119));
#3680 = DIRECTION('',(1.,0.,0.));
#3681 = DEFINITIONAL_REPRESENTATION('',(#3682),#3686);
#3682 = LINE('',#3683,#3684);
#3683 = CARTESIAN_POINT('',(0.,0.));
#3684 = VECTOR('',#3685,1.);
#3685 = DIRECTION('',(0.,1.));
#3686 =(GEOMETRIC_REPRESENTATION_CONTEXT(2)PARAMETRIC_REPRESENTATION_CONTEXT()REPRESENTATION_CONTEXT('2D SPACE',''));
#3687 = ADVANCED_FACE('',(#3688),#3702,.T.);
#3688 = FACE_BOUND('',#3689,.T.);
#3689 = EDGE_LOOP('',(#3690,#3720,#3743,#3766));
#3690 = ORIENTED_EDGE('',*,*,#3691,.F.);
#3691 = EDGE_CURVE('',#3692,#3694,#3696,.T.);
#3692 = VERTEX_POINT('',#3693);
#3693 = CARTESIAN_POINT('',(-1.13E+03,41.366399928425,190.28946907692));
#3694 = VERTEX_POINT('',#3695);
#3695 = CARTESIAN_POINT('',(-1.13E+03,1.609768167564E+03,2.059437910287E+03));
#3696 = SURFACE_CURVE('',#3697,(#3701,#3713),.PCURVE_S1.);
#3697 = LINE('',#3698,#3699);
#3698 = CARTESIAN_POINT('',(-1.13E+03,41.366399928425,190.28946907692));
#3699 = VECTOR('',#3700,1.);
#3700 = DIRECTION('',(0.,0.642787609687,0.766044443119));
#3701 = PCURVE('',#3702,#3707);
#3702 = PLANE('',#3703);
#3703 = AXIS2_PLACEMENT_3D('',#3704,#3705,#3706);
#3704 = CARTESIAN_POINT('',(-1.13E+03,41.366399928425,190.28946907692));
#3705 = DIRECTION('',(1.,0.,0.));
#3706 = DIRECTION('',(0.,0.642787609687,0.766044443119));
#3707 = DEFINITIONAL_REPRESENTATION('',(#3708),#3712);
#3708 = LINE('',#3709,#3710);
#3709 = CARTESIAN_POINT('',(0.,0.));
#3710 = VECTOR('',#3711,1.);
#3711 = DIRECTION('',(1.,0.));
#3712 =(GEOMETRIC_REPRESENTATION_CONTEXT(2)PARAMETRIC_REPRESENTATION_CONTEXT()REPRESENTATION_CONTEXT('2D SPACE',''));
#3713 = PCURVE('',#3594,#3714);
#3714 = DEFINITIONAL_REPRESENTATION('',(#3715),#3719);
#3715 = LINE('',#3716,#3717);
#3716 = CARTESIAN_POINT('',(0.,180.));
#3717 = VECTOR('',#3718,1.);
#3718 = DIRECTION('',(1.,0.));
#3719 =(GEOMETRIC_REPRESENTATION_CONTEXT(2)PARAMETRIC_REPRESENTATION_CONTEXT()REPRESENTATION_CONTEXT('2D SPACE',''));
#3720 = ORIENTED_EDGE('',*,*,#3721,.T.);
#3721 = EDGE_CURVE('',#3692,#3722,#3724,.T.);
#3722 = VERTEX_POINT('',#3723);
#3723 = CARTESIAN_POINT('',(-1.13E+03,68.943999880708,167.14911512821));
#3724 = SURFACE_CURVE('',#3725,(#3729,#3736),.PCURVE_S1.);
#3725 = LINE('',#3726,#3727);
#3726 = CARTESIAN_POINT('',(-1.13E+03,41.366399928425,190.28946907692));
#3727 = VECTOR('',#3728,1.);
#3728 = DIRECTION('',(0.,0.766044443119,-0.642787609687));
#3729 = PCURVE('',#3702,#3730);
#3730 = DEFINITIONAL_REPRESENTATION('',(#3731),#3735);
#3731 = LINE('',#3732,#3733);
#3732 = CARTESIAN_POINT('',(0.,0.));
#3733 = VECTOR('',#3734,1.);
#3734 = DIRECTION('',(0.,-1.));
#3735 =(GEOMETRIC_REPRESENTATION_CONTEXT(2)PARAMETRIC_REPRESENTATION_CONTEXT()REPRESENTATION_CONTEXT('2D SPACE',''));
#3736 = PCURVE('',#3622,#3737);
#3737 = DEFINITIONAL_REPRESENTATION('',(#3738),#3742);
#3738 = LINE('',#3739,#3740);
#3739 = CARTESIAN_POINT('',(180.,0.));
#3740 = VECTOR('',#3741,1.);
#3741 = DIRECTION('',(0.,1.));
#3742 =(GEOMETRIC_REPRESENTATION_CONTEXT(2)PARAMETRIC_REPRESENTATION_CONTEXT()REPRESENTATION_CONTEXT('2D SPACE',''));
#3743 = ORIENTED_EDGE('',*,*,#3744,.T.);
#3744 = EDGE_CURVE('',#3722,#3745,#3747,.T.);
#3745 = VERTEX_POINT('',#3746);
#3746 = CARTESIAN_POINT('',(-1.13E+03,1.637345767516E+03,2.036297556339E+03));
#3747 = SURFACE_CURVE('',#3748,(#3752,#3759),.PCURVE_S1.);
#3748 = LINE('',#3749,#3750);
#3749 = CARTESIAN_POINT('',(-1.13E+03,68.943999880708,167.14911512821));
#3750 = VECTOR('',#3751,1.);
#3751 = DIRECTION('',(0.,0.642787609687,0.766044443119));
#3752 = PCURVE('',#3702,#3753);
#3753 = DEFINITIONAL_REPRESENTATION('',(#3754),#3758);
#3754 = LINE('',#3755,#3756);
#3755 = CARTESIAN_POINT('',(-3.552713678801E-15,-36.));
#3756 = VECTOR('',#3757,1.);
#3757 = DIRECTION('',(1.,0.));
#3758 =(GEOMETRIC_REPRESENTATION_CONTEXT(2)PARAMETRIC_REPRESENTATION_CONTEXT()REPRESENTATION_CONTEXT('2D SPACE',''));
#3759 = PCURVE('',#3650,#3760);
#3760 = DEFINITIONAL_REPRESENTATION('',(#3761),#3765);
#3761 = LINE('',#3762,#3763);
#3762 = CARTESIAN_POINT('',(0.,180.));
#3763 = VECTOR('',#3764,1.);
#3764 = DIRECTION('',(1.,0.));
#3765 =(GEOMETRIC_REPRESENTATION_CONTEXT(2)PARAMETRIC_REPRESENTATION_CONTEXT()REPRESENTATION_CONTEXT('2D SPACE',''));
#3766 = ORIENTED_EDGE('',*,*,#3767,.F.);
#3767 = EDGE_CURVE('',#3694,#3745,#3768,.T.);
#3768 = SURFACE_CURVE('',#3769,(#3773,#3780),.PCURVE_S1.);
#3769 = LINE('',#3770,#3771);
#3770 = CARTESIAN_POINT('',(-1.13E+03,1.609768167564E+03,2.059437910287E+03));
#3771 = VECTOR('',#3772,1.);
#3772 = DIRECTION('',(0.,0.766044443119,-0.642787609687));
#3773 = PCURVE('',#3702,#3774);
#3774 = DEFINITIONAL_REPRESENTATION('',(#3775),#3779);
#3775 = LINE('',#3776,#3777);
#3776 = CARTESIAN_POINT('',(2.44E+03,4.547473508865E-13));
#3777 = VECTOR('',#3778,1.);
#3778 = DIRECTION('',(0.,-1.));
#3779 =(GEOMETRIC_REPRESENTATION_CONTEXT(2)PARAMETRIC_REPRESENTATION_CONTEXT()REPRESENTATION_CONTEXT('2D SPACE',''));
#3780 = PCURVE('',#3676,#3781);
#3781 = DEFINITIONAL_REPRESENTATION('',(#3782),#3786);
#3782 = LINE('',#3783,#3784);
#3783 = CARTESIAN_POINT('',(180.,0.));
#3784 = VECTOR('',#3785,1.);
#3785 = DIRECTION('',(0.,1.));
#3786 =(GEOMETRIC_REPRESENTATION_CONTEXT(2)PARAMETRIC_REPRESENTATION_CONTEXT()REPRESENTATION_CONTEXT('2D SPACE',''));
#3787 = ADVANCED_FACE('',(#3788),#3594,.F.);
#3788 = FACE_BOUND('',#3789,.F.);
#3789 = EDGE_LOOP('',(#3790,#3811,#3812,#3833));
#3790 = ORIENTED_EDGE('',*,*,#3791,.F.);
#3791 = EDGE_CURVE('',#3572,#3692,#3792,.T.);
#3792 = SURFACE_CURVE('',#3793,(#3797,#3804),.PCURVE_S1.);
#3793 = LINE('',#3794,#3795);
#3794 = CARTESIAN_POINT('',(-1.31E+03,41.366399928425,190.28946907692));
#3795 = VECTOR('',#3796,1.);
#3796 = DIRECTION('',(1.,0.,0.));
#3797 = PCURVE('',#3594,#3798);
#3798 = DEFINITIONAL_REPRESENTATION('',(#3799),#3803);
#3799 = LINE('',#3800,#3801);
#3800 = CARTESIAN_POINT('',(0.,0.));
#3801 = VECTOR('',#3802,1.);
#3802 = DIRECTION('',(0.,1.));
#3803 =(GEOMETRIC_REPRESENTATION_CONTEXT(2)PARAMETRIC_REPRESENTATION_CONTEXT()REPRESENTATION_CONTEXT('2D SPACE',''));
#3804 = PCURVE('',#3622,#3805);
#3805 = DEFINITIONAL_REPRESENTATION('',(#3806),#3810);
#3806 = LINE('',#3807,#3808);
#3807 = CARTESIAN_POINT('',(0.,0.));
#3808 = VECTOR('',#3809,1.);
#3809 = DIRECTION('',(1.,0.));
#3810 =(GEOMETRIC_REPRESENTATION_CONTEXT(2)PARAMETRIC_REPRESENTATION_CONTEXT()REPRESENTATION_CONTEXT('2D SPACE',''));
#3811 = ORIENTED_EDGE('',*,*,#3571,.T.);
#3812 = ORIENTED_EDGE('',*,*,#3813,.T.);
#3813 = EDGE_CURVE('',#3574,#3694,#3814,.T.);
#3814 = SURFACE_CURVE('',#3815,(#3819,#3826),.PCURVE_S1.);
#3815 = LINE('',#3816,#3817);
#3816 = CARTESIAN_POINT('',(-1.31E+03,1.609768167564E+03,2.059437910287E+03));
#3817 = VECTOR('',#3818,1.);
#3818 = DIRECTION('',(1.,0.,0.));
#3819 = PCURVE('',#3594,#3820);
#3820 = DEFINITIONAL_REPRESENTATION('',(#3821),#3825);
#3821 = LINE('',#3822,#3823);
#3822 = CARTESIAN_POINT('',(2.44E+03,0.));
#3823 = VECTOR('',#3824,1.);
#3824 = DIRECTION('',(0.,1.));
#3825 =(GEOMETRIC_REPRESENTATION_CONTEXT(2)PARAMETRIC_REPRESENTATION_CONTEXT()REPRESENTATION_CONTEXT('2D SPACE',''));
#3826 = PCURVE('',#3676,#3827);
#3827 = DEFINITIONAL_REPRESENTATION('',(#3828),#3832);
#3828 = LINE('',#3829,#3830);
#3829 = CARTESIAN_POINT('',(0.,0.));
#3830 = VECTOR('',#3831,1.);
#3831 = DIRECTION('',(1.,0.));
#3832 =(GEOMETRIC_REPRESENTATION_CONTEXT(2)PARAMETRIC_REPRESENTATION_CONTEXT()REPRESENTATION_CONTEXT('2D SPACE',''));
#3833 = ORIENTED_EDGE('',*,*,#3691,.F.);
#3834 = ADVANCED_FACE('',(#3835),#3650,.T.);
#3835 = FACE_BOUND('',#3836,.T.);
#3836 = EDGE_LOOP('',(#3837,#3858,#3859,#3880));
#3837 = ORIENTED_EDGE('',*,*,#3838,.F.);
#3838 = EDGE_CURVE('',#3607,#3722,#3839,.T.);
#3839 = SURFACE_CURVE('',#3840,(#3844,#3851),.PCURVE_S1.);
#3840 = LINE('',#3841,#3842);
#3841 = CARTESIAN_POINT('',(-1.31E+03,68.943999880708,167.14911512821));
#3842 = VECTOR('',#3843,1.);
#3843 = DIRECTION('',(1.,0.,0.));
#3844 = PCURVE('',#3650,#3845);
#3845 = DEFINITIONAL_REPRESENTATION('',(#3846),#3850);
#3846 = LINE('',#3847,#3848);
#3847 = CARTESIAN_POINT('',(0.,0.));
#3848 = VECTOR('',#3849,1.);
#3849 = DIRECTION('',(0.,1.));
#3850 =(GEOMETRIC_REPRESENTATION_CONTEXT(2)PARAMETRIC_REPRESENTATION_CONTEXT()REPRESENTATION_CONTEXT('2D SPACE',''));
#3851 = PCURVE('',#3622,#3852);
#3852 = DEFINITIONAL_REPRESENTATION('',(#3853),#3857);
#3853 = LINE('',#3854,#3855);
#3854 = CARTESIAN_POINT('',(0.,36.));
#3855 = VECTOR('',#3856,1.);
#3856 = DIRECTION('',(1.,0.));
#3857 =(GEOMETRIC_REPRESENTATION_CONTEXT(2)PARAMETRIC_REPRESENTATION_CONTEXT()REPRESENTATION_CONTEXT('2D SPACE',''));
#3858 = ORIENTED_EDGE('',*,*,#3634,.T.);
#3859 = ORIENTED_EDGE('',*,*,#3860,.T.);
#3860 = EDGE_CURVE('',#3635,#3745,#3861,.T.);
#3861 = SURFACE_CURVE('',#3862,(#3866,#3873),.PCURVE_S1.);
#3862 = LINE('',#3863,#3864);
#3863 = CARTESIAN_POINT('',(-1.31E+03,1.637345767516E+03,2.036297556339E+03));
#3864 = VECTOR('',#3865,1.);
#3865 = DIRECTION('',(1.,0.,0.));
#3866 = PCURVE('',#3650,#3867);
#3867 = DEFINITIONAL_REPRESENTATION('',(#3868),#3872);
#3868 = LINE('',#3869,#3870);
#3869 = CARTESIAN_POINT('',(2.44E+03,0.));
#3870 = VECTOR('',#3871,1.);
#3871 = DIRECTION('',(0.,1.));
#3872 =(GEOMETRIC_REPRESENTATION_CONTEXT(2)PARAMETRIC_REPRESENTATION_CONTEXT()REPRESENTATION_CONTEXT('2D SPACE',''));
#3873 = PCURVE('',#3676,#3874);
#3874 = DEFINITIONAL_REPRESENTATION('',(#3875),#3879);
#3875 = LINE('',#3876,#3877);
#3876 = CARTESIAN_POINT('',(0.,36.));
#3877 = VECTOR('',#3878,1.);
#3878 = DIRECTION('',(1.,0.));
#3879 =(GEOMETRIC_REPRESENTATION_CONTEXT(2)PARAMETRIC_REPRESENTATION_CONTEXT()REPRESENTATION_CONTEXT('2D SPACE',''));
#3880 = ORIENTED_EDGE('',*,*,#3744,.F.);
#3881 = ADVANCED_FACE('',(#3882),#3622,.F.);
#3882 = FACE_BOUND('',#3883,.F.);
#3883 = EDGE_LOOP('',(#3884,#3885,#3886,#3887));
#3884 = ORIENTED_EDGE('',*,*,#3606,.F.);
#3885 = ORIENTED_EDGE('',*,*,#3791,.T.);
#3886 = ORIENTED_EDGE('',*,*,#3721,.T.);
#3887 = ORIENTED_EDGE('',*,*,#3838,.F.);
#3888 = ADVANCED_FACE('',(#3889),#3676,.T.);
#3889 = FACE_BOUND('',#3890,.T.);
#3890 = EDGE_LOOP('',(#3891,#3892,#3893,#3894));
#3891 = ORIENTED_EDGE('',*,*,#3662,.F.);
#3892 = ORIENTED_EDGE('',*,*,#3813,.T.);
#3893 = ORIENTED_EDGE('',*,*,#3767,.T.);
#3894 = ORIENTED_EDGE('',*,*,#3860,.F.);
#3895 =(GEOMETRIC_REPRESENTATION_CONTEXT(3)GLOBAL_UNCERTAINTY_ASSIGNED_CONTEXT((#3899))GLOBAL_UNIT_ASSIGNED_CONTEXT((#3896,#3897,#3898))REPRESENTATION_CONTEXT('Context #1','3D Context with UNIT and UNCERTAINTY'));
#3896 =(LENGTH_UNIT()NAMED_UNIT(*)SI_UNIT(.MILLI.,.METRE.));
#3897 =(NAMED_UNIT(*)PLANE_ANGLE_UNIT()SI_UNIT($,.RADIAN.));
#3898 =(NAMED_UNIT(*)SI_UNIT($,.STERADIAN.)SOLID_ANGLE_UNIT());
#3899 = UNCERTAINTY_MEASURE_WITH_UNIT(LENGTH_MEASURE(1.E-07),#3896,'distance_accuracy_value','confusion accuracy');
#3900 = CONTEXT_DEPENDENT_SHAPE_REPRESENTATION(#3901,#3903);
#3901 =(REPRESENTATION_RELATIONSHIP('','',#3564,#10)REPRESENTATION_RELATIONSHIP_WITH_TRANSFORMATION(#3902)SHAPE_REPRESENTATION_RELATIONSHIP());
#3902 = ITEM_DEFINED_TRANSFORMATION('','',#11,#47);
#3903 = PRODUCT_DEFINITION_SHAPE('Placement','Placement of an item',#3904);
#3904 = NEXT_ASSEMBLY_USAGE_OCCURRENCE('9','face_rail_1','',#5,#3559,$);
#3905 = PRODUCT_RELATED_PRODUCT_CATEGORY('part',$,(#3561));
#3906 = SHAPE_DEFINITION_REPRESENTATION(#3907,#3913);
#3907 = PRODUCT_DEFINITION_SHAPE('','',#3908);
#3908 = PRODUCT_DEFINITION('design','',#3909,#3912);
#3909 = PRODUCT_DEFINITION_FORMATION('','',#3910);
#3910 = PRODUCT('face_rail_2','face_rail_2','',(#3911));
#3911 = PRODUCT_CONTEXT('',#2,'mechanical');
#3912 = PRODUCT_DEFINITION_CONTEXT('part definition',#2,'design');
#3913 = ADVANCED_BREP_SHAPE_REPRESENTATION('',(#11,#3914),#4244);
#3914 = MANIFOLD_SOLID_BREP('',#3915);
#3915 = CLOSED_SHELL('',(#3916,#4036,#4136,#4183,#4230,#4237));
#3916 = ADVANCED_FACE('',(#3917),#3931,.F.);
#3917 = FACE_BOUND('',#3918,.F.);
#3918 = EDGE_LOOP('',(#3919,#3954,#3982,#4010));
#3919 = ORIENTED_EDGE('',*,*,#3920,.F.);
#3920 = EDGE_CURVE('',#3921,#3923,#3925,.T.);
#3921 = VERTEX_POINT('',#3922);
#3922 = CARTESIAN_POINT('',(-496.6666666666,41.366399928425,190.28946907692));
#3923 = VERTEX_POINT('',#3924);
#3924 = CARTESIAN_POINT('',(-496.6666666666,1.609768167564E+03,2.059437910287E+03));
#3925 = SURFACE_CURVE('',#3926,(#3930,#3942),.PCURVE_S1.);
#3926 = LINE('',#3927,#3928);
#3927 = CARTESIAN_POINT('',(-496.6666666666,41.366399928425,190.28946907692));
#3928 = VECTOR('',#3929,1.);
#3929 = DIRECTION('',(0.,0.642787609687,0.766044443119));
#3930 = PCURVE('',#3931,#3936);
#3931 = PLANE('',#3932);
#3932 = AXIS2_PLACEMENT_3D('',#3933,#3934,#3935);
#3933 = CARTESIAN_POINT('',(-496.6666666666,41.366399928425,190.28946907692));
#3934 = DIRECTION('',(1.,0.,0.));
#3935 = DIRECTION('',(0.,0.642787609687,0.766044443119));
#3936 = DEFINITIONAL_REPRESENTATION('',(#3937),#3941);
#3937 = LINE('',#3938,#3939);
#3938 = CARTESIAN_POINT('',(0.,0.));
#3939 = VECTOR('',#3940,1.);
#3940 = DIRECTION('',(1.,0.));
#3941 =(GEOMETRIC_REPRESENTATION_CONTEXT(2)PARAMETRIC_REPRESENTATION_CONTEXT()REPRESENTATION_CONTEXT('2D SPACE',''));
#3942 = PCURVE('',#3943,#3948);
#3943 = PLANE('',#3944);
#3944 = AXIS2_PLACEMENT_3D('',#3945,#3946,#3947);
#3945 = CARTESIAN_POINT('',(-496.6666666666,41.366399928425,190.28946907692));
#3946 = DIRECTION('',(0.,0.766044443119,-0.642787609687));
#3947 = DIRECTION('',(0.,0.642787609687,0.766044443119));
#3948 = DEFINITIONAL_REPRESENTATION('',(#3949),#3953);
#3949 = LINE('',#3950,#3951);
#3950 = CARTESIAN_POINT('',(0.,0.));
#3951 = VECTOR('',#3952,1.);
#3952 = DIRECTION('',(1.,0.));
#3953 =(GEOMETRIC_REPRESENTATION_CONTEXT(2)PARAMETRIC_REPRESENTATION_CONTEXT()REPRESENTATION_CONTEXT('2D SPACE',''));
#3954 = ORIENTED_EDGE('',*,*,#3955,.T.);
#3955 = EDGE_CURVE('',#3921,#3956,#3958,.T.);
#3956 = VERTEX_POINT('',#3957);
#3957 = CARTESIAN_POINT('',(-496.6666666666,68.943999880708,167.14911512821));
#3958 = SURFACE_CURVE('',#3959,(#3963,#3970),.PCURVE_S1.);
#3959 = LINE('',#3960,#3961);
#3960 = CARTESIAN_POINT('',(-496.6666666666,41.366399928425,190.28946907692));
#3961 = VECTOR('',#3962,1.);
#3962 = DIRECTION('',(0.,0.766044443119,-0.642787609687));
#3963 = PCURVE('',#3931,#3964);
#3964 = DEFINITIONAL_REPRESENTATION('',(#3965),#3969);
#3965 = LINE('',#3966,#3967);
#3966 = CARTESIAN_POINT('',(0.,0.));
#3967 = VECTOR('',#3968,1.);
#3968 = DIRECTION('',(0.,-1.));
#3969 =(GEOMETRIC_REPRESENTATION_CONTEXT(2)PARAMETRIC_REPRESENTATION_CONTEXT()REPRESENTATION_CONTEXT('2D SPACE',''));
#3970 = PCURVE('',#3971,#3976);
#3971 = PLANE('',#3972);
#3972 = AXIS2_PLACEMENT_3D('',#3973,#3974,#3975);
#3973 = CARTESIAN_POINT('',(-496.6666666666,41.366399928425,190.28946907692));
#3974 = DIRECTION('',(0.,0.642787609687,0.766044443119));
#3975 = DIRECTION('',(1.,0.,0.));
#3976 = DEFINITIONAL_REPRESENTATION('',(#3977),#3981);
#3977 = LINE('',#3978,#3979);
#3978 = CARTESIAN_POINT('',(0.,0.));
#3979 = VECTOR('',#3980,1.);
#3980 = DIRECTION('',(0.,1.));
#3981 =(GEOMETRIC_REPRESENTATION_CONTEXT(2)PARAMETRIC_REPRESENTATION_CONTEXT()REPRESENTATION_CONTEXT('2D SPACE',''));
#3982 = ORIENTED_EDGE('',*,*,#3983,.T.);
#3983 = EDGE_CURVE('',#3956,#3984,#3986,.T.);
#3984 = VERTEX_POINT('',#3985);
#3985 = CARTESIAN_POINT('',(-496.6666666666,1.637345767516E+03,2.036297556339E+03));
#3986 = SURFACE_CURVE('',#3987,(#3991,#3998),.PCURVE_S1.);
#3987 = LINE('',#3988,#3989);
#3988 = CARTESIAN_POINT('',(-496.6666666666,68.943999880708,167.14911512821));
#3989 = VECTOR('',#3990,1.);
#3990 = DIRECTION('',(0.,0.642787609687,0.766044443119));
#3991 = PCURVE('',#3931,#3992);
#3992 = DEFINITIONAL_REPRESENTATION('',(#3993),#3997);
#3993 = LINE('',#3994,#3995);
#3994 = CARTESIAN_POINT('',(-3.552713678801E-15,-36.));
#3995 = VECTOR('',#3996,1.);
#3996 = DIRECTION('',(1.,0.));
#3997 =(GEOMETRIC_REPRESENTATION_CONTEXT(2)PARAMETRIC_REPRESENTATION_CONTEXT()REPRESENTATION_CONTEXT('2D SPACE',''));
#3998 = PCURVE('',#3999,#4004);
#3999 = PLANE('',#4000);
#4000 = AXIS2_PLACEMENT_3D('',#4001,#4002,#4003);
#4001 = CARTESIAN_POINT('',(-496.6666666666,68.943999880708,167.14911512821));
#4002 = DIRECTION('',(0.,0.766044443119,-0.642787609687));
#4003 = DIRECTION('',(0.,0.642787609687,0.766044443119));
#4004 = DEFINITIONAL_REPRESENTATION('',(#4005),#4009);
#4005 = LINE('',#4006,#4007);
#4006 = CARTESIAN_POINT('',(0.,0.));
#4007 = VECTOR('',#4008,1.);
#4008 = DIRECTION('',(1.,0.));
#4009 =(GEOMETRIC_REPRESENTATION_CONTEXT(2)PARAMETRIC_REPRESENTATION_CONTEXT()REPRESENTATION_CONTEXT('2D SPACE',''));
#4010 = ORIENTED_EDGE('',*,*,#4011,.F.);
#4011 = EDGE_CURVE('',#3923,#3984,#4012,.T.);
#4012 = SURFACE_CURVE('',#4013,(#4017,#4024),.PCURVE_S1.);
#4013 = LINE('',#4014,#4015);
#4014 = CARTESIAN_POINT('',(-496.6666666666,1.609768167564E+03,2.059437910287E+03));
#4015 = VECTOR('',#4016,1.);
#4016 = DIRECTION('',(0.,0.766044443119,-0.642787609687));
#4017 = PCURVE('',#3931,#4018);
#4018 = DEFINITIONAL_REPRESENTATION('',(#4019),#4023);
#4019 = LINE('',#4020,#4021);
#4020 = CARTESIAN_POINT('',(2.44E+03,4.547473508865E-13));
#4021 = VECTOR('',#4022,1.);
#4022 = DIRECTION('',(0.,-1.));
#4023 =(GEOMETRIC_REPRESENTATION_CONTEXT(2)PARAMETRIC_REPRESENTATION_CONTEXT()REPRESENTATION_CONTEXT('2D SPACE',''));
#4024 = PCURVE('',#4025,#4030);
#4025 = PLANE('',#4026);
#4026 = AXIS2_PLACEMENT_3D('',#4027,#4028,#4029);
#4027 = CARTESIAN_POINT('',(-496.6666666666,1.609768167564E+03,2.059437910287E+03));
#4028 = DIRECTION('',(0.,0.642787609687,0.766044443119));
#4029 = DIRECTION('',(1.,0.,0.));
#4030 = DEFINITIONAL_REPRESENTATION('',(#4031),#4035);
#4031 = LINE('',#4032,#4033);
#4032 = CARTESIAN_POINT('',(0.,0.));
#4033 = VECTOR('',#4034,1.);
#4034 = DIRECTION('',(0.,1.));
#4035 =(GEOMETRIC_REPRESENTATION_CONTEXT(2)PARAMETRIC_REPRESENTATION_CONTEXT()REPRESENTATION_CONTEXT('2D SPACE',''));
#4036 = ADVANCED_FACE('',(#4037),#4051,.T.);
#4037 = FACE_BOUND('',#4038,.T.);
#4038 = EDGE_LOOP('',(#4039,#4069,#4092,#4115));
#4039 = ORIENTED_EDGE('',*,*,#4040,.F.);
#4040 = EDGE_CURVE('',#4041,#4043,#4045,.T.);
#4041 = VERTEX_POINT('',#4042);
#4042 = CARTESIAN_POINT('',(-316.6666666666,41.366399928425,190.28946907692));
#4043 = VERTEX_POINT('',#4044);
#4044 = CARTESIAN_POINT('',(-316.6666666666,1.609768167564E+03,2.059437910287E+03));
#4045 = SURFACE_CURVE('',#4046,(#4050,#4062),.PCURVE_S1.);
#4046 = LINE('',#4047,#4048);
#4047 = CARTESIAN_POINT('',(-316.6666666666,41.366399928425,190.28946907692));
#4048 = VECTOR('',#4049,1.);
#4049 = DIRECTION('',(0.,0.642787609687,0.766044443119));
#4050 = PCURVE('',#4051,#4056);
#4051 = PLANE('',#4052);
#4052 = AXIS2_PLACEMENT_3D('',#4053,#4054,#4055);
#4053 = CARTESIAN_POINT('',(-316.6666666666,41.366399928425,190.28946907692));
#4054 = DIRECTION('',(1.,0.,0.));
#4055 = DIRECTION('',(0.,0.642787609687,0.766044443119));
#4056 = DEFINITIONAL_REPRESENTATION('',(#4057),#4061);
#4057 = LINE('',#4058,#4059);
#4058 = CARTESIAN_POINT('',(0.,0.));
#4059 = VECTOR('',#4060,1.);
#4060 = DIRECTION('',(1.,0.));
#4061 =(GEOMETRIC_REPRESENTATION_CONTEXT(2)PARAMETRIC_REPRESENTATION_CONTEXT()REPRESENTATION_CONTEXT('2D SPACE',''));
#4062 = PCURVE('',#3943,#4063);
#4063 = DEFINITIONAL_REPRESENTATION('',(#4064),#4068);
#4064 = LINE('',#4065,#4066);
#4065 = CARTESIAN_POINT('',(0.,180.));
#4066 = VECTOR('',#4067,1.);
#4067 = DIRECTION('',(1.,0.));
#4068 =(GEOMETRIC_REPRESENTATION_CONTEXT(2)PARAMETRIC_REPRESENTATION_CONTEXT()REPRESENTATION_CONTEXT('2D SPACE',''));
#4069 = ORIENTED_EDGE('',*,*,#4070,.T.);
#4070 = EDGE_CURVE('',#4041,#4071,#4073,.T.);
#4071 = VERTEX_POINT('',#4072);
#4072 = CARTESIAN_POINT('',(-316.6666666666,68.943999880708,167.14911512821));
#4073 = SURFACE_CURVE('',#4074,(#4078,#4085),.PCURVE_S1.);
#4074 = LINE('',#4075,#4076);
#4075 = CARTESIAN_POINT('',(-316.6666666666,41.366399928425,190.28946907692));
#4076 = VECTOR('',#4077,1.);
#4077 = DIRECTION('',(0.,0.766044443119,-0.642787609687));
#4078 = PCURVE('',#4051,#4079);
#4079 = DEFINITIONAL_REPRESENTATION('',(#4080),#4084);
#4080 = LINE('',#4081,#4082);
#4081 = CARTESIAN_POINT('',(0.,0.));
#4082 = VECTOR('',#4083,1.);
#4083 = DIRECTION('',(0.,-1.));
#4084 =(GEOMETRIC_REPRESENTATION_CONTEXT(2)PARAMETRIC_REPRESENTATION_CONTEXT()REPRESENTATION_CONTEXT('2D SPACE',''));
#4085 = PCURVE('',#3971,#4086);
#4086 = DEFINITIONAL_REPRESENTATION('',(#4087),#4091);
#4087 = LINE('',#4088,#4089);
#4088 = CARTESIAN_POINT('',(180.,0.));
#4089 = VECTOR('',#4090,1.);
#4090 = DIRECTION('',(0.,1.));
#4091 =(GEOMETRIC_REPRESENTATION_CONTEXT(2)PARAMETRIC_REPRESENTATION_CONTEXT()REPRESENTATION_CONTEXT('2D SPACE',''));
#4092 = ORIENTED_EDGE('',*,*,#4093,.T.);
#4093 = EDGE_CURVE('',#4071,#4094,#4096,.T.);
#4094 = VERTEX_POINT('',#4095);
#4095 = CARTESIAN_POINT('',(-316.6666666666,1.637345767516E+03,2.036297556339E+03));
#4096 = SURFACE_CURVE('',#4097,(#4101,#4108),.PCURVE_S1.);
#4097 = LINE('',#4098,#4099);
#4098 = CARTESIAN_POINT('',(-316.6666666666,68.943999880708,167.14911512821));
#4099 = VECTOR('',#4100,1.);
#4100 = DIRECTION('',(0.,0.642787609687,0.766044443119));
#4101 = PCURVE('',#4051,#4102);
#4102 = DEFINITIONAL_REPRESENTATION('',(#4103),#4107);
#4103 = LINE('',#4104,#4105);
#4104 = CARTESIAN_POINT('',(-3.552713678801E-15,-36.));
#4105 = VECTOR('',#4106,1.);
#4106 = DIRECTION('',(1.,0.));
#4107 =(GEOMETRIC_REPRESENTATION_CONTEXT(2)PARAMETRIC_REPRESENTATION_CONTEXT()REPRESENTATION_CONTEXT('2D SPACE',''));
#4108 = PCURVE('',#3999,#4109);
#4109 = DEFINITIONAL_REPRESENTATION('',(#4110),#4114);
#4110 = LINE('',#4111,#4112);
#4111 = CARTESIAN_POINT('',(0.,180.));
#4112 = VECTOR('',#4113,1.);
#4113 = DIRECTION('',(1.,0.));
#4114 =(GEOMETRIC_REPRESENTATION_CONTEXT(2)PARAMETRIC_REPRESENTATION_CONTEXT()REPRESENTATION_CONTEXT('2D SPACE',''));
#4115 = ORIENTED_EDGE('',*,*,#4116,.F.);
#4116 = EDGE_CURVE('',#4043,#4094,#4117,.T.);
#4117 = SURFACE_CURVE('',#4118,(#4122,#4129),.PCURVE_S1.);
#4118 = LINE('',#4119,#4120);
#4119 = CARTESIAN_POINT('',(-316.6666666666,1.609768167564E+03,2.059437910287E+03));
#4120 = VECTOR('',#4121,1.);
#4121 = DIRECTION('',(0.,0.766044443119,-0.642787609687));
#4122 = PCURVE('',#4051,#4123);
#4123 = DEFINITIONAL_REPRESENTATION('',(#4124),#4128);
#4124 = LINE('',#4125,#4126);
#4125 = CARTESIAN_POINT('',(2.44E+03,4.547473508865E-13));
#4126 = VECTOR('',#4127,1.);
#4127 = DIRECTION('',(0.,-1.));
#4128 =(GEOMETRIC_REPRESENTATION_CONTEXT(2)PARAMETRIC_REPRESENTATION_CONTEXT()REPRESENTATION_CONTEXT('2D SPACE',''));
#4129 = PCURVE('',#4025,#4130);
#4130 = DEFINITIONAL_REPRESENTATION('',(#4131),#4135);
#4131 = LINE('',#4132,#4133);
#4132 = CARTESIAN_POINT('',(180.,0.));
#4133 = VECTOR('',#4134,1.);
#4134 = DIRECTION('',(0.,1.));
#4135 =(GEOMETRIC_REPRESENTATION_CONTEXT(2)PARAMETRIC_REPRESENTATION_CONTEXT()REPRESENTATION_CONTEXT('2D SPACE',''));
#4136 = ADVANCED_FACE('',(#4137),#3943,.F.);
#4137 = FACE_BOUND('',#4138,.F.);
#4138 = EDGE_LOOP('',(#4139,#4160,#4161,#4182));
#4139 = ORIENTED_EDGE('',*,*,#4140,.F.);
#4140 = EDGE_CURVE('',#3921,#4041,#4141,.T.);
#4141 = SURFACE_CURVE('',#4142,(#4146,#4153),.PCURVE_S1.);
#4142 = LINE('',#4143,#4144);
#4143 = CARTESIAN_POINT('',(-496.6666666666,41.366399928425,190.28946907692));
#4144 = VECTOR('',#4145,1.);
#4145 = DIRECTION('',(1.,0.,0.));
#4146 = PCURVE('',#3943,#4147);
#4147 = DEFINITIONAL_REPRESENTATION('',(#4148),#4152);
#4148 = LINE('',#4149,#4150);
#4149 = CARTESIAN_POINT('',(0.,0.));
#4150 = VECTOR('',#4151,1.);
#4151 = DIRECTION('',(0.,1.));
#4152 =(GEOMETRIC_REPRESENTATION_CONTEXT(2)PARAMETRIC_REPRESENTATION_CONTEXT()REPRESENTATION_CONTEXT('2D SPACE',''));
#4153 = PCURVE('',#3971,#4154);
#4154 = DEFINITIONAL_REPRESENTATION('',(#4155),#4159);
#4155 = LINE('',#4156,#4157);
#4156 = CARTESIAN_POINT('',(0.,0.));
#4157 = VECTOR('',#4158,1.);
#4158 = DIRECTION('',(1.,0.));
#4159 =(GEOMETRIC_REPRESENTATION_CONTEXT(2)PARAMETRIC_REPRESENTATION_CONTEXT()REPRESENTATION_CONTEXT('2D SPACE',''));
#4160 = ORIENTED_EDGE('',*,*,#3920,.T.);
#4161 = ORIENTED_EDGE('',*,*,#4162,.T.);
#4162 = EDGE_CURVE('',#3923,#4043,#4163,.T.);
#4163 = SURFACE_CURVE('',#4164,(#4168,#4175),.PCURVE_S1.);
#4164 = LINE('',#4165,#4166);
#4165 = CARTESIAN_POINT('',(-496.6666666666,1.609768167564E+03,2.059437910287E+03));
#4166 = VECTOR('',#4167,1.);
#4167 = DIRECTION('',(1.,0.,0.));
#4168 = PCURVE('',#3943,#4169);
#4169 = DEFINITIONAL_REPRESENTATION('',(#4170),#4174);
#4170 = LINE('',#4171,#4172);
#4171 = CARTESIAN_POINT('',(2.44E+03,0.));
#4172 = VECTOR('',#4173,1.);
#4173 = DIRECTION('',(0.,1.));
#4174 =(GEOMETRIC_REPRESENTATION_CONTEXT(2)PARAMETRIC_REPRESENTATION_CONTEXT()REPRESENTATION_CONTEXT('2D SPACE',''));
#4175 = PCURVE('',#4025,#4176);
#4176 = DEFINITIONAL_REPRESENTATION('',(#4177),#4181);
#4177 = LINE('',#4178,#4179);
#4178 = CARTESIAN_POINT('',(0.,0.));
#4179 = VECTOR('',#4180,1.);
#4180 = DIRECTION('',(1.,0.));
#4181 =(GEOMETRIC_REPRESENTATION_CONTEXT(2)PARAMETRIC_REPRESENTATION_CONTEXT()REPRESENTATION_CONTEXT('2D SPACE',''));
#4182 = ORIENTED_EDGE('',*,*,#4040,.F.);
#4183 = ADVANCED_FACE('',(#4184),#3999,.T.);
#4184 = FACE_BOUND('',#4185,.T.);
#4185 = EDGE_LOOP('',(#4186,#4207,#4208,#4229));
#4186 = ORIENTED_EDGE('',*,*,#4187,.F.);
#4187 = EDGE_CURVE('',#3956,#4071,#4188,.T.);
#4188 = SURFACE_CURVE('',#4189,(#4193,#4200),.PCURVE_S1.);
#4189 = LINE('',#4190,#4191);
#4190 = CARTESIAN_POINT('',(-496.6666666666,68.943999880708,167.14911512821));
#4191 = VECTOR('',#4192,1.);
#4192 = DIRECTION('',(1.,0.,0.));
#4193 = PCURVE('',#3999,#4194);
#4194 = DEFINITIONAL_REPRESENTATION('',(#4195),#4199);
#4195 = LINE('',#4196,#4197);
#4196 = CARTESIAN_POINT('',(0.,0.));
#4197 = VECTOR('',#4198,1.);
#4198 = DIRECTION('',(0.,1.));
#4199 =(GEOMETRIC_REPRESENTATION_CONTEXT(2)PARAMETRIC_REPRESENTATION_CONTEXT()REPRESENTATION_CONTEXT('2D SPACE',''));
#4200 = PCURVE('',#3971,#4201);
#4201 = DEFINITIONAL_REPRESENTATION('',(#4202),#4206);
#4202 = LINE('',#4203,#4204);
#4203 = CARTESIAN_POINT('',(0.,36.));
#4204 = VECTOR('',#4205,1.);
#4205 = DIRECTION('',(1.,0.));
#4206 =(GEOMETRIC_REPRESENTATION_CONTEXT(2)PARAMETRIC_REPRESENTATION_CONTEXT()REPRESENTATION_CONTEXT('2D SPACE',''));
#4207 = ORIENTED_EDGE('',*,*,#3983,.T.);
#4208 = ORIENTED_EDGE('',*,*,#4209,.T.);
#4209 = EDGE_CURVE('',#3984,#4094,#4210,.T.);
#4210 = SURFACE_CURVE('',#4211,(#4215,#4222),.PCURVE_S1.);
#4211 = LINE('',#4212,#4213);
#4212 = CARTESIAN_POINT('',(-496.6666666666,1.637345767516E+03,2.036297556339E+03));
#4213 = VECTOR('',#4214,1.);
#4214 = DIRECTION('',(1.,0.,0.));
#4215 = PCURVE('',#3999,#4216);
#4216 = DEFINITIONAL_REPRESENTATION('',(#4217),#4221);
#4217 = LINE('',#4218,#4219);
#4218 = CARTESIAN_POINT('',(2.44E+03,0.));
#4219 = VECTOR('',#4220,1.);
#4220 = DIRECTION('',(0.,1.));
#4221 =(GEOMETRIC_REPRESENTATION_CONTEXT(2)PARAMETRIC_REPRESENTATION_CONTEXT()REPRESENTATION_CONTEXT('2D SPACE',''));
#4222 = PCURVE('',#4025,#4223);
#4223 = DEFINITIONAL_REPRESENTATION('',(#4224),#4228);
#4224 = LINE('',#4225,#4226);
#4225 = CARTESIAN_POINT('',(0.,36.));
#4226 = VECTOR('',#4227,1.);
#4227 = DIRECTION('',(1.,0.));
#4228 =(GEOMETRIC_REPRESENTATION_CONTEXT(2)PARAMETRIC_REPRESENTATION_CONTEXT()REPRESENTATION_CONTEXT('2D SPACE',''));
#4229 = ORIENTED_EDGE('',*,*,#4093,.F.);
#4230 = ADVANCED_FACE('',(#4231),#3971,.F.);
#4231 = FACE_BOUND('',#4232,.F.);
#4232 = EDGE_LOOP('',(#4233,#4234,#4235,#4236));
#4233 = ORIENTED_EDGE('',*,*,#3955,.F.);
#4234 = ORIENTED_EDGE('',*,*,#4140,.T.);
#4235 = ORIENTED_EDGE('',*,*,#4070,.T.);
#4236 = ORIENTED_EDGE('',*,*,#4187,.F.);
#4237 = ADVANCED_FACE('',(#4238),#4025,.T.);
#4238 = FACE_BOUND('',#4239,.T.);
#4239 = EDGE_LOOP('',(#4240,#4241,#4242,#4243));
#4240 = ORIENTED_EDGE('',*,*,#4011,.F.);
#4241 = ORIENTED_EDGE('',*,*,#4162,.T.);
#4242 = ORIENTED_EDGE('',*,*,#4116,.T.);
#4243 = ORIENTED_EDGE('',*,*,#4209,.F.);
#4244 =(GEOMETRIC_REPRESENTATION_CONTEXT(3)GLOBAL_UNCERTAINTY_ASSIGNED_CONTEXT((#4248))GLOBAL_UNIT_ASSIGNED_CONTEXT((#4245,#4246,#4247))REPRESENTATION_CONTEXT('Context #1','3D Context with UNIT and UNCERTAINTY'));
#4245 =(LENGTH_UNIT()NAMED_UNIT(*)SI_UNIT(.MILLI.,.METRE.));
#4246 =(NAMED_UNIT(*)PLANE_ANGLE_UNIT()SI_UNIT($,.RADIAN.));
#4247 =(NAMED_UNIT(*)SI_UNIT($,.STERADIAN.)SOLID_ANGLE_UNIT());
#4248 = UNCERTAINTY_MEASURE_WITH_UNIT(LENGTH_MEASURE(1.E-07),#4245,'distance_accuracy_value','confusion accuracy');
#4249 = CONTEXT_DEPENDENT_SHAPE_REPRESENTATION(#4250,#4252);
#4250 =(REPRESENTATION_RELATIONSHIP('','',#3913,#10)REPRESENTATION_RELATIONSHIP_WITH_TRANSFORMATION(#4251)SHAPE_REPRESENTATION_RELATIONSHIP());
#4251 = ITEM_DEFINED_TRANSFORMATION('','',#11,#51);
#4252 = PRODUCT_DEFINITION_SHAPE('Placement','Placement of an item',#4253);
#4253 = NEXT_ASSEMBLY_USAGE_OCCURRENCE('10','face_rail_2','',#5,#3908,$);
#4254 = PRODUCT_RELATED_PRODUCT_CATEGORY('part',$,(#3910));
#4255 = SHAPE_DEFINITION_REPRESENTATION(#4256,#4262);
#4256 = PRODUCT_DEFINITION_SHAPE('','',#4257);
#4257 = PRODUCT_DEFINITION('design','',#4258,#4261);
#4258 = PRODUCT_DEFINITION_FORMATION('','',#4259);
#4259 = PRODUCT('face_rail_3','face_rail_3','',(#4260));
#4260 = PRODUCT_CONTEXT('',#2,'mechanical');
#4261 = PRODUCT_DEFINITION_CONTEXT('part definition',#2,'design');
#4262 = ADVANCED_BREP_SHAPE_REPRESENTATION('',(#11,#4263),#4593);
#4263 = MANIFOLD_SOLID_BREP('',#4264);
#4264 = CLOSED_SHELL('',(#4265,#4385,#4485,#4532,#4579,#4586));
#4265 = ADVANCED_FACE('',(#4266),#4280,.F.);
#4266 = FACE_BOUND('',#4267,.F.);
#4267 = EDGE_LOOP('',(#4268,#4303,#4331,#4359));
#4268 = ORIENTED_EDGE('',*,*,#4269,.F.);
#4269 = EDGE_CURVE('',#4270,#4272,#4274,.T.);
#4270 = VERTEX_POINT('',#4271);
#4271 = CARTESIAN_POINT('',(316.66666666666,41.366399928425,190.28946907692));
#4272 = VERTEX_POINT('',#4273);
#4273 = CARTESIAN_POINT('',(316.66666666666,1.609768167564E+03,2.059437910287E+03));
#4274 = SURFACE_CURVE('',#4275,(#4279,#4291),.PCURVE_S1.);
#4275 = LINE('',#4276,#4277);
#4276 = CARTESIAN_POINT('',(316.66666666666,41.366399928425,190.28946907692));
#4277 = VECTOR('',#4278,1.);
#4278 = DIRECTION('',(0.,0.642787609687,0.766044443119));
#4279 = PCURVE('',#4280,#4285);
#4280 = PLANE('',#4281);
#4281 = AXIS2_PLACEMENT_3D('',#4282,#4283,#4284);
#4282 = CARTESIAN_POINT('',(316.66666666666,41.366399928425,190.28946907692));
#4283 = DIRECTION('',(1.,0.,0.));
#4284 = DIRECTION('',(0.,0.642787609687,0.766044443119));
#4285 = DEFINITIONAL_REPRESENTATION('',(#4286),#4290);
#4286 = LINE('',#4287,#4288);
#4287 = CARTESIAN_POINT('',(0.,0.));
#4288 = VECTOR('',#4289,1.);
#4289 = DIRECTION('',(1.,0.));
#4290 =(GEOMETRIC_REPRESENTATION_CONTEXT(2)PARAMETRIC_REPRESENTATION_CONTEXT()REPRESENTATION_CONTEXT('2D SPACE',''));
#4291 = PCURVE('',#4292,#4297);
#4292 = PLANE('',#4293);
#4293 = AXIS2_PLACEMENT_3D('',#4294,#4295,#4296);
#4294 = CARTESIAN_POINT('',(316.66666666666,41.366399928425,190.28946907692));
#4295 = DIRECTION('',(0.,0.766044443119,-0.642787609687));
#4296 = DIRECTION('',(0.,0.642787609687,0.766044443119));
#4297 = DEFINITIONAL_REPRESENTATION('',(#4298),#4302);
#4298 = LINE('',#4299,#4300);
#4299 = CARTESIAN_POINT('',(0.,0.));
#4300 = VECTOR('',#4301,1.);
#4301 = DIRECTION('',(1.,0.));
#4302 =(GEOMETRIC_REPRESENTATION_CONTEXT(2)PARAMETRIC_REPRESENTATION_CONTEXT()REPRESENTATION_CONTEXT('2D SPACE',''));
#4303 = ORIENTED_EDGE('',*,*,#4304,.T.);
#4304 = EDGE_CURVE('',#4270,#4305,#4307,.T.);
#4305 = VERTEX_POINT('',#4306);
#4306 = CARTESIAN_POINT('',(316.66666666666,68.943999880708,167.14911512821));
#4307 = SURFACE_CURVE('',#4308,(#4312,#4319),.PCURVE_S1.);
#4308 = LINE('',#4309,#4310);
#4309 = CARTESIAN_POINT('',(316.66666666666,41.366399928425,190.28946907692));
#4310 = VECTOR('',#4311,1.);
#4311 = DIRECTION('',(0.,0.766044443119,-0.642787609687));
#4312 = PCURVE('',#4280,#4313);
#4313 = DEFINITIONAL_REPRESENTATION('',(#4314),#4318);
#4314 = LINE('',#4315,#4316);
#4315 = CARTESIAN_POINT('',(0.,0.));
#4316 = VECTOR('',#4317,1.);
#4317 = DIRECTION('',(0.,-1.));
#4318 =(GEOMETRIC_REPRESENTATION_CONTEXT(2)PARAMETRIC_REPRESENTATION_CONTEXT()REPRESENTATION_CONTEXT('2D SPACE',''));
#4319 = PCURVE('',#4320,#4325);
#4320 = PLANE('',#4321);
#4321 = AXIS2_PLACEMENT_3D('',#4322,#4323,#4324);
#4322 = CARTESIAN_POINT('',(316.66666666666,41.366399928425,190.28946907692));
#4323 = DIRECTION('',(0.,0.642787609687,0.766044443119));
#4324 = DIRECTION('',(1.,0.,0.));
#4325 = DEFINITIONAL_REPRESENTATION('',(#4326),#4330);
#4326 = LINE('',#4327,#4328);
#4327 = CARTESIAN_POINT('',(0.,0.));
#4328 = VECTOR('',#4329,1.);
#4329 = DIRECTION('',(0.,1.));
#4330 =(GEOMETRIC_REPRESENTATION_CONTEXT(2)PARAMETRIC_REPRESENTATION_CONTEXT()REPRESENTATION_CONTEXT('2D SPACE',''));
#4331 = ORIENTED_EDGE('',*,*,#4332,.T.);
#4332 = EDGE_CURVE('',#4305,#4333,#4335,.T.);
#4333 = VERTEX_POINT('',#4334);
#4334 = CARTESIAN_POINT('',(316.66666666666,1.637345767516E+03,2.036297556339E+03));
#4335 = SURFACE_CURVE('',#4336,(#4340,#4347),.PCURVE_S1.);
#4336 = LINE('',#4337,#4338);
#4337 = CARTESIAN_POINT('',(316.66666666666,68.943999880708,167.14911512821));
#4338 = VECTOR('',#4339,1.);
#4339 = DIRECTION('',(0.,0.642787609687,0.766044443119));
#4340 = PCURVE('',#4280,#4341);
#4341 = DEFINITIONAL_REPRESENTATION('',(#4342),#4346);
#4342 = LINE('',#4343,#4344);
#4343 = CARTESIAN_POINT('',(-3.552713678801E-15,-36.));
#4344 = VECTOR('',#4345,1.);
#4345 = DIRECTION('',(1.,0.));
#4346 =(GEOMETRIC_REPRESENTATION_CONTEXT(2)PARAMETRIC_REPRESENTATION_CONTEXT()REPRESENTATION_CONTEXT('2D SPACE',''));
#4347 = PCURVE('',#4348,#4353);
#4348 = PLANE('',#4349);
#4349 = AXIS2_PLACEMENT_3D('',#4350,#4351,#4352);
#4350 = CARTESIAN_POINT('',(316.66666666666,68.943999880708,167.14911512821));
#4351 = DIRECTION('',(0.,0.766044443119,-0.642787609687));
#4352 = DIRECTION('',(0.,0.642787609687,0.766044443119));
#4353 = DEFINITIONAL_REPRESENTATION('',(#4354),#4358);
#4354 = LINE('',#4355,#4356);
#4355 = CARTESIAN_POINT('',(0.,0.));
#4356 = VECTOR('',#4357,1.);
#4357 = DIRECTION('',(1.,0.));
#4358 =(GEOMETRIC_REPRESENTATION_CONTEXT(2)PARAMETRIC_REPRESENTATION_CONTEXT()REPRESENTATION_CONTEXT('2D SPACE',''));
#4359 = ORIENTED_EDGE('',*,*,#4360,.F.);
#4360 = EDGE_CURVE('',#4272,#4333,#4361,.T.);
#4361 = SURFACE_CURVE('',#4362,(#4366,#4373),.PCURVE_S1.);
#4362 = LINE('',#4363,#4364);
#4363 = CARTESIAN_POINT('',(316.66666666666,1.609768167564E+03,2.059437910287E+03));
#4364 = VECTOR('',#4365,1.);
#4365 = DIRECTION('',(0.,0.766044443119,-0.642787609687));
#4366 = PCURVE('',#4280,#4367);
#4367 = DEFINITIONAL_REPRESENTATION('',(#4368),#4372);
#4368 = LINE('',#4369,#4370);
#4369 = CARTESIAN_POINT('',(2.44E+03,4.547473508865E-13));
#4370 = VECTOR('',#4371,1.);
#4371 = DIRECTION('',(0.,-1.));
#4372 =(GEOMETRIC_REPRESENTATION_CONTEXT(2)PARAMETRIC_REPRESENTATION_CONTEXT()REPRESENTATION_CONTEXT('2D SPACE',''));
#4373 = PCURVE('',#4374,#4379);
#4374 = PLANE('',#4375);
#4375 = AXIS2_PLACEMENT_3D('',#4376,#4377,#4378);
#4376 = CARTESIAN_POINT('',(316.66666666666,1.609768167564E+03,2.059437910287E+03));
#4377 = DIRECTION('',(0.,0.642787609687,0.766044443119));
#4378 = DIRECTION('',(1.,0.,0.));
#4379 = DEFINITIONAL_REPRESENTATION('',(#4380),#4384);
#4380 = LINE('',#4381,#4382);
#4381 = CARTESIAN_POINT('',(0.,0.));
#4382 = VECTOR('',#4383,1.);
#4383 = DIRECTION('',(0.,1.));
#4384 =(GEOMETRIC_REPRESENTATION_CONTEXT(2)PARAMETRIC_REPRESENTATION_CONTEXT()REPRESENTATION_CONTEXT('2D SPACE',''));
#4385 = ADVANCED_FACE('',(#4386),#4400,.T.);
#4386 = FACE_BOUND('',#4387,.T.);
#4387 = EDGE_LOOP('',(#4388,#4418,#4441,#4464));
#4388 = ORIENTED_EDGE('',*,*,#4389,.F.);
#4389 = EDGE_CURVE('',#4390,#4392,#4394,.T.);
#4390 = VERTEX_POINT('',#4391);
#4391 = CARTESIAN_POINT('',(496.66666666666,41.366399928425,190.28946907692));
#4392 = VERTEX_POINT('',#4393);
#4393 = CARTESIAN_POINT('',(496.66666666666,1.609768167564E+03,2.059437910287E+03));
#4394 = SURFACE_CURVE('',#4395,(#4399,#4411),.PCURVE_S1.);
#4395 = LINE('',#4396,#4397);
#4396 = CARTESIAN_POINT('',(496.66666666666,41.366399928425,190.28946907692));
#4397 = VECTOR('',#4398,1.);
#4398 = DIRECTION('',(0.,0.642787609687,0.766044443119));
#4399 = PCURVE('',#4400,#4405);
#4400 = PLANE('',#4401);
#4401 = AXIS2_PLACEMENT_3D('',#4402,#4403,#4404);
#4402 = CARTESIAN_POINT('',(496.66666666666,41.366399928425,190.28946907692));
#4403 = DIRECTION('',(1.,0.,0.));
#4404 = DIRECTION('',(0.,0.642787609687,0.766044443119));
#4405 = DEFINITIONAL_REPRESENTATION('',(#4406),#4410);
#4406 = LINE('',#4407,#4408);
#4407 = CARTESIAN_POINT('',(0.,0.));
#4408 = VECTOR('',#4409,1.);
#4409 = DIRECTION('',(1.,0.));
#4410 =(GEOMETRIC_REPRESENTATION_CONTEXT(2)PARAMETRIC_REPRESENTATION_CONTEXT()REPRESENTATION_CONTEXT('2D SPACE',''));
#4411 = PCURVE('',#4292,#4412);
#4412 = DEFINITIONAL_REPRESENTATION('',(#4413),#4417);
#4413 = LINE('',#4414,#4415);
#4414 = CARTESIAN_POINT('',(0.,180.));
#4415 = VECTOR('',#4416,1.);
#4416 = DIRECTION('',(1.,0.));
#4417 =(GEOMETRIC_REPRESENTATION_CONTEXT(2)PARAMETRIC_REPRESENTATION_CONTEXT()REPRESENTATION_CONTEXT('2D SPACE',''));
#4418 = ORIENTED_EDGE('',*,*,#4419,.T.);
#4419 = EDGE_CURVE('',#4390,#4420,#4422,.T.);
#4420 = VERTEX_POINT('',#4421);
#4421 = CARTESIAN_POINT('',(496.66666666666,68.943999880708,167.14911512821));
#4422 = SURFACE_CURVE('',#4423,(#4427,#4434),.PCURVE_S1.);
#4423 = LINE('',#4424,#4425);
#4424 = CARTESIAN_POINT('',(496.66666666666,41.366399928425,190.28946907692));
#4425 = VECTOR('',#4426,1.);
#4426 = DIRECTION('',(0.,0.766044443119,-0.642787609687));
#4427 = PCURVE('',#4400,#4428);
#4428 = DEFINITIONAL_REPRESENTATION('',(#4429),#4433);
#4429 = LINE('',#4430,#4431);
#4430 = CARTESIAN_POINT('',(0.,0.));
#4431 = VECTOR('',#4432,1.);
#4432 = DIRECTION('',(0.,-1.));
#4433 =(GEOMETRIC_REPRESENTATION_CONTEXT(2)PARAMETRIC_REPRESENTATION_CONTEXT()REPRESENTATION_CONTEXT('2D SPACE',''));
#4434 = PCURVE('',#4320,#4435);
#4435 = DEFINITIONAL_REPRESENTATION('',(#4436),#4440);
#4436 = LINE('',#4437,#4438);
#4437 = CARTESIAN_POINT('',(180.,0.));
#4438 = VECTOR('',#4439,1.);
#4439 = DIRECTION('',(0.,1.));
#4440 =(GEOMETRIC_REPRESENTATION_CONTEXT(2)PARAMETRIC_REPRESENTATION_CONTEXT()REPRESENTATION_CONTEXT('2D SPACE',''));
#4441 = ORIENTED_EDGE('',*,*,#4442,.T.);
#4442 = EDGE_CURVE('',#4420,#4443,#4445,.T.);
#4443 = VERTEX_POINT('',#4444);
#4444 = CARTESIAN_POINT('',(496.66666666666,1.637345767516E+03,2.036297556339E+03));
#4445 = SURFACE_CURVE('',#4446,(#4450,#4457),.PCURVE_S1.);
#4446 = LINE('',#4447,#4448);
#4447 = CARTESIAN_POINT('',(496.66666666666,68.943999880708,167.14911512821));
#4448 = VECTOR('',#4449,1.);
#4449 = DIRECTION('',(0.,0.642787609687,0.766044443119));
#4450 = PCURVE('',#4400,#4451);
#4451 = DEFINITIONAL_REPRESENTATION('',(#4452),#4456);
#4452 = LINE('',#4453,#4454);
#4453 = CARTESIAN_POINT('',(-3.552713678801E-15,-36.));
#4454 = VECTOR('',#4455,1.);
#4455 = DIRECTION('',(1.,0.));
#4456 =(GEOMETRIC_REPRESENTATION_CONTEXT(2)PARAMETRIC_REPRESENTATION_CONTEXT()REPRESENTATION_CONTEXT('2D SPACE',''));
#4457 = PCURVE('',#4348,#4458);
#4458 = DEFINITIONAL_REPRESENTATION('',(#4459),#4463);
#4459 = LINE('',#4460,#4461);
#4460 = CARTESIAN_POINT('',(0.,180.));
#4461 = VECTOR('',#4462,1.);
#4462 = DIRECTION('',(1.,0.));
#4463 =(GEOMETRIC_REPRESENTATION_CONTEXT(2)PARAMETRIC_REPRESENTATION_CONTEXT()REPRESENTATION_CONTEXT('2D SPACE',''));
#4464 = ORIENTED_EDGE('',*,*,#4465,.F.);
#4465 = EDGE_CURVE('',#4392,#4443,#4466,.T.);
#4466 = SURFACE_CURVE('',#4467,(#4471,#4478),.PCURVE_S1.);
#4467 = LINE('',#4468,#4469);
#4468 = CARTESIAN_POINT('',(496.66666666666,1.609768167564E+03,2.059437910287E+03));
#4469 = VECTOR('',#4470,1.);
#4470 = DIRECTION('',(0.,0.766044443119,-0.642787609687));
#4471 = PCURVE('',#4400,#4472);
#4472 = DEFINITIONAL_REPRESENTATION('',(#4473),#4477);
#4473 = LINE('',#4474,#4475);
#4474 = CARTESIAN_POINT('',(2.44E+03,4.547473508865E-13));
#4475 = VECTOR('',#4476,1.);
#4476 = DIRECTION('',(0.,-1.));
#4477 =(GEOMETRIC_REPRESENTATION_CONTEXT(2)PARAMETRIC_REPRESENTATION_CONTEXT()REPRESENTATION_CONTEXT('2D SPACE',''));
#4478 = PCURVE('',#4374,#4479);
#4479 = DEFINITIONAL_REPRESENTATION('',(#4480),#4484);
#4480 = LINE('',#4481,#4482);
#4481 = CARTESIAN_POINT('',(180.,0.));
#4482 = VECTOR('',#4483,1.);
#4483 = DIRECTION('',(0.,1.));
#4484 =(GEOMETRIC_REPRESENTATION_CONTEXT(2)PARAMETRIC_REPRESENTATION_CONTEXT()REPRESENTATION_CONTEXT('2D SPACE',''));
#4485 = ADVANCED_FACE('',(#4486),#4292,.F.);
#4486 = FACE_BOUND('',#4487,.F.);
#4487 = EDGE_LOOP('',(#4488,#4509,#4510,#4531));
#4488 = ORIENTED_EDGE('',*,*,#4489,.F.);
#4489 = EDGE_CURVE('',#4270,#4390,#4490,.T.);
#4490 = SURFACE_CURVE('',#4491,(#4495,#4502),.PCURVE_S1.);
#4491 = LINE('',#4492,#4493);
#4492 = CARTESIAN_POINT('',(316.66666666666,41.366399928425,190.28946907692));
#4493 = VECTOR('',#4494,1.);
#4494 = DIRECTION('',(1.,0.,0.));
#4495 = PCURVE('',#4292,#4496);
#4496 = DEFINITIONAL_REPRESENTATION('',(#4497),#4501);
#4497 = LINE('',#4498,#4499);
#4498 = CARTESIAN_POINT('',(0.,0.));
#4499 = VECTOR('',#4500,1.);
#4500 = DIRECTION('',(0.,1.));
#4501 =(GEOMETRIC_REPRESENTATION_CONTEXT(2)PARAMETRIC_REPRESENTATION_CONTEXT()REPRESENTATION_CONTEXT('2D SPACE',''));
#4502 = PCURVE('',#4320,#4503);
#4503 = DEFINITIONAL_REPRESENTATION('',(#4504),#4508);
#4504 = LINE('',#4505,#4506);
#4505 = CARTESIAN_POINT('',(0.,0.));
#4506 = VECTOR('',#4507,1.);
#4507 = DIRECTION('',(1.,0.));
#4508 =(GEOMETRIC_REPRESENTATION_CONTEXT(2)PARAMETRIC_REPRESENTATION_CONTEXT()REPRESENTATION_CONTEXT('2D SPACE',''));
#4509 = ORIENTED_EDGE('',*,*,#4269,.T.);
#4510 = ORIENTED_EDGE('',*,*,#4511,.T.);
#4511 = EDGE_CURVE('',#4272,#4392,#4512,.T.);
#4512 = SURFACE_CURVE('',#4513,(#4517,#4524),.PCURVE_S1.);
#4513 = LINE('',#4514,#4515);
#4514 = CARTESIAN_POINT('',(316.66666666666,1.609768167564E+03,2.059437910287E+03));
#4515 = VECTOR('',#4516,1.);
#4516 = DIRECTION('',(1.,0.,0.));
#4517 = PCURVE('',#4292,#4518);
#4518 = DEFINITIONAL_REPRESENTATION('',(#4519),#4523);
#4519 = LINE('',#4520,#4521);
#4520 = CARTESIAN_POINT('',(2.44E+03,0.));
#4521 = VECTOR('',#4522,1.);
#4522 = DIRECTION('',(0.,1.));
#4523 =(GEOMETRIC_REPRESENTATION_CONTEXT(2)PARAMETRIC_REPRESENTATION_CONTEXT()REPRESENTATION_CONTEXT('2D SPACE',''));
#4524 = PCURVE('',#4374,#4525);
#4525 = DEFINITIONAL_REPRESENTATION('',(#4526),#4530);
#4526 = LINE('',#4527,#4528);
#4527 = CARTESIAN_POINT('',(0.,0.));
#4528 = VECTOR('',#4529,1.);
#4529 = DIRECTION('',(1.,0.));
#4530 =(GEOMETRIC_REPRESENTATION_CONTEXT(2)PARAMETRIC_REPRESENTATION_CONTEXT()REPRESENTATION_CONTEXT('2D SPACE',''));
#4531 = ORIENTED_EDGE('',*,*,#4389,.F.);
#4532 = ADVANCED_FACE('',(#4533),#4348,.T.);
#4533 = FACE_BOUND('',#4534,.T.);
#4534 = EDGE_LOOP('',(#4535,#4556,#4557,#4578));
#4535 = ORIENTED_EDGE('',*,*,#4536,.F.);
#4536 = EDGE_CURVE('',#4305,#4420,#4537,.T.);
#4537 = SURFACE_CURVE('',#4538,(#4542,#4549),.PCURVE_S1.);
#4538 = LINE('',#4539,#4540);
#4539 = CARTESIAN_POINT('',(316.66666666666,68.943999880708,167.14911512821));
#4540 = VECTOR('',#4541,1.);
#4541 = DIRECTION('',(1.,0.,0.));
#4542 = PCURVE('',#4348,#4543);
#4543 = DEFINITIONAL_REPRESENTATION('',(#4544),#4548);
#4544 = LINE('',#4545,#4546);
#4545 = CARTESIAN_POINT('',(0.,0.));
#4546 = VECTOR('',#4547,1.);
#4547 = DIRECTION('',(0.,1.));
#4548 =(GEOMETRIC_REPRESENTATION_CONTEXT(2)PARAMETRIC_REPRESENTATION_CONTEXT()REPRESENTATION_CONTEXT('2D SPACE',''));
#4549 = PCURVE('',#4320,#4550);
#4550 = DEFINITIONAL_REPRESENTATION('',(#4551),#4555);
#4551 = LINE('',#4552,#4553);
#4552 = CARTESIAN_POINT('',(0.,36.));
#4553 = VECTOR('',#4554,1.);
#4554 = DIRECTION('',(1.,0.));
#4555 =(GEOMETRIC_REPRESENTATION_CONTEXT(2)PARAMETRIC_REPRESENTATION_CONTEXT()REPRESENTATION_CONTEXT('2D SPACE',''));
#4556 = ORIENTED_EDGE('',*,*,#4332,.T.);
#4557 = ORIENTED_EDGE('',*,*,#4558,.T.);
#4558 = EDGE_CURVE('',#4333,#4443,#4559,.T.);
#4559 = SURFACE_CURVE('',#4560,(#4564,#4571),.PCURVE_S1.);
#4560 = LINE('',#4561,#4562);
#4561 = CARTESIAN_POINT('',(316.66666666666,1.637345767516E+03,2.036297556339E+03));
#4562 = VECTOR('',#4563,1.);
#4563 = DIRECTION('',(1.,0.,0.));
#4564 = PCURVE('',#4348,#4565);
#4565 = DEFINITIONAL_REPRESENTATION('',(#4566),#4570);
#4566 = LINE('',#4567,#4568);
#4567 = CARTESIAN_POINT('',(2.44E+03,0.));
#4568 = VECTOR('',#4569,1.);
#4569 = DIRECTION('',(0.,1.));
#4570 =(GEOMETRIC_REPRESENTATION_CONTEXT(2)PARAMETRIC_REPRESENTATION_CONTEXT()REPRESENTATION_CONTEXT('2D SPACE',''));
#4571 = PCURVE('',#4374,#4572);
#4572 = DEFINITIONAL_REPRESENTATION('',(#4573),#4577);
#4573 = LINE('',#4574,#4575);
#4574 = CARTESIAN_POINT('',(0.,36.));
#4575 = VECTOR('',#4576,1.);
#4576 = DIRECTION('',(1.,0.));
#4577 =(GEOMETRIC_REPRESENTATION_CONTEXT(2)PARAMETRIC_REPRESENTATION_CONTEXT()REPRESENTATION_CONTEXT('2D SPACE',''));
#4578 = ORIENTED_EDGE('',*,*,#4442,.F.);
#4579 = ADVANCED_FACE('',(#4580),#4320,.F.);
#4580 = FACE_BOUND('',#4581,.F.);
#4581 = EDGE_LOOP('',(#4582,#4583,#4584,#4585));
#4582 = ORIENTED_EDGE('',*,*,#4304,.F.);
#4583 = ORIENTED_EDGE('',*,*,#4489,.T.);
#4584 = ORIENTED_EDGE('',*,*,#4419,.T.);
#4585 = ORIENTED_EDGE('',*,*,#4536,.F.);
#4586 = ADVANCED_FACE('',(#4587),#4374,.T.);
#4587 = FACE_BOUND('',#4588,.T.);
#4588 = EDGE_LOOP('',(#4589,#4590,#4591,#4592));
#4589 = ORIENTED_EDGE('',*,*,#4360,.F.);
#4590 = ORIENTED_EDGE('',*,*,#4511,.T.);
#4591 = ORIENTED_EDGE('',*,*,#4465,.T.);
#4592 = ORIENTED_EDGE('',*,*,#4558,.F.);
#4593 =(GEOMETRIC_REPRESENTATION_CONTEXT(3)GLOBAL_UNCERTAINTY_ASSIGNED_CONTEXT((#4597))GLOBAL_UNIT_ASSIGNED_CONTEXT((#4594,#4595,#4596))REPRESENTATION_CONTEXT('Context #1','3D Context with UNIT and UNCERTAINTY'));
#4594 =(LENGTH_UNIT()NAMED_UNIT(*)SI_UNIT(.MILLI.,.METRE.));
#4595 =(NAMED_UNIT(*)PLANE_ANGLE_UNIT()SI_UNIT($,.RADIAN.));
#4596 =(NAMED_UNIT(*)SI_UNIT($,.STERADIAN.)SOLID_ANGLE_UNIT());
#4597 = UNCERTAINTY_MEASURE_WITH_UNIT(LENGTH_MEASURE(1.E-07),#4594,'distance_accuracy_value','confusion accuracy');
#4598 = CONTEXT_DEPENDENT_SHAPE_REPRESENTATION(#4599,#4601);
#4599 =(REPRESENTATION_RELATIONSHIP('','',#4262,#10)REPRESENTATION_RELATIONSHIP_WITH_TRANSFORMATION(#4600)SHAPE_REPRESENTATION_RELATIONSHIP());
#4600 = ITEM_DEFINED_TRANSFORMATION('','',#11,#55);
#4601 = PRODUCT_DEFINITION_SHAPE('Placement','Placement of an item',#4602);
#4602 = NEXT_ASSEMBLY_USAGE_OCCURRENCE('11','face_rail_3','',#5,#4257,$);
#4603 = PRODUCT_RELATED_PRODUCT_CATEGORY('part',$,(#4259));
#4604 = SHAPE_DEFINITION_REPRESENTATION(#4605,#4611);
#4605 = PRODUCT_DEFINITION_SHAPE('','',#4606);
#4606 = PRODUCT_DEFINITION('design','',#4607,#4610);
#4607 = PRODUCT_DEFINITION_FORMATION('','',#4608);
#4608 = PRODUCT('face_rail_4','face_rail_4','',(#4609));
#4609 = PRODUCT_CONTEXT('',#2,'mechanical');
#4610 = PRODUCT_DEFINITION_CONTEXT('part definition',#2,'design');
#4611 = ADVANCED_BREP_SHAPE_REPRESENTATION('',(#11,#4612),#4942);
#4612 = MANIFOLD_SOLID_BREP('',#4613);
#4613 = CLOSED_SHELL('',(#4614,#4734,#4834,#4881,#4928,#4935));
#4614 = ADVANCED_FACE('',(#4615),#4629,.F.);
#4615 = FACE_BOUND('',#4616,.F.);
#4616 = EDGE_LOOP('',(#4617,#4652,#4680,#4708));
#4617 = ORIENTED_EDGE('',*,*,#4618,.F.);
#4618 = EDGE_CURVE('',#4619,#4621,#4623,.T.);
#4619 = VERTEX_POINT('',#4620);
#4620 = CARTESIAN_POINT('',(1.13E+03,41.366399928425,190.28946907692));
#4621 = VERTEX_POINT('',#4622);
#4622 = CARTESIAN_POINT('',(1.13E+03,1.609768167564E+03,2.059437910287E+03));
#4623 = SURFACE_CURVE('',#4624,(#4628,#4640),.PCURVE_S1.);
#4624 = LINE('',#4625,#4626);
#4625 = CARTESIAN_POINT('',(1.13E+03,41.366399928425,190.28946907692));
#4626 = VECTOR('',#4627,1.);
#4627 = DIRECTION('',(0.,0.642787609687,0.766044443119));
#4628 = PCURVE('',#4629,#4634);
#4629 = PLANE('',#4630);
#4630 = AXIS2_PLACEMENT_3D('',#4631,#4632,#4633);
#4631 = CARTESIAN_POINT('',(1.13E+03,41.366399928425,190.28946907692));
#4632 = DIRECTION('',(1.,0.,0.));
#4633 = DIRECTION('',(0.,0.642787609687,0.766044443119));
#4634 = DEFINITIONAL_REPRESENTATION('',(#4635),#4639);
#4635 = LINE('',#4636,#4637);
#4636 = CARTESIAN_POINT('',(0.,0.));
#4637 = VECTOR('',#4638,1.);
#4638 = DIRECTION('',(1.,0.));
#4639 =(GEOMETRIC_REPRESENTATION_CONTEXT(2)PARAMETRIC_REPRESENTATION_CONTEXT()REPRESENTATION_CONTEXT('2D SPACE',''));
#4640 = PCURVE('',#4641,#4646);
#4641 = PLANE('',#4642);
#4642 = AXIS2_PLACEMENT_3D('',#4643,#4644,#4645);
#4643 = CARTESIAN_POINT('',(1.13E+03,41.366399928425,190.28946907692));
#4644 = DIRECTION('',(0.,0.766044443119,-0.642787609687));
#4645 = DIRECTION('',(0.,0.642787609687,0.766044443119));
#4646 = DEFINITIONAL_REPRESENTATION('',(#4647),#4651);
#4647 = LINE('',#4648,#4649);
#4648 = CARTESIAN_POINT('',(0.,0.));
#4649 = VECTOR('',#4650,1.);
#4650 = DIRECTION('',(1.,0.));
#4651 =(GEOMETRIC_REPRESENTATION_CONTEXT(2)PARAMETRIC_REPRESENTATION_CONTEXT()REPRESENTATION_CONTEXT('2D SPACE',''));
#4652 = ORIENTED_EDGE('',*,*,#4653,.T.);
#4653 = EDGE_CURVE('',#4619,#4654,#4656,.T.);
#4654 = VERTEX_POINT('',#4655);
#4655 = CARTESIAN_POINT('',(1.13E+03,68.943999880708,167.14911512821));
#4656 = SURFACE_CURVE('',#4657,(#4661,#4668),.PCURVE_S1.);
#4657 = LINE('',#4658,#4659);
#4658 = CARTESIAN_POINT('',(1.13E+03,41.366399928425,190.28946907692));
#4659 = VECTOR('',#4660,1.);
#4660 = DIRECTION('',(0.,0.766044443119,-0.642787609687));
#4661 = PCURVE('',#4629,#4662);
#4662 = DEFINITIONAL_REPRESENTATION('',(#4663),#4667);
#4663 = LINE('',#4664,#4665);
#4664 = CARTESIAN_POINT('',(0.,0.));
#4665 = VECTOR('',#4666,1.);
#4666 = DIRECTION('',(0.,-1.));
#4667 =(GEOMETRIC_REPRESENTATION_CONTEXT(2)PARAMETRIC_REPRESENTATION_CONTEXT()REPRESENTATION_CONTEXT('2D SPACE',''));
#4668 = PCURVE('',#4669,#4674);
#4669 = PLANE('',#4670);
#4670 = AXIS2_PLACEMENT_3D('',#4671,#4672,#4673);
#4671 = CARTESIAN_POINT('',(1.13E+03,41.366399928425,190.28946907692));
#4672 = DIRECTION('',(0.,0.642787609687,0.766044443119));
#4673 = DIRECTION('',(1.,0.,0.));
#4674 = DEFINITIONAL_REPRESENTATION('',(#4675),#4679);
#4675 = LINE('',#4676,#4677);
#4676 = CARTESIAN_POINT('',(0.,0.));
#4677 = VECTOR('',#4678,1.);
#4678 = DIRECTION('',(0.,1.));
#4679 =(GEOMETRIC_REPRESENTATION_CONTEXT(2)PARAMETRIC_REPRESENTATION_CONTEXT()REPRESENTATION_CONTEXT('2D SPACE',''));
#4680 = ORIENTED_EDGE('',*,*,#4681,.T.);
#4681 = EDGE_CURVE('',#4654,#4682,#4684,.T.);
#4682 = VERTEX_POINT('',#4683);
#4683 = CARTESIAN_POINT('',(1.13E+03,1.637345767516E+03,2.036297556339E+03));
#4684 = SURFACE_CURVE('',#4685,(#4689,#4696),.PCURVE_S1.);
#4685 = LINE('',#4686,#4687);
#4686 = CARTESIAN_POINT('',(1.13E+03,68.943999880708,167.14911512821));
#4687 = VECTOR('',#4688,1.);
#4688 = DIRECTION('',(0.,0.642787609687,0.766044443119));
#4689 = PCURVE('',#4629,#4690);
#4690 = DEFINITIONAL_REPRESENTATION('',(#4691),#4695);
#4691 = LINE('',#4692,#4693);
#4692 = CARTESIAN_POINT('',(-3.552713678801E-15,-36.));
#4693 = VECTOR('',#4694,1.);
#4694 = DIRECTION('',(1.,0.));
#4695 =(GEOMETRIC_REPRESENTATION_CONTEXT(2)PARAMETRIC_REPRESENTATION_CONTEXT()REPRESENTATION_CONTEXT('2D SPACE',''));
#4696 = PCURVE('',#4697,#4702);
#4697 = PLANE('',#4698);
#4698 = AXIS2_PLACEMENT_3D('',#4699,#4700,#4701);
#4699 = CARTESIAN_POINT('',(1.13E+03,68.943999880708,167.14911512821));
#4700 = DIRECTION('',(0.,0.766044443119,-0.642787609687));
#4701 = DIRECTION('',(0.,0.642787609687,0.766044443119));
#4702 = DEFINITIONAL_REPRESENTATION('',(#4703),#4707);
#4703 = LINE('',#4704,#4705);
#4704 = CARTESIAN_POINT('',(0.,0.));
#4705 = VECTOR('',#4706,1.);
#4706 = DIRECTION('',(1.,0.));
#4707 =(GEOMETRIC_REPRESENTATION_CONTEXT(2)PARAMETRIC_REPRESENTATION_CONTEXT()REPRESENTATION_CONTEXT('2D SPACE',''));
#4708 = ORIENTED_EDGE('',*,*,#4709,.F.);
#4709 = EDGE_CURVE('',#4621,#4682,#4710,.T.);
#4710 = SURFACE_CURVE('',#4711,(#4715,#4722),.PCURVE_S1.);
#4711 = LINE('',#4712,#4713);
#4712 = CARTESIAN_POINT('',(1.13E+03,1.609768167564E+03,2.059437910287E+03));
#4713 = VECTOR('',#4714,1.);
#4714 = DIRECTION('',(0.,0.766044443119,-0.642787609687));
#4715 = PCURVE('',#4629,#4716);
#4716 = DEFINITIONAL_REPRESENTATION('',(#4717),#4721);
#4717 = LINE('',#4718,#4719);
#4718 = CARTESIAN_POINT('',(2.44E+03,4.547473508865E-13));
#4719 = VECTOR('',#4720,1.);
#4720 = DIRECTION('',(0.,-1.));
#4721 =(GEOMETRIC_REPRESENTATION_CONTEXT(2)PARAMETRIC_REPRESENTATION_CONTEXT()REPRESENTATION_CONTEXT('2D SPACE',''));
#4722 = PCURVE('',#4723,#4728);
#4723 = PLANE('',#4724);
#4724 = AXIS2_PLACEMENT_3D('',#4725,#4726,#4727);
#4725 = CARTESIAN_POINT('',(1.13E+03,1.609768167564E+03,2.059437910287E+03));
#4726 = DIRECTION('',(0.,0.642787609687,0.766044443119));
#4727 = DIRECTION('',(1.,0.,0.));
#4728 = DEFINITIONAL_REPRESENTATION('',(#4729),#4733);
#4729 = LINE('',#4730,#4731);
#4730 = CARTESIAN_POINT('',(0.,0.));
#4731 = VECTOR('',#4732,1.);
#4732 = DIRECTION('',(0.,1.));
#4733 =(GEOMETRIC_REPRESENTATION_CONTEXT(2)PARAMETRIC_REPRESENTATION_CONTEXT()REPRESENTATION_CONTEXT('2D SPACE',''));
#4734 = ADVANCED_FACE('',(#4735),#4749,.T.);
#4735 = FACE_BOUND('',#4736,.T.);
#4736 = EDGE_LOOP('',(#4737,#4767,#4790,#4813));
#4737 = ORIENTED_EDGE('',*,*,#4738,.F.);
#4738 = EDGE_CURVE('',#4739,#4741,#4743,.T.);
#4739 = VERTEX_POINT('',#4740);
#4740 = CARTESIAN_POINT('',(1.31E+03,41.366399928425,190.28946907692));
#4741 = VERTEX_POINT('',#4742);
#4742 = CARTESIAN_POINT('',(1.31E+03,1.609768167564E+03,2.059437910287E+03));
#4743 = SURFACE_CURVE('',#4744,(#4748,#4760),.PCURVE_S1.);
#4744 = LINE('',#4745,#4746);
#4745 = CARTESIAN_POINT('',(1.31E+03,41.366399928425,190.28946907692));
#4746 = VECTOR('',#4747,1.);
#4747 = DIRECTION('',(0.,0.642787609687,0.766044443119));
#4748 = PCURVE('',#4749,#4754);
#4749 = PLANE('',#4750);
#4750 = AXIS2_PLACEMENT_3D('',#4751,#4752,#4753);
#4751 = CARTESIAN_POINT('',(1.31E+03,41.366399928425,190.28946907692));
#4752 = DIRECTION('',(1.,0.,0.));
#4753 = DIRECTION('',(0.,0.642787609687,0.766044443119));
#4754 = DEFINITIONAL_REPRESENTATION('',(#4755),#4759);
#4755 = LINE('',#4756,#4757);
#4756 = CARTESIAN_POINT('',(0.,0.));
#4757 = VECTOR('',#4758,1.);
#4758 = DIRECTION('',(1.,0.));
#4759 =(GEOMETRIC_REPRESENTATION_CONTEXT(2)PARAMETRIC_REPRESENTATION_CONTEXT()REPRESENTATION_CONTEXT('2D SPACE',''));
#4760 = PCURVE('',#4641,#4761);
#4761 = DEFINITIONAL_REPRESENTATION('',(#4762),#4766);
#4762 = LINE('',#4763,#4764);
#4763 = CARTESIAN_POINT('',(0.,180.));
#4764 = VECTOR('',#4765,1.);
#4765 = DIRECTION('',(1.,0.));
#4766 =(GEOMETRIC_REPRESENTATION_CONTEXT(2)PARAMETRIC_REPRESENTATION_CONTEXT()REPRESENTATION_CONTEXT('2D SPACE',''));
#4767 = ORIENTED_EDGE('',*,*,#4768,.T.);
#4768 = EDGE_CURVE('',#4739,#4769,#4771,.T.);
#4769 = VERTEX_POINT('',#4770);
#4770 = CARTESIAN_POINT('',(1.31E+03,68.943999880708,167.14911512821));
#4771 = SURFACE_CURVE('',#4772,(#4776,#4783),.PCURVE_S1.);
#4772 = LINE('',#4773,#4774);
#4773 = CARTESIAN_POINT('',(1.31E+03,41.366399928425,190.28946907692));
#4774 = VECTOR('',#4775,1.);
#4775 = DIRECTION('',(0.,0.766044443119,-0.642787609687));
#4776 = PCURVE('',#4749,#4777);
#4777 = DEFINITIONAL_REPRESENTATION('',(#4778),#4782);
#4778 = LINE('',#4779,#4780);
#4779 = CARTESIAN_POINT('',(0.,0.));
#4780 = VECTOR('',#4781,1.);
#4781 = DIRECTION('',(0.,-1.));
#4782 =(GEOMETRIC_REPRESENTATION_CONTEXT(2)PARAMETRIC_REPRESENTATION_CONTEXT()REPRESENTATION_CONTEXT('2D SPACE',''));
#4783 = PCURVE('',#4669,#4784);
#4784 = DEFINITIONAL_REPRESENTATION('',(#4785),#4789);
#4785 = LINE('',#4786,#4787);
#4786 = CARTESIAN_POINT('',(180.,0.));
#4787 = VECTOR('',#4788,1.);
#4788 = DIRECTION('',(0.,1.));
#4789 =(GEOMETRIC_REPRESENTATION_CONTEXT(2)PARAMETRIC_REPRESENTATION_CONTEXT()REPRESENTATION_CONTEXT('2D SPACE',''));
#4790 = ORIENTED_EDGE('',*,*,#4791,.T.);
#4791 = EDGE_CURVE('',#4769,#4792,#4794,.T.);
#4792 = VERTEX_POINT('',#4793);
#4793 = CARTESIAN_POINT('',(1.31E+03,1.637345767516E+03,2.036297556339E+03));
#4794 = SURFACE_CURVE('',#4795,(#4799,#4806),.PCURVE_S1.);
#4795 = LINE('',#4796,#4797);
#4796 = CARTESIAN_POINT('',(1.31E+03,68.943999880708,167.14911512821));
#4797 = VECTOR('',#4798,1.);
#4798 = DIRECTION('',(0.,0.642787609687,0.766044443119));
#4799 = PCURVE('',#4749,#4800);
#4800 = DEFINITIONAL_REPRESENTATION('',(#4801),#4805);
#4801 = LINE('',#4802,#4803);
#4802 = CARTESIAN_POINT('',(-3.552713678801E-15,-36.));
#4803 = VECTOR('',#4804,1.);
#4804 = DIRECTION('',(1.,0.));
#4805 =(GEOMETRIC_REPRESENTATION_CONTEXT(2)PARAMETRIC_REPRESENTATION_CONTEXT()REPRESENTATION_CONTEXT('2D SPACE',''));
#4806 = PCURVE('',#4697,#4807);
#4807 = DEFINITIONAL_REPRESENTATION('',(#4808),#4812);
#4808 = LINE('',#4809,#4810);
#4809 = CARTESIAN_POINT('',(0.,180.));
#4810 = VECTOR('',#4811,1.);
#4811 = DIRECTION('',(1.,0.));
#4812 =(GEOMETRIC_REPRESENTATION_CONTEXT(2)PARAMETRIC_REPRESENTATION_CONTEXT()REPRESENTATION_CONTEXT('2D SPACE',''));
#4813 = ORIENTED_EDGE('',*,*,#4814,.F.);
#4814 = EDGE_CURVE('',#4741,#4792,#4815,.T.);
#4815 = SURFACE_CURVE('',#4816,(#4820,#4827),.PCURVE_S1.);
#4816 = LINE('',#4817,#4818);
#4817 = CARTESIAN_POINT('',(1.31E+03,1.609768167564E+03,2.059437910287E+03));
#4818 = VECTOR('',#4819,1.);
#4819 = DIRECTION('',(0.,0.766044443119,-0.642787609687));
#4820 = PCURVE('',#4749,#4821);
#4821 = DEFINITIONAL_REPRESENTATION('',(#4822),#4826);
#4822 = LINE('',#4823,#4824);
#4823 = CARTESIAN_POINT('',(2.44E+03,4.547473508865E-13));
#4824 = VECTOR('',#4825,1.);
#4825 = DIRECTION('',(0.,-1.));
#4826 =(GEOMETRIC_REPRESENTATION_CONTEXT(2)PARAMETRIC_REPRESENTATION_CONTEXT()REPRESENTATION_CONTEXT('2D SPACE',''));
#4827 = PCURVE('',#4723,#4828);
#4828 = DEFINITIONAL_REPRESENTATION('',(#4829),#4833);
#4829 = LINE('',#4830,#4831);
#4830 = CARTESIAN_POINT('',(180.,0.));
#4831 = VECTOR('',#4832,1.);
#4832 = DIRECTION('',(0.,1.));
#4833 =(GEOMETRIC_REPRESENTATION_CONTEXT(2)PARAMETRIC_REPRESENTATION_CONTEXT()REPRESENTATION_CONTEXT('2D SPACE',''));
#4834 = ADVANCED_FACE('',(#4835),#4641,.F.);
#4835 = FACE_BOUND('',#4836,.F.);
#4836 = EDGE_LOOP('',(#4837,#4858,#4859,#4880));
#4837 = ORIENTED_EDGE('',*,*,#4838,.F.);
#4838 = EDGE_CURVE('',#4619,#4739,#4839,.T.);
#4839 = SURFACE_CURVE('',#4840,(#4844,#4851),.PCURVE_S1.);
#4840 = LINE('',#4841,#4842);
#4841 = CARTESIAN_POINT('',(1.13E+03,41.366399928425,190.28946907692));
#4842 = VECTOR('',#4843,1.);
#4843 = DIRECTION('',(1.,0.,0.));
#4844 = PCURVE('',#4641,#4845);
#4845 = DEFINITIONAL_REPRESENTATION('',(#4846),#4850);
#4846 = LINE('',#4847,#4848);
#4847 = CARTESIAN_POINT('',(0.,0.));
#4848 = VECTOR('',#4849,1.);
#4849 = DIRECTION('',(0.,1.));
#4850 =(GEOMETRIC_REPRESENTATION_CONTEXT(2)PARAMETRIC_REPRESENTATION_CONTEXT()REPRESENTATION_CONTEXT('2D SPACE',''));
#4851 = PCURVE('',#4669,#4852);
#4852 = DEFINITIONAL_REPRESENTATION('',(#4853),#4857);
#4853 = LINE('',#4854,#4855);
#4854 = CARTESIAN_POINT('',(0.,0.));
#4855 = VECTOR('',#4856,1.);
#4856 = DIRECTION('',(1.,0.));
#4857 =(GEOMETRIC_REPRESENTATION_CONTEXT(2)PARAMETRIC_REPRESENTATION_CONTEXT()REPRESENTATION_CONTEXT('2D SPACE',''));
#4858 = ORIENTED_EDGE('',*,*,#4618,.T.);
#4859 = ORIENTED_EDGE('',*,*,#4860,.T.);
#4860 = EDGE_CURVE('',#4621,#4741,#4861,.T.);
#4861 = SURFACE_CURVE('',#4862,(#4866,#4873),.PCURVE_S1.);
#4862 = LINE('',#4863,#4864);
#4863 = CARTESIAN_POINT('',(1.13E+03,1.609768167564E+03,2.059437910287E+03));
#4864 = VECTOR('',#4865,1.);
#4865 = DIRECTION('',(1.,0.,0.));
#4866 = PCURVE('',#4641,#4867);
#4867 = DEFINITIONAL_REPRESENTATION('',(#4868),#4872);
#4868 = LINE('',#4869,#4870);
#4869 = CARTESIAN_POINT('',(2.44E+03,0.));
#4870 = VECTOR('',#4871,1.);
#4871 = DIRECTION('',(0.,1.));
#4872 =(GEOMETRIC_REPRESENTATION_CONTEXT(2)PARAMETRIC_REPRESENTATION_CONTEXT()REPRESENTATION_CONTEXT('2D SPACE',''));
#4873 = PCURVE('',#4723,#4874);
#4874 = DEFINITIONAL_REPRESENTATION('',(#4875),#4879);
#4875 = LINE('',#4876,#4877);
#4876 = CARTESIAN_POINT('',(0.,0.));
#4877 = VECTOR('',#4878,1.);
#4878 = DIRECTION('',(1.,0.));
#4879 =(GEOMETRIC_REPRESENTATION_CONTEXT(2)PARAMETRIC_REPRESENTATION_CONTEXT()REPRESENTATION_CONTEXT('2D SPACE',''));
#4880 = ORIENTED_EDGE('',*,*,#4738,.F.);
#4881 = ADVANCED_FACE('',(#4882),#4697,.T.);
#4882 = FACE_BOUND('',#4883,.T.);
#4883 = EDGE_LOOP('',(#4884,#4905,#4906,#4927));
#4884 = ORIENTED_EDGE('',*,*,#4885,.F.);
#4885 = EDGE_CURVE('',#4654,#4769,#4886,.T.);
#4886 = SURFACE_CURVE('',#4887,(#4891,#4898),.PCURVE_S1.);
#4887 = LINE('',#4888,#4889);
#4888 = CARTESIAN_POINT('',(1.13E+03,68.943999880708,167.14911512821));
#4889 = VECTOR('',#4890,1.);
#4890 = DIRECTION('',(1.,0.,0.));
#4891 = PCURVE('',#4697,#4892);
#4892 = DEFINITIONAL_REPRESENTATION('',(#4893),#4897);
#4893 = LINE('',#4894,#4895);
#4894 = CARTESIAN_POINT('',(0.,0.));
#4895 = VECTOR('',#4896,1.);
#4896 = DIRECTION('',(0.,1.));
#4897 =(GEOMETRIC_REPRESENTATION_CONTEXT(2)PARAMETRIC_REPRESENTATION_CONTEXT()REPRESENTATION_CONTEXT('2D SPACE',''));
#4898 = PCURVE('',#4669,#4899);
#4899 = DEFINITIONAL_REPRESENTATION('',(#4900),#4904);
#4900 = LINE('',#4901,#4902);
#4901 = CARTESIAN_POINT('',(0.,36.));
#4902 = VECTOR('',#4903,1.);
#4903 = DIRECTION('',(1.,0.));
#4904 =(GEOMETRIC_REPRESENTATION_CONTEXT(2)PARAMETRIC_REPRESENTATION_CONTEXT()REPRESENTATION_CONTEXT('2D SPACE',''));
#4905 = ORIENTED_EDGE('',*,*,#4681,.T.);
#4906 = ORIENTED_EDGE('',*,*,#4907,.T.);
#4907 = EDGE_CURVE('',#4682,#4792,#4908,.T.);
#4908 = SURFACE_CURVE('',#4909,(#4913,#4920),.PCURVE_S1.);
#4909 = LINE('',#4910,#4911);
#4910 = CARTESIAN_POINT('',(1.13E+03,1.637345767516E+03,2.036297556339E+03));
#4911 = VECTOR('',#4912,1.);
#4912 = DIRECTION('',(1.,0.,0.));
#4913 = PCURVE('',#4697,#4914);
#4914 = DEFINITIONAL_REPRESENTATION('',(#4915),#4919);
#4915 = LINE('',#4916,#4917);
#4916 = CARTESIAN_POINT('',(2.44E+03,0.));
#4917 = VECTOR('',#4918,1.);
#4918 = DIRECTION('',(0.,1.));
#4919 =(GEOMETRIC_REPRESENTATION_CONTEXT(2)PARAMETRIC_REPRESENTATION_CONTEXT()REPRESENTATION_CONTEXT('2D SPACE',''));
#4920 = PCURVE('',#4723,#4921);
#4921 = DEFINITIONAL_REPRESENTATION('',(#4922),#4926);
#4922 = LINE('',#4923,#4924);
#4923 = CARTESIAN_POINT('',(0.,36.));
#4924 = VECTOR('',#4925,1.);
#4925 = DIRECTION('',(1.,0.));
#4926 =(GEOMETRIC_REPRESENTATION_CONTEXT(2)PARAMETRIC_REPRESENTATION_CONTEXT()REPRESENTATION_CONTEXT('2D SPACE',''));
#4927 = ORIENTED_EDGE('',*,*,#4791,.F.);
#4928 = ADVANCED_FACE('',(#4929),#4669,.F.);
#4929 = FACE_BOUND('',#4930,.F.);
#4930 = EDGE_LOOP('',(#4931,#4932,#4933,#4934));
#4931 = ORIENTED_EDGE('',*,*,#4653,.F.);
#4932 = ORIENTED_EDGE('',*,*,#4838,.T.);
#4933 = ORIENTED_EDGE('',*,*,#4768,.T.);
#4934 = ORIENTED_EDGE('',*,*,#4885,.F.);
#4935 = ADVANCED_FACE('',(#4936),#4723,.T.);
#4936 = FACE_BOUND('',#4937,.T.);
#4937 = EDGE_LOOP('',(#4938,#4939,#4940,#4941));
#4938 = ORIENTED_EDGE('',*,*,#4709,.F.);
#4939 = ORIENTED_EDGE('',*,*,#4860,.T.);
#4940 = ORIENTED_EDGE('',*,*,#4814,.T.);
#4941 = ORIENTED_EDGE('',*,*,#4907,.F.);
#4942 =(GEOMETRIC_REPRESENTATION_CONTEXT(3)GLOBAL_UNCERTAINTY_ASSIGNED_CONTEXT((#4946))GLOBAL_UNIT_ASSIGNED_CONTEXT((#4943,#4944,#4945))REPRESENTATION_CONTEXT('Context #1','3D Context with UNIT and UNCERTAINTY'));
#4943 =(LENGTH_UNIT()NAMED_UNIT(*)SI_UNIT(.MILLI.,.METRE.));
#4944 =(NAMED_UNIT(*)PLANE_ANGLE_UNIT()SI_UNIT($,.RADIAN.));
#4945 =(NAMED_UNIT(*)SI_UNIT($,.STERADIAN.)SOLID_ANGLE_UNIT());
#4946 = UNCERTAINTY_MEASURE_WITH_UNIT(LENGTH_MEASURE(1.E-07),#4943,'distance_accuracy_value','confusion accuracy');
#4947 = CONTEXT_DEPENDENT_SHAPE_REPRESENTATION(#4948,#4950);
#4948 =(REPRESENTATION_RELATIONSHIP('','',#4611,#10)REPRESENTATION_RELATIONSHIP_WITH_TRANSFORMATION(#4949)SHAPE_REPRESENTATION_RELATIONSHIP());
#4949 = ITEM_DEFINED_TRANSFORMATION('','',#11,#59);
#4950 = PRODUCT_DEFINITION_SHAPE('Placement','Placement of an item',#4951);
#4951 = NEXT_ASSEMBLY_USAGE_OCCURRENCE('12','face_rail_4','',#5,#4606,$);
#4952 = PRODUCT_RELATED_PRODUCT_CATEGORY('part',$,(#4608));
#4953 = SHAPE_DEFINITION_REPRESENTATION(#4954,#4960);
#4954 = PRODUCT_DEFINITION_SHAPE('','',#4955);
#4955 = PRODUCT_DEFINITION('design','',#4956,#4959);
#4956 = PRODUCT_DEFINITION_FORMATION('','',#4957);
#4957 = PRODUCT('panel_joint_brace_kicker','panel_joint_brace_kicker','',(#4958));
#4958 = PRODUCT_CONTEXT('',#2,'mechanical');
#4959 = PRODUCT_DEFINITION_CONTEXT('part definition',#2,'design');
#4960 = ADVANCED_BREP_SHAPE_REPRESENTATION('',(#11,#4961),#5291);
#4961 = MANIFOLD_SOLID_BREP('',#4962);
#4962 = CLOSED_SHELL('',(#4963,#5083,#5183,#5230,#5277,#5284));
#4963 = ADVANCED_FACE('',(#4964),#4978,.F.);
#4964 = FACE_BOUND('',#4965,.F.);
#4965 = EDGE_LOOP('',(#4966,#5001,#5029,#5057));
#4966 = ORIENTED_EDGE('',*,*,#4967,.F.);
#4967 = EDGE_CURVE('',#4968,#4970,#4972,.T.);
#4968 = VERTEX_POINT('',#4969);
#4969 = CARTESIAN_POINT('',(-1.22E+03,-16.48448494336,121.34546919621));
#4970 = VERTEX_POINT('',#4971);
#4971 = CARTESIAN_POINT('',(-1.22E+03,99.217284800213,259.23346895763));
#4972 = SURFACE_CURVE('',#4973,(#4977,#4989),.PCURVE_S1.);
#4973 = LINE('',#4974,#4975);
#4974 = CARTESIAN_POINT('',(-1.22E+03,-16.48448494336,121.34546919621));
#4975 = VECTOR('',#4976,1.);
#4976 = DIRECTION('',(0.,0.642787609687,0.766044443119));
#4977 = PCURVE('',#4978,#4983);
#4978 = PLANE('',#4979);
#4979 = AXIS2_PLACEMENT_3D('',#4980,#4981,#4982);
#4980 = CARTESIAN_POINT('',(-1.22E+03,-16.48448494336,121.34546919621));
#4981 = DIRECTION('',(1.,0.,0.));
#4982 = DIRECTION('',(0.,0.642787609687,0.766044443119));
#4983 = DEFINITIONAL_REPRESENTATION('',(#4984),#4988);
#4984 = LINE('',#4985,#4986);
#4985 = CARTESIAN_POINT('',(0.,0.));
#4986 = VECTOR('',#4987,1.);
#4987 = DIRECTION('',(1.,0.));
#4988 =(GEOMETRIC_REPRESENTATION_CONTEXT(2)PARAMETRIC_REPRESENTATION_CONTEXT()REPRESENTATION_CONTEXT('2D SPACE',''));
#4989 = PCURVE('',#4990,#4995);
#4990 = PLANE('',#4991);
#4991 = AXIS2_PLACEMENT_3D('',#4992,#4993,#4994);
#4992 = CARTESIAN_POINT('',(-1.22E+03,-16.48448494336,121.34546919621));
#4993 = DIRECTION('',(0.,0.766044443119,-0.642787609687));
#4994 = DIRECTION('',(0.,0.642787609687,0.766044443119));
#4995 = DEFINITIONAL_REPRESENTATION('',(#4996),#5000);
#4996 = LINE('',#4997,#4998);
#4997 = CARTESIAN_POINT('',(0.,0.));
#4998 = VECTOR('',#4999,1.);
#4999 = DIRECTION('',(1.,0.));
#5000 =(GEOMETRIC_REPRESENTATION_CONTEXT(2)PARAMETRIC_REPRESENTATION_CONTEXT()REPRESENTATION_CONTEXT('2D SPACE',''));
#5001 = ORIENTED_EDGE('',*,*,#5002,.T.);
#5002 = EDGE_CURVE('',#4968,#5003,#5005,.T.);
#5003 = VERTEX_POINT('',#5004);
#5004 = CARTESIAN_POINT('',(-1.22E+03,11.093115008919,98.205115247503));
#5005 = SURFACE_CURVE('',#5006,(#5010,#5017),.PCURVE_S1.);
#5006 = LINE('',#5007,#5008);
#5007 = CARTESIAN_POINT('',(-1.22E+03,-16.48448494336,121.34546919621));
#5008 = VECTOR('',#5009,1.);
#5009 = DIRECTION('',(0.,0.766044443119,-0.642787609687));
#5010 = PCURVE('',#4978,#5011);
#5011 = DEFINITIONAL_REPRESENTATION('',(#5012),#5016);
#5012 = LINE('',#5013,#5014);
#5013 = CARTESIAN_POINT('',(0.,0.));
#5014 = VECTOR('',#5015,1.);
#5015 = DIRECTION('',(0.,-1.));
#5016 =(GEOMETRIC_REPRESENTATION_CONTEXT(2)PARAMETRIC_REPRESENTATION_CONTEXT()REPRESENTATION_CONTEXT('2D SPACE',''));
#5017 = PCURVE('',#5018,#5023);
#5018 = PLANE('',#5019);
#5019 = AXIS2_PLACEMENT_3D('',#5020,#5021,#5022);
#5020 = CARTESIAN_POINT('',(-1.22E+03,-16.48448494336,121.34546919621));
#5021 = DIRECTION('',(0.,0.642787609687,0.766044443119));
#5022 = DIRECTION('',(1.,0.,0.));
#5023 = DEFINITIONAL_REPRESENTATION('',(#5024),#5028);
#5024 = LINE('',#5025,#5026);
#5025 = CARTESIAN_POINT('',(0.,0.));
#5026 = VECTOR('',#5027,1.);
#5027 = DIRECTION('',(0.,1.));
#5028 =(GEOMETRIC_REPRESENTATION_CONTEXT(2)PARAMETRIC_REPRESENTATION_CONTEXT()REPRESENTATION_CONTEXT('2D SPACE',''));
#5029 = ORIENTED_EDGE('',*,*,#5030,.T.);
#5030 = EDGE_CURVE('',#5003,#5031,#5033,.T.);
#5031 = VERTEX_POINT('',#5032);
#5032 = CARTESIAN_POINT('',(-1.22E+03,126.79488475249,236.09311500891));
#5033 = SURFACE_CURVE('',#5034,(#5038,#5045),.PCURVE_S1.);
#5034 = LINE('',#5035,#5036);
#5035 = CARTESIAN_POINT('',(-1.22E+03,11.093115008919,98.205115247503));
#5036 = VECTOR('',#5037,1.);
#5037 = DIRECTION('',(0.,0.642787609687,0.766044443119));
#5038 = PCURVE('',#4978,#5039);
#5039 = DEFINITIONAL_REPRESENTATION('',(#5040),#5044);
#5040 = LINE('',#5041,#5042);
#5041 = CARTESIAN_POINT('',(-3.552713678801E-15,-36.));
#5042 = VECTOR('',#5043,1.);
#5043 = DIRECTION('',(1.,0.));
#5044 =(GEOMETRIC_REPRESENTATION_CONTEXT(2)PARAMETRIC_REPRESENTATION_CONTEXT()REPRESENTATION_CONTEXT('2D SPACE',''));
#5045 = PCURVE('',#5046,#5051);
#5046 = PLANE('',#5047);
#5047 = AXIS2_PLACEMENT_3D('',#5048,#5049,#5050);
#5048 = CARTESIAN_POINT('',(-1.22E+03,11.093115008919,98.205115247503));
#5049 = DIRECTION('',(0.,0.766044443119,-0.642787609687));
#5050 = DIRECTION('',(0.,0.642787609687,0.766044443119));
#5051 = DEFINITIONAL_REPRESENTATION('',(#5052),#5056);
#5052 = LINE('',#5053,#5054);
#5053 = CARTESIAN_POINT('',(0.,0.));
#5054 = VECTOR('',#5055,1.);
#5055 = DIRECTION('',(1.,0.));
#5056 =(GEOMETRIC_REPRESENTATION_CONTEXT(2)PARAMETRIC_REPRESENTATION_CONTEXT()REPRESENTATION_CONTEXT('2D SPACE',''));
#5057 = ORIENTED_EDGE('',*,*,#5058,.F.);
#5058 = EDGE_CURVE('',#4970,#5031,#5059,.T.);
#5059 = SURFACE_CURVE('',#5060,(#5064,#5071),.PCURVE_S1.);
#5060 = LINE('',#5061,#5062);
#5061 = CARTESIAN_POINT('',(-1.22E+03,99.217284800213,259.23346895763));
#5062 = VECTOR('',#5063,1.);
#5063 = DIRECTION('',(0.,0.766044443119,-0.642787609687));
#5064 = PCURVE('',#4978,#5065);
#5065 = DEFINITIONAL_REPRESENTATION('',(#5066),#5070);
#5066 = LINE('',#5067,#5068);
#5067 = CARTESIAN_POINT('',(180.,-1.42108547152E-14));
#5068 = VECTOR('',#5069,1.);
#5069 = DIRECTION('',(0.,-1.));
#5070 =(GEOMETRIC_REPRESENTATION_CONTEXT(2)PARAMETRIC_REPRESENTATION_CONTEXT()REPRESENTATION_CONTEXT('2D SPACE',''));
#5071 = PCURVE('',#5072,#5077);
#5072 = PLANE('',#5073);
#5073 = AXIS2_PLACEMENT_3D('',#5074,#5075,#5076);
#5074 = CARTESIAN_POINT('',(-1.22E+03,99.217284800213,259.23346895763));
#5075 = DIRECTION('',(0.,0.642787609687,0.766044443119));
#5076 = DIRECTION('',(1.,0.,0.));
#5077 = DEFINITIONAL_REPRESENTATION('',(#5078),#5082);
#5078 = LINE('',#5079,#5080);
#5079 = CARTESIAN_POINT('',(0.,0.));
#5080 = VECTOR('',#5081,1.);
#5081 = DIRECTION('',(0.,1.));
#5082 =(GEOMETRIC_REPRESENTATION_CONTEXT(2)PARAMETRIC_REPRESENTATION_CONTEXT()REPRESENTATION_CONTEXT('2D SPACE',''));
#5083 = ADVANCED_FACE('',(#5084),#5098,.T.);
#5084 = FACE_BOUND('',#5085,.T.);
#5085 = EDGE_LOOP('',(#5086,#5116,#5139,#5162));
#5086 = ORIENTED_EDGE('',*,*,#5087,.F.);
#5087 = EDGE_CURVE('',#5088,#5090,#5092,.T.);
#5088 = VERTEX_POINT('',#5089);
#5089 = CARTESIAN_POINT('',(1.22E+03,-16.48448494336,121.34546919621));
#5090 = VERTEX_POINT('',#5091);
#5091 = CARTESIAN_POINT('',(1.22E+03,99.217284800213,259.23346895763));
#5092 = SURFACE_CURVE('',#5093,(#5097,#5109),.PCURVE_S1.);
#5093 = LINE('',#5094,#5095);
#5094 = CARTESIAN_POINT('',(1.22E+03,-16.48448494336,121.34546919621));
#5095 = VECTOR('',#5096,1.);
#5096 = DIRECTION('',(0.,0.642787609687,0.766044443119));
#5097 = PCURVE('',#5098,#5103);
#5098 = PLANE('',#5099);
#5099 = AXIS2_PLACEMENT_3D('',#5100,#5101,#5102);
#5100 = CARTESIAN_POINT('',(1.22E+03,-16.48448494336,121.34546919621));
#5101 = DIRECTION('',(1.,0.,0.));
#5102 = DIRECTION('',(0.,0.642787609687,0.766044443119));
#5103 = DEFINITIONAL_REPRESENTATION('',(#5104),#5108);
#5104 = LINE('',#5105,#5106);
#5105 = CARTESIAN_POINT('',(0.,0.));
#5106 = VECTOR('',#5107,1.);
#5107 = DIRECTION('',(1.,0.));
#5108 =(GEOMETRIC_REPRESENTATION_CONTEXT(2)PARAMETRIC_REPRESENTATION_CONTEXT()REPRESENTATION_CONTEXT('2D SPACE',''));
#5109 = PCURVE('',#4990,#5110);
#5110 = DEFINITIONAL_REPRESENTATION('',(#5111),#5115);
#5111 = LINE('',#5112,#5113);
#5112 = CARTESIAN_POINT('',(0.,2.44E+03));
#5113 = VECTOR('',#5114,1.);
#5114 = DIRECTION('',(1.,0.));
#5115 =(GEOMETRIC_REPRESENTATION_CONTEXT(2)PARAMETRIC_REPRESENTATION_CONTEXT()REPRESENTATION_CONTEXT('2D SPACE',''));
#5116 = ORIENTED_EDGE('',*,*,#5117,.T.);
#5117 = EDGE_CURVE('',#5088,#5118,#5120,.T.);
#5118 = VERTEX_POINT('',#5119);
#5119 = CARTESIAN_POINT('',(1.22E+03,11.093115008919,98.205115247503));
#5120 = SURFACE_CURVE('',#5121,(#5125,#5132),.PCURVE_S1.);
#5121 = LINE('',#5122,#5123);
#5122 = CARTESIAN_POINT('',(1.22E+03,-16.48448494336,121.34546919621));
#5123 = VECTOR('',#5124,1.);
#5124 = DIRECTION('',(0.,0.766044443119,-0.642787609687));
#5125 = PCURVE('',#5098,#5126);
#5126 = DEFINITIONAL_REPRESENTATION('',(#5127),#5131);
#5127 = LINE('',#5128,#5129);
#5128 = CARTESIAN_POINT('',(0.,0.));
#5129 = VECTOR('',#5130,1.);
#5130 = DIRECTION('',(0.,-1.));
#5131 =(GEOMETRIC_REPRESENTATION_CONTEXT(2)PARAMETRIC_REPRESENTATION_CONTEXT()REPRESENTATION_CONTEXT('2D SPACE',''));
#5132 = PCURVE('',#5018,#5133);
#5133 = DEFINITIONAL_REPRESENTATION('',(#5134),#5138);
#5134 = LINE('',#5135,#5136);
#5135 = CARTESIAN_POINT('',(2.44E+03,0.));
#5136 = VECTOR('',#5137,1.);
#5137 = DIRECTION('',(0.,1.));
#5138 =(GEOMETRIC_REPRESENTATION_CONTEXT(2)PARAMETRIC_REPRESENTATION_CONTEXT()REPRESENTATION_CONTEXT('2D SPACE',''));
#5139 = ORIENTED_EDGE('',*,*,#5140,.T.);
#5140 = EDGE_CURVE('',#5118,#5141,#5143,.T.);
#5141 = VERTEX_POINT('',#5142);
#5142 = CARTESIAN_POINT('',(1.22E+03,126.79488475249,236.09311500891));
#5143 = SURFACE_CURVE('',#5144,(#5148,#5155),.PCURVE_S1.);
#5144 = LINE('',#5145,#5146);
#5145 = CARTESIAN_POINT('',(1.22E+03,11.093115008919,98.205115247503));
#5146 = VECTOR('',#5147,1.);
#5147 = DIRECTION('',(0.,0.642787609687,0.766044443119));
#5148 = PCURVE('',#5098,#5149);
#5149 = DEFINITIONAL_REPRESENTATION('',(#5150),#5154);
#5150 = LINE('',#5151,#5152);
#5151 = CARTESIAN_POINT('',(-3.552713678801E-15,-36.));
#5152 = VECTOR('',#5153,1.);
#5153 = DIRECTION('',(1.,0.));
#5154 =(GEOMETRIC_REPRESENTATION_CONTEXT(2)PARAMETRIC_REPRESENTATION_CONTEXT()REPRESENTATION_CONTEXT('2D SPACE',''));
#5155 = PCURVE('',#5046,#5156);
#5156 = DEFINITIONAL_REPRESENTATION('',(#5157),#5161);
#5157 = LINE('',#5158,#5159);
#5158 = CARTESIAN_POINT('',(0.,2.44E+03));
#5159 = VECTOR('',#5160,1.);
#5160 = DIRECTION('',(1.,0.));
#5161 =(GEOMETRIC_REPRESENTATION_CONTEXT(2)PARAMETRIC_REPRESENTATION_CONTEXT()REPRESENTATION_CONTEXT('2D SPACE',''));
#5162 = ORIENTED_EDGE('',*,*,#5163,.F.);
#5163 = EDGE_CURVE('',#5090,#5141,#5164,.T.);
#5164 = SURFACE_CURVE('',#5165,(#5169,#5176),.PCURVE_S1.);
#5165 = LINE('',#5166,#5167);
#5166 = CARTESIAN_POINT('',(1.22E+03,99.217284800213,259.23346895763));
#5167 = VECTOR('',#5168,1.);
#5168 = DIRECTION('',(0.,0.766044443119,-0.642787609687));
#5169 = PCURVE('',#5098,#5170);
#5170 = DEFINITIONAL_REPRESENTATION('',(#5171),#5175);
#5171 = LINE('',#5172,#5173);
#5172 = CARTESIAN_POINT('',(180.,-1.42108547152E-14));
#5173 = VECTOR('',#5174,1.);
#5174 = DIRECTION('',(0.,-1.));
#5175 =(GEOMETRIC_REPRESENTATION_CONTEXT(2)PARAMETRIC_REPRESENTATION_CONTEXT()REPRESENTATION_CONTEXT('2D SPACE',''));
#5176 = PCURVE('',#5072,#5177);
#5177 = DEFINITIONAL_REPRESENTATION('',(#5178),#5182);
#5178 = LINE('',#5179,#5180);
#5179 = CARTESIAN_POINT('',(2.44E+03,0.));
#5180 = VECTOR('',#5181,1.);
#5181 = DIRECTION('',(0.,1.));
#5182 =(GEOMETRIC_REPRESENTATION_CONTEXT(2)PARAMETRIC_REPRESENTATION_CONTEXT()REPRESENTATION_CONTEXT('2D SPACE',''));
#5183 = ADVANCED_FACE('',(#5184),#4990,.F.);
#5184 = FACE_BOUND('',#5185,.F.);
#5185 = EDGE_LOOP('',(#5186,#5207,#5208,#5229));
#5186 = ORIENTED_EDGE('',*,*,#5187,.F.);
#5187 = EDGE_CURVE('',#4968,#5088,#5188,.T.);
#5188 = SURFACE_CURVE('',#5189,(#5193,#5200),.PCURVE_S1.);
#5189 = LINE('',#5190,#5191);
#5190 = CARTESIAN_POINT('',(-1.22E+03,-16.48448494336,121.34546919621));
#5191 = VECTOR('',#5192,1.);
#5192 = DIRECTION('',(1.,0.,0.));
#5193 = PCURVE('',#4990,#5194);
#5194 = DEFINITIONAL_REPRESENTATION('',(#5195),#5199);
#5195 = LINE('',#5196,#5197);
#5196 = CARTESIAN_POINT('',(0.,0.));
#5197 = VECTOR('',#5198,1.);
#5198 = DIRECTION('',(0.,1.));
#5199 =(GEOMETRIC_REPRESENTATION_CONTEXT(2)PARAMETRIC_REPRESENTATION_CONTEXT()REPRESENTATION_CONTEXT('2D SPACE',''));
#5200 = PCURVE('',#5018,#5201);
#5201 = DEFINITIONAL_REPRESENTATION('',(#5202),#5206);
#5202 = LINE('',#5203,#5204);
#5203 = CARTESIAN_POINT('',(0.,0.));
#5204 = VECTOR('',#5205,1.);
#5205 = DIRECTION('',(1.,0.));
#5206 =(GEOMETRIC_REPRESENTATION_CONTEXT(2)PARAMETRIC_REPRESENTATION_CONTEXT()REPRESENTATION_CONTEXT('2D SPACE',''));
#5207 = ORIENTED_EDGE('',*,*,#4967,.T.);
#5208 = ORIENTED_EDGE('',*,*,#5209,.T.);
#5209 = EDGE_CURVE('',#4970,#5090,#5210,.T.);
#5210 = SURFACE_CURVE('',#5211,(#5215,#5222),.PCURVE_S1.);
#5211 = LINE('',#5212,#5213);
#5212 = CARTESIAN_POINT('',(-1.22E+03,99.217284800213,259.23346895763));
#5213 = VECTOR('',#5214,1.);
#5214 = DIRECTION('',(1.,0.,0.));
#5215 = PCURVE('',#4990,#5216);
#5216 = DEFINITIONAL_REPRESENTATION('',(#5217),#5221);
#5217 = LINE('',#5218,#5219);
#5218 = CARTESIAN_POINT('',(180.,0.));
#5219 = VECTOR('',#5220,1.);
#5220 = DIRECTION('',(0.,1.));
#5221 =(GEOMETRIC_REPRESENTATION_CONTEXT(2)PARAMETRIC_REPRESENTATION_CONTEXT()REPRESENTATION_CONTEXT('2D SPACE',''));
#5222 = PCURVE('',#5072,#5223);
#5223 = DEFINITIONAL_REPRESENTATION('',(#5224),#5228);
#5224 = LINE('',#5225,#5226);
#5225 = CARTESIAN_POINT('',(0.,0.));
#5226 = VECTOR('',#5227,1.);
#5227 = DIRECTION('',(1.,0.));
#5228 =(GEOMETRIC_REPRESENTATION_CONTEXT(2)PARAMETRIC_REPRESENTATION_CONTEXT()REPRESENTATION_CONTEXT('2D SPACE',''));
#5229 = ORIENTED_EDGE('',*,*,#5087,.F.);
#5230 = ADVANCED_FACE('',(#5231),#5046,.T.);
#5231 = FACE_BOUND('',#5232,.T.);
#5232 = EDGE_LOOP('',(#5233,#5254,#5255,#5276));
#5233 = ORIENTED_EDGE('',*,*,#5234,.F.);
#5234 = EDGE_CURVE('',#5003,#5118,#5235,.T.);
#5235 = SURFACE_CURVE('',#5236,(#5240,#5247),.PCURVE_S1.);
#5236 = LINE('',#5237,#5238);
#5237 = CARTESIAN_POINT('',(-1.22E+03,11.093115008919,98.205115247503));
#5238 = VECTOR('',#5239,1.);
#5239 = DIRECTION('',(1.,0.,0.));
#5240 = PCURVE('',#5046,#5241);
#5241 = DEFINITIONAL_REPRESENTATION('',(#5242),#5246);
#5242 = LINE('',#5243,#5244);
#5243 = CARTESIAN_POINT('',(0.,0.));
#5244 = VECTOR('',#5245,1.);
#5245 = DIRECTION('',(0.,1.));
#5246 =(GEOMETRIC_REPRESENTATION_CONTEXT(2)PARAMETRIC_REPRESENTATION_CONTEXT()REPRESENTATION_CONTEXT('2D SPACE',''));
#5247 = PCURVE('',#5018,#5248);
#5248 = DEFINITIONAL_REPRESENTATION('',(#5249),#5253);
#5249 = LINE('',#5250,#5251);
#5250 = CARTESIAN_POINT('',(0.,36.));
#5251 = VECTOR('',#5252,1.);
#5252 = DIRECTION('',(1.,0.));
#5253 =(GEOMETRIC_REPRESENTATION_CONTEXT(2)PARAMETRIC_REPRESENTATION_CONTEXT()REPRESENTATION_CONTEXT('2D SPACE',''));
#5254 = ORIENTED_EDGE('',*,*,#5030,.T.);
#5255 = ORIENTED_EDGE('',*,*,#5256,.T.);
#5256 = EDGE_CURVE('',#5031,#5141,#5257,.T.);
#5257 = SURFACE_CURVE('',#5258,(#5262,#5269),.PCURVE_S1.);
#5258 = LINE('',#5259,#5260);
#5259 = CARTESIAN_POINT('',(-1.22E+03,126.79488475249,236.09311500891));
#5260 = VECTOR('',#5261,1.);
#5261 = DIRECTION('',(1.,0.,0.));
#5262 = PCURVE('',#5046,#5263);
#5263 = DEFINITIONAL_REPRESENTATION('',(#5264),#5268);
#5264 = LINE('',#5265,#5266);
#5265 = CARTESIAN_POINT('',(180.,0.));
#5266 = VECTOR('',#5267,1.);
#5267 = DIRECTION('',(0.,1.));
#5268 =(GEOMETRIC_REPRESENTATION_CONTEXT(2)PARAMETRIC_REPRESENTATION_CONTEXT()REPRESENTATION_CONTEXT('2D SPACE',''));
#5269 = PCURVE('',#5072,#5270);
#5270 = DEFINITIONAL_REPRESENTATION('',(#5271),#5275);
#5271 = LINE('',#5272,#5273);
#5272 = CARTESIAN_POINT('',(0.,36.));
#5273 = VECTOR('',#5274,1.);
#5274 = DIRECTION('',(1.,0.));
#5275 =(GEOMETRIC_REPRESENTATION_CONTEXT(2)PARAMETRIC_REPRESENTATION_CONTEXT()REPRESENTATION_CONTEXT('2D SPACE',''));
#5276 = ORIENTED_EDGE('',*,*,#5140,.F.);
#5277 = ADVANCED_FACE('',(#5278),#5018,.F.);
#5278 = FACE_BOUND('',#5279,.F.);
#5279 = EDGE_LOOP('',(#5280,#5281,#5282,#5283));
#5280 = ORIENTED_EDGE('',*,*,#5002,.F.);
#5281 = ORIENTED_EDGE('',*,*,#5187,.T.);
#5282 = ORIENTED_EDGE('',*,*,#5117,.T.);
#5283 = ORIENTED_EDGE('',*,*,#5234,.F.);
#5284 = ADVANCED_FACE('',(#5285),#5072,.T.);
#5285 = FACE_BOUND('',#5286,.T.);
#5286 = EDGE_LOOP('',(#5287,#5288,#5289,#5290));
#5287 = ORIENTED_EDGE('',*,*,#5058,.F.);
#5288 = ORIENTED_EDGE('',*,*,#5209,.T.);
#5289 = ORIENTED_EDGE('',*,*,#5163,.T.);
#5290 = ORIENTED_EDGE('',*,*,#5256,.F.);
#5291 =(GEOMETRIC_REPRESENTATION_CONTEXT(3)GLOBAL_UNCERTAINTY_ASSIGNED_CONTEXT((#5295))GLOBAL_UNIT_ASSIGNED_CONTEXT((#5292,#5293,#5294))REPRESENTATION_CONTEXT('Context #1','3D Context with UNIT and UNCERTAINTY'));
#5292 =(LENGTH_UNIT()NAMED_UNIT(*)SI_UNIT(.MILLI.,.METRE.));
#5293 =(NAMED_UNIT(*)PLANE_ANGLE_UNIT()SI_UNIT($,.RADIAN.));
#5294 =(NAMED_UNIT(*)SI_UNIT($,.STERADIAN.)SOLID_ANGLE_UNIT());
#5295 = UNCERTAINTY_MEASURE_WITH_UNIT(LENGTH_MEASURE(1.E-07),#5292,'distance_accuracy_value','confusion accuracy');
#5296 = CONTEXT_DEPENDENT_SHAPE_REPRESENTATION(#5297,#5299);
#5297 =(REPRESENTATION_RELATIONSHIP('','',#4960,#10)REPRESENTATION_RELATIONSHIP_WITH_TRANSFORMATION(#5298)SHAPE_REPRESENTATION_RELATIONSHIP());
#5298 = ITEM_DEFINED_TRANSFORMATION('','',#11,#63);
#5299 = PRODUCT_DEFINITION_SHAPE('Placement','Placement of an item',#5300);
#5300 = NEXT_ASSEMBLY_USAGE_OCCURRENCE('13','panel_joint_brace_kicker','',#5,#4955,$);
#5301 = PRODUCT_RELATED_PRODUCT_CATEGORY('part',$,(#4957));
#5302 = SHAPE_DEFINITION_REPRESENTATION(#5303,#5309);
#5303 = PRODUCT_DEFINITION_SHAPE('','',#5304);
#5304 = PRODUCT_DEFINITION('design','',#5305,#5308);
#5305 = PRODUCT_DEFINITION_FORMATION('','',#5306);
#5306 = PRODUCT('panel_joint_brace_mid','panel_joint_brace_mid','',(#5307));
#5307 = PRODUCT_CONTEXT('',#2,'mechanical');
#5308 = PRODUCT_DEFINITION_CONTEXT('part definition',#2,'design');
#5309 = ADVANCED_BREP_SHAPE_REPRESENTATION('',(#11,#5310),#5640);
#5310 = MANIFOLD_SOLID_BREP('',#5311);
#5311 = CLOSED_SHELL('',(#5312,#5432,#5532,#5579,#5626,#5633));
#5312 = ADVANCED_FACE('',(#5313),#5327,.F.);
#5313 = FACE_BOUND('',#5314,.F.);
#5314 = EDGE_LOOP('',(#5315,#5350,#5378,#5406));
#5315 = ORIENTED_EDGE('',*,*,#5316,.F.);
#5316 = EDGE_CURVE('',#5317,#5319,#5321,.T.);
#5317 = VERTEX_POINT('',#5318);
#5318 = CARTESIAN_POINT('',(-1.22E+03,767.71639887421,1.055919689801E+03));
#5319 = VERTEX_POINT('',#5320);
#5320 = CARTESIAN_POINT('',(-1.22E+03,883.41816861779,1.193807689563E+03));
#5321 = SURFACE_CURVE('',#5322,(#5326,#5338),.PCURVE_S1.);
#5322 = LINE('',#5323,#5324);
#5323 = CARTESIAN_POINT('',(-1.22E+03,767.71639887421,1.055919689801E+03));
#5324 = VECTOR('',#5325,1.);
#5325 = DIRECTION('',(0.,0.642787609687,0.766044443119));
#5326 = PCURVE('',#5327,#5332);
#5327 = PLANE('',#5328);
#5328 = AXIS2_PLACEMENT_3D('',#5329,#5330,#5331);
#5329 = CARTESIAN_POINT('',(-1.22E+03,767.71639887421,1.055919689801E+03));
#5330 = DIRECTION('',(1.,0.,0.));
#5331 = DIRECTION('',(0.,0.642787609687,0.766044443119));
#5332 = DEFINITIONAL_REPRESENTATION('',(#5333),#5337);
#5333 = LINE('',#5334,#5335);
#5334 = CARTESIAN_POINT('',(0.,0.));
#5335 = VECTOR('',#5336,1.);
#5336 = DIRECTION('',(1.,0.));
#5337 =(GEOMETRIC_REPRESENTATION_CONTEXT(2)PARAMETRIC_REPRESENTATION_CONTEXT()REPRESENTATION_CONTEXT('2D SPACE',''));
#5338 = PCURVE('',#5339,#5344);
#5339 = PLANE('',#5340);
#5340 = AXIS2_PLACEMENT_3D('',#5341,#5342,#5343);
#5341 = CARTESIAN_POINT('',(-1.22E+03,767.71639887421,1.055919689801E+03));
#5342 = DIRECTION('',(0.,0.766044443119,-0.642787609687));
#5343 = DIRECTION('',(0.,0.642787609687,0.766044443119));
#5344 = DEFINITIONAL_REPRESENTATION('',(#5345),#5349);
#5345 = LINE('',#5346,#5347);
#5346 = CARTESIAN_POINT('',(0.,0.));
#5347 = VECTOR('',#5348,1.);
#5348 = DIRECTION('',(1.,0.));
#5349 =(GEOMETRIC_REPRESENTATION_CONTEXT(2)PARAMETRIC_REPRESENTATION_CONTEXT()REPRESENTATION_CONTEXT('2D SPACE',''));
#5350 = ORIENTED_EDGE('',*,*,#5351,.T.);
#5351 = EDGE_CURVE('',#5317,#5352,#5354,.T.);
#5352 = VERTEX_POINT('',#5353);
#5353 = CARTESIAN_POINT('',(-1.22E+03,795.29399882649,1.032779335853E+03));
#5354 = SURFACE_CURVE('',#5355,(#5359,#5366),.PCURVE_S1.);
#5355 = LINE('',#5356,#5357);
#5356 = CARTESIAN_POINT('',(-1.22E+03,767.71639887421,1.055919689801E+03));
#5357 = VECTOR('',#5358,1.);
#5358 = DIRECTION('',(0.,0.766044443119,-0.642787609687));
#5359 = PCURVE('',#5327,#5360);
#5360 = DEFINITIONAL_REPRESENTATION('',(#5361),#5365);
#5361 = LINE('',#5362,#5363);
#5362 = CARTESIAN_POINT('',(0.,0.));
#5363 = VECTOR('',#5364,1.);
#5364 = DIRECTION('',(0.,-1.));
#5365 =(GEOMETRIC_REPRESENTATION_CONTEXT(2)PARAMETRIC_REPRESENTATION_CONTEXT()REPRESENTATION_CONTEXT('2D SPACE',''));
#5366 = PCURVE('',#5367,#5372);
#5367 = PLANE('',#5368);
#5368 = AXIS2_PLACEMENT_3D('',#5369,#5370,#5371);
#5369 = CARTESIAN_POINT('',(-1.22E+03,767.71639887421,1.055919689801E+03));
#5370 = DIRECTION('',(0.,0.642787609687,0.766044443119));
#5371 = DIRECTION('',(1.,0.,0.));
#5372 = DEFINITIONAL_REPRESENTATION('',(#5373),#5377);
#5373 = LINE('',#5374,#5375);
#5374 = CARTESIAN_POINT('',(0.,0.));
#5375 = VECTOR('',#5376,1.);
#5376 = DIRECTION('',(0.,1.));
#5377 =(GEOMETRIC_REPRESENTATION_CONTEXT(2)PARAMETRIC_REPRESENTATION_CONTEXT()REPRESENTATION_CONTEXT('2D SPACE',''));
#5378 = ORIENTED_EDGE('',*,*,#5379,.T.);
#5379 = EDGE_CURVE('',#5352,#5380,#5382,.T.);
#5380 = VERTEX_POINT('',#5381);
#5381 = CARTESIAN_POINT('',(-1.22E+03,910.99576857007,1.170667335614E+03));
#5382 = SURFACE_CURVE('',#5383,(#5387,#5394),.PCURVE_S1.);
#5383 = LINE('',#5384,#5385);
#5384 = CARTESIAN_POINT('',(-1.22E+03,795.29399882649,1.032779335853E+03));
#5385 = VECTOR('',#5386,1.);
#5386 = DIRECTION('',(0.,0.642787609687,0.766044443119));
#5387 = PCURVE('',#5327,#5388);
#5388 = DEFINITIONAL_REPRESENTATION('',(#5389),#5393);
#5389 = LINE('',#5390,#5391);
#5390 = CARTESIAN_POINT('',(8.526512829121E-14,-36.));
#5391 = VECTOR('',#5392,1.);
#5392 = DIRECTION('',(1.,0.));
#5393 =(GEOMETRIC_REPRESENTATION_CONTEXT(2)PARAMETRIC_REPRESENTATION_CONTEXT()REPRESENTATION_CONTEXT('2D SPACE',''));
#5394 = PCURVE('',#5395,#5400);
#5395 = PLANE('',#5396);
#5396 = AXIS2_PLACEMENT_3D('',#5397,#5398,#5399);
#5397 = CARTESIAN_POINT('',(-1.22E+03,795.29399882649,1.032779335853E+03));
#5398 = DIRECTION('',(0.,0.766044443119,-0.642787609687));
#5399 = DIRECTION('',(0.,0.642787609687,0.766044443119));
#5400 = DEFINITIONAL_REPRESENTATION('',(#5401),#5405);
#5401 = LINE('',#5402,#5403);
#5402 = CARTESIAN_POINT('',(0.,0.));
#5403 = VECTOR('',#5404,1.);
#5404 = DIRECTION('',(1.,0.));
#5405 =(GEOMETRIC_REPRESENTATION_CONTEXT(2)PARAMETRIC_REPRESENTATION_CONTEXT()REPRESENTATION_CONTEXT('2D SPACE',''));
#5406 = ORIENTED_EDGE('',*,*,#5407,.F.);
#5407 = EDGE_CURVE('',#5319,#5380,#5408,.T.);
#5408 = SURFACE_CURVE('',#5409,(#5413,#5420),.PCURVE_S1.);
#5409 = LINE('',#5410,#5411);
#5410 = CARTESIAN_POINT('',(-1.22E+03,883.41816861779,1.193807689563E+03));
#5411 = VECTOR('',#5412,1.);
#5412 = DIRECTION('',(0.,0.766044443119,-0.642787609687));
#5413 = PCURVE('',#5327,#5414);
#5414 = DEFINITIONAL_REPRESENTATION('',(#5415),#5419);
#5415 = LINE('',#5416,#5417);
#5416 = CARTESIAN_POINT('',(180.,-1.42108547152E-14));
#5417 = VECTOR('',#5418,1.);
#5418 = DIRECTION('',(0.,-1.));
#5419 =(GEOMETRIC_REPRESENTATION_CONTEXT(2)PARAMETRIC_REPRESENTATION_CONTEXT()REPRESENTATION_CONTEXT('2D SPACE',''));
#5420 = PCURVE('',#5421,#5426);
#5421 = PLANE('',#5422);
#5422 = AXIS2_PLACEMENT_3D('',#5423,#5424,#5425);
#5423 = CARTESIAN_POINT('',(-1.22E+03,883.41816861779,1.193807689563E+03));
#5424 = DIRECTION('',(0.,0.642787609687,0.766044443119));
#5425 = DIRECTION('',(1.,0.,0.));
#5426 = DEFINITIONAL_REPRESENTATION('',(#5427),#5431);
#5427 = LINE('',#5428,#5429);
#5428 = CARTESIAN_POINT('',(0.,0.));
#5429 = VECTOR('',#5430,1.);
#5430 = DIRECTION('',(0.,1.));
#5431 =(GEOMETRIC_REPRESENTATION_CONTEXT(2)PARAMETRIC_REPRESENTATION_CONTEXT()REPRESENTATION_CONTEXT('2D SPACE',''));
#5432 = ADVANCED_FACE('',(#5433),#5447,.T.);
#5433 = FACE_BOUND('',#5434,.T.);
#5434 = EDGE_LOOP('',(#5435,#5465,#5488,#5511));
#5435 = ORIENTED_EDGE('',*,*,#5436,.F.);
#5436 = EDGE_CURVE('',#5437,#5439,#5441,.T.);
#5437 = VERTEX_POINT('',#5438);
#5438 = CARTESIAN_POINT('',(1.22E+03,767.71639887421,1.055919689801E+03));
#5439 = VERTEX_POINT('',#5440);
#5440 = CARTESIAN_POINT('',(1.22E+03,883.41816861779,1.193807689563E+03));
#5441 = SURFACE_CURVE('',#5442,(#5446,#5458),.PCURVE_S1.);
#5442 = LINE('',#5443,#5444);
#5443 = CARTESIAN_POINT('',(1.22E+03,767.71639887421,1.055919689801E+03));
#5444 = VECTOR('',#5445,1.);
#5445 = DIRECTION('',(0.,0.642787609687,0.766044443119));
#5446 = PCURVE('',#5447,#5452);
#5447 = PLANE('',#5448);
#5448 = AXIS2_PLACEMENT_3D('',#5449,#5450,#5451);
#5449 = CARTESIAN_POINT('',(1.22E+03,767.71639887421,1.055919689801E+03));
#5450 = DIRECTION('',(1.,0.,0.));
#5451 = DIRECTION('',(0.,0.642787609687,0.766044443119));
#5452 = DEFINITIONAL_REPRESENTATION('',(#5453),#5457);
#5453 = LINE('',#5454,#5455);
#5454 = CARTESIAN_POINT('',(0.,0.));
#5455 = VECTOR('',#5456,1.);
#5456 = DIRECTION('',(1.,0.));
#5457 =(GEOMETRIC_REPRESENTATION_CONTEXT(2)PARAMETRIC_REPRESENTATION_CONTEXT()REPRESENTATION_CONTEXT('2D SPACE',''));
#5458 = PCURVE('',#5339,#5459);
#5459 = DEFINITIONAL_REPRESENTATION('',(#5460),#5464);
#5460 = LINE('',#5461,#5462);
#5461 = CARTESIAN_POINT('',(0.,2.44E+03));
#5462 = VECTOR('',#5463,1.);
#5463 = DIRECTION('',(1.,0.));
#5464 =(GEOMETRIC_REPRESENTATION_CONTEXT(2)PARAMETRIC_REPRESENTATION_CONTEXT()REPRESENTATION_CONTEXT('2D SPACE',''));
#5465 = ORIENTED_EDGE('',*,*,#5466,.T.);
#5466 = EDGE_CURVE('',#5437,#5467,#5469,.T.);
#5467 = VERTEX_POINT('',#5468);
#5468 = CARTESIAN_POINT('',(1.22E+03,795.29399882649,1.032779335853E+03));
#5469 = SURFACE_CURVE('',#5470,(#5474,#5481),.PCURVE_S1.);
#5470 = LINE('',#5471,#5472);
#5471 = CARTESIAN_POINT('',(1.22E+03,767.71639887421,1.055919689801E+03));
#5472 = VECTOR('',#5473,1.);
#5473 = DIRECTION('',(0.,0.766044443119,-0.642787609687));
#5474 = PCURVE('',#5447,#5475);
#5475 = DEFINITIONAL_REPRESENTATION('',(#5476),#5480);
#5476 = LINE('',#5477,#5478);
#5477 = CARTESIAN_POINT('',(0.,0.));
#5478 = VECTOR('',#5479,1.);
#5479 = DIRECTION('',(0.,-1.));
#5480 =(GEOMETRIC_REPRESENTATION_CONTEXT(2)PARAMETRIC_REPRESENTATION_CONTEXT()REPRESENTATION_CONTEXT('2D SPACE',''));
#5481 = PCURVE('',#5367,#5482);
#5482 = DEFINITIONAL_REPRESENTATION('',(#5483),#5487);
#5483 = LINE('',#5484,#5485);
#5484 = CARTESIAN_POINT('',(2.44E+03,0.));
#5485 = VECTOR('',#5486,1.);
#5486 = DIRECTION('',(0.,1.));
#5487 =(GEOMETRIC_REPRESENTATION_CONTEXT(2)PARAMETRIC_REPRESENTATION_CONTEXT()REPRESENTATION_CONTEXT('2D SPACE',''));
#5488 = ORIENTED_EDGE('',*,*,#5489,.T.);
#5489 = EDGE_CURVE('',#5467,#5490,#5492,.T.);
#5490 = VERTEX_POINT('',#5491);
#5491 = CARTESIAN_POINT('',(1.22E+03,910.99576857007,1.170667335614E+03));
#5492 = SURFACE_CURVE('',#5493,(#5497,#5504),.PCURVE_S1.);
#5493 = LINE('',#5494,#5495);
#5494 = CARTESIAN_POINT('',(1.22E+03,795.29399882649,1.032779335853E+03));
#5495 = VECTOR('',#5496,1.);
#5496 = DIRECTION('',(0.,0.642787609687,0.766044443119));
#5497 = PCURVE('',#5447,#5498);
#5498 = DEFINITIONAL_REPRESENTATION('',(#5499),#5503);
#5499 = LINE('',#5500,#5501);
#5500 = CARTESIAN_POINT('',(8.526512829121E-14,-36.));
#5501 = VECTOR('',#5502,1.);
#5502 = DIRECTION('',(1.,0.));
#5503 =(GEOMETRIC_REPRESENTATION_CONTEXT(2)PARAMETRIC_REPRESENTATION_CONTEXT()REPRESENTATION_CONTEXT('2D SPACE',''));
#5504 = PCURVE('',#5395,#5505);
#5505 = DEFINITIONAL_REPRESENTATION('',(#5506),#5510);
#5506 = LINE('',#5507,#5508);
#5507 = CARTESIAN_POINT('',(0.,2.44E+03));
#5508 = VECTOR('',#5509,1.);
#5509 = DIRECTION('',(1.,0.));
#5510 =(GEOMETRIC_REPRESENTATION_CONTEXT(2)PARAMETRIC_REPRESENTATION_CONTEXT()REPRESENTATION_CONTEXT('2D SPACE',''));
#5511 = ORIENTED_EDGE('',*,*,#5512,.F.);
#5512 = EDGE_CURVE('',#5439,#5490,#5513,.T.);
#5513 = SURFACE_CURVE('',#5514,(#5518,#5525),.PCURVE_S1.);
#5514 = LINE('',#5515,#5516);
#5515 = CARTESIAN_POINT('',(1.22E+03,883.41816861779,1.193807689563E+03));
#5516 = VECTOR('',#5517,1.);
#5517 = DIRECTION('',(0.,0.766044443119,-0.642787609687));
#5518 = PCURVE('',#5447,#5519);
#5519 = DEFINITIONAL_REPRESENTATION('',(#5520),#5524);
#5520 = LINE('',#5521,#5522);
#5521 = CARTESIAN_POINT('',(180.,-1.42108547152E-14));
#5522 = VECTOR('',#5523,1.);
#5523 = DIRECTION('',(0.,-1.));
#5524 =(GEOMETRIC_REPRESENTATION_CONTEXT(2)PARAMETRIC_REPRESENTATION_CONTEXT()REPRESENTATION_CONTEXT('2D SPACE',''));
#5525 = PCURVE('',#5421,#5526);
#5526 = DEFINITIONAL_REPRESENTATION('',(#5527),#5531);
#5527 = LINE('',#5528,#5529);
#5528 = CARTESIAN_POINT('',(2.44E+03,0.));
#5529 = VECTOR('',#5530,1.);
#5530 = DIRECTION('',(0.,1.));
#5531 =(GEOMETRIC_REPRESENTATION_CONTEXT(2)PARAMETRIC_REPRESENTATION_CONTEXT()REPRESENTATION_CONTEXT('2D SPACE',''));
#5532 = ADVANCED_FACE('',(#5533),#5339,.F.);
#5533 = FACE_BOUND('',#5534,.F.);
#5534 = EDGE_LOOP('',(#5535,#5556,#5557,#5578));
#5535 = ORIENTED_EDGE('',*,*,#5536,.F.);
#5536 = EDGE_CURVE('',#5317,#5437,#5537,.T.);
#5537 = SURFACE_CURVE('',#5538,(#5542,#5549),.PCURVE_S1.);
#5538 = LINE('',#5539,#5540);
#5539 = CARTESIAN_POINT('',(-1.22E+03,767.71639887421,1.055919689801E+03));
#5540 = VECTOR('',#5541,1.);
#5541 = DIRECTION('',(1.,0.,0.));
#5542 = PCURVE('',#5339,#5543);
#5543 = DEFINITIONAL_REPRESENTATION('',(#5544),#5548);
#5544 = LINE('',#5545,#5546);
#5545 = CARTESIAN_POINT('',(0.,0.));
#5546 = VECTOR('',#5547,1.);
#5547 = DIRECTION('',(0.,1.));
#5548 =(GEOMETRIC_REPRESENTATION_CONTEXT(2)PARAMETRIC_REPRESENTATION_CONTEXT()REPRESENTATION_CONTEXT('2D SPACE',''));
#5549 = PCURVE('',#5367,#5550);
#5550 = DEFINITIONAL_REPRESENTATION('',(#5551),#5555);
#5551 = LINE('',#5552,#5553);
#5552 = CARTESIAN_POINT('',(0.,0.));
#5553 = VECTOR('',#5554,1.);
#5554 = DIRECTION('',(1.,0.));
#5555 =(GEOMETRIC_REPRESENTATION_CONTEXT(2)PARAMETRIC_REPRESENTATION_CONTEXT()REPRESENTATION_CONTEXT('2D SPACE',''));
#5556 = ORIENTED_EDGE('',*,*,#5316,.T.);
#5557 = ORIENTED_EDGE('',*,*,#5558,.T.);
#5558 = EDGE_CURVE('',#5319,#5439,#5559,.T.);
#5559 = SURFACE_CURVE('',#5560,(#5564,#5571),.PCURVE_S1.);
#5560 = LINE('',#5561,#5562);
#5561 = CARTESIAN_POINT('',(-1.22E+03,883.41816861779,1.193807689563E+03));
#5562 = VECTOR('',#5563,1.);
#5563 = DIRECTION('',(1.,0.,0.));
#5564 = PCURVE('',#5339,#5565);
#5565 = DEFINITIONAL_REPRESENTATION('',(#5566),#5570);
#5566 = LINE('',#5567,#5568);
#5567 = CARTESIAN_POINT('',(180.,0.));
#5568 = VECTOR('',#5569,1.);
#5569 = DIRECTION('',(0.,1.));
#5570 =(GEOMETRIC_REPRESENTATION_CONTEXT(2)PARAMETRIC_REPRESENTATION_CONTEXT()REPRESENTATION_CONTEXT('2D SPACE',''));
#5571 = PCURVE('',#5421,#5572);
#5572 = DEFINITIONAL_REPRESENTATION('',(#5573),#5577);
#5573 = LINE('',#5574,#5575);
#5574 = CARTESIAN_POINT('',(0.,0.));
#5575 = VECTOR('',#5576,1.);
#5576 = DIRECTION('',(1.,0.));
#5577 =(GEOMETRIC_REPRESENTATION_CONTEXT(2)PARAMETRIC_REPRESENTATION_CONTEXT()REPRESENTATION_CONTEXT('2D SPACE',''));
#5578 = ORIENTED_EDGE('',*,*,#5436,.F.);
#5579 = ADVANCED_FACE('',(#5580),#5395,.T.);
#5580 = FACE_BOUND('',#5581,.T.);
#5581 = EDGE_LOOP('',(#5582,#5603,#5604,#5625));
#5582 = ORIENTED_EDGE('',*,*,#5583,.F.);
#5583 = EDGE_CURVE('',#5352,#5467,#5584,.T.);
#5584 = SURFACE_CURVE('',#5585,(#5589,#5596),.PCURVE_S1.);
#5585 = LINE('',#5586,#5587);
#5586 = CARTESIAN_POINT('',(-1.22E+03,795.29399882649,1.032779335853E+03));
#5587 = VECTOR('',#5588,1.);
#5588 = DIRECTION('',(1.,0.,0.));
#5589 = PCURVE('',#5395,#5590);
#5590 = DEFINITIONAL_REPRESENTATION('',(#5591),#5595);
#5591 = LINE('',#5592,#5593);
#5592 = CARTESIAN_POINT('',(0.,0.));
#5593 = VECTOR('',#5594,1.);
#5594 = DIRECTION('',(0.,1.));
#5595 =(GEOMETRIC_REPRESENTATION_CONTEXT(2)PARAMETRIC_REPRESENTATION_CONTEXT()REPRESENTATION_CONTEXT('2D SPACE',''));
#5596 = PCURVE('',#5367,#5597);
#5597 = DEFINITIONAL_REPRESENTATION('',(#5598),#5602);
#5598 = LINE('',#5599,#5600);
#5599 = CARTESIAN_POINT('',(0.,36.));
#5600 = VECTOR('',#5601,1.);
#5601 = DIRECTION('',(1.,0.));
#5602 =(GEOMETRIC_REPRESENTATION_CONTEXT(2)PARAMETRIC_REPRESENTATION_CONTEXT()REPRESENTATION_CONTEXT('2D SPACE',''));
#5603 = ORIENTED_EDGE('',*,*,#5379,.T.);
#5604 = ORIENTED_EDGE('',*,*,#5605,.T.);
#5605 = EDGE_CURVE('',#5380,#5490,#5606,.T.);
#5606 = SURFACE_CURVE('',#5607,(#5611,#5618),.PCURVE_S1.);
#5607 = LINE('',#5608,#5609);
#5608 = CARTESIAN_POINT('',(-1.22E+03,910.99576857007,1.170667335614E+03));
#5609 = VECTOR('',#5610,1.);
#5610 = DIRECTION('',(1.,0.,0.));
#5611 = PCURVE('',#5395,#5612);
#5612 = DEFINITIONAL_REPRESENTATION('',(#5613),#5617);
#5613 = LINE('',#5614,#5615);
#5614 = CARTESIAN_POINT('',(180.,0.));
#5615 = VECTOR('',#5616,1.);
#5616 = DIRECTION('',(0.,1.));
#5617 =(GEOMETRIC_REPRESENTATION_CONTEXT(2)PARAMETRIC_REPRESENTATION_CONTEXT()REPRESENTATION_CONTEXT('2D SPACE',''));
#5618 = PCURVE('',#5421,#5619);
#5619 = DEFINITIONAL_REPRESENTATION('',(#5620),#5624);
#5620 = LINE('',#5621,#5622);
#5621 = CARTESIAN_POINT('',(0.,36.));
#5622 = VECTOR('',#5623,1.);
#5623 = DIRECTION('',(1.,0.));
#5624 =(GEOMETRIC_REPRESENTATION_CONTEXT(2)PARAMETRIC_REPRESENTATION_CONTEXT()REPRESENTATION_CONTEXT('2D SPACE',''));
#5625 = ORIENTED_EDGE('',*,*,#5489,.F.);
#5626 = ADVANCED_FACE('',(#5627),#5367,.F.);
#5627 = FACE_BOUND('',#5628,.F.);
#5628 = EDGE_LOOP('',(#5629,#5630,#5631,#5632));
#5629 = ORIENTED_EDGE('',*,*,#5351,.F.);
#5630 = ORIENTED_EDGE('',*,*,#5536,.T.);
#5631 = ORIENTED_EDGE('',*,*,#5466,.T.);
#5632 = ORIENTED_EDGE('',*,*,#5583,.F.);
#5633 = ADVANCED_FACE('',(#5634),#5421,.T.);
#5634 = FACE_BOUND('',#5635,.T.);
#5635 = EDGE_LOOP('',(#5636,#5637,#5638,#5639));
#5636 = ORIENTED_EDGE('',*,*,#5407,.F.);
#5637 = ORIENTED_EDGE('',*,*,#5558,.T.);
#5638 = ORIENTED_EDGE('',*,*,#5512,.T.);
#5639 = ORIENTED_EDGE('',*,*,#5605,.F.);
#5640 =(GEOMETRIC_REPRESENTATION_CONTEXT(3)GLOBAL_UNCERTAINTY_ASSIGNED_CONTEXT((#5644))GLOBAL_UNIT_ASSIGNED_CONTEXT((#5641,#5642,#5643))REPRESENTATION_CONTEXT('Context #1','3D Context with UNIT and UNCERTAINTY'));
#5641 =(LENGTH_UNIT()NAMED_UNIT(*)SI_UNIT(.MILLI.,.METRE.));
#5642 =(NAMED_UNIT(*)PLANE_ANGLE_UNIT()SI_UNIT($,.RADIAN.));
#5643 =(NAMED_UNIT(*)SI_UNIT($,.STERADIAN.)SOLID_ANGLE_UNIT());
#5644 = UNCERTAINTY_MEASURE_WITH_UNIT(LENGTH_MEASURE(1.E-07),#5641,'distance_accuracy_value','confusion accuracy');
#5645 = CONTEXT_DEPENDENT_SHAPE_REPRESENTATION(#5646,#5648);
#5646 =(REPRESENTATION_RELATIONSHIP('','',#5309,#10)REPRESENTATION_RELATIONSHIP_WITH_TRANSFORMATION(#5647)SHAPE_REPRESENTATION_RELATIONSHIP());
#5647 = ITEM_DEFINED_TRANSFORMATION('','',#11,#67);
#5648 = PRODUCT_DEFINITION_SHAPE('Placement','Placement of an item',#5649);
#5649 = NEXT_ASSEMBLY_USAGE_OCCURRENCE('14','panel_joint_brace_mid','',#5,#5304,$);
#5650 = PRODUCT_RELATED_PRODUCT_CATEGORY('part',$,(#5306));
#5651 = SHAPE_DEFINITION_REPRESENTATION(#5652,#5658);
#5652 = PRODUCT_DEFINITION_SHAPE('','',#5653);
#5653 = PRODUCT_DEFINITION('design','',#5654,#5657);
#5654 = PRODUCT_DEFINITION_FORMATION('','',#5655);
#5655 = PRODUCT('panel_joint_brace_top','panel_joint_brace_top','',(#5656));
#5656 = PRODUCT_CONTEXT('',#2,'mechanical');
#5657 = PRODUCT_DEFINITION_CONTEXT('part definition',#2,'design');
#5658 = ADVANCED_BREP_SHAPE_REPRESENTATION('',(#11,#5659),#5989);
#5659 = MANIFOLD_SOLID_BREP('',#5660);
#5660 = CLOSED_SHELL('',(#5661,#5781,#5881,#5928,#5975,#5982));
#5661 = ADVANCED_FACE('',(#5662),#5676,.F.);
#5662 = FACE_BOUND('',#5663,.F.);
#5663 = EDGE_LOOP('',(#5664,#5699,#5727,#5755));
#5664 = ORIENTED_EDGE('',*,*,#5665,.F.);
#5665 = EDGE_CURVE('',#5666,#5668,#5670,.T.);
#5666 = VERTEX_POINT('',#5667);
#5667 = CARTESIAN_POINT('',(-1.22E+03,1.551917282692E+03,1.990493910407E+03));
#5668 = VERTEX_POINT('',#5669);
#5669 = CARTESIAN_POINT('',(-1.22E+03,1.667619052435E+03,2.128381910168E+03));
#5670 = SURFACE_CURVE('',#5671,(#5675,#5687),.PCURVE_S1.);
#5671 = LINE('',#5672,#5673);
#5672 = CARTESIAN_POINT('',(-1.22E+03,1.551917282692E+03,1.990493910407E+03));
#5673 = VECTOR('',#5674,1.);
#5674 = DIRECTION('',(0.,0.642787609687,0.766044443119));
#5675 = PCURVE('',#5676,#5681);
#5676 = PLANE('',#5677);
#5677 = AXIS2_PLACEMENT_3D('',#5678,#5679,#5680);
#5678 = CARTESIAN_POINT('',(-1.22E+03,1.551917282692E+03,1.990493910407E+03));
#5679 = DIRECTION('',(1.,0.,0.));
#5680 = DIRECTION('',(0.,0.642787609687,0.766044443119));
#5681 = DEFINITIONAL_REPRESENTATION('',(#5682),#5686);
#5682 = LINE('',#5683,#5684);
#5683 = CARTESIAN_POINT('',(0.,0.));
#5684 = VECTOR('',#5685,1.);
#5685 = DIRECTION('',(1.,0.));
#5686 =(GEOMETRIC_REPRESENTATION_CONTEXT(2)PARAMETRIC_REPRESENTATION_CONTEXT()REPRESENTATION_CONTEXT('2D SPACE',''));
#5687 = PCURVE('',#5688,#5693);
#5688 = PLANE('',#5689);
#5689 = AXIS2_PLACEMENT_3D('',#5690,#5691,#5692);
#5690 = CARTESIAN_POINT('',(-1.22E+03,1.551917282692E+03,1.990493910407E+03));
#5691 = DIRECTION('',(0.,0.766044443119,-0.642787609687));
#5692 = DIRECTION('',(0.,0.642787609687,0.766044443119));
#5693 = DEFINITIONAL_REPRESENTATION('',(#5694),#5698);
#5694 = LINE('',#5695,#5696);
#5695 = CARTESIAN_POINT('',(0.,0.));
#5696 = VECTOR('',#5697,1.);
#5697 = DIRECTION('',(1.,0.));
#5698 =(GEOMETRIC_REPRESENTATION_CONTEXT(2)PARAMETRIC_REPRESENTATION_CONTEXT()REPRESENTATION_CONTEXT('2D SPACE',''));
#5699 = ORIENTED_EDGE('',*,*,#5700,.T.);
#5700 = EDGE_CURVE('',#5666,#5701,#5703,.T.);
#5701 = VERTEX_POINT('',#5702);
#5702 = CARTESIAN_POINT('',(-1.22E+03,1.579494882644E+03,1.967353556458E+03));
#5703 = SURFACE_CURVE('',#5704,(#5708,#5715),.PCURVE_S1.);
#5704 = LINE('',#5705,#5706);
#5705 = CARTESIAN_POINT('',(-1.22E+03,1.551917282692E+03,1.990493910407E+03));
#5706 = VECTOR('',#5707,1.);
#5707 = DIRECTION('',(0.,0.766044443119,-0.642787609687));
#5708 = PCURVE('',#5676,#5709);
#5709 = DEFINITIONAL_REPRESENTATION('',(#5710),#5714);
#5710 = LINE('',#5711,#5712);
#5711 = CARTESIAN_POINT('',(0.,0.));
#5712 = VECTOR('',#5713,1.);
#5713 = DIRECTION('',(0.,-1.));
#5714 =(GEOMETRIC_REPRESENTATION_CONTEXT(2)PARAMETRIC_REPRESENTATION_CONTEXT()REPRESENTATION_CONTEXT('2D SPACE',''));
#5715 = PCURVE('',#5716,#5721);
#5716 = PLANE('',#5717);
#5717 = AXIS2_PLACEMENT_3D('',#5718,#5719,#5720);
#5718 = CARTESIAN_POINT('',(-1.22E+03,1.551917282692E+03,1.990493910407E+03));
#5719 = DIRECTION('',(0.,0.642787609687,0.766044443119));
#5720 = DIRECTION('',(1.,0.,0.));
#5721 = DEFINITIONAL_REPRESENTATION('',(#5722),#5726);
#5722 = LINE('',#5723,#5724);
#5723 = CARTESIAN_POINT('',(0.,0.));
#5724 = VECTOR('',#5725,1.);
#5725 = DIRECTION('',(0.,1.));
#5726 =(GEOMETRIC_REPRESENTATION_CONTEXT(2)PARAMETRIC_REPRESENTATION_CONTEXT()REPRESENTATION_CONTEXT('2D SPACE',''));
#5727 = ORIENTED_EDGE('',*,*,#5728,.T.);
#5728 = EDGE_CURVE('',#5701,#5729,#5731,.T.);
#5729 = VERTEX_POINT('',#5730);
#5730 = CARTESIAN_POINT('',(-1.22E+03,1.695196652388E+03,2.105241556219E+03));
#5731 = SURFACE_CURVE('',#5732,(#5736,#5743),.PCURVE_S1.);
#5732 = LINE('',#5733,#5734);
#5733 = CARTESIAN_POINT('',(-1.22E+03,1.579494882644E+03,1.967353556458E+03));
#5734 = VECTOR('',#5735,1.);
#5735 = DIRECTION('',(0.,0.642787609687,0.766044443119));
#5736 = PCURVE('',#5676,#5737);
#5737 = DEFINITIONAL_REPRESENTATION('',(#5738),#5742);
#5738 = LINE('',#5739,#5740);
#5739 = CARTESIAN_POINT('',(5.684341886081E-14,-36.));
#5740 = VECTOR('',#5741,1.);
#5741 = DIRECTION('',(1.,0.));
#5742 =(GEOMETRIC_REPRESENTATION_CONTEXT(2)PARAMETRIC_REPRESENTATION_CONTEXT()REPRESENTATION_CONTEXT('2D SPACE',''));
#5743 = PCURVE('',#5744,#5749);
#5744 = PLANE('',#5745);
#5745 = AXIS2_PLACEMENT_3D('',#5746,#5747,#5748);
#5746 = CARTESIAN_POINT('',(-1.22E+03,1.579494882644E+03,1.967353556458E+03));
#5747 = DIRECTION('',(0.,0.766044443119,-0.642787609687));
#5748 = DIRECTION('',(0.,0.642787609687,0.766044443119));
#5749 = DEFINITIONAL_REPRESENTATION('',(#5750),#5754);
#5750 = LINE('',#5751,#5752);
#5751 = CARTESIAN_POINT('',(0.,0.));
#5752 = VECTOR('',#5753,1.);
#5753 = DIRECTION('',(1.,0.));
#5754 =(GEOMETRIC_REPRESENTATION_CONTEXT(2)PARAMETRIC_REPRESENTATION_CONTEXT()REPRESENTATION_CONTEXT('2D SPACE',''));
#5755 = ORIENTED_EDGE('',*,*,#5756,.F.);
#5756 = EDGE_CURVE('',#5668,#5729,#5757,.T.);
#5757 = SURFACE_CURVE('',#5758,(#5762,#5769),.PCURVE_S1.);
#5758 = LINE('',#5759,#5760);
#5759 = CARTESIAN_POINT('',(-1.22E+03,1.667619052435E+03,2.128381910168E+03));
#5760 = VECTOR('',#5761,1.);
#5761 = DIRECTION('',(0.,0.766044443119,-0.642787609687));
#5762 = PCURVE('',#5676,#5763);
#5763 = DEFINITIONAL_REPRESENTATION('',(#5764),#5768);
#5764 = LINE('',#5765,#5766);
#5765 = CARTESIAN_POINT('',(180.,-2.415845301584E-13));
#5766 = VECTOR('',#5767,1.);
#5767 = DIRECTION('',(0.,-1.));
#5768 =(GEOMETRIC_REPRESENTATION_CONTEXT(2)PARAMETRIC_REPRESENTATION_CONTEXT()REPRESENTATION_CONTEXT('2D SPACE',''));
#5769 = PCURVE('',#5770,#5775);
#5770 = PLANE('',#5771);
#5771 = AXIS2_PLACEMENT_3D('',#5772,#5773,#5774);
#5772 = CARTESIAN_POINT('',(-1.22E+03,1.667619052435E+03,2.128381910168E+03));
#5773 = DIRECTION('',(0.,0.642787609687,0.766044443119));
#5774 = DIRECTION('',(1.,0.,0.));
#5775 = DEFINITIONAL_REPRESENTATION('',(#5776),#5780);
#5776 = LINE('',#5777,#5778);
#5777 = CARTESIAN_POINT('',(0.,0.));
#5778 = VECTOR('',#5779,1.);
#5779 = DIRECTION('',(0.,1.));
#5780 =(GEOMETRIC_REPRESENTATION_CONTEXT(2)PARAMETRIC_REPRESENTATION_CONTEXT()REPRESENTATION_CONTEXT('2D SPACE',''));
#5781 = ADVANCED_FACE('',(#5782),#5796,.T.);
#5782 = FACE_BOUND('',#5783,.T.);
#5783 = EDGE_LOOP('',(#5784,#5814,#5837,#5860));
#5784 = ORIENTED_EDGE('',*,*,#5785,.F.);
#5785 = EDGE_CURVE('',#5786,#5788,#5790,.T.);
#5786 = VERTEX_POINT('',#5787);
#5787 = CARTESIAN_POINT('',(1.22E+03,1.551917282692E+03,1.990493910407E+03));
#5788 = VERTEX_POINT('',#5789);
#5789 = CARTESIAN_POINT('',(1.22E+03,1.667619052435E+03,2.128381910168E+03));
#5790 = SURFACE_CURVE('',#5791,(#5795,#5807),.PCURVE_S1.);
#5791 = LINE('',#5792,#5793);
#5792 = CARTESIAN_POINT('',(1.22E+03,1.551917282692E+03,1.990493910407E+03));
#5793 = VECTOR('',#5794,1.);
#5794 = DIRECTION('',(0.,0.642787609687,0.766044443119));
#5795 = PCURVE('',#5796,#5801);
#5796 = PLANE('',#5797);
#5797 = AXIS2_PLACEMENT_3D('',#5798,#5799,#5800);
#5798 = CARTESIAN_POINT('',(1.22E+03,1.551917282692E+03,1.990493910407E+03));
#5799 = DIRECTION('',(1.,0.,0.));
#5800 = DIRECTION('',(0.,0.642787609687,0.766044443119));
#5801 = DEFINITIONAL_REPRESENTATION('',(#5802),#5806);
#5802 = LINE('',#5803,#5804);
#5803 = CARTESIAN_POINT('',(0.,0.));
#5804 = VECTOR('',#5805,1.);
#5805 = DIRECTION('',(1.,0.));
#5806 =(GEOMETRIC_REPRESENTATION_CONTEXT(2)PARAMETRIC_REPRESENTATION_CONTEXT()REPRESENTATION_CONTEXT('2D SPACE',''));
#5807 = PCURVE('',#5688,#5808);
#5808 = DEFINITIONAL_REPRESENTATION('',(#5809),#5813);
#5809 = LINE('',#5810,#5811);
#5810 = CARTESIAN_POINT('',(0.,2.44E+03));
#5811 = VECTOR('',#5812,1.);
#5812 = DIRECTION('',(1.,0.));
#5813 =(GEOMETRIC_REPRESENTATION_CONTEXT(2)PARAMETRIC_REPRESENTATION_CONTEXT()REPRESENTATION_CONTEXT('2D SPACE',''));
#5814 = ORIENTED_EDGE('',*,*,#5815,.T.);
#5815 = EDGE_CURVE('',#5786,#5816,#5818,.T.);
#5816 = VERTEX_POINT('',#5817);
#5817 = CARTESIAN_POINT('',(1.22E+03,1.579494882644E+03,1.967353556458E+03));
#5818 = SURFACE_CURVE('',#5819,(#5823,#5830),.PCURVE_S1.);
#5819 = LINE('',#5820,#5821);
#5820 = CARTESIAN_POINT('',(1.22E+03,1.551917282692E+03,1.990493910407E+03));
#5821 = VECTOR('',#5822,1.);
#5822 = DIRECTION('',(0.,0.766044443119,-0.642787609687));
#5823 = PCURVE('',#5796,#5824);
#5824 = DEFINITIONAL_REPRESENTATION('',(#5825),#5829);
#5825 = LINE('',#5826,#5827);
#5826 = CARTESIAN_POINT('',(0.,0.));
#5827 = VECTOR('',#5828,1.);
#5828 = DIRECTION('',(0.,-1.));
#5829 =(GEOMETRIC_REPRESENTATION_CONTEXT(2)PARAMETRIC_REPRESENTATION_CONTEXT()REPRESENTATION_CONTEXT('2D SPACE',''));
#5830 = PCURVE('',#5716,#5831);
#5831 = DEFINITIONAL_REPRESENTATION('',(#5832),#5836);
#5832 = LINE('',#5833,#5834);
#5833 = CARTESIAN_POINT('',(2.44E+03,0.));
#5834 = VECTOR('',#5835,1.);
#5835 = DIRECTION('',(0.,1.));
#5836 =(GEOMETRIC_REPRESENTATION_CONTEXT(2)PARAMETRIC_REPRESENTATION_CONTEXT()REPRESENTATION_CONTEXT('2D SPACE',''));
#5837 = ORIENTED_EDGE('',*,*,#5838,.T.);
#5838 = EDGE_CURVE('',#5816,#5839,#5841,.T.);
#5839 = VERTEX_POINT('',#5840);
#5840 = CARTESIAN_POINT('',(1.22E+03,1.695196652388E+03,2.105241556219E+03));
#5841 = SURFACE_CURVE('',#5842,(#5846,#5853),.PCURVE_S1.);
#5842 = LINE('',#5843,#5844);
#5843 = CARTESIAN_POINT('',(1.22E+03,1.579494882644E+03,1.967353556458E+03));
#5844 = VECTOR('',#5845,1.);
#5845 = DIRECTION('',(0.,0.642787609687,0.766044443119));
#5846 = PCURVE('',#5796,#5847);
#5847 = DEFINITIONAL_REPRESENTATION('',(#5848),#5852);
#5848 = LINE('',#5849,#5850);
#5849 = CARTESIAN_POINT('',(5.684341886081E-14,-36.));
#5850 = VECTOR('',#5851,1.);
#5851 = DIRECTION('',(1.,0.));
#5852 =(GEOMETRIC_REPRESENTATION_CONTEXT(2)PARAMETRIC_REPRESENTATION_CONTEXT()REPRESENTATION_CONTEXT('2D SPACE',''));
#5853 = PCURVE('',#5744,#5854);
#5854 = DEFINITIONAL_REPRESENTATION('',(#5855),#5859);
#5855 = LINE('',#5856,#5857);
#5856 = CARTESIAN_POINT('',(0.,2.44E+03));
#5857 = VECTOR('',#5858,1.);
#5858 = DIRECTION('',(1.,0.));
#5859 =(GEOMETRIC_REPRESENTATION_CONTEXT(2)PARAMETRIC_REPRESENTATION_CONTEXT()REPRESENTATION_CONTEXT('2D SPACE',''));
#5860 = ORIENTED_EDGE('',*,*,#5861,.F.);
#5861 = EDGE_CURVE('',#5788,#5839,#5862,.T.);
#5862 = SURFACE_CURVE('',#5863,(#5867,#5874),.PCURVE_S1.);
#5863 = LINE('',#5864,#5865);
#5864 = CARTESIAN_POINT('',(1.22E+03,1.667619052435E+03,2.128381910168E+03));
#5865 = VECTOR('',#5866,1.);
#5866 = DIRECTION('',(0.,0.766044443119,-0.642787609687));
#5867 = PCURVE('',#5796,#5868);
#5868 = DEFINITIONAL_REPRESENTATION('',(#5869),#5873);
#5869 = LINE('',#5870,#5871);
#5870 = CARTESIAN_POINT('',(180.,-2.415845301584E-13));
#5871 = VECTOR('',#5872,1.);
#5872 = DIRECTION('',(0.,-1.));
#5873 =(GEOMETRIC_REPRESENTATION_CONTEXT(2)PARAMETRIC_REPRESENTATION_CONTEXT()REPRESENTATION_CONTEXT('2D SPACE',''));
#5874 = PCURVE('',#5770,#5875);
#5875 = DEFINITIONAL_REPRESENTATION('',(#5876),#5880);
#5876 = LINE('',#5877,#5878);
#5877 = CARTESIAN_POINT('',(2.44E+03,0.));
#5878 = VECTOR('',#5879,1.);
#5879 = DIRECTION('',(0.,1.));
#5880 =(GEOMETRIC_REPRESENTATION_CONTEXT(2)PARAMETRIC_REPRESENTATION_CONTEXT()REPRESENTATION_CONTEXT('2D SPACE',''));
#5881 = ADVANCED_FACE('',(#5882),#5688,.F.);
#5882 = FACE_BOUND('',#5883,.F.);
#5883 = EDGE_LOOP('',(#5884,#5905,#5906,#5927));
#5884 = ORIENTED_EDGE('',*,*,#5885,.F.);
#5885 = EDGE_CURVE('',#5666,#5786,#5886,.T.);
#5886 = SURFACE_CURVE('',#5887,(#5891,#5898),.PCURVE_S1.);
#5887 = LINE('',#5888,#5889);
#5888 = CARTESIAN_POINT('',(-1.22E+03,1.551917282692E+03,1.990493910407E+03));
#5889 = VECTOR('',#5890,1.);
#5890 = DIRECTION('',(1.,0.,0.));
#5891 = PCURVE('',#5688,#5892);
#5892 = DEFINITIONAL_REPRESENTATION('',(#5893),#5897);
#5893 = LINE('',#5894,#5895);
#5894 = CARTESIAN_POINT('',(0.,0.));
#5895 = VECTOR('',#5896,1.);
#5896 = DIRECTION('',(0.,1.));
#5897 =(GEOMETRIC_REPRESENTATION_CONTEXT(2)PARAMETRIC_REPRESENTATION_CONTEXT()REPRESENTATION_CONTEXT('2D SPACE',''));
#5898 = PCURVE('',#5716,#5899);
#5899 = DEFINITIONAL_REPRESENTATION('',(#5900),#5904);
#5900 = LINE('',#5901,#5902);
#5901 = CARTESIAN_POINT('',(0.,0.));
#5902 = VECTOR('',#5903,1.);
#5903 = DIRECTION('',(1.,0.));
#5904 =(GEOMETRIC_REPRESENTATION_CONTEXT(2)PARAMETRIC_REPRESENTATION_CONTEXT()REPRESENTATION_CONTEXT('2D SPACE',''));
#5905 = ORIENTED_EDGE('',*,*,#5665,.T.);
#5906 = ORIENTED_EDGE('',*,*,#5907,.T.);
#5907 = EDGE_CURVE('',#5668,#5788,#5908,.T.);
#5908 = SURFACE_CURVE('',#5909,(#5913,#5920),.PCURVE_S1.);
#5909 = LINE('',#5910,#5911);
#5910 = CARTESIAN_POINT('',(-1.22E+03,1.667619052435E+03,2.128381910168E+03));
#5911 = VECTOR('',#5912,1.);
#5912 = DIRECTION('',(1.,0.,0.));
#5913 = PCURVE('',#5688,#5914);
#5914 = DEFINITIONAL_REPRESENTATION('',(#5915),#5919);
#5915 = LINE('',#5916,#5917);
#5916 = CARTESIAN_POINT('',(180.,0.));
#5917 = VECTOR('',#5918,1.);
#5918 = DIRECTION('',(0.,1.));
#5919 =(GEOMETRIC_REPRESENTATION_CONTEXT(2)PARAMETRIC_REPRESENTATION_CONTEXT()REPRESENTATION_CONTEXT('2D SPACE',''));
#5920 = PCURVE('',#5770,#5921);
#5921 = DEFINITIONAL_REPRESENTATION('',(#5922),#5926);
#5922 = LINE('',#5923,#5924);
#5923 = CARTESIAN_POINT('',(0.,0.));
#5924 = VECTOR('',#5925,1.);
#5925 = DIRECTION('',(1.,0.));
#5926 =(GEOMETRIC_REPRESENTATION_CONTEXT(2)PARAMETRIC_REPRESENTATION_CONTEXT()REPRESENTATION_CONTEXT('2D SPACE',''));
#5927 = ORIENTED_EDGE('',*,*,#5785,.F.);
#5928 = ADVANCED_FACE('',(#5929),#5744,.T.);
#5929 = FACE_BOUND('',#5930,.T.);
#5930 = EDGE_LOOP('',(#5931,#5952,#5953,#5974));
#5931 = ORIENTED_EDGE('',*,*,#5932,.F.);
#5932 = EDGE_CURVE('',#5701,#5816,#5933,.T.);
#5933 = SURFACE_CURVE('',#5934,(#5938,#5945),.PCURVE_S1.);
#5934 = LINE('',#5935,#5936);
#5935 = CARTESIAN_POINT('',(-1.22E+03,1.579494882644E+03,1.967353556458E+03));
#5936 = VECTOR('',#5937,1.);
#5937 = DIRECTION('',(1.,0.,0.));
#5938 = PCURVE('',#5744,#5939);
#5939 = DEFINITIONAL_REPRESENTATION('',(#5940),#5944);
#5940 = LINE('',#5941,#5942);
#5941 = CARTESIAN_POINT('',(0.,0.));
#5942 = VECTOR('',#5943,1.);
#5943 = DIRECTION('',(0.,1.));
#5944 =(GEOMETRIC_REPRESENTATION_CONTEXT(2)PARAMETRIC_REPRESENTATION_CONTEXT()REPRESENTATION_CONTEXT('2D SPACE',''));
#5945 = PCURVE('',#5716,#5946);
#5946 = DEFINITIONAL_REPRESENTATION('',(#5947),#5951);
#5947 = LINE('',#5948,#5949);
#5948 = CARTESIAN_POINT('',(0.,36.));
#5949 = VECTOR('',#5950,1.);
#5950 = DIRECTION('',(1.,0.));
#5951 =(GEOMETRIC_REPRESENTATION_CONTEXT(2)PARAMETRIC_REPRESENTATION_CONTEXT()REPRESENTATION_CONTEXT('2D SPACE',''));
#5952 = ORIENTED_EDGE('',*,*,#5728,.T.);
#5953 = ORIENTED_EDGE('',*,*,#5954,.T.);
#5954 = EDGE_CURVE('',#5729,#5839,#5955,.T.);
#5955 = SURFACE_CURVE('',#5956,(#5960,#5967),.PCURVE_S1.);
#5956 = LINE('',#5957,#5958);
#5957 = CARTESIAN_POINT('',(-1.22E+03,1.695196652388E+03,2.105241556219E+03));
#5958 = VECTOR('',#5959,1.);
#5959 = DIRECTION('',(1.,0.,0.));
#5960 = PCURVE('',#5744,#5961);
#5961 = DEFINITIONAL_REPRESENTATION('',(#5962),#5966);
#5962 = LINE('',#5963,#5964);
#5963 = CARTESIAN_POINT('',(180.,0.));
#5964 = VECTOR('',#5965,1.);
#5965 = DIRECTION('',(0.,1.));
#5966 =(GEOMETRIC_REPRESENTATION_CONTEXT(2)PARAMETRIC_REPRESENTATION_CONTEXT()REPRESENTATION_CONTEXT('2D SPACE',''));
#5967 = PCURVE('',#5770,#5968);
#5968 = DEFINITIONAL_REPRESENTATION('',(#5969),#5973);
#5969 = LINE('',#5970,#5971);
#5970 = CARTESIAN_POINT('',(0.,36.));
#5971 = VECTOR('',#5972,1.);
#5972 = DIRECTION('',(1.,0.));
#5973 =(GEOMETRIC_REPRESENTATION_CONTEXT(2)PARAMETRIC_REPRESENTATION_CONTEXT()REPRESENTATION_CONTEXT('2D SPACE',''));
#5974 = ORIENTED_EDGE('',*,*,#5838,.F.);
#5975 = ADVANCED_FACE('',(#5976),#5716,.F.);
#5976 = FACE_BOUND('',#5977,.F.);
#5977 = EDGE_LOOP('',(#5978,#5979,#5980,#5981));
#5978 = ORIENTED_EDGE('',*,*,#5700,.F.);
#5979 = ORIENTED_EDGE('',*,*,#5885,.T.);
#5980 = ORIENTED_EDGE('',*,*,#5815,.T.);
#5981 = ORIENTED_EDGE('',*,*,#5932,.F.);
#5982 = ADVANCED_FACE('',(#5983),#5770,.T.);
#5983 = FACE_BOUND('',#5984,.T.);
#5984 = EDGE_LOOP('',(#5985,#5986,#5987,#5988));
#5985 = ORIENTED_EDGE('',*,*,#5756,.F.);
#5986 = ORIENTED_EDGE('',*,*,#5907,.T.);
#5987 = ORIENTED_EDGE('',*,*,#5861,.T.);
#5988 = ORIENTED_EDGE('',*,*,#5954,.F.);
#5989 =(GEOMETRIC_REPRESENTATION_CONTEXT(3)GLOBAL_UNCERTAINTY_ASSIGNED_CONTEXT((#5993))GLOBAL_UNIT_ASSIGNED_CONTEXT((#5990,#5991,#5992))REPRESENTATION_CONTEXT('Context #1','3D Context with UNIT and UNCERTAINTY'));
#5990 =(LENGTH_UNIT()NAMED_UNIT(*)SI_UNIT(.MILLI.,.METRE.));
#5991 =(NAMED_UNIT(*)PLANE_ANGLE_UNIT()SI_UNIT($,.RADIAN.));
#5992 =(NAMED_UNIT(*)SI_UNIT($,.STERADIAN.)SOLID_ANGLE_UNIT());
#5993 = UNCERTAINTY_MEASURE_WITH_UNIT(LENGTH_MEASURE(1.E-07),#5990,'distance_accuracy_value','confusion accuracy');
#5994 = CONTEXT_DEPENDENT_SHAPE_REPRESENTATION(#5995,#5997);
#5995 =(REPRESENTATION_RELATIONSHIP('','',#5658,#10)REPRESENTATION_RELATIONSHIP_WITH_TRANSFORMATION(#5996)SHAPE_REPRESENTATION_RELATIONSHIP());
#5996 = ITEM_DEFINED_TRANSFORMATION('','',#11,#71);
#5997 = PRODUCT_DEFINITION_SHAPE('Placement','Placement of an item',#5998);
#5998 = NEXT_ASSEMBLY_USAGE_OCCURRENCE('15','panel_joint_brace_top','',#5,#5653,$);
#5999 = PRODUCT_RELATED_PRODUCT_CATEGORY('part',$,(#5655));
#6000 = SHAPE_DEFINITION_REPRESENTATION(#6001,#6007);
#6001 = PRODUCT_DEFINITION_SHAPE('','',#6002);
#6002 = PRODUCT_DEFINITION('design','',#6003,#6006);
#6003 = PRODUCT_DEFINITION_FORMATION('','',#6004);
#6004 = PRODUCT('rear_tie_low_left','rear_tie_low_left','',(#6005));
#6005 = PRODUCT_CONTEXT('',#2,'mechanical');
#6006 = PRODUCT_DEFINITION_CONTEXT('part definition',#2,'design');
#6007 = ADVANCED_BREP_SHAPE_REPRESENTATION('',(#11,#6008),#6338);
#6008 = MANIFOLD_SOLID_BREP('',#6009);
#6009 = CLOSED_SHELL('',(#6010,#6130,#6230,#6277,#6324,#6331));
#6010 = ADVANCED_FACE('',(#6011),#6025,.F.);
#6011 = FACE_BOUND('',#6012,.F.);
#6012 = EDGE_LOOP('',(#6013,#6048,#6076,#6104));
#6013 = ORIENTED_EDGE('',*,*,#6014,.F.);
#6014 = EDGE_CURVE('',#6015,#6017,#6019,.T.);
#6015 = VERTEX_POINT('',#6016);
#6016 = CARTESIAN_POINT('',(-1.256E+03,419.83141558402,418.43644395402));
#6017 = VERTEX_POINT('',#6018);
#6018 = CARTESIAN_POINT('',(-1.256E+03,419.83141558402,598.43644395402));
#6019 = SURFACE_CURVE('',#6020,(#6024,#6036),.PCURVE_S1.);
#6020 = LINE('',#6021,#6022);
#6021 = CARTESIAN_POINT('',(-1.256E+03,419.83141558402,418.43644395402));
#6022 = VECTOR('',#6023,1.);
#6023 = DIRECTION('',(0.,0.,1.));
#6024 = PCURVE('',#6025,#6030);
#6025 = PLANE('',#6026);
#6026 = AXIS2_PLACEMENT_3D('',#6027,#6028,#6029);
#6027 = CARTESIAN_POINT('',(-1.256E+03,419.83141558402,418.43644395402));
#6028 = DIRECTION('',(1.,0.,0.));
#6029 = DIRECTION('',(0.,0.,1.));
#6030 = DEFINITIONAL_REPRESENTATION('',(#6031),#6035);
#6031 = LINE('',#6032,#6033);
#6032 = CARTESIAN_POINT('',(0.,0.));
#6033 = VECTOR('',#6034,1.);
#6034 = DIRECTION('',(1.,0.));
#6035 =(GEOMETRIC_REPRESENTATION_CONTEXT(2)PARAMETRIC_REPRESENTATION_CONTEXT()REPRESENTATION_CONTEXT('2D SPACE',''));
#6036 = PCURVE('',#6037,#6042);
#6037 = PLANE('',#6038);
#6038 = AXIS2_PLACEMENT_3D('',#6039,#6040,#6041);
#6039 = CARTESIAN_POINT('',(-1.256E+03,419.83141558402,418.43644395402));
#6040 = DIRECTION('',(0.,1.,0.));
#6041 = DIRECTION('',(0.,0.,1.));
#6042 = DEFINITIONAL_REPRESENTATION('',(#6043),#6047);
#6043 = LINE('',#6044,#6045);
#6044 = CARTESIAN_POINT('',(0.,0.));
#6045 = VECTOR('',#6046,1.);
#6046 = DIRECTION('',(1.,0.));
#6047 =(GEOMETRIC_REPRESENTATION_CONTEXT(2)PARAMETRIC_REPRESENTATION_CONTEXT()REPRESENTATION_CONTEXT('2D SPACE',''));
#6048 = ORIENTED_EDGE('',*,*,#6049,.T.);
#6049 = EDGE_CURVE('',#6015,#6050,#6052,.T.);
#6050 = VERTEX_POINT('',#6051);
#6051 = CARTESIAN_POINT('',(-1.256E+03,455.83141558402,418.43644395402));
#6052 = SURFACE_CURVE('',#6053,(#6057,#6064),.PCURVE_S1.);
#6053 = LINE('',#6054,#6055);
#6054 = CARTESIAN_POINT('',(-1.256E+03,419.83141558402,418.43644395402));
#6055 = VECTOR('',#6056,1.);
#6056 = DIRECTION('',(0.,1.,0.));
#6057 = PCURVE('',#6025,#6058);
#6058 = DEFINITIONAL_REPRESENTATION('',(#6059),#6063);
#6059 = LINE('',#6060,#6061);
#6060 = CARTESIAN_POINT('',(0.,0.));
#6061 = VECTOR('',#6062,1.);
#6062 = DIRECTION('',(0.,-1.));
#6063 =(GEOMETRIC_REPRESENTATION_CONTEXT(2)PARAMETRIC_REPRESENTATION_CONTEXT()REPRESENTATION_CONTEXT('2D SPACE',''));
#6064 = PCURVE('',#6065,#6070);
#6065 = PLANE('',#6066);
#6066 = AXIS2_PLACEMENT_3D('',#6067,#6068,#6069);
#6067 = CARTESIAN_POINT('',(-1.256E+03,419.83141558402,418.43644395402));
#6068 = DIRECTION('',(0.,0.,1.));
#6069 = DIRECTION('',(1.,0.,0.));
#6070 = DEFINITIONAL_REPRESENTATION('',(#6071),#6075);
#6071 = LINE('',#6072,#6073);
#6072 = CARTESIAN_POINT('',(0.,0.));
#6073 = VECTOR('',#6074,1.);
#6074 = DIRECTION('',(0.,1.));
#6075 =(GEOMETRIC_REPRESENTATION_CONTEXT(2)PARAMETRIC_REPRESENTATION_CONTEXT()REPRESENTATION_CONTEXT('2D SPACE',''));
#6076 = ORIENTED_EDGE('',*,*,#6077,.T.);
#6077 = EDGE_CURVE('',#6050,#6078,#6080,.T.);
#6078 = VERTEX_POINT('',#6079);
#6079 = CARTESIAN_POINT('',(-1.256E+03,455.83141558402,598.43644395402));
#6080 = SURFACE_CURVE('',#6081,(#6085,#6092),.PCURVE_S1.);
#6081 = LINE('',#6082,#6083);
#6082 = CARTESIAN_POINT('',(-1.256E+03,455.83141558402,418.43644395402));
#6083 = VECTOR('',#6084,1.);
#6084 = DIRECTION('',(0.,0.,1.));
#6085 = PCURVE('',#6025,#6086);
#6086 = DEFINITIONAL_REPRESENTATION('',(#6087),#6091);
#6087 = LINE('',#6088,#6089);
#6088 = CARTESIAN_POINT('',(0.,-36.));
#6089 = VECTOR('',#6090,1.);
#6090 = DIRECTION('',(1.,0.));
#6091 =(GEOMETRIC_REPRESENTATION_CONTEXT(2)PARAMETRIC_REPRESENTATION_CONTEXT()REPRESENTATION_CONTEXT('2D SPACE',''));
#6092 = PCURVE('',#6093,#6098);
#6093 = PLANE('',#6094);
#6094 = AXIS2_PLACEMENT_3D('',#6095,#6096,#6097);
#6095 = CARTESIAN_POINT('',(-1.256E+03,455.83141558402,418.43644395402));
#6096 = DIRECTION('',(0.,1.,0.));
#6097 = DIRECTION('',(0.,0.,1.));
#6098 = DEFINITIONAL_REPRESENTATION('',(#6099),#6103);
#6099 = LINE('',#6100,#6101);
#6100 = CARTESIAN_POINT('',(0.,0.));
#6101 = VECTOR('',#6102,1.);
#6102 = DIRECTION('',(1.,0.));
#6103 =(GEOMETRIC_REPRESENTATION_CONTEXT(2)PARAMETRIC_REPRESENTATION_CONTEXT()REPRESENTATION_CONTEXT('2D SPACE',''));
#6104 = ORIENTED_EDGE('',*,*,#6105,.F.);
#6105 = EDGE_CURVE('',#6017,#6078,#6106,.T.);
#6106 = SURFACE_CURVE('',#6107,(#6111,#6118),.PCURVE_S1.);
#6107 = LINE('',#6108,#6109);
#6108 = CARTESIAN_POINT('',(-1.256E+03,419.83141558402,598.43644395402));
#6109 = VECTOR('',#6110,1.);
#6110 = DIRECTION('',(0.,1.,0.));
#6111 = PCURVE('',#6025,#6112);
#6112 = DEFINITIONAL_REPRESENTATION('',(#6113),#6117);
#6113 = LINE('',#6114,#6115);
#6114 = CARTESIAN_POINT('',(180.,0.));
#6115 = VECTOR('',#6116,1.);
#6116 = DIRECTION('',(0.,-1.));
#6117 =(GEOMETRIC_REPRESENTATION_CONTEXT(2)PARAMETRIC_REPRESENTATION_CONTEXT()REPRESENTATION_CONTEXT('2D SPACE',''));
#6118 = PCURVE('',#6119,#6124);
#6119 = PLANE('',#6120);
#6120 = AXIS2_PLACEMENT_3D('',#6121,#6122,#6123);
#6121 = CARTESIAN_POINT('',(-1.256E+03,419.83141558402,598.43644395402));
#6122 = DIRECTION('',(0.,0.,1.));
#6123 = DIRECTION('',(1.,0.,0.));
#6124 = DEFINITIONAL_REPRESENTATION('',(#6125),#6129);
#6125 = LINE('',#6126,#6127);
#6126 = CARTESIAN_POINT('',(0.,0.));
#6127 = VECTOR('',#6128,1.);
#6128 = DIRECTION('',(0.,1.));
#6129 =(GEOMETRIC_REPRESENTATION_CONTEXT(2)PARAMETRIC_REPRESENTATION_CONTEXT()REPRESENTATION_CONTEXT('2D SPACE',''));
#6130 = ADVANCED_FACE('',(#6131),#6145,.T.);
#6131 = FACE_BOUND('',#6132,.T.);
#6132 = EDGE_LOOP('',(#6133,#6163,#6186,#6209));
#6133 = ORIENTED_EDGE('',*,*,#6134,.F.);
#6134 = EDGE_CURVE('',#6135,#6137,#6139,.T.);
#6135 = VERTEX_POINT('',#6136);
#6136 = CARTESIAN_POINT('',(0.,419.83141558402,418.43644395402));
#6137 = VERTEX_POINT('',#6138);
#6138 = CARTESIAN_POINT('',(0.,419.83141558402,598.43644395402));
#6139 = SURFACE_CURVE('',#6140,(#6144,#6156),.PCURVE_S1.);
#6140 = LINE('',#6141,#6142);
#6141 = CARTESIAN_POINT('',(0.,419.83141558402,418.43644395402));
#6142 = VECTOR('',#6143,1.);
#6143 = DIRECTION('',(0.,0.,1.));
#6144 = PCURVE('',#6145,#6150);
#6145 = PLANE('',#6146);
#6146 = AXIS2_PLACEMENT_3D('',#6147,#6148,#6149);
#6147 = CARTESIAN_POINT('',(0.,419.83141558402,418.43644395402));
#6148 = DIRECTION('',(1.,0.,0.));
#6149 = DIRECTION('',(0.,0.,1.));
#6150 = DEFINITIONAL_REPRESENTATION('',(#6151),#6155);
#6151 = LINE('',#6152,#6153);
#6152 = CARTESIAN_POINT('',(0.,0.));
#6153 = VECTOR('',#6154,1.);
#6154 = DIRECTION('',(1.,0.));
#6155 =(GEOMETRIC_REPRESENTATION_CONTEXT(2)PARAMETRIC_REPRESENTATION_CONTEXT()REPRESENTATION_CONTEXT('2D SPACE',''));
#6156 = PCURVE('',#6037,#6157);
#6157 = DEFINITIONAL_REPRESENTATION('',(#6158),#6162);
#6158 = LINE('',#6159,#6160);
#6159 = CARTESIAN_POINT('',(0.,1.256E+03));
#6160 = VECTOR('',#6161,1.);
#6161 = DIRECTION('',(1.,0.));
#6162 =(GEOMETRIC_REPRESENTATION_CONTEXT(2)PARAMETRIC_REPRESENTATION_CONTEXT()REPRESENTATION_CONTEXT('2D SPACE',''));
#6163 = ORIENTED_EDGE('',*,*,#6164,.T.);
#6164 = EDGE_CURVE('',#6135,#6165,#6167,.T.);
#6165 = VERTEX_POINT('',#6166);
#6166 = CARTESIAN_POINT('',(0.,455.83141558402,418.43644395402));
#6167 = SURFACE_CURVE('',#6168,(#6172,#6179),.PCURVE_S1.);
#6168 = LINE('',#6169,#6170);
#6169 = CARTESIAN_POINT('',(0.,419.83141558402,418.43644395402));
#6170 = VECTOR('',#6171,1.);
#6171 = DIRECTION('',(0.,1.,0.));
#6172 = PCURVE('',#6145,#6173);
#6173 = DEFINITIONAL_REPRESENTATION('',(#6174),#6178);
#6174 = LINE('',#6175,#6176);
#6175 = CARTESIAN_POINT('',(0.,0.));
#6176 = VECTOR('',#6177,1.);
#6177 = DIRECTION('',(0.,-1.));
#6178 =(GEOMETRIC_REPRESENTATION_CONTEXT(2)PARAMETRIC_REPRESENTATION_CONTEXT()REPRESENTATION_CONTEXT('2D SPACE',''));
#6179 = PCURVE('',#6065,#6180);
#6180 = DEFINITIONAL_REPRESENTATION('',(#6181),#6185);
#6181 = LINE('',#6182,#6183);
#6182 = CARTESIAN_POINT('',(1.256E+03,0.));
#6183 = VECTOR('',#6184,1.);
#6184 = DIRECTION('',(0.,1.));
#6185 =(GEOMETRIC_REPRESENTATION_CONTEXT(2)PARAMETRIC_REPRESENTATION_CONTEXT()REPRESENTATION_CONTEXT('2D SPACE',''));
#6186 = ORIENTED_EDGE('',*,*,#6187,.T.);
#6187 = EDGE_CURVE('',#6165,#6188,#6190,.T.);
#6188 = VERTEX_POINT('',#6189);
#6189 = CARTESIAN_POINT('',(0.,455.83141558402,598.43644395402));
#6190 = SURFACE_CURVE('',#6191,(#6195,#6202),.PCURVE_S1.);
#6191 = LINE('',#6192,#6193);
#6192 = CARTESIAN_POINT('',(0.,455.83141558402,418.43644395402));
#6193 = VECTOR('',#6194,1.);
#6194 = DIRECTION('',(0.,0.,1.));
#6195 = PCURVE('',#6145,#6196);
#6196 = DEFINITIONAL_REPRESENTATION('',(#6197),#6201);
#6197 = LINE('',#6198,#6199);
#6198 = CARTESIAN_POINT('',(0.,-36.));
#6199 = VECTOR('',#6200,1.);
#6200 = DIRECTION('',(1.,0.));
#6201 =(GEOMETRIC_REPRESENTATION_CONTEXT(2)PARAMETRIC_REPRESENTATION_CONTEXT()REPRESENTATION_CONTEXT('2D SPACE',''));
#6202 = PCURVE('',#6093,#6203);
#6203 = DEFINITIONAL_REPRESENTATION('',(#6204),#6208);
#6204 = LINE('',#6205,#6206);
#6205 = CARTESIAN_POINT('',(0.,1.256E+03));
#6206 = VECTOR('',#6207,1.);
#6207 = DIRECTION('',(1.,0.));
#6208 =(GEOMETRIC_REPRESENTATION_CONTEXT(2)PARAMETRIC_REPRESENTATION_CONTEXT()REPRESENTATION_CONTEXT('2D SPACE',''));
#6209 = ORIENTED_EDGE('',*,*,#6210,.F.);
#6210 = EDGE_CURVE('',#6137,#6188,#6211,.T.);
#6211 = SURFACE_CURVE('',#6212,(#6216,#6223),.PCURVE_S1.);
#6212 = LINE('',#6213,#6214);
#6213 = CARTESIAN_POINT('',(0.,419.83141558402,598.43644395402));
#6214 = VECTOR('',#6215,1.);
#6215 = DIRECTION('',(0.,1.,0.));
#6216 = PCURVE('',#6145,#6217);
#6217 = DEFINITIONAL_REPRESENTATION('',(#6218),#6222);
#6218 = LINE('',#6219,#6220);
#6219 = CARTESIAN_POINT('',(180.,0.));
#6220 = VECTOR('',#6221,1.);
#6221 = DIRECTION('',(0.,-1.));
#6222 =(GEOMETRIC_REPRESENTATION_CONTEXT(2)PARAMETRIC_REPRESENTATION_CONTEXT()REPRESENTATION_CONTEXT('2D SPACE',''));
#6223 = PCURVE('',#6119,#6224);
#6224 = DEFINITIONAL_REPRESENTATION('',(#6225),#6229);
#6225 = LINE('',#6226,#6227);
#6226 = CARTESIAN_POINT('',(1.256E+03,0.));
#6227 = VECTOR('',#6228,1.);
#6228 = DIRECTION('',(0.,1.));
#6229 =(GEOMETRIC_REPRESENTATION_CONTEXT(2)PARAMETRIC_REPRESENTATION_CONTEXT()REPRESENTATION_CONTEXT('2D SPACE',''));
#6230 = ADVANCED_FACE('',(#6231),#6037,.F.);
#6231 = FACE_BOUND('',#6232,.F.);
#6232 = EDGE_LOOP('',(#6233,#6254,#6255,#6276));
#6233 = ORIENTED_EDGE('',*,*,#6234,.F.);
#6234 = EDGE_CURVE('',#6015,#6135,#6235,.T.);
#6235 = SURFACE_CURVE('',#6236,(#6240,#6247),.PCURVE_S1.);
#6236 = LINE('',#6237,#6238);
#6237 = CARTESIAN_POINT('',(-1.256E+03,419.83141558402,418.43644395402));
#6238 = VECTOR('',#6239,1.);
#6239 = DIRECTION('',(1.,0.,0.));
#6240 = PCURVE('',#6037,#6241);
#6241 = DEFINITIONAL_REPRESENTATION('',(#6242),#6246);
#6242 = LINE('',#6243,#6244);
#6243 = CARTESIAN_POINT('',(0.,0.));
#6244 = VECTOR('',#6245,1.);
#6245 = DIRECTION('',(0.,1.));
#6246 =(GEOMETRIC_REPRESENTATION_CONTEXT(2)PARAMETRIC_REPRESENTATION_CONTEXT()REPRESENTATION_CONTEXT('2D SPACE',''));
#6247 = PCURVE('',#6065,#6248);
#6248 = DEFINITIONAL_REPRESENTATION('',(#6249),#6253);
#6249 = LINE('',#6250,#6251);
#6250 = CARTESIAN_POINT('',(0.,0.));
#6251 = VECTOR('',#6252,1.);
#6252 = DIRECTION('',(1.,0.));
#6253 =(GEOMETRIC_REPRESENTATION_CONTEXT(2)PARAMETRIC_REPRESENTATION_CONTEXT()REPRESENTATION_CONTEXT('2D SPACE',''));
#6254 = ORIENTED_EDGE('',*,*,#6014,.T.);
#6255 = ORIENTED_EDGE('',*,*,#6256,.T.);
#6256 = EDGE_CURVE('',#6017,#6137,#6257,.T.);
#6257 = SURFACE_CURVE('',#6258,(#6262,#6269),.PCURVE_S1.);
#6258 = LINE('',#6259,#6260);
#6259 = CARTESIAN_POINT('',(-1.256E+03,419.83141558402,598.43644395402));
#6260 = VECTOR('',#6261,1.);
#6261 = DIRECTION('',(1.,0.,0.));
#6262 = PCURVE('',#6037,#6263);
#6263 = DEFINITIONAL_REPRESENTATION('',(#6264),#6268);
#6264 = LINE('',#6265,#6266);
#6265 = CARTESIAN_POINT('',(180.,0.));
#6266 = VECTOR('',#6267,1.);
#6267 = DIRECTION('',(0.,1.));
#6268 =(GEOMETRIC_REPRESENTATION_CONTEXT(2)PARAMETRIC_REPRESENTATION_CONTEXT()REPRESENTATION_CONTEXT('2D SPACE',''));
#6269 = PCURVE('',#6119,#6270);
#6270 = DEFINITIONAL_REPRESENTATION('',(#6271),#6275);
#6271 = LINE('',#6272,#6273);
#6272 = CARTESIAN_POINT('',(0.,0.));
#6273 = VECTOR('',#6274,1.);
#6274 = DIRECTION('',(1.,0.));
#6275 =(GEOMETRIC_REPRESENTATION_CONTEXT(2)PARAMETRIC_REPRESENTATION_CONTEXT()REPRESENTATION_CONTEXT('2D SPACE',''));
#6276 = ORIENTED_EDGE('',*,*,#6134,.F.);
#6277 = ADVANCED_FACE('',(#6278),#6093,.T.);
#6278 = FACE_BOUND('',#6279,.T.);
#6279 = EDGE_LOOP('',(#6280,#6301,#6302,#6323));
#6280 = ORIENTED_EDGE('',*,*,#6281,.F.);
#6281 = EDGE_CURVE('',#6050,#6165,#6282,.T.);
#6282 = SURFACE_CURVE('',#6283,(#6287,#6294),.PCURVE_S1.);
#6283 = LINE('',#6284,#6285);
#6284 = CARTESIAN_POINT('',(-1.256E+03,455.83141558402,418.43644395402));
#6285 = VECTOR('',#6286,1.);
#6286 = DIRECTION('',(1.,0.,0.));
#6287 = PCURVE('',#6093,#6288);
#6288 = DEFINITIONAL_REPRESENTATION('',(#6289),#6293);
#6289 = LINE('',#6290,#6291);
#6290 = CARTESIAN_POINT('',(0.,0.));
#6291 = VECTOR('',#6292,1.);
#6292 = DIRECTION('',(0.,1.));
#6293 =(GEOMETRIC_REPRESENTATION_CONTEXT(2)PARAMETRIC_REPRESENTATION_CONTEXT()REPRESENTATION_CONTEXT('2D SPACE',''));
#6294 = PCURVE('',#6065,#6295);
#6295 = DEFINITIONAL_REPRESENTATION('',(#6296),#6300);
#6296 = LINE('',#6297,#6298);
#6297 = CARTESIAN_POINT('',(0.,36.));
#6298 = VECTOR('',#6299,1.);
#6299 = DIRECTION('',(1.,0.));
#6300 =(GEOMETRIC_REPRESENTATION_CONTEXT(2)PARAMETRIC_REPRESENTATION_CONTEXT()REPRESENTATION_CONTEXT('2D SPACE',''));
#6301 = ORIENTED_EDGE('',*,*,#6077,.T.);
#6302 = ORIENTED_EDGE('',*,*,#6303,.T.);
#6303 = EDGE_CURVE('',#6078,#6188,#6304,.T.);
#6304 = SURFACE_CURVE('',#6305,(#6309,#6316),.PCURVE_S1.);
#6305 = LINE('',#6306,#6307);
#6306 = CARTESIAN_POINT('',(-1.256E+03,455.83141558402,598.43644395402));
#6307 = VECTOR('',#6308,1.);
#6308 = DIRECTION('',(1.,0.,0.));
#6309 = PCURVE('',#6093,#6310);
#6310 = DEFINITIONAL_REPRESENTATION('',(#6311),#6315);
#6311 = LINE('',#6312,#6313);
#6312 = CARTESIAN_POINT('',(180.,0.));
#6313 = VECTOR('',#6314,1.);
#6314 = DIRECTION('',(0.,1.));
#6315 =(GEOMETRIC_REPRESENTATION_CONTEXT(2)PARAMETRIC_REPRESENTATION_CONTEXT()REPRESENTATION_CONTEXT('2D SPACE',''));
#6316 = PCURVE('',#6119,#6317);
#6317 = DEFINITIONAL_REPRESENTATION('',(#6318),#6322);
#6318 = LINE('',#6319,#6320);
#6319 = CARTESIAN_POINT('',(0.,36.));
#6320 = VECTOR('',#6321,1.);
#6321 = DIRECTION('',(1.,0.));
#6322 =(GEOMETRIC_REPRESENTATION_CONTEXT(2)PARAMETRIC_REPRESENTATION_CONTEXT()REPRESENTATION_CONTEXT('2D SPACE',''));
#6323 = ORIENTED_EDGE('',*,*,#6187,.F.);
#6324 = ADVANCED_FACE('',(#6325),#6065,.F.);
#6325 = FACE_BOUND('',#6326,.F.);
#6326 = EDGE_LOOP('',(#6327,#6328,#6329,#6330));
#6327 = ORIENTED_EDGE('',*,*,#6049,.F.);
#6328 = ORIENTED_EDGE('',*,*,#6234,.T.);
#6329 = ORIENTED_EDGE('',*,*,#6164,.T.);
#6330 = ORIENTED_EDGE('',*,*,#6281,.F.);
#6331 = ADVANCED_FACE('',(#6332),#6119,.T.);
#6332 = FACE_BOUND('',#6333,.T.);
#6333 = EDGE_LOOP('',(#6334,#6335,#6336,#6337));
#6334 = ORIENTED_EDGE('',*,*,#6105,.F.);
#6335 = ORIENTED_EDGE('',*,*,#6256,.T.);
#6336 = ORIENTED_EDGE('',*,*,#6210,.T.);
#6337 = ORIENTED_EDGE('',*,*,#6303,.F.);
#6338 =(GEOMETRIC_REPRESENTATION_CONTEXT(3)GLOBAL_UNCERTAINTY_ASSIGNED_CONTEXT((#6342))GLOBAL_UNIT_ASSIGNED_CONTEXT((#6339,#6340,#6341))REPRESENTATION_CONTEXT('Context #1','3D Context with UNIT and UNCERTAINTY'));
#6339 =(LENGTH_UNIT()NAMED_UNIT(*)SI_UNIT(.MILLI.,.METRE.));
#6340 =(NAMED_UNIT(*)PLANE_ANGLE_UNIT()SI_UNIT($,.RADIAN.));
#6341 =(NAMED_UNIT(*)SI_UNIT($,.STERADIAN.)SOLID_ANGLE_UNIT());
#6342 = UNCERTAINTY_MEASURE_WITH_UNIT(LENGTH_MEASURE(1.E-07),#6339,'distance_accuracy_value','confusion accuracy');
#6343 = CONTEXT_DEPENDENT_SHAPE_REPRESENTATION(#6344,#6346);
#6344 =(REPRESENTATION_RELATIONSHIP('','',#6007,#10)REPRESENTATION_RELATIONSHIP_WITH_TRANSFORMATION(#6345)SHAPE_REPRESENTATION_RELATIONSHIP());
#6345 = ITEM_DEFINED_TRANSFORMATION('','',#11,#75);
#6346 = PRODUCT_DEFINITION_SHAPE('Placement','Placement of an item',#6347);
#6347 = NEXT_ASSEMBLY_USAGE_OCCURRENCE('16','rear_tie_low_left','',#5,#6002,$);
#6348 = PRODUCT_RELATED_PRODUCT_CATEGORY('part',$,(#6004));
#6349 = SHAPE_DEFINITION_REPRESENTATION(#6350,#6356);
#6350 = PRODUCT_DEFINITION_SHAPE('','',#6351);
#6351 = PRODUCT_DEFINITION('design','',#6352,#6355);
#6352 = PRODUCT_DEFINITION_FORMATION('','',#6353);
#6353 = PRODUCT('rear_tie_low_right','rear_tie_low_right','',(#6354));
#6354 = PRODUCT_CONTEXT('',#2,'mechanical');
#6355 = PRODUCT_DEFINITION_CONTEXT('part definition',#2,'design');
#6356 = ADVANCED_BREP_SHAPE_REPRESENTATION('',(#11,#6357),#6687);
#6357 = MANIFOLD_SOLID_BREP('',#6358);
#6358 = CLOSED_SHELL('',(#6359,#6479,#6579,#6626,#6673,#6680));
#6359 = ADVANCED_FACE('',(#6360),#6374,.F.);
#6360 = FACE_BOUND('',#6361,.F.);
#6361 = EDGE_LOOP('',(#6362,#6397,#6425,#6453));
#6362 = ORIENTED_EDGE('',*,*,#6363,.F.);
#6363 = EDGE_CURVE('',#6364,#6366,#6368,.T.);
#6364 = VERTEX_POINT('',#6365);
#6365 = CARTESIAN_POINT('',(0.,419.83141558402,418.43644395402));
#6366 = VERTEX_POINT('',#6367);
#6367 = CARTESIAN_POINT('',(0.,419.83141558402,598.43644395402));
#6368 = SURFACE_CURVE('',#6369,(#6373,#6385),.PCURVE_S1.);
#6369 = LINE('',#6370,#6371);
#6370 = CARTESIAN_POINT('',(0.,419.83141558402,418.43644395402));
#6371 = VECTOR('',#6372,1.);
#6372 = DIRECTION('',(0.,0.,1.));
#6373 = PCURVE('',#6374,#6379);
#6374 = PLANE('',#6375);
#6375 = AXIS2_PLACEMENT_3D('',#6376,#6377,#6378);
#6376 = CARTESIAN_POINT('',(0.,419.83141558402,418.43644395402));
#6377 = DIRECTION('',(1.,0.,0.));
#6378 = DIRECTION('',(0.,0.,1.));
#6379 = DEFINITIONAL_REPRESENTATION('',(#6380),#6384);
#6380 = LINE('',#6381,#6382);
#6381 = CARTESIAN_POINT('',(0.,0.));
#6382 = VECTOR('',#6383,1.);
#6383 = DIRECTION('',(1.,0.));
#6384 =(GEOMETRIC_REPRESENTATION_CONTEXT(2)PARAMETRIC_REPRESENTATION_CONTEXT()REPRESENTATION_CONTEXT('2D SPACE',''));
#6385 = PCURVE('',#6386,#6391);
#6386 = PLANE('',#6387);
#6387 = AXIS2_PLACEMENT_3D('',#6388,#6389,#6390);
#6388 = CARTESIAN_POINT('',(0.,419.83141558402,418.43644395402));
#6389 = DIRECTION('',(0.,1.,0.));
#6390 = DIRECTION('',(0.,0.,1.));
#6391 = DEFINITIONAL_REPRESENTATION('',(#6392),#6396);
#6392 = LINE('',#6393,#6394);
#6393 = CARTESIAN_POINT('',(0.,0.));
#6394 = VECTOR('',#6395,1.);
#6395 = DIRECTION('',(1.,0.));
#6396 =(GEOMETRIC_REPRESENTATION_CONTEXT(2)PARAMETRIC_REPRESENTATION_CONTEXT()REPRESENTATION_CONTEXT('2D SPACE',''));
#6397 = ORIENTED_EDGE('',*,*,#6398,.T.);
#6398 = EDGE_CURVE('',#6364,#6399,#6401,.T.);
#6399 = VERTEX_POINT('',#6400);
#6400 = CARTESIAN_POINT('',(0.,455.83141558402,418.43644395402));
#6401 = SURFACE_CURVE('',#6402,(#6406,#6413),.PCURVE_S1.);
#6402 = LINE('',#6403,#6404);
#6403 = CARTESIAN_POINT('',(0.,419.83141558402,418.43644395402));
#6404 = VECTOR('',#6405,1.);
#6405 = DIRECTION('',(0.,1.,0.));
#6406 = PCURVE('',#6374,#6407);
#6407 = DEFINITIONAL_REPRESENTATION('',(#6408),#6412);
#6408 = LINE('',#6409,#6410);
#6409 = CARTESIAN_POINT('',(0.,0.));
#6410 = VECTOR('',#6411,1.);
#6411 = DIRECTION('',(0.,-1.));
#6412 =(GEOMETRIC_REPRESENTATION_CONTEXT(2)PARAMETRIC_REPRESENTATION_CONTEXT()REPRESENTATION_CONTEXT('2D SPACE',''));
#6413 = PCURVE('',#6414,#6419);
#6414 = PLANE('',#6415);
#6415 = AXIS2_PLACEMENT_3D('',#6416,#6417,#6418);
#6416 = CARTESIAN_POINT('',(0.,419.83141558402,418.43644395402));
#6417 = DIRECTION('',(0.,0.,1.));
#6418 = DIRECTION('',(1.,0.,0.));
#6419 = DEFINITIONAL_REPRESENTATION('',(#6420),#6424);
#6420 = LINE('',#6421,#6422);
#6421 = CARTESIAN_POINT('',(0.,0.));
#6422 = VECTOR('',#6423,1.);
#6423 = DIRECTION('',(0.,1.));
#6424 =(GEOMETRIC_REPRESENTATION_CONTEXT(2)PARAMETRIC_REPRESENTATION_CONTEXT()REPRESENTATION_CONTEXT('2D SPACE',''));
#6425 = ORIENTED_EDGE('',*,*,#6426,.T.);
#6426 = EDGE_CURVE('',#6399,#6427,#6429,.T.);
#6427 = VERTEX_POINT('',#6428);
#6428 = CARTESIAN_POINT('',(0.,455.83141558402,598.43644395402));
#6429 = SURFACE_CURVE('',#6430,(#6434,#6441),.PCURVE_S1.);
#6430 = LINE('',#6431,#6432);
#6431 = CARTESIAN_POINT('',(0.,455.83141558402,418.43644395402));
#6432 = VECTOR('',#6433,1.);
#6433 = DIRECTION('',(0.,0.,1.));
#6434 = PCURVE('',#6374,#6435);
#6435 = DEFINITIONAL_REPRESENTATION('',(#6436),#6440);
#6436 = LINE('',#6437,#6438);
#6437 = CARTESIAN_POINT('',(0.,-36.));
#6438 = VECTOR('',#6439,1.);
#6439 = DIRECTION('',(1.,0.));
#6440 =(GEOMETRIC_REPRESENTATION_CONTEXT(2)PARAMETRIC_REPRESENTATION_CONTEXT()REPRESENTATION_CONTEXT('2D SPACE',''));
#6441 = PCURVE('',#6442,#6447);
#6442 = PLANE('',#6443);
#6443 = AXIS2_PLACEMENT_3D('',#6444,#6445,#6446);
#6444 = CARTESIAN_POINT('',(0.,455.83141558402,418.43644395402));
#6445 = DIRECTION('',(0.,1.,0.));
#6446 = DIRECTION('',(0.,0.,1.));
#6447 = DEFINITIONAL_REPRESENTATION('',(#6448),#6452);
#6448 = LINE('',#6449,#6450);
#6449 = CARTESIAN_POINT('',(0.,0.));
#6450 = VECTOR('',#6451,1.);
#6451 = DIRECTION('',(1.,0.));
#6452 =(GEOMETRIC_REPRESENTATION_CONTEXT(2)PARAMETRIC_REPRESENTATION_CONTEXT()REPRESENTATION_CONTEXT('2D SPACE',''));
#6453 = ORIENTED_EDGE('',*,*,#6454,.F.);
#6454 = EDGE_CURVE('',#6366,#6427,#6455,.T.);
#6455 = SURFACE_CURVE('',#6456,(#6460,#6467),.PCURVE_S1.);
#6456 = LINE('',#6457,#6458);
#6457 = CARTESIAN_POINT('',(0.,419.83141558402,598.43644395402));
#6458 = VECTOR('',#6459,1.);
#6459 = DIRECTION('',(0.,1.,0.));
#6460 = PCURVE('',#6374,#6461);
#6461 = DEFINITIONAL_REPRESENTATION('',(#6462),#6466);
#6462 = LINE('',#6463,#6464);
#6463 = CARTESIAN_POINT('',(180.,0.));
#6464 = VECTOR('',#6465,1.);
#6465 = DIRECTION('',(0.,-1.));
#6466 =(GEOMETRIC_REPRESENTATION_CONTEXT(2)PARAMETRIC_REPRESENTATION_CONTEXT()REPRESENTATION_CONTEXT('2D SPACE',''));
#6467 = PCURVE('',#6468,#6473);
#6468 = PLANE('',#6469);
#6469 = AXIS2_PLACEMENT_3D('',#6470,#6471,#6472);
#6470 = CARTESIAN_POINT('',(0.,419.83141558402,598.43644395402));
#6471 = DIRECTION('',(0.,0.,1.));
#6472 = DIRECTION('',(1.,0.,0.));
#6473 = DEFINITIONAL_REPRESENTATION('',(#6474),#6478);
#6474 = LINE('',#6475,#6476);
#6475 = CARTESIAN_POINT('',(0.,0.));
#6476 = VECTOR('',#6477,1.);
#6477 = DIRECTION('',(0.,1.));
#6478 =(GEOMETRIC_REPRESENTATION_CONTEXT(2)PARAMETRIC_REPRESENTATION_CONTEXT()REPRESENTATION_CONTEXT('2D SPACE',''));
#6479 = ADVANCED_FACE('',(#6480),#6494,.T.);
#6480 = FACE_BOUND('',#6481,.T.);
#6481 = EDGE_LOOP('',(#6482,#6512,#6535,#6558));
#6482 = ORIENTED_EDGE('',*,*,#6483,.F.);
#6483 = EDGE_CURVE('',#6484,#6486,#6488,.T.);
#6484 = VERTEX_POINT('',#6485);
#6485 = CARTESIAN_POINT('',(1.256E+03,419.83141558402,418.43644395402));
#6486 = VERTEX_POINT('',#6487);
#6487 = CARTESIAN_POINT('',(1.256E+03,419.83141558402,598.43644395402));
#6488 = SURFACE_CURVE('',#6489,(#6493,#6505),.PCURVE_S1.);
#6489 = LINE('',#6490,#6491);
#6490 = CARTESIAN_POINT('',(1.256E+03,419.83141558402,418.43644395402));
#6491 = VECTOR('',#6492,1.);
#6492 = DIRECTION('',(0.,0.,1.));
#6493 = PCURVE('',#6494,#6499);
#6494 = PLANE('',#6495);
#6495 = AXIS2_PLACEMENT_3D('',#6496,#6497,#6498);
#6496 = CARTESIAN_POINT('',(1.256E+03,419.83141558402,418.43644395402));
#6497 = DIRECTION('',(1.,0.,0.));
#6498 = DIRECTION('',(0.,0.,1.));
#6499 = DEFINITIONAL_REPRESENTATION('',(#6500),#6504);
#6500 = LINE('',#6501,#6502);
#6501 = CARTESIAN_POINT('',(0.,0.));
#6502 = VECTOR('',#6503,1.);
#6503 = DIRECTION('',(1.,0.));
#6504 =(GEOMETRIC_REPRESENTATION_CONTEXT(2)PARAMETRIC_REPRESENTATION_CONTEXT()REPRESENTATION_CONTEXT('2D SPACE',''));
#6505 = PCURVE('',#6386,#6506);
#6506 = DEFINITIONAL_REPRESENTATION('',(#6507),#6511);
#6507 = LINE('',#6508,#6509);
#6508 = CARTESIAN_POINT('',(0.,1.256E+03));
#6509 = VECTOR('',#6510,1.);
#6510 = DIRECTION('',(1.,0.));
#6511 =(GEOMETRIC_REPRESENTATION_CONTEXT(2)PARAMETRIC_REPRESENTATION_CONTEXT()REPRESENTATION_CONTEXT('2D SPACE',''));
#6512 = ORIENTED_EDGE('',*,*,#6513,.T.);
#6513 = EDGE_CURVE('',#6484,#6514,#6516,.T.);
#6514 = VERTEX_POINT('',#6515);
#6515 = CARTESIAN_POINT('',(1.256E+03,455.83141558402,418.43644395402));
#6516 = SURFACE_CURVE('',#6517,(#6521,#6528),.PCURVE_S1.);
#6517 = LINE('',#6518,#6519);
#6518 = CARTESIAN_POINT('',(1.256E+03,419.83141558402,418.43644395402));
#6519 = VECTOR('',#6520,1.);
#6520 = DIRECTION('',(0.,1.,0.));
#6521 = PCURVE('',#6494,#6522);
#6522 = DEFINITIONAL_REPRESENTATION('',(#6523),#6527);
#6523 = LINE('',#6524,#6525);
#6524 = CARTESIAN_POINT('',(0.,0.));
#6525 = VECTOR('',#6526,1.);
#6526 = DIRECTION('',(0.,-1.));
#6527 =(GEOMETRIC_REPRESENTATION_CONTEXT(2)PARAMETRIC_REPRESENTATION_CONTEXT()REPRESENTATION_CONTEXT('2D SPACE',''));
#6528 = PCURVE('',#6414,#6529);
#6529 = DEFINITIONAL_REPRESENTATION('',(#6530),#6534);
#6530 = LINE('',#6531,#6532);
#6531 = CARTESIAN_POINT('',(1.256E+03,0.));
#6532 = VECTOR('',#6533,1.);
#6533 = DIRECTION('',(0.,1.));
#6534 =(GEOMETRIC_REPRESENTATION_CONTEXT(2)PARAMETRIC_REPRESENTATION_CONTEXT()REPRESENTATION_CONTEXT('2D SPACE',''));
#6535 = ORIENTED_EDGE('',*,*,#6536,.T.);
#6536 = EDGE_CURVE('',#6514,#6537,#6539,.T.);
#6537 = VERTEX_POINT('',#6538);
#6538 = CARTESIAN_POINT('',(1.256E+03,455.83141558402,598.43644395402));
#6539 = SURFACE_CURVE('',#6540,(#6544,#6551),.PCURVE_S1.);
#6540 = LINE('',#6541,#6542);
#6541 = CARTESIAN_POINT('',(1.256E+03,455.83141558402,418.43644395402));
#6542 = VECTOR('',#6543,1.);
#6543 = DIRECTION('',(0.,0.,1.));
#6544 = PCURVE('',#6494,#6545);
#6545 = DEFINITIONAL_REPRESENTATION('',(#6546),#6550);
#6546 = LINE('',#6547,#6548);
#6547 = CARTESIAN_POINT('',(0.,-36.));
#6548 = VECTOR('',#6549,1.);
#6549 = DIRECTION('',(1.,0.));
#6550 =(GEOMETRIC_REPRESENTATION_CONTEXT(2)PARAMETRIC_REPRESENTATION_CONTEXT()REPRESENTATION_CONTEXT('2D SPACE',''));
#6551 = PCURVE('',#6442,#6552);
#6552 = DEFINITIONAL_REPRESENTATION('',(#6553),#6557);
#6553 = LINE('',#6554,#6555);
#6554 = CARTESIAN_POINT('',(0.,1.256E+03));
#6555 = VECTOR('',#6556,1.);
#6556 = DIRECTION('',(1.,0.));
#6557 =(GEOMETRIC_REPRESENTATION_CONTEXT(2)PARAMETRIC_REPRESENTATION_CONTEXT()REPRESENTATION_CONTEXT('2D SPACE',''));
#6558 = ORIENTED_EDGE('',*,*,#6559,.F.);
#6559 = EDGE_CURVE('',#6486,#6537,#6560,.T.);
#6560 = SURFACE_CURVE('',#6561,(#6565,#6572),.PCURVE_S1.);
#6561 = LINE('',#6562,#6563);
#6562 = CARTESIAN_POINT('',(1.256E+03,419.83141558402,598.43644395402));
#6563 = VECTOR('',#6564,1.);
#6564 = DIRECTION('',(0.,1.,0.));
#6565 = PCURVE('',#6494,#6566);
#6566 = DEFINITIONAL_REPRESENTATION('',(#6567),#6571);
#6567 = LINE('',#6568,#6569);
#6568 = CARTESIAN_POINT('',(180.,0.));
#6569 = VECTOR('',#6570,1.);
#6570 = DIRECTION('',(0.,-1.));
#6571 =(GEOMETRIC_REPRESENTATION_CONTEXT(2)PARAMETRIC_REPRESENTATION_CONTEXT()REPRESENTATION_CONTEXT('2D SPACE',''));
#6572 = PCURVE('',#6468,#6573);
#6573 = DEFINITIONAL_REPRESENTATION('',(#6574),#6578);
#6574 = LINE('',#6575,#6576);
#6575 = CARTESIAN_POINT('',(1.256E+03,0.));
#6576 = VECTOR('',#6577,1.);
#6577 = DIRECTION('',(0.,1.));
#6578 =(GEOMETRIC_REPRESENTATION_CONTEXT(2)PARAMETRIC_REPRESENTATION_CONTEXT()REPRESENTATION_CONTEXT('2D SPACE',''));
#6579 = ADVANCED_FACE('',(#6580),#6386,.F.);
#6580 = FACE_BOUND('',#6581,.F.);
#6581 = EDGE_LOOP('',(#6582,#6603,#6604,#6625));
#6582 = ORIENTED_EDGE('',*,*,#6583,.F.);
#6583 = EDGE_CURVE('',#6364,#6484,#6584,.T.);
#6584 = SURFACE_CURVE('',#6585,(#6589,#6596),.PCURVE_S1.);
#6585 = LINE('',#6586,#6587);
#6586 = CARTESIAN_POINT('',(0.,419.83141558402,418.43644395402));
#6587 = VECTOR('',#6588,1.);
#6588 = DIRECTION('',(1.,0.,0.));
#6589 = PCURVE('',#6386,#6590);
#6590 = DEFINITIONAL_REPRESENTATION('',(#6591),#6595);
#6591 = LINE('',#6592,#6593);
#6592 = CARTESIAN_POINT('',(0.,0.));
#6593 = VECTOR('',#6594,1.);
#6594 = DIRECTION('',(0.,1.));
#6595 =(GEOMETRIC_REPRESENTATION_CONTEXT(2)PARAMETRIC_REPRESENTATION_CONTEXT()REPRESENTATION_CONTEXT('2D SPACE',''));
#6596 = PCURVE('',#6414,#6597);
#6597 = DEFINITIONAL_REPRESENTATION('',(#6598),#6602);
#6598 = LINE('',#6599,#6600);
#6599 = CARTESIAN_POINT('',(0.,0.));
#6600 = VECTOR('',#6601,1.);
#6601 = DIRECTION('',(1.,0.));
#6602 =(GEOMETRIC_REPRESENTATION_CONTEXT(2)PARAMETRIC_REPRESENTATION_CONTEXT()REPRESENTATION_CONTEXT('2D SPACE',''));
#6603 = ORIENTED_EDGE('',*,*,#6363,.T.);
#6604 = ORIENTED_EDGE('',*,*,#6605,.T.);
#6605 = EDGE_CURVE('',#6366,#6486,#6606,.T.);
#6606 = SURFACE_CURVE('',#6607,(#6611,#6618),.PCURVE_S1.);
#6607 = LINE('',#6608,#6609);
#6608 = CARTESIAN_POINT('',(0.,419.83141558402,598.43644395402));
#6609 = VECTOR('',#6610,1.);
#6610 = DIRECTION('',(1.,0.,0.));
#6611 = PCURVE('',#6386,#6612);
#6612 = DEFINITIONAL_REPRESENTATION('',(#6613),#6617);
#6613 = LINE('',#6614,#6615);
#6614 = CARTESIAN_POINT('',(180.,0.));
#6615 = VECTOR('',#6616,1.);
#6616 = DIRECTION('',(0.,1.));
#6617 =(GEOMETRIC_REPRESENTATION_CONTEXT(2)PARAMETRIC_REPRESENTATION_CONTEXT()REPRESENTATION_CONTEXT('2D SPACE',''));
#6618 = PCURVE('',#6468,#6619);
#6619 = DEFINITIONAL_REPRESENTATION('',(#6620),#6624);
#6620 = LINE('',#6621,#6622);
#6621 = CARTESIAN_POINT('',(0.,0.));
#6622 = VECTOR('',#6623,1.);
#6623 = DIRECTION('',(1.,0.));
#6624 =(GEOMETRIC_REPRESENTATION_CONTEXT(2)PARAMETRIC_REPRESENTATION_CONTEXT()REPRESENTATION_CONTEXT('2D SPACE',''));
#6625 = ORIENTED_EDGE('',*,*,#6483,.F.);
#6626 = ADVANCED_FACE('',(#6627),#6442,.T.);
#6627 = FACE_BOUND('',#6628,.T.);
#6628 = EDGE_LOOP('',(#6629,#6650,#6651,#6672));
#6629 = ORIENTED_EDGE('',*,*,#6630,.F.);
#6630 = EDGE_CURVE('',#6399,#6514,#6631,.T.);
#6631 = SURFACE_CURVE('',#6632,(#6636,#6643),.PCURVE_S1.);
#6632 = LINE('',#6633,#6634);
#6633 = CARTESIAN_POINT('',(0.,455.83141558402,418.43644395402));
#6634 = VECTOR('',#6635,1.);
#6635 = DIRECTION('',(1.,0.,0.));
#6636 = PCURVE('',#6442,#6637);
#6637 = DEFINITIONAL_REPRESENTATION('',(#6638),#6642);
#6638 = LINE('',#6639,#6640);
#6639 = CARTESIAN_POINT('',(0.,0.));
#6640 = VECTOR('',#6641,1.);
#6641 = DIRECTION('',(0.,1.));
#6642 =(GEOMETRIC_REPRESENTATION_CONTEXT(2)PARAMETRIC_REPRESENTATION_CONTEXT()REPRESENTATION_CONTEXT('2D SPACE',''));
#6643 = PCURVE('',#6414,#6644);
#6644 = DEFINITIONAL_REPRESENTATION('',(#6645),#6649);
#6645 = LINE('',#6646,#6647);
#6646 = CARTESIAN_POINT('',(0.,36.));
#6647 = VECTOR('',#6648,1.);
#6648 = DIRECTION('',(1.,0.));
#6649 =(GEOMETRIC_REPRESENTATION_CONTEXT(2)PARAMETRIC_REPRESENTATION_CONTEXT()REPRESENTATION_CONTEXT('2D SPACE',''));
#6650 = ORIENTED_EDGE('',*,*,#6426,.T.);
#6651 = ORIENTED_EDGE('',*,*,#6652,.T.);
#6652 = EDGE_CURVE('',#6427,#6537,#6653,.T.);
#6653 = SURFACE_CURVE('',#6654,(#6658,#6665),.PCURVE_S1.);
#6654 = LINE('',#6655,#6656);
#6655 = CARTESIAN_POINT('',(0.,455.83141558402,598.43644395402));
#6656 = VECTOR('',#6657,1.);
#6657 = DIRECTION('',(1.,0.,0.));
#6658 = PCURVE('',#6442,#6659);
#6659 = DEFINITIONAL_REPRESENTATION('',(#6660),#6664);
#6660 = LINE('',#6661,#6662);
#6661 = CARTESIAN_POINT('',(180.,0.));
#6662 = VECTOR('',#6663,1.);
#6663 = DIRECTION('',(0.,1.));
#6664 =(GEOMETRIC_REPRESENTATION_CONTEXT(2)PARAMETRIC_REPRESENTATION_CONTEXT()REPRESENTATION_CONTEXT('2D SPACE',''));
#6665 = PCURVE('',#6468,#6666);
#6666 = DEFINITIONAL_REPRESENTATION('',(#6667),#6671);
#6667 = LINE('',#6668,#6669);
#6668 = CARTESIAN_POINT('',(0.,36.));
#6669 = VECTOR('',#6670,1.);
#6670 = DIRECTION('',(1.,0.));
#6671 =(GEOMETRIC_REPRESENTATION_CONTEXT(2)PARAMETRIC_REPRESENTATION_CONTEXT()REPRESENTATION_CONTEXT('2D SPACE',''));
#6672 = ORIENTED_EDGE('',*,*,#6536,.F.);
#6673 = ADVANCED_FACE('',(#6674),#6414,.F.);
#6674 = FACE_BOUND('',#6675,.F.);
#6675 = EDGE_LOOP('',(#6676,#6677,#6678,#6679));
#6676 = ORIENTED_EDGE('',*,*,#6398,.F.);
#6677 = ORIENTED_EDGE('',*,*,#6583,.T.);
#6678 = ORIENTED_EDGE('',*,*,#6513,.T.);
#6679 = ORIENTED_EDGE('',*,*,#6630,.F.);
#6680 = ADVANCED_FACE('',(#6681),#6468,.T.);
#6681 = FACE_BOUND('',#6682,.T.);
#6682 = EDGE_LOOP('',(#6683,#6684,#6685,#6686));
#6683 = ORIENTED_EDGE('',*,*,#6454,.F.);
#6684 = ORIENTED_EDGE('',*,*,#6605,.T.);
#6685 = ORIENTED_EDGE('',*,*,#6559,.T.);
#6686 = ORIENTED_EDGE('',*,*,#6652,.F.);
#6687 =(GEOMETRIC_REPRESENTATION_CONTEXT(3)GLOBAL_UNCERTAINTY_ASSIGNED_CONTEXT((#6691))GLOBAL_UNIT_ASSIGNED_CONTEXT((#6688,#6689,#6690))REPRESENTATION_CONTEXT('Context #1','3D Context with UNIT and UNCERTAINTY'));
#6688 =(LENGTH_UNIT()NAMED_UNIT(*)SI_UNIT(.MILLI.,.METRE.));
#6689 =(NAMED_UNIT(*)PLANE_ANGLE_UNIT()SI_UNIT($,.RADIAN.));
#6690 =(NAMED_UNIT(*)SI_UNIT($,.STERADIAN.)SOLID_ANGLE_UNIT());
#6691 = UNCERTAINTY_MEASURE_WITH_UNIT(LENGTH_MEASURE(1.E-07),#6688,'distance_accuracy_value','confusion accuracy');
#6692 = CONTEXT_DEPENDENT_SHAPE_REPRESENTATION(#6693,#6695);
#6693 =(REPRESENTATION_RELATIONSHIP('','',#6356,#10)REPRESENTATION_RELATIONSHIP_WITH_TRANSFORMATION(#6694)SHAPE_REPRESENTATION_RELATIONSHIP());
#6694 = ITEM_DEFINED_TRANSFORMATION('','',#11,#79);
#6695 = PRODUCT_DEFINITION_SHAPE('Placement','Placement of an item',#6696);
#6696 = NEXT_ASSEMBLY_USAGE_OCCURRENCE('17','rear_tie_low_right','',#5,#6351,$);
#6697 = PRODUCT_RELATED_PRODUCT_CATEGORY('part',$,(#6353));
#6698 = SHAPE_DEFINITION_REPRESENTATION(#6699,#6705);
#6699 = PRODUCT_DEFINITION_SHAPE('','',#6700);
#6700 = PRODUCT_DEFINITION('design','',#6701,#6704);
#6701 = PRODUCT_DEFINITION_FORMATION('','',#6702);
#6702 = PRODUCT('rear_tie_mid_left','rear_tie_mid_left','',(#6703));
#6703 = PRODUCT_CONTEXT('',#2,'mechanical');
#6704 = PRODUCT_DEFINITION_CONTEXT('part definition',#2,'design');
#6705 = ADVANCED_BREP_SHAPE_REPRESENTATION('',(#11,#6706),#7036);
#6706 = MANIFOLD_SOLID_BREP('',#6707);
#6707 = CLOSED_SHELL('',(#6708,#6828,#6928,#6975,#7022,#7029));
#6708 = ADVANCED_FACE('',(#6709),#6723,.F.);
#6709 = FACE_BOUND('',#6710,.F.);
#6710 = EDGE_LOOP('',(#6711,#6746,#6774,#6802));
#6711 = ORIENTED_EDGE('',*,*,#6712,.F.);
#6712 = EDGE_CURVE('',#6713,#6715,#6717,.T.);
#6713 = VERTEX_POINT('',#6714);
#6714 = CARTESIAN_POINT('',(-1.256E+03,657.66283116803,701.87288790804));
#6715 = VERTEX_POINT('',#6716);
#6716 = CARTESIAN_POINT('',(-1.256E+03,657.66283116803,881.87288790804));
#6717 = SURFACE_CURVE('',#6718,(#6722,#6734),.PCURVE_S1.);
#6718 = LINE('',#6719,#6720);
#6719 = CARTESIAN_POINT('',(-1.256E+03,657.66283116803,701.87288790804));
#6720 = VECTOR('',#6721,1.);
#6721 = DIRECTION('',(0.,0.,1.));
#6722 = PCURVE('',#6723,#6728);
#6723 = PLANE('',#6724);
#6724 = AXIS2_PLACEMENT_3D('',#6725,#6726,#6727);
#6725 = CARTESIAN_POINT('',(-1.256E+03,657.66283116803,701.87288790804));
#6726 = DIRECTION('',(1.,0.,0.));
#6727 = DIRECTION('',(0.,0.,1.));
#6728 = DEFINITIONAL_REPRESENTATION('',(#6729),#6733);
#6729 = LINE('',#6730,#6731);
#6730 = CARTESIAN_POINT('',(0.,0.));
#6731 = VECTOR('',#6732,1.);
#6732 = DIRECTION('',(1.,0.));
#6733 =(GEOMETRIC_REPRESENTATION_CONTEXT(2)PARAMETRIC_REPRESENTATION_CONTEXT()REPRESENTATION_CONTEXT('2D SPACE',''));
#6734 = PCURVE('',#6735,#6740);
#6735 = PLANE('',#6736);
#6736 = AXIS2_PLACEMENT_3D('',#6737,#6738,#6739);
#6737 = CARTESIAN_POINT('',(-1.256E+03,657.66283116803,701.87288790804));
#6738 = DIRECTION('',(0.,1.,0.));
#6739 = DIRECTION('',(0.,0.,1.));
#6740 = DEFINITIONAL_REPRESENTATION('',(#6741),#6745);
#6741 = LINE('',#6742,#6743);
#6742 = CARTESIAN_POINT('',(0.,0.));
#6743 = VECTOR('',#6744,1.);
#6744 = DIRECTION('',(1.,0.));
#6745 =(GEOMETRIC_REPRESENTATION_CONTEXT(2)PARAMETRIC_REPRESENTATION_CONTEXT()REPRESENTATION_CONTEXT('2D SPACE',''));
#6746 = ORIENTED_EDGE('',*,*,#6747,.T.);
#6747 = EDGE_CURVE('',#6713,#6748,#6750,.T.);
#6748 = VERTEX_POINT('',#6749);
#6749 = CARTESIAN_POINT('',(-1.256E+03,693.66283116803,701.87288790804));
#6750 = SURFACE_CURVE('',#6751,(#6755,#6762),.PCURVE_S1.);
#6751 = LINE('',#6752,#6753);
#6752 = CARTESIAN_POINT('',(-1.256E+03,657.66283116803,701.87288790804));
#6753 = VECTOR('',#6754,1.);
#6754 = DIRECTION('',(0.,1.,0.));
#6755 = PCURVE('',#6723,#6756);
#6756 = DEFINITIONAL_REPRESENTATION('',(#6757),#6761);
#6757 = LINE('',#6758,#6759);
#6758 = CARTESIAN_POINT('',(0.,0.));
#6759 = VECTOR('',#6760,1.);
#6760 = DIRECTION('',(0.,-1.));
#6761 =(GEOMETRIC_REPRESENTATION_CONTEXT(2)PARAMETRIC_REPRESENTATION_CONTEXT()REPRESENTATION_CONTEXT('2D SPACE',''));
#6762 = PCURVE('',#6763,#6768);
#6763 = PLANE('',#6764);
#6764 = AXIS2_PLACEMENT_3D('',#6765,#6766,#6767);
#6765 = CARTESIAN_POINT('',(-1.256E+03,657.66283116803,701.87288790804));
#6766 = DIRECTION('',(0.,0.,1.));
#6767 = DIRECTION('',(1.,0.,0.));
#6768 = DEFINITIONAL_REPRESENTATION('',(#6769),#6773);
#6769 = LINE('',#6770,#6771);
#6770 = CARTESIAN_POINT('',(0.,0.));
#6771 = VECTOR('',#6772,1.);
#6772 = DIRECTION('',(0.,1.));
#6773 =(GEOMETRIC_REPRESENTATION_CONTEXT(2)PARAMETRIC_REPRESENTATION_CONTEXT()REPRESENTATION_CONTEXT('2D SPACE',''));
#6774 = ORIENTED_EDGE('',*,*,#6775,.T.);
#6775 = EDGE_CURVE('',#6748,#6776,#6778,.T.);
#6776 = VERTEX_POINT('',#6777);
#6777 = CARTESIAN_POINT('',(-1.256E+03,693.66283116803,881.87288790804));
#6778 = SURFACE_CURVE('',#6779,(#6783,#6790),.PCURVE_S1.);
#6779 = LINE('',#6780,#6781);
#6780 = CARTESIAN_POINT('',(-1.256E+03,693.66283116803,701.87288790804));
#6781 = VECTOR('',#6782,1.);
#6782 = DIRECTION('',(0.,0.,1.));
#6783 = PCURVE('',#6723,#6784);
#6784 = DEFINITIONAL_REPRESENTATION('',(#6785),#6789);
#6785 = LINE('',#6786,#6787);
#6786 = CARTESIAN_POINT('',(0.,-36.));
#6787 = VECTOR('',#6788,1.);
#6788 = DIRECTION('',(1.,0.));
#6789 =(GEOMETRIC_REPRESENTATION_CONTEXT(2)PARAMETRIC_REPRESENTATION_CONTEXT()REPRESENTATION_CONTEXT('2D SPACE',''));
#6790 = PCURVE('',#6791,#6796);
#6791 = PLANE('',#6792);
#6792 = AXIS2_PLACEMENT_3D('',#6793,#6794,#6795);
#6793 = CARTESIAN_POINT('',(-1.256E+03,693.66283116803,701.87288790804));
#6794 = DIRECTION('',(0.,1.,0.));
#6795 = DIRECTION('',(0.,0.,1.));
#6796 = DEFINITIONAL_REPRESENTATION('',(#6797),#6801);
#6797 = LINE('',#6798,#6799);
#6798 = CARTESIAN_POINT('',(0.,0.));
#6799 = VECTOR('',#6800,1.);
#6800 = DIRECTION('',(1.,0.));
#6801 =(GEOMETRIC_REPRESENTATION_CONTEXT(2)PARAMETRIC_REPRESENTATION_CONTEXT()REPRESENTATION_CONTEXT('2D SPACE',''));
#6802 = ORIENTED_EDGE('',*,*,#6803,.F.);
#6803 = EDGE_CURVE('',#6715,#6776,#6804,.T.);
#6804 = SURFACE_CURVE('',#6805,(#6809,#6816),.PCURVE_S1.);
#6805 = LINE('',#6806,#6807);
#6806 = CARTESIAN_POINT('',(-1.256E+03,657.66283116803,881.87288790804));
#6807 = VECTOR('',#6808,1.);
#6808 = DIRECTION('',(0.,1.,0.));
#6809 = PCURVE('',#6723,#6810);
#6810 = DEFINITIONAL_REPRESENTATION('',(#6811),#6815);
#6811 = LINE('',#6812,#6813);
#6812 = CARTESIAN_POINT('',(180.,0.));
#6813 = VECTOR('',#6814,1.);
#6814 = DIRECTION('',(0.,-1.));
#6815 =(GEOMETRIC_REPRESENTATION_CONTEXT(2)PARAMETRIC_REPRESENTATION_CONTEXT()REPRESENTATION_CONTEXT('2D SPACE',''));
#6816 = PCURVE('',#6817,#6822);
#6817 = PLANE('',#6818);
#6818 = AXIS2_PLACEMENT_3D('',#6819,#6820,#6821);
#6819 = CARTESIAN_POINT('',(-1.256E+03,657.66283116803,881.87288790804));
#6820 = DIRECTION('',(0.,0.,1.));
#6821 = DIRECTION('',(1.,0.,0.));
#6822 = DEFINITIONAL_REPRESENTATION('',(#6823),#6827);
#6823 = LINE('',#6824,#6825);
#6824 = CARTESIAN_POINT('',(0.,0.));
#6825 = VECTOR('',#6826,1.);
#6826 = DIRECTION('',(0.,1.));
#6827 =(GEOMETRIC_REPRESENTATION_CONTEXT(2)PARAMETRIC_REPRESENTATION_CONTEXT()REPRESENTATION_CONTEXT('2D SPACE',''));
#6828 = ADVANCED_FACE('',(#6829),#6843,.T.);
#6829 = FACE_BOUND('',#6830,.T.);
#6830 = EDGE_LOOP('',(#6831,#6861,#6884,#6907));
#6831 = ORIENTED_EDGE('',*,*,#6832,.F.);
#6832 = EDGE_CURVE('',#6833,#6835,#6837,.T.);
#6833 = VERTEX_POINT('',#6834);
#6834 = CARTESIAN_POINT('',(0.,657.66283116803,701.87288790804));
#6835 = VERTEX_POINT('',#6836);
#6836 = CARTESIAN_POINT('',(0.,657.66283116803,881.87288790804));
#6837 = SURFACE_CURVE('',#6838,(#6842,#6854),.PCURVE_S1.);
#6838 = LINE('',#6839,#6840);
#6839 = CARTESIAN_POINT('',(0.,657.66283116803,701.87288790804));
#6840 = VECTOR('',#6841,1.);
#6841 = DIRECTION('',(0.,0.,1.));
#6842 = PCURVE('',#6843,#6848);
#6843 = PLANE('',#6844);
#6844 = AXIS2_PLACEMENT_3D('',#6845,#6846,#6847);
#6845 = CARTESIAN_POINT('',(0.,657.66283116803,701.87288790804));
#6846 = DIRECTION('',(1.,0.,0.));
#6847 = DIRECTION('',(0.,0.,1.));
#6848 = DEFINITIONAL_REPRESENTATION('',(#6849),#6853);
#6849 = LINE('',#6850,#6851);
#6850 = CARTESIAN_POINT('',(0.,0.));
#6851 = VECTOR('',#6852,1.);
#6852 = DIRECTION('',(1.,0.));
#6853 =(GEOMETRIC_REPRESENTATION_CONTEXT(2)PARAMETRIC_REPRESENTATION_CONTEXT()REPRESENTATION_CONTEXT('2D SPACE',''));
#6854 = PCURVE('',#6735,#6855);
#6855 = DEFINITIONAL_REPRESENTATION('',(#6856),#6860);
#6856 = LINE('',#6857,#6858);
#6857 = CARTESIAN_POINT('',(0.,1.256E+03));
#6858 = VECTOR('',#6859,1.);
#6859 = DIRECTION('',(1.,0.));
#6860 =(GEOMETRIC_REPRESENTATION_CONTEXT(2)PARAMETRIC_REPRESENTATION_CONTEXT()REPRESENTATION_CONTEXT('2D SPACE',''));
#6861 = ORIENTED_EDGE('',*,*,#6862,.T.);
#6862 = EDGE_CURVE('',#6833,#6863,#6865,.T.);
#6863 = VERTEX_POINT('',#6864);
#6864 = CARTESIAN_POINT('',(0.,693.66283116803,701.87288790804));
#6865 = SURFACE_CURVE('',#6866,(#6870,#6877),.PCURVE_S1.);
#6866 = LINE('',#6867,#6868);
#6867 = CARTESIAN_POINT('',(0.,657.66283116803,701.87288790804));
#6868 = VECTOR('',#6869,1.);
#6869 = DIRECTION('',(0.,1.,0.));
#6870 = PCURVE('',#6843,#6871);
#6871 = DEFINITIONAL_REPRESENTATION('',(#6872),#6876);
#6872 = LINE('',#6873,#6874);
#6873 = CARTESIAN_POINT('',(0.,0.));
#6874 = VECTOR('',#6875,1.);
#6875 = DIRECTION('',(0.,-1.));
#6876 =(GEOMETRIC_REPRESENTATION_CONTEXT(2)PARAMETRIC_REPRESENTATION_CONTEXT()REPRESENTATION_CONTEXT('2D SPACE',''));
#6877 = PCURVE('',#6763,#6878);
#6878 = DEFINITIONAL_REPRESENTATION('',(#6879),#6883);
#6879 = LINE('',#6880,#6881);
#6880 = CARTESIAN_POINT('',(1.256E+03,0.));
#6881 = VECTOR('',#6882,1.);
#6882 = DIRECTION('',(0.,1.));
#6883 =(GEOMETRIC_REPRESENTATION_CONTEXT(2)PARAMETRIC_REPRESENTATION_CONTEXT()REPRESENTATION_CONTEXT('2D SPACE',''));
#6884 = ORIENTED_EDGE('',*,*,#6885,.T.);
#6885 = EDGE_CURVE('',#6863,#6886,#6888,.T.);
#6886 = VERTEX_POINT('',#6887);
#6887 = CARTESIAN_POINT('',(0.,693.66283116803,881.87288790804));
#6888 = SURFACE_CURVE('',#6889,(#6893,#6900),.PCURVE_S1.);
#6889 = LINE('',#6890,#6891);
#6890 = CARTESIAN_POINT('',(0.,693.66283116803,701.87288790804));
#6891 = VECTOR('',#6892,1.);
#6892 = DIRECTION('',(0.,0.,1.));
#6893 = PCURVE('',#6843,#6894);
#6894 = DEFINITIONAL_REPRESENTATION('',(#6895),#6899);
#6895 = LINE('',#6896,#6897);
#6896 = CARTESIAN_POINT('',(0.,-36.));
#6897 = VECTOR('',#6898,1.);
#6898 = DIRECTION('',(1.,0.));
#6899 =(GEOMETRIC_REPRESENTATION_CONTEXT(2)PARAMETRIC_REPRESENTATION_CONTEXT()REPRESENTATION_CONTEXT('2D SPACE',''));
#6900 = PCURVE('',#6791,#6901);
#6901 = DEFINITIONAL_REPRESENTATION('',(#6902),#6906);
#6902 = LINE('',#6903,#6904);
#6903 = CARTESIAN_POINT('',(0.,1.256E+03));
#6904 = VECTOR('',#6905,1.);
#6905 = DIRECTION('',(1.,0.));
#6906 =(GEOMETRIC_REPRESENTATION_CONTEXT(2)PARAMETRIC_REPRESENTATION_CONTEXT()REPRESENTATION_CONTEXT('2D SPACE',''));
#6907 = ORIENTED_EDGE('',*,*,#6908,.F.);
#6908 = EDGE_CURVE('',#6835,#6886,#6909,.T.);
#6909 = SURFACE_CURVE('',#6910,(#6914,#6921),.PCURVE_S1.);
#6910 = LINE('',#6911,#6912);
#6911 = CARTESIAN_POINT('',(0.,657.66283116803,881.87288790804));
#6912 = VECTOR('',#6913,1.);
#6913 = DIRECTION('',(0.,1.,0.));
#6914 = PCURVE('',#6843,#6915);
#6915 = DEFINITIONAL_REPRESENTATION('',(#6916),#6920);
#6916 = LINE('',#6917,#6918);
#6917 = CARTESIAN_POINT('',(180.,0.));
#6918 = VECTOR('',#6919,1.);
#6919 = DIRECTION('',(0.,-1.));
#6920 =(GEOMETRIC_REPRESENTATION_CONTEXT(2)PARAMETRIC_REPRESENTATION_CONTEXT()REPRESENTATION_CONTEXT('2D SPACE',''));
#6921 = PCURVE('',#6817,#6922);
#6922 = DEFINITIONAL_REPRESENTATION('',(#6923),#6927);
#6923 = LINE('',#6924,#6925);
#6924 = CARTESIAN_POINT('',(1.256E+03,0.));
#6925 = VECTOR('',#6926,1.);
#6926 = DIRECTION('',(0.,1.));
#6927 =(GEOMETRIC_REPRESENTATION_CONTEXT(2)PARAMETRIC_REPRESENTATION_CONTEXT()REPRESENTATION_CONTEXT('2D SPACE',''));
#6928 = ADVANCED_FACE('',(#6929),#6735,.F.);
#6929 = FACE_BOUND('',#6930,.F.);
#6930 = EDGE_LOOP('',(#6931,#6952,#6953,#6974));
#6931 = ORIENTED_EDGE('',*,*,#6932,.F.);
#6932 = EDGE_CURVE('',#6713,#6833,#6933,.T.);
#6933 = SURFACE_CURVE('',#6934,(#6938,#6945),.PCURVE_S1.);
#6934 = LINE('',#6935,#6936);
#6935 = CARTESIAN_POINT('',(-1.256E+03,657.66283116803,701.87288790804));
#6936 = VECTOR('',#6937,1.);
#6937 = DIRECTION('',(1.,0.,0.));
#6938 = PCURVE('',#6735,#6939);
#6939 = DEFINITIONAL_REPRESENTATION('',(#6940),#6944);
#6940 = LINE('',#6941,#6942);
#6941 = CARTESIAN_POINT('',(0.,0.));
#6942 = VECTOR('',#6943,1.);
#6943 = DIRECTION('',(0.,1.));
#6944 =(GEOMETRIC_REPRESENTATION_CONTEXT(2)PARAMETRIC_REPRESENTATION_CONTEXT()REPRESENTATION_CONTEXT('2D SPACE',''));
#6945 = PCURVE('',#6763,#6946);
#6946 = DEFINITIONAL_REPRESENTATION('',(#6947),#6951);
#6947 = LINE('',#6948,#6949);
#6948 = CARTESIAN_POINT('',(0.,0.));
#6949 = VECTOR('',#6950,1.);
#6950 = DIRECTION('',(1.,0.));
#6951 =(GEOMETRIC_REPRESENTATION_CONTEXT(2)PARAMETRIC_REPRESENTATION_CONTEXT()REPRESENTATION_CONTEXT('2D SPACE',''));
#6952 = ORIENTED_EDGE('',*,*,#6712,.T.);
#6953 = ORIENTED_EDGE('',*,*,#6954,.T.);
#6954 = EDGE_CURVE('',#6715,#6835,#6955,.T.);
#6955 = SURFACE_CURVE('',#6956,(#6960,#6967),.PCURVE_S1.);
#6956 = LINE('',#6957,#6958);
#6957 = CARTESIAN_POINT('',(-1.256E+03,657.66283116803,881.87288790804));
#6958 = VECTOR('',#6959,1.);
#6959 = DIRECTION('',(1.,0.,0.));
#6960 = PCURVE('',#6735,#6961);
#6961 = DEFINITIONAL_REPRESENTATION('',(#6962),#6966);
#6962 = LINE('',#6963,#6964);
#6963 = CARTESIAN_POINT('',(180.,0.));
#6964 = VECTOR('',#6965,1.);
#6965 = DIRECTION('',(0.,1.));
#6966 =(GEOMETRIC_REPRESENTATION_CONTEXT(2)PARAMETRIC_REPRESENTATION_CONTEXT()REPRESENTATION_CONTEXT('2D SPACE',''));
#6967 = PCURVE('',#6817,#6968);
#6968 = DEFINITIONAL_REPRESENTATION('',(#6969),#6973);
#6969 = LINE('',#6970,#6971);
#6970 = CARTESIAN_POINT('',(0.,0.));
#6971 = VECTOR('',#6972,1.);
#6972 = DIRECTION('',(1.,0.));
#6973 =(GEOMETRIC_REPRESENTATION_CONTEXT(2)PARAMETRIC_REPRESENTATION_CONTEXT()REPRESENTATION_CONTEXT('2D SPACE',''));
#6974 = ORIENTED_EDGE('',*,*,#6832,.F.);
#6975 = ADVANCED_FACE('',(#6976),#6791,.T.);
#6976 = FACE_BOUND('',#6977,.T.);
#6977 = EDGE_LOOP('',(#6978,#6999,#7000,#7021));
#6978 = ORIENTED_EDGE('',*,*,#6979,.F.);
#6979 = EDGE_CURVE('',#6748,#6863,#6980,.T.);
#6980 = SURFACE_CURVE('',#6981,(#6985,#6992),.PCURVE_S1.);
#6981 = LINE('',#6982,#6983);
#6982 = CARTESIAN_POINT('',(-1.256E+03,693.66283116803,701.87288790804));
#6983 = VECTOR('',#6984,1.);
#6984 = DIRECTION('',(1.,0.,0.));
#6985 = PCURVE('',#6791,#6986);
#6986 = DEFINITIONAL_REPRESENTATION('',(#6987),#6991);
#6987 = LINE('',#6988,#6989);
#6988 = CARTESIAN_POINT('',(0.,0.));
#6989 = VECTOR('',#6990,1.);
#6990 = DIRECTION('',(0.,1.));
#6991 =(GEOMETRIC_REPRESENTATION_CONTEXT(2)PARAMETRIC_REPRESENTATION_CONTEXT()REPRESENTATION_CONTEXT('2D SPACE',''));
#6992 = PCURVE('',#6763,#6993);
#6993 = DEFINITIONAL_REPRESENTATION('',(#6994),#6998);
#6994 = LINE('',#6995,#6996);
#6995 = CARTESIAN_POINT('',(0.,36.));
#6996 = VECTOR('',#6997,1.);
#6997 = DIRECTION('',(1.,0.));
#6998 =(GEOMETRIC_REPRESENTATION_CONTEXT(2)PARAMETRIC_REPRESENTATION_CONTEXT()REPRESENTATION_CONTEXT('2D SPACE',''));
#6999 = ORIENTED_EDGE('',*,*,#6775,.T.);
#7000 = ORIENTED_EDGE('',*,*,#7001,.T.);
#7001 = EDGE_CURVE('',#6776,#6886,#7002,.T.);
#7002 = SURFACE_CURVE('',#7003,(#7007,#7014),.PCURVE_S1.);
#7003 = LINE('',#7004,#7005);
#7004 = CARTESIAN_POINT('',(-1.256E+03,693.66283116803,881.87288790804));
#7005 = VECTOR('',#7006,1.);
#7006 = DIRECTION('',(1.,0.,0.));
#7007 = PCURVE('',#6791,#7008);
#7008 = DEFINITIONAL_REPRESENTATION('',(#7009),#7013);
#7009 = LINE('',#7010,#7011);
#7010 = CARTESIAN_POINT('',(180.,0.));
#7011 = VECTOR('',#7012,1.);
#7012 = DIRECTION('',(0.,1.));
#7013 =(GEOMETRIC_REPRESENTATION_CONTEXT(2)PARAMETRIC_REPRESENTATION_CONTEXT()REPRESENTATION_CONTEXT('2D SPACE',''));
#7014 = PCURVE('',#6817,#7015);
#7015 = DEFINITIONAL_REPRESENTATION('',(#7016),#7020);
#7016 = LINE('',#7017,#7018);
#7017 = CARTESIAN_POINT('',(0.,36.));
#7018 = VECTOR('',#7019,1.);
#7019 = DIRECTION('',(1.,0.));
#7020 =(GEOMETRIC_REPRESENTATION_CONTEXT(2)PARAMETRIC_REPRESENTATION_CONTEXT()REPRESENTATION_CONTEXT('2D SPACE',''));
#7021 = ORIENTED_EDGE('',*,*,#6885,.F.);
#7022 = ADVANCED_FACE('',(#7023),#6763,.F.);
#7023 = FACE_BOUND('',#7024,.F.);
#7024 = EDGE_LOOP('',(#7025,#7026,#7027,#7028));
#7025 = ORIENTED_EDGE('',*,*,#6747,.F.);
#7026 = ORIENTED_EDGE('',*,*,#6932,.T.);
#7027 = ORIENTED_EDGE('',*,*,#6862,.T.);
#7028 = ORIENTED_EDGE('',*,*,#6979,.F.);
#7029 = ADVANCED_FACE('',(#7030),#6817,.T.);
#7030 = FACE_BOUND('',#7031,.T.);
#7031 = EDGE_LOOP('',(#7032,#7033,#7034,#7035));
#7032 = ORIENTED_EDGE('',*,*,#6803,.F.);
#7033 = ORIENTED_EDGE('',*,*,#6954,.T.);
#7034 = ORIENTED_EDGE('',*,*,#6908,.T.);
#7035 = ORIENTED_EDGE('',*,*,#7001,.F.);
#7036 =(GEOMETRIC_REPRESENTATION_CONTEXT(3)GLOBAL_UNCERTAINTY_ASSIGNED_CONTEXT((#7040))GLOBAL_UNIT_ASSIGNED_CONTEXT((#7037,#7038,#7039))REPRESENTATION_CONTEXT('Context #1','3D Context with UNIT and UNCERTAINTY'));
#7037 =(LENGTH_UNIT()NAMED_UNIT(*)SI_UNIT(.MILLI.,.METRE.));
#7038 =(NAMED_UNIT(*)PLANE_ANGLE_UNIT()SI_UNIT($,.RADIAN.));
#7039 =(NAMED_UNIT(*)SI_UNIT($,.STERADIAN.)SOLID_ANGLE_UNIT());
#7040 = UNCERTAINTY_MEASURE_WITH_UNIT(LENGTH_MEASURE(1.E-07),#7037,'distance_accuracy_value','confusion accuracy');
#7041 = CONTEXT_DEPENDENT_SHAPE_REPRESENTATION(#7042,#7044);
#7042 =(REPRESENTATION_RELATIONSHIP('','',#6705,#10)REPRESENTATION_RELATIONSHIP_WITH_TRANSFORMATION(#7043)SHAPE_REPRESENTATION_RELATIONSHIP());
#7043 = ITEM_DEFINED_TRANSFORMATION('','',#11,#83);
#7044 = PRODUCT_DEFINITION_SHAPE('Placement','Placement of an item',#7045);
#7045 = NEXT_ASSEMBLY_USAGE_OCCURRENCE('18','rear_tie_mid_left','',#5,#6700,$);
#7046 = PRODUCT_RELATED_PRODUCT_CATEGORY('part',$,(#6702));
#7047 = SHAPE_DEFINITION_REPRESENTATION(#7048,#7054);
#7048 = PRODUCT_DEFINITION_SHAPE('','',#7049);
#7049 = PRODUCT_DEFINITION('design','',#7050,#7053);
#7050 = PRODUCT_DEFINITION_FORMATION('','',#7051);
#7051 = PRODUCT('rear_tie_mid_right','rear_tie_mid_right','',(#7052));
#7052 = PRODUCT_CONTEXT('',#2,'mechanical');
#7053 = PRODUCT_DEFINITION_CONTEXT('part definition',#2,'design');
#7054 = ADVANCED_BREP_SHAPE_REPRESENTATION('',(#11,#7055),#7385);
#7055 = MANIFOLD_SOLID_BREP('',#7056);
#7056 = CLOSED_SHELL('',(#7057,#7177,#7277,#7324,#7371,#7378));
#7057 = ADVANCED_FACE('',(#7058),#7072,.F.);
#7058 = FACE_BOUND('',#7059,.F.);
#7059 = EDGE_LOOP('',(#7060,#7095,#7123,#7151));
#7060 = ORIENTED_EDGE('',*,*,#7061,.F.);
#7061 = EDGE_CURVE('',#7062,#7064,#7066,.T.);
#7062 = VERTEX_POINT('',#7063);
#7063 = CARTESIAN_POINT('',(0.,657.66283116803,701.87288790804));
#7064 = VERTEX_POINT('',#7065);
#7065 = CARTESIAN_POINT('',(0.,657.66283116803,881.87288790804));
#7066 = SURFACE_CURVE('',#7067,(#7071,#7083),.PCURVE_S1.);
#7067 = LINE('',#7068,#7069);
#7068 = CARTESIAN_POINT('',(0.,657.66283116803,701.87288790804));
#7069 = VECTOR('',#7070,1.);
#7070 = DIRECTION('',(0.,0.,1.));
#7071 = PCURVE('',#7072,#7077);
#7072 = PLANE('',#7073);
#7073 = AXIS2_PLACEMENT_3D('',#7074,#7075,#7076);
#7074 = CARTESIAN_POINT('',(0.,657.66283116803,701.87288790804));
#7075 = DIRECTION('',(1.,0.,0.));
#7076 = DIRECTION('',(0.,0.,1.));
#7077 = DEFINITIONAL_REPRESENTATION('',(#7078),#7082);
#7078 = LINE('',#7079,#7080);
#7079 = CARTESIAN_POINT('',(0.,0.));
#7080 = VECTOR('',#7081,1.);
#7081 = DIRECTION('',(1.,0.));
#7082 =(GEOMETRIC_REPRESENTATION_CONTEXT(2)PARAMETRIC_REPRESENTATION_CONTEXT()REPRESENTATION_CONTEXT('2D SPACE',''));
#7083 = PCURVE('',#7084,#7089);
#7084 = PLANE('',#7085);
#7085 = AXIS2_PLACEMENT_3D('',#7086,#7087,#7088);
#7086 = CARTESIAN_POINT('',(0.,657.66283116803,701.87288790804));
#7087 = DIRECTION('',(0.,1.,0.));
#7088 = DIRECTION('',(0.,0.,1.));
#7089 = DEFINITIONAL_REPRESENTATION('',(#7090),#7094);
#7090 = LINE('',#7091,#7092);
#7091 = CARTESIAN_POINT('',(0.,0.));
#7092 = VECTOR('',#7093,1.);
#7093 = DIRECTION('',(1.,0.));
#7094 =(GEOMETRIC_REPRESENTATION_CONTEXT(2)PARAMETRIC_REPRESENTATION_CONTEXT()REPRESENTATION_CONTEXT('2D SPACE',''));
#7095 = ORIENTED_EDGE('',*,*,#7096,.T.);
#7096 = EDGE_CURVE('',#7062,#7097,#7099,.T.);
#7097 = VERTEX_POINT('',#7098);
#7098 = CARTESIAN_POINT('',(0.,693.66283116803,701.87288790804));
#7099 = SURFACE_CURVE('',#7100,(#7104,#7111),.PCURVE_S1.);
#7100 = LINE('',#7101,#7102);
#7101 = CARTESIAN_POINT('',(0.,657.66283116803,701.87288790804));
#7102 = VECTOR('',#7103,1.);
#7103 = DIRECTION('',(0.,1.,0.));
#7104 = PCURVE('',#7072,#7105);
#7105 = DEFINITIONAL_REPRESENTATION('',(#7106),#7110);
#7106 = LINE('',#7107,#7108);
#7107 = CARTESIAN_POINT('',(0.,0.));
#7108 = VECTOR('',#7109,1.);
#7109 = DIRECTION('',(0.,-1.));
#7110 =(GEOMETRIC_REPRESENTATION_CONTEXT(2)PARAMETRIC_REPRESENTATION_CONTEXT()REPRESENTATION_CONTEXT('2D SPACE',''));
#7111 = PCURVE('',#7112,#7117);
#7112 = PLANE('',#7113);
#7113 = AXIS2_PLACEMENT_3D('',#7114,#7115,#7116);
#7114 = CARTESIAN_POINT('',(0.,657.66283116803,701.87288790804));
#7115 = DIRECTION('',(0.,0.,1.));
#7116 = DIRECTION('',(1.,0.,0.));
#7117 = DEFINITIONAL_REPRESENTATION('',(#7118),#7122);
#7118 = LINE('',#7119,#7120);
#7119 = CARTESIAN_POINT('',(0.,0.));
#7120 = VECTOR('',#7121,1.);
#7121 = DIRECTION('',(0.,1.));
#7122 =(GEOMETRIC_REPRESENTATION_CONTEXT(2)PARAMETRIC_REPRESENTATION_CONTEXT()REPRESENTATION_CONTEXT('2D SPACE',''));
#7123 = ORIENTED_EDGE('',*,*,#7124,.T.);
#7124 = EDGE_CURVE('',#7097,#7125,#7127,.T.);
#7125 = VERTEX_POINT('',#7126);
#7126 = CARTESIAN_POINT('',(0.,693.66283116803,881.87288790804));
#7127 = SURFACE_CURVE('',#7128,(#7132,#7139),.PCURVE_S1.);
#7128 = LINE('',#7129,#7130);
#7129 = CARTESIAN_POINT('',(0.,693.66283116803,701.87288790804));
#7130 = VECTOR('',#7131,1.);
#7131 = DIRECTION('',(0.,0.,1.));
#7132 = PCURVE('',#7072,#7133);
#7133 = DEFINITIONAL_REPRESENTATION('',(#7134),#7138);
#7134 = LINE('',#7135,#7136);
#7135 = CARTESIAN_POINT('',(0.,-36.));
#7136 = VECTOR('',#7137,1.);
#7137 = DIRECTION('',(1.,0.));
#7138 =(GEOMETRIC_REPRESENTATION_CONTEXT(2)PARAMETRIC_REPRESENTATION_CONTEXT()REPRESENTATION_CONTEXT('2D SPACE',''));
#7139 = PCURVE('',#7140,#7145);
#7140 = PLANE('',#7141);
#7141 = AXIS2_PLACEMENT_3D('',#7142,#7143,#7144);
#7142 = CARTESIAN_POINT('',(0.,693.66283116803,701.87288790804));
#7143 = DIRECTION('',(0.,1.,0.));
#7144 = DIRECTION('',(0.,0.,1.));
#7145 = DEFINITIONAL_REPRESENTATION('',(#7146),#7150);
#7146 = LINE('',#7147,#7148);
#7147 = CARTESIAN_POINT('',(0.,0.));
#7148 = VECTOR('',#7149,1.);
#7149 = DIRECTION('',(1.,0.));
#7150 =(GEOMETRIC_REPRESENTATION_CONTEXT(2)PARAMETRIC_REPRESENTATION_CONTEXT()REPRESENTATION_CONTEXT('2D SPACE',''));
#7151 = ORIENTED_EDGE('',*,*,#7152,.F.);
#7152 = EDGE_CURVE('',#7064,#7125,#7153,.T.);
#7153 = SURFACE_CURVE('',#7154,(#7158,#7165),.PCURVE_S1.);
#7154 = LINE('',#7155,#7156);
#7155 = CARTESIAN_POINT('',(0.,657.66283116803,881.87288790804));
#7156 = VECTOR('',#7157,1.);
#7157 = DIRECTION('',(0.,1.,0.));
#7158 = PCURVE('',#7072,#7159);
#7159 = DEFINITIONAL_REPRESENTATION('',(#7160),#7164);
#7160 = LINE('',#7161,#7162);
#7161 = CARTESIAN_POINT('',(180.,0.));
#7162 = VECTOR('',#7163,1.);
#7163 = DIRECTION('',(0.,-1.));
#7164 =(GEOMETRIC_REPRESENTATION_CONTEXT(2)PARAMETRIC_REPRESENTATION_CONTEXT()REPRESENTATION_CONTEXT('2D SPACE',''));
#7165 = PCURVE('',#7166,#7171);
#7166 = PLANE('',#7167);
#7167 = AXIS2_PLACEMENT_3D('',#7168,#7169,#7170);
#7168 = CARTESIAN_POINT('',(0.,657.66283116803,881.87288790804));
#7169 = DIRECTION('',(0.,0.,1.));
#7170 = DIRECTION('',(1.,0.,0.));
#7171 = DEFINITIONAL_REPRESENTATION('',(#7172),#7176);
#7172 = LINE('',#7173,#7174);
#7173 = CARTESIAN_POINT('',(0.,0.));
#7174 = VECTOR('',#7175,1.);
#7175 = DIRECTION('',(0.,1.));
#7176 =(GEOMETRIC_REPRESENTATION_CONTEXT(2)PARAMETRIC_REPRESENTATION_CONTEXT()REPRESENTATION_CONTEXT('2D SPACE',''));
#7177 = ADVANCED_FACE('',(#7178),#7192,.T.);
#7178 = FACE_BOUND('',#7179,.T.);
#7179 = EDGE_LOOP('',(#7180,#7210,#7233,#7256));
#7180 = ORIENTED_EDGE('',*,*,#7181,.F.);
#7181 = EDGE_CURVE('',#7182,#7184,#7186,.T.);
#7182 = VERTEX_POINT('',#7183);
#7183 = CARTESIAN_POINT('',(1.256E+03,657.66283116803,701.87288790804));
#7184 = VERTEX_POINT('',#7185);
#7185 = CARTESIAN_POINT('',(1.256E+03,657.66283116803,881.87288790804));
#7186 = SURFACE_CURVE('',#7187,(#7191,#7203),.PCURVE_S1.);
#7187 = LINE('',#7188,#7189);
#7188 = CARTESIAN_POINT('',(1.256E+03,657.66283116803,701.87288790804));
#7189 = VECTOR('',#7190,1.);
#7190 = DIRECTION('',(0.,0.,1.));
#7191 = PCURVE('',#7192,#7197);
#7192 = PLANE('',#7193);
#7193 = AXIS2_PLACEMENT_3D('',#7194,#7195,#7196);
#7194 = CARTESIAN_POINT('',(1.256E+03,657.66283116803,701.87288790804));
#7195 = DIRECTION('',(1.,0.,0.));
#7196 = DIRECTION('',(0.,0.,1.));
#7197 = DEFINITIONAL_REPRESENTATION('',(#7198),#7202);
#7198 = LINE('',#7199,#7200);
#7199 = CARTESIAN_POINT('',(0.,0.));
#7200 = VECTOR('',#7201,1.);
#7201 = DIRECTION('',(1.,0.));
#7202 =(GEOMETRIC_REPRESENTATION_CONTEXT(2)PARAMETRIC_REPRESENTATION_CONTEXT()REPRESENTATION_CONTEXT('2D SPACE',''));
#7203 = PCURVE('',#7084,#7204);
#7204 = DEFINITIONAL_REPRESENTATION('',(#7205),#7209);
#7205 = LINE('',#7206,#7207);
#7206 = CARTESIAN_POINT('',(0.,1.256E+03));
#7207 = VECTOR('',#7208,1.);
#7208 = DIRECTION('',(1.,0.));
#7209 =(GEOMETRIC_REPRESENTATION_CONTEXT(2)PARAMETRIC_REPRESENTATION_CONTEXT()REPRESENTATION_CONTEXT('2D SPACE',''));
#7210 = ORIENTED_EDGE('',*,*,#7211,.T.);
#7211 = EDGE_CURVE('',#7182,#7212,#7214,.T.);
#7212 = VERTEX_POINT('',#7213);
#7213 = CARTESIAN_POINT('',(1.256E+03,693.66283116803,701.87288790804));
#7214 = SURFACE_CURVE('',#7215,(#7219,#7226),.PCURVE_S1.);
#7215 = LINE('',#7216,#7217);
#7216 = CARTESIAN_POINT('',(1.256E+03,657.66283116803,701.87288790804));
#7217 = VECTOR('',#7218,1.);
#7218 = DIRECTION('',(0.,1.,0.));
#7219 = PCURVE('',#7192,#7220);
#7220 = DEFINITIONAL_REPRESENTATION('',(#7221),#7225);
#7221 = LINE('',#7222,#7223);
#7222 = CARTESIAN_POINT('',(0.,0.));
#7223 = VECTOR('',#7224,1.);
#7224 = DIRECTION('',(0.,-1.));
#7225 =(GEOMETRIC_REPRESENTATION_CONTEXT(2)PARAMETRIC_REPRESENTATION_CONTEXT()REPRESENTATION_CONTEXT('2D SPACE',''));
#7226 = PCURVE('',#7112,#7227);
#7227 = DEFINITIONAL_REPRESENTATION('',(#7228),#7232);
#7228 = LINE('',#7229,#7230);
#7229 = CARTESIAN_POINT('',(1.256E+03,0.));
#7230 = VECTOR('',#7231,1.);
#7231 = DIRECTION('',(0.,1.));
#7232 =(GEOMETRIC_REPRESENTATION_CONTEXT(2)PARAMETRIC_REPRESENTATION_CONTEXT()REPRESENTATION_CONTEXT('2D SPACE',''));
#7233 = ORIENTED_EDGE('',*,*,#7234,.T.);
#7234 = EDGE_CURVE('',#7212,#7235,#7237,.T.);
#7235 = VERTEX_POINT('',#7236);
#7236 = CARTESIAN_POINT('',(1.256E+03,693.66283116803,881.87288790804));
#7237 = SURFACE_CURVE('',#7238,(#7242,#7249),.PCURVE_S1.);
#7238 = LINE('',#7239,#7240);
#7239 = CARTESIAN_POINT('',(1.256E+03,693.66283116803,701.87288790804));
#7240 = VECTOR('',#7241,1.);
#7241 = DIRECTION('',(0.,0.,1.));
#7242 = PCURVE('',#7192,#7243);
#7243 = DEFINITIONAL_REPRESENTATION('',(#7244),#7248);
#7244 = LINE('',#7245,#7246);
#7245 = CARTESIAN_POINT('',(0.,-36.));
#7246 = VECTOR('',#7247,1.);
#7247 = DIRECTION('',(1.,0.));
#7248 =(GEOMETRIC_REPRESENTATION_CONTEXT(2)PARAMETRIC_REPRESENTATION_CONTEXT()REPRESENTATION_CONTEXT('2D SPACE',''));
#7249 = PCURVE('',#7140,#7250);
#7250 = DEFINITIONAL_REPRESENTATION('',(#7251),#7255);
#7251 = LINE('',#7252,#7253);
#7252 = CARTESIAN_POINT('',(0.,1.256E+03));
#7253 = VECTOR('',#7254,1.);
#7254 = DIRECTION('',(1.,0.));
#7255 =(GEOMETRIC_REPRESENTATION_CONTEXT(2)PARAMETRIC_REPRESENTATION_CONTEXT()REPRESENTATION_CONTEXT('2D SPACE',''));
#7256 = ORIENTED_EDGE('',*,*,#7257,.F.);
#7257 = EDGE_CURVE('',#7184,#7235,#7258,.T.);
#7258 = SURFACE_CURVE('',#7259,(#7263,#7270),.PCURVE_S1.);
#7259 = LINE('',#7260,#7261);
#7260 = CARTESIAN_POINT('',(1.256E+03,657.66283116803,881.87288790804));
#7261 = VECTOR('',#7262,1.);
#7262 = DIRECTION('',(0.,1.,0.));
#7263 = PCURVE('',#7192,#7264);
#7264 = DEFINITIONAL_REPRESENTATION('',(#7265),#7269);
#7265 = LINE('',#7266,#7267);
#7266 = CARTESIAN_POINT('',(180.,0.));
#7267 = VECTOR('',#7268,1.);
#7268 = DIRECTION('',(0.,-1.));
#7269 =(GEOMETRIC_REPRESENTATION_CONTEXT(2)PARAMETRIC_REPRESENTATION_CONTEXT()REPRESENTATION_CONTEXT('2D SPACE',''));
#7270 = PCURVE('',#7166,#7271);
#7271 = DEFINITIONAL_REPRESENTATION('',(#7272),#7276);
#7272 = LINE('',#7273,#7274);
#7273 = CARTESIAN_POINT('',(1.256E+03,0.));
#7274 = VECTOR('',#7275,1.);
#7275 = DIRECTION('',(0.,1.));
#7276 =(GEOMETRIC_REPRESENTATION_CONTEXT(2)PARAMETRIC_REPRESENTATION_CONTEXT()REPRESENTATION_CONTEXT('2D SPACE',''));
#7277 = ADVANCED_FACE('',(#7278),#7084,.F.);
#7278 = FACE_BOUND('',#7279,.F.);
#7279 = EDGE_LOOP('',(#7280,#7301,#7302,#7323));
#7280 = ORIENTED_EDGE('',*,*,#7281,.F.);
#7281 = EDGE_CURVE('',#7062,#7182,#7282,.T.);
#7282 = SURFACE_CURVE('',#7283,(#7287,#7294),.PCURVE_S1.);
#7283 = LINE('',#7284,#7285);
#7284 = CARTESIAN_POINT('',(0.,657.66283116803,701.87288790804));
#7285 = VECTOR('',#7286,1.);
#7286 = DIRECTION('',(1.,0.,0.));
#7287 = PCURVE('',#7084,#7288);
#7288 = DEFINITIONAL_REPRESENTATION('',(#7289),#7293);
#7289 = LINE('',#7290,#7291);
#7290 = CARTESIAN_POINT('',(0.,0.));
#7291 = VECTOR('',#7292,1.);
#7292 = DIRECTION('',(0.,1.));
#7293 =(GEOMETRIC_REPRESENTATION_CONTEXT(2)PARAMETRIC_REPRESENTATION_CONTEXT()REPRESENTATION_CONTEXT('2D SPACE',''));
#7294 = PCURVE('',#7112,#7295);
#7295 = DEFINITIONAL_REPRESENTATION('',(#7296),#7300);
#7296 = LINE('',#7297,#7298);
#7297 = CARTESIAN_POINT('',(0.,0.));
#7298 = VECTOR('',#7299,1.);
#7299 = DIRECTION('',(1.,0.));
#7300 =(GEOMETRIC_REPRESENTATION_CONTEXT(2)PARAMETRIC_REPRESENTATION_CONTEXT()REPRESENTATION_CONTEXT('2D SPACE',''));
#7301 = ORIENTED_EDGE('',*,*,#7061,.T.);
#7302 = ORIENTED_EDGE('',*,*,#7303,.T.);
#7303 = EDGE_CURVE('',#7064,#7184,#7304,.T.);
#7304 = SURFACE_CURVE('',#7305,(#7309,#7316),.PCURVE_S1.);
#7305 = LINE('',#7306,#7307);
#7306 = CARTESIAN_POINT('',(0.,657.66283116803,881.87288790804));
#7307 = VECTOR('',#7308,1.);
#7308 = DIRECTION('',(1.,0.,0.));
#7309 = PCURVE('',#7084,#7310);
#7310 = DEFINITIONAL_REPRESENTATION('',(#7311),#7315);
#7311 = LINE('',#7312,#7313);
#7312 = CARTESIAN_POINT('',(180.,0.));
#7313 = VECTOR('',#7314,1.);
#7314 = DIRECTION('',(0.,1.));
#7315 =(GEOMETRIC_REPRESENTATION_CONTEXT(2)PARAMETRIC_REPRESENTATION_CONTEXT()REPRESENTATION_CONTEXT('2D SPACE',''));
#7316 = PCURVE('',#7166,#7317);
#7317 = DEFINITIONAL_REPRESENTATION('',(#7318),#7322);
#7318 = LINE('',#7319,#7320);
#7319 = CARTESIAN_POINT('',(0.,0.));
#7320 = VECTOR('',#7321,1.);
#7321 = DIRECTION('',(1.,0.));
#7322 =(GEOMETRIC_REPRESENTATION_CONTEXT(2)PARAMETRIC_REPRESENTATION_CONTEXT()REPRESENTATION_CONTEXT('2D SPACE',''));
#7323 = ORIENTED_EDGE('',*,*,#7181,.F.);
#7324 = ADVANCED_FACE('',(#7325),#7140,.T.);
#7325 = FACE_BOUND('',#7326,.T.);
#7326 = EDGE_LOOP('',(#7327,#7348,#7349,#7370));
#7327 = ORIENTED_EDGE('',*,*,#7328,.F.);
#7328 = EDGE_CURVE('',#7097,#7212,#7329,.T.);
#7329 = SURFACE_CURVE('',#7330,(#7334,#7341),.PCURVE_S1.);
#7330 = LINE('',#7331,#7332);
#7331 = CARTESIAN_POINT('',(0.,693.66283116803,701.87288790804));
#7332 = VECTOR('',#7333,1.);
#7333 = DIRECTION('',(1.,0.,0.));
#7334 = PCURVE('',#7140,#7335);
#7335 = DEFINITIONAL_REPRESENTATION('',(#7336),#7340);
#7336 = LINE('',#7337,#7338);
#7337 = CARTESIAN_POINT('',(0.,0.));
#7338 = VECTOR('',#7339,1.);
#7339 = DIRECTION('',(0.,1.));
#7340 =(GEOMETRIC_REPRESENTATION_CONTEXT(2)PARAMETRIC_REPRESENTATION_CONTEXT()REPRESENTATION_CONTEXT('2D SPACE',''));
#7341 = PCURVE('',#7112,#7342);
#7342 = DEFINITIONAL_REPRESENTATION('',(#7343),#7347);
#7343 = LINE('',#7344,#7345);
#7344 = CARTESIAN_POINT('',(0.,36.));
#7345 = VECTOR('',#7346,1.);
#7346 = DIRECTION('',(1.,0.));
#7347 =(GEOMETRIC_REPRESENTATION_CONTEXT(2)PARAMETRIC_REPRESENTATION_CONTEXT()REPRESENTATION_CONTEXT('2D SPACE',''));
#7348 = ORIENTED_EDGE('',*,*,#7124,.T.);
#7349 = ORIENTED_EDGE('',*,*,#7350,.T.);
#7350 = EDGE_CURVE('',#7125,#7235,#7351,.T.);
#7351 = SURFACE_CURVE('',#7352,(#7356,#7363),.PCURVE_S1.);
#7352 = LINE('',#7353,#7354);
#7353 = CARTESIAN_POINT('',(0.,693.66283116803,881.87288790804));
#7354 = VECTOR('',#7355,1.);
#7355 = DIRECTION('',(1.,0.,0.));
#7356 = PCURVE('',#7140,#7357);
#7357 = DEFINITIONAL_REPRESENTATION('',(#7358),#7362);
#7358 = LINE('',#7359,#7360);
#7359 = CARTESIAN_POINT('',(180.,0.));
#7360 = VECTOR('',#7361,1.);
#7361 = DIRECTION('',(0.,1.));
#7362 =(GEOMETRIC_REPRESENTATION_CONTEXT(2)PARAMETRIC_REPRESENTATION_CONTEXT()REPRESENTATION_CONTEXT('2D SPACE',''));
#7363 = PCURVE('',#7166,#7364);
#7364 = DEFINITIONAL_REPRESENTATION('',(#7365),#7369);
#7365 = LINE('',#7366,#7367);
#7366 = CARTESIAN_POINT('',(0.,36.));
#7367 = VECTOR('',#7368,1.);
#7368 = DIRECTION('',(1.,0.));
#7369 =(GEOMETRIC_REPRESENTATION_CONTEXT(2)PARAMETRIC_REPRESENTATION_CONTEXT()REPRESENTATION_CONTEXT('2D SPACE',''));
#7370 = ORIENTED_EDGE('',*,*,#7234,.F.);
#7371 = ADVANCED_FACE('',(#7372),#7112,.F.);
#7372 = FACE_BOUND('',#7373,.F.);
#7373 = EDGE_LOOP('',(#7374,#7375,#7376,#7377));
#7374 = ORIENTED_EDGE('',*,*,#7096,.F.);
#7375 = ORIENTED_EDGE('',*,*,#7281,.T.);
#7376 = ORIENTED_EDGE('',*,*,#7211,.T.);
#7377 = ORIENTED_EDGE('',*,*,#7328,.F.);
#7378 = ADVANCED_FACE('',(#7379),#7166,.T.);
#7379 = FACE_BOUND('',#7380,.T.);
#7380 = EDGE_LOOP('',(#7381,#7382,#7383,#7384));
#7381 = ORIENTED_EDGE('',*,*,#7152,.F.);
#7382 = ORIENTED_EDGE('',*,*,#7303,.T.);
#7383 = ORIENTED_EDGE('',*,*,#7257,.T.);
#7384 = ORIENTED_EDGE('',*,*,#7350,.F.);
#7385 =(GEOMETRIC_REPRESENTATION_CONTEXT(3)GLOBAL_UNCERTAINTY_ASSIGNED_CONTEXT((#7389))GLOBAL_UNIT_ASSIGNED_CONTEXT((#7386,#7387,#7388))REPRESENTATION_CONTEXT('Context #1','3D Context with UNIT and UNCERTAINTY'));
#7386 =(LENGTH_UNIT()NAMED_UNIT(*)SI_UNIT(.MILLI.,.METRE.));
#7387 =(NAMED_UNIT(*)PLANE_ANGLE_UNIT()SI_UNIT($,.RADIAN.));
#7388 =(NAMED_UNIT(*)SI_UNIT($,.STERADIAN.)SOLID_ANGLE_UNIT());
#7389 = UNCERTAINTY_MEASURE_WITH_UNIT(LENGTH_MEASURE(1.E-07),#7386,'distance_accuracy_value','confusion accuracy');
#7390 = CONTEXT_DEPENDENT_SHAPE_REPRESENTATION(#7391,#7393);
#7391 =(REPRESENTATION_RELATIONSHIP('','',#7054,#10)REPRESENTATION_RELATIONSHIP_WITH_TRANSFORMATION(#7392)SHAPE_REPRESENTATION_RELATIONSHIP());
#7392 = ITEM_DEFINED_TRANSFORMATION('','',#11,#87);
#7393 = PRODUCT_DEFINITION_SHAPE('Placement','Placement of an item',#7394);
#7394 = NEXT_ASSEMBLY_USAGE_OCCURRENCE('19','rear_tie_mid_right','',#5,#7049,$);
#7395 = PRODUCT_RELATED_PRODUCT_CATEGORY('part',$,(#7051));
#7396 = SHAPE_DEFINITION_REPRESENTATION(#7397,#7403);
#7397 = PRODUCT_DEFINITION_SHAPE('','',#7398);
#7398 = PRODUCT_DEFINITION('design','',#7399,#7402);
#7399 = PRODUCT_DEFINITION_FORMATION('','',#7400);
#7400 = PRODUCT('rear_tie_top_left','rear_tie_top_left','',(#7401));
#7401 = PRODUCT_CONTEXT('',#2,'mechanical');
#7402 = PRODUCT_DEFINITION_CONTEXT('part definition',#2,'design');
#7403 = ADVANCED_BREP_SHAPE_REPRESENTATION('',(#11,#7404),#7734);
#7404 = MANIFOLD_SOLID_BREP('',#7405);
#7405 = CLOSED_SHELL('',(#7406,#7526,#7626,#7673,#7720,#7727));
#7406 = ADVANCED_FACE('',(#7407),#7421,.F.);
#7407 = FACE_BOUND('',#7408,.F.);
#7408 = EDGE_LOOP('',(#7409,#7444,#7472,#7500));
#7409 = ORIENTED_EDGE('',*,*,#7410,.F.);
#7410 = EDGE_CURVE('',#7411,#7413,#7415,.T.);
#7411 = VERTEX_POINT('',#7412);
#7412 = CARTESIAN_POINT('',(-1.256E+03,895.49424675205,985.30933186206));
#7413 = VERTEX_POINT('',#7414);
#7414 = CARTESIAN_POINT('',(-1.256E+03,895.49424675205,1.165309331862E+03));
#7415 = SURFACE_CURVE('',#7416,(#7420,#7432),.PCURVE_S1.);
#7416 = LINE('',#7417,#7418);
#7417 = CARTESIAN_POINT('',(-1.256E+03,895.49424675205,985.30933186206));
#7418 = VECTOR('',#7419,1.);
#7419 = DIRECTION('',(0.,0.,1.));
#7420 = PCURVE('',#7421,#7426);
#7421 = PLANE('',#7422);
#7422 = AXIS2_PLACEMENT_3D('',#7423,#7424,#7425);
#7423 = CARTESIAN_POINT('',(-1.256E+03,895.49424675205,985.30933186206));
#7424 = DIRECTION('',(1.,0.,0.));
#7425 = DIRECTION('',(0.,0.,1.));
#7426 = DEFINITIONAL_REPRESENTATION('',(#7427),#7431);
#7427 = LINE('',#7428,#7429);
#7428 = CARTESIAN_POINT('',(0.,0.));
#7429 = VECTOR('',#7430,1.);
#7430 = DIRECTION('',(1.,0.));
#7431 =(GEOMETRIC_REPRESENTATION_CONTEXT(2)PARAMETRIC_REPRESENTATION_CONTEXT()REPRESENTATION_CONTEXT('2D SPACE',''));
#7432 = PCURVE('',#7433,#7438);
#7433 = PLANE('',#7434);
#7434 = AXIS2_PLACEMENT_3D('',#7435,#7436,#7437);
#7435 = CARTESIAN_POINT('',(-1.256E+03,895.49424675205,985.30933186206));
#7436 = DIRECTION('',(0.,1.,0.));
#7437 = DIRECTION('',(0.,0.,1.));
#7438 = DEFINITIONAL_REPRESENTATION('',(#7439),#7443);
#7439 = LINE('',#7440,#7441);
#7440 = CARTESIAN_POINT('',(0.,0.));
#7441 = VECTOR('',#7442,1.);
#7442 = DIRECTION('',(1.,0.));
#7443 =(GEOMETRIC_REPRESENTATION_CONTEXT(2)PARAMETRIC_REPRESENTATION_CONTEXT()REPRESENTATION_CONTEXT('2D SPACE',''));
#7444 = ORIENTED_EDGE('',*,*,#7445,.T.);
#7445 = EDGE_CURVE('',#7411,#7446,#7448,.T.);
#7446 = VERTEX_POINT('',#7447);
#7447 = CARTESIAN_POINT('',(-1.256E+03,931.49424675205,985.30933186206));
#7448 = SURFACE_CURVE('',#7449,(#7453,#7460),.PCURVE_S1.);
#7449 = LINE('',#7450,#7451);
#7450 = CARTESIAN_POINT('',(-1.256E+03,895.49424675205,985.30933186206));
#7451 = VECTOR('',#7452,1.);
#7452 = DIRECTION('',(0.,1.,0.));
#7453 = PCURVE('',#7421,#7454);
#7454 = DEFINITIONAL_REPRESENTATION('',(#7455),#7459);
#7455 = LINE('',#7456,#7457);
#7456 = CARTESIAN_POINT('',(0.,0.));
#7457 = VECTOR('',#7458,1.);
#7458 = DIRECTION('',(0.,-1.));
#7459 =(GEOMETRIC_REPRESENTATION_CONTEXT(2)PARAMETRIC_REPRESENTATION_CONTEXT()REPRESENTATION_CONTEXT('2D SPACE',''));
#7460 = PCURVE('',#7461,#7466);
#7461 = PLANE('',#7462);
#7462 = AXIS2_PLACEMENT_3D('',#7463,#7464,#7465);
#7463 = CARTESIAN_POINT('',(-1.256E+03,895.49424675205,985.30933186206));
#7464 = DIRECTION('',(0.,0.,1.));
#7465 = DIRECTION('',(1.,0.,0.));
#7466 = DEFINITIONAL_REPRESENTATION('',(#7467),#7471);
#7467 = LINE('',#7468,#7469);
#7468 = CARTESIAN_POINT('',(0.,0.));
#7469 = VECTOR('',#7470,1.);
#7470 = DIRECTION('',(0.,1.));
#7471 =(GEOMETRIC_REPRESENTATION_CONTEXT(2)PARAMETRIC_REPRESENTATION_CONTEXT()REPRESENTATION_CONTEXT('2D SPACE',''));
#7472 = ORIENTED_EDGE('',*,*,#7473,.T.);
#7473 = EDGE_CURVE('',#7446,#7474,#7476,.T.);
#7474 = VERTEX_POINT('',#7475);
#7475 = CARTESIAN_POINT('',(-1.256E+03,931.49424675205,1.165309331862E+03));
#7476 = SURFACE_CURVE('',#7477,(#7481,#7488),.PCURVE_S1.);
#7477 = LINE('',#7478,#7479);
#7478 = CARTESIAN_POINT('',(-1.256E+03,931.49424675205,985.30933186206));
#7479 = VECTOR('',#7480,1.);
#7480 = DIRECTION('',(0.,0.,1.));
#7481 = PCURVE('',#7421,#7482);
#7482 = DEFINITIONAL_REPRESENTATION('',(#7483),#7487);
#7483 = LINE('',#7484,#7485);
#7484 = CARTESIAN_POINT('',(0.,-36.));
#7485 = VECTOR('',#7486,1.);
#7486 = DIRECTION('',(1.,0.));
#7487 =(GEOMETRIC_REPRESENTATION_CONTEXT(2)PARAMETRIC_REPRESENTATION_CONTEXT()REPRESENTATION_CONTEXT('2D SPACE',''));
#7488 = PCURVE('',#7489,#7494);
#7489 = PLANE('',#7490);
#7490 = AXIS2_PLACEMENT_3D('',#7491,#7492,#7493);
#7491 = CARTESIAN_POINT('',(-1.256E+03,931.49424675205,985.30933186206));
#7492 = DIRECTION('',(0.,1.,0.));
#7493 = DIRECTION('',(0.,0.,1.));
#7494 = DEFINITIONAL_REPRESENTATION('',(#7495),#7499);
#7495 = LINE('',#7496,#7497);
#7496 = CARTESIAN_POINT('',(0.,0.));
#7497 = VECTOR('',#7498,1.);
#7498 = DIRECTION('',(1.,0.));
#7499 =(GEOMETRIC_REPRESENTATION_CONTEXT(2)PARAMETRIC_REPRESENTATION_CONTEXT()REPRESENTATION_CONTEXT('2D SPACE',''));
#7500 = ORIENTED_EDGE('',*,*,#7501,.F.);
#7501 = EDGE_CURVE('',#7413,#7474,#7502,.T.);
#7502 = SURFACE_CURVE('',#7503,(#7507,#7514),.PCURVE_S1.);
#7503 = LINE('',#7504,#7505);
#7504 = CARTESIAN_POINT('',(-1.256E+03,895.49424675205,1.165309331862E+03));
#7505 = VECTOR('',#7506,1.);
#7506 = DIRECTION('',(0.,1.,0.));
#7507 = PCURVE('',#7421,#7508);
#7508 = DEFINITIONAL_REPRESENTATION('',(#7509),#7513);
#7509 = LINE('',#7510,#7511);
#7510 = CARTESIAN_POINT('',(180.,0.));
#7511 = VECTOR('',#7512,1.);
#7512 = DIRECTION('',(0.,-1.));
#7513 =(GEOMETRIC_REPRESENTATION_CONTEXT(2)PARAMETRIC_REPRESENTATION_CONTEXT()REPRESENTATION_CONTEXT('2D SPACE',''));
#7514 = PCURVE('',#7515,#7520);
#7515 = PLANE('',#7516);
#7516 = AXIS2_PLACEMENT_3D('',#7517,#7518,#7519);
#7517 = CARTESIAN_POINT('',(-1.256E+03,895.49424675205,1.165309331862E+03));
#7518 = DIRECTION('',(0.,0.,1.));
#7519 = DIRECTION('',(1.,0.,0.));
#7520 = DEFINITIONAL_REPRESENTATION('',(#7521),#7525);
#7521 = LINE('',#7522,#7523);
#7522 = CARTESIAN_POINT('',(0.,0.));
#7523 = VECTOR('',#7524,1.);
#7524 = DIRECTION('',(0.,1.));
#7525 =(GEOMETRIC_REPRESENTATION_CONTEXT(2)PARAMETRIC_REPRESENTATION_CONTEXT()REPRESENTATION_CONTEXT('2D SPACE',''));
#7526 = ADVANCED_FACE('',(#7527),#7541,.T.);
#7527 = FACE_BOUND('',#7528,.T.);
#7528 = EDGE_LOOP('',(#7529,#7559,#7582,#7605));
#7529 = ORIENTED_EDGE('',*,*,#7530,.F.);
#7530 = EDGE_CURVE('',#7531,#7533,#7535,.T.);
#7531 = VERTEX_POINT('',#7532);
#7532 = CARTESIAN_POINT('',(0.,895.49424675205,985.30933186206));
#7533 = VERTEX_POINT('',#7534);
#7534 = CARTESIAN_POINT('',(0.,895.49424675205,1.165309331862E+03));
#7535 = SURFACE_CURVE('',#7536,(#7540,#7552),.PCURVE_S1.);
#7536 = LINE('',#7537,#7538);
#7537 = CARTESIAN_POINT('',(0.,895.49424675205,985.30933186206));
#7538 = VECTOR('',#7539,1.);
#7539 = DIRECTION('',(0.,0.,1.));
#7540 = PCURVE('',#7541,#7546);
#7541 = PLANE('',#7542);
#7542 = AXIS2_PLACEMENT_3D('',#7543,#7544,#7545);
#7543 = CARTESIAN_POINT('',(0.,895.49424675205,985.30933186206));
#7544 = DIRECTION('',(1.,0.,0.));
#7545 = DIRECTION('',(0.,0.,1.));
#7546 = DEFINITIONAL_REPRESENTATION('',(#7547),#7551);
#7547 = LINE('',#7548,#7549);
#7548 = CARTESIAN_POINT('',(0.,0.));
#7549 = VECTOR('',#7550,1.);
#7550 = DIRECTION('',(1.,0.));
#7551 =(GEOMETRIC_REPRESENTATION_CONTEXT(2)PARAMETRIC_REPRESENTATION_CONTEXT()REPRESENTATION_CONTEXT('2D SPACE',''));
#7552 = PCURVE('',#7433,#7553);
#7553 = DEFINITIONAL_REPRESENTATION('',(#7554),#7558);
#7554 = LINE('',#7555,#7556);
#7555 = CARTESIAN_POINT('',(0.,1.256E+03));
#7556 = VECTOR('',#7557,1.);
#7557 = DIRECTION('',(1.,0.));
#7558 =(GEOMETRIC_REPRESENTATION_CONTEXT(2)PARAMETRIC_REPRESENTATION_CONTEXT()REPRESENTATION_CONTEXT('2D SPACE',''));
#7559 = ORIENTED_EDGE('',*,*,#7560,.T.);
#7560 = EDGE_CURVE('',#7531,#7561,#7563,.T.);
#7561 = VERTEX_POINT('',#7562);
#7562 = CARTESIAN_POINT('',(0.,931.49424675205,985.30933186206));
#7563 = SURFACE_CURVE('',#7564,(#7568,#7575),.PCURVE_S1.);
#7564 = LINE('',#7565,#7566);
#7565 = CARTESIAN_POINT('',(0.,895.49424675205,985.30933186206));
#7566 = VECTOR('',#7567,1.);
#7567 = DIRECTION('',(0.,1.,0.));
#7568 = PCURVE('',#7541,#7569);
#7569 = DEFINITIONAL_REPRESENTATION('',(#7570),#7574);
#7570 = LINE('',#7571,#7572);
#7571 = CARTESIAN_POINT('',(0.,0.));
#7572 = VECTOR('',#7573,1.);
#7573 = DIRECTION('',(0.,-1.));
#7574 =(GEOMETRIC_REPRESENTATION_CONTEXT(2)PARAMETRIC_REPRESENTATION_CONTEXT()REPRESENTATION_CONTEXT('2D SPACE',''));
#7575 = PCURVE('',#7461,#7576);
#7576 = DEFINITIONAL_REPRESENTATION('',(#7577),#7581);
#7577 = LINE('',#7578,#7579);
#7578 = CARTESIAN_POINT('',(1.256E+03,0.));
#7579 = VECTOR('',#7580,1.);
#7580 = DIRECTION('',(0.,1.));
#7581 =(GEOMETRIC_REPRESENTATION_CONTEXT(2)PARAMETRIC_REPRESENTATION_CONTEXT()REPRESENTATION_CONTEXT('2D SPACE',''));
#7582 = ORIENTED_EDGE('',*,*,#7583,.T.);
#7583 = EDGE_CURVE('',#7561,#7584,#7586,.T.);
#7584 = VERTEX_POINT('',#7585);
#7585 = CARTESIAN_POINT('',(0.,931.49424675205,1.165309331862E+03));
#7586 = SURFACE_CURVE('',#7587,(#7591,#7598),.PCURVE_S1.);
#7587 = LINE('',#7588,#7589);
#7588 = CARTESIAN_POINT('',(0.,931.49424675205,985.30933186206));
#7589 = VECTOR('',#7590,1.);
#7590 = DIRECTION('',(0.,0.,1.));
#7591 = PCURVE('',#7541,#7592);
#7592 = DEFINITIONAL_REPRESENTATION('',(#7593),#7597);
#7593 = LINE('',#7594,#7595);
#7594 = CARTESIAN_POINT('',(0.,-36.));
#7595 = VECTOR('',#7596,1.);
#7596 = DIRECTION('',(1.,0.));
#7597 =(GEOMETRIC_REPRESENTATION_CONTEXT(2)PARAMETRIC_REPRESENTATION_CONTEXT()REPRESENTATION_CONTEXT('2D SPACE',''));
#7598 = PCURVE('',#7489,#7599);
#7599 = DEFINITIONAL_REPRESENTATION('',(#7600),#7604);
#7600 = LINE('',#7601,#7602);
#7601 = CARTESIAN_POINT('',(0.,1.256E+03));
#7602 = VECTOR('',#7603,1.);
#7603 = DIRECTION('',(1.,0.));
#7604 =(GEOMETRIC_REPRESENTATION_CONTEXT(2)PARAMETRIC_REPRESENTATION_CONTEXT()REPRESENTATION_CONTEXT('2D SPACE',''));
#7605 = ORIENTED_EDGE('',*,*,#7606,.F.);
#7606 = EDGE_CURVE('',#7533,#7584,#7607,.T.);
#7607 = SURFACE_CURVE('',#7608,(#7612,#7619),.PCURVE_S1.);
#7608 = LINE('',#7609,#7610);
#7609 = CARTESIAN_POINT('',(0.,895.49424675205,1.165309331862E+03));
#7610 = VECTOR('',#7611,1.);
#7611 = DIRECTION('',(0.,1.,0.));
#7612 = PCURVE('',#7541,#7613);
#7613 = DEFINITIONAL_REPRESENTATION('',(#7614),#7618);
#7614 = LINE('',#7615,#7616);
#7615 = CARTESIAN_POINT('',(180.,0.));
#7616 = VECTOR('',#7617,1.);
#7617 = DIRECTION('',(0.,-1.));
#7618 =(GEOMETRIC_REPRESENTATION_CONTEXT(2)PARAMETRIC_REPRESENTATION_CONTEXT()REPRESENTATION_CONTEXT('2D SPACE',''));
#7619 = PCURVE('',#7515,#7620);
#7620 = DEFINITIONAL_REPRESENTATION('',(#7621),#7625);
#7621 = LINE('',#7622,#7623);
#7622 = CARTESIAN_POINT('',(1.256E+03,0.));
#7623 = VECTOR('',#7624,1.);
#7624 = DIRECTION('',(0.,1.));
#7625 =(GEOMETRIC_REPRESENTATION_CONTEXT(2)PARAMETRIC_REPRESENTATION_CONTEXT()REPRESENTATION_CONTEXT('2D SPACE',''));
#7626 = ADVANCED_FACE('',(#7627),#7433,.F.);
#7627 = FACE_BOUND('',#7628,.F.);
#7628 = EDGE_LOOP('',(#7629,#7650,#7651,#7672));
#7629 = ORIENTED_EDGE('',*,*,#7630,.F.);
#7630 = EDGE_CURVE('',#7411,#7531,#7631,.T.);
#7631 = SURFACE_CURVE('',#7632,(#7636,#7643),.PCURVE_S1.);
#7632 = LINE('',#7633,#7634);
#7633 = CARTESIAN_POINT('',(-1.256E+03,895.49424675205,985.30933186206));
#7634 = VECTOR('',#7635,1.);
#7635 = DIRECTION('',(1.,0.,0.));
#7636 = PCURVE('',#7433,#7637);
#7637 = DEFINITIONAL_REPRESENTATION('',(#7638),#7642);
#7638 = LINE('',#7639,#7640);
#7639 = CARTESIAN_POINT('',(0.,0.));
#7640 = VECTOR('',#7641,1.);
#7641 = DIRECTION('',(0.,1.));
#7642 =(GEOMETRIC_REPRESENTATION_CONTEXT(2)PARAMETRIC_REPRESENTATION_CONTEXT()REPRESENTATION_CONTEXT('2D SPACE',''));
#7643 = PCURVE('',#7461,#7644);
#7644 = DEFINITIONAL_REPRESENTATION('',(#7645),#7649);
#7645 = LINE('',#7646,#7647);
#7646 = CARTESIAN_POINT('',(0.,0.));
#7647 = VECTOR('',#7648,1.);
#7648 = DIRECTION('',(1.,0.));
#7649 =(GEOMETRIC_REPRESENTATION_CONTEXT(2)PARAMETRIC_REPRESENTATION_CONTEXT()REPRESENTATION_CONTEXT('2D SPACE',''));
#7650 = ORIENTED_EDGE('',*,*,#7410,.T.);
#7651 = ORIENTED_EDGE('',*,*,#7652,.T.);
#7652 = EDGE_CURVE('',#7413,#7533,#7653,.T.);
#7653 = SURFACE_CURVE('',#7654,(#7658,#7665),.PCURVE_S1.);
#7654 = LINE('',#7655,#7656);
#7655 = CARTESIAN_POINT('',(-1.256E+03,895.49424675205,1.165309331862E+03));
#7656 = VECTOR('',#7657,1.);
#7657 = DIRECTION('',(1.,0.,0.));
#7658 = PCURVE('',#7433,#7659);
#7659 = DEFINITIONAL_REPRESENTATION('',(#7660),#7664);
#7660 = LINE('',#7661,#7662);
#7661 = CARTESIAN_POINT('',(180.,0.));
#7662 = VECTOR('',#7663,1.);
#7663 = DIRECTION('',(0.,1.));
#7664 =(GEOMETRIC_REPRESENTATION_CONTEXT(2)PARAMETRIC_REPRESENTATION_CONTEXT()REPRESENTATION_CONTEXT('2D SPACE',''));
#7665 = PCURVE('',#7515,#7666);
#7666 = DEFINITIONAL_REPRESENTATION('',(#7667),#7671);
#7667 = LINE('',#7668,#7669);
#7668 = CARTESIAN_POINT('',(0.,0.));
#7669 = VECTOR('',#7670,1.);
#7670 = DIRECTION('',(1.,0.));
#7671 =(GEOMETRIC_REPRESENTATION_CONTEXT(2)PARAMETRIC_REPRESENTATION_CONTEXT()REPRESENTATION_CONTEXT('2D SPACE',''));
#7672 = ORIENTED_EDGE('',*,*,#7530,.F.);
#7673 = ADVANCED_FACE('',(#7674),#7489,.T.);
#7674 = FACE_BOUND('',#7675,.T.);
#7675 = EDGE_LOOP('',(#7676,#7697,#7698,#7719));
#7676 = ORIENTED_EDGE('',*,*,#7677,.F.);
#7677 = EDGE_CURVE('',#7446,#7561,#7678,.T.);
#7678 = SURFACE_CURVE('',#7679,(#7683,#7690),.PCURVE_S1.);
#7679 = LINE('',#7680,#7681);
#7680 = CARTESIAN_POINT('',(-1.256E+03,931.49424675205,985.30933186206));
#7681 = VECTOR('',#7682,1.);
#7682 = DIRECTION('',(1.,0.,0.));
#7683 = PCURVE('',#7489,#7684);
#7684 = DEFINITIONAL_REPRESENTATION('',(#7685),#7689);
#7685 = LINE('',#7686,#7687);
#7686 = CARTESIAN_POINT('',(0.,0.));
#7687 = VECTOR('',#7688,1.);
#7688 = DIRECTION('',(0.,1.));
#7689 =(GEOMETRIC_REPRESENTATION_CONTEXT(2)PARAMETRIC_REPRESENTATION_CONTEXT()REPRESENTATION_CONTEXT('2D SPACE',''));
#7690 = PCURVE('',#7461,#7691);
#7691 = DEFINITIONAL_REPRESENTATION('',(#7692),#7696);
#7692 = LINE('',#7693,#7694);
#7693 = CARTESIAN_POINT('',(0.,36.));
#7694 = VECTOR('',#7695,1.);
#7695 = DIRECTION('',(1.,0.));
#7696 =(GEOMETRIC_REPRESENTATION_CONTEXT(2)PARAMETRIC_REPRESENTATION_CONTEXT()REPRESENTATION_CONTEXT('2D SPACE',''));
#7697 = ORIENTED_EDGE('',*,*,#7473,.T.);
#7698 = ORIENTED_EDGE('',*,*,#7699,.T.);
#7699 = EDGE_CURVE('',#7474,#7584,#7700,.T.);
#7700 = SURFACE_CURVE('',#7701,(#7705,#7712),.PCURVE_S1.);
#7701 = LINE('',#7702,#7703);
#7702 = CARTESIAN_POINT('',(-1.256E+03,931.49424675205,1.165309331862E+03));
#7703 = VECTOR('',#7704,1.);
#7704 = DIRECTION('',(1.,0.,0.));
#7705 = PCURVE('',#7489,#7706);
#7706 = DEFINITIONAL_REPRESENTATION('',(#7707),#7711);
#7707 = LINE('',#7708,#7709);
#7708 = CARTESIAN_POINT('',(180.,0.));
#7709 = VECTOR('',#7710,1.);
#7710 = DIRECTION('',(0.,1.));
#7711 =(GEOMETRIC_REPRESENTATION_CONTEXT(2)PARAMETRIC_REPRESENTATION_CONTEXT()REPRESENTATION_CONTEXT('2D SPACE',''));
#7712 = PCURVE('',#7515,#7713);
#7713 = DEFINITIONAL_REPRESENTATION('',(#7714),#7718);
#7714 = LINE('',#7715,#7716);
#7715 = CARTESIAN_POINT('',(0.,36.));
#7716 = VECTOR('',#7717,1.);
#7717 = DIRECTION('',(1.,0.));
#7718 =(GEOMETRIC_REPRESENTATION_CONTEXT(2)PARAMETRIC_REPRESENTATION_CONTEXT()REPRESENTATION_CONTEXT('2D SPACE',''));
#7719 = ORIENTED_EDGE('',*,*,#7583,.F.);
#7720 = ADVANCED_FACE('',(#7721),#7461,.F.);
#7721 = FACE_BOUND('',#7722,.F.);
#7722 = EDGE_LOOP('',(#7723,#7724,#7725,#7726));
#7723 = ORIENTED_EDGE('',*,*,#7445,.F.);
#7724 = ORIENTED_EDGE('',*,*,#7630,.T.);
#7725 = ORIENTED_EDGE('',*,*,#7560,.T.);
#7726 = ORIENTED_EDGE('',*,*,#7677,.F.);
#7727 = ADVANCED_FACE('',(#7728),#7515,.T.);
#7728 = FACE_BOUND('',#7729,.T.);
#7729 = EDGE_LOOP('',(#7730,#7731,#7732,#7733));
#7730 = ORIENTED_EDGE('',*,*,#7501,.F.);
#7731 = ORIENTED_EDGE('',*,*,#7652,.T.);
#7732 = ORIENTED_EDGE('',*,*,#7606,.T.);
#7733 = ORIENTED_EDGE('',*,*,#7699,.F.);
#7734 =(GEOMETRIC_REPRESENTATION_CONTEXT(3)GLOBAL_UNCERTAINTY_ASSIGNED_CONTEXT((#7738))GLOBAL_UNIT_ASSIGNED_CONTEXT((#7735,#7736,#7737))REPRESENTATION_CONTEXT('Context #1','3D Context with UNIT and UNCERTAINTY'));
#7735 =(LENGTH_UNIT()NAMED_UNIT(*)SI_UNIT(.MILLI.,.METRE.));
#7736 =(NAMED_UNIT(*)PLANE_ANGLE_UNIT()SI_UNIT($,.RADIAN.));
#7737 =(NAMED_UNIT(*)SI_UNIT($,.STERADIAN.)SOLID_ANGLE_UNIT());
#7738 = UNCERTAINTY_MEASURE_WITH_UNIT(LENGTH_MEASURE(1.E-07),#7735,'distance_accuracy_value','confusion accuracy');
#7739 = CONTEXT_DEPENDENT_SHAPE_REPRESENTATION(#7740,#7742);
#7740 =(REPRESENTATION_RELATIONSHIP('','',#7403,#10)REPRESENTATION_RELATIONSHIP_WITH_TRANSFORMATION(#7741)SHAPE_REPRESENTATION_RELATIONSHIP());
#7741 = ITEM_DEFINED_TRANSFORMATION('','',#11,#91);
#7742 = PRODUCT_DEFINITION_SHAPE('Placement','Placement of an item',#7743);
#7743 = NEXT_ASSEMBLY_USAGE_OCCURRENCE('20','rear_tie_top_left','',#5,#7398,$);
#7744 = PRODUCT_RELATED_PRODUCT_CATEGORY('part',$,(#7400));
#7745 = SHAPE_DEFINITION_REPRESENTATION(#7746,#7752);
#7746 = PRODUCT_DEFINITION_SHAPE('','',#7747);
#7747 = PRODUCT_DEFINITION('design','',#7748,#7751);
#7748 = PRODUCT_DEFINITION_FORMATION('','',#7749);
#7749 = PRODUCT('rear_tie_top_right','rear_tie_top_right','',(#7750));
#7750 = PRODUCT_CONTEXT('',#2,'mechanical');
#7751 = PRODUCT_DEFINITION_CONTEXT('part definition',#2,'design');
#7752 = ADVANCED_BREP_SHAPE_REPRESENTATION('',(#11,#7753),#8083);
#7753 = MANIFOLD_SOLID_BREP('',#7754);
#7754 = CLOSED_SHELL('',(#7755,#7875,#7975,#8022,#8069,#8076));
#7755 = ADVANCED_FACE('',(#7756),#7770,.F.);
#7756 = FACE_BOUND('',#7757,.F.);
#7757 = EDGE_LOOP('',(#7758,#7793,#7821,#7849));
#7758 = ORIENTED_EDGE('',*,*,#7759,.F.);
#7759 = EDGE_CURVE('',#7760,#7762,#7764,.T.);
#7760 = VERTEX_POINT('',#7761);
#7761 = CARTESIAN_POINT('',(0.,895.49424675205,985.30933186206));
#7762 = VERTEX_POINT('',#7763);
#7763 = CARTESIAN_POINT('',(0.,895.49424675205,1.165309331862E+03));
#7764 = SURFACE_CURVE('',#7765,(#7769,#7781),.PCURVE_S1.);
#7765 = LINE('',#7766,#7767);
#7766 = CARTESIAN_POINT('',(0.,895.49424675205,985.30933186206));
#7767 = VECTOR('',#7768,1.);
#7768 = DIRECTION('',(0.,0.,1.));
#7769 = PCURVE('',#7770,#7775);
#7770 = PLANE('',#7771);
#7771 = AXIS2_PLACEMENT_3D('',#7772,#7773,#7774);
#7772 = CARTESIAN_POINT('',(0.,895.49424675205,985.30933186206));
#7773 = DIRECTION('',(1.,0.,0.));
#7774 = DIRECTION('',(0.,0.,1.));
#7775 = DEFINITIONAL_REPRESENTATION('',(#7776),#7780);
#7776 = LINE('',#7777,#7778);
#7777 = CARTESIAN_POINT('',(0.,0.));
#7778 = VECTOR('',#7779,1.);
#7779 = DIRECTION('',(1.,0.));
#7780 =(GEOMETRIC_REPRESENTATION_CONTEXT(2)PARAMETRIC_REPRESENTATION_CONTEXT()REPRESENTATION_CONTEXT('2D SPACE',''));
#7781 = PCURVE('',#7782,#7787);
#7782 = PLANE('',#7783);
#7783 = AXIS2_PLACEMENT_3D('',#7784,#7785,#7786);
#7784 = CARTESIAN_POINT('',(0.,895.49424675205,985.30933186206));
#7785 = DIRECTION('',(0.,1.,0.));
#7786 = DIRECTION('',(0.,0.,1.));
#7787 = DEFINITIONAL_REPRESENTATION('',(#7788),#7792);
#7788 = LINE('',#7789,#7790);
#7789 = CARTESIAN_POINT('',(0.,0.));
#7790 = VECTOR('',#7791,1.);
#7791 = DIRECTION('',(1.,0.));
#7792 =(GEOMETRIC_REPRESENTATION_CONTEXT(2)PARAMETRIC_REPRESENTATION_CONTEXT()REPRESENTATION_CONTEXT('2D SPACE',''));
#7793 = ORIENTED_EDGE('',*,*,#7794,.T.);
#7794 = EDGE_CURVE('',#7760,#7795,#7797,.T.);
#7795 = VERTEX_POINT('',#7796);
#7796 = CARTESIAN_POINT('',(0.,931.49424675205,985.30933186206));
#7797 = SURFACE_CURVE('',#7798,(#7802,#7809),.PCURVE_S1.);
#7798 = LINE('',#7799,#7800);
#7799 = CARTESIAN_POINT('',(0.,895.49424675205,985.30933186206));
#7800 = VECTOR('',#7801,1.);
#7801 = DIRECTION('',(0.,1.,0.));
#7802 = PCURVE('',#7770,#7803);
#7803 = DEFINITIONAL_REPRESENTATION('',(#7804),#7808);
#7804 = LINE('',#7805,#7806);
#7805 = CARTESIAN_POINT('',(0.,0.));
#7806 = VECTOR('',#7807,1.);
#7807 = DIRECTION('',(0.,-1.));
#7808 =(GEOMETRIC_REPRESENTATION_CONTEXT(2)PARAMETRIC_REPRESENTATION_CONTEXT()REPRESENTATION_CONTEXT('2D SPACE',''));
#7809 = PCURVE('',#7810,#7815);
#7810 = PLANE('',#7811);
#7811 = AXIS2_PLACEMENT_3D('',#7812,#7813,#7814);
#7812 = CARTESIAN_POINT('',(0.,895.49424675205,985.30933186206));
#7813 = DIRECTION('',(0.,0.,1.));
#7814 = DIRECTION('',(1.,0.,0.));
#7815 = DEFINITIONAL_REPRESENTATION('',(#7816),#7820);
#7816 = LINE('',#7817,#7818);
#7817 = CARTESIAN_POINT('',(0.,0.));
#7818 = VECTOR('',#7819,1.);
#7819 = DIRECTION('',(0.,1.));
#7820 =(GEOMETRIC_REPRESENTATION_CONTEXT(2)PARAMETRIC_REPRESENTATION_CONTEXT()REPRESENTATION_CONTEXT('2D SPACE',''));
#7821 = ORIENTED_EDGE('',*,*,#7822,.T.);
#7822 = EDGE_CURVE('',#7795,#7823,#7825,.T.);
#7823 = VERTEX_POINT('',#7824);
#7824 = CARTESIAN_POINT('',(0.,931.49424675205,1.165309331862E+03));
#7825 = SURFACE_CURVE('',#7826,(#7830,#7837),.PCURVE_S1.);
#7826 = LINE('',#7827,#7828);
#7827 = CARTESIAN_POINT('',(0.,931.49424675205,985.30933186206));
#7828 = VECTOR('',#7829,1.);
#7829 = DIRECTION('',(0.,0.,1.));
#7830 = PCURVE('',#7770,#7831);
#7831 = DEFINITIONAL_REPRESENTATION('',(#7832),#7836);
#7832 = LINE('',#7833,#7834);
#7833 = CARTESIAN_POINT('',(0.,-36.));
#7834 = VECTOR('',#7835,1.);
#7835 = DIRECTION('',(1.,0.));
#7836 =(GEOMETRIC_REPRESENTATION_CONTEXT(2)PARAMETRIC_REPRESENTATION_CONTEXT()REPRESENTATION_CONTEXT('2D SPACE',''));
#7837 = PCURVE('',#7838,#7843);
#7838 = PLANE('',#7839);
#7839 = AXIS2_PLACEMENT_3D('',#7840,#7841,#7842);
#7840 = CARTESIAN_POINT('',(0.,931.49424675205,985.30933186206));
#7841 = DIRECTION('',(0.,1.,0.));
#7842 = DIRECTION('',(0.,0.,1.));
#7843 = DEFINITIONAL_REPRESENTATION('',(#7844),#7848);
#7844 = LINE('',#7845,#7846);
#7845 = CARTESIAN_POINT('',(0.,0.));
#7846 = VECTOR('',#7847,1.);
#7847 = DIRECTION('',(1.,0.));
#7848 =(GEOMETRIC_REPRESENTATION_CONTEXT(2)PARAMETRIC_REPRESENTATION_CONTEXT()REPRESENTATION_CONTEXT('2D SPACE',''));
#7849 = ORIENTED_EDGE('',*,*,#7850,.F.);
#7850 = EDGE_CURVE('',#7762,#7823,#7851,.T.);
#7851 = SURFACE_CURVE('',#7852,(#7856,#7863),.PCURVE_S1.);
#7852 = LINE('',#7853,#7854);
#7853 = CARTESIAN_POINT('',(0.,895.49424675205,1.165309331862E+03));
#7854 = VECTOR('',#7855,1.);
#7855 = DIRECTION('',(0.,1.,0.));
#7856 = PCURVE('',#7770,#7857);
#7857 = DEFINITIONAL_REPRESENTATION('',(#7858),#7862);
#7858 = LINE('',#7859,#7860);
#7859 = CARTESIAN_POINT('',(180.,0.));
#7860 = VECTOR('',#7861,1.);
#7861 = DIRECTION('',(0.,-1.));
#7862 =(GEOMETRIC_REPRESENTATION_CONTEXT(2)PARAMETRIC_REPRESENTATION_CONTEXT()REPRESENTATION_CONTEXT('2D SPACE',''));
#7863 = PCURVE('',#7864,#7869);
#7864 = PLANE('',#7865);
#7865 = AXIS2_PLACEMENT_3D('',#7866,#7867,#7868);
#7866 = CARTESIAN_POINT('',(0.,895.49424675205,1.165309331862E+03));
#7867 = DIRECTION('',(0.,0.,1.));
#7868 = DIRECTION('',(1.,0.,0.));
#7869 = DEFINITIONAL_REPRESENTATION('',(#7870),#7874);
#7870 = LINE('',#7871,#7872);
#7871 = CARTESIAN_POINT('',(0.,0.));
#7872 = VECTOR('',#7873,1.);
#7873 = DIRECTION('',(0.,1.));
#7874 =(GEOMETRIC_REPRESENTATION_CONTEXT(2)PARAMETRIC_REPRESENTATION_CONTEXT()REPRESENTATION_CONTEXT('2D SPACE',''));
#7875 = ADVANCED_FACE('',(#7876),#7890,.T.);
#7876 = FACE_BOUND('',#7877,.T.);
#7877 = EDGE_LOOP('',(#7878,#7908,#7931,#7954));
#7878 = ORIENTED_EDGE('',*,*,#7879,.F.);
#7879 = EDGE_CURVE('',#7880,#7882,#7884,.T.);
#7880 = VERTEX_POINT('',#7881);
#7881 = CARTESIAN_POINT('',(1.256E+03,895.49424675205,985.30933186206));
#7882 = VERTEX_POINT('',#7883);
#7883 = CARTESIAN_POINT('',(1.256E+03,895.49424675205,1.165309331862E+03));
#7884 = SURFACE_CURVE('',#7885,(#7889,#7901),.PCURVE_S1.);
#7885 = LINE('',#7886,#7887);
#7886 = CARTESIAN_POINT('',(1.256E+03,895.49424675205,985.30933186206));
#7887 = VECTOR('',#7888,1.);
#7888 = DIRECTION('',(0.,0.,1.));
#7889 = PCURVE('',#7890,#7895);
#7890 = PLANE('',#7891);
#7891 = AXIS2_PLACEMENT_3D('',#7892,#7893,#7894);
#7892 = CARTESIAN_POINT('',(1.256E+03,895.49424675205,985.30933186206));
#7893 = DIRECTION('',(1.,0.,0.));
#7894 = DIRECTION('',(0.,0.,1.));
#7895 = DEFINITIONAL_REPRESENTATION('',(#7896),#7900);
#7896 = LINE('',#7897,#7898);
#7897 = CARTESIAN_POINT('',(0.,0.));
#7898 = VECTOR('',#7899,1.);
#7899 = DIRECTION('',(1.,0.));
#7900 =(GEOMETRIC_REPRESENTATION_CONTEXT(2)PARAMETRIC_REPRESENTATION_CONTEXT()REPRESENTATION_CONTEXT('2D SPACE',''));
#7901 = PCURVE('',#7782,#7902);
#7902 = DEFINITIONAL_REPRESENTATION('',(#7903),#7907);
#7903 = LINE('',#7904,#7905);
#7904 = CARTESIAN_POINT('',(0.,1.256E+03));
#7905 = VECTOR('',#7906,1.);
#7906 = DIRECTION('',(1.,0.));
#7907 =(GEOMETRIC_REPRESENTATION_CONTEXT(2)PARAMETRIC_REPRESENTATION_CONTEXT()REPRESENTATION_CONTEXT('2D SPACE',''));
#7908 = ORIENTED_EDGE('',*,*,#7909,.T.);
#7909 = EDGE_CURVE('',#7880,#7910,#7912,.T.);
#7910 = VERTEX_POINT('',#7911);
#7911 = CARTESIAN_POINT('',(1.256E+03,931.49424675205,985.30933186206));
#7912 = SURFACE_CURVE('',#7913,(#7917,#7924),.PCURVE_S1.);
#7913 = LINE('',#7914,#7915);
#7914 = CARTESIAN_POINT('',(1.256E+03,895.49424675205,985.30933186206));
#7915 = VECTOR('',#7916,1.);
#7916 = DIRECTION('',(0.,1.,0.));
#7917 = PCURVE('',#7890,#7918);
#7918 = DEFINITIONAL_REPRESENTATION('',(#7919),#7923);
#7919 = LINE('',#7920,#7921);
#7920 = CARTESIAN_POINT('',(0.,0.));
#7921 = VECTOR('',#7922,1.);
#7922 = DIRECTION('',(0.,-1.));
#7923 =(GEOMETRIC_REPRESENTATION_CONTEXT(2)PARAMETRIC_REPRESENTATION_CONTEXT()REPRESENTATION_CONTEXT('2D SPACE',''));
#7924 = PCURVE('',#7810,#7925);
#7925 = DEFINITIONAL_REPRESENTATION('',(#7926),#7930);
#7926 = LINE('',#7927,#7928);
#7927 = CARTESIAN_POINT('',(1.256E+03,0.));
#7928 = VECTOR('',#7929,1.);
#7929 = DIRECTION('',(0.,1.));
#7930 =(GEOMETRIC_REPRESENTATION_CONTEXT(2)PARAMETRIC_REPRESENTATION_CONTEXT()REPRESENTATION_CONTEXT('2D SPACE',''));
#7931 = ORIENTED_EDGE('',*,*,#7932,.T.);
#7932 = EDGE_CURVE('',#7910,#7933,#7935,.T.);
#7933 = VERTEX_POINT('',#7934);
#7934 = CARTESIAN_POINT('',(1.256E+03,931.49424675205,1.165309331862E+03));
#7935 = SURFACE_CURVE('',#7936,(#7940,#7947),.PCURVE_S1.);
#7936 = LINE('',#7937,#7938);
#7937 = CARTESIAN_POINT('',(1.256E+03,931.49424675205,985.30933186206));
#7938 = VECTOR('',#7939,1.);
#7939 = DIRECTION('',(0.,0.,1.));
#7940 = PCURVE('',#7890,#7941);
#7941 = DEFINITIONAL_REPRESENTATION('',(#7942),#7946);
#7942 = LINE('',#7943,#7944);
#7943 = CARTESIAN_POINT('',(0.,-36.));
#7944 = VECTOR('',#7945,1.);
#7945 = DIRECTION('',(1.,0.));
#7946 =(GEOMETRIC_REPRESENTATION_CONTEXT(2)PARAMETRIC_REPRESENTATION_CONTEXT()REPRESENTATION_CONTEXT('2D SPACE',''));
#7947 = PCURVE('',#7838,#7948);
#7948 = DEFINITIONAL_REPRESENTATION('',(#7949),#7953);
#7949 = LINE('',#7950,#7951);
#7950 = CARTESIAN_POINT('',(0.,1.256E+03));
#7951 = VECTOR('',#7952,1.);
#7952 = DIRECTION('',(1.,0.));
#7953 =(GEOMETRIC_REPRESENTATION_CONTEXT(2)PARAMETRIC_REPRESENTATION_CONTEXT()REPRESENTATION_CONTEXT('2D SPACE',''));
#7954 = ORIENTED_EDGE('',*,*,#7955,.F.);
#7955 = EDGE_CURVE('',#7882,#7933,#7956,.T.);
#7956 = SURFACE_CURVE('',#7957,(#7961,#7968),.PCURVE_S1.);
#7957 = LINE('',#7958,#7959);
#7958 = CARTESIAN_POINT('',(1.256E+03,895.49424675205,1.165309331862E+03));
#7959 = VECTOR('',#7960,1.);
#7960 = DIRECTION('',(0.,1.,0.));
#7961 = PCURVE('',#7890,#7962);
#7962 = DEFINITIONAL_REPRESENTATION('',(#7963),#7967);
#7963 = LINE('',#7964,#7965);
#7964 = CARTESIAN_POINT('',(180.,0.));
#7965 = VECTOR('',#7966,1.);
#7966 = DIRECTION('',(0.,-1.));
#7967 =(GEOMETRIC_REPRESENTATION_CONTEXT(2)PARAMETRIC_REPRESENTATION_CONTEXT()REPRESENTATION_CONTEXT('2D SPACE',''));
#7968 = PCURVE('',#7864,#7969);
#7969 = DEFINITIONAL_REPRESENTATION('',(#7970),#7974);
#7970 = LINE('',#7971,#7972);
#7971 = CARTESIAN_POINT('',(1.256E+03,0.));
#7972 = VECTOR('',#7973,1.);
#7973 = DIRECTION('',(0.,1.));
#7974 =(GEOMETRIC_REPRESENTATION_CONTEXT(2)PARAMETRIC_REPRESENTATION_CONTEXT()REPRESENTATION_CONTEXT('2D SPACE',''));
#7975 = ADVANCED_FACE('',(#7976),#7782,.F.);
#7976 = FACE_BOUND('',#7977,.F.);
#7977 = EDGE_LOOP('',(#7978,#7999,#8000,#8021));
#7978 = ORIENTED_EDGE('',*,*,#7979,.F.);
#7979 = EDGE_CURVE('',#7760,#7880,#7980,.T.);
#7980 = SURFACE_CURVE('',#7981,(#7985,#7992),.PCURVE_S1.);
#7981 = LINE('',#7982,#7983);
#7982 = CARTESIAN_POINT('',(0.,895.49424675205,985.30933186206));
#7983 = VECTOR('',#7984,1.);
#7984 = DIRECTION('',(1.,0.,0.));
#7985 = PCURVE('',#7782,#7986);
#7986 = DEFINITIONAL_REPRESENTATION('',(#7987),#7991);
#7987 = LINE('',#7988,#7989);
#7988 = CARTESIAN_POINT('',(0.,0.));
#7989 = VECTOR('',#7990,1.);
#7990 = DIRECTION('',(0.,1.));
#7991 =(GEOMETRIC_REPRESENTATION_CONTEXT(2)PARAMETRIC_REPRESENTATION_CONTEXT()REPRESENTATION_CONTEXT('2D SPACE',''));
#7992 = PCURVE('',#7810,#7993);
#7993 = DEFINITIONAL_REPRESENTATION('',(#7994),#7998);
#7994 = LINE('',#7995,#7996);
#7995 = CARTESIAN_POINT('',(0.,0.));
#7996 = VECTOR('',#7997,1.);
#7997 = DIRECTION('',(1.,0.));
#7998 =(GEOMETRIC_REPRESENTATION_CONTEXT(2)PARAMETRIC_REPRESENTATION_CONTEXT()REPRESENTATION_CONTEXT('2D SPACE',''));
#7999 = ORIENTED_EDGE('',*,*,#7759,.T.);
#8000 = ORIENTED_EDGE('',*,*,#8001,.T.);
#8001 = EDGE_CURVE('',#7762,#7882,#8002,.T.);
#8002 = SURFACE_CURVE('',#8003,(#8007,#8014),.PCURVE_S1.);
#8003 = LINE('',#8004,#8005);
#8004 = CARTESIAN_POINT('',(0.,895.49424675205,1.165309331862E+03));
#8005 = VECTOR('',#8006,1.);
#8006 = DIRECTION('',(1.,0.,0.));
#8007 = PCURVE('',#7782,#8008);
#8008 = DEFINITIONAL_REPRESENTATION('',(#8009),#8013);
#8009 = LINE('',#8010,#8011);
#8010 = CARTESIAN_POINT('',(180.,0.));
#8011 = VECTOR('',#8012,1.);
#8012 = DIRECTION('',(0.,1.));
#8013 =(GEOMETRIC_REPRESENTATION_CONTEXT(2)PARAMETRIC_REPRESENTATION_CONTEXT()REPRESENTATION_CONTEXT('2D SPACE',''));
#8014 = PCURVE('',#7864,#8015);
#8015 = DEFINITIONAL_REPRESENTATION('',(#8016),#8020);
#8016 = LINE('',#8017,#8018);
#8017 = CARTESIAN_POINT('',(0.,0.));
#8018 = VECTOR('',#8019,1.);
#8019 = DIRECTION('',(1.,0.));
#8020 =(GEOMETRIC_REPRESENTATION_CONTEXT(2)PARAMETRIC_REPRESENTATION_CONTEXT()REPRESENTATION_CONTEXT('2D SPACE',''));
#8021 = ORIENTED_EDGE('',*,*,#7879,.F.);
#8022 = ADVANCED_FACE('',(#8023),#7838,.T.);
#8023 = FACE_BOUND('',#8024,.T.);
#8024 = EDGE_LOOP('',(#8025,#8046,#8047,#8068));
#8025 = ORIENTED_EDGE('',*,*,#8026,.F.);
#8026 = EDGE_CURVE('',#7795,#7910,#8027,.T.);
#8027 = SURFACE_CURVE('',#8028,(#8032,#8039),.PCURVE_S1.);
#8028 = LINE('',#8029,#8030);
#8029 = CARTESIAN_POINT('',(0.,931.49424675205,985.30933186206));
#8030 = VECTOR('',#8031,1.);
#8031 = DIRECTION('',(1.,0.,0.));
#8032 = PCURVE('',#7838,#8033);
#8033 = DEFINITIONAL_REPRESENTATION('',(#8034),#8038);
#8034 = LINE('',#8035,#8036);
#8035 = CARTESIAN_POINT('',(0.,0.));
#8036 = VECTOR('',#8037,1.);
#8037 = DIRECTION('',(0.,1.));
#8038 =(GEOMETRIC_REPRESENTATION_CONTEXT(2)PARAMETRIC_REPRESENTATION_CONTEXT()REPRESENTATION_CONTEXT('2D SPACE',''));
#8039 = PCURVE('',#7810,#8040);
#8040 = DEFINITIONAL_REPRESENTATION('',(#8041),#8045);
#8041 = LINE('',#8042,#8043);
#8042 = CARTESIAN_POINT('',(0.,36.));
#8043 = VECTOR('',#8044,1.);
#8044 = DIRECTION('',(1.,0.));
#8045 =(GEOMETRIC_REPRESENTATION_CONTEXT(2)PARAMETRIC_REPRESENTATION_CONTEXT()REPRESENTATION_CONTEXT('2D SPACE',''));
#8046 = ORIENTED_EDGE('',*,*,#7822,.T.);
#8047 = ORIENTED_EDGE('',*,*,#8048,.T.);
#8048 = EDGE_CURVE('',#7823,#7933,#8049,.T.);
#8049 = SURFACE_CURVE('',#8050,(#8054,#8061),.PCURVE_S1.);
#8050 = LINE('',#8051,#8052);
#8051 = CARTESIAN_POINT('',(0.,931.49424675205,1.165309331862E+03));
#8052 = VECTOR('',#8053,1.);
#8053 = DIRECTION('',(1.,0.,0.));
#8054 = PCURVE('',#7838,#8055);
#8055 = DEFINITIONAL_REPRESENTATION('',(#8056),#8060);
#8056 = LINE('',#8057,#8058);
#8057 = CARTESIAN_POINT('',(180.,0.));
#8058 = VECTOR('',#8059,1.);
#8059 = DIRECTION('',(0.,1.));
#8060 =(GEOMETRIC_REPRESENTATION_CONTEXT(2)PARAMETRIC_REPRESENTATION_CONTEXT()REPRESENTATION_CONTEXT('2D SPACE',''));
#8061 = PCURVE('',#7864,#8062);
#8062 = DEFINITIONAL_REPRESENTATION('',(#8063),#8067);
#8063 = LINE('',#8064,#8065);
#8064 = CARTESIAN_POINT('',(0.,36.));
#8065 = VECTOR('',#8066,1.);
#8066 = DIRECTION('',(1.,0.));
#8067 =(GEOMETRIC_REPRESENTATION_CONTEXT(2)PARAMETRIC_REPRESENTATION_CONTEXT()REPRESENTATION_CONTEXT('2D SPACE',''));
#8068 = ORIENTED_EDGE('',*,*,#7932,.F.);
#8069 = ADVANCED_FACE('',(#8070),#7810,.F.);
#8070 = FACE_BOUND('',#8071,.F.);
#8071 = EDGE_LOOP('',(#8072,#8073,#8074,#8075));
#8072 = ORIENTED_EDGE('',*,*,#7794,.F.);
#8073 = ORIENTED_EDGE('',*,*,#7979,.T.);
#8074 = ORIENTED_EDGE('',*,*,#7909,.T.);
#8075 = ORIENTED_EDGE('',*,*,#8026,.F.);
#8076 = ADVANCED_FACE('',(#8077),#7864,.T.);
#8077 = FACE_BOUND('',#8078,.T.);
#8078 = EDGE_LOOP('',(#8079,#8080,#8081,#8082));
#8079 = ORIENTED_EDGE('',*,*,#7850,.F.);
#8080 = ORIENTED_EDGE('',*,*,#8001,.T.);
#8081 = ORIENTED_EDGE('',*,*,#7955,.T.);
#8082 = ORIENTED_EDGE('',*,*,#8048,.F.);
#8083 =(GEOMETRIC_REPRESENTATION_CONTEXT(3)GLOBAL_UNCERTAINTY_ASSIGNED_CONTEXT((#8087))GLOBAL_UNIT_ASSIGNED_CONTEXT((#8084,#8085,#8086))REPRESENTATION_CONTEXT('Context #1','3D Context with UNIT and UNCERTAINTY'));
#8084 =(LENGTH_UNIT()NAMED_UNIT(*)SI_UNIT(.MILLI.,.METRE.));
#8085 =(NAMED_UNIT(*)PLANE_ANGLE_UNIT()SI_UNIT($,.RADIAN.));
#8086 =(NAMED_UNIT(*)SI_UNIT($,.STERADIAN.)SOLID_ANGLE_UNIT());
#8087 = UNCERTAINTY_MEASURE_WITH_UNIT(LENGTH_MEASURE(1.E-07),#8084,'distance_accuracy_value','confusion accuracy');
#8088 = CONTEXT_DEPENDENT_SHAPE_REPRESENTATION(#8089,#8091);
#8089 =(REPRESENTATION_RELATIONSHIP('','',#7752,#10)REPRESENTATION_RELATIONSHIP_WITH_TRANSFORMATION(#8090)SHAPE_REPRESENTATION_RELATIONSHIP());
#8090 = ITEM_DEFINED_TRANSFORMATION('','',#11,#95);
#8091 = PRODUCT_DEFINITION_SHAPE('Placement','Placement of an item',#8092);
#8092 = NEXT_ASSEMBLY_USAGE_OCCURRENCE('21','rear_tie_top_right','',#5,#7747,$);
#8093 = PRODUCT_RELATED_PRODUCT_CATEGORY('part',$,(#7749));
ENDSEC;
END-ISO-10303-21;
